accident_id,datetime,annee,mois,jour,heure,minute,departement,commune_insee,adresse,latitude,longitude,luminosite,agglomeration,intersection,meteo,collision,nb_vehicules,nb_usagers,nb_indemnes,nb_tues,nb_blesses_hosp,nb_blesses_legers,age_cond_1,age_cond_2,veh_type_cond_1,veh_type_cond_2,lum_code,agg_code,int_code,atm_code,col_code
200700000270,0007-01-09 12:30:00,7,1,9,12,30,500,332,,,,Plein jour,Hors agglomération,Hors intersection,Normale,Deux véhicules - côté,,,,,,,,,,,1,1,1,1,3
200700000271,0007-01-28 09:00:00,7,1,28,9,0,500,509,lieudit BEAUGUILLOT,,,Plein jour,Hors agglomération,Hors intersection,Temps couvert,Trois véhicules et plus - collisions multiples,,,,,,,,,,,1,1,1,8,5
200700000272,0007-01-10 19:30:00,7,1,10,19,30,500,395,,,,Nuit avec éclairage allumé,Hors agglomération,Hors intersection,Temps couvert,Deux véhicules - frontale,,,,,,,,,,,5,1,1,8,1
200700000273,0007-01-24 14:00:00,7,1,24,14,0,500,469,HAMEAU GAILLARD,,,Plein jour,En agglomération,Hors intersection,Pluie légère,Deux véhicules - frontale,,,,,,,,,,,1,2,1,2,1
200700000274,0007-01-02 13:00:00,7,1,2,13,0,500,464,La Mauvelière - CD 302,,,Plein jour,Hors agglomération,Hors intersection,Normale,Autre collision,,,,,,,,,,,1,1,1,1,6
200700000275,0007-01-19 17:45:00,7,1,19,17,45,500,573,,49.095,-1.488,Nuit sans éclairage public,Hors agglomération,Hors intersection,Normale,Deux véhicules - arrière,,,,,,,,,,,3,1,1,1,2
200700000276,0007-01-14 19:15:00,7,1,14,19,15,500,549,,48.844,-1.418,Nuit sans éclairage public,Hors agglomération,Hors intersection,Normale,Deux véhicules - frontale,,,,,,,,,,,3,1,1,1,1
200700000277,0007-01-12 23:00:00,7,1,12,23,0,500,365,,48.943,-1.488,Nuit sans éclairage public,Hors agglomération,Hors intersection,Normale,Deux véhicules - arrière,,,,,,,,,,,3,1,1,1,2
200700000278,0007-01-19 17:45:00,7,1,19,17,45,500,143,LA PLESSE,48.886,-1.529,Crépuscule ou aube,En agglomération,Hors intersection,Temps couvert,Trois véhicules et plus - en chaîne,,,,,,,,,,,2,2,1,8,4
200700000279,0007-01-28 14:00:00,7,1,28,14,0,500,388,,49.013,-1.458,Nuit sans éclairage public,Hors agglomération,Hors intersection,Normale,Deux véhicules - côté,,,,,,,,,,,3,1,1,1,3
200700000280,0007-01-31 08:15:00,7,1,31,8,15,500,198,,,,Plein jour,Hors agglomération,Hors intersection,Normale,Sans collision,,,,,,,,,,,1,1,1,1,7
200700000281,0007-01-02 17:45:00,7,1,2,17,45,500,625,,,,Nuit sans éclairage public,Hors agglomération,Hors intersection,Temps couvert,Autre collision,,,,,,,,,,,3,1,1,8,6
200700000282,0007-01-14 18:15:00,7,1,14,18,15,610,258,Rue de villeneuve,,,Nuit avec éclairage allumé,En agglomération,Hors intersection,Normale,Deux véhicules - côté,,,,,,,,,,,5,2,1,1,3
200700000283,0007-01-11 20:10:00,7,1,11,20,10,610,171,CD.13,,,Nuit sans éclairage public,Hors agglomération,Hors intersection,Pluie légère,Sans collision,,,,,,,,,,,3,1,1,2,7
200700000284,0007-01-07 19:00:00,7,1,7,19,0,610,124,Lieu-dit Sombreval,48.637,-0.493,Nuit sans éclairage public,Hors agglomération,Hors intersection,Pluie légère,Autre collision,,,,,,,,,,,3,1,1,2,6
200700000285,0007-01-21 17:45:00,7,1,21,17,45,610,380,,48.527,-0.553,Nuit sans éclairage public,Hors agglomération,Hors intersection,Normale,Sans collision,,,,,,,,,,,3,1,1,1,7
200700000286,0007-01-27 14:45:00,7,1,27,14,45,610,348,,,,Plein jour,Hors agglomération,Hors intersection,Normale,Trois véhicules et plus - collisions multiples,,,,,,,,,,,1,1,1,1,5
200700000287,0007-01-14 02:30:00,7,1,14,2,30,610,437,CD 5,,,Nuit sans éclairage public,Hors agglomération,Hors intersection,Pluie légère,Autre collision,,,,,,,,,,,3,1,1,2,6
200700000288,0007-01-14 05:30:00,7,1,14,5,30,610,79,Lieu dit les luptières,,,Nuit sans éclairage public,Hors agglomération,Hors intersection,Normale,Sans collision,,,,,,,,,,,3,1,1,1,7
200700000289,0007-01-01 16:30:00,7,1,1,16,30,610,406,,48.736,0.502,Plein jour,Hors agglomération,Hors intersection,Pluie légère,Deux véhicules - frontale,,,,,,,,,,,1,1,1,2,1
200700000290,0007-01-01 18:30:00,7,1,1,18,30,610,50,,,,Nuit sans éclairage public,Hors agglomération,Hors intersection,Pluie légère,Deux véhicules - arrière,,,,,,,,,,,3,1,1,2,2
200700000291,0007-01-14 11:50:00,7,1,14,11,50,610,61,"""Les Yvorins""",,,Plein jour,Hors agglomération,Intersection en T,Normale,Deux véhicules - arrière,,,,,,,,,,,1,1,3,1,2
200700000292,0007-01-20 20:55:00,7,1,20,20,55,610,247,918 intersection cd 291,,,Nuit sans éclairage public,Hors agglomération,Intersection en X,Normale,Deux véhicules - côté,,,,,,,,,,,3,1,2,1,3
200700000293,0007-01-27 12:00:00,7,1,27,12,0,610,46,le grand Boulay,,,Plein jour,Hors agglomération,Hors intersection,Normale,Deux véhicules - côté,,,,,,,,,,,1,1,1,1,3
200700000294,0007-01-27 20:45:00,7,1,27,20,45,610,395,,,,Nuit sans éclairage public,Hors agglomération,Hors intersection,Normale,Sans collision,,,,,,,,,,,3,1,1,1,7
200700000295,0007-01-09 07:30:00,7,1,9,7,30,440,204,5 rue des ponts,,,Nuit sans éclairage public,En agglomération,Hors intersection,Pluie légère,Autre collision,,,,,,,,,,,3,2,1,2,6
200700000296,0007-01-05 01:10:00,7,1,5,1,10,440,26,section CD 723 et CD 337,,,Nuit avec éclairage allumé,Hors agglomération,Hors intersection,Normale,Deux véhicules - côté,,,,,,,,,,,5,1,1,1,3
200700000297,0007-01-23 10:30:00,7,1,23,10,30,440,26,RUE JEAN ROUXEL,47.303,-1.505,Plein jour,En agglomération,Hors intersection,Normale,Deux véhicules - arrière,,,,,,,,,,,1,2,1,1,2
200700000298,0007-01-25 10:45:00,7,1,25,10,45,440,14,,47.1,-1.531,Plein jour,Hors agglomération,Hors intersection,Normale,Autre collision,,,,,,,,,,,1,1,1,1,6
200700000299,0007-01-09 07:15:00,7,1,9,7,15,440,3,Avenue du Pont de Biais,47.373,-1.18,Nuit avec éclairage allumé,En agglomération,Hors intersection,Pluie légère,Deux véhicules - arrière,,,,,,,,,,,5,2,1,2,2
200700000300,0007-01-25 20:45:00,7,1,25,20,45,440,4,,47.382,-1.121,Nuit sans éclairage public,Hors agglomération,Hors intersection,Normale,Autre collision,,,,,,,,,,,3,1,1,1,6
200700000301,0007-01-26 23:15:00,7,1,26,23,15,440,213,,47.398,-1.026,Nuit sans éclairage public,Hors agglomération,Hors intersection,Temps couvert,Autre collision,,,,,,,,,,,3,1,1,8,6
200700000302,0007-01-27 03:30:00,7,1,27,3,30,440,96,lieu dit la CHEPERIE,47.439,-1.239,Nuit sans éclairage public,Hors agglomération,Hors intersection,Temps couvert,Autre collision,,,,,,,,,,,3,1,1,8,6
200700000303,0007-01-30 03:15:00,7,1,30,3,15,440,3,129 rue de Chateaubriant,,,Nuit avec éclairage allumé,En agglomération,Hors intersection,Normale,Autre collision,,,,,,,,,,,5,2,1,1,6
200700000304,0007-01-05 20:45:00,7,1,5,20,45,440,169,,,,Nuit sans éclairage public,Hors agglomération,Hors intersection,Pluie légère,Autre collision,,,,,,,,,,,3,1,1,2,6
200700000305,0007-01-20 20:30:00,7,1,20,20,30,440,212,,,,Nuit sans éclairage public,Hors agglomération,Hors intersection,Pluie légère,Autre collision,,,,,,,,,,,3,1,1,2,6
200700000306,0007-01-01 17:45:00,7,1,1,17,45,440,107,Le Boulay,47.434,-1.334,Nuit avec éclairage allumé,En agglomération,Hors intersection,Pluie légère,Autre collision,,,,,,,,,,,5,2,1,2,6
200700000307,0007-01-14 07:15:00,7,1,14,7,15,440,54,,47.669,-1.352,Nuit sans éclairage public,Hors agglomération,Hors intersection,Normale,Autre collision,,,,,,,,,,,3,1,1,1,6
200700000308,0007-01-20 13:45:00,7,1,20,13,45,440,200,1 rue de la Fontaine,47.818,-1.469,Plein jour,En agglomération,Hors intersection,Neige / grêle,Autre collision,,,,,,,,,,,1,2,1,4,6
200700000309,0007-01-10 17:15:00,7,1,10,17,15,440,44,,,,Plein jour,Hors agglomération,Hors intersection,Normale,Deux véhicules - côté,,,,,,,,,,,1,1,1,1,3
200700000310,0007-01-11 17:30:00,7,1,11,17,30,440,67,,47.622,-1.858,Plein jour,Hors agglomération,Hors intersection,Vent fort / tempête,Autre collision,,,,,,,,,,,1,1,1,6,6
200700000311,0007-01-06 15:15:00,7,1,6,15,15,440,179,,47.355,-1.419,Plein jour,Hors agglomération,Hors intersection,Pluie légère,Trois véhicules et plus - en chaîne,,,,,,,,,,,1,1,1,2,4
200700000312,0007-01-16 09:45:00,7,1,16,9,45,440,179,,,,Plein jour,Hors agglomération,Hors intersection,Normale,Autre collision,,,,,,,,,,,1,1,1,1,6
200700000313,0007-01-29 12:30:00,7,1,29,12,30,440,113,,47.607,-1.561,Plein jour,Hors agglomération,Hors intersection,Normale,Deux véhicules - arrière,,,,,,,,,,,1,1,1,1,2
200700000314,0007-01-10 07:15:00,7,1,10,7,15,440,39,,47.193,-1.824,Nuit sans éclairage public,Hors agglomération,Intersection en T,Pluie légère,Deux véhicules - arrière,,,,,,,,,,,3,1,3,2,2
200700000315,0007-01-25 16:30:00,7,1,25,16,30,440,126,rue de préfailles,,,Plein jour,En agglomération,Hors intersection,Temps éblouissant,Autre collision,,,,,,,,,,,1,2,1,7,6
200700000316,0007-01-10 10:45:00,7,1,10,10,45,440,211,,,,Plein jour,En agglomération,Giratoire,Temps couvert,Deux véhicules - côté,,,,,,,,,,,1,2,6,8,3
200700000317,0007-01-27 07:00:00,7,1,27,7,0,440,69,rue du ber,47.302,-2.416,Nuit sans éclairage public,En agglomération,Hors intersection,Normale,Deux véhicules - frontale,,,,,,,,,,,3,2,1,1,1
200700000318,0007-01-27 19:00:00,7,1,27,19,0,440,211,CD 92 LIEU DIT Kérignon,,,Crépuscule ou aube,Hors agglomération,Hors intersection,Normale,Autre collision,,,,,,,,,,,2,1,1,1,6
200700000319,0007-01-12 19:00:00,7,1,12,19,0,440,139,,,,Nuit sans éclairage public,Hors agglomération,Hors intersection,Normale,Trois véhicules et plus - collisions multiples,,,,,,,,,,,3,1,1,1,5
200700000320,0007-01-13 16:45:00,7,1,13,16,45,440,161,,,,Plein jour,Hors agglomération,Hors intersection,Pluie légère,Deux véhicules - côté,,,,,,,,,,,1,1,1,2,3
200700000321,0007-01-20 21:15:00,7,1,20,21,15,440,194,,,,Nuit sans éclairage public,Hors agglomération,Hors intersection,Temps couvert,Autre collision,,,,,,,,,,,3,1,1,8,6
200700000322,0007-01-28 09:15:00,7,1,28,9,15,440,158,RUE DE NANTES,47.282,-1.78,Plein jour,En agglomération,Hors intersection,Normale,Deux véhicules - frontale,,,,,,,,,,,1,2,1,1,1
200700000323,0007-01-21 15:00:00,7,1,21,15,0,440,25,,,,Plein jour,Hors agglomération,Hors intersection,Normale,Deux véhicules - frontale,,,,,,,,,,,1,1,1,1,1
200700000324,0007-01-10 07:30:00,7,1,10,7,30,490,278,,,,Crépuscule ou aube,Hors agglomération,Hors intersection,Normale,Deux véhicules - frontale,,,,,,,,,,,2,1,1,1,1
200700000325,0007-01-13 20:15:00,7,1,13,20,15,490,194,,47.455,-0.263,Nuit sans éclairage public,Hors agglomération,Hors intersection,Temps couvert,Deux véhicules - côté,,,,,,,,,,,3,1,1,8,3
200700000326,0007-01-07 10:45:00,7,1,7,10,45,490,22,,47.339,-0.589,Plein jour,Hors agglomération,Giratoire,Pluie légère,Sans collision,,,,,,,,,,,1,1,6,2,7
200700000327,0007-01-12 19:45:00,7,1,12,19,45,490,167,Route du plessis,47.41,-0.484,Nuit avec éclairage non allumé,En agglomération,Hors intersection,Normale,Deux véhicules - frontale,,,,,,,,,,,4,2,1,1,1
200700000328,0007-01-13 20:00:00,7,1,13,20,0,490,338,,47.376,-0.525,Nuit sans éclairage public,Hors agglomération,Hors intersection,Normale,Autre collision,,,,,,,,,,,3,1,1,1,6
200700000329,0007-01-06 15:00:00,7,1,6,15,0,490,238,RUE DU PREHAUT,47.524,-0.469,Plein jour,En agglomération,Intersection en X,Normale,Deux véhicules - côté,,,,,,,,,,,1,2,2,1,3
200700000330,0007-01-10 18:15:00,7,1,10,18,15,490,4,,47.473,-0.376,Nuit sans éclairage public,Hors agglomération,Hors intersection,Pluie légère,Deux véhicules - frontale,,,,,,,,,,,3,1,1,2,1
200700000331,0007-01-27 18:00:00,7,1,27,18,0,490,307,,,,Plein jour,Hors agglomération,Hors intersection,Normale,Deux véhicules - arrière,,,,,,,,,,,1,1,1,1,2
200700000332,0007-01-16 07:00:00,7,1,16,7,0,490,247,rue Marie Barbarin,,,Nuit avec éclairage allumé,En agglomération,Intersection en X,Normale,Deux véhicules - côté,,,,,,,,,,,5,2,2,1,3
200700000333,0007-01-10 15:45:00,7,1,10,15,45,490,283,,,,Plein jour,Hors agglomération,Intersection en X,Pluie légère,Deux véhicules - côté,,,,,,,,,,,1,1,2,2,3
200700000334,0007-01-18 08:15:00,7,1,18,8,15,490,220,les chintres,,,Crépuscule ou aube,Hors agglomération,Hors intersection,Vent fort / tempête,Deux véhicules - arrière,,,,,,,,,,,2,1,1,6,2
200700000335,0007-01-06 07:15:00,7,1,6,7,15,490,27,,,,Nuit sans éclairage public,Hors agglomération,Hors intersection,Temps couvert,Deux véhicules - frontale,,,,,,,,,,,3,1,1,8,1
200700000336,0007-01-08 17:30:00,7,1,8,17,30,490,204,RUE NATIONALE,,,Nuit avec éclairage allumé,En agglomération,Hors intersection,Pluie légère,Autre collision,,,,,,,,,,,5,2,1,2,6
200700000337,0007-01-14 09:45:00,7,1,14,9,45,490,145,24 RUE NOTRE DAME,47.285,-1.125,Plein jour,En agglomération,Hors intersection,Normale,Autre collision,,,,,,,,,,,1,2,1,1,6
200700000338,0007-01-17 17:30:00,7,1,17,17,30,490,316,"Lieu dit ""La rouillière""",47.256,-1.064,Nuit sans éclairage public,Hors agglomération,Hors intersection,Pluie forte,Sans collision,,,,,,,,,,,3,1,1,3,7
200700000339,0007-01-30 06:00:00,7,1,30,6,0,490,316,RUE DE VENDEE,,,Nuit avec éclairage allumé,En agglomération,Hors intersection,Temps couvert,Autre collision,,,,,,,,,,,5,2,1,8,6
200700000340,0007-01-06 09:30:00,7,1,6,9,30,490,31,,47.522,-0.079,Plein jour,Hors agglomération,Hors intersection,Normale,Sans collision,,,,,,,,,,,1,1,1,1,7
200700000341,0007-01-25 10:30:00,7,1,25,10,30,490,303,"lieu dit ""La Pâture""",,,Plein jour,Hors agglomération,Hors intersection,Neige / grêle,Sans collision,,,,,,,,,,,1,1,1,4,7
200700000342,0007-01-14 17:45:00,7,1,14,17,45,490,373,Rue des Courtils,,,Crépuscule ou aube,En agglomération,Hors intersection,Normale,Deux véhicules - côté,,,,,,,,,,,2,2,1,1,3
200700000343,0007-01-27 16:30:00,7,1,27,16,30,490,370,,,,Plein jour,Hors agglomération,Hors intersection,Normale,Deux véhicules - arrière,,,,,,,,,,,1,1,1,1,2
200700000344,0007-01-13 01:30:00,7,1,13,1,30,490,45,,47.342,0.056,Nuit sans éclairage public,Hors agglomération,Hors intersection,Normale,Deux véhicules - frontale,,,,,,,,,,,3,1,1,1,1
200700000345,0007-01-08 16:45:00,7,1,8,16,45,490,277,,,,Plein jour,Hors agglomération,Hors intersection,Pluie forte,Deux véhicules - côté,,,,,,,,,,,1,1,1,3,3
200700000346,0007-01-15 07:45:00,7,1,15,7,45,490,248,bvd du champ de foire,,,Nuit avec éclairage allumé,En agglomération,Hors intersection,Normale,Deux véhicules - frontale,,,,,,,,,,,5,2,1,1,1
200700000347,0007-01-05 17:15:00,7,1,5,17,15,490,26,,47.508,-0.802,Crépuscule ou aube,En agglomération,Hors intersection,Pluie légère,Autre collision,,,,,,,,,,,2,2,1,2,6
200700000348,0007-01-13 18:00:00,7,1,13,18,0,490,132,,47.679,-0.467,Nuit sans éclairage public,Hors agglomération,Hors intersection,Pluie légère,Deux véhicules - arrière,,,,,,,,,,,3,1,1,2,2
200700000349,0007-01-19 13:15:00,7,1,19,13,15,490,347,,47.626,-0.466,Plein jour,Hors agglomération,Hors intersection,Normale,Deux véhicules - frontale,,,,,,,,,,,1,1,1,1,1
200700000350,0007-01-22 19:00:00,7,1,22,19,0,530,1,,48.04,-0.898,Nuit sans éclairage public,Hors agglomération,Intersection en X,Normale,Deux véhicules - côté,,,,,,,,,,,3,1,2,1,3
200700000351,0007-01-11 19:15:00,7,1,11,19,15,530,140,,48.156,-0.695,Nuit sans éclairage public,Hors agglomération,Autre intersection,Pluie légère,Autre collision,,,,,,,,,,,3,1,9,2,6
200700000352,0007-01-14 18:30:00,7,1,14,18,30,530,152,,47.961,-0.565,Nuit sans éclairage public,Hors agglomération,Hors intersection,Normale,Deux véhicules - frontale,,,,,,,,,,,3,1,1,1,1
200700000353,0007-01-09 11:00:00,7,1,9,11,0,530,258,,,,Plein jour,Hors agglomération,Intersection en X,Normale,Deux véhicules - côté,,,,,,,,,,,1,1,2,1,3
200700000354,0007-01-08 12:05:00,7,1,8,12,5,530,147,"es , face garage citroen",,,Plein jour,En agglomération,Autre intersection,Pluie légère,Trois véhicules et plus - en chaîne,,,,,,,,,,,1,2,9,2,4
200700000355,0007-01-29 16:15:00,7,1,29,16,15,530,109,,48.285,-0.444,Plein jour,Hors agglomération,Hors intersection,Normale,Deux véhicules - côté,,,,,,,,,,,1,1,1,1,3
200700000356,0007-01-17 16:00:00,7,1,17,16,0,530,96,"RN 12  , 25 avenue de PA",48.3,-0.922,Plein jour,En agglomération,Hors intersection,Pluie forte,Deux véhicules - côté,,,,,,,,,,,1,2,1,3,3
200700000357,0007-01-26 17:45:00,7,1,26,17,45,530,96,Rue ST DENIS GASTINES,,,Plein jour,En agglomération,Hors intersection,Neige / grêle,Deux véhicules - frontale,,,,,,,,,,,1,2,1,4,1
200700000358,0007-01-17 19:45:00,7,1,17,19,45,720,231,3 route de Challes,,,Nuit avec éclairage allumé,En agglomération,Hors intersection,Pluie forte,Deux véhicules - arrière,,,,,,,,,,,5,2,1,3,2
200700000359,0007-01-28 03:45:00,7,1,28,3,45,720,213,ière Rte des Hunaudières,,,Nuit sans éclairage public,Hors agglomération,Hors intersection,Brouillard / fumée,Deux véhicules - frontale,,,,,,,,,,,3,1,1,5,1
200700000360,0007-01-31 17:00:00,7,1,31,17,0,720,47,,,,Plein jour,Hors agglomération,Hors intersection,Normale,Deux véhicules - arrière,,,,,,,,,,,1,1,1,1,2
200700000361,0007-01-04 18:45:00,7,1,4,18,45,720,42,,,,Nuit sans éclairage public,Hors agglomération,Hors intersection,Normale,Trois véhicules et plus - collisions multiples,,,,,,,,,,,3,1,1,1,5
200700000362,0007-01-11 16:45:00,7,1,11,16,45,720,373,route de melleray,,,Plein jour,En agglomération,Intersection en T,Pluie légère,Deux véhicules - côté,,,,,,,,,,,1,2,3,2,3
200700000363,0007-01-14 19:45:00,7,1,14,19,45,720,147,rue du Mans,48.117,0.196,Nuit avec éclairage allumé,En agglomération,Hors intersection,Normale,Deux véhicules - frontale,,,,,,,,,,,5,2,1,1,1
200700000364,0007-01-19 20:00:00,7,1,19,20,0,720,310,,48.037,0.196,Nuit sans éclairage public,Hors agglomération,Hors intersection,Pluie légère,Autre collision,,,,,,,,,,,3,1,1,2,6
200700000365,0007-01-12 07:00:00,7,1,12,7,0,720,73,50 ROUTE NATIONALE,48.029,0.072,Nuit avec éclairage allumé,En agglomération,Hors intersection,Temps couvert,Autre collision,,,,,,,,,,,5,2,1,8,6
200700000366,0007-01-27 19:45:00,7,1,27,19,45,720,75,,47.924,-0.006,Nuit sans éclairage public,Hors agglomération,Hors intersection,Brouillard / fumée,Deux véhicules - frontale,,,,,,,,,,,3,1,1,5,1
200700000367,0007-01-20 08:15:00,7,1,20,8,15,720,25,,,,Nuit sans éclairage public,Hors agglomération,Hors intersection,Normale,Deux véhicules - frontale,,,,,,,,,,,3,1,1,1,1
200700000368,0007-01-10 13:30:00,7,1,10,13,30,720,195,routes des clairets,,,Plein jour,Hors agglomération,Intersection en X,Pluie légère,Deux véhicules - côté,,,,,,,,,,,1,1,2,2,3
200700000369,0007-01-16 09:15:00,7,1,16,9,15,720,264,rue d'Erve,,,Plein jour,En agglomération,Hors intersection,Normale,Trois véhicules et plus - collisions multiples,,,,,,,,,,,1,2,1,1,5
200700000370,0007-01-03 15:30:00,7,1,3,15,30,720,39,,48.179,0.428,Plein jour,En agglomération,Intersection en X,Normale,Deux véhicules - côté,,,,,,,,,,,1,2,2,1,3
200700000371,0007-01-05 14:45:00,7,1,5,14,45,720,276,,48.275,0.453,Plein jour,Hors agglomération,Hors intersection,Normale,Deux véhicules - frontale,,,,,,,,,,,1,1,1,1,1
200700000372,0007-01-08 18:15:00,7,1,8,18,15,720,88,,48.199,0.231,Nuit sans éclairage public,Hors agglomération,Hors intersection,Pluie légère,Autre collision,,,,,,,,,,,3,1,1,2,6
200700000373,0007-01-08 20:45:00,7,1,8,20,45,720,295,,48.355,0.337,Nuit sans éclairage public,Hors agglomération,Hors intersection,Normale,Deux véhicules - frontale,,,,,,,,,,,3,1,1,1,1
200700000374,0007-01-11 18:00:00,7,1,11,18,0,720,180,64 BIS RUE GODARD,48.356,0.367,Nuit avec éclairage allumé,En agglomération,Hors intersection,Pluie forte,Autre collision,,,,,,,,,,,5,2,1,3,6
200700000375,0007-01-14 17:00:00,7,1,14,17,0,720,180,Rue du fort,48.355,0.375,Plein jour,En agglomération,Hors intersection,Normale,Deux véhicules - frontale,,,,,,,,,,,1,2,1,1,1
200700000376,0007-01-05 09:45:00,7,1,5,9,45,720,267,,,,Plein jour,Hors agglomération,Autre intersection,Pluie légère,Deux véhicules - frontale,,,,,,,,,,,1,1,9,2,1
200700000377,0007-01-04 10:00:00,7,1,4,10,0,720,209,,48.254,-0.03,Plein jour,Hors agglomération,Hors intersection,Pluie légère,Deux véhicules - frontale,,,,,,,,,,,1,1,1,2,1
200700000378,0007-01-31 16:30:00,7,1,31,16,30,720,337,,48.321,-0.041,Plein jour,Hors agglomération,Hors intersection,Normale,Sans collision,,,,,,,,,,,1,1,1,1,7
200700000379,0007-01-05 06:30:00,7,1,5,6,30,850,165,,46.766,-1.102,Nuit sans éclairage public,Hors agglomération,Hors intersection,Normale,Deux véhicules - frontale,,,,,,,,,,,3,1,1,1,1
200700000380,0007-01-09 04:15:00,7,1,9,4,15,850,65,,,,Nuit sans éclairage public,Hors agglomération,Hors intersection,Pluie légère,Deux véhicules - frontale,,,,,,,,,,,3,1,1,2,1
200700000381,0007-01-16 13:45:00,7,1,16,13,45,850,38,Malville,,,Plein jour,Hors agglomération,Hors intersection,Normale,Deux véhicules - frontale,,,,,,,,,,,1,1,1,1,1
200700000382,0007-01-27 12:45:00,7,1,27,12,45,850,220,,46.73,-1.037,Plein jour,Hors agglomération,Hors intersection,Temps couvert,Deux véhicules - frontale,,,,,,,,,,,1,1,1,8,1
200700000383,0007-01-21 13:26:00,7,1,21,13,26,850,242,La Traverserie,,,Plein jour,Hors agglomération,Hors intersection,Normale,Autre collision,,,,,,,,,,,1,1,1,1,6
200700000384,0007-01-25 17:35:00,7,1,25,17,35,850,92,Av. François Mitterand,46.462,-0.799,Crépuscule ou aube,En agglomération,Hors intersection,Neige / grêle,Sans collision,,,,,,,,,,,2,2,1,4,7
200700000385,0007-01-22 22:30:00,7,1,22,22,30,850,292,,46.62,-0.86,Nuit sans éclairage public,Hors agglomération,Hors intersection,Normale,Sans collision,,,,,,,,,,,3,1,1,1,7
200700000386,0007-01-08 20:45:00,7,1,8,20,45,850,204,,,,Nuit sans éclairage public,Hors agglomération,Hors intersection,Pluie légère,Deux véhicules - frontale,,,,,,,,,,,3,1,1,2,1
200700000387,0007-01-13 12:00:00,7,1,13,12,0,850,47,Rue Denis Papin,,,Plein jour,En agglomération,Intersection en T,Temps couvert,Deux véhicules - côté,,,,,,,,,,,1,2,3,8,3
200700000388,0007-01-15 13:15:00,7,1,15,13,15,850,204,,,,Plein jour,Hors agglomération,Hors intersection,Normale,Deux véhicules - côté,,,,,,,,,,,1,1,1,1,3
200700000389,0007-01-15 15:45:00,7,1,15,15,45,850,47,,,,Plein jour,Hors agglomération,Hors intersection,Normale,Deux véhicules - frontale,,,,,,,,,,,1,1,1,1,1
200700000390,0007-01-15 21:00:00,7,1,15,21,0,850,55,Impasse de la Houchette,,,Nuit avec éclairage allumé,En agglomération,Hors intersection,Normale,Deux véhicules - frontale,,,,,,,,,,,5,2,1,1,1
200700000391,0007-01-14 19:45:00,7,1,14,19,45,850,112,07 rue des aubépines,46.568,-1.771,Nuit avec éclairage allumé,En agglomération,Hors intersection,Normale,Autre collision,,,,,,,,,,,5,2,1,1,6
200700000392,0007-01-21 03:30:00,7,1,21,3,30,850,222,Avenue de la mer,46.7,-1.954,Nuit avec éclairage allumé,En agglomération,Hors intersection,Normale,Autre collision,,,,,,,,,,,5,2,1,1,6
200700000393,0007-01-22 12:10:00,7,1,22,12,10,850,35,", à hauteur de la rue",,,Plein jour,Hors agglomération,Hors intersection,Normale,Deux véhicules - côté,,,,,,,,,,,1,1,1,1,3
200700000394,0007-01-03 11:00:00,7,1,3,11,0,850,284,route de Challans,,,Plein jour,En agglomération,Hors intersection,Normale,Trois véhicules et plus - en chaîne,,,,,,,,,,,1,2,1,1,4
200700000395,0007-01-24 23:45:00,7,1,24,23,45,850,172,Le Fenouil,,,Nuit avec éclairage allumé,Hors agglomération,Hors intersection,Temps couvert,Deux véhicules - frontale,,,,,,,,,,,5,1,1,8,1
200700000396,0007-01-17 10:30:00,7,1,17,10,30,850,231,16  rue DELATTRE DE TASS,46.453,-1.521,Plein jour,En agglomération,Intersection en Y,Normale,Deux véhicules - frontale,,,,,,,,,,,1,2,4,1,1
200700000397,0007-01-19 21:00:00,7,1,19,21,0,850,114,rue fief de l abesse,,,Nuit avec éclairage allumé,En agglomération,Hors intersection,Pluie légère,Sans collision,,,,,,,,,,,5,2,1,2,7
200700000398,0007-01-28 11:45:00,7,1,28,11,45,850,116,la cigogne,,,Plein jour,Hors agglomération,Hors intersection,Brouillard / fumée,Deux véhicules - frontale,,,,,,,,,,,1,1,1,5,1
200700000399,0007-01-28 18:45:00,7,1,28,18,45,330,555,CD5,,,Nuit sans éclairage public,Hors agglomération,Hors intersection,Normale,Trois véhicules et plus - collisions multiples,,,,,,,,,,,3,1,1,1,5
200700000400,0007-01-18 21:15:00,7,1,18,21,15,330,312,rue de Macau,,,Nuit sans éclairage public,En agglomération,Hors intersection,Pluie légère,Autre collision,,,,,,,,,,,3,2,1,2,6