accident_id,datetime,annee,mois,jour,heure,minute,departement,commune_insee,adresse,latitude,longitude,luminosite,agglomeration,intersection,meteo,collision,nb_vehicules,nb_usagers,nb_indemnes,nb_tues,nb_blesses_hosp,nb_blesses_legers,age_cond_1,age_cond_2,veh_type_cond_1,veh_type_cond_2,lum_code,agg_code,int_code,atm_code,col_code
200700000535,0007-01-12 10:00:00,7,1,12,10,0,870,135,,45.823,0.913,Nuit sans éclairage public,Hors agglomération,Hors intersection,Pluie légère,Autre collision,,,,,,,,,,,3,1,1,2,6
200700000536,0007-01-20 21:15:00,7,1,20,21,15,190,101,Avenue de Coulaud,45.25,1.779,Nuit avec éclairage allumé,En agglomération,Hors intersection,Normale,Deux véhicules - frontale,,,,,,,,,,,5,2,1,1,1
200700000537,0007-01-16 07:30:00,7,1,16,7,30,190,70,"9 - lieu dit "" Trappe """,,,Crépuscule ou aube,Hors agglomération,Hors intersection,Temps couvert,Deux véhicules - frontale,,,,,,,,,,,2,1,1,8,1
200700000538,0007-01-29 08:45:00,7,1,29,8,45,190,76,,45.378,1.572,Plein jour,Hors agglomération,Hors intersection,Temps couvert,Sans collision,,,,,,,,,,,1,1,1,8,7
200700000539,0007-01-14 16:45:00,7,1,14,16,45,190,49,,45.113,1.493,Plein jour,Hors agglomération,Hors intersection,Pluie légère,Sans collision,,,,,,,,,,,1,1,1,2,7
200700000540,0007-01-27 02:15:00,7,1,27,2,15,190,123,rue de la pommeraie,45.161,1.576,Nuit sans éclairage public,En agglomération,Hors intersection,Normale,Autre collision,,,,,,,,,,,3,2,1,1,6
200700000541,0007-01-21 18:30:00,7,1,21,18,30,190,121,Rue de Prédeveau,,,Nuit avec éclairage allumé,En agglomération,Hors intersection,Normale,Autre collision,,,,,,,,,,,5,2,1,1,6
200700000542,0007-01-05 17:55:00,7,1,5,17,55,230,149,Station service Eurocéan,,,Nuit sans éclairage public,Hors agglomération,Hors intersection,Normale,Trois véhicules et plus - collisions multiples,,,,,,,,,,,3,1,1,1,5
200700000543,0007-01-17 15:45:00,7,1,17,15,45,230,1,,46.087,2.026,Plein jour,Hors agglomération,Hors intersection,Normale,Autre collision,,,,,,,,,,,1,1,1,1,6
200700000544,0007-01-29 09:28:00,7,1,29,9,28,230,149,,,,Plein jour,Hors agglomération,Hors intersection,Normale,Deux véhicules - arrière,,,,,,,,,,,1,1,1,1,2
200700000545,0007-01-07 07:00:00,7,1,7,7,0,230,159,,46.052,2.23,Crépuscule ou aube,Hors agglomération,Hors intersection,Temps couvert,Sans collision,,,,,,,,,,,2,1,1,8,7
200700000546,0007-01-14 11:15:00,7,1,14,11,15,230,133,,45.975,1.648,Plein jour,Hors agglomération,Hors intersection,Normale,Deux véhicules - côté,,,,,,,,,,,1,1,1,1,3
200700000547,0007-01-17 09:15:00,7,1,17,9,15,310,202,42 Avenue de TOULOUSE,,,Plein jour,En agglomération,Hors intersection,Normale,Deux véhicules - frontale,,,,,,,,,,,1,2,1,1,1
200700000548,0007-01-13 05:15:00,7,1,13,5,15,310,232,,43.755,1.274,Nuit sans éclairage public,Hors agglomération,Hors intersection,Normale,Autre collision,,,,,,,,,,,3,1,1,1,6
200700000549,0007-01-14 13:00:00,7,1,14,13,0,310,424,30 route de pibrac,43.585,1.291,Plein jour,En agglomération,Intersection en X,Normale,Deux véhicules - côté,,,,,,,,,,,1,2,2,1,3
200700000550,0007-01-10 17:45:00,7,1,10,17,45,310,424,,43.553,1.293,Crépuscule ou aube,Hors agglomération,Hors intersection,Normale,Sans collision,,,,,,,,,,,2,1,1,1,7
200700000551,0007-01-08 18:15:00,7,1,8,18,15,310,293,,,,Nuit sans éclairage public,Hors agglomération,Hors intersection,Pluie légère,Trois véhicules et plus - collisions multiples,,,,,,,,,,,3,1,1,2,5
200700000552,0007-01-20 19:30:00,7,1,20,19,30,310,136,CHEMIN DE MOUREAU,43.753,1.433,Nuit avec éclairage allumé,En agglomération,Hors intersection,Normale,Trois véhicules et plus - collisions multiples,,,,,,,,,,,5,2,1,1,5
200700000553,0007-01-20 22:00:00,7,1,20,22,0,310,182,rue sevezo,43.692,1.406,Nuit avec éclairage allumé,Hors agglomération,Autre intersection,Normale,Trois véhicules et plus - collisions multiples,,,,,,,,,,,5,1,9,1,5
200700000554,0007-01-22 17:00:00,7,1,22,17,0,310,91,,43.741,1.402,Plein jour,Hors agglomération,Hors intersection,Pluie légère,Autre collision,,,,,,,,,,,1,1,1,2,6
200700000555,0007-01-25 19:10:00,7,1,25,19,10,310,182,ate du 31 Route de Gagna,43.696,1.375,Nuit sans éclairage public,Hors agglomération,Hors intersection,Normale,Autre collision,,,,,,,,,,,3,1,1,1,6
200700000556,0007-01-11 08:00:00,7,1,11,8,0,310,462,,43.677,1.524,Crépuscule ou aube,Hors agglomération,Hors intersection,Normale,Deux véhicules - frontale,,,,,,,,,,,2,1,1,1,1
200700000557,0007-01-20 07:45:00,7,1,20,7,45,310,561,33 AVENUE DE TOULOUSE,43.655,1.474,Nuit avec éclairage allumé,En agglomération,Hors intersection,Normale,Autre collision,,,,,,,,,,,5,2,1,1,6
200700000558,0007-01-24 09:45:00,7,1,24,9,45,310,248,598 AVENUE DU COMMINGES,43.46,1.389,Plein jour,En agglomération,Hors intersection,Temps couvert,Sans collision,,,,,,,,,,,1,2,1,8,7
200700000559,0007-01-07 05:00:00,7,1,7,5,0,310,33,,43.365,1.465,Nuit sans éclairage public,Hors agglomération,Hors intersection,Normale,Sans collision,,,,,,,,,,,3,1,1,1,7
200700000560,0007-01-07 18:15:00,7,1,7,18,15,310,135,31 AVENUE DE TOULOUSE,43.23,1.086,Nuit avec éclairage allumé,En agglomération,Hors intersection,Normale,Autre collision,,,,,,,,,,,5,2,1,1,6
200700000561,0007-01-11 19:00:00,7,1,11,19,0,310,188,,,,Nuit avec éclairage allumé,Hors agglomération,Hors intersection,Normale,Deux véhicules - côté,,,,,,,,,,,5,1,1,1,3
200700000562,0007-01-27 16:00:00,7,1,27,16,0,310,502,,43.203,0.733,Plein jour,Hors agglomération,Hors intersection,Normale,Autre collision,,,,,,,,,,,1,1,1,1,6
200700000563,0007-01-03 09:15:00,7,1,3,9,15,310,559,CD 618,,,Plein jour,Hors agglomération,Hors intersection,Normale,Deux véhicules - frontale,,,,,,,,,,,1,1,1,1,1
200700000564,0007-01-23 15:00:00,7,1,23,15,0,310,64,PK 09.100,42.821,0.556,Plein jour,Hors agglomération,Hors intersection,Neige / grêle,Sans collision,,,,,,,,,,,1,1,1,4,7
200700000565,0007-01-31 11:45:00,7,1,31,11,45,310,144,,,,Plein jour,Hors agglomération,Hors intersection,Temps éblouissant,Deux véhicules - frontale,,,,,,,,,,,1,1,1,7,1
200700000566,0007-01-09 14:00:00,7,1,9,14,0,310,26,,43.538,1.813,Plein jour,Hors agglomération,Hors intersection,Normale,Autre collision,,,,,,,,,,,1,1,1,1,6
200700000567,0007-01-23 19:45:00,7,1,23,19,45,310,97,,43.525,1.851,Nuit sans éclairage public,Hors agglomération,Hors intersection,Neige / grêle,Autre collision,,,,,,,,,,,3,1,1,4,6
200700000568,0007-01-10 10:15:00,7,1,10,10,15,310,451,Boulevard de la Républiq,,,Plein jour,En agglomération,Hors intersection,Normale,Autre collision,,,,,,,,,,,1,2,1,1,6
200700000569,0007-01-15 07:10:00,7,1,15,7,10,90,269,D.117 Col Del Bouich,,,Nuit avec éclairage allumé,Hors agglomération,Intersection en Y,Normale,Autre collision,,,,,,,,,,,5,1,4,1,6
200700000570,0007-01-05 18:15:00,7,1,5,18,15,90,312,,43.102,1.654,Nuit sans éclairage public,Hors agglomération,Intersection en X,Normale,Deux véhicules - côté,,,,,,,,,,,3,1,2,1,3
200700000571,0007-01-14 18:00:00,7,1,14,18,0,90,199,,43.209,1.625,Nuit sans éclairage public,Hors agglomération,Intersection en X,Normale,Deux véhicules - côté,,,,,,,,,,,3,1,2,1,3
200700000572,0007-01-29 07:45:00,7,1,29,7,45,90,261,rue Villefranche,42.988,1.143,Crépuscule ou aube,En agglomération,Hors intersection,Normale,Autre collision,,,,,,,,,,,2,2,1,1,6
200700000573,0007-01-05 19:15:00,7,1,5,19,15,90,86,,43.037,1.079,Nuit sans éclairage public,Hors agglomération,Hors intersection,Normale,Deux véhicules - frontale,,,,,,,,,,,3,1,1,1,1
200700000574,0007-01-14 19:45:00,7,1,14,19,45,120,113,,44.257,2.355,Nuit sans éclairage public,Hors agglomération,Autre intersection,Autre,Autre collision,,,,,,,,,,,3,1,9,9,6
200700000575,0007-01-19 16:45:00,7,1,19,16,45,120,59,,44.312,2.275,Plein jour,Hors agglomération,Hors intersection,Autre,Autre collision,,,,,,,,,,,1,1,1,9,6
200700000576,0007-01-21 11:45:00,7,1,21,11,45,120,92,Place SALVAN,44.117,2.618,Plein jour,En agglomération,Hors intersection,Temps couvert,Autre collision,,,,,,,,,,,1,2,1,8,6
200700000577,0007-01-11 07:30:00,7,1,11,7,30,120,34,,44.383,2.127,Crépuscule ou aube,Hors agglomération,Hors intersection,Temps couvert,Deux véhicules - frontale,,,,,,,,,,,2,1,1,8,1
200700000578,0007-01-13 11:15:00,7,1,13,11,15,120,209,Rue de l'Hospice,44.693,2.66,Plein jour,En agglomération,Hors intersection,Normale,Autre collision,,,,,,,,,,,1,2,1,1,6
200700000579,0007-01-31 15:30:00,7,1,31,15,30,120,164,RUE DE LA PARRO,44.852,2.66,Plein jour,En agglomération,Hors intersection,Temps éblouissant,Sans collision,,,,,,,,,,,1,2,1,7,7
200700000580,0007-01-15 09:30:00,7,1,15,9,30,120,182,,,,Plein jour,Hors agglomération,Hors intersection,Normale,Sans collision,,,,,,,,,,,1,1,1,1,7
200700000581,0007-01-11 17:30:00,7,1,11,17,30,120,168,"00, ""Côte des Liquisses""",,,Nuit sans éclairage public,Hors agglomération,Hors intersection,Temps couvert,Deux véhicules - frontale,,,,,,,,,,,3,1,1,8,1
200700000582,0007-01-12 12:15:00,7,1,12,12,15,120,295,,,,Plein jour,Hors agglomération,Hors intersection,Normale,Deux véhicules - frontale,,,,,,,,,,,1,1,1,1,1
200700000583,0007-01-15 10:30:00,7,1,15,10,30,120,122,,,,Plein jour,Hors agglomération,Hors intersection,Normale,Sans collision,,,,,,,,,,,1,1,1,1,7
200700000584,0007-01-20 23:30:00,7,1,20,23,30,120,294,,44.245,2.94,Nuit sans éclairage public,Hors agglomération,Hors intersection,Normale,Autre collision,,,,,,,,,,,3,1,1,1,6
200700000585,0007-01-10 09:15:00,7,1,10,9,15,120,242,,,,Plein jour,Hors agglomération,Hors intersection,Temps éblouissant,Deux véhicules - frontale,,,,,,,,,,,1,1,1,7,1
200700000586,0007-01-09 16:45:00,7,1,9,16,45,320,249,,,,Plein jour,En agglomération,Hors intersection,Normale,Autre collision,,,,,,,,,,,1,2,1,1,6
200700000587,0007-01-01 20:30:00,7,1,1,20,30,320,301,,43.714,0.445,Nuit sans éclairage public,Hors agglomération,Hors intersection,Pluie légère,Deux véhicules - arrière,,,,,,,,,,,3,1,1,2,2
200700000588,0007-01-21 11:40:00,7,1,21,11,40,320,44,au vilage,,,Plein jour,Hors agglomération,Hors intersection,Pluie légère,Deux véhicules - côté,,,,,,,,,,,1,1,1,2,3
200700000589,0007-01-12 11:00:00,7,1,12,11,0,320,369,,,,Plein jour,Hors agglomération,Hors intersection,Normale,Sans collision,,,,,,,,,,,1,1,1,1,7
200700000590,0007-01-14 11:00:00,7,1,14,11,0,320,96,,,,Plein jour,Hors agglomération,Hors intersection,Normale,Autre collision,,,,,,,,,,,1,1,1,1,6
200700000591,0007-01-03 16:45:00,7,1,3,16,45,320,457,lieu dit Mondounets,43.869,0.747,Plein jour,Hors agglomération,Hors intersection,Normale,Autre collision,,,,,,,,,,,1,1,1,1,6
200700000592,0007-01-04 13:45:00,7,1,4,13,45,320,405,,,,Plein jour,Hors agglomération,Hors intersection,Pluie légère,Autre collision,,,,,,,,,,,1,1,1,2,6
200700000593,0007-01-10 07:15:00,7,1,10,7,15,320,158,,43.924,0.739,Nuit sans éclairage public,Hors agglomération,Hors intersection,Normale,Autre collision,,,,,,,,,,,3,1,1,1,6
200700000594,0007-01-30 07:45:00,7,1,30,7,45,320,129,,43.847,0.822,Crépuscule ou aube,Hors agglomération,Hors intersection,Normale,Autre collision,,,,,,,,,,,2,1,1,1,6
200700000595,0007-01-05 10:00:00,7,1,5,10,0,320,122,,43.433,0.544,Plein jour,Hors agglomération,Hors intersection,Normale,Sans collision,,,,,,,,,,,1,1,1,1,7
200700000596,0007-01-12 12:10:00,7,1,12,12,10,320,464,rn21,43.406,0.199,Plein jour,En agglomération,Autre intersection,Normale,Deux véhicules - arrière,,,,,,,,,,,1,2,9,1,2
200700000597,0007-01-27 00:01:00,7,1,27,0,1,320,244,,43.676,-0.08,Nuit sans éclairage public,Hors agglomération,Autre intersection,Autre,Sans collision,,,,,,,,,,,3,1,9,9,7
200700000598,0007-01-31 15:45:00,7,1,31,15,45,320,463,,43.609,-0.105,Plein jour,Hors agglomération,Hors intersection,Temps couvert,Sans collision,,,,,,,,,,,1,1,1,8,7
200700000599,0007-01-09 13:00:00,7,1,9,13,0,460,329,,44.344,1.634,Plein jour,Hors agglomération,Hors intersection,Normale,Sans collision,,,,,,,,,,,1,1,1,1,7
200700000600,0007-01-01 02:00:00,7,1,1,2,0,460,133,,44.7,1.908,Nuit sans éclairage public,Hors agglomération,Hors intersection,Normale,Autre collision,,,,,,,,,,,3,1,1,1,6
200700000601,0007-01-15 11:00:00,7,1,15,11,0,650,304,935 et  route du mamajou,,,Plein jour,En agglomération,Hors intersection,Normale,Deux véhicules - frontale,,,,,,,,,,,1,2,1,1,1
200700000602,0007-01-08 18:30:00,7,1,8,18,30,650,371,,,,Nuit sans éclairage public,Hors agglomération,Hors intersection,Pluie légère,Deux véhicules - frontale,,,,,,,,,,,3,1,1,2,1
200700000603,0007-01-26 17:30:00,7,1,26,17,30,650,363,,,,Plein jour,Hors agglomération,Hors intersection,Normale,Deux véhicules - côté,,,,,,,,,,,1,1,1,1,3
200700000604,0007-01-07 20:15:00,7,1,7,20,15,810,297,,43.92,2.075,Nuit sans éclairage public,Hors agglomération,Hors intersection,Pluie légère,Deux véhicules - côté,,,,,,,,,,,3,1,1,2,3
200700000605,0007-01-14 02:00:00,7,1,14,2,0,810,96,,43.899,2.374,Nuit sans éclairage public,Hors agglomération,Hors intersection,Brouillard / fumée,Autre collision,,,,,,,,,,,3,1,1,5,6
200700000606,0007-01-31 13:30:00,7,1,31,13,30,810,48,"Lieu-dit ""La Gamasse""",,,Plein jour,En agglomération,Autre intersection,Brouillard / fumée,Deux véhicules - frontale,,,,,,,,,,,1,2,9,5,1
200700000607,0007-01-05 08:30:00,7,1,5,8,30,810,195,,43.566,2.23,Plein jour,Hors agglomération,Hors intersection,Pluie légère,Sans collision,,,,,,,,,,,1,1,1,2,7
200700000608,0007-01-19 18:00:00,7,1,19,18,0,810,98,L'Issartade,43.622,2.159,Nuit sans éclairage public,Hors agglomération,Hors intersection,Pluie légère,Deux véhicules - côté,,,,,,,,,,,3,1,1,2,3
200700000609,0007-01-31 18:15:00,7,1,31,18,15,810,273,La Crémade,43.596,2.152,Crépuscule ou aube,Hors agglomération,Hors intersection,Temps couvert,Deux véhicules - côté,,,,,,,,,,,2,1,1,8,3
200700000610,0007-01-10 18:15:00,7,1,10,18,15,810,266,RTE DE CASTRES,,,Nuit avec éclairage allumé,En agglomération,Hors intersection,Normale,Autre collision,,,,,,,,,,,5,2,1,1,6
200700000611,0007-01-25 18:15:00,7,1,25,18,15,810,227,,,,Nuit sans éclairage public,Hors agglomération,Hors intersection,Normale,Deux véhicules - frontale,,,,,,,,,,,3,1,1,1,1
200700000612,0007-01-08 20:30:00,7,1,8,20,30,810,90,,43.863,2.075,Nuit sans éclairage public,Hors agglomération,Hors intersection,Pluie légère,Autre collision,,,,,,,,,,,3,1,1,2,6
200700000613,0007-01-16 07:41:00,7,1,16,7,41,810,38,,43.887,1.897,Crépuscule ou aube,Hors agglomération,Hors intersection,Normale,Deux véhicules - côté,,,,,,,,,,,2,1,1,1,3
200700000614,0007-01-01 21:45:00,7,1,1,21,45,690,89,ue de la Table de Pierre,,,Nuit avec éclairage allumé,En agglomération,Hors intersection,Pluie légère,Deux véhicules - côté,,,,,,,,,,,5,2,1,2,3
200700000615,0007-01-17 19:50:00,7,1,17,19,50,690,89,Route du BRUSSIN,,,Nuit avec éclairage allumé,En agglomération,Hors intersection,Normale,Deux véhicules - frontale,,,,,,,,,,,5,2,1,1,1
200700000616,0007-01-26 17:15:00,7,1,26,17,15,810,45,Rue St Félix,44.073,1.941,Plein jour,En agglomération,Hors intersection,Normale,Deux véhicules - frontale,,,,,,,,,,,1,2,1,1,1
200700000617,0007-01-07 11:45:00,7,1,7,11,45,810,219,Portail des buissons,43.573,2.019,Plein jour,En agglomération,Hors intersection,Temps couvert,Deux véhicules - frontale,,,,,,,,,,,1,2,1,8,1
200700000618,0007-01-21 09:00:00,7,1,21,9,0,810,54,,43.575,2.135,Nuit sans éclairage public,Hors agglomération,Hors intersection,Temps couvert,Autre collision,,,,,,,,,,,3,1,1,8,6
200700000619,0007-01-02 14:30:00,7,1,2,14,30,820,148,AVENUE LOUIS BESSIERES,44.256,1.611,Plein jour,En agglomération,Hors intersection,Autre,Deux véhicules - frontale,,,,,,,,,,,1,2,1,9,1
200700000620,0007-01-03 14:00:00,7,1,3,14,0,820,179,,44.176,1.635,Plein jour,Hors agglomération,Hors intersection,Normale,Sans collision,,,,,,,,,,,1,1,1,1,7
200700000621,0007-01-09 13:45:00,7,1,9,13,45,820,140,,44.114,1.32,Plein jour,Hors agglomération,Hors intersection,Normale,Autre collision,,,,,,,,,,,1,1,1,1,6
200700000622,0007-01-07 19:15:00,7,1,7,19,15,820,134,,44.064,1.488,Nuit sans éclairage public,Hors agglomération,Hors intersection,Brouillard / fumée,Deux véhicules - frontale,,,,,,,,,,,3,1,1,5,1
200700000623,0007-01-21 20:00:00,7,1,21,20,0,820,94,RD 54 LIEU-DIT AULERY,,,Nuit sans éclairage public,En agglomération,Intersection en T,Normale,Deux véhicules - côté,,,,,,,,,,,3,2,3,1,3
200700000624,0007-01-02 19:15:00,7,1,2,19,15,820,124,côte du turon,,,Nuit sans éclairage public,Hors agglomération,Hors intersection,Pluie légère,Deux véhicules - frontale,,,,,,,,,,,3,1,1,2,1
200700000625,0007-01-30 16:45:00,7,1,30,16,45,820,123,,43.925,1.316,Plein jour,Hors agglomération,Hors intersection,Normale,Deux véhicules - frontale,,,,,,,,,,,1,1,1,1,1
200700000626,0007-01-04 18:30:00,7,1,4,18,30,820,73,"""Lalande""",,,Nuit avec éclairage allumé,En agglomération,Hors intersection,Normale,Deux véhicules - côté,,,,,,,,,,,5,2,1,1,3
200700000627,0007-01-22 17:40:00,7,1,22,17,40,690,72,chemin de charière,,,Crépuscule ou aube,En agglomération,Hors intersection,Pluie forte,Autre collision,,,,,,,,,,,2,2,1,3,6
200700000628,0007-01-30 11:30:00,7,1,30,11,30,690,127,CD7 ROUTE DE ST BEL,,,Plein jour,En agglomération,Hors intersection,Normale,Deux véhicules - côté,,,,,,,,,,,1,2,1,1,3
200700000629,0007-01-27 01:15:00,7,1,27,1,15,690,286,,,,Nuit avec éclairage allumé,Hors agglomération,Hors intersection,Temps couvert,Autre collision,,,,,,,,,,,5,1,1,8,6
200700000630,0007-01-09 07:20:00,7,1,9,7,20,690,298,one - Route de la Rocade,,,Crépuscule ou aube,En agglomération,Hors intersection,Pluie légère,Deux véhicules - côté,,,,,,,,,,,2,2,1,2,3
200700000631,0007-01-13 14:30:00,7,1,13,14,30,690,288,,,,Plein jour,Hors agglomération,Hors intersection,Normale,Deux véhicules - frontale,,,,,,,,,,,1,1,1,1,1
200700000632,0007-01-14 17:45:00,7,1,14,17,45,690,299,,,,Nuit sans éclairage public,Hors agglomération,Hors intersection,Normale,Deux véhicules - côté,,,,,,,,,,,3,1,1,1,3
200700000633,0007-01-03 16:30:00,7,1,3,16,30,690,175,route de saint romain,,,Plein jour,En agglomération,Hors intersection,Normale,Deux véhicules - arrière,,,,,,,,,,,1,2,1,1,2
200700000634,0007-01-15 06:30:00,7,1,15,6,30,690,144,,,,Nuit sans éclairage public,Hors agglomération,Hors intersection,Normale,Autre collision,,,,,,,,,,,3,1,1,1,6
200700000635,0007-01-24 18:45:00,7,1,24,18,45,690,10,"RN7, Route de Paris N°44",,,Nuit sans éclairage public,En agglomération,Hors intersection,Normale,Trois véhicules et plus - collisions multiples,,,,,,,,,,,3,2,1,1,5
200700000636,0007-01-05 18:45:00,7,1,5,18,45,690,178,,,,Nuit sans éclairage public,Hors agglomération,Hors intersection,Pluie légère,Deux véhicules - frontale,,,,,,,,,,,3,1,1,2,1
200700000637,0007-01-12 08:00:00,7,1,12,8,0,690,238,emin  grange de l'église,,,Plein jour,Hors agglomération,Hors intersection,Pluie légère,Deux véhicules - arrière,,,,,,,,,,,1,1,1,2,2
200700000638,0007-01-12 15:45:00,7,1,12,15,45,690,238,30 AV EMMANUEL CLEMENT,,,Plein jour,En agglomération,Hors intersection,Temps éblouissant,Autre collision,,,,,,,,,,,1,2,1,7,6
200700000639,0007-01-14 04:00:00,7,1,14,4,0,690,227,,45.515,4.577,Nuit sans éclairage public,Hors agglomération,Hors intersection,Normale,Autre collision,,,,,,,,,,,3,1,1,1,6
200700000640,0007-01-21 13:10:00,7,1,21,13,10,690,227,RD311,,,Plein jour,Hors agglomération,Hors intersection,Normale,Autre collision,,,,,,,,,,,1,1,1,1,6
200700000641,0007-01-29 17:15:00,7,1,29,17,15,690,297,22 CHEMIN DU PLAT,,,Plein jour,En agglomération,Hors intersection,Normale,Deux véhicules - côté,,,,,,,,,,,1,2,1,1,3
200700000642,0007-01-12 12:30:00,7,1,12,12,30,690,148,,,,Plein jour,Hors agglomération,Hors intersection,Normale,Deux véhicules - côté,,,,,,,,,,,1,1,1,1,3
200700000643,0007-01-06 19:15:00,7,1,6,19,15,690,105,le Bourg CD76,,,Nuit avec éclairage allumé,En agglomération,Hors intersection,Temps couvert,Deux véhicules - côté,,,,,,,,,,,5,2,1,8,3
200700000644,0007-01-11 07:45:00,7,1,11,7,45,690,151,,,,Nuit sans éclairage public,Hors agglomération,Hors intersection,Normale,Deux véhicules - arrière,,,,,,,,,,,3,1,1,1,2
200700000645,0007-01-13 14:45:00,7,1,13,14,45,690,121,63 route du pont de dori,,,Plein jour,En agglomération,Hors intersection,Normale,Deux véhicules - côté,,,,,,,,,,,1,2,1,1,3
200700000646,0007-01-30 19:00:00,7,1,30,19,0,690,47,,,,Nuit sans éclairage public,Hors agglomération,Hors intersection,Normale,Deux véhicules - frontale,,,,,,,,,,,3,1,1,1,1
200700000647,0007-01-05 13:45:00,7,1,5,13,45,690,84,,,,Plein jour,Hors agglomération,Hors intersection,Pluie légère,Sans collision,,,,,,,,,,,1,1,1,2,7
200700000648,0007-01-20 03:50:00,7,1,20,3,50,690,18,La chevalière,,,Nuit avec éclairage allumé,En agglomération,Hors intersection,Normale,Sans collision,,,,,,,,,,,5,2,1,1,7
200700000649,0007-01-29 02:00:00,7,1,29,2,0,690,267,RN 86,,,Nuit sans éclairage public,Hors agglomération,Hors intersection,Autre,Autre collision,,,,,,,,,,,3,1,1,9,6
200700000650,0007-01-15 18:00:00,7,1,15,18,0,690,113,,,,Nuit sans éclairage public,Hors agglomération,Hors intersection,Normale,Autre collision,,,,,,,,,,,3,1,1,1,6
200700000651,0007-01-04 15:00:00,7,1,4,15,0,690,160,la croizilette,,,Plein jour,Hors agglomération,Hors intersection,Pluie légère,Deux véhicules - côté,,,,,,,,,,,1,1,1,2,3
200700000652,0007-01-12 12:15:00,7,1,12,12,15,690,6,cd 10,,,Plein jour,En agglomération,Hors intersection,Normale,Trois véhicules et plus - collisions multiples,,,,,,,,,,,1,2,1,1,5
200700000653,0007-01-27 19:00:00,7,1,27,19,0,10,184,,,,Nuit sans éclairage public,Hors agglomération,Hors intersection,Normale,Autre collision,,,,,,,,,,,3,1,1,1,6
200700000654,0007-01-07 11:00:00,7,1,7,11,0,10,408,,,,Plein jour,Hors agglomération,Hors intersection,Temps couvert,Deux véhicules - côté,,,,,,,,,,,1,1,1,8,3
200700000655,0007-01-30 20:00:00,7,1,30,20,0,10,352,,46.392,5.02,Nuit avec éclairage allumé,Hors agglomération,Intersection en X,Normale,Deux véhicules - côté,,,,,,,,,,,5,1,2,1,3
200700000656,0007-01-13 19:00:00,7,1,13,19,0,10,374,,,,Nuit sans éclairage public,Hors agglomération,Hors intersection,Normale,Trois véhicules et plus - collisions multiples,,,,,,,,,,,3,1,1,1,5
200700000657,0007-01-19 13:45:00,7,1,19,13,45,10,452,route d'Hauteville,,,Plein jour,En agglomération,Hors intersection,Pluie légère,Deux véhicules - frontale,,,,,,,,,,,1,2,1,2,1
200700000658,0007-01-01 04:25:00,7,1,1,4,25,10,185,route de champdor,,,Nuit sans éclairage public,Hors agglomération,Hors intersection,Pluie légère,Sans collision,,,,,,,,,,,3,1,1,2,7
200700000659,0007-01-01 19:45:00,7,1,1,19,45,10,384,,45.95,5.48,Nuit sans éclairage public,Hors agglomération,Hors intersection,Pluie légère,Deux véhicules - côté,,,,,,,,,,,3,1,1,2,3
200700000660,0007-01-16 12:15:00,7,1,16,12,15,10,345,ction RD 1075 et RD 1084,,,Plein jour,Hors agglomération,Intersection en Y,Normale,Deux véhicules - frontale,,,,,,,,,,,1,1,4,1,1
200700000661,0007-01-25 11:10:00,7,1,25,11,10,10,386,CD 40A,,,Plein jour,Hors agglomération,Hors intersection,Temps couvert,Deux véhicules - arrière,,,,,,,,,,,1,1,1,8,2
200700000662,0007-01-28 13:45:00,7,1,28,13,45,10,384,Avenue de l'Europe,,,Plein jour,En agglomération,Hors intersection,Normale,Deux véhicules - côté,,,,,,,,,,,1,2,1,1,3
200700000663,0007-01-28 17:45:00,7,1,28,17,45,10,4,,,,Nuit sans éclairage public,Hors agglomération,Hors intersection,Normale,Trois véhicules et plus - en chaîne,,,,,,,,,,,3,1,1,1,4
200700000664,0007-01-14 05:00:00,7,1,14,5,0,10,148,,,,Nuit sans éclairage public,Hors agglomération,Hors intersection,Pluie légère,Sans collision,,,,,,,,,,,3,1,1,2,7
200700000665,0007-01-15 01:45:00,7,1,15,1,45,10,392,,,,Nuit sans éclairage public,Hors agglomération,Hors intersection,Normale,Sans collision,,,,,,,,,,,3,1,1,1,7
200700000666,0007-01-09 07:50:00,7,1,9,7,50,10,173,Rue de Lyon,,,Crépuscule ou aube,En agglomération,Hors intersection,Pluie légère,Autre collision,,,,,,,,,,,2,2,1,2,6
200700000667,0007-01-11 21:30:00,7,1,11,21,30,10,281,D1005 - 533 Rue de GEX,,,Nuit sans éclairage public,Hors agglomération,Hors intersection,Normale,Deux véhicules - arrière,,,,,,,,,,,3,1,1,1,2