accident_id,datetime,annee,mois,jour,heure,minute,departement,commune_insee,adresse,latitude,longitude,luminosite,agglomeration,intersection,meteo,collision,nb_vehicules,nb_usagers,nb_indemnes,nb_tues,nb_blesses_hosp,nb_blesses_legers,age_cond_1,age_cond_2,veh_type_cond_1,veh_type_cond_2,lum_code,agg_code,int_code,atm_code,col_code
200700000668,0007-01-19 21:15:00,7,1,19,21,15,10,160,avenue voltaire,,,Nuit avec éclairage allumé,En agglomération,Hors intersection,Pluie légère,Autre collision,,,,,,,,,,,5,2,1,2,6
200700000669,0007-01-07 10:25:00,7,1,7,10,25,10,313,rond point de mategnin,,,Plein jour,Hors agglomération,Giratoire,Normale,Deux véhicules - côté,,,,,,,,,,,1,1,6,1,3
200700000670,0007-01-13 18:15:00,7,1,13,18,15,10,288,ute de Lyon à GRENY (01),,,Nuit avec éclairage allumé,Hors agglomération,Hors intersection,Normale,Deux véhicules - frontale,,,,,,,,,,,5,1,1,1,1
200700000671,0007-01-21 01:15:00,7,1,21,1,15,10,360,sur la RD 884,,,Nuit sans éclairage public,Hors agglomération,Hors intersection,Normale,Sans collision,,,,,,,,,,,3,1,1,1,7
200700000672,0007-01-16 05:15:00,7,1,16,5,15,10,250,Route d'Ars,,,Nuit sans éclairage public,Hors agglomération,Hors intersection,Brouillard / fumée,Trois véhicules et plus - collisions multiples,,,,,,,,,,,3,1,1,5,5
200700000673,0007-01-01 09:00:00,7,1,1,9,0,10,383,,,,Crépuscule ou aube,Hors agglomération,Hors intersection,Temps couvert,Autre collision,,,,,,,,,,,2,1,1,8,6
200700000674,0007-01-01 11:30:00,7,1,1,11,30,10,74,,,,Plein jour,Hors agglomération,Hors intersection,Pluie forte,Autre collision,,,,,,,,,,,1,1,1,3,6
200700000675,0007-01-29 19:30:00,7,1,29,19,30,10,356,,,,Nuit sans éclairage public,Hors agglomération,Hors intersection,Normale,Deux véhicules - frontale,,,,,,,,,,,3,1,1,1,1
200700000676,0007-01-10 14:55:00,7,1,10,14,55,10,249,eau du n°1572 grande rue,,,Plein jour,En agglomération,Hors intersection,Normale,Deux véhicules - frontale,,,,,,,,,,,1,2,1,1,1
200700000677,0007-01-07 20:00:00,7,1,7,20,0,10,166,Route de Biesse,,,Nuit sans éclairage public,En agglomération,Hors intersection,Pluie légère,Sans collision,,,,,,,,,,,3,2,1,2,7
200700000678,0007-01-05 11:45:00,7,1,5,11,45,10,83,,,,Plein jour,Hors agglomération,Intersection en X,Normale,Deux véhicules - côté,,,,,,,,,,,1,1,2,1,3
200700000679,0007-01-08 11:15:00,7,1,8,11,15,10,183,,,,Plein jour,Hors agglomération,Hors intersection,Normale,Deux véhicules - frontale,,,,,,,,,,,1,1,1,1,1
200700000680,0007-01-20 09:00:00,7,1,20,9,0,10,263,Rue Chantebrune,,,Plein jour,En agglomération,Hors intersection,Temps éblouissant,Deux véhicules - arrière,,,,,,,,,,,1,2,1,7,2
200700000681,0007-01-19 19:15:00,7,1,19,19,15,70,167,,,,Nuit sans éclairage public,Hors agglomération,Hors intersection,Normale,Autre collision,,,,,,,,,,,3,1,1,1,6
200700000682,0007-01-23 04:15:00,7,1,23,4,15,70,5,,44.568,4.593,Nuit avec éclairage allumé,Hors agglomération,Hors intersection,Pluie forte,Deux véhicules - frontale,,,,,,,,,,,5,1,1,3,1
200700000683,0007-01-24 06:45:00,7,1,24,6,45,70,191,,,,Crépuscule ou aube,Hors agglomération,Hors intersection,Temps couvert,Deux véhicules - frontale,,,,,,,,,,,2,1,1,8,1
200700000684,0007-01-29 16:45:00,7,1,29,16,45,70,319,carrefour usine LAFARGE,44.528,4.693,Plein jour,Hors agglomération,Hors intersection,Normale,Deux véhicules - côté,,,,,,,,,,,1,1,1,1,3
200700000685,0007-01-14 11:15:00,7,1,14,11,15,70,94,,,,Plein jour,Hors agglomération,Hors intersection,Normale,Sans collision,,,,,,,,,,,1,1,1,1,7
200700000686,0007-01-21 05:30:00,7,1,21,5,30,70,349,rue berthraud,44.808,4.783,Nuit avec éclairage allumé,En agglomération,Autre intersection,Normale,Trois véhicules et plus - collisions multiples,,,,,,,,,,,5,2,9,1,5
200700000687,0007-01-13 18:00:00,7,1,13,18,0,70,327,Quartier Morte Méric,,,Nuit sans éclairage public,Hors agglomération,Hors intersection,Normale,Autre collision,,,,,,,,,,,3,1,1,1,6
200700000688,0007-01-16 14:30:00,7,1,16,14,30,70,324,Pasteur / Marius BOUVIER,45.068,4.84,Plein jour,En agglomération,Intersection en T,Normale,Deux véhicules - côté,,,,,,,,,,,1,2,3,1,3
200700000689,0007-01-05 07:00:00,7,1,5,7,0,70,313,Quai Jules ROCHE,,,Crépuscule ou aube,En agglomération,Hors intersection,Pluie légère,Autre collision,,,,,,,,,,,2,2,1,2,6
200700000690,0007-01-19 19:00:00,7,1,19,19,0,70,197,,,,Crépuscule ou aube,Hors agglomération,Hors intersection,Normale,Deux véhicules - côté,,,,,,,,,,,2,1,1,1,3
200700000691,0007-01-06 11:00:00,7,1,6,11,0,70,204,,45.032,4.411,Plein jour,Hors agglomération,Hors intersection,Normale,Deux véhicules - frontale,,,,,,,,,,,1,1,1,1,1
200700000692,0007-01-02 09:00:00,7,1,2,9,0,70,79,,44.998,4.526,Plein jour,Hors agglomération,Hors intersection,Autre,Sans collision,,,,,,,,,,,1,1,1,9,7
200700000693,0007-01-20 18:45:00,7,1,20,18,45,260,206,,,,Nuit avec éclairage allumé,Hors agglomération,Intersection en T,Normale,Deux véhicules - côté,,,,,,,,,,,5,1,3,1,3
200700000694,0007-01-18 07:45:00,7,1,18,7,45,260,113,CD543 PONET ST AUBAN,44.771,5.355,Nuit sans éclairage public,En agglomération,Intersection en T,Normale,Deux véhicules - côté,,,,,,,,,,,3,2,3,1,3
200700000695,0007-01-11 12:00:00,7,1,11,12,0,260,168,Le Village,44.669,5.708,Plein jour,En agglomération,Hors intersection,Normale,Autre collision,,,,,,,,,,,1,2,1,1,6
200700000696,0007-01-27 15:00:00,7,1,27,15,0,260,85,,,,Plein jour,Hors agglomération,Hors intersection,Normale,Deux véhicules - côté,,,,,,,,,,,1,1,1,1,3
200700000697,0007-01-05 11:45:00,7,1,5,11,45,260,235,,44.372,4.652,Plein jour,Hors agglomération,Hors intersection,Normale,Autre collision,,,,,,,,,,,1,1,1,1,6
200700000698,0007-01-12 17:05:00,7,1,12,17,5,260,235,RN7,44.39,4.69,Plein jour,Hors agglomération,Hors intersection,Normale,Deux véhicules - côté,,,,,,,,,,,1,1,1,1,3
200700000699,0007-01-24 08:30:00,7,1,24,8,30,260,146,,44.428,4.883,Plein jour,Hors agglomération,Hors intersection,Neige / grêle,Deux véhicules - côté,,,,,,,,,,,1,1,1,4,3
200700000700,0007-01-01 23:30:00,7,1,1,23,30,260,301,Quartier Les Tuillières,,,Nuit sans éclairage public,Hors agglomération,Hors intersection,Temps couvert,Sans collision,,,,,,,,,,,3,1,1,8,7
200700000701,0007-01-13 08:15:00,7,1,13,8,15,260,231,,45.112,5.048,Plein jour,Hors agglomération,Hors intersection,Normale,Deux véhicules - frontale,,,,,,,,,,,1,1,1,1,1
200700000702,0007-01-27 13:45:00,7,1,27,13,45,260,96,,,,Plein jour,Hors agglomération,Hors intersection,Normale,Autre collision,,,,,,,,,,,1,1,1,1,6
200700000703,0007-01-30 12:15:00,7,1,30,12,15,260,71,,45.056,4.948,Plein jour,Hors agglomération,Intersection en X,Normale,Deux véhicules - côté,,,,,,,,,,,1,1,2,1,3
200700000704,0007-01-05 17:45:00,7,1,5,17,45,260,83,Les Belliers,,,Nuit sans éclairage public,Hors agglomération,Hors intersection,Normale,Deux véhicules - arrière,,,,,,,,,,,3,1,1,1,2
200700000705,0007-01-05 15:00:00,7,1,5,15,0,260,331,,45.027,5.289,Plein jour,Hors agglomération,Hors intersection,Normale,Sans collision,,,,,,,,,,,1,1,1,1,7
200700000706,0007-01-09 08:15:00,7,1,9,8,15,260,320,,45.069,5.243,Crépuscule ou aube,Hors agglomération,Hors intersection,Brouillard / fumée,Autre collision,,,,,,,,,,,2,1,1,5,6
200700000707,0007-01-12 10:15:00,7,1,12,10,15,260,325,Place du 08 mai 1945,45.301,4.818,Plein jour,En agglomération,Hors intersection,Normale,Autre collision,,,,,,,,,,,1,2,1,1,6
200700000708,0007-01-10 13:45:00,7,1,10,13,45,260,84,,,,Plein jour,Hors agglomération,Hors intersection,Normale,Trois véhicules et plus - collisions multiples,,,,,,,,,,,1,1,1,1,5
200700000709,0007-01-22 17:00:00,7,1,22,17,0,260,250,Les Chênes Verts,,,Plein jour,Hors agglomération,Hors intersection,Normale,Autre collision,,,,,,,,,,,1,1,1,1,6
200700000710,0007-01-01 12:15:00,7,1,1,12,15,380,567,,,,Plein jour,Hors agglomération,Hors intersection,Normale,Trois véhicules et plus - collisions multiples,,,,,,,,,,,1,1,1,1,5
200700000711,0007-01-20 17:20:00,7,1,20,17,20,380,422,Chemin communal N°3,,,Crépuscule ou aube,En agglomération,Hors intersection,Normale,Deux véhicules - frontale,,,,,,,,,,,2,2,1,1,1
200700000712,0007-01-31 17:30:00,7,1,31,17,30,380,422,,45.14,5.839,Nuit sans éclairage public,Hors agglomération,Hors intersection,Normale,Deux véhicules - arrière,,,,,,,,,,,3,1,1,1,2
200700000713,0007-01-30 06:30:00,7,1,30,6,30,380,111,avenue de la libération,45.122,5.694,Crépuscule ou aube,En agglomération,Hors intersection,Normale,Sans collision,,,,,,,,,,,2,2,1,1,7
200700000714,0007-01-02 19:45:00,7,1,2,19,45,380,205,,45.142,5.588,Nuit avec éclairage allumé,Hors agglomération,Hors intersection,Neige / grêle,Autre collision,,,,,,,,,,,5,1,1,4,6
200700000715,0007-01-13 13:45:00,7,1,13,13,45,380,407,,45.343,5.663,Plein jour,Hors agglomération,Hors intersection,Normale,Deux véhicules - frontale,,,,,,,,,,,1,1,1,1,1
200700000716,0007-01-16 12:15:00,7,1,16,12,15,380,565,,45.313,5.621,Plein jour,Hors agglomération,Giratoire,Normale,Trois véhicules et plus - collisions multiples,,,,,,,,,,,1,1,6,1,5
200700000717,0007-01-04 11:00:00,7,1,4,11,0,380,269,Rue du Breuil,,,Plein jour,En agglomération,Hors intersection,Normale,Autre collision,,,,,,,,,,,1,2,1,1,6
200700000718,0007-01-12 18:15:00,7,1,12,18,15,380,269,avenue du 22 août 1945,,,Nuit avec éclairage allumé,En agglomération,Hors intersection,Normale,Autre collision,,,,,,,,,,,5,2,1,1,6
200700000719,0007-01-27 10:15:00,7,1,27,10,15,380,445,,45.053,5.757,Plein jour,Hors agglomération,Intersection en X,Normale,Deux véhicules - frontale,,,,,,,,,,,1,1,2,1,1
200700000720,0007-01-27 15:30:00,7,1,27,15,30,380,445,,45.05,5.76,Plein jour,Hors agglomération,Hors intersection,Normale,Deux véhicules - frontale,,,,,,,,,,,1,1,1,1,1
200700000721,0007-01-24 17:30:00,7,1,24,17,30,380,203,RN85,,,Crépuscule ou aube,En agglomération,Hors intersection,Neige / grêle,Autre collision,,,,,,,,,,,2,2,1,4,6
200700000722,0007-01-02 11:15:00,7,1,2,11,15,380,362,route de miribel,45.41,5.67,Plein jour,En agglomération,Hors intersection,Pluie légère,Deux véhicules - frontale,,,,,,,,,,,1,2,1,2,1
200700000723,0007-01-14 19:00:00,7,1,14,19,0,380,457,,45.35,5.247,Nuit sans éclairage public,Hors agglomération,Hors intersection,Normale,Deux véhicules - frontale,,,,,,,,,,,3,1,1,1,1
200700000724,0007-01-25 18:30:00,7,1,25,18,30,380,450,,,,Nuit sans éclairage public,Hors agglomération,Hors intersection,Temps couvert,Deux véhicules - frontale,,,,,,,,,,,3,1,1,8,1
200700000725,0007-01-30 20:00:00,7,1,30,20,0,380,415,CD 18,,,Nuit sans éclairage public,Hors agglomération,Hors intersection,Normale,Deux véhicules - frontale,,,,,,,,,,,3,1,1,1,1
200700000726,0007-01-20 07:45:00,7,1,20,7,45,380,118,CD 119 - PK0+600,,,Crépuscule ou aube,Hors agglomération,Hors intersection,Normale,Deux véhicules - frontale,,,,,,,,,,,2,1,1,1,1
200700000727,0007-01-23 17:00:00,7,1,23,17,0,380,42,,,,Plein jour,Hors agglomération,Intersection en X,Brouillard / fumée,Deux véhicules - frontale,,,,,,,,,,,1,1,2,5,1
200700000728,0007-01-20 19:00:00,7,1,20,19,0,380,247,62  grande rue,,,Nuit avec éclairage allumé,En agglomération,Hors intersection,Normale,Deux véhicules - côté,,,,,,,,,,,5,2,1,1,3
200700000729,0007-01-27 11:45:00,7,1,27,11,45,380,54,,45.81,5.4,Plein jour,Hors agglomération,Hors intersection,Normale,Deux véhicules - côté,,,,,,,,,,,1,1,1,1,3
200700000730,0007-01-25 13:45:00,7,1,25,13,45,440,35,,,,Plein jour,Hors agglomération,Hors intersection,Normale,Deux véhicules - frontale,,,,,,,,,,,1,1,1,1,1
200700000731,0007-01-08 18:45:00,7,1,8,18,45,380,87,CD.4 avenue Frédéric Mis,,,Nuit avec éclairage allumé,En agglomération,Hors intersection,Pluie légère,Deux véhicules - côté,,,,,,,,,,,5,2,1,2,3
200700000732,0007-01-10 16:30:00,7,1,10,16,30,380,157,,45.516,4.963,Plein jour,Hors agglomération,Hors intersection,Normale,Deux véhicules - frontale,,,,,,,,,,,1,1,1,1,1
200700000733,0007-01-19 20:45:00,7,1,19,20,45,380,484,,45.557,4.941,Nuit sans éclairage public,Hors agglomération,Hors intersection,Normale,Autre collision,,,,,,,,,,,3,1,1,1,6
200700000734,0007-01-22 15:30:00,7,1,22,15,30,380,87,CD 4,45.583,4.804,Plein jour,En agglomération,Hors intersection,Normale,Autre collision,,,,,,,,,,,1,2,1,1,6
200700000735,0007-01-09 12:00:00,7,1,9,12,0,380,473,,45.375,5.218,Plein jour,Hors agglomération,Intersection en T,Normale,Deux véhicules - côté,,,,,,,,,,,1,1,3,1,3
200700000736,0007-01-14 18:45:00,7,1,14,18,45,380,231,,,,Nuit sans éclairage public,Hors agglomération,Hors intersection,Normale,Autre collision,,,,,,,,,,,3,1,1,1,6
200700000737,0007-01-30 06:45:00,7,1,30,6,45,380,399,"Lieu-dit ""Le Rouleau""",,,Nuit avec éclairage allumé,En agglomération,Hors intersection,Normale,Autre collision,,,,,,,,,,,5,2,1,1,6
200700000738,0007-01-08 07:45:00,7,1,8,7,45,380,97,route de LYON,45.781,5.181,Crépuscule ou aube,En agglomération,Intersection en T,Pluie légère,Deux véhicules - frontale,,,,,,,,,,,2,2,3,2,1
200700000739,0007-01-12 15:45:00,7,1,12,15,45,380,11,,45.789,5.152,Plein jour,Hors agglomération,Hors intersection,Normale,Autre collision,,,,,,,,,,,1,1,1,1,6
200700000740,0007-01-20 07:00:00,7,1,20,7,0,380,344,RN7 - route de Valence,,,Crépuscule ou aube,En agglomération,Hors intersection,Normale,Deux véhicules - frontale,,,,,,,,,,,2,2,1,1,1
200700000741,0007-01-08 10:15:00,7,1,8,10,15,380,475,,45.685,5.132,Crépuscule ou aube,Hors agglomération,Hors intersection,Temps éblouissant,Deux véhicules - frontale,,,,,,,,,,,2,1,1,7,1
200700000742,0007-01-22 06:30:00,7,1,22,6,30,380,449,RN6,45.654,5.125,Crépuscule ou aube,En agglomération,Hors intersection,Normale,Deux véhicules - arrière,,,,,,,,,,,2,2,1,1,2
200700000743,0007-01-18 17:30:00,7,1,18,17,30,420,115,RUE DE LA SEMENE,45.318,4.363,Nuit avec éclairage allumé,En agglomération,Hors intersection,Normale,Autre collision,,,,,,,,,,,5,2,1,1,6
200700000744,0007-01-04 14:45:00,7,1,4,14,45,420,37,le bourg,45.676,4.072,Plein jour,En agglomération,Autre intersection,Normale,Deux véhicules - côté,,,,,,,,,,,1,2,9,1,3
200700000745,0007-01-04 16:45:00,7,1,4,16,45,420,151,,45.678,4.148,Plein jour,Hors agglomération,Intersection en X,Normale,Deux véhicules - côté,,,,,,,,,,,1,1,2,1,3
200700000746,0007-01-07 18:45:00,7,1,7,18,45,420,46,,,,Nuit avec éclairage allumé,Hors agglomération,Hors intersection,Normale,Deux véhicules - côté,,,,,,,,,,,5,1,1,1,3
200700000747,0007-01-30 13:15:00,7,1,30,13,15,420,5,26 RUE RACINE,45.532,4.268,Plein jour,En agglomération,Hors intersection,Normale,Autre collision,,,,,,,,,,,1,2,1,1,6
200700000748,0007-01-16 15:00:00,7,1,16,15,0,420,41,,,,Plein jour,Hors agglomération,Hors intersection,Normale,Deux véhicules - frontale,,,,,,,,,,,1,1,1,1,1
200700000749,0007-01-13 14:15:00,7,1,13,14,15,420,222,,45.626,4.308,Plein jour,Hors agglomération,Hors intersection,Normale,Trois véhicules et plus - collisions multiples,,,,,,,,,,,1,1,1,1,5
200700000750,0007-01-19 22:05:00,7,1,19,22,5,420,81,CD1082,,,Nuit avec éclairage allumé,En agglomération,Hors intersection,Normale,Deux véhicules - frontale,,,,,,,,,,,5,2,1,1,1
200700000751,0007-01-22 20:30:00,7,1,22,20,30,420,135,,,,Nuit sans éclairage public,Hors agglomération,Hors intersection,Neige / grêle,Deux véhicules - frontale,,,,,,,,,,,3,1,1,4,1
200700000752,0007-01-27 16:30:00,7,1,27,16,30,420,59,D103 au PK 54+50,,,Plein jour,Hors agglomération,Hors intersection,Brouillard / fumée,Deux véhicules - frontale,,,,,,,,,,,1,1,1,5,1
200700000753,0007-01-10 12:45:00,7,1,10,12,45,420,83,,45.569,4.698,Plein jour,Hors agglomération,Hors intersection,Normale,Autre collision,,,,,,,,,,,1,1,1,1,6
200700000754,0007-01-04 07:30:00,7,1,4,7,30,420,162,,46.003,4.001,Plein jour,Hors agglomération,Hors intersection,Temps couvert,Deux véhicules - côté,,,,,,,,,,,1,1,1,8,3
200700000755,0007-01-08 09:00:00,7,1,8,9,0,420,69,rue Victor Hugo,46.003,4.066,Plein jour,En agglomération,Intersection en X,Normale,Deux véhicules - frontale,,,,,,,,,,,1,2,2,1,1
200700000756,0007-01-13 15:30:00,7,1,13,15,30,420,338,,,,Plein jour,Hors agglomération,Hors intersection,Normale,Sans collision,,,,,,,,,,,1,1,1,1,7
200700000757,0007-01-13 16:30:00,7,1,13,16,30,420,74,,,,Plein jour,Hors agglomération,Hors intersection,Normale,Deux véhicules - frontale,,,,,,,,,,,1,1,1,1,1
200700000758,0007-01-20 13:45:00,7,1,20,13,45,420,69,,,,Plein jour,Hors agglomération,Intersection en X,Normale,Deux véhicules - côté,,,,,,,,,,,1,1,2,1,3
200700000759,0007-01-15 16:50:00,7,1,15,16,50,420,254,Lieu-dit La Croix Bleue,,,Plein jour,Hors agglomération,Hors intersection,Normale,Autre collision,,,,,,,,,,,1,1,1,1,6
200700000760,0007-01-05 14:50:00,7,1,5,14,50,420,267,eu dit Pierrefaix - RD 4,46.155,4.138,Plein jour,Hors agglomération,Hors intersection,Normale,Deux véhicules - frontale,,,,,,,,,,,1,1,1,1,1
200700000761,0007-01-12 11:00:00,7,1,12,11,0,420,300,,46.1,4.291,Nuit sans éclairage public,Hors agglomération,Hors intersection,Pluie légère,Deux véhicules - frontale,,,,,,,,,,,3,1,1,2,1
200700000762,0007-01-29 15:25:00,7,1,29,15,25,420,52,Lieu dit Vertspré,,,Plein jour,Hors agglomération,Hors intersection,Normale,Deux véhicules - côté,,,,,,,,,,,1,1,1,1,3
200700000763,0007-01-17 16:45:00,7,1,17,16,45,420,163,rue de Froideville,46.18,3.865,Plein jour,En agglomération,Hors intersection,Normale,Deux véhicules - côté,,,,,,,,,,,1,2,1,1,3
200700000764,0007-01-20 07:15:00,7,1,20,7,15,420,163,route de chenay le chate,46.181,3.87,Nuit avec éclairage allumé,En agglomération,Hors intersection,Normale,Autre collision,,,,,,,,,,,5,2,1,1,6
200700000765,0007-01-28 15:30:00,7,1,28,15,30,420,61,,45.979,3.88,Plein jour,Hors agglomération,Hors intersection,Normale,Sans collision,,,,,,,,,,,1,1,1,1,7
200700000766,0007-01-17 15:30:00,7,1,17,15,30,730,300,,,,Plein jour,Hors agglomération,Hors intersection,Normale,Deux véhicules - côté,,,,,,,,,,,1,1,1,1,3
200700000767,0007-01-23 08:35:00,7,1,23,8,35,730,108,La Verdasse,,,Plein jour,Hors agglomération,Hors intersection,Temps couvert,Deux véhicules - frontale,,,,,,,,,,,1,1,1,8,1
200700000768,0007-01-05 08:00:00,7,1,5,8,0,730,282,,45.502,5.84,Plein jour,Hors agglomération,Hors intersection,Normale,Deux véhicules - frontale,,,,,,,,,,,1,1,1,1,1
200700000769,0007-01-06 18:30:00,7,1,6,18,30,730,204,AVENUE DU BARON DE CROUZ,,,Nuit avec éclairage allumé,En agglomération,Hors intersection,Normale,Deux véhicules - arrière,,,,,,,,,,,5,2,1,1,2
200700000770,0007-01-27 16:30:00,7,1,27,16,30,730,246,,45.467,5.822,Plein jour,Hors agglomération,Hors intersection,Neige / grêle,Sans collision,,,,,,,,,,,1,1,1,4,7
200700000771,0007-01-27 18:50:00,7,1,27,18,50,730,169,Tunnel du Siaix,,,Nuit avec éclairage allumé,Hors agglomération,Hors intersection,Normale,Trois véhicules et plus - collisions multiples,,,,,,,,,,,5,1,1,1,5
200700000772,0007-01-05 00:01:00,7,1,5,0,1,730,227,,45.414,6.648,Nuit sans éclairage public,Hors agglomération,Hors intersection,Neige / grêle,Deux véhicules - frontale,,,,,,,,,,,3,1,1,4,1
200700000773,0007-01-19 07:15:00,7,1,19,7,15,730,45,RD95,,,Nuit sans éclairage public,Hors agglomération,Hors intersection,Pluie légère,Autre collision,,,,,,,,,,,3,1,1,2,6
200700000774,0007-01-23 18:30:00,7,1,23,18,30,730,109,,,,Nuit sans éclairage public,Hors agglomération,Hors intersection,Neige / grêle,Deux véhicules - frontale,,,,,,,,,,,3,1,1,4,1
200700000775,0007-01-21 19:30:00,7,1,21,19,30,730,7,chemin du clos,45.565,6.257,Nuit avec éclairage allumé,En agglomération,Autre intersection,Normale,Trois véhicules et plus - collisions multiples,,,,,,,,,,,5,2,9,1,5
200700000776,0007-01-29 20:45:00,7,1,29,20,45,740,267,660 ROUTE D'ALBERTVILLE,,,Nuit avec éclairage allumé,En agglomération,Hors intersection,Normale,Trois véhicules et plus - collisions multiples,,,,,,,,,,,5,2,1,1,5
200700000777,0007-01-30 16:15:00,7,1,30,16,15,740,123,,,,Plein jour,En agglomération,Hors intersection,Normale,Deux véhicules - côté,,,,,,,,,,,1,2,1,1,3
200700000778,0007-01-12 09:30:00,7,1,12,9,30,740,255,,,,Plein jour,Hors agglomération,Hors intersection,Normale,Deux véhicules - frontale,,,,,,,,,,,1,1,1,1,1
200700000779,0007-01-18 07:20:00,7,1,18,7,20,740,225,'Europe et rue de verdun,,,Crépuscule ou aube,En agglomération,Intersection en T,Normale,Deux véhicules - côté,,,,,,,,,,,2,2,3,1,3
200700000780,0007-01-02 17:30:00,7,1,2,17,30,740,79,route des POHETS,45.864,6.341,Nuit sans éclairage public,Hors agglomération,Hors intersection,Neige / grêle,Trois véhicules et plus - collisions multiples,,,,,,,,,,,3,1,1,4,5
200700000781,0007-01-12 01:45:00,7,1,12,1,45,740,280,,45.89,6.319,Nuit avec éclairage allumé,Hors agglomération,Hors intersection,Pluie forte,Autre collision,,,,,,,,,,,5,1,1,3,6
200700000782,0007-01-12 19:30:00,7,1,12,19,30,740,136,,,,Nuit sans éclairage public,Hors agglomération,Hors intersection,Normale,Autre collision,,,,,,,,,,,3,1,1,1,6
200700000783,0007-01-07 06:00:00,7,1,7,6,0,740,110,lieu dit le Crêt Alloup,,,Nuit sans éclairage public,Hors agglomération,Hors intersection,Pluie légère,Sans collision,,,,,,,,,,,3,1,1,2,7
200700000784,0007-01-23 15:45:00,7,1,23,15,45,740,921,39 Route des Bossons,,,Plein jour,En agglomération,Hors intersection,Neige / grêle,Autre collision,,,,,,,,,,,1,2,1,4,6
200700000785,0007-01-02 16:30:00,7,1,2,16,30,740,81,AVENUE DES GLIERES,,,Plein jour,En agglomération,Hors intersection,Normale,Deux véhicules - frontale,,,,,,,,,,,1,2,1,1,1
200700000786,0007-01-05 14:30:00,7,1,5,14,30,740,81,,,,Plein jour,Hors agglomération,Hors intersection,Normale,Trois véhicules et plus - collisions multiples,,,,,,,,,,,1,1,1,1,5
200700000787,0007-01-31 03:30:00,7,1,31,3,30,740,14,,,,Nuit sans éclairage public,Hors agglomération,Hors intersection,Normale,Autre collision,,,,,,,,,,,3,1,1,1,6
200700000788,0007-01-01 18:30:00,7,1,1,18,30,740,173,route du planay,,,Nuit sans éclairage public,Hors agglomération,Hors intersection,Temps couvert,Autre collision,,,,,,,,,,,3,1,1,8,6
200700000789,0007-01-06 05:00:00,7,1,6,5,0,740,85,e notre dame de la gorge,,,Nuit avec éclairage allumé,En agglomération,Hors intersection,Normale,Deux véhicules - arrière,,,,,,,,,,,5,2,1,1,2
200700000790,0007-01-03 16:00:00,7,1,3,16,0,740,90,,46.098,6.284,Plein jour,Hors agglomération,Hors intersection,Normale,Deux véhicules - côté,,,,,,,,,,,1,1,1,1,3
200700000791,0007-01-21 01:45:00,7,1,21,1,45,740,224,avenue de la Bénite Font,,,Nuit avec éclairage allumé,En agglomération,Hors intersection,Normale,Sans collision,,,,,,,,,,,5,2,1,1,7
200700000792,0007-01-15 11:30:00,7,1,15,11,30,740,256,390 route du cret,,,Plein jour,En agglomération,Hors intersection,Normale,Autre collision,,,,,,,,,,,1,2,1,1,6
200700000793,0007-01-15 19:45:00,7,1,15,19,45,740,229,51 ROUTE DE BONS EN CHAB,,,Nuit sans éclairage public,En agglomération,Hors intersection,Normale,Autre collision,,,,,,,,,,,3,2,1,1,6
200700000794,0007-01-27 00:45:00,7,1,27,0,45,740,52,1243 RTE DE VEYSSIERES,46.065,6.044,Nuit sans éclairage public,En agglomération,Hors intersection,Normale,Autre collision,,,,,,,,,,,3,2,1,1,6
200700000795,0007-01-30 18:00:00,7,1,30,18,0,740,314,RD1206,46.106,5.939,Nuit avec éclairage allumé,En agglomération,Hors intersection,Normale,Deux véhicules - côté,,,,,,,,,,,5,2,1,1,3
200700000796,0007-01-22 17:30:00,7,1,22,17,30,740,106,,46.301,6.455,Nuit avec éclairage allumé,Hors agglomération,Hors intersection,Neige / grêle,Deux véhicules - frontale,,,,,,,,,,,5,1,1,4,1
200700000797,0007-01-11 00:20:00,7,1,11,0,20,740,58,udres   La Ville du Nant,46.285,6.821,Nuit sans éclairage public,Hors agglomération,Hors intersection,Normale,Deux véhicules - frontale,,,,,,,,,,,3,1,1,1,1
200700000798,0007-01-13 11:45:00,7,1,13,11,45,740,287,Les Lavouets,,,Plein jour,Hors agglomération,Hors intersection,Normale,Deux véhicules - frontale,,,,,,,,,,,1,1,1,1,1
200700000799,0007-01-15 08:30:00,7,1,15,8,30,740,38,"CD 12 PK66,800",,,Plein jour,Hors agglomération,Hors intersection,Normale,Autre collision,,,,,,,,,,,1,1,1,1,6
200700000800,0007-01-04 15:30:00,7,1,4,15,30,740,238,PK 28,,,Plein jour,Hors agglomération,Hors intersection,Pluie légère,Deux véhicules - frontale,,,,,,,,,,,1,1,1,2,1
200700000801,0007-01-03 19:15:00,7,1,3,19,15,630,273,CD 212,,,Nuit avec éclairage allumé,Hors agglomération,Hors intersection,Normale,Trois véhicules et plus - en chaîne,,,,,,,,,,,5,1,1,1,4