accident_id,datetime,annee,mois,jour,heure,minute,departement,commune_insee,adresse,latitude,longitude,luminosite,agglomeration,intersection,meteo,collision,nb_vehicules,nb_usagers,nb_indemnes,nb_tues,nb_blesses_hosp,nb_blesses_legers,age_cond_1,age_cond_2,veh_type_cond_1,veh_type_cond_2,lum_code,agg_code,int_code,atm_code,col_code
200700000936,0007-01-26 16:30:00,7,1,26,16,30,680,21,2 rue du Printemps,47.63,7.47,Plein jour,En agglomération,Hors intersection,Normale,Deux véhicules - côté,,,,,,,,,,,1,2,1,1,3
200700000937,0007-01-30 08:30:00,7,1,30,8,30,680,63,Route nationale 66,47.803,7.146,Plein jour,Hors agglomération,Hors intersection,Temps couvert,Autre collision,,,,,,,,,,,1,1,1,8,6
200700000938,0007-01-02 08:20:00,7,1,2,8,20,680,60,RN83,47.739,7.137,Plein jour,Hors agglomération,Hors intersection,Pluie forte,Deux véhicules - frontale,,,,,,,,,,,1,1,1,3,1
200700000939,0007-01-24 17:30:00,7,1,24,17,30,510,193,venue de la VESLE et RD3,,,Plein jour,Hors agglomération,Hors intersection,Normale,Deux véhicules - côté,,,,,,,,,,,1,1,1,1,3
200700000940,0007-01-08 18:00:00,7,1,8,18,0,510,388,,49.128,4.363,Nuit avec éclairage allumé,Hors agglomération,Hors intersection,Pluie légère,Deux véhicules - frontale,,,,,,,,,,,5,1,1,2,1
200700000941,0007-01-14 17:45:00,7,1,14,17,45,510,555,,48.737,4.317,Crépuscule ou aube,Hors agglomération,Hors intersection,Normale,Sans collision,,,,,,,,,,,2,1,1,1,7
200700000942,0007-01-17 17:45:00,7,1,17,17,45,510,308,Ancienne route nationale,49.288,3.818,Nuit avec éclairage allumé,En agglomération,Intersection en T,Pluie légère,Deux véhicules - côté,,,,,,,,,,,5,2,3,2,3
200700000943,0007-01-05 16:30:00,7,1,5,16,30,510,140,,49.192,3.847,Plein jour,Hors agglomération,Hors intersection,Pluie légère,Sans collision,,,,,,,,,,,1,1,1,2,7
200700000944,0007-01-21 07:15:00,7,1,21,7,15,510,89,,,,Plein jour,Hors agglomération,Hors intersection,Normale,Autre collision,,,,,,,,,,,1,1,1,1,6
200700000945,0007-01-23 10:30:00,7,1,23,10,30,510,391,Rue de Reims,49.278,3.896,Plein jour,En agglomération,Hors intersection,Normale,Deux véhicules - côté,,,,,,,,,,,1,2,1,1,3
200700000946,0007-01-14 06:15:00,7,1,14,6,15,510,465,"-dit ""Ecoute s'il pleut""",,,Nuit sans éclairage public,Hors agglomération,Hors intersection,Normale,Autre collision,,,,,,,,,,,3,1,1,1,6
200700000947,0007-01-05 15:00:00,7,1,5,15,0,510,531,place hôtel de ville,48.789,4.913,Plein jour,En agglomération,Intersection en X,Temps couvert,Deux véhicules - côté,,,,,,,,,,,1,2,2,8,3
200700000948,0007-01-04 18:15:00,7,1,4,18,15,80,388,,49.714,4.708,Nuit sans éclairage public,Hors agglomération,Hors intersection,Normale,Autre collision,,,,,,,,,,,3,1,1,1,6
200700000949,0007-01-16 11:30:00,7,1,16,11,30,80,328,,49.824,4.719,Plein jour,Hors agglomération,Hors intersection,Normale,Deux véhicules - côté,,,,,,,,,,,1,1,1,1,3
200700000950,0007-01-18 07:30:00,7,1,18,7,30,80,361,avenue Charles de Gaulle,,,Nuit avec éclairage allumé,En agglomération,Hors intersection,Pluie forte,Autre collision,,,,,,,,,,,5,2,1,3,6
200700000951,0007-01-18 16:30:00,7,1,18,16,30,80,363,1 rue Edgar QUINET,49.947,4.629,Plein jour,En agglomération,Hors intersection,Vent fort / tempête,Autre collision,,,,,,,,,,,1,2,1,6,6
200700000952,0007-01-20 16:00:00,7,1,20,16,0,80,304,,,,Nuit sans éclairage public,Hors agglomération,Hors intersection,Normale,Sans collision,,,,,,,,,,,3,1,1,1,7
200700000953,0007-01-21 17:45:00,7,1,21,17,45,80,282,,,,Crépuscule ou aube,Hors agglomération,Hors intersection,Temps couvert,Sans collision,,,,,,,,,,,2,1,1,8,7
200700000954,0007-01-26 13:30:00,7,1,26,13,30,80,343,,,,Plein jour,Hors agglomération,Hors intersection,Normale,Deux véhicules - arrière,,,,,,,,,,,1,1,1,1,2
200700000955,0007-01-07 18:30:00,7,1,7,18,30,80,490,Lieu dit La Providence,,,Nuit avec éclairage allumé,Hors agglomération,Intersection en X,Normale,Deux véhicules - frontale,,,,,,,,,,,5,1,2,1,1
200700000956,0007-01-06 08:45:00,7,1,6,8,45,100,67,,48.23,4.13,Plein jour,Hors agglomération,Hors intersection,Normale,Trois véhicules et plus - collisions multiples,,,,,,,,,,,1,1,1,1,5
200700000957,0007-01-28 11:30:00,7,1,28,11,30,100,263,,,,Plein jour,Hors agglomération,Hors intersection,Normale,Sans collision,,,,,,,,,,,1,1,1,1,7
200700000958,0007-01-02 15:10:00,7,1,2,15,10,100,191,RN210,,,Plein jour,Hors agglomération,Hors intersection,Temps couvert,Deux véhicules - frontale,,,,,,,,,,,1,1,1,8,1
200700000959,0007-01-04 10:00:00,7,1,4,10,0,100,19,,48.403,4.372,Plein jour,Hors agglomération,Intersection en X,Temps couvert,Deux véhicules - côté,,,,,,,,,,,1,1,2,8,3
200700000960,0007-01-07 19:45:00,7,1,7,19,45,100,19,,48.399,4.368,Nuit sans éclairage public,Hors agglomération,Hors intersection,Normale,Deux véhicules - frontale,,,,,,,,,,,3,1,1,1,1
200700000961,0007-01-23 18:00:00,7,1,23,18,0,100,287,rue de la Chapelle,,,Nuit avec éclairage allumé,En agglomération,Intersection en T,Neige / grêle,Deux véhicules - côté,,,,,,,,,,,5,2,3,4,3
200700000962,0007-01-17 12:15:00,7,1,17,12,15,100,33,Boulavrd du 14 juillet,48.236,4.712,Plein jour,En agglomération,Hors intersection,Normale,Autre collision,,,,,,,,,,,1,2,1,1,6
200700000963,0007-01-13 18:30:00,7,1,13,18,30,100,181,Intersection D81-D93,,,Nuit sans éclairage public,Hors agglomération,Intersection en X,Pluie légère,Deux véhicules - côté,,,,,,,,,,,3,1,2,2,3
200700000964,0007-01-01 10:15:00,7,1,1,10,15,100,268,,,,Plein jour,Hors agglomération,Hors intersection,Normale,Deux véhicules - frontale,,,,,,,,,,,1,1,1,1,1
200700000965,0007-01-05 18:00:00,7,1,5,18,0,100,268,RUE JULES FERRY,,,Nuit avec éclairage allumé,En agglomération,Giratoire,Normale,Deux véhicules - frontale,,,,,,,,,,,5,2,6,1,1
200700000966,0007-01-06 23:15:00,7,1,6,23,15,100,323,132 rue gornet boivin,48.521,3.733,Nuit avec éclairage allumé,En agglomération,Autre intersection,Pluie légère,Sans collision,,,,,,,,,,,5,2,9,2,7
200700000967,0007-01-07 01:45:00,7,1,7,1,45,100,323,30 rue Mignonette,,,Nuit avec éclairage allumé,En agglomération,Hors intersection,Temps couvert,Autre collision,,,,,,,,,,,5,2,1,8,6
200700000968,0007-01-22 07:30:00,7,1,22,7,30,100,368,,,,Nuit sans éclairage public,Hors agglomération,Hors intersection,Normale,Deux véhicules - côté,,,,,,,,,,,3,1,1,1,3
200700000969,0007-01-29 13:30:00,7,1,29,13,30,520,276,,,,Plein jour,Hors agglomération,Hors intersection,Brouillard / fumée,Trois véhicules et plus - collisions multiples,,,,,,,,,,,1,1,1,5,5
200700000970,0007-01-16 07:30:00,7,1,16,7,30,520,23,CD 150,,,Crépuscule ou aube,Hors agglomération,Hors intersection,Brouillard / fumée,Autre collision,,,,,,,,,,,2,1,1,5,6
200700000971,0007-01-15 13:30:00,7,1,15,13,30,520,244,refour CD2 / RUE DU PONT,,,Plein jour,En agglomération,Intersection en T,Normale,Deux véhicules - côté,,,,,,,,,,,1,2,3,1,3
200700000972,0007-01-19 17:45:00,7,1,19,17,45,520,250,,,,Nuit sans éclairage public,Hors agglomération,Hors intersection,Pluie légère,Autre collision,,,,,,,,,,,3,1,1,2,6
200700000973,0007-01-05 17:30:00,7,1,5,17,30,520,331,Rue Auddifred,,,Nuit avec éclairage allumé,En agglomération,Hors intersection,Normale,Deux véhicules - arrière,,,,,,,,,,,5,2,1,1,2
200700000974,0007-01-14 17:00:00,7,1,14,17,0,520,21,,,,Crépuscule ou aube,Hors agglomération,Hors intersection,Pluie légère,Sans collision,,,,,,,,,,,2,1,1,2,7
200700000975,0007-01-29 02:15:00,7,1,29,2,15,210,501,,47.485,4.184,Nuit sans éclairage public,Hors agglomération,Hors intersection,Normale,Deux véhicules - arrière,,,,,,,,,,,3,1,1,1,2
200700000976,0007-01-13 05:30:00,7,1,13,5,30,210,209,,47.346,5.129,Nuit sans éclairage public,Hors agglomération,Hors intersection,Pluie légère,Sans collision,,,,,,,,,,,3,1,1,2,7
200700000977,0007-01-08 08:50:00,7,1,8,8,50,210,16,CD70 - PK 47+700,,,Plein jour,Hors agglomération,Hors intersection,Pluie légère,Deux véhicules - frontale,,,,,,,,,,,1,1,1,2,1
200700000978,0007-01-02 07:45:00,7,1,2,7,45,210,512,Chemin des vignes,,,Crépuscule ou aube,Hors agglomération,Hors intersection,Pluie légère,Autre collision,,,,,,,,,,,2,1,1,2,6
200700000979,0007-01-02 20:45:00,7,1,2,20,45,210,567,,47.124,4.501,Nuit sans éclairage public,Hors agglomération,Hors intersection,Temps couvert,Deux véhicules - côté,,,,,,,,,,,3,1,1,8,3
200700000980,0007-01-05 07:30:00,7,1,5,7,30,210,154,,47.433,4.967,Nuit sans éclairage public,Hors agglomération,Hors intersection,Temps couvert,Deux véhicules - frontale,,,,,,,,,,,3,1,1,8,1
200700000981,0007-01-21 06:15:00,7,1,21,6,15,210,451,,,,Nuit sans éclairage public,Hors agglomération,Hors intersection,Normale,Sans collision,,,,,,,,,,,3,1,1,1,7
200700000982,0007-01-06 18:30:00,7,1,6,18,30,210,425,RUE MICHEL SERVET,,,Nuit avec éclairage allumé,En agglomération,Hors intersection,Normale,Autre collision,,,,,,,,,,,5,2,1,1,6
200700000983,0007-01-31 21:00:00,7,1,31,21,0,580,278,,46.971,3.177,Nuit sans éclairage public,Hors agglomération,Hors intersection,Normale,Deux véhicules - arrière,,,,,,,,,,,3,1,1,1,2
200700000984,0007-01-29 10:30:00,7,1,29,10,30,580,286,D.119,47.37,3.601,Plein jour,En agglomération,Hors intersection,Normale,Deux véhicules - frontale,,,,,,,,,,,1,2,1,1,1
200700000985,0007-01-31 20:00:00,7,1,31,20,0,580,85,,47.441,3.421,Nuit sans éclairage public,Hors agglomération,Hors intersection,Normale,Deux véhicules - frontale,,,,,,,,,,,3,1,1,1,1
200700000986,0007-01-12 16:45:00,7,1,12,16,45,580,210,,47.151,4.029,Plein jour,Hors agglomération,Intersection en T,Normale,Deux véhicules - côté,,,,,,,,,,,1,1,3,1,3
200700000987,0007-01-25 12:45:00,7,1,25,12,45,580,37,le Bourg,47.269,3.939,Plein jour,En agglomération,Intersection en X,Temps couvert,Deux véhicules - côté,,,,,,,,,,,1,2,2,8,3
200700000988,0007-01-04 12:15:00,7,1,4,12,15,580,59,,,,Plein jour,Hors agglomération,Hors intersection,Pluie légère,Autre collision,,,,,,,,,,,1,1,1,2,6
200700000989,0007-01-09 01:45:00,7,1,9,1,45,710,248,Le Bourg,,,Nuit sans éclairage public,En agglomération,Hors intersection,Pluie légère,Deux véhicules - frontale,,,,,,,,,,,3,2,1,2,1
200700000990,0007-01-09 19:30:00,7,1,9,19,30,710,521,,,,Nuit avec éclairage allumé,Hors agglomération,Hors intersection,Normale,Deux véhicules - côté,,,,,,,,,,,5,1,1,1,3
200700000991,0007-01-16 07:50:00,7,1,16,7,50,710,543,CD 215 AVENUE VITRIER,,,Crépuscule ou aube,En agglomération,Hors intersection,Pluie légère,Deux véhicules - frontale,,,,,,,,,,,2,2,1,2,1
200700000992,0007-01-26 21:15:00,7,1,26,21,15,710,549,,,,Nuit avec éclairage allumé,Hors agglomération,Hors intersection,Normale,Autre collision,,,,,,,,,,,5,1,1,1,6
200700000993,0007-01-08 16:30:00,7,1,8,16,30,710,192,,46.89,4.189,Plein jour,Hors agglomération,Hors intersection,Pluie forte,Deux véhicules - frontale,,,,,,,,,,,1,1,1,3,1
200700000994,0007-01-06 19:00:00,7,1,6,19,0,710,391,,,,Nuit sans éclairage public,Hors agglomération,Hors intersection,Pluie légère,Trois véhicules et plus - collisions multiples,,,,,,,,,,,3,1,1,2,5
200700000995,0007-01-21 13:45:00,7,1,21,13,45,710,221,,46.787,4.786,Plein jour,Hors agglomération,Hors intersection,Normale,Sans collision,,,,,,,,,,,1,1,1,1,7
200700000996,0007-01-23 16:00:00,7,1,23,16,0,710,167,,46.841,4.997,Plein jour,Hors agglomération,Hors intersection,Neige / grêle,Deux véhicules - frontale,,,,,,,,,,,1,1,1,4,1
200700000997,0007-01-21 18:15:00,7,1,21,18,15,710,95,le gothard,,,Nuit sans éclairage public,Hors agglomération,Hors intersection,Normale,Deux véhicules - frontale,,,,,,,,,,,3,1,1,1,1
200700000998,0007-01-01 01:00:00,7,1,1,1,0,710,176,,46.51,4.02,Nuit sans éclairage public,Hors agglomération,Hors intersection,Pluie légère,Sans collision,,,,,,,,,,,3,1,1,2,7
200700000999,0007-01-09 10:00:00,7,1,9,10,0,710,176,53 avenue des platanes,46.48,3.98,Plein jour,En agglomération,Hors intersection,Normale,Deux véhicules - côté,,,,,,,,,,,1,2,1,1,3
200700001000,0007-01-31 00:01:00,7,1,31,0,1,710,176,,46.497,4.045,Nuit sans éclairage public,Hors agglomération,Hors intersection,Temps couvert,Deux véhicules - frontale,,,,,,,,,,,3,1,1,8,1
200700001001,0007-01-08 19:20:00,7,1,8,19,20,710,275,la Gare - Z.I St Nizier,,,Nuit avec éclairage allumé,En agglomération,Giratoire,Pluie légère,Deux véhicules - côté,,,,,,,,,,,5,2,6,2,3
200700001002,0007-01-11 10:30:00,7,1,11,10,30,710,275,RD 982,,,Plein jour,En agglomération,Intersection en T,Normale,Deux véhicules - côté,,,,,,,,,,,1,2,3,1,3
200700001003,0007-01-08 17:45:00,7,1,8,17,45,710,342,boulevard Henri de Regni,,,Nuit avec éclairage allumé,En agglomération,Hors intersection,Pluie légère,Autre collision,,,,,,,,,,,5,2,1,2,6
200700001004,0007-01-02 17:30:00,7,1,2,17,30,710,340,70 lieu-dit Les Cantons,,,Nuit sans éclairage public,Hors agglomération,Hors intersection,Pluie légère,Trois véhicules et plus - collisions multiples,,,,,,,,,,,3,1,1,2,5
200700001005,0007-01-09 11:45:00,7,1,9,11,45,710,410,,,,Plein jour,Hors agglomération,Hors intersection,Normale,Sans collision,,,,,,,,,,,1,1,1,1,7
200700001006,0007-01-23 16:00:00,7,1,23,16,0,710,396,,46.871,5.21,Plein jour,Hors agglomération,Hors intersection,Neige / grêle,Sans collision,,,,,,,,,,,1,1,1,4,7
200700001007,0007-01-21 18:15:00,7,1,21,18,15,710,310,avenue de la république,46.754,4.469,Nuit avec éclairage allumé,En agglomération,Hors intersection,Normale,Autre collision,,,,,,,,,,,5,2,1,1,6
200700001008,0007-01-01 17:45:00,7,1,1,17,45,890,83,,47.812,3.493,Nuit sans éclairage public,Hors agglomération,Hors intersection,Normale,Deux véhicules - arrière,,,,,,,,,,,3,1,1,1,2
200700001009,0007-01-01 03:15:00,7,1,1,3,15,890,227,D 34,,,Nuit sans éclairage public,Hors agglomération,Hors intersection,Pluie légère,Autre collision,,,,,,,,,,,3,1,1,2,6
200700001010,0007-01-08 13:00:00,7,1,8,13,0,890,382,,47.884,3.597,Plein jour,Hors agglomération,Hors intersection,Normale,Deux véhicules - frontale,,,,,,,,,,,1,1,1,1,1
200700001011,0007-01-05 23:30:00,7,1,5,23,30,890,324,communale C4 PK 5 + 600,,,Nuit sans éclairage public,Hors agglomération,Hors intersection,Pluie légère,Sans collision,,,,,,,,,,,3,1,1,2,7
200700001012,0007-01-30 18:20:00,7,1,30,18,20,890,419,"""Les Bréchots""",,,Crépuscule ou aube,Hors agglomération,Hors intersection,Normale,Deux véhicules - arrière,,,,,,,,,,,2,1,1,1,2
200700001013,0007-01-11 13:15:00,7,1,11,13,15,890,347,route communale,,,Plein jour,Hors agglomération,Hors intersection,Normale,Sans collision,,,,,,,,,,,1,1,1,1,7
200700001014,0007-01-20 20:45:00,7,1,20,20,45,890,206,,,,Nuit sans éclairage public,Hors agglomération,Hors intersection,Pluie légère,Deux véhicules - frontale,,,,,,,,,,,3,1,1,2,1
200700001015,0007-01-23 12:00:00,7,1,23,12,0,890,55,,,,Plein jour,Hors agglomération,Hors intersection,Neige / grêle,Autre collision,,,,,,,,,,,1,1,1,4,6
200700001016,0007-01-01 08:00:00,7,1,1,8,0,890,27,01 route de SENS,,,Crépuscule ou aube,En agglomération,Hors intersection,Normale,Autre collision,,,,,,,,,,,2,2,1,1,6
200700001017,0007-01-22 17:30:00,7,1,22,17,30,890,239,RN 60,,,Crépuscule ou aube,Hors agglomération,Hors intersection,Normale,Deux véhicules - côté,,,,,,,,,,,2,1,1,1,3
200700001018,0007-01-27 06:30:00,7,1,27,6,30,890,399,,48.268,3.344,Nuit sans éclairage public,Hors agglomération,Hors intersection,Autre,Sans collision,,,,,,,,,,,3,1,1,9,7
200700001019,0007-01-13 19:30:00,7,1,13,19,30,890,449,RN6,,,Nuit avec éclairage allumé,En agglomération,Hors intersection,Normale,Deux véhicules - frontale,,,,,,,,,,,5,2,1,1,1
200700001020,0007-01-20 14:30:00,7,1,20,14,30,890,467,vallée hameau de Bonval,,,Plein jour,Hors agglomération,Hors intersection,Normale,Sans collision,,,,,,,,,,,1,1,1,1,7
200700001021,0007-01-01 17:45:00,7,1,1,17,45,890,348,,,,Nuit sans éclairage public,Hors agglomération,Hors intersection,Normale,Trois véhicules et plus - collisions multiples,,,,,,,,,,,3,1,1,1,5
200700001022,0007-01-04 18:30:00,7,1,4,18,30,890,299,,,,Nuit sans éclairage public,Hors agglomération,Hors intersection,Pluie légère,Deux véhicules - côté,,,,,,,,,,,3,1,1,2,3
200700001023,0007-01-27 15:00:00,7,1,27,15,0,890,280,"PK 88+200, D905",,,Plein jour,Hors agglomération,Hors intersection,Normale,Deux véhicules - frontale,,,,,,,,,,,1,1,1,1,1
200700001024,0007-01-01 03:00:00,7,1,1,3,0,250,532,15 rue de l'industrie,,,Nuit avec éclairage allumé,En agglomération,Hors intersection,Normale,Autre collision,,,,,,,,,,,5,2,1,1,6
200700001025,0007-01-15 20:30:00,7,1,15,20,30,250,328,,47.19,5.966,Nuit sans éclairage public,Hors agglomération,Hors intersection,Temps couvert,Deux véhicules - frontale,,,,,,,,,,,3,1,1,8,1
200700001026,0007-01-15 08:05:00,7,1,15,8,5,250,305,RN 57 PK 33,,,Plein jour,Hors agglomération,Hors intersection,Normale,Trois véhicules et plus - collisions multiples,,,,,,,,,,,1,1,1,1,5
200700001027,0007-01-21 10:15:00,7,1,21,10,15,250,628,,,,Plein jour,Hors agglomération,Hors intersection,Normale,Sans collision,,,,,,,,,,,1,1,1,1,7
200700001028,0007-01-05 22:45:00,7,1,5,22,45,250,147,35 grande rue,,,Nuit avec éclairage allumé,En agglomération,Hors intersection,Normale,Autre collision,,,,,,,,,,,5,2,1,1,6
200700001029,0007-01-03 10:30:00,7,1,3,10,30,250,287,,,,Plein jour,Hors agglomération,Hors intersection,Normale,Sans collision,,,,,,,,,,,1,1,1,1,7
200700001030,0007-01-01 09:00:00,7,1,1,9,0,250,224,"""La Raydans""",,,Plein jour,Hors agglomération,Hors intersection,Pluie forte,Deux véhicules - frontale,,,,,,,,,,,1,1,1,3,1
200700001031,0007-01-03 21:20:00,7,1,3,21,20,250,48,grand rue,,,Nuit sans éclairage public,En agglomération,Hors intersection,Normale,Autre collision,,,,,,,,,,,3,2,1,1,6
200700001032,0007-01-16 16:00:00,7,1,16,16,0,250,196,,47.494,6.903,Plein jour,Hors agglomération,Hors intersection,Normale,Autre collision,,,,,,,,,,,1,1,1,1,6
200700001033,0007-01-23 16:30:00,7,1,23,16,30,250,256,,,,Crépuscule ou aube,Hors agglomération,Hors intersection,Pluie légère,Trois véhicules et plus - collisions multiples,,,,,,,,,,,2,1,1,2,5
200700001034,0007-01-02 18:00:00,7,1,2,18,0,250,463,grande rue (VERMONDANS),,,Nuit avec éclairage allumé,En agglomération,Hors intersection,Pluie forte,Autre collision,,,,,,,,,,,5,2,1,3,6
200700001035,0007-01-26 19:40:00,7,1,26,19,40,250,519,"CD 437, PK 107.00",,,Nuit sans éclairage public,Hors agglomération,Hors intersection,Autre,Autre collision,,,,,,,,,,,3,1,1,9,6
200700001036,0007-01-08 15:15:00,7,1,8,15,15,250,529,,,,Plein jour,Hors agglomération,Hors intersection,Normale,Deux véhicules - frontale,,,,,,,,,,,1,1,1,1,1
200700001037,0007-01-17 18:15:00,7,1,17,18,15,250,566,,47.396,6.232,Nuit sans éclairage public,Hors agglomération,Intersection en X,Normale,Deux véhicules - côté,,,,,,,,,,,3,1,2,1,3
200700001038,0007-01-18 16:40:00,7,1,18,16,40,250,86,cd486,,,Plein jour,Hors agglomération,Hors intersection,Pluie légère,Deux véhicules - frontale,,,,,,,,,,,1,1,1,2,1
200700001039,0007-01-02 14:15:00,7,1,2,14,15,250,424,RN 57,,,Plein jour,Hors agglomération,Hors intersection,Neige / grêle,Deux véhicules - frontale,,,,,,,,,,,1,1,1,4,1
200700001040,0007-01-06 01:45:00,7,1,6,1,45,390,431,,,,Nuit sans éclairage public,Hors agglomération,Hors intersection,Temps couvert,Autre collision,,,,,,,,,,,3,1,1,8,6
200700001041,0007-01-29 19:30:00,7,1,29,19,30,390,225,,46.769,5.717,Nuit sans éclairage public,Hors agglomération,Hors intersection,Normale,Autre collision,,,,,,,,,,,3,1,1,1,6
200700001042,0007-01-17 08:40:00,7,1,17,8,40,390,183,CD 27 PK 6 + 040,,,Plein jour,Hors agglomération,Hors intersection,Pluie légère,Deux véhicules - frontale,,,,,,,,,,,1,1,1,2,1
200700001043,0007-01-23 08:15:00,7,1,23,8,15,390,434,grande rue,46.843,5.71,Crépuscule ou aube,En agglomération,Hors intersection,Pluie légère,Deux véhicules - arrière,,,,,,,,,,,2,2,1,2,2
200700001044,0007-01-07 06:30:00,7,1,7,6,30,390,399,,47.0,5.66,Nuit sans éclairage public,Hors agglomération,Hors intersection,Normale,Autre collision,,,,,,,,,,,3,1,1,1,6
200700001045,0007-01-18 17:15:00,7,1,18,17,15,390,370,21 RUE DE LA REPUBLIQUE,46.981,5.801,Crépuscule ou aube,En agglomération,Hors intersection,Pluie légère,Autre collision,,,,,,,,,,,2,2,1,2,6
200700001046,0007-01-12 17:10:00,7,1,12,17,10,390,571,ute de Mont sous Vaudrey,,,Crépuscule ou aube,En agglomération,Intersection en X,Temps couvert,Deux véhicules - côté,,,,,,,,,,,2,2,2,8,3
200700001047,0007-01-18 13:15:00,7,1,18,13,15,390,269,,,,Plein jour,Hors agglomération,Hors intersection,Normale,Deux véhicules - frontale,,,,,,,,,,,1,1,1,1,1
200700001048,0007-01-20 10:10:00,7,1,20,10,10,390,286,,,,Plein jour,Hors agglomération,Hors intersection,Temps couvert,Autre collision,,,,,,,,,,,1,1,1,8,6
200700001049,0007-01-08 12:45:00,7,1,8,12,45,700,20,,,,Plein jour,Hors agglomération,Hors intersection,Temps couvert,Deux véhicules - côté,,,,,,,,,,,1,1,1,8,3
200700001050,0007-01-06 02:30:00,7,1,6,2,30,700,275,"CD 474, PK 36+95",,,Nuit sans éclairage public,Hors agglomération,Hors intersection,Normale,Deux véhicules - arrière,,,,,,,,,,,3,1,1,1,2
200700001051,0007-01-04 11:05:00,7,1,4,11,5,700,262,RN.19,47.676,6.383,Plein jour,Hors agglomération,Hors intersection,Pluie légère,Deux véhicules - frontale,,,,,,,,,,,1,1,1,2,1
200700001052,0007-01-27 00:30:00,7,1,27,0,30,700,464,Lieu dit Le Mont,47.722,6.527,Nuit sans éclairage public,En agglomération,Hors intersection,Normale,Autre collision,,,,,,,,,,,3,2,1,1,6
200700001053,0007-01-15 18:30:00,7,1,15,18,30,700,467,,47.909,6.405,Nuit sans éclairage public,Hors agglomération,Hors intersection,Normale,Deux véhicules - frontale,,,,,,,,,,,3,1,1,1,1
200700001054,0007-01-30 08:00:00,7,1,30,8,0,700,279,Avenue  Maréchal LYAUTEY,,,Plein jour,En agglomération,Hors intersection,Brouillard / fumée,Autre collision,,,,,,,,,,,1,2,1,5,6
200700001055,0007-01-15 11:45:00,7,1,15,11,45,900,9,RUE PERGAUD,47.494,6.924,Plein jour,En agglomération,Hors intersection,Normale,Autre collision,,,,,,,,,,,1,2,1,1,6
200700001056,0007-01-05 14:45:00,7,1,5,14,45,380,336,,,,Plein jour,Hors agglomération,Hors intersection,Temps couvert,Trois véhicules et plus - collisions multiples,,,,,,,,,,,1,1,1,8,5
200700001057,0007-01-02 16:00:00,7,1,2,16,0,260,252,76 + 700 - sens NORD/SUD,44.874,4.867,Plein jour,Hors agglomération,Hors intersection,Normale,Deux véhicules - côté,,,,,,,,,,,1,1,1,1,3
200700001058,0007-01-03 04:30:00,7,1,3,4,30,260,165,PK 90+800 sens 2,,,Nuit sans éclairage public,Hors agglomération,Hors intersection,Pluie légère,Deux véhicules - côté,,,,,,,,,,,3,1,1,2,3
200700001059,0007-01-03 22:30:00,7,1,3,22,30,260,324,,44.335,4.74,Nuit avec éclairage non allumé,Hors agglomération,Hors intersection,Normale,Deux véhicules - arrière,,,,,,,,,,,4,1,1,1,2
200700001060,0007-01-04 07:45:00,7,1,4,7,45,260,138,,44.383,4.732,Crépuscule ou aube,Hors agglomération,Hors intersection,Normale,Deux véhicules - arrière,,,,,,,,,,,2,1,1,1,2
200700001061,0007-01-08 13:50:00,7,1,8,13,50,260,191,"K 116+400, sens Sud-Nord",44.548,4.808,Plein jour,Hors agglomération,Hors intersection,Normale,Deux véhicules - frontale,,,,,,,,,,,1,1,1,1,1
200700001062,0007-01-29 09:30:00,7,1,29,9,30,130,60,,,,Plein jour,Hors agglomération,Hors intersection,Normale,Deux véhicules - frontale,,,,,,,,,,,1,1,1,1,1
200700001063,0007-01-18 07:45:00,7,1,18,7,45,130,59,,43.656,5.493,Crépuscule ou aube,Hors agglomération,Hors intersection,Brouillard / fumée,Deux véhicules - frontale,,,,,,,,,,,2,1,1,5,1
200700001064,0007-01-10 12:00:00,7,1,10,12,0,130,19,,43.421,5.357,Plein jour,Hors agglomération,Hors intersection,Normale,Autre collision,,,,,,,,,,,1,1,1,1,6
200700001065,0007-01-12 19:50:00,7,1,12,19,50,130,19,D543,,,Nuit sans éclairage public,Hors agglomération,Hors intersection,Normale,Autre collision,,,,,,,,,,,3,1,1,1,6
200700001066,0007-01-15 17:15:00,7,1,15,17,15,130,15,276 PLAN Marseillais,,,Plein jour,En agglomération,Hors intersection,Normale,Deux véhicules - arrière,,,,,,,,,,,1,2,1,1,2
200700001067,0007-01-04 14:00:00,7,1,4,14,0,130,110,ntersection CD56a / CD6e,,,Plein jour,Hors agglomération,Intersection en T,Normale,Deux véhicules - frontale,,,,,,,,,,,1,1,3,1,1
200700001068,0007-01-04 10:45:00,7,1,4,10,45,130,110,AVENUE JULES FERRY,43.452,5.688,Plein jour,En agglomération,Hors intersection,Normale,Autre collision,,,,,,,,,,,1,2,1,1,6