accident_id,datetime,annee,mois,jour,heure,minute,departement,commune_insee,adresse,latitude,longitude,luminosite,agglomeration,intersection,meteo,collision,nb_vehicules,nb_usagers,nb_indemnes,nb_tues,nb_blesses_hosp,nb_blesses_legers,age_cond_1,age_cond_2,veh_type_cond_1,veh_type_cond_2,lum_code,agg_code,int_code,atm_code,col_code
200700001204,0007-01-13 05:30:00,7,1,13,5,30,110,325,,,,Nuit sans éclairage public,Hors agglomération,Hors intersection,Normale,Sans collision,,,,,,,,,,,3,1,1,1,7
200700001205,0007-01-06 03:40:00,7,1,6,3,40,110,106,enue de Toulouse CD 9000,,,Nuit avec éclairage allumé,En agglomération,Hors intersection,Normale,Autre collision,,,,,,,,,,,5,2,1,1,6
200700001206,0007-01-20 17:00:00,7,1,20,17,0,110,170,CD 32 Martime,,,Plein jour,Hors agglomération,Hors intersection,Normale,Deux véhicules - côté,,,,,,,,,,,1,1,1,1,3
200700001207,0007-01-18 18:45:00,7,1,18,18,45,110,124,,,,Nuit sans éclairage public,Hors agglomération,Hors intersection,Normale,Deux véhicules - côté,,,,,,,,,,,3,1,1,1,3
200700001208,0007-01-10 20:45:00,7,1,10,20,45,110,12,,,,Nuit sans éclairage public,Hors agglomération,Hors intersection,Normale,Autre collision,,,,,,,,,,,3,1,1,1,6
200700001209,0007-01-27 14:30:00,7,1,27,14,30,300,133,rue du levant,,,Plein jour,En agglomération,Hors intersection,Normale,Autre collision,,,,,,,,,,,1,2,1,1,6
200700001210,0007-01-09 16:30:00,7,1,9,16,30,300,75,RUE DU STADE,,,Plein jour,En agglomération,Hors intersection,Normale,Deux véhicules - côté,,,,,,,,,,,1,2,1,1,3
200700001211,0007-01-22 08:15:00,7,1,22,8,15,300,114,,43.821,4.096,Plein jour,Hors agglomération,Hors intersection,Normale,Deux véhicules - frontale,,,,,,,,,,,1,1,1,1,1
200700001212,0007-01-03 08:30:00,7,1,3,8,30,300,257,,43.849,4.496,Plein jour,Hors agglomération,Hors intersection,Normale,Autre collision,,,,,,,,,,,1,1,1,1,6
200700001213,0007-01-13 16:00:00,7,1,13,16,0,300,156,Rond Point Super U,,,Plein jour,Hors agglomération,Giratoire,Normale,Deux véhicules - frontale,,,,,,,,,,,1,1,6,1,1
200700001214,0007-01-22 20:30:00,7,1,22,20,30,300,39,RD 6086,,,Nuit sans éclairage public,En agglomération,Autre intersection,Normale,Deux véhicules - frontale,,,,,,,,,,,3,2,9,1,1
200700001215,0007-01-31 21:00:00,7,1,31,21,0,300,156,,43.894,4.435,Nuit sans éclairage public,Hors agglomération,Hors intersection,Normale,Sans collision,,,,,,,,,,,3,1,1,1,7
200700001216,0007-01-31 14:00:00,7,1,31,14,0,300,211,,43.831,4.507,Plein jour,En agglomération,Hors intersection,Normale,Trois véhicules et plus - en chaîne,,,,,,,,,,,1,2,1,1,4
200700001217,0007-01-21 15:00:00,7,1,21,15,0,300,258,,,,Plein jour,Hors agglomération,Hors intersection,Normale,Deux véhicules - côté,,,,,,,,,,,1,1,1,1,3
200700001218,0007-01-31 22:15:00,7,1,31,22,15,300,258,RN 572,,,Nuit sans éclairage public,Hors agglomération,Hors intersection,Normale,Sans collision,,,,,,,,,,,3,1,1,1,7
200700001219,0007-01-11 07:45:00,7,1,11,7,45,300,344,CD139,43.726,4.256,Plein jour,Hors agglomération,Hors intersection,Normale,Deux véhicules - arrière,,,,,,,,,,,1,1,1,1,2
200700001220,0007-01-17 20:00:00,7,1,17,20,0,300,36,,43.783,4.291,Nuit sans éclairage public,Hors agglomération,Hors intersection,Normale,Deux véhicules - arrière,,,,,,,,,,,3,1,1,1,2
200700001221,0007-01-05 17:00:00,7,1,5,17,0,300,269,Rue Abraham MAZEL,44.109,3.886,Plein jour,En agglomération,Autre intersection,Normale,Deux véhicules - frontale,,,,,,,,,,,1,2,9,1,1
200700001222,0007-01-03 10:00:00,7,1,3,10,0,300,307,16 Rue du 08 mai 1945,,,Plein jour,En agglomération,Hors intersection,Normale,Autre collision,,,,,,,,,,,1,2,1,1,6
200700001223,0007-01-09 15:45:00,7,1,9,15,45,300,284,CD 904,44.165,4.095,Plein jour,En agglomération,Hors intersection,Normale,Deux véhicules - côté,,,,,,,,,,,1,2,1,1,3
200700001224,0007-01-12 18:50:00,7,1,12,18,50,300,109,CD 981,,,Nuit sans éclairage public,Hors agglomération,Hors intersection,Normale,Sans collision,,,,,,,,,,,3,1,1,1,7
200700001225,0007-01-15 14:00:00,7,1,15,14,0,300,46,,44.001,4.189,Plein jour,Hors agglomération,Hors intersection,Normale,Deux véhicules - côté,,,,,,,,,,,1,1,1,1,3
200700001226,0007-01-19 07:45:00,7,1,19,7,45,300,46,,44.003,4.184,Crépuscule ou aube,Hors agglomération,Hors intersection,Normale,Deux véhicules - côté,,,,,,,,,,,2,1,1,1,3
200700001227,0007-01-08 14:15:00,7,1,8,14,15,300,201,,44.404,3.934,Plein jour,Hors agglomération,Hors intersection,Temps couvert,Deux véhicules - frontale,,,,,,,,,,,1,1,1,8,1
200700001228,0007-01-20 18:25:00,7,1,20,18,25,300,268,"Lieu-dit ""La Nougarède""",,,Nuit sans éclairage public,Hors agglomération,Hors intersection,Normale,Deux véhicules - frontale,,,,,,,,,,,3,1,1,1,1
200700001229,0007-01-27 21:30:00,7,1,27,21,30,300,8,,44.196,4.24,Nuit sans éclairage public,Hors agglomération,Hors intersection,Normale,Autre collision,,,,,,,,,,,3,1,1,1,6
200700001230,0007-01-28 09:45:00,7,1,28,9,45,300,227,lieu dit Berguerolles,44.265,4.2,Plein jour,En agglomération,Autre intersection,Temps éblouissant,Autre collision,,,,,,,,,,,1,2,9,7,6
200700001231,0007-01-02 10:30:00,7,1,2,10,30,300,334,emin du grand Mas à UZES,,,Plein jour,Hors agglomération,Hors intersection,Normale,Deux véhicules - côté,,,,,,,,,,,1,1,1,1,3
200700001232,0007-01-20 03:15:00,7,1,20,3,15,300,14,,,,Nuit sans éclairage public,Hors agglomération,Hors intersection,Normale,Autre collision,,,,,,,,,,,3,1,1,1,6
200700001233,0007-01-25 19:15:00,7,1,25,19,15,300,319,,,,Nuit sans éclairage public,Hors agglomération,Hors intersection,Normale,Deux véhicules - frontale,,,,,,,,,,,3,1,1,1,1
200700001234,0007-01-22 08:45:00,7,1,22,8,45,300,84,,,,Plein jour,Hors agglomération,Hors intersection,Normale,Deux véhicules - côté,,,,,,,,,,,1,1,1,1,3
200700001235,0007-01-18 08:30:00,7,1,18,8,30,300,103,,43.959,4.658,Plein jour,Hors agglomération,Hors intersection,Brouillard / fumée,Deux véhicules - côté,,,,,,,,,,,1,1,1,5,3
200700001236,0007-01-20 14:45:00,7,1,20,14,45,300,179,,43.874,4.586,Plein jour,Hors agglomération,Hors intersection,Normale,Deux véhicules - arrière,,,,,,,,,,,1,1,1,1,2
200700001237,0007-01-15 04:30:00,7,1,15,4,30,300,182,"CD 22, PK 11+900",,,Nuit sans éclairage public,Hors agglomération,Hors intersection,Normale,Deux véhicules - côté,,,,,,,,,,,3,1,1,1,3
200700001238,0007-01-06 04:45:00,7,1,6,4,45,300,26,,,,Nuit sans éclairage public,Hors agglomération,Hors intersection,Normale,Sans collision,,,,,,,,,,,3,1,1,1,7
200700001239,0007-01-09 07:00:00,7,1,9,7,0,300,300,,,,Nuit sans éclairage public,Hors agglomération,Hors intersection,Normale,Deux véhicules - frontale,,,,,,,,,,,3,1,1,1,1
200700001240,0007-01-02 12:55:00,7,1,2,12,55,480,13,RN88 sens LANGOGNE-MENDE,,,Plein jour,Hors agglomération,Hors intersection,Temps couvert,Autre collision,,,,,,,,,,,1,1,1,8,6
200700001241,0007-01-21 16:00:00,7,1,21,16,0,480,127,la Baraque de la Grange,,,Plein jour,Hors agglomération,Hors intersection,Normale,Sans collision,,,,,,,,,,,1,1,1,1,7
200700001242,0007-01-17 17:45:00,7,1,17,17,45,660,65,,42.626,2.98,Plein jour,Hors agglomération,Hors intersection,Normale,Deux véhicules - frontale,,,,,,,,,,,1,1,1,1,1
200700001243,0007-01-06 16:30:00,7,1,6,16,30,660,171,Avenue Aramnd LANOUX,,,Plein jour,En agglomération,Hors intersection,Normale,Deux véhicules - côté,,,,,,,,,,,1,2,1,1,3
200700001244,0007-01-19 14:45:00,7,1,19,14,45,660,210,Avenue de la méditerrané,42.639,2.761,Plein jour,En agglomération,Hors intersection,Normale,Sans collision,,,,,,,,,,,1,2,1,1,7
200700001245,0007-01-19 13:15:00,7,1,19,13,15,660,178,CD 115,,,Plein jour,Hors agglomération,Hors intersection,Normale,Deux véhicules - côté,,,,,,,,,,,1,1,1,1,3
200700001246,0007-01-19 17:30:00,7,1,19,17,30,660,106,Avenue Foch,,,Plein jour,En agglomération,Hors intersection,Normale,Autre collision,,,,,,,,,,,1,2,1,1,6
200700001247,0007-01-06 23:45:00,7,1,6,23,45,660,161,,,,Nuit sans éclairage public,Hors agglomération,Hors intersection,Normale,Deux véhicules - arrière,,,,,,,,,,,3,1,1,1,2
200700001248,0007-01-09 09:45:00,7,1,9,9,45,660,72,,,,Plein jour,Hors agglomération,Intersection en X,Autre,Deux véhicules - frontale,,,,,,,,,,,1,1,2,9,1
200700001249,0007-01-13 17:15:00,7,1,13,17,15,660,167,,,,Plein jour,Hors agglomération,Hors intersection,Temps éblouissant,Sans collision,,,,,,,,,,,1,1,1,7,7
200700001250,0007-01-26 15:45:00,7,1,26,15,45,660,64,cd 10 f route d'AZUREVA,,,Plein jour,Hors agglomération,Hors intersection,Normale,Autre collision,,,,,,,,,,,1,1,1,1,6
200700001251,0007-01-03 12:15:00,7,1,3,12,15,660,215,,42.722,2.488,Plein jour,Hors agglomération,Hors intersection,Normale,Deux véhicules - frontale,,,,,,,,,,,1,1,1,1,1
200700001252,0007-01-12 10:30:00,7,1,12,10,30,201,345,D4,,,Plein jour,Hors agglomération,Hors intersection,Normale,Autre collision,,,,,,,,,,,1,1,1,1,6
200700001253,0007-01-31 15:30:00,7,1,31,15,30,201,209,,,,Nuit sans éclairage public,Hors agglomération,Hors intersection,Normale,Deux véhicules - côté,,,,,,,,,,,3,1,1,1,3
200700001254,0007-01-20 08:15:00,7,1,20,8,15,201,247,,,,Crépuscule ou aube,Hors agglomération,Hors intersection,Normale,Sans collision,,,,,,,,,,,2,1,1,1,7
200700001255,0007-01-16 12:00:00,7,1,16,12,0,201,349,Santa Giulia,,,Plein jour,En agglomération,Hors intersection,Normale,Deux véhicules - côté,,,,,,,,,,,1,2,1,1,3
200700001256,0007-01-10 09:00:00,7,1,10,9,0,202,265,RD82 au PK 4+650,42.602,9.396,Plein jour,Hors agglomération,Hors intersection,Normale,Sans collision,,,,,,,,,,,1,1,1,1,7
200700001257,0007-01-01 05:30:00,7,1,1,5,30,202,182,San Vincensu,,,Nuit sans éclairage public,Hors agglomération,Hors intersection,Normale,Sans collision,,,,,,,,,,,3,1,1,1,7
200700001258,0007-01-15 08:00:00,7,1,15,8,0,202,332,Le village,,,Plein jour,En agglomération,Hors intersection,Normale,Sans collision,,,,,,,,,,,1,2,1,1,7
200700001259,0007-01-09 16:30:00,7,1,9,16,30,202,9,RN 198,,,Plein jour,Hors agglomération,Hors intersection,Normale,Deux véhicules - frontale,,,,,,,,,,,1,1,1,1,1
200700001260,0007-01-31 18:15:00,7,1,31,18,15,202,16,,42.148,9.437,Nuit sans éclairage public,Hors agglomération,Hors intersection,Normale,Autre collision,,,,,,,,,,,3,1,1,1,6
200700001261,0007-01-21 08:00:00,7,1,21,8,0,202,313,Route nationale 198,,,Plein jour,En agglomération,Hors intersection,Normale,Deux véhicules - frontale,,,,,,,,,,,1,2,1,1,1
200700001262,0007-01-02 16:45:00,7,1,2,16,45,202,343,,42.496,9.484,Crépuscule ou aube,Hors agglomération,Intersection en X,Normale,Deux véhicules - côté,,,,,,,,,,,2,1,2,1,3
200700001263,0007-01-04 11:00:00,7,1,4,11,0,780,140,,,,Plein jour,Hors agglomération,Hors intersection,Normale,Deux véhicules - frontale,,,,,,,,,,,1,1,1,1,1
200700001264,0007-01-04 15:00:00,7,1,4,15,0,780,90,,,,Plein jour,Hors agglomération,Hors intersection,Normale,Deux véhicules - côté,,,,,,,,,,,1,1,1,1,3
200700001265,0007-01-08 17:45:00,7,1,8,17,45,780,206,,,,Nuit sans éclairage public,Hors agglomération,Intersection en X,Pluie légère,Trois véhicules et plus - collisions multiples,,,,,,,,,,,3,1,2,2,5
200700001266,0007-01-09 20:15:00,7,1,9,20,15,780,3,,48.52,1.825,Nuit sans éclairage public,Hors agglomération,Hors intersection,Normale,Autre collision,,,,,,,,,,,3,1,1,1,6
200700001267,0007-01-14 15:45:00,7,1,14,15,45,780,575,rue de versailles,,,Plein jour,En agglomération,Hors intersection,Normale,Deux véhicules - côté,,,,,,,,,,,1,2,1,1,3
200700001268,0007-01-04 08:05:00,7,1,4,8,5,780,404,RN 12 PK 56,,,Crépuscule ou aube,Hors agglomération,Hors intersection,Pluie légère,Deux véhicules - frontale,,,,,,,,,,,2,1,1,2,1
200700001269,0007-01-06 13:15:00,7,1,6,13,15,780,262,PK 46.29,,,Plein jour,Hors agglomération,Hors intersection,Normale,Autre collision,,,,,,,,,,,1,1,1,1,6
200700001270,0007-01-31 08:00:00,7,1,31,8,0,910,200,,,,Crépuscule ou aube,Hors agglomération,Hors intersection,Autre,Deux véhicules - arrière,,,,,,,,,,,2,1,1,9,2
200700001271,0007-01-07 11:00:00,7,1,7,11,0,910,226,Avenue de Cocatrix,,,Plein jour,En agglomération,Autre intersection,Normale,Deux véhicules - côté,,,,,,,,,,,1,2,9,1,3
200700001272,0007-01-09 16:15:00,7,1,9,16,15,910,330,C.D. 99 route de TORFOU,,,Plein jour,Hors agglomération,Hors intersection,Normale,Autre collision,,,,,,,,,,,1,1,1,1,6
200700001273,0007-01-08 09:45:00,7,1,8,9,45,910,654,,,,Plein jour,Hors agglomération,Hors intersection,Pluie légère,Deux véhicules - côté,,,,,,,,,,,1,1,1,2,3
200700001274,0007-01-18 07:30:00,7,1,18,7,30,910,100,D 837,48.429,2.285,Crépuscule ou aube,Hors agglomération,Intersection en X,Pluie légère,Deux véhicules - arrière,,,,,,,,,,,2,1,2,2,2
200700001275,0007-01-06 20:30:00,7,1,6,20,30,910,16,,,,Nuit sans éclairage public,Hors agglomération,Hors intersection,Pluie légère,Deux véhicules - côté,,,,,,,,,,,3,1,1,2,3
200700001276,0007-01-17 19:00:00,7,1,17,19,0,910,544,rue de marancourt,,,Nuit sans éclairage public,En agglomération,Hors intersection,Pluie légère,Sans collision,,,,,,,,,,,3,2,1,2,7
200700001277,0007-01-04 17:30:00,7,1,4,17,30,910,661,20 avenue du Quebec - ZA,48.69,2.208,Nuit avec éclairage allumé,En agglomération,Hors intersection,Normale,Autre collision,,,,,,,,,,,5,2,1,1,6
200700001278,0007-01-10 08:00:00,7,1,10,8,0,910,661,rue des maraichers,,,Crépuscule ou aube,En agglomération,Hors intersection,Normale,Autre collision,,,,,,,,,,,2,2,1,1,6
200700001279,0007-01-31 18:30:00,7,1,31,18,30,910,661,avenue de la Baltique,48.703,2.241,Nuit avec éclairage non allumé,En agglomération,Hors intersection,Normale,Autre collision,,,,,,,,,,,4,2,1,1,6
200700001280,0007-01-25 20:00:00,7,1,25,20,0,910,156,,48.552,2.263,Nuit avec éclairage non allumé,Hors agglomération,Hors intersection,Normale,Autre collision,,,,,,,,,,,4,1,1,1,6
200700001281,0007-01-30 20:45:00,7,1,30,20,45,910,332,,,,Nuit sans éclairage public,Hors agglomération,Hors intersection,Normale,Deux véhicules - frontale,,,,,,,,,,,3,1,1,1,1
200700001282,0007-01-02 19:00:00,7,1,2,19,0,910,332,CD 117,,,Nuit sans éclairage public,Hors agglomération,Hors intersection,Autre,Deux véhicules - frontale,,,,,,,,,,,3,1,1,9,1
200700001283,0007-01-26 13:00:00,7,1,26,13,0,910,275,84 route de Chartres,,,Plein jour,En agglomération,Hors intersection,Normale,Autre collision,,,,,,,,,,,1,2,1,1,6
200700001284,0007-01-20 14:00:00,7,1,20,14,0,950,447,,,,Plein jour,Hors agglomération,Hors intersection,Pluie forte,Autre collision,,,,,,,,,,,1,1,1,3,6
200700001285,0007-01-21 06:30:00,7,1,21,6,30,950,287,CD 22,,,Nuit sans éclairage public,Hors agglomération,Hors intersection,Normale,Autre collision,,,,,,,,,,,3,1,1,1,6
200700001286,0007-01-01 21:10:00,7,1,1,21,10,950,199,rte de Montmorency RD124,,,Nuit avec éclairage allumé,En agglomération,Hors intersection,Pluie légère,Autre collision,,,,,,,,,,,5,2,1,2,6
200700001287,0007-01-18 18:45:00,7,1,18,18,45,950,489,,,,Nuit sans éclairage public,Hors agglomération,Hors intersection,Vent fort / tempête,Deux véhicules - côté,,,,,,,,,,,3,1,1,6,3
200700001288,0007-01-14 17:00:00,7,1,14,17,0,770,175,,48.655,2.646,Plein jour,Hors agglomération,Hors intersection,Normale,Sans collision,,,,,,,,,,,1,1,1,1,7
200700001289,0007-01-12 15:00:00,7,1,12,15,0,770,86,rue de Nangis,48.555,2.897,Plein jour,En agglomération,Hors intersection,Normale,Deux véhicules - côté,,,,,,,,,,,1,2,1,1,3
200700001290,0007-01-17 14:40:00,7,1,17,14,40,770,34,RD 215,48.581,2.781,Plein jour,Hors agglomération,Intersection en X,Temps couvert,Deux véhicules - côté,,,,,,,,,,,1,1,2,8,3
200700001291,0007-01-20 12:00:00,7,1,20,12,0,770,141,,48.866,2.854,Plein jour,Hors agglomération,Hors intersection,Vent fort / tempête,Deux véhicules - côté,,,,,,,,,,,1,1,1,6,3
200700001292,0007-01-03 17:30:00,7,1,3,17,30,770,116,,48.795,3.208,Nuit avec éclairage allumé,Hors agglomération,Hors intersection,Normale,Deux véhicules - arrière,,,,,,,,,,,5,1,1,1,2
200700001293,0007-01-07 05:55:00,7,1,7,5,55,770,116,RD 934 EX RN 34,48.794,3.225,Nuit sans éclairage public,Hors agglomération,Hors intersection,Normale,Autre collision,,,,,,,,,,,3,1,1,1,6
200700001294,0007-01-09 08:30:00,7,1,9,8,30,770,182,AVENUE DES ALLIES,48.783,3.304,Plein jour,En agglomération,Hors intersection,Pluie légère,Deux véhicules - arrière,,,,,,,,,,,1,2,1,2,2
200700001295,0007-01-11 07:15:00,7,1,11,7,15,770,440,92 rue de METZ,48.95,3.07,Nuit avec éclairage allumé,En agglomération,Hors intersection,Normale,Deux véhicules - frontale,,,,,,,,,,,5,2,1,1,1
200700001296,0007-01-23 17:30:00,7,1,23,17,30,770,78,,48.985,3.143,Crépuscule ou aube,Hors agglomération,Hors intersection,Normale,Deux véhicules - frontale,,,,,,,,,,,2,1,1,1,1
200700001297,0007-01-29 17:00:00,7,1,29,17,0,770,183,,48.955,3.162,Plein jour,Hors agglomération,Hors intersection,Pluie légère,Autre collision,,,,,,,,,,,1,1,1,2,6
200700001298,0007-01-05 08:15:00,7,1,5,8,15,770,508,,48.801,2.858,Crépuscule ou aube,Hors agglomération,Hors intersection,Normale,Deux véhicules - frontale,,,,,,,,,,,2,1,1,1,1
200700001299,0007-01-12 21:00:00,7,1,12,21,0,770,429,,,,Nuit sans éclairage public,Hors agglomération,Hors intersection,Normale,Autre collision,,,,,,,,,,,3,1,1,1,6
200700001300,0007-01-09 08:25:00,7,1,9,8,25,770,41,PK 52+900 sur la RD 152,,,Plein jour,Hors agglomération,Hors intersection,Normale,Deux véhicules - frontale,,,,,,,,,,,1,1,1,1,1
200700001301,0007-01-02 06:45:00,7,1,2,6,45,770,315,avenue du 27 août 1944,48.46,2.37,Nuit sans éclairage public,En agglomération,Hors intersection,Temps couvert,Deux véhicules - frontale,,,,,,,,,,,3,2,1,8,1
200700001302,0007-01-12 08:30:00,7,1,12,8,30,770,95,rue Mauperthuis,48.622,2.264,Plein jour,En agglomération,Hors intersection,Normale,Deux véhicules - côté,,,,,,,,,,,1,2,1,1,3
200700001303,0007-01-18 19:15:00,7,1,18,19,15,770,309,,49.02,2.33,Nuit sans éclairage public,Hors agglomération,Hors intersection,Temps couvert,Deux véhicules - frontale,,,,,,,,,,,3,1,1,8,1
200700001304,0007-01-06 13:15:00,7,1,6,13,15,770,327,,48.569,3.039,Plein jour,Hors agglomération,Hors intersection,Pluie légère,Deux véhicules - frontale,,,,,,,,,,,1,1,1,2,1
200700001305,0007-01-29 12:15:00,7,1,29,12,15,770,327,RD 619 PK 38,,,Plein jour,Hors agglomération,Hors intersection,Temps couvert,Deux véhicules - frontale,,,,,,,,,,,1,1,1,8,1
200700001306,0007-01-03 18:15:00,7,1,3,18,15,450,8,,48.088,1.874,Nuit avec éclairage non allumé,Hors agglomération,Intersection en X,Normale,Deux véhicules - côté,,,,,,,,,,,4,1,2,1,3
200700001307,0007-01-09 17:30:00,7,1,9,17,30,450,166,lieu-dit Trogny,,,Nuit sans éclairage public,En agglomération,Hors intersection,Autre,Autre collision,,,,,,,,,,,3,2,1,9,6
200700001308,0007-01-09 20:15:00,7,1,9,20,15,450,296,,,,Nuit sans éclairage public,Hors agglomération,Hors intersection,Autre,Autre collision,,,,,,,,,,,3,1,1,9,6
200700001309,0007-01-13 04:45:00,7,1,13,4,45,450,8,,48.088,1.874,Nuit avec éclairage allumé,Hors agglomération,Intersection en X,Pluie légère,Deux véhicules - côté,,,,,,,,,,,5,1,2,2,3
200700001310,0007-01-19 17:40:00,7,1,19,17,40,450,316,RN 60 - PK 61+100,,,Plein jour,Hors agglomération,Hors intersection,Normale,Deux véhicules - frontale,,,,,,,,,,,1,1,1,1,1
200700001311,0007-01-23 18:35:00,7,1,23,18,35,450,194,CD960 PLAINE DE LATINGY,,,Nuit sans éclairage public,Hors agglomération,Hors intersection,Normale,Deux véhicules - frontale,,,,,,,,,,,3,1,1,1,1
200700001312,0007-01-26 15:15:00,7,1,26,15,15,450,197,RN152,,,Plein jour,Hors agglomération,Autre intersection,Normale,Deux véhicules - frontale,,,,,,,,,,,1,1,9,1,1
200700001313,0007-01-04 19:00:00,7,1,4,19,0,450,264,,,,Nuit sans éclairage public,Hors agglomération,Hors intersection,Normale,Deux véhicules - côté,,,,,,,,,,,3,1,1,1,3
200700001314,0007-01-10 17:30:00,7,1,10,17,30,450,28,Avenue de Blois,,,Crépuscule ou aube,En agglomération,Intersection en T,Pluie légère,Deux véhicules - côté,,,,,,,,,,,2,2,3,2,3
200700001315,0007-01-19 18:15:00,7,1,19,18,15,450,28,RN152 - Route de Blois,,,Nuit avec éclairage allumé,En agglomération,Hors intersection,Pluie légère,Autre collision,,,,,,,,,,,5,2,1,2,6
200700001316,0007-01-15 14:15:00,7,1,15,14,15,450,9,31 rue du Pavé,48.113,2.007,Plein jour,En agglomération,Hors intersection,Normale,Deux véhicules - arrière,,,,,,,,,,,1,2,1,1,2
200700001317,0007-01-28 21:50:00,7,1,28,21,50,450,108,e Chêne Rond - PK 2+200,,,Nuit sans éclairage public,Hors agglomération,Hors intersection,Normale,Deux véhicules - frontale,,,,,,,,,,,3,1,1,1,1
200700001318,0007-01-30 19:45:00,7,1,30,19,45,450,155,Quai Lenoir,,,Nuit avec éclairage allumé,En agglomération,Hors intersection,Normale,Deux véhicules - côté,,,,,,,,,,,5,2,1,1,3
200700001319,0007-01-06 11:15:00,7,1,6,11,15,450,306,,48.023,2.884,Plein jour,Hors agglomération,Hors intersection,Temps couvert,Trois véhicules et plus - collisions multiples,,,,,,,,,,,1,1,1,8,5
200700001320,0007-01-21 12:30:00,7,1,21,12,30,450,115,,48.01,3.08,Plein jour,Hors agglomération,Hors intersection,Normale,Autre collision,,,,,,,,,,,1,1,1,1,6
200700001321,0007-01-28 04:45:00,7,1,28,4,45,450,129,Lieu-dit  Les Guillards,,,Nuit sans éclairage public,Hors agglomération,Hors intersection,Brouillard / fumée,Sans collision,,,,,,,,,,,3,1,1,5,7
200700001322,0007-01-14 19:30:00,7,1,14,19,30,450,148,route de la forêt,48.07,2.77,Nuit sans éclairage public,Hors agglomération,Hors intersection,Normale,Sans collision,,,,,,,,,,,3,1,1,1,7
200700001323,0007-01-29 16:15:00,7,1,29,16,15,450,145,13 rue du poêlon,48.098,2.796,Plein jour,En agglomération,Hors intersection,Normale,Deux véhicules - frontale,,,,,,,,,,,1,2,1,1,1
200700001324,0007-01-11 07:45:00,7,1,11,7,45,450,252,faubourg du Gâtinais,,,Crépuscule ou aube,En agglomération,Hors intersection,Normale,Deux véhicules - frontale,,,,,,,,,,,2,2,1,1,1
200700001325,0007-01-30 12:30:00,7,1,30,12,30,180,265,Les Bertins,47.025,2.974,Plein jour,Hors agglomération,Hors intersection,Temps couvert,Deux véhicules - frontale,,,,,,,,,,,1,1,1,8,1
200700001326,0007-01-03 13:40:00,7,1,3,13,40,180,216,- PK 25 sens décroissant,,,Plein jour,Hors agglomération,Hors intersection,Normale,Autre collision,,,,,,,,,,,1,1,1,1,6
200700001327,0007-01-23 08:45:00,7,1,23,8,45,180,195,,46.853,2.852,Plein jour,Hors agglomération,Hors intersection,Neige / grêle,Deux véhicules - frontale,,,,,,,,,,,1,1,1,4,1
200700001328,0007-01-07 05:30:00,7,1,7,5,30,180,159,CD 944 PK 62+300,,,Nuit sans éclairage public,Hors agglomération,Hors intersection,Normale,Sans collision,,,,,,,,,,,3,1,1,1,7
200700001329,0007-01-12 16:10:00,7,1,12,16,10,180,159,"lieu-dit ""Loince""",,,Plein jour,Hors agglomération,Intersection en X,Normale,Deux véhicules - côté,,,,,,,,,,,1,1,2,1,3
200700001330,0007-01-03 08:00:00,7,1,3,8,0,180,96,,,,Crépuscule ou aube,Hors agglomération,Hors intersection,Brouillard / fumée,Trois véhicules et plus - collisions multiples,,,,,,,,,,,2,1,1,5,5
200700001331,0007-01-25 05:00:00,7,1,25,5,0,280,100,rn23,,,Nuit sans éclairage public,Hors agglomération,Hors intersection,Autre,Autre collision,,,,,,,,,,,3,1,1,9,6
200700001332,0007-01-29 22:45:00,7,1,29,22,45,280,358,D906,,,Nuit sans éclairage public,Hors agglomération,Hors intersection,Normale,Autre collision,,,,,,,,,,,3,1,1,1,6
200700001333,0007-01-08 15:00:00,7,1,8,15,0,280,302,AVENUE DE LA GARE,,,Plein jour,En agglomération,Hors intersection,Temps couvert,Autre collision,,,,,,,,,,,1,2,1,8,6
200700001334,0007-01-09 17:50:00,7,1,9,17,50,280,21,CD 921,,,Nuit sans éclairage public,Hors agglomération,Hors intersection,Normale,Deux véhicules - frontale,,,,,,,,,,,3,1,1,1,1
200700001335,0007-01-25 18:50:00,7,1,25,18,50,280,140,nue de la prairie CD 906,,,Nuit sans éclairage public,En agglomération,Hors intersection,Normale,Autre collision,,,,,,,,,,,3,2,1,1,6
200700001336,0007-01-15 08:30:00,7,1,15,8,30,280,398,,48.18,1.114,Plein jour,Hors agglomération,Hors intersection,Brouillard / fumée,Deux véhicules - côté,,,,,,,,,,,1,1,1,5,3
200700001337,0007-01-16 07:15:00,7,1,16,7,15,280,355,,48.856,1.519,Nuit sans éclairage public,Hors agglomération,Intersection en X,Normale,Deux véhicules - côté,,,,,,,,,,,3,1,2,1,3
200700001338,0007-01-21 00:30:00,7,1,21,0,30,280,420,,48.697,1.127,Nuit sans éclairage public,Hors agglomération,Hors intersection,Normale,Autre collision,,,,,,,,,,,3,1,1,1,6