accident_id,datetime,annee,mois,jour,heure,minute,departement,commune_insee,adresse,latitude,longitude,luminosite,agglomeration,intersection,meteo,collision,nb_vehicules,nb_usagers,nb_indemnes,nb_tues,nb_blesses_hosp,nb_blesses_legers,age_cond_1,age_cond_2,veh_type_cond_1,veh_type_cond_2,lum_code,agg_code,int_code,atm_code,col_code
200700001472,0007-01-16 18:30:00,7,1,16,18,30,60,88,,43.672,7.201,Nuit sans éclairage public,Hors agglomération,Hors intersection,Normale,Trois véhicules et plus - collisions multiples,,,,,,,,,,,3,1,1,1,5
200700001473,0007-01-19 09:14:00,7,1,19,9,14,60,88,nel de LAS PLANAS sur A8,,,Plein jour,Hors agglomération,Hors intersection,Normale,Trois véhicules et plus - en chaîne,,,,,,,,,,,1,1,1,1,4
200700001474,0007-01-30 13:45:00,7,1,30,13,45,670,434,,,,Plein jour,Hors agglomération,Hors intersection,Normale,Deux véhicules - arrière,,,,,,,,,,,1,1,1,1,2
200700001475,0007-01-31 15:15:00,7,1,31,15,15,680,267,,,,Plein jour,Hors agglomération,Hors intersection,Normale,Trois véhicules et plus - en chaîne,,,,,,,,,,,1,1,1,1,4
200700001476,0007-01-07 15:30:00,7,1,7,15,30,660,144,/NORD sur l'autoroute A9,,,Plein jour,Hors agglomération,Hors intersection,Normale,Deux véhicules - frontale,,,,,,,,,,,1,1,1,1,1
200700001477,0007-01-31 14:15:00,7,1,31,14,15,620,714,"Reims/Calais, PK 100+450",,,Plein jour,Hors agglomération,Hors intersection,Normale,Deux véhicules - arrière,,,,,,,,,,,1,1,1,1,2
200700001478,0007-01-13 04:00:00,7,1,13,4,0,380,249,A41  PK 005.400,45.226,5.818,Nuit sans éclairage public,Hors agglomération,Hors intersection,Normale,Deux véhicules - arrière,,,,,,,,,,,3,1,1,1,2
200700001479,0007-01-22 09:15:00,7,1,22,9,15,380,140,A41-PK:012.750,,,Plein jour,Hors agglomération,Hors intersection,Normale,Autre collision,,,,,,,,,,,1,1,1,1,6
200700001480,0007-01-10 18:30:00,7,1,10,18,30,130,7,,43.369,5.64,Nuit sans éclairage public,Hors agglomération,Hors intersection,Normale,Trois véhicules et plus - collisions multiples,,,,,,,,,,,3,1,1,1,5
200700001481,0007-01-19 19:45:00,7,1,19,19,45,130,1,,,,Nuit sans éclairage public,Hors agglomération,Hors intersection,Normale,Trois véhicules et plus - en chaîne,,,,,,,,,,,3,1,1,1,4
200700001482,0007-01-10 12:45:00,7,1,10,12,45,60,85,,,,Plein jour,Hors agglomération,Hors intersection,Normale,Autre collision,,,,,,,,,,,1,1,1,1,6
200700001483,0007-01-26 05:00:00,7,1,26,5,0,60,79,,,,Nuit sans éclairage public,Hors agglomération,Autre intersection,Normale,Autre collision,,,,,,,,,,,3,1,9,1,6
200700001484,0007-01-27 15:45:00,7,1,27,15,45,60,85,,,,Plein jour,Hors agglomération,Hors intersection,Normale,Deux véhicules - frontale,,,,,,,,,,,1,1,1,1,1
200700001485,0007-01-22 01:35:00,7,1,22,1,35,630,276,AUTOROUTE A.72 PK.27+5,,,Nuit sans éclairage public,Hors agglomération,Hors intersection,Normale,Sans collision,,,,,,,,,,,3,1,1,1,7
200700001486,0007-01-18 15:15:00,7,1,18,15,15,590,485,,,,Plein jour,Hors agglomération,Hors intersection,Vent fort / tempête,Deux véhicules - côté,,,,,,,,,,,1,1,1,6,3
200700001487,0007-01-21 01:45:00,7,1,21,1,45,590,622,,,,Nuit sans éclairage public,Hors agglomération,Hors intersection,Normale,Deux véhicules - frontale,,,,,,,,,,,3,1,1,1,1
200700001488,0007-01-20 04:00:00,7,1,20,4,0,470,78,,,,Nuit sans éclairage public,Hors agglomération,Hors intersection,Normale,Autre collision,,,,,,,,,,,3,1,1,1,6
200700001489,0007-01-27 14:00:00,7,1,27,14,0,110,178,,43.346,1.826,Plein jour,Hors agglomération,Hors intersection,Normale,Autre collision,,,,,,,,,,,1,1,1,1,6
200700001490,0007-01-13 10:00:00,7,1,13,10,0,740,208,z sens Chamonix-Le Fayet,45.937,6.736,Plein jour,Hors agglomération,Hors intersection,Normale,Autre collision,,,,,,,,,,,1,1,1,1,6
200700001491,0007-01-05 20:30:00,7,1,5,20,30,820,31,AUTOROUTE A62 PK 163+500,44.044,1.038,Nuit sans éclairage public,Hors agglomération,Hors intersection,Temps couvert,Trois véhicules et plus - en chaîne,,,,,,,,,,,3,1,1,8,4
200700001492,0007-01-02 16:45:00,7,1,2,16,45,380,229,"50, bretelle d'accès A41",,,Crépuscule ou aube,Hors agglomération,Intersection en X,Pluie forte,Deux véhicules - frontale,,,,,,,,,,,2,1,2,3,1
200700001493,0007-01-30 18:50:00,7,1,30,18,50,60,85,avenue Mal JUIN,,,Nuit avec éclairage allumé,En agglomération,Hors intersection,Normale,Deux véhicules - frontale,,,,,,,,,,,5,2,1,1,1
200700001494,0007-01-10 14:15:00,7,1,10,14,15,330,122,rue jean cocteau,,,Plein jour,En agglomération,Intersection en X,Normale,Deux véhicules - côté,,,,,,,,,,,1,2,2,1,3
200700001495,0007-01-14 06:30:00,7,1,14,6,30,670,8,,,,Nuit sans éclairage public,Hors agglomération,Hors intersection,Normale,Autre collision,,,,,,,,,,,3,1,1,1,6
200700001496,0007-01-21 12:00:00,7,1,21,12,0,670,49,,,,Plein jour,Hors agglomération,Hors intersection,Normale,Deux véhicules - arrière,,,,,,,,,,,1,1,1,1,2
200700001497,0007-01-31 08:15:00,7,1,31,8,15,670,112,sens STRASBOURG/MOLSHEIM,,,Plein jour,Hors agglomération,Hors intersection,Normale,Autre collision,,,,,,,,,,,1,1,1,1,6
200700001498,0007-01-14 15:40:00,7,1,14,15,40,860,116,+200 sens BORDEAUX-PARIS,,,Plein jour,Hors agglomération,Hors intersection,Pluie légère,Sans collision,,,,,,,,,,,1,1,1,2,7
200700001499,0007-01-30 07:40:00,7,1,30,7,40,170,354,"utoroute A10, PK 455+400",,,Plein jour,Hors agglomération,Hors intersection,Normale,Deux véhicules - arrière,,,,,,,,,,,1,1,1,1,2
200700001500,0007-01-02 09:00:00,7,1,2,9,0,10,91,,46.136,5.798,Plein jour,Hors agglomération,Hors intersection,Neige / grêle,Autre collision,,,,,,,,,,,1,1,1,4,6
200700001501,0007-01-13 14:10:00,7,1,13,14,10,220,251,,,,Plein jour,Hors agglomération,Hors intersection,Pluie légère,Deux véhicules - arrière,,,,,,,,,,,1,1,1,2,2
200700001502,0007-01-23 13:15:00,7,1,23,13,15,201,922,RN 196 devant commerce,41.702,9.346,Plein jour,En agglomération,Autre intersection,Pluie légère,Deux véhicules - côté,,,,,,,,,,,1,2,9,2,3
200700001503,0007-01-29 15:45:00,7,1,29,15,45,10,450,A42 - PK 31+500,,,Plein jour,Hors agglomération,Hors intersection,Normale,Deux véhicules - arrière,,,,,,,,,,,1,1,1,1,2
200700001504,0007-01-18 18:45:00,7,1,18,18,45,420,256,route de BONSON,,,Nuit avec éclairage allumé,En agglomération,Hors intersection,Normale,Trois véhicules et plus - collisions multiples,,,,,,,,,,,5,2,1,1,5
200700001505,0007-01-04 19:15:00,7,1,4,19,15,510,79,,49.083,4.149,Nuit avec éclairage allumé,En agglomération,Hors intersection,Normale,Deux véhicules - côté,,,,,,,,,,,5,2,1,1,3
200700001506,0007-01-06 15:30:00,7,1,6,15,30,510,333,,49.153,4.097,Plein jour,Hors agglomération,Hors intersection,Temps couvert,Autre collision,,,,,,,,,,,1,1,1,8,6
200700001507,0007-01-30 15:45:00,7,1,30,15,45,510,629,au Point Kilométique 31,49.16,4.012,Plein jour,Hors agglomération,Hors intersection,Normale,Sans collision,,,,,,,,,,,1,1,1,1,7
200700001508,0007-01-18 14:30:00,7,1,18,14,30,620,471,,50.672,2.255,Plein jour,Hors agglomération,Hors intersection,Vent fort / tempête,Autre collision,,,,,,,,,,,1,1,1,6,6
200700001509,0007-01-18 16:15:00,7,1,18,16,15,620,403,A 26 PK 37+050,,,Plein jour,Hors agglomération,Hors intersection,Vent fort / tempête,Autre collision,,,,,,,,,,,1,1,1,6,6
200700001510,0007-01-10 20:00:00,7,1,10,20,0,60,152,,43.647,7.025,Nuit avec éclairage allumé,Hors agglomération,Hors intersection,Normale,Deux véhicules - côté,,,,,,,,,,,5,1,1,1,3
200700001511,0007-01-18 15:45:00,7,1,18,15,45,690,292,,,,Plein jour,Hors agglomération,Hors intersection,Normale,Deux véhicules - côté,,,,,,,,,,,1,1,1,1,3
200700001512,0007-01-08 22:30:00,7,1,8,22,30,690,244,avenue Bergeron,,,Nuit avec éclairage allumé,En agglomération,Hors intersection,Pluie légère,Autre collision,,,,,,,,,,,5,2,1,2,6
200700001513,0007-01-13 07:45:00,7,1,13,7,45,690,244,10 avenue de la Constell,,,Crépuscule ou aube,En agglomération,Hors intersection,Normale,Deux véhicules - frontale,,,,,,,,,,,2,2,1,1,1
200700001514,0007-01-07 18:30:00,7,1,7,18,30,740,137,Les virages du Plot,,,Nuit sans éclairage public,Hors agglomération,Hors intersection,Pluie légère,Deux véhicules - frontale,,,,,,,,,,,3,1,1,2,1
200700001515,0007-01-17 16:45:00,7,1,17,16,45,740,120,,46.043,6.231,Plein jour,Hors agglomération,Hors intersection,Normale,Trois véhicules et plus - collisions multiples,,,,,,,,,,,1,1,1,1,5
200700001516,0007-01-17 12:15:00,7,1,17,12,15,740,11,RUE DES COLS VERTS,,,Plein jour,En agglomération,Hors intersection,Normale,Autre collision,,,,,,,,,,,1,2,1,1,6
200700001517,0007-01-17 07:00:00,7,1,17,7,0,290,19,BASE NAVALE,,,Nuit avec éclairage allumé,En agglomération,Hors intersection,Pluie forte,Deux véhicules - côté,,,,,,,,,,,5,2,1,3,3
200700001518,0007-01-07 08:45:00,7,1,7,8,45,10,445,Autoroute A.39,,,Plein jour,Hors agglomération,Hors intersection,Temps couvert,Sans collision,,,,,,,,,,,1,1,1,8,7
200700001519,0007-01-11 09:00:00,7,1,11,9,0,10,151,,,,Plein jour,En agglomération,Autre intersection,Normale,Autre collision,,,,,,,,,,,1,2,9,1,6
200700001520,0007-01-05 11:45:00,7,1,5,11,45,20,614,,,,Plein jour,Hors agglomération,Hors intersection,Normale,Autre collision,,,,,,,,,,,1,1,1,1,6
200700001521,0007-01-09 13:55:00,7,1,9,13,55,780,455,Route Départementale 307,,,Plein jour,Hors agglomération,Hors intersection,Temps éblouissant,Deux véhicules - côté,,,,,,,,,,,1,1,1,7,3
200700001522,0007-01-13 18:30:00,7,1,13,18,30,950,445,,49.094,2.306,Nuit sans éclairage public,Hors agglomération,Hors intersection,Normale,Deux véhicules - frontale,,,,,,,,,,,3,1,1,1,1
200700001523,0007-01-16 20:40:00,7,1,16,20,40,90,159,RN20,,,Nuit sans éclairage public,Hors agglomération,Hors intersection,Normale,Sans collision,,,,,,,,,,,3,1,1,1,7
200700001524,0007-01-07 12:00:00,7,1,7,12,0,350,59,Place Eugène CHOUX,,,Plein jour,En agglomération,Hors intersection,Temps couvert,Deux véhicules - frontale,,,,,,,,,,,1,2,1,8,1
200700001525,0007-01-19 07:30:00,7,1,19,7,30,540,135,,,,Crépuscule ou aube,Hors agglomération,Hors intersection,Pluie légère,Trois véhicules et plus - en chaîne,,,,,,,,,,,2,1,1,2,4
200700001526,0007-01-28 16:30:00,7,1,28,16,30,130,113,,,,Plein jour,Hors agglomération,Autre intersection,Normale,Autre collision,,,,,,,,,,,1,1,9,1,6
200700001527,0007-01-02 00:55:00,7,1,2,0,55,410,232,AUTOROUTE A71,,,Nuit sans éclairage public,Hors agglomération,Hors intersection,Normale,Sans collision,,,,,,,,,,,3,1,1,1,7
200700001528,0007-01-02 23:30:00,7,1,2,23,30,180,50,,,,Nuit sans éclairage public,Hors agglomération,Hors intersection,Normale,Deux véhicules - arrière,,,,,,,,,,,3,1,1,1,2
200700001529,0007-01-12 14:45:00,7,1,12,14,45,180,141,,,,Plein jour,Hors agglomération,Hors intersection,Normale,Deux véhicules - arrière,,,,,,,,,,,1,1,1,1,2
200700001530,0007-01-19 17:10:00,7,1,19,17,10,340,333,"CD 612 PK 12,260",,,Plein jour,Hors agglomération,Hors intersection,Temps éblouissant,Deux véhicules - côté,,,,,,,,,,,1,1,1,7,3
200700001531,0007-01-17 13:30:00,7,1,17,13,30,130,44,CD16 - PK12+200,,,Plein jour,Hors agglomération,Hors intersection,Normale,Autre collision,,,,,,,,,,,1,1,1,1,6
200700001532,0007-01-28 21:30:00,7,1,28,21,30,130,44,Quartier  Calamant,,,Nuit sans éclairage public,Hors agglomération,Hors intersection,Normale,Sans collision,,,,,,,,,,,3,1,1,1,7
200700001533,0007-01-30 17:30:00,7,1,30,17,30,130,51,,,,Crépuscule ou aube,Hors agglomération,Intersection en X,Normale,Deux véhicules - côté,,,,,,,,,,,2,1,2,1,3
200700001534,0007-01-01 20:20:00,7,1,1,20,20,490,129,CHOLET - échangeur CD 52,,,Nuit sans éclairage public,Hors agglomération,Hors intersection,Pluie légère,Sans collision,,,,,,,,,,,3,1,1,2,7
200700001535,0007-01-04 12:45:00,7,1,4,12,45,490,7,00 sens ANGERS - LE MANS,,,Plein jour,Hors agglomération,Hors intersection,Normale,Sans collision,,,,,,,,,,,1,1,1,1,7
200700001536,0007-01-13 14:15:00,7,1,13,14,15,670,471,11 route de Bischwiller,48.633,7.754,Plein jour,En agglomération,Hors intersection,Normale,Deux véhicules - frontale,,,,,,,,,,,1,2,1,1,1
200700001537,0007-01-09 09:45:00,7,1,9,9,45,650,272,,43.202,0.195,Plein jour,Hors agglomération,Hors intersection,Normale,Autre collision,,,,,,,,,,,1,1,1,1,6
200700001538,0007-01-05 06:00:00,7,1,5,6,0,30,31,,46.4,2.71,Nuit sans éclairage public,Hors agglomération,Hors intersection,Normale,Sans collision,,,,,,,,,,,3,1,1,1,7
200700001539,0007-01-21 14:45:00,7,1,21,14,45,210,638,,47.499,5.185,Plein jour,Hors agglomération,Hors intersection,Normale,Autre collision,,,,,,,,,,,1,1,1,1,6
200700001540,0007-01-04 13:45:00,7,1,4,13,45,40,63,,,,Plein jour,Hors agglomération,Hors intersection,Normale,Deux véhicules - arrière,,,,,,,,,,,1,1,1,1,2
200700001541,0007-01-01 10:40:00,7,1,1,10,40,100,438,autoroute A5,,,Plein jour,Hors agglomération,Hors intersection,Normale,Deux véhicules - arrière,,,,,,,,,,,1,1,1,1,2
200700001542,0007-01-05 11:15:00,7,1,5,11,15,600,22,,,,Plein jour,Hors agglomération,Hors intersection,Normale,Deux véhicules - frontale,,,,,,,,,,,1,1,1,1,1
200700001543,0007-01-20 14:45:00,7,1,20,14,45,130,113,,,,Plein jour,Hors agglomération,Hors intersection,Normale,Deux véhicules - côté,,,,,,,,,,,1,1,1,1,3
200700001544,0007-01-24 09:00:00,7,1,24,9,0,130,80,boulevard  la république,43.668,5.44,Plein jour,En agglomération,Intersection en T,Normale,Deux véhicules - frontale,,,,,,,,,,,1,2,3,1,1
200700001545,0007-01-26 18:15:00,7,1,26,18,15,380,4,A49- pk 19+400,45.216,5.469,Crépuscule ou aube,Hors agglomération,Hors intersection,Temps couvert,Autre collision,,,,,,,,,,,2,1,1,8,6
200700001546,0007-01-21 20:40:00,7,1,21,20,40,670,151,A.35  PR 238+200,,,Nuit sans éclairage public,Hors agglomération,Hors intersection,Normale,Sans collision,,,,,,,,,,,3,1,1,1,7
200700001547,0007-01-25 13:00:00,7,1,25,13,0,670,237,A.35 PR 241+500,,,Plein jour,Hors agglomération,Autre intersection,Temps éblouissant,Deux véhicules - arrière,,,,,,,,,,,1,1,9,7,2
200700001548,0007-01-15 09:45:00,7,1,15,9,45,310,22,,,,Plein jour,Hors agglomération,Hors intersection,Normale,Trois véhicules et plus - collisions multiples,,,,,,,,,,,1,1,1,1,5
200700001549,0007-01-03 16:00:00,7,1,3,16,0,770,279,,48.379,3.03,Plein jour,Hors agglomération,Hors intersection,Normale,Autre collision,,,,,,,,,,,1,1,1,1,6
200700001550,0007-01-15 10:00:00,7,1,15,10,0,890,172,,,,Plein jour,Hors agglomération,Hors intersection,Normale,Sans collision,,,,,,,,,,,1,1,1,1,7
200700001551,0007-01-25 13:55:00,7,1,25,13,55,890,189,PK 60+900,,,Plein jour,Hors agglomération,Hors intersection,Normale,Autre collision,,,,,,,,,,,1,1,1,1,6
200700001552,0007-01-07 09:40:00,7,1,7,9,40,130,91,"rtementale 7 , PK 38+950",,,Plein jour,Hors agglomération,Hors intersection,Normale,Deux véhicules - arrière,,,,,,,,,,,1,1,1,1,2
200700001553,0007-01-20 14:30:00,7,1,20,14,30,130,50,CD 7,,,Plein jour,Hors agglomération,Hors intersection,Normale,Trois véhicules et plus - collisions multiples,,,,,,,,,,,1,1,1,1,5
200700001554,0007-01-23 23:45:00,7,1,23,23,45,130,91,Avenue Camille Pelletan,,,Nuit avec éclairage allumé,En agglomération,Hors intersection,Pluie légère,Autre collision,,,,,,,,,,,5,2,1,2,6
200700001555,0007-01-26 22:30:00,7,1,26,22,30,310,458,"bes/Toulouse, PK 276+950",43.503,1.342,Nuit sans éclairage public,Hors agglomération,Hors intersection,Normale,Deux véhicules - côté,,,,,,,,,,,3,1,1,1,3
200700001556,0007-01-11 08:00:00,7,1,11,8,0,760,660,,49.496,0.28,Crépuscule ou aube,Hors agglomération,Hors intersection,Normale,Autre collision,,,,,,,,,,,2,1,1,1,6
200700001557,0007-01-18 20:15:00,7,1,18,20,15,760,225,,49.639,0.676,Nuit sans éclairage public,Hors agglomération,Hors intersection,Vent fort / tempête,Autre collision,,,,,,,,,,,3,1,1,6,6
200700001558,0007-01-02 15:00:00,7,1,2,15,0,490,30,PK 31+095,,,Plein jour,Hors agglomération,Hors intersection,Vent fort / tempête,Autre collision,,,,,,,,,,,1,1,1,6,6
200700001559,0007-01-21 05:15:00,7,1,21,5,15,740,304,,46.146,6.421,Nuit avec éclairage allumé,Hors agglomération,Hors intersection,Pluie forte,Autre collision,,,,,,,,,,,5,1,1,3,6
200700001560,0007-01-02 14:00:00,7,1,2,14,0,800,131,,,,Plein jour,Hors agglomération,Hors intersection,Pluie forte,Sans collision,,,,,,,,,,,1,1,1,3,7
200700001561,0007-01-25 17:20:00,7,1,25,17,20,190,151,,,,Crépuscule ou aube,Hors agglomération,Hors intersection,Neige / grêle,Deux véhicules - frontale,,,,,,,,,,,2,1,1,4,1
200700001562,0007-01-05 22:35:00,7,1,5,22,35,870,146,19+500 - Sens Nord / Sud,,,Nuit sans éclairage public,Hors agglomération,Hors intersection,Pluie légère,Sans collision,,,,,,,,,,,3,1,1,2,7
200700001563,0007-01-03 21:10:00,7,1,3,21,10,870,14,"A20, S/N PK 149+200",,,Nuit sans éclairage public,Hors agglomération,Autre intersection,Autre,Deux véhicules - arrière,,,,,,,,,,,3,1,9,9,2
200700001564,0007-01-30 21:15:00,7,1,30,21,15,340,35,,,,Nuit sans éclairage public,Hors agglomération,Hors intersection,Normale,Deux véhicules - arrière,,,,,,,,,,,3,1,1,1,2
200700001565,0007-01-16 07:30:00,7,1,16,7,30,190,180,,,,Nuit sans éclairage public,Hors agglomération,Hors intersection,Normale,Sans collision,,,,,,,,,,,3,1,1,1,7
200700001566,0007-01-20 10:15:00,7,1,20,10,15,780,356,t rue de la BUTTE NEUVE,48.744,2.042,Plein jour,Hors agglomération,Hors intersection,Normale,Trois véhicules et plus - collisions multiples,,,,,,,,,,,1,1,1,1,5
200700001567,0007-01-17 16:45:00,7,1,17,16,45,720,119,,,,Crépuscule ou aube,Hors agglomération,Hors intersection,Pluie légère,Autre collision,,,,,,,,,,,2,1,1,2,6
200700001568,0007-01-28 09:15:00,7,1,28,9,15,580,295,,,,Nuit avec éclairage non allumé,Hors agglomération,Hors intersection,Brouillard / fumée,Trois véhicules et plus - en chaîne,,,,,,,,,,,4,1,1,5,4
200700001569,0007-01-14 14:30:00,7,1,14,14,30,190,146,,,,Plein jour,Hors agglomération,Hors intersection,Normale,Autre collision,,,,,,,,,,,1,1,1,1,6
200700001570,0007-01-20 16:15:00,7,1,20,16,15,670,174,CD242,,,Plein jour,Hors agglomération,Hors intersection,Pluie légère,Autre collision,,,,,,,,,,,1,1,1,2,6
200700001571,0007-01-23 17:10:00,7,1,23,17,10,670,291,RD 1062,,,Nuit sans éclairage public,Hors agglomération,Hors intersection,Neige / grêle,Deux véhicules - côté,,,,,,,,,,,3,1,1,4,3
200700001572,0007-01-19 19:40:00,7,1,19,19,40,140,188,que 238 direction Rennes,,,Nuit sans éclairage public,Hors agglomération,Hors intersection,Vent fort / tempête,Trois véhicules et plus - collisions multiples,,,,,,,,,,,3,1,1,6,5
200700001573,0007-01-21 16:45:00,7,1,21,16,45,140,738,,,,Plein jour,Hors agglomération,Hors intersection,Normale,Deux véhicules - arrière,,,,,,,,,,,1,1,1,1,2
200700001574,0007-01-25 20:00:00,7,1,25,20,0,300,117,,43.69,4.6,Nuit sans éclairage public,Hors agglomération,Hors intersection,Normale,Deux véhicules - arrière,,,,,,,,,,,3,1,1,1,2
200700001575,0007-01-17 17:30:00,7,1,17,17,30,240,550,,45.147,1.043,Plein jour,Hors agglomération,Hors intersection,Pluie légère,Autre collision,,,,,,,,,,,1,1,1,2,6
200700001576,0007-01-02 15:15:00,7,1,2,15,15,130,45,,43.861,4.736,Plein jour,Hors agglomération,Hors intersection,Normale,Sans collision,,,,,,,,,,,1,1,1,1,7
200700001577,0007-01-03 23:00:00,7,1,3,23,0,130,36,"ute de St Rémy, PK12,200",,,Nuit sans éclairage public,Hors agglomération,Hors intersection,Normale,Sans collision,,,,,,,,,,,3,1,1,1,7
200700001578,0007-01-08 13:45:00,7,1,8,13,45,760,618,rue du 19 aout 1942,,,Plein jour,En agglomération,Hors intersection,Pluie légère,Sans collision,,,,,,,,,,,1,2,1,2,7
200700001579,0007-01-26 18:30:00,7,1,26,18,30,710,269,,,,Nuit sans éclairage public,Hors agglomération,Hors intersection,Normale,Deux véhicules - frontale,,,,,,,,,,,3,1,1,1,1
200700001580,0007-01-21 15:30:00,7,1,21,15,30,600,563,,,,Plein jour,Hors agglomération,Intersection en X,Normale,Deux véhicules - côté,,,,,,,,,,,1,1,2,1,3
200700001581,0007-01-27 14:45:00,7,1,27,14,45,600,6,,,,Plein jour,Hors agglomération,Giratoire,Normale,Deux véhicules - arrière,,,,,,,,,,,1,1,6,1,2
200700001582,0007-01-01 10:45:00,7,1,1,10,45,250,482,,,,Plein jour,Hors agglomération,Hors intersection,Temps couvert,Trois véhicules et plus - collisions multiples,,,,,,,,,,,1,1,1,8,5
200700001583,0007-01-01 04:30:00,7,1,1,4,30,950,637,Rue de la mairie,,,Nuit avec éclairage allumé,En agglomération,Hors intersection,Temps couvert,Deux véhicules - côté,,,,,,,,,,,5,2,1,8,3
200700001584,0007-01-01 05:45:00,7,1,1,5,45,950,637,BLD DE L OISE,,,Nuit avec éclairage allumé,En agglomération,Hors intersection,Normale,Autre collision,,,,,,,,,,,5,2,1,1,6
200700001585,0007-01-02 01:15:00,7,1,2,1,15,560,177,,47.774,-3.001,Nuit sans éclairage public,Hors agglomération,Hors intersection,Autre,Autre collision,,,,,,,,,,,3,1,1,9,6
200700001586,0007-01-15 21:30:00,7,1,15,21,30,560,177,"Lieu dit "" LE LANNIC""",,,Nuit avec éclairage allumé,Hors agglomération,Hors intersection,Pluie légère,Autre collision,,,,,,,,,,,5,1,1,2,6
200700001587,0007-01-29 13:30:00,7,1,29,13,30,560,94,,47.784,-3.236,Plein jour,Hors agglomération,Hors intersection,Normale,Deux véhicules - frontale,,,,,,,,,,,1,1,1,1,1
200700001588,0007-01-24 18:05:00,7,1,24,18,5,140,98,RN 13  PK 75,,,Crépuscule ou aube,Hors agglomération,Hors intersection,Brouillard / fumée,Trois véhicules et plus - en chaîne,,,,,,,,,,,2,1,1,5,4
200700001589,0007-01-24 22:30:00,7,1,24,22,30,140,568,,,,Nuit sans éclairage public,Hors agglomération,Hors intersection,Neige / grêle,Autre collision,,,,,,,,,,,3,1,1,4,6
200700001590,0007-01-02 16:45:00,7,1,2,16,45,440,9,,,,Plein jour,En agglomération,Giratoire,Normale,Deux véhicules - côté,,,,,,,,,,,1,2,6,1,3
200700001591,0007-01-06 15:30:00,7,1,6,15,30,440,9,358 rte du Louroux BOTTE,47.198,-1.462,Plein jour,En agglomération,Hors intersection,Pluie forte,Deux véhicules - côté,,,,,,,,,,,1,2,1,3,3
200700001592,0007-01-19 18:30:00,7,1,19,18,30,440,70,,47.181,-1.391,Nuit sans éclairage public,Hors agglomération,Hors intersection,Pluie légère,Deux véhicules - côté,,,,,,,,,,,3,1,1,2,3
200700001593,0007-01-02 09:00:00,7,1,2,9,0,620,548,,,,Plein jour,Hors agglomération,Hors intersection,Normale,Autre collision,,,,,,,,,,,1,1,1,1,6
200700001594,0007-01-22 18:30:00,7,1,22,18,30,620,807,RD 942,,,Nuit sans éclairage public,Hors agglomération,Intersection en X,Normale,Deux véhicules - frontale,,,,,,,,,,,3,1,2,1,1
200700001595,0007-01-04 09:00:00,7,1,4,9,0,240,139,A89 113,,,Crépuscule ou aube,Hors agglomération,Hors intersection,Pluie légère,Trois véhicules et plus - en chaîne,,,,,,,,,,,2,1,1,2,4
200700001596,0007-01-13 05:45:00,7,1,13,5,45,240,139,,45.141,0.609,Nuit sans éclairage public,Hors agglomération,Hors intersection,Normale,Trois véhicules et plus - collisions multiples,,,,,,,,,,,3,1,1,1,5
200700001597,0007-01-01 03:35:00,7,1,1,3,35,10,53,"3, LEVRIER (BD ANDRE) PA",,,Nuit avec éclairage allumé,En agglomération,Hors intersection,Normale,Autre collision,,,,,,,,,,,5,2,1,1,6
200700001598,0007-01-07 11:55:00,7,1,7,11,55,10,53,HERRIOT ( BOULEVARD EDOU,,,Plein jour,En agglomération,Intersection en X,Pluie légère,Deux véhicules - côté,,,,,,,,,,,1,2,2,2,3
200700001599,0007-01-09 09:25:00,7,1,9,9,25,10,53,"43, ALSACE LORRAINE (AVE",,,Plein jour,En agglomération,Hors intersection,Normale,Deux véhicules - côté,,,,,,,,,,,1,2,1,1,3
200700001600,0007-01-11 18:20:00,7,1,11,18,20,10,53,"272, AEROPLANES ( RUE DE",,,Nuit avec éclairage allumé,En agglomération,Hors intersection,Normale,Deux véhicules - côté,,,,,,,,,,,5,2,1,1,3
200700001601,0007-01-23 12:15:00,7,1,23,12,15,10,53,"sans, PRE NEUF( ALLEE DU",,,Plein jour,En agglomération,Hors intersection,Normale,Deux véhicules - frontale,,,,,,,,,,,1,2,1,1,1
200700001602,0007-01-02 12:00:00,7,1,2,12,0,10,283,SAMOGNAT (ROUTE DE ),,,Plein jour,Hors agglomération,Hors intersection,Pluie forte,Deux véhicules - frontale,,,,,,,,,,,1,1,1,3,1
200700001603,0007-01-10 09:00:00,7,1,10,9,0,10,283,DORTAN (ROUTE DE),,,Plein jour,Hors agglomération,Hors intersection,Brouillard / fumée,Trois véhicules et plus - en chaîne,,,,,,,,,,,1,1,1,5,4
200700001604,0007-01-08 22:30:00,7,1,8,22,30,20,408,RN44,,,Nuit sans éclairage public,Hors agglomération,Hors intersection,Pluie légère,Deux véhicules - frontale,,,,,,,,,,,3,1,1,2,1
200700001605,0007-01-27 13:10:00,7,1,27,13,10,20,408,"25, GAMBETTA (AVENUE)",,,Plein jour,En agglomération,Hors intersection,Normale,Autre collision,,,,,,,,,,,1,2,1,1,6