accident_id,datetime,annee,mois,jour,heure,minute,departement,commune_insee,adresse,latitude,longitude,luminosite,agglomeration,intersection,meteo,collision,nb_vehicules,nb_usagers,nb_indemnes,nb_tues,nb_blesses_hosp,nb_blesses_legers,age_cond_1,age_cond_2,veh_type_cond_1,veh_type_cond_2,lum_code,agg_code,int_code,atm_code,col_code
200700001606,0007-01-02 14:10:00,7,1,2,14,10,20,340,":, C.D 1",,,Plein jour,Hors agglomération,Hors intersection,Normale,Autre collision,,,,,,,,,,,1,1,1,1,6
200700001607,0007-01-08 17:25:00,7,1,8,17,25,20,691,"62, KENNEDY (RUE DU PST",,,Nuit avec éclairage allumé,En agglomération,Hors intersection,Normale,Autre collision,,,,,,,,,,,5,2,1,1,6
200700001608,0007-01-15 07:30:00,7,1,15,7,30,20,691,"60, GUISE (RUE DE)",,,Nuit avec éclairage allumé,En agglomération,Hors intersection,Normale,Deux véhicules - côté,,,,,,,,,,,5,2,1,1,3
200700001609,0007-01-02 12:20:00,7,1,2,12,20,20,691,"99, LECLERC (RUE DU GL)",,,Plein jour,En agglomération,Hors intersection,Pluie légère,Deux véhicules - frontale,,,,,,,,,,,1,2,1,2,1
200700001610,0007-01-07 13:55:00,7,1,7,13,55,20,549,"4 BIS, RUE DE SAINT-QUEN",,,Plein jour,En agglomération,Hors intersection,Normale,Autre collision,,,,,,,,,,,1,2,1,1,6
200700001611,0007-01-24 10:50:00,7,1,24,10,50,20,691,":, GUISE (RUE DE)",,,Plein jour,En agglomération,Autre intersection,Normale,Autre collision,,,,,,,,,,,1,2,9,1,6
200700001612,0007-01-08 17:30:00,7,1,8,17,30,20,722,GAMBETTA ( BOULEVARD ),,,Nuit avec éclairage allumé,En agglomération,Hors intersection,Normale,Autre collision,,,,,,,,,,,5,2,1,1,6
200700001613,0007-01-09 09:35:00,7,1,9,9,35,20,64,FERE EN TARDENOIS ( ROUT,,,Plein jour,En agglomération,Hors intersection,Normale,Autre collision,,,,,,,,,,,1,2,1,1,6
200700001614,0007-01-09 14:35:00,7,1,9,14,35,20,722,RAYMONDE FIOLET ( AVENUE,,,Plein jour,En agglomération,Hors intersection,Normale,Autre collision,,,,,,,,,,,1,2,1,1,6
200700001615,0007-01-10 08:10:00,7,1,10,8,10,20,805,"SANS, REIMS Route de",,,Crépuscule ou aube,Hors agglomération,Hors intersection,Normale,Sans collision,,,,,,,,,,,2,1,1,1,7
200700001616,0007-01-20 11:00:00,7,1,20,11,0,20,722,GLE ET DE LA DIVISION LE,,,Plein jour,En agglomération,Autre intersection,Normale,Autre collision,,,,,,,,,,,1,2,9,1,6
200700001617,0007-01-25 06:10:00,7,1,25,6,10,20,258,DUPUIS (AVENUE),,,Nuit sans éclairage public,En agglomération,Hors intersection,Normale,Deux véhicules - frontale,,,,,,,,,,,3,2,1,1,1
200700001618,0007-01-06 23:15:00,7,1,6,23,15,30,262,"SANS, RCEA-  RN 145",,,Nuit sans éclairage public,Hors agglomération,Hors intersection,Pluie légère,Sans collision,,,,,,,,,,,3,1,1,2,7
200700001619,0007-01-09 10:25:00,7,1,9,10,25,30,185,"SANS, NEGRE ( AVENUE JEA",,,Plein jour,En agglomération,Intersection en X,Normale,Deux véhicules - côté,,,,,,,,,,,1,2,2,1,3
200700001620,0007-01-19 21:20:00,7,1,19,21,20,30,185,"34, FAUCHEROUX ( RUE DES",,,Nuit avec éclairage allumé,En agglomération,Place,Normale,Deux véhicules - côté,,,,,,,,,,,5,2,7,1,3
200700001621,0007-01-11 03:45:00,7,1,11,3,45,30,190,"55, GAULLE (AV. DU GAL.",,,Nuit avec éclairage allumé,En agglomération,Hors intersection,Normale,Autre collision,,,,,,,,,,,5,2,1,1,6
200700001622,0007-01-08 17:33:00,7,1,8,17,33,30,13,DORNES (ROUTE DE),,,Nuit sans éclairage public,Hors agglomération,Hors intersection,Pluie légère,Autre collision,,,,,,,,,,,3,1,1,2,6
200700001623,0007-01-07 10:00:00,7,1,7,10,0,30,13,RN 7,,,Plein jour,Hors agglomération,Hors intersection,Normale,Autre collision,,,,,,,,,,,1,1,1,1,6
200700001624,0007-01-18 11:45:00,7,1,18,11,45,30,13,LAMARTINE (ROND POINT),,,Plein jour,En agglomération,Giratoire,Normale,Deux véhicules - arrière,,,,,,,,,,,1,2,6,1,2
200700001625,0007-01-02 14:50:00,7,1,2,14,50,30,310,"53, AILES (ALLEE DES)",,,Plein jour,En agglomération,Hors intersection,Pluie légère,Deux véhicules - côté,,,,,,,,,,,1,2,1,2,3
200700001626,0007-01-02 18:30:00,7,1,2,18,30,30,310,PONT DE BELLERIVE (Côté,,,Nuit avec éclairage allumé,En agglomération,Hors intersection,Pluie légère,Trois véhicules et plus - en chaîne,,,,,,,,,,,5,2,1,2,4
200700001627,0007-01-06 11:00:00,7,1,6,11,0,30,95,"32, DARCINS (RUE DES)",,,Plein jour,En agglomération,Hors intersection,Temps couvert,Deux véhicules - frontale,,,,,,,,,,,1,2,1,8,1
200700001628,0007-01-06 17:40:00,7,1,6,17,40,30,310,"42, POINCARE (AVENUE)",,,Nuit avec éclairage allumé,En agglomération,Intersection en T,Temps couvert,Deux véhicules - côté,,,,,,,,,,,5,2,3,8,3
200700001629,0007-01-08 18:45:00,7,1,8,18,45,30,310,"1, GARE (PLACE DE LA)",,,Nuit avec éclairage allumé,En agglomération,Hors intersection,Pluie légère,Autre collision,,,,,,,,,,,5,2,1,2,6
200700001630,0007-01-10 12:05:00,7,1,10,12,5,30,23,"0, LERY (RUE DU)",,,Plein jour,En agglomération,Hors intersection,Normale,Deux véhicules - côté,,,,,,,,,,,1,2,1,1,3
200700001631,0007-01-11 09:25:00,7,1,11,9,25,30,23,AUBERGER (AVENUE FERNAND,,,Plein jour,En agglomération,Intersection en Y,Normale,Trois véhicules et plus - collisions multiples,,,,,,,,,,,1,2,4,1,5
200700001632,0007-01-12 12:20:00,7,1,12,12,20,30,310,"0, VENDEE (RUE DE)",,,Plein jour,En agglomération,Hors intersection,Normale,Deux véhicules - côté,,,,,,,,,,,1,2,1,1,3
200700001633,0007-01-12 17:45:00,7,1,12,17,45,30,310,"1, BARTINS (RUE DES)",,,Plein jour,En agglomération,Intersection en X,Normale,Deux véhicules - côté,,,,,,,,,,,1,2,2,1,3
200700001634,0007-01-15 19:00:00,7,1,15,19,0,30,310,CASCADE (RUE DE LA),,,Nuit avec éclairage allumé,En agglomération,Intersection en Y,Normale,Deux véhicules - côté,,,,,,,,,,,5,2,4,1,3
200700001635,0007-01-19 20:35:00,7,1,19,20,35,30,310,"0, JAURES (RUE JEAN)",,,Nuit avec éclairage allumé,En agglomération,Intersection en X,Normale,Deux véhicules - côté,,,,,,,,,,,5,2,2,1,3
200700001636,0007-01-24 16:40:00,7,1,24,16,40,30,95,"1, BRUYERES (LES  -  LIE",,,Plein jour,Hors agglomération,Hors intersection,Neige / grêle,Sans collision,,,,,,,,,,,1,1,1,4,7
200700001637,0007-01-30 12:20:00,7,1,30,12,20,30,95,"22, FERRIER (RUE GEORGES",,,Plein jour,En agglomération,Hors intersection,Normale,Deux véhicules - frontale,,,,,,,,,,,1,2,1,1,1
200700001638,0007-01-30 18:25:00,7,1,30,18,25,30,310,"0, ITALIE (RUE D')",,,Nuit avec éclairage allumé,En agglomération,Intersection en X,Temps couvert,Trois véhicules et plus - collisions multiples,,,,,,,,,,,5,2,2,8,5
200700001639,0007-01-01 03:30:00,7,1,1,3,30,40,70,CAMPING (AV. DU),,,Nuit avec éclairage allumé,Hors agglomération,Hors intersection,Temps couvert,Sans collision,,,,,,,,,,,5,1,1,8,7
200700001640,0007-01-04 17:10:00,7,1,4,17,10,40,70,"3, GASSENDI (BD)",,,Crépuscule ou aube,En agglomération,Hors intersection,Normale,Autre collision,,,,,,,,,,,2,2,1,1,6
200700001641,0007-01-07 10:55:00,7,1,7,10,55,50,23,FAURE LOUIS (RUE),,,Plein jour,En agglomération,Hors intersection,Temps éblouissant,Autre collision,,,,,,,,,,,1,2,1,7,6
200700001642,0007-01-12 11:35:00,7,1,12,11,35,50,23,POET OLLAGNIER (ROUTE DU,,,Plein jour,En agglomération,Hors intersection,Normale,Deux véhicules - arrière,,,,,,,,,,,1,2,1,1,2
200700001643,0007-01-14 05:45:00,7,1,14,5,45,50,23,MAS DE CHAIX (RUINE),,,Nuit avec éclairage allumé,En agglomération,Intersection en Y,Normale,Autre collision,,,,,,,,,,,5,2,4,1,6
200700001644,0007-01-29 19:25:00,7,1,29,19,25,50,23,MEIJE (LA),,,Nuit sans éclairage public,Hors agglomération,Autre intersection,Normale,Deux véhicules - arrière,,,,,,,,,,,3,1,9,1,2
200700001645,0007-01-09 09:30:00,7,1,9,9,30,50,61,RN 85,,,Plein jour,Hors agglomération,Intersection en X,Normale,Trois véhicules et plus - collisions multiples,,,,,,,,,,,1,1,2,1,5
200700001646,0007-01-13 11:25:00,7,1,13,11,25,50,61,LADOUCETTE ( COURS ),,,Plein jour,En agglomération,Intersection en T,Normale,Autre collision,,,,,,,,,,,1,2,3,1,6
200700001647,0007-01-20 17:40:00,7,1,20,17,40,50,61,EMILE DIDIER ( AV ),,,Crépuscule ou aube,En agglomération,Hors intersection,Normale,Deux véhicules - côté,,,,,,,,,,,2,2,1,1,3
200700001648,0007-01-29 13:20:00,7,1,29,13,20,50,61,VEYNES ( AVENUE DE  ),,,Plein jour,En agglomération,Hors intersection,Normale,Deux véhicules - côté,,,,,,,,,,,1,2,1,1,3
200700001649,0007-01-31 11:20:00,7,1,31,11,20,50,61,MARECHAL FOCH ( AVENUE D,,,Plein jour,En agglomération,Hors intersection,Normale,Autre collision,,,,,,,,,,,1,2,1,1,6
200700001650,0007-01-01 09:50:00,7,1,1,9,50,60,4,MAUPASSANT-JUAN AV.GUY D,,,Plein jour,En agglomération,Hors intersection,Normale,Autre collision,,,,,,,,,,,1,2,1,1,6
200700001651,0007-01-03 13:30:00,7,1,3,13,30,60,4,NICE(RN.7) AV.ET RTE DE,,,Plein jour,En agglomération,Hors intersection,Normale,Deux véhicules - arrière,,,,,,,,,,,1,2,1,1,2
200700001652,0007-01-04 10:30:00,7,1,4,10,30,60,4,SAINT CLAUDE CH.DE,,,Plein jour,En agglomération,Hors intersection,Normale,Autre collision,,,,,,,,,,,1,2,1,1,6
200700001653,0007-01-06 14:50:00,7,1,6,14,50,60,4,"25, BREGUIERES CH.DES MO",,,Plein jour,En agglomération,Hors intersection,Normale,Deux véhicules - côté,,,,,,,,,,,1,2,1,1,3
200700001654,0007-01-08 19:25:00,7,1,8,19,25,60,4,NICE(RN.7) AV.ET RTE DE,,,Nuit avec éclairage allumé,En agglomération,Intersection en T,Normale,Deux véhicules - côté,,,,,,,,,,,5,2,3,1,3
200700001655,0007-01-10 19:15:00,7,1,10,19,15,60,4,GRASSE RTE DE,,,Nuit avec éclairage allumé,En agglomération,Intersection en X,Normale,Deux véhicules - côté,,,,,,,,,,,5,2,2,1,3
200700001656,0007-01-10 12:10:00,7,1,10,12,10,60,4,GALLICE AV.ET PASSAGE,,,Plein jour,En agglomération,Hors intersection,Normale,Trois véhicules et plus - en chaîne,,,,,,,,,,,1,2,1,1,4
200700001657,0007-01-11 09:40:00,7,1,11,9,40,60,4,NICE(RN.7) AV.ET RTE DE,,,Plein jour,Hors agglomération,Intersection en X,Normale,Deux véhicules - côté,,,,,,,,,,,1,1,2,1,3
200700001658,0007-01-11 12:10:00,7,1,11,12,10,60,4,CHAUDON RUE DU DIRECTEUR,,,Plein jour,En agglomération,Hors intersection,Normale,Deux véhicules - côté,,,,,,,,,,,1,2,1,1,3
200700001659,0007-01-16 10:20:00,7,1,16,10,20,60,4,SAINT JEAN RTE ET CH.DE,,,Plein jour,En agglomération,Hors intersection,Normale,Deux véhicules - côté,,,,,,,,,,,1,2,1,1,3
200700001660,0007-01-16 22:25:00,7,1,16,22,25,60,155,"152, LIBERTE AV.DE LA",,,Nuit avec éclairage allumé,En agglomération,Hors intersection,Pluie légère,Autre collision,,,,,,,,,,,5,2,1,2,6
200700001661,0007-01-17 08:05:00,7,1,17,8,5,60,4,"0, VAUTRIN BD DU GENERAL",,,Plein jour,En agglomération,Hors intersection,Normale,Autre collision,,,,,,,,,,,1,2,1,1,6
200700001662,0007-01-19 18:20:00,7,1,19,18,20,60,4,"172, KENNEDY BD J.F.",,,Nuit avec éclairage allumé,En agglomération,Hors intersection,Normale,Deux véhicules - frontale,,,,,,,,,,,5,2,1,1,1
200700001663,0007-01-20 12:50:00,7,1,20,12,50,60,4,PELISSIER AV.JEAN MICHAR,,,Plein jour,En agglomération,Autre intersection,Normale,Deux véhicules - côté,,,,,,,,,,,1,2,9,1,3
200700001664,0007-01-24 14:10:00,7,1,24,14,10,60,4,"168, POINCARE BD RAYMOND",,,Plein jour,En agglomération,Intersection en T,Normale,Deux véhicules - arrière,,,,,,,,,,,1,2,3,1,2
200700001665,0007-01-25 19:10:00,7,1,25,19,10,60,4,JEAN CH.ET RTE DE ST,,,Nuit avec éclairage allumé,En agglomération,Hors intersection,Pluie légère,Deux véhicules - côté,,,,,,,,,,,5,2,1,2,3
200700001666,0007-01-25 17:30:00,7,1,25,17,30,60,4,RD6007,,,Crépuscule ou aube,En agglomération,Hors intersection,Normale,Autre collision,,,,,,,,,,,2,2,1,1,6
200700001667,0007-01-29 15:00:00,7,1,29,15,0,60,4,REPUBLIQUE RUE DE LA,,,Plein jour,En agglomération,Hors intersection,Normale,Autre collision,,,,,,,,,,,1,2,1,1,6
200700001668,0007-01-04 12:30:00,7,1,4,12,30,60,27,"., NICE AVENUE DE (RN7)",,,Plein jour,En agglomération,Intersection en T,Normale,Deux véhicules - côté,,,,,,,,,,,1,2,3,1,3
200700001669,0007-01-05 20:00:00,7,1,5,20,0,60,27,"., NICE AVENUE DE (RN7)",,,Nuit avec éclairage allumé,En agglomération,Intersection en X,Normale,Deux véhicules - côté,,,,,,,,,,,5,2,2,1,3
200700001670,0007-01-06 13:45:00,7,1,6,13,45,60,123,", LECLERC GENERAL AVENUE",,,Plein jour,En agglomération,Place,Normale,Deux véhicules - côté,,,,,,,,,,,1,2,7,1,3
200700001671,0007-01-08 12:20:00,7,1,8,12,20,60,27,"., NICE AVENUE DE (RN7)",,,Plein jour,En agglomération,Intersection en T,Normale,Deux véhicules - arrière,,,,,,,,,,,1,2,3,1,2
200700001672,0007-01-14 05:35:00,7,1,14,5,35,60,27,"90, VAL FLEURI CHEMIN DU",,,Nuit avec éclairage allumé,En agglomération,Hors intersection,Normale,Autre collision,,,,,,,,,,,5,2,1,1,6
200700001673,0007-01-16 19:00:00,7,1,16,19,0,60,27,"40, CANEBIERS CHEMIN DES",,,Nuit avec éclairage allumé,En agglomération,Hors intersection,Normale,Deux véhicules - arrière,,,,,,,,,,,5,2,1,1,2
200700001674,0007-01-16 23:00:00,7,1,16,23,0,60,27,"62, CAMPANETTE CHEMIN DE",,,Nuit avec éclairage allumé,En agglomération,Hors intersection,Pluie légère,Deux véhicules - frontale,,,,,,,,,,,5,2,1,2,1
200700001675,0007-01-16 18:50:00,7,1,16,18,50,60,27,"93, NICE AVENUE DE (RN7)",,,Nuit avec éclairage allumé,En agglomération,Hors intersection,Normale,Deux véhicules - côté,,,,,,,,,,,5,2,1,1,3
200700001676,0007-01-19 17:30:00,7,1,19,17,30,60,27,PLAGE BOULEVARD DE LA,,,Nuit avec éclairage allumé,En agglomération,Hors intersection,Normale,Deux véhicules - arrière,,,,,,,,,,,5,2,1,1,2
200700001677,0007-01-18 08:20:00,7,1,18,8,20,60,123,"524, SAUVAIGO PIERRE AVE",,,Plein jour,En agglomération,Intersection en T,Normale,Deux véhicules - arrière,,,,,,,,,,,1,2,3,1,2
200700001678,0007-01-23 09:30:00,7,1,23,9,30,60,123,TOUR MONTEE DE LA,,,Plein jour,En agglomération,Hors intersection,Pluie légère,Deux véhicules - frontale,,,,,,,,,,,1,2,1,2,1
200700001679,0007-01-24 08:30:00,7,1,24,8,30,60,27,ALPES AVENUE DES,,,Plein jour,En agglomération,Giratoire,Normale,Autre collision,,,,,,,,,,,1,2,6,1,6
200700001680,0007-01-24 11:40:00,7,1,24,11,40,60,27,LAUTIN CHEMIN DU,,,Plein jour,En agglomération,Intersection en T,Normale,Autre collision,,,,,,,,,,,1,2,3,1,6
200700001681,0007-01-24 17:45:00,7,1,24,17,45,60,123,BARONNE ROUTE DE LA,,,Nuit sans éclairage public,En agglomération,Hors intersection,Normale,Deux véhicules - côté,,,,,,,,,,,3,2,1,1,3
200700001682,0007-01-24 12:15:00,7,1,24,12,15,60,123,"273, POINT DU JOUR BOULE",,,Plein jour,En agglomération,Intersection en T,Normale,Deux véhicules - côté,,,,,,,,,,,1,2,3,1,3
200700001683,0007-01-24 18:45:00,7,1,24,18,45,60,27,JUIN BOULEVARD MARECHAL,,,Nuit avec éclairage allumé,En agglomération,Intersection en X,Normale,Deux véhicules - côté,,,,,,,,,,,5,2,2,1,3
200700001684,0007-01-01 19:55:00,7,1,1,19,55,60,29,"133, TONNER (AVENUE FRAN",,,Nuit avec éclairage allumé,En agglomération,Hors intersection,Normale,Deux véhicules - côté,,,,,,,,,,,5,2,1,1,3
200700001685,0007-01-02 15:30:00,7,1,2,15,30,60,29,"343, GRASSE (AVENUE DE)",,,Plein jour,En agglomération,Hors intersection,Normale,Autre collision,,,,,,,,,,,1,2,1,1,6
200700001686,0007-01-03 22:40:00,7,1,3,22,40,60,30,"86, DOUMER (BOULEVARD PA",,,Nuit avec éclairage allumé,En agglomération,Intersection en T,Normale,Deux véhicules - côté,,,,,,,,,,,5,2,3,1,3
200700001687,0007-01-03 18:50:00,7,1,3,18,50,60,30,MOULIN (BOULEVARD JEAN),,,Crépuscule ou aube,En agglomération,Hors intersection,Normale,Deux véhicules - côté,,,,,,,,,,,2,2,1,1,3
200700001688,0007-01-05 01:00:00,7,1,5,1,0,60,29,"50, ALSACE ( BOULEVARD D",,,Nuit avec éclairage allumé,En agglomération,Hors intersection,Normale,Autre collision,,,,,,,,,,,5,2,1,1,6
200700001689,0007-01-05 15:05:00,7,1,5,15,5,60,29,MIDI (BOULEVARD DU),,,Plein jour,En agglomération,Hors intersection,Normale,Trois véhicules et plus - collisions multiples,,,,,,,,,,,1,2,1,1,5
200700001690,0007-01-06 15:25:00,7,1,6,15,25,60,29,"13, CARNOT (BOULEVARD)",,,Plein jour,En agglomération,Hors intersection,Normale,Autre collision,,,,,,,,,,,1,2,1,1,6
200700001691,0007-01-06 12:30:00,7,1,6,12,30,60,29,"2, PANNIER (RUE PAUL)",,,Plein jour,En agglomération,Intersection en T,Normale,Deux véhicules - côté,,,,,,,,,,,1,2,3,1,3
200700001692,0007-01-07 11:45:00,7,1,7,11,45,60,29,MIDI (BOULEVARD DU),,,Plein jour,En agglomération,Hors intersection,Normale,Deux véhicules - arrière,,,,,,,,,,,1,2,1,1,2
200700001693,0007-01-10 15:47:00,7,1,10,15,47,60,29,CARNOT (BOULEVARD),,,Plein jour,En agglomération,Hors intersection,Normale,Deux véhicules - côté,,,,,,,,,,,1,2,1,1,3
200700001694,0007-01-12 09:51:00,7,1,12,9,51,60,30,CAMPON (RUE,,,Plein jour,En agglomération,Hors intersection,Normale,Deux véhicules - côté,,,,,,,,,,,1,2,1,1,3
200700001695,0007-01-12 11:44:00,7,1,12,11,44,60,30,ROOSEVELT (AVENUE FRANKL,,,Plein jour,En agglomération,Hors intersection,Normale,Autre collision,,,,,,,,,,,1,2,1,1,6
200700001696,0007-01-12 17:35:00,7,1,12,17,35,60,29,CARNOT (BOULEVARD),,,Plein jour,En agglomération,Intersection en X,Normale,Deux véhicules - côté,,,,,,,,,,,1,2,2,1,3
200700001697,0007-01-16 10:58:00,7,1,16,10,58,60,29,HOCHE (RUE),,,Plein jour,En agglomération,Hors intersection,Normale,Autre collision,,,,,,,,,,,1,2,1,1,6
200700001698,0007-01-16 16:06:00,7,1,16,16,6,60,30,", DOUMER (BOULEVARD PAUL",,,Plein jour,En agglomération,Intersection en X,Normale,Autre collision,,,,,,,,,,,1,2,2,1,6
200700001699,0007-01-17 18:00:00,7,1,17,18,0,60,29,GRASSE (AVENUE DE),,,Crépuscule ou aube,En agglomération,Hors intersection,Normale,Autre collision,,,,,,,,,,,2,2,1,1,6
200700001700,0007-01-18 07:45:00,7,1,18,7,45,60,30,BREGUIERES (CHEMIN DES),,,Plein jour,En agglomération,Hors intersection,Normale,Deux véhicules - côté,,,,,,,,,,,1,2,1,1,3
200700001701,0007-01-18 13:00:00,7,1,18,13,0,60,30,JEANPIERRE (AVENUE MAURI,,,Plein jour,En agglomération,Hors intersection,Normale,Deux véhicules - côté,,,,,,,,,,,1,2,1,1,3
200700001702,0007-01-18 20:45:00,7,1,18,20,45,60,29,TONNER (AVENUE FRANCIS),,,Plein jour,En agglomération,Hors intersection,Normale,Sans collision,,,,,,,,,,,1,2,1,1,7
200700001703,0007-01-24 18:15:00,7,1,24,18,15,60,29,"2, ROQUEBILLIERE (RUE)",,,Nuit avec éclairage allumé,En agglomération,Hors intersection,Normale,Sans collision,,,,,,,,,,,5,2,1,1,7
200700001704,0007-01-24 14:15:00,7,1,24,14,15,60,29,RIOU (BOULEVARD DU),,,Plein jour,En agglomération,Hors intersection,Normale,Sans collision,,,,,,,,,,,1,2,1,1,7
200700001705,0007-01-09 13:10:00,7,1,9,13,10,60,30,ROOSEVELT (AVENUE FRANKL,,,Plein jour,En agglomération,Hors intersection,Normale,Deux véhicules - côté,,,,,,,,,,,1,2,1,1,3
200700001706,0007-01-27 14:18:00,7,1,27,14,18,60,30,MERIMEE (RUE PROSPER),,,Plein jour,En agglomération,Intersection en X,Normale,Deux véhicules - côté,,,,,,,,,,,1,2,2,1,3
200700001707,0007-01-27 15:50:00,7,1,27,15,50,60,30,"1, GARIBONDY (LE CANNET)",,,Plein jour,En agglomération,Hors intersection,Normale,Autre collision,,,,,,,,,,,1,2,1,1,6
200700001708,0007-01-28 03:15:00,7,1,28,3,15,60,30,MONOD (RUE JEAN),,,Nuit avec éclairage allumé,En agglomération,Hors intersection,Normale,Deux véhicules - arrière,,,,,,,,,,,5,2,1,1,2
200700001709,0007-01-26 14:12:00,7,1,26,14,12,60,30,SERRA CAPEOU (RUE),,,Plein jour,En agglomération,Hors intersection,Normale,Deux véhicules - côté,,,,,,,,,,,1,2,1,1,3
200700001710,0007-01-29 08:10:00,7,1,29,8,10,60,29,VALLAURIS (AVENUE DE),,,Plein jour,En agglomération,Hors intersection,Normale,Deux véhicules - frontale,,,,,,,,,,,1,2,1,1,1
200700001711,0007-01-29 17:30:00,7,1,29,17,30,60,29,PICAUD (AVENUE DU DOCTEU,,,Plein jour,En agglomération,Hors intersection,Normale,Autre collision,,,,,,,,,,,1,2,1,1,6
200700001712,0007-01-30 19:45:00,7,1,30,19,45,60,29,JOURDAN (AVENUE MICHEL),,,Crépuscule ou aube,En agglomération,Intersection en T,Normale,Deux véhicules - côté,,,,,,,,,,,2,2,3,1,3
200700001713,0007-01-30 17:38:00,7,1,30,17,38,60,29,"42, VALLOMBROSA (BOULEBA",,,Plein jour,En agglomération,Hors intersection,Normale,Sans collision,,,,,,,,,,,1,2,1,1,7
200700001714,0007-01-30 13:50:00,7,1,30,13,50,60,30,FOCH (PLACE MARECHAL),,,Crépuscule ou aube,En agglomération,Intersection en X,Normale,Deux véhicules - côté,,,,,,,,,,,2,2,2,1,3
200700001715,0007-01-30 14:30:00,7,1,30,14,30,60,29,"21, FERRAGE (BOULEVARD D",,,Plein jour,En agglomération,Hors intersection,Normale,Deux véhicules - côté,,,,,,,,,,,1,2,1,1,3
200700001716,0007-01-28 17:45:00,7,1,28,17,45,60,29,CHATEAUDUN (RUE DE),,,Crépuscule ou aube,En agglomération,Hors intersection,Normale,Autre collision,,,,,,,,,,,2,2,1,1,6
200700001717,0007-01-02 13:50:00,7,1,2,13,50,60,69,"x, CINSAULT (CHEMIN DE)",,,Plein jour,En agglomération,Intersection en X,Vent fort / tempête,Deux véhicules - côté,,,,,,,,,,,1,2,2,6,3
200700001718,0007-01-03 13:10:00,7,1,3,13,10,60,69,"x, ORME (CHEMIN DE L')",,,Plein jour,En agglomération,Hors intersection,Normale,Sans collision,,,,,,,,,,,1,2,1,1,7
200700001719,0007-01-03 18:00:00,7,1,3,18,0,60,69,PAOUTE (ROUTE ET TRAVERS,,,Nuit avec éclairage allumé,En agglomération,Intersection en T,Normale,Autre collision,,,,,,,,,,,5,2,3,1,6
200700001720,0007-01-05 06:00:00,7,1,5,6,0,60,69,"x, RAYBAUD (AVENUE FELIX",,,Nuit avec éclairage allumé,En agglomération,Giratoire,Normale,Deux véhicules - côté,,,,,,,,,,,5,2,6,1,3
200700001721,0007-01-16 08:30:00,7,1,16,8,30,60,69,"62, SEMARD (AVENUE PIERR",,,Plein jour,En agglomération,Hors intersection,Normale,Autre collision,,,,,,,,,,,1,2,1,1,6
200700001722,0007-01-16 15:55:00,7,1,16,15,55,60,69,SEMARD (AVENUE PIERRE),,,Plein jour,En agglomération,Hors intersection,Normale,Deux véhicules - côté,,,,,,,,,,,1,2,1,1,3
200700001723,0007-01-19 07:25:00,7,1,19,7,25,60,69,"x, FRAGONARD (BOULEVARD",,,Crépuscule ou aube,En agglomération,Hors intersection,Normale,Deux véhicules - arrière,,,,,,,,,,,2,2,1,1,2
200700001724,0007-01-19 18:50:00,7,1,19,18,50,60,69,"35, DUVAL (AVENUE MATHIA",,,Nuit avec éclairage allumé,En agglomération,Hors intersection,Normale,Sans collision,,,,,,,,,,,5,2,1,1,7
200700001725,0007-01-20 00:20:00,7,1,20,0,20,60,69,"x, CAROL (RUE ET PLACE M",,,Nuit avec éclairage allumé,En agglomération,Hors intersection,Normale,Sans collision,,,,,,,,,,,5,2,1,1,7
200700001726,0007-01-20 02:00:00,7,1,20,2,0,60,69,"137, PLAN (ROUTE DU) -D3",,,Nuit avec éclairage allumé,En agglomération,Hors intersection,Normale,Autre collision,,,,,,,,,,,5,2,1,1,6
200700001727,0007-01-22 17:40:00,7,1,22,17,40,60,69,"55, SAINT LAURENT (AVENU",,,Crépuscule ou aube,En agglomération,Hors intersection,Normale,Deux véhicules - côté,,,,,,,,,,,2,2,1,1,3
200700001728,0007-01-24 15:15:00,7,1,24,15,15,60,69,"x, GRAND CHENE (CHEMIN D",,,Plein jour,En agglomération,Hors intersection,Normale,Trois véhicules et plus - en chaîne,,,,,,,,,,,1,2,1,1,4
200700001729,0007-01-25 08:55:00,7,1,25,8,55,60,69,"89, ROUQUIER (BOULEVARD",,,Plein jour,En agglomération,Intersection en T,Normale,Deux véhicules - arrière,,,,,,,,,,,1,2,3,1,2
200700001730,0007-01-26 18:35:00,7,1,26,18,35,60,69,"x, ROUQUIER (BOULEVARD E",,,Nuit avec éclairage non allumé,En agglomération,Hors intersection,Normale,Deux véhicules - côté,,,,,,,,,,,4,2,1,1,3
200700001731,0007-01-26 19:00:00,7,1,26,19,0,60,69,"X, CHENES (CHEMIN DES)",,,Crépuscule ou aube,En agglomération,Hors intersection,Normale,Sans collision,,,,,,,,,,,2,2,1,1,7
200700001732,0007-01-27 01:40:00,7,1,27,1,40,60,69,"x, CHENES (CHEMIN DES)",,,Nuit avec éclairage allumé,En agglomération,Hors intersection,Normale,Sans collision,,,,,,,,,,,5,2,1,1,7
200700001733,0007-01-27 12:50:00,7,1,27,12,50,60,69,CARNOT (BOULEVARD ET TRA,,,Plein jour,En agglomération,Hors intersection,Normale,Autre collision,,,,,,,,,,,1,2,1,1,6
200700001734,0007-01-28 16:45:00,7,1,28,16,45,60,69,"65, RENOIR (AVENUE AUGUS",,,Plein jour,En agglomération,Hors intersection,Normale,Autre collision,,,,,,,,,,,1,2,1,1,6
200700001735,0007-01-30 17:10:00,7,1,30,17,10,60,69,"x, PROVENCE (AVENUE DE)",,,Plein jour,En agglomération,Hors intersection,Normale,Autre collision,,,,,,,,,,,1,2,1,1,6
200700001736,0007-01-03 07:20:00,7,1,3,7,20,60,83,VERDUN (AVENUE DE),,,Crépuscule ou aube,En agglomération,Intersection en T,Normale,Deux véhicules - côté,,,,,,,,,,,2,2,3,1,3
200700001737,0007-01-11 10:30:00,7,1,11,10,30,60,83,"12, EDOUARD VII (AVENUE)",,,Plein jour,Hors agglomération,Intersection en X,Normale,Autre collision,,,,,,,,,,,1,1,2,1,6