accident_id,datetime,annee,mois,jour,heure,minute,departement,commune_insee,adresse,latitude,longitude,luminosite,agglomeration,intersection,meteo,collision,nb_vehicules,nb_usagers,nb_indemnes,nb_tues,nb_blesses_hosp,nb_blesses_legers,age_cond_1,age_cond_2,veh_type_cond_1,veh_type_cond_2,lum_code,agg_code,int_code,atm_code,col_code
200700001870,0007-01-23 18:05:00,7,1,23,18,5,70,186,"1, CHOMERAC (ROUTE DE)",,,Nuit avec éclairage allumé,En agglomération,Intersection en T,Pluie légère,Deux véhicules - côté,,,,,,,,,,,5,2,3,2,3
200700001871,0007-01-22 16:25:00,7,1,22,16,25,80,105,"15, SARTRE J.P.",,,Plein jour,En agglomération,Giratoire,Normale,Deux véhicules - côté,,,,,,,,,,,1,2,6,1,3
200700001872,0007-01-06 19:55:00,7,1,6,19,55,80,409,"48, STACKLER (AVENUE)",,,Nuit avec éclairage allumé,En agglomération,Hors intersection,Pluie légère,Trois véhicules et plus - en chaîne,,,,,,,,,,,5,2,1,2,4
200700001873,0007-01-07 15:25:00,7,1,7,15,25,80,409,PHILIPPOTEAUX (AVENUE),,,Plein jour,En agglomération,Hors intersection,Temps couvert,Autre collision,,,,,,,,,,,1,2,1,8,6
200700001874,0007-01-08 22:05:00,7,1,8,22,5,80,409,"48, MARNE (AVENUE DE LA)",,,Nuit avec éclairage allumé,En agglomération,Hors intersection,Pluie légère,Deux véhicules - côté,,,,,,,,,,,5,2,1,2,3
200700001875,0007-01-08 18:25:00,7,1,8,18,25,80,43,"46, DE GAULLE (AVENUE CH",,,Nuit avec éclairage allumé,En agglomération,Hors intersection,Pluie forte,Autre collision,,,,,,,,,,,5,2,1,3,6
200700001876,0007-01-10 17:45:00,7,1,10,17,45,80,409,"12, LECLERC (AVENUE DU M",,,Nuit avec éclairage allumé,En agglomération,Hors intersection,Pluie légère,Autre collision,,,,,,,,,,,5,2,1,2,6
200700001877,0007-01-12 19:59:00,7,1,12,19,59,90,122,PERMILHAC,,,Nuit avec éclairage allumé,Hors agglomération,Giratoire,Normale,Deux véhicules - côté,,,,,,,,,,,5,1,6,1,3
200700001878,0007-01-16 13:00:00,7,1,16,13,0,90,122,"1, CADIRAC (AVENUE DE)",,,Plein jour,En agglomération,Intersection en X,Normale,Deux véhicules - côté,,,,,,,,,,,1,2,2,1,3
200700001879,0007-01-02 11:35:00,7,1,2,11,35,90,225,"00, MAQUISARDS PROMENADE",,,Plein jour,En agglomération,Hors intersection,Normale,Autre collision,,,,,,,,,,,1,2,1,1,6
200700001880,0007-01-05 17:35:00,7,1,5,17,35,100,387,GEORGES POMPIDOU (RUE),,,Crépuscule ou aube,En agglomération,Hors intersection,Normale,Deux véhicules - côté,,,,,,,,,,,2,2,1,1,3
200700001881,0007-01-05 09:55:00,7,1,5,9,55,100,387,VICTOR HUGO (RUE),,,Plein jour,En agglomération,Hors intersection,Normale,Autre collision,,,,,,,,,,,1,2,1,1,6
200700001882,0007-01-07 12:50:00,7,1,7,12,50,100,387,"0, MARCELIN BERTHELOT (R",,,Plein jour,En agglomération,Intersection en X,Normale,Deux véhicules - côté,,,,,,,,,,,1,2,2,1,3
200700001883,0007-01-12 17:40:00,7,1,12,17,40,100,387,CELESTIN PHILBOIS (RUE),,,Nuit avec éclairage allumé,En agglomération,Intersection en T,Normale,Deux véhicules - côté,,,,,,,,,,,5,2,3,1,3
200700001884,0007-01-18 07:50:00,7,1,18,7,50,100,81,"0, ARCHIMEDE (CD)",,,Nuit avec éclairage allumé,En agglomération,Giratoire,Pluie légère,Deux véhicules - côté,,,,,,,,,,,5,2,6,2,3
200700001885,0007-01-15 19:00:00,7,1,15,19,0,100,343,FONTENELLE (RUE),,,Nuit avec éclairage allumé,En agglomération,Intersection en X,Normale,Deux véhicules - côté,,,,,,,,,,,5,2,2,1,3
200700001886,0007-01-23 07:45:00,7,1,23,7,45,100,387,"110, PASTEUR (RUE)",,,Nuit avec éclairage allumé,En agglomération,Hors intersection,Normale,Deux véhicules - côté,,,,,,,,,,,5,2,1,1,3
200700001887,0007-01-19 22:15:00,7,1,19,22,15,100,387,"0, JEAN LOUIS DELAPORTE",,,Nuit avec éclairage allumé,En agglomération,Intersection en T,Normale,Deux véhicules - côté,,,,,,,,,,,5,2,3,1,3
200700001888,0007-01-19 16:05:00,7,1,19,16,5,100,297,"64, JEAN JAURES (RUE)",,,Plein jour,En agglomération,Hors intersection,Normale,Autre collision,,,,,,,,,,,1,2,1,1,6
200700001889,0007-01-28 11:35:00,7,1,28,11,35,100,387,"147, PREIZE (RUE DE)",,,Crépuscule ou aube,En agglomération,Hors intersection,Normale,Autre collision,,,,,,,,,,,2,2,1,1,6
200700001890,0007-01-11 21:45:00,7,1,11,21,45,110,69,BRAM -ROUTE DE-,,,Nuit sans éclairage public,Hors agglomération,Hors intersection,Normale,Autre collision,,,,,,,,,,,3,1,1,1,6
200700001891,0007-01-04 17:25:00,7,1,4,17,25,110,76,"60/62, LANGLE (AVENUE MO",,,Crépuscule ou aube,En agglomération,Hors intersection,Normale,Autre collision,,,,,,,,,,,2,2,1,1,6
200700001892,0007-01-15 12:45:00,7,1,15,12,45,110,76,"0, CHEMIN DE VILLEROUX",,,Plein jour,Hors agglomération,Hors intersection,Normale,Sans collision,,,,,,,,,,,1,1,1,1,7
200700001893,0007-01-25 17:25:00,7,1,25,17,25,110,76,EUROPE (AVENUE DE L'),,,Plein jour,En agglomération,Hors intersection,Normale,Deux véhicules - frontale,,,,,,,,,,,1,2,1,1,1
200700001894,0007-01-02 10:50:00,7,1,2,10,50,110,262,BORDEAUX (AVENUE DE),,,Plein jour,En agglomération,Hors intersection,Normale,Autre collision,,,,,,,,,,,1,2,1,1,6
200700001895,0007-01-09 17:25:00,7,1,9,17,25,110,262,"17, CAMP (AVENUE JEAN)",,,Crépuscule ou aube,En agglomération,Hors intersection,Normale,Sans collision,,,,,,,,,,,2,2,1,1,7
200700001896,0007-01-21 05:50:00,7,1,21,5,50,110,262,"0, AUGE (BOULEVARD DR LE",,,Nuit avec éclairage allumé,En agglomération,Hors intersection,Normale,Deux véhicules - arrière,,,,,,,,,,,5,2,1,1,2
200700001897,0007-01-24 16:20:00,7,1,24,16,20,110,262,PYRENEES (PLACE ET AVENU,,,Plein jour,En agglomération,Intersection en X,Normale,Autre collision,,,,,,,,,,,1,2,2,1,6
200700001898,0007-01-06 11:10:00,7,1,6,11,10,110,262,"0, ESCOUTE (PONT DE L')",,,Plein jour,En agglomération,Intersection en T,Normale,Autre collision,,,,,,,,,,,1,2,3,1,6
200700001899,0007-01-20 05:45:00,7,1,20,5,45,110,262,RN 009 NARBONNE /  PERPI,,,Nuit avec éclairage allumé,Hors agglomération,Hors intersection,Normale,Deux véhicules - arrière,,,,,,,,,,,5,1,1,1,2
200700001900,0007-01-31 14:15:00,7,1,31,14,15,110,262,MAZAGRAN (RUE DE),,,Plein jour,En agglomération,Intersection en X,Normale,Deux véhicules - côté,,,,,,,,,,,1,2,2,1,3
200700001901,0007-01-23 18:35:00,7,1,23,18,35,120,100,"17, MOULIN (RUE JEAN)",,,Nuit avec éclairage allumé,En agglomération,Hors intersection,Neige / grêle,Autre collision,,,,,,,,,,,5,2,1,4,6
200700001902,0007-01-25 08:25:00,7,1,25,8,25,120,13,"23, LAURENS",,,Plein jour,En agglomération,Autre intersection,Normale,Autre collision,,,,,,,,,,,1,2,9,1,6
200700001903,0007-01-09 17:43:00,7,1,9,17,43,120,145,CALES (AVENUE DE),,,Crépuscule ou aube,En agglomération,Intersection en Y,Normale,Deux véhicules - frontale,,,,,,,,,,,2,2,4,1,1
200700001904,0007-01-02 14:00:00,7,1,2,14,0,120,202,"34, DURAND DEGROS (AVENU",,,Plein jour,En agglomération,Hors intersection,Pluie légère,Autre collision,,,,,,,,,,,1,2,1,2,6
200700001905,0007-01-03 18:15:00,7,1,3,18,15,120,202,MOUTIERS (GIRATOIRE DES),,,Nuit avec éclairage allumé,Hors agglomération,Giratoire,Normale,Autre collision,,,,,,,,,,,5,1,6,1,6
200700001906,0007-01-05 13:25:00,7,1,5,13,25,130,1,"2, BELGES (AV DES)",,,Plein jour,En agglomération,Hors intersection,Normale,Autre collision,,,,,,,,,,,1,2,1,1,6
200700001907,0007-01-07 23:30:00,7,1,7,23,30,130,1,"30, DE LATTRE DE TASSIGN",,,Nuit avec éclairage allumé,En agglomération,Hors intersection,Normale,Sans collision,,,,,,,,,,,5,2,1,1,7
200700001908,0007-01-02 15:10:00,7,1,2,15,10,130,1,"2, PONTIER HENRI (AV)",,,Plein jour,En agglomération,Hors intersection,Normale,Autre collision,,,,,,,,,,,1,2,1,1,6
200700001909,0007-01-11 08:24:00,7,1,11,8,24,130,1,"1, HUGO VICTOR (AV)",,,Crépuscule ou aube,En agglomération,Hors intersection,Temps couvert,Trois véhicules et plus - en chaîne,,,,,,,,,,,2,2,1,8,4
200700001910,0007-01-14 05:30:00,7,1,14,5,30,130,1,"1, R.N 7",,,Nuit sans éclairage public,Hors agglomération,Hors intersection,Brouillard / fumée,Deux véhicules - arrière,,,,,,,,,,,3,1,1,5,2
200700001911,0007-01-25 18:50:00,7,1,25,18,50,130,1,D'ORVES ESTIENNE (ALLEE,,,Crépuscule ou aube,En agglomération,Hors intersection,Normale,Autre collision,,,,,,,,,,,2,2,1,1,6
200700001912,0007-01-03 19:57:00,7,1,3,19,57,130,4,"0, EMILE COMBES BOULEVAR",,,Nuit avec éclairage allumé,En agglomération,Intersection à plus de 4 branches,Normale,Deux véhicules - côté,,,,,,,,,,,5,2,5,1,3
200700001913,0007-01-04 11:45:00,7,1,4,11,45,130,4,", RN 113",,,Plein jour,Hors agglomération,Hors intersection,Normale,Trois véhicules et plus - en chaîne,,,,,,,,,,,1,1,1,1,4
200700001914,0007-01-05 20:15:00,7,1,5,20,15,130,4,"0, R.N.113",,,Nuit sans éclairage public,Hors agglomération,Hors intersection,Normale,Trois véhicules et plus - collisions multiples,,,,,,,,,,,3,1,1,1,5
200700001915,0007-01-07 05:20:00,7,1,7,5,20,130,4,CORSE ROUTE DE LA,,,Nuit sans éclairage public,Hors agglomération,Hors intersection,Normale,Sans collision,,,,,,,,,,,3,1,1,1,7
200700001916,0007-01-16 13:55:00,7,1,16,13,55,130,4,COSTE BASSE ROUTE DE,,,Plein jour,Hors agglomération,Hors intersection,Normale,Sans collision,,,,,,,,,,,1,1,1,1,7
200700001917,0007-01-03 12:40:00,7,1,3,12,40,130,5,"984, PALUDS (AVENUE DES)",,,Plein jour,Hors agglomération,Autre intersection,Normale,Deux véhicules - côté,,,,,,,,,,,1,1,9,1,3
200700001918,0007-01-04 17:00:00,7,1,4,17,0,130,5,RD 559 A (ROUTE DE LA BE,,,Plein jour,Hors agglomération,Hors intersection,Normale,Deux véhicules - frontale,,,,,,,,,,,1,1,1,1,1
200700001919,0007-01-12 12:05:00,7,1,12,12,5,130,5,"2, VALLEE (CHEMIN DE LA)",,,Plein jour,En agglomération,Autre intersection,Normale,Deux véhicules - frontale,,,,,,,,,,,1,2,9,1,1
200700001920,0007-01-12 15:05:00,7,1,12,15,5,130,28,GASSION (AVENUE FERNAND,,,Plein jour,En agglomération,Hors intersection,Normale,Autre collision,,,,,,,,,,,1,2,1,1,6
200700001921,0007-01-27 14:10:00,7,1,27,14,10,130,47,RADOLFZELL AVENUE DE,,,Plein jour,Hors agglomération,Hors intersection,Normale,Trois véhicules et plus - en chaîne,,,,,,,,,,,1,1,1,1,4
200700001922,0007-01-01 15:35:00,7,1,1,15,35,130,54,DE GAULLE  AVE GAL DE,,,Plein jour,En agglomération,Hors intersection,Normale,Deux véhicules - arrière,,,,,,,,,,,1,2,1,1,2
200700001923,0007-01-02 08:03:00,7,1,2,8,3,130,43,RN 368,,,Crépuscule ou aube,Hors agglomération,Intersection en T,Vent fort / tempête,Deux véhicules - côté,,,,,,,,,,,2,1,3,6,3
200700001924,0007-01-06 20:30:00,7,1,6,20,30,130,102,ROMETTES (PARC D'ACTIVIT,,,Nuit avec éclairage allumé,En agglomération,Hors intersection,Normale,Deux véhicules - frontale,,,,,,,,,,,5,2,1,1,1
200700001925,0007-01-08 14:15:00,7,1,8,14,15,130,102,JUIN  AVENUE MARECHAL,,,Plein jour,En agglomération,Hors intersection,Normale,Deux véhicules - arrière,,,,,,,,,,,1,2,1,1,2
200700001926,0007-01-09 10:30:00,7,1,9,10,30,130,54,MAI-45 AV DU 8,,,Plein jour,En agglomération,Hors intersection,Temps éblouissant,Trois véhicules et plus - collisions multiples,,,,,,,,,,,1,2,1,7,5
200700001927,0007-01-09 15:00:00,7,1,9,15,0,130,54,OLIVIERS  ALLEE DES,,,Plein jour,En agglomération,Intersection en X,Normale,Deux véhicules - côté,,,,,,,,,,,1,2,2,1,3
200700001928,0007-01-10 07:50:00,7,1,10,7,50,130,54,PALUN  ZI LA,,,Plein jour,En agglomération,Hors intersection,Normale,Deux véhicules - arrière,,,,,,,,,,,1,2,1,1,2
200700001929,0007-01-11 14:10:00,7,1,11,14,10,130,54,EUROPE  AVENUE DE L',,,Plein jour,En agglomération,Hors intersection,Normale,Deux véhicules - arrière,,,,,,,,,,,1,2,1,1,2
200700001930,0007-01-14 22:25:00,7,1,14,22,25,130,43,RICAUD  AVENUE JULES,,,Nuit avec éclairage allumé,Hors agglomération,Intersection à plus de 4 branches,Normale,Autre collision,,,,,,,,,,,5,1,5,1,6
200700001931,0007-01-15 11:05:00,7,1,15,11,5,130,54,HUIT MAI 1945  AVE DU,,,Plein jour,En agglomération,Hors intersection,Temps éblouissant,Trois véhicules et plus - en chaîne,,,,,,,,,,,1,2,1,7,4
200700001932,0007-01-17 07:59:00,7,1,17,7,59,130,43,FONSE  RUE DE LA,,,Crépuscule ou aube,En agglomération,Hors intersection,Pluie légère,Sans collision,,,,,,,,,,,2,2,1,2,7
200700001933,0007-01-18 17:20:00,7,1,18,17,20,130,54,SERVANTY  RUE LUCIEN,,,Crépuscule ou aube,En agglomération,Intersection en T,Normale,Deux véhicules - frontale,,,,,,,,,,,2,2,3,1,1
200700001934,0007-01-19 22:45:00,7,1,19,22,45,130,54,HUIT MAI 1945  AVE DU,,,Nuit avec éclairage allumé,En agglomération,Giratoire,Normale,Deux véhicules - côté,,,,,,,,,,,5,2,6,1,3
200700001935,0007-01-21 21:00:00,7,1,21,21,0,130,102,"001, LIBERATION  BLD DE",,,Nuit avec éclairage allumé,En agglomération,Intersection en Y,Normale,Sans collision,,,,,,,,,,,5,2,4,1,7
200700001936,0007-01-22 18:14:00,7,1,22,18,14,130,102,MOULIN  BLD JEAN,,,Nuit sans éclairage public,En agglomération,Hors intersection,Normale,Deux véhicules - côté,,,,,,,,,,,3,2,1,1,3
200700001937,0007-01-25 10:05:00,7,1,25,10,5,130,54,MAI-45 AV DU 8,,,Plein jour,En agglomération,Hors intersection,Normale,Deux véhicules - arrière,,,,,,,,,,,1,2,1,1,2
200700001938,0007-01-25 19:40:00,7,1,25,19,40,130,54,C D 9,,,Nuit sans éclairage public,En agglomération,Hors intersection,Normale,Deux véhicules - arrière,,,,,,,,,,,3,2,1,1,2
200700001939,0007-01-30 21:30:00,7,1,30,21,30,130,43,RN 368,,,Nuit sans éclairage public,En agglomération,Hors intersection,Normale,Deux véhicules - côté,,,,,,,,,,,3,2,1,1,3
200700001940,0007-01-31 07:45:00,7,1,31,7,45,130,43,GRANETTES  CHEMIN DES,,,Plein jour,En agglomération,Giratoire,Normale,Deux véhicules - côté,,,,,,,,,,,1,2,6,1,3
200700001941,0007-01-01 05:20:00,7,1,1,5,20,130,55,"00, NATIONAL   1 A 51 (B",,,Nuit avec éclairage allumé,En agglomération,Intersection en T,Normale,Autre collision,,,,,,,,,,,5,2,3,1,6
200700001942,0007-01-05 12:30:00,7,1,5,12,30,130,55,CORNICHE KENNEDY,,,Plein jour,En agglomération,Autre intersection,Normale,Deux véhicules - côté,,,,,,,,,,,1,2,9,1,3
200700001943,0007-01-05 06:15:00,7,1,5,6,15,130,55,"104, DAMES (BOULEVARD DE",,,Nuit avec éclairage allumé,En agglomération,Hors intersection,Normale,Deux véhicules - côté,,,,,,,,,,,5,2,1,1,3
200700001944,0007-01-03 12:50:00,7,1,3,12,50,130,55,SOUDE (AVENUE DE LA),,,Plein jour,En agglomération,Intersection en T,Normale,Trois véhicules et plus - collisions multiples,,,,,,,,,,,1,2,3,1,5
200700001945,0007-01-03 19:00:00,7,1,3,19,0,130,55,"68, FRÉDÉRIC MISTRAL (AV",,,Nuit avec éclairage allumé,En agglomération,Hors intersection,Normale,Deux véhicules - côté,,,,,,,,,,,5,2,1,1,3
200700001946,0007-01-04 09:10:00,7,1,4,9,10,130,55,LIEUTAUD (COURS),,,Plein jour,En agglomération,Intersection en X,Normale,Deux véhicules - arrière,,,,,,,,,,,1,2,2,1,2
200700001947,0007-01-03 07:45:00,7,1,3,7,45,130,55,CHANTERAC (RUE DE),,,Plein jour,En agglomération,Hors intersection,Normale,Autre collision,,,,,,,,,,,1,2,1,1,6
200700001948,0007-01-02 10:00:00,7,1,2,10,0,130,55,GAROUTTE (BOULEVARD),,,Plein jour,En agglomération,Intersection en X,Normale,Deux véhicules - côté,,,,,,,,,,,1,2,2,1,3
200700001949,0007-01-02 13:20:00,7,1,2,13,20,130,55,POILUS (AVENUE DES),,,Plein jour,En agglomération,Intersection en T,Normale,Deux véhicules - côté,,,,,,,,,,,1,2,3,1,3
200700001950,0007-01-03 18:00:00,7,1,3,18,0,130,55,KADDOUZ (CHEMIN),,,Nuit avec éclairage allumé,En agglomération,Hors intersection,Normale,Deux véhicules - côté,,,,,,,,,,,5,2,1,1,3
200700001951,0007-01-08 13:30:00,7,1,8,13,30,130,55,"51, AUBAGNE (RUE D')",,,Plein jour,En agglomération,Hors intersection,Normale,Autre collision,,,,,,,,,,,1,2,1,1,6
200700001952,0007-01-09 07:45:00,7,1,9,7,45,130,55,CAPITAINE GEZE (BOULEVAR,,,Plein jour,En agglomération,Hors intersection,Normale,Autre collision,,,,,,,,,,,1,2,1,1,6
200700001953,0007-01-10 07:10:00,7,1,10,7,10,130,55,"213, CHARTREUX (AVENUE D",,,Nuit avec éclairage allumé,En agglomération,Intersection en X,Normale,Deux véhicules - côté,,,,,,,,,,,5,2,2,1,3
200700001954,0007-01-09 17:00:00,7,1,9,17,0,130,55,"13, PLUMIERS (RUE)",,,Plein jour,En agglomération,Hors intersection,Normale,Autre collision,,,,,,,,,,,1,2,1,1,6
200700001955,0007-01-10 13:45:00,7,1,10,13,45,130,55,L ARMEE D AFRIQUE (CHEMI,,,Plein jour,En agglomération,Hors intersection,Normale,Deux véhicules - côté,,,,,,,,,,,1,2,1,1,3
200700001956,0007-01-11 00:30:00,7,1,11,0,30,130,55,"0, MARCHE D'IN (AVENUE)",,,Nuit avec éclairage allumé,En agglomération,Hors intersection,Normale,Deux véhicules - frontale,,,,,,,,,,,5,2,1,1,1
200700001957,0007-01-03 19:45:00,7,1,3,19,45,130,55,ROLAND DORGELES (BOULEVA,,,Nuit avec éclairage allumé,En agglomération,Intersection en T,Normale,Deux véhicules - côté,,,,,,,,,,,5,2,3,1,3
200700001958,0007-01-04 10:30:00,7,1,4,10,30,130,55,DAMES (BOULEVARD DES),,,Plein jour,En agglomération,Intersection en T,Normale,Autre collision,,,,,,,,,,,1,2,3,1,6
200700001959,0007-01-05 19:50:00,7,1,5,19,50,130,55,"74, VISTE (AVENUE DE LA)",,,Nuit avec éclairage allumé,En agglomération,Hors intersection,Normale,Autre collision,,,,,,,,,,,5,2,1,1,6
200700001960,0007-01-01 16:15:00,7,1,1,16,15,130,55,LA FOURRAGERE (AVENUE),,,Plein jour,En agglomération,Intersection en T,Normale,Deux véhicules - côté,,,,,,,,,,,1,2,3,1,3
200700001961,0007-01-01 05:15:00,7,1,1,5,15,130,55,TOULON (AVENUE DE),,,Nuit avec éclairage allumé,En agglomération,Intersection en T,Normale,Deux véhicules - côté,,,,,,,,,,,5,2,3,1,3
200700001962,0007-01-03 17:40:00,7,1,3,17,40,130,55,"14, PRADO (AVENUE DU)",,,Nuit avec éclairage allumé,En agglomération,Hors intersection,Normale,Sans collision,,,,,,,,,,,5,2,1,1,7
200700001963,0007-01-03 23:15:00,7,1,3,23,15,130,55,MARCEL SEMBAT (RUE),,,Nuit avec éclairage allumé,En agglomération,Hors intersection,Normale,Deux véhicules - côté,,,,,,,,,,,5,2,1,1,3
200700001964,0007-01-03 08:10:00,7,1,3,8,10,130,55,ENDOUME (RUE D'),,,Plein jour,En agglomération,Hors intersection,Normale,Deux véhicules - côté,,,,,,,,,,,1,2,1,1,3
200700001965,0007-01-03 19:01:00,7,1,3,19,1,130,55,"FACE 10, BRETEUIL (RUE)",,,Nuit avec éclairage allumé,En agglomération,Intersection en X,Normale,Autre collision,,,,,,,,,,,5,2,2,1,6
200700001966,0007-01-08 00:35:00,7,1,8,0,35,130,55,"602, LITTORAL (CHEMIN DU",,,Nuit avec éclairage allumé,En agglomération,Hors intersection,Normale,Autre collision,,,,,,,,,,,5,2,1,1,6
200700001967,0007-01-05 09:30:00,7,1,5,9,30,130,55,SAINT MARCEL (BOULEVARD,,,Plein jour,En agglomération,Intersection en T,Normale,Deux véhicules - côté,,,,,,,,,,,1,2,3,1,3
200700001968,0007-01-02 13:40:00,7,1,2,13,40,130,55,"00, ELLEON (AVENUE)",,,Plein jour,En agglomération,Intersection en T,Normale,Autre collision,,,,,,,,,,,1,2,3,1,6
200700001969,0007-01-11 19:35:00,7,1,11,19,35,130,55,"35, DOCTEUR LÉON PERRIN",,,Nuit avec éclairage allumé,En agglomération,Hors intersection,Normale,Autre collision,,,,,,,,,,,5,2,1,1,6
200700001970,0007-01-06 19:00:00,7,1,6,19,0,130,55,VINCENT DELPUECH (BOULEV,,,Nuit avec éclairage allumé,En agglomération,Hors intersection,Normale,Autre collision,,,,,,,,,,,5,2,1,1,6
200700001971,0007-01-08 07:40:00,7,1,8,7,40,130,55,"04, FORGES (RUE DES)",,,Plein jour,En agglomération,Hors intersection,Normale,Autre collision,,,,,,,,,,,1,2,1,1,6
200700001972,0007-01-05 17:00:00,7,1,5,17,0,130,55,"05, MARTHELINE (AVENUE D",,,Plein jour,En agglomération,Hors intersection,Normale,Deux véhicules - arrière,,,,,,,,,,,1,2,1,1,2
200700001973,0007-01-04 19:05:00,7,1,4,19,5,130,55,"9, ROUVIER (BOULEVARD)",,,Nuit sans éclairage public,En agglomération,Hors intersection,Normale,Autre collision,,,,,,,,,,,3,2,1,1,6
200700001974,0007-01-10 14:10:00,7,1,10,14,10,130,55,"30, RABATAU (BOULEVARD)",,,Plein jour,En agglomération,Hors intersection,Normale,Sans collision,,,,,,,,,,,1,2,1,1,7
200700001975,0007-01-09 01:00:00,7,1,9,1,0,130,55,"36, JEAN MOULIN (BOULEVA",,,Nuit avec éclairage allumé,En agglomération,Hors intersection,Normale,Sans collision,,,,,,,,,,,5,2,1,1,7
200700001976,0007-01-05 17:20:00,7,1,5,17,20,130,55,CORSE (AVENUE DE LA),,,Nuit sans éclairage public,En agglomération,Intersection en X,Normale,Deux véhicules - côté,,,,,,,,,,,3,2,2,1,3
200700001977,0007-01-13 15:30:00,7,1,13,15,30,130,55,ELLEON (AVENUE),,,Plein jour,En agglomération,Intersection en T,Normale,Deux véhicules - côté,,,,,,,,,,,1,2,3,1,3
200700001978,0007-01-12 15:40:00,7,1,12,15,40,130,55,"12, VERSAILLES (RUE DE)",,,Plein jour,En agglomération,Hors intersection,Normale,Autre collision,,,,,,,,,,,1,2,1,1,6
200700001979,0007-01-02 20:40:00,7,1,2,20,40,130,55,DAMES (BOULEVARD DES),,,Nuit avec éclairage allumé,En agglomération,Intersection en X,Normale,Deux véhicules - côté,,,,,,,,,,,5,2,2,1,3
200700001980,0007-01-10 20:20:00,7,1,10,20,20,130,55,FOUR DE BUZ (CHEMIN),,,Nuit avec éclairage allumé,En agglomération,Hors intersection,Normale,Deux véhicules - frontale,,,,,,,,,,,5,2,1,1,1
200700001981,0007-01-07 05:30:00,7,1,7,5,30,130,55,"278, SAINT ANTOINE (CHEM",,,Nuit avec éclairage allumé,En agglomération,Hors intersection,Normale,Sans collision,,,,,,,,,,,5,2,1,1,7
200700001982,0007-01-10 13:10:00,7,1,10,13,10,130,55,SAINT ANTOINE (AVENUE DE,,,Plein jour,En agglomération,Hors intersection,Normale,Deux véhicules - côté,,,,,,,,,,,1,2,1,1,3
200700001983,0007-01-10 13:30:00,7,1,10,13,30,130,55,BERNARD CADENAT (PLACE),,,Plein jour,En agglomération,Intersection en X,Normale,Autre collision,,,,,,,,,,,1,2,2,1,6
200700001984,0007-01-03 13:10:00,7,1,3,13,10,130,55,"110, PLOMBIERES (BOULEVA",,,Plein jour,En agglomération,Hors intersection,Normale,Autre collision,,,,,,,,,,,1,2,1,1,6
200700001985,0007-01-08 20:20:00,7,1,8,20,20,130,55,SAINT LOUIS (AVENUE DE),,,Nuit avec éclairage allumé,En agglomération,Hors intersection,Normale,Autre collision,,,,,,,,,,,5,2,1,1,6
200700001986,0007-01-15 23:05:00,7,1,15,23,5,130,55,"29, SAINT ANTOINE (AVENU",,,Nuit avec éclairage allumé,En agglomération,Hors intersection,Normale,Sans collision,,,,,,,,,,,5,2,1,1,7
200700001987,0007-01-11 16:45:00,7,1,11,16,45,130,55,"33, BERNEX (CHEMIN DE)",,,Plein jour,En agglomération,Intersection en T,Normale,Deux véhicules - frontale,,,,,,,,,,,1,2,3,1,1
200700001988,0007-01-09 11:00:00,7,1,9,11,0,130,55,LITTORAL (CHEMIN DU),,,Plein jour,Hors agglomération,Hors intersection,Normale,Autre collision,,,,,,,,,,,1,1,1,1,6
200700001989,0007-01-07 15:30:00,7,1,7,15,30,130,55,LA FOURRAGERE (AVENUE),,,Plein jour,En agglomération,Hors intersection,Normale,Autre collision,,,,,,,,,,,1,2,1,1,6
200700001990,0007-01-09 11:45:00,7,1,9,11,45,130,55,"288, REDON (BOULEVARD DU",,,Plein jour,En agglomération,Hors intersection,Pluie légère,Deux véhicules - frontale,,,,,,,,,,,1,2,1,2,1
200700001991,0007-01-08 18:00:00,7,1,8,18,0,130,55,CLOT BEY (AVENUE),,,Nuit avec éclairage allumé,En agglomération,Intersection en T,Normale,Deux véhicules - frontale,,,,,,,,,,,5,2,3,1,1
200700001992,0007-01-10 13:11:00,7,1,10,13,11,130,55,"37, MONTREDON (AVENUE DE",,,Plein jour,En agglomération,Intersection en T,Normale,Deux véhicules - arrière,,,,,,,,,,,1,2,3,1,2
200700001993,0007-01-09 08:20:00,7,1,9,8,20,130,55,PAUL CLAUDEL (BOULEVARD),,,Plein jour,En agglomération,Intersection en T,Normale,Deux véhicules - côté,,,,,,,,,,,1,2,3,1,3
200700001994,0007-01-10 10:10:00,7,1,10,10,10,130,2,"00, CANTON VERT (AVENUE",,,Plein jour,En agglomération,Hors intersection,Normale,Autre collision,,,,,,,,,,,1,2,1,1,6
200700001995,0007-01-08 12:00:00,7,1,8,12,0,130,55,"300, SAINTE MARGUERITE (",,,Plein jour,En agglomération,Hors intersection,Normale,Deux véhicules - arrière,,,,,,,,,,,1,2,1,1,2
200700001996,0007-01-12 13:50:00,7,1,12,13,50,130,55,FRANCOISE DUPARC (BOULEV,,,Plein jour,En agglomération,Hors intersection,Normale,Deux véhicules - arrière,,,,,,,,,,,1,2,1,1,2
200700001997,0007-01-14 01:15:00,7,1,14,1,15,130,55,"26, SAINTE CECILE (RUE)",,,Nuit avec éclairage allumé,En agglomération,Intersection à plus de 4 branches,Normale,Deux véhicules - côté,,,,,,,,,,,5,2,5,1,3
200700001998,0007-01-04 09:15:00,7,1,4,9,15,130,55,LAVERAN (BOULEVARD DU),,,Plein jour,En agglomération,Giratoire,Normale,Deux véhicules - arrière,,,,,,,,,,,1,2,6,1,2
200700001999,0007-01-15 19:00:00,7,1,15,19,0,130,55,POLOGNE (RUE),,,Nuit avec éclairage allumé,En agglomération,Hors intersection,Normale,Autre collision,,,,,,,,,,,5,2,1,1,6
200700002000,0007-01-14 06:30:00,7,1,14,6,30,130,55,MILLIERE (BOULEVARD DE L,,,Nuit avec éclairage allumé,En agglomération,Intersection en T,Autre,Deux véhicules - côté,,,,,,,,,,,5,2,3,9,3