accident_id,datetime,annee,mois,jour,heure,minute,departement,commune_insee,adresse,latitude,longitude,luminosite,agglomeration,intersection,meteo,collision,nb_vehicules,nb_usagers,nb_indemnes,nb_tues,nb_blesses_hosp,nb_blesses_legers,age_cond_1,age_cond_2,veh_type_cond_1,veh_type_cond_2,lum_code,agg_code,int_code,atm_code,col_code
200700002131,0007-01-04 14:00:00,7,1,4,14,0,130,55,GRIGNAN (RUE)     12 A F,,,Plein jour,En agglomération,Hors intersection,Normale,Sans collision,,,,,,,,,,,1,2,1,1,7
200700002132,0007-01-29 09:40:00,7,1,29,9,40,130,55,"3, MONTGRAND (RUE)",,,Plein jour,En agglomération,Hors intersection,Normale,Autre collision,,,,,,,,,,,1,2,1,1,6
200700002133,0007-01-27 18:15:00,7,1,27,18,15,130,55,"107, SAKAKINI (BOULEVARD",,,Nuit avec éclairage allumé,En agglomération,Hors intersection,Normale,Deux véhicules - arrière,,,,,,,,,,,5,2,1,1,2
200700002134,0007-01-31 14:00:00,7,1,31,14,0,130,55,"11, BRETEUIL (RUE)  1 A",,,Plein jour,En agglomération,Intersection en X,Normale,Autre collision,,,,,,,,,,,1,2,2,1,6
200700002135,0007-01-31 23:00:00,7,1,31,23,0,130,55,BAILLE (BOULEVARD),,,Nuit avec éclairage allumé,En agglomération,Intersection en T,Normale,Deux véhicules - côté,,,,,,,,,,,5,2,3,1,3
200700002136,0007-01-24 15:00:00,7,1,24,15,0,130,55,"1, VALBARELLE (BOULEVARD",,,Plein jour,En agglomération,Hors intersection,Normale,Sans collision,,,,,,,,,,,1,2,1,1,7
200700002137,0007-01-08 07:45:00,7,1,8,7,45,130,55,"9, SAINT BARNA (AVENUE)",,,Crépuscule ou aube,En agglomération,Hors intersection,Normale,Deux véhicules - côté,,,,,,,,,,,2,2,1,1,3
200700002138,0007-01-26 09:30:00,7,1,26,9,30,130,55,"33, SAINT JUST (AVENUE D",,,Plein jour,En agglomération,Intersection en T,Normale,Deux véhicules - côté,,,,,,,,,,,1,2,3,1,3
200700002139,0007-01-12 14:10:00,7,1,12,14,10,130,55,FRANCOISE DUPARC (BOULEV,,,Plein jour,En agglomération,Hors intersection,Normale,Deux véhicules - arrière,,,,,,,,,,,1,2,1,1,2
200700002140,0007-01-21 11:25:00,7,1,21,11,25,130,55,"12, REVOLUTION (BOULEVAR",,,Plein jour,En agglomération,Intersection en T,Normale,Deux véhicules - côté,,,,,,,,,,,1,2,3,1,3
200700002141,0007-01-22 10:05:00,7,1,22,10,5,130,55,"140, LOUBON (RUE)",,,Plein jour,En agglomération,Hors intersection,Normale,Sans collision,,,,,,,,,,,1,2,1,1,7
200700002142,0007-01-10 18:15:00,7,1,10,18,15,130,55,LOGE (RUE DE LA),,,Crépuscule ou aube,En agglomération,Intersection en T,Normale,Autre collision,,,,,,,,,,,2,2,3,1,6
200700002143,0007-01-10 13:00:00,7,1,10,13,0,130,55,PLOMBIERES (BOULEVARD DE,,,Plein jour,En agglomération,Intersection en X,Normale,Deux véhicules - côté,,,,,,,,,,,1,2,2,1,3
200700002144,0007-01-06 11:40:00,7,1,6,11,40,130,55,"256, DANIEL CASANOVA (BO",,,Plein jour,En agglomération,Hors intersection,Normale,Deux véhicules - côté,,,,,,,,,,,1,2,1,1,3
200700002145,0007-01-12 15:05:00,7,1,12,15,5,130,55,"65, HAMBOURG (BOULEVARD)",,,Plein jour,En agglomération,Hors intersection,Normale,Deux véhicules - côté,,,,,,,,,,,1,2,1,1,3
200700002146,0007-01-28 17:30:00,7,1,28,17,30,130,55,POLOGNE (PLACE DE),,,Crépuscule ou aube,En agglomération,Hors intersection,Normale,Deux véhicules - côté,,,,,,,,,,,2,2,1,1,3
200700002147,0007-01-29 11:30:00,7,1,29,11,30,130,55,"342, PRADO (AVENUE)",,,Plein jour,En agglomération,Intersection en X,Normale,Deux véhicules - côté,,,,,,,,,,,1,2,2,1,3
200700002148,0007-01-29 16:30:00,7,1,29,16,30,130,55,MENDES FRANCE (AVENUE),,,Plein jour,En agglomération,Intersection en T,Normale,Deux véhicules - côté,,,,,,,,,,,1,2,3,1,3
200700002149,0007-01-29 19:00:00,7,1,29,19,0,130,55,"06, MICHELET (BOULEVARD)",,,Nuit avec éclairage allumé,En agglomération,Hors intersection,Normale,Deux véhicules - arrière,,,,,,,,,,,5,2,1,1,2
200700002150,0007-01-23 17:40:00,7,1,23,17,40,130,55,"04, CAPITAINE GEZE (BOUL",,,Nuit avec éclairage allumé,En agglomération,Hors intersection,Normale,Autre collision,,,,,,,,,,,5,2,1,1,6
200700002151,0007-01-31 12:30:00,7,1,31,12,30,130,55,FAIENCIERS (TRAVERSE DES,,,Plein jour,En agglomération,Intersection en T,Normale,Deux véhicules - côté,,,,,,,,,,,1,2,3,1,3
200700002152,0007-01-25 14:45:00,7,1,25,14,45,130,55,"275, SAINT MARCEL (BOULE",,,Plein jour,En agglomération,Hors intersection,Normale,Autre collision,,,,,,,,,,,1,2,1,1,6
200700002153,0007-01-27 08:10:00,7,1,27,8,10,130,55,ATHENES (BOULEVARD D'),,,Plein jour,En agglomération,Intersection en T,Normale,Autre collision,,,,,,,,,,,1,2,3,1,6
200700002154,0007-01-31 14:01:00,7,1,31,14,1,130,55,JEAN MOULIN (BOULEVARD),,,Plein jour,En agglomération,Hors intersection,Normale,Deux véhicules - côté,,,,,,,,,,,1,2,1,1,3
200700002155,0007-01-27 17:00:00,7,1,27,17,0,130,55,"66, PORT (QUAI DU)",,,Plein jour,En agglomération,Hors intersection,Normale,Deux véhicules - frontale,,,,,,,,,,,1,2,1,1,1
200700002156,0007-01-29 17:30:00,7,1,29,17,30,130,55,PRADO (AVENUE),,,Plein jour,En agglomération,Hors intersection,Normale,Autre collision,,,,,,,,,,,1,2,1,1,6
200700002157,0007-01-18 17:30:00,7,1,18,17,30,130,55,"37, CHATEAU GOMBERT (AVE",,,Nuit avec éclairage allumé,En agglomération,Hors intersection,Normale,Deux véhicules - côté,,,,,,,,,,,5,2,1,1,3
200700002158,0007-01-22 18:10:00,7,1,22,18,10,130,55,"220, BAILLE (BOULEVARD)",,,Plein jour,En agglomération,Intersection en T,Normale,Deux véhicules - côté,,,,,,,,,,,1,2,3,1,3
200700002159,0007-01-23 16:46:00,7,1,23,16,46,130,55,"138, CHARTREUX (AVENUE D",,,Plein jour,En agglomération,Intersection en T,Normale,Deux véhicules - côté,,,,,,,,,,,1,2,3,1,3
200700002160,0007-01-31 15:30:00,7,1,31,15,30,130,55,"556, PRADO (AVENUE)",,,Plein jour,En agglomération,Hors intersection,Normale,Deux véhicules - arrière,,,,,,,,,,,1,2,1,1,2
200700002161,0007-01-05 22:00:00,7,1,5,22,0,130,55,FRAIS VALLON (AVENUE),,,Nuit avec éclairage allumé,En agglomération,Hors intersection,Normale,Deux véhicules - arrière,,,,,,,,,,,5,2,1,1,2
200700002162,0007-01-13 21:00:00,7,1,13,21,0,130,55,ENDOUME (RUE D'),,,Nuit avec éclairage allumé,En agglomération,Intersection en X,Normale,Deux véhicules - côté,,,,,,,,,,,5,2,2,1,3
200700002163,0007-01-18 15:30:00,7,1,18,15,30,130,55,"264, SAINT PIERRE (RUE)",,,Plein jour,En agglomération,Hors intersection,Normale,Deux véhicules - arrière,,,,,,,,,,,1,2,1,1,2
200700002164,0007-01-23 20:00:00,7,1,23,20,0,130,55,"70, OLIVES (AVENUE DES)",,,Nuit avec éclairage allumé,En agglomération,Hors intersection,Normale,Deux véhicules - côté,,,,,,,,,,,5,2,1,1,3
200700002165,0007-01-18 08:31:00,7,1,18,8,31,130,55,BAILLE (BOULEVARD),,,Crépuscule ou aube,En agglomération,Hors intersection,Normale,Deux véhicules - côté,,,,,,,,,,,2,2,1,1,3
200700002166,0007-01-20 12:30:00,7,1,20,12,30,130,55,GOUFFE (COURS),,,Plein jour,En agglomération,Hors intersection,Normale,Deux véhicules - frontale,,,,,,,,,,,1,2,1,1,1
200700002167,0007-01-16 11:45:00,7,1,16,11,45,130,55,"0, OLIVES (AVENUE DES)",,,Plein jour,En agglomération,Hors intersection,Normale,Deux véhicules - côté,,,,,,,,,,,1,2,1,1,3
200700002168,0007-01-31 16:33:00,7,1,31,16,33,130,55,"108, PONT DE VIVAUX (BOU",,,Plein jour,En agglomération,Hors intersection,Temps couvert,Deux véhicules - arrière,,,,,,,,,,,1,2,1,8,2
200700002169,0007-01-30 08:20:00,7,1,30,8,20,130,55,JEAN MARTIN (RUE),,,Plein jour,En agglomération,Intersection en X,Normale,Deux véhicules - arrière,,,,,,,,,,,1,2,2,1,2
200700002170,0007-01-08 14:55:00,7,1,8,14,55,130,55,"54, FLAMMARION (BOULEVAR",,,Plein jour,En agglomération,Hors intersection,Normale,Autre collision,,,,,,,,,,,1,2,1,1,6
200700002171,0007-01-03 18:40:00,7,1,3,18,40,130,55,"93, PARADIS (RUE)",,,Nuit avec éclairage allumé,En agglomération,Hors intersection,Normale,Autre collision,,,,,,,,,,,5,2,1,1,6
200700002172,0007-01-11 07:55:00,7,1,11,7,55,130,55,SAINT PIERRE (RUE),,,Plein jour,En agglomération,Hors intersection,Normale,Autre collision,,,,,,,,,,,1,2,1,1,6
200700002173,0007-01-28 12:00:00,7,1,28,12,0,130,55,"104, FRANÇOISE DUPARC (B",,,Plein jour,En agglomération,Hors intersection,Normale,Deux véhicules - côté,,,,,,,,,,,1,2,1,1,3
200700002174,0007-01-30 14:10:00,7,1,30,14,10,130,55,SAINTE MARTHE (CHEMIN DE,,,Plein jour,En agglomération,Hors intersection,Normale,Deux véhicules - côté,,,,,,,,,,,1,2,1,1,3
200700002175,0007-01-14 03:20:00,7,1,14,3,20,130,55,"122, SAINT ANTOINE (CHEM",,,Nuit avec éclairage allumé,En agglomération,Hors intersection,Normale,Autre collision,,,,,,,,,,,5,2,1,1,6
200700002176,0007-01-03 10:15:00,7,1,3,10,15,130,55,TREIZE ESCA (RUE),,,Plein jour,En agglomération,Hors intersection,Normale,Deux véhicules - arrière,,,,,,,,,,,1,2,1,1,2
200700002177,0007-01-24 02:50:00,7,1,24,2,50,130,55,FRANCOISE DUPARC (BOULEV,,,Nuit avec éclairage allumé,En agglomération,Hors intersection,Neige / grêle,Autre collision,,,,,,,,,,,5,2,1,4,6
200700002178,0007-01-25 18:00:00,7,1,25,18,0,130,55,BAILLE (BOULEVARD),,,Nuit avec éclairage allumé,En agglomération,Intersection en X,Normale,Deux véhicules - côté,,,,,,,,,,,5,2,2,1,3
200700002179,0007-01-12 16:15:00,7,1,12,16,15,130,55,"337, ROMAIN ROLLAND (BOU",,,Plein jour,En agglomération,Hors intersection,Normale,Deux véhicules - côté,,,,,,,,,,,1,2,1,1,3
200700002180,0007-01-26 13:50:00,7,1,26,13,50,130,55,"34, CAPITAINE GEZE (BOUL",,,Plein jour,En agglomération,Intersection en T,Normale,Deux véhicules - côté,,,,,,,,,,,1,2,3,1,3
200700002181,0007-01-09 15:50:00,7,1,9,15,50,130,55,LIBERATION (BOULEVARD),,,Plein jour,En agglomération,Intersection en X,Normale,Deux véhicules - côté,,,,,,,,,,,1,2,2,1,3
200700002182,0007-01-25 13:30:00,7,1,25,13,30,130,55,"256, DANIEL CASANOVA (BO",,,Plein jour,En agglomération,Hors intersection,Normale,Deux véhicules - arrière,,,,,,,,,,,1,2,1,1,2
200700002183,0007-01-19 17:30:00,7,1,19,17,30,130,55,DANIEL CASANOVA (BOULEVA,,,Nuit avec éclairage allumé,En agglomération,Hors intersection,Normale,Deux véhicules - côté,,,,,,,,,,,5,2,1,1,3
200700002184,0007-01-27 17:10:00,7,1,27,17,10,130,55,PASTEUR (PLACE),,,Crépuscule ou aube,En agglomération,Giratoire,Normale,Deux véhicules - arrière,,,,,,,,,,,2,2,6,1,2
200700002185,0007-01-13 12:00:00,7,1,13,12,0,130,55,CARGO RHIN FIDELI (RUE),,,Plein jour,En agglomération,Intersection en T,Normale,Deux véhicules - côté,,,,,,,,,,,1,2,3,1,3
200700002186,0007-01-12 17:00:00,7,1,12,17,0,130,55,SAINTE MARTHE (CHEMIN DE,,,Plein jour,En agglomération,Hors intersection,Normale,Deux véhicules - arrière,,,,,,,,,,,1,2,1,1,2
200700002187,0007-01-01 04:00:00,7,1,1,4,0,130,55,"130, MADRAGUE VILLE (RUE",,,Nuit avec éclairage allumé,En agglomération,Hors intersection,Normale,Autre collision,,,,,,,,,,,5,2,1,1,6
200700002188,0007-01-29 14:00:00,7,1,29,14,0,130,55,"195, CHAVE (BOULEVARD)",,,Plein jour,En agglomération,Hors intersection,Normale,Autre collision,,,,,,,,,,,1,2,1,1,6
200700002189,0007-01-10 18:30:00,7,1,10,18,30,130,55,"94, FRANCOISE DUPARC (BO",,,Nuit sans éclairage public,En agglomération,Hors intersection,Normale,Trois véhicules et plus - en chaîne,,,,,,,,,,,3,2,1,1,4
200700002190,0007-01-29 19:01:00,7,1,29,19,1,130,55,SAINT SEBASTIEN (RUE),,,Nuit avec éclairage allumé,En agglomération,Intersection en X,Normale,Deux véhicules - côté,,,,,,,,,,,5,2,2,1,3
200700002191,0007-01-24 14:05:00,7,1,24,14,5,130,55,"12, LÉON GAMBETTA (ALLEE",,,Plein jour,En agglomération,Hors intersection,Normale,Deux véhicules - côté,,,,,,,,,,,1,2,1,1,3
200700002192,0007-01-20 23:30:00,7,1,20,23,30,130,55,DOCTEUR LÉON PERRIN (RUE,,,Nuit avec éclairage allumé,En agglomération,Intersection en T,Normale,Deux véhicules - côté,,,,,,,,,,,5,2,3,1,3
200700002193,0007-01-29 07:55:00,7,1,29,7,55,130,55,ROLAND DORGELES (BOULEVA,,,Plein jour,En agglomération,Intersection en Y,Normale,Autre collision,,,,,,,,,,,1,2,4,1,6
200700002194,0007-01-22 07:20:00,7,1,22,7,20,130,55,CORSE (AVENUE DE LA),,,Plein jour,En agglomération,Hors intersection,Normale,Deux véhicules - côté,,,,,,,,,,,1,2,1,1,3
200700002195,0007-01-24 19:20:00,7,1,24,19,20,130,2,"0, PROVENCE (AVENUE DE)",,,Nuit avec éclairage allumé,Hors agglomération,Intersection en T,Normale,Deux véhicules - côté,,,,,,,,,,,5,1,3,1,3
200700002196,0007-01-24 18:25:00,7,1,24,18,25,130,55,"58, BOUGE (BOULEVARD)",,,Nuit avec éclairage allumé,En agglomération,Hors intersection,Normale,Autre collision,,,,,,,,,,,5,2,1,1,6
200700002197,0007-01-26 08:25:00,7,1,26,8,25,130,55,CHUTES LAVIE (AVENUE),,,Plein jour,En agglomération,Intersection en T,Pluie légère,Autre collision,,,,,,,,,,,1,2,3,2,6
200700002198,0007-01-24 16:20:00,7,1,24,16,20,130,55,"79, BLANCARDE (BOULEVARD",,,Plein jour,En agglomération,Hors intersection,Normale,Trois véhicules et plus - collisions multiples,,,,,,,,,,,1,2,1,1,5
200700002199,0007-01-10 20:00:00,7,1,10,20,0,130,55,LOUIS BRAILLE (RUE),,,Nuit avec éclairage allumé,En agglomération,Intersection en T,Normale,Deux véhicules - côté,,,,,,,,,,,5,2,3,1,3
200700002200,0007-01-30 11:45:00,7,1,30,11,45,130,55,LÉON GAMBETTA (ALLEE),,,Plein jour,En agglomération,Intersection en X,Normale,Deux véhicules - côté,,,,,,,,,,,1,2,2,1,3
200700002201,0007-01-24 12:00:00,7,1,24,12,0,130,55,FORBIN (RUE DE),,,Plein jour,En agglomération,Intersection en T,Normale,Deux véhicules - côté,,,,,,,,,,,1,2,3,1,3
200700002202,0007-01-10 12:00:00,7,1,10,12,0,130,55,TELLENE (BOULEVARD),,,Plein jour,En agglomération,Intersection en X,Normale,Deux véhicules - frontale,,,,,,,,,,,1,2,2,1,1
200700002203,0007-01-10 17:00:00,7,1,10,17,0,130,55,SAINT LAURENT (RUE),,,Nuit avec éclairage allumé,En agglomération,Hors intersection,Normale,Deux véhicules - arrière,,,,,,,,,,,5,2,1,1,2
200700002204,0007-01-30 09:10:00,7,1,30,9,10,130,55,BAILLE (BOULEVARD),,,Plein jour,En agglomération,Hors intersection,Normale,Deux véhicules - côté,,,,,,,,,,,1,2,1,1,3
200700002205,0007-01-02 21:40:00,7,1,2,21,40,130,55,JEAN RAMEAU (RUE),,,Nuit avec éclairage allumé,En agglomération,Hors intersection,Normale,Deux véhicules - côté,,,,,,,,,,,5,2,1,1,3
200700002206,0007-01-10 23:30:00,7,1,10,23,30,130,55,MARIE MADELEINE FOURCADE,,,Nuit avec éclairage allumé,En agglomération,Hors intersection,Normale,Deux véhicules - frontale,,,,,,,,,,,5,2,1,1,1
200700002207,0007-01-30 13:30:00,7,1,30,13,30,130,55,"00, FRANÇOIS TADDEI (RUE",,,Plein jour,Hors agglomération,Hors intersection,Normale,Autre collision,,,,,,,,,,,1,1,1,1,6
200700002208,0007-01-02 12:00:00,7,1,2,12,0,130,55,OLIVES (AVENUE DES),,,Plein jour,En agglomération,Intersection en X,Normale,Deux véhicules - côté,,,,,,,,,,,1,2,2,1,3
200700002209,0007-01-21 17:00:00,7,1,21,17,0,130,55,SAINT PAUL (AVENUE),,,Crépuscule ou aube,En agglomération,Hors intersection,Normale,Deux véhicules - côté,,,,,,,,,,,2,2,1,1,3
200700002210,0007-01-20 15:15:00,7,1,20,15,15,130,55,"139, DANIEL CASANOVA (BO",,,Plein jour,En agglomération,Hors intersection,Normale,Autre collision,,,,,,,,,,,1,2,1,1,6
200700002211,0007-01-28 17:00:00,7,1,28,17,0,130,55,MAZARGUES (AVENUE DE),,,Plein jour,En agglomération,Hors intersection,Normale,Deux véhicules - côté,,,,,,,,,,,1,2,1,1,3
200700002212,0007-01-12 11:00:00,7,1,12,11,0,130,55,"310, MORGIOU (CHEMIN DE)",,,Plein jour,En agglomération,Hors intersection,Normale,Deux véhicules - côté,,,,,,,,,,,1,2,1,1,3
200700002213,0007-01-22 10:31:00,7,1,22,10,31,130,55,"16, DOCTEUR GRENIER (RUE",,,Plein jour,En agglomération,Hors intersection,Normale,Deux véhicules - arrière,,,,,,,,,,,1,2,1,1,2
200700002214,0007-01-16 14:00:00,7,1,16,14,0,130,55,"104, ROSE (AVENUE DE LA)",,,Plein jour,En agglomération,Hors intersection,Normale,Autre collision,,,,,,,,,,,1,2,1,1,6
200700002215,0007-01-16 18:45:00,7,1,16,18,45,130,55,FONDACLE (TRAVERSE),,,Nuit sans éclairage public,En agglomération,Intersection en T,Normale,Deux véhicules - côté,,,,,,,,,,,3,2,3,1,3
200700002216,0007-01-02 15:00:00,7,1,2,15,0,130,55,MARCEL ACHILLE (BOULEVAR,,,Plein jour,En agglomération,Hors intersection,Normale,Autre collision,,,,,,,,,,,1,2,1,1,6
200700002217,0007-01-29 14:20:00,7,1,29,14,20,130,55,LIANDIER (RUE),,,Plein jour,En agglomération,Hors intersection,Normale,Deux véhicules - côté,,,,,,,,,,,1,2,1,1,3
200700002218,0007-01-17 10:10:00,7,1,17,10,10,130,26,QUATRE SEPTEMBRE (rue du,,,Plein jour,En agglomération,Intersection en T,Normale,Deux véhicules - côté,,,,,,,,,,,1,2,3,1,3
200700002219,0007-01-25 12:15:00,7,1,25,12,15,130,77,NEDELEC CHARLES (rue),,,Plein jour,En agglomération,Hors intersection,Normale,Autre collision,,,,,,,,,,,1,2,1,1,6
200700002220,0007-01-30 21:30:00,7,1,30,21,30,130,39,ROUTE NATIONALE 568,,,Nuit avec éclairage allumé,Hors agglomération,Hors intersection,Normale,Autre collision,,,,,,,,,,,5,1,1,1,6
200700002221,0007-01-02 18:00:00,7,1,2,18,0,130,39,ROUTE NATIONALE 568,,,Crépuscule ou aube,Hors agglomération,Hors intersection,Normale,Deux véhicules - arrière,,,,,,,,,,,2,1,1,1,2
200700002222,0007-01-23 07:15:00,7,1,23,7,15,130,39,MISTRAL FREDERIC (Rue),,,Crépuscule ou aube,En agglomération,Intersection en X,Pluie légère,Deux véhicules - côté,,,,,,,,,,,2,2,2,2,3
200700002223,0007-01-30 18:25:00,7,1,30,18,25,130,77,PAPIN DENIS (rue),,,Nuit avec éclairage allumé,En agglomération,Hors intersection,Normale,Deux véhicules - côté,,,,,,,,,,,5,2,1,1,3
200700002224,0007-01-07 11:35:00,7,1,7,11,35,130,56,LECLERC (Parking Général,,,Plein jour,En agglomération,Hors intersection,Normale,Autre collision,,,,,,,,,,,1,2,1,1,6
200700002225,0007-01-07 17:31:00,7,1,7,17,31,130,78,D35A (ROUTE D'ARLES),,,Plein jour,Hors agglomération,Autre intersection,Normale,Deux véhicules - arrière,,,,,,,,,,,1,1,9,1,2
200700002226,0007-01-13 14:50:00,7,1,13,14,50,130,78,"1, 1 ERE D.F.L. (AVENUE",,,Plein jour,En agglomération,Intersection en T,Normale,Deux véhicules - arrière,,,,,,,,,,,1,2,3,1,2
200700002227,0007-01-10 17:10:00,7,1,10,17,10,130,103,RTE DE PELISSANNE-RD 572,,,Plein jour,Hors agglomération,Hors intersection,Normale,Sans collision,,,,,,,,,,,1,1,1,1,7
200700002228,0007-01-15 17:10:00,7,1,15,17,10,130,103,AVENUE D' HUNTINGDON-RN,,,Plein jour,Hors agglomération,Hors intersection,Normale,Trois véhicules et plus - collisions multiples,,,,,,,,,,,1,1,1,1,5
200700002229,0007-01-23 12:05:00,7,1,23,12,5,130,103,RN 113,,,Plein jour,Hors agglomération,Intersection en T,Temps couvert,Deux véhicules - côté,,,,,,,,,,,1,1,3,8,3
200700002230,0007-01-04 07:45:00,7,1,4,7,45,130,108,ARISTIDE BRIAND (COURS),,,Plein jour,En agglomération,Hors intersection,Normale,Deux véhicules - côté,,,,,,,,,,,1,2,1,1,3
200700002231,0007-01-02 16:40:00,7,1,2,16,40,130,117,CHEMIN DEPARTEMENTAL 20,,,Plein jour,Hors agglomération,Hors intersection,Normale,Autre collision,,,,,,,,,,,1,1,1,1,6
200700002232,0007-01-03 09:45:00,7,1,3,9,45,130,71,"77, MITTERRAND (AVENUE F",,,Plein jour,En agglomération,Hors intersection,Normale,Autre collision,,,,,,,,,,,1,2,1,1,6
200700002233,0007-01-06 10:30:00,7,1,6,10,30,130,117,PADOVANI ( AVE ),,,Plein jour,En agglomération,Hors intersection,Normale,Deux véhicules - arrière,,,,,,,,,,,1,2,1,1,2
200700002234,0007-01-06 15:50:00,7,1,6,15,50,130,71,GEANT CASINO (MAGASIN),,,Plein jour,En agglomération,Intersection en T,Normale,Deux véhicules - côté,,,,,,,,,,,1,2,3,1,3
200700002235,0007-01-06 12:35:00,7,1,6,12,35,130,71,MITTERRAND (AVENUE FRANC,,,Plein jour,En agglomération,Intersection en T,Normale,Deux véhicules - côté,,,,,,,,,,,1,2,3,1,3
200700002236,0007-01-08 22:20:00,7,1,8,22,20,130,71,TOTAL (RN 113 - LE TUNNE,,,Nuit avec éclairage allumé,Hors agglomération,Hors intersection,Normale,Deux véhicules - côté,,,,,,,,,,,5,1,1,1,3
200700002237,0007-01-09 10:50:00,7,1,9,10,50,130,71,METRO (MAGASIN) - RN 368,,,Plein jour,Hors agglomération,Hors intersection,Normale,Deux véhicules - côté,,,,,,,,,,,1,1,1,1,3
200700002238,0007-01-09 22:27:00,7,1,9,22,27,130,117,BAOU (QUARTIER DU PONT D,,,Nuit avec éclairage allumé,Hors agglomération,Hors intersection,Normale,Deux véhicules - arrière,,,,,,,,,,,5,1,1,1,2
200700002239,0007-01-11 07:15:00,7,1,11,7,15,130,117,EUROPE ( AVENUE DE L' ),,,Plein jour,Hors agglomération,Intersection en X,Normale,Deux véhicules - arrière,,,,,,,,,,,1,1,2,1,2
200700002240,0007-01-12 16:45:00,7,1,12,16,45,130,117,CD 9 ESTROUBLANS,,,Plein jour,Hors agglomération,Hors intersection,Normale,Trois véhicules et plus - en chaîne,,,,,,,,,,,1,1,1,1,4
200700002241,0007-01-13 10:00:00,7,1,13,10,0,130,117,DROITS DE L'HOMME (ROND,,,Plein jour,En agglomération,Hors intersection,Normale,Deux véhicules - côté,,,,,,,,,,,1,2,1,1,3
200700002242,0007-01-19 16:20:00,7,1,19,16,20,130,71,CD 543,,,Plein jour,En agglomération,Hors intersection,Normale,Trois véhicules et plus - en chaîne,,,,,,,,,,,1,2,1,1,4
200700002243,0007-01-19 19:05:00,7,1,19,19,5,130,71,JAS DE RHODES (RUE DU),,,Nuit avec éclairage allumé,En agglomération,Intersection en T,Normale,Deux véhicules - côté,,,,,,,,,,,5,2,3,1,3
200700002244,0007-01-29 17:40:00,7,1,29,17,40,130,117,ROUTE NATIONALE 113-L'AN,,,Plein jour,Hors agglomération,Hors intersection,Normale,Deux véhicules - côté,,,,,,,,,,,1,1,1,1,3
200700002245,0007-01-31 08:10:00,7,1,31,8,10,130,71,CD 543,,,Plein jour,En agglomération,Hors intersection,Normale,Deux véhicules - frontale,,,,,,,,,,,1,2,1,1,1
200700002246,0007-01-05 19:40:00,7,1,5,19,40,140,437,"0, RD N° 513",,,Nuit avec éclairage allumé,Hors agglomération,Hors intersection,Pluie légère,Autre collision,,,,,,,,,,,5,1,1,2,6
200700002247,0007-01-09 14:45:00,7,1,9,14,45,140,271,"129, HARCOURT (ROUTE D')",,,Plein jour,En agglomération,Hors intersection,Normale,Autre collision,,,,,,,,,,,1,2,1,1,6
200700002248,0007-01-10 18:25:00,7,1,10,18,25,140,118,"13 Bis, SAINT JACQUES (R",,,Nuit avec éclairage allumé,En agglomération,Intersection en T,Normale,Autre collision,,,,,,,,,,,5,2,3,1,6
200700002249,0007-01-11 17:45:00,7,1,11,17,45,140,118,"45, TOURVILLE (AVENUE DE",,,Nuit avec éclairage allumé,En agglomération,Hors intersection,Pluie légère,Autre collision,,,,,,,,,,,5,2,1,2,6
200700002250,0007-01-14 20:20:00,7,1,14,20,20,140,181,COUDRIERS (RUE DES),,,Nuit avec éclairage allumé,En agglomération,Hors intersection,Normale,Autre collision,,,,,,,,,,,5,2,1,1,6
200700002251,0007-01-17 19:45:00,7,1,17,19,45,140,118,"0, MONTALIVET (COURS)",,,Nuit avec éclairage allumé,Hors agglomération,Hors intersection,Pluie légère,Deux véhicules - arrière,,,,,,,,,,,5,1,1,2,2
200700002252,0007-01-18 08:50:00,7,1,18,8,50,140,118,"125, GUYNEMER (AVENUE DU",,,Plein jour,En agglomération,Hors intersection,Pluie légère,Autre collision,,,,,,,,,,,1,2,1,2,6
200700002253,0007-01-24 18:10:00,7,1,24,18,10,140,118,ROUTE NATIONALE 814,,,Nuit avec éclairage allumé,En agglomération,Hors intersection,Neige / grêle,Trois véhicules et plus - collisions multiples,,,,,,,,,,,5,2,1,4,5
200700002254,0007-01-31 16:10:00,7,1,31,16,10,140,118,CLEMENCEAU (AVENUE GEORG,,,Plein jour,En agglomération,Hors intersection,Normale,Sans collision,,,,,,,,,,,1,2,1,1,7
200700002255,0007-01-27 17:30:00,7,1,27,17,30,140,327,"326, BELLES PORTES (BOUL",,,Plein jour,En agglomération,Hors intersection,Normale,Autre collision,,,,,,,,,,,1,2,1,1,6
200700002256,0007-01-15 18:20:00,7,1,15,18,20,140,225,"03, MAURICE THOREZ (BLD)",,,Nuit avec éclairage allumé,En agglomération,Hors intersection,Normale,Deux véhicules - frontale,,,,,,,,,,,5,2,1,1,1
200700002257,0007-01-29 12:30:00,7,1,29,12,30,140,225,SARLABOT (COTE),,,Plein jour,Hors agglomération,Hors intersection,Temps couvert,Sans collision,,,,,,,,,,,1,1,1,8,7
200700002258,0007-01-11 11:40:00,7,1,11,11,40,140,1,BOURG (LE),,,Plein jour,Hors agglomération,Intersection en X,Normale,Deux véhicules - côté,,,,,,,,,,,1,1,2,1,3
200700002259,0007-01-22 07:30:00,7,1,22,7,30,140,333,"06, MANUEL (COURS ALBERT",,,Nuit avec éclairage allumé,En agglomération,Hors intersection,Normale,Autre collision,,,,,,,,,,,5,2,1,1,6
200700002260,0007-01-07 11:20:00,7,1,7,11,20,140,366,"0, GUILLAME LE CONQUERAN",,,Plein jour,En agglomération,Intersection en T,Normale,Deux véhicules - côté,,,,,,,,,,,1,2,3,1,3
200700002261,0007-01-03 19:45:00,7,1,3,19,45,140,715,"22, FERNAND MOUREAUX (BO",,,Nuit avec éclairage allumé,En agglomération,Hors intersection,Normale,Autre collision,,,,,,,,,,,5,2,1,1,6