accident_id,datetime,annee,mois,jour,heure,minute,departement,commune_insee,adresse,latitude,longitude,luminosite,agglomeration,intersection,meteo,collision,nb_vehicules,nb_usagers,nb_indemnes,nb_tues,nb_blesses_hosp,nb_blesses_legers,age_cond_1,age_cond_2,veh_type_cond_1,veh_type_cond_2,lum_code,agg_code,int_code,atm_code,col_code
200700002520,0007-01-10 16:32:00,7,1,10,16,32,290,232,"0, MENDES FRANCE  PIERRE",,,Plein jour,Hors agglomération,Hors intersection,Temps éblouissant,Autre collision,,,,,,,,,,,1,1,1,7,6
200700002521,0007-01-20 14:35:00,7,1,20,14,35,290,232,"0, DUPLEIX BOULEVARD",,,Plein jour,En agglomération,Intersection en T,Normale,Autre collision,,,,,,,,,,,1,2,3,1,6
200700002522,0007-01-22 08:40:00,7,1,22,8,40,290,232,"24, LEURGUERIC RUE DE",,,Plein jour,Hors agglomération,Hors intersection,Normale,Autre collision,,,,,,,,,,,1,1,1,1,6
200700002523,0007-01-25 05:38:00,7,1,25,5,38,290,232,"0, BENODET ROUTE DE",,,Nuit sans éclairage public,Hors agglomération,Hors intersection,Autre,Autre collision,,,,,,,,,,,3,1,1,9,6
200700002524,0007-01-25 18:55:00,7,1,25,18,55,290,232,"14, PARC RUE DU",,,Nuit avec éclairage allumé,En agglomération,Hors intersection,Normale,Deux véhicules - côté,,,,,,,,,,,5,2,1,1,3
200700002525,0007-01-12 13:45:00,7,1,12,13,45,300,7,PELLOUTIER (RUE FERNAND),,,Plein jour,En agglomération,Hors intersection,Normale,Autre collision,,,,,,,,,,,1,2,1,1,6
200700002526,0007-01-19 20:00:00,7,1,19,20,0,300,7,"30 bis, SAINT MARTIN (RO",,,Nuit avec éclairage allumé,En agglomération,Hors intersection,Normale,Autre collision,,,,,,,,,,,5,2,1,1,6
200700002527,0007-01-28 11:00:00,7,1,28,11,0,300,28,SAINT GERVAIS (ROUTE),,,Plein jour,Hors agglomération,Hors intersection,Normale,Autre collision,,,,,,,,,,,1,1,1,1,6
200700002528,0007-01-19 17:50:00,7,1,19,17,50,300,28,COMMANDO VIGAN BRAQUET (,,,Nuit sans éclairage public,En agglomération,Intersection en T,Normale,Autre collision,,,,,,,,,,,3,2,3,1,6
200700002529,0007-01-05 15:15:00,7,1,5,15,15,300,32,ROUTE DE BELLEGARDE (C.D,,,Plein jour,En agglomération,Hors intersection,Normale,Sans collision,,,,,,,,,,,1,2,1,1,7
200700002530,0007-01-06 06:20:00,7,1,6,6,20,300,32,ROUTE DE BELLEGARDE (C.D,,,Nuit sans éclairage public,Hors agglomération,Hors intersection,Normale,Sans collision,,,,,,,,,,,3,1,1,1,7
200700002531,0007-01-08 18:05:00,7,1,8,18,5,300,32,MARECHAL FOCH,,,Nuit avec éclairage allumé,En agglomération,Hors intersection,Normale,Autre collision,,,,,,,,,,,5,2,1,1,6
200700002532,0007-01-09 09:30:00,7,1,9,9,30,300,32,ROUTE DE COMPS,,,Plein jour,Hors agglomération,Hors intersection,Pluie légère,Deux véhicules - arrière,,,,,,,,,,,1,1,1,2,2
200700002533,0007-01-14 19:35:00,7,1,14,19,35,300,32,ROUTE DE BELLEGARDE (C.D,,,Nuit sans éclairage public,Hors agglomération,Hors intersection,Normale,Sans collision,,,,,,,,,,,3,1,1,1,7
200700002534,0007-01-02 19:45:00,7,1,2,19,45,300,189,"., SAUVE (ROUTE)",,,Nuit avec éclairage allumé,En agglomération,Hors intersection,Normale,Deux véhicules - frontale,,,,,,,,,,,5,2,1,1,1
200700002535,0007-01-22 21:00:00,7,1,22,21,0,300,189,"., FEUCHERES (AVENUE)",,,Nuit avec éclairage allumé,En agglomération,Hors intersection,Normale,Autre collision,,,,,,,,,,,5,2,1,1,6
200700002536,0007-01-03 08:55:00,7,1,3,8,55,300,189,ALES (ROUTE),,,Plein jour,Hors agglomération,Hors intersection,Normale,Autre collision,,,,,,,,,,,1,1,1,1,6
200700002537,0007-01-03 13:30:00,7,1,3,13,30,300,189,"..., NICOT (RUE)",,,Plein jour,En agglomération,Intersection en X,Normale,Deux véhicules - côté,,,,,,,,,,,1,2,2,1,3
200700002538,0007-01-04 08:00:00,7,1,4,8,0,300,189,"02, FAITA VINCENT (RUE)",,,Plein jour,En agglomération,Hors intersection,Normale,Autre collision,,,,,,,,,,,1,2,1,1,6
200700002539,0007-01-08 17:35:00,7,1,8,17,35,300,189,"..., UTRILLO (RUE OU IMP",,,Nuit avec éclairage allumé,En agglomération,Hors intersection,Normale,Sans collision,,,,,,,,,,,5,2,1,1,7
200700002540,0007-01-07 12:30:00,7,1,7,12,30,300,189,"...., TRIAIRE SERGENT (B",,,Plein jour,En agglomération,Intersection en T,Normale,Deux véhicules - côté,,,,,,,,,,,1,2,3,1,3
200700002541,0007-01-26 07:50:00,7,1,26,7,50,300,189,"..., SAUVE (ROUTE)",,,Nuit avec éclairage allumé,En agglomération,Intersection en T,Normale,Deux véhicules - côté,,,,,,,,,,,5,2,3,1,3
200700002542,0007-01-08 13:50:00,7,1,8,13,50,300,189,"..., JAURES JEAN (BOULEV",,,Plein jour,En agglomération,Intersection en X,Normale,Deux véhicules - côté,,,,,,,,,,,1,2,2,1,3
200700002543,0007-01-09 14:16:00,7,1,9,14,16,300,189,"..., BULLY MICHEL (PLACE",,,Plein jour,En agglomération,Hors intersection,Normale,Autre collision,,,,,,,,,,,1,2,1,1,6
200700002544,0007-01-11 16:20:00,7,1,11,16,20,300,189,"..., DAYAN GEORGES (AVEN",,,Plein jour,En agglomération,Hors intersection,Normale,Deux véhicules - côté,,,,,,,,,,,1,2,1,1,3
200700002545,0007-01-13 09:30:00,7,1,13,9,30,300,189,"13, SULLY (RUE)",,,Plein jour,En agglomération,Hors intersection,Normale,Autre collision,,,,,,,,,,,1,2,1,1,6
200700002546,0007-01-15 08:45:00,7,1,15,8,45,300,189,"125, BOLLEE AMEDEE (AVEN",,,Plein jour,En agglomération,Hors intersection,Normale,Autre collision,,,,,,,,,,,1,2,1,1,6
200700002547,0007-01-16 12:50:00,7,1,16,12,50,300,189,"...., DU GUESCLIN (RUE O",,,Plein jour,En agglomération,Intersection en X,Normale,Deux véhicules - côté,,,,,,,,,,,1,2,2,1,3
200700002548,0007-01-18 08:10:00,7,1,18,8,10,300,189,"...., ALLENDE SALVADOR (",,,Plein jour,En agglomération,Hors intersection,Normale,Deux véhicules - côté,,,,,,,,,,,1,2,1,1,3
200700002549,0007-01-18 07:51:00,7,1,18,7,51,300,189,"., GENERAC (ROUTE)",,,Crépuscule ou aube,En agglomération,Giratoire,Brouillard / fumée,Deux véhicules - arrière,,,,,,,,,,,2,2,6,5,2
200700002550,0007-01-18 19:51:00,7,1,18,19,51,300,189,"41 BIS, FAITA VINCENT (R",,,Nuit avec éclairage allumé,En agglomération,Hors intersection,Normale,Autre collision,,,,,,,,,,,5,2,1,1,6
200700002551,0007-01-19 12:39:00,7,1,19,12,39,300,189,"4 bis, ARNAVIEILLE (RUE)",,,Plein jour,En agglomération,Hors intersection,Normale,Autre collision,,,,,,,,,,,1,2,1,1,6
200700002552,0007-01-19 20:11:00,7,1,19,20,11,300,189,"..., PERRIER GENERAL (RU",,,Crépuscule ou aube,En agglomération,Hors intersection,Normale,Autre collision,,,,,,,,,,,2,2,1,1,6
200700002553,0007-01-20 09:47:00,7,1,20,9,47,300,189,"., BOUVINE (AVENUE)",,,Plein jour,En agglomération,Hors intersection,Normale,Deux véhicules - arrière,,,,,,,,,,,1,2,1,1,2
200700002554,0007-01-20 21:15:00,7,1,20,21,15,300,189,UZES (ANCIENNE ROUTE D'),,,Nuit sans éclairage public,Hors agglomération,Hors intersection,Normale,Autre collision,,,,,,,,,,,3,1,1,1,6
200700002555,0007-01-21 10:12:00,7,1,21,10,12,300,189,"., LANGUEDOC (AVENUE)",,,Plein jour,En agglomération,Hors intersection,Normale,Sans collision,,,,,,,,,,,1,2,1,1,7
200700002556,0007-01-21 11:03:00,7,1,21,11,3,300,189,"8, ECLUSE (PLACE OU RUE)",,,Plein jour,En agglomération,Hors intersection,Normale,Autre collision,,,,,,,,,,,1,2,1,1,6
200700002557,0007-01-23 20:14:00,7,1,23,20,14,300,189,"..., SAUVE (ROUTE)",,,Nuit avec éclairage allumé,En agglomération,Intersection en T,Normale,Trois véhicules et plus - collisions multiples,,,,,,,,,,,5,2,3,1,5
200700002558,0007-01-22 19:30:00,7,1,22,19,30,300,189,"., ALLENDE SALVADOR (RUE",,,Nuit avec éclairage allumé,En agglomération,Hors intersection,Normale,Sans collision,,,,,,,,,,,5,2,1,1,7
200700002559,0007-01-24 18:40:00,7,1,24,18,40,300,189,"...., FAITA VINCENT (RUE",,,Nuit avec éclairage allumé,En agglomération,Intersection en T,Vent fort / tempête,Deux véhicules - côté,,,,,,,,,,,5,2,3,6,3
200700002560,0007-01-26 15:55:00,7,1,26,15,55,300,189,"., SAINTE PERPETUE (RUE)",,,Plein jour,En agglomération,Intersection en X,Normale,Deux véhicules - côté,,,,,,,,,,,1,2,2,1,3
200700002561,0007-01-26 17:43:00,7,1,26,17,43,300,189,"..., DAUDET PROFESSEUR P",,,Crépuscule ou aube,En agglomération,Hors intersection,Normale,Deux véhicules - frontale,,,,,,,,,,,2,2,1,1,1
200700002562,0007-01-26 18:38:00,7,1,26,18,38,300,189,"1692, MENDES FRANCE PIER",,,Nuit sans éclairage public,En agglomération,Hors intersection,Normale,Sans collision,,,,,,,,,,,3,2,1,1,7
200700002563,0007-01-28 17:30:00,7,1,28,17,30,300,189,"..., SAINT CHARLES (RUE)",,,Nuit avec éclairage allumé,En agglomération,Intersection en X,Normale,Deux véhicules - frontale,,,,,,,,,,,5,2,2,1,1
200700002564,0007-01-29 12:20:00,7,1,29,12,20,300,189,"., PORTE D'ALES (RUE)",,,Plein jour,En agglomération,Hors intersection,Normale,Deux véhicules - arrière,,,,,,,,,,,1,2,1,1,2
200700002565,0007-01-30 14:45:00,7,1,30,14,45,300,189,"71, ALES (ROUTE)",,,Plein jour,En agglomération,Hors intersection,Normale,Deux véhicules - côté,,,,,,,,,,,1,2,1,1,3
200700002566,0007-01-30 19:30:00,7,1,30,19,30,300,189,"., BERGSON HENRI (RUE)",,,Nuit avec éclairage allumé,En agglomération,Intersection en X,Normale,Deux véhicules - côté,,,,,,,,,,,5,2,2,1,3
200700002567,0007-01-09 18:10:00,7,1,9,18,10,300,351,"1 BIS, RAVOUX AVENUE PAU",,,Nuit avec éclairage allumé,En agglomération,Hors intersection,Normale,Deux véhicules - côté,,,,,,,,,,,5,2,1,1,3
200700002568,0007-01-31 15:05:00,7,1,31,15,5,300,11,"0000000000, RD 6100",,,Plein jour,Hors agglomération,Hors intersection,Normale,Autre collision,,,,,,,,,,,1,1,1,1,6
200700002569,0007-01-08 11:40:00,7,1,8,11,40,310,69,"2, ZOLA (ALL EMILE)",,,Plein jour,En agglomération,Giratoire,Normale,Trois véhicules et plus - collisions multiples,,,,,,,,,,,1,2,6,1,5
200700002570,0007-01-10 14:00:00,7,1,10,14,0,310,69,GRENADE (ROUTE DE),,,Plein jour,En agglomération,Hors intersection,Normale,Deux véhicules - arrière,,,,,,,,,,,1,2,1,1,2
200700002571,0007-01-23 07:50:00,7,1,23,7,50,310,69,"3, PEUPLIERS (RUE DES)",,,Crépuscule ou aube,En agglomération,Hors intersection,Pluie légère,Autre collision,,,,,,,,,,,2,2,1,2,6
200700002572,0007-01-03 19:10:00,7,1,3,19,10,310,149,"999, COLLONGUES (RUE ETI",,,Nuit avec éclairage allumé,En agglomération,Intersection en T,Normale,Deux véhicules - côté,,,,,,,,,,,5,2,3,1,3
200700002573,0007-01-06 12:15:00,7,1,6,12,15,310,149,"31, SALVETAT (CHEMIN DE",,,Plein jour,En agglomération,Hors intersection,Normale,Deux véhicules - côté,,,,,,,,,,,1,2,1,1,3
200700002574,0007-01-19 19:25:00,7,1,19,19,25,310,149,SELERY (BOULEVARD DE),,,Nuit avec éclairage allumé,En agglomération,Hors intersection,Normale,Autre collision,,,,,,,,,,,5,2,1,1,6
200700002575,0007-01-22 18:45:00,7,1,22,18,45,310,149,BOULEVARD VICTOR HUGO,,,Nuit avec éclairage allumé,Hors agglomération,Giratoire,Pluie légère,Deux véhicules - arrière,,,,,,,,,,,5,1,6,2,2
200700002576,0007-01-22 07:45:00,7,1,22,7,45,310,149,"999, ALLENDE (AVENUE SAL",,,Crépuscule ou aube,En agglomération,Intersection en T,Normale,Deux véhicules - côté,,,,,,,,,,,2,2,3,1,3
200700002577,0007-01-26 07:20:00,7,1,26,7,20,310,149,"999, SALVETAT (CHEMIN DE",,,Crépuscule ou aube,En agglomération,Hors intersection,Normale,Autre collision,,,,,,,,,,,2,2,1,1,6
200700002578,0007-01-12 19:15:00,7,1,12,19,15,310,483,"02, COMMINGES (ALLEES DU",,,Nuit sans éclairage public,En agglomération,Hors intersection,Normale,Sans collision,,,,,,,,,,,3,2,1,1,7
200700002579,0007-01-01 20:05:00,7,1,1,20,5,310,555,"999, AV DE LA GLOIRE",,,Nuit avec éclairage allumé,En agglomération,Intersection en T,Pluie légère,Deux véhicules - côté,,,,,,,,,,,5,2,3,2,3
200700002580,0007-01-01 21:50:00,7,1,1,21,50,310,555,VA007342 LA CEPIERE  A62,,,Nuit avec éclairage allumé,Hors agglomération,Hors intersection,Pluie forte,Autre collision,,,,,,,,,,,5,1,1,3,6
200700002581,0007-01-02 10:05:00,7,1,2,10,5,310,555,VA007518 A68,,,Plein jour,Hors agglomération,Hors intersection,Pluie légère,Autre collision,,,,,,,,,,,1,1,1,2,6
200700002582,0007-01-02 16:45:00,7,1,2,16,45,310,555,"999, BD DU MARECHAL JUIN",,,Plein jour,En agglomération,Intersection en T,Normale,Deux véhicules - côté,,,,,,,,,,,1,2,3,1,3
200700002583,0007-01-02 19:20:00,7,1,2,19,20,310,555,"323, AV DE FRONTON",,,Nuit avec éclairage allumé,En agglomération,Hors intersection,Normale,Deux véhicules - côté,,,,,,,,,,,5,2,1,1,3
200700002584,0007-01-02 22:20:00,7,1,2,22,20,310,555,"12, AV DU CIMETIERE",,,Nuit avec éclairage allumé,En agglomération,Hors intersection,Pluie légère,Deux véhicules - côté,,,,,,,,,,,5,2,1,2,3
200700002585,0007-01-03 10:15:00,7,1,3,10,15,310,555,"25, ALL JEAN JAURES",,,Plein jour,En agglomération,Hors intersection,Normale,Deux véhicules - côté,,,,,,,,,,,1,2,1,1,3
200700002586,0007-01-03 10:50:00,7,1,3,10,50,310,555,"999, PONT SAINT MICHEL",,,Plein jour,En agglomération,Hors intersection,Normale,Autre collision,,,,,,,,,,,1,2,1,1,6
200700002587,0007-01-03 23:20:00,7,1,3,23,20,310,555,"2, RUE ADOLPHE COLL",,,Nuit avec éclairage allumé,En agglomération,Hors intersection,Normale,Autre collision,,,,,,,,,,,5,2,1,1,6
200700002588,0007-01-04 11:30:00,7,1,4,11,30,310,555,"64, ALL DE BELLEFONTAINE",,,Plein jour,En agglomération,Hors intersection,Temps couvert,Autre collision,,,,,,,,,,,1,2,1,8,6
200700002589,0007-01-04 18:30:00,7,1,4,18,30,310,555,VA007456 SESQUIERES A620,,,Nuit avec éclairage allumé,Hors agglomération,Hors intersection,Normale,Deux véhicules - arrière,,,,,,,,,,,5,1,1,1,2
200700002590,0007-01-01 10:51:00,7,1,1,10,51,310,555,"22, AV DE MURET",,,Plein jour,En agglomération,Hors intersection,Normale,Sans collision,,,,,,,,,,,1,2,1,1,7
200700002591,0007-01-05 12:20:00,7,1,5,12,20,310,555,"999, CHE DU SEMINAIRE",,,Plein jour,En agglomération,Hors intersection,Normale,Deux véhicules - frontale,,,,,,,,,,,1,2,1,1,1
200700002592,0007-01-05 16:10:00,7,1,5,16,10,310,555,"999, AV SALVADOR ALLENDE",,,Plein jour,En agglomération,Hors intersection,Normale,Deux véhicules - arrière,,,,,,,,,,,1,2,1,1,2
200700002593,0007-01-05 19:25:00,7,1,5,19,25,310,555,"38, RTE DE NARBONNE",,,Nuit avec éclairage allumé,En agglomération,Intersection en X,Normale,Deux véhicules - arrière,,,,,,,,,,,5,2,2,1,2
200700002594,0007-01-05 22:55:00,7,1,5,22,55,310,555,"999, RUE SAINT ROCH",,,Nuit avec éclairage allumé,Hors agglomération,Intersection en X,Normale,Deux véhicules - frontale,,,,,,,,,,,5,1,2,1,1
200700002595,0007-01-06 12:55:00,7,1,6,12,55,310,555,"38, AV DE L URSS",,,Plein jour,En agglomération,Hors intersection,Normale,Autre collision,,,,,,,,,,,1,2,1,1,6
200700002596,0007-01-08 09:03:00,7,1,8,9,3,310,555,VA007644 EMPALOT A620 So,,,Plein jour,Hors agglomération,Hors intersection,Temps couvert,Deux véhicules - côté,,,,,,,,,,,1,1,1,8,3
200700002597,0007-01-08 09:25:00,7,1,8,9,25,310,555,"999, BD DE THIBAUD",,,Plein jour,En agglomération,Intersection en X,Temps couvert,Deux véhicules - arrière,,,,,,,,,,,1,2,2,8,2
200700002598,0007-01-08 12:25:00,7,1,8,12,25,310,555,"999, AV DE MURET",,,Plein jour,En agglomération,Intersection en T,Normale,Deux véhicules - côté,,,,,,,,,,,1,2,3,1,3
200700002599,0007-01-08 13:05:00,7,1,8,13,5,310,555,"999, BD PIERRE SEMARD",,,Plein jour,En agglomération,Hors intersection,Normale,Deux véhicules - arrière,,,,,,,,,,,1,2,1,1,2
200700002600,0007-01-08 13:50:00,7,1,8,13,50,310,555,"999, RTE DE SAINT SIMON",,,Plein jour,En agglomération,Hors intersection,Pluie légère,Deux véhicules - arrière,,,,,,,,,,,1,2,1,2,2
200700002601,0007-01-08 17:15:00,7,1,8,17,15,310,555,VA007331 A620,,,Nuit avec éclairage allumé,Hors agglomération,Hors intersection,Pluie légère,Sans collision,,,,,,,,,,,5,1,1,2,7
200700002602,0007-01-08 18:15:00,7,1,8,18,15,310,555,VA001490 A621,,,Nuit avec éclairage non allumé,Hors agglomération,Hors intersection,Pluie légère,Trois véhicules et plus - en chaîne,,,,,,,,,,,4,1,1,2,4
200700002603,0007-01-09 07:55:00,7,1,9,7,55,310,555,"19, AV JEAN RIEUX",,,Nuit avec éclairage allumé,En agglomération,Hors intersection,Normale,Autre collision,,,,,,,,,,,5,2,1,1,6
200700002604,0007-01-09 08:35:00,7,1,9,8,35,310,555,"999, AV JEAN CHAUBET",,,Plein jour,En agglomération,Hors intersection,Normale,Autre collision,,,,,,,,,,,1,2,1,1,6
200700002605,0007-01-09 11:15:00,7,1,9,11,15,310,555,"176, RTE DE SEYSSES",,,Plein jour,En agglomération,Intersection en T,Normale,Autre collision,,,,,,,,,,,1,2,3,1,6
200700002606,0007-01-10 07:30:00,7,1,10,7,30,310,555,"22, RUE DE NEGRENEYS",,,Nuit avec éclairage allumé,En agglomération,Intersection en T,Normale,Sans collision,,,,,,,,,,,5,2,3,1,7
200700002607,0007-01-10 07:41:00,7,1,10,7,41,310,555,"999, RUE CAMILLE CLAUDEL",,,Plein jour,En agglomération,Intersection en X,Normale,Deux véhicules - côté,,,,,,,,,,,1,2,2,1,3
200700002608,0007-01-10 08:20:00,7,1,10,8,20,310,555,"999, RUE HENRIOT",,,Plein jour,En agglomération,Intersection en T,Normale,Deux véhicules - côté,,,,,,,,,,,1,2,3,1,3
200700002609,0007-01-10 10:10:00,7,1,10,10,10,310,555,"999, RTE DE SEYSSES",,,Plein jour,En agglomération,Intersection en X,Normale,Deux véhicules - côté,,,,,,,,,,,1,2,2,1,3
200700002610,0007-01-10 12:00:00,7,1,10,12,0,310,555,"46, GRANDE RUE SAINT MIC",,,Plein jour,En agglomération,Hors intersection,Normale,Deux véhicules - côté,,,,,,,,,,,1,2,1,1,3
200700002611,0007-01-10 15:10:00,7,1,10,15,10,310,555,"63, RUE MATABIAU",,,Plein jour,En agglomération,Intersection en X,Normale,Deux véhicules - côté,,,,,,,,,,,1,2,2,1,3
200700002612,0007-01-11 07:20:00,7,1,11,7,20,310,555,"999, AV DU GENERAL EISEN",,,Crépuscule ou aube,En agglomération,Hors intersection,Normale,Deux véhicules - arrière,,,,,,,,,,,2,2,1,1,2
200700002613,0007-01-11 08:00:00,7,1,11,8,0,310,555,VA007622 RANGUEIL A620 S,,,Crépuscule ou aube,Hors agglomération,Hors intersection,Normale,Trois véhicules et plus - en chaîne,,,,,,,,,,,2,1,1,1,4
200700002614,0007-01-11 12:10:00,7,1,11,12,10,310,555,"58, AV DES MINIMES",,,Plein jour,En agglomération,Hors intersection,Normale,Deux véhicules - côté,,,,,,,,,,,1,2,1,1,3
200700002615,0007-01-11 13:10:00,7,1,11,13,10,310,555,"20, ALL MAURICE SARRAUT",,,Plein jour,En agglomération,Hors intersection,Normale,Autre collision,,,,,,,,,,,1,2,1,1,6
200700002616,0007-01-12 17:03:00,7,1,12,17,3,310,555,RUE DE LA CHAUSSEE,,,Plein jour,En agglomération,Intersection en T,Normale,Sans collision,,,,,,,,,,,1,2,3,1,7
200700002617,0007-01-12 08:30:00,7,1,12,8,30,310,555,"999, ROND POINT LEON LAJ",,,Plein jour,En agglomération,Autre intersection,Normale,Deux véhicules - côté,,,,,,,,,,,1,2,9,1,3
200700002618,0007-01-12 09:05:00,7,1,12,9,5,310,555,"25 BIS, AV MARCEL DASSAU",,,Plein jour,En agglomération,Hors intersection,Normale,Deux véhicules - arrière,,,,,,,,,,,1,2,1,1,2
200700002619,0007-01-13 05:05:00,7,1,13,5,5,310,555,"999, PONT PIERRE DE COUB",,,Nuit avec éclairage allumé,En agglomération,Hors intersection,Brouillard / fumée,Sans collision,,,,,,,,,,,5,2,1,5,7
200700002620,0007-01-13 09:30:00,7,1,13,9,30,310,555,VA007306 A64,,,Plein jour,Hors agglomération,Hors intersection,Brouillard / fumée,Autre collision,,,,,,,,,,,1,1,1,5,6
200700002621,0007-01-13 10:05:00,7,1,13,10,5,310,555,"13, RUE DES ARCS SAINT C",,,Plein jour,En agglomération,Hors intersection,Normale,Deux véhicules - arrière,,,,,,,,,,,1,2,1,1,2
200700002622,0007-01-14 10:19:00,7,1,14,10,19,310,555,"999, BD DU MARECHAL LECL",,,Plein jour,En agglomération,Hors intersection,Normale,Deux véhicules - arrière,,,,,,,,,,,1,2,1,1,2
200700002623,0007-01-15 08:20:00,7,1,15,8,20,310,555,"999, VA007342 LA CEPIERE",,,Plein jour,Hors agglomération,Hors intersection,Normale,Deux véhicules - arrière,,,,,,,,,,,1,1,1,1,2
200700002624,0007-01-15 15:19:00,7,1,15,15,19,310,555,"999, RUE D OC",,,Plein jour,En agglomération,Intersection en T,Normale,Deux véhicules - côté,,,,,,,,,,,1,2,3,1,3
200700002625,0007-01-15 20:05:00,7,1,15,20,5,310,555,"999, RUE DU FAUBOURG BON",,,Nuit avec éclairage allumé,En agglomération,Intersection en T,Normale,Deux véhicules - côté,,,,,,,,,,,5,2,3,1,3
200700002626,0007-01-16 08:00:00,7,1,16,8,0,310,555,"999, CHE DE LAPORTE",,,Crépuscule ou aube,En agglomération,Hors intersection,Normale,Deux véhicules - frontale,,,,,,,,,,,2,2,1,1,1
200700002627,0007-01-16 08:20:00,7,1,16,8,20,310,555,"999, AV DE GRANDE BRETAG",,,Plein jour,En agglomération,Intersection en T,Normale,Deux véhicules - côté,,,,,,,,,,,1,2,3,1,3
200700002628,0007-01-16 09:00:00,7,1,16,9,0,310,555,"35, GRANDE RUE SAINT MIC",,,Plein jour,En agglomération,Hors intersection,Normale,Autre collision,,,,,,,,,,,1,2,1,1,6
200700002629,0007-01-16 09:50:00,7,1,16,9,50,310,555,"351, AV DES ETATS UNIS",,,Plein jour,En agglomération,Hors intersection,Normale,Deux véhicules - arrière,,,,,,,,,,,1,2,1,1,2
200700002630,0007-01-17 09:00:00,7,1,17,9,0,310,555,"999, RUE DES FRERES LION",,,Plein jour,En agglomération,Hors intersection,Normale,Deux véhicules - arrière,,,,,,,,,,,1,2,1,1,2
200700002631,0007-01-17 10:10:00,7,1,17,10,10,310,555,"155, AV DE GRANDE BRETAG",,,Plein jour,En agglomération,Hors intersection,Normale,Deux véhicules - côté,,,,,,,,,,,1,2,1,1,3
200700002632,0007-01-17 20:20:00,7,1,17,20,20,310,555,"17, BD LAZARE CARNOT",,,Nuit avec éclairage allumé,En agglomération,Hors intersection,Normale,Deux véhicules - côté,,,,,,,,,,,5,2,1,1,3
200700002633,0007-01-18 18:40:00,7,1,18,18,40,310,555,"01, BD PIERRE SEMARD",,,Nuit avec éclairage allumé,En agglomération,Intersection en X,Normale,Deux véhicules - côté,,,,,,,,,,,5,2,2,1,3
200700002634,0007-01-18 13:15:00,7,1,18,13,15,310,555,"999, RUE DES COSMONAUTES",,,Plein jour,En agglomération,Hors intersection,Normale,Deux véhicules - côté,,,,,,,,,,,1,2,1,1,3
200700002635,0007-01-19 04:00:00,7,1,19,4,0,310,555,VA008432 LANGLADE A620 S,,,Nuit avec éclairage allumé,Hors agglomération,Hors intersection,Normale,Deux véhicules - côté,,,,,,,,,,,5,1,1,1,3
200700002636,0007-01-19 16:30:00,7,1,19,16,30,310,555,"46, BD DES MINIMES",,,Plein jour,En agglomération,Hors intersection,Pluie légère,Autre collision,,,,,,,,,,,1,2,1,2,6
200700002637,0007-01-19 17:03:00,7,1,19,17,3,310,555,"999, RUE CHARLAS",,,Plein jour,En agglomération,Hors intersection,Normale,Deux véhicules - côté,,,,,,,,,,,1,2,1,1,3
200700002638,0007-01-19 17:10:00,7,1,19,17,10,310,555,"19, RUE DU LANGUEDOC",,,Crépuscule ou aube,En agglomération,Hors intersection,Normale,Autre collision,,,,,,,,,,,2,2,1,1,6
200700002639,0007-01-19 20:15:00,7,1,19,20,15,310,555,"999, AV DE LA GLOIRE",,,Nuit avec éclairage allumé,En agglomération,Hors intersection,Normale,Deux véhicules - côté,,,,,,,,,,,5,2,1,1,3
200700002640,0007-01-19 22:20:00,7,1,19,22,20,310,555,"999, SQUARE DE L HERACLE",,,Nuit avec éclairage allumé,En agglomération,Hors intersection,Normale,Deux véhicules - arrière,,,,,,,,,,,5,2,1,1,2
200700002641,0007-01-20 13:35:00,7,1,20,13,35,310,555,"999, BARRIERE DE LOMBEZ",,,Plein jour,En agglomération,Hors intersection,Normale,Deux véhicules - arrière,,,,,,,,,,,1,2,1,1,2
200700002642,0007-01-20 14:10:00,7,1,20,14,10,310,555,BD D ARCOLE,,,Plein jour,En agglomération,Hors intersection,Normale,Deux véhicules - côté,,,,,,,,,,,1,2,1,1,3
200700002643,0007-01-20 19:35:00,7,1,20,19,35,310,555,VA008432 LANGLADE A620 S,,,Nuit avec éclairage allumé,Hors agglomération,Hors intersection,Normale,Autre collision,,,,,,,,,,,5,1,1,1,6
200700002644,0007-01-21 19:00:00,7,1,21,19,0,310,555,"7 BIS, ALL MAURICE SARRA",,,Nuit avec éclairage allumé,En agglomération,Hors intersection,Normale,Autre collision,,,,,,,,,,,5,2,1,1,6
200700002645,0007-01-21 20:35:00,7,1,21,20,35,310,555,VA008482 A624,,,Nuit avec éclairage allumé,Hors agglomération,Hors intersection,Normale,Sans collision,,,,,,,,,,,5,1,1,1,7
200700002646,0007-01-20 21:40:00,7,1,20,21,40,310,555,"999, PL AMAT MASSOT",,,Nuit avec éclairage allumé,En agglomération,Hors intersection,Normale,Sans collision,,,,,,,,,,,5,2,1,1,7
200700002647,0007-01-22 19:10:00,7,1,22,19,10,310,555,"317, AV DES ETATS UNIS",,,Nuit avec éclairage allumé,En agglomération,Giratoire,Pluie légère,Deux véhicules - côté,,,,,,,,,,,5,2,6,2,3
200700002648,0007-01-22 21:01:00,7,1,22,21,1,310,555,"999, AV ARISTIDE BRIAND",,,Nuit avec éclairage allumé,En agglomération,Hors intersection,Normale,Deux véhicules - arrière,,,,,,,,,,,5,2,1,1,2
200700002649,0007-01-23 11:20:00,7,1,23,11,20,310,555,"45, RUE D ALSACE LORRAIN",,,Plein jour,En agglomération,Hors intersection,Pluie légère,Autre collision,,,,,,,,,,,1,2,1,2,6