accident_id,datetime,annee,mois,jour,heure,minute,departement,commune_insee,adresse,latitude,longitude,luminosite,agglomeration,intersection,meteo,collision,nb_vehicules,nb_usagers,nb_indemnes,nb_tues,nb_blesses_hosp,nb_blesses_legers,age_cond_1,age_cond_2,veh_type_cond_1,veh_type_cond_2,lum_code,agg_code,int_code,atm_code,col_code
200700002650,0007-01-23 12:00:00,7,1,23,12,0,310,555,"999, CHE DE LA NEBOUDE",,,Plein jour,En agglomération,Intersection en T,Pluie légère,Deux véhicules - côté,,,,,,,,,,,1,2,3,2,3
200700002651,0007-01-23 12:40:00,7,1,23,12,40,310,555,"36, RUE DU FAUBOURG BONN",,,Plein jour,En agglomération,Hors intersection,Pluie légère,Autre collision,,,,,,,,,,,1,2,1,2,6
200700002652,0007-01-23 18:35:00,7,1,23,18,35,310,555,"999, RUE DU CAILLOU GRIS",,,Nuit avec éclairage allumé,En agglomération,Intersection en X,Neige / grêle,Autre collision,,,,,,,,,,,5,2,2,4,6
200700002653,0007-01-23 22:30:00,7,1,23,22,30,310,555,VA007418 PONT JUMEAUX A6,,,Nuit avec éclairage allumé,Hors agglomération,Hors intersection,Neige / grêle,Trois véhicules et plus - collisions multiples,,,,,,,,,,,5,1,1,4,5
200700002654,0007-01-24 14:30:00,7,1,24,14,30,310,555,"75, BD DE STRASBOURG",,,Plein jour,En agglomération,Hors intersection,Normale,Autre collision,,,,,,,,,,,1,2,1,1,6
200700002655,0007-01-25 17:20:00,7,1,25,17,20,310,555,"50, ALL DES DEMOISELLES",,,Plein jour,En agglomération,Hors intersection,Normale,Trois véhicules et plus - en chaîne,,,,,,,,,,,1,2,1,1,4
200700002656,0007-01-26 09:15:00,7,1,26,9,15,310,555,"999, RTE DE LAUNAGUET",,,Plein jour,En agglomération,Hors intersection,Normale,Sans collision,,,,,,,,,,,1,2,1,1,7
200700002657,0007-01-26 14:05:00,7,1,26,14,5,310,555,AV DE REYNERIE,,,Plein jour,En agglomération,Hors intersection,Normale,Deux véhicules - arrière,,,,,,,,,,,1,2,1,1,2
200700002658,0007-01-26 19:00:00,7,1,26,19,0,310,555,"999, AV DE LESPINET",,,Nuit avec éclairage allumé,En agglomération,Hors intersection,Normale,Autre collision,,,,,,,,,,,5,2,1,1,6
200700002659,0007-01-27 04:50:00,7,1,27,4,50,310,555,VA007456 SESQUIERES A620,,,Nuit avec éclairage allumé,Hors agglomération,Hors intersection,Normale,Sans collision,,,,,,,,,,,5,1,1,1,7
200700002660,0007-01-27 07:40:00,7,1,27,7,40,310,555,"999, AV PIERRE G LATECOE",,,Nuit avec éclairage allumé,En agglomération,Hors intersection,Normale,Autre collision,,,,,,,,,,,5,2,1,1,6
200700002661,0007-01-27 09:15:00,7,1,27,9,15,310,555,"116, RTE D ALBI",,,Plein jour,En agglomération,Hors intersection,Normale,Autre collision,,,,,,,,,,,1,2,1,1,6
200700002662,0007-01-29 13:15:00,7,1,29,13,15,310,555,"147, AV DES ARENES ROMAI",,,Plein jour,En agglomération,Hors intersection,Normale,Deux véhicules - côté,,,,,,,,,,,1,2,1,1,3
200700002663,0007-01-29 17:20:00,7,1,29,17,20,310,555,"999, CHE DE LESTANG",,,Plein jour,En agglomération,Hors intersection,Normale,Deux véhicules - côté,,,,,,,,,,,1,2,1,1,3
200700002664,0007-01-30 03:25:00,7,1,30,3,25,310,555,RD901,,,Nuit avec éclairage allumé,Hors agglomération,Hors intersection,Brouillard / fumée,Sans collision,,,,,,,,,,,5,1,1,5,7
200700002665,0007-01-30 08:50:00,7,1,30,8,50,310,555,"999, RTE DE SAINT SIMON",,,Plein jour,En agglomération,Hors intersection,Neige / grêle,Deux véhicules - côté,,,,,,,,,,,1,2,1,4,3
200700002666,0007-01-28 19:35:00,7,1,28,19,35,310,555,VA007313 LE CHAPITRE A64,,,Nuit avec éclairage allumé,Hors agglomération,Hors intersection,Brouillard / fumée,Deux véhicules - arrière,,,,,,,,,,,5,1,1,5,2
200700002667,0007-01-31 14:45:00,7,1,31,14,45,310,555,"15, BD DE LA GARE",,,Plein jour,En agglomération,Hors intersection,Normale,Deux véhicules - arrière,,,,,,,,,,,1,2,1,1,2
200700002668,0007-01-31 09:20:00,7,1,31,9,20,310,555,"999, AV DE GRANDE BRETAG",,,Plein jour,En agglomération,Hors intersection,Normale,Deux véhicules - côté,,,,,,,,,,,1,2,1,1,3
200700002669,0007-01-31 09:40:00,7,1,31,9,40,310,555,VA007644 EMPALOT A620 So,,,Plein jour,Hors agglomération,Hors intersection,Normale,Trois véhicules et plus - en chaîne,,,,,,,,,,,1,1,1,1,4
200700002670,0007-01-10 06:35:00,7,1,10,6,35,310,557,"0, ST PIERRE (CH)",,,Nuit sans éclairage public,En agglomération,Intersection en T,Pluie légère,Deux véhicules - côté,,,,,,,,,,,3,2,3,2,3
200700002671,0007-01-21 10:45:00,7,1,21,10,45,310,557,"135, DOUMERGUE (RUE GAST",,,Plein jour,En agglomération,Hors intersection,Pluie légère,Autre collision,,,,,,,,,,,1,2,1,2,6
200700002672,0007-01-10 11:27:00,7,1,10,11,27,320,13,"89 bis, YSER (AVENUE DE",,,Plein jour,En agglomération,Hors intersection,Normale,Autre collision,,,,,,,,,,,1,2,1,1,6
200700002673,0007-01-22 07:20:00,7,1,22,7,20,320,13,"6 bis, PIERRE MENDES FRA",,,Nuit avec éclairage allumé,En agglomération,Intersection en T,Pluie légère,Deux véhicules - côté,,,,,,,,,,,5,2,3,2,3
200700002674,0007-01-22 07:55:00,7,1,22,7,55,320,13,"2, DESIRAT (RUE)",,,Crépuscule ou aube,En agglomération,Intersection en T,Temps couvert,Autre collision,,,,,,,,,,,2,2,3,8,6
200700002675,0007-01-30 20:55:00,7,1,30,20,55,320,13,PYRENEES (AVENUE DES),,,Nuit avec éclairage allumé,En agglomération,Hors intersection,Normale,Deux véhicules - arrière,,,,,,,,,,,5,2,1,1,2
200700002676,0007-01-04 11:20:00,7,1,4,11,20,330,529,RN 250 (CAMICAS-OUSTALET,,,Plein jour,Hors agglomération,Intersection en X,Normale,Deux véhicules - côté,,,,,,,,,,,1,1,2,1,3
200700002677,0007-01-15 00:45:00,7,1,15,0,45,330,529,"., LECLERC (AVE DU GAL)",,,Nuit avec éclairage allumé,En agglomération,Hors intersection,Normale,Deux véhicules - frontale,,,,,,,,,,,5,2,1,1,1
200700002678,0007-01-09 10:40:00,7,1,9,10,40,330,529,"63, OCEAN (BD DE L')",,,Plein jour,En agglomération,Hors intersection,Normale,Deux véhicules - frontale,,,,,,,,,,,1,2,1,1,1
200700002679,0007-01-24 14:00:00,7,1,24,14,0,330,529,"50, SAINT-EXUPERY (AVE)",,,Crépuscule ou aube,En agglomération,Hors intersection,Normale,Deux véhicules - frontale,,,,,,,,,,,2,2,1,1,1
200700002680,0007-01-09 19:00:00,7,1,9,19,0,330,529,"1, DE GAULLE ( AVE CHARL",,,Nuit avec éclairage allumé,En agglomération,Intersection en X,Normale,Deux véhicules - côté,,,,,,,,,,,5,2,2,1,3
200700002681,0007-01-03 02:14:00,7,1,3,2,14,330,63,"6, CRS MARC NOUAUX",,,Nuit avec éclairage allumé,En agglomération,Hors intersection,Normale,Autre collision,,,,,,,,,,,5,2,1,1,6
200700002682,0007-01-03 11:40:00,7,1,3,11,40,330,63,"109, CRS DE LA MARNE",,,Plein jour,En agglomération,Hors intersection,Normale,Autre collision,,,,,,,,,,,1,2,1,1,6
200700002683,0007-01-03 07:20:00,7,1,3,7,20,330,63,BD MARECHAL LECLERC,,,Nuit avec éclairage allumé,En agglomération,Intersection en X,Normale,Deux véhicules - côté,,,,,,,,,,,5,2,2,1,3
200700002684,0007-01-04 13:40:00,7,1,4,13,40,330,63,"118, QUAI DES CHARTRONS",,,Plein jour,En agglomération,Hors intersection,Normale,Deux véhicules - côté,,,,,,,,,,,1,2,1,1,3
200700002685,0007-01-06 15:45:00,7,1,6,15,45,330,63,PRK AUCHAN,,,Plein jour,En agglomération,Intersection en T,Normale,Autre collision,,,,,,,,,,,1,2,3,1,6
200700002686,0007-01-02 18:25:00,7,1,2,18,25,330,69,"145, AVE DE LA LIBERATIO",,,Nuit avec éclairage allumé,En agglomération,Hors intersection,Normale,Deux véhicules - côté,,,,,,,,,,,5,2,1,1,3
200700002687,0007-01-03 11:26:00,7,1,3,11,26,330,281,RUE CAMILLE FLAMMARION,,,Plein jour,En agglomération,Intersection en X,Temps éblouissant,Deux véhicules - côté,,,,,,,,,,,1,2,2,7,3
200700002688,0007-01-04 19:15:00,7,1,4,19,15,330,249,QUAI CHAIGNEAU BICHON,,,Nuit avec éclairage allumé,En agglomération,Autre intersection,Normale,Deux véhicules - côté,,,,,,,,,,,5,2,9,1,3
200700002689,0007-01-04 07:25:00,7,1,4,7,25,330,281,AVE DE LA MARNE,,,Nuit avec éclairage allumé,En agglomération,Hors intersection,Pluie légère,Deux véhicules - arrière,,,,,,,,,,,5,2,1,2,2
200700002690,0007-01-08 10:25:00,7,1,8,10,25,330,63,"183, BD GODARD",,,Plein jour,En agglomération,Hors intersection,Pluie légère,Autre collision,,,,,,,,,,,1,2,1,2,6
200700002691,0007-01-09 09:00:00,7,1,9,9,0,330,63,RUE CHARLES MARTIN,,,Plein jour,En agglomération,Intersection en X,Pluie légère,Deux véhicules - côté,,,,,,,,,,,1,2,2,2,3
200700002692,0007-01-09 16:50:00,7,1,9,16,50,330,63,"61, CRS DE LA SOMME",,,Plein jour,En agglomération,Hors intersection,Normale,Autre collision,,,,,,,,,,,1,2,1,1,6
200700002693,0007-01-06 20:05:00,7,1,6,20,5,330,550,"144, AVE DES PYRENEES",,,Nuit avec éclairage allumé,En agglomération,Hors intersection,Normale,Deux véhicules - côté,,,,,,,,,,,5,2,1,1,3
200700002694,0007-01-04 18:15:00,7,1,4,18,15,330,281,AVE MARCEL DASSAULT,,,Nuit avec éclairage allumé,En agglomération,Hors intersection,Pluie légère,Deux véhicules - arrière,,,,,,,,,,,5,2,1,2,2
200700002695,0007-01-10 21:00:00,7,1,10,21,0,330,63,RUE PASTEUR CAUD,,,Nuit avec éclairage allumé,Hors agglomération,Hors intersection,Pluie légère,Deux véhicules - côté,,,,,,,,,,,5,1,1,2,3
200700002696,0007-01-10 10:40:00,7,1,10,10,40,330,63,RUE BEAUBADAT,,,Plein jour,En agglomération,Intersection en X,Normale,Autre collision,,,,,,,,,,,1,2,2,1,6
200700002697,0007-01-10 07:50:00,7,1,10,7,50,330,63,CRS SAINT LOUIS,,,Crépuscule ou aube,En agglomération,Intersection en X,Normale,Autre collision,,,,,,,,,,,2,2,2,1,6
200700002698,0007-01-10 08:15:00,7,1,10,8,15,330,63,CRS VICTOR HUGO,,,Plein jour,En agglomération,Intersection à plus de 4 branches,Normale,Trois véhicules et plus - collisions multiples,,,,,,,,,,,1,2,5,1,5
200700002699,0007-01-10 11:20:00,7,1,10,11,20,330,63,"76, BD GEORGES POMPIDOU",,,Plein jour,En agglomération,Hors intersection,Normale,Deux véhicules - arrière,,,,,,,,,,,1,2,1,1,2
200700002700,0007-01-11 08:45:00,7,1,11,8,45,330,63,PRK AUCHAN,,,Plein jour,En agglomération,Hors intersection,Normale,Deux véhicules - côté,,,,,,,,,,,1,2,1,1,3
200700002701,0007-01-11 13:25:00,7,1,11,13,25,330,63,"59, QUAI DES CHARTRONS",,,Plein jour,En agglomération,Hors intersection,Normale,Deux véhicules - arrière,,,,,,,,,,,1,2,1,1,2
200700002702,0007-01-11 18:00:00,7,1,11,18,0,330,63,CRS D'ALBRET,,,Nuit avec éclairage allumé,En agglomération,Hors intersection,Normale,Sans collision,,,,,,,,,,,5,2,1,1,7
200700002703,0007-01-12 04:20:00,7,1,12,4,20,330,63,RUE DAVID JOHNSTON,,,Nuit avec éclairage allumé,En agglomération,Giratoire,Normale,Deux véhicules - côté,,,,,,,,,,,5,2,6,1,3
200700002704,0007-01-10 07:15:00,7,1,10,7,15,330,281,RUE PAUL DOUMER,,,Nuit avec éclairage allumé,En agglomération,Hors intersection,Temps couvert,Autre collision,,,,,,,,,,,5,2,1,8,6
200700002705,0007-01-08 12:15:00,7,1,8,12,15,330,39,ALL BOYER,,,Plein jour,En agglomération,Intersection en T,Pluie légère,Deux véhicules - côté,,,,,,,,,,,1,2,3,2,3
200700002706,0007-01-09 07:54:00,7,1,9,7,54,330,75,RUE JEAN CLAUDEVILLE,,,Plein jour,En agglomération,Intersection en T,Normale,Deux véhicules - côté,,,,,,,,,,,1,2,3,1,3
200700002707,0007-01-09 16:45:00,7,1,9,16,45,330,119,AVE RENE CASSAGNE,,,Plein jour,En agglomération,Giratoire,Normale,Deux véhicules - côté,,,,,,,,,,,1,2,6,1,3
200700002708,0007-01-10 13:30:00,7,1,10,13,30,330,32,"31, RUE DU PRESIDENT COT",,,Plein jour,En agglomération,Hors intersection,Normale,Autre collision,,,,,,,,,,,1,2,1,1,6
200700002709,0007-01-14 23:30:00,7,1,14,23,30,330,39,QUAI DU PRESIDENT WILSON,,,Nuit avec éclairage allumé,En agglomération,Intersection en T,Normale,Deux véhicules - côté,,,,,,,,,,,5,2,3,1,3
200700002710,0007-01-14 18:35:00,7,1,14,18,35,330,63,RUE DU PROFESSEUR RECHOU,,,Nuit avec éclairage allumé,En agglomération,Intersection en X,Normale,Deux véhicules - côté,,,,,,,,,,,5,2,2,1,3
200700002711,0007-01-14 23:22:00,7,1,14,23,22,330,63,RUE CHARLES DOMERCQ,,,Nuit avec éclairage allumé,En agglomération,Intersection en T,Normale,Deux véhicules - côté,,,,,,,,,,,5,2,3,1,3
200700002712,0007-01-14 17:34:00,7,1,14,17,34,330,63,PRK AUCHAN,,,Plein jour,En agglomération,Autre intersection,Normale,Deux véhicules - côté,,,,,,,,,,,1,2,9,1,3
200700002713,0007-01-13 19:45:00,7,1,13,19,45,330,63,"173, RUE EMILE COMBES",,,Nuit avec éclairage allumé,En agglomération,Hors intersection,Pluie légère,Autre collision,,,,,,,,,,,5,2,1,2,6
200700002714,0007-01-15 15:20:00,7,1,15,15,20,330,63,"273, BD GODARD",,,Plein jour,En agglomération,Hors intersection,Normale,Trois véhicules et plus - en chaîne,,,,,,,,,,,1,2,1,1,4
200700002715,0007-01-15 18:30:00,7,1,15,18,30,330,63,RUE PEYRONNET,,,Nuit avec éclairage non allumé,En agglomération,Hors intersection,Normale,Autre collision,,,,,,,,,,,4,2,1,1,6
200700002716,0007-01-16 01:25:00,7,1,16,1,25,330,63,PONT DE PIERRE,,,Nuit avec éclairage allumé,En agglomération,Hors intersection,Brouillard / fumée,Deux véhicules - arrière,,,,,,,,,,,5,2,1,5,2
200700002717,0007-01-12 13:10:00,7,1,12,13,10,330,318,"66, AVE DE MADRAN",,,Plein jour,En agglomération,Hors intersection,Normale,Autre collision,,,,,,,,,,,1,2,1,1,6
200700002718,0007-01-05 14:20:00,7,1,5,14,20,330,522,AVE DE THOUARS,,,Plein jour,En agglomération,Intersection en X,Normale,Deux véhicules - côté,,,,,,,,,,,1,2,2,1,3
200700002719,0007-01-12 07:45:00,7,1,12,7,45,330,318,AVE DE CANDAU,,,Plein jour,En agglomération,Intersection en T,Normale,Deux véhicules - côté,,,,,,,,,,,1,2,3,1,3
200700002720,0007-01-16 15:43:00,7,1,16,15,43,330,63,"7, BD ANTOINE GAUTIER",,,Plein jour,En agglomération,Intersection en X,Temps couvert,Trois véhicules et plus - en chaîne,,,,,,,,,,,1,2,2,8,4
200700002721,0007-01-12 07:15:00,7,1,12,7,15,330,39,"78, AVE MAL DE LATTRE DE",,,Nuit avec éclairage allumé,Hors agglomération,Hors intersection,Pluie légère,Deux véhicules - frontale,,,,,,,,,,,5,1,1,2,1
200700002722,0007-01-17 05:50:00,7,1,17,5,50,330,63,AVE ANDRE REINSON,,,Nuit avec éclairage allumé,En agglomération,Intersection en T,Pluie légère,Deux véhicules - côté,,,,,,,,,,,5,2,3,2,3
200700002723,0007-01-17 08:10:00,7,1,17,8,10,330,63,RUE STEHELIN CAUD,,,Crépuscule ou aube,En agglomération,Intersection en T,Normale,Deux véhicules - côté,,,,,,,,,,,2,2,3,1,3
200700002724,0007-01-18 07:25:00,7,1,18,7,25,330,63,"100, AVE DE LABARDE",,,Nuit avec éclairage allumé,En agglomération,Hors intersection,Normale,Deux véhicules - côté,,,,,,,,,,,5,2,1,1,3
200700002725,0007-01-18 17:35:00,7,1,18,17,35,330,63,"121, RUE JUDAIQUE",,,Crépuscule ou aube,En agglomération,Hors intersection,Pluie légère,Autre collision,,,,,,,,,,,2,2,1,2,6
200700002726,0007-01-12 20:25:00,7,1,12,20,25,330,249,AVE DE PARIS,,,Nuit avec éclairage allumé,En agglomération,Hors intersection,Pluie légère,Deux véhicules - arrière,,,,,,,,,,,5,2,1,2,2
200700002727,0007-01-16 16:20:00,7,1,16,16,20,330,119,"36, AVE RENE CASSAGNE",,,Plein jour,En agglomération,Hors intersection,Normale,Autre collision,,,,,,,,,,,1,2,1,1,6
200700002728,0007-01-14 17:46:00,7,1,14,17,46,330,192,CRS DU GENERAL DE GAULLE,,,Crépuscule ou aube,En agglomération,Intersection en X,Normale,Deux véhicules - côté,,,,,,,,,,,2,2,2,1,3
200700002729,0007-01-13 17:07:00,7,1,13,17,7,330,63,RUE CAMILLE GODARD,,,Plein jour,En agglomération,Intersection en X,Normale,Trois véhicules et plus - collisions multiples,,,,,,,,,,,1,2,2,1,5
200700002730,0007-01-15 14:00:00,7,1,15,14,0,330,39,"51, RUE CALIXTE CAMELLE",,,Plein jour,En agglomération,Hors intersection,Normale,Autre collision,,,,,,,,,,,1,2,1,1,6
200700002731,0007-01-14 12:51:00,7,1,14,12,51,330,550,"507, RTE DE TOULOUSE",,,Plein jour,En agglomération,Hors intersection,Normale,Deux véhicules - côté,,,,,,,,,,,1,2,1,1,3
200700002732,0007-01-16 07:50:00,7,1,16,7,50,330,281,AVE DE L'YSER,,,Crépuscule ou aube,En agglomération,Intersection en X,Normale,Deux véhicules - côté,,,,,,,,,,,2,2,2,1,3
200700002733,0007-01-16 23:15:00,7,1,16,23,15,330,281,"88, AVE DE L'ALOUETTE",,,Nuit avec éclairage allumé,En agglomération,Hors intersection,Normale,Autre collision,,,,,,,,,,,5,2,1,1,6
200700002734,0007-01-14 20:45:00,7,1,14,20,45,330,39,RTE DE TOULOUSE,,,Nuit avec éclairage allumé,En agglomération,Intersection en X,Normale,Deux véhicules - côté,,,,,,,,,,,5,2,2,1,3
200700002735,0007-01-15 20:55:00,7,1,15,20,55,330,69,"18, AVE MARCELIN BERTHEL",,,Nuit avec éclairage allumé,En agglomération,Hors intersection,Brouillard / fumée,Autre collision,,,,,,,,,,,5,2,1,5,6
200700002736,0007-01-21 18:30:00,7,1,21,18,30,330,63,"4 ter, RUE FRANTZ SCHRAD",,,Nuit avec éclairage non allumé,En agglomération,Hors intersection,Normale,Autre collision,,,,,,,,,,,4,2,1,1,6
200700002737,0007-01-21 13:00:00,7,1,21,13,0,330,63,RUE RICHELIEU CAUD,,,Plein jour,En agglomération,Intersection en X,Normale,Deux véhicules - côté,,,,,,,,,,,1,2,2,1,3
200700002738,0007-01-20 18:30:00,7,1,20,18,30,330,63,RUE SOUBIRAS CAUD,,,Nuit avec éclairage allumé,En agglomération,Intersection en X,Normale,Deux véhicules - côté,,,,,,,,,,,5,2,2,1,3
200700002739,0007-01-19 16:40:00,7,1,19,16,40,330,63,RUE LACORNEE,,,Plein jour,En agglomération,Intersection en X,Normale,Deux véhicules - côté,,,,,,,,,,,1,2,2,1,3
200700002740,0007-01-15 08:00:00,7,1,15,8,0,330,192,RTE DE CANEJAN,,,Nuit avec éclairage allumé,En agglomération,Intersection en T,Normale,Sans collision,,,,,,,,,,,5,2,3,1,7
200700002741,0007-01-17 12:30:00,7,1,17,12,30,330,75,RUE DE LA TOUR DE GASSIE,,,Plein jour,En agglomération,Intersection en T,Temps éblouissant,Deux véhicules - côté,,,,,,,,,,,1,2,3,7,3
200700002742,0007-01-17 09:45:00,7,1,17,9,45,330,550,RTE DE TOULOUSE,,,Plein jour,En agglomération,Intersection en T,Normale,Deux véhicules - côté,,,,,,,,,,,1,2,3,1,3
200700002743,0007-01-17 16:55:00,7,1,17,16,55,330,75,RTE DU MEDOC,,,Plein jour,En agglomération,Intersection en X,Normale,Trois véhicules et plus - collisions multiples,,,,,,,,,,,1,2,2,1,5
200700002744,0007-01-17 21:50:00,7,1,17,21,50,330,281,AVE MARCEL DASSAULT,,,Nuit avec éclairage allumé,En agglomération,Hors intersection,Normale,Autre collision,,,,,,,,,,,5,2,1,1,6
200700002745,0007-01-22 10:20:00,7,1,22,10,20,330,63,"135, RUE MOUNEYRA",,,Plein jour,En agglomération,Hors intersection,Pluie légère,Deux véhicules - arrière,,,,,,,,,,,1,2,1,2,2
200700002746,0007-01-24 21:00:00,7,1,24,21,0,330,63,BD ALIENOR D'AQUITAINE,,,Nuit avec éclairage allumé,En agglomération,Intersection en X,Neige / grêle,Deux véhicules - côté,,,,,,,,,,,5,2,2,4,3
200700002747,0007-01-18 17:55:00,7,1,18,17,55,330,192,"28, CRS DU GENERAL DE GA",,,Nuit avec éclairage allumé,En agglomération,Hors intersection,Pluie forte,Trois véhicules et plus - collisions multiples,,,,,,,,,,,5,2,1,3,5
200700002748,0007-01-20 12:05:00,7,1,20,12,5,330,39,"85, RUE DES FRERES MOGA",,,Plein jour,En agglomération,Hors intersection,Normale,Trois véhicules et plus - en chaîne,,,,,,,,,,,1,2,1,1,4
200700002749,0007-01-24 12:15:00,7,1,24,12,15,330,63,RUE DE PESSAC,,,Plein jour,En agglomération,Intersection en X,Normale,Autre collision,,,,,,,,,,,1,2,2,1,6
200700002750,0007-01-26 21:35:00,7,1,26,21,35,330,63,"20, BD GEORGE V",,,Nuit avec éclairage allumé,En agglomération,Hors intersection,Normale,Autre collision,,,,,,,,,,,5,2,1,1,6
200700002751,0007-01-26 08:15:00,7,1,26,8,15,330,63,"29, RUE GRATELOUP",,,Crépuscule ou aube,En agglomération,Hors intersection,Normale,Autre collision,,,,,,,,,,,2,2,1,1,6
200700002752,0007-01-26 16:35:00,7,1,26,16,35,330,119,RUE PIERRE CURIE,,,Plein jour,En agglomération,Hors intersection,Normale,Deux véhicules - côté,,,,,,,,,,,1,2,1,1,3
200700002753,0007-01-24 09:30:00,7,1,24,9,30,330,318,AVE JEAN JAURES,,,Plein jour,En agglomération,Intersection en T,Normale,Deux véhicules - côté,,,,,,,,,,,1,2,3,1,3
200700002754,0007-01-24 07:55:00,7,1,24,7,55,330,281,AVE ALBERT 1ER,,,Crépuscule ou aube,En agglomération,Intersection en X,Normale,Deux véhicules - côté,,,,,,,,,,,2,2,2,1,3
200700002755,0007-01-29 14:10:00,7,1,29,14,10,330,63,CRS DE LA SOMME,,,Plein jour,En agglomération,Intersection en X,Normale,Autre collision,,,,,,,,,,,1,2,2,1,6
200700002756,0007-01-26 13:00:00,7,1,26,13,0,330,249,RUE PROFESSEUR JEAN AURI,,,Plein jour,En agglomération,Hors intersection,Neige / grêle,Deux véhicules - côté,,,,,,,,,,,1,2,1,4,3
200700002757,0007-01-26 11:10:00,7,1,26,11,10,330,249,"9, RUE DES GAROSSES",,,Plein jour,En agglomération,Hors intersection,Neige / grêle,Deux véhicules - arrière,,,,,,,,,,,1,2,1,4,2
200700002758,0007-01-26 09:10:00,7,1,26,9,10,330,192,RUE NAUDET,,,Plein jour,En agglomération,Giratoire,Normale,Deux véhicules - côté,,,,,,,,,,,1,2,6,1,3
200700002759,0007-01-23 17:50:00,7,1,23,17,50,330,522,"545, CRS DE LA LIBERATIO",,,Plein jour,En agglomération,Hors intersection,Normale,Autre collision,,,,,,,,,,,1,2,1,1,6
200700002760,0007-01-23 07:50:00,7,1,23,7,50,330,281,AVE DE L'EUROPE,,,Plein jour,En agglomération,Intersection en T,Normale,Deux véhicules - côté,,,,,,,,,,,1,2,3,1,3
200700002761,0007-01-29 17:15:00,7,1,29,17,15,330,318,AVE DE NOES,,,Plein jour,En agglomération,Intersection en T,Normale,Deux véhicules - côté,,,,,,,,,,,1,2,3,1,3
200700002762,0007-01-25 10:10:00,7,1,25,10,10,330,318,"150, AVE DU DOCTEUR ALBE",,,Plein jour,En agglomération,Hors intersection,Neige / grêle,Autre collision,,,,,,,,,,,1,2,1,4,6
200700002763,0007-01-30 09:45:00,7,1,30,9,45,330,63,BD MARECHAL LECLERC,,,Plein jour,En agglomération,Intersection en X,Temps couvert,Deux véhicules - côté,,,,,,,,,,,1,2,2,8,3
200700002764,0007-01-30 17:40:00,7,1,30,17,40,330,63,RUE GUSTAVE DANFLOU,,,Plein jour,En agglomération,Intersection en X,Normale,Deux véhicules - côté,,,,,,,,,,,1,2,2,1,3
200700002765,0007-01-31 20:55:00,7,1,31,20,55,330,63,CRS DE L'YSER,,,Nuit avec éclairage allumé,En agglomération,Intersection en X,Normale,Autre collision,,,,,,,,,,,5,2,2,1,6
200700002766,0007-01-31 07:45:00,7,1,31,7,45,330,63,RUE HERON,,,Crépuscule ou aube,En agglomération,Intersection en X,Normale,Autre collision,,,,,,,,,,,2,2,2,1,6
200700002767,0007-01-22 20:10:00,7,1,22,20,10,330,63,RUE DES FAURES,,,Nuit avec éclairage allumé,En agglomération,Place,Pluie légère,Autre collision,,,,,,,,,,,5,2,7,2,6
200700002768,0007-01-30 17:15:00,7,1,30,17,15,330,249,QUAI ELISABETH DUPEYRON,,,Plein jour,En agglomération,Hors intersection,Normale,Deux véhicules - arrière,,,,,,,,,,,1,2,1,1,2
200700002769,0007-01-27 19:55:00,7,1,27,19,55,330,63,ALL DU BOIS,,,Nuit avec éclairage non allumé,En agglomération,Giratoire,Normale,Autre collision,,,,,,,,,,,4,2,6,1,6
200700002770,0007-01-26 16:40:00,7,1,26,16,40,330,69,AVE DE LA LIBERATION-CH.,,,Plein jour,En agglomération,Intersection en T,Normale,Deux véhicules - côté,,,,,,,,,,,1,2,3,1,3
200700002771,0007-01-29 18:50:00,7,1,29,18,50,330,69,AVE JULES GUESDE,,,Nuit avec éclairage allumé,En agglomération,Intersection en X,Normale,Deux véhicules - côté,,,,,,,,,,,5,2,2,1,3
200700002772,0007-01-29 22:00:00,7,1,29,22,0,330,550,"25, AVE MIRIEU DE LABARR",,,Nuit avec éclairage allumé,En agglomération,Hors intersection,Brouillard / fumée,Autre collision,,,,,,,,,,,5,2,1,5,6
200700002773,0007-01-31 19:15:00,7,1,31,19,15,330,63,"4, RUE JEAN DUPAS",,,Plein jour,En agglomération,Hors intersection,Normale,Deux véhicules - côté,,,,,,,,,,,1,2,1,1,3
200700002774,0007-01-22 08:22:00,7,1,22,8,22,330,522,"351, CRS DE LA LIBERATIO",,,Crépuscule ou aube,En agglomération,Intersection en X,Pluie légère,Deux véhicules - côté,,,,,,,,,,,2,2,2,2,3
200700002775,0007-01-07 19:45:00,7,1,7,19,45,330,243,EUROPE-J.MONNET(AVENUE D,,,Nuit sans éclairage public,Hors agglomération,Intersection en T,Pluie légère,Deux véhicules - arrière,,,,,,,,,,,3,1,3,2,2
200700002776,0007-01-19 07:55:00,7,1,19,7,55,340,3,MONACO (F16 A G15,43.30888,3.47703,Plein jour,En agglomération,Hors intersection,Normale,Deux véhicules - arrière,,,,,,,,,,,1,2,1,1,2
200700002777,0007-01-02 20:30:00,7,1,2,20,30,340,32,"1, VERDUN (BD DE)",,,Nuit avec éclairage non allumé,En agglomération,Autre intersection,Normale,Sans collision,,,,,,,,,,,4,2,9,1,7
200700002778,0007-01-03 11:57:00,7,1,3,11,57,340,32,"133, FOCH MARECHAL FERDI",,,Plein jour,En agglomération,Intersection en Y,Normale,Deux véhicules - côté,,,,,,,,,,,1,2,4,1,3
200700002779,0007-01-04 20:25:00,7,1,4,20,25,340,32,"1, FRANCE ANATOLE (RUE)",,,Nuit avec éclairage allumé,En agglomération,Intersection en T,Autre,Deux véhicules - côté,,,,,,,,,,,5,2,3,9,3