accident_id,datetime,annee,mois,jour,heure,minute,departement,commune_insee,adresse,latitude,longitude,luminosite,agglomeration,intersection,meteo,collision,nb_vehicules,nb_usagers,nb_indemnes,nb_tues,nb_blesses_hosp,nb_blesses_legers,age_cond_1,age_cond_2,veh_type_cond_1,veh_type_cond_2,lum_code,agg_code,int_code,atm_code,col_code
200700002907,0007-01-08 11:30:00,7,1,8,11,30,350,288,MARNE (RUE DE LA),,,Plein jour,En agglomération,Intersection en X,Pluie légère,Deux véhicules - arrière,,,,,,,,,,,1,2,2,2,2
200700002908,0007-01-14 18:25:00,7,1,14,18,25,350,352,GOUYON MATIGNON (RUE),,,Nuit avec éclairage allumé,En agglomération,Hors intersection,Normale,Deux véhicules - côté,,,,,,,,,,,5,2,1,1,3
200700002909,0007-01-28 01:30:00,7,1,28,1,30,350,288,CROIX AU FEVRE (RUE DE L,,,Nuit avec éclairage allumé,En agglomération,Intersection en X,Normale,Deux véhicules - côté,,,,,,,,,,,5,2,2,1,3
200700002910,0007-01-03 17:15:00,7,1,3,17,15,360,44,"106, ARGENTON (AV D')",,,Crépuscule ou aube,En agglomération,Hors intersection,Normale,Deux véhicules - côté,,,,,,,,,,,2,2,1,1,3
200700002911,0007-01-04 11:10:00,7,1,4,11,10,360,44,"27, GAMBETTA (PL)",,,Plein jour,En agglomération,Hors intersection,Normale,Sans collision,,,,,,,,,,,1,2,1,1,7
200700002912,0007-01-03 19:38:00,7,1,3,19,38,360,159,FORET (AVENUE DE LA) R.D,,,Nuit sans éclairage public,Hors agglomération,Hors intersection,Normale,Sans collision,,,,,,,,,,,3,1,1,1,7
200700002913,0007-01-19 09:10:00,7,1,19,9,10,360,44,TOLIERE (ALL DE),,,Plein jour,En agglomération,Passage à niveau,Normale,Deux véhicules - côté,,,,,,,,,,,1,2,8,1,3
200700002914,0007-01-18 16:00:00,7,1,18,16,0,360,44,"61, ISLE (DE BELLE )",,,Plein jour,En agglomération,Hors intersection,Temps couvert,Autre collision,,,,,,,,,,,1,2,1,8,6
200700002915,0007-01-08 18:45:00,7,1,8,18,45,360,44,"0, VOLTAIRE (PL)",,,Nuit avec éclairage allumé,En agglomération,Hors intersection,Normale,Autre collision,,,,,,,,,,,5,2,1,1,6
200700002916,0007-01-09 08:45:00,7,1,9,8,45,360,44,"29, BERNARDIN",,,Crépuscule ou aube,En agglomération,Hors intersection,Normale,Deux véhicules - côté,,,,,,,,,,,2,2,1,1,3
200700002917,0007-01-12 20:57:00,7,1,12,20,57,360,44,RIBOURT (AMIRAL),,,Nuit avec éclairage allumé,En agglomération,Intersection en X,Pluie légère,Sans collision,,,,,,,,,,,5,2,2,2,7
200700002918,0007-01-29 22:35:00,7,1,29,22,35,360,44,"29, CLUIS (BD DE)",,,Nuit avec éclairage allumé,En agglomération,Hors intersection,Normale,Sans collision,,,,,,,,,,,5,2,1,1,7
200700002919,0007-01-31 11:31:00,7,1,31,11,31,360,44,"1 bis, ANVAUX (BD D')",,,Plein jour,En agglomération,Hors intersection,Normale,Sans collision,,,,,,,,,,,1,2,1,1,7
200700002920,0007-01-31 18:57:00,7,1,31,18,57,360,159,"1, MONTLUCON (ROUTE) R.D",,,Nuit avec éclairage allumé,En agglomération,Hors intersection,Normale,Deux véhicules - arrière,,,,,,,,,,,5,2,1,1,2
200700002921,0007-01-01 03:10:00,7,1,1,3,10,370,261,BONNAMY (RUE FRANCOIS),,,Nuit avec éclairage allumé,En agglomération,Hors intersection,Pluie légère,Deux véhicules - côté,,,,,,,,,,,5,2,1,2,3
200700002922,0007-01-06 01:15:00,7,1,6,1,15,370,261,"8, PAILHOU (PLACE GASTON",,,Nuit avec éclairage allumé,En agglomération,Hors intersection,Normale,Deux véhicules - arrière,,,,,,,,,,,5,2,1,1,2
200700002923,0007-01-05 13:00:00,7,1,5,13,0,370,261,MALRAUX (QUAI ANDRE),,,Plein jour,En agglomération,Intersection en T,Normale,Deux véhicules - côté,,,,,,,,,,,1,2,3,1,3
200700002924,0007-01-05 16:58:00,7,1,5,16,58,370,261,"29, PAILHOU (PLACE GASTO",,,Plein jour,En agglomération,Hors intersection,Normale,Deux véhicules - arrière,,,,,,,,,,,1,2,1,1,2
200700002925,0007-01-06 17:55:00,7,1,6,17,55,370,261,MICHELET (RUE),,,Nuit avec éclairage allumé,En agglomération,Intersection en T,Pluie forte,Autre collision,,,,,,,,,,,5,2,3,3,6
200700002926,0007-01-11 07:50:00,7,1,11,7,50,370,261,ROTONDE (ROND-POINT DE L,,,Crépuscule ou aube,En agglomération,Giratoire,Normale,Deux véhicules - côté,,,,,,,,,,,2,2,6,1,3
200700002927,0007-01-11 14:30:00,7,1,11,14,30,370,261,"01, SERRES (PLACE OLIVIE",,,Plein jour,En agglomération,Hors intersection,Normale,Autre collision,,,,,,,,,,,1,2,1,1,6
200700002928,0007-01-11 18:15:00,7,1,11,18,15,370,261,STENDHAL (AVENUE),,,Nuit avec éclairage allumé,En agglomération,Intersection en X,Normale,Autre collision,,,,,,,,,,,5,2,2,1,6
200700002929,0007-01-19 22:15:00,7,1,19,22,15,370,261,JUIN (BOULEVARD DU MAREC,,,Nuit avec éclairage allumé,En agglomération,Hors intersection,Temps couvert,Autre collision,,,,,,,,,,,5,2,1,8,6
200700002930,0007-01-20 09:30:00,7,1,20,9,30,370,214,"SANS, DE GAULLE (BD CHAR",,,Plein jour,En agglomération,Intersection en T,Normale,Deux véhicules - côté,,,,,,,,,,,1,2,3,1,3
200700002931,0007-01-18 07:40:00,7,1,18,7,40,370,122,VOIE COMMUNALE 300 LIEUD,,,Nuit avec éclairage allumé,En agglomération,Giratoire,Normale,Deux véhicules - côté,,,,,,,,,,,5,2,6,1,3
200700002932,0007-01-11 17:50:00,7,1,11,17,50,370,261,CHOISEUL (PLACE),,,Crépuscule ou aube,En agglomération,Hors intersection,Normale,Autre collision,,,,,,,,,,,2,2,1,1,6
200700002933,0007-01-31 13:15:00,7,1,31,13,15,370,122,VERDUN (RUE DE),,,Plein jour,Hors agglomération,Hors intersection,Normale,Deux véhicules - frontale,,,,,,,,,,,1,1,1,1,1
200700002934,0007-01-31 08:25:00,7,1,31,8,25,370,261,JUIN (BOULEVARD DU MAREC,,,Plein jour,En agglomération,Hors intersection,Pluie légère,Autre collision,,,,,,,,,,,1,2,1,2,6
200700002935,0007-01-30 07:30:00,7,1,30,7,30,370,261,RENAULT (RUE DU GAL),,,Nuit avec éclairage allumé,En agglomération,Intersection en T,Normale,Autre collision,,,,,,,,,,,5,2,3,1,6
200700002936,0007-01-02 13:10:00,7,1,2,13,10,380,185,"00, VERDUN (PLACE)",,,Plein jour,En agglomération,Place,Temps couvert,Deux véhicules - côté,,,,,,,,,,,1,2,7,8,3
200700002937,0007-01-02 13:30:00,7,1,2,13,30,380,423,A.48 (AUTOROUTE),,,Plein jour,Hors agglomération,Hors intersection,Pluie légère,Autre collision,,,,,,,,,,,1,1,1,2,6
200700002938,0007-01-02 14:00:00,7,1,2,14,0,380,151,"00, AUVERGNE (RUE D')",,,Plein jour,En agglomération,Hors intersection,Pluie forte,Autre collision,,,,,,,,,,,1,2,1,3,6
200700002939,0007-01-02 20:00:00,7,1,2,20,0,380,185,"00, MALRAUX (PLACE A.)",,,Nuit avec éclairage allumé,En agglomération,Intersection en X,Pluie légère,Autre collision,,,,,,,,,,,5,2,2,2,6
200700002940,0007-01-03 10:55:00,7,1,3,10,55,380,421,"00, MANDELA (ROND POINT",,,Plein jour,En agglomération,Giratoire,Normale,Autre collision,,,,,,,,,,,1,2,6,1,6
200700002941,0007-01-03 13:40:00,7,1,3,13,40,380,185,"00, ESMONIN (AVENUE ED.)",,,Plein jour,En agglomération,Giratoire,Pluie légère,Autre collision,,,,,,,,,,,1,2,6,2,6
200700002942,0007-01-05 08:30:00,7,1,5,8,30,380,185,"00, COCAT (AVENUE P.)",,,Plein jour,En agglomération,Hors intersection,Pluie légère,Autre collision,,,,,,,,,,,1,2,1,2,6
200700002943,0007-01-09 08:50:00,7,1,9,8,50,380,421,"00, PHYSIQUE (RUE DE LA)",,,Plein jour,En agglomération,Giratoire,Pluie légère,Deux véhicules - côté,,,,,,,,,,,1,2,6,2,3
200700002944,0007-01-09 14:20:00,7,1,9,14,20,380,185,"5, LECONTE DE L'ISLE (RU",,,Plein jour,En agglomération,Hors intersection,Normale,Autre collision,,,,,,,,,,,1,2,1,1,6
200700002945,0007-01-09 20:30:00,7,1,9,20,30,380,185,"., BRIAND (PLACE A.)",,,Nuit avec éclairage allumé,En agglomération,Hors intersection,Normale,Deux véhicules - côté,,,,,,,,,,,5,2,1,1,3
200700002946,0007-01-12 12:10:00,7,1,12,12,10,380,185,A.480 (AUTOROUTE),,,Plein jour,Hors agglomération,Hors intersection,Normale,Deux véhicules - arrière,,,,,,,,,,,1,1,1,1,2
200700002947,0007-01-13 09:45:00,7,1,13,9,45,380,185,"., BLUM (AVENUE L.)",,,Plein jour,En agglomération,Intersection en T,Normale,Deux véhicules - côté,,,,,,,,,,,1,2,3,1,3
200700002948,0007-01-03 10:55:00,7,1,3,10,55,380,185,"4, CORNIER (RUE N.)",,,Plein jour,En agglomération,Hors intersection,Normale,Deux véhicules - côté,,,,,,,,,,,1,2,1,1,3
200700002949,0007-01-14 14:20:00,7,1,14,14,20,380,317,AUTOROUTE,,,Plein jour,Hors agglomération,Hors intersection,Normale,Deux véhicules - côté,,,,,,,,,,,1,1,1,1,3
200700002950,0007-01-15 18:45:00,7,1,15,18,45,380,421,"1220, RESIDENCES(RUE DES",,,Nuit avec éclairage allumé,En agglomération,Intersection en T,Normale,Autre collision,,,,,,,,,,,5,2,3,1,6
200700002951,0007-01-16 15:55:00,7,1,16,15,55,380,421,"76, PERI (AVENUE G.)",,,Plein jour,En agglomération,Autre intersection,Normale,Deux véhicules - côté,,,,,,,,,,,1,2,9,1,3
200700002952,0007-01-16 18:30:00,7,1,16,18,30,380,151,"., MANOUCHIAN (RUE M.)",,,Nuit avec éclairage allumé,En agglomération,Intersection en X,Normale,Deux véhicules - frontale,,,,,,,,,,,5,2,2,1,1
200700002953,0007-01-17 18:00:00,7,1,17,18,0,380,185,"., LIBERATION ET DU GENE",,,Nuit avec éclairage allumé,En agglomération,Intersection en T,Normale,Deux véhicules - côté,,,,,,,,,,,5,2,3,1,3
200700002954,0007-01-18 11:55:00,7,1,18,11,55,380,185,"10, SAINTE CLAIRE (PLACE",,,Plein jour,En agglomération,Hors intersection,Pluie légère,Autre collision,,,,,,,,,,,1,2,1,2,6
200700002955,0007-01-18 12:05:00,7,1,18,12,5,380,421,"00, CROIZAT (AV. A.)(A.B",,,Plein jour,En agglomération,Intersection en T,Pluie légère,Deux véhicules - côté,,,,,,,,,,,1,2,3,2,3
200700002956,0007-01-19 19:55:00,7,1,19,19,55,380,423,A.48 (AUTOROUTE),,,Nuit sans éclairage public,Hors agglomération,Hors intersection,Pluie légère,Sans collision,,,,,,,,,,,3,1,1,2,7
200700002957,0007-01-20 23:40:00,7,1,20,23,40,380,185,"00, NICOLAS CHORIER (RUE",,,Nuit avec éclairage non allumé,En agglomération,Intersection en X,Normale,Deux véhicules - côté,,,,,,,,,,,4,2,2,1,3
200700002958,0007-01-21 21:15:00,7,1,21,21,15,380,421,"00, PERI(RUE G.)M.LEYSSI",,,Nuit avec éclairage allumé,En agglomération,Hors intersection,Normale,Deux véhicules - côté,,,,,,,,,,,5,2,1,1,3
200700002959,0007-01-22 11:00:00,7,1,22,11,0,380,185,"37, LACHMANN (RUE)",,,Plein jour,En agglomération,Hors intersection,Normale,Autre collision,,,,,,,,,,,1,2,1,1,6
200700002960,0007-01-22 21:15:00,7,1,22,21,15,380,421,"27, JAURES (AVENUE J.) S",,,Nuit avec éclairage allumé,En agglomération,Hors intersection,Normale,Autre collision,,,,,,,,,,,5,2,1,1,6
200700002961,0007-01-27 15:35:00,7,1,27,15,35,380,185,"20, JOSEPH VALLIER (BOUL",,,Plein jour,En agglomération,Hors intersection,Normale,Autre collision,,,,,,,,,,,1,2,1,1,6
200700002962,0007-01-28 00:45:00,7,1,28,0,45,380,185,"00, JOSEPH VALLIER (BOUL",,,Nuit avec éclairage allumé,En agglomération,Hors intersection,Normale,Trois véhicules et plus - collisions multiples,,,,,,,,,,,5,2,1,1,5
200700002963,0007-01-29 16:00:00,7,1,29,16,0,380,151,"00, LANGEVIN (RUE P.)",,,Plein jour,En agglomération,Intersection en T,Normale,Deux véhicules - côté,,,,,,,,,,,1,2,3,1,3
200700002964,0007-01-31 19:55:00,7,1,31,19,55,380,185,STALINGRAD (RUE DE),,,Nuit avec éclairage allumé,En agglomération,Intersection en T,Normale,Deux véhicules - frontale,,,,,,,,,,,5,2,3,1,1
200700002965,0007-01-10 14:10:00,7,1,10,14,10,380,544,"83, GENERAL LECLERC(AV)",,,Plein jour,En agglomération,Hors intersection,Normale,Deux véhicules - côté,,,,,,,,,,,1,2,1,1,3
200700002966,0007-01-11 20:25:00,7,1,11,20,25,380,544,"0, ASIATICUS(BD)",,,Nuit avec éclairage allumé,En agglomération,Hors intersection,Normale,Autre collision,,,,,,,,,,,5,2,1,1,6
200700002967,0007-01-19 16:40:00,7,1,19,16,40,380,544,"38, FRANCISQUE BONNIER(R",,,Plein jour,En agglomération,Hors intersection,Normale,Autre collision,,,,,,,,,,,1,2,1,1,6
200700002968,0007-01-21 11:30:00,7,1,21,11,30,380,544,"42, BERTHELOT(AV)",,,Plein jour,En agglomération,Hors intersection,Normale,Deux véhicules - côté,,,,,,,,,,,1,2,1,1,3
200700002969,0007-01-27 16:20:00,7,1,27,16,20,380,544,"43, FRANCISQUE BONNIER(R",,,Plein jour,En agglomération,Hors intersection,Normale,Autre collision,,,,,,,,,,,1,2,1,1,6
200700002970,0007-01-18 08:00:00,7,1,18,8,0,380,563,"21, TEZIER (AVENUE R.)",,,Plein jour,En agglomération,Intersection en X,Autre,Autre collision,,,,,,,,,,,1,2,2,9,6
200700002971,0007-01-25 20:15:00,7,1,25,20,15,380,563,"1795, CHARAVINES (BOULEV",,,Nuit avec éclairage allumé,Hors agglomération,Intersection en T,Autre,Deux véhicules - côté,,,,,,,,,,,5,1,3,9,3
200700002972,0007-01-10 16:05:00,7,1,10,16,5,390,198,"0, LAURENT THOUVEREY (AV",,,Plein jour,En agglomération,Hors intersection,Normale,Autre collision,,,,,,,,,,,1,2,1,1,6
200700002973,0007-01-05 15:45:00,7,1,5,15,45,400,88,HUGO (AVENUE VICTOR),,,Plein jour,En agglomération,Intersection en T,Normale,Deux véhicules - côté,,,,,,,,,,,1,2,3,1,3
200700002974,0007-01-16 08:50:00,7,1,16,8,50,400,88,", DOUMER (AVENUE PAUL)",,,Plein jour,En agglomération,Hors intersection,Normale,Deux véhicules - côté,,,,,,,,,,,1,2,1,1,3
200700002975,0007-01-20 19:11:00,7,1,20,19,11,400,279,PENETRANTE OUEST,,,Nuit sans éclairage public,Hors agglomération,Hors intersection,Normale,Deux véhicules - frontale,,,,,,,,,,,3,1,1,1,1
200700002976,0007-01-22 07:30:00,7,1,22,7,30,400,88,GARE (AVENUE DE LA),,,Nuit avec éclairage non allumé,En agglomération,Hors intersection,Normale,Autre collision,,,,,,,,,,,4,2,1,1,6
200700002977,0007-01-27 05:30:00,7,1,27,5,30,400,88,HUGO (AVENUE VICTOR),,,Nuit avec éclairage allumé,En agglomération,Hors intersection,Temps couvert,Autre collision,,,,,,,,,,,5,2,1,8,6
200700002978,0007-01-04 19:14:00,7,1,4,19,14,400,281,"45, BEARN (RUE DU)",,,Nuit avec éclairage allumé,En agglomération,Hors intersection,Pluie légère,Deux véhicules - frontale,,,,,,,,,,,5,2,1,2,1
200700002979,0007-01-11 18:25:00,7,1,11,18,25,400,192,ROCADE EST (RD 932 E),,,Nuit sans éclairage public,Hors agglomération,Hors intersection,Normale,Autre collision,,,,,,,,,,,3,1,1,1,6
200700002980,0007-01-25 15:40:00,7,1,25,15,40,400,281,ROCADE SUD (RN 124 E),,,Plein jour,En agglomération,Hors intersection,Normale,Deux véhicules - côté,,,,,,,,,,,1,2,1,1,3
200700002981,0007-01-01 23:55:00,7,1,1,23,55,410,47,"63, N152",,,Nuit avec éclairage allumé,En agglomération,Hors intersection,Normale,Deux véhicules - côté,,,,,,,,,,,5,2,1,1,3
200700002982,0007-01-03 16:50:00,7,1,3,16,50,410,18,CHANZY  (BOULEVARD),,,Crépuscule ou aube,En agglomération,Intersection en T,Normale,Autre collision,,,,,,,,,,,2,2,3,1,6
200700002983,0007-01-06 17:52:00,7,1,6,17,52,410,18,"0, MONSABRE (RUE DU PERE",,,Nuit avec éclairage allumé,En agglomération,Hors intersection,Pluie légère,Autre collision,,,,,,,,,,,5,2,1,2,6
200700002984,0007-01-06 15:15:00,7,1,6,15,15,410,18,CURIE (RUE PIERRE ET MAR,,,Plein jour,En agglomération,Hors intersection,Pluie légère,Autre collision,,,,,,,,,,,1,2,1,2,6
200700002985,0007-01-05 18:40:00,7,1,5,18,40,410,212,SULLY (RUE),,,Nuit avec éclairage allumé,En agglomération,Intersection en T,Pluie légère,Deux véhicules - côté,,,,,,,,,,,5,2,3,2,3
200700002986,0007-01-13 12:00:00,7,1,13,12,0,410,18,DUPUIS (BOULEVARD DANIEL,,,Plein jour,En agglomération,Hors intersection,Normale,Trois véhicules et plus - collisions multiples,,,,,,,,,,,1,2,1,1,5
200700002987,0007-01-14 19:50:00,7,1,14,19,50,410,18,"161, CHATEAUDUN (AVENUE",,,Nuit avec éclairage allumé,En agglomération,Hors intersection,Normale,Sans collision,,,,,,,,,,,5,2,1,1,7
200700002988,0007-01-14 11:35:00,7,1,14,11,35,410,18,PIGELEE (RUE) N° PAIRS,,,Plein jour,En agglomération,Hors intersection,Normale,Deux véhicules - côté,,,,,,,,,,,1,2,1,1,3
200700002989,0007-01-24 12:10:00,7,1,24,12,10,410,18,SCHUMAN (ALLEE ROBERT),,,Plein jour,En agglomération,Hors intersection,Normale,Sans collision,,,,,,,,,,,1,2,1,1,7
200700002990,0007-01-25 07:55:00,7,1,25,7,55,410,18,ALBERT 1ER (RUE),,,Plein jour,En agglomération,Hors intersection,Normale,Autre collision,,,,,,,,,,,1,2,1,1,6
200700002991,0007-01-25 08:40:00,7,1,25,8,40,410,18,"64, ALBERT 1ER (RUE)",,,Plein jour,En agglomération,Hors intersection,Normale,Deux véhicules - côté,,,,,,,,,,,1,2,1,1,3
200700002992,0007-01-27 22:20:00,7,1,27,22,20,410,18,"80, WILSON (AVENUE DU PR",,,Nuit avec éclairage allumé,En agglomération,Hors intersection,Brouillard / fumée,Autre collision,,,,,,,,,,,5,2,1,5,6
200700002993,0007-01-29 17:55:00,7,1,29,17,55,410,18,CABOCHON (RUE DE),,,Crépuscule ou aube,En agglomération,Intersection en T,Normale,Deux véhicules - côté,,,,,,,,,,,2,2,3,1,3
200700002994,0007-01-25 09:40:00,7,1,25,9,40,410,194,VERNOU (ROUTE DE),,,Plein jour,En agglomération,Hors intersection,Normale,Deux véhicules - côté,,,,,,,,,,,1,2,1,1,3
200700002995,0007-01-07 05:00:00,7,1,7,5,0,410,269,RN 10,,,Nuit sans éclairage public,Hors agglomération,Hors intersection,Pluie légère,Sans collision,,,,,,,,,,,3,1,1,2,7
200700002996,0007-01-16 08:30:00,7,1,16,8,30,410,269,"., TUILERIE (RUE DE LA)",,,Plein jour,En agglomération,Giratoire,Normale,Deux véhicules - côté,,,,,,,,,,,1,2,6,1,3
200700002997,0007-01-08 23:02:00,7,1,8,23,2,420,316,CD 25,,,Nuit sans éclairage public,Hors agglomération,Hors intersection,Pluie légère,Sans collision,,,,,,,,,,,3,1,1,2,7
200700002998,0007-01-15 07:05:00,7,1,15,7,5,420,95,"2, SAINT-CHARLES (BOULEV",,,Plein jour,En agglomération,Hors intersection,Normale,Autre collision,,,,,,,,,,,1,2,1,1,6
200700002999,0007-01-15 09:35:00,7,1,15,9,35,420,95,CD 500,,,Plein jour,En agglomération,Hors intersection,Normale,Sans collision,,,,,,,,,,,1,2,1,1,7
200700003000,0007-01-17 16:20:00,7,1,17,16,20,420,99,CD 25,,,Plein jour,En agglomération,Hors intersection,Normale,Deux véhicules - côté,,,,,,,,,,,1,2,1,1,3
200700003001,0007-01-22 10:00:00,7,1,22,10,0,420,95,CD 3,,,Plein jour,En agglomération,Hors intersection,Normale,Deux véhicules - côté,,,,,,,,,,,1,2,1,1,3
200700003002,0007-01-23 16:20:00,7,1,23,16,20,420,95,"1, RD 88",,,Plein jour,En agglomération,Hors intersection,Neige / grêle,Deux véhicules - côté,,,,,,,,,,,1,2,1,4,3
200700003003,0007-01-27 02:40:00,7,1,27,2,40,420,95,CD 3,,,Nuit avec éclairage allumé,En agglomération,Hors intersection,Normale,Autre collision,,,,,,,,,,,5,2,1,1,6
200700003004,0007-01-27 04:40:00,7,1,27,4,40,420,316,CD 3,,,Nuit avec éclairage allumé,En agglomération,Hors intersection,Neige / grêle,Autre collision,,,,,,,,,,,5,2,1,4,6
200700003005,0007-01-27 10:55:00,7,1,27,10,55,420,95,CD 500,,,Plein jour,Hors agglomération,Hors intersection,Pluie légère,Autre collision,,,,,,,,,,,1,1,1,2,6
200700003006,0007-01-18 09:15:00,7,1,18,9,15,420,147,"2, DUGUET (BOULEVARD)",,,Plein jour,En agglomération,Hors intersection,Normale,Deux véhicules - arrière,,,,,,,,,,,1,2,1,1,2
200700003007,0007-01-28 19:41:00,7,1,28,19,41,420,147,"01, PANORAMA (RUE DU)",,,Nuit avec éclairage allumé,En agglomération,Intersection en Y,Normale,Sans collision,,,,,,,,,,,5,2,4,1,7
200700003008,0007-01-05 22:20:00,7,1,5,22,20,420,71,"132, LIBERATION (AVENUE",,,Nuit avec éclairage allumé,En agglomération,Hors intersection,Normale,Deux véhicules - arrière,,,,,,,,,,,5,2,1,1,2
200700003009,0007-01-09 08:00:00,7,1,9,8,0,420,187,"10, THOMAS (RUE ALBERT)",,,Plein jour,En agglomération,Hors intersection,Normale,Autre collision,,,,,,,,,,,1,2,1,1,6
200700003010,0007-01-10 14:15:00,7,1,10,14,15,420,187,"20, MURE (RUE DE LA )",,,Plein jour,En agglomération,Intersection en X,Normale,Trois véhicules et plus - collisions multiples,,,,,,,,,,,1,2,2,1,5
200700003011,0007-01-11 10:50:00,7,1,11,10,50,420,187,"20, RECLUS (RUE ELISEE)",,,Plein jour,En agglomération,Hors intersection,Normale,Deux véhicules - côté,,,,,,,,,,,1,2,1,1,3
200700003012,0007-01-17 15:25:00,7,1,17,15,25,420,187,"26, ROCHE (RUE ALEXANDRE",,,Plein jour,En agglomération,Hors intersection,Normale,Autre collision,,,,,,,,,,,1,2,1,1,6
200700003013,0007-01-19 15:20:00,7,1,19,15,20,420,187,"20, CADORE (RUE DE )",,,Plein jour,En agglomération,Hors intersection,Normale,Deux véhicules - arrière,,,,,,,,,,,1,2,1,1,2
200700003014,0007-01-20 18:35:00,7,1,20,18,35,420,187,CLEMENT (BOULEVARD JEAN-,,,Nuit avec éclairage allumé,En agglomération,Intersection en X,Normale,Deux véhicules - côté,,,,,,,,,,,5,2,2,1,3
200700003015,0007-01-22 18:30:00,7,1,22,18,30,420,187,"1, MURE (RUE DE LA )",,,Nuit avec éclairage allumé,En agglomération,Intersection en T,Pluie légère,Deux véhicules - côté,,,,,,,,,,,5,2,3,2,3
200700003016,0007-01-24 09:45:00,7,1,24,9,45,420,187,"1, ROUGET ET LISLE  (RUE",,,Plein jour,En agglomération,Intersection en T,Normale,Autre collision,,,,,,,,,,,1,2,3,1,6
200700003017,0007-01-24 14:50:00,7,1,24,14,50,420,187,CHARLIEU (RUE DE ),,,Plein jour,En agglomération,Intersection en T,Neige / grêle,Deux véhicules - côté,,,,,,,,,,,1,2,3,4,3
200700003018,0007-01-26 06:50:00,7,1,26,6,50,420,187,"45, CANAL (QUAI DU )",,,Nuit sans éclairage public,En agglomération,Hors intersection,Normale,Deux véhicules - arrière,,,,,,,,,,,3,2,1,1,2
200700003019,0007-01-25 17:20:00,7,1,25,17,20,420,187,"20, SALENGRO (RUE ROGER)",,,Nuit avec éclairage allumé,En agglomération,Hors intersection,Normale,Autre collision,,,,,,,,,,,5,2,1,1,6
200700003020,0007-01-28 17:30:00,7,1,28,17,30,420,187,"20, FONTQUENTIN (RUE)",,,Crépuscule ou aube,En agglomération,Hors intersection,Temps couvert,Deux véhicules - côté,,,,,,,,,,,2,2,1,8,3
200700003021,0007-01-29 14:25:00,7,1,29,14,25,420,187,"1, WILSON (RUE DU PRESID",,,Plein jour,En agglomération,Intersection en T,Normale,Deux véhicules - côté,,,,,,,,,,,1,2,3,1,3
200700003022,0007-01-30 18:05:00,7,1,30,18,5,420,187,"1, STEPHENSON (RUE)",,,Nuit avec éclairage allumé,En agglomération,Intersection en T,Normale,Deux véhicules - côté,,,,,,,,,,,5,2,3,1,3
200700003023,0007-01-31 07:50:00,7,1,31,7,50,420,187,CHARLIEU (RUE DE ),,,Crépuscule ou aube,En agglomération,Intersection en T,Brouillard / fumée,Deux véhicules - côté,,,,,,,,,,,2,2,3,5,3
200700003024,0007-01-02 19:35:00,7,1,2,19,35,420,218,"000000002, JANIN JULES (",,,Nuit avec éclairage allumé,En agglomération,Hors intersection,Pluie légère,Autre collision,,,,,,,,,,,5,2,1,2,6
200700003025,0007-01-03 10:13:00,7,1,3,10,13,420,218,GUICHARD PAUL ET PIERRE,,,Plein jour,En agglomération,Hors intersection,Normale,Deux véhicules - arrière,,,,,,,,,,,1,2,1,1,2
200700003026,0007-01-03 16:40:00,7,1,3,16,40,420,218,"37, ONZE NOVEMBRE A PART",,,Plein jour,En agglomération,Hors intersection,Normale,Sans collision,,,,,,,,,,,1,2,1,1,7
200700003027,0007-01-05 12:35:00,7,1,5,12,35,420,218,"12, VILLEBOEUF (PLACE)",,,Plein jour,En agglomération,Hors intersection,Normale,Deux véhicules - frontale,,,,,,,,,,,1,2,1,1,1
200700003028,0007-01-12 07:50:00,7,1,12,7,50,420,189,Départementale 3,,,Plein jour,En agglomération,Hors intersection,Temps couvert,Deux véhicules - côté,,,,,,,,,,,1,2,1,8,3
200700003029,0007-01-06 11:15:00,7,1,6,11,15,420,218,"000000001, FRAISSINETTE",,,Plein jour,En agglomération,Hors intersection,Normale,Autre collision,,,,,,,,,,,1,2,1,1,6
200700003030,0007-01-07 17:16:00,7,1,7,17,16,420,218,"000000025, ROCHETAILLEE",,,Crépuscule ou aube,En agglomération,Hors intersection,Pluie légère,Deux véhicules - côté,,,,,,,,,,,2,2,1,2,3
200700003031,0007-01-08 18:30:00,7,1,8,18,30,420,218,"0000000001, FRAISSINETTE",,,Nuit avec éclairage allumé,En agglomération,Intersection en X,Pluie légère,Deux véhicules - côté,,,,,,,,,,,5,2,2,2,3
200700003032,0007-01-06 13:30:00,7,1,6,13,30,420,218,"18, NORMANDIE NIEMEN A P",,,Plein jour,En agglomération,Hors intersection,Normale,Autre collision,,,,,,,,,,,1,2,1,1,6
200700003033,0007-01-11 15:50:00,7,1,11,15,50,420,218,WILSON PRESIDENT (DU),,,Plein jour,En agglomération,Hors intersection,Normale,Autre collision,,,,,,,,,,,1,2,1,1,6
200700003034,0007-01-11 18:45:00,7,1,11,18,45,420,218,"58, MARENGO A PARTIR N°",,,Nuit avec éclairage allumé,En agglomération,Hors intersection,Normale,Autre collision,,,,,,,,,,,5,2,1,1,6
200700003035,0007-01-11 20:20:00,7,1,11,20,20,420,218,"1, PALLE (DE LA) A PARTI",,,Nuit avec éclairage allumé,En agglomération,Hors intersection,Normale,Deux véhicules - arrière,,,,,,,,,,,5,2,1,1,2
200700003036,0007-01-12 17:10:00,7,1,12,17,10,420,218,BALZAC HONORE DE,,,Plein jour,En agglomération,Hors intersection,Normale,Autre collision,,,,,,,,,,,1,2,1,1,6
200700003037,0007-01-12 17:52:00,7,1,12,17,52,420,189,C.D.10,,,Nuit avec éclairage allumé,En agglomération,Hors intersection,Normale,Autre collision,,,,,,,,,,,5,2,1,1,6