accident_id,datetime,annee,mois,jour,heure,minute,departement,commune_insee,adresse,latitude,longitude,luminosite,agglomeration,intersection,meteo,collision,nb_vehicules,nb_usagers,nb_indemnes,nb_tues,nb_blesses_hosp,nb_blesses_legers,age_cond_1,age_cond_2,veh_type_cond_1,veh_type_cond_2,lum_code,agg_code,int_code,atm_code,col_code
200700003167,0007-01-11 15:32:00,7,1,11,15,32,470,1,"2, DUNKERQUE (QUAI DE)",,,Plein jour,En agglomération,Hors intersection,Normale,Sans collision,,,,,,,,,,,1,2,1,1,7
200700003168,0007-01-16 14:44:00,7,1,16,14,44,470,1,"1, LIBERTE (BOULEVARD DE",,,Plein jour,En agglomération,Hors intersection,Normale,Deux véhicules - côté,,,,,,,,,,,1,2,1,1,3
200700003169,0007-01-17 18:13:00,7,1,17,18,13,470,1,"228, ESTRADES (AV. DU MA",,,Nuit avec éclairage allumé,En agglomération,Hors intersection,Normale,Autre collision,,,,,,,,,,,5,2,1,1,6
200700003170,0007-01-18 12:34:00,7,1,18,12,34,470,201,MARNE (AV. DE LA),,,Plein jour,En agglomération,Hors intersection,Normale,Autre collision,,,,,,,,,,,1,2,1,1,6
200700003171,0007-01-20 10:30:00,7,1,20,10,30,470,1,"2, VINCENS (RUE JEAN-LOU",,,Plein jour,En agglomération,Hors intersection,Normale,Deux véhicules - côté,,,,,,,,,,,1,2,1,1,3
200700003172,0007-01-24 12:17:00,7,1,24,12,17,470,1,JAURES (AV. JEAN),,,Plein jour,En agglomération,Intersection en T,Normale,Deux véhicules - côté,,,,,,,,,,,1,2,3,1,3
200700003173,0007-01-24 12:30:00,7,1,24,12,30,470,1,LIBERTE (BOULEVARD DE LA,,,Plein jour,En agglomération,Hors intersection,Normale,Deux véhicules - côté,,,,,,,,,,,1,2,1,1,3
200700003174,0007-01-27 17:09:00,7,1,27,17,9,470,1,"14, DURRENS (RUE DE)",,,Plein jour,En agglomération,Hors intersection,Normale,Deux véhicules - frontale,,,,,,,,,,,1,2,1,1,1
200700003175,0007-01-27 18:45:00,7,1,27,18,45,470,201,PYRENEES (AVENUE DES),,,Nuit avec éclairage allumé,En agglomération,Intersection en T,Normale,Deux véhicules - côté,,,,,,,,,,,5,2,3,1,3
200700003176,0007-01-28 00:30:00,7,1,28,0,30,470,1,"2, BARBUSSE (AV. HENRI)",,,Nuit avec éclairage allumé,En agglomération,Intersection en X,Normale,Deux véhicules - côté,,,,,,,,,,,5,2,2,1,3
200700003177,0007-01-19 17:10:00,7,1,19,17,10,470,323,"35, VIGNES (RUE DES)",,,Plein jour,En agglomération,Autre intersection,Normale,Deux véhicules - côté,,,,,,,,,,,1,2,9,1,3
200700003178,0007-01-20 14:20:00,7,1,20,14,20,470,215,RN 21,44.35423,3.45699,Plein jour,Hors agglomération,Hors intersection,Normale,Autre collision,,,,,,,,,,,1,1,1,1,6
200700003179,0007-01-23 10:15:00,7,1,23,10,15,470,323,RD676,,,Plein jour,Hors agglomération,Hors intersection,Pluie légère,Deux véhicules - côté,,,,,,,,,,,1,1,1,2,3
200700003180,0007-01-02 11:26:00,7,1,2,11,26,490,7,"51, PARMENTIER",,,Plein jour,En agglomération,Hors intersection,Pluie légère,Autre collision,,,,,,,,,,,1,2,1,2,6
200700003181,0007-01-04 12:06:00,7,1,4,12,6,490,15,"80, MENDES FRANCE AVENUE",,,Plein jour,En agglomération,Hors intersection,Normale,Autre collision,,,,,,,,,,,1,2,1,1,6
200700003182,0007-01-04 23:39:00,7,1,4,23,39,490,7,"0, DEUX CROIX BOULEVARD",,,Plein jour,En agglomération,Intersection en X,Normale,Deux véhicules - côté,,,,,,,,,,,1,2,2,1,3
200700003183,0007-01-05 14:40:00,7,1,5,14,40,490,7,"0, HANNELOUP",,,Plein jour,En agglomération,Intersection en X,Normale,Deux véhicules - côté,,,,,,,,,,,1,2,2,1,3
200700003184,0007-01-06 17:10:00,7,1,6,17,10,490,7,GANDHI,,,Plein jour,En agglomération,Intersection en X,Normale,Deux véhicules - côté,,,,,,,,,,,1,2,2,1,3
200700003185,0007-01-06 01:37:00,7,1,6,1,37,490,7,"0, FARCY PLACE",,,Nuit avec éclairage allumé,En agglomération,Hors intersection,Normale,Deux véhicules - côté,,,,,,,,,,,5,2,1,1,3
200700003186,0007-01-06 18:32:00,7,1,6,18,32,490,7,"0, LARREY",,,Nuit avec éclairage allumé,En agglomération,Hors intersection,Normale,Deux véhicules - frontale,,,,,,,,,,,5,2,1,1,1
200700003187,0007-01-07 19:22:00,7,1,7,19,22,490,267,"0, RN 260",,,Nuit sans éclairage public,En agglomération,Hors intersection,Normale,Sans collision,,,,,,,,,,,3,2,1,1,7
200700003188,0007-01-08 10:54:00,7,1,8,10,54,490,7,"0, BRESSIGNY",,,Plein jour,En agglomération,Hors intersection,Normale,Autre collision,,,,,,,,,,,1,2,1,1,6
200700003189,0007-01-08 18:39:00,7,1,8,18,39,490,7,"00, ALLONNEAU(AUGUSTE) B",,,Nuit avec éclairage allumé,En agglomération,Hors intersection,Normale,Deux véhicules - arrière,,,,,,,,,,,5,2,1,1,2
200700003190,0007-01-10 09:07:00,7,1,10,9,7,490,7,"9, TURPIN DE CRISSE AVEN",,,Plein jour,En agglomération,Intersection en T,Normale,Autre collision,,,,,,,,,,,1,2,3,1,6
200700003191,0007-01-10 11:54:00,7,1,10,11,54,490,7,"0, MAINE",,,Plein jour,En agglomération,Intersection en X,Normale,Deux véhicules - côté,,,,,,,,,,,1,2,2,1,3
200700003192,0007-01-10 17:02:00,7,1,10,17,2,490,7,"0, BEDIER BOULEVARD",,,Plein jour,En agglomération,Hors intersection,Normale,Deux véhicules - arrière,,,,,,,,,,,1,2,1,1,2
200700003193,0007-01-08 21:36:00,7,1,8,21,36,490,7,"0, VISITATION PLACE",,,Nuit avec éclairage allumé,En agglomération,Giratoire,Normale,Deux véhicules - côté,,,,,,,,,,,5,2,6,1,3
200700003194,0007-01-08 13:23:00,7,1,8,13,23,490,7,"34, NID DE  PIE",,,Plein jour,En agglomération,Hors intersection,Normale,Deux véhicules - côté,,,,,,,,,,,1,2,1,1,3
200700003195,0007-01-11 18:11:00,7,1,11,18,11,490,7,"0, DAGUENET",,,Nuit avec éclairage allumé,En agglomération,Intersection en T,Normale,Deux véhicules - côté,,,,,,,,,,,5,2,3,1,3
200700003196,0007-01-14 12:10:00,7,1,14,12,10,490,7,"0, BIRGE BOULEVARD",,,Plein jour,En agglomération,Hors intersection,Normale,Sans collision,,,,,,,,,,,1,2,1,1,7
200700003197,0007-01-14 18:50:00,7,1,14,18,50,490,267,"0, RN 147",,,Nuit avec éclairage allumé,En agglomération,Hors intersection,Normale,Trois véhicules et plus - collisions multiples,,,,,,,,,,,5,2,1,1,5
200700003198,0007-01-13 02:08:00,7,1,13,2,8,490,7,"0, RENNES",,,Nuit avec éclairage allumé,En agglomération,Hors intersection,Normale,Autre collision,,,,,,,,,,,5,2,1,1,6
200700003199,0007-01-16 07:49:00,7,1,16,7,49,490,15,"0, TERNIERE RUE DE LA",,,Nuit avec éclairage allumé,En agglomération,Intersection en X,Normale,Deux véhicules - côté,,,,,,,,,,,5,2,2,1,3
200700003200,0007-01-16 19:12:00,7,1,16,19,12,490,7,"84, CHEF DE VILLE",,,Nuit avec éclairage allumé,En agglomération,Hors intersection,Normale,Sans collision,,,,,,,,,,,5,2,1,1,7
200700003201,0007-01-17 14:10:00,7,1,17,14,10,490,7,"74, BEDIER BOULEVARD",,,Plein jour,En agglomération,Hors intersection,Pluie légère,Sans collision,,,,,,,,,,,1,2,1,2,7
200700003202,0007-01-17 18:51:00,7,1,17,18,51,490,7,"0, CHAUSSEE SAINT PIERRE",,,Nuit avec éclairage allumé,En agglomération,Intersection en T,Pluie légère,Autre collision,,,,,,,,,,,5,2,3,2,6
200700003203,0007-01-18 14:28:00,7,1,18,14,28,490,7,VOIE DES BERGES,,,Plein jour,En agglomération,Hors intersection,Vent fort / tempête,Trois véhicules et plus - collisions multiples,,,,,,,,,,,1,2,1,6,5
200700003204,0007-01-18 19:15:00,7,1,18,19,15,490,7,"0, MOULIN PONT ET PLACE",,,Nuit avec éclairage allumé,En agglomération,Hors intersection,Vent fort / tempête,Deux véhicules - arrière,,,,,,,,,,,5,2,1,6,2
200700003205,0007-01-19 12:03:00,7,1,19,12,3,490,7,"0, LA BRUYERE",,,Plein jour,En agglomération,Intersection en T,Normale,Deux véhicules - côté,,,,,,,,,,,1,2,3,1,3
200700003206,0007-01-19 16:49:00,7,1,19,16,49,490,7,"38, FOCH BOULEVARD",,,Plein jour,En agglomération,Hors intersection,Pluie légère,Autre collision,,,,,,,,,,,1,2,1,2,6
200700003207,0007-01-20 15:33:00,7,1,20,15,33,490,7,"0, HAUTE CHAINE PORTE",,,Plein jour,En agglomération,Hors intersection,Pluie légère,Deux véhicules - arrière,,,,,,,,,,,1,2,1,2,2
200700003208,0007-01-22 07:51:00,7,1,22,7,51,490,7,"0, MEIGNANNE",,,Crépuscule ou aube,En agglomération,Intersection en T,Normale,Deux véhicules - côté,,,,,,,,,,,2,2,3,1,3
200700003209,0007-01-23 12:03:00,7,1,23,12,3,490,7,"0, ROI RENE BOULEVARD",,,Plein jour,En agglomération,Hors intersection,Normale,Autre collision,,,,,,,,,,,1,2,1,1,6
200700003210,0007-01-23 14:25:00,7,1,23,14,25,490,7,"0, RAMON BOULEVARD",,,Plein jour,En agglomération,Giratoire,Normale,Deux véhicules - côté,,,,,,,,,,,1,2,6,1,3
200700003211,0007-01-24 14:03:00,7,1,24,14,3,490,7,"0, DAVIERS BOULEVARD",,,Plein jour,En agglomération,Intersection en X,Neige / grêle,Deux véhicules - côté,,,,,,,,,,,1,2,2,4,3
200700003212,0007-01-24 14:55:00,7,1,24,14,55,490,7,"0, ALLONNEAU(AUGUSTE) BO",,,Plein jour,En agglomération,Intersection en X,Neige / grêle,Deux véhicules - côté,,,,,,,,,,,1,2,2,4,3
200700003213,0007-01-25 06:52:00,7,1,25,6,52,490,7,"0, HUIT MAI 1945 AVENUE",,,Plein jour,En agglomération,Intersection en T,Neige / grêle,Sans collision,,,,,,,,,,,1,2,3,4,7
200700003214,0007-01-25 08:01:00,7,1,25,8,1,490,7,"0, BARANGE BOULEVARD",,,Crépuscule ou aube,En agglomération,Hors intersection,Neige / grêle,Autre collision,,,,,,,,,,,2,2,1,4,6
200700003215,0007-01-25 08:46:00,7,1,25,8,46,490,7,"252, PASTEUR AVENUE",,,Plein jour,En agglomération,Hors intersection,Neige / grêle,Sans collision,,,,,,,,,,,1,2,1,4,7
200700003216,0007-01-25 09:58:00,7,1,25,9,58,490,7,"0, HAUTE DES BANCHAIS",,,Plein jour,En agglomération,Intersection en T,Neige / grêle,Sans collision,,,,,,,,,,,1,2,3,4,7
200700003217,0007-01-25 18:21:00,7,1,25,18,21,490,7,"129, MICHEL",,,Crépuscule ou aube,En agglomération,Hors intersection,Neige / grêle,Sans collision,,,,,,,,,,,2,2,1,4,7
200700003218,0007-01-25 19:20:00,7,1,25,19,20,490,7,"0, SAINT JACQUES",,,Nuit avec éclairage allumé,En agglomération,Intersection en X,Neige / grêle,Deux véhicules - côté,,,,,,,,,,,5,2,2,4,3
200700003219,0007-01-26 15:17:00,7,1,26,15,17,490,7,"0, SAINT MICHEL BOULEVAR",,,Plein jour,En agglomération,Intersection en Y,Normale,Autre collision,,,,,,,,,,,1,2,4,1,6
200700003220,0007-01-26 15:33:00,7,1,26,15,33,490,7,"0, VOIE DES BERGES",,,Plein jour,En agglomération,Hors intersection,Normale,Deux véhicules - arrière,,,,,,,,,,,1,2,1,1,2
200700003221,0007-01-27 14:34:00,7,1,27,14,34,490,7,"0, LAC DE MAINE AVENUE",,,Plein jour,En agglomération,Hors intersection,Normale,Trois véhicules et plus - en chaîne,,,,,,,,,,,1,2,1,1,4
200700003222,0007-01-28 09:58:00,7,1,28,9,58,490,7,"0, MENDES FRANCE PLACE",,,Plein jour,En agglomération,Giratoire,Normale,Autre collision,,,,,,,,,,,1,2,6,1,6
200700003223,0007-01-28 19:48:00,7,1,28,19,48,490,7,"0, FOCH BOULEVARD",,,Nuit avec éclairage allumé,En agglomération,Intersection en X,Normale,Deux véhicules - côté,,,,,,,,,,,5,2,2,1,3
200700003224,0007-01-29 08:32:00,7,1,29,8,32,490,246,"0, GALLIENI AVENUE",,,Crépuscule ou aube,En agglomération,Giratoire,Temps couvert,Sans collision,,,,,,,,,,,2,2,6,8,7
200700003225,0007-01-29 19:10:00,7,1,29,19,10,490,7,"0, BEAUSSIER BOULEVARD",,,Nuit avec éclairage allumé,En agglomération,Intersection en T,Normale,Deux véhicules - côté,,,,,,,,,,,5,2,3,1,3
200700003226,0007-01-29 19:59:00,7,1,29,19,59,490,7,"0, GAULLE BOULEVARD CHAR",,,Nuit avec éclairage allumé,En agglomération,Hors intersection,Normale,Sans collision,,,,,,,,,,,5,2,1,1,7
200700003227,0007-01-30 17:10:00,7,1,30,17,10,490,7,"0, FREMOND",,,Plein jour,En agglomération,Intersection en X,Normale,Deux véhicules - côté,,,,,,,,,,,1,2,2,1,3
200700003228,0007-01-31 05:00:00,7,1,31,5,0,490,15,"0, CANTENAY EPINARD ROUT",,,Nuit sans éclairage public,En agglomération,Hors intersection,Normale,Autre collision,,,,,,,,,,,3,2,1,1,6
200700003229,0007-01-31 07:24:00,7,1,31,7,24,490,7,"72, STRASBOURG BOULEVARD",,,Nuit avec éclairage allumé,En agglomération,Hors intersection,Normale,Deux véhicules - arrière,,,,,,,,,,,5,2,1,1,2
200700003230,0007-01-06 19:15:00,7,1,6,19,15,490,99,"74, MAINDRON (RUE)",,,Nuit avec éclairage allumé,En agglomération,Hors intersection,Normale,Deux véhicules - arrière,,,,,,,,,,,5,2,1,1,2
200700003231,0007-01-09 20:10:00,7,1,9,20,10,490,99,"44, CHOUTEAU (BOULEVARD",,,Nuit avec éclairage allumé,En agglomération,Hors intersection,Normale,Autre collision,,,,,,,,,,,5,2,1,1,6
200700003232,0007-01-10 12:20:00,7,1,10,12,20,490,99,"15, LECLERC (AVENUE DU M",,,Plein jour,En agglomération,Hors intersection,Normale,Deux véhicules - côté,,,,,,,,,,,1,2,1,1,3
200700003233,0007-01-16 15:30:00,7,1,16,15,30,490,99,"74, OISILLONNETTE (RUE D",,,Plein jour,En agglomération,Hors intersection,Temps couvert,Autre collision,,,,,,,,,,,1,2,1,8,6
200700003234,0007-01-21 00:55:00,7,1,21,0,55,490,99,GODINIERE (BOULEVARD DE,,,Nuit avec éclairage non allumé,Hors agglomération,Hors intersection,Normale,Autre collision,,,,,,,,,,,4,1,1,1,6
200700003235,0007-01-21 08:40:00,7,1,21,8,40,490,99,"63, FAIDHERBE (BOULEVARD",,,Plein jour,En agglomération,Hors intersection,Temps couvert,Autre collision,,,,,,,,,,,1,2,1,8,6
200700003236,0007-01-02 18:30:00,7,1,2,18,30,490,328,"33, CARNOT (QUAI)",,,Nuit avec éclairage allumé,En agglomération,Intersection en T,Normale,Deux véhicules - arrière,,,,,,,,,,,5,2,3,1,2
200700003237,0007-01-20 12:50:00,7,1,20,12,50,490,328,FIDELITE (RUE DE LA),,,Plein jour,En agglomération,Intersection en X,Normale,Autre collision,,,,,,,,,,,1,2,2,1,6
200700003238,0007-01-22 07:00:00,7,1,22,7,0,490,328,ANGERS (ROUTE D') D 952,,,Nuit sans éclairage public,Hors agglomération,Hors intersection,Normale,Deux véhicules - frontale,,,,,,,,,,,3,1,1,1,1
200700003239,0007-01-01 17:17:00,7,1,1,17,17,500,129,"00, VAL DE SAIRE (RUE DU",,,Plein jour,En agglomération,Hors intersection,Pluie forte,Sans collision,,,,,,,,,,,1,2,1,3,7
200700003240,0007-01-02 10:10:00,7,1,2,10,10,500,203,"00, LUCET (RUE)",,,Plein jour,En agglomération,Hors intersection,Normale,Sans collision,,,,,,,,,,,1,2,1,1,7
200700003241,0007-01-05 08:20:00,7,1,5,8,20,500,129,"00, SCHMITT (AVENUE RENE",,,Crépuscule ou aube,En agglomération,Intersection en X,Temps couvert,Deux véhicules - côté,,,,,,,,,,,2,2,2,8,3
200700003242,0007-01-05 18:10:00,7,1,5,18,10,500,129,"0, SALINE (RUE DE LA)",,,Nuit avec éclairage allumé,En agglomération,Hors intersection,Normale,Autre collision,,,,,,,,,,,5,2,1,1,6
200700003243,0007-01-08 13:40:00,7,1,8,13,40,500,129,"74, MENDES FRANCE (BOULE",,,Plein jour,En agglomération,Hors intersection,Pluie légère,Deux véhicules - arrière,,,,,,,,,,,1,2,1,2,2
200700003244,0007-01-08 19:40:00,7,1,8,19,40,500,129,"4, CHENES (CHEMIN DES)",,,Nuit avec éclairage allumé,En agglomération,Hors intersection,Pluie légère,Autre collision,,,,,,,,,,,5,2,1,2,6
200700003245,0007-01-12 02:50:00,7,1,12,2,50,500,602,N132,,,Nuit sans éclairage public,Hors agglomération,Hors intersection,Normale,Sans collision,,,,,,,,,,,3,1,1,1,7
200700003246,0007-01-12 08:45:00,7,1,12,8,45,500,602,"160, SAUXMARAIS (RUE DE)",,,Crépuscule ou aube,En agglomération,Hors intersection,Normale,Autre collision,,,,,,,,,,,2,2,1,1,6
200700003247,0007-01-12 12:10:00,7,1,12,12,10,500,129,"00, BERTIN (RUE EMILE)",,,Plein jour,En agglomération,Intersection en T,Pluie légère,Deux véhicules - frontale,,,,,,,,,,,1,2,3,2,1
200700003248,0007-01-13 00:15:00,7,1,13,0,15,500,129,"0, MILLET (AVENUE JEAN-F",,,Nuit avec éclairage allumé,En agglomération,Hors intersection,Pluie légère,Sans collision,,,,,,,,,,,5,2,1,2,7
200700003249,0007-01-15 13:25:00,7,1,15,13,25,500,416,"1977, BRETON (RUE DU)",,,Plein jour,Hors agglomération,Hors intersection,Normale,Deux véhicules - arrière,,,,,,,,,,,1,1,1,1,2
200700003250,0007-01-18 08:25:00,7,1,18,8,25,500,129,"0, THIVET (AVENUE)",,,Crépuscule ou aube,En agglomération,Hors intersection,Pluie légère,Deux véhicules - arrière,,,,,,,,,,,2,2,1,2,2
200700003251,0007-01-19 08:00:00,7,1,19,8,0,500,129,"00, CRESPINIERE (CHEMIN",,,Crépuscule ou aube,Hors agglomération,Hors intersection,Normale,Deux véhicules - frontale,,,,,,,,,,,2,1,1,1,1
200700003252,0007-01-19 08:35:00,7,1,19,8,35,500,203,"0, AXE NORD SUD",,,Crépuscule ou aube,Hors agglomération,Hors intersection,Pluie légère,Sans collision,,,,,,,,,,,2,1,1,2,7
200700003253,0007-01-20 21:15:00,7,1,20,21,15,500,129,"00, MENDES FRANCE (BOULE",,,Nuit avec éclairage allumé,En agglomération,Hors intersection,Normale,Deux véhicules - arrière,,,,,,,,,,,5,2,1,1,2
200700003254,0007-01-24 18:15:00,7,1,24,18,15,500,129,"0, TANNERIES (RUE DES)",,,Nuit avec éclairage allumé,En agglomération,Hors intersection,Pluie forte,Deux véhicules - côté,,,,,,,,,,,5,2,1,3,3
200700003255,0007-01-26 19:00:00,7,1,26,19,0,500,173,"00, ARAGO (RUE)",,,Nuit avec éclairage allumé,En agglomération,Intersection en X,Normale,Deux véhicules - côté,,,,,,,,,,,5,2,2,1,3
200700003256,0007-01-27 16:55:00,7,1,27,16,55,500,129,"0, THEMIS (ROND POINT DE",,,Plein jour,En agglomération,Hors intersection,Normale,Sans collision,,,,,,,,,,,1,2,1,1,7
200700003257,0007-01-30 19:00:00,7,1,30,19,0,500,129,"00, SALINE (RUE DE LA)",,,Nuit avec éclairage allumé,En agglomération,Intersection en X,Normale,Deux véhicules - frontale,,,,,,,,,,,5,2,2,1,1
200700003258,0007-01-31 09:55:00,7,1,31,9,55,500,129,"30, SCHUMAN (BOULEVARD R",,,Plein jour,En agglomération,Hors intersection,Normale,Autre collision,,,,,,,,,,,1,2,1,1,6
200700003259,0007-01-14 17:50:00,7,1,14,17,50,500,147,", D'ILKLEY",,,Crépuscule ou aube,En agglomération,Hors intersection,Normale,Sans collision,,,,,,,,,,,2,2,1,1,7
200700003260,0007-01-22 07:45:00,7,1,22,7,45,500,218,"0, CRETE  (RUE DE LA)",,,Nuit avec éclairage allumé,En agglomération,Hors intersection,Normale,Autre collision,,,,,,,,,,,5,2,1,1,6
200700003261,0007-01-12 08:15:00,7,1,12,8,15,500,502,TESSY,,,Crépuscule ou aube,En agglomération,Hors intersection,Temps couvert,Autre collision,,,,,,,,,,,2,2,1,8,6
200700003262,0007-01-11 12:00:00,7,1,11,12,0,510,506,"1, MAQUIS DES GLIERES (A",,,Plein jour,En agglomération,Hors intersection,Normale,Deux véhicules - côté,,,,,,,,,,,1,2,1,1,3
200700003263,0007-01-25 12:05:00,7,1,25,12,5,510,230,"27, MARNE (QUAI DE)",,,Plein jour,En agglomération,Hors intersection,Normale,Deux véhicules - côté,,,,,,,,,,,1,2,1,1,3
200700003264,0007-01-06 19:35:00,7,1,6,19,35,510,454,BONAPARTE (AVENUE DU GEN,,,Nuit avec éclairage allumé,En agglomération,Hors intersection,Pluie légère,Autre collision,,,,,,,,,,,5,2,1,2,6
200700003265,0007-01-10 17:20:00,7,1,10,17,20,510,573,BOUCTON (RUE CHARLES),,,Nuit avec éclairage allumé,En agglomération,Hors intersection,Pluie forte,Autre collision,,,,,,,,,,,5,2,1,3,6
200700003266,0007-01-11 13:20:00,7,1,11,13,20,510,573,"6, CUGNOT (RUE JOSEPH)",,,Plein jour,En agglomération,Hors intersection,Normale,Deux véhicules - côté,,,,,,,,,,,1,2,1,1,3
200700003267,0007-01-12 16:50:00,7,1,12,16,50,510,454,EPERNAY (AVENUE D') COTE,,,Plein jour,En agglomération,Hors intersection,Normale,Autre collision,,,,,,,,,,,1,2,1,1,6
200700003268,0007-01-12 18:30:00,7,1,12,18,30,510,454,PAIX (BOULEVARD DE LA),,,Nuit avec éclairage allumé,En agglomération,Intersection en X,Normale,Deux véhicules - côté,,,,,,,,,,,5,2,2,1,3
200700003269,0007-01-14 11:20:00,7,1,14,11,20,510,454,FOND PATE (RUE),,,Plein jour,En agglomération,Intersection en X,Normale,Deux véhicules - arrière,,,,,,,,,,,1,2,2,1,2
200700003270,0007-01-13 18:20:00,7,1,13,18,20,510,454,NATIONALE 44 (ROUTE) DE,,,Nuit sans éclairage public,Hors agglomération,Hors intersection,Pluie légère,Deux véhicules - arrière,,,,,,,,,,,3,1,1,2,2
200700003271,0007-01-14 15:35:00,7,1,14,15,35,510,454,"27, DOUMER (BOULEVARD PA",,,Plein jour,En agglomération,Intersection en T,Normale,Autre collision,,,,,,,,,,,1,2,3,1,6
200700003272,0007-01-16 07:05:00,7,1,16,7,5,510,55,BETHENY (ROUTE),,,Nuit avec éclairage allumé,En agglomération,Hors intersection,Normale,Deux véhicules - côté,,,,,,,,,,,5,2,1,1,3
200700003273,0007-01-17 19:00:00,7,1,17,19,0,510,454,ROOSEVELT F. (RUE DU PRE,,,Nuit avec éclairage allumé,En agglomération,Intersection en T,Pluie légère,Deux véhicules - côté,,,,,,,,,,,5,2,3,2,3
200700003274,0007-01-18 08:20:00,7,1,18,8,20,510,454,"65, NEUFCHATEL (RUE DE)",,,Nuit avec éclairage allumé,En agglomération,Hors intersection,Pluie légère,Autre collision,,,,,,,,,,,5,2,1,2,6
200700003275,0007-01-18 15:35:00,7,1,18,15,35,510,454,GERUZEZ (RUE),,,Plein jour,En agglomération,Intersection en X,Pluie légère,Deux véhicules - côté,,,,,,,,,,,1,2,2,2,3
200700003276,0007-01-19 16:50:00,7,1,19,16,50,510,454,CHAMPAGNE (AVENUE DE),,,Crépuscule ou aube,En agglomération,Hors intersection,Normale,Deux véhicules - arrière,,,,,,,,,,,2,2,1,1,2
200700003277,0007-01-19 20:55:00,7,1,19,20,55,510,454,ROBESPIERRE (BOULEVARD),,,Nuit avec éclairage allumé,En agglomération,Intersection à plus de 4 branches,Normale,Deux véhicules - côté,,,,,,,,,,,5,2,5,1,3
200700003278,0007-01-20 21:55:00,7,1,20,21,55,510,454,"15, LAON (AVENUE) DU N)",,,Nuit avec éclairage allumé,En agglomération,Hors intersection,Normale,Autre collision,,,,,,,,,,,5,2,1,1,6
200700003279,0007-01-26 08:55:00,7,1,26,8,55,510,454,LOUVOIS (RUE DE) DU N°2,,,Plein jour,En agglomération,Intersection en X,Normale,Deux véhicules - frontale,,,,,,,,,,,1,2,2,1,1
200700003280,0007-01-26 17:30:00,7,1,26,17,30,510,55,WITRY LES RREIMS (CHEMIN,,,Nuit sans éclairage public,Hors agglomération,Hors intersection,Normale,Autre collision,,,,,,,,,,,3,1,1,1,6
200700003281,0007-01-30 08:20:00,7,1,30,8,20,510,454,"18, THIERS (RUE)",,,Plein jour,En agglomération,Hors intersection,Normale,Deux véhicules - côté,,,,,,,,,,,1,2,1,1,3
200700003282,0007-01-30 16:30:00,7,1,30,16,30,510,454,"63, CARTERET(BOULEVARD)",,,Plein jour,En agglomération,Hors intersection,Normale,Autre collision,,,,,,,,,,,1,2,1,1,6
200700003283,0007-01-09 11:50:00,7,1,9,11,50,520,448,"6, VERLAINE (RUE PAUL)",,,Plein jour,En agglomération,Hors intersection,Pluie légère,Deux véhicules - frontale,,,,,,,,,,,1,2,1,2,1
200700003284,0007-01-17 17:34:00,7,1,17,17,34,520,448,CARTIER (AVENUE MARIUS),,,Crépuscule ou aube,En agglomération,Hors intersection,Pluie légère,Sans collision,,,,,,,,,,,2,2,1,2,7
200700003285,0007-01-30 15:05:00,7,1,30,15,5,520,448,HUGO (AVENUE VICTOR) IMP,,,Plein jour,En agglomération,Hors intersection,Normale,Deux véhicules - arrière,,,,,,,,,,,1,2,1,1,2
200700003286,0007-01-10 18:45:00,7,1,10,18,45,530,201,RD 32  VERS LAVAL,,,Nuit sans éclairage public,Hors agglomération,Hors intersection,Normale,Deux véhicules - côté,,,,,,,,,,,3,1,1,1,3
200700003287,0007-01-23 18:10:00,7,1,23,18,10,530,201,"62, ARMAND ( BOULEVARD L",,,Nuit avec éclairage allumé,En agglomération,Autre intersection,Neige / grêle,Autre collision,,,,,,,,,,,5,2,9,4,6
200700003288,0007-01-04 19:00:00,7,1,4,19,0,540,263,"12, VICTOR HUGO (RUE)",,,Nuit avec éclairage allumé,En agglomération,Passage à niveau,Temps couvert,Autre collision,,,,,,,,,,,5,2,8,8,6
200700003289,0007-01-25 11:25:00,7,1,25,11,25,540,263,"53, PASTEUR (RUE)",,,Plein jour,En agglomération,Passage à niveau,Temps couvert,Autre collision,,,,,,,,,,,1,2,8,8,6
200700003290,0007-01-31 07:00:00,7,1,31,7,0,540,549,PERI (RUE GABRIEL),,,Nuit avec éclairage allumé,En agglomération,Intersection en T,Normale,Autre collision,,,,,,,,,,,5,2,3,1,6
200700003291,0007-01-03 21:10:00,7,1,3,21,10,540,254,196 (ROUTE DEPARTEMENTAL,,,Nuit sans éclairage public,Hors agglomération,Hors intersection,Normale,Deux véhicules - frontale,,,,,,,,,,,3,1,1,1,1
200700003292,0007-01-06 06:35:00,7,1,6,6,35,540,321,ERNEST HEMINGWAY (AVENUE,,,Nuit avec éclairage allumé,Hors agglomération,Hors intersection,Normale,Deux véhicules - frontale,,,,,,,,,,,5,1,1,1,1
200700003293,0007-01-18 13:40:00,7,1,18,13,40,540,329,"2, AVENUE DU 2° BCP",,,Plein jour,En agglomération,Giratoire,Vent fort / tempête,Autre collision,,,,,,,,,,,1,2,6,6,6
200700003294,0007-01-01 10:30:00,7,1,1,10,30,540,395,"14, FOLLER (RUE)",,,Plein jour,En agglomération,Hors intersection,Normale,Autre collision,,,,,,,,,,,1,2,1,1,6
200700003295,0007-01-04 21:20:00,7,1,4,21,20,540,339,"1, PIXERECOURT (ROND POI",,,Nuit avec éclairage allumé,Hors agglomération,Hors intersection,Pluie légère,Sans collision,,,,,,,,,,,5,1,1,2,7
200700003296,0007-01-05 16:25:00,7,1,5,16,25,540,395,JOFFRE (BOULEVARD),,,Plein jour,En agglomération,Intersection en X,Normale,Autre collision,,,,,,,,,,,1,2,2,1,6
200700003297,0007-01-06 14:55:00,7,1,6,14,55,540,526,"1, POTIER (RUE EUGENE)",,,Plein jour,En agglomération,Hors intersection,Normale,Autre collision,,,,,,,,,,,1,2,1,1,6