accident_id,datetime,annee,mois,jour,heure,minute,departement,commune_insee,adresse,latitude,longitude,luminosite,agglomeration,intersection,meteo,collision,nb_vehicules,nb_usagers,nb_indemnes,nb_tues,nb_blesses_hosp,nb_blesses_legers,age_cond_1,age_cond_2,veh_type_cond_1,veh_type_cond_2,lum_code,agg_code,int_code,atm_code,col_code
200700003298,0007-01-06 20:15:00,7,1,6,20,15,540,304,"1, BOIS GRONEE (AVENUE D",,,Nuit avec éclairage allumé,En agglomération,Intersection en X,Pluie légère,Trois véhicules et plus - collisions multiples,,,,,,,,,,,5,2,2,2,5
200700003299,0007-01-08 19:00:00,7,1,8,19,0,540,395,"48, MALZEVILLE (RUE ET S",,,Nuit avec éclairage allumé,En agglomération,Intersection en T,Normale,Deux véhicules - côté,,,,,,,,,,,5,2,3,1,3
200700003300,0007-01-08 19:30:00,7,1,8,19,30,540,482,"1, ALEXANDRE 1ER (RUE)",,,Nuit avec éclairage allumé,En agglomération,Intersection en T,Pluie légère,Deux véhicules - côté,,,,,,,,,,,5,2,3,2,3
200700003301,0007-01-09 14:00:00,7,1,9,14,0,540,274,"66, REPUBLIQUE (RUE DE L",,,Plein jour,En agglomération,Hors intersection,Pluie légère,Deux véhicules - arrière,,,,,,,,,,,1,2,1,2,2
200700003302,0007-01-09 22:04:00,7,1,9,22,4,540,300,BAYON (ROUTE DE),,,Nuit avec éclairage non allumé,Hors agglomération,Hors intersection,Normale,Autre collision,,,,,,,,,,,4,1,1,1,6
200700003303,0007-01-12 16:18:00,7,1,12,16,18,540,395,"1, JOFFRE (BOULEVARD)",,,Plein jour,En agglomération,Hors intersection,Normale,Deux véhicules - arrière,,,,,,,,,,,1,2,1,1,2
200700003304,0007-01-12 17:30:00,7,1,12,17,30,540,395,"55, VERGER (RUE ET RUELL",,,Nuit avec éclairage allumé,En agglomération,Intersection en T,Normale,Autre collision,,,,,,,,,,,5,2,3,1,6
200700003305,0007-01-15 03:55:00,7,1,15,3,55,540,395,"1, SAINT LAMBERT (IMPASS",,,Nuit avec éclairage allumé,En agglomération,Intersection en X,Pluie légère,Autre collision,,,,,,,,,,,5,2,2,2,6
200700003306,0007-01-15 11:00:00,7,1,15,11,0,540,526,"1, MILLENAIRE (Rond Poin",,,Plein jour,En agglomération,Giratoire,Normale,Autre collision,,,,,,,,,,,1,2,6,1,6
200700003307,0007-01-15 13:35:00,7,1,15,13,35,540,395,"88, LOBAU (BOULEVARD)",,,Plein jour,En agglomération,Intersection en T,Brouillard / fumée,Deux véhicules - côté,,,,,,,,,,,1,2,3,5,3
200700003308,0007-01-15 17:50:00,7,1,15,17,50,540,395,"1, HAGUENAUER (RUE DU GR",,,Nuit avec éclairage allumé,En agglomération,Hors intersection,Normale,Autre collision,,,,,,,,,,,5,2,1,1,6
200700003309,0007-01-17 21:00:00,7,1,17,21,0,540,339,"1, LION D'OR (RUE DU)",,,Nuit avec éclairage allumé,En agglomération,Intersection en T,Pluie légère,Autre collision,,,,,,,,,,,5,2,3,2,6
200700003310,0007-01-18 16:45:00,7,1,18,16,45,540,395,"2, DUSSAULX (RUE CHARLES",,,Crépuscule ou aube,En agglomération,Intersection en Y,Vent fort / tempête,Autre collision,,,,,,,,,,,2,2,4,6,6
200700003311,0007-01-18 17:45:00,7,1,18,17,45,540,300,"1, ART-SUR-MEURTHE (ROUT",,,Nuit avec éclairage allumé,Hors agglomération,Intersection en T,Pluie légère,Deux véhicules - côté,,,,,,,,,,,5,1,3,2,3
200700003312,0007-01-18 18:50:00,7,1,18,18,50,540,547,BOIS LE DUC (RUE DU),,,Nuit avec éclairage allumé,En agglomération,Hors intersection,Pluie légère,Deux véhicules - arrière,,,,,,,,,,,5,2,1,2,2
200700003313,0007-01-19 19:30:00,7,1,19,19,30,540,395,"1, MEZIERES (RUE ALFRED)",,,Nuit avec éclairage allumé,En agglomération,Intersection en T,Normale,Deux véhicules - côté,,,,,,,,,,,5,2,3,1,3
200700003314,0007-01-19 21:55:00,7,1,19,21,55,540,395,"1, HAXO (RUE DU GENERAL)",,,Nuit avec éclairage allumé,En agglomération,Intersection en X,Pluie légère,Autre collision,,,,,,,,,,,5,2,2,2,6
200700003315,0007-01-19 21:55:00,7,1,19,21,55,540,304,"1, BOIS GRONEE (AVENUE D",,,Nuit avec éclairage allumé,En agglomération,Intersection en X,Pluie légère,Trois véhicules et plus - collisions multiples,,,,,,,,,,,5,2,2,2,5
200700003316,0007-01-20 16:25:00,7,1,20,16,25,540,395,"1, STANISLAS (RUE)",,,Plein jour,En agglomération,Hors intersection,Normale,Deux véhicules - côté,,,,,,,,,,,1,2,1,1,3
200700003317,0007-01-20 16:40:00,7,1,20,16,40,540,265,GENELIERE ( ALLEE DE LA,,,Plein jour,Hors agglomération,Giratoire,Normale,Deux véhicules - arrière,,,,,,,,,,,1,1,6,1,2
200700003318,0007-01-21 09:45:00,7,1,21,9,45,540,304,"1, RESISTANCE (AV. DE LA",,,Plein jour,En agglomération,Intersection en T,Normale,Deux véhicules - côté,,,,,,,,,,,1,2,3,1,3
200700003319,0007-01-22 07:50:00,7,1,22,7,50,540,339,"1, ORME (RUE DE L')",,,Plein jour,En agglomération,Intersection en X,Normale,Deux véhicules - arrière,,,,,,,,,,,1,2,2,1,2
200700003320,0007-01-22 08:05:00,7,1,22,8,5,540,304,"1, ZOLA (RUE EMILE)",,,Plein jour,En agglomération,Intersection en X,Normale,Deux véhicules - côté,,,,,,,,,,,1,2,2,1,3
200700003321,0007-01-22 09:47:00,7,1,22,9,47,540,547,EUROPE (BOULEVARD DE L'),,,Plein jour,En agglomération,Hors intersection,Normale,Deux véhicules - arrière,,,,,,,,,,,1,2,1,1,2
200700003322,0007-01-22 17:05:00,7,1,22,17,5,540,395,"176, LECLERC (AV. DU GEN",,,Plein jour,En agglomération,Intersection en X,Normale,Sans collision,,,,,,,,,,,1,2,2,1,7
200700003323,0007-01-22 23:20:00,7,1,22,23,20,540,357,"25, METZ (ROUTE DE)",,,Nuit avec éclairage allumé,En agglomération,Intersection en T,Normale,Sans collision,,,,,,,,,,,5,2,3,1,7
200700003324,0007-01-23 07:50:00,7,1,23,7,50,540,547,"1, MIRECOURT (ROUTE DE)",,,Plein jour,Hors agglomération,Hors intersection,Normale,Deux véhicules - côté,,,,,,,,,,,1,1,1,1,3
200700003325,0007-01-23 12:40:00,7,1,23,12,40,540,300,GALTIER (RUE LUCIEN),,,Plein jour,En agglomération,Hors intersection,Neige / grêle,Deux véhicules - arrière,,,,,,,,,,,1,2,1,4,2
200700003326,0007-01-23 13:25:00,7,1,23,13,25,540,184,"1, AGINCOURT  (ROUTE RD",,,Plein jour,Hors agglomération,Hors intersection,Neige / grêle,Autre collision,,,,,,,,,,,1,1,1,4,6
200700003327,0007-01-24 08:10:00,7,1,24,8,10,540,395,"18, POINCARE (RUE RAYMON",,,Plein jour,En agglomération,Intersection en T,Normale,Autre collision,,,,,,,,,,,1,2,3,1,6
200700003328,0007-01-26 14:05:00,7,1,26,14,5,540,395,"1, SAINT JEAN (RUE)",,,Plein jour,En agglomération,Intersection en T,Normale,Autre collision,,,,,,,,,,,1,2,3,1,6
200700003329,0007-01-27 17:45:00,7,1,27,17,45,540,498,"1, QUEBEC (AVENUE DE)",,,Nuit sans éclairage public,En agglomération,Intersection en T,Normale,Autre collision,,,,,,,,,,,3,2,3,1,6
200700003330,0007-01-30 17:05:00,7,1,30,17,5,540,274,"1, LECLERC (RUE DU GENER",,,Plein jour,En agglomération,Hors intersection,Normale,Autre collision,,,,,,,,,,,1,2,1,1,6
200700003331,0007-01-30 08:40:00,7,1,30,8,40,540,547,CHARMOIS (AVENUE DU),,,Plein jour,En agglomération,Hors intersection,Normale,Autre collision,,,,,,,,,,,1,2,1,1,6
200700003332,0007-01-08 19:10:00,7,1,8,19,10,540,375,RD 958 COTES SAINT-PIERR,,,Nuit sans éclairage public,Hors agglomération,Hors intersection,Pluie forte,Deux véhicules - frontale,,,,,,,,,,,3,1,1,3,1
200700003333,0007-01-02 18:20:00,7,1,2,18,20,540,174,"153, DU 15EME GENIE (AVE",,,Nuit avec éclairage non allumé,En agglomération,Hors intersection,Pluie légère,Autre collision,,,,,,,,,,,4,2,1,2,6
200700003334,0007-01-15 13:10:00,7,1,15,13,10,540,528,ALBERT 1ER,,,Plein jour,En agglomération,Hors intersection,Brouillard / fumée,Trois véhicules et plus - collisions multiples,,,,,,,,,,,1,2,1,5,5
200700003335,0007-01-19 15:55:00,7,1,19,15,55,540,528,VERDUN,,,Plein jour,En agglomération,Hors intersection,Normale,Deux véhicules - arrière,,,,,,,,,,,1,2,1,1,2
200700003336,0007-01-23 12:15:00,7,1,23,12,15,540,528,1ERE ARMEE FRANCAISE,,,Plein jour,En agglomération,Hors intersection,Neige / grêle,Autre collision,,,,,,,,,,,1,2,1,4,6
200700003337,0007-01-29 15:35:00,7,1,29,15,35,540,174,CITE LAMARCHE,,,Plein jour,En agglomération,Hors intersection,Normale,Autre collision,,,,,,,,,,,1,2,1,1,6
200700003338,0007-01-04 15:15:00,7,1,4,15,15,540,575,DEPARTEMENTALE 26 (ROUTE,,,Plein jour,Hors agglomération,Hors intersection,Pluie légère,Sans collision,,,,,,,,,,,1,1,1,2,7
200700003339,0007-01-13 17:20:00,7,1,13,17,20,550,29,"09, PISCINE ( RUE DE LA",,,Crépuscule ou aube,En agglomération,Hors intersection,Pluie légère,Sans collision,,,,,,,,,,,2,2,1,2,7
200700003340,0007-01-19 18:35:00,7,1,19,18,35,550,186,"40, BAR ( RUE DE )",,,Crépuscule ou aube,En agglomération,Hors intersection,Normale,Deux véhicules - côté,,,,,,,,,,,2,2,1,1,3
200700003341,0007-01-23 13:20:00,7,1,23,13,20,550,29,"06, ROCHELLE ( BOULEVARD",,,Plein jour,En agglomération,Hors intersection,Neige / grêle,Autre collision,,,,,,,,,,,1,2,1,4,6
200700003342,0007-01-25 18:30:00,7,1,25,18,30,550,29,"11, VEEL ( RUE DE )",,,Nuit avec éclairage allumé,En agglomération,Hors intersection,Normale,Sans collision,,,,,,,,,,,5,2,1,1,7
200700003343,0007-01-25 08:45:00,7,1,25,8,45,550,29,"1, ARDENNES ( BOULEVARD",,,Plein jour,En agglomération,Hors intersection,Neige / grêle,Deux véhicules - côté,,,,,,,,,,,1,2,1,4,3
200700003344,0007-01-08 12:40:00,7,1,8,12,40,550,545,DE GAULLE (AV DU GENERAL,,,Plein jour,En agglomération,Intersection en T,Pluie légère,Deux véhicules - côté,,,,,,,,,,,1,2,3,2,3
200700003345,0007-01-17 18:40:00,7,1,17,18,40,550,545,DE GAULLE (AV DU GENERAL,,,Nuit avec éclairage allumé,En agglomération,Intersection en T,Pluie légère,Trois véhicules et plus - collisions multiples,,,,,,,,,,,5,2,3,2,5
200700003346,0007-01-31 20:15:00,7,1,31,20,15,550,236,CD 903,,,Nuit sans éclairage public,Hors agglomération,Hors intersection,Temps couvert,Deux véhicules - frontale,,,,,,,,,,,3,1,1,8,1
200700003347,0007-01-01 17:20:00,7,1,1,17,20,560,98,"., DEVILLERS (AVENUE KES",,,Nuit avec éclairage allumé,En agglomération,Intersection en T,Normale,Deux véhicules - arrière,,,,,,,,,,,5,2,3,1,2
200700003348,0007-01-03 15:33:00,7,1,3,15,33,560,121,"., FRANCE ( AVE ANATOLE",,,Plein jour,En agglomération,Hors intersection,Normale,Deux véhicules - côté,,,,,,,,,,,1,2,1,1,3
200700003349,0007-01-03 19:55:00,7,1,3,19,55,560,83,"., FERRY ( ET IMP. JULES",,,Nuit avec éclairage allumé,En agglomération,Hors intersection,Normale,Autre collision,,,,,,,,,,,5,2,1,1,6
200700003350,0007-01-04 16:23:00,7,1,4,16,23,560,162,"., KERVERNOIS",,,Plein jour,Hors agglomération,Hors intersection,Normale,Sans collision,,,,,,,,,,,1,1,1,1,7
200700003351,0007-01-04 20:45:00,7,1,4,20,45,560,98,"61, CROIZAT ( AVE AMBROI",,,Nuit avec éclairage allumé,En agglomération,Intersection en T,Normale,Deux véhicules - arrière,,,,,,,,,,,5,2,3,1,2
200700003352,0007-01-06 13:45:00,7,1,6,13,45,560,121,"55, MONISTROL (RUE)",,,Plein jour,En agglomération,Intersection en T,Normale,Deux véhicules - côté,,,,,,,,,,,1,2,3,1,3
200700003353,0007-01-06 19:10:00,7,1,6,19,10,560,107,"., ROUTE DEPARTEMENTALE",,,Nuit avec éclairage allumé,En agglomération,Intersection en X,Normale,Deux véhicules - côté,,,,,,,,,,,5,2,2,1,3
200700003354,0007-01-06 17:40:00,7,1,6,17,40,560,162,"02, BRIAND ( AV. ARISTID",,,Nuit avec éclairage allumé,En agglomération,Hors intersection,Normale,Autre collision,,,,,,,,,,,5,2,1,1,6
200700003355,0007-01-07 00:01:00,7,1,7,0,1,560,121,"., MARINE (RUE  DE LA )",,,Nuit avec éclairage allumé,En agglomération,Hors intersection,Normale,Autre collision,,,,,,,,,,,5,2,1,1,6
200700003356,0007-01-08 15:33:00,7,1,8,15,33,560,98,"., LANN-SEVELIN (ROND PO",,,Plein jour,En agglomération,Giratoire,Pluie légère,Trois véhicules et plus - collisions multiples,,,,,,,,,,,1,2,6,2,5
200700003357,0007-01-09 12:53:00,7,1,9,12,53,560,121,"., GALLIENI ( BD MARECHA",,,Plein jour,En agglomération,Intersection en X,Normale,Deux véhicules - côté,,,,,,,,,,,1,2,2,1,3
200700003358,0007-01-10 08:15:00,7,1,10,8,15,560,83,"., 8 MAI 1945 ( AV. DU )",,,Nuit avec éclairage allumé,En agglomération,Hors intersection,Pluie forte,Autre collision,,,,,,,,,,,5,2,1,3,6
200700003359,0007-01-10 14:51:00,7,1,10,14,51,560,121,"., MONISTROL (RUE)",,,Crépuscule ou aube,En agglomération,Hors intersection,Normale,Sans collision,,,,,,,,,,,2,2,1,1,7
200700003360,0007-01-10 21:55:00,7,1,10,21,55,560,121,"48, CARNOT (RUE  LAZARE",,,Nuit avec éclairage allumé,En agglomération,Hors intersection,Normale,Autre collision,,,,,,,,,,,5,2,1,1,6
200700003361,0007-01-13 16:50:00,7,1,13,16,50,560,121,"., DESSERTE PORTUAIRE (R",,,Plein jour,Hors agglomération,Hors intersection,Pluie légère,Sans collision,,,,,,,,,,,1,1,1,2,7
200700003362,0007-01-14 12:00:00,7,1,14,12,0,560,98,"24, GRAINDORGE (RUE  ABE",,,Plein jour,En agglomération,Intersection en X,Normale,Deux véhicules - côté,,,,,,,,,,,1,2,2,1,3
200700003363,0007-01-15 12:05:00,7,1,15,12,5,560,98,"63, SEMBAT (RUE MARCEL)",,,Plein jour,En agglomération,Hors intersection,Normale,Autre collision,,,,,,,,,,,1,2,1,1,6
200700003364,0007-01-16 18:05:00,7,1,16,18,5,560,83,"1, ZOLA ( IMP. ET RUE EM",,,Nuit avec éclairage allumé,En agglomération,Hors intersection,Pluie légère,Sans collision,,,,,,,,,,,5,2,1,2,7
200700003365,0007-01-17 08:04:00,7,1,17,8,4,560,83,"2, PONT-NEUF ( QUAI DU )",,,Nuit avec éclairage allumé,En agglomération,Hors intersection,Pluie légère,Autre collision,,,,,,,,,,,5,2,1,2,6
200700003366,0007-01-19 10:45:00,7,1,19,10,45,560,121,"., MARQUET (RUE  MARY )",,,Plein jour,En agglomération,Hors intersection,Pluie légère,Sans collision,,,,,,,,,,,1,2,1,2,7
200700003367,0007-01-21 03:05:00,7,1,21,3,5,560,121,"49, LAENNEC ( BD )",,,Nuit avec éclairage allumé,En agglomération,Hors intersection,Pluie légère,Sans collision,,,,,,,,,,,5,2,1,2,7
200700003368,0007-01-22 08:00:00,7,1,22,8,0,560,162,"., PINS (RUE DES)",,,Nuit avec éclairage allumé,En agglomération,Intersection en X,Normale,Autre collision,,,,,,,,,,,5,2,2,1,6
200700003369,0007-01-22 18:25:00,7,1,22,18,25,560,121,"., LEFORT (RUE  CAPITAIN",,,Nuit avec éclairage allumé,En agglomération,Intersection en T,Normale,Autre collision,,,,,,,,,,,5,2,3,1,6
200700003370,0007-01-23 10:35:00,7,1,23,10,35,560,121,"., MARQUET (RUE  MARY )",,,Plein jour,En agglomération,Hors intersection,Normale,Autre collision,,,,,,,,,,,1,2,1,1,6
200700003371,0007-01-23 14:08:00,7,1,23,14,8,560,98,"., JAURES (RUE  JEAN )",,,Plein jour,En agglomération,Intersection en T,Normale,Autre collision,,,,,,,,,,,1,2,3,1,6
200700003372,0007-01-23 15:45:00,7,1,23,15,45,560,83,"02, LIBERATION ( AV. DE",,,Plein jour,En agglomération,Hors intersection,Normale,Autre collision,,,,,,,,,,,1,2,1,1,6
200700003373,0007-01-23 19:35:00,7,1,23,19,35,560,162,"., FORT BLOQUE (ROUTE DU",,,Nuit avec éclairage allumé,En agglomération,Hors intersection,Normale,Deux véhicules - côté,,,,,,,,,,,5,2,1,1,3
200700003374,0007-01-25 09:55:00,7,1,25,9,55,560,121,"26, SVOB ( BOULEVARD EMM",,,Plein jour,En agglomération,Hors intersection,Normale,Autre collision,,,,,,,,,,,1,2,1,1,6
200700003375,0007-01-25 17:57:00,7,1,25,17,57,560,98,"., BILLOUX ( AV. FRANCOI",,,Crépuscule ou aube,En agglomération,Intersection en X,Normale,Deux véhicules - côté,,,,,,,,,,,2,2,2,1,3
200700003376,0007-01-28 04:25:00,7,1,28,4,25,560,83,"., GARDELOUPE ( R-P DE L",,,Nuit avec éclairage allumé,En agglomération,Hors intersection,Normale,Autre collision,,,,,,,,,,,5,2,1,1,6
200700003377,0007-01-29 08:30:00,7,1,29,8,30,560,162,"., PASTEUR (AVENUE LOUIS",,,Crépuscule ou aube,En agglomération,Intersection en X,Normale,Deux véhicules - côté,,,,,,,,,,,2,2,2,1,3
200700003378,0007-01-05 15:45:00,7,1,5,15,45,560,260,"., REPUBLIQUE(PLACE DE L",,,Plein jour,En agglomération,Intersection en X,Normale,Deux véhicules - côté,,,,,,,,,,,1,2,2,1,3
200700003379,0007-01-11 09:25:00,7,1,11,9,25,560,260,"03, ROHAN(RUE DE)",,,Plein jour,En agglomération,Hors intersection,Normale,Sans collision,,,,,,,,,,,1,2,1,1,7
200700003380,0007-01-10 09:05:00,7,1,10,9,5,560,260,"11, THIERS(RUE)",,,Plein jour,En agglomération,Hors intersection,Pluie forte,Autre collision,,,,,,,,,,,1,2,1,3,6
200700003381,0007-01-06 16:45:00,7,1,6,16,45,560,260,RN 165 -SENS NANTES / LO,,,Plein jour,En agglomération,Hors intersection,Normale,Trois véhicules et plus - collisions multiples,,,,,,,,,,,1,2,1,1,5
200700003382,0007-01-06 18:30:00,7,1,6,18,30,560,260,"., SAINTE-ANNE(ROUTE)",,,Nuit avec éclairage allumé,En agglomération,Hors intersection,Normale,Autre collision,,,,,,,,,,,5,2,1,1,6
200700003383,0007-01-18 11:45:00,7,1,18,11,45,560,260,"., GAMBETTA(PLACE)",,,Plein jour,En agglomération,Hors intersection,Pluie forte,Autre collision,,,,,,,,,,,1,2,1,3,6
200700003384,0007-01-19 19:00:00,7,1,19,19,0,560,260,"144, JUIN(AVENUE DU MARE",,,Nuit avec éclairage allumé,En agglomération,Hors intersection,Normale,Autre collision,,,,,,,,,,,5,2,1,1,6
200700003385,0007-01-24 21:20:00,7,1,24,21,20,560,260,"., RENNES (Route de)",,,Nuit avec éclairage allumé,En agglomération,Hors intersection,Normale,Deux véhicules - arrière,,,,,,,,,,,5,2,1,1,2
200700003386,0007-01-20 14:20:00,7,1,20,14,20,560,260,"., MARNE(AVENUE DE LA) M",,,Plein jour,En agglomération,Autre intersection,Temps couvert,Autre collision,,,,,,,,,,,1,2,9,8,6
200700003387,0007-01-25 13:20:00,7,1,25,13,20,560,260,"., MICHELIN(AVENUE EDOUA",,,Plein jour,En agglomération,Hors intersection,Normale,Deux véhicules - côté,,,,,,,,,,,1,2,1,1,3
200700003388,0007-01-27 15:45:00,7,1,27,15,45,560,260,UNIVERSITE(GIRATOIRE DE,,,Plein jour,En agglomération,Giratoire,Normale,Sans collision,,,,,,,,,,,1,2,6,1,7
200700003389,0007-01-05 16:15:00,7,1,5,16,15,560,260,"., BEAUPRE(GIRATOIRE DE)",,,Plein jour,En agglomération,Giratoire,Normale,Deux véhicules - côté,,,,,,,,,,,1,2,6,1,3
200700003390,0007-01-08 13:00:00,7,1,8,13,0,560,260,"., RESISTANCE(BLD DE LA)",,,Plein jour,En agglomération,Hors intersection,Pluie légère,Deux véhicules - arrière,,,,,,,,,,,1,2,1,2,2
200700003391,0007-01-09 20:02:00,7,1,9,20,2,560,260,"12, MENE(RUE DU)",,,Nuit avec éclairage allumé,En agglomération,Hors intersection,Normale,Autre collision,,,,,,,,,,,5,2,1,1,6
200700003392,0007-01-15 08:41:00,7,1,15,8,41,560,260,TOHANNIC(GIRATOIRE DE),,,Plein jour,En agglomération,Giratoire,Pluie légère,Autre collision,,,,,,,,,,,1,2,6,2,6
200700003393,0007-01-22 21:55:00,7,1,22,21,55,560,260,"., MATISSE(RUE HENRI)",,,Nuit avec éclairage allumé,En agglomération,Hors intersection,Temps couvert,Sans collision,,,,,,,,,,,5,2,1,8,7
200700003394,0007-01-29 08:20:00,7,1,29,8,20,560,260,"., MAURY(RUE DU LIEUTENA",,,Plein jour,En agglomération,Hors intersection,Normale,Deux véhicules - arrière,,,,,,,,,,,1,2,1,1,2
200700003395,0007-01-29 14:20:00,7,1,29,14,20,560,260,KERLUHERNE(GIRATOIRE DE),,,Plein jour,En agglomération,Hors intersection,Normale,Autre collision,,,,,,,,,,,1,2,1,1,6
200700003396,0007-01-30 10:40:00,7,1,30,10,40,560,260,PAIX(BLD DE LA) 1 A 39,,,Plein jour,En agglomération,Hors intersection,Normale,Deux véhicules - arrière,,,,,,,,,,,1,2,1,1,2
200700003397,0007-01-10 07:35:00,7,1,10,7,35,570,638,"06, AULNES (IMPASSE DES)",,,Nuit avec éclairage allumé,En agglomération,Hors intersection,Normale,Autre collision,,,,,,,,,,,5,2,1,1,6
200700003398,0007-01-12 11:50:00,7,1,12,11,50,570,253,"5, BOUSSANGE (RUE DE)",,,Plein jour,En agglomération,Hors intersection,Normale,Deux véhicules - côté,,,,,,,,,,,1,2,1,1,3
200700003399,0007-01-17 19:10:00,7,1,17,19,10,570,143,"33, CLEMENCEAU (RUE)",,,Nuit avec éclairage allumé,En agglomération,Hors intersection,Pluie forte,Autre collision,,,,,,,,,,,5,2,1,3,6
200700003400,0007-01-31 18:00:00,7,1,31,18,0,570,591,CD181,,,Nuit sans éclairage public,Hors agglomération,Hors intersection,Normale,Deux véhicules - côté,,,,,,,,,,,3,1,1,1,3
200700003401,0007-01-23 15:25:00,7,1,23,15,25,570,143,"36, JOFFRE (RUE)",,,Plein jour,En agglomération,Hors intersection,Normale,Autre collision,,,,,,,,,,,1,2,1,1,6
200700003402,0007-01-04 13:30:00,7,1,4,13,30,570,463,"00, SOLIDARITE (BOULEVAR",,,Plein jour,Hors agglomération,Hors intersection,Normale,Deux véhicules - arrière,,,,,,,,,,,1,1,1,1,2
200700003403,0007-01-05 23:50:00,7,1,5,23,50,570,751,"01, THIONVILLE (AVENUE )",,,Nuit avec éclairage allumé,En agglomération,Hors intersection,Pluie légère,Autre collision,,,,,,,,,,,5,2,1,2,6
200700003404,0007-01-08 15:30:00,7,1,8,15,30,570,463,"00, CAMILLE HOCQUARD (PL",,,Plein jour,En agglomération,Hors intersection,Temps couvert,Autre collision,,,,,,,,,,,1,2,1,8,6
200700003405,0007-01-10 07:35:00,7,1,10,7,35,570,463,"31, SOUS LES VIGNES (CHE",,,Crépuscule ou aube,En agglomération,Hors intersection,Pluie légère,Deux véhicules - arrière,,,,,,,,,,,2,2,1,2,2
200700003406,0007-01-11 08:20:00,7,1,11,8,20,570,480,"61, HORGNE (RUE DE LA )",,,Plein jour,En agglomération,Hors intersection,Normale,Autre collision,,,,,,,,,,,1,2,1,1,6
200700003407,0007-01-11 09:05:00,7,1,11,9,5,570,463,"00, GENERAL DE GAULLE (P",,,Plein jour,En agglomération,Hors intersection,Normale,Autre collision,,,,,,,,,,,1,2,1,1,6
200700003408,0007-01-14 13:55:00,7,1,14,13,55,570,463,"00, BELLETANCHE (RUE DE",,,Plein jour,En agglomération,Hors intersection,Normale,Autre collision,,,,,,,,,,,1,2,1,1,6
200700003409,0007-01-14 19:55:00,7,1,14,19,55,570,463,"00, PAIXHANS (BOULEVARD",,,Nuit avec éclairage allumé,En agglomération,Hors intersection,Normale,Deux véhicules - arrière,,,,,,,,,,,5,2,1,1,2
200700003410,0007-01-15 14:10:00,7,1,15,14,10,570,463,"00, SENTE A MY (RUE )",,,Plein jour,En agglomération,Intersection en X,Normale,Deux véhicules - côté,,,,,,,,,,,1,2,2,1,3
200700003411,0007-01-18 08:15:00,7,1,18,8,15,570,463,"12, JOSEPH HENOT (RUE )",,,Plein jour,En agglomération,Hors intersection,Vent fort / tempête,Deux véhicules - arrière,,,,,,,,,,,1,2,1,6,2
200700003412,0007-01-18 10:10:00,7,1,18,10,10,570,463,"0, GAMBETTA (RUE )",,,Plein jour,En agglomération,Intersection en X,Pluie légère,Autre collision,,,,,,,,,,,1,2,2,2,6
200700003413,0007-01-21 20:50:00,7,1,21,20,50,570,463,"00, TREVES (BOULEVARD DE",,,Nuit avec éclairage allumé,En agglomération,Hors intersection,Temps couvert,Trois véhicules et plus - collisions multiples,,,,,,,,,,,5,2,1,8,5
200700003414,0007-01-22 07:50:00,7,1,22,7,50,570,463,"00, NICOLAS JUNG (RUE",,,Crépuscule ou aube,En agglomération,Intersection en T,Normale,Autre collision,,,,,,,,,,,2,2,3,1,6
200700003415,0007-01-24 09:52:00,7,1,24,9,52,570,463,"05, GEORGES AIME (RUE )",,,Plein jour,En agglomération,Hors intersection,Normale,Autre collision,,,,,,,,,,,1,2,1,1,6
200700003416,0007-01-24 17:10:00,7,1,24,17,10,570,463,"03, ANDRE MAGINOT (BOULE",,,Plein jour,En agglomération,Hors intersection,Normale,Autre collision,,,,,,,,,,,1,2,1,1,6
200700003417,0007-01-29 17:45:00,7,1,29,17,45,570,463,"17, QUEULEU (RUE DE )",,,Nuit avec éclairage allumé,En agglomération,Hors intersection,Normale,Deux véhicules - côté,,,,,,,,,,,5,2,1,1,3
200700003418,0007-01-11 10:00:00,7,1,11,10,0,570,606,LORRAINE (BOULEVARD DE),,,Plein jour,En agglomération,Hors intersection,Normale,Autre collision,,,,,,,,,,,1,2,1,1,6
200700003419,0007-01-26 02:40:00,7,1,26,2,40,570,630,RD 27,,,Nuit sans éclairage public,Hors agglomération,Hors intersection,Normale,Autre collision,,,,,,,,,,,3,1,1,1,6
200700003420,0007-01-01 14:30:00,7,1,1,14,30,570,672,ARLON (ROUTE D'),,,Plein jour,Hors agglomération,Hors intersection,Pluie légère,Sans collision,,,,,,,,,,,1,1,1,2,7
200700003421,0007-01-03 17:00:00,7,1,3,17,0,570,666,"20, MARSPICH (ROUTE DE)",,,Nuit avec éclairage allumé,En agglomération,Intersection en T,Normale,Deux véhicules - côté,,,,,,,,,,,5,2,3,1,3
200700003422,0007-01-02 10:55:00,7,1,2,10,55,570,672,CROIX-HEPICH (ROUTE DE L,,,Plein jour,Hors agglomération,Hors intersection,Pluie légère,Sans collision,,,,,,,,,,,1,1,1,2,7
200700003423,0007-01-08 12:50:00,7,1,8,12,50,570,672,"0, SAINTE-ANNE (RUE)",,,Plein jour,En agglomération,Hors intersection,Normale,Trois véhicules et plus - collisions multiples,,,,,,,,,,,1,2,1,1,5
200700003424,0007-01-05 09:30:00,7,1,5,9,30,570,672,SAINT-MICHEL (MONTEE DU),,,Plein jour,Hors agglomération,Hors intersection,Pluie légère,Autre collision,,,,,,,,,,,1,1,1,2,6
200700003425,0007-01-04 21:00:00,7,1,4,21,0,570,757,BOUZONVILLE (ROUTE DE),,,Nuit sans éclairage public,Hors agglomération,Hors intersection,Pluie légère,Deux véhicules - côté,,,,,,,,,,,3,1,1,2,3