accident_id,datetime,annee,mois,jour,heure,minute,departement,commune_insee,adresse,latitude,longitude,luminosite,agglomeration,intersection,meteo,collision,nb_vehicules,nb_usagers,nb_indemnes,nb_tues,nb_blesses_hosp,nb_blesses_legers,age_cond_1,age_cond_2,veh_type_cond_1,veh_type_cond_2,lum_code,agg_code,int_code,atm_code,col_code
200700003557,0007-01-06 10:35:00,7,1,6,10,35,590,367,JEANSSENS (RUE DES TROIS,,,Plein jour,En agglomération,Intersection en X,Normale,Deux véhicules - côté,,,,,,,,,,,1,2,2,1,3
200700003558,0007-01-20 15:35:00,7,1,20,15,35,590,299,DE GAULLE (AVENUE CHARLE,,,Plein jour,En agglomération,Hors intersection,Pluie légère,Deux véhicules - côté,,,,,,,,,,,1,2,1,2,3
200700003559,0007-01-11 14:45:00,7,1,11,14,45,590,646,LILLE (RUE DE),,,Plein jour,En agglomération,Hors intersection,Normale,Autre collision,,,,,,,,,,,1,2,1,1,6
200700003560,0007-01-24 11:45:00,7,1,24,11,45,590,646,COLI (RUE),,,Plein jour,En agglomération,Intersection en T,Normale,Deux véhicules - côté,,,,,,,,,,,1,2,3,1,3
200700003561,0007-01-31 11:05:00,7,1,31,11,5,590,512,DE ROUBAIX (RUE PIERRE),,,Plein jour,En agglomération,Hors intersection,Normale,Deux véhicules - côté,,,,,,,,,,,1,2,1,1,3
200700003562,0007-01-23 17:30:00,7,1,23,17,30,590,512,DUBAR ( RUE JOSEPH),,,Nuit avec éclairage non allumé,En agglomération,Hors intersection,Normale,Autre collision,,,,,,,,,,,4,2,1,1,6
200700003563,0007-01-31 17:50:00,7,1,31,17,50,590,650,LECLERCQ (AVENUE DU CAPO,,,Nuit avec éclairage allumé,En agglomération,Hors intersection,Normale,Sans collision,,,,,,,,,,,5,2,1,1,7
200700003564,0007-01-04 05:50:00,7,1,4,5,50,590,574,WILSON(RUE),,,Nuit avec éclairage allumé,En agglomération,Intersection en T,Pluie légère,Autre collision,,,,,,,,,,,5,2,3,2,6
200700003565,0007-01-12 07:45:00,7,1,12,7,45,590,456,RN 455(ROCADE),,,Crépuscule ou aube,Hors agglomération,Hors intersection,Normale,Deux véhicules - arrière,,,,,,,,,,,2,1,1,1,2
200700003566,0007-01-03 13:25:00,7,1,3,13,25,590,599,"157, LEVANT (RUE DU)",,,Plein jour,En agglomération,Hors intersection,Temps couvert,Autre collision,,,,,,,,,,,1,2,1,8,6
200700003567,0007-01-04 17:30:00,7,1,4,17,30,590,421,CARNOT (BLD) DE1 A 29,,,Nuit avec éclairage allumé,En agglomération,Intersection en X,Temps couvert,Deux véhicules - côté,,,,,,,,,,,5,2,2,8,3
200700003568,0007-01-05 17:30:00,7,1,5,17,30,590,599,BLANC SEAU (RUE DU)1ERE,,,Nuit avec éclairage allumé,En agglomération,Hors intersection,Pluie légère,Deux véhicules - frontale,,,,,,,,,,,5,2,1,2,1
200700003569,0007-01-09 13:45:00,7,1,9,13,45,590,152,DIEU (CHEMIN DU VIEIL),,,Plein jour,Hors agglomération,Intersection en X,Normale,Deux véhicules - côté,,,,,,,,,,,1,1,2,1,3
200700003570,0007-01-15 19:50:00,7,1,15,19,50,590,90,GAULLE (AVENUE DU GENERA,,,Nuit avec éclairage allumé,En agglomération,Hors intersection,Normale,Deux véhicules - arrière,,,,,,,,,,,5,2,1,1,2
200700003571,0007-01-18 12:10:00,7,1,18,12,10,590,599,"36 bis, URSULINES (RUE D",,,Plein jour,En agglomération,Hors intersection,Pluie légère,Deux véhicules - frontale,,,,,,,,,,,1,2,1,2,1
200700003572,0007-01-23 13:50:00,7,1,23,13,50,590,599,GRAMME (CHAUSSEE),,,Plein jour,En agglomération,Intersection en X,Normale,Deux véhicules - côté,,,,,,,,,,,1,2,2,1,3
200700003573,0007-01-28 14:20:00,7,1,28,14,20,590,599,ROUGE (RUE DE LA CROIX),,,Plein jour,En agglomération,Hors intersection,Normale,Autre collision,,,,,,,,,,,1,2,1,1,6
200700003574,0007-01-30 07:55:00,7,1,30,7,55,590,508,"56, TOURCOING (RUE DE)",,,Crépuscule ou aube,En agglomération,Hors intersection,Temps couvert,Autre collision,,,,,,,,,,,2,2,1,8,6
200700003575,0007-01-28 18:30:00,7,1,28,18,30,590,152,GRAND PLACE,,,Nuit avec éclairage allumé,En agglomération,Hors intersection,Normale,Autre collision,,,,,,,,,,,5,2,1,1,6
200700003576,0007-01-10 09:15:00,7,1,10,9,15,590,14,HUGO (RUE VICTOR),,,Plein jour,En agglomération,Intersection en T,Normale,Autre collision,,,,,,,,,,,1,2,3,1,6
200700003577,0007-01-04 17:55:00,7,1,4,17,55,590,112,"510, JAURES (RUE JEAN)",,,Nuit avec éclairage allumé,En agglomération,Hors intersection,Normale,Autre collision,,,,,,,,,,,5,2,1,1,6
200700003578,0007-01-13 19:15:00,7,1,13,19,15,590,491,DURRE (RUE HENRI),,,Nuit avec éclairage allumé,En agglomération,Intersection en Y,Normale,Autre collision,,,,,,,,,,,5,2,4,1,6
200700003579,0007-01-16 09:20:00,7,1,16,9,20,590,14,FRANCE (AVENUE ANATOLE),,,Plein jour,En agglomération,Intersection en X,Normale,Autre collision,,,,,,,,,,,1,2,2,1,6
200700003580,0007-01-16 18:00:00,7,1,16,18,0,590,606,DUNKERQUE (AVENUE DE),,,Nuit avec éclairage allumé,En agglomération,Intersection en T,Normale,Deux véhicules - côté,,,,,,,,,,,5,2,3,1,3
200700003581,0007-01-11 18:00:00,7,1,11,18,0,590,112,"441, JAURES (RUE JEAN)",,,Nuit avec éclairage allumé,En agglomération,Hors intersection,Normale,Autre collision,,,,,,,,,,,5,2,1,1,6
200700003582,0007-01-08 17:15:00,7,1,8,17,15,590,491,GRAND'PLACE,,,Nuit avec éclairage allumé,En agglomération,Hors intersection,Normale,Autre collision,,,,,,,,,,,5,2,1,1,6
200700003583,0007-01-28 14:45:00,7,1,28,14,45,590,606,"73, VAUBAN (AVENUE)",,,Plein jour,En agglomération,Hors intersection,Normale,Autre collision,,,,,,,,,,,1,2,1,1,6
200700003584,0007-01-28 21:00:00,7,1,28,21,0,590,383,BARBUSSE (AVENUE HENRI),,,Nuit avec éclairage allumé,En agglomération,Intersection en T,Normale,Autre collision,,,,,,,,,,,5,2,3,1,6
200700003585,0007-01-15 09:40:00,7,1,15,9,40,590,14,ROUSSEAU (RUE WALDECK),,,Plein jour,En agglomération,Intersection en X,Normale,Autre collision,,,,,,,,,,,1,2,2,1,6
200700003586,0007-01-25 17:08:00,7,1,25,17,8,590,606,VILLARS (AVENUE),,,Plein jour,En agglomération,Hors intersection,Normale,Autre collision,,,,,,,,,,,1,2,1,1,6
200700003587,0007-01-16 13:50:00,7,1,16,13,50,590,606,"78, VILLARS (AVENUE)",,,Plein jour,En agglomération,Hors intersection,Normale,Autre collision,,,,,,,,,,,1,2,1,1,6
200700003588,0007-01-09 16:50:00,7,1,9,16,50,590,14,DEPORTES (RUE DES),,,Nuit avec éclairage allumé,En agglomération,Intersection en Y,Normale,Autre collision,,,,,,,,,,,5,2,4,1,6
200700003589,0007-01-23 07:40:00,7,1,23,7,40,590,606,VILLARS (PONT),,,Crépuscule ou aube,En agglomération,Intersection en T,Normale,Autre collision,,,,,,,,,,,2,2,3,1,6
200700003590,0007-01-01 19:50:00,7,1,1,19,50,590,459,FRANCK (RUE RENE),,,Nuit avec éclairage allumé,En agglomération,Intersection en T,Normale,Autre collision,,,,,,,,,,,5,2,3,1,6
200700003591,0007-01-29 12:20:00,7,1,29,12,20,590,491,DURRE (RUE HENRI),,,Plein jour,En agglomération,Intersection en T,Normale,Deux véhicules - arrière,,,,,,,,,,,1,2,3,1,2
200700003592,0007-01-31 14:45:00,7,1,31,14,45,590,515,RD 70,,,Plein jour,Hors agglomération,Hors intersection,Normale,Autre collision,,,,,,,,,,,1,1,1,1,6
200700003593,0007-01-03 12:00:00,7,1,3,12,0,600,57,PREFECTURE (RUE DE LA),,,Crépuscule ou aube,En agglomération,Hors intersection,Normale,Autre collision,,,,,,,,,,,2,2,1,1,6
200700003594,0007-01-12 08:00:00,7,1,12,8,0,600,57,"16, JULES BRIERE (BOULEV",,,Crépuscule ou aube,En agglomération,Hors intersection,Temps couvert,Autre collision,,,,,,,,,,,2,2,1,8,6
200700003595,0007-01-17 11:15:00,7,1,17,11,15,600,57,"5, BOURGOGNE  (AVENUE DE",,,Plein jour,En agglomération,Hors intersection,Normale,Autre collision,,,,,,,,,,,1,2,1,1,6
200700003596,0007-01-03 17:10:00,7,1,3,17,10,600,159,CLERMONT (DE),,,Crépuscule ou aube,En agglomération,Hors intersection,Normale,Autre collision,,,,,,,,,,,2,2,1,1,6
200700003597,0007-01-04 04:50:00,7,1,4,4,50,600,382,BEAUVAIS (DE),,,Nuit avec éclairage allumé,En agglomération,Hors intersection,Temps couvert,Autre collision,,,,,,,,,,,5,2,1,8,6
200700003598,0007-01-07 05:55:00,7,1,7,5,55,600,159,SAINT-NICOLAS,,,Nuit avec éclairage allumé,En agglomération,Autre intersection,Normale,Autre collision,,,,,,,,,,,5,2,9,1,6
200700003599,0007-01-31 15:10:00,7,1,31,15,10,600,159,"92, CARNOT",,,Plein jour,En agglomération,Hors intersection,Normale,Autre collision,,,,,,,,,,,1,2,1,1,6
200700003600,0007-01-01 05:30:00,7,1,1,5,30,600,175,RD 201_ROND POINT P.BLAN,,,Nuit avec éclairage non allumé,Hors agglomération,Giratoire,Normale,Sans collision,,,,,,,,,,,4,1,6,1,7
200700003601,0007-01-06 15:20:00,7,1,6,15,20,600,463,RD 200_SORTIE PONT BURTO,,,Plein jour,Hors agglomération,Autre intersection,Normale,Deux véhicules - côté,,,,,,,,,,,1,1,9,1,3
200700003602,0007-01-08 20:00:00,7,1,8,20,0,600,175,RN 16_PONT RN 330_PONT Z,,,Crépuscule ou aube,Hors agglomération,Intersection en X,Normale,Deux véhicules - côté,,,,,,,,,,,2,1,2,1,3
200700003603,0007-01-21 15:00:00,7,1,21,15,0,600,414,ALLENDE (RUE SALVADOR),,,Plein jour,En agglomération,Autre intersection,Normale,Deux véhicules - côté,,,,,,,,,,,1,2,9,1,3
200700003604,0007-01-31 08:50:00,7,1,31,8,50,600,175,RD 200_NORD,,,Plein jour,Hors agglomération,Hors intersection,Normale,Deux véhicules - frontale,,,,,,,,,,,1,1,1,1,1
200700003605,0007-01-13 11:45:00,7,1,13,11,45,610,397,"01, CHAMP DES VIGNES (RU",,,Plein jour,En agglomération,Hors intersection,Normale,Autre collision,,,,,,,,,,,1,2,1,1,6
200700003606,0007-01-29 08:30:00,7,1,29,8,30,610,1,"26, REPUBLIQUE (BOULEVAR",,,Plein jour,Hors agglomération,Hors intersection,Normale,Autre collision,,,,,,,,,,,1,1,1,1,6
200700003607,0007-01-10 12:25:00,7,1,10,12,25,610,6,"39, REPUBLIQUE (RUE DE L",,,Plein jour,En agglomération,Hors intersection,Pluie légère,Autre collision,,,,,,,,,,,1,2,1,2,6
200700003608,0007-01-01 07:22:00,7,1,1,7,22,610,169,"10, HOUSSET (RUE DU)",,,Nuit avec éclairage allumé,En agglomération,Hors intersection,Normale,Autre collision,,,,,,,,,,,5,2,1,1,6
200700003609,0007-01-21 15:45:00,7,1,21,15,45,610,169,DIJON (AVE),,,Plein jour,En agglomération,Intersection en X,Normale,Deux véhicules - côté,,,,,,,,,,,1,2,2,1,3
200700003610,0007-01-16 18:30:00,7,1,16,18,30,610,169,"12, CHARLESTON (PLACE)",,,Nuit avec éclairage allumé,En agglomération,Hors intersection,Pluie légère,Sans collision,,,,,,,,,,,5,2,1,2,7
200700003611,0007-01-09 17:45:00,7,1,9,17,45,620,41,"17, RENAN (ERNEST)",,,Nuit avec éclairage allumé,En agglomération,Hors intersection,Normale,Autre collision,,,,,,,,,,,5,2,1,1,6
200700003612,0007-01-30 20:05:00,7,1,30,20,5,620,41,"0, MEAULENS",,,Nuit avec éclairage allumé,En agglomération,Hors intersection,Normale,Trois véhicules et plus - en chaîne,,,,,,,,,,,5,2,1,1,4
200700003613,0007-01-01 07:45:00,7,1,1,7,45,620,516,CIRCONSCRIPTION,,,Nuit sans éclairage public,Hors agglomération,Hors intersection,Pluie forte,Autre collision,,,,,,,,,,,3,1,1,3,6
200700003614,0007-01-02 16:00:00,7,1,2,16,0,620,65,"128, MARTEL HENRI( BOULE",,,Plein jour,En agglomération,Intersection en X,Pluie légère,Autre collision,,,,,,,,,,,1,2,2,2,6
200700003615,0007-01-04 13:55:00,7,1,4,13,55,620,65,"114, PERI (GABRIEL BD)",,,Plein jour,En agglomération,Intersection en Y,Normale,Deux véhicules - côté,,,,,,,,,,,1,2,4,1,3
200700003616,0007-01-12 17:30:00,7,1,12,17,30,620,65,DEPRET EDOUARD,,,Nuit avec éclairage allumé,En agglomération,Hors intersection,Autre,Autre collision,,,,,,,,,,,5,2,1,9,6
200700003617,0007-01-20 15:25:00,7,1,20,15,25,620,65,"51/53, FRANCOIS MARCEL",,,Plein jour,En agglomération,Hors intersection,Normale,Deux véhicules - arrière,,,,,,,,,,,1,2,1,1,2
200700003618,0007-01-25 21:05:00,7,1,25,21,5,620,724,"00, CD 40",,,Nuit sans éclairage public,Hors agglomération,Hors intersection,Normale,Autre collision,,,,,,,,,,,3,1,1,1,6
200700003619,0007-01-27 15:50:00,7,1,27,15,50,620,724,"00, DROCOURT (ROUTE DE )",,,Plein jour,En agglomération,Hors intersection,Normale,Deux véhicules - côté,,,,,,,,,,,1,2,1,1,3
200700003620,0007-01-01 00:10:00,7,1,1,0,10,620,688,"209, MERLIMONT (ROUTE DE",,,Nuit avec éclairage allumé,En agglomération,Hors intersection,Normale,Autre collision,,,,,,,,,,,5,2,1,1,6
200700003621,0007-01-09 15:40:00,7,1,9,15,40,620,108,VERDUN,,,Plein jour,En agglomération,Intersection en X,Normale,Autre collision,,,,,,,,,,,1,2,2,1,6
200700003622,0007-01-10 18:25:00,7,1,10,18,25,620,119,CHURCHILL ( AVENUE ),,,Nuit avec éclairage allumé,En agglomération,Hors intersection,Temps couvert,Autre collision,,,,,,,,,,,5,2,1,8,6
200700003623,0007-01-15 13:00:00,7,1,15,13,0,620,836,D 86,,,Plein jour,Hors agglomération,Hors intersection,Normale,Trois véhicules et plus - collisions multiples,,,,,,,,,,,1,1,1,1,5
200700003624,0007-01-21 15:15:00,7,1,21,15,15,620,626,MUTERLOTTE ( RUE ),,,Plein jour,En agglomération,Intersection en X,Normale,Deux véhicules - côté,,,,,,,,,,,1,2,2,1,3
200700003625,0007-01-08 11:05:00,7,1,8,11,5,620,893,C.D. 940,,,Plein jour,Hors agglomération,Autre intersection,Normale,Deux véhicules - arrière,,,,,,,,,,,1,1,9,1,2
200700003626,0007-01-15 16:15:00,7,1,15,16,15,620,758,", ALEMBERT ( Bld d')",,,Plein jour,En agglomération,Intersection en T,Normale,Deux véhicules - côté,,,,,,,,,,,1,2,3,1,3
200700003627,0007-01-29 20:17:00,7,1,29,20,17,620,758,"0, CALAIS ( Route de )",,,Nuit avec éclairage allumé,En agglomération,Intersection à plus de 4 branches,Normale,Deux véhicules - côté,,,,,,,,,,,5,2,5,1,3
200700003628,0007-01-30 09:35:00,7,1,30,9,35,620,894,TRESORERIE ( Route de la,,,Plein jour,Hors agglomération,Hors intersection,Autre,Autre collision,,,,,,,,,,,1,1,1,9,6
200700003629,0007-01-28 16:50:00,7,1,28,16,50,620,457,CD 301,,,Plein jour,Hors agglomération,Hors intersection,Normale,Autre collision,,,,,,,,,,,1,1,1,1,6
200700003630,0007-01-13 01:30:00,7,1,13,1,30,620,270,"140, CARON (RUE DES FRER",,,Nuit avec éclairage allumé,En agglomération,Hors intersection,Autre,Autre collision,,,,,,,,,,,5,2,1,9,6
200700003631,0007-01-01 01:00:00,7,1,1,1,0,620,193,"62, EGALITE (BOULEVARD D",,,Nuit avec éclairage allumé,En agglomération,Hors intersection,Autre,Autre collision,,,,,,,,,,,5,2,1,9,6
200700003632,0007-01-13 10:15:00,7,1,13,10,15,620,193,FONTINETTES (RUE DES),,,Plein jour,En agglomération,Intersection en X,Normale,Autre collision,,,,,,,,,,,1,2,2,1,6
200700003633,0007-01-15 15:00:00,7,1,15,15,0,620,193,"157, GAMBETTA (BOULEVARD",,,Plein jour,En agglomération,Hors intersection,Normale,Autre collision,,,,,,,,,,,1,2,1,1,6
200700003634,0007-01-21 04:30:00,7,1,21,4,30,620,193,JACQUARD (BOULEVARD),,,Nuit avec éclairage allumé,En agglomération,Hors intersection,Normale,Autre collision,,,,,,,,,,,5,2,1,1,6
200700003635,0007-01-22 08:40:00,7,1,22,8,40,620,193,"163, EGALITE (BOULEVARD",,,Plein jour,En agglomération,Hors intersection,Normale,Autre collision,,,,,,,,,,,1,2,1,1,6
200700003636,0007-01-28 02:10:00,7,1,28,2,10,620,193,VILLARS (RUE DE),,,Nuit avec éclairage allumé,En agglomération,Hors intersection,Normale,Deux véhicules - frontale,,,,,,,,,,,5,2,1,1,1
200700003637,0007-01-02 18:00:00,7,1,2,18,0,620,215,"16, MOULIN (R  JEAN)",,,Crépuscule ou aube,En agglomération,Hors intersection,Normale,Autre collision,,,,,,,,,,,2,2,1,1,6
200700003638,0007-01-09 11:40:00,7,1,9,11,40,620,413,"sans, DELATTRE (R FRANCO",,,Plein jour,Hors agglomération,Hors intersection,Normale,Autre collision,,,,,,,,,,,1,1,1,1,6
200700003639,0007-01-05 16:35:00,7,1,5,16,35,620,907,"8, SCHUMANN (BD )",,,Nuit avec éclairage allumé,En agglomération,Hors intersection,Normale,Autre collision,,,,,,,,,,,5,2,1,1,6
200700003640,0007-01-03 14:16:00,7,1,3,14,16,620,907,"72, QUINET (R CYPRIEN)",,,Plein jour,En agglomération,Hors intersection,Normale,Autre collision,,,,,,,,,,,1,2,1,1,6
200700003641,0007-01-25 20:15:00,7,1,25,20,15,620,413,"sans, DEBARGE (R CHARLES",,,Nuit avec éclairage allumé,En agglomération,Intersection en X,Normale,Deux véhicules - côté,,,,,,,,,,,5,2,2,1,3
200700003642,0007-01-30 20:15:00,7,1,30,20,15,620,413,"sans, ZI (LA MOTTE AU BO",,,Nuit avec éclairage allumé,Hors agglomération,Autre intersection,Normale,Autre collision,,,,,,,,,,,5,1,9,1,6
200700003643,0007-01-23 20:30:00,7,1,23,20,30,620,250,"sans, 919(D)",,,Nuit avec éclairage allumé,En agglomération,Hors intersection,Normale,Autre collision,,,,,,,,,,,5,2,1,1,6
200700003644,0007-01-17 18:27:00,7,1,17,18,27,620,33,"37, POTIER (R RAYMOND)",,,Nuit avec éclairage allumé,En agglomération,Hors intersection,Pluie légère,Deux véhicules - frontale,,,,,,,,,,,5,2,1,2,1
200700003645,0007-01-31 08:15:00,7,1,31,8,15,620,907,"sans, RN 17",,,Plein jour,Hors agglomération,Hors intersection,Pluie légère,Autre collision,,,,,,,,,,,1,1,1,2,6
200700003646,0007-01-13 16:00:00,7,1,13,16,0,620,587,"0, SALENGRO (R ROGER)",,,Plein jour,En agglomération,Hors intersection,Normale,Deux véhicules - arrière,,,,,,,,,,,1,2,1,1,2
200700003647,0007-01-14 22:15:00,7,1,14,22,15,620,133,"0, REPUBLIQUE (AV. DE LA",,,Nuit avec éclairage allumé,En agglomération,Giratoire,Normale,Deux véhicules - côté,,,,,,,,,,,5,2,6,1,3
200700003648,0007-01-20 20:10:00,7,1,20,20,10,620,427,"229, SCHWEITZER ALBERT (",,,Nuit avec éclairage allumé,En agglomération,Intersection en T,Normale,Deux véhicules - côté,,,,,,,,,,,5,2,3,1,3
200700003649,0007-01-05 21:00:00,7,1,5,21,0,620,498,"306, LILLE (RTE DE)  RN",,,Nuit avec éclairage allumé,En agglomération,Intersection en T,Normale,Autre collision,,,,,,,,,,,5,2,3,1,6
200700003650,0007-01-13 19:05:00,7,1,13,19,5,620,498,"sans, SAINT ANTOINE (R )",,,Nuit avec éclairage allumé,En agglomération,Intersection en X,Normale,Deux véhicules - côté,,,,,,,,,,,5,2,2,1,3
200700003651,0007-01-16 11:40:00,7,1,16,11,40,620,498,"sans, PERELLE (R BEAULIE",,,Plein jour,En agglomération,Intersection en T,Pluie légère,Deux véhicules - côté,,,,,,,,,,,1,2,3,2,3
200700003652,0007-01-24 07:52:00,7,1,24,7,52,620,498,"XXXXXXXXX, BASSEE (RTE D",,,Crépuscule ou aube,En agglomération,Hors intersection,Pluie légère,Autre collision,,,,,,,,,,,2,2,1,2,6
200700003653,0007-01-15 10:45:00,7,1,15,10,45,620,498,"sans, WETZ (R DU)",,,Plein jour,En agglomération,Intersection à plus de 4 branches,Normale,Deux véhicules - côté,,,,,,,,,,,1,2,5,1,3
200700003654,0007-01-29 23:21:00,7,1,29,23,21,620,895,"XXXXXXXXX, RN 47",,,Nuit sans éclairage public,Hors agglomération,Hors intersection,Normale,Autre collision,,,,,,,,,,,3,1,1,1,6
200700003655,0007-01-12 18:55:00,7,1,12,18,55,620,19,"., BETHUNE (R DE)",,,Crépuscule ou aube,Hors agglomération,Hors intersection,Vent fort / tempête,Deux véhicules - côté,,,,,,,,,,,2,1,1,6,3
200700003656,0007-01-17 09:21:00,7,1,17,9,21,620,510,"., LULLI (R)",,,Plein jour,En agglomération,Intersection en X,Normale,Deux véhicules - côté,,,,,,,,,,,1,2,2,1,3
200700003657,0007-01-02 17:15:00,7,1,2,17,15,620,555,"106 BIS, GAMBETTA (RUE L",,,Nuit avec éclairage allumé,En agglomération,Hors intersection,Normale,Autre collision,,,,,,,,,,,5,2,1,1,6
200700003658,0007-01-27 15:20:00,7,1,27,15,20,620,197,"41, FRANCE ( RUE ANATOLE",,,Plein jour,En agglomération,Hors intersection,Normale,Autre collision,,,,,,,,,,,1,2,1,1,6
200700003659,0007-01-20 21:05:00,7,1,20,21,5,620,224,"15, LILLERS (RUE DE)",,,Nuit avec éclairage allumé,En agglomération,Hors intersection,Normale,Autre collision,,,,,,,,,,,5,2,1,1,6
200700003660,0007-01-01 00:35:00,7,1,1,0,35,620,525,"., CLEMENCEAU (AVE GEORG",,,Nuit avec éclairage allumé,En agglomération,Intersection en X,Normale,Trois véhicules et plus - collisions multiples,,,,,,,,,,,5,2,2,1,5
200700003661,0007-01-20 14:55:00,7,1,20,14,55,620,826,BOURDONNAIS (AVENUE DE L,,,Plein jour,En agglomération,Intersection en X,Normale,Autre collision,,,,,,,,,,,1,2,2,1,6
200700003662,0007-01-02 08:05:00,7,1,2,8,5,630,113,"1, REPUBLIQUE (AVENUE DE",,,Crépuscule ou aube,En agglomération,Intersection en T,Normale,Sans collision,,,,,,,,,,,2,2,3,1,7
200700003663,0007-01-03 10:30:00,7,1,3,10,30,630,113,"-, VIGNERONS (PLACE DES)",,,Plein jour,En agglomération,Hors intersection,Normale,Autre collision,,,,,,,,,,,1,2,1,1,6
200700003664,0007-01-03 15:30:00,7,1,3,15,30,630,14,"14, COURNON (AVENUE DE)",,,Plein jour,En agglomération,Hors intersection,Normale,Deux véhicules - côté,,,,,,,,,,,1,2,1,1,3
200700003665,0007-01-08 16:44:00,7,1,8,16,44,630,14,"1, COURNON (AVENUE DE)",,,Plein jour,En agglomération,Intersection en X,Normale,Deux véhicules - côté,,,,,,,,,,,1,2,2,1,3
200700003666,0007-01-09 12:34:00,7,1,9,12,34,630,113,"4, TRUDAINE (BD)",,,Plein jour,Hors agglomération,Hors intersection,Normale,Autre collision,,,,,,,,,,,1,1,1,1,6
200700003667,0007-01-10 11:10:00,7,1,10,11,10,630,113,COCHET (RUE GENERAL),,,Plein jour,En agglomération,Hors intersection,Normale,Autre collision,,,,,,,,,,,1,2,1,1,6
200700003668,0007-01-10 15:45:00,7,1,10,15,45,630,113,"41, SABLON (COURS)",,,Plein jour,En agglomération,Hors intersection,Temps éblouissant,Autre collision,,,,,,,,,,,1,2,1,7,6
200700003669,0007-01-10 17:27:00,7,1,10,17,27,630,113,"1, MOINIER (RUE ANDRE)",,,Plein jour,En agglomération,Hors intersection,Normale,Deux véhicules - arrière,,,,,,,,,,,1,2,1,1,2
200700003670,0007-01-12 07:25:00,7,1,12,7,25,630,113,"1, CHARTOIRE (BD LOUIS)",,,Nuit avec éclairage allumé,En agglomération,Hors intersection,Normale,Autre collision,,,,,,,,,,,5,2,1,1,6
200700003671,0007-01-12 12:55:00,7,1,12,12,55,630,113,"--, DURAND (RUE GILLES)",,,Plein jour,En agglomération,Hors intersection,Normale,Autre collision,,,,,,,,,,,1,2,1,1,6
200700003672,0007-01-12 12:50:00,7,1,12,12,50,630,113,"1, MERMOZ (AVENUE JEAN)",,,Plein jour,En agglomération,Hors intersection,Normale,Deux véhicules - frontale,,,,,,,,,,,1,2,1,1,1
200700003673,0007-01-12 15:10:00,7,1,12,15,10,630,113,"-, BLUM (AVENUE LEON)",,,Plein jour,En agglomération,Hors intersection,Normale,Deux véhicules - arrière,,,,,,,,,,,1,2,1,1,2
200700003674,0007-01-12 18:40:00,7,1,12,18,40,630,14,"5, ROUSSILLON (AVENUE DU",,,Nuit avec éclairage allumé,Hors agglomération,Hors intersection,Normale,Autre collision,,,,,,,,,,,5,1,1,1,6
200700003675,0007-01-13 15:05:00,7,1,13,15,5,630,113,"1, BEAULIEU (CHEMIN DE)",,,Plein jour,Hors agglomération,Hors intersection,Normale,Deux véhicules - côté,,,,,,,,,,,1,1,1,1,3
200700003676,0007-01-13 16:00:00,7,1,13,16,0,630,14,"5 TER, ROUSSILLON (AVENU",,,Plein jour,En agglomération,Hors intersection,Normale,Deux véhicules - frontale,,,,,,,,,,,1,2,1,1,1
200700003677,0007-01-13 16:50:00,7,1,13,16,50,630,14,ROUSSILLON (AVENUE DU),,,Plein jour,En agglomération,Giratoire,Normale,Deux véhicules - côté,,,,,,,,,,,1,2,6,1,3
200700003678,0007-01-14 19:55:00,7,1,14,19,55,630,113,"., VIVIANI (RUE)",,,Nuit avec éclairage allumé,En agglomération,Intersection en X,Normale,Autre collision,,,,,,,,,,,5,2,2,1,6
200700003679,0007-01-15 13:35:00,7,1,15,13,35,630,14,"-, MOULIN (AVENUE JEAN)",,,Plein jour,En agglomération,Hors intersection,Normale,Autre collision,,,,,,,,,,,1,2,1,1,6
200700003680,0007-01-15 14:30:00,7,1,15,14,30,630,113,COTE BLATIN (BD),,,Plein jour,En agglomération,Hors intersection,Normale,Autre collision,,,,,,,,,,,1,2,1,1,6
200700003681,0007-01-15 19:05:00,7,1,15,19,5,630,113,"1, MONTLOSIER (RUE)",,,Nuit avec éclairage allumé,En agglomération,Hors intersection,Normale,Deux véhicules - arrière,,,,,,,,,,,5,2,1,1,2
200700003682,0007-01-16 08:15:00,7,1,16,8,15,630,308,"0, GARENNE (IMPASSE DE L",,,Nuit avec éclairage allumé,En agglomération,Hors intersection,Normale,Autre collision,,,,,,,,,,,5,2,1,1,6
200700003683,0007-01-16 10:50:00,7,1,16,10,50,630,113,CHANTERANNE (RUE DE),,,Plein jour,En agglomération,Hors intersection,Normale,Autre collision,,,,,,,,,,,1,2,1,1,6
200700003684,0007-01-16 11:30:00,7,1,16,11,30,630,113,"-, KENNEDY (BD J.F.)",,,Plein jour,En agglomération,Hors intersection,Normale,Autre collision,,,,,,,,,,,1,2,1,1,6
200700003685,0007-01-16 13:10:00,7,1,16,13,10,630,14,"1, MOULIN (AVENUE JEAN)",,,Plein jour,En agglomération,Intersection en T,Normale,Deux véhicules - côté,,,,,,,,,,,1,2,3,1,3
200700003686,0007-01-16 18:05:00,7,1,16,18,5,630,113,"-, CLEMENTEL (BD ETIENNE",,,Nuit avec éclairage allumé,En agglomération,Hors intersection,Normale,Deux véhicules - frontale,,,,,,,,,,,5,2,1,1,1
200700003687,0007-01-17 07:35:00,7,1,17,7,35,630,113,"1, SAINT JEAN (BD)",,,Nuit avec éclairage allumé,En agglomération,Hors intersection,Normale,Sans collision,,,,,,,,,,,5,2,1,1,7