accident_id,datetime,annee,mois,jour,heure,minute,departement,commune_insee,adresse,latitude,longitude,luminosite,agglomeration,intersection,meteo,collision,nb_vehicules,nb_usagers,nb_indemnes,nb_tues,nb_blesses_hosp,nb_blesses_legers,age_cond_1,age_cond_2,veh_type_cond_1,veh_type_cond_2,lum_code,agg_code,int_code,atm_code,col_code
200700003819,0007-01-13 10:16:00,7,1,13,10,16,670,482,SCHIRMECK (ROUTE DE),,,Plein jour,En agglomération,Intersection en X,Normale,Deux véhicules - frontale,,,,,,,,,,,1,2,2,1,1
200700003820,0007-01-14 17:05:00,7,1,14,17,5,670,482,"00, MARCHE GARE (RUE DU)",,,Nuit avec éclairage allumé,En agglomération,Intersection en X,Normale,Trois véhicules et plus - collisions multiples,,,,,,,,,,,5,2,2,1,5
200700003821,0007-01-16 08:20:00,7,1,16,8,20,670,482,"168, SCHIRMECK (ROUTE DE",,,Plein jour,En agglomération,Intersection en T,Normale,Deux véhicules - côté,,,,,,,,,,,1,2,3,1,3
200700003822,0007-01-16 13:40:00,7,1,16,13,40,670,482,"00, COLETTE (RUE)",,,Plein jour,En agglomération,Intersection en X,Normale,Autre collision,,,,,,,,,,,1,2,2,1,6
200700003823,0007-01-17 23:10:00,7,1,17,23,10,670,482,"13, COURSE (PETITE RUE D",,,Nuit avec éclairage allumé,En agglomération,Hors intersection,Autre,Autre collision,,,,,,,,,,,5,2,1,9,6
200700003824,0007-01-19 11:30:00,7,1,19,11,30,670,482,COLMAR (AVENUE DE),,,Plein jour,En agglomération,Hors intersection,Normale,Autre collision,,,,,,,,,,,1,2,1,1,6
200700003825,0007-01-20 18:40:00,7,1,20,18,40,670,447,"00, HERRENSCHMIDT (AVENU",,,Nuit avec éclairage allumé,En agglomération,Intersection en X,Pluie légère,Deux véhicules - arrière,,,,,,,,,,,5,2,2,2,2
200700003826,0007-01-23 10:51:00,7,1,23,10,51,670,482,"4, PECHEURS (QUAI DES)",,,Plein jour,En agglomération,Hors intersection,Normale,Deux véhicules - côté,,,,,,,,,,,1,2,1,1,3
200700003827,0007-01-23 08:45:00,7,1,23,8,45,670,365,"00, ARBRES (RUE DES)",,,Plein jour,En agglomération,Intersection en T,Normale,Sans collision,,,,,,,,,,,1,2,3,1,7
200700003828,0007-01-23 21:55:00,7,1,23,21,55,670,482,"00, CURIE (RUE)",,,Nuit avec éclairage allumé,En agglomération,Hors intersection,Neige / grêle,Autre collision,,,,,,,,,,,5,2,1,4,6
200700003829,0007-01-25 15:40:00,7,1,25,15,40,670,482,COULAUX (RUE),,,Plein jour,En agglomération,Intersection en T,Normale,Deux véhicules - arrière,,,,,,,,,,,1,2,3,1,2
200700003830,0007-01-26 14:35:00,7,1,26,14,35,670,482,"0, KAGENECK (RUE)",,,Plein jour,En agglomération,Intersection en X,Normale,Deux véhicules - côté,,,,,,,,,,,1,2,2,1,3
200700003831,0007-01-27 13:00:00,7,1,27,13,0,670,482,"0, HERRENSCHMIDT (AVENUE",,,Plein jour,En agglomération,Hors intersection,Temps couvert,Trois véhicules et plus - collisions multiples,,,,,,,,,,,1,2,1,8,5
200700003832,0007-01-27 16:30:00,7,1,27,16,30,670,218,"0, ALFRED KASTLER (ROUTE",,,Crépuscule ou aube,En agglomération,Hors intersection,Normale,Deux véhicules - frontale,,,,,,,,,,,2,2,1,1,1
200700003833,0007-01-28 03:50:00,7,1,28,3,50,670,482,DOUBS (RUE DU),,,Nuit avec éclairage allumé,En agglomération,Hors intersection,Neige / grêle,Autre collision,,,,,,,,,,,5,2,1,4,6
200700003834,0007-01-29 17:30:00,7,1,29,17,30,670,482,"0, CERVANTES (AVENUE)",,,Crépuscule ou aube,En agglomération,Hors intersection,Normale,Autre collision,,,,,,,,,,,2,2,1,1,6
200700003835,0007-01-30 09:00:00,7,1,30,9,0,670,482,"67, BOECKLIN (RUE)",,,Plein jour,En agglomération,Hors intersection,Normale,Trois véhicules et plus - collisions multiples,,,,,,,,,,,1,2,1,1,5
200700003836,0007-01-30 18:08:00,7,1,30,18,8,670,43,BISCHWILLER (ROUTE DE),,,Nuit avec éclairage allumé,En agglomération,Intersection en X,Normale,Sans collision,,,,,,,,,,,5,2,2,1,7
200700003837,0007-01-31 16:20:00,7,1,31,16,20,670,482,"0, VICTOIRE (BOULEVARD D",,,Plein jour,En agglomération,Intersection en T,Normale,Autre collision,,,,,,,,,,,1,2,3,1,6
200700003838,0007-01-05 09:50:00,7,1,5,9,50,680,66,"7a, ROME (AVENUE DE)",,,Plein jour,En agglomération,Hors intersection,Normale,Autre collision,,,,,,,,,,,1,2,1,1,6
200700003839,0007-01-06 12:50:00,7,1,6,12,50,680,66,"5A, ST ELOI (RUE)",,,Plein jour,En agglomération,Hors intersection,Normale,Deux véhicules - côté,,,,,,,,,,,1,2,1,1,3
200700003840,0007-01-06 15:40:00,7,1,6,15,40,680,66,"33, POUDRIERE (RUE DE LA",,,Plein jour,En agglomération,Intersection en X,Normale,Autre collision,,,,,,,,,,,1,2,2,1,6
200700003841,0007-01-06 23:35:00,7,1,6,23,35,680,66,REPUBLIQUE (AVENUE DE LA,,,Nuit avec éclairage allumé,En agglomération,Intersection en X,Pluie légère,Deux véhicules - côté,,,,,,,,,,,5,2,2,2,3
200700003842,0007-01-11 16:25:00,7,1,11,16,25,680,66,CAVALERIE (RUE DE LA),,,Plein jour,En agglomération,Hors intersection,Normale,Deux véhicules - côté,,,,,,,,,,,1,2,1,1,3
200700003843,0007-01-14 17:20:00,7,1,14,17,20,680,66,BIRG (RUE DE LA),,,Nuit sans éclairage public,Hors agglomération,Hors intersection,Normale,Deux véhicules - frontale,,,,,,,,,,,3,1,1,1,1
200700003844,0007-01-15 13:25:00,7,1,15,13,25,680,66,"1, INGERSHEIMER-WEG",,,Plein jour,Hors agglomération,Hors intersection,Normale,Autre collision,,,,,,,,,,,1,1,1,1,6
200700003845,0007-01-18 12:25:00,7,1,18,12,25,680,66,LORRAINE (AVENUE DE),,,Plein jour,Hors agglomération,Intersection en T,Normale,Deux véhicules - côté,,,,,,,,,,,1,1,3,1,3
200700003846,0007-01-20 15:55:00,7,1,20,15,55,680,66,"66, PREMIERE ARMEE FRANC",,,Plein jour,En agglomération,Hors intersection,Normale,Deux véhicules - côté,,,,,,,,,,,1,2,1,1,3
200700003847,0007-01-23 08:00:00,7,1,23,8,0,680,66,ALTKIRCH (RUE D'),,,Plein jour,En agglomération,Hors intersection,Pluie légère,Deux véhicules - arrière,,,,,,,,,,,1,2,1,2,2
200700003848,0007-01-27 12:30:00,7,1,27,12,30,680,66,"101, SELESTAT (ROUTE DE)",,,Plein jour,En agglomération,Hors intersection,Normale,Autre collision,,,,,,,,,,,1,2,1,1,6
200700003849,0007-01-30 19:05:00,7,1,30,19,5,680,66,LADHOF (RUE DU),,,Nuit avec éclairage non allumé,En agglomération,Intersection en X,Normale,Deux véhicules - côté,,,,,,,,,,,4,2,2,1,3
200700003850,0007-01-03 09:00:00,7,1,3,9,0,680,112,"DECK, Théodore (rue)",,,Plein jour,En agglomération,Intersection en Y,Temps couvert,Deux véhicules - côté,,,,,,,,,,,1,2,4,8,3
200700003851,0007-01-10 12:00:00,7,1,10,12,0,680,112,"158, DECK, Théodore (rue",,,Plein jour,En agglomération,Intersection en X,Normale,Deux véhicules - côté,,,,,,,,,,,1,2,2,1,3
200700003852,0007-01-19 13:40:00,7,1,19,13,40,680,224,"89, ILL (RUE DE L')",,,Plein jour,En agglomération,Hors intersection,Pluie légère,Deux véhicules - arrière,,,,,,,,,,,1,2,1,2,2
200700003853,0007-01-13 15:35:00,7,1,13,15,35,680,224,"7, GAY-LUSSAC (RUE)",,,Plein jour,En agglomération,Hors intersection,Normale,Autre collision,,,,,,,,,,,1,2,1,1,6
200700003854,0007-01-18 11:25:00,7,1,18,11,25,680,224,"20, ROOSEVELT (BOULEVARD",,,Plein jour,En agglomération,Hors intersection,Normale,Autre collision,,,,,,,,,,,1,2,1,1,6
200700003855,0007-01-19 07:35:00,7,1,19,7,35,680,224,"55, LAVOISIER (RUE)",,,Plein jour,En agglomération,Intersection en T,Pluie légère,Deux véhicules - côté,,,,,,,,,,,1,2,3,2,3
200700003856,0007-01-28 04:10:00,7,1,28,4,10,680,224,SAUSHEIM (RUE DE),,,Nuit avec éclairage allumé,En agglomération,Intersection en X,Normale,Deux véhicules - côté,,,,,,,,,,,5,2,2,1,3
200700003857,0007-01-24 12:00:00,7,1,24,12,0,680,224,STOESSEL (BOULEVARD CHAR,,,Plein jour,En agglomération,Intersection en X,Neige / grêle,Sans collision,,,,,,,,,,,1,2,2,4,7
200700003858,0007-01-19 10:00:00,7,1,19,10,0,680,224,", ILLZACH (RUE D')",,,Plein jour,En agglomération,Intersection en X,Pluie légère,Autre collision,,,,,,,,,,,1,2,2,2,6
200700003859,0007-01-31 11:03:00,7,1,31,11,3,680,224,"7, GAY-LUSSAC (RUE)",,,Plein jour,En agglomération,Passage à niveau,Normale,Autre collision,,,,,,,,,,,1,2,8,1,6
200700003860,0007-01-12 16:50:00,7,1,12,16,50,680,297,"26, HENNER ( RUE DE )",,,Plein jour,En agglomération,Intersection en X,Normale,Deux véhicules - côté,,,,,,,,,,,1,2,2,1,3
200700003861,0007-01-19 11:45:00,7,1,19,11,45,680,149,"37, MICHELFELDEN ( RUE D",,,Plein jour,En agglomération,Hors intersection,Normale,Sans collision,,,,,,,,,,,1,2,1,1,7
200700003862,0007-01-05 17:05:00,7,1,5,17,5,680,166,"55, GUEBWILLER (RUE DE)",,,Plein jour,En agglomération,Hors intersection,Normale,Deux véhicules - côté,,,,,,,,,,,1,2,1,1,3
200700003863,0007-01-15 07:15:00,7,1,15,7,15,680,376,"55, MINES (RUE DES)",,,Crépuscule ou aube,En agglomération,Hors intersection,Brouillard / fumée,Autre collision,,,,,,,,,,,2,2,1,5,6
200700003864,0007-01-30 10:45:00,7,1,30,10,45,680,376,"117, SCHWEITZER (RUE DU",,,Plein jour,En agglomération,Hors intersection,Normale,Deux véhicules - arrière,,,,,,,,,,,1,2,1,1,2
200700003865,0007-01-17 16:15:00,7,1,17,16,15,690,29,", AVENUE DU 8 MAI 1945",,,Plein jour,En agglomération,Intersection en X,Normale,Deux véhicules - côté,,,,,,,,,,,1,2,2,1,3
200700003866,0007-01-19 06:40:00,7,1,19,6,40,690,29,"324 BIS, ROUTE DE GENAS",,,Nuit avec éclairage allumé,En agglomération,Hors intersection,Temps couvert,Sans collision,,,,,,,,,,,5,2,1,8,7
200700003867,0007-01-22 20:50:00,7,1,22,20,50,690,290,RUE ARISTIDE BRIAND,,,Nuit avec éclairage allumé,En agglomération,Intersection en X,Normale,Deux véhicules - côté,,,,,,,,,,,5,2,2,1,3
200700003868,0007-01-12 21:20:00,7,1,12,21,20,690,34,RUE PASTEUR,,,Nuit avec éclairage allumé,En agglomération,Hors intersection,Normale,Autre collision,,,,,,,,,,,5,2,1,1,6
200700003869,0007-01-16 08:48:00,7,1,16,8,48,690,34,RUE PASTEUR,,,Plein jour,En agglomération,Hors intersection,Vent fort / tempête,Autre collision,,,,,,,,,,,1,2,1,6,6
200700003870,0007-01-19 17:15:00,7,1,19,17,15,690,34,"22, RUE BERTHELOT",,,Crépuscule ou aube,En agglomération,Hors intersection,Normale,Autre collision,,,,,,,,,,,2,2,1,1,6
200700003871,0007-01-20 06:35:00,7,1,20,6,35,690,34,QUAI DE BELLEVUE,,,Nuit avec éclairage allumé,Hors agglomération,Hors intersection,Normale,Autre collision,,,,,,,,,,,5,1,1,1,6
200700003872,0007-01-18 11:33:00,7,1,18,11,33,690,34,"73, RUE JEAN MOULIN",,,Plein jour,En agglomération,Hors intersection,Normale,Autre collision,,,,,,,,,,,1,2,1,1,6
200700003873,0007-01-03 09:55:00,7,1,3,9,55,690,91,"2, CHARLES SIMON ( R )",,,Plein jour,En agglomération,Hors intersection,Pluie légère,Sans collision,,,,,,,,,,,1,2,1,2,7
200700003874,0007-01-04 19:05:00,7,1,4,19,5,690,202,"95, COMMANDANT CHARCOT (",,,Nuit avec éclairage allumé,En agglomération,Hors intersection,Pluie forte,Autre collision,,,,,,,,,,,5,2,1,3,6
200700003875,0007-01-24 18:15:00,7,1,24,18,15,690,149,"223, GRANDE RUE",,,Nuit avec éclairage allumé,En agglomération,Hors intersection,Normale,Deux véhicules - côté,,,,,,,,,,,5,2,1,1,3
200700003876,0007-01-07 16:35:00,7,1,7,16,35,690,256,VERCHERES (DES),,,Plein jour,En agglomération,Hors intersection,Normale,Autre collision,,,,,,,,,,,1,2,1,1,6
200700003877,0007-01-23 11:38:00,7,1,23,11,38,690,256,FRANKLIN ROOSEVELT,,,Plein jour,En agglomération,Hors intersection,Pluie légère,Deux véhicules - côté,,,,,,,,,,,1,2,1,2,3
200700003878,0007-01-31 10:50:00,7,1,31,10,50,690,259,AVENUE JEAN CAGNE,,,Plein jour,En agglomération,Hors intersection,Normale,Deux véhicules - arrière,,,,,,,,,,,1,2,1,1,2
200700003879,0007-01-10 12:50:00,7,1,10,12,50,690,259,"0, RUE DU PROFESSEUR ROU",,,Plein jour,En agglomération,Intersection en X,Normale,Deux véhicules - côté,,,,,,,,,,,1,2,2,1,3
200700003880,0007-01-11 10:50:00,7,1,11,10,50,690,199,AVENUE ALBERT RAMBOZ,,,Plein jour,Hors agglomération,Intersection en X,Normale,Deux véhicules - côté,,,,,,,,,,,1,1,2,1,3
200700003881,0007-01-12 18:40:00,7,1,12,18,40,690,259,BOULEVARD IRENE JOLIOT C,,,Nuit sans éclairage public,En agglomération,Hors intersection,Normale,Autre collision,,,,,,,,,,,3,2,1,1,6
200700003882,0007-01-13 11:40:00,7,1,13,11,40,690,199,"0, CARNOT",,,Plein jour,En agglomération,Hors intersection,Normale,Deux véhicules - côté,,,,,,,,,,,1,2,1,1,3
200700003883,0007-01-19 06:15:00,7,1,19,6,15,690,199,"0, BOULEVARD YVES FARGE",,,Nuit avec éclairage allumé,En agglomération,Hors intersection,Normale,Deux véhicules - arrière,,,,,,,,,,,5,2,1,1,2
200700003884,0007-01-26 17:45:00,7,1,26,17,45,690,259,AVENUE CHARLES DE GAULLE,,,Nuit avec éclairage allumé,En agglomération,Hors intersection,Normale,Trois véhicules et plus - en chaîne,,,,,,,,,,,5,2,1,1,4
200700003885,0007-01-12 19:42:00,7,1,12,19,42,690,264,FRANS ROUTE DE,,,Nuit avec éclairage allumé,En agglomération,Hors intersection,Normale,Deux véhicules - frontale,,,,,,,,,,,5,2,1,1,1
200700003886,0007-01-12 22:00:00,7,1,12,22,0,690,92,"535, GRILLONS (RUE DES)",,,Nuit avec éclairage allumé,En agglomération,Hors intersection,Normale,Autre collision,,,,,,,,,,,5,2,1,1,6
200700003887,0007-01-23 08:35:00,7,1,23,8,35,690,264,"89, GAMBETTA  BD",,,Plein jour,En agglomération,Hors intersection,Pluie légère,Autre collision,,,,,,,,,,,1,2,1,2,6
200700003888,0007-01-31 18:30:00,7,1,31,18,30,690,13,SAINT JULIEN (ROUTE DE),,,Nuit avec éclairage allumé,Hors agglomération,Hors intersection,Normale,Autre collision,,,,,,,,,,,5,1,1,1,6
200700003889,0007-01-12 11:25:00,7,1,12,11,25,690,266,"80, RUE DE LA POUDRETTE",,,Plein jour,En agglomération,Hors intersection,Normale,Autre collision,,,,,,,,,,,1,2,1,1,6
200700003890,0007-01-16 18:00:00,7,1,16,18,0,690,266,"1, RUE VALENTIN HAUY",,,Nuit avec éclairage allumé,En agglomération,Intersection en X,Normale,Deux véhicules - côté,,,,,,,,,,,5,2,2,1,3
200700003891,0007-01-19 07:30:00,7,1,19,7,30,690,266,"229, RUE FRANCIS DE PRES",,,Crépuscule ou aube,En agglomération,Hors intersection,Temps couvert,Deux véhicules - arrière,,,,,,,,,,,2,2,1,8,2
200700003892,0007-01-20 12:15:00,7,1,20,12,15,690,275,AVENUE FRANKLIN ROOSEVEL,,,Plein jour,En agglomération,Passage à niveau,Normale,Autre collision,,,,,,,,,,,1,2,8,1,6
200700003893,0007-01-07 06:40:00,7,1,7,6,40,690,282,"., RUE JEAN JAURES",,,Crépuscule ou aube,En agglomération,Hors intersection,Pluie légère,Autre collision,,,,,,,,,,,2,2,1,2,6
200700003894,0007-01-08 18:15:00,7,1,8,18,15,690,282,"., RUE DU 8 MAI 1945",,,Nuit avec éclairage allumé,En agglomération,Intersection en T,Pluie légère,Autre collision,,,,,,,,,,,5,2,3,2,6
200700003895,0007-01-09 15:50:00,7,1,9,15,50,690,282,"15, AVENUE DU MARECHAL D",,,Plein jour,En agglomération,Hors intersection,Normale,Deux véhicules - arrière,,,,,,,,,,,1,2,1,1,2
200700003896,0007-01-03 18:35:00,7,1,3,18,35,690,29,"0, AERODROME DE BRON",,,Nuit avec éclairage allumé,En agglomération,Intersection en X,Normale,Autre collision,,,,,,,,,,,5,2,2,1,6
200700003897,0007-01-08 18:35:00,7,1,8,18,35,690,290,ROUTE DE LYON,,,Nuit avec éclairage allumé,En agglomération,Hors intersection,Pluie forte,Trois véhicules et plus - en chaîne,,,,,,,,,,,5,2,1,3,4
200700003898,0007-01-09 11:25:00,7,1,9,11,25,690,290,"92 ter, CHEMIN DU CHARBO",,,Plein jour,En agglomération,Hors intersection,Normale,Deux véhicules - côté,,,,,,,,,,,1,2,1,1,3
200700003899,0007-01-13 00:20:00,7,1,13,0,20,690,290,"78, RUE ARISTIDE BRIAND",,,Nuit avec éclairage allumé,En agglomération,Hors intersection,Normale,Deux véhicules - frontale,,,,,,,,,,,5,2,1,1,1
200700003900,0007-01-15 08:10:00,7,1,15,8,10,700,388,RD457,,,Crépuscule ou aube,Hors agglomération,Hors intersection,Brouillard / fumée,Deux véhicules - côté,,,,,,,,,,,2,1,1,5,3
200700003901,0007-01-16 14:15:00,7,1,16,14,15,700,550,LIBERATION (ROND POINT D,,,Plein jour,En agglomération,Giratoire,Normale,Deux véhicules - arrière,,,,,,,,,,,1,2,6,1,2
200700003902,0007-01-17 20:00:00,7,1,17,20,0,700,388,"22, ORY Noel (RUE)",,,Nuit avec éclairage allumé,En agglomération,Hors intersection,Pluie légère,Deux véhicules - frontale,,,,,,,,,,,5,2,1,2,1
200700003903,0007-01-02 17:55:00,7,1,2,17,55,710,445,"11, DOLE (ROUTE)",,,Nuit avec éclairage allumé,En agglomération,Hors intersection,Pluie légère,Deux véhicules - côté,,,,,,,,,,,5,2,1,2,3
200700003904,0007-01-03 09:35:00,7,1,3,9,35,710,76,BOUCICAUT (AVENUE),,,Plein jour,En agglomération,Intersection en X,Normale,Trois véhicules et plus - collisions multiples,,,,,,,,,,,1,2,2,1,5
200700003905,0007-01-14 17:45:00,7,1,14,17,45,710,540,THIELLAY (LE)  RN.80,,,Nuit sans éclairage public,Hors agglomération,Intersection en T,Normale,Deux véhicules - côté,,,,,,,,,,,3,1,3,1,3
200700003906,0007-01-17 12:25:00,7,1,17,12,25,710,540,Rond-Point du Vieux Saul,,,Plein jour,Hors agglomération,Giratoire,Normale,Deux véhicules - arrière,,,,,,,,,,,1,1,6,1,2
200700003907,0007-01-26 19:55:00,7,1,26,19,55,710,309,"27, AUTUN (RUE D')",,,Nuit avec éclairage allumé,En agglomération,Hors intersection,Normale,Autre collision,,,,,,,,,,,5,2,1,1,6
200700003908,0007-01-29 11:00:00,7,1,29,11,0,710,540,CENTRE A CENTRE (ROUTE),,,Plein jour,En agglomération,Giratoire,Normale,Deux véhicules - côté,,,,,,,,,,,1,2,6,1,3
200700003909,0007-01-04 00:40:00,7,1,4,0,40,710,270,"nr1, REVILLON (RUE JULES",,,Nuit avec éclairage allumé,En agglomération,Hors intersection,Normale,Autre collision,,,,,,,,,,,5,2,1,1,6
200700003910,0007-01-05 09:50:00,7,1,5,9,50,710,270,HERRIOT (AVENUE EDOUARD),,,Plein jour,En agglomération,Hors intersection,Normale,Autre collision,,,,,,,,,,,1,2,1,1,6
200700003911,0007-01-05 10:45:00,7,1,5,10,45,710,270,LYON (ROUTE DE),,,Plein jour,En agglomération,Hors intersection,Normale,Trois véhicules et plus - en chaîne,,,,,,,,,,,1,2,1,1,4
200700003912,0007-01-08 07:35:00,7,1,8,7,35,710,270,HERRIOT (AVENUE EDOUARD),,,Nuit avec éclairage allumé,En agglomération,Hors intersection,Normale,Autre collision,,,,,,,,,,,5,2,1,1,6
200700003913,0007-01-11 18:30:00,7,1,11,18,30,710,105,"48, COUPEE (GRANDE-RUE D",,,Nuit avec éclairage allumé,En agglomération,Hors intersection,Normale,Autre collision,,,,,,,,,,,5,2,1,1,6
200700003914,0007-01-19 16:00:00,7,1,19,16,0,710,270,"102, FLANDINES (RUE DES)",,,Plein jour,En agglomération,Hors intersection,Pluie légère,Deux véhicules - côté,,,,,,,,,,,1,2,1,2,3
200700003915,0007-01-20 16:30:00,7,1,20,16,30,710,270,EUROPE (CARREFOUR DE L'),,,Plein jour,En agglomération,Giratoire,Normale,Deux véhicules - côté,,,,,,,,,,,1,2,6,1,3
200700003916,0007-01-21 19:35:00,7,1,21,19,35,710,270,"NR1, CASSIN (AVENUE RENE",,,Nuit sans éclairage public,En agglomération,Hors intersection,Normale,Autre collision,,,,,,,,,,,3,2,1,1,6
200700003917,0007-01-21 18:40:00,7,1,21,18,40,710,270,HERRIOT (AVENUE EDOUARD),,,Nuit sans éclairage public,En agglomération,Hors intersection,Normale,Deux véhicules - côté,,,,,,,,,,,3,2,1,1,3
200700003918,0007-01-22 07:45:00,7,1,22,7,45,710,270,"4, ARCELIN (RUE ADRIEN)",,,Crépuscule ou aube,En agglomération,Hors intersection,Normale,Autre collision,,,,,,,,,,,2,2,1,1,6
200700003919,0007-01-23 11:05:00,7,1,23,11,5,710,270,PILLET (RUE CHARLES),,,Plein jour,En agglomération,Intersection en T,Pluie légère,Deux véhicules - côté,,,,,,,,,,,1,2,3,2,3
200700003920,0007-01-12 07:10:00,7,1,12,7,10,710,306,LUCY (RUE DE),,,Crépuscule ou aube,En agglomération,Intersection en X,Normale,Deux véhicules - côté,,,,,,,,,,,2,2,2,1,3
200700003921,0007-01-20 19:45:00,7,1,20,19,45,710,306,ALOUETTES (AVENUE DES),,,Nuit avec éclairage non allumé,En agglomération,Intersection en Y,Normale,Deux véhicules - frontale,,,,,,,,,,,4,2,4,1,1
200700003922,0007-01-03 08:20:00,7,1,3,8,20,720,181,BONNETABLE (RTE) N° IMP,,,Plein jour,En agglomération,Hors intersection,Normale,Deux véhicules - côté,,,,,,,,,,,1,2,1,1,3
200700003923,0007-01-04 05:00:00,7,1,4,5,0,720,181,BLANC LOUIS (QUAI),,,Nuit avec éclairage allumé,En agglomération,Hors intersection,Normale,Deux véhicules - côté,,,,,,,,,,,5,2,1,1,3
200700003924,0007-01-04 10:05:00,7,1,4,10,5,720,181,RUAUDIN (RUE) N° IMP 1 A,,,Plein jour,En agglomération,Intersection en T,Pluie légère,Deux véhicules - frontale,,,,,,,,,,,1,2,3,2,1
200700003925,0007-01-04 13:30:00,7,1,4,13,30,720,181,SEMARD PIERRE (RUE),,,Plein jour,En agglomération,Hors intersection,Pluie légère,Autre collision,,,,,,,,,,,1,2,1,2,6
200700003926,0007-01-06 20:35:00,7,1,6,20,35,720,181,GLONNIERES (BD) N° IMP,,,Nuit avec éclairage allumé,Hors agglomération,Intersection en T,Pluie légère,Trois véhicules et plus - collisions multiples,,,,,,,,,,,5,1,3,2,5
200700003927,0007-01-07 15:30:00,7,1,7,15,30,720,181,MAC JEAN (AV) N° IMP 107,,,Plein jour,En agglomération,Intersection en X,Normale,Deux véhicules - côté,,,,,,,,,,,1,2,2,1,3
200700003928,0007-01-08 16:25:00,7,1,8,16,25,720,181,PATTON GENERAL RTE ST-AU,,,Plein jour,Hors agglomération,Hors intersection,Pluie légère,Deux véhicules - arrière,,,,,,,,,,,1,1,1,2,2
200700003929,0007-01-08 17:40:00,7,1,8,17,40,720,181,KLOTZ HENRI-PIERRE (AV),,,Nuit avec éclairage allumé,Hors agglomération,Hors intersection,Pluie légère,Deux véhicules - côté,,,,,,,,,,,5,1,1,2,3
200700003930,0007-01-10 08:40:00,7,1,10,8,40,720,181,DEGRE CENTRE DE SECOURS,,,Plein jour,En agglomération,Hors intersection,Normale,Deux véhicules - côté,,,,,,,,,,,1,2,1,1,3
200700003931,0007-01-10 16:40:00,7,1,10,16,40,720,181,"61, CORDELET LOUIS ( AV)",,,Plein jour,En agglomération,Hors intersection,Pluie légère,Deux véhicules - arrière,,,,,,,,,,,1,2,1,2,2
200700003932,0007-01-10 17:25:00,7,1,10,17,25,720,181,DEMORIEUX IMP DE ROCADE,,,Plein jour,En agglomération,Hors intersection,Normale,Deux véhicules - arrière,,,,,,,,,,,1,2,1,1,2
200700003933,0007-01-11 15:20:00,7,1,11,15,20,720,181,"36, VERGNES (RUE DES)",,,Plein jour,En agglomération,Hors intersection,Normale,Autre collision,,,,,,,,,,,1,2,1,1,6
200700003934,0007-01-11 19:35:00,7,1,11,19,35,720,181,KLOTZ HENRI-PIERRE (AV),,,Nuit avec éclairage allumé,En agglomération,Hors intersection,Pluie légère,Deux véhicules - côté,,,,,,,,,,,5,2,1,2,3
200700003935,0007-01-12 07:30:00,7,1,12,7,30,720,181,DEMORIEUX IMP DE ROCADE,,,Plein jour,En agglomération,Hors intersection,Normale,Autre collision,,,,,,,,,,,1,2,1,1,6
200700003936,0007-01-12 14:10:00,7,1,12,14,10,720,181,"10, MORDRET ERNEST DOCTE",,,Plein jour,En agglomération,Hors intersection,Pluie légère,Deux véhicules - côté,,,,,,,,,,,1,2,1,2,3
200700003937,0007-01-13 10:17:00,7,1,13,10,17,720,181,MUTUEL (BD),,,Plein jour,En agglomération,Hors intersection,Pluie légère,Autre collision,,,,,,,,,,,1,2,1,2,6
200700003938,0007-01-13 11:45:00,7,1,13,11,45,720,181,GAUTHIER GEORGES (PL),,,Plein jour,En agglomération,Hors intersection,Pluie légère,Sans collision,,,,,,,,,,,1,2,1,2,7
200700003939,0007-01-13 21:00:00,7,1,13,21,0,720,181,LAIGNE RUE DE N° IMP 1 A,,,Nuit avec éclairage allumé,En agglomération,Hors intersection,Pluie légère,Deux véhicules - côté,,,,,,,,,,,5,2,1,2,3
200700003940,0007-01-15 08:00:00,7,1,15,8,0,720,181,MADRID (AV DE),,,Nuit avec éclairage allumé,En agglomération,Hors intersection,Pluie légère,Autre collision,,,,,,,,,,,5,2,1,2,6
200700003941,0007-01-15 09:10:00,7,1,15,9,10,720,181,GENESLAY FELIX (AV) N° I,,,Plein jour,En agglomération,Hors intersection,Brouillard / fumée,Autre collision,,,,,,,,,,,1,2,1,5,6
200700003942,0007-01-15 15:40:00,7,1,15,15,40,720,181,MAILLETS (RUE DES) IMP 1,,,Plein jour,En agglomération,Intersection en T,Pluie légère,Deux véhicules - côté,,,,,,,,,,,1,2,3,2,3
200700003943,0007-01-15 16:30:00,7,1,15,16,30,720,181,ESTIENNE D'ORVES (BD D'),,,Plein jour,En agglomération,Hors intersection,Pluie légère,Deux véhicules - arrière,,,,,,,,,,,1,2,1,2,2
200700003944,0007-01-15 17:55:00,7,1,15,17,55,720,3,RATERIE (RUE DE LA),,,Nuit avec éclairage allumé,En agglomération,Hors intersection,Normale,Deux véhicules - arrière,,,,,,,,,,,5,2,1,1,2
200700003945,0007-01-15 20:10:00,7,1,15,20,10,720,181,RUAUDIN (RUE) N° IMP 1 A,,,Nuit avec éclairage allumé,En agglomération,Hors intersection,Normale,Deux véhicules - frontale,,,,,,,,,,,5,2,1,1,1
200700003946,0007-01-16 17:20:00,7,1,16,17,20,720,181,VOLOS (AVENUE DE),,,Crépuscule ou aube,En agglomération,Intersection en X,Pluie légère,Deux véhicules - arrière,,,,,,,,,,,2,2,2,2,2
200700003947,0007-01-19 07:00:00,7,1,19,7,0,720,181,LEFAUCHEUX PIERRE (BD),,,Plein jour,En agglomération,Hors intersection,Normale,Deux véhicules - arrière,,,,,,,,,,,1,2,1,1,2
200700003948,0007-01-19 13:45:00,7,1,19,13,45,720,181,MAINE (RUE DU),,,Plein jour,En agglomération,Intersection en X,Pluie légère,Deux véhicules - côté,,,,,,,,,,,1,2,2,2,3