accident_id,datetime,annee,mois,jour,heure,minute,departement,commune_insee,adresse,latitude,longitude,luminosite,agglomeration,intersection,meteo,collision,nb_vehicules,nb_usagers,nb_indemnes,nb_tues,nb_blesses_hosp,nb_blesses_legers,age_cond_1,age_cond_2,veh_type_cond_1,veh_type_cond_2,lum_code,agg_code,int_code,atm_code,col_code
200700003949,0007-01-19 15:30:00,7,1,19,15,30,720,181,LAIGNE RUE DE N° IMP 115,,,Plein jour,En agglomération,Hors intersection,Normale,Deux véhicules - arrière,,,,,,,,,,,1,2,1,1,2
200700003950,0007-01-20 18:25:00,7,1,20,18,25,720,181,LAVAL (RTE DE) PAIRS,,,Nuit avec éclairage allumé,En agglomération,Hors intersection,Pluie légère,Deux véhicules - côté,,,,,,,,,,,5,2,1,2,3
200700003951,0007-01-20 17:25:00,7,1,20,17,25,720,181,WASHINGTON GEORGES (PL),,,Nuit avec éclairage allumé,En agglomération,Hors intersection,Pluie légère,Autre collision,,,,,,,,,,,5,2,1,2,6
200700003952,0007-01-23 17:10:00,7,1,23,17,10,720,181,COURBET GUST. ENTRE COLL,,,Plein jour,En agglomération,Hors intersection,Normale,Deux véhicules - côté,,,,,,,,,,,1,2,1,1,3
200700003953,0007-01-23 15:40:00,7,1,23,15,40,720,181,GAULLE GENERAL DE (AV DU,,,Plein jour,En agglomération,Hors intersection,Normale,Autre collision,,,,,,,,,,,1,2,1,1,6
200700003954,0007-01-23 21:20:00,7,1,23,21,20,720,181,ROUTE DE PARIGNE,,,Nuit avec éclairage allumé,Hors agglomération,Hors intersection,Normale,Autre collision,,,,,,,,,,,5,1,1,1,6
200700003955,0007-01-24 21:20:00,7,1,24,21,20,720,181,ARNAGE (RUE D') N° IMP 1,,,Nuit avec éclairage allumé,En agglomération,Hors intersection,Neige / grêle,Autre collision,,,,,,,,,,,5,2,1,4,6
200700003956,0007-01-25 18:25:00,7,1,25,18,25,720,181,DEMORIEUX IMP DE ROCADE,,,Nuit avec éclairage allumé,En agglomération,Hors intersection,Normale,Autre collision,,,,,,,,,,,5,2,1,1,6
200700003957,0007-01-26 12:00:00,7,1,26,12,0,720,181,"31, RONDEAU JEAN (RUE)",,,Plein jour,En agglomération,Hors intersection,Normale,Deux véhicules - côté,,,,,,,,,,,1,2,1,1,3
200700003958,0007-01-27 02:20:00,7,1,27,2,20,720,181,"138, JAURES JEAN (AV) N°",,,Nuit avec éclairage allumé,En agglomération,Hors intersection,Normale,Deux véhicules - frontale,,,,,,,,,,,5,2,1,1,1
200700003959,0007-01-27 07:45:00,7,1,27,7,45,720,181,RUBILLARD AV N° IMP 1 A,,,Crépuscule ou aube,En agglomération,Hors intersection,Normale,Deux véhicules - côté,,,,,,,,,,,2,2,1,1,3
200700003960,0007-01-27 18:55:00,7,1,27,18,55,720,181,"49, MAILLETS (RUE DES) I",,,Nuit avec éclairage allumé,En agglomération,Hors intersection,Normale,Autre collision,,,,,,,,,,,5,2,1,1,6
200700003961,0007-01-29 07:40:00,7,1,29,7,40,720,181,LAIGNE RUE DE N° PAIRS 1,,,Nuit avec éclairage allumé,En agglomération,Intersection en T,Normale,Deux véhicules - côté,,,,,,,,,,,5,2,3,1,3
200700003962,0007-01-30 08:50:00,7,1,30,8,50,720,181,"28, BOLLEE (AV) N° PAIRS",,,Plein jour,En agglomération,Hors intersection,Normale,Autre collision,,,,,,,,,,,1,2,1,1,6
200700003963,0007-01-30 15:35:00,7,1,30,15,35,720,181,VAN GOGH (RUE),,,Plein jour,En agglomération,Hors intersection,Normale,Deux véhicules - frontale,,,,,,,,,,,1,2,1,1,1
200700003964,0007-01-09 13:45:00,7,1,9,13,45,730,11,SAINTE THERESE (AVENUE),,,Plein jour,En agglomération,Giratoire,Normale,Deux véhicules - côté,,,,,,,,,,,1,2,6,1,3
200700003965,0007-01-26 07:25:00,7,1,26,7,25,730,11,"03, WINNENDEN (AVENUE DE",,,Nuit avec éclairage allumé,En agglomération,Hors intersection,Normale,Autre collision,,,,,,,,,,,5,2,1,1,6
200700003966,0007-01-10 17:17:00,7,1,10,17,17,730,65,AIX LES BAINS (AVENUE D',,,Nuit sans éclairage public,En agglomération,Hors intersection,Normale,Deux véhicules - frontale,,,,,,,,,,,3,2,1,1,1
200700003967,0007-01-03 13:35:00,7,1,3,13,35,740,10,EUSTACHE CHAPPUIS,,,Plein jour,En agglomération,Intersection en T,Normale,Autre collision,,,,,,,,,,,1,2,3,1,6
200700003968,0007-01-05 17:45:00,7,1,5,17,45,740,10,GENEVE (AVENUE DE)(SECTE,,,Nuit avec éclairage allumé,En agglomération,Hors intersection,Pluie forte,Autre collision,,,,,,,,,,,5,2,1,3,6
200700003969,0007-01-12 07:30:00,7,1,12,7,30,740,10,BROGNY (AVENUE DE) (SECT,,,Nuit avec éclairage allumé,En agglomération,Hors intersection,Normale,Autre collision,,,,,,,,,,,5,2,1,1,6
200700003970,0007-01-13 23:40:00,7,1,13,23,40,740,10,"11, FIER (BOULEVARD DU))",,,Nuit avec éclairage allumé,En agglomération,Hors intersection,Normale,Autre collision,,,,,,,,,,,5,2,1,1,6
200700003971,0007-01-15 08:10:00,7,1,15,8,10,740,10,"., ST-BERNARD DE MENTHON",,,Plein jour,En agglomération,Giratoire,Normale,Autre collision,,,,,,,,,,,1,2,6,1,6
200700003972,0007-01-15 14:45:00,7,1,15,14,45,740,10,"., MARQUISATS (AVENUE DE",,,Plein jour,En agglomération,Hors intersection,Normale,Deux véhicules - arrière,,,,,,,,,,,1,2,1,1,2
200700003973,0007-01-18 17:25:00,7,1,18,17,25,740,93,"36, REPUBLIQUE (AVENUE D",,,Nuit avec éclairage allumé,En agglomération,Hors intersection,Pluie forte,Autre collision,,,,,,,,,,,5,2,1,3,6
200700003974,0007-01-22 18:10:00,7,1,22,18,10,740,10,CHEVESNES (RUE + QUARTIE,,,Nuit avec éclairage allumé,En agglomération,Hors intersection,Normale,Autre collision,,,,,,,,,,,5,2,1,1,6
200700003975,0007-01-28 02:24:00,7,1,28,2,24,740,10,MAQUIS (CHEMIN DU),,,Nuit avec éclairage allumé,En agglomération,Intersection en X,Temps couvert,Autre collision,,,,,,,,,,,5,2,2,8,6
200700003976,0007-01-20 12:00:00,7,1,20,12,0,740,10,"., PARMELAN",,,Plein jour,En agglomération,Hors intersection,Normale,Autre collision,,,,,,,,,,,1,2,1,1,6
200700003977,0007-01-09 18:00:00,7,1,9,18,0,740,12,"88, BONNEVILLE (ROUTE DE",,,Nuit avec éclairage allumé,En agglomération,Hors intersection,Normale,Deux véhicules - arrière,,,,,,,,,,,5,2,1,1,2
200700003978,0007-01-13 10:45:00,7,1,13,10,45,740,298,ERABLES (CHEMIN DES),,,Plein jour,En agglomération,Intersection en T,Normale,Deux véhicules - côté,,,,,,,,,,,1,2,3,1,3
200700003979,0007-01-26 07:05:00,7,1,26,7,5,740,12,"90, ROMAGNY (RUE DE)",,,Crépuscule ou aube,En agglomération,Hors intersection,Normale,Deux véhicules - côté,,,,,,,,,,,2,2,1,1,3
200700003980,0007-01-30 15:41:00,7,1,30,15,41,740,133,CASSIN (RUE RENE),,,Plein jour,En agglomération,Hors intersection,Normale,Autre collision,,,,,,,,,,,1,2,1,1,6
200700003981,0007-01-27 04:50:00,7,1,27,4,50,740,218,THONON (AVENUE DE),,,Nuit sans éclairage public,En agglomération,Hors intersection,Normale,Autre collision,,,,,,,,,,,3,2,1,1,6
200700003982,0007-01-07 16:25:00,7,1,7,16,25,740,172,NATIONALE (ROUTE),,,Plein jour,En agglomération,Hors intersection,Pluie légère,Sans collision,,,,,,,,,,,1,2,1,2,7
200700003983,0007-01-17 08:15:00,7,1,17,8,15,740,281,LIBERATION (AVENUE DE LA,,,Plein jour,En agglomération,Hors intersection,Pluie légère,Deux véhicules - côté,,,,,,,,,,,1,2,1,2,3
200700003984,0007-01-17 17:10:00,7,1,17,17,10,740,13,PORT DE SECHEX (ROUTE DU,,,Plein jour,Hors agglomération,Hors intersection,Normale,Sans collision,,,,,,,,,,,1,1,1,1,7
200700003985,0007-01-01 00:30:00,7,1,1,0,30,750,19,PL AUGUSTE BARON ECH VIL,,,Nuit avec éclairage allumé,En agglomération,Intersection en Y,Normale,Autre collision,,,,,,,,,,,5,2,4,1,6
200700003986,0007-01-01 06:10:00,7,1,1,6,10,750,16,6 BD D AUTEUIL,,,Nuit avec éclairage allumé,En agglomération,Hors intersection,Normale,Autre collision,,,,,,,,,,,5,2,1,1,6
200700003987,0007-01-02 14:36:00,7,1,2,14,36,750,4,7 PL DE LA BASTILLE,,,Plein jour,En agglomération,Hors intersection,Normale,Deux véhicules - arrière,,,,,,,,,,,1,2,1,1,2
200700003988,0007-01-02 17:03:00,7,1,2,17,3,750,7,R DE BABYLONE BD DES INV,,,Nuit avec éclairage allumé,En agglomération,Intersection en X,Normale,Deux véhicules - côté,,,,,,,,,,,5,2,2,1,3
200700003989,0007-01-02 22:45:00,7,1,2,22,45,750,20,ECH BAGNOLET,,,Nuit avec éclairage allumé,En agglomération,Hors intersection,Normale,Autre collision,,,,,,,,,,,5,2,1,1,6
200700003990,0007-01-05 07:15:00,7,1,5,7,15,750,20,BPI MONTREUIL VINCENNES,,,Nuit avec éclairage allumé,En agglomération,Hors intersection,Normale,Deux véhicules - côté,,,,,,,,,,,5,2,1,1,3
200700003991,0007-01-05 09:45:00,7,1,5,9,45,750,13,58 R DE TOLBIAC,,,Plein jour,En agglomération,Hors intersection,Normale,Sans collision,,,,,,,,,,,1,2,1,1,7
200700003992,0007-01-05 20:05:00,7,1,5,20,5,750,7,QU BRANLY PO D IENA,,,Nuit avec éclairage allumé,En agglomération,Intersection en T,Pluie légère,Deux véhicules - arrière,,,,,,,,,,,5,2,3,2,2
200700003993,0007-01-06 13:40:00,7,1,6,13,40,750,18,130 BD NEY,,,Plein jour,En agglomération,Hors intersection,Temps couvert,Autre collision,,,,,,,,,,,1,2,1,8,6
200700003994,0007-01-07 23:55:00,7,1,7,23,55,750,1,R DU 29 JUILLET R DE RIV,,,Nuit avec éclairage allumé,En agglomération,Intersection en T,Normale,Autre collision,,,,,,,,,,,5,2,3,1,6
200700003995,0007-01-11 15:20:00,7,1,11,15,20,750,2,R DE LA BOURSE R DE RICH,,,Plein jour,En agglomération,Intersection en T,Normale,Autre collision,,,,,,,,,,,1,2,3,1,6
200700003996,0007-01-11 22:30:00,7,1,11,22,30,750,12,PL DE LA BASTILLE R FG S,,,Nuit avec éclairage allumé,En agglomération,Intersection en T,Pluie légère,Sans collision,,,,,,,,,,,5,2,3,2,7
200700003997,0007-01-15 13:55:00,7,1,15,13,55,750,11,R SAINT SEBASTIEN BD VOL,,,Plein jour,En agglomération,Intersection en X,Normale,Autre collision,,,,,,,,,,,1,2,2,1,6
200700003998,0007-01-15 11:00:00,7,1,15,11,0,750,20,6 PAS DES TOURELLES,,,Plein jour,En agglomération,Hors intersection,Normale,Autre collision,,,,,,,,,,,1,2,1,1,6
200700003999,0007-01-15 20:44:00,7,1,15,20,44,750,16,AV NATIONS UNIES PL DE V,,,Nuit avec éclairage allumé,En agglomération,Intersection en X,Normale,Autre collision,,,,,,,,,,,5,2,2,1,6
200700004000,0007-01-16 09:18:00,7,1,16,9,18,750,11,BD DE CHARONNE R DE CHAR,,,Plein jour,En agglomération,Intersection en X,Normale,Autre collision,,,,,,,,,,,1,2,2,1,6
200700004001,0007-01-15 15:05:00,7,1,15,15,5,750,17,16 R JACQUES IBERT,,,Plein jour,En agglomération,Hors intersection,Normale,Deux véhicules - côté,,,,,,,,,,,1,2,1,1,3
200700004002,0007-01-16 23:05:00,7,1,16,23,5,750,13,R DE LA GLACIERE BD DE P,,,Nuit avec éclairage allumé,En agglomération,Intersection en X,Pluie légère,Autre collision,,,,,,,,,,,5,2,2,2,6
200700004003,0007-01-16 16:40:00,7,1,16,16,40,750,13,22 R CH DES RENTIERS,,,Plein jour,En agglomération,Hors intersection,Normale,Deux véhicules - côté,,,,,,,,,,,1,2,1,1,3
200700004004,0007-01-08 17:05:00,7,1,8,17,5,750,8,L4064 AV CHAMPS ELYSEES,,,Nuit avec éclairage allumé,En agglomération,Hors intersection,Pluie légère,Deux véhicules - arrière,,,,,,,,,,,5,2,1,2,2
200700004005,0007-01-09 06:15:00,7,1,9,6,15,750,11,R CROIX  FAUBIN R FOLIE,,,Nuit avec éclairage allumé,En agglomération,Intersection en T,Temps couvert,Autre collision,,,,,,,,,,,5,2,3,8,6
200700004006,0007-01-01 14:10:00,7,1,1,14,10,750,6,R RACINE BD SAINT MICHEL,,,Plein jour,En agglomération,Intersection en T,Normale,Deux véhicules - côté,,,,,,,,,,,1,2,3,1,3
200700004007,0007-01-01 03:35:00,7,1,1,3,35,750,10,R GRGE AUX BELLES R HOPI,,,Nuit avec éclairage allumé,En agglomération,Intersection en T,Normale,Sans collision,,,,,,,,,,,5,2,3,1,7
200700004008,0007-01-01 12:15:00,7,1,1,12,15,750,11,4 R PIERRE LEVEE,,,Plein jour,En agglomération,Hors intersection,Normale,Autre collision,,,,,,,,,,,1,2,1,1,6
200700004009,0007-01-01 13:45:00,7,1,1,13,45,750,11,R DU CHEMIN VERT BD VOLT,,,Plein jour,En agglomération,Intersection en X,Normale,Deux véhicules - côté,,,,,,,,,,,1,2,2,1,3
200700004010,0007-01-01 04:00:00,7,1,1,4,0,750,11,AV DE LA REPUBLIQUE BD R,,,Nuit avec éclairage allumé,En agglomération,Intersection en X,Normale,Autre collision,,,,,,,,,,,5,2,2,1,6
200700004011,0007-01-01 02:28:00,7,1,1,2,28,750,12,248 R FG SAINT ANTOINE,,,Nuit avec éclairage allumé,En agglomération,Hors intersection,Normale,Autre collision,,,,,,,,,,,5,2,1,1,6
200700004012,0007-01-01 19:40:00,7,1,1,19,40,750,14,BD BRUNE AV PTE DE CHATI,,,Nuit avec éclairage allumé,En agglomération,Intersection en X,Pluie légère,Deux véhicules - côté,,,,,,,,,,,5,2,2,2,3
200700004013,0007-01-01 05:09:00,7,1,1,5,9,750,17,228 R DE COURCELLES,,,Nuit avec éclairage allumé,En agglomération,Hors intersection,Normale,Autre collision,,,,,,,,,,,5,2,1,1,6
200700004014,0007-01-01 23:15:00,7,1,1,23,15,750,17,R DE PHALSBOURG AV DE VI,,,Nuit avec éclairage allumé,En agglomération,Intersection en X,Pluie légère,Deux véhicules - côté,,,,,,,,,,,5,2,2,2,3
200700004015,0007-01-02 01:40:00,7,1,2,1,40,750,20,ECH BAGNOLET,,,Nuit avec éclairage allumé,En agglomération,Hors intersection,Pluie légère,Autre collision,,,,,,,,,,,5,2,1,2,6
200700004016,0007-01-01 17:00:00,7,1,1,17,0,750,19,R DU CHEMIN DE FER AV PT,,,Nuit avec éclairage allumé,En agglomération,Intersection en X,Normale,Deux véhicules - côté,,,,,,,,,,,5,2,2,1,3
200700004017,0007-01-04 10:25:00,7,1,4,10,25,750,3,BD DE SEBASTOPOL R DE TU,,,Plein jour,En agglomération,Intersection en X,Pluie légère,Deux véhicules - côté,,,,,,,,,,,1,2,2,2,3
200700004018,0007-01-04 18:05:00,7,1,4,18,5,750,7,AV DE BRETEUIL R D ESTRE,,,Plein jour,En agglomération,Intersection en X,Normale,Autre collision,,,,,,,,,,,1,2,2,1,6
200700004019,0007-01-02 10:40:00,7,1,2,10,40,750,4,R SAINT MARTIN AV VICTOR,,,Plein jour,En agglomération,Intersection en X,Pluie légère,Deux véhicules - côté,,,,,,,,,,,1,2,2,2,3
200700004020,0007-01-02 11:26:00,7,1,2,11,26,750,6,R DE RENNES R VIEUX COLO,,,Plein jour,En agglomération,Intersection en X,Normale,Autre collision,,,,,,,,,,,1,2,2,1,6
200700004021,0007-01-04 09:40:00,7,1,4,9,40,750,8,84 AV CHAMPS ELYSEES,,,Plein jour,En agglomération,Hors intersection,Pluie légère,Sans collision,,,,,,,,,,,1,2,1,2,7
200700004022,0007-01-02 17:15:00,7,1,2,17,15,750,8,CRS ALBERT 1ER PL DU CAN,,,Nuit avec éclairage allumé,En agglomération,Intersection en X,Pluie légère,Sans collision,,,,,,,,,,,5,2,2,2,7
200700004023,0007-01-04 21:45:00,7,1,4,21,45,750,9,AV TRUDAINE R TURGOT,,,Nuit avec éclairage allumé,En agglomération,Intersection en X,Normale,Deux véhicules - côté,,,,,,,,,,,5,2,2,1,3
200700004024,0007-01-02 11:30:00,7,1,2,11,30,750,8,R ALFRED DE VIGNY R DE C,,,Plein jour,En agglomération,Intersection en X,Pluie légère,Deux véhicules - côté,,,,,,,,,,,1,2,2,2,3
200700004025,0007-01-04 20:20:00,7,1,4,20,20,750,11,AV PARMENTIER AV DE LA R,,,Nuit avec éclairage allumé,En agglomération,Intersection en X,Pluie légère,Deux véhicules - arrière,,,,,,,,,,,5,2,2,2,2
200700004026,0007-01-04 18:45:00,7,1,4,18,45,750,12,R DE REUILLY R SERGENT B,,,Nuit avec éclairage allumé,En agglomération,Intersection en X,Normale,Autre collision,,,,,,,,,,,5,2,2,1,6
200700004027,0007-01-04 00:35:00,7,1,4,0,35,750,12,BPE BERCY CHARENTON,,,Nuit avec éclairage allumé,En agglomération,Hors intersection,Normale,Deux véhicules - arrière,,,,,,,,,,,5,2,1,1,2
200700004028,0007-01-04 10:30:00,7,1,4,10,30,750,12,BPE CHARENTON DOREE,,,Plein jour,En agglomération,Hors intersection,Normale,Trois véhicules et plus - en chaîne,,,,,,,,,,,1,2,1,1,4
200700004029,0007-01-04 18:35:00,7,1,4,18,35,750,13,AV DE FRANCE BD VINCENT,,,Nuit avec éclairage allumé,En agglomération,Intersection en X,Normale,Deux véhicules - côté,,,,,,,,,,,5,2,2,1,3
200700004030,0007-01-04 17:10:00,7,1,4,17,10,750,16,R BOILEAU R MOLITOR,,,Plein jour,En agglomération,Intersection en X,Normale,Autre collision,,,,,,,,,,,1,2,2,1,6
200700004031,0007-01-04 12:55:00,7,1,4,12,55,750,16,ECH MAILLOT PL PORTE MAI,,,Plein jour,En agglomération,Intersection en X,Normale,Deux véhicules - arrière,,,,,,,,,,,1,2,2,1,2
200700004032,0007-01-04 09:45:00,7,1,4,9,45,750,17,R DES APENNINS AV DE CLI,,,Plein jour,En agglomération,Intersection en X,Pluie légère,Autre collision,,,,,,,,,,,1,2,2,2,6
200700004033,0007-01-04 11:20:00,7,1,4,11,20,750,17,AV GRANDE ARMEE R DE TIL,,,Plein jour,En agglomération,Intersection en X,Pluie légère,Sans collision,,,,,,,,,,,1,2,2,2,7
200700004034,0007-01-04 18:35:00,7,1,4,18,35,750,19,AV JEAN JAURES AV DE LAU,,,Nuit avec éclairage allumé,En agglomération,Intersection en X,Normale,Autre collision,,,,,,,,,,,5,2,2,1,6
200700004035,0007-01-06 12:40:00,7,1,6,12,40,750,5,R CUVIER QU SAINT BERNAR,,,Plein jour,En agglomération,Intersection en T,Temps couvert,Deux véhicules - arrière,,,,,,,,,,,1,2,3,8,2
200700004036,0007-01-04 09:45:00,7,1,4,9,45,750,19,BPE VILLETTE AUBERVILLIE,,,Plein jour,En agglomération,Hors intersection,Normale,Sans collision,,,,,,,,,,,1,2,1,1,7
200700004037,0007-01-04 10:10:00,7,1,4,10,10,750,19,BPE PRE ST GERVAIS PANTI,,,Plein jour,En agglomération,Hors intersection,Normale,Sans collision,,,,,,,,,,,1,2,1,1,7
200700004038,0007-01-04 10:25:00,7,1,4,10,25,750,20,AV GAMBETTA R HAXO,,,Plein jour,En agglomération,Intersection en X,Normale,Autre collision,,,,,,,,,,,1,2,2,1,6
200700004039,0007-01-06 18:50:00,7,1,6,18,50,750,5,100 BD DE PORT ROYAL,,,Nuit avec éclairage allumé,En agglomération,Hors intersection,Normale,Autre collision,,,,,,,,,,,5,2,1,1,6
200700004040,0007-01-02 12:30:00,7,1,2,12,30,750,8,R DE BASSANO AV CHAMPS E,,,Plein jour,En agglomération,Intersection en T,Pluie légère,Autre collision,,,,,,,,,,,1,2,3,2,6
200700004041,0007-01-06 12:00:00,7,1,6,12,0,750,6,R BONAPARTE R DU FOUR,,,Plein jour,En agglomération,Intersection en X,Pluie légère,Sans collision,,,,,,,,,,,1,2,2,2,7
200700004042,0007-01-02 09:45:00,7,1,2,9,45,750,9,R RICHER R DE TREVISE,,,Plein jour,En agglomération,Intersection en X,Normale,Autre collision,,,,,,,,,,,1,2,2,1,6
200700004043,0007-01-06 15:10:00,7,1,6,15,10,750,8,63 BD DES BATIGNOLLES,,,Plein jour,En agglomération,Hors intersection,Pluie légère,Deux véhicules - arrière,,,,,,,,,,,1,2,1,2,2
200700004044,0007-01-02 17:35:00,7,1,2,17,35,750,10,R DE LANCRY BD DE MAGENT,,,Nuit avec éclairage allumé,En agglomération,Intersection en X,Pluie légère,Autre collision,,,,,,,,,,,5,2,2,2,6
200700004045,0007-01-02 15:45:00,7,1,2,15,45,750,11,250 BD VOLTAIRE,,,Plein jour,En agglomération,Hors intersection,Pluie légère,Deux véhicules - côté,,,,,,,,,,,1,2,1,2,3
200700004046,0007-01-02 15:10:00,7,1,2,15,10,750,14,BD BRUNE PL PTE DE CHATI,,,Plein jour,En agglomération,Intersection en X,Normale,Deux véhicules - côté,,,,,,,,,,,1,2,2,1,3
200700004047,0007-01-02 17:45:00,7,1,2,17,45,750,16,130 R DE LA POMPE,,,Nuit avec éclairage allumé,En agglomération,Hors intersection,Pluie légère,Autre collision,,,,,,,,,,,5,2,1,2,6
200700004048,0007-01-02 15:25:00,7,1,2,15,25,750,16,ECH MAILLOT PL PORTE MAI,,,Plein jour,En agglomération,Intersection en Y,Normale,Deux véhicules - côté,,,,,,,,,,,1,2,4,1,3
200700004049,0007-01-02 13:55:00,7,1,2,13,55,750,20,18 R DE LAGNY,,,Plein jour,En agglomération,Hors intersection,Pluie légère,Autre collision,,,,,,,,,,,1,2,1,2,6
200700004050,0007-01-06 04:20:00,7,1,6,4,20,750,10,98 BD DE MAGENTA,,,Nuit avec éclairage allumé,En agglomération,Hors intersection,Pluie légère,Autre collision,,,,,,,,,,,5,2,1,2,6
200700004051,0007-01-03 15:45:00,7,1,3,15,45,750,4,R BEAUBOURG R G L ANGEVI,,,Plein jour,En agglomération,Intersection en T,Normale,Sans collision,,,,,,,,,,,1,2,3,1,7
200700004052,0007-01-03 01:00:00,7,1,3,1,0,750,14,L2867 BD ROMAIN ROLLAND,,,Nuit avec éclairage allumé,En agglomération,Hors intersection,Temps couvert,Deux véhicules - arrière,,,,,,,,,,,5,2,1,8,2
200700004053,0007-01-06 23:10:00,7,1,6,23,10,750,10,R FG SAINT DENIS R LA FA,,,Nuit avec éclairage allumé,En agglomération,Intersection en T,Temps couvert,Autre collision,,,,,,,,,,,5,2,3,8,6
200700004054,0007-01-03 13:25:00,7,1,3,13,25,750,5,25 QU SAINT MICHEL,,,Plein jour,En agglomération,Hors intersection,Normale,Autre collision,,,,,,,,,,,1,2,1,1,6
200700004055,0007-01-06 13:45:00,7,1,6,13,45,750,11,PL LEON BLUM R DE LA ROQ,,,Plein jour,En agglomération,Intersection en X,Temps couvert,Deux véhicules - arrière,,,,,,,,,,,1,2,2,8,2
200700004056,0007-01-03 21:20:00,7,1,3,21,20,750,6,R ECOLE MEDECINE BD SAIN,,,Nuit avec éclairage allumé,En agglomération,Intersection en X,Normale,Deux véhicules - côté,,,,,,,,,,,5,2,2,1,3
200700004057,0007-01-03 10:30:00,7,1,3,10,30,750,8,34 AV MONTAIGNE,,,Plein jour,En agglomération,Hors intersection,Temps couvert,Autre collision,,,,,,,,,,,1,2,1,8,6
200700004058,0007-01-06 06:25:00,7,1,6,6,25,750,11,92 AV DE LA REPUBLIQUE,,,Nuit avec éclairage allumé,En agglomération,Hors intersection,Pluie légère,Autre collision,,,,,,,,,,,5,2,1,2,6
200700004059,0007-01-03 18:15:00,7,1,3,18,15,750,10,37 BD DE LA CHAPELLE,,,Nuit avec éclairage allumé,En agglomération,Hors intersection,Temps couvert,Deux véhicules - côté,,,,,,,,,,,5,2,1,8,3
200700004060,0007-01-06 23:50:00,7,1,6,23,50,750,11,42 R FG SAINT ANTOINE,,,Nuit avec éclairage allumé,En agglomération,Hors intersection,Normale,Deux véhicules - arrière,,,,,,,,,,,5,2,1,1,2
200700004061,0007-01-03 15:05:00,7,1,3,15,5,750,10,10 R LUCIEN SAMPAIX,,,Plein jour,En agglomération,Hors intersection,Normale,Autre collision,,,,,,,,,,,1,2,1,1,6
200700004062,0007-01-03 20:53:00,7,1,3,20,53,750,13,51 BD AUGUSTE BLANQUI,,,Nuit avec éclairage allumé,En agglomération,Hors intersection,Normale,Autre collision,,,,,,,,,,,5,2,1,1,6
200700004063,0007-01-06 12:40:00,7,1,6,12,40,750,12,R DE LA LANCETTE R TAINE,,,Plein jour,En agglomération,Intersection en T,Temps couvert,Deux véhicules - côté,,,,,,,,,,,1,2,3,8,3
200700004064,0007-01-06 18:25:00,7,1,6,18,25,750,13,R MARTIN BERNARD R DE TO,,,Nuit avec éclairage allumé,En agglomération,Intersection en Y,Pluie légère,Deux véhicules - côté,,,,,,,,,,,5,2,4,2,3
200700004065,0007-01-03 01:15:00,7,1,3,1,15,750,13,AV D ITALIE R VANDREZANN,,,Nuit avec éclairage allumé,En agglomération,Intersection en T,Temps couvert,Deux véhicules - côté,,,,,,,,,,,5,2,3,8,3
200700004066,0007-01-03 13:40:00,7,1,3,13,40,750,15,2 R LOUIS ARMAND,,,Plein jour,En agglomération,Hors intersection,Temps couvert,Deux véhicules - côté,,,,,,,,,,,1,2,1,8,3
200700004067,0007-01-06 10:10:00,7,1,6,10,10,750,15,R DE L EGLISE R SAINT CH,,,Plein jour,En agglomération,Intersection en X,Temps couvert,Autre collision,,,,,,,,,,,1,2,2,8,6
200700004068,0007-01-06 03:50:00,7,1,6,3,50,750,16,R DEGAS AV DE VERSAILLES,,,Nuit avec éclairage allumé,En agglomération,Intersection en X,Pluie légère,Sans collision,,,,,,,,,,,5,2,2,2,7
200700004069,0007-01-03 07:55:00,7,1,3,7,55,750,19,98 AV DE FLANDRE,,,Crépuscule ou aube,En agglomération,Hors intersection,Normale,Autre collision,,,,,,,,,,,2,2,1,1,6
200700004070,0007-01-06 10:05:00,7,1,6,10,5,750,16,AV DU PDT KENNEDY R DU R,,,Plein jour,En agglomération,Intersection en T,Pluie légère,Deux véhicules - arrière,,,,,,,,,,,1,2,3,2,2
200700004071,0007-01-05 10:10:00,7,1,5,10,10,750,5,BD SAINT MICHEL R SAINT,,,Plein jour,En agglomération,Intersection en T,Temps couvert,Deux véhicules - côté,,,,,,,,,,,1,2,3,8,3
200700004072,0007-01-06 13:50:00,7,1,6,13,50,750,16,R D ANDIGNE CHS MUETTE,,,Plein jour,En agglomération,Intersection en Y,Normale,Autre collision,,,,,,,,,,,1,2,4,1,6
200700004073,0007-01-05 20:40:00,7,1,5,20,40,750,7,R ROUSSELET R DE SEVRES,,,Nuit avec éclairage allumé,En agglomération,Intersection en T,Normale,Autre collision,,,,,,,,,,,5,2,3,1,6
200700004074,0007-01-06 23:15:00,7,1,6,23,15,750,16,R DE PRESBOURG AV VICTOR,,,Nuit avec éclairage allumé,En agglomération,Intersection en X,Normale,Deux véhicules - côté,,,,,,,,,,,5,2,2,1,3
200700004075,0007-01-06 07:15:00,7,1,6,7,15,750,17,AV GRANDE ARMEE R DE TIL,,,Nuit avec éclairage allumé,En agglomération,Intersection en T,Temps couvert,Autre collision,,,,,,,,,,,5,2,3,8,6
200700004076,0007-01-05 12:30:00,7,1,5,12,30,750,13,R NATIONALE BD VINCENT A,,,Plein jour,En agglomération,Intersection en T,Normale,Autre collision,,,,,,,,,,,1,2,3,1,6
200700004077,0007-01-06 18:10:00,7,1,6,18,10,750,18,R BRIQUET BD DE ROCHECHO,,,Nuit avec éclairage allumé,En agglomération,Intersection en T,Pluie légère,Autre collision,,,,,,,,,,,5,2,3,2,6
200700004078,0007-01-05 19:15:00,7,1,5,19,15,750,16,20 R BENJ FRANKLIN,,,Nuit avec éclairage allumé,En agglomération,Hors intersection,Pluie légère,Autre collision,,,,,,,,,,,5,2,1,2,6