accident_id,datetime,annee,mois,jour,heure,minute,departement,commune_insee,adresse,latitude,longitude,luminosite,agglomeration,intersection,meteo,collision,nb_vehicules,nb_usagers,nb_indemnes,nb_tues,nb_blesses_hosp,nb_blesses_legers,age_cond_1,age_cond_2,veh_type_cond_1,veh_type_cond_2,lum_code,agg_code,int_code,atm_code,col_code
200700004079,0007-01-05 15:25:00,7,1,5,15,25,750,16,142 AV DE MALAKOFF,,,Plein jour,En agglomération,Hors intersection,Normale,Autre collision,,,,,,,,,,,1,2,1,1,6
200700004080,0007-01-06 19:30:00,7,1,6,19,30,750,19,52 AV JEAN JAURES,,,Nuit avec éclairage allumé,En agglomération,Hors intersection,Pluie légère,Autre collision,,,,,,,,,,,5,2,1,2,6
200700004081,0007-01-05 13:00:00,7,1,5,13,0,750,17,22 AV GRANDE ARMEE,,,Plein jour,En agglomération,Hors intersection,Temps couvert,Deux véhicules - côté,,,,,,,,,,,1,2,1,8,3
200700004082,0007-01-06 16:25:00,7,1,6,16,25,750,20,130 R D AVRON,,,Plein jour,En agglomération,Hors intersection,Pluie légère,Deux véhicules - côté,,,,,,,,,,,1,2,1,2,3
200700004083,0007-01-05 19:00:00,7,1,5,19,0,750,17,122 R DE COURCELLES,,,Nuit avec éclairage allumé,En agglomération,Hors intersection,Pluie légère,Deux véhicules - côté,,,,,,,,,,,5,2,1,2,3
200700004084,0007-01-06 20:10:00,7,1,6,20,10,750,20,BPE VINCENNES MONTREUIL,,,Nuit avec éclairage allumé,En agglomération,Hors intersection,Normale,Deux véhicules - arrière,,,,,,,,,,,5,2,1,1,2
200700004085,0007-01-05 11:55:00,7,1,5,11,55,750,18,12 R MARX DORMOY,,,Plein jour,En agglomération,Hors intersection,Normale,Deux véhicules - côté,,,,,,,,,,,1,2,1,1,3
200700004086,0007-01-05 12:50:00,7,1,5,12,50,750,18,AV PTE CLIGNANCOURT ECH,,,Plein jour,En agglomération,Intersection en T,Normale,Deux véhicules - arrière,,,,,,,,,,,1,2,3,1,2
200700004087,0007-01-05 13:25:00,7,1,5,13,25,750,19,22 R DE L OURCQ,,,Plein jour,En agglomération,Hors intersection,Normale,Deux véhicules - côté,,,,,,,,,,,1,2,1,1,3
200700004088,0007-01-05 11:45:00,7,1,5,11,45,750,19,150 AV JEAN JAURES,,,Plein jour,En agglomération,Hors intersection,Normale,Deux véhicules - côté,,,,,,,,,,,1,2,1,1,3
200700004089,0007-01-20 10:35:00,7,1,20,10,35,750,6,R BERNARD PALISSY R DE R,,,Plein jour,En agglomération,Intersection en T,Normale,Deux véhicules - côté,,,,,,,,,,,1,2,3,1,3
200700004090,0007-01-10 15:10:00,7,1,10,15,10,750,1,12 R HALLE,,,Plein jour,En agglomération,Hors intersection,Pluie légère,Deux véhicules - arrière,,,,,,,,,,,1,2,1,2,2
200700004091,0007-01-08 16:15:00,7,1,8,16,15,750,4,BD HENRI IV R JULES COUS,,,Plein jour,En agglomération,Intersection en T,Pluie légère,Autre collision,,,,,,,,,,,1,2,3,2,6
200700004092,0007-01-08 18:35:00,7,1,8,18,35,750,5,18 R SOUFFLOT,,,Nuit avec éclairage allumé,En agglomération,Hors intersection,Normale,Deux véhicules - arrière,,,,,,,,,,,5,2,1,1,2
200700004093,0007-01-10 11:15:00,7,1,10,11,15,750,2,R DU CAIRE BD DE SEBASTO,,,Plein jour,En agglomération,Intersection en T,Normale,Autre collision,,,,,,,,,,,1,2,3,1,6
200700004094,0007-01-10 13:45:00,7,1,10,13,45,750,5,QU SAINT MICHEL PO SAINT,,,Plein jour,En agglomération,Intersection en X,Normale,Autre collision,,,,,,,,,,,1,2,2,1,6
200700004095,0007-01-07 18:20:00,7,1,7,18,20,750,6,QU GRANDS AUGUSTINS R GR,,,Nuit avec éclairage allumé,En agglomération,Intersection en T,Normale,Trois véhicules et plus - en chaîne,,,,,,,,,,,5,2,3,1,4
200700004096,0007-01-08 15:15:00,7,1,8,15,15,750,7,2 R R E PELTERIE,,,Plein jour,En agglomération,Hors intersection,Pluie légère,Deux véhicules - côté,,,,,,,,,,,1,2,1,2,3
200700004097,0007-01-07 00:20:00,7,1,7,0,20,750,15,34 R ABBE GROULT,,,Nuit avec éclairage allumé,En agglomération,Hors intersection,Normale,Deux véhicules - côté,,,,,,,,,,,5,2,1,1,3
200700004098,0007-01-07 08:45:00,7,1,7,8,45,750,12,R DU COLONEL OUDOT AV DA,,,Plein jour,En agglomération,Intersection en X,Normale,Deux véhicules - côté,,,,,,,,,,,1,2,2,1,3
200700004099,0007-01-07 04:00:00,7,1,7,4,0,750,12,42 R CHALIGNY,,,Nuit avec éclairage allumé,En agglomération,Hors intersection,Normale,Sans collision,,,,,,,,,,,5,2,1,1,7
200700004100,0007-01-07 01:10:00,7,1,7,1,10,750,13,AV CAFFIERI R P DES PEUP,,,Nuit avec éclairage allumé,En agglomération,Intersection en X,Pluie légère,Autre collision,,,,,,,,,,,5,2,2,2,6
200700004101,0007-01-08 17:07:00,7,1,8,17,7,750,10,R LEON JOUHAUX R YVES TO,,,Nuit avec éclairage allumé,En agglomération,Intersection en X,Pluie légère,Autre collision,,,,,,,,,,,5,2,2,2,6
200700004102,0007-01-09 18:30:00,7,1,9,18,30,750,3,R BEAUBOURG R RAMBUTEAU,,,Nuit avec éclairage allumé,En agglomération,Intersection en T,Normale,Deux véhicules - côté,,,,,,,,,,,5,2,3,1,3
200700004103,0007-01-08 14:30:00,7,1,8,14,30,750,11,66 BD VOLTAIRE,,,Plein jour,En agglomération,Hors intersection,Pluie légère,Autre collision,,,,,,,,,,,1,2,1,2,6
200700004104,0007-01-08 10:45:00,7,1,8,10,45,750,12,92 CRS DE VINCENNES,,,Plein jour,En agglomération,Hors intersection,Normale,Deux véhicules - arrière,,,,,,,,,,,1,2,1,1,2
200700004105,0007-01-08 07:15:00,7,1,8,7,15,750,12,AV DR ARNOLD NETTER CRS,,,Nuit avec éclairage allumé,En agglomération,Intersection en T,Pluie légère,Deux véhicules - côté,,,,,,,,,,,5,2,3,2,3
200700004106,0007-01-08 17:00:00,7,1,8,17,0,750,12,AV EC DE JOINVILLE AV DE,,,Nuit avec éclairage allumé,En agglomération,Intersection en Y,Pluie légère,Deux véhicules - côté,,,,,,,,,,,5,2,4,2,3
200700004107,0007-01-09 15:10:00,7,1,9,15,10,750,5,R CENSIER R G SAINT HILA,,,Plein jour,En agglomération,Intersection en X,Normale,Deux véhicules - côté,,,,,,,,,,,1,2,2,1,3
200700004108,0007-01-08 19:30:00,7,1,8,19,30,750,12,L13491 BD PONIATOWSKI,,,Nuit avec éclairage allumé,En agglomération,Hors intersection,Pluie légère,Autre collision,,,,,,,,,,,5,2,1,2,6
200700004109,0007-01-08 17:40:00,7,1,8,17,40,750,12,92 CRS DE VINCENNES,,,Nuit avec éclairage allumé,En agglomération,Hors intersection,Pluie légère,Autre collision,,,,,,,,,,,5,2,1,2,6
200700004110,0007-01-08 17:45:00,7,1,8,17,45,750,13,R DE RICHEMONT R DE TOLB,,,Nuit avec éclairage allumé,En agglomération,Intersection en X,Pluie légère,Deux véhicules - côté,,,,,,,,,,,5,2,2,2,3
200700004111,0007-01-09 16:00:00,7,1,9,16,0,750,5,R GUY DE LA BROSSE R JUS,,,Plein jour,En agglomération,Intersection en T,Normale,Autre collision,,,,,,,,,,,1,2,3,1,6
200700004112,0007-01-09 10:35:00,7,1,9,10,35,750,6,70 R DE VAUGIRARD,,,Plein jour,En agglomération,Hors intersection,Temps couvert,Autre collision,,,,,,,,,,,1,2,1,8,6
200700004113,0007-01-08 09:01:00,7,1,8,9,1,750,15,46 R CROIX NIVERT,,,Plein jour,En agglomération,Hors intersection,Normale,Sans collision,,,,,,,,,,,1,2,1,1,7
200700004114,0007-01-08 08:40:00,7,1,8,8,40,750,15,106 AV FELIX FAURE,,,Plein jour,En agglomération,Hors intersection,Pluie légère,Deux véhicules - côté,,,,,,,,,,,1,2,1,2,3
200700004115,0007-01-09 09:00:00,7,1,9,9,0,750,6,R SAINT SULPICE R DE SEI,,,Plein jour,En agglomération,Intersection en X,Pluie légère,Deux véhicules - côté,,,,,,,,,,,1,2,2,2,3
200700004116,0007-01-08 08:35:00,7,1,8,8,35,750,16,R LA FONTAINE R RIBERA,,,Plein jour,En agglomération,Intersection en T,Normale,Autre collision,,,,,,,,,,,1,2,3,1,6
200700004117,0007-01-08 17:25:00,7,1,8,17,25,750,16,AV FOCH AV DE MALAKOFF,,,Nuit avec éclairage allumé,En agglomération,Intersection en X,Normale,Deux véhicules - côté,,,,,,,,,,,5,2,2,1,3
200700004118,0007-01-08 15:20:00,7,1,8,15,20,750,16,AV GEORGES MANDEL R GREU,,,Plein jour,En agglomération,Intersection en Y,Pluie légère,Deux véhicules - côté,,,,,,,,,,,1,2,4,2,3
200700004119,0007-01-09 12:10:00,7,1,9,12,10,750,8,70 AV CHAMPS ELYSEES,,,Plein jour,En agglomération,Hors intersection,Normale,Deux véhicules - côté,,,,,,,,,,,1,2,1,1,3
200700004120,0007-01-08 16:45:00,7,1,8,16,45,750,16,ALL FORTIFICATIONS RTE D,,,Plein jour,En agglomération,Intersection en X,Pluie légère,Deux véhicules - côté,,,,,,,,,,,1,2,2,2,3
200700004121,0007-01-09 09:40:00,7,1,9,9,40,750,9,20 BD POISSSONNIERE,,,Plein jour,En agglomération,Hors intersection,Pluie légère,Deux véhicules - côté,,,,,,,,,,,1,2,1,2,3
200700004122,0007-01-09 19:35:00,7,1,9,19,35,750,11,AV PARMENTIER AV DE LA R,,,Nuit avec éclairage allumé,En agglomération,Intersection en X,Temps couvert,Deux véhicules - arrière,,,,,,,,,,,5,2,2,8,2
200700004123,0007-01-08 17:55:00,7,1,8,17,55,750,17,8 AV PORTE DE CLICHY,,,Nuit avec éclairage allumé,En agglomération,Hors intersection,Pluie légère,Autre collision,,,,,,,,,,,5,2,1,2,6
200700004124,0007-01-09 17:15:00,7,1,9,17,15,750,11,R DE CRUSSOL BD VOLTAIRE,,,Nuit avec éclairage allumé,En agglomération,Intersection en Y,Normale,Autre collision,,,,,,,,,,,5,2,4,1,6
200700004125,0007-01-08 08:30:00,7,1,8,8,30,750,17,127 R DE ROME,,,Plein jour,En agglomération,Hors intersection,Normale,Autre collision,,,,,,,,,,,1,2,1,1,6
200700004126,0007-01-08 18:05:00,7,1,8,18,5,750,20,AV GAMBETTA R DES PRUNIE,,,Nuit avec éclairage allumé,En agglomération,Intersection en T,Pluie légère,Trois véhicules et plus - collisions multiples,,,,,,,,,,,5,2,3,2,5
200700004127,0007-01-09 18:40:00,7,1,9,18,40,750,11,R FOLIE MERICOURT AV DE,,,Nuit avec éclairage allumé,En agglomération,Intersection en T,Normale,Deux véhicules - côté,,,,,,,,,,,5,2,3,1,3
200700004128,0007-01-08 12:30:00,7,1,8,12,30,750,20,96 BD DAVOUT,,,Plein jour,En agglomération,Hors intersection,Normale,Sans collision,,,,,,,,,,,1,2,1,1,7
200700004129,0007-01-08 17:50:00,7,1,8,17,50,750,20,8 R DE BELLEVILLE,,,Nuit avec éclairage allumé,En agglomération,Hors intersection,Pluie légère,Autre collision,,,,,,,,,,,5,2,1,2,6
200700004130,0007-01-07 02:45:00,7,1,7,2,45,750,16,AV MAHATMA GANDHI RTE MU,,,Nuit avec éclairage allumé,En agglomération,Intersection en X,Normale,Deux véhicules - côté,,,,,,,,,,,5,2,2,1,3
200700004131,0007-01-09 07:40:00,7,1,9,7,40,750,13,BPE IVRY GARE,,,Nuit avec éclairage allumé,En agglomération,Hors intersection,Pluie légère,Trois véhicules et plus - en chaîne,,,,,,,,,,,5,2,1,2,4
200700004132,0007-01-09 10:20:00,7,1,9,10,20,750,13,AV PORTE D ITALIE,,,Plein jour,En agglomération,Hors intersection,Pluie légère,Deux véhicules - arrière,,,,,,,,,,,1,2,1,2,2
200700004133,0007-01-07 14:50:00,7,1,7,14,50,750,18,R DAMREMONT R ORDENER,,,Plein jour,En agglomération,Intersection en X,Normale,Deux véhicules - côté,,,,,,,,,,,1,2,2,1,3
200700004134,0007-01-09 09:35:00,7,1,9,9,35,750,14,R GASSENDI AV DU MAINE,,,Plein jour,En agglomération,Intersection à plus de 4 branches,Pluie légère,Deux véhicules - côté,,,,,,,,,,,1,2,5,2,3
200700004135,0007-01-10 13:15:00,7,1,10,13,15,750,8,R CLEMENT MAROT R MARBEU,,,Plein jour,En agglomération,Intersection en X,Normale,Autre collision,,,,,,,,,,,1,2,2,1,6
200700004136,0007-01-09 18:55:00,7,1,9,18,55,750,14,R EMILE RICHARD R FROIDE,,,Nuit avec éclairage allumé,En agglomération,Intersection en X,Normale,Autre collision,,,,,,,,,,,5,2,2,1,6
200700004137,0007-01-10 17:20:00,7,1,10,17,20,750,8,R DE COURCELLES R LA BOE,,,Nuit avec éclairage allumé,En agglomération,Intersection en T,Pluie légère,Sans collision,,,,,,,,,,,5,2,3,2,7
200700004138,0007-01-09 16:00:00,7,1,9,16,0,750,15,R DE LA CONVENTION R LEC,,,Plein jour,En agglomération,Intersection en X,Normale,Deux véhicules - côté,,,,,,,,,,,1,2,2,1,3
200700004139,0007-01-10 22:13:00,7,1,10,22,13,750,10,170 R FG SAINT MARTIN,,,Nuit avec éclairage allumé,En agglomération,Hors intersection,Normale,Deux véhicules - côté,,,,,,,,,,,5,2,1,1,3
200700004140,0007-01-09 12:03:00,7,1,9,12,3,750,15,R DE LA CONVENTION R DE,,,Plein jour,En agglomération,Intersection en X,Pluie légère,Deux véhicules - côté,,,,,,,,,,,1,2,2,2,3
200700004141,0007-01-10 18:15:00,7,1,10,18,15,750,10,32 BD DE MAGENTA,,,Nuit avec éclairage allumé,En agglomération,Hors intersection,Pluie légère,Autre collision,,,,,,,,,,,5,2,1,2,6
200700004142,0007-01-09 16:55:00,7,1,9,16,55,750,15,AV EMILE ZOLA R VIOLET,,,Plein jour,En agglomération,Intersection en T,Normale,Autre collision,,,,,,,,,,,1,2,3,1,6
200700004143,0007-01-09 09:40:00,7,1,9,9,40,750,16,L6112 VERD PO GRENELLE P,,,Plein jour,En agglomération,Hors intersection,Temps couvert,Autre collision,,,,,,,,,,,1,2,1,8,6
200700004144,0007-01-10 19:00:00,7,1,10,19,0,750,10,84 QU DE JEMMAPES,,,Nuit avec éclairage allumé,En agglomération,Hors intersection,Normale,Trois véhicules et plus - en chaîne,,,,,,,,,,,5,2,1,1,4
200700004145,0007-01-09 13:10:00,7,1,9,13,10,750,16,BD AMIRAL BRUIX  R LALO,,,Plein jour,En agglomération,Intersection en T,Pluie légère,Autre collision,,,,,,,,,,,1,2,3,2,6
200700004146,0007-01-12 17:25:00,7,1,12,17,25,750,1,SOU TUILERIES,,,Nuit avec éclairage allumé,En agglomération,Hors intersection,Normale,Deux véhicules - arrière,,,,,,,,,,,5,2,1,1,2
200700004147,0007-01-12 13:20:00,7,1,12,13,20,750,3,42 R DE TURENNE,,,Plein jour,En agglomération,Hors intersection,Normale,Autre collision,,,,,,,,,,,1,2,1,1,6
200700004148,0007-01-12 21:10:00,7,1,12,21,10,750,6,R ECOLE MEDECINE BD SAIN,,,Nuit avec éclairage allumé,En agglomération,Intersection en Y,Normale,Deux véhicules - côté,,,,,,,,,,,5,2,4,1,3
200700004149,0007-01-12 09:50:00,7,1,12,9,50,750,8,BD MALESHERBES R PASQUIE,,,Plein jour,En agglomération,Intersection en X,Normale,Deux véhicules - côté,,,,,,,,,,,1,2,2,1,3
200700004150,0007-01-12 19:10:00,7,1,12,19,10,750,10,BD DE MAGENTA BD DE STRA,,,Nuit avec éclairage allumé,En agglomération,Intersection en X,Normale,Deux véhicules - côté,,,,,,,,,,,5,2,2,1,3
200700004151,0007-01-12 12:50:00,7,1,12,12,50,750,10,R CHATEAU LANDON R LA FA,,,Plein jour,En agglomération,Intersection en X,Normale,Deux véhicules - côté,,,,,,,,,,,1,2,2,1,3
200700004152,0007-01-12 12:48:00,7,1,12,12,48,750,11,196 BD  VOLTAIRE,,,Plein jour,En agglomération,Hors intersection,Normale,Autre collision,,,,,,,,,,,1,2,1,1,6
200700004153,0007-01-14 12:50:00,7,1,14,12,50,750,12,RTE DE LA PYRAMIDE ESP S,,,Plein jour,En agglomération,Intersection en T,Normale,Deux véhicules - côté,,,,,,,,,,,1,2,3,1,3
200700004154,0007-01-12 04:35:00,7,1,12,4,35,750,13,R GOUTHIERE BD KELLERMAN,,,Nuit avec éclairage allumé,En agglomération,Intersection en T,Normale,Sans collision,,,,,,,,,,,5,2,3,1,7
200700004155,0007-01-12 07:44:00,7,1,12,7,44,750,14,BD BRUNE AV PTE DE CHATI,,,Nuit avec éclairage allumé,En agglomération,Intersection en X,Pluie légère,Deux véhicules - côté,,,,,,,,,,,5,2,2,2,3
200700004156,0007-01-12 14:50:00,7,1,12,14,50,750,14,R DAGUERRE AV GENERAL LE,,,Plein jour,En agglomération,Intersection en T,Normale,Autre collision,,,,,,,,,,,1,2,3,1,6
200700004157,0007-01-12 15:15:00,7,1,12,15,15,750,15,208 R DE LA CONVENTION,,,Plein jour,En agglomération,Hors intersection,Normale,Autre collision,,,,,,,,,,,1,2,1,1,6
200700004158,0007-01-12 01:10:00,7,1,12,1,10,750,15,PL PTE VERSAILLES BD VIC,,,Nuit avec éclairage allumé,En agglomération,Intersection en X,Normale,Autre collision,,,,,,,,,,,5,2,2,1,6
200700004159,0007-01-12 15:10:00,7,1,12,15,10,750,16,AV DE SAINT CLOUD RTE SE,,,Plein jour,En agglomération,Intersection à plus de 4 branches,Temps couvert,Autre collision,,,,,,,,,,,1,2,5,8,6
200700004160,0007-01-12 12:10:00,7,1,12,12,10,750,16,PL CH DE GAULLE AV GRAND,,,Plein jour,En agglomération,Intersection en T,Normale,Sans collision,,,,,,,,,,,1,2,3,1,7
200700004161,0007-01-12 18:00:00,7,1,12,18,0,750,16,R GALILEE AV KLEBER,,,Nuit avec éclairage allumé,En agglomération,Intersection en Y,Normale,Autre collision,,,,,,,,,,,5,2,4,1,6
200700004162,0007-01-12 11:15:00,7,1,12,11,15,750,16,72 AV HENRI MARTIN,,,Plein jour,En agglomération,Hors intersection,Normale,Deux véhicules - côté,,,,,,,,,,,1,2,1,1,3
200700004163,0007-01-12 17:35:00,7,1,12,17,35,750,16,BPE AUTEUIL MOLITOR,,,Nuit avec éclairage allumé,En agglomération,Hors intersection,Normale,Deux véhicules - côté,,,,,,,,,,,5,2,1,1,3
200700004164,0007-01-12 08:50:00,7,1,12,8,50,750,17,L9684 R DE COURCELLES,,,Plein jour,En agglomération,Hors intersection,Pluie légère,Deux véhicules - côté,,,,,,,,,,,1,2,1,2,3
200700004165,0007-01-12 11:55:00,7,1,12,11,55,750,17,44 AV NIEL,,,Plein jour,En agglomération,Hors intersection,Normale,Autre collision,,,,,,,,,,,1,2,1,1,6
200700004166,0007-01-12 20:03:00,7,1,12,20,3,750,17,PAS BERZELIUS R POUCHET,,,Nuit avec éclairage allumé,En agglomération,Intersection en T,Normale,Autre collision,,,,,,,,,,,5,2,3,1,6
200700004167,0007-01-12 23:29:00,7,1,12,23,29,750,18,AV DE CLICHY PAS LATHUIL,,,Nuit avec éclairage allumé,En agglomération,Intersection en T,Normale,Autre collision,,,,,,,,,,,5,2,3,1,6
200700004168,0007-01-13 07:45:00,7,1,13,7,45,750,1,QU DE L HORLOGE BD DU PA,,,Crépuscule ou aube,En agglomération,Intersection en X,Pluie légère,Deux véhicules - côté,,,,,,,,,,,2,2,2,2,3
200700004169,0007-01-13 11:20:00,7,1,13,11,20,750,4,QU DE GESVRES PO NOTRE D,,,Plein jour,En agglomération,Intersection en X,Normale,Sans collision,,,,,,,,,,,1,2,2,1,7
200700004170,0007-01-13 13:13:00,7,1,13,13,13,750,5,BD SAINT MICHEL R SOUFFL,,,Plein jour,En agglomération,Intersection en T,Temps couvert,Autre collision,,,,,,,,,,,1,2,3,8,6
200700004171,0007-01-13 00:30:00,7,1,13,0,30,750,6,PL QUEBEC R DE RENNES,,,Nuit avec éclairage allumé,En agglomération,Intersection en T,Normale,Autre collision,,,,,,,,,,,5,2,3,1,6
200700004172,0007-01-13 20:45:00,7,1,13,20,45,750,7,PO DE LA CONCORDE QU D O,,,Nuit avec éclairage allumé,En agglomération,Intersection en T,Normale,Trois véhicules et plus - en chaîne,,,,,,,,,,,5,2,3,1,4
200700004173,0007-01-13 14:15:00,7,1,13,14,15,750,8,R ANDRIEUX BD DES BATIGN,,,Plein jour,En agglomération,Intersection en X,Normale,Deux véhicules - côté,,,,,,,,,,,1,2,2,1,3
200700004174,0007-01-13 04:30:00,7,1,13,4,30,750,9,PL ESTIENNE D ORVES R SA,,,Nuit avec éclairage allumé,En agglomération,Intersection en T,Normale,Autre collision,,,,,,,,,,,5,2,3,1,6
200700004175,0007-01-09 12:20:00,7,1,9,12,20,750,16,64 BD SUCHET,,,Plein jour,En agglomération,Hors intersection,Pluie légère,Deux véhicules - côté,,,,,,,,,,,1,2,1,2,3
200700004176,0007-01-09 21:40:00,7,1,9,21,40,750,16,R DE PASSY R VITAL,,,Nuit avec éclairage allumé,En agglomération,Intersection en X,Normale,Deux véhicules - côté,,,,,,,,,,,5,2,2,1,3
200700004177,0007-01-09 08:30:00,7,1,9,8,30,750,17,120 R DE SAUSSURE,,,Nuit avec éclairage allumé,En agglomération,Hors intersection,Pluie légère,Autre collision,,,,,,,,,,,5,2,1,2,6
200700004178,0007-01-09 12:40:00,7,1,9,12,40,750,19,214 R DE CRIMEE,,,Plein jour,En agglomération,Hors intersection,Normale,Autre collision,,,,,,,,,,,1,2,1,1,6
200700004179,0007-01-09 06:30:00,7,1,9,6,30,750,20,BPE VINCENNES MONTREUIL,,,Nuit avec éclairage allumé,En agglomération,Hors intersection,Normale,Deux véhicules - côté,,,,,,,,,,,5,2,1,1,3
200700004180,0007-01-10 10:35:00,7,1,10,10,35,750,11,PAS CHARLES DALLERY AV,,,Plein jour,En agglomération,Intersection en X,Normale,Autre collision,,,,,,,,,,,1,2,2,1,6
200700004181,0007-01-10 06:50:00,7,1,10,6,50,750,11,R DURANTI R FOLIE REGNAU,,,Nuit avec éclairage allumé,En agglomération,Intersection en X,Normale,Deux véhicules - côté,,,,,,,,,,,5,2,2,1,3
200700004182,0007-01-10 09:55:00,7,1,10,9,55,750,13,AV DE CHOISY R GEORGE EA,,,Plein jour,En agglomération,Intersection en T,Temps couvert,Deux véhicules - côté,,,,,,,,,,,1,2,3,8,3
200700004183,0007-01-10 19:05:00,7,1,10,19,5,750,15,AV FELIX FAURE R TISSERA,,,Nuit avec éclairage allumé,En agglomération,Intersection en Y,Normale,Deux véhicules - côté,,,,,,,,,,,5,2,4,1,3
200700004184,0007-01-10 19:00:00,7,1,10,19,0,750,15,R GERBERT R DE VAUGIRARD,,,Nuit avec éclairage allumé,En agglomération,Intersection en T,Pluie légère,Autre collision,,,,,,,,,,,5,2,3,2,6
200700004185,0007-01-10 11:30:00,7,1,10,11,30,750,16,AV GRANDE ARMEE R RUDE,,,Plein jour,En agglomération,Intersection en T,Normale,Sans collision,,,,,,,,,,,1,2,3,1,7
200700004186,0007-01-10 09:20:00,7,1,10,9,20,750,16,AV RAYMOND PONCARE R DE,,,Plein jour,En agglomération,Intersection en T,Normale,Autre collision,,,,,,,,,,,1,2,3,1,6
200700004187,0007-01-10 17:20:00,7,1,10,17,20,750,16,BD AMIRAL BRUIX PL PORTE,,,Nuit avec éclairage allumé,En agglomération,Intersection en X,Normale,Autre collision,,,,,,,,,,,5,2,2,1,6
200700004188,0007-01-10 17:30:00,7,1,10,17,30,750,17,R JOUFFR D ABBANS BD MAL,,,Nuit avec éclairage allumé,En agglomération,Intersection en X,Pluie légère,Deux véhicules - côté,,,,,,,,,,,5,2,2,2,3
200700004189,0007-01-10 15:00:00,7,1,10,15,0,750,17,126 AV DE CLICHY,,,Plein jour,En agglomération,Hors intersection,Pluie légère,Autre collision,,,,,,,,,,,1,2,1,2,6
200700004190,0007-01-10 00:38:00,7,1,10,0,38,750,17,R A DE LA FORGE AV GRAND,,,Nuit avec éclairage allumé,En agglomération,Intersection en T,Normale,Deux véhicules - côté,,,,,,,,,,,5,2,3,1,3
200700004191,0007-01-10 01:30:00,7,1,10,1,30,750,18,4 BD BARBES,,,Nuit avec éclairage allumé,En agglomération,Hors intersection,Normale,Autre collision,,,,,,,,,,,5,2,1,1,6
200700004192,0007-01-10 12:05:00,7,1,10,12,5,750,19,PL MAQUIS VERCORS AV POR,,,Plein jour,En agglomération,Intersection en X,Normale,Sans collision,,,,,,,,,,,1,2,2,1,7
200700004193,0007-01-10 20:35:00,7,1,10,20,35,750,20,R GRANDS CHAMPS R DES PY,,,Nuit avec éclairage allumé,En agglomération,Intersection en X,Normale,Autre collision,,,,,,,,,,,5,2,2,1,6
200700004194,0007-01-10 09:35:00,7,1,10,9,35,750,16,BPI AUTEUIL PASSY,,,Plein jour,En agglomération,Hors intersection,Normale,Trois véhicules et plus - en chaîne,,,,,,,,,,,1,2,1,1,4
200700004195,0007-01-13 12:35:00,7,1,13,12,35,750,12,BPI ST MANDE DOREE,,,Plein jour,En agglomération,Hors intersection,Normale,Deux véhicules - côté,,,,,,,,,,,1,2,1,1,3
200700004196,0007-01-13 23:34:00,7,1,13,23,34,750,13,BPI IVRY ITALIE,,,Nuit avec éclairage allumé,En agglomération,Hors intersection,Normale,Deux véhicules - côté,,,,,,,,,,,5,2,1,1,3
200700004197,0007-01-13 00:55:00,7,1,13,0,55,750,16,BPI QU POINT DU JOUR SAI,,,Nuit avec éclairage allumé,En agglomération,Hors intersection,Normale,Sans collision,,,,,,,,,,,5,2,1,1,7
200700004198,0007-01-13 01:25:00,7,1,13,1,25,750,16,CAR DU BOUT DES LACS RTE,,,Nuit avec éclairage allumé,En agglomération,Intersection en Y,Normale,Autre collision,,,,,,,,,,,5,2,4,1,6
200700004199,0007-01-13 02:10:00,7,1,13,2,10,750,16,VERD PT GARIGLIANO PT MI,,,Nuit avec éclairage allumé,En agglomération,Hors intersection,Normale,Deux véhicules - arrière,,,,,,,,,,,5,2,1,1,2
200700004200,0007-01-11 20:50:00,7,1,11,20,50,750,2,R REAUMUR BD DE SEBASTOP,,,Nuit avec éclairage allumé,En agglomération,Intersection en X,Pluie légère,Deux véhicules - côté,,,,,,,,,,,5,2,2,2,3
200700004201,0007-01-11 18:15:00,7,1,11,18,15,750,5,R DES ECOLES BD SAINT MI,,,Nuit avec éclairage allumé,En agglomération,Intersection en X,Normale,Autre collision,,,,,,,,,,,5,2,2,1,6
200700004202,0007-01-11 23:05:00,7,1,11,23,5,750,6,25 QU GRANDS AUGUSTINS,,,Nuit avec éclairage allumé,En agglomération,Hors intersection,Pluie légère,Deux véhicules - côté,,,,,,,,,,,5,2,1,2,3
200700004203,0007-01-11 20:45:00,7,1,11,20,45,750,7,BD DES INVALIDES R OUDIN,,,Nuit avec éclairage allumé,En agglomération,Intersection en X,Pluie légère,Autre collision,,,,,,,,,,,5,2,2,2,6
200700004204,0007-01-11 20:00:00,7,1,11,20,0,750,7,82 AV DE SUFFREN,,,Nuit avec éclairage allumé,En agglomération,Hors intersection,Pluie légère,Autre collision,,,,,,,,,,,5,2,1,2,6
200700004205,0007-01-11 13:05:00,7,1,11,13,5,750,8,PL DE LA CONCORDE R ROYA,,,Plein jour,En agglomération,Intersection en T,Normale,Deux véhicules - côté,,,,,,,,,,,1,2,3,1,3
200700004206,0007-01-11 07:54:00,7,1,11,7,54,750,8,AV CHAMPS ELYSEES PL CLE,,,Nuit avec éclairage allumé,En agglomération,Intersection en X,Normale,Deux véhicules - côté,,,,,,,,,,,5,2,2,1,3
200700004207,0007-01-11 20:15:00,7,1,11,20,15,750,11,156 R DE CHARONNE,,,Nuit avec éclairage allumé,En agglomération,Hors intersection,Pluie légère,Autre collision,,,,,,,,,,,5,2,1,2,6
200700004208,0007-01-11 14:00:00,7,1,11,14,0,750,11,R DU GRAND PRIEURE R J P,,,Plein jour,En agglomération,Intersection en X,Normale,Deux véhicules - côté,,,,,,,,,,,1,2,2,1,3
200700004209,0007-01-11 13:15:00,7,1,11,13,15,750,14,R D ALESIA R DES PLANTES,,,Plein jour,En agglomération,Intersection en X,Normale,Sans collision,,,,,,,,,,,1,2,2,1,7