accident_id,datetime,annee,mois,jour,heure,minute,departement,commune_insee,adresse,latitude,longitude,luminosite,agglomeration,intersection,meteo,collision,nb_vehicules,nb_usagers,nb_indemnes,nb_tues,nb_blesses_hosp,nb_blesses_legers,age_cond_1,age_cond_2,veh_type_cond_1,veh_type_cond_2,lum_code,agg_code,int_code,atm_code,col_code
200700004339,0007-01-21 17:40:00,7,1,21,17,40,750,12,BD DE LA BASTILLE R DE B,,,Crépuscule ou aube,En agglomération,Intersection en T,Temps couvert,Deux véhicules - arrière,,,,,,,,,,,2,2,3,8,2
200700004340,0007-01-20 19:40:00,7,1,20,19,40,750,11,168 AV LEDRU ROLLIN,,,Nuit avec éclairage allumé,En agglomération,Hors intersection,Pluie légère,Autre collision,,,,,,,,,,,5,2,1,2,6
200700004341,0007-01-21 04:45:00,7,1,21,4,45,750,9,R CHAUSSEE D ANTIN BD HA,,,Nuit avec éclairage allumé,En agglomération,Intersection à plus de 4 branches,Normale,Deux véhicules - côté,,,,,,,,,,,5,2,5,1,3
200700004342,0007-01-20 12:10:00,7,1,20,12,10,750,11,R DE CHARONNE BD VOLTAIR,,,Plein jour,En agglomération,Intersection en Y,Temps couvert,Autre collision,,,,,,,,,,,1,2,4,8,6
200700004343,0007-01-21 21:35:00,7,1,21,21,35,750,11,PL DE LA REPUBLIQUE BD V,,,Nuit avec éclairage allumé,En agglomération,Intersection en X,Normale,Autre collision,,,,,,,,,,,5,2,2,1,6
200700004344,0007-01-21 15:55:00,7,1,21,15,55,750,12,AV LEDRU ROLLIN R DE LYO,,,Plein jour,En agglomération,Intersection en X,Pluie légère,Deux véhicules - côté,,,,,,,,,,,1,2,2,2,3
200700004345,0007-01-20 04:55:00,7,1,20,4,55,750,12,PL DU CAL LAVIGERIE BD P,,,Nuit avec éclairage allumé,En agglomération,Intersection en X,Temps couvert,Deux véhicules - côté,,,,,,,,,,,5,2,2,8,3
200700004346,0007-01-20 21:05:00,7,1,20,21,5,750,12,L4473 AV DU TRONE,,,Nuit avec éclairage allumé,En agglomération,Hors intersection,Normale,Autre collision,,,,,,,,,,,5,2,1,1,6
200700004347,0007-01-20 17:00:00,7,1,20,17,0,750,12,164 BD DIDEROT,,,Plein jour,En agglomération,Hors intersection,Pluie légère,Deux véhicules - côté,,,,,,,,,,,1,2,1,2,3
200700004348,0007-01-20 14:32:00,7,1,20,14,32,750,13,132 R DE LA GLACIERE,,,Plein jour,En agglomération,Hors intersection,Normale,Deux véhicules - côté,,,,,,,,,,,1,2,1,1,3
200700004349,0007-01-20 00:05:00,7,1,20,0,5,750,16,PL GENERAL PATTON AV GRA,,,Nuit avec éclairage allumé,En agglomération,Intersection en X,Normale,Deux véhicules - côté,,,,,,,,,,,5,2,2,1,3
200700004350,0007-01-20 18:55:00,7,1,20,18,55,750,18,VLA SAINT MICHEL AV DE S,,,Nuit avec éclairage allumé,En agglomération,Intersection en T,Pluie légère,Autre collision,,,,,,,,,,,5,2,3,2,6
200700004351,0007-01-20 06:45:00,7,1,20,6,45,750,20,R DES PYRENEES R V DE L,,,Nuit avec éclairage allumé,En agglomération,Intersection en T,Pluie légère,Deux véhicules - côté,,,,,,,,,,,5,2,3,2,3
200700004352,0007-01-21 21:20:00,7,1,21,21,20,750,13,7 BD VINCENT AURIOL,,,Nuit avec éclairage allumé,En agglomération,Hors intersection,Normale,Autre collision,,,,,,,,,,,5,2,1,1,6
200700004353,0007-01-21 15:20:00,7,1,21,15,20,750,12,AV GENERAL MESSIMY R NOU,,,Plein jour,En agglomération,Intersection en T,Normale,Deux véhicules - côté,,,,,,,,,,,1,2,3,1,3
200700004354,0007-01-21 02:05:00,7,1,21,2,5,750,15,R LOUIS ARMAND AV PORTE,,,Nuit avec éclairage allumé,En agglomération,Intersection en T,Normale,Deux véhicules - côté,,,,,,,,,,,5,2,3,1,3
200700004355,0007-01-21 15:50:00,7,1,21,15,50,750,20,AV IBSEN R LE VAU,,,Plein jour,En agglomération,Intersection en T,Normale,Deux véhicules - côté,,,,,,,,,,,1,2,3,1,3
200700004356,0007-01-22 11:25:00,7,1,22,11,25,750,2,R DE PALESTRO R REAUMUR,,,Plein jour,En agglomération,Intersection en X,Normale,Deux véhicules - côté,,,,,,,,,,,1,2,2,1,3
200700004357,0007-01-22 11:40:00,7,1,22,11,40,750,3,14 R DE BRETAGNE,,,Plein jour,En agglomération,Hors intersection,Normale,Deux véhicules - côté,,,,,,,,,,,1,2,1,1,3
200700004358,0007-01-22 17:50:00,7,1,22,17,50,750,6,BD SAINT GERMAIN PL ST G,,,Nuit avec éclairage allumé,En agglomération,Intersection en X,Normale,Autre collision,,,,,,,,,,,5,2,2,1,6
200700004359,0007-01-22 13:30:00,7,1,22,13,30,750,8,2 PL DE LA CONCORDE,,,Plein jour,En agglomération,Hors intersection,Normale,Deux véhicules - arrière,,,,,,,,,,,1,2,1,1,2
200700004360,0007-01-22 15:20:00,7,1,22,15,20,750,8,4 AV GEORGE V,,,Plein jour,En agglomération,Hors intersection,Normale,Deux véhicules - côté,,,,,,,,,,,1,2,1,1,3
200700004361,0007-01-22 12:15:00,7,1,22,12,15,750,8,AV CHAMPS ELYSEES PL DE,,,Plein jour,En agglomération,Intersection en X,Temps couvert,Deux véhicules - côté,,,,,,,,,,,1,2,2,8,3
200700004362,0007-01-22 16:57:00,7,1,22,16,57,750,8,PL DE LA CONCORDE R ROYA,,,Plein jour,En agglomération,Intersection en T,Normale,Deux véhicules - côté,,,,,,,,,,,1,2,3,1,3
200700004363,0007-01-22 08:35:00,7,1,22,8,35,750,12,R DE CHARENTON R THEODOR,,,Plein jour,En agglomération,Intersection en T,Normale,Autre collision,,,,,,,,,,,1,2,3,1,6
200700004364,0007-01-22 02:15:00,7,1,22,2,15,750,13,BD DE L HOPITAL BD SAINT,,,Nuit avec éclairage allumé,En agglomération,Intersection en Y,Normale,Autre collision,,,,,,,,,,,5,2,4,1,6
200700004365,0007-01-22 14:40:00,7,1,22,14,40,750,13,16 BD DE L HOPITAL,,,Plein jour,En agglomération,Hors intersection,Normale,Autre collision,,,,,,,,,,,1,2,1,1,6
200700004366,0007-01-22 12:20:00,7,1,22,12,20,750,14,R DE LA GAITE R VANDAMME,,,Plein jour,En agglomération,Intersection en X,Temps couvert,Sans collision,,,,,,,,,,,1,2,2,8,7
200700004367,0007-01-22 10:00:00,7,1,22,10,0,750,15,L15028 AV ERNEST RENAN,,,Plein jour,En agglomération,Hors intersection,Normale,Sans collision,,,,,,,,,,,1,2,1,1,7
200700004368,0007-01-22 02:00:00,7,1,22,2,0,750,16,AV MAHATMA GANDHI ALL RE,,,Nuit avec éclairage allumé,En agglomération,Intersection à plus de 4 branches,Normale,Sans collision,,,,,,,,,,,5,2,5,1,7
200700004369,0007-01-22 13:45:00,7,1,22,13,45,750,17,R DE COURCELLES BD DE LA,,,Plein jour,En agglomération,Intersection en T,Normale,Autre collision,,,,,,,,,,,1,2,3,1,6
200700004370,0007-01-22 15:05:00,7,1,22,15,5,750,17,AV DE CLICHY R DOCTEUR H,,,Plein jour,En agglomération,Intersection en T,Normale,Deux véhicules - côté,,,,,,,,,,,1,2,3,1,3
200700004371,0007-01-22 21:55:00,7,1,22,21,55,750,20,AV GAMBETTA R PELLEPORT,,,Nuit avec éclairage allumé,En agglomération,Intersection à plus de 4 branches,Normale,Deux véhicules - côté,,,,,,,,,,,5,2,5,1,3
200700004372,0007-01-22 01:15:00,7,1,22,1,15,750,20,R DE LAGNY AV LEON GAUMO,,,Nuit avec éclairage allumé,En agglomération,Intersection en Y,Normale,Autre collision,,,,,,,,,,,5,2,4,1,6
200700004373,0007-01-23 09:20:00,7,1,23,9,20,750,16,BPE PASSY AUTEUIL,,,Plein jour,En agglomération,Hors intersection,Normale,Deux véhicules - côté,,,,,,,,,,,1,2,1,1,3
200700004374,0007-01-23 08:00:00,7,1,23,8,0,750,19,28 R DU RHIN,,,Plein jour,En agglomération,Hors intersection,Normale,Deux véhicules - côté,,,,,,,,,,,1,2,1,1,3
200700004375,0007-01-23 14:00:00,7,1,23,14,0,750,1,AV GEN LEMONNIER QU DES,,,Plein jour,En agglomération,Intersection en T,Temps couvert,Autre collision,,,,,,,,,,,1,2,3,8,6
200700004376,0007-01-23 09:08:00,7,1,23,9,8,750,6,R ABBE GREGOIRE R DE SEV,,,Plein jour,En agglomération,Intersection en T,Normale,Autre collision,,,,,,,,,,,1,2,3,1,6
200700004377,0007-01-23 11:45:00,7,1,23,11,45,750,6,32 R DES SAINTS PERES,,,Plein jour,En agglomération,Hors intersection,Normale,Deux véhicules - côté,,,,,,,,,,,1,2,1,1,3
200700004378,0007-01-23 03:34:00,7,1,23,3,34,750,8,AV F ROOSEVELT AV GEN EI,,,Nuit avec éclairage allumé,En agglomération,Intersection en X,Normale,Deux véhicules - côté,,,,,,,,,,,5,2,2,1,3
200700004379,0007-01-23 10:10:00,7,1,23,10,10,750,12,242 R DE CHARENTON,,,Plein jour,En agglomération,Hors intersection,Normale,Deux véhicules - côté,,,,,,,,,,,1,2,1,1,3
200700004380,0007-01-23 17:15:00,7,1,23,17,15,750,12,R FG SAINT ANTOINE PL DE,,,Plein jour,En agglomération,Intersection en X,Normale,Sans collision,,,,,,,,,,,1,2,2,1,7
200700004381,0007-01-23 17:38:00,7,1,23,17,38,750,13,50 AV DES GOBELINS,,,Nuit avec éclairage allumé,En agglomération,Hors intersection,Normale,Sans collision,,,,,,,,,,,5,2,1,1,7
200700004382,0007-01-23 12:14:00,7,1,23,12,14,750,14,82 AV DENF ROCHEREAU,,,Plein jour,En agglomération,Hors intersection,Normale,Deux véhicules - arrière,,,,,,,,,,,1,2,1,1,2
200700004383,0007-01-24 21:50:00,7,1,24,21,50,750,4,QU HOTEL DE VILLE BRET E,,,Nuit avec éclairage allumé,En agglomération,Intersection en Y,Normale,Sans collision,,,,,,,,,,,5,2,4,1,7
200700004384,0007-01-24 15:20:00,7,1,24,15,20,750,17,BD DU FORT DE VAUX AV PO,,,Plein jour,En agglomération,Intersection en X,Normale,Autre collision,,,,,,,,,,,1,2,2,1,6
200700004385,0007-01-23 15:55:00,7,1,23,15,55,750,15,R LOUIS ARMAND AV PORTE,,,Plein jour,En agglomération,Intersection en X,Temps couvert,Deux véhicules - côté,,,,,,,,,,,1,2,2,8,3
200700004386,0007-01-24 19:40:00,7,1,24,19,40,750,14,AV GENERAL LECLERC PL VI,,,Nuit avec éclairage allumé,En agglomération,Intersection à plus de 4 branches,Normale,Deux véhicules - côté,,,,,,,,,,,5,2,5,1,3
200700004387,0007-01-24 20:35:00,7,1,24,20,35,750,14,104 AV GENERAL LECLERC,,,Nuit avec éclairage allumé,En agglomération,Hors intersection,Normale,Autre collision,,,,,,,,,,,5,2,1,1,6
200700004388,0007-01-23 21:35:00,7,1,23,21,35,750,16,R DE PRESBOURG AV VICTOR,,,Nuit avec éclairage allumé,En agglomération,Intersection en X,Vent fort / tempête,Deux véhicules - côté,,,,,,,,,,,5,2,2,6,3
200700004389,0007-01-23 12:00:00,7,1,23,12,0,750,16,36 AV KLEBER,,,Plein jour,En agglomération,Hors intersection,Normale,Deux véhicules - côté,,,,,,,,,,,1,2,1,1,3
200700004390,0007-01-23 10:05:00,7,1,23,10,5,750,17,AV CIM BATIGNOLLES AV PO,,,Plein jour,En agglomération,Intersection en T,Temps couvert,Deux véhicules - côté,,,,,,,,,,,1,2,3,8,3
200700004391,0007-01-24 13:20:00,7,1,24,13,20,750,8,R BOISSY D ANGLAS BD MAL,,,Plein jour,En agglomération,Intersection en Y,Normale,Sans collision,,,,,,,,,,,1,2,4,1,7
200700004392,0007-01-24 18:55:00,7,1,24,18,55,750,8,84 AV CHAMPS ELYSEES,,,Nuit avec éclairage allumé,En agglomération,Hors intersection,Normale,Autre collision,,,,,,,,,,,5,2,1,1,6
200700004393,0007-01-24 10:55:00,7,1,24,10,55,750,8,AV CHAMPS ELYSEES AV DUT,,,Plein jour,En agglomération,Intersection en T,Normale,Autre collision,,,,,,,,,,,1,2,3,1,6
200700004394,0007-01-25 18:55:00,7,1,25,18,55,750,13,54 BD SAINT MARCEL,,,Nuit avec éclairage allumé,En agglomération,Hors intersection,Normale,Autre collision,,,,,,,,,,,5,2,1,1,6
200700004395,0007-01-25 17:53:00,7,1,25,17,53,750,14,PL DENF ROCHEREAU AV GEN,,,Nuit avec éclairage allumé,En agglomération,Intersection en X,Normale,Deux véhicules - côté,,,,,,,,,,,5,2,2,1,3
200700004396,0007-01-25 11:00:00,7,1,25,11,0,750,14,R E D LA MEURTHE  R PARC,,,Plein jour,En agglomération,Intersection en T,Normale,Deux véhicules - côté,,,,,,,,,,,1,2,3,1,3
200700004397,0007-01-27 14:55:00,7,1,27,14,55,750,1,R DU CYGNE BD DE SEBASTO,,,Plein jour,En agglomération,Intersection en T,Normale,Deux véhicules - côté,,,,,,,,,,,1,2,3,1,3
200700004398,0007-01-25 09:05:00,7,1,25,9,5,750,19,PL AUGUSTE BARON BD COMM,,,Plein jour,En agglomération,Intersection en T,Normale,Deux véhicules - côté,,,,,,,,,,,1,2,3,1,3
200700004399,0007-01-25 22:10:00,7,1,25,22,10,750,3,26 R REAUMUR,,,Nuit avec éclairage allumé,En agglomération,Hors intersection,Normale,Sans collision,,,,,,,,,,,5,2,1,1,7
200700004400,0007-01-25 22:40:00,7,1,25,22,40,750,19,L4485 PL AUGUSTE BARON,,,Nuit avec éclairage allumé,En agglomération,Hors intersection,Normale,Deux véhicules - côté,,,,,,,,,,,5,2,1,1,3
200700004401,0007-01-26 14:20:00,7,1,26,14,20,750,13,124 BD VINCENT AURIOL,,,Plein jour,En agglomération,Hors intersection,Normale,Deux véhicules - côté,,,,,,,,,,,1,2,1,1,3
200700004402,0007-01-24 23:15:00,7,1,24,23,15,750,4,BD BOURDON PO MORLAND,,,Nuit avec éclairage allumé,En agglomération,Intersection en X,Normale,Autre collision,,,,,,,,,,,5,2,2,1,6
200700004403,0007-01-25 11:05:00,7,1,25,11,5,750,7,20 AV DE TOURVILLE,,,Plein jour,En agglomération,Hors intersection,Normale,Autre collision,,,,,,,,,,,1,2,1,1,6
200700004404,0007-01-25 18:05:00,7,1,25,18,5,750,7,129 R DE GRENELLE,,,Nuit avec éclairage allumé,En agglomération,Hors intersection,Normale,Autre collision,,,,,,,,,,,5,2,1,1,6
200700004405,0007-01-25 19:30:00,7,1,25,19,30,750,1,R AMIRAL COLIGNY PL DU L,,,Nuit avec éclairage allumé,En agglomération,Intersection en T,Normale,Deux véhicules - côté,,,,,,,,,,,5,2,3,1,3
200700004406,0007-01-25 09:10:00,7,1,25,9,10,750,1,202 R DE RIVOLI,,,Plein jour,En agglomération,Hors intersection,Normale,Deux véhicules - arrière,,,,,,,,,,,1,2,1,1,2
200700004407,0007-01-25 17:15:00,7,1,25,17,15,750,2,12 BD BONNE NOUVELLE,,,Plein jour,En agglomération,Hors intersection,Normale,Deux véhicules - côté,,,,,,,,,,,1,2,1,1,3
200700004408,0007-01-25 17:10:00,7,1,25,17,10,750,11,BD FILLES CALVAIRE R OBE,,,Nuit avec éclairage allumé,En agglomération,Intersection en X,Normale,Deux véhicules - arrière,,,,,,,,,,,5,2,2,1,2
200700004409,0007-01-25 15:30:00,7,1,25,15,30,750,8,R ARSENE HOUSSAYE AV DE,,,Plein jour,En agglomération,Intersection en X,Normale,Deux véhicules - côté,,,,,,,,,,,1,2,2,1,3
200700004410,0007-01-25 09:20:00,7,1,25,9,20,750,8,R DE COURCELLES BD HAUSS,,,Plein jour,En agglomération,Intersection en X,Normale,Deux véhicules - côté,,,,,,,,,,,1,2,2,1,3
200700004411,0007-01-24 11:30:00,7,1,24,11,30,750,7,BD LA TOUR MAUBOURG AV D,,,Plein jour,En agglomération,Intersection en X,Temps couvert,Deux véhicules - côté,,,,,,,,,,,1,2,2,8,3
200700004412,0007-01-24 20:47:00,7,1,24,20,47,750,15,6 R FREMICOURT,,,Nuit avec éclairage allumé,En agglomération,Hors intersection,Normale,Autre collision,,,,,,,,,,,5,2,1,1,6
200700004413,0007-01-24 10:30:00,7,1,24,10,30,750,16,AV PTE DE ST CLOUD PL  P,,,Plein jour,En agglomération,Intersection en X,Temps couvert,Deux véhicules - arrière,,,,,,,,,,,1,2,2,8,2
200700004414,0007-01-26 16:25:00,7,1,26,16,25,750,7,R DU BAC R DE GRENELLE,,,Plein jour,En agglomération,Intersection en X,Normale,Autre collision,,,,,,,,,,,1,2,2,1,6
200700004415,0007-01-26 09:20:00,7,1,26,9,20,750,7,40 BD LA TOUR MAUBOURG,,,Plein jour,En agglomération,Hors intersection,Normale,Autre collision,,,,,,,,,,,1,2,1,1,6
200700004416,0007-01-26 08:45:00,7,1,26,8,45,750,8,14 R ROYALE,,,Plein jour,En agglomération,Hors intersection,Normale,Sans collision,,,,,,,,,,,1,2,1,1,7
200700004417,0007-01-26 12:45:00,7,1,26,12,45,750,8,BD HAUSSMANN R DE TEHERA,,,Plein jour,En agglomération,Intersection en T,Normale,Deux véhicules - côté,,,,,,,,,,,1,2,3,1,3
200700004418,0007-01-26 18:35:00,7,1,26,18,35,750,8,R CHATEAUBRIAND AV DE FR,,,Nuit avec éclairage allumé,En agglomération,Intersection en Y,Normale,Autre collision,,,,,,,,,,,5,2,4,1,6
200700004419,0007-01-26 16:35:00,7,1,26,16,35,750,11,20 BD VOLTAIRE,,,Plein jour,En agglomération,Hors intersection,Normale,Trois véhicules et plus - en chaîne,,,,,,,,,,,1,2,1,1,4
200700004420,0007-01-26 12:25:00,7,1,26,12,25,750,12,246 R DE CHARENTON,,,Plein jour,En agglomération,Hors intersection,Normale,Autre collision,,,,,,,,,,,1,2,1,1,6
200700004421,0007-01-26 19:45:00,7,1,26,19,45,750,15,AV DE BRETEUIL R DE SEVR,,,Nuit avec éclairage allumé,En agglomération,Intersection en X,Normale,Deux véhicules - arrière,,,,,,,,,,,5,2,2,1,2
200700004422,0007-01-26 17:20:00,7,1,26,17,20,750,17,6 R JACQUEMONT,,,Nuit avec éclairage allumé,En agglomération,Hors intersection,Normale,Autre collision,,,,,,,,,,,5,2,1,1,6
200700004423,0007-01-26 15:45:00,7,1,26,15,45,750,18,54 BD NEY,,,Plein jour,En agglomération,Hors intersection,Normale,Deux véhicules - côté,,,,,,,,,,,1,2,1,1,3
200700004424,0007-01-26 09:50:00,7,1,26,9,50,750,19,52 R PETIT,,,Plein jour,En agglomération,Hors intersection,Normale,Autre collision,,,,,,,,,,,1,2,1,1,6
200700004425,0007-01-26 14:20:00,7,1,26,14,20,750,19,24 AV MATHURIN MOREAU,,,Plein jour,En agglomération,Hors intersection,Normale,Trois véhicules et plus - en chaîne,,,,,,,,,,,1,2,1,1,4
200700004426,0007-01-26 18:15:00,7,1,26,18,15,750,14,R CI UNIVERSITAIRE BD JO,,,Nuit avec éclairage allumé,En agglomération,Intersection en T,Normale,Deux véhicules - côté,,,,,,,,,,,5,2,3,1,3
200700004427,0007-01-26 21:00:00,7,1,26,21,0,750,14,62 AV GENERAL LECLERC,,,Nuit avec éclairage allumé,En agglomération,Hors intersection,Normale,Deux véhicules - côté,,,,,,,,,,,5,2,1,1,3
200700004428,0007-01-26 16:45:00,7,1,26,16,45,750,19,R RIQUET R DE TANGER,,,Plein jour,En agglomération,Intersection en X,Normale,Autre collision,,,,,,,,,,,1,2,2,1,6
200700004429,0007-01-27 14:45:00,7,1,27,14,45,750,2,34 R GRENETA,,,Plein jour,En agglomération,Hors intersection,Normale,Sans collision,,,,,,,,,,,1,2,1,1,7
200700004430,0007-01-27 17:15:00,7,1,27,17,15,750,4,R PAVEE R DE RIVOLI,,,Nuit avec éclairage allumé,En agglomération,Intersection en T,Normale,Deux véhicules - côté,,,,,,,,,,,5,2,3,1,3
200700004431,0007-01-28 07:35:00,7,1,28,7,35,750,13,PL DOCTEUR YERSIN AV POR,,,Nuit avec éclairage allumé,En agglomération,Intersection en X,Normale,Deux véhicules - côté,,,,,,,,,,,5,2,2,1,3
200700004432,0007-01-27 05:15:00,7,1,27,5,15,750,8,66 AV CHAMPS ELYSEES,,,Nuit avec éclairage allumé,En agglomération,Hors intersection,Normale,Autre collision,,,,,,,,,,,5,2,1,1,6
200700004433,0007-01-27 16:40:00,7,1,27,16,40,750,12,PL EDOUARD RENARD AV GEN,,,Plein jour,En agglomération,Intersection en X,Normale,Autre collision,,,,,,,,,,,1,2,2,1,6
200700004434,0007-01-28 18:00:00,7,1,28,18,0,750,16,28 R BOULAINVILLIERS,,,Nuit avec éclairage allumé,En agglomération,Hors intersection,Normale,Sans collision,,,,,,,,,,,5,2,1,1,7
200700004435,0007-01-27 21:10:00,7,1,27,21,10,750,13,R BRILLAT SAVARIN R DES,,,Nuit avec éclairage allumé,En agglomération,Intersection en X,Normale,Deux véhicules - côté,,,,,,,,,,,5,2,2,1,3
200700004436,0007-01-28 15:35:00,7,1,28,15,35,750,16,AV PORTE D AUTEUIL PL PO,,,Plein jour,En agglomération,Intersection en X,Normale,Sans collision,,,,,,,,,,,1,2,2,1,7
200700004437,0007-01-28 05:40:00,7,1,28,5,40,750,12,144 BD DIDEROT,,,Nuit avec éclairage allumé,En agglomération,Hors intersection,Normale,Autre collision,,,,,,,,,,,5,2,1,1,6
200700004438,0007-01-27 16:50:00,7,1,27,16,50,750,15,R DE JAVEL QU ANDRE CITR,,,Plein jour,En agglomération,Intersection en T,Normale,Autre collision,,,,,,,,,,,1,2,3,1,6
200700004439,0007-01-28 14:45:00,7,1,28,14,45,750,4,QU HENRI IV R DE SCHOMBE,,,Plein jour,En agglomération,Intersection en T,Temps couvert,Deux véhicules - côté,,,,,,,,,,,1,2,3,8,3
200700004440,0007-01-27 15:10:00,7,1,27,15,10,750,15,AV PORTE DE SEVRES BD VI,,,Plein jour,En agglomération,Intersection en X,Normale,Autre collision,,,,,,,,,,,1,2,2,1,6
200700004441,0007-01-28 01:40:00,7,1,28,1,40,750,17,BD BESSIERES R JACQUES K,,,Nuit avec éclairage allumé,En agglomération,Intersection en X,Normale,Deux véhicules - côté,,,,,,,,,,,5,2,2,1,3
200700004442,0007-01-27 13:05:00,7,1,27,13,5,750,17,6 R CATULLE MENDES,,,Plein jour,En agglomération,Hors intersection,Normale,Deux véhicules - côté,,,,,,,,,,,1,2,1,1,3
200700004443,0007-01-28 11:15:00,7,1,28,11,15,750,5,R CUJAS BD SAINT MICHEL,,,Plein jour,En agglomération,Intersection en T,Temps couvert,Deux véhicules - côté,,,,,,,,,,,1,2,3,8,3
200700004444,0007-01-28 11:35:00,7,1,28,11,35,750,11,R CONDILLAC AV DE LA REP,,,Plein jour,En agglomération,Intersection en T,Normale,Autre collision,,,,,,,,,,,1,2,3,1,6
200700004445,0007-01-27 20:45:00,7,1,27,20,45,750,19,40 R ARMAND CARREL,,,Nuit avec éclairage allumé,En agglomération,Hors intersection,Normale,Deux véhicules - côté,,,,,,,,,,,5,2,1,1,3
200700004446,0007-01-27 21:33:00,7,1,27,21,33,750,19,R DE CRIMEE AV DE FLANDR,,,Nuit avec éclairage allumé,En agglomération,Intersection en T,Normale,Sans collision,,,,,,,,,,,5,2,3,1,7
200700004447,0007-01-27 22:04:00,7,1,27,22,4,750,19,R DE CRIMEE R CURIAL,,,Nuit avec éclairage allumé,En agglomération,Intersection à plus de 4 branches,Normale,Deux véhicules - côté,,,,,,,,,,,5,2,5,1,3
200700004448,0007-01-28 00:20:00,7,1,28,0,20,750,11,92 AV PARMENTIER,,,Nuit avec éclairage allumé,En agglomération,Hors intersection,Normale,Deux véhicules - côté,,,,,,,,,,,5,2,1,1,3
200700004449,0007-01-30 12:20:00,7,1,30,12,20,750,11,90 R DE CHARONNE,,,Plein jour,En agglomération,Hors intersection,Normale,Deux véhicules - côté,,,,,,,,,,,1,2,1,1,3
200700004450,0007-01-28 08:55:00,7,1,28,8,55,750,11,R LACHARRIERE BD VOLTAIR,,,Plein jour,En agglomération,Intersection en T,Normale,Deux véhicules - arrière,,,,,,,,,,,1,2,3,1,2
200700004451,0007-01-30 08:25:00,7,1,30,8,25,750,2,R BLONDEL BD DE SEBASTOP,,,Plein jour,En agglomération,Intersection en X,Pluie légère,Deux véhicules - arrière,,,,,,,,,,,1,2,2,2,2
200700004452,0007-01-30 15:45:00,7,1,30,15,45,750,16,196 AV DE VERSAILLES,,,Plein jour,En agglomération,Hors intersection,Normale,Autre collision,,,,,,,,,,,1,2,1,1,6
200700004453,0007-01-30 18:00:00,7,1,30,18,0,750,16,88 BD MURAT,,,Nuit avec éclairage allumé,En agglomération,Hors intersection,Normale,Deux véhicules - côté,,,,,,,,,,,5,2,1,1,3
200700004454,0007-01-28 16:30:00,7,1,28,16,30,750,15,296 R LECOURBE,,,Plein jour,En agglomération,Hors intersection,Normale,Autre collision,,,,,,,,,,,1,2,1,1,6
200700004455,0007-01-30 14:15:00,7,1,30,14,15,750,6,R DE RENNES R DE VAUGIRA,,,Plein jour,En agglomération,Intersection à plus de 4 branches,Normale,Autre collision,,,,,,,,,,,1,2,5,1,6
200700004456,0007-01-30 15:00:00,7,1,30,15,0,750,6,2 R DE MEDICIS,,,Plein jour,En agglomération,Hors intersection,Normale,Autre collision,,,,,,,,,,,1,2,1,1,6
200700004457,0007-01-28 01:35:00,7,1,28,1,35,750,6,BD RASPAIL R DE RENNES,,,Nuit avec éclairage allumé,En agglomération,Intersection en X,Normale,Deux véhicules - côté,,,,,,,,,,,5,2,2,1,3
200700004458,0007-01-30 15:05:00,7,1,30,15,5,750,6,R SAINT SULPICE R DE TOU,,,Plein jour,En agglomération,Intersection en X,Temps couvert,Deux véhicules - côté,,,,,,,,,,,1,2,2,8,3
200700004459,0007-01-28 21:10:00,7,1,28,21,10,750,18,BD BARBES R DOUDEAUVILLE,,,Nuit avec éclairage allumé,En agglomération,Intersection en T,Normale,Autre collision,,,,,,,,,,,5,2,3,1,6
200700004460,0007-01-29 15:05:00,7,1,29,15,5,750,2,R DE LA MICHODIERE R QUA,,,Plein jour,En agglomération,Intersection en X,Normale,Sans collision,,,,,,,,,,,1,2,2,1,7
200700004461,0007-01-30 18:45:00,7,1,30,18,45,750,8,22 R CLAPEYRON,,,Nuit avec éclairage allumé,En agglomération,Hors intersection,Temps couvert,Autre collision,,,,,,,,,,,5,2,1,8,6
200700004462,0007-01-29 20:20:00,7,1,29,20,20,750,7,48 BD DES INVALIDES,,,Nuit avec éclairage allumé,En agglomération,Hors intersection,Normale,Deux véhicules - arrière,,,,,,,,,,,5,2,1,1,2
200700004463,0007-01-30 17:56:00,7,1,30,17,56,750,13,12 BD DE L HOPITAL,,,Nuit avec éclairage allumé,En agglomération,Hors intersection,Normale,Autre collision,,,,,,,,,,,5,2,1,1,6
200700004464,0007-01-30 20:40:00,7,1,30,20,40,750,13,38 R DE LA GLACIERE,,,Nuit avec éclairage allumé,En agglomération,Hors intersection,Normale,Autre collision,,,,,,,,,,,5,2,1,1,6
200700004465,0007-01-30 09:00:00,7,1,30,9,0,750,14,74 AV GENERAL LECLERC,,,Plein jour,En agglomération,Hors intersection,Normale,Deux véhicules - arrière,,,,,,,,,,,1,2,1,1,2
200700004466,0007-01-29 07:50:00,7,1,29,7,50,750,13,AV DE CHOISY PL D ITALIE,,,Nuit avec éclairage allumé,En agglomération,Intersection en T,Pluie légère,Sans collision,,,,,,,,,,,5,2,3,2,7
200700004467,0007-01-30 13:30:00,7,1,30,13,30,750,18,R DAMREMONT R LAMARCK,,,Plein jour,En agglomération,Intersection en X,Normale,Deux véhicules - côté,,,,,,,,,,,1,2,2,1,3
200700004468,0007-01-31 05:10:00,7,1,31,5,10,750,13,33 BD KELLERMANN,,,Nuit avec éclairage allumé,En agglomération,Hors intersection,Normale,Autre collision,,,,,,,,,,,5,2,1,1,6
200700004469,0007-01-31 13:05:00,7,1,31,13,5,750,7,PO DU CARROUSEL QU VOLTA,,,Plein jour,En agglomération,Intersection en X,Normale,Sans collision,,,,,,,,,,,1,2,2,1,7
200700004470,0007-01-27 17:30:00,7,1,27,17,30,750,10,BD DE MAGENTA R DE MAUBE,,,Nuit avec éclairage allumé,En agglomération,Intersection en X,Normale,Deux véhicules - côté,,,,,,,,,,,5,2,2,1,3