accident_id,datetime,annee,mois,jour,heure,minute,departement,commune_insee,adresse,latitude,longitude,luminosite,agglomeration,intersection,meteo,collision,nb_vehicules,nb_usagers,nb_indemnes,nb_tues,nb_blesses_hosp,nb_blesses_legers,age_cond_1,age_cond_2,veh_type_cond_1,veh_type_cond_2,lum_code,agg_code,int_code,atm_code,col_code
200700004602,0007-01-21 14:20:00,7,1,21,14,20,760,540,"1, DUNANT. RUE HENRI",,,Plein jour,En agglomération,Hors intersection,Normale,Sans collision,,,,,,,,,,,1,2,1,1,7
200700004603,0007-01-20 16:15:00,7,1,20,16,15,760,540,"1, CORNEILLE. QUAI (HAUT",,,Plein jour,En agglomération,Intersection en T,Temps couvert,Trois véhicules et plus - collisions multiples,,,,,,,,,,,1,2,3,8,5
200700004604,0007-01-21 17:25:00,7,1,21,17,25,760,540,"1, BELGES. TREMIE DES",,,Crépuscule ou aube,En agglomération,Hors intersection,Normale,Deux véhicules - arrière,,,,,,,,,,,2,2,1,1,2
200700004605,0007-01-20 17:15:00,7,1,20,17,15,760,498,"5, STANISLAS GIRARDIN -",,,Plein jour,En agglomération,Hors intersection,Normale,Deux véhicules - arrière,,,,,,,,,,,1,2,1,1,2
200700004606,0007-01-22 08:00:00,7,1,22,8,0,760,540,"2, SATIE. RUE ERIK",,,Crépuscule ou aube,En agglomération,Hors intersection,Normale,Autre collision,,,,,,,,,,,2,2,1,1,6
200700004607,0007-01-23 08:45:00,7,1,23,8,45,760,498,RN 338,,,Plein jour,Hors agglomération,Hors intersection,Normale,Deux véhicules - arrière,,,,,,,,,,,1,1,1,1,2
200700004608,0007-01-23 09:05:00,7,1,23,9,5,760,498,"1, CANADIENS. AVENUE DES",,,Plein jour,En agglomération,Hors intersection,Normale,Deux véhicules - arrière,,,,,,,,,,,1,2,1,1,2
200700004609,0007-01-23 02:40:00,7,1,23,2,40,760,540,"1, PENE. RUE ANNIE DE",,,Nuit sans éclairage public,En agglomération,Hors intersection,Vent fort / tempête,Sans collision,,,,,,,,,,,3,2,1,6,7
200700004610,0007-01-23 13:55:00,7,1,23,13,55,760,540,"71, LECANUET. RUE JEAN",,,Plein jour,En agglomération,Hors intersection,Normale,Deux véhicules - arrière,,,,,,,,,,,1,2,1,1,2
200700004611,0007-01-23 14:15:00,7,1,23,14,15,760,540,"92, LA FAYETTE. RUE",,,Plein jour,En agglomération,Hors intersection,Normale,Autre collision,,,,,,,,,,,1,2,1,1,6
200700004612,0007-01-24 18:00:00,7,1,24,18,0,760,575,"1, CROIZAT. AVENUE AMBRO",,,Nuit avec éclairage allumé,En agglomération,Hors intersection,Normale,Autre collision,,,,,,,,,,,5,2,1,1,6
200700004613,0007-01-25 13:45:00,7,1,25,13,45,760,322,"1, VERDUN. BOULEVARD DE",,,Plein jour,En agglomération,Hors intersection,Normale,Deux véhicules - arrière,,,,,,,,,,,1,2,1,1,2
200700004614,0007-01-27 10:00:00,7,1,27,10,0,760,540,"1, GADEAU DE KERVILLE. R",,,Plein jour,En agglomération,Hors intersection,Normale,Deux véhicules - arrière,,,,,,,,,,,1,2,1,1,2
200700004615,0007-01-30 17:00:00,7,1,30,17,0,760,540,"1, HAVRE. ROUTE DU",,,Plein jour,En agglomération,Hors intersection,Temps couvert,Deux véhicules - côté,,,,,,,,,,,1,2,1,8,3
200700004616,0007-01-11 08:20:00,7,1,11,8,20,770,108,"155, CITES (RUE DES)",,,Crépuscule ou aube,En agglomération,Hors intersection,Normale,Deux véhicules - arrière,,,,,,,,,,,2,2,1,1,2
200700004617,0007-01-18 15:50:00,7,1,18,15,50,770,108,"29, RESISTANCE (AVENUE D",,,Plein jour,En agglomération,Hors intersection,Normale,Autre collision,,,,,,,,,,,1,2,1,1,6
200700004618,0007-01-21 13:00:00,7,1,21,13,0,770,108,"79, MARECHAL FOCH (AVENU",,,Plein jour,En agglomération,Intersection en T,Normale,Deux véhicules - côté,,,,,,,,,,,1,2,3,1,3
200700004619,0007-01-23 13:35:00,7,1,23,13,35,770,108,"6, ETERLET (RUE LOUIS )",,,Plein jour,En agglomération,Intersection en T,Normale,Deux véhicules - frontale,,,,,,,,,,,1,2,3,1,1
200700004620,0007-01-26 14:10:00,7,1,26,14,10,770,108,"28, BESSON (RUE ADOLPHE)",,,Plein jour,En agglomération,Hors intersection,Normale,Autre collision,,,,,,,,,,,1,2,1,1,6
200700004621,0007-01-28 09:45:00,7,1,28,9,45,770,108,"32, TIR ( RUE DU )",,,Plein jour,En agglomération,Hors intersection,Pluie légère,Deux véhicules - côté,,,,,,,,,,,1,2,1,2,3
200700004622,0007-01-31 21:00:00,7,1,31,21,0,770,108,CLAYE (AVENUE DE),,,Nuit avec éclairage allumé,En agglomération,Hors intersection,Temps couvert,Autre collision,,,,,,,,,,,5,2,1,8,6
200700004623,0007-01-23 18:50:00,7,1,23,18,50,770,132,RN 34,,,Nuit avec éclairage allumé,Hors agglomération,Hors intersection,Pluie légère,Deux véhicules - arrière,,,,,,,,,,,5,1,1,2,2
200700004624,0007-01-05 18:00:00,7,1,5,18,0,770,371,MEAUX (RUE DE),,,Nuit sans éclairage public,Hors agglomération,Intersection en Y,Pluie légère,Sans collision,,,,,,,,,,,3,1,4,2,7
200700004625,0007-01-07 05:05:00,7,1,7,5,5,770,281,D 402,,,Nuit sans éclairage public,Hors agglomération,Hors intersection,Normale,Sans collision,,,,,,,,,,,3,1,1,1,7
200700004626,0007-01-11 17:10:00,7,1,11,17,10,770,28,TOUCHE  (LIEU DIT),,,Crépuscule ou aube,Hors agglomération,Intersection en T,Pluie légère,Deux véhicules - côté,,,,,,,,,,,2,1,3,2,3
200700004627,0007-01-12 13:10:00,7,1,12,13,10,770,433,EPIEDS  (LIEU DIT),,,Plein jour,Hors agglomération,Hors intersection,Normale,Sans collision,,,,,,,,,,,1,1,1,1,7
200700004628,0007-01-15 15:00:00,7,1,15,15,0,770,320,"171, CHAMPAGNE (RUE DES)",,,Plein jour,En agglomération,Autre intersection,Normale,Autre collision,,,,,,,,,,,1,2,9,1,6
200700004629,0007-01-17 11:50:00,7,1,17,11,50,770,131,"14, STRASBOURG (AVENUE D",,,Plein jour,En agglomération,Hors intersection,Normale,Deux véhicules - côté,,,,,,,,,,,1,2,1,1,3
200700004630,0007-01-19 08:45:00,7,1,19,8,45,770,320,"1412, PARIS (AVENUE DE)",,,Plein jour,En agglomération,Hors intersection,Pluie légère,Trois véhicules et plus - en chaîne,,,,,,,,,,,1,2,1,2,4
200700004631,0007-01-19 17:25:00,7,1,19,17,25,770,131,"12, PALAIS DE JUSTICE",,,Nuit avec éclairage allumé,En agglomération,Hors intersection,Normale,Autre collision,,,,,,,,,,,5,2,1,1,6
200700004632,0007-01-25 08:40:00,7,1,25,8,40,770,131,"2, CAPUCINS (RUE DES)",,,Plein jour,En agglomération,Hors intersection,Normale,Autre collision,,,,,,,,,,,1,2,1,1,6
200700004633,0007-01-27 18:30:00,7,1,27,18,30,770,186,"4, BERANGER (RUE)",,,Nuit avec éclairage allumé,En agglomération,Autre intersection,Normale,Autre collision,,,,,,,,,,,5,2,9,1,6
200700004634,0007-01-29 03:45:00,7,1,29,3,45,770,37,BOURGOGNE (ROUTE DE),,,Nuit sans éclairage public,Hors agglomération,Hors intersection,Pluie légère,Autre collision,,,,,,,,,,,3,1,1,2,6
200700004635,0007-01-23 16:55:00,7,1,23,16,55,770,186,CROIX SAINT HEREM (CARRE,,,Plein jour,Hors agglomération,Intersection en X,Normale,Deux véhicules - côté,,,,,,,,,,,1,1,2,1,3
200700004636,0007-01-08 17:20:00,7,1,8,17,20,770,475,"12, FUBLAINES (RUE DE)",,,Nuit avec éclairage allumé,En agglomération,Hors intersection,Temps couvert,Deux véhicules - côté,,,,,,,,,,,5,2,1,8,3
200700004637,0007-01-09 08:10:00,7,1,9,8,10,770,284,"1, EPINETTE (AV.DE L')",,,Plein jour,En agglomération,Hors intersection,Temps couvert,Deux véhicules - arrière,,,,,,,,,,,1,2,1,8,2
200700004638,0007-01-13 09:00:00,7,1,13,9,0,770,284,"3, VICTOIRE (AV.DE LA)",,,Plein jour,En agglomération,Hors intersection,Normale,Deux véhicules - arrière,,,,,,,,,,,1,2,1,1,2
200700004639,0007-01-16 16:15:00,7,1,16,16,15,770,284,"8, BUREAU (RUE JEAN)",,,Plein jour,En agglomération,Hors intersection,Normale,Deux véhicules - arrière,,,,,,,,,,,1,2,1,1,2
200700004640,0007-01-17 23:05:00,7,1,17,23,5,770,284,"79, ALLENDE (AV.SALVADOR",,,Nuit avec éclairage allumé,En agglomération,Hors intersection,Pluie forte,Deux véhicules - arrière,,,,,,,,,,,5,2,1,3,2
200700004641,0007-01-25 07:20:00,7,1,25,7,20,770,284,"5, GALLIENI (AVENUE)",,,Plein jour,En agglomération,Hors intersection,Temps couvert,Autre collision,,,,,,,,,,,1,2,1,8,6
200700004642,0007-01-27 16:54:00,7,1,27,16,54,770,284,"1, ADER (BD.CLEMENT)",,,Plein jour,En agglomération,Hors intersection,Temps couvert,Sans collision,,,,,,,,,,,1,2,1,8,7
200700004643,0007-01-31 08:30:00,7,1,31,8,30,770,284,"1, REPUBLIQUE (AV.DE LA)",,,Plein jour,En agglomération,Hors intersection,Pluie légère,Deux véhicules - côté,,,,,,,,,,,1,2,1,2,3
200700004644,0007-01-03 11:00:00,7,1,3,11,0,770,495,D.82,,,Plein jour,Hors agglomération,Autre intersection,Normale,Deux véhicules - côté,,,,,,,,,,,1,1,9,1,3
200700004645,0007-01-06 03:35:00,7,1,6,3,35,770,487,"43, CHARTRETTES  (ROUTE",,,Nuit avec éclairage allumé,En agglomération,Hors intersection,Pluie légère,Autre collision,,,,,,,,,,,5,2,1,2,6
200700004646,0007-01-11 18:15:00,7,1,11,18,15,770,288,"02, PASTEUR (QUAI)",,,Nuit avec éclairage allumé,En agglomération,Hors intersection,Normale,Autre collision,,,,,,,,,,,5,2,1,1,6
200700004647,0007-01-13 18:55:00,7,1,13,18,55,770,445,"sans N°, ROUTOIRES (AVEN",,,Nuit sans éclairage public,En agglomération,Hors intersection,Temps couvert,Autre collision,,,,,,,,,,,3,2,1,8,6
200700004648,0007-01-21 15:15:00,7,1,21,15,15,770,285,"sans N°, ANCIENS COMBATT",,,Plein jour,En agglomération,Hors intersection,Normale,Deux véhicules - côté,,,,,,,,,,,1,2,1,1,3
200700004649,0007-01-22 11:10:00,7,1,22,11,10,770,288,"03, ROCHETTE (RUE DE LA)",,,Plein jour,En agglomération,Hors intersection,Normale,Autre collision,,,,,,,,,,,1,2,1,1,6
200700004650,0007-01-24 06:55:00,7,1,24,6,55,770,67,"86, MONIER (RUE CHARLES)",,,Nuit avec éclairage allumé,En agglomération,Intersection en Y,Normale,Deux véhicules - côté,,,,,,,,,,,5,2,4,1,3
200700004651,0007-01-26 20:20:00,7,1,26,20,20,770,394,D.471,,,Nuit sans éclairage public,Hors agglomération,Hors intersection,Autre,Autre collision,,,,,,,,,,,3,1,1,9,6
200700004652,0007-01-27 14:20:00,7,1,27,14,20,770,487,"1890, R.N 105",,,Plein jour,En agglomération,Hors intersection,Normale,Deux véhicules - côté,,,,,,,,,,,1,2,1,1,3
200700004653,0007-01-30 19:55:00,7,1,30,19,55,770,495,D.306,,,Nuit sans éclairage public,Hors agglomération,Autre intersection,Temps couvert,Deux véhicules - arrière,,,,,,,,,,,3,1,9,8,2
200700004654,0007-01-02 20:45:00,7,1,2,20,45,770,294,"11, LONDRES (AVENUE DE)",,,Nuit avec éclairage allumé,En agglomération,Intersection en X,Pluie légère,Autre collision,,,,,,,,,,,5,2,2,2,6
200700004655,0007-01-09 08:25:00,7,1,9,8,25,770,294,"06, 08 MAI 1945 (AVENUE",,,Crépuscule ou aube,En agglomération,Hors intersection,Normale,Autre collision,,,,,,,,,,,2,2,1,1,6
200700004656,0007-01-08 09:05:00,7,1,8,9,5,770,123,CD 212,,,Plein jour,Hors agglomération,Hors intersection,Pluie légère,Trois véhicules et plus - en chaîne,,,,,,,,,,,1,1,1,2,4
200700004657,0007-01-19 18:40:00,7,1,19,18,40,770,294,VICTOR HUGO (RUE),,,Nuit avec éclairage allumé,En agglomération,Hors intersection,Pluie légère,Autre collision,,,,,,,,,,,5,2,1,2,6
200700004658,0007-01-21 01:26:00,7,1,21,1,26,770,294,RN 2,,,Nuit sans éclairage public,Hors agglomération,Hors intersection,Normale,Autre collision,,,,,,,,,,,3,1,1,1,6
200700004659,0007-01-27 08:25:00,7,1,27,8,25,770,294,BORDIERE (AVENUE DE LA),,,Plein jour,En agglomération,Hors intersection,Normale,Autre collision,,,,,,,,,,,1,2,1,1,6
200700004660,0007-01-08 06:45:00,7,1,8,6,45,770,296,PHILIPPE BUR(AVENUE),,,Nuit avec éclairage allumé,En agglomération,Hors intersection,Pluie légère,Autre collision,,,,,,,,,,,5,2,1,2,6
200700004661,0007-01-02 19:25:00,7,1,2,19,25,770,54,RN 6,,,Nuit sans éclairage public,Hors agglomération,Intersection en X,Pluie légère,Trois véhicules et plus - collisions multiples,,,,,,,,,,,3,1,2,2,5
200700004662,0007-01-02 17:59:00,7,1,2,17,59,770,210,D 210,,,Nuit sans éclairage public,Hors agglomération,Intersection en X,Pluie légère,Deux véhicules - côté,,,,,,,,,,,3,1,2,2,3
200700004663,0007-01-04 18:20:00,7,1,4,18,20,770,305,"1, GRAMINE (AVENUE DE LA",,,Nuit avec éclairage allumé,En agglomération,Intersection en T,Pluie légère,Autre collision,,,,,,,,,,,5,2,3,2,6
200700004664,0007-01-05 18:15:00,7,1,5,18,15,770,279,ROUTE DEPARTEMENTALE 411,,,Nuit avec éclairage allumé,Hors agglomération,Intersection en X,Pluie forte,Deux véhicules - côté,,,,,,,,,,,5,1,2,3,3
200700004665,0007-01-10 08:10:00,7,1,10,8,10,770,333,"41, HUGO (QUAI VICTOR)",,,Nuit avec éclairage allumé,En agglomération,Intersection en X,Normale,Deux véhicules - côté,,,,,,,,,,,5,2,2,1,3
200700004666,0007-01-11 07:25:00,7,1,11,7,25,770,156,DEPARTEMENTALE 40 ( ROUT,,,Nuit sans éclairage public,Hors agglomération,Hors intersection,Normale,Autre collision,,,,,,,,,,,3,1,1,1,6
200700004667,0007-01-25 08:15:00,7,1,25,8,15,770,431,PORT (RUE DU),,,Plein jour,En agglomération,Hors intersection,Temps couvert,Deux véhicules - frontale,,,,,,,,,,,1,2,1,8,1
200700004668,0007-01-29 15:15:00,7,1,29,15,15,770,333,"15A, ROUX (AVENUE)",,,Plein jour,En agglomération,Intersection en X,Normale,Deux véhicules - côté,,,,,,,,,,,1,2,2,1,3
200700004669,0007-01-10 18:10:00,7,1,10,18,10,770,83,"12, REPUBLIQUE (BOULEVAR",,,Nuit avec éclairage allumé,En agglomération,Intersection en X,Pluie légère,Deux véhicules - côté,,,,,,,,,,,5,2,2,2,3
200700004670,0007-01-16 18:00:00,7,1,16,18,0,770,146,COURCERIN (BOULEVARD DE),,,Nuit avec éclairage allumé,En agglomération,Intersection en T,Normale,Deux véhicules - côté,,,,,,,,,,,5,2,3,1,3
200700004671,0007-01-17 19:26:00,7,1,17,19,26,770,83,"42, PARIS (RUE DE)",,,Nuit avec éclairage allumé,En agglomération,Hors intersection,Pluie légère,Deux véhicules - frontale,,,,,,,,,,,5,2,1,2,1
200700004672,0007-01-19 10:55:00,7,1,19,10,55,770,258,COURCERIN (BOULEVARD DE),,,Plein jour,En agglomération,Hors intersection,Pluie légère,Deux véhicules - côté,,,,,,,,,,,1,2,1,2,3
200700004673,0007-01-19 18:45:00,7,1,19,18,45,770,169,OLOF PALME (BOULEVARD),,,Nuit avec éclairage allumé,En agglomération,Hors intersection,Pluie légère,Trois véhicules et plus - en chaîne,,,,,,,,,,,5,2,1,2,4
200700004674,0007-01-28 08:55:00,7,1,28,8,55,770,83,GENERAL DE  GAULLE (AVEN,,,Plein jour,En agglomération,Autre intersection,Normale,Deux véhicules - frontale,,,,,,,,,,,1,2,9,1,1
200700004675,0007-01-26 16:00:00,7,1,26,16,0,770,468,"10, LOUIS ARAGON (AVENUE",,,Plein jour,En agglomération,Intersection en T,Normale,Autre collision,,,,,,,,,,,1,2,3,1,6
200700004676,0007-01-07 12:00:00,7,1,7,12,0,770,249,VILLARCEAU  (RUE DE),,,Plein jour,En agglomération,Hors intersection,Normale,Deux véhicules - arrière,,,,,,,,,,,1,2,1,1,2
200700004677,0007-01-11 07:55:00,7,1,11,7,55,770,373,MADAME SANS GENE (RUE),,,Crépuscule ou aube,En agglomération,Hors intersection,Temps couvert,Autre collision,,,,,,,,,,,2,2,1,8,6
200700004678,0007-01-11 13:25:00,7,1,11,13,25,770,390,MALIBRAN (AVENUE DE LA),,,Plein jour,En agglomération,Hors intersection,Autre,Autre collision,,,,,,,,,,,1,2,1,9,6
200700004679,0007-01-21 20:30:00,7,1,21,20,30,770,118,ROUTE NATIONALE 3,,,Nuit sans éclairage public,Hors agglomération,Hors intersection,Normale,Deux véhicules - arrière,,,,,,,,,,,3,1,1,1,2
200700004680,0007-01-30 21:15:00,7,1,30,21,15,770,514,ROUTE NATIONALE 3,,,Nuit sans éclairage public,En agglomération,Hors intersection,Autre,Sans collision,,,,,,,,,,,3,2,1,9,7
200700004681,0007-01-23 11:40:00,7,1,23,11,40,780,126,DUCHESNE LUCIEN RENE (AV,,,Plein jour,En agglomération,Intersection en T,Normale,Trois véhicules et plus - collisions multiples,,,,,,,,,,,1,2,3,1,5
200700004682,0007-01-06 22:40:00,7,1,6,22,40,780,138,"0.0, PETITS PAS (RUE DES",,,Nuit avec éclairage allumé,En agglomération,Hors intersection,Normale,Sans collision,,,,,,,,,,,5,2,1,1,7
200700004683,0007-01-08 19:40:00,7,1,8,19,40,780,172,"00, ALLENDE (BD SALVATOR",,,Nuit avec éclairage allumé,En agglomération,Intersection en X,Normale,Deux véhicules - côté,,,,,,,,,,,5,2,2,1,3
200700004684,0007-01-11 08:20:00,7,1,11,8,20,780,5,"61, CONFLANS (AVENUE DE)",,,Crépuscule ou aube,En agglomération,Hors intersection,Normale,Deux véhicules - côté,,,,,,,,,,,2,2,1,1,3
200700004685,0007-01-22 19:00:00,7,1,22,19,0,780,172,"8, ANGLAIS (RUE DES)",,,Nuit avec éclairage allumé,En agglomération,Hors intersection,Normale,Deux véhicules - frontale,,,,,,,,,,,5,2,1,1,1
200700004686,0007-01-23 16:15:00,7,1,23,16,15,780,5,"11, MOUTONS (RUE AUX)",,,Plein jour,En agglomération,Hors intersection,Temps couvert,Autre collision,,,,,,,,,,,1,2,1,8,6
200700004687,0007-01-24 07:45:00,7,1,24,7,45,780,5,"00, RD 30",,,Crépuscule ou aube,Hors agglomération,Hors intersection,Pluie légère,Deux véhicules - côté,,,,,,,,,,,2,1,1,2,3
200700004688,0007-01-28 21:00:00,7,1,28,21,0,780,172,"0, NEY (RUE DU MARECHAL)",,,Nuit avec éclairage allumé,En agglomération,Hors intersection,Normale,Autre collision,,,,,,,,,,,5,2,1,1,6
200700004689,0007-01-25 08:30:00,7,1,25,8,30,780,172,"66, LE GUEN (RUE PIERRE)",,,Plein jour,En agglomération,Intersection en X,Normale,Deux véhicules - côté,,,,,,,,,,,1,2,2,1,3
200700004690,0007-01-30 19:35:00,7,1,30,19,35,780,172,"0, FRANCE (RUE ANATOLE)",,,Nuit avec éclairage allumé,En agglomération,Intersection en X,Normale,Deux véhicules - côté,,,,,,,,,,,5,2,2,1,3
200700004691,0007-01-05 08:25:00,7,1,5,8,25,780,208,DEPARTEMENTALE 912 (ROUT,,,Plein jour,En agglomération,Giratoire,Normale,Deux véhicules - côté,,,,,,,,,,,1,2,6,1,3
200700004692,0007-01-19 17:55:00,7,1,19,17,55,780,208,"Indét, VILLEDIEU (AVENUE",,,Nuit avec éclairage allumé,En agglomération,Hors intersection,Pluie légère,Sans collision,,,,,,,,,,,5,2,1,2,7
200700004693,0007-01-20 18:30:00,7,1,20,18,30,780,383,"Indét, RHIN (BOULEVARD D",,,Nuit avec éclairage allumé,En agglomération,Giratoire,Pluie légère,Deux véhicules - arrière,,,,,,,,,,,5,2,6,2,2
200700004694,0007-01-09 07:00:00,7,1,9,7,0,780,297,Kessel (avenue Joseph),,,Nuit sans éclairage public,En agglomération,Hors intersection,Pluie légère,Autre collision,,,,,,,,,,,3,2,1,2,6
200700004695,0007-01-09 12:50:00,7,1,9,12,50,780,423,RN 10,,,Plein jour,Hors agglomération,Autre intersection,Normale,Deux véhicules - arrière,,,,,,,,,,,1,1,9,1,2
200700004696,0007-01-12 19:55:00,7,1,12,19,55,780,297,PRES (AVENUE DES),,,Nuit avec éclairage allumé,En agglomération,Intersection en T,Normale,Deux véhicules - côté,,,,,,,,,,,5,2,3,1,3
200700004697,0007-01-16 15:00:00,7,1,16,15,0,780,297,"ignoré, VILLAROY (PLACE",,,Plein jour,En agglomération,Giratoire,Normale,Deux véhicules - côté,,,,,,,,,,,1,2,6,1,3
200700004698,0007-01-18 14:20:00,7,1,18,14,20,780,297,"., HUIT MAI 1945 (AVENUE",,,Plein jour,En agglomération,Intersection en X,Pluie forte,Sans collision,,,,,,,,,,,1,2,2,3,7
200700004699,0007-01-22 08:45:00,7,1,22,8,45,780,423,"., MANET (AVENUE DU)",,,Plein jour,En agglomération,Intersection en X,Temps couvert,Deux véhicules - arrière,,,,,,,,,,,1,2,2,8,2
200700004700,0007-01-18 15:40:00,7,1,18,15,40,780,297,JAURES (BOULEVARD JEAN),,,Plein jour,En agglomération,Autre intersection,Vent fort / tempête,Autre collision,,,,,,,,,,,1,2,9,6,6
200700004701,0007-01-31 17:30:00,7,1,31,17,30,780,297,"ignoré, BEETHOVEN (BOULE",,,Crépuscule ou aube,En agglomération,Hors intersection,Normale,Autre collision,,,,,,,,,,,2,2,1,1,6
200700004702,0007-01-19 18:30:00,7,1,19,18,30,780,311,"01, JEMMAPES (RUE DE)",,,Nuit avec éclairage allumé,En agglomération,Hors intersection,Normale,Autre collision,,,,,,,,,,,5,2,1,1,6
200700004703,0007-01-13 21:25:00,7,1,13,21,25,780,335,Cd 190,,,Nuit sans éclairage public,En agglomération,Intersection en X,Normale,Deux véhicules - arrière,,,,,,,,,,,3,2,2,1,2
200700004704,0007-01-18 16:35:00,7,1,18,16,35,780,361,RUE PAUL GAUGUIN,,,Plein jour,En agglomération,Hors intersection,Normale,Deux véhicules - côté,,,,,,,,,,,1,2,1,1,3
200700004705,0007-01-09 12:00:00,7,1,9,12,0,780,350,VERSAILLES (ROUTE DE),,,Plein jour,En agglomération,Intersection en T,Normale,Deux véhicules - côté,,,,,,,,,,,1,2,3,1,3
200700004706,0007-01-11 12:10:00,7,1,11,12,10,780,350,VIGEE LEBRUN (RUE),,,Plein jour,En agglomération,Intersection en T,Normale,Deux véhicules - côté,,,,,,,,,,,1,2,3,1,3
200700004707,0007-01-14 10:30:00,7,1,14,10,30,780,372,GARE,,,Plein jour,En agglomération,Autre intersection,Normale,Autre collision,,,,,,,,,,,1,2,9,1,6
200700004708,0007-01-20 19:00:00,7,1,20,19,0,780,372,EUROPE (AVENUE DE L'),,,Nuit avec éclairage allumé,En agglomération,Hors intersection,Temps couvert,Autre collision,,,,,,,,,,,5,2,1,8,6
200700004709,0007-01-27 11:40:00,7,1,27,11,40,780,372,AUGUSTE RENOIR (AVENUE),,,Plein jour,En agglomération,Giratoire,Normale,Deux véhicules - arrière,,,,,,,,,,,1,2,6,1,2
200700004710,0007-01-01 10:30:00,7,1,1,10,30,780,401,RHIN ET DANUBE (PONT),,,Plein jour,En agglomération,Intersection en X,Pluie légère,Deux véhicules - côté,,,,,,,,,,,1,2,2,2,3
200700004711,0007-01-06 04:55:00,7,1,6,4,55,780,440,CD 14,,,Nuit avec éclairage allumé,En agglomération,Hors intersection,Normale,Deux véhicules - frontale,,,,,,,,,,,5,2,1,1,1
200700004712,0007-01-06 04:10:00,7,1,6,4,10,780,638,GENERAL DE GAULLE (RUE D,,,Nuit avec éclairage allumé,En agglomération,Intersection en X,Temps couvert,Autre collision,,,,,,,,,,,5,2,2,8,6
200700004713,0007-01-15 08:50:00,7,1,15,8,50,780,401,RHIN ET DANUBE (PONT),,,Plein jour,En agglomération,Hors intersection,Temps couvert,Deux véhicules - arrière,,,,,,,,,,,1,2,1,8,2
200700004714,0007-01-10 21:45:00,7,1,10,21,45,780,299,"21, BARRES (RUE DES)",,,Nuit avec éclairage allumé,En agglomération,Intersection en T,Normale,Deux véhicules - côté,,,,,,,,,,,5,2,3,1,3
200700004715,0007-01-30 14:55:00,7,1,30,14,55,780,440,PAUL RAOULT (AVENUE),,,Plein jour,En agglomération,Giratoire,Normale,Trois véhicules et plus - en chaîne,,,,,,,,,,,1,2,6,1,4
200700004716,0007-01-31 13:20:00,7,1,31,13,20,780,29,"30, PIERRE LEFAUCHEUX",,,Plein jour,Hors agglomération,Hors intersection,Normale,Deux véhicules - arrière,,,,,,,,,,,1,1,1,1,2
200700004717,0007-01-31 16:00:00,7,1,31,16,0,780,29,"01, AVENUE DE L'UNION",,,Plein jour,En agglomération,Giratoire,Normale,Deux véhicules - côté,,,,,,,,,,,1,2,6,1,3
200700004718,0007-01-02 18:00:00,7,1,2,18,0,780,490,CD 30,,,Nuit avec éclairage allumé,Hors agglomération,Hors intersection,Normale,Trois véhicules et plus - en chaîne,,,,,,,,,,,5,1,1,1,4
200700004719,0007-01-07 17:55:00,7,1,7,17,55,780,490,BARBUSSE (RUE HENRI),,,Nuit avec éclairage allumé,En agglomération,Hors intersection,Normale,Sans collision,,,,,,,,,,,5,2,1,1,7
200700004720,0007-01-05 21:05:00,7,1,5,21,5,780,490,DEUX PLATEAUX (ROUTE DES,,,Nuit avec éclairage allumé,En agglomération,Hors intersection,Temps couvert,Sans collision,,,,,,,,,,,5,2,1,8,7
200700004721,0007-01-23 17:50:00,7,1,23,17,50,780,165,BARBUSSE (AVENUE HENRY),,,Nuit avec éclairage allumé,En agglomération,Hors intersection,Normale,Sans collision,,,,,,,,,,,5,2,1,1,7
200700004722,0007-01-26 17:15:00,7,1,26,17,15,780,490,"202, BARBUSSE (RUE HENRI",,,Plein jour,En agglomération,Hors intersection,Normale,Deux véhicules - côté,,,,,,,,,,,1,2,1,1,3
200700004723,0007-01-15 16:00:00,7,1,15,16,0,780,624,"58, DOUMER RUE PAUL",,,Plein jour,En agglomération,Intersection en X,Normale,Deux véhicules - côté,,,,,,,,,,,1,2,2,1,3
200700004724,0007-01-19 18:35:00,7,1,19,18,35,780,123,BERTAUX RUE MAURICE,,,Nuit avec éclairage allumé,En agglomération,Intersection en T,Pluie légère,Autre collision,,,,,,,,,,,5,2,3,2,6
200700004725,0007-01-17 07:40:00,7,1,17,7,40,780,624,CHANTELOUP RUE DE,,,Nuit sans éclairage public,En agglomération,Intersection en T,Pluie légère,Deux véhicules - frontale,,,,,,,,,,,3,2,3,2,1
200700004726,0007-01-17 16:30:00,7,1,17,16,30,780,498,"02, BERTEAUX MAURICE AVE",,,Plein jour,En agglomération,Autre intersection,Pluie légère,Autre collision,,,,,,,,,,,1,2,9,2,6
200700004727,0007-01-25 11:40:00,7,1,25,11,40,780,624,"80, DOUMER RUE PAUL",,,Plein jour,En agglomération,Intersection en T,Normale,Deux véhicules - côté,,,,,,,,,,,1,2,3,1,3
200700004728,0007-01-06 11:40:00,7,1,6,11,40,780,498,QUARANTE SOUS ROUTE DE,,,Plein jour,Hors agglomération,Intersection en X,Pluie légère,Deux véhicules - côté,,,,,,,,,,,1,1,2,2,3
200700004729,0007-01-24 11:20:00,7,1,24,11,20,780,643,TRIEL AVENUE DE,,,Plein jour,En agglomération,Hors intersection,Normale,Deux véhicules - arrière,,,,,,,,,,,1,2,1,1,2
200700004730,0007-01-16 08:20:00,7,1,16,8,20,780,642,SEINE CHEMIN DE LA,,,Plein jour,En agglomération,Intersection en T,Normale,Deux véhicules - côté,,,,,,,,,,,1,2,3,1,3