accident_id,datetime,annee,mois,jour,heure,minute,departement,commune_insee,adresse,latitude,longitude,luminosite,agglomeration,intersection,meteo,collision,nb_vehicules,nb_usagers,nb_indemnes,nb_tues,nb_blesses_hosp,nb_blesses_legers,age_cond_1,age_cond_2,veh_type_cond_1,veh_type_cond_2,lum_code,agg_code,int_code,atm_code,col_code
200700004862,0007-01-17 10:15:00,7,1,17,10,15,830,62,PAIX (AVENUE DE LA),,,Plein jour,En agglomération,Hors intersection,Normale,Deux véhicules - frontale,,,,,,,,,,,1,2,1,1,1
200700004863,0007-01-20 18:55:00,7,1,20,18,55,830,137,CUZIN (AVE FRANCOIS),,,Nuit avec éclairage allumé,En agglomération,Intersection en T,Normale,Deux véhicules - côté,,,,,,,,,,,5,2,3,1,3
200700004864,0007-01-23 16:35:00,7,1,23,16,35,830,144,VALERY (AVE PAUL),,,Crépuscule ou aube,En agglomération,Intersection en T,Normale,Deux véhicules - côté,,,,,,,,,,,2,2,3,1,3
200700004865,0007-01-25 04:00:00,7,1,25,4,0,830,137,"306, COLLET (AVE AMIRAL)",,,Nuit avec éclairage allumé,En agglomération,Hors intersection,Normale,Autre collision,,,,,,,,,,,5,2,1,1,6
200700004866,0007-01-22 18:15:00,7,1,22,18,15,830,144,LIBERATION (AVE DE LA),,,Nuit avec éclairage allumé,Hors agglomération,Intersection en T,Normale,Deux véhicules - côté,,,,,,,,,,,5,1,3,1,3
200700004867,0007-01-25 08:20:00,7,1,25,8,20,830,137,OLLIVIER (RUE EMILE),,,Plein jour,En agglomération,Hors intersection,Normale,Autre collision,,,,,,,,,,,1,2,1,1,6
200700004868,0007-01-26 19:05:00,7,1,26,19,5,830,137,BLACHE (PLACE NOEL),,,Nuit avec éclairage allumé,En agglomération,Place,Normale,Deux véhicules - côté,,,,,,,,,,,5,2,7,1,3
200700004869,0007-01-27 15:40:00,7,1,27,15,40,830,137,LORGUES (RUE DE),,,Plein jour,En agglomération,Hors intersection,Normale,Autre collision,,,,,,,,,,,1,2,1,1,6
200700004870,0007-01-27 15:10:00,7,1,27,15,10,830,137,PICOT (AVE DU COLONEL),,,Plein jour,En agglomération,Hors intersection,Normale,Deux véhicules - côté,,,,,,,,,,,1,2,1,1,3
200700004871,0007-01-26 14:20:00,7,1,26,14,20,830,137,MASSENA (RUE),,,Plein jour,En agglomération,Intersection en T,Normale,Deux véhicules - côté,,,,,,,,,,,1,2,3,1,3
200700004872,0007-01-23 07:50:00,7,1,23,7,50,830,137,GANTELME (AVE CHARLES),,,Plein jour,En agglomération,Intersection en X,Pluie légère,Deux véhicules - côté,,,,,,,,,,,1,2,2,2,3
200700004873,0007-01-18 10:20:00,7,1,18,10,20,830,137,ROUTES (AVE DES),,,Plein jour,En agglomération,Intersection en Y,Normale,Deux véhicules - côté,,,,,,,,,,,1,2,4,1,3
200700004874,0007-01-24 15:30:00,7,1,24,15,30,830,144,"225, ROBERTI (CHEMIN DE)",,,Plein jour,En agglomération,Hors intersection,Vent fort / tempête,Sans collision,,,,,,,,,,,1,2,1,6,7
200700004875,0007-01-07 18:10:00,7,1,7,18,10,830,137,"1635, RESISTANCE (AVE /",,,Nuit avec éclairage non allumé,En agglomération,Hors intersection,Normale,Deux véhicules - côté,,,,,,,,,,,4,2,1,1,3
200700004876,0007-01-25 18:40:00,7,1,25,18,40,830,137,"9, PONT DE BOIS (CHEMIN",,,Nuit avec éclairage allumé,En agglomération,Intersection en X,Normale,Deux véhicules - côté,,,,,,,,,,,5,2,2,1,3
200700004877,0007-01-24 16:10:00,7,1,24,16,10,830,137,COLLET (AVE AMIRAL),,,Plein jour,En agglomération,Intersection en X,Normale,Deux véhicules - côté,,,,,,,,,,,1,2,2,1,3
200700004878,0007-01-01 15:30:00,7,1,1,15,30,840,7,"22, LIMBERT (Boulevard)",,,Plein jour,En agglomération,Hors intersection,Normale,Deux véhicules - arrière,,,,,,,,,,,1,2,1,1,2
200700004879,0007-01-06 00:01:00,7,1,6,0,1,840,7,QUAI DE LA LIGNE (Boulev,,,Nuit avec éclairage allumé,En agglomération,Hors intersection,Normale,Deux véhicules - côté,,,,,,,,,,,5,2,1,1,3
200700004880,0007-01-08 10:05:00,7,1,8,10,5,840,7,"néant, SAINT MICHEL (Bou",,,Plein jour,En agglomération,Intersection en X,Normale,Autre collision,,,,,,,,,,,1,2,2,1,6
200700004881,0007-01-09 08:00:00,7,1,9,8,0,840,7,C.De GAULLE (Rocade),,,Nuit avec éclairage allumé,En agglomération,Hors intersection,Normale,Deux véhicules - côté,,,,,,,,,,,5,2,1,1,3
200700004882,0007-01-10 03:25:00,7,1,10,3,25,840,7,"néant, LYON (route de )",,,Nuit avec éclairage allumé,En agglomération,Intersection en T,Normale,Autre collision,,,,,,,,,,,5,2,3,1,6
200700004883,0007-01-11 10:15:00,7,1,11,10,15,840,7,SAINT ROCH (Boulevard),,,Plein jour,En agglomération,Hors intersection,Normale,Deux véhicules - côté,,,,,,,,,,,1,2,1,1,3
200700004884,0007-01-11 17:20:00,7,1,11,17,20,840,7,DOCTEUR PONS (Route tour,,,Crépuscule ou aube,En agglomération,Hors intersection,Normale,Deux véhicules - côté,,,,,,,,,,,2,2,1,1,3
200700004885,0007-01-12 07:15:00,7,1,12,7,15,840,7,"NEANT, EUROPE (Pont de l",,,Nuit avec éclairage allumé,Hors agglomération,Hors intersection,Normale,Autre collision,,,,,,,,,,,5,1,1,1,6
200700004886,0007-01-12 12:25:00,7,1,12,12,25,840,7,AMANDIER (Avenue de l'),,,Plein jour,En agglomération,Intersection en X,Normale,Deux véhicules - côté,,,,,,,,,,,1,2,2,1,3
200700004887,0007-01-15 22:35:00,7,1,15,22,35,840,7,MONTFAVET (Route),,,Nuit avec éclairage allumé,En agglomération,Hors intersection,Normale,Sans collision,,,,,,,,,,,5,2,1,1,7
200700004888,0007-01-15 19:45:00,7,1,15,19,45,840,31,"159, NOTRE DAME DE SANTE",,,Nuit avec éclairage allumé,En agglomération,Hors intersection,Normale,Deux véhicules - côté,,,,,,,,,,,5,2,1,1,3
200700004889,0007-01-09 18:10:00,7,1,9,18,10,840,35,"000, LAGNES-RD24 (ROUTE",,,Nuit sans éclairage public,Hors agglomération,Hors intersection,Normale,Trois véhicules et plus - collisions multiples,,,,,,,,,,,3,1,1,1,5
200700004890,0007-01-12 16:15:00,7,1,12,16,15,840,35,"000, FOLLEREAU (AVENUE R",,,Plein jour,En agglomération,Hors intersection,Normale,Deux véhicules - côté,,,,,,,,,,,1,2,1,1,3
200700004891,0007-01-12 21:34:00,7,1,12,21,34,840,35,"000, MERIMEE (AVENUE PRO",,,Nuit avec éclairage allumé,En agglomération,Hors intersection,Normale,Deux véhicules - côté,,,,,,,,,,,5,2,1,1,3
200700004892,0007-01-16 09:10:00,7,1,16,9,10,840,35,RD.973,,,Plein jour,Hors agglomération,Hors intersection,Normale,Deux véhicules - arrière,,,,,,,,,,,1,1,1,1,2
200700004893,0007-01-19 11:30:00,7,1,19,11,30,840,35,"233, MERIMEE (AVENUE PRO",,,Plein jour,En agglomération,Hors intersection,Normale,Deux véhicules - arrière,,,,,,,,,,,1,2,1,1,2
200700004894,0007-01-31 16:35:00,7,1,31,16,35,840,35,"000, ROBION-RD2 (ROUTE D",,,Plein jour,Hors agglomération,Hors intersection,Normale,Deux véhicules - arrière,,,,,,,,,,,1,1,1,1,2
200700004895,0007-01-31 18:30:00,7,1,31,18,30,840,35,"302, CHEVAL BLANC (AVENU",,,Nuit sans éclairage public,En agglomération,Hors intersection,Normale,Deux véhicules - arrière,,,,,,,,,,,3,2,1,1,2
200700004896,0007-01-03 12:20:00,7,1,3,12,20,840,87,JONQUIERES (ROUTE DE),,,Plein jour,Hors agglomération,Hors intersection,Vent fort / tempête,Deux véhicules - frontale,,,,,,,,,,,1,1,1,6,1
200700004897,0007-01-20 11:00:00,7,1,20,11,0,840,87,ARC DE TRIOMPHE (AVENUE,,,Plein jour,En agglomération,Intersection en T,Normale,Sans collision,,,,,,,,,,,1,2,3,1,7
200700004898,0007-01-27 18:55:00,7,1,27,18,55,840,87,CD72,,,Nuit sans éclairage public,Hors agglomération,Intersection en T,Normale,Deux véhicules - côté,,,,,,,,,,,3,1,3,1,3
200700004899,0007-01-31 12:10:00,7,1,31,12,10,840,87,"1, CHAMPLAIN (CHEMIN DE)",,,Plein jour,Hors agglomération,Intersection en T,Normale,Deux véhicules - côté,,,,,,,,,,,1,1,3,1,3
200700004900,0007-01-07 14:00:00,7,1,7,14,0,840,89,973 (CHEMIN DEPARTEMENTA,,,Plein jour,Hors agglomération,Hors intersection,Normale,Deux véhicules - côté,,,,,,,,,,,1,1,1,1,3
200700004901,0007-01-08 09:40:00,7,1,8,9,40,840,89,JARDINS (BOULEVARD DES),,,Plein jour,En agglomération,Hors intersection,Normale,Deux véhicules - arrière,,,,,,,,,,,1,2,1,1,2
200700004902,0007-01-03 11:35:00,7,1,3,11,35,850,191,"35, DUCHESNE-DE-DENANT R",,,Plein jour,En agglomération,Hors intersection,Normale,Deux véhicules - arrière,,,,,,,,,,,1,2,1,1,2
200700004903,0007-01-22 07:40:00,7,1,22,7,40,850,191,D 160 ROCADE NORD,,,Crépuscule ou aube,Hors agglomération,Hors intersection,Temps couvert,Autre collision,,,,,,,,,,,2,1,1,8,6
200700004904,0007-01-23 19:15:00,7,1,23,19,15,850,191,RD 42 RTE DE VENANSAULT,,,Nuit sans éclairage public,Hors agglomération,Hors intersection,Normale,Autre collision,,,,,,,,,,,3,1,1,1,6
200700004905,0007-01-27 15:15:00,7,1,27,15,15,850,191,"128, GABORY RUE EMILE",,,Plein jour,En agglomération,Hors intersection,Temps couvert,Autre collision,,,,,,,,,,,1,2,1,8,6
200700004906,0007-01-30 21:00:00,7,1,30,21,0,850,191,"1, BOURG-SOUS-LA-ROCHE R",,,Nuit avec éclairage allumé,En agglomération,Intersection en X,Normale,Deux véhicules - côté,,,,,,,,,,,5,2,2,1,3
200700004907,0007-01-02 18:15:00,7,1,2,18,15,850,194,"11, ANJOU (AVENUE D')",,,Nuit avec éclairage allumé,En agglomération,Hors intersection,Pluie légère,Autre collision,,,,,,,,,,,5,2,1,2,6
200700004908,0007-01-10 02:00:00,7,1,10,2,0,850,194,"5, COLLINEAU (PLACE DU G",,,Nuit avec éclairage allumé,En agglomération,Hors intersection,Normale,Autre collision,,,,,,,,,,,5,2,1,1,6
200700004909,0007-01-10 08:00:00,7,1,10,8,0,850,194,GAULLE (RUE CHARLES DE),,,Nuit avec éclairage allumé,En agglomération,Hors intersection,Brouillard / fumée,Autre collision,,,,,,,,,,,5,2,1,5,6
200700004910,0007-01-11 23:00:00,7,1,11,23,0,850,194,"., FORGERIE (RUE DE LA)",,,Nuit sans éclairage public,En agglomération,Hors intersection,Pluie légère,Autre collision,,,,,,,,,,,3,2,1,2,6
200700004911,0007-01-16 07:55:00,7,1,16,7,55,850,194,BRETAGNE (AVENUE DE),,,Nuit avec éclairage allumé,En agglomération,Intersection en T,Normale,Deux véhicules - côté,,,,,,,,,,,5,2,3,1,3
200700004912,0007-01-28 19:45:00,7,1,28,19,45,850,194,JAURES (AVENUE JEAN),,,Nuit avec éclairage allumé,En agglomération,Intersection en X,Normale,Deux véhicules - côté,,,,,,,,,,,5,2,2,1,3
200700004913,0007-01-02 18:58:00,7,1,2,18,58,860,66,RD 21 - ROUTE DE OYRE,,,Nuit sans éclairage public,Hors agglomération,Intersection en X,Temps couvert,Sans collision,,,,,,,,,,,3,1,2,8,7
200700004914,0007-01-26 23:55:00,7,1,26,23,55,860,66,MERMOZ (AVENUE JEAN),,,Nuit avec éclairage allumé,En agglomération,Hors intersection,Normale,Autre collision,,,,,,,,,,,5,2,1,1,6
200700004915,0007-01-31 18:35:00,7,1,31,18,35,860,66,RD 1,,,Crépuscule ou aube,En agglomération,Intersection en T,Normale,Deux véhicules - côté,,,,,,,,,,,2,2,3,1,3
200700004916,0007-01-04 17:45:00,7,1,4,17,45,860,41,"10, CHARLETTERIE (RUE DE",,,Nuit avec éclairage allumé,En agglomération,Hors intersection,Normale,Autre collision,,,,,,,,,,,5,2,1,1,6
200700004917,0007-01-05 21:15:00,7,1,5,21,15,860,41,"7, RUE FRISON ROCHE",,,Nuit avec éclairage allumé,En agglomération,Hors intersection,Pluie légère,Autre collision,,,,,,,,,,,5,2,1,2,6
200700004918,0007-01-06 21:15:00,7,1,6,21,15,860,194,BONNEUIL MATOURS (ROUTE,,,Nuit sans éclairage public,Hors agglomération,Hors intersection,Normale,Deux véhicules - frontale,,,,,,,,,,,3,1,1,1,1
200700004919,0007-01-07 02:20:00,7,1,7,2,20,860,194,"69, CUEILLE MIREBALAISE",,,Nuit avec éclairage allumé,En agglomération,Hors intersection,Temps couvert,Autre collision,,,,,,,,,,,5,2,1,8,6
200700004920,0007-01-09 22:15:00,7,1,9,22,15,860,194,"8, PORTEAU (RUE DU)",,,Nuit avec éclairage allumé,En agglomération,Hors intersection,Normale,Autre collision,,,,,,,,,,,5,2,1,1,6
200700004921,0007-01-10 19:20:00,7,1,10,19,20,860,158,RN.149,,,Nuit sans éclairage public,Hors agglomération,Hors intersection,Normale,Trois véhicules et plus - collisions multiples,,,,,,,,,,,3,1,1,1,5
200700004922,0007-01-11 10:20:00,7,1,11,10,20,860,194,"169, PIERRE LEVEE (RUE D",,,Plein jour,En agglomération,Intersection en Y,Normale,Deux véhicules - côté,,,,,,,,,,,1,2,4,1,3
200700004923,0007-01-15 07:15:00,7,1,15,7,15,860,158,RICHELIEU (RUE DE),,,Nuit sans éclairage public,Hors agglomération,Hors intersection,Brouillard / fumée,Trois véhicules et plus - collisions multiples,,,,,,,,,,,3,1,1,5,5
200700004924,0007-01-18 13:25:00,7,1,18,13,25,860,194,ROCADE OUEST (RN10),,,Plein jour,En agglomération,Intersection en X,Pluie légère,Deux véhicules - arrière,,,,,,,,,,,1,2,2,2,2
200700004925,0007-01-18 13:50:00,7,1,18,13,50,860,194,"170, LIBERATION (AVENUE",,,Plein jour,En agglomération,Hors intersection,Temps couvert,Autre collision,,,,,,,,,,,1,2,1,8,6
200700004926,0007-01-20 18:55:00,7,1,20,18,55,860,158,"17, POITIERS (RUE DE)",,,Nuit avec éclairage allumé,En agglomération,Intersection en T,Normale,Deux véhicules - arrière,,,,,,,,,,,5,2,3,1,2
200700004927,0007-01-20 22:05:00,7,1,20,22,5,860,194,"34, GRAND CERF (BOULEVAR",,,Nuit avec éclairage allumé,En agglomération,Hors intersection,Pluie légère,Autre collision,,,,,,,,,,,5,2,1,2,6
200700004928,0007-01-21 17:05:00,7,1,21,17,5,860,158,"., POITIERS (RUE DE)",,,Plein jour,En agglomération,Intersection en X,Normale,Deux véhicules - côté,,,,,,,,,,,1,2,2,1,3
200700004929,0007-01-22 16:05:00,7,1,22,16,5,860,194,"65, JOHN KENNEDY (AVENUE",,,Plein jour,En agglomération,Hors intersection,Pluie légère,Autre collision,,,,,,,,,,,1,2,1,2,6
200700004930,0007-01-27 20:15:00,7,1,27,20,15,860,194,BIGNOUX (RUE DE),,,Nuit sans éclairage public,En agglomération,Intersection en X,Normale,Deux véhicules - côté,,,,,,,,,,,3,2,2,1,3
200700004931,0007-01-30 13:30:00,7,1,30,13,30,860,194,MILETRIE (RUE DE LA),,,Plein jour,En agglomération,Hors intersection,Normale,Deux véhicules - côté,,,,,,,,,,,1,2,1,1,3
200700004932,0007-01-31 16:05:00,7,1,31,16,5,860,194,"46, BUGELLERIE (RUE DE L",,,Plein jour,En agglomération,Hors intersection,Normale,Deux véhicules - côté,,,,,,,,,,,1,2,1,1,3
200700004933,0007-01-01 11:05:00,7,1,1,11,5,870,114,"24, PRESSEMANE (AVENUE A",,,Plein jour,En agglomération,Hors intersection,Pluie légère,Deux véhicules - frontale,,,,,,,,,,,1,2,1,2,1
200700004934,0007-01-01 10:50:00,7,1,1,10,50,870,85,AUTOROUTE A20,,,Plein jour,Hors agglomération,Hors intersection,Pluie légère,Autre collision,,,,,,,,,,,1,1,1,2,6
200700004935,0007-01-01 17:25:00,7,1,1,17,25,870,75,"7, GAULLE (RUE DU GENERA",,,Nuit avec éclairage allumé,En agglomération,Intersection en T,Pluie légère,Deux véhicules - côté,,,,,,,,,,,5,2,3,2,3
200700004936,0007-01-03 08:40:00,7,1,3,8,40,870,85,"134, SAINT GENCE (RUE DE",,,Plein jour,Hors agglomération,Giratoire,Pluie légère,Deux véhicules - arrière,,,,,,,,,,,1,1,6,2,2
200700004937,0007-01-04 08:55:00,7,1,4,8,55,870,65,PORTES DE FEYTIAT (RUE D,,,Nuit avec éclairage allumé,En agglomération,Hors intersection,Normale,Deux véhicules - frontale,,,,,,,,,,,5,2,1,1,1
200700004938,0007-01-05 19:50:00,7,1,5,19,50,870,85,"2, HALEVY (RUE)",,,Nuit avec éclairage allumé,En agglomération,Hors intersection,Normale,Autre collision,,,,,,,,,,,5,2,1,1,6
200700004939,0007-01-05 20:25:00,7,1,5,20,25,870,65,RD 704A,,,Nuit avec éclairage allumé,Hors agglomération,Hors intersection,Pluie légère,Deux véhicules - frontale,,,,,,,,,,,5,1,1,2,1
200700004940,0007-01-06 05:30:00,7,1,6,5,30,870,85,AUTOROUTE A20,,,Nuit avec éclairage allumé,Hors agglomération,Hors intersection,Pluie forte,Autre collision,,,,,,,,,,,5,1,1,3,6
200700004941,0007-01-06 19:00:00,7,1,6,19,0,870,85,"77, FUSTEL DE COULANGES",,,Nuit avec éclairage allumé,En agglomération,Intersection en T,Pluie légère,Deux véhicules - côté,,,,,,,,,,,5,2,3,2,3
200700004942,0007-01-07 05:25:00,7,1,7,5,25,870,75,"65, PERIGUEUX (ROUTE DE)",,,Nuit avec éclairage allumé,Hors agglomération,Hors intersection,Pluie forte,Autre collision,,,,,,,,,,,5,1,1,3,6
200700004943,0007-01-07 11:10:00,7,1,7,11,10,870,65,ESSARTS (LIEU DIT LES),,,Plein jour,Hors agglomération,Hors intersection,Normale,Autre collision,,,,,,,,,,,1,1,1,1,6
200700004944,0007-01-07 10:35:00,7,1,7,10,35,870,75,RD79,,,Plein jour,Hors agglomération,Intersection en X,Normale,Deux véhicules - côté,,,,,,,,,,,1,1,2,1,3
200700004945,0007-01-08 08:53:00,7,1,8,8,53,870,85,"31, COUTURES (AVENUE DES",,,Plein jour,En agglomération,Hors intersection,Pluie légère,Deux véhicules - côté,,,,,,,,,,,1,2,1,2,3
200700004946,0007-01-08 11:50:00,7,1,8,11,50,870,85,PALAIS (ROUTE DU),,,Plein jour,En agglomération,Hors intersection,Autre,Deux véhicules - côté,,,,,,,,,,,1,2,1,9,3
200700004947,0007-01-08 12:29:00,7,1,8,12,29,870,85,PORT DU NAVEIX (RUE DU),,,Plein jour,En agglomération,Hors intersection,Pluie légère,Deux véhicules - arrière,,,,,,,,,,,1,2,1,2,2
200700004948,0007-01-08 13:03:00,7,1,8,13,3,870,85,", AUTOROUTE A20",,,Plein jour,Hors agglomération,Hors intersection,Autre,Deux véhicules - côté,,,,,,,,,,,1,1,1,9,3
200700004949,0007-01-08 15:55:00,7,1,8,15,55,870,85,"94, ISLE (RUE D')",,,Plein jour,En agglomération,Intersection en T,Pluie légère,Deux véhicules - côté,,,,,,,,,,,1,2,3,2,3
200700004950,0007-01-08 17:52:00,7,1,8,17,52,870,113,"21, GAY-LUSSAC (RUE)",,,Nuit avec éclairage allumé,En agglomération,Hors intersection,Pluie légère,Deux véhicules - arrière,,,,,,,,,,,5,2,1,2,2
200700004951,0007-01-08 18:30:00,7,1,8,18,30,870,85,AUTOROUTE A20,,,Nuit avec éclairage allumé,Hors agglomération,Hors intersection,Autre,Trois véhicules et plus - en chaîne,,,,,,,,,,,5,1,1,9,4
200700004952,0007-01-08 18:20:00,7,1,8,18,20,870,85,"08, WILSON (PLACE)",,,Nuit avec éclairage allumé,En agglomération,Hors intersection,Pluie légère,Deux véhicules - côté,,,,,,,,,,,5,2,1,2,3
200700004953,0007-01-09 09:00:00,7,1,9,9,0,870,85,"92, LATTRE-DE-TASSIGNY (",,,Plein jour,En agglomération,Hors intersection,Normale,Deux véhicules - arrière,,,,,,,,,,,1,2,1,1,2
200700004954,0007-01-09 13:52:00,7,1,9,13,52,870,85,BACONIE (Rue),,,Plein jour,En agglomération,Hors intersection,Pluie légère,Autre collision,,,,,,,,,,,1,2,1,2,6
200700004955,0007-01-09 18:40:00,7,1,9,18,40,870,85,"79, ARMAND (AVE Z.A.C",,,Nuit avec éclairage allumé,En agglomération,Giratoire,Normale,Deux véhicules - côté,,,,,,,,,,,5,2,6,1,3
200700004956,0007-01-10 07:45:00,7,1,10,7,45,870,85,"63, DUTREIX (RUE ARMAND)",,,Nuit avec éclairage allumé,En agglomération,Intersection en T,Normale,Deux véhicules - côté,,,,,,,,,,,5,2,3,1,3
200700004957,0007-01-10 09:17:00,7,1,10,9,17,870,85,"37, BERTHELOT (AVENUE)",,,Plein jour,En agglomération,Hors intersection,Normale,Autre collision,,,,,,,,,,,1,2,1,1,6
200700004958,0007-01-10 12:16:00,7,1,10,12,16,870,85,"23, BERTHET (RUE ELIE)",,,Plein jour,En agglomération,Hors intersection,Normale,Autre collision,,,,,,,,,,,1,2,1,1,6
200700004959,0007-01-10 22:26:00,7,1,10,22,26,870,113,LIMOGES (AVENUE DE),,,Nuit avec éclairage allumé,En agglomération,Hors intersection,Pluie légère,Autre collision,,,,,,,,,,,5,2,1,2,6
200700004960,0007-01-11 05:28:00,7,1,11,5,28,870,85,FONTVIELLE ALQUIER (rue),,,Nuit avec éclairage non allumé,En agglomération,Hors intersection,Normale,Autre collision,,,,,,,,,,,4,2,1,1,6
200700004961,0007-01-11 07:48:00,7,1,11,7,48,870,85,AUTOROUTE A20,,,Nuit avec éclairage non allumé,Hors agglomération,Hors intersection,Normale,Deux véhicules - côté,,,,,,,,,,,4,1,1,1,3
200700004962,0007-01-12 14:35:00,7,1,12,14,35,870,85,"84, SAINTE ANNE (RUE DE)",,,Plein jour,En agglomération,Intersection en X,Normale,Deux véhicules - côté,,,,,,,,,,,1,2,2,1,3
200700004963,0007-01-12 18:30:00,7,1,12,18,30,870,75,"13, RN 21",,,Nuit avec éclairage allumé,Hors agglomération,Hors intersection,Pluie légère,Sans collision,,,,,,,,,,,5,1,1,2,7
200700004964,0007-01-13 03:15:00,7,1,13,3,15,870,85,"17, RESISTANCE LIMOUSINE",,,Nuit avec éclairage allumé,En agglomération,Hors intersection,Pluie légère,Autre collision,,,,,,,,,,,5,2,1,2,6
200700004965,0007-01-13 09:45:00,7,1,13,9,45,870,85,AUTOROUTE A20,,,Plein jour,Hors agglomération,Hors intersection,Pluie forte,Autre collision,,,,,,,,,,,1,1,1,3,6
200700004966,0007-01-14 05:24:00,7,1,14,5,24,870,85,"34-36, MAS-BOUYOL  (CITE",,,Nuit avec éclairage allumé,En agglomération,Hors intersection,Normale,Autre collision,,,,,,,,,,,5,2,1,1,6
200700004967,0007-01-15 08:20:00,7,1,15,8,20,870,85,"1 Bis, FOCH (RUE DU MARE",,,Plein jour,En agglomération,Hors intersection,Normale,Autre collision,,,,,,,,,,,1,2,1,1,6
200700004968,0007-01-15 14:35:00,7,1,15,14,35,870,85,ALLENDE (QUAI SALVADOR),,,Plein jour,En agglomération,Hors intersection,Normale,Deux véhicules - côté,,,,,,,,,,,1,2,1,1,3
200700004969,0007-01-16 06:04:00,7,1,16,6,4,870,85,"79, DUTREIX (RUE ARMAND)",,,Nuit avec éclairage allumé,En agglomération,Intersection en T,Normale,Deux véhicules - côté,,,,,,,,,,,5,2,3,1,3
200700004970,0007-01-16 12:45:00,7,1,16,12,45,870,85,"138, THUILLAT (RUE VICTO",,,Plein jour,En agglomération,Hors intersection,Normale,Deux véhicules - côté,,,,,,,,,,,1,2,1,1,3
200700004971,0007-01-17 19:00:00,7,1,17,19,0,870,113,"5, PASTEUR (RUE)",,,Nuit avec éclairage allumé,En agglomération,Hors intersection,Pluie légère,Autre collision,,,,,,,,,,,5,2,1,2,6
200700004972,0007-01-18 13:16:00,7,1,18,13,16,870,85,"65, BEAUPUY (RUE DE)",,,Plein jour,En agglomération,Intersection en T,Pluie légère,Deux véhicules - côté,,,,,,,,,,,1,2,3,2,3
200700004973,0007-01-19 08:25:00,7,1,19,8,25,870,85,"34, COUTURES (AVENUE DES",,,Plein jour,En agglomération,Hors intersection,Pluie légère,Deux véhicules - arrière,,,,,,,,,,,1,2,1,2,2
200700004974,0007-01-19 18:37:00,7,1,19,18,37,870,85,"47, NAUGEAT (AVENUE DE",,,Nuit avec éclairage allumé,En agglomération,Hors intersection,Pluie légère,Deux véhicules - côté,,,,,,,,,,,5,2,1,2,3
200700004975,0007-01-19 22:24:00,7,1,19,22,24,870,85,ORADOUR SUR GLANE (CARRE,,,Nuit avec éclairage allumé,En agglomération,Intersection en X,Pluie légère,Deux véhicules - côté,,,,,,,,,,,5,2,2,2,3
200700004976,0007-01-20 12:20:00,7,1,20,12,20,870,85,LE BAIL (RUE JEAN),,,Plein jour,En agglomération,Hors intersection,Normale,Deux véhicules - côté,,,,,,,,,,,1,2,1,1,3
200700004977,0007-01-22 18:20:00,7,1,22,18,20,870,85,"2, MONTJOVIS (AVENUE)",,,Nuit avec éclairage allumé,En agglomération,Hors intersection,Neige / grêle,Autre collision,,,,,,,,,,,5,2,1,4,6
200700004978,0007-01-23 13:16:00,7,1,23,13,16,870,85,RN520,,,Plein jour,Hors agglomération,Hors intersection,Neige / grêle,Autre collision,,,,,,,,,,,1,1,1,4,6
200700004979,0007-01-23 15:05:00,7,1,23,15,5,870,85,"31, BAUDIN (AVENUE)",,,Plein jour,En agglomération,Hors intersection,Neige / grêle,Deux véhicules - côté,,,,,,,,,,,1,2,1,4,3
200700004980,0007-01-24 14:42:00,7,1,24,14,42,870,85,"10, JOURDAN (PLACE)",,,Plein jour,En agglomération,Hors intersection,Normale,Autre collision,,,,,,,,,,,1,2,1,1,6
200700004981,0007-01-27 12:42:00,7,1,27,12,42,870,85,SAINT MARTIAL (QUAI),,,Plein jour,En agglomération,Hors intersection,Normale,Autre collision,,,,,,,,,,,1,2,1,1,6
200700004982,0007-01-28 02:04:00,7,1,28,2,4,870,85,"46, PETINIAUD BEAUPEYRAT",,,Nuit avec éclairage allumé,En agglomération,Hors intersection,Normale,Autre collision,,,,,,,,,,,5,2,1,1,6
200700004983,0007-01-28 04:59:00,7,1,28,4,59,870,85,"126, MONTJOVIS (AVENUE)",,,Nuit avec éclairage non allumé,En agglomération,Hors intersection,Normale,Autre collision,,,,,,,,,,,4,2,1,1,6
200700004984,0007-01-30 07:55:00,7,1,30,7,55,870,85,"11, HALEVY (RUE)",,,Plein jour,En agglomération,Hors intersection,Normale,Autre collision,,,,,,,,,,,1,2,1,1,6
200700004985,0007-01-31 07:55:00,7,1,31,7,55,870,85,AUTOROUTE A20,,,Plein jour,Hors agglomération,Hors intersection,Normale,Trois véhicules et plus - en chaîne,,,,,,,,,,,1,1,1,1,4
200700004986,0007-01-31 13:53:00,7,1,31,13,53,870,85,"357, TOULOUSE (RUE DE)",,,Plein jour,En agglomération,Intersection en X,Normale,Deux véhicules - côté,,,,,,,,,,,1,2,2,1,3
200700004987,0007-01-31 18:00:00,7,1,31,18,0,870,85,DUVERGER (RUE),,,Plein jour,En agglomération,Intersection en X,Normale,Deux véhicules - côté,,,,,,,,,,,1,2,2,1,3
200700004988,0007-01-23 07:30:00,7,1,23,7,30,880,160,"1, TEMPLIERS (AV. DES)",,,Crépuscule ou aube,En agglomération,Hors intersection,Neige / grêle,Deux véhicules - côté,,,,,,,,,,,2,2,1,4,3
200700004989,0007-01-09 07:50:00,7,1,9,7,50,880,160,"1, ALLENDE (AV.SALVADOR-",,,Crépuscule ou aube,En agglomération,Intersection en X,Pluie légère,Deux véhicules - côté,,,,,,,,,,,2,2,2,2,3
200700004990,0007-01-08 18:00:00,7,1,8,18,0,880,160,"15, PROVENCE (AV. DE)",,,Nuit avec éclairage allumé,En agglomération,Hors intersection,Pluie légère,Autre collision,,,,,,,,,,,5,2,1,2,6