accident_id,datetime,annee,mois,jour,heure,minute,departement,commune_insee,adresse,latitude,longitude,luminosite,agglomeration,intersection,meteo,collision,nb_vehicules,nb_usagers,nb_indemnes,nb_tues,nb_blesses_hosp,nb_blesses_legers,age_cond_1,age_cond_2,veh_type_cond_1,veh_type_cond_2,lum_code,agg_code,int_code,atm_code,col_code
200700004991,0007-01-11 17:10:00,7,1,11,17,10,880,160,"29, GAMBETTA (RUE)",,,Crépuscule ou aube,En agglomération,Hors intersection,Normale,Autre collision,,,,,,,,,,,2,2,1,1,6
200700004992,0007-01-19 22:10:00,7,1,19,22,10,880,160,"48bis, DOGNEVILLE (Q. DE",,,Nuit avec éclairage allumé,En agglomération,Hors intersection,Normale,Deux véhicules - frontale,,,,,,,,,,,5,2,1,1,1
200700004993,0007-01-20 08:25:00,7,1,20,8,25,880,160,"1, GUILGOT (PL.)",,,Plein jour,En agglomération,Hors intersection,Pluie légère,Autre collision,,,,,,,,,,,1,2,1,2,6
200700004994,0007-01-21 12:00:00,7,1,21,12,0,880,160,"1, HUGO (AV. VICTOR-)",,,Plein jour,En agglomération,Hors intersection,Normale,Autre collision,,,,,,,,,,,1,2,1,1,6
200700004995,0007-01-30 18:35:00,7,1,30,18,35,880,160,"33, NOTRE-DAME-DE LORETT",,,Nuit avec éclairage allumé,En agglomération,Hors intersection,Normale,Autre collision,,,,,,,,,,,5,2,1,1,6
200700004996,0007-01-21 19:15:00,7,1,21,19,15,880,383,Route de Plombières,,,Nuit avec éclairage allumé,En agglomération,Intersection en T,Normale,Trois véhicules et plus - collisions multiples,,,,,,,,,,,5,2,3,1,5
200700004997,0007-01-17 17:10:00,7,1,17,17,10,890,24,MONETEAU (ROUTE DE),,,Nuit sans éclairage public,En agglomération,Hors intersection,Pluie légère,Autre collision,,,,,,,,,,,3,2,1,2,6
200700004998,0007-01-18 17:50:00,7,1,18,17,50,890,24,DENFERT ROCHEREAU (AVENU,,,Nuit avec éclairage allumé,En agglomération,Intersection en X,Pluie légère,Autre collision,,,,,,,,,,,5,2,2,2,6
200700004999,0007-01-20 18:20:00,7,1,20,18,20,890,24,"22, PREUILLY (RUE DE)",,,Nuit avec éclairage allumé,En agglomération,Hors intersection,Normale,Deux véhicules - côté,,,,,,,,,,,5,2,1,1,3
200700005000,0007-01-28 06:45:00,7,1,28,6,45,890,24,R.N.6,,,Nuit sans éclairage public,Hors agglomération,Hors intersection,Normale,Deux véhicules - frontale,,,,,,,,,,,3,1,1,1,1
200700005001,0007-01-28 18:55:00,7,1,28,18,55,890,24,MARECHAL JUIN (AVENUE),,,Nuit avec éclairage allumé,En agglomération,Hors intersection,Normale,Deux véhicules - frontale,,,,,,,,,,,5,2,1,1,1
200700005002,0007-01-11 11:50:00,7,1,11,11,50,890,24,"00, MONETEAU (ROUTE DE)",,,Plein jour,Hors agglomération,Hors intersection,Normale,Deux véhicules - arrière,,,,,,,,,,,1,1,1,1,2
200700005003,0007-01-05 10:25:00,7,1,5,10,25,890,387,"0, VOULX (ROUTE DE)",,,Plein jour,En agglomération,Hors intersection,Normale,Deux véhicules - côté,,,,,,,,,,,1,2,1,1,3
200700005004,0007-01-06 23:00:00,7,1,6,23,0,900,10,"55, JAURES (AVENUE JEAN)",,,Nuit avec éclairage allumé,En agglomération,Intersection en T,Pluie légère,Deux véhicules - côté,,,,,,,,,,,5,2,3,2,3
200700005005,0007-01-08 08:04:00,7,1,8,8,4,900,32,REPUBLIQUE (RUE DE LA),,,Crépuscule ou aube,Hors agglomération,Autre intersection,Pluie légère,Deux véhicules - côté,,,,,,,,,,,2,1,9,2,3
200700005006,0007-01-10 18:00:00,7,1,10,18,0,900,99,TURENNE (RUE DE),,,Nuit avec éclairage allumé,En agglomération,Hors intersection,Normale,Autre collision,,,,,,,,,,,5,2,1,1,6
200700005007,0007-01-11 10:35:00,7,1,11,10,35,900,10,ANCETRES (FAUBOURG DES),,,Plein jour,En agglomération,Hors intersection,Normale,Autre collision,,,,,,,,,,,1,2,1,1,6
200700005008,0007-01-11 12:17:00,7,1,11,12,17,900,99,DE GAULLE (RUE DU GENERA,,,Plein jour,En agglomération,Hors intersection,Normale,Deux véhicules - frontale,,,,,,,,,,,1,2,1,1,1
200700005009,0007-01-11 13:30:00,7,1,11,13,30,900,10,JAURES (AVENUE JEAN) A 1,,,Plein jour,En agglomération,Hors intersection,Normale,Deux véhicules - arrière,,,,,,,,,,,1,2,1,1,2
200700005010,0007-01-11 17:35:00,7,1,11,17,35,900,10,"22, MONTBELIARD (FAUBOUR",,,Nuit avec éclairage allumé,En agglomération,Hors intersection,Normale,Autre collision,,,,,,,,,,,5,2,1,1,6
200700005011,0007-01-18 18:25:00,7,1,18,18,25,900,10,FRANCE BOULEVARD ANATOLE,,,Nuit avec éclairage allumé,En agglomération,Hors intersection,Vent fort / tempête,Autre collision,,,,,,,,,,,5,2,1,6,6
200700005012,0007-01-23 10:16:00,7,1,23,10,16,900,10,"12, DE LATTRE DE TASSIGN",,,Plein jour,En agglomération,Intersection en T,Normale,Deux véhicules - côté,,,,,,,,,,,1,2,3,1,3
200700005013,0007-01-29 20:05:00,7,1,29,20,5,900,10,"5, ALTKIRCH (AVENUE)",,,Nuit avec éclairage allumé,En agglomération,Hors intersection,Normale,Deux véhicules - frontale,,,,,,,,,,,5,2,1,1,1
200700005014,0007-01-06 17:44:00,7,1,6,17,44,910,21,"47, VERDUN (AVENUE DE)",,,Nuit avec éclairage allumé,En agglomération,Hors intersection,Pluie légère,Autre collision,,,,,,,,,,,5,2,1,2,6
200700005015,0007-01-04 20:40:00,7,1,4,20,40,910,27,"180, MITTERAND (AVENUE F",,,Nuit sans éclairage public,En agglomération,Hors intersection,Normale,Autre collision,,,,,,,,,,,3,2,1,1,6
200700005016,0007-01-03 09:45:00,7,1,3,9,45,910,514,COMBS LA VILLE (RUE DE),,,Plein jour,En agglomération,Hors intersection,Normale,Deux véhicules - côté,,,,,,,,,,,1,2,1,1,3
200700005017,0007-01-12 07:20:00,7,1,12,7,20,910,114,DUPONT-CHAUMONT (RUE),,,Crépuscule ou aube,En agglomération,Hors intersection,Temps couvert,Autre collision,,,,,,,,,,,2,2,1,8,6
200700005018,0007-01-12 15:50:00,7,1,12,15,50,910,114,PIERRE PROST (AVENUE),,,Plein jour,En agglomération,Hors intersection,Normale,Deux véhicules - frontale,,,,,,,,,,,1,2,1,1,1
200700005019,0007-01-13 14:45:00,7,1,13,14,45,910,97,JEAN MOULIN (AVENUE),,,Plein jour,En agglomération,Hors intersection,Normale,Deux véhicules - côté,,,,,,,,,,,1,2,1,1,3
200700005020,0007-01-17 19:55:00,7,1,17,19,55,910,114,FORET (AVENUE DE LA),,,Crépuscule ou aube,En agglomération,Hors intersection,Pluie légère,Autre collision,,,,,,,,,,,2,2,1,2,6
200700005021,0007-01-24 17:45:00,7,1,24,17,45,910,114,MORIN (AVENUE),,,Crépuscule ou aube,En agglomération,Hors intersection,Normale,Autre collision,,,,,,,,,,,2,2,1,1,6
200700005022,0007-01-25 16:50:00,7,1,25,16,50,910,114,CHENE (RUE DU),,,Plein jour,En agglomération,Hors intersection,Normale,Autre collision,,,,,,,,,,,1,2,1,1,6
200700005023,0007-01-26 17:05:00,7,1,26,17,5,910,114,VICTOR HUGO,,,Plein jour,En agglomération,Hors intersection,Normale,Autre collision,,,,,,,,,,,1,2,1,1,6
200700005024,0007-01-29 20:55:00,7,1,29,20,55,910,114,GENERAL DE GAULLE (BOULE,,,Nuit avec éclairage allumé,En agglomération,Hors intersection,Normale,Autre collision,,,,,,,,,,,5,2,1,1,6
200700005025,0007-01-12 21:50:00,7,1,12,21,50,910,174,", JEAN JAURES (BOULEVARD",,,Nuit avec éclairage allumé,Hors agglomération,Hors intersection,Normale,Trois véhicules et plus - en chaîne,,,,,,,,,,,5,1,1,1,4
200700005026,0007-01-13 14:30:00,7,1,13,14,30,910,174,"59, JOHN KENNEDY (BOULEV",,,Plein jour,En agglomération,Hors intersection,Normale,Autre collision,,,,,,,,,,,1,2,1,1,6
200700005027,0007-01-23 08:20:00,7,1,23,8,20,910,174,"0, JOHN KENNEDY (BOULEVA",,,Plein jour,En agglomération,Intersection en X,Normale,Deux véhicules - côté,,,,,,,,,,,1,2,2,1,3
200700005028,0007-01-26 07:30:00,7,1,26,7,30,910,174,"0, 19 MARS 1962(PLACE DU",,,Nuit avec éclairage allumé,En agglomération,Giratoire,Normale,Autre collision,,,,,,,,,,,5,2,6,1,6
200700005029,0007-01-26 10:30:00,7,1,26,10,30,910,174,"0, JEAN JAURES (BOULEVAR",,,Plein jour,Hors agglomération,Hors intersection,Normale,Deux véhicules - arrière,,,,,,,,,,,1,1,1,1,2
200700005030,0007-01-11 04:55:00,7,1,11,4,55,910,201,EUGENE DELACROIX(AVENUE),,,Nuit avec éclairage allumé,En agglomération,Hors intersection,Normale,Sans collision,,,,,,,,,,,5,2,1,1,7
200700005031,0007-01-14 15:00:00,7,1,14,15,0,910,201,EUGENE DELACROIX(AVENUE),,,Plein jour,En agglomération,Hors intersection,Normale,Deux véhicules - arrière,,,,,,,,,,,1,2,1,1,2
200700005032,0007-01-15 17:50:00,7,1,15,17,50,910,201,PIERRE BROSSOLETTE (RUE),,,Nuit avec éclairage allumé,En agglomération,Hors intersection,Normale,Deux véhicules - côté,,,,,,,,,,,5,2,1,1,3
200700005033,0007-01-29 08:35:00,7,1,29,8,35,910,201,EUGENE DELACROIX(AVENUE),,,Plein jour,En agglomération,Hors intersection,Normale,Deux véhicules - arrière,,,,,,,,,,,1,2,1,1,2
200700005034,0007-01-03 21:40:00,7,1,3,21,40,910,223,"95, CHARPENTIER (AVENUE",,,Nuit avec éclairage allumé,En agglomération,Hors intersection,Normale,Sans collision,,,,,,,,,,,5,2,1,1,7
200700005035,0007-01-12 08:40:00,7,1,12,8,40,910,223,BRIERES LES SCELLES (ROU,,,Crépuscule ou aube,En agglomération,Hors intersection,Normale,Sans collision,,,,,,,,,,,2,2,1,1,7
200700005036,0007-01-13 14:30:00,7,1,13,14,30,910,223,RN 191,,,Plein jour,Hors agglomération,Hors intersection,Normale,Sans collision,,,,,,,,,,,1,1,1,1,7
200700005037,0007-01-26 18:30:00,7,1,26,18,30,910,223,"14, LIBERATION (SQUARE D",,,Plein jour,En agglomération,Hors intersection,Normale,Autre collision,,,,,,,,,,,1,2,1,1,6
200700005038,0007-01-29 16:10:00,7,1,29,16,10,910,223,VICTOIRE (ROND-POINT DE,,,Plein jour,En agglomération,Giratoire,Normale,Deux véhicules - côté,,,,,,,,,,,1,2,6,1,3
200700005039,0007-01-30 16:40:00,7,1,30,16,40,910,109,COCHET (RUE DU)        R,,,Plein jour,Hors agglomération,Hors intersection,Normale,Sans collision,,,,,,,,,,,1,1,1,1,7
200700005040,0007-01-31 12:50:00,7,1,31,12,50,910,223,R.D.721,,,Plein jour,Hors agglomération,Intersection à plus de 4 branches,Normale,Trois véhicules et plus - collisions multiples,,,,,,,,,,,1,1,5,1,5
200700005041,0007-01-02 10:20:00,7,1,2,10,20,910,182,"., VOIE TU",,,Plein jour,En agglomération,Hors intersection,Normale,Autre collision,,,,,,,,,,,1,2,1,1,6
200700005042,0007-01-06 17:55:00,7,1,6,17,55,910,228,"., CHAMPS ELYSEES (BD) B",,,Nuit avec éclairage allumé,En agglomération,Hors intersection,Pluie légère,Trois véhicules et plus - en chaîne,,,,,,,,,,,5,2,1,2,4
200700005043,0007-01-06 21:00:00,7,1,6,21,0,910,182,"., ORME A MARTIN (AVENUE",,,Nuit avec éclairage allumé,En agglomération,Autre intersection,Pluie légère,Deux véhicules - frontale,,,,,,,,,,,5,2,9,2,1
200700005044,0007-01-09 11:00:00,7,1,9,11,0,910,182,"., LAC(AVENUE DU)",,,Plein jour,En agglomération,Intersection en T,Normale,Autre collision,,,,,,,,,,,1,2,3,1,6
200700005045,0007-01-10 08:05:00,7,1,10,8,5,910,228,"., GENERAL PATTON (AVENU",,,Crépuscule ou aube,En agglomération,Intersection en X,Normale,Deux véhicules - côté,,,,,,,,,,,2,2,2,1,3
200700005046,0007-01-13 00:20:00,7,1,13,0,20,910,228,"., COQUIBUS(BD)",,,Nuit avec éclairage allumé,En agglomération,Hors intersection,Pluie légère,Autre collision,,,,,,,,,,,5,2,1,2,6
200700005047,0007-01-20 19:00:00,7,1,20,19,0,910,228,RN7,,,Nuit avec éclairage non allumé,En agglomération,Hors intersection,Pluie légère,Autre collision,,,,,,,,,,,4,2,1,2,6
200700005048,0007-01-26 09:35:00,7,1,26,9,35,910,182,ORME A MARTIN (AVENUE DE,,,Plein jour,En agglomération,Intersection en X,Normale,Deux véhicules - côté,,,,,,,,,,,1,2,2,1,3
200700005049,0007-01-26 16:50:00,7,1,26,16,50,910,228,"91, DECAUVILLE (BOULEVAR",,,Plein jour,En agglomération,Hors intersection,Normale,Autre collision,,,,,,,,,,,1,2,1,1,6
200700005050,0007-01-29 21:55:00,7,1,29,21,55,910,182,"., DELOUVRIER (AVENUE PA",,,Nuit sans éclairage public,Hors agglomération,Hors intersection,Normale,Deux véhicules - arrière,,,,,,,,,,,3,1,1,1,2
200700005051,0007-01-10 08:35:00,7,1,10,8,35,910,687,"000, DUPARCHY (IMPASSE)",,,Nuit avec éclairage non allumé,En agglomération,Hors intersection,Normale,Autre collision,,,,,,,,,,,4,2,1,1,6
200700005052,0007-01-08 08:00:00,7,1,8,8,0,910,286,"1, ATHENA (VOIE)",,,Crépuscule ou aube,En agglomération,Hors intersection,Pluie légère,Autre collision,,,,,,,,,,,2,2,1,2,6
200700005053,0007-01-02 08:20:00,7,1,2,8,20,910,161,LONGJUMEAU (route de),,,Nuit avec éclairage allumé,En agglomération,Giratoire,Normale,Autre collision,,,,,,,,,,,5,2,6,1,6
200700005054,0007-01-20 18:20:00,7,1,20,18,20,910,377,"SANS, BRIIS (VOIE DE)",,,Nuit avec éclairage allumé,En agglomération,Hors intersection,Temps couvert,Autre collision,,,,,,,,,,,5,2,1,8,6
200700005055,0007-01-03 17:15:00,7,1,3,17,15,910,421,REPUBLIQUE (AVENUE DE LA,,,Nuit avec éclairage allumé,En agglomération,Intersection en T,Normale,Deux véhicules - côté,,,,,,,,,,,5,2,3,1,3
200700005056,0007-01-04 20:50:00,7,1,4,20,50,910,421,NATIONALE 6 (PARTIE FORE,,,Nuit avec éclairage allumé,Hors agglomération,Hors intersection,Temps couvert,Trois véhicules et plus - collisions multiples,,,,,,,,,,,5,1,1,8,5
200700005057,0007-01-06 18:35:00,7,1,6,18,35,910,191,JEAN JAURES (AVENUE),,,Nuit avec éclairage non allumé,En agglomération,Hors intersection,Normale,Deux véhicules - côté,,,,,,,,,,,4,2,1,1,3
200700005058,0007-01-04 15:05:00,7,1,4,15,5,910,421,NATIONALE 6 (PARTIE FORE,,,Plein jour,Hors agglomération,Hors intersection,Normale,Sans collision,,,,,,,,,,,1,1,1,1,7
200700005059,0007-01-07 20:31:00,7,1,7,20,31,910,421,NATIONALE 6 (PARTIE FORE,,,Nuit sans éclairage public,Hors agglomération,Hors intersection,Normale,Autre collision,,,,,,,,,,,3,1,1,1,6
200700005060,0007-01-10 20:05:00,7,1,10,20,5,910,691,GENERAL LECLER(RUE),,,Nuit avec éclairage allumé,En agglomération,Hors intersection,Pluie légère,Deux véhicules - frontale,,,,,,,,,,,5,2,1,2,1
200700005061,0007-01-15 07:40:00,7,1,15,7,40,910,421,"00, SAULES (CHEMIN DES)",,,Nuit avec éclairage allumé,En agglomération,Hors intersection,Normale,Autre collision,,,,,,,,,,,5,2,1,1,6
200700005062,0007-01-18 12:15:00,7,1,18,12,15,910,421,"1, REPUBLIQUE (AVENUE DE",,,Plein jour,En agglomération,Hors intersection,Vent fort / tempête,Sans collision,,,,,,,,,,,1,2,1,6,7
200700005063,0007-01-20 00:30:00,7,1,20,0,30,910,421,NATIONALE 6 (GLACIERE),,,Nuit sans éclairage public,Hors agglomération,Hors intersection,Normale,Sans collision,,,,,,,,,,,3,1,1,1,7
200700005064,0007-01-31 18:10:00,7,1,31,18,10,910,691,RAYMOND POINCARE(RUE),,,Nuit avec éclairage allumé,En agglomération,Intersection en X,Normale,Deux véhicules - frontale,,,,,,,,,,,5,2,2,1,1
200700005065,0007-01-30 10:05:00,7,1,30,10,5,910,191,"47, ABBE SIEYES (AVENUE",,,Plein jour,En agglomération,Hors intersection,Normale,Autre collision,,,,,,,,,,,1,2,1,1,6
200700005066,0007-01-02 14:50:00,7,1,2,14,50,910,64,"0, Voie d'accès à la R.N",,,Plein jour,Hors agglomération,Hors intersection,Pluie légère,Autre collision,,,,,,,,,,,1,1,1,2,6
200700005067,0007-01-06 10:20:00,7,1,6,10,20,910,312,COLLET (PLACE FRANCOIS),,,Plein jour,En agglomération,Hors intersection,Normale,Autre collision,,,,,,,,,,,1,2,1,1,6
200700005068,0007-01-08 19:00:00,7,1,8,19,0,910,471,"31, CHARTRES (ROUTE DE)",,,Nuit avec éclairage allumé,En agglomération,Hors intersection,Pluie légère,Autre collision,,,,,,,,,,,5,2,1,2,6
200700005069,0007-01-09 01:15:00,7,1,9,1,15,910,477,STALINGRAD (AVENUE DE),,,Nuit avec éclairage allumé,En agglomération,Hors intersection,Normale,Deux véhicules - frontale,,,,,,,,,,,5,2,1,1,1
200700005070,0007-01-11 09:30:00,7,1,11,9,30,910,692,OCEANIE (AVENUE DE L'),,,Plein jour,Hors agglomération,Giratoire,Normale,Trois véhicules et plus - en chaîne,,,,,,,,,,,1,1,6,1,4
200700005071,0007-01-09 19:00:00,7,1,9,19,0,910,645,NOISETTE (IMPASSE DE LA),,,Nuit avec éclairage allumé,En agglomération,Intersection en T,Normale,Trois véhicules et plus - collisions multiples,,,,,,,,,,,5,2,3,1,5
200700005072,0007-01-15 23:10:00,7,1,15,23,10,910,64,CD 117 (ROUTE DE JOUY),,,Nuit sans éclairage public,Hors agglomération,Hors intersection,Normale,Autre collision,,,,,,,,,,,3,1,1,1,6
200700005073,0007-01-25 19:20:00,7,1,25,19,20,910,692,"0, CEVENNES (RUE DES)",,,Nuit avec éclairage allumé,En agglomération,Intersection en X,Normale,Deux véhicules - arrière,,,,,,,,,,,5,2,2,1,2
200700005074,0007-01-19 17:25:00,7,1,19,17,25,910,477,GENERAL LECLERC (AVENUE,,,Plein jour,En agglomération,Intersection en T,Normale,Deux véhicules - côté,,,,,,,,,,,1,2,3,1,3
200700005075,0007-01-18 15:55:00,7,1,18,15,55,910,477,STALINGRAD (AVENUE DE),,,Plein jour,En agglomération,Intersection en T,Normale,Deux véhicules - arrière,,,,,,,,,,,1,2,3,1,2
200700005076,0007-01-30 15:45:00,7,1,30,15,45,910,692,CD35,,,Plein jour,Hors agglomération,Hors intersection,Normale,Deux véhicules - côté,,,,,,,,,,,1,1,1,1,3
200700005077,0007-01-11 15:45:00,7,1,11,15,45,910,549,"5, LIERS (RUE DE)",,,Plein jour,En agglomération,Hors intersection,Normale,Autre collision,,,,,,,,,,,1,2,1,1,6
200700005078,0007-01-14 13:25:00,7,1,14,13,25,910,549,"1, LONGPONT (ROUTE DE)",,,Plein jour,En agglomération,Hors intersection,Normale,Autre collision,,,,,,,,,,,1,2,1,1,6
200700005079,0007-01-05 06:55:00,7,1,5,6,55,910,589,"33, MARRONNIERS (AVENUE",,,Nuit avec éclairage allumé,En agglomération,Giratoire,Normale,Deux véhicules - frontale,,,,,,,,,,,5,2,6,1,1
200700005080,0007-01-03 15:15:00,7,1,3,15,15,920,14,"., BIEVRE (RUE DE LA)",,,Plein jour,En agglomération,Intersection en X,Normale,Deux véhicules - côté,,,,,,,,,,,1,2,2,1,3
200700005081,0007-01-04 19:30:00,7,1,4,19,30,920,2,"185, DIVISION LECLERC (5",,,Nuit avec éclairage allumé,En agglomération,Hors intersection,Normale,Autre collision,,,,,,,,,,,5,2,1,1,6
200700005082,0007-01-05 12:40:00,7,1,5,12,40,920,2,"., GENERAL DE GAULLE (AV",,,Plein jour,En agglomération,Hors intersection,Normale,Deux véhicules - arrière,,,,,,,,,,,1,2,1,1,2
200700005083,0007-01-05 17:30:00,7,1,5,17,30,920,14,"., MONTROUGE (AVENUE DE)",,,Crépuscule ou aube,En agglomération,Giratoire,Normale,Autre collision,,,,,,,,,,,2,2,6,1,6
200700005084,0007-01-06 13:00:00,7,1,6,13,0,920,2,"60, CHATENAY (RUE DE)",,,Plein jour,En agglomération,Hors intersection,Normale,Deux véhicules - arrière,,,,,,,,,,,1,2,1,1,2
200700005085,0007-01-09 08:20:00,7,1,9,8,20,920,2,"120, LEON BLUM (AVENUE)",,,Crépuscule ou aube,En agglomération,Hors intersection,Pluie légère,Deux véhicules - côté,,,,,,,,,,,2,2,1,2,3
200700005086,0007-01-16 13:10:00,7,1,16,13,10,920,2,"., DIVISION LECLERC (53",,,Plein jour,En agglomération,Hors intersection,Normale,Autre collision,,,,,,,,,,,1,2,1,1,6
200700005087,0007-01-18 14:30:00,7,1,18,14,30,920,2,"146, ARISTIDE BRIAND (AV",,,Plein jour,En agglomération,Hors intersection,Normale,Trois véhicules et plus - collisions multiples,,,,,,,,,,,1,2,1,1,5
200700005088,0007-01-18 17:45:00,7,1,18,17,45,920,2,"., ARMAND GUILLEBAUD (AV",,,Nuit avec éclairage allumé,En agglomération,Intersection en X,Vent fort / tempête,Deux véhicules - côté,,,,,,,,,,,5,2,2,6,3
200700005089,0007-01-20 17:00:00,7,1,20,17,0,920,2,"41, PIERRE BROSSOLETTE (",,,Crépuscule ou aube,En agglomération,Hors intersection,Pluie légère,Deux véhicules - arrière,,,,,,,,,,,2,2,1,2,2
200700005090,0007-01-22 17:20:00,7,1,22,17,20,920,2,"., ARMAND GUILLEBAUD (AV",,,Plein jour,En agglomération,Hors intersection,Normale,Autre collision,,,,,,,,,,,1,2,1,1,6
200700005091,0007-01-23 07:30:00,7,1,23,7,30,920,2,"., GENERAL DE GAULLE (AV",,,Nuit avec éclairage non allumé,En agglomération,Hors intersection,Normale,Autre collision,,,,,,,,,,,4,2,1,1,6
200700005092,0007-01-25 08:40:00,7,1,25,8,40,920,2,"72, LE NOTRE (AVENUE)",,,Plein jour,En agglomération,Intersection en T,Normale,Deux véhicules - côté,,,,,,,,,,,1,2,3,1,3
200700005093,0007-01-03 13:20:00,7,1,3,13,20,920,4,BOURGUIGNONS (RUE 2 A 10,,,Plein jour,En agglomération,Hors intersection,Normale,Autre collision,,,,,,,,,,,1,2,1,1,6
200700005094,0007-01-09 08:30:00,7,1,9,8,30,920,4,"NR, DOCTEUR DERVAUX  ( Q",,,Plein jour,En agglomération,Intersection en T,Pluie légère,Deux véhicules - côté,,,,,,,,,,,1,2,3,2,3
200700005095,0007-01-17 22:30:00,7,1,17,22,30,920,4,GALLIENI ( RUE ),,,Nuit avec éclairage allumé,En agglomération,Intersection en X,Pluie légère,Autre collision,,,,,,,,,,,5,2,2,2,6
200700005096,0007-01-20 18:55:00,7,1,20,18,55,920,9,ARGENTEUIL ( AVENUE D' ),,,Nuit avec éclairage allumé,En agglomération,Intersection en T,Pluie légère,Autre collision,,,,,,,,,,,5,2,3,2,6
200700005097,0007-01-20 20:30:00,7,1,20,20,30,920,4,"92, CHATEAU ( RUE DU )",,,Nuit avec éclairage allumé,En agglomération,Hors intersection,Pluie légère,Autre collision,,,,,,,,,,,5,2,1,2,6
200700005098,0007-01-24 14:00:00,7,1,24,14,0,920,4,"NR, MAINE  ( RUE DU )",,,Plein jour,En agglomération,Intersection en T,Normale,Deux véhicules - côté,,,,,,,,,,,1,2,3,1,3
200700005099,0007-01-26 07:35:00,7,1,26,7,35,920,4,"NR, BOURGUIGNONS (RUE 2",,,Plein jour,En agglomération,Intersection en X,Normale,Autre collision,,,,,,,,,,,1,2,2,1,6
200700005100,0007-01-06 18:10:00,7,1,6,18,10,920,7,"181, RAVERA (AVENUE HENR",,,Nuit avec éclairage allumé,En agglomération,Hors intersection,Normale,Deux véhicules - côté,,,,,,,,,,,5,2,1,1,3
200700005101,0007-01-15 08:00:00,7,1,15,8,0,920,7,"24, LISETTE (RUE DE LA)",,,Crépuscule ou aube,En agglomération,Intersection en T,Normale,Autre collision,,,,,,,,,,,2,2,3,1,6
200700005102,0007-01-22 09:05:00,7,1,22,9,5,920,7,"21, HUGO (AVENUE VICTOR)",,,Plein jour,En agglomération,Intersection en X,Normale,Deux véhicules - côté,,,,,,,,,,,1,2,2,1,3
200700005103,0007-01-09 13:00:00,7,1,9,13,0,920,19,"297, DIVISION LECLERC (A",,,Plein jour,En agglomération,Hors intersection,Normale,Autre collision,,,,,,,,,,,1,2,1,1,6
200700005104,0007-01-13 19:40:00,7,1,13,19,40,920,19,"21, JUSTICE (CHEMIN)",,,Nuit avec éclairage allumé,En agglomération,Hors intersection,Pluie légère,Autre collision,,,,,,,,,,,5,2,1,2,6
200700005105,0007-01-15 18:15:00,7,1,15,18,15,920,32,"10, BOUCICAUT (RUE)",,,Nuit avec éclairage allumé,En agglomération,Hors intersection,Normale,Deux véhicules - côté,,,,,,,,,,,5,2,1,1,3
200700005106,0007-01-18 20:05:00,7,1,18,20,5,920,19,SALENGRO ROGER (RUE),,,Nuit avec éclairage allumé,En agglomération,Intersection en X,Pluie légère,Deux véhicules - côté,,,,,,,,,,,5,2,2,2,3
200700005107,0007-01-26 19:50:00,7,1,26,19,50,920,19,"01, SALENGRO ROGER (RUE)",,,Nuit avec éclairage allumé,En agglomération,Hors intersection,Normale,Trois véhicules et plus - en chaîne,,,,,,,,,,,5,2,1,1,4
200700005108,0007-01-27 15:30:00,7,1,27,15,30,920,71,"2, CAMBERWELL (AVENUE DE",,,Plein jour,En agglomération,Hors intersection,Normale,Autre collision,,,,,,,,,,,1,2,1,1,6
200700005109,0007-01-27 18:35:00,7,1,27,18,35,920,32,"01, JAURES JEAN (RUE)",,,Nuit avec éclairage allumé,En agglomération,Hors intersection,Normale,Autre collision,,,,,,,,,,,5,2,1,1,6
200700005110,0007-01-30 13:50:00,7,1,30,13,50,920,19,"299, DIVISION LECLERC (A",,,Plein jour,En agglomération,Hors intersection,Normale,Autre collision,,,,,,,,,,,1,2,1,1,6
200700005111,0007-01-02 14:40:00,7,1,2,14,40,920,60,ARISTIDE BRIAND (AVENUE),,,Plein jour,En agglomération,Hors intersection,Pluie légère,Deux véhicules - frontale,,,,,,,,,,,1,2,1,2,1
200700005112,0007-01-02 14:50:00,7,1,2,14,50,920,23,CLOSIAUX (RUE DES),,,Plein jour,En agglomération,Intersection à plus de 4 branches,Pluie légère,Deux véhicules - côté,,,,,,,,,,,1,2,5,2,3
200700005113,0007-01-02 20:45:00,7,1,2,20,45,920,23,LEUX (RUE DES),,,Plein jour,En agglomération,Intersection en X,Normale,Deux véhicules - côté,,,,,,,,,,,1,2,2,1,3
200700005114,0007-01-05 10:45:00,7,1,5,10,45,920,60,MOULIN FIDEL (RUE DU),,,Plein jour,En agglomération,Intersection en Y,Normale,Autre collision,,,,,,,,,,,1,2,4,1,6
200700005115,0007-01-08 17:05:00,7,1,8,17,5,920,60,CHARLES DE GAULLE (AVENU,,,Plein jour,En agglomération,Hors intersection,Normale,Deux véhicules - côté,,,,,,,,,,,1,2,1,1,3
200700005116,0007-01-09 12:35:00,7,1,9,12,35,920,23,CLOS MONTHODON (RUE DU),,,Plein jour,En agglomération,Hors intersection,Normale,Deux véhicules - arrière,,,,,,,,,,,1,2,1,1,2
200700005117,0007-01-13 15:15:00,7,1,13,15,15,920,23,GEORGES POMPIDOU (PLACE),,,Plein jour,En agglomération,Hors intersection,Normale,Autre collision,,,,,,,,,,,1,2,1,1,6
200700005118,0007-01-20 20:30:00,7,1,20,20,30,920,23,"130, HENRI BARBUSSE (AVE",,,Nuit avec éclairage allumé,En agglomération,Hors intersection,Normale,Autre collision,,,,,,,,,,,5,2,1,1,6