accident_id,datetime,annee,mois,jour,heure,minute,departement,commune_insee,adresse,latitude,longitude,luminosite,agglomeration,intersection,meteo,collision,nb_vehicules,nb_usagers,nb_indemnes,nb_tues,nb_blesses_hosp,nb_blesses_legers,age_cond_1,age_cond_2,veh_type_cond_1,veh_type_cond_2,lum_code,agg_code,int_code,atm_code,col_code
200700005119,0007-01-20 07:00:00,7,1,20,7,0,920,23,GENERAL DE GAULLE (AV DU,,,Nuit sans éclairage public,En agglomération,Hors intersection,Pluie légère,Autre collision,,,,,,,,,,,3,2,1,2,6
200700005120,0007-01-20 17:15:00,7,1,20,17,15,920,23,GENERAL DE GAULLE (AVENU,,,Plein jour,En agglomération,Hors intersection,Pluie légère,Deux véhicules - arrière,,,,,,,,,,,1,2,1,2,2
200700005121,0007-01-23 20:40:00,7,1,23,20,40,920,60,"02, PASTEUR (RUE)",,,Crépuscule ou aube,En agglomération,Intersection en X,Normale,Autre collision,,,,,,,,,,,2,2,2,1,6
200700005122,0007-01-24 09:25:00,7,1,24,9,25,920,23,"182, GENERAL DE GAULLE (",,,Plein jour,En agglomération,Hors intersection,Normale,Deux véhicules - arrière,,,,,,,,,,,1,2,1,1,2
200700005123,0007-01-25 07:45:00,7,1,25,7,45,920,23,PAUL VAILLANT COUTURIER,,,Crépuscule ou aube,En agglomération,Intersection en T,Normale,Autre collision,,,,,,,,,,,2,2,3,1,6
200700005124,0007-01-01 02:30:00,7,1,1,2,30,920,24,"00, CLICHY (QUAI DE) DE",,,Nuit avec éclairage allumé,En agglomération,Intersection en X,Normale,Deux véhicules - côté,,,,,,,,,,,5,2,2,1,3
200700005125,0007-01-02 15:45:00,7,1,2,15,45,920,24,"29, GENERAL LECLERC (BD",,,Plein jour,En agglomération,Intersection en X,Normale,Trois véhicules et plus - collisions multiples,,,,,,,,,,,1,2,2,1,5
200700005126,0007-01-17 21:35:00,7,1,17,21,35,920,24,"0, HENRI BARBUSSE (RUE)",,,Nuit avec éclairage allumé,En agglomération,Intersection en T,Normale,Deux véhicules - côté,,,,,,,,,,,5,2,3,1,3
200700005127,0007-01-20 19:15:00,7,1,20,19,15,920,24,"25, GENERAL ROGUET (RUE",,,Plein jour,En agglomération,Hors intersection,Normale,Deux véhicules - côté,,,,,,,,,,,1,2,1,1,3
200700005128,0007-01-25 19:00:00,7,1,25,19,0,920,24,"131, VICTOR HUGO (BD)",,,Plein jour,En agglomération,Hors intersection,Normale,Autre collision,,,,,,,,,,,1,2,1,1,6
200700005129,0007-01-12 10:00:00,7,1,12,10,0,920,24,"2, TROIS PAVILLONS (RUE",,,Plein jour,En agglomération,Hors intersection,Normale,Deux véhicules - côté,,,,,,,,,,,1,2,1,1,3
200700005130,0007-01-03 09:40:00,7,1,3,9,40,920,24,"34, CLICHY (QUAI DE) DE",,,Plein jour,En agglomération,Hors intersection,Normale,Deux véhicules - côté,,,,,,,,,,,1,2,1,1,3
200700005131,0007-01-06 21:00:00,7,1,6,21,0,920,24,"51, GENERAL LECLERC (BD",,,Nuit avec éclairage allumé,En agglomération,Hors intersection,Normale,Deux véhicules - côté,,,,,,,,,,,5,2,1,1,3
200700005132,0007-01-09 13:25:00,7,1,9,13,25,920,24,"10, ALSACE (RUE D') DE (",,,Plein jour,En agglomération,Hors intersection,Normale,Autre collision,,,,,,,,,,,1,2,1,1,6
200700005133,0007-01-19 08:30:00,7,1,19,8,30,920,24,"122, GENERAL LECLERC (RU",,,Crépuscule ou aube,En agglomération,Hors intersection,Pluie légère,Autre collision,,,,,,,,,,,2,2,1,2,6
200700005134,0007-01-05 20:45:00,7,1,5,20,45,920,25,CHARLES DE GAULLE (BD),,,Nuit avec éclairage allumé,En agglomération,Intersection en X,Pluie légère,Deux véhicules - arrière,,,,,,,,,,,5,2,2,2,2
200700005135,0007-01-06 20:15:00,7,1,6,20,15,920,25,CHARLES DE GAULLE (BD),,,Nuit avec éclairage allumé,En agglomération,Intersection en X,Pluie légère,Autre collision,,,,,,,,,,,5,2,2,2,6
200700005136,0007-01-11 15:15:00,7,1,11,15,15,920,25,GABRIEL PERI (RUE),,,Plein jour,En agglomération,Hors intersection,Normale,Autre collision,,,,,,,,,,,1,2,1,1,6
200700005137,0007-01-16 20:00:00,7,1,16,20,0,920,25,CHARLES DE GAULLE (BD),,,Nuit avec éclairage allumé,En agglomération,Intersection en X,Pluie légère,Deux véhicules - arrière,,,,,,,,,,,5,2,2,2,2
200700005138,0007-01-22 14:00:00,7,1,22,14,0,920,25,GABRIEL PERI (RUE),,,Plein jour,En agglomération,Intersection en X,Normale,Autre collision,,,,,,,,,,,1,2,2,1,6
200700005139,0007-01-22 09:20:00,7,1,22,9,20,920,25,EUROPE (AV DE L'),,,Plein jour,En agglomération,Intersection en X,Normale,Autre collision,,,,,,,,,,,1,2,2,1,6
200700005140,0007-01-23 08:00:00,7,1,23,8,0,920,25,ACACIAS (AV DES),,,Plein jour,En agglomération,Intersection en T,Normale,Autre collision,,,,,,,,,,,1,2,3,1,6
200700005141,0007-01-24 08:05:00,7,1,24,8,5,920,25,CHARLES DE GAULLE (BD),,,Crépuscule ou aube,En agglomération,Intersection en X,Pluie légère,Autre collision,,,,,,,,,,,2,2,2,2,6
200700005142,0007-01-25 22:40:00,7,1,25,22,40,920,25,STALINGRAD (AV DE),,,Nuit avec éclairage allumé,En agglomération,Intersection en X,Neige / grêle,Deux véhicules - côté,,,,,,,,,,,5,2,2,4,3
200700005143,0007-01-26 13:30:00,7,1,26,13,30,920,25,BOURNARD (RUE DU),,,Plein jour,En agglomération,Intersection en T,Normale,Deux véhicules - côté,,,,,,,,,,,1,2,3,1,3
200700005144,0007-01-29 09:20:00,7,1,29,9,20,920,25,ESTIENNE D'ORVES (RUE),,,Plein jour,En agglomération,Autre intersection,Normale,Deux véhicules - côté,,,,,,,,,,,1,2,9,1,3
200700005145,0007-01-30 16:35:00,7,1,30,16,35,920,25,MARECHAL JOFFRE (RUE DU),,,Plein jour,En agglomération,Intersection en X,Normale,Autre collision,,,,,,,,,,,1,2,2,1,6
200700005146,0007-01-11 19:00:00,7,1,11,19,0,920,26,"09, PAUL DOUMER",,,Nuit avec éclairage allumé,En agglomération,Intersection en T,Temps couvert,Deux véhicules - côté,,,,,,,,,,,5,2,3,8,3
200700005147,0007-01-23 20:45:00,7,1,23,20,45,920,26,SAINT-DENIS BD DE (01 A,,,Nuit avec éclairage allumé,En agglomération,Intersection en T,Normale,Autre collision,,,,,,,,,,,5,2,3,1,6
200700005148,0007-01-26 16:00:00,7,1,26,16,0,920,26,"14, VERDUN (DE 01 A 61)",,,Plein jour,En agglomération,Intersection en T,Normale,Deux véhicules - côté,,,,,,,,,,,1,2,3,1,3
200700005149,0007-01-23 19:45:00,7,1,23,19,45,920,26,COLOMBES,,,Nuit avec éclairage allumé,En agglomération,Place,Normale,Deux véhicules - arrière,,,,,,,,,,,5,2,7,1,2
200700005150,0007-01-07 14:00:00,7,1,7,14,0,920,26,"57, SAINT-DENIS BD DE (0",,,Plein jour,En agglomération,Hors intersection,Normale,Autre collision,,,,,,,,,,,1,2,1,1,6
200700005151,0007-01-23 08:30:00,7,1,23,8,30,920,26,VERDUN (DE 62 A FIN),,,Plein jour,En agglomération,Intersection en T,Normale,Deux véhicules - côté,,,,,,,,,,,1,2,3,1,3
200700005152,0007-01-23 18:53:00,7,1,23,18,53,920,26,MARCEAU,,,Nuit avec éclairage allumé,En agglomération,Intersection en X,Normale,Deux véhicules - côté,,,,,,,,,,,5,2,2,1,3
200700005153,0007-01-11 23:20:00,7,1,11,23,20,920,26,"9999999999, COLOMBES",,,Nuit avec éclairage allumé,En agglomération,Intersection en X,Pluie légère,Deux véhicules - côté,,,,,,,,,,,5,2,2,2,3
200700005154,0007-01-19 20:30:00,7,1,19,20,30,920,26,EMILE DESCHANEL (IMPASSE,,,Nuit avec éclairage allumé,En agglomération,Intersection en X,Normale,Autre collision,,,,,,,,,,,5,2,2,1,6
200700005155,0007-01-23 12:25:00,7,1,23,12,25,920,26,GAMBETTA,,,Plein jour,En agglomération,Hors intersection,Temps couvert,Deux véhicules - côté,,,,,,,,,,,1,2,1,8,3
200700005156,0007-01-12 09:15:00,7,1,12,9,15,920,35,"75, République ( bouleva",,,Plein jour,En agglomération,Intersection en Y,Normale,Deux véhicules - côté,,,,,,,,,,,1,2,4,1,3
200700005157,0007-01-16 14:00:00,7,1,16,14,0,920,35,"48, National ( boulevard",,,Plein jour,En agglomération,Intersection en X,Normale,Deux véhicules - côté,,,,,,,,,,,1,2,2,1,3
200700005158,0007-01-24 10:15:00,7,1,24,10,15,920,35,"71, National ( boulevard",,,Plein jour,En agglomération,Hors intersection,Pluie légère,Deux véhicules - côté,,,,,,,,,,,1,2,1,2,3
200700005159,0007-01-16 19:17:00,7,1,16,19,17,920,35,"76, République ( bouleva",,,Plein jour,En agglomération,Intersection en Y,Normale,Deux véhicules - côté,,,,,,,,,,,1,2,4,1,3
200700005160,0007-01-02 20:15:00,7,1,2,20,15,920,36,"0, PIERRE DE COUBERTIN (",,,Nuit avec éclairage allumé,En agglomération,Intersection en X,Pluie légère,Deux véhicules - côté,,,,,,,,,,,5,2,2,2,3
200700005161,0007-01-18 07:50:00,7,1,18,7,50,920,36,"0, LUCIEN LANTERNIER (AV",,,Crépuscule ou aube,En agglomération,Hors intersection,Normale,Autre collision,,,,,,,,,,,2,2,1,1,6
200700005162,0007-01-26 07:55:00,7,1,26,7,55,920,36,"76/78, GENERAL DE GAULLE",,,Plein jour,En agglomération,Hors intersection,Normale,Deux véhicules - côté,,,,,,,,,,,1,2,1,1,3
200700005163,0007-01-26 10:45:00,7,1,26,10,45,920,36,"0, CAMELINAT (BOULEVARD)",,,Plein jour,En agglomération,Intersection en X,Normale,Autre collision,,,,,,,,,,,1,2,2,1,6
200700005164,0007-01-29 16:30:00,7,1,29,16,30,920,36,"0, PRINCIPALE DU PORT (R",,,Plein jour,En agglomération,Giratoire,Normale,Deux véhicules - côté,,,,,,,,,,,1,2,6,1,3
200700005165,0007-01-04 16:00:00,7,1,4,16,0,920,40,VICTOR HUGO (ROND-POINT),,,Plein jour,En agglomération,Giratoire,Temps couvert,Sans collision,,,,,,,,,,,1,2,6,8,7
200700005166,0007-01-06 08:45:00,7,1,6,8,45,920,40,"2-4, HENRI TARIEL",,,Crépuscule ou aube,En agglomération,Hors intersection,Temps couvert,Deux véhicules - côté,,,,,,,,,,,2,2,1,8,3
200700005167,0007-01-06 17:45:00,7,1,6,17,45,920,40,GENERAL LECLERC (DU) DU,,,Nuit avec éclairage allumé,En agglomération,Intersection en T,Pluie légère,Autre collision,,,,,,,,,,,5,2,3,2,6
200700005168,0007-01-06 18:20:00,7,1,6,18,20,920,40,GENERAL DE GAULLE (AVE D,,,Nuit avec éclairage allumé,En agglomération,Intersection en X,Pluie légère,Deux véhicules - frontale,,,,,,,,,,,5,2,2,2,1
200700005169,0007-01-09 09:15:00,7,1,9,9,15,920,40,"98, GALLIENI (BOULEVARD)",,,Plein jour,En agglomération,Hors intersection,Pluie légère,Sans collision,,,,,,,,,,,1,2,1,2,7
200700005170,0007-01-21 18:00:00,7,1,21,18,0,920,40,"21, DOCTEUR LOMBARD (DU)",,,Crépuscule ou aube,En agglomération,Hors intersection,Normale,Autre collision,,,,,,,,,,,2,2,1,1,6
200700005171,0007-01-25 11:45:00,7,1,25,11,45,920,40,"176, VERDUN (AVENUE DE)",,,Plein jour,En agglomération,Hors intersection,Normale,Autre collision,,,,,,,,,,,1,2,1,1,6
200700005172,0007-01-31 10:25:00,7,1,31,10,25,920,40,"109, RODIN (BOULEVARD)",,,Plein jour,En agglomération,Hors intersection,Normale,Deux véhicules - côté,,,,,,,,,,,1,2,1,1,3
200700005173,0007-01-03 15:30:00,7,1,3,15,30,920,44,"NR, LOUIS ROUQUIER (RUE)",,,Plein jour,En agglomération,Intersection en X,Normale,Deux véhicules - frontale,,,,,,,,,,,1,2,2,1,1
200700005174,0007-01-12 09:00:00,7,1,12,9,0,920,44,"12, MICHELET(QUAI) 2 A 3",,,Plein jour,En agglomération,Hors intersection,Pluie légère,Autre collision,,,,,,,,,,,1,2,1,2,6
200700005175,0007-01-16 10:25:00,7,1,16,10,25,920,44,"79/81, CARNOT(RUE) 73+ E",,,Plein jour,En agglomération,Intersection en X,Normale,Deux véhicules - côté,,,,,,,,,,,1,2,2,1,3
200700005176,0007-01-17 18:30:00,7,1,17,18,30,920,44,"NR, VIC. HUGO(RUE)091A11",,,Nuit avec éclairage allumé,En agglomération,Intersection en X,Pluie légère,Autre collision,,,,,,,,,,,5,2,2,2,6
200700005177,0007-01-20 16:15:00,7,1,20,16,15,920,44,"41, ALSACE (RUE) N°19 +",,,Plein jour,En agglomération,Intersection en X,Pluie légère,Autre collision,,,,,,,,,,,1,2,2,2,6
200700005178,0007-01-22 14:30:00,7,1,22,14,30,920,44,"148, VIC. HUGO(RUE)115A1",,,Plein jour,En agglomération,Intersection en X,Normale,Deux véhicules - frontale,,,,,,,,,,,1,2,2,1,1
200700005179,0007-01-31 23:50:00,7,1,31,23,50,920,44,"NR, GENERAL LECLERC(PLAC",,,Nuit avec éclairage allumé,En agglomération,Intersection en X,Normale,Deux véhicules - frontale,,,,,,,,,,,5,2,2,1,1
200700005180,0007-01-06 12:25:00,7,1,6,12,25,920,48,GENERAL GALLIENI (AVENUE,,,Plein jour,En agglomération,Intersection en T,Normale,Autre collision,,,,,,,,,,,1,2,3,1,6
200700005181,0007-01-10 09:40:00,7,1,10,9,40,920,48,"., VAUGIRARD (ROUTE DE)",,,Plein jour,En agglomération,Hors intersection,Normale,Deux véhicules - arrière,,,,,,,,,,,1,2,1,1,2
200700005182,0007-01-20 17:35:00,7,1,20,17,35,920,48,"., REPUBLIQUE (RUE DE LA",,,Plein jour,En agglomération,Intersection en X,Pluie légère,Deux véhicules - frontale,,,,,,,,,,,1,2,2,2,1
200700005183,0007-01-23 08:45:00,7,1,23,8,45,920,48,"., COLONEL MORAINE (ROUT",,,Plein jour,En agglomération,Intersection en T,Normale,Deux véhicules - côté,,,,,,,,,,,1,2,3,1,3
200700005184,0007-01-25 13:25:00,7,1,25,13,25,920,48,"., MARCELLIN BERTHELOT (",,,Plein jour,En agglomération,Intersection en Y,Normale,Deux véhicules - côté,,,,,,,,,,,1,2,4,1,3
200700005185,0007-01-27 17:00:00,7,1,27,17,0,920,48,"., TRIVAUX (AVENUE DE) N",,,Plein jour,Hors agglomération,Hors intersection,Normale,Sans collision,,,,,,,,,,,1,1,1,1,7
200700005186,0007-01-15 09:10:00,7,1,15,9,10,920,48,PARIS (RUE DE) N° 12 A 1,,,Plein jour,En agglomération,Intersection en X,Normale,Deux véhicules - frontale,,,,,,,,,,,1,2,2,1,1
200700005187,0007-01-22 08:50:00,7,1,22,8,50,920,48,"51, BELGIQUE (RUE DE LA)",,,Plein jour,En agglomération,Intersection en X,Normale,Sans collision,,,,,,,,,,,1,2,2,1,7
200700005188,0007-01-04 07:05:00,7,1,4,7,5,920,49,"105, BRIAND AVENUE ARIST",,,Nuit avec éclairage allumé,En agglomération,Hors intersection,Pluie légère,Deux véhicules - côté,,,,,,,,,,,5,2,1,2,3
200700005189,0007-01-04 12:00:00,7,1,4,12,0,920,49,"43, BRIAND AVENUE ARISTI",,,Plein jour,En agglomération,Intersection en T,Normale,Deux véhicules - côté,,,,,,,,,,,1,2,3,1,3
200700005190,0007-01-10 13:15:00,7,1,10,13,15,920,20,"1, DE GAULLE CARREFOUR C",,,Plein jour,En agglomération,Intersection en X,Normale,Deux véhicules - côté,,,,,,,,,,,1,2,2,1,3
200700005191,0007-01-11 08:30:00,7,1,11,8,30,920,49,"49, BARBES RUE",,,Crépuscule ou aube,En agglomération,Intersection en T,Normale,Deux véhicules - côté,,,,,,,,,,,2,2,3,1,3
200700005192,0007-01-11 17:15:00,7,1,11,17,15,920,49,"56, BRIAND AVENUE ARISTI",,,Nuit avec éclairage allumé,En agglomération,Intersection en X,Normale,Deux véhicules - côté,,,,,,,,,,,5,2,2,1,3
200700005193,0007-01-15 13:40:00,7,1,15,13,40,920,49,"138, DORMOY AVENUE MARX",,,Plein jour,En agglomération,Intersection en T,Normale,Deux véhicules - arrière,,,,,,,,,,,1,2,3,1,2
200700005194,0007-01-15 20:15:00,7,1,15,20,15,920,49,"47, MARNE AVENUE DE LA",,,Nuit avec éclairage allumé,En agglomération,Intersection en T,Normale,Autre collision,,,,,,,,,,,5,2,3,1,6
200700005195,0007-01-16 08:15:00,7,1,16,8,15,920,20,"73, PARIS AVENUE DE N° I",,,Nuit avec éclairage allumé,En agglomération,Hors intersection,Normale,Deux véhicules - arrière,,,,,,,,,,,5,2,1,1,2
200700005196,0007-01-16 16:30:00,7,1,16,16,30,920,49,"91, BROSSOLETTE AVENUE P",,,Plein jour,En agglomération,Intersection en T,Normale,Deux véhicules - côté,,,,,,,,,,,1,2,3,1,3
200700005197,0007-01-17 08:20:00,7,1,17,8,20,920,49,"105, BROSSOLETTE AVENUE",,,Nuit avec éclairage allumé,En agglomération,Intersection en Y,Normale,Autre collision,,,,,,,,,,,5,2,4,1,6
200700005198,0007-01-28 14:25:00,7,1,28,14,25,920,49,"204, DORMOY AVENUE MARX",,,Plein jour,En agglomération,Intersection en X,Normale,Deux véhicules - côté,,,,,,,,,,,1,2,2,1,3
200700005199,0007-01-03 19:25:00,7,1,3,19,25,920,50,STALINGRAD RUE DE,,,Nuit avec éclairage allumé,En agglomération,Intersection en Y,Normale,Deux véhicules - côté,,,,,,,,,,,5,2,4,1,3
200700005200,0007-01-04 10:30:00,7,1,4,10,30,920,50,JOFFRE MARECHAL AVENUE D,,,Plein jour,En agglomération,Hors intersection,Normale,Trois véhicules et plus - collisions multiples,,,,,,,,,,,1,2,1,1,5
200700005201,0007-01-06 13:20:00,7,1,6,13,20,920,50,PAIX RUE DE LA,,,Plein jour,En agglomération,Hors intersection,Pluie légère,Autre collision,,,,,,,,,,,1,2,1,2,6
200700005202,0007-01-09 17:30:00,7,1,9,17,30,920,50,CLEMENCEAU GEORGES AVENU,,,Crépuscule ou aube,En agglomération,Hors intersection,Pluie légère,Sans collision,,,,,,,,,,,2,2,1,2,7
200700005203,0007-01-11 06:30:00,7,1,11,6,30,920,50,ARAGO FRANCOIS AVENUE,,,Nuit avec éclairage allumé,En agglomération,Hors intersection,Normale,Deux véhicules - côté,,,,,,,,,,,5,2,1,1,3
200700005204,0007-01-12 07:20:00,7,1,12,7,20,920,50,JOFFRE MARECHAL AVENUE D,,,Crépuscule ou aube,En agglomération,Intersection en X,Normale,Autre collision,,,,,,,,,,,2,2,2,1,6
200700005205,0007-01-13 09:50:00,7,1,13,9,50,920,50,"84, CLEMENCEAU GEORGES A",,,Plein jour,En agglomération,Hors intersection,Normale,Sans collision,,,,,,,,,,,1,2,1,1,7
200700005206,0007-01-15 08:10:00,7,1,15,8,10,920,50,PONS NOEL RUE,,,Plein jour,En agglomération,Intersection en X,Normale,Deux véhicules - côté,,,,,,,,,,,1,2,2,1,3
200700005207,0007-01-23 17:35:00,7,1,23,17,35,920,50,DOUMER PAUL PRESIDENT RU,,,Plein jour,En agglomération,Hors intersection,Normale,Deux véhicules - côté,,,,,,,,,,,1,2,1,1,3
200700005208,0007-01-13 19:15:00,7,1,13,19,15,920,50,FUSILLES DE LA RESISTANC,,,Crépuscule ou aube,En agglomération,Hors intersection,Normale,Deux véhicules - arrière,,,,,,,,,,,2,2,1,1,2
200700005209,0007-01-09 07:20:00,7,1,9,7,20,920,51,"101, CHARLES DE GAULLE (",,,Crépuscule ou aube,En agglomération,Hors intersection,Normale,Autre collision,,,,,,,,,,,2,2,1,1,6
200700005210,0007-01-12 18:25:00,7,1,12,18,25,920,51,"BINEAU (BOULEVARD, N°53",,,Nuit avec éclairage allumé,En agglomération,Hors intersection,Normale,Deux véhicules - frontale,,,,,,,,,,,5,2,1,1,1
200700005211,0007-01-13 20:05:00,7,1,13,20,5,920,51,"BINEAU (BOULEVARD, N°133",,,Nuit avec éclairage allumé,Hors agglomération,Hors intersection,Pluie légère,Deux véhicules - côté,,,,,,,,,,,5,1,1,2,3
200700005212,0007-01-13 12:25:00,7,1,13,12,25,920,51,"67, PERRONET (RUE, N°1 A",,,Plein jour,En agglomération,Hors intersection,Normale,Deux véhicules - côté,,,,,,,,,,,1,2,1,1,3
200700005213,0007-01-17 13:00:00,7,1,17,13,0,920,51,"4, CHATEAU (BOULEVARD DU",,,Plein jour,En agglomération,Hors intersection,Normale,Autre collision,,,,,,,,,,,1,2,1,1,6
200700005214,0007-01-19 11:55:00,7,1,19,11,55,920,51,EDOUARD NORTIER (RUE),,,Plein jour,En agglomération,Intersection en X,Normale,Deux véhicules - côté,,,,,,,,,,,1,2,2,1,3
200700005215,0007-01-18 18:50:00,7,1,18,18,50,920,51,"49, CHATEAU (BOULEVARD D",,,Nuit avec éclairage allumé,En agglomération,Hors intersection,Normale,Autre collision,,,,,,,,,,,5,2,1,1,6
200700005216,0007-01-19 21:40:00,7,1,19,21,40,920,51,"ROULE (AVENUE DU, N° 29",,,Nuit avec éclairage allumé,En agglomération,Hors intersection,Normale,Deux véhicules - frontale,,,,,,,,,,,5,2,1,1,1
200700005217,0007-01-25 08:25:00,7,1,25,8,25,920,51,RICHARD WALLACE (BOULEVA,,,Plein jour,En agglomération,Intersection en X,Normale,Deux véhicules - côté,,,,,,,,,,,1,2,2,1,3
200700005218,0007-01-26 14:10:00,7,1,26,14,10,920,51,"85, ROULE (AVENUE DU, N°",,,Plein jour,En agglomération,Hors intersection,Normale,Deux véhicules - côté,,,,,,,,,,,1,2,1,1,3
200700005219,0007-01-25 12:25:00,7,1,25,12,25,920,51,CHATEAU (RUE DU),,,Plein jour,En agglomération,Hors intersection,Normale,Autre collision,,,,,,,,,,,1,2,1,1,6
200700005220,0007-01-29 06:40:00,7,1,29,6,40,920,51,"CHEZY (RUE DE,  N° 1 A 1",,,Crépuscule ou aube,En agglomération,Hors intersection,Normale,Deux véhicules - frontale,,,,,,,,,,,2,2,1,1,1
200700005221,0007-01-31 16:30:00,7,1,31,16,30,920,51,MADRID (AVENUE DE),,,Plein jour,En agglomération,Hors intersection,Normale,Autre collision,,,,,,,,,,,1,2,1,1,6
200700005222,0007-01-01 05:20:00,7,1,1,5,20,920,62,PUTEAUX (PONT DE),,,Nuit sans éclairage public,En agglomération,Intersection en X,Pluie légère,Trois véhicules et plus - en chaîne,,,,,,,,,,,3,2,2,2,4
200700005223,0007-01-15 12:45:00,7,1,15,12,45,920,62,"00, WALLACE (BD RICHARD)",,,Plein jour,En agglomération,Intersection en X,Normale,Deux véhicules - côté,,,,,,,,,,,1,2,2,1,3
200700005224,0007-01-17 07:50:00,7,1,17,7,50,920,62,"36, CARTAULT (RUE)",,,Crépuscule ou aube,En agglomération,Intersection en T,Pluie légère,Autre collision,,,,,,,,,,,2,2,3,2,6
200700005225,0007-01-31 19:30:00,7,1,31,19,30,920,62,"00, ARAGO (RUE)",,,Nuit avec éclairage allumé,En agglomération,Intersection en X,Normale,Deux véhicules - côté,,,,,,,,,,,5,2,2,1,3
200700005226,0007-01-09 09:35:00,7,1,9,9,35,920,63,"neant, COLMAR (AVENUE DE",,,Plein jour,En agglomération,Hors intersection,Normale,Autre collision,,,,,,,,,,,1,2,1,1,6
200700005227,0007-01-12 16:35:00,7,1,12,16,35,920,63,"NEANT, GALLIENI (RUE)",,,Plein jour,En agglomération,Hors intersection,Normale,Deux véhicules - arrière,,,,,,,,,,,1,2,1,1,2
200700005228,0007-01-22 19:35:00,7,1,22,19,35,920,63,"50, DIX-HUIT JUIN 1940 (",,,Crépuscule ou aube,En agglomération,Hors intersection,Normale,Autre collision,,,,,,,,,,,2,2,1,1,6
200700005229,0007-01-26 13:40:00,7,1,26,13,40,920,63,"168, DOUMER (AVENUE PAUL",,,Plein jour,En agglomération,Hors intersection,Normale,Deux véhicules - côté,,,,,,,,,,,1,2,1,1,3
200700005230,0007-01-29 20:00:00,7,1,29,20,0,920,63,SAND (RUE GEORGE),,,Crépuscule ou aube,Hors agglomération,Intersection en T,Normale,Autre collision,,,,,,,,,,,2,1,3,1,6
200700005231,0007-01-02 19:15:00,7,1,2,19,15,920,64,MARECHAL JUIN,,,Nuit avec éclairage allumé,En agglomération,Hors intersection,Temps couvert,Deux véhicules - côté,,,,,,,,,,,5,2,1,8,3
200700005232,0007-01-04 12:45:00,7,1,4,12,45,920,64,MARCEL DASSAULT,,,Plein jour,En agglomération,Intersection en T,Normale,Deux véhicules - arrière,,,,,,,,,,,1,2,3,1,2
200700005233,0007-01-04 18:25:00,7,1,4,18,25,920,64,ANDRE CHEVRILLON,,,Nuit avec éclairage allumé,En agglomération,Hors intersection,Normale,Autre collision,,,,,,,,,,,5,2,1,1,6
200700005234,0007-01-08 08:00:00,7,1,8,8,0,920,64,REPUBLIQUE,,,Plein jour,En agglomération,Hors intersection,Normale,Deux véhicules - côté,,,,,,,,,,,1,2,1,1,3
200700005235,0007-01-09 14:45:00,7,1,9,14,45,920,64,GENERAL LECLERC,,,Plein jour,En agglomération,Hors intersection,Temps couvert,Deux véhicules - arrière,,,,,,,,,,,1,2,1,8,2
200700005236,0007-01-17 18:10:00,7,1,17,18,10,920,64,DAILLY,,,Nuit avec éclairage allumé,En agglomération,Intersection en Y,Pluie légère,Sans collision,,,,,,,,,,,5,2,4,2,7
200700005237,0007-01-19 19:20:00,7,1,19,19,20,920,76,"4, GARCHES",,,Nuit avec éclairage allumé,En agglomération,Hors intersection,Pluie légère,Sans collision,,,,,,,,,,,5,2,1,2,7
200700005238,0007-01-21 17:15:00,7,1,21,17,15,920,64,BUZENVAL,,,Crépuscule ou aube,En agglomération,Intersection en X,Normale,Autre collision,,,,,,,,,,,2,2,2,1,6
200700005239,0007-01-23 12:55:00,7,1,23,12,55,920,64,MARECHAL JUIN,,,Plein jour,En agglomération,Hors intersection,Normale,Sans collision,,,,,,,,,,,1,2,1,1,7
200700005240,0007-01-24 10:57:00,7,1,24,10,57,920,64,DAILLY,,,Plein jour,En agglomération,Hors intersection,Normale,Sans collision,,,,,,,,,,,1,2,1,1,7
200700005241,0007-01-25 18:45:00,7,1,25,18,45,920,64,"27, MARECHAL FOCH",,,Nuit avec éclairage allumé,En agglomération,Hors intersection,Normale,Autre collision,,,,,,,,,,,5,2,1,1,6
200700005242,0007-01-30 18:15:00,7,1,30,18,15,920,33,"71, SURESNES",,,Nuit avec éclairage allumé,En agglomération,Hors intersection,Normale,Deux véhicules - côté,,,,,,,,,,,5,2,1,1,3
200700005243,0007-01-03 08:35:00,7,1,3,8,35,920,72,"26, TROYON (RUE)",,,Plein jour,En agglomération,Hors intersection,Normale,Deux véhicules - côté,,,,,,,,,,,1,2,1,1,3
200700005244,0007-01-05 17:58:00,7,1,5,17,58,920,72,"19, LECLERC (AVENUE DE L",,,Nuit avec éclairage allumé,En agglomération,Hors intersection,Pluie légère,Sans collision,,,,,,,,,,,5,2,1,2,7
200700005245,0007-01-05 18:10:00,7,1,5,18,10,920,77,"15 bis, VERSAILLES (RUE",,,Nuit avec éclairage allumé,En agglomération,Intersection en T,Autre,Deux véhicules - frontale,,,,,,,,,,,5,2,3,9,1
200700005246,0007-01-10 11:05:00,7,1,10,11,5,920,77,"09, SEVRES (RUE DE)",,,Plein jour,En agglomération,Hors intersection,Normale,Autre collision,,,,,,,,,,,1,2,1,1,6
200700005247,0007-01-16 10:35:00,7,1,16,10,35,920,72,MANUFACTURE NATIONALE (P,,,Plein jour,En agglomération,Place,Normale,Trois véhicules et plus - en chaîne,,,,,,,,,,,1,2,7,1,4
200700005248,0007-01-21 15:20:00,7,1,21,15,20,920,77,"15, THIERRY (AVENUE)",,,Plein jour,En agglomération,Hors intersection,Normale,Autre collision,,,,,,,,,,,1,2,1,1,6
200700005249,0007-01-26 09:10:00,7,1,26,9,10,920,77,"39, MARNES (RUE DE)",,,Plein jour,En agglomération,Hors intersection,Normale,Sans collision,,,,,,,,,,,1,2,1,1,7