accident_id,datetime,annee,mois,jour,heure,minute,departement,commune_insee,adresse,latitude,longitude,luminosite,agglomeration,intersection,meteo,collision,nb_vehicules,nb_usagers,nb_indemnes,nb_tues,nb_blesses_hosp,nb_blesses_legers,age_cond_1,age_cond_2,veh_type_cond_1,veh_type_cond_2,lum_code,agg_code,int_code,atm_code,col_code
200700005250,0007-01-09 15:35:00,7,1,9,15,35,920,73,"3, ESTIENNE D'ORVES (RUE",,,Plein jour,En agglomération,Hors intersection,Normale,Autre collision,,,,,,,,,,,1,2,1,1,6
200700005251,0007-01-12 08:50:00,7,1,12,8,50,920,73,ROOSVELT (AVENUE FRANKLI,,,Plein jour,En agglomération,Intersection en T,Normale,Deux véhicules - côté,,,,,,,,,,,1,2,3,1,3
200700005252,0007-01-14 12:00:00,7,1,14,12,0,920,73,"204, WASHINGTON (BOULEVA",,,Plein jour,En agglomération,Intersection en T,Normale,Deux véhicules - arrière,,,,,,,,,,,1,2,3,1,2
200700005253,0007-01-17 09:20:00,7,1,17,9,20,920,73,DE LATTRE DE TASSIGNY (B,,,Plein jour,En agglomération,Intersection en T,Normale,Deux véhicules - côté,,,,,,,,,,,1,2,3,1,3
200700005254,0007-01-08 15:55:00,7,1,8,15,55,920,46,CAMELINAT,,,Plein jour,En agglomération,Intersection en X,Pluie légère,Deux véhicules - côté,,,,,,,,,,,1,2,2,2,3
200700005255,0007-01-09 09:20:00,7,1,9,9,20,920,75,"-, JULLIEN (RUE)",,,Plein jour,En agglomération,Place,Pluie légère,Autre collision,,,,,,,,,,,1,2,7,2,6
200700005256,0007-01-15 15:20:00,7,1,15,15,20,920,46,"21, DE STALINGRAD",,,Plein jour,En agglomération,Hors intersection,Normale,Autre collision,,,,,,,,,,,1,2,1,1,6
200700005257,0007-01-18 09:40:00,7,1,18,9,40,920,46,PIERRE LAROUSSE (AVENUE),,,Plein jour,En agglomération,Intersection en T,Normale,Deux véhicules - arrière,,,,,,,,,,,1,2,3,1,2
200700005258,0007-01-23 13:20:00,7,1,23,13,20,920,46,CAMELINAT,,,Plein jour,En agglomération,Intersection en X,Normale,Autre collision,,,,,,,,,,,1,2,2,1,6
200700005259,0007-01-22 10:00:00,7,1,22,10,0,920,78,JEAN JAURES (RUE) (N°PAI,,,Plein jour,En agglomération,Hors intersection,Normale,Deux véhicules - côté,,,,,,,,,,,1,2,1,1,3
200700005260,0007-01-27 20:40:00,7,1,27,20,40,920,78,"89, CHARLES DE GAULLE (B",,,Nuit avec éclairage allumé,En agglomération,Intersection en T,Normale,Deux véhicules - côté,,,,,,,,,,,5,2,3,1,3
200700005261,0007-01-02 18:10:00,7,1,2,18,10,920,62,"1, GENERAL DE GAULLE (AV",,,Crépuscule ou aube,En agglomération,Hors intersection,Pluie légère,Deux véhicules - arrière,,,,,,,,,,,2,2,1,2,2
200700005262,0007-01-26 09:00:00,7,1,26,9,0,920,26,BOULEVARD CIRCULAIRE,,,Plein jour,En agglomération,Intersection en X,Normale,Deux véhicules - côté,,,,,,,,,,,1,2,2,1,3
200700005263,0007-01-30 18:40:00,7,1,30,18,40,920,62,"1, AVENUE DE LA DIVISION",,,Nuit avec éclairage allumé,En agglomération,Hors intersection,Normale,Sans collision,,,,,,,,,,,5,2,1,1,7
200700005264,0007-01-11 20:00:00,7,1,11,20,0,930,1,GOULET (RUE DU)  => 24/3,,,Nuit avec éclairage allumé,En agglomération,Intersection en X,Pluie légère,Deux véhicules - côté,,,,,,,,,,,5,2,2,2,3
200700005265,0007-01-14 13:40:00,7,1,14,13,40,930,1,LANDY (PONT DU),,,Plein jour,En agglomération,Hors intersection,Normale,Deux véhicules - côté,,,,,,,,,,,1,2,1,1,3
200700005266,0007-01-15 11:35:00,7,1,15,11,35,930,1,"118, FELIX FAURE (BLD)",,,Plein jour,En agglomération,Hors intersection,Normale,Trois véhicules et plus - collisions multiples,,,,,,,,,,,1,2,1,1,5
200700005267,0007-01-13 19:20:00,7,1,13,19,20,930,1,JEAN JAURES (AVE)  => 53,,,Nuit avec éclairage allumé,En agglomération,Intersection en X,Normale,Deux véhicules - côté,,,,,,,,,,,5,2,2,1,3
200700005268,0007-01-16 18:30:00,7,1,16,18,30,930,1,"176, JEAN JAURES  (AVE)",,,Nuit avec éclairage allumé,En agglomération,Hors intersection,Normale,Autre collision,,,,,,,,,,,5,2,1,1,6
200700005269,0007-01-17 10:02:00,7,1,17,10,2,930,1,"43, FELIX FAURE (BLD) =>",,,Plein jour,En agglomération,Hors intersection,Temps couvert,Deux véhicules - arrière,,,,,,,,,,,1,2,1,8,2
200700005270,0007-01-17 12:30:00,7,1,17,12,30,930,1,"28, SAINT-DENIS (RUE DE)",,,Plein jour,En agglomération,Hors intersection,Temps couvert,Deux véhicules - côté,,,,,,,,,,,1,2,1,8,3
200700005271,0007-01-22 07:20:00,7,1,22,7,20,930,1,"19, SAINT DENIS (RUE DE)",,,Nuit avec éclairage allumé,En agglomération,Intersection en T,Normale,Autre collision,,,,,,,,,,,5,2,3,1,6
200700005272,0007-01-27 20:45:00,7,1,27,20,45,930,1,", EDOUARD POISSON  (RUE)",,,Nuit avec éclairage allumé,En agglomération,Intersection en T,Normale,Sans collision,,,,,,,,,,,5,2,3,1,7
200700005273,0007-01-30 08:25:00,7,1,30,8,25,930,1,"172, JEAN JAURES  (AVE)",,,Plein jour,En agglomération,Hors intersection,Normale,Deux véhicules - côté,,,,,,,,,,,1,2,1,1,3
200700005274,0007-01-30 21:15:00,7,1,30,21,15,930,1,"176, JEAN JAURES  (AVE)",,,Nuit avec éclairage allumé,En agglomération,Intersection en X,Normale,Deux véhicules - côté,,,,,,,,,,,5,2,2,1,3
200700005275,0007-01-06 09:00:00,7,1,6,9,0,930,5,"néant, ANDRE CITROEN (BO",,,Nuit avec éclairage allumé,En agglomération,Hors intersection,Pluie légère,Deux véhicules - côté,,,,,,,,,,,5,2,1,2,3
200700005276,0007-01-05 19:56:00,7,1,5,19,56,930,5,CHARLES FLOQUET (BOULEVA,,,Nuit avec éclairage allumé,En agglomération,Intersection en T,Pluie légère,Deux véhicules - côté,,,,,,,,,,,5,2,3,2,3
200700005277,0007-01-11 20:02:00,7,1,11,20,2,930,5,"NEANT, PIERRE SEMARD (AV",,,Nuit avec éclairage allumé,En agglomération,Giratoire,Pluie légère,Deux véhicules - arrière,,,,,,,,,,,5,2,6,2,2
200700005278,0007-01-12 19:45:00,7,1,12,19,45,930,5,RAOUL DUFY (AVENUE),,,Nuit avec éclairage allumé,En agglomération,Hors intersection,Temps couvert,Autre collision,,,,,,,,,,,5,2,1,8,6
200700005279,0007-01-16 16:00:00,7,1,16,16,0,930,5,"NEANT, CHARLES DE GAULLE",,,Plein jour,En agglomération,Giratoire,Normale,Deux véhicules - côté,,,,,,,,,,,1,2,6,1,3
200700005280,0007-01-19 17:50:00,7,1,19,17,50,930,5,"néant, ANDRE CITROEN (BO",,,Nuit avec éclairage allumé,En agglomération,Hors intersection,Pluie légère,Autre collision,,,,,,,,,,,5,2,1,2,6
200700005281,0007-01-20 19:45:00,7,1,20,19,45,930,5,GEORGES BRAQUE (BOULEVAR,,,Nuit sans éclairage public,Hors agglomération,Hors intersection,Pluie légère,Autre collision,,,,,,,,,,,3,1,1,2,6
200700005282,0007-01-27 22:20:00,7,1,27,22,20,930,5,"122, MITRY [CD115] (ROUT",,,Nuit avec éclairage allumé,En agglomération,Hors intersection,Normale,Autre collision,,,,,,,,,,,5,2,1,1,6
200700005283,0007-01-28 19:30:00,7,1,28,19,30,930,5,CHARLES DE GAULLE [CD115,,,Nuit avec éclairage allumé,En agglomération,Hors intersection,Normale,Deux véhicules - frontale,,,,,,,,,,,5,2,1,1,1
200700005284,0007-01-29 23:40:00,7,1,29,23,40,930,5,MUN (AVENUE DE),,,Nuit avec éclairage allumé,En agglomération,Hors intersection,Normale,Deux véhicules - côté,,,,,,,,,,,5,2,1,1,3
200700005285,0007-01-02 17:40:00,7,1,2,17,40,930,7,"137, ""PAUL VAILLANT COUT",,,Nuit avec éclairage allumé,En agglomération,Hors intersection,Pluie légère,Autre collision,,,,,,,,,,,5,2,1,2,6
200700005286,0007-01-11 19:14:00,7,1,11,19,14,930,7,ARISTIDE BRIAND (AVENUE,,,Nuit avec éclairage allumé,En agglomération,Intersection en T,Pluie légère,Deux véhicules - côté,,,,,,,,,,,5,2,3,2,3
200700005287,0007-01-19 19:30:00,7,1,19,19,30,930,7,GUILLAUME APOLLINAIRE (C,,,Nuit avec éclairage allumé,En agglomération,Hors intersection,Pluie légère,Deux véhicules - arrière,,,,,,,,,,,5,2,1,2,2
200700005288,0007-01-27 12:45:00,7,1,27,12,45,930,7,PABLO NERUDA (AVENUE),,,Plein jour,En agglomération,Intersection en T,Normale,Deux véhicules - arrière,,,,,,,,,,,1,2,3,1,2
200700005289,0007-01-31 11:20:00,7,1,31,11,20,930,7,"20, ALBERT EINSTEIN (AVE",,,Plein jour,En agglomération,Hors intersection,Normale,Deux véhicules - frontale,,,,,,,,,,,1,2,1,1,1
200700005290,0007-01-31 20:10:00,7,1,31,20,10,930,7,"144, 8 MAI 45 (AVENUE DU",,,Nuit avec éclairage allumé,En agglomération,Hors intersection,Normale,Sans collision,,,,,,,,,,,5,2,1,1,7
200700005291,0007-01-01 17:10:00,7,1,1,17,10,930,8,ALLENDE (AVE DU P. SALVA,,,Plein jour,En agglomération,Intersection à plus de 4 branches,Normale,Deux véhicules - arrière,,,,,,,,,,,1,2,5,1,2
200700005292,0007-01-17 13:40:00,7,1,17,13,40,930,8,", LENINE (BOULEVARD)",,,Plein jour,En agglomération,Hors intersection,Normale,Autre collision,,,,,,,,,,,1,2,1,1,6
200700005293,0007-01-26 17:30:00,7,1,26,17,30,930,8,", DIVISION LECLERC (AVEN",,,Nuit avec éclairage allumé,En agglomération,Intersection en T,Normale,Deux véhicules - côté,,,,,,,,,,,5,2,3,1,3
200700005294,0007-01-31 14:10:00,7,1,31,14,10,930,8,"22, DIVISION LECLERC (AV",,,Plein jour,En agglomération,Hors intersection,Normale,Autre collision,,,,,,,,,,,1,2,1,1,6
200700005295,0007-01-02 13:15:00,7,1,2,13,15,930,57,"1, MONTYON (AL.) 1 A 74",,,Plein jour,En agglomération,Hors intersection,Pluie légère,Trois véhicules et plus - collisions multiples,,,,,,,,,,,1,2,1,2,5
200700005296,0007-01-13 17:45:00,7,1,13,17,45,930,10,"199, GALLIENI (AV.) DE 1",,,Nuit sans éclairage public,En agglomération,Hors intersection,Normale,Deux véhicules - côté,,,,,,,,,,,3,2,1,1,3
200700005297,0007-01-28 16:10:00,7,1,28,16,10,930,57,"ignore, MONTYON (AL.) 1",,,Plein jour,En agglomération,Hors intersection,Normale,Deux véhicules - côté,,,,,,,,,,,1,2,1,1,3
200700005298,0007-01-10 17:45:00,7,1,10,17,45,930,13,"43bis, ROLLAND (RUE DU C",,,Nuit avec éclairage allumé,En agglomération,Hors intersection,Pluie légère,Deux véhicules - côté,,,,,,,,,,,5,2,1,2,3
200700005299,0007-01-10 18:30:00,7,1,10,18,30,930,27,SAINT-DENIS (RUE DE),,,Nuit avec éclairage allumé,En agglomération,Hors intersection,Pluie légère,Deux véhicules - côté,,,,,,,,,,,5,2,1,2,3
200700005300,0007-01-11 15:35:00,7,1,11,15,35,930,27,CURIE (PASSAGE PIERRE),,,Plein jour,En agglomération,Hors intersection,Normale,Autre collision,,,,,,,,,,,1,2,1,1,6
200700005301,0007-01-17 18:50:00,7,1,17,18,50,930,13,"51, ROLLAND (RUE DU CDT)",,,Nuit avec éclairage allumé,En agglomération,Hors intersection,Pluie légère,Sans collision,,,,,,,,,,,5,2,1,2,7
200700005302,0007-01-19 17:00:00,7,1,19,17,0,930,13,"0, LINDBERGH (CARREFOUR)",,,Plein jour,En agglomération,Hors intersection,Pluie légère,Deux véhicules - frontale,,,,,,,,,,,1,2,1,2,1
200700005303,0007-01-06 17:25:00,7,1,6,17,25,930,29,STALINGRAD (DE),,,Crépuscule ou aube,En agglomération,Giratoire,Pluie légère,Autre collision,,,,,,,,,,,2,2,6,2,6
200700005304,0007-01-15 06:05:00,7,1,15,6,5,930,29,"77, HENRI BARBUSSE (AVE)",,,Nuit avec éclairage allumé,En agglomération,Intersection en T,Normale,Sans collision,,,,,,,,,,,5,2,3,1,7
200700005305,0007-01-19 13:50:00,7,1,19,13,50,930,29,"25, EDMOND GILLETTE",,,Plein jour,En agglomération,Hors intersection,Pluie légère,Sans collision,,,,,,,,,,,1,2,1,2,7
200700005306,0007-01-04 17:40:00,7,1,4,17,40,930,31,"1, DES SAULES",,,Nuit avec éclairage allumé,En agglomération,Hors intersection,Pluie légère,Deux véhicules - côté,,,,,,,,,,,5,2,1,2,3
200700005307,0007-01-27 14:40:00,7,1,27,14,40,930,31,"1, SOLIVATS (RUE DES)",,,Plein jour,En agglomération,Hors intersection,Normale,Autre collision,,,,,,,,,,,1,2,1,1,6
200700005308,0007-01-27 21:10:00,7,1,27,21,10,930,79,"1, DIVISION LECLERC (AV)",,,Nuit sans éclairage public,En agglomération,Hors intersection,Normale,Autre collision,,,,,,,,,,,3,2,1,1,6
200700005309,0007-01-30 08:45:00,7,1,30,8,45,930,31,"43, MARNE (AVENUE DE LA)",,,Plein jour,En agglomération,Hors intersection,Normale,Autre collision,,,,,,,,,,,1,2,1,1,6
200700005310,0007-01-02 21:00:00,7,1,2,21,0,930,47,CLICHY (AVENUE DE),,,Nuit avec éclairage allumé,En agglomération,Intersection en Y,Normale,Deux véhicules - côté,,,,,,,,,,,5,2,4,1,3
200700005311,0007-01-10 07:30:00,7,1,10,7,30,930,47,JEAN JAURES (AVENUE),,,Nuit avec éclairage allumé,En agglomération,Intersection en X,Normale,Deux véhicules - côté,,,,,,,,,,,5,2,2,1,3
200700005312,0007-01-13 22:40:00,7,1,13,22,40,930,47,"26, GENERAL DE GAULLE (R",,,Nuit avec éclairage allumé,En agglomération,Intersection en T,Pluie légère,Deux véhicules - côté,,,,,,,,,,,5,2,3,2,3
200700005313,0007-01-18 19:00:00,7,1,18,19,0,930,47,"1, TUILERIE  (RUE ET RUE",,,Nuit avec éclairage allumé,En agglomération,Hors intersection,Pluie légère,Autre collision,,,,,,,,,,,5,2,1,2,6
200700005314,0007-01-08 18:30:00,7,1,8,18,30,930,63,"120, REPUBLIQUE RUE DE L",,,Nuit avec éclairage allumé,En agglomération,Intersection en T,Pluie légère,Deux véhicules - frontale,,,,,,,,,,,5,2,3,2,1
200700005315,0007-01-12 11:00:00,7,1,12,11,0,930,45,"188, PARIS RUE DE",,,Plein jour,En agglomération,Hors intersection,Normale,Autre collision,,,,,,,,,,,1,2,1,1,6
200700005316,0007-01-12 15:35:00,7,1,12,15,35,930,6,"IGNORE, GAMBETTA AV.",,,Plein jour,En agglomération,Hors intersection,Normale,Deux véhicules - côté,,,,,,,,,,,1,2,1,1,3
200700005317,0007-01-13 23:55:00,7,1,13,23,55,930,63,"203, NOISY ROUTE DE",,,Nuit avec éclairage allumé,En agglomération,Hors intersection,Pluie légère,Autre collision,,,,,,,,,,,5,2,1,2,6
200700005318,0007-01-14 14:20:00,7,1,14,14,20,930,6,"161-163, GAMBETTA AV.",,,Plein jour,En agglomération,Hors intersection,Normale,Autre collision,,,,,,,,,,,1,2,1,1,6
200700005319,0007-01-16 11:45:00,7,1,16,11,45,930,45,"angle, BRUYERES RUE DES",,,Plein jour,En agglomération,Intersection en X,Temps couvert,Deux véhicules - côté,,,,,,,,,,,1,2,2,8,3
200700005320,0007-01-16 11:40:00,7,1,16,11,40,930,6,"angle, GAMBETTA AV.",,,Plein jour,En agglomération,Intersection en T,Normale,Deux véhicules - côté,,,,,,,,,,,1,2,3,1,3
200700005321,0007-01-17 13:30:00,7,1,17,13,30,930,45,"33, LIBERTE BD DE LA",,,Plein jour,En agglomération,Hors intersection,Normale,Autre collision,,,,,,,,,,,1,2,1,1,6
200700005322,0007-01-20 14:45:00,7,1,20,14,45,930,63,"130, NOISY ROUTE DE",,,Plein jour,En agglomération,Hors intersection,Pluie légère,Autre collision,,,,,,,,,,,1,2,1,2,6
200700005323,0007-01-20 17:45:00,7,1,20,17,45,930,6,"ANGLE, MOLIERE RUE",,,Nuit avec éclairage allumé,En agglomération,Intersection en X,Pluie légère,Deux véhicules - frontale,,,,,,,,,,,5,2,2,2,1
200700005324,0007-01-20 23:15:00,7,1,20,23,15,930,6,"ANGLE, REPUBLIQUE AVENUE",,,Nuit avec éclairage allumé,En agglomération,Intersection en X,Normale,Deux véhicules - frontale,,,,,,,,,,,5,2,2,1,1
200700005325,0007-01-21 23:30:00,7,1,21,23,30,930,63,"15, BOISSIERE BD DE LA",,,Nuit avec éclairage allumé,En agglomération,Hors intersection,Normale,Autre collision,,,,,,,,,,,5,2,1,1,6
200700005326,0007-01-23 13:40:00,7,1,23,13,40,930,63,"170, NOISY ROUTE DE",,,Plein jour,En agglomération,Hors intersection,Temps couvert,Autre collision,,,,,,,,,,,1,2,1,8,6
200700005327,0007-01-24 12:00:00,7,1,24,12,0,930,63,"02, BARBUSSE HENRI BOULE",,,Plein jour,En agglomération,Hors intersection,Temps couvert,Autre collision,,,,,,,,,,,1,2,1,8,6
200700005328,0007-01-24 13:15:00,7,1,24,13,15,930,61,"ANGLE, BAUDIN RUE",,,Plein jour,En agglomération,Intersection en X,Normale,Autre collision,,,,,,,,,,,1,2,2,1,6
200700005329,0007-01-25 08:30:00,7,1,25,8,30,930,61,"04, BELVEDERE AVENUE DU",,,Plein jour,En agglomération,Hors intersection,Normale,Deux véhicules - frontale,,,,,,,,,,,1,2,1,1,1
200700005330,0007-01-27 18:50:00,7,1,27,18,50,930,6,"angle, FERRER FRANCISCO",,,Nuit avec éclairage allumé,En agglomération,Hors intersection,Normale,Autre collision,,,,,,,,,,,5,2,1,1,6
200700005331,0007-01-27 21:20:00,7,1,27,21,20,930,45,"17, LECLERC BOULEVARD DU",,,Nuit avec éclairage allumé,En agglomération,Hors intersection,Normale,Deux véhicules - côté,,,,,,,,,,,5,2,1,1,3
200700005332,0007-01-31 13:30:00,7,1,31,13,30,930,63,"54, KERAUTRET AVENUE PIE",,,Plein jour,En agglomération,Hors intersection,Normale,Autre collision,,,,,,,,,,,1,2,1,1,6
200700005333,0007-01-31 19:20:00,7,1,31,19,20,930,45,"38, PARIS RUE DE",,,Nuit avec éclairage allumé,En agglomération,Hors intersection,Normale,Autre collision,,,,,,,,,,,5,2,1,1,6
200700005334,0007-01-04 08:25:00,7,1,4,8,25,930,74,MEAUX RUE DE,,,Plein jour,En agglomération,Intersection en Y,Pluie légère,Deux véhicules - côté,,,,,,,,,,,1,2,4,2,3
200700005335,0007-01-07 15:15:00,7,1,7,15,15,930,46,TURGOT,,,Plein jour,En agglomération,Giratoire,Normale,Deux véhicules - côté,,,,,,,,,,,1,2,6,1,3
200700005336,0007-01-17 19:15:00,7,1,17,19,15,930,46,VAUBAN AVENUE,,,Nuit avec éclairage allumé,En agglomération,Intersection en X,Pluie légère,Deux véhicules - côté,,,,,,,,,,,5,2,2,2,3
200700005337,0007-01-19 22:50:00,7,1,19,22,50,930,46,LEDRU ROLLIN ALLEE,,,Nuit avec éclairage allumé,En agglomération,Intersection en X,Pluie légère,Deux véhicules - côté,,,,,,,,,,,5,2,2,2,3
200700005338,0007-01-21 01:20:00,7,1,21,1,20,930,74,"NR, DE GAULLE AVENUE DU",,,Nuit avec éclairage allumé,En agglomération,Intersection en X,Normale,Deux véhicules - côté,,,,,,,,,,,5,2,2,1,3
200700005339,0007-01-28 04:50:00,7,1,28,4,50,930,46,BENOIT MALON AVENUE,,,Nuit avec éclairage allumé,En agglomération,Intersection en X,Autre,Autre collision,,,,,,,,,,,5,2,2,9,6
200700005340,0007-01-31 20:00:00,7,1,31,20,0,930,46,"93, ROGER SALENGRO BOULE",,,Nuit avec éclairage allumé,En agglomération,Intersection en X,Normale,Deux véhicules - côté,,,,,,,,,,,5,2,2,1,3
200700005341,0007-01-01 00:55:00,7,1,1,0,55,930,48,"257, ARISTIDE BRIAND (BO",,,Nuit avec éclairage allumé,En agglomération,Hors intersection,Normale,Deux véhicules - arrière,,,,,,,,,,,5,2,1,1,2
200700005342,0007-01-08 12:10:00,7,1,8,12,10,930,48,"24, PRESIDENT WILSON (AV",,,Plein jour,En agglomération,Intersection en T,Normale,Autre collision,,,,,,,,,,,1,2,3,1,6
200700005343,0007-01-13 19:27:00,7,1,13,19,27,930,48,"141, EMILE BEAUFILS (RUE",,,Nuit avec éclairage allumé,En agglomération,Hors intersection,Normale,Autre collision,,,,,,,,,,,5,2,1,1,6
200700005344,0007-01-15 07:44:00,7,1,15,7,44,930,48,"171, ARISTIDE BRIAND (BO",,,Crépuscule ou aube,En agglomération,Intersection en X,Normale,Deux véhicules - côté,,,,,,,,,,,2,2,2,1,3
200700005345,0007-01-20 18:10:00,7,1,20,18,10,930,48,"233, PARIS (RUE DE)",,,Nuit avec éclairage allumé,En agglomération,Intersection en X,Pluie légère,Autre collision,,,,,,,,,,,5,2,2,2,6
200700005346,0007-01-06 20:00:00,7,1,6,20,0,930,50,"62, PAUL VAILLANT COUTUR",,,Nuit avec éclairage allumé,En agglomération,Hors intersection,Pluie légère,Autre collision,,,,,,,,,,,5,2,1,2,6
200700005347,0007-01-10 17:20:00,7,1,10,17,20,930,50,LEON BLUM (AVENUE),,,Nuit avec éclairage allumé,En agglomération,Hors intersection,Normale,Autre collision,,,,,,,,,,,5,2,1,1,6
200700005348,0007-01-15 08:55:00,7,1,15,8,55,930,50,"1/9, MARECHAL FOCH (AVEN",,,Plein jour,En agglomération,Intersection en T,Normale,Deux véhicules - arrière,,,,,,,,,,,1,2,3,1,2
200700005349,0007-01-15 16:00:00,7,1,15,16,0,930,50,"31, REPUBLIQUE (BOULEVAR",,,Plein jour,En agglomération,Hors intersection,Normale,Sans collision,,,,,,,,,,,1,2,1,1,7
200700005350,0007-01-20 14:00:00,7,1,20,14,0,930,50,PAUL ET CAMILLE THOMOUX,,,Plein jour,En agglomération,Hors intersection,Normale,Deux véhicules - frontale,,,,,,,,,,,1,2,1,1,1
200700005351,0007-01-21 20:00:00,7,1,21,20,0,930,50,LEON BLUM (AVENUE),,,Nuit avec éclairage allumé,En agglomération,Intersection en T,Normale,Deux véhicules - côté,,,,,,,,,,,5,2,3,1,3
200700005352,0007-01-24 16:15:00,7,1,24,16,15,930,50,"202, JEAN JAURES (AVENUE",,,Plein jour,En agglomération,Intersection en T,Normale,Deux véhicules - côté,,,,,,,,,,,1,2,3,1,3
200700005353,0007-01-24 17:55:00,7,1,24,17,55,930,50,"face 97, PAUL ET CAMILLE",,,Nuit avec éclairage allumé,En agglomération,Hors intersection,Normale,Sans collision,,,,,,,,,,,5,2,1,1,7
200700005354,0007-01-25 08:20:00,7,1,25,8,20,930,50,STALINGRAD (PLACE),,,Plein jour,En agglomération,Autre intersection,Normale,Autre collision,,,,,,,,,,,1,2,9,1,6
200700005355,0007-01-09 17:00:00,7,1,9,17,0,930,51,"02, FORT (AVE)",,,Nuit avec éclairage allumé,En agglomération,Giratoire,Normale,Deux véhicules - arrière,,,,,,,,,,,5,2,6,1,2
200700005356,0007-01-13 21:25:00,7,1,13,21,25,930,51,ARISTIDE BRIAND (AVENUE),,,Nuit avec éclairage allumé,En agglomération,Intersection en X,Pluie légère,Deux véhicules - côté,,,,,,,,,,,5,2,2,2,3
200700005357,0007-01-15 15:00:00,7,1,15,15,0,930,51,GRAHAM BELL,,,Plein jour,En agglomération,Intersection en X,Normale,Deux véhicules - côté,,,,,,,,,,,1,2,2,1,3
200700005358,0007-01-17 18:10:00,7,1,17,18,10,930,33,JOFFRE (AVENUE),,,Nuit avec éclairage allumé,En agglomération,Intersection en Y,Pluie légère,Deux véhicules - côté,,,,,,,,,,,5,2,4,2,3
200700005359,0007-01-23 18:45:00,7,1,23,18,45,930,51,FORT (AVE),,,Nuit avec éclairage allumé,En agglomération,Hors intersection,Temps couvert,Deux véhicules - côté,,,,,,,,,,,5,2,1,8,3
200700005360,0007-01-26 09:30:00,7,1,26,9,30,930,51,CHAPELLE,,,Plein jour,En agglomération,Intersection en Y,Normale,Deux véhicules - frontale,,,,,,,,,,,1,2,4,1,1
200700005361,0007-01-06 11:20:00,7,1,6,11,20,930,53,"5, JULES AUFFRET (RUE)",,,Plein jour,En agglomération,Hors intersection,Pluie légère,Deux véhicules - frontale,,,,,,,,,,,1,2,1,2,1
200700005362,0007-01-10 11:20:00,7,1,10,11,20,930,53,"92, CARNOT (RUE) N° 51 A",,,Plein jour,En agglomération,Hors intersection,Temps couvert,Deux véhicules - frontale,,,,,,,,,,,1,2,1,8,1
200700005363,0007-01-10 10:50:00,7,1,10,10,50,930,53,"35, GAMBETTA (BLD) N° 1",,,Plein jour,En agglomération,Hors intersection,Normale,Autre collision,,,,,,,,,,,1,2,1,1,6
200700005364,0007-01-11 18:15:00,7,1,11,18,15,930,53,BREMENT (RUE DE) 109 A 2,,,Nuit avec éclairage allumé,En agglomération,Intersection en X,Pluie légère,Deux véhicules - frontale,,,,,,,,,,,5,2,2,2,1
200700005365,0007-01-22 13:25:00,7,1,22,13,25,930,53,PARC (RUE DU),,,Plein jour,En agglomération,Intersection en X,Normale,Deux véhicules - côté,,,,,,,,,,,1,2,2,1,3
200700005366,0007-01-31 16:55:00,7,1,31,16,55,930,53,"51, VAILLANT COUTURIER (",,,Plein jour,En agglomération,Hors intersection,Normale,Deux véhicules - arrière,,,,,,,,,,,1,2,1,1,2
200700005367,0007-01-02 14:55:00,7,1,2,14,55,930,55,EDOUARD RENARD,,,Plein jour,En agglomération,Intersection en T,Temps couvert,Deux véhicules - frontale,,,,,,,,,,,1,2,3,8,1
200700005368,0007-01-08 08:10:00,7,1,8,8,10,930,55,GENERAL LECLERC(AVE DU)8,,,Crépuscule ou aube,En agglomération,Intersection en T,Autre,Autre collision,,,,,,,,,,,2,2,3,9,6
200700005369,0007-01-09 11:40:00,7,1,9,11,40,930,55,"210, GENERAL LECLERC(AVE",,,Plein jour,En agglomération,Hors intersection,Temps couvert,Trois véhicules et plus - collisions multiples,,,,,,,,,,,1,2,1,8,5
200700005370,0007-01-16 17:30:00,7,1,16,17,30,930,55,"8/10, HOCHE",,,Nuit avec éclairage allumé,En agglomération,Hors intersection,Normale,Autre collision,,,,,,,,,,,5,2,1,1,6
200700005371,0007-01-18 19:15:00,7,1,18,19,15,930,55,"77, JULES AUFFRET (51/FI",,,Nuit sans éclairage public,En agglomération,Intersection en T,Pluie légère,Deux véhicules - côté,,,,,,,,,,,3,2,3,2,3
200700005372,0007-01-10 13:15:00,7,1,10,13,15,930,62,"60, RESISTANCE (AVENUE D",,,Plein jour,En agglomération,Hors intersection,Normale,Autre collision,,,,,,,,,,,1,2,1,1,6
200700005373,0007-01-17 14:03:00,7,1,17,14,3,930,14,CHAPELLE (ALLEE DE LA),,,Plein jour,En agglomération,Hors intersection,Normale,Autre collision,,,,,,,,,,,1,2,1,1,6
200700005374,0007-01-18 10:20:00,7,1,18,10,20,930,62,"85, RESISTANCE (AVENUE D",,,Plein jour,En agglomération,Hors intersection,Vent fort / tempête,Autre collision,,,,,,,,,,,1,2,1,6,6
200700005375,0007-01-21 13:05:00,7,1,21,13,5,930,14,"29, COTEAU (AVENUE DU)",,,Plein jour,En agglomération,Intersection en X,Normale,Deux véhicules - frontale,,,,,,,,,,,1,2,2,1,1
200700005376,0007-01-21 18:20:00,7,1,21,18,20,930,14,GAGNY (ALLEE DE) TOURELL,,,Nuit avec éclairage allumé,En agglomération,Intersection en X,Normale,Deux véhicules - frontale,,,,,,,,,,,5,2,2,1,1
200700005377,0007-01-27 14:45:00,7,1,27,14,45,930,62,"119, RESISTANCE (AVENUE",,,Plein jour,En agglomération,Hors intersection,Normale,Deux véhicules - arrière,,,,,,,,,,,1,2,1,1,2
200700005378,0007-01-27 15:10:00,7,1,27,15,10,930,14,RESIDENCE LES BOIS DU TE,,,Plein jour,En agglomération,Hors intersection,Normale,Deux véhicules - frontale,,,,,,,,,,,1,2,1,1,1