accident_id,datetime,annee,mois,jour,heure,minute,departement,commune_insee,adresse,latitude,longitude,luminosite,agglomeration,intersection,meteo,collision,nb_vehicules,nb_usagers,nb_indemnes,nb_tues,nb_blesses_hosp,nb_blesses_legers,age_cond_1,age_cond_2,veh_type_cond_1,veh_type_cond_2,lum_code,agg_code,int_code,atm_code,col_code
200700005777,0007-01-22 07:35:00,7,1,22,7,35,780,140,A13,,,Nuit sans éclairage public,Hors agglomération,Hors intersection,Normale,Trois véhicules et plus - collisions multiples,,,,,,,,,,,3,1,1,1,5
200700005778,0007-01-26 13:15:00,7,1,26,13,15,780,322,A86E,,,Plein jour,Hors agglomération,Hors intersection,Normale,Deux véhicules - côté,,,,,,,,,,,1,1,1,1,3
200700005779,0007-01-29 07:47:00,7,1,29,7,47,780,165,N12W,,,Crépuscule ou aube,Hors agglomération,Hors intersection,Temps couvert,Deux véhicules - côté,,,,,,,,,,,2,1,1,8,3
200700005780,0007-01-30 08:15:00,7,1,30,8,15,920,25,N118,,,Crépuscule ou aube,Hors agglomération,Hors intersection,Normale,Trois véhicules et plus - collisions multiples,,,,,,,,,,,2,1,1,1,5
200700005781,0007-01-25 12:00:00,7,1,25,12,0,920,72,N118,,,Plein jour,Hors agglomération,Hors intersection,Normale,Sans collision,,,,,,,,,,,1,1,1,1,7
200700005782,0007-01-31 09:10:00,7,1,31,9,10,780,43,A12W,,,Plein jour,Hors agglomération,Hors intersection,Normale,Trois véhicules et plus - en chaîne,,,,,,,,,,,1,1,1,1,4
200700005783,0007-01-31 13:40:00,7,1,31,13,40,780,646,N12 Y,,,Plein jour,Hors agglomération,Hors intersection,Normale,Autre collision,,,,,,,,,,,1,1,1,1,6
200700005784,0007-01-29 09:10:00,7,1,29,9,10,920,62,RN1014 W,,,Plein jour,Hors agglomération,Hors intersection,Normale,Autre collision,,,,,,,,,,,1,1,1,1,6
200700005785,0007-01-11 19:30:00,7,1,11,19,30,920,48,N118,,,Nuit sans éclairage public,Hors agglomération,Hors intersection,Pluie légère,Trois véhicules et plus - en chaîne,,,,,,,,,,,3,1,1,2,4
200700005786,0007-01-01 01:30:00,7,1,1,1,30,920,50,A86,,,Nuit avec éclairage allumé,Hors agglomération,Hors intersection,Normale,Autre collision,,,,,,,,,,,5,1,1,1,6
200700005787,0007-01-23 07:38:00,7,1,23,7,38,780,7,A13,,,Nuit sans éclairage public,Hors agglomération,Hors intersection,Normale,Autre collision,,,,,,,,,,,3,1,1,1,6
200700005788,0007-01-01 07:52:00,7,1,1,7,52,940,34,AUTOROUTE A86,,,Crépuscule ou aube,Hors agglomération,Hors intersection,Normale,Autre collision,,,,,,,,,,,2,1,1,1,6
200700005789,0007-01-01 11:23:00,7,1,1,11,23,910,179,AUTOROUTE A6,,,Plein jour,Hors agglomération,Hors intersection,Vent fort / tempête,Sans collision,,,,,,,,,,,1,1,1,6,7
200700005790,0007-01-01 11:24:00,7,1,1,11,24,910,179,AUTOROUTE A6,,,Plein jour,Hors agglomération,Hors intersection,Vent fort / tempête,Deux véhicules - arrière,,,,,,,,,,,1,1,1,6,2
200700005791,0007-01-02 15:35:00,7,1,2,15,35,910,377,RN 188,,,Plein jour,Hors agglomération,Hors intersection,Pluie légère,Sans collision,,,,,,,,,,,1,1,1,2,7
200700005792,0007-01-02 16:30:00,7,1,2,16,30,910,521,RN 441,,,Plein jour,Hors agglomération,Hors intersection,Pluie légère,Autre collision,,,,,,,,,,,1,1,1,2,6
200700005793,0007-01-02 19:00:00,7,1,2,19,0,910,345,AUTOROUTE A6,,,Nuit avec éclairage allumé,Hors agglomération,Hors intersection,Normale,Autre collision,,,,,,,,,,,5,1,1,1,6
200700005794,0007-01-02 19:20:00,7,1,2,19,20,910,228,AUTOROUTE A6,,,Nuit avec éclairage allumé,Hors agglomération,Hors intersection,Normale,Deux véhicules - arrière,,,,,,,,,,,5,1,1,1,2
200700005795,0007-01-02 19:45:00,7,1,2,19,45,910,689,AUTOROUTE A6A,,,Nuit avec éclairage allumé,Hors agglomération,Hors intersection,Pluie légère,Trois véhicules et plus - collisions multiples,,,,,,,,,,,5,1,1,2,5
200700005796,0007-01-02 23:30:00,7,1,2,23,30,910,228,AUTOROUTE A6,,,Nuit sans éclairage public,Hors agglomération,Hors intersection,Temps couvert,Sans collision,,,,,,,,,,,3,1,1,8,7
200700005797,0007-01-03 13:30:00,7,1,3,13,30,940,37,AUTOROUTE A6B,,,Plein jour,Hors agglomération,Hors intersection,Normale,Autre collision,,,,,,,,,,,1,1,1,1,6
200700005798,0007-01-05 13:08:00,7,1,5,13,8,940,38,AUTOROUTE A6A,,,Plein jour,Hors agglomération,Hors intersection,Normale,Trois véhicules et plus - en chaîne,,,,,,,,,,,1,1,1,1,4
200700005799,0007-01-04 18:02:00,7,1,4,18,2,940,43,AUTOROUTE A6B,,,Nuit avec éclairage allumé,Hors agglomération,Hors intersection,Normale,Autre collision,,,,,,,,,,,5,1,1,1,6
200700005800,0007-01-06 07:37:00,7,1,6,7,37,910,377,AUTOROUTE A10,,,Crépuscule ou aube,Hors agglomération,Hors intersection,Pluie légère,Deux véhicules - arrière,,,,,,,,,,,2,1,1,2,2
200700005801,0007-01-06 12:59:00,7,1,6,12,59,910,377,RN20,,,Plein jour,Hors agglomération,Hors intersection,Temps couvert,Autre collision,,,,,,,,,,,1,1,1,8,6
200700005802,0007-01-06 13:45:00,7,1,6,13,45,910,617,RN 104,,,Plein jour,Hors agglomération,Hors intersection,Pluie légère,Sans collision,,,,,,,,,,,1,1,1,2,7
200700005803,0007-01-06 15:20:00,7,1,6,15,20,910,339,RN 104,,,Plein jour,Hors agglomération,Hors intersection,Pluie légère,Autre collision,,,,,,,,,,,1,1,1,2,6
200700005804,0007-01-07 13:15:00,7,1,7,13,15,910,645,RN 385 Extèrieure,,,Plein jour,Hors agglomération,Hors intersection,Pluie légère,Autre collision,,,,,,,,,,,1,1,1,2,6
200700005805,0007-01-07 19:45:00,7,1,7,19,45,910,161,AUTOROUTE A6,,,Nuit avec éclairage allumé,Hors agglomération,Hors intersection,Normale,Trois véhicules et plus - en chaîne,,,,,,,,,,,5,1,1,1,4
200700005806,0007-01-08 07:40:00,7,1,8,7,40,910,589,AUTOROUTE A6,,,Crépuscule ou aube,Hors agglomération,Hors intersection,Pluie légère,Trois véhicules et plus - en chaîne,,,,,,,,,,,2,1,1,2,4
200700005807,0007-01-08 09:15:00,7,1,8,9,15,910,37,AUTOROUTE A6,,,Plein jour,Hors agglomération,Hors intersection,Temps couvert,Sans collision,,,,,,,,,,,1,1,1,8,7
200700005808,0007-01-08 09:00:00,7,1,8,9,0,910,37,AUTOROUTE A6,,,Plein jour,Hors agglomération,Hors intersection,Temps couvert,Trois véhicules et plus - en chaîne,,,,,,,,,,,1,1,1,8,4
200700005809,0007-01-08 09:50:00,7,1,8,9,50,910,477,AUTOROUTE A10,,,Plein jour,Hors agglomération,Hors intersection,Temps couvert,Sans collision,,,,,,,,,,,1,1,1,8,7
200700005810,0007-01-08 12:40:00,7,1,8,12,40,910,182,AUTOROUTE A6,,,Plein jour,Hors agglomération,Hors intersection,Temps couvert,Deux véhicules - arrière,,,,,,,,,,,1,1,1,8,2
200700005811,0007-01-09 06:50:00,7,1,9,6,50,910,589,AUTOROUTE A6,,,Nuit avec éclairage allumé,Hors agglomération,Hors intersection,Pluie légère,Deux véhicules - arrière,,,,,,,,,,,5,1,1,2,2
200700005812,0007-01-09 08:40:00,7,1,9,8,40,910,216,AUTOROUTE A6,,,Plein jour,Hors agglomération,Hors intersection,Temps couvert,Deux véhicules - arrière,,,,,,,,,,,1,1,1,8,2
200700005813,0007-01-09 09:30:00,7,1,9,9,30,920,2,AUTOROUTE A86,,,Plein jour,Hors agglomération,Hors intersection,Temps couvert,Deux véhicules - côté,,,,,,,,,,,1,1,1,8,3
200700005814,0007-01-09 19:25:00,7,1,9,19,25,940,38,AUTOROUTE A6B,,,Nuit sans éclairage public,Hors agglomération,Hors intersection,Normale,Trois véhicules et plus - collisions multiples,,,,,,,,,,,3,1,1,1,5
200700005815,0007-01-10 17:43:00,7,1,10,17,43,910,64,RN 118,,,Plein jour,Hors agglomération,Hors intersection,Pluie légère,Deux véhicules - arrière,,,,,,,,,,,1,1,1,2,2
200700005816,0007-01-10 21:30:00,7,1,10,21,30,910,659,AUTOROUTE A6,,,Nuit avec éclairage allumé,Hors agglomération,Hors intersection,Normale,Autre collision,,,,,,,,,,,5,1,1,1,6
200700005817,0007-01-11 13:09:00,7,1,11,13,9,920,2,RN 385 INT,,,Plein jour,Hors agglomération,Hors intersection,Normale,Autre collision,,,,,,,,,,,1,1,1,1,6
200700005818,0007-01-11 22:10:00,7,1,11,22,10,910,235,RN 104,,,Nuit sans éclairage public,Hors agglomération,Hors intersection,Pluie légère,Sans collision,,,,,,,,,,,3,1,1,2,7
200700005819,0007-01-12 07:58:00,7,1,12,7,58,770,384,AUTOROUTE A5A,,,Nuit sans éclairage public,Hors agglomération,Hors intersection,Pluie légère,Autre collision,,,,,,,,,,,3,1,1,2,6
200700005820,0007-01-13 22:55:00,7,1,13,22,55,910,235,RN 104,,,Nuit sans éclairage public,Hors agglomération,Hors intersection,Temps couvert,Sans collision,,,,,,,,,,,3,1,1,8,7
200700005821,0007-01-13 06:35:00,7,1,13,6,35,940,65,AUTOROUTE A106,,,Crépuscule ou aube,Hors agglomération,Hors intersection,Pluie légère,Autre collision,,,,,,,,,,,2,1,1,2,6
200700005822,0007-01-13 22:15:00,7,1,13,22,15,940,65,AUTOROUTE A106,,,Nuit sans éclairage public,Hors agglomération,Hors intersection,Normale,Autre collision,,,,,,,,,,,3,1,1,1,6
200700005823,0007-01-14 01:10:00,7,1,14,1,10,910,553,RN 104,,,Nuit avec éclairage allumé,Hors agglomération,Hors intersection,Pluie légère,Autre collision,,,,,,,,,,,5,1,1,2,6
200700005824,0007-01-15 10:00:00,7,1,15,10,0,910,179,AUTOROUTE A6,,,Plein jour,Hors agglomération,Hors intersection,Normale,Autre collision,,,,,,,,,,,1,1,1,1,6
200700005825,0007-01-15 11:00:00,7,1,15,11,0,910,37,AUTOROUTE A6,,,Plein jour,Hors agglomération,Hors intersection,Normale,Trois véhicules et plus - en chaîne,,,,,,,,,,,1,1,1,1,4
200700005826,0007-01-15 14:30:00,7,1,15,14,30,910,136,RN 188,,,Plein jour,Hors agglomération,Hors intersection,Normale,Sans collision,,,,,,,,,,,1,1,1,1,7
200700005827,0007-01-15 21:18:00,7,1,15,21,18,940,34,AUTOROUTE A86,,,Nuit avec éclairage allumé,Hors agglomération,Hors intersection,Normale,Deux véhicules - côté,,,,,,,,,,,5,1,1,1,3
200700005828,0007-01-16 06:30:00,7,1,16,6,30,910,377,AUTOROUTE A10,,,Nuit sans éclairage public,Hors agglomération,Autre intersection,Normale,Autre collision,,,,,,,,,,,3,1,9,1,6
200700005829,0007-01-16 18:08:00,7,1,16,18,8,910,689,AUTOROUTE A6A,,,Nuit avec éclairage allumé,Hors agglomération,Hors intersection,Normale,Autre collision,,,,,,,,,,,5,1,1,1,6
200700005830,0007-01-17 00:10:00,7,1,17,0,10,940,38,AUTOROUTE A6B,,,Nuit avec éclairage allumé,Hors agglomération,Hors intersection,Pluie légère,Deux véhicules - côté,,,,,,,,,,,5,1,1,2,3
200700005831,0007-01-17 06:23:00,7,1,17,6,23,910,86,RN 104,,,Plein jour,Hors agglomération,Hors intersection,Normale,Sans collision,,,,,,,,,,,1,1,1,1,7
200700005832,0007-01-17 08:58:00,7,1,17,8,58,910,228,RN 449,,,Plein jour,Hors agglomération,Hors intersection,Normale,Sans collision,,,,,,,,,,,1,1,1,1,7
200700005833,0007-01-17 21:16:00,7,1,17,21,16,940,3,AUTOROUTE A6A,,,Nuit avec éclairage allumé,Hors agglomération,Hors intersection,Normale,Sans collision,,,,,,,,,,,5,1,1,1,7
200700005834,0007-01-18 13:00:00,7,1,18,13,0,910,471,RN 118,,,Plein jour,Hors agglomération,Hors intersection,Normale,Autre collision,,,,,,,,,,,1,1,1,1,6
200700005835,0007-01-18 22:45:00,7,1,18,22,45,910,471,RN 118,,,Nuit sans éclairage public,Hors agglomération,Hors intersection,Pluie légère,Autre collision,,,,,,,,,,,3,1,1,2,6
200700005836,0007-01-19 07:13:00,7,1,19,7,13,940,38,AUTOROUTE A6B,,,Crépuscule ou aube,Hors agglomération,Hors intersection,Pluie légère,Deux véhicules - arrière,,,,,,,,,,,2,1,1,2,2
200700005837,0007-01-19 09:00:00,7,1,19,9,0,910,434,AUTOROUTE A6,,,Plein jour,Hors agglomération,Hors intersection,Pluie légère,Autre collision,,,,,,,,,,,1,1,1,2,6
200700005838,0007-01-19 21:15:00,7,1,19,21,15,910,86,RN 104,,,Nuit sans éclairage public,Hors agglomération,Hors intersection,Pluie légère,Sans collision,,,,,,,,,,,3,1,1,2,7
200700005839,0007-01-20 20:00:00,7,1,20,20,0,910,659,AUTOROUTE A6,,,Nuit sans éclairage public,Hors agglomération,Hors intersection,Pluie légère,Trois véhicules et plus - collisions multiples,,,,,,,,,,,3,1,1,2,5
200700005840,0007-01-20 22:48:00,7,1,20,22,48,940,37,AUTOROUTE A6B,,,Nuit sans éclairage public,Hors agglomération,Hors intersection,Pluie légère,Autre collision,,,,,,,,,,,3,1,1,2,6
200700005841,0007-01-21 21:30:00,7,1,21,21,30,910,340,AUTOROUTE A6,,,Nuit avec éclairage allumé,Hors agglomération,Hors intersection,Normale,Autre collision,,,,,,,,,,,5,1,1,1,6
200700005842,0007-01-22 18:05:00,7,1,22,18,5,910,434,AUTOROUTE A6,,,Nuit sans éclairage public,Hors agglomération,Hors intersection,Normale,Deux véhicules - arrière,,,,,,,,,,,3,1,1,1,2
200700005843,0007-01-25 19:10:00,7,1,25,19,10,910,340,RN 104,,,Nuit sans éclairage public,Hors agglomération,Hors intersection,Normale,Deux véhicules - arrière,,,,,,,,,,,3,1,1,1,2
200700005844,0007-01-29 17:59:00,7,1,29,17,59,910,689,AUTOROUTE A6,,,Plein jour,Hors agglomération,Hors intersection,Normale,Autre collision,,,,,,,,,,,1,1,1,1,6
200700005845,0007-01-29 20:04:00,7,1,29,20,4,910,521,AUTOROUTE A6,,,Nuit sans éclairage public,Hors agglomération,Hors intersection,Normale,Autre collision,,,,,,,,,,,3,1,1,1,6
200700005846,0007-01-30 18:15:00,7,1,30,18,15,910,235,RN 104,,,Nuit sans éclairage public,Hors agglomération,Hors intersection,Normale,Deux véhicules - côté,,,,,,,,,,,3,1,1,1,3
200700005847,0007-01-04 13:42:00,7,1,4,13,42,202,33,"SANS, PARATOJO - QUARTIE",,,Plein jour,En agglomération,Hors intersection,Normale,Autre collision,,,,,,,,,,,1,2,1,1,6
200700005848,0007-01-04 13:52:00,7,1,4,13,52,202,353,"SANS, TOUTES RUES",,,Plein jour,En agglomération,Hors intersection,Normale,Autre collision,,,,,,,,,,,1,2,1,1,6
200700005849,0007-01-05 13:18:00,7,1,5,13,18,202,33,"SANS, TOUTES RUES",,,Plein jour,En agglomération,Intersection en X,Normale,Deux véhicules - frontale,,,,,,,,,,,1,2,2,1,1
200700005850,0007-01-10 14:26:00,7,1,10,14,26,202,33,"SANS, TOUTES RUES",,,Plein jour,En agglomération,Hors intersection,Normale,Deux véhicules - côté,,,,,,,,,,,1,2,1,1,3
200700005851,0007-01-10 23:18:00,7,1,10,23,18,202,33,"sans, CHANOINE LESCHI -",,,Nuit avec éclairage allumé,En agglomération,Hors intersection,Normale,Sans collision,,,,,,,,,,,5,2,1,1,7
200700005852,0007-01-16 08:28:00,7,1,16,8,28,202,33,"SANS, CARDO - CHEMIN DE",,,Plein jour,Hors agglomération,Hors intersection,Normale,Deux véhicules - frontale,,,,,,,,,,,1,1,1,1,1
200700005853,0007-01-23 12:51:00,7,1,23,12,51,202,33,TOUTES RUES,,,Plein jour,En agglomération,Hors intersection,Pluie légère,Deux véhicules - frontale,,,,,,,,,,,1,2,1,2,1
200700005854,0007-01-23 12:59:00,7,1,23,12,59,202,37,TOUTES RUES,,,Plein jour,Hors agglomération,Hors intersection,Pluie légère,Deux véhicules - arrière,,,,,,,,,,,1,1,1,2,2
200700005855,0007-01-25 14:42:00,7,1,25,14,42,202,33,"SANS, TOUTES RUES",,,Plein jour,En agglomération,Hors intersection,Normale,Autre collision,,,,,,,,,,,1,2,1,1,6
200700005856,0007-01-25 15:48:00,7,1,25,15,48,202,120,TOUTES RUES,,,Plein jour,Hors agglomération,Hors intersection,Normale,Trois véhicules et plus - en chaîne,,,,,,,,,,,1,1,1,1,4
200700005857,0007-01-27 17:35:00,7,1,27,17,35,202,37,"SANS, TOUTES RUES",,,Crépuscule ou aube,Hors agglomération,Hors intersection,Normale,Deux véhicules - arrière,,,,,,,,,,,2,1,1,1,2
200700005858,0007-01-29 17:21:00,7,1,29,17,21,202,33,"SANS, CARNOT  - IMPASSE",,,Crépuscule ou aube,En agglomération,Intersection en T,Normale,Deux véhicules - frontale,,,,,,,,,,,2,2,3,1,1
200700005859,0007-01-30 07:57:00,7,1,30,7,57,202,33,"sans, TOUTES RUES",,,Plein jour,En agglomération,Hors intersection,Normale,Deux véhicules - arrière,,,,,,,,,,,1,2,1,1,2
200700005860,0007-01-30 11:00:00,7,1,30,11,0,202,37,"SANS, TOUTES RUES",,,Plein jour,En agglomération,Giratoire,Normale,Deux véhicules - arrière,,,,,,,,,,,1,2,6,1,2
200700005861,0007-01-14 04:50:00,7,1,14,4,50,690,382,TREMIE 6 DU CENTRE D ECH,,,Nuit avec éclairage allumé,En agglomération,Hors intersection,Normale,Autre collision,,,,,,,,,,,5,2,1,1,6
200700005862,0007-01-03 19:05:00,7,1,3,19,5,620,498,AUTOROUTE A211,,,Nuit avec éclairage allumé,Hors agglomération,Hors intersection,Normale,Autre collision,,,,,,,,,,,5,1,1,1,6
200700005863,0007-01-05 18:50:00,7,1,5,18,50,590,80,AUTOROUTE A23,,,Nuit sans éclairage public,Hors agglomération,Hors intersection,Normale,Trois véhicules et plus - collisions multiples,,,,,,,,,,,3,1,1,1,5
200700005864,0007-01-05 21:35:00,7,1,5,21,35,590,564,AUTOROUTE A23,,,Nuit sans éclairage public,Hors agglomération,Hors intersection,Pluie légère,Autre collision,,,,,,,,,,,3,1,1,2,6
200700005865,0007-01-06 10:25:00,7,1,6,10,25,590,350,AUTOROUTE A25,,,Plein jour,Hors agglomération,Hors intersection,Pluie légère,Autre collision,,,,,,,,,,,1,1,1,2,6
200700005866,0007-01-06 20:10:00,7,1,6,20,10,590,9,ROUTE NATIONALE 227,,,Nuit avec éclairage allumé,Hors agglomération,Hors intersection,Pluie légère,Autre collision,,,,,,,,,,,5,1,1,2,6
200700005867,0007-01-06 21:15:00,7,1,6,21,15,620,498,AUTOROUTE A211,,,Nuit avec éclairage allumé,Hors agglomération,Hors intersection,Pluie légère,Autre collision,,,,,,,,,,,5,1,1,2,6
200700005868,0007-01-08 08:00:00,7,1,8,8,0,590,507,AUTOROUTE A1,,,Nuit avec éclairage allumé,Hors agglomération,Hors intersection,Pluie légère,Trois véhicules et plus - en chaîne,,,,,,,,,,,5,1,1,2,4
200700005869,0007-01-09 10:10:00,7,1,9,10,10,590,360,AUTOROUTE A25,,,Plein jour,Hors agglomération,Hors intersection,Normale,Autre collision,,,,,,,,,,,1,1,1,1,6
200700005870,0007-01-11 07:40:00,7,1,11,7,40,590,350,ROUTE NATIONALE 356,,,Nuit avec éclairage allumé,Hors agglomération,Hors intersection,Normale,Autre collision,,,,,,,,,,,5,1,1,1,6
200700005871,0007-01-11 14:30:00,7,1,11,14,30,590,447,AUTOROUTE A2,,,Plein jour,Hors agglomération,Hors intersection,Normale,Deux véhicules - arrière,,,,,,,,,,,1,1,1,1,2
200700005872,0007-01-11 17:55:00,7,1,11,17,55,590,9,AUTOROUTE A22,,,Nuit avec éclairage allumé,Hors agglomération,Hors intersection,Pluie légère,Autre collision,,,,,,,,,,,5,1,1,2,6
200700005873,0007-01-12 10:00:00,7,1,12,10,0,590,256,AUTOROUTE A23,,,Plein jour,Hors agglomération,Hors intersection,Pluie légère,Deux véhicules - arrière,,,,,,,,,,,1,1,1,2,2
200700005874,0007-01-13 07:25:00,7,1,13,7,25,620,528,AUTOROUTE A21,,,Nuit sans éclairage public,Hors agglomération,Hors intersection,Pluie légère,Deux véhicules - côté,,,,,,,,,,,3,1,1,2,3
200700005875,0007-01-13 16:20:00,7,1,13,16,20,590,636,ROUTE NATIONALE 352,,,Plein jour,Hors agglomération,Hors intersection,Normale,Deux véhicules - arrière,,,,,,,,,,,1,1,1,1,2
200700005876,0007-01-13 22:30:00,7,1,13,22,30,590,585,AUTOROUTE A1,,,Nuit avec éclairage allumé,Hors agglomération,Hors intersection,Normale,Sans collision,,,,,,,,,,,5,1,1,1,7
200700005877,0007-01-16 08:00:00,7,1,16,8,0,590,350,ROUTE NATIONALE 356,,,Plein jour,Hors agglomération,Hors intersection,Pluie légère,Autre collision,,,,,,,,,,,1,1,1,2,6
200700005878,0007-01-16 08:55:00,7,1,16,8,55,590,359,AUTOROUTE A16,,,Plein jour,Hors agglomération,Hors intersection,Pluie forte,Deux véhicules - arrière,,,,,,,,,,,1,1,1,3,2
200700005879,0007-01-16 13:10:00,7,1,16,13,10,590,350,ROUTE NATIONALE 356,,,Plein jour,Hors agglomération,Hors intersection,Pluie légère,Autre collision,,,,,,,,,,,1,1,1,2,6
200700005880,0007-01-16 17:20:00,7,1,16,17,20,620,510,AUTOROUTE A21,,,Plein jour,Hors agglomération,Hors intersection,Normale,Sans collision,,,,,,,,,,,1,1,1,1,7
200700005881,0007-01-18 09:30:00,7,1,18,9,30,590,609,AUTOROUTE A1,,,Plein jour,Hors agglomération,Hors intersection,Pluie légère,Autre collision,,,,,,,,,,,1,1,1,2,6
200700005882,0007-01-18 10:40:00,7,1,18,10,40,590,350,ROUTE NATIONALE 351,,,Plein jour,Hors agglomération,Hors intersection,Pluie légère,Autre collision,,,,,,,,,,,1,1,1,2,6
200700005883,0007-01-18 11:35:00,7,1,18,11,35,590,183,ROUTE NATIONALE 225,,,Plein jour,Hors agglomération,Hors intersection,Brouillard / fumée,Sans collision,,,,,,,,,,,1,1,1,5,7
200700005884,0007-01-19 07:40:00,7,1,19,7,40,620,766,AUTOROUTE A16,,,Nuit sans éclairage public,Hors agglomération,Hors intersection,Vent fort / tempête,Autre collision,,,,,,,,,,,3,1,1,6,6
200700005885,0007-01-19 07:45:00,7,1,19,7,45,620,582,AUTOROUTE A16,,,Nuit sans éclairage public,Hors agglomération,Hors intersection,Normale,Deux véhicules - côté,,,,,,,,,,,3,1,1,1,3
200700005886,0007-01-19 13:20:00,7,1,19,13,20,590,401,AUTOROUTE A25,,,Plein jour,Hors agglomération,Hors intersection,Normale,Autre collision,,,,,,,,,,,1,1,1,1,6
200700005887,0007-01-20 12:00:00,7,1,20,12,0,590,507,AUTOROUTE A1,,,Plein jour,Hors agglomération,Hors intersection,Pluie légère,Autre collision,,,,,,,,,,,1,1,1,2,6
200700005888,0007-01-21 05:15:00,7,1,21,5,15,620,239,AUTOROUTE A16,,,Nuit sans éclairage public,Hors agglomération,Hors intersection,Normale,Sans collision,,,,,,,,,,,3,1,1,1,7
200700005889,0007-01-21 15:00:00,7,1,21,15,0,620,498,AUTOROUTE A211,,,Plein jour,Hors agglomération,Hors intersection,Pluie légère,Autre collision,,,,,,,,,,,1,1,1,2,6
200700005890,0007-01-22 19:40:00,7,1,22,19,40,590,196,AUTOROUTE A25,,,Plein jour,Hors agglomération,Hors intersection,Normale,Sans collision,,,,,,,,,,,1,1,1,1,7
200700005891,0007-01-23 07:30:00,7,1,23,7,30,620,193,AUTOROUTE A16,,,Nuit avec éclairage allumé,Hors agglomération,Hors intersection,Normale,Autre collision,,,,,,,,,,,5,1,1,1,6
200700005892,0007-01-23 23:00:00,7,1,23,23,0,590,305,AUTOROUTE A25,,,Nuit avec éclairage allumé,Hors agglomération,Hors intersection,Pluie légère,Autre collision,,,,,,,,,,,5,1,1,2,6
200700005893,0007-01-24 07:50:00,7,1,24,7,50,590,284,AUTOROUTE A23,,,Nuit avec éclairage allumé,Hors agglomération,Hors intersection,Normale,Autre collision,,,,,,,,,,,5,1,1,1,6
200700005894,0007-01-24 14:10:00,7,1,24,14,10,590,350,AUTOROUTE A25,,,Plein jour,Hors agglomération,Hors intersection,Normale,Autre collision,,,,,,,,,,,1,1,1,1,6
200700005895,0007-01-24 15:50:00,7,1,24,15,50,590,606,AUTOROUTE A23,,,Plein jour,Hors agglomération,Hors intersection,Normale,Autre collision,,,,,,,,,,,1,1,1,1,6
200700005896,0007-01-25 08:30:00,7,1,25,8,30,590,350,AUTOROUTE A25,,,Plein jour,Hors agglomération,Hors intersection,Normale,Autre collision,,,,,,,,,,,1,1,1,1,6
200700005897,0007-01-25 17:15:00,7,1,25,17,15,620,393,AUTOROUTE A16,,,Plein jour,Hors agglomération,Hors intersection,Normale,Autre collision,,,,,,,,,,,1,1,1,1,6
200700005898,0007-01-26 18:35:00,7,1,26,18,35,590,143,AUTOROUTE A25,,,Nuit avec éclairage allumé,Hors agglomération,Hors intersection,Normale,Autre collision,,,,,,,,,,,5,1,1,1,6
200700005899,0007-01-26 10:00:00,7,1,26,10,0,620,907,AUTOROUTE A1,,,Plein jour,Hors agglomération,Hors intersection,Normale,Autre collision,,,,,,,,,,,1,1,1,1,6
200700005900,0007-01-26 21:10:00,7,1,26,21,10,590,183,AUTOROUTE A16,,,Nuit avec éclairage allumé,Hors agglomération,Hors intersection,Normale,Autre collision,,,,,,,,,,,5,1,1,1,6
200700005901,0007-01-27 11:55:00,7,1,27,11,55,590,155,AUTOROUTE A16,,,Plein jour,Hors agglomération,Hors intersection,Normale,Autre collision,,,,,,,,,,,1,1,1,1,6
200700005902,0007-01-27 23:10:00,7,1,27,23,10,590,606,AUTOROUTE A2,,,Nuit avec éclairage allumé,Hors agglomération,Hors intersection,Normale,Autre collision,,,,,,,,,,,5,1,1,1,6
200700005903,0007-01-28 00:10:00,7,1,28,0,10,590,447,AUTOROUTE A2,,,Nuit avec éclairage allumé,Hors agglomération,Hors intersection,Normale,Autre collision,,,,,,,,,,,5,1,1,1,6
200700005904,0007-01-29 07:30:00,7,1,29,7,30,590,580,AUTOROUTE A25,,,Crépuscule ou aube,Hors agglomération,Hors intersection,Normale,Autre collision,,,,,,,,,,,2,1,1,1,6
200700005905,0007-01-29 10:45:00,7,1,29,10,45,590,350,ROUTE NATIONALE 351,,,Plein jour,Hors agglomération,Hors intersection,Normale,Autre collision,,,,,,,,,,,1,1,1,1,6
200700005906,0007-01-29 15:15:00,7,1,29,15,15,590,350,ROUTE NATIONALE 351,,,Plein jour,Hors agglomération,Hors intersection,Normale,Autre collision,,,,,,,,,,,1,1,1,1,6
200700005907,0007-01-30 13:25:00,7,1,30,13,25,590,350,ROUTE NATIONALE 351,,,Plein jour,Hors agglomération,Hors intersection,Pluie légère,Autre collision,,,,,,,,,,,1,1,1,2,6
200700005908,0007-01-31 14:50:00,7,1,31,14,50,590,609,AUTOROUTE A1,,,Plein jour,Hors agglomération,Hors intersection,Normale,Trois véhicules et plus - en chaîne,,,,,,,,,,,1,1,1,1,4
200700005909,0007-01-31 19:00:00,7,1,31,19,0,590,636,ROUTE NATIONALE 352,,,Nuit avec éclairage allumé,Hors agglomération,Hors intersection,Normale,Deux véhicules - arrière,,,,,,,,,,,5,1,1,1,2
200700005910,0007-01-31 19:30:00,7,1,31,19,30,590,636,ROUTE NATIONALE 352,,,Nuit avec éclairage allumé,Hors agglomération,Hors intersection,Normale,Trois véhicules et plus - en chaîne,,,,,,,,,,,5,1,1,1,4