accident_id,datetime,annee,mois,jour,heure,minute,departement,commune_insee,adresse,latitude,longitude,luminosite,agglomeration,intersection,meteo,collision,nb_vehicules,nb_usagers,nb_indemnes,nb_tues,nb_blesses_hosp,nb_blesses_legers,age_cond_1,age_cond_2,veh_type_cond_1,veh_type_cond_2,lum_code,agg_code,int_code,atm_code,col_code
200700006042,0007-01-10 11:40:00,7,1,10,11,40,130,211,A50-Sens Aubagne vers Ma,,,Plein jour,Hors agglomération,Hors intersection,Normale,Trois véhicules et plus - en chaîne,,,,,,,,,,,1,1,1,1,4
200700006043,0007-01-11 07:27:00,7,1,11,7,27,130,88,A55-Sens Martigues vers,,,Crépuscule ou aube,Hors agglomération,Hors intersection,Normale,Deux véhicules - arrière,,,,,,,,,,,2,1,1,1,2
200700006044,0007-01-11 10:30:00,7,1,11,10,30,130,56,A55-Sens Marseille vers,,,Plein jour,Hors agglomération,Hors intersection,Normale,Autre collision,,,,,,,,,,,1,1,1,1,6
200700006045,0007-01-11 13:35:00,7,1,11,13,35,130,215,A7-Sens Lyon vers Marsei,,,Plein jour,Hors agglomération,Hors intersection,Normale,Deux véhicules - arrière,,,,,,,,,,,1,1,1,1,2
200700006046,0007-01-11 18:15:00,7,1,11,18,15,130,106,A51-Sens Aix en Provence,,,Nuit avec éclairage allumé,Hors agglomération,Hors intersection,Normale,Autre collision,,,,,,,,,,,5,1,1,1,6
200700006047,0007-01-11 18:15:00,7,1,11,18,15,130,70,A50-Sens Aubagne vers Ma,,,Nuit sans éclairage public,Hors agglomération,Hors intersection,Normale,Trois véhicules et plus - en chaîne,,,,,,,,,,,3,1,1,1,4
200700006048,0007-01-11 18:30:00,7,1,11,18,30,130,211,A50-Sens Marseille vers,,,Nuit avec éclairage allumé,Hors agglomération,Hors intersection,Normale,Trois véhicules et plus - en chaîne,,,,,,,,,,,5,1,1,1,4
200700006049,0007-01-12 08:15:00,7,1,12,8,15,130,1,A51-Sens Marseille vers,,,Plein jour,Hors agglomération,Hors intersection,Normale,Deux véhicules - côté,,,,,,,,,,,1,1,1,1,3
200700006050,0007-01-12 15:00:00,7,1,12,15,0,130,1,A51-Sens Marseille vers,,,Plein jour,Hors agglomération,Hors intersection,Normale,Sans collision,,,,,,,,,,,1,1,1,1,7
200700006051,0007-01-13 15:30:00,7,1,13,15,30,130,211,A50-Sens Marseille vers,,,Plein jour,Hors agglomération,Hors intersection,Normale,Autre collision,,,,,,,,,,,1,1,1,1,6
200700006052,0007-01-13 18:08:00,7,1,13,18,8,130,214,A7-Sens Lyon vers Marsei,,,Nuit avec éclairage allumé,Hors agglomération,Hors intersection,Normale,Trois véhicules et plus - en chaîne,,,,,,,,,,,5,1,1,1,4
200700006053,0007-01-14 06:50:00,7,1,14,6,50,130,28,A50-Sens Toulon vers Aub,,,Nuit sans éclairage public,Hors agglomération,Hors intersection,Brouillard / fumée,Autre collision,,,,,,,,,,,3,1,1,5,6
200700006054,0007-01-14 10:24:00,7,1,14,10,24,130,215,A7-Sens Marseille vers L,,,Plein jour,Hors agglomération,Hors intersection,Normale,Autre collision,,,,,,,,,,,1,1,1,1,6
200700006055,0007-01-14 16:48:00,7,1,14,16,48,130,215,A7-Sens Marseille vers L,,,Plein jour,Hors agglomération,Hors intersection,Normale,Autre collision,,,,,,,,,,,1,1,1,1,6
200700006056,0007-01-16 06:00:00,7,1,16,6,0,130,216,A55-Sens Marseille vers,,,Nuit avec éclairage allumé,Hors agglomération,Hors intersection,Normale,Autre collision,,,,,,,,,,,5,1,1,1,6
200700006057,0007-01-16 13:40:00,7,1,16,13,40,130,5,A52-Sens Toulon vers Pon,,,Plein jour,Hors agglomération,Hors intersection,Normale,Autre collision,,,,,,,,,,,1,1,1,1,6
200700006058,0007-01-19 12:20:00,7,1,19,12,20,130,202,A55-Sens Martigues vers,,,Plein jour,Hors agglomération,Hors intersection,Normale,Deux véhicules - côté,,,,,,,,,,,1,1,1,1,3
200700006059,0007-01-19 13:05:00,7,1,19,13,5,130,202,A55-Sens Martigues vers,,,Plein jour,Hors agglomération,Hors intersection,Normale,Deux véhicules - côté,,,,,,,,,,,1,1,1,1,3
200700006060,0007-01-20 14:30:00,7,1,20,14,30,130,55,A7-Sens Marseille vers L,,,Plein jour,Hors agglomération,Hors intersection,Normale,Trois véhicules et plus - en chaîne,,,,,,,,,,,1,1,1,1,4
200700006061,0007-01-21 03:40:00,7,1,21,3,40,130,5,A50-Sens Marseille vers,,,Nuit sans éclairage public,Hors agglomération,Hors intersection,Normale,Deux véhicules - arrière,,,,,,,,,,,3,1,1,1,2
200700006062,0007-01-22 07:15:00,7,1,22,7,15,130,85,A50-Sens Toulon vers Aub,,,Crépuscule ou aube,Hors agglomération,Hors intersection,Normale,Deux véhicules - côté,,,,,,,,,,,2,1,1,1,3
200700006063,0007-01-22 17:51:00,7,1,22,17,51,130,106,A51-Sens Aix en Provence,,,Nuit sans éclairage public,Hors agglomération,Hors intersection,Normale,Trois véhicules et plus - collisions multiples,,,,,,,,,,,3,1,1,1,5
200700006064,0007-01-23 00:50:00,7,1,23,0,50,130,56,A55-Sens Marseille vers,,,Nuit avec éclairage allumé,Hors agglomération,Hors intersection,Pluie légère,Sans collision,,,,,,,,,,,5,1,1,2,7
200700006065,0007-01-23 05:20:00,7,1,23,5,20,130,15,A51-Sens Aix en Provence,,,Nuit sans éclairage public,Hors agglomération,Hors intersection,Pluie légère,Trois véhicules et plus - collisions multiples,,,,,,,,,,,3,1,1,2,5
200700006066,0007-01-23 08:15:00,7,1,23,8,15,130,211,A50-Sens Aubagne vers Ma,,,Crépuscule ou aube,Hors agglomération,Hors intersection,Temps couvert,Deux véhicules - côté,,,,,,,,,,,2,1,1,8,3
200700006067,0007-01-23 08:50:00,7,1,23,8,50,130,15,A51-Sens Marseille vers,,,Plein jour,Hors agglomération,Hors intersection,Pluie légère,Deux véhicules - arrière,,,,,,,,,,,1,1,1,2,2
200700006068,0007-01-23 12:20:00,7,1,23,12,20,130,1,A51-Sens Aix en Provence,,,Plein jour,Hors agglomération,Hors intersection,Normale,Sans collision,,,,,,,,,,,1,1,1,1,7
200700006069,0007-01-23 16:30:00,7,1,23,16,30,130,210,A50-Sens Marseille vers,,,Plein jour,Hors agglomération,Hors intersection,Normale,Trois véhicules et plus - en chaîne,,,,,,,,,,,1,1,1,1,4
200700006070,0007-01-24 07:45:00,7,1,24,7,45,130,215,A55-Sens Marseille vers,,,Plein jour,Hors agglomération,Hors intersection,Normale,Autre collision,,,,,,,,,,,1,1,1,1,6
200700006071,0007-01-26 09:00:00,7,1,26,9,0,130,71,A7-Sens Lyon vers Marsei,,,Plein jour,Hors agglomération,Autre intersection,Normale,Sans collision,,,,,,,,,,,1,1,9,1,7
200700006072,0007-01-28 14:25:00,7,1,28,14,25,130,22,A50-Sens Aubagne vers To,,,Plein jour,Hors agglomération,Hors intersection,Normale,Deux véhicules - côté,,,,,,,,,,,1,1,1,1,3
200700006073,0007-01-29 13:30:00,7,1,29,13,30,130,211,A50-Sens Marseille vers,,,Plein jour,Hors agglomération,Hors intersection,Normale,Autre collision,,,,,,,,,,,1,1,1,1,6
200700006074,0007-01-30 04:49:00,7,1,30,4,49,130,215,A7-Sens Marseille vers L,,,Crépuscule ou aube,Hors agglomération,Hors intersection,Normale,Deux véhicules - arrière,,,,,,,,,,,2,1,1,1,2
200700006075,0007-01-31 17:10:00,7,1,31,17,10,130,55,TVPCD-Sens Les Ports ver,,,Plein jour,Hors agglomération,Hors intersection,Normale,Trois véhicules et plus - en chaîne,,,,,,,,,,,1,1,1,1,4
200700006076,0007-01-18 18:00:00,7,1,18,18,0,130,1,RD9,,,Nuit sans éclairage public,Hors agglomération,Hors intersection,Normale,Deux véhicules - arrière,,,,,,,,,,,3,1,1,1,2
200700006077,0007-01-22 07:15:00,7,1,22,7,15,130,1,MALACRIDA HENRI (AV),,,Plein jour,En agglomération,Hors intersection,Normale,Autre collision,,,,,,,,,,,1,2,1,1,6
200700006078,0007-01-23 09:40:00,7,1,23,9,40,130,1,"0, GARDANNE (ROUTE DE )",,,Plein jour,Hors agglomération,Hors intersection,Temps couvert,Deux véhicules - frontale,,,,,,,,,,,1,1,1,8,1
200700006079,0007-01-22 11:50:00,7,1,22,11,50,130,1,DE LATTRE DE TASSIGNY (A,,,Plein jour,En agglomération,Hors intersection,Normale,Deux véhicules - côté,,,,,,,,,,,1,2,1,1,3
200700006080,0007-01-23 14:00:00,7,1,23,14,0,130,1,"1, DEFFENS (AV DU)",,,Plein jour,En agglomération,Hors intersection,Normale,Deux véhicules - arrière,,,,,,,,,,,1,2,1,1,2
200700006081,0007-01-26 14:09:00,7,1,26,14,9,130,1,"760, ST CANADET (ROUTE)",,,Plein jour,Hors agglomération,Hors intersection,Normale,Trois véhicules et plus - collisions multiples,,,,,,,,,,,1,1,1,1,5
200700006082,0007-01-29 09:15:00,7,1,29,9,15,130,1,"855, AMPERE  ANDRE (RUE)",,,Plein jour,En agglomération,Hors intersection,Normale,Deux véhicules - arrière,,,,,,,,,,,1,2,1,1,2
200700006083,0007-01-27 14:30:00,7,1,27,14,30,130,1,"1, DALMAS JEAN (RUE)",,,Plein jour,En agglomération,Hors intersection,Normale,Deux véhicules - frontale,,,,,,,,,,,1,2,1,1,1
200700006084,0007-01-30 01:56:00,7,1,30,1,56,130,1,"6, MIGNET (RUE)",,,Nuit avec éclairage allumé,En agglomération,Hors intersection,Normale,Sans collision,,,,,,,,,,,5,2,1,1,7
200700006085,0007-01-30 12:55:00,7,1,30,12,55,130,1,R.N 8,,,Plein jour,Hors agglomération,Intersection en T,Normale,Deux véhicules - côté,,,,,,,,,,,1,1,3,1,3
200700006086,0007-01-24 16:10:00,7,1,24,16,10,130,1,PASTEUR (RUE),,,Plein jour,En agglomération,Hors intersection,Normale,Deux véhicules - arrière,,,,,,,,,,,1,2,1,1,2
200700006087,0007-01-29 14:30:00,7,1,29,14,30,130,1,BALTARD VICTOR (RUE),,,Plein jour,En agglomération,Giratoire,Normale,Trois véhicules et plus - collisions multiples,,,,,,,,,,,1,2,6,1,5
200700006088,0007-01-13 05:41:00,7,1,13,5,41,290,232,"0, CONCARNEAU ROUTE DE",,,Nuit sans éclairage public,Hors agglomération,Hors intersection,Normale,Autre collision,,,,,,,,,,,3,1,1,1,6
200700006089,0007-01-12 17:05:00,7,1,12,17,5,630,70,MARROU (AVENUE JEAN-BAPT,,,Plein jour,En agglomération,Intersection en X,Normale,Deux véhicules - côté,,,,,,,,,,,1,2,2,1,3
200700006090,0007-01-16 08:05:00,7,1,16,8,5,770,58,"16, LAGNY (BOULEVARD DE)",,,Nuit avec éclairage allumé,En agglomération,Autre intersection,Normale,Autre collision,,,,,,,,,,,5,2,9,1,6
200700006091,0007-01-20 23:00:00,7,1,20,23,0,930,5,ROBERT SCHUMAN (CARREFOU,,,Nuit avec éclairage allumé,En agglomération,Autre intersection,Normale,Sans collision,,,,,,,,,,,5,2,9,1,7
200700006092,0007-01-10 14:10:00,7,1,10,14,10,930,70,ALBERT-DHALENNE (RUE),,,Plein jour,En agglomération,Hors intersection,Pluie légère,Deux véhicules - côté,,,,,,,,,,,1,2,1,2,3
200700006093,0007-01-11 10:55:00,7,1,11,10,55,930,70,"115, ARDOIN(RUE)",,,Plein jour,En agglomération,Hors intersection,Normale,Deux véhicules - côté,,,,,,,,,,,1,2,1,1,3
200700006094,0007-01-11 18:10:00,7,1,11,18,10,930,70,"4/6, SEINE (QUAI DE)",,,Nuit avec éclairage allumé,En agglomération,Hors intersection,Pluie légère,Autre collision,,,,,,,,,,,5,2,1,2,6
200700006095,0007-01-16 09:15:00,7,1,16,9,15,930,70,JEAN-JAURES (BD),,,Plein jour,En agglomération,Hors intersection,Normale,Autre collision,,,,,,,,,,,1,2,1,1,6
200700006096,0007-01-22 17:30:00,7,1,22,17,30,930,70,"10, GABRIEL-PERI (AV)",,,Plein jour,En agglomération,Hors intersection,Temps couvert,Autre collision,,,,,,,,,,,1,2,1,8,6
200700006097,0007-01-24 07:55:00,7,1,24,7,55,930,70,"48, DOCTEUR BAUER(RUE DU",,,Crépuscule ou aube,En agglomération,Hors intersection,Neige / grêle,Deux véhicules - côté,,,,,,,,,,,2,2,1,4,3
200700006098,0007-01-25 00:04:00,7,1,25,0,4,930,70,BATELIERS (RUE DES),,,Nuit avec éclairage allumé,En agglomération,Intersection en T,Normale,Deux véhicules - côté,,,,,,,,,,,5,2,3,1,3
200700006099,0007-01-26 13:55:00,7,1,26,13,55,930,70,"9, PALOUZIE(RUE)",,,Plein jour,En agglomération,Hors intersection,Normale,Autre collision,,,,,,,,,,,1,2,1,1,6
200700006100,0007-01-30 20:50:00,7,1,30,20,50,930,70,"81, VICTOR-HUGO (BD)",,,Nuit avec éclairage allumé,En agglomération,Hors intersection,Normale,Autre collision,,,,,,,,,,,5,2,1,1,6
200700006101,0007-01-26 07:00:00,7,1,26,7,0,60,90,route de GRASSE,,,Nuit avec éclairage allumé,En agglomération,Hors intersection,Pluie légère,Deux véhicules - côté,,,,,,,,,,,5,2,1,2,3
200700006102,0007-02-12 08:00:00,7,2,12,8,0,590,11,rue de Paris,50.527,2.928,Plein jour,En agglomération,Hors intersection,Normale,Autre collision,,,,,,,,,,,1,2,1,1,6
200700006103,0007-02-01 08:00:00,7,2,1,8,0,590,250,,50.585,2.891,Nuit avec éclairage allumé,Hors agglomération,Hors intersection,Temps couvert,Deux véhicules - côté,,,,,,,,,,,5,1,1,8,3
200700006104,0007-02-10 19:00:00,7,2,10,19,0,590,550,,50.537,2.834,Nuit avec éclairage non allumé,Hors agglomération,Giratoire,Temps couvert,Autre collision,,,,,,,,,,,4,1,6,8,6
200700006105,0007-02-13 07:15:00,7,2,13,7,15,590,16,ur du grand millebrugghe,,,Crépuscule ou aube,En agglomération,Hors intersection,Normale,Deux véhicules - frontale,,,,,,,,,,,2,2,1,1,1
200700006106,0007-02-18 00:15:00,7,2,18,0,15,590,94,,,,Nuit sans éclairage public,Hors agglomération,Hors intersection,Normale,Sans collision,,,,,,,,,,,3,1,1,1,7
200700006107,0007-02-22 22:05:00,7,2,22,22,5,590,130,,50.9,2.24,Nuit sans éclairage public,Hors agglomération,Intersection en X,Normale,Deux véhicules - côté,,,,,,,,,,,3,1,2,1,3
200700006108,0007-02-06 20:15:00,7,2,6,20,15,590,668,Route Nationale 1,51.054,2.472,Nuit sans éclairage public,Hors agglomération,Hors intersection,Neige / grêle,Trois véhicules et plus - collisions multiples,,,,,,,,,,,3,1,1,4,5
200700006109,0007-02-10 22:45:00,7,2,10,22,45,590,46,CD947 route de Bray-Dune,,,Nuit avec éclairage allumé,En agglomération,Hors intersection,Normale,Autre collision,,,,,,,,,,,5,2,1,1,6
200700006110,0007-02-19 08:15:00,7,2,19,8,15,590,641,Route d'ypres CD916A,50.961,2.506,Plein jour,Hors agglomération,Hors intersection,Normale,Deux véhicules - frontale,,,,,,,,,,,1,1,1,1,1
200700006111,0007-02-04 19:00:00,7,2,4,19,0,590,377,,,,Nuit sans éclairage public,Hors agglomération,Hors intersection,Normale,Deux véhicules - arrière,,,,,,,,,,,3,1,1,1,2
200700006112,0007-02-09 07:15:00,7,2,9,7,15,590,377,,50.143,3.193,Nuit sans éclairage public,Hors agglomération,Hors intersection,Normale,Autre collision,,,,,,,,,,,3,1,1,1,6
200700006113,0007-02-19 18:00:00,7,2,19,18,0,590,435,RUE DE LA COQUERIE,,,Nuit sans éclairage public,En agglomération,Hors intersection,Normale,Deux véhicules - frontale,,,,,,,,,,,3,2,1,1,1
200700006114,0007-02-25 17:15:00,7,2,25,17,15,590,190,,50.307,4.019,Crépuscule ou aube,Hors agglomération,Hors intersection,Pluie légère,Deux véhicules - côté,,,,,,,,,,,2,1,1,2,3
200700006115,0007-02-01 19:30:00,7,2,1,19,30,620,117,Rue de Vélu,,,Nuit sans éclairage public,En agglomération,Intersection en T,Normale,Deux véhicules - côté,,,,,,,,,,,3,2,3,1,3
200700006116,0007-02-23 18:00:00,7,2,23,18,0,620,773,Place de la mairie,,,Plein jour,En agglomération,Hors intersection,Temps couvert,Sans collision,,,,,,,,,,,1,2,1,8,7
200700006117,0007-02-07 14:15:00,7,2,7,14,15,620,705,rue Jean JAURES,,,Plein jour,En agglomération,Hors intersection,Normale,Sans collision,,,,,,,,,,,1,2,1,1,7
200700006118,0007-02-01 14:15:00,7,2,1,14,15,620,571,esnes et avenue d'Artois,50.466,1.576,Plein jour,En agglomération,Intersection en X,Normale,Deux véhicules - côté,,,,,,,,,,,1,2,2,1,3
200700006119,0007-02-02 12:45:00,7,2,2,12,45,620,571,RUE AUGUSTE BIBLOCQ,50.46,1.615,Plein jour,En agglomération,Hors intersection,Normale,Deux véhicules - côté,,,,,,,,,,,1,2,1,1,3
200700006120,0007-02-06 17:45:00,7,2,6,17,45,620,571,,50.464,1.63,Crépuscule ou aube,Hors agglomération,Hors intersection,Temps couvert,Deux véhicules - côté,,,,,,,,,,,2,1,1,8,3
200700006121,0007-02-21 14:15:00,7,2,21,14,15,620,571,155 rue biblocq,50.459,1.614,Plein jour,En agglomération,Hors intersection,Normale,Autre collision,,,,,,,,,,,1,2,1,1,6
200700006122,0007-02-01 20:00:00,7,2,1,20,0,620,364,,50.531,2.13,Nuit sans éclairage public,Hors agglomération,Hors intersection,Brouillard / fumée,Autre collision,,,,,,,,,,,3,1,1,5,6
200700006123,0007-02-17 11:55:00,7,2,17,11,55,620,261,D 940 avenue de la poste,,,Plein jour,En agglomération,Hors intersection,Normale,Autre collision,,,,,,,,,,,1,2,1,1,6
200700006124,0007-02-17 00:15:00,7,2,17,0,15,620,261,AV DE LA LIBERATION,,,Nuit avec éclairage allumé,En agglomération,Hors intersection,Normale,Deux véhicules - frontale,,,,,,,,,,,5,2,1,1,1
200700006125,0007-02-02 16:00:00,7,2,2,16,0,620,294,PK 43+300,,,Plein jour,En agglomération,Hors intersection,Normale,Deux véhicules - frontale,,,,,,,,,,,1,2,1,1,1
200700006126,0007-02-27 09:00:00,7,2,27,9,0,620,601,,50.543,2.364,Plein jour,Hors agglomération,Hors intersection,Pluie légère,Deux véhicules - côté,,,,,,,,,,,1,1,1,2,3
200700006127,0007-02-05 19:45:00,7,2,5,19,45,800,234,32 RUE DE LA REPUBLIQUE,,,Nuit avec éclairage allumé,En agglomération,Autre intersection,Pluie légère,Autre collision,,,,,,,,,,,5,2,9,2,6
200700006128,0007-02-04 19:00:00,7,2,4,19,0,800,61,rue du chateau,,,Nuit avec éclairage allumé,En agglomération,Hors intersection,Normale,Autre collision,,,,,,,,,,,5,2,1,1,6
200700006129,0007-02-06 09:00:00,7,2,6,9,0,800,142,,,,Plein jour,Hors agglomération,Hors intersection,Pluie légère,Autre collision,,,,,,,,,,,1,1,1,2,6
200700006130,0007-02-07 14:00:00,7,2,7,14,0,800,564,,,,Plein jour,En agglomération,Hors intersection,Normale,Autre collision,,,,,,,,,,,1,2,1,1,6
200700006131,0007-02-16 17:00:00,7,2,16,17,0,800,732,,49.905,1.72,Plein jour,Hors agglomération,Hors intersection,Normale,Deux véhicules - côté,,,,,,,,,,,1,1,1,1,3
200700006132,0007-02-12 07:30:00,7,2,12,7,30,800,798,,,,Nuit sans éclairage public,Hors agglomération,Hors intersection,Normale,Deux véhicules - côté,,,,,,,,,,,3,1,1,1,3
200700006133,0007-02-12 20:30:00,7,2,12,20,30,800,20,,49.959,2.378,Nuit sans éclairage public,Hors agglomération,Hors intersection,Vent fort / tempête,Autre collision,,,,,,,,,,,3,1,1,6,6
200700006134,0007-02-16 13:00:00,7,2,16,13,0,800,24,,49.937,2.256,Plein jour,Hors agglomération,Giratoire,Normale,Sans collision,,,,,,,,,,,1,1,6,1,7
200700006135,0007-02-05 08:45:00,7,2,5,8,45,800,262,,,,Plein jour,Hors agglomération,Hors intersection,Pluie légère,Deux véhicules - côté,,,,,,,,,,,1,1,1,2,3
200700006136,0007-02-07 13:30:00,7,2,7,13,30,800,488,rue de la liberation,,,Plein jour,En agglomération,Hors intersection,Normale,Autre collision,,,,,,,,,,,1,2,1,1,6
200700006137,0007-02-14 13:15:00,7,2,14,13,15,800,476,,,,Plein jour,Hors agglomération,Hors intersection,Pluie forte,Trois véhicules et plus - collisions multiples,,,,,,,,,,,1,1,1,3,5
200700006138,0007-02-02 16:45:00,7,2,2,16,45,800,360,RUE JEAN JAURES,,,Plein jour,En agglomération,Hors intersection,Normale,Deux véhicules - côté,,,,,,,,,,,1,2,1,1,3
200700006139,0007-02-04 08:45:00,7,2,4,8,45,800,29,,50.141,1.615,Plein jour,Hors agglomération,Hors intersection,Temps couvert,Sans collision,,,,,,,,,,,1,1,1,8,7
200700006140,0007-02-12 14:00:00,7,2,12,14,0,800,368,,50.163,1.522,Plein jour,Hors agglomération,Hors intersection,Normale,Deux véhicules - côté,,,,,,,,,,,1,1,1,1,3
200700006141,0007-02-23 09:45:00,7,2,23,9,45,800,603,,,,Plein jour,Hors agglomération,Hors intersection,Normale,Sans collision,,,,,,,,,,,1,1,1,1,7
200700006142,0007-02-24 11:45:00,7,2,24,11,45,800,190,,,,Plein jour,Hors agglomération,Hors intersection,Normale,Deux véhicules - côté,,,,,,,,,,,1,1,1,1,3
200700006143,0007-02-09 15:30:00,7,2,9,15,30,800,167,,,,Plein jour,Hors agglomération,Hors intersection,Normale,Trois véhicules et plus - en chaîne,,,,,,,,,,,1,1,1,1,4
200700006144,0007-02-04 17:00:00,7,2,4,17,0,800,391,,,,Plein jour,Hors agglomération,Hors intersection,Normale,Trois véhicules et plus - collisions multiples,,,,,,,,,,,1,1,1,1,5
200700006145,0007-02-12 07:45:00,7,2,12,7,45,800,395,rue de la cavée,,,Plein jour,En agglomération,Hors intersection,Pluie légère,Autre collision,,,,,,,,,,,1,2,1,2,6
200700006146,0007-02-21 06:40:00,7,2,21,6,40,800,176,RD 1017- RD 1930,,,Nuit avec éclairage non allumé,Hors agglomération,Intersection en X,Pluie légère,Deux véhicules - côté,,,,,,,,,,,4,1,2,2,3
200700006147,0007-02-19 20:45:00,7,2,19,20,45,800,620,,49.956,2.943,Nuit sans éclairage public,Hors agglomération,Autre intersection,Normale,Autre collision,,,,,,,,,,,3,1,9,1,6
200700006148,0007-02-02 20:45:00,7,2,2,20,45,800,16,rue carnot,50.006,2.646,Nuit avec éclairage allumé,En agglomération,Hors intersection,Normale,Sans collision,,,,,,,,,,,5,2,1,1,7
200700006149,0007-02-10 23:00:00,7,2,10,23,0,800,684,CD930,,,Nuit sans éclairage public,Hors agglomération,Hors intersection,Temps couvert,Deux véhicules - frontale,,,,,,,,,,,3,1,1,8,1
200700006150,0007-02-24 19:15:00,7,2,24,19,15,800,579,route de paris,49.742,3.069,Nuit avec éclairage allumé,En agglomération,Hors intersection,Temps couvert,Deux véhicules - frontale,,,,,,,,,,,5,2,1,8,1
200700006151,0007-02-27 18:00:00,7,2,27,18,0,20,338,,49.694,3.71,Plein jour,Hors agglomération,Hors intersection,Normale,Deux véhicules - arrière,,,,,,,,,,,1,1,1,1,2
200700006152,0007-02-01 16:30:00,7,2,1,16,30,20,173,RUE PASTEUR,49.622,3.232,Plein jour,En agglomération,Hors intersection,Normale,Autre collision,,,,,,,,,,,1,2,1,1,6
200700006153,0007-02-14 05:45:00,7,2,14,5,45,20,74,,,,Nuit sans éclairage public,Hors agglomération,Hors intersection,Pluie forte,Deux véhicules - arrière,,,,,,,,,,,3,1,1,3,2
200700006154,0007-02-14 10:00:00,7,2,14,10,0,20,145,,49.636,3.175,Plein jour,Hors agglomération,Hors intersection,Pluie forte,Deux véhicules - frontale,,,,,,,,,,,1,1,1,3,1
200700006155,0007-02-02 22:15:00,7,2,2,22,15,20,475,,,,Nuit sans éclairage public,Hors agglomération,Hors intersection,Normale,Sans collision,,,,,,,,,,,3,1,1,1,7
200700006156,0007-02-18 20:15:00,7,2,18,20,15,20,228,,,,Nuit sans éclairage public,Hors agglomération,Hors intersection,Normale,Autre collision,,,,,,,,,,,3,1,1,1,6
200700006157,0007-02-26 15:00:00,7,2,26,15,0,20,114,3 AVE DE CHATEAU THIERRY,,,Plein jour,En agglomération,Giratoire,Pluie légère,Autre collision,,,,,,,,,,,1,2,6,2,6
200700006158,0007-02-06 07:30:00,7,2,6,7,30,20,270,CD 930,,,Nuit sans éclairage public,Hors agglomération,Hors intersection,Temps couvert,Trois véhicules et plus - collisions multiples,,,,,,,,,,,3,1,1,8,5
200700006159,0007-02-04 03:00:00,7,2,4,3,0,20,95,,,,Nuit sans éclairage public,Hors agglomération,Hors intersection,Normale,Autre collision,,,,,,,,,,,3,1,1,1,6
200700006160,0007-02-08 09:15:00,7,2,8,9,15,20,648,,49.82,3.48,Plein jour,Hors agglomération,Hors intersection,Temps couvert,Sans collision,,,,,,,,,,,1,1,1,8,7
200700006161,0007-02-03 22:30:00,7,2,3,22,30,20,121,,,,Nuit sans éclairage public,Hors agglomération,Hors intersection,Normale,Deux véhicules - frontale,,,,,,,,,,,3,1,1,1,1
200700006162,0007-02-18 12:25:00,7,2,18,12,25,20,152,RUE PRINCIPALE,,,Plein jour,En agglomération,Hors intersection,Normale,Sans collision,,,,,,,,,,,1,2,1,1,7
200700006163,0007-02-22 13:00:00,7,2,22,13,0,20,172,,49.326,3.243,Plein jour,Hors agglomération,Hors intersection,Normale,Deux véhicules - frontale,,,,,,,,,,,1,1,1,1,1
200700006164,0007-02-03 13:45:00,7,2,3,13,45,20,135,habitation n° 48; CD1029,49.972,3.856,Plein jour,Hors agglomération,Hors intersection,Normale,Deux véhicules - arrière,,,,,,,,,,,1,1,1,1,2
200700006165,0007-02-02 16:30:00,7,2,2,16,30,20,814,RD 1029,,,Plein jour,Hors agglomération,Hors intersection,Normale,Deux véhicules - arrière,,,,,,,,,,,1,1,1,1,2
200700006166,0007-02-17 13:30:00,7,2,17,13,30,600,591,,,,Plein jour,Hors agglomération,Hors intersection,Normale,Deux véhicules - frontale,,,,,,,,,,,1,1,1,1,1
200700006167,0007-02-22 09:30:00,7,2,22,9,30,600,63,,,,Plein jour,Hors agglomération,Hors intersection,Normale,Autre collision,,,,,,,,,,,1,1,1,1,6
200700006168,0007-02-10 15:00:00,7,2,10,15,0,600,239,,,,Plein jour,Hors agglomération,Hors intersection,Normale,Deux véhicules - frontale,,,,,,,,,,,1,1,1,1,1
200700006169,0007-02-19 08:45:00,7,2,19,8,45,600,211,,,,Plein jour,Hors agglomération,Hors intersection,Normale,Deux véhicules - côté,,,,,,,,,,,1,1,1,1,3
200700006170,0007-02-22 12:30:00,7,2,22,12,30,600,644,route nationale,,,Plein jour,En agglomération,Hors intersection,Normale,Autre collision,,,,,,,,,,,1,2,1,1,6
200700006171,0007-02-17 19:00:00,7,2,17,19,0,600,288,,,,Nuit sans éclairage public,Hors agglomération,Hors intersection,Normale,Deux véhicules - frontale,,,,,,,,,,,3,1,1,1,1
200700006172,0007-02-02 19:15:00,7,2,2,19,15,600,504,,,,Crépuscule ou aube,Hors agglomération,Hors intersection,Normale,Deux véhicules - côté,,,,,,,,,,,2,1,1,1,3
200700006173,0007-02-26 07:15:00,7,2,26,7,15,600,575,RD1001,,,Crépuscule ou aube,En agglomération,Hors intersection,Pluie légère,Deux véhicules - frontale,,,,,,,,,,,2,2,1,2,1
200700006174,0007-02-17 14:45:00,7,2,17,14,45,600,253,,,,Plein jour,Hors agglomération,Hors intersection,Normale,Deux véhicules - frontale,,,,,,,,,,,1,1,1,1,1