accident_id,datetime,annee,mois,jour,heure,minute,departement,commune_insee,adresse,latitude,longitude,luminosite,agglomeration,intersection,meteo,collision,nb_vehicules,nb_usagers,nb_indemnes,nb_tues,nb_blesses_hosp,nb_blesses_legers,age_cond_1,age_cond_2,veh_type_cond_1,veh_type_cond_2,lum_code,agg_code,int_code,atm_code,col_code
200700006175,0007-02-19 21:00:00,7,2,19,21,0,600,664,RN1,,,Nuit sans éclairage public,En agglomération,Hors intersection,Normale,Deux véhicules - arrière,,,,,,,,,,,3,2,1,1,2
200700006176,0007-02-25 18:00:00,7,2,25,18,0,600,104,6 rue de montdidier,49.568,2.393,Crépuscule ou aube,En agglomération,Hors intersection,Temps couvert,Deux véhicules - frontale,,,,,,,,,,,2,2,1,8,1
200700006177,0007-02-22 08:15:00,7,2,22,8,15,600,360,44 RUE PASTEUR,,,Plein jour,En agglomération,Hors intersection,Normale,Deux véhicules - côté,,,,,,,,,,,1,2,1,1,3
200700006178,0007-02-22 15:00:00,7,2,22,15,0,600,130,,,,Plein jour,Hors agglomération,Autre intersection,Pluie légère,Deux véhicules - côté,,,,,,,,,,,1,1,9,2,3
200700006179,0007-02-26 15:30:00,7,2,26,15,30,600,134,,49.319,2.443,Plein jour,Hors agglomération,Hors intersection,Normale,Sans collision,,,,,,,,,,,1,1,1,1,7
200700006180,0007-02-12 16:00:00,7,2,12,16,0,600,120,,49.328,2.422,Plein jour,Hors agglomération,Hors intersection,Vent fort / tempête,Deux véhicules - frontale,,,,,,,,,,,1,1,1,6,1
200700006181,0007-02-16 13:45:00,7,2,16,13,45,600,451,,,,Plein jour,Hors agglomération,Hors intersection,Normale,Autre collision,,,,,,,,,,,1,1,1,1,6
200700006182,0007-02-25 21:15:00,7,2,25,21,15,600,317,,49.336,2.308,Nuit sans éclairage public,Hors agglomération,Hors intersection,Pluie légère,Sans collision,,,,,,,,,,,3,1,1,2,7
200700006183,0007-02-16 14:30:00,7,2,16,14,30,600,498,,,,Crépuscule ou aube,Hors agglomération,Hors intersection,Normale,Sans collision,,,,,,,,,,,2,1,1,1,7
200700006184,0007-02-10 04:00:00,7,2,10,4,0,600,151,Rue Georges CLEMENCEAU,,,Nuit avec éclairage allumé,En agglomération,Autre intersection,Autre,Autre collision,,,,,,,,,,,5,2,9,9,6
200700006185,0007-02-15 08:45:00,7,2,15,8,45,600,537,781 RUE DE PARIS,49.51,2.916,Plein jour,En agglomération,Hors intersection,Normale,Deux véhicules - frontale,,,,,,,,,,,1,2,1,1,1
200700006186,0007-02-16 09:00:00,7,2,16,9,0,600,537,Rue de paris,49.514,2.922,Plein jour,En agglomération,Hors intersection,Normale,Trois véhicules et plus - collisions multiples,,,,,,,,,,,1,2,1,1,5
200700006187,0007-02-24 11:30:00,7,2,24,11,30,600,537,RUE DE PARIS,,,Plein jour,En agglomération,Hors intersection,Normale,Autre collision,,,,,,,,,,,1,2,1,1,6
200700006188,0007-02-28 17:30:00,7,2,28,17,30,600,156,rue de la république,49.444,2.855,Plein jour,En agglomération,Hors intersection,Pluie légère,Deux véhicules - frontale,,,,,,,,,,,1,2,1,2,1
200700006189,0007-02-04 12:00:00,7,2,4,12,0,600,531,ddddddddd,,,Plein jour,Hors agglomération,Intersection en X,Normale,Deux véhicules - frontale,,,,,,,,,,,1,1,2,1,1
200700006190,0007-02-09 19:00:00,7,2,9,19,0,600,281,,,,Nuit sans éclairage public,Hors agglomération,Intersection en X,Pluie légère,Deux véhicules - côté,,,,,,,,,,,3,1,2,2,3
200700006191,0007-02-09 14:15:00,7,2,9,14,15,600,24,,49.407,2.714,Plein jour,Hors agglomération,Hors intersection,Vent fort / tempête,Deux véhicules - frontale,,,,,,,,,,,1,1,1,6,1
200700006192,0007-02-15 19:45:00,7,2,15,19,45,600,125,,,,Nuit sans éclairage public,Hors agglomération,Intersection en X,Normale,Trois véhicules et plus - collisions multiples,,,,,,,,,,,3,1,2,1,5
200700006193,0007-02-27 05:45:00,7,2,27,5,45,600,223,,,,Nuit sans éclairage public,Hors agglomération,Hors intersection,Normale,Sans collision,,,,,,,,,,,3,1,1,1,7
200700006194,0007-02-07 19:15:00,7,2,7,19,15,600,612,,49.215,2.624,Nuit sans éclairage public,Hors agglomération,Autre intersection,Normale,Deux véhicules - frontale,,,,,,,,,,,3,1,9,1,1
200700006195,0007-02-08 17:15:00,7,2,8,17,15,600,612,av du général DE GAULLE,,,Plein jour,En agglomération,Hors intersection,Normale,Deux véhicules - frontale,,,,,,,,,,,1,2,1,1,1
200700006196,0007-02-14 11:30:00,7,2,14,11,30,600,651,,,,Plein jour,Hors agglomération,Hors intersection,Pluie forte,Autre collision,,,,,,,,,,,1,1,1,3,6
200700006197,0007-02-16 07:30:00,7,2,16,7,30,600,139,Rue Truffaut,,,Nuit avec éclairage allumé,En agglomération,Hors intersection,Normale,Deux véhicules - frontale,,,,,,,,,,,5,2,1,1,1
200700006198,0007-02-18 23:30:00,7,2,18,23,30,600,446,,,,Nuit sans éclairage public,Hors agglomération,Hors intersection,Brouillard / fumée,Autre collision,,,,,,,,,,,3,1,1,5,6
200700006199,0007-02-13 12:30:00,7,2,13,12,30,600,67,,,,Plein jour,Hors agglomération,Hors intersection,Normale,Autre collision,,,,,,,,,,,1,1,1,1,6
200700006200,0007-02-28 08:00:00,7,2,28,8,0,600,509,quai du Mesnil chatelain,,,Plein jour,En agglomération,Hors intersection,Normale,Autre collision,,,,,,,,,,,1,2,1,1,6
200700006201,0007-02-24 11:00:00,7,2,24,11,0,760,179,,49.57,1.08,Plein jour,Hors agglomération,Hors intersection,Pluie forte,Deux véhicules - frontale,,,,,,,,,,,1,1,1,3,1
200700006202,0007-02-10 12:00:00,7,2,10,12,0,760,475,Rue du Maréchal leclerc,,,Plein jour,En agglomération,Hors intersection,Normale,Autre collision,,,,,,,,,,,1,2,1,1,6
200700006203,0007-02-05 21:15:00,7,2,5,21,15,760,258,Rue Bernard Thelu,,,Nuit avec éclairage allumé,En agglomération,Hors intersection,Normale,Deux véhicules - arrière,,,,,,,,,,,5,2,1,1,2
200700006204,0007-02-24 10:45:00,7,2,24,10,45,760,101,,49.929,1.639,Plein jour,Hors agglomération,Intersection en X,Pluie légère,Deux véhicules - côté,,,,,,,,,,,1,1,2,2,3
200700006205,0007-02-17 06:00:00,7,2,17,6,0,760,385,,49.621,0.915,Nuit sans éclairage public,Hors agglomération,Hors intersection,Normale,Autre collision,,,,,,,,,,,3,1,1,1,6
200700006206,0007-02-03 22:45:00,7,2,3,22,45,760,748,,,,Nuit sans éclairage public,Hors agglomération,Hors intersection,Pluie légère,Autre collision,,,,,,,,,,,3,1,1,2,6
200700006207,0007-02-03 15:30:00,7,2,3,15,30,760,664,,,,Plein jour,Hors agglomération,Hors intersection,Temps éblouissant,Deux véhicules - côté,,,,,,,,,,,1,1,1,7,3
200700006208,0007-02-08 21:15:00,7,2,8,21,15,760,708,cd926,49.744,0.417,Nuit sans éclairage public,En agglomération,Hors intersection,Temps couvert,Deux véhicules - frontale,,,,,,,,,,,3,2,1,8,1
200700006209,0007-02-24 16:00:00,7,2,24,16,0,270,486,CD 93 Pk 21 + 550,49.115,0.997,Plein jour,Hors agglomération,Hors intersection,Pluie légère,Autre collision,,,,,,,,,,,1,1,1,2,6
200700006210,0007-02-28 15:00:00,7,2,28,15,0,270,17,,48.991,1.158,Plein jour,Hors agglomération,Hors intersection,Pluie légère,Deux véhicules - frontale,,,,,,,,,,,1,1,1,2,1
200700006211,0007-02-28 21:30:00,7,2,28,21,30,270,684,,,,Nuit avec éclairage non allumé,Hors agglomération,Hors intersection,Pluie légère,Autre collision,,,,,,,,,,,4,1,1,2,6
200700006212,0007-02-01 17:30:00,7,2,1,17,30,270,256,,48.943,1.234,Plein jour,Hors agglomération,Hors intersection,Normale,Deux véhicules - côté,,,,,,,,,,,1,1,1,1,3
200700006213,0007-02-12 19:30:00,7,2,12,19,30,270,410,Lieu dit le Breuil,,,Nuit sans éclairage public,Hors agglomération,Hors intersection,Pluie légère,Deux véhicules - frontale,,,,,,,,,,,3,1,1,2,1
200700006214,0007-02-14 12:45:00,7,2,14,12,45,270,4,Route Nationale 13,49.014,1.422,Plein jour,Hors agglomération,Hors intersection,Normale,Autre collision,,,,,,,,,,,1,1,1,1,6
200700006215,0007-02-24 21:40:00,7,2,24,21,40,270,76,rue de garennes (CD67),,,Nuit sans éclairage public,En agglomération,Hors intersection,Pluie légère,Autre collision,,,,,,,,,,,3,2,1,2,6
200700006216,0007-02-21 16:00:00,7,2,21,16,0,270,679,Route porte de Breteuil,48.748,0.93,Plein jour,En agglomération,Hors intersection,Temps éblouissant,Deux véhicules - côté,,,,,,,,,,,1,2,1,7,3
200700006217,0007-02-20 20:00:00,7,2,20,20,0,270,644,CD181,,,Nuit sans éclairage public,Hors agglomération,Hors intersection,Normale,Deux véhicules - côté,,,,,,,,,,,3,1,1,1,3
200700006218,0007-02-02 17:30:00,7,2,2,17,30,270,151,,49.359,1.374,Nuit sans éclairage public,Hors agglomération,Hors intersection,Temps couvert,Deux véhicules - frontale,,,,,,,,,,,3,1,1,8,1
200700006219,0007-02-08 09:50:00,7,2,8,9,50,270,226,"et"", route de longchamps",,,Plein jour,Hors agglomération,Hors intersection,Normale,Autre collision,,,,,,,,,,,1,1,1,1,6
200700006220,0007-02-04 00:01:00,7,2,4,0,1,270,547,,49.038,0.437,Nuit sans éclairage public,Hors agglomération,Hors intersection,Normale,Deux véhicules - côté,,,,,,,,,,,3,1,1,1,3
200700006221,0007-02-24 15:30:00,7,2,24,15,30,270,398,,49.102,0.628,Plein jour,Hors agglomération,Hors intersection,Pluie légère,Autre collision,,,,,,,,,,,1,1,1,2,6
200700006222,0007-02-09 18:00:00,7,2,9,18,0,270,290,,49.133,0.777,Plein jour,Hors agglomération,Intersection en X,Normale,Deux véhicules - côté,,,,,,,,,,,1,1,2,1,3
200700006223,0007-02-18 10:45:00,7,2,18,10,45,270,251,,,,Nuit sans éclairage public,Hors agglomération,Hors intersection,Normale,Sans collision,,,,,,,,,,,3,1,1,1,7
200700006224,0007-02-01 07:55:00,7,2,1,7,55,270,598,ersection CD77 et CD6015,,,Nuit sans éclairage public,Hors agglomération,Intersection en X,Temps couvert,Deux véhicules - frontale,,,,,,,,,,,3,1,2,8,1
200700006225,0007-02-22 15:00:00,7,2,22,15,0,270,5,,49.168,1.221,Plein jour,Hors agglomération,Hors intersection,Normale,Deux véhicules - frontale,,,,,,,,,,,1,1,1,1,1
200700006226,0007-02-25 05:45:00,7,2,25,5,45,270,188,,49.306,1.097,Nuit sans éclairage public,Hors agglomération,Hors intersection,Pluie légère,Autre collision,,,,,,,,,,,3,1,1,2,6
200700006227,0007-02-27 08:15:00,7,2,27,8,15,270,638,,49.247,0.92,Plein jour,Hors agglomération,Intersection en X,Normale,Deux véhicules - côté,,,,,,,,,,,1,1,2,1,3
200700006228,0007-02-06 17:00:00,7,2,6,17,0,270,263,,49.391,0.57,Plein jour,Hors agglomération,Hors intersection,Normale,Deux véhicules - côté,,,,,,,,,,,1,1,1,1,3
200700006229,0007-02-09 19:15:00,7,2,9,19,15,270,107,,,,Nuit sans éclairage public,Hors agglomération,Hors intersection,Pluie légère,Deux véhicules - côté,,,,,,,,,,,3,1,1,2,3
200700006230,0007-02-02 16:15:00,7,2,2,16,15,270,637,,,,Plein jour,Hors agglomération,Hors intersection,Normale,Deux véhicules - frontale,,,,,,,,,,,1,1,1,1,1
200700006231,0007-02-02 18:45:00,7,2,2,18,45,270,62,,,,Nuit sans éclairage public,Hors agglomération,Hors intersection,Normale,Deux véhicules - frontale,,,,,,,,,,,3,1,1,1,1
200700006232,0007-02-20 07:30:00,7,2,20,7,30,270,103,CD 313,,,Plein jour,Hors agglomération,Hors intersection,Normale,Deux véhicules - frontale,,,,,,,,,,,1,1,1,1,1
200700006233,0007-02-14 16:00:00,7,2,14,16,0,270,542,,49.254,0.599,Plein jour,Hors agglomération,Hors intersection,Normale,Sans collision,,,,,,,,,,,1,1,1,1,7
200700006234,0007-02-08 13:20:00,7,2,8,13,20,350,363,CD 837,,,Plein jour,Hors agglomération,Hors intersection,Normale,Deux véhicules - côté,,,,,,,,,,,1,1,1,1,3
200700006235,0007-02-03 11:45:00,7,2,3,11,45,350,79,,48.213,-1.625,Plein jour,Hors agglomération,Hors intersection,Normale,Deux véhicules - côté,,,,,,,,,,,1,1,1,1,3
200700006236,0007-02-04 12:15:00,7,2,4,12,15,350,326,RUE ST NICOLAS,48.337,-1.538,Plein jour,En agglomération,Hors intersection,Normale,Deux véhicules - côté,,,,,,,,,,,1,2,1,1,3
200700006237,0007-02-22 18:00:00,7,2,22,18,0,350,193,,48.255,-1.72,Plein jour,Hors agglomération,Hors intersection,Temps couvert,Deux véhicules - côté,,,,,,,,,,,1,1,1,8,3
200700006238,0007-02-02 17:00:00,7,2,2,17,0,350,117,,,,Plein jour,Hors agglomération,Intersection en X,Normale,Deux véhicules - côté,,,,,,,,,,,1,1,2,1,3
200700006239,0007-02-13 05:45:00,7,2,13,5,45,350,297,101 RUE DE MERDRIGNAC,,,Nuit avec éclairage allumé,En agglomération,Hors intersection,Temps couvert,Autre collision,,,,,,,,,,,5,2,1,8,6
200700006240,0007-02-22 14:45:00,7,2,22,14,45,350,184,,48.203,-2.011,Plein jour,Hors agglomération,Hors intersection,Normale,Autre collision,,,,,,,,,,,1,1,1,1,6
200700006241,0007-02-08 18:45:00,7,2,8,18,45,350,240,Le PLessis Saucourt,,,Nuit sans éclairage public,Hors agglomération,Hors intersection,Normale,Trois véhicules et plus - en chaîne,,,,,,,,,,,3,1,1,1,4
200700006242,0007-02-16 06:30:00,7,2,16,6,30,350,240,,,,Nuit sans éclairage public,Hors agglomération,Hors intersection,Normale,Trois véhicules et plus - collisions multiples,,,,,,,,,,,3,1,1,1,5
200700006243,0007-02-18 19:00:00,7,2,18,19,0,350,341,,,,Plein jour,Hors agglomération,Hors intersection,Brouillard / fumée,Sans collision,,,,,,,,,,,1,1,1,5,7
200700006244,0007-02-21 18:45:00,7,2,21,18,45,350,113,,,,Nuit sans éclairage public,Hors agglomération,Hors intersection,Normale,Deux véhicules - côté,,,,,,,,,,,3,1,1,1,3
200700006245,0007-02-09 19:45:00,7,2,9,19,45,350,13,,47.72,-2.053,Nuit sans éclairage public,Hors agglomération,Intersection en X,Temps couvert,Deux véhicules - frontale,,,,,,,,,,,3,1,2,8,1
200700006246,0007-02-03 12:00:00,7,2,3,12,0,350,127,39 RUE GICQUEL,47.926,-1.862,Plein jour,En agglomération,Hors intersection,Normale,Deux véhicules - côté,,,,,,,,,,,1,2,1,1,3
200700006247,0007-02-08 17:15:00,7,2,8,17,15,350,299,,,,Plein jour,Hors agglomération,Intersection en T,Normale,Deux véhicules - côté,,,,,,,,,,,1,1,3,1,3
200700006248,0007-02-09 20:45:00,7,2,9,20,45,350,362,LE HAUT MESNIL,,,Nuit sans éclairage public,Hors agglomération,Hors intersection,Normale,Trois véhicules et plus - collisions multiples,,,,,,,,,,,3,1,1,1,5
200700006249,0007-02-01 12:15:00,7,2,1,12,15,350,92,,48.437,-1.658,Plein jour,Hors agglomération,Hors intersection,Normale,Deux véhicules - côté,,,,,,,,,,,1,1,1,1,3
200700006250,0007-02-08 09:15:00,7,2,8,9,15,350,95,Boulevard Déminiac,48.556,-1.745,Plein jour,En agglomération,Hors intersection,Normale,Autre collision,,,,,,,,,,,1,2,1,1,6
200700006251,0007-02-13 01:00:00,7,2,13,1,0,350,247,LA BEGOSSIERE,48.589,-1.573,Nuit sans éclairage public,En agglomération,Hors intersection,Normale,Autre collision,,,,,,,,,,,3,2,1,1,6
200700006252,0007-02-07 07:15:00,7,2,7,7,15,350,229,RD 857,,,Nuit sans éclairage public,Hors agglomération,Hors intersection,Pluie légère,Deux véhicules - frontale,,,,,,,,,,,3,1,1,2,1
200700006253,0007-02-28 19:15:00,7,2,28,19,15,350,360,boulevard chateaubriand,,,Nuit avec éclairage allumé,En agglomération,Hors intersection,Pluie légère,Deux véhicules - frontale,,,,,,,,,,,5,2,1,2,1
200700006254,0007-02-01 18:00:00,7,2,1,18,0,350,68,,,,Nuit sans éclairage public,Hors agglomération,Hors intersection,Pluie légère,Sans collision,,,,,,,,,,,3,1,1,2,7
200700006255,0007-02-23 09:15:00,7,2,23,9,15,350,327,,,,Plein jour,Hors agglomération,Hors intersection,Temps couvert,Deux véhicules - frontale,,,,,,,,,,,1,1,1,8,1
200700006256,0007-02-28 02:45:00,7,2,28,2,45,350,283,,,,Nuit sans éclairage public,Hors agglomération,Hors intersection,Pluie légère,Deux véhicules - arrière,,,,,,,,,,,3,1,1,2,2
200700006257,0007-02-21 18:30:00,7,2,21,18,30,350,125,43 FBG de Rennes,47.948,-1.236,Nuit avec éclairage allumé,En agglomération,Hors intersection,Normale,Deux véhicules - côté,,,,,,,,,,,5,2,1,1,3
200700006258,0007-02-28 18:25:00,7,2,28,18,25,350,359,la cornouaille,,,Plein jour,Hors agglomération,Hors intersection,Normale,Deux véhicules - frontale,,,,,,,,,,,1,1,1,1,1
200700006259,0007-02-14 10:35:00,7,2,14,10,35,220,47,Le faouet,48.313,-3.037,Plein jour,Hors agglomération,Hors intersection,Temps couvert,Trois véhicules et plus - collisions multiples,,,,,,,,,,,1,1,1,8,5
200700006260,0007-02-20 14:10:00,7,2,20,14,10,220,222,1 RUE GEORGES CLEMENCEAU,,,Plein jour,En agglomération,Hors intersection,Normale,Deux véhicules - côté,,,,,,,,,,,1,2,1,1,3
200700006261,0007-02-04 19:30:00,7,2,4,19,30,220,93,rue du stade - TREGOMAR,,,Nuit sans éclairage public,Hors agglomération,Hors intersection,Normale,Deux véhicules - frontale,,,,,,,,,,,3,1,1,1,1
200700006262,0007-02-19 10:15:00,7,2,19,10,15,220,326,,,,Plein jour,Hors agglomération,Hors intersection,Normale,Deux véhicules - côté,,,,,,,,,,,1,1,1,1,3
200700006263,0007-02-04 12:00:00,7,2,4,12,0,220,219,,,,Plein jour,Hors agglomération,Hors intersection,Normale,Deux véhicules - côté,,,,,,,,,,,1,1,1,1,3
200700006264,0007-02-07 15:00:00,7,2,7,15,0,220,186,rue de St Alban,48.586,-2.541,Plein jour,En agglomération,Intersection en T,Normale,Autre collision,,,,,,,,,,,1,2,3,1,6
200700006265,0007-02-10 20:30:00,7,2,10,20,30,220,176,rue du Joseph Hervé,,,Nuit avec éclairage allumé,En agglomération,Hors intersection,Pluie forte,Autre collision,,,,,,,,,,,5,2,1,3,6
200700006266,0007-02-18 18:45:00,7,2,18,18,45,220,59,,48.428,-2.932,Crépuscule ou aube,Hors agglomération,Hors intersection,Normale,Deux véhicules - côté,,,,,,,,,,,2,1,1,1,3
200700006267,0007-02-03 14:45:00,7,2,3,14,45,220,97,,48.433,-2.178,Plein jour,Hors agglomération,Hors intersection,Normale,Deux véhicules - arrière,,,,,,,,,,,1,1,1,1,2
200700006268,0007-02-03 15:50:00,7,2,3,15,50,220,339,u Lotissement du Domaine,,,Plein jour,En agglomération,Intersection en T,Normale,Deux véhicules - frontale,,,,,,,,,,,1,2,3,1,1
200700006269,0007-02-11 12:15:00,7,2,11,12,15,220,388,,48.432,-2.145,Plein jour,Hors agglomération,Intersection en T,Temps couvert,Deux véhicules - côté,,,,,,,,,,,1,1,3,8,3
200700006270,0007-02-24 00:40:00,7,2,24,0,40,220,339,"it ""Les Grandes Touches""",,,Nuit sans éclairage public,Hors agglomération,Hors intersection,Temps couvert,Deux véhicules - frontale,,,,,,,,,,,3,1,1,8,1
200700006271,0007-02-02 23:15:00,7,2,2,23,15,220,209,Rue des Perdriels,48.58,-2.14,Nuit avec éclairage allumé,En agglomération,Hors intersection,Normale,Autre collision,,,,,,,,,,,5,2,1,1,6
200700006272,0007-02-04 05:15:00,7,2,4,5,15,220,282,Bd de la Côte d'Emeraude,48.643,-2.258,Nuit avec éclairage allumé,En agglomération,Intersection en X,Normale,Deux véhicules - côté,,,,,,,,,,,5,2,2,1,3
200700006273,0007-02-10 07:15:00,7,2,10,7,15,220,311,,48.538,-2.225,Crépuscule ou aube,Hors agglomération,Hors intersection,Temps couvert,Deux véhicules - frontale,,,,,,,,,,,2,1,1,8,1
200700006274,0007-02-21 16:15:00,7,2,21,16,15,220,371,,48.201,-2.305,Plein jour,Hors agglomération,Hors intersection,Normale,Trois véhicules et plus - collisions multiples,,,,,,,,,,,1,1,1,1,5
200700006275,0007-02-02 08:00:00,7,2,2,8,0,220,70,FRE et Général DE GAULLE,,,Nuit avec éclairage allumé,En agglomération,Hors intersection,Normale,Deux véhicules - frontale,,,,,,,,,,,5,2,1,1,1
200700006276,0007-02-06 18:00:00,7,2,6,18,0,220,900,rue de BOTLEZAN,48.626,-3.327,Crépuscule ou aube,En agglomération,Hors intersection,Temps couvert,Autre collision,,,,,,,,,,,2,2,1,8,6
200700006277,0007-02-25 05:00:00,7,2,25,5,0,220,204,rue briantel,48.706,-3.167,Nuit avec éclairage non allumé,En agglomération,Hors intersection,Pluie forte,Autre collision,,,,,,,,,,,4,2,1,3,6
200700006278,0007-02-02 17:00:00,7,2,2,17,0,220,354,,48.572,-3.242,Plein jour,Hors agglomération,Hors intersection,Normale,Deux véhicules - arrière,,,,,,,,,,,1,1,1,1,2
200700006279,0007-02-02 18:00:00,7,2,2,18,0,220,245,,,,Crépuscule ou aube,Hors agglomération,Hors intersection,Pluie légère,Deux véhicules - frontale,,,,,,,,,,,2,1,1,2,1
200700006280,0007-02-06 12:45:00,7,2,6,12,45,220,90,,48.778,-3.369,Plein jour,Hors agglomération,Hors intersection,Normale,Deux véhicules - frontale,,,,,,,,,,,1,1,1,1,1
200700006281,0007-02-14 08:00:00,7,2,14,8,0,220,324,,48.793,-3.442,Nuit sans éclairage public,Hors agglomération,Hors intersection,Pluie légère,Deux véhicules - arrière,,,,,,,,,,,3,1,1,2,2
200700006282,0007-02-09 17:15:00,7,2,9,17,15,220,362,rue de la Corderie,48.789,-3.233,Plein jour,En agglomération,Hors intersection,Normale,Autre collision,,,,,,,,,,,1,2,1,1,6
200700006283,0007-02-10 19:00:00,7,2,10,19,0,220,166,,48.801,-3.312,Nuit sans éclairage public,Hors agglomération,Hors intersection,Pluie légère,Deux véhicules - côté,,,,,,,,,,,3,1,1,2,3
200700006284,0007-02-20 11:45:00,7,2,20,11,45,290,197,Rue du Général DE GAULLE,48.018,-4.487,Plein jour,En agglomération,Hors intersection,Normale,Autre collision,,,,,,,,,,,1,2,1,1,6
200700006285,0007-02-26 03:45:00,7,2,26,3,45,290,220,,47.884,-4.216,Nuit avec éclairage allumé,Hors agglomération,Hors intersection,Normale,Autre collision,,,,,,,,,,,5,1,1,1,6
200700006286,0007-02-22 20:30:00,7,2,22,20,30,290,75,,,,Nuit avec éclairage allumé,Hors agglomération,Hors intersection,Pluie forte,Trois véhicules et plus - collisions multiples,,,,,,,,,,,5,1,1,3,5
200700006287,0007-02-26 08:00:00,7,2,26,8,0,290,75,rue Anne de Bretagne,,,Crépuscule ou aube,En agglomération,Autre intersection,Normale,Autre collision,,,,,,,,,,,2,2,9,1,6
200700006288,0007-02-07 17:05:00,7,2,7,17,5,290,260,"""Le Mengleus""",48.437,-4.61,Crépuscule ou aube,Hors agglomération,Intersection en T,Normale,Deux véhicules - côté,,,,,,,,,,,2,1,3,1,3
200700006289,0007-02-01 09:15:00,7,2,1,9,15,290,33,,,,Plein jour,Hors agglomération,Hors intersection,Temps couvert,Deux véhicules - frontale,,,,,,,,,,,1,1,1,8,1
200700006290,0007-02-10 14:30:00,7,2,10,14,30,290,33,,,,Plein jour,Hors agglomération,Autre intersection,Normale,Deux véhicules - frontale,,,,,,,,,,,1,1,9,1,1
200700006291,0007-02-13 05:15:00,7,2,13,5,15,290,42,,48.282,-4.531,Nuit sans éclairage public,Hors agglomération,Hors intersection,Normale,Sans collision,,,,,,,,,,,3,1,1,1,7
200700006292,0007-02-21 22:15:00,7,2,21,22,15,290,42,,48.259,-4.528,Nuit sans éclairage public,Hors agglomération,Hors intersection,Normale,Deux véhicules - côté,,,,,,,,,,,3,1,1,1,3
200700006293,0007-02-24 01:00:00,7,2,24,1,0,290,14,,48.516,-3.63,Nuit sans éclairage public,Hors agglomération,Hors intersection,Normale,Sans collision,,,,,,,,,,,3,1,1,1,7
200700006294,0007-02-01 19:30:00,7,2,1,19,30,290,192,CD 69,48.603,-4.051,Nuit sans éclairage public,Hors agglomération,Hors intersection,Temps couvert,Deux véhicules - arrière,,,,,,,,,,,3,1,1,8,2
200700006295,0007-02-04 22:15:00,7,2,4,22,15,290,187,,,,Nuit sans éclairage public,Hors agglomération,Hors intersection,Temps couvert,Autre collision,,,,,,,,,,,3,1,1,8,6
200700006296,0007-02-20 17:30:00,7,2,20,17,30,560,194,,47.616,-2.158,Nuit sans éclairage public,Hors agglomération,Hors intersection,Pluie légère,Deux véhicules - frontale,,,,,,,,,,,3,1,1,2,1
200700006297,0007-02-12 06:15:00,7,2,12,6,15,560,126,,,,Nuit sans éclairage public,Hors agglomération,Hors intersection,Pluie légère,Autre collision,,,,,,,,,,,3,1,1,2,6
200700006298,0007-02-15 19:00:00,7,2,15,19,0,560,147,,,,Nuit sans éclairage public,Hors agglomération,Hors intersection,Normale,Deux véhicules - arrière,,,,,,,,,,,3,1,1,1,2
200700006299,0007-02-20 23:30:00,7,2,20,23,30,560,143,RUE PENESCLUS,,,Nuit avec éclairage allumé,En agglomération,Hors intersection,Normale,Autre collision,,,,,,,,,,,5,2,1,1,6
200700006300,0007-02-15 07:30:00,7,2,15,7,30,560,231,,,,Crépuscule ou aube,Hors agglomération,Hors intersection,Pluie légère,Deux véhicules - côté,,,,,,,,,,,2,1,1,2,3
200700006301,0007-02-17 20:00:00,7,2,17,20,0,560,36,,,,Crépuscule ou aube,Hors agglomération,Hors intersection,Normale,Deux véhicules - côté,,,,,,,,,,,2,1,1,1,3
200700006302,0007-02-18 19:30:00,7,2,18,19,30,560,263,LE CHEVAL BLANC,,,Nuit avec éclairage allumé,En agglomération,Hors intersection,Brouillard / fumée,Autre collision,,,,,,,,,,,5,2,1,5,6
200700006303,0007-02-22 18:15:00,7,2,22,18,15,560,167,PLACE DE LA MAIRIE,47.656,-2.917,Plein jour,En agglomération,Hors intersection,Normale,Trois véhicules et plus - collisions multiples,,,,,,,,,,,1,2,1,1,5
200700006304,0007-02-07 06:30:00,7,2,7,6,30,560,114,,47.309,-3.143,Nuit sans éclairage public,Hors agglomération,Hors intersection,Pluie légère,Autre collision,,,,,,,,,,,3,1,1,2,6
200700006305,0007-02-11 01:45:00,7,2,11,1,45,560,168,route d'auray,47.603,-3.11,Nuit avec éclairage allumé,En agglomération,Hors intersection,Vent fort / tempête,Sans collision,,,,,,,,,,,5,2,1,6,7
200700006306,0007-02-11 05:15:00,7,2,11,5,15,560,78,ROND POINT DES 5 CHEMINS,,,Nuit sans éclairage public,En agglomération,Giratoire,Vent fort / tempête,Autre collision,,,,,,,,,,,3,2,6,6,6