accident_id,datetime,annee,mois,jour,heure,minute,departement,commune_insee,adresse,latitude,longitude,luminosite,agglomeration,intersection,meteo,collision,nb_vehicules,nb_usagers,nb_indemnes,nb_tues,nb_blesses_hosp,nb_blesses_legers,age_cond_1,age_cond_2,veh_type_cond_1,veh_type_cond_2,lum_code,agg_code,int_code,atm_code,col_code
200700006577,0007-02-22 08:00:00,7,2,22,8,0,230,111,,46.224,1.574,Plein jour,Hors agglomération,Hors intersection,Normale,Deux véhicules - arrière,,,,,,,,,,,1,1,1,1,2
200700006578,0007-02-22 16:30:00,7,2,22,16,30,230,131,"ne au lieu dit ""La gare""",,,Plein jour,En agglomération,Hors intersection,Normale,Deux véhicules - frontale,,,,,,,,,,,1,2,1,1,1
200700006579,0007-02-13 15:30:00,7,2,13,15,30,230,30,1 Av du Docteur Butaud,45.959,1.758,Plein jour,En agglomération,Hors intersection,Normale,Autre collision,,,,,,,,,,,1,2,1,1,6
200700006580,0007-02-04 13:45:00,7,2,4,13,45,310,44,"AVENUE DES AEROSTIERS, r",,,Plein jour,En agglomération,Autre intersection,Normale,Deux véhicules - frontale,,,,,,,,,,,1,2,9,1,1
200700006581,0007-02-09 06:30:00,7,2,9,6,30,310,515,,,,Nuit sans éclairage public,Hors agglomération,Hors intersection,Normale,Trois véhicules et plus - collisions multiples,,,,,,,,,,,3,1,1,1,5
200700006582,0007-02-24 19:45:00,7,2,24,19,45,310,202,Carrefour CD 4 / CD 47,,,Nuit sans éclairage public,En agglomération,Hors intersection,Pluie légère,Deux véhicules - côté,,,,,,,,,,,3,2,1,2,3
200700006583,0007-02-21 08:00:00,7,2,21,8,0,310,433,RD 120 - Route d'Espagne,43.549,1.418,Plein jour,En agglomération,Hors intersection,Normale,Deux véhicules - arrière,,,,,,,,,,,1,2,1,1,2
200700006584,0007-02-06 18:45:00,7,2,6,18,45,310,91,21 Rue des Sports,43.731,1.414,Nuit avec éclairage allumé,En agglomération,Hors intersection,Normale,Deux véhicules - côté,,,,,,,,,,,5,2,1,1,3
200700006585,0007-02-20 05:45:00,7,2,20,5,45,310,117,,43.719,1.52,Nuit sans éclairage public,Hors agglomération,Hors intersection,Brouillard / fumée,Deux véhicules - arrière,,,,,,,,,,,3,1,1,5,2
200700006586,0007-02-15 12:45:00,7,2,15,12,45,310,395,,,,Plein jour,Hors agglomération,Hors intersection,Normale,Deux véhicules - frontale,,,,,,,,,,,1,1,1,1,1
200700006587,0007-02-20 16:00:00,7,2,20,16,0,310,379,,43.323,1.304,Plein jour,Hors agglomération,Hors intersection,Normale,Sans collision,,,,,,,,,,,1,1,1,1,7
200700006588,0007-02-23 19:00:00,7,2,23,19,0,310,361,,43.351,1.325,Nuit sans éclairage public,Hors agglomération,Hors intersection,Normale,Deux véhicules - arrière,,,,,,,,,,,3,1,1,1,2
200700006589,0007-02-22 08:00:00,7,2,22,8,0,310,375,,43.2,1.232,Plein jour,En agglomération,Hors intersection,Normale,Deux véhicules - arrière,,,,,,,,,,,1,2,1,1,2
200700006590,0007-02-28 11:15:00,7,2,28,11,15,310,193,,43.267,1.07,Plein jour,Hors agglomération,Hors intersection,Temps couvert,Deux véhicules - arrière,,,,,,,,,,,1,1,1,8,2
200700006591,0007-02-06 21:30:00,7,2,6,21,30,310,499,llevue Route de BONREPOS,,,Nuit avec éclairage allumé,En agglomération,Hors intersection,Normale,Autre collision,,,,,,,,,,,5,2,1,1,6
200700006592,0007-02-17 09:30:00,7,2,17,9,30,310,65,route de carbonne,,,Plein jour,En agglomération,Hors intersection,Normale,Sans collision,,,,,,,,,,,1,2,1,1,7
200700006593,0007-02-23 15:00:00,7,2,23,15,0,310,454,lieu dit La Barthe,,,Plein jour,Hors agglomération,Hors intersection,Normale,Deux véhicules - côté,,,,,,,,,,,1,1,1,1,3
200700006594,0007-02-20 16:15:00,7,2,20,16,15,310,377,,43.425,1.686,Plein jour,Hors agglomération,Hors intersection,Normale,Deux véhicules - arrière,,,,,,,,,,,1,1,1,1,2
200700006595,0007-02-14 12:00:00,7,2,14,12,0,90,272,,42.922,1.64,Plein jour,Hors agglomération,Hors intersection,Normale,Deux véhicules - frontale,,,,,,,,,,,1,1,1,1,1
200700006596,0007-02-04 02:30:00,7,2,4,2,30,90,3,,42.92,1.89,Nuit sans éclairage public,Hors agglomération,Hors intersection,Normale,Sans collision,,,,,,,,,,,3,1,1,1,7
200700006597,0007-02-24 20:45:00,7,2,24,20,45,90,265,Chemin de la Z.A.,43.088,1.634,Nuit sans éclairage public,En agglomération,Hors intersection,Normale,Autre collision,,,,,,,,,,,3,2,1,1,6
200700006598,0007-02-08 21:30:00,7,2,8,21,30,90,105,,43.14,1.3,Nuit sans éclairage public,Hors agglomération,Hors intersection,Normale,Autre collision,,,,,,,,,,,3,1,1,1,6
200700006599,0007-02-07 12:30:00,7,2,7,12,30,90,214,CD 618,,,Plein jour,Hors agglomération,Hors intersection,Normale,Deux véhicules - frontale,,,,,,,,,,,1,1,1,1,1
200700006600,0007-02-17 20:05:00,7,2,17,20,5,90,118,Lieu Dit Campagna,,,Nuit sans éclairage public,Hors agglomération,Hors intersection,Normale,Autre collision,,,,,,,,,,,3,1,1,1,6
200700006601,0007-02-26 13:15:00,7,2,26,13,15,90,268,CD 117,43.003,1.135,Plein jour,Hors agglomération,Hors intersection,Normale,Trois véhicules et plus - collisions multiples,,,,,,,,,,,1,1,1,1,5
200700006602,0007-02-19 00:30:00,7,2,19,0,30,90,235,,43.043,0.994,Nuit sans éclairage public,Hors agglomération,Hors intersection,Normale,Autre collision,,,,,,,,,,,3,1,1,1,6
200700006603,0007-02-12 07:15:00,7,2,12,7,15,120,96,,,,Nuit avec éclairage allumé,Hors agglomération,Hors intersection,Pluie forte,Autre collision,,,,,,,,,,,5,1,1,3,6
200700006604,0007-02-17 15:15:00,7,2,17,15,15,120,223,,44.809,2.756,Plein jour,Hors agglomération,Hors intersection,Pluie légère,Autre collision,,,,,,,,,,,1,1,1,2,6
200700006605,0007-02-04 05:15:00,7,2,4,5,15,120,286,CD 999,,,Nuit sans éclairage public,En agglomération,Hors intersection,Pluie légère,Autre collision,,,,,,,,,,,3,2,1,2,6
200700006606,0007-02-20 03:45:00,7,2,20,3,45,120,244,,,,Nuit sans éclairage public,Hors agglomération,Hors intersection,Brouillard / fumée,Autre collision,,,,,,,,,,,3,1,1,5,6
200700006607,0007-02-24 12:00:00,7,2,24,12,0,120,243,,44.006,2.955,Plein jour,Hors agglomération,Hors intersection,Temps couvert,Deux véhicules - frontale,,,,,,,,,,,1,1,1,8,1
200700006608,0007-02-03 18:00:00,7,2,3,18,0,120,109,,43.873,2.893,Crépuscule ou aube,Hors agglomération,Hors intersection,Normale,Deux véhicules - frontale,,,,,,,,,,,2,1,1,1,1
200700006609,0007-02-02 07:45:00,7,2,2,7,45,120,159,CD 71,,,Crépuscule ou aube,Hors agglomération,Hors intersection,Autre,Sans collision,,,,,,,,,,,2,1,1,9,7
200700006610,0007-02-21 15:00:00,7,2,21,15,0,120,300,,44.337,2.058,Plein jour,Hors agglomération,Hors intersection,Pluie légère,Deux véhicules - frontale,,,,,,,,,,,1,1,1,2,1
200700006611,0007-02-04 07:30:00,7,2,4,7,30,320,268,,43.613,0.967,Crépuscule ou aube,Hors agglomération,Hors intersection,Brouillard / fumée,Deux véhicules - frontale,,,,,,,,,,,2,1,1,5,1
200700006612,0007-02-11 13:00:00,7,2,11,13,0,320,148,,43.621,0.929,Plein jour,Hors agglomération,Hors intersection,Normale,Autre collision,,,,,,,,,,,1,1,1,1,6
200700006613,0007-02-20 20:30:00,7,2,20,20,30,320,334,,,,Nuit sans éclairage public,Hors agglomération,Hors intersection,Normale,Deux véhicules - arrière,,,,,,,,,,,3,1,1,1,2
200700006614,0007-02-24 17:00:00,7,2,24,17,0,320,322,,,,Plein jour,Hors agglomération,Hors intersection,Normale,Trois véhicules et plus - collisions multiples,,,,,,,,,,,1,1,1,1,5
200700006615,0007-02-28 19:00:00,7,2,28,19,0,320,321,,43.534,0.855,Nuit sans éclairage public,Hors agglomération,Hors intersection,Normale,Deux véhicules - frontale,,,,,,,,,,,3,1,1,1,1
200700006616,0007-02-18 17:00:00,7,2,18,17,0,320,5,,43.731,-0.033,Crépuscule ou aube,Hors agglomération,Hors intersection,Pluie légère,Sans collision,,,,,,,,,,,2,1,1,2,7
200700006617,0007-02-23 10:00:00,7,2,23,10,0,320,119,,43.846,0.152,Plein jour,Hors agglomération,Hors intersection,Normale,Deux véhicules - côté,,,,,,,,,,,1,1,1,1,3
200700006618,0007-02-05 17:00:00,7,2,5,17,0,320,385,,,,Plein jour,Hors agglomération,Hors intersection,Normale,Autre collision,,,,,,,,,,,1,1,1,1,6
200700006619,0007-02-06 08:45:00,7,2,6,8,45,320,41,,43.426,0.642,Plein jour,Hors agglomération,Hors intersection,Pluie légère,Autre collision,,,,,,,,,,,1,1,1,2,6
200700006620,0007-02-19 12:45:00,7,2,19,12,45,320,233,,43.537,0.161,Plein jour,Hors agglomération,Hors intersection,Normale,Autre collision,,,,,,,,,,,1,1,1,1,6
200700006621,0007-02-02 22:15:00,7,2,2,22,15,320,49,,43.716,0.019,Nuit sans éclairage public,Hors agglomération,Hors intersection,Normale,Sans collision,,,,,,,,,,,3,1,1,1,7
200700006622,0007-02-17 15:15:00,7,2,17,15,15,320,245,,43.623,-0.103,Plein jour,Hors agglomération,Hors intersection,Normale,Autre collision,,,,,,,,,,,1,1,1,1,6
200700006623,0007-02-23 12:15:00,7,2,23,12,15,320,199,,43.616,0.063,Plein jour,Hors agglomération,Intersection en X,Normale,Deux véhicules - côté,,,,,,,,,,,1,1,2,1,3
200700006624,0007-02-23 12:00:00,7,2,23,12,0,460,340,,44.53,1.455,Plein jour,Hors agglomération,Hors intersection,Normale,Deux véhicules - côté,,,,,,,,,,,1,1,1,1,3
200700006625,0007-02-06 16:15:00,7,2,6,16,15,460,44,,,,Plein jour,Hors agglomération,Hors intersection,Pluie légère,Autre collision,,,,,,,,,,,1,1,1,2,6
200700006626,0007-02-19 15:30:00,7,2,19,15,30,460,102,,44.631,2.025,Plein jour,Hors agglomération,Hors intersection,Normale,Deux véhicules - frontale,,,,,,,,,,,1,1,1,1,1
200700006627,0007-02-24 17:00:00,7,2,24,17,0,460,121,,44.726,1.514,Crépuscule ou aube,Hors agglomération,Hors intersection,Pluie légère,Autre collision,,,,,,,,,,,2,1,1,2,6
200700006628,0007-02-27 19:15:00,7,2,27,19,15,650,183,,43.213,0.405,Nuit sans éclairage public,Hors agglomération,Hors intersection,Normale,Deux véhicules - frontale,,,,,,,,,,,3,1,1,1,1
200700006629,0007-02-15 16:30:00,7,2,15,16,30,650,372,,43.346,0.071,Plein jour,Hors agglomération,Hors intersection,Normale,Trois véhicules et plus - en chaîne,,,,,,,,,,,1,1,1,1,4
200700006630,0007-02-20 11:45:00,7,2,20,11,45,650,7,,43.331,0.065,Plein jour,Hors agglomération,Hors intersection,Normale,Sans collision,,,,,,,,,,,1,1,1,1,7
200700006631,0007-02-20 20:15:00,7,2,20,20,15,650,412,,43.481,0.096,Crépuscule ou aube,Hors agglomération,Hors intersection,Normale,Deux véhicules - côté,,,,,,,,,,,2,1,1,1,3
200700006632,0007-02-13 18:00:00,7,2,13,18,0,650,481,rue Ramond,42.901,0.065,Nuit avec éclairage allumé,En agglomération,Hors intersection,Normale,Autre collision,,,,,,,,,,,5,2,1,1,6
200700006633,0007-02-16 15:45:00,7,2,16,15,45,650,59,Place LAFAYETTE,,,Plein jour,En agglomération,Hors intersection,Normale,Autre collision,,,,,,,,,,,1,2,1,1,6
200700006634,0007-02-26 17:30:00,7,2,26,17,30,650,335,Lieu-dit Jarni,,,Plein jour,Hors agglomération,Hors intersection,Pluie légère,Autre collision,,,,,,,,,,,1,1,1,2,6
200700006635,0007-02-12 17:45:00,7,2,12,17,45,650,258,oute départementrale 817,43.128,0.387,Plein jour,Hors agglomération,Hors intersection,Pluie forte,Deux véhicules - arrière,,,,,,,,,,,1,1,1,3,2
200700006636,0007-02-06 18:00:00,7,2,6,18,0,810,71,,43.945,2.402,Crépuscule ou aube,Hors agglomération,Hors intersection,Temps couvert,Deux véhicules - frontale,,,,,,,,,,,2,1,1,8,1
200700006637,0007-02-10 05:00:00,7,2,10,5,0,810,40,,43.736,2.067,Nuit sans éclairage public,Hors agglomération,Hors intersection,Pluie forte,Autre collision,,,,,,,,,,,3,1,1,3,6
200700006638,0007-02-03 19:55:00,7,2,3,19,55,690,89,ue de la Table de Pierre,,,Nuit avec éclairage allumé,En agglomération,Hors intersection,Normale,Autre collision,,,,,,,,,,,5,2,1,1,6
200700006639,0007-02-21 14:45:00,7,2,21,14,45,690,69,rtin et avenue E.millaud,,,Plein jour,En agglomération,Intersection en X,Normale,Deux véhicules - côté,,,,,,,,,,,1,2,2,1,3
200700006640,0007-02-04 19:40:00,7,2,4,19,40,810,81,", à hauteur de l'abbaye",,,Nuit avec éclairage allumé,Hors agglomération,Hors intersection,Normale,Deux véhicules - frontale,,,,,,,,,,,5,1,1,1,1
200700006641,0007-02-21 18:15:00,7,2,21,18,15,820,161,,,,Plein jour,Hors agglomération,Hors intersection,Normale,Deux véhicules - frontale,,,,,,,,,,,1,1,1,1,1
200700006642,0007-02-09 12:45:00,7,2,9,12,45,820,13,Route de Sérignac,43.894,0.991,Plein jour,En agglomération,Hors intersection,Temps couvert,Autre collision,,,,,,,,,,,1,2,1,8,6
200700006643,0007-02-06 17:45:00,7,2,6,17,45,820,48,oute de Montauban - CD 6,43.871,1.277,Crépuscule ou aube,Hors agglomération,Hors intersection,Pluie légère,Trois véhicules et plus - collisions multiples,,,,,,,,,,,2,1,1,2,5
200700006644,0007-02-21 06:15:00,7,2,21,6,15,820,75,Route d'Ondes (CD49),,,Nuit sans éclairage public,Hors agglomération,Hors intersection,Normale,Autre collision,,,,,,,,,,,3,1,1,1,6
200700006645,0007-02-09 19:15:00,7,2,9,19,15,820,94,,,,Nuit sans éclairage public,Hors agglomération,Hors intersection,Pluie légère,Autre collision,,,,,,,,,,,3,1,1,2,6
200700006646,0007-02-11 12:30:00,7,2,11,12,30,820,112,,44.164,1.114,Plein jour,Hors agglomération,Hors intersection,Pluie légère,Autre collision,,,,,,,,,,,1,1,1,2,6
200700006647,0007-02-19 11:45:00,7,2,19,11,45,820,5,,43.818,1.196,Plein jour,Hors agglomération,Intersection en X,Normale,Deux véhicules - côté,,,,,,,,,,,1,1,2,1,3
200700006648,0007-02-01 08:30:00,7,2,1,8,30,690,76,,,,Plein jour,Hors agglomération,Hors intersection,Normale,Deux véhicules - frontale,,,,,,,,,,,1,1,1,1,1
200700006649,0007-02-03 17:00:00,7,2,3,17,0,690,76,,,,Plein jour,Hors agglomération,Hors intersection,Temps couvert,Autre collision,,,,,,,,,,,1,1,1,8,6
200700006650,0007-02-13 16:45:00,7,2,13,16,45,690,72,Route Nationale 6,,,Plein jour,En agglomération,Hors intersection,Normale,Autre collision,,,,,,,,,,,1,2,1,1,6
200700006651,0007-02-16 20:45:00,7,2,16,20,45,690,279,,,,Nuit sans éclairage public,Hors agglomération,Hors intersection,Normale,Autre collision,,,,,,,,,,,3,1,1,1,6
200700006652,0007-02-05 11:30:00,7,2,5,11,30,690,116,RD 306,,,Plein jour,En agglomération,Hors intersection,Normale,Deux véhicules - côté,,,,,,,,,,,1,2,1,1,3
200700006653,0007-02-28 16:00:00,7,2,28,16,0,690,117,,,,Plein jour,Hors agglomération,Intersection en T,Normale,Deux véhicules - côté,,,,,,,,,,,1,1,3,1,3
200700006654,0007-02-05 16:40:00,7,2,5,16,40,690,204,ave Chamoine Cartelier,,,Plein jour,En agglomération,Autre intersection,Temps couvert,Autre collision,,,,,,,,,,,1,2,9,8,6
200700006655,0007-02-02 09:00:00,7,2,2,9,0,690,288,Rue des CATELINES,45.698,5.045,Plein jour,En agglomération,Intersection en T,Normale,Deux véhicules - côté,,,,,,,,,,,1,2,3,1,3
200700006656,0007-02-17 17:20:00,7,2,17,17,20,690,299,ion de la ferme Berthier,,,Crépuscule ou aube,Hors agglomération,Intersection en X,Normale,Deux véhicules - côté,,,,,,,,,,,2,1,2,1,3
200700006657,0007-02-22 10:25:00,7,2,22,10,25,690,289,oute d'Heyrieux - RD 318,,,Plein jour,Hors agglomération,Hors intersection,Normale,Sans collision,,,,,,,,,,,1,1,1,1,7
200700006658,0007-02-17 17:15:00,7,2,17,17,15,690,283,route de Corbas,,,Plein jour,En agglomération,Giratoire,Normale,Deux véhicules - côté,,,,,,,,,,,1,2,6,1,3
200700006659,0007-02-23 21:45:00,7,2,23,21,45,690,283,rue de l'industrie,,,Nuit avec éclairage allumé,En agglomération,Autre intersection,Normale,Autre collision,,,,,,,,,,,5,2,9,1,6
200700006660,0007-02-17 11:00:00,7,2,17,11,0,690,133,RD 386,,,Plein jour,Hors agglomération,Intersection en T,Normale,Deux véhicules - frontale,,,,,,,,,,,1,1,3,1,1
200700006661,0007-02-18 18:00:00,7,2,18,18,0,690,136,RD 386,,,Nuit avec éclairage allumé,En agglomération,Hors intersection,Normale,Sans collision,,,,,,,,,,,5,2,1,1,7
200700006662,0007-02-17 15:00:00,7,2,17,15,0,690,83,chemin des grands fonds,,,Plein jour,En agglomération,Hors intersection,Normale,Deux véhicules - arrière,,,,,,,,,,,1,2,1,1,2
200700006663,0007-02-23 09:30:00,7,2,23,9,30,690,10,Route de Paris,,,Plein jour,Hors agglomération,Hors intersection,Normale,Deux véhicules - côté,,,,,,,,,,,1,1,1,1,3
200700006664,0007-02-08 12:00:00,7,2,8,12,0,690,220,CD 489 LES HALLES 69610,,,Plein jour,En agglomération,Hors intersection,Normale,Deux véhicules - côté,,,,,,,,,,,1,2,1,1,3
200700006665,0007-02-18 03:00:00,7,2,18,3,0,690,95,Le bourg,,,Nuit avec éclairage allumé,En agglomération,Hors intersection,Normale,Autre collision,,,,,,,,,,,5,2,1,1,6
200700006666,0007-02-20 19:00:00,7,2,20,19,0,690,291,,,,Crépuscule ou aube,Hors agglomération,Hors intersection,Normale,Deux véhicules - arrière,,,,,,,,,,,2,1,1,1,2
200700006667,0007-02-05 12:15:00,7,2,5,12,15,690,148,264 route du Paradis,,,Plein jour,En agglomération,Hors intersection,Normale,Autre collision,,,,,,,,,,,1,2,1,1,6
200700006668,0007-02-23 15:30:00,7,2,23,15,30,690,141,e Insdustrielle Les Plat,,,Plein jour,Hors agglomération,Hors intersection,Normale,Deux véhicules - frontale,,,,,,,,,,,1,1,1,1,1
200700006669,0007-02-10 17:50:00,7,2,10,17,50,690,52,oute de Civrieux (CD 30),,,Crépuscule ou aube,Hors agglomération,Hors intersection,Temps couvert,Deux véhicules - frontale,,,,,,,,,,,2,1,1,8,1
200700006670,0007-02-20 17:35:00,7,2,20,17,35,690,121,rte de Lyon,,,Plein jour,En agglomération,Hors intersection,Normale,Deux véhicules - frontale,,,,,,,,,,,1,2,1,1,1
200700006671,0007-02-21 12:15:00,7,2,21,12,15,690,156,chemin de la fontaine,,,Plein jour,En agglomération,Hors intersection,Normale,Autre collision,,,,,,,,,,,1,2,1,1,6
200700006672,0007-02-01 20:00:00,7,2,1,20,0,690,18,,,,Nuit avec éclairage allumé,Hors agglomération,Hors intersection,Normale,Deux véhicules - arrière,,,,,,,,,,,5,1,1,1,2
200700006673,0007-02-11 16:00:00,7,2,11,16,0,690,15,,,,Plein jour,Hors agglomération,Hors intersection,Normale,Deux véhicules - arrière,,,,,,,,,,,1,1,1,1,2
200700006674,0007-02-05 00:01:00,7,2,5,0,1,690,19,RUE VICTOR HUGO,,,Nuit avec éclairage allumé,En agglomération,Hors intersection,Normale,Deux véhicules - frontale,,,,,,,,,,,5,2,1,1,1
200700006675,0007-02-16 17:15:00,7,2,16,17,15,690,19,130 RUE DE LA REPUBLIQUE,46.114,4.741,Plein jour,En agglomération,Hors intersection,Normale,Trois véhicules et plus - collisions multiples,,,,,,,,,,,1,2,1,1,5
200700006676,0007-02-22 22:30:00,7,2,22,22,30,690,211,Lieu dit Beauval,46.12,4.711,Nuit sans éclairage public,Hors agglomération,Hors intersection,Normale,Autre collision,,,,,,,,,,,3,1,1,1,6
200700006677,0007-02-23 13:30:00,7,2,23,13,30,690,111,,,,Plein jour,Hors agglomération,Hors intersection,Normale,Autre collision,,,,,,,,,,,1,1,1,1,6
200700006678,0007-02-10 12:25:00,7,2,10,12,25,690,102,LE 7 PIN DU PIN BOUCHAIN,,,Plein jour,Hors agglomération,Hors intersection,Temps couvert,Trois véhicules et plus - collisions multiples,,,,,,,,,,,1,1,1,8,5
200700006679,0007-02-25 22:15:00,7,2,25,22,15,690,66,Rue de la Vapeur,,,Nuit avec éclairage allumé,En agglomération,Hors intersection,Pluie légère,Autre collision,,,,,,,,,,,5,2,1,2,6
200700006680,0007-02-18 02:00:00,7,2,18,2,0,10,211,route de bourg,,,Nuit avec éclairage allumé,En agglomération,Hors intersection,Normale,Deux véhicules - frontale,,,,,,,,,,,5,2,1,1,1
200700006681,0007-02-02 04:00:00,7,2,2,4,0,10,273,"Lieu dit ""Thol""",,,Nuit sans éclairage public,Hors agglomération,Hors intersection,Normale,Autre collision,,,,,,,,,,,3,1,1,1,6
200700006682,0007-02-08 18:30:00,7,2,8,18,30,10,363,,,,Nuit avec éclairage allumé,En agglomération,Hors intersection,Normale,Autre collision,,,,,,,,,,,5,2,1,1,6
200700006683,0007-02-08 17:00:00,7,2,8,17,0,10,231,RUE DE LA FRERIE,,,Plein jour,En agglomération,Hors intersection,Normale,Deux véhicules - côté,,,,,,,,,,,1,2,1,1,3
200700006684,0007-02-25 12:45:00,7,2,25,12,45,10,15,,,,Plein jour,Hors agglomération,Hors intersection,Pluie légère,Autre collision,,,,,,,,,,,1,1,1,2,6
200700006685,0007-02-17 18:30:00,7,2,17,18,30,10,116,,,,Nuit sans éclairage public,Hors agglomération,Hors intersection,Normale,Sans collision,,,,,,,,,,,3,1,1,1,7
200700006686,0007-02-18 21:45:00,7,2,18,21,45,10,118,,,,Nuit sans éclairage public,Hors agglomération,Hors intersection,Pluie légère,Sans collision,,,,,,,,,,,3,1,1,2,7
200700006687,0007-02-21 14:00:00,7,2,21,14,0,10,138,,,,Plein jour,Hors agglomération,Intersection en X,Normale,Deux véhicules - côté,,,,,,,,,,,1,1,2,1,3
200700006688,0007-02-06 07:30:00,7,2,6,7,30,10,7,rsection RD1075 et RD12A,,,Crépuscule ou aube,Hors agglomération,Intersection en X,Pluie légère,Deux véhicules - côté,,,,,,,,,,,2,1,2,2,3
200700006689,0007-02-09 08:45:00,7,2,9,8,45,10,213,,,,Plein jour,Hors agglomération,Hors intersection,Brouillard / fumée,Autre collision,,,,,,,,,,,1,1,1,5,6
200700006690,0007-02-11 03:45:00,7,2,11,3,45,10,4,139 rue saint geroges,45.962,5.346,Nuit avec éclairage non allumé,En agglomération,Hors intersection,Pluie légère,Sans collision,,,,,,,,,,,4,2,1,2,7
200700006691,0007-02-11 11:00:00,7,2,11,11,0,10,345,,,,Plein jour,Hors agglomération,Autre intersection,Normale,Deux véhicules - côté,,,,,,,,,,,1,1,9,1,3
200700006692,0007-02-19 18:45:00,7,2,19,18,45,10,4,Rue Aimé PONCET,,,Nuit avec éclairage allumé,En agglomération,Intersection en X,Normale,Deux véhicules - côté,,,,,,,,,,,5,2,2,1,3
200700006693,0007-02-26 08:00:00,7,2,26,8,0,10,265,,,,Plein jour,Hors agglomération,Hors intersection,Pluie forte,Deux véhicules - frontale,,,,,,,,,,,1,1,1,3,1
200700006694,0007-02-14 19:00:00,7,2,14,19,0,10,91,RD 1084,,,Nuit sans éclairage public,Hors agglomération,Intersection en X,Normale,Deux véhicules - côté,,,,,,,,,,,3,1,2,1,3
200700006695,0007-02-18 17:45:00,7,2,18,17,45,10,143,CD984C - Rue des Bains,,,Plein jour,En agglomération,Hors intersection,Normale,Deux véhicules - frontale,,,,,,,,,,,1,2,1,1,1
200700006696,0007-02-09 19:55:00,7,2,9,19,55,10,419,CD 884,,,Nuit sans éclairage public,Hors agglomération,Hors intersection,Normale,Deux véhicules - côté,,,,,,,,,,,3,1,1,1,3
200700006697,0007-02-08 18:30:00,7,2,8,18,30,10,194,douard HERRIOT et rue de,,,Nuit avec éclairage non allumé,En agglomération,Giratoire,Pluie légère,Deux véhicules - frontale,,,,,,,,,,,4,2,6,2,1
200700006698,0007-02-25 11:45:00,7,2,25,11,45,10,235,,,,Plein jour,Hors agglomération,Hors intersection,Temps couvert,Deux véhicules - frontale,,,,,,,,,,,1,1,1,8,1
200700006699,0007-02-05 17:45:00,7,2,5,17,45,10,272,Place de la Mairie,,,Crépuscule ou aube,En agglomération,Hors intersection,Normale,Deux véhicules - côté,,,,,,,,,,,2,2,1,1,3
200700006700,0007-02-16 21:30:00,7,2,16,21,30,10,93,,,,Nuit avec éclairage allumé,Hors agglomération,Giratoire,Normale,Sans collision,,,,,,,,,,,5,1,6,1,7
200700006701,0007-02-03 09:00:00,7,2,3,9,0,10,290,,,,Plein jour,Hors agglomération,Hors intersection,Normale,Deux véhicules - frontale,,,,,,,,,,,1,1,1,1,1
200700006702,0007-02-05 16:15:00,7,2,5,16,15,10,275,1 rue du Rhône,,,Plein jour,En agglomération,Hors intersection,Normale,Autre collision,,,,,,,,,,,1,2,1,1,6
200700006703,0007-02-06 01:00:00,7,2,6,1,0,10,142,ROUTE DE GENEVE,,,Nuit avec éclairage allumé,En agglomération,Hors intersection,Normale,Sans collision,,,,,,,,,,,5,2,1,1,7
200700006704,0007-02-23 08:50:00,7,2,23,8,50,10,49,Rue des Pré Mayeux,,,Plein jour,En agglomération,Hors intersection,Normale,Sans collision,,,,,,,,,,,1,2,1,1,7
200700006705,0007-02-20 14:00:00,7,2,20,14,0,70,289,devant La Poste,,,Plein jour,En agglomération,Intersection en Y,Normale,Deux véhicules - côté,,,,,,,,,,,1,2,4,1,3
200700006706,0007-02-23 18:15:00,7,2,23,18,15,70,127,AVENUE DE LA GARE,,,Crépuscule ou aube,En agglomération,Hors intersection,Pluie légère,Autre collision,,,,,,,,,,,2,2,1,2,6
200700006707,0007-02-10 19:00:00,7,2,10,19,0,70,115,,44.478,4.292,Nuit sans éclairage public,Hors agglomération,Hors intersection,Normale,Autre collision,,,,,,,,,,,3,1,1,1,6
200700006708,0007-02-11 20:15:00,7,2,11,20,15,70,291,,44.39,4.529,Nuit sans éclairage public,Hors agglomération,Hors intersection,Pluie légère,Deux véhicules - frontale,,,,,,,,,,,3,1,1,2,1
200700006709,0007-02-06 08:00:00,7,2,6,8,0,70,24,,,,Crépuscule ou aube,Hors agglomération,Hors intersection,Brouillard / fumée,Deux véhicules - frontale,,,,,,,,,,,2,1,1,5,1
200700006710,0007-02-18 10:30:00,7,2,18,10,30,70,50,LE COUSSILLON,,,Plein jour,En agglomération,Hors intersection,Pluie légère,Deux véhicules - frontale,,,,,,,,,,,1,2,1,2,1
200700006711,0007-02-05 10:30:00,7,2,5,10,30,260,362,Boulevard FRANKLIN ROOSE,,,Plein jour,En agglomération,Hors intersection,Normale,Deux véhicules - côté,,,,,,,,,,,1,2,1,1,3