accident_id,datetime,annee,mois,jour,heure,minute,departement,commune_insee,adresse,latitude,longitude,luminosite,agglomeration,intersection,meteo,collision,nb_vehicules,nb_usagers,nb_indemnes,nb_tues,nb_blesses_hosp,nb_blesses_legers,age_cond_1,age_cond_2,veh_type_cond_1,veh_type_cond_2,lum_code,agg_code,int_code,atm_code,col_code
200700006712,0007-02-21 09:45:00,7,2,21,9,45,260,108,bd 6 juin 1944 CREST 26,,,Plein jour,En agglomération,Hors intersection,Normale,Deux véhicules - côté,,,,,,,,,,,1,2,1,1,3
200700006713,0007-02-12 17:15:00,7,2,12,17,15,260,166,,44.742,4.808,Crépuscule ou aube,Hors agglomération,Hors intersection,Normale,Deux véhicules - côté,,,,,,,,,,,2,1,1,1,3
200700006714,0007-02-17 18:45:00,7,2,17,18,45,260,114,rtier les grands moulins,,,Nuit sans éclairage public,Hors agglomération,Hors intersection,Normale,Deux véhicules - côté,,,,,,,,,,,3,1,1,1,3
200700006715,0007-02-03 18:00:00,7,2,3,18,0,260,116,,44.435,4.713,Nuit avec éclairage allumé,Hors agglomération,Giratoire,Normale,Sans collision,,,,,,,,,,,5,1,6,1,7
200700006716,0007-02-08 11:45:00,7,2,8,11,45,260,235,,44.33,4.687,Plein jour,Hors agglomération,Hors intersection,Pluie légère,Deux véhicules - côté,,,,,,,,,,,1,1,1,2,3
200700006717,0007-02-20 15:00:00,7,2,20,15,0,260,357,,,,Plein jour,Hors agglomération,Hors intersection,Normale,Deux véhicules - côté,,,,,,,,,,,1,1,1,1,3
200700006718,0007-02-14 15:55:00,7,2,14,15,55,260,220,CD 538 PONT DE L EUROPE,,,Plein jour,En agglomération,Hors intersection,Normale,Deux véhicules - frontale,,,,,,,,,,,1,2,1,1,1
200700006719,0007-02-23 20:00:00,7,2,23,20,0,260,4,CD 538,44.98,5.027,Nuit avec éclairage non allumé,En agglomération,Hors intersection,Normale,Autre collision,,,,,,,,,,,4,2,1,1,6
200700006720,0007-02-23 18:00:00,7,2,23,18,0,260,87,,,,Plein jour,Hors agglomération,Intersection en X,Normale,Deux véhicules - côté,,,,,,,,,,,1,1,2,1,3
200700006721,0007-02-13 07:45:00,7,2,13,7,45,260,77,,45.16,5.041,Crépuscule ou aube,Hors agglomération,Hors intersection,Pluie légère,Deux véhicules - frontale,,,,,,,,,,,2,1,1,2,1
200700006722,0007-02-16 07:00:00,7,2,16,7,0,260,307,,45.029,5.288,Crépuscule ou aube,Hors agglomération,Hors intersection,Normale,Trois véhicules et plus - en chaîne,,,,,,,,,,,2,1,1,1,4
200700006723,0007-02-26 19:45:00,7,2,26,19,45,260,9,N°12 - Quartier BANCEL,,,Nuit avec éclairage allumé,En agglomération,Hors intersection,Normale,Deux véhicules - frontale,,,,,,,,,,,5,2,1,1,1
200700006724,0007-02-15 17:45:00,7,2,15,17,45,380,567,CD111,,,Plein jour,Hors agglomération,Hors intersection,Normale,Autre collision,,,,,,,,,,,1,1,1,1,6
200700006725,0007-02-09 16:45:00,7,2,9,16,45,380,158,Rue Le Corbusier,,,Crépuscule ou aube,En agglomération,Hors intersection,Normale,Deux véhicules - frontale,,,,,,,,,,,2,2,1,1,1
200700006726,0007-02-07 12:15:00,7,2,7,12,15,380,439,199 avenue d'uriage,,,Plein jour,En agglomération,Hors intersection,Temps couvert,Deux véhicules - côté,,,,,,,,,,,1,2,1,8,3
200700006727,0007-02-10 14:15:00,7,2,10,14,15,380,214,CD90,,,Plein jour,En agglomération,Hors intersection,Pluie forte,Autre collision,,,,,,,,,,,1,2,1,3,6
200700006728,0007-02-14 16:00:00,7,2,14,16,0,380,548,,45.073,5.519,Plein jour,Hors agglomération,Hors intersection,Normale,Sans collision,,,,,,,,,,,1,1,1,1,7
200700006729,0007-02-27 00:10:00,7,2,27,0,10,380,205,Chemin des fusillés,,,Nuit sans éclairage public,Hors agglomération,Hors intersection,Neige / grêle,Autre collision,,,,,,,,,,,3,1,1,4,6
200700006730,0007-02-08 08:15:00,7,2,8,8,15,380,495,Gare de La Sone,,,Crépuscule ou aube,Hors agglomération,Hors intersection,Pluie forte,Deux véhicules - côté,,,,,,,,,,,2,1,1,3,3
200700006731,0007-02-06 15:45:00,7,2,6,15,45,380,84,,45.347,5.528,Plein jour,Hors agglomération,Hors intersection,Temps couvert,Deux véhicules - côté,,,,,,,,,,,1,1,1,8,3
200700006732,0007-02-01 08:15:00,7,2,1,8,15,380,457,rue des chênes,45.331,5.261,Plein jour,En agglomération,Hors intersection,Normale,Autre collision,,,,,,,,,,,1,2,1,1,6
200700006733,0007-02-16 08:00:00,7,2,16,8,0,380,384,,,,Nuit sans éclairage public,Hors agglomération,Hors intersection,Normale,Sans collision,,,,,,,,,,,3,1,1,1,7
200700006734,0007-02-25 17:20:00,7,2,25,17,20,380,457,du 389 route de LA COTE,,,Plein jour,En agglomération,Hors intersection,Pluie légère,Deux véhicules - arrière,,,,,,,,,,,1,2,1,2,2
200700006735,0007-02-06 06:45:00,7,2,6,6,45,380,390,,45.21,5.479,Nuit sans éclairage public,Hors agglomération,Intersection en T,Pluie légère,Deux véhicules - côté,,,,,,,,,,,3,1,3,2,3
200700006736,0007-02-10 14:30:00,7,2,10,14,30,380,517,,,,Plein jour,Hors agglomération,Hors intersection,Pluie légère,Trois véhicules et plus - collisions multiples,,,,,,,,,,,1,1,1,2,5
200700006737,0007-02-18 02:45:00,7,2,18,2,45,380,455,cd 143,45.63,5.292,Nuit sans éclairage public,Hors agglomération,Hors intersection,Normale,Sans collision,,,,,,,,,,,3,1,1,1,7
200700006738,0007-02-16 14:50:00,7,2,16,14,50,380,287,,,,Plein jour,Hors agglomération,Intersection en X,Normale,Deux véhicules - côté,,,,,,,,,,,1,1,2,1,3
200700006739,0007-02-17 19:00:00,7,2,17,19,0,380,42,,45.394,5.376,Nuit sans éclairage public,Hors agglomération,Hors intersection,Normale,Deux véhicules - frontale,,,,,,,,,,,3,1,1,1,1
200700006740,0007-02-27 23:00:00,7,2,27,23,0,380,546,,45.65,5.438,Nuit sans éclairage public,Hors agglomération,Hors intersection,Temps couvert,Deux véhicules - arrière,,,,,,,,,,,3,1,1,8,2
200700006741,0007-02-16 01:15:00,7,2,16,1,15,440,66,route de curette,,,Nuit sans éclairage public,En agglomération,Hors intersection,Normale,Autre collision,,,,,,,,,,,3,2,1,1,6
200700006742,0007-02-16 03:15:00,7,2,16,3,15,440,35,route de la jonelière,,,Nuit sans éclairage public,En agglomération,Hors intersection,Normale,Autre collision,,,,,,,,,,,3,2,1,1,6
200700006743,0007-02-02 15:15:00,7,2,2,15,15,380,157,,,,Plein jour,Hors agglomération,Intersection en X,Temps couvert,Deux véhicules - arrière,,,,,,,,,,,1,1,2,8,2
200700006744,0007-02-13 18:30:00,7,2,13,18,30,380,363,route de Marcollin,45.35,5.082,Nuit sans éclairage public,En agglomération,Intersection en X,Normale,Deux véhicules - côté,,,,,,,,,,,3,2,2,1,3
200700006745,0007-02-28 19:30:00,7,2,28,19,30,380,130,Avenue Hector Berlioz,45.397,5.259,Nuit avec éclairage allumé,En agglomération,Hors intersection,Normale,Deux véhicules - frontale,,,,,,,,,,,5,2,1,1,1
200700006746,0007-02-04 09:45:00,7,2,4,9,45,380,35,,45.538,5.095,Plein jour,Hors agglomération,Hors intersection,Normale,Autre collision,,,,,,,,,,,1,1,1,1,6
200700006747,0007-02-24 09:00:00,7,2,24,9,0,380,389,,45.574,5.1,Plein jour,Hors agglomération,Hors intersection,Pluie légère,Autre collision,,,,,,,,,,,1,1,1,2,6
200700006748,0007-02-13 18:30:00,7,2,13,18,30,380,298,22 rue de la Répulbique,,,Nuit avec éclairage allumé,En agglomération,Hors intersection,Normale,Deux véhicules - frontale,,,,,,,,,,,5,2,1,1,1
200700006749,0007-02-14 10:45:00,7,2,14,10,45,380,72,,,,Plein jour,Hors agglomération,Hors intersection,Pluie légère,Deux véhicules - côté,,,,,,,,,,,1,1,1,2,3
200700006750,0007-02-01 15:45:00,7,2,1,15,45,380,449,,,,Plein jour,Hors agglomération,Hors intersection,Normale,Deux véhicules - frontale,,,,,,,,,,,1,1,1,1,1
200700006751,0007-02-09 16:00:00,7,2,9,16,0,420,23,1 place du 11 Novembre,45.3,4.56,Plein jour,En agglomération,Hors intersection,Temps éblouissant,Autre collision,,,,,,,,,,,1,2,1,7,6
200700006752,0007-02-23 13:45:00,7,2,23,13,45,420,97,,,,Plein jour,Hors agglomération,Hors intersection,Normale,Autre collision,,,,,,,,,,,1,1,1,1,6
200700006753,0007-02-17 04:45:00,7,2,17,4,45,420,285,La Fumouse,,,Nuit sans éclairage public,Hors agglomération,Hors intersection,Normale,Deux véhicules - côté,,,,,,,,,,,3,1,1,1,3
200700006754,0007-02-18 19:30:00,7,2,18,19,30,420,285,it la côte des tourettes,,,Nuit sans éclairage public,Hors agglomération,Hors intersection,Normale,Deux véhicules - arrière,,,,,,,,,,,3,1,1,1,2
200700006755,0007-02-20 11:10:00,7,2,20,11,10,420,328,Les grands champs,,,Plein jour,Hors agglomération,Hors intersection,Normale,Deux véhicules - côté,,,,,,,,,,,1,1,1,1,3
200700006756,0007-02-02 10:45:00,7,2,2,10,45,420,211,rue des chambons,45.534,4.24,Plein jour,En agglomération,Hors intersection,Normale,Autre collision,,,,,,,,,,,1,2,1,1,6
200700006757,0007-02-22 11:45:00,7,2,22,11,45,420,304,"Lieu dit ""la mare""",,,Plein jour,En agglomération,Hors intersection,Normale,Deux véhicules - frontale,,,,,,,,,,,1,2,1,1,1
200700006758,0007-02-28 21:15:00,7,2,28,21,15,420,211,CD498,45.532,4.239,Nuit avec éclairage allumé,En agglomération,Hors intersection,Normale,Trois véhicules et plus - collisions multiples,,,,,,,,,,,5,2,1,1,5
200700006759,0007-02-03 21:45:00,7,2,3,21,45,420,288,,45.771,3.945,Nuit sans éclairage public,Hors agglomération,Hors intersection,Autre,Sans collision,,,,,,,,,,,3,1,1,9,7
200700006760,0007-02-09 10:30:00,7,2,9,10,30,420,150,,45.721,4.059,Plein jour,Hors agglomération,Intersection en X,Normale,Trois véhicules et plus - collisions multiples,,,,,,,,,,,1,1,2,1,5
200700006761,0007-02-16 13:15:00,7,2,16,13,15,420,30,CHEMIN DU BOST,45.8,4.033,Plein jour,En agglomération,Hors intersection,Normale,Autre collision,,,,,,,,,,,1,2,1,1,6
200700006762,0007-02-04 15:00:00,7,2,4,15,0,420,155,"""les varennes""",45.806,4.149,Plein jour,En agglomération,Intersection en X,Temps éblouissant,Deux véhicules - côté,,,,,,,,,,,1,2,2,7,3
200700006763,0007-02-03 18:00:00,7,2,3,18,0,420,216,le bourg,,,Plein jour,En agglomération,Hors intersection,Normale,Deux véhicules - côté,,,,,,,,,,,1,2,1,1,3
200700006764,0007-02-05 08:00:00,7,2,5,8,0,420,222,avenue Jean -Monnet,,,Plein jour,En agglomération,Hors intersection,Normale,Autre collision,,,,,,,,,,,1,2,1,1,6
200700006765,0007-02-12 16:30:00,7,2,12,16,30,420,323,,45.576,4.222,Nuit avec éclairage allumé,Hors agglomération,Giratoire,Normale,Autre collision,,,,,,,,,,,5,1,6,1,6
200700006766,0007-02-01 11:45:00,7,2,1,11,45,420,271,,45.489,4.562,Plein jour,Hors agglomération,Hors intersection,Normale,Deux véhicules - frontale,,,,,,,,,,,1,1,1,1,1
200700006767,0007-02-07 13:15:00,7,2,7,13,15,420,162,Route de ST ALBAN,,,Plein jour,En agglomération,Hors intersection,Normale,Deux véhicules - côté,,,,,,,,,,,1,2,1,1,3
200700006768,0007-02-05 11:00:00,7,2,5,11,0,420,181,,,,Plein jour,En agglomération,Hors intersection,Normale,Deux véhicules - frontale,,,,,,,,,,,1,2,1,1,1
200700006769,0007-02-03 04:20:00,7,2,3,4,20,420,52,Route de St denis,,,Nuit sans éclairage public,Hors agglomération,Hors intersection,Normale,Deux véhicules - frontale,,,,,,,,,,,3,1,1,1,1
200700006770,0007-02-16 06:00:00,7,2,16,6,0,420,177,Pont de tigny,,,Crépuscule ou aube,Hors agglomération,Hors intersection,Autre,Deux véhicules - frontale,,,,,,,,,,,2,1,1,9,1
200700006771,0007-02-08 18:30:00,7,2,8,18,30,420,176,,46.05,3.96,Nuit avec éclairage allumé,Hors agglomération,Hors intersection,Pluie légère,Deux véhicules - côté,,,,,,,,,,,5,1,1,2,3
200700006772,0007-02-15 09:45:00,7,2,15,9,45,420,176,,46.053,3.969,Plein jour,Hors agglomération,Intersection en X,Normale,Deux véhicules - frontale,,,,,,,,,,,1,1,2,1,1
200700006773,0007-02-20 15:30:00,7,2,20,15,30,420,231,,46.099,3.944,Plein jour,Hors agglomération,Hors intersection,Normale,Trois véhicules et plus - en chaîne,,,,,,,,,,,1,1,1,1,4
200700006774,0007-02-25 14:00:00,7,2,25,14,0,420,182,chemin de la biscuite,46.058,3.934,Plein jour,En agglomération,Hors intersection,Pluie forte,Deux véhicules - frontale,,,,,,,,,,,1,2,1,3,1
200700006775,0007-02-28 17:00:00,7,2,28,17,0,420,198,,46.013,3.942,Plein jour,En agglomération,Hors intersection,Normale,Deux véhicules - arrière,,,,,,,,,,,1,2,1,1,2
200700006776,0007-02-26 11:30:00,7,2,26,11,30,420,248,,,,Plein jour,Hors agglomération,Hors intersection,Pluie légère,Autre collision,,,,,,,,,,,1,1,1,2,6
200700006777,0007-02-06 12:15:00,7,2,6,12,15,730,64,,,,Plein jour,Hors agglomération,Giratoire,Pluie légère,Deux véhicules - côté,,,,,,,,,,,1,1,6,2,3
200700006778,0007-02-03 16:20:00,7,2,3,16,20,730,151,CD1090,,,Plein jour,Hors agglomération,Hors intersection,Normale,Trois véhicules et plus - collisions multiples,,,,,,,,,,,1,1,1,1,5
200700006779,0007-02-11 00:30:00,7,2,11,0,30,730,179,,45.632,5.876,Nuit avec éclairage allumé,Hors agglomération,Hors intersection,Normale,Sans collision,,,,,,,,,,,5,1,1,1,7
200700006780,0007-02-11 10:45:00,7,2,11,10,45,730,330,RD 1504 - PK 1 + 150,,,Plein jour,Hors agglomération,Hors intersection,Normale,Deux véhicules - côté,,,,,,,,,,,1,1,1,1,3
200700006781,0007-02-26 08:30:00,7,2,26,8,30,730,204,place carouge,45.542,5.685,Plein jour,En agglomération,Place,Pluie légère,Deux véhicules - arrière,,,,,,,,,,,1,2,7,2,2
200700006782,0007-02-17 14:45:00,7,2,17,14,45,730,95,CD 925 PK 4+650,,,Plein jour,Hors agglomération,Hors intersection,Normale,Autre collision,,,,,,,,,,,1,1,1,1,6
200700006783,0007-02-20 14:15:00,7,2,20,14,15,730,68,,,,Plein jour,Hors agglomération,Intersection en T,Normale,Deux véhicules - côté,,,,,,,,,,,1,1,3,1,3
200700006784,0007-02-11 17:15:00,7,2,11,17,15,730,169,,,,Plein jour,Hors agglomération,Hors intersection,Normale,Deux véhicules - frontale,,,,,,,,,,,1,1,1,1,1
200700006785,0007-02-19 08:00:00,7,2,19,8,0,730,6,Avenue de Tarentaise,,,Plein jour,En agglomération,Hors intersection,Normale,Deux véhicules - frontale,,,,,,,,,,,1,2,1,1,1
200700006786,0007-02-03 09:30:00,7,2,3,9,30,730,317,,45.731,6.548,Plein jour,Hors agglomération,Hors intersection,Normale,Deux véhicules - côté,,,,,,,,,,,1,1,1,1,3
200700006787,0007-02-05 15:00:00,7,2,5,15,0,730,176,CD 1090,,,Plein jour,Hors agglomération,Hors intersection,Normale,Deux véhicules - frontale,,,,,,,,,,,1,1,1,1,1
200700006788,0007-02-10 20:00:00,7,2,10,20,0,730,13,D110,,,Nuit sans éclairage public,Hors agglomération,Hors intersection,Neige / grêle,Sans collision,,,,,,,,,,,3,1,1,4,7
200700006789,0007-02-16 05:30:00,7,2,16,5,30,730,194,,45.215,6.492,Nuit sans éclairage public,Hors agglomération,Hors intersection,Autre,Deux véhicules - arrière,,,,,,,,,,,3,1,1,9,2
200700006790,0007-02-02 17:45:00,7,2,2,17,45,740,181,,45.94,6.104,Nuit sans éclairage public,Hors agglomération,Hors intersection,Temps couvert,Trois véhicules et plus - collisions multiples,,,,,,,,,,,3,1,1,8,5
200700006791,0007-02-07 07:30:00,7,2,7,7,30,740,217,,45.962,6.131,Plein jour,Hors agglomération,Hors intersection,Temps couvert,Deux véhicules - frontale,,,,,,,,,,,1,1,1,8,1
200700006792,0007-02-17 04:20:00,7,2,17,4,20,740,123,nt le 1460 route vessone,,,Nuit avec éclairage allumé,En agglomération,Hors intersection,Normale,Autre collision,,,,,,,,,,,5,2,1,1,6
200700006793,0007-02-19 14:20:00,7,2,19,14,20,740,108,RN508,,,Plein jour,Hors agglomération,Hors intersection,Normale,Deux véhicules - frontale,,,,,,,,,,,1,1,1,1,1
200700006794,0007-02-22 11:45:00,7,2,22,11,45,740,242,Sales et piste cyclable,,,Plein jour,En agglomération,Intersection en X,Normale,Deux véhicules - côté,,,,,,,,,,,1,2,2,1,3
200700006795,0007-02-05 09:45:00,7,2,5,9,45,740,302,RD 909 - PK 26,45.917,6.374,Plein jour,En agglomération,Autre intersection,Normale,Deux véhicules - côté,,,,,,,,,,,1,2,9,1,3
200700006796,0007-02-08 09:15:00,7,2,8,9,15,740,160,,45.876,6.386,Plein jour,Hors agglomération,Hors intersection,Neige / grêle,Deux véhicules - frontale,,,,,,,,,,,1,1,1,4,1
200700006797,0007-02-13 08:45:00,7,2,13,8,45,740,160,,,,Crépuscule ou aube,Hors agglomération,Hors intersection,Neige / grêle,Deux véhicules - frontale,,,,,,,,,,,2,1,1,4,1
200700006798,0007-02-15 01:00:00,7,2,15,1,0,740,27,RD 909,45.902,6.281,Nuit sans éclairage public,Hors agglomération,Hors intersection,Pluie légère,Autre collision,,,,,,,,,,,3,1,1,2,6
200700006799,0007-02-25 15:45:00,7,2,25,15,45,740,42,,46.085,6.41,Plein jour,En agglomération,Hors intersection,Pluie légère,Autre collision,,,,,,,,,,,1,2,1,2,6
200700006800,0007-02-25 18:00:00,7,2,25,18,0,740,7,,46.075,6.333,Plein jour,Hors agglomération,Hors intersection,Pluie légère,Deux véhicules - frontale,,,,,,,,,,,1,1,1,2,1
200700006801,0007-02-26 07:00:00,7,2,26,7,0,740,169,rue du Stade face établi,,,Crépuscule ou aube,En agglomération,Hors intersection,Temps couvert,Autre collision,,,,,,,,,,,2,2,1,8,6
200700006802,0007-02-09 15:15:00,7,2,9,15,15,740,89,"10, 2665 route de Cordon",,,Plein jour,En agglomération,Hors intersection,Normale,Autre collision,,,,,,,,,,,1,2,1,1,6
200700006803,0007-02-17 23:15:00,7,2,17,23,15,740,276,,,,Nuit sans éclairage public,Hors agglomération,Hors intersection,Normale,Deux véhicules - frontale,,,,,,,,,,,3,1,1,1,1
200700006804,0007-02-01 15:00:00,7,2,1,15,0,740,201,,46.127,6.095,Plein jour,Hors agglomération,Hors intersection,Temps couvert,Autre collision,,,,,,,,,,,1,1,1,8,6
200700006805,0007-02-07 18:30:00,7,2,7,18,30,740,243,16 avenue de genève,,,Nuit sans éclairage public,En agglomération,Hors intersection,Pluie forte,Autre collision,,,,,,,,,,,3,2,1,3,6
200700006806,0007-02-24 14:00:00,7,2,24,14,0,740,243,rue docteur palluel,,,Plein jour,En agglomération,Hors intersection,Normale,Deux véhicules - côté,,,,,,,,,,,1,2,1,1,3
200700006807,0007-02-03 07:15:00,7,2,3,7,15,740,185,route de Reignier,,,Nuit sans éclairage public,Hors agglomération,Hors intersection,Temps couvert,Deux véhicules - frontale,,,,,,,,,,,3,1,1,8,1
200700006808,0007-02-09 12:00:00,7,2,9,12,0,740,158,,46.254,6.335,Plein jour,Hors agglomération,Hors intersection,Normale,Deux véhicules - frontale,,,,,,,,,,,1,1,1,1,1
200700006809,0007-02-17 19:45:00,7,2,17,19,45,740,96,Route des Dronières,,,Nuit avec éclairage allumé,En agglomération,Hors intersection,Normale,Deux véhicules - frontale,,,,,,,,,,,5,2,1,1,1
200700006810,0007-02-28 07:00:00,7,2,28,7,0,740,131,route d'Annecy,,,Crépuscule ou aube,En agglomération,Hors intersection,Pluie forte,Deux véhicules - frontale,,,,,,,,,,,2,2,1,3,1
200700006811,0007-02-27 07:30:00,7,2,27,7,30,740,263,,46.337,6.388,Plein jour,En agglomération,Hors intersection,Normale,Deux véhicules - côté,,,,,,,,,,,1,2,1,1,3
200700006812,0007-02-13 03:30:00,7,2,13,3,30,740,63,,46.28,6.831,Nuit sans éclairage public,Hors agglomération,Hors intersection,Neige / grêle,Autre collision,,,,,,,,,,,3,1,1,4,6
200700006813,0007-02-24 15:50:00,7,2,24,15,50,740,1,"Lieu-dit ""Les Carres""",,,Plein jour,Hors agglomération,Hors intersection,Pluie forte,Deux véhicules - frontale,,,,,,,,,,,1,1,1,3,1
200700006814,0007-02-10 14:00:00,7,2,10,14,0,740,127,,46.352,6.536,Plein jour,Hors agglomération,Hors intersection,Pluie légère,Autre collision,,,,,,,,,,,1,1,1,2,6
200700006815,0007-02-11 19:30:00,7,2,11,19,30,630,273,route de Billom,45.734,3.228,Nuit avec éclairage allumé,En agglomération,Giratoire,Vent fort / tempête,Deux véhicules - frontale,,,,,,,,,,,5,2,6,6,1
200700006816,0007-02-17 11:00:00,7,2,17,11,0,630,236,,45.601,2.836,Plein jour,Hors agglomération,Hors intersection,Normale,Deux véhicules - frontale,,,,,,,,,,,1,1,1,1,1
200700006817,0007-02-07 15:00:00,7,2,7,15,0,630,175,,45.768,2.553,Plein jour,Hors agglomération,Hors intersection,Pluie légère,Sans collision,,,,,,,,,,,1,1,1,2,7
200700006818,0007-02-04 12:45:00,7,2,4,12,45,630,133,,,,Plein jour,Hors agglomération,Hors intersection,Normale,Deux véhicules - côté,,,,,,,,,,,1,1,1,1,3
200700006819,0007-02-09 11:00:00,7,2,9,11,0,630,284,,,,Plein jour,Hors agglomération,Hors intersection,Normale,Deux véhicules - arrière,,,,,,,,,,,1,1,1,1,2
200700006820,0007-02-03 20:00:00,7,2,3,20,0,630,302,,45.705,3.146,Nuit sans éclairage public,Hors agglomération,Hors intersection,Autre,Sans collision,,,,,,,,,,,3,1,1,9,7
200700006821,0007-02-15 16:30:00,7,2,15,16,30,630,350,,,,Plein jour,Hors agglomération,Hors intersection,Temps éblouissant,Deux véhicules - frontale,,,,,,,,,,,1,1,1,7,1
200700006822,0007-02-16 22:30:00,7,2,16,22,30,630,302,,45.726,3.156,Nuit sans éclairage public,Hors agglomération,Giratoire,Normale,Deux véhicules - arrière,,,,,,,,,,,3,1,6,1,2
200700006823,0007-02-24 23:30:00,7,2,24,23,30,630,26,ROUTE DE ST AMANT,45.667,3.023,Nuit sans éclairage public,En agglomération,Hors intersection,Pluie légère,Autre collision,,,,,,,,,,,3,2,1,2,6
200700006824,0007-02-20 15:00:00,7,2,20,15,0,630,211,,,,Plein jour,Hors agglomération,Hors intersection,Normale,Deux véhicules - arrière,,,,,,,,,,,1,1,1,1,2
200700006825,0007-02-12 09:00:00,7,2,12,9,0,630,258,,45.683,3.633,Plein jour,Hors agglomération,Hors intersection,Autre,Deux véhicules - frontale,,,,,,,,,,,1,1,1,9,1
200700006826,0007-02-19 16:20:00,7,2,19,16,20,630,178,ie n°14 - CD716 PK 4+900,,,Plein jour,Hors agglomération,Intersection en T,Normale,Deux véhicules - côté,,,,,,,,,,,1,1,3,1,3
200700006827,0007-02-09 05:45:00,7,2,9,5,45,630,198,,45.95,2.985,Nuit sans éclairage public,Hors agglomération,Hors intersection,Autre,Sans collision,,,,,,,,,,,3,1,1,9,7
200700006828,0007-02-21 17:55:00,7,2,21,17,55,630,149,,,,Plein jour,Hors agglomération,Hors intersection,Pluie légère,Sans collision,,,,,,,,,,,1,1,1,2,7
200700006829,0007-02-25 03:50:00,7,2,25,3,50,630,347,CD2009,,,Nuit sans éclairage public,Hors agglomération,Hors intersection,Normale,Autre collision,,,,,,,,,,,3,1,1,1,6
200700006830,0007-02-15 19:30:00,7,2,15,19,30,630,460,la vergnette,,,Nuit sans éclairage public,Hors agglomération,Hors intersection,Normale,Deux véhicules - frontale,,,,,,,,,,,3,1,1,1,1
200700006831,0007-02-09 18:30:00,7,2,9,18,30,630,293,,46.125,2.769,Nuit sans éclairage public,Hors agglomération,Hors intersection,Pluie légère,Autre collision,,,,,,,,,,,3,1,1,2,6
200700006832,0007-02-02 08:45:00,7,2,2,8,45,630,210,Route de Clermont,45.923,3.331,Plein jour,En agglomération,Hors intersection,Pluie légère,Trois véhicules et plus - en chaîne,,,,,,,,,,,1,2,1,2,4
200700006833,0007-02-10 12:30:00,7,2,10,12,30,30,27,,46.34,2.832,Plein jour,Hors agglomération,Hors intersection,Pluie légère,Autre collision,,,,,,,,,,,1,1,1,2,6
200700006834,0007-02-20 12:15:00,7,2,20,12,15,30,264,,46.07,3.47,Plein jour,Hors agglomération,Hors intersection,Normale,Deux véhicules - arrière,,,,,,,,,,,1,1,1,1,2
200700006835,0007-02-18 20:00:00,7,2,18,20,0,30,68,,46.221,3.729,Nuit sans éclairage public,Hors agglomération,Hors intersection,Normale,Sans collision,,,,,,,,,,,3,1,1,1,7
200700006836,0007-02-10 20:40:00,7,2,10,20,40,150,221,u-dit Le pont du Laurent,,,Nuit sans éclairage public,Hors agglomération,Hors intersection,Pluie forte,Deux véhicules - frontale,,,,,,,,,,,3,1,1,3,1
200700006837,0007-02-15 17:45:00,7,2,15,17,45,150,4,,45.043,3.061,Plein jour,Hors agglomération,Hors intersection,Normale,Deux véhicules - frontale,,,,,,,,,,,1,1,1,1,1
200700006838,0007-02-19 18:45:00,7,2,19,18,45,430,32,Rd point Le Garay,,,Crépuscule ou aube,En agglomération,Giratoire,Normale,Trois véhicules et plus - collisions multiples,,,,,,,,,,,2,2,6,1,5
200700006839,0007-02-07 13:15:00,7,2,7,13,15,430,234,,,,Plein jour,Hors agglomération,Hors intersection,Neige / grêle,Sans collision,,,,,,,,,,,1,1,1,4,7
200700006840,0007-02-14 14:15:00,7,2,14,14,15,430,80,Route de retournac,,,Plein jour,En agglomération,Hors intersection,Pluie légère,Autre collision,,,,,,,,,,,1,2,1,2,6
200700006841,0007-02-20 19:45:00,7,2,20,19,45,430,71,,45.256,3.824,Nuit sans éclairage public,Hors agglomération,Hors intersection,Normale,Autre collision,,,,,,,,,,,3,1,1,1,6
200700006842,0007-02-24 08:30:00,7,2,24,8,30,430,152,,45.073,3.854,Plein jour,Hors agglomération,Hors intersection,Normale,Trois véhicules et plus - collisions multiples,,,,,,,,,,,1,1,1,1,5
200700006843,0007-02-23 15:30:00,7,2,23,15,30,430,152,,45.069,3.879,Plein jour,Hors agglomération,Hors intersection,Normale,Autre collision,,,,,,,,,,,1,1,1,1,6
200700006844,0007-02-26 16:15:00,7,2,26,16,15,430,189,,45.286,3.89,Plein jour,Hors agglomération,Hors intersection,Pluie légère,Autre collision,,,,,,,,,,,1,1,1,2,6
200700006845,0007-02-09 08:20:00,7,2,9,8,20,430,93,Mortessagne,45.26,3.72,Plein jour,Hors agglomération,Hors intersection,Autre,Deux véhicules - frontale,,,,,,,,,,,1,1,1,9,1
200700006846,0007-02-03 06:00:00,7,2,3,6,0,430,188,,45.152,3.551,Nuit sans éclairage public,Hors agglomération,Hors intersection,Pluie légère,Autre collision,,,,,,,,,,,3,1,1,2,6