accident_id,datetime,annee,mois,jour,heure,minute,departement,commune_insee,adresse,latitude,longitude,luminosite,agglomeration,intersection,meteo,collision,nb_vehicules,nb_usagers,nb_indemnes,nb_tues,nb_blesses_hosp,nb_blesses_legers,age_cond_1,age_cond_2,veh_type_cond_1,veh_type_cond_2,lum_code,agg_code,int_code,atm_code,col_code
200700007254,0007-02-01 14:00:00,7,2,1,14,0,770,217,CD 319,48.678,2.678,Plein jour,Hors agglomération,Hors intersection,Temps couvert,Deux véhicules - arrière,,,,,,,,,,,1,1,1,8,2
200700007255,0007-02-01 10:15:00,7,2,1,10,15,770,175,,48.661,2.618,Plein jour,Hors agglomération,Intersection en X,Temps couvert,Trois véhicules et plus - collisions multiples,,,,,,,,,,,1,1,2,8,5
200700007256,0007-02-22 17:15:00,7,2,22,17,15,770,195,,48.591,2.744,Plein jour,Hors agglomération,Hors intersection,Normale,Autre collision,,,,,,,,,,,1,1,1,1,6
200700007257,0007-02-03 18:15:00,7,2,3,18,15,770,470,,,,Nuit sans éclairage public,Hors agglomération,Hors intersection,Normale,Deux véhicules - arrière,,,,,,,,,,,3,1,1,1,2
200700007258,0007-02-13 09:00:00,7,2,13,9,0,770,470,,48.727,2.796,Plein jour,Hors agglomération,Hors intersection,Pluie légère,Autre collision,,,,,,,,,,,1,1,1,2,6
200700007259,0007-02-02 17:15:00,7,2,2,17,15,770,47,rue de la République,48.879,2.903,Crépuscule ou aube,En agglomération,Hors intersection,Normale,Deux véhicules - frontale,,,,,,,,,,,2,2,1,1,1
200700007260,0007-02-03 18:00:00,7,2,3,18,0,770,521,25 rue de PARIS,48.864,2.879,Nuit avec éclairage allumé,En agglomération,Hors intersection,Normale,Deux véhicules - frontale,,,,,,,,,,,5,2,1,1,1
200700007261,0007-02-26 07:40:00,7,2,26,7,40,770,142,Route Départementale 21,,,Crépuscule ou aube,Hors agglomération,Hors intersection,Pluie légère,Trois véhicules et plus - collisions multiples,,,,,,,,,,,2,1,1,2,5
200700007262,0007-02-10 04:15:00,7,2,10,4,15,770,436,Rue de la mairie,48.8,3.202,Nuit avec éclairage allumé,En agglomération,Hors intersection,Pluie légère,Trois véhicules et plus - collisions multiples,,,,,,,,,,,5,2,1,2,5
200700007263,0007-02-04 19:45:00,7,2,4,19,45,770,388,CD 402,,,Nuit sans éclairage public,Hors agglomération,Hors intersection,Normale,Autre collision,,,,,,,,,,,3,1,1,1,6
200700007264,0007-02-12 11:30:00,7,2,12,11,30,770,78,CD80,48.969,3.143,Plein jour,En agglomération,Hors intersection,Normale,Deux véhicules - frontale,,,,,,,,,,,1,2,1,1,1
200700007265,0007-02-24 15:00:00,7,2,24,15,0,770,466,,48.828,2.879,Plein jour,Hors agglomération,Hors intersection,Normale,Deux véhicules - frontale,,,,,,,,,,,1,1,1,1,1
200700007266,0007-02-25 21:30:00,7,2,25,21,30,770,360,,,,Nuit avec éclairage allumé,Hors agglomération,Giratoire,Autre,Sans collision,,,,,,,,,,,5,1,6,9,7
200700007267,0007-02-24 10:30:00,7,2,24,10,30,770,387,15 RUE DE NANTEAU,48.231,2.799,Plein jour,En agglomération,Hors intersection,Normale,Autre collision,,,,,,,,,,,1,2,1,1,6
200700007268,0007-02-06 19:30:00,7,2,6,19,30,770,171,,48.479,2.346,Nuit sans éclairage public,Hors agglomération,Hors intersection,Pluie légère,Deux véhicules - frontale,,,,,,,,,,,3,1,1,2,1
200700007269,0007-02-19 16:00:00,7,2,19,16,0,770,171,avenue général de gaulle,48.491,2.335,Plein jour,En agglomération,Hors intersection,Normale,Autre collision,,,,,,,,,,,1,2,1,1,6
200700007270,0007-02-23 22:15:00,7,2,23,22,15,770,20,10 rue de la Forêt,48.68,3.194,Nuit avec éclairage allumé,En agglomération,Hors intersection,Normale,Sans collision,,,,,,,,,,,5,2,1,1,7
200700007271,0007-02-16 13:00:00,7,2,16,13,0,770,446,,48.514,3.202,Plein jour,En agglomération,Hors intersection,Normale,Deux véhicules - frontale,,,,,,,,,,,1,2,1,1,1
200700007272,0007-02-18 20:10:00,7,2,18,20,10,770,223,RD 213 PK 21+030m,,,Nuit sans éclairage public,Hors agglomération,Hors intersection,Normale,Autre collision,,,,,,,,,,,3,1,1,1,6
200700007273,0007-02-07 12:15:00,7,2,7,12,15,450,330,"lieu-dit ""Bois Bruneau""",,,Plein jour,Hors agglomération,Hors intersection,Normale,Autre collision,,,,,,,,,,,1,1,1,1,6
200700007274,0007-02-19 21:00:00,7,2,19,21,0,450,296,,,,Nuit sans éclairage public,Hors agglomération,Hors intersection,Normale,Autre collision,,,,,,,,,,,3,1,1,1,6
200700007275,0007-02-15 07:30:00,7,2,15,7,30,450,273,,,,Crépuscule ou aube,Hors agglomération,Hors intersection,Brouillard / fumée,Deux véhicules - frontale,,,,,,,,,,,2,1,1,5,1
200700007276,0007-02-17 05:00:00,7,2,17,5,0,450,146,,47.671,1.977,Nuit sans éclairage public,Hors agglomération,Hors intersection,Normale,Sans collision,,,,,,,,,,,3,1,1,1,7
200700007277,0007-02-10 18:30:00,7,2,10,18,30,450,272,,,,Nuit sans éclairage public,Hors agglomération,Hors intersection,Normale,Trois véhicules et plus - en chaîne,,,,,,,,,,,3,1,1,1,4
200700007278,0007-02-22 07:15:00,7,2,22,7,15,450,269,Route de Blois,,,Crépuscule ou aube,En agglomération,Hors intersection,Normale,Autre collision,,,,,,,,,,,2,2,1,1,6
200700007279,0007-02-25 20:15:00,7,2,25,20,15,450,25,72 grande rue,,,Nuit avec éclairage non allumé,En agglomération,Hors intersection,Normale,Autre collision,,,,,,,,,,,4,2,1,1,6
200700007280,0007-02-09 21:15:00,7,2,9,21,15,450,155,Quai Joffre,,,Nuit avec éclairage allumé,En agglomération,Hors intersection,Normale,Deux véhicules - côté,,,,,,,,,,,5,2,1,1,3
200700007281,0007-02-11 17:40:00,7,2,11,17,40,450,108,Rue de la régence,,,Plein jour,En agglomération,Hors intersection,Normale,Sans collision,,,,,,,,,,,1,2,1,1,7
200700007282,0007-02-15 23:40:00,7,2,15,23,40,450,276,CD 951,,,Nuit sans éclairage public,Hors agglomération,Hors intersection,Normale,Sans collision,,,,,,,,,,,3,1,1,1,7
200700007283,0007-02-04 02:15:00,7,2,4,2,15,450,244,D.119  - PK 4+820,,,Nuit sans éclairage public,Hors agglomération,Hors intersection,Normale,Sans collision,,,,,,,,,,,3,1,1,1,7
200700007284,0007-02-27 14:30:00,7,2,27,14,30,450,122,RD 56 PK 1+800,,,Plein jour,Hors agglomération,Hors intersection,Temps couvert,Sans collision,,,,,,,,,,,1,1,1,8,7
200700007285,0007-02-07 19:40:00,7,2,7,19,40,450,104,route de Château landon,,,Nuit sans éclairage public,Hors agglomération,Hors intersection,Normale,Deux véhicules - arrière,,,,,,,,,,,3,1,1,1,2
200700007286,0007-02-17 15:00:00,7,2,17,15,0,450,345,,,,Plein jour,Hors agglomération,Hors intersection,Normale,Sans collision,,,,,,,,,,,1,1,1,1,7
200700007287,0007-02-23 08:30:00,7,2,23,8,30,450,339,Lieu dit les hauts bois,,,Plein jour,Hors agglomération,Hors intersection,Temps éblouissant,Deux véhicules - arrière,,,,,,,,,,,1,1,1,7,2
200700007288,0007-02-24 16:00:00,7,2,24,16,0,450,211,,47.963,3.064,Plein jour,Hors agglomération,Hors intersection,Normale,Sans collision,,,,,,,,,,,1,1,1,1,7
200700007289,0007-02-02 20:15:00,7,2,2,20,15,450,148,,48.085,2.768,Nuit sans éclairage public,Hors agglomération,Hors intersection,Normale,Deux véhicules - frontale,,,,,,,,,,,3,1,1,1,1
200700007290,0007-02-15 13:45:00,7,2,15,13,45,450,328,,48.073,2.662,Plein jour,Hors agglomération,Hors intersection,Normale,Sans collision,,,,,,,,,,,1,1,1,1,7
200700007291,0007-02-17 07:30:00,7,2,17,7,30,450,127,RN7 - Route de Paris,48.149,2.764,Plein jour,En agglomération,Hors intersection,Normale,Deux véhicules - côté,,,,,,,,,,,1,2,1,1,3
200700007292,0007-02-24 17:30:00,7,2,24,17,30,450,310,CD 24,,,Plein jour,Hors agglomération,Hors intersection,Pluie légère,Sans collision,,,,,,,,,,,1,1,1,2,7
200700007293,0007-02-27 12:45:00,7,2,27,12,45,450,137,,,,Plein jour,Hors agglomération,Hors intersection,Pluie légère,Deux véhicules - côté,,,,,,,,,,,1,1,1,2,3
200700007294,0007-02-04 17:45:00,7,2,4,17,45,180,99,intersection cd6-cd51,,,Crépuscule ou aube,Hors agglomération,Hors intersection,Normale,Deux véhicules - côté,,,,,,,,,,,2,1,1,1,3
200700007295,0007-02-26 16:00:00,7,2,26,16,0,180,110,,47.25,2.919,Plein jour,Hors agglomération,Hors intersection,Normale,Deux véhicules - frontale,,,,,,,,,,,1,1,1,1,1
200700007296,0007-02-24 17:45:00,7,2,24,17,45,180,233,Avenue de FONTENAY,47.339,2.839,Plein jour,En agglomération,Hors intersection,Pluie légère,Deux véhicules - côté,,,,,,,,,,,1,2,1,2,3
200700007297,0007-02-04 02:30:00,7,2,4,2,30,180,76,carrefour RN 144 - D1,,,Nuit sans éclairage public,Hors agglomération,Hors intersection,Normale,Autre collision,,,,,,,,,,,3,1,1,1,6
200700007298,0007-02-09 19:00:00,7,2,9,19,0,180,250,,46.9,2.374,Nuit sans éclairage public,Hors agglomération,Hors intersection,Normale,Autre collision,,,,,,,,,,,3,1,1,1,6
200700007299,0007-02-17 09:30:00,7,2,17,9,30,180,85,,,,Plein jour,Hors agglomération,Hors intersection,Normale,Deux véhicules - côté,,,,,,,,,,,1,1,1,1,3
200700007300,0007-02-02 09:45:00,7,2,2,9,45,180,271,Les Fontenilles,47.153,2.371,Plein jour,Hors agglomération,Hors intersection,Temps couvert,Deux véhicules - côté,,,,,,,,,,,1,1,1,8,3
200700007301,0007-02-16 22:30:00,7,2,16,22,30,180,226,,47.151,2.512,Nuit sans éclairage public,Hors agglomération,Hors intersection,Normale,Sans collision,,,,,,,,,,,3,1,1,1,7
200700007302,0007-02-10 04:00:00,7,2,10,4,0,280,358,,48.491,1.484,Nuit sans éclairage public,Hors agglomération,Hors intersection,Pluie légère,Autre collision,,,,,,,,,,,3,1,1,2,6
200700007303,0007-02-20 16:30:00,7,2,20,16,30,280,35,,48.399,1.566,Plein jour,Hors agglomération,Hors intersection,Normale,Trois véhicules et plus - collisions multiples,,,,,,,,,,,1,1,1,1,5
200700007304,0007-02-02 07:45:00,7,2,2,7,45,280,191,,48.584,1.679,Crépuscule ou aube,Hors agglomération,Hors intersection,Temps couvert,Deux véhicules - frontale,,,,,,,,,,,2,1,1,8,1
200700007305,0007-02-06 07:30:00,7,2,6,7,30,280,2,route nationale 154,,,Nuit sans éclairage public,Hors agglomération,Hors intersection,Brouillard / fumée,Deux véhicules - côté,,,,,,,,,,,3,1,1,5,3
200700007306,0007-02-19 18:30:00,7,2,19,18,30,280,199,42 RUE DE LA MADELEINE,,,Crépuscule ou aube,En agglomération,Hors intersection,Normale,Deux véhicules - côté,,,,,,,,,,,2,2,1,1,3
200700007307,0007-02-10 17:32:00,7,2,10,17,32,280,205,"eu dit ""Le Lapin Maigre""",,,Plein jour,Hors agglomération,Intersection en X,Temps couvert,Deux véhicules - côté,,,,,,,,,,,1,1,2,8,3
200700007308,0007-02-13 08:15:00,7,2,13,8,15,280,88,nue du Général De Gaulle,,,Plein jour,En agglomération,Hors intersection,Normale,Autre collision,,,,,,,,,,,1,2,1,1,6
200700007309,0007-02-24 10:00:00,7,2,24,10,0,280,259,,,,Crépuscule ou aube,Hors agglomération,Hors intersection,Normale,Sans collision,,,,,,,,,,,2,1,1,1,7
200700007310,0007-02-05 07:15:00,7,2,5,7,15,280,124,,,,Nuit avec éclairage allumé,Hors agglomération,Hors intersection,Temps couvert,Autre collision,,,,,,,,,,,5,1,1,8,6
200700007311,0007-02-07 21:00:00,7,2,7,21,0,280,62,,48.763,1.499,Nuit sans éclairage public,Hors agglomération,Hors intersection,Normale,Sans collision,,,,,,,,,,,3,1,1,1,7
200700007312,0007-02-10 22:45:00,7,2,10,22,45,280,64,,48.823,1.447,Nuit sans éclairage public,Hors agglomération,Hors intersection,Pluie légère,Sans collision,,,,,,,,,,,3,1,1,2,7
200700007313,0007-02-04 15:45:00,7,2,4,15,45,280,299,,,,Plein jour,Hors agglomération,Hors intersection,Normale,Sans collision,,,,,,,,,,,1,1,1,1,7
200700007314,0007-02-14 13:45:00,7,2,14,13,45,280,341,,,,Plein jour,Hors agglomération,Intersection en X,Pluie légère,Deux véhicules - côté,,,,,,,,,,,1,1,2,2,3
200700007315,0007-02-01 22:30:00,7,2,1,22,30,280,378,Route de Nogent,48.271,0.856,Nuit avec éclairage non allumé,En agglomération,Hors intersection,Normale,Autre collision,,,,,,,,,,,4,2,1,1,6
200700007316,0007-02-17 18:55:00,7,2,17,18,55,280,280,Avenue des prés,,,Nuit avec éclairage allumé,En agglomération,Hors intersection,Pluie légère,Autre collision,,,,,,,,,,,5,2,1,2,6
200700007317,0007-02-19 15:40:00,7,2,19,15,40,280,31,"u dit ""La Bouchassière """,,,Plein jour,Hors agglomération,Hors intersection,Normale,Deux véhicules - arrière,,,,,,,,,,,1,1,1,1,2
200700007318,0007-02-19 15:45:00,7,2,19,15,45,280,236,,48.33,0.82,Plein jour,Hors agglomération,Hors intersection,Normale,Deux véhicules - frontale,,,,,,,,,,,1,1,1,1,1
200700007319,0007-02-20 15:00:00,7,2,20,15,0,280,27,pr 25+600,,,Plein jour,En agglomération,Hors intersection,Temps couvert,Deux véhicules - côté,,,,,,,,,,,1,2,1,8,3
200700007320,0007-02-20 14:30:00,7,2,20,14,30,280,280,rue saint hilaire,,,Plein jour,En agglomération,Hors intersection,Normale,Autre collision,,,,,,,,,,,1,2,1,1,6
200700007321,0007-02-27 20:10:00,7,2,27,20,10,280,378,PR 7 + 0.050,,,Nuit sans éclairage public,Hors agglomération,Hors intersection,Pluie légère,Sans collision,,,,,,,,,,,3,1,1,2,7
200700007322,0007-02-12 08:00:00,7,2,12,8,0,360,247,,46.917,1.643,Crépuscule ou aube,Hors agglomération,Hors intersection,Temps couvert,Trois véhicules et plus - en chaîne,,,,,,,,,,,2,1,1,8,4
200700007323,0007-02-16 20:05:00,7,2,16,20,5,360,42,D927,,,Nuit sans éclairage public,Hors agglomération,Hors intersection,Normale,Deux véhicules - frontale,,,,,,,,,,,3,1,1,1,1
200700007324,0007-02-18 16:45:00,7,2,18,16,45,360,45,,46.978,1.177,Plein jour,Hors agglomération,Intersection en X,Normale,Deux véhicules - côté,,,,,,,,,,,1,1,2,1,3
200700007325,0007-02-22 19:40:00,7,2,22,19,40,360,241,Avenue du Gén. de Gaulle,,,Nuit avec éclairage allumé,En agglomération,Hors intersection,Normale,Autre collision,,,,,,,,,,,5,2,1,1,6
200700007326,0007-02-22 16:00:00,7,2,22,16,0,360,86,,47.042,1.426,Plein jour,Hors agglomération,Hors intersection,Pluie légère,Autre collision,,,,,,,,,,,1,1,1,2,6
200700007327,0007-02-19 12:45:00,7,2,19,12,45,360,228,"r du lieu dit ""la ferté""",,,Plein jour,Hors agglomération,Hors intersection,Normale,Sans collision,,,,,,,,,,,1,1,1,1,7
200700007328,0007-02-25 05:10:00,7,2,25,5,10,360,151,le lieu dit le Bardelin,47.21,1.677,Nuit sans éclairage public,Hors agglomération,Hors intersection,Vent fort / tempête,Autre collision,,,,,,,,,,,3,1,1,6,6
200700007329,0007-02-25 15:30:00,7,2,25,15,30,360,133,,,,Plein jour,Hors agglomération,Hors intersection,Pluie forte,Autre collision,,,,,,,,,,,1,1,1,3,6
200700007330,0007-02-04 15:45:00,7,2,4,15,45,370,171,,,,Plein jour,Hors agglomération,Intersection en T,Normale,Trois véhicules et plus - collisions multiples,,,,,,,,,,,1,1,3,1,5
200700007331,0007-02-10 15:45:00,7,2,10,15,45,370,166,,47.51,0.9,Plein jour,Hors agglomération,Hors intersection,Autre,Autre collision,,,,,,,,,,,1,1,1,9,6
200700007332,0007-02-18 19:30:00,7,2,18,19,30,370,155,,,,Nuit sans éclairage public,Hors agglomération,Hors intersection,Normale,Autre collision,,,,,,,,,,,3,1,1,1,6
200700007333,0007-02-26 17:30:00,7,2,26,17,30,370,63,Rue Gambetta,,,Plein jour,En agglomération,Hors intersection,Normale,Autre collision,,,,,,,,,,,1,2,1,1,6
200700007334,0007-02-13 15:15:00,7,2,13,15,15,370,72,nt de St Louans - CD 749,,,Plein jour,Hors agglomération,Hors intersection,Normale,Deux véhicules - côté,,,,,,,,,,,1,1,1,1,3
200700007335,0007-02-10 01:00:00,7,2,10,1,0,370,12,,47.152,0.441,Nuit sans éclairage public,Hors agglomération,Hors intersection,Pluie forte,Deux véhicules - côté,,,,,,,,,,,3,1,1,3,3
200700007336,0007-02-13 20:00:00,7,2,13,20,0,370,212,,47.138,0.637,Nuit sans éclairage public,Hors agglomération,Autre intersection,Normale,Trois véhicules et plus - collisions multiples,,,,,,,,,,,3,1,9,1,5
200700007337,0007-02-09 00:45:00,7,2,9,0,45,370,132,53 Fontaine Charbonnelle,,,Nuit avec éclairage allumé,En agglomération,Hors intersection,Normale,Autre collision,,,,,,,,,,,5,2,1,1,6
200700007338,0007-02-11 21:20:00,7,2,11,21,20,370,39,Les talus,47.059,1.088,Nuit sans éclairage public,Hors agglomération,Hors intersection,Pluie légère,Deux véhicules - frontale,,,,,,,,,,,3,1,1,2,1
200700007339,0007-02-10 07:25:00,7,2,10,7,25,410,272,lieu-dit LA BRECHE,47.485,1.161,Crépuscule ou aube,Hors agglomération,Hors intersection,Pluie légère,Deux véhicules - frontale,,,,,,,,,,,2,1,1,2,1
200700007340,0007-02-17 11:00:00,7,2,17,11,0,410,288,CD 924,,,Plein jour,Hors agglomération,Hors intersection,Normale,Deux véhicules - frontale,,,,,,,,,,,1,1,1,1,1
200700007341,0007-02-11 18:30:00,7,2,11,18,30,410,220,,,,Crépuscule ou aube,Hors agglomération,Hors intersection,Normale,Sans collision,,,,,,,,,,,2,1,1,1,7
200700007342,0007-02-10 07:20:00,7,2,10,7,20,410,296,RN 20,,,Crépuscule ou aube,Hors agglomération,Hors intersection,Pluie légère,Deux véhicules - frontale,,,,,,,,,,,2,1,1,2,1
200700007343,0007-02-03 23:50:00,7,2,3,23,50,410,20,"""Le Cormier""",,,Nuit sans éclairage public,Hors agglomération,Hors intersection,Normale,Sans collision,,,,,,,,,,,3,1,1,1,7
200700007344,0007-02-24 13:00:00,7,2,24,13,0,410,120,,,,Plein jour,Hors agglomération,Hors intersection,Normale,Deux véhicules - frontale,,,,,,,,,,,1,1,1,1,1
200700007345,0007-02-17 12:45:00,7,2,17,12,45,410,216,lieu dit rougement,,,Plein jour,Hors agglomération,Intersection en X,Normale,Deux véhicules - côté,,,,,,,,,,,1,1,2,1,3
200700007346,0007-02-18 18:45:00,7,2,18,18,45,410,244,,,,Crépuscule ou aube,Hors agglomération,Hors intersection,Normale,Deux véhicules - côté,,,,,,,,,,,2,1,1,1,3
200700007347,0007-02-13 17:45:00,7,2,13,17,45,290,233,rue Ducouedic,,,Crépuscule ou aube,En agglomération,Hors intersection,Pluie forte,Autre collision,,,,,,,,,,,2,2,1,3,6
200700007348,0007-02-14 15:50:00,7,2,14,15,50,290,2,Kerhouarnel,,,Plein jour,Hors agglomération,Hors intersection,Normale,Deux véhicules - frontale,,,,,,,,,,,1,1,1,1,1
200700007349,0007-02-20 18:45:00,7,2,20,18,45,290,92,,,,Nuit sans éclairage public,Hors agglomération,Hors intersection,Temps couvert,Autre collision,,,,,,,,,,,3,1,1,8,6
200700007350,0007-02-16 22:15:00,7,2,16,22,15,130,21,evant le casino de Jeux,,,Nuit avec éclairage allumé,En agglomération,Hors intersection,Normale,Autre collision,,,,,,,,,,,5,2,1,1,6
200700007351,0007-02-28 17:30:00,7,2,28,17,30,330,199,ALLEE DE BORDEAUX,,,Plein jour,En agglomération,Hors intersection,Normale,Deux véhicules - frontale,,,,,,,,,,,1,2,1,1,1
200700007352,0007-02-17 10:45:00,7,2,17,10,45,670,437,,,,Plein jour,Hors agglomération,Hors intersection,Pluie légère,Autre collision,,,,,,,,,,,1,1,1,2,6
200700007353,0007-02-08 12:30:00,7,2,8,12,30,580,303,rue benoit frachon,47.012,3.136,Plein jour,En agglomération,Hors intersection,Normale,Deux véhicules - frontale,,,,,,,,,,,1,2,1,1,1
200700007354,0007-02-24 21:30:00,7,2,24,21,30,210,515,Avenue de l'Université,47.317,5.109,Nuit avec éclairage allumé,En agglomération,Hors intersection,Normale,Deux véhicules - côté,,,,,,,,,,,5,2,1,1,3
200700007355,0007-02-10 11:45:00,7,2,10,11,45,110,144,,42.903,2.945,Plein jour,Hors agglomération,Hors intersection,Vent fort / tempête,Autre collision,,,,,,,,,,,1,1,1,6,6
200700007356,0007-02-18 04:45:00,7,2,18,4,45,110,202,,,,Nuit sans éclairage public,Hors agglomération,Hors intersection,Pluie forte,Deux véhicules - frontale,,,,,,,,,,,3,1,1,3,1
200700007357,0007-02-03 16:45:00,7,2,3,16,45,570,529,,49.424,6.01,Plein jour,Hors agglomération,Hors intersection,Temps éblouissant,Deux véhicules - frontale,,,,,,,,,,,1,1,1,7,1
200700007358,0007-02-17 21:00:00,7,2,17,21,0,340,270,RD612,,,Nuit sans éclairage public,Hors agglomération,Hors intersection,Pluie forte,Trois véhicules et plus - collisions multiples,,,,,,,,,,,3,1,1,3,5
200700007359,0007-02-23 10:30:00,7,2,23,10,30,340,270,rn 112,,,Plein jour,En agglomération,Hors intersection,Normale,Deux véhicules - arrière,,,,,,,,,,,1,2,1,1,2
200700007360,0007-02-11 09:45:00,7,2,11,9,45,780,349,,48.571,1.982,Plein jour,Hors agglomération,Hors intersection,Temps couvert,Autre collision,,,,,,,,,,,1,1,1,8,6
200700007361,0007-02-17 07:15:00,7,2,17,7,15,780,9,,,,Crépuscule ou aube,Hors agglomération,Hors intersection,Normale,Autre collision,,,,,,,,,,,2,1,1,1,6
200700007362,0007-02-23 13:30:00,7,2,23,13,30,910,17,,48.602,2.053,Plein jour,Hors agglomération,Hors intersection,Autre,Trois véhicules et plus - collisions multiples,,,,,,,,,,,1,1,1,9,5
200700007363,0007-02-24 17:15:00,7,2,24,17,15,780,3,,,,Plein jour,Hors agglomération,Hors intersection,Temps couvert,Deux véhicules - arrière,,,,,,,,,,,1,1,1,8,2
200700007364,0007-02-27 14:00:00,7,2,27,14,0,510,329,RD 944,,,Plein jour,Hors agglomération,Hors intersection,Pluie forte,Deux véhicules - frontale,,,,,,,,,,,1,1,1,3,1
200700007365,0007-02-15 07:30:00,7,2,15,7,30,690,235,,45.551,4.826,Crépuscule ou aube,Hors agglomération,Hors intersection,Pluie légère,Autre collision,,,,,,,,,,,2,1,1,2,6
200700007366,0007-02-24 18:00:00,7,2,24,18,0,690,189,entre le 38 et le 40 RD,,,Nuit avec éclairage allumé,En agglomération,Hors intersection,Normale,Deux véhicules - frontale,,,,,,,,,,,5,2,1,1,1
200700007367,0007-02-27 18:45:00,7,2,27,18,45,690,235,,45.545,4.837,Nuit sans éclairage public,Hors agglomération,Hors intersection,Normale,Deux véhicules - frontale,,,,,,,,,,,3,1,1,1,1
200700007368,0007-02-18 19:15:00,7,2,18,19,15,370,272,,,,Nuit sans éclairage public,Hors agglomération,Hors intersection,Normale,Sans collision,,,,,,,,,,,3,1,1,1,7
200700007369,0007-02-01 08:15:00,7,2,1,8,15,600,505,,49.155,2.542,Plein jour,Hors agglomération,Hors intersection,Pluie légère,Autre collision,,,,,,,,,,,1,1,1,2,6
200700007370,0007-02-28 14:30:00,7,2,28,14,30,600,142,,49.139,2.534,Plein jour,Hors agglomération,Hors intersection,Normale,Deux véhicules - frontale,,,,,,,,,,,1,1,1,1,1
200700007371,0007-02-28 04:00:00,7,2,28,4,0,620,708,,,,Nuit sans éclairage public,Hors agglomération,Hors intersection,Normale,Trois véhicules et plus - collisions multiples,,,,,,,,,,,3,1,1,1,5
200700007372,0007-02-05 17:40:00,7,2,5,17,40,800,2,s Paris-Lille PK 118+700,,,Plein jour,Hors agglomération,Hors intersection,Normale,Autre collision,,,,,,,,,,,1,1,1,1,6
200700007373,0007-02-09 06:30:00,7,2,9,6,30,800,383,,,,Nuit sans éclairage public,Hors agglomération,Hors intersection,Normale,Trois véhicules et plus - collisions multiples,,,,,,,,,,,3,1,1,1,5
200700007374,0007-02-18 08:50:00,7,2,18,8,50,800,555,AUTOROUTE A29,,,Plein jour,Hors agglomération,Hors intersection,Brouillard / fumée,Autre collision,,,,,,,,,,,1,1,1,5,6
200700007375,0007-02-11 14:45:00,7,2,11,14,45,890,167,aris/Lyon - PK 144+280 -,,,Plein jour,Hors agglomération,Hors intersection,Pluie forte,Autre collision,,,,,,,,,,,1,1,1,3,6
200700007376,0007-02-01 10:45:00,7,2,1,10,45,130,18,"K 204+800, sens Sud/Nord",,,Plein jour,Hors agglomération,Hors intersection,Normale,Deux véhicules - frontale,,,,,,,,,,,1,1,1,1,1
200700007377,0007-02-05 06:00:00,7,2,5,6,0,130,112,- sens Marseille/Avigno,,,Nuit sans éclairage public,Hors agglomération,Hors intersection,Normale,Deux véhicules - arrière,,,,,,,,,,,3,1,1,1,2
200700007378,0007-02-19 06:35:00,7,2,19,6,35,130,18,PK 202+200 Sens Nord-Sud,,,Crépuscule ou aube,Hors agglomération,Hors intersection,Normale,Sans collision,,,,,,,,,,,2,1,1,1,7
200700007379,0007-02-12 09:45:00,7,2,12,9,45,830,130,,43.202,6.041,Plein jour,Hors agglomération,Hors intersection,Normale,Autre collision,,,,,,,,,,,1,1,1,1,6
200700007380,0007-02-27 19:15:00,7,2,27,19,15,830,49,,43.257,6.108,Nuit sans éclairage public,Hors agglomération,Autre intersection,Normale,Autre collision,,,,,,,,,,,3,1,9,1,6
200700007381,0007-02-08 13:30:00,7,2,8,13,30,600,601,RUE  COMMUNE DE PARIS,,,Plein jour,En agglomération,Hors intersection,Normale,Deux véhicules - arrière,,,,,,,,,,,1,2,1,1,2
200700007382,0007-02-12 22:45:00,7,2,12,22,45,600,601,,,,Nuit sans éclairage public,Hors agglomération,Hors intersection,Pluie légère,Autre collision,,,,,,,,,,,3,1,1,2,6
200700007383,0007-02-13 20:45:00,7,2,13,20,45,600,601,rue commune de Paris,,,Nuit avec éclairage allumé,En agglomération,Hors intersection,Normale,Deux véhicules - côté,,,,,,,,,,,5,2,1,1,3
200700007384,0007-02-19 19:30:00,7,2,19,19,30,600,584,RUE VERDUN,,,Nuit avec éclairage allumé,En agglomération,Hors intersection,Normale,Deux véhicules - frontale,,,,,,,,,,,5,2,1,1,1
200700007385,0007-02-24 18:30:00,7,2,24,18,30,600,686,,,,Nuit sans éclairage public,Hors agglomération,Hors intersection,Temps couvert,Deux véhicules - frontale,,,,,,,,,,,3,1,1,8,1
200700007386,0007-02-11 08:45:00,7,2,11,8,45,270,656,,,,Plein jour,Hors agglomération,Hors intersection,Temps couvert,Autre collision,,,,,,,,,,,1,1,1,8,6