accident_id,datetime,annee,mois,jour,heure,minute,departement,commune_insee,adresse,latitude,longitude,luminosite,agglomeration,intersection,meteo,collision,nb_vehicules,nb_usagers,nb_indemnes,nb_tues,nb_blesses_hosp,nb_blesses_legers,age_cond_1,age_cond_2,veh_type_cond_1,veh_type_cond_2,lum_code,agg_code,int_code,atm_code,col_code
200700007387,0007-02-22 21:00:00,7,2,22,21,0,270,553,Autoroute A13 PK 83+700,,,Nuit sans éclairage public,Hors agglomération,Hors intersection,Normale,Sans collision,,,,,,,,,,,3,1,1,1,7
200700007388,0007-02-21 16:45:00,7,2,21,16,45,600,100,,,,Plein jour,Hors agglomération,Hors intersection,Normale,Sans collision,,,,,,,,,,,1,1,1,1,7
200700007389,0007-02-06 08:45:00,7,2,6,8,45,690,264,,45.989,4.738,Plein jour,Hors agglomération,Hors intersection,Normale,Autre collision,,,,,,,,,,,1,1,1,1,6
200700007390,0007-02-19 12:45:00,7,2,19,12,45,690,206,,46.094,4.746,Plein jour,Hors agglomération,Hors intersection,Normale,Autre collision,,,,,,,,,,,1,1,1,1,6
200700007391,0007-02-20 10:30:00,7,2,20,10,30,690,242,,46.136,4.766,Plein jour,Hors agglomération,Hors intersection,Normale,Deux véhicules - arrière,,,,,,,,,,,1,1,1,1,2
200700007392,0007-02-09 05:30:00,7,2,9,5,30,620,440,,,,Nuit sans éclairage public,Hors agglomération,Hors intersection,Normale,Deux véhicules - arrière,,,,,,,,,,,3,1,1,1,2
200700007393,0007-02-25 16:00:00,7,2,25,16,0,380,343,,45.578,5.651,Plein jour,Hors agglomération,Hors intersection,Normale,Trois véhicules et plus - collisions multiples,,,,,,,,,,,1,1,1,1,5
200700007394,0007-02-19 16:40:00,7,2,19,16,40,950,250,Avenue Henri Barbusse,,,Plein jour,En agglomération,Hors intersection,Normale,Deux véhicules - frontale,,,,,,,,,,,1,2,1,1,1
200700007395,0007-02-19 16:00:00,7,2,19,16,0,760,502,,49.554,1.249,Plein jour,Hors agglomération,Hors intersection,Normale,Autre collision,,,,,,,,,,,1,1,1,1,6
200700007396,0007-02-19 07:30:00,7,2,19,7,30,310,467,Avenue de Fronton,43.698,1.402,Plein jour,En agglomération,Hors intersection,Normale,Deux véhicules - côté,,,,,,,,,,,1,2,1,1,3
200700007397,0007-02-26 18:15:00,7,2,26,18,15,310,410,LE SAOURET/CD77,,,Plein jour,En agglomération,Hors intersection,Pluie légère,Deux véhicules - frontale,,,,,,,,,,,1,2,1,2,1
200700007398,0007-02-04 20:15:00,7,2,4,20,15,410,206,"rovince-Paris, PK148+500",,,Nuit avec éclairage allumé,Hors agglomération,Autre intersection,Normale,Deux véhicules - arrière,,,,,,,,,,,5,1,9,1,2
200700007399,0007-02-05 09:30:00,7,2,5,9,30,410,252,,,,Plein jour,Hors agglomération,Hors intersection,Normale,Autre collision,,,,,,,,,,,1,1,1,1,6
200700007400,0007-02-16 20:45:00,7,2,16,20,45,410,136,,47.742,1.521,Nuit sans éclairage public,Hors agglomération,Hors intersection,Normale,Deux véhicules - frontale,,,,,,,,,,,3,1,1,1,1
200700007401,0007-02-25 13:00:00,7,2,25,13,0,740,133,,,,Plein jour,Hors agglomération,Hors intersection,Autre,Deux véhicules - arrière,,,,,,,,,,,1,1,1,9,2
200700007402,0007-02-22 14:45:00,7,2,22,14,45,300,123,sens MONTPELLIER - NIMES,,,Plein jour,Hors agglomération,Hors intersection,Normale,Trois véhicules et plus - en chaîne,,,,,,,,,,,1,1,1,1,4
200700007403,0007-02-25 14:00:00,7,2,25,14,0,110,262,,43.156,2.982,Plein jour,Hors agglomération,Hors intersection,Temps couvert,Autre collision,,,,,,,,,,,1,1,1,8,6
200700007404,0007-02-07 07:45:00,7,2,7,7,45,370,79,,,,Crépuscule ou aube,Hors agglomération,Hors intersection,Pluie forte,Deux véhicules - frontale,,,,,,,,,,,2,1,1,3,1
200700007405,0007-02-21 14:00:00,7,2,21,14,0,370,8,,,,Plein jour,Hors agglomération,Hors intersection,Pluie forte,Deux véhicules - côté,,,,,,,,,,,1,1,1,3,3
200700007406,0007-02-13 19:30:00,7,2,13,19,30,450,169,,,,Nuit sans éclairage public,Hors agglomération,Hors intersection,Normale,Trois véhicules et plus - en chaîne,,,,,,,,,,,3,1,1,1,4
200700007407,0007-02-17 00:45:00,7,2,17,0,45,280,392,,,,Nuit sans éclairage public,Hors agglomération,Hors intersection,Normale,Deux véhicules - arrière,,,,,,,,,,,3,1,1,1,2
200700007408,0007-02-24 03:30:00,7,2,24,3,30,280,29,,48.164,1.854,Nuit sans éclairage public,Hors agglomération,Hors intersection,Normale,Autre collision,,,,,,,,,,,3,1,1,1,6
200700007409,0007-02-25 13:15:00,7,2,25,13,15,450,203,,,,Plein jour,Hors agglomération,Hors intersection,Normale,Deux véhicules - frontale,,,,,,,,,,,1,1,1,1,1
200700007410,0007-02-03 20:30:00,7,2,3,20,30,670,407,GRAND RUE,48.759,7.905,Nuit avec éclairage allumé,En agglomération,Autre intersection,Autre,Autre collision,,,,,,,,,,,5,2,9,9,6
200700007411,0007-02-20 20:15:00,7,2,20,20,15,670,405,CD468,,,Nuit avec éclairage allumé,En agglomération,Hors intersection,Normale,Autre collision,,,,,,,,,,,5,2,1,1,6
200700007412,0007-02-28 10:30:00,7,2,28,10,30,670,409,,,,Plein jour,Hors agglomération,Hors intersection,Normale,Deux véhicules - arrière,,,,,,,,,,,1,1,1,1,2
200700007413,0007-02-17 00:45:00,7,2,17,0,45,730,179,,45.605,5.888,Nuit avec éclairage allumé,Hors agglomération,Hors intersection,Normale,Autre collision,,,,,,,,,,,5,1,1,1,6
200700007414,0007-02-21 13:30:00,7,2,21,13,30,730,281,,45.583,5.843,Plein jour,Hors agglomération,Hors intersection,Normale,Deux véhicules - arrière,,,,,,,,,,,1,1,1,1,2
200700007415,0007-02-01 05:15:00,7,2,1,5,15,740,116,,46.05,6.275,Nuit sans éclairage public,Hors agglomération,Hors intersection,Autre,Deux véhicules - arrière,,,,,,,,,,,3,1,1,9,2
200700007416,0007-02-26 08:15:00,7,2,26,8,15,380,331,autoroute A.48 PK 72+200,,,Plein jour,Hors agglomération,Hors intersection,Pluie forte,Autre collision,,,,,,,,,,,1,1,1,3,6
200700007417,0007-02-09 02:30:00,7,2,9,2,30,140,203,,49.234,-0.077,Nuit avec éclairage allumé,Hors agglomération,Autre intersection,Normale,Autre collision,,,,,,,,,,,5,1,9,1,6
200700007418,0007-02-12 07:35:00,7,2,12,7,35,130,58,nue du général de Gaulle,,,Crépuscule ou aube,En agglomération,Intersection en Y,Temps couvert,Deux véhicules - frontale,,,,,,,,,,,2,2,4,8,1
200700007419,0007-02-16 23:30:00,7,2,16,23,30,410,204,D951,,,Nuit sans éclairage public,Hors agglomération,Hors intersection,Normale,Deux véhicules - arrière,,,,,,,,,,,3,1,1,1,2
200700007420,0007-02-23 19:00:00,7,2,23,19,0,690,43,Angle rue Lucien COZON,,,Nuit avec éclairage allumé,En agglomération,Hors intersection,Pluie légère,Deux véhicules - côté,,,,,,,,,,,5,2,1,2,3
200700007421,0007-02-13 14:00:00,7,2,13,14,0,290,69,,,,Plein jour,Hors agglomération,Hors intersection,Normale,Deux véhicules - frontale,,,,,,,,,,,1,1,1,1,1
200700007422,0007-02-22 10:45:00,7,2,22,10,45,340,157,,,,Plein jour,Hors agglomération,Hors intersection,Normale,Autre collision,,,,,,,,,,,1,1,1,1,6
200700007423,0007-02-09 21:10:00,7,2,9,21,10,330,343,"A.62, en B/T, PK 26+900",,,Nuit sans éclairage public,Hors agglomération,Hors intersection,Pluie légère,Deux véhicules - frontale,,,,,,,,,,,3,1,1,2,1
200700007424,0007-02-24 02:15:00,7,2,24,2,15,310,506,CD2,,,Nuit avec éclairage allumé,En agglomération,Hors intersection,Pluie légère,Deux véhicules - frontale,,,,,,,,,,,5,2,1,2,1
200700007425,0007-02-06 13:15:00,7,2,6,13,15,630,241,,45.63,3.19,Plein jour,Hors agglomération,Hors intersection,Normale,Autre collision,,,,,,,,,,,1,1,1,1,6
200700007426,0007-02-19 09:45:00,7,2,19,9,45,640,24,,43.461,-1.522,Plein jour,Hors agglomération,Hors intersection,Normale,Sans collision,,,,,,,,,,,1,1,1,1,7
200700007427,0007-02-11 03:15:00,7,2,11,3,15,510,282,"Autoroute A4, PK 127",,,Nuit sans éclairage public,Hors agglomération,Hors intersection,Pluie forte,Sans collision,,,,,,,,,,,3,1,1,3,7
200700007428,0007-02-16 09:00:00,7,2,16,9,0,690,81,nue Raymond de Veyssière,,,Plein jour,En agglomération,Hors intersection,Temps couvert,Autre collision,,,,,,,,,,,1,2,1,8,6
200700007429,0007-02-11 14:45:00,7,2,11,14,45,380,433,LES GUILLETS,,,Plein jour,Hors agglomération,Hors intersection,Temps couvert,Deux véhicules - frontale,,,,,,,,,,,1,1,1,8,1
200700007430,0007-02-06 08:15:00,7,2,6,8,15,60,88,,43.673,7.201,Plein jour,Hors agglomération,Hors intersection,Normale,Deux véhicules - arrière,,,,,,,,,,,1,1,1,1,2
200700007431,0007-02-24 16:15:00,7,2,24,16,15,660,217,,,,Plein jour,Hors agglomération,Hors intersection,Normale,Autre collision,,,,,,,,,,,1,1,1,1,6
200700007432,0007-02-09 10:50:00,7,2,9,10,50,620,349,"A26, PK 71+700, sens R/C",,,Plein jour,Hors agglomération,Hors intersection,Normale,Deux véhicules - arrière,,,,,,,,,,,1,1,1,1,2
200700007433,0007-02-14 07:40:00,7,2,14,7,40,380,75,A41 PK 036.400,,,Plein jour,Hors agglomération,Hors intersection,Normale,Deux véhicules - arrière,,,,,,,,,,,1,1,1,1,2
200700007434,0007-02-02 14:15:00,7,2,2,14,15,250,370,,,,Plein jour,Hors agglomération,Hors intersection,Normale,Deux véhicules - côté,,,,,,,,,,,1,1,1,1,3
200700007435,0007-02-07 12:30:00,7,2,7,12,30,130,1,,43.521,5.43,Plein jour,Hors agglomération,Hors intersection,Pluie légère,Trois véhicules et plus - collisions multiples,,,,,,,,,,,1,1,1,2,5
200700007436,0007-02-23 11:15:00,7,2,23,11,15,130,1,,43.515,5.447,Plein jour,Hors agglomération,Hors intersection,Normale,Autre collision,,,,,,,,,,,1,1,1,1,6
200700007437,0007-02-05 01:15:00,7,2,5,1,15,770,141,,,,Nuit sans éclairage public,Hors agglomération,Hors intersection,Normale,Deux véhicules - arrière,,,,,,,,,,,3,1,1,1,2
200700007438,0007-02-12 13:15:00,7,2,12,13,15,660,228,route de baho,,,Plein jour,En agglomération,Hors intersection,Pluie légère,Autre collision,,,,,,,,,,,1,2,1,2,6
200700007439,0007-02-26 08:10:00,7,2,26,8,10,660,172,avenue Maréchal Joffre,,,Plein jour,En agglomération,Hors intersection,Normale,Deux véhicules - frontale,,,,,,,,,,,1,2,1,1,1
200700007440,0007-02-05 05:30:00,7,2,5,5,30,110,95,,,,Nuit sans éclairage public,Hors agglomération,Hors intersection,Normale,Deux véhicules - arrière,,,,,,,,,,,3,1,1,1,2
200700007441,0007-02-14 08:15:00,7,2,14,8,15,470,165,,,,Plein jour,Hors agglomération,Hors intersection,Normale,Autre collision,,,,,,,,,,,1,1,1,1,6
200700007442,0007-02-18 22:15:00,7,2,18,22,15,470,165,,,,Nuit sans éclairage public,Hors agglomération,Hors intersection,Normale,Autre collision,,,,,,,,,,,3,1,1,1,6
200700007443,0007-02-14 08:45:00,7,2,14,8,45,910,617,,48.659,2.526,Plein jour,Hors agglomération,Hors intersection,Pluie légère,Deux véhicules - arrière,,,,,,,,,,,1,1,1,2,2
200700007444,0007-02-27 17:15:00,7,2,27,17,15,910,617,,,,Plein jour,Hors agglomération,Hors intersection,Pluie légère,Deux véhicules - frontale,,,,,,,,,,,1,1,1,2,1
200700007445,0007-02-08 20:05:00,7,2,8,20,5,330,199,ROND POINT LA HUME A660,44.622,-1.103,Nuit sans éclairage public,Hors agglomération,Giratoire,Normale,Deux véhicules - côté,,,,,,,,,,,3,1,6,1,3
200700007446,0007-02-25 11:30:00,7,2,25,11,30,720,96,,,,Plein jour,Hors agglomération,Hors intersection,Normale,Autre collision,,,,,,,,,,,1,1,1,1,6
200700007447,0007-02-25 13:30:00,7,2,25,13,30,720,249,,,,Plein jour,Hors agglomération,Hors intersection,Normale,Autre collision,,,,,,,,,,,1,1,1,1,6
200700007448,0007-02-09 20:30:00,7,2,9,20,30,440,60,,47.425,-0.956,Nuit sans éclairage public,Hors agglomération,Hors intersection,Normale,Sans collision,,,,,,,,,,,3,1,1,1,7
200700007449,0007-02-01 19:15:00,7,2,1,19,15,201,48,,,,Nuit sans éclairage public,Hors agglomération,Hors intersection,Normale,Deux véhicules - frontale,,,,,,,,,,,3,1,1,1,1
200700007450,0007-02-28 19:00:00,7,2,28,19,0,201,65,,,,Nuit sans éclairage public,Hors agglomération,Hors intersection,Normale,Sans collision,,,,,,,,,,,3,1,1,1,7
200700007451,0007-02-07 09:28:00,7,2,7,9,28,201,130,,,,Plein jour,Hors agglomération,Hors intersection,Pluie légère,Deux véhicules - côté,,,,,,,,,,,1,1,1,2,3
200700007452,0007-02-20 10:00:00,7,2,20,10,0,380,229,Rond point de Didcot,,,Plein jour,En agglomération,Giratoire,Normale,Deux véhicules - côté,,,,,,,,,,,1,2,6,1,3
200700007453,0007-02-03 13:15:00,7,2,3,13,15,780,431,,48.94,1.951,Plein jour,Hors agglomération,Hors intersection,Normale,Deux véhicules - côté,,,,,,,,,,,1,1,1,1,3
200700007454,0007-02-02 03:00:00,7,2,2,3,0,330,122,Pont de Pierotton,44.742,-0.762,Nuit avec éclairage allumé,Hors agglomération,Hors intersection,Normale,Autre collision,,,,,,,,,,,5,1,1,1,6
200700007455,0007-02-24 08:30:00,7,2,24,8,30,330,122,,,,Plein jour,Hors agglomération,Hors intersection,Pluie forte,Deux véhicules - arrière,,,,,,,,,,,1,1,1,3,2
200700007456,0007-02-19 04:00:00,7,2,19,4,0,790,31,,,,Nuit sans éclairage public,Hors agglomération,Hors intersection,Normale,Deux véhicules - arrière,,,,,,,,,,,3,1,1,1,2
200700007457,0007-02-13 08:15:00,7,2,13,8,15,220,251,,48.591,-2.825,Plein jour,Hors agglomération,Hors intersection,Pluie légère,Deux véhicules - côté,,,,,,,,,,,1,1,1,2,3
200700007458,0007-02-28 14:30:00,7,2,28,14,30,220,11,,48.47,-2.975,Plein jour,Hors agglomération,Hors intersection,Temps couvert,Deux véhicules - frontale,,,,,,,,,,,1,1,1,8,1
200700007459,0007-02-06 14:45:00,7,2,6,14,45,201,362,,41.72,9.402,Plein jour,Hors agglomération,Hors intersection,Normale,Sans collision,,,,,,,,,,,1,1,1,1,7
200700007460,0007-02-16 08:00:00,7,2,16,8,0,690,288,,45.696,5.066,Plein jour,Hors agglomération,Hors intersection,Normale,Trois véhicules et plus - collisions multiples,,,,,,,,,,,1,1,1,1,5
200700007461,0007-02-13 16:30:00,7,2,13,16,30,420,279,,45.507,4.215,Plein jour,Hors agglomération,Hors intersection,Normale,Deux véhicules - côté,,,,,,,,,,,1,1,1,1,3
200700007462,0007-02-22 12:45:00,7,2,22,12,45,910,244,Avenue saint rémy,,,Plein jour,En agglomération,Hors intersection,Normale,Sans collision,,,,,,,,,,,1,2,1,1,7
200700007463,0007-02-09 02:30:00,7,2,9,2,30,520,42,A31 PK 123+500,47.92,5.229,Nuit sans éclairage public,Hors agglomération,Hors intersection,Temps couvert,Sans collision,,,,,,,,,,,3,1,1,8,7
200700007464,0007-02-09 12:15:00,7,2,9,12,15,520,205,,,,Plein jour,Hors agglomération,Hors intersection,Normale,Autre collision,,,,,,,,,,,1,1,1,1,6
200700007465,0007-02-09 15:45:00,7,2,9,15,45,520,42,,,,Plein jour,Hors agglomération,Hors intersection,Normale,Autre collision,,,,,,,,,,,1,1,1,1,6
200700007466,0007-02-24 08:30:00,7,2,24,8,30,520,56,int kilométrique 206+500,,,Plein jour,Hors agglomération,Hors intersection,Pluie forte,Sans collision,,,,,,,,,,,1,1,1,3,7
200700007467,0007-02-08 09:15:00,7,2,8,9,15,310,157,D 24,43.55,1.32,Plein jour,Hors agglomération,Hors intersection,Pluie forte,Deux véhicules - frontale,,,,,,,,,,,1,1,1,3,1
200700007468,0007-02-10 14:00:00,7,2,10,14,0,310,157,rue de la vieille église,43.53,1.34,Plein jour,En agglomération,Intersection en X,Normale,Trois véhicules et plus - collisions multiples,,,,,,,,,,,1,2,2,1,5
200700007469,0007-02-09 07:15:00,7,2,9,7,15,60,18,6 bis chemin neuf,,,Crépuscule ou aube,En agglomération,Hors intersection,Temps couvert,Autre collision,,,,,,,,,,,2,2,1,8,6
200700007470,0007-02-09 07:00:00,7,2,9,7,0,690,244,27 avenue victor hugo,,,Nuit avec éclairage allumé,En agglomération,Hors intersection,Normale,Deux véhicules - frontale,,,,,,,,,,,5,2,1,1,1
200700007471,0007-02-18 21:15:00,7,2,18,21,15,690,244,avenue de la république,,,Nuit avec éclairage allumé,En agglomération,Hors intersection,Normale,Deux véhicules - côté,,,,,,,,,,,5,2,1,1,3
200700007472,0007-02-02 21:00:00,7,2,2,21,0,380,114,,45.425,4.796,Nuit sans éclairage public,Hors agglomération,Hors intersection,Normale,Sans collision,,,,,,,,,,,3,1,1,1,7
200700007473,0007-02-17 17:30:00,7,2,17,17,30,380,378,RUE DU MORDANT,45.448,4.791,Plein jour,En agglomération,Hors intersection,Normale,Deux véhicules - côté,,,,,,,,,,,1,2,1,1,3
200700007474,0007-02-17 10:50:00,7,2,17,10,50,130,118,Quartier de la Mine,,,Plein jour,Hors agglomération,Intersection en T,Normale,Deux véhicules - côté,,,,,,,,,,,1,1,3,1,3
200700007475,0007-02-04 07:15:00,7,2,4,7,15,950,430,,49.074,2.325,Nuit sans éclairage public,Hors agglomération,Hors intersection,Normale,Deux véhicules - côté,,,,,,,,,,,3,1,1,1,3
200700007476,0007-02-06 09:30:00,7,2,6,9,30,90,239,,42.708,2.093,Plein jour,Hors agglomération,Hors intersection,Temps couvert,Sans collision,,,,,,,,,,,1,1,1,8,7
200700007477,0007-02-07 11:00:00,7,2,7,11,0,350,131,Rue Ernest Renan,,,Plein jour,En agglomération,Giratoire,Normale,Deux véhicules - arrière,,,,,,,,,,,1,2,6,1,2
200700007478,0007-02-04 06:30:00,7,2,4,6,30,560,5,Boul. de la résistance,47.546,-2.887,Nuit avec éclairage allumé,En agglomération,Hors intersection,Normale,Autre collision,,,,,,,,,,,5,2,1,1,6
200700007479,0007-02-24 13:40:00,7,2,24,13,40,880,440,point routier 181,,,Plein jour,Hors agglomération,Hors intersection,Neige / grêle,Trois véhicules et plus - collisions multiples,,,,,,,,,,,1,1,1,4,5
200700007480,0007-02-11 14:15:00,7,2,11,14,15,130,113,,,,Plein jour,Hors agglomération,Hors intersection,Normale,Sans collision,,,,,,,,,,,1,1,1,1,7
200700007481,0007-02-23 00:45:00,7,2,23,0,45,130,113,,,,Nuit sans éclairage public,Hors agglomération,Hors intersection,Normale,Deux véhicules - arrière,,,,,,,,,,,3,1,1,1,2
200700007482,0007-02-07 07:45:00,7,2,7,7,45,340,337,,43.541,3.859,Crépuscule ou aube,Hors agglomération,Hors intersection,Pluie légère,Trois véhicules et plus - collisions multiples,,,,,,,,,,,2,1,1,2,5
200700007483,0007-02-26 01:00:00,7,2,26,1,0,10,300,A 40 sens MACON - GENEVE,,,Nuit sans éclairage public,Hors agglomération,Hors intersection,Pluie forte,Autre collision,,,,,,,,,,,3,1,1,3,6
200700007484,0007-02-02 16:45:00,7,2,2,16,45,630,113,,45.78,3.139,Plein jour,Hors agglomération,Autre intersection,Normale,Deux véhicules - côté,,,,,,,,,,,1,1,9,1,3
200700007485,0007-02-08 22:45:00,7,2,8,22,45,630,135,,,,Nuit sans éclairage public,Hors agglomération,Hors intersection,Normale,Autre collision,,,,,,,,,,,3,1,1,1,6
200700007486,0007-02-13 18:15:00,7,2,13,18,15,400,156,,,,Crépuscule ou aube,Hors agglomération,Autre intersection,Normale,Autre collision,,,,,,,,,,,2,1,9,1,6
200700007487,0007-02-18 02:00:00,7,2,18,2,0,60,112,ROUTE DE NICE,43.679,7.003,Nuit avec éclairage allumé,En agglomération,Hors intersection,Normale,Autre collision,,,,,,,,,,,5,2,1,1,6
200700007488,0007-02-23 16:30:00,7,2,23,16,30,650,258,,43.104,0.391,Plein jour,Hors agglomération,Hors intersection,Normale,Trois véhicules et plus - collisions multiples,,,,,,,,,,,1,1,1,1,5
200700007489,0007-02-17 07:00:00,7,2,17,7,0,20,218,A26 sens CALAIS-REIMS,,,Nuit sans éclairage public,Hors agglomération,Hors intersection,Normale,Sans collision,,,,,,,,,,,3,1,1,1,7
200700007490,0007-02-10 17:00:00,7,2,10,17,0,380,193,rue de l'étoile du nord,,,Plein jour,En agglomération,Hors intersection,Pluie légère,Autre collision,,,,,,,,,,,1,2,1,2,6
200700007491,0007-02-02 14:00:00,7,2,2,14,0,130,80,,43.661,5.424,Plein jour,Hors agglomération,Hors intersection,Normale,Deux véhicules - arrière,,,,,,,,,,,1,1,1,1,2
200700007492,0007-02-10 07:30:00,7,2,10,7,30,380,450,Autoroute A 49 PK 13+200,,,Crépuscule ou aube,Hors agglomération,Hors intersection,Temps couvert,Deux véhicules - arrière,,,,,,,,,,,2,1,1,8,2
200700007493,0007-02-02 08:15:00,7,2,2,8,15,670,205,A35 - PK 243+080,,,Plein jour,Hors agglomération,Autre intersection,Normale,Autre collision,,,,,,,,,,,1,1,9,1,6
200700007494,0007-02-04 16:40:00,7,2,4,16,40,670,409,CD4,,,Plein jour,Hors agglomération,Hors intersection,Normale,Sans collision,,,,,,,,,,,1,1,1,1,7
200700007495,0007-02-27 13:20:00,7,2,27,13,20,510,168,de Péade de MONT CHOISY,,,Plein jour,Hors agglomération,Hors intersection,Pluie légère,Autre collision,,,,,,,,,,,1,1,1,2,6
200700007496,0007-02-21 10:00:00,7,2,21,10,0,620,239,,,,Plein jour,Hors agglomération,Intersection en T,Normale,Deux véhicules - côté,,,,,,,,,,,1,1,3,1,3
200700007497,0007-02-04 14:00:00,7,2,4,14,0,600,570,,,,Plein jour,Hors agglomération,Hors intersection,Normale,Autre collision,,,,,,,,,,,1,1,1,1,6
200700007498,0007-02-17 19:30:00,7,2,17,19,30,600,81,,,,Nuit sans éclairage public,Hors agglomération,Hors intersection,Normale,Trois véhicules et plus - collisions multiples,,,,,,,,,,,3,1,1,1,5
200700007499,0007-02-18 09:45:00,7,2,18,9,45,890,459,,,,Plein jour,Hors agglomération,Hors intersection,Normale,Deux véhicules - frontale,,,,,,,,,,,1,1,1,1,1
200700007500,0007-02-24 13:40:00,7,2,24,13,40,130,91,lieu dit GAVARNNY,,,Plein jour,Hors agglomération,Autre intersection,Normale,Deux véhicules - arrière,,,,,,,,,,,1,1,9,1,2
200700007501,0007-02-28 19:00:00,7,2,28,19,0,130,91,,43.627,5.296,Nuit sans éclairage public,Hors agglomération,Hors intersection,Normale,Deux véhicules - arrière,,,,,,,,,,,3,1,1,1,2
200700007502,0007-02-24 04:25:00,7,2,24,4,25,760,729,A 29 au PK 70+400,,,Nuit sans éclairage public,Hors agglomération,Hors intersection,Pluie légère,Sans collision,,,,,,,,,,,3,1,1,2,7
200700007503,0007-02-18 16:15:00,7,2,18,16,15,740,164,Avenue de la mairie,46.095,6.503,Plein jour,En agglomération,Intersection en T,Normale,Deux véhicules - côté,,,,,,,,,,,1,2,3,1,3
200700007504,0007-02-25 19:30:00,7,2,25,19,30,190,250,,45.485,1.531,Nuit sans éclairage public,Hors agglomération,Hors intersection,Neige / grêle,Deux véhicules - arrière,,,,,,,,,,,3,1,1,4,2
200700007505,0007-02-20 20:15:00,7,2,20,20,15,190,151,,,,Nuit sans éclairage public,Hors agglomération,Hors intersection,Normale,Deux véhicules - arrière,,,,,,,,,,,3,1,1,1,2
200700007506,0007-02-06 11:30:00,7,2,6,11,30,870,19,,,,Plein jour,Hors agglomération,Hors intersection,Normale,Deux véhicules - arrière,,,,,,,,,,,1,1,1,1,2
200700007507,0007-02-25 17:45:00,7,2,25,17,45,870,14,".20, sens N-S PR 151+850",,,Plein jour,Hors agglomération,Hors intersection,Neige / grêle,Trois véhicules et plus - collisions multiples,,,,,,,,,,,1,1,1,4,5
200700007508,0007-02-25 17:45:00,7,2,25,17,45,870,14,,,,Plein jour,Hors agglomération,Hors intersection,Neige / grêle,Trois véhicules et plus - en chaîne,,,,,,,,,,,1,1,1,4,4
200700007509,0007-02-23 18:45:00,7,2,23,18,45,780,356,rue des acacias,48.745,2.054,Crépuscule ou aube,En agglomération,Hors intersection,Normale,Deux véhicules - côté,,,,,,,,,,,2,2,1,1,3
200700007510,0007-02-25 14:45:00,7,2,25,14,45,780,356,AVENUE DE CHEVINCOURT,48.745,2.054,Plein jour,En agglomération,Hors intersection,Pluie légère,Deux véhicules - côté,,,,,,,,,,,1,2,1,2,3
200700007511,0007-02-01 01:45:00,7,2,1,1,45,720,334,,48.215,-0.135,Plein jour,Hors agglomération,Hors intersection,Pluie légère,Autre collision,,,,,,,,,,,1,1,1,2,6
200700007512,0007-02-23 14:45:00,7,2,23,14,45,720,315,,48.187,-0.114,Plein jour,Hors agglomération,Intersection en Y,Normale,Deux véhicules - côté,,,,,,,,,,,1,1,4,1,3
200700007513,0007-02-08 03:15:00,7,2,8,3,15,720,24,,,,Nuit sans éclairage public,Hors agglomération,Autre intersection,Pluie forte,Sans collision,,,,,,,,,,,3,1,9,3,7
200700007514,0007-02-25 20:00:00,7,2,25,20,0,190,236,,,,Nuit sans éclairage public,Hors agglomération,Hors intersection,Pluie légère,Autre collision,,,,,,,,,,,3,1,1,2,6
200700007515,0007-02-05 08:30:00,7,2,5,8,30,670,170,10 rue Principale,,,Plein jour,En agglomération,Intersection en X,Temps couvert,Deux véhicules - frontale,,,,,,,,,,,1,2,2,8,1
200700007516,0007-02-26 14:00:00,7,2,26,14,0,310,547,,,,Plein jour,Hors agglomération,Hors intersection,Pluie légère,Trois véhicules et plus - collisions multiples,,,,,,,,,,,1,1,1,2,5
200700007517,0007-02-19 15:00:00,7,2,19,15,0,300,356,D 135- Chemin des canaux,,,Plein jour,Hors agglomération,Hors intersection,Normale,Deux véhicules - arrière,,,,,,,,,,,1,1,1,1,2
200700007518,0007-02-27 18:45:00,7,2,27,18,45,300,125,avenue de Camargue,,,Crépuscule ou aube,En agglomération,Giratoire,Normale,Autre collision,,,,,,,,,,,2,2,6,1,6
200700007519,0007-02-15 15:45:00,7,2,15,15,45,340,192,avenue du Général de Gau,,,Plein jour,En agglomération,Hors intersection,Normale,Autre collision,,,,,,,,,,,1,2,1,1,6
200700007520,0007-02-02 09:30:00,7,2,2,9,30,760,644,,,,Nuit sans éclairage public,Hors agglomération,Hors intersection,Temps couvert,Deux véhicules - frontale,,,,,,,,,,,3,1,1,8,1
200700007521,0007-02-05 15:00:00,7,2,5,15,0,800,533,Rue P. et  Marie Curie,,,Nuit avec éclairage allumé,En agglomération,Hors intersection,Temps couvert,Deux véhicules - côté,,,,,,,,,,,5,2,1,8,3
200700007522,0007-02-07 14:00:00,7,2,7,14,0,760,673,,,,Plein jour,Hors agglomération,Hors intersection,Normale,Deux véhicules - frontale,,,,,,,,,,,1,1,1,1,1