accident_id,datetime,annee,mois,jour,heure,minute,departement,commune_insee,adresse,latitude,longitude,luminosite,agglomeration,intersection,meteo,collision,nb_vehicules,nb_usagers,nb_indemnes,nb_tues,nb_blesses_hosp,nb_blesses_legers,age_cond_1,age_cond_2,veh_type_cond_1,veh_type_cond_2,lum_code,agg_code,int_code,atm_code,col_code
200700007523,0007-02-19 14:45:00,7,2,19,14,45,760,591,ROUTE DE GOURNAY,,,Plein jour,En agglomération,Hors intersection,Normale,Trois véhicules et plus - en chaîne,,,,,,,,,,,1,2,1,1,4
200700007524,0007-02-17 00:15:00,7,2,17,0,15,410,229,,47.312,1.36,Nuit sans éclairage public,Hors agglomération,Hors intersection,Normale,Autre collision,,,,,,,,,,,3,1,1,1,6
200700007525,0007-02-16 17:30:00,7,2,16,17,30,310,541,Route de Toulouse,43.688,1.362,Plein jour,En agglomération,Hors intersection,Normale,Autre collision,,,,,,,,,,,1,2,1,1,6
200700007526,0007-02-06 03:45:00,7,2,6,3,45,250,133,,47.314,5.994,Nuit sans éclairage public,Hors agglomération,Hors intersection,Pluie légère,Deux véhicules - côté,,,,,,,,,,,3,1,1,2,3
200700007527,0007-02-15 14:15:00,7,2,15,14,15,250,258,,,,Plein jour,Hors agglomération,Hors intersection,Normale,Deux véhicules - arrière,,,,,,,,,,,1,1,1,1,2
200700007528,0007-02-15 17:45:00,7,2,15,17,45,950,388,Rue du Général De Gaulle,,,Plein jour,En agglomération,Hors intersection,Normale,Autre collision,,,,,,,,,,,1,2,1,1,6
200700007529,0007-02-18 06:00:00,7,2,18,6,0,950,388,avdelattre de tassigny,,,Crépuscule ou aube,En agglomération,Hors intersection,Normale,Autre collision,,,,,,,,,,,2,2,1,1,6
200700007530,0007-02-14 18:15:00,7,2,14,18,15,950,529,,,,Nuit avec éclairage allumé,Hors agglomération,Hors intersection,Normale,Deux véhicules - frontale,,,,,,,,,,,5,1,1,1,1
200700007531,0007-02-21 00:01:00,7,2,21,0,1,950,527,,,,Nuit sans éclairage public,Hors agglomération,Hors intersection,Normale,Trois véhicules et plus - en chaîne,,,,,,,,,,,3,1,1,1,4
200700007532,0007-02-03 20:15:00,7,2,3,20,15,350,24,Rue du Vau Chalet,48.183,-1.656,Nuit avec éclairage allumé,En agglomération,Giratoire,Normale,Deux véhicules - côté,,,,,,,,,,,5,2,6,1,3
200700007533,0007-02-05 15:00:00,7,2,5,15,0,340,77,"Lieu dit ""Viviers""",,,Plein jour,Hors agglomération,Intersection en X,Normale,Trois véhicules et plus - en chaîne,,,,,,,,,,,1,1,2,1,4
200700007534,0007-02-19 16:00:00,7,2,19,16,0,500,25,,,,Plein jour,Hors agglomération,Hors intersection,Normale,Autre collision,,,,,,,,,,,1,1,1,1,6
200700007535,0007-02-19 19:15:00,7,2,19,19,15,770,425,,48.456,2.576,Nuit sans éclairage public,Hors agglomération,Hors intersection,Normale,Autre collision,,,,,,,,,,,3,1,1,1,6
200700007536,0007-02-08 10:15:00,7,2,8,10,15,690,260,rue des fées des Eaux,,,Plein jour,En agglomération,Hors intersection,Autre,Trois véhicules et plus - collisions multiples,,,,,,,,,,,1,2,1,9,5
200700007537,0007-02-28 09:00:00,7,2,28,9,0,270,552,,,,Plein jour,Hors agglomération,Hors intersection,Normale,Sans collision,,,,,,,,,,,1,1,1,1,7
200700007538,0007-02-18 08:45:00,7,2,18,8,45,300,127,,,,Plein jour,Hors agglomération,Hors intersection,Pluie légère,Autre collision,,,,,,,,,,,1,1,1,2,6
200700007539,0007-02-15 07:45:00,7,2,15,7,45,830,54,,,,Plein jour,Hors agglomération,Hors intersection,Normale,Deux véhicules - frontale,,,,,,,,,,,1,1,1,1,1
200700007540,0007-02-02 18:00:00,7,2,2,18,0,10,53,"snr, ALSACE LORRAINE (AV",,,Nuit avec éclairage allumé,En agglomération,Intersection en X,Normale,Deux véhicules - côté,,,,,,,,,,,5,2,2,1,3
200700007541,0007-02-05 16:10:00,7,2,5,16,10,10,53,"sans, DUMAS ( RUE ALEXAN",,,Plein jour,Hors agglomération,Intersection en T,Normale,Deux véhicules - côté,,,,,,,,,,,1,1,3,1,3
200700007542,0007-02-08 21:05:00,7,2,8,21,5,10,344,"snr, TREVOUX (AVENUE DE)",,,Nuit sans éclairage public,En agglomération,Intersection en X,Pluie légère,Deux véhicules - arrière,,,,,,,,,,,3,2,2,2,2
200700007543,0007-02-08 07:10:00,7,2,8,7,10,10,289,RN75,,,Crépuscule ou aube,Hors agglomération,Hors intersection,Pluie forte,Autre collision,,,,,,,,,,,2,1,1,3,6
200700007544,0007-02-16 17:20:00,7,2,16,17,20,10,289,"RD23, LENT ( ROUTE DE )",,,Plein jour,Hors agglomération,Hors intersection,Normale,Deux véhicules - arrière,,,,,,,,,,,1,1,1,1,2
200700007545,0007-02-16 15:35:00,7,2,16,15,35,10,53,MERCIER (AVENUE AMEDEE D,,,Plein jour,En agglomération,Hors intersection,Normale,Autre collision,,,,,,,,,,,1,2,1,1,6
200700007546,0007-02-01 13:15:00,7,2,1,13,15,10,283,"48, FRANCE (RUE A. DU 1/",,,Plein jour,En agglomération,Hors intersection,Normale,Autre collision,,,,,,,,,,,1,2,1,1,6
200700007547,0007-02-03 16:55:00,7,2,3,16,55,20,371,":, TOUR (RUE QUENTIN DE",,,Crépuscule ou aube,En agglomération,Autre intersection,Normale,Deux véhicules - frontale,,,,,,,,,,,2,2,9,1,1
200700007548,0007-02-09 19:35:00,7,2,9,19,35,20,691,":, ISLE (RUE D')",,,Nuit avec éclairage allumé,En agglomération,Intersection en X,Pluie légère,Deux véhicules - côté,,,,,,,,,,,5,2,2,2,3
200700007549,0007-02-03 15:15:00,7,2,3,15,15,20,691,"33, FAIDHERBE (AVENUE)",,,Plein jour,En agglomération,Hors intersection,Normale,Deux véhicules - arrière,,,,,,,,,,,1,2,1,1,2
200700007550,0007-02-26 17:30:00,7,2,26,17,30,20,691,"0, KENNEDY (RUE DU PST J",,,Plein jour,En agglomération,Intersection en T,Normale,Deux véhicules - côté,,,,,,,,,,,1,2,3,1,3
200700007551,0007-02-03 20:15:00,7,2,3,20,15,20,691,":, GAUCHY (CHEMIN DE)",,,Nuit avec éclairage non allumé,En agglomération,Hors intersection,Normale,Autre collision,,,,,,,,,,,4,2,1,1,6
200700007552,0007-02-20 16:50:00,7,2,20,16,50,20,691,"19, SCHUMAN (AV. ROBERT)",,,Plein jour,En agglomération,Hors intersection,Normale,Autre collision,,,,,,,,,,,1,2,1,1,6
200700007553,0007-02-19 07:15:00,7,2,19,7,15,20,64,"sans, PRES RUE DES",,,Nuit avec éclairage allumé,En agglomération,Hors intersection,Normale,Autre collision,,,,,,,,,,,5,2,1,1,6
200700007554,0007-02-08 05:30:00,7,2,8,5,30,20,258,GUSTAVE GREGOIRE (BOULEV,,,Nuit avec éclairage allumé,En agglomération,Intersection en X,Pluie forte,Deux véhicules - côté,,,,,,,,,,,5,2,2,3,3
200700007555,0007-02-02 23:03:00,7,2,2,23,3,30,185,"SANS, GUESDE ( AVENUE JU",,,Nuit avec éclairage allumé,En agglomération,Intersection en X,Normale,Deux véhicules - frontale,,,,,,,,,,,5,2,2,1,1
200700007556,0007-02-03 02:05:00,7,2,3,2,5,30,190,"27, MEUNIER (AVENUE)",,,Nuit avec éclairage allumé,En agglomération,Hors intersection,Pluie légère,Autre collision,,,,,,,,,,,5,2,1,2,6
200700007557,0007-02-01 13:45:00,7,2,1,13,45,30,190,"29, MOULIN (PLACE JEAN)",,,Plein jour,En agglomération,Place,Normale,Sans collision,,,,,,,,,,,1,2,7,1,7
200700007558,0007-02-08 19:35:00,7,2,8,19,35,30,190,"15, REPOS (RUE ET IMPASS",,,Nuit avec éclairage allumé,En agglomération,Hors intersection,Normale,Autre collision,,,,,,,,,,,5,2,1,1,6
200700007559,0007-02-20 14:25:00,7,2,20,14,25,30,190,"20, DELORME (RUE)",,,Plein jour,En agglomération,Intersection en X,Normale,Deux véhicules - côté,,,,,,,,,,,1,2,2,1,3
200700007560,0007-02-07 13:43:00,7,2,7,13,43,30,190,"2, TAGUIN (RUE)",,,Plein jour,En agglomération,Intersection en X,Pluie légère,Deux véhicules - côté,,,,,,,,,,,1,2,2,2,3
200700007561,0007-02-08 12:10:00,7,2,8,12,10,30,23,AUBERGER (AVENUE FERNAND,,,Plein jour,En agglomération,Giratoire,Normale,Deux véhicules - arrière,,,,,,,,,,,1,2,6,1,2
200700007562,0007-02-09 07:30:00,7,2,9,7,30,30,1,THIERS (AVENUE DE),,,Nuit avec éclairage allumé,Hors agglomération,Hors intersection,Normale,Autre collision,,,,,,,,,,,5,1,1,1,6
200700007563,0007-02-09 09:40:00,7,2,9,9,40,30,1,RD 131 (ROUTE D'HAUTERIV,,,Plein jour,En agglomération,Hors intersection,Normale,Deux véhicules - frontale,,,,,,,,,,,1,2,1,1,1
200700007564,0007-02-13 08:50:00,7,2,13,8,50,30,310,CLEMENCEAU (RUE GEORGES),,,Plein jour,En agglomération,Hors intersection,Normale,Deux véhicules - côté,,,,,,,,,,,1,2,1,1,3
200700007565,0007-02-24 12:05:00,7,2,24,12,5,30,23,"0, BANVILLE (RUE DE)",,,Plein jour,En agglomération,Intersection en X,Normale,Deux véhicules - côté,,,,,,,,,,,1,2,2,1,3
200700007566,0007-02-25 04:00:00,7,2,25,4,0,30,1,"94, GRAVIERS (AVENUE DES",,,Nuit avec éclairage allumé,En agglomération,Hors intersection,Temps couvert,Autre collision,,,,,,,,,,,5,2,1,8,6
200700007567,0007-02-26 17:10:00,7,2,26,17,10,30,95,RAYNAL (RUE DU GENERAL),,,Plein jour,En agglomération,Hors intersection,Normale,Deux véhicules - frontale,,,,,,,,,,,1,2,1,1,1
200700007568,0007-02-02 23:15:00,7,2,2,23,15,40,70,ST BENOIT (AV.),,,Nuit avec éclairage allumé,En agglomération,Hors intersection,Normale,Autre collision,,,,,,,,,,,5,2,1,1,6
200700007569,0007-02-15 14:05:00,7,2,15,14,5,40,70,"86, NOEL (AV. DU COL.)",,,Plein jour,En agglomération,Hors intersection,Normale,Deux véhicules - frontale,,,,,,,,,,,1,2,1,1,1
200700007570,0007-02-05 17:55:00,7,2,5,17,55,50,23,PASTEUR (RUE),,,Crépuscule ou aube,En agglomération,Giratoire,Normale,Autre collision,,,,,,,,,,,2,2,6,1,6
200700007571,0007-02-04 13:40:00,7,2,4,13,40,60,4,"88, GRASSE RTE DE",,,Plein jour,En agglomération,Hors intersection,Normale,Deux véhicules - arrière,,,,,,,,,,,1,2,1,1,2
200700007572,0007-02-05 10:50:00,7,2,5,10,50,60,4,"06, PASTEUR AV.",,,Plein jour,En agglomération,Hors intersection,Normale,Autre collision,,,,,,,,,,,1,2,1,1,6
200700007573,0007-02-06 08:40:00,7,2,6,8,40,60,4,SOLEAU AV.ROBERT,,,Plein jour,En agglomération,Intersection en X,Normale,Autre collision,,,,,,,,,,,1,2,2,1,6
200700007574,0007-02-07 12:30:00,7,2,7,12,30,60,155,HORIZON BD DE L',,,Plein jour,En agglomération,Hors intersection,Normale,Deux véhicules - frontale,,,,,,,,,,,1,2,1,1,1
200700007575,0007-02-09 08:00:00,7,2,9,8,0,60,155,"00, TAPIS VERT AV.DU",,,Plein jour,En agglomération,Hors intersection,Normale,Trois véhicules et plus - en chaîne,,,,,,,,,,,1,2,1,1,4
200700007576,0007-02-10 12:30:00,7,2,10,12,30,60,4,VAUTRIN BD DU GENERAL,,,Plein jour,En agglomération,Hors intersection,Normale,Deux véhicules - arrière,,,,,,,,,,,1,2,1,1,2
200700007577,0007-02-10 20:10:00,7,2,10,20,10,60,4,"11, POINCARE BD RAYMOND",,,Nuit avec éclairage allumé,En agglomération,Hors intersection,Normale,Deux véhicules - frontale,,,,,,,,,,,5,2,1,1,1
200700007578,0007-02-12 09:55:00,7,2,12,9,55,60,4,MAIZIERES AV.GENERAL,,,Plein jour,En agglomération,Intersection en T,Normale,Deux véhicules - côté,,,,,,,,,,,1,2,3,1,3
200700007579,0007-02-12 12:30:00,7,2,12,12,30,60,4,GREC AV.JULES,,,Plein jour,En agglomération,Autre intersection,Normale,Deux véhicules - côté,,,,,,,,,,,1,2,9,1,3
200700007580,0007-02-13 11:40:00,7,2,13,11,40,60,4,WILSON BD,,,Plein jour,En agglomération,Intersection en X,Normale,Deux véhicules - côté,,,,,,,,,,,1,2,2,1,3
200700007581,0007-02-15 11:18:00,7,2,15,11,18,60,4,"33, CANNES(RN.7) AV.DE",,,Plein jour,En agglomération,Hors intersection,Normale,Trois véhicules et plus - collisions multiples,,,,,,,,,,,1,2,1,1,5
200700007582,0007-02-15 21:45:00,7,2,15,21,45,60,155,", ROUSTAN AV.ET BD DES F",,,Plein jour,En agglomération,Hors intersection,Normale,Autre collision,,,,,,,,,,,1,2,1,1,6
200700007583,0007-02-17 09:50:00,7,2,17,9,50,60,4,BORD DE MER RN.98 LA SIE,,,Plein jour,En agglomération,Hors intersection,Normale,Deux véhicules - côté,,,,,,,,,,,1,2,1,1,3
200700007584,0007-02-17 13:45:00,7,2,17,13,45,60,155,"330, CANNES RTE DE",,,Plein jour,En agglomération,Hors intersection,Normale,Autre collision,,,,,,,,,,,1,2,1,1,6
200700007585,0007-02-18 03:00:00,7,2,18,3,0,60,4,ROCHAT AV.PHILIPPE,,,Nuit avec éclairage allumé,En agglomération,Hors intersection,Vent fort / tempête,Autre collision,,,,,,,,,,,5,2,1,6,6
200700007586,0007-02-22 09:15:00,7,2,22,9,15,60,4,"33, POINCARE BD RAYMOND",,,Plein jour,En agglomération,Hors intersection,Normale,Deux véhicules - côté,,,,,,,,,,,1,2,1,1,3
200700007587,0007-02-24 05:45:00,7,2,24,5,45,60,4,JUIN AV.MARECHAL,,,Nuit sans éclairage public,Hors agglomération,Hors intersection,Normale,Autre collision,,,,,,,,,,,3,1,1,1,6
200700007588,0007-02-24 17:35:00,7,2,24,17,35,60,155,DONNET RUE FRANCOIS,,,Plein jour,En agglomération,Intersection en X,Normale,Autre collision,,,,,,,,,,,1,2,2,1,6
200700007589,0007-02-26 07:00:00,7,2,26,7,0,60,4,MICHARD PELISSIER AV.JEA,,,Plein jour,En agglomération,Intersection en T,Normale,Deux véhicules - côté,,,,,,,,,,,1,2,3,1,3
200700007590,0007-02-27 13:00:00,7,2,27,13,0,60,4,HONORAT RUE ST,,,Plein jour,En agglomération,Intersection en T,Normale,Deux véhicules - arrière,,,,,,,,,,,1,2,3,1,2
200700007591,0007-02-01 08:15:00,7,2,1,8,15,60,123,"809, OSSOLA JEAN BOULEVA",,,Plein jour,En agglomération,Hors intersection,Normale,Autre collision,,,,,,,,,,,1,2,1,1,6
200700007592,0007-02-01 15:30:00,7,2,1,15,30,60,27,"9, GRASSE AVENUE DE",,,Plein jour,En agglomération,Intersection en T,Normale,Deux véhicules - côté,,,,,,,,,,,1,2,3,1,3
200700007593,0007-02-01 16:30:00,7,2,1,16,30,60,27,"5, COLLINES CHEMIN DES",,,Plein jour,En agglomération,Hors intersection,Normale,Deux véhicules - frontale,,,,,,,,,,,1,2,1,1,1
200700007594,0007-02-05 09:30:00,7,2,5,9,30,60,27,"48, NICE AVENUE DE (RN7)",,,Plein jour,En agglomération,Hors intersection,Normale,Deux véhicules - côté,,,,,,,,,,,1,2,1,1,3
200700007595,0007-02-06 14:30:00,7,2,6,14,30,60,27,"113, PLAGE BOULEVARD DE",,,Plein jour,En agglomération,Hors intersection,Normale,Sans collision,,,,,,,,,,,1,2,1,1,7
200700007596,0007-02-06 19:00:00,7,2,6,19,0,60,27,NICE AVENUE DE (RN7),,,Nuit avec éclairage allumé,En agglomération,Intersection en T,Normale,Deux véhicules - côté,,,,,,,,,,,5,2,3,1,3
200700007597,0007-02-08 11:00:00,7,2,8,11,0,60,27,"., GRASSE AVENUE DE",,,Plein jour,En agglomération,Intersection en T,Normale,Deux véhicules - arrière,,,,,,,,,,,1,2,3,1,2
200700007598,0007-02-08 16:00:00,7,2,8,16,0,60,27,"., FERAUD RUE JEAN",,,Plein jour,En agglomération,Intersection en X,Normale,Deux véhicules - côté,,,,,,,,,,,1,2,2,1,3
200700007599,0007-02-08 17:30:00,7,2,8,17,30,60,27,"3700, GAUDE AVENUE DE LA",,,Crépuscule ou aube,Hors agglomération,Hors intersection,Pluie légère,Deux véhicules - côté,,,,,,,,,,,2,1,1,2,3
200700007600,0007-02-09 10:25:00,7,2,9,10,25,60,27,NICE AVENUE DE (RN7),,,Plein jour,En agglomération,Intersection en X,Normale,Deux véhicules - côté,,,,,,,,,,,1,2,2,1,3
200700007601,0007-02-09 20:00:00,7,2,9,20,0,60,27,GAUDE AVENUE DE LA,,,Nuit avec éclairage allumé,En agglomération,Intersection en T,Normale,Deux véhicules - côté,,,,,,,,,,,5,2,3,1,3
200700007602,0007-02-10 13:45:00,7,2,10,13,45,60,123,CURIE PIERRE ET MARIE AV,,,Plein jour,En agglomération,Intersection en T,Normale,Deux véhicules - côté,,,,,,,,,,,1,2,3,1,3
200700007603,0007-02-13 09:00:00,7,2,13,9,0,60,27,VAL FLEURI CHEMIN DU,,,Plein jour,Hors agglomération,Hors intersection,Normale,Deux véhicules - côté,,,,,,,,,,,1,1,1,1,3
200700007604,0007-02-13 18:00:00,7,2,13,18,0,60,123,SAUVAIGO PIERRE AVENUE,,,Crépuscule ou aube,Hors agglomération,Hors intersection,Normale,Deux véhicules - arrière,,,,,,,,,,,2,1,1,1,2
200700007605,0007-02-14 17:40:00,7,2,14,17,40,60,123,DE GAULLE GENERAL AVENUE,,,Plein jour,En agglomération,Hors intersection,Normale,Deux véhicules - côté,,,,,,,,,,,1,2,1,1,3
200700007606,0007-02-15 05:00:00,7,2,15,5,0,60,123,CURIE PIERRE ET MARIE AV,,,Nuit avec éclairage allumé,En agglomération,Hors intersection,Pluie légère,Deux véhicules - côté,,,,,,,,,,,5,2,1,2,3
200700007607,0007-02-15 17:45:00,7,2,15,17,45,60,27,RENOIR AVENUE AUGUSTE,,,Plein jour,En agglomération,Hors intersection,Normale,Deux véhicules - côté,,,,,,,,,,,1,2,1,1,3
200700007608,0007-02-16 18:55:00,7,2,16,18,55,60,27,NICE AVENUE DE (RN7),,,Nuit avec éclairage allumé,En agglomération,Intersection en X,Normale,Deux véhicules - côté,,,,,,,,,,,5,2,2,1,3
200700007609,0007-02-18 20:25:00,7,2,18,20,25,60,27,LECLERCAVENUE GENERAL,,,Nuit avec éclairage allumé,En agglomération,Intersection en T,Normale,Trois véhicules et plus - collisions multiples,,,,,,,,,,,5,2,3,1,5
200700007610,0007-02-14 12:40:00,7,2,14,12,40,60,123,CURIE PIERRE ET MARIE AV,,,Plein jour,En agglomération,Hors intersection,Normale,Deux véhicules - arrière,,,,,,,,,,,1,2,1,1,2
200700007611,0007-02-16 17:30:00,7,2,16,17,30,60,27,"89, BESSET AVENUE CYRILL",,,Crépuscule ou aube,En agglomération,Hors intersection,Normale,Deux véhicules - côté,,,,,,,,,,,2,2,1,1,3
200700007612,0007-02-21 18:55:00,7,2,21,18,55,60,27,GARE AVENUE DE LA,,,Crépuscule ou aube,En agglomération,Intersection en Y,Normale,Deux véhicules - frontale,,,,,,,,,,,2,2,4,1,1
200700007613,0007-02-22 06:45:00,7,2,22,6,45,60,27,NICE AVENUE DE (RN7),,,Crépuscule ou aube,En agglomération,Intersection en X,Normale,Deux véhicules - côté,,,,,,,,,,,2,2,2,1,3
200700007614,0007-02-23 18:30:00,7,2,23,18,30,60,27,TUILIERES AVENUE DES,,,Crépuscule ou aube,En agglomération,Hors intersection,Normale,Deux véhicules - côté,,,,,,,,,,,2,2,1,1,3
200700007615,0007-02-23 19:05:00,7,2,23,19,5,60,123,BORD DE MER RN 98,,,Nuit avec éclairage allumé,En agglomération,Intersection en X,Normale,Trois véhicules et plus - collisions multiples,,,,,,,,,,,5,2,2,1,5
200700007616,0007-02-23 20:50:00,7,2,23,20,50,60,27,GARE AVENUE DE LA,,,Nuit avec éclairage allumé,En agglomération,Intersection en T,Normale,Deux véhicules - côté,,,,,,,,,,,5,2,3,1,3
200700007617,0007-02-26 08:15:00,7,2,26,8,15,60,123,BORD DE MER RN 98,,,Plein jour,En agglomération,Hors intersection,Normale,Deux véhicules - arrière,,,,,,,,,,,1,2,1,1,2
200700007618,0007-02-26 18:30:00,7,2,26,18,30,60,123,"288, PUGETS AVENUE DES",,,Nuit avec éclairage allumé,En agglomération,Hors intersection,Normale,Autre collision,,,,,,,,,,,5,2,1,1,6
200700007619,0007-02-01 16:25:00,7,2,1,16,25,60,29,ESTEREL (AVENUE DE L'),,,Plein jour,En agglomération,Hors intersection,Normale,Sans collision,,,,,,,,,,,1,2,1,1,7
200700007620,0007-02-04 15:00:00,7,2,4,15,0,60,29,"124, CHEVALIER (AVENUE M",,,Plein jour,En agglomération,Hors intersection,Normale,Deux véhicules - côté,,,,,,,,,,,1,2,1,1,3
200700007621,0007-02-02 19:40:00,7,2,2,19,40,60,29,MIDI (BOULEVARD DU),,,Nuit avec éclairage allumé,En agglomération,Hors intersection,Normale,Trois véhicules et plus - en chaîne,,,,,,,,,,,5,2,1,1,4
200700007622,0007-02-05 07:38:00,7,2,5,7,38,60,29,"45, DELATTRE DE TASSIGNY",,,Crépuscule ou aube,En agglomération,Hors intersection,Normale,Autre collision,,,,,,,,,,,2,2,1,1,6
200700007623,0007-02-06 16:24:00,7,2,6,16,24,60,29,"00, CROISETTE (BOULEVARD",,,Plein jour,En agglomération,Hors intersection,Normale,Autre collision,,,,,,,,,,,1,2,1,1,6
200700007624,0007-02-06 20:00:00,7,2,6,20,0,60,30,ORMESSON (RUE D'),,,Nuit avec éclairage allumé,En agglomération,Hors intersection,Normale,Deux véhicules - côté,,,,,,,,,,,5,2,1,1,3
200700007625,0007-02-06 11:20:00,7,2,6,11,20,60,29,"00, MIDI (BOULEVARD DU)",,,Plein jour,En agglomération,Hors intersection,Normale,Sans collision,,,,,,,,,,,1,2,1,1,7
200700007626,0007-02-10 22:55:00,7,2,10,22,55,60,29,CROISETTE (BOULEVARD DE,,,Nuit avec éclairage allumé,En agglomération,Hors intersection,Normale,Deux véhicules - côté,,,,,,,,,,,5,2,1,1,3
200700007627,0007-02-11 15:00:00,7,2,11,15,0,60,29,"286, JOURDAN (AVENUE MIC",,,Plein jour,En agglomération,Hors intersection,Normale,Deux véhicules - arrière,,,,,,,,,,,1,2,1,1,2
200700007628,0007-02-13 13:22:00,7,2,13,13,22,60,30,"112, CARNOT (BOULEVARD)",,,Plein jour,En agglomération,Hors intersection,Normale,Deux véhicules - côté,,,,,,,,,,,1,2,1,1,3
200700007629,0007-02-13 07:50:00,7,2,13,7,50,60,29,DELATTRE DE TASSIGNY (RU,,,Plein jour,En agglomération,Hors intersection,Normale,Deux véhicules - frontale,,,,,,,,,,,1,2,1,1,1
200700007630,0007-02-14 07:50:00,7,2,14,7,50,60,29,COUVERTURE VOIE FERREE,,,Plein jour,En agglomération,Hors intersection,Normale,Deux véhicules - côté,,,,,,,,,,,1,2,1,1,3
200700007631,0007-02-14 14:56:00,7,2,14,14,56,60,29,"00, POESIE (AVENUE PIERR",,,Plein jour,En agglomération,Intersection en X,Normale,Deux véhicules - côté,,,,,,,,,,,1,2,2,1,3
200700007632,0007-02-15 13:30:00,7,2,15,13,30,60,29,TONNER (AVENUE FRANCIS),,,Plein jour,En agglomération,Hors intersection,Normale,Deux véhicules - côté,,,,,,,,,,,1,2,1,1,3
200700007633,0007-02-15 14:20:00,7,2,15,14,20,60,29,CARNOT (BOULEVARD),,,Plein jour,En agglomération,Hors intersection,Normale,Deux véhicules - côté,,,,,,,,,,,1,2,1,1,3
200700007634,0007-02-16 09:59:00,7,2,16,9,59,60,30,"34, DOUMER (BOULEVARD PA",,,Plein jour,En agglomération,Hors intersection,Temps éblouissant,Autre collision,,,,,,,,,,,1,2,1,7,6
200700007635,0007-02-17 07:20:00,7,2,17,7,20,60,29,CARNOT (BOULEVARD),,,Plein jour,En agglomération,Intersection en T,Normale,Deux véhicules - côté,,,,,,,,,,,1,2,3,1,3
200700007636,0007-02-18 14:40:00,7,2,18,14,40,60,30,MOULIN (BOULEVARD JEAN),,,Plein jour,En agglomération,Intersection en X,Pluie légère,Deux véhicules - côté,,,,,,,,,,,1,2,2,2,3
200700007637,0007-02-16 16:30:00,7,2,16,16,30,60,30,"21-23, CAMPON (RUE",,,Plein jour,En agglomération,Hors intersection,Normale,Deux véhicules - côté,,,,,,,,,,,1,2,1,1,3
200700007638,0007-02-19 11:50:00,7,2,19,11,50,60,29,BACHAGA SAID BOUALAM (AV,,,Nuit sans éclairage public,En agglomération,Hors intersection,Normale,Deux véhicules - arrière,,,,,,,,,,,3,2,1,1,2
200700007639,0007-02-19 18:50:00,7,2,19,18,50,60,29,"22, ALEXANDRE III (BOULE",,,Crépuscule ou aube,En agglomération,Hors intersection,Normale,Deux véhicules - côté,,,,,,,,,,,2,2,1,1,3
200700007640,0007-02-22 11:39:00,7,2,22,11,39,60,29,RIOU (BOULEVARD DU),,,Plein jour,En agglomération,Giratoire,Normale,Deux véhicules - côté,,,,,,,,,,,1,2,6,1,3
200700007641,0007-02-24 20:30:00,7,2,24,20,30,60,29,MIDI (BOULEVARD DU),,,Nuit sans éclairage public,En agglomération,Hors intersection,Normale,Deux véhicules - côté,,,,,,,,,,,3,2,1,1,3
200700007642,0007-02-26 10:49:00,7,2,26,10,49,60,30,"106, CARNOT (BOULEVARD)",,,Plein jour,En agglomération,Hors intersection,Normale,Deux véhicules - arrière,,,,,,,,,,,1,2,1,1,2
200700007643,0007-02-28 12:07:00,7,2,28,12,7,60,29,"00, LEGOFF (RUE)",,,Plein jour,En agglomération,Intersection en X,Normale,Deux véhicules - côté,,,,,,,,,,,1,2,2,1,3
200700007644,0007-02-04 11:20:00,7,2,4,11,20,60,69,"90, CANNES (ROUTE DE)  -",,,Plein jour,En agglomération,Hors intersection,Normale,Deux véhicules - arrière,,,,,,,,,,,1,2,1,1,2
200700007645,0007-02-06 00:01:00,7,2,6,0,1,60,69,"14, THIERS (AVENUE)",,,Nuit avec éclairage allumé,En agglomération,Hors intersection,Normale,Sans collision,,,,,,,,,,,5,2,1,1,7
200700007646,0007-02-06 07:15:00,7,2,6,7,15,60,69,"89, ROUQUIER (BOULEVARD",,,Crépuscule ou aube,En agglomération,Hors intersection,Normale,Sans collision,,,,,,,,,,,2,2,1,1,7
200700007647,0007-02-06 10:15:00,7,2,6,10,15,60,69,"35, DUVAL (AVENUE MATHIA",,,Plein jour,En agglomération,Intersection en X,Normale,Autre collision,,,,,,,,,,,1,2,2,1,6
200700007648,0007-02-07 12:35:00,7,2,7,12,35,60,69,"126, CANNES (ROUTE DE)",,,Plein jour,En agglomération,Hors intersection,Normale,Deux véhicules - arrière,,,,,,,,,,,1,2,1,1,2
200700007649,0007-02-07 17:25:00,7,2,7,17,25,60,69,"x, ROUQUIER (BOULEVARD E",,,Plein jour,En agglomération,Hors intersection,Normale,Deux véhicules - côté,,,,,,,,,,,1,2,1,1,3
200700007650,0007-02-07 17:30:00,7,2,7,17,30,60,69,"x, PROVENCE (AVENUE DE)",,,Plein jour,En agglomération,Giratoire,Normale,Autre collision,,,,,,,,,,,1,2,6,1,6
200700007651,0007-02-08 10:25:00,7,2,8,10,25,60,69,"174, SEMARD (AVENUE PIER",,,Plein jour,En agglomération,Hors intersection,Normale,Deux véhicules - arrière,,,,,,,,,,,1,2,1,1,2
200700007652,0007-02-09 11:40:00,7,2,9,11,40,60,69,"26, CAPUCINS (CHEMIN ET",,,Plein jour,En agglomération,Hors intersection,Normale,Autre collision,,,,,,,,,,,1,2,1,1,6
200700007653,0007-02-09 16:50:00,7,2,9,16,50,60,69,"39, SIDI BRAHIM (AVENUE)",,,Plein jour,En agglomération,Hors intersection,Normale,Autre collision,,,,,,,,,,,1,2,1,1,6
200700007654,0007-02-11 16:45:00,7,2,11,16,45,60,69,"36, BOIS FLEURI (CHEMIN)",,,Plein jour,En agglomération,Hors intersection,Normale,Sans collision,,,,,,,,,,,1,2,1,1,7
200700007655,0007-02-12 10:10:00,7,2,12,10,10,60,69,"28, CANNES (ROUTE DE)  -",,,Plein jour,En agglomération,Hors intersection,Normale,Trois véhicules et plus - en chaîne,,,,,,,,,,,1,2,1,1,4