accident_id,datetime,annee,mois,jour,heure,minute,departement,commune_insee,adresse,latitude,longitude,luminosite,agglomeration,intersection,meteo,collision,nb_vehicules,nb_usagers,nb_indemnes,nb_tues,nb_blesses_hosp,nb_blesses_legers,age_cond_1,age_cond_2,veh_type_cond_1,veh_type_cond_2,lum_code,agg_code,int_code,atm_code,col_code
200700007656,0007-02-13 07:45:00,7,2,13,7,45,60,69,"x, DRAGUIGNAN (ROUTE DE)",,,Plein jour,En agglomération,Hors intersection,Normale,Sans collision,,,,,,,,,,,1,2,1,1,7
200700007657,0007-02-14 08:15:00,7,2,14,8,15,60,69,"x, AUTRANT (BOULEVARD DU",,,Nuit avec éclairage allumé,En agglomération,Hors intersection,Normale,Autre collision,,,,,,,,,,,5,2,1,1,6
200700007658,0007-02-14 13:00:00,7,2,14,13,0,60,69,"46, POMPIDOU (AVENUE GEO",,,Plein jour,En agglomération,Hors intersection,Normale,Deux véhicules - côté,,,,,,,,,,,1,2,1,1,3
200700007659,0007-02-14 13:45:00,7,2,14,13,45,60,69,"28, POMPIDOU (AVENUE GEO",,,Plein jour,En agglomération,Hors intersection,Normale,Deux véhicules - côté,,,,,,,,,,,1,2,1,1,3
200700007660,0007-02-14 19:25:00,7,2,14,19,25,60,69,POMPIDOU (AVENUE GEORGES,,,Nuit avec éclairage allumé,En agglomération,Hors intersection,Normale,Deux véhicules - arrière,,,,,,,,,,,5,2,1,1,2
200700007661,0007-02-19 11:00:00,7,2,19,11,0,60,69,"x, CARNOT (BOULEVARD ET",,,Plein jour,En agglomération,Hors intersection,Normale,Deux véhicules - côté,,,,,,,,,,,1,2,1,1,3
200700007662,0007-02-21 20:20:00,7,2,21,20,20,60,69,"70, MARIGARDE (ROUTE DE",,,Nuit avec éclairage allumé,En agglomération,Hors intersection,Normale,Deux véhicules - frontale,,,,,,,,,,,5,2,1,1,1
200700007663,0007-02-23 10:20:00,7,2,23,10,20,60,69,"x, MISTRAL (AVENUE ET PL",,,Plein jour,En agglomération,Hors intersection,Normale,Trois véhicules et plus - en chaîne,,,,,,,,,,,1,2,1,1,4
200700007664,0007-02-23 10:45:00,7,2,23,10,45,60,69,"153, RENOIR (AVENUE AUGU",,,Plein jour,En agglomération,Hors intersection,Normale,Sans collision,,,,,,,,,,,1,2,1,1,7
200700007665,0007-02-25 11:05:00,7,2,25,11,5,60,69,"X, DRAGUIGNAN (ROUTE DE)",,,Plein jour,En agglomération,Hors intersection,Normale,Deux véhicules - arrière,,,,,,,,,,,1,2,1,1,2
200700007666,0007-02-04 07:40:00,7,2,4,7,40,60,104,"56, JAURES (AVENUE JEAN)",,,Plein jour,En agglomération,Hors intersection,Normale,Deux véhicules - frontale,,,,,,,,,,,1,2,1,1,1
200700007667,0007-02-14 15:45:00,7,2,14,15,45,60,83,"88, GORBIO (ROUTE DE)",,,Plein jour,En agglomération,Intersection en T,Normale,Deux véhicules - côté,,,,,,,,,,,1,2,3,1,3
200700007668,0007-02-13 09:40:00,7,2,13,9,40,60,83,"124, CAREI (VAL DU)",,,Plein jour,En agglomération,Hors intersection,Normale,Autre collision,,,,,,,,,,,1,2,1,1,6
200700007669,0007-02-05 07:50:00,7,2,5,7,50,60,104,"20, FRANCE (AVENUE DE)",,,Plein jour,En agglomération,Hors intersection,Normale,Autre collision,,,,,,,,,,,1,2,1,1,6
200700007670,0007-02-20 12:15:00,7,2,20,12,15,60,104,"PASTEUR (AVENUE, N° 1 A",,,Plein jour,En agglomération,Hors intersection,Normale,Deux véhicules - côté,,,,,,,,,,,1,2,1,1,3
200700007671,0007-02-20 18:35:00,7,2,20,18,35,60,104,"139, VERDUN (AVENUE DE,",,,Nuit avec éclairage allumé,En agglomération,Hors intersection,Normale,Trois véhicules et plus - collisions multiples,,,,,,,,,,,5,2,1,1,5
200700007672,0007-02-21 12:00:00,7,2,21,12,0,60,83,PIGAUTIER (CHEMIN DU),,,Plein jour,En agglomération,Intersection en T,Normale,Deux véhicules - côté,,,,,,,,,,,1,2,3,1,3
200700007673,0007-02-22 18:00:00,7,2,22,18,0,60,12,"CORNICHE (MOYENNE, N° 1",,,Plein jour,En agglomération,Intersection en T,Normale,Deux véhicules - côté,,,,,,,,,,,1,2,3,1,3
200700007674,0007-02-01 06:45:00,7,2,1,6,45,60,88,"0, RISSO (BD)",,,Crépuscule ou aube,En agglomération,Intersection en X,Normale,Deux véhicules - côté,,,,,,,,,,,2,2,2,1,3
200700007675,0007-02-01 09:05:00,7,2,1,9,5,60,88,"5, MARTIN DU GARD (R. R.",,,Plein jour,En agglomération,Hors intersection,Normale,Autre collision,,,,,,,,,,,1,2,1,1,6
200700007676,0007-02-01 12:45:00,7,2,1,12,45,60,88,"0, ANGLAIS (A PARTIR DU",,,Plein jour,En agglomération,Hors intersection,Normale,Deux véhicules - côté,,,,,,,,,,,1,2,1,1,3
200700007677,0007-02-01 13:50:00,7,2,1,13,50,60,88,"0, GAMBETTA (JUSQU'AU N°",,,Plein jour,En agglomération,Hors intersection,Normale,Deux véhicules - arrière,,,,,,,,,,,1,2,1,1,2
200700007678,0007-02-01 17:30:00,7,2,1,17,30,60,88,"31, DEROULEDE (RUE PAUL)",,,Nuit avec éclairage allumé,En agglomération,Hors intersection,Normale,Trois véhicules et plus - collisions multiples,,,,,,,,,,,5,2,1,1,5
200700007679,0007-02-01 17:31:00,7,2,1,17,31,60,88,"0, TUNNEL DU PAILLON",,,Nuit avec éclairage non allumé,En agglomération,Hors intersection,Normale,Autre collision,,,,,,,,,,,4,2,1,1,6
200700007680,0007-02-01 17:40:00,7,2,1,17,40,60,88,MONET (TRAV. JEAN),,,Plein jour,En agglomération,Hors intersection,Normale,Autre collision,,,,,,,,,,,1,2,1,1,6
200700007681,0007-02-01 21:05:00,7,2,1,21,5,60,88,"0, ETATS UNIS (QUAI DES)",,,Nuit avec éclairage allumé,En agglomération,Intersection en T,Normale,Autre collision,,,,,,,,,,,5,2,3,1,6
200700007682,0007-02-02 12:00:00,7,2,2,12,0,60,88,"0, LEPANTE (R. DE)",,,Plein jour,En agglomération,Hors intersection,Normale,Deux véhicules - frontale,,,,,,,,,,,1,2,1,1,1
200700007683,0007-02-02 16:30:00,7,2,2,16,30,60,88,"46, CALIFORNIE (AV.) (DU",,,Plein jour,En agglomération,Hors intersection,Normale,Deux véhicules - côté,,,,,,,,,,,1,2,1,1,3
200700007684,0007-02-02 21:40:00,7,2,2,21,40,60,88,"0, POMPIDOU (BD GEORGES)",,,Nuit avec éclairage allumé,En agglomération,Hors intersection,Normale,Trois véhicules et plus - en chaîne,,,,,,,,,,,5,2,1,1,4
200700007685,0007-02-02 22:45:00,7,2,2,22,45,60,88,"4, GROSSO (A PARTIR DU N",,,Nuit avec éclairage allumé,En agglomération,Hors intersection,Normale,Autre collision,,,,,,,,,,,5,2,1,1,6
200700007686,0007-02-03 02:45:00,7,2,3,2,45,60,88,"0, MONTEL (BD PAUL)",,,Nuit avec éclairage allumé,En agglomération,Intersection en X,Normale,Deux véhicules - côté,,,,,,,,,,,5,2,2,1,3
200700007687,0007-02-03 12:10:00,7,2,3,12,10,60,88,"212, TURIN (RTE DE)",,,Plein jour,Hors agglomération,Hors intersection,Normale,Deux véhicules - côté,,,,,,,,,,,1,1,1,1,3
200700007688,0007-02-03 16:10:00,7,2,3,16,10,60,88,"5, GRACE DE MONACO (BD P",,,Plein jour,En agglomération,Hors intersection,Normale,Autre collision,,,,,,,,,,,1,2,1,1,6
200700007689,0007-02-03 16:30:00,7,2,3,16,30,60,88,"156, MONT-BORON (BD DU)",,,Plein jour,En agglomération,Hors intersection,Normale,Autre collision,,,,,,,,,,,1,2,1,1,6
200700007690,0007-02-04 11:10:00,7,2,4,11,10,60,88,"54, CALIFORNIE (AV.) (DU",,,Plein jour,En agglomération,Hors intersection,Normale,Deux véhicules - arrière,,,,,,,,,,,1,2,1,1,2
200700007691,0007-02-04 14:10:00,7,2,4,14,10,60,159,"0, MARECHAL FOCH (AVENUE",,,Plein jour,En agglomération,Hors intersection,Normale,Deux véhicules - arrière,,,,,,,,,,,1,2,1,1,2
200700007692,0007-02-04 12:00:00,7,2,4,12,0,60,88,"0, AUBER (AV.)",,,Plein jour,En agglomération,Hors intersection,Normale,Autre collision,,,,,,,,,,,1,2,1,1,6
200700007693,0007-02-05 09:00:00,7,2,5,9,0,60,88,"16, DUBOUCHAGE (BD)",,,Plein jour,En agglomération,Hors intersection,Normale,Deux véhicules - arrière,,,,,,,,,,,1,2,1,1,2
200700007694,0007-02-06 15:00:00,7,2,6,15,0,60,88,"0, SMOLETT (R.)",,,Plein jour,En agglomération,Intersection en X,Normale,Deux véhicules - côté,,,,,,,,,,,1,2,2,1,3
200700007695,0007-02-06 16:50:00,7,2,6,16,50,60,88,"161, SAINT-ANTOINE (RTE",,,Plein jour,En agglomération,Hors intersection,Normale,Deux véhicules - côté,,,,,,,,,,,1,2,1,1,3
200700007696,0007-02-06 20:35:00,7,2,6,20,35,60,88,"0, MONTREAL (BD DE)",,,Nuit avec éclairage allumé,En agglomération,Intersection en T,Normale,Deux véhicules - côté,,,,,,,,,,,5,2,3,1,3
200700007697,0007-02-06 21:00:00,7,2,6,21,0,60,88,GRENOBLE (ROUTE DE),,,Nuit avec éclairage allumé,En agglomération,Intersection en X,Normale,Deux véhicules - côté,,,,,,,,,,,5,2,2,1,3
200700007698,0007-02-07 07:10:00,7,2,7,7,10,60,88,"0, GAMBETTA (A PARTIR DU",,,Plein jour,En agglomération,Intersection en X,Normale,Deux véhicules - côté,,,,,,,,,,,1,2,2,1,3
200700007699,0007-02-07 07:40:00,7,2,7,7,40,60,88,"0, PESSICART (A PARTIR D",,,Plein jour,En agglomération,Intersection en T,Normale,Deux véhicules - côté,,,,,,,,,,,1,2,3,1,3
200700007700,0007-02-07 15:00:00,7,2,7,15,0,60,88,"65, NAPOLEON III (BD)",,,Plein jour,En agglomération,Hors intersection,Normale,Deux véhicules - côté,,,,,,,,,,,1,2,1,1,3
200700007701,0007-02-07 15:10:00,7,2,7,15,10,60,88,"0, CAISSOTI (RUE)",,,Plein jour,En agglomération,Hors intersection,Normale,Deux véhicules - côté,,,,,,,,,,,1,2,1,1,3
200700007702,0007-02-07 18:30:00,7,2,7,18,30,60,88,"0, MUSSO (AV. HENRI)",,,Nuit avec éclairage allumé,En agglomération,Hors intersection,Normale,Sans collision,,,,,,,,,,,5,2,1,1,7
200700007703,0007-02-07 18:50:00,7,2,7,18,50,60,88,"0, BANVILLE (RUE THEODOR",,,Nuit avec éclairage allumé,En agglomération,Intersection en X,Normale,Deux véhicules - côté,,,,,,,,,,,5,2,2,1,3
200700007704,0007-02-07 21:20:00,7,2,7,21,20,60,88,"121, ANGLAIS (DU N° 114",,,Nuit avec éclairage allumé,En agglomération,Hors intersection,Normale,Deux véhicules - arrière,,,,,,,,,,,5,2,1,1,2
200700007705,0007-02-08 08:25:00,7,2,8,8,25,60,88,"0, PARIS (R. DE)",,,Plein jour,En agglomération,Hors intersection,Normale,Autre collision,,,,,,,,,,,1,2,1,1,6
200700007706,0007-02-08 10:55:00,7,2,8,10,55,60,88,"0, ARSON (RUE)",,,Plein jour,En agglomération,Intersection en X,Normale,Deux véhicules - côté,,,,,,,,,,,1,2,2,1,3
200700007707,0007-02-08 11:35:00,7,2,8,11,35,60,88,"111, FRANCE (R. DE) A PA",,,Plein jour,En agglomération,Hors intersection,Normale,Deux véhicules - côté,,,,,,,,,,,1,2,1,1,3
200700007708,0007-02-08 16:45:00,7,2,8,16,45,60,88,"0, CASSIN (BD RENE)",,,Plein jour,En agglomération,Intersection en T,Pluie légère,Autre collision,,,,,,,,,,,1,2,3,2,6
200700007709,0007-02-08 17:30:00,7,2,8,17,30,60,88,"104, ARIANE (BD DE L')",,,Crépuscule ou aube,En agglomération,Hors intersection,Pluie forte,Autre collision,,,,,,,,,,,2,2,1,3,6
200700007710,0007-02-08 17:50:00,7,2,8,17,50,60,88,"0, MADELEINE (BD DE LA)",,,Nuit avec éclairage allumé,En agglomération,Intersection en X,Pluie légère,Deux véhicules - côté,,,,,,,,,,,5,2,2,2,3
200700007711,0007-02-08 19:00:00,7,2,8,19,0,60,88,"0, SOLA (BD PIERRE)",,,Nuit avec éclairage allumé,En agglomération,Intersection en X,Pluie légère,Deux véhicules - côté,,,,,,,,,,,5,2,2,2,3
200700007712,0007-02-09 08:05:00,7,2,9,8,5,60,88,"31b, PESSICART (JUSQU'AU",,,Plein jour,En agglomération,Hors intersection,Normale,Trois véhicules et plus - collisions multiples,,,,,,,,,,,1,2,1,1,5
200700007713,0007-02-09 08:30:00,7,2,9,8,30,60,88,"0, RD 6202",,,Plein jour,En agglomération,Hors intersection,Normale,Deux véhicules - côté,,,,,,,,,,,1,2,1,1,3
200700007714,0007-02-09 09:10:00,7,2,9,9,10,60,88,"47, THIERS (AV.)",,,Plein jour,En agglomération,Hors intersection,Normale,Autre collision,,,,,,,,,,,1,2,1,1,6
200700007715,0007-02-09 13:50:00,7,2,9,13,50,60,88,"0, SAINT-PHILIPPE (PL.)",,,Plein jour,En agglomération,Place,Normale,Deux véhicules - frontale,,,,,,,,,,,1,2,7,1,1
200700007716,0007-02-09 13:45:00,7,2,9,13,45,60,88,"232, STE MARGUERITE (AV.",,,Plein jour,En agglomération,Hors intersection,Normale,Deux véhicules - côté,,,,,,,,,,,1,2,1,1,3
200700007717,0007-02-09 17:00:00,7,2,9,17,0,60,88,PAULIANI (AV.),,,Plein jour,En agglomération,Hors intersection,Normale,Sans collision,,,,,,,,,,,1,2,1,1,7
200700007718,0007-02-09 17:15:00,7,2,9,17,15,60,88,GAMBETTA (A PARTIR DU N°,,,Plein jour,En agglomération,Hors intersection,Normale,Autre collision,,,,,,,,,,,1,2,1,1,6
200700007719,0007-02-09 17:30:00,7,2,9,17,30,60,88,"6, OLRY (AV. GAL)",,,Plein jour,En agglomération,Hors intersection,Normale,Autre collision,,,,,,,,,,,1,2,1,1,6
200700007720,0007-02-09 18:40:00,7,2,9,18,40,60,88,"0, VOIE RAPIDE",,,Nuit avec éclairage allumé,En agglomération,Hors intersection,Normale,Deux véhicules - frontale,,,,,,,,,,,5,2,1,1,1
200700007721,0007-02-09 20:15:00,7,2,9,20,15,60,88,"189, MADELEINE (BD DE LA",,,Nuit avec éclairage allumé,En agglomération,Hors intersection,Normale,Autre collision,,,,,,,,,,,5,2,1,1,6
200700007722,0007-02-10 11:50:00,7,2,10,11,50,60,88,"0, FONTAINE DU TEMPLE (P",,,Plein jour,En agglomération,Hors intersection,Normale,Autre collision,,,,,,,,,,,1,2,1,1,6
200700007723,0007-02-10 16:10:00,7,2,10,16,10,60,88,"4, GUIDE (R. COLONEL)",,,Plein jour,En agglomération,Hors intersection,Normale,Deux véhicules - arrière,,,,,,,,,,,1,2,1,1,2
200700007724,0007-02-10 19:05:00,7,2,10,19,5,60,88,"0, PENETRANTE DU PAILLON",,,Nuit avec éclairage allumé,En agglomération,Hors intersection,Normale,Deux véhicules - frontale,,,,,,,,,,,5,2,1,1,1
200700007725,0007-02-11 00:05:00,7,2,11,0,5,60,88,"0, AUBER (AV.)",,,Nuit avec éclairage allumé,En agglomération,Intersection en X,Normale,Deux véhicules - côté,,,,,,,,,,,5,2,2,1,3
200700007726,0007-02-11 16:00:00,7,2,11,16,0,60,88,"0, ILE-DE-BEAUTE (PL. DE",,,Plein jour,En agglomération,Hors intersection,Normale,Autre collision,,,,,,,,,,,1,2,1,1,6
200700007727,0007-02-11 18:30:00,7,2,11,18,30,60,88,"0, FLEURS (AV. DES)",,,Nuit avec éclairage allumé,En agglomération,Intersection en X,Normale,Deux véhicules - côté,,,,,,,,,,,5,2,2,1,3
200700007728,0007-02-11 21:00:00,7,2,11,21,0,60,88,"0, VOIE RAPIDE",,,Nuit avec éclairage allumé,En agglomération,Hors intersection,Normale,Sans collision,,,,,,,,,,,5,2,1,1,7
200700007729,0007-02-12 07:45:00,7,2,12,7,45,60,88,"0, GAMBETTA (A PARTIR DU",,,Plein jour,En agglomération,Hors intersection,Normale,Deux véhicules - côté,,,,,,,,,,,1,2,1,1,3
200700007730,0007-02-12 12:20:00,7,2,12,12,20,60,88,"128, SAINT-LAMBERT (AV.)",,,Plein jour,En agglomération,Hors intersection,Pluie légère,Deux véhicules - arrière,,,,,,,,,,,1,2,1,2,2
200700007731,0007-02-12 16:30:00,7,2,12,16,30,60,88,CALIFORNIE (AV.) (A PART,,,Plein jour,En agglomération,Intersection en X,Pluie légère,Deux véhicules - côté,,,,,,,,,,,1,2,2,2,3
200700007732,0007-02-12 17:10:00,7,2,12,17,10,60,88,"0, RAYNAUD (BD AUGUSTE)",,,Plein jour,En agglomération,Intersection en X,Pluie légère,Deux véhicules - côté,,,,,,,,,,,1,2,2,2,3
200700007733,0007-02-12 19:00:00,7,2,12,19,0,60,88,"0, VOIE RAPIDE",,,Nuit avec éclairage allumé,En agglomération,Hors intersection,Pluie légère,Deux véhicules - arrière,,,,,,,,,,,5,2,1,2,2
200700007734,0007-02-12 19:30:00,7,2,12,19,30,60,88,"0, RAIBERTI (R.)",,,Nuit avec éclairage allumé,En agglomération,Intersection en X,Temps couvert,Deux véhicules - côté,,,,,,,,,,,5,2,2,8,3
200700007735,0007-02-14 13:00:00,7,2,14,13,0,60,88,"0, GUIGLIA (R.)",,,Plein jour,En agglomération,Intersection en X,Normale,Autre collision,,,,,,,,,,,1,2,2,1,6
200700007736,0007-02-14 18:00:00,7,2,14,18,0,60,88,"23, PILATTE (BD FRANCK)",,,Plein jour,En agglomération,Hors intersection,Normale,Autre collision,,,,,,,,,,,1,2,1,1,6
200700007737,0007-02-15 07:30:00,7,2,15,7,30,60,88,"321, STE-MARGUERITE (AV.",,,Plein jour,En agglomération,Hors intersection,Normale,Autre collision,,,,,,,,,,,1,2,1,1,6
200700007738,0007-02-15 04:45:00,7,2,15,4,45,60,88,"0, GROSSO (JUSQU'AU N° 5",,,Nuit avec éclairage non allumé,En agglomération,Hors intersection,Pluie légère,Autre collision,,,,,,,,,,,4,2,1,2,6
200700007739,0007-02-15 07:45:00,7,2,15,7,45,60,88,"2, ANVERS (AV. D')",,,Plein jour,En agglomération,Hors intersection,Normale,Deux véhicules - côté,,,,,,,,,,,1,2,1,1,3
200700007740,0007-02-15 10:00:00,7,2,15,10,0,60,88,"51, COSTIERE (CH. DE LA)",,,Plein jour,En agglomération,Hors intersection,Normale,Autre collision,,,,,,,,,,,1,2,1,1,6
200700007741,0007-02-15 12:00:00,7,2,15,12,0,60,88,JOLY (CORNICHE ANDRE DE),,,Plein jour,En agglomération,Intersection en X,Normale,Autre collision,,,,,,,,,,,1,2,2,1,6
200700007742,0007-02-15 12:01:00,7,2,15,12,1,60,88,"0, ANGLAIS (DU N° 45 AU",,,Plein jour,En agglomération,Hors intersection,Normale,Deux véhicules - arrière,,,,,,,,,,,1,2,1,1,2
200700007743,0007-02-15 16:00:00,7,2,15,16,0,60,88,"0, GRENOBLE (ROUTE DE)",,,Plein jour,En agglomération,Hors intersection,Normale,Deux véhicules - côté,,,,,,,,,,,1,2,1,1,3
200700007744,0007-02-16 03:00:00,7,2,16,3,0,60,88,"110, GAMBETTA (A PARTIR",,,Nuit avec éclairage allumé,En agglomération,Hors intersection,Normale,Deux véhicules - arrière,,,,,,,,,,,5,2,1,1,2
200700007745,0007-02-16 10:45:00,7,2,16,10,45,60,88,"25, FOCH (AV. MARECHAL)",,,Plein jour,En agglomération,Hors intersection,Normale,Autre collision,,,,,,,,,,,1,2,1,1,6
200700007746,0007-02-16 11:25:00,7,2,16,11,25,60,88,"0, SAINT-LAMBERT (AV.) (",,,Plein jour,En agglomération,Hors intersection,Normale,Deux véhicules - côté,,,,,,,,,,,1,2,1,1,3
200700007747,0007-02-16 11:45:00,7,2,16,11,45,60,88,"0, ANGLAIS (N° 113)",,,Plein jour,En agglomération,Hors intersection,Normale,Autre collision,,,,,,,,,,,1,2,1,1,6
200700007748,0007-02-16 12:02:00,7,2,16,12,2,60,88,"0, SAINT-AUGUSTIN (AV. D",,,Plein jour,En agglomération,Intersection en T,Normale,Deux véhicules - côté,,,,,,,,,,,1,2,3,1,3
200700007749,0007-02-16 15:45:00,7,2,16,15,45,60,88,"0, RD 6202",,,Plein jour,En agglomération,Hors intersection,Normale,Deux véhicules - côté,,,,,,,,,,,1,2,1,1,3
200700007750,0007-02-16 18:30:00,7,2,16,18,30,60,88,"0, JAURES (BD JEAN)",,,Nuit avec éclairage allumé,En agglomération,Hors intersection,Normale,Autre collision,,,,,,,,,,,5,2,1,1,6
200700007751,0007-02-16 18:00:00,7,2,16,18,0,60,88,"84, PAPE JEAN XXIII (BD)",,,Plein jour,En agglomération,Hors intersection,Normale,Autre collision,,,,,,,,,,,1,2,1,1,6
200700007752,0007-02-16 19:20:00,7,2,16,19,20,60,88,"0, ANGLAIS (A PARTIR DU",,,Nuit avec éclairage allumé,Hors agglomération,Hors intersection,Normale,Autre collision,,,,,,,,,,,5,1,1,1,6
200700007753,0007-02-17 02:00:00,7,2,17,2,0,60,88,ETATS UNIS (QUAI DES),,,Nuit avec éclairage allumé,En agglomération,Hors intersection,Normale,Autre collision,,,,,,,,,,,5,2,1,1,6
200700007754,0007-02-17 07:00:00,7,2,17,7,0,60,88,"251, CALIFORNIE (AV.) (A",,,Plein jour,Hors agglomération,Hors intersection,Normale,Autre collision,,,,,,,,,,,1,1,1,1,6
200700007755,0007-02-18 00:50:00,7,2,18,0,50,60,159,"0, BELLAVISTA (AVENUE)",,,Nuit avec éclairage allumé,En agglomération,Hors intersection,Normale,Autre collision,,,,,,,,,,,5,2,1,1,6
200700007756,0007-02-18 02:15:00,7,2,18,2,15,60,88,"137, ANGLAIS (DU N° 114",,,Nuit avec éclairage allumé,En agglomération,Hors intersection,Normale,Trois véhicules et plus - collisions multiples,,,,,,,,,,,5,2,1,1,5
200700007757,0007-02-18 09:15:00,7,2,18,9,15,60,88,"123, ANGLAIS (DU N° 114",,,Plein jour,En agglomération,Hors intersection,Pluie légère,Deux véhicules - arrière,,,,,,,,,,,1,2,1,2,2
200700007758,0007-02-18 17:00:00,7,2,18,17,0,60,88,"0, SAINT-PIERRE DE FERIC",,,Plein jour,Hors agglomération,Hors intersection,Pluie légère,Autre collision,,,,,,,,,,,1,1,1,2,6
200700007759,0007-02-19 14:30:00,7,2,19,14,30,60,88,"140, CLUA (AV. DE LA)",,,Plein jour,En agglomération,Hors intersection,Normale,Sans collision,,,,,,,,,,,1,2,1,1,7
200700007760,0007-02-19 19:05:00,7,2,19,19,5,60,88,"0, GAMBETTA (A PARTIR DU",,,Crépuscule ou aube,En agglomération,Intersection en T,Pluie légère,Autre collision,,,,,,,,,,,2,2,3,2,6
200700007761,0007-02-19 18:20:00,7,2,19,18,20,60,88,"0, VAUBAN (R. MARECHAL)",,,Nuit avec éclairage allumé,En agglomération,Hors intersection,Normale,Deux véhicules - côté,,,,,,,,,,,5,2,1,1,3
200700007762,0007-02-19 22:45:00,7,2,19,22,45,60,88,"0, PENETRANTE DU PAILLON",,,Nuit avec éclairage allumé,En agglomération,Hors intersection,Normale,Deux véhicules - arrière,,,,,,,,,,,5,2,1,1,2
200700007763,0007-02-20 08:25:00,7,2,20,8,25,60,88,"58, MARNE (AV. DE LA)",,,Plein jour,En agglomération,Hors intersection,Normale,Deux véhicules - frontale,,,,,,,,,,,1,2,1,1,1
200700007764,0007-02-20 09:50:00,7,2,20,9,50,60,88,"0, LAMARTINE (R.)",,,Plein jour,En agglomération,Intersection en X,Normale,Autre collision,,,,,,,,,,,1,2,2,1,6
200700007765,0007-02-20 10:09:00,7,2,20,10,9,60,88,"0, PALMIERS (AV. DES)",,,Plein jour,En agglomération,Intersection en X,Normale,Deux véhicules - côté,,,,,,,,,,,1,2,2,1,3
200700007766,0007-02-20 17:15:00,7,2,20,17,15,60,88,"76, GROSSO (A PARTIR DU",,,Crépuscule ou aube,En agglomération,Hors intersection,Normale,Autre collision,,,,,,,,,,,2,2,1,1,6
200700007767,0007-02-20 17:25:00,7,2,20,17,25,60,88,TZAREWITCH (BD DU),,,Plein jour,En agglomération,Intersection en X,Normale,Deux véhicules - arrière,,,,,,,,,,,1,2,2,1,2
200700007768,0007-02-21 04:45:00,7,2,21,4,45,60,88,"0, FLORALIES (AV. DES)",,,Nuit avec éclairage allumé,En agglomération,Autre intersection,Normale,Autre collision,,,,,,,,,,,5,2,9,1,6
200700007769,0007-02-21 11:30:00,7,2,21,11,30,60,88,"23, SAINT-AGATHE (R. GUI",,,Plein jour,En agglomération,Hors intersection,Normale,Autre collision,,,,,,,,,,,1,2,1,1,6
200700007770,0007-02-21 11:50:00,7,2,21,11,50,60,88,"0, NAPOLEON III (BD)",,,Plein jour,En agglomération,Intersection en X,Normale,Deux véhicules - frontale,,,,,,,,,,,1,2,2,1,1
200700007771,0007-02-22 11:25:00,7,2,22,11,25,60,88,"0, THIERS (AV.)",,,Plein jour,En agglomération,Hors intersection,Normale,Deux véhicules - côté,,,,,,,,,,,1,2,1,1,3
200700007772,0007-02-22 11:30:00,7,2,22,11,30,60,88,"49, ESTIENNE -D'ORVES (A",,,Plein jour,En agglomération,Hors intersection,Normale,Autre collision,,,,,,,,,,,1,2,1,1,6
200700007773,0007-02-22 14:15:00,7,2,22,14,15,60,88,"0, TUNNEL DU PAILLON",,,Plein jour,En agglomération,Hors intersection,Normale,Deux véhicules - arrière,,,,,,,,,,,1,2,1,1,2
200700007774,0007-02-22 16:15:00,7,2,22,16,15,60,88,"0, LEPANTE (R. DE)",,,Plein jour,En agglomération,Hors intersection,Normale,Autre collision,,,,,,,,,,,1,2,1,1,6
200700007775,0007-02-22 17:20:00,7,2,22,17,20,60,88,Route de la Sonexa,,,Crépuscule ou aube,En agglomération,Hors intersection,Normale,Deux véhicules - côté,,,,,,,,,,,2,2,1,1,3
200700007776,0007-02-22 17:25:00,7,2,22,17,25,60,88,"0, STE MARGUERITE (AV.)",,,Plein jour,En agglomération,Hors intersection,Normale,Autre collision,,,,,,,,,,,1,2,1,1,6
200700007777,0007-02-23 10:30:00,7,2,23,10,30,60,88,"72, BIECKERT (AV. EMILE)",,,Plein jour,En agglomération,Hors intersection,Normale,Deux véhicules - arrière,,,,,,,,,,,1,2,1,1,2
200700007778,0007-02-23 17:20:00,7,2,23,17,20,60,88,"0, CALIFORNIE (AV.) (A P",,,Plein jour,En agglomération,Hors intersection,Normale,Deux véhicules - côté,,,,,,,,,,,1,2,1,1,3
200700007779,0007-02-24 06:40:00,7,2,24,6,40,60,159,"0, LIBERATION (CARREFOUR",,,Crépuscule ou aube,En agglomération,Intersection en X,Normale,Autre collision,,,,,,,,,,,2,2,2,1,6
200700007780,0007-02-24 10:45:00,7,2,24,10,45,60,88,"0, GORBELLA (BD DE)",,,Plein jour,En agglomération,Intersection en X,Normale,Deux véhicules - frontale,,,,,,,,,,,1,2,2,1,1
200700007781,0007-02-24 11:20:00,7,2,24,11,20,60,88,"242, ANGLAIS (DU N° 114",,,Plein jour,En agglomération,Hors intersection,Normale,Autre collision,,,,,,,,,,,1,2,1,1,6
200700007782,0007-02-24 12:00:00,7,2,24,12,0,60,88,"0, Blea (Camin de la )",,,Plein jour,En agglomération,Hors intersection,Normale,Sans collision,,,,,,,,,,,1,2,1,1,7
200700007783,0007-02-24 13:20:00,7,2,24,13,20,60,88,"153, TURIN (RTE DE)",,,Plein jour,En agglomération,Hors intersection,Normale,Autre collision,,,,,,,,,,,1,2,1,1,6
200700007784,0007-02-25 21:00:00,7,2,25,21,0,60,88,"11, CARLONE (BD)",,,Nuit avec éclairage non allumé,En agglomération,Hors intersection,Normale,Sans collision,,,,,,,,,,,4,2,1,1,7
200700007785,0007-02-25 21:01:00,7,2,25,21,1,60,88,"0, QUAI DES ETATS UNIS",,,Nuit avec éclairage allumé,En agglomération,Hors intersection,Normale,Autre collision,,,,,,,,,,,5,2,1,1,6
200700007786,0007-02-24 08:10:00,7,2,24,8,10,60,88,THIERS (AV.),,,Plein jour,En agglomération,Intersection en T,Normale,Deux véhicules - côté,,,,,,,,,,,1,2,3,1,3
200700007787,0007-02-26 11:15:00,7,2,26,11,15,60,88,"72, MANTEGA-RIGHI (BD)",,,Plein jour,En agglomération,Hors intersection,Normale,Autre collision,,,,,,,,,,,1,2,1,1,6