accident_id,datetime,annee,mois,jour,heure,minute,departement,commune_insee,adresse,latitude,longitude,luminosite,agglomeration,intersection,meteo,collision,nb_vehicules,nb_usagers,nb_indemnes,nb_tues,nb_blesses_hosp,nb_blesses_legers,age_cond_1,age_cond_2,veh_type_cond_1,veh_type_cond_2,lum_code,agg_code,int_code,atm_code,col_code
200700007788,0007-02-26 13:15:00,7,2,26,13,15,60,88,"0, ROSSINI (R.)",,,Plein jour,En agglomération,Intersection en X,Normale,Deux véhicules - côté,,,,,,,,,,,1,2,2,1,3
200700007789,0007-02-26 13:45:00,7,2,26,13,45,60,88,"344, GINESTIERE (CH. DE",,,Plein jour,En agglomération,Hors intersection,Normale,Autre collision,,,,,,,,,,,1,2,1,1,6
200700007790,0007-02-26 14:15:00,7,2,26,14,15,60,88,"107, ARENES DE CIMIEZ (A",,,Plein jour,En agglomération,Hors intersection,Normale,Autre collision,,,,,,,,,,,1,2,1,1,6
200700007791,0007-02-26 19:40:00,7,2,26,19,40,60,88,"87, ANGLAIS (DU N° 45 AU",,,Crépuscule ou aube,En agglomération,Hors intersection,Normale,Autre collision,,,,,,,,,,,2,2,1,1,6
200700007792,0007-02-27 07:45:00,7,2,27,7,45,60,88,"0, CASSIN (BD RENE)",,,Plein jour,En agglomération,Hors intersection,Normale,Deux véhicules - côté,,,,,,,,,,,1,2,1,1,3
200700007793,0007-02-27 10:30:00,7,2,27,10,30,60,88,"0, BOUNIN (RUE PAUL)",,,Plein jour,En agglomération,Hors intersection,Normale,Autre collision,,,,,,,,,,,1,2,1,1,6
200700007794,0007-02-27 11:50:00,7,2,27,11,50,60,88,"130, GINESTIERE (ANC. CH",,,Plein jour,En agglomération,Hors intersection,Normale,Autre collision,,,,,,,,,,,1,2,1,1,6
200700007795,0007-02-27 14:40:00,7,2,27,14,40,60,88,BELLET (AV. DE),,,Plein jour,En agglomération,Intersection en X,Normale,Autre collision,,,,,,,,,,,1,2,2,1,6
200700007796,0007-02-27 17:20:00,7,2,27,17,20,60,88,"31, MARNE (AV. DE LA)",,,Plein jour,En agglomération,Hors intersection,Normale,Sans collision,,,,,,,,,,,1,2,1,1,7
200700007797,0007-02-27 18:10:00,7,2,27,18,10,60,88,"0, SAINT-AUGUSTIN (AV. D",,,Crépuscule ou aube,En agglomération,Hors intersection,Normale,Autre collision,,,,,,,,,,,2,2,1,1,6
200700007798,0007-02-27 18:15:00,7,2,27,18,15,60,88,"46, GAL (R. AUGUSTE)",,,Nuit avec éclairage allumé,En agglomération,Hors intersection,Normale,Trois véhicules et plus - en chaîne,,,,,,,,,,,5,2,1,1,4
200700007799,0007-02-27 21:00:00,7,2,27,21,0,60,88,"0, SAINT-JEAN BAPTISTE (",,,Nuit avec éclairage non allumé,En agglomération,Hors intersection,Normale,Deux véhicules - côté,,,,,,,,,,,4,2,1,1,3
200700007800,0007-02-28 09:10:00,7,2,28,9,10,60,88,"0, VALOMBROSE (AV. DE)",,,Plein jour,En agglomération,Hors intersection,Normale,Deux véhicules - frontale,,,,,,,,,,,1,2,1,1,1
200700007801,0007-02-28 15:10:00,7,2,28,15,10,60,88,"226, GINESTIERE (CH. DE",,,Plein jour,En agglomération,Hors intersection,Normale,Deux véhicules - côté,,,,,,,,,,,1,2,1,1,3
200700007802,0007-02-15 18:05:00,7,2,15,18,5,70,10,"21, MOULIN (RUE JEAN)",,,Plein jour,En agglomération,Hors intersection,Normale,Autre collision,,,,,,,,,,,1,2,1,1,6
200700007803,0007-02-02 23:55:00,7,2,2,23,55,70,116,NATIONALE (ROUTE),,,Nuit avec éclairage allumé,En agglomération,Hors intersection,Normale,Trois véhicules et plus - collisions multiples,,,,,,,,,,,5,2,1,1,5
200700007804,0007-02-12 18:35:00,7,2,12,18,35,70,102,"350, MONTGOLFIER (RUE)",,,Nuit avec éclairage allumé,En agglomération,Hors intersection,Pluie légère,Deux véhicules - côté,,,,,,,,,,,5,2,1,2,3
200700007805,0007-02-16 18:05:00,7,2,16,18,5,70,281,Chemin de Pouté,,,Nuit sans éclairage public,Hors agglomération,Hors intersection,Normale,Sans collision,,,,,,,,,,,3,1,1,1,7
200700007806,0007-02-23 15:35:00,7,2,23,15,35,70,281,C.D.533,,,Plein jour,Hors agglomération,Hors intersection,Normale,Sans collision,,,,,,,,,,,1,1,1,1,7
200700007807,0007-02-26 07:00:00,7,2,26,7,0,70,281,"6, REPUBLIQUE (RUE DE LA",,,Crépuscule ou aube,En agglomération,Hors intersection,Normale,Deux véhicules - côté,,,,,,,,,,,2,2,1,1,3
200700007808,0007-02-16 15:30:00,7,2,16,15,30,70,186,VIVARAIS (BLD.DU),,,Plein jour,En agglomération,Hors intersection,Normale,Deux véhicules - côté,,,,,,,,,,,1,2,1,1,3
200700007809,0007-02-04 14:35:00,7,2,4,14,35,80,105,"95, NOUZONVILLE",,,Plein jour,En agglomération,Hors intersection,Normale,Trois véhicules et plus - collisions multiples,,,,,,,,,,,1,2,1,1,5
200700007810,0007-02-04 16:20:00,7,2,4,16,20,80,105,"03, PIVOINES",,,Plein jour,En agglomération,Hors intersection,Normale,Autre collision,,,,,,,,,,,1,2,1,1,6
200700007811,0007-02-21 04:25:00,7,2,21,4,25,80,105,"108, CROIZAT A. (RUE)",,,Nuit avec éclairage allumé,En agglomération,Intersection en Y,Normale,Deux véhicules - côté,,,,,,,,,,,5,2,4,1,3
200700007812,0007-02-07 07:40:00,7,2,7,7,40,90,122,20 (R.N.) COTE NORD DU T,,,Crépuscule ou aube,Hors agglomération,Hors intersection,Normale,Sans collision,,,,,,,,,,,2,1,1,1,7
200700007813,0007-02-15 07:40:00,7,2,15,7,40,90,122,"18, VILLOTE (ALLEES DE)",,,Plein jour,En agglomération,Hors intersection,Normale,Autre collision,,,,,,,,,,,1,2,1,1,6
200700007814,0007-02-20 16:10:00,7,2,20,16,10,90,122,"1, FAURE (COURS GABRIEL)",,,Plein jour,En agglomération,Giratoire,Normale,Deux véhicules - côté,,,,,,,,,,,1,2,6,1,3
200700007815,0007-02-03 16:30:00,7,2,3,16,30,100,81,"0, ROCADE OUEST",,,Plein jour,En agglomération,Hors intersection,Normale,Deux véhicules - arrière,,,,,,,,,,,1,2,1,1,2
200700007816,0007-02-09 08:50:00,7,2,9,8,50,100,357,"0, PIERRE CURIE (RUE)",,,Plein jour,En agglomération,Intersection en X,Normale,Deux véhicules - côté,,,,,,,,,,,1,2,2,1,3
200700007817,0007-02-13 11:45:00,7,2,13,11,45,100,81,"0, GENERAL SARRAIL (AVE)",,,Plein jour,En agglomération,Hors intersection,Normale,Autre collision,,,,,,,,,,,1,2,1,1,6
200700007818,0007-02-03 10:45:00,7,2,3,10,45,100,387,"0, ANDRE MUTTER (RUE)",,,Plein jour,En agglomération,Intersection en T,Normale,Deux véhicules - côté,,,,,,,,,,,1,2,3,1,3
200700007819,0007-02-20 18:30:00,7,2,20,18,30,100,387,"13, JACQUIN (RUE)",,,Nuit avec éclairage allumé,En agglomération,Hors intersection,Normale,Autre collision,,,,,,,,,,,5,2,1,1,6
200700007820,0007-02-15 17:00:00,7,2,15,17,0,100,387,", RAYMOND POINCARE (RUE)",,,Plein jour,En agglomération,Hors intersection,Normale,Autre collision,,,,,,,,,,,1,2,1,1,6
200700007821,0007-02-04 04:20:00,7,2,4,4,20,110,76,Rond Point Saint PAPOUL,,,Nuit avec éclairage allumé,Hors agglomération,Giratoire,Brouillard / fumée,Deux véhicules - arrière,,,,,,,,,,,5,1,6,5,2
200700007822,0007-02-12 13:30:00,7,2,12,13,30,110,76,"9, SCHUMANN (RUE ROBERT)",,,Plein jour,En agglomération,Intersection en T,Pluie légère,Deux véhicules - côté,,,,,,,,,,,1,2,3,2,3
200700007823,0007-02-09 16:45:00,7,2,9,16,45,110,262,"1, ESCOUTE (QUAI DE L')",,,Plein jour,En agglomération,Hors intersection,Normale,Autre collision,,,,,,,,,,,1,2,1,1,6
200700007824,0007-02-09 07:45:00,7,2,9,7,45,110,262,RN 009 NARBONNE / BEZIER,,,Plein jour,En agglomération,Hors intersection,Normale,Deux véhicules - frontale,,,,,,,,,,,1,2,1,1,1
200700007825,0007-02-19 15:25:00,7,2,19,15,25,110,262,RUE BADER,,,Plein jour,En agglomération,Intersection en X,Normale,Deux véhicules - côté,,,,,,,,,,,1,2,2,1,3
200700007826,0007-02-11 14:30:00,7,2,11,14,30,110,262,RN 009 NARBONNE /  PERPI,,,Plein jour,En agglomération,Hors intersection,Normale,Sans collision,,,,,,,,,,,1,2,1,1,7
200700007827,0007-02-14 10:00:00,7,2,14,10,0,120,89,RD 840,,,Plein jour,En agglomération,Hors intersection,Normale,Autre collision,,,,,,,,,,,1,2,1,1,6
200700007828,0007-02-11 17:15:00,7,2,11,17,15,120,145,"19, DE GAULLE CHARLES (A",,,Plein jour,En agglomération,Hors intersection,Normale,Autre collision,,,,,,,,,,,1,2,1,1,6
200700007829,0007-02-19 13:19:00,7,2,19,13,19,120,145,"116, JAURES JEAN (AVENUE",,,Plein jour,En agglomération,Hors intersection,Normale,Autre collision,,,,,,,,,,,1,2,1,1,6
200700007830,0007-02-02 16:35:00,7,2,2,16,35,120,202,"29, TOULOUSE (AVENUE DE)",,,Plein jour,En agglomération,Hors intersection,Normale,Autre collision,,,,,,,,,,,1,2,1,1,6
200700007831,0007-02-09 18:50:00,7,2,9,18,50,130,1,"295, PIOLINE (CH DE LA)",,,Nuit avec éclairage non allumé,En agglomération,Hors intersection,Normale,Deux véhicules - côté,,,,,,,,,,,4,2,1,1,3
200700007832,0007-02-10 18:25:00,7,2,10,18,25,130,1,R.N 7,,,Nuit sans éclairage public,Hors agglomération,Intersection en T,Normale,Deux véhicules - côté,,,,,,,,,,,3,1,3,1,3
200700007833,0007-02-02 15:00:00,7,2,2,15,0,130,1,MINIMES (COURS DES),,,Plein jour,En agglomération,Hors intersection,Normale,Trois véhicules et plus - en chaîne,,,,,,,,,,,1,2,1,1,4
200700007834,0007-02-07 09:00:00,7,2,7,9,0,130,1,"9, BENJAMIN ABRAM (AV)",,,Plein jour,En agglomération,Hors intersection,Normale,Deux véhicules - côté,,,,,,,,,,,1,2,1,1,3
200700007835,0007-02-18 05:30:00,7,2,18,5,30,130,1,"215, LEDOUX CLAUDE NICOL",,,Nuit sans éclairage public,Hors agglomération,Hors intersection,Pluie légère,Autre collision,,,,,,,,,,,3,1,1,2,6
200700007836,0007-02-23 20:00:00,7,2,23,20,0,130,1,BELLEVUE (MONTEE),,,Nuit avec éclairage allumé,En agglomération,Hors intersection,Normale,Deux véhicules - côté,,,,,,,,,,,5,2,1,1,3
200700007837,0007-02-26 15:15:00,7,2,26,15,15,130,1,"124, FERRINI FORTUNE (AV",,,Plein jour,En agglomération,Hors intersection,Normale,Autre collision,,,,,,,,,,,1,2,1,1,6
200700007838,0007-02-26 14:25:00,7,2,26,14,25,130,1,"131, FERRINI FORTUNE (AV",,,Plein jour,En agglomération,Hors intersection,Normale,Deux véhicules - côté,,,,,,,,,,,1,2,1,1,3
200700007839,0007-02-28 15:00:00,7,2,28,15,0,130,1,DEPORTES DE LA RESISTANC,,,Plein jour,En agglomération,Hors intersection,Normale,Autre collision,,,,,,,,,,,1,2,1,1,6
200700007840,0007-02-03 04:05:00,7,2,3,4,5,130,4,RN 570,,,Nuit sans éclairage public,Hors agglomération,Hors intersection,Normale,Sans collision,,,,,,,,,,,3,1,1,1,7
200700007841,0007-02-05 09:05:00,7,2,5,9,5,130,4,"38, CRAU ROUTE DE",,,Plein jour,En agglomération,Hors intersection,Temps éblouissant,Deux véhicules - arrière,,,,,,,,,,,1,2,1,7,2
200700007842,0007-02-06 08:30:00,7,2,6,8,30,130,4,PLACE DE LA CROISIERE PL,,,Plein jour,En agglomération,Intersection à plus de 4 branches,Normale,Deux véhicules - côté,,,,,,,,,,,1,2,5,1,3
200700007843,0007-02-06 08:31:00,7,2,6,8,31,130,4,"57, EMILE COMBES BOULEVA",,,Plein jour,En agglomération,Hors intersection,Temps couvert,Deux véhicules - côté,,,,,,,,,,,1,2,1,8,3
200700007844,0007-02-09 07:15:00,7,2,9,7,15,130,4,FONTVIEILLE ROUTE DE,,,Nuit sans éclairage public,Hors agglomération,Hors intersection,Temps couvert,Deux véhicules - frontale,,,,,,,,,,,3,1,1,8,1
200700007845,0007-02-09 15:10:00,7,2,9,15,10,130,4,"5, CRAU ROUTE DE",,,Plein jour,En agglomération,Hors intersection,Normale,Deux véhicules - arrière,,,,,,,,,,,1,2,1,1,2
200700007846,0007-02-08 16:00:00,7,2,8,16,0,130,4,CHARTROUSE RUE DE,,,Plein jour,En agglomération,Intersection en X,Normale,Deux véhicules - côté,,,,,,,,,,,1,2,2,1,3
200700007847,0007-02-14 17:55:00,7,2,14,17,55,130,4,"0, EMILE COMBES BOULEVAR",,,Crépuscule ou aube,En agglomération,Intersection en X,Pluie légère,Autre collision,,,,,,,,,,,2,2,2,2,6
200700007848,0007-02-17 19:45:00,7,2,17,19,45,130,4,MARCELLIN BERTHELOT BOUL,,,Nuit avec éclairage allumé,En agglomération,Intersection en X,Normale,Deux véhicules - côté,,,,,,,,,,,5,2,2,1,3
200700007849,0007-02-21 12:45:00,7,2,21,12,45,130,4,V.C.N5 DITE CHEMIN DU TE,,,Plein jour,En agglomération,Hors intersection,Normale,Deux véhicules - côté,,,,,,,,,,,1,2,1,1,3
200700007850,0007-02-19 10:05:00,7,2,19,10,5,130,4,"78, EDOUARD HERRIOT AVEN",,,Plein jour,En agglomération,Hors intersection,Normale,Autre collision,,,,,,,,,,,1,2,1,1,6
200700007851,0007-02-26 08:25:00,7,2,26,8,25,130,4,SAGNE RUE DE,,,Plein jour,Hors agglomération,Hors intersection,Normale,Autre collision,,,,,,,,,,,1,1,1,1,6
200700007852,0007-02-26 20:05:00,7,2,26,20,5,130,4,"0, MARECHAL JUIN AVENUE",,,Nuit avec éclairage allumé,En agglomération,Intersection en X,Normale,Deux véhicules - côté,,,,,,,,,,,5,2,2,1,3
200700007853,0007-02-25 17:30:00,7,2,25,17,30,130,70,VOLTAIRE (BOULEVARD),,,Plein jour,En agglomération,Hors intersection,Normale,Deux véhicules - frontale,,,,,,,,,,,1,2,1,1,1
200700007854,0007-02-24 09:55:00,7,2,24,9,55,130,5,RN 96 (ROUTE NATIONALE ),,,Plein jour,Hors agglomération,Hors intersection,Normale,Deux véhicules - frontale,,,,,,,,,,,1,1,1,1,1
200700007855,0007-02-01 06:50:00,7,2,1,6,50,130,28,"50, CROZET (AVENUE LOUIS",,,Crépuscule ou aube,En agglomération,Hors intersection,Normale,Deux véhicules - côté,,,,,,,,,,,2,2,1,1,3
200700007856,0007-02-05 07:05:00,7,2,5,7,5,130,28,"59, GASSION (AVENUE FERN",,,Nuit avec éclairage allumé,En agglomération,Hors intersection,Normale,Sans collision,,,,,,,,,,,5,2,1,1,7
200700007857,0007-02-04 16:50:00,7,2,4,16,50,130,28,CD.559,,,Plein jour,Hors agglomération,Hors intersection,Normale,Trois véhicules et plus - collisions multiples,,,,,,,,,,,1,1,1,1,5
200700007858,0007-02-05 08:30:00,7,2,5,8,30,130,28,"75, RIPERT (AVENUE EMILE",,,Plein jour,En agglomération,Hors intersection,Normale,Deux véhicules - côté,,,,,,,,,,,1,2,1,1,3
200700007859,0007-02-02 21:00:00,7,2,2,21,0,130,63,"22, ARISTIDE BRIAND BOUL",,,Nuit avec éclairage allumé,En agglomération,Hors intersection,Normale,Deux véhicules - arrière,,,,,,,,,,,5,2,1,1,2
200700007860,0007-02-03 05:10:00,7,2,3,5,10,130,47,TRANSHUMANCE LA,,,Nuit sans éclairage public,Hors agglomération,Hors intersection,Normale,Deux véhicules - arrière,,,,,,,,,,,3,1,1,1,2
200700007861,0007-02-05 14:40:00,7,2,5,14,40,130,47,D.5,,,Plein jour,Hors agglomération,Hors intersection,Normale,Deux véhicules - arrière,,,,,,,,,,,1,1,1,1,2
200700007862,0007-02-16 13:00:00,7,2,16,13,0,130,47,MAGNANARELLES ALLE DES,,,Plein jour,En agglomération,Autre intersection,Temps éblouissant,Autre collision,,,,,,,,,,,1,2,9,7,6
200700007863,0007-02-18 15:05:00,7,2,18,15,5,130,47,FOS ROUTE DE,,,Plein jour,Hors agglomération,Intersection à plus de 4 branches,Autre,Deux véhicules - côté,,,,,,,,,,,1,1,5,9,3
200700007864,0007-02-15 17:00:00,7,2,15,17,0,130,47,CD16 (LE DELA),,,Plein jour,Hors agglomération,Hors intersection,Normale,Deux véhicules - côté,,,,,,,,,,,1,1,1,1,3
200700007865,0007-02-27 13:30:00,7,2,27,13,30,130,63,D.10,,,Plein jour,Hors agglomération,Intersection en T,Normale,Deux véhicules - arrière,,,,,,,,,,,1,1,3,1,2
200700007866,0007-02-27 15:25:00,7,2,27,15,25,130,47,RAYMOND FILIPPI AVENUE,,,Plein jour,En agglomération,Hors intersection,Normale,Autre collision,,,,,,,,,,,1,2,1,1,6
200700007867,0007-02-28 08:00:00,7,2,28,8,0,130,47,"1, FELIX GOUIN AVENUE",,,Plein jour,En agglomération,Giratoire,Normale,Deux véhicules - arrière,,,,,,,,,,,1,2,6,1,2
200700007868,0007-02-02 22:00:00,7,2,2,22,0,130,54,PALUN  ZI LA,,,Nuit avec éclairage allumé,En agglomération,Hors intersection,Normale,Sans collision,,,,,,,,,,,5,2,1,1,7
200700007869,0007-02-09 09:10:00,7,2,9,9,10,130,54,KENNEDY  AVE PRESIDENT,,,Plein jour,En agglomération,Hors intersection,Normale,Sans collision,,,,,,,,,,,1,2,1,1,7
200700007870,0007-02-13 17:50:00,7,2,13,17,50,130,43,RN 368,,,Crépuscule ou aube,Hors agglomération,Intersection à plus de 4 branches,Normale,Deux véhicules - côté,,,,,,,,,,,2,1,5,1,3
200700007871,0007-02-20 17:20:00,7,2,20,17,20,130,54,SERVANTY  RUE LUCIEN,,,Plein jour,En agglomération,Hors intersection,Normale,Sans collision,,,,,,,,,,,1,2,1,1,7
200700007872,0007-02-22 10:50:00,7,2,22,10,50,130,102,"70, ABBADIE  BLD",,,Plein jour,En agglomération,Hors intersection,Normale,Autre collision,,,,,,,,,,,1,2,1,1,6
200700007873,0007-02-24 23:20:00,7,2,24,23,20,130,43,"43, FONSE  CHEMIN DE LA",,,Nuit avec éclairage allumé,En agglomération,Hors intersection,Pluie légère,Autre collision,,,,,,,,,,,5,2,1,2,6
200700007874,0007-02-26 19:10:00,7,2,26,19,10,130,54,SALAN  AVE GENERAL,,,Nuit avec éclairage allumé,En agglomération,Intersection en X,Normale,Deux véhicules - côté,,,,,,,,,,,5,2,2,1,3
200700007875,0007-02-27 17:15:00,7,2,27,17,15,130,54,"16, COMBATTANT A.F.N.",,,Plein jour,En agglomération,Intersection en T,Normale,Deux véhicules - côté,,,,,,,,,,,1,2,3,1,3
200700007876,0007-02-09 14:10:00,7,2,9,14,10,130,55,"1, MARÉCHAL DE LATTRE (A",,,Plein jour,En agglomération,Hors intersection,Normale,Deux véhicules - côté,,,,,,,,,,,1,2,1,1,3
200700007877,0007-02-01 15:45:00,7,2,1,15,45,130,55,MAZARGUES (ROND-POINT),,,Plein jour,En agglomération,Giratoire,Normale,Autre collision,,,,,,,,,,,1,2,6,1,6
200700007878,0007-02-01 18:30:00,7,2,1,18,30,130,55,FRÉDÉRIC MISTRAL (AVENUE,,,Nuit avec éclairage allumé,En agglomération,Hors intersection,Normale,Trois véhicules et plus - collisions multiples,,,,,,,,,,,5,2,1,1,5
200700007879,0007-02-01 12:00:00,7,2,1,12,0,130,55,MIRELLE LAUZE (BOULEVARD,,,Plein jour,En agglomération,Giratoire,Normale,Deux véhicules - côté,,,,,,,,,,,1,2,6,1,3
200700007880,0007-02-01 18:45:00,7,2,1,18,45,130,55,"22, CHATEAU GOMBERT (AVE",,,Nuit avec éclairage allumé,En agglomération,Intersection en T,Normale,Deux véhicules - côté,,,,,,,,,,,5,2,3,1,3
200700007881,0007-02-01 12:30:00,7,2,1,12,30,130,55,"00, SAINTE MARGUERITE (B",,,Plein jour,En agglomération,Intersection en T,Normale,Deux véhicules - côté,,,,,,,,,,,1,2,3,1,3
200700007882,0007-02-02 16:00:00,7,2,2,16,0,130,55,"58, JEAN LOMBARD (AVENUE",,,Plein jour,En agglomération,Autre intersection,Normale,Trois véhicules et plus - en chaîne,,,,,,,,,,,1,2,9,1,4
200700007883,0007-02-01 16:45:00,7,2,1,16,45,130,55,"179, NATIONAL (BOULEVARD",,,Plein jour,En agglomération,Hors intersection,Normale,Autre collision,,,,,,,,,,,1,2,1,1,6
200700007884,0007-02-01 13:00:00,7,2,1,13,0,130,55,"28, CHEMIN DU LITTORAL (",,,Plein jour,En agglomération,Hors intersection,Normale,Deux véhicules - côté,,,,,,,,,,,1,2,1,1,3
200700007885,0007-02-02 22:10:00,7,2,2,22,10,130,55,LIBERATION (BOULEVARD),,,Nuit avec éclairage allumé,En agglomération,Intersection en T,Normale,Deux véhicules - frontale,,,,,,,,,,,5,2,3,1,1
200700007886,0007-02-02 12:45:00,7,2,2,12,45,130,55,"124, CORDERIE (BOULEVARD",,,Plein jour,En agglomération,Hors intersection,Normale,Autre collision,,,,,,,,,,,1,2,1,1,6
200700007887,0007-02-02 07:50:00,7,2,2,7,50,130,55,"145, BAILLE (BOULEVARD)",,,Plein jour,En agglomération,Hors intersection,Normale,Deux véhicules - côté,,,,,,,,,,,1,2,1,1,3
200700007888,0007-02-02 12:35:00,7,2,2,12,35,130,55,LITTORAL (CHEMIN DU),,,Plein jour,En agglomération,Hors intersection,Normale,Deux véhicules - côté,,,,,,,,,,,1,2,1,1,3
200700007889,0007-02-03 21:20:00,7,2,3,21,20,130,55,"08, OLIVES (AVENUE DES)",,,Nuit avec éclairage allumé,En agglomération,Hors intersection,Normale,Deux véhicules - arrière,,,,,,,,,,,5,2,1,1,2
200700007890,0007-02-06 08:15:00,7,2,6,8,15,130,55,"73, SAKAKINI (BOULEVARD)",,,Plein jour,En agglomération,Hors intersection,Pluie légère,Autre collision,,,,,,,,,,,1,2,1,2,6
200700007891,0007-02-05 05:50:00,7,2,5,5,50,130,55,"00, MIREILLE LAUZE (BOUL",,,Nuit avec éclairage allumé,En agglomération,Intersection en T,Normale,Deux véhicules - côté,,,,,,,,,,,5,2,3,1,3
200700007892,0007-02-04 02:10:00,7,2,4,2,10,130,55,"00, PLOMBIERES (BOULEVAR",,,Nuit avec éclairage allumé,En agglomération,Hors intersection,Normale,Sans collision,,,,,,,,,,,5,2,1,1,7
200700007893,0007-02-02 21:30:00,7,2,2,21,30,130,55,COMMANDERIE (CHEMIN),,,Nuit avec éclairage allumé,En agglomération,Hors intersection,Normale,Deux véhicules - côté,,,,,,,,,,,5,2,1,1,3
200700007894,0007-02-04 17:30:00,7,2,4,17,30,130,55,"00, SAINT ANTOINE (AVENU",,,Plein jour,En agglomération,Hors intersection,Normale,Deux véhicules - côté,,,,,,,,,,,1,2,1,1,3
200700007895,0007-02-01 11:45:00,7,2,1,11,45,130,55,"4, CABOT (PLACE)",,,Plein jour,En agglomération,Hors intersection,Normale,Autre collision,,,,,,,,,,,1,2,1,1,6
200700007896,0007-02-07 23:30:00,7,2,7,23,30,130,55,GÉNÉRAL LECLERC (RUE),,,Nuit avec éclairage allumé,En agglomération,Intersection en T,Normale,Deux véhicules - frontale,,,,,,,,,,,5,2,3,1,1
200700007897,0007-02-05 07:45:00,7,2,5,7,45,130,55,"58, CONDORCET (RUE)",,,Plein jour,En agglomération,Intersection en T,Normale,Deux véhicules - côté,,,,,,,,,,,1,2,3,1,3
200700007898,0007-02-08 08:00:00,7,2,8,8,0,130,55,"75, OLIVES (AVENUE DES)",,,Plein jour,En agglomération,Hors intersection,Normale,Deux véhicules - côté,,,,,,,,,,,1,2,1,1,3
200700007899,0007-02-08 18:45:00,7,2,8,18,45,130,55,"204, CHARTREUX (AVENUE D",,,Nuit avec éclairage allumé,En agglomération,Hors intersection,Pluie légère,Deux véhicules - arrière,,,,,,,,,,,5,2,1,2,2
200700007900,0007-02-05 14:05:00,7,2,5,14,5,130,55,"00, CORNICHE KENNEDY",,,Plein jour,En agglomération,Hors intersection,Normale,Autre collision,,,,,,,,,,,1,2,1,1,6
200700007901,0007-02-09 16:10:00,7,2,9,16,10,130,55,"74, MAZARGUES (AVENUE DE",,,Plein jour,En agglomération,Intersection en T,Normale,Autre collision,,,,,,,,,,,1,2,3,1,6
200700007902,0007-02-11 20:00:00,7,2,11,20,0,130,55,AUGUSTIN ROUX (RUE),,,Nuit avec éclairage allumé,En agglomération,Intersection en X,Normale,Deux véhicules - frontale,,,,,,,,,,,5,2,2,1,1
200700007903,0007-02-06 16:10:00,7,2,6,16,10,130,55,PONT DE VIVAUX (BOULEVAR,,,Plein jour,En agglomération,Hors intersection,Normale,Sans collision,,,,,,,,,,,1,2,1,1,7
200700007904,0007-02-01 00:07:00,7,2,1,0,7,130,55,"22, FRANCOISE DUPARC (BO",,,Nuit avec éclairage allumé,En agglomération,Hors intersection,Normale,Deux véhicules - côté,,,,,,,,,,,5,2,1,1,3
200700007905,0007-02-01 09:45:00,7,2,1,9,45,130,55,JEAN MOULIN (BOULEVARD),,,Plein jour,En agglomération,Hors intersection,Normale,Deux véhicules - côté,,,,,,,,,,,1,2,1,1,3
200700007906,0007-02-10 01:15:00,7,2,10,1,15,130,55,"162, ROGER SALENGRO (AVE",,,Nuit avec éclairage allumé,En agglomération,Hors intersection,Normale,Autre collision,,,,,,,,,,,5,2,1,1,6
200700007907,0007-02-06 13:40:00,7,2,6,13,40,130,55,CASTELLANE (PLACE),,,Plein jour,En agglomération,Hors intersection,Normale,Deux véhicules - arrière,,,,,,,,,,,1,2,1,1,2
200700007908,0007-02-09 08:00:00,7,2,9,8,0,130,55,"00, DOCTEUR CAUVIN (RUE)",,,Plein jour,En agglomération,Hors intersection,Normale,Autre collision,,,,,,,,,,,1,2,1,1,6
200700007909,0007-02-08 01:55:00,7,2,8,1,55,130,55,SEIGNEURIE (TRAVERSE DE,,,Nuit avec éclairage allumé,En agglomération,Hors intersection,Normale,Autre collision,,,,,,,,,,,5,2,1,1,6
200700007910,0007-02-01 17:00:00,7,2,1,17,0,130,55,", LA MARTINE (TRAVERSE)",,,Plein jour,En agglomération,Intersection en T,Normale,Deux véhicules - côté,,,,,,,,,,,1,2,3,1,3
200700007911,0007-02-02 04:10:00,7,2,2,4,10,130,55,"00, LUMINY (AVENUE DE)",,,Nuit avec éclairage allumé,En agglomération,Hors intersection,Normale,Sans collision,,,,,,,,,,,5,2,1,1,7
200700007912,0007-02-06 18:40:00,7,2,6,18,40,130,55,"128, JEAN MERMOZ (RUE)",,,Nuit avec éclairage allumé,En agglomération,Intersection en X,Normale,Autre collision,,,,,,,,,,,5,2,2,1,6
200700007913,0007-02-05 10:45:00,7,2,5,10,45,130,55,"391, PARADIS (RUE)",,,Plein jour,En agglomération,Hors intersection,Normale,Deux véhicules - côté,,,,,,,,,,,1,2,1,1,3
200700007914,0007-02-13 10:40:00,7,2,13,10,40,130,55,ORANGE (RUE D'),,,Plein jour,En agglomération,Intersection en T,Normale,Deux véhicules - côté,,,,,,,,,,,1,2,3,1,3
200700007915,0007-02-13 14:10:00,7,2,13,14,10,130,55,FRANÇOISE DUPARC (BOULEV,,,Plein jour,En agglomération,Autre intersection,Normale,Deux véhicules - arrière,,,,,,,,,,,1,2,9,1,2
200700007916,0007-02-13 19:00:00,7,2,13,19,0,130,55,FLAMMARION (BOULEVARD),,,Nuit avec éclairage allumé,En agglomération,Intersection en T,Normale,Deux véhicules - frontale,,,,,,,,,,,5,2,3,1,1
200700007917,0007-02-08 00:45:00,7,2,8,0,45,130,55,JEAN MERMOZ (RUE),,,Nuit avec éclairage allumé,En agglomération,Intersection en X,Normale,Deux véhicules - côté,,,,,,,,,,,5,2,2,1,3
200700007918,0007-02-09 20:00:00,7,2,9,20,0,130,55,"185, VISTE (AVENUE DE LA",,,Nuit avec éclairage allumé,En agglomération,Hors intersection,Temps couvert,Deux véhicules - frontale,,,,,,,,,,,5,2,1,8,1
200700007919,0007-02-10 17:00:00,7,2,10,17,0,130,55,"45, FRÉDÉRIC SAUVAGE (BO",,,Plein jour,En agglomération,Hors intersection,Normale,Sans collision,,,,,,,,,,,1,2,1,1,7