accident_id,datetime,annee,mois,jour,heure,minute,departement,commune_insee,adresse,latitude,longitude,luminosite,agglomeration,intersection,meteo,collision,nb_vehicules,nb_usagers,nb_indemnes,nb_tues,nb_blesses_hosp,nb_blesses_legers,age_cond_1,age_cond_2,veh_type_cond_1,veh_type_cond_2,lum_code,agg_code,int_code,atm_code,col_code
200700007920,0007-02-08 19:10:00,7,2,8,19,10,130,55,"110, MADRAGUE VILLE (CHE",,,Nuit avec éclairage allumé,En agglomération,Hors intersection,Pluie légère,Autre collision,,,,,,,,,,,5,2,1,2,6
200700007921,0007-02-09 09:00:00,7,2,9,9,0,130,55,PRADEL (TRAVERSE DU),,,Plein jour,En agglomération,Hors intersection,Normale,Deux véhicules - frontale,,,,,,,,,,,1,2,1,1,1
200700007922,0007-02-10 01:16:00,7,2,10,1,16,130,55,"6, LIEUTAUD (COURS)",,,Nuit avec éclairage allumé,En agglomération,Hors intersection,Normale,Autre collision,,,,,,,,,,,5,2,1,1,6
200700007923,0007-02-14 20:20:00,7,2,14,20,20,130,55,"369, SAINT ANTOINE (AVEN",,,Nuit avec éclairage allumé,En agglomération,Hors intersection,Pluie forte,Deux véhicules - arrière,,,,,,,,,,,5,2,1,3,2
200700007924,0007-02-10 14:35:00,7,2,10,14,35,130,55,"39, ALFRED BLACHERE (AVE",,,Plein jour,En agglomération,Hors intersection,Normale,Deux véhicules - côté,,,,,,,,,,,1,2,1,1,3
200700007925,0007-02-11 19:00:00,7,2,11,19,0,130,55,"16, LITTORAL (CHEMIN DU)",,,Nuit avec éclairage allumé,En agglomération,Hors intersection,Normale,Deux véhicules - côté,,,,,,,,,,,5,2,1,1,3
200700007926,0007-02-16 06:15:00,7,2,16,6,15,130,55,"14, PAUL COXE (RUE)",,,Crépuscule ou aube,En agglomération,Hors intersection,Normale,Deux véhicules - côté,,,,,,,,,,,2,2,1,1,3
200700007927,0007-02-12 15:50:00,7,2,12,15,50,130,55,SAKAKINI (BOULEVARD),,,Plein jour,En agglomération,Hors intersection,Pluie légère,Deux véhicules - côté,,,,,,,,,,,1,2,1,2,3
200700007928,0007-02-07 13:05:00,7,2,7,13,5,130,55,"68, CORDERIE (BOULEVARD",,,Plein jour,En agglomération,Hors intersection,Pluie légère,Deux véhicules - côté,,,,,,,,,,,1,2,1,2,3
200700007929,0007-02-13 07:00:00,7,2,13,7,0,130,55,JEAN MOULIN (BOULEVARD),,,Plein jour,En agglomération,Intersection en X,Normale,Deux véhicules - côté,,,,,,,,,,,1,2,2,1,3
200700007930,0007-02-08 07:15:00,7,2,8,7,15,130,55,"25, LOUIS MALOSSE (AVENU",,,Plein jour,En agglomération,Hors intersection,Normale,Autre collision,,,,,,,,,,,1,2,1,1,6
200700007931,0007-02-02 22:50:00,7,2,2,22,50,130,55,"29, POMPIDOU (PROMENADE)",,,Nuit avec éclairage allumé,En agglomération,Hors intersection,Normale,Deux véhicules - côté,,,,,,,,,,,5,2,1,1,3
200700007932,0007-02-06 20:15:00,7,2,6,20,15,130,55,COROT (AVENUE),,,Nuit avec éclairage allumé,En agglomération,Hors intersection,Normale,Autre collision,,,,,,,,,,,5,2,1,1,6
200700007933,0007-02-08 15:30:00,7,2,8,15,30,130,55,SAINT LOUIS (RUE),,,Plein jour,En agglomération,Hors intersection,Pluie légère,Deux véhicules - arrière,,,,,,,,,,,1,2,1,2,2
200700007934,0007-02-15 17:45:00,7,2,15,17,45,130,55,BASSIN (AVENUE DU),,,Plein jour,En agglomération,Hors intersection,Normale,Deux véhicules - côté,,,,,,,,,,,1,2,1,1,3
200700007935,0007-02-15 15:00:00,7,2,15,15,0,130,55,"31, POILUS (AVENUE DES)",,,Plein jour,En agglomération,Hors intersection,Normale,Autre collision,,,,,,,,,,,1,2,1,1,6
200700007936,0007-02-16 14:00:00,7,2,16,14,0,130,55,"151, AYGALADES (AVENUE D",,,Plein jour,En agglomération,Hors intersection,Normale,Deux véhicules - côté,,,,,,,,,,,1,2,1,1,3
200700007937,0007-02-17 13:25:00,7,2,17,13,25,130,55,"54, RUISSEAU MI (RUE)",,,Plein jour,En agglomération,Hors intersection,Temps couvert,Autre collision,,,,,,,,,,,1,2,1,8,6
200700007938,0007-02-16 21:35:00,7,2,16,21,35,130,55,PAUL CLAUDEL (BOULEVARD),,,Nuit sans éclairage public,En agglomération,Intersection en T,Normale,Autre collision,,,,,,,,,,,3,2,3,1,6
200700007939,0007-02-16 15:05:00,7,2,16,15,5,130,55,ROSIERS (AVENUE DES),,,Plein jour,En agglomération,Hors intersection,Normale,Autre collision,,,,,,,,,,,1,2,1,1,6
200700007940,0007-02-16 13:10:00,7,2,16,13,10,130,55,", LIBERATION (BOULEVARD)",,,Plein jour,En agglomération,Hors intersection,Temps éblouissant,Deux véhicules - côté,,,,,,,,,,,1,2,1,7,3
200700007941,0007-02-13 17:30:00,7,2,13,17,30,130,55,SAINT MENET (AVENUE DE),,,Plein jour,Hors agglomération,Hors intersection,Normale,Autre collision,,,,,,,,,,,1,1,1,1,6
200700007942,0007-02-09 18:30:00,7,2,9,18,30,130,55,JULES CANTINI (AVENUE),,,Nuit avec éclairage allumé,En agglomération,Hors intersection,Normale,Deux véhicules - arrière,,,,,,,,,,,5,2,1,1,2
200700007943,0007-02-10 21:30:00,7,2,10,21,30,130,55,"147, PRADO (AVENUE)",,,Nuit avec éclairage allumé,En agglomération,Hors intersection,Normale,Deux véhicules - arrière,,,,,,,,,,,5,2,1,1,2
200700007944,0007-02-09 12:13:00,7,2,9,12,13,130,55,BLANCHE (RUE),,,Plein jour,En agglomération,Hors intersection,Normale,Deux véhicules - arrière,,,,,,,,,,,1,2,1,1,2
200700007945,0007-02-13 11:00:00,7,2,13,11,0,130,55,"333, PONT DE VIVAUX (BOU",,,Plein jour,En agglomération,Hors intersection,Normale,Deux véhicules - côté,,,,,,,,,,,1,2,1,1,3
200700007946,0007-02-10 18:45:00,7,2,10,18,45,130,55,PIERRE GUERRE (ROND-POIN,,,Nuit avec éclairage allumé,En agglomération,Giratoire,Normale,Deux véhicules - côté,,,,,,,,,,,5,2,6,1,3
200700007947,0007-02-13 17:15:00,7,2,13,17,15,130,55,MERLAN (AVENUE DU),,,Plein jour,En agglomération,Giratoire,Normale,Deux véhicules - arrière,,,,,,,,,,,1,2,6,1,2
200700007948,0007-02-07 07:15:00,7,2,7,7,15,130,55,"23, LAMBERT (BOULEVARD)",,,Nuit avec éclairage allumé,En agglomération,Hors intersection,Normale,Deux véhicules - côté,,,,,,,,,,,5,2,1,1,3
200700007949,0007-02-02 17:55:00,7,2,2,17,55,130,55,"50, CAILLOLS (AVENUE DES",,,Nuit avec éclairage allumé,En agglomération,Hors intersection,Normale,Trois véhicules et plus - en chaîne,,,,,,,,,,,5,2,1,1,4
200700007950,0007-02-18 16:15:00,7,2,18,16,15,130,55,"58, CAPELETTE (AVENUE DE",,,Plein jour,En agglomération,Hors intersection,Normale,Autre collision,,,,,,,,,,,1,2,1,1,6
200700007951,0007-02-06 15:00:00,7,2,6,15,0,130,55,", MONTAIGNE (RUE)",,,Plein jour,En agglomération,Hors intersection,Normale,Autre collision,,,,,,,,,,,1,2,1,1,6
200700007952,0007-02-06 08:50:00,7,2,6,8,50,130,55,"60, DOCTEUR HECKEL (RUE",,,Plein jour,En agglomération,Hors intersection,Normale,Deux véhicules - côté,,,,,,,,,,,1,2,1,1,3
200700007953,0007-02-07 09:40:00,7,2,7,9,40,130,55,ROMAIN ROLLAND (BOULEVAR,,,Plein jour,En agglomération,Intersection en T,Normale,Sans collision,,,,,,,,,,,1,2,3,1,7
200700007954,0007-02-16 07:00:00,7,2,16,7,0,130,55,"197, LIBERATION (BOULEVA",,,Crépuscule ou aube,En agglomération,Intersection en T,Normale,Deux véhicules - côté,,,,,,,,,,,2,2,3,1,3
200700007955,0007-02-02 09:15:00,7,2,2,9,15,130,55,"64, MIREILLE LAUZE (BOUL",,,Plein jour,En agglomération,Hors intersection,Normale,Deux véhicules - arrière,,,,,,,,,,,1,2,1,1,2
200700007956,0007-02-07 15:30:00,7,2,7,15,30,130,55,"16, NOTRE DAME (BOULEVAR",,,Plein jour,En agglomération,Hors intersection,Normale,Autre collision,,,,,,,,,,,1,2,1,1,6
200700007957,0007-02-08 21:20:00,7,2,8,21,20,130,55,BROCHIER (RUE),,,Nuit avec éclairage allumé,En agglomération,Autre intersection,Pluie légère,Sans collision,,,,,,,,,,,5,2,9,2,7
200700007958,0007-02-02 13:35:00,7,2,2,13,35,130,55,"Face au 01, BELLE DE MAI",,,Plein jour,En agglomération,Hors intersection,Normale,Deux véhicules - côté,,,,,,,,,,,1,2,1,1,3
200700007959,0007-02-10 12:30:00,7,2,10,12,30,130,55,", HENRI BARBUSSE (RUE)",,,Plein jour,En agglomération,Intersection en T,Normale,Deux véhicules - côté,,,,,,,,,,,1,2,3,1,3
200700007960,0007-02-15 16:45:00,7,2,15,16,45,130,55,"5, TIMONE (AVENUE DE LA)",,,Plein jour,Hors agglomération,Hors intersection,Normale,Deux véhicules - côté,,,,,,,,,,,1,1,1,1,3
200700007961,0007-02-12 10:10:00,7,2,12,10,10,130,55,LA STATION (CHEMIN DU),,,Plein jour,En agglomération,Hors intersection,Normale,Autre collision,,,,,,,,,,,1,2,1,1,6
200700007962,0007-02-08 13:00:00,7,2,8,13,0,130,55,"36, GOUFFE (COURS)",,,Plein jour,En agglomération,Hors intersection,Normale,Deux véhicules - côté,,,,,,,,,,,1,2,1,1,3
200700007963,0007-02-13 11:01:00,7,2,13,11,1,130,55,JEAN PAUL SARTRE (AVENUE,,,Plein jour,En agglomération,Hors intersection,Normale,Deux véhicules - arrière,,,,,,,,,,,1,2,1,1,2
200700007964,0007-02-17 20:30:00,7,2,17,20,30,130,55,"153, SAINT LOUIS (RUE)",,,Nuit avec éclairage allumé,En agglomération,Hors intersection,Normale,Deux véhicules - frontale,,,,,,,,,,,5,2,1,1,1
200700007965,0007-02-16 16:45:00,7,2,16,16,45,130,55,"142, HENRI BARNIER (BOUL",,,Plein jour,En agglomération,Hors intersection,Normale,Autre collision,,,,,,,,,,,1,2,1,1,6
200700007966,0007-02-16 04:00:00,7,2,16,4,0,130,55,PLOMBIERES (BOULEVARD DE,,,Nuit avec éclairage allumé,En agglomération,Intersection à plus de 4 branches,Normale,Deux véhicules - côté,,,,,,,,,,,5,2,5,1,3
200700007967,0007-02-09 09:55:00,7,2,9,9,55,130,55,SALVADOR ALLENDE (RUE),,,Plein jour,En agglomération,Hors intersection,Temps couvert,Trois véhicules et plus - collisions multiples,,,,,,,,,,,1,2,1,8,5
200700007968,0007-02-08 20:30:00,7,2,8,20,30,130,55,FRAIS VALLON (AVENUE),,,Nuit avec éclairage allumé,En agglomération,Intersection en X,Pluie légère,Deux véhicules - arrière,,,,,,,,,,,5,2,2,2,2
200700007969,0007-02-18 14:30:00,7,2,18,14,30,130,55,SAINT ANTOINE (AVENUE DE,,,Plein jour,En agglomération,Hors intersection,Normale,Deux véhicules - côté,,,,,,,,,,,1,2,1,1,3
200700007970,0007-02-12 19:00:00,7,2,12,19,0,130,55,LITTORAL (CHEMIN DU),,,Nuit sans éclairage public,Hors agglomération,Hors intersection,Temps couvert,Deux véhicules - côté,,,,,,,,,,,3,1,1,8,3
200700007971,0007-02-15 07:15:00,7,2,15,7,15,130,55,"282, MIREILLE LAUZE (BOU",,,Crépuscule ou aube,En agglomération,Hors intersection,Normale,Deux véhicules - côté,,,,,,,,,,,2,2,1,1,3
200700007972,0007-02-19 18:05:00,7,2,19,18,5,130,2,"508, GÉNÉRAL DE GAULLE (",,,Nuit avec éclairage allumé,En agglomération,Intersection en T,Normale,Deux véhicules - côté,,,,,,,,,,,5,2,3,1,3
200700007973,0007-02-15 09:30:00,7,2,15,9,30,130,2,"1105, 7EME TIRAILLEURS A",,,Plein jour,En agglomération,Hors intersection,Normale,Trois véhicules et plus - collisions multiples,,,,,,,,,,,1,2,1,1,5
200700007974,0007-02-02 17:50:00,7,2,2,17,50,130,55,MERLAN (AVENUE),,,Nuit avec éclairage allumé,En agglomération,Hors intersection,Normale,Autre collision,,,,,,,,,,,5,2,1,1,6
200700007975,0007-02-22 07:45:00,7,2,22,7,45,130,55,"228, BAILLE (BOULEVARD)",,,Plein jour,En agglomération,Hors intersection,Normale,Autre collision,,,,,,,,,,,1,2,1,1,6
200700007976,0007-02-22 18:49:00,7,2,22,18,49,130,55,JEAN LOMBARD (AVENUE),,,Crépuscule ou aube,En agglomération,Hors intersection,Normale,Deux véhicules - côté,,,,,,,,,,,2,2,1,1,3
200700007977,0007-02-16 13:45:00,7,2,16,13,45,130,55,"282, MIREILLE LAUZE (BOU",,,Plein jour,En agglomération,Hors intersection,Normale,Deux véhicules - côté,,,,,,,,,,,1,2,1,1,3
200700007978,0007-02-02 10:30:00,7,2,2,10,30,130,55,"11, BLANCARDE (BOULEVARD",,,Plein jour,Hors agglomération,Hors intersection,Normale,Autre collision,,,,,,,,,,,1,1,1,1,6
200700007979,0007-02-12 09:05:00,7,2,12,9,5,130,55,SÉBASTIEN MARCAGGI (RUE),,,Plein jour,En agglomération,Intersection en T,Normale,Autre collision,,,,,,,,,,,1,2,3,1,6
200700007980,0007-02-21 17:25:00,7,2,21,17,25,130,55,SAINT MARCEL (BOULEVARD,,,Plein jour,En agglomération,Intersection en T,Normale,Deux véhicules - frontale,,,,,,,,,,,1,2,3,1,1
200700007981,0007-02-06 07:30:00,7,2,6,7,30,130,55,"168, SAINT MARCEL (BOULE",,,Plein jour,En agglomération,Intersection en Y,Pluie légère,Deux véhicules - frontale,,,,,,,,,,,1,2,4,2,1
200700007982,0007-02-06 12:50:00,7,2,6,12,50,130,55,SAINT JEAN (BOULEVARD),,,Plein jour,En agglomération,Hors intersection,Normale,Deux véhicules - côté,,,,,,,,,,,1,2,1,1,3
200700007983,0007-02-14 16:15:00,7,2,14,16,15,130,55,GÉNÉRAL FERRIE (PLACE),,,Plein jour,En agglomération,Hors intersection,Normale,Deux véhicules - arrière,,,,,,,,,,,1,2,1,1,2
200700007984,0007-02-19 14:00:00,7,2,19,14,0,130,55,DUGOMMIER (BOULEVARD),,,Plein jour,En agglomération,Autre intersection,Normale,Autre collision,,,,,,,,,,,1,2,9,1,6
200700007985,0007-02-08 17:30:00,7,2,8,17,30,130,55,LIBERATION (BOULEVARD),,,Nuit avec éclairage allumé,En agglomération,Autre intersection,Pluie forte,Autre collision,,,,,,,,,,,5,2,9,3,6
200700007986,0007-02-13 17:16:00,7,2,13,17,16,130,55,"32, CANEBIERE    30 A 68",,,Plein jour,En agglomération,Hors intersection,Normale,Sans collision,,,,,,,,,,,1,2,1,1,7
200700007987,0007-02-21 15:10:00,7,2,21,15,10,130,55,"128, SAINT LOUP (BOULEVA",,,Plein jour,En agglomération,Hors intersection,Normale,Autre collision,,,,,,,,,,,1,2,1,1,6
200700007988,0007-02-15 11:35:00,7,2,15,11,35,130,55,"1, BERNARD CADENAT (PLAC",,,Plein jour,En agglomération,Hors intersection,Normale,Autre collision,,,,,,,,,,,1,2,1,1,6
200700007989,0007-02-20 18:15:00,7,2,20,18,15,130,55,"63, SAINT JEROME (AVENUE",,,Crépuscule ou aube,En agglomération,Hors intersection,Normale,Deux véhicules - côté,,,,,,,,,,,2,2,1,1,3
200700007990,0007-02-22 13:00:00,7,2,22,13,0,130,55,MERLE (BOULEVARD),,,Plein jour,En agglomération,Intersection en T,Normale,Deux véhicules - côté,,,,,,,,,,,1,2,3,1,3
200700007991,0007-02-13 17:00:00,7,2,13,17,0,130,55,AYGALADES (AVENUE DES),,,Plein jour,En agglomération,Intersection en T,Normale,Deux véhicules - côté,,,,,,,,,,,1,2,3,1,3
200700007992,0007-02-14 16:00:00,7,2,14,16,0,130,55,"197, NATIONAL (BOULEVARD",,,Plein jour,En agglomération,Hors intersection,Normale,Autre collision,,,,,,,,,,,1,2,1,1,6
200700007993,0007-02-16 11:45:00,7,2,16,11,45,130,55,"17, REPUBLIQUE (RUE DE L",,,Plein jour,En agglomération,Hors intersection,Normale,Deux véhicules - côté,,,,,,,,,,,1,2,1,1,3
200700007994,0007-02-17 01:00:00,7,2,17,1,0,130,55,"138, VISTE (AVENUE DE LA",,,Nuit avec éclairage allumé,En agglomération,Hors intersection,Normale,Autre collision,,,,,,,,,,,5,2,1,1,6
200700007995,0007-02-22 07:50:00,7,2,22,7,50,130,55,"58, JEAN LOMBARD (AVENUE",,,Plein jour,En agglomération,Hors intersection,Normale,Autre collision,,,,,,,,,,,1,2,1,1,6
200700007996,0007-02-12 20:10:00,7,2,12,20,10,130,55,"126, MAURIAC (RUE)",,,Nuit avec éclairage allumé,En agglomération,Intersection en X,Normale,Autre collision,,,,,,,,,,,5,2,2,1,6
200700007997,0007-02-12 13:00:00,7,2,12,13,0,130,55,SABLIERE (ROUTE DE LA),,,Plein jour,En agglomération,Hors intersection,Pluie forte,Autre collision,,,,,,,,,,,1,2,1,3,6
200700007998,0007-02-24 14:40:00,7,2,24,14,40,130,55,POMME (BOULEVARD DE LA ),,,Plein jour,En agglomération,Intersection en T,Normale,Deux véhicules - côté,,,,,,,,,,,1,2,3,1,3
200700007999,0007-02-23 16:20:00,7,2,23,16,20,130,55,"161, MAURIAC (RUE)",,,Plein jour,En agglomération,Hors intersection,Normale,Deux véhicules - côté,,,,,,,,,,,1,2,1,1,3
200700008000,0007-02-21 18:30:00,7,2,21,18,30,130,55,"148, VALBARELLE (BOULEVA",,,Crépuscule ou aube,En agglomération,Intersection en T,Normale,Deux véhicules - côté,,,,,,,,,,,2,2,3,1,3
200700008001,0007-02-20 18:50:00,7,2,20,18,50,130,55,MERLAN (AVENUE DU),,,Nuit avec éclairage allumé,En agglomération,Hors intersection,Normale,Deux véhicules - arrière,,,,,,,,,,,5,2,1,1,2
200700008002,0007-02-05 09:00:00,7,2,5,9,0,130,55,"435, JEAN QUEILLAU (RUE)",,,Plein jour,En agglomération,Hors intersection,Normale,Deux véhicules - côté,,,,,,,,,,,1,2,1,1,3
200700008003,0007-02-20 19:00:00,7,2,20,19,0,130,55,"187, ROME (RUE DE)",,,Nuit avec éclairage allumé,En agglomération,Intersection en X,Normale,Deux véhicules - côté,,,,,,,,,,,5,2,2,1,3
200700008004,0007-02-18 11:30:00,7,2,18,11,30,130,55,PLOMBIERES (BOULEVARD DE,,,Plein jour,En agglomération,Hors intersection,Normale,Trois véhicules et plus - en chaîne,,,,,,,,,,,1,2,1,1,4
200700008005,0007-02-25 21:30:00,7,2,25,21,30,130,55,"210, CAILLOLS (AVENUE DE",,,Nuit avec éclairage allumé,En agglomération,Hors intersection,Normale,Autre collision,,,,,,,,,,,5,2,1,1,6
200700008006,0007-02-22 08:30:00,7,2,22,8,30,130,55,PARIS (BOULEVARD DE),,,Plein jour,En agglomération,Intersection en X,Normale,Deux véhicules - côté,,,,,,,,,,,1,2,2,1,3
200700008007,0007-02-10 12:10:00,7,2,10,12,10,130,55,EDMOND ROSTAND (RUE),,,Plein jour,En agglomération,Intersection en X,Normale,Deux véhicules - côté,,,,,,,,,,,1,2,2,1,3
200700008008,0007-02-16 10:45:00,7,2,16,10,45,130,55,PEINTRES ROUX (AVENUE DE,,,Plein jour,En agglomération,Hors intersection,Normale,Trois véhicules et plus - en chaîne,,,,,,,,,,,1,2,1,1,4
200700008009,0007-02-24 14:45:00,7,2,24,14,45,130,55,CORNICHE KENNEDY,,,Plein jour,En agglomération,Hors intersection,Normale,Deux véhicules - côté,,,,,,,,,,,1,2,1,1,3
200700008010,0007-02-28 23:30:00,7,2,28,23,30,130,55,PINEDE (QUAI DE LA),,,Nuit avec éclairage allumé,En agglomération,Hors intersection,Normale,Deux véhicules - côté,,,,,,,,,,,5,2,1,1,3
200700008011,0007-02-21 17:26:00,7,2,21,17,26,130,55,"232, PRADO (AVENUE)",,,Plein jour,En agglomération,Hors intersection,Normale,Deux véhicules - frontale,,,,,,,,,,,1,2,1,1,1
200700008012,0007-02-22 18:10:00,7,2,22,18,10,130,55,AVIATEUR LE BRIX (RUE),,,Crépuscule ou aube,En agglomération,Intersection en T,Normale,Deux véhicules - côté,,,,,,,,,,,2,2,3,1,3
200700008013,0007-02-10 14:45:00,7,2,10,14,45,130,55,SCHLOESING (BOULEVARD),,,Plein jour,En agglomération,Intersection en T,Normale,Deux véhicules - côté,,,,,,,,,,,1,2,3,1,3
200700008014,0007-02-12 12:45:00,7,2,12,12,45,130,55,ROMAIN ROLLAND (BOULEVAR,,,Plein jour,En agglomération,Intersection en X,Pluie forte,Deux véhicules - côté,,,,,,,,,,,1,2,2,3,3
200700008015,0007-02-20 07:20:00,7,2,20,7,20,130,55,LOTUS (ALLEE DES),,,Crépuscule ou aube,En agglomération,Intersection en T,Normale,Autre collision,,,,,,,,,,,2,2,3,1,6
200700008016,0007-02-22 16:30:00,7,2,22,16,30,130,55,CATRANO (BOULEVARD),,,Plein jour,En agglomération,Hors intersection,Normale,Autre collision,,,,,,,,,,,1,2,1,1,6
200700008017,0007-02-12 10:15:00,7,2,12,10,15,130,55,"391, NATIONAL (BOULEVARD",,,Plein jour,En agglomération,Hors intersection,Normale,Deux véhicules - côté,,,,,,,,,,,1,2,1,1,3
200700008018,0007-02-06 09:30:00,7,2,6,9,30,130,55,SAINTE MARTHE (CHEMIN DE,,,Plein jour,En agglomération,Giratoire,Normale,Deux véhicules - côté,,,,,,,,,,,1,2,6,1,3
200700008019,0007-02-22 09:00:00,7,2,22,9,0,130,55,FORT SAINT JEAN (DIGUE D,,,Plein jour,En agglomération,Hors intersection,Normale,Autre collision,,,,,,,,,,,1,2,1,1,6
200700008020,0007-02-20 11:00:00,7,2,20,11,0,130,55,PARIS (BOULEVARD DE),,,Plein jour,En agglomération,Intersection en X,Normale,Autre collision,,,,,,,,,,,1,2,2,1,6
200700008021,0007-02-19 00:10:00,7,2,19,0,10,130,55,"68, BAILLE (BOULEVARD)",,,Nuit avec éclairage allumé,En agglomération,Hors intersection,Normale,Deux véhicules - côté,,,,,,,,,,,5,2,1,1,3
200700008022,0007-02-04 21:25:00,7,2,4,21,25,130,55,"79, SAKAKINI (BOULEVARD)",,,Nuit avec éclairage allumé,En agglomération,Hors intersection,Normale,Deux véhicules - côté,,,,,,,,,,,5,2,1,1,3
200700008023,0007-02-23 09:30:00,7,2,23,9,30,130,55,"178, SAINTE MARGUERITE (",,,Plein jour,En agglomération,Hors intersection,Normale,Deux véhicules - arrière,,,,,,,,,,,1,2,1,1,2
200700008024,0007-02-19 13:40:00,7,2,19,13,40,130,55,"336, LYON (RUE DE)",,,Plein jour,En agglomération,Hors intersection,Normale,Deux véhicules - côté,,,,,,,,,,,1,2,1,1,3
200700008025,0007-02-26 09:25:00,7,2,26,9,25,130,55,"17, SCHLOESING (BOULEVAR",,,Plein jour,En agglomération,Hors intersection,Normale,Deux véhicules - côté,,,,,,,,,,,1,2,1,1,3
200700008026,0007-02-24 21:00:00,7,2,24,21,0,130,55,MENDES FRANCE (AVENUE),,,Nuit avec éclairage allumé,En agglomération,Giratoire,Normale,Deux véhicules - côté,,,,,,,,,,,5,2,6,1,3
200700008027,0007-02-24 16:30:00,7,2,24,16,30,130,55,RABATAU (BOULEVARD),,,Plein jour,En agglomération,Hors intersection,Normale,Deux véhicules - côté,,,,,,,,,,,1,2,1,1,3
200700008028,0007-02-22 10:30:00,7,2,22,10,30,130,55,MARTHELINE (AVENUE DE LA,,,Plein jour,En agglomération,Hors intersection,Normale,Deux véhicules - frontale,,,,,,,,,,,1,2,1,1,1
200700008029,0007-02-19 16:15:00,7,2,19,16,15,130,55,"85, TIBOULEN (BOULEVARD",,,Plein jour,En agglomération,Hors intersection,Normale,Autre collision,,,,,,,,,,,1,2,1,1,6
200700008030,0007-02-17 10:00:00,7,2,17,10,0,130,55,"344, MICHELET (BOULEVARD",,,Plein jour,En agglomération,Intersection en T,Temps couvert,Deux véhicules - côté,,,,,,,,,,,1,2,3,8,3
200700008031,0007-02-16 15:30:00,7,2,16,15,30,130,55,"150, PAUL CLAUDEL (BOULE",,,Plein jour,En agglomération,Hors intersection,Normale,Autre collision,,,,,,,,,,,1,2,1,1,6
200700008032,0007-02-06 09:35:00,7,2,6,9,35,130,55,"78, HAMBOURG (BOULEVARD)",,,Plein jour,En agglomération,Hors intersection,Normale,Autre collision,,,,,,,,,,,1,2,1,1,6
200700008033,0007-02-28 16:20:00,7,2,28,16,20,130,55,"78, LÉON BANCAL (RUE)",,,Plein jour,En agglomération,Intersection en T,Normale,Deux véhicules - côté,,,,,,,,,,,1,2,3,1,3
200700008034,0007-02-27 13:00:00,7,2,27,13,0,130,55,"44, BLANCARDE (BOULEVARD",,,Plein jour,En agglomération,Intersection en X,Normale,Deux véhicules - côté,,,,,,,,,,,1,2,2,1,3
200700008035,0007-02-24 10:10:00,7,2,24,10,10,130,55,ROME (RUE DE),,,Plein jour,En agglomération,Intersection en X,Normale,Deux véhicules - côté,,,,,,,,,,,1,2,2,1,3
200700008036,0007-02-22 16:00:00,7,2,22,16,0,130,55,"60, NOTRE DAME (RUE)",,,Plein jour,En agglomération,Hors intersection,Normale,Autre collision,,,,,,,,,,,1,2,1,1,6
200700008037,0007-02-16 17:20:00,7,2,16,17,20,130,55,"171, BAILLE (BOULEVARD)",,,Plein jour,En agglomération,Hors intersection,Normale,Autre collision,,,,,,,,,,,1,2,1,1,6
200700008038,0007-02-15 17:50:00,7,2,15,17,50,130,55,"305, CORNICHE KENNEDY",,,Crépuscule ou aube,En agglomération,Hors intersection,Normale,Deux véhicules - côté,,,,,,,,,,,2,2,1,1,3
200700008039,0007-02-17 20:50:00,7,2,17,20,50,130,55,"27, JEAN MOULIN (BOULEVA",,,Nuit avec éclairage allumé,En agglomération,Intersection en T,Normale,Deux véhicules - côté,,,,,,,,,,,5,2,3,1,3
200700008040,0007-02-06 07:15:00,7,2,6,7,15,130,55,"108, CORDERIE (BOULEVARD",,,Crépuscule ou aube,En agglomération,Hors intersection,Temps couvert,Deux véhicules - côté,,,,,,,,,,,2,2,1,8,3
200700008041,0007-02-16 15:45:00,7,2,16,15,45,130,55,CONCORDE (BOULEVARD DE L,,,Plein jour,En agglomération,Intersection en T,Normale,Autre collision,,,,,,,,,,,1,2,3,1,6
200700008042,0007-02-28 15:00:00,7,2,28,15,0,130,55,"74, VISTE (AVENUE DE LA)",,,Plein jour,En agglomération,Hors intersection,Normale,Sans collision,,,,,,,,,,,1,2,1,1,7
200700008043,0007-02-26 06:35:00,7,2,26,6,35,130,55,DOCTEUR SCHWEITZER (RUE),,,Crépuscule ou aube,En agglomération,Hors intersection,Normale,Deux véhicules - côté,,,,,,,,,,,2,2,1,1,3
200700008044,0007-02-14 09:00:00,7,2,14,9,0,130,55,"182, VALLON DE L (CHEMIN",,,Plein jour,En agglomération,Hors intersection,Normale,Autre collision,,,,,,,,,,,1,2,1,1,6
200700008045,0007-02-28 16:00:00,7,2,28,16,0,130,55,"25, MAZARGUES (AVENUE DE",,,Plein jour,En agglomération,Hors intersection,Normale,Deux véhicules - côté,,,,,,,,,,,1,2,1,1,3
200700008046,0007-02-26 09:26:00,7,2,26,9,26,130,55,ROMAIN ROLLAND (BOULEVAR,,,Plein jour,En agglomération,Intersection en T,Normale,Deux véhicules - côté,,,,,,,,,,,1,2,3,1,3
200700008047,0007-02-21 12:20:00,7,2,21,12,20,130,55,MICHELET (BOULEVARD),,,Plein jour,En agglomération,Intersection en T,Normale,Deux véhicules - côté,,,,,,,,,,,1,2,3,1,3
200700008048,0007-02-05 14:00:00,7,2,5,14,0,130,55,"118, JEAN MERMOZ (RUE)",,,Plein jour,En agglomération,Hors intersection,Normale,Autre collision,,,,,,,,,,,1,2,1,1,6
200700008049,0007-02-26 16:10:00,7,2,26,16,10,130,55,BOSPHORE (BOULEVARD DU),,,Plein jour,En agglomération,Hors intersection,Normale,Deux véhicules - arrière,,,,,,,,,,,1,2,1,1,2
200700008050,0007-02-04 14:10:00,7,2,4,14,10,130,55,ROGER SCHIAFFINI (RUE),,,Plein jour,En agglomération,Intersection en X,Normale,Deux véhicules - côté,,,,,,,,,,,1,2,2,1,3
200700008051,0007-02-28 16:30:00,7,2,28,16,30,130,55,"119, SAINT JEAN (BOULEVA",,,Plein jour,En agglomération,Hors intersection,Normale,Deux véhicules - côté,,,,,,,,,,,1,2,1,1,3