accident_id,datetime,annee,mois,jour,heure,minute,departement,commune_insee,adresse,latitude,longitude,luminosite,agglomeration,intersection,meteo,collision,nb_vehicules,nb_usagers,nb_indemnes,nb_tues,nb_blesses_hosp,nb_blesses_legers,age_cond_1,age_cond_2,veh_type_cond_1,veh_type_cond_2,lum_code,agg_code,int_code,atm_code,col_code
200700008052,0007-02-26 08:15:00,7,2,26,8,15,130,55,"20, EVECHE (RUE DE L')",,,Plein jour,En agglomération,Hors intersection,Normale,Autre collision,,,,,,,,,,,1,2,1,1,6
200700008053,0007-02-05 11:45:00,7,2,5,11,45,130,55,BAILLE (BOULEVARD),,,Plein jour,En agglomération,Intersection en X,Normale,Autre collision,,,,,,,,,,,1,2,2,1,6
200700008054,0007-02-28 13:50:00,7,2,28,13,50,130,55,"155, LIEUTAUD (COURS)",,,Plein jour,En agglomération,Hors intersection,Normale,Deux véhicules - côté,,,,,,,,,,,1,2,1,1,3
200700008055,0007-02-21 12:30:00,7,2,21,12,30,130,55,"12, GASTON CREMIEUX (RUE",,,Plein jour,En agglomération,Hors intersection,Temps couvert,Trois véhicules et plus - collisions multiples,,,,,,,,,,,1,2,1,8,5
200700008056,0007-02-03 11:15:00,7,2,3,11,15,130,55,"178, FRANCOISE DUPARC (B",,,Plein jour,En agglomération,Hors intersection,Normale,Deux véhicules - arrière,,,,,,,,,,,1,2,1,1,2
200700008057,0007-02-27 10:00:00,7,2,27,10,0,130,55,"41, VELTEN (BOULEVARD)",,,Plein jour,En agglomération,Intersection en T,Normale,Sans collision,,,,,,,,,,,1,2,3,1,7
200700008058,0007-02-28 19:10:00,7,2,28,19,10,130,55,24 AVRIL 15 (AVENUE DU),,,Nuit avec éclairage allumé,En agglomération,Hors intersection,Normale,Deux véhicules - côté,,,,,,,,,,,5,2,1,1,3
200700008059,0007-02-06 11:20:00,7,2,6,11,20,130,55,"11, BOISERAIE (RUE)",,,Plein jour,En agglomération,Hors intersection,Normale,Autre collision,,,,,,,,,,,1,2,1,1,6
200700008060,0007-02-01 15:15:00,7,2,1,15,15,130,55,"274, ROGER SALENGRO (AVE",,,Plein jour,En agglomération,Hors intersection,Normale,Deux véhicules - côté,,,,,,,,,,,1,2,1,1,3
200700008061,0007-02-01 08:25:00,7,2,1,8,25,130,55,"143, SAINT LOUIS (AVENUE",,,Plein jour,En agglomération,Passage à niveau,Normale,Autre collision,,,,,,,,,,,1,2,8,1,6
200700008062,0007-02-27 17:00:00,7,2,27,17,0,130,55,"9, MERLAN (AVENUE)",,,Plein jour,En agglomération,Hors intersection,Normale,Deux véhicules - arrière,,,,,,,,,,,1,2,1,1,2
200700008063,0007-02-10 22:30:00,7,2,10,22,30,130,55,ALEX ANSALDI (RUE),,,Nuit avec éclairage allumé,En agglomération,Intersection en T,Normale,Sans collision,,,,,,,,,,,5,2,3,1,7
200700008064,0007-02-12 14:35:00,7,2,12,14,35,130,55,JEANNE D'ARC (BOULEVARD),,,Plein jour,En agglomération,Intersection en T,Pluie légère,Deux véhicules - côté,,,,,,,,,,,1,2,3,2,3
200700008065,0007-02-18 00:01:00,7,2,18,0,1,130,55,"60, CROIX ROUGE (AVENUE)",,,Nuit avec éclairage allumé,En agglomération,Hors intersection,Pluie légère,Trois véhicules et plus - en chaîne,,,,,,,,,,,5,2,1,2,4
200700008066,0007-02-28 14:20:00,7,2,28,14,20,130,55,"5, MERLAN (AVENUE)",,,Plein jour,En agglomération,Hors intersection,Normale,Deux véhicules - côté,,,,,,,,,,,1,2,1,1,3
200700008067,0007-02-21 16:00:00,7,2,21,16,0,130,55,MERLAN (AVENUE DU),,,Plein jour,En agglomération,Autre intersection,Normale,Sans collision,,,,,,,,,,,1,2,9,1,7
200700008068,0007-02-27 17:30:00,7,2,27,17,30,130,55,JEAN PAUL SARTRE (AVENUE,,,Plein jour,En agglomération,Hors intersection,Normale,Trois véhicules et plus - en chaîne,,,,,,,,,,,1,2,1,1,4
200700008069,0007-02-23 12:50:00,7,2,23,12,50,130,55,CORSE (AVENUE DE LA),,,Plein jour,En agglomération,Intersection en T,Normale,Deux véhicules - arrière,,,,,,,,,,,1,2,3,1,2
200700008070,0007-02-04 19:00:00,7,2,4,19,0,130,55,PARADIS (RUE)       1 A,,,Nuit avec éclairage allumé,En agglomération,Hors intersection,Normale,Deux véhicules - côté,,,,,,,,,,,5,2,1,1,3
200700008071,0007-02-26 17:00:00,7,2,26,17,0,130,55,MILLIERE (BOULEVARD DE L,,,Plein jour,En agglomération,Hors intersection,Normale,Autre collision,,,,,,,,,,,1,2,1,1,6
200700008072,0007-02-14 18:15:00,7,2,14,18,15,130,55,"Face 164, PLOMBIERES (BO",,,Crépuscule ou aube,En agglomération,Hors intersection,Normale,Trois véhicules et plus - en chaîne,,,,,,,,,,,2,2,1,1,4
200700008073,0007-02-10 16:00:00,7,2,10,16,0,130,55,"272, TOULON (AVENUE DE)",,,Plein jour,En agglomération,Hors intersection,Normale,Deux véhicules - arrière,,,,,,,,,,,1,2,1,1,2
200700008074,0007-02-26 19:30:00,7,2,26,19,30,130,55,"39, LIEUTAUD (COURS)",,,Crépuscule ou aube,En agglomération,Intersection en T,Normale,Deux véhicules - côté,,,,,,,,,,,2,2,3,1,3
200700008075,0007-02-28 09:45:00,7,2,28,9,45,130,55,VALLON DES (RUE),,,Plein jour,En agglomération,Intersection en T,Normale,Deux véhicules - frontale,,,,,,,,,,,1,2,3,1,1
200700008076,0007-02-10 15:15:00,7,2,10,15,15,130,55,"19, MARÉCHAL FAYOLLE (RU",,,Plein jour,En agglomération,Hors intersection,Normale,Autre collision,,,,,,,,,,,1,2,1,1,6
200700008077,0007-02-06 13:30:00,7,2,6,13,30,130,55,"33, DOMINICAINES (RUE DE",,,Plein jour,En agglomération,Intersection en X,Normale,Autre collision,,,,,,,,,,,1,2,2,1,6
200700008078,0007-02-26 19:31:00,7,2,26,19,31,130,55,"27, MORETTI (BOULEVARD)",,,Nuit avec éclairage allumé,En agglomération,Hors intersection,Normale,Deux véhicules - côté,,,,,,,,,,,5,2,1,1,3
200700008079,0007-02-19 09:50:00,7,2,19,9,50,130,55,"137, ROME (RUE DE)",,,Plein jour,En agglomération,Hors intersection,Normale,Autre collision,,,,,,,,,,,1,2,1,1,6
200700008080,0007-02-28 09:15:00,7,2,28,9,15,130,55,"31, FAISSOLE (BOULEVARD)",,,Plein jour,En agglomération,Hors intersection,Normale,Deux véhicules - frontale,,,,,,,,,,,1,2,1,1,1
200700008081,0007-02-26 10:40:00,7,2,26,10,40,130,55,SCHLOESING (BOULEVARD),,,Plein jour,En agglomération,Hors intersection,Normale,Deux véhicules - arrière,,,,,,,,,,,1,2,1,1,2
200700008082,0007-02-27 09:30:00,7,2,27,9,30,130,55,VINCENT DELPUECH (BOULEV,,,Plein jour,En agglomération,Intersection en T,Normale,Deux véhicules - côté,,,,,,,,,,,1,2,3,1,3
200700008083,0007-02-13 09:15:00,7,2,13,9,15,130,55,JULIEN (COURS),,,Plein jour,En agglomération,Intersection en X,Normale,Deux véhicules - arrière,,,,,,,,,,,1,2,2,1,2
200700008084,0007-02-19 08:30:00,7,2,19,8,30,130,55,ALEX. FLEMING (BOULEVARD,,,Plein jour,En agglomération,Hors intersection,Normale,Deux véhicules - arrière,,,,,,,,,,,1,2,1,1,2
200700008085,0007-02-28 17:50:00,7,2,28,17,50,130,2,7EME TIRAILLEURS ALGERIE,,,Plein jour,En agglomération,Hors intersection,Normale,Deux véhicules - côté,,,,,,,,,,,1,2,1,1,3
200700008086,0007-02-07 19:10:00,7,2,7,19,10,130,55,"9, MONTRICHIER (BOULEVAR",,,Nuit avec éclairage allumé,En agglomération,Hors intersection,Normale,Autre collision,,,,,,,,,,,5,2,1,1,6
200700008087,0007-02-07 15:31:00,7,2,7,15,31,130,55,"00, JEAN MOULIN (BOULEVA",,,Plein jour,En agglomération,Hors intersection,Normale,Deux véhicules - côté,,,,,,,,,,,1,2,1,1,3
200700008088,0007-02-04 09:30:00,7,2,4,9,30,130,55,", MARÉCHAL FOCH (AVENUE)",,,Plein jour,En agglomération,Intersection en X,Normale,Deux véhicules - côté,,,,,,,,,,,1,2,2,1,3
200700008089,0007-02-24 18:55:00,7,2,24,18,55,130,55,"375, PRADO (AVENUE)",,,Nuit avec éclairage allumé,En agglomération,Hors intersection,Normale,Autre collision,,,,,,,,,,,5,2,1,1,6
200700008090,0007-02-06 20:00:00,7,2,6,20,0,130,55,"35, CROIX ROUGE (AVENUE)",,,Nuit avec éclairage allumé,En agglomération,Hors intersection,Normale,Sans collision,,,,,,,,,,,5,2,1,1,7
200700008091,0007-02-27 22:45:00,7,2,27,22,45,130,55,CHEMIN DU LITTORAL (CHEM,,,Nuit sans éclairage public,En agglomération,Hors intersection,Normale,Deux véhicules - arrière,,,,,,,,,,,3,2,1,1,2
200700008092,0007-02-15 15:10:00,7,2,15,15,10,130,55,FRANKLIN ROOSEVELT (COUR,,,Plein jour,En agglomération,Intersection en X,Normale,Trois véhicules et plus - collisions multiples,,,,,,,,,,,1,2,2,1,5
200700008093,0007-02-15 08:00:00,7,2,15,8,0,130,55,"28, LITTORAL (CHEMIN DU)",,,Plein jour,En agglomération,Hors intersection,Normale,Autre collision,,,,,,,,,,,1,2,1,1,6
200700008094,0007-02-14 17:00:00,7,2,14,17,0,130,55,"233, ROMAIN ROLLAND (BOU",,,Plein jour,En agglomération,Hors intersection,Pluie légère,Deux véhicules - côté,,,,,,,,,,,1,2,1,2,3
200700008095,0007-02-02 15:00:00,7,2,2,15,0,130,55,"95, CORNICHE KENNEDY",,,Plein jour,En agglomération,Hors intersection,Normale,Deux véhicules - arrière,,,,,,,,,,,1,2,1,1,2
200700008096,0007-02-19 07:20:00,7,2,19,7,20,130,55,CHARLES SUSINI (TRAVERSE,,,Plein jour,En agglomération,Hors intersection,Normale,Deux véhicules - côté,,,,,,,,,,,1,2,1,1,3
200700008097,0007-02-02 14:20:00,7,2,2,14,20,130,55,ALBERT EINSTEIN (RUE),,,Plein jour,En agglomération,Hors intersection,Normale,Deux véhicules - côté,,,,,,,,,,,1,2,1,1,3
200700008098,0007-02-19 10:45:00,7,2,19,10,45,130,55,SAINTE MARTHE (CHEMIN DE,,,Plein jour,En agglomération,Hors intersection,Normale,Deux véhicules - côté,,,,,,,,,,,1,2,1,1,3
200700008099,0007-02-08 18:40:00,7,2,8,18,40,130,55,GAY LUSSAC (BOULEVARD),,,Nuit sans éclairage public,En agglomération,Hors intersection,Pluie légère,Autre collision,,,,,,,,,,,3,2,1,2,6
200700008100,0007-02-13 18:00:00,7,2,13,18,0,130,55,PEINTRES ROUX (AVENUE DE,,,Crépuscule ou aube,En agglomération,Hors intersection,Normale,Deux véhicules - arrière,,,,,,,,,,,2,2,1,1,2
200700008101,0007-02-23 14:00:00,7,2,23,14,0,130,55,FRANÇOIS MIGNET (AVENUE),,,Plein jour,En agglomération,Hors intersection,Normale,Autre collision,,,,,,,,,,,1,2,1,1,6
200700008102,0007-02-06 17:15:00,7,2,6,17,15,130,55,ESCAD.NORMA,,,Plein jour,En agglomération,Hors intersection,Normale,Deux véhicules - arrière,,,,,,,,,,,1,2,1,1,2
200700008103,0007-02-09 09:45:00,7,2,9,9,45,130,55,"185, CAMAS (RUE DU)",,,Plein jour,En agglomération,Hors intersection,Normale,Autre collision,,,,,,,,,,,1,2,1,1,6
200700008104,0007-02-16 11:35:00,7,2,16,11,35,130,55,SAINT PIERRE (RUE),,,Plein jour,En agglomération,Intersection en X,Normale,Autre collision,,,,,,,,,,,1,2,2,1,6
200700008105,0007-02-21 12:31:00,7,2,21,12,31,130,55,", LIBERTE (BOULEVARD DE",,,Plein jour,En agglomération,Intersection en X,Normale,Deux véhicules - côté,,,,,,,,,,,1,2,2,1,3
200700008106,0007-02-08 19:45:00,7,2,8,19,45,130,55,"13, CLEMENCEAU (RUE)",,,Nuit avec éclairage allumé,En agglomération,Hors intersection,Normale,Deux véhicules - arrière,,,,,,,,,,,5,2,1,1,2
200700008107,0007-02-26 13:30:00,7,2,26,13,30,130,55,"123, CHARTREUX (AVENUE D",,,Plein jour,En agglomération,Hors intersection,Normale,Autre collision,,,,,,,,,,,1,2,1,1,6
200700008108,0007-02-26 17:45:00,7,2,26,17,45,130,55,", KALLISTE (AVENUE DE)",,,Plein jour,En agglomération,Hors intersection,Normale,Deux véhicules - côté,,,,,,,,,,,1,2,1,1,3
200700008109,0007-02-15 09:00:00,7,2,15,9,0,130,55,PAUL CLAUDEL (BOULEVARD),,,Plein jour,En agglomération,Intersection en T,Normale,Deux véhicules - frontale,,,,,,,,,,,1,2,3,1,1
200700008110,0007-02-27 18:15:00,7,2,27,18,15,130,55,SALVADOR ALLENDE (RUE),,,Nuit avec éclairage allumé,En agglomération,Intersection en T,Normale,Deux véhicules - côté,,,,,,,,,,,5,2,3,1,3
200700008111,0007-02-10 20:00:00,7,2,10,20,0,130,55,"69/83, DANIEL CASANOVA (",,,Nuit avec éclairage allumé,En agglomération,Hors intersection,Normale,Deux véhicules - côté,,,,,,,,,,,5,2,1,1,3
200700008112,0007-02-12 15:20:00,7,2,12,15,20,130,55,PAUL LANGEVIN (RUE),,,Plein jour,En agglomération,Giratoire,Normale,Deux véhicules - arrière,,,,,,,,,,,1,2,6,1,2
200700008113,0007-02-24 23:15:00,7,2,24,23,15,130,55,"414, MAZARGUES (AVENUE D",,,Nuit avec éclairage allumé,En agglomération,Hors intersection,Pluie légère,Autre collision,,,,,,,,,,,5,2,1,2,6
200700008114,0007-02-16 13:00:00,7,2,16,13,0,130,55,JEAN MAYNARD KEYNES (RUE,,,Plein jour,En agglomération,Hors intersection,Normale,Deux véhicules - frontale,,,,,,,,,,,1,2,1,1,1
200700008115,0007-02-09 19:30:00,7,2,9,19,30,130,55,SAINTE MARTHE (CHEMIN DE,,,Nuit avec éclairage allumé,En agglomération,Hors intersection,Normale,Deux véhicules - côté,,,,,,,,,,,5,2,1,1,3
200700008116,0007-02-19 15:00:00,7,2,19,15,0,130,55,"47, RIVE NEUVE (QUAI DE)",,,Plein jour,En agglomération,Hors intersection,Normale,Trois véhicules et plus - en chaîne,,,,,,,,,,,1,2,1,1,4
200700008117,0007-02-23 13:00:00,7,2,23,13,0,130,55,ROSE (AVENUE DE LA),,,Plein jour,En agglomération,Hors intersection,Normale,Deux véhicules - côté,,,,,,,,,,,1,2,1,1,3
200700008118,0007-02-03 01:10:00,7,2,3,1,10,130,39,VENTILLON (zone du),,,Nuit sans éclairage public,Hors agglomération,Hors intersection,Normale,Autre collision,,,,,,,,,,,3,1,1,1,6
200700008119,0007-02-09 07:45:00,7,2,9,7,45,130,39,RN 544,,,Plein jour,Hors agglomération,Hors intersection,Temps couvert,Autre collision,,,,,,,,,,,1,1,1,8,6
200700008120,0007-02-09 11:50:00,7,2,9,11,50,130,77,RN 568,,,Plein jour,Hors agglomération,Hors intersection,Normale,Deux véhicules - arrière,,,,,,,,,,,1,1,1,1,2
200700008121,0007-02-02 12:25:00,7,2,2,12,25,130,39,RN 568,,,Plein jour,Hors agglomération,Hors intersection,Normale,Deux véhicules - arrière,,,,,,,,,,,1,1,1,1,2
200700008122,0007-02-16 09:30:00,7,2,16,9,30,130,77,TURENNE (rue),,,Plein jour,En agglomération,Hors intersection,Normale,Sans collision,,,,,,,,,,,1,2,1,1,7
200700008123,0007-02-20 13:55:00,7,2,20,13,55,130,56,CD 49,,,Plein jour,Hors agglomération,Hors intersection,Normale,Deux véhicules - côté,,,,,,,,,,,1,1,1,1,3
200700008124,0007-02-14 08:00:00,7,2,14,8,0,130,77,"13, NATIONALE (rue)",,,Plein jour,En agglomération,Hors intersection,Normale,Autre collision,,,,,,,,,,,1,2,1,1,6
200700008125,0007-02-23 21:10:00,7,2,23,21,10,130,56,DECATHLON,,,Nuit sans éclairage public,Hors agglomération,Hors intersection,Normale,Deux véhicules - côté,,,,,,,,,,,3,1,1,1,3
200700008126,0007-02-06 18:10:00,7,2,6,18,10,130,56,VOLTAIRE (Boulevard),,,Nuit avec éclairage non allumé,En agglomération,Intersection en T,Normale,Deux véhicules - côté,,,,,,,,,,,4,2,3,1,3
200700008127,0007-02-01 12:50:00,7,2,1,12,50,130,78,"74, PORT (AVENUE DU)",,,Plein jour,En agglomération,Hors intersection,Normale,Autre collision,,,,,,,,,,,1,2,1,1,6
200700008128,0007-02-08 14:50:00,7,2,8,14,50,130,103,CHEMIN DE SAINT COME,,,Plein jour,En agglomération,Hors intersection,Normale,Autre collision,,,,,,,,,,,1,2,1,1,6
200700008129,0007-02-10 15:00:00,7,2,10,15,0,130,103,AVENUE LECLERC - DU MARE,,,Plein jour,En agglomération,Intersection en T,Normale,Deux véhicules - côté,,,,,,,,,,,1,2,3,1,3
200700008130,0007-02-10 14:35:00,7,2,10,14,35,130,103,RN 113,,,Plein jour,Hors agglomération,Hors intersection,Normale,Trois véhicules et plus - collisions multiples,,,,,,,,,,,1,1,1,1,5
200700008131,0007-02-11 12:20:00,7,2,11,12,20,130,103,", BOULEVARD NOSTRADAMUS",,,Plein jour,En agglomération,Hors intersection,Normale,Deux véhicules - côté,,,,,,,,,,,1,2,1,1,3
200700008132,0007-02-23 17:30:00,7,2,23,17,30,130,103,BOULEVARD SCHUMAN -ROBER,,,Plein jour,En agglomération,Hors intersection,Normale,Sans collision,,,,,,,,,,,1,2,1,1,7
200700008133,0007-02-27 13:20:00,7,2,27,13,20,130,103,VIEUX CHEMIN D ISTRES,,,Plein jour,En agglomération,Hors intersection,Normale,Autre collision,,,,,,,,,,,1,2,1,1,6
200700008134,0007-02-06 18:30:00,7,2,6,18,30,130,108,D33 ROUTE DE FONTVEILLE,,,Nuit sans éclairage public,Hors agglomération,Intersection en T,Normale,Deux véhicules - côté,,,,,,,,,,,3,1,3,1,3
200700008135,0007-02-10 17:10:00,7,2,10,17,10,130,108,D33 ROUTE DE FONTVEILLE,,,Plein jour,Hors agglomération,Hors intersection,Normale,Deux véhicules - côté,,,,,,,,,,,1,1,1,1,3
200700008136,0007-02-16 08:30:00,7,2,16,8,30,130,108,RD 970 ROUTE D ARLES ),,,Plein jour,Hors agglomération,Hors intersection,Normale,Deux véhicules - côté,,,,,,,,,,,1,1,1,1,3
200700008137,0007-02-16 19:15:00,7,2,16,19,15,130,108,RD 99 ROUTE DE SAINT REM,,,Nuit sans éclairage public,Hors agglomération,Hors intersection,Normale,Deux véhicules - arrière,,,,,,,,,,,3,1,1,1,2
200700008138,0007-02-28 17:30:00,7,2,28,17,30,130,108,ITAM (BOULEVARD),,,Plein jour,En agglomération,Hors intersection,Normale,Deux véhicules - arrière,,,,,,,,,,,1,2,1,1,2
200700008139,0007-02-06 14:45:00,7,2,6,14,45,130,117,CHEMIN DEPARTEMENTAL CD,,,Plein jour,Hors agglomération,Hors intersection,Normale,Sans collision,,,,,,,,,,,1,1,1,1,7
200700008140,0007-02-09 19:50:00,7,2,9,19,50,130,71,"x, ROUTE NATIONALE 368 (",,,Nuit sans éclairage public,Hors agglomération,Hors intersection,Normale,Deux véhicules - côté,,,,,,,,,,,3,1,1,1,3
200700008141,0007-02-09 23:23:00,7,2,9,23,23,130,71,PATHE CINEMA,,,Nuit avec éclairage allumé,Hors agglomération,Hors intersection,Normale,Deux véhicules - côté,,,,,,,,,,,5,1,1,1,3
200700008142,0007-02-12 18:20:00,7,2,12,18,20,130,117,"79, MARSEILLE ( AVENUE D",,,Nuit avec éclairage non allumé,En agglomération,Hors intersection,Pluie légère,Trois véhicules et plus - en chaîne,,,,,,,,,,,4,2,1,2,4
200700008143,0007-02-13 11:00:00,7,2,13,11,0,130,117,CARREFOUR (PARKING CENTR,,,Plein jour,En agglomération,Intersection en T,Normale,Autre collision,,,,,,,,,,,1,2,3,1,6
200700008144,0007-02-14 08:18:00,7,2,14,8,18,130,117,ANGLETERRE (VOIE D'),,,Plein jour,En agglomération,Intersection en T,Normale,Deux véhicules - côté,,,,,,,,,,,1,2,3,1,3
200700008145,0007-02-15 13:00:00,7,2,15,13,0,130,117,"XXXX, CARREFOUR (PARKING",,,Plein jour,En agglomération,Hors intersection,Normale,Autre collision,,,,,,,,,,,1,2,1,1,6
200700008146,0007-02-17 11:20:00,7,2,17,11,20,130,71,"14 BIS, MITTERRAND (AVEN",,,Plein jour,En agglomération,Hors intersection,Normale,Autre collision,,,,,,,,,,,1,2,1,1,6
200700008147,0007-02-19 07:15:00,7,2,19,7,15,130,117,ROUTE NATIONALE 113 - AG,,,Crépuscule ou aube,Hors agglomération,Hors intersection,Normale,Trois véhicules et plus - en chaîne,,,,,,,,,,,2,1,1,1,4
200700008148,0007-02-21 05:00:00,7,2,21,5,0,130,117,"77-79, EUROPE ( AVENUE D",,,Nuit avec éclairage allumé,Hors agglomération,Hors intersection,Normale,Autre collision,,,,,,,,,,,5,1,1,1,6
200700008149,0007-02-22 17:40:00,7,2,22,17,40,130,117,"XXXXX, CHEMIN DEPARTEMEN",,,Plein jour,Hors agglomération,Hors intersection,Normale,Deux véhicules - côté,,,,,,,,,,,1,1,1,1,3
200700008150,0007-02-25 13:10:00,7,2,25,13,10,130,71,BABOU (MAGASIN) - CD 6,,,Plein jour,Hors agglomération,Hors intersection,Pluie légère,Autre collision,,,,,,,,,,,1,1,1,2,6
200700008151,0007-02-26 16:40:00,7,2,26,16,40,130,71,VAL SEC ( CHEMIN DE ),,,Plein jour,En agglomération,Hors intersection,Normale,Deux véhicules - frontale,,,,,,,,,,,1,2,1,1,1
200700008152,0007-02-27 16:20:00,7,2,27,16,20,130,117,ANJOLY (QUARTIER DE L'..,,,Plein jour,Hors agglomération,Hors intersection,Normale,Deux véhicules - arrière,,,,,,,,,,,1,1,1,1,2
200700008153,0007-02-01 18:20:00,7,2,1,18,20,140,383,"0, RD 212 B ( RUE FENITO",,,Nuit sans éclairage public,Hors agglomération,Hors intersection,Pluie légère,Deux véhicules - arrière,,,,,,,,,,,3,1,1,2,2
200700008154,0007-02-03 19:00:00,7,2,3,19,0,140,341,FLEURY (CHEMIN DE),,,Nuit sans éclairage public,Hors agglomération,Hors intersection,Pluie légère,Autre collision,,,,,,,,,,,3,1,1,2,6
200700008155,0007-02-06 08:05:00,7,2,6,8,5,140,118,GUILLOU (BOULEVARD YVES),,,Plein jour,En agglomération,Hors intersection,Normale,Autre collision,,,,,,,,,,,1,2,1,1,6
200700008156,0007-02-06 15:25:00,7,2,6,15,25,140,118,"53, GEOLE (RUE DE)",,,Plein jour,En agglomération,Intersection en T,Normale,Autre collision,,,,,,,,,,,1,2,3,1,6
200700008157,0007-02-06 08:15:00,7,2,6,8,15,140,118,"28, CHERON (AVENUE HENRI",,,Plein jour,En agglomération,Hors intersection,Normale,Autre collision,,,,,,,,,,,1,2,1,1,6
200700008158,0007-02-06 14:40:00,7,2,6,14,40,140,383,"1B, MOISSON (RUE )",,,Plein jour,En agglomération,Hors intersection,Normale,Autre collision,,,,,,,,,,,1,2,1,1,6
200700008159,0007-02-08 19:55:00,7,2,8,19,55,140,118,"0, DETOLLE (BOULEVARD AN",,,Nuit avec éclairage allumé,En agglomération,Intersection en X,Temps couvert,Deux véhicules - côté,,,,,,,,,,,5,2,2,8,3
200700008160,0007-02-07 11:20:00,7,2,7,11,20,140,327,"0, VALEUSE (AVENUE DE LA",,,Plein jour,En agglomération,Intersection en X,Normale,Deux véhicules - côté,,,,,,,,,,,1,2,2,1,3
200700008161,0007-02-11 02:10:00,7,2,11,2,10,140,118,"0, MANCHON (RUE ERNEST)",,,Nuit avec éclairage allumé,En agglomération,Intersection en X,Normale,Deux véhicules - côté,,,,,,,,,,,5,2,2,1,3
200700008162,0007-02-13 19:15:00,7,2,13,19,15,140,242,"0, RD N° 7 (DE CAEN A DO",,,Nuit avec éclairage allumé,Hors agglomération,Hors intersection,Normale,Deux véhicules - arrière,,,,,,,,,,,5,1,1,1,2
200700008163,0007-02-15 08:10:00,7,2,15,8,10,140,383,"0, R.D. 405",,,Plein jour,En agglomération,Autre intersection,Normale,Autre collision,,,,,,,,,,,1,2,9,1,6
200700008164,0007-02-20 18:45:00,7,2,20,18,45,140,118,"21, DEMOLOMBE (RUE)",,,Nuit avec éclairage allumé,En agglomération,Hors intersection,Normale,Autre collision,,,,,,,,,,,5,2,1,1,6
200700008165,0007-02-22 17:45:00,7,2,22,17,45,140,341,"0, RD 235",,,Plein jour,Hors agglomération,Hors intersection,Normale,Autre collision,,,,,,,,,,,1,1,1,1,6
200700008166,0007-02-23 18:25:00,7,2,23,18,25,140,118,"90, FALAISE (RUE DE  <=9",,,Nuit sans éclairage public,En agglomération,Intersection en X,Temps couvert,Autre collision,,,,,,,,,,,3,2,2,8,6
200700008167,0007-02-26 10:00:00,7,2,26,10,0,140,118,AUTHIE (>=N° 106 PAIRS /,,,Plein jour,En agglomération,Intersection en T,Normale,Deux véhicules - frontale,,,,,,,,,,,1,2,3,1,1
200700008168,0007-02-26 16:00:00,7,2,26,16,0,140,118,"15, LYAUTEY (BOULEVARD M",,,Plein jour,En agglomération,Hors intersection,Normale,Deux véhicules - côté,,,,,,,,,,,1,2,1,1,3
200700008169,0007-02-27 20:00:00,7,2,27,20,0,140,118,TOURVILLE (AVENUE DE),,,Nuit avec éclairage allumé,En agglomération,Intersection en T,Pluie légère,Deux véhicules - arrière,,,,,,,,,,,5,2,3,2,2
200700008170,0007-02-27 08:00:00,7,2,27,8,0,140,118,ROSEL (ROUTE DE),,,Plein jour,En agglomération,Hors intersection,Temps couvert,Deux véhicules - côté,,,,,,,,,,,1,2,1,8,3
200700008171,0007-02-03 20:00:00,7,2,3,20,0,140,225,LISIEUX (ROUTE DE),,,Nuit sans éclairage public,En agglomération,Hors intersection,Pluie légère,Sans collision,,,,,,,,,,,3,2,1,2,7
200700008172,0007-02-08 19:25:00,7,2,8,19,25,140,366,"54, HERBET FOURNET (BOUL",,,Nuit avec éclairage allumé,En agglomération,Hors intersection,Pluie légère,Autre collision,,,,,,,,,,,5,2,1,2,6
200700008173,0007-02-15 18:40:00,7,2,15,18,40,140,69,"73, ORBEC (ROUTE D')",,,Nuit avec éclairage allumé,En agglomération,Hors intersection,Normale,Deux véhicules - arrière,,,,,,,,,,,5,2,1,1,2
200700008174,0007-02-26 17:05:00,7,2,26,17,5,140,366,"3, GEORGES POMPIDOU (AVE",,,Plein jour,En agglomération,Hors intersection,Normale,Autre collision,,,,,,,,,,,1,2,1,1,6
200700008175,0007-02-01 17:40:00,7,2,1,17,40,160,15,"00, PERIGUEUX (RUE DE N°",,,Crépuscule ou aube,En agglomération,Hors intersection,Normale,Autre collision,,,,,,,,,,,2,2,1,1,6
200700008176,0007-02-03 15:40:00,7,2,3,15,40,160,374,DE GAULLE (AVENUE DU GEN,,,Plein jour,En agglomération,Hors intersection,Normale,Sans collision,,,,,,,,,,,1,2,1,1,7
200700008177,0007-02-06 22:55:00,7,2,6,22,55,160,15,CIGOGNE (RUE ET ALLEE),,,Nuit avec éclairage allumé,En agglomération,Intersection en T,Pluie légère,Deux véhicules - côté,,,,,,,,,,,5,2,3,2,3
200700008178,0007-02-21 17:10:00,7,2,21,17,10,160,374,"198, DE GAULLE (AVENUE D",,,Plein jour,En agglomération,Hors intersection,Normale,Autre collision,,,,,,,,,,,1,2,1,1,6
200700008179,0007-02-10 23:25:00,7,2,10,23,25,160,15,", ROCHEFOUCAULD (RUE DE",,,Nuit avec éclairage allumé,En agglomération,Intersection en X,Pluie forte,Deux véhicules - côté,,,,,,,,,,,5,2,2,3,3
200700008180,0007-02-17 18:55:00,7,2,17,18,55,160,154,LECLERC (RUE DU GENERAL),,,Nuit avec éclairage allumé,Hors agglomération,Hors intersection,Normale,Autre collision,,,,,,,,,,,5,1,1,1,6
200700008181,0007-02-27 12:05:00,7,2,27,12,5,160,291,GOND-PONTOUVRE (ROUTE DE,,,Plein jour,En agglomération,Hors intersection,Pluie légère,Autre collision,,,,,,,,,,,1,2,1,2,6
200700008182,0007-02-27 17:36:00,7,2,27,17,36,160,15,LERIGET (RUE LOUISE),,,Plein jour,En agglomération,Intersection en T,Pluie légère,Deux véhicules - côté,,,,,,,,,,,1,2,3,2,3