accident_id,datetime,annee,mois,jour,heure,minute,departement,commune_insee,adresse,latitude,longitude,luminosite,agglomeration,intersection,meteo,collision,nb_vehicules,nb_usagers,nb_indemnes,nb_tues,nb_blesses_hosp,nb_blesses_legers,age_cond_1,age_cond_2,veh_type_cond_1,veh_type_cond_2,lum_code,agg_code,int_code,atm_code,col_code
200700008312,0007-02-24 14:44:00,7,2,24,14,44,240,322,"29, HUGO ( RUE VICTOR)",,,Plein jour,En agglomération,Hors intersection,Pluie légère,Autre collision,,,,,,,,,,,1,2,1,2,6
200700008313,0007-02-27 16:05:00,7,2,27,16,5,240,322,"109, JUIN ( AVENUE DU MA",,,Plein jour,En agglomération,Hors intersection,Pluie légère,Autre collision,,,,,,,,,,,1,2,1,2,6
200700008314,0007-02-28 17:28:00,7,2,28,17,28,240,138,"04, GAULLE (AVENUE DU GE",,,Plein jour,En agglomération,Hors intersection,Normale,Autre collision,,,,,,,,,,,1,2,1,1,6
200700008315,0007-02-01 07:10:00,7,2,1,7,10,250,56,"sans, MARCHAUX ROUTE DE",,,Nuit sans éclairage public,Hors agglomération,Hors intersection,Normale,Deux véhicules - frontale,,,,,,,,,,,3,1,1,1,1
200700008316,0007-02-01 23:15:00,7,2,1,23,15,250,56,FOCH AVENUE MARECHAL,,,Nuit avec éclairage allumé,En agglomération,Hors intersection,Normale,Autre collision,,,,,,,,,,,5,2,1,1,6
200700008317,0007-02-02 01:30:00,7,2,2,1,30,250,56,"24, DOLE RUE DE <82",,,Nuit avec éclairage allumé,En agglomération,Hors intersection,Normale,Autre collision,,,,,,,,,,,5,2,1,1,6
200700008318,0007-02-04 16:45:00,7,2,4,16,45,250,56,"50 a, MIRABEAU RUE",,,Plein jour,En agglomération,Hors intersection,Normale,Autre collision,,,,,,,,,,,1,2,1,1,6
200700008319,0007-02-07 20:40:00,7,2,7,20,40,250,56,CHURCHILL BD WINSTON >12,,,Nuit avec éclairage allumé,En agglomération,Hors intersection,Pluie légère,Autre collision,,,,,,,,,,,5,2,1,2,6
200700008320,0007-02-11 19:30:00,7,2,11,19,30,250,56,"sans, LAPLACE   RUE PIER",,,Nuit sans éclairage public,En agglomération,Hors intersection,Pluie légère,Deux véhicules - côté,,,,,,,,,,,3,2,1,2,3
200700008321,0007-02-12 22:23:00,7,2,12,22,23,250,56,"sans, CHURCHILL BD WINST",,,Nuit avec éclairage allumé,En agglomération,Intersection en X,Pluie légère,Deux véhicules - côté,,,,,,,,,,,5,2,2,2,3
200700008322,0007-02-15 19:06:00,7,2,15,19,6,250,56,JEANNETTES RUE DES,,,Nuit avec éclairage allumé,En agglomération,Hors intersection,Normale,Autre collision,,,,,,,,,,,5,2,1,1,6
200700008323,0007-02-18 19:25:00,7,2,18,19,25,250,56,"11 TER, GAULARD AVENUE <",,,Nuit avec éclairage allumé,En agglomération,Hors intersection,Normale,Autre collision,,,,,,,,,,,5,2,1,1,6
200700008324,0007-02-20 15:41:00,7,2,20,15,41,250,56,CHAR  RUE RENE,,,Plein jour,En agglomération,Hors intersection,Normale,Deux véhicules - arrière,,,,,,,,,,,1,2,1,1,2
200700008325,0007-02-20 17:19:00,7,2,20,17,19,250,56,"01, RECLUS RUE ELISEE",,,Plein jour,En agglomération,Autre intersection,Normale,Autre collision,,,,,,,,,,,1,2,9,1,6
200700008326,0007-02-21 10:30:00,7,2,21,10,30,250,56,"SANS, FOCH AVENUE MARECH",,,Plein jour,En agglomération,Hors intersection,Normale,Trois véhicules et plus - en chaîne,,,,,,,,,,,1,2,1,1,4
200700008327,0007-02-26 15:00:00,7,2,26,15,0,250,56,"202, DOLE RUE DE >200",,,Plein jour,En agglomération,Hors intersection,Pluie forte,Deux véhicules - côté,,,,,,,,,,,1,2,1,3,3
200700008328,0007-02-27 08:55:00,7,2,27,8,55,250,56,DEUX PRINCESSES RUE DES,,,Plein jour,En agglomération,Intersection en X,Normale,Deux véhicules - côté,,,,,,,,,,,1,2,2,1,3
200700008329,0007-02-28 20:07:00,7,2,28,20,7,250,56,"43, BELFORT RUE DE <144",,,Nuit avec éclairage allumé,En agglomération,Hors intersection,Pluie légère,Deux véhicules - arrière,,,,,,,,,,,5,2,1,2,2
200700008330,0007-02-17 19:30:00,7,2,17,19,30,250,388,"0, HELVETIE (AVENUE D')",,,Nuit sans éclairage public,En agglomération,Hors intersection,Normale,Sans collision,,,,,,,,,,,3,2,1,1,7
200700008331,0007-02-25 17:30:00,7,2,25,17,30,250,388,"00, WILSON (AVENUE DU PR",,,Plein jour,En agglomération,Hors intersection,Pluie légère,Trois véhicules et plus - collisions multiples,,,,,,,,,,,1,2,1,2,5
200700008332,0007-02-02 23:50:00,7,2,2,23,50,250,462,"34, BESANCON (DU 26 AU 7",,,Nuit avec éclairage allumé,En agglomération,Hors intersection,Normale,Autre collision,,,,,,,,,,,5,2,1,1,6
200700008333,0007-02-03 04:10:00,7,2,3,4,10,260,198,TEIL (ROUTE DU),,,Nuit avec éclairage allumé,Hors agglomération,Hors intersection,Normale,Autre collision,,,,,,,,,,,5,1,1,1,6
200700008334,0007-02-03 14:40:00,7,2,3,14,40,260,198,TEIL (ROUTE DU),,,Plein jour,Hors agglomération,Hors intersection,Normale,Trois véhicules et plus - en chaîne,,,,,,,,,,,1,1,1,1,4
200700008335,0007-02-03 05:15:00,7,2,3,5,15,260,281,LAPASSAT ETIENNE J. (BOU,,,Nuit avec éclairage allumé,En agglomération,Hors intersection,Normale,Sans collision,,,,,,,,,,,5,2,1,1,7
200700008336,0007-02-06 05:55:00,7,2,6,5,55,260,281,BONNET (AVENUE DU DOCTEU,,,Nuit avec éclairage allumé,En agglomération,Giratoire,Pluie légère,Autre collision,,,,,,,,,,,5,2,6,2,6
200700008337,0007-02-09 08:55:00,7,2,9,8,55,260,281,"12, COURBET (RUE AMIRAL)",,,Plein jour,En agglomération,Intersection en T,Temps couvert,Autre collision,,,,,,,,,,,1,2,3,8,6
200700008338,0007-02-20 16:30:00,7,2,20,16,30,260,281,"NEANT, JODELLE ETIENNE (",,,Plein jour,En agglomération,Intersection en T,Normale,Autre collision,,,,,,,,,,,1,2,3,1,6
200700008339,0007-02-27 20:10:00,7,2,27,20,10,260,281,SAINT DONAT (AVENUE DE),,,Nuit avec éclairage allumé,En agglomération,Hors intersection,Temps couvert,Autre collision,,,,,,,,,,,5,2,1,8,6
200700008340,0007-02-28 14:05:00,7,2,28,14,5,260,281,MAQUIS (AVENUE DU),,,Plein jour,En agglomération,Hors intersection,Normale,Autre collision,,,,,,,,,,,1,2,1,1,6
200700008341,0007-02-28 15:45:00,7,2,28,15,45,260,57,"IGNORE, MOSSANT CHARLES",,,Plein jour,En agglomération,Intersection en X,Normale,Deux véhicules - côté,,,,,,,,,,,1,2,2,1,3
200700008342,0007-02-08 13:50:00,7,2,8,13,50,260,58,"sans n, PIAF RUE EDITH",,,Plein jour,En agglomération,Giratoire,Pluie légère,Deux véhicules - côté,,,,,,,,,,,1,2,6,2,3
200700008343,0007-02-12 11:25:00,7,2,12,11,25,260,362,"n22 bis, BASSES CROZETTE",,,Plein jour,En agglomération,Hors intersection,Pluie légère,Deux véhicules - arrière,,,,,,,,,,,1,2,1,2,2
200700008344,0007-02-13 22:15:00,7,2,13,22,15,260,58,"sans n, L.A.C.R.A RN7 (B",,,Nuit avec éclairage allumé,Hors agglomération,Hors intersection,Normale,Deux véhicules - arrière,,,,,,,,,,,5,1,1,1,2
200700008345,0007-02-17 17:50:00,7,2,17,17,50,260,58,"sans n, L.A.C.R.A RN7 (B",,,Plein jour,Hors agglomération,Hors intersection,Normale,Sans collision,,,,,,,,,,,1,1,1,1,7
200700008346,0007-02-01 08:10:00,7,2,1,8,10,270,229,"7, RUSSELSHEIM (RUE DE)",,,Nuit avec éclairage allumé,En agglomération,Intersection en X,Normale,Deux véhicules - côté,,,,,,,,,,,5,2,2,1,3
200700008347,0007-02-02 15:45:00,7,2,2,15,45,270,229,"148, MOULIN (RUE JEAN)",,,Plein jour,En agglomération,Hors intersection,Temps couvert,Sans collision,,,,,,,,,,,1,2,1,8,7
200700008348,0007-02-02 21:15:00,7,2,2,21,15,270,229,"31, BRIAND (AVENUE ARIST",,,Nuit avec éclairage allumé,En agglomération,Hors intersection,Normale,Deux véhicules - côté,,,,,,,,,,,5,2,1,1,3
200700008349,0007-02-09 14:15:00,7,2,9,14,15,270,229,"1, FOCH (AVENUE DU MAREC",,,Plein jour,En agglomération,Hors intersection,Normale,Deux véhicules - arrière,,,,,,,,,,,1,2,1,1,2
200700008350,0007-02-12 04:50:00,7,2,12,4,50,270,229,QUATORZE JUILLET (BOULEV,,,Nuit avec éclairage allumé,En agglomération,Hors intersection,Normale,Deux véhicules - arrière,,,,,,,,,,,5,2,1,1,2
200700008351,0007-02-14 08:50:00,7,2,14,8,50,270,229,"15, BUFFARDIERE (BOULEVA",,,Plein jour,En agglomération,Intersection en X,Normale,Autre collision,,,,,,,,,,,1,2,2,1,6
200700008352,0007-02-15 07:15:00,7,2,15,7,15,270,229,"32, MOULIN (RUE JEAN)",,,Crépuscule ou aube,En agglomération,Hors intersection,Normale,Autre collision,,,,,,,,,,,2,2,1,1,6
200700008353,0007-02-23 07:55:00,7,2,23,7,55,270,229,"68, MOULIN (RUE JEAN)",,,Plein jour,En agglomération,Hors intersection,Normale,Autre collision,,,,,,,,,,,1,2,1,1,6
200700008354,0007-02-23 08:55:00,7,2,23,8,55,270,229,"1, CHURCHILL (AVENUE WIN",,,Plein jour,En agglomération,Hors intersection,Normale,Deux véhicules - arrière,,,,,,,,,,,1,2,1,1,2
200700008355,0007-02-26 09:00:00,7,2,26,9,0,270,299,"185, BRIAND (AVENUE ARIS",,,Plein jour,En agglomération,Hors intersection,Pluie légère,Deux véhicules - arrière,,,,,,,,,,,1,2,1,2,2
200700008356,0007-02-01 12:15:00,7,2,1,12,15,270,375,"0, REMPART (RUE DU)",,,Plein jour,Hors agglomération,Hors intersection,Normale,Autre collision,,,,,,,,,,,1,1,1,1,6
200700008357,0007-02-18 20:40:00,7,2,18,20,40,270,375,ELBEUF (ROUTE D'),,,Nuit sans éclairage public,Hors agglomération,Hors intersection,Normale,Sans collision,,,,,,,,,,,3,1,1,1,7
200700008358,0007-02-22 20:30:00,7,2,22,20,30,270,375,"2, CHURCHILL (AVENUE WIN",,,Nuit avec éclairage allumé,En agglomération,Intersection en X,Normale,Deux véhicules - côté,,,,,,,,,,,5,2,2,1,3
200700008359,0007-02-23 19:45:00,7,2,23,19,45,270,375,"0, PORTE DE L'EAU (PLACE",,,Nuit avec éclairage allumé,En agglomération,Giratoire,Pluie légère,Deux véhicules - côté,,,,,,,,,,,5,2,6,2,3
200700008360,0007-02-03 21:30:00,7,2,3,21,30,270,681,ARDECHE (AVENUE DE L'),,,Nuit avec éclairage allumé,En agglomération,Hors intersection,Normale,Deux véhicules - arrière,,,,,,,,,,,5,2,1,1,2
200700008361,0007-02-15 09:25:00,7,2,15,9,25,270,588,NATIONALE 15 (ROUTE),,,Plein jour,En agglomération,Hors intersection,Normale,Autre collision,,,,,,,,,,,1,2,1,1,6
200700008362,0007-02-23 16:35:00,7,2,23,16,35,270,681,PINARD,,,Plein jour,En agglomération,Hors intersection,Normale,Autre collision,,,,,,,,,,,1,2,1,1,6
200700008363,0007-02-01 07:50:00,7,2,1,7,50,280,85,"SANS, DOUIN (RUE CHARLES",,,Crépuscule ou aube,En agglomération,Hors intersection,Normale,Deux véhicules - côté,,,,,,,,,,,2,2,1,1,3
200700008364,0007-02-01 12:50:00,7,2,1,12,50,280,85,"SANS, RN 10",,,Plein jour,Hors agglomération,Hors intersection,Normale,Trois véhicules et plus - collisions multiples,,,,,,,,,,,1,1,1,1,5
200700008365,0007-02-06 09:00:00,7,2,6,9,0,280,85,"42, GRANDES FILLES DIEU",,,Plein jour,En agglomération,Hors intersection,Normale,Autre collision,,,,,,,,,,,1,2,1,1,6
200700008366,0007-02-07 19:50:00,7,2,7,19,50,280,70,"SANS, D823",,,Crépuscule ou aube,Hors agglomération,Hors intersection,Normale,Deux véhicules - côté,,,,,,,,,,,2,1,1,1,3
200700008367,0007-02-13 11:55:00,7,2,13,11,55,280,85,"SANS, BOURGNEUF (RUE DU)",,,Plein jour,En agglomération,Hors intersection,Autre,Deux véhicules - côté,,,,,,,,,,,1,2,1,9,3
200700008368,0007-02-16 20:00:00,7,2,16,20,0,280,85,"sans, PERRIN (AVENUE JEA",,,Nuit avec éclairage allumé,En agglomération,Intersection en X,Normale,Deux véhicules - côté,,,,,,,,,,,5,2,2,1,3
200700008369,0007-02-17 12:50:00,7,2,17,12,50,280,85,"sans, MORARD (PLACE)",,,Plein jour,En agglomération,Place,Normale,Deux véhicules - frontale,,,,,,,,,,,1,2,7,1,1
200700008370,0007-02-21 16:00:00,7,2,21,16,0,280,209,"sans, RN 1154",,,Plein jour,Hors agglomération,Intersection en T,Normale,Trois véhicules et plus - collisions multiples,,,,,,,,,,,1,1,3,1,5
200700008371,0007-02-21 14:30:00,7,2,21,14,30,280,85,"sans, VARIZE (RUE DE)",,,Plein jour,En agglomération,Hors intersection,Normale,Autre collision,,,,,,,,,,,1,2,1,1,6
200700008372,0007-02-23 19:40:00,7,2,23,19,40,280,85,"64, MAUNOURY (RUE DU DOC",,,Nuit avec éclairage allumé,En agglomération,Hors intersection,Normale,Autre collision,,,,,,,,,,,5,2,1,1,6
200700008373,0007-02-28 19:00:00,7,2,28,19,0,280,209,"sans, RN 1154",,,Nuit sans éclairage public,Hors agglomération,Intersection en T,Pluie légère,Deux véhicules - côté,,,,,,,,,,,3,1,3,2,3
200700008374,0007-02-13 18:30:00,7,2,13,18,30,280,404,EUROPE (BD DE L'),,,Crépuscule ou aube,En agglomération,Intersection en X,Normale,Deux véhicules - côté,,,,,,,,,,,2,2,2,1,3
200700008375,0007-02-26 15:05:00,7,2,26,15,5,280,134,REVEILLON (RUE DU),,,Plein jour,En agglomération,Intersection en T,Normale,Deux véhicules - côté,,,,,,,,,,,1,2,3,1,3
200700008376,0007-02-01 00:10:00,7,2,1,0,10,290,19,"., STANGALARD (RAMPE ET",,,Nuit avec éclairage allumé,En agglomération,Hors intersection,Normale,Sans collision,,,,,,,,,,,5,2,1,1,7
200700008377,0007-02-02 14:41:00,7,2,2,14,41,290,19,RN 12 (PEN AR CH'LEUZ A,,,Plein jour,Hors agglomération,Hors intersection,Normale,Deux véhicules - arrière,,,,,,,,,,,1,1,1,1,2
200700008378,0007-02-02 16:10:00,7,2,2,16,10,290,19,"17, VERCORS",,,Plein jour,En agglomération,Hors intersection,Normale,Autre collision,,,,,,,,,,,1,2,1,1,6
200700008379,0007-02-03 15:50:00,7,2,3,15,50,290,19,"., ROUSSE EMILE",,,Plein jour,En agglomération,Intersection en X,Normale,Deux véhicules - côté,,,,,,,,,,,1,2,2,1,3
200700008380,0007-02-03 17:55:00,7,2,3,17,55,290,19,"66 bis, MONTAIGNE (DE 39",,,Plein jour,En agglomération,Intersection en X,Normale,Autre collision,,,,,,,,,,,1,2,2,1,6
200700008381,0007-02-04 20:10:00,7,2,4,20,10,290,19,"33, LOUPPE ALBERT (DE 1",,,Nuit avec éclairage allumé,En agglomération,Intersection en T,Normale,Deux véhicules - côté,,,,,,,,,,,5,2,3,1,3
200700008382,0007-02-06 14:00:00,7,2,6,14,0,290,19,"., BLUM LEON",,,Plein jour,Hors agglomération,Intersection en T,Normale,Autre collision,,,,,,,,,,,1,1,3,1,6
200700008383,0007-02-07 07:20:00,7,2,7,7,20,290,19,"21, TROMEUR",,,Plein jour,Hors agglomération,Hors intersection,Normale,Sans collision,,,,,,,,,,,1,1,1,1,7
200700008384,0007-02-07 17:20:00,7,2,7,17,20,290,19,"., GALLIENI GENERAL (DE",,,Plein jour,En agglomération,Intersection en X,Normale,Autre collision,,,,,,,,,,,1,2,2,1,6
200700008385,0007-02-08 20:20:00,7,2,8,20,20,290,19,"., CHEVREUL",,,Nuit avec éclairage allumé,En agglomération,Intersection en X,Pluie légère,Autre collision,,,,,,,,,,,5,2,2,2,6
200700008386,0007-02-10 18:25:00,7,2,10,18,25,290,19,"., OCEANOPOLIS",,,Crépuscule ou aube,En agglomération,Autre intersection,Vent fort / tempête,Autre collision,,,,,,,,,,,2,2,9,6,6
200700008387,0007-02-12 16:00:00,7,2,12,16,0,290,19,"53, HUGO VICTOR (DE 1 A",,,Plein jour,En agglomération,Hors intersection,Vent fort / tempête,Autre collision,,,,,,,,,,,1,2,1,6,6
200700008388,0007-02-13 11:05:00,7,2,13,11,5,290,19,"183, JAURES JEAN (DE 105",,,Plein jour,Hors agglomération,Hors intersection,Normale,Autre collision,,,,,,,,,,,1,1,1,1,6
200700008389,0007-02-17 11:29:00,7,2,17,11,29,290,19,"16, TARENTE",,,Plein jour,En agglomération,Hors intersection,Normale,Deux véhicules - côté,,,,,,,,,,,1,2,1,1,3
200700008390,0007-02-19 15:00:00,7,2,19,15,0,290,19,"., EUROPE (RUE GAL PAULE",,,Plein jour,En agglomération,Giratoire,Pluie légère,Deux véhicules - côté,,,,,,,,,,,1,2,6,2,3
200700008391,0007-02-20 22:35:00,7,2,20,22,35,290,19,"., SIAM (DE 1 A 47 ET 2",,,Nuit avec éclairage allumé,En agglomération,Hors intersection,Normale,Deux véhicules - côté,,,,,,,,,,,5,2,1,1,3
200700008392,0007-02-21 17:10:00,7,2,21,17,10,290,19,"., LE GORGEU (N°ENTRE TA",,,Plein jour,En agglomération,Intersection en T,Normale,Deux véhicules - côté,,,,,,,,,,,1,2,3,1,3
200700008393,0007-02-23 06:55:00,7,2,23,6,55,290,19,"., BERT PAUL",,,Nuit avec éclairage allumé,En agglomération,Intersection en X,Normale,Sans collision,,,,,,,,,,,5,2,2,1,7
200700008394,0007-02-24 03:29:00,7,2,24,3,29,290,19,"., DUPUY DE LOME (DE 1 A",,,Nuit avec éclairage allumé,En agglomération,Hors intersection,Pluie légère,Autre collision,,,,,,,,,,,5,2,1,2,6
200700008395,0007-02-24 16:40:00,7,2,24,16,40,290,19,"., DUPERRE (DE 1 A 31 ET",,,Plein jour,En agglomération,Intersection en X,Pluie légère,Deux véhicules - côté,,,,,,,,,,,1,2,2,2,3
200700008396,0007-02-26 12:30:00,7,2,26,12,30,290,19,"., DUPUY DE LOME (DE 1 A",,,Plein jour,En agglomération,Intersection en X,Normale,Trois véhicules et plus - collisions multiples,,,,,,,,,,,1,2,2,1,5
200700008397,0007-02-27 07:55:00,7,2,27,7,55,290,19,EUROPE (DE 58 A 166 ET 9,,,Nuit avec éclairage allumé,En agglomération,Hors intersection,Pluie légère,Deux véhicules - arrière,,,,,,,,,,,5,2,1,2,2
200700008398,0007-02-27 16:10:00,7,2,27,16,10,290,19,"., SIAM (DE 46 A 82 ET 4",,,Plein jour,En agglomération,Intersection en X,Pluie légère,Deux véhicules - côté,,,,,,,,,,,1,2,2,2,3
200700008399,0007-02-27 17:50:00,7,2,27,17,50,290,19,"., HARTELOIRE (PONT)",,,Plein jour,En agglomération,Hors intersection,Pluie légère,Deux véhicules - arrière,,,,,,,,,,,1,2,1,2,2
200700008400,0007-02-28 11:00:00,7,2,28,11,0,290,19,ROCH GLAS (ROUTE ET CHEM,,,Plein jour,Hors agglomération,Intersection en X,Temps couvert,Deux véhicules - arrière,,,,,,,,,,,1,1,2,8,2
200700008401,0007-02-03 18:40:00,7,2,3,18,40,290,39,KERIOLET ( RUE DE ),,,Nuit avec éclairage allumé,En agglomération,Intersection en X,Normale,Deux véhicules - côté,,,,,,,,,,,5,2,2,1,3
200700008402,0007-02-07 07:40:00,7,2,7,7,40,290,254,ROUTE NATIONALE 12,,,Nuit sans éclairage public,Hors agglomération,Hors intersection,Normale,Sans collision,,,,,,,,,,,3,1,1,1,7
200700008403,0007-02-13 20:30:00,7,2,13,20,30,290,151,SAINT-NICOLAS (RAMPE),,,Nuit avec éclairage allumé,En agglomération,Autre intersection,Pluie légère,Deux véhicules - côté,,,,,,,,,,,5,2,9,2,3
200700008404,0007-02-14 19:30:00,7,2,14,19,30,290,151,OTAGES (PLACE DES),,,Nuit avec éclairage allumé,En agglomération,Hors intersection,Normale,Autre collision,,,,,,,,,,,5,2,1,1,6
200700008405,0007-02-27 16:55:00,7,2,27,16,55,290,151,CIRCONSCRIPTION,,,Plein jour,Hors agglomération,Autre intersection,Normale,Deux véhicules - côté,,,,,,,,,,,1,1,9,1,3
200700008406,0007-02-07 19:25:00,7,2,7,19,25,290,232,", PRESIDENT ALLENDE BOUL",,,Nuit sans éclairage public,Hors agglomération,Hors intersection,Pluie forte,Deux véhicules - arrière,,,,,,,,,,,3,1,1,3,2
200700008407,0007-02-17 15:05:00,7,2,17,15,5,290,232,"0, EAU BLANCHE  ROND POI",,,Plein jour,Hors agglomération,Giratoire,Normale,Autre collision,,,,,,,,,,,1,1,6,1,6
200700008408,0007-02-28 17:33:00,7,2,28,17,33,290,232,"0, KERGESTIN RUE DE",,,Plein jour,Hors agglomération,Hors intersection,Normale,Autre collision,,,,,,,,,,,1,1,1,1,6
200700008409,0007-02-28 09:54:00,7,2,28,9,54,290,232,"0, LE DEAN AIME JEAN RUE",,,Plein jour,En agglomération,Hors intersection,Normale,Autre collision,,,,,,,,,,,1,2,1,1,6
200700008410,0007-02-14 15:50:00,7,2,14,15,50,300,243,MAS ROUGE (ROUTE DU),,,Plein jour,En agglomération,Intersection en X,Normale,Deux véhicules - côté,,,,,,,,,,,1,2,2,1,3
200700008411,0007-02-16 00:01:00,7,2,16,0,1,300,7,"., GIBERTINE (AVE DE LA)",,,Nuit avec éclairage allumé,En agglomération,Hors intersection,Normale,Deux véhicules - arrière,,,,,,,,,,,5,2,1,1,2
200700008412,0007-02-16 05:40:00,7,2,16,5,40,300,7,GARDON (QUAI DU),,,Nuit avec éclairage allumé,En agglomération,Hors intersection,Normale,Deux véhicules - frontale,,,,,,,,,,,5,2,1,1,1
200700008413,0007-02-10 21:05:00,7,2,10,21,5,300,28,ROUTE DE PONT SAINT ESPR,,,Nuit avec éclairage allumé,En agglomération,Hors intersection,Normale,Deux véhicules - côté,,,,,,,,,,,5,2,1,1,3
200700008414,0007-02-25 14:15:00,7,2,25,14,15,300,28,BOIS (ALLEE DES),,,Plein jour,En agglomération,Hors intersection,Normale,Deux véhicules - arrière,,,,,,,,,,,1,2,1,1,2
200700008415,0007-02-01 08:28:00,7,2,1,8,28,300,189,"..., SAUVE (ROUTE)",,,Plein jour,Hors agglomération,Hors intersection,Normale,Deux véhicules - arrière,,,,,,,,,,,1,1,1,1,2
200700008416,0007-02-01 12:18:00,7,2,1,12,18,300,189,"., ALLENDE SALVADOR (RUE",,,Plein jour,En agglomération,Hors intersection,Normale,Trois véhicules et plus - collisions multiples,,,,,,,,,,,1,2,1,1,5
200700008417,0007-02-05 12:06:00,7,2,5,12,6,300,189,"84, JAURES JEAN (BOULEVA",,,Plein jour,En agglomération,Hors intersection,Normale,Autre collision,,,,,,,,,,,1,2,1,1,6
200700008418,0007-02-06 13:48:00,7,2,6,13,48,300,189,"279, ROULAN (CHEMIN)",43.85256,4.0,Plein jour,En agglomération,Hors intersection,Normale,Autre collision,,,,,,,,,,,1,2,1,1,6
200700008419,0007-02-06 21:00:00,7,2,6,21,0,300,189,"22, GAMBETTA (BD)",,,Nuit avec éclairage allumé,En agglomération,Hors intersection,Normale,Autre collision,,,,,,,,,,,5,2,1,1,6
200700008420,0007-02-07 17:39:00,7,2,7,17,39,300,189,SOUS FONT DAME (CHEMIN O,43.0,4.0,Nuit sans éclairage public,Hors agglomération,Hors intersection,Normale,Sans collision,,,,,,,,,,,3,1,1,1,7
200700008421,0007-02-08 09:45:00,7,2,8,9,45,300,189,"., FRANCAIS LIBRES (BD)",,,Plein jour,En agglomération,Hors intersection,Normale,Deux véhicules - côté,,,,,,,,,,,1,2,1,1,3
200700008422,0007-02-09 10:39:00,7,2,9,10,39,300,189,"..., GAMBETTA (BD)",43.83872,4.36612,Plein jour,En agglomération,Hors intersection,Normale,Autre collision,,,,,,,,,,,1,2,1,1,6
200700008423,0007-02-09 11:55:00,7,2,9,11,55,300,189,"15, COLBERT (RUE)",,,Plein jour,En agglomération,Intersection en X,Normale,Deux véhicules - côté,,,,,,,,,,,1,2,2,1,3
200700008424,0007-02-09 13:15:00,7,2,9,13,15,300,189,"1, EULER (RUE)",,,Plein jour,En agglomération,Hors intersection,Normale,Autre collision,,,,,,,,,,,1,2,1,1,6
200700008425,0007-02-09 17:22:00,7,2,9,17,22,300,189,"..., MAURICE SCHUMANN",,,Plein jour,En agglomération,Hors intersection,Normale,Autre collision,,,,,,,,,,,1,2,1,1,6
200700008426,0007-02-09 20:00:00,7,2,9,20,0,300,189,"., SAINT GILLES (ROUTE)",,,Nuit sans éclairage public,En agglomération,Hors intersection,Normale,Trois véhicules et plus - collisions multiples,,,,,,,,,,,3,2,1,1,5
200700008427,0007-02-10 09:37:00,7,2,10,9,37,300,189,"..., PAINLEVE PAUL (RUE)",43.83689,4.37267,Plein jour,En agglomération,Hors intersection,Normale,Autre collision,,,,,,,,,,,1,2,1,1,6
200700008428,0007-02-12 17:29:00,7,2,12,17,29,300,189,"..., SIQUAL YVES",43.81452,4.35568,Plein jour,En agglomération,Intersection en T,Normale,Sans collision,,,,,,,,,,,1,2,3,1,7
200700008429,0007-02-13 09:33:00,7,2,13,9,33,300,189,"., ALES (ROUTE)",,,Plein jour,En agglomération,Hors intersection,Normale,Deux véhicules - arrière,,,,,,,,,,,1,2,1,1,2
200700008430,0007-02-13 10:49:00,7,2,13,10,49,300,189,"02, LAURIERS  (RUE)",,,Plein jour,En agglomération,Hors intersection,Normale,Autre collision,,,,,,,,,,,1,2,1,1,6
200700008431,0007-02-13 12:00:00,7,2,13,12,0,300,189,"..., AVIGNON (ROUTE)",,,Plein jour,En agglomération,Hors intersection,Normale,Deux véhicules - arrière,,,,,,,,,,,1,2,1,1,2
200700008432,0007-02-14 17:15:00,7,2,14,17,15,300,189,SAINT GILLES (ROUTE),43.82325,4.35159,Plein jour,Hors agglomération,Hors intersection,Pluie légère,Deux véhicules - frontale,,,,,,,,,,,1,1,1,2,1
200700008433,0007-02-15 10:37:00,7,2,15,10,37,300,189,"., VALDEGOUR (IMPASSE OU",,,Plein jour,En agglomération,Hors intersection,Normale,Deux véhicules - côté,,,,,,,,,,,1,2,1,1,3
200700008434,0007-02-15 22:45:00,7,2,15,22,45,300,189,"..., FENELON (RUE)",,,Nuit avec éclairage allumé,En agglomération,Intersection en X,Normale,Deux véhicules - côté,,,,,,,,,,,5,2,2,1,3
200700008435,0007-02-17 18:09:00,7,2,17,18,9,300,189,"...., GAMBETTA (BD)",,,Crépuscule ou aube,Hors agglomération,Hors intersection,Pluie légère,Autre collision,,,,,,,,,,,2,1,1,2,6
200700008436,0007-02-18 17:30:00,7,2,18,17,30,300,189,"., GENERAC (ROUTE)",,,Plein jour,En agglomération,Intersection en T,Pluie légère,Deux véhicules - côté,,,,,,,,,,,1,2,3,2,3
200700008437,0007-02-19 07:55:00,7,2,19,7,55,300,189,"3333, HENRI IV (RUE)",43.83052,3.45699,Plein jour,En agglomération,Intersection en X,Normale,Autre collision,,,,,,,,,,,1,2,2,1,6
200700008438,0007-02-20 05:30:00,7,2,20,5,30,300,189,"., POMPIDOU GEORGES (AVE",,,Nuit avec éclairage allumé,En agglomération,Intersection en X,Normale,Deux véhicules - côté,,,,,,,,,,,5,2,2,1,3
200700008439,0007-02-20 22:15:00,7,2,20,22,15,300,189,"52, SAUVE (ROUTE)",,,Nuit avec éclairage allumé,En agglomération,Hors intersection,Normale,Autre collision,,,,,,,,,,,5,2,1,1,6
200700008440,0007-02-21 11:13:00,7,2,21,11,13,300,189,"84, JAURES JEAN (BOULEVA",,,Plein jour,En agglomération,Hors intersection,Normale,Deux véhicules - côté,,,,,,,,,,,1,2,1,1,3
200700008441,0007-02-23 16:30:00,7,2,23,16,30,300,189,"., ROOSEVELT FRANKLIN (A",,,Plein jour,En agglomération,Intersection en X,Normale,Deux véhicules - côté,,,,,,,,,,,1,2,2,1,3