accident_id,datetime,annee,mois,jour,heure,minute,departement,commune_insee,adresse,latitude,longitude,luminosite,agglomeration,intersection,meteo,collision,nb_vehicules,nb_usagers,nb_indemnes,nb_tues,nb_blesses_hosp,nb_blesses_legers,age_cond_1,age_cond_2,veh_type_cond_1,veh_type_cond_2,lum_code,agg_code,int_code,atm_code,col_code
200700008442,0007-02-23 17:18:00,7,2,23,17,18,300,189,"., MARECHAL JUIN (BOULEV",,,Plein jour,En agglomération,Hors intersection,Normale,Deux véhicules - côté,,,,,,,,,,,1,2,1,1,3
200700008443,0007-02-24 13:55:00,7,2,24,13,55,300,189,"..., UTRILLO (RUE OU IMP",,,Plein jour,En agglomération,Hors intersection,Normale,Deux véhicules - frontale,,,,,,,,,,,1,2,1,1,1
200700008444,0007-02-26 12:00:00,7,2,26,12,0,300,189,"., ALLENDE SALVADOR (RUE",,,Plein jour,En agglomération,Hors intersection,Normale,Deux véhicules - arrière,,,,,,,,,,,1,2,1,1,2
200700008445,0007-02-26 18:46:00,7,2,26,18,46,300,189,"554, GAMEL PIERRE (AVENU",43.4926,4.2147,Nuit avec éclairage allumé,En agglomération,Hors intersection,Normale,Autre collision,,,,,,,,,,,5,2,1,1,6
200700008446,0007-02-07 15:50:00,7,2,7,15,50,300,351,"1, GENERAL LECLERC AVENU",,,Plein jour,En agglomération,Intersection en X,Pluie légère,Deux véhicules - frontale,,,,,,,,,,,1,2,2,2,1
200700008447,0007-02-16 19:15:00,7,2,16,19,15,300,11,"0, R.D. 6580",,,Nuit sans éclairage public,En agglomération,Hors intersection,Normale,Deux véhicules - côté,,,,,,,,,,,3,2,1,1,3
200700008448,0007-02-01 08:15:00,7,2,1,8,15,310,69,BELLONTE (RD-PT MAURICE),,,Plein jour,En agglomération,Giratoire,Normale,Deux véhicules - côté,,,,,,,,,,,1,2,6,1,3
200700008449,0007-02-02 09:15:00,7,2,2,9,15,310,69,route departementale 902,,,Plein jour,Hors agglomération,Hors intersection,Normale,Autre collision,,,,,,,,,,,1,1,1,1,6
200700008450,0007-02-04 18:20:00,7,2,4,18,20,310,69,PINS (AV DES),,,Nuit avec éclairage allumé,En agglomération,Intersection en T,Normale,Deux véhicules - frontale,,,,,,,,,,,5,2,3,1,1
200700008451,0007-02-20 14:35:00,7,2,20,14,35,310,69,"2, CORNEBARRIEU (AV DE)",,,Plein jour,En agglomération,Hors intersection,Normale,Deux véhicules - arrière,,,,,,,,,,,1,2,1,1,2
200700008452,0007-02-08 11:25:00,7,2,8,11,25,310,565,VALENTINE (PONT DE),,,Plein jour,Hors agglomération,Hors intersection,Pluie légère,Sans collision,,,,,,,,,,,1,1,1,2,7
200700008453,0007-02-11 13:05:00,7,2,11,13,5,310,565,"1, D 8",,,Plein jour,Hors agglomération,Hors intersection,Normale,Sans collision,,,,,,,,,,,1,1,1,1,7
200700008454,0007-02-19 12:00:00,7,2,19,12,0,310,483,"10, ARRIEU ANSELME (AVEN",,,Plein jour,En agglomération,Hors intersection,Normale,Autre collision,,,,,,,,,,,1,2,1,1,6
200700008455,0007-02-01 13:00:00,7,2,1,13,0,310,555,"118, RTE DE NARBONNE",,,Plein jour,En agglomération,Hors intersection,Temps couvert,Trois véhicules et plus - en chaîne,,,,,,,,,,,1,2,1,8,4
200700008456,0007-02-01 18:35:00,7,2,1,18,35,310,555,VA008482 A624,,,Nuit avec éclairage allumé,En agglomération,Hors intersection,Normale,Trois véhicules et plus - en chaîne,,,,,,,,,,,5,2,1,1,4
200700008457,0007-02-01 20:35:00,7,2,1,20,35,310,555,VA007418 PONT JUMEAUX A6,,,Nuit avec éclairage allumé,Hors agglomération,Hors intersection,Normale,Deux véhicules - côté,,,,,,,,,,,5,1,1,1,3
200700008458,0007-02-03 17:15:00,7,2,3,17,15,310,555,"999, ALL FREDERIC MISTRA",,,Plein jour,En agglomération,Intersection en T,Normale,Autre collision,,,,,,,,,,,1,2,3,1,6
200700008459,0007-02-03 18:50:00,7,2,3,18,50,310,555,"42, RTE D AGDE",,,Nuit avec éclairage allumé,En agglomération,Hors intersection,Normale,Autre collision,,,,,,,,,,,5,2,1,1,6
200700008460,0007-02-04 04:50:00,7,2,4,4,50,310,555,"160, CHE VIREBENT",,,Nuit avec éclairage non allumé,En agglomération,Hors intersection,Brouillard / fumée,Sans collision,,,,,,,,,,,4,2,1,5,7
200700008461,0007-02-05 22:10:00,7,2,5,22,10,310,555,"999, RPT PIERRE BOURTHOU",,,Nuit avec éclairage allumé,En agglomération,Hors intersection,Pluie légère,Autre collision,,,,,,,,,,,5,2,1,2,6
200700008462,0007-02-05 07:45:00,7,2,5,7,45,310,555,"999, BD DE LA MARQUETTE",,,Plein jour,En agglomération,Hors intersection,Temps couvert,Deux véhicules - côté,,,,,,,,,,,1,2,1,8,3
200700008463,0007-02-06 09:50:00,7,2,6,9,50,310,555,"999, AV LOUIS BAZERQUE",,,Plein jour,En agglomération,Hors intersection,Autre,Deux véhicules - arrière,,,,,,,,,,,1,2,1,9,2
200700008464,0007-02-06 13:50:00,7,2,6,13,50,310,555,"10, RUE GASTON SALVAYRE",,,Plein jour,En agglomération,Hors intersection,Temps couvert,Autre collision,,,,,,,,,,,1,2,1,8,6
200700008465,0007-02-06 21:19:00,7,2,6,21,19,310,555,"999, AV WINSTON CHURCHIL",,,Nuit avec éclairage allumé,En agglomération,Hors intersection,Pluie légère,Deux véhicules - frontale,,,,,,,,,,,5,2,1,2,1
200700008466,0007-02-07 07:08:00,7,2,7,7,8,310,555,"39, AV ETIENNE BILLIERES",,,Nuit avec éclairage allumé,En agglomération,Hors intersection,Normale,Deux véhicules - côté,,,,,,,,,,,5,2,1,1,3
200700008467,0007-02-07 18:45:00,7,2,7,18,45,310,555,RTE DE SEYSSES,,,Crépuscule ou aube,En agglomération,Intersection en T,Normale,Deux véhicules - frontale,,,,,,,,,,,2,2,3,1,1
200700008468,0007-02-08 03:50:00,7,2,8,3,50,310,555,VA007355 PURPAN A620 Sor,,,Nuit avec éclairage allumé,Hors agglomération,Hors intersection,Pluie légère,Sans collision,,,,,,,,,,,5,1,1,2,7
200700008469,0007-02-09 02:40:00,7,2,9,2,40,310,555,"999, AV PIERRE G LATECOE",,,Nuit avec éclairage allumé,En agglomération,Hors intersection,Pluie légère,Autre collision,,,,,,,,,,,5,2,1,2,6
200700008470,0007-02-08 07:10:00,7,2,8,7,10,310,555,"999, R-PT DU DR MAURICE",,,Crépuscule ou aube,En agglomération,Hors intersection,Pluie légère,Deux véhicules - côté,,,,,,,,,,,2,2,1,2,3
200700008471,0007-02-08 11:10:00,7,2,8,11,10,310,555,"74, CHE DE TOURNEFEUILLE",,,Plein jour,En agglomération,Hors intersection,Pluie légère,Deux véhicules - côté,,,,,,,,,,,1,2,1,2,3
200700008472,0007-02-08 18:40:00,7,2,8,18,40,310,555,"999, RUE MARTYRS LIBERAT",,,Nuit avec éclairage allumé,En agglomération,Hors intersection,Pluie légère,Deux véhicules - côté,,,,,,,,,,,5,2,1,2,3
200700008473,0007-02-08 22:10:00,7,2,8,22,10,310,555,"999, AV DES MINIMES",,,Nuit avec éclairage allumé,En agglomération,Hors intersection,Normale,Deux véhicules - côté,,,,,,,,,,,5,2,1,1,3
200700008474,0007-02-03 05:37:00,7,2,3,5,37,310,555,"999, RUE CASTELLANE",,,Nuit avec éclairage allumé,En agglomération,Hors intersection,Normale,Autre collision,,,,,,,,,,,5,2,1,1,6
200700008475,0007-02-09 08:40:00,7,2,9,8,40,310,555,"999, VA008482 A624",,,Plein jour,Hors agglomération,Hors intersection,Pluie légère,Trois véhicules et plus - en chaîne,,,,,,,,,,,1,1,1,2,4
200700008476,0007-02-09 12:40:00,7,2,9,12,40,310,555,"999, AV DU GENERAL EISEN",,,Plein jour,En agglomération,Hors intersection,Normale,Deux véhicules - côté,,,,,,,,,,,1,2,1,1,3
200700008477,0007-02-09 17:30:00,7,2,9,17,30,310,555,"23, AV DE LYON",,,Plein jour,En agglomération,Hors intersection,Temps couvert,Autre collision,,,,,,,,,,,1,2,1,8,6
200700008478,0007-02-10 01:20:00,7,2,10,1,20,310,555,"999, RTE DE NARBONNE",,,Nuit avec éclairage allumé,En agglomération,Hors intersection,Normale,Autre collision,,,,,,,,,,,5,2,1,1,6
200700008479,0007-02-10 14:15:00,7,2,10,14,15,310,555,"8, ALL DU PRESIDENT ROOS",,,Plein jour,En agglomération,Hors intersection,Pluie légère,Deux véhicules - côté,,,,,,,,,,,1,2,1,2,3
200700008480,0007-02-10 20:15:00,7,2,10,20,15,310,555,"999, RUE PIERRETTE LOUIN",,,Nuit avec éclairage allumé,En agglomération,Hors intersection,Normale,Deux véhicules - arrière,,,,,,,,,,,5,2,1,1,2
200700008481,0007-02-10 00:48:00,7,2,10,0,48,310,555,"999, AV LEON BLUM",,,Nuit avec éclairage allumé,En agglomération,Hors intersection,Normale,Deux véhicules - côté,,,,,,,,,,,5,2,1,1,3
200700008482,0007-02-11 01:50:00,7,2,11,1,50,310,555,VA007518 A68,,,Nuit avec éclairage allumé,Hors agglomération,Hors intersection,Pluie légère,Sans collision,,,,,,,,,,,5,1,1,2,7
200700008483,0007-02-11 04:20:00,7,2,11,4,20,310,555,"999, AV HONORE SERRES",,,Nuit avec éclairage allumé,En agglomération,Hors intersection,Pluie légère,Autre collision,,,,,,,,,,,5,2,1,2,6
200700008484,0007-02-11 21:50:00,7,2,11,21,50,310,555,VA007539 LA ROSERAIE A61,,,Nuit avec éclairage allumé,Hors agglomération,Hors intersection,Pluie légère,Deux véhicules - côté,,,,,,,,,,,5,1,1,2,3
200700008485,0007-02-12 04:06:00,7,2,12,4,6,310,555,"999, BOULINGRIN",,,Nuit avec éclairage allumé,En agglomération,Hors intersection,Pluie légère,Deux véhicules - côté,,,,,,,,,,,5,2,1,2,3
200700008486,0007-02-12 10:15:00,7,2,12,10,15,310,555,VA007495 A62,,,Plein jour,Hors agglomération,Hors intersection,Pluie forte,Autre collision,,,,,,,,,,,1,1,1,3,6
200700008487,0007-02-12 11:10:00,7,2,12,11,10,310,555,"999, BD DE BONREPOS",,,Plein jour,En agglomération,Hors intersection,Pluie légère,Autre collision,,,,,,,,,,,1,2,1,2,6
200700008488,0007-02-12 15:45:00,7,2,12,15,45,310,555,"999, IMP AMEDEO MODIGLIA",,,Plein jour,En agglomération,Intersection en T,Normale,Trois véhicules et plus - collisions multiples,,,,,,,,,,,1,2,3,1,5
200700008489,0007-02-12 19:00:00,7,2,12,19,0,310,555,"20, PL DOMINIQUE MARTIN",,,Crépuscule ou aube,En agglomération,Hors intersection,Normale,Autre collision,,,,,,,,,,,2,2,1,1,6
200700008490,0007-02-12 12:20:00,7,2,12,12,20,310,555,"999, CHE ABADIE",,,Plein jour,En agglomération,Intersection en T,Pluie légère,Deux véhicules - côté,,,,,,,,,,,1,2,3,2,3
200700008491,0007-02-13 10:05:00,7,2,13,10,5,310,555,VA007418 PONT JUMEAUX A6,,,Plein jour,Hors agglomération,Hors intersection,Normale,Deux véhicules - arrière,,,,,,,,,,,1,1,1,1,2
200700008492,0007-02-13 13:20:00,7,2,13,13,20,310,555,"999, RPT DU 21 SEPTEMBRE",,,Plein jour,En agglomération,Hors intersection,Normale,Deux véhicules - côté,,,,,,,,,,,1,2,1,1,3
200700008493,0007-02-13 17:05:00,7,2,13,17,5,310,555,"999, RUE DU PONT GUILHEM",,,Plein jour,En agglomération,Hors intersection,Normale,Autre collision,,,,,,,,,,,1,2,1,1,6
200700008494,0007-02-13 18:07:00,7,2,13,18,7,310,555,"999, AV DU GENERAL EISEN",,,Plein jour,En agglomération,Hors intersection,Normale,Deux véhicules - côté,,,,,,,,,,,1,2,1,1,3
200700008495,0007-02-14 17:56:00,7,2,14,17,56,310,555,"141, CHE DE FENOUILLET",,,Plein jour,En agglomération,Hors intersection,Normale,Deux véhicules - frontale,,,,,,,,,,,1,2,1,1,1
200700008496,0007-02-15 15:30:00,7,2,15,15,30,310,555,"999, BD DE LA GARE",,,Plein jour,En agglomération,Hors intersection,Normale,Deux véhicules - côté,,,,,,,,,,,1,2,1,1,3
200700008497,0007-02-15 21:30:00,7,2,15,21,30,310,555,VA007333 LA FAOURETTE A6,,,Nuit avec éclairage allumé,Hors agglomération,Hors intersection,Normale,Sans collision,,,,,,,,,,,5,1,1,1,7
200700008498,0007-02-15 18:40:00,7,2,15,18,40,310,555,"31, ALL JEAN JAURES",,,Plein jour,En agglomération,Hors intersection,Normale,Autre collision,,,,,,,,,,,1,2,1,1,6
200700008499,0007-02-15 17:30:00,7,2,15,17,30,310,555,"999, PONT GARIGLIANO",,,Plein jour,En agglomération,Hors intersection,Normale,Deux véhicules - côté,,,,,,,,,,,1,2,1,1,3
200700008500,0007-02-17 06:15:00,7,2,17,6,15,310,555,"999, AV LOUIS ARISTE PAS",,,Nuit avec éclairage allumé,En agglomération,Intersection en X,Vent fort / tempête,Deux véhicules - côté,,,,,,,,,,,5,2,2,6,3
200700008501,0007-02-16 17:13:00,7,2,16,17,13,310,555,"62, BD DE STRASBOURG",,,Plein jour,En agglomération,Intersection en Y,Normale,Deux véhicules - côté,,,,,,,,,,,1,2,4,1,3
200700008502,0007-02-18 04:10:00,7,2,18,4,10,310,555,"221, RTE DE SEYSSES",,,Nuit avec éclairage allumé,En agglomération,Hors intersection,Pluie légère,Deux véhicules - côté,,,,,,,,,,,5,2,1,2,3
200700008503,0007-02-18 19:10:00,7,2,18,19,10,310,555,"999, R-PT EUGENE CLAUDIU",,,Nuit avec éclairage allumé,En agglomération,Hors intersection,Pluie légère,Deux véhicules - côté,,,,,,,,,,,5,2,1,2,3
200700008504,0007-02-18 08:30:00,7,2,18,8,30,310,555,"999, RUE JULES VEDRINES",,,Nuit avec éclairage allumé,En agglomération,Hors intersection,Pluie légère,Autre collision,,,,,,,,,,,5,2,1,2,6
200700008505,0007-02-16 13:40:00,7,2,16,13,40,310,555,VA007456 SESQUIERES A620,,,Plein jour,Hors agglomération,Hors intersection,Normale,Deux véhicules - arrière,,,,,,,,,,,1,1,1,1,2
200700008506,0007-02-19 17:05:00,7,2,19,17,5,310,555,"29 BIS, AV MARCEL DASSAU",,,Plein jour,En agglomération,Hors intersection,Normale,Deux véhicules - arrière,,,,,,,,,,,1,2,1,1,2
200700008507,0007-02-20 11:30:00,7,2,20,11,30,310,555,"70, AV DE FRONTON",,,Plein jour,En agglomération,Intersection en T,Normale,Deux véhicules - côté,,,,,,,,,,,1,2,3,1,3
200700008508,0007-02-21 23:38:00,7,2,21,23,38,310,555,"24, BD GRIFFOUL DORVAL",,,Nuit avec éclairage allumé,En agglomération,Hors intersection,Normale,Deux véhicules - côté,,,,,,,,,,,5,2,1,1,3
200700008509,0007-02-22 08:15:00,7,2,22,8,15,310,555,"999, RUE CLAUDE MARIE PE",,,Plein jour,En agglomération,Hors intersection,Temps couvert,Autre collision,,,,,,,,,,,1,2,1,8,6
200700008510,0007-02-22 11:50:00,7,2,22,11,50,310,555,"88, AV ANTOINE DE ST EXU",,,Plein jour,En agglomération,Hors intersection,Normale,Deux véhicules - côté,,,,,,,,,,,1,2,1,1,3
200700008511,0007-02-22 12:20:00,7,2,22,12,20,310,555,"999, RUE DU BEARNAIS",,,Plein jour,En agglomération,Hors intersection,Pluie légère,Deux véhicules - arrière,,,,,,,,,,,1,2,1,2,2
200700008512,0007-02-22 15:10:00,7,2,22,15,10,310,555,VA007440 LES MINIMES A62,,,Plein jour,Hors agglomération,Hors intersection,Normale,Autre collision,,,,,,,,,,,1,1,1,1,6
200700008513,0007-02-22 23:25:00,7,2,22,23,25,310,555,"70, RUE ARISTIDE MAILLOL",,,Nuit avec éclairage allumé,En agglomération,Hors intersection,Normale,Autre collision,,,,,,,,,,,5,2,1,1,6
200700008514,0007-02-23 15:20:00,7,2,23,15,20,310,555,"92, RTE D ALBI",,,Plein jour,En agglomération,Intersection en T,Normale,Deux véhicules - côté,,,,,,,,,,,1,2,3,1,3
200700008515,0007-02-23 19:20:00,7,2,23,19,20,310,555,"999, BD DE THIBAUD",,,Nuit avec éclairage allumé,En agglomération,Intersection en T,Normale,Autre collision,,,,,,,,,,,5,2,3,1,6
200700008516,0007-02-25 06:30:00,7,2,25,6,30,310,555,"999, RTE DE LABEGE",,,Nuit avec éclairage allumé,En agglomération,Intersection en X,Pluie légère,Deux véhicules - côté,,,,,,,,,,,5,2,2,2,3
200700008517,0007-02-25 09:15:00,7,2,25,9,15,310,555,"999, RTE DE REVEL",,,Plein jour,En agglomération,Intersection en X,Pluie forte,Deux véhicules - côté,,,,,,,,,,,1,2,2,3,3
200700008518,0007-02-25 12:15:00,7,2,25,12,15,310,555,VA007644 EMPALOT A620 So,,,Plein jour,Hors agglomération,Hors intersection,Pluie légère,Sans collision,,,,,,,,,,,1,1,1,2,7
200700008519,0007-02-26 19:02:00,7,2,26,19,2,310,555,"999, BD PR LEOPOLD ESCAN",,,Crépuscule ou aube,En agglomération,Hors intersection,Normale,Deux véhicules - frontale,,,,,,,,,,,2,2,1,1,1
200700008520,0007-02-26 16:00:00,7,2,26,16,0,310,555,"17, RUE MARIUS TERCE",,,Plein jour,En agglomération,Hors intersection,Normale,Deux véhicules - côté,,,,,,,,,,,1,2,1,1,3
200700008521,0007-02-26 18:45:00,7,2,26,18,45,310,555,VA007418 PONT JUMEAUX A6,,,Nuit avec éclairage allumé,Hors agglomération,Hors intersection,Temps couvert,Deux véhicules - arrière,,,,,,,,,,,5,1,1,8,2
200700008522,0007-02-28 08:00:00,7,2,28,8,0,310,555,"999, AV JEAN RIEUX",,,Plein jour,En agglomération,Intersection en T,Pluie légère,Deux véhicules - côté,,,,,,,,,,,1,2,3,2,3
200700008523,0007-02-28 11:35:00,7,2,28,11,35,310,555,"999, QU DE LA DAURADE",,,Plein jour,En agglomération,Intersection en X,Pluie légère,Deux véhicules - côté,,,,,,,,,,,1,2,2,2,3
200700008524,0007-02-14 23:15:00,7,2,14,23,15,310,557,"29BIS, PEYRETTE (CH DE L",,,Nuit avec éclairage non allumé,Hors agglomération,Hors intersection,Normale,Sans collision,,,,,,,,,,,4,1,1,1,7
200700008525,0007-02-17 19:50:00,7,2,17,19,50,310,557,"0, LARRAMET (CH DE)",,,Nuit avec éclairage allumé,En agglomération,Intersection en T,Normale,Deux véhicules - côté,,,,,,,,,,,5,2,3,1,3
200700008526,0007-02-27 08:20:00,7,2,27,8,20,310,557,SERMENT DE KOUFRA (RD-PT,,,Plein jour,En agglomération,Giratoire,Temps couvert,Deux véhicules - arrière,,,,,,,,,,,1,2,6,8,2
200700008527,0007-02-02 02:45:00,7,2,2,2,45,320,13,"15, ARAGO (RUE)",,,Nuit avec éclairage allumé,En agglomération,Intersection en T,Normale,Sans collision,,,,,,,,,,,5,2,3,1,7
200700008528,0007-02-07 16:15:00,7,2,7,16,15,320,13,EUGENE SUE,,,Plein jour,En agglomération,Intersection en T,Normale,Deux véhicules - côté,,,,,,,,,,,1,2,3,1,3
200700008529,0007-02-27 23:40:00,7,2,27,23,40,320,13,AGEN (ROUTE D'),,,Nuit avec éclairage allumé,En agglomération,Hors intersection,Pluie légère,Sans collision,,,,,,,,,,,5,2,1,2,7
200700008530,0007-02-04 21:10:00,7,2,4,21,10,330,529,"36, SAINT-EXUPERY (AVE)",,,Nuit avec éclairage allumé,En agglomération,Hors intersection,Normale,Deux véhicules - arrière,,,,,,,,,,,5,2,1,1,2
200700008531,0007-02-07 12:25:00,7,2,7,12,25,330,529,RN 250 (CAMICAS-OUSTALET,,,Plein jour,Hors agglomération,Hors intersection,Normale,Deux véhicules - côté,,,,,,,,,,,1,1,1,1,3
200700008532,0007-02-01 17:25:00,7,2,1,17,25,330,63,"133, CRS DU MEDOC",,,Plein jour,En agglomération,Hors intersection,Normale,Deux véhicules - côté,,,,,,,,,,,1,2,1,1,3
200700008533,0007-02-02 19:24:00,7,2,2,19,24,330,63,RUE CLAUDE BONNIER,,,Nuit avec éclairage allumé,En agglomération,Intersection en T,Normale,Deux véhicules - côté,,,,,,,,,,,5,2,3,1,3
200700008534,0007-02-02 16:55:00,7,2,2,16,55,330,63,RUE ABBE DE L'EPEE,,,Plein jour,En agglomération,Intersection en X,Normale,Deux véhicules - côté,,,,,,,,,,,1,2,2,1,3
200700008535,0007-02-04 05:35:00,7,2,4,5,35,330,63,"263, CRS DE LA SOMME",,,Nuit avec éclairage allumé,En agglomération,Intersection en X,Normale,Autre collision,,,,,,,,,,,5,2,2,1,6
200700008536,0007-02-02 08:30:00,7,2,2,8,30,330,63,ALL DU BOIS,,,Plein jour,En agglomération,Intersection en Y,Normale,Deux véhicules - frontale,,,,,,,,,,,1,2,4,1,1
200700008537,0007-02-02 07:35:00,7,2,2,7,35,330,63,QUAI RICHELIEU,,,Plein jour,En agglomération,Hors intersection,Normale,Autre collision,,,,,,,,,,,1,2,1,1,6
200700008538,0007-02-02 11:45:00,7,2,2,11,45,330,281,AVE DE KAOLACK,,,Plein jour,En agglomération,Hors intersection,Normale,Deux véhicules - frontale,,,,,,,,,,,1,2,1,1,1
200700008539,0007-02-06 07:40:00,7,2,6,7,40,330,63,CRS MARECHAL JUIN,,,Nuit avec éclairage allumé,En agglomération,Intersection en X,Pluie légère,Autre collision,,,,,,,,,,,5,2,2,2,6
200700008540,0007-02-03 05:30:00,7,2,3,5,30,330,167,"146, QUAI DE LA SOUYS",,,Nuit avec éclairage allumé,En agglomération,Hors intersection,Normale,Autre collision,,,,,,,,,,,5,2,1,1,6
200700008541,0007-02-05 14:30:00,7,2,5,14,30,330,318,AVE DU DOCTEUR NANCEL PE,,,Plein jour,En agglomération,Intersection en X,Pluie légère,Deux véhicules - côté,,,,,,,,,,,1,2,2,2,3
200700008542,0007-02-03 20:05:00,7,2,3,20,5,330,281,AVE MONTESQUIEU,,,Nuit avec éclairage allumé,En agglomération,Intersection en X,Normale,Autre collision,,,,,,,,,,,5,2,2,1,6
200700008543,0007-02-07 07:55:00,7,2,7,7,55,330,63,AVE MAL DE LATTRE TASSIG,,,Crépuscule ou aube,En agglomération,Intersection en T,Pluie forte,Deux véhicules - côté,,,,,,,,,,,2,2,3,3,3
200700008544,0007-02-07 08:05:00,7,2,7,8,5,330,63,"40, RUE ROBERT SCHUMAN",,,Crépuscule ou aube,En agglomération,Hors intersection,Pluie forte,Autre collision,,,,,,,,,,,2,2,1,3,6
200700008545,0007-02-01 17:50:00,7,2,1,17,50,330,522,"43, RUE PIERRE NOAILLES",,,Plein jour,En agglomération,Hors intersection,Normale,Autre collision,,,,,,,,,,,1,2,1,1,6
200700008546,0007-02-08 13:00:00,7,2,8,13,0,330,63,PRK AUCHAN,,,Plein jour,En agglomération,Hors intersection,Normale,Autre collision,,,,,,,,,,,1,2,1,1,6
200700008547,0007-02-08 16:10:00,7,2,8,16,10,330,119,"25, AVE JEAN JAURES",,,Plein jour,En agglomération,Hors intersection,Normale,Trois véhicules et plus - en chaîne,,,,,,,,,,,1,2,1,1,4
200700008548,0007-02-08 13:30:00,7,2,8,13,30,330,63,RUE PIERRE BAOUR,,,Plein jour,En agglomération,Intersection en X,Normale,Deux véhicules - côté,,,,,,,,,,,1,2,2,1,3
200700008549,0007-02-08 18:35:00,7,2,8,18,35,330,63,PCE PEY BERLAND,,,Nuit avec éclairage allumé,En agglomération,Hors intersection,Normale,Autre collision,,,,,,,,,,,5,2,1,1,6
200700008550,0007-02-10 20:15:00,7,2,10,20,15,330,63,"88, CRS ARISTIDE BRIAND",,,Nuit avec éclairage allumé,En agglomération,Hors intersection,Pluie légère,Trois véhicules et plus - en chaîne,,,,,,,,,,,5,2,1,2,4
200700008551,0007-02-09 18:45:00,7,2,9,18,45,330,63,CRS PORTAL,,,Nuit avec éclairage allumé,En agglomération,Intersection en X,Pluie légère,Deux véhicules - côté,,,,,,,,,,,5,2,2,2,3
200700008552,0007-02-10 21:15:00,7,2,10,21,15,330,63,CITE CHANTECRIT,,,Nuit avec éclairage allumé,En agglomération,Intersection en X,Pluie légère,Deux véhicules - arrière,,,,,,,,,,,5,2,2,2,2
200700008553,0007-02-11 12:30:00,7,2,11,12,30,330,63,PONT SAINT- JEAN,,,Plein jour,En agglomération,Hors intersection,Normale,Autre collision,,,,,,,,,,,1,2,1,1,6
200700008554,0007-02-08 21:00:00,7,2,8,21,0,330,119,BD ENTRE DEUX MERS,,,Nuit avec éclairage allumé,En agglomération,Intersection en X,Normale,Deux véhicules - côté,,,,,,,,,,,5,2,2,1,3
200700008555,0007-02-10 12:15:00,7,2,10,12,15,330,63,BD PIERRE 1ER,,,Plein jour,En agglomération,Intersection en T,Normale,Deux véhicules - arrière,,,,,,,,,,,1,2,3,1,2
200700008556,0007-02-07 16:10:00,7,2,7,16,10,330,281,"229, AVE DES EYQUEMS",,,Plein jour,En agglomération,Intersection en T,Pluie légère,Deux véhicules - arrière,,,,,,,,,,,1,2,3,2,2
200700008557,0007-02-10 05:00:00,7,2,10,5,0,330,63,BD DES FRERES MOGA,,,Nuit avec éclairage allumé,En agglomération,Hors intersection,Normale,Autre collision,,,,,,,,,,,5,2,1,1,6
200700008558,0007-02-05 10:00:00,7,2,5,10,0,330,318,AVE DE BEUTRE,,,Plein jour,En agglomération,Hors intersection,Normale,Autre collision,,,,,,,,,,,1,2,1,1,6
200700008559,0007-02-11 02:45:00,7,2,11,2,45,330,318,"64, AVE DU VALLON",,,Nuit avec éclairage allumé,En agglomération,Hors intersection,Pluie légère,Autre collision,,,,,,,,,,,5,2,1,2,6
200700008560,0007-02-10 16:05:00,7,2,10,16,5,330,119,BD ANDRE RICARD,,,Plein jour,En agglomération,Intersection en X,Pluie légère,Deux véhicules - côté,,,,,,,,,,,1,2,2,2,3
200700008561,0007-02-08 13:50:00,7,2,8,13,50,330,318,"32, AVE DU PONT DE L'ORI",,,Plein jour,En agglomération,Hors intersection,Normale,Deux véhicules - frontale,,,,,,,,,,,1,2,1,1,1
200700008562,0007-02-09 08:00:00,7,2,9,8,0,330,32,AVE DE LA SOMME,,,Plein jour,En agglomération,Giratoire,Pluie légère,Deux véhicules - côté,,,,,,,,,,,1,2,6,2,3
200700008563,0007-02-10 20:40:00,7,2,10,20,40,330,281,AVE DE LA MARNE,,,Nuit avec éclairage allumé,En agglomération,Intersection en T,Pluie légère,Deux véhicules - côté,,,,,,,,,,,5,2,3,2,3
200700008564,0007-02-02 07:15:00,7,2,2,7,15,330,281,AVE DU BEDAT,,,Nuit avec éclairage allumé,En agglomération,Intersection à plus de 4 branches,Normale,Deux véhicules - frontale,,,,,,,,,,,5,2,5,1,1
200700008565,0007-02-12 15:00:00,7,2,12,15,0,330,63,RUE DU PEUGUE,,,Plein jour,En agglomération,Hors intersection,Normale,Autre collision,,,,,,,,,,,1,2,1,1,6
200700008566,0007-02-12 07:45:00,7,2,12,7,45,330,63,AVE MAL DE LATTRE TASSIG,,,Crépuscule ou aube,En agglomération,Intersection en X,Pluie légère,Deux véhicules - côté,,,,,,,,,,,2,2,2,2,3
200700008567,0007-02-12 08:05:00,7,2,12,8,5,330,63,AVE MAL DE LATTRE TASSIG,,,Plein jour,En agglomération,Intersection en T,Pluie forte,Deux véhicules - côté,,,,,,,,,,,1,2,3,3,3
200700008568,0007-02-13 14:25:00,7,2,13,14,25,330,63,RUE BOUDET,,,Plein jour,En agglomération,Intersection en X,Normale,Deux véhicules - côté,,,,,,,,,,,1,2,2,1,3
200700008569,0007-02-13 09:16:00,7,2,13,9,16,330,63,"10, RUE DUFFOUR DUBERGIE",,,Plein jour,En agglomération,Hors intersection,Normale,Autre collision,,,,,,,,,,,1,2,1,1,6
200700008570,0007-02-13 13:25:00,7,2,13,13,25,330,63,"16, ALL DES PINS",,,Plein jour,En agglomération,Hors intersection,Normale,Autre collision,,,,,,,,,,,1,2,1,1,6
200700008571,0007-02-13 06:50:00,7,2,13,6,50,330,63,QUAI DE PALUDATE,,,Nuit avec éclairage allumé,En agglomération,Intersection en T,Normale,Deux véhicules - côté,,,,,,,,,,,5,2,3,1,3