accident_id,datetime,annee,mois,jour,heure,minute,departement,commune_insee,adresse,latitude,longitude,luminosite,agglomeration,intersection,meteo,collision,nb_vehicules,nb_usagers,nb_indemnes,nb_tues,nb_blesses_hosp,nb_blesses_legers,age_cond_1,age_cond_2,veh_type_cond_1,veh_type_cond_2,lum_code,agg_code,int_code,atm_code,col_code
200700009089,0007-02-02 19:05:00,7,2,2,19,5,570,227,"7, MARIENAU(RUE DE)",,,Nuit avec éclairage allumé,En agglomération,Hors intersection,Normale,Autre collision,,,,,,,,,,,5,2,1,1,6
200700009090,0007-02-07 15:25:00,7,2,7,15,25,570,660,NATIONALE(RUE)LIMITE FOR,,,Plein jour,En agglomération,Hors intersection,Pluie légère,Deux véhicules - arrière,,,,,,,,,,,1,2,1,2,2
200700009091,0007-02-15 13:35:00,7,2,15,13,35,570,227,PILATRE DE ROZIER (RUE),,,Plein jour,En agglomération,Intersection en X,Normale,Deux véhicules - côté,,,,,,,,,,,1,2,2,1,3
200700009092,0007-02-20 10:20:00,7,2,20,10,20,570,240,"11, KLOSTER (RUE EUGENE)",,,Plein jour,En agglomération,Hors intersection,Normale,Autre collision,,,,,,,,,,,1,2,1,1,6
200700009093,0007-02-06 13:50:00,7,2,6,13,50,570,491,"64, FRANCHEPRE (RUE)",,,Plein jour,En agglomération,Hors intersection,Pluie légère,Autre collision,,,,,,,,,,,1,2,1,2,6
200700009094,0007-02-25 12:10:00,7,2,25,12,10,570,19,CD181,,,Plein jour,Hors agglomération,Hors intersection,Normale,Sans collision,,,,,,,,,,,1,1,1,1,7
200700009095,0007-02-01 16:00:00,7,2,1,16,0,570,463,"44, THIONVILLE (ROUTE DE",,,Plein jour,En agglomération,Hors intersection,Normale,Autre collision,,,,,,,,,,,1,2,1,1,6
200700009096,0007-02-02 15:20:00,7,2,2,15,20,570,463,"00, MAZELLE (PLACE )",,,Plein jour,En agglomération,Intersection en X,Temps couvert,Deux véhicules - côté,,,,,,,,,,,1,2,2,8,3
200700009097,0007-02-02 17:30:00,7,2,2,17,30,570,463,"0, NID DE SOGNE (RUE DU",,,Nuit avec éclairage allumé,En agglomération,Intersection en T,Normale,Autre collision,,,,,,,,,,,5,2,3,1,6
200700009098,0007-02-03 18:05:00,7,2,3,18,5,570,463,"00, FORT DES BORDES (RUE",,,Nuit avec éclairage allumé,Hors agglomération,Hors intersection,Normale,Sans collision,,,,,,,,,,,5,1,1,1,7
200700009099,0007-02-07 17:50:00,7,2,7,17,50,570,463,"16, BASSE SEILLE (RUE )",,,Nuit avec éclairage allumé,En agglomération,Hors intersection,Pluie légère,Autre collision,,,,,,,,,,,5,2,1,2,6
200700009100,0007-02-08 21:45:00,7,2,8,21,45,570,463,"00, PONTIFFROY (PLACE DU",,,Nuit avec éclairage allumé,En agglomération,Place,Pluie forte,Autre collision,,,,,,,,,,,5,2,7,3,6
200700009101,0007-02-13 04:05:00,7,2,13,4,5,570,463,"00, DEUX FONTAINES (AVEN",,,Nuit avec éclairage allumé,En agglomération,Intersection en T,Pluie légère,Deux véhicules - côté,,,,,,,,,,,5,2,3,2,3
200700009102,0007-02-15 14:25:00,7,2,15,14,25,570,616,"15, FRANCOIS SIMON (RUE",,,Plein jour,En agglomération,Hors intersection,Normale,Deux véhicules - côté,,,,,,,,,,,1,2,1,1,3
200700009103,0007-02-16 16:35:00,7,2,16,16,35,570,463,SAINT LIVIER (RUE ),,,Plein jour,Hors agglomération,Intersection en X,Normale,Deux véhicules - arrière,,,,,,,,,,,1,1,2,1,2
200700009104,0007-02-18 20:50:00,7,2,18,20,50,570,463,"00, PONTIFFROY (BOULEVAR",,,Nuit avec éclairage allumé,Hors agglomération,Intersection en X,Normale,Deux véhicules - côté,,,,,,,,,,,5,1,2,1,3
200700009105,0007-02-18 21:00:00,7,2,18,21,0,570,463,"92 bis, STRASBOURG (AVEN",,,Nuit avec éclairage allumé,Hors agglomération,Hors intersection,Normale,Deux véhicules - arrière,,,,,,,,,,,5,1,1,1,2
200700009106,0007-02-20 05:40:00,7,2,20,5,40,570,463,"00, JEAN XXIII (AVENUE )",,,Nuit avec éclairage allumé,Hors agglomération,Intersection en X,Brouillard / fumée,Deux véhicules - côté,,,,,,,,,,,5,1,2,5,3
200700009107,0007-02-20 17:40:00,7,2,20,17,40,570,751,"110, DEUX FONTAINES (AVE",,,Plein jour,En agglomération,Hors intersection,Normale,Sans collision,,,,,,,,,,,1,2,1,1,7
200700009108,0007-02-16 23:55:00,7,2,16,23,55,570,606,ALTMAYER (RUE DES GENERA,,,Nuit sans éclairage public,Hors agglomération,Hors intersection,Normale,Deux véhicules - côté,,,,,,,,,,,3,1,1,1,3
200700009109,0007-02-09 19:50:00,7,2,9,19,50,570,630,RD 955,,,Nuit avec éclairage non allumé,Hors agglomération,Hors intersection,Normale,Autre collision,,,,,,,,,,,4,1,1,1,6
200700009110,0007-02-15 11:00:00,7,2,15,11,0,570,630,"0, LEBRUN (QUAI)",,,Plein jour,En agglomération,Intersection en X,Normale,Deux véhicules - côté,,,,,,,,,,,1,2,2,1,3
200700009111,0007-02-02 18:30:00,7,2,2,18,30,570,368,"2, REPUBLIQUE (RUE DE LA",,,Nuit avec éclairage allumé,En agglomération,Hors intersection,Normale,Deux véhicules - frontale,,,,,,,,,,,5,2,1,1,1
200700009112,0007-02-05 16:45:00,7,2,5,16,45,570,666,"114, VERDUN (ROUTE DE)",,,Plein jour,En agglomération,Intersection en T,Normale,Deux véhicules - côté,,,,,,,,,,,1,2,3,1,3
200700009113,0007-02-03 14:30:00,7,2,3,14,30,570,672,MAILLET (RUE DU),,,Plein jour,En agglomération,Hors intersection,Normale,Autre collision,,,,,,,,,,,1,2,1,1,6
200700009114,0007-02-02 09:30:00,7,2,2,9,30,570,757,"3, MICHEL (RUE LOUISE)",,,Plein jour,En agglomération,Hors intersection,Normale,Autre collision,,,,,,,,,,,1,2,1,1,6
200700009115,0007-02-07 03:20:00,7,2,7,3,20,570,508,"2, JOFFRE (RUE)",,,Nuit avec éclairage allumé,En agglomération,Hors intersection,Pluie légère,Autre collision,,,,,,,,,,,5,2,1,2,6
200700009116,0007-02-03 19:40:00,7,2,3,19,40,570,672,", PERDRIX (RUE DE LA)",,,Nuit avec éclairage allumé,En agglomération,Hors intersection,Normale,Autre collision,,,,,,,,,,,5,2,1,1,6
200700009117,0007-02-07 09:05:00,7,2,7,9,5,570,666,"34, MARECHAL FOCH (RUE D",,,Plein jour,Hors agglomération,Hors intersection,Pluie légère,Autre collision,,,,,,,,,,,1,1,1,2,6
200700009118,0007-02-10 18:00:00,7,2,10,18,0,570,672,", FOCH (BOULEVARD)",,,Nuit avec éclairage allumé,En agglomération,Intersection en T,Normale,Deux véhicules - côté,,,,,,,,,,,5,2,3,1,3
200700009119,0007-02-08 17:35:00,7,2,8,17,35,570,672,SAINT-MICHEL (MONTEE DU),,,Crépuscule ou aube,Hors agglomération,Hors intersection,Pluie légère,Autre collision,,,,,,,,,,,2,1,1,2,6
200700009120,0007-02-11 19:20:00,7,2,11,19,20,570,672,BUCHEL (ROUTE DU),,,Nuit avec éclairage allumé,En agglomération,Hors intersection,Pluie forte,Autre collision,,,,,,,,,,,5,2,1,3,6
200700009121,0007-02-10 11:05:00,7,2,10,11,5,570,672,GARE (RUE DE LA),,,Plein jour,En agglomération,Hors intersection,Pluie légère,Autre collision,,,,,,,,,,,1,2,1,2,6
200700009122,0007-02-09 16:00:00,7,2,9,16,0,570,672,ARLON (ROUTE D'),,,Plein jour,En agglomération,Hors intersection,Normale,Autre collision,,,,,,,,,,,1,2,1,1,6
200700009123,0007-02-11 13:50:00,7,2,11,13,50,570,757,POITOU (RUE DU),,,Plein jour,En agglomération,Hors intersection,Normale,Autre collision,,,,,,,,,,,1,2,1,1,6
200700009124,0007-02-09 17:40:00,7,2,9,17,40,570,221,LORRAINE (AVENUE DE),,,Crépuscule ou aube,En agglomération,Hors intersection,Normale,Autre collision,,,,,,,,,,,2,2,1,1,6
200700009125,0007-02-14 15:45:00,7,2,14,15,45,570,672,NICOLAS CRAUSER (QUAI),,,Plein jour,En agglomération,Hors intersection,Pluie forte,Autre collision,,,,,,,,,,,1,2,1,3,6
200700009126,0007-02-15 12:15:00,7,2,15,12,15,570,672,ALBERT 1ER (AVENUE) - IM,,,Plein jour,En agglomération,Hors intersection,Normale,Deux véhicules - arrière,,,,,,,,,,,1,2,1,1,2
200700009127,0007-02-15 07:40:00,7,2,15,7,40,570,672,SAINT-MICHEL (MONTEE DU),,,Plein jour,Hors agglomération,Hors intersection,Temps couvert,Sans collision,,,,,,,,,,,1,1,1,8,7
200700009128,0007-02-15 07:41:00,7,2,15,7,41,570,672,SAINT-MICHEL (MONTEE DU),,,Plein jour,Hors agglomération,Hors intersection,Temps couvert,Deux véhicules - arrière,,,,,,,,,,,1,1,1,8,2
200700009129,0007-02-17 17:55:00,7,2,17,17,55,570,368,"83, REPUBLIQUE (RUE DE L",,,Crépuscule ou aube,En agglomération,Hors intersection,Normale,Autre collision,,,,,,,,,,,2,2,1,1,6
200700009130,0007-02-18 08:55:00,7,2,18,8,55,570,441,MAISON  ROUGE (ROUTE DE),,,Nuit sans éclairage public,Hors agglomération,Hors intersection,Normale,Autre collision,,,,,,,,,,,3,1,1,1,6
200700009131,0007-02-21 16:05:00,7,2,21,16,5,570,672,CROIX-HEPICH (ROUTE DE L,,,Plein jour,Hors agglomération,Hors intersection,Pluie légère,Autre collision,,,,,,,,,,,1,1,1,2,6
200700009132,0007-02-22 17:20:00,7,2,22,17,20,570,666,VERDUN (ROUTE DE),,,Plein jour,En agglomération,Hors intersection,Normale,Trois véhicules et plus - collisions multiples,,,,,,,,,,,1,2,1,1,5
200700009133,0007-02-24 13:52:00,7,2,24,13,52,570,368,REPUBLIQUE (RUE DE LA ),,,Plein jour,En agglomération,Intersection en X,Pluie légère,Deux véhicules - côté,,,,,,,,,,,1,2,2,2,3
200700009134,0007-02-23 09:55:00,7,2,23,9,55,570,672,"0, ARLON (ROUTE D')",,,Plein jour,En agglomération,Hors intersection,Normale,Deux véhicules - côté,,,,,,,,,,,1,2,1,1,3
200700009135,0007-02-27 17:55:00,7,2,27,17,55,570,368,REPUBLIQUE (RUE DE LA ),,,Nuit avec éclairage allumé,En agglomération,Intersection en X,Pluie légère,Trois véhicules et plus - collisions multiples,,,,,,,,,,,5,2,2,2,5
200700009136,0007-02-08 13:45:00,7,2,8,13,45,580,194,COMMANDANT BARAT,,,Plein jour,En agglomération,Hors intersection,Normale,Sans collision,,,,,,,,,,,1,2,1,1,7
200700009137,0007-02-01 15:30:00,7,2,1,15,30,580,194,"sans, PETIT MOUESSE",,,Plein jour,En agglomération,Hors intersection,Normale,Autre collision,,,,,,,,,,,1,2,1,1,6
200700009138,0007-02-02 09:10:00,7,2,2,9,10,580,194,"sans, SAULAIES (ROUTE)",,,Plein jour,En agglomération,Hors intersection,Pluie légère,Sans collision,,,,,,,,,,,1,2,1,2,7
200700009139,0007-02-06 08:45:00,7,2,6,8,45,580,194,"sans, DOCKS (IMPASSE)",,,Plein jour,En agglomération,Intersection en T,Pluie légère,Deux véhicules - frontale,,,,,,,,,,,1,2,3,2,1
200700009140,0007-02-14 08:50:00,7,2,14,8,50,580,194,"49, PRE PLANTIN (BOULEVA",,,Plein jour,En agglomération,Hors intersection,Pluie forte,Deux véhicules - arrière,,,,,,,,,,,1,2,1,3,2
200700009141,0007-02-14 12:30:00,7,2,14,12,30,580,194,"sans, BANLAY",,,Plein jour,En agglomération,Intersection en X,Pluie légère,Deux véhicules - côté,,,,,,,,,,,1,2,2,2,3
200700009142,0007-02-23 11:35:00,7,2,23,11,35,580,194,"sans, TREIZIEME DE LIGNE",,,Plein jour,En agglomération,Hors intersection,Normale,Trois véhicules et plus - en chaîne,,,,,,,,,,,1,2,1,1,4
200700009143,0007-02-16 21:10:00,7,2,16,21,10,580,194,"sans, GRAND MOUESSE (FAU",,,Nuit avec éclairage allumé,En agglomération,Hors intersection,Normale,Sans collision,,,,,,,,,,,5,2,1,1,7
200700009144,0007-02-27 10:10:00,7,2,27,10,10,590,17,TRIPPIERS (Rue des ),,,Plein jour,En agglomération,Hors intersection,Pluie légère,Autre collision,,,,,,,,,,,1,2,1,2,6
200700009145,0007-02-16 16:50:00,7,2,16,16,50,590,17,HUGO (SQUARE VICTOR),,,Plein jour,En agglomération,Place,Temps couvert,Deux véhicules - côté,,,,,,,,,,,1,2,7,8,3
200700009146,0007-02-17 15:05:00,7,2,17,15,5,590,43,LILLE (ROUTE DE),,,Plein jour,Hors agglomération,Intersection en T,Normale,Deux véhicules - côté,,,,,,,,,,,1,1,3,1,3
200700009147,0007-02-13 17:55:00,7,2,13,17,55,590,616,"00, BELURIEZ (RUE LUCIEN",,,Crépuscule ou aube,En agglomération,Hors intersection,Pluie légère,Sans collision,,,,,,,,,,,2,2,1,2,7
200700009148,0007-02-21 11:10:00,7,2,21,11,10,590,253,"00, C.D. 935 (NOUVEAU )",,,Plein jour,Hors agglomération,Hors intersection,Pluie légère,Deux véhicules - côté,,,,,,,,,,,1,1,1,2,3
200700009149,0007-02-27 21:00:00,7,2,27,21,0,590,616,"924, DENFERT ROCHEREAU (",,,Nuit avec éclairage allumé,En agglomération,Hors intersection,Normale,Sans collision,,,,,,,,,,,5,2,1,1,7
200700009150,0007-02-06 16:00:00,7,2,6,16,0,590,504,"15, REPUBLIQUE (R. DE LA",,,Plein jour,En agglomération,Hors intersection,Normale,Deux véhicules - frontale,,,,,,,,,,,1,2,1,1,1
200700009151,0007-02-09 17:40:00,7,2,9,17,40,590,589,"79, JAURES (R. JEAN)",,,Crépuscule ou aube,En agglomération,Hors intersection,Normale,Deux véhicules - côté,,,,,,,,,,,2,2,1,1,3
200700009152,0007-02-13 13:30:00,7,2,13,13,30,590,172,"0, CD 40",,,Plein jour,Hors agglomération,Hors intersection,Normale,Deux véhicules - arrière,,,,,,,,,,,1,1,1,1,2
200700009153,0007-02-20 11:00:00,7,2,20,11,0,590,178,FORTIER (RUE),,,Plein jour,En agglomération,Hors intersection,Normale,Autre collision,,,,,,,,,,,1,2,1,1,6
200700009154,0007-02-23 20:35:00,7,2,23,20,35,590,234,ANCIENNE RN 43,,,Nuit avec éclairage allumé,Hors agglomération,Hors intersection,Normale,Deux véhicules - frontale,,,,,,,,,,,5,1,1,1,1
200700009155,0007-02-01 10:50:00,7,2,1,10,50,590,183,"0.000, JARDINS - QUAI",,,Plein jour,En agglomération,Hors intersection,Normale,Trois véhicules et plus - en chaîne,,,,,,,,,,,1,2,1,1,4
200700009156,0007-02-02 14:10:00,7,2,2,14,10,590,271,"0.000, RN 1",,,Plein jour,En agglomération,Hors intersection,Normale,Deux véhicules - côté,,,,,,,,,,,1,2,1,1,3
200700009157,0007-02-03 19:15:00,7,2,3,19,15,590,183,"0.000, ALEXANDRE III - B",,,Nuit avec éclairage non allumé,En agglomération,Hors intersection,Brouillard / fumée,Deux véhicules - côté,,,,,,,,,,,4,2,1,5,3
200700009158,0007-02-09 20:55:00,7,2,9,20,55,590,155,"0.0000, VAUBAN - BOULEVA",,,Nuit avec éclairage allumé,En agglomération,Intersection en X,Pluie légère,Deux véhicules - côté,,,,,,,,,,,5,2,2,2,3
200700009159,0007-02-06 18:40:00,7,2,6,18,40,590,271,"0.000, RN 1",,,Nuit avec éclairage non allumé,En agglomération,Hors intersection,Pluie légère,Autre collision,,,,,,,,,,,4,2,1,2,6
200700009160,0007-02-12 10:05:00,7,2,12,10,5,590,183,"0.000, STADE - AVENUE",,,Plein jour,En agglomération,Hors intersection,Normale,Deux véhicules - frontale,,,,,,,,,,,1,2,1,1,1
200700009161,0007-02-13 13:50:00,7,2,13,13,50,590,183,"0.000, ECLUSE DE BERGUES",,,Plein jour,En agglomération,Hors intersection,Normale,Deux véhicules - côté,,,,,,,,,,,1,2,1,1,3
200700009162,0007-02-17 11:35:00,7,2,17,11,35,590,183,"28, MINCK - PLACE",,,Plein jour,En agglomération,Hors intersection,Normale,Autre collision,,,,,,,,,,,1,2,1,1,6
200700009163,0007-02-21 17:10:00,7,2,21,17,10,590,588,"0.000, CHAPEAU ROUGE - R",,,Plein jour,En agglomération,Hors intersection,Normale,Deux véhicules - côté,,,,,,,,,,,1,2,1,1,3
200700009164,0007-02-25 21:25:00,7,2,25,21,25,590,588,"15, BRANCHE VC 5",,,Nuit avec éclairage allumé,En agglomération,Hors intersection,Normale,Autre collision,,,,,,,,,,,5,2,1,1,6
200700009165,0007-02-23 14:15:00,7,2,23,14,15,590,183,"45, KLEBER - AVENUE",,,Plein jour,En agglomération,Hors intersection,Normale,Autre collision,,,,,,,,,,,1,2,1,1,6
200700009166,0007-02-01 07:35:00,7,2,1,7,35,590,286,"81, BELLEVUE CITE/RUE SA",,,Crépuscule ou aube,En agglomération,Intersection en X,Normale,Deux véhicules - côté,,,,,,,,,,,2,2,2,1,3
200700009167,0007-02-01 23:30:00,7,2,1,23,30,590,350,DUNKERQUE AVENUE,,,Nuit avec éclairage allumé,En agglomération,Intersection en T,Normale,Deux véhicules - côté,,,,,,,,,,,5,2,3,1,3
200700009168,0007-02-02 17:00:00,7,2,2,17,0,590,350,FAIDHERBE RUE,,,Plein jour,En agglomération,Intersection en X,Normale,Deux véhicules - côté,,,,,,,,,,,1,2,2,1,3
200700009169,0007-02-02 18:20:00,7,2,2,18,20,590,527,"001, VAUBAN RUE",,,Nuit avec éclairage allumé,En agglomération,Intersection en T,Normale,Deux véhicules - côté,,,,,,,,,,,5,2,3,1,3
200700009170,0007-02-02 18:35:00,7,2,2,18,35,590,350,SOLFERINO RUE N°110 A 20,,,Crépuscule ou aube,En agglomération,Intersection en T,Normale,Autre collision,,,,,,,,,,,2,2,3,1,6
200700009171,0007-02-03 16:25:00,7,2,3,16,25,590,9,"17, DELORY GUSTAVE RUE",,,Plein jour,En agglomération,Hors intersection,Temps éblouissant,Deux véhicules - côté,,,,,,,,,,,1,2,1,7,3
200700009172,0007-02-03 19:10:00,7,2,3,19,10,590,350,ESPLANADE FACADE,,,Nuit avec éclairage allumé,En agglomération,Intersection en T,Normale,Deux véhicules - arrière,,,,,,,,,,,5,2,3,1,2
200700009173,0007-02-05 12:00:00,7,2,5,12,0,590,378,"877, REPUBLIQUE AV DE LA",,,Plein jour,En agglomération,Hors intersection,Normale,Deux véhicules - arrière,,,,,,,,,,,1,2,1,1,2
200700009174,0007-02-05 12:20:00,7,2,5,12,20,590,350,"171, LIBERTE BVD N°147 A",,,Plein jour,En agglomération,Hors intersection,Normale,Trois véhicules et plus - en chaîne,,,,,,,,,,,1,2,1,1,4
200700009175,0007-02-06 09:00:00,7,2,6,9,0,590,368,"128, DE GAULLE RUE DU GE",,,Plein jour,En agglomération,Hors intersection,Normale,Autre collision,,,,,,,,,,,1,2,1,1,6
200700009176,0007-02-07 08:40:00,7,2,7,8,40,590,350,"76, MARQUILLIES RUE",,,Plein jour,En agglomération,Hors intersection,Normale,Autre collision,,,,,,,,,,,1,2,1,1,6
200700009177,0007-02-08 07:30:00,7,2,8,7,30,590,350,LONDRES RUE COTE PAIR DU,,,Crépuscule ou aube,En agglomération,Intersection en X,Neige / grêle,Autre collision,,,,,,,,,,,2,2,2,4,6
200700009178,0007-02-07 20:00:00,7,2,7,20,0,590,378,NATIONALE RUE,,,Nuit avec éclairage allumé,En agglomération,Intersection en T,Brouillard / fumée,Deux véhicules - côté,,,,,,,,,,,5,2,3,5,3
200700009179,0007-02-08 16:35:00,7,2,8,16,35,590,350,"Sans objet, DUNKERQUE AV",,,Plein jour,En agglomération,Intersection en T,Pluie légère,Autre collision,,,,,,,,,,,1,2,3,2,6
200700009180,0007-02-08 19:10:00,7,2,8,19,10,590,350,"231, POSTES RUE N° RESTE",,,Nuit avec éclairage allumé,En agglomération,Hors intersection,Normale,Autre collision,,,,,,,,,,,5,2,1,1,6
200700009181,0007-02-08 20:15:00,7,2,8,20,15,590,410,"Sans objet, HUGO VICTOR",,,Nuit avec éclairage allumé,En agglomération,Hors intersection,Normale,Autre collision,,,,,,,,,,,5,2,1,1,6
200700009182,0007-02-08 23:10:00,7,2,8,23,10,590,350,ALSACE BOULEVARD D,,,Nuit avec éclairage allumé,En agglomération,Intersection en X,Pluie légère,Deux véhicules - côté,,,,,,,,,,,5,2,2,2,3
200700009183,0007-02-11 20:30:00,7,2,11,20,30,590,360,DOUMER PAUL RUE,,,Nuit sans éclairage public,En agglomération,Hors intersection,Pluie légère,Autre collision,,,,,,,,,,,3,2,1,2,6
200700009184,0007-02-09 14:20:00,7,2,9,14,20,590,350,PERENCHIES RUE DE,,,Plein jour,En agglomération,Intersection en T,Normale,Deux véhicules - côté,,,,,,,,,,,1,2,3,1,3
200700009185,0007-02-11 13:30:00,7,2,11,13,30,590,378,BONPAIN RUE DE L'ABBE,,,Plein jour,En agglomération,Hors intersection,Pluie légère,Autre collision,,,,,,,,,,,1,2,1,2,6
200700009186,0007-02-11 16:25:00,7,2,11,16,25,590,350,"Sans objet, ALSACE BOULE",,,Plein jour,En agglomération,Hors intersection,Pluie légère,Autre collision,,,,,,,,,,,1,2,1,2,6
200700009187,0007-02-12 08:10:00,7,2,12,8,10,590,9,"Sans objet, 8 MAI 1945 R",,,Plein jour,En agglomération,Hors intersection,Normale,Autre collision,,,,,,,,,,,1,2,1,1,6
200700009188,0007-02-12 14:45:00,7,2,12,14,45,590,410,DE GAULLE RUE DU GENERAL,,,Plein jour,En agglomération,Intersection en X,Normale,Deux véhicules - côté,,,,,,,,,,,1,2,2,1,3
200700009189,0007-02-13 08:20:00,7,2,13,8,20,590,378,"170, COLLEGE RUE DU",,,Plein jour,Hors agglomération,Hors intersection,Normale,Sans collision,,,,,,,,,,,1,1,1,1,7
200700009190,0007-02-13 09:30:00,7,2,13,9,30,590,560,"15, LILLE ROUTE DE",,,Plein jour,En agglomération,Hors intersection,Normale,Deux véhicules - arrière,,,,,,,,,,,1,2,1,1,2
200700009191,0007-02-14 18:00:00,7,2,14,18,0,590,350,"20B, IENA RUE",,,Nuit avec éclairage allumé,En agglomération,Intersection en T,Normale,Autre collision,,,,,,,,,,,5,2,3,1,6
200700009192,0007-02-14 18:45:00,7,2,14,18,45,590,350,"109, GAMBETTA LEON RUE",,,Nuit avec éclairage allumé,En agglomération,Hors intersection,Normale,Autre collision,,,,,,,,,,,5,2,1,1,6
200700009193,0007-02-14 19:30:00,7,2,14,19,30,590,350,"157, MOLINEL RUE N°IMPAI",,,Nuit avec éclairage allumé,En agglomération,Intersection en X,Normale,Deux véhicules - côté,,,,,,,,,,,5,2,2,1,3
200700009194,0007-02-14 20:05:00,7,2,14,20,5,590,360,"001, REPUBLIQUE BOULEVAR",,,Nuit avec éclairage allumé,En agglomération,Intersection en X,Normale,Deux véhicules - arrière,,,,,,,,,,,5,2,2,1,2
200700009195,0007-02-15 07:35:00,7,2,15,7,35,590,378,"93, NATIONALE RUE",,,Plein jour,En agglomération,Hors intersection,Normale,Autre collision,,,,,,,,,,,1,2,1,1,6
200700009196,0007-02-15 11:50:00,7,2,15,11,50,590,350,PERRIN JEAN RUE,,,Plein jour,En agglomération,Hors intersection,Normale,Autre collision,,,,,,,,,,,1,2,1,1,6
200700009197,0007-02-16 18:30:00,7,2,16,18,30,590,350,"79, ARTOIS RUE D N°1 A 8",,,Nuit avec éclairage allumé,En agglomération,Hors intersection,Normale,Autre collision,,,,,,,,,,,5,2,1,1,6
200700009198,0007-02-16 13:25:00,7,2,16,13,25,590,368,"250, DE GAULLE RUE DU GE",,,Plein jour,En agglomération,Hors intersection,Normale,Autre collision,,,,,,,,,,,1,2,1,1,6
200700009199,0007-02-17 20:30:00,7,2,17,20,30,590,410,"47, DE GAULLE RUE DU GEN",,,Nuit avec éclairage allumé,En agglomération,Hors intersection,Normale,Autre collision,,,,,,,,,,,5,2,1,1,6
200700009200,0007-02-20 11:40:00,7,2,20,11,40,590,457,"001, DE GAULLE PLACE DU",,,Plein jour,En agglomération,Hors intersection,Normale,Autre collision,,,,,,,,,,,1,2,1,1,6
200700009201,0007-02-21 16:50:00,7,2,21,16,50,590,350,"792 BIS, DUNKERQUE AVENU",,,Plein jour,En agglomération,Hors intersection,Normale,Autre collision,,,,,,,,,,,1,2,1,1,6
200700009202,0007-02-22 08:30:00,7,2,22,8,30,590,9,"40, VAN GOGH BOULEVARD",,,Crépuscule ou aube,En agglomération,Hors intersection,Normale,Autre collision,,,,,,,,,,,2,2,1,1,6
200700009203,0007-02-22 16:00:00,7,2,22,16,0,590,350,"239, SOLFERINO RUE N°208",,,Plein jour,En agglomération,Hors intersection,Normale,Autre collision,,,,,,,,,,,1,2,1,1,6
200700009204,0007-02-22 14:00:00,7,2,22,14,0,590,350,BONS ENFANTS RUE DES,,,Plein jour,En agglomération,Intersection en T,Normale,Autre collision,,,,,,,,,,,1,2,3,1,6
200700009205,0007-02-24 16:45:00,7,2,24,16,45,590,360,LAMARTINE RUE,,,Plein jour,En agglomération,Intersection en T,Temps éblouissant,Autre collision,,,,,,,,,,,1,2,3,7,6
200700009206,0007-02-24 17:10:00,7,2,24,17,10,590,360,"00, GUESDE JULES RUE",,,Plein jour,En agglomération,Intersection en X,Normale,Autre collision,,,,,,,,,,,1,2,2,1,6
200700009207,0007-02-28 18:10:00,7,2,28,18,10,590,386,CHANZY RUE DE,,,Crépuscule ou aube,En agglomération,Hors intersection,Normale,Autre collision,,,,,,,,,,,2,2,1,1,6
200700009208,0007-02-28 19:50:00,7,2,28,19,50,590,9,ROUBAIX ANTENNE DU SUD D,,,Crépuscule ou aube,Hors agglomération,Hors intersection,Pluie forte,Autre collision,,,,,,,,,,,2,1,1,3,6
200700009209,0007-02-28 16:15:00,7,2,28,16,15,590,9,"001, DE VALMY BOULEVARD",,,Plein jour,En agglomération,Hors intersection,Pluie forte,Autre collision,,,,,,,,,,,1,2,1,3,6
200700009210,0007-02-28 16:50:00,7,2,28,16,50,590,350,"77, FAUBOURG DE ROUBAIX",,,Plein jour,En agglomération,Hors intersection,Normale,Deux véhicules - côté,,,,,,,,,,,1,2,1,1,3
200700009211,0007-02-28 18:30:00,7,2,28,18,30,590,560,CD 925,,,Nuit avec éclairage allumé,En agglomération,Intersection en T,Pluie forte,Autre collision,,,,,,,,,,,5,2,3,3,6
200700009212,0007-02-07 17:20:00,7,2,7,17,20,590,291,"13, MAUBEUGE (RUE DE)",,,Crépuscule ou aube,En agglomération,Hors intersection,Pluie légère,Autre collision,,,,,,,,,,,2,2,1,2,6
200700009213,0007-02-09 23:00:00,7,2,9,23,0,590,291,JULES CAMPAGNE (RUE),,,Nuit avec éclairage allumé,En agglomération,Intersection en T,Normale,Sans collision,,,,,,,,,,,5,2,3,1,7
200700009214,0007-02-11 01:58:00,7,2,11,1,58,590,365,"10, JULES GALLOIS (RUE)",,,Nuit avec éclairage non allumé,En agglomération,Hors intersection,Normale,Autre collision,,,,,,,,,,,4,2,1,1,6
200700009215,0007-02-16 01:45:00,7,2,16,1,45,590,392,"10, AVESNES (ROUTE D')",,,Nuit avec éclairage allumé,En agglomération,Hors intersection,Normale,Autre collision,,,,,,,,,,,5,2,1,1,6
200700009216,0007-02-15 20:28:00,7,2,15,20,28,590,392,LIAISON MAUBEUGE HAUTMON,,,Nuit avec éclairage allumé,En agglomération,Intersection en T,Normale,Sans collision,,,,,,,,,,,5,2,3,1,7
200700009217,0007-02-16 21:35:00,7,2,16,21,35,590,291,LANDRECIES (ROUTE DE),,,Nuit avec éclairage allumé,En agglomération,Intersection en T,Normale,Deux véhicules - côté,,,,,,,,,,,5,2,3,1,3
200700009218,0007-02-20 17:30:00,7,2,20,17,30,590,392,LOUIS PASTEUR (BOULEVARD,,,Plein jour,En agglomération,Hors intersection,Normale,Deux véhicules - côté,,,,,,,,,,,1,2,1,1,3
200700009219,0007-02-15 17:25:00,7,2,15,17,25,590,392,"325, JEAN JAURES (AVENUE",,,Plein jour,En agglomération,Hors intersection,Normale,Deux véhicules - côté,,,,,,,,,,,1,2,1,1,3