accident_id,datetime,annee,mois,jour,heure,minute,departement,commune_insee,adresse,latitude,longitude,luminosite,agglomeration,intersection,meteo,collision,nb_vehicules,nb_usagers,nb_indemnes,nb_tues,nb_blesses_hosp,nb_blesses_legers,age_cond_1,age_cond_2,veh_type_cond_1,veh_type_cond_2,lum_code,agg_code,int_code,atm_code,col_code
200700009351,0007-02-23 07:45:00,7,2,23,7,45,630,113,"10, DESAIX (BD)",,,Crépuscule ou aube,En agglomération,Hors intersection,Normale,Deux véhicules - arrière,,,,,,,,,,,2,2,1,1,2
200700009352,0007-02-23 13:55:00,7,2,23,13,55,630,113,"-, BLUM (AVENUE LEON)",,,Plein jour,En agglomération,Hors intersection,Normale,Autre collision,,,,,,,,,,,1,2,1,1,6
200700009353,0007-02-25 17:50:00,7,2,25,17,50,630,113,"1, DOLET (RUE ETIENNE)",,,Plein jour,En agglomération,Hors intersection,Pluie forte,Sans collision,,,,,,,,,,,1,2,1,3,7
200700009354,0007-02-25 20:16:00,7,2,25,20,16,630,113,"117, LAFAYETTE (BD)",,,Nuit avec éclairage allumé,En agglomération,Hors intersection,Normale,Deux véhicules - frontale,,,,,,,,,,,5,2,1,1,1
200700009355,0007-02-26 14:00:00,7,2,26,14,0,630,113,"., LAGARLAYE (RUE DE)",,,Plein jour,En agglomération,Hors intersection,Normale,Autre collision,,,,,,,,,,,1,2,1,1,6
200700009356,0007-02-28 08:00:00,7,2,28,8,0,630,32,"-, POURLIAT (ROND-POINT",,,Plein jour,En agglomération,Hors intersection,Normale,Autre collision,,,,,,,,,,,1,2,1,1,6
200700009357,0007-02-28 09:15:00,7,2,28,9,15,630,32,"1, POURLIAT (ROND-POINT",,,Plein jour,Hors agglomération,Hors intersection,Temps couvert,Deux véhicules - côté,,,,,,,,,,,1,1,1,8,3
200700009358,0007-02-03 10:55:00,7,2,3,10,55,630,124,"20, LEMPDES (AVENUE DE)",,,Plein jour,En agglomération,Hors intersection,Temps couvert,Deux véhicules - côté,,,,,,,,,,,1,2,1,8,3
200700009359,0007-02-04 14:40:00,7,2,4,14,40,630,124,"1, COTES (RUE DES)",,,Plein jour,En agglomération,Hors intersection,Normale,Autre collision,,,,,,,,,,,1,2,1,1,6
200700009360,0007-02-06 11:35:00,7,2,6,11,35,630,124,"2, AUBIERE (AV. D')",,,Plein jour,En agglomération,Hors intersection,Normale,Deux véhicules - arrière,,,,,,,,,,,1,2,1,1,2
200700009361,0007-02-28 12:30:00,7,2,28,12,30,630,193,RD 769,,,Plein jour,Hors agglomération,Hors intersection,Normale,Deux véhicules - frontale,,,,,,,,,,,1,1,1,1,1
200700009362,0007-02-01 10:05:00,7,2,1,10,5,630,164,"50, GUESDE (RUE JULES)",,,Plein jour,En agglomération,Giratoire,Normale,Deux véhicules - côté,,,,,,,,,,,1,2,6,1,3
200700009363,0007-02-14 18:40:00,7,2,14,18,40,630,63,"1, LIBERATION (RUE DE LA",,,Nuit avec éclairage allumé,En agglomération,Intersection en T,Pluie forte,Autre collision,,,,,,,,,,,5,2,3,3,6
200700009364,0007-02-10 06:05:00,7,2,10,6,5,630,300,REYNOUARD JEAN (AVENUE),,,Nuit avec éclairage allumé,En agglomération,Hors intersection,Pluie légère,Sans collision,,,,,,,,,,,5,2,1,2,7
200700009365,0007-02-13 11:10:00,7,2,13,11,10,630,300,ROCADE RD 446,,,Plein jour,En agglomération,Autre intersection,Normale,Deux véhicules - côté,,,,,,,,,,,1,2,9,1,3
200700009366,0007-02-02 07:45:00,7,2,2,7,45,640,102,"2, LOUSTAOUNAOU (CHEMIN",,,Nuit sans éclairage public,En agglomération,Hors intersection,Normale,Deux véhicules - frontale,,,,,,,,,,,3,2,1,1,1
200700009367,0007-02-02 20:10:00,7,2,2,20,10,640,24,BAB (BOULEVARD DU),,,Nuit avec éclairage non allumé,En agglomération,Hors intersection,Normale,Deux véhicules - arrière,,,,,,,,,,,4,2,1,1,2
200700009368,0007-02-05 07:40:00,7,2,5,7,40,640,102,MAUBEC (RUE),,,Crépuscule ou aube,En agglomération,Intersection en X,Pluie légère,Deux véhicules - côté,,,,,,,,,,,2,2,2,2,3
200700009369,0007-02-11 03:50:00,7,2,11,3,50,640,140,BRAMARIE (RUE RAOUL),,,Nuit avec éclairage allumé,En agglomération,Hors intersection,Pluie forte,Autre collision,,,,,,,,,,,5,2,1,3,6
200700009370,0007-02-13 13:57:00,7,2,13,13,57,640,102,FORGUES FERNAND (AVENUE),,,Plein jour,En agglomération,Hors intersection,Normale,Deux véhicules - côté,,,,,,,,,,,1,2,1,1,3
200700009371,0007-02-14 20:00:00,7,2,14,20,0,640,102,DUVERGIER DE HAURANNE (A,,,Nuit avec éclairage allumé,En agglomération,Intersection en T,Temps couvert,Deux véhicules - arrière,,,,,,,,,,,5,2,3,8,2
200700009372,0007-02-15 20:00:00,7,2,15,20,0,640,24,"88, QUATRE CANTONS (RUE",,,Nuit avec éclairage allumé,En agglomération,Intersection en X,Normale,Deux véhicules - frontale,,,,,,,,,,,5,2,2,1,1
200700009373,0007-02-16 20:36:00,7,2,16,20,36,640,24,"6, SAUBADINE (RUE DE)",,,Nuit avec éclairage non allumé,En agglomération,Hors intersection,Normale,Autre collision,,,,,,,,,,,4,2,1,1,6
200700009374,0007-02-17 19:05:00,7,2,17,19,5,640,24,"12, ARITXAGUE (ROUTE D')",,,Nuit avec éclairage allumé,En agglomération,Hors intersection,Pluie forte,Deux véhicules - arrière,,,,,,,,,,,5,2,1,3,2
200700009375,0007-02-18 19:14:00,7,2,18,19,14,640,102,SOULT (AVENUE MARECHAL),,,Nuit avec éclairage allumé,En agglomération,Intersection en T,Normale,Deux véhicules - côté,,,,,,,,,,,5,2,3,1,3
200700009376,0007-02-19 17:35:00,7,2,19,17,35,640,24,HAUSQUETTE (rond-point ),,,Plein jour,En agglomération,Giratoire,Normale,Deux véhicules - côté,,,,,,,,,,,1,2,6,1,3
200700009377,0007-02-19 19:00:00,7,2,19,19,0,640,102,B.A.B (AVENUE DU),,,Plein jour,En agglomération,Intersection en X,Normale,Deux véhicules - côté,,,,,,,,,,,1,2,2,1,3
200700009378,0007-02-20 10:12:00,7,2,20,10,12,640,24,"10, INDUSTRIE (ALLEE DE",,,Plein jour,En agglomération,Autre intersection,Normale,Autre collision,,,,,,,,,,,1,2,9,1,6
200700009379,0007-02-22 14:55:00,7,2,22,14,55,640,102,REPUBLIQUE (PLACE DE LA),,,Plein jour,En agglomération,Hors intersection,Normale,Autre collision,,,,,,,,,,,1,2,1,1,6
200700009380,0007-02-27 11:10:00,7,2,27,11,10,640,102,LEGION TCHEQUE (AVENUE D,,,Plein jour,En agglomération,Intersection en T,Temps couvert,Deux véhicules - côté,,,,,,,,,,,1,2,3,8,3
200700009381,0007-02-28 10:30:00,7,2,28,10,30,640,102,RESPLANDY (AVENUE DU CAP,,,Plein jour,En agglomération,Intersection en T,Normale,Deux véhicules - côté,,,,,,,,,,,1,2,3,1,3
200700009382,0007-02-04 04:00:00,7,2,4,4,0,640,125,"., BIARRITZ (AVENUE DE)",,,Nuit avec éclairage allumé,Hors agglomération,Hors intersection,Normale,Sans collision,,,,,,,,,,,5,1,1,1,7
200700009383,0007-02-25 02:45:00,7,2,25,2,45,640,122,MARCEL DASSAULT (BD),,,Nuit avec éclairage allumé,Hors agglomération,Hors intersection,Pluie légère,Autre collision,,,,,,,,,,,5,1,1,2,6
200700009384,0007-02-26 07:40:00,7,2,26,7,40,640,125,"., ESPAGNE (AVENUE D')",,,Crépuscule ou aube,Hors agglomération,Hors intersection,Normale,Deux véhicules - frontale,,,,,,,,,,,2,1,1,1,1
200700009385,0007-02-01 20:10:00,7,2,1,20,10,640,445,"24, RECTEUR JEAN SARRAIL",,,Nuit avec éclairage allumé,En agglomération,Hors intersection,Normale,Deux véhicules - côté,,,,,,,,,,,5,2,1,1,3
200700009386,0007-02-02 15:00:00,7,2,2,15,0,640,445,"1, LOUIS SALLENAVE",,,Plein jour,En agglomération,Autre intersection,Normale,Deux véhicules - côté,,,,,,,,,,,1,2,9,1,3
200700009387,0007-02-02 17:20:00,7,2,2,17,20,640,445,"3, 14 JUILLET DU",,,Plein jour,En agglomération,Hors intersection,Normale,Autre collision,,,,,,,,,,,1,2,1,1,6
200700009388,0007-02-02 18:20:00,7,2,2,18,20,640,445,"22, DEVERIA",,,Nuit avec éclairage allumé,En agglomération,Hors intersection,Normale,Autre collision,,,,,,,,,,,5,2,1,1,6
200700009389,0007-02-02 18:50:00,7,2,2,18,50,640,445,"181, JEAN MERMOZ",,,Nuit avec éclairage allumé,En agglomération,Hors intersection,Normale,Deux véhicules - côté,,,,,,,,,,,5,2,1,1,3
200700009390,0007-02-02 18:50:00,7,2,2,18,50,640,269,D938,,,Nuit sans éclairage public,En agglomération,Giratoire,Normale,Deux véhicules - côté,,,,,,,,,,,3,2,6,1,3
200700009391,0007-02-02 20:20:00,7,2,2,20,20,640,445,"120, PAIX",,,Nuit avec éclairage allumé,En agglomération,Intersection en X,Normale,Deux véhicules - frontale,,,,,,,,,,,5,2,2,1,1
200700009392,0007-02-03 05:45:00,7,2,3,5,45,640,445,JEAN MERMOZ,,,Nuit avec éclairage allumé,En agglomération,Hors intersection,Normale,Autre collision,,,,,,,,,,,5,2,1,1,6
200700009393,0007-02-03 15:35:00,7,2,3,15,35,640,445,"55, MONTPENSIER",,,Plein jour,En agglomération,Hors intersection,Normale,Trois véhicules et plus - en chaîne,,,,,,,,,,,1,2,1,1,4
200700009394,0007-02-09 11:55:00,7,2,9,11,55,640,445,"1, GASTON LACOSTE",,,Plein jour,En agglomération,Intersection en X,Temps couvert,Deux véhicules - côté,,,,,,,,,,,1,2,2,8,3
200700009395,0007-02-09 20:00:00,7,2,9,20,0,640,445,"2, BORDEU DE",,,Nuit avec éclairage allumé,En agglomération,Intersection en T,Pluie légère,Deux véhicules - côté,,,,,,,,,,,5,2,3,2,3
200700009396,0007-02-10 19:18:00,7,2,10,19,18,640,445,"95, PAIX",,,Nuit avec éclairage allumé,En agglomération,Intersection en X,Normale,Deux véhicules - côté,,,,,,,,,,,5,2,2,1,3
200700009397,0007-02-11 02:22:00,7,2,11,2,22,640,445,EUROPE DE L',,,Nuit avec éclairage allumé,En agglomération,Hors intersection,Normale,Autre collision,,,,,,,,,,,5,2,1,1,6
200700009398,0007-02-06 20:05:00,7,2,6,20,5,640,445,"185, PAIX",,,Nuit avec éclairage allumé,En agglomération,Hors intersection,Normale,Autre collision,,,,,,,,,,,5,2,1,1,6
200700009399,0007-02-13 08:50:00,7,2,13,8,50,640,445,"09 BIS, JEAN JACQUES DE",,,Plein jour,En agglomération,Hors intersection,Normale,Deux véhicules - arrière,,,,,,,,,,,1,2,1,1,2
200700009400,0007-02-14 18:40:00,7,2,14,18,40,640,269,D938,,,Nuit sans éclairage public,Hors agglomération,Hors intersection,Pluie légère,Deux véhicules - frontale,,,,,,,,,,,3,1,1,2,1
200700009401,0007-02-18 16:05:00,7,2,18,16,5,640,445,"306, PAIX",,,Plein jour,En agglomération,Intersection en T,Normale,Deux véhicules - côté,,,,,,,,,,,1,2,3,1,3
200700009402,0007-02-15 08:30:00,7,2,15,8,30,640,445,"26, RAUSKY",,,Plein jour,En agglomération,Intersection en T,Normale,Deux véhicules - côté,,,,,,,,,,,1,2,3,1,3
200700009403,0007-02-16 17:10:00,7,2,16,17,10,640,284,"30, HENRI 4",,,Plein jour,En agglomération,Hors intersection,Normale,Autre collision,,,,,,,,,,,1,2,1,1,6
200700009404,0007-02-17 21:05:00,7,2,17,21,5,640,129,"01, BAYONNE DE",,,Nuit avec éclairage allumé,En agglomération,Hors intersection,Normale,Autre collision,,,,,,,,,,,5,2,1,1,6
200700009405,0007-02-18 00:55:00,7,2,18,0,55,640,445,"59, GASTON PHOEBUS",,,Nuit avec éclairage allumé,En agglomération,Hors intersection,Normale,Autre collision,,,,,,,,,,,5,2,1,1,6
200700009406,0007-02-20 12:55:00,7,2,20,12,55,640,445,"48, ALSACE LORRAINE D'",,,Plein jour,En agglomération,Hors intersection,Normale,Deux véhicules - arrière,,,,,,,,,,,1,2,1,1,2
200700009407,0007-02-22 18:20:00,7,2,22,18,20,640,284,"30, GASTON CAMBOT",,,Nuit avec éclairage allumé,En agglomération,Intersection en T,Normale,Deux véhicules - côté,,,,,,,,,,,5,2,3,1,3
200700009408,0007-02-23 10:18:00,7,2,23,10,18,640,348,"1, CHARLES DE GAULLE",,,Plein jour,En agglomération,Hors intersection,Normale,Autre collision,,,,,,,,,,,1,2,1,1,6
200700009409,0007-02-23 18:40:00,7,2,23,18,40,640,373,"18, PASTEUR",,,Plein jour,En agglomération,Hors intersection,Normale,Deux véhicules - frontale,,,,,,,,,,,1,2,1,1,1
200700009410,0007-02-26 16:10:00,7,2,26,16,10,640,445,"23, LOUP DU",,,Plein jour,En agglomération,Intersection en T,Normale,Deux véhicules - côté,,,,,,,,,,,1,2,3,1,3
200700009411,0007-02-18 18:55:00,7,2,18,18,55,640,260,"7, AGORETTA (CHEMIN D')",,,Nuit avec éclairage allumé,En agglomération,Hors intersection,Pluie légère,Autre collision,,,,,,,,,,,5,2,1,2,6
200700009412,0007-02-05 08:15:00,7,2,5,8,15,640,483,"16, THION DE LA CHAUME R",,,Plein jour,En agglomération,Hors intersection,Temps couvert,Autre collision,,,,,,,,,,,1,2,1,8,6
200700009413,0007-02-02 19:25:00,7,2,2,19,25,640,545,ROUTE D'IBARDIN,,,Nuit sans éclairage public,Hors agglomération,Hors intersection,Normale,Deux véhicules - côté,,,,,,,,,,,3,1,1,1,3
200700009414,0007-02-04 09:25:00,7,2,4,9,25,640,545,route d'Ibardin,,,Plein jour,Hors agglomération,Hors intersection,Temps couvert,Sans collision,,,,,,,,,,,1,1,1,8,7
200700009415,0007-02-09 11:40:00,7,2,9,11,40,640,260,"10, IRANDATZ ( RUE D')",,,Plein jour,En agglomération,Hors intersection,Normale,Deux véhicules - côté,,,,,,,,,,,1,2,1,1,3
200700009416,0007-02-11 07:15:00,7,2,11,7,15,640,260,"104, RN 111",,,Nuit avec éclairage allumé,En agglomération,Hors intersection,Normale,Autre collision,,,,,,,,,,,5,2,1,1,6
200700009417,0007-02-17 22:55:00,7,2,17,22,55,640,260,"6, LECLERC (BOULEVARD DU",,,Nuit avec éclairage allumé,En agglomération,Hors intersection,Normale,Autre collision,,,,,,,,,,,5,2,1,1,6
200700009418,0007-02-12 14:45:00,7,2,12,14,45,640,483,RN10,,,Plein jour,En agglomération,Hors intersection,Normale,Deux véhicules - arrière,,,,,,,,,,,1,2,1,1,2
200700009419,0007-02-10 08:25:00,7,2,10,8,25,650,286,ROUY (RUE),,,Plein jour,En agglomération,Intersection en T,Pluie légère,Deux véhicules - côté,,,,,,,,,,,1,2,3,2,3
200700009420,0007-02-09 17:10:00,7,2,9,17,10,650,286,"1, JUIN (AVENUE MARECHAL",,,Plein jour,En agglomération,Intersection en T,Normale,Deux véhicules - frontale,,,,,,,,,,,1,2,3,1,1
200700009421,0007-02-22 16:10:00,7,2,22,16,10,650,286,"05, LACADE (RUE ANSELME)",,,Plein jour,En agglomération,Hors intersection,Normale,Deux véhicules - arrière,,,,,,,,,,,1,2,1,1,2
200700009422,0007-02-02 16:05:00,7,2,2,16,5,650,47,"., NOVEMBRE (RUE DU XI)",,,Plein jour,En agglomération,Intersection en T,Normale,Deux véhicules - côté,,,,,,,,,,,1,2,3,1,3
200700009423,0007-02-05 13:45:00,7,2,5,13,45,650,440,BASTILLAC (ROND POINT),,,Plein jour,En agglomération,Giratoire,Normale,Sans collision,,,,,,,,,,,1,2,6,1,7
200700009424,0007-02-05 19:45:00,7,2,5,19,45,650,440,"., BRAUHAUBAN (RUE)",,,Nuit avec éclairage allumé,En agglomération,Intersection en X,Pluie légère,Deux véhicules - côté,,,,,,,,,,,5,2,2,2,3
200700009425,0007-02-05 19:45:00,7,2,5,19,45,650,100,"., BOURS (ROUTE DE)",,,Nuit sans éclairage public,Hors agglomération,Intersection en X,Pluie légère,Sans collision,,,,,,,,,,,3,1,2,2,7
200700009426,0007-02-07 16:35:00,7,2,7,16,35,650,440,"., LATTRE DE TASSIGNY(BO",,,Plein jour,En agglomération,Hors intersection,Normale,Autre collision,,,,,,,,,,,1,2,1,1,6
200700009427,0007-02-09 07:50:00,7,2,9,7,50,650,440,"., MERMOZ (AVENUE JEAN)",,,Plein jour,En agglomération,Intersection en T,Pluie forte,Deux véhicules - côté,,,,,,,,,,,1,2,3,3,3
200700009428,0007-02-09 17:35:00,7,2,9,17,35,650,440,"., SEPTEMBRE (RUE DU IV)",,,Plein jour,En agglomération,Intersection en X,Normale,Deux véhicules - côté,,,,,,,,,,,1,2,2,1,3
200700009429,0007-02-11 05:30:00,7,2,11,5,30,650,440,"., LACAUSSADE (BOULEVARD",,,Nuit avec éclairage allumé,En agglomération,Intersection en X,Pluie légère,Deux véhicules - côté,,,,,,,,,,,5,2,2,2,3
200700009430,0007-02-12 07:35:00,7,2,12,7,35,650,331,"., ROUTE DEPARTEMENTALE",,,Crépuscule ou aube,En agglomération,Hors intersection,Pluie forte,Sans collision,,,,,,,,,,,2,2,1,3,7
200700009431,0007-02-13 10:10:00,7,2,13,10,10,650,226,PAU (ROUTE DE),,,Plein jour,Hors agglomération,Intersection en X,Normale,Deux véhicules - arrière,,,,,,,,,,,1,1,2,1,2
200700009432,0007-02-16 16:10:00,7,2,16,16,10,650,440,"93, BRIAND (AVENUE ARIST",,,Plein jour,En agglomération,Hors intersection,Pluie légère,Deux véhicules - arrière,,,,,,,,,,,1,2,1,2,2
200700009433,0007-02-18 17:55:00,7,2,18,17,55,650,331,"., BRECHE (IMPASSE DE LA",,,Plein jour,Hors agglomération,Hors intersection,Pluie forte,Deux véhicules - frontale,,,,,,,,,,,1,1,1,3,1
200700009434,0007-02-19 18:35:00,7,2,19,18,35,650,440,"8 BIS, CRONSTADT (RUE DE",,,Crépuscule ou aube,En agglomération,Hors intersection,Normale,Deux véhicules - côté,,,,,,,,,,,2,2,1,1,3
200700009435,0007-02-22 22:05:00,7,2,22,22,5,650,440,"9, MERMOZ (AVENUE JEAN)",,,Nuit avec éclairage allumé,En agglomération,Hors intersection,Normale,Autre collision,,,,,,,,,,,5,2,1,1,6
200700009436,0007-02-23 11:40:00,7,2,23,11,40,650,440,"., COMMANDO HISPANO (RUE",,,Plein jour,En agglomération,Intersection en X,Normale,Deux véhicules - côté,,,,,,,,,,,1,2,2,1,3
200700009437,0007-02-24 09:20:00,7,2,24,9,20,650,251,"46, MARECHAL FOCH (RUE D",,,Plein jour,En agglomération,Intersection en T,Pluie légère,Deux véhicules - côté,,,,,,,,,,,1,2,3,2,3
200700009438,0007-02-03 19:15:00,7,2,3,19,15,660,136,OISEAUX (DES),,,Nuit avec éclairage allumé,En agglomération,Intersection en X,Normale,Deux véhicules - côté,,,,,,,,,,,5,2,2,1,3
200700009439,0007-02-01 10:15:00,7,2,1,10,15,660,136,DALBIEZ (AVENUE VICTOR),,,Plein jour,En agglomération,Hors intersection,Normale,Deux véhicules - frontale,,,,,,,,,,,1,2,1,1,1
200700009440,0007-02-06 17:00:00,7,2,6,17,0,660,136,R D 900,,,Plein jour,Hors agglomération,Hors intersection,Temps couvert,Trois véhicules et plus - en chaîne,,,,,,,,,,,1,1,1,8,4
200700009441,0007-02-12 17:20:00,7,2,12,17,20,660,136,D 139,,,Plein jour,Hors agglomération,Intersection en X,Normale,Deux véhicules - côté,,,,,,,,,,,1,1,2,1,3
200700009442,0007-02-23 11:15:00,7,2,23,11,15,660,136,"23, GIONO (AVENUE JEAN)",,,Plein jour,En agglomération,Hors intersection,Normale,Deux véhicules - arrière,,,,,,,,,,,1,2,1,1,2
200700009443,0007-02-16 13:50:00,7,2,16,13,50,660,136,Etang Long (Rond Point),,,Plein jour,En agglomération,Giratoire,Normale,Deux véhicules - arrière,,,,,,,,,,,1,2,6,1,2
200700009444,0007-02-17 15:40:00,7,2,17,15,40,660,136,Départementale 914,,,Plein jour,Hors agglomération,Hors intersection,Pluie forte,Deux véhicules - frontale,,,,,,,,,,,1,1,1,3,1
200700009445,0007-02-10 08:05:00,7,2,10,8,5,670,180,", MARCHE AUX GRAINS (RUE",,,Plein jour,En agglomération,Hors intersection,Normale,Autre collision,,,,,,,,,,,1,2,1,1,6
200700009446,0007-02-01 17:50:00,7,2,1,17,50,670,462,"15, STRASBOURG (ROUTE DE",,,Nuit avec éclairage allumé,En agglomération,Intersection en T,Normale,Autre collision,,,,,,,,,,,5,2,3,1,6
200700009447,0007-02-11 14:05:00,7,2,11,14,5,670,462,HAUT-KOENIGSBOURG (RUE D,,,Plein jour,Hors agglomération,Hors intersection,Normale,Deux véhicules - frontale,,,,,,,,,,,1,1,1,1,1
200700009448,0007-02-01 13:35:00,7,2,1,13,35,670,482,JEAN SEBASTIEN BACH (BOU,,,Plein jour,En agglomération,Hors intersection,Normale,Autre collision,,,,,,,,,,,1,2,1,1,6
200700009449,0007-02-02 12:00:00,7,2,2,12,0,670,447,"8, LEO LAGRANGE (RUE)",,,Plein jour,En agglomération,Hors intersection,Normale,Autre collision,,,,,,,,,,,1,2,1,1,6
200700009450,0007-02-02 18:55:00,7,2,2,18,55,670,218,"00, ALSACE (RUE D )",,,Nuit avec éclairage allumé,En agglomération,Intersection en X,Normale,Deux véhicules - côté,,,,,,,,,,,5,2,2,1,3
200700009451,0007-02-02 19:06:00,7,2,2,19,6,670,482,"00, DUCS (RUE DES)",,,Nuit avec éclairage allumé,En agglomération,Intersection en X,Normale,Deux véhicules - côté,,,,,,,,,,,5,2,2,1,3
200700009452,0007-02-04 05:00:00,7,2,4,5,0,670,482,"0, BEULENWOERTH (CHEMIN",,,Nuit avec éclairage allumé,En agglomération,Hors intersection,Normale,Deux véhicules - frontale,,,,,,,,,,,5,2,1,1,1
200700009453,0007-02-07 07:20:00,7,2,7,7,20,670,365,"22, GENERAL LECLERC (RUE",,,Crépuscule ou aube,En agglomération,Hors intersection,Normale,Autre collision,,,,,,,,,,,2,2,1,1,6
200700009454,0007-02-07 19:20:00,7,2,7,19,20,670,482,ROMAINS (ROUTE DES),,,Nuit avec éclairage allumé,En agglomération,Hors intersection,Pluie légère,Autre collision,,,,,,,,,,,5,2,1,2,6
200700009455,0007-02-08 05:45:00,7,2,8,5,45,670,482,"0, LA ROCHELLE (RUE DE)",,,Nuit avec éclairage allumé,En agglomération,Hors intersection,Normale,Deux véhicules - côté,,,,,,,,,,,5,2,1,1,3
200700009456,0007-02-08 07:45:00,7,2,8,7,45,670,482,"00, RHIN (ROUTE DU)",,,Plein jour,En agglomération,Hors intersection,Temps couvert,Deux véhicules - côté,,,,,,,,,,,1,2,1,8,3
200700009457,0007-02-08 17:55:00,7,2,8,17,55,670,482,", JACQUES PEIROTES (RUE)",,,Nuit avec éclairage allumé,En agglomération,Intersection en T,Normale,Deux véhicules - côté,,,,,,,,,,,5,2,3,1,3
200700009458,0007-02-09 17:30:00,7,2,9,17,30,670,482,"34A, FORET NOIRE (AVENUE",,,Nuit avec éclairage allumé,En agglomération,Intersection en T,Normale,Deux véhicules - côté,,,,,,,,,,,5,2,3,1,3
200700009459,0007-02-09 18:25:00,7,2,9,18,25,670,218,"00, PEAGE (PONT DU)",,,Nuit avec éclairage allumé,Hors agglomération,Hors intersection,Normale,Autre collision,,,,,,,,,,,5,1,1,1,6
200700009460,0007-02-10 09:30:00,7,2,10,9,30,670,218,"00, FAISANDERIE (ROUTE D",,,Plein jour,Hors agglomération,Hors intersection,Temps couvert,Deux véhicules - frontale,,,,,,,,,,,1,1,1,8,1
200700009461,0007-02-10 18:00:00,7,2,10,18,0,670,43,"0, ROBERTSAU (RUE DE LA)",,,Nuit avec éclairage non allumé,En agglomération,Intersection en X,Pluie légère,Deux véhicules - côté,,,,,,,,,,,4,2,2,2,3
200700009462,0007-02-11 01:45:00,7,2,11,1,45,670,482,"0, OBERHAUSBERGEN (ROUTE",,,Nuit avec éclairage allumé,En agglomération,Intersection en X,Pluie légère,Deux véhicules - côté,,,,,,,,,,,5,2,2,2,3
200700009463,0007-02-11 16:58:00,7,2,11,16,58,670,482,"20, JEAN PAUL DE DADELSE",,,Crépuscule ou aube,En agglomération,Hors intersection,Pluie légère,Deux véhicules - frontale,,,,,,,,,,,2,2,1,2,1
200700009464,0007-02-11 18:10:00,7,2,11,18,10,670,482,"12, HALLES (RUE DES)",,,Nuit avec éclairage allumé,En agglomération,Hors intersection,Pluie forte,Deux véhicules - arrière,,,,,,,,,,,5,2,1,3,2
200700009465,0007-02-12 17:25:00,7,2,12,17,25,670,482,"00, WANTZENAU (RTE DE LA",,,Plein jour,Hors agglomération,Hors intersection,Normale,Deux véhicules - frontale,,,,,,,,,,,1,1,1,1,1
200700009466,0007-02-12 20:25:00,7,2,12,20,25,670,43,MARAIS (RUE DU),,,Nuit avec éclairage allumé,En agglomération,Intersection en X,Normale,Deux véhicules - côté,,,,,,,,,,,5,2,2,1,3
200700009467,0007-02-13 12:15:00,7,2,13,12,15,670,482,"0, COLMAR (AVENUE DE)",,,Plein jour,En agglomération,Intersection en X,Pluie légère,Deux véhicules - côté,,,,,,,,,,,1,2,2,2,3
200700009468,0007-02-15 15:15:00,7,2,15,15,15,670,482,ANVERS (BOULEVARD D ),,,Plein jour,Hors agglomération,Hors intersection,Normale,Autre collision,,,,,,,,,,,1,1,1,1,6
200700009469,0007-02-15 17:45:00,7,2,15,17,45,670,482,"16, FRANÇOIS MITTERRAND",,,Crépuscule ou aube,En agglomération,Hors intersection,Normale,Autre collision,,,,,,,,,,,2,2,1,1,6
200700009470,0007-02-16 09:30:00,7,2,16,9,30,670,267,"00, HOLTZHEIM (RUE DE)",,,Plein jour,En agglomération,Intersection en T,Normale,Deux véhicules - côté,,,,,,,,,,,1,2,3,1,3
200700009471,0007-02-16 10:15:00,7,2,16,10,15,670,482,"7, LAUSANNE (RUE DE)",,,Plein jour,En agglomération,Hors intersection,Normale,Deux véhicules - côté,,,,,,,,,,,1,2,1,1,3
200700009472,0007-02-16 10:30:00,7,2,16,10,30,670,482,"00, LA ROCHELLE (RUE DE)",,,Plein jour,Hors agglomération,Hors intersection,Normale,Sans collision,,,,,,,,,,,1,1,1,1,7
200700009473,0007-02-18 00:25:00,7,2,18,0,25,670,482,VICTOIRE (BOULEVARD DE L,,,Nuit avec éclairage allumé,En agglomération,Hors intersection,Normale,Autre collision,,,,,,,,,,,5,2,1,1,6
200700009474,0007-02-21 11:20:00,7,2,21,11,20,670,482,"10, PAIX (AVENUE DE LA)",,,Plein jour,En agglomération,Hors intersection,Normale,Autre collision,,,,,,,,,,,1,2,1,1,6
200700009475,0007-02-21 13:55:00,7,2,21,13,55,670,482,"10, PRESIDENT WILSON (BO",,,Plein jour,En agglomération,Intersection en T,Normale,Deux véhicules - côté,,,,,,,,,,,1,2,3,1,3
200700009476,0007-02-22 10:00:00,7,2,22,10,0,670,482,"0, VICTOIRE (BOULEVARD D",,,Plein jour,En agglomération,Hors intersection,Normale,Autre collision,,,,,,,,,,,1,2,1,1,6
200700009477,0007-02-25 04:45:00,7,2,25,4,45,670,482,"2, ABBE LEMIRE (RUE DE L",,,Nuit avec éclairage allumé,En agglomération,Hors intersection,Normale,Autre collision,,,,,,,,,,,5,2,1,1,6
200700009478,0007-02-25 15:00:00,7,2,25,15,0,670,482,"1, PRESIDENT WILSON (BOU",,,Plein jour,En agglomération,Intersection en X,Normale,Deux véhicules - côté,,,,,,,,,,,1,2,2,1,3
200700009479,0007-02-26 12:05:00,7,2,26,12,5,670,482,"0, PREMIERE ARMEE (RUE D",,,Plein jour,En agglomération,Intersection en T,Normale,Deux véhicules - côté,,,,,,,,,,,1,2,3,1,3
200700009480,0007-02-28 13:00:00,7,2,28,13,0,670,482,"0, BRUMATH (ROUTE DE)",,,Plein jour,En agglomération,Intersection en T,Normale,Deux véhicules - côté,,,,,,,,,,,1,2,3,1,3