accident_id,datetime,annee,mois,jour,heure,minute,departement,commune_insee,adresse,latitude,longitude,luminosite,agglomeration,intersection,meteo,collision,nb_vehicules,nb_usagers,nb_indemnes,nb_tues,nb_blesses_hosp,nb_blesses_legers,age_cond_1,age_cond_2,veh_type_cond_1,veh_type_cond_2,lum_code,agg_code,int_code,atm_code,col_code
200700009481,0007-02-28 14:20:00,7,2,28,14,20,670,482,CLEMENCEAU (BOULEVARD),,,Plein jour,Hors agglomération,Intersection en X,Pluie légère,Deux véhicules - côté,,,,,,,,,,,1,1,2,2,3
200700009482,0007-02-28 06:25:00,7,2,28,6,25,670,482,"0, KEPLER (RUE)",,,Nuit avec éclairage allumé,En agglomération,Intersection en T,Pluie légère,Autre collision,,,,,,,,,,,5,2,3,2,6
200700009483,0007-02-02 11:50:00,7,2,2,11,50,680,66,"7, SCHWEITZER (RUE DU DR",,,Crépuscule ou aube,En agglomération,Intersection en X,Normale,Deux véhicules - côté,,,,,,,,,,,2,2,2,1,3
200700009484,0007-02-06 08:00:00,7,2,6,8,0,680,66,C.D.13,,,Crépuscule ou aube,Hors agglomération,Giratoire,Normale,Deux véhicules - arrière,,,,,,,,,,,2,1,6,1,2
200700009485,0007-02-07 08:50:00,7,2,7,8,50,680,66,"28, RAPP (RUE)",,,Plein jour,En agglomération,Intersection en X,Normale,Deux véhicules - côté,,,,,,,,,,,1,2,2,1,3
200700009486,0007-02-09 08:00:00,7,2,9,8,0,680,66,LADHOF (RUE DU),,,Plein jour,En agglomération,Intersection en X,Normale,Deux véhicules - côté,,,,,,,,,,,1,2,2,1,3
200700009487,0007-02-16 18:30:00,7,2,16,18,30,680,66,CD4,,,Plein jour,Hors agglomération,Intersection en Y,Normale,Deux véhicules - côté,,,,,,,,,,,1,1,4,1,3
200700009488,0007-02-22 16:00:00,7,2,22,16,0,680,66,"3, FOCH (AVENUE)",,,Plein jour,En agglomération,Hors intersection,Normale,Autre collision,,,,,,,,,,,1,2,1,1,6
200700009489,0007-02-02 21:40:00,7,2,2,21,40,680,224,"48, ALTKIRCH (AVENUE D')",,,Nuit avec éclairage allumé,En agglomération,Intersection en T,Temps couvert,Autre collision,,,,,,,,,,,5,2,3,8,6
200700009490,0007-02-05 09:30:00,7,2,5,9,30,680,224,VOIE RAPIDE NORD SUD,,,Plein jour,Hors agglomération,Intersection à plus de 4 branches,Normale,Deux véhicules - arrière,,,,,,,,,,,1,1,5,1,2
200700009491,0007-02-08 11:58:00,7,2,8,11,58,680,256,REPUBLIQUE (RUE DE LA),,,Plein jour,En agglomération,Hors intersection,Normale,Trois véhicules et plus - collisions multiples,,,,,,,,,,,1,2,1,1,5
200700009492,0007-02-03 07:15:00,7,2,3,7,15,680,224,STRASBOURG (RUE DE),,,Plein jour,En agglomération,Hors intersection,Normale,Autre collision,,,,,,,,,,,1,2,1,1,6
200700009493,0007-02-08 10:55:00,7,2,8,10,55,680,224,SAINTE-CATHERINE (RUE),,,Plein jour,En agglomération,Intersection en T,Normale,Deux véhicules - côté,,,,,,,,,,,1,2,3,1,3
200700009494,0007-02-06 13:55:00,7,2,6,13,55,680,56,"320, ALTKIRCH (AVENUE D'",,,Plein jour,En agglomération,Hors intersection,Normale,Sans collision,,,,,,,,,,,1,2,1,1,7
200700009495,0007-02-08 12:55:00,7,2,8,12,55,680,224,"133, BALE (RUE DE)",,,Plein jour,En agglomération,Hors intersection,Normale,Deux véhicules - arrière,,,,,,,,,,,1,2,1,1,2
200700009496,0007-02-10 14:30:00,7,2,10,14,30,680,224,"170, ROMAINS (RUE DES)",,,Plein jour,Hors agglomération,Hors intersection,Normale,Deux véhicules - côté,,,,,,,,,,,1,1,1,1,3
200700009497,0007-02-03 15:30:00,7,2,3,15,30,680,224,"33, KINGERSHEIM (RUE DE)",,,Plein jour,Hors agglomération,Hors intersection,Normale,Deux véhicules - frontale,,,,,,,,,,,1,1,1,1,1
200700009498,0007-02-15 17:00:00,7,2,15,17,0,680,224,"23, PLATANES (RUE DES)",,,Plein jour,Hors agglomération,Intersection en X,Normale,Sans collision,,,,,,,,,,,1,1,2,1,7
200700009499,0007-02-12 13:50:00,7,2,12,13,50,680,224,"13, THIERSTEIN (RUE)",,,Plein jour,En agglomération,Intersection en T,Normale,Autre collision,,,,,,,,,,,1,2,3,1,6
200700009500,0007-02-13 07:55:00,7,2,13,7,55,680,224,BALE (RUE DE),,,Plein jour,En agglomération,Intersection en X,Normale,Deux véhicules - côté,,,,,,,,,,,1,2,2,1,3
200700009501,0007-02-16 11:00:00,7,2,16,11,0,680,224,"98, NATIONS (BOULEVARD D",,,Plein jour,En agglomération,Hors intersection,Normale,Deux véhicules - arrière,,,,,,,,,,,1,2,1,1,2
200700009502,0007-02-20 08:30:00,7,2,20,8,30,680,224,VOIE RAPIDE OUEST,,,Plein jour,Hors agglomération,Hors intersection,Brouillard / fumée,Deux véhicules - arrière,,,,,,,,,,,1,1,1,5,2
200700009503,0007-02-14 18:57:00,7,2,14,18,57,680,224,"15, SINNE (RUE DE LA)",,,Nuit avec éclairage allumé,En agglomération,Hors intersection,Pluie forte,Autre collision,,,,,,,,,,,5,2,1,3,6
200700009504,0007-02-21 09:35:00,7,2,21,9,35,680,224,AUTOROUTE A 36,,,Plein jour,Hors agglomération,Hors intersection,Normale,Trois véhicules et plus - collisions multiples,,,,,,,,,,,1,1,1,1,5
200700009505,0007-02-24 10:35:00,7,2,24,10,35,680,224,GRAND'RUE,,,Plein jour,En agglomération,Hors intersection,Pluie légère,Autre collision,,,,,,,,,,,1,2,1,2,6
200700009506,0007-02-15 17:15:00,7,2,15,17,15,680,224,"10, TRAINEAU (RUE DU)",,,Plein jour,En agglomération,Hors intersection,Normale,Autre collision,,,,,,,,,,,1,2,1,1,6
200700009507,0007-02-14 07:33:00,7,2,14,7,33,680,224,AUTOROUTE A 36,,,Plein jour,Hors agglomération,Hors intersection,Normale,Trois véhicules et plus - en chaîne,,,,,,,,,,,1,1,1,1,4
200700009508,0007-02-23 14:20:00,7,2,23,14,20,680,224,", LEFEBVRE (RUE)",,,Plein jour,En agglomération,Intersection en X,Normale,Deux véhicules - côté,,,,,,,,,,,1,2,2,1,3
200700009509,0007-02-16 10:55:00,7,2,16,10,55,680,166,RICHWILLER (RUE DE),,,Plein jour,En agglomération,Intersection en X,Normale,Deux véhicules - côté,,,,,,,,,,,1,2,2,1,3
200700009510,0007-02-12 07:10:00,7,2,12,7,10,690,29,"285, ROUTE DE GENAS",,,Nuit avec éclairage allumé,En agglomération,Hors intersection,Temps couvert,Deux véhicules - côté,,,,,,,,,,,5,2,1,8,3
200700009511,0007-02-22 14:45:00,7,2,22,14,45,690,29,"26, AVENUE DU 8 MAI 1945",,,Plein jour,En agglomération,Hors intersection,Normale,Deux véhicules - côté,,,,,,,,,,,1,2,1,1,3
200700009512,0007-02-28 19:30:00,7,2,28,19,30,690,290,"0, ROUTE DE GRENOBLE",,,Nuit avec éclairage allumé,En agglomération,Hors intersection,Normale,Deux véhicules - côté,,,,,,,,,,,5,2,1,1,3
200700009513,0007-02-01 21:00:00,7,2,1,21,0,690,34,"1, BOULEVARD PAUL DOUMER",,,Nuit avec éclairage non allumé,En agglomération,Hors intersection,Normale,Sans collision,,,,,,,,,,,4,2,1,1,7
200700009514,0007-02-01 15:40:00,7,2,1,15,40,690,34,"44, RUE PASTEUR",,,Plein jour,En agglomération,Hors intersection,Normale,Autre collision,,,,,,,,,,,1,2,1,1,6
200700009515,0007-02-03 06:05:00,7,2,3,6,5,690,34,BRETELLE BELLEVUE,,,Nuit avec éclairage allumé,En agglomération,Hors intersection,Normale,Autre collision,,,,,,,,,,,5,2,1,1,6
200700009516,0007-02-17 01:45:00,7,2,17,1,45,690,34,"19, RUE FRANCOIS PEISSEL",,,Nuit avec éclairage allumé,En agglomération,Hors intersection,Normale,Autre collision,,,,,,,,,,,5,2,1,1,6
200700009517,0007-02-24 07:30:00,7,2,24,7,30,690,34,CHEMIN NORBERTO GOMES MO,,,Plein jour,En agglomération,Hors intersection,Pluie légère,Autre collision,,,,,,,,,,,1,2,1,2,6
200700009518,0007-02-15 02:00:00,7,2,15,2,0,690,152,AUTOROUTE A7,,,Nuit avec éclairage allumé,Hors agglomération,Autre intersection,Pluie forte,Deux véhicules - arrière,,,,,,,,,,,5,1,9,3,2
200700009519,0007-02-12 21:01:00,7,2,12,21,1,690,152,"0, EUROPE (DE L')",,,Nuit avec éclairage allumé,En agglomération,Intersection en Y,Pluie légère,Deux véhicules - frontale,,,,,,,,,,,5,2,4,2,1
200700009520,0007-02-17 17:00:00,7,2,17,17,0,690,256,"02, EMILE ZOLA",,,Plein jour,En agglomération,Hors intersection,Normale,Autre collision,,,,,,,,,,,1,2,1,1,6
200700009521,0007-02-11 18:35:00,7,2,11,18,35,690,199,RUE MARCEL SEMBAT,,,Nuit avec éclairage allumé,En agglomération,Intersection en X,Normale,Deux véhicules - côté,,,,,,,,,,,5,2,2,1,3
200700009522,0007-02-13 02:42:00,7,2,13,2,42,690,199,RUE RENE DESCARTES,,,Nuit avec éclairage allumé,En agglomération,Hors intersection,Normale,Autre collision,,,,,,,,,,,5,2,1,1,6
200700009523,0007-02-02 20:50:00,7,2,2,20,50,690,259,VIVIANI,,,Nuit avec éclairage allumé,En agglomération,Intersection en X,Normale,Deux véhicules - côté,,,,,,,,,,,5,2,2,1,3
200700009524,0007-02-19 11:15:00,7,2,19,11,15,690,199,"0, BOULEVARD YVES FARGE",,,Plein jour,En agglomération,Intersection en X,Normale,Deux véhicules - côté,,,,,,,,,,,1,2,2,1,3
200700009525,0007-02-14 20:40:00,7,2,14,20,40,690,259,AVENUE CHARLES DE GAULLE,,,Nuit avec éclairage allumé,En agglomération,Intersection en X,Pluie légère,Deux véhicules - côté,,,,,,,,,,,5,2,2,2,3
200700009526,0007-02-17 20:59:00,7,2,17,20,59,690,259,AVENUE FRANCIS DE PRESSE,,,Nuit avec éclairage allumé,En agglomération,Intersection en T,Normale,Deux véhicules - côté,,,,,,,,,,,5,2,3,1,3
200700009527,0007-02-09 18:03:00,7,2,9,18,3,690,264,POLOT  FRANCOIS  R,,,Plein jour,En agglomération,Hors intersection,Normale,Deux véhicules - arrière,,,,,,,,,,,1,2,1,1,2
200700009528,0007-02-23 13:45:00,7,2,23,13,45,690,92,GRANDE COLLONGE (MONTEE),,,Plein jour,En agglomération,Hors intersection,Normale,Deux véhicules - côté,,,,,,,,,,,1,2,1,1,3
200700009529,0007-02-04 11:00:00,7,2,4,11,0,690,266,"156, RUE DU 4 AOUT 1789",,,Plein jour,En agglomération,Hors intersection,Normale,Autre collision,,,,,,,,,,,1,2,1,1,6
200700009530,0007-02-26 16:45:00,7,2,26,16,45,690,266,"52, BOULEVARD NIELS BOHR",,,Plein jour,En agglomération,Hors intersection,Pluie légère,Autre collision,,,,,,,,,,,1,2,1,2,6
200700009531,0007-02-21 15:43:00,7,2,21,15,43,690,266,"1, RUE ANTOINE BERNOUX",,,Plein jour,En agglomération,Intersection en X,Normale,Deux véhicules - côté,,,,,,,,,,,1,2,2,1,3
200700009532,0007-02-25 19:30:00,7,2,25,19,30,690,266,RUE GREUZE,,,Nuit avec éclairage allumé,En agglomération,Intersection en X,Pluie légère,Autre collision,,,,,,,,,,,5,2,2,2,6
200700009533,0007-02-08 08:00:00,7,2,8,8,0,690,275,"35, AVENUE JEAN JAURES",,,Plein jour,En agglomération,Hors intersection,Pluie forte,Autre collision,,,,,,,,,,,1,2,1,3,6
200700009534,0007-02-10 20:10:00,7,2,10,20,10,690,275,"244, AVENUE JEAN JAURES",,,Nuit avec éclairage allumé,En agglomération,Autre intersection,Pluie légère,Sans collision,,,,,,,,,,,5,2,9,2,7
200700009535,0007-02-27 12:15:00,7,2,27,12,15,690,282,RUE DU CHATEAU D EAU,,,Plein jour,Hors agglomération,Hors intersection,Normale,Deux véhicules - frontale,,,,,,,,,,,1,1,1,1,1
200700009536,0007-02-04 11:25:00,7,2,4,11,25,690,290,"12, AVENUE DE LA GARE",,,Plein jour,En agglomération,Hors intersection,Normale,Autre collision,,,,,,,,,,,1,2,1,1,6
200700009537,0007-02-08 13:05:00,7,2,8,13,5,690,290,BOULEVARD PASTEUR,,,Plein jour,En agglomération,Giratoire,Normale,Deux véhicules - côté,,,,,,,,,,,1,2,6,1,3
200700009538,0007-02-09 18:10:00,7,2,9,18,10,690,290,"0, RUE EDMOND ROSTAND",,,Nuit avec éclairage allumé,En agglomération,Hors intersection,Normale,Deux véhicules - côté,,,,,,,,,,,5,2,1,1,3
200700009539,0007-02-20 14:15:00,7,2,20,14,15,690,290,"0, RUE CAMILLE DESMOULIN",,,Plein jour,En agglomération,Hors intersection,Normale,Autre collision,,,,,,,,,,,1,2,1,1,6
200700009540,0007-02-22 16:30:00,7,2,22,16,30,690,290,AVENUE SALVADOR ALLENDE,,,Plein jour,En agglomération,Intersection en X,Normale,Deux véhicules - côté,,,,,,,,,,,1,2,2,1,3
200700009541,0007-02-02 07:42:00,7,2,2,7,42,700,550,ROCADE OUEST - RD 457,,,Crépuscule ou aube,Hors agglomération,Hors intersection,Normale,Deux véhicules - frontale,,,,,,,,,,,2,1,1,1,1
200700009542,0007-02-18 15:20:00,7,2,18,15,20,700,513,PUSEY (ROUTE DE),,,Plein jour,Hors agglomération,Hors intersection,Normale,Deux véhicules - arrière,,,,,,,,,,,1,1,1,1,2
200700009543,0007-02-22 22:30:00,7,2,22,22,30,700,550,"22 et 24, MEILLIER (RUE)",,,Nuit avec éclairage allumé,En agglomération,Hors intersection,Normale,Deux véhicules - côté,,,,,,,,,,,5,2,1,1,3
200700009544,0007-02-22 16:15:00,7,2,22,16,15,710,445,VILLENEUVE (RUE DE LA),,,Plein jour,Hors agglomération,Hors intersection,Normale,Deux véhicules - côté,,,,,,,,,,,1,1,1,1,3
200700009545,0007-02-26 21:00:00,7,2,26,21,0,710,76,PARIS (AVENUE DE),,,Nuit avec éclairage allumé,En agglomération,Intersection en X,Normale,Deux véhicules - côté,,,,,,,,,,,5,2,2,1,3
200700009546,0007-02-13 20:00:00,7,2,13,20,0,710,153,"38, JAURES (RUE JEAN)",,,Nuit avec éclairage allumé,En agglomération,Intersection en T,Normale,Deux véhicules - côté,,,,,,,,,,,5,2,3,1,3
200700009547,0007-02-15 20:15:00,7,2,15,20,15,710,153,ALBERT 1ER (RUE),,,Nuit avec éclairage allumé,En agglomération,Intersection en X,Normale,Deux véhicules - côté,,,,,,,,,,,5,2,2,1,3
200700009548,0007-02-16 10:30:00,7,2,16,10,30,710,153,"185, MARECHAL FOCH (RUE)",,,Plein jour,En agglomération,Hors intersection,Normale,Autre collision,,,,,,,,,,,1,2,1,1,6
200700009549,0007-02-23 19:00:00,7,2,23,19,0,710,540,BOURGOGNE (AVENUE DE),,,Nuit avec éclairage allumé,En agglomération,Intersection en X,Pluie légère,Deux véhicules - côté,,,,,,,,,,,5,2,2,2,3
200700009550,0007-02-23 20:50:00,7,2,23,20,50,710,153,MARECHAL FOCH (RUE),,,Nuit avec éclairage allumé,En agglomération,Intersection en X,Pluie légère,Autre collision,,,,,,,,,,,5,2,2,2,6
200700009551,0007-02-26 12:45:00,7,2,26,12,45,710,153,MARCET (RUE BAPTISTE),,,Plein jour,En agglomération,Hors intersection,Pluie légère,Deux véhicules - frontale,,,,,,,,,,,1,2,1,2,1
200700009552,0007-02-01 08:35:00,7,2,1,8,35,710,270,"1, SAUGERAIES (AVENUE DE",,,Plein jour,En agglomération,Hors intersection,Normale,Autre collision,,,,,,,,,,,1,2,1,1,6
200700009553,0007-02-05 12:15:00,7,2,5,12,15,710,270,"nr1, MISTRAL (RUE FREDER",,,Plein jour,En agglomération,Intersection en X,Normale,Deux véhicules - côté,,,,,,,,,,,1,2,2,1,3
200700009554,0007-02-06 15:45:00,7,2,6,15,45,710,270,"1, LIBERTE (BOULEVARD DE",,,Plein jour,En agglomération,Hors intersection,Normale,Autre collision,,,,,,,,,,,1,2,1,1,6
200700009555,0007-02-12 17:35:00,7,2,12,17,35,710,270,"1, BARRE (PLACE DE LA)",,,Plein jour,En agglomération,Autre intersection,Normale,Deux véhicules - arrière,,,,,,,,,,,1,2,9,1,2
200700009556,0007-02-10 09:55:00,7,2,10,9,55,710,270,"1, BARRE (RUE DE LA)",,,Plein jour,En agglomération,Autre intersection,Pluie forte,Autre collision,,,,,,,,,,,1,2,9,3,6
200700009557,0007-02-13 11:50:00,7,2,13,11,50,710,270,ESSARDS (RUE DES),,,Crépuscule ou aube,En agglomération,Hors intersection,Normale,Deux véhicules - côté,,,,,,,,,,,2,2,1,1,3
200700009558,0007-02-15 18:00:00,7,2,15,18,0,710,270,"140, BEAUJOLAIS (RUE DU)",,,Crépuscule ou aube,En agglomération,Hors intersection,Normale,Deux véhicules - côté,,,,,,,,,,,2,2,1,1,3
200700009559,0007-02-17 18:25:00,7,2,17,18,25,710,270,"83, LAGUICHE (RUE PHILIB",,,Plein jour,En agglomération,Hors intersection,Normale,Autre collision,,,,,,,,,,,1,2,1,1,6
200700009560,0007-02-21 18:15:00,7,2,21,18,15,710,270,"295, PARIS (RUE DE)",,,Crépuscule ou aube,En agglomération,Hors intersection,Normale,Autre collision,,,,,,,,,,,2,2,1,1,6
200700009561,0007-02-15 17:30:00,7,2,15,17,30,710,306,"1, ALOUETTES (AVENUE DES",,,Plein jour,En agglomération,Intersection en X,Normale,Deux véhicules - côté,,,,,,,,,,,1,2,2,1,3
200700009562,0007-02-15 15:40:00,7,2,15,15,40,710,306,NOUVEAU PORT (QUAI DU),,,Plein jour,En agglomération,Intersection en T,Normale,Autre collision,,,,,,,,,,,1,2,3,1,6
200700009563,0007-02-28 04:45:00,7,2,28,4,45,710,306,"43, ALOUETTES (AVENUE DE",,,Nuit avec éclairage allumé,En agglomération,Hors intersection,Pluie forte,Deux véhicules - côté,,,,,,,,,,,5,2,1,3,3
200700009564,0007-02-02 14:05:00,7,2,2,14,5,720,181,PAVOINE PIERRE (RUE),,,Plein jour,En agglomération,Intersection en X,Normale,Deux véhicules - arrière,,,,,,,,,,,1,2,2,1,2
200700009565,0007-02-05 14:30:00,7,2,5,14,30,720,181,CHURCHILL WINSTON (BD) I,,,Plein jour,En agglomération,Hors intersection,Normale,Deux véhicules - côté,,,,,,,,,,,1,2,1,1,3
200700009566,0007-02-05 20:35:00,7,2,5,20,35,720,181,BLANC LOUIS (QUAI),,,Nuit avec éclairage allumé,En agglomération,Hors intersection,Normale,Deux véhicules - côté,,,,,,,,,,,5,2,1,1,3
200700009567,0007-02-06 08:15:00,7,2,6,8,15,720,181,PREMIERE DIVISION FRANCA,,,Plein jour,Hors agglomération,Hors intersection,Brouillard / fumée,Trois véhicules et plus - en chaîne,,,,,,,,,,,1,1,1,5,4
200700009568,0007-02-06 08:25:00,7,2,6,8,25,720,181,"1, RESISTANTS INTERNES (",,,Plein jour,En agglomération,Hors intersection,Normale,Autre collision,,,,,,,,,,,1,2,1,1,6
200700009569,0007-02-06 11:10:00,7,2,6,11,10,720,181,COURTHARDY (RUE),,,Plein jour,En agglomération,Hors intersection,Brouillard / fumée,Autre collision,,,,,,,,,,,1,2,1,5,6
200700009570,0007-02-06 14:30:00,7,2,6,14,30,720,181,SAINT AUBIN (RUE) N° IMP,,,Plein jour,En agglomération,Hors intersection,Normale,Deux véhicules - côté,,,,,,,,,,,1,2,1,1,3
200700009571,0007-02-06 17:25:00,7,2,6,17,25,720,181,"104, DEMORIEUX PAIRS><RO",,,Plein jour,En agglomération,Hors intersection,Normale,Deux véhicules - arrière,,,,,,,,,,,1,2,1,1,2
200700009572,0007-02-06 17:55:00,7,2,6,17,55,720,181,"83, FALCONET ETIENNE (RU",,,Crépuscule ou aube,En agglomération,Hors intersection,Normale,Autre collision,,,,,,,,,,,2,2,1,1,6
200700009573,0007-02-08 13:17:00,7,2,8,13,17,720,181,"82, HEUZE OLIVIER AV N°",,,Plein jour,En agglomération,Hors intersection,Normale,Deux véhicules - côté,,,,,,,,,,,1,2,1,1,3
200700009574,0007-02-12 12:10:00,7,2,12,12,10,720,181,"282, RUBILLARD AV N° PAI",,,Plein jour,En agglomération,Hors intersection,Vent fort / tempête,Deux véhicules - arrière,,,,,,,,,,,1,2,1,6,2
200700009575,0007-02-13 16:10:00,7,2,13,16,10,720,181,BONNETABLE (RTE) N° IMP,,,Plein jour,En agglomération,Intersection en T,Normale,Deux véhicules - côté,,,,,,,,,,,1,2,3,1,3
200700009576,0007-02-13 17:15:00,7,2,13,17,15,720,181,"2, RIBAY (RUE DU)",,,Plein jour,En agglomération,Hors intersection,Normale,Deux véhicules - côté,,,,,,,,,,,1,2,1,1,3
200700009577,0007-02-13 17:50:00,7,2,13,17,50,720,181,PREMIERE DIVISION FRANCA,,,Nuit avec éclairage allumé,Hors agglomération,Hors intersection,Normale,Trois véhicules et plus - collisions multiples,,,,,,,,,,,5,1,1,1,5
200700009578,0007-02-14 15:50:00,7,2,14,15,50,720,181,DEMORIEUX PAIRS><ROCADE,,,Plein jour,En agglomération,Hors intersection,Normale,Trois véhicules et plus - en chaîne,,,,,,,,,,,1,2,1,1,4
200700009579,0007-02-14 18:25:00,7,2,14,18,25,720,181,"7, EDISON THOMAS (RUE)",,,Nuit avec éclairage allumé,En agglomération,Hors intersection,Normale,Deux véhicules - côté,,,,,,,,,,,5,2,1,1,3
200700009580,0007-02-16 03:05:00,7,2,16,3,5,720,181,CHANZY (RUE)  N° IMP 1 A,,,Nuit avec éclairage allumé,En agglomération,Intersection en X,Normale,Autre collision,,,,,,,,,,,5,2,2,1,6
200700009581,0007-02-17 14:25:00,7,2,17,14,25,720,181,CUGNOT NICOLAS (BD),,,Plein jour,En agglomération,Hors intersection,Normale,Autre collision,,,,,,,,,,,1,2,1,1,6
200700009582,0007-02-17 18:00:00,7,2,17,18,0,720,181,LOUIS BLANC (QUAI),,,Nuit avec éclairage allumé,En agglomération,Intersection en X,Pluie légère,Deux véhicules - côté,,,,,,,,,,,5,2,2,2,3
200700009583,0007-02-20 05:30:00,7,2,20,5,30,720,181,DEMORIEUX IMP DE ROCADE,,,Nuit avec éclairage allumé,En agglomération,Hors intersection,Normale,Deux véhicules - arrière,,,,,,,,,,,5,2,1,1,2
200700009584,0007-02-20 19:15:00,7,2,20,19,15,720,181,"19, BROSSOLETTE PIERRE (",,,Nuit avec éclairage allumé,En agglomération,Hors intersection,Normale,Trois véhicules et plus - en chaîne,,,,,,,,,,,5,2,1,1,4
200700009585,0007-02-21 18:00:00,7,2,21,18,0,720,181,FOUCAUDIERE (RUE),,,Nuit avec éclairage allumé,En agglomération,Hors intersection,Normale,Deux véhicules - côté,,,,,,,,,,,5,2,1,1,3
200700009586,0007-02-22 15:30:00,7,2,22,15,30,720,181,"69, RUBILLARD AV N° IMP",,,Plein jour,En agglomération,Hors intersection,Normale,Deux véhicules - frontale,,,,,,,,,,,1,2,1,1,1
200700009587,0007-02-23 20:40:00,7,2,23,20,40,720,3,"15, RENOIR AUGUSTE (RUE)",,,Nuit avec éclairage allumé,En agglomération,Hors intersection,Pluie légère,Autre collision,,,,,,,,,,,5,2,1,2,6
200700009588,0007-02-24 11:30:00,7,2,24,11,30,720,181,"243, LAIGNE RUE DE N° IM",,,Plein jour,En agglomération,Hors intersection,Normale,Deux véhicules - arrière,,,,,,,,,,,1,2,1,1,2
200700009589,0007-02-25 18:00:00,7,2,25,18,0,720,181,LEFAUCHEUX PIERRE (BD),,,Plein jour,En agglomération,Hors intersection,Normale,Deux véhicules - arrière,,,,,,,,,,,1,2,1,1,2
200700009590,0007-02-26 08:10:00,7,2,26,8,10,720,181,EPERON (PL DE L') N°  2,,,Plein jour,En agglomération,Hors intersection,Normale,Autre collision,,,,,,,,,,,1,2,1,1,6
200700009591,0007-02-27 17:00:00,7,2,27,17,0,720,181,FALCONET ETIENNE (RUE),,,Plein jour,En agglomération,Hors intersection,Pluie légère,Autre collision,,,,,,,,,,,1,2,1,2,6
200700009592,0007-02-14 22:15:00,7,2,14,22,15,730,8,"8, MOULIN JEAN SQUARE",,,Nuit avec éclairage allumé,En agglomération,Hors intersection,Pluie forte,Sans collision,,,,,,,,,,,5,2,1,3,7
200700009593,0007-02-24 19:25:00,7,2,24,19,25,730,8,TRESSERVE (DU BOULEVARD,,,Nuit avec éclairage allumé,En agglomération,Hors intersection,Pluie légère,Trois véhicules et plus - en chaîne,,,,,,,,,,,5,2,1,2,4
200700009594,0007-02-19 10:57:00,7,2,19,10,57,730,11,"32, TARENTAISE (AVENUE D",,,Plein jour,En agglomération,Hors intersection,Normale,Deux véhicules - côté,,,,,,,,,,,1,2,1,1,3
200700009595,0007-02-11 14:47:00,7,2,11,14,47,730,65,ROPS DANIEL (AVENUE),,,Plein jour,En agglomération,Intersection en T,Normale,Autre collision,,,,,,,,,,,1,2,3,1,6
200700009596,0007-02-25 15:40:00,7,2,25,15,40,730,65,COSTA DE BEAUREGARD (RUE,,,Plein jour,En agglomération,Hors intersection,Normale,Deux véhicules - côté,,,,,,,,,,,1,2,1,1,3
200700009597,0007-02-07 20:50:00,7,2,7,20,50,740,10,TAILLEFER,,,Nuit avec éclairage allumé,En agglomération,Intersection en T,Pluie légère,Deux véhicules - côté,,,,,,,,,,,5,2,3,2,3
200700009598,0007-02-13 16:30:00,7,2,13,16,30,740,10,"04, MARQUISATS (AVENUE D",,,Plein jour,En agglomération,Hors intersection,Pluie forte,Deux véhicules - arrière,,,,,,,,,,,1,2,1,3,2
200700009599,0007-02-20 09:10:00,7,2,20,9,10,740,10,GAMBETTA,,,Plein jour,En agglomération,Place,Normale,Autre collision,,,,,,,,,,,1,2,7,1,6
200700009600,0007-02-20 16:30:00,7,2,20,16,30,740,93,"23, REPUBLIQUE (AVENUE D",,,Plein jour,En agglomération,Hors intersection,Normale,Sans collision,,,,,,,,,,,1,2,1,1,7
200700009601,0007-02-21 21:00:00,7,2,21,21,0,740,93,"., REPUBLIQUE (AVENUE DE",,,Nuit avec éclairage allumé,En agglomération,Intersection en T,Normale,Deux véhicules - côté,,,,,,,,,,,5,2,3,1,3
200700009602,0007-02-27 10:22:00,7,2,27,10,22,740,10,VAUGELAS,,,Crépuscule ou aube,Hors agglomération,Intersection en X,Normale,Autre collision,,,,,,,,,,,2,1,2,1,6
200700009603,0007-02-04 22:00:00,7,2,4,22,0,740,12,VERDUN (AVENUE DE),,,Nuit avec éclairage allumé,En agglomération,Intersection en T,Normale,Deux véhicules - côté,,,,,,,,,,,5,2,3,1,3
200700009604,0007-02-03 12:11:00,7,2,3,12,11,740,12,RESISTANCE (RUE DE LA),,,Plein jour,En agglomération,Hors intersection,Normale,Deux véhicules - arrière,,,,,,,,,,,1,2,1,1,2
200700009605,0007-02-13 18:30:00,7,2,13,18,30,740,133,GENEVE (RUE DE),,,Nuit avec éclairage allumé,En agglomération,Hors intersection,Normale,Autre collision,,,,,,,,,,,5,2,1,1,6
200700009606,0007-02-19 06:43:00,7,2,19,6,43,740,133,"84, GENEVE (RUE DE)",,,Crépuscule ou aube,En agglomération,Intersection en T,Normale,Deux véhicules - arrière,,,,,,,,,,,2,2,3,1,2
200700009607,0007-02-27 12:30:00,7,2,27,12,30,740,133,INDUSTRIE (RUE DE L'),,,Plein jour,En agglomération,Intersection en T,Normale,Trois véhicules et plus - en chaîne,,,,,,,,,,,1,2,3,1,4
200700009608,0007-02-25 17:00:00,7,2,25,17,0,740,12,"17, GENEVE (RUE DE)",,,Plein jour,En agglomération,Hors intersection,Normale,Deux véhicules - arrière,,,,,,,,,,,1,2,1,1,2
200700009609,0007-02-08 09:18:00,7,2,8,9,18,750,13,1 AV PIERRE COUBERTIN,,,Plein jour,En agglomération,Hors intersection,Normale,Deux véhicules - frontale,,,,,,,,,,,1,2,1,1,1
200700009610,0007-02-05 13:20:00,7,2,5,13,20,750,15,16 R BALARD,,,Plein jour,En agglomération,Hors intersection,Normale,Autre collision,,,,,,,,,,,1,2,1,1,6
200700009611,0007-02-06 15:30:00,7,2,6,15,30,750,10,R SAINT MAUR R TESSON,,,Plein jour,En agglomération,Intersection en T,Pluie légère,Deux véhicules - arrière,,,,,,,,,,,1,2,3,2,2