accident_id,datetime,annee,mois,jour,heure,minute,departement,commune_insee,adresse,latitude,longitude,luminosite,agglomeration,intersection,meteo,collision,nb_vehicules,nb_usagers,nb_indemnes,nb_tues,nb_blesses_hosp,nb_blesses_legers,age_cond_1,age_cond_2,veh_type_cond_1,veh_type_cond_2,lum_code,agg_code,int_code,atm_code,col_code
200700009612,0007-02-01 11:10:00,7,2,1,11,10,750,1,226 R DE RIVOLI,,,Plein jour,En agglomération,Hors intersection,Temps couvert,Autre collision,,,,,,,,,,,1,2,1,8,6
200700009613,0007-02-01 12:00:00,7,2,1,12,0,750,2,8 R SAINTE FOY,,,Plein jour,En agglomération,Hors intersection,Normale,Autre collision,,,,,,,,,,,1,2,1,1,6
200700009614,0007-02-01 15:42:00,7,2,1,15,42,750,8,SOU CONCORDE,,,Plein jour,En agglomération,Hors intersection,Normale,Sans collision,,,,,,,,,,,1,2,1,1,7
200700009615,0007-02-01 14:15:00,7,2,1,14,15,750,11,R DE CRUSSOL BD VOLTAIRE,,,Plein jour,En agglomération,Intersection en X,Normale,Deux véhicules - côté,,,,,,,,,,,1,2,2,1,3
200700009616,0007-02-01 21:23:00,7,2,1,21,23,750,14,56 AV RENE COTY,,,Nuit avec éclairage allumé,En agglomération,Hors intersection,Normale,Autre collision,,,,,,,,,,,5,2,1,1,6
200700009617,0007-02-02 20:50:00,7,2,2,20,50,750,13,BD KELLERMANN R PR LOUIS,,,Nuit avec éclairage allumé,En agglomération,Intersection en X,Normale,Deux véhicules - côté,,,,,,,,,,,5,2,2,1,3
200700009618,0007-02-02 21:10:00,7,2,2,21,10,750,16,R EDOUARD FOURNIER BD JU,,,Nuit avec éclairage allumé,En agglomération,Intersection en X,Temps couvert,Autre collision,,,,,,,,,,,5,2,2,8,6
200700009619,0007-02-02 15:00:00,7,2,2,15,0,750,16,R ALFRED BRUNEAU AV COLO,,,Plein jour,En agglomération,Intersection en T,Normale,Autre collision,,,,,,,,,,,1,2,3,1,6
200700009620,0007-02-02 14:40:00,7,2,2,14,40,750,16,134 R DE LA POMPE,,,Plein jour,En agglomération,Hors intersection,Temps couvert,Autre collision,,,,,,,,,,,1,2,1,8,6
200700009621,0007-02-02 09:40:00,7,2,2,9,40,750,16,83 BD DE MONTMORENCY,,,Plein jour,En agglomération,Hors intersection,Pluie légère,Deux véhicules - arrière,,,,,,,,,,,1,2,1,2,2
200700009622,0007-02-03 15:30:00,7,2,3,15,30,750,16,L9177 ALL DE LONGCHAMP,,,Plein jour,En agglomération,Hors intersection,Normale,Deux véhicules - arrière,,,,,,,,,,,1,2,1,1,2
200700009623,0007-02-03 08:40:00,7,2,3,8,40,750,16,100 BD MURAT,,,Plein jour,En agglomération,Hors intersection,Normale,Autre collision,,,,,,,,,,,1,2,1,1,6
200700009624,0007-02-03 21:35:00,7,2,3,21,35,750,16,AV FOCH,,,Nuit avec éclairage allumé,En agglomération,Hors intersection,Normale,Autre collision,,,,,,,,,,,5,2,1,1,6
200700009625,0007-02-03 15:30:00,7,2,3,15,30,750,16,AV PORTE D AUTEUIL POR D,,,Plein jour,En agglomération,Intersection en T,Normale,Autre collision,,,,,,,,,,,1,2,3,1,6
200700009626,0007-02-03 23:50:00,7,2,3,23,50,750,16,73 BD DE MONTMORENCY,,,Nuit avec éclairage allumé,En agglomération,Hors intersection,Normale,Autre collision,,,,,,,,,,,5,2,1,1,6
200700009627,0007-02-04 07:40:00,7,2,4,7,40,750,13,AV D ITALIE BD MASSENA,,,Plein jour,En agglomération,Intersection en X,Pluie légère,Deux véhicules - côté,,,,,,,,,,,1,2,2,2,3
200700009628,0007-02-04 19:08:00,7,2,4,19,8,750,16,R GUSTAVE COURBET R DE L,,,Nuit avec éclairage allumé,En agglomération,Intersection en T,Normale,Deux véhicules - côté,,,,,,,,,,,5,2,3,1,3
200700009629,0007-02-01 12:20:00,7,2,1,12,20,750,5,26 R M STE GENEVIEVE,,,Plein jour,En agglomération,Hors intersection,Temps couvert,Autre collision,,,,,,,,,,,1,2,1,8,6
200700009630,0007-02-01 15:30:00,7,2,1,15,30,750,19,PL AUGUSTE BARON BD COMM,,,Plein jour,En agglomération,Intersection en T,Normale,Autre collision,,,,,,,,,,,1,2,3,1,6
200700009631,0007-02-02 23:35:00,7,2,2,23,35,750,8,84 BD HAUSSMANN,,,Nuit avec éclairage allumé,En agglomération,Hors intersection,Normale,Trois véhicules et plus - en chaîne,,,,,,,,,,,5,2,1,1,4
200700009632,0007-02-02 22:20:00,7,2,2,22,20,750,11,R DE CRUSSOL BD BOLTAIRE,,,Nuit avec éclairage allumé,En agglomération,Intersection en X,Normale,Autre collision,,,,,,,,,,,5,2,2,1,6
200700009633,0007-02-02 16:30:00,7,2,2,16,30,750,18,8 R CAULAINCOURT,,,Plein jour,En agglomération,Hors intersection,Normale,Deux véhicules - arrière,,,,,,,,,,,1,2,1,1,2
200700009634,0007-02-02 16:00:00,7,2,2,16,0,750,19,90 R DE CRIMEE,,,Plein jour,En agglomération,Hors intersection,Normale,Autre collision,,,,,,,,,,,1,2,1,1,6
200700009635,0007-02-02 23:15:00,7,2,2,23,15,750,19,46 AV DE FLANDRE,,,Nuit avec éclairage allumé,En agglomération,Hors intersection,Normale,Autre collision,,,,,,,,,,,5,2,1,1,6
200700009636,0007-02-03 06:40:00,7,2,3,6,40,750,3,R BERANGER R DU TEMPLE,,,Nuit avec éclairage allumé,En agglomération,Intersection en Y,Normale,Trois véhicules et plus - en chaîne,,,,,,,,,,,5,2,4,1,4
200700009637,0007-02-03 14:55:00,7,2,3,14,55,750,7,R DE MONTTESSUY AV RAPP,,,Plein jour,En agglomération,Intersection en T,Normale,Deux véhicules - côté,,,,,,,,,,,1,2,3,1,3
200700009638,0007-02-03 14:05:00,7,2,3,14,5,750,7,R JEAN CARRIES AV DE SUF,,,Plein jour,En agglomération,Intersection en X,Normale,Deux véhicules - côté,,,,,,,,,,,1,2,2,1,3
200700009639,0007-02-03 15:40:00,7,2,3,15,40,750,7,35 QU D ORSAY,,,Plein jour,En agglomération,Hors intersection,Normale,Deux véhicules - arrière,,,,,,,,,,,1,2,1,1,2
200700009640,0007-02-03 01:05:00,7,2,3,1,5,750,8,40 AV GEORGE V,,,Nuit avec éclairage allumé,En agglomération,Hors intersection,Pluie légère,Deux véhicules - côté,,,,,,,,,,,5,2,1,2,3
200700009641,0007-02-03 19:35:00,7,2,3,19,35,750,11,246 R FG SAINT ANTOINE,,,Nuit avec éclairage allumé,En agglomération,Hors intersection,Normale,Autre collision,,,,,,,,,,,5,2,1,1,6
200700009642,0007-02-02 23:35:00,7,2,2,23,35,750,6,R DE TOURNON R DE VAUGIR,,,Nuit avec éclairage allumé,En agglomération,Intersection en T,Pluie légère,Sans collision,,,,,,,,,,,5,2,3,2,7
200700009643,0007-02-03 10:40:00,7,2,3,10,40,750,11,AV DE LA REPUBLIQUE BD R,,,Plein jour,En agglomération,Intersection en X,Normale,Deux véhicules - arrière,,,,,,,,,,,1,2,2,1,2
200700009644,0007-02-03 19:04:00,7,2,3,19,4,750,12,R CLAUDE TILLIER R FG SA,,,Nuit avec éclairage allumé,En agglomération,Intersection en T,Normale,Deux véhicules - côté,,,,,,,,,,,5,2,3,1,3
200700009645,0007-02-03 16:45:00,7,2,3,16,45,750,18,R DUC R DU MONT CENIS,,,Plein jour,En agglomération,Intersection en X,Normale,Autre collision,,,,,,,,,,,1,2,2,1,6
200700009646,0007-02-03 00:05:00,7,2,3,0,5,750,18,22 BD ORNANO,,,Nuit avec éclairage allumé,En agglomération,Hors intersection,Pluie légère,Autre collision,,,,,,,,,,,5,2,1,2,6
200700009647,0007-02-04 21:15:00,7,2,4,21,15,750,3,PL DE LA REPUBLIQUE BD D,,,Nuit avec éclairage allumé,En agglomération,Intersection en T,Normale,Deux véhicules - côté,,,,,,,,,,,5,2,3,1,3
200700009648,0007-02-04 13:35:00,7,2,4,13,35,750,4,VERD PO NOTRE DAME  PO A,,,Plein jour,En agglomération,Hors intersection,Normale,Autre collision,,,,,,,,,,,1,2,1,1,6
200700009649,0007-02-04 11:50:00,7,2,4,11,50,750,18,56 BD NEY,,,Plein jour,En agglomération,Hors intersection,Normale,Deux véhicules - côté,,,,,,,,,,,1,2,1,1,3
200700009650,0007-02-04 02:30:00,7,2,4,2,30,750,19,AV DE FLANDRE BD DE LA V,,,Nuit avec éclairage allumé,En agglomération,Intersection en T,Normale,Deux véhicules - côté,,,,,,,,,,,5,2,3,1,3
200700009651,0007-02-04 18:55:00,7,2,4,18,55,750,19,AV PORTE CHAUMONT R SIGM,,,Nuit avec éclairage allumé,En agglomération,Intersection en T,Normale,Autre collision,,,,,,,,,,,5,2,3,1,6
200700009652,0007-02-04 22:25:00,7,2,4,22,25,750,19,PL JEAN ROSTAND BD DE LA,,,Nuit avec éclairage allumé,En agglomération,Intersection en T,Normale,Autre collision,,,,,,,,,,,5,2,3,1,6
200700009653,0007-02-05 09:17:00,7,2,5,9,17,750,12,R LEROY DUPRE BD DE PICP,,,Plein jour,En agglomération,Intersection en T,Normale,Autre collision,,,,,,,,,,,1,2,3,1,6
200700009654,0007-02-05 11:45:00,7,2,5,11,45,750,16,PL JEAN MONNET R DE LA P,,,Plein jour,En agglomération,Intersection en X,Normale,Sans collision,,,,,,,,,,,1,2,2,1,7
200700009655,0007-02-05 08:50:00,7,2,5,8,50,750,16,R DEGAS AV DE VERSAILLES,,,Plein jour,En agglomération,Intersection en X,Normale,Deux véhicules - arrière,,,,,,,,,,,1,2,2,1,2
200700009656,0007-02-01 16:35:00,7,2,1,16,35,750,19,140 R DE BELLEVILLE,,,Plein jour,En agglomération,Hors intersection,Normale,Sans collision,,,,,,,,,,,1,2,1,1,7
200700009657,0007-02-01 20:50:00,7,2,1,20,50,750,20,R DE BELLEVILLE R PIXERE,,,Nuit avec éclairage allumé,En agglomération,Intersection en X,Normale,Autre collision,,,,,,,,,,,5,2,2,1,6
200700009658,0007-02-01 16:15:00,7,2,1,16,15,750,20,28 CRS DE VINCENNES,,,Plein jour,En agglomération,Hors intersection,Normale,Autre collision,,,,,,,,,,,1,2,1,1,6
200700009659,0007-02-01 01:45:00,7,2,1,1,45,750,20,4 R BELGRAND,,,Nuit avec éclairage allumé,En agglomération,Hors intersection,Normale,Sans collision,,,,,,,,,,,5,2,1,1,7
200700009660,0007-02-01 04:45:00,7,2,1,4,45,750,20,BD MORTIER VLA SAINTE MA,,,Nuit avec éclairage allumé,En agglomération,Intersection en Y,Temps couvert,Deux véhicules - arrière,,,,,,,,,,,5,2,4,8,2
200700009661,0007-02-01 17:00:00,7,2,1,17,0,750,20,R BELGRAND R MARTIN GARA,,,Plein jour,En agglomération,Intersection en T,Normale,Autre collision,,,,,,,,,,,1,2,3,1,6
200700009662,0007-02-01 12:10:00,7,2,1,12,10,750,20,L11496 AV PR A LEMIERE,,,Plein jour,En agglomération,Hors intersection,Normale,Deux véhicules - côté,,,,,,,,,,,1,2,1,1,3
200700009663,0007-02-01 11:45:00,7,2,1,11,45,750,20,BPE BAGNOLET LILAS,,,Plein jour,En agglomération,Hors intersection,Temps couvert,Deux véhicules - arrière,,,,,,,,,,,1,2,1,8,2
200700009664,0007-02-02 23:40:00,7,2,2,23,40,750,20,R DES AMANDIERS R DE TLE,,,Nuit avec éclairage allumé,En agglomération,Intersection en X,Pluie légère,Autre collision,,,,,,,,,,,5,2,2,2,6
200700009665,0007-02-02 13:45:00,7,2,2,13,45,750,20,R DE LA JUSTICE R DU SUR,,,Plein jour,En agglomération,Intersection en T,Pluie légère,Sans collision,,,,,,,,,,,1,2,3,2,7
200700009666,0007-02-03 10:30:00,7,2,3,10,30,750,20,AV GAMBETTA R HENRI POIN,,,Plein jour,En agglomération,Intersection en X,Normale,Deux véhicules - côté,,,,,,,,,,,1,2,2,1,3
200700009667,0007-02-05 14:40:00,7,2,5,14,40,750,3,74 R DE TURBIGO,,,Plein jour,En agglomération,Hors intersection,Normale,Autre collision,,,,,,,,,,,1,2,1,1,6
200700009668,0007-02-05 15:55:00,7,2,5,15,55,750,8,22 PL DE LA MADELEINE,,,Plein jour,En agglomération,Hors intersection,Normale,Deux véhicules - côté,,,,,,,,,,,1,2,1,1,3
200700009669,0007-02-05 16:45:00,7,2,5,16,45,750,11,32 R SEDAINE,,,Plein jour,En agglomération,Hors intersection,Temps couvert,Deux véhicules - côté,,,,,,,,,,,1,2,1,8,3
200700009670,0007-02-06 09:40:00,7,2,6,9,40,750,11,81 BD RICHARD LENOIR,,,Plein jour,En agglomération,Hors intersection,Normale,Sans collision,,,,,,,,,,,1,2,1,1,7
200700009671,0007-02-06 22:15:00,7,2,6,22,15,750,13,BD DE L HOPITAL PL VALHU,,,Nuit avec éclairage allumé,En agglomération,Intersection en Y,Pluie légère,Deux véhicules - côté,,,,,,,,,,,5,2,4,2,3
200700009672,0007-02-06 09:45:00,7,2,6,9,45,750,13,26 BD ARAGO,,,Plein jour,En agglomération,Hors intersection,Normale,Deux véhicules - arrière,,,,,,,,,,,1,2,1,1,2
200700009673,0007-02-02 19:40:00,7,2,2,19,40,750,15,R DESNOUETTES BD VICTOR,,,Nuit avec éclairage allumé,En agglomération,Intersection en X,Temps couvert,Deux véhicules - côté,,,,,,,,,,,5,2,2,8,3
200700009674,0007-02-02 18:45:00,7,2,2,18,45,750,15,R BRANCION R DE VOUILLE,,,Nuit avec éclairage allumé,En agglomération,Intersection en X,Pluie légère,Sans collision,,,,,,,,,,,5,2,2,2,7
200700009675,0007-02-02 09:30:00,7,2,2,9,30,750,15,AV EMILE ZOLA R HENRI DU,,,Plein jour,En agglomération,Intersection en X,Normale,Deux véhicules - côté,,,,,,,,,,,1,2,2,1,3
200700009676,0007-02-03 10:30:00,7,2,3,10,30,750,15,QU ANDRE CITROEN,,,Plein jour,En agglomération,Hors intersection,Normale,Sans collision,,,,,,,,,,,1,2,1,1,7
200700009677,0007-02-03 04:59:00,7,2,3,4,59,750,15,24 R DU DEPART,,,Nuit avec éclairage allumé,En agglomération,Hors intersection,Normale,Autre collision,,,,,,,,,,,5,2,1,1,6
200700009678,0007-02-04 00:45:00,7,2,4,0,45,750,17,R CARDINET AV DE CLICHY,,,Nuit avec éclairage allumé,En agglomération,Intersection en T,Normale,Autre collision,,,,,,,,,,,5,2,3,1,6
200700009679,0007-02-04 17:10:00,7,2,4,17,10,750,17,R DE COURCELLES BD DE LA,,,Plein jour,En agglomération,Intersection en T,Normale,Deux véhicules - côté,,,,,,,,,,,1,2,3,1,3
200700009680,0007-02-04 18:56:00,7,2,4,18,56,750,17,PL CH DE GAULLE AV GRAND,,,Nuit avec éclairage allumé,En agglomération,Intersection en T,Normale,Deux véhicules - côté,,,,,,,,,,,5,2,3,1,3
200700009681,0007-02-06 21:06:00,7,2,6,21,6,750,8,R CLEMENT MAROT AV MONTA,,,Nuit avec éclairage allumé,En agglomération,Intersection en T,Normale,Deux véhicules - côté,,,,,,,,,,,5,2,3,1,3
200700009682,0007-02-06 20:35:00,7,2,6,20,35,750,8,R DE MOSCOU R ST PETERSB,,,Nuit avec éclairage allumé,En agglomération,Intersection en X,Normale,Autre collision,,,,,,,,,,,5,2,2,1,6
200700009683,0007-02-06 11:45:00,7,2,6,11,45,750,7,AV DUQUESNE PL DU PDT MI,,,Plein jour,En agglomération,Intersection en T,Temps couvert,Deux véhicules - côté,,,,,,,,,,,1,2,3,8,3
200700009684,0007-02-06 12:45:00,7,2,6,12,45,750,16,30 AV BUGEAUD,,,Plein jour,En agglomération,Hors intersection,Normale,Deux véhicules - côté,,,,,,,,,,,1,2,1,1,3
200700009685,0007-02-07 10:45:00,7,2,7,10,45,750,16,66 R DE LA POMPE,,,Plein jour,En agglomération,Hors intersection,Pluie légère,Deux véhicules - côté,,,,,,,,,,,1,2,1,2,3
200700009686,0007-02-07 16:40:00,7,2,7,16,40,750,7,QU D ORSAY PL DE LA RESI,,,Plein jour,En agglomération,Intersection en X,Normale,Deux véhicules - arrière,,,,,,,,,,,1,2,2,1,2
200700009687,0007-02-07 12:35:00,7,2,7,12,35,750,16,R D ARGENTINE AV GRANDE,,,Plein jour,En agglomération,Intersection en T,Pluie légère,Sans collision,,,,,,,,,,,1,2,3,2,7
200700009688,0007-02-07 10:00:00,7,2,7,10,0,750,16,98 AV D IENA,,,Plein jour,En agglomération,Hors intersection,Pluie légère,Deux véhicules - arrière,,,,,,,,,,,1,2,1,2,2
200700009689,0007-02-07 16:15:00,7,2,7,16,15,750,7,R DU CHAMP DE MARS AV LA,,,Plein jour,En agglomération,Intersection en X,Normale,Sans collision,,,,,,,,,,,1,2,2,1,7
200700009690,0007-02-06 11:40:00,7,2,6,11,40,750,17,110 BD MALESHERBES,,,Plein jour,En agglomération,Hors intersection,Normale,Deux véhicules - côté,,,,,,,,,,,1,2,1,1,3
200700009691,0007-02-06 10:20:00,7,2,6,10,20,750,2,PL DE LA BOURSE R QUATRE,,,Plein jour,En agglomération,Intersection en X,Temps couvert,Deux véhicules - côté,,,,,,,,,,,1,2,2,8,3
200700009692,0007-02-05 17:30:00,7,2,5,17,30,750,17,178 AV DE CLICHY,,,Nuit avec éclairage allumé,En agglomération,Hors intersection,Normale,Autre collision,,,,,,,,,,,5,2,1,1,6
200700009693,0007-02-02 17:23:00,7,2,2,17,23,750,17,BD DE DOUAMONT,,,Nuit avec éclairage allumé,En agglomération,Hors intersection,Normale,Deux véhicules - côté,,,,,,,,,,,5,2,1,1,3
200700009694,0007-02-01 09:00:00,7,2,1,9,0,750,18,R CAMILLE TAHAN R CAVALL,,,Plein jour,En agglomération,Intersection en T,Temps couvert,Autre collision,,,,,,,,,,,1,2,3,8,6
200700009695,0007-02-02 13:05:00,7,2,2,13,5,750,9,36 R LA FAYETTE,,,Plein jour,En agglomération,Hors intersection,Pluie légère,Autre collision,,,,,,,,,,,1,2,1,2,6
200700009696,0007-02-02 13:20:00,7,2,2,13,20,750,9,R AUBER R DE CAUMARTIN,,,Plein jour,En agglomération,Intersection en X,Pluie légère,Autre collision,,,,,,,,,,,1,2,2,2,6
200700009697,0007-02-04 15:25:00,7,2,4,15,25,750,20,42 R BELGRAND,,,Plein jour,En agglomération,Hors intersection,Normale,Deux véhicules - arrière,,,,,,,,,,,1,2,1,1,2
200700009698,0007-02-06 12:45:00,7,2,6,12,45,750,4,VERD PO MARIE PO SULLY,,,Plein jour,En agglomération,Hors intersection,Normale,Deux véhicules - arrière,,,,,,,,,,,1,2,1,1,2
200700009699,0007-02-06 15:45:00,7,2,6,15,45,750,4,R DES ARCHIVES R DE RIVO,,,Plein jour,En agglomération,Intersection en X,Normale,Deux véhicules - côté,,,,,,,,,,,1,2,2,1,3
200700009700,0007-02-06 20:35:00,7,2,6,20,35,750,4,QU HOTEL DE VILLE R DE L,,,Nuit avec éclairage allumé,En agglomération,Intersection en T,Normale,Deux véhicules - côté,,,,,,,,,,,5,2,3,1,3
200700009701,0007-02-06 13:00:00,7,2,6,13,0,750,4,PO CHANGE QU DE LA CORSE,,,Plein jour,En agglomération,Intersection en T,Normale,Trois véhicules et plus - en chaîne,,,,,,,,,,,1,2,3,1,4
200700009702,0007-02-06 08:25:00,7,2,6,8,25,750,6,R ABBE GREGOIRE R DE VAU,,,Plein jour,En agglomération,Intersection en T,Normale,Deux véhicules - côté,,,,,,,,,,,1,2,3,1,3
200700009703,0007-02-06 16:15:00,7,2,6,16,15,750,11,44 BD RICHARD LENOIR,,,Plein jour,En agglomération,Hors intersection,Pluie légère,Autre collision,,,,,,,,,,,1,2,1,2,6
200700009704,0007-02-06 16:45:00,7,2,6,16,45,750,11,248 BD VOLTAIRE,,,Plein jour,En agglomération,Hors intersection,Pluie légère,Deux véhicules - arrière,,,,,,,,,,,1,2,1,2,2
200700009705,0007-02-06 07:00:00,7,2,6,7,0,750,20,R DE LAGNY R REYNALDO HA,,,Crépuscule ou aube,En agglomération,Intersection en X,Pluie légère,Deux véhicules - côté,,,,,,,,,,,2,2,2,2,3
200700009706,0007-02-07 08:55:00,7,2,7,8,55,750,3,188 R SAINT MARTIN,,,Plein jour,En agglomération,Hors intersection,Neige / grêle,Deux véhicules - côté,,,,,,,,,,,1,2,1,4,3
200700009707,0007-02-07 10:05:00,7,2,7,10,5,750,8,BD HAUSSMANN R ROY,,,Plein jour,En agglomération,Intersection en X,Pluie légère,Sans collision,,,,,,,,,,,1,2,2,2,7
200700009708,0007-02-07 07:15:00,7,2,7,7,15,750,8,AV CHAMPS ELYSEES SOU CO,,,Plein jour,En agglomération,Intersection en Y,Neige / grêle,Autre collision,,,,,,,,,,,1,2,4,4,6
200700009709,0007-02-07 01:50:00,7,2,7,1,50,750,11,R DU CHEMIN VERT R SERVA,,,Nuit avec éclairage allumé,En agglomération,Intersection en X,Normale,Autre collision,,,,,,,,,,,5,2,2,1,6
200700009710,0007-02-07 08:35:00,7,2,7,8,35,750,13,12 R DE LA GLACIERE,,,Plein jour,En agglomération,Hors intersection,Neige / grêle,Deux véhicules - frontale,,,,,,,,,,,1,2,1,4,1
200700009711,0007-02-07 11:30:00,7,2,7,11,30,750,13,BD AUGUSTE BLANQUI R DE,,,Plein jour,En agglomération,Intersection en X,Normale,Deux véhicules - côté,,,,,,,,,,,1,2,2,1,3
200700009712,0007-02-07 17:10:00,7,2,7,17,10,750,16,R A VACQUERIE AV D IENA,,,Plein jour,En agglomération,Intersection en X,Temps couvert,Deux véhicules - côté,,,,,,,,,,,1,2,2,8,3
200700009713,0007-02-07 19:30:00,7,2,7,19,30,750,16,L9682 RTE MUETTE A NEUIL,,,Nuit avec éclairage allumé,En agglomération,Hors intersection,Normale,Sans collision,,,,,,,,,,,5,2,1,1,7
200700009714,0007-02-07 07:45:00,7,2,7,7,45,750,18,106 R DU POTEAU,,,Nuit avec éclairage allumé,En agglomération,Hors intersection,Pluie légère,Autre collision,,,,,,,,,,,5,2,1,2,6
200700009715,0007-02-07 07:10:00,7,2,7,7,10,750,18,R HERMEL R MARCADET,,,Nuit avec éclairage allumé,En agglomération,Intersection en X,Temps couvert,Deux véhicules - côté,,,,,,,,,,,5,2,2,8,3
200700009716,0007-02-07 11:35:00,7,2,7,11,35,750,20,R DE LA BIDASSOA R ORFIL,,,Plein jour,En agglomération,Intersection en X,Pluie légère,Deux véhicules - côté,,,,,,,,,,,1,2,2,2,3
200700009717,0007-02-07 06:45:00,7,2,7,6,45,750,20,L6424 AV PTE DE VINCENNE,,,Crépuscule ou aube,En agglomération,Hors intersection,Neige / grêle,Trois véhicules et plus - en chaîne,,,,,,,,,,,2,2,1,4,4
200700009718,0007-02-08 11:05:00,7,2,8,11,5,750,3,323 R SAINT MARTIN,,,Plein jour,En agglomération,Hors intersection,Pluie légère,Sans collision,,,,,,,,,,,1,2,1,2,7
200700009719,0007-02-08 14:00:00,7,2,8,14,0,750,12,28 BD DIDEROT,,,Plein jour,En agglomération,Hors intersection,Temps couvert,Autre collision,,,,,,,,,,,1,2,1,8,6
200700009720,0007-02-08 14:45:00,7,2,8,14,45,750,13,BPI ITALIE GENTILLY,,,Plein jour,En agglomération,Hors intersection,Normale,Deux véhicules - côté,,,,,,,,,,,1,2,1,1,3
200700009721,0007-02-08 11:38:00,7,2,8,11,38,750,13,8 PL DE VENETIE,,,Plein jour,En agglomération,Hors intersection,Normale,Autre collision,,,,,,,,,,,1,2,1,1,6
200700009722,0007-02-08 10:10:00,7,2,8,10,10,750,16,AV MARECHAL FAYOLLE PL M,,,Plein jour,En agglomération,Intersection en T,Normale,Deux véhicules - côté,,,,,,,,,,,1,2,3,1,3
200700009723,0007-02-08 06:30:00,7,2,8,6,30,750,16,PL CH DE GAULLE AV D IEN,,,Nuit avec éclairage allumé,En agglomération,Intersection en T,Pluie légère,Deux véhicules - côté,,,,,,,,,,,5,2,3,2,3
200700009724,0007-02-02 14:50:00,7,2,2,14,50,750,5,R LARREY PL PUITS L ERMI,,,Plein jour,En agglomération,Intersection en X,Temps couvert,Autre collision,,,,,,,,,,,1,2,2,8,6
200700009725,0007-02-03 22:18:00,7,2,3,22,18,750,1,PL DU PALAIS ROYAL R DE,,,Nuit avec éclairage allumé,En agglomération,Intersection en X,Normale,Autre collision,,,,,,,,,,,5,2,2,1,6
200700009726,0007-02-03 04:15:00,7,2,3,4,15,750,5,QU SAINT BERNARD PO DE S,,,Nuit avec éclairage allumé,En agglomération,Intersection en T,Normale,Deux véhicules - côté,,,,,,,,,,,5,2,3,1,3
200700009727,0007-02-04 14:20:00,7,2,4,14,20,750,1,PL DU CARROUSEL QU DU LO,,,Plein jour,En agglomération,Intersection en T,Normale,Deux véhicules - côté,,,,,,,,,,,1,2,3,1,3
200700009728,0007-02-05 19:08:00,7,2,5,19,8,750,14,100 BD ARAGO,,,Nuit avec éclairage allumé,En agglomération,Hors intersection,Normale,Autre collision,,,,,,,,,,,5,2,1,1,6
200700009729,0007-02-06 17:25:00,7,2,6,17,25,750,14,R D ARCUEIL R LIARD,,,Crépuscule ou aube,En agglomération,Intersection en T,Normale,Autre collision,,,,,,,,,,,2,2,3,1,6
200700009730,0007-02-06 18:00:00,7,2,6,18,0,750,14,104 BD DU MONTPARNASSE,,,Nuit avec éclairage allumé,En agglomération,Hors intersection,Temps couvert,Autre collision,,,,,,,,,,,5,2,1,8,6
200700009731,0007-02-06 14:25:00,7,2,6,14,25,750,14,62 AV GENERAL LECLERC,,,Plein jour,En agglomération,Hors intersection,Normale,Deux véhicules - côté,,,,,,,,,,,1,2,1,1,3
200700009732,0007-02-06 19:45:00,7,2,6,19,45,750,17,2 BD BESSIERES,,,Nuit avec éclairage allumé,En agglomération,Hors intersection,Normale,Deux véhicules - côté,,,,,,,,,,,5,2,1,1,3
200700009733,0007-02-07 20:50:00,7,2,7,20,50,750,6,48 BD DU MONTPARNASSE,,,Nuit avec éclairage allumé,En agglomération,Hors intersection,Normale,Deux véhicules - arrière,,,,,,,,,,,5,2,1,1,2
200700009734,0007-02-07 13:20:00,7,2,7,13,20,750,6,66 BD SAINT MICHEL,,,Plein jour,En agglomération,Hors intersection,Normale,Autre collision,,,,,,,,,,,1,2,1,1,6
200700009735,0007-02-07 08:35:00,7,2,7,8,35,750,14,12 AV PTE DE CHATILLON,,,Plein jour,En agglomération,Hors intersection,Neige / grêle,Autre collision,,,,,,,,,,,1,2,1,4,6
200700009736,0007-02-07 19:45:00,7,2,7,19,45,750,17,R BROCHANT R NOLLET,,,Nuit avec éclairage allumé,En agglomération,Intersection en X,Normale,Deux véhicules - côté,,,,,,,,,,,5,2,2,1,3
200700009737,0007-02-07 21:25:00,7,2,7,21,25,750,17,R BOURSAULT R LA CONDAMI,,,Nuit avec éclairage allumé,En agglomération,Intersection en X,Temps couvert,Deux véhicules - côté,,,,,,,,,,,5,2,2,8,3
200700009738,0007-02-07 10:30:00,7,2,7,10,30,750,17,R DE COURCELLES R MEDERI,,,Plein jour,En agglomération,Intersection en T,Pluie légère,Deux véhicules - côté,,,,,,,,,,,1,2,3,2,3
200700009739,0007-02-08 14:10:00,7,2,8,14,10,750,10,BD SAINT DENIS BD DE STR,,,Plein jour,En agglomération,Intersection en X,Normale,Autre collision,,,,,,,,,,,1,2,2,1,6
200700009740,0007-02-09 09:30:00,7,2,9,9,30,750,16,L6110 VERD PO DE GRENELL,,,Plein jour,En agglomération,Hors intersection,Normale,Deux véhicules - arrière,,,,,,,,,,,1,2,1,1,2
200700009741,0007-02-08 16:35:00,7,2,8,16,35,750,16,52 AV D IENA,,,Plein jour,En agglomération,Hors intersection,Pluie légère,Sans collision,,,,,,,,,,,1,2,1,2,7
200700009742,0007-02-07 08:45:00,7,2,7,8,45,750,1,PL ANDRE MALRAUX AV DE L,,,Plein jour,En agglomération,Intersection en X,Neige / grêle,Sans collision,,,,,,,,,,,1,2,2,4,7
200700009743,0007-02-07 10:10:00,7,2,7,10,10,750,8,PO ALEXANDRE III CRS LA,,,Plein jour,En agglomération,Intersection en X,Pluie légère,Deux véhicules - arrière,,,,,,,,,,,1,2,2,2,2
200700009744,0007-02-07 13:40:00,7,2,7,13,40,750,11,158 BD VOLTAIRE,,,Plein jour,En agglomération,Hors intersection,Normale,Deux véhicules - côté,,,,,,,,,,,1,2,1,1,3