accident_id,datetime,annee,mois,jour,heure,minute,departement,commune_insee,adresse,latitude,longitude,luminosite,agglomeration,intersection,meteo,collision,nb_vehicules,nb_usagers,nb_indemnes,nb_tues,nb_blesses_hosp,nb_blesses_legers,age_cond_1,age_cond_2,veh_type_cond_1,veh_type_cond_2,lum_code,agg_code,int_code,atm_code,col_code
200700010010,0007-02-22 05:50:00,7,2,22,5,50,750,1,AV DE L OPERA R SAINT RO,,,Nuit avec éclairage allumé,En agglomération,Intersection en X,Normale,Deux véhicules - côté,,,,,,,,,,,5,2,2,1,3
200700010011,0007-02-22 01:55:00,7,2,22,1,55,750,1,R DE RIVOLI R DE ROHAN,,,Nuit avec éclairage allumé,En agglomération,Intersection en X,Normale,Deux véhicules - côté,,,,,,,,,,,5,2,2,1,3
200700010012,0007-02-22 17:45:00,7,2,22,17,45,750,5,R GAY LUSSAC R SAINT JAC,,,Plein jour,En agglomération,Intersection en X,Pluie légère,Sans collision,,,,,,,,,,,1,2,2,2,7
200700010013,0007-02-22 22:00:00,7,2,22,22,0,750,5,BD SAINT MICHEL R SOUFFL,,,Nuit avec éclairage allumé,En agglomération,Intersection en X,Normale,Deux véhicules - côté,,,,,,,,,,,5,2,2,1,3
200700010014,0007-02-22 02:45:00,7,2,22,2,45,750,5,R BERTHOLLET BD DE PORT,,,Nuit avec éclairage allumé,En agglomération,Intersection en X,Normale,Autre collision,,,,,,,,,,,5,2,2,1,6
200700010015,0007-02-22 13:30:00,7,2,22,13,30,750,9,R HENRI MONNIER R N D DE,,,Plein jour,En agglomération,Intersection en X,Normale,Autre collision,,,,,,,,,,,1,2,2,1,6
200700010016,0007-02-22 07:55:00,7,2,22,7,55,750,14,94 BD JOURDAN,,,Plein jour,En agglomération,Hors intersection,Normale,Deux véhicules - côté,,,,,,,,,,,1,2,1,1,3
200700010017,0007-02-22 23:35:00,7,2,22,23,35,750,16,32 AV PAUL DOUMER,,,Nuit avec éclairage allumé,En agglomération,Hors intersection,Normale,Deux véhicules - côté,,,,,,,,,,,5,2,1,1,3
200700010018,0007-02-22 17:05:00,7,2,22,17,5,750,16,66 AV RAYMOND POINCARE,,,Plein jour,En agglomération,Hors intersection,Pluie légère,Deux véhicules - côté,,,,,,,,,,,1,2,1,2,3
200700010019,0007-02-22 09:05:00,7,2,22,9,5,750,17,56 AV DE CLICHY,,,Plein jour,En agglomération,Hors intersection,Normale,Autre collision,,,,,,,,,,,1,2,1,1,6
200700010020,0007-02-22 16:45:00,7,2,22,16,45,750,18,R DE LA CHAPELLE R ORDEN,,,Plein jour,En agglomération,Intersection en X,Pluie légère,Autre collision,,,,,,,,,,,1,2,2,2,6
200700010021,0007-02-22 08:03:00,7,2,22,8,3,750,18,R LAPEYRERE R ORDENER,,,Plein jour,En agglomération,Intersection en T,Normale,Deux véhicules - côté,,,,,,,,,,,1,2,3,1,3
200700010022,0007-02-22 22:15:00,7,2,22,22,15,750,20,AV GAMBETTA R SAINT FARG,,,Nuit avec éclairage allumé,En agglomération,Intersection en X,Normale,Autre collision,,,,,,,,,,,5,2,2,1,6
200700010023,0007-02-23 18:35:00,7,2,23,18,35,750,1,VGP PO DE LA CONCORDE PO,,,Nuit avec éclairage allumé,En agglomération,Hors intersection,Normale,Deux véhicules - arrière,,,,,,,,,,,5,2,1,1,2
200700010024,0007-02-23 17:10:00,7,2,23,17,10,750,13,36 R CANTAGREL,,,Plein jour,En agglomération,Hors intersection,Normale,Autre collision,,,,,,,,,,,1,2,1,1,6
200700010025,0007-02-23 15:40:00,7,2,23,15,40,750,20,R DE LA CHINE R V DE L I,,,Plein jour,En agglomération,Intersection en X,Normale,Autre collision,,,,,,,,,,,1,2,2,1,6
200700010026,0007-02-23 19:45:00,7,2,23,19,45,750,20,148 AV GAMBETTA,,,Nuit avec éclairage allumé,En agglomération,Hors intersection,Normale,Deux véhicules - côté,,,,,,,,,,,5,2,1,1,3
200700010027,0007-02-24 06:55:00,7,2,24,6,55,750,7,3 QU VOLTAIRE,,,Plein jour,En agglomération,Hors intersection,Pluie légère,Sans collision,,,,,,,,,,,1,2,1,2,7
200700010028,0007-02-24 15:25:00,7,2,24,15,25,750,7,AV DE SAXE AV DE SEGUR,,,Plein jour,En agglomération,Intersection en X,Normale,Deux véhicules - côté,,,,,,,,,,,1,2,2,1,3
200700010029,0007-02-24 08:25:00,7,2,24,8,25,750,8,AV CHAMPS ELYSEES AV DE,,,Plein jour,En agglomération,Intersection en X,Normale,Deux véhicules - côté,,,,,,,,,,,1,2,2,1,3
200700010030,0007-02-24 09:25:00,7,2,24,9,25,750,8,118 AV CHAMPS ELYSEES,,,Plein jour,En agglomération,Hors intersection,Normale,Deux véhicules - arrière,,,,,,,,,,,1,2,1,1,2
200700010031,0007-02-24 03:34:00,7,2,24,3,34,750,8,AV CHAMPS ELYSEES AV W C,,,Nuit avec éclairage allumé,En agglomération,Intersection en X,Pluie légère,Autre collision,,,,,,,,,,,5,2,2,2,6
200700010032,0007-02-24 02:15:00,7,2,24,2,15,750,11,64 BD VOLTAIRE,,,Nuit avec éclairage allumé,En agglomération,Hors intersection,Normale,Deux véhicules - côté,,,,,,,,,,,5,2,1,1,3
200700010033,0007-02-24 10:30:00,7,2,24,10,30,750,13,43 BD VINCENT AURIOL,,,Plein jour,En agglomération,Hors intersection,Temps couvert,Autre collision,,,,,,,,,,,1,2,1,8,6
200700010034,0007-02-24 15:40:00,7,2,24,15,40,750,14,210 BD RASPAIL,,,Plein jour,En agglomération,Hors intersection,Pluie légère,Deux véhicules - arrière,,,,,,,,,,,1,2,1,2,2
200700010035,0007-02-24 14:15:00,7,2,24,14,15,750,16,AV DE SAINT CLOUD,,,Plein jour,En agglomération,Hors intersection,Normale,Autre collision,,,,,,,,,,,1,2,1,1,6
200700010036,0007-02-13 22:50:00,7,2,13,22,50,750,17,BD PEREIRE PL PORTE MAIL,,,Nuit avec éclairage allumé,En agglomération,Intersection en X,Normale,Deux véhicules - côté,,,,,,,,,,,5,2,2,1,3
200700010037,0007-02-16 12:40:00,7,2,16,12,40,750,12,132 R DE BERCY,,,Plein jour,En agglomération,Hors intersection,Normale,Deux véhicules - côté,,,,,,,,,,,1,2,1,1,3
200700010038,0007-02-18 17:19:00,7,2,18,17,19,750,17,AV DE CLICHY R LA CONDAM,,,Plein jour,En agglomération,Intersection en T,Normale,Deux véhicules - côté,,,,,,,,,,,1,2,3,1,3
200700010039,0007-02-20 18:10:00,7,2,20,18,10,750,6,66 BD RASPAIL,,,Plein jour,En agglomération,Hors intersection,Normale,Autre collision,,,,,,,,,,,1,2,1,1,6
200700010040,0007-02-22 17:20:00,7,2,22,17,20,750,3,BD FILLES CALVAIRE R FRO,,,Plein jour,En agglomération,Intersection en Y,Pluie légère,Autre collision,,,,,,,,,,,1,2,4,2,6
200700010041,0007-02-22 19:35:00,7,2,22,19,35,750,11,PL DE LA BASTILLE BD BEA,,,Nuit avec éclairage allumé,En agglomération,Intersection en T,Pluie légère,Deux véhicules - côté,,,,,,,,,,,5,2,3,2,3
200700010042,0007-02-22 23:55:00,7,2,22,23,55,750,12,10 BD DE REUILLY,,,Nuit avec éclairage allumé,En agglomération,Hors intersection,Normale,Deux véhicules - côté,,,,,,,,,,,5,2,1,1,3
200700010043,0007-02-23 09:00:00,7,2,23,9,0,750,2,65 R REAUMUR,,,Plein jour,En agglomération,Hors intersection,Normale,Autre collision,,,,,,,,,,,1,2,1,1,6
200700010044,0007-02-23 23:30:00,7,2,23,23,30,750,12,30 AV DAUMESNIL,,,Nuit avec éclairage allumé,En agglomération,Hors intersection,Normale,Deux véhicules - côté,,,,,,,,,,,5,2,1,1,3
200700010045,0007-02-25 21:30:00,7,2,25,21,30,750,12,80 AV DAUMESNIL,,,Nuit avec éclairage allumé,En agglomération,Hors intersection,Normale,Autre collision,,,,,,,,,,,5,2,1,1,6
200700010046,0007-02-25 08:40:00,7,2,25,8,40,750,14,182 AV DU MAINE,,,Plein jour,En agglomération,Hors intersection,Normale,Autre collision,,,,,,,,,,,1,2,1,1,6
200700010047,0007-02-25 03:00:00,7,2,25,3,0,750,16,R EUGENE POUBELLE AV DE,,,Nuit avec éclairage allumé,En agglomération,Intersection en X,Pluie légère,Deux véhicules - côté,,,,,,,,,,,5,2,2,2,3
200700010048,0007-02-25 21:20:00,7,2,25,21,20,750,16,120 AV DE VERSAILLES,,,Nuit avec éclairage allumé,En agglomération,Hors intersection,Pluie légère,Sans collision,,,,,,,,,,,5,2,1,2,7
200700010049,0007-02-25 03:05:00,7,2,25,3,5,750,20,R DU BORREGO R DU TELEGR,,,Nuit avec éclairage allumé,En agglomération,Intersection en X,Pluie légère,Autre collision,,,,,,,,,,,5,2,2,2,6
200700010050,0007-02-25 02:45:00,7,2,25,2,45,750,20,34 R DE BELLEVILLE,,,Crépuscule ou aube,En agglomération,Hors intersection,Pluie forte,Autre collision,,,,,,,,,,,2,2,1,3,6
200700010051,0007-02-26 10:30:00,7,2,26,10,30,750,13,24 R DE TOLBIAC,,,Plein jour,En agglomération,Hors intersection,Pluie légère,Autre collision,,,,,,,,,,,1,2,1,2,6
200700010052,0007-02-26 07:30:00,7,2,26,7,30,750,16,PL PORTE D AUTEUIL BD SU,,,Plein jour,En agglomération,Intersection en X,Pluie légère,Deux véhicules - côté,,,,,,,,,,,1,2,2,2,3
200700010053,0007-02-26 04:45:00,7,2,26,4,45,750,16,AV FOCH AV RAYMOND POINC,,,Nuit avec éclairage allumé,En agglomération,Intersection en X,Pluie légère,Deux véhicules - côté,,,,,,,,,,,5,2,2,2,3
200700010054,0007-02-24 19:30:00,7,2,24,19,30,750,5,70 BD SAINT MARCEL,,,Nuit avec éclairage allumé,En agglomération,Hors intersection,Normale,Autre collision,,,,,,,,,,,5,2,1,1,6
200700010055,0007-02-19 22:35:00,7,2,19,22,35,750,17,58 R JOUFFR D ABBANS,,,Nuit avec éclairage allumé,En agglomération,Hors intersection,Normale,Autre collision,,,,,,,,,,,5,2,1,1,6
200700010056,0007-02-21 11:10:00,7,2,21,11,10,750,5,14 QU SAINT BERNARD,,,Plein jour,En agglomération,Hors intersection,Normale,Deux véhicules - arrière,,,,,,,,,,,1,2,1,1,2
200700010057,0007-02-23 01:20:00,7,2,23,1,20,750,12,BD DIDEROT R DE REUILLY,,,Nuit avec éclairage allumé,En agglomération,Intersection en X,Normale,Deux véhicules - côté,,,,,,,,,,,5,2,2,1,3
200700010058,0007-02-24 06:35:00,7,2,24,6,35,750,15,QU ANDRE CITROEN R DE JA,,,Nuit avec éclairage allumé,En agglomération,Intersection en X,Pluie légère,Autre collision,,,,,,,,,,,5,2,2,2,6
200700010059,0007-02-23 21:10:00,7,2,23,21,10,750,15,5 R COLONEL P AVIA,,,Nuit avec éclairage allumé,En agglomération,Hors intersection,Normale,Deux véhicules - côté,,,,,,,,,,,5,2,1,1,3
200700010060,0007-02-25 19:50:00,7,2,25,19,50,750,15,114  BD DE GRENELLE,,,Plein jour,En agglomération,Hors intersection,Pluie légère,Autre collision,,,,,,,,,,,1,2,1,2,6
200700010061,0007-02-23 15:25:00,7,2,23,15,25,750,15,R DE LA CONVENTION R LEC,,,Plein jour,En agglomération,Intersection en X,Normale,Deux véhicules - côté,,,,,,,,,,,1,2,2,1,3
200700010062,0007-02-23 15:20:00,7,2,23,15,20,750,15,49 BD LEFEBVRE,,,Plein jour,En agglomération,Hors intersection,Normale,Trois véhicules et plus - en chaîne,,,,,,,,,,,1,2,1,1,4
200700010063,0007-02-25 22:50:00,7,2,25,22,50,750,12,BD DIDEROT R DE PICPUS,,,Nuit avec éclairage allumé,En agglomération,Intersection en X,Normale,Deux véhicules - côté,,,,,,,,,,,5,2,2,1,3
200700010064,0007-02-25 20:58:00,7,2,25,20,58,750,17,R GALVANI R VERNIER,,,Nuit avec éclairage allumé,En agglomération,Intersection en X,Normale,Deux véhicules - côté,,,,,,,,,,,5,2,2,1,3
200700010065,0007-02-23 09:25:00,7,2,23,9,25,750,15,2 AV PTE DE SEVRES,,,Plein jour,En agglomération,Hors intersection,Normale,Deux véhicules - arrière,,,,,,,,,,,1,2,1,1,2
200700010066,0007-02-25 00:55:00,7,2,25,0,55,750,17,R DES MOINES R NOLLET,,,Nuit avec éclairage allumé,En agglomération,Intersection en X,Pluie légère,Deux véhicules - côté,,,,,,,,,,,5,2,2,2,3
200700010067,0007-02-27 09:10:00,7,2,27,9,10,750,7,AV DU MAL GALLIENI R DE,,,Plein jour,En agglomération,Intersection en X,Normale,Deux véhicules - côté,,,,,,,,,,,1,2,2,1,3
200700010068,0007-02-27 09:50:00,7,2,27,9,50,750,12,AV DAUMESNIL R HENARD,,,Plein jour,En agglomération,Intersection en X,Pluie légère,Deux véhicules - frontale,,,,,,,,,,,1,2,2,2,1
200700010069,0007-02-25 02:50:00,7,2,25,2,50,750,19,SOU VILLETTE,,,Nuit avec éclairage allumé,En agglomération,Hors intersection,Normale,Sans collision,,,,,,,,,,,5,2,1,1,7
200700010070,0007-02-27 09:15:00,7,2,27,9,15,750,13,AV DES GOBELINS R LE BRU,,,Plein jour,En agglomération,Intersection en T,Temps couvert,Deux véhicules - arrière,,,,,,,,,,,1,2,3,8,2
200700010071,0007-02-25 19:45:00,7,2,25,19,45,750,19,104 AV DE FLANDRE,,,Crépuscule ou aube,En agglomération,Hors intersection,Temps couvert,Autre collision,,,,,,,,,,,2,2,1,8,6
200700010072,0007-02-27 10:10:00,7,2,27,10,10,750,13,213 BD VINCENT AURIOL,,,Plein jour,En agglomération,Hors intersection,Temps couvert,Autre collision,,,,,,,,,,,1,2,1,8,6
200700010073,0007-02-26 10:15:00,7,2,26,10,15,750,8,AV CHAMPS ELYSEES R WASH,,,Plein jour,En agglomération,Intersection en X,Pluie légère,Deux véhicules - côté,,,,,,,,,,,1,2,2,2,3
200700010074,0007-02-27 12:45:00,7,2,27,12,45,750,16,2 PL VICTOR HUGO,,,Plein jour,En agglomération,Place,Pluie légère,Deux véhicules - côté,,,,,,,,,,,1,2,7,2,3
200700010075,0007-02-26 09:55:00,7,2,26,9,55,750,8,AV CHAMPS ELYSEES R WASH,,,Plein jour,En agglomération,Intersection en X,Pluie légère,Sans collision,,,,,,,,,,,1,2,2,2,7
200700010076,0007-02-26 10:45:00,7,2,26,10,45,750,8,L 3516 PL DE LA CONCORDE,,,Plein jour,En agglomération,Hors intersection,Normale,Sans collision,,,,,,,,,,,1,2,1,1,7
200700010077,0007-02-27 08:50:00,7,2,27,8,50,750,18,64 R MAX DORMOY,,,Plein jour,En agglomération,Hors intersection,Temps couvert,Autre collision,,,,,,,,,,,1,2,1,8,6
200700010078,0007-02-26 01:45:00,7,2,26,1,45,750,9,R D AMSTERDAM R SAINT LA,,,Nuit avec éclairage allumé,En agglomération,Intersection en X,Pluie légère,Deux véhicules - côté,,,,,,,,,,,5,2,2,2,3
200700010079,0007-02-26 13:45:00,7,2,26,13,45,750,11,R DE CHARONNE R DE NICE,,,Plein jour,En agglomération,Intersection en X,Temps couvert,Deux véhicules - côté,,,,,,,,,,,1,2,2,8,3
200700010080,0007-02-26 15:00:00,7,2,26,15,0,750,14,146 AV DU MAINE,,,Plein jour,En agglomération,Hors intersection,Normale,Autre collision,,,,,,,,,,,1,2,1,1,6
200700010081,0007-02-26 14:12:00,7,2,26,14,12,750,17,52 BD DES BATIGNOLLES,,,Plein jour,En agglomération,Hors intersection,Normale,Deux véhicules - arrière,,,,,,,,,,,1,2,1,1,2
200700010082,0007-02-08 14:15:00,7,2,8,14,15,750,10,48 BD DE MAGENTA,,,Plein jour,En agglomération,Hors intersection,Normale,Deux véhicules - arrière,,,,,,,,,,,1,2,1,1,2
200700010083,0007-02-22 18:50:00,7,2,22,18,50,750,10,50 BD DE STRASBOURG,,,Nuit avec éclairage allumé,En agglomération,Hors intersection,Normale,Sans collision,,,,,,,,,,,5,2,1,1,7
200700010084,0007-02-23 17:00:00,7,2,23,17,0,750,10,186 R FG SAINT DENIS,,,Plein jour,En agglomération,Hors intersection,Normale,Autre collision,,,,,,,,,,,1,2,1,1,6
200700010085,0007-02-23 09:35:00,7,2,23,9,35,750,10,BD BONNE NOUVELLE R D HA,,,Plein jour,En agglomération,Intersection en X,Normale,Deux véhicules - côté,,,,,,,,,,,1,2,2,1,3
200700010086,0007-02-24 01:05:00,7,2,24,1,5,750,11,R DU FG DU TEMPLE PL DE,,,Nuit avec éclairage allumé,En agglomération,Intersection en X,Normale,Deux véhicules - côté,,,,,,,,,,,5,2,2,1,3
200700010087,0007-02-24 16:10:00,7,2,24,16,10,750,10,8 BD SAINT DENIS,,,Plein jour,En agglomération,Hors intersection,Normale,Autre collision,,,,,,,,,,,1,2,1,1,6
200700010088,0007-02-25 12:00:00,7,2,25,12,0,750,10,R FG SAINT MARTIN PAS DE,,,Plein jour,En agglomération,Intersection en X,Pluie légère,Deux véhicules - côté,,,,,,,,,,,1,2,2,2,3
200700010089,0007-02-28 06:25:00,7,2,28,6,25,750,7,QU ANATOLE FRANCE PO DE,,,Nuit avec éclairage allumé,En agglomération,Intersection en X,Normale,Deux véhicules - côté,,,,,,,,,,,5,2,2,1,3
200700010090,0007-02-27 15:10:00,7,2,27,15,10,750,5,96 R MONGE,,,Plein jour,En agglomération,Hors intersection,Temps couvert,Autre collision,,,,,,,,,,,1,2,1,8,6
200700010091,0007-02-27 21:55:00,7,2,27,21,55,750,8,PL CH DE GAULLE AV DE WA,,,Nuit avec éclairage allumé,En agglomération,Intersection en X,Normale,Deux véhicules - côté,,,,,,,,,,,5,2,2,1,3
200700010092,0007-02-27 09:35:00,7,2,27,9,35,750,8,R FRANCOIS 1ER R DE LA T,,,Plein jour,En agglomération,Intersection en T,Pluie légère,Deux véhicules - côté,,,,,,,,,,,1,2,3,2,3
200700010093,0007-02-27 16:30:00,7,2,27,16,30,750,8,4 AV GEORGES V,,,Plein jour,En agglomération,Hors intersection,Temps couvert,Deux véhicules - côté,,,,,,,,,,,1,2,1,8,3
200700010094,0007-02-27 15:50:00,7,2,27,15,50,750,8,R CHAUVEAU LAGARDE R PAS,,,Plein jour,En agglomération,Intersection en X,Normale,Deux véhicules - côté,,,,,,,,,,,1,2,2,1,3
200700010095,0007-02-27 20:00:00,7,2,27,20,0,750,10,52 R DE LANCRY,,,Nuit avec éclairage allumé,En agglomération,Hors intersection,Pluie légère,Autre collision,,,,,,,,,,,5,2,1,2,6
200700010096,0007-02-27 07:45:00,7,2,27,7,45,750,10,AV CLAUDE VELLEFAUX R VI,,,Plein jour,En agglomération,Intersection en X,Normale,Deux véhicules - frontale,,,,,,,,,,,1,2,2,1,1
200700010097,0007-02-27 14:50:00,7,2,27,14,50,750,10,14 R CLAUDE VELLEFAUX,,,Plein jour,En agglomération,Hors intersection,Pluie légère,Autre collision,,,,,,,,,,,1,2,1,2,6
200700010098,0007-02-27 22:12:00,7,2,27,22,12,750,13,QU AUSTERLITZ BD VINCENT,,,Nuit avec éclairage allumé,En agglomération,Intersection en X,Pluie légère,Deux véhicules - côté,,,,,,,,,,,5,2,2,2,3
200700010099,0007-02-28 16:10:00,7,2,28,16,10,750,7,AV DANIEL LESUEUR BD DES,,,Plein jour,En agglomération,Intersection en X,Pluie légère,Deux véhicules - côté,,,,,,,,,,,1,2,2,2,3
200700010100,0007-02-28 11:00:00,7,2,28,11,0,750,7,BD DES INVALIDES R OUDIN,,,Plein jour,En agglomération,Intersection en X,Normale,Trois véhicules et plus - en chaîne,,,,,,,,,,,1,2,2,1,4
200700010101,0007-02-28 15:00:00,7,2,28,15,0,750,10,R DIEU R YVES TOUDIC,,,Plein jour,En agglomération,Intersection en X,Normale,Deux véhicules - frontale,,,,,,,,,,,1,2,2,1,1
200700010102,0007-02-28 10:00:00,7,2,28,10,0,750,13,242 R DE TOLBIAC,,,Plein jour,En agglomération,Hors intersection,Normale,Autre collision,,,,,,,,,,,1,2,1,1,6
200700010103,0007-02-28 14:45:00,7,2,28,14,45,750,14,12 BD SAINT JACQUES,,,Plein jour,En agglomération,Hors intersection,Pluie légère,Deux véhicules - côté,,,,,,,,,,,1,2,1,2,3
200700010104,0007-02-28 16:00:00,7,2,28,16,0,750,16,AV FOCH AV RAYMOND POINC,,,Plein jour,En agglomération,Intersection en X,Pluie légère,Deux véhicules - côté,,,,,,,,,,,1,2,2,2,3
200700010105,0007-02-28 06:13:00,7,2,28,6,13,750,16,R D AUTEUIL BD DE MONTMO,,,Nuit avec éclairage allumé,En agglomération,Intersection en X,Pluie légère,Autre collision,,,,,,,,,,,5,2,2,2,6
200700010106,0007-02-10 09:20:00,7,2,10,9,20,750,19,BPI VILLETTE PANTIN,,,Plein jour,En agglomération,Hors intersection,Pluie légère,Trois véhicules et plus - en chaîne,,,,,,,,,,,1,2,1,2,4
200700010107,0007-02-13 09:35:00,7,2,13,9,35,750,19,BPE PRE SAINT GERVAIS PA,,,Plein jour,En agglomération,Hors intersection,Normale,Deux véhicules - arrière,,,,,,,,,,,1,2,1,1,2
200700010108,0007-02-13 07:40:00,7,2,13,7,40,750,19,BPE PRE SAINT GERVAIS PA,,,Plein jour,En agglomération,Hors intersection,Normale,Trois véhicules et plus - en chaîne,,,,,,,,,,,1,2,1,1,4
200700010109,0007-02-14 09:45:00,7,2,14,9,45,750,16,BPI QU POINT DU JOUR SAI,,,Plein jour,En agglomération,Hors intersection,Normale,Deux véhicules - côté,,,,,,,,,,,1,2,1,1,3
200700010110,0007-02-14 09:20:00,7,2,14,9,20,750,18,BPE AUBERVILLIERS CHAPEL,,,Plein jour,En agglomération,Hors intersection,Pluie forte,Sans collision,,,,,,,,,,,1,2,1,3,7
200700010111,0007-02-21 09:35:00,7,2,21,9,35,750,8,R DE LISBONNE PL RIO DE,,,Plein jour,En agglomération,Intersection en X,Pluie légère,Sans collision,,,,,,,,,,,1,2,2,2,7
200700010112,0007-02-22 14:10:00,7,2,22,14,10,750,12,ECH BERCY,,,Plein jour,En agglomération,Hors intersection,Normale,Deux véhicules - côté,,,,,,,,,,,1,2,1,1,3
200700010113,0007-02-23 10:30:00,7,2,23,10,30,750,8,AV CHAMPS ELYSEES PL DE,,,Plein jour,En agglomération,Intersection en X,Normale,Deux véhicules - arrière,,,,,,,,,,,1,2,2,1,2
200700010114,0007-02-25 01:30:00,7,2,25,1,30,750,19,RTE DES PETITS PONTS AV,,,Nuit avec éclairage allumé,En agglomération,Intersection en X,Pluie forte,Trois véhicules et plus - en chaîne,,,,,,,,,,,5,2,2,3,4
200700010115,0007-02-26 15:00:00,7,2,26,15,0,750,19,R D HAUTPOUL AV JEAN JAU,,,Plein jour,En agglomération,Intersection en X,Normale,Autre collision,,,,,,,,,,,1,2,2,1,6
200700010116,0007-02-27 16:00:00,7,2,27,16,0,750,6,25 QU CONTI,,,Plein jour,En agglomération,Hors intersection,Temps couvert,Deux véhicules - côté,,,,,,,,,,,1,2,1,8,3
200700010117,0007-02-27 23:00:00,7,2,27,23,0,750,17,PL PTE MAILLOT BD GOUVIO,,,Nuit avec éclairage allumé,En agglomération,Intersection à plus de 4 branches,Temps couvert,Deux véhicules - côté,,,,,,,,,,,5,2,5,8,3
200700010118,0007-02-25 17:52:00,7,2,25,17,52,750,9,R LE PELETIER R DE PROVE,,,Plein jour,En agglomération,Intersection en X,Normale,Deux véhicules - côté,,,,,,,,,,,1,2,2,1,3
200700010119,0007-02-27 11:35:00,7,2,27,11,35,750,17,50 AV DE LA GRANDE ARMEE,,,Plein jour,En agglomération,Hors intersection,Pluie légère,Deux véhicules - arrière,,,,,,,,,,,1,2,1,2,2
200700010120,0007-02-26 16:05:00,7,2,26,16,5,750,9,R LA FAYETTE R LE PELETI,,,Plein jour,En agglomération,Intersection en X,Normale,Deux véhicules - côté,,,,,,,,,,,1,2,2,1,3
200700010121,0007-02-27 12:00:00,7,2,27,12,0,750,9,PL BLANCHE BD DE CLICHY,,,Plein jour,En agglomération,Intersection en T,Temps couvert,Deux véhicules - côté,,,,,,,,,,,1,2,3,8,3
200700010122,0007-02-28 18:30:00,7,2,28,18,30,750,9,R LA FAYETTE R LE PELETI,,,Nuit avec éclairage allumé,En agglomération,Intersection en X,Normale,Deux véhicules - côté,,,,,,,,,,,5,2,2,1,3
200700010123,0007-02-28 18:55:00,7,2,28,18,55,750,4,8 R DE RIVOLI,,,Nuit avec éclairage allumé,En agglomération,Hors intersection,Pluie légère,Deux véhicules - arrière,,,,,,,,,,,5,2,1,2,2
200700010124,0007-02-28 16:15:00,7,2,28,16,15,750,8,R GALILEE R VERNET,,,Plein jour,En agglomération,Intersection en X,Pluie légère,Deux véhicules - côté,,,,,,,,,,,1,2,2,2,3
200700010125,0007-02-28 03:56:00,7,2,28,3,56,750,8,179 BD HAUSSMANN,,,Nuit avec éclairage allumé,En agglomération,Hors intersection,Normale,Autre collision,,,,,,,,,,,5,2,1,1,6
200700010126,0007-02-28 17:10:00,7,2,28,17,10,750,8,128 R LA BOETIE,,,Plein jour,En agglomération,Hors intersection,Temps couvert,Trois véhicules et plus - en chaîne,,,,,,,,,,,1,2,1,8,4
200700010127,0007-02-28 14:40:00,7,2,28,14,40,750,8,R P CHAMPS ELYSEES AV MA,,,Plein jour,En agglomération,Intersection en X,Normale,Sans collision,,,,,,,,,,,1,2,2,1,7
200700010128,0007-02-28 18:57:00,7,2,28,18,57,750,8,54 AV CHAMPS ELYSEES,,,Nuit avec éclairage allumé,En agglomération,Hors intersection,Pluie légère,Deux véhicules - côté,,,,,,,,,,,5,2,1,2,3
200700010129,0007-02-28 08:35:00,7,2,28,8,35,750,15,IMP ENFANT JESUS R DE VA,,,Plein jour,En agglomération,Intersection en X,Normale,Trois véhicules et plus - en chaîne,,,,,,,,,,,1,2,2,1,4
200700010130,0007-02-28 15:05:00,7,2,28,15,5,750,15,AV FELIX FAURE R JEAN MA,,,Plein jour,En agglomération,Intersection en X,Pluie légère,Autre collision,,,,,,,,,,,1,2,2,2,6
200700010131,0007-02-28 23:45:00,7,2,28,23,45,750,15,R DU CHERCHE MIDI BD DU,,,Nuit avec éclairage allumé,En agglomération,Intersection en X,Pluie légère,Autre collision,,,,,,,,,,,5,2,2,2,6
200700010132,0007-02-28 23:14:00,7,2,28,23,14,750,17,R GALVANI R VERNIER,,,Nuit avec éclairage allumé,En agglomération,Intersection en X,Pluie légère,Deux véhicules - côté,,,,,,,,,,,5,2,2,2,3
200700010133,0007-02-28 15:25:00,7,2,28,15,25,750,17,181 BD PEREIRE,,,Plein jour,En agglomération,Hors intersection,Pluie légère,Deux véhicules - côté,,,,,,,,,,,1,2,1,2,3
200700010134,0007-02-28 17:00:00,7,2,28,17,0,750,19,54 AV DE FLANDRE,,,Plein jour,En agglomération,Hors intersection,Pluie légère,Deux véhicules - côté,,,,,,,,,,,1,2,1,2,3
200700010135,0007-02-10 19:10:00,7,2,10,19,10,750,12,BD DIDEROT R DE PICPUS,,,Nuit avec éclairage allumé,En agglomération,Intersection en X,Normale,Autre collision,,,,,,,,,,,5,2,2,1,6
200700010136,0007-02-05 17:00:00,7,2,5,17,0,750,12,38 R TAINE,,,Plein jour,En agglomération,Hors intersection,Normale,Autre collision,,,,,,,,,,,1,2,1,1,6
200700010137,0007-02-23 07:50:00,7,2,23,7,50,750,8,AV GEORGE V R VERNET,,,Plein jour,En agglomération,Intersection en X,Normale,Deux véhicules - côté,,,,,,,,,,,1,2,2,1,3
200700010138,0007-02-23 11:15:00,7,2,23,11,15,750,12,R DE CHARENTON R MONTGAL,,,Plein jour,En agglomération,Intersection en X,Normale,Autre collision,,,,,,,,,,,1,2,2,1,6
200700010139,0007-02-26 08:50:00,7,2,26,8,50,750,8,L 4123 AV CHAMPS ELYSEES,,,Plein jour,En agglomération,Hors intersection,Pluie légère,Sans collision,,,,,,,,,,,1,2,1,2,7
200700010140,0007-02-28 19:50:00,7,2,28,19,50,750,12,R CROZATIER BD DIDEROT,,,Nuit avec éclairage allumé,En agglomération,Intersection en X,Normale,Deux véhicules - côté,,,,,,,,,,,5,2,2,1,3
200700010141,0007-02-25 04:59:00,7,2,25,4,59,750,8,R PASQUIER R DE LA PEPIN,,,Nuit avec éclairage allumé,En agglomération,Intersection en X,Pluie légère,Deux véhicules - côté,,,,,,,,,,,5,2,2,2,3