accident_id,datetime,annee,mois,jour,heure,minute,departement,commune_insee,adresse,latitude,longitude,luminosite,agglomeration,intersection,meteo,collision,nb_vehicules,nb_usagers,nb_indemnes,nb_tues,nb_blesses_hosp,nb_blesses_legers,age_cond_1,age_cond_2,veh_type_cond_1,veh_type_cond_2,lum_code,agg_code,int_code,atm_code,col_code
200700010142,0007-02-28 07:40:00,7,2,28,7,40,750,18,14 AV PTE DE ST OUEN,,,Plein jour,En agglomération,Hors intersection,Normale,Deux véhicules - côté,,,,,,,,,,,1,2,1,1,3
200700010143,0007-02-26 16:15:00,7,2,26,16,15,750,6,BD DU MONTPARNASSE R DU,,,Plein jour,En agglomération,Intersection en X,Normale,Sans collision,,,,,,,,,,,1,2,2,1,7
200700010144,0007-02-28 16:15:00,7,2,28,16,15,750,20,162 R DES PYRENEES,,,Plein jour,En agglomération,Hors intersection,Pluie légère,Deux véhicules - frontale,,,,,,,,,,,1,2,1,2,1
200700010145,0007-02-13 14:45:00,7,2,13,14,45,750,20,BPE VINCENNES MONTREUIL,,,Plein jour,En agglomération,Hors intersection,Normale,Deux véhicules - côté,,,,,,,,,,,1,2,1,1,3
200700010146,0007-02-13 17:55:00,7,2,13,17,55,750,16,BPI PASSY MUETTE,,,Plein jour,En agglomération,Hors intersection,Normale,Deux véhicules - arrière,,,,,,,,,,,1,2,1,1,2
200700010147,0007-02-15 13:45:00,7,2,15,13,45,750,12,BPI DOREE CHARENTON,,,Plein jour,En agglomération,Hors intersection,Normale,Deux véhicules - arrière,,,,,,,,,,,1,2,1,1,2
200700010148,0007-02-16 18:25:00,7,2,16,18,25,750,17,BPI ASNIERES CLICHY,,,Nuit avec éclairage allumé,En agglomération,Hors intersection,Normale,Trois véhicules et plus - en chaîne,,,,,,,,,,,5,2,1,1,4
200700010149,0007-02-18 19:25:00,7,2,18,19,25,750,12,QU DE BERCY PO DE TOLBIA,,,Nuit avec éclairage allumé,En agglomération,Intersection en X,Normale,Sans collision,,,,,,,,,,,5,2,2,1,7
200700010150,0007-02-19 17:30:00,7,2,19,17,30,750,12,AV DE NOGENT,,,Plein jour,En agglomération,Hors intersection,Normale,Deux véhicules - côté,,,,,,,,,,,1,2,1,1,3
200700010151,0007-02-28 14:32:00,7,2,28,14,32,750,17,28 R DE LA JONQUIERE,,,Plein jour,En agglomération,Hors intersection,Pluie légère,Autre collision,,,,,,,,,,,1,2,1,2,6
200700010152,0007-02-28 14:00:00,7,2,28,14,0,750,17,R A DE LA FORGE AV GRAND,,,Plein jour,En agglomération,Intersection en X,Pluie légère,Deux véhicules - côté,,,,,,,,,,,1,2,2,2,3
200700010153,0007-02-28 13:55:00,7,2,28,13,55,750,17,2 AV DE WAGRAM,,,Plein jour,En agglomération,Hors intersection,Normale,Sans collision,,,,,,,,,,,1,2,1,1,7
200700010154,0007-02-06 08:00:00,7,2,6,8,0,750,15,BPI SEVRES ISSY LES MOUL,,,Plein jour,En agglomération,Hors intersection,Normale,Trois véhicules et plus - en chaîne,,,,,,,,,,,1,2,1,1,4
200700010155,0007-02-18 11:30:00,7,2,18,11,30,750,18,BPI CLIGNANCOURT CHAPELL,,,Plein jour,En agglomération,Hors intersection,Normale,Deux véhicules - arrière,,,,,,,,,,,1,2,1,1,2
200700010156,0007-02-19 15:45:00,7,2,19,15,45,750,12,BPI SAINT MANDE DOREE,,,Plein jour,En agglomération,Hors intersection,Normale,Deux véhicules - côté,,,,,,,,,,,1,2,1,1,3
200700010157,0007-02-20 08:15:00,7,2,20,8,15,750,19,BPE VILLETTE AUBERVILLIE,,,Plein jour,En agglomération,Hors intersection,Normale,Trois véhicules et plus - en chaîne,,,,,,,,,,,1,2,1,1,4
200700010158,0007-02-20 09:00:00,7,2,20,9,0,750,16,BPI AUTEUIL PASSY,,,Plein jour,En agglomération,Hors intersection,Normale,Trois véhicules et plus - en chaîne,,,,,,,,,,,1,2,1,1,4
200700010159,0007-02-20 14:05:00,7,2,20,14,5,750,13,BPE GENTILLY ITALIE,,,Plein jour,En agglomération,Hors intersection,Normale,Sans collision,,,,,,,,,,,1,2,1,1,7
200700010160,0007-02-20 23:15:00,7,2,20,23,15,750,17,ECH SAINT OUEN,,,Nuit avec éclairage allumé,En agglomération,Hors intersection,Normale,Deux véhicules - arrière,,,,,,,,,,,5,2,1,1,2
200700010161,0007-02-22 04:01:00,7,2,22,4,1,750,12,BPI ST MANDE DOREE,,,Nuit avec éclairage allumé,En agglomération,Hors intersection,Normale,Autre collision,,,,,,,,,,,5,2,1,1,6
200700010162,0007-02-24 14:10:00,7,2,24,14,10,750,20,ECH BAGNOLET,,,Plein jour,En agglomération,Hors intersection,Normale,Autre collision,,,,,,,,,,,1,2,1,1,6
200700010163,0007-02-04 21:15:00,7,2,4,21,15,750,20,BPI BAGNOLET MONTREUIL,,,Nuit avec éclairage allumé,En agglomération,Hors intersection,Normale,Trois véhicules et plus - en chaîne,,,,,,,,,,,5,2,1,1,4
200700010164,0007-02-08 09:15:00,7,2,8,9,15,750,17,BPE ASNIERES CHAMPERRET,,,Plein jour,En agglomération,Hors intersection,Normale,Sans collision,,,,,,,,,,,1,2,1,1,7
200700010165,0007-02-11 23:35:00,7,2,11,23,35,750,18,ECH CHAPELLE,,,Nuit avec éclairage allumé,En agglomération,Hors intersection,Pluie forte,Deux véhicules - arrière,,,,,,,,,,,5,2,1,3,2
200700010166,0007-02-12 16:45:00,7,2,12,16,45,750,20,BPE VINCENNES MONTREUIL,,,Plein jour,En agglomération,Hors intersection,Normale,Trois véhicules et plus - en chaîne,,,,,,,,,,,1,2,1,1,4
200700010167,0007-02-14 17:25:00,7,2,14,17,25,750,19,BPI PANTIN PRE ST GERVAI,,,Plein jour,En agglomération,Hors intersection,Normale,Autre collision,,,,,,,,,,,1,2,1,1,6
200700010168,0007-02-15 22:00:00,7,2,15,22,0,750,17,BPI CLICHY SAINT OUEN,,,Nuit avec éclairage allumé,En agglomération,Hors intersection,Normale,Autre collision,,,,,,,,,,,5,2,1,1,6
200700010169,0007-02-15 18:40:00,7,2,15,18,40,750,19,BPE PANTIN VILLETTE,,,Nuit avec éclairage allumé,En agglomération,Hors intersection,Normale,Deux véhicules - côté,,,,,,,,,,,5,2,1,1,3
200700010170,0007-02-20 10:45:00,7,2,20,10,45,750,13,BPE GENTILLY ITALIE,,,Plein jour,En agglomération,Hors intersection,Normale,Trois véhicules et plus - en chaîne,,,,,,,,,,,1,2,1,1,4
200700010171,0007-02-21 16:30:00,7,2,21,16,30,750,14,ECH CHATILLON BPE VANVES,,,Plein jour,En agglomération,Intersection en Y,Normale,Autre collision,,,,,,,,,,,1,2,4,1,6
200700010172,0007-02-22 10:05:00,7,2,22,10,5,750,12,BPI CHARENTON BERCY,,,Plein jour,En agglomération,Hors intersection,Normale,Deux véhicules - côté,,,,,,,,,,,1,2,1,1,3
200700010173,0007-02-23 15:30:00,7,2,23,15,30,750,19,BPE PANTIN VILLETTE,,,Plein jour,En agglomération,Hors intersection,Normale,Deux véhicules - arrière,,,,,,,,,,,1,2,1,1,2
200700010174,0007-02-23 08:00:00,7,2,23,8,0,750,15,BPE QU POINT DU JOUR QU,,,Plein jour,En agglomération,Hors intersection,Normale,Autre collision,,,,,,,,,,,1,2,1,1,6
200700010175,0007-02-24 09:45:00,7,2,24,9,45,750,13,ECH ITALIE,,,Plein jour,En agglomération,Hors intersection,Normale,Deux véhicules - arrière,,,,,,,,,,,1,2,1,1,2
200700010176,0007-02-27 13:00:00,7,2,27,13,0,750,11,R OBERKAMPF BD RICHARD L,,,Plein jour,En agglomération,Intersection en X,Pluie légère,Deux véhicules - côté,,,,,,,,,,,1,2,2,2,3
200700010177,0007-02-05 12:20:00,7,2,5,12,20,750,12,BPI DOREE CHARENTON,,,Plein jour,En agglomération,Hors intersection,Normale,Autre collision,,,,,,,,,,,1,2,1,1,6
200700010178,0007-02-19 18:45:00,7,2,19,18,45,750,12,BPE CHARENTON DOREE,,,Nuit avec éclairage allumé,En agglomération,Hors intersection,Normale,Sans collision,,,,,,,,,,,5,2,1,1,7
200700010179,0007-02-21 07:34:00,7,2,21,7,34,750,15,R DE LA FEDERATION AV DE,,,Plein jour,En agglomération,Intersection en X,Pluie légère,Autre collision,,,,,,,,,,,1,2,2,2,6
200700010180,0007-02-09 23:50:00,7,2,9,23,50,750,20,ECH VINCENNES BPI VINCEN,,,Nuit avec éclairage allumé,En agglomération,Intersection en X,Pluie légère,Autre collision,,,,,,,,,,,5,2,2,2,6
200700010181,0007-02-01 09:35:00,7,2,1,9,35,750,3,R AUX OURS BD DE SEBASTO,,,Plein jour,En agglomération,Intersection en T,Normale,Deux véhicules - côté,,,,,,,,,,,1,2,3,1,3
200700010182,0007-02-02 17:45:00,7,2,2,17,45,750,5,84 BD SAINT MICHEL,,,Crépuscule ou aube,En agglomération,Hors intersection,Normale,Autre collision,,,,,,,,,,,2,2,1,1,6
200700010183,0007-02-02 22:40:00,7,2,2,22,40,750,18,16 BD NEY,,,Nuit avec éclairage allumé,En agglomération,Hors intersection,Temps couvert,Autre collision,,,,,,,,,,,5,2,1,8,6
200700010184,0007-02-03 11:30:00,7,2,3,11,30,750,16,R RAFFET BD SUCHET,,,Plein jour,En agglomération,Intersection en T,Temps éblouissant,Deux véhicules - côté,,,,,,,,,,,1,2,3,7,3
200700010185,0007-02-03 11:55:00,7,2,3,11,55,750,8,AV GEORGE V PL J HENRY D,,,Plein jour,En agglomération,Intersection en X,Normale,Deux véhicules - côté,,,,,,,,,,,1,2,2,1,3
200700010186,0007-02-05 13:15:00,7,2,5,13,15,750,16,4 AV DU PDT KENNEDY,,,Plein jour,En agglomération,Hors intersection,Normale,Deux véhicules - côté,,,,,,,,,,,1,2,1,1,3
200700010187,0007-02-08 11:30:00,7,2,8,11,30,750,17,36 BD BESSIERES,,,Plein jour,En agglomération,Hors intersection,Normale,Autre collision,,,,,,,,,,,1,2,1,1,6
200700010188,0007-02-09 22:45:00,7,2,9,22,45,750,9,R CADET R LAMARTINE,,,Nuit avec éclairage allumé,En agglomération,Intersection en X,Normale,Deux véhicules - côté,,,,,,,,,,,5,2,2,1,3
200700010189,0007-02-10 05:05:00,7,2,10,5,5,750,11,50 BD VOLTAIRE,,,Nuit avec éclairage allumé,En agglomération,Hors intersection,Pluie forte,Autre collision,,,,,,,,,,,5,2,1,3,6
200700010190,0007-02-10 19:35:00,7,2,10,19,35,750,5,R DES ARENES R LINNE,,,Nuit avec éclairage allumé,En agglomération,Intersection en T,Normale,Autre collision,,,,,,,,,,,5,2,3,1,6
200700010191,0007-02-11 02:15:00,7,2,11,2,15,750,9,R DE CAUMARTIN R SAINT L,,,Nuit avec éclairage allumé,En agglomération,Intersection en T,Pluie forte,Autre collision,,,,,,,,,,,5,2,3,3,6
200700010192,0007-02-11 04:15:00,7,2,11,4,15,750,7,PL VAUBAN,,,Nuit avec éclairage allumé,En agglomération,Hors intersection,Pluie légère,Autre collision,,,,,,,,,,,5,2,1,2,6
200700010193,0007-02-12 11:26:00,7,2,12,11,26,750,7,QU BRANLY PRT LA BOURDON,,,Plein jour,En agglomération,Intersection en Y,Normale,Deux véhicules - côté,,,,,,,,,,,1,2,4,1,3
200700010194,0007-02-13 20:55:00,7,2,13,20,55,750,17,PL GENERAL CATROUX BD MA,,,Nuit avec éclairage allumé,En agglomération,Intersection en X,Normale,Deux véhicules - côté,,,,,,,,,,,5,2,2,1,3
200700010195,0007-02-14 08:40:00,7,2,14,8,40,750,11,R DU CHEMIN VERT BD RICH,,,Plein jour,En agglomération,Intersection en X,Pluie forte,Deux véhicules - côté,,,,,,,,,,,1,2,2,3,3
200700010196,0007-02-14 09:35:00,7,2,14,9,35,750,13,R AUMONT R DE TOLBIAC,,,Plein jour,En agglomération,Intersection en T,Pluie forte,Deux véhicules - côté,,,,,,,,,,,1,2,3,3,3
200700010197,0007-02-15 10:50:00,7,2,15,10,50,750,4,BD MORLAND R DE SCHOMBER,,,Plein jour,En agglomération,Intersection en X,Normale,Autre collision,,,,,,,,,,,1,2,2,1,6
200700010198,0007-02-15 16:10:00,7,2,15,16,10,750,12,RTE DE LA FERME RTE FORT,,,Plein jour,En agglomération,Intersection en T,Normale,Deux véhicules - côté,,,,,,,,,,,1,2,3,1,3
200700010199,0007-02-15 22:20:00,7,2,15,22,20,750,9,PL DE L OPERA,,,Nuit avec éclairage allumé,En agglomération,Hors intersection,Normale,Autre collision,,,,,,,,,,,5,2,1,1,6
200700010200,0007-02-15 23:45:00,7,2,15,23,45,750,13,BD ARAGO R DE LA GLACIER,,,Nuit avec éclairage allumé,En agglomération,Intersection en X,Normale,Deux véhicules - côté,,,,,,,,,,,5,2,2,1,3
200700010201,0007-02-16 02:55:00,7,2,16,2,55,750,16,ECH MAILLOT,,,Nuit avec éclairage allumé,En agglomération,Hors intersection,Normale,Autre collision,,,,,,,,,,,5,2,1,1,6
200700010202,0007-02-17 00:55:00,7,2,17,0,55,750,4,VERD PO MARIE PO SULLY,,,Nuit avec éclairage allumé,En agglomération,Hors intersection,Normale,Autre collision,,,,,,,,,,,5,2,1,1,6
200700010203,0007-02-17 06:30:00,7,2,17,6,30,750,16,L5700 AV PORTE D AUTEUIL,,,Nuit avec éclairage allumé,En agglomération,Hors intersection,Normale,Autre collision,,,,,,,,,,,5,2,1,1,6
200700010204,0007-02-17 13:45:00,7,2,17,13,45,750,16,BPE DAUPHINE MUETTE,,,Plein jour,En agglomération,Hors intersection,Normale,Deux véhicules - côté,,,,,,,,,,,1,2,1,1,3
200700010205,0007-02-18 02:30:00,7,2,18,2,30,750,12,QU DE LA RAPEE,,,Nuit avec éclairage allumé,En agglomération,Hors intersection,Normale,Autre collision,,,,,,,,,,,5,2,1,1,6
200700010206,0007-02-18 04:05:00,7,2,18,4,5,750,11,R AMELOT R J PIERRE TIMB,,,Nuit avec éclairage allumé,En agglomération,Intersection en X,Normale,Autre collision,,,,,,,,,,,5,2,2,1,6
200700010207,0007-02-18 08:35:00,7,2,18,8,35,750,12,AV DAUMESNIL AV LEDRU RO,,,Plein jour,En agglomération,Intersection en X,Normale,Deux véhicules - côté,,,,,,,,,,,1,2,2,1,3
200700010208,0007-02-19 17:30:00,7,2,19,17,30,750,14,R ALPHONSE DAUDET AV GEN,,,Plein jour,En agglomération,Intersection en T,Normale,Deux véhicules - arrière,,,,,,,,,,,1,2,3,1,2
200700010209,0007-02-21 07:30:00,7,2,21,7,30,750,20,BPI MONTREUIL VINCENNES,,,Crépuscule ou aube,En agglomération,Hors intersection,Normale,Autre collision,,,,,,,,,,,2,2,1,1,6
200700010210,0007-02-20 19:21:00,7,2,20,19,21,750,10,210 R  LA FAYETTE,,,Nuit avec éclairage allumé,En agglomération,Hors intersection,Normale,Autre collision,,,,,,,,,,,5,2,1,1,6
200700010211,0007-02-21 09:30:00,7,2,21,9,30,750,10,R FG SAINT MARTIN R DU H,,,Plein jour,En agglomération,Intersection en X,Pluie légère,Deux véhicules - arrière,,,,,,,,,,,1,2,2,2,2
200700010212,0007-02-21 11:50:00,7,2,21,11,50,750,20,100 BD DE BELLEVILLE,,,Plein jour,En agglomération,Hors intersection,Normale,Deux véhicules - côté,,,,,,,,,,,1,2,1,1,3
200700010213,0007-02-21 13:00:00,7,2,21,13,0,750,11,240 BD VOLTAIRE,,,Plein jour,En agglomération,Hors intersection,Normale,Autre collision,,,,,,,,,,,1,2,1,1,6
200700010214,0007-02-22 16:55:00,7,2,22,16,55,750,12,AV DAUMESNIL BD SOULT,,,Plein jour,En agglomération,Intersection en X,Pluie légère,Trois véhicules et plus - en chaîne,,,,,,,,,,,1,2,2,2,4
200700010215,0007-02-23 15:10:00,7,2,23,15,10,750,5,R FOSS ST BERNARD R JUSS,,,Plein jour,En agglomération,Intersection en X,Normale,Deux véhicules - côté,,,,,,,,,,,1,2,2,1,3
200700010216,0007-02-24 03:40:00,7,2,24,3,40,750,8,R ARGENSON BD HAUSSMANN,,,Nuit avec éclairage allumé,En agglomération,Intersection en X,Normale,Autre collision,,,,,,,,,,,5,2,2,1,6
200700010217,0007-02-24 18:10:00,7,2,24,18,10,750,18,R DU DEPARTEMENT R MARX,,,Nuit avec éclairage allumé,En agglomération,Intersection en X,Normale,Deux véhicules - côté,,,,,,,,,,,5,2,2,1,3
200700010218,0007-02-24 21:15:00,7,2,24,21,15,750,12,L13562 QU DE BERCY,,,Nuit avec éclairage allumé,En agglomération,Hors intersection,Normale,Autre collision,,,,,,,,,,,5,2,1,1,6
200700010219,0007-02-25 00:10:00,7,2,25,0,10,750,12,128 R FG SAINT ANTOINE,,,Nuit avec éclairage allumé,En agglomération,Hors intersection,Pluie légère,Autre collision,,,,,,,,,,,5,2,1,2,6
200700010220,0007-02-24 09:20:00,7,2,24,9,20,750,6,BD SAINT MICHEL R PIERRE,,,Plein jour,En agglomération,Intersection en X,Normale,Deux véhicules - côté,,,,,,,,,,,1,2,2,1,3
200700010221,0007-02-25 12:40:00,7,2,25,12,40,750,8,84 AV CHAMPS ELYSEES,,,Plein jour,En agglomération,Hors intersection,Pluie légère,Autre collision,,,,,,,,,,,1,2,1,2,6
200700010222,0007-02-26 19:00:00,7,2,26,19,0,750,19,10 BD DE LA VILLETTE,,,Nuit avec éclairage allumé,En agglomération,Hors intersection,Normale,Autre collision,,,,,,,,,,,5,2,1,1,6
200700010223,0007-02-26 23:45:00,7,2,26,23,45,750,20,BD DAVOUT AV PTE DE MONT,,,Nuit avec éclairage allumé,En agglomération,Intersection en X,Normale,Deux véhicules - côté,,,,,,,,,,,5,2,2,1,3
200700010224,0007-02-27 00:35:00,7,2,27,0,35,750,6,BD RASPAIL R DE RENNES,,,Nuit avec éclairage allumé,En agglomération,Intersection en X,Normale,Deux véhicules - côté,,,,,,,,,,,5,2,2,1,3
200700010225,0007-02-27 20:45:00,7,2,27,20,45,750,18,BPI CHAPELLE AUBERVILLIE,,,Nuit avec éclairage allumé,En agglomération,Hors intersection,Normale,Deux véhicules - côté,,,,,,,,,,,5,2,1,1,3
200700010226,0007-02-28 09:10:00,7,2,28,9,10,750,16,PL PTE AUTEUIL BD SUCHET,,,Plein jour,En agglomération,Intersection en X,Normale,Autre collision,,,,,,,,,,,1,2,2,1,6
200700010227,0007-02-28 09:35:00,7,2,28,9,35,750,7,R CHAMP DE MARS AV LA BO,,,Plein jour,En agglomération,Intersection en T,Normale,Deux véhicules - côté,,,,,,,,,,,1,2,3,1,3
200700010228,0007-02-08 16:05:00,7,2,8,16,5,760,114,DESGENETAIS LEON (PLACE),,,Plein jour,En agglomération,Hors intersection,Normale,Autre collision,,,,,,,,,,,1,2,1,1,6
200700010229,0007-02-08 13:00:00,7,2,8,13,0,760,114,DEBRAY  LOUIS (AVENUE),,,Plein jour,En agglomération,Intersection en X,Normale,Trois véhicules et plus - en chaîne,,,,,,,,,,,1,2,2,1,4
200700010230,0007-02-20 20:55:00,7,2,20,20,55,760,476,BOIS (AVENUE DU),,,Nuit avec éclairage allumé,En agglomération,Intersection en T,Pluie légère,Deux véhicules - côté,,,,,,,,,,,5,2,3,2,3
200700010231,0007-02-19 08:00:00,7,2,19,8,0,760,414,ANCIEN PORT (RUE DE L'),,,Crépuscule ou aube,En agglomération,Hors intersection,Normale,Deux véhicules - côté,,,,,,,,,,,2,2,1,1,3
200700010232,0007-02-10 20:30:00,7,2,10,20,30,760,165,"0, FAURE. RUE FELIX",,,Nuit avec éclairage allumé,En agglomération,Intersection en X,Normale,Deux véhicules - frontale,,,,,,,,,,,5,2,2,1,1
200700010233,0007-02-12 16:10:00,7,2,12,16,10,760,231,"0, REPUBLIQUE. RUE DE LA",,,Plein jour,En agglomération,Intersection en X,Pluie forte,Deux véhicules - côté,,,,,,,,,,,1,2,2,3,3
200700010234,0007-02-15 21:40:00,7,2,15,21,40,760,178,"0, CD 7 (ROUTE DE TOURVI",,,Nuit avec éclairage allumé,En agglomération,Intersection en X,Normale,Deux véhicules - côté,,,,,,,,,,,5,2,2,1,3
200700010235,0007-02-22 01:06:00,7,2,22,1,6,760,165,"291, CARNOT. RUE SADI",,,Nuit avec éclairage allumé,En agglomération,Intersection en T,Normale,Sans collision,,,,,,,,,,,5,2,3,1,7
200700010236,0007-02-23 08:15:00,7,2,23,8,15,760,391,"0, ROUEN RUE DE",,,Plein jour,Hors agglomération,Hors intersection,Temps couvert,Deux véhicules - frontale,,,,,,,,,,,1,1,1,8,1
200700010237,0007-02-24 14:10:00,7,2,24,14,10,760,705,"0, ANTES. CLOS AUX",,,Plein jour,En agglomération,Hors intersection,Normale,Autre collision,,,,,,,,,,,1,2,1,1,6
200700010238,0007-02-01 11:55:00,7,2,1,11,55,760,351,IRENE JOLIOT CURIE N>336,,,Plein jour,En agglomération,Hors intersection,Normale,Autre collision,,,,,,,,,,,1,2,1,1,6
200700010239,0007-02-11 16:50:00,7,2,11,16,50,760,351,"1, VAL AUX CORNEILLES (A",,,Plein jour,En agglomération,Intersection en X,Normale,Deux véhicules - côté,,,,,,,,,,,1,2,2,1,3
200700010240,0007-02-14 08:45:00,7,2,14,8,45,760,351,"328, PABLO NERUDA (302 A",,,Plein jour,En agglomération,Hors intersection,Pluie forte,Deux véhicules - arrière,,,,,,,,,,,1,2,1,3,2
200700010241,0007-02-14 07:20:00,7,2,14,7,20,760,341,NATIONALE 282,,,Plein jour,En agglomération,Hors intersection,Pluie forte,Trois véhicules et plus - en chaîne,,,,,,,,,,,1,2,1,3,4
200700010242,0007-02-14 17:35:00,7,2,14,17,35,760,351,"1, FERNAND CHATEL",,,Plein jour,En agglomération,Intersection en T,Normale,Deux véhicules - côté,,,,,,,,,,,1,2,3,1,3
200700010243,0007-02-16 09:30:00,7,2,16,9,30,760,351,"1, GRAVILLE (BD DE)",,,Plein jour,En agglomération,Hors intersection,Normale,Deux véhicules - côté,,,,,,,,,,,1,2,1,1,3
200700010244,0007-02-17 20:50:00,7,2,17,20,50,760,351,"17, MONTESQUIEU",,,Nuit avec éclairage allumé,En agglomération,Hors intersection,Normale,Autre collision,,,,,,,,,,,5,2,1,1,6
200700010245,0007-02-18 21:45:00,7,2,18,21,45,760,351,"76, ALBERT 1ER",,,Nuit avec éclairage allumé,En agglomération,Hors intersection,Pluie légère,Deux véhicules - côté,,,,,,,,,,,5,2,1,2,3
200700010246,0007-02-19 16:35:00,7,2,19,16,35,760,351,"1, ALBERT 1ER",,,Plein jour,En agglomération,Hors intersection,Normale,Sans collision,,,,,,,,,,,1,2,1,1,7
200700010247,0007-02-21 17:20:00,7,2,21,17,20,760,351,"326, PIERRE MENDES FRANC",,,Plein jour,En agglomération,Hors intersection,Normale,Deux véhicules - arrière,,,,,,,,,,,1,2,1,1,2
200700010248,0007-02-21 18:10:00,7,2,21,18,10,760,341,"13, HUIT MAI 1945",,,Crépuscule ou aube,En agglomération,Hors intersection,Normale,Deux véhicules - frontale,,,,,,,,,,,2,2,1,1,1
200700010249,0007-02-22 06:50:00,7,2,22,6,50,760,351,"1, PONT ROUGE",,,Crépuscule ou aube,Hors agglomération,Intersection en T,Normale,Deux véhicules - côté,,,,,,,,,,,2,1,3,1,3
200700010250,0007-02-27 14:00:00,7,2,27,14,0,760,351,"29, JULES DURAND (BD)",,,Plein jour,En agglomération,Hors intersection,Normale,Trois véhicules et plus - en chaîne,,,,,,,,,,,1,2,1,1,4
200700010251,0007-02-27 18:00:00,7,2,27,18,0,760,351,"326, PIERRE MENDES FRANC",,,Plein jour,En agglomération,Hors intersection,Normale,Deux véhicules - côté,,,,,,,,,,,1,2,1,1,3
200700010252,0007-02-01 10:35:00,7,2,1,10,35,760,540,"1, BONS ENFANTS. RUE DES",,,Plein jour,En agglomération,Hors intersection,Temps couvert,Autre collision,,,,,,,,,,,1,2,1,8,6
200700010253,0007-02-01 18:20:00,7,2,1,18,20,760,540,"1, EUROPE. BOULEVARD DE",,,Nuit avec éclairage allumé,En agglomération,Hors intersection,Normale,Deux véhicules - côté,,,,,,,,,,,5,2,1,1,3
200700010254,0007-02-03 09:50:00,7,2,3,9,50,760,540,"48, METAYER. AVENUE GEOR",,,Plein jour,En agglomération,Autre intersection,Normale,Deux véhicules - côté,,,,,,,,,,,1,2,9,1,3
200700010255,0007-02-03 17:00:00,7,2,3,17,0,760,540,"1, RONDEAUX - CAVELIER D",,,Plein jour,En agglomération,Hors intersection,Normale,Deux véhicules - côté,,,,,,,,,,,1,2,1,1,3
200700010256,0007-02-05 13:00:00,7,2,5,13,0,760,540,"9, RENARD. RUE DU",,,Plein jour,En agglomération,Hors intersection,Temps couvert,Autre collision,,,,,,,,,,,1,2,1,8,6
200700010257,0007-02-06 15:00:00,7,2,6,15,0,760,540,BETHENCOURT. QUAI (HAUT),,,Plein jour,En agglomération,Intersection en T,Normale,Deux véhicules - côté,,,,,,,,,,,1,2,3,1,3
200700010258,0007-02-07 08:00:00,7,2,7,8,0,760,498,"1, GAULLE. BOULEVARD CHA",,,Plein jour,En agglomération,Hors intersection,Normale,Deux véhicules - côté,,,,,,,,,,,1,2,1,1,3
200700010259,0007-02-08 11:00:00,7,2,8,11,0,760,319,"56, LECLERC. AVENUE DU G",,,Plein jour,En agglomération,Hors intersection,Pluie légère,Autre collision,,,,,,,,,,,1,2,1,2,6
200700010260,0007-02-09 03:45:00,7,2,9,3,45,760,497,"1, MARITIME. BOULEVARD",,,Nuit avec éclairage allumé,Hors agglomération,Hors intersection,Normale,Sans collision,,,,,,,,,,,5,1,1,1,7
200700010261,0007-02-09 12:45:00,7,2,9,12,45,760,540,RN 28,,,Plein jour,En agglomération,Hors intersection,Pluie légère,Deux véhicules - arrière,,,,,,,,,,,1,2,1,2,2
200700010262,0007-02-09 12:25:00,7,2,9,12,25,760,540,RN 28,,,Plein jour,Hors agglomération,Hors intersection,Normale,Deux véhicules - arrière,,,,,,,,,,,1,1,1,1,2
200700010263,0007-02-10 08:15:00,7,2,10,8,15,760,540,CORNEILLE. QUAI (HAUT) P,,,Crépuscule ou aube,En agglomération,Autre intersection,Normale,Deux véhicules - côté,,,,,,,,,,,2,2,9,1,3
200700010264,0007-02-12 22:20:00,7,2,12,22,20,760,540,"1, ELBEUF. RUE D'",,,Nuit avec éclairage allumé,En agglomération,Intersection en X,Pluie forte,Deux véhicules - côté,,,,,,,,,,,5,2,2,3,3
200700010265,0007-02-12 16:50:00,7,2,12,16,50,760,216,RN 27 (ROUTE DE DIEPPE),,,Plein jour,En agglomération,Hors intersection,Pluie forte,Deux véhicules - arrière,,,,,,,,,,,1,2,1,3,2
200700010266,0007-02-12 14:15:00,7,2,12,14,15,760,540,RN 28,,,Plein jour,Hors agglomération,Hors intersection,Pluie légère,Deux véhicules - côté,,,,,,,,,,,1,1,1,2,3
200700010267,0007-02-13 11:26:00,7,2,13,11,26,760,322,"1, MAURICE RAVEL - QUART",,,Plein jour,En agglomération,Hors intersection,Normale,Deux véhicules - côté,,,,,,,,,,,1,2,1,1,3
200700010268,0007-02-13 08:50:00,7,2,13,8,50,760,484,"1, CURIE. RUE PIERRE",,,Plein jour,En agglomération,Intersection en T,Temps couvert,Trois véhicules et plus - collisions multiples,,,,,,,,,,,1,2,3,8,5
200700010269,0007-02-13 12:20:00,7,2,13,12,20,760,484,CD 18E,,,Plein jour,Hors agglomération,Giratoire,Normale,Deux véhicules - arrière,,,,,,,,,,,1,1,6,1,2
200700010270,0007-02-14 18:30:00,7,2,14,18,30,760,540,"56, CAVELIER DE LA SALLE",,,Nuit avec éclairage allumé,En agglomération,Hors intersection,Temps couvert,Autre collision,,,,,,,,,,,5,2,1,8,6
200700010271,0007-02-16 00:35:00,7,2,16,0,35,760,540,"14, BOULET. QUAI GASTON",,,Nuit avec éclairage allumé,En agglomération,Hors intersection,Normale,Autre collision,,,,,,,,,,,5,2,1,1,6
200700010272,0007-02-15 07:55:00,7,2,15,7,55,760,540,"1, MOINEAU. RUE DU",,,Crépuscule ou aube,En agglomération,Intersection en T,Normale,Deux véhicules - côté,,,,,,,,,,,2,2,3,1,3