accident_id,datetime,annee,mois,jour,heure,minute,departement,commune_insee,adresse,latitude,longitude,luminosite,agglomeration,intersection,meteo,collision,nb_vehicules,nb_usagers,nb_indemnes,nb_tues,nb_blesses_hosp,nb_blesses_legers,age_cond_1,age_cond_2,veh_type_cond_1,veh_type_cond_2,lum_code,agg_code,int_code,atm_code,col_code
200700010273,0007-02-15 15:50:00,7,2,15,15,50,760,540,"1, MARTYRS DE LA RESISTA",,,Plein jour,En agglomération,Hors intersection,Normale,Deux véhicules - côté,,,,,,,,,,,1,2,1,1,3
200700010274,0007-02-15 19:16:00,7,2,15,19,16,760,540,"104, HAVRE. ROUTE DU",,,Nuit avec éclairage allumé,En agglomération,Hors intersection,Normale,Deux véhicules - côté,,,,,,,,,,,5,2,1,1,3
200700010275,0007-02-18 01:20:00,7,2,18,1,20,760,498,"1, JAURES. AVENUE JEAN",,,Nuit avec éclairage allumé,En agglomération,Hors intersection,Normale,Sans collision,,,,,,,,,,,5,2,1,1,7
200700010276,0007-02-16 08:20:00,7,2,16,8,20,760,474,"7, HOUPPEVILLE. ROUTE D'",,,Crépuscule ou aube,En agglomération,Hors intersection,Normale,Sans collision,,,,,,,,,,,2,2,1,1,7
200700010277,0007-02-16 18:00:00,7,2,16,18,0,760,212,"1, GAULLE. PLACE DU GENE",,,Nuit avec éclairage allumé,En agglomération,Hors intersection,Normale,Autre collision,,,,,,,,,,,5,2,1,1,6
200700010278,0007-02-18 19:05:00,7,2,18,19,5,760,5,RN 15 (ROUTE DE PARIS),,,Nuit avec éclairage allumé,Hors agglomération,Hors intersection,Normale,Sans collision,,,,,,,,,,,5,1,1,1,7
200700010279,0007-02-18 15:35:00,7,2,18,15,35,760,540,"1, ESPACE JACQUES ANQUET",,,Plein jour,En agglomération,Hors intersection,Normale,Deux véhicules - côté,,,,,,,,,,,1,2,1,1,3
200700010280,0007-02-21 11:40:00,7,2,21,11,40,760,575,"6, RENAN. RUE ERNEST",,,Plein jour,En agglomération,Hors intersection,Normale,Autre collision,,,,,,,,,,,1,2,1,1,6
200700010281,0007-02-21 16:10:00,7,2,21,16,10,760,540,"1, LESSARD. RUE DE",,,Plein jour,En agglomération,Intersection en X,Normale,Deux véhicules - côté,,,,,,,,,,,1,2,2,1,3
200700010282,0007-02-25 20:30:00,7,2,25,20,30,760,216,"1, HEBERT. RUE GEORGES",,,Nuit avec éclairage allumé,En agglomération,Hors intersection,Normale,Deux véhicules - côté,,,,,,,,,,,5,2,1,1,3
200700010283,0007-02-04 12:40:00,7,2,4,12,40,770,479,TORCY (ROUTE DE),,,Plein jour,En agglomération,Hors intersection,Normale,Autre collision,,,,,,,,,,,1,2,1,1,6
200700010284,0007-02-03 11:50:00,7,2,3,11,50,770,108,TRINQUAND (AVENUE FRANCO,,,Plein jour,En agglomération,Hors intersection,Normale,Autre collision,,,,,,,,,,,1,2,1,1,6
200700010285,0007-02-14 16:40:00,7,2,14,16,40,770,55,BLEUETS ( RUE DES ),,,Plein jour,En agglomération,Intersection en X,Pluie légère,Deux véhicules - côté,,,,,,,,,,,1,2,2,2,3
200700010286,0007-02-27 12:30:00,7,2,27,12,30,770,108,GENERAL DE GAULLE (AVENU,,,Plein jour,En agglomération,Hors intersection,Pluie légère,Deux véhicules - arrière,,,,,,,,,,,1,2,1,2,2
200700010287,0007-02-12 18:20:00,7,2,12,18,20,770,13,AULNOY A SAINT-GERMAIN-S,,,Nuit sans éclairage public,Hors agglomération,Hors intersection,Pluie légère,Sans collision,,,,,,,,,,,3,1,1,2,7
200700010288,0007-02-23 19:00:00,7,2,23,19,0,770,131,"1, GRAND MORIN (RUE DU)",,,Nuit sans éclairage public,En agglomération,Hors intersection,Normale,Autre collision,,,,,,,,,,,3,2,1,1,6
200700010289,0007-02-08 07:30:00,7,2,8,7,30,770,407,ROUTE NATIONALE 7,,,Crépuscule ou aube,En agglomération,Intersection en X,Pluie légère,Autre collision,,,,,,,,,,,2,2,2,2,6
200700010290,0007-02-14 07:50:00,7,2,14,7,50,770,186,RD 409 panneau ONF à LIB,,,Crépuscule ou aube,Hors agglomération,Hors intersection,Pluie légère,Deux véhicules - frontale,,,,,,,,,,,2,1,1,2,1
200700010291,0007-02-15 14:05:00,7,2,15,14,5,770,186,RD 142 Glandée au grand,,,Plein jour,Hors agglomération,Hors intersection,Normale,Autre collision,,,,,,,,,,,1,1,1,1,6
200700010292,0007-02-24 22:20:00,7,2,24,22,20,770,442,CHAMPAGNE (ROUTE DE),,,Nuit sans éclairage public,Hors agglomération,Hors intersection,Pluie légère,Autre collision,,,,,,,,,,,3,1,1,2,6
200700010293,0007-02-25 20:10:00,7,2,25,20,10,770,186,RD607 de Barbizon à pavé,,,Nuit avec éclairage allumé,En agglomération,Hors intersection,Temps couvert,Deux véhicules - frontale,,,,,,,,,,,5,2,1,8,1
200700010294,0007-02-01 09:55:00,7,2,1,9,55,770,284,VARREDES (ROUTE DE),,,Plein jour,Hors agglomération,Hors intersection,Normale,Deux véhicules - côté,,,,,,,,,,,1,1,1,1,3
200700010295,0007-02-06 20:10:00,7,2,6,20,10,770,330,A 140,,,Nuit sans éclairage public,Hors agglomération,Hors intersection,Temps couvert,Deux véhicules - côté,,,,,,,,,,,3,1,1,8,3
200700010296,0007-02-07 18:20:00,7,2,7,18,20,770,284,"18, APPEL DU 18 JUIN 194",,,Crépuscule ou aube,En agglomération,Hors intersection,Normale,Deux véhicules - arrière,,,,,,,,,,,2,2,1,1,2
200700010297,0007-02-08 10:50:00,7,2,8,10,50,770,284,"1, DUNANT (AVENUE HENRI)",,,Plein jour,En agglomération,Hors intersection,Temps couvert,Autre collision,,,,,,,,,,,1,2,1,8,6
200700010298,0007-02-09 20:05:00,7,2,9,20,5,770,284,"12, FROT (AV.PAUL)",,,Nuit avec éclairage allumé,En agglomération,Hors intersection,Temps couvert,Deux véhicules - arrière,,,,,,,,,,,5,2,1,8,2
200700010299,0007-02-16 18:40:00,7,2,16,18,40,770,143,RN 330 (ROUTE NATIONALE),,,Nuit avec éclairage allumé,Hors agglomération,Hors intersection,Temps couvert,Deux véhicules - arrière,,,,,,,,,,,5,1,1,8,2
200700010300,0007-02-23 12:25:00,7,2,23,12,25,770,284,"19, ALLENDE (AV.SALVADOR",,,Plein jour,En agglomération,Hors intersection,Normale,Deux véhicules - arrière,,,,,,,,,,,1,2,1,1,2
200700010301,0007-02-23 18:50:00,7,2,23,18,50,770,284,MEMORIAL AMERICAIN (BD.D,,,Nuit avec éclairage allumé,Hors agglomération,Hors intersection,Normale,Deux véhicules - côté,,,,,,,,,,,5,1,1,1,3
200700010302,0007-02-28 15:35:00,7,2,28,15,35,770,284,COMTES DE CHAMPAGNE (AV.,,,Plein jour,En agglomération,Giratoire,Temps couvert,Deux véhicules - côté,,,,,,,,,,,1,2,6,8,3
200700010303,0007-02-28 16:25:00,7,2,28,16,25,770,284,"1, DUNANT (AVENUE HENRI)",,,Plein jour,En agglomération,Hors intersection,Temps couvert,Deux véhicules - côté,,,,,,,,,,,1,2,1,8,3
200700010304,0007-02-03 15:30:00,7,2,3,15,30,770,288,"6, SAINT ETIENNE (RUE)",,,Plein jour,En agglomération,Autre intersection,Normale,Autre collision,,,,,,,,,,,1,2,9,1,6
200700010305,0007-02-05 04:50:00,7,2,5,4,50,770,445,PALME (AVENUE OLOF),,,Nuit avec éclairage allumé,Hors agglomération,Hors intersection,Autre,Autre collision,,,,,,,,,,,5,1,1,9,6
200700010306,0007-02-15 18:55:00,7,2,15,18,55,770,495,D.306,,,Nuit avec éclairage allumé,Hors agglomération,Intersection en X,Normale,Deux véhicules - côté,,,,,,,,,,,5,1,2,1,3
200700010307,0007-02-01 18:25:00,7,2,1,18,25,770,294,JEAN BAPTISTE CLEMENT (A,,,Nuit sans éclairage public,Hors agglomération,Hors intersection,Normale,Trois véhicules et plus - en chaîne,,,,,,,,,,,3,1,1,1,4
200700010308,0007-02-19 19:10:00,7,2,19,19,10,770,294,", VILLEPARISIS (RUE)",,,Nuit avec éclairage allumé,En agglomération,Intersection en T,Normale,Deux véhicules - frontale,,,,,,,,,,,5,2,3,1,1
200700010309,0007-02-03 12:45:00,7,2,3,12,45,770,294,C.D. 84,,,Plein jour,En agglomération,Hors intersection,Normale,Deux véhicules - côté,,,,,,,,,,,1,2,1,1,3
200700010310,0007-02-26 22:40:00,7,2,26,22,40,770,123,CD 212,,,Nuit sans éclairage public,En agglomération,Giratoire,Normale,Sans collision,,,,,,,,,,,3,2,6,1,7
200700010311,0007-02-24 12:34:00,7,2,24,12,34,770,294,FRERES LUMIERES ((RUE DE,,,Plein jour,En agglomération,Giratoire,Normale,Sans collision,,,,,,,,,,,1,2,6,1,7
200700010312,0007-02-11 05:50:00,7,2,11,5,50,770,114,D471,,,Nuit sans éclairage public,Hors agglomération,Hors intersection,Pluie forte,Autre collision,,,,,,,,,,,3,1,1,3,6
200700010313,0007-02-11 21:50:00,7,2,11,21,50,770,122,D 57,,,Nuit sans éclairage public,Hors agglomération,Hors intersection,Normale,Sans collision,,,,,,,,,,,3,1,1,1,7
200700010314,0007-02-23 15:10:00,7,2,23,15,10,770,194,D 133,,,Plein jour,Hors agglomération,Intersection en X,Temps couvert,Deux véhicules - côté,,,,,,,,,,,1,1,2,8,3
200700010315,0007-02-11 19:12:00,7,2,11,19,12,770,79,GENERAL DE GAULLE (RUE D,,,Nuit avec éclairage allumé,En agglomération,Intersection en Y,Normale,Deux véhicules - côté,,,,,,,,,,,5,2,4,1,3
200700010316,0007-02-05 07:55:00,7,2,5,7,55,770,83,MALNOUE (ROUTE DE),,,Plein jour,En agglomération,Intersection en T,Normale,Autre collision,,,,,,,,,,,1,2,3,1,6
200700010317,0007-02-19 19:25:00,7,2,19,19,25,770,337,SALVADOR ALLENDE (BOULEV,,,Nuit avec éclairage allumé,En agglomération,Hors intersection,Pluie légère,Sans collision,,,,,,,,,,,5,2,1,2,7
200700010318,0007-02-28 20:00:00,7,2,28,20,0,770,83,", PARIS (RUE DE)",,,Nuit avec éclairage allumé,En agglomération,Hors intersection,Pluie légère,Autre collision,,,,,,,,,,,5,2,1,2,6
200700010319,0007-02-12 18:30:00,7,2,12,18,30,770,350,"101, GENERAL DE GAULLE (",,,Nuit avec éclairage allumé,En agglomération,Intersection en X,Temps couvert,Autre collision,,,,,,,,,,,5,2,2,8,6
200700010320,0007-02-04 14:00:00,7,2,4,14,0,770,390,SOUVENIR (PLACE DU ),,,Plein jour,En agglomération,Place,Normale,Autre collision,,,,,,,,,,,1,2,7,1,6
200700010321,0007-02-20 08:05:00,7,2,20,8,5,770,373,11 NOVEMBRE (PLACE DU ),,,Plein jour,En agglomération,Place,Normale,Deux véhicules - côté,,,,,,,,,,,1,2,7,1,3
200700010322,0007-02-15 16:15:00,7,2,15,16,15,770,374,CD 471,,,Plein jour,Hors agglomération,Giratoire,Normale,Deux véhicules - côté,,,,,,,,,,,1,1,6,1,3
200700010323,0007-02-02 08:55:00,7,2,2,8,55,770,350,RN4 HORS AGGLOMERATION,,,Plein jour,Hors agglomération,Intersection en T,Autre,Autre collision,,,,,,,,,,,1,1,3,9,6
200700010324,0007-02-19 17:45:00,7,2,19,17,45,770,390,MALIBRAN (AVENUE DE LA),,,Plein jour,En agglomération,Hors intersection,Normale,Autre collision,,,,,,,,,,,1,2,1,1,6
200700010325,0007-02-21 17:05:00,7,2,21,17,5,770,373,PRES ST MARTIN (RUE DES),,,Plein jour,En agglomération,Hors intersection,Normale,Deux véhicules - côté,,,,,,,,,,,1,2,1,1,3
200700010326,0007-02-28 17:45:00,7,2,28,17,45,770,215,PARC (ALLEE DU ),,,Plein jour,En agglomération,Intersection en Y,Neige / grêle,Deux véhicules - frontale,,,,,,,,,,,1,2,4,4,1
200700010327,0007-02-22 13:35:00,7,2,22,13,35,770,373,LYCEE CAMILLE CLAUDEL,,,Plein jour,En agglomération,Hors intersection,Normale,Deux véhicules - arrière,,,,,,,,,,,1,2,1,1,2
200700010328,0007-02-12 13:05:00,7,2,12,13,5,780,126,ROUTE NATIONALE 186,,,Plein jour,En agglomération,Hors intersection,Normale,Trois véhicules et plus - collisions multiples,,,,,,,,,,,1,2,1,1,5
200700010329,0007-02-01 17:15:00,7,2,1,17,15,780,15,RAMEAU (RUE JEAN PHILIPP,,,Plein jour,En agglomération,Hors intersection,Normale,Sans collision,,,,,,,,,,,1,2,1,1,7
200700010330,0007-02-02 08:00:00,7,2,2,8,0,780,172,"0, RN 184",,,Crépuscule ou aube,Hors agglomération,Intersection en Y,Normale,Trois véhicules et plus - collisions multiples,,,,,,,,,,,2,1,4,1,5
200700010331,0007-02-10 21:30:00,7,2,10,21,30,780,172,"207, FOCH (AVENUE DU MAR",,,Nuit avec éclairage allumé,En agglomération,Hors intersection,Normale,Autre collision,,,,,,,,,,,5,2,1,1,6
200700010332,0007-02-11 15:50:00,7,2,11,15,50,780,5,"16, STALINGRAD (AVENUE D",,,Plein jour,En agglomération,Intersection en X,Temps couvert,Deux véhicules - arrière,,,,,,,,,,,1,2,2,8,2
200700010333,0007-02-11 09:20:00,7,2,11,9,20,780,172,"0, RN 184 /  BRET. ACCES",,,Plein jour,Hors agglomération,Hors intersection,Normale,Sans collision,,,,,,,,,,,1,1,1,1,7
200700010334,0007-02-01 07:45:00,7,2,1,7,45,780,138,"0, DE GAULLE (AVENUE CHA",,,Crépuscule ou aube,En agglomération,Intersection en X,Normale,Sans collision,,,,,,,,,,,2,2,2,1,7
200700010335,0007-02-08 08:10:00,7,2,8,8,10,780,172,"21, CARNOT (AVENUE)",,,Crépuscule ou aube,En agglomération,Hors intersection,Pluie légère,Sans collision,,,,,,,,,,,2,2,1,2,7
200700010336,0007-02-17 14:45:00,7,2,17,14,45,780,138,"09, LEGRAND (RUE EDOUARD",,,Plein jour,Hors agglomération,Hors intersection,Normale,Sans collision,,,,,,,,,,,1,1,1,1,7
200700010337,0007-02-17 17:25:00,7,2,17,17,25,780,15,"10, FOCH (AVENUE DU MARE",,,Plein jour,En agglomération,Hors intersection,Normale,Sans collision,,,,,,,,,,,1,2,1,1,7
200700010338,0007-02-22 15:30:00,7,2,22,15,30,780,138,"0, POISSY (AVENUE DE)",,,Plein jour,En agglomération,Intersection en T,Normale,Deux véhicules - côté,,,,,,,,,,,1,2,3,1,3
200700010339,0007-02-05 11:30:00,7,2,5,11,30,780,397,"Indét., HENRI IV (PLACE)",,,Plein jour,En agglomération,Intersection en X,Pluie légère,Deux véhicules - côté,,,,,,,,,,,1,2,2,2,3
200700010340,0007-02-18 02:30:00,7,2,18,2,30,780,168,NATIONALE 10 (ROUTE),,,Nuit avec éclairage allumé,En agglomération,Hors intersection,Normale,Trois véhicules et plus - en chaîne,,,,,,,,,,,5,2,1,1,4
200700010341,0007-02-21 07:10:00,7,2,21,7,10,780,383,"Indét., LOIRE (BOULEVARD",,,Crépuscule ou aube,En agglomération,Giratoire,Pluie légère,Deux véhicules - côté,,,,,,,,,,,2,2,6,2,3
200700010342,0007-02-21 13:15:00,7,2,21,13,15,780,208,DEPARTEMENTALE 23 (ROUTE,,,Plein jour,En agglomération,Giratoire,Normale,Deux véhicules - côté,,,,,,,,,,,1,2,6,1,3
200700010343,0007-02-23 11:20:00,7,2,23,11,20,780,383,"6, PETIT PONT (RUE DU)",,,Plein jour,En agglomération,Hors intersection,Normale,Sans collision,,,,,,,,,,,1,2,1,1,7
200700010344,0007-02-27 09:55:00,7,2,27,9,55,780,208,"24, CHEMIN AUX BOEUFS (R",,,Plein jour,En agglomération,Hors intersection,Pluie légère,Sans collision,,,,,,,,,,,1,2,1,2,7
200700010345,0007-02-06 15:00:00,7,2,6,15,0,780,297,CD 91,,,Plein jour,Hors agglomération,Hors intersection,Normale,Sans collision,,,,,,,,,,,1,1,1,1,7
200700010346,0007-02-05 08:00:00,7,2,5,8,0,780,423,TIMBAUD (RUE JEAN-PIERRE,,,Crépuscule ou aube,En agglomération,Hors intersection,Normale,Deux véhicules - arrière,,,,,,,,,,,2,2,1,1,2
200700010347,0007-02-12 16:15:00,7,2,12,16,15,780,423,PRES (AVENUE DES),,,Plein jour,En agglomération,Intersection en Y,Pluie forte,Deux véhicules - côté,,,,,,,,,,,1,2,4,3,3
200700010348,0007-02-12 16:40:00,7,2,12,16,40,780,423,"ignoré, PRES (AVENUE DES",,,Plein jour,En agglomération,Hors intersection,Pluie légère,Autre collision,,,,,,,,,,,1,2,1,2,6
200700010349,0007-02-14 12:10:00,7,2,14,12,10,780,423,BLES D'OR (RUE DES),,,Crépuscule ou aube,En agglomération,Hors intersection,Pluie légère,Autre collision,,,,,,,,,,,2,2,1,2,6
200700010350,0007-02-15 09:30:00,7,2,15,9,30,780,423,"., MANET (AVENUE DU)",,,Plein jour,En agglomération,Hors intersection,Normale,Deux véhicules - arrière,,,,,,,,,,,1,2,1,1,2
200700010351,0007-02-15 18:40:00,7,2,15,18,40,780,297,"IGNORE, JAURES (BOULEVAR",,,Nuit avec éclairage allumé,En agglomération,Hors intersection,Normale,Trois véhicules et plus - collisions multiples,,,,,,,,,,,5,2,1,1,5
200700010352,0007-02-27 17:15:00,7,2,27,17,15,780,423,"IGNORE, PRES (AVENUE DES",,,Plein jour,En agglomération,Hors intersection,Pluie légère,Deux véhicules - arrière,,,,,,,,,,,1,2,1,2,2
200700010353,0007-02-28 13:30:00,7,2,28,13,30,780,423,"., RD 10",,,Plein jour,Hors agglomération,Hors intersection,Normale,Deux véhicules - arrière,,,,,,,,,,,1,1,1,1,2
200700010354,0007-02-07 17:25:00,7,2,7,17,25,780,423,"IGNORE, LYCEE (AVENUE DU",,,Crépuscule ou aube,En agglomération,Intersection en X,Normale,Autre collision,,,,,,,,,,,2,2,2,1,6
200700010355,0007-02-02 00:01:00,7,2,2,0,1,780,124,"00, ARISTIDE BRIAND (RUE",,,Nuit avec éclairage allumé,En agglomération,Giratoire,Pluie légère,Deux véhicules - côté,,,,,,,,,,,5,2,6,2,3
200700010356,0007-02-26 18:00:00,7,2,26,18,0,780,124,"53, CARNOT (BOULEVARD)",,,Plein jour,En agglomération,Intersection en T,Normale,Autre collision,,,,,,,,,,,1,2,3,1,6
200700010357,0007-02-14 11:10:00,7,2,14,11,10,780,118,"1, LIAISON A 13",,,Plein jour,En agglomération,Hors intersection,Pluie forte,Trois véhicules et plus - collisions multiples,,,,,,,,,,,1,2,1,3,5
200700010358,0007-02-22 20:45:00,7,2,22,20,45,780,502,VERSAILLES (ROUTE DE),,,Nuit sans éclairage public,En agglomération,Hors intersection,Normale,Deux véhicules - arrière,,,,,,,,,,,3,2,1,1,2
200700010359,0007-02-23 15:10:00,7,2,23,15,10,780,350,VERSAILLES (ROUTE DE),,,Plein jour,En agglomération,Hors intersection,Pluie légère,Trois véhicules et plus - en chaîne,,,,,,,,,,,1,2,1,2,4
200700010360,0007-02-06 16:25:00,7,2,6,16,25,780,440,"1, ROBERT CIMETIERE (RUE",,,Plein jour,En agglomération,Intersection en Y,Normale,Deux véhicules - côté,,,,,,,,,,,1,2,4,1,3
200700010361,0007-02-08 08:20:00,7,2,8,8,20,780,440,LEVASSOR (RUE),,,Plein jour,Hors agglomération,Hors intersection,Pluie légère,Trois véhicules et plus - collisions multiples,,,,,,,,,,,1,1,1,2,5
200700010362,0007-02-08 17:40:00,7,2,8,17,40,780,440,"1, MARYSE BASTIE (RUE)",,,Plein jour,En agglomération,Intersection en T,Normale,Deux véhicules - côté,,,,,,,,,,,1,2,3,1,3
200700010363,0007-02-15 16:30:00,7,2,15,16,30,780,238,"65, BOULEVARD EXTERIEUR",,,Plein jour,En agglomération,Intersection en X,Normale,Autre collision,,,,,,,,,,,1,2,2,1,6
200700010364,0007-02-18 12:10:00,7,2,18,12,10,780,401,PONTOISE (ROUTE DE ),,,Plein jour,Hors agglomération,Hors intersection,Normale,Deux véhicules - arrière,,,,,,,,,,,1,1,1,1,2
200700010365,0007-02-18 13:05:00,7,2,18,13,5,780,440,CARNOT (RUE),,,Plein jour,En agglomération,Intersection en T,Normale,Autre collision,,,,,,,,,,,1,2,3,1,6
200700010366,0007-02-20 10:30:00,7,2,20,10,30,780,401,"05, GAMBETTA (RUE)",,,Plein jour,En agglomération,Hors intersection,Normale,Autre collision,,,,,,,,,,,1,2,1,1,6
200700010367,0007-02-26 17:40:00,7,2,26,17,40,780,440,"1, RÉPUBLIQUE (RUE DE LA",,,Plein jour,En agglomération,Intersection en X,Normale,Deux véhicules - côté,,,,,,,,,,,1,2,2,1,3
200700010368,0007-02-26 15:40:00,7,2,26,15,40,780,238,CD 14,,,Plein jour,Hors agglomération,Hors intersection,Normale,Trois véhicules et plus - en chaîne,,,,,,,,,,,1,1,1,1,4
200700010369,0007-02-28 09:45:00,7,2,28,9,45,780,440,PIERRE BÉRÉGOVOY (RUE),,,Plein jour,En agglomération,Hors intersection,Pluie légère,Autre collision,,,,,,,,,,,1,2,1,2,6
200700010370,0007-02-03 21:30:00,7,2,3,21,30,780,490,MAITRE (RUE PIERRE),,,Nuit avec éclairage allumé,En agglomération,Hors intersection,Normale,Deux véhicules - côté,,,,,,,,,,,5,2,1,1,3
200700010371,0007-02-14 17:00:00,7,2,14,17,0,780,674,CD 11,,,Plein jour,Hors agglomération,Giratoire,Pluie légère,Deux véhicules - côté,,,,,,,,,,,1,1,6,2,3
200700010372,0007-02-21 12:30:00,7,2,21,12,30,780,490,RD 912,,,Plein jour,Hors agglomération,Hors intersection,Normale,Deux véhicules - arrière,,,,,,,,,,,1,1,1,1,2
200700010373,0007-02-05 07:40:00,7,2,5,7,40,780,123,"449, PELLETIER BD",,,Crépuscule ou aube,En agglomération,Hors intersection,Normale,Trois véhicules et plus - en chaîne,,,,,,,,,,,2,2,1,1,4
200700010374,0007-02-06 16:45:00,7,2,6,16,45,780,624,"22, DOUMER RUE PAUL",,,Plein jour,En agglomération,Intersection en T,Pluie légère,Deux véhicules - arrière,,,,,,,,,,,1,2,3,2,2
200700010375,0007-02-08 06:55:00,7,2,8,6,55,780,498,RD30,,,Nuit avec éclairage allumé,En agglomération,Intersection en X,Normale,Deux véhicules - côté,,,,,,,,,,,5,2,2,1,3
200700010376,0007-02-12 01:45:00,7,2,12,1,45,780,624,RD1,,,Nuit avec éclairage allumé,Hors agglomération,Hors intersection,Pluie légère,Autre collision,,,,,,,,,,,5,1,1,2,6
200700010377,0007-02-12 19:40:00,7,2,12,19,40,780,123,EUROPE (RN 190) AVENUE D,,,Nuit avec éclairage allumé,En agglomération,Intersection en X,Pluie légère,Deux véhicules - frontale,,,,,,,,,,,5,2,2,2,1
200700010378,0007-02-15 19:20:00,7,2,15,19,20,780,498,CASTILLE AV BLANCHE DE,,,Nuit avec éclairage allumé,En agglomération,Intersection en T,Normale,Deux véhicules - arrière,,,,,,,,,,,5,2,3,1,2
200700010379,0007-02-26 11:05:00,7,2,26,11,5,780,498,FOCH AV,,,Plein jour,En agglomération,Intersection en X,Pluie légère,Deux véhicules - côté,,,,,,,,,,,1,2,2,2,3
200700010380,0007-02-23 20:30:00,7,2,23,20,30,780,498,"62, LEFEBVRE AV FERNAND",,,Nuit avec éclairage allumé,En agglomération,Intersection en T,Normale,Deux véhicules - côté,,,,,,,,,,,5,2,3,1,3
200700010381,0007-02-04 00:55:00,7,2,4,0,55,780,643,RD1,,,Nuit sans éclairage public,Hors agglomération,Hors intersection,Normale,Autre collision,,,,,,,,,,,3,1,1,1,6
200700010382,0007-02-05 16:45:00,7,2,5,16,45,780,123,EUROPE (RN 190) AVENUE D,,,Plein jour,Hors agglomération,Hors intersection,Normale,Deux véhicules - arrière,,,,,,,,,,,1,1,1,1,2
200700010383,0007-02-10 13:50:00,7,2,10,13,50,780,642,"17, CHATEAU AVENUE DU",,,Plein jour,En agglomération,Hors intersection,Normale,Sans collision,,,,,,,,,,,1,2,1,1,7
200700010384,0007-02-13 20:20:00,7,2,13,20,20,780,498,TOURNELLE RUE DE LA,,,Nuit avec éclairage allumé,En agglomération,Hors intersection,Normale,Autre collision,,,,,,,,,,,5,2,1,1,6
200700010385,0007-02-16 19:50:00,7,2,16,19,50,780,624,CHANTELOUP RUE DE,,,Nuit avec éclairage allumé,Hors agglomération,Intersection en Y,Normale,Deux véhicules - côté,,,,,,,,,,,5,1,4,1,3
200700010386,0007-02-18 23:45:00,7,2,18,23,45,780,642,CHAPET ROUTE DE,,,Nuit avec éclairage allumé,En agglomération,Hors intersection,Normale,Deux véhicules - frontale,,,,,,,,,,,5,2,1,1,1
200700010387,0007-02-17 23:00:00,7,2,17,23,0,780,498,"41, CASTILLE AV BLANCHE",,,Nuit avec éclairage allumé,En agglomération,Hors intersection,Normale,Autre collision,,,,,,,,,,,5,2,1,1,6
200700010388,0007-02-23 00:01:00,7,2,23,0,1,780,672,LIBERATION PLACE DE LA,,,Nuit avec éclairage allumé,En agglomération,Hors intersection,Normale,Autre collision,,,,,,,,,,,5,2,1,1,6
200700010389,0007-02-27 00:05:00,7,2,27,0,5,780,642,CLEMENCEAU BD GEORGES,,,Nuit avec éclairage allumé,En agglomération,Giratoire,Normale,Autre collision,,,,,,,,,,,5,2,6,1,6
200700010390,0007-02-01 12:20:00,7,2,1,12,20,780,220,RD 202,,,Plein jour,Hors agglomération,Intersection en X,Normale,Deux véhicules - côté,,,,,,,,,,,1,1,2,1,3
200700010391,0007-02-09 08:30:00,7,2,9,8,30,780,486,"FACE 14 BI, PARIS (RUE D",,,Plein jour,En agglomération,Intersection en T,Normale,Deux véhicules - côté,,,,,,,,,,,1,2,3,1,3
200700010392,0007-02-10 14:50:00,7,2,10,14,50,780,517,RN 10,,,Plein jour,Hors agglomération,Hors intersection,Normale,Deux véhicules - arrière,,,,,,,,,,,1,1,1,1,2
200700010393,0007-02-18 14:10:00,7,2,18,14,10,780,517,"43, GROUSSAY (RUE DE)",,,Plein jour,En agglomération,Hors intersection,Normale,Deux véhicules - arrière,,,,,,,,,,,1,2,1,1,2
200700010394,0007-02-08 16:50:00,7,2,8,16,50,780,551,RD 308,,,Plein jour,Hors agglomération,Hors intersection,Normale,Trois véhicules et plus - collisions multiples,,,,,,,,,,,1,1,1,1,5
200700010395,0007-02-02 13:00:00,7,2,2,13,0,780,551,RD 157,,,Plein jour,Hors agglomération,Hors intersection,Normale,Deux véhicules - frontale,,,,,,,,,,,1,1,1,1,1
200700010396,0007-02-02 21:35:00,7,2,2,21,35,780,481,CHARLES DE GAULLE (AVENU,,,Nuit avec éclairage allumé,En agglomération,Giratoire,Normale,Deux véhicules - côté,,,,,,,,,,,5,2,6,1,3
200700010397,0007-02-04 20:25:00,7,2,4,20,25,780,551,RN 190,,,Nuit sans éclairage public,Hors agglomération,Hors intersection,Normale,Deux véhicules - frontale,,,,,,,,,,,3,1,1,1,1
200700010398,0007-02-14 18:15:00,7,2,14,18,15,780,551,RD 308,,,Nuit avec éclairage allumé,Hors agglomération,Hors intersection,Pluie légère,Deux véhicules - frontale,,,,,,,,,,,5,1,1,2,1
200700010399,0007-02-18 16:50:00,7,2,18,16,50,780,551,RN 13,,,Plein jour,Hors agglomération,Hors intersection,Normale,Deux véhicules - arrière,,,,,,,,,,,1,1,1,1,2
200700010400,0007-02-23 17:50:00,7,2,23,17,50,780,481,"24, MAURICE BERTEAUX (QU",,,Crépuscule ou aube,En agglomération,Autre intersection,Normale,Autre collision,,,,,,,,,,,2,2,9,1,6
200700010401,0007-02-02 16:45:00,7,2,2,16,45,780,586,SCHUMAN (ROBERT),,,Plein jour,En agglomération,Hors intersection,Normale,Deux véhicules - arrière,,,,,,,,,,,1,2,1,1,2
200700010402,0007-02-03 10:40:00,7,2,3,10,40,780,586,BATTERIE,,,Plein jour,En agglomération,Intersection en X,Normale,Deux véhicules - côté,,,,,,,,,,,1,2,2,1,3
200700010403,0007-02-08 07:10:00,7,2,8,7,10,780,586,MERMOZ (JEAN),,,Nuit avec éclairage allumé,En agglomération,Hors intersection,Normale,Autre collision,,,,,,,,,,,5,2,1,1,6