accident_id,datetime,annee,mois,jour,heure,minute,departement,commune_insee,adresse,latitude,longitude,luminosite,agglomeration,intersection,meteo,collision,nb_vehicules,nb_usagers,nb_indemnes,nb_tues,nb_blesses_hosp,nb_blesses_legers,age_cond_1,age_cond_2,veh_type_cond_1,veh_type_cond_2,lum_code,agg_code,int_code,atm_code,col_code
200700010534,0007-02-24 10:28:00,7,2,24,10,28,830,137,VILLEVIEILLE (ROND POINT,,,Plein jour,En agglomération,Intersection en X,Normale,Deux véhicules - côté,,,,,,,,,,,1,2,2,1,3
200700010535,0007-02-22 13:50:00,7,2,22,13,50,830,137,"0, MOULINS (AVE DES DE 3",,,Crépuscule ou aube,En agglomération,Intersection en T,Normale,Deux véhicules - côté,,,,,,,,,,,2,2,3,1,3
200700010536,0007-02-01 14:10:00,7,2,1,14,10,840,7,"2, PLACE SAINT LAZARE",,,Plein jour,En agglomération,Hors intersection,Normale,Trois véhicules et plus - en chaîne,,,,,,,,,,,1,2,1,1,4
200700010537,0007-02-02 20:40:00,7,2,2,20,40,840,7,DOCTEUR PONS (Route tour,,,Nuit avec éclairage allumé,En agglomération,Hors intersection,Normale,Deux véhicules - frontale,,,,,,,,,,,5,2,1,1,1
200700010538,0007-02-02 22:55:00,7,2,2,22,55,840,7,PIERRE SEMARD (avenue),,,Nuit avec éclairage allumé,En agglomération,Hors intersection,Normale,Autre collision,,,,,,,,,,,5,2,1,1,6
200700010539,0007-02-03 10:50:00,7,2,3,10,50,840,7,CAP SUD Voie centrale,,,Plein jour,En agglomération,Hors intersection,Normale,Autre collision,,,,,,,,,,,1,2,1,1,6
200700010540,0007-02-05 07:10:00,7,2,5,7,10,840,7,FILLES D'AVIGNON (Rue de,,,Nuit sans éclairage public,En agglomération,Intersection en T,Normale,Autre collision,,,,,,,,,,,3,2,3,1,6
200700010541,0007-02-05 07:25:00,7,2,5,7,25,840,7,TRILLADE (avenue de la ),,,Crépuscule ou aube,En agglomération,Intersection en X,Normale,Autre collision,,,,,,,,,,,2,2,2,1,6
200700010542,0007-02-06 10:40:00,7,2,6,10,40,840,7,"33, EISENHOWER (Avenue)",,,Plein jour,En agglomération,Hors intersection,Normale,Deux véhicules - côté,,,,,,,,,,,1,2,1,1,3
200700010543,0007-02-06 13:15:00,7,2,6,13,15,840,7,soeurs (chemin des),,,Plein jour,En agglomération,Intersection en X,Normale,Deux véhicules - côté,,,,,,,,,,,1,2,2,1,3
200700010544,0007-02-09 13:30:00,7,2,9,13,30,840,7,CLEMENCEAU (Bd Georges),,,Plein jour,En agglomération,Intersection en X,Normale,Deux véhicules - côté,,,,,,,,,,,1,2,2,1,3
200700010545,0007-02-09 13:55:00,7,2,9,13,55,840,7,MARSEILLE (Route de ),,,Plein jour,En agglomération,Hors intersection,Normale,Deux véhicules - arrière,,,,,,,,,,,1,2,1,1,2
200700010546,0007-02-09 19:00:00,7,2,9,19,0,840,7,"51, PIERRE SEMARD (avenu",,,Nuit avec éclairage allumé,En agglomération,Hors intersection,Normale,Deux véhicules - côté,,,,,,,,,,,5,2,1,1,3
200700010547,0007-02-13 13:45:00,7,2,13,13,45,840,7,MARSEILLE (Route de ),,,Plein jour,En agglomération,Hors intersection,Normale,Deux véhicules - côté,,,,,,,,,,,1,2,1,1,3
200700010548,0007-02-14 06:45:00,7,2,14,6,45,840,7,avenue de la croix rouge,,,Crépuscule ou aube,Hors agglomération,Hors intersection,Normale,Autre collision,,,,,,,,,,,2,1,1,1,6
200700010549,0007-02-14 10:20:00,7,2,14,10,20,840,7,MONTFAVET (Route),,,Plein jour,En agglomération,Hors intersection,Normale,Deux véhicules - côté,,,,,,,,,,,1,2,1,1,3
200700010550,0007-02-15 08:30:00,7,2,15,8,30,840,7,C.De GAULLE (Rocade),,,Plein jour,En agglomération,Hors intersection,Normale,Deux véhicules - arrière,,,,,,,,,,,1,2,1,1,2
200700010551,0007-02-15 07:55:00,7,2,15,7,55,840,7,AMANDIER (Avenue de l'),,,Plein jour,En agglomération,Intersection en T,Normale,Deux véhicules - côté,,,,,,,,,,,1,2,3,1,3
200700010552,0007-02-18 20:30:00,7,2,18,20,30,840,7,TARASCON,,,Nuit avec éclairage allumé,En agglomération,Hors intersection,Normale,Deux véhicules - côté,,,,,,,,,,,5,2,1,1,3
200700010553,0007-02-19 11:15:00,7,2,19,11,15,840,7,REINE JEANNE( Avenue de,,,Plein jour,En agglomération,Hors intersection,Normale,Deux véhicules - côté,,,,,,,,,,,1,2,1,1,3
200700010554,0007-02-19 23:20:00,7,2,19,23,20,840,7,RD225  (route touristiqu,,,Nuit sans éclairage public,En agglomération,Hors intersection,Normale,Trois véhicules et plus - collisions multiples,,,,,,,,,,,3,2,1,1,5
200700010555,0007-02-21 00:45:00,7,2,21,0,45,840,7,MORIERES (Route de ),,,Nuit avec éclairage allumé,En agglomération,Hors intersection,Normale,Autre collision,,,,,,,,,,,5,2,1,1,6
200700010556,0007-02-22 11:30:00,7,2,22,11,30,840,7,TRILLADE (avenue de la ),,,Plein jour,En agglomération,Intersection en X,Normale,Deux véhicules - côté,,,,,,,,,,,1,2,2,1,3
200700010557,0007-02-22 17:45:00,7,2,22,17,45,840,7,"36, MORIERES (Route de )",,,Crépuscule ou aube,En agglomération,Hors intersection,Normale,Deux véhicules - côté,,,,,,,,,,,2,2,1,1,3
200700010558,0007-02-24 11:00:00,7,2,24,11,0,840,7,"29bis, PIERRE SEMARD (av",,,Plein jour,En agglomération,Hors intersection,Normale,Deux véhicules - arrière,,,,,,,,,,,1,2,1,1,2
200700010559,0007-02-24 19:35:00,7,2,24,19,35,840,7,OULLE (Boulevard de l'),,,Nuit avec éclairage allumé,En agglomération,Intersection en Y,Temps couvert,Deux véhicules - côté,,,,,,,,,,,5,2,4,8,3
200700010560,0007-02-28 13:30:00,7,2,28,13,30,840,7,C.De GAULLE (Rocade),,,Plein jour,En agglomération,Hors intersection,Normale,Deux véhicules - arrière,,,,,,,,,,,1,2,1,1,2
200700010561,0007-02-18 22:15:00,7,2,18,22,15,840,80,SARRIANS ROUTE DE,,,Nuit sans éclairage public,Hors agglomération,Hors intersection,Pluie légère,Deux véhicules - frontale,,,,,,,,,,,3,1,1,2,1
200700010562,0007-02-14 18:22:00,7,2,14,18,22,840,35,"134, GAMBETTA (COURS LEO",,,Crépuscule ou aube,En agglomération,Hors intersection,Normale,Sans collision,,,,,,,,,,,2,2,1,1,7
200700010563,0007-02-14 20:12:00,7,2,14,20,12,840,35,"000, FOLLEREAU (AVENUE R",,,Nuit avec éclairage allumé,En agglomération,Hors intersection,Normale,Deux véhicules - côté,,,,,,,,,,,5,2,1,1,3
200700010564,0007-02-21 17:55:00,7,2,21,17,55,840,35,MERIMEE (AVENUE PROSPER),,,Plein jour,En agglomération,Hors intersection,Normale,Deux véhicules - côté,,,,,,,,,,,1,2,1,1,3
200700010565,0007-02-27 19:45:00,7,2,27,19,45,840,35,"000, GAMBETTA (COURS LEO",,,Nuit avec éclairage allumé,En agglomération,Hors intersection,Normale,Deux véhicules - arrière,,,,,,,,,,,5,2,1,1,2
200700010566,0007-02-08 09:00:00,7,2,8,9,0,840,87,"1, NOBLE (RUE DU)",,,Plein jour,En agglomération,Hors intersection,Normale,Sans collision,,,,,,,,,,,1,2,1,1,7
200700010567,0007-02-23 14:05:00,7,2,23,14,5,840,87,"Face 470, FOCH (AVENUE M",,,Plein jour,En agglomération,Hors intersection,Normale,Autre collision,,,,,,,,,,,1,2,1,1,6
200700010568,0007-02-26 19:15:00,7,2,26,19,15,840,87,CAMARET (ROUTE DE),,,Nuit sans éclairage public,Hors agglomération,Hors intersection,Normale,Autre collision,,,,,,,,,,,3,1,1,1,6
200700010569,0007-02-12 08:30:00,7,2,12,8,30,840,89,"137, REPUBLIQUE (COURS D",,,Plein jour,En agglomération,Hors intersection,Normale,Autre collision,,,,,,,,,,,1,2,1,1,6
200700010570,0007-02-23 17:15:00,7,2,23,17,15,840,89,"56, ANSOUIS (ROUTE D')",,,Plein jour,Hors agglomération,Hors intersection,Normale,Deux véhicules - côté,,,,,,,,,,,1,1,1,1,3
200700010571,0007-02-24 22:00:00,7,2,24,22,0,840,89,HUGO (BOULEVARD VICTOR),,,Nuit avec éclairage allumé,En agglomération,Intersection en T,Normale,Deux véhicules - côté,,,,,,,,,,,5,2,3,1,3
200700010572,0007-02-02 13:10:00,7,2,2,13,10,850,191,"0, Route de DOMPIERRE",,,Plein jour,Hors agglomération,Intersection en T,Normale,Deux véhicules - côté,,,,,,,,,,,1,1,3,1,3
200700010573,0007-02-06 09:45:00,7,2,6,9,45,850,191,", CLEMENCEAU RUE GEORGES",,,Plein jour,En agglomération,Hors intersection,Normale,Autre collision,,,,,,,,,,,1,2,1,1,6
200700010574,0007-02-11 14:30:00,7,2,11,14,30,850,191,MOUILLERON ROUTE DE,,,Plein jour,Hors agglomération,Hors intersection,Normale,Deux véhicules - arrière,,,,,,,,,,,1,1,1,1,2
200700010575,0007-02-17 11:30:00,7,2,17,11,30,850,191,"0, BRIAND BOULEVARD ARIS",,,Plein jour,En agglomération,Intersection en T,Normale,Autre collision,,,,,,,,,,,1,2,3,1,6
200700010576,0007-02-26 21:25:00,7,2,26,21,25,850,191,"0, BOSSUET RUE",,,Nuit avec éclairage allumé,En agglomération,Intersection en X,Normale,Deux véhicules - côté,,,,,,,,,,,5,2,2,1,3
200700010577,0007-02-28 19:30:00,7,2,28,19,30,850,191,"33, DE GAULLE RUE DU PRE",,,Nuit avec éclairage allumé,En agglomération,Hors intersection,Normale,Autre collision,,,,,,,,,,,5,2,1,1,6
200700010578,0007-02-01 17:25:00,7,2,1,17,25,850,194,PAPIN (RUE DENIS),,,Plein jour,En agglomération,Hors intersection,Pluie légère,Deux véhicules - côté,,,,,,,,,,,1,2,1,2,3
200700010579,0007-02-04 11:35:00,7,2,4,11,35,850,194,"15, JAURES (AVENUE JEAN)",,,Plein jour,En agglomération,Hors intersection,Normale,Autre collision,,,,,,,,,,,1,2,1,1,6
200700010580,0007-02-05 14:40:00,7,2,5,14,40,850,194,"27, LECLERC (RUE DU MARE",,,Plein jour,En agglomération,Hors intersection,Normale,Autre collision,,,,,,,,,,,1,2,1,1,6
200700010581,0007-02-25 00:55:00,7,2,25,0,55,850,194,"102, GAULLE (RUE CHARLES",,,Nuit sans éclairage public,En agglomération,Hors intersection,Pluie légère,Deux véhicules - arrière,,,,,,,,,,,3,2,1,2,2
200700010582,0007-02-27 20:40:00,7,2,27,20,40,850,194,"33, CASTELNEAU (BOULEVAR",,,Nuit avec éclairage allumé,En agglomération,Hors intersection,Pluie légère,Autre collision,,,,,,,,,,,5,2,1,2,6
200700010583,0007-02-01 08:15:00,7,2,1,8,15,860,66,CD 1,,,Plein jour,En agglomération,Hors intersection,Normale,Deux véhicules - côté,,,,,,,,,,,1,2,1,1,3
200700010584,0007-02-01 06:25:00,7,2,1,6,25,860,214,ROCADE SUD EST (RD 162),,,Nuit avec éclairage allumé,En agglomération,Hors intersection,Normale,Sans collision,,,,,,,,,,,5,2,1,1,7
200700010585,0007-02-01 07:35:00,7,2,1,7,35,860,194,"87, FAUBOURG DE LA CUEIL",,,Nuit avec éclairage allumé,En agglomération,Intersection en T,Normale,Deux véhicules - frontale,,,,,,,,,,,5,2,3,1,1
200700010586,0007-02-01 15:00:00,7,2,1,15,0,860,158,"5, PETIT BOIS (RUE DU)",,,Plein jour,Hors agglomération,Hors intersection,Normale,Deux véhicules - frontale,,,,,,,,,,,1,1,1,1,1
200700010587,0007-02-04 17:45:00,7,2,4,17,45,860,194,EUROPE (AVENUE DE L'),,,Nuit avec éclairage allumé,En agglomération,Intersection en T,Normale,Deux véhicules - côté,,,,,,,,,,,5,2,3,1,3
200700010588,0007-02-02 18:10:00,7,2,2,18,10,860,194,NANTES (AVENUE DE) DU 1,,,Crépuscule ou aube,En agglomération,Hors intersection,Normale,Autre collision,,,,,,,,,,,2,2,1,1,6
200700010589,0007-02-02 22:30:00,7,2,2,22,30,860,194,JEAN DE BERRY (PLACE),,,Nuit avec éclairage allumé,En agglomération,Intersection en X,Normale,Deux véhicules - côté,,,,,,,,,,,5,2,2,1,3
200700010590,0007-02-04 16:30:00,7,2,4,16,30,860,194,DOLTO FRANCOISE (RUE),,,Plein jour,En agglomération,Intersection en X,Normale,Deux véhicules - frontale,,,,,,,,,,,1,2,2,1,1
200700010591,0007-02-06 15:15:00,7,2,6,15,15,860,214,ROCADE SUD EST (RD 162),,,Plein jour,En agglomération,Intersection en X,Normale,Deux véhicules - frontale,,,,,,,,,,,1,2,2,1,1
200700010592,0007-02-07 15:55:00,7,2,7,15,55,860,194,"., CHAUMONT (RUE DE)",,,Plein jour,En agglomération,Intersection en X,Normale,Deux véhicules - frontale,,,,,,,,,,,1,2,2,1,1
200700010593,0007-02-10 11:20:00,7,2,10,11,20,860,194,"20, MARECHAL LECLERC (PL",,,Plein jour,En agglomération,Place,Normale,Autre collision,,,,,,,,,,,1,2,7,1,6
200700010594,0007-02-11 03:35:00,7,2,11,3,35,860,194,"53, GRAND CERF (BOULEVAR",,,Nuit avec éclairage allumé,En agglomération,Hors intersection,Pluie forte,Autre collision,,,,,,,,,,,5,2,1,3,6
200700010595,0007-02-13 20:35:00,7,2,13,20,35,860,194,11 NOVEMBRE (AVENUE DU),,,Nuit avec éclairage allumé,En agglomération,Intersection en X,Temps couvert,Autre collision,,,,,,,,,,,5,2,2,8,6
200700010596,0007-02-14 09:45:00,7,2,14,9,45,860,41,"6, CAMILLE GIRAULT (RUE)",,,Plein jour,En agglomération,Hors intersection,Normale,Autre collision,,,,,,,,,,,1,2,1,1,6
200700010597,0007-02-15 17:15:00,7,2,15,17,15,860,214,GENCAY (ROUTE DE),,,Plein jour,Hors agglomération,Hors intersection,Normale,Deux véhicules - arrière,,,,,,,,,,,1,1,1,1,2
200700010598,0007-02-16 17:50:00,7,2,16,17,50,860,194,"., MILETRIE (RUE DE LA)",,,Plein jour,En agglomération,Hors intersection,Normale,Deux véhicules - arrière,,,,,,,,,,,1,2,1,1,2
200700010599,0007-02-17 12:55:00,7,2,17,12,55,860,194,RN 147,,,Plein jour,Hors agglomération,Hors intersection,Normale,Autre collision,,,,,,,,,,,1,1,1,1,6
200700010600,0007-02-18 20:00:00,7,2,18,20,0,860,194,"10, MAILLOCHON (RUE DE)",,,Nuit avec éclairage allumé,En agglomération,Hors intersection,Normale,Autre collision,,,,,,,,,,,5,2,1,1,6
200700010601,0007-02-19 11:15:00,7,2,19,11,15,860,158,RN.149,,,Plein jour,Hors agglomération,Hors intersection,Normale,Deux véhicules - arrière,,,,,,,,,,,1,1,1,1,2
200700010602,0007-02-20 19:25:00,7,2,20,19,25,860,214,"100, LIGUGE (ROUTE DE)",,,Nuit sans éclairage public,En agglomération,Hors intersection,Normale,Sans collision,,,,,,,,,,,3,2,1,1,7
200700010603,0007-02-21 16:05:00,7,2,21,16,5,860,214,"229, GENCAY (ROUTE DE)",,,Plein jour,En agglomération,Intersection en X,Normale,Autre collision,,,,,,,,,,,1,2,2,1,6
200700010604,0007-02-02 16:41:00,7,2,2,16,41,870,85,"26, BARBES (RUE ARMAND)",,,Plein jour,En agglomération,Intersection en X,Normale,Deux véhicules - côté,,,,,,,,,,,1,2,2,1,3
200700010605,0007-02-03 08:41:00,7,2,3,8,41,870,85,AUTOROUTE A20,,,Plein jour,Hors agglomération,Hors intersection,Normale,Autre collision,,,,,,,,,,,1,1,1,1,6
200700010606,0007-02-03 15:15:00,7,2,3,15,15,870,85,"71, GARIBALDI (AVENUE)",,,Plein jour,En agglomération,Hors intersection,Normale,Autre collision,,,,,,,,,,,1,2,1,1,6
200700010607,0007-02-04 00:22:00,7,2,4,0,22,870,85,"233, LECLERC (AVENUE DU",,,Nuit avec éclairage allumé,En agglomération,Hors intersection,Normale,Autre collision,,,,,,,,,,,5,2,1,1,6
200700010608,0007-02-04 18:45:00,7,2,4,18,45,870,85,"3, FOUGERAS (RUE DE)",,,Nuit avec éclairage allumé,En agglomération,Intersection en X,Normale,Deux véhicules - côté,,,,,,,,,,,5,2,2,1,3
200700010609,0007-02-05 11:55:00,7,2,5,11,55,870,85,"19, CRUVEILHER (RUE)",,,Plein jour,En agglomération,Autre intersection,Normale,Autre collision,,,,,,,,,,,1,2,9,1,6
200700010610,0007-02-05 18:30:00,7,2,5,18,30,870,85,"90, SAINT MARTIAL (QUAI)",,,Nuit avec éclairage allumé,En agglomération,Intersection en X,Pluie légère,Deux véhicules - côté,,,,,,,,,,,5,2,2,2,3
200700010611,0007-02-06 07:45:00,7,2,6,7,45,870,85,"132, DUTREIX (RUE ARMAND",,,Nuit avec éclairage allumé,En agglomération,Hors intersection,Pluie légère,Deux véhicules - côté,,,,,,,,,,,5,2,1,2,3
200700010612,0007-02-07 18:37:00,7,2,7,18,37,870,85,"7, SAINT ELOI (AVENUE)",,,Nuit avec éclairage allumé,En agglomération,Hors intersection,Normale,Deux véhicules - côté,,,,,,,,,,,5,2,1,1,3
200700010613,0007-02-08 05:20:00,7,2,8,5,20,870,114,PRESSEMANE (AVENUE ADRIE,,,Nuit sans éclairage public,En agglomération,Hors intersection,Pluie légère,Autre collision,,,,,,,,,,,3,2,1,2,6
200700010614,0007-02-08 14:50:00,7,2,8,14,50,870,65,MAS GAUTHIER (LIEU DIT),,,Plein jour,En agglomération,Hors intersection,Pluie légère,Autre collision,,,,,,,,,,,1,2,1,2,6
200700010615,0007-02-08 17:40:00,7,2,8,17,40,870,65,VALIN (AVENUE MARTIAL),,,Plein jour,En agglomération,Hors intersection,Pluie légère,Autre collision,,,,,,,,,,,1,2,1,2,6
200700010616,0007-02-08 20:39:00,7,2,8,20,39,870,85,"7, CARMES (PLACE DES)",,,Nuit avec éclairage allumé,En agglomération,Hors intersection,Normale,Autre collision,,,,,,,,,,,5,2,1,1,6
200700010617,0007-02-09 17:55:00,7,2,9,17,55,870,85,VALOINE (BOULEVARD DE LA,,,Plein jour,En agglomération,Hors intersection,Pluie légère,Trois véhicules et plus - en chaîne,,,,,,,,,,,1,2,1,2,4
200700010618,0007-02-10 08:18:00,7,2,10,8,18,870,65,"2, MALINVAUD (CARREFOUR",,,Plein jour,En agglomération,Hors intersection,Pluie légère,Autre collision,,,,,,,,,,,1,2,1,2,6
200700010619,0007-02-10 14:05:00,7,2,10,14,5,870,113,GIRAUDOUX (AVENUE JEAN),,,Plein jour,Hors agglomération,Hors intersection,Pluie légère,Autre collision,,,,,,,,,,,1,1,1,2,6
200700010620,0007-02-10 16:10:00,7,2,10,16,10,870,85,AUTOROUTE A20,,,Plein jour,Hors agglomération,Hors intersection,Pluie légère,Autre collision,,,,,,,,,,,1,1,1,2,6
200700010621,0007-02-10 18:25:00,7,2,10,18,25,870,85,"42, MAS-GIGOU (RUE DU)",,,Nuit sans éclairage public,En agglomération,Hors intersection,Pluie légère,Autre collision,,,,,,,,,,,3,2,1,2,6
200700010622,0007-02-11 06:42:00,7,2,11,6,42,870,75,RN 21,,,Crépuscule ou aube,Hors agglomération,Hors intersection,Pluie légère,Autre collision,,,,,,,,,,,2,1,1,2,6
200700010623,0007-02-13 08:05:00,7,2,13,8,5,870,85,MONTARAUDS (RUE DES),,,Plein jour,En agglomération,Hors intersection,Normale,Autre collision,,,,,,,,,,,1,2,1,1,6
200700010624,0007-02-14 21:00:00,7,2,14,21,0,870,113,"6, MITTERRAND (AVENUE FR",,,Nuit avec éclairage non allumé,En agglomération,Hors intersection,Pluie légère,Autre collision,,,,,,,,,,,4,2,1,2,6
200700010625,0007-02-15 07:58:00,7,2,15,7,58,870,48,VC 7,,,Plein jour,Hors agglomération,Hors intersection,Normale,Autre collision,,,,,,,,,,,1,1,1,1,6
200700010626,0007-02-15 15:15:00,7,2,15,15,15,870,85,"1, LEGENDRE (RUE CHARLES",,,Plein jour,En agglomération,Hors intersection,Normale,Autre collision,,,,,,,,,,,1,2,1,1,6
200700010627,0007-02-17 10:05:00,7,2,17,10,5,870,113,"37, JAURES (RUE JEAN)",,,Plein jour,En agglomération,Hors intersection,Normale,Deux véhicules - arrière,,,,,,,,,,,1,2,1,1,2
200700010628,0007-02-19 13:58:00,7,2,19,13,58,870,75,VC 20,,,Plein jour,Hors agglomération,Intersection en X,Normale,Deux véhicules - côté,,,,,,,,,,,1,1,2,1,3
200700010629,0007-02-20 16:34:00,7,2,20,16,34,870,85,"34, LIBERATION (AVENUE D",,,Plein jour,En agglomération,Hors intersection,Normale,Autre collision,,,,,,,,,,,1,2,1,1,6
200700010630,0007-02-21 08:10:00,7,2,21,8,10,870,85,"50, ISLE (RUE D')",,,Plein jour,En agglomération,Hors intersection,Pluie légère,Deux véhicules - arrière,,,,,,,,,,,1,2,1,2,2
200700010631,0007-02-21 16:59:00,7,2,21,16,59,870,85,"39, PECHIERAS (RUE RENE)",,,Plein jour,En agglomération,Intersection en X,Normale,Deux véhicules - côté,,,,,,,,,,,1,2,2,1,3
200700010632,0007-02-22 12:30:00,7,2,22,12,30,870,85,"48, GAY-LUSSAC (COURS)",,,Plein jour,En agglomération,Intersection en X,Normale,Autre collision,,,,,,,,,,,1,2,2,1,6
200700010633,0007-02-22 17:30:00,7,2,22,17,30,870,113,"12, PASTEUR (RUE)",,,Plein jour,En agglomération,Intersection en T,Pluie légère,Deux véhicules - arrière,,,,,,,,,,,1,2,3,2,2
200700010634,0007-02-22 17:27:00,7,2,22,17,27,870,85,"41, REVOLUTION (AVENUE D",,,Plein jour,En agglomération,Hors intersection,Normale,Autre collision,,,,,,,,,,,1,2,1,1,6
200700010635,0007-02-22 22:20:00,7,2,22,22,20,870,85,"7, CATROUX (RUE DU GENER",,,Nuit avec éclairage allumé,En agglomération,Hors intersection,Normale,Autre collision,,,,,,,,,,,5,2,1,1,6
200700010636,0007-02-22 18:20:00,7,2,22,18,20,870,85,"275, PERRIN (RUE FRANCOI",,,Plein jour,En agglomération,Hors intersection,Normale,Trois véhicules et plus - collisions multiples,,,,,,,,,,,1,2,1,1,5
200700010637,0007-02-23 08:20:00,7,2,23,8,20,870,85,"57, REVOLUTION (AVENUE D",,,Plein jour,En agglomération,Hors intersection,Normale,Autre collision,,,,,,,,,,,1,2,1,1,6
200700010638,0007-02-23 11:00:00,7,2,23,11,0,870,85,"117, PERRIN (RUE FRANCOI",,,Plein jour,En agglomération,Hors intersection,Normale,Deux véhicules - frontale,,,,,,,,,,,1,2,1,1,1
200700010639,0007-02-24 13:09:00,7,2,24,13,9,870,85,"50, SAINT MARTIAL (QUAI)",,,Plein jour,En agglomération,Hors intersection,Normale,Autre collision,,,,,,,,,,,1,2,1,1,6
200700010640,0007-02-24 19:59:00,7,2,24,19,59,870,85,"55, TUILIERES (RUE DES)",,,Nuit avec éclairage allumé,En agglomération,Hors intersection,Pluie légère,Deux véhicules - arrière,,,,,,,,,,,5,2,1,2,2
200700010641,0007-02-25 09:05:00,7,2,25,9,5,870,85,"1, TOURNY (CARREFOUR)",,,Plein jour,En agglomération,Hors intersection,Pluie légère,Deux véhicules - côté,,,,,,,,,,,1,2,1,2,3
200700010642,0007-02-25 18:33:00,7,2,25,18,33,870,65,AUTOROUTE A20,,,Nuit sans éclairage public,Hors agglomération,Hors intersection,Pluie légère,Deux véhicules - arrière,,,,,,,,,,,3,1,1,2,2
200700010643,0007-02-26 09:28:00,7,2,26,9,28,870,50,RN520 (COUZEIX),,,Plein jour,Hors agglomération,Hors intersection,Normale,Deux véhicules - arrière,,,,,,,,,,,1,1,1,1,2
200700010644,0007-02-26 16:10:00,7,2,26,16,10,870,85,"8, SOIXANTE ET ONZIEME M",,,Plein jour,En agglomération,Intersection en X,Normale,Autre collision,,,,,,,,,,,1,2,2,1,6
200700010645,0007-02-27 23:14:00,7,2,27,23,14,870,75,BALEZY (ROUTE DE),,,Nuit avec éclairage allumé,En agglomération,Hors intersection,Pluie légère,Autre collision,,,,,,,,,,,5,2,1,2,6
200700010646,0007-02-28 16:31:00,7,2,28,16,31,870,85,AUTOROUTE A20,,,Plein jour,Hors agglomération,Hors intersection,Normale,Trois véhicules et plus - en chaîne,,,,,,,,,,,1,1,1,1,4
200700010647,0007-02-15 17:00:00,7,2,15,17,0,880,160,"49, KENNEDY (AV. PRESIDE",,,Plein jour,En agglomération,Hors intersection,Normale,Autre collision,,,,,,,,,,,1,2,1,1,6
200700010648,0007-02-02 07:15:00,7,2,2,7,15,880,160,"46, DOGNEVILLE (Q. DE)",,,Nuit avec éclairage allumé,En agglomération,Giratoire,Normale,Autre collision,,,,,,,,,,,5,2,6,1,6
200700010649,0007-02-28 19:05:00,7,2,28,19,5,880,87,"1, FORGES (RUE DES)",,,Nuit avec éclairage allumé,En agglomération,Hors intersection,Pluie légère,Autre collision,,,,,,,,,,,5,2,1,2,6
200700010650,0007-02-18 14:15:00,7,2,18,14,15,880,429,D 157,,,Plein jour,Hors agglomération,Intersection en Y,Normale,Deux véhicules - arrière,,,,,,,,,,,1,1,4,1,2
200700010651,0007-02-13 04:45:00,7,2,13,4,45,880,428,"378, Route de RAMBERVILL",,,Nuit sans éclairage public,En agglomération,Hors intersection,Pluie forte,Autre collision,,,,,,,,,,,3,2,1,3,6
200700010652,0007-02-22 15:10:00,7,2,22,15,10,880,413,Travaileurs ( rue des ),,,Plein jour,En agglomération,Hors intersection,Normale,Deux véhicules - arrière,,,,,,,,,,,1,2,1,1,2
200700010653,0007-02-01 17:35:00,7,2,1,17,35,890,24,"00, PASTEUR (AVENUE)",,,Crépuscule ou aube,En agglomération,Intersection en X,Normale,Deux véhicules - arrière,,,,,,,,,,,2,2,2,1,2
200700010654,0007-02-09 17:00:00,7,2,9,17,0,890,24,"00, CHARLES DE GAULLE (A",,,Plein jour,En agglomération,Hors intersection,Normale,Trois véhicules et plus - en chaîne,,,,,,,,,,,1,2,1,1,4
200700010655,0007-02-15 00:01:00,7,2,15,0,1,890,24,"17, VAUBAN (BOULEVARD) N",,,Nuit avec éclairage allumé,Hors agglomération,Intersection en X,Normale,Deux véhicules - frontale,,,,,,,,,,,5,1,2,1,1
200700010656,0007-02-15 17:40:00,7,2,15,17,40,890,24,"00, FAIDHERBE (RUE)",,,Plein jour,En agglomération,Hors intersection,Normale,Autre collision,,,,,,,,,,,1,2,1,1,6
200700010657,0007-02-26 06:40:00,7,2,26,6,40,890,24,"00, HOCHE (AVENUE)",,,Nuit avec éclairage allumé,En agglomération,Intersection en X,Pluie légère,Deux véhicules - côté,,,,,,,,,,,5,2,2,2,3
200700010658,0007-02-27 19:15:00,7,2,27,19,15,890,24,"00, EGLENY (RUE D')",,,Nuit avec éclairage allumé,En agglomération,Intersection en X,Pluie légère,Autre collision,,,,,,,,,,,5,2,2,2,6
200700010659,0007-02-05 18:30:00,7,2,5,18,30,890,24,"00, LAVOISIER (ALLEE)",,,Nuit avec éclairage allumé,En agglomération,Hors intersection,Pluie légère,Autre collision,,,,,,,,,,,5,2,1,2,6
200700010660,0007-02-02 20:10:00,7,2,2,20,10,890,387,"0, ROUTE NATIONALE 6",,,Nuit sans éclairage public,Hors agglomération,Hors intersection,Pluie légère,Deux véhicules - arrière,,,,,,,,,,,3,1,1,2,2
200700010661,0007-02-08 11:30:00,7,2,8,11,30,890,387,"0, MAIL (BOULEVARD DU)",,,Plein jour,En agglomération,Hors intersection,Pluie légère,Autre collision,,,,,,,,,,,1,2,1,2,6
200700010662,0007-02-18 04:30:00,7,2,18,4,30,890,387,"0, KENNEDY (BOULEVARD)",,,Nuit avec éclairage allumé,En agglomération,Hors intersection,Normale,Sans collision,,,,,,,,,,,5,2,1,1,7
200700010663,0007-02-27 19:05:00,7,2,27,19,5,890,387,", BARBIER (ROND POINT)",,,Nuit avec éclairage allumé,En agglomération,Giratoire,Pluie légère,Deux véhicules - côté,,,,,,,,,,,5,2,6,2,3