accident_id,datetime,annee,mois,jour,heure,minute,departement,commune_insee,adresse,latitude,longitude,luminosite,agglomeration,intersection,meteo,collision,nb_vehicules,nb_usagers,nb_indemnes,nb_tues,nb_blesses_hosp,nb_blesses_legers,age_cond_1,age_cond_2,veh_type_cond_1,veh_type_cond_2,lum_code,agg_code,int_code,atm_code,col_code
200700010664,0007-02-04 15:40:00,7,2,4,15,40,900,10,"1, VAUBAN (QUAI)",,,Plein jour,En agglomération,Intersection en T,Normale,Trois véhicules et plus - en chaîne,,,,,,,,,,,1,2,3,1,4
200700010665,0007-02-05 07:55:00,7,2,5,7,55,900,10,"1, MAGASIN (QUAI DU)",,,Plein jour,En agglomération,Intersection en T,Normale,Deux véhicules - côté,,,,,,,,,,,1,2,3,1,3
200700010666,0007-02-08 17:30:00,7,2,8,17,30,900,32,DE GAULLE (RUE DU GENERA,,,Crépuscule ou aube,En agglomération,Hors intersection,Normale,Deux véhicules - côté,,,,,,,,,,,2,2,1,1,3
200700010667,0007-02-08 14:10:00,7,2,8,14,10,900,10,"1, VOLTAIRE (RUE)",,,Plein jour,En agglomération,Intersection en X,Temps couvert,Autre collision,,,,,,,,,,,1,2,2,8,6
200700010668,0007-02-22 16:00:00,7,2,22,16,0,900,10,"22, MIELLET (AVENUE)",,,Plein jour,En agglomération,Intersection en X,Normale,Deux véhicules - côté,,,,,,,,,,,1,2,2,1,3
200700010669,0007-02-26 16:10:00,7,2,26,16,10,900,10,"17, FRANCE BOULEVARD ANA",,,Plein jour,En agglomération,Hors intersection,Pluie légère,Deux véhicules - arrière,,,,,,,,,,,1,2,1,2,2
200700010670,0007-02-28 16:00:00,7,2,28,16,0,900,10,"62, MONTBELIARD (FAUBOUR",,,Plein jour,En agglomération,Hors intersection,Pluie forte,Autre collision,,,,,,,,,,,1,2,1,3,6
200700010671,0007-02-06 08:10:00,7,2,6,8,10,910,103,BRANLY EDOUARD (AVENUE),,,Plein jour,En agglomération,Intersection en X,Normale,Deux véhicules - côté,,,,,,,,,,,1,2,2,1,3
200700010672,0007-02-14 12:50:00,7,2,14,12,50,910,27,"150, MITTERAND (AVENUE F",,,Plein jour,En agglomération,Hors intersection,Pluie légère,Autre collision,,,,,,,,,,,1,2,1,2,6
200700010673,0007-02-08 16:50:00,7,2,8,16,50,910,514,CD 33,,,Plein jour,En agglomération,Hors intersection,Normale,Trois véhicules et plus - en chaîne,,,,,,,,,,,1,2,1,1,4
200700010674,0007-02-16 08:05:00,7,2,16,8,5,910,215,CHARLES GOUNOD (AVENUE),,,Plein jour,En agglomération,Hors intersection,Normale,Autre collision,,,,,,,,,,,1,2,1,1,6
200700010675,0007-02-23 16:05:00,7,2,23,16,5,910,97,CHENES (PLACE DES),,,Plein jour,En agglomération,Hors intersection,Temps couvert,Deux véhicules - côté,,,,,,,,,,,1,2,1,8,3
200700010676,0007-02-02 18:30:00,7,2,2,18,30,910,174,"78, FONTAINEBLEAU (BD)",,,Nuit avec éclairage allumé,En agglomération,Hors intersection,Pluie légère,Deux véhicules - arrière,,,,,,,,,,,5,2,1,2,2
200700010677,0007-02-10 16:55:00,7,2,10,16,55,910,174,"88, JOHN KENNEDY (BOULEV",,,Plein jour,En agglomération,Hors intersection,Normale,Autre collision,,,,,,,,,,,1,2,1,1,6
200700010678,0007-02-15 08:10:00,7,2,15,8,10,910,174,"0, SEINE(RUE DE)",,,Plein jour,En agglomération,Hors intersection,Normale,Autre collision,,,,,,,,,,,1,2,1,1,6
200700010679,0007-02-20 19:15:00,7,2,20,19,15,910,174,"0, FERAY ( rue )",,,Nuit avec éclairage allumé,En agglomération,Intersection en T,Normale,Autre collision,,,,,,,,,,,5,2,3,1,6
200700010680,0007-02-16 23:30:00,7,2,16,23,30,910,174,"0, JOHN KENNEDY (BOULEVA",,,Nuit avec éclairage allumé,En agglomération,Intersection en T,Normale,Deux véhicules - frontale,,,,,,,,,,,5,2,3,1,1
200700010681,0007-02-20 13:50:00,7,2,20,13,50,910,174,ST LAZARE(RUE DE),,,Plein jour,En agglomération,Hors intersection,Normale,Deux véhicules - côté,,,,,,,,,,,1,2,1,1,3
200700010682,0007-02-03 14:45:00,7,2,3,14,45,910,201,RIS (RUE DE),,,Plein jour,En agglomération,Hors intersection,Normale,Deux véhicules - arrière,,,,,,,,,,,1,2,1,1,2
200700010683,0007-02-05 18:15:00,7,2,5,18,15,910,201,DANTON(RUE),,,Plein jour,En agglomération,Intersection en T,Normale,Deux véhicules - côté,,,,,,,,,,,1,2,3,1,3
200700010684,0007-02-08 11:05:00,7,2,8,11,5,910,201,HENRI BARBUSSE(BOULEVARD,,,Plein jour,En agglomération,Hors intersection,Normale,Sans collision,,,,,,,,,,,1,2,1,1,7
200700010685,0007-02-10 14:30:00,7,2,10,14,30,910,657,FREDERIC JOLIOT CURIE (A,,,Plein jour,En agglomération,Hors intersection,Normale,Sans collision,,,,,,,,,,,1,2,1,1,7
200700010686,0007-02-13 09:00:00,7,2,13,9,0,910,201,HENRI BARBUSSE(BOULEVARD,,,Plein jour,En agglomération,Hors intersection,Normale,Deux véhicules - arrière,,,,,,,,,,,1,2,1,1,2
200700010687,0007-02-15 10:10:00,7,2,15,10,10,910,201,RIS (RUE DE),,,Plein jour,En agglomération,Hors intersection,Normale,Autre collision,,,,,,,,,,,1,2,1,1,6
200700010688,0007-02-15 10:30:00,7,2,15,10,30,910,657,CONCORDE (AVENUE),,,Plein jour,En agglomération,Intersection en X,Normale,Deux véhicules - côté,,,,,,,,,,,1,2,2,1,3
200700010689,0007-02-18 13:30:00,7,2,18,13,30,910,657,HENRI CHARON (AVENUE),,,Plein jour,En agglomération,Hors intersection,Normale,Sans collision,,,,,,,,,,,1,2,1,1,7
200700010690,0007-02-05 18:05:00,7,2,5,18,5,910,223,COQUERIVE (AVENUE DE),,,Plein jour,En agglomération,Hors intersection,Normale,Deux véhicules - côté,,,,,,,,,,,1,2,1,1,3
200700010691,0007-02-07 12:40:00,7,2,7,12,40,910,433,R.N. 20,,,Plein jour,En agglomération,Hors intersection,Normale,Deux véhicules - frontale,,,,,,,,,,,1,2,1,1,1
200700010692,0007-02-12 06:05:00,7,2,12,6,5,910,223,SAINT MICHEL (BOULEVARD),,,Nuit avec éclairage allumé,En agglomération,Hors intersection,Pluie légère,Sans collision,,,,,,,,,,,5,2,1,2,7
200700010693,0007-02-13 09:23:00,7,2,13,9,23,910,223,"17, MONTFAUCON (BOULEVAR",,,Plein jour,En agglomération,Hors intersection,Normale,Autre collision,,,,,,,,,,,1,2,1,1,6
200700010694,0007-02-18 21:25:00,7,2,18,21,25,910,469,VAUVERT (ROUTE DE) CD49,,,Nuit sans éclairage public,Hors agglomération,Hors intersection,Normale,Autre collision,,,,,,,,,,,3,1,1,1,6
200700010695,0007-02-28 06:40:00,7,2,28,6,40,910,223,C.D.836,,,Nuit sans éclairage public,Hors agglomération,Hors intersection,Pluie légère,Sans collision,,,,,,,,,,,3,1,1,2,7
200700010696,0007-02-02 12:37:00,7,2,2,12,37,910,228,"., LIBERTE (AVENUE DE LA",,,Plein jour,En agglomération,Hors intersection,Normale,Autre collision,,,,,,,,,,,1,2,1,1,6
200700010697,0007-02-22 12:30:00,7,2,22,12,30,910,228,"., NEEL (ROND POINT LOUI",,,Plein jour,En agglomération,Giratoire,Normale,Deux véhicules - côté,,,,,,,,,,,1,2,6,1,3
200700010698,0007-02-26 17:10:00,7,2,26,17,10,910,182,"., MARQUIS DE RAIES (RUE",,,Plein jour,Hors agglomération,Autre intersection,Normale,Deux véhicules - côté,,,,,,,,,,,1,1,9,1,3
200700010699,0007-02-10 21:00:00,7,2,10,21,0,910,326,"1, COUR DE FRANCE (AVENU",,,Nuit avec éclairage allumé,En agglomération,Hors intersection,Normale,Autre collision,,,,,,,,,,,5,2,1,1,6
200700010700,0007-02-22 10:50:00,7,2,22,10,50,910,434,CORBEIL (ROUTE DE),,,Plein jour,En agglomération,Hors intersection,Normale,Autre collision,,,,,,,,,,,1,2,1,1,6
200700010701,0007-02-07 17:20:00,7,2,7,17,20,910,161,"55, LONGJUMEAU (route de",,,Plein jour,En agglomération,Hors intersection,Normale,Trois véhicules et plus - en chaîne,,,,,,,,,,,1,2,1,1,4
200700010702,0007-02-04 05:15:00,7,2,4,5,15,910,689,"NEANT, PONT DE PIERRE (R",,,Nuit sans éclairage public,Hors agglomération,Hors intersection,Pluie légère,Sans collision,,,,,,,,,,,3,1,1,2,7
200700010703,0007-02-04 13:40:00,7,2,4,13,40,910,421,NATIONALE 6 (PARTIE FORE,,,Plein jour,Hors agglomération,Hors intersection,Normale,Deux véhicules - côté,,,,,,,,,,,1,1,1,1,3
200700010704,0007-02-08 05:35:00,7,2,8,5,35,910,691,RAYMOND POINCARE(RUE),,,Nuit sans éclairage public,En agglomération,Intersection en X,Pluie forte,Autre collision,,,,,,,,,,,3,2,2,3,6
200700010705,0007-02-09 08:30:00,7,2,9,8,30,910,691,"00, ABBAYE(RUE)",,,Plein jour,En agglomération,Hors intersection,Normale,Sans collision,,,,,,,,,,,1,2,1,1,7
200700010706,0007-02-12 00:45:00,7,2,12,0,45,910,191,ROND POINT,,,Nuit avec éclairage allumé,En agglomération,Giratoire,Pluie légère,Sans collision,,,,,,,,,,,5,2,6,2,7
200700010707,0007-02-12 17:30:00,7,2,12,17,30,910,191,JEAN JAURES (AVENUE),,,Plein jour,En agglomération,Intersection en X,Normale,Deux véhicules - côté,,,,,,,,,,,1,2,2,1,3
200700010708,0007-02-18 07:20:00,7,2,18,7,20,910,421,REPUBLIQUE (AVENUE DE LA,,,Plein jour,En agglomération,Intersection en X,Normale,Deux véhicules - côté,,,,,,,,,,,1,2,2,1,3
200700010709,0007-02-23 13:40:00,7,2,23,13,40,910,191,JEAN JAURES (AVENUE),,,Plein jour,En agglomération,Hors intersection,Normale,Sans collision,,,,,,,,,,,1,2,1,1,7
200700010710,0007-02-28 12:45:00,7,2,28,12,45,910,691,"06, CONCY(RUE)",,,Plein jour,En agglomération,Hors intersection,Normale,Deux véhicules - côté,,,,,,,,,,,1,2,1,1,3
200700010711,0007-02-28 19:35:00,7,2,28,19,35,910,421,VIGNEUX (AVENUE),,,Nuit avec éclairage allumé,En agglomération,Hors intersection,Normale,Sans collision,,,,,,,,,,,5,2,1,1,7
200700010712,0007-02-02 10:30:00,7,2,2,10,30,910,122,CHARLES DE GAULLE(RUE),,,Plein jour,En agglomération,Intersection en X,Normale,Deux véhicules - côté,,,,,,,,,,,1,2,2,1,3
200700010713,0007-02-04 12:10:00,7,2,4,12,10,910,645,VALLEE DE LA BIEVRES (VO,,,Plein jour,En agglomération,Hors intersection,Normale,Deux véhicules - côté,,,,,,,,,,,1,2,1,1,3
200700010714,0007-02-01 16:30:00,7,2,1,16,30,910,477,"0, BARA (BOULEVARD)",,,Plein jour,En agglomération,Intersection en T,Normale,Autre collision,,,,,,,,,,,1,2,3,1,6
200700010715,0007-02-07 11:35:00,7,2,7,11,35,910,477,CD 36,,,Plein jour,Hors agglomération,Hors intersection,Pluie légère,Deux véhicules - frontale,,,,,,,,,,,1,1,1,2,1
200700010716,0007-02-07 18:30:00,7,2,7,18,30,910,471,MONTHLERY (ROUTE DE),,,Nuit avec éclairage allumé,En agglomération,Intersection en T,Normale,Deux véhicules - frontale,,,,,,,,,,,5,2,3,1,1
200700010717,0007-02-26 08:50:00,7,2,26,8,50,910,692,OCEANIE (AVENUE DE L'),,,Plein jour,Hors agglomération,Hors intersection,Normale,Deux véhicules - arrière,,,,,,,,,,,1,1,1,1,2
200700010718,0007-02-26 11:15:00,7,2,26,11,15,910,692,"0, AVENUE DU HOGGAR",,,Plein jour,Hors agglomération,Intersection en T,Normale,Deux véhicules - frontale,,,,,,,,,,,1,1,3,1,1
200700010719,0007-02-13 08:35:00,7,2,13,8,35,910,692,"0, BERRY (AVENUE DU)",,,Plein jour,En agglomération,Giratoire,Normale,Autre collision,,,,,,,,,,,1,2,6,1,6
200700010720,0007-02-02 18:08:00,7,2,2,18,8,910,570,"1, SAINT SAENS (RUE)",,,Nuit avec éclairage allumé,En agglomération,Hors intersection,Normale,Autre collision,,,,,,,,,,,5,2,1,1,6
200700010721,0007-02-16 08:05:00,7,2,16,8,5,910,549,"1, SAINT MICHEL (BOULEVA",,,Plein jour,En agglomération,Intersection en X,Normale,Deux véhicules - côté,,,,,,,,,,,1,2,2,1,3
200700010722,0007-02-23 09:30:00,7,2,23,9,30,910,549,ANTOINE ROCCA (RUE),,,Plein jour,En agglomération,Hors intersection,Normale,Deux véhicules - arrière,,,,,,,,,,,1,2,1,1,2
200700010723,0007-02-03 15:20:00,7,2,3,15,20,920,2,MAURICE LABROUSSE (RUE),,,Plein jour,En agglomération,Intersection en X,Normale,Autre collision,,,,,,,,,,,1,2,2,1,6
200700010724,0007-02-07 10:50:00,7,2,7,10,50,920,2,"., ARISTIDE BRIAND (AVEN",,,Plein jour,En agglomération,Intersection en T,Normale,Autre collision,,,,,,,,,,,1,2,3,1,6
200700010725,0007-02-07 18:45:00,7,2,7,18,45,920,2,"43, ARISTIDE BRIAND (AVE",,,Nuit avec éclairage allumé,En agglomération,Hors intersection,Normale,Autre collision,,,,,,,,,,,5,2,1,1,6
200700010726,0007-02-10 17:10:00,7,2,10,17,10,920,2,"., ARISTIDE BRIAND (AVEN",,,Plein jour,En agglomération,Intersection en T,Normale,Deux véhicules - côté,,,,,,,,,,,1,2,3,1,3
200700010727,0007-02-10 17:50:00,7,2,10,17,50,920,2,"., ARMAND GUILLEBAUD (AV",,,Crépuscule ou aube,En agglomération,Intersection en T,Temps couvert,Deux véhicules - arrière,,,,,,,,,,,2,2,3,8,2
200700010728,0007-02-13 17:10:00,7,2,13,17,10,920,14,"102, GENERAL LECLERC (AV",,,Plein jour,En agglomération,Hors intersection,Normale,Autre collision,,,,,,,,,,,1,2,1,1,6
200700010729,0007-02-14 08:15:00,7,2,14,8,15,920,2,"., ARISTIDE BRIAND (AVEN",,,Plein jour,En agglomération,Intersection en X,Pluie forte,Deux véhicules - côté,,,,,,,,,,,1,2,2,3,3
200700010730,0007-02-17 18:27:00,7,2,17,18,27,920,2,"99, MUTUALITE (RUE DE LA",,,Nuit avec éclairage non allumé,En agglomération,Intersection en T,Normale,Autre collision,,,,,,,,,,,4,2,3,1,6
200700010731,0007-02-17 19:45:00,7,2,17,19,45,920,2,"7, LEON JOUHAUX (AVENUE)",,,Nuit avec éclairage allumé,En agglomération,Intersection en T,Normale,Autre collision,,,,,,,,,,,5,2,3,1,6
200700010732,0007-02-18 00:35:00,7,2,18,0,35,920,14,"7, MONTROUGE (AVENUE DE)",,,Nuit avec éclairage allumé,En agglomération,Hors intersection,Normale,Autre collision,,,,,,,,,,,5,2,1,1,6
200700010733,0007-02-20 16:20:00,7,2,20,16,20,920,2,DIVISION LECLERC (31 A 5,,,Plein jour,En agglomération,Intersection en X,Normale,Autre collision,,,,,,,,,,,1,2,2,1,6
200700010734,0007-02-01 16:55:00,7,2,1,16,55,920,4,"NR, GABRIEL PERI (AVE )",,,Plein jour,En agglomération,Hors intersection,Normale,Autre collision,,,,,,,,,,,1,2,1,1,6
200700010735,0007-02-01 18:15:00,7,2,1,18,15,920,4,GABRIEL PERI (AVE ),,,Crépuscule ou aube,En agglomération,Hors intersection,Normale,Autre collision,,,,,,,,,,,2,2,1,1,6
200700010736,0007-02-03 09:25:00,7,2,3,9,25,920,4,"NR, AULAGNIER ( QUAI )",,,Plein jour,En agglomération,Hors intersection,Normale,Deux véhicules - arrière,,,,,,,,,,,1,2,1,1,2
200700010737,0007-02-01 19:25:00,7,2,1,19,25,920,4,"174, BOURGUIGNONS ( RUE",,,Nuit avec éclairage allumé,En agglomération,Hors intersection,Normale,Autre collision,,,,,,,,,,,5,2,1,1,6
200700010738,0007-02-05 15:00:00,7,2,5,15,0,920,4,"NR, PIERRE BROSSOLETTE",,,Plein jour,En agglomération,Intersection en T,Normale,Deux véhicules - côté,,,,,,,,,,,1,2,3,1,3
200700010739,0007-02-05 18:25:00,7,2,5,18,25,920,4,CHATEAU ( RUE DU ),,,Crépuscule ou aube,En agglomération,Intersection en X,Normale,Autre collision,,,,,,,,,,,2,2,2,1,6
200700010740,0007-02-07 11:15:00,7,2,7,11,15,920,4,"NR, MARNE   ( AVENUE DE",,,Plein jour,En agglomération,Intersection en T,Pluie légère,Autre collision,,,,,,,,,,,1,2,3,2,6
200700010741,0007-02-08 14:45:00,7,2,8,14,45,920,4,"82, VOLTAIRE ( BD )",,,Plein jour,En agglomération,Intersection en X,Normale,Autre collision,,,,,,,,,,,1,2,2,1,6
200700010742,0007-02-12 13:20:00,7,2,12,13,20,920,4,"15, COLOMBES (RUE DE 1 A",,,Plein jour,En agglomération,Intersection en X,Normale,Autre collision,,,,,,,,,,,1,2,2,1,6
200700010743,0007-02-12 21:25:00,7,2,12,21,25,920,4,"9, GRESILLONS ( AVENUE D",,,Nuit avec éclairage allumé,En agglomération,Hors intersection,Pluie légère,Deux véhicules - côté,,,,,,,,,,,5,2,1,2,3
200700010744,0007-02-21 20:30:00,7,2,21,20,30,920,9,CHARLES-DE-GAULLE ( AVEN,,,Nuit avec éclairage allumé,En agglomération,Intersection en X,Normale,Autre collision,,,,,,,,,,,5,2,2,1,6
200700010745,0007-02-21 19:10:00,7,2,21,19,10,920,4,"28, REDOUTE ( AVENUE DE",,,Nuit avec éclairage allumé,En agglomération,Intersection en X,Normale,Autre collision,,,,,,,,,,,5,2,2,1,6
200700010746,0007-02-25 17:00:00,7,2,25,17,0,920,4,"NR, CLAUDE BERNARD ( AVE",,,Plein jour,En agglomération,Hors intersection,Normale,Autre collision,,,,,,,,,,,1,2,1,1,6
200700010747,0007-02-27 20:40:00,7,2,27,20,40,920,4,"93, COLOMBES ( RUE DE 31",,,Nuit avec éclairage allumé,En agglomération,Hors intersection,Pluie légère,Deux véhicules - côté,,,,,,,,,,,5,2,1,2,3
200700010748,0007-02-28 20:50:00,7,2,28,20,50,920,4,VOLTAIRE  ( PLACE ),,,Nuit avec éclairage allumé,En agglomération,Hors intersection,Normale,Autre collision,,,,,,,,,,,5,2,1,1,6
200700010749,0007-02-02 18:30:00,7,2,2,18,30,920,7,"39, PASTEUR (AVENUE LOUI",,,Nuit avec éclairage allumé,En agglomération,Intersection en X,Pluie légère,Deux véhicules - côté,,,,,,,,,,,5,2,2,2,3
200700010750,0007-02-12 16:45:00,7,2,12,16,45,920,7,"11, PASTEUR (AVENUE LOUI",,,Crépuscule ou aube,En agglomération,Hors intersection,Pluie forte,Autre collision,,,,,,,,,,,2,2,1,3,6
200700010751,0007-02-20 08:15:00,7,2,20,8,15,920,7,"-, MEUNIERS (RUE DES)",,,Plein jour,En agglomération,Intersection en X,Normale,Deux véhicules - côté,,,,,,,,,,,1,2,2,1,3
200700010752,0007-02-22 14:10:00,7,2,22,14,10,920,7,"-, PLUCHET (RUE ALPHONSE",,,Plein jour,En agglomération,Intersection en T,Normale,Deux véhicules - côté,,,,,,,,,,,1,2,3,1,3
200700010753,0007-02-01 20:00:00,7,2,1,20,0,920,19,"301, DIVISION LECLERC (A",,,Nuit avec éclairage allumé,En agglomération,Hors intersection,Normale,Autre collision,,,,,,,,,,,5,2,1,1,6
200700010754,0007-02-08 21:40:00,7,2,8,21,40,920,19,ALLEMANE JEAN (PLACE),,,Nuit avec éclairage allumé,En agglomération,Place,Pluie légère,Deux véhicules - côté,,,,,,,,,,,5,2,7,2,3
200700010755,0007-02-09 20:15:00,7,2,9,20,15,920,32,PERRIN JEAN (AVENUE),,,Nuit avec éclairage allumé,En agglomération,Intersection en X,Pluie forte,Deux véhicules - côté,,,,,,,,,,,5,2,2,3,3
200700010756,0007-02-10 13:10:00,7,2,10,13,10,920,19,DIVISION LECLERC (AVENUE,,,Plein jour,En agglomération,Hors intersection,Normale,Trois véhicules et plus - collisions multiples,,,,,,,,,,,1,2,1,1,5
200700010757,0007-02-11 18:40:00,7,2,11,18,40,920,32,"02, PETIT ANTOINE (RUE)",,,Nuit avec éclairage allumé,En agglomération,Hors intersection,Temps couvert,Autre collision,,,,,,,,,,,5,2,1,8,6
200700010758,0007-02-19 05:35:00,7,2,19,5,35,920,32,LOMBARD (AVENUE),,,Nuit avec éclairage allumé,En agglomération,Place,Brouillard / fumée,Autre collision,,,,,,,,,,,5,2,7,5,6
200700010759,0007-02-20 15:50:00,7,2,20,15,50,920,71,"186, HOUDAN (RUE)",,,Plein jour,En agglomération,Intersection en T,Normale,Deux véhicules - côté,,,,,,,,,,,1,2,3,1,3
200700010760,0007-02-23 09:10:00,7,2,23,9,10,920,32,"62, BOUCICAUT (RUE)",,,Plein jour,En agglomération,Hors intersection,Normale,Autre collision,,,,,,,,,,,1,2,1,1,6
200700010761,0007-02-12 18:55:00,7,2,12,18,55,920,23,BOURCILLIERE (RUE DE LA),,,Nuit avec éclairage allumé,En agglomération,Hors intersection,Pluie légère,Autre collision,,,,,,,,,,,5,2,1,2,6
200700010762,0007-02-13 06:10:00,7,2,13,6,10,920,23,"361, GENERAL DE GAULLE (",,,Crépuscule ou aube,En agglomération,Hors intersection,Normale,Deux véhicules - côté,,,,,,,,,,,2,2,1,1,3
200700010763,0007-02-15 19:35:00,7,2,15,19,35,920,23,"15, JEAN BAPTISTE CLEMEN",,,Nuit avec éclairage allumé,En agglomération,Intersection en T,Normale,Deux véhicules - côté,,,,,,,,,,,5,2,3,1,3
200700010764,0007-02-17 20:50:00,7,2,17,20,50,920,23,EUGENE BEAUJARD (CARREFO,,,Crépuscule ou aube,En agglomération,Hors intersection,Normale,Deux véhicules - côté,,,,,,,,,,,2,2,1,1,3
200700010765,0007-02-17 15:40:00,7,2,17,15,40,920,23,BOURCILLIERE (RUE DE LA),,,Plein jour,En agglomération,Intersection en X,Normale,Deux véhicules - côté,,,,,,,,,,,1,2,2,1,3
200700010766,0007-02-22 19:35:00,7,2,22,19,35,920,23,"., HENRI BARBUSSE (AVENU",,,Nuit avec éclairage allumé,En agglomération,Hors intersection,Pluie légère,Deux véhicules - côté,,,,,,,,,,,5,2,1,2,3
200700010767,0007-02-25 04:35:00,7,2,25,4,35,920,23,VILLACOUBLAY (CARREFOUR,,,Nuit avec éclairage allumé,En agglomération,Intersection en X,Normale,Deux véhicules - côté,,,,,,,,,,,5,2,2,1,3
200700010768,0007-02-24 15:35:00,7,2,24,15,35,920,23,PAVE BLANC (ROUTE DU) N°,,,Plein jour,En agglomération,Intersection en T,Pluie légère,Deux véhicules - arrière,,,,,,,,,,,1,2,3,2,2
200700010769,0007-02-24 12:00:00,7,2,24,12,0,920,23,"03, PAUL VAILLANT COUTUR",,,Plein jour,En agglomération,Hors intersection,Normale,Deux véhicules - côté,,,,,,,,,,,1,2,1,1,3
200700010770,0007-02-12 08:30:00,7,2,12,8,30,920,24,"38, MADAME DE SANZILLON",,,Plein jour,En agglomération,Intersection en X,Temps couvert,Deux véhicules - arrière,,,,,,,,,,,1,2,2,8,2
200700010771,0007-02-14 15:45:00,7,2,14,15,45,920,24,"48, PIERRE BEREGOVOY (RU",,,Plein jour,En agglomération,Intersection en X,Pluie légère,Autre collision,,,,,,,,,,,1,2,2,2,6
200700010772,0007-02-19 17:58:00,7,2,19,17,58,920,24,"120, MARTRE (RUE) DE (59",,,Plein jour,En agglomération,Hors intersection,Normale,Deux véhicules - côté,,,,,,,,,,,1,2,1,1,3
200700010773,0007-02-22 10:35:00,7,2,22,10,35,920,24,"7, NEUILLY (RUE DE) DE (",,,Plein jour,En agglomération,Intersection en T,Normale,Autre collision,,,,,,,,,,,1,2,3,1,6
200700010774,0007-02-24 08:25:00,7,2,24,8,25,920,24,MARTRE (RUE) DE (111 A 1,,,Plein jour,En agglomération,Hors intersection,Pluie légère,Deux véhicules - arrière,,,,,,,,,,,1,2,1,2,2
200700010775,0007-02-27 11:20:00,7,2,27,11,20,920,24,"71, GENERAL LECLERC (RUE",,,Plein jour,En agglomération,Hors intersection,Pluie légère,Deux véhicules - côté,,,,,,,,,,,1,2,1,2,3
200700010776,0007-02-02 22:00:00,7,2,2,22,0,920,25,HENRI BARBUSSE (AV),,,Nuit avec éclairage allumé,En agglomération,Hors intersection,Normale,Deux véhicules - frontale,,,,,,,,,,,5,2,1,1,1
200700010777,0007-02-06 12:40:00,7,2,6,12,40,920,25,ARTS (RUE DES),,,Plein jour,En agglomération,Intersection en X,Normale,Deux véhicules - côté,,,,,,,,,,,1,2,2,1,3
200700010778,0007-02-14 07:20:00,7,2,14,7,20,920,25,C.DE G.<> 2 A 62 & 1 A 3,,,Crépuscule ou aube,En agglomération,Intersection en X,Pluie légère,Deux véhicules - frontale,,,,,,,,,,,2,2,2,2,1
200700010779,0007-02-14 08:00:00,7,2,14,8,0,920,25,STALINGRAD (AV DE),,,Crépuscule ou aube,En agglomération,Hors intersection,Pluie légère,Deux véhicules - côté,,,,,,,,,,,2,2,1,2,3
200700010780,0007-02-16 12:40:00,7,2,16,12,40,920,25,PRESIDENT KENNEDY (RUE D,,,Plein jour,En agglomération,Intersection en X,Normale,Deux véhicules - côté,,,,,,,,,,,1,2,2,1,3
200700010781,0007-02-18 10:30:00,7,2,18,10,30,920,25,PAUL BERT (RUE),,,Plein jour,En agglomération,Intersection en T,Normale,Deux véhicules - côté,,,,,,,,,,,1,2,3,1,3
200700010782,0007-02-20 16:15:00,7,2,20,16,15,920,25,CHARLES DE GAULLE (BD),,,Plein jour,En agglomération,Intersection en X,Normale,Deux véhicules - côté,,,,,,,,,,,1,2,2,1,3
200700010783,0007-02-21 18:30:00,7,2,21,18,30,920,25,CHARLES DE GAULLE (BD),,,Nuit avec éclairage allumé,En agglomération,Intersection en X,Normale,Deux véhicules - côté,,,,,,,,,,,5,2,2,1,3
200700010784,0007-02-23 17:15:00,7,2,23,17,15,920,25,COLBERT <> 115 A 131 & 1,,,Plein jour,En agglomération,Intersection en X,Normale,Deux véhicules - côté,,,,,,,,,,,1,2,2,1,3
200700010785,0007-02-27 12:00:00,7,2,27,12,0,920,25,GAMBETTA (BD),,,Plein jour,En agglomération,Intersection en T,Pluie légère,Deux véhicules - côté,,,,,,,,,,,1,2,3,2,3
200700010786,0007-02-07 21:10:00,7,2,7,21,10,920,26,"62 bis, MISSION MARCHAND",,,Nuit avec éclairage allumé,En agglomération,Hors intersection,Normale,Deux véhicules - côté,,,,,,,,,,,5,2,1,1,3
200700010787,0007-02-01 08:10:00,7,2,1,8,10,920,26,MISSION MARCHAND (COTE I,,,Nuit avec éclairage allumé,En agglomération,Intersection en X,Normale,Deux véhicules - côté,,,,,,,,,,,5,2,2,1,3
200700010788,0007-02-02 21:15:00,7,2,2,21,15,920,26,"34, VERDUN (DE 01 A 61)",,,Nuit avec éclairage allumé,En agglomération,Hors intersection,Temps couvert,Trois véhicules et plus - collisions multiples,,,,,,,,,,,5,2,1,8,5
200700010789,0007-02-13 16:00:00,7,2,13,16,0,920,26,MISSION MARCHAND (COTE I,,,Plein jour,En agglomération,Intersection en X,Normale,Deux véhicules - côté,,,,,,,,,,,1,2,2,1,3
200700010790,0007-02-14 18:50:00,7,2,14,18,50,920,26,VERDUN (DE 01 A 61),,,Nuit avec éclairage allumé,En agglomération,Hors intersection,Pluie légère,Deux véhicules - arrière,,,,,,,,,,,5,2,1,2,2
200700010791,0007-02-22 15:20:00,7,2,22,15,20,920,26,BEZONS  (DE 01 A 22),,,Plein jour,En agglomération,Intersection en X,Normale,Autre collision,,,,,,,,,,,1,2,2,1,6
200700010792,0007-02-24 18:55:00,7,2,24,18,55,920,26,VERDUN (DE 01 A 61),,,Nuit avec éclairage allumé,En agglomération,Intersection en X,Pluie légère,Deux véhicules - arrière,,,,,,,,,,,5,2,2,2,2
200700010793,0007-02-15 08:00:00,7,2,15,8,0,920,35,"22, Général de Gaulle  (",,,Plein jour,En agglomération,Hors intersection,Normale,Deux véhicules - côté,,,,,,,,,,,1,2,1,1,3
200700010794,0007-02-21 13:45:00,7,2,21,13,45,920,35,"52, République ( bouleva",,,Plein jour,En agglomération,Autre intersection,Normale,Deux véhicules - côté,,,,,,,,,,,1,2,9,1,3
200700010795,0007-02-27 09:00:00,7,2,27,9,0,920,35,"84, Europe ( avenue de l",,,Plein jour,En agglomération,Intersection en T,Normale,Deux véhicules - côté,,,,,,,,,,,1,2,3,1,3