accident_id,datetime,annee,mois,jour,heure,minute,departement,commune_insee,adresse,latitude,longitude,luminosite,agglomeration,intersection,meteo,collision,nb_vehicules,nb_usagers,nb_indemnes,nb_tues,nb_blesses_hosp,nb_blesses_legers,age_cond_1,age_cond_2,veh_type_cond_1,veh_type_cond_2,lum_code,agg_code,int_code,atm_code,col_code
200700011055,0007-02-27 17:15:00,7,2,27,17,15,930,70,", BABINSKI (RUE DU DR)",,,Plein jour,En agglomération,Hors intersection,Temps couvert,Autre collision,,,,,,,,,,,1,2,1,8,6
200700011056,0007-02-20 18:35:00,7,2,20,18,35,930,71,BALLANGER ROBERT (AVENUE,,,Plein jour,En agglomération,Hors intersection,Normale,Sans collision,,,,,,,,,,,1,2,1,1,7
200700011057,0007-02-22 00:25:00,7,2,22,0,25,930,71,MARAIS DU SOUCI (CHEMIN,,,Nuit avec éclairage allumé,En agglomération,Hors intersection,Normale,Autre collision,,,,,,,,,,,5,2,1,1,6
200700011058,0007-02-24 15:25:00,7,2,24,15,25,930,71,GARE SEVRAN-BEAUDOTTES,,,Plein jour,En agglomération,Hors intersection,Normale,Autre collision,,,,,,,,,,,1,2,1,1,6
200700011059,0007-02-21 17:10:00,7,2,21,17,10,930,59,LENINE (AVENUE) N°36 AU,,,Plein jour,En agglomération,Hors intersection,Normale,Deux véhicules - côté,,,,,,,,,,,1,2,1,1,3
200700011060,0007-02-22 20:00:00,7,2,22,20,0,930,72,"64, ROGER SALENGRO (RUE)",,,Nuit avec éclairage allumé,En agglomération,Intersection en X,Normale,Deux véhicules - côté,,,,,,,,,,,5,2,2,1,3
200700011061,0007-02-09 07:25:00,7,2,9,7,25,930,72,"00, STALINGRAD (AVENUE D",,,Crépuscule ou aube,En agglomération,Intersection en X,Normale,Trois véhicules et plus - collisions multiples,,,,,,,,,,,2,2,2,1,5
200700011062,0007-02-28 23:15:00,7,2,28,23,15,930,59,"37, JEAN MERMOZ (BOULEVA",,,Nuit avec éclairage allumé,En agglomération,Intersection en T,Normale,Deux véhicules - côté,,,,,,,,,,,5,2,3,1,3
200700011063,0007-02-04 14:30:00,7,2,4,14,30,930,59,"4, MOREL D'ARLEUX (RUE)",,,Plein jour,En agglomération,Intersection en T,Normale,Autre collision,,,,,,,,,,,1,2,3,1,6
200700011064,0007-02-06 12:15:00,7,2,6,12,15,930,59,ETIENNE DOLET (RUE),,,Plein jour,En agglomération,Hors intersection,Pluie légère,Deux véhicules - arrière,,,,,,,,,,,1,2,1,2,2
200700011065,0007-02-26 13:15:00,7,2,26,13,15,930,59,"110, LENINE (AVENUE) N°3",,,Plein jour,En agglomération,Hors intersection,Normale,Deux véhicules - arrière,,,,,,,,,,,1,2,1,1,2
200700011066,0007-02-04 16:20:00,7,2,4,16,20,930,78,"5, BERT (AVENUE PAUL)",,,Plein jour,En agglomération,Hors intersection,Normale,Autre collision,,,,,,,,,,,1,2,1,1,6
200700011067,0007-02-12 12:40:00,7,2,12,12,40,930,78,BALLANGER (BD ROBERT),,,Plein jour,En agglomération,Intersection en X,Normale,Deux véhicules - frontale,,,,,,,,,,,1,2,2,1,1
200700011068,0007-02-14 09:55:00,7,2,14,9,55,930,78,"153, BALLANGER (BD ROBER",,,Plein jour,Hors agglomération,Hors intersection,Pluie forte,Trois véhicules et plus - en chaîne,,,,,,,,,,,1,1,1,3,4
200700011069,0007-02-16 06:00:00,7,2,16,6,0,930,78,DELATTRE DE TASSIGNY (AV,,,Crépuscule ou aube,En agglomération,Intersection en X,Normale,Deux véhicules - côté,,,,,,,,,,,2,2,2,1,3
200700011070,0007-02-15 13:50:00,7,2,15,13,50,930,78,NATIONS (AVENUE DES),,,Plein jour,En agglomération,Giratoire,Normale,Deux véhicules - côté,,,,,,,,,,,1,2,6,1,3
200700011071,0007-02-24 19:30:00,7,2,24,19,30,930,78,BALLANGER (BD ROBERT),,,Plein jour,En agglomération,Hors intersection,Pluie légère,Deux véhicules - arrière,,,,,,,,,,,1,2,1,2,2
200700011072,0007-02-27 19:15:00,7,2,27,19,15,940,2,"94 bis, VAILLANT COUTURI",,,Nuit avec éclairage non allumé,En agglomération,Hors intersection,Normale,Sans collision,,,,,,,,,,,4,2,1,1,7
200700011073,0007-02-28 14:55:00,7,2,28,14,55,940,2,"64, BLANQUI (QU)",,,Plein jour,En agglomération,Hors intersection,Normale,Deux véhicules - arrière,,,,,,,,,,,1,2,1,1,2
200700011074,0007-02-01 06:25:00,7,2,1,6,25,940,4,SUCY (R DE),,,Nuit avec éclairage allumé,En agglomération,Intersection en X,Normale,Deux véhicules - frontale,,,,,,,,,,,5,2,2,1,1
200700011075,0007-02-05 10:00:00,7,2,5,10,0,940,75,MANDRES (R DE),,,Plein jour,En agglomération,Hors intersection,Pluie légère,Deux véhicules - arrière,,,,,,,,,,,1,2,1,2,2
200700011076,0007-02-25 16:45:00,7,2,25,16,45,940,71,VERTE (CITE),,,Plein jour,En agglomération,Hors intersection,Pluie légère,Deux véhicules - arrière,,,,,,,,,,,1,2,1,2,2
200700011077,0007-02-27 19:00:00,7,2,27,19,0,940,75,LATTRE DE TASSIGNY (AV D,,,Nuit avec éclairage allumé,En agglomération,Hors intersection,Normale,Deux véhicules - arrière,,,,,,,,,,,5,2,1,1,2
200700011078,0007-02-28 18:00:00,7,2,28,18,0,940,71,GEORGES POMPIDOU (AV),,,Plein jour,En agglomération,Hors intersection,Temps couvert,Deux véhicules - arrière,,,,,,,,,,,1,2,1,8,2
200700011079,0007-02-01 08:15:00,7,2,1,8,15,940,17,"255, GENERAL DE GAULLE (",,,Crépuscule ou aube,En agglomération,Hors intersection,Normale,Deux véhicules - arrière,,,,,,,,,,,2,2,1,1,2
200700011080,0007-02-04 16:00:00,7,2,4,16,0,940,17,GENERAL DE GAULLE (AV DU,,,Plein jour,En agglomération,Hors intersection,Normale,Deux véhicules - côté,,,,,,,,,,,1,2,1,1,3
200700011081,0007-02-05 07:05:00,7,2,5,7,5,940,17,", MAURICE THOREZ (AV)",,,Nuit avec éclairage allumé,En agglomération,Hors intersection,Normale,Deux véhicules - côté,,,,,,,,,,,5,2,1,1,3
200700011082,0007-02-05 19:05:00,7,2,5,19,5,940,17,ROSIGNANO MARITTIMO (R),,,Nuit avec éclairage allumé,En agglomération,Hors intersection,Normale,Deux véhicules - arrière,,,,,,,,,,,5,2,1,1,2
200700011083,0007-02-10 13:15:00,7,2,10,13,15,940,17,"115, MARX DORMOY (AV)",,,Plein jour,En agglomération,Hors intersection,Autre,Trois véhicules et plus - en chaîne,,,,,,,,,,,1,2,1,9,4
200700011084,0007-02-11 16:00:00,7,2,11,16,0,940,17,BOILEAU (AV),,,Plein jour,En agglomération,Hors intersection,Normale,Deux véhicules - côté,,,,,,,,,,,1,2,1,1,3
200700011085,0007-02-13 14:15:00,7,2,13,14,15,940,17,SEVIGNE (R DE),,,Plein jour,En agglomération,Hors intersection,Normale,Deux véhicules - arrière,,,,,,,,,,,1,2,1,1,2
200700011086,0007-02-14 10:45:00,7,2,14,10,45,940,17,"56, ROGER SALENGRO (AV)",,,Plein jour,En agglomération,Hors intersection,Pluie légère,Autre collision,,,,,,,,,,,1,2,1,2,6
200700011087,0007-02-15 03:00:00,7,2,15,3,0,940,17,"64, ARISTIDE BRIAND (BD)",,,Nuit avec éclairage allumé,En agglomération,Hors intersection,Normale,Autre collision,,,,,,,,,,,5,2,1,1,6
200700011088,0007-02-15 18:00:00,7,2,15,18,0,940,17,"8, ONZE NOVEMBRE 1918 (A",,,Plein jour,En agglomération,Hors intersection,Normale,Autre collision,,,,,,,,,,,1,2,1,1,6
200700011089,0007-02-18 16:25:00,7,2,18,16,25,940,17,"08, RAMEAU (SQ)",,,Plein jour,En agglomération,Hors intersection,Normale,Autre collision,,,,,,,,,,,1,2,1,1,6
200700011090,0007-02-19 08:25:00,7,2,19,8,25,940,17,GUITTARD (R),,,Plein jour,En agglomération,Intersection en X,Normale,Deux véhicules - côté,,,,,,,,,,,1,2,2,1,3
200700011091,0007-02-19 14:00:00,7,2,19,14,0,940,17,"2, LOUIS TALAMONI (R)",,,Plein jour,En agglomération,Hors intersection,Normale,Deux véhicules - côté,,,,,,,,,,,1,2,1,1,3
200700011092,0007-02-26 16:35:00,7,2,26,16,35,940,17,LIEUTENANT ANDRE OHRESSE,,,Plein jour,En agglomération,Intersection en X,Normale,Deux véhicules - côté,,,,,,,,,,,1,2,2,1,3
200700011093,0007-02-02 16:55:00,7,2,2,16,55,940,18,"133, PARIS (R DE)",,,Plein jour,En agglomération,Hors intersection,Normale,Deux véhicules - côté,,,,,,,,,,,1,2,1,1,3
200700011094,0007-02-06 12:05:00,7,2,6,12,5,940,69,", VAL D OSNE (R DU)",,,Plein jour,En agglomération,Intersection en X,Normale,Deux véhicules - côté,,,,,,,,,,,1,2,2,1,3
200700011095,0007-02-16 09:15:00,7,2,16,9,15,940,69,"36 bis, MARECHAL LECLERC",,,Plein jour,En agglomération,Autre intersection,Normale,Autre collision,,,,,,,,,,,1,2,9,1,6
200700011096,0007-02-23 16:10:00,7,2,23,16,10,940,18,"178, PARIS (R DE)",,,Plein jour,En agglomération,Hors intersection,Normale,Deux véhicules - arrière,,,,,,,,,,,1,2,1,1,2
200700011097,0007-02-03 18:50:00,7,2,3,18,50,940,19,"00, RABELAIS (R)",,,Nuit avec éclairage allumé,En agglomération,Intersection en T,Normale,Deux véhicules - côté,,,,,,,,,,,5,2,3,1,3
200700011098,0007-02-05 08:15:00,7,2,5,8,15,940,19,"00, D'AMBOILE (R)",,,Crépuscule ou aube,En agglomération,Intersection en X,Pluie légère,Deux véhicules - côté,,,,,,,,,,,2,2,2,2,3
200700011099,0007-02-09 20:05:00,7,2,9,20,5,940,79,"2, GENERAL LECLERC (R DU",,,Nuit avec éclairage allumé,En agglomération,Hors intersection,Normale,Sans collision,,,,,,,,,,,5,2,1,1,7
200700011100,0007-02-10 12:55:00,7,2,10,12,55,940,79,"00, BISHOP S STORDFORD (",,,Plein jour,En agglomération,Hors intersection,Pluie légère,Sans collision,,,,,,,,,,,1,2,1,2,7
200700011101,0007-02-13 10:10:00,7,2,13,10,10,940,60,"00, GENERAL DE GAULLE (R",,,Plein jour,En agglomération,Intersection en X,Normale,Deux véhicules - côté,,,,,,,,,,,1,2,2,1,3
200700011102,0007-02-16 19:45:00,7,2,16,19,45,940,19,"00, REPUBLIQUE (R DE LA)",,,Nuit avec éclairage allumé,En agglomération,Place,Normale,Deux véhicules - côté,,,,,,,,,,,5,2,7,1,3
200700011103,0007-02-17 05:50:00,7,2,17,5,50,940,79,"00, GENERAL LECLERC (R D",,,Nuit avec éclairage allumé,En agglomération,Intersection en T,Normale,Deux véhicules - frontale,,,,,,,,,,,5,2,3,1,1
200700011104,0007-02-21 14:00:00,7,2,21,14,0,940,59,"00, ARDOUIN (AV)",,,Plein jour,En agglomération,Intersection à plus de 4 branches,Normale,Deux véhicules - côté,,,,,,,,,,,1,2,5,1,3
200700011105,0007-02-03 11:20:00,7,2,3,11,20,940,22,"2, ANATOLE FRANCE (AV)",,,Plein jour,En agglomération,Hors intersection,Normale,Autre collision,,,,,,,,,,,1,2,1,1,6
200700011106,0007-02-05 09:10:00,7,2,5,9,10,940,22,"0, VICTOR HUGO (AV)",,,Plein jour,En agglomération,Hors intersection,Normale,Autre collision,,,,,,,,,,,1,2,1,1,6
200700011107,0007-02-05 16:30:00,7,2,5,16,30,940,22,VICTOR HUGO (AV),,,Plein jour,En agglomération,Hors intersection,Normale,Sans collision,,,,,,,,,,,1,2,1,1,7
200700011108,0007-02-07 07:55:00,7,2,7,7,55,940,22,VICTOR HUGO (AV),,,Crépuscule ou aube,En agglomération,Hors intersection,Normale,Deux véhicules - côté,,,,,,,,,,,2,2,1,1,3
200700011109,0007-02-07 14:16:00,7,2,7,14,16,940,54,"9, CHARLES TILLON (route",,,Plein jour,Hors agglomération,Hors intersection,Normale,Deux véhicules - arrière,,,,,,,,,,,1,1,1,1,2
200700011110,0007-02-07 14:30:00,7,2,7,14,30,940,22,"0, STALINGRAD (BD DE)",,,Plein jour,En agglomération,Hors intersection,Normale,Deux véhicules - arrière,,,,,,,,,,,1,2,1,1,2
200700011111,0007-02-11 16:10:00,7,2,11,16,10,940,22,STALINGRAD (BD DE),,,Plein jour,En agglomération,Hors intersection,Pluie légère,Deux véhicules - frontale,,,,,,,,,,,1,2,1,2,1
200700011112,0007-02-16 07:00:00,7,2,16,7,0,940,22,RAYMOND POINCARE  (R),,,Crépuscule ou aube,En agglomération,Hors intersection,Normale,Autre collision,,,,,,,,,,,2,2,1,1,6
200700011113,0007-02-21 21:45:00,7,2,21,21,45,940,22,ROUGET DE LISLE (R),,,Nuit avec éclairage allumé,En agglomération,Intersection en T,Normale,Autre collision,,,,,,,,,,,5,2,3,1,6
200700011114,0007-02-23 11:45:00,7,2,23,11,45,940,22,"0, VICTOR HUGO (AV)",,,Plein jour,En agglomération,Hors intersection,Normale,Autre collision,,,,,,,,,,,1,2,1,1,6
200700011115,0007-02-25 19:35:00,7,2,25,19,35,940,22,MARECHAL DE LATTRE DE TA,,,Nuit sans éclairage public,En agglomération,Hors intersection,Pluie légère,Sans collision,,,,,,,,,,,3,2,1,2,7
200700011116,0007-02-28 16:05:00,7,2,28,16,5,940,54,DOCTEUR CALMETTE (R DU),,,Plein jour,En agglomération,Autre intersection,Temps couvert,Deux véhicules - arrière,,,,,,,,,,,1,2,9,8,2
200700011117,0007-02-01 07:50:00,7,2,1,7,50,940,28,HALPERN.(AVENUE BERNARD),,,Crépuscule ou aube,En agglomération,Hors intersection,Normale,Sans collision,,,,,,,,,,,2,2,1,1,7
200700011118,0007-02-05 08:35:00,7,2,5,8,35,940,28,VERDUN.(AVENUE DE),,,Crépuscule ou aube,En agglomération,Intersection en X,Normale,Sans collision,,,,,,,,,,,2,2,2,1,7
200700011119,0007-02-12 08:00:00,7,2,12,8,0,940,28,"22, BILLOTTE.(AVE DU GAL",,,Crépuscule ou aube,En agglomération,Hors intersection,Normale,Autre collision,,,,,,,,,,,2,2,1,1,6
200700011120,0007-02-12 13:15:00,7,2,12,13,15,940,11,"0, ELUARD(RUE PAUL)",,,Plein jour,Hors agglomération,Hors intersection,Normale,Autre collision,,,,,,,,,,,1,1,1,1,6
200700011121,0007-02-12 13:30:00,7,2,12,13,30,940,28,DUVAUCHEL(STADE),,,Plein jour,En agglomération,Hors intersection,Normale,Autre collision,,,,,,,,,,,1,2,1,1,6
200700011122,0007-02-12 18:30:00,7,2,12,18,30,940,28,"1, HABETTE(AVENUE ET PLA",,,Crépuscule ou aube,En agglomération,Hors intersection,Normale,Autre collision,,,,,,,,,,,2,2,1,1,6
200700011123,0007-02-13 18:55:00,7,2,13,18,55,940,28,"0, SAVAR.(RUE JULIETTE)",,,Plein jour,En agglomération,Hors intersection,Normale,Deux véhicules - côté,,,,,,,,,,,1,2,1,1,3
200700011124,0007-02-14 14:20:00,7,2,14,14,20,940,11,"14, LECLERC.(AVENUE DU M",,,Plein jour,En agglomération,Hors intersection,Normale,Autre collision,,,,,,,,,,,1,2,1,1,6
200700011125,0007-02-18 14:20:00,7,2,18,14,20,940,11,"0, RHIN ET DANUBE(RUE DU",,,Plein jour,En agglomération,Hors intersection,Normale,Autre collision,,,,,,,,,,,1,2,1,1,6
200700011126,0007-02-18 19:00:00,7,2,18,19,0,940,28,"0, DUHAMEL(RUE GEORGES)",,,Nuit avec éclairage allumé,En agglomération,Hors intersection,Normale,Autre collision,,,,,,,,,,,5,2,1,1,6
200700011127,0007-02-19 08:20:00,7,2,19,8,20,940,28,"0, MECHES(CHEMIN DES)",,,Plein jour,En agglomération,Hors intersection,Normale,Deux véhicules - côté,,,,,,,,,,,1,2,1,1,3
200700011128,0007-02-19 19:02:00,7,2,19,19,2,940,28,"0, HALPERN.(AVENUE BERNA",,,Nuit avec éclairage allumé,En agglomération,Hors intersection,Normale,Deux véhicules - arrière,,,,,,,,,,,5,2,1,1,2
200700011129,0007-02-22 16:55:00,7,2,22,16,55,940,11,STAINS(ROUTE DE),,,Plein jour,En agglomération,Hors intersection,Pluie légère,Deux véhicules - arrière,,,,,,,,,,,1,2,1,2,2
200700011130,0007-02-22 13:40:00,7,2,22,13,40,940,28,MERMOZ(RUE JEAN),,,Plein jour,En agglomération,Hors intersection,Normale,Autre collision,,,,,,,,,,,1,2,1,1,6
200700011131,0007-02-25 13:50:00,7,2,25,13,50,940,28,"0, VERDUN.(AVENUE DE)",,,Plein jour,Hors agglomération,Intersection en X,Normale,Autre collision,,,,,,,,,,,1,1,2,1,6
200700011132,0007-02-25 19:30:00,7,2,25,19,30,940,28,SAVAR.(RUE JULIETTE),,,Nuit avec éclairage allumé,En agglomération,Intersection en X,Normale,Deux véhicules - frontale,,,,,,,,,,,5,2,2,1,1
200700011133,0007-02-27 06:50:00,7,2,27,6,50,940,28,"0, REPUBLIQUE(AVENUE DE",,,Crépuscule ou aube,En agglomération,Hors intersection,Normale,Autre collision,,,,,,,,,,,2,2,1,1,6
200700011134,0007-02-28 15:10:00,7,2,28,15,10,940,28,POMPADOUR(ROUTE DE LA),,,Plein jour,En agglomération,Hors intersection,Pluie forte,Deux véhicules - arrière,,,,,,,,,,,1,2,1,3,2
200700011135,0007-02-19 08:15:00,7,2,19,8,15,940,33,"33, MARECHAL DE LATTRE D",,,Plein jour,En agglomération,Hors intersection,Normale,Autre collision,,,,,,,,,,,1,2,1,1,6
200700011136,0007-02-02 19:40:00,7,2,2,19,40,940,16,"1, DOCTEUR GOSSELIN (R D",,,Nuit avec éclairage allumé,En agglomération,Hors intersection,Normale,Sans collision,,,,,,,,,,,5,2,1,1,7
200700011137,0007-02-05 16:10:00,7,2,5,16,10,940,37,"22, ARCUEIL (R D)",,,Plein jour,En agglomération,Hors intersection,Normale,Sans collision,,,,,,,,,,,1,2,1,1,7
200700011138,0007-02-06 08:30:00,7,2,6,8,30,940,3,"1, PAUL VAILLANT COUTURI",,,Plein jour,En agglomération,Intersection en X,Normale,Deux véhicules - côté,,,,,,,,,,,1,2,2,1,3
200700011139,0007-02-06 16:25:00,7,2,6,16,25,940,37,"7, ALBERT GUILPIN (R)",,,Plein jour,En agglomération,Intersection en X,Normale,Deux véhicules - côté,,,,,,,,,,,1,2,2,1,3
200700011140,0007-02-06 20:00:00,7,2,6,20,0,940,16,"1, DUMOTEL (AV)",,,Nuit avec éclairage allumé,En agglomération,Hors intersection,Normale,Deux véhicules - arrière,,,,,,,,,,,5,2,1,1,2
200700011141,0007-02-10 20:00:00,7,2,10,20,0,940,16,CHEMIN DE FER (R DU),,,Nuit avec éclairage allumé,En agglomération,Hors intersection,Normale,Autre collision,,,,,,,,,,,5,2,1,1,6
200700011142,0007-02-11 16:30:00,7,2,11,16,30,940,43,"1, ROGER SALENGRO (R)",,,Plein jour,En agglomération,Hors intersection,Normale,Deux véhicules - côté,,,,,,,,,,,1,2,1,1,3
200700011143,0007-02-08 23:15:00,7,2,8,23,15,940,3,"25, PAUL VAILLANT COUTUR",,,Nuit avec éclairage allumé,En agglomération,Hors intersection,Normale,Deux véhicules - arrière,,,,,,,,,,,5,2,1,1,2
200700011144,0007-02-13 01:05:00,7,2,13,1,5,940,3,"57, EMILE RASPAIL (R)",,,Nuit avec éclairage allumé,En agglomération,Hors intersection,Pluie légère,Autre collision,,,,,,,,,,,5,2,1,2,6
200700011145,0007-02-13 08:20:00,7,2,13,8,20,940,3,"15, PAUL VAILLANT COUTUR",,,Plein jour,En agglomération,Hors intersection,Normale,Deux véhicules - côté,,,,,,,,,,,1,2,1,1,3
200700011146,0007-02-14 08:10:00,7,2,14,8,10,940,16,"1, CHATEAUBRIAND (AV DE)",,,Plein jour,En agglomération,Hors intersection,Normale,Autre collision,,,,,,,,,,,1,2,1,1,6
200700011147,0007-02-15 11:10:00,7,2,15,11,10,940,76,"51, PARIS (AV DE)",,,Plein jour,En agglomération,Hors intersection,Normale,Sans collision,,,,,,,,,,,1,2,1,1,7
200700011148,0007-02-15 12:05:00,7,2,15,12,5,940,43,"120, FONTAINEBLEAU (AV D",,,Plein jour,En agglomération,Hors intersection,Normale,Deux véhicules - côté,,,,,,,,,,,1,2,1,1,3
200700011149,0007-02-24 23:20:00,7,2,24,23,20,940,37,"1, RAYMOND LEFEBVRE (R)",,,Nuit avec éclairage allumé,En agglomération,Intersection en X,Normale,Deux véhicules - côté,,,,,,,,,,,5,2,2,1,3
200700011150,0007-02-25 14:08:00,7,2,25,14,8,940,43,"20, VOLTAIRE (R)",,,Plein jour,En agglomération,Hors intersection,Temps couvert,Autre collision,,,,,,,,,,,1,2,1,8,6
200700011151,0007-02-27 07:10:00,7,2,27,7,10,940,76,"113, MAXIME GORKI (BD)",,,Crépuscule ou aube,En agglomération,Hors intersection,Temps couvert,Autre collision,,,,,,,,,,,2,2,1,8,6
200700011152,0007-02-28 13:15:00,7,2,28,13,15,940,37,"1, VAL DE MARNE (R DU)",,,Plein jour,En agglomération,Intersection en X,Normale,Sans collision,,,,,,,,,,,1,2,2,1,7
200700011153,0007-02-08 19:00:00,7,2,8,19,0,940,21,RUE PAUL HOCHART,,,Nuit avec éclairage allumé,En agglomération,Hors intersection,Pluie légère,Deux véhicules - frontale,,,,,,,,,,,5,2,1,2,1
200700011154,0007-02-06 18:55:00,7,2,6,18,55,940,21,RUE PAUL HOCHART,,,Crépuscule ou aube,En agglomération,Hors intersection,Normale,Autre collision,,,,,,,,,,,2,2,1,1,6
200700011155,0007-02-14 22:05:00,7,2,14,22,5,940,73,BAS MARIN (R DU),,,Nuit avec éclairage allumé,En agglomération,Intersection en T,Normale,Deux véhicules - côté,,,,,,,,,,,5,2,3,1,3
200700011156,0007-02-28 15:25:00,7,2,28,15,25,940,38,"146, STALINGRAD (AV DE)",,,Plein jour,En agglomération,Hors intersection,Pluie légère,Autre collision,,,,,,,,,,,1,2,1,2,6
200700011157,0007-02-04 11:40:00,7,2,4,11,40,940,38,GARE (ALL DE LA),,,Plein jour,En agglomération,Hors intersection,Normale,Deux véhicules - côté,,,,,,,,,,,1,2,1,1,3
200700011158,0007-02-02 23:45:00,7,2,2,23,45,940,34,FRERES LUMIERE (R DES),,,Nuit avec éclairage allumé,En agglomération,Hors intersection,Pluie légère,Autre collision,,,,,,,,,,,5,2,1,2,6
200700011159,0007-02-12 15:30:00,7,2,12,15,30,940,41,"10, HENRI POURCHASSE (QU",,,Plein jour,En agglomération,Hors intersection,Normale,Autre collision,,,,,,,,,,,1,2,1,1,6
200700011160,0007-02-05 14:05:00,7,2,5,14,5,940,41,PIERRE SEMARD (AV),,,Plein jour,En agglomération,Hors intersection,Normale,Deux véhicules - côté,,,,,,,,,,,1,2,1,1,3
200700011161,0007-02-13 22:15:00,7,2,13,22,15,940,41,GEORGES MARRANE (ESP),,,Nuit avec éclairage non allumé,En agglomération,Hors intersection,Pluie légère,Sans collision,,,,,,,,,,,4,2,1,2,7
200700011162,0007-02-15 06:10:00,7,2,15,6,10,940,41,HENRI POURCHASSE (QU),,,Crépuscule ou aube,En agglomération,Hors intersection,Pluie légère,Deux véhicules - côté,,,,,,,,,,,2,2,1,2,3
200700011163,0007-02-27 06:00:00,7,2,27,6,0,940,41,VICTOR HUGO (R),,,Crépuscule ou aube,En agglomération,Hors intersection,Normale,Sans collision,,,,,,,,,,,2,2,1,1,7
200700011164,0007-02-27 18:30:00,7,2,27,18,30,940,41,"29, LOUIS BERTRAND (R)",,,Crépuscule ou aube,En agglomération,Hors intersection,Pluie légère,Sans collision,,,,,,,,,,,2,2,1,2,7
200700011165,0007-02-02 19:50:00,7,2,2,19,50,940,41,COLONEL FABIEN - PONT D',,,Nuit sans éclairage public,En agglomération,Hors intersection,Normale,Deux véhicules - arrière,,,,,,,,,,,3,2,1,1,2
200700011166,0007-02-01 08:35:00,7,2,1,8,35,940,41,"59, BRANDEBOURG (BD DE)",,,Plein jour,En agglomération,Hors intersection,Normale,Sans collision,,,,,,,,,,,1,2,1,1,7
200700011167,0007-02-02 18:45:00,7,2,2,18,45,940,41,PENICHES (R DES),,,Crépuscule ou aube,En agglomération,Hors intersection,Pluie légère,Deux véhicules - côté,,,,,,,,,,,2,2,1,2,3
200700011168,0007-02-01 01:50:00,7,2,1,1,50,940,41,BRUNESEAU (R),,,Nuit avec éclairage allumé,En agglomération,Hors intersection,Normale,Sans collision,,,,,,,,,,,5,2,1,1,7
200700011169,0007-02-10 12:15:00,7,2,10,12,15,940,41,"41, RASPAIL (R)",,,Plein jour,En agglomération,Hors intersection,Normale,Autre collision,,,,,,,,,,,1,2,1,1,6
200700011170,0007-02-09 13:50:00,7,2,9,13,50,940,41,"82, DANIELLE CASANOVA (A",,,Plein jour,En agglomération,Hors intersection,Normale,Sans collision,,,,,,,,,,,1,2,1,1,7
200700011171,0007-02-10 19:50:00,7,2,10,19,50,940,41,"7, GENERAL LECLERC (AV D",,,Nuit sans éclairage public,En agglomération,Hors intersection,Normale,Trois véhicules et plus - collisions multiples,,,,,,,,,,,3,2,1,1,5
200700011172,0007-02-10 09:10:00,7,2,10,9,10,940,41,"126, DANIELLE CASANOVA (",,,Plein jour,En agglomération,Hors intersection,Normale,Autre collision,,,,,,,,,,,1,2,1,1,6
200700011173,0007-02-18 00:05:00,7,2,18,0,5,940,41,REPUBLIQUE (AV DE LA),,,Nuit avec éclairage allumé,En agglomération,Hors intersection,Normale,Deux véhicules - arrière,,,,,,,,,,,5,2,1,1,2
200700011174,0007-02-25 00:30:00,7,2,25,0,30,940,41,"70, GEORGES GOSNAT (AV)",,,Nuit avec éclairage allumé,En agglomération,Hors intersection,Pluie légère,Sans collision,,,,,,,,,,,5,2,1,2,7
200700011175,0007-02-19 19:00:00,7,2,19,19,0,940,41,LENINE (R),,,Nuit avec éclairage non allumé,En agglomération,Hors intersection,Normale,Autre collision,,,,,,,,,,,4,2,1,1,6
200700011176,0007-02-04 10:30:00,7,2,4,10,30,940,46,"23, GAMBETTA (AV)",,,Plein jour,En agglomération,Intersection en X,Normale,Deux véhicules - côté,,,,,,,,,,,1,2,2,1,3
200700011177,0007-02-07 11:50:00,7,2,7,11,50,940,46,"105, JEAN JAURES (R)",,,Plein jour,En agglomération,Hors intersection,Normale,Deux véhicules - côté,,,,,,,,,,,1,2,1,1,3
200700011178,0007-02-15 07:40:00,7,2,15,7,40,940,46,"49, VICTOR HUGO (R)",,,Plein jour,En agglomération,Hors intersection,Normale,Deux véhicules - arrière,,,,,,,,,,,1,2,1,1,2
200700011179,0007-02-01 09:50:00,7,2,1,9,50,940,58,ALSACE LORRAINE (BD D),,,Plein jour,En agglomération,Hors intersection,Normale,Deux véhicules - arrière,,,,,,,,,,,1,2,1,1,2
200700011180,0007-02-02 12:20:00,7,2,2,12,20,940,52,"164, STRASBOURG (BD DE)",,,Plein jour,En agglomération,Hors intersection,Normale,Autre collision,,,,,,,,,,,1,2,1,1,6
200700011181,0007-02-03 16:30:00,7,2,3,16,30,940,52,JOINVILLE (AV DE),,,Plein jour,En agglomération,Hors intersection,Normale,Autre collision,,,,,,,,,,,1,2,1,1,6
200700011182,0007-02-04 11:20:00,7,2,4,11,20,940,42,"nc, PIERRE MENDES FRANCE",,,Plein jour,En agglomération,Hors intersection,Normale,Deux véhicules - arrière,,,,,,,,,,,1,2,1,1,2
200700011183,0007-02-07 19:15:00,7,2,7,19,15,940,52,ARMISTICE (R DE L),,,Nuit avec éclairage allumé,En agglomération,Hors intersection,Normale,Trois véhicules et plus - en chaîne,,,,,,,,,,,5,2,1,1,4
200700011184,0007-02-08 18:00:00,7,2,8,18,0,940,52,"85, LEDRU ROLLIN (AV)",,,Crépuscule ou aube,En agglomération,Hors intersection,Normale,Autre collision,,,,,,,,,,,2,2,1,1,6
200700011185,0007-02-12 07:15:00,7,2,12,7,15,940,52,"46, JACQUES KABLE (R)",,,Crépuscule ou aube,En agglomération,Hors intersection,Normale,Deux véhicules - arrière,,,,,,,,,,,2,2,1,1,2
200700011186,0007-02-13 15:50:00,7,2,13,15,50,940,42,"01, JEAN JAURES (AV)",,,Plein jour,En agglomération,Hors intersection,Normale,Autre collision,,,,,,,,,,,1,2,1,1,6