accident_id,datetime,annee,mois,jour,heure,minute,departement,commune_insee,adresse,latitude,longitude,luminosite,agglomeration,intersection,meteo,collision,nb_vehicules,nb_usagers,nb_indemnes,nb_tues,nb_blesses_hosp,nb_blesses_legers,age_cond_1,age_cond_2,veh_type_cond_1,veh_type_cond_2,lum_code,agg_code,int_code,atm_code,col_code
200700011187,0007-02-15 10:00:00,7,2,15,10,0,940,15,"53, RIGNY (AV DE)",,,Plein jour,En agglomération,Hors intersection,Normale,Autre collision,,,,,,,,,,,1,2,1,1,6
200700011188,0007-02-15 18:45:00,7,2,15,18,45,940,15,"nc, RIGNY (AV DE)",,,Nuit avec éclairage allumé,En agglomération,Giratoire,Normale,Deux véhicules - côté,,,,,,,,,,,5,2,6,1,3
200700011189,0007-02-16 08:25:00,7,2,16,8,25,940,52,"50, STRASBOURG (BD DE)",,,Plein jour,En agglomération,Hors intersection,Normale,Trois véhicules et plus - collisions multiples,,,,,,,,,,,1,2,1,1,5
200700011190,0007-02-16 17:10:00,7,2,16,17,10,940,15,"NC, PONT (R DU)",,,Plein jour,En agglomération,Hors intersection,Normale,Deux véhicules - côté,,,,,,,,,,,1,2,1,1,3
200700011191,0007-02-20 17:00:00,7,2,20,17,0,940,52,"NC, NAZARE (R DE)",,,Crépuscule ou aube,En agglomération,Hors intersection,Normale,Autre collision,,,,,,,,,,,2,2,1,1,6
200700011192,0007-02-01 17:30:00,7,2,1,17,30,940,68,"51, LATTRE DE TASSIGNY (",,,Plein jour,En agglomération,Hors intersection,Normale,Trois véhicules et plus - collisions multiples,,,,,,,,,,,1,2,1,1,5
200700011193,0007-02-03 05:30:00,7,2,3,5,30,940,68,LEDRU ROLLIN (R),,,Nuit avec éclairage allumé,En agglomération,Intersection en X,Normale,Deux véhicules - côté,,,,,,,,,,,5,2,2,1,3
200700011194,0007-02-03 18:00:00,7,2,3,18,0,940,68,PONT DE CRETEIL (R DU),,,Nuit avec éclairage allumé,En agglomération,Hors intersection,Normale,Autre collision,,,,,,,,,,,5,2,1,1,6
200700011195,0007-02-04 14:10:00,7,2,4,14,10,940,68,PONT DE CRETEIL (R DU),,,Plein jour,En agglomération,Intersection en X,Normale,Deux véhicules - côté,,,,,,,,,,,1,2,2,1,3
200700011196,0007-02-08 10:45:00,7,2,8,10,45,940,68,BAC (AV DU),,,Plein jour,En agglomération,Hors intersection,Normale,Autre collision,,,,,,,,,,,1,2,1,1,6
200700011197,0007-02-10 21:00:00,7,2,10,21,0,940,68,"186, CRETEIL (BD DE)",,,Nuit avec éclairage allumé,En agglomération,Hors intersection,Normale,Deux véhicules - côté,,,,,,,,,,,5,2,1,1,3
200700011198,0007-02-15 17:00:00,7,2,15,17,0,940,68,"000, FUSILLES DE CHATEAU",,,Plein jour,En agglomération,Intersection en T,Normale,Deux véhicules - côté,,,,,,,,,,,1,2,3,1,3
200700011199,0007-02-20 17:45:00,7,2,20,17,45,940,68,LOUIS BLANC (AV),,,Plein jour,En agglomération,Hors intersection,Normale,Deux véhicules - côté,,,,,,,,,,,1,2,1,1,3
200700011200,0007-02-22 22:40:00,7,2,22,22,40,940,68,CORNEILLES (BD DES),,,Nuit avec éclairage allumé,En agglomération,Intersection en X,Normale,Deux véhicules - côté,,,,,,,,,,,5,2,2,1,3
200700011201,0007-02-25 15:10:00,7,2,25,15,10,940,68,CHAMPIGNOL (QU DE),,,Plein jour,En agglomération,Hors intersection,Normale,Autre collision,,,,,,,,,,,1,2,1,1,6
200700011202,0007-02-23 22:00:00,7,2,23,22,0,940,68,MARNE (BD DE LA),,,Nuit avec éclairage allumé,En agglomération,Hors intersection,Normale,Deux véhicules - côté,,,,,,,,,,,5,2,1,1,3
200700011203,0007-02-27 07:00:00,7,2,27,7,0,940,68,BEAUBOURG (QU),,,Crépuscule ou aube,En agglomération,Intersection en X,Normale,Deux véhicules - côté,,,,,,,,,,,2,2,2,1,3
200700011204,0007-02-23 10:40:00,7,2,23,10,40,940,78,L'APPEL DU DIX-HUIT JUIN,,,Plein jour,Hors agglomération,Autre intersection,Normale,Autre collision,,,,,,,,,,,1,1,9,1,6
200700011205,0007-02-05 11:00:00,7,2,5,11,0,940,78,"84, CHOISY (AV DE)",,,Plein jour,En agglomération,Hors intersection,Pluie légère,Autre collision,,,,,,,,,,,1,2,1,2,6
200700011206,0007-02-15 13:35:00,7,2,15,13,35,940,77,HENRI LUSSEAU (R),,,Plein jour,En agglomération,Autre intersection,Normale,Autre collision,,,,,,,,,,,1,2,9,1,6
200700011207,0007-02-15 06:40:00,7,2,15,6,40,940,78,"32, CHOISY (AV DE)",,,Nuit avec éclairage allumé,En agglomération,Hors intersection,Normale,Deux véhicules - côté,,,,,,,,,,,5,2,1,1,3
200700011208,0007-02-28 12:00:00,7,2,28,12,0,940,74,COLONEL FABIEN (R),,,Plein jour,En agglomération,Hors intersection,Normale,Autre collision,,,,,,,,,,,1,2,1,1,6
200700011209,0007-02-20 08:55:00,7,2,20,8,55,940,78,"156, PARIS (R DE)",,,Plein jour,En agglomération,Hors intersection,Normale,Deux véhicules - arrière,,,,,,,,,,,1,2,1,1,2
200700011210,0007-02-12 17:30:00,7,2,12,17,30,940,78,MELUN (AV DE),,,Plein jour,En agglomération,Hors intersection,Temps couvert,Autre collision,,,,,,,,,,,1,2,1,8,6
200700011211,0007-02-16 16:10:00,7,2,16,16,10,940,78,NON DENOMMEE (VOI),,,Plein jour,En agglomération,Hors intersection,Autre,Autre collision,,,,,,,,,,,1,2,1,9,6
200700011212,0007-02-08 07:00:00,7,2,8,7,0,940,77,"0, NON DENOMMEE (VOI)",,,Plein jour,En agglomération,Hors intersection,Pluie légère,Autre collision,,,,,,,,,,,1,2,1,2,6
200700011213,0007-02-16 08:45:00,7,2,16,8,45,940,78,L'APPEL DU DIX-HUIT JUIN,,,Plein jour,En agglomération,Intersection en X,Normale,Autre collision,,,,,,,,,,,1,2,2,1,6
200700011214,0007-02-03 09:05:00,7,2,3,9,5,940,80,"., REPUBLIQUE (AV DE LA)",,,Plein jour,En agglomération,Intersection en X,Normale,Deux véhicules - frontale,,,,,,,,,,,1,2,2,1,1
200700011215,0007-02-09 19:40:00,7,2,9,19,40,940,80,"53, FOCH (AV)",,,Nuit avec éclairage allumé,En agglomération,Intersection en T,Pluie légère,Autre collision,,,,,,,,,,,5,2,3,2,6
200700011216,0007-02-15 08:00:00,7,2,15,8,0,940,80,"140, PARIS (AV DE)",,,Plein jour,En agglomération,Intersection en T,Normale,Deux véhicules - arrière,,,,,,,,,,,1,2,3,1,2
200700011217,0007-02-27 10:00:00,7,2,27,10,0,940,80,"15, CHATEAU (AV DU)",,,Plein jour,En agglomération,Hors intersection,Normale,Autre collision,,,,,,,,,,,1,2,1,1,6
200700011218,0007-02-27 17:45:00,7,2,27,17,45,940,80,"16, MINIMES (AV DES)",,,Plein jour,En agglomération,Intersection en T,Normale,Deux véhicules - arrière,,,,,,,,,,,1,2,3,1,2
200700011219,0007-02-08 14:15:00,7,2,8,14,15,940,81,PRESIDENT SALVADOR ALLEN,,,Plein jour,En agglomération,Intersection en X,Normale,Autre collision,,,,,,,,,,,1,2,2,1,6
200700011220,0007-02-12 14:15:00,7,2,12,14,15,940,81,EUGENE PELLETAN (AV),,,Plein jour,En agglomération,Hors intersection,Normale,Autre collision,,,,,,,,,,,1,2,1,1,6
200700011221,0007-02-12 18:20:00,7,2,12,18,20,940,81,"14, LUCIEN FRANCAIS (AV)",,,Nuit avec éclairage allumé,En agglomération,Hors intersection,Normale,Autre collision,,,,,,,,,,,5,2,1,1,6
200700011222,0007-02-14 18:40:00,7,2,14,18,40,940,81,"78, LION D OR (R DU)",,,Nuit sans éclairage public,En agglomération,Hors intersection,Pluie légère,Autre collision,,,,,,,,,,,3,2,1,2,6
200700011223,0007-02-16 19:50:00,7,2,16,19,50,940,81,EUGENE PELLETAN (AV),,,Nuit avec éclairage non allumé,En agglomération,Autre intersection,Normale,Autre collision,,,,,,,,,,,4,2,9,1,6
200700011224,0007-02-23 14:50:00,7,2,23,14,50,940,81,"25, COROT (R)",,,Plein jour,En agglomération,Hors intersection,Pluie légère,Autre collision,,,,,,,,,,,1,2,1,2,6
200700011225,0007-02-03 21:05:00,7,2,3,21,5,950,176,"30, CLEMENCEAU (BOULEVAR",,,Nuit avec éclairage allumé,En agglomération,Hors intersection,Normale,Trois véhicules et plus - collisions multiples,,,,,,,,,,,5,2,1,1,5
200700011226,0007-02-04 16:25:00,7,2,4,16,25,950,18,PRUDHON (RUE DU LT COLON,,,Plein jour,En agglomération,Intersection en X,Normale,Deux véhicules - frontale,,,,,,,,,,,1,2,2,1,1
200700011227,0007-02-06 10:25:00,7,2,6,10,25,950,582,HORIONNE (RUE DE LA),,,Plein jour,En agglomération,Giratoire,Pluie légère,Deux véhicules - côté,,,,,,,,,,,1,2,6,2,3
200700011228,0007-02-11 09:15:00,7,2,11,9,15,950,18,"139, STALINGRAD (AVENUE",,,Plein jour,En agglomération,Intersection en T,Normale,Deux véhicules - côté,,,,,,,,,,,1,2,3,1,3
200700011229,0007-02-11 10:00:00,7,2,11,10,0,950,582,"72, bis, GAMBETTA (BOULE",,,Plein jour,En agglomération,Intersection en T,Pluie légère,Autre collision,,,,,,,,,,,1,2,3,2,6
200700011230,0007-02-03 13:40:00,7,2,3,13,40,950,18,BELIN (RUE AG),,,Plein jour,En agglomération,Intersection à plus de 4 branches,Normale,Deux véhicules - côté,,,,,,,,,,,1,2,5,1,3
200700011231,0007-02-11 19:50:00,7,2,11,19,50,950,18,GASCONS (RUE DES),,,Nuit avec éclairage allumé,En agglomération,Intersection en X,Normale,Deux véhicules - côté,,,,,,,,,,,5,2,2,1,3
200700011232,0007-02-15 13:15:00,7,2,15,13,15,950,582,MARECHAL FOCH (RUE DU),,,Plein jour,En agglomération,Hors intersection,Normale,Deux véhicules - frontale,,,,,,,,,,,1,2,1,1,1
200700011233,0007-02-15 18:30:00,7,2,15,18,30,950,18,ROCHEFORT (RUE DE),,,Crépuscule ou aube,En agglomération,Intersection en X,Normale,Deux véhicules - côté,,,,,,,,,,,2,2,2,1,3
200700011234,0007-02-18 13:10:00,7,2,18,13,10,950,18,HELOISE (BOULEVARD),,,Plein jour,En agglomération,Hors intersection,Normale,Sans collision,,,,,,,,,,,1,2,1,1,7
200700011235,0007-02-20 07:05:00,7,2,20,7,5,950,18,"55, JUSTICE (RUE DE LA)",,,Plein jour,En agglomération,Hors intersection,Normale,Sans collision,,,,,,,,,,,1,2,1,1,7
200700011236,0007-02-19 07:10:00,7,2,19,7,10,950,18,STALINGRAD (AVENUE DE),,,Plein jour,En agglomération,Intersection en T,Normale,Sans collision,,,,,,,,,,,1,2,3,1,7
200700011237,0007-02-19 15:40:00,7,2,19,15,40,950,18,PERI (AVENUE GABRIEL),,,Plein jour,En agglomération,Intersection en X,Normale,Trois véhicules et plus - en chaîne,,,,,,,,,,,1,2,2,1,4
200700011238,0007-02-22 08:05:00,7,2,22,8,5,950,176,CLEMENCEAU (BOULEVARD GE,,,Plein jour,En agglomération,Intersection en X,Normale,Autre collision,,,,,,,,,,,1,2,2,1,6
200700011239,0007-02-22 19:15:00,7,2,22,19,15,950,18,"126, PONTOISE (ROUTE DE)",,,Nuit avec éclairage allumé,En agglomération,Hors intersection,Normale,Autre collision,,,,,,,,,,,5,2,1,1,6
200700011240,0007-02-23 19:30:00,7,2,23,19,30,950,18,JOFFRE (AVENUE DU MARECH,,,Nuit avec éclairage allumé,En agglomération,Intersection en T,Normale,Trois véhicules et plus - en chaîne,,,,,,,,,,,5,2,3,1,4
200700011241,0007-02-24 18:50:00,7,2,24,18,50,950,18,BIZET (RUE DU),,,Nuit avec éclairage allumé,En agglomération,Intersection en X,Pluie légère,Autre collision,,,,,,,,,,,5,2,2,2,6
200700011242,0007-02-06 09:15:00,7,2,6,9,15,950,63,"33, FRERES BONNEFF (RUE",,,Plein jour,En agglomération,Hors intersection,Normale,Autre collision,,,,,,,,,,,1,2,1,1,6
200700011243,0007-02-23 17:15:00,7,2,23,17,15,950,63,"125, EDOUARD VAILLANT (R",,,Plein jour,En agglomération,Hors intersection,Normale,Deux véhicules - côté,,,,,,,,,,,1,2,1,1,3
200700011244,0007-02-04 19:50:00,7,2,4,19,50,950,488,PARC (CHEMIN DU),,,Nuit avec éclairage allumé,Hors agglomération,Intersection en T,Normale,Deux véhicules - côté,,,,,,,,,,,5,1,3,1,3
200700011245,0007-02-21 16:15:00,7,2,21,16,15,950,127,CROIX DES MAHEUX (RUE DE,,,Plein jour,En agglomération,Intersection en T,Normale,Sans collision,,,,,,,,,,,1,2,3,1,7
200700011246,0007-02-03 00:55:00,7,2,3,0,55,950,197,"15, SAINT DENIS (ROUTE D",,,Nuit avec éclairage allumé,En agglomération,Autre intersection,Normale,Autre collision,,,,,,,,,,,5,2,9,1,6
200700011247,0007-02-24 12:40:00,7,2,24,12,40,950,427,JULES FERRY (RUE) DE 136,,,Plein jour,En agglomération,Passage à niveau,Normale,Deux véhicules - frontale,,,,,,,,,,,1,2,8,1,1
200700011248,0007-02-02 07:59:00,7,2,2,7,59,950,598,PARIS   AVENUE DE,,,Crépuscule ou aube,En agglomération,Giratoire,Pluie légère,Autre collision,,,,,,,,,,,2,2,6,2,6
200700011249,0007-02-11 15:00:00,7,2,11,15,0,950,555,PETITOU (ALLEE GERMAIN),,,Plein jour,En agglomération,Intersection en T,Normale,Autre collision,,,,,,,,,,,1,2,3,1,6
200700011250,0007-02-20 18:20:00,7,2,20,18,20,950,555,PASTEUR (BOULEVARD),,,Crépuscule ou aube,En agglomération,Hors intersection,Normale,Autre collision,,,,,,,,,,,2,2,1,1,6
200700011251,0007-02-22 16:45:00,7,2,22,16,45,950,210,MALLEVILLE (RUE DE),,,Plein jour,En agglomération,Autre intersection,Pluie légère,Autre collision,,,,,,,,,,,1,2,9,2,6
200700011252,0007-02-03 14:00:00,7,2,3,14,0,950,252,CADET DE VAUX (RUE),,,Plein jour,En agglomération,Hors intersection,Normale,Deux véhicules - arrière,,,,,,,,,,,1,2,1,1,2
200700011253,0007-02-08 14:00:00,7,2,8,14,0,950,203,LECLERC (RUE DU GENERAL),,,Plein jour,En agglomération,Hors intersection,Normale,Sans collision,,,,,,,,,,,1,2,1,1,7
200700011254,0007-02-08 20:15:00,7,2,8,20,15,950,219,STAND (RUE DU),,,Nuit avec éclairage allumé,En agglomération,Hors intersection,Pluie légère,Autre collision,,,,,,,,,,,5,2,1,2,6
200700011255,0007-02-12 18:30:00,7,2,12,18,30,950,219,"1, RAOUL DAUTRY (RUE)",,,Crépuscule ou aube,En agglomération,Hors intersection,Pluie légère,Autre collision,,,,,,,,,,,2,2,1,2,6
200700011256,0007-02-15 12:50:00,7,2,15,12,50,950,252,GENERAL LECLERC (RUE DU),,,Plein jour,En agglomération,Hors intersection,Normale,Autre collision,,,,,,,,,,,1,2,1,1,6
200700011257,0007-02-19 18:10:00,7,2,19,18,10,950,219,"11, GARE (RUE DE LA)",,,Nuit avec éclairage allumé,En agglomération,Hors intersection,Normale,Deux véhicules - arrière,,,,,,,,,,,5,2,1,1,2
200700011258,0007-02-24 20:35:00,7,2,24,20,35,950,574,MONTMORENCY (ROUTE DE),,,Nuit sans éclairage public,En agglomération,Hors intersection,Pluie légère,Sans collision,,,,,,,,,,,3,2,1,2,7
200700011259,0007-02-25 10:30:00,7,2,25,10,30,950,491,AUTOUR DU BOIS (CHEMIN),,,Plein jour,En agglomération,Hors intersection,Normale,Autre collision,,,,,,,,,,,1,2,1,1,6
200700011260,0007-02-16 14:10:00,7,2,16,14,10,950,280,GENERAL DE GAULLE(BOULEV,,,Plein jour,En agglomération,Intersection en T,Normale,Trois véhicules et plus - collisions multiples,,,,,,,,,,,1,2,3,1,5
200700011261,0007-02-22 08:45:00,7,2,22,8,45,950,277,BERTHELOT (RUE),,,Plein jour,En agglomération,Intersection en T,Normale,Deux véhicules - côté,,,,,,,,,,,1,2,3,1,3
200700011262,0007-02-24 09:55:00,7,2,24,9,55,950,280,DIDEROT (AVENUE),,,Plein jour,En agglomération,Intersection en X,Normale,Deux véhicules - côté,,,,,,,,,,,1,2,2,1,3
200700011263,0007-02-11 04:15:00,7,2,11,4,15,950,280,"40, SALENGRO ROGER ( BOU",,,Nuit avec éclairage allumé,En agglomération,Hors intersection,Pluie forte,Autre collision,,,,,,,,,,,5,2,1,3,6
200700011264,0007-02-03 14:20:00,7,2,3,14,20,950,424,"0, VINGT QUATRE ARPENTS",,,Plein jour,En agglomération,Intersection en X,Normale,Autre collision,,,,,,,,,,,1,2,2,1,6
200700011265,0007-02-06 16:05:00,7,2,6,16,5,950,424,ESPERANCE (RUE DE L'),,,Plein jour,En agglomération,Hors intersection,Pluie légère,Sans collision,,,,,,,,,,,1,2,1,2,7
200700011266,0007-02-11 19:05:00,7,2,11,19,5,950,306,LIBERATION (AVENUE DE LA,,,Nuit avec éclairage allumé,En agglomération,Intersection en T,Normale,Trois véhicules et plus - en chaîne,,,,,,,,,,,5,2,3,1,4
200700011267,0007-02-15 07:30:00,7,2,15,7,30,950,306,"0, BENONI CROSNIER (AVEN",,,Crépuscule ou aube,En agglomération,Intersection en X,Normale,Autre collision,,,,,,,,,,,2,2,2,1,6
200700011268,0007-02-21 13:05:00,7,2,21,13,5,950,306,"0, PIERRELAYE (ROUTE DE)",,,Plein jour,En agglomération,Hors intersection,Normale,Deux véhicules - côté,,,,,,,,,,,1,2,1,1,3
200700011269,0007-02-16 14:50:00,7,2,16,14,50,950,52,LEON BLUM (BOULEVARD),,,Plein jour,En agglomération,Hors intersection,Normale,Deux véhicules - frontale,,,,,,,,,,,1,2,1,1,1
200700011270,0007-02-14 17:45:00,7,2,14,17,45,950,504,D 78,,,Plein jour,En agglomération,Hors intersection,Temps couvert,Deux véhicules - côté,,,,,,,,,,,1,2,1,8,3
200700011271,0007-02-21 17:40:00,7,2,21,17,40,950,487,ALEXANDRE PRACHAY,,,Plein jour,En agglomération,Hors intersection,Normale,Deux véhicules - côté,,,,,,,,,,,1,2,1,1,3
200700011272,0007-02-23 11:00:00,7,2,23,11,0,950,313,GRANDE RUE,,,Plein jour,En agglomération,Intersection en X,Normale,Autre collision,,,,,,,,,,,1,2,2,1,6
200700011273,0007-02-03 20:55:00,7,2,3,20,55,950,436,RN1,,,Nuit sans éclairage public,Hors agglomération,Hors intersection,Normale,Autre collision,,,,,,,,,,,3,1,1,1,6
200700011274,0007-02-21 15:41:00,7,2,21,15,41,950,680,GOUSSAINVILLE (RUE DE),,,Plein jour,En agglomération,Hors intersection,Normale,Deux véhicules - frontale,,,,,,,,,,,1,2,1,1,1
200700011275,0007-02-26 16:15:00,7,2,26,16,15,950,585,KOENIG (AVENUNE PIERRE),,,Plein jour,En agglomération,Hors intersection,Normale,Deux véhicules - côté,,,,,,,,,,,1,2,1,1,3
200700011276,0007-02-18 19:55:00,7,2,18,19,55,950,607,PIERRE DE COUBERTIN (RUE,,,Nuit avec éclairage allumé,En agglomération,Intersection en X,Normale,Deux véhicules - côté,,,,,,,,,,,5,2,2,1,3
200700011277,0007-02-22 16:15:00,7,2,22,16,15,950,51,MARRONNIERS (AVENUE DES),,,Plein jour,En agglomération,Hors intersection,Pluie légère,Autre collision,,,,,,,,,,,1,2,1,2,6
200700011278,0007-02-06 12:10:00,7,2,6,12,10,201,4,"SANS, ROSSINI PASCAL BD",,,Plein jour,En agglomération,Hors intersection,Pluie forte,Sans collision,,,,,,,,,,,1,2,1,3,7
200700011279,0007-02-04 15:06:00,7,2,4,15,6,201,4,"SANS, ASPRETTO ROUTE",,,Plein jour,En agglomération,Hors intersection,Normale,Sans collision,,,,,,,,,,,1,2,1,1,7
200700011280,0007-02-10 20:31:00,7,2,10,20,31,201,4,PIETRI FRANCOIS RUE,,,Nuit avec éclairage allumé,En agglomération,Hors intersection,Pluie légère,Trois véhicules et plus - collisions multiples,,,,,,,,,,,5,2,1,2,5
200700011281,0007-02-14 21:20:00,7,2,14,21,20,201,4,"SANS, ROSSINI PASCAL BD",,,Nuit avec éclairage allumé,En agglomération,Hors intersection,Normale,Autre collision,,,,,,,,,,,5,2,1,1,6
200700011282,0007-02-06 11:49:00,7,2,6,11,49,201,4,"SANS, DEL PELLEGRINO RUE",,,Plein jour,En agglomération,Intersection en X,Pluie forte,Autre collision,,,,,,,,,,,1,2,2,3,6
200700011283,0007-02-24 05:39:00,7,2,24,5,39,201,4,"SANS, BONAPARTE CHARLES",,,Nuit avec éclairage allumé,En agglomération,Autre intersection,Normale,Deux véhicules - frontale,,,,,,,,,,,5,2,9,1,1
200700011284,0007-02-26 15:40:00,7,2,26,15,40,201,4,"SANS, BONAPARTE CHARLES",,,Plein jour,Hors agglomération,Hors intersection,Normale,Autre collision,,,,,,,,,,,1,1,1,1,6
200700011285,0007-02-26 09:30:00,7,2,26,9,30,201,4,SALARIO ROUTE DU,,,Plein jour,Hors agglomération,Hors intersection,Normale,Sans collision,,,,,,,,,,,1,1,1,1,7
200700011286,0007-02-27 16:53:00,7,2,27,16,53,201,4,RECCO ABBE BOULEVARD,,,Plein jour,En agglomération,Hors intersection,Normale,Deux véhicules - côté,,,,,,,,,,,1,2,1,1,3
200700011287,0007-02-27 18:10:00,7,2,27,18,10,201,4,PRINCE IMPERIAL COURS,,,Nuit avec éclairage allumé,En agglomération,Hors intersection,Normale,Deux véhicules - arrière,,,,,,,,,,,5,2,1,1,2
200700011288,0007-02-28 11:00:00,7,2,28,11,0,201,4,SEBASTIANU COSTA BD,,,Plein jour,En agglomération,Hors intersection,Normale,Deux véhicules - côté,,,,,,,,,,,1,2,1,1,3
200700011289,0007-02-03 16:15:00,7,2,3,16,15,690,381,"10, QUAI JEAN MOULIN",,,Plein jour,En agglomération,Hors intersection,Normale,Deux véhicules - arrière,,,,,,,,,,,1,2,1,1,2
200700011290,0007-02-04 16:00:00,7,2,4,16,0,690,381,"13, RUE D ALGERIE",,,Plein jour,En agglomération,Intersection en X,Normale,Autre collision,,,,,,,,,,,1,2,2,1,6
200700011291,0007-02-06 14:00:00,7,2,6,14,0,690,381,"21, NEYRET",,,Plein jour,En agglomération,Hors intersection,Normale,Autre collision,,,,,,,,,,,1,2,1,1,6
200700011292,0007-02-06 09:00:00,7,2,6,9,0,690,381,"14, QUAI ANDRE LASSAGNE",,,Plein jour,En agglomération,Hors intersection,Pluie légère,Deux véhicules - côté,,,,,,,,,,,1,2,1,2,3
200700011293,0007-02-01 20:55:00,7,2,1,20,55,940,22,A86,,,Nuit avec éclairage allumé,Hors agglomération,Hors intersection,Normale,Deux véhicules - côté,,,,,,,,,,,5,1,1,1,3
200700011294,0007-02-02 09:40:00,7,2,2,9,40,940,28,A86,,,Plein jour,Hors agglomération,Hors intersection,Temps couvert,Trois véhicules et plus - collisions multiples,,,,,,,,,,,1,1,1,8,5
200700011295,0007-02-02 16:40:00,7,2,2,16,40,770,514,A104,,,Plein jour,Hors agglomération,Hors intersection,Normale,Trois véhicules et plus - collisions multiples,,,,,,,,,,,1,1,1,1,5
200700011296,0007-02-04 14:30:00,7,2,4,14,30,770,363,A104,,,Plein jour,Hors agglomération,Hors intersection,Normale,Deux véhicules - arrière,,,,,,,,,,,1,1,1,1,2
200700011297,0007-02-06 02:20:00,7,2,6,2,20,770,121,A104,,,Nuit sans éclairage public,Hors agglomération,Hors intersection,Normale,Sans collision,,,,,,,,,,,3,1,1,1,7
200700011298,0007-02-06 06:45:00,7,2,6,6,45,940,33,A86.EXT,,,Crépuscule ou aube,Hors agglomération,Hors intersection,Normale,Deux véhicules - côté,,,,,,,,,,,2,1,1,1,3
200700011299,0007-02-07 09:05:00,7,2,7,9,5,940,18,A4,,,Plein jour,Hors agglomération,Hors intersection,Pluie légère,Sans collision,,,,,,,,,,,1,1,1,2,7
200700011300,0007-02-07 18:00:00,7,2,7,18,0,940,81,A86,,,Nuit avec éclairage allumé,Hors agglomération,Hors intersection,Normale,Trois véhicules et plus - en chaîne,,,,,,,,,,,5,1,1,1,4
200700011301,0007-02-08 01:00:00,7,2,8,1,0,770,121,A104,,,Nuit sans éclairage public,Hors agglomération,Hors intersection,Normale,Sans collision,,,,,,,,,,,3,1,1,1,7
200700011302,0007-02-08 01:15:00,7,2,8,1,15,940,69,A4,,,Nuit avec éclairage allumé,Hors agglomération,Hors intersection,Normale,Autre collision,,,,,,,,,,,5,1,1,1,6
200700011303,0007-02-08 07:50:00,7,2,8,7,50,940,18,A4,,,Plein jour,Hors agglomération,Autre intersection,Pluie légère,Deux véhicules - arrière,,,,,,,,,,,1,1,9,2,2
200700011304,0007-02-08 10:00:00,7,2,8,10,0,940,65,A86,,,Plein jour,Hors agglomération,Hors intersection,Normale,Sans collision,,,,,,,,,,,1,1,1,1,7
200700011305,0007-02-08 14:30:00,7,2,8,14,30,940,46,A86,,,Plein jour,Hors agglomération,Autre intersection,Normale,Trois véhicules et plus - collisions multiples,,,,,,,,,,,1,1,9,1,5
200700011306,0007-02-08 19:45:00,7,2,8,19,45,770,18,A4,,,Nuit sans éclairage public,Hors agglomération,Hors intersection,Normale,Autre collision,,,,,,,,,,,3,1,1,1,6
200700011307,0007-02-09 08:35:00,7,2,9,8,35,940,69,A4,,,Plein jour,Hors agglomération,Hors intersection,Normale,Trois véhicules et plus - collisions multiples,,,,,,,,,,,1,1,1,1,5
200700011308,0007-02-10 09:00:00,7,2,10,9,0,940,69,A4,,,Plein jour,Hors agglomération,Hors intersection,Normale,Autre collision,,,,,,,,,,,1,1,1,1,6
200700011309,0007-02-10 10:30:00,7,2,10,10,30,770,121,A104,,,Plein jour,Hors agglomération,Hors intersection,Normale,Deux véhicules - côté,,,,,,,,,,,1,1,1,1,3
200700011310,0007-02-11 13:20:00,7,2,11,13,20,770,121,A104,,,Plein jour,Hors agglomération,Hors intersection,Temps couvert,Autre collision,,,,,,,,,,,1,1,1,8,6
200700011311,0007-02-12 04:10:00,7,2,12,4,10,940,69,A86,,,Nuit avec éclairage allumé,Hors agglomération,Hors intersection,Pluie légère,Autre collision,,,,,,,,,,,5,1,1,2,6
200700011312,0007-02-12 07:45:00,7,2,12,7,45,930,51,A4,,,Crépuscule ou aube,Hors agglomération,Hors intersection,Autre,Sans collision,,,,,,,,,,,2,1,1,9,7
200700011313,0007-02-12 13:35:00,7,2,12,13,35,940,17,A4,,,Plein jour,Hors agglomération,Hors intersection,Normale,Deux véhicules - côté,,,,,,,,,,,1,1,1,1,3
200700011314,0007-02-12 14:30:00,7,2,12,14,30,940,17,A4,,,Plein jour,Hors agglomération,Hors intersection,Normale,Trois véhicules et plus - en chaîne,,,,,,,,,,,1,1,1,1,4
200700011315,0007-02-13 05:08:00,7,2,13,5,8,940,18,A4,,,Nuit avec éclairage allumé,Hors agglomération,Hors intersection,Pluie légère,Autre collision,,,,,,,,,,,5,1,1,2,6
200700011316,0007-02-13 13:00:00,7,2,13,13,0,940,46,A86,,,Plein jour,Hors agglomération,Hors intersection,Normale,Deux véhicules - côté,,,,,,,,,,,1,1,1,1,3
200700011317,0007-02-14 10:00:00,7,2,14,10,0,770,450,RN104,,,Plein jour,Hors agglomération,Hors intersection,Pluie légère,Deux véhicules - arrière,,,,,,,,,,,1,1,1,2,2
200700011318,0007-02-14 12:10:00,7,2,14,12,10,770,468,A104,,,Plein jour,Hors agglomération,Hors intersection,Temps couvert,Deux véhicules - côté,,,,,,,,,,,1,1,1,8,3
200700011319,0007-02-14 18:35:00,7,2,14,18,35,770,258,VPO.INT,,,Nuit sans éclairage public,Hors agglomération,Hors intersection,Normale,Trois véhicules et plus - en chaîne,,,,,,,,,,,3,1,1,1,4
200700011320,0007-02-15 09:30:00,7,2,15,9,30,930,51,A4,,,Plein jour,Hors agglomération,Hors intersection,Normale,Trois véhicules et plus - en chaîne,,,,,,,,,,,1,1,1,1,4