accident_id,datetime,annee,mois,jour,heure,minute,departement,commune_insee,adresse,latitude,longitude,luminosite,agglomeration,intersection,meteo,collision,nb_vehicules,nb_usagers,nb_indemnes,nb_tues,nb_blesses_hosp,nb_blesses_legers,age_cond_1,age_cond_2,veh_type_cond_1,veh_type_cond_2,lum_code,agg_code,int_code,atm_code,col_code
200700011724,0007-02-12 07:00:00,7,2,12,7,0,130,214,A7-Sens Marseille vers L,,,Crépuscule ou aube,Hors agglomération,Hors intersection,Normale,Deux véhicules - arrière,,,,,,,,,,,2,1,1,1,2
200700011725,0007-02-12 11:40:00,7,2,12,11,40,130,215,A7-Sens Lyon vers Marsei,,,Plein jour,Hors agglomération,Hors intersection,Normale,Autre collision,,,,,,,,,,,1,1,1,1,6
200700011726,0007-02-12 19:15:00,7,2,12,19,15,130,215,A7-Sens Marseille vers L,,,Nuit sans éclairage public,Hors agglomération,Hors intersection,Normale,Deux véhicules - arrière,,,,,,,,,,,3,1,1,1,2
200700011727,0007-02-14 19:45:00,7,2,14,19,45,130,215,A7-Sens Lyon vers Marsei,,,Nuit sans éclairage public,Hors agglomération,Hors intersection,Pluie forte,Autre collision,,,,,,,,,,,3,1,1,3,6
200700011728,0007-02-14 23:20:00,7,2,14,23,20,130,5,A50-Sens Marseille vers,,,Nuit sans éclairage public,Hors agglomération,Hors intersection,Normale,Trois véhicules et plus - collisions multiples,,,,,,,,,,,3,1,1,1,5
200700011729,0007-02-15 08:45:00,7,2,15,8,45,130,211,A50-Sens Aubagne vers Ma,,,Plein jour,Hors agglomération,Hors intersection,Normale,Deux véhicules - arrière,,,,,,,,,,,1,1,1,1,2
200700011730,0007-02-17 04:50:00,7,2,17,4,50,130,117,A7-Sens Marseille vers L,,,Nuit sans éclairage public,Hors agglomération,Hors intersection,Normale,Sans collision,,,,,,,,,,,3,1,1,1,7
200700011731,0007-02-19 00:20:00,7,2,19,0,20,130,71,A51-Sens Aix en Provence,,,Nuit avec éclairage allumé,Hors agglomération,Hors intersection,Normale,Autre collision,,,,,,,,,,,5,1,1,1,6
200700011732,0007-02-20 07:50:00,7,2,20,7,50,130,1,A51-Sens Aix en Provence,,,Plein jour,Hors agglomération,Hors intersection,Normale,Deux véhicules - arrière,,,,,,,,,,,1,1,1,1,2
200700011733,0007-02-20 10:55:00,7,2,20,10,55,130,1,A51-Sens Aix en Provence,,,Plein jour,Hors agglomération,Hors intersection,Normale,Deux véhicules - côté,,,,,,,,,,,1,1,1,1,3
200700011734,0007-02-21 07:15:00,7,2,21,7,15,130,117,A7-Sens Marseille vers L,,,Crépuscule ou aube,Hors agglomération,Hors intersection,Normale,Trois véhicules et plus - collisions multiples,,,,,,,,,,,2,1,1,1,5
200700011735,0007-02-21 08:25:00,7,2,21,8,25,130,85,A50-Sens Aubagne vers To,,,Plein jour,Hors agglomération,Hors intersection,Normale,Autre collision,,,,,,,,,,,1,1,1,1,6
200700011736,0007-02-21 15:50:00,7,2,21,15,50,130,211,A50-Sens Aubagne vers Ma,,,Plein jour,Hors agglomération,Hors intersection,Normale,Trois véhicules et plus - en chaîne,,,,,,,,,,,1,1,1,1,4
200700011737,0007-02-23 07:05:00,7,2,23,7,5,130,5,A502-Sens Toulon par R.N,,,Crépuscule ou aube,Hors agglomération,Hors intersection,Normale,Deux véhicules - arrière,,,,,,,,,,,2,1,1,1,2
200700011738,0007-02-22 17:10:00,7,2,22,17,10,130,215,A55-Sens Martigues vers,,,Plein jour,Hors agglomération,Hors intersection,Normale,Deux véhicules - arrière,,,,,,,,,,,1,1,1,1,2
200700011739,0007-02-23 16:00:00,7,2,23,16,0,130,202,TVPCD-Sens Les Ports ver,,,Plein jour,Hors agglomération,Hors intersection,Normale,Trois véhicules et plus - en chaîne,,,,,,,,,,,1,1,1,1,4
200700011740,0007-02-24 20:00:00,7,2,24,20,0,130,5,A50-Sens Marseille vers,,,Nuit sans éclairage public,Hors agglomération,Hors intersection,Normale,Autre collision,,,,,,,,,,,3,1,1,1,6
200700011741,0007-02-24 21:05:00,7,2,24,21,5,130,71,A7-Sens Marseille vers L,,,Nuit sans éclairage public,Hors agglomération,Hors intersection,Normale,Autre collision,,,,,,,,,,,3,1,1,1,6
200700011742,0007-02-25 05:00:00,7,2,25,5,0,130,1,A51-Sens Aix en Provence,,,Nuit sans éclairage public,Hors agglomération,Hors intersection,Temps couvert,Deux véhicules - côté,,,,,,,,,,,3,1,1,8,3
200700011743,0007-02-25 05:10:00,7,2,25,5,10,130,5,A50-Sens Aubagne vers Ma,,,Nuit sans éclairage public,Hors agglomération,Hors intersection,Normale,Autre collision,,,,,,,,,,,3,1,1,1,6
200700011744,0007-02-25 10:30:00,7,2,25,10,30,130,56,A55-Sens Marseille vers,,,Plein jour,Hors agglomération,Hors intersection,Pluie forte,Deux véhicules - côté,,,,,,,,,,,1,1,1,3,3
200700011745,0007-02-25 18:45:00,7,2,25,18,45,130,33,A55-SENS MARTIGUES/MARSE,,,Plein jour,Hors agglomération,Hors intersection,Normale,Autre collision,,,,,,,,,,,1,1,1,1,6
200700011746,0007-02-25 16:25:00,7,2,25,16,25,130,106,A51-Sens Marseille vers,,,Plein jour,Hors agglomération,Hors intersection,Pluie légère,Trois véhicules et plus - en chaîne,,,,,,,,,,,1,1,1,2,4
200700011747,0007-02-26 06:15:00,7,2,26,6,15,130,211,A50-Sens Marseille vers,,,Plein jour,Hors agglomération,Hors intersection,Normale,Deux véhicules - arrière,,,,,,,,,,,1,1,1,1,2
200700011748,0007-02-26 16:40:00,7,2,26,16,40,130,216,A55-Sens Marseille vers,,,Plein jour,Hors agglomération,Autre intersection,Normale,Trois véhicules et plus - en chaîne,,,,,,,,,,,1,1,9,1,4
200700011749,0007-02-27 10:10:00,7,2,27,10,10,130,207,Tunnel Prado Carénage,,,Plein jour,Hors agglomération,Hors intersection,Normale,Deux véhicules - arrière,,,,,,,,,,,1,1,1,1,2
200700011750,0007-02-27 12:35:00,7,2,27,12,35,130,70,A50-Sens Marseille vers,,,Plein jour,Hors agglomération,Hors intersection,Normale,Autre collision,,,,,,,,,,,1,1,1,1,6
200700011751,0007-02-27 22:30:00,7,2,27,22,30,130,215,A7-Sens Lyon vers Marsei,,,Nuit avec éclairage allumé,Hors agglomération,Hors intersection,Normale,Deux véhicules - arrière,,,,,,,,,,,5,1,1,1,2
200700011752,0007-02-19 16:30:00,7,2,19,16,30,160,295,RUE DES FRERES LAGARDE,,,Plein jour,En agglomération,Hors intersection,Normale,Autre collision,,,,,,,,,,,1,2,1,1,6
200700011753,0007-01-03 14:00:00,7,1,3,14,0,110,69,"61, BARBES BD IMPAIR",,,Plein jour,En agglomération,Hors intersection,Normale,Deux véhicules - côté,,,,,,,,,,,1,2,1,1,3
200700011754,0007-01-30 14:52:00,7,1,30,14,52,110,69,"26, CARNOT  -PLACE-",,,Plein jour,En agglomération,Intersection en X,Normale,Deux véhicules - côté,,,,,,,,,,,1,2,2,1,3
200700011755,0007-02-21 14:10:00,7,2,21,14,10,140,225,MAURICE THOREZ (BLD),,,Plein jour,En agglomération,Hors intersection,Normale,Deux véhicules - arrière,,,,,,,,,,,1,2,1,1,2
200700011756,0007-01-03 21:30:00,7,1,3,21,30,180,33,JURANVILLE (BOULEVARD),,,Nuit avec éclairage allumé,En agglomération,Intersection en X,Normale,Deux véhicules - frontale,,,,,,,,,,,5,2,2,1,1
200700011757,0007-01-07 18:19:00,7,1,7,18,19,180,213,"sans, CHARITE (ROUTE DE",,,Nuit avec éclairage allumé,En agglomération,Hors intersection,Normale,Deux véhicules - arrière,,,,,,,,,,,5,2,1,1,2
200700011758,0007-01-11 04:00:00,7,1,11,4,0,180,33,"58, LAMARCK (BOULEVARD)",,,Nuit avec éclairage allumé,En agglomération,Hors intersection,Pluie légère,Autre collision,,,,,,,,,,,5,2,1,2,6
200700011759,0007-01-15 17:45:00,7,1,15,17,45,180,33,MERY-ES-BOIS (ROUTE DE),,,Nuit avec éclairage allumé,En agglomération,Intersection en T,Normale,Deux véhicules - frontale,,,,,,,,,,,5,2,3,1,1
200700011760,0007-01-19 14:00:00,7,1,19,14,0,180,205,ORLEANS (ROUTE D'),,,Plein jour,En agglomération,Hors intersection,Pluie légère,Deux véhicules - arrière,,,,,,,,,,,1,2,1,2,2
200700011761,0007-01-20 05:45:00,7,1,20,5,45,180,33,ISSOUDUN (ROUTE D'),,,Nuit sans éclairage public,Hors agglomération,Hors intersection,Pluie légère,Sans collision,,,,,,,,,,,3,1,1,2,7
200700011762,0007-01-30 21:00:00,7,1,30,21,0,180,205,MALITORNE (RUE DE),,,Nuit avec éclairage allumé,En agglomération,Intersection en X,Normale,Deux véhicules - frontale,,,,,,,,,,,5,2,2,1,1
200700011763,0007-02-05 16:05:00,7,2,5,16,5,180,33,CHARITE (ROUTE DE LA),,,Plein jour,En agglomération,Intersection en T,Normale,Deux véhicules - côté,,,,,,,,,,,1,2,3,1,3
200700011764,0007-02-06 18:20:00,7,2,6,18,20,180,33,", JURANVILLE (BOULEVARD)",,,Nuit avec éclairage allumé,En agglomération,Hors intersection,Pluie légère,Trois véhicules et plus - en chaîne,,,,,,,,,,,5,2,1,2,4
200700011765,0007-02-07 11:55:00,7,2,7,11,55,180,33,"sans, ARMAND (RUE LOUIS)",,,Plein jour,En agglomération,Intersection en X,Normale,Deux véhicules - côté,,,,,,,,,,,1,2,2,1,3
200700011766,0007-02-07 19:30:00,7,2,7,19,30,180,33,"157, MALLET (R. LOUIS)",,,Nuit avec éclairage non allumé,En agglomération,Hors intersection,Pluie légère,Deux véhicules - arrière,,,,,,,,,,,4,2,1,2,2
200700011767,0007-02-10 13:00:00,7,2,10,13,0,180,33,GARE DE MARCHANDISES (RU,,,Plein jour,En agglomération,Intersection en T,Pluie légère,Deux véhicules - côté,,,,,,,,,,,1,2,3,2,3
200700011768,0007-02-12 11:20:00,7,2,12,11,20,180,33,"sans, BRANLY (RUE EDOUAR",,,Plein jour,En agglomération,Intersection en X,Normale,Deux véhicules - côté,,,,,,,,,,,1,2,2,1,3
200700011769,0007-02-22 17:30:00,7,2,22,17,30,180,205,ORLEANS (ROUTE D'),,,Plein jour,En agglomération,Hors intersection,Pluie légère,Trois véhicules et plus - en chaîne,,,,,,,,,,,1,2,1,2,4
200700011770,0007-02-28 16:10:00,7,2,28,16,10,180,33,CHARITE (ROUTE DE LA),,,Plein jour,En agglomération,Hors intersection,Pluie légère,Deux véhicules - frontale,,,,,,,,,,,1,2,1,2,1
200700011771,0007-01-22 08:00:00,7,1,22,8,0,280,220,MARCEAU (RUE),,,Plein jour,En agglomération,Hors intersection,Normale,Deux véhicules - arrière,,,,,,,,,,,1,2,1,1,2
200700011772,0007-01-23 16:50:00,7,1,23,16,50,280,220,"43, AVENUE DE LA REPUBLI",,,Plein jour,En agglomération,Hors intersection,Normale,Deux véhicules - arrière,,,,,,,,,,,1,2,1,1,2
200700011773,0007-01-03 17:17:00,7,1,3,17,17,300,189,"., MONTPELLIER (ROUTE DE",,,Crépuscule ou aube,En agglomération,Hors intersection,Normale,Deux véhicules - côté,,,,,,,,,,,2,2,1,1,3
200700011774,0007-01-05 17:21:00,7,1,5,17,21,300,189,"., ALLENDE SALVADOR (RUE",,,Nuit avec éclairage allumé,En agglomération,Hors intersection,Normale,Deux véhicules - arrière,,,,,,,,,,,5,2,1,1,2
200700011775,0007-01-06 13:43:00,7,1,6,13,43,300,189,"., ANCIENS COMBATTANTS D",,,Plein jour,En agglomération,Hors intersection,Normale,Sans collision,,,,,,,,,,,1,2,1,1,7
200700011776,0007-01-09 12:40:00,7,1,9,12,40,300,189,"., TRIAIRE SERGENT (BOUL",,,Plein jour,En agglomération,Hors intersection,Normale,Deux véhicules - arrière,,,,,,,,,,,1,2,1,1,2
200700011777,0007-01-09 19:23:00,7,1,9,19,23,300,189,"., LIBERTE (AVENUE)",,,Nuit avec éclairage allumé,En agglomération,Hors intersection,Normale,Deux véhicules - arrière,,,,,,,,,,,5,2,1,1,2
200700011778,0007-01-11 20:58:00,7,1,11,20,58,300,189,"., ALLENDE SALVADOR (RUE",,,Nuit avec éclairage allumé,En agglomération,Hors intersection,Normale,Deux véhicules - côté,,,,,,,,,,,5,2,1,1,3
200700011779,0007-01-21 21:00:00,7,1,21,21,0,300,189,ANCIENS COMBATTANTS D IN,,,Nuit sans éclairage public,Hors agglomération,Hors intersection,Normale,Autre collision,,,,,,,,,,,3,1,1,1,6
200700011780,0007-01-18 13:45:00,7,1,18,13,45,310,555,"02, AV DU DR MAURICE GRY",,,Plein jour,En agglomération,Hors intersection,Normale,Autre collision,,,,,,,,,,,1,2,1,1,6
200700011781,0007-01-05 07:18:00,7,1,5,7,18,310,555,"324, AV DES ETATS UNIS",,,Crépuscule ou aube,En agglomération,Hors intersection,Brouillard / fumée,Autre collision,,,,,,,,,,,2,2,1,5,6
200700011782,0007-02-16 16:05:00,7,2,16,16,5,340,32,"61, MOULIN JEAN (AV)",,,Plein jour,En agglomération,Hors intersection,Normale,Deux véhicules - côté,,,,,,,,,,,1,2,1,1,3
200700011783,0007-02-21 11:42:00,7,2,21,11,42,340,32,ROUTE DE PEZENAS (RN.113,,,Plein jour,Hors agglomération,Hors intersection,Normale,Sans collision,,,,,,,,,,,1,1,1,1,7
200700011784,0007-02-21 14:42:00,7,2,21,14,42,340,32,"107, WILSON PRESIDENT (A",,,Plein jour,En agglomération,Hors intersection,Normale,Trois véhicules et plus - collisions multiples,,,,,,,,,,,1,2,1,1,5
200700011785,0007-02-21 17:20:00,7,2,21,17,20,340,32,PASQUET LIEUTENANT DU (R,,,Plein jour,En agglomération,Hors intersection,Normale,Deux véhicules - frontale,,,,,,,,,,,1,2,1,1,1
200700011786,0007-02-21 18:15:00,7,2,21,18,15,340,32,ROUTE DEPARTEMENTALE  61,,,Crépuscule ou aube,Hors agglomération,Hors intersection,Normale,Deux véhicules - arrière,,,,,,,,,,,2,1,1,1,2
200700011787,0007-02-18 16:02:00,7,2,18,16,2,340,32,TANNE (AV. DE LA),,,Plein jour,En agglomération,Intersection en X,Pluie forte,Deux véhicules - frontale,,,,,,,,,,,1,2,2,3,1
200700011788,0007-02-27 17:40:00,7,2,27,17,40,340,32,CLEMENCEAU GEORGES (AVEN,,,Plein jour,En agglomération,Intersection en T,Normale,Deux véhicules - côté,,,,,,,,,,,1,2,3,1,3
200700011789,0007-02-28 09:45:00,7,2,28,9,45,340,32,"121, WILSON PRESIDENT (A",,,Plein jour,En agglomération,Hors intersection,Normale,Sans collision,,,,,,,,,,,1,2,1,1,7
200700011790,0007-02-02 21:25:00,7,2,2,21,25,760,217,RD 925,,,Nuit avec éclairage allumé,En agglomération,Hors intersection,Normale,Deux véhicules - côté,,,,,,,,,,,5,2,1,1,3
200700011791,0007-02-08 11:00:00,7,2,8,11,0,760,349,RD 925,,,Plein jour,Hors agglomération,Hors intersection,Pluie forte,Trois véhicules et plus - collisions multiples,,,,,,,,,,,1,1,1,3,5
200700011792,0007-02-10 20:35:00,7,2,10,20,35,760,217,"26/28, DUQUESNE (QUAI)",,,Nuit avec éclairage allumé,En agglomération,Hors intersection,Temps couvert,Autre collision,,,,,,,,,,,5,2,1,8,6
200700011793,0007-02-07 18:55:00,7,2,7,18,55,760,165,"0, REPUBLIQUE. RUE DE LA",,,Nuit avec éclairage allumé,En agglomération,Hors intersection,Normale,Autre collision,,,,,,,,,,,5,2,1,1,6
200700011794,0007-01-21 17:55:00,7,1,21,17,55,830,50,"110, PREMIERE ARMEE(AVEN",,,Nuit avec éclairage allumé,En agglomération,Hors intersection,Normale,Autre collision,,,,,,,,,,,5,2,1,1,6
200700011795,0007-01-26 01:00:00,7,1,26,1,0,830,50,"400, KENNEDY(BOULEVARD J",,,Nuit avec éclairage allumé,En agglomération,Hors intersection,Normale,Autre collision,,,,,,,,,,,5,2,1,1,6
200700011796,0007-01-02 12:05:00,7,1,2,12,5,920,12,"1, PIERRE GRENIER (AVENU",,,Plein jour,En agglomération,Intersection en X,Normale,Autre collision,,,,,,,,,,,1,2,2,1,6
200700011797,0007-01-09 09:35:00,7,1,9,9,35,920,12,"59, STALINGRAD (QUAI DE)",,,Plein jour,Hors agglomération,Hors intersection,Normale,Deux véhicules - côté,,,,,,,,,,,1,1,1,1,3
200700011798,0007-01-11 18:20:00,7,1,11,18,20,920,12,"62, JEAN JAURES (BOULEVA",,,Nuit avec éclairage non allumé,En agglomération,Hors intersection,Pluie légère,Deux véhicules - côté,,,,,,,,,,,4,2,1,2,3
200700011799,0007-01-12 09:15:00,7,1,12,9,15,920,12,"40, REPUBLIQUE (BOULEVAR",,,Plein jour,En agglomération,Hors intersection,Normale,Deux véhicules - frontale,,,,,,,,,,,1,2,1,1,1
200700011800,0007-01-12 11:02:00,7,1,12,11,2,920,12,"241, JEAN JAURES (BOULEV",,,Plein jour,En agglomération,Hors intersection,Normale,Autre collision,,,,,,,,,,,1,2,1,1,6
200700011801,0007-01-12 15:50:00,7,1,12,15,50,920,12,"1, JEAN JAURES (BOULEVAR",,,Plein jour,En agglomération,Intersection en X,Normale,Autre collision,,,,,,,,,,,1,2,2,1,6
200700011802,0007-01-12 15:30:00,7,1,12,15,30,920,12,"29, REINE (ROUTE DE LA)",,,Plein jour,En agglomération,Hors intersection,Normale,Deux véhicules - côté,,,,,,,,,,,1,2,1,1,3
200700011803,0007-01-13 16:45:00,7,1,13,16,45,920,12,"22, MICHELET (RUE)",,,Plein jour,En agglomération,Hors intersection,Normale,Autre collision,,,,,,,,,,,1,2,1,1,6
200700011804,0007-01-13 18:50:00,7,1,13,18,50,920,12,"5, ANDRE MORIZET (AVENUE",,,Nuit avec éclairage allumé,En agglomération,Hors intersection,Normale,Autre collision,,,,,,,,,,,5,2,1,1,6
200700011805,0007-01-15 16:25:00,7,1,15,16,25,920,12,"80-82, SEVRES (RUE DE) 1",,,Plein jour,En agglomération,Hors intersection,Normale,Autre collision,,,,,,,,,,,1,2,1,1,6
200700011806,0007-01-17 07:15:00,7,1,17,7,15,920,12,"ANGLE, REPUBLIQUE (BOULE",,,Plein jour,En agglomération,Intersection en X,Normale,Autre collision,,,,,,,,,,,1,2,2,1,6
200700011807,0007-01-18 16:30:00,7,1,18,16,30,920,12,"130, AGUESSEAU (RUE D')",,,Plein jour,En agglomération,Hors intersection,Normale,Autre collision,,,,,,,,,,,1,2,1,1,6
200700011808,0007-01-26 07:20:00,7,1,26,7,20,920,12,"112, JEAN BAPTISTE CLEME",,,Plein jour,En agglomération,Hors intersection,Normale,Autre collision,,,,,,,,,,,1,2,1,1,6
200700011809,0007-01-18 10:30:00,7,1,18,10,30,920,12,"1, JEAN BAPTISTE CLEMENT",,,Plein jour,En agglomération,Intersection en X,Normale,Trois véhicules et plus - collisions multiples,,,,,,,,,,,1,2,2,1,5
200700011810,0007-01-18 09:00:00,7,1,18,9,0,920,12,"11, ANDRE MORIZET (AVENU",,,Plein jour,En agglomération,Hors intersection,Normale,Autre collision,,,,,,,,,,,1,2,1,1,6
200700011811,0007-01-27 15:00:00,7,1,27,15,0,920,12,"PONT, PONT DE SEVRES (ME",,,Plein jour,En agglomération,Hors intersection,Normale,Deux véhicules - arrière,,,,,,,,,,,1,2,1,1,2
200700011812,0007-01-29 00:50:00,7,1,29,0,50,920,12,VICTOR HUGO (AVENUE) DEB,,,Nuit avec éclairage allumé,En agglomération,Hors intersection,Normale,Autre collision,,,,,,,,,,,5,2,1,1,6
200700011813,0007-01-29 18:50:00,7,1,29,18,50,920,12,"angle, REPUBLIQUE (BOULE",,,Plein jour,En agglomération,Intersection en X,Normale,Autre collision,,,,,,,,,,,1,2,2,1,6
200700011814,0007-01-15 15:10:00,7,1,15,15,10,920,12,"98, GALLIENI (RUE) 55/15",,,Plein jour,En agglomération,Hors intersection,Normale,Autre collision,,,,,,,,,,,1,2,1,1,6
200700011815,0007-02-05 12:15:00,7,2,5,12,15,920,12,"102, EDOUARD VAILLANT (A",,,Plein jour,En agglomération,Hors intersection,Normale,Autre collision,,,,,,,,,,,1,2,1,1,6
200700011816,0007-02-05 19:30:00,7,2,5,19,30,920,12,"1, ISSY (PONT D')",,,Nuit avec éclairage allumé,En agglomération,Hors intersection,Normale,Deux véhicules - côté,,,,,,,,,,,5,2,1,1,3
200700011817,0007-02-08 15:05:00,7,2,8,15,5,920,12,"3, REINE (ROUTE DE LA) 3",,,Plein jour,En agglomération,Hors intersection,Normale,Autre collision,,,,,,,,,,,1,2,1,1,6
200700011818,0007-02-09 09:35:00,7,2,9,9,35,920,12,"ANGLE, ANDRE MORIZET (AV",,,Plein jour,En agglomération,Intersection en X,Normale,Deux véhicules - côté,,,,,,,,,,,1,2,2,1,3
200700011819,0007-02-10 21:40:00,7,2,10,21,40,920,12,"angle, JEAN BAPTISTE CLE",,,Nuit avec éclairage allumé,En agglomération,Intersection en Y,Normale,Deux véhicules - côté,,,,,,,,,,,5,2,4,1,3
200700011820,0007-02-13 08:50:00,7,2,13,8,50,920,12,"ANGLE, SEVRES (RUE DE) 1",,,Plein jour,En agglomération,Intersection en X,Normale,Deux véhicules - côté,,,,,,,,,,,1,2,2,1,3
200700011821,0007-02-18 01:20:00,7,2,18,1,20,920,12,"31, FESSART (RUE)",,,Nuit avec éclairage allumé,En agglomération,Hors intersection,Normale,Autre collision,,,,,,,,,,,5,2,1,1,6
200700011822,0007-02-09 10:05:00,7,2,9,10,5,920,12,"219, JEAN JAURES (BOULEV",,,Plein jour,En agglomération,Hors intersection,Normale,Autre collision,,,,,,,,,,,1,2,1,1,6
200700011823,0007-02-13 12:00:00,7,2,13,12,0,920,12,"angle, REINE (ROUTE DE L",,,Plein jour,En agglomération,Intersection en X,Normale,Deux véhicules - côté,,,,,,,,,,,1,2,2,1,3
200700011824,0007-02-13 11:45:00,7,2,13,11,45,920,12,"77, YVES KERMEN (RUE) 51",,,Plein jour,En agglomération,Hors intersection,Normale,Autre collision,,,,,,,,,,,1,2,1,1,6
200700011825,0007-02-24 19:15:00,7,2,24,19,15,920,12,"ANGLE, ANDRE MORIZET (AV",,,Nuit avec éclairage allumé,En agglomération,Intersection en X,Normale,Autre collision,,,,,,,,,,,5,2,2,1,6
200700011826,0007-02-22 19:00:00,7,2,22,19,0,920,12,"81bis, BELLEVUE (RUE DE)",,,Plein jour,En agglomération,Hors intersection,Normale,Autre collision,,,,,,,,,,,1,2,1,1,6
200700011827,0007-01-20 12:10:00,7,1,20,12,10,930,70,"26, JEAN-JAURES (BD)",,,Plein jour,En agglomération,Hors intersection,Normale,Trois véhicules et plus - collisions multiples,,,,,,,,,,,1,2,1,1,5
200700011828,0007-02-07 04:45:00,7,2,7,4,45,690,287,A43   9.894 A 13.029,,,Nuit sans éclairage public,Hors agglomération,Hors intersection,Normale,Deux véhicules - arrière,,,,,,,,,,,3,1,1,1,2
200700011829,0007-02-14 03:20:00,7,2,14,3,20,690,29,RD383   7.640 A 11.044,,,Nuit avec éclairage non allumé,Hors agglomération,Hors intersection,Normale,Autre collision,,,,,,,,,,,4,1,1,1,6
200700011830,0007-01-02 16:05:00,7,1,2,16,5,830,137,A57,,,Plein jour,Hors agglomération,Hors intersection,Normale,Trois véhicules et plus - en chaîne,,,,,,,,,,,1,1,1,1,4
200700011831,0007-01-05 21:20:00,7,1,5,21,20,830,137,A57,,,Nuit avec éclairage allumé,Hors agglomération,Hors intersection,Normale,Autre collision,,,,,,,,,,,5,1,1,1,6
200700011832,0007-01-08 07:40:00,7,1,8,7,40,830,62,A57,,,Crépuscule ou aube,Hors agglomération,Hors intersection,Normale,Trois véhicules et plus - en chaîne,,,,,,,,,,,2,1,1,1,4
200700011833,0007-01-09 18:40:00,7,1,9,18,40,830,137,A57,,,Nuit avec éclairage allumé,Hors agglomération,Hors intersection,Normale,Trois véhicules et plus - en chaîne,,,,,,,,,,,5,1,1,1,4
200700011834,0007-01-11 07:58:00,7,1,11,7,58,830,62,A57,,,Crépuscule ou aube,Hors agglomération,Hors intersection,Normale,Deux véhicules - côté,,,,,,,,,,,2,1,1,1,3
200700011835,0007-01-19 07:45:00,7,1,19,7,45,830,137,A57,,,Plein jour,Hors agglomération,Hors intersection,Normale,Deux véhicules - arrière,,,,,,,,,,,1,1,1,1,2
200700011836,0007-01-23 07:50:00,7,1,23,7,50,830,137,A57,,,Crépuscule ou aube,Hors agglomération,Hors intersection,Pluie forte,Deux véhicules - arrière,,,,,,,,,,,2,1,1,3,2
200700011837,0007-01-23 16:35:00,7,1,23,16,35,830,137,A57,,,Plein jour,Hors agglomération,Hors intersection,Normale,Deux véhicules - côté,,,,,,,,,,,1,1,1,1,3
200700011838,0007-01-26 18:03:00,7,1,26,18,3,830,62,A570,,,Nuit sans éclairage public,Hors agglomération,Hors intersection,Normale,Autre collision,,,,,,,,,,,3,1,1,1,6
200700011839,0007-01-29 10:10:00,7,1,29,10,10,830,144,A57,,,Plein jour,Hors agglomération,Hors intersection,Normale,Deux véhicules - arrière,,,,,,,,,,,1,1,1,1,2
200700011840,0007-02-01 01:00:00,7,2,1,1,0,830,137,A57,,,Nuit avec éclairage allumé,Hors agglomération,Hors intersection,Normale,Sans collision,,,,,,,,,,,5,1,1,1,7
200700011841,0007-02-02 15:05:00,7,2,2,15,5,830,137,A57,,,Plein jour,Hors agglomération,Hors intersection,Normale,Deux véhicules - arrière,,,,,,,,,,,1,1,1,1,2
200700011842,0007-02-12 09:40:00,7,2,12,9,40,830,137,A57,,,Plein jour,Hors agglomération,Hors intersection,Normale,Deux véhicules - arrière,,,,,,,,,,,1,1,1,1,2
200700011843,0007-02-14 17:45:00,7,2,14,17,45,830,137,A57,,,Crépuscule ou aube,Hors agglomération,Hors intersection,Pluie légère,Deux véhicules - arrière,,,,,,,,,,,2,1,1,2,2
200700011844,0007-02-15 09:15:00,7,2,15,9,15,830,144,A57,,,Plein jour,Hors agglomération,Hors intersection,Normale,Trois véhicules et plus - en chaîne,,,,,,,,,,,1,1,1,1,4
200700011845,0007-02-02 14:55:00,7,2,2,14,55,130,28,A50,,,Plein jour,Hors agglomération,Hors intersection,Normale,Deux véhicules - côté,,,,,,,,,,,1,1,1,1,3
200700011846,0007-02-26 05:30:00,7,2,26,5,30,830,137,A57,,,Nuit avec éclairage allumé,Hors agglomération,Hors intersection,Normale,Deux véhicules - arrière,,,,,,,,,,,5,1,1,1,2
200700011847,0007-02-27 16:46:00,7,2,27,16,46,830,137,A57,,,Plein jour,Hors agglomération,Hors intersection,Normale,Trois véhicules et plus - collisions multiples,,,,,,,,,,,1,1,1,1,5
200700011848,0007-03-09 17:45:00,7,3,9,17,45,590,477,2 rue gambetta,50.513,2.917,Plein jour,En agglomération,Autre intersection,Normale,Autre collision,,,,,,,,,,,1,2,9,1,6
200700011849,0007-03-02 20:45:00,7,3,2,20,45,590,550,,50.544,2.833,Nuit avec éclairage allumé,Hors agglomération,Giratoire,Pluie forte,Deux véhicules - arrière,,,,,,,,,,,5,1,6,3,2
200700011850,0007-03-10 18:15:00,7,3,10,18,15,590,653,Rue Sadi Carnot,50.576,2.931,Plein jour,En agglomération,Hors intersection,Normale,Deux véhicules - côté,,,,,,,,,,,1,2,1,1,3
200700011851,0007-03-28 15:45:00,7,3,28,15,45,590,197,,50.534,3.126,Plein jour,En agglomération,Hors intersection,Normale,Autre collision,,,,,,,,,,,1,2,1,1,6
200700011852,0007-03-04 04:45:00,7,3,4,4,45,590,462,,,,Nuit sans éclairage public,Hors agglomération,Hors intersection,Normale,Sans collision,,,,,,,,,,,3,1,1,1,7
200700011853,0007-03-24 14:30:00,7,3,24,14,30,590,462,,50.524,2.995,Plein jour,Hors agglomération,Hors intersection,Normale,Deux véhicules - côté,,,,,,,,,,,1,1,1,1,3