accident_id,datetime,annee,mois,jour,heure,minute,departement,commune_insee,adresse,latitude,longitude,luminosite,agglomeration,intersection,meteo,collision,nb_vehicules,nb_usagers,nb_indemnes,nb_tues,nb_blesses_hosp,nb_blesses_legers,age_cond_1,age_cond_2,veh_type_cond_1,veh_type_cond_2,lum_code,agg_code,int_code,atm_code,col_code
200700012128,0007-03-24 01:00:00,7,3,24,1,0,610,484,D107,,,Nuit avec éclairage non allumé,Hors agglomération,Hors intersection,Normale,Autre collision,,,,,,,,,,,4,1,1,1,6
200700012129,0007-03-10 20:30:00,7,3,10,20,30,610,422,,48.695,0.611,Nuit sans éclairage public,Hors agglomération,Hors intersection,Normale,Autre collision,,,,,,,,,,,3,1,1,1,6
200700012130,0007-03-28 07:45:00,7,3,28,7,45,440,198,rue de la Maillardière,,,Crépuscule ou aube,En agglomération,Hors intersection,Normale,Deux véhicules - frontale,,,,,,,,,,,2,2,1,1,1
200700012131,0007-03-05 12:15:00,7,3,5,12,15,440,180,Rue des Riantières,47.525,-1.178,Plein jour,En agglomération,Hors intersection,Pluie forte,Autre collision,,,,,,,,,,,1,2,1,3,6
200700012132,0007-03-15 18:00:00,7,3,15,18,0,440,3,,,,Plein jour,En agglomération,Hors intersection,Normale,Deux véhicules - arrière,,,,,,,,,,,1,2,1,1,2
200700012133,0007-03-23 21:30:00,7,3,23,21,30,440,29,"lieu dit ""la divatte""",,,Nuit sans éclairage public,Hors agglomération,Hors intersection,Pluie légère,Deux véhicules - frontale,,,,,,,,,,,3,1,1,2,1
200700012134,0007-03-05 19:30:00,7,3,5,19,30,440,185,,47.66,-2.02,Nuit sans éclairage public,Hors agglomération,Hors intersection,Normale,Autre collision,,,,,,,,,,,3,1,1,1,6
200700012135,0007-03-09 15:30:00,7,3,9,15,30,440,15,LIEU DIT LE GRAVIER,47.473,-1.768,Plein jour,En agglomération,Hors intersection,Normale,Deux véhicules - frontale,,,,,,,,,,,1,2,1,1,1
200700012136,0007-03-15 19:45:00,7,3,15,19,45,440,7,,47.665,-1.938,Nuit sans éclairage public,Hors agglomération,Hors intersection,Normale,Deux véhicules - frontale,,,,,,,,,,,3,1,1,1,1
200700012137,0007-03-24 12:45:00,7,3,24,12,45,440,23,,47.44,-1.87,Plein jour,Hors agglomération,Intersection en X,Normale,Deux véhicules - côté,,,,,,,,,,,1,1,2,1,3
200700012138,0007-03-04 02:00:00,7,3,4,2,0,440,110,,47.482,-1.506,Nuit sans éclairage public,Hors agglomération,Hors intersection,Brouillard / fumée,Autre collision,,,,,,,,,,,3,1,1,5,6
200700012139,0007-03-23 11:45:00,7,3,23,11,45,440,149,,47.463,-1.638,Plein jour,Hors agglomération,Hors intersection,Normale,Sans collision,,,,,,,,,,,1,1,1,1,7
200700012140,0007-03-31 17:30:00,7,3,31,17,30,440,110,,47.444,-1.499,Plein jour,En agglomération,Hors intersection,Normale,Deux véhicules - frontale,,,,,,,,,,,1,2,1,1,1
200700012141,0007-03-31 22:15:00,7,3,31,22,15,440,149,,47.5,-1.565,Nuit sans éclairage public,Hors agglomération,Hors intersection,Normale,Autre collision,,,,,,,,,,,3,1,1,1,6
200700012142,0007-03-12 17:45:00,7,3,12,17,45,440,150,route de bouaye -,47.128,-1.621,Plein jour,En agglomération,Hors intersection,Normale,Deux véhicules - côté,,,,,,,,,,,1,2,1,1,3
200700012143,0007-03-14 18:00:00,7,3,14,18,0,440,59,,,,Plein jour,Hors agglomération,Hors intersection,Normale,Deux véhicules - frontale,,,,,,,,,,,1,1,1,1,1
200700012144,0007-03-16 16:00:00,7,3,16,16,0,440,154,,47.272,-2.149,Plein jour,Hors agglomération,Intersection en X,Normale,Deux véhicules - côté,,,,,,,,,,,1,1,2,1,3
200700012145,0007-03-10 18:30:00,7,3,10,18,30,440,133,,,,Plein jour,Hors agglomération,Hors intersection,Normale,Deux véhicules - côté,,,,,,,,,,,1,1,1,1,3
200700012146,0007-03-04 15:45:00,7,3,4,15,45,440,72,,47.503,-2.261,Nuit sans éclairage public,Hors agglomération,Hors intersection,Pluie forte,Sans collision,,,,,,,,,,,3,1,1,3,7
200700012147,0007-03-31 19:45:00,7,3,31,19,45,440,72,,,,Plein jour,Hors agglomération,Hors intersection,Normale,Deux véhicules - frontale,,,,,,,,,,,1,1,1,1,1
200700012148,0007-03-08 20:45:00,7,3,8,20,45,440,52,rue du Galion,,,Nuit sans éclairage public,En agglomération,Hors intersection,Normale,Autre collision,,,,,,,,,,,3,2,1,1,6
200700012149,0007-03-09 22:00:00,7,3,9,22,0,440,52,,,,Nuit avec éclairage allumé,Hors agglomération,Hors intersection,Normale,Sans collision,,,,,,,,,,,5,1,1,1,7
200700012150,0007-03-24 15:00:00,7,3,24,15,0,440,52,,,,Plein jour,Hors agglomération,Hors intersection,Normale,Deux véhicules - côté,,,,,,,,,,,1,1,1,1,3
200700012151,0007-03-27 15:15:00,7,3,27,15,15,440,103,,,,Plein jour,Hors agglomération,Hors intersection,Normale,Deux véhicules - arrière,,,,,,,,,,,1,1,1,1,2
200700012152,0007-03-09 21:30:00,7,3,9,21,30,440,68,,,,Nuit sans éclairage public,Hors agglomération,Hors intersection,Normale,Autre collision,,,,,,,,,,,3,1,1,1,6
200700012153,0007-03-03 05:15:00,7,3,3,5,15,440,158,,,,Nuit sans éclairage public,Hors agglomération,Autre intersection,Temps couvert,Deux véhicules - arrière,,,,,,,,,,,3,1,9,8,2
200700012154,0007-03-10 20:00:00,7,3,10,20,0,440,203,"56, Rue de Nantes",,,Nuit avec éclairage allumé,En agglomération,Hors intersection,Normale,Autre collision,,,,,,,,,,,5,2,1,1,6
200700012155,0007-03-15 18:45:00,7,3,15,18,45,440,45,,47.317,-1.823,Crépuscule ou aube,Hors agglomération,Hors intersection,Normale,Deux véhicules - côté,,,,,,,,,,,2,1,1,1,3
200700012156,0007-03-30 02:45:00,7,3,30,2,45,490,20,,47.467,-0.643,Nuit sans éclairage public,Hors agglomération,Hors intersection,Normale,Autre collision,,,,,,,,,,,3,1,1,1,6
200700012157,0007-03-30 22:15:00,7,3,30,22,15,490,35,D111,47.415,-0.622,Nuit sans éclairage public,En agglomération,Hors intersection,Pluie légère,Autre collision,,,,,,,,,,,3,2,1,2,6
200700012158,0007-03-28 23:30:00,7,3,28,23,30,490,280,,47.51,-0.224,Nuit sans éclairage public,Hors agglomération,Hors intersection,Pluie légère,Autre collision,,,,,,,,,,,3,1,1,2,6
200700012159,0007-03-27 08:45:00,7,3,27,8,45,490,223,CHEMIN DE BELLEVUE,47.408,-0.529,Plein jour,En agglomération,Hors intersection,Normale,Deux véhicules - côté,,,,,,,,,,,1,2,1,1,3
200700012160,0007-03-30 21:15:00,7,3,30,21,15,490,32,levée de la loire,,,Nuit sans éclairage public,Hors agglomération,Hors intersection,Pluie légère,Deux véhicules - côté,,,,,,,,,,,3,1,1,2,3
200700012161,0007-03-26 07:45:00,7,3,26,7,45,490,92,70 rue Nationale,,,Crépuscule ou aube,En agglomération,Hors intersection,Temps couvert,Autre collision,,,,,,,,,,,2,2,1,8,6
200700012162,0007-03-07 17:30:00,7,3,7,17,30,490,260,,,,Plein jour,Hors agglomération,Hors intersection,Pluie légère,Trois véhicules et plus - collisions multiples,,,,,,,,,,,1,1,1,2,5
200700012163,0007-03-08 12:45:00,7,3,8,12,45,490,192,CD20,,,Plein jour,En agglomération,Hors intersection,Normale,Deux véhicules - côté,,,,,,,,,,,1,2,1,1,3
200700012164,0007-03-29 14:15:00,7,3,29,14,15,490,332,,47.107,-0.952,Plein jour,Hors agglomération,Hors intersection,Normale,Autre collision,,,,,,,,,,,1,1,1,1,6
200700012165,0007-03-06 12:30:00,7,3,6,12,30,490,177,,47.345,-1.137,Plein jour,Hors agglomération,Hors intersection,Pluie forte,Deux véhicules - frontale,,,,,,,,,,,1,1,1,3,1
200700012166,0007-03-11 12:15:00,7,3,11,12,15,490,324,,47.274,-0.986,Plein jour,Hors agglomération,Intersection en T,Normale,Deux véhicules - côté,,,,,,,,,,,1,1,3,1,3
200700012167,0007-03-11 16:45:00,7,3,11,16,45,490,276,,47.366,-1.026,Plein jour,Hors agglomération,Hors intersection,Normale,Autre collision,,,,,,,,,,,1,1,1,1,6
200700012168,0007-03-12 00:30:00,7,3,12,0,30,490,234,,47.443,0.154,Nuit sans éclairage public,Hors agglomération,Hors intersection,Normale,Autre collision,,,,,,,,,,,3,1,1,1,6
200700012169,0007-03-25 16:15:00,7,3,25,16,15,490,369,,,,Plein jour,Hors agglomération,Hors intersection,Normale,Deux véhicules - frontale,,,,,,,,,,,1,1,1,1,1
200700012170,0007-03-11 17:00:00,7,3,11,17,0,490,125,,47.21,-0.29,Plein jour,Hors agglomération,Hors intersection,Normale,Deux véhicules - arrière,,,,,,,,,,,1,1,1,1,2
200700012171,0007-03-19 22:30:00,7,3,19,22,30,490,304,,47.309,-0.129,Nuit sans éclairage public,Hors agglomération,Giratoire,Normale,Sans collision,,,,,,,,,,,3,1,6,1,7
200700012172,0007-03-28 07:45:00,7,3,28,7,45,490,274,,,,Crépuscule ou aube,Hors agglomération,Hors intersection,Brouillard / fumée,Deux véhicules - arrière,,,,,,,,,,,2,1,1,5,2
200700012173,0007-03-16 23:00:00,7,3,16,23,0,490,200,,47.565,-0.672,Nuit sans éclairage public,Hors agglomération,Hors intersection,Normale,Autre collision,,,,,,,,,,,3,1,1,1,6
200700012174,0007-03-03 19:30:00,7,3,3,19,30,490,347,,,,Crépuscule ou aube,Hors agglomération,Hors intersection,Normale,Deux véhicules - frontale,,,,,,,,,,,2,1,1,1,1
200700012175,0007-03-25 04:45:00,7,3,25,4,45,530,94,,48.01,-0.726,Nuit sans éclairage public,Hors agglomération,Giratoire,Normale,Autre collision,,,,,,,,,,,3,1,6,1,6
200700012176,0007-03-18 21:00:00,7,3,18,21,0,530,134,,48.125,-0.461,Nuit sans éclairage public,Hors agglomération,Hors intersection,Normale,Deux véhicules - côté,,,,,,,,,,,3,1,1,1,3
200700012177,0007-03-28 14:00:00,7,3,28,14,0,530,97,bd du maréchal LECLERC,48.164,-0.405,Plein jour,En agglomération,Hors intersection,Normale,Autre collision,,,,,,,,,,,1,2,1,1,6
200700012178,0007-03-02 15:30:00,7,3,2,15,30,530,62,,47.823,-0.724,Plein jour,Hors agglomération,Hors intersection,Pluie légère,Deux véhicules - côté,,,,,,,,,,,1,1,1,2,3
200700012179,0007-03-27 22:00:00,7,3,27,22,0,530,17,,47.94,-0.423,Nuit sans éclairage public,Hors agglomération,Hors intersection,Normale,Sans collision,,,,,,,,,,,3,1,1,1,7
200700012180,0007-03-30 19:00:00,7,3,30,19,0,530,145,,,,Plein jour,Hors agglomération,Hors intersection,Pluie forte,Trois véhicules et plus - en chaîne,,,,,,,,,,,1,1,1,3,4
200700012181,0007-03-09 10:00:00,7,3,9,10,0,530,197,Rue des vignobles,,,Plein jour,En agglomération,Hors intersection,Normale,Trois véhicules et plus - collisions multiples,,,,,,,,,,,1,2,1,1,5
200700012182,0007-03-03 11:00:00,7,3,3,11,0,530,211,,,,Plein jour,Hors agglomération,Hors intersection,Pluie forte,Sans collision,,,,,,,,,,,1,1,1,3,7
200700012183,0007-03-09 20:00:00,7,3,9,20,0,530,196,,48.465,-0.303,Nuit sans éclairage public,Hors agglomération,Hors intersection,Normale,Deux véhicules - frontale,,,,,,,,,,,3,1,1,1,1
200700012184,0007-03-24 10:00:00,7,3,24,10,0,530,246,,48.409,-0.082,Plein jour,Hors agglomération,Hors intersection,Normale,Deux véhicules - côté,,,,,,,,,,,1,1,1,1,3
200700012185,0007-03-03 08:45:00,7,3,3,8,45,720,124,,47.843,0.27,Plein jour,Hors agglomération,Hors intersection,Normale,Autre collision,,,,,,,,,,,1,1,1,1,6
200700012186,0007-03-10 11:15:00,7,3,10,11,15,720,231,,47.906,0.402,Plein jour,Hors agglomération,Hors intersection,Normale,Deux véhicules - côté,,,,,,,,,,,1,1,1,1,3
200700012187,0007-03-01 17:45:00,7,3,1,17,45,720,269,partementale 40 PK 0.500,,,Crépuscule ou aube,Hors agglomération,Hors intersection,Pluie légère,Deux véhicules - frontale,,,,,,,,,,,2,1,1,2,1
200700012188,0007-03-02 18:30:00,7,3,2,18,30,720,373,57 rue de la gare,,,Nuit avec éclairage allumé,En agglomération,Hors intersection,Pluie légère,Deux véhicules - frontale,,,,,,,,,,,5,2,1,2,1
200700012189,0007-03-07 18:30:00,7,3,7,18,30,720,42,RUE NATIONALE,,,Plein jour,En agglomération,Hors intersection,Normale,Deux véhicules - côté,,,,,,,,,,,1,2,1,1,3
200700012190,0007-03-26 17:45:00,7,3,26,17,45,720,386,,,,Plein jour,Hors agglomération,Hors intersection,Normale,Trois véhicules et plus - collisions multiples,,,,,,,,,,,1,1,1,1,5
200700012191,0007-03-08 14:45:00,7,3,8,14,45,720,335,,48.109,0.333,Plein jour,Hors agglomération,Hors intersection,Normale,Deux véhicules - frontale,,,,,,,,,,,1,1,1,1,1
200700012192,0007-03-02 17:40:00,7,3,2,17,40,720,149,La Lune,,,Plein jour,Hors agglomération,Hors intersection,Pluie légère,Deux véhicules - frontale,,,,,,,,,,,1,1,1,2,1
200700012193,0007-03-12 15:45:00,7,3,12,15,45,720,257,,,,Plein jour,Hors agglomération,Hors intersection,Normale,Deux véhicules - frontale,,,,,,,,,,,1,1,1,1,1
200700012194,0007-03-24 14:30:00,7,3,24,14,30,720,166,,,,Plein jour,Hors agglomération,Hors intersection,Normale,Deux véhicules - arrière,,,,,,,,,,,1,1,1,1,2
200700012195,0007-03-16 17:30:00,7,3,16,17,30,720,154,,47.72,-0.1,Plein jour,En agglomération,Hors intersection,Normale,Autre collision,,,,,,,,,,,1,2,1,1,6
200700012196,0007-03-16 17:30:00,7,3,16,17,30,720,314,"lieu dit ""le puits""",47.806,0.512,Plein jour,Hors agglomération,Hors intersection,Normale,Sans collision,,,,,,,,,,,1,1,1,1,7
200700012197,0007-03-26 18:00:00,7,3,26,18,0,720,223,CD35 Pont de la SARTHE,,,Plein jour,En agglomération,Hors intersection,Normale,Trois véhicules et plus - collisions multiples,,,,,,,,,,,1,2,1,1,5
200700012198,0007-03-03 22:15:00,7,3,3,22,15,720,226,,47.836,0.126,Nuit sans éclairage public,Hors agglomération,Hors intersection,Normale,Autre collision,,,,,,,,,,,3,1,1,1,6
200700012199,0007-03-16 17:45:00,7,3,16,17,45,720,176,Rue de la Cave aux coqs,,,Plein jour,En agglomération,Hors intersection,Normale,Deux véhicules - frontale,,,,,,,,,,,1,2,1,1,1
200700012200,0007-03-17 22:45:00,7,3,17,22,45,720,135,,,,Nuit sans éclairage public,Hors agglomération,Hors intersection,Normale,Autre collision,,,,,,,,,,,3,1,1,1,6
200700012201,0007-03-20 05:15:00,7,3,20,5,15,720,62,,,,Crépuscule ou aube,Hors agglomération,Hors intersection,Neige / grêle,Sans collision,,,,,,,,,,,2,1,1,4,7
200700012202,0007-03-29 11:15:00,7,3,29,11,15,850,69,,46.649,-1.509,Plein jour,Hors agglomération,Passage à niveau,Normale,Deux véhicules - frontale,,,,,,,,,,,1,1,8,1,1
200700012203,0007-03-29 14:50:00,7,3,29,14,50,850,21,Lieu-dit La Croix Verte,47.034,-1.263,Plein jour,Hors agglomération,Hors intersection,Temps couvert,Deux véhicules - côté,,,,,,,,,,,1,1,1,8,3
200700012204,0007-03-01 17:30:00,7,3,1,17,30,850,15,"Lieu dit ""Le Buet""",,,Plein jour,Hors agglomération,Hors intersection,Pluie forte,Trois véhicules et plus - collisions multiples,,,,,,,,,,,1,1,1,3,5
200700012205,0007-03-03 16:15:00,7,3,3,16,15,850,300,Rue Louis LUMIERE,46.69,-1.513,Plein jour,En agglomération,Hors intersection,Normale,Deux véhicules - frontale,,,,,,,,,,,1,2,1,1,1
200700012206,0007-03-24 11:45:00,7,3,24,11,45,850,98,,46.733,-1.508,Plein jour,Hors agglomération,Hors intersection,Normale,Sans collision,,,,,,,,,,,1,1,1,1,7
200700012207,0007-03-27 18:15:00,7,3,27,18,15,850,155,rue de la gillonière,,,Plein jour,En agglomération,Giratoire,Normale,Deux véhicules - frontale,,,,,,,,,,,1,2,6,1,1
200700012208,0007-03-08 16:15:00,7,3,8,16,15,850,92,RUE DU PORT,46.46,-0.78,Plein jour,En agglomération,Hors intersection,Normale,Autre collision,,,,,,,,,,,1,2,1,1,6
200700012209,0007-03-02 14:45:00,7,3,2,14,45,850,14,,46.676,-0.919,Plein jour,Hors agglomération,Hors intersection,Pluie forte,Deux véhicules - frontale,,,,,,,,,,,1,1,1,3,1
200700012210,0007-03-01 14:00:00,7,3,1,14,0,850,31,,,,Plein jour,Hors agglomération,Hors intersection,Pluie légère,Autre collision,,,,,,,,,,,1,1,1,2,6
200700012211,0007-03-10 17:30:00,7,3,10,17,30,850,218,,46.64,-1.601,Plein jour,Hors agglomération,Hors intersection,Normale,Deux véhicules - frontale,,,,,,,,,,,1,1,1,1,1
200700012212,0007-03-26 17:00:00,7,3,26,17,0,850,35,Bd du Général de Gaulle,,,Plein jour,En agglomération,Intersection en X,Normale,Deux véhicules - côté,,,,,,,,,,,1,2,2,1,3
200700012213,0007-03-01 10:45:00,7,3,1,10,45,850,294,,,,Plein jour,Hors agglomération,Hors intersection,Pluie légère,Deux véhicules - frontale,,,,,,,,,,,1,1,1,2,1
200700012214,0007-03-09 05:30:00,7,3,9,5,30,330,498,RD 3,44.538,-0.835,Nuit avec éclairage allumé,Hors agglomération,Autre intersection,Normale,Autre collision,,,,,,,,,,,5,1,9,1,6
200700012215,0007-03-20 22:00:00,7,3,20,22,0,330,42,,44.527,-0.798,Nuit sans éclairage public,Hors agglomération,Hors intersection,Normale,Autre collision,,,,,,,,,,,3,1,1,1,6
200700012216,0007-03-06 13:30:00,7,3,6,13,30,330,519,,,,Plein jour,Hors agglomération,Hors intersection,Normale,Sans collision,,,,,,,,,,,1,1,1,1,7
200700012217,0007-03-19 14:00:00,7,3,19,14,0,330,11,60 av. Général de Gaulle,44.777,-1.141,Plein jour,En agglomération,Hors intersection,Temps couvert,Deux véhicules - côté,,,,,,,,,,,1,2,1,8,3
200700012218,0007-03-03 11:45:00,7,3,3,11,45,330,200,,,,Plein jour,Hors agglomération,Hors intersection,Normale,Deux véhicules - frontale,,,,,,,,,,,1,1,1,1,1
200700012219,0007-03-10 12:45:00,7,3,10,12,45,330,58,"15, cité Tauzin",45.127,-0.658,Plein jour,En agglomération,Hors intersection,Normale,Deux véhicules - frontale,,,,,,,,,,,1,2,1,1,1
200700012220,0007-03-16 18:45:00,7,3,16,18,45,330,182,francicot,45.072,-0.612,Plein jour,En agglomération,Autre intersection,Normale,Deux véhicules - côté,,,,,,,,,,,1,2,9,1,3
200700012221,0007-03-31 19:30:00,7,3,31,19,30,330,228,lieu-dit Canterane,45.065,-0.538,Plein jour,En agglomération,Hors intersection,Normale,Sans collision,,,,,,,,,,,1,2,1,1,7
200700012222,0007-03-09 19:30:00,7,3,9,19,30,330,433,route d'Yvrac,44.918,-0.44,Nuit avec éclairage allumé,En agglomération,Intersection en X,Normale,Trois véhicules et plus - collisions multiples,,,,,,,,,,,5,2,2,1,5
200700012223,0007-03-17 16:00:00,7,3,17,16,0,330,554,,44.881,-0.467,Plein jour,Hors agglomération,Hors intersection,Normale,Deux véhicules - arrière,,,,,,,,,,,1,1,1,1,2
200700012224,0007-03-03 05:00:00,7,3,3,5,0,330,213,,44.67,-0.55,Nuit sans éclairage public,Hors agglomération,Hors intersection,Pluie légère,Autre collision,,,,,,,,,,,3,1,1,2,6
200700012225,0007-03-09 07:15:00,7,3,9,7,15,330,140,CD 14 Ave Suzanne Salvet,44.777,-0.35,Plein jour,En agglomération,Hors intersection,Normale,Deux véhicules - frontale,,,,,,,,,,,1,2,1,1,1
200700012226,0007-03-09 09:30:00,7,3,9,9,30,330,311,CD 10 LE BOURG,44.686,-0.361,Plein jour,En agglomération,Hors intersection,Normale,Autre collision,,,,,,,,,,,1,2,1,1,6
200700012227,0007-03-06 13:30:00,7,3,6,13,30,330,496,"enue du Pérogord, RD 936",,,Plein jour,Hors agglomération,Hors intersection,Normale,Deux véhicules - arrière,,,,,,,,,,,1,1,1,1,2
200700012228,0007-03-09 17:00:00,7,3,9,17,0,330,165,,44.83,-0.452,Plein jour,Hors agglomération,Hors intersection,Normale,Deux véhicules - côté,,,,,,,,,,,1,1,1,1,3
200700012229,0007-03-09 12:45:00,7,3,9,12,45,330,327,te  départemenetale 1113,44.64,-0.34,Plein jour,Hors agglomération,Hors intersection,Normale,Deux véhicules - frontale,,,,,,,,,,,1,1,1,1,1
200700012230,0007-03-02 16:30:00,7,3,2,16,30,330,366,,45.0,-0.43,Plein jour,Hors agglomération,Hors intersection,Normale,Deux véhicules - frontale,,,,,,,,,,,1,1,1,1,1
200700012231,0007-03-13 17:15:00,7,3,13,17,15,330,366,RN 10,,,Plein jour,En agglomération,Hors intersection,Normale,Deux véhicules - arrière,,,,,,,,,,,1,2,1,1,2
200700012232,0007-03-10 04:00:00,7,3,10,4,0,330,227,u dit La Mourasse RN 524,,,Nuit sans éclairage public,Hors agglomération,Intersection en X,Normale,Deux véhicules - côté,,,,,,,,,,,3,1,2,1,3
200700012233,0007-03-15 16:00:00,7,3,15,16,0,330,95,route de Mont de Marsan,,,Plein jour,En agglomération,Autre intersection,Normale,Deux véhicules - côté,,,,,,,,,,,1,2,9,1,3
200700012234,0007-03-27 18:00:00,7,3,27,18,0,330,336,,,,Plein jour,Hors agglomération,Hors intersection,Normale,Autre collision,,,,,,,,,,,1,1,1,1,6
200700012235,0007-03-14 20:15:00,7,3,14,20,15,330,412,,45.269,-0.907,Nuit sans éclairage public,Hors agglomération,Hors intersection,Normale,Deux véhicules - arrière,,,,,,,,,,,3,1,1,1,2
200700012236,0007-03-17 22:30:00,7,3,17,22,30,330,240,Route de GAILLAN en MEDO,45.317,-0.94,Nuit avec éclairage allumé,En agglomération,Hors intersection,Normale,Autre collision,,,,,,,,,,,5,2,1,1,6
200700012237,0007-03-01 14:30:00,7,3,1,14,30,330,424,CD 206,,,Plein jour,Hors agglomération,Hors intersection,Pluie forte,Deux véhicules - côté,,,,,,,,,,,1,1,1,3,3
200700012238,0007-03-23 16:45:00,7,3,23,16,45,330,174,,,,Plein jour,Hors agglomération,Hors intersection,Normale,Deux véhicules - arrière,,,,,,,,,,,1,1,1,1,2
200700012239,0007-03-29 18:15:00,7,3,29,18,15,330,138,,,,Plein jour,Hors agglomération,Hors intersection,Normale,Autre collision,,,,,,,,,,,1,1,1,1,6
200700012240,0007-03-03 20:15:00,7,3,3,20,15,330,402,boulevard Garrau,,,Nuit avec éclairage allumé,En agglomération,Hors intersection,Pluie légère,Deux véhicules - arrière,,,,,,,,,,,5,2,1,2,2
200700012241,0007-03-10 09:30:00,7,3,10,9,30,330,402,CD 936,,,Plein jour,En agglomération,Hors intersection,Normale,Autre collision,,,,,,,,,,,1,2,1,1,6
200700012242,0007-03-14 18:45:00,7,3,14,18,45,330,186,RUE DE LA CROIX ST JEAN,,,Plein jour,En agglomération,Intersection en T,Normale,Deux véhicules - frontale,,,,,,,,,,,1,2,3,1,1
200700012243,0007-03-30 10:35:00,7,3,30,10,35,330,324,Lieu dit l'Arbalestrier,,,Plein jour,Hors agglomération,Hors intersection,Normale,Deux véhicules - côté,,,,,,,,,,,1,1,1,1,3
200700012244,0007-03-12 16:45:00,7,3,12,16,45,330,447,Carrefour de la rue de l,,,Plein jour,En agglomération,Intersection en X,Normale,Deux véhicules - côté,,,,,,,,,,,1,2,2,1,3
200700012245,0007-03-05 08:45:00,7,3,5,8,45,240,439,,,,Plein jour,Hors agglomération,Hors intersection,Normale,Trois véhicules et plus - collisions multiples,,,,,,,,,,,1,1,1,1,5
200700012246,0007-03-18 02:15:00,7,3,18,2,15,240,26,,,,Nuit sans éclairage public,Hors agglomération,Hors intersection,Autre,Autre collision,,,,,,,,,,,3,1,1,9,6
200700012247,0007-03-20 16:45:00,7,3,20,16,45,240,115,,,,Plein jour,Hors agglomération,Hors intersection,Temps couvert,Autre collision,,,,,,,,,,,1,1,1,8,6
200700012248,0007-03-30 14:45:00,7,3,30,14,45,240,353,,45.456,0.398,Plein jour,Hors agglomération,Hors intersection,Normale,Autre collision,,,,,,,,,,,1,1,1,1,6
200700012249,0007-03-04 08:00:00,7,3,4,8,0,240,372,,45.162,0.544,Nuit sans éclairage public,Hors agglomération,Hors intersection,Temps couvert,Autre collision,,,,,,,,,,,3,1,1,8,6
200700012250,0007-03-11 20:15:00,7,3,11,20,15,240,108,Départementale 710,45.221,0.6,Nuit sans éclairage public,Hors agglomération,Hors intersection,Normale,Deux véhicules - côté,,,,,,,,,,,3,1,1,1,3
200700012251,0007-03-01 18:15:00,7,3,1,18,15,240,527,,45.259,0.927,Nuit sans éclairage public,Hors agglomération,Hors intersection,Pluie légère,Deux véhicules - frontale,,,,,,,,,,,3,1,1,2,1
200700012252,0007-03-01 18:00:00,7,3,1,18,0,240,379,Le bourg,44.774,0.821,Plein jour,En agglomération,Hors intersection,Normale,Deux véhicules - frontale,,,,,,,,,,,1,2,1,1,1
200700012253,0007-03-23 21:30:00,7,3,23,21,30,240,126,,44.779,0.535,Nuit sans éclairage public,Hors agglomération,Hors intersection,Pluie légère,Autre collision,,,,,,,,,,,3,1,1,2,6
200700012254,0007-03-04 11:30:00,7,3,4,11,30,240,226,,44.86,0.001,Plein jour,Hors agglomération,Hors intersection,Normale,Deux véhicules - arrière,,,,,,,,,,,1,1,1,1,2
200700012255,0007-03-15 07:45:00,7,3,15,7,45,240,461,,44.898,0.16,Plein jour,Hors agglomération,Hors intersection,Normale,Deux véhicules - frontale,,,,,,,,,,,1,1,1,1,1
200700012256,0007-03-02 12:45:00,7,3,2,12,45,240,481,,45.51,0.995,Plein jour,Hors agglomération,Hors intersection,Pluie légère,Autre collision,,,,,,,,,,,1,1,1,2,6
200700012257,0007-03-13 08:45:00,7,3,13,8,45,240,469,,45.135,0.054,Plein jour,Hors agglomération,Hors intersection,Normale,Autre collision,,,,,,,,,,,1,1,1,1,6
200700012258,0007-03-27 09:00:00,7,3,27,9,0,240,490,,45.224,0.222,Plein jour,Hors agglomération,Hors intersection,Normale,Deux véhicules - frontale,,,,,,,,,,,1,1,1,1,1
200700012259,0007-03-02 08:15:00,7,3,2,8,15,240,81,La Coste,,,Plein jour,Hors agglomération,Hors intersection,Temps couvert,Deux véhicules - frontale,,,,,,,,,,,1,1,1,8,1
200700012260,0007-03-06 18:00:00,7,3,6,18,0,240,255,Bel Air,,,Crépuscule ou aube,Hors agglomération,Hors intersection,Pluie légère,Autre collision,,,,,,,,,,,2,1,1,2,6
200700012261,0007-03-06 14:25:00,7,3,6,14,25,240,12,Le Burg,,,Plein jour,Hors agglomération,Hors intersection,Normale,Autre collision,,,,,,,,,,,1,1,1,1,6
200700012262,0007-03-08 05:15:00,7,3,8,5,15,240,438,,,,Nuit sans éclairage public,Hors agglomération,Hors intersection,Pluie légère,Autre collision,,,,,,,,,,,3,1,1,2,6
200700012263,0007-03-09 16:45:00,7,3,9,16,45,400,320,,43.95,-0.523,Plein jour,Hors agglomération,Hors intersection,Temps couvert,Deux véhicules - frontale,,,,,,,,,,,1,1,1,8,1