accident_id,datetime,annee,mois,jour,heure,minute,departement,commune_insee,adresse,latitude,longitude,luminosite,agglomeration,intersection,meteo,collision,nb_vehicules,nb_usagers,nb_indemnes,nb_tues,nb_blesses_hosp,nb_blesses_legers,age_cond_1,age_cond_2,veh_type_cond_1,veh_type_cond_2,lum_code,agg_code,int_code,atm_code,col_code
200700012264,0007-03-17 08:45:00,7,3,17,8,45,400,62,"RD 38, au P.K 4+800",43.921,-0.576,Plein jour,Hors agglomération,Hors intersection,Brouillard / fumée,Autre collision,,,,,,,,,,,1,1,1,5,6
200700012265,0007-03-04 15:45:00,7,3,4,15,45,400,143,route d'Aurice,,,Plein jour,En agglomération,Hors intersection,Normale,Autre collision,,,,,,,,,,,1,2,1,1,6
200700012266,0007-03-14 11:00:00,7,3,14,11,0,400,283,322 et route de larrouy,,,Plein jour,En agglomération,Intersection en X,Normale,Deux véhicules - côté,,,,,,,,,,,1,2,2,1,3
200700012267,0007-03-03 02:30:00,7,3,3,2,30,400,228,"CD.336, route de Tilh",,,Nuit sans éclairage public,Hors agglomération,Hors intersection,Normale,Sans collision,,,,,,,,,,,3,1,1,1,7
200700012268,0007-03-03 17:15:00,7,3,3,17,15,400,235,,43.756,-0.812,Plein jour,Hors agglomération,Hors intersection,Pluie légère,Deux véhicules - frontale,,,,,,,,,,,1,1,1,2,1
200700012269,0007-03-08 07:30:00,7,3,8,7,30,400,11,Voie communale 201,,,Crépuscule ou aube,Hors agglomération,Hors intersection,Normale,Autre collision,,,,,,,,,,,2,1,1,1,6
200700012270,0007-03-04 10:30:00,7,3,4,10,30,400,212,RN117 PK 18+300,43.561,-1.145,Plein jour,En agglomération,Hors intersection,Normale,Deux véhicules - côté,,,,,,,,,,,1,2,1,1,3
200700012271,0007-03-10 14:30:00,7,3,10,14,30,400,133,AVENUE JEAN LARTIGAU,,,Plein jour,En agglomération,Hors intersection,Normale,Deux véhicules - côté,,,,,,,,,,,1,2,1,1,3
200700012272,0007-03-23 11:15:00,7,3,23,11,15,400,187,Av du Général Caunègre,,,Plein jour,En agglomération,Hors intersection,Pluie légère,Deux véhicules - frontale,,,,,,,,,,,1,2,1,2,1
200700012273,0007-03-04 07:30:00,7,3,4,7,30,400,312,route d'Urt,,,Plein jour,Hors agglomération,Hors intersection,Normale,Deux véhicules - frontale,,,,,,,,,,,1,1,1,1,1
200700012274,0007-03-13 09:45:00,7,3,13,9,45,400,312,avenue du premier mai,43.537,-1.496,Plein jour,En agglomération,Hors intersection,Normale,Deux véhicules - frontale,,,,,,,,,,,1,2,1,1,1
200700012275,0007-03-22 22:30:00,7,3,22,22,30,400,312,RN 10,,,Nuit avec éclairage allumé,Hors agglomération,Autre intersection,Pluie légère,Autre collision,,,,,,,,,,,5,1,9,2,6
200700012276,0007-03-27 11:00:00,7,3,27,11,0,400,46,avenue de guyenne,,,Plein jour,En agglomération,Hors intersection,Pluie légère,Deux véhicules - côté,,,,,,,,,,,1,2,1,2,3
200700012277,0007-03-12 19:30:00,7,3,12,19,30,400,119,,,,Nuit sans éclairage public,Hors agglomération,Hors intersection,Normale,Deux véhicules - côté,,,,,,,,,,,3,1,1,1,3
200700012278,0007-03-15 07:30:00,7,3,15,7,30,400,12,RD30,,,Crépuscule ou aube,Hors agglomération,Hors intersection,Brouillard / fumée,Deux véhicules - frontale,,,,,,,,,,,2,1,1,5,1
200700012279,0007-03-02 00:01:00,7,3,2,0,1,400,267,,,,Nuit sans éclairage public,Hors agglomération,Hors intersection,Pluie légère,Sans collision,,,,,,,,,,,3,1,1,2,7
200700012280,0007-03-02 16:40:00,7,3,2,16,40,470,209,Pré du Moulin et CD 656,,,Plein jour,En agglomération,Intersection en T,Normale,Deux véhicules - côté,,,,,,,,,,,1,2,3,1,3
200700012281,0007-03-30 18:30:00,7,3,30,18,30,470,225,Rue du Sartre,44.175,0.564,Plein jour,Hors agglomération,Hors intersection,Normale,Deux véhicules - côté,,,,,,,,,,,1,1,1,1,3
200700012282,0007-03-31 01:30:00,7,3,31,1,30,470,69,,,,Nuit sans éclairage public,Hors agglomération,Hors intersection,Temps couvert,Sans collision,,,,,,,,,,,3,1,1,8,7
200700012283,0007-03-18 16:30:00,7,3,18,16,30,470,171,,,,Plein jour,Hors agglomération,Hors intersection,Normale,Deux véhicules - côté,,,,,,,,,,,1,1,1,1,3
200700012284,0007-03-23 22:00:00,7,3,23,22,0,470,51,,,,Nuit sans éclairage public,Hors agglomération,Hors intersection,Pluie légère,Autre collision,,,,,,,,,,,3,1,1,2,6
200700012285,0007-03-27 17:20:00,7,3,27,17,20,470,138,"Lieu dit ""Estradet bas""",44.277,0.77,Plein jour,Hors agglomération,Hors intersection,Normale,Autre collision,,,,,,,,,,,1,1,1,1,6
200700012286,0007-03-15 17:30:00,7,3,15,17,30,470,157,,,,Plein jour,Hors agglomération,Intersection en X,Normale,Deux véhicules - côté,,,,,,,,,,,1,1,2,1,3
200700012287,0007-03-25 17:30:00,7,3,25,17,30,470,263,,44.476,0.199,Plein jour,Hors agglomération,Hors intersection,Temps couvert,Deux véhicules - frontale,,,,,,,,,,,1,1,1,8,1
200700012288,0007-03-12 16:15:00,7,3,12,16,15,470,168,,44.605,0.366,Plein jour,Hors agglomération,Hors intersection,Normale,Autre collision,,,,,,,,,,,1,1,1,1,6
200700012289,0007-03-31 09:30:00,7,3,31,9,30,470,204,,44.573,0.324,Plein jour,Hors agglomération,Intersection en T,Normale,Deux véhicules - côté,,,,,,,,,,,1,1,3,1,3
200700012290,0007-03-21 22:15:00,7,3,21,22,15,470,233,LDT Latapie,,,Nuit sans éclairage public,Hors agglomération,Hors intersection,Normale,Autre collision,,,,,,,,,,,3,1,1,1,6
200700012291,0007-03-01 19:30:00,7,3,1,19,30,470,310,,44.372,0.319,Plein jour,Hors agglomération,Hors intersection,Normale,Deux véhicules - frontale,,,,,,,,,,,1,1,1,1,1
200700012292,0007-03-02 12:15:00,7,3,2,12,15,470,310,levard Charles de Gaulle,,,Plein jour,En agglomération,Hors intersection,Pluie légère,Deux véhicules - côté,,,,,,,,,,,1,2,1,2,3
200700012293,0007-03-11 11:15:00,7,3,11,11,15,470,310,Lagravière,,,Plein jour,Hors agglomération,Hors intersection,Normale,Deux véhicules - frontale,,,,,,,,,,,1,1,1,1,1
200700012294,0007-03-03 19:00:00,7,3,3,19,0,470,222,,,,Nuit sans éclairage public,Hors agglomération,Hors intersection,Pluie forte,Autre collision,,,,,,,,,,,3,1,1,3,6
200700012295,0007-03-28 10:45:00,7,3,28,10,45,470,52,2 Av Joseph TURROQUES,44.316,0.08,Plein jour,En agglomération,Hors intersection,Normale,Sans collision,,,,,,,,,,,1,2,1,1,7
200700012296,0007-03-04 16:45:00,7,3,4,16,45,470,203,CD 159,,,Plein jour,En agglomération,Hors intersection,Normale,Sans collision,,,,,,,,,,,1,2,1,1,7
200700012297,0007-03-19 17:15:00,7,3,19,17,15,470,256,,44.654,0.832,Plein jour,Hors agglomération,Hors intersection,Temps couvert,Autre collision,,,,,,,,,,,1,1,1,8,6
200700012298,0007-03-16 17:45:00,7,3,16,17,45,470,179,"19, rue de la Libération",,,Plein jour,En agglomération,Hors intersection,Normale,Deux véhicules - arrière,,,,,,,,,,,1,2,1,1,2
200700012299,0007-03-25 20:00:00,7,3,25,20,0,470,252,,,,Crépuscule ou aube,Hors agglomération,Hors intersection,Pluie légère,Autre collision,,,,,,,,,,,2,1,1,2,6
200700012300,0007-03-02 08:00:00,7,3,2,8,0,640,230,lieu dit Nébout,43.18,-0.431,Plein jour,Hors agglomération,Hors intersection,Pluie légère,Trois véhicules et plus - collisions multiples,,,,,,,,,,,1,1,1,2,5
200700012301,0007-03-07 19:00:00,7,3,7,19,0,640,230,,,,Nuit sans éclairage public,Hors agglomération,Hors intersection,Pluie forte,Deux véhicules - frontale,,,,,,,,,,,3,1,1,3,1
200700012302,0007-03-29 18:15:00,7,3,29,18,15,640,198,,43.373,-0.488,Plein jour,Hors agglomération,Intersection en X,Pluie forte,Deux véhicules - côté,,,,,,,,,,,1,1,2,3,3
200700012303,0007-03-26 12:15:00,7,3,26,12,15,640,216,,,,Plein jour,Hors agglomération,Autre intersection,Normale,Deux véhicules - arrière,,,,,,,,,,,1,1,9,1,2
200700012304,0007-03-06 22:00:00,7,3,6,22,0,640,192,CD 13,,,Nuit sans éclairage public,En agglomération,Hors intersection,Temps couvert,Autre collision,,,,,,,,,,,3,2,1,8,6
200700012305,0007-03-13 19:45:00,7,3,13,19,45,640,546,,,,Nuit sans éclairage public,Hors agglomération,Hors intersection,Normale,Deux véhicules - frontale,,,,,,,,,,,3,1,1,1,1
200700012306,0007-03-25 19:45:00,7,3,25,19,45,640,495,,43.317,-1.563,Crépuscule ou aube,Hors agglomération,Hors intersection,Pluie légère,Autre collision,,,,,,,,,,,2,1,1,2,6
200700012307,0007-03-05 09:45:00,7,3,5,9,45,640,558,,,,Plein jour,Hors agglomération,Hors intersection,Normale,Autre collision,,,,,,,,,,,1,1,1,1,6
200700012308,0007-03-11 05:30:00,7,3,11,5,30,640,371,,43.193,-0.902,Nuit sans éclairage public,Hors agglomération,Hors intersection,Normale,Autre collision,,,,,,,,,,,3,1,1,1,6
200700012309,0007-03-18 11:45:00,7,3,18,11,45,640,218,Lieu dit Etchondo,,,Plein jour,Hors agglomération,Hors intersection,Normale,Sans collision,,,,,,,,,,,1,1,1,1,7
200700012310,0007-03-27 16:45:00,7,3,27,16,45,640,273,,43.284,-1.236,Plein jour,Hors agglomération,Hors intersection,Pluie forte,Deux véhicules - frontale,,,,,,,,,,,1,1,1,3,1
200700012311,0007-03-30 08:00:00,7,3,30,8,0,640,430,Avenue du Pesqué,,,Plein jour,En agglomération,Hors intersection,Pluie forte,Deux véhicules - côté,,,,,,,,,,,1,2,1,3,3
200700012312,0007-03-06 11:45:00,7,3,6,11,45,640,96,,,,Plein jour,Hors agglomération,Hors intersection,Normale,Deux véhicules - frontale,,,,,,,,,,,1,1,1,1,1
200700012313,0007-03-15 07:00:00,7,3,15,7,0,640,499,,,,Plein jour,Hors agglomération,Hors intersection,Brouillard / fumée,Autre collision,,,,,,,,,,,1,1,1,5,6
200700012314,0007-03-14 08:15:00,7,3,14,8,15,860,297,,46.61,0.265,Plein jour,Hors agglomération,Intersection en X,Normale,Deux véhicules - côté,,,,,,,,,,,1,1,2,1,3
200700012315,0007-03-20 08:45:00,7,3,20,8,45,860,95,,,,Plein jour,Hors agglomération,Hors intersection,Temps couvert,Deux véhicules - côté,,,,,,,,,,,1,1,1,8,3
200700012316,0007-03-30 17:45:00,7,3,30,17,45,860,222,mmerce/voies aux chèvres,,,Plein jour,En agglomération,Intersection en X,Normale,Deux véhicules - frontale,,,,,,,,,,,1,2,2,1,1
200700012317,0007-03-02 23:30:00,7,3,2,23,30,860,24,,,,Nuit sans éclairage public,Hors agglomération,Hors intersection,Pluie forte,Autre collision,,,,,,,,,,,3,1,1,3,6
200700012318,0007-03-31 12:00:00,7,3,31,12,0,860,76,,,,Plein jour,Hors agglomération,Hors intersection,Temps éblouissant,Autre collision,,,,,,,,,,,1,1,1,7,6
200700012319,0007-03-04 18:00:00,7,3,4,18,0,860,128,,,,Plein jour,Hors agglomération,Hors intersection,Normale,Deux véhicules - côté,,,,,,,,,,,1,1,1,1,3
200700012320,0007-03-05 17:30:00,7,3,5,17,30,860,280,,,,Plein jour,Hors agglomération,Hors intersection,Normale,Deux véhicules - frontale,,,,,,,,,,,1,1,1,1,1
200700012321,0007-03-17 02:15:00,7,3,17,2,15,860,229,St Pierre,47.087,-0.038,Nuit sans éclairage public,Hors agglomération,Intersection en X,Normale,Deux véhicules - côté,,,,,,,,,,,3,1,2,1,3
200700012322,0007-03-18 15:20:00,7,3,18,15,20,860,245,Le carroir des landes,,,Plein jour,Hors agglomération,Hors intersection,Pluie forte,Autre collision,,,,,,,,,,,1,1,1,3,6
200700012323,0007-03-12 18:00:00,7,3,12,18,0,860,5,,,,Plein jour,Hors agglomération,Intersection en X,Normale,Deux véhicules - côté,,,,,,,,,,,1,1,2,1,3
200700012324,0007-03-14 11:15:00,7,3,14,11,15,860,23,u dit la cour des sables,,,Plein jour,En agglomération,Hors intersection,Normale,Sans collision,,,,,,,,,,,1,2,1,1,7
200700012325,0007-03-01 18:45:00,7,3,1,18,45,860,170,RN147,46.338,0.808,Nuit sans éclairage public,En agglomération,Hors intersection,Pluie forte,Deux véhicules - arrière,,,,,,,,,,,3,2,1,3,2
200700012326,0007-03-27 15:30:00,7,3,27,15,30,860,165,62 route de Lussac,46.424,0.859,Plein jour,En agglomération,Hors intersection,Normale,Autre collision,,,,,,,,,,,1,2,1,1,6
200700012327,0007-03-22 22:30:00,7,3,22,22,30,860,187,CD951 / CD9,46.581,0.778,Nuit avec éclairage allumé,En agglomération,Intersection en X,Normale,Deux véhicules - côté,,,,,,,,,,,5,2,2,1,3
200700012328,0007-03-21 20:00:00,7,3,21,20,0,860,247,"le Grand Pas,",46.148,0.227,Nuit avec éclairage allumé,En agglomération,Giratoire,Temps couvert,Autre collision,,,,,,,,,,,5,2,6,8,6
200700012329,0007-03-02 14:30:00,7,3,2,14,30,860,203,,46.301,0.639,Plein jour,Hors agglomération,Hors intersection,Pluie forte,Deux véhicules - frontale,,,,,,,,,,,1,1,1,3,1
200700012330,0007-03-13 08:45:00,7,3,13,8,45,860,112,17 Avenue de LUSSAC,46.24,0.687,Plein jour,En agglomération,Hors intersection,Normale,Autre collision,,,,,,,,,,,1,2,1,1,6
200700012331,0007-03-19 05:00:00,7,3,19,5,0,860,112,Route de Lussac,,,Nuit sans éclairage public,Hors agglomération,Hors intersection,Normale,Sans collision,,,,,,,,,,,3,1,1,1,7
200700012332,0007-03-13 13:30:00,7,3,13,13,30,860,140,RN 147,,,Plein jour,En agglomération,Hors intersection,Normale,Deux véhicules - côté,,,,,,,,,,,1,2,1,1,3
200700012333,0007-03-18 04:30:00,7,3,18,4,30,160,28,,,,Nuit sans éclairage public,Hors agglomération,Hors intersection,Temps couvert,Autre collision,,,,,,,,,,,3,1,1,8,6
200700012334,0007-03-24 05:15:00,7,3,24,5,15,160,276,,,,Nuit sans éclairage public,Hors agglomération,Hors intersection,Normale,Autre collision,,,,,,,,,,,3,1,1,1,6
200700012335,0007-03-10 02:30:00,7,3,10,2,30,160,90,rue docteur Raoul audebe,,,Nuit avec éclairage allumé,En agglomération,Intersection en X,Normale,Deux véhicules - côté,,,,,,,,,,,5,2,2,1,3
200700012336,0007-03-12 19:45:00,7,3,12,19,45,160,192,,45.882,0.563,Nuit sans éclairage public,Hors agglomération,Hors intersection,Normale,Deux véhicules - côté,,,,,,,,,,,3,1,1,1,3
200700012337,0007-03-26 22:00:00,7,3,26,22,0,160,344,,,,Nuit sans éclairage public,Hors agglomération,Hors intersection,Normale,Autre collision,,,,,,,,,,,3,1,1,1,6
200700012338,0007-03-30 15:20:00,7,3,30,15,20,170,264,RD 106  PK 7 + 900,,,Plein jour,Hors agglomération,Hors intersection,Normale,Sans collision,,,,,,,,,,,1,1,1,1,7
200700012339,0007-03-20 14:45:00,7,3,20,14,45,170,193,,,,Plein jour,Hors agglomération,Hors intersection,Normale,Deux véhicules - côté,,,,,,,,,,,1,1,1,1,3
200700012340,0007-03-14 18:30:00,7,3,14,18,30,170,7,,46.153,-0.894,Plein jour,Hors agglomération,Intersection en X,Normale,Trois véhicules et plus - collisions multiples,,,,,,,,,,,1,1,2,1,5
200700012341,0007-03-04 05:30:00,7,3,4,5,30,170,360,RUE DE LA TONNELLE,,,Nuit avec éclairage allumé,En agglomération,Hors intersection,Temps couvert,Sans collision,,,,,,,,,,,5,2,1,8,7
200700012342,0007-03-09 12:15:00,7,3,9,12,15,170,434,Zone Industrielle Ouest,46.112,-0.776,Plein jour,Hors agglomération,Hors intersection,Normale,Autre collision,,,,,,,,,,,1,1,1,1,6
200700012343,0007-03-18 09:45:00,7,3,18,9,45,170,3,,,,Plein jour,Hors agglomération,Intersection en X,Normale,Trois véhicules et plus - collisions multiples,,,,,,,,,,,1,1,2,1,5
200700012344,0007-03-13 09:45:00,7,3,13,9,45,170,242,,45.653,-0.514,Plein jour,Hors agglomération,Hors intersection,Normale,Autre collision,,,,,,,,,,,1,1,1,1,6
200700012345,0007-03-20 17:30:00,7,3,20,17,30,170,298,Le mistral,,,Plein jour,Hors agglomération,Hors intersection,Normale,Deux véhicules - côté,,,,,,,,,,,1,1,1,1,3
200700012346,0007-03-30 18:15:00,7,3,30,18,15,170,298,"lieu dit ""la Chapelle""",,,Plein jour,Hors agglomération,Intersection en Y,Normale,Trois véhicules et plus - collisions multiples,,,,,,,,,,,1,1,4,1,5
200700012347,0007-03-29 11:30:00,7,3,29,11,30,170,97,"Lieu-dit """"Le Riollet""",,,Plein jour,Hors agglomération,Hors intersection,Pluie légère,Deux véhicules - frontale,,,,,,,,,,,1,1,1,2,1
200700012348,0007-03-04 14:30:00,7,3,4,14,30,170,347,,,,Plein jour,Hors agglomération,Hors intersection,Normale,Autre collision,,,,,,,,,,,1,1,1,1,6
200700012349,0007-03-18 09:30:00,7,3,18,9,30,170,347,,,,Plein jour,Hors agglomération,Hors intersection,Pluie légère,Sans collision,,,,,,,,,,,1,1,1,2,7
200700012350,0007-03-28 09:15:00,7,3,28,9,15,170,465,,,,Plein jour,Hors agglomération,Giratoire,Normale,Sans collision,,,,,,,,,,,1,1,6,1,7
200700012351,0007-03-07 14:00:00,7,3,7,14,0,170,212,,,,Plein jour,Hors agglomération,Hors intersection,Normale,Deux véhicules - frontale,,,,,,,,,,,1,1,1,1,1
200700012352,0007-03-18 04:30:00,7,3,18,4,30,790,351,"""La dent""",46.45,-0.565,Nuit sans éclairage public,Hors agglomération,Hors intersection,Pluie légère,Sans collision,,,,,,,,,,,3,1,1,2,7
200700012353,0007-03-17 18:45:00,7,3,17,18,45,790,130,,46.265,-0.537,Crépuscule ou aube,Hors agglomération,Hors intersection,Normale,Sans collision,,,,,,,,,,,2,1,1,1,7
200700012354,0007-03-06 22:00:00,7,3,6,22,0,790,276,,,,Nuit sans éclairage public,Hors agglomération,Hors intersection,Normale,Autre collision,,,,,,,,,,,3,1,1,1,6
200700012355,0007-03-13 07:00:00,7,3,13,7,0,790,302,,,,Crépuscule ou aube,Hors agglomération,Hors intersection,Normale,Autre collision,,,,,,,,,,,2,1,1,1,6
200700012356,0007-03-07 10:30:00,7,3,7,10,30,790,134,CD 938,,,Plein jour,Hors agglomération,Hors intersection,Pluie forte,Deux véhicules - arrière,,,,,,,,,,,1,1,1,3,2
200700012357,0007-03-02 14:00:00,7,3,2,14,0,790,322,,,,Plein jour,Hors agglomération,Hors intersection,Pluie forte,Deux véhicules - frontale,,,,,,,,,,,1,1,1,3,1
200700012358,0007-03-06 16:30:00,7,3,6,16,30,790,285,,,,Plein jour,Hors agglomération,Hors intersection,Pluie forte,Deux véhicules - arrière,,,,,,,,,,,1,1,1,3,2
200700012359,0007-03-06 22:15:00,7,3,6,22,15,870,156,Les Rivailles,,,Nuit sans éclairage public,Hors agglomération,Hors intersection,Pluie forte,Deux véhicules - frontale,,,,,,,,,,,3,1,1,3,1
200700012360,0007-03-12 15:00:00,7,3,12,15,0,870,190,,45.893,1.644,Plein jour,Hors agglomération,Hors intersection,Normale,Deux véhicules - côté,,,,,,,,,,,1,1,1,1,3
200700012361,0007-03-21 14:45:00,7,3,21,14,45,870,17,le chablard,,,Plein jour,Hors agglomération,Autre intersection,Neige / grêle,Sans collision,,,,,,,,,,,1,1,9,4,7
200700012362,0007-03-18 18:25:00,7,3,18,18,25,870,79,route de Limoges,,,Nuit avec éclairage allumé,En agglomération,Intersection en X,Pluie forte,Deux véhicules - côté,,,,,,,,,,,5,2,2,3,3
200700012363,0007-03-31 19:15:00,7,3,31,19,15,870,13,,,,Plein jour,Hors agglomération,Hors intersection,Normale,Sans collision,,,,,,,,,,,1,1,1,1,7
200700012364,0007-03-21 20:15:00,7,3,21,20,15,870,126,,,,Nuit sans éclairage public,Hors agglomération,Hors intersection,Temps couvert,Autre collision,,,,,,,,,,,3,1,1,8,6
200700012365,0007-03-22 13:30:00,7,3,22,13,30,870,154,"Rue Sadi Carnot, D941",,,Plein jour,En agglomération,Hors intersection,Normale,Deux véhicules - côté,,,,,,,,,,,1,2,1,1,3
200700012366,0007-03-31 11:15:00,7,3,31,11,15,870,111,carrefour CD 22 / CD 85,45.732,0.864,Plein jour,En agglomération,Intersection en X,Normale,Deux véhicules - frontale,,,,,,,,,,,1,2,2,1,1
200700012367,0007-03-17 21:15:00,7,3,17,21,15,190,91,,45.11,2.01,Nuit sans éclairage public,Hors agglomération,Hors intersection,Normale,Deux véhicules - frontale,,,,,,,,,,,3,1,1,1,1
200700012368,0007-03-11 15:45:00,7,3,11,15,45,190,145,,,,Plein jour,Hors agglomération,Hors intersection,Normale,Sans collision,,,,,,,,,,,1,1,1,1,7
200700012369,0007-03-09 09:00:00,7,3,9,9,0,190,125,les quatre routes,,,Plein jour,En agglomération,Giratoire,Normale,Deux véhicules - frontale,,,,,,,,,,,1,2,6,1,1
200700012370,0007-03-07 00:30:00,7,3,7,0,30,190,124,,45.147,1.332,Nuit sans éclairage public,Hors agglomération,Hors intersection,Pluie légère,Sans collision,,,,,,,,,,,3,1,1,2,7
200700012371,0007-03-10 23:00:00,7,3,10,23,0,190,49,,45.097,1.457,Nuit sans éclairage public,Hors agglomération,Hors intersection,Normale,Sans collision,,,,,,,,,,,3,1,1,1,7
200700012372,0007-03-08 16:45:00,7,3,8,16,45,190,279,,45.26,1.345,Plein jour,Hors agglomération,Hors intersection,Normale,Autre collision,,,,,,,,,,,1,1,1,1,6
200700012373,0007-03-07 20:30:00,7,3,7,20,30,190,180,"UVET ""virage de BELCOUR""",,,Nuit sans éclairage public,Hors agglomération,Hors intersection,Autre,Deux véhicules - frontale,,,,,,,,,,,3,1,1,9,1
200700012374,0007-03-20 10:15:00,7,3,20,10,15,190,136,,45.554,2.145,Plein jour,Hors agglomération,Hors intersection,Neige / grêle,Autre collision,,,,,,,,,,,1,1,1,4,6
200700012375,0007-03-21 16:30:00,7,3,21,16,30,190,261,CAT route de beaune,45.672,2.193,Plein jour,En agglomération,Hors intersection,Neige / grêle,Deux véhicules - frontale,,,,,,,,,,,1,2,1,4,1
200700012376,0007-03-02 20:00:00,7,3,2,20,0,230,25,,46.306,1.913,Nuit sans éclairage public,Hors agglomération,Hors intersection,Pluie forte,Sans collision,,,,,,,,,,,3,1,1,3,7
200700012377,0007-03-01 10:45:00,7,3,1,10,45,230,45,,46.192,2.413,Nuit sans éclairage public,Hors agglomération,Hors intersection,Pluie légère,Sans collision,,,,,,,,,,,3,1,1,2,7
200700012378,0007-03-26 13:00:00,7,3,26,13,0,230,26,Baleyte,,,Plein jour,En agglomération,Hors intersection,Normale,Deux véhicules - frontale,,,,,,,,,,,1,2,1,1,1
200700012379,0007-03-31 00:45:00,7,3,31,0,45,230,245,,46.201,1.832,Nuit sans éclairage public,Hors agglomération,Hors intersection,Pluie légère,Sans collision,,,,,,,,,,,3,1,1,2,7
200700012380,0007-03-31 03:30:00,7,3,31,3,30,230,192,,46.16,1.538,Nuit sans éclairage public,Hors agglomération,Hors intersection,Pluie légère,Sans collision,,,,,,,,,,,3,1,1,2,7
200700012381,0007-03-10 11:45:00,7,3,10,11,45,230,8,,45.952,2.198,Plein jour,Hors agglomération,Intersection en X,Normale,Deux véhicules - côté,,,,,,,,,,,1,1,2,1,3
200700012382,0007-03-31 04:00:00,7,3,31,4,0,310,44,,,,Nuit avec éclairage allumé,Hors agglomération,Hors intersection,Pluie légère,Sans collision,,,,,,,,,,,5,1,1,2,7
200700012383,0007-03-01 14:30:00,7,3,1,14,30,310,288,,,,Plein jour,Hors agglomération,Hors intersection,Normale,Sans collision,,,,,,,,,,,1,1,1,1,7
200700012384,0007-03-24 18:15:00,7,3,24,18,15,310,584,,43.822,1.466,Plein jour,Hors agglomération,Hors intersection,Pluie légère,Deux véhicules - côté,,,,,,,,,,,1,1,1,2,3
200700012385,0007-03-16 14:45:00,7,3,16,14,45,310,232,Av Kennedy CD2 / CD17,43.771,1.298,Plein jour,En agglomération,Giratoire,Normale,Deux véhicules - côté,,,,,,,,,,,1,2,6,1,3
200700012386,0007-03-27 19:45:00,7,3,27,19,45,310,160,,43.683,1.268,Plein jour,Hors agglomération,Hors intersection,Normale,Deux véhicules - côté,,,,,,,,,,,1,1,1,1,3
200700012387,0007-03-10 14:45:00,7,3,10,14,45,310,424,Chemin de Frayssinnet,43.538,1.289,Plein jour,En agglomération,Hors intersection,Normale,Deux véhicules - côté,,,,,,,,,,,1,2,1,1,3
200700012388,0007-03-16 07:15:00,7,3,16,7,15,310,424,,43.554,1.259,Crépuscule ou aube,Hors agglomération,Hors intersection,Normale,Deux véhicules - frontale,,,,,,,,,,,2,1,1,1,1
200700012389,0007-03-22 18:45:00,7,3,22,18,45,310,420,27 chemin des Moles,43.49,1.39,Plein jour,En agglomération,Hors intersection,Temps couvert,Autre collision,,,,,,,,,,,1,2,1,8,6
200700012390,0007-03-24 08:00:00,7,3,24,8,0,310,205,13 RUE DE PESSOLES,43.703,1.376,Plein jour,En agglomération,Hors intersection,Pluie légère,Autre collision,,,,,,,,,,,1,2,1,2,6
200700012391,0007-03-29 15:30:00,7,3,29,15,30,310,230,CD 77,43.723,1.433,Plein jour,En agglomération,Hors intersection,Normale,Autre collision,,,,,,,,,,,1,2,1,1,6
200700012392,0007-03-02 16:45:00,7,3,2,16,45,310,282,47 ROUTE DE BESSIERES,43.673,1.445,Plein jour,En agglomération,Hors intersection,Normale,Deux véhicules - arrière,,,,,,,,,,,1,2,1,1,2
200700012393,0007-03-20 18:45:00,7,3,20,18,45,310,395,Route d'eaunes,,,Plein jour,En agglomération,Hors intersection,Pluie légère,Deux véhicules - côté,,,,,,,,,,,1,2,1,2,3
200700012394,0007-03-20 09:45:00,7,3,20,9,45,310,395,,,,Plein jour,Hors agglomération,Hors intersection,Normale,Deux véhicules - côté,,,,,,,,,,,1,1,1,1,3
200700012395,0007-03-12 17:45:00,7,3,12,17,45,310,145,,43.31,1.523,Plein jour,Hors agglomération,Hors intersection,Normale,Deux véhicules - côté,,,,,,,,,,,1,1,1,1,3
200700012396,0007-03-31 22:30:00,7,3,31,22,30,310,375,,43.208,1.217,Nuit sans éclairage public,Hors agglomération,Hors intersection,Normale,Sans collision,,,,,,,,,,,3,1,1,1,7
200700012397,0007-03-04 17:15:00,7,3,4,17,15,310,499,RUE DE L AYGUEBELLE,43.52,1.177,Plein jour,En agglomération,Hors intersection,Normale,Sans collision,,,,,,,,,,,1,2,1,1,7
200700012398,0007-03-05 17:00:00,7,3,5,17,0,310,499,CD 632,43.525,1.194,Plein jour,En agglomération,Intersection en T,Normale,Deux véhicules - côté,,,,,,,,,,,1,2,3,1,3
200700012399,0007-03-07 18:00:00,7,3,7,18,0,310,499,,,,Plein jour,Hors agglomération,Hors intersection,Normale,Autre collision,,,,,,,,,,,1,1,1,1,6
200700012400,0007-03-03 17:30:00,7,3,3,17,30,310,535,,43.048,0.694,Plein jour,Hors agglomération,Hors intersection,Normale,Sans collision,,,,,,,,,,,1,1,1,1,7