accident_id,datetime,annee,mois,jour,heure,minute,departement,commune_insee,adresse,latitude,longitude,luminosite,agglomeration,intersection,meteo,collision,nb_vehicules,nb_usagers,nb_indemnes,nb_tues,nb_blesses_hosp,nb_blesses_legers,age_cond_1,age_cond_2,veh_type_cond_1,veh_type_cond_2,lum_code,agg_code,int_code,atm_code,col_code
200700012401,0007-03-17 11:00:00,7,3,17,11,0,310,42,Allées d'Etigny,42.789,0.594,Plein jour,En agglomération,Hors intersection,Normale,Autre collision,,,,,,,,,,,1,2,1,1,6
200700012402,0007-03-09 03:00:00,7,3,9,3,0,310,239,Rue Sainte Croix,,,Nuit avec éclairage allumé,En agglomération,Hors intersection,Normale,Autre collision,,,,,,,,,,,5,2,1,1,6
200700012403,0007-03-17 16:45:00,7,3,17,16,45,310,80,,,,Plein jour,Hors agglomération,Hors intersection,Normale,Autre collision,,,,,,,,,,,1,1,1,1,6
200700012404,0007-03-23 09:00:00,7,3,23,9,0,310,28,,,,Plein jour,Hors agglomération,Hors intersection,Temps couvert,Deux véhicules - frontale,,,,,,,,,,,1,1,1,8,1
200700012405,0007-03-23 12:00:00,7,3,23,12,0,310,108,,,,Plein jour,Hors agglomération,Hors intersection,Temps couvert,Deux véhicules - frontale,,,,,,,,,,,1,1,1,8,1
200700012406,0007-03-21 19:00:00,7,3,21,19,0,310,582,,43.406,1.714,Crépuscule ou aube,Hors agglomération,Hors intersection,Normale,Trois véhicules et plus - collisions multiples,,,,,,,,,,,2,1,1,1,5
200700012407,0007-03-27 08:00:00,7,3,27,8,0,310,26,,43.529,1.792,Plein jour,Hors agglomération,Hors intersection,Normale,Trois véhicules et plus - en chaîne,,,,,,,,,,,1,1,1,1,4
200700012408,0007-03-03 17:00:00,7,3,3,17,0,310,451,,,,Plein jour,Hors agglomération,Hors intersection,Normale,Autre collision,,,,,,,,,,,1,1,1,1,6
200700012409,0007-03-09 17:00:00,7,3,9,17,0,310,451,"CD622, PK73+900",,,Plein jour,En agglomération,Hors intersection,Normale,Deux véhicules - côté,,,,,,,,,,,1,2,1,1,3
200700012410,0007-03-01 16:45:00,7,3,1,16,45,90,262,,,,Plein jour,Hors agglomération,Hors intersection,Normale,Deux véhicules - frontale,,,,,,,,,,,1,1,1,1,1
200700012411,0007-03-12 06:30:00,7,3,12,6,30,90,199,,,,Crépuscule ou aube,Hors agglomération,Hors intersection,Normale,Deux véhicules - frontale,,,,,,,,,,,2,1,1,1,1
200700012412,0007-03-02 10:45:00,7,3,2,10,45,90,194,,43.089,1.856,Plein jour,Hors agglomération,Hors intersection,Normale,Deux véhicules - côté,,,,,,,,,,,1,1,1,1,3
200700012413,0007-03-26 09:30:00,7,3,26,9,30,120,90,,44.36,2.504,Plein jour,Hors agglomération,Hors intersection,Normale,Deux véhicules - côté,,,,,,,,,,,1,1,1,1,3
200700012414,0007-03-14 19:45:00,7,3,14,19,45,120,157,,,,Nuit avec éclairage allumé,En agglomération,Hors intersection,Normale,Deux véhicules - frontale,,,,,,,,,,,5,2,1,1,1
200700012415,0007-03-13 19:45:00,7,3,13,19,45,120,165,,44.49,2.568,Nuit sans éclairage public,Hors agglomération,Hors intersection,Normale,Deux véhicules - côté,,,,,,,,,,,3,1,1,1,3
200700012416,0007-03-31 10:45:00,7,3,31,10,45,120,142,,,,Plein jour,Hors agglomération,Hors intersection,Pluie légère,Sans collision,,,,,,,,,,,1,1,1,2,7
200700012417,0007-03-17 01:45:00,7,3,17,1,45,120,119,,44.724,2.868,Nuit sans éclairage public,Hors agglomération,Hors intersection,Normale,Sans collision,,,,,,,,,,,3,1,1,1,7
200700012418,0007-03-09 10:30:00,7,3,9,10,30,120,266,,44.294,2.839,Plein jour,Hors agglomération,Hors intersection,Normale,Deux véhicules - frontale,,,,,,,,,,,1,1,1,1,1
200700012419,0007-03-13 14:15:00,7,3,13,14,15,120,307,RD 199 - PK 7.350,44.204,2.856,Plein jour,En agglomération,Hors intersection,Normale,Autre collision,,,,,,,,,,,1,2,1,1,6
200700012420,0007-03-27 20:30:00,7,3,27,20,30,120,40,,44.36,2.971,Nuit sans éclairage public,Hors agglomération,Hors intersection,Normale,Autre collision,,,,,,,,,,,3,1,1,1,6
200700012421,0007-03-02 16:00:00,7,3,2,16,0,120,203,,43.991,2.967,Plein jour,Hors agglomération,Hors intersection,Pluie légère,Deux véhicules - côté,,,,,,,,,,,1,1,1,2,3
200700012422,0007-03-08 18:15:00,7,3,8,18,15,120,52,RUE MARUEJOULS,44.57,2.07,Plein jour,En agglomération,Intersection en X,Normale,Deux véhicules - côté,,,,,,,,,,,1,2,2,1,3
200700012423,0007-03-16 14:30:00,7,3,16,14,30,320,307,,,,Plein jour,Hors agglomération,Hors intersection,Normale,Trois véhicules et plus - collisions multiples,,,,,,,,,,,1,1,1,1,5
200700012424,0007-03-05 17:30:00,7,3,5,17,30,320,249,lieu dit la Peyrette,43.702,0.876,Plein jour,Hors agglomération,Hors intersection,Normale,Sans collision,,,,,,,,,,,1,1,1,1,7
200700012425,0007-03-22 21:30:00,7,3,22,21,30,320,147,route de Saramon,43.634,0.867,Plein jour,En agglomération,Hors intersection,Normale,Autre collision,,,,,,,,,,,1,2,1,1,6
200700012426,0007-03-12 18:30:00,7,3,12,18,30,320,160,,43.628,1.115,Plein jour,Hors agglomération,Hors intersection,Normale,Trois véhicules et plus - collisions multiples,,,,,,,,,,,1,1,1,1,5
200700012427,0007-03-15 17:00:00,7,3,15,17,0,320,107,RUE BUZON,,,Plein jour,En agglomération,Hors intersection,Normale,Autre collision,,,,,,,,,,,1,2,1,1,6
200700012428,0007-03-26 21:10:00,7,3,26,21,10,320,107,Place de la liberté,,,Nuit avec éclairage allumé,En agglomération,Hors intersection,Normale,Deux véhicules - frontale,,,,,,,,,,,5,2,1,1,1
200700012429,0007-03-03 22:00:00,7,3,3,22,0,320,290,"""Le Pont""",43.954,0.198,Nuit avec éclairage allumé,En agglomération,Hors intersection,Temps couvert,Autre collision,,,,,,,,,,,5,2,1,8,6
200700012430,0007-03-17 08:00:00,7,3,17,8,0,320,119,RN 524 PK 104.500,,,Plein jour,Hors agglomération,Hors intersection,Brouillard / fumée,Deux véhicules - côté,,,,,,,,,,,1,1,1,5,3
200700012431,0007-03-17 09:15:00,7,3,17,9,15,320,119,,43.861,0.074,Plein jour,Hors agglomération,Hors intersection,Brouillard / fumée,Sans collision,,,,,,,,,,,1,1,1,5,7
200700012432,0007-03-25 11:30:00,7,3,25,11,30,320,290,,43.927,0.192,Plein jour,Hors agglomération,Hors intersection,Pluie légère,Sans collision,,,,,,,,,,,1,1,1,2,7
200700012433,0007-03-03 14:45:00,7,3,3,14,45,320,208,,43.938,0.612,Plein jour,Hors agglomération,Hors intersection,Pluie légère,Autre collision,,,,,,,,,,,1,1,1,2,6
200700012434,0007-03-08 17:00:00,7,3,8,17,0,460,287,,44.292,1.472,Plein jour,Hors agglomération,Hors intersection,Normale,Autre collision,,,,,,,,,,,1,1,1,1,6
200700012435,0007-03-01 13:15:00,7,3,1,13,15,460,102,,44.598,2.032,Plein jour,Hors agglomération,Hors intersection,Normale,Deux véhicules - frontale,,,,,,,,,,,1,1,1,1,1
200700012436,0007-03-24 14:00:00,7,3,24,14,0,460,102,,44.594,1.998,Plein jour,Hors agglomération,Hors intersection,Normale,Deux véhicules - arrière,,,,,,,,,,,1,1,1,1,2
200700012437,0007-03-09 10:30:00,7,3,9,10,30,460,310,,44.619,1.594,Plein jour,Hors agglomération,Hors intersection,Normale,Deux véhicules - frontale,,,,,,,,,,,1,1,1,1,1
200700012438,0007-03-15 15:45:00,7,3,15,15,45,460,127,Route de Fumel,44.734,1.376,Plein jour,En agglomération,Hors intersection,Normale,Deux véhicules - côté,,,,,,,,,,,1,2,1,1,3
200700012439,0007-03-23 21:15:00,7,3,23,21,15,460,297,,,,Nuit sans éclairage public,Hors agglomération,Hors intersection,Normale,Deux véhicules - frontale,,,,,,,,,,,3,1,1,1,1
200700012440,0007-03-30 11:30:00,7,3,30,11,30,460,297,,,,Crépuscule ou aube,Hors agglomération,Hors intersection,Pluie forte,Deux véhicules - arrière,,,,,,,,,,,2,1,1,3,2
200700012441,0007-03-04 04:00:00,7,3,4,4,0,460,209,RD 105,,,Nuit sans éclairage public,Hors agglomération,Hors intersection,Temps couvert,Autre collision,,,,,,,,,,,3,1,1,8,6
200700012442,0007-03-05 14:45:00,7,3,5,14,45,460,309,,,,Plein jour,En agglomération,Hors intersection,Normale,Autre collision,,,,,,,,,,,1,2,1,1,6
200700012443,0007-03-16 20:45:00,7,3,16,20,45,650,104,,,,Nuit sans éclairage public,Hors agglomération,Hors intersection,Temps couvert,Autre collision,,,,,,,,,,,3,1,1,8,6
200700012444,0007-03-19 12:15:00,7,3,19,12,15,650,369,,,,Plein jour,Hors agglomération,Hors intersection,Pluie légère,Deux véhicules - côté,,,,,,,,,,,1,1,1,2,3
200700012445,0007-03-16 12:15:00,7,3,16,12,15,650,460,Rte de Rabastens CD 934,43.391,0.062,Plein jour,En agglomération,Hors intersection,Normale,Autre collision,,,,,,,,,,,1,2,1,1,6
200700012446,0007-03-05 21:30:00,7,3,5,21,30,650,306,RD 938,43.121,0.275,Nuit sans éclairage public,Hors agglomération,Hors intersection,Normale,Sans collision,,,,,,,,,,,3,1,1,1,7
200700012447,0007-03-15 17:45:00,7,3,15,17,45,810,147,,43.828,2.185,Plein jour,Hors agglomération,Hors intersection,Normale,Deux véhicules - côté,,,,,,,,,,,1,1,1,1,3
200700012448,0007-03-17 04:30:00,7,3,17,4,30,810,259,village,44.01,2.34,Nuit sans éclairage public,En agglomération,Hors intersection,Normale,Autre collision,,,,,,,,,,,3,2,1,1,6
200700012449,0007-03-04 15:30:00,7,3,4,15,30,810,40,,43.729,2.061,Plein jour,Hors agglomération,Hors intersection,Normale,Sans collision,,,,,,,,,,,1,1,1,1,7
200700012450,0007-03-15 17:15:00,7,3,15,17,15,810,271,1 rte de Montauban,43.781,1.682,Plein jour,En agglomération,Hors intersection,Normale,Deux véhicules - frontale,,,,,,,,,,,1,2,1,1,1
200700012451,0007-03-31 10:00:00,7,3,31,10,0,810,104,,43.777,1.754,Plein jour,Hors agglomération,Hors intersection,Pluie légère,Deux véhicules - frontale,,,,,,,,,,,1,1,1,2,1
200700012452,0007-03-11 09:00:00,7,3,11,9,0,810,99,Rue Joseph Rigal,43.904,1.895,Plein jour,En agglomération,Hors intersection,Normale,Autre collision,,,,,,,,,,,1,2,1,1,6
200700012453,0007-03-31 15:15:00,7,3,31,15,15,690,69,RUE JOSEPH MOULIN,,,Plein jour,En agglomération,Hors intersection,Normale,Autre collision,,,,,,,,,,,1,2,1,1,6
200700012454,0007-03-07 15:30:00,7,3,7,15,30,810,289,,,,Plein jour,Hors agglomération,Hors intersection,Pluie forte,Trois véhicules et plus - collisions multiples,,,,,,,,,,,1,1,1,3,5
200700012455,0007-03-19 20:30:00,7,3,19,20,30,810,288,,,,Nuit sans éclairage public,Hors agglomération,Hors intersection,Neige / grêle,Autre collision,,,,,,,,,,,3,1,1,4,6
200700012456,0007-03-05 07:15:00,7,3,5,7,15,810,219,,43.573,1.963,Crépuscule ou aube,Hors agglomération,Hors intersection,Normale,Sans collision,,,,,,,,,,,2,1,1,1,7
200700012457,0007-03-11 19:45:00,7,3,11,19,45,820,179,,,,Nuit avec éclairage allumé,Hors agglomération,Hors intersection,Normale,Deux véhicules - côté,,,,,,,,,,,5,1,1,1,3
200700012458,0007-03-02 13:00:00,7,3,2,13,0,820,75,,,,Plein jour,Hors agglomération,Hors intersection,Pluie légère,Deux véhicules - frontale,,,,,,,,,,,1,1,1,2,1
200700012459,0007-03-18 04:45:00,7,3,18,4,45,820,117,,44.343,1.018,Nuit avec éclairage allumé,En agglomération,Hors intersection,Normale,Autre collision,,,,,,,,,,,5,2,1,1,6
200700012460,0007-03-15 01:30:00,7,3,15,1,30,820,169,,,,Nuit sans éclairage public,Hors agglomération,Hors intersection,Normale,Autre collision,,,,,,,,,,,3,1,1,1,6
200700012461,0007-03-03 04:00:00,7,3,3,4,0,820,105,,43.875,1.202,Nuit sans éclairage public,Hors agglomération,Hors intersection,Normale,Autre collision,,,,,,,,,,,3,1,1,1,6
200700012462,0007-03-04 23:45:00,7,3,4,23,45,820,125,,43.966,1.246,Nuit avec éclairage allumé,Hors agglomération,Giratoire,Normale,Autre collision,,,,,,,,,,,5,1,6,1,6
200700012463,0007-03-24 07:15:00,7,3,24,7,15,820,89,,,,Crépuscule ou aube,Hors agglomération,Hors intersection,Normale,Autre collision,,,,,,,,,,,2,1,1,1,6
200700012464,0007-03-13 17:00:00,7,3,13,17,0,690,72,ROUTE D'ECULLY,,,Plein jour,En agglomération,Hors intersection,Normale,Deux véhicules - côté,,,,,,,,,,,1,2,1,1,3
200700012465,0007-03-21 12:45:00,7,3,21,12,45,690,72,chemin Moulin CARRON,,,Plein jour,En agglomération,Hors intersection,Pluie légère,Deux véhicules - frontale,,,,,,,,,,,1,2,1,2,1
200700012466,0007-03-29 08:25:00,7,3,29,8,25,690,280,"CD 6, Rte de Lyon",,,Plein jour,Hors agglomération,Hors intersection,Normale,Deux véhicules - côté,,,,,,,,,,,1,1,1,1,3
200700012467,0007-03-30 17:40:00,7,3,30,17,40,690,116,nue du Général de GAULLE,,,Plein jour,En agglomération,Hors intersection,Normale,Deux véhicules - arrière,,,,,,,,,,,1,2,1,1,2
200700012468,0007-03-22 19:30:00,7,3,22,19,30,690,163,,,,Nuit sans éclairage public,Hors agglomération,Hors intersection,Pluie légère,Deux véhicules - côté,,,,,,,,,,,3,1,1,2,3
200700012469,0007-03-18 18:00:00,7,3,18,18,0,690,286,300 route de Strasbourg,,,Plein jour,En agglomération,Hors intersection,Pluie légère,Deux véhicules - arrière,,,,,,,,,,,1,2,1,2,2
200700012470,0007-03-29 17:30:00,7,3,29,17,30,690,286,,,,Plein jour,Hors agglomération,Hors intersection,Normale,Autre collision,,,,,,,,,,,1,1,1,1,6
200700012471,0007-03-16 19:00:00,7,3,16,19,0,690,204,es/bretelle d'accès A450,,,Nuit avec éclairage allumé,En agglomération,Hors intersection,Normale,Deux véhicules - côté,,,,,,,,,,,5,2,1,1,3
200700012472,0007-03-11 14:30:00,7,3,11,14,30,690,298,,45.656,4.967,Plein jour,Hors agglomération,Hors intersection,Normale,Trois véhicules et plus - collisions multiples,,,,,,,,,,,1,1,1,1,5
200700012473,0007-03-26 07:30:00,7,3,26,7,30,690,287,RD 147,,,Plein jour,Hors agglomération,Intersection en Y,Normale,Deux véhicules - côté,,,,,,,,,,,1,1,4,1,3
200700012474,0007-03-01 13:50:00,7,3,1,13,50,690,283,rue du 19 Mars,,,Plein jour,En agglomération,Hors intersection,Normale,Deux véhicules - côté,,,,,,,,,,,1,2,1,1,3
200700012475,0007-03-08 13:55:00,7,3,8,13,55,690,283,8/44 et rue des Tilleuls,,,Plein jour,En agglomération,Hors intersection,Normale,Deux véhicules - frontale,,,,,,,,,,,1,2,1,1,1
200700012476,0007-03-27 23:15:00,7,3,27,23,15,690,290,5 chemin du charbonnier,,,Nuit avec éclairage allumé,En agglomération,Hors intersection,Normale,Autre collision,,,,,,,,,,,5,2,1,1,6
200700012477,0007-03-04 15:40:00,7,3,4,15,40,690,32,Route Nationale 7,,,Plein jour,En agglomération,Hors intersection,Normale,Deux véhicules - arrière,,,,,,,,,,,1,2,1,1,2
200700012478,0007-03-04 19:30:00,7,3,4,19,30,690,112,route de france,,,Nuit sans éclairage public,En agglomération,Hors intersection,Normale,Deux véhicules - côté,,,,,,,,,,,3,2,1,1,3
200700012479,0007-03-07 11:00:00,7,3,7,11,0,690,227,"route du stade, RD311",,,Plein jour,En agglomération,Hors intersection,Normale,Deux véhicules - côté,,,,,,,,,,,1,2,1,1,3
200700012480,0007-03-18 15:00:00,7,3,18,15,0,690,227,Lieu dit les Bruyères,,,Plein jour,Hors agglomération,Hors intersection,Normale,Deux véhicules - frontale,,,,,,,,,,,1,1,1,1,1
200700012481,0007-03-18 18:15:00,7,3,18,18,15,690,42,CD 614,,,Plein jour,En agglomération,Hors intersection,Normale,Deux véhicules - frontale,,,,,,,,,,,1,2,1,1,1
200700012482,0007-03-04 14:30:00,7,3,4,14,30,690,249,CD311,,,Plein jour,En agglomération,Autre intersection,Normale,Deux véhicules - côté,,,,,,,,,,,1,2,9,1,3
200700012483,0007-03-11 17:30:00,7,3,11,17,30,690,190,Rue du 30 Août 1944,,,Plein jour,En agglomération,Hors intersection,Normale,Deux véhicules - arrière,,,,,,,,,,,1,2,1,1,2
200700012484,0007-03-15 13:00:00,7,3,15,13,0,690,297,2 Rue St Nicolas,,,Plein jour,En agglomération,Hors intersection,Temps éblouissant,Autre collision,,,,,,,,,,,1,2,1,7,6
200700012485,0007-03-02 08:40:00,7,3,2,8,40,690,228,"eu-dit La Côte, C.D. 342",,,Plein jour,Hors agglomération,Hors intersection,Temps couvert,Deux véhicules - frontale,,,,,,,,,,,1,1,1,8,1
200700012486,0007-03-02 16:30:00,7,3,2,16,30,690,241,lieu dit Montarcis,45.63,4.72,Plein jour,Hors agglomération,Hors intersection,Normale,Trois véhicules et plus - collisions multiples,,,,,,,,,,,1,1,1,1,5
200700012487,0007-03-11 07:15:00,7,3,11,7,15,690,241,,,,Plein jour,Hors agglomération,Hors intersection,Normale,Autre collision,,,,,,,,,,,1,1,1,1,6
200700012488,0007-03-16 14:30:00,7,3,16,14,30,690,148,,45.675,4.699,Plein jour,Hors agglomération,Hors intersection,Normale,Sans collision,,,,,,,,,,,1,1,1,1,7
200700012489,0007-03-10 08:00:00,7,3,10,8,0,690,9,,,,Plein jour,Hors agglomération,Hors intersection,Normale,Sans collision,,,,,,,,,,,1,1,1,1,7
200700012490,0007-03-10 17:30:00,7,3,10,17,30,690,140,CD 30,,,Plein jour,Hors agglomération,Hors intersection,Normale,Deux véhicules - côté,,,,,,,,,,,1,1,1,1,3
200700012491,0007-03-15 09:30:00,7,3,15,9,30,690,18,"""Le pavillon"" - D337E",46.157,4.586,Plein jour,Hors agglomération,Hors intersection,Normale,Deux véhicules - arrière,,,,,,,,,,,1,1,1,1,2
200700012492,0007-03-16 06:45:00,7,3,16,6,45,690,197,LE BOURG CD43 CV1,46.075,4.648,Crépuscule ou aube,En agglomération,Hors intersection,Brouillard / fumée,Deux véhicules - frontale,,,,,,,,,,,2,2,1,5,1
200700012493,0007-03-18 05:30:00,7,3,18,5,30,690,197,,,,Nuit avec éclairage allumé,Hors agglomération,Hors intersection,Normale,Autre collision,,,,,,,,,,,5,1,1,1,6
200700012494,0007-03-24 18:45:00,7,3,24,18,45,690,206,MARSANGUES,,,Nuit sans éclairage public,Hors agglomération,Hors intersection,Pluie légère,Deux véhicules - frontale,,,,,,,,,,,3,1,1,2,1
200700012495,0007-03-30 07:30:00,7,3,30,7,30,690,206,ROUTE DE BEL AIR,,,Plein jour,En agglomération,Hors intersection,Normale,Deux véhicules - côté,,,,,,,,,,,1,2,1,1,3
200700012496,0007-03-04 02:45:00,7,3,4,2,45,690,37,Le Bourg,,,Nuit avec éclairage allumé,En agglomération,Hors intersection,Normale,Autre collision,,,,,,,,,,,5,2,1,1,6
200700012497,0007-03-10 19:45:00,7,3,10,19,45,690,214,,46.014,4.317,Nuit sans éclairage public,Hors agglomération,Hors intersection,Normale,Autre collision,,,,,,,,,,,3,1,1,1,6
200700012498,0007-03-06 11:30:00,7,3,6,11,30,10,301,Route de Mâcon,,,Plein jour,En agglomération,Hors intersection,Normale,Autre collision,,,,,,,,,,,1,2,1,1,6
200700012499,0007-03-17 06:30:00,7,3,17,6,30,10,65,,46.197,5.147,Nuit sans éclairage public,Hors agglomération,Hors intersection,Normale,Sans collision,,,,,,,,,,,3,1,1,1,7
200700012500,0007-03-27 19:45:00,7,3,27,19,45,10,369,,,,Plein jour,Hors agglomération,Hors intersection,Normale,Deux véhicules - frontale,,,,,,,,,,,1,1,1,1,1
200700012501,0007-03-01 17:30:00,7,3,1,17,30,10,447,,,,Nuit sans éclairage public,Hors agglomération,Hors intersection,Pluie légère,Autre collision,,,,,,,,,,,3,1,1,2,6
200700012502,0007-03-11 15:15:00,7,3,11,15,15,10,426,,,,Plein jour,Hors agglomération,Intersection en X,Normale,Deux véhicules - côté,,,,,,,,,,,1,1,2,1,3
200700012503,0007-03-03 01:45:00,7,3,3,1,45,10,24,,46.289,5.18,Nuit sans éclairage public,Hors agglomération,Hors intersection,Pluie forte,Autre collision,,,,,,,,,,,3,1,1,3,6
200700012504,0007-03-04 08:15:00,7,3,4,8,15,10,323,le mollet,46.439,4.922,Plein jour,En agglomération,Hors intersection,Normale,Autre collision,,,,,,,,,,,1,2,1,1,6
200700012505,0007-03-16 14:00:00,7,3,16,14,0,10,29,,,,Plein jour,Hors agglomération,Hors intersection,Brouillard / fumée,Autre collision,,,,,,,,,,,1,1,1,5,6
200700012506,0007-03-17 06:30:00,7,3,17,6,30,10,352,,,,Crépuscule ou aube,Hors agglomération,Hors intersection,Normale,Sans collision,,,,,,,,,,,2,1,1,1,7
200700012507,0007-03-19 08:15:00,7,3,19,8,15,10,304,7 rue Henri IV,,,Plein jour,En agglomération,Hors intersection,Normale,Autre collision,,,,,,,,,,,1,2,1,1,6
200700012508,0007-03-02 14:40:00,7,3,2,14,40,10,98,CD1504 PK45+400,,,Plein jour,Hors agglomération,Hors intersection,Normale,Deux véhicules - côté,,,,,,,,,,,1,1,1,1,3
200700012509,0007-03-05 12:15:00,7,3,5,12,15,10,345,,,,Plein jour,Hors agglomération,Hors intersection,Normale,Trois véhicules et plus - en chaîne,,,,,,,,,,,1,1,1,1,4
200700012510,0007-03-05 16:55:00,7,3,5,16,55,10,4,Avenue Roger Salengro,,,Plein jour,En agglomération,Hors intersection,Normale,Deux véhicules - frontale,,,,,,,,,,,1,2,1,1,1
200700012511,0007-03-02 11:00:00,7,3,2,11,0,10,192,Cd 18,,,Plein jour,En agglomération,Giratoire,Pluie légère,Deux véhicules - côté,,,,,,,,,,,1,2,6,2,3
200700012512,0007-03-19 13:45:00,7,3,19,13,45,10,373,,,,Plein jour,Hors agglomération,Hors intersection,Neige / grêle,Deux véhicules - côté,,,,,,,,,,,1,1,1,4,3
200700012513,0007-03-11 01:00:00,7,3,11,1,0,10,143,hotel de ville,,,Nuit avec éclairage allumé,En agglomération,Hors intersection,Normale,Deux véhicules - côté,,,,,,,,,,,5,2,1,1,3
200700012514,0007-03-24 12:00:00,7,3,24,12,0,10,153,,,,Plein jour,Hors agglomération,Hors intersection,Neige / grêle,Autre collision,,,,,,,,,,,1,1,1,4,6
200700012515,0007-03-03 15:00:00,7,3,3,15,0,10,419,,,,Plein jour,Hors agglomération,Hors intersection,Normale,Autre collision,,,,,,,,,,,1,1,1,1,6
200700012516,0007-03-05 15:15:00,7,3,5,15,15,10,354,,,,Plein jour,Hors agglomération,Hors intersection,Normale,Deux véhicules - côté,,,,,,,,,,,1,1,1,1,3
200700012517,0007-03-06 02:45:00,7,3,6,2,45,10,419,,,,Nuit sans éclairage public,Hors agglomération,Hors intersection,Normale,Autre collision,,,,,,,,,,,3,1,1,1,6
200700012518,0007-03-23 15:30:00,7,3,23,15,30,10,109,,,,Plein jour,Hors agglomération,Hors intersection,Normale,Deux véhicules - côté,,,,,,,,,,,1,1,1,1,3
200700012519,0007-03-24 11:15:00,7,3,24,11,15,10,347,,,,Plein jour,Hors agglomération,Hors intersection,Pluie légère,Deux véhicules - frontale,,,,,,,,,,,1,1,1,2,1
200700012520,0007-03-30 17:30:00,7,3,30,17,30,10,347,,,,Plein jour,Hors agglomération,Hors intersection,Normale,Deux véhicules - côté,,,,,,,,,,,1,1,1,1,3
200700012521,0007-03-24 22:30:00,7,3,24,22,30,10,434,,,,Nuit sans éclairage public,Hors agglomération,Hors intersection,Temps couvert,Deux véhicules - frontale,,,,,,,,,,,3,1,1,8,1
200700012522,0007-03-27 17:15:00,7,3,27,17,15,10,381,,46.06,5.124,Crépuscule ou aube,Hors agglomération,Hors intersection,Normale,Sans collision,,,,,,,,,,,2,1,1,1,7
200700012523,0007-03-10 10:45:00,7,3,10,10,45,10,93,,,,Plein jour,Hors agglomération,Hors intersection,Normale,Deux véhicules - côté,,,,,,,,,,,1,1,1,1,3
200700012524,0007-03-04 11:30:00,7,3,4,11,30,10,362,L'etang du mont,,,Plein jour,Hors agglomération,Hors intersection,Normale,Deux véhicules - frontale,,,,,,,,,,,1,1,1,1,1
200700012525,0007-03-30 14:15:00,7,3,30,14,15,10,446,intersection CD75/CD88,,,Plein jour,Hors agglomération,Intersection en X,Pluie forte,Deux véhicules - frontale,,,,,,,,,,,1,1,2,3,1
200700012526,0007-03-05 17:45:00,7,3,5,17,45,10,263,Rue Chantebrune,46.082,4.766,Plein jour,En agglomération,Hors intersection,Normale,Deux véhicules - arrière,,,,,,,,,,,1,2,1,1,2
200700012527,0007-03-14 14:30:00,7,3,14,14,30,10,30,,46.008,4.758,Plein jour,Hors agglomération,Hors intersection,Normale,Deux véhicules - frontale,,,,,,,,,,,1,1,1,1,1
200700012528,0007-03-22 19:30:00,7,3,22,19,30,10,167,,46.215,4.837,Crépuscule ou aube,Hors agglomération,Hors intersection,Pluie légère,Autre collision,,,,,,,,,,,2,1,1,2,6
200700012529,0007-03-11 16:00:00,7,3,11,16,0,70,30,,44.882,4.531,Plein jour,Hors agglomération,Hors intersection,Normale,Sans collision,,,,,,,,,,,1,1,1,1,7
200700012530,0007-03-27 06:00:00,7,3,27,6,0,70,18,,44.692,4.066,Plein jour,Hors agglomération,Hors intersection,Normale,Sans collision,,,,,,,,,,,1,1,1,1,7
200700012531,0007-03-16 16:15:00,7,3,16,16,15,70,245,,,,Plein jour,Hors agglomération,Hors intersection,Normale,Sans collision,,,,,,,,,,,1,1,1,1,7
200700012532,0007-03-28 15:30:00,7,3,28,15,30,70,41,Carrefour de GARDACHE,,,Plein jour,Hors agglomération,Hors intersection,Normale,Deux véhicules - côté,,,,,,,,,,,1,1,1,1,3
200700012533,0007-03-19 17:45:00,7,3,19,17,45,70,212,,45.115,4.405,Plein jour,Hors agglomération,Hors intersection,Normale,Autre collision,,,,,,,,,,,1,1,1,1,6
200700012534,0007-03-05 12:15:00,7,3,5,12,15,70,218,,44.969,4.554,Plein jour,Hors agglomération,Intersection en X,Normale,Deux véhicules - frontale,,,,,,,,,,,1,1,2,1,1
200700012535,0007-03-16 09:45:00,7,3,16,9,45,70,129,Place SEIGNOBOS,44.989,4.582,Plein jour,En agglomération,Hors intersection,Normale,Autre collision,,,,,,,,,,,1,2,1,1,6
200700012536,0007-03-11 16:00:00,7,3,11,16,0,70,301,,,,Plein jour,Hors agglomération,Hors intersection,Normale,Sans collision,,,,,,,,,,,1,1,1,1,7
200700012537,0007-03-14 11:00:00,7,3,14,11,0,70,236,caserne des pompiers,,,Plein jour,En agglomération,Hors intersection,Normale,Deux véhicules - côté,,,,,,,,,,,1,2,1,1,3
200700012538,0007-03-22 07:30:00,7,3,22,7,30,260,64,,,,Plein jour,Hors agglomération,Hors intersection,Normale,Autre collision,,,,,,,,,,,1,1,1,1,6
200700012539,0007-03-11 17:20:00,7,3,11,17,20,260,365,Le village,,,Plein jour,Hors agglomération,Hors intersection,Normale,Sans collision,,,,,,,,,,,1,1,1,1,7