accident_id,datetime,annee,mois,jour,heure,minute,departement,commune_insee,adresse,latitude,longitude,luminosite,agglomeration,intersection,meteo,collision,nb_vehicules,nb_usagers,nb_indemnes,nb_tues,nb_blesses_hosp,nb_blesses_legers,age_cond_1,age_cond_2,veh_type_cond_1,veh_type_cond_2,lum_code,agg_code,int_code,atm_code,col_code
200700012677,0007-03-18 15:15:00,7,3,18,15,15,630,195,Avenue de CHARDIN,,,Plein jour,En agglomération,Hors intersection,Normale,Deux véhicules - frontale,,,,,,,,,,,1,2,1,1,1
200700012678,0007-03-29 19:00:00,7,3,29,19,0,630,249,,45.807,3.517,Plein jour,Hors agglomération,Hors intersection,Pluie légère,Deux véhicules - frontale,,,,,,,,,,,1,1,1,2,1
200700012679,0007-03-03 13:45:00,7,3,3,13,45,630,180,,45.883,3.313,Plein jour,Hors agglomération,Hors intersection,Normale,Trois véhicules et plus - en chaîne,,,,,,,,,,,1,1,1,1,4
200700012680,0007-03-15 09:00:00,7,3,15,9,0,30,286,,46.479,3.368,Plein jour,Hors agglomération,Hors intersection,Brouillard / fumée,Trois véhicules et plus - en chaîne,,,,,,,,,,,1,1,1,5,4
200700012681,0007-03-23 20:10:00,7,3,23,20,10,30,283,lieu dit ''la pierre'',,,Nuit sans éclairage public,Hors agglomération,Hors intersection,Normale,Trois véhicules et plus - en chaîne,,,,,,,,,,,3,1,1,1,4
200700012682,0007-03-23 14:05:00,7,3,23,14,5,30,180,D 12,,,Plein jour,Hors agglomération,Hors intersection,Normale,Deux véhicules - frontale,,,,,,,,,,,1,1,1,1,1
200700012683,0007-03-26 16:15:00,7,3,26,16,15,30,18,,46.269,3.29,Nuit sans éclairage public,Hors agglomération,Hors intersection,Normale,Deux véhicules - côté,,,,,,,,,,,3,1,1,1,3
200700012684,0007-03-14 12:30:00,7,3,14,12,30,30,214,,,,Plein jour,Hors agglomération,Hors intersection,Normale,Deux véhicules - côté,,,,,,,,,,,1,1,1,1,3
200700012685,0007-03-04 12:00:00,7,3,4,12,0,30,136,,46.31,2.445,Plein jour,Hors agglomération,Giratoire,Normale,Sans collision,,,,,,,,,,,1,1,6,1,7
200700012686,0007-03-15 07:00:00,7,3,15,7,0,30,186,Rond point de l'Europe,46.331,2.968,Plein jour,Hors agglomération,Giratoire,Brouillard / fumée,Deux véhicules - frontale,,,,,,,,,,,1,1,6,5,1
200700012687,0007-03-29 16:15:00,7,3,29,16,15,30,315,,46.384,2.867,Plein jour,Hors agglomération,Hors intersection,Normale,Deux véhicules - frontale,,,,,,,,,,,1,1,1,1,1
200700012688,0007-03-16 17:00:00,7,3,16,17,0,30,174,,,,Plein jour,Hors agglomération,Hors intersection,Normale,Deux véhicules - côté,,,,,,,,,,,1,1,1,1,3
200700012689,0007-03-31 09:45:00,7,3,31,9,45,30,306,,46.123,3.476,Plein jour,Hors agglomération,Hors intersection,Normale,Deux véhicules - frontale,,,,,,,,,,,1,1,1,1,1
200700012690,0007-03-13 08:30:00,7,3,13,8,30,30,43,,,,Plein jour,Hors agglomération,Hors intersection,Normale,Deux véhicules - arrière,,,,,,,,,,,1,1,1,1,2
200700012691,0007-03-23 15:30:00,7,3,23,15,30,30,103,,46.357,3.799,Plein jour,Hors agglomération,Hors intersection,Normale,Autre collision,,,,,,,,,,,1,1,1,1,6
200700012692,0007-03-18 20:45:00,7,3,18,20,45,30,266,"D130 Lot ""Artivière""",,,Nuit avec éclairage allumé,En agglomération,Hors intersection,Pluie légère,Autre collision,,,,,,,,,,,5,2,1,2,6
200700012693,0007-03-30 17:00:00,7,3,30,17,0,30,157,,,,Plein jour,Hors agglomération,Intersection en X,Normale,Deux véhicules - côté,,,,,,,,,,,1,1,2,1,3
200700012694,0007-03-23 17:45:00,7,3,23,17,45,150,194,,44.79,2.201,Plein jour,Hors agglomération,Hors intersection,Normale,Deux véhicules - côté,,,,,,,,,,,1,1,1,1,3
200700012695,0007-03-19 10:15:00,7,3,19,10,15,150,236,,,,Plein jour,Hors agglomération,Hors intersection,Neige / grêle,Deux véhicules - frontale,,,,,,,,,,,1,1,1,4,1
200700012696,0007-03-19 13:30:00,7,3,19,13,30,150,255,INTERSECTION D990 ET CD8,44.901,2.52,Plein jour,En agglomération,Intersection en X,Normale,Deux véhicules - frontale,,,,,,,,,,,1,2,2,1,1
200700012697,0007-03-11 14:15:00,7,3,11,14,15,150,9,,45.259,2.705,Plein jour,Hors agglomération,Hors intersection,Normale,Deux véhicules - frontale,,,,,,,,,,,1,1,1,1,1
200700012698,0007-03-16 21:00:00,7,3,16,21,0,150,265,48 Av. de la République,45.35,2.438,Nuit avec éclairage allumé,En agglomération,Hors intersection,Normale,Deux véhicules - frontale,,,,,,,,,,,5,2,1,1,1
200700012699,0007-03-03 08:30:00,7,3,3,8,30,150,101,,45.119,2.792,Plein jour,Hors agglomération,Hors intersection,Normale,Sans collision,,,,,,,,,,,1,1,1,1,7
200700012700,0007-03-07 10:00:00,7,3,7,10,0,430,124,,45.107,3.776,Plein jour,Hors agglomération,Intersection en X,Normale,Deux véhicules - côté,,,,,,,,,,,1,1,2,1,3
200700012701,0007-03-29 08:30:00,7,3,29,8,30,430,124,,45.107,3.775,Plein jour,Hors agglomération,Intersection en X,Temps éblouissant,Deux véhicules - côté,,,,,,,,,,,1,1,2,7,3
200700012702,0007-03-08 10:45:00,7,3,8,10,45,430,154,,44.765,3.887,Plein jour,Hors agglomération,Hors intersection,Pluie légère,Autre collision,,,,,,,,,,,1,1,1,2,6
200700012703,0007-03-22 07:15:00,7,3,22,7,15,430,111,,44.873,3.85,Crépuscule ou aube,Hors agglomération,Hors intersection,Neige / grêle,Deux véhicules - côté,,,,,,,,,,,2,1,1,4,3
200700012704,0007-03-22 04:30:00,7,3,22,4,30,430,78,,45.018,3.928,Nuit sans éclairage public,Hors agglomération,Hors intersection,Neige / grêle,Autre collision,,,,,,,,,,,3,1,1,4,6
200700012705,0007-03-04 18:15:00,7,3,4,18,15,430,6,LE BOURG,45.164,3.311,Plein jour,En agglomération,Intersection en Y,Normale,Deux véhicules - côté,,,,,,,,,,,1,2,4,1,3
200700012706,0007-03-05 17:45:00,7,3,5,17,45,430,67,LE BOURG,45.168,3.604,Plein jour,En agglomération,Intersection en Y,Normale,Deux véhicules - côté,,,,,,,,,,,1,2,4,1,3
200700012707,0007-03-12 15:30:00,7,3,12,15,30,430,17,,45.37,3.377,Plein jour,Hors agglomération,Hors intersection,Normale,Deux véhicules - frontale,,,,,,,,,,,1,1,1,1,1
200700012708,0007-03-21 21:15:00,7,3,21,21,15,430,38,arvant,45.367,3.313,Nuit avec éclairage allumé,En agglomération,Hors intersection,Normale,Autre collision,,,,,,,,,,,5,2,1,1,6
200700012709,0007-03-05 13:30:00,7,3,5,13,30,430,268,rue du Puy,45.143,4.124,Plein jour,En agglomération,Hors intersection,Normale,Autre collision,,,,,,,,,,,1,2,1,1,6
200700012710,0007-03-09 14:30:00,7,3,9,14,30,430,162,,45.19,4.045,Plein jour,Hors agglomération,Hors intersection,Normale,Autre collision,,,,,,,,,,,1,1,1,1,6
200700012711,0007-03-31 20:30:00,7,3,31,20,30,430,268,,,,Nuit sans éclairage public,Hors agglomération,Hors intersection,Normale,Sans collision,,,,,,,,,,,3,1,1,1,7
200700012712,0007-03-09 09:30:00,7,3,9,9,30,430,34,,45.325,3.962,Plein jour,Hors agglomération,Hors intersection,Normale,Autre collision,,,,,,,,,,,1,1,1,1,6
200700012713,0007-03-21 13:30:00,7,3,21,13,30,430,20,Route de Basset,,,Plein jour,En agglomération,Intersection en T,Neige / grêle,Deux véhicules - frontale,,,,,,,,,,,1,2,3,4,1
200700012714,0007-03-15 13:15:00,7,3,15,13,15,430,142,,45.154,4.355,Plein jour,Hors agglomération,Hors intersection,Normale,Sans collision,,,,,,,,,,,1,1,1,1,7
200700012715,0007-03-22 18:00:00,7,3,22,18,0,430,142,,45.166,4.308,Crépuscule ou aube,Hors agglomération,Hors intersection,Neige / grêle,Autre collision,,,,,,,,,,,2,1,1,4,6
200700012716,0007-03-24 23:30:00,7,3,24,23,30,430,172,Centre ville,45.145,4.434,Nuit avec éclairage allumé,En agglomération,Hors intersection,Neige / grêle,Autre collision,,,,,,,,,,,5,2,1,4,6
200700012717,0007-03-23 10:00:00,7,3,23,10,0,430,87,44 rue du 11 novembre,45.219,4.346,Plein jour,En agglomération,Hors intersection,Normale,Deux véhicules - côté,,,,,,,,,,,1,2,1,1,3
200700012718,0007-03-27 11:45:00,7,3,27,11,45,570,620,rue Jean Jaurès,,,Plein jour,En agglomération,Autre intersection,Normale,Autre collision,,,,,,,,,,,1,2,9,1,6
200700012719,0007-03-02 17:00:00,7,3,2,17,0,570,57,,,,Plein jour,Hors agglomération,Intersection en T,Normale,Deux véhicules - côté,,,,,,,,,,,1,1,3,1,3
200700012720,0007-03-18 12:00:00,7,3,18,12,0,570,156,,,,Plein jour,Hors agglomération,Autre intersection,Pluie légère,Deux véhicules - frontale,,,,,,,,,,,1,1,9,2,1
200700012721,0007-03-21 09:15:00,7,3,21,9,15,570,643,,48.938,6.265,Plein jour,Hors agglomération,Hors intersection,Normale,Autre collision,,,,,,,,,,,1,1,1,1,6
200700012722,0007-03-10 18:00:00,7,3,10,18,0,570,575,Chemin du chateau d'eau,,,Plein jour,Hors agglomération,Hors intersection,Normale,Autre collision,,,,,,,,,,,1,1,1,1,6
200700012723,0007-03-16 01:45:00,7,3,16,1,45,570,193,,49.212,6.211,Nuit sans éclairage public,Hors agglomération,Hors intersection,Normale,Autre collision,,,,,,,,,,,3,1,1,1,6
200700012724,0007-03-19 08:30:00,7,3,19,8,30,570,193,RUE DE LA BELLE CROIX,,,Plein jour,En agglomération,Hors intersection,Normale,Autre collision,,,,,,,,,,,1,2,1,1,6
200700012725,0007-03-23 15:00:00,7,3,23,15,0,570,694,,,,Plein jour,Hors agglomération,Hors intersection,Temps couvert,Deux véhicules - côté,,,,,,,,,,,1,1,1,8,3
200700012726,0007-03-23 21:00:00,7,3,23,21,0,570,510,,,,Nuit sans éclairage public,Hors agglomération,Hors intersection,Normale,Deux véhicules - côté,,,,,,,,,,,3,1,1,1,3
200700012727,0007-03-04 00:15:00,7,3,4,0,15,570,413,,49.117,6.62,Nuit sans éclairage public,Hors agglomération,Hors intersection,Normale,Deux véhicules - côté,,,,,,,,,,,3,1,1,1,3
200700012728,0007-03-09 11:15:00,7,3,9,11,15,570,674,grand'rue,,,Plein jour,En agglomération,Hors intersection,Normale,Sans collision,,,,,,,,,,,1,2,1,1,7
200700012729,0007-03-31 15:00:00,7,3,31,15,0,570,132,RD 955 et rue Mochantone,,,Plein jour,En agglomération,Intersection en T,Normale,Deux véhicules - côté,,,,,,,,,,,1,2,3,1,3
200700012730,0007-03-14 14:00:00,7,3,14,14,0,570,51,RUE PRINCIPALE,48.939,6.609,Plein jour,En agglomération,Hors intersection,Normale,Deux véhicules - frontale,,,,,,,,,,,1,2,1,1,1
200700012731,0007-03-11 15:15:00,7,3,11,15,15,570,556,RUE WILSON,,,Plein jour,En agglomération,Hors intersection,Normale,Deux véhicules - côté,,,,,,,,,,,1,2,1,1,3
200700012732,0007-03-28 08:30:00,7,3,28,8,30,570,34,,48.65,6.96,Plein jour,Hors agglomération,Intersection en X,Normale,Deux véhicules - côté,,,,,,,,,,,1,1,2,1,3
200700012733,0007-03-06 18:15:00,7,3,6,18,15,570,91,,,,Plein jour,Hors agglomération,Hors intersection,Normale,Deux véhicules - côté,,,,,,,,,,,1,1,1,1,3
200700012734,0007-03-30 15:00:00,7,3,30,15,0,570,476,,49.352,6.418,Plein jour,Hors agglomération,Hors intersection,Pluie légère,Autre collision,,,,,,,,,,,1,1,1,2,6
200700012735,0007-03-07 17:45:00,7,3,7,17,45,570,576,,,,Crépuscule ou aube,Hors agglomération,Hors intersection,Normale,Deux véhicules - frontale,,,,,,,,,,,2,1,1,1,1
200700012736,0007-03-13 11:45:00,7,3,13,11,45,570,361,,,,Plein jour,Hors agglomération,Hors intersection,Normale,Deux véhicules - frontale,,,,,,,,,,,1,1,1,1,1
200700012737,0007-03-19 08:15:00,7,3,19,8,15,570,479,Rte de Kirschnaumen,,,Plein jour,En agglomération,Hors intersection,Neige / grêle,Deux véhicules - arrière,,,,,,,,,,,1,2,1,4,2
200700012738,0007-03-28 11:45:00,7,3,28,11,45,540,91,,,,Plein jour,Hors agglomération,Hors intersection,Normale,Autre collision,,,,,,,,,,,1,1,1,1,6
200700012739,0007-03-10 08:15:00,7,3,10,8,15,540,397,,48.646,6.069,Plein jour,Hors agglomération,Hors intersection,Normale,Deux véhicules - côté,,,,,,,,,,,1,1,1,1,3
200700012740,0007-03-23 10:30:00,7,3,23,10,30,540,432,166 rue Jean Jaures,,,Plein jour,En agglomération,Hors intersection,Normale,Deux véhicules - côté,,,,,,,,,,,1,2,1,1,3
200700012741,0007-03-05 17:30:00,7,3,5,17,30,540,109,08 rue des Maix,,,Plein jour,En agglomération,Hors intersection,Normale,Deux véhicules - frontale,,,,,,,,,,,1,2,1,1,1
200700012742,0007-03-17 04:15:00,7,3,17,4,15,540,132,,,,Nuit sans éclairage public,Hors agglomération,Hors intersection,Normale,Autre collision,,,,,,,,,,,3,1,1,1,6
200700012743,0007-03-24 15:00:00,7,3,24,15,0,540,514,,,,Plein jour,Hors agglomération,Hors intersection,Normale,Autre collision,,,,,,,,,,,1,1,1,1,6
200700012744,0007-03-18 14:15:00,7,3,18,14,15,540,337,,49.357,5.865,Plein jour,Hors agglomération,Hors intersection,Pluie légère,Deux véhicules - frontale,,,,,,,,,,,1,1,1,2,1
200700012745,0007-03-25 17:45:00,7,3,25,17,45,540,402,Rue des Jardins,49.285,5.813,Plein jour,En agglomération,Autre intersection,Normale,Deux véhicules - côté,,,,,,,,,,,1,2,9,1,3
200700012746,0007-03-17 15:15:00,7,3,17,15,15,540,359,,48.52,6.401,Plein jour,Hors agglomération,Intersection en X,Normale,Deux véhicules - côté,,,,,,,,,,,1,1,2,1,3
200700012747,0007-03-24 16:45:00,7,3,24,16,45,540,260,,,,Plein jour,Hors agglomération,Intersection en X,Temps couvert,Deux véhicules - arrière,,,,,,,,,,,1,1,2,8,2
200700012748,0007-03-22 07:30:00,7,3,22,7,30,540,223,,48.548,5.993,Plein jour,Hors agglomération,Hors intersection,Neige / grêle,Autre collision,,,,,,,,,,,1,1,1,4,6
200700012749,0007-03-09 09:45:00,7,3,9,9,45,540,160,11 ROUTE DE ST MIHIEL,,,Plein jour,En agglomération,Hors intersection,Normale,Autre collision,,,,,,,,,,,1,2,1,1,6
200700012750,0007-03-10 10:15:00,7,3,10,10,15,540,584,"rdun, à Hauteur du N°17.",,,Nuit avec éclairage allumé,En agglomération,Hors intersection,Normale,Deux véhicules - côté,,,,,,,,,,,5,2,1,1,3
200700012751,0007-03-02 19:48:00,7,3,2,19,48,550,272,Route de Revigny,,,Nuit avec éclairage allumé,En agglomération,Hors intersection,Pluie légère,Deux véhicules - arrière,,,,,,,,,,,5,2,1,2,2
200700012752,0007-03-20 19:00:00,7,3,20,19,0,550,186,CD 146 -  PK7.085,,,Crépuscule ou aube,Hors agglomération,Hors intersection,Neige / grêle,Autre collision,,,,,,,,,,,2,1,1,4,6
200700012753,0007-03-18 13:30:00,7,3,18,13,30,550,133,,,,Plein jour,Hors agglomération,Hors intersection,Vent fort / tempête,Autre collision,,,,,,,,,,,1,1,1,6,6
200700012754,0007-03-20 09:45:00,7,3,20,9,45,550,214,,,,Plein jour,Hors agglomération,Passage à niveau,Normale,Deux véhicules - côté,,,,,,,,,,,1,1,8,1,3
200700012755,0007-03-24 21:15:00,7,3,24,21,15,550,447,,48.649,5.084,Nuit sans éclairage public,Hors agglomération,Hors intersection,Temps couvert,Autre collision,,,,,,,,,,,3,1,1,8,6
200700012756,0007-03-08 11:30:00,7,3,8,11,30,550,268,tersection D964 et D109.,48.978,5.511,Plein jour,En agglomération,Hors intersection,Temps éblouissant,Deux véhicules - côté,,,,,,,,,,,1,2,1,7,3
200700012757,0007-03-19 06:45:00,7,3,19,6,45,550,509,,,,Crépuscule ou aube,Hors agglomération,Hors intersection,Neige / grêle,Autre collision,,,,,,,,,,,2,1,1,4,6
200700012758,0007-03-17 16:45:00,7,3,17,16,45,550,490,,,,Plein jour,Hors agglomération,Hors intersection,Normale,Deux véhicules - côté,,,,,,,,,,,1,1,1,1,3
200700012759,0007-03-01 18:00:00,7,3,1,18,0,550,181,,49.224,5.648,Crépuscule ou aube,Hors agglomération,Hors intersection,Pluie légère,Deux véhicules - côté,,,,,,,,,,,2,1,1,2,3
200700012760,0007-03-04 11:15:00,7,3,4,11,15,550,317,,49.119,5.585,Plein jour,Hors agglomération,Hors intersection,Normale,Deux véhicules - côté,,,,,,,,,,,1,1,1,1,3
200700012761,0007-03-06 02:30:00,7,3,6,2,30,550,171,,49.19,5.508,Nuit sans éclairage public,Hors agglomération,Hors intersection,Normale,Sans collision,,,,,,,,,,,3,1,1,1,7
200700012762,0007-03-21 08:15:00,7,3,21,8,15,550,222,,49.186,5.667,Plein jour,Hors agglomération,Hors intersection,Temps couvert,Deux véhicules - frontale,,,,,,,,,,,1,1,1,8,1
200700012763,0007-03-27 21:30:00,7,3,27,21,30,550,458,Rue nationale,49.171,5.729,Nuit avec éclairage allumé,En agglomération,Hors intersection,Normale,Deux véhicules - côté,,,,,,,,,,,5,2,1,1,3
200700012764,0007-03-10 19:00:00,7,3,10,19,0,880,253,,48.19,6.48,Nuit sans éclairage public,Hors agglomération,Hors intersection,Normale,Deux véhicules - côté,,,,,,,,,,,3,1,1,1,3
200700012765,0007-03-22 06:45:00,7,3,22,6,45,880,136,,48.227,6.448,Crépuscule ou aube,Hors agglomération,Autre intersection,Neige / grêle,Autre collision,,,,,,,,,,,2,1,9,4,6
200700012766,0007-03-15 08:30:00,7,3,15,8,30,880,203,,,,Plein jour,Hors agglomération,Hors intersection,Brouillard / fumée,Deux véhicules - frontale,,,,,,,,,,,1,1,1,5,1
200700012767,0007-03-20 08:30:00,7,3,20,8,30,880,78,rue poincaré,,,Plein jour,En agglomération,Hors intersection,Normale,Deux véhicules - arrière,,,,,,,,,,,1,2,1,1,2
200700012768,0007-03-03 19:45:00,7,3,3,19,45,880,465,,48.249,6.408,Nuit sans éclairage public,Hors agglomération,Hors intersection,Normale,Autre collision,,,,,,,,,,,3,1,1,1,6
200700012769,0007-03-03 07:30:00,7,3,3,7,30,880,83,,48.309,5.73,Crépuscule ou aube,Hors agglomération,Hors intersection,Normale,Autre collision,,,,,,,,,,,2,1,1,1,6
200700012770,0007-03-21 18:30:00,7,3,21,18,30,880,241,,48.276,5.901,Crépuscule ou aube,Hors agglomération,Hors intersection,Temps couvert,Deux véhicules - côté,,,,,,,,,,,2,1,1,8,3
200700012771,0007-03-28 13:20:00,7,3,28,13,20,880,150,,48.339,5.898,Plein jour,Hors agglomération,Hors intersection,Normale,Deux véhicules - frontale,,,,,,,,,,,1,1,1,1,1
200700012772,0007-03-05 19:00:00,7,3,5,19,0,880,516,rue Division Leclerc,,,Nuit avec éclairage allumé,En agglomération,Hors intersection,Normale,Autre collision,,,,,,,,,,,5,2,1,1,6
200700012773,0007-03-10 03:00:00,7,3,10,3,0,880,188,,47.877,6.791,Nuit avec éclairage allumé,En agglomération,Hors intersection,Temps couvert,Autre collision,,,,,,,,,,,5,2,1,8,6
200700012774,0007-03-29 19:30:00,7,3,29,19,30,880,468,,47.896,6.777,Nuit sans éclairage public,Hors agglomération,Hors intersection,Normale,Deux véhicules - frontale,,,,,,,,,,,3,1,1,1,1
200700012775,0007-03-02 15:45:00,7,3,2,15,45,880,487,71 grande rue,,,Plein jour,En agglomération,Intersection en T,Normale,Deux véhicules - côté,,,,,,,,,,,1,2,3,1,3
200700012776,0007-03-04 00:55:00,7,3,4,0,55,880,487,u n°37 avenue de la Gare,,,Nuit avec éclairage allumé,En agglomération,Intersection en T,Normale,Deux véhicules - frontale,,,,,,,,,,,5,2,3,1,1
200700012777,0007-03-13 22:30:00,7,3,13,22,30,880,9,,,,Nuit avec éclairage allumé,Hors agglomération,Hors intersection,Normale,Deux véhicules - côté,,,,,,,,,,,5,1,1,1,3
200700012778,0007-03-01 08:00:00,7,3,1,8,0,880,315,PK 25.700,,,Plein jour,Hors agglomération,Hors intersection,Normale,Deux véhicules - frontale,,,,,,,,,,,1,1,1,1,1
200700012779,0007-03-04 07:40:00,7,3,4,7,40,880,196,BOULEVARD DE LA JAMAGNE,,,Plein jour,En agglomération,Hors intersection,Temps éblouissant,Autre collision,,,,,,,,,,,1,2,1,7,6
200700012780,0007-03-14 21:00:00,7,3,14,21,0,880,451,,48.398,6.981,Nuit avec éclairage allumé,En agglomération,Hors intersection,Normale,Deux véhicules - frontale,,,,,,,,,,,5,2,1,1,1
200700012781,0007-03-11 17:25:00,7,3,11,17,25,670,146,BOOFZHEIM  sur le CD 468,,,Plein jour,Hors agglomération,Intersection en T,Normale,Deux véhicules - frontale,,,,,,,,,,,1,1,3,1,1
200700012782,0007-03-16 17:15:00,7,3,16,17,15,670,137,rue de l'industrie,48.5,7.69,Plein jour,En agglomération,Hors intersection,Normale,Autre collision,,,,,,,,,,,1,2,1,1,6
200700012783,0007-03-18 07:15:00,7,3,18,7,15,670,378,,,,Crépuscule ou aube,Hors agglomération,Hors intersection,Normale,Autre collision,,,,,,,,,,,2,1,1,1,6
200700012784,0007-03-03 20:00:00,7,3,3,20,0,670,266,,48.471,7.642,Nuit sans éclairage public,Hors agglomération,Hors intersection,Normale,Deux véhicules - frontale,,,,,,,,,,,3,1,1,1,1
200700012785,0007-03-03 22:00:00,7,3,3,22,0,670,101,rue faubourg des vosges,48.529,7.484,Nuit avec éclairage allumé,En agglomération,Hors intersection,Normale,Deux véhicules - côté,,,,,,,,,,,5,2,1,1,3
200700012786,0007-03-09 23:15:00,7,3,9,23,15,670,112,Rue de la gare,48.53,7.568,Nuit avec éclairage allumé,En agglomération,Hors intersection,Pluie forte,Deux véhicules - côté,,,,,,,,,,,5,2,1,3,3
200700012787,0007-03-09 19:30:00,7,3,9,19,30,670,300,rue de Saverne,48.548,7.493,Plein jour,En agglomération,Hors intersection,Normale,Deux véhicules - frontale,,,,,,,,,,,1,2,1,1,1
200700012788,0007-03-08 14:15:00,7,3,8,14,15,670,554,WOLXHEIM LE CANAL,48.572,7.5,Plein jour,En agglomération,Hors intersection,Normale,Deux véhicules - côté,,,,,,,,,,,1,2,1,1,3
200700012789,0007-03-08 21:00:00,7,3,8,21,0,670,168,,48.54,7.42,Nuit sans éclairage public,Hors agglomération,Hors intersection,Normale,Sans collision,,,,,,,,,,,3,1,1,1,7
200700012790,0007-03-30 01:30:00,7,3,30,1,30,670,66,,,,Nuit sans éclairage public,Hors agglomération,Hors intersection,Normale,Autre collision,,,,,,,,,,,3,1,1,1,6
200700012791,0007-03-04 15:45:00,7,3,4,15,45,670,322,30 Faubourg Mal CLARCK,48.828,7.404,Plein jour,En agglomération,Hors intersection,Normale,Deux véhicules - arrière,,,,,,,,,,,1,2,1,1,2
200700012792,0007-03-10 16:45:00,7,3,10,16,45,670,89,carrefour mossel/saverne,,,Plein jour,En agglomération,Hors intersection,Normale,Deux véhicules - côté,,,,,,,,,,,1,2,1,1,3
200700012793,0007-03-03 23:30:00,7,3,3,23,30,670,234,"30, rue du Faubourg",,,Nuit avec éclairage allumé,En agglomération,Hors intersection,Normale,Autre collision,,,,,,,,,,,5,2,1,1,6
200700012794,0007-03-05 21:15:00,7,3,5,21,15,670,434,RUE VINCENT,,,Plein jour,En agglomération,Hors intersection,Normale,Deux véhicules - arrière,,,,,,,,,,,1,2,1,1,2
200700012795,0007-03-09 21:40:00,7,3,9,21,40,670,95,PK 21+700,,,Nuit sans éclairage public,Hors agglomération,Hors intersection,Pluie légère,Deux véhicules - frontale,,,,,,,,,,,3,1,1,2,1
200700012796,0007-03-01 12:15:00,7,3,1,12,15,670,456,,,,Plein jour,Hors agglomération,Hors intersection,Pluie forte,Autre collision,,,,,,,,,,,1,1,1,3,6
200700012797,0007-03-25 04:45:00,7,3,25,4,45,670,241,1 Grand rue,,,Nuit avec éclairage allumé,En agglomération,Hors intersection,Pluie légère,Autre collision,,,,,,,,,,,5,2,1,2,6
200700012798,0007-03-30 12:30:00,7,3,30,12,30,670,371,,,,Plein jour,Hors agglomération,Hors intersection,Normale,Autre collision,,,,,,,,,,,1,1,1,1,6
200700012799,0007-03-31 07:15:00,7,3,31,7,15,670,191,,49.049,7.088,Plein jour,Hors agglomération,Hors intersection,Normale,Deux véhicules - frontale,,,,,,,,,,,1,1,1,1,1
200700012800,0007-03-31 12:15:00,7,3,31,12,15,670,506,06 rue de la Rampe,48.667,7.716,Plein jour,En agglomération,Hors intersection,Normale,Autre collision,,,,,,,,,,,1,2,1,1,6
200700012801,0007-03-13 13:30:00,7,3,13,13,30,670,135,CARREFOUR CD791-CD735,48.818,7.582,Plein jour,En agglomération,Intersection en X,Normale,Deux véhicules - côté,,,,,,,,,,,1,2,2,1,3
200700012802,0007-03-28 17:15:00,7,3,28,17,15,670,58,,48.778,7.572,Plein jour,Hors agglomération,Hors intersection,Normale,Deux véhicules - côté,,,,,,,,,,,1,1,1,1,3
200700012803,0007-03-28 15:30:00,7,3,28,15,30,670,181,,48.606,7.575,Plein jour,Hors agglomération,Hors intersection,Normale,Deux véhicules - côté,,,,,,,,,,,1,1,1,1,3
200700012804,0007-03-14 15:00:00,7,3,14,15,0,670,155,159 ROUTE DE STRASBOURG,48.417,7.475,Plein jour,En agglomération,Hors intersection,Normale,Deux véhicules - côté,,,,,,,,,,,1,2,1,1,3
200700012805,0007-03-27 16:30:00,7,3,27,16,30,670,120,,48.38,7.439,Plein jour,Hors agglomération,Intersection en X,Temps éblouissant,Deux véhicules - côté,,,,,,,,,,,1,1,2,7,3
200700012806,0007-03-08 11:00:00,7,3,8,11,0,670,195,,48.21,7.56,Plein jour,Hors agglomération,Hors intersection,Normale,Autre collision,,,,,,,,,,,1,1,1,1,6
200700012807,0007-03-11 14:45:00,7,3,11,14,45,670,494,,48.937,8.018,Plein jour,Hors agglomération,Hors intersection,Normale,Autre collision,,,,,,,,,,,1,1,1,1,6
200700012808,0007-03-01 23:00:00,7,3,1,23,0,670,339,63 Rue des Potiers,48.903,7.896,Nuit avec éclairage allumé,En agglomération,Hors intersection,Temps couvert,Deux véhicules - côté,,,,,,,,,,,5,2,1,8,3
200700012809,0007-03-09 14:30:00,7,3,9,14,30,670,474,,48.939,7.885,Plein jour,Hors agglomération,Giratoire,Normale,Sans collision,,,,,,,,,,,1,1,6,1,7
200700012810,0007-03-17 01:30:00,7,3,17,1,30,670,474,,,,Nuit sans éclairage public,Hors agglomération,Hors intersection,Normale,Sans collision,,,,,,,,,,,3,1,1,1,7
200700012811,0007-03-20 17:45:00,7,3,20,17,45,670,455,13 Rue de la Forêt,48.96,7.903,Plein jour,En agglomération,Hors intersection,Normale,Deux véhicules - côté,,,,,,,,,,,1,2,1,1,3
200700012812,0007-03-01 08:30:00,7,3,1,8,30,680,76,,,,Plein jour,Hors agglomération,Intersection en T,Vent fort / tempête,Deux véhicules - côté,,,,,,,,,,,1,1,3,6,3
200700012813,0007-03-22 13:15:00,7,3,22,13,15,680,351,,48.015,7.586,Plein jour,Hors agglomération,Hors intersection,Pluie légère,Deux véhicules - frontale,,,,,,,,,,,1,1,1,2,1