accident_id,datetime,annee,mois,jour,heure,minute,departement,commune_insee,adresse,latitude,longitude,luminosite,agglomeration,intersection,meteo,collision,nb_vehicules,nb_usagers,nb_indemnes,nb_tues,nb_blesses_hosp,nb_blesses_legers,age_cond_1,age_cond_2,veh_type_cond_1,veh_type_cond_2,lum_code,agg_code,int_code,atm_code,col_code
200700012814,0007-03-16 09:45:00,7,3,16,9,45,680,338,Route des Trois-épis,,,Plein jour,En agglomération,Hors intersection,Normale,Deux véhicules - côté,,,,,,,,,,,1,2,1,1,3
200700012815,0007-03-21 10:45:00,7,3,21,10,45,680,62,,47.633,7.22,Plein jour,Hors agglomération,Hors intersection,Temps couvert,Deux véhicules - côté,,,,,,,,,,,1,1,1,8,3
200700012816,0007-03-20 07:45:00,7,3,20,7,45,680,107,,47.648,7.135,Plein jour,Hors agglomération,Hors intersection,Neige / grêle,Deux véhicules - frontale,,,,,,,,,,,1,1,1,4,1
200700012817,0007-03-09 11:15:00,7,3,9,11,15,680,82,,47.873,7.361,Plein jour,Hors agglomération,Hors intersection,Normale,Deux véhicules - côté,,,,,,,,,,,1,1,1,1,3
200700012818,0007-03-15 16:45:00,7,3,15,16,45,680,242,route de Rouffach,47.969,7.396,Plein jour,En agglomération,Intersection en X,Normale,Deux véhicules - côté,,,,,,,,,,,1,2,2,1,3
200700012819,0007-03-15 17:15:00,7,3,15,17,15,680,266,,47.901,7.349,Plein jour,En agglomération,Hors intersection,Temps éblouissant,Deux véhicules - frontale,,,,,,,,,,,1,2,1,7,1
200700012820,0007-03-14 14:15:00,7,3,14,14,15,680,255,PK 32.8 CD 83,,,Plein jour,Hors agglomération,Hors intersection,Normale,Deux véhicules - arrière,,,,,,,,,,,1,1,1,1,2
200700012821,0007-03-26 10:00:00,7,3,26,10,0,680,270,Rue Principale,,,Plein jour,En agglomération,Hors intersection,Normale,Deux véhicules - côté,,,,,,,,,,,1,2,1,1,3
200700012822,0007-03-11 10:30:00,7,3,11,10,30,680,144,,47.767,7.501,Plein jour,Hors agglomération,Hors intersection,Normale,Autre collision,,,,,,,,,,,1,1,1,1,6
200700012823,0007-03-08 15:15:00,7,3,8,15,15,680,135,rue du général de gaulle,47.58,7.525,Plein jour,En agglomération,Hors intersection,Normale,Autre collision,,,,,,,,,,,1,2,1,1,6
200700012824,0007-03-10 13:30:00,7,3,10,13,30,680,135,RUE DE BUSCHWILLER,47.575,7.513,Plein jour,En agglomération,Intersection en T,Normale,Deux véhicules - côté,,,,,,,,,,,1,2,3,1,3
200700012825,0007-03-11 00:15:00,7,3,11,0,15,680,13,Rue des Pierres,,,Nuit avec éclairage allumé,En agglomération,Hors intersection,Normale,Trois véhicules et plus - collisions multiples,,,,,,,,,,,5,2,1,1,5
200700012826,0007-03-28 18:00:00,7,3,28,18,0,680,163,,,,Plein jour,Hors agglomération,Hors intersection,Normale,Deux véhicules - côté,,,,,,,,,,,1,1,1,1,3
200700012827,0007-03-11 00:30:00,7,3,11,0,30,680,63,rue de Willtelsheim,47.807,7.178,Nuit avec éclairage allumé,En agglomération,Hors intersection,Normale,Autre collision,,,,,,,,,,,5,2,1,1,6
200700012828,0007-03-08 08:45:00,7,3,8,8,45,680,217,,47.855,7.065,Plein jour,Hors agglomération,Hors intersection,Normale,Deux véhicules - frontale,,,,,,,,,,,1,1,1,1,1
200700012829,0007-03-11 14:30:00,7,3,11,14,30,680,201,,,,Plein jour,Hors agglomération,Hors intersection,Normale,Sans collision,,,,,,,,,,,1,1,1,1,7
200700012830,0007-03-31 17:15:00,7,3,31,17,15,510,482,,48.884,4.441,Plein jour,Hors agglomération,Hors intersection,Temps couvert,Deux véhicules - frontale,,,,,,,,,,,1,1,1,8,1
200700012831,0007-03-12 08:00:00,7,3,12,8,0,510,644,,49.091,3.637,Plein jour,Hors agglomération,Hors intersection,Brouillard / fumée,Trois véhicules et plus - collisions multiples,,,,,,,,,,,1,1,1,5,5
200700012832,0007-03-19 16:40:00,7,3,19,16,40,510,351,,48.662,3.869,Plein jour,Hors agglomération,Intersection en X,Temps couvert,Deux véhicules - côté,,,,,,,,,,,1,1,2,8,3
200700012833,0007-03-20 23:00:00,7,3,20,23,0,510,248,,48.754,3.999,Nuit sans éclairage public,Hors agglomération,Hors intersection,Normale,Sans collision,,,,,,,,,,,3,1,1,1,7
200700012834,0007-03-07 18:00:00,7,3,7,18,0,510,511,Rue du Château,48.622,3.745,Plein jour,En agglomération,Hors intersection,Normale,Deux véhicules - frontale,,,,,,,,,,,1,2,1,1,1
200700012835,0007-03-08 02:00:00,7,3,8,2,0,510,124,,48.603,3.665,Nuit sans éclairage public,Hors agglomération,Hors intersection,Normale,Sans collision,,,,,,,,,,,3,1,1,1,7
200700012836,0007-03-29 18:15:00,7,3,29,18,15,510,360,,48.716,3.635,Plein jour,Hors agglomération,Hors intersection,Normale,Autre collision,,,,,,,,,,,1,1,1,1,6
200700012837,0007-03-15 14:45:00,7,3,15,14,45,510,250,Route de REIMS,49.31,3.685,Plein jour,En agglomération,Intersection en T,Normale,Deux véhicules - côté,,,,,,,,,,,1,2,3,1,3
200700012838,0007-03-16 16:30:00,7,3,16,16,30,510,250,FAUBOURG DE SOISSONS,49.307,3.696,Plein jour,En agglomération,Hors intersection,Normale,Deux véhicules - côté,,,,,,,,,,,1,2,1,1,3
200700012839,0007-03-23 16:30:00,7,3,23,16,30,510,310,,49.216,3.92,Plein jour,Hors agglomération,Hors intersection,Pluie forte,Deux véhicules - frontale,,,,,,,,,,,1,1,1,3,1
200700012840,0007-03-31 17:15:00,7,3,31,17,15,510,282,,49.257,3.886,Plein jour,Hors agglomération,Hors intersection,Normale,Sans collision,,,,,,,,,,,1,1,1,1,7
200700012841,0007-03-26 08:20:00,7,3,26,8,20,510,64,voie communale 5,,,Plein jour,Hors agglomération,Hors intersection,Normale,Deux véhicules - frontale,,,,,,,,,,,1,1,1,1,1
200700012842,0007-03-01 15:45:00,7,3,1,15,45,510,440,,,,Plein jour,Hors agglomération,Hors intersection,Vent fort / tempête,Autre collision,,,,,,,,,,,1,1,1,6,6
200700012843,0007-03-06 15:45:00,7,3,6,15,45,510,232,,,,Plein jour,Hors agglomération,Hors intersection,Pluie légère,Deux véhicules - arrière,,,,,,,,,,,1,1,1,2,2
200700012844,0007-03-04 18:45:00,7,3,4,18,45,510,65,,48.723,4.553,Crépuscule ou aube,Hors agglomération,Hors intersection,Normale,Deux véhicules - frontale,,,,,,,,,,,2,1,1,1,1
200700012845,0007-03-23 21:30:00,7,3,23,21,30,510,649,Croisement rue D.de VERZ,,,Nuit avec éclairage allumé,En agglomération,Hors intersection,Normale,Deux véhicules - côté,,,,,,,,,,,5,2,1,1,3
200700012846,0007-03-24 07:45:00,7,3,24,7,45,510,583,,48.719,4.948,Plein jour,Hors agglomération,Hors intersection,Pluie légère,Autre collision,,,,,,,,,,,1,1,1,2,6
200700012847,0007-03-02 15:40:00,7,3,2,15,40,510,620,pres des étangs,,,Plein jour,Hors agglomération,Hors intersection,Normale,Autre collision,,,,,,,,,,,1,1,1,1,6
200700012848,0007-03-15 01:15:00,7,3,15,1,15,510,228,,49.064,4.879,Nuit sans éclairage public,Hors agglomération,Hors intersection,Normale,Autre collision,,,,,,,,,,,3,1,1,1,6
200700012849,0007-03-06 14:45:00,7,3,6,14,45,80,228,,49.629,4.674,Plein jour,Hors agglomération,Hors intersection,Pluie forte,Deux véhicules - frontale,,,,,,,,,,,1,1,1,3,1
200700012850,0007-03-07 09:30:00,7,3,7,9,30,80,328,60 rue Jean Jaurès,49.818,4.752,Plein jour,En agglomération,Hors intersection,Normale,Autre collision,,,,,,,,,,,1,2,1,1,6
200700012851,0007-03-27 16:00:00,7,3,27,16,0,80,190,ROUTE DE GIVET,,,Plein jour,En agglomération,Hors intersection,Normale,Deux véhicules - côté,,,,,,,,,,,1,2,1,1,3
200700012852,0007-03-10 14:45:00,7,3,10,14,45,80,177,,49.876,4.391,Plein jour,Hors agglomération,Hors intersection,Normale,Deux véhicules - côté,,,,,,,,,,,1,1,1,1,3
200700012853,0007-03-20 12:30:00,7,3,20,12,30,80,344,,49.809,4.337,Plein jour,Hors agglomération,Hors intersection,Normale,Sans collision,,,,,,,,,,,1,1,1,1,7
200700012854,0007-03-23 16:00:00,7,3,23,16,0,80,368,,49.426,4.176,Plein jour,Hors agglomération,Hors intersection,Normale,Autre collision,,,,,,,,,,,1,1,1,1,6
200700012855,0007-03-05 16:30:00,7,3,5,16,30,100,430,,48.644,4.132,Plein jour,Hors agglomération,Hors intersection,Normale,Sans collision,,,,,,,,,,,1,1,1,1,7
200700012856,0007-03-23 06:30:00,7,3,23,6,30,100,361,,,,Crépuscule ou aube,Hors agglomération,Hors intersection,Temps couvert,Autre collision,,,,,,,,,,,2,1,1,8,6
200700012857,0007-03-07 14:00:00,7,3,7,14,0,100,51,RUE DE L'HOTEL DE VILLE,,,Plein jour,En agglomération,Hors intersection,Normale,Deux véhicules - côté,,,,,,,,,,,1,2,1,1,3
200700012858,0007-03-14 16:45:00,7,3,14,16,45,100,70,"DIT ""LA LANDE DE MAURE""",,,Plein jour,Hors agglomération,Hors intersection,Normale,Deux véhicules - côté,,,,,,,,,,,1,1,1,1,3
200700012859,0007-03-04 16:30:00,7,3,4,16,30,100,290,GRANDE RUE,48.274,3.654,Plein jour,En agglomération,Hors intersection,Normale,Autre collision,,,,,,,,,,,1,2,1,1,6
200700012860,0007-03-07 22:00:00,7,3,7,22,0,100,106,,,,Nuit sans éclairage public,Hors agglomération,Hors intersection,Normale,Autre collision,,,,,,,,,,,3,1,1,1,6
200700012861,0007-03-11 14:30:00,7,3,11,14,30,100,23,rue de l europe,48.393,3.655,Plein jour,En agglomération,Hors intersection,Normale,Deux véhicules - côté,,,,,,,,,,,1,2,1,1,3
200700012862,0007-03-13 13:20:00,7,3,13,13,20,100,334,RD 619 pk 9+880,,,Plein jour,Hors agglomération,Autre intersection,Normale,Autre collision,,,,,,,,,,,1,1,9,1,6
200700012863,0007-03-23 10:00:00,7,3,23,10,0,100,323,RUE ARISTIDE BRIAND,,,Plein jour,En agglomération,Intersection en T,Pluie légère,Deux véhicules - côté,,,,,,,,,,,1,2,3,2,3
200700012864,0007-03-10 23:30:00,7,3,10,23,30,520,444,,48.27,5.401,Nuit sans éclairage public,Hors agglomération,Hors intersection,Normale,Deux véhicules - frontale,,,,,,,,,,,3,1,1,1,1
200700012865,0007-03-16 17:15:00,7,3,16,17,15,520,269,av turenne,,,Plein jour,En agglomération,Hors intersection,Normale,Trois véhicules et plus - collisions multiples,,,,,,,,,,,1,2,1,1,5
200700012866,0007-03-04 06:30:00,7,3,4,6,30,520,164,,47.964,5.661,Crépuscule ou aube,Hors agglomération,Hors intersection,Normale,Sans collision,,,,,,,,,,,2,1,1,1,7
200700012867,0007-03-17 14:30:00,7,3,17,14,30,520,470,Rue Dessous l'église,,,Plein jour,En agglomération,Hors intersection,Normale,Deux véhicules - frontale,,,,,,,,,,,1,2,1,1,1
200700012868,0007-03-21 17:30:00,7,3,21,17,30,520,164,,,,Crépuscule ou aube,Hors agglomération,Hors intersection,Temps couvert,Sans collision,,,,,,,,,,,2,1,1,8,7
200700012869,0007-03-07 17:15:00,7,3,7,17,15,520,446,CD294,47.717,5.274,Plein jour,En agglomération,Hors intersection,Normale,Deux véhicules - frontale,,,,,,,,,,,1,2,1,1,1
200700012870,0007-03-05 19:30:00,7,3,5,19,30,520,500,CD 185 PK6+550,,,Nuit avec éclairage allumé,En agglomération,Hors intersection,Normale,Deux véhicules - côté,,,,,,,,,,,5,2,1,1,3
200700012871,0007-03-24 19:15:00,7,3,24,19,15,520,244,,48.58,4.911,Nuit sans éclairage public,Hors agglomération,Hors intersection,Pluie légère,Autre collision,,,,,,,,,,,3,1,1,2,6
200700012872,0007-03-02 17:00:00,7,3,2,17,0,520,398,,,,Plein jour,En agglomération,Hors intersection,Temps couvert,Autre collision,,,,,,,,,,,1,2,1,8,6
200700012873,0007-03-04 18:40:00,7,3,4,18,40,520,550,Rue du Général Defrance,,,Nuit avec éclairage allumé,En agglomération,Hors intersection,Normale,Deux véhicules - côté,,,,,,,,,,,5,2,1,1,3
200700012874,0007-03-02 10:15:00,7,3,2,10,15,210,205,,,,Plein jour,Hors agglomération,Hors intersection,Normale,Autre collision,,,,,,,,,,,1,1,1,1,6
200700012875,0007-03-22 11:30:00,7,3,22,11,30,210,493,,47.253,5.387,Plein jour,Hors agglomération,Hors intersection,Temps couvert,Deux véhicules - arrière,,,,,,,,,,,1,1,1,8,2
200700012876,0007-03-22 18:15:00,7,3,22,18,15,210,295,,47.214,5.002,Plein jour,Hors agglomération,Hors intersection,Pluie légère,Deux véhicules - frontale,,,,,,,,,,,1,1,1,2,1
200700012877,0007-03-29 14:30:00,7,3,29,14,30,210,295,D974,,,Plein jour,Hors agglomération,Hors intersection,Pluie légère,Deux véhicules - frontale,,,,,,,,,,,1,1,1,2,1
200700012878,0007-03-08 18:20:00,7,3,8,18,20,210,60,rue de Magny,,,Plein jour,En agglomération,Hors intersection,Normale,Deux véhicules - côté,,,,,,,,,,,1,2,1,1,3
200700012879,0007-03-09 08:15:00,7,3,9,8,15,210,620,,,,Crépuscule ou aube,Hors agglomération,Hors intersection,Normale,Autre collision,,,,,,,,,,,2,1,1,1,6
200700012880,0007-03-11 17:00:00,7,3,11,17,0,210,620,,,,Plein jour,Hors agglomération,Hors intersection,Normale,Sans collision,,,,,,,,,,,1,1,1,1,7
200700012881,0007-03-10 17:00:00,7,3,10,17,0,210,264,,47.178,4.517,Plein jour,Hors agglomération,Hors intersection,Normale,Autre collision,,,,,,,,,,,1,1,1,1,6
200700012882,0007-03-04 16:00:00,7,3,4,16,0,210,154,CD928,,,Plein jour,Hors agglomération,Hors intersection,Normale,Deux véhicules - frontale,,,,,,,,,,,1,1,1,1,1
200700012883,0007-03-28 14:30:00,7,3,28,14,30,210,154,rue Charles Ronot,,,Plein jour,En agglomération,Hors intersection,Normale,Deux véhicules - frontale,,,,,,,,,,,1,2,1,1,1
200700012884,0007-03-01 06:00:00,7,3,1,6,0,210,497,,,,Nuit sans éclairage public,Hors agglomération,Hors intersection,Pluie forte,Autre collision,,,,,,,,,,,3,1,1,3,6
200700012885,0007-03-02 18:30:00,7,3,2,18,30,210,47,,47.548,4.236,Nuit sans éclairage public,Hors agglomération,Hors intersection,Pluie légère,Sans collision,,,,,,,,,,,3,1,1,2,7
200700012886,0007-03-26 14:30:00,7,3,26,14,30,580,55,,,,Plein jour,Hors agglomération,Intersection en T,Normale,Deux véhicules - côté,,,,,,,,,,,1,1,3,1,3
200700012887,0007-03-14 18:15:00,7,3,14,18,15,580,144,,46.741,3.15,Plein jour,Hors agglomération,Hors intersection,Normale,Deux véhicules - frontale,,,,,,,,,,,1,1,1,1,1
200700012888,0007-03-29 17:15:00,7,3,29,17,15,580,79,,47.45,3.522,Plein jour,Hors agglomération,Hors intersection,Normale,Deux véhicules - côté,,,,,,,,,,,1,1,1,1,3
200700012889,0007-03-15 02:45:00,7,3,15,2,45,580,86,avenue du 85ème,,,Nuit avec éclairage allumé,En agglomération,Giratoire,Normale,Deux véhicules - frontale,,,,,,,,,,,5,2,6,1,1
200700012890,0007-03-26 02:15:00,7,3,26,2,15,580,295,,47.327,2.884,Nuit sans éclairage public,Hors agglomération,Hors intersection,Normale,Sans collision,,,,,,,,,,,3,1,1,1,7
200700012891,0007-03-01 16:45:00,7,3,1,16,45,710,372,LA MAISON BLANCHE,,,Plein jour,En agglomération,Intersection en X,Pluie légère,Trois véhicules et plus - collisions multiples,,,,,,,,,,,1,2,2,2,5
200700012892,0007-03-11 13:00:00,7,3,11,13,0,710,385,Route Départementale 169,,,Plein jour,Hors agglomération,Hors intersection,Normale,Deux véhicules - côté,,,,,,,,,,,1,1,1,1,3
200700012893,0007-03-17 17:30:00,7,3,17,17,30,710,90,ROUTE DU VIEUX MOULINS,,,Plein jour,En agglomération,Hors intersection,Normale,Trois véhicules et plus - collisions multiples,,,,,,,,,,,1,2,1,1,5
200700012894,0007-03-07 12:15:00,7,3,7,12,15,710,137,pont de l'étang,46.429,4.666,Plein jour,En agglomération,Hors intersection,Normale,Deux véhicules - côté,,,,,,,,,,,1,2,1,1,3
200700012895,0007-03-29 16:15:00,7,3,29,16,15,710,344,,,,Plein jour,Hors agglomération,Hors intersection,Normale,Deux véhicules - frontale,,,,,,,,,,,1,1,1,1,1
200700012896,0007-03-27 11:00:00,7,3,27,11,0,710,239,,46.73,4.049,Plein jour,Hors agglomération,Hors intersection,Normale,Autre collision,,,,,,,,,,,1,1,1,1,6
200700012897,0007-03-29 17:00:00,7,3,29,17,0,710,63,,46.864,4.309,Plein jour,Hors agglomération,Hors intersection,Normale,Trois véhicules et plus - en chaîne,,,,,,,,,,,1,1,1,1,4
200700012898,0007-03-13 07:45:00,7,3,13,7,45,710,426,,,,Plein jour,Hors agglomération,Hors intersection,Normale,Autre collision,,,,,,,,,,,1,1,1,1,6
200700012899,0007-03-13 17:45:00,7,3,13,17,45,710,221,RUE DE CLUNY,,,Plein jour,En agglomération,Intersection en T,Normale,Deux véhicules - frontale,,,,,,,,,,,1,2,3,1,1
200700012900,0007-03-16 16:45:00,7,3,16,16,45,710,221,,,,Plein jour,Hors agglomération,Hors intersection,Normale,Autre collision,,,,,,,,,,,1,1,1,1,6
200700012901,0007-03-24 00:01:00,7,3,24,0,1,710,404,,46.757,4.671,Nuit sans éclairage public,Hors agglomération,Hors intersection,Normale,Deux véhicules - frontale,,,,,,,,,,,3,1,1,1,1
200700012902,0007-03-08 14:35:00,7,3,8,14,35,710,336,arrefour RD 933 / RD 978,,,Plein jour,Hors agglomération,Intersection en T,Normale,Deux véhicules - frontale,,,,,,,,,,,1,1,3,1,1
200700012903,0007-03-16 06:45:00,7,3,16,6,45,710,444,RN 6,,,Plein jour,En agglomération,Hors intersection,Normale,Autre collision,,,,,,,,,,,1,2,1,1,6
200700012904,0007-03-30 09:45:00,7,3,30,9,45,710,4,,,,Nuit sans éclairage public,Hors agglomération,Hors intersection,Pluie légère,Deux véhicules - côté,,,,,,,,,,,3,1,1,2,3
200700012905,0007-03-10 19:30:00,7,3,10,19,30,710,586,,46.478,4.334,Nuit sans éclairage public,Hors agglomération,Hors intersection,Normale,Autre collision,,,,,,,,,,,3,1,1,1,6
200700012906,0007-03-16 14:00:00,7,3,16,14,0,710,279,,46.574,4.429,Plein jour,Hors agglomération,Hors intersection,Normale,Deux véhicules - côté,,,,,,,,,,,1,1,1,1,3
200700012907,0007-03-04 05:00:00,7,3,4,5,0,710,176,10 AVENUE DES PLATANES,46.487,3.975,Nuit avec éclairage allumé,En agglomération,Hors intersection,Normale,Autre collision,,,,,,,,,,,5,2,1,1,6
200700012908,0007-03-05 07:20:00,7,3,5,7,20,710,291,Lieu-dit Cussy,,,Plein jour,Hors agglomération,Hors intersection,Normale,Deux véhicules - côté,,,,,,,,,,,1,1,1,1,3
200700012909,0007-03-10 10:15:00,7,3,10,10,15,710,47,avenue du Fourneau,,,Plein jour,En agglomération,Hors intersection,Normale,Deux véhicules - côté,,,,,,,,,,,1,2,1,1,3
200700012910,0007-03-10 05:00:00,7,3,10,5,0,710,340,Route nationale 70,,,Nuit sans éclairage public,Hors agglomération,Intersection en X,Normale,Deux véhicules - frontale,,,,,,,,,,,3,1,2,1,1
200700012911,0007-03-07 09:15:00,7,3,7,9,15,710,380,,,,Plein jour,Hors agglomération,Intersection en X,Normale,Deux véhicules - côté,,,,,,,,,,,1,1,2,1,3
200700012912,0007-03-22 23:30:00,7,3,22,23,30,710,263,RUE DU GUIDON,,,Nuit avec éclairage allumé,En agglomération,Hors intersection,Pluie légère,Autre collision,,,,,,,,,,,5,2,1,2,6
200700012913,0007-03-29 13:00:00,7,3,29,13,0,710,263,rue d'Alsace,,,Plein jour,En agglomération,Intersection en Y,Normale,Deux véhicules - côté,,,,,,,,,,,1,2,4,1,3
200700012914,0007-03-11 07:30:00,7,3,11,7,30,710,519,,,,Plein jour,Hors agglomération,Hors intersection,Temps éblouissant,Autre collision,,,,,,,,,,,1,1,1,7,6
200700012915,0007-03-11 12:15:00,7,3,11,12,15,890,276,,48.058,3.776,Plein jour,Hors agglomération,Hors intersection,Normale,Deux véhicules - frontale,,,,,,,,,,,1,1,1,1,1
200700012916,0007-03-03 05:00:00,7,3,3,5,0,890,340,,,,Nuit sans éclairage public,Hors agglomération,Hors intersection,Temps couvert,Autre collision,,,,,,,,,,,3,1,1,8,6
200700012917,0007-03-25 21:00:00,7,3,25,21,0,890,235,,,,Nuit sans éclairage public,Hors agglomération,Hors intersection,Normale,Deux véhicules - côté,,,,,,,,,,,3,1,1,1,3
200700012918,0007-03-19 18:00:00,7,3,19,18,0,890,196,,,,Plein jour,Hors agglomération,Hors intersection,Normale,Deux véhicules - arrière,,,,,,,,,,,1,1,1,1,2
200700012919,0007-03-08 09:30:00,7,3,8,9,30,890,257,av Jean Jacques rousseau,,,Plein jour,En agglomération,Hors intersection,Normale,Deux véhicules - frontale,,,,,,,,,,,1,2,1,1,1
200700012920,0007-03-01 11:45:00,7,3,1,11,45,890,443,,48.137,3.311,Plein jour,Hors agglomération,Hors intersection,Pluie forte,Autre collision,,,,,,,,,,,1,1,1,3,6
200700012921,0007-03-10 11:45:00,7,3,10,11,45,890,239,,,,Plein jour,Hors agglomération,Hors intersection,Normale,Deux véhicules - côté,,,,,,,,,,,1,1,1,1,3
200700012922,0007-03-20 14:15:00,7,3,20,14,15,890,240,cd 225,,,Plein jour,Hors agglomération,Hors intersection,Normale,Sans collision,,,,,,,,,,,1,1,1,1,7
200700012923,0007-03-10 09:00:00,7,3,10,9,0,250,149,,,,Plein jour,Hors agglomération,Hors intersection,Normale,Deux véhicules - côté,,,,,,,,,,,1,1,1,1,3
200700012924,0007-03-10 13:15:00,7,3,10,13,15,250,228,avenue rené Jacquot,47.513,6.848,Plein jour,En agglomération,Hors intersection,Normale,Sans collision,,,,,,,,,,,1,2,1,1,7
200700012925,0007-03-12 15:15:00,7,3,12,15,15,250,304,rue du commandant rollan,47.45,6.881,Plein jour,En agglomération,Intersection en T,Normale,Deux véhicules - côté,,,,,,,,,,,1,2,3,1,3
200700012926,0007-03-04 23:45:00,7,3,4,23,45,250,51,,47.264,6.645,Nuit sans éclairage public,Hors agglomération,Hors intersection,Temps couvert,Deux véhicules - frontale,,,,,,,,,,,3,1,1,8,1
200700012927,0007-03-19 19:00:00,7,3,19,19,0,250,248,,47.211,6.757,Nuit sans éclairage public,Hors agglomération,Hors intersection,Temps couvert,Autre collision,,,,,,,,,,,3,1,1,8,6
200700012928,0007-03-31 10:15:00,7,3,31,10,15,250,87,,,,Plein jour,Hors agglomération,Hors intersection,Normale,Deux véhicules - côté,,,,,,,,,,,1,1,1,1,3
200700012929,0007-03-02 14:00:00,7,3,2,14,0,250,529,,47.303,6.611,Plein jour,Hors agglomération,Hors intersection,Normale,Deux véhicules - côté,,,,,,,,,,,1,1,1,1,3
200700012930,0007-03-29 10:15:00,7,3,29,10,15,250,18,,,,Plein jour,Hors agglomération,Hors intersection,Pluie forte,Autre collision,,,,,,,,,,,1,1,1,3,6
200700012931,0007-03-31 10:00:00,7,3,31,10,0,250,87,,50.05,9.033,Plein jour,Hors agglomération,Hors intersection,Normale,Deux véhicules - arrière,,,,,,,,,,,1,1,1,1,2
200700012932,0007-03-12 20:15:00,7,3,12,20,15,250,495,CD683,47.28,6.113,Nuit avec éclairage allumé,En agglomération,Hors intersection,Normale,Deux véhicules - frontale,,,,,,,,,,,5,2,1,1,1
200700012933,0007-03-31 05:30:00,7,3,31,5,30,250,197,,47.313,6.195,Nuit sans éclairage public,Hors agglomération,Hors intersection,Brouillard / fumée,Autre collision,,,,,,,,,,,3,1,1,5,6
200700012934,0007-03-16 17:45:00,7,3,16,17,45,250,321,,47.074,6.68,Plein jour,Hors agglomération,Hors intersection,Normale,Deux véhicules - côté,,,,,,,,,,,1,1,1,1,3
200700012935,0007-03-07 15:15:00,7,3,7,15,15,390,19,,46.95,5.78,Plein jour,Hors agglomération,Hors intersection,Normale,Trois véhicules et plus - collisions multiples,,,,,,,,,,,1,1,1,1,5
200700012936,0007-03-22 21:00:00,7,3,22,21,0,390,403,,46.981,5.812,Nuit avec éclairage allumé,Hors agglomération,Autre intersection,Neige / grêle,Autre collision,,,,,,,,,,,5,1,9,4,6
200700012937,0007-03-10 19:15:00,7,3,10,19,15,390,189,CD 220 PK 10 + 900,,,Nuit sans éclairage public,Hors agglomération,Hors intersection,Normale,Deux véhicules - arrière,,,,,,,,,,,3,1,1,1,2
200700012938,0007-03-08 10:00:00,7,3,8,10,0,390,396,,47.144,5.656,Plein jour,Hors agglomération,Hors intersection,Normale,Deux véhicules - côté,,,,,,,,,,,1,1,1,1,3
200700012939,0007-03-24 18:00:00,7,3,24,18,0,390,449,,47.158,5.485,Plein jour,Hors agglomération,Intersection en T,Temps couvert,Deux véhicules - frontale,,,,,,,,,,,1,1,3,8,1
200700012940,0007-03-15 17:30:00,7,3,15,17,30,390,478,,,,Plein jour,Hors agglomération,Hors intersection,Normale,Deux véhicules - frontale,,,,,,,,,,,1,1,1,1,1
200700012941,0007-03-13 15:45:00,7,3,13,15,45,390,63,,46.604,5.851,Plein jour,Hors agglomération,Hors intersection,Normale,Deux véhicules - frontale,,,,,,,,,,,1,1,1,1,1
200700012942,0007-03-19 07:15:00,7,3,19,7,15,700,20,,,,Plein jour,Hors agglomération,Hors intersection,Neige / grêle,Trois véhicules et plus - collisions multiples,,,,,,,,,,,1,1,1,4,5
200700012943,0007-03-25 17:30:00,7,3,25,17,30,700,38,,47.504,6.112,Plein jour,Hors agglomération,Hors intersection,Normale,Deux véhicules - frontale,,,,,,,,,,,1,1,1,1,1
200700012944,0007-03-16 15:30:00,7,3,16,15,30,700,455,RN 19,47.681,6.529,Plein jour,En agglomération,Hors intersection,Normale,Deux véhicules - côté,,,,,,,,,,,1,2,1,1,3
200700012945,0007-03-25 19:30:00,7,3,25,19,30,700,577,,47.657,6.497,Crépuscule ou aube,Hors agglomération,Hors intersection,Normale,Sans collision,,,,,,,,,,,2,1,1,1,7
200700012946,0007-03-02 21:30:00,7,3,2,21,30,700,561,,,,Nuit sans éclairage public,Hors agglomération,Hors intersection,Pluie légère,Deux véhicules - côté,,,,,,,,,,,3,1,1,2,3
200700012947,0007-03-19 11:00:00,7,3,19,11,0,700,64,,47.627,6.667,Plein jour,Hors agglomération,Hors intersection,Neige / grêle,Deux véhicules - frontale,,,,,,,,,,,1,1,1,4,1
200700012948,0007-03-16 07:45:00,7,3,16,7,45,700,216,16 RUE DES POMMIERS,,,Plein jour,En agglomération,Hors intersection,Normale,Autre collision,,,,,,,,,,,1,2,1,1,6
200700012949,0007-03-19 14:15:00,7,3,19,14,15,700,311,CD 64 P.K 6,47.832,6.365,Plein jour,Hors agglomération,Hors intersection,Neige / grêle,Deux véhicules - frontale,,,,,,,,,,,1,1,1,4,1
200700012950,0007-03-19 08:45:00,7,3,19,8,45,700,245,"RN57-PK3,1",,,Plein jour,Hors agglomération,Hors intersection,Neige / grêle,Autre collision,,,,,,,,,,,1,1,1,4,6