accident_id,datetime,annee,mois,jour,heure,minute,departement,commune_insee,adresse,latitude,longitude,luminosite,agglomeration,intersection,meteo,collision,nb_vehicules,nb_usagers,nb_indemnes,nb_tues,nb_blesses_hosp,nb_blesses_legers,age_cond_1,age_cond_2,veh_type_cond_1,veh_type_cond_2,lum_code,agg_code,int_code,atm_code,col_code
200700012951,0007-03-28 12:15:00,7,3,28,12,15,700,240,ute des Baraques Chardin,,,Plein jour,Hors agglomération,Hors intersection,Normale,Deux véhicules - arrière,,,,,,,,,,,1,1,1,1,2
200700012952,0007-03-10 21:45:00,7,3,10,21,45,900,89,,47.732,6.95,Nuit sans éclairage public,Hors agglomération,Hors intersection,Normale,Autre collision,,,,,,,,,,,3,1,1,1,6
200700012953,0007-03-24 11:30:00,7,3,24,11,30,900,44,,47.7,6.982,Plein jour,Hors agglomération,Hors intersection,Normale,Sans collision,,,,,,,,,,,1,1,1,1,7
200700012954,0007-03-24 15:00:00,7,3,24,15,0,380,344,18 AUTOROUTE A7 SUD NORD,,,Plein jour,Hors agglomération,Hors intersection,Pluie légère,Deux véhicules - arrière,,,,,,,,,,,1,1,1,2,2
200700012955,0007-03-01 21:30:00,7,3,1,21,30,130,41,route de Gréasque CD 46A,43.444,5.53,Nuit sans éclairage public,Hors agglomération,Hors intersection,Normale,Deux véhicules - frontale,,,,,,,,,,,3,1,1,1,1
200700012956,0007-03-16 20:45:00,7,3,16,20,45,130,48,,43.621,5.683,Nuit sans éclairage public,Hors agglomération,Hors intersection,Normale,Autre collision,,,,,,,,,,,3,1,1,1,6
200700012957,0007-03-21 12:30:00,7,3,21,12,30,130,110,,43.466,5.662,Plein jour,Hors agglomération,Hors intersection,Normale,Autre collision,,,,,,,,,,,1,1,1,1,6
200700012958,0007-03-29 12:45:00,7,3,29,12,45,130,79,,43.507,5.641,Plein jour,Hors agglomération,Hors intersection,Normale,Sans collision,,,,,,,,,,,1,1,1,1,7
200700012959,0007-03-17 06:00:00,7,3,17,6,0,130,4,,43.633,4.748,Nuit sans éclairage public,Hors agglomération,Hors intersection,Normale,Deux véhicules - côté,,,,,,,,,,,3,1,1,1,3
200700012960,0007-03-27 11:45:00,7,3,27,11,45,130,4,,43.641,4.555,Plein jour,Hors agglomération,Hors intersection,Normale,Deux véhicules - côté,,,,,,,,,,,1,1,1,1,3
200700012961,0007-03-12 07:45:00,7,3,12,7,45,130,66,D7N,,,Plein jour,Hors agglomération,Intersection en X,Normale,Trois véhicules et plus - collisions multiples,,,,,,,,,,,1,1,2,1,5
200700012962,0007-03-25 11:50:00,7,3,25,11,50,130,66,RD 7 N,,,Plein jour,Hors agglomération,Hors intersection,Normale,Deux véhicules - arrière,,,,,,,,,,,1,1,1,1,2
200700012963,0007-03-31 17:45:00,7,3,31,17,45,130,66,RD 7,,,Plein jour,Hors agglomération,Hors intersection,Pluie légère,Deux véhicules - arrière,,,,,,,,,,,1,1,1,2,2
200700012964,0007-03-06 20:30:00,7,3,6,20,30,130,94,,,,Nuit sans éclairage public,Hors agglomération,Hors intersection,Pluie légère,Deux véhicules - côté,,,,,,,,,,,3,1,1,2,3
200700012965,0007-03-08 14:00:00,7,3,8,14,0,130,30,,,,Plein jour,Hors agglomération,Hors intersection,Normale,Deux véhicules - arrière,,,,,,,,,,,1,1,1,1,2
200700012966,0007-03-02 12:50:00,7,3,2,12,50,130,22,La gineste,,,Plein jour,Hors agglomération,Autre intersection,Normale,Deux véhicules - frontale,,,,,,,,,,,1,1,9,1,1
200700012967,0007-03-10 15:30:00,7,3,10,15,30,130,22,,43.238,5.592,Plein jour,Hors agglomération,Autre intersection,Normale,Sans collision,,,,,,,,,,,1,1,9,1,7
200700012968,0007-03-26 18:30:00,7,3,26,18,30,130,73,CD7,43.385,5.582,Plein jour,En agglomération,Hors intersection,Normale,Deux véhicules - côté,,,,,,,,,,,1,2,1,1,3
200700012969,0007-03-28 15:45:00,7,3,28,15,45,130,16,,,,Plein jour,Hors agglomération,Hors intersection,Normale,Deux véhicules - frontale,,,,,,,,,,,1,1,1,1,1
200700012970,0007-03-26 18:30:00,7,3,26,18,30,130,64,,43.799,4.955,Plein jour,Hors agglomération,Hors intersection,Normale,Deux véhicules - frontale,,,,,,,,,,,1,1,1,1,1
200700012971,0007-03-08 15:15:00,7,3,8,15,15,130,93,,,,Plein jour,Hors agglomération,Hors intersection,Normale,Autre collision,,,,,,,,,,,1,1,1,1,6
200700012972,0007-03-17 13:30:00,7,3,17,13,30,130,82,,43.636,5.36,Plein jour,Hors agglomération,Hors intersection,Normale,Autre collision,,,,,,,,,,,1,1,1,1,6
200700012973,0007-03-29 18:15:00,7,3,29,18,15,40,116,CD4,,,Plein jour,Hors agglomération,Hors intersection,Normale,Autre collision,,,,,,,,,,,1,1,1,1,6
200700012974,0007-03-05 19:15:00,7,3,5,19,15,40,203,,44.372,6.32,Crépuscule ou aube,Hors agglomération,Hors intersection,Normale,Sans collision,,,,,,,,,,,2,1,1,1,7
200700012975,0007-03-15 15:15:00,7,3,15,15,15,40,123,,,,Plein jour,Hors agglomération,Hors intersection,Normale,Trois véhicules et plus - collisions multiples,,,,,,,,,,,1,1,1,1,5
200700012976,0007-03-21 20:15:00,7,3,21,20,15,40,123,,44.268,5.862,Nuit sans éclairage public,Hors agglomération,Hors intersection,Normale,Deux véhicules - frontale,,,,,,,,,,,3,1,1,1,1
200700012977,0007-03-04 15:15:00,7,3,4,15,15,50,14,HLM Val des Roches,,,Plein jour,En agglomération,Hors intersection,Normale,Autre collision,,,,,,,,,,,1,2,1,1,6
200700012978,0007-03-03 14:45:00,7,3,3,14,45,50,170,,44.465,6.034,Plein jour,Hors agglomération,Hors intersection,Normale,Trois véhicules et plus - en chaîne,,,,,,,,,,,1,1,1,1,4
200700012979,0007-03-02 13:30:00,7,3,2,13,30,50,107,Le clos du vas,,,Plein jour,Hors agglomération,Hors intersection,Normale,Deux véhicules - arrière,,,,,,,,,,,1,1,1,1,2
200700012980,0007-03-30 15:00:00,7,3,30,15,0,50,122,,,,Plein jour,Hors agglomération,Hors intersection,Normale,Deux véhicules - arrière,,,,,,,,,,,1,1,1,1,2
200700012981,0007-03-09 19:40:00,7,3,9,19,40,50,79,Lieu dit Les Sestrières,,,Nuit sans éclairage public,Hors agglomération,Hors intersection,Normale,Deux véhicules - frontale,,,,,,,,,,,3,1,1,1,1
200700012982,0007-03-25 12:15:00,7,3,25,12,15,50,36,,44.64,6.565,Plein jour,Hors agglomération,Hors intersection,Normale,Deux véhicules - frontale,,,,,,,,,,,1,1,1,1,1
200700012983,0007-03-12 18:00:00,7,3,12,18,0,60,14,,,,Plein jour,Hors agglomération,Hors intersection,Normale,Autre collision,,,,,,,,,,,1,1,1,1,6
200700012984,0007-03-14 18:15:00,7,3,14,18,15,60,48,,,,Crépuscule ou aube,Hors agglomération,Hors intersection,Normale,Deux véhicules - côté,,,,,,,,,,,2,1,1,1,3
200700012985,0007-03-22 11:45:00,7,3,22,11,45,60,48,,,,Plein jour,Hors agglomération,Hors intersection,Normale,Sans collision,,,,,,,,,,,1,1,1,1,7
200700012986,0007-03-09 18:15:00,7,3,9,18,15,60,57,,,,Plein jour,Hors agglomération,Hors intersection,Normale,Sans collision,,,,,,,,,,,1,1,1,1,7
200700012987,0007-03-18 16:15:00,7,3,18,16,15,60,142,,,,Plein jour,Hors agglomération,Hors intersection,Normale,Deux véhicules - frontale,,,,,,,,,,,1,1,1,1,1
200700012988,0007-03-18 01:30:00,7,3,18,1,30,60,44,,,,Nuit avec éclairage allumé,Hors agglomération,Hors intersection,Normale,Deux véhicules - frontale,,,,,,,,,,,5,1,1,1,1
200700012989,0007-03-08 19:00:00,7,3,8,19,0,60,95,ch de la petite Fontaine,,,Nuit avec éclairage allumé,En agglomération,Hors intersection,Normale,Deux véhicules - frontale,,,,,,,,,,,5,2,1,1,1
200700012990,0007-03-28 13:30:00,7,3,28,13,30,60,95,2 chemin du stade,,,Plein jour,En agglomération,Hors intersection,Normale,Deux véhicules - frontale,,,,,,,,,,,1,2,1,1,1
200700012991,0007-03-30 07:00:00,7,3,30,7,0,60,140,2418 ROUTE DE DRAGUIGNAN,,,Plein jour,En agglomération,Hors intersection,Normale,Deux véhicules - côté,,,,,,,,,,,1,2,1,1,3
200700012992,0007-03-20 19:20:00,7,3,20,19,20,60,65,1863 CD 2209,,,Nuit sans éclairage public,Hors agglomération,Hors intersection,Normale,Sans collision,,,,,,,,,,,3,1,1,1,7
200700012993,0007-03-27 08:10:00,7,3,27,8,10,60,46,160 Route de La Manda,,,Plein jour,Hors agglomération,Autre intersection,Normale,Deux véhicules - côté,,,,,,,,,,,1,1,9,1,3
200700012994,0007-03-27 14:00:00,7,3,27,14,0,60,33,,,,Plein jour,Hors agglomération,Hors intersection,Normale,Deux véhicules - côté,,,,,,,,,,,1,1,1,1,3
200700012995,0007-03-01 16:40:00,7,3,1,16,40,60,59,avenue raymond Poincaré,,,Plein jour,En agglomération,Hors intersection,Normale,Autre collision,,,,,,,,,,,1,2,1,1,6
200700012996,0007-03-26 07:10:00,7,3,26,7,10,60,59,RD 6007 - PK 58 + 600,,,Plein jour,Hors agglomération,Hors intersection,Normale,Deux véhicules - côté,,,,,,,,,,,1,1,1,1,3
200700012997,0007-03-22 08:45:00,7,3,22,8,45,60,146,,,,Plein jour,Hors agglomération,Hors intersection,Normale,Autre collision,,,,,,,,,,,1,1,1,1,6
200700012998,0007-03-25 17:15:00,7,3,25,17,15,60,144,,43.962,7.159,Plein jour,Hors agglomération,Hors intersection,Normale,Autre collision,,,,,,,,,,,1,1,1,1,6
200700012999,0007-03-25 14:45:00,7,3,25,14,45,60,42,,43.991,7.143,Plein jour,Hors agglomération,Hors intersection,Normale,Deux véhicules - frontale,,,,,,,,,,,1,1,1,1,1
200700013000,0007-03-04 12:30:00,7,3,4,12,30,830,44,D 955,,,Plein jour,Hors agglomération,Hors intersection,Normale,Sans collision,,,,,,,,,,,1,1,1,1,7
200700013001,0007-03-27 17:20:00,7,3,27,17,20,830,28,ent des 4 chemins du MUY,,,Plein jour,Hors agglomération,Intersection en X,Normale,Deux véhicules - côté,,,,,,,,,,,1,1,2,1,3
200700013002,0007-03-06 08:15:00,7,3,6,8,15,830,133,,,,Plein jour,Hors agglomération,Hors intersection,Normale,Deux véhicules - frontale,,,,,,,,,,,1,1,1,1,1
200700013003,0007-03-16 17:15:00,7,3,16,17,15,830,138,"2, quartier la lombardie",,,Plein jour,Hors agglomération,Intersection en T,Normale,Deux véhicules - côté,,,,,,,,,,,1,1,3,1,3
200700013004,0007-03-23 22:30:00,7,3,23,22,30,830,18,,,,Nuit sans éclairage public,Hors agglomération,Hors intersection,Normale,Autre collision,,,,,,,,,,,3,1,1,1,6
200700013005,0007-03-03 16:15:00,7,3,3,16,15,830,149,CD 560,,,Plein jour,Hors agglomération,Hors intersection,Normale,Trois véhicules et plus - collisions multiples,,,,,,,,,,,1,1,1,1,5
200700013006,0007-03-17 16:00:00,7,3,17,16,0,830,151,,,,Plein jour,Hors agglomération,Hors intersection,Normale,Autre collision,,,,,,,,,,,1,1,1,1,6
200700013007,0007-03-07 20:55:00,7,3,7,20,55,830,154,D 250,43.517,6.287,Nuit sans éclairage public,Hors agglomération,Hors intersection,Normale,Autre collision,,,,,,,,,,,3,1,1,1,6
200700013008,0007-03-08 12:30:00,7,3,8,12,30,830,33,RD 97,43.305,6.201,Plein jour,Hors agglomération,Giratoire,Normale,Deux véhicules - côté,,,,,,,,,,,1,1,6,1,3
200700013009,0007-03-16 18:15:00,7,3,16,18,15,830,59,,43.35,6.08,Plein jour,Hors agglomération,Autre intersection,Normale,Autre collision,,,,,,,,,,,1,1,9,1,6
200700013010,0007-03-23 12:45:00,7,3,23,12,45,830,106,RD43,,,Plein jour,Hors agglomération,Hors intersection,Normale,Deux véhicules - côté,,,,,,,,,,,1,1,1,1,3
200700013011,0007-03-09 23:10:00,7,3,9,23,10,830,108,D5,,,Nuit sans éclairage public,Hors agglomération,Hors intersection,Temps couvert,Sans collision,,,,,,,,,,,3,1,1,8,7
200700013012,0007-03-15 15:30:00,7,3,15,15,30,830,116,"RDN 7 - PK 10,400",43.47,5.816,Plein jour,Hors agglomération,Hors intersection,Normale,Deux véhicules - arrière,,,,,,,,,,,1,1,1,1,2
200700013013,0007-03-22 07:10:00,7,3,22,7,10,830,87,DN 560/D1,,,Plein jour,Hors agglomération,Intersection en T,Normale,Deux véhicules - frontale,,,,,,,,,,,1,1,3,1,1
200700013014,0007-03-30 16:50:00,7,3,30,16,50,830,107,et Allée du XV Août 1944,,,Plein jour,En agglomération,Hors intersection,Pluie légère,Autre collision,,,,,,,,,,,1,2,1,2,6
200700013015,0007-03-30 15:00:00,7,3,30,15,0,830,36,AVENUE PIERRE RAMEIL,,,Plein jour,En agglomération,Hors intersection,Normale,Autre collision,,,,,,,,,,,1,2,1,1,6
200700013016,0007-03-04 17:30:00,7,3,4,17,30,830,68,cd559,,,Plein jour,Hors agglomération,Intersection en X,Normale,Trois véhicules et plus - collisions multiples,,,,,,,,,,,1,1,2,1,5
200700013017,0007-03-25 14:50:00,7,3,25,14,50,830,42,D14,,,Plein jour,Hors agglomération,Hors intersection,Normale,Deux véhicules - côté,,,,,,,,,,,1,1,1,1,3
200700013018,0007-03-29 08:20:00,7,3,29,8,20,830,42,FONT MOURIER,,,Plein jour,Hors agglomération,Hors intersection,Normale,Deux véhicules - côté,,,,,,,,,,,1,1,1,1,3
200700013019,0007-03-03 04:15:00,7,3,3,4,15,830,86,RN 7,,,Nuit avec éclairage allumé,En agglomération,Hors intersection,Normale,Autre collision,,,,,,,,,,,5,2,1,1,6
200700013020,0007-03-04 16:00:00,7,3,4,16,0,830,86,CD 25,,,Plein jour,Hors agglomération,Hors intersection,Normale,Trois véhicules et plus - collisions multiples,,,,,,,,,,,1,1,1,1,5
200700013021,0007-03-26 11:30:00,7,3,26,11,30,830,86,DN7,,,Plein jour,En agglomération,Hors intersection,Normale,Deux véhicules - arrière,,,,,,,,,,,1,2,1,1,2
200700013022,0007-03-21 13:15:00,7,3,21,13,15,830,65,,43.265,6.597,Plein jour,Hors agglomération,Hors intersection,Normale,Deux véhicules - frontale,,,,,,,,,,,1,1,1,1,1
200700013023,0007-03-23 17:30:00,7,3,23,17,30,830,119,Bd Louis Blanc,,,Plein jour,En agglomération,Hors intersection,Normale,Autre collision,,,,,,,,,,,1,2,1,1,6
200700013024,0007-03-24 09:00:00,7,3,24,9,0,830,65,,,,Plein jour,Hors agglomération,Hors intersection,Normale,Deux véhicules - côté,,,,,,,,,,,1,1,1,1,3
200700013025,0007-03-12 09:00:00,7,3,12,9,0,830,35,"9 bis, chemin du bosquet",,,Plein jour,En agglomération,Hors intersection,Normale,Deux véhicules - frontale,,,,,,,,,,,1,2,1,1,1
200700013026,0007-03-14 18:45:00,7,3,14,18,45,830,16,,,,Plein jour,Hors agglomération,Hors intersection,Normale,Autre collision,,,,,,,,,,,1,1,1,1,6
200700013027,0007-03-20 15:00:00,7,3,20,15,0,830,35,CD87 route des oratoires,,,Plein jour,Hors agglomération,Hors intersection,Normale,Deux véhicules - frontale,,,,,,,,,,,1,1,1,1,1
200700013028,0007-03-26 10:15:00,7,3,26,10,15,830,127,2 - chemin de siou blanc,,,Plein jour,Hors agglomération,Hors intersection,Normale,Deux véhicules - côté,,,,,,,,,,,1,1,1,1,3
200700013029,0007-03-31 18:45:00,7,3,31,18,45,830,35,,,,Crépuscule ou aube,Hors agglomération,Hors intersection,Normale,Deux véhicules - côté,,,,,,,,,,,2,1,1,1,3
200700013030,0007-03-07 07:45:00,7,3,7,7,45,830,43,,43.24,6.276,Plein jour,Hors agglomération,Hors intersection,Brouillard / fumée,Deux véhicules - frontale,,,,,,,,,,,1,1,1,5,1
200700013031,0007-03-11 02:15:00,7,3,11,2,15,830,49,CD 43,43.26,6.064,Nuit sans éclairage public,En agglomération,Hors intersection,Normale,Autre collision,,,,,,,,,,,3,2,1,1,6
200700013032,0007-03-24 18:45:00,7,3,24,18,45,830,47,"route de Maraval, CD 58",,,Nuit sans éclairage public,Hors agglomération,Intersection en X,Normale,Deux véhicules - arrière,,,,,,,,,,,3,1,2,1,2
200700013033,0007-03-05 16:20:00,7,3,5,16,20,830,19,Boulevard Uranus,,,Plein jour,En agglomération,Intersection en T,Normale,Deux véhicules - côté,,,,,,,,,,,1,2,3,1,3
200700013034,0007-03-25 05:30:00,7,3,25,5,30,830,70,RUE DES CHAMPS FLEURI,,,Nuit avec éclairage allumé,En agglomération,Hors intersection,Normale,Autre collision,,,,,,,,,,,5,2,1,1,6
200700013035,0007-03-05 13:30:00,7,3,5,13,30,830,112,,,,Plein jour,Hors agglomération,Hors intersection,Normale,Trois véhicules et plus - collisions multiples,,,,,,,,,,,1,1,1,1,5
200700013036,0007-03-07 12:15:00,7,3,7,12,15,830,112,s CD 559 route de Bandol,,,Plein jour,Hors agglomération,Hors intersection,Normale,Deux véhicules - arrière,,,,,,,,,,,1,1,1,1,2
200700013037,0007-03-04 07:00:00,7,3,4,7,0,840,34,,,,Crépuscule ou aube,Hors agglomération,Hors intersection,Normale,Sans collision,,,,,,,,,,,2,1,1,1,7
200700013038,0007-03-18 13:40:00,7,3,18,13,40,840,55,CD 6 -,,,Plein jour,Hors agglomération,Hors intersection,Normale,Autre collision,,,,,,,,,,,1,1,1,1,6
200700013039,0007-03-16 08:00:00,7,3,16,8,0,840,99,,,,Plein jour,Hors agglomération,Hors intersection,Normale,Trois véhicules et plus - collisions multiples,,,,,,,,,,,1,1,1,1,5
200700013040,0007-03-24 11:40:00,7,3,24,11,40,840,38,5031 route de PERTUIS,,,Plein jour,Hors agglomération,Hors intersection,Normale,Deux véhicules - arrière,,,,,,,,,,,1,1,1,1,2
200700013041,0007-03-05 15:30:00,7,3,5,15,30,840,54,"Apt, Route Nationale 100",,,Plein jour,Hors agglomération,Hors intersection,Normale,Autre collision,,,,,,,,,,,1,1,1,1,6
200700013042,0007-03-08 09:00:00,7,3,8,9,0,840,54,e D31 et les chemins de,43.884,5.075,Plein jour,Hors agglomération,Intersection en X,Normale,Deux véhicules - côté,,,,,,,,,,,1,1,2,1,3
200700013043,0007-03-18 11:45:00,7,3,18,11,45,840,54,,,,Plein jour,Hors agglomération,Hors intersection,Normale,Deux véhicules - côté,,,,,,,,,,,1,1,1,1,3
200700013044,0007-03-02 16:30:00,7,3,2,16,30,840,54,Cours Fernande PEYRE,,,Plein jour,En agglomération,Intersection en Y,Normale,Deux véhicules - côté,,,,,,,,,,,1,2,4,1,3
200700013045,0007-03-01 16:45:00,7,3,1,16,45,840,92,,43.974,4.883,Plein jour,En agglomération,Autre intersection,Normale,Deux véhicules - côté,,,,,,,,,,,1,2,9,1,3
200700013046,0007-03-14 15:15:00,7,3,14,15,15,840,92,,43.971,4.878,Plein jour,En agglomération,Hors intersection,Normale,Deux véhicules - frontale,,,,,,,,,,,1,2,1,1,1
200700013047,0007-03-19 12:45:00,7,3,19,12,45,840,141,ce et Marguerite VIDIER,,,Plein jour,Hors agglomération,Giratoire,Normale,Autre collision,,,,,,,,,,,1,1,6,1,6
200700013048,0007-03-25 12:45:00,7,3,25,12,45,840,129,bd Salvador Allende,,,Plein jour,En agglomération,Hors intersection,Normale,Deux véhicules - frontale,,,,,,,,,,,1,2,1,1,1
200700013049,0007-03-18 17:45:00,7,3,18,17,45,840,112,,,,Plein jour,Hors agglomération,Hors intersection,Normale,Deux véhicules - frontale,,,,,,,,,,,1,1,1,1,1
200700013050,0007-03-27 09:15:00,7,3,27,9,15,840,3,,43.874,5.363,Plein jour,Hors agglomération,Hors intersection,Normale,Deux véhicules - côté,,,,,,,,,,,1,1,1,1,3
200700013051,0007-03-05 19:15:00,7,3,5,19,15,840,93,,43.756,5.265,Nuit sans éclairage public,Hors agglomération,Hors intersection,Normale,Trois véhicules et plus - collisions multiples,,,,,,,,,,,3,1,1,1,5
200700013052,0007-03-11 15:45:00,7,3,11,15,45,840,95,,43.742,5.336,Plein jour,Hors agglomération,Hors intersection,Normale,Autre collision,,,,,,,,,,,1,1,1,1,6
200700013053,0007-03-21 15:00:00,7,3,21,15,0,840,102,RN 100 La Peyroarde,43.868,5.298,Plein jour,Hors agglomération,Hors intersection,Normale,Trois véhicules et plus - collisions multiples,,,,,,,,,,,1,1,1,1,5
200700013054,0007-03-15 07:30:00,7,3,15,7,30,840,14,,,,Plein jour,Hors agglomération,Hors intersection,Normale,Trois véhicules et plus - collisions multiples,,,,,,,,,,,1,1,1,1,5
200700013055,0007-03-15 11:00:00,7,3,15,11,0,840,52,,,,Plein jour,Hors agglomération,Hors intersection,Normale,Sans collision,,,,,,,,,,,1,1,1,1,7
200700013056,0007-03-02 04:30:00,7,3,2,4,30,840,12,,,,Nuit sans éclairage public,Hors agglomération,Hors intersection,Normale,Sans collision,,,,,,,,,,,3,1,1,1,7
200700013057,0007-03-02 21:15:00,7,3,2,21,15,840,69,,,,Nuit sans éclairage public,Hors agglomération,Hors intersection,Temps couvert,Autre collision,,,,,,,,,,,3,1,1,8,6
200700013058,0007-03-07 22:30:00,7,3,7,22,30,840,17,,,,Nuit sans éclairage public,Hors agglomération,Hors intersection,Normale,Autre collision,,,,,,,,,,,3,1,1,1,6
200700013059,0007-03-06 10:45:00,7,3,6,10,45,840,108,980 route de Carpentras,,,Plein jour,Hors agglomération,Hors intersection,Normale,Deux véhicules - frontale,,,,,,,,,,,1,1,1,1,1
200700013060,0007-03-17 06:30:00,7,3,17,6,30,840,29,,,,Crépuscule ou aube,En agglomération,Hors intersection,Normale,Sans collision,,,,,,,,,,,2,2,1,1,7
200700013061,0007-03-28 07:45:00,7,3,28,7,45,840,39,Chemin St Dominique,,,Plein jour,Hors agglomération,Hors intersection,Normale,Deux véhicules - frontale,,,,,,,,,,,1,1,1,1,1
200700013062,0007-03-26 15:15:00,7,3,26,15,15,840,150,,44.318,4.939,Plein jour,Hors agglomération,Hors intersection,Normale,Deux véhicules - côté,,,,,,,,,,,1,1,1,1,3
200700013063,0007-03-08 08:00:00,7,3,8,8,0,340,57,,,,Plein jour,Hors agglomération,Hors intersection,Normale,Deux véhicules - arrière,,,,,,,,,,,1,1,1,1,2
200700013064,0007-03-27 18:30:00,7,3,27,18,30,340,327,CD 65,,,Plein jour,Hors agglomération,Intersection en X,Normale,Trois véhicules et plus - en chaîne,,,,,,,,,,,1,1,2,1,4
200700013065,0007-03-17 17:45:00,7,3,17,17,45,340,174,,43.953,3.775,Plein jour,Hors agglomération,Hors intersection,Normale,Deux véhicules - frontale,,,,,,,,,,,1,1,1,1,1
200700013066,0007-03-08 13:35:00,7,3,8,13,35,340,145,à l'école Jacques Brel,,,Plein jour,En agglomération,Hors intersection,Normale,Autre collision,,,,,,,,,,,1,2,1,1,6
200700013067,0007-03-26 11:50:00,7,3,26,11,50,340,145,g lycée Louis FEUILLADE,,,Plein jour,En agglomération,Hors intersection,Normale,Deux véhicules - frontale,,,,,,,,,,,1,2,1,1,1
200700013068,0007-03-11 07:45:00,7,3,11,7,45,340,154,Rue du Mas de BOSC,43.586,3.953,Plein jour,En agglomération,Hors intersection,Normale,Autre collision,,,,,,,,,,,1,2,1,1,6
200700013069,0007-03-10 23:00:00,7,3,10,23,0,340,154,,43.628,4.012,Nuit avec éclairage allumé,Hors agglomération,Intersection en X,Normale,Deux véhicules - côté,,,,,,,,,,,5,1,2,1,3
200700013070,0007-03-12 23:15:00,7,3,12,23,15,340,154,u-dit Manade de l'Aurore,,,Nuit sans éclairage public,Hors agglomération,Hors intersection,Normale,Autre collision,,,,,,,,,,,3,1,1,1,6
200700013071,0007-03-30 09:30:00,7,3,30,9,30,340,185,D1E5 PK 3+100,43.816,3.747,Plein jour,Hors agglomération,Hors intersection,Normale,Sans collision,,,,,,,,,,,1,1,1,1,7
200700013072,0007-03-08 00:01:00,7,3,8,0,1,340,335,,,,Nuit sans éclairage public,Hors agglomération,Hors intersection,Normale,Autre collision,,,,,,,,,,,3,1,1,1,6
200700013073,0007-03-16 10:00:00,7,3,16,10,0,340,119,av de l'Espinouse,43.598,3.111,Plein jour,En agglomération,Hors intersection,Normale,Deux véhicules - côté,,,,,,,,,,,1,2,1,1,3
200700013074,0007-03-10 15:30:00,7,3,10,15,30,340,7,CD907,,,Plein jour,Hors agglomération,Hors intersection,Vent fort / tempête,Sans collision,,,,,,,,,,,1,1,1,6,7
200700013075,0007-03-25 19:15:00,7,3,25,19,15,340,52,CD 11,,,Plein jour,Hors agglomération,Hors intersection,Normale,Autre collision,,,,,,,,,,,1,1,1,1,6
200700013076,0007-03-01 15:15:00,7,3,1,15,15,340,311,"0, sens ROUJAN - PEZENAS",,,Plein jour,Hors agglomération,Hors intersection,Normale,Autre collision,,,,,,,,,,,1,1,1,1,6
200700013077,0007-03-17 05:15:00,7,3,17,5,15,340,199,Avenue Gabriel Mazel,,,Nuit avec éclairage allumé,En agglomération,Hors intersection,Normale,Sans collision,,,,,,,,,,,5,2,1,1,7
200700013078,0007-03-20 10:00:00,7,3,20,10,0,340,103,,,,Plein jour,Hors agglomération,Hors intersection,Vent fort / tempête,Sans collision,,,,,,,,,,,1,1,1,6,7
200700013079,0007-03-21 16:00:00,7,3,21,16,0,340,199,Avenue de Verdun,,,Plein jour,En agglomération,Hors intersection,Normale,Deux véhicules - côté,,,,,,,,,,,1,2,1,1,3
200700013080,0007-03-24 19:15:00,7,3,24,19,15,340,199,Place Bonnet,,,Crépuscule ou aube,En agglomération,Place,Normale,Autre collision,,,,,,,,,,,2,2,7,1,6
200700013081,0007-03-05 08:00:00,7,3,5,8,0,340,284,avenue de la gare CD 612,,,Plein jour,En agglomération,Hors intersection,Normale,Deux véhicules - côté,,,,,,,,,,,1,2,1,1,3
200700013082,0007-03-22 23:15:00,7,3,22,23,15,340,187,Lieu dit Julio,,,Nuit sans éclairage public,Hors agglomération,Hors intersection,Normale,Autre collision,,,,,,,,,,,3,1,1,1,6
200700013083,0007-03-17 15:30:00,7,3,17,15,30,340,324,Boulevard Jean Dauga,,,Plein jour,En agglomération,Hors intersection,Normale,Trois véhicules et plus - collisions multiples,,,,,,,,,,,1,2,1,1,5
200700013084,0007-03-23 14:45:00,7,3,23,14,45,340,299,rond-point de la cigaliè,,,Plein jour,En agglomération,Giratoire,Normale,Deux véhicules - côté,,,,,,,,,,,1,2,6,1,3
200700013085,0007-03-07 21:00:00,7,3,7,21,0,340,142,CD 35,,,Nuit sans éclairage public,Hors agglomération,Hors intersection,Normale,Sans collision,,,,,,,,,,,3,1,1,1,7
200700013086,0007-03-13 16:45:00,7,3,13,16,45,340,142,,43.735,3.284,Plein jour,Hors agglomération,Hors intersection,Normale,Deux véhicules - frontale,,,,,,,,,,,1,1,1,1,1
200700013087,0007-03-09 17:30:00,7,3,9,17,30,340,323,,,,Plein jour,Hors agglomération,Hors intersection,Normale,Sans collision,,,,,,,,,,,1,1,1,1,7
200700013088,0007-03-15 13:45:00,7,3,15,13,45,340,180,,43.608,3.438,Plein jour,Hors agglomération,Hors intersection,Normale,Autre collision,,,,,,,,,,,1,1,1,1,6
200700013089,0007-03-23 13:30:00,7,3,23,13,30,340,210,,43.597,3.502,Plein jour,Hors agglomération,Hors intersection,Normale,Autre collision,,,,,,,,,,,1,1,1,1,6