accident_id,datetime,annee,mois,jour,heure,minute,departement,commune_insee,adresse,latitude,longitude,luminosite,agglomeration,intersection,meteo,collision,nb_vehicules,nb_usagers,nb_indemnes,nb_tues,nb_blesses_hosp,nb_blesses_legers,age_cond_1,age_cond_2,veh_type_cond_1,veh_type_cond_2,lum_code,agg_code,int_code,atm_code,col_code
200700013363,0007-03-26 15:45:00,7,3,26,15,45,660,137,,,,Plein jour,Hors agglomération,Hors intersection,Normale,Trois véhicules et plus - en chaîne,,,,,,,,,,,1,1,1,1,4
200700013364,0007-03-02 12:10:00,7,3,2,12,10,950,323,rue de l'Oise,,,Plein jour,En agglomération,Hors intersection,Normale,Deux véhicules - côté,,,,,,,,,,,1,2,1,1,3
200700013365,0007-03-02 23:00:00,7,3,2,23,0,380,39,"A 41, PK 12",,,Nuit sans éclairage public,Hors agglomération,Hors intersection,Pluie forte,Deux véhicules - côté,,,,,,,,,,,3,1,1,3,3
200700013366,0007-03-19 23:00:00,7,3,19,23,0,860,19,,,,Nuit sans éclairage public,Hors agglomération,Hors intersection,Pluie légère,Trois véhicules et plus - en chaîne,,,,,,,,,,,3,1,1,2,4
200700013367,0007-03-15 09:15:00,7,3,15,9,15,130,1,,43.519,5.434,Plein jour,Hors agglomération,Autre intersection,Normale,Deux véhicules - frontale,,,,,,,,,,,1,1,9,1,1
200700013368,0007-03-12 15:00:00,7,3,12,15,0,130,13,,,,Plein jour,Hors agglomération,Hors intersection,Normale,Deux véhicules - arrière,,,,,,,,,,,1,1,1,1,2
200700013369,0007-03-05 18:30:00,7,3,5,18,30,770,141,,,,Plein jour,Hors agglomération,Hors intersection,Normale,Deux véhicules - arrière,,,,,,,,,,,1,1,1,1,2
200700013370,0007-03-24 20:00:00,7,3,24,20,0,660,190,,,,Nuit sans éclairage public,Hors agglomération,Hors intersection,Normale,Deux véhicules - frontale,,,,,,,,,,,3,1,1,1,1
200700013371,0007-03-02 15:15:00,7,3,2,15,15,910,225,Route de Jarcy,,,Plein jour,En agglomération,Hors intersection,Normale,Deux véhicules - côté,,,,,,,,,,,1,2,1,1,3
200700013372,0007-03-02 22:20:00,7,3,2,22,20,910,617,ximité de l'Hôtel Kyriad,,,Nuit sans éclairage public,Hors agglomération,Hors intersection,Pluie légère,Deux véhicules - côté,,,,,,,,,,,3,1,1,2,3
200700013373,0007-03-15 20:45:00,7,3,15,20,45,910,553,,,,Nuit sans éclairage public,Hors agglomération,Hors intersection,Normale,Deux véhicules - arrière,,,,,,,,,,,3,1,1,1,2
200700013374,0007-03-19 20:15:00,7,3,19,20,15,910,617,,48.638,2.516,Nuit sans éclairage public,Hors agglomération,Hors intersection,Normale,Autre collision,,,,,,,,,,,3,1,1,1,6
200700013375,0007-03-01 07:45:00,7,3,1,7,45,310,220,,,,Plein jour,Hors agglomération,Hors intersection,Normale,Deux véhicules - arrière,,,,,,,,,,,1,1,1,1,2
200700013376,0007-03-10 15:00:00,7,3,10,15,0,330,527,,,,Plein jour,Hors agglomération,Autre intersection,Normale,Trois véhicules et plus - en chaîne,,,,,,,,,,,1,1,9,1,4
200700013377,0007-03-20 06:00:00,7,3,20,6,0,720,65,,,,Nuit avec éclairage non allumé,Hors agglomération,Hors intersection,Neige / grêle,Sans collision,,,,,,,,,,,4,1,1,4,7
200700013378,0007-03-16 11:00:00,7,3,16,11,0,440,104,,,,Plein jour,Hors agglomération,Hors intersection,Normale,Sans collision,,,,,,,,,,,1,1,1,1,7
200700013379,0007-03-27 17:15:00,7,3,27,17,15,470,267,,44.247,0.316,Plein jour,Hors agglomération,Hors intersection,Normale,Deux véhicules - arrière,,,,,,,,,,,1,1,1,1,2
200700013380,0007-03-14 17:30:00,7,3,14,17,30,201,130,,41.88,8.935,Plein jour,Hors agglomération,Hors intersection,Normale,Autre collision,,,,,,,,,,,1,1,1,1,6
200700013381,0007-03-12 11:15:00,7,3,12,11,15,380,229,enue de verdun - RD 1090,,,Plein jour,En agglomération,Hors intersection,Normale,Deux véhicules - arrière,,,,,,,,,,,1,2,1,1,2
200700013382,0007-03-17 12:00:00,7,3,17,12,0,780,466,rond point Novotel,,,Plein jour,Hors agglomération,Giratoire,Normale,Deux véhicules - côté,,,,,,,,,,,1,1,6,1,3
200700013383,0007-03-04 21:45:00,7,3,4,21,45,330,122,,44.73,-0.66,Nuit sans éclairage public,Hors agglomération,Hors intersection,Pluie légère,Autre collision,,,,,,,,,,,3,1,1,2,6
200700013384,0007-03-07 16:55:00,7,3,7,16,55,330,122,avenue  Savator ALLIENDE,44.77,-0.69,Plein jour,Hors agglomération,Hors intersection,Pluie forte,Autre collision,,,,,,,,,,,1,1,1,3,6
200700013385,0007-03-23 19:50:00,7,3,23,19,50,330,122,lieu dit JAUGE,,,Nuit avec éclairage allumé,Hors agglomération,Hors intersection,Pluie légère,Deux véhicules - arrière,,,,,,,,,,,5,1,1,2,2
200700013386,0007-03-22 18:30:00,7,3,22,18,30,660,195,Rond-Point des Albères,,,Plein jour,En agglomération,Giratoire,Normale,Autre collision,,,,,,,,,,,1,2,6,1,6
200700013387,0007-03-25 17:15:00,7,3,25,17,15,670,49,2 sens COLMAR-STRASBOURG,,,Plein jour,Hors agglomération,Hors intersection,Normale,Trois véhicules et plus - en chaîne,,,,,,,,,,,1,1,1,1,4
200700013388,0007-03-28 16:15:00,7,3,28,16,15,170,436,int kilomètrique 429+900,,,Plein jour,Hors agglomération,Hors intersection,Normale,Autre collision,,,,,,,,,,,1,1,1,1,6
200700013389,0007-03-01 12:00:00,7,3,1,12,0,220,187,,48.54,-2.79,Plein jour,Hors agglomération,Hors intersection,Normale,Sans collision,,,,,,,,,,,1,1,1,1,7
200700013390,0007-03-14 08:00:00,7,3,14,8,0,220,187,avenue du chalutier sans,48.54,-2.764,Crépuscule ou aube,En agglomération,Hors intersection,Normale,Autre collision,,,,,,,,,,,2,2,1,1,6
200700013391,0007-03-14 15:45:00,7,3,14,15,45,740,268,route des creuses,,,Plein jour,En agglomération,Hors intersection,Normale,Deux véhicules - frontale,,,,,,,,,,,1,2,1,1,1
200700013392,0007-03-15 07:40:00,7,3,15,7,40,740,213,RN 1508 - PK 04,,,Plein jour,Hors agglomération,Hors intersection,Normale,Autre collision,,,,,,,,,,,1,1,1,1,6
200700013393,0007-03-01 14:00:00,7,3,1,14,0,510,629,,49.168,4.013,Plein jour,Hors agglomération,Hors intersection,Normale,Deux véhicules - côté,,,,,,,,,,,1,1,1,1,3
200700013394,0007-03-07 19:15:00,7,3,7,19,15,510,450,,49.221,4.135,Crépuscule ou aube,Hors agglomération,Hors intersection,Normale,Autre collision,,,,,,,,,,,2,1,1,1,6
200700013395,0007-03-18 18:15:00,7,3,18,18,15,520,27,,,,Crépuscule ou aube,Hors agglomération,Hors intersection,Pluie forte,Autre collision,,,,,,,,,,,2,1,1,3,6
200700013396,0007-03-05 09:00:00,7,3,5,9,0,620,618,,,,Plein jour,Hors agglomération,Hors intersection,Neige / grêle,Sans collision,,,,,,,,,,,1,1,1,4,7
200700013397,0007-03-11 07:30:00,7,3,11,7,30,620,471,,50.676,2.249,Plein jour,Hors agglomération,Hors intersection,Normale,Autre collision,,,,,,,,,,,1,1,1,1,6
200700013398,0007-03-21 05:45:00,7,3,21,5,45,620,904,,50.82,2.07,Nuit sans éclairage public,Hors agglomération,Hors intersection,Neige / grêle,Sans collision,,,,,,,,,,,3,1,1,4,7
200700013399,0007-03-26 20:30:00,7,3,26,20,30,310,157,2 Avenue F MITTERAND,,,Plein jour,En agglomération,Hors intersection,Normale,Deux véhicules - côté,,,,,,,,,,,1,2,1,1,3
200700013400,0007-03-25 20:45:00,7,3,25,20,45,620,634,,50.94,2.042,Nuit sans éclairage public,Hors agglomération,Hors intersection,Normale,Sans collision,,,,,,,,,,,3,1,1,1,7
200700013401,0007-03-11 17:15:00,7,3,11,17,15,60,152,route de CANNES,,,Plein jour,En agglomération,Hors intersection,Normale,Sans collision,,,,,,,,,,,1,2,1,1,7
200700013402,0007-03-12 19:20:00,7,3,12,19,20,60,152,"35-RD103, les clausonnes",,,Nuit sans éclairage public,Hors agglomération,Intersection en X,Normale,Deux véhicules - côté,,,,,,,,,,,3,1,2,1,3
200700013403,0007-03-27 16:40:00,7,3,27,16,40,690,63,QUAI DE LA JONCHERE,,,Plein jour,En agglomération,Hors intersection,Normale,Deux véhicules - frontale,,,,,,,,,,,1,2,1,1,1
200700013404,0007-03-03 15:05:00,7,3,3,15,5,380,378,Montée de Varambon,,,Plein jour,En agglomération,Hors intersection,Normale,Deux véhicules - côté,,,,,,,,,,,1,2,1,1,3
200700013405,0007-03-24 16:30:00,7,3,24,16,30,740,22,,45.994,6.25,Plein jour,Hors agglomération,Hors intersection,Normale,Deux véhicules - frontale,,,,,,,,,,,1,1,1,1,1
200700013406,0007-03-17 23:05:00,7,3,17,23,5,20,296,P.K. 257+750,,,Nuit sans éclairage public,Hors agglomération,Hors intersection,Normale,Sans collision,,,,,,,,,,,3,1,1,1,7
200700013407,0007-03-17 21:00:00,7,3,17,21,0,780,571,rrefour des RD 98 et 307,48.859,2.025,Nuit avec éclairage allumé,Hors agglomération,Hors intersection,Normale,Deux véhicules - côté,,,,,,,,,,,5,1,1,1,3
200700013408,0007-03-28 13:15:00,7,3,28,13,15,130,118,,,,Plein jour,Hors agglomération,Hors intersection,Normale,Deux véhicules - frontale,,,,,,,,,,,1,1,1,1,1
200700013409,0007-03-26 15:00:00,7,3,26,15,0,950,445,,49.1,2.275,Plein jour,Hors agglomération,Hors intersection,Normale,Deux véhicules - frontale,,,,,,,,,,,1,1,1,1,1
200700013410,0007-03-24 01:15:00,7,3,24,1,15,90,159,,42.775,1.733,Nuit sans éclairage public,Hors agglomération,Hors intersection,Pluie légère,Deux véhicules - arrière,,,,,,,,,,,3,1,1,2,2
200700013411,0007-03-21 06:15:00,7,3,21,6,15,760,645,,,,Crépuscule ou aube,Hors agglomération,Autre intersection,Neige / grêle,Autre collision,,,,,,,,,,,2,1,9,4,6
200700013412,0007-03-27 09:30:00,7,3,27,9,30,560,251,7 ALLEE DE NOYALO,47.633,-2.652,Plein jour,En agglomération,Hors intersection,Temps éblouissant,Deux véhicules - côté,,,,,,,,,,,1,2,1,7,3
200700013413,0007-03-28 09:45:00,7,3,28,9,45,560,240,,47.542,-2.74,Plein jour,Hors agglomération,Intersection à plus de 4 branches,Normale,Deux véhicules - frontale,,,,,,,,,,,1,1,5,1,1
200700013414,0007-03-20 13:00:00,7,3,20,13,0,880,62,,,,Plein jour,Hors agglomération,Hors intersection,Normale,Sans collision,,,,,,,,,,,1,1,1,1,7
200700013415,0007-03-15 09:00:00,7,3,15,9,0,380,553,Rue de la Raz,,,Plein jour,En agglomération,Hors intersection,Normale,Autre collision,,,,,,,,,,,1,2,1,1,6
200700013416,0007-03-30 23:00:00,7,3,30,23,0,380,339,,,,Nuit sans éclairage public,Hors agglomération,Hors intersection,Normale,Autre collision,,,,,,,,,,,3,1,1,1,6
200700013417,0007-03-28 21:30:00,7,3,28,21,30,130,113,,,,Nuit sans éclairage public,Hors agglomération,Hors intersection,Normale,Deux véhicules - arrière,,,,,,,,,,,3,1,1,1,2
200700013418,0007-03-31 19:30:00,7,3,31,19,30,130,113,,,,Crépuscule ou aube,Hors agglomération,Hors intersection,Normale,Sans collision,,,,,,,,,,,2,1,1,1,7
200700013419,0007-03-15 06:45:00,7,3,15,6,45,410,256,,,,Crépuscule ou aube,Hors agglomération,Hors intersection,Normale,Deux véhicules - arrière,,,,,,,,,,,2,1,1,1,2
200700013420,0007-03-09 20:00:00,7,3,9,20,0,10,67,int kilometrique 128+600,,,Nuit sans éclairage public,Hors agglomération,Hors intersection,Pluie forte,Trois véhicules et plus - collisions multiples,,,,,,,,,,,3,1,1,3,5
200700013421,0007-03-19 16:00:00,7,3,19,16,0,10,237,autoroute A404,,,Plein jour,Hors agglomération,Autre intersection,Neige / grêle,Sans collision,,,,,,,,,,,1,1,9,4,7
200700013422,0007-03-12 06:15:00,7,3,12,6,15,140,191,,49.327,-0.455,Nuit sans éclairage public,Hors agglomération,Hors intersection,Normale,Autre collision,,,,,,,,,,,3,1,1,1,6
200700013423,0007-03-02 18:30:00,7,3,2,18,30,130,51,,,,Crépuscule ou aube,Hors agglomération,Hors intersection,Normale,Sans collision,,,,,,,,,,,2,1,1,1,7
200700013424,0007-03-27 01:00:00,7,3,27,1,0,130,44,,,,Nuit sans éclairage public,Hors agglomération,Hors intersection,Normale,Sans collision,,,,,,,,,,,3,1,1,1,7
200700013425,0007-03-28 15:15:00,7,3,28,15,15,130,69,,,,Plein jour,Hors agglomération,Giratoire,Normale,Deux véhicules - côté,,,,,,,,,,,1,1,6,1,3
200700013426,0007-03-17 12:15:00,7,3,17,12,15,630,290,,45.854,2.791,Plein jour,Hors agglomération,Hors intersection,Normale,Autre collision,,,,,,,,,,,1,1,1,1,6
200700013427,0007-03-08 13:30:00,7,3,8,13,30,60,90,,,,Plein jour,Hors agglomération,Hors intersection,Normale,Deux véhicules - frontale,,,,,,,,,,,1,1,1,1,1
200700013428,0007-03-06 05:00:00,7,3,6,5,0,400,227,,,,Nuit sans éclairage public,Hors agglomération,Hors intersection,Normale,Sans collision,,,,,,,,,,,3,1,1,1,7
200700013429,0007-03-05 17:15:00,7,3,5,17,15,670,326,,48.634,7.705,Plein jour,Hors agglomération,Hors intersection,Normale,Deux véhicules - frontale,,,,,,,,,,,1,1,1,1,1
200700013430,0007-03-22 12:45:00,7,3,22,12,45,60,38,CHEMIN DU VIGNAL D4,43.66,6.971,Plein jour,En agglomération,Hors intersection,Normale,Deux véhicules - côté,,,,,,,,,,,1,2,1,1,3
200700013431,0007-03-04 10:00:00,7,3,4,10,0,380,193,,45.61,5.21,Plein jour,Hors agglomération,Hors intersection,Normale,Deux véhicules - frontale,,,,,,,,,,,1,1,1,1,1
200700013432,0007-03-09 16:45:00,7,3,9,16,45,380,193,BD FONDBONNIERE,,,Plein jour,En agglomération,Hors intersection,Normale,Autre collision,,,,,,,,,,,1,2,1,1,6
200700013433,0007-03-07 15:45:00,7,3,7,15,45,100,92,,,,Plein jour,Hors agglomération,Hors intersection,Normale,Sans collision,,,,,,,,,,,1,1,1,1,7
200700013434,0007-03-03 17:30:00,7,3,3,17,30,130,113,D96,,,Plein jour,En agglomération,Hors intersection,Normale,Sans collision,,,,,,,,,,,1,2,1,1,7
200700013435,0007-03-16 12:00:00,7,3,16,12,0,130,80,,,,Plein jour,Hors agglomération,Hors intersection,Normale,Sans collision,,,,,,,,,,,1,1,1,1,7
200700013436,0007-03-16 11:15:00,7,3,16,11,15,130,113,RUE DE LA REILLE,43.605,5.485,Plein jour,En agglomération,Intersection en T,Normale,Deux véhicules - côté,,,,,,,,,,,1,2,3,1,3
200700013437,0007-03-29 17:30:00,7,3,29,17,30,130,113,,,,Plein jour,Hors agglomération,Hors intersection,Pluie forte,Autre collision,,,,,,,,,,,1,1,1,3,6
200700013438,0007-03-12 17:50:00,7,3,12,17,50,730,213,autoroute A.43,,,Plein jour,Hors agglomération,Hors intersection,Normale,Trois véhicules et plus - en chaîne,,,,,,,,,,,1,1,1,1,4
200700013439,0007-03-18 15:50:00,7,3,18,15,50,380,310,autoroute A49 pk 18+400,,,Plein jour,Hors agglomération,Hors intersection,Normale,Autre collision,,,,,,,,,,,1,1,1,1,6
200700013440,0007-03-13 16:15:00,7,3,13,16,15,350,352,"Lieu-dit ""La Motte""",,,Plein jour,En agglomération,Hors intersection,Normale,Autre collision,,,,,,,,,,,1,2,1,1,6
200700013441,0007-03-20 03:15:00,7,3,20,3,15,350,352,,,,Nuit sans éclairage public,Hors agglomération,Hors intersection,Autre,Autre collision,,,,,,,,,,,3,1,1,9,6
200700013442,0007-03-24 09:45:00,7,3,24,9,45,400,224,PK 4+900 A641 BARO,,,Plein jour,Hors agglomération,Hors intersection,Temps couvert,Deux véhicules - côté,,,,,,,,,,,1,1,1,8,3
200700013443,0007-03-13 02:15:00,7,3,13,2,15,670,156,,,,Nuit sans éclairage public,Hors agglomération,Hors intersection,Normale,Autre collision,,,,,,,,,,,3,1,1,1,6
200700013444,0007-03-15 17:15:00,7,3,15,17,15,670,106,A.35  PR 231,,,Plein jour,Hors agglomération,Hors intersection,Normale,Trois véhicules et plus - collisions multiples,,,,,,,,,,,1,1,1,1,5
200700013445,0007-03-19 11:45:00,7,3,19,11,45,670,194,,,,Plein jour,Hors agglomération,Hors intersection,Neige / grêle,Deux véhicules - arrière,,,,,,,,,,,1,1,1,4,2
200700013446,0007-03-19 11:40:00,7,3,19,11,40,670,194,,,,Plein jour,Hors agglomération,Hors intersection,Neige / grêle,Deux véhicules - frontale,,,,,,,,,,,1,1,1,4,1
200700013447,0007-03-19 14:35:00,7,3,19,14,35,670,235,PR212+500,,,Plein jour,Hors agglomération,Hors intersection,Neige / grêle,Autre collision,,,,,,,,,,,1,1,1,4,6
200700013448,0007-03-06 10:45:00,7,3,6,10,45,770,306,,48.594,2.656,Plein jour,Hors agglomération,Autre intersection,Pluie légère,Deux véhicules - arrière,,,,,,,,,,,1,1,9,2,2
200700013449,0007-03-05 08:45:00,7,3,5,8,45,950,504,,,,Crépuscule ou aube,Hors agglomération,Hors intersection,Temps éblouissant,Sans collision,,,,,,,,,,,2,1,1,7,7
200700013450,0007-03-26 07:45:00,7,3,26,7,45,600,82,,,,Plein jour,Hors agglomération,Hors intersection,Normale,Autre collision,,,,,,,,,,,1,1,1,1,6
200700013451,0007-03-06 13:30:00,7,3,6,13,30,890,172,,,,Plein jour,Hors agglomération,Hors intersection,Pluie légère,Autre collision,,,,,,,,,,,1,1,1,2,6
200700013452,0007-03-30 08:45:00,7,3,30,8,45,760,657,Autoroute A 131,,,Plein jour,Hors agglomération,Hors intersection,Temps couvert,Autre collision,,,,,,,,,,,1,1,1,8,6
200700013453,0007-03-07 14:30:00,7,3,7,14,30,740,312,"CD 1205, pk 28,800",46.071,6.478,Plein jour,En agglomération,Hors intersection,Normale,Sans collision,,,,,,,,,,,1,2,1,1,7
200700013454,0007-03-10 17:45:00,7,3,10,17,45,740,284,,46.137,6.423,Plein jour,Hors agglomération,Hors intersection,Normale,Deux véhicules - côté,,,,,,,,,,,1,1,1,1,3
200700013455,0007-03-16 23:15:00,7,3,16,23,15,740,311,,46.25,6.067,Nuit avec éclairage allumé,Hors agglomération,Hors intersection,Normale,Deux véhicules - côté,,,,,,,,,,,5,1,1,1,3
200700013456,0007-03-20 15:15:00,7,3,20,15,15,740,278,"404, avenue des Mélèzes",,,Plein jour,En agglomération,Hors intersection,Normale,Autre collision,,,,,,,,,,,1,2,1,1,6
200700013457,0007-03-19 14:45:00,7,3,19,14,45,800,724,,,,Plein jour,Hors agglomération,Hors intersection,Normale,Autre collision,,,,,,,,,,,1,1,1,1,6
200700013458,0007-03-21 16:30:00,7,3,21,16,30,800,21,,49.91,2.29,Plein jour,Hors agglomération,Hors intersection,Normale,Deux véhicules - arrière,,,,,,,,,,,1,1,1,1,2
200700013459,0007-03-18 23:15:00,7,3,18,23,15,800,399,,,,Nuit sans éclairage public,Hors agglomération,Hors intersection,Neige / grêle,Sans collision,,,,,,,,,,,3,1,1,4,7
200700013460,0007-03-24 13:15:00,7,3,24,13,15,800,793,,,,Plein jour,Hors agglomération,Hors intersection,Normale,Sans collision,,,,,,,,,,,1,1,1,1,7
200700013461,0007-03-05 08:15:00,7,3,5,8,15,800,446,,,,Plein jour,Hors agglomération,Hors intersection,Vent fort / tempête,Autre collision,,,,,,,,,,,1,1,1,6,6
200700013462,0007-03-19 14:00:00,7,3,19,14,0,800,1,,,,Nuit sans éclairage public,Hors agglomération,Hors intersection,Neige / grêle,Deux véhicules - côté,,,,,,,,,,,3,1,1,4,3
200700013463,0007-03-19 15:00:00,7,3,19,15,0,800,692,,,,Nuit avec éclairage allumé,Hors agglomération,Hors intersection,Normale,Autre collision,,,,,,,,,,,5,1,1,1,6
200700013464,0007-03-30 14:00:00,7,3,30,14,0,870,120,,,,Plein jour,Hors agglomération,Hors intersection,Normale,Autre collision,,,,,,,,,,,1,1,1,1,6
200700013465,0007-03-25 03:05:00,7,3,25,3,5,870,183,"ens Nord-Sud, PR 163+100",,,Nuit sans éclairage public,Hors agglomération,Hors intersection,Pluie légère,Deux véhicules - frontale,,,,,,,,,,,3,1,1,2,1
200700013466,0007-03-22 03:00:00,7,3,22,3,0,360,134,,46.385,1.449,Nuit sans éclairage public,Hors agglomération,Hors intersection,Autre,Autre collision,,,,,,,,,,,3,1,1,9,6
200700013467,0007-03-26 09:20:00,7,3,26,9,20,480,32,A 75 PK 149+500,,,Plein jour,Hors agglomération,Hors intersection,Normale,Autre collision,,,,,,,,,,,1,1,1,1,6
200700013468,0007-03-16 07:40:00,7,3,16,7,40,340,114,RN 109 PK 28+200 N/S,,,Plein jour,Hors agglomération,Hors intersection,Normale,Trois véhicules et plus - collisions multiples,,,,,,,,,,,1,1,1,1,5
200700013469,0007-03-16 07:30:00,7,3,16,7,30,780,356,rue des Ecoles /CD 938,48.728,2.089,Crépuscule ou aube,En agglomération,Hors intersection,Brouillard / fumée,Deux véhicules - frontale,,,,,,,,,,,2,2,1,5,1
200700013470,0007-03-16 15:45:00,7,3,16,15,45,780,356,,48.748,2.019,Plein jour,Hors agglomération,Hors intersection,Normale,Autre collision,,,,,,,,,,,1,1,1,1,6
200700013471,0007-03-29 09:30:00,7,3,29,9,30,720,229,,48.12,-0.18,Plein jour,Hors agglomération,Hors intersection,Normale,Trois véhicules et plus - collisions multiples,,,,,,,,,,,1,1,1,1,5
200700013472,0007-03-15 08:00:00,7,3,15,8,0,580,278,,,,Plein jour,Hors agglomération,Hors intersection,Brouillard / fumée,Trois véhicules et plus - en chaîne,,,,,,,,,,,1,1,1,5,4
200700013473,0007-03-25 15:30:00,7,3,25,15,30,580,215,,,,Plein jour,Hors agglomération,Hors intersection,Normale,Deux véhicules - arrière,,,,,,,,,,,1,1,1,1,2
200700013474,0007-03-15 09:15:00,7,3,15,9,15,190,207,,,,Plein jour,Hors agglomération,Hors intersection,Normale,Deux véhicules - arrière,,,,,,,,,,,1,1,1,1,2
200700013475,0007-03-03 15:00:00,7,3,3,15,0,670,176,55 Grand Rue,,,Plein jour,En agglomération,Hors intersection,Temps couvert,Deux véhicules - côté,,,,,,,,,,,1,2,1,8,3
200700013476,0007-03-05 08:30:00,7,3,5,8,30,670,176,rue de la paix,,,Plein jour,En agglomération,Hors intersection,Normale,Deux véhicules - côté,,,,,,,,,,,1,2,1,1,3
200700013477,0007-03-28 10:15:00,7,3,28,10,15,300,60,,,,Plein jour,Hors agglomération,Hors intersection,Normale,Trois véhicules et plus - en chaîne,,,,,,,,,,,1,1,1,1,4
200700013478,0007-03-15 15:45:00,7,3,15,15,45,850,84,,,,Plein jour,Hors agglomération,Hors intersection,Normale,Autre collision,,,,,,,,,,,1,1,1,1,6
200700013479,0007-03-10 06:30:00,7,3,10,6,30,130,83,,43.9,4.791,Crépuscule ou aube,Hors agglomération,Hors intersection,Normale,Autre collision,,,,,,,,,,,2,1,1,1,6
200700013480,0007-03-12 17:00:00,7,3,12,17,0,340,192,CD62 E2,43.538,3.929,Plein jour,En agglomération,Hors intersection,Normale,Deux véhicules - côté,,,,,,,,,,,1,2,1,1,3
200700013481,0007-03-17 02:00:00,7,3,17,2,0,340,192,avenue  Frédéric Fabrège,,,Nuit avec éclairage allumé,En agglomération,Hors intersection,Normale,Sans collision,,,,,,,,,,,5,2,1,1,7
200700013482,0007-03-12 08:15:00,7,3,12,8,15,760,255,,,,Plein jour,Hors agglomération,Hors intersection,Normale,Sans collision,,,,,,,,,,,1,1,1,1,7
200700013483,0007-03-16 19:00:00,7,3,16,19,0,760,560,PK 7 + 390,,,Plein jour,En agglomération,Hors intersection,Normale,Autre collision,,,,,,,,,,,1,2,1,1,6
200700013484,0007-03-11 08:30:00,7,3,11,8,30,710,269,Route Nationale 6,,,Plein jour,Hors agglomération,Hors intersection,Normale,Deux véhicules - côté,,,,,,,,,,,1,1,1,1,3
200700013485,0007-03-14 09:25:00,7,3,14,9,25,710,269,RN6,,,Plein jour,Hors agglomération,Hors intersection,Normale,Trois véhicules et plus - en chaîne,,,,,,,,,,,1,1,1,1,4
200700013486,0007-03-05 17:00:00,7,3,5,17,0,600,539,Chemin du cimetière,,,Plein jour,En agglomération,Hors intersection,Normale,Deux véhicules - frontale,,,,,,,,,,,1,2,1,1,1
200700013487,0007-03-11 04:15:00,7,3,11,4,15,250,186,,,,Nuit sans éclairage public,Hors agglomération,Hors intersection,Normale,Autre collision,,,,,,,,,,,3,1,1,1,6
200700013488,0007-03-10 22:15:00,7,3,10,22,15,250,381,,,,Nuit sans éclairage public,Hors agglomération,Hors intersection,Normale,Autre collision,,,,,,,,,,,3,1,1,1,6
200700013489,0007-03-02 08:00:00,7,3,2,8,0,950,510,RD 14,,,Plein jour,Hors agglomération,Hors intersection,Normale,Deux véhicules - arrière,,,,,,,,,,,1,1,1,1,2
200700013490,0007-03-30 21:10:00,7,3,30,21,10,560,31,"lieudit ""Langroix""",,,Nuit avec éclairage allumé,Hors agglomération,Hors intersection,Pluie légère,Deux véhicules - côté,,,,,,,,,,,5,1,1,2,3
200700013491,0007-03-24 12:15:00,7,3,24,12,15,140,406,,49.242,-0.592,Plein jour,Hors agglomération,Hors intersection,Normale,Sans collision,,,,,,,,,,,1,1,1,1,7
200700013492,0007-03-11 06:45:00,7,3,11,6,45,350,154,,,,Nuit sans éclairage public,Hors agglomération,Hors intersection,Brouillard / fumée,Sans collision,,,,,,,,,,,3,1,1,5,7
200700013493,0007-03-31 20:15:00,7,3,31,20,15,440,9,,,,Crépuscule ou aube,Hors agglomération,Hors intersection,Normale,Sans collision,,,,,,,,,,,2,1,1,1,7
200700013494,0007-03-03 19:00:00,7,3,3,19,0,620,548,avenue François Mitterra,50.952,1.946,Crépuscule ou aube,En agglomération,Giratoire,Normale,Deux véhicules - côté,,,,,,,,,,,2,2,6,1,3
200700013495,0007-03-04 19:45:00,7,3,4,19,45,620,819,,50.78,2.198,Nuit sans éclairage public,Hors agglomération,Hors intersection,Temps couvert,Deux véhicules - côté,,,,,,,,,,,3,1,1,8,3
200700013496,0007-03-10 15:00:00,7,3,10,15,0,620,792,route de watten,,,Plein jour,En agglomération,Hors intersection,Normale,Deux véhicules - côté,,,,,,,,,,,1,2,1,1,3
200700013497,0007-03-16 18:15:00,7,3,16,18,15,340,309,Avenue de Montpellier,,,Crépuscule ou aube,En agglomération,Autre intersection,Normale,Deux véhicules - côté,,,,,,,,,,,2,2,9,1,3
200700013498,0007-03-21 07:45:00,7,3,21,7,45,340,309,route de montpellier,,,Plein jour,En agglomération,Hors intersection,Normale,Autre collision,,,,,,,,,,,1,2,1,1,6
200700013499,0007-03-02 14:30:00,7,3,2,14,30,350,152,,,,Plein jour,Hors agglomération,Hors intersection,Pluie forte,Trois véhicules et plus - en chaîne,,,,,,,,,,,1,1,1,3,4
200700013500,0007-03-23 22:10:00,7,3,23,22,10,500,407,RN 175 sens CAEN/RENNES,,,Nuit sans éclairage public,Hors agglomération,Hors intersection,Temps couvert,Trois véhicules et plus - collisions multiples,,,,,,,,,,,3,1,1,8,5