accident_id,datetime,annee,mois,jour,heure,minute,departement,commune_insee,adresse,latitude,longitude,luminosite,agglomeration,intersection,meteo,collision,nb_vehicules,nb_usagers,nb_indemnes,nb_tues,nb_blesses_hosp,nb_blesses_legers,age_cond_1,age_cond_2,veh_type_cond_1,veh_type_cond_2,lum_code,agg_code,int_code,atm_code,col_code
200700013501,0007-03-07 07:55:00,7,3,7,7,55,770,69,7 Route de Fontainebleau,,,Plein jour,Hors agglomération,Hors intersection,Normale,Deux véhicules - côté,,,,,,,,,,,1,1,1,1,3
200700013502,0007-03-06 19:45:00,7,3,6,19,45,690,100,,45.67,4.82,Nuit avec éclairage allumé,Hors agglomération,Giratoire,Normale,Autre collision,,,,,,,,,,,5,1,6,1,6
200700013503,0007-03-07 12:30:00,7,3,7,12,30,690,46,rond point du pressoir,,,Plein jour,Hors agglomération,Giratoire,Normale,Autre collision,,,,,,,,,,,1,1,6,1,6
200700013504,0007-03-08 08:30:00,7,3,8,8,30,690,46,RUE DE L  ETRAT,,,Plein jour,En agglomération,Hors intersection,Pluie légère,Deux véhicules - arrière,,,,,,,,,,,1,2,1,2,2
200700013505,0007-03-10 16:45:00,7,3,10,16,45,690,46,Place de la mairie,,,Plein jour,En agglomération,Hors intersection,Normale,Deux véhicules - frontale,,,,,,,,,,,1,2,1,1,1
200700013506,0007-03-11 15:00:00,7,3,11,15,0,690,46,,,,Plein jour,Hors agglomération,Hors intersection,Normale,Sans collision,,,,,,,,,,,1,1,1,1,7
200700013507,0007-03-25 21:00:00,7,3,25,21,0,690,100,rue de la damette,,,Nuit avec éclairage allumé,En agglomération,Intersection en X,Normale,Autre collision,,,,,,,,,,,5,2,2,1,6
200700013508,0007-03-31 11:15:00,7,3,31,11,15,690,100,route neuve,45.69,4.82,Plein jour,En agglomération,Hors intersection,Normale,Deux véhicules - frontale,,,,,,,,,,,1,2,1,1,1
200700013509,0007-03-05 10:30:00,7,3,5,10,30,270,74,1 + 800 jusqu'au PR 252.,,,Plein jour,Hors agglomération,Hors intersection,Normale,Autre collision,,,,,,,,,,,1,1,1,1,6
200700013510,0007-03-24 17:40:00,7,3,24,17,40,300,225,hameau de Donnat,,,Plein jour,Hors agglomération,Hors intersection,Normale,Deux véhicules - côté,,,,,,,,,,,1,1,1,1,3
200700013511,0007-03-15 16:15:00,7,3,15,16,15,370,266,,,,Plein jour,Hors agglomération,Autre intersection,Normale,Autre collision,,,,,,,,,,,1,1,9,1,6
200700013512,0007-03-01 17:45:00,7,3,1,17,45,830,131,it La Guiran PK 91 + 20m,,,Plein jour,Hors agglomération,Hors intersection,Normale,Trois véhicules et plus - collisions multiples,,,,,,,,,,,1,1,1,1,5
200700013513,0007-03-02 09:45:00,7,3,2,9,45,10,289,"CROISEMENT, POCHES (CHEM",,,Plein jour,En agglomération,Intersection en X,Normale,Deux véhicules - côté,,,,,,,,,,,1,2,2,1,3
200700013514,0007-03-16 18:45:00,7,3,16,18,45,10,53,"63, ROBIN ( RUE CHARLES)",,,Plein jour,En agglomération,Hors intersection,Normale,Autre collision,,,,,,,,,,,1,2,1,1,6
200700013515,0007-03-22 06:00:00,7,3,22,6,0,10,53,"SNR, JOLIOT CURIE ( BOUL",,,Crépuscule ou aube,En agglomération,Intersection en T,Normale,Autre collision,,,,,,,,,,,2,2,3,1,6
200700013516,0007-03-29 17:38:00,7,3,29,17,38,10,53,"sans, VOLTAIRE ( BD ) IM",,,Plein jour,En agglomération,Intersection en X,Normale,Sans collision,,,,,,,,,,,1,2,2,1,7
200700013517,0007-03-14 14:00:00,7,3,14,14,0,10,283,"140, FRANCE (RUE A. DU 1",,,Plein jour,En agglomération,Hors intersection,Normale,Deux véhicules - frontale,,,,,,,,,,,1,2,1,1,1
200700013518,0007-03-11 18:58:00,7,3,11,18,58,20,168,EXPRESS (VOIE) 01,,,Nuit sans éclairage public,Hors agglomération,Hors intersection,Normale,Deux véhicules - côté,,,,,,,,,,,3,1,1,1,3
200700013519,0007-03-07 13:55:00,7,3,7,13,55,20,408,"15, GALLET (RUE JACQUES)",,,Plein jour,En agglomération,Hors intersection,Normale,Trois véhicules et plus - collisions multiples,,,,,,,,,,,1,2,1,1,5
200700013520,0007-03-06 14:35:00,7,3,6,14,35,20,371,":, TOUR (RUE QUENTIN DE",,,Plein jour,En agglomération,Hors intersection,Pluie forte,Autre collision,,,,,,,,,,,1,2,1,3,6
200700013521,0007-03-08 09:35:00,7,3,8,9,35,20,691,":, VICTOR (Rue Paul-Emil",,,Plein jour,En agglomération,Hors intersection,Normale,Autre collision,,,,,,,,,,,1,2,1,1,6
200700013522,0007-03-18 16:00:00,7,3,18,16,0,20,691,"0, MOULIN (RUE JEAN)",,,Plein jour,En agglomération,Hors intersection,Normale,Deux véhicules - côté,,,,,,,,,,,1,2,1,1,3
200700013523,0007-03-26 07:30:00,7,3,26,7,30,20,691,":, CHOQUART (RUE PIERRE)",,,Crépuscule ou aube,En agglomération,Hors intersection,Normale,Autre collision,,,,,,,,,,,2,2,1,1,6
200700013524,0007-03-31 00:40:00,7,3,31,0,40,20,691,"17, PARIS DE 1 A 187/210",,,Nuit avec éclairage allumé,En agglomération,Hors intersection,Pluie légère,Autre collision,,,,,,,,,,,5,2,1,2,6
200700013525,0007-03-31 19:40:00,7,3,31,19,40,20,691,"2, PONTOILE (RUE DE)",,,Plein jour,En agglomération,Hors intersection,Pluie légère,Autre collision,,,,,,,,,,,1,2,1,2,6
200700013526,0007-03-03 13:20:00,7,3,3,13,20,20,691,":, POMPIDOU DE 143 A FIN",,,Plein jour,En agglomération,Hors intersection,Normale,Trois véhicules et plus - en chaîne,,,,,,,,,,,1,2,1,1,4
200700013527,0007-03-30 18:10:00,7,3,30,18,10,20,691,":, BLUM (BD LEON)",,,Plein jour,En agglomération,Intersection en X,Normale,Deux véhicules - côté,,,,,,,,,,,1,2,2,1,3
200700013528,0007-03-04 09:20:00,7,3,4,9,20,20,722,"sans,  CHEMIN VERT (RUE",,,Plein jour,En agglomération,Autre intersection,Normale,Deux véhicules - côté,,,,,,,,,,,1,2,9,1,3
200700013529,0007-03-16 17:20:00,7,3,16,17,20,20,64,"SANS, PASTEUR ( RUE )",,,Plein jour,En agglomération,Hors intersection,Normale,Deux véhicules - frontale,,,,,,,,,,,1,2,1,1,1
200700013530,0007-03-25 14:55:00,7,3,25,14,55,20,722,"sans, BRANLY(Boulevard)",,,Plein jour,Hors agglomération,Hors intersection,Normale,Deux véhicules - arrière,,,,,,,,,,,1,1,1,1,2
200700013531,0007-03-25 15:25:00,7,3,25,15,25,20,722,COMPIEGNE ( AVENUE DE ),,,Plein jour,En agglomération,Hors intersection,Normale,Deux véhicules - côté,,,,,,,,,,,1,2,1,1,3
200700013532,0007-03-01 16:15:00,7,3,1,16,15,20,258,RAYMOND POINCARE,,,Plein jour,En agglomération,Intersection en X,Pluie légère,Deux véhicules - côté,,,,,,,,,,,1,2,2,2,3
200700013533,0007-03-06 11:40:00,7,3,6,11,40,30,101,DORMOY ( RUE MARX ),,,Plein jour,En agglomération,Hors intersection,Normale,Autre collision,,,,,,,,,,,1,2,1,1,6
200700013534,0007-03-16 18:40:00,7,3,16,18,40,30,185,"SANS, ILES ( PONT DES )",,,Plein jour,En agglomération,Intersection en X,Normale,Deux véhicules - côté,,,,,,,,,,,1,2,2,1,3
200700013535,0007-03-25 04:55:00,7,3,25,4,55,30,101,"61, CHALAIS ( RUE DU DOC",,,Nuit sans éclairage public,En agglomération,Hors intersection,Pluie légère,Autre collision,,,,,,,,,,,3,2,1,2,6
200700013536,0007-03-27 12:25:00,7,3,27,12,25,30,185,"916, DROITS DE L'HOMME (",,,Plein jour,En agglomération,Intersection à plus de 4 branches,Normale,Deux véhicules - côté,,,,,,,,,,,1,2,5,1,3
200700013537,0007-03-30 20:40:00,7,3,30,20,40,30,98,"SANS, STALINGRAD ( AVENU",,,Nuit avec éclairage allumé,En agglomération,Hors intersection,Normale,Trois véhicules et plus - en chaîne,,,,,,,,,,,5,2,1,1,4
200700013538,0007-03-19 12:20:00,7,3,19,12,20,30,321,D12,,,Plein jour,Hors agglomération,Hors intersection,Normale,Sans collision,,,,,,,,,,,1,1,1,1,7
200700013539,0007-03-01 18:27:00,7,3,1,18,27,30,23,VICHY (AVENUE DE),,,Nuit avec éclairage allumé,En agglomération,Hors intersection,Normale,Deux véhicules - frontale,,,,,,,,,,,5,2,1,1,1
200700013540,0007-03-02 08:00:00,7,3,2,8,0,30,310,"105, CELESTINS (AVENUE D",,,Plein jour,En agglomération,Hors intersection,Temps couvert,Deux véhicules - arrière,,,,,,,,,,,1,2,1,8,2
200700013541,0007-03-02 08:40:00,7,3,2,8,40,30,95,"1, BAILLER (RUE ANDRE)",,,Plein jour,En agglomération,Hors intersection,Normale,Autre collision,,,,,,,,,,,1,2,1,1,6
200700013542,0007-03-03 12:55:00,7,3,3,12,55,30,310,POINCARE (AVENUE),,,Plein jour,En agglomération,Hors intersection,Normale,Autre collision,,,,,,,,,,,1,2,1,1,6
200700013543,0007-03-05 15:35:00,7,3,5,15,35,30,95,"4, GAMBETTA (RUE)",,,Plein jour,En agglomération,Hors intersection,Normale,Autre collision,,,,,,,,,,,1,2,1,1,6
200700013544,0007-03-12 16:10:00,7,3,12,16,10,30,95,"44, NOTRE DAME DES PRES",,,Plein jour,En agglomération,Hors intersection,Normale,Autre collision,,,,,,,,,,,1,2,1,1,6
200700013545,0007-03-12 23:20:00,7,3,12,23,20,30,23,"31, CHARMEIL (ROUTE DE)",,,Nuit avec éclairage allumé,En agglomération,Hors intersection,Normale,Autre collision,,,,,,,,,,,5,2,1,1,6
200700013546,0007-03-17 14:30:00,7,3,17,14,30,30,1,"40, RD 131 (ROUTE D'HAUT",,,Plein jour,En agglomération,Hors intersection,Normale,Deux véhicules - côté,,,,,,,,,,,1,2,1,1,3
200700013547,0007-03-26 12:25:00,7,3,26,12,25,30,95,"0, CORNIL D'ANVAL (RUE)",,,Plein jour,En agglomération,Intersection en X,Normale,Deux véhicules - côté,,,,,,,,,,,1,2,2,1,3
200700013548,0007-03-26 17:30:00,7,3,26,17,30,30,95,VICHY (AVENUE DE),,,Plein jour,En agglomération,Hors intersection,Normale,Deux véhicules - côté,,,,,,,,,,,1,2,1,1,3
200700013549,0007-03-28 16:20:00,7,3,28,16,20,30,310,"19, LARBAUD (RUE NICOLAS",,,Plein jour,En agglomération,Hors intersection,Normale,Autre collision,,,,,,,,,,,1,2,1,1,6
200700013550,0007-03-21 05:05:00,7,3,21,5,5,50,23,"5, DAUPHINE (AVENUE DU)",,,Nuit avec éclairage allumé,En agglomération,Hors intersection,Normale,Autre collision,,,,,,,,,,,5,2,1,1,6
200700013551,0007-03-01 10:35:00,7,3,1,10,35,50,61,GUILLAUME FAREL ( AVENUE,,,Plein jour,En agglomération,Hors intersection,Normale,Sans collision,,,,,,,,,,,1,2,1,1,7
200700013552,0007-03-11 08:10:00,7,3,11,8,10,50,61,"7BIS, PLAN DE GAP ( RUE",,,Plein jour,En agglomération,Hors intersection,Normale,Sans collision,,,,,,,,,,,1,2,1,1,7
200700013553,0007-03-19 17:53:00,7,3,19,17,53,50,61,EMILE DIDIER ( AV ),,,Plein jour,En agglomération,Hors intersection,Vent fort / tempête,Sans collision,,,,,,,,,,,1,2,1,6,7
200700013554,0007-03-08 10:30:00,7,3,8,10,30,50,61,"11, PINS ( RUE DES )",,,Plein jour,En agglomération,Hors intersection,Normale,Deux véhicules - frontale,,,,,,,,,,,1,2,1,1,1
200700013555,0007-03-01 15:05:00,7,3,1,15,5,60,4,"981, AMES DU PURGATOIRE",,,Plein jour,En agglomération,Hors intersection,Normale,Deux véhicules - côté,,,,,,,,,,,1,2,1,1,3
200700013556,0007-03-01 23:00:00,7,3,1,23,0,60,4,"9, GALLICE AV.ET PASSAGE",,,Nuit avec éclairage allumé,En agglomération,Hors intersection,Normale,Autre collision,,,,,,,,,,,5,2,1,1,6
200700013557,0007-03-02 11:30:00,7,3,2,11,30,60,4,GREC AV.JULES,,,Plein jour,En agglomération,Giratoire,Normale,Deux véhicules - côté,,,,,,,,,,,1,2,6,1,3
200700013558,0007-03-06 19:45:00,7,3,6,19,45,60,4,"61, WILSON BD",,,Nuit avec éclairage allumé,En agglomération,Hors intersection,Pluie légère,Trois véhicules et plus - en chaîne,,,,,,,,,,,5,2,1,2,4
200700013559,0007-03-06 19:25:00,7,3,6,19,25,60,4,"417, SUQUETTE CH.DE LA",,,Nuit avec éclairage allumé,En agglomération,Hors intersection,Pluie légère,Deux véhicules - côté,,,,,,,,,,,5,2,1,2,3
200700013560,0007-03-08 09:20:00,7,3,8,9,20,60,4,BORD DE MER RN.98 LA SIE,,,Plein jour,Hors agglomération,Hors intersection,Normale,Autre collision,,,,,,,,,,,1,1,1,1,6
200700013561,0007-03-13 16:20:00,7,3,13,16,20,60,4,VERDUN AV.DE,,,Plein jour,En agglomération,Hors intersection,Normale,Deux véhicules - côté,,,,,,,,,,,1,2,1,1,3
200700013562,0007-03-12 17:55:00,7,3,12,17,55,60,4,SAINT CLAUDE CH.DE,,,Plein jour,Hors agglomération,Hors intersection,Normale,Autre collision,,,,,,,,,,,1,1,1,1,6
200700013563,0007-03-13 07:45:00,7,3,13,7,45,60,4,"608, GRASSE RTE DE",,,Plein jour,En agglomération,Autre intersection,Normale,Deux véhicules - côté,,,,,,,,,,,1,2,9,1,3
200700013564,0007-03-16 16:15:00,7,3,16,16,15,60,4,GRASSE RTE DE,,,Plein jour,En agglomération,Intersection en T,Normale,Deux véhicules - côté,,,,,,,,,,,1,2,3,1,3
200700013565,0007-03-18 02:30:00,7,3,18,2,30,60,4,"2, ARDISSON BD",,,Nuit avec éclairage allumé,En agglomération,Hors intersection,Normale,Autre collision,,,,,,,,,,,5,2,1,1,6
200700013566,0007-03-19 17:35:00,7,3,19,17,35,60,155,LIBERTE AV.DE LA,,,Plein jour,En agglomération,Intersection en T,Normale,Deux véhicules - arrière,,,,,,,,,,,1,2,3,1,2
200700013567,0007-03-20 16:15:00,7,3,20,16,15,60,4,WILSON BD,,,Plein jour,En agglomération,Hors intersection,Normale,Autre collision,,,,,,,,,,,1,2,1,1,6
200700013568,0007-03-21 18:50:00,7,3,21,18,50,60,4,COURBET AV.AMIRAL,,,Crépuscule ou aube,En agglomération,Intersection en T,Normale,Deux véhicules - côté,,,,,,,,,,,2,2,3,1,3
200700013569,0007-03-23 07:40:00,7,3,23,7,40,60,4,WEISWEILLER AV.,,,Plein jour,En agglomération,Hors intersection,Normale,Trois véhicules et plus - en chaîne,,,,,,,,,,,1,2,1,1,4
200700013570,0007-03-23 08:00:00,7,3,23,8,0,60,155,LIBERTE AV.DE LA,,,Plein jour,En agglomération,Intersection en X,Normale,Deux véhicules - côté,,,,,,,,,,,1,2,2,1,3
200700013571,0007-03-29 15:10:00,7,3,29,15,10,60,4,GRASSE RTE DE,,,Plein jour,Hors agglomération,Intersection en T,Normale,Deux véhicules - arrière,,,,,,,,,,,1,1,3,1,2
200700013572,0007-03-31 14:30:00,7,3,31,14,30,60,155,LOUCE AV.ALEXANDRE,,,Plein jour,En agglomération,Intersection en T,Pluie légère,Deux véhicules - côté,,,,,,,,,,,1,2,3,2,3
200700013573,0007-03-02 21:50:00,7,3,2,21,50,60,123,DE GAULLE GENERAL AVENUE,,,Nuit avec éclairage allumé,En agglomération,Hors intersection,Normale,Autre collision,,,,,,,,,,,5,2,1,1,6
200700013574,0007-03-01 08:45:00,7,3,1,8,45,60,27,"101, VAL FLEURI CHEMIN D",,,Plein jour,En agglomération,Hors intersection,Normale,Deux véhicules - côté,,,,,,,,,,,1,2,1,1,3
200700013575,0007-03-03 19:30:00,7,3,3,19,30,60,27,GARE AVENUE DE LA,,,Nuit avec éclairage allumé,En agglomération,Intersection en X,Normale,Deux véhicules - côté,,,,,,,,,,,5,2,2,1,3
200700013576,0007-03-08 12:40:00,7,3,8,12,40,60,123,MAICON PROMENADE,,,Plein jour,En agglomération,Hors intersection,Normale,Trois véhicules et plus - en chaîne,,,,,,,,,,,1,2,1,1,4
200700013577,0007-03-13 11:05:00,7,3,13,11,5,60,27,GIONO RUE JEAN,,,Plein jour,En agglomération,Intersection en X,Normale,Autre collision,,,,,,,,,,,1,2,2,1,6
200700013578,0007-03-13 15:45:00,7,3,13,15,45,60,123,"724, VESPINS ROUTE DES",,,Plein jour,En agglomération,Hors intersection,Normale,Trois véhicules et plus - collisions multiples,,,,,,,,,,,1,2,1,1,5
200700013579,0007-03-14 15:35:00,7,3,14,15,35,60,27,BESSET AVENUE CYRILLE,,,Plein jour,En agglomération,Intersection en T,Normale,Deux véhicules - frontale,,,,,,,,,,,1,2,3,1,1
200700013580,0007-03-14 17:30:00,7,3,14,17,30,60,27,"165, NICE AVENUE DE (RN7",,,Plein jour,En agglomération,Hors intersection,Normale,Autre collision,,,,,,,,,,,1,2,1,1,6
200700013581,0007-03-16 09:10:00,7,3,16,9,10,60,123,BORD DE MER RN 98,,,Plein jour,En agglomération,Intersection en T,Normale,Deux véhicules - frontale,,,,,,,,,,,1,2,3,1,1
200700013582,0007-03-19 11:25:00,7,3,19,11,25,60,27,NICE AVENUE DE (RN7),,,Plein jour,En agglomération,Autre intersection,Normale,Deux véhicules - côté,,,,,,,,,,,1,2,9,1,3
200700013583,0007-03-19 20:40:00,7,3,19,20,40,60,123,VESPINS ROUTE DES,,,Nuit avec éclairage allumé,En agglomération,Hors intersection,Normale,Deux véhicules - arrière,,,,,,,,,,,5,2,1,1,2
200700013584,0007-03-20 17:40:00,7,3,20,17,40,60,123,CURIE PIERRE ET MARIE AV,,,Plein jour,En agglomération,Intersection en T,Normale,Deux véhicules - côté,,,,,,,,,,,1,2,3,1,3
200700013585,0007-03-22 20:15:00,7,3,22,20,15,60,27,BESSET AVENUE CYRILLE,,,Nuit avec éclairage allumé,En agglomération,Hors intersection,Normale,Deux véhicules - côté,,,,,,,,,,,5,2,1,1,3
200700013586,0007-03-23 15:00:00,7,3,23,15,0,60,27,BESSET AVENUE CYRILLE,,,Plein jour,En agglomération,Intersection en T,Normale,Deux véhicules - côté,,,,,,,,,,,1,2,3,1,3
200700013587,0007-03-23 17:15:00,7,3,23,17,15,60,27,"34, NICE AVENUE DE (RN7)",,,Plein jour,En agglomération,Hors intersection,Normale,Deux véhicules - arrière,,,,,,,,,,,1,2,1,1,2
200700013588,0007-03-22 13:00:00,7,3,22,13,0,60,123,BORD DE MER RN 98,,,Plein jour,En agglomération,Hors intersection,Normale,Deux véhicules - arrière,,,,,,,,,,,1,2,1,1,2
200700013589,0007-03-26 09:20:00,7,3,26,9,20,60,27,BRECQ CHEMIN DU,,,Plein jour,En agglomération,Intersection en T,Normale,Deux véhicules - frontale,,,,,,,,,,,1,2,3,1,1
200700013590,0007-03-28 07:25:00,7,3,28,7,25,60,123,GARE ROUTE DE LA,,,Plein jour,En agglomération,Intersection en T,Normale,Deux véhicules - côté,,,,,,,,,,,1,2,3,1,3
200700013591,0007-03-01 12:45:00,7,3,1,12,45,60,29,"00, GRASSE (AVENUE DE)",,,Plein jour,En agglomération,Hors intersection,Normale,Sans collision,,,,,,,,,,,1,2,1,1,7
200700013592,0007-03-01 15:05:00,7,3,1,15,5,60,29,VALLAURIS (AVENUE DE),,,Plein jour,En agglomération,Hors intersection,Normale,Deux véhicules - côté,,,,,,,,,,,1,2,1,1,3
200700013593,0007-03-03 11:25:00,7,3,3,11,25,60,30,CAMPON (RUE,,,Plein jour,En agglomération,Hors intersection,Normale,Deux véhicules - côté,,,,,,,,,,,1,2,1,1,3
200700013594,0007-03-03 07:25:00,7,3,3,7,25,60,29,"12, BLANC (RUE LOUIS)",,,Crépuscule ou aube,En agglomération,Intersection en X,Normale,Deux véhicules - côté,,,,,,,,,,,2,2,2,1,3
200700013595,0007-03-03 23:00:00,7,3,3,23,0,60,29,"00, COUVERTURE VOIE FERR",,,Nuit avec éclairage allumé,En agglomération,Intersection en X,Normale,Deux véhicules - côté,,,,,,,,,,,5,2,2,1,3
200700013596,0007-03-06 17:30:00,7,3,6,17,30,60,29,"260, JOURDAN (AVENUE MIC",,,Plein jour,En agglomération,Hors intersection,Normale,Deux véhicules - côté,,,,,,,,,,,1,2,1,1,3
200700013597,0007-03-06 11:30:00,7,3,6,11,30,60,29,"2, FAURE (RUE FELIX)",,,Plein jour,En agglomération,Hors intersection,Normale,Sans collision,,,,,,,,,,,1,2,1,1,7
200700013598,0007-03-06 20:30:00,7,3,6,20,30,60,30,"2, GAMBETTA (BOULEVARD)",,,Nuit avec éclairage allumé,En agglomération,Intersection en X,Pluie légère,Deux véhicules - côté,,,,,,,,,,,5,2,2,2,3
200700013599,0007-03-08 10:25:00,7,3,8,10,25,60,29,"6, DUMAS (RUE JEAN BAPTI",,,Plein jour,En agglomération,Hors intersection,Normale,Sans collision,,,,,,,,,,,1,2,1,1,7
200700013600,0007-03-08 16:00:00,7,3,8,16,0,60,30,"67, ROOSEVELT (AVENUE FR",,,Plein jour,En agglomération,Hors intersection,Normale,Sans collision,,,,,,,,,,,1,2,1,1,7
200700013601,0007-03-10 21:00:00,7,3,10,21,0,60,29,BROUSSAILLES (AVENUE DES,,,Plein jour,En agglomération,Hors intersection,Normale,Trois véhicules et plus - collisions multiples,,,,,,,,,,,1,2,1,1,5
200700013602,0007-03-10 15:45:00,7,3,10,15,45,60,29,"95, CARNOT (BOULEVARD)",,,Plein jour,En agglomération,Hors intersection,Normale,Deux véhicules - côté,,,,,,,,,,,1,2,1,1,3
200700013603,0007-03-02 16:45:00,7,3,2,16,45,60,30,ROOSEVELT (AVENUE FRANKL,,,Crépuscule ou aube,En agglomération,Hors intersection,Normale,Sans collision,,,,,,,,,,,2,2,1,1,7
200700013604,0007-03-12 08:50:00,7,3,12,8,50,60,30,CAMPON (RUE,,,Plein jour,En agglomération,Hors intersection,Normale,Deux véhicules - arrière,,,,,,,,,,,1,2,1,1,2
200700013605,0007-03-12 14:15:00,7,3,12,14,15,60,30,CAMPON (RUE,,,Crépuscule ou aube,En agglomération,Hors intersection,Normale,Deux véhicules - arrière,,,,,,,,,,,2,2,1,1,2
200700013606,0007-03-13 19:15:00,7,3,13,19,15,60,29,"56, PICAUD (AVENUE DR) B",,,Nuit avec éclairage allumé,En agglomération,Hors intersection,Normale,Deux véhicules - côté,,,,,,,,,,,5,2,1,1,3
200700013607,0007-03-14 15:00:00,7,3,14,15,0,60,29,REPUBLIQUE (BOULEVARD DE,,,Plein jour,En agglomération,Hors intersection,Normale,Sans collision,,,,,,,,,,,1,2,1,1,7
200700013608,0007-03-14 17:45:00,7,3,14,17,45,60,29,"50, CARNOT (BOULEVARD)",,,Plein jour,En agglomération,Hors intersection,Normale,Deux véhicules - côté,,,,,,,,,,,1,2,1,1,3
200700013609,0007-03-15 12:00:00,7,3,15,12,0,60,29,TONNER (AVENUE FRANCIS),,,Crépuscule ou aube,En agglomération,Hors intersection,Normale,Deux véhicules - côté,,,,,,,,,,,2,2,1,1,3
200700013610,0007-03-17 10:32:00,7,3,17,10,32,60,29,PICAUD (AVENUE DR) BOCCA,,,Plein jour,En agglomération,Hors intersection,Normale,Deux véhicules - côté,,,,,,,,,,,1,2,1,1,3
200700013611,0007-03-17 12:40:00,7,3,17,12,40,60,30,"33, FADES (CHEMIN DES)",,,Plein jour,En agglomération,Hors intersection,Normale,Autre collision,,,,,,,,,,,1,2,1,1,6
200700013612,0007-03-18 21:10:00,7,3,18,21,10,60,29,BOUCICAUT (RUE),,,Plein jour,En agglomération,Intersection en X,Autre,Deux véhicules - côté,,,,,,,,,,,1,2,2,9,3
200700013613,0007-03-18 18:15:00,7,3,18,18,15,60,29,"58, PICAUD (AVENUE DR) B",,,Crépuscule ou aube,En agglomération,Hors intersection,Normale,Deux véhicules - arrière,,,,,,,,,,,2,2,1,1,2
200700013614,0007-03-16 14:04:00,7,3,16,14,4,60,30,ALBERT 1° (AVENUE),,,Plein jour,En agglomération,Hors intersection,Normale,Deux véhicules - frontale,,,,,,,,,,,1,2,1,1,1
200700013615,0007-03-20 09:30:00,7,3,20,9,30,60,29,"00, FLORY (RUE JOSEPH)",,,Plein jour,En agglomération,Hors intersection,Normale,Deux véhicules - arrière,,,,,,,,,,,1,2,1,1,2
200700013616,0007-03-20 07:25:00,7,3,20,7,25,60,29,BROUSSAILLES (AVENUE DES,,,Plein jour,Hors agglomération,Intersection en X,Normale,Deux véhicules - côté,,,,,,,,,,,1,1,2,1,3
200700013617,0007-03-20 17:40:00,7,3,20,17,40,60,30,"00, CAMUS (RUE ALBERT)",,,Plein jour,En agglomération,Hors intersection,Normale,Deux véhicules - frontale,,,,,,,,,,,1,2,1,1,1
200700013618,0007-03-20 16:30:00,7,3,20,16,30,60,29,GABIANS (ALLEE DES),,,Plein jour,En agglomération,Hors intersection,Normale,Deux véhicules - côté,,,,,,,,,,,1,2,1,1,3
200700013619,0007-03-21 10:00:00,7,3,21,10,0,60,29,REPUBLIQUE (BOULEVARD DE,,,Crépuscule ou aube,En agglomération,Hors intersection,Normale,Deux véhicules - côté,,,,,,,,,,,2,2,1,1,3
200700013620,0007-03-12 10:50:00,7,3,12,10,50,60,29,"202, LEADER (BOULEVARD)",,,Plein jour,En agglomération,Hors intersection,Normale,Deux véhicules - côté,,,,,,,,,,,1,2,1,1,3
200700013621,0007-03-22 11:10:00,7,3,22,11,10,60,29,"143, REPUBLIQUE (BOULEVA",,,Plein jour,En agglomération,Hors intersection,Normale,Autre collision,,,,,,,,,,,1,2,1,1,6
200700013622,0007-03-22 16:15:00,7,3,22,16,15,60,29,"1, NOAILLES (AVENUE JEAN",,,Plein jour,En agglomération,Hors intersection,Normale,Deux véhicules - côté,,,,,,,,,,,1,2,1,1,3
200700013623,0007-03-22 08:30:00,7,3,22,8,30,60,29,HIBERT (BOULEVARD JEAN),,,Plein jour,En agglomération,Hors intersection,Normale,Deux véhicules - côté,,,,,,,,,,,1,2,1,1,3
200700013624,0007-03-23 10:55:00,7,3,23,10,55,60,29,"20 bis, HESPERIDES (AVEN",,,Plein jour,En agglomération,Hors intersection,Normale,Deux véhicules - côté,,,,,,,,,,,1,2,1,1,3
200700013625,0007-03-23 20:15:00,7,3,23,20,15,60,29,TONNER (AVENUE FRANCIS),,,Crépuscule ou aube,En agglomération,Hors intersection,Pluie légère,Sans collision,,,,,,,,,,,2,2,1,2,7
200700013626,0007-03-23 17:05:00,7,3,23,17,5,60,30,"103, SADI CARNOT (BOULEV",,,Plein jour,En agglomération,Hors intersection,Normale,Sans collision,,,,,,,,,,,1,2,1,1,7
200700013627,0007-03-23 10:18:00,7,3,23,10,18,60,30,ROOSEVELT (AVENUE FRANKL,,,Plein jour,En agglomération,Hors intersection,Normale,Deux véhicules - côté,,,,,,,,,,,1,2,1,1,3
200700013628,0007-03-27 13:10:00,7,3,27,13,10,60,29,CARNOT (BOULEVARD),,,Plein jour,En agglomération,Hors intersection,Normale,Deux véhicules - côté,,,,,,,,,,,1,2,1,1,3
200700013629,0007-03-27 11:00:00,7,3,27,11,0,60,29,BACHAGA SAID BOUALAM (AV,,,Plein jour,En agglomération,Intersection en T,Normale,Deux véhicules - côté,,,,,,,,,,,1,2,3,1,3
200700013630,0007-03-27 08:30:00,7,3,27,8,30,60,29,HUGO (RUE VICTOR)(BOCCA),,,Plein jour,En agglomération,Hors intersection,Normale,Sans collision,,,,,,,,,,,1,2,1,1,7
200700013631,0007-03-29 09:52:00,7,3,29,9,52,60,29,"7, VALLOMBROSA (BOULEBAR",,,Plein jour,En agglomération,Hors intersection,Normale,Autre collision,,,,,,,,,,,1,2,1,1,6
200700013632,0007-03-27 17:08:00,7,3,27,17,8,60,29,"55, CARNOT (BOULEVARD)",,,Plein jour,En agglomération,Hors intersection,Normale,Deux véhicules - côté,,,,,,,,,,,1,2,1,1,3
200700013633,0007-03-29 13:20:00,7,3,29,13,20,60,29,BEAUSEJOUR (AVENUE),,,Nuit avec éclairage allumé,En agglomération,Hors intersection,Normale,Deux véhicules - arrière,,,,,,,,,,,5,2,1,1,2
200700013634,0007-03-30 08:15:00,7,3,30,8,15,60,29,ROUBINE (AVENUE DE LA),,,Plein jour,En agglomération,Hors intersection,Normale,Sans collision,,,,,,,,,,,1,2,1,1,7