accident_id,datetime,annee,mois,jour,heure,minute,departement,commune_insee,adresse,latitude,longitude,luminosite,agglomeration,intersection,meteo,collision,nb_vehicules,nb_usagers,nb_indemnes,nb_tues,nb_blesses_hosp,nb_blesses_legers,age_cond_1,age_cond_2,veh_type_cond_1,veh_type_cond_2,lum_code,agg_code,int_code,atm_code,col_code
200700013900,0007-03-10 16:20:00,7,3,10,16,20,130,55,"475, PARADIS (RUE)",,,Plein jour,En agglomération,Hors intersection,Normale,Deux véhicules - côté,,,,,,,,,,,1,2,1,1,3
200700013901,0007-03-17 11:20:00,7,3,17,11,20,130,55,DELPHES (AVENUE DE),,,Plein jour,En agglomération,Intersection en T,Normale,Deux véhicules - côté,,,,,,,,,,,1,2,3,1,3
200700013902,0007-03-13 18:10:00,7,3,13,18,10,130,55,FORBIN (RUE DE),,,Plein jour,En agglomération,Hors intersection,Normale,Deux véhicules - côté,,,,,,,,,,,1,2,1,1,3
200700013903,0007-03-10 10:15:00,7,3,10,10,15,130,55,PALUD (RUE DE LA),,,Plein jour,En agglomération,Intersection en X,Normale,Deux véhicules - côté,,,,,,,,,,,1,2,2,1,3
200700013904,0007-03-16 17:20:00,7,3,16,17,20,130,55,"322, PIERRE DOIZE  (RUE)",,,Plein jour,En agglomération,Hors intersection,Normale,Deux véhicules - côté,,,,,,,,,,,1,2,1,1,3
200700013905,0007-03-06 12:20:00,7,3,6,12,20,130,55,JOSEPH AIGUIER (CHEMIN),,,Plein jour,En agglomération,Hors intersection,Normale,Deux véhicules - côté,,,,,,,,,,,1,2,1,1,3
200700013906,0007-03-11 01:55:00,7,3,11,1,55,130,55,"342, PRADO (AVENUE)",,,Nuit avec éclairage allumé,En agglomération,Intersection en X,Normale,Autre collision,,,,,,,,,,,5,2,2,1,6
200700013907,0007-03-15 17:30:00,7,3,15,17,30,130,55,"70, ANDRE ZENATTI (AVENU",,,Plein jour,En agglomération,Hors intersection,Normale,Trois véhicules et plus - en chaîne,,,,,,,,,,,1,2,1,1,4
200700013908,0007-03-13 11:45:00,7,3,13,11,45,130,55,"167, SAINT LOUIS (RUE)",,,Plein jour,En agglomération,Hors intersection,Normale,Deux véhicules - arrière,,,,,,,,,,,1,2,1,1,2
200700013909,0007-03-11 21:30:00,7,3,11,21,30,130,55,"301, SAINT ANTOINE (AVEN",,,Nuit avec éclairage allumé,En agglomération,Hors intersection,Normale,Autre collision,,,,,,,,,,,5,2,1,1,6
200700013910,0007-03-02 15:45:00,7,3,2,15,45,130,55,"64, PIERRE BERANGER (RUE",,,Plein jour,En agglomération,Hors intersection,Normale,Autre collision,,,,,,,,,,,1,2,1,1,6
200700013911,0007-03-15 00:01:00,7,3,15,0,1,130,55,"0, JEAN MONDET (ROND POI",,,Nuit avec éclairage allumé,En agglomération,Giratoire,Normale,Autre collision,,,,,,,,,,,5,2,6,1,6
200700013912,0007-03-12 10:00:00,7,3,12,10,0,130,55,"09, LOUBON (RUE)",,,Plein jour,En agglomération,Hors intersection,Normale,Deux véhicules - arrière,,,,,,,,,,,1,2,1,1,2
200700013913,0007-03-17 02:45:00,7,3,17,2,45,130,55,"236, SAINT ANTOINE (AVEN",,,Nuit avec éclairage allumé,En agglomération,Intersection en T,Normale,Deux véhicules - côté,,,,,,,,,,,5,2,3,1,3
200700013914,0007-03-20 11:00:00,7,3,20,11,0,130,55,"00, HENRI BARNIER (BOULE",,,Plein jour,En agglomération,Hors intersection,Normale,Deux véhicules - arrière,,,,,,,,,,,1,2,1,1,2
200700013915,0007-03-06 18:30:00,7,3,6,18,30,130,55,"26, OLIVES (AVENUE DES)",,,Crépuscule ou aube,En agglomération,Hors intersection,Normale,Autre collision,,,,,,,,,,,2,2,1,1,6
200700013916,0007-03-21 20:45:00,7,3,21,20,45,130,55,"55, FRANCOISE DUPARC (BO",,,Nuit avec éclairage non allumé,En agglomération,Hors intersection,Normale,Autre collision,,,,,,,,,,,4,2,1,1,6
200700013917,0007-03-14 12:00:00,7,3,14,12,0,130,55,"467, PRADO (AVENUE)",,,Plein jour,En agglomération,Hors intersection,Normale,Deux véhicules - arrière,,,,,,,,,,,1,2,1,1,2
200700013918,0007-03-16 13:50:00,7,3,16,13,50,130,55,", ANDRE ZENATTI (AVENUE)",,,Plein jour,En agglomération,Hors intersection,Normale,Deux véhicules - côté,,,,,,,,,,,1,2,1,1,3
200700013919,0007-03-07 16:00:00,7,3,7,16,0,130,55,HENRI FRENAY (ROND-POINT,,,Plein jour,En agglomération,Hors intersection,Normale,Deux véhicules - arrière,,,,,,,,,,,1,2,1,1,2
200700013920,0007-03-22 17:20:00,7,3,22,17,20,130,55,"9, GASTON CREMIEUX (RUE)",,,Plein jour,En agglomération,Hors intersection,Normale,Deux véhicules - côté,,,,,,,,,,,1,2,1,1,3
200700013921,0007-03-10 12:30:00,7,3,10,12,30,130,55,CONSOLAT (RUE),,,Plein jour,En agglomération,Intersection en X,Normale,Deux véhicules - côté,,,,,,,,,,,1,2,2,1,3
200700013922,0007-03-19 14:40:00,7,3,19,14,40,130,55,"232, ROUCAS BLAN (CHEMIN",,,Plein jour,En agglomération,Hors intersection,Normale,Autre collision,,,,,,,,,,,1,2,1,1,6
200700013923,0007-03-09 16:15:00,7,3,9,16,15,130,55,"26, GARIEL (BOULEVARD)",,,Plein jour,En agglomération,Hors intersection,Normale,Autre collision,,,,,,,,,,,1,2,1,1,6
200700013924,0007-03-19 14:10:00,7,3,19,14,10,130,55,"131, LIBERATION (BOULEVA",,,Plein jour,En agglomération,Hors intersection,Normale,Deux véhicules - arrière,,,,,,,,,,,1,2,1,1,2
200700013925,0007-03-19 14:15:00,7,3,19,14,15,130,55,", BRETEUIL (RUE)",,,Plein jour,En agglomération,Hors intersection,Normale,Trois véhicules et plus - collisions multiples,,,,,,,,,,,1,2,1,1,5
200700013926,0007-03-02 17:40:00,7,3,2,17,40,130,55,"72, SAINT MARCEL (BOULEV",,,Crépuscule ou aube,En agglomération,Autre intersection,Normale,Deux véhicules - côté,,,,,,,,,,,2,2,9,1,3
200700013927,0007-03-21 08:40:00,7,3,21,8,40,130,55,"320, PRADO (AVENUE)",,,Plein jour,En agglomération,Hors intersection,Normale,Autre collision,,,,,,,,,,,1,2,1,1,6
200700013928,0007-03-09 14:30:00,7,3,9,14,30,130,55,"00, BOUIRES (BOULEVARD D",,,Plein jour,En agglomération,Hors intersection,Normale,Sans collision,,,,,,,,,,,1,2,1,1,7
200700013929,0007-03-17 16:10:00,7,3,17,16,10,130,55,"89, REPUBLIQUE (RUE DE L",,,Plein jour,En agglomération,Hors intersection,Normale,Autre collision,,,,,,,,,,,1,2,1,1,6
200700013930,0007-03-24 15:50:00,7,3,24,15,50,130,55,"111, FRÉDÉRIC MISTRAL (A",,,Plein jour,En agglomération,Hors intersection,Normale,Deux véhicules - frontale,,,,,,,,,,,1,2,1,1,1
200700013931,0007-03-20 18:10:00,7,3,20,18,10,130,55,KADDOUZ (CHEMIN),,,Plein jour,En agglomération,Hors intersection,Normale,Deux véhicules - côté,,,,,,,,,,,1,2,1,1,3
200700013932,0007-03-12 12:15:00,7,3,12,12,15,130,55,"87, JULIEN (AVENUE)",,,Plein jour,En agglomération,Hors intersection,Normale,Autre collision,,,,,,,,,,,1,2,1,1,6
200700013933,0007-03-21 16:40:00,7,3,21,16,40,130,55,"23, CAILLOLS (AVENUE DES",,,Plein jour,En agglomération,Hors intersection,Normale,Trois véhicules et plus - en chaîne,,,,,,,,,,,1,2,1,1,4
200700013934,0007-03-23 13:30:00,7,3,23,13,30,130,55,"196, MADRAGUE VILLE (RUE",,,Plein jour,En agglomération,Hors intersection,Normale,Deux véhicules - arrière,,,,,,,,,,,1,2,1,1,2
200700013935,0007-03-15 14:00:00,7,3,15,14,0,130,55,LITTORAL (CHEMIN DU),,,Plein jour,En agglomération,Hors intersection,Normale,Deux véhicules - arrière,,,,,,,,,,,1,2,1,1,2
200700013936,0007-03-21 21:15:00,7,3,21,21,15,130,55,"0, GAFFAREL (RUE)",,,Nuit avec éclairage allumé,En agglomération,Intersection en T,Normale,Deux véhicules - côté,,,,,,,,,,,5,2,3,1,3
200700013937,0007-03-05 17:10:00,7,3,5,17,10,130,55,"185, LYON (RUE DE)",,,Plein jour,En agglomération,Hors intersection,Normale,Trois véhicules et plus - en chaîne,,,,,,,,,,,1,2,1,1,4
200700013938,0007-03-14 15:30:00,7,3,14,15,30,130,55,"0, PRADO (AVENUE)",,,Plein jour,En agglomération,Hors intersection,Normale,Autre collision,,,,,,,,,,,1,2,1,1,6
200700013939,0007-03-16 11:15:00,7,3,16,11,15,130,55,"386, MAZARGUES (AVENUE D",,,Plein jour,En agglomération,Hors intersection,Normale,Trois véhicules et plus - en chaîne,,,,,,,,,,,1,2,1,1,4
200700013940,0007-03-04 03:20:00,7,3,4,3,20,130,55,CAIRE (PLACE DU),,,Nuit avec éclairage allumé,En agglomération,Place,Normale,Autre collision,,,,,,,,,,,5,2,7,1,6
200700013941,0007-03-18 20:00:00,7,3,18,20,0,130,55,"111, ROMAIN ROLLAND (BOU",,,Nuit avec éclairage allumé,En agglomération,Intersection en T,Normale,Trois véhicules et plus - collisions multiples,,,,,,,,,,,5,2,3,1,5
200700013942,0007-03-22 13:45:00,7,3,22,13,45,130,55,"214, CAPELETTE (AVENUE D",,,Plein jour,En agglomération,Intersection en T,Normale,Deux véhicules - côté,,,,,,,,,,,1,2,3,1,3
200700013943,0007-03-21 17:00:00,7,3,21,17,0,130,55,"435, PARADIS (RUE)",,,Plein jour,En agglomération,Hors intersection,Normale,Deux véhicules - frontale,,,,,,,,,,,1,2,1,1,1
200700013944,0007-03-17 18:30:00,7,3,17,18,30,130,55,MENDES FRANCE (AVENUE),,,Plein jour,En agglomération,Hors intersection,Normale,Deux véhicules - côté,,,,,,,,,,,1,2,1,1,3
200700013945,0007-03-09 15:40:00,7,3,9,15,40,130,55,"226, PRADO (AVENUE)",,,Plein jour,En agglomération,Hors intersection,Normale,Autre collision,,,,,,,,,,,1,2,1,1,6
200700013946,0007-03-11 11:40:00,7,3,11,11,40,130,55,PAUL CODACCIONI (RUE),,,Plein jour,En agglomération,Intersection en X,Normale,Deux véhicules - côté,,,,,,,,,,,1,2,2,1,3
200700013947,0007-03-20 10:20:00,7,3,20,10,20,130,2,PROVENCE (AVENUE DE),,,Plein jour,En agglomération,Hors intersection,Vent fort / tempête,Autre collision,,,,,,,,,,,1,2,1,6,6
200700013948,0007-03-20 08:50:00,7,3,20,8,50,130,55,"88, MIREILLE LAUZE (BOUL",,,Plein jour,En agglomération,Hors intersection,Normale,Deux véhicules - frontale,,,,,,,,,,,1,2,1,1,1
200700013949,0007-03-11 18:00:00,7,3,11,18,0,130,55,LÉON BANCAL (RUE),,,Plein jour,En agglomération,Hors intersection,Normale,Deux véhicules - côté,,,,,,,,,,,1,2,1,1,3
200700013950,0007-03-10 19:30:00,7,3,10,19,30,130,55,"104, SAKAKINI (BOULEVARD",,,Nuit avec éclairage allumé,En agglomération,Hors intersection,Normale,Trois véhicules et plus - en chaîne,,,,,,,,,,,5,2,1,1,4
200700013951,0007-03-20 16:40:00,7,3,20,16,40,130,55,JEAN JAURES (PLACE),,,Plein jour,En agglomération,Intersection en T,Normale,Autre collision,,,,,,,,,,,1,2,3,1,6
200700013952,0007-03-19 19:00:00,7,3,19,19,0,130,55,ROME (RUE DE),,,Nuit avec éclairage allumé,En agglomération,Intersection en X,Normale,Deux véhicules - côté,,,,,,,,,,,5,2,2,1,3
200700013953,0007-03-27 00:01:00,7,3,27,0,1,130,55,ABEILLES (RUE DES),,,Nuit avec éclairage allumé,En agglomération,Intersection en T,Pluie légère,Deux véhicules - côté,,,,,,,,,,,5,2,3,2,3
200700013954,0007-03-23 12:30:00,7,3,23,12,30,130,55,"185, MONTOLIVET (AVENUE",,,Plein jour,En agglomération,Intersection en T,Vent fort / tempête,Deux véhicules - côté,,,,,,,,,,,1,2,3,6,3
200700013955,0007-03-25 18:35:00,7,3,25,18,35,130,55,"3, MARÉCHAL DE LATTRE (A",,,Plein jour,En agglomération,Hors intersection,Normale,Deux véhicules - côté,,,,,,,,,,,1,2,1,1,3
200700013956,0007-03-23 13:31:00,7,3,23,13,31,130,55,"9, ATHENES (BOULEVARD D'",,,Plein jour,En agglomération,Hors intersection,Normale,Autre collision,,,,,,,,,,,1,2,1,1,6
200700013957,0007-03-20 08:30:00,7,3,20,8,30,130,55,ORGUES (RUE DES),,,Plein jour,En agglomération,Hors intersection,Normale,Sans collision,,,,,,,,,,,1,2,1,1,7
200700013958,0007-03-14 12:01:00,7,3,14,12,1,130,55,"17, LICES (RUE DES)",,,Plein jour,En agglomération,Hors intersection,Normale,Autre collision,,,,,,,,,,,1,2,1,1,6
200700013959,0007-03-23 16:45:00,7,3,23,16,45,130,55,"8, DUGOMMIER (BOULEVARD)",,,Plein jour,En agglomération,Hors intersection,Normale,Deux véhicules - côté,,,,,,,,,,,1,2,1,1,3
200700013960,0007-03-23 15:00:00,7,3,23,15,0,130,55,SAINT SEBASTIEN (RUE),,,Plein jour,En agglomération,Hors intersection,Normale,Autre collision,,,,,,,,,,,1,2,1,1,6
200700013961,0007-03-20 17:20:00,7,3,20,17,20,130,55,ALEX ANSALDI (RUE),,,Plein jour,En agglomération,Hors intersection,Normale,Deux véhicules - côté,,,,,,,,,,,1,2,1,1,3
200700013962,0007-03-16 16:30:00,7,3,16,16,30,130,55,"14, COROT (AVENUE)",,,Plein jour,En agglomération,Hors intersection,Normale,Deux véhicules - frontale,,,,,,,,,,,1,2,1,1,1
200700013963,0007-03-14 16:55:00,7,3,14,16,55,130,55,"49, SAINT JEROME (AVENUE",,,Plein jour,En agglomération,Hors intersection,Normale,Autre collision,,,,,,,,,,,1,2,1,1,6
200700013964,0007-03-03 15:30:00,7,3,3,15,30,130,55,"162, LIEUTAUD (COURS)",,,Plein jour,En agglomération,Hors intersection,Normale,Deux véhicules - côté,,,,,,,,,,,1,2,1,1,3
200700013965,0007-03-23 15:01:00,7,3,23,15,1,130,55,", DAMES (BOULEVARD DES)",,,Plein jour,En agglomération,Intersection en T,Normale,Autre collision,,,,,,,,,,,1,2,3,1,6
200700013966,0007-03-06 08:45:00,7,3,6,8,45,130,55,"41, MAURELLE (RUE DE LA)",,,Plein jour,Hors agglomération,Hors intersection,Normale,Autre collision,,,,,,,,,,,1,1,1,1,6
200700013967,0007-03-20 10:00:00,7,3,20,10,0,130,55,LIBERATION (BOULEVARD),,,Plein jour,En agglomération,Hors intersection,Normale,Deux véhicules - côté,,,,,,,,,,,1,2,1,1,3
200700013968,0007-03-17 19:00:00,7,3,17,19,0,130,55,"37, JULES CANTINI (AVENU",,,Crépuscule ou aube,En agglomération,Hors intersection,Normale,Autre collision,,,,,,,,,,,2,2,1,1,6
200700013969,0007-03-19 19:30:00,7,3,19,19,30,130,55,MICHELET (BOULEVARD),,,Nuit avec éclairage allumé,En agglomération,Hors intersection,Normale,Autre collision,,,,,,,,,,,5,2,1,1,6
200700013970,0007-03-24 14:30:00,7,3,24,14,30,130,2,"41, JEAN MOULIN (AVENUE)",,,Plein jour,Hors agglomération,Intersection en T,Normale,Deux véhicules - côté,,,,,,,,,,,1,1,3,1,3
200700013971,0007-03-28 09:30:00,7,3,28,9,30,130,55,DC HENRI METRAS (RUE),,,Plein jour,En agglomération,Autre intersection,Normale,Autre collision,,,,,,,,,,,1,2,9,1,6
200700013972,0007-03-15 20:35:00,7,3,15,20,35,130,55,"115, ROME (RUE DE)",,,Nuit avec éclairage allumé,En agglomération,Intersection en X,Normale,Deux véhicules - côté,,,,,,,,,,,5,2,2,1,3
200700013973,0007-03-30 07:10:00,7,3,30,7,10,130,55,"209, LÉON LACHAMP (ROUTE",,,Plein jour,En agglomération,Hors intersection,Normale,Deux véhicules - côté,,,,,,,,,,,1,2,1,1,3
200700013974,0007-03-30 07:40:00,7,3,30,7,40,130,55,"20, CHATEAU GOMBERT (ANC",,,Plein jour,En agglomération,Hors intersection,Normale,Deux véhicules - côté,,,,,,,,,,,1,2,1,1,3
200700013975,0007-03-30 12:45:00,7,3,30,12,45,130,55,CORNICHE KENNEDY,,,Plein jour,En agglomération,Hors intersection,Normale,Deux véhicules - côté,,,,,,,,,,,1,2,1,1,3
200700013976,0007-03-30 16:50:00,7,3,30,16,50,130,55,CHUTES LAVI (AVENUE),,,Plein jour,En agglomération,Hors intersection,Normale,Autre collision,,,,,,,,,,,1,2,1,1,6
200700013977,0007-03-07 15:00:00,7,3,7,15,0,130,55,HENRI BARBUSSE (RUE),,,Plein jour,En agglomération,Hors intersection,Normale,Deux véhicules - côté,,,,,,,,,,,1,2,1,1,3
200700013978,0007-03-10 12:45:00,7,3,10,12,45,130,55,MONTGRAND (RUE),,,Plein jour,En agglomération,Hors intersection,Normale,Autre collision,,,,,,,,,,,1,2,1,1,6
200700013979,0007-03-22 11:00:00,7,3,22,11,0,130,55,BERNEX (RUE)    IMPAIRS,,,Plein jour,En agglomération,Intersection en X,Normale,Deux véhicules - côté,,,,,,,,,,,1,2,2,1,3
200700013980,0007-03-02 10:45:00,7,3,2,10,45,130,55,"66, PERIER (BOULEVARD)",,,Plein jour,En agglomération,Hors intersection,Normale,Autre collision,,,,,,,,,,,1,2,1,1,6
200700013981,0007-03-27 20:30:00,7,3,27,20,30,130,55,"27, L ARMEE D AFRIQUE (C",,,Nuit avec éclairage allumé,En agglomération,Hors intersection,Normale,Autre collision,,,,,,,,,,,5,2,1,1,6
200700013982,0007-03-23 13:20:00,7,3,23,13,20,130,55,PRADO (ROND-POINT),,,Plein jour,En agglomération,Intersection en X,Normale,Deux véhicules - arrière,,,,,,,,,,,1,2,2,1,2
200700013983,0007-03-21 15:50:00,7,3,21,15,50,130,55,"1, SAINT MARCEL (BOULEVA",,,Plein jour,En agglomération,Hors intersection,Normale,Deux véhicules - côté,,,,,,,,,,,1,2,1,1,3
200700013984,0007-03-25 03:15:00,7,3,25,3,15,130,55,"719, MAZARGUES (AVENUE D",,,Nuit avec éclairage allumé,En agglomération,Intersection à plus de 4 branches,Normale,Deux véhicules - côté,,,,,,,,,,,5,2,5,1,3
200700013985,0007-03-27 09:00:00,7,3,27,9,0,130,55,MICHELET (BOULEVARD),,,Plein jour,En agglomération,Hors intersection,Normale,Deux véhicules - côté,,,,,,,,,,,1,2,1,1,3
200700013986,0007-03-11 02:45:00,7,3,11,2,45,130,55,SAKAKINI (BOULEVARD),,,Nuit avec éclairage allumé,En agglomération,Hors intersection,Normale,Deux véhicules - frontale,,,,,,,,,,,5,2,1,1,1
200700013987,0007-03-05 02:30:00,7,3,5,2,30,130,55,"223, CORNICHE KENNEDY",,,Nuit avec éclairage allumé,En agglomération,Hors intersection,Normale,Autre collision,,,,,,,,,,,5,2,1,1,6
200700013988,0007-03-27 14:20:00,7,3,27,14,20,130,55,"17, PLOMBIERES (BOULEVAR",,,Plein jour,En agglomération,Hors intersection,Normale,Trois véhicules et plus - en chaîne,,,,,,,,,,,1,2,1,1,4
200700013989,0007-03-27 15:20:00,7,3,27,15,20,130,55,"7, JOLIETTE (QUAI DE LA)",,,Plein jour,En agglomération,Hors intersection,Normale,Deux véhicules - côté,,,,,,,,,,,1,2,1,1,3
200700013990,0007-03-29 03:45:00,7,3,29,3,45,130,55,"232, PAUL CLAUDEL (BOULE",,,Nuit avec éclairage allumé,En agglomération,Intersection en T,Normale,Deux véhicules - côté,,,,,,,,,,,5,2,3,1,3
200700013991,0007-03-02 18:10:00,7,3,2,18,10,130,55,"310, OLIVES (AVENUE DES)",,,Plein jour,En agglomération,Hors intersection,Normale,Deux véhicules - côté,,,,,,,,,,,1,2,1,1,3
200700013992,0007-03-20 08:20:00,7,3,20,8,20,130,55,LEDRU ROLLI (BOULEVARD),,,Plein jour,En agglomération,Hors intersection,Normale,Deux véhicules - arrière,,,,,,,,,,,1,2,1,1,2
200700013993,0007-03-27 18:10:00,7,3,27,18,10,130,55,ROSE (AVENUE DE LA),,,Plein jour,En agglomération,Hors intersection,Normale,Deux véhicules - frontale,,,,,,,,,,,1,2,1,1,1
200700013994,0007-03-06 01:00:00,7,3,6,1,0,130,55,"246, LYON (RUE DE)",,,Nuit avec éclairage allumé,En agglomération,Hors intersection,Normale,Trois véhicules et plus - en chaîne,,,,,,,,,,,5,2,1,1,4
200700013995,0007-03-25 11:40:00,7,3,25,11,40,130,55,"7, ENCO DE BOT (ROUTE)",,,Plein jour,En agglomération,Hors intersection,Normale,Autre collision,,,,,,,,,,,1,2,1,1,6
200700013996,0007-03-18 17:00:00,7,3,18,17,0,130,75,BARTHES (BOULEVARD),,,Plein jour,En agglomération,Hors intersection,Normale,Deux véhicules - frontale,,,,,,,,,,,1,2,1,1,1
200700013997,0007-03-04 15:30:00,7,3,4,15,30,130,55,SAKAKINI (BOULEVARD),,,Plein jour,En agglomération,Hors intersection,Normale,Deux véhicules - arrière,,,,,,,,,,,1,2,1,1,2
200700013998,0007-03-17 18:31:00,7,3,17,18,31,130,55,MICHELET (BOULEVARD),,,Crépuscule ou aube,En agglomération,Hors intersection,Normale,Deux véhicules - arrière,,,,,,,,,,,2,2,1,1,2
200700013999,0007-03-31 14:10:00,7,3,31,14,10,130,55,LUMINY (AVENUE DE),,,Plein jour,Hors agglomération,Hors intersection,Pluie légère,Autre collision,,,,,,,,,,,1,1,1,2,6
200700014000,0007-03-29 13:45:00,7,3,29,13,45,130,55,PAUL LUCCHESI (RUE),,,Plein jour,En agglomération,Giratoire,Normale,Deux véhicules - frontale,,,,,,,,,,,1,2,6,1,1
200700014001,0007-03-28 09:35:00,7,3,28,9,35,130,55,VAUFREGES (ROUTE DE),,,Plein jour,Hors agglomération,Hors intersection,Normale,Autre collision,,,,,,,,,,,1,1,1,1,6
200700014002,0007-03-01 09:00:00,7,3,1,9,0,130,55,COLGATE (TRAVERSE),,,Plein jour,En agglomération,Intersection en T,Normale,Deux véhicules - côté,,,,,,,,,,,1,2,3,1,3
200700014003,0007-03-04 15:40:00,7,3,4,15,40,130,55,"26, RABATAU (BOULEVARD)",,,Plein jour,En agglomération,Hors intersection,Normale,Deux véhicules - côté,,,,,,,,,,,1,2,1,1,3
200700014004,0007-03-28 18:30:00,7,3,28,18,30,130,55,MARCHE D'IN (AVENUE),,,Plein jour,En agglomération,Hors intersection,Normale,Deux véhicules - côté,,,,,,,,,,,1,2,1,1,3
200700014005,0007-03-28 14:45:00,7,3,28,14,45,130,55,"36, CHATEAU GOMBERT (AVE",,,Plein jour,En agglomération,Hors intersection,Normale,Autre collision,,,,,,,,,,,1,2,1,1,6
200700014006,0007-03-30 20:20:00,7,3,30,20,20,130,55,NOTRE DAME (BOULEVARD),,,Nuit sans éclairage public,En agglomération,Hors intersection,Normale,Deux véhicules - arrière,,,,,,,,,,,3,2,1,1,2
200700014007,0007-03-26 11:55:00,7,3,26,11,55,130,55,SAINT LOUIS (AVENUE DE),,,Plein jour,Hors agglomération,Hors intersection,Normale,Deux véhicules - arrière,,,,,,,,,,,1,1,1,1,2
200700014008,0007-03-26 16:43:00,7,3,26,16,43,130,55,"00, SAINT LOUIS (AVENUE",,,Plein jour,En agglomération,Hors intersection,Normale,Deux véhicules - frontale,,,,,,,,,,,1,2,1,1,1
200700014009,0007-03-31 14:00:00,7,3,31,14,0,130,55,MADRAGUE VILLE (RUE),,,Crépuscule ou aube,En agglomération,Hors intersection,Pluie légère,Deux véhicules - côté,,,,,,,,,,,2,2,1,2,3
200700014010,0007-03-28 12:30:00,7,3,28,12,30,130,55,SALVADOR ALLENDE (RUE),,,Plein jour,En agglomération,Giratoire,Normale,Deux véhicules - arrière,,,,,,,,,,,1,2,6,1,2
200700014011,0007-03-20 20:10:00,7,3,20,20,10,130,55,GAFFAREL (RUE),,,Nuit avec éclairage allumé,En agglomération,Intersection en X,Normale,Deux véhicules - côté,,,,,,,,,,,5,2,2,1,3
200700014012,0007-03-30 16:51:00,7,3,30,16,51,130,55,"9, CORAIL (AVENUE DU)",,,Plein jour,En agglomération,Hors intersection,Normale,Trois véhicules et plus - collisions multiples,,,,,,,,,,,1,2,1,1,5
200700014013,0007-03-30 12:00:00,7,3,30,12,0,130,55,CABOT (PLACE),,,Plein jour,En agglomération,Hors intersection,Normale,Sans collision,,,,,,,,,,,1,2,1,1,7
200700014014,0007-03-14 17:00:00,7,3,14,17,0,130,55,"177, SAINT LOUIS (AVENUE",,,Plein jour,En agglomération,Hors intersection,Normale,Deux véhicules - côté,,,,,,,,,,,1,2,1,1,3
200700014015,0007-03-29 16:00:00,7,3,29,16,0,130,55,"244, NATIONAL (BOULEVARD",,,Plein jour,En agglomération,Hors intersection,Normale,Autre collision,,,,,,,,,,,1,2,1,1,6
200700014016,0007-03-21 16:32:00,7,3,21,16,32,130,55,VOLTAIRE    IMPAIRS (BOU,,,Plein jour,En agglomération,Hors intersection,Normale,Sans collision,,,,,,,,,,,1,2,1,1,7
200700014017,0007-03-27 18:00:00,7,3,27,18,0,130,55,AUGUSTIN FABRE (RUE),,,Plein jour,En agglomération,Intersection en X,Normale,Deux véhicules - côté,,,,,,,,,,,1,2,2,1,3
200700014018,0007-03-29 19:15:00,7,3,29,19,15,130,55,LIEUTAUD (COURS),,,Crépuscule ou aube,En agglomération,Hors intersection,Pluie légère,Deux véhicules - côté,,,,,,,,,,,2,2,1,2,3
200700014019,0007-03-30 13:55:00,7,3,30,13,55,130,55,"166, CANEBIERE    81 A F",,,Plein jour,En agglomération,Hors intersection,Normale,Sans collision,,,,,,,,,,,1,2,1,1,7
200700014020,0007-03-24 19:15:00,7,3,24,19,15,130,55,"486, PARADIS (RUE)",,,Nuit avec éclairage allumé,En agglomération,Hors intersection,Normale,Autre collision,,,,,,,,,,,5,2,1,1,6
200700014021,0007-03-30 15:30:00,7,3,30,15,30,130,55,"25, MARÉCHAL FOCH (AVENU",,,Plein jour,En agglomération,Intersection en X,Normale,Deux véhicules - côté,,,,,,,,,,,1,2,2,1,3
200700014022,0007-03-08 15:50:00,7,3,8,15,50,130,55,PRADO (AVENUE),,,Plein jour,En agglomération,Intersection en X,Normale,Autre collision,,,,,,,,,,,1,2,2,1,6
200700014023,0007-03-26 20:10:00,7,3,26,20,10,130,55,"17, POMPIDOU (PROMENADE)",,,Nuit avec éclairage allumé,En agglomération,Hors intersection,Normale,Deux véhicules - arrière,,,,,,,,,,,5,2,1,1,2
200700014024,0007-03-27 08:35:00,7,3,27,8,35,130,55,ROUET (RUE DU),,,Plein jour,En agglomération,Hors intersection,Normale,Deux véhicules - arrière,,,,,,,,,,,1,2,1,1,2
200700014025,0007-03-28 18:31:00,7,3,28,18,31,130,55,"34, SAINT JEROME (AVENUE",,,Plein jour,En agglomération,Intersection en T,Normale,Deux véhicules - côté,,,,,,,,,,,1,2,3,1,3
200700014026,0007-03-31 10:15:00,7,3,31,10,15,130,55,"52, MASSENET (BOULEVARD)",,,Plein jour,En agglomération,Hors intersection,Pluie légère,Deux véhicules - arrière,,,,,,,,,,,1,2,1,2,2
200700014027,0007-03-26 14:00:00,7,3,26,14,0,130,55,LITTORAL (CHEMIN DU),,,Plein jour,En agglomération,Hors intersection,Normale,Autre collision,,,,,,,,,,,1,2,1,1,6
200700014028,0007-03-23 07:25:00,7,3,23,7,25,130,55,SAINT ANTOINE (AVENUE DE,,,Plein jour,En agglomération,Intersection en T,Normale,Deux véhicules - côté,,,,,,,,,,,1,2,3,1,3
200700014029,0007-03-29 17:55:00,7,3,29,17,55,130,55,", CANEBIERE     1 A 79",,,Plein jour,En agglomération,Intersection en X,Normale,Autre collision,,,,,,,,,,,1,2,2,1,6
200700014030,0007-03-26 10:15:00,7,3,26,10,15,130,55,ALEX. FLEMING (BOULEVARD,,,Plein jour,En agglomération,Hors intersection,Normale,Trois véhicules et plus - collisions multiples,,,,,,,,,,,1,2,1,1,5
200700014031,0007-03-24 20:20:00,7,3,24,20,20,130,55,CANEBIERE    2 A 26,,,Nuit avec éclairage allumé,En agglomération,Hors intersection,Normale,Sans collision,,,,,,,,,,,5,2,1,1,7