accident_id,datetime,annee,mois,jour,heure,minute,departement,commune_insee,adresse,latitude,longitude,luminosite,agglomeration,intersection,meteo,collision,nb_vehicules,nb_usagers,nb_indemnes,nb_tues,nb_blesses_hosp,nb_blesses_legers,age_cond_1,age_cond_2,veh_type_cond_1,veh_type_cond_2,lum_code,agg_code,int_code,atm_code,col_code
200700014032,0007-03-12 20:00:00,7,3,12,20,0,130,55,"100, COMMANDERIE (CHEMIN",,,Nuit avec éclairage allumé,En agglomération,Autre intersection,Normale,Deux véhicules - arrière,,,,,,,,,,,5,2,9,1,2
200700014033,0007-03-14 08:40:00,7,3,14,8,40,130,55,VINCENT VAN GOGH (RUE),,,Plein jour,En agglomération,Autre intersection,Normale,Deux véhicules - arrière,,,,,,,,,,,1,2,9,1,2
200700014034,0007-03-28 20:00:00,7,3,28,20,0,130,55,GUEIDON (BOULEVARD),,,Crépuscule ou aube,En agglomération,Hors intersection,Normale,Autre collision,,,,,,,,,,,2,2,1,1,6
200700014035,0007-03-29 10:20:00,7,3,29,10,20,130,55,JOLIETTE (QUAI DE LA),,,Plein jour,En agglomération,Hors intersection,Normale,Trois véhicules et plus - collisions multiples,,,,,,,,,,,1,2,1,1,5
200700014036,0007-03-21 00:50:00,7,3,21,0,50,130,55,SAINT ANTOINE (AVENUE DE,,,Nuit avec éclairage allumé,En agglomération,Hors intersection,Normale,Sans collision,,,,,,,,,,,5,2,1,1,7
200700014037,0007-03-22 12:30:00,7,3,22,12,30,130,55,SAINTE MARTHE (CHEMIN DE,,,Plein jour,En agglomération,Intersection en X,Normale,Deux véhicules - côté,,,,,,,,,,,1,2,2,1,3
200700014038,0007-03-28 17:10:00,7,3,28,17,10,130,55,PALUD (RUE DE LA),,,Plein jour,En agglomération,Hors intersection,Normale,Autre collision,,,,,,,,,,,1,2,1,1,6
200700014039,0007-03-29 19:30:00,7,3,29,19,30,130,55,SAINT MENET (AVENUE DE),,,Nuit avec éclairage allumé,En agglomération,Hors intersection,Temps couvert,Sans collision,,,,,,,,,,,5,2,1,8,7
200700014040,0007-03-22 20:00:00,7,3,22,20,0,130,55,CAPELETTE (AVENUE DE LA),,,Plein jour,En agglomération,Hors intersection,Normale,Deux véhicules - côté,,,,,,,,,,,1,2,1,1,3
200700014041,0007-03-29 14:15:00,7,3,29,14,15,130,55,"153, CHARTREUX (AVENUE D",,,Plein jour,En agglomération,Intersection en Y,Normale,Deux véhicules - côté,,,,,,,,,,,1,2,4,1,3
200700014042,0007-03-23 13:32:00,7,3,23,13,32,130,55,ARGILE (CHEMIN DE L'),,,Plein jour,En agglomération,Intersection en T,Normale,Autre collision,,,,,,,,,,,1,2,3,1,6
200700014043,0007-03-02 20:50:00,7,3,2,20,50,130,55,AVIATEUR LE BRIX (RUE),,,Nuit avec éclairage allumé,En agglomération,Giratoire,Normale,Deux véhicules - côté,,,,,,,,,,,5,2,6,1,3
200700014044,0007-03-12 19:05:00,7,3,12,19,5,130,55,"9, GOUDARD (RUE)",,,Crépuscule ou aube,En agglomération,Hors intersection,Normale,Deux véhicules - arrière,,,,,,,,,,,2,2,1,1,2
200700014045,0007-03-25 22:10:00,7,3,25,22,10,130,55,MIREILLE LAUZE (BOULEVAR,,,Nuit avec éclairage allumé,En agglomération,Intersection en T,Normale,Deux véhicules - côté,,,,,,,,,,,5,2,3,1,3
200700014046,0007-03-28 08:30:00,7,3,28,8,30,130,55,SAINT BARNABE (AVENUE DE,,,Plein jour,En agglomération,Hors intersection,Normale,Autre collision,,,,,,,,,,,1,2,1,1,6
200700014047,0007-03-25 11:15:00,7,3,25,11,15,130,55,"45, TRISTAN (BOULEVARD)",,,Plein jour,En agglomération,Intersection en T,Normale,Deux véhicules - côté,,,,,,,,,,,1,2,3,1,3
200700014048,0007-03-23 13:00:00,7,3,23,13,0,130,55,BOIS LUZY (AVENUE DE),,,Plein jour,En agglomération,Hors intersection,Normale,Autre collision,,,,,,,,,,,1,2,1,1,6
200700014049,0007-03-24 10:00:00,7,3,24,10,0,130,55,ALBERT EINSTEIN (RUE),,,Plein jour,En agglomération,Intersection en X,Normale,Deux véhicules - côté,,,,,,,,,,,1,2,2,1,3
200700014050,0007-03-06 10:55:00,7,3,6,10,55,130,55,"77, BARA (BOULEVARD)",,,Plein jour,En agglomération,Hors intersection,Normale,Deux véhicules - arrière,,,,,,,,,,,1,2,1,1,2
200700014051,0007-03-17 16:00:00,7,3,17,16,0,130,55,"115, CAILLOLS (AVENUE DE",,,Plein jour,En agglomération,Hors intersection,Normale,Deux véhicules - arrière,,,,,,,,,,,1,2,1,1,2
200700014052,0007-03-17 13:30:00,7,3,17,13,30,130,55,"171, SAINT MARCEL (BOULE",,,Plein jour,En agglomération,Hors intersection,Normale,Deux véhicules - arrière,,,,,,,,,,,1,2,1,1,2
200700014053,0007-03-24 09:45:00,7,3,24,9,45,130,55,"320, PRADO (AVENUE)",,,Plein jour,En agglomération,Hors intersection,Normale,Deux véhicules - arrière,,,,,,,,,,,1,2,1,1,2
200700014054,0007-03-24 20:45:00,7,3,24,20,45,130,55,BOIS LUZY (AVENUE DE),,,Nuit avec éclairage allumé,En agglomération,Intersection en X,Normale,Deux véhicules - côté,,,,,,,,,,,5,2,2,1,3
200700014055,0007-03-12 22:30:00,7,3,12,22,30,130,55,DOCTEUR ESCAT (RUE),,,Nuit avec éclairage allumé,En agglomération,Hors intersection,Normale,Deux véhicules - arrière,,,,,,,,,,,5,2,1,1,2
200700014056,0007-03-20 18:00:00,7,3,20,18,0,130,55,TRINITAIRES (BOULEVARD D,,,Plein jour,En agglomération,Intersection en T,Normale,Deux véhicules - arrière,,,,,,,,,,,1,2,3,1,2
200700014057,0007-03-23 15:15:00,7,3,23,15,15,130,55,"58, VALBARELLE (CHEMIN D",,,Plein jour,En agglomération,Hors intersection,Normale,Deux véhicules - frontale,,,,,,,,,,,1,2,1,1,1
200700014058,0007-03-25 15:00:00,7,3,25,15,0,130,55,SAINT ANTOINE (CHEMIN DE,,,Plein jour,En agglomération,Hors intersection,Normale,Deux véhicules - côté,,,,,,,,,,,1,2,1,1,3
200700014059,0007-03-22 18:30:00,7,3,22,18,30,130,55,"347, SAINT PIERRE (RUE)",,,Plein jour,En agglomération,Hors intersection,Normale,Deux véhicules - côté,,,,,,,,,,,1,2,1,1,3
200700014060,0007-03-26 20:30:00,7,3,26,20,30,130,55,"143, RABATAU (BOULEVARD)",,,Nuit avec éclairage allumé,En agglomération,Hors intersection,Normale,Deux véhicules - arrière,,,,,,,,,,,5,2,1,1,2
200700014061,0007-03-29 17:00:00,7,3,29,17,0,130,55,CAILLOLS (AVENUE DES),,,Plein jour,En agglomération,Intersection en T,Normale,Deux véhicules - côté,,,,,,,,,,,1,2,3,1,3
200700014062,0007-03-26 10:30:00,7,3,26,10,30,130,55,GASSENDI (BOULEVARD),,,Plein jour,En agglomération,Intersection en X,Temps éblouissant,Autre collision,,,,,,,,,,,1,2,2,7,6
200700014063,0007-03-17 12:15:00,7,3,17,12,15,130,55,HENRI BARNIER (BOULEVARD,,,Plein jour,En agglomération,Hors intersection,Normale,Deux véhicules - côté,,,,,,,,,,,1,2,1,1,3
200700014064,0007-03-02 16:13:00,7,3,2,16,13,130,55,"56, STRASBOURG (BOULEVAR",,,Plein jour,En agglomération,Hors intersection,Normale,Autre collision,,,,,,,,,,,1,2,1,1,6
200700014065,0007-03-26 19:15:00,7,3,26,19,15,130,55,ALBENIZ (ALLEE),,,Plein jour,En agglomération,Intersection en T,Normale,Autre collision,,,,,,,,,,,1,2,3,1,6
200700014066,0007-03-18 02:15:00,7,3,18,2,15,130,55,"178, FRANCOISE DUPARC (B",,,Nuit avec éclairage allumé,En agglomération,Hors intersection,Normale,Deux véhicules - côté,,,,,,,,,,,5,2,1,1,3
200700014067,0007-03-28 12:31:00,7,3,28,12,31,130,55,"59, FRANCOISE DUPARC (BO",,,Plein jour,En agglomération,Hors intersection,Normale,Deux véhicules - côté,,,,,,,,,,,1,2,1,1,3
200700014068,0007-03-19 12:00:00,7,3,19,12,0,130,55,AVIATEUR LE BRIX (RUE),,,Plein jour,En agglomération,Hors intersection,Normale,Deux véhicules - côté,,,,,,,,,,,1,2,1,1,3
200700014069,0007-03-26 16:40:00,7,3,26,16,40,130,55,"5, ISOARD (RUE D')",,,Plein jour,En agglomération,Hors intersection,Normale,Autre collision,,,,,,,,,,,1,2,1,1,6
200700014070,0007-03-29 09:45:00,7,3,29,9,45,130,55,JEAN LOMBARD (AVENUE),,,Plein jour,En agglomération,Autre intersection,Normale,Deux véhicules - arrière,,,,,,,,,,,1,2,9,1,2
200700014071,0007-03-19 15:05:00,7,3,19,15,5,130,55,AYGALADES (AVENUE DES),,,Plein jour,En agglomération,Intersection en T,Normale,Deux véhicules - côté,,,,,,,,,,,1,2,3,1,3
200700014072,0007-03-26 09:20:00,7,3,26,9,20,130,55,MAZARGUES (AVENUE DE),,,Plein jour,En agglomération,Hors intersection,Normale,Deux véhicules - côté,,,,,,,,,,,1,2,1,1,3
200700014073,0007-03-23 17:20:00,7,3,23,17,20,130,55,LÉON LACHAMP (ROUTE),,,Plein jour,Hors agglomération,Hors intersection,Normale,Deux véhicules - arrière,,,,,,,,,,,1,1,1,1,2
200700014074,0007-03-06 23:40:00,7,3,6,23,40,130,55,"429, SAINT ANTOINE (AVEN",,,Nuit avec éclairage allumé,En agglomération,Hors intersection,Pluie légère,Deux véhicules - arrière,,,,,,,,,,,5,2,1,2,2
200700014075,0007-03-27 22:00:00,7,3,27,22,0,130,55,PEYPIN (RUE DE),,,Nuit avec éclairage allumé,En agglomération,Hors intersection,Normale,Deux véhicules - côté,,,,,,,,,,,5,2,1,1,3
200700014076,0007-03-26 08:30:00,7,3,26,8,30,130,55,"46, PARIS (BOULEVARD DE)",,,Plein jour,En agglomération,Hors intersection,Normale,Autre collision,,,,,,,,,,,1,2,1,1,6
200700014077,0007-03-26 14:30:00,7,3,26,14,30,130,55,"50, VALBARELLE (CHEMIN D",,,Plein jour,En agglomération,Hors intersection,Normale,Autre collision,,,,,,,,,,,1,2,1,1,6
200700014078,0007-03-04 16:40:00,7,3,4,16,40,130,55,"23, SAINT JUST (AVENUE D",,,Plein jour,En agglomération,Hors intersection,Normale,Deux véhicules - côté,,,,,,,,,,,1,2,1,1,3
200700014079,0007-03-09 18:00:00,7,3,9,18,0,130,55,ROSE (AVENUE DE LA),,,Plein jour,En agglomération,Hors intersection,Normale,Deux véhicules - côté,,,,,,,,,,,1,2,1,1,3
200700014080,0007-03-04 10:45:00,7,3,4,10,45,130,55,ADRIEN LEGROS (ROND POIN,,,Plein jour,En agglomération,Hors intersection,Normale,Deux véhicules - côté,,,,,,,,,,,1,2,1,1,3
200700014081,0007-03-29 07:30:00,7,3,29,7,30,130,55,"26, GOUDARD (RUE)",,,Plein jour,En agglomération,Hors intersection,Normale,Autre collision,,,,,,,,,,,1,2,1,1,6
200700014082,0007-03-29 10:40:00,7,3,29,10,40,130,55,"103, SAINTE CECILE (RUE)",,,Plein jour,En agglomération,Hors intersection,Normale,Deux véhicules - côté,,,,,,,,,,,1,2,1,1,3
200700014083,0007-03-31 17:55:00,7,3,31,17,55,130,55,MARÉCHAL DE LATTRE (AVEN,,,Plein jour,En agglomération,Hors intersection,Pluie légère,Autre collision,,,,,,,,,,,1,2,1,2,6
200700014084,0007-03-13 12:00:00,7,3,13,12,0,130,55,AMELIE (RUE),,,Plein jour,En agglomération,Hors intersection,Normale,Deux véhicules - côté,,,,,,,,,,,1,2,1,1,3
200700014085,0007-03-21 12:00:00,7,3,21,12,0,130,55,"6, PIERRE PUGET (COURS)",,,Plein jour,En agglomération,Hors intersection,Normale,Deux véhicules - arrière,,,,,,,,,,,1,2,1,1,2
200700014086,0007-03-30 19:35:00,7,3,30,19,35,130,55,SAINTE JULIE (AVENUE DE),,,Nuit avec éclairage allumé,En agglomération,Hors intersection,Normale,Deux véhicules - côté,,,,,,,,,,,5,2,1,1,3
200700014087,0007-03-27 07:00:00,7,3,27,7,0,130,55,"26, LITTORAL (CHEMIN DU)",,,Plein jour,En agglomération,Hors intersection,Normale,Deux véhicules - frontale,,,,,,,,,,,1,2,1,1,1
200700014088,0007-03-16 08:35:00,7,3,16,8,35,130,55,REPUBLIQUE (RUE DE LA),,,Plein jour,En agglomération,Hors intersection,Normale,Autre collision,,,,,,,,,,,1,2,1,1,6
200700014089,0007-03-02 14:30:00,7,3,2,14,30,130,55,MARCEAU (PLACE),,,Plein jour,En agglomération,Hors intersection,Normale,Autre collision,,,,,,,,,,,1,2,1,1,6
200700014090,0007-03-31 01:15:00,7,3,31,1,15,130,55,"114, BAILLE (BOULEVARD)",,,Nuit avec éclairage allumé,En agglomération,Intersection en X,Normale,Deux véhicules - côté,,,,,,,,,,,5,2,2,1,3
200700014091,0007-03-04 03:21:00,7,3,4,3,21,130,55,"195, OLIVES (AVENUE DES)",,,Nuit avec éclairage allumé,En agglomération,Hors intersection,Normale,Autre collision,,,,,,,,,,,5,2,1,1,6
200700014092,0007-03-31 11:40:00,7,3,31,11,40,130,55,"00, PIN (RUE DU)",,,Plein jour,En agglomération,Intersection en T,Normale,Deux véhicules - côté,,,,,,,,,,,1,2,3,1,3
200700014093,0007-03-25 13:30:00,7,3,25,13,30,130,55,"152, DANIEL CASANOVA (BO",,,Plein jour,En agglomération,Hors intersection,Normale,Deux véhicules - arrière,,,,,,,,,,,1,2,1,1,2
200700014094,0007-03-26 17:35:00,7,3,26,17,35,130,55,"90, MORETTI (BOULEVARD)",,,Plein jour,En agglomération,Hors intersection,Normale,Deux véhicules - côté,,,,,,,,,,,1,2,1,1,3
200700014095,0007-03-31 12:10:00,7,3,31,12,10,130,55,OCEAN (BOULEVARD DE L'),,,Plein jour,En agglomération,Hors intersection,Pluie légère,Trois véhicules et plus - collisions multiples,,,,,,,,,,,1,2,1,2,5
200700014096,0007-03-10 21:25:00,7,3,10,21,25,130,39,CAMILLE PELLETAN (avenue,,,Nuit avec éclairage allumé,En agglomération,Hors intersection,Normale,Deux véhicules - côté,,,,,,,,,,,5,2,1,1,3
200700014097,0007-03-10 12:10:00,7,3,10,12,10,130,77,GROUPE MANOUCHIAN (avenu,,,Plein jour,En agglomération,Hors intersection,Normale,Autre collision,,,,,,,,,,,1,2,1,1,6
200700014098,0007-03-03 19:30:00,7,3,3,19,30,130,56,FLEMING AVENUE DU ALEXAN,,,Nuit avec éclairage allumé,En agglomération,Intersection en T,Normale,Deux véhicules - côté,,,,,,,,,,,5,2,3,1,3
200700014099,0007-03-17 01:30:00,7,3,17,1,30,130,26,RN 568,,,Nuit avec éclairage allumé,Hors agglomération,Hors intersection,Normale,Autre collision,,,,,,,,,,,5,1,1,1,6
200700014100,0007-03-17 11:40:00,7,3,17,11,40,130,56,ALLENDE BOULEVARD SALVAD,,,Plein jour,En agglomération,Hors intersection,Normale,Autre collision,,,,,,,,,,,1,2,1,1,6
200700014101,0007-03-24 09:05:00,7,3,24,9,5,130,56,"2, GRES (Chemin du)",,,Plein jour,En agglomération,Hors intersection,Normale,Deux véhicules - arrière,,,,,,,,,,,1,2,1,1,2
200700014102,0007-03-03 07:45:00,7,3,3,7,45,130,103,ROUTE DE JEAN MOULIN-RN,,,Plein jour,Hors agglomération,Hors intersection,Normale,Deux véhicules - côté,,,,,,,,,,,1,1,1,1,3
200700014103,0007-03-07 11:10:00,7,3,7,11,10,130,103,BOULEVARD CEZANNE -PAUL,,,Plein jour,En agglomération,Intersection en X,Normale,Deux véhicules - côté,,,,,,,,,,,1,2,2,1,3
200700014104,0007-03-16 07:30:00,7,3,16,7,30,130,103,AVENUE DU 22 AOUT 1944,,,Plein jour,En agglomération,Hors intersection,Temps éblouissant,Deux véhicules - frontale,,,,,,,,,,,1,2,1,7,1
200700014105,0007-03-17 17:35:00,7,3,17,17,35,130,108,GUYNEMER GEORGE (AVENUE),,,Plein jour,En agglomération,Intersection en T,Normale,Deux véhicules - côté,,,,,,,,,,,1,2,3,1,3
200700014106,0007-03-17 19:30:00,7,3,17,19,30,130,108,RD 970 ROUTE D ARLES ),,,Nuit sans éclairage public,Hors agglomération,Hors intersection,Normale,Deux véhicules - arrière,,,,,,,,,,,3,1,1,1,2
200700014107,0007-03-20 17:10:00,7,3,20,17,10,130,108,ARLES (PETITE ROUTE D AR,,,Plein jour,En agglomération,Hors intersection,Normale,Trois véhicules et plus - en chaîne,,,,,,,,,,,1,2,1,1,4
200700014108,0007-03-30 17:10:00,7,3,30,17,10,130,108,RD 970 ROUTE D ARLES ),,,Plein jour,Hors agglomération,Hors intersection,Normale,Deux véhicules - arrière,,,,,,,,,,,1,1,1,1,2
200700014109,0007-03-03 12:50:00,7,3,3,12,50,130,117,MONNET ( AVENUE JEAN ),,,Plein jour,En agglomération,Intersection en X,Normale,Deux véhicules - côté,,,,,,,,,,,1,2,2,1,3
200700014110,0007-03-07 12:55:00,7,3,7,12,55,130,117,CHEMIN DEPARTEMENTAL 9 (,,,Plein jour,Hors agglomération,Hors intersection,Normale,Deux véhicules - arrière,,,,,,,,,,,1,1,1,1,2
200700014111,0007-03-08 19:15:00,7,3,8,19,15,130,71,ROUTE NATIONALE 368 (PLA,,,Nuit avec éclairage allumé,Hors agglomération,Hors intersection,Normale,Deux véhicules - arrière,,,,,,,,,,,5,1,1,1,2
200700014112,0007-03-09 15:25:00,7,3,9,15,25,130,117,MARSEILLE ( AVENUE DE ),,,Plein jour,En agglomération,Intersection en T,Normale,Deux véhicules - arrière,,,,,,,,,,,1,2,3,1,2
200700014113,0007-03-10 14:30:00,7,3,10,14,30,130,117,CARREFOUR (PARKING CENTR,,,Plein jour,En agglomération,Intersection en X,Normale,Deux véhicules - côté,,,,,,,,,,,1,2,2,1,3
200700014114,0007-03-11 13:00:00,7,3,11,13,0,130,71,"00, PLAN DE CAMPAGNE",,,Crépuscule ou aube,Hors agglomération,Hors intersection,Normale,Deux véhicules - côté,,,,,,,,,,,2,1,1,1,3
200700014115,0007-03-13 07:00:00,7,3,13,7,0,130,71,"45, MITTERRAND (AVENUE F",,,Plein jour,En agglomération,Hors intersection,Normale,Autre collision,,,,,,,,,,,1,2,1,1,6
200700014116,0007-03-16 14:00:00,7,3,16,14,0,130,71,ELF (STATION SERVICE) AV,,,Plein jour,En agglomération,Hors intersection,Normale,Sans collision,,,,,,,,,,,1,2,1,1,7
200700014117,0007-03-21 00:01:00,7,3,21,0,1,130,117,CHEMIN DEPARTEMENTAL 20,,,Nuit sans éclairage public,Hors agglomération,Autre intersection,Normale,Autre collision,,,,,,,,,,,3,1,9,1,6
200700014118,0007-03-21 09:45:00,7,3,21,9,45,130,117,AEROPORT(ZONE DE L'),,,Plein jour,Hors agglomération,Hors intersection,Normale,Deux véhicules - côté,,,,,,,,,,,1,1,1,1,3
200700014119,0007-03-23 14:10:00,7,3,23,14,10,130,117,PADOVANI ( AVE ),,,Plein jour,En agglomération,Hors intersection,Vent fort / tempête,Deux véhicules - arrière,,,,,,,,,,,1,2,1,6,2
200700014120,0007-03-28 18:50:00,7,3,28,18,50,130,117,CHEMIN DEPARTEMENTAL 9 (,,,Plein jour,Hors agglomération,Hors intersection,Normale,Deux véhicules - arrière,,,,,,,,,,,1,1,1,1,2
200700014121,0007-03-29 17:20:00,7,3,29,17,20,130,117,ROUTE NATIONALE 113-L'AN,,,Plein jour,Hors agglomération,Hors intersection,Temps couvert,Autre collision,,,,,,,,,,,1,1,1,8,6
200700014122,0007-03-29 01:30:00,7,3,29,1,30,130,117,CD 9 ESTROUBLANS,,,Nuit avec éclairage allumé,Hors agglomération,Hors intersection,Normale,Autre collision,,,,,,,,,,,5,1,1,1,6
200700014123,0007-03-31 15:50:00,7,3,31,15,50,130,117,ROND POINT LA GRANDE GAR,,,Plein jour,Hors agglomération,Hors intersection,Normale,Deux véhicules - côté,,,,,,,,,,,1,1,1,1,3
200700014124,0007-03-31 14:45:00,7,3,31,14,45,130,71,PLAN DE CAMPAGNE,,,Plein jour,Hors agglomération,Hors intersection,Pluie légère,Sans collision,,,,,,,,,,,1,1,1,2,7
200700014125,0007-03-03 00:16:00,7,3,3,0,16,140,242,"0, SAINT URSIN (RUE )",,,Nuit avec éclairage allumé,En agglomération,Hors intersection,Pluie légère,Sans collision,,,,,,,,,,,5,2,1,2,7
200700014126,0007-03-04 17:35:00,7,3,4,17,35,140,118,"0, COPERNIC (AVENUE NICO",,,Plein jour,En agglomération,Hors intersection,Normale,Autre collision,,,,,,,,,,,1,2,1,1,6
200700014127,0007-03-07 16:35:00,7,3,7,16,35,140,118,"145, FALAISE (RUE DE >=1",,,Plein jour,En agglomération,Hors intersection,Normale,Deux véhicules - arrière,,,,,,,,,,,1,2,1,1,2
200700014128,0007-03-08 11:55:00,7,3,8,11,55,140,118,GUILLOU (BOULEVARD YVES),,,Plein jour,En agglomération,Hors intersection,Normale,Deux véhicules - arrière,,,,,,,,,,,1,2,1,1,2
200700014129,0007-03-08 22:23:00,7,3,8,22,23,140,118,"120, CHERON (AVENUE HENR",,,Nuit avec éclairage allumé,En agglomération,Hors intersection,Normale,Deux véhicules - côté,,,,,,,,,,,5,2,1,1,3
200700014130,0007-03-09 15:40:00,7,3,9,15,40,140,118,"149, DELIVRANDE (RUE DE",,,Plein jour,En agglomération,Hors intersection,Normale,Deux véhicules - côté,,,,,,,,,,,1,2,1,1,3
200700014131,0007-03-09 20:15:00,7,3,9,20,15,140,118,FOUCAULD (AVENUE PERE CH,,,Nuit avec éclairage allumé,En agglomération,Intersection en T,Normale,Deux véhicules - côté,,,,,,,,,,,5,2,3,1,3
200700014132,0007-03-13 08:25:00,7,3,13,8,25,140,327,RN 814,,,Plein jour,En agglomération,Hors intersection,Normale,Deux véhicules - arrière,,,,,,,,,,,1,2,1,1,2
200700014133,0007-03-16 16:35:00,7,3,16,16,35,140,101,"146, BRETAGNE (ROUTE DE",,,Plein jour,En agglomération,Hors intersection,Normale,Trois véhicules et plus - en chaîne,,,,,,,,,,,1,2,1,1,4
200700014134,0007-03-21 22:05:00,7,3,21,22,5,140,118,AUTHIE (<=N°106 PAIRS /,,,Nuit avec éclairage allumé,En agglomération,Intersection en X,Normale,Deux véhicules - côté,,,,,,,,,,,5,2,2,1,3
200700014135,0007-03-26 10:00:00,7,3,26,10,0,140,118,"11, LEBRET (RUE GEORGES)",,,Plein jour,En agglomération,Hors intersection,Normale,Autre collision,,,,,,,,,,,1,2,1,1,6
200700014136,0007-03-11 17:40:00,7,3,11,17,40,140,366,"0, ROGER AINI (RUE)",,,Plein jour,En agglomération,Intersection en T,Normale,Deux véhicules - côté,,,,,,,,,,,1,2,3,1,3
200700014137,0007-03-22 12:50:00,7,3,22,12,50,140,366,"0, PAUL CORNU ( RD48 RUE",,,Plein jour,En agglomération,Hors intersection,Normale,Deux véhicules - côté,,,,,,,,,,,1,2,1,1,3
200700014138,0007-03-06 16:40:00,7,3,6,16,40,150,14,DAGUERRE (RUE),,,Plein jour,En agglomération,Hors intersection,Normale,Deux véhicules - frontale,,,,,,,,,,,1,2,1,1,1
200700014139,0007-03-29 18:00:00,7,3,29,18,0,160,15,"225, PERIGUEUX (RUE DE N",,,Plein jour,En agglomération,Intersection en X,Normale,Autre collision,,,,,,,,,,,1,2,2,1,6
200700014140,0007-03-26 17:15:00,7,3,26,17,15,160,15,LATTRE DE TASSIGNY (AVEN,,,Plein jour,En agglomération,Hors intersection,Normale,Deux véhicules - côté,,,,,,,,,,,1,2,1,1,3
200700014141,0007-03-22 08:55:00,7,3,22,8,55,160,15,LIEDOT (BOULEVARD),,,Plein jour,Hors agglomération,Hors intersection,Normale,Deux véhicules - arrière,,,,,,,,,,,1,1,1,1,2
200700014142,0007-03-01 18:55:00,7,3,1,18,55,160,89,"31, DIZEDON (ROUTE DE)",,,Nuit sans éclairage public,En agglomération,Hors intersection,Pluie forte,Deux véhicules - frontale,,,,,,,,,,,3,2,1,3,1
200700014143,0007-03-24 12:10:00,7,3,24,12,10,160,102,"1, RUE DE BARBEZIEUX",,,Plein jour,En agglomération,Place,Normale,Deux véhicules - côté,,,,,,,,,,,1,2,7,1,3
200700014144,0007-03-09 12:45:00,7,3,9,12,45,170,449,"174490044, SAINTONGE AVE",,,Plein jour,En agglomération,Hors intersection,Normale,Deux véhicules - frontale,,,,,,,,,,,1,2,1,1,1
200700014145,0007-03-13 20:55:00,7,3,13,20,55,170,449,"174490164, CHALONNIERE R",,,Nuit avec éclairage allumé,En agglomération,Intersection en T,Normale,Deux véhicules - côté,,,,,,,,,,,5,2,3,1,3
200700014146,0007-03-19 18:50:00,7,3,19,18,50,170,299,"172990018, AUDRY DE PUYR",,,Plein jour,En agglomération,Hors intersection,Normale,Deux véhicules - arrière,,,,,,,,,,,1,2,1,1,2
200700014147,0007-03-21 10:10:00,7,3,21,10,10,170,449,"174490005, AUNIS AVENUE",,,Plein jour,En agglomération,Intersection en X,Normale,Trois véhicules et plus - en chaîne,,,,,,,,,,,1,2,2,1,4
200700014148,0007-03-22 17:10:00,7,3,22,17,10,170,299,"172990257, MILLE PATTES",,,Plein jour,Hors agglomération,Intersection en T,Normale,Deux véhicules - côté,,,,,,,,,,,1,1,3,1,3
200700014149,0007-03-22 02:00:00,7,3,22,2,0,170,299,"172990316, REPUBLIQUE RU",,,Nuit avec éclairage allumé,En agglomération,Intersection en X,Normale,Sans collision,,,,,,,,,,,5,2,2,1,7
200700014150,0007-03-23 17:20:00,7,3,23,17,20,170,299,"172990307, QUATORZE JUIL",,,Plein jour,En agglomération,Intersection en X,Pluie légère,Deux véhicules - côté,,,,,,,,,,,1,2,2,2,3
200700014151,0007-03-28 11:05:00,7,3,28,11,5,170,299,"172990352, TOUFAIRE RUE",,,Plein jour,En agglomération,Hors intersection,Normale,Sans collision,,,,,,,,,,,1,2,1,1,7
200700014152,0007-03-01 13:45:00,7,3,1,13,45,170,300,"2, DAUPHINE   AVENUE DE",,,Plein jour,En agglomération,Hors intersection,Normale,Autre collision,,,,,,,,,,,1,2,1,1,6
200700014153,0007-03-01 19:30:00,7,3,1,19,30,170,300,"001, MAIL   ALLEE DU",,,Crépuscule ou aube,En agglomération,Intersection en T,Temps couvert,Deux véhicules - côté,,,,,,,,,,,2,2,3,8,3
200700014154,0007-03-03 04:30:00,7,3,3,4,30,170,300,"15, Place du 08 mai",,,Nuit avec éclairage non allumé,En agglomération,Hors intersection,Normale,Autre collision,,,,,,,,,,,4,2,1,1,6
200700014155,0007-03-03 10:40:00,7,3,3,10,40,170,300,"38, CHAUDRIER   RUE",,,Plein jour,En agglomération,Hors intersection,Normale,Autre collision,,,,,,,,,,,1,2,1,1,6
200700014156,0007-03-03 15:15:00,7,3,3,15,15,170,300,BLANCHARD   RUE JEAN-PIE,,,Plein jour,En agglomération,Hors intersection,Normale,Deux véhicules - côté,,,,,,,,,,,1,2,1,1,3
200700014157,0007-03-04 21:45:00,7,3,4,21,45,170,300,JOFFRE   BOULEVARD (27/7,,,Nuit avec éclairage allumé,En agglomération,Hors intersection,Pluie légère,Deux véhicules - frontale,,,,,,,,,,,5,2,1,2,1
200700014158,0007-03-07 08:15:00,7,3,7,8,15,170,274,"0001, VIVIER   RUE DU",,,Plein jour,En agglomération,Intersection en X,Pluie légère,Deux véhicules - côté,,,,,,,,,,,1,2,2,2,3
200700014159,0007-03-08 08:10:00,7,3,8,8,10,170,300,COUNEAU   RUE EMILE,,,Plein jour,En agglomération,Hors intersection,Normale,Deux véhicules - arrière,,,,,,,,,,,1,2,1,1,2
200700014160,0007-03-09 18:47:00,7,3,9,18,47,170,300,MOULIN   PONT JEAN,,,Plein jour,En agglomération,Hors intersection,Normale,Autre collision,,,,,,,,,,,1,2,1,1,6
200700014161,0007-03-10 10:49:00,7,3,10,10,49,170,300,"1, THIERS   RUE",,,Plein jour,En agglomération,Hors intersection,Normale,Sans collision,,,,,,,,,,,1,2,1,1,7
200700014162,0007-03-10 13:00:00,7,3,10,13,0,170,300,"167, GUITON   AVENUE JEA",,,Plein jour,En agglomération,Hors intersection,Normale,Deux véhicules - arrière,,,,,,,,,,,1,2,1,1,2