accident_id,datetime,annee,mois,jour,heure,minute,departement,commune_insee,adresse,latitude,longitude,luminosite,agglomeration,intersection,meteo,collision,nb_vehicules,nb_usagers,nb_indemnes,nb_tues,nb_blesses_hosp,nb_blesses_legers,age_cond_1,age_cond_2,veh_type_cond_1,veh_type_cond_2,lum_code,agg_code,int_code,atm_code,col_code
200700014163,0007-03-13 19:15:00,7,3,13,19,15,170,300,"10, ORBIGNY   RUE ALCIDE",,,Plein jour,En agglomération,Hors intersection,Normale,Autre collision,,,,,,,,,,,1,2,1,1,6
200700014164,0007-03-14 13:59:00,7,3,14,13,59,170,300,"34, SIMENON   QUAI GEORG",,,Plein jour,En agglomération,Hors intersection,Normale,Deux véhicules - côté,,,,,,,,,,,1,2,1,1,3
200700014165,0007-03-14 16:50:00,7,3,14,16,50,170,300,"63, GRASSET   AVENUE EDM",,,Plein jour,En agglomération,Hors intersection,Normale,Deux véhicules - côté,,,,,,,,,,,1,2,1,1,3
200700014166,0007-03-17 11:35:00,7,3,17,11,35,170,300,"1, POINCARE   AVENUE RAY",,,Plein jour,En agglomération,Hors intersection,Normale,Sans collision,,,,,,,,,,,1,2,1,1,7
200700014167,0007-03-17 12:50:00,7,3,17,12,50,170,300,huguenotte,,,Plein jour,En agglomération,Intersection en X,Normale,Deux véhicules - côté,,,,,,,,,,,1,2,2,1,3
200700014168,0007-03-19 07:20:00,7,3,19,7,20,170,300,"01, DUPATY   RUE",,,Plein jour,En agglomération,Intersection en T,Pluie légère,Sans collision,,,,,,,,,,,1,2,3,2,7
200700014169,0007-03-19 15:45:00,7,3,19,15,45,170,28,GRASSET   AVENUE EDMOND,,,Plein jour,En agglomération,Hors intersection,Normale,Autre collision,,,,,,,,,,,1,2,1,1,6
200700014170,0007-03-22 09:53:00,7,3,22,9,53,170,291,QUATORZE JUILLET   RUE D,,,Plein jour,Hors agglomération,Hors intersection,Normale,Sans collision,,,,,,,,,,,1,1,1,1,7
200700014171,0007-03-30 12:55:00,7,3,30,12,55,170,300,"0001, CHEF DE BAIE   RUE",,,Plein jour,En agglomération,Hors intersection,Normale,Sans collision,,,,,,,,,,,1,2,1,1,7
200700014172,0007-03-24 18:45:00,7,3,24,18,45,170,274,SAINT-ROGATIEN   RUE DE,,,Plein jour,En agglomération,Hors intersection,Normale,Sans collision,,,,,,,,,,,1,2,1,1,7
200700014173,0007-03-29 17:10:00,7,3,29,17,10,170,300,CRAPAUDIERES   AVENUE DE,,,Plein jour,En agglomération,Hors intersection,Normale,Autre collision,,,,,,,,,,,1,2,1,1,6
200700014174,0007-03-30 11:45:00,7,3,30,11,45,170,28,GAULLE   AVENUE DU GENER,,,Plein jour,Hors agglomération,Intersection en X,Normale,Deux véhicules - côté,,,,,,,,,,,1,1,2,1,3
200700014175,0007-03-30 13:00:00,7,3,30,13,0,170,274,"001, LUMIERE   AVENUE LO",,,Plein jour,En agglomération,Giratoire,Normale,Deux véhicules - côté,,,,,,,,,,,1,2,6,1,3
200700014176,0007-03-17 10:10:00,7,3,17,10,10,170,306,"0, PONTAILLAC (DE) (AVEN",,,Plein jour,En agglomération,Hors intersection,Normale,Autre collision,,,,,,,,,,,1,2,1,1,6
200700014177,0007-03-21 09:00:00,7,3,21,9,0,170,306,"0, EXPRESS (VOIE)",,,Plein jour,En agglomération,Hors intersection,Normale,Deux véhicules - côté,,,,,,,,,,,1,2,1,1,3
200700014178,0007-03-21 09:47:00,7,3,21,9,47,170,306,"11, EUROPE (COURS DE L')",,,Plein jour,En agglomération,Hors intersection,Normale,Autre collision,,,,,,,,,,,1,2,1,1,6
200700014179,0007-03-29 18:05:00,7,3,29,18,5,170,333,"0, JUIN (AVENUE MARECHAL",,,Plein jour,En agglomération,Hors intersection,Normale,Autre collision,,,,,,,,,,,1,2,1,1,6
200700014180,0007-03-09 14:55:00,7,3,9,14,55,170,415,JOURDAN AVENUE,,,Plein jour,En agglomération,Intersection en X,Normale,Deux véhicules - côté,,,,,,,,,,,1,2,2,1,3
200700014181,0007-03-14 13:50:00,7,3,14,13,50,170,415,SAINTONGE PONT A RUE GAU,,,Plein jour,En agglomération,Giratoire,Normale,Deux véhicules - côté,,,,,,,,,,,1,2,6,1,3
200700014182,0007-03-23 08:15:00,7,3,23,8,15,170,415,ALLENDE AV. DU PRESIDENT,,,Plein jour,En agglomération,Intersection en X,Pluie légère,Deux véhicules - arrière,,,,,,,,,,,1,2,2,2,2
200700014183,0007-03-26 14:55:00,7,3,26,14,55,170,415,BRIGADE RAC ROND POINT,,,Plein jour,En agglomération,Giratoire,Normale,Deux véhicules - côté,,,,,,,,,,,1,2,6,1,3
200700014184,0007-03-02 06:20:00,7,3,2,6,20,180,33,DE GAULLE (AV DU GENERAL,,,Nuit avec éclairage allumé,En agglomération,Hors intersection,Pluie légère,Deux véhicules - frontale,,,,,,,,,,,5,2,1,2,1
200700014185,0007-03-09 16:55:00,7,3,9,16,55,180,50,"sans, BELGIQUE (AVENUE D",,,Plein jour,En agglomération,Intersection en X,Pluie légère,Deux véhicules - côté,,,,,,,,,,,1,2,2,2,3
200700014186,0007-03-11 02:20:00,7,3,11,2,20,180,33,"109, PROSPECTIVE (AVENUE",,,Nuit avec éclairage allumé,En agglomération,Autre intersection,Normale,Sans collision,,,,,,,,,,,5,2,9,1,7
200700014187,0007-03-09 20:10:00,7,3,9,20,10,180,213,"sans, CHARITE (ROUTE DE",,,Nuit avec éclairage allumé,En agglomération,Hors intersection,Pluie légère,Autre collision,,,,,,,,,,,5,2,1,2,6
200700014188,0007-03-12 16:30:00,7,3,12,16,30,180,33,"130, SAINT-AMAND (AVENUE",,,Plein jour,En agglomération,Hors intersection,Normale,Deux véhicules - arrière,,,,,,,,,,,1,2,1,1,2
200700014189,0007-03-11 15:20:00,7,3,11,15,20,180,255,CESAR (CHAUSSEE DE),,,Plein jour,Hors agglomération,Hors intersection,Normale,Deux véhicules - côté,,,,,,,,,,,1,1,1,1,3
200700014190,0007-03-16 06:50:00,7,3,16,6,50,180,33,"sSANS, SAINT-AMAND (AVEN",,,Crépuscule ou aube,En agglomération,Intersection en X,Normale,Deux véhicules - frontale,,,,,,,,,,,2,2,2,1,1
200700014191,0007-03-17 04:27:00,7,3,17,4,27,180,33,"SANS, SEMARD (AVENUE PIE",,,Nuit avec éclairage allumé,En agglomération,Intersection en T,Normale,Sans collision,,,,,,,,,,,5,2,3,1,7
200700014192,0007-03-18 15:30:00,7,3,18,15,30,180,205,"sans, ORLEANS (ROUTE D')",,,Plein jour,Hors agglomération,Intersection en X,Pluie légère,Deux véhicules - côté,,,,,,,,,,,1,1,2,2,3
200700014193,0007-03-20 07:50:00,7,3,20,7,50,180,33,CUVIER (RUE),,,Plein jour,En agglomération,Intersection en X,Normale,Deux véhicules - côté,,,,,,,,,,,1,2,2,1,3
200700014194,0007-03-23 04:30:00,7,3,23,4,30,180,33,"2, LYAUTEY (AVENUE DU MA",,,Nuit avec éclairage allumé,En agglomération,Hors intersection,Normale,Autre collision,,,,,,,,,,,5,2,1,1,6
200700014195,0007-03-25 15:30:00,7,3,25,15,30,180,50,"SANS, MONET (RUE JEAN)",,,Plein jour,En agglomération,Hors intersection,Normale,Autre collision,,,,,,,,,,,1,2,1,1,6
200700014196,0007-03-26 08:30:00,7,3,26,8,30,180,33,"36, BARBES (RUE)",,,Plein jour,En agglomération,Hors intersection,Normale,Autre collision,,,,,,,,,,,1,2,1,1,6
200700014197,0007-03-31 14:30:00,7,3,31,14,30,180,33,"SANS, PRES-LE-ROI (AVENU",,,Plein jour,En agglomération,Hors intersection,Normale,Deux véhicules - côté,,,,,,,,,,,1,2,1,1,3
200700014198,0007-03-09 07:55:00,7,3,9,7,55,180,279,"0, VAILLANT (AVENUE EDOU",,,Plein jour,En agglomération,Intersection en T,Normale,Deux véhicules - côté,,,,,,,,,,,1,2,3,1,3
200700014199,0007-03-26 16:15:00,7,3,26,16,15,180,279,"15, BRISSON APRES PONT S",,,Plein jour,En agglomération,Hors intersection,Normale,Deux véhicules - côté,,,,,,,,,,,1,2,1,1,3
200700014200,0007-03-02 15:00:00,7,3,2,15,0,190,31,"40, ALVITRE (AVENUE ABBE",,,Plein jour,En agglomération,Hors intersection,Pluie légère,Deux véhicules - côté,,,,,,,,,,,1,2,1,2,3
200700014201,0007-03-02 14:40:00,7,3,2,14,40,190,31,"85 ter, ALVITRE (AVENUE",,,Plein jour,En agglomération,Hors intersection,Pluie forte,Deux véhicules - arrière,,,,,,,,,,,1,2,1,3,2
200700014202,0007-03-02 18:00:00,7,3,2,18,0,190,31,"""MOULIN (BOULEVARD JEAN)",,,Crépuscule ou aube,Hors agglomération,Hors intersection,Pluie légère,Autre collision,,,,,,,,,,,2,1,1,2,6
200700014203,0007-03-04 02:25:00,7,3,4,2,25,190,31,"111, COURTELINE (RUE)",,,Nuit avec éclairage allumé,En agglomération,Hors intersection,Normale,Autre collision,,,,,,,,,,,5,2,1,1,6
200700014204,0007-03-06 19:25:00,7,3,6,19,25,190,31,"170, RIBOT (AVENUE)",,,Nuit avec éclairage allumé,En agglomération,Intersection en T,Pluie forte,Deux véhicules - côté,,,,,,,,,,,5,2,3,3,3
200700014205,0007-03-09 16:40:00,7,3,9,16,40,190,31,"129, POMPIDOU (AVENUE GE",,,Plein jour,En agglomération,Hors intersection,Pluie légère,Deux véhicules - côté,,,,,,,,,,,1,2,1,2,3
200700014206,0007-03-10 16:40:00,7,3,10,16,40,190,31,"158, RIBOT (AVENUE)",,,Plein jour,En agglomération,Hors intersection,Normale,Deux véhicules - côté,,,,,,,,,,,1,2,1,1,3
200700014207,0007-03-13 17:50:00,7,3,13,17,50,190,31,ALSACE LORRAINE (AVENUE),,,Plein jour,En agglomération,Hors intersection,Normale,Deux véhicules - arrière,,,,,,,,,,,1,2,1,1,2
200700014208,0007-03-14 19:10:00,7,3,14,19,10,190,31,MICHELET (AVENUE EDMOND),,,Crépuscule ou aube,Hors agglomération,Hors intersection,Normale,Sans collision,,,,,,,,,,,2,1,1,1,7
200700014209,0007-03-22 11:35:00,7,3,22,11,35,190,272,"11, CLEMENT SIMON (PLACE",,,Plein jour,En agglomération,Hors intersection,Normale,Sans collision,,,,,,,,,,,1,2,1,1,7
200700014210,0007-03-29 12:15:00,7,3,29,12,15,190,272,GEORGES CLEMENCEAU (BD),,,Plein jour,En agglomération,Intersection en T,Temps couvert,Deux véhicules - côté,,,,,,,,,,,1,2,3,8,3
200700014211,0007-03-10 11:30:00,7,3,10,11,30,190,275,"33, CARNOT (AVENUE) N° I",,,Plein jour,En agglomération,Autre intersection,Normale,Deux véhicules - côté,,,,,,,,,,,1,2,9,1,3
200700014212,0007-03-10 22:45:00,7,3,10,22,45,210,54,"face au 20, JOFFRE (BOUL",,,Nuit avec éclairage allumé,En agglomération,Intersection en X,Normale,Autre collision,,,,,,,,,,,5,2,2,1,6
200700014213,0007-03-01 19:27:00,7,3,1,19,27,210,231,GEORGES POMPIDOU (VOIE),,,Nuit avec éclairage allumé,En agglomération,Hors intersection,Temps couvert,Deux véhicules - arrière,,,,,,,,,,,5,2,1,8,2
200700014214,0007-03-01 07:46:00,7,3,1,7,46,210,231,"99, BOURROCHES (DES) (BO",,,Plein jour,En agglomération,Hors intersection,Pluie forte,Deux véhicules - côté,,,,,,,,,,,1,2,1,3,3
200700014215,0007-03-02 11:15:00,7,3,2,11,15,210,231,LONGEPIERRE (RUE),,,Plein jour,En agglomération,Intersection en X,Normale,Deux véhicules - côté,,,,,,,,,,,1,2,2,1,3
200700014216,0007-03-04 02:42:00,7,3,4,2,42,210,231,VOLTAIRE (BOULEVARD),,,Nuit avec éclairage allumé,En agglomération,Intersection en X,Normale,Deux véhicules - arrière,,,,,,,,,,,5,2,2,1,2
200700014217,0007-03-05 16:57:00,7,3,5,16,57,210,231,ARDENNES (DES) (RUE),,,Plein jour,En agglomération,Intersection en T,Normale,Deux véhicules - côté,,,,,,,,,,,1,2,3,1,3
200700014218,0007-03-05 22:22:00,7,3,5,22,22,210,355,DIJON (DE) (ROUTE),,,Nuit avec éclairage allumé,En agglomération,Intersection en Y,Normale,Autre collision,,,,,,,,,,,5,2,4,1,6
200700014219,0007-03-06 13:26:00,7,3,6,13,26,210,231,"20, AUDRA (RUE)",,,Plein jour,En agglomération,Hors intersection,Normale,Autre collision,,,,,,,,,,,1,2,1,1,6
200700014220,0007-03-11 18:40:00,7,3,11,18,40,210,231,"33, OUEST (DE L') (BOULE",,,Plein jour,En agglomération,Intersection en T,Normale,Deux véhicules - arrière,,,,,,,,,,,1,2,3,1,2
200700014221,0007-03-12 07:08:00,7,3,12,7,8,210,278,HENRI GERARD (RUE),,,Plein jour,En agglomération,Intersection en T,Normale,Deux véhicules - côté,,,,,,,,,,,1,2,3,1,3
200700014222,0007-03-12 09:10:00,7,3,12,9,10,210,231,NATION (DE LA) (ROND POI,,,Plein jour,En agglomération,Giratoire,Normale,Deux véhicules - côté,,,,,,,,,,,1,2,6,1,3
200700014223,0007-03-13 14:00:00,7,3,13,14,0,210,231,"64, JEANNIN (RUE)",,,Plein jour,En agglomération,Autre intersection,Normale,Autre collision,,,,,,,,,,,1,2,9,1,6
200700014224,0007-03-13 17:11:00,7,3,13,17,11,210,231,ALBERT PREMIER (AVENUE),,,Plein jour,En agglomération,Intersection en Y,Normale,Deux véhicules - côté,,,,,,,,,,,1,2,4,1,3
200700014225,0007-03-13 20:11:00,7,3,13,20,11,210,231,"7, BROSSES (DE) (BOULEVA",,,Crépuscule ou aube,En agglomération,Hors intersection,Normale,Deux véhicules - arrière,,,,,,,,,,,2,2,1,1,2
200700014226,0007-03-14 14:11:00,7,3,14,14,11,210,231,MIRANDE (DE) (RUE),,,Plein jour,En agglomération,Intersection en X,Normale,Deux véhicules - côté,,,,,,,,,,,1,2,2,1,3
200700014227,0007-03-14 17:20:00,7,3,14,17,20,210,231,GUSTAVE EIFFEL (AVENUE),,,Plein jour,En agglomération,Intersection en X,Normale,Deux véhicules - côté,,,,,,,,,,,1,2,2,1,3
200700014228,0007-03-14 18:17:00,7,3,14,18,17,210,231,"1, CHANOINE KIR (BOULEVA",,,Plein jour,En agglomération,Hors intersection,Normale,Autre collision,,,,,,,,,,,1,2,1,1,6
200700014229,0007-03-16 21:00:00,7,3,16,21,0,210,231,JEAN JAURES (AVENUE),,,Nuit avec éclairage allumé,En agglomération,Intersection en X,Normale,Autre collision,,,,,,,,,,,5,2,2,1,6
200700014230,0007-03-19 13:53:00,7,3,19,13,53,210,231,"0, SULLY  (RUE)",,,Plein jour,En agglomération,Hors intersection,Normale,Trois véhicules et plus - en chaîne,,,,,,,,,,,1,2,1,1,4
200700014231,0007-03-22 19:14:00,7,3,22,19,14,210,231,EUROPE (DE L') (ROND POI,,,Crépuscule ou aube,En agglomération,Hors intersection,Pluie légère,Deux véhicules - arrière,,,,,,,,,,,2,2,1,2,2
200700014232,0007-03-24 16:39:00,7,3,24,16,39,210,166,122 A (CD),,,Plein jour,En agglomération,Hors intersection,Temps couvert,Trois véhicules et plus - en chaîne,,,,,,,,,,,1,2,1,8,4
200700014233,0007-03-25 18:06:00,7,3,25,18,6,210,231,"151, LONGVIC (DE) (RUE)",,,Plein jour,En agglomération,Hors intersection,Normale,Trois véhicules et plus - en chaîne,,,,,,,,,,,1,2,1,1,4
200700014234,0007-03-25 18:45:00,7,3,25,18,45,210,231,GRESILLES (DES) (AVENUE),,,Plein jour,En agglomération,Intersection en T,Normale,Deux véhicules - frontale,,,,,,,,,,,1,2,3,1,1
200700014235,0007-03-26 18:22:00,7,3,26,18,22,210,231,"33, TRANSVAAL (DU) (RUE)",,,Plein jour,En agglomération,Hors intersection,Temps éblouissant,Autre collision,,,,,,,,,,,1,2,1,7,6
200700014236,0007-03-28 12:12:00,7,3,28,12,12,210,231,"60, MIRANDE (DE) (RUE)",,,Plein jour,En agglomération,Intersection en T,Normale,Deux véhicules - arrière,,,,,,,,,,,1,2,3,1,2
200700014237,0007-03-28 18:56:00,7,3,28,18,56,210,231,"65, VICTOR HUGO (AVENUE)",,,Plein jour,En agglomération,Hors intersection,Normale,Deux véhicules - arrière,,,,,,,,,,,1,2,1,1,2
200700014238,0007-03-29 14:26:00,7,3,29,14,26,210,166,PALISSY (BERNARD) (BOULE,,,Plein jour,En agglomération,Intersection en X,Pluie légère,Trois véhicules et plus - en chaîne,,,,,,,,,,,1,2,2,2,4
200700014239,0007-03-30 12:15:00,7,3,30,12,15,210,166,"13, EDOUARD HERRIOT (RUE",,,Plein jour,En agglomération,Hors intersection,Normale,Autre collision,,,,,,,,,,,1,2,1,1,6
200700014240,0007-03-30 14:10:00,7,3,30,14,10,210,231,CHAMPOLLION (AVENUE),,,Plein jour,En agglomération,Intersection en T,Pluie légère,Deux véhicules - arrière,,,,,,,,,,,1,2,3,2,2
200700014241,0007-03-30 11:55:00,7,3,30,11,55,210,231,JEAN JAURES (AVENUE),,,Plein jour,En agglomération,Intersection en X,Normale,Deux véhicules - arrière,,,,,,,,,,,1,2,2,1,2
200700014242,0007-03-30 15:47:00,7,3,30,15,47,210,231,"78, AUXONNE (D') (RUE)",,,Plein jour,En agglomération,Intersection en T,Pluie légère,Autre collision,,,,,,,,,,,1,2,3,2,6
200700014243,0007-03-30 21:15:00,7,3,30,21,15,210,231,MARTYRS DE LA RESISTANCE,,,Nuit avec éclairage allumé,En agglomération,Intersection en T,Normale,Deux véhicules - frontale,,,,,,,,,,,5,2,3,1,1
200700014244,0007-03-08 12:20:00,7,3,8,12,20,220,50,"6, GAMBETTA (RUE)",,,Plein jour,En agglomération,Hors intersection,Normale,Deux véhicules - arrière,,,,,,,,,,,1,2,1,1,2
200700014245,0007-03-28 13:40:00,7,3,28,13,40,220,50,THIERS (RUE),,,Plein jour,En agglomération,Hors intersection,Normale,Deux véhicules - arrière,,,,,,,,,,,1,2,1,1,2
200700014246,0007-03-04 15:34:00,7,3,4,15,34,220,113,"21, GENERAL DE GAULLE (A",,,Plein jour,En agglomération,Hors intersection,Normale,Deux véhicules - arrière,,,,,,,,,,,1,2,1,1,2
200700014247,0007-03-20 14:00:00,7,3,20,14,0,220,113,TREGUIER (ROUTE DE),,,Plein jour,Hors agglomération,Hors intersection,Temps couvert,Deux véhicules - frontale,,,,,,,,,,,1,1,1,8,1
200700014248,0007-03-06 12:05:00,7,3,6,12,5,220,215,"0, CALVAIRE (RUE DU)",,,Plein jour,En agglomération,Hors intersection,Normale,Autre collision,,,,,,,,,,,1,2,1,1,6
200700014249,0007-03-10 14:45:00,7,3,10,14,45,220,278,"12, VERCEL (ROGER)",,,Plein jour,En agglomération,Intersection en T,Normale,Autre collision,,,,,,,,,,,1,2,3,1,6
200700014250,0007-03-11 16:10:00,7,3,11,16,10,220,278,", ROBIEN",,,Plein jour,En agglomération,Hors intersection,Normale,Sans collision,,,,,,,,,,,1,2,1,1,7
200700014251,0007-03-14 15:15:00,7,3,14,15,15,220,278,"14, NOTRE-DAME",,,Plein jour,En agglomération,Hors intersection,Normale,Deux véhicules - côté,,,,,,,,,,,1,2,1,1,3
200700014252,0007-03-03 14:00:00,7,3,3,14,0,220,278,"0, VILLE-HELLIO (DE LA)",,,Plein jour,En agglomération,Giratoire,Normale,Deux véhicules - arrière,,,,,,,,,,,1,2,6,1,2
200700014253,0007-03-09 08:05:00,7,3,9,8,5,220,278,"0, CHAPTAL",,,Plein jour,En agglomération,Hors intersection,Normale,Deux véhicules - côté,,,,,,,,,,,1,2,1,1,3
200700014254,0007-03-17 07:50:00,7,3,17,7,50,220,215,"2, VERGER (RUE DU)",,,Plein jour,En agglomération,Hors intersection,Normale,Sans collision,,,,,,,,,,,1,2,1,1,7
200700014255,0007-03-21 17:25:00,7,3,21,17,25,220,360,"90, MONCONTOUR (RUE DE)",,,Plein jour,Hors agglomération,Hors intersection,Normale,Trois véhicules et plus - en chaîne,,,,,,,,,,,1,1,1,1,4
200700014256,0007-03-24 14:15:00,7,3,24,14,15,220,278,"0, FOCH",,,Plein jour,En agglomération,Hors intersection,Normale,Deux véhicules - arrière,,,,,,,,,,,1,2,1,1,2
200700014257,0007-03-27 16:00:00,7,3,27,16,0,220,215,"39, PENTHIEVRE (RUE DE)",,,Plein jour,En agglomération,Hors intersection,Normale,Sans collision,,,,,,,,,,,1,2,1,1,7
200700014258,0007-03-28 08:45:00,7,3,28,8,45,220,278,BAGOT,,,Plein jour,En agglomération,Hors intersection,Normale,Deux véhicules - côté,,,,,,,,,,,1,2,1,1,3
200700014259,0007-03-29 12:15:00,7,3,29,12,15,220,215,"0, CHATELETS (IMPASSE DE",,,Plein jour,Hors agglomération,Hors intersection,Normale,Deux véhicules - côté,,,,,,,,,,,1,1,1,1,3
200700014260,0007-03-29 12:40:00,7,3,29,12,40,220,215,"0, ARGOAT (RUE D')",,,Plein jour,En agglomération,Hors intersection,Normale,Autre collision,,,,,,,,,,,1,2,1,1,6
200700014261,0007-03-09 12:25:00,7,3,9,12,25,230,96,ALLENDE (RUE SALVADORE),,,Plein jour,En agglomération,Intersection en T,Temps couvert,Deux véhicules - côté,,,,,,,,,,,1,2,3,8,3
200700014262,0007-03-16 17:03:00,7,3,16,17,3,230,96,MANOUVRIER (AVENUE),,,Plein jour,En agglomération,Intersection en X,Normale,Autre collision,,,,,,,,,,,1,2,2,1,6
200700014263,0007-03-17 20:30:00,7,3,17,20,30,230,96,"10, ROOSEVELT (AVENUE FR",,,Nuit avec éclairage allumé,En agglomération,Intersection en Y,Pluie légère,Deux véhicules - côté,,,,,,,,,,,5,2,4,2,3
200700014264,0007-03-01 19:20:00,7,3,1,19,20,240,37,RD 936,,,Nuit avec éclairage allumé,En agglomération,Giratoire,Normale,Deux véhicules - côté,,,,,,,,,,,5,2,6,1,3
200700014265,0007-03-06 17:50:00,7,3,6,17,50,240,37,RD13,,,Plein jour,En agglomération,Intersection en T,Pluie légère,Trois véhicules et plus - collisions multiples,,,,,,,,,,,1,2,3,2,5
200700014266,0007-03-14 15:30:00,7,3,14,15,30,240,37,"5, BERGGREN (RUE)",,,Plein jour,En agglomération,Hors intersection,Normale,Sans collision,,,,,,,,,,,1,2,1,1,7
200700014267,0007-03-14 21:50:00,7,3,14,21,50,240,37,RD 19,,,Nuit sans éclairage public,En agglomération,Hors intersection,Normale,Deux véhicules - frontale,,,,,,,,,,,3,2,1,1,1
200700014268,0007-03-21 07:55:00,7,3,21,7,55,240,37,RD 32,,,Plein jour,En agglomération,Hors intersection,Normale,Deux véhicules - côté,,,,,,,,,,,1,2,1,1,3
200700014269,0007-03-27 10:30:00,7,3,27,10,30,240,37,"1, LECONTE DE L'ISLE (RU",,,Plein jour,En agglomération,Intersection en T,Normale,Deux véhicules - côté,,,,,,,,,,,1,2,3,1,3
200700014270,0007-03-28 11:20:00,7,3,28,11,20,240,37,"18, MARCHE COUVERT (PLAC",,,Plein jour,En agglomération,Hors intersection,Normale,Autre collision,,,,,,,,,,,1,2,1,1,6
200700014271,0007-03-28 11:40:00,7,3,28,11,40,240,37,"22, CYRANO (RUE)",,,Plein jour,En agglomération,Hors intersection,Normale,Autre collision,,,,,,,,,,,1,2,1,1,6
200700014272,0007-03-30 22:00:00,7,3,30,22,0,240,37,", LECONTE DE L'ISLE (RUE",,,Nuit avec éclairage non allumé,En agglomération,Intersection en X,Normale,Deux véhicules - côté,,,,,,,,,,,4,2,2,1,3
200700014273,0007-03-02 12:40:00,7,3,2,12,40,240,312,LES FARGES DU PIC (LIEU,,,Plein jour,Hors agglomération,Hors intersection,Pluie légère,Deux véhicules - côté,,,,,,,,,,,1,1,1,2,3
200700014274,0007-03-02 17:00:00,7,3,2,17,0,240,138,CHENES (ALLEE),,,Plein jour,Hors agglomération,Hors intersection,Pluie légère,Autre collision,,,,,,,,,,,1,1,1,2,6
200700014275,0007-03-06 13:24:00,7,3,6,13,24,240,322,"00, BLANC (RUE  LOUIS)",,,Plein jour,En agglomération,Intersection en X,Normale,Autre collision,,,,,,,,,,,1,2,2,1,6
200700014276,0007-03-07 17:39:00,7,3,7,17,39,240,322,"00, REMPARTS (RUE DES)",,,Plein jour,En agglomération,Intersection en T,Autre,Autre collision,,,,,,,,,,,1,2,3,9,6
200700014277,0007-03-08 17:23:00,7,3,8,17,23,240,557,"00, GRANDOU (AVENUE MICH",,,Plein jour,Hors agglomération,Intersection en T,Normale,Autre collision,,,,,,,,,,,1,1,3,1,6
200700014278,0007-03-11 17:46:00,7,3,11,17,46,240,557,"116, GRANDOU (AVENUE MIC",,,Plein jour,En agglomération,Hors intersection,Normale,Autre collision,,,,,,,,,,,1,2,1,1,6
200700014279,0007-03-20 20:29:00,7,3,20,20,29,240,322,"00, BLANC (RUE  LOUIS)",,,Nuit avec éclairage allumé,En agglomération,Intersection en X,Normale,Autre collision,,,,,,,,,,,5,2,2,1,6
200700014280,0007-03-21 11:54:00,7,3,21,11,54,240,322,"00, DURAND (ROND POINT C",,,Plein jour,En agglomération,Giratoire,Normale,Autre collision,,,,,,,,,,,1,2,6,1,6
200700014281,0007-03-23 15:08:00,7,3,23,15,8,240,557,"00, GRANDOU (AVENUE MICH",,,Plein jour,Hors agglomération,Hors intersection,Normale,Autre collision,,,,,,,,,,,1,1,1,1,6
200700014282,0007-03-31 09:17:00,7,3,31,9,17,240,557,"00, LE MEYRAT (LIEU DIT)",,,Nuit sans éclairage public,En agglomération,Hors intersection,Normale,Autre collision,,,,,,,,,,,3,2,1,1,6
200700014283,0007-03-03 07:48:00,7,3,3,7,48,250,56,"sans, VESOUL RUE DE < 52",,,Plein jour,En agglomération,Intersection en T,Pluie légère,Deux véhicules - côté,,,,,,,,,,,1,2,3,2,3
200700014284,0007-03-05 08:35:00,7,3,5,8,35,250,56,"SANS, CHURCHILL BD WINST",,,Plein jour,En agglomération,Hors intersection,Pluie légère,Deux véhicules - côté,,,,,,,,,,,1,2,1,2,3
200700014285,0007-03-07 15:00:00,7,3,7,15,0,250,56,"sans, VIOLET RUE",,,Plein jour,En agglomération,Hors intersection,Normale,Deux véhicules - côté,,,,,,,,,,,1,2,1,1,3
200700014286,0007-03-08 15:49:00,7,3,8,15,49,250,56,"32, PLANCON RUE GABRIEL",,,Plein jour,En agglomération,Hors intersection,Normale,Deux véhicules - côté,,,,,,,,,,,1,2,1,1,3
200700014287,0007-03-10 15:35:00,7,3,10,15,35,250,56,CHURCHILL BD WINSTON >19,,,Plein jour,En agglomération,Hors intersection,Normale,Trois véhicules et plus - collisions multiples,,,,,,,,,,,1,2,1,1,5
200700014288,0007-03-11 12:50:00,7,3,11,12,50,250,56,"100, BELFORT RUE DE <144",,,Plein jour,En agglomération,Intersection en T,Normale,Deux véhicules - côté,,,,,,,,,,,1,2,3,1,3
200700014289,0007-03-12 08:36:00,7,3,12,8,36,250,56,"4, MONTARMOTS CHEMIN DES",,,Plein jour,En agglomération,Hors intersection,Normale,Deux véhicules - côté,,,,,,,,,,,1,2,1,1,3
200700014290,0007-03-12 21:05:00,7,3,12,21,5,250,56,"SANS, CHURCHILL BD WINST",,,Nuit avec éclairage allumé,En agglomération,Hors intersection,Normale,Deux véhicules - côté,,,,,,,,,,,5,2,1,1,3
200700014291,0007-03-13 11:59:00,7,3,13,11,59,250,56,FAURE AVENUE EDGAR,,,Plein jour,En agglomération,Hors intersection,Normale,Trois véhicules et plus - en chaîne,,,,,,,,,,,1,2,1,1,4
200700014292,0007-03-13 12:49:00,7,3,13,12,49,250,56,"sans, VIEILLE RUE FELIX",,,Plein jour,En agglomération,Intersection en T,Normale,Deux véhicules - côté,,,,,,,,,,,1,2,3,1,3
200700014293,0007-03-13 17:41:00,7,3,13,17,41,250,56,"sans, DOLE RUE DE <82",,,Plein jour,En agglomération,Hors intersection,Normale,Deux véhicules - côté,,,,,,,,,,,1,2,1,1,3
200700014294,0007-03-12 20:05:00,7,3,12,20,5,250,56,"sans, DOLE RUE DE <82",,,Nuit avec éclairage allumé,En agglomération,Hors intersection,Normale,Deux véhicules - côté,,,,,,,,,,,5,2,1,1,3
200700014295,0007-03-15 16:58:00,7,3,15,16,58,250,56,"sans, BOURGOGNE AVENUE D",,,Plein jour,En agglomération,Hors intersection,Normale,Deux véhicules - côté,,,,,,,,,,,1,2,1,1,3