accident_id,datetime,annee,mois,jour,heure,minute,departement,commune_insee,adresse,latitude,longitude,luminosite,agglomeration,intersection,meteo,collision,nb_vehicules,nb_usagers,nb_indemnes,nb_tues,nb_blesses_hosp,nb_blesses_legers,age_cond_1,age_cond_2,veh_type_cond_1,veh_type_cond_2,lum_code,agg_code,int_code,atm_code,col_code
200700014296,0007-03-17 05:50:00,7,3,17,5,50,250,56,"79, CRAS RUE DES",,,Nuit avec éclairage allumé,En agglomération,Hors intersection,Normale,Autre collision,,,,,,,,,,,5,2,1,1,6
200700014297,0007-03-17 14:20:00,7,3,17,14,20,250,56,GAULARD AVENUE < 14,,,Plein jour,En agglomération,Intersection en X,Normale,Deux véhicules - côté,,,,,,,,,,,1,2,2,1,3
200700014298,0007-03-14 12:20:00,7,3,14,12,20,250,56,"sans, LAGRANGE  AVENUE L",,,Plein jour,En agglomération,Hors intersection,Normale,Autre collision,,,,,,,,,,,1,2,1,1,6
200700014299,0007-03-21 15:12:00,7,3,21,15,12,250,56,"sans, LECLERC   PLACE MA",,,Plein jour,En agglomération,Hors intersection,Normale,Deux véhicules - côté,,,,,,,,,,,1,2,1,1,3
200700014300,0007-03-25 11:58:00,7,3,25,11,58,250,56,"2, ILE DE FRANCE AVENUE",,,Plein jour,En agglomération,Hors intersection,Normale,Autre collision,,,,,,,,,,,1,2,1,1,6
200700014301,0007-03-26 12:13:00,7,3,26,12,13,250,56,"sans, GAULARD AVENUE < 1",,,Plein jour,En agglomération,Hors intersection,Normale,Deux véhicules - arrière,,,,,,,,,,,1,2,1,1,2
200700014302,0007-03-28 17:00:00,7,3,28,17,0,250,56,"1, CONVENTION RUE DE LA",,,Plein jour,En agglomération,Intersection en T,Normale,Deux véhicules - côté,,,,,,,,,,,1,2,3,1,3
200700014303,0007-03-29 12:09:00,7,3,29,12,9,250,56,"115, BATTANT RUE",,,Plein jour,En agglomération,Hors intersection,Normale,Autre collision,,,,,,,,,,,1,2,1,1,6
200700014304,0007-03-29 21:00:00,7,3,29,21,0,250,56,"NEANT, GRAY ROUTE DE",,,Nuit sans éclairage public,Hors agglomération,Hors intersection,Normale,Autre collision,,,,,,,,,,,3,1,1,1,6
200700014305,0007-03-30 17:22:00,7,3,30,17,22,250,56,"sans, RN 1057 (ROUTE DE",,,Plein jour,En agglomération,Hors intersection,Neige / grêle,Autre collision,,,,,,,,,,,1,2,1,4,6
200700014306,0007-03-30 18:10:00,7,3,30,18,10,250,56,"sans, CUSENIER AVENUE EL",,,Plein jour,En agglomération,Hors intersection,Neige / grêle,Deux véhicules - frontale,,,,,,,,,,,1,2,1,4,1
200700014307,0007-03-16 15:23:00,7,3,16,15,23,260,198,"08, LOUBET (RUE EMILE)",,,Plein jour,En agglomération,Hors intersection,Normale,Autre collision,,,,,,,,,,,1,2,1,1,6
200700014308,0007-03-16 14:35:00,7,3,16,14,35,260,198,"24, LOUBET (RUE PAUL)",,,Plein jour,En agglomération,Hors intersection,Normale,Deux véhicules - arrière,,,,,,,,,,,1,2,1,1,2
200700014309,0007-03-18 02:20:00,7,3,18,2,20,260,198,"sans N°, MARSEILLE (ROUT",,,Nuit avec éclairage allumé,Hors agglomération,Giratoire,Normale,Deux véhicules - arrière,,,,,,,,,,,5,1,6,1,2
200700014310,0007-03-16 08:55:00,7,3,16,8,55,260,198,"02, THEATRE (PLACE DU)",,,Plein jour,En agglomération,Hors intersection,Normale,Autre collision,,,,,,,,,,,1,2,1,1,6
200700014311,0007-03-02 12:05:00,7,3,2,12,5,260,281,MOULIN JEAN (AVENUE),,,Plein jour,En agglomération,Intersection en T,Normale,Autre collision,,,,,,,,,,,1,2,3,1,6
200700014312,0007-03-02 17:45:00,7,3,2,17,45,260,281,"Neant, PARMENTIER (RUE)",,,Plein jour,En agglomération,Hors intersection,Normale,Sans collision,,,,,,,,,,,1,2,1,1,7
200700014313,0007-03-07 10:30:00,7,3,7,10,30,260,281,RD N°532 (DIRECTION TAIN,,,Plein jour,Hors agglomération,Hors intersection,Normale,Autre collision,,,,,,,,,,,1,1,1,1,6
200700014314,0007-03-13 10:00:00,7,3,13,10,0,260,281,"NEANT, ROURE REMY(BOULEV",,,Plein jour,En agglomération,Hors intersection,Normale,Autre collision,,,,,,,,,,,1,2,1,1,6
200700014315,0007-03-17 11:30:00,7,3,17,11,30,260,281,VOLTAIRE (BOULVEVARD),,,Plein jour,En agglomération,Hors intersection,Normale,Autre collision,,,,,,,,,,,1,2,1,1,6
200700014316,0007-03-19 18:20:00,7,3,19,18,20,260,281,ALLOBROGES (PONT DES),,,Nuit avec éclairage allumé,En agglomération,Giratoire,Temps couvert,Autre collision,,,,,,,,,,,5,2,6,8,6
200700014317,0007-03-23 16:55:00,7,3,23,16,55,260,281,ALLOBROGES (AVENUE DES),,,Plein jour,En agglomération,Hors intersection,Normale,Autre collision,,,,,,,,,,,1,2,1,1,6
200700014318,0007-03-27 16:15:00,7,3,27,16,15,260,57,VALLON ANTONIN (RUE),,,Plein jour,En agglomération,Intersection en T,Normale,Autre collision,,,,,,,,,,,1,2,3,1,6
200700014319,0007-03-30 07:10:00,7,3,30,7,10,260,281,"NEANT, DAUPHIN (QUAI)",,,Crépuscule ou aube,En agglomération,Intersection en T,Temps couvert,Autre collision,,,,,,,,,,,2,2,3,8,6
200700014320,0007-03-30 12:10:00,7,3,30,12,10,260,281,"NEANT, BONJOUR (RUE)",,,Plein jour,En agglomération,Intersection en T,Temps couvert,Autre collision,,,,,,,,,,,1,2,3,8,6
200700014321,0007-03-30 16:45:00,7,3,30,16,45,260,281,"Néant, CLERIEUX (RUE DE)",,,Plein jour,En agglomération,Intersection en T,Pluie légère,Deux véhicules - côté,,,,,,,,,,,1,2,3,2,3
200700014322,0007-03-13 17:40:00,7,3,13,17,40,260,362,"face n05, VERDUN AVENUE",,,Plein jour,En agglomération,Hors intersection,Normale,Sans collision,,,,,,,,,,,1,2,1,1,7
200700014323,0007-03-12 18:30:00,7,3,12,18,30,260,362,"sans n, CHABEUIL AVENUE",,,Plein jour,En agglomération,Intersection en T,Normale,Deux véhicules - côté,,,,,,,,,,,1,2,3,1,3
200700014324,0007-03-07 11:05:00,7,3,7,11,5,260,362,"sans n, ROMANS AVENUE DE",,,Plein jour,En agglomération,Intersection en T,Normale,Deux véhicules - côté,,,,,,,,,,,1,2,3,1,3
200700014325,0007-03-18 13:40:00,7,3,18,13,40,260,58,"SANS N, SAPINS ALLEE DES",,,Plein jour,En agglomération,Giratoire,Normale,Deux véhicules - côté,,,,,,,,,,,1,2,6,1,3
200700014326,0007-03-15 15:40:00,7,3,15,15,40,260,362,"sans n°, ETABLES RUE DES",,,Plein jour,Hors agglomération,Hors intersection,Normale,Sans collision,,,,,,,,,,,1,1,1,1,7
200700014327,0007-03-16 21:25:00,7,3,16,21,25,260,362,"sans n, PROVENCE AVENUE",,,Nuit avec éclairage allumé,En agglomération,Hors intersection,Normale,Deux véhicules - côté,,,,,,,,,,,5,2,1,1,3
200700014328,0007-03-19 21:50:00,7,3,19,21,50,260,362,"sans n, FRANKLIN RUE BEN",,,Nuit avec éclairage allumé,En agglomération,Hors intersection,Pluie légère,Sans collision,,,,,,,,,,,5,2,1,2,7
200700014329,0007-03-20 10:05:00,7,3,20,10,5,260,362,"sans n, CHABEUIL AVENUE",,,Plein jour,En agglomération,Hors intersection,Neige / grêle,Trois véhicules et plus - en chaîne,,,,,,,,,,,1,2,1,4,4
200700014330,0007-03-17 12:30:00,7,3,17,12,30,260,362,"SANS N, SAINT SAENS PLAC",,,Plein jour,En agglomération,Hors intersection,Normale,Sans collision,,,,,,,,,,,1,2,1,1,7
200700014331,0007-03-05 14:20:00,7,3,5,14,20,260,58,L.A.C.R.A RN7 (BLV),,,Plein jour,Hors agglomération,Hors intersection,Normale,Autre collision,,,,,,,,,,,1,1,1,1,6
200700014332,0007-03-13 14:55:00,7,3,13,14,55,260,362,"sans n, MONTGOLFIER RUE",,,Plein jour,En agglomération,Intersection en T,Normale,Deux véhicules - côté,,,,,,,,,,,1,2,3,1,3
200700014333,0007-03-02 16:50:00,7,3,2,16,50,260,362,"sans n, BEAUVALLON ROUTE",,,Plein jour,Hors agglomération,Hors intersection,Normale,Sans collision,,,,,,,,,,,1,1,1,1,7
200700014334,0007-03-02 15:40:00,7,3,2,15,40,270,229,"150, SAINT ANDRE (ROUTE",,,Plein jour,En agglomération,Intersection en T,Normale,Deux véhicules - côté,,,,,,,,,,,1,2,3,1,3
200700014335,0007-03-10 18:55:00,7,3,10,18,55,270,229,"38, CHARTRAINE (RUE)",,,Crépuscule ou aube,En agglomération,Hors intersection,Normale,Deux véhicules - arrière,,,,,,,,,,,2,2,1,1,2
200700014336,0007-03-13 11:25:00,7,3,13,11,25,270,229,"1, FOCH (AVENUE DU MAREC",,,Plein jour,En agglomération,Hors intersection,Normale,Sans collision,,,,,,,,,,,1,2,1,1,7
200700014337,0007-03-15 16:45:00,7,3,15,16,45,270,229,"3, FERAY (RUE EDOUARD)",,,Plein jour,En agglomération,Hors intersection,Normale,Autre collision,,,,,,,,,,,1,2,1,1,6
200700014338,0007-03-15 17:05:00,7,3,15,17,5,270,299,"35, BRIAND (AVENUE ARIST",,,Plein jour,En agglomération,Hors intersection,Normale,Deux véhicules - côté,,,,,,,,,,,1,2,1,1,3
200700014339,0007-03-17 23:05:00,7,3,17,23,5,270,229,"16, PASTEUR (BOULEVARD)",,,Nuit avec éclairage allumé,En agglomération,Hors intersection,Normale,Deux véhicules - frontale,,,,,,,,,,,5,2,1,1,1
200700014340,0007-03-24 18:15:00,7,3,24,18,15,270,229,"20, SOUPIRS (ALLEE DES)",,,Crépuscule ou aube,En agglomération,Hors intersection,Normale,Deux véhicules - côté,,,,,,,,,,,2,2,1,1,3
200700014341,0007-03-30 13:55:00,7,3,30,13,55,270,299,"85, BRIAND (AVENUE ARIST",,,Plein jour,En agglomération,Hors intersection,Normale,Deux véhicules - arrière,,,,,,,,,,,1,2,1,1,2
200700014342,0007-03-30 17:50:00,7,3,30,17,50,270,229,"17, SAINT LEGER (RUE DU",,,Plein jour,En agglomération,Hors intersection,Normale,Deux véhicules - côté,,,,,,,,,,,1,2,1,1,3
200700014343,0007-03-19 13:35:00,7,3,19,13,35,270,375,"67, ONZE NOVEMBRE 1918 (",,,Plein jour,En agglomération,Hors intersection,Pluie légère,Deux véhicules - côté,,,,,,,,,,,1,2,1,2,3
200700014344,0007-03-22 01:10:00,7,3,22,1,10,270,528,FALAISES (RUE DES),,,Nuit sans éclairage public,En agglomération,Hors intersection,Normale,Sans collision,,,,,,,,,,,3,2,1,1,7
200700014345,0007-03-26 13:30:00,7,3,26,13,30,270,701,"0, RD6015",,,Plein jour,Hors agglomération,Intersection en Y,Normale,Sans collision,,,,,,,,,,,1,1,4,1,7
200700014346,0007-03-29 01:45:00,7,3,29,1,45,270,701,"0, chemin vécenal lac du",,,Nuit sans éclairage public,Hors agglomération,Hors intersection,Autre,Sans collision,,,,,,,,,,,3,1,1,9,7
200700014347,0007-03-10 16:35:00,7,3,10,16,35,270,681,ROUTE DEPARTEMENTALE 313,,,Plein jour,Hors agglomération,Hors intersection,Normale,Autre collision,,,,,,,,,,,1,1,1,1,6
200700014348,0007-03-10 17:35:00,7,3,10,17,35,270,681,PARIS (AVENUE DE),,,Plein jour,En agglomération,Autre intersection,Normale,Deux véhicules - arrière,,,,,,,,,,,1,2,9,1,2
200700014349,0007-03-20 09:30:00,7,3,20,9,30,270,681,ROUEN (AVENUE DE),,,Plein jour,En agglomération,Hors intersection,Neige / grêle,Autre collision,,,,,,,,,,,1,2,1,4,6
200700014350,0007-03-23 11:00:00,7,3,23,11,0,270,681,DEVOS (BOULEVARD JULIEN),,,Plein jour,En agglomération,Autre intersection,Normale,Deux véhicules - arrière,,,,,,,,,,,1,2,9,1,2
200700014351,0007-03-25 13:00:00,7,3,25,13,0,270,681,PARIS (AVENUE DE),,,Plein jour,En agglomération,Hors intersection,Normale,Trois véhicules et plus - en chaîne,,,,,,,,,,,1,2,1,1,4
200700014352,0007-03-10 16:25:00,7,3,10,16,25,270,681,ROUTE DEPARTEMENTALE 313,,,Plein jour,Hors agglomération,Hors intersection,Normale,Autre collision,,,,,,,,,,,1,1,1,1,6
200700014353,0007-03-13 21:15:00,7,3,13,21,15,270,562,DE GAULLE (BOULEVARD),,,Nuit avec éclairage allumé,En agglomération,Autre intersection,Normale,Autre collision,,,,,,,,,,,5,2,9,1,6
200700014354,0007-03-21 10:35:00,7,3,21,10,35,270,681,"0, ROUEN (AVENUE DE)",,,Plein jour,En agglomération,Hors intersection,Normale,Autre collision,,,,,,,,,,,1,2,1,1,6
200700014355,0007-03-02 17:10:00,7,3,2,17,10,280,218,"sans, REPUBLIQUE (RUE DE",,,Plein jour,En agglomération,Hors intersection,Normale,Deux véhicules - arrière,,,,,,,,,,,1,2,1,1,2
200700014356,0007-03-03 18:20:00,7,3,3,18,20,280,85,"sans, COURTILLE (BOULEVA",,,Crépuscule ou aube,En agglomération,Hors intersection,Normale,Deux véhicules - côté,,,,,,,,,,,2,2,1,1,3
200700014357,0007-03-06 08:50:00,7,3,6,8,50,280,110,"sans, VOVES (RUE DE)",,,Crépuscule ou aube,En agglomération,Hors intersection,Normale,Deux véhicules - arrière,,,,,,,,,,,2,2,1,1,2
200700014358,0007-03-06 16:05:00,7,3,6,16,5,280,218,PASTEUR (RUE LOUIS),,,Plein jour,En agglomération,Hors intersection,Normale,Trois véhicules et plus - collisions multiples,,,,,,,,,,,1,2,1,1,5
200700014359,0007-03-10 15:45:00,7,3,10,15,45,280,220,"54, MAUNOURY (RUE PAUL)",,,Plein jour,En agglomération,Hors intersection,Normale,Deux véhicules - arrière,,,,,,,,,,,1,2,1,1,2
200700014360,0007-03-10 16:30:00,7,3,10,16,30,280,229,"sans, PHILIPPE (AVENUE G",,,Plein jour,En agglomération,Intersection en X,Normale,Autre collision,,,,,,,,,,,1,2,2,1,6
200700014361,0007-03-12 11:50:00,7,3,12,11,50,280,229,"SANS, CHATEAU D'EAU (RUE",,,Plein jour,En agglomération,Hors intersection,Normale,Deux véhicules - arrière,,,,,,,,,,,1,2,1,1,2
200700014362,0007-03-21 17:33:00,7,3,21,17,33,280,209,"75, PAIX (AVENUE DE LA )",,,Plein jour,En agglomération,Hors intersection,Normale,Deux véhicules - côté,,,,,,,,,,,1,2,1,1,3
200700014363,0007-03-23 19:19:00,7,3,23,19,19,280,220,"sans, MAUNOURY (RUE PAUL",,,Nuit avec éclairage allumé,En agglomération,Hors intersection,Normale,Deux véhicules - côté,,,,,,,,,,,5,2,1,1,3
200700014364,0007-03-31 09:37:00,7,3,31,9,37,280,85,HAUTS DE CHARTRES (RUE D,,,Crépuscule ou aube,En agglomération,Intersection en X,Normale,Deux véhicules - côté,,,,,,,,,,,2,2,2,1,3
200700014365,0007-03-26 10:31:00,7,3,26,10,31,280,85,"SANS, MERMOZ (RUE JEAN)",,,Plein jour,En agglomération,Intersection en X,Normale,Deux véhicules - côté,,,,,,,,,,,1,2,2,1,3
200700014366,0007-03-29 07:47:00,7,3,29,7,47,280,85,"SANS, PEGUY (BOULEVARD C",,,Crépuscule ou aube,En agglomération,Hors intersection,Normale,Deux véhicules - côté,,,,,,,,,,,2,2,1,1,3
200700014367,0007-03-31 14:55:00,7,3,31,14,55,280,218,"SANS, LECLERC (RUE DU MA",,,Plein jour,En agglomération,Hors intersection,Normale,Deux véhicules - côté,,,,,,,,,,,1,2,1,1,3
200700014368,0007-03-12 15:00:00,7,3,12,15,0,280,134,RN 12 (LES CHATELETS),,,Plein jour,Hors agglomération,Intersection en Y,Normale,Deux véhicules - côté,,,,,,,,,,,1,1,4,1,3
200700014369,0007-03-16 19:50:00,7,3,16,19,50,280,134,RN 12 (CARREFOUR DELISLE,,,Nuit avec éclairage allumé,Hors agglomération,Intersection en X,Normale,Trois véhicules et plus - en chaîne,,,,,,,,,,,5,1,2,1,4
200700014370,0007-03-18 19:25:00,7,3,18,19,25,280,134,"59, LECLERC (AVENUE DU G",,,Plein jour,En agglomération,Intersection en T,Normale,Deux véhicules - côté,,,,,,,,,,,1,2,3,1,3
200700014371,0007-03-19 23:25:00,7,3,19,23,25,280,134,RN 12 (ARCHE DU GAZON),,,Nuit sans éclairage public,Hors agglomération,Intersection en T,Pluie légère,Deux véhicules - arrière,,,,,,,,,,,3,1,3,2,2
200700014372,0007-03-22 13:00:00,7,3,22,13,0,280,134,KOUDOUGOU (RUE DE),,,Plein jour,En agglomération,Hors intersection,Normale,Autre collision,,,,,,,,,,,1,2,1,1,6
200700014373,0007-03-01 07:35:00,7,3,1,7,35,290,19,QUIMPER (DE 1 A 103 ET 2,,,Crépuscule ou aube,Hors agglomération,Intersection en T,Normale,Deux véhicules - côté,,,,,,,,,,,2,1,3,1,3
200700014374,0007-03-01 13:30:00,7,3,1,13,30,290,19,"20, LE GORGEU (N°29 (TOT",,,Plein jour,En agglomération,Hors intersection,Normale,Autre collision,,,,,,,,,,,1,2,1,1,6
200700014375,0007-03-01 20:19:00,7,3,1,20,19,290,19,"2, PARIS (DE 1 A 31 ET 2",,,Nuit avec éclairage allumé,En agglomération,Hors intersection,Normale,Deux véhicules - côté,,,,,,,,,,,5,2,1,1,3
200700014376,0007-03-06 18:10:00,7,3,6,18,10,290,19,"., RUE GUSTAVE ZEDE",,,Plein jour,En agglomération,Intersection en X,Normale,Autre collision,,,,,,,,,,,1,2,2,1,6
200700014377,0007-03-08 15:25:00,7,3,8,15,25,290,19,"., DUVAL MARCELLIN (DE 1",,,Plein jour,En agglomération,Intersection en X,Normale,Trois véhicules et plus - collisions multiples,,,,,,,,,,,1,2,2,1,5
200700014378,0007-03-11 00:01:00,7,3,11,0,1,290,19,VERCORS,,,Nuit avec éclairage allumé,Hors agglomération,Hors intersection,Normale,Autre collision,,,,,,,,,,,5,1,1,1,6
200700014379,0007-03-11 01:50:00,7,3,11,1,50,290,19,", DANTON",,,Nuit avec éclairage allumé,En agglomération,Intersection en X,Normale,Autre collision,,,,,,,,,,,5,2,2,1,6
200700014380,0007-03-13 19:20:00,7,3,13,19,20,290,19,"., PEN AR CH'LEUZ (ROND",,,Plein jour,En agglomération,Giratoire,Normale,Sans collision,,,,,,,,,,,1,2,6,1,7
200700014381,0007-03-14 11:40:00,7,3,14,11,40,290,19,PONT CABIOCH (ROUTE DE),,,Plein jour,En agglomération,Hors intersection,Normale,Trois véhicules et plus - collisions multiples,,,,,,,,,,,1,2,1,1,5
200700014382,0007-03-15 07:45:00,7,3,15,7,45,290,19,"20, MAUPERTUIS",,,Plein jour,En agglomération,Hors intersection,Normale,Deux véhicules - côté,,,,,,,,,,,1,2,1,1,3
200700014383,0007-03-14 18:00:00,7,3,14,18,0,290,19,GOAREM KERINOU,,,Plein jour,Hors agglomération,Intersection en X,Normale,Deux véhicules - côté,,,,,,,,,,,1,1,2,1,3
200700014384,0007-03-19 12:37:00,7,3,19,12,37,290,19,"98, ROBESPIERRE (96 ET 1",,,Plein jour,En agglomération,Hors intersection,Temps couvert,Deux véhicules - arrière,,,,,,,,,,,1,2,1,8,2
200700014385,0007-03-21 10:35:00,7,3,21,10,35,290,19,"., PASTEUR LOUIS (DE 1 A",,,Plein jour,En agglomération,Intersection en T,Normale,Deux véhicules - côté,,,,,,,,,,,1,2,3,1,3
200700014386,0007-03-21 12:15:00,7,3,21,12,15,290,19,GILOUX YVES (DE 13 A 63,,,Plein jour,En agglomération,Hors intersection,Normale,Deux véhicules - côté,,,,,,,,,,,1,2,1,1,3
200700014387,0007-03-23 14:50:00,7,3,23,14,50,290,19,"., TALLINN (SANS N° DE D",,,Plein jour,En agglomération,Hors intersection,Normale,Deux véhicules - arrière,,,,,,,,,,,1,2,1,1,2
200700014388,0007-03-23 16:05:00,7,3,23,16,5,290,19,"., GOUESNOU (DE 43 A 219",,,Plein jour,En agglomération,Intersection en X,Normale,Deux véhicules - côté,,,,,,,,,,,1,2,2,1,3
200700014389,0007-03-25 08:00:00,7,3,25,8,0,290,19,"., SALAUN PENQUER",,,Plein jour,En agglomération,Giratoire,Normale,Autre collision,,,,,,,,,,,1,2,6,1,6
200700014390,0007-03-25 17:40:00,7,3,25,17,40,290,19,"20, LANNOURON",,,Plein jour,En agglomération,Hors intersection,Normale,Autre collision,,,,,,,,,,,1,2,1,1,6
200700014391,0007-03-27 07:30:00,7,3,27,7,30,290,19,"., GOUESNOU (DE 221 ET 2",,,Nuit avec éclairage allumé,En agglomération,Intersection en X,Normale,Deux véhicules - côté,,,,,,,,,,,5,2,2,1,3
200700014392,0007-03-21 12:00:00,7,3,21,12,0,290,19,ALBERT 1ER,,,Plein jour,En agglomération,Intersection à plus de 4 branches,Normale,Deux véhicules - côté,,,,,,,,,,,1,2,5,1,3
200700014393,0007-03-30 09:00:00,7,3,30,9,0,290,19,"., GOUESNOU (DE 221 ET 2",,,Plein jour,En agglomération,Hors intersection,Normale,Autre collision,,,,,,,,,,,1,2,1,1,6
200700014394,0007-03-10 15:00:00,7,3,10,15,0,290,151,CARNOT (RUE),,,Plein jour,En agglomération,Intersection en X,Normale,Autre collision,,,,,,,,,,,1,2,2,1,6
200700014395,0007-03-25 11:15:00,7,3,25,11,15,290,151,"5, MADELEINE (BELLEVUE D",,,Plein jour,En agglomération,Hors intersection,Normale,Autre collision,,,,,,,,,,,1,2,1,1,6
200700014396,0007-03-26 08:50:00,7,3,26,8,50,290,254,FERRY (RUE JULES),,,Plein jour,En agglomération,Giratoire,Normale,Deux véhicules - côté,,,,,,,,,,,1,2,6,1,3
200700014397,0007-03-27 07:00:00,7,3,27,7,0,290,151,EXPRESS RN 12 (VOIE),,,Nuit sans éclairage public,Hors agglomération,Hors intersection,Normale,Autre collision,,,,,,,,,,,3,1,1,1,6
200700014398,0007-03-27 22:00:00,7,3,27,22,0,290,151,"5, TRURO (AVENUE DE)",,,Nuit avec éclairage non allumé,En agglomération,Intersection en X,Pluie légère,Autre collision,,,,,,,,,,,4,2,2,2,6
200700014399,0007-03-02 17:30:00,7,3,2,17,30,290,232,"0, LOTH JOSEPH RUE",,,Plein jour,Hors agglomération,Intersection en T,Normale,Autre collision,,,,,,,,,,,1,1,3,1,6
200700014400,0007-03-06 07:40:00,7,3,6,7,40,290,51,"0, ROUILLEN",,,Crépuscule ou aube,Hors agglomération,Hors intersection,Normale,Autre collision,,,,,,,,,,,2,1,1,1,6
200700014401,0007-03-10 19:15:00,7,3,10,19,15,290,232,"0, EAU BLANCHE ROND POIN",,,Crépuscule ou aube,Hors agglomération,Giratoire,Normale,Autre collision,,,,,,,,,,,2,1,6,1,6
200700014402,0007-03-13 12:50:00,7,3,13,12,50,290,232,"14, PARC RUE DU",,,Plein jour,En agglomération,Hors intersection,Normale,Autre collision,,,,,,,,,,,1,2,1,1,6
200700014403,0007-03-18 14:28:00,7,3,18,14,28,290,232,KERUSTUM  ROND POINT DE,,,Plein jour,Hors agglomération,Giratoire,Normale,Autre collision,,,,,,,,,,,1,1,6,1,6
200700014404,0007-03-22 02:15:00,7,3,22,2,15,290,232,"0, LOCMARIA ALLEE DE",,,Nuit avec éclairage allumé,Hors agglomération,Hors intersection,Normale,Autre collision,,,,,,,,,,,5,1,1,1,6
200700014405,0007-03-21 13:17:00,7,3,21,13,17,290,232,"50, LIBERATION AVENUE DE",,,Plein jour,Hors agglomération,Hors intersection,Normale,Autre collision,,,,,,,,,,,1,1,1,1,6
200700014406,0007-03-11 15:00:00,7,3,11,15,0,300,7,"58, FAUBOURG DU SOLEIL (",,,Plein jour,En agglomération,Hors intersection,Normale,Trois véhicules et plus - en chaîne,,,,,,,,,,,1,2,1,1,4
200700014407,0007-03-14 12:13:00,7,3,14,12,13,300,7,COIRAS (AVE PIERRE),,,Plein jour,En agglomération,Hors intersection,Normale,Autre collision,,,,,,,,,,,1,2,1,1,6
200700014408,0007-03-17 15:20:00,7,3,17,15,20,300,7,BOISSIER DE SAUVAGE  ( Q,,,Plein jour,En agglomération,Intersection en X,Normale,Deux véhicules - côté,,,,,,,,,,,1,2,2,1,3
200700014409,0007-03-19 12:10:00,7,3,19,12,10,300,7,"., ALSACE (ROUTE D')",,,Plein jour,En agglomération,Hors intersection,Normale,Autre collision,,,,,,,,,,,1,2,1,1,6
200700014410,0007-03-16 14:20:00,7,3,16,14,20,300,7,RESCA (PONT DE),,,Plein jour,En agglomération,Giratoire,Normale,Deux véhicules - côté,,,,,,,,,,,1,2,6,1,3
200700014411,0007-03-22 17:36:00,7,3,22,17,36,300,7,"., MONTALET (RUE)",,,Plein jour,En agglomération,Hors intersection,Normale,Sans collision,,,,,,,,,,,1,2,1,1,7
200700014412,0007-03-25 20:10:00,7,3,25,20,10,300,7,JUIN (AVE DU MARECHAL),,,Nuit sans éclairage public,En agglomération,Hors intersection,Normale,Autre collision,,,,,,,,,,,3,2,1,1,6
200700014413,0007-03-28 16:10:00,7,3,28,16,10,300,7,"., BOISSIER DE SAUVAGE",,,Plein jour,En agglomération,Hors intersection,Normale,Sans collision,,,,,,,,,,,1,2,1,1,7
200700014414,0007-03-07 07:50:00,7,3,7,7,50,300,28,"585, VIGAN BRAQUET (AVEN",,,Plein jour,En agglomération,Hors intersection,Pluie légère,Autre collision,,,,,,,,,,,1,2,1,2,6
200700014415,0007-03-11 19:05:00,7,3,11,19,5,300,28,MAYRE (AVENUE DE LA),,,Crépuscule ou aube,En agglomération,Hors intersection,Normale,Sans collision,,,,,,,,,,,2,2,1,1,7
200700014416,0007-03-22 12:55:00,7,3,22,12,55,300,28,"2, ORSAN (ROUTE D')",,,Plein jour,Hors agglomération,Intersection en T,Normale,Deux véhicules - frontale,,,,,,,,,,,1,1,3,1,1
200700014417,0007-03-25 11:25:00,7,3,25,11,25,300,28,DAUDET (AVENUE ALPHONSE),,,Plein jour,En agglomération,Intersection en T,Normale,Deux véhicules - côté,,,,,,,,,,,1,2,3,1,3
200700014418,0007-03-03 19:25:00,7,3,3,19,25,300,32,ROUTE DE BELLEGARDE (C.D,,,Nuit sans éclairage public,En agglomération,Hors intersection,Normale,Deux véhicules - frontale,,,,,,,,,,,3,2,1,1,1
200700014419,0007-03-14 12:20:00,7,3,14,12,20,300,32,"25, DE LATTRE de TASSIGN",,,Plein jour,En agglomération,Hors intersection,Normale,Sans collision,,,,,,,,,,,1,2,1,1,7
200700014420,0007-03-17 19:15:00,7,3,17,19,15,300,32,ROCADE (DPT90),,,Nuit sans éclairage public,Hors agglomération,Hors intersection,Normale,Sans collision,,,,,,,,,,,3,1,1,1,7
200700014421,0007-03-17 21:00:00,7,3,17,21,0,300,32,ROUTE DE BELLEGARDE (C.D,,,Nuit sans éclairage public,Hors agglomération,Hors intersection,Normale,Sans collision,,,,,,,,,,,3,1,1,1,7
200700014422,0007-03-01 21:50:00,7,3,1,21,50,300,189,"., LECLERC GENERAL (AVEN",,,Nuit avec éclairage allumé,En agglomération,Intersection en X,Normale,Deux véhicules - côté,,,,,,,,,,,5,2,2,1,3
200700014423,0007-03-02 18:54:00,7,3,2,18,54,300,189,"57, JAURES JEAN (BOULEVA",,,Nuit avec éclairage allumé,En agglomération,Giratoire,Normale,Deux véhicules - côté,,,,,,,,,,,5,2,6,1,3
200700014424,0007-03-02 19:42:00,7,3,2,19,42,300,189,"., AVIGNON (ANCIENNE ROU",,,Nuit avec éclairage allumé,En agglomération,Hors intersection,Normale,Trois véhicules et plus - collisions multiples,,,,,,,,,,,5,2,1,1,5
200700014425,0007-03-04 10:53:00,7,3,4,10,53,300,189,"., KILOMETRE DELTA, KM",,,Plein jour,En agglomération,Giratoire,Normale,Deux véhicules - côté,,,,,,,,,,,1,2,6,1,3
200700014426,0007-03-07 18:08:00,7,3,7,18,8,300,189,"161, MONNET JEAN (COURS)",,,Crépuscule ou aube,En agglomération,Hors intersection,Pluie légère,Autre collision,,,,,,,,,,,2,2,1,2,6
200700014427,0007-03-08 16:36:00,7,3,8,16,36,300,189,"..., ADER CLEMENT (AVENU",43.85926,4.40439,Plein jour,En agglomération,Hors intersection,Normale,Deux véhicules - côté,,,,,,,,,,,1,2,1,1,3