accident_id,datetime,annee,mois,jour,heure,minute,departement,commune_insee,adresse,latitude,longitude,luminosite,agglomeration,intersection,meteo,collision,nb_vehicules,nb_usagers,nb_indemnes,nb_tues,nb_blesses_hosp,nb_blesses_legers,age_cond_1,age_cond_2,veh_type_cond_1,veh_type_cond_2,lum_code,agg_code,int_code,atm_code,col_code
200700014557,0007-03-24 21:50:00,7,3,24,21,50,310,555,VA007306 A64,,,Nuit avec éclairage allumé,Hors agglomération,Hors intersection,Pluie légère,Deux véhicules - arrière,,,,,,,,,,,5,1,1,2,2
200700014558,0007-03-25 00:10:00,7,3,25,0,10,310,555,"999, RUE DE NEGRENEYS",,,Nuit avec éclairage allumé,En agglomération,Hors intersection,Pluie légère,Deux véhicules - arrière,,,,,,,,,,,5,2,1,2,2
200700014559,0007-03-25 05:45:00,7,3,25,5,45,310,555,VA007622 RANGUEIL A620 S,,,Nuit avec éclairage allumé,Hors agglomération,Hors intersection,Pluie forte,Autre collision,,,,,,,,,,,5,1,1,3,6
200700014560,0007-03-26 10:45:00,7,3,26,10,45,310,555,VA007554 LASBORDES A61 S,,,Plein jour,Hors agglomération,Hors intersection,Normale,Deux véhicules - arrière,,,,,,,,,,,1,1,1,1,2
200700014561,0007-03-26 11:10:00,7,3,26,11,10,310,555,"999, RUE D ALSACE LORRAI",,,Plein jour,En agglomération,Hors intersection,Normale,Autre collision,,,,,,,,,,,1,2,1,1,6
200700014562,0007-03-27 11:50:00,7,3,27,11,50,310,555,"23, BD DES MINIMES",,,Plein jour,En agglomération,Hors intersection,Normale,Autre collision,,,,,,,,,,,1,2,1,1,6
200700014563,0007-03-25 16:25:00,7,3,25,16,25,310,555,"49, RUE LOUIS PLANA",,,Plein jour,En agglomération,Hors intersection,Pluie forte,Deux véhicules - arrière,,,,,,,,,,,1,2,1,3,2
200700014564,0007-03-28 10:30:00,7,3,28,10,30,310,555,"32, BD D ARCOLE",,,Plein jour,En agglomération,Hors intersection,Normale,Autre collision,,,,,,,,,,,1,2,1,1,6
200700014565,0007-03-28 14:24:00,7,3,28,14,24,310,555,"318, RTE DE SAINT SIMON",,,Plein jour,En agglomération,Hors intersection,Pluie légère,Autre collision,,,,,,,,,,,1,2,1,2,6
200700014566,0007-03-28 14:35:00,7,3,28,14,35,310,555,VA007500 CROIX DAURADE A,,,Plein jour,Hors agglomération,Hors intersection,Pluie légère,Trois véhicules et plus - en chaîne,,,,,,,,,,,1,1,1,2,4
200700014567,0007-03-28 15:00:00,7,3,28,15,0,310,555,VA008482 A624,,,Plein jour,Hors agglomération,Hors intersection,Pluie légère,Trois véhicules et plus - en chaîne,,,,,,,,,,,1,1,1,2,4
200700014568,0007-03-29 07:08:00,7,3,29,7,8,310,555,"102, CHE DE GABARDIE",,,Crépuscule ou aube,En agglomération,Hors intersection,Normale,Deux véhicules - côté,,,,,,,,,,,2,2,1,1,3
200700014569,0007-03-29 07:35:00,7,3,29,7,35,310,555,"8, BOULINGRIN",,,Plein jour,En agglomération,Hors intersection,Normale,Deux véhicules - côté,,,,,,,,,,,1,2,1,1,3
200700014570,0007-03-29 13:40:00,7,3,29,13,40,310,555,AV ALBERT BEDOUCE,,,Plein jour,En agglomération,Hors intersection,Normale,Deux véhicules - côté,,,,,,,,,,,1,2,1,1,3
200700014571,0007-03-29 14:55:00,7,3,29,14,55,310,555,"999, RUE PAUL VERLAINE",,,Plein jour,En agglomération,Hors intersection,Normale,Autre collision,,,,,,,,,,,1,2,1,1,6
200700014572,0007-03-29 16:50:00,7,3,29,16,50,310,555,"999, AV DE GRANDE BRETAG",,,Plein jour,En agglomération,Hors intersection,Normale,Deux véhicules - côté,,,,,,,,,,,1,2,1,1,3
200700014573,0007-03-30 00:50:00,7,3,30,0,50,310,555,"35, ALL DE BRIENNE",,,Nuit avec éclairage allumé,En agglomération,Hors intersection,Pluie légère,Sans collision,,,,,,,,,,,5,2,1,2,7
200700014574,0007-03-30 01:45:00,7,3,30,1,45,310,555,"999, ALL DES FOULQUES",,,Nuit sans éclairage public,En agglomération,Hors intersection,Pluie légère,Autre collision,,,,,,,,,,,3,2,1,2,6
200700014575,0007-03-30 05:00:00,7,3,30,5,0,310,555,VA008432 LANGLADE A620 S,,,Nuit avec éclairage allumé,Hors agglomération,Hors intersection,Pluie légère,Autre collision,,,,,,,,,,,5,1,1,2,6
200700014576,0007-03-30 15:00:00,7,3,30,15,0,310,555,"199, AV DE LARDENNE",,,Plein jour,En agglomération,Hors intersection,Normale,Trois véhicules et plus - collisions multiples,,,,,,,,,,,1,2,1,1,5
200700014577,0007-03-30 15:40:00,7,3,30,15,40,310,555,"999, RUE DE REMUSAT",,,Plein jour,En agglomération,Intersection en T,Normale,Deux véhicules - côté,,,,,,,,,,,1,2,3,1,3
200700014578,0007-03-30 16:00:00,7,3,30,16,0,310,555,"30, AV DE LYON",,,Plein jour,En agglomération,Hors intersection,Normale,Deux véhicules - côté,,,,,,,,,,,1,2,1,1,3
200700014579,0007-03-30 16:30:00,7,3,30,16,30,310,555,"30, RTE DE LABEGE",,,Plein jour,En agglomération,Intersection en T,Normale,Deux véhicules - arrière,,,,,,,,,,,1,2,3,1,2
200700014580,0007-03-30 21:20:00,7,3,30,21,20,310,555,"999, ALL JEAN JAURES",,,Nuit avec éclairage allumé,Hors agglomération,Hors intersection,Normale,Deux véhicules - côté,,,,,,,,,,,5,1,1,1,3
200700014581,0007-03-31 00:15:00,7,3,31,0,15,310,555,"102, RTE DE LABEGE",,,Nuit avec éclairage allumé,En agglomération,Hors intersection,Normale,Autre collision,,,,,,,,,,,5,2,1,1,6
200700014582,0007-03-31 15:40:00,7,3,31,15,40,310,555,"29, BD D ARCOLE",,,Plein jour,En agglomération,Hors intersection,Normale,Deux véhicules - arrière,,,,,,,,,,,1,2,1,1,2
200700014583,0007-03-12 17:15:00,7,3,12,17,15,310,557,"44, JAURES (AV JEAN)",,,Plein jour,En agglomération,Hors intersection,Normale,Deux véhicules - côté,,,,,,,,,,,1,2,1,1,3
200700014584,0007-03-13 13:15:00,7,3,13,13,15,310,557,"6, GASCOGNE (AV DE)",,,Plein jour,En agglomération,Hors intersection,Normale,Deux véhicules - arrière,,,,,,,,,,,1,2,1,1,2
200700014585,0007-03-20 19:45:00,7,3,20,19,45,310,557,"74, LARRAMET (CH DE)",,,Nuit avec éclairage allumé,En agglomération,Hors intersection,Pluie légère,Autre collision,,,,,,,,,,,5,2,1,2,6
200700014586,0007-03-28 07:20:00,7,3,28,7,20,310,557,"225, DOUMERGUE (RUE GAST",,,Crépuscule ou aube,En agglomération,Intersection en T,Normale,Deux véhicules - frontale,,,,,,,,,,,2,2,3,1,1
200700014587,0007-03-03 02:25:00,7,3,3,2,25,320,13,BARRAN (ROUTE DE),,,Nuit sans éclairage public,Hors agglomération,Hors intersection,Normale,Deux véhicules - frontale,,,,,,,,,,,3,1,1,1,1
200700014588,0007-03-17 15:00:00,7,3,17,15,0,320,13,HUIT MAI,,,Plein jour,En agglomération,Hors intersection,Normale,Deux véhicules - arrière,,,,,,,,,,,1,2,1,1,2
200700014589,0007-03-23 21:20:00,7,3,23,21,20,320,13,"9, GAMBETTA (RUE)",,,Nuit sans éclairage public,En agglomération,Hors intersection,Pluie légère,Autre collision,,,,,,,,,,,3,2,1,2,6
200700014590,0007-03-04 12:10:00,7,3,4,12,10,330,529,"33, LIGNON (BD LOUIS)",,,Plein jour,En agglomération,Hors intersection,Normale,Deux véhicules - côté,,,,,,,,,,,1,2,1,1,3
200700014591,0007-03-15 16:45:00,7,3,15,16,45,330,9,"A1, GRANDS CHENES (CITE)",,,Plein jour,En agglomération,Hors intersection,Normale,Autre collision,,,,,,,,,,,1,2,1,1,6
200700014592,0007-03-17 00:20:00,7,3,17,0,20,330,529,"1, CAZAUX (BD DE)",,,Nuit avec éclairage allumé,Hors agglomération,Hors intersection,Normale,Sans collision,,,,,,,,,,,5,1,1,1,7
200700014593,0007-03-23 10:30:00,7,3,23,10,30,330,9,"1, MESTREZAT (BD)",,,Plein jour,En agglomération,Giratoire,Pluie légère,Deux véhicules - côté,,,,,,,,,,,1,2,6,2,3
200700014594,0007-03-27 17:40:00,7,3,27,17,40,330,9,"36, GAMBETTA (AVE) DU 30",,,Plein jour,En agglomération,Hors intersection,Normale,Deux véhicules - arrière,,,,,,,,,,,1,2,1,1,2
200700014595,0007-03-01 19:30:00,7,3,1,19,30,330,63,RUE NOTRE DAME,,,Nuit avec éclairage allumé,En agglomération,Intersection en X,Normale,Deux véhicules - côté,,,,,,,,,,,5,2,2,1,3
200700014596,0007-03-02 14:15:00,7,3,2,14,15,330,63,RUE MATHIEU,,,Plein jour,En agglomération,Intersection en X,Normale,Deux véhicules - côté,,,,,,,,,,,1,2,2,1,3
200700014597,0007-03-02 20:18:00,7,3,2,20,18,330,63,AVE LOUIS BARTHOU CAUD,,,Nuit avec éclairage allumé,En agglomération,Intersection en X,Pluie légère,Deux véhicules - côté,,,,,,,,,,,5,2,2,2,3
200700014598,0007-03-03 02:05:00,7,3,3,2,5,330,63,CRS DE LA MARNE,,,Nuit avec éclairage allumé,En agglomération,Intersection en X,Normale,Autre collision,,,,,,,,,,,5,2,2,1,6
200700014599,0007-03-03 20:55:00,7,3,3,20,55,330,63,CRS DU MARECHAL GALLIENI,,,Nuit avec éclairage allumé,En agglomération,Intersection en X,Pluie légère,Deux véhicules - côté,,,,,,,,,,,5,2,2,2,3
200700014600,0007-03-03 18:00:00,7,3,3,18,0,330,63,RUE BREMONTIER,,,Plein jour,En agglomération,Intersection en X,Normale,Trois véhicules et plus - collisions multiples,,,,,,,,,,,1,2,2,1,5
200700014601,0007-03-05 17:10:00,7,3,5,17,10,330,63,RUE PASTEUR CAUD,,,Plein jour,En agglomération,Intersection en T,Normale,Deux véhicules - côté,,,,,,,,,,,1,2,3,1,3
200700014602,0007-03-05 15:30:00,7,3,5,15,30,330,63,RUE DU VELODROME CAUD,,,Plein jour,En agglomération,Intersection en X,Normale,Deux véhicules - côté,,,,,,,,,,,1,2,2,1,3
200700014603,0007-03-01 14:40:00,7,3,1,14,40,330,281,AVE DU TRUC,,,Plein jour,En agglomération,Hors intersection,Pluie légère,Deux véhicules - arrière,,,,,,,,,,,1,2,1,2,2
200700014604,0007-03-06 07:55:00,7,3,6,7,55,330,63,BD MARECHAL LECLERC,,,Plein jour,En agglomération,Intersection en X,Normale,Deux véhicules - côté,,,,,,,,,,,1,2,2,1,3
200700014605,0007-03-07 14:04:00,7,3,7,14,4,330,63,RUE BLAISE PASCAL,,,Plein jour,En agglomération,Intersection en X,Normale,Autre collision,,,,,,,,,,,1,2,2,1,6
200700014606,0007-03-05 11:55:00,7,3,5,11,55,330,75,RUE DE DAUGERE,,,Plein jour,En agglomération,Intersection en X,Normale,Autre collision,,,,,,,,,,,1,2,2,1,6
200700014607,0007-03-08 14:45:00,7,3,8,14,45,330,63,RUE CHARLEVOIX DE VILLER,,,Plein jour,En agglomération,Intersection en T,Normale,Deux véhicules - arrière,,,,,,,,,,,1,2,3,1,2
200700014608,0007-03-08 10:45:00,7,3,8,10,45,330,63,RUE DUBOURDIEU,,,Plein jour,En agglomération,Intersection en T,Normale,Deux véhicules - côté,,,,,,,,,,,1,2,3,1,3
200700014609,0007-03-07 20:00:00,7,3,7,20,0,330,63,BD ALFRED DANEY,,,Nuit avec éclairage allumé,En agglomération,Hors intersection,Pluie forte,Autre collision,,,,,,,,,,,5,2,1,3,6
200700014610,0007-03-10 01:00:00,7,3,10,1,0,330,63,RUE CHARLEVOIX DE VILLER,,,Nuit avec éclairage allumé,En agglomération,Intersection en X,Normale,Deux véhicules - côté,,,,,,,,,,,5,2,2,1,3
200700014611,0007-03-09 07:10:00,7,3,9,7,10,330,63,"3, AVE BEL AIR CAUD",,,Crépuscule ou aube,En agglomération,Hors intersection,Normale,Autre collision,,,,,,,,,,,2,2,1,1,6
200700014612,0007-03-08 18:45:00,7,3,8,18,45,330,63,RUE LAPORTE CAUD,,,Plein jour,En agglomération,Intersection en Y,Normale,Deux véhicules - côté,,,,,,,,,,,1,2,4,1,3
200700014613,0007-03-09 09:40:00,7,3,9,9,40,330,63,CRS DE LA SOMME,,,Plein jour,En agglomération,Intersection en T,Normale,Deux véhicules - côté,,,,,,,,,,,1,2,3,1,3
200700014614,0007-03-10 21:35:00,7,3,10,21,35,330,63,RUE LAJARTE,,,Nuit avec éclairage allumé,En agglomération,Intersection en X,Normale,Deux véhicules - côté,,,,,,,,,,,5,2,2,1,3
200700014615,0007-03-09 23:10:00,7,3,9,23,10,330,63,"24, CRS BALGUERIE STUTTE",,,Nuit avec éclairage allumé,En agglomération,Intersection en X,Normale,Sans collision,,,,,,,,,,,5,2,2,1,7
200700014616,0007-03-05 17:55:00,7,3,5,17,55,330,39,RTE DE TOULOUSE,,,Plein jour,En agglomération,Intersection en T,Normale,Deux véhicules - côté,,,,,,,,,,,1,2,3,1,3
200700014617,0007-03-05 17:45:00,7,3,5,17,45,330,318,AVE DU DOCTEUR ALBERT SC,,,Plein jour,En agglomération,Intersection en X,Normale,Deux véhicules - côté,,,,,,,,,,,1,2,2,1,3
200700014618,0007-03-10 14:50:00,7,3,10,14,50,330,318,"69, AVE DU GENERAL LECLE",,,Plein jour,En agglomération,Intersection en T,Normale,Deux véhicules - côté,,,,,,,,,,,1,2,3,1,3
200700014619,0007-03-09 12:30:00,7,3,9,12,30,330,318,"88, AVE DU PONT DE L'ORI",,,Plein jour,En agglomération,Hors intersection,Pluie légère,Deux véhicules - arrière,,,,,,,,,,,1,2,1,2,2
200700014620,0007-03-06 20:10:00,7,3,6,20,10,330,39,"134, RTE DE TOULOUSE",,,Nuit avec éclairage allumé,En agglomération,Hors intersection,Normale,Deux véhicules - arrière,,,,,,,,,,,5,2,1,1,2
200700014621,0007-03-12 09:20:00,7,3,12,9,20,330,63,RUE CATROS,,,Plein jour,En agglomération,Intersection en X,Normale,Deux véhicules - côté,,,,,,,,,,,1,2,2,1,3
200700014622,0007-03-12 13:30:00,7,3,12,13,30,330,63,"6, CRS DE TOURNON",,,Plein jour,En agglomération,Hors intersection,Normale,Autre collision,,,,,,,,,,,1,2,1,1,6
200700014623,0007-03-12 13:00:00,7,3,12,13,0,330,63,"115, QUAI DES CHARTRONS",,,Plein jour,En agglomération,Intersection en X,Temps éblouissant,Autre collision,,,,,,,,,,,1,2,2,7,6
200700014624,0007-03-12 13:45:00,7,3,12,13,45,330,63,AVE DES QUARANTE JOURNAU,,,Plein jour,En agglomération,Intersection en T,Normale,Deux véhicules - frontale,,,,,,,,,,,1,2,3,1,1
200700014625,0007-03-08 11:55:00,7,3,8,11,55,330,119,"38, AVE RENE CASSAGNE",,,Plein jour,En agglomération,Hors intersection,Normale,Deux véhicules - arrière,,,,,,,,,,,1,2,1,1,2
200700014626,0007-03-14 01:07:00,7,3,14,1,7,330,63,BD DES FRERES MOGA,,,Nuit avec éclairage allumé,En agglomération,Hors intersection,Normale,Autre collision,,,,,,,,,,,5,2,1,1,6
200700014627,0007-03-11 19:30:00,7,3,11,19,30,330,318,AVE PASTEUR,,,Nuit avec éclairage allumé,En agglomération,Hors intersection,Normale,Trois véhicules et plus - en chaîne,,,,,,,,,,,5,2,1,1,4
200700014628,0007-03-13 14:45:00,7,3,13,14,45,330,63,RUE ABBE DE L'EPEE,,,Plein jour,En agglomération,Intersection en X,Normale,Deux véhicules - côté,,,,,,,,,,,1,2,2,1,3
200700014629,0007-03-13 20:53:00,7,3,13,20,53,330,63,RUE CHARLES MARTIN,,,Nuit avec éclairage non allumé,En agglomération,Intersection en X,Normale,Deux véhicules - côté,,,,,,,,,,,4,2,2,1,3
200700014630,0007-03-13 08:20:00,7,3,13,8,20,330,63,AVE CARNOT CAUD,,,Plein jour,En agglomération,Intersection en T,Normale,Autre collision,,,,,,,,,,,1,2,3,1,6
200700014631,0007-03-14 18:00:00,7,3,14,18,0,330,63,PCE MARTYRS DE LA RESIST,,,Plein jour,En agglomération,Hors intersection,Normale,Autre collision,,,,,,,,,,,1,2,1,1,6
200700014632,0007-03-14 08:25:00,7,3,14,8,25,330,63,RUE CHARLES MARTIN,,,Plein jour,En agglomération,Intersection en X,Normale,Deux véhicules - côté,,,,,,,,,,,1,2,2,1,3
200700014633,0007-03-14 14:02:00,7,3,14,14,2,330,63,RUE GEORGES BONNAC,,,Plein jour,En agglomération,Hors intersection,Normale,Autre collision,,,,,,,,,,,1,2,1,1,6
200700014634,0007-03-09 12:15:00,7,3,9,12,15,330,281,AVE DE FONCASTEL,,,Plein jour,En agglomération,Intersection en X,Pluie légère,Trois véhicules et plus - en chaîne,,,,,,,,,,,1,2,2,2,4
200700014635,0007-03-13 18:07:00,7,3,13,18,7,330,281,AVE MATOSINHOS,,,Plein jour,En agglomération,Intersection en X,Normale,Deux véhicules - côté,,,,,,,,,,,1,2,2,1,3
200700014636,0007-03-12 20:10:00,7,3,12,20,10,330,281,AVE DE LA LIBERATION,,,Nuit avec éclairage allumé,En agglomération,Intersection en T,Normale,Deux véhicules - arrière,,,,,,,,,,,5,2,3,1,2
200700014637,0007-03-09 12:40:00,7,3,9,12,40,330,69,AVE D'EYSINES,,,Plein jour,En agglomération,Intersection en X,Temps couvert,Deux véhicules - arrière,,,,,,,,,,,1,2,2,8,2
200700014638,0007-03-08 15:00:00,7,3,8,15,0,330,75,RUE THEODORE BLANC,,,Plein jour,En agglomération,Hors intersection,Normale,Deux véhicules - arrière,,,,,,,,,,,1,2,1,1,2
200700014639,0007-03-14 20:10:00,7,3,14,20,10,330,63,CRS VICTOR HUGO,,,Nuit avec éclairage allumé,En agglomération,Intersection en T,Normale,Autre collision,,,,,,,,,,,5,2,3,1,6
200700014640,0007-03-17 21:30:00,7,3,17,21,30,330,63,RUE VILARIS,,,Nuit avec éclairage allumé,En agglomération,Intersection en X,Normale,Deux véhicules - côté,,,,,,,,,,,5,2,2,1,3
200700014641,0007-03-16 09:10:00,7,3,16,9,10,330,63,BD PIERRE 1ER,,,Plein jour,En agglomération,Intersection en X,Normale,Deux véhicules - côté,,,,,,,,,,,1,2,2,1,3
200700014642,0007-03-16 18:00:00,7,3,16,18,0,330,63,RUE DE LA BENAUGE,,,Plein jour,En agglomération,Intersection en X,Normale,Deux véhicules - côté,,,,,,,,,,,1,2,2,1,3
200700014643,0007-03-15 10:50:00,7,3,15,10,50,330,522,CRS MARECHAL GALLIENI,,,Plein jour,En agglomération,Intersection en T,Normale,Deux véhicules - côté,,,,,,,,,,,1,2,3,1,3
200700014644,0007-03-12 09:35:00,7,3,12,9,35,330,69,"60, AVE PIERRE BROSSOLET",,,Plein jour,En agglomération,Hors intersection,Normale,Autre collision,,,,,,,,,,,1,2,1,1,6
200700014645,0007-03-16 18:15:00,7,3,16,18,15,330,281,AVE DE LA MARNE,,,Plein jour,En agglomération,Intersection en X,Normale,Deux véhicules - côté,,,,,,,,,,,1,2,2,1,3
200700014646,0007-03-14 17:40:00,7,3,14,17,40,330,281,AVE DE MAGUDAS,,,Plein jour,En agglomération,Intersection en X,Normale,Deux véhicules - côté,,,,,,,,,,,1,2,2,1,3
200700014647,0007-03-06 14:40:00,7,3,6,14,40,330,550,"73, AVE EDOUARD BOURLEAU",,,Plein jour,En agglomération,Hors intersection,Pluie légère,Deux véhicules - côté,,,,,,,,,,,1,2,1,2,3
200700014648,0007-03-10 15:45:00,7,3,10,15,45,330,550,"240, RTE DE TOULOUSE",,,Plein jour,En agglomération,Hors intersection,Normale,Autre collision,,,,,,,,,,,1,2,1,1,6
200700014649,0007-03-13 19:15:00,7,3,13,19,15,330,39,RTE DE TOULOUSE,,,Plein jour,En agglomération,Hors intersection,Normale,Deux véhicules - arrière,,,,,,,,,,,1,2,1,1,2
200700014650,0007-03-16 05:20:00,7,3,16,5,20,330,318,RUE GUTENBERG,,,Nuit avec éclairage allumé,En agglomération,Intersection en X,Normale,Deux véhicules - côté,,,,,,,,,,,5,2,2,1,3
200700014651,0007-03-15 09:15:00,7,3,15,9,15,330,281,RUE DE LA PAIX,,,Plein jour,En agglomération,Intersection en X,Normale,Deux véhicules - côté,,,,,,,,,,,1,2,2,1,3
200700014652,0007-03-19 15:05:00,7,3,19,15,5,330,63,RUE JEAN FLEURET,,,Plein jour,En agglomération,Hors intersection,Normale,Deux véhicules - côté,,,,,,,,,,,1,2,1,1,3
200700014653,0007-03-19 14:15:00,7,3,19,14,15,330,63,BD DE L'ENTRE DEUX MERS,,,Plein jour,En agglomération,Intersection en T,Normale,Deux véhicules - côté,,,,,,,,,,,1,2,3,1,3
200700014654,0007-03-14 15:45:00,7,3,14,15,45,330,281,AVE DE L'ARGONNE,,,Plein jour,En agglomération,Intersection en T,Normale,Deux véhicules - côté,,,,,,,,,,,1,2,3,1,3
200700014655,0007-03-20 19:35:00,7,3,20,19,35,330,63,"47, AVE D'EYSINES CAUD",,,Nuit avec éclairage allumé,En agglomération,Hors intersection,Normale,Autre collision,,,,,,,,,,,5,2,1,1,6
200700014656,0007-03-20 08:15:00,7,3,20,8,15,330,63,CRS DE LA MARNE,,,Plein jour,En agglomération,Intersection en X,Normale,Deux véhicules - côté,,,,,,,,,,,1,2,2,1,3
200700014657,0007-03-12 11:44:00,7,3,12,11,44,330,281,AVE DE L'YSER,,,Plein jour,En agglomération,Intersection en T,Normale,Deux véhicules - côté,,,,,,,,,,,1,2,3,1,3
200700014658,0007-03-14 07:10:00,7,3,14,7,10,330,522,RUE SALVADOR ALLENDE,,,Plein jour,En agglomération,Intersection en T,Normale,Deux véhicules - côté,,,,,,,,,,,1,2,3,1,3
200700014659,0007-03-22 21:40:00,7,3,22,21,40,330,63,"6, BD ALBERT 1ER",,,Nuit avec éclairage allumé,En agglomération,Hors intersection,Normale,Autre collision,,,,,,,,,,,5,2,1,1,6
200700014660,0007-03-20 09:30:00,7,3,20,9,30,330,281,AVE JEAN PERRIN,,,Plein jour,En agglomération,Intersection en T,Normale,Deux véhicules - côté,,,,,,,,,,,1,2,3,1,3
200700014661,0007-03-22 00:52:00,7,3,22,0,52,330,281,"16, AVE JEAN MACE",,,Nuit avec éclairage allumé,En agglomération,Giratoire,Normale,Sans collision,,,,,,,,,,,5,2,6,1,7
200700014662,0007-03-21 17:20:00,7,3,21,17,20,330,318,AVE DE VILLEMEJAN,,,Plein jour,En agglomération,Giratoire,Normale,Deux véhicules - côté,,,,,,,,,,,1,2,6,1,3
200700014663,0007-03-20 09:00:00,7,3,20,9,0,330,167,"39, AVE DU 11 NOVEMBRE 1",,,Plein jour,En agglomération,Hors intersection,Normale,Deux véhicules - côté,,,,,,,,,,,1,2,1,1,3
200700014664,0007-03-24 22:30:00,7,3,24,22,30,330,63,BD DU PRESIDENT WILSON,,,Nuit avec éclairage allumé,En agglomération,Intersection en X,Normale,Deux véhicules - côté,,,,,,,,,,,5,2,2,1,3
200700014665,0007-03-24 17:05:00,7,3,24,17,5,330,63,RUE DU DOCTEUR GABRIEL P,,,Plein jour,En agglomération,Intersection en X,Normale,Deux véhicules - côté,,,,,,,,,,,1,2,2,1,3
200700014666,0007-03-23 06:20:00,7,3,23,6,20,330,63,RUE NUYENS,,,Nuit avec éclairage allumé,En agglomération,Intersection en X,Pluie légère,Deux véhicules - côté,,,,,,,,,,,5,2,2,2,3
200700014667,0007-03-23 09:40:00,7,3,23,9,40,330,63,RUE GASTON MARCHOU,,,Plein jour,En agglomération,Hors intersection,Pluie légère,Deux véhicules - côté,,,,,,,,,,,1,2,1,2,3
200700014668,0007-03-26 16:00:00,7,3,26,16,0,330,69,AVE DE TIVOLI,,,Plein jour,En agglomération,Hors intersection,Normale,Autre collision,,,,,,,,,,,1,2,1,1,6
200700014669,0007-03-21 18:20:00,7,3,21,18,20,330,281,"369, AVE DE L'ARGONNE",,,Plein jour,En agglomération,Hors intersection,Normale,Deux véhicules - arrière,,,,,,,,,,,1,2,1,1,2
200700014670,0007-03-26 16:30:00,7,3,26,16,30,330,63,"50, QUAI DESCHAMPS",,,Plein jour,En agglomération,Hors intersection,Normale,Autre collision,,,,,,,,,,,1,2,1,1,6
200700014671,0007-03-25 10:45:00,7,3,25,10,45,330,119,RUE ARISTIDE BRIAND,,,Plein jour,En agglomération,Intersection en X,Pluie légère,Deux véhicules - arrière,,,,,,,,,,,1,2,2,2,2
200700014672,0007-03-21 12:20:00,7,3,21,12,20,330,69,AVE D'EYSINES,,,Plein jour,En agglomération,Intersection en X,Normale,Deux véhicules - côté,,,,,,,,,,,1,2,2,1,3
200700014673,0007-03-24 23:25:00,7,3,24,23,25,330,69,RUE PASTEUR,,,Nuit avec éclairage allumé,En agglomération,Intersection en T,Pluie légère,Autre collision,,,,,,,,,,,5,2,3,2,6
200700014674,0007-03-28 08:30:00,7,3,28,8,30,330,63,RUE DE LA PORTE DE LA MO,,,Plein jour,En agglomération,Intersection en X,Normale,Deux véhicules - côté,,,,,,,,,,,1,2,2,1,3
200700014675,0007-03-27 13:15:00,7,3,27,13,15,330,119,RUE DU 8 MAI 1945,,,Plein jour,En agglomération,Giratoire,Normale,Autre collision,,,,,,,,,,,1,2,6,1,6
200700014676,0007-03-27 09:10:00,7,3,27,9,10,330,318,AVE PASTEUR,,,Plein jour,En agglomération,Intersection en T,Normale,Autre collision,,,,,,,,,,,1,2,3,1,6
200700014677,0007-03-24 08:10:00,7,3,24,8,10,330,522,"140, RUE DE LA VIEILLE T",,,Plein jour,En agglomération,Hors intersection,Normale,Deux véhicules - frontale,,,,,,,,,,,1,2,1,1,1
200700014678,0007-03-22 18:00:00,7,3,22,18,0,330,522,"6, RUE PACARIS",,,Plein jour,En agglomération,Hors intersection,Normale,Deux véhicules - côté,,,,,,,,,,,1,2,1,1,3
200700014679,0007-03-20 17:15:00,7,3,20,17,15,330,522,RUE CALIXTE CAMELLE,,,Plein jour,En agglomération,Intersection en X,Pluie légère,Trois véhicules et plus - en chaîne,,,,,,,,,,,1,2,2,2,4
200700014680,0007-03-29 18:30:00,7,3,29,18,30,330,63,RUE DE CURSOL,,,Plein jour,En agglomération,Intersection en X,Temps couvert,Deux véhicules - côté,,,,,,,,,,,1,2,2,8,3
200700014681,0007-03-30 02:30:00,7,3,30,2,30,330,63,RUE LACORNEE,,,Nuit avec éclairage allumé,En agglomération,Intersection en X,Pluie légère,Deux véhicules - côté,,,,,,,,,,,5,2,2,2,3
200700014682,0007-03-31 01:00:00,7,3,31,1,0,330,63,RUE DE GRAVELOTTE,,,Nuit avec éclairage allumé,En agglomération,Intersection en X,Normale,Deux véhicules - côté,,,,,,,,,,,5,2,2,1,3
200700014683,0007-03-30 20:20:00,7,3,30,20,20,330,63,"23, QUAI DE BRIENNE",,,Crépuscule ou aube,En agglomération,Hors intersection,Normale,Deux véhicules - côté,,,,,,,,,,,2,2,1,1,3
200700014684,0007-03-30 15:00:00,7,3,30,15,0,330,63,AVE DU GENERAL LECLERC C,,,Plein jour,En agglomération,Intersection en X,Pluie légère,Autre collision,,,,,,,,,,,1,2,2,2,6
200700014685,0007-03-29 18:31:00,7,3,29,18,31,330,63,QUAI DES QUEYRIES,,,Plein jour,En agglomération,Autre intersection,Normale,Deux véhicules - côté,,,,,,,,,,,1,2,9,1,3
200700014686,0007-03-31 16:13:00,7,3,31,16,13,330,63,AVE DES QUARANTE JOURNAU,,,Plein jour,En agglomération,Hors intersection,Normale,Autre collision,,,,,,,,,,,1,2,1,1,6
200700014687,0007-03-29 11:45:00,7,3,29,11,45,330,63,"34, RUE DE CURSOL",,,Plein jour,En agglomération,Hors intersection,Normale,Trois véhicules et plus - en chaîne,,,,,,,,,,,1,2,1,1,4
200700014688,0007-03-31 02:05:00,7,3,31,2,5,330,63,"2, CRS ARISTIDE BRIAND",,,Nuit avec éclairage allumé,En agglomération,Hors intersection,Normale,Deux véhicules - arrière,,,,,,,,,,,5,2,1,1,2
200700014689,0007-03-27 12:00:00,7,3,27,12,0,330,281,"90, AVE DE LA LIBERATION",,,Plein jour,En agglomération,Hors intersection,Normale,Deux véhicules - côté,,,,,,,,,,,1,2,1,1,3