accident_id,datetime,annee,mois,jour,heure,minute,departement,commune_insee,adresse,latitude,longitude,luminosite,agglomeration,intersection,meteo,collision,nb_vehicules,nb_usagers,nb_indemnes,nb_tues,nb_blesses_hosp,nb_blesses_legers,age_cond_1,age_cond_2,veh_type_cond_1,veh_type_cond_2,lum_code,agg_code,int_code,atm_code,col_code
200700014690,0007-03-30 20:40:00,7,3,30,20,40,330,318,AVE DE BEUTRE,,,Crépuscule ou aube,En agglomération,Intersection en X,Normale,Deux véhicules - côté,,,,,,,,,,,2,2,2,1,3
200700014691,0007-03-30 16:35:00,7,3,30,16,35,330,249,AVE DE LA LIBERATION,,,Plein jour,En agglomération,Giratoire,Normale,Deux véhicules - côté,,,,,,,,,,,1,2,6,1,3
200700014692,0007-03-30 18:40:00,7,3,30,18,40,330,167,QUAI DE LA SOUYS,,,Plein jour,En agglomération,Intersection en T,Normale,Deux véhicules - côté,,,,,,,,,,,1,2,3,1,3
200700014693,0007-03-30 17:25:00,7,3,30,17,25,330,281,"23, AVE GUSTAVE EIFFEL",,,Plein jour,En agglomération,Hors intersection,Pluie légère,Deux véhicules - côté,,,,,,,,,,,1,2,1,2,3
200700014694,0007-03-29 09:10:00,7,3,29,9,10,330,522,CRS DE LA LIBERATION,,,Plein jour,En agglomération,Hors intersection,Normale,Deux véhicules - arrière,,,,,,,,,,,1,2,1,1,2
200700014695,0007-03-28 16:50:00,7,3,28,16,50,330,550,AVE DE GALGON,,,Plein jour,En agglomération,Intersection en T,Normale,Deux véhicules - arrière,,,,,,,,,,,1,2,3,1,2
200700014696,0007-03-25 20:30:00,7,3,25,20,30,330,522,"21, RUE GUILLAUME BOUE",,,Nuit avec éclairage allumé,En agglomération,Hors intersection,Normale,Autre collision,,,,,,,,,,,5,2,1,1,6
200700014697,0007-03-30 18:00:00,7,3,30,18,0,330,281,"37, AVE DE BELFORT",,,Plein jour,En agglomération,Hors intersection,Pluie forte,Deux véhicules - arrière,,,,,,,,,,,1,2,1,3,2
200700014698,0007-03-30 17:00:00,7,3,30,17,0,330,522,"1, RUE JEAN RACINE",,,Plein jour,En agglomération,Hors intersection,Normale,Sans collision,,,,,,,,,,,1,2,1,1,7
200700014699,0007-03-30 14:00:00,7,3,30,14,0,330,522,"757, CRS DE LA LIBERATIO",,,Plein jour,En agglomération,Hors intersection,Normale,Trois véhicules et plus - en chaîne,,,,,,,,,,,1,2,1,1,4
200700014700,0007-03-31 15:50:00,7,3,31,15,50,330,550,"48, RTE DE LEOGNAN",,,Plein jour,En agglomération,Hors intersection,Normale,Autre collision,,,,,,,,,,,1,2,1,1,6
200700014701,0007-03-30 12:29:00,7,3,30,12,29,330,522,RUE DE TREMEUGE,,,Plein jour,En agglomération,Intersection en X,Normale,Deux véhicules - côté,,,,,,,,,,,1,2,2,1,3
200700014702,0007-03-30 08:30:00,7,3,30,8,30,330,522,RUE PACARIS,,,Plein jour,En agglomération,Intersection en X,Normale,Deux véhicules - côté,,,,,,,,,,,1,2,2,1,3
200700014703,0007-03-15 07:30:00,7,3,15,7,30,330,69,AVE DE TIVOLI,,,Crépuscule ou aube,En agglomération,Giratoire,Normale,Sans collision,,,,,,,,,,,2,2,6,1,7
200700014704,0007-03-13 15:10:00,7,3,13,15,10,330,243,"94, CLEMENCEAU(AVENUE GE",,,Plein jour,En agglomération,Hors intersection,Normale,Autre collision,,,,,,,,,,,1,2,1,1,6
200700014705,0007-03-28 19:40:00,7,3,28,19,40,330,243,"3, BALLASTIERE(AVENUE DE",,,Plein jour,En agglomération,Giratoire,Normale,Deux véhicules - frontale,,,,,,,,,,,1,2,6,1,1
200700014706,0007-03-17 14:00:00,7,3,17,14,0,340,3,"22, POISSONNERIE (F5 ET",43.31197,3.46805,Plein jour,En agglomération,Hors intersection,Normale,Sans collision,,,,,,,,,,,1,2,1,1,7
200700014707,0007-03-03 21:22:00,7,3,3,21,22,340,32,"30, MAS ALPHONSE (AV)",,,Nuit avec éclairage allumé,En agglomération,Autre intersection,Autre,Deux véhicules - côté,,,,,,,,,,,5,2,9,9,3
200700014708,0007-03-04 19:34:00,7,3,4,19,34,340,32,CABANEL ALEXANDRE (RUE),,,Crépuscule ou aube,En agglomération,Intersection en X,Normale,Deux véhicules - côté,,,,,,,,,,,2,2,2,1,3
200700014709,0007-03-07 09:45:00,7,3,7,9,45,340,32,"53, MOULIN JEAN (AV)",,,Plein jour,En agglomération,Hors intersection,Autre,Autre collision,,,,,,,,,,,1,2,1,9,6
200700014710,0007-03-08 10:00:00,7,3,8,10,0,340,32,NOGUERES HENRI (RD POINT,,,Plein jour,En agglomération,Giratoire,Normale,Sans collision,,,,,,,,,,,1,2,6,1,7
200700014711,0007-03-08 13:44:00,7,3,8,13,44,340,32,KENNEDY PRESIDENT (BD DU,,,Plein jour,En agglomération,Intersection en X,Normale,Sans collision,,,,,,,,,,,1,2,2,1,7
200700014712,0007-03-09 13:00:00,7,3,9,13,0,340,32,ROUTE NATIONALE 113 - 9,,,Plein jour,Hors agglomération,Intersection en T,Normale,Deux véhicules - côté,,,,,,,,,,,1,1,3,1,3
200700014713,0007-03-12 16:30:00,7,3,12,16,30,340,32,CAUSSE DOCTEURS (ROND-PO,,,Plein jour,En agglomération,Giratoire,Normale,Deux véhicules - côté,,,,,,,,,,,1,2,6,1,3
200700014714,0007-03-15 20:03:00,7,3,15,20,3,340,336,R.D 612,,,Nuit avec éclairage non allumé,Hors agglomération,Intersection en X,Normale,Deux véhicules - arrière,,,,,,,,,,,4,1,2,1,2
200700014715,0007-03-09 16:50:00,7,3,9,16,50,340,32,ROUTE DEPARTEMENTALE  61,,,Plein jour,Hors agglomération,Intersection en T,Normale,Deux véhicules - côté,,,,,,,,,,,1,1,3,1,3
200700014716,0007-03-09 18:31:00,7,3,9,18,31,340,32,BERNARD CLAUDE (RUE),,,Plein jour,En agglomération,Intersection en X,Normale,Autre collision,,,,,,,,,,,1,2,2,1,6
200700014717,0007-03-10 15:40:00,7,3,10,15,40,340,32,ANCIENNE COMEDIE (RUE DE,,,Plein jour,En agglomération,Intersection en X,Normale,Deux véhicules - côté,,,,,,,,,,,1,2,2,1,3
200700014718,0007-03-10 21:55:00,7,3,10,21,55,340,32,HOURS (ROND-POINT DE L'),,,Nuit avec éclairage allumé,En agglomération,Giratoire,Normale,Sans collision,,,,,,,,,,,5,2,6,1,7
200700014719,0007-03-11 07:35:00,7,3,11,7,35,340,32,"91, GALINIER HENRI (AV)",,,Crépuscule ou aube,Hors agglomération,Hors intersection,Normale,Sans collision,,,,,,,,,,,2,1,1,1,7
200700014720,0007-03-11 10:19:00,7,3,11,10,19,340,32,"17, FOUR A CHAUX (BD DU)",,,Plein jour,En agglomération,Hors intersection,Normale,Deux véhicules - arrière,,,,,,,,,,,1,2,1,1,2
200700014721,0007-03-12 07:01:00,7,3,12,7,1,340,32,"NR, GASQUINOY (DOMAINE D",,,Crépuscule ou aube,Hors agglomération,Hors intersection,Normale,Sans collision,,,,,,,,,,,2,1,1,1,7
200700014722,0007-03-15 20:30:00,7,3,15,20,30,340,32,"NR, ROUTE D'AGDE (RD 612",,,Nuit avec éclairage allumé,Hors agglomération,Intersection en X,Normale,Deux véhicules - côté,,,,,,,,,,,5,1,2,1,3
200700014723,0007-03-16 16:01:00,7,3,16,16,1,340,32,ROUTE DEPARTEMENTALE 612,,,Plein jour,Hors agglomération,Hors intersection,Normale,Deux véhicules - arrière,,,,,,,,,,,1,1,1,1,2
200700014724,0007-03-16 19:54:00,7,3,16,19,54,340,32,RD.28,,,Crépuscule ou aube,Hors agglomération,Hors intersection,Normale,Sans collision,,,,,,,,,,,2,1,1,1,7
200700014725,0007-03-18 11:19:00,7,3,18,11,19,340,32,"N.R, METIERS D'ART (RUE",,,Plein jour,En agglomération,Hors intersection,Normale,Sans collision,,,,,,,,,,,1,2,1,1,7
200700014726,0007-03-28 17:46:00,7,3,28,17,46,340,32,ROUTE DEPARTEMENTALE  61,,,Plein jour,En agglomération,Hors intersection,Normale,Trois véhicules et plus - en chaîne,,,,,,,,,,,1,2,1,1,4
200700014727,0007-03-28 18:16:00,7,3,28,18,16,340,32,"14, LUMIERE FRERES (RUE",,,Crépuscule ou aube,En agglomération,Hors intersection,Normale,Sans collision,,,,,,,,,,,2,2,1,1,7
200700014728,0007-03-28 21:44:00,7,3,28,21,44,340,32,SERIGNAN (ROUTE DE),,,Nuit sans éclairage public,Hors agglomération,Hors intersection,Normale,Sans collision,,,,,,,,,,,3,1,1,1,7
200700014729,0007-03-29 05:43:00,7,3,29,5,43,340,32,RHIN ET DANUBE (AV.),,,Nuit avec éclairage allumé,En agglomération,Intersection en X,Normale,Deux véhicules - arrière,,,,,,,,,,,5,2,2,1,2
200700014730,0007-03-30 18:05:00,7,3,30,18,5,340,32,NOGUERES HENRI (RD POINT,,,Plein jour,En agglomération,Giratoire,Normale,Deux véhicules - côté,,,,,,,,,,,1,2,6,1,3
200700014731,0007-03-30 23:20:00,7,3,30,23,20,340,32,"04, BOUIN JEAN (BD)",,,Nuit avec éclairage allumé,En agglomération,Hors intersection,Normale,Deux véhicules - frontale,,,,,,,,,,,5,2,1,1,1
200700014732,0007-03-19 19:18:00,7,3,19,19,18,340,32,"04, PREVOST MARCEL (RUE)",,,Crépuscule ou aube,En agglomération,Intersection en X,Normale,Deux véhicules - côté,,,,,,,,,,,2,2,2,1,3
200700014733,0007-03-20 17:21:00,7,3,20,17,21,340,32,MAS ALPHONSE (AV),,,Plein jour,En agglomération,Intersection en X,Normale,Deux véhicules - côté,,,,,,,,,,,1,2,2,1,3
200700014734,0007-03-23 18:10:00,7,3,23,18,10,340,32,"110, FOCH MARECHAL FERDI",,,Crépuscule ou aube,En agglomération,Intersection en Y,Normale,Deux véhicules - frontale,,,,,,,,,,,2,2,4,1,1
200700014735,0007-03-27 09:45:00,7,3,27,9,45,340,32,DE GAULLE GENERAL (PLACE,,,Plein jour,En agglomération,Hors intersection,Normale,Sans collision,,,,,,,,,,,1,2,1,1,7
200700014736,0007-03-02 00:50:00,7,3,2,0,50,340,172,", JUSTICE DE CASTELNAU (",43.62701,3.8729,Nuit avec éclairage allumé,En agglomération,Intersection en T,Normale,Deux véhicules - côté,,,,,,,,,,,5,2,3,1,3
200700014737,0007-03-02 20:45:00,7,3,2,20,45,340,172,"142, TOULOUSE (AVENUE DE",43.58835,3.85996,Nuit avec éclairage allumé,En agglomération,Hors intersection,Normale,Deux véhicules - côté,,,,,,,,,,,5,2,1,1,3
200700014738,0007-03-02 12:39:00,7,3,2,12,39,340,172,"0, FLAHAULT (AVENUE CHAR",43.62416,3.86212,Plein jour,En agglomération,Intersection en X,Normale,Deux véhicules - côté,,,,,,,,,,,1,2,2,1,3
200700014739,0007-03-05 09:05:00,7,3,5,9,5,340,172,"20, ASSAS (AVENUE D')",,,Plein jour,En agglomération,Hors intersection,Normale,Autre collision,,,,,,,,,,,1,2,1,1,6
200700014740,0007-03-05 13:55:00,7,3,5,13,55,340,172,LEROY-BEAULIEU (PLACE),,,Plein jour,En agglomération,Hors intersection,Normale,Deux véhicules - côté,,,,,,,,,,,1,2,1,1,3
200700014741,0007-03-08 04:30:00,7,3,8,4,30,340,172,"sans, PALAVAS (AVENUE DE",43.60177,3.88442,Nuit avec éclairage allumé,En agglomération,Intersection en X,Temps couvert,Deux véhicules - côté,,,,,,,,,,,5,2,2,8,3
200700014742,0007-03-03 09:27:00,7,3,3,9,27,340,172,GRAMMONT (AVENUE DE),,,Plein jour,Hors agglomération,Hors intersection,Normale,Deux véhicules - arrière,,,,,,,,,,,1,1,1,1,2
200700014743,0007-03-08 17:44:00,7,3,8,17,44,340,172,"470, PONT DE LAVERUNE (R",43.62701,3.87131,Plein jour,En agglomération,Hors intersection,Normale,Autre collision,,,,,,,,,,,1,2,1,1,6
200700014744,0007-03-09 09:20:00,7,3,9,9,20,340,172,FLAHAULT (AVENUE CHARLES,43.62,3.86526,Plein jour,En agglomération,Intersection en T,Normale,Deux véhicules - côté,,,,,,,,,,,1,2,3,1,3
200700014745,0007-03-09 13:23:00,7,3,9,13,23,340,172,"113, JUSTICE DE CASTELNA",43.62699,3.87132,Plein jour,En agglomération,Hors intersection,Normale,Autre collision,,,,,,,,,,,1,2,1,1,6
200700014746,0007-03-10 08:00:00,7,3,10,8,0,340,172,CITADELLE (ALLEE DE LA),43.61229,3.88269,Plein jour,En agglomération,Hors intersection,Normale,Autre collision,,,,,,,,,,,1,2,1,1,6
200700014747,0007-03-10 13:05:00,7,3,10,13,5,340,172,"204, TRIOLET (RUE DU)",,,Plein jour,En agglomération,Hors intersection,Normale,Deux véhicules - arrière,,,,,,,,,,,1,2,1,1,2
200700014748,0007-03-10 18:45:00,7,3,10,18,45,340,172,"., GRASSET (AVENUE DU PR",,,Plein jour,En agglomération,Intersection en X,Normale,Deux véhicules - côté,,,,,,,,,,,1,2,2,1,3
200700014749,0007-03-09 11:32:00,7,3,9,11,32,340,172,"36, CLEMENCEAU (AVENUE G",,,Plein jour,En agglomération,Hors intersection,Normale,Sans collision,,,,,,,,,,,1,2,1,1,7
200700014750,0007-03-12 15:33:00,7,3,12,15,33,340,172,"sans, TOULOUSE (AVENUE D",,,Plein jour,En agglomération,Hors intersection,Normale,Deux véhicules - arrière,,,,,,,,,,,1,2,1,1,2
200700014751,0007-03-03 12:00:00,7,3,3,12,0,340,172,"SANS, GARRATS (AVENUE DE",,,Plein jour,En agglomération,Hors intersection,Normale,Sans collision,,,,,,,,,,,1,2,1,1,7
200700014752,0007-03-13 08:25:00,7,3,13,8,25,340,172,"., TOIRAS (RUE)",,,Plein jour,En agglomération,Hors intersection,Normale,Autre collision,,,,,,,,,,,1,2,1,1,6
200700014753,0007-03-07 13:44:00,7,3,7,13,44,340,172,"202, JEANBRAU (AVENUE DU",,,Plein jour,En agglomération,Hors intersection,Normale,Deux véhicules - côté,,,,,,,,,,,1,2,1,1,3
200700014754,0007-03-13 17:04:00,7,3,13,17,4,340,172,"1022, SORBES (RUE DE LAS",,,Plein jour,En agglomération,Hors intersection,Normale,Autre collision,,,,,,,,,,,1,2,1,1,6
200700014755,0007-03-12 17:40:00,7,3,12,17,40,340,172,"3, DORIA (RUE)",43.61213,3.8668,Plein jour,En agglomération,Hors intersection,Normale,Deux véhicules - côté,,,,,,,,,,,1,2,1,1,3
200700014756,0007-03-14 16:05:00,7,3,14,16,5,340,172,"78, STRASBOURG (BOULEVAR",43.60375,3.89289,Plein jour,En agglomération,Intersection en X,Normale,Deux véhicules - côté,,,,,,,,,,,1,2,2,1,3
200700014757,0007-03-12 19:26:00,7,3,12,19,26,340,172,"167, ARAGON (RUE LOUIS)",,,Nuit avec éclairage allumé,En agglomération,Hors intersection,Normale,Sans collision,,,,,,,,,,,5,2,1,1,7
200700014758,0007-03-14 09:01:00,7,3,14,9,1,340,172,"125, LODEVE (AVENUE DE",,,Plein jour,En agglomération,Hors intersection,Normale,Deux véhicules - côté,,,,,,,,,,,1,2,1,1,3
200700014759,0007-03-15 18:40:00,7,3,15,18,40,340,172,"sans, PAVELET (AVENUE DU",,,Plein jour,En agglomération,Hors intersection,Normale,Sans collision,,,,,,,,,,,1,2,1,1,7
200700014760,0007-03-16 23:00:00,7,3,16,23,0,340,172,MENDES FRANCE (AVENUE PR,43.60351,3.89275,Nuit avec éclairage allumé,En agglomération,Hors intersection,Normale,Autre collision,,,,,,,,,,,5,2,1,1,6
200700014761,0007-03-17 11:50:00,7,3,17,11,50,340,172,"16, BOUISSON-BERTRAND (A",,,Plein jour,En agglomération,Intersection en T,Normale,Deux véhicules - côté,,,,,,,,,,,1,2,3,1,3
200700014762,0007-03-17 15:15:00,7,3,17,15,15,340,172,"37, RABELAIS (BOULEVARD)",43.60164,3.88317,Plein jour,En agglomération,Hors intersection,Normale,Autre collision,,,,,,,,,,,1,2,1,1,6
200700014763,0007-03-16 16:45:00,7,3,16,16,45,340,172,POITIERS (AVENUE GUILHEM,,,Plein jour,En agglomération,Intersection en T,Normale,Deux véhicules - frontale,,,,,,,,,,,1,2,3,1,1
200700014764,0007-03-13 14:45:00,7,3,13,14,45,340,172,", BRINGUIER (AVENUE PAUL",,,Plein jour,En agglomération,Hors intersection,Normale,Trois véhicules et plus - en chaîne,,,,,,,,,,,1,2,1,1,4
200700014765,0007-03-18 20:10:00,7,3,18,20,10,340,172,"sans, SAINT LOUIS (RUE)",,,Nuit avec éclairage allumé,En agglomération,Intersection en T,Normale,Deux véhicules - côté,,,,,,,,,,,5,2,3,1,3
200700014766,0007-03-15 08:15:00,7,3,15,8,15,340,172,"sans, HARCOURT (RUE FRAN",,,Plein jour,En agglomération,Intersection en X,Normale,Deux véhicules - côté,,,,,,,,,,,1,2,2,1,3
200700014767,0007-03-18 13:00:00,7,3,18,13,0,340,172,"sans, ALCO (ROND POINT D",,,Plein jour,En agglomération,Giratoire,Normale,Deux véhicules - arrière,,,,,,,,,,,1,2,6,1,2
200700014768,0007-03-20 14:20:00,7,3,20,14,20,340,172,"70, PONT JUVENAL (AVENUE",43.60552,3.89018,Plein jour,En agglomération,Hors intersection,Vent fort / tempête,Autre collision,,,,,,,,,,,1,2,1,6,6
200700014769,0007-03-21 01:25:00,7,3,21,1,25,340,172,MARCHAND (RUE DU COLONEL,43.62163,3.86864,Nuit avec éclairage allumé,En agglomération,Intersection en T,Pluie légère,Deux véhicules - côté,,,,,,,,,,,5,2,3,2,3
200700014770,0007-03-20 10:45:00,7,3,20,10,45,340,172,"sans, FLAHAULT (AVENUE C",,,Plein jour,En agglomération,Intersection en X,Vent fort / tempête,Deux véhicules - côté,,,,,,,,,,,1,2,2,6,3
200700014771,0007-03-10 13:37:00,7,3,10,13,37,340,198,D21E,,,Plein jour,En agglomération,Hors intersection,Normale,Trois véhicules et plus - collisions multiples,,,,,,,,,,,1,2,1,1,5
200700014772,0007-03-22 07:30:00,7,3,22,7,30,340,172,MENDES FRANCE (AVENUE PR,43.60781,3.91487,Plein jour,En agglomération,Hors intersection,Normale,Sans collision,,,,,,,,,,,1,2,1,1,7
200700014773,0007-03-22 17:45:00,7,3,22,17,45,340,172,"123, LODEVE (AVENUE DE",,,Plein jour,En agglomération,Hors intersection,Normale,Autre collision,,,,,,,,,,,1,2,1,1,6
200700014774,0007-03-23 10:00:00,7,3,23,10,0,340,172,MONTMORENCY (ALLEE HENRI,43.60766,3.91538,Plein jour,En agglomération,Hors intersection,Normale,Deux véhicules - côté,,,,,,,,,,,1,2,1,1,3
200700014775,0007-03-23 17:40:00,7,3,23,17,40,340,172,BECQUEREL (RUE HENRI),,,Plein jour,En agglomération,Intersection en X,Normale,Autre collision,,,,,,,,,,,1,2,2,1,6
200700014776,0007-03-21 08:54:00,7,3,21,8,54,340,172,"sans, PAS DU LOUP (RUE D",,,Plein jour,En agglomération,Hors intersection,Normale,Autre collision,,,,,,,,,,,1,2,1,1,6
200700014777,0007-03-25 07:40:00,7,3,25,7,40,340,129,CARNON (ROUTE DE  D21),43.58932,3.91234,Crépuscule ou aube,Hors agglomération,Hors intersection,Normale,Autre collision,,,,,,,,,,,2,1,1,1,6
200700014778,0007-03-21 10:20:00,7,3,21,10,20,340,172,"100, GAMBETTA (COURS)",,,Plein jour,En agglomération,Hors intersection,Normale,Sans collision,,,,,,,,,,,1,2,1,1,7
200700014779,0007-03-26 22:53:00,7,3,26,22,53,340,172,NOVEMBRE ONZE,,,Nuit avec éclairage allumé,En agglomération,Hors intersection,Normale,Autre collision,,,,,,,,,,,5,2,1,1,6
200700014780,0007-03-29 03:57:00,7,3,29,3,57,340,172,"Sans, ONZE NOVEMBRE (PLA",,,Nuit avec éclairage allumé,En agglomération,Hors intersection,Normale,Autre collision,,,,,,,,,,,5,2,1,1,6
200700014781,0007-03-29 07:30:00,7,3,29,7,30,340,172,"708, MARCHE GARE (AVENUE",43.58409,3.88523,Plein jour,En agglomération,Hors intersection,Normale,Deux véhicules - frontale,,,,,,,,,,,1,2,1,1,1
200700014782,0007-03-28 17:25:00,7,3,28,17,25,340,172,BOUTONNET FAUBOURG,,,Plein jour,En agglomération,Giratoire,Normale,Autre collision,,,,,,,,,,,1,2,6,1,6
200700014783,0007-03-29 14:10:00,7,3,29,14,10,340,172,"704, MOULARES (CHEMIN DE",,,Plein jour,En agglomération,Intersection en T,Normale,Deux véhicules - frontale,,,,,,,,,,,1,2,3,1,1
200700014784,0007-03-29 17:00:00,7,3,29,17,0,340,172,EUROPE (AVENUE DE L'),,,Plein jour,En agglomération,Hors intersection,Normale,Trois véhicules et plus - collisions multiples,,,,,,,,,,,1,2,1,1,5
200700014785,0007-03-29 18:50:00,7,3,29,18,50,340,172,"61, STRASBOURG (BOULEVAR",43.6035,3.88782,Plein jour,En agglomération,Hors intersection,Normale,Autre collision,,,,,,,,,,,1,2,1,1,6
200700014786,0007-03-30 20:22:00,7,3,30,20,22,340,172,"sans, BOUISSES (RUE DES)",,,Nuit avec éclairage non allumé,En agglomération,Intersection en T,Normale,Deux véhicules - côté,,,,,,,,,,,4,2,3,1,3
200700014787,0007-03-12 19:37:00,7,3,12,19,37,340,172,"191, GIRAUD (AVENUE DU D",,,Nuit sans éclairage public,En agglomération,Hors intersection,Normale,Sans collision,,,,,,,,,,,3,2,1,1,7
200700014788,0007-03-05 09:50:00,7,3,5,9,50,340,301,"aucun, CLERVILLE CHEVALI",,,Plein jour,En agglomération,Hors intersection,Normale,Autre collision,,,,,,,,,,,1,2,1,1,6
200700014789,0007-03-13 17:45:00,7,3,13,17,45,340,301,"aucun, ROBESPIERRE MAXIM",,,Plein jour,En agglomération,Hors intersection,Normale,Autre collision,,,,,,,,,,,1,2,1,1,6
200700014790,0007-03-13 19:15:00,7,3,13,19,15,340,301,"FACE AU 21, HUGO VICTOR",,,Nuit avec éclairage allumé,En agglomération,Hors intersection,Normale,Deux véhicules - côté,,,,,,,,,,,5,2,1,1,3
200700014791,0007-03-15 07:50:00,7,3,15,7,50,340,301,"aucun, VILAR JEAN (RUE)",,,Plein jour,En agglomération,Hors intersection,Normale,Deux véhicules - côté,,,,,,,,,,,1,2,1,1,3
200700014792,0007-03-14 00:05:00,7,3,14,0,5,340,301,"aucun, GARE (ROND POINT",,,Nuit avec éclairage allumé,En agglomération,Hors intersection,Normale,Sans collision,,,,,,,,,,,5,2,1,1,7
200700014793,0007-03-27 14:20:00,7,3,27,14,20,340,301,"SANS, BLANC CAMILLE (BOU",,,Plein jour,En agglomération,Hors intersection,Normale,Deux véhicules - arrière,,,,,,,,,,,1,2,1,1,2
200700014794,0007-03-27 16:55:00,7,3,27,16,55,340,108,"sans, RD2 Route de Balar",,,Plein jour,Hors agglomération,Hors intersection,Normale,Deux véhicules - côté,,,,,,,,,,,1,1,1,1,3
200700014795,0007-03-10 15:13:00,7,3,10,15,13,350,150,D 706,,,Plein jour,Hors agglomération,Autre intersection,Normale,Deux véhicules - côté,,,,,,,,,,,1,1,9,1,3
200700014796,0007-03-01 01:20:00,7,3,1,1,20,350,238,MAGINOT (AVENUE SERGENT),,,Nuit avec éclairage allumé,En agglomération,Hors intersection,Pluie légère,Autre collision,,,,,,,,,,,5,2,1,2,6
200700014797,0007-03-01 15:35:00,7,3,1,15,35,350,238,"28, PUITS MAUGER (DU)",,,Plein jour,En agglomération,Hors intersection,Normale,Deux véhicules - arrière,,,,,,,,,,,1,2,1,1,2
200700014798,0007-03-04 03:25:00,7,3,4,3,25,350,238,"00, MIRABEAU",,,Nuit avec éclairage allumé,En agglomération,Hors intersection,Brouillard / fumée,Autre collision,,,,,,,,,,,5,2,1,5,6
200700014799,0007-03-04 05:05:00,7,3,4,5,5,350,238,"238, NANTES (DE)",,,Nuit avec éclairage allumé,En agglomération,Intersection en X,Normale,Trois véhicules et plus - en chaîne,,,,,,,,,,,5,2,2,1,4
200700014800,0007-03-04 17:30:00,7,3,4,17,30,350,238,"00, ARMORIQUE (BD D')",,,Plein jour,En agglomération,Intersection en X,Normale,Sans collision,,,,,,,,,,,1,2,2,1,7
200700014801,0007-03-05 08:50:00,7,3,5,8,50,350,238,PORTE DE NANTES,,,Plein jour,Hors agglomération,Hors intersection,Normale,Trois véhicules et plus - en chaîne,,,,,,,,,,,1,1,1,1,4
200700014802,0007-03-05 08:15:00,7,3,5,8,15,350,238,"00, PATTON (AVENUE DU GE",,,Plein jour,En agglomération,Hors intersection,Normale,Sans collision,,,,,,,,,,,1,2,1,1,7
200700014803,0007-03-06 19:30:00,7,3,6,19,30,350,238,"00, ANJOU (D')",,,Crépuscule ou aube,En agglomération,Intersection en X,Normale,Deux véhicules - côté,,,,,,,,,,,2,2,2,1,3
200700014804,0007-03-06 22:10:00,7,3,6,22,10,350,238,"00, ALBERT 1ER (BD)",,,Nuit avec éclairage allumé,En agglomération,Intersection en X,Normale,Deux véhicules - arrière,,,,,,,,,,,5,2,2,1,2
200700014805,0007-03-08 08:35:00,7,3,8,8,35,350,238,"132 bis, CHATEAUGIRON (D",,,Crépuscule ou aube,En agglomération,Hors intersection,Normale,Deux véhicules - arrière,,,,,,,,,,,2,2,1,1,2
200700014806,0007-03-08 13:30:00,7,3,8,13,30,350,238,BEETHOVEN (ALLEE),,,Plein jour,Hors agglomération,Intersection en T,Normale,Autre collision,,,,,,,,,,,1,1,3,1,6
200700014807,0007-03-09 06:20:00,7,3,9,6,20,350,238,"00, BENOIT (RUE FREDERIC",,,Nuit avec éclairage allumé,En agglomération,Giratoire,Pluie légère,Deux véhicules - arrière,,,,,,,,,,,5,2,6,2,2
200700014808,0007-03-10 02:52:00,7,3,10,2,52,350,238,"13, LAURENT (CHARLES)",,,Nuit avec éclairage allumé,En agglomération,Hors intersection,Normale,Autre collision,,,,,,,,,,,5,2,1,1,6
200700014809,0007-03-13 11:20:00,7,3,13,11,20,350,238,"17, LIBERTE (BD DE LA)",,,Plein jour,En agglomération,Hors intersection,Normale,Sans collision,,,,,,,,,,,1,2,1,1,7
200700014810,0007-03-13 12:25:00,7,3,13,12,25,350,281,"00, RD 177",,,Plein jour,Hors agglomération,Intersection en X,Normale,Trois véhicules et plus - en chaîne,,,,,,,,,,,1,1,2,1,4
200700014811,0007-03-14 16:40:00,7,3,14,16,40,350,55,"00, RD 86",,,Plein jour,Hors agglomération,Hors intersection,Normale,Sans collision,,,,,,,,,,,1,1,1,1,7
200700014812,0007-03-14 20:25:00,7,3,14,20,25,350,238,"00, ABELARD (PIERRE)",,,Nuit avec éclairage allumé,En agglomération,Hors intersection,Normale,Deux véhicules - côté,,,,,,,,,,,5,2,1,1,3
200700014813,0007-03-14 20:35:00,7,3,14,20,35,350,238,"00, MARBEUF (BLD)",,,Nuit avec éclairage allumé,En agglomération,Intersection en X,Normale,Deux véhicules - côté,,,,,,,,,,,5,2,2,1,3
200700014814,0007-03-15 22:30:00,7,3,15,22,30,350,238,"00, SAUVAIE (DE LA)",,,Nuit avec éclairage allumé,En agglomération,Intersection en X,Normale,Autre collision,,,,,,,,,,,5,2,2,1,6
200700014815,0007-03-15 17:05:00,7,3,15,17,5,350,238,"09, HAIE-DES-COGNETS (BO",,,Plein jour,Hors agglomération,Hors intersection,Temps éblouissant,Deux véhicules - côté,,,,,,,,,,,1,1,1,7,3
200700014816,0007-03-15 18:45:00,7,3,15,18,45,350,238,"00, SOLFERINO (BD)",,,Crépuscule ou aube,En agglomération,Intersection en X,Normale,Deux véhicules - côté,,,,,,,,,,,2,2,2,1,3
200700014817,0007-03-16 04:30:00,7,3,16,4,30,350,278,"00, ROUTE DE SAINT-MALO",,,Nuit sans éclairage public,Hors agglomération,Hors intersection,Normale,Autre collision,,,,,,,,,,,3,1,1,1,6
200700014818,0007-03-16 08:05:00,7,3,16,8,5,350,238,"20, CARTIER (BD JACQUES)",,,Plein jour,En agglomération,Hors intersection,Normale,Deux véhicules - côté,,,,,,,,,,,1,2,1,1,3
200700014819,0007-03-16 10:00:00,7,3,16,10,0,350,238,NANTES (DE),,,Plein jour,En agglomération,Hors intersection,Normale,Autre collision,,,,,,,,,,,1,2,1,1,6
200700014820,0007-03-17 09:00:00,7,3,17,9,0,350,55,"00, BONNIN ANDRE (AVENUE",,,Plein jour,En agglomération,Hors intersection,Normale,Deux véhicules - arrière,,,,,,,,,,,1,2,1,1,2