accident_id,datetime,annee,mois,jour,heure,minute,departement,commune_insee,adresse,latitude,longitude,luminosite,agglomeration,intersection,meteo,collision,nb_vehicules,nb_usagers,nb_indemnes,nb_tues,nb_blesses_hosp,nb_blesses_legers,age_cond_1,age_cond_2,veh_type_cond_1,veh_type_cond_2,lum_code,agg_code,int_code,atm_code,col_code
200700014821,0007-03-17 16:50:00,7,3,17,16,50,350,238,"00, TEMPLE-DE-BLOSNE (RU",,,Plein jour,En agglomération,Hors intersection,Normale,Deux véhicules - frontale,,,,,,,,,,,1,2,1,1,1
200700014822,0007-03-20 08:20:00,7,3,20,8,20,350,238,"00, ROCADE 7-8",,,Plein jour,Hors agglomération,Hors intersection,Pluie légère,Deux véhicules - côté,,,,,,,,,,,1,1,1,2,3
200700014823,0007-03-20 17:00:00,7,3,20,17,0,350,55,"00, PONT BOEUF (RUE DU)",,,Plein jour,En agglomération,Hors intersection,Normale,Autre collision,,,,,,,,,,,1,2,1,1,6
200700014824,0007-03-21 07:20:00,7,3,21,7,20,350,238,"00, ROTONDE (PLACE DE LA",,,Plein jour,En agglomération,Place,Normale,Deux véhicules - côté,,,,,,,,,,,1,2,7,1,3
200700014825,0007-03-21 07:55:00,7,3,21,7,55,350,238,"31, SOLFERINO (BD)",,,Plein jour,En agglomération,Hors intersection,Temps éblouissant,Deux véhicules - côté,,,,,,,,,,,1,2,1,7,3
200700014826,0007-03-21 15:10:00,7,3,21,15,10,350,238,"00, FORCES FRANCAISES DE",,,Plein jour,En agglomération,Giratoire,Normale,Deux véhicules - côté,,,,,,,,,,,1,2,6,1,3
200700014827,0007-03-23 07:30:00,7,3,23,7,30,350,55,"00, PONT BOEUF (RUE DU)",,,Plein jour,En agglomération,Hors intersection,Normale,Autre collision,,,,,,,,,,,1,2,1,1,6
200700014828,0007-03-23 07:55:00,7,3,23,7,55,350,238,"00, GUEHENNO (JEAN)",,,Plein jour,En agglomération,Intersection en X,Normale,Autre collision,,,,,,,,,,,1,2,2,1,6
200700014829,0007-03-26 13:50:00,7,3,26,13,50,350,238,"00, BURLOUD (BD ALBERT)",,,Plein jour,En agglomération,Intersection en X,Normale,Deux véhicules - côté,,,,,,,,,,,1,2,2,1,3
200700014830,0007-03-28 12:15:00,7,3,28,12,15,350,238,"00, SERGENT MAGINOT (AVE",,,Plein jour,En agglomération,Hors intersection,Normale,Autre collision,,,,,,,,,,,1,2,1,1,6
200700014831,0007-03-30 18:45:00,7,3,30,18,45,350,238,"00, PORTE DES LONGS CHAM",,,Crépuscule ou aube,Hors agglomération,Hors intersection,Pluie forte,Deux véhicules - côté,,,,,,,,,,,2,1,1,3,3
200700014832,0007-03-30 21:15:00,7,3,30,21,15,350,238,"00, BAS DES LICES (PLACE",,,Nuit avec éclairage allumé,En agglomération,Intersection en Y,Pluie légère,Deux véhicules - frontale,,,,,,,,,,,5,2,4,2,1
200700014833,0007-03-31 08:00:00,7,3,31,8,0,350,238,"00, PORTE DE LORIENT",,,Plein jour,Hors agglomération,Hors intersection,Normale,Sans collision,,,,,,,,,,,1,1,1,1,7
200700014834,0007-03-31 15:03:00,7,3,31,15,3,350,238,"00, REDON (DE)",,,Plein jour,En agglomération,Intersection en X,Normale,Deux véhicules - côté,,,,,,,,,,,1,2,2,1,3
200700014835,0007-03-31 18:35:00,7,3,31,18,35,350,238,"00, DINAN (DE)",,,Plein jour,En agglomération,Intersection en X,Normale,Sans collision,,,,,,,,,,,1,2,2,1,7
200700014836,0007-03-28 10:15:00,7,3,28,10,15,350,288,DE GAULLE GENERAL (AVENU,,,Plein jour,En agglomération,Hors intersection,Normale,Sans collision,,,,,,,,,,,1,2,1,1,7
200700014837,0007-03-28 09:26:00,7,3,28,9,26,350,288,"00000000, RN 137",,,Plein jour,Hors agglomération,Hors intersection,Brouillard / fumée,Deux véhicules - côté,,,,,,,,,,,1,1,1,5,3
200700014838,0007-03-16 21:10:00,7,3,16,21,10,360,63,ROUTE DEPARTEMENTALE 920,,,Nuit sans éclairage public,Hors agglomération,Hors intersection,Normale,Deux véhicules - côté,,,,,,,,,,,3,1,1,1,3
200700014839,0007-03-16 20:00:00,7,3,16,20,0,360,44,"0, ROUTE DEPARTEMENTALE",,,Nuit avec éclairage allumé,Hors agglomération,Intersection en X,Normale,Deux véhicules - côté,,,,,,,,,,,5,1,2,1,3
200700014840,0007-03-02 18:20:00,7,3,2,18,20,360,44,"9, CAZALA (ROGER)",,,Plein jour,En agglomération,Intersection en T,Pluie légère,Deux véhicules - côté,,,,,,,,,,,1,2,3,2,3
200700014841,0007-03-02 14:45:00,7,3,2,14,45,360,63,"0, RD PT GRAND VERGER",,,Plein jour,Hors agglomération,Hors intersection,Pluie légère,Deux véhicules - arrière,,,,,,,,,,,1,1,1,2,2
200700014842,0007-03-11 09:50:00,7,3,11,9,50,360,159,"0, BRAUDERIE (ROUTE)",,,Plein jour,En agglomération,Intersection en T,Normale,Deux véhicules - côté,,,,,,,,,,,1,2,3,1,3
200700014843,0007-03-12 12:12:00,7,3,12,12,12,360,44,AUGRAS (EDMOND),,,Plein jour,En agglomération,Hors intersection,Normale,Deux véhicules - arrière,,,,,,,,,,,1,2,1,1,2
200700014844,0007-03-12 12:50:00,7,3,12,12,50,360,44,"27, ANVAUX (BD D')",,,Plein jour,En agglomération,Hors intersection,Normale,Deux véhicules - côté,,,,,,,,,,,1,2,1,1,3
200700014845,0007-03-15 07:55:00,7,3,15,7,55,360,44,"1, GARROS (ROLAND)",,,Plein jour,En agglomération,Intersection en T,Normale,Deux véhicules - côté,,,,,,,,,,,1,2,3,1,3
200700014846,0007-03-17 10:50:00,7,3,17,10,50,360,44,"0, COUTURE (DE LA)",,,Plein jour,En agglomération,Intersection en X,Temps couvert,Deux véhicules - côté,,,,,,,,,,,1,2,2,8,3
200700014847,0007-03-21 10:15:00,7,3,21,10,15,360,44,"1, RN 20 AV DE VERDUN -",,,Plein jour,En agglomération,Intersection en X,Normale,Deux véhicules - côté,,,,,,,,,,,1,2,2,1,3
200700014848,0007-03-21 15:45:00,7,3,21,15,45,360,44,"86, DE GAULLE (AVENUE DU",,,Plein jour,En agglomération,Hors intersection,Normale,Autre collision,,,,,,,,,,,1,2,1,1,6
200700014849,0007-03-23 04:35:00,7,3,23,4,35,360,63,ROUTE DEPARTEMENTALE 925,,,Nuit sans éclairage public,Hors agglomération,Hors intersection,Normale,Deux véhicules - arrière,,,,,,,,,,,3,1,1,1,2
200700014850,0007-03-27 20:20:00,7,3,27,20,20,360,44,"0, 1945 (DU 8 MAI)",,,Nuit avec éclairage allumé,En agglomération,Intersection en X,Normale,Deux véhicules - côté,,,,,,,,,,,5,2,2,1,3
200700014851,0007-03-03 22:25:00,7,3,3,22,25,370,261,MALRAUX (QUAI ANDRE),,,Nuit avec éclairage allumé,En agglomération,Intersection en X,Normale,Autre collision,,,,,,,,,,,5,2,2,1,6
200700014852,0007-03-05 18:00:00,7,3,5,18,0,370,261,"15, TANNEURS (RUE DES)",,,Plein jour,En agglomération,Hors intersection,Normale,Autre collision,,,,,,,,,,,1,2,1,1,6
200700014853,0007-03-05 16:15:00,7,3,5,16,15,370,233,"6, DUCLOS (AVENUE JACQUE",,,Plein jour,En agglomération,Hors intersection,Normale,Deux véhicules - côté,,,,,,,,,,,1,2,1,1,3
200700014854,0007-03-09 16:55:00,7,3,9,16,55,370,195,SAINT-GENOUPH (ROUTE DE),,,Plein jour,En agglomération,Intersection en T,Normale,Deux véhicules - côté,,,,,,,,,,,1,2,3,1,3
200700014855,0007-03-19 07:25:00,7,3,19,7,25,370,233,LOIRE (LEVEE DE LA),,,Crépuscule ou aube,Hors agglomération,Intersection en T,Pluie légère,Trois véhicules et plus - collisions multiples,,,,,,,,,,,2,1,3,2,5
200700014856,0007-03-14 12:45:00,7,3,14,12,45,370,261,PARCAY (RUE DE),,,Plein jour,Hors agglomération,Hors intersection,Normale,Deux véhicules - frontale,,,,,,,,,,,1,1,1,1,1
200700014857,0007-03-07 15:00:00,7,3,7,15,0,370,261,", PARMENTIER (RUE)",,,Plein jour,En agglomération,Intersection en X,Normale,Deux véhicules - côté,,,,,,,,,,,1,2,2,1,3
200700014858,0007-03-14 17:20:00,7,3,14,17,20,370,261,VERDUN (CARREFOUR DE),,,Plein jour,En agglomération,Giratoire,Normale,Autre collision,,,,,,,,,,,1,2,6,1,6
200700014859,0007-03-16 18:10:00,7,3,16,18,10,370,261,LILLE (RUE DE),,,Plein jour,En agglomération,Intersection en T,Normale,Autre collision,,,,,,,,,,,1,2,3,1,6
200700014860,0007-03-23 22:30:00,7,3,23,22,30,370,261,GANCE (BOULEVARD ABEL),,,Nuit avec éclairage allumé,En agglomération,Hors intersection,Pluie légère,Autre collision,,,,,,,,,,,5,2,1,2,6
200700014861,0007-03-24 04:05:00,7,3,24,4,5,370,261,GUESDE (RUE JULES),,,Nuit avec éclairage allumé,En agglomération,Intersection en X,Temps couvert,Deux véhicules - côté,,,,,,,,,,,5,2,2,8,3
200700014862,0007-03-23 16:20:00,7,3,23,16,20,370,195,"152, MAIRIE (RUE DE LA)",,,Plein jour,En agglomération,Intersection en X,Pluie légère,Deux véhicules - côté,,,,,,,,,,,1,2,2,2,3
200700014863,0007-03-28 08:55:00,7,3,28,8,55,370,261,TANNEURS (RUE DES),,,Plein jour,En agglomération,Hors intersection,Normale,Deux véhicules - arrière,,,,,,,,,,,1,2,1,1,2
200700014864,0007-03-24 10:40:00,7,3,24,10,40,370,261,"07 bis, HEURTELOUP (BOUL",,,Plein jour,En agglomération,Hors intersection,Normale,Deux véhicules - arrière,,,,,,,,,,,1,2,1,1,2
200700014865,0007-03-27 14:29:00,7,3,27,14,29,370,261,BERT (QUAI PAUL),,,Plein jour,En agglomération,Hors intersection,Normale,Autre collision,,,,,,,,,,,1,2,1,1,6
200700014866,0007-03-24 11:20:00,7,3,24,11,20,370,261,DE GAULLE (AVENUE DU GEN,,,Plein jour,En agglomération,Hors intersection,Normale,Autre collision,,,,,,,,,,,1,2,1,1,6
200700014867,0007-03-22 14:15:00,7,3,22,14,15,370,233,DUCLOS (AVENUE JACQUES),,,Plein jour,En agglomération,Intersection en T,Normale,Deux véhicules - côté,,,,,,,,,,,1,2,3,1,3
200700014868,0007-03-14 17:30:00,7,3,14,17,30,380,53,"D522, SAINT JEAN (ROUTE",,,Plein jour,En agglomération,Hors intersection,Normale,Autre collision,,,,,,,,,,,1,2,1,1,6
200700014869,0007-03-02 18:20:00,7,3,2,18,20,380,185,AUTOROUTE A 48,,,Nuit avec éclairage allumé,Hors agglomération,Hors intersection,Pluie légère,Trois véhicules et plus - en chaîne,,,,,,,,,,,5,1,1,2,4
200700014870,0007-03-04 16:50:00,7,3,4,16,50,380,185,"45, ANATOLE FRANCE (RUE",,,Plein jour,En agglomération,Hors intersection,Normale,Autre collision,,,,,,,,,,,1,2,1,1,6
200700014871,0007-03-06 16:30:00,7,3,6,16,30,380,382,AUTOROUTE,,,Plein jour,Hors agglomération,Hors intersection,Normale,Trois véhicules et plus - collisions multiples,,,,,,,,,,,1,1,1,1,5
200700014872,0007-03-07 19:00:00,7,3,7,19,0,380,185,"00, VICTOR HUGO (PLACE)",,,Nuit avec éclairage allumé,En agglomération,Hors intersection,Pluie légère,Autre collision,,,,,,,,,,,5,2,1,2,6
200700014873,0007-03-10 17:45:00,7,3,10,17,45,380,421,ROCADE SUD (CH.PAVE/AVE,,,Plein jour,Hors agglomération,Hors intersection,Normale,Deux véhicules - arrière,,,,,,,,,,,1,1,1,1,2
200700014874,0007-03-11 11:15:00,7,3,11,11,15,380,185,"00, RONDEAU (LE)",,,Plein jour,En agglomération,Intersection en X,Normale,Deux véhicules - côté,,,,,,,,,,,1,2,2,1,3
200700014875,0007-03-12 14:10:00,7,3,12,14,10,380,185,"40, LEON BLUM (AVENUE)",,,Plein jour,En agglomération,Hors intersection,Normale,Deux véhicules - côté,,,,,,,,,,,1,2,1,1,3
200700014876,0007-03-12 19:45:00,7,3,12,19,45,380,185,"00, MARIUS GONTARD (RUE)",,,Nuit avec éclairage allumé,En agglomération,Hors intersection,Normale,Deux véhicules - côté,,,,,,,,,,,5,2,1,1,3
200700014877,0007-03-13 09:45:00,7,3,13,9,45,380,185,"8, PAUL MISTRAL (PLACE)",,,Plein jour,En agglomération,Hors intersection,Normale,Autre collision,,,,,,,,,,,1,2,1,1,6
200700014878,0007-03-13 17:10:00,7,3,13,17,10,380,421,"00, POTIE (AVENUE) ENTRE",,,Plein jour,En agglomération,Hors intersection,Normale,Autre collision,,,,,,,,,,,1,2,1,1,6
200700014879,0007-03-16 09:35:00,7,3,16,9,35,380,185,"10, AIME PUPIN (RUE)",,,Plein jour,En agglomération,Hors intersection,Normale,Autre collision,,,,,,,,,,,1,2,1,1,6
200700014880,0007-03-17 11:40:00,7,3,17,11,40,380,185,"00, GARE (PLACE DE LA)",,,Plein jour,En agglomération,Hors intersection,Normale,Autre collision,,,,,,,,,,,1,2,1,1,6
200700014881,0007-03-18 21:30:00,7,3,18,21,30,380,516,"00, VERDUN (AV. DE)OUEST",,,Nuit avec éclairage allumé,En agglomération,Hors intersection,Pluie légère,Deux véhicules - arrière,,,,,,,,,,,5,2,1,2,2
200700014882,0007-03-20 09:45:00,7,3,20,9,45,380,317,AUTOROUTE,,,Plein jour,Hors agglomération,Hors intersection,Neige / grêle,Deux véhicules - arrière,,,,,,,,,,,1,1,1,4,2
200700014883,0007-03-20 13:50:00,7,3,20,13,50,380,151,"., JAURES (COURS J. 1 A",,,Plein jour,En agglomération,Hors intersection,Neige / grêle,Deux véhicules - arrière,,,,,,,,,,,1,2,1,4,2
200700014884,0007-03-22 12:10:00,7,3,22,12,10,380,185,AUTOROUTE A 480,,,Plein jour,Hors agglomération,Hors intersection,Normale,Trois véhicules et plus - en chaîne,,,,,,,,,,,1,1,1,1,4
200700014885,0007-03-23 15:15:00,7,3,23,15,15,380,185,AUTOROUTE A 480,,,Plein jour,En agglomération,Hors intersection,Normale,Deux véhicules - arrière,,,,,,,,,,,1,2,1,1,2
200700014886,0007-03-26 17:00:00,7,3,26,17,0,380,185,"160, MARTYRS (RUE DES)",,,Plein jour,En agglomération,Hors intersection,Normale,Trois véhicules et plus - en chaîne,,,,,,,,,,,1,2,1,1,4
200700014887,0007-03-28 18:05:00,7,3,28,18,5,380,185,"20, CONSTANTINE (AVENUE",,,Plein jour,En agglomération,Hors intersection,Normale,Trois véhicules et plus - en chaîne,,,,,,,,,,,1,2,1,1,4
200700014888,0007-03-28 22:55:00,7,3,28,22,55,380,317,AUTOROUTE,,,Nuit sans éclairage public,Hors agglomération,Hors intersection,Normale,Trois véhicules et plus - collisions multiples,,,,,,,,,,,3,1,1,1,5
200700014889,0007-03-29 08:40:00,7,3,29,8,40,380,151,"., FOURNIER (RUE L.)",,,Plein jour,En agglomération,Intersection en X,Normale,Deux véhicules - côté,,,,,,,,,,,1,2,2,1,3
200700014890,0007-03-29 14:50:00,7,3,29,14,50,380,185,"6, MARECHAL RANDON (AVEN",,,Plein jour,En agglomération,Intersection en T,Normale,Deux véhicules - côté,,,,,,,,,,,1,2,3,1,3
200700014891,0007-03-19 13:40:00,7,3,19,13,40,380,544,"11, ANATOLE FRANCE(QUAI)",,,Plein jour,En agglomération,Hors intersection,Autre,Autre collision,,,,,,,,,,,1,2,1,9,6
200700014892,0007-03-09 16:20:00,7,3,9,16,20,380,563,"00000, VALOIS (AVENUE DU",,,Plein jour,En agglomération,Hors intersection,Normale,Autre collision,,,,,,,,,,,1,2,1,1,6
200700014893,0007-03-16 15:55:00,7,3,16,15,55,380,563,"47, DUGUEYT-JOUVIN (AVEN",,,Plein jour,En agglomération,Hors intersection,Normale,Autre collision,,,,,,,,,,,1,2,1,1,6
200700014894,0007-03-21 12:05:00,7,3,21,12,5,380,563,", BLANCHISSERIES (ZI)",,,Plein jour,En agglomération,Hors intersection,Pluie légère,Sans collision,,,,,,,,,,,1,2,1,2,7
200700014895,0007-03-28 17:30:00,7,3,28,17,30,380,563,"00, VERDUN (AVENUE DE)",,,Plein jour,En agglomération,Hors intersection,Normale,Autre collision,,,,,,,,,,,1,2,1,1,6
200700014896,0007-03-03 14:50:00,7,3,3,14,50,400,279,RESISTANCE (AVE DE LA),,,Plein jour,En agglomération,Hors intersection,Normale,Deux véhicules - arrière,,,,,,,,,,,1,2,1,1,2
200700014897,0007-03-17 16:20:00,7,3,17,16,20,400,88,SAINT-VINCENT DE PAUL (A,,,Plein jour,En agglomération,Intersection en T,Normale,Deux véhicules - côté,,,,,,,,,,,1,2,3,1,3
200700014898,0007-03-19 06:00:00,7,3,19,6,0,400,279,CIBLES (RUE DES),,,Nuit avec éclairage allumé,En agglomération,Hors intersection,Vent fort / tempête,Autre collision,,,,,,,,,,,5,2,1,6,6
200700014899,0007-03-22 21:00:00,7,3,22,21,0,400,88,SAINT-VINCENT DE PAUL (A,,,Nuit avec éclairage non allumé,En agglomération,Hors intersection,Normale,Autre collision,,,,,,,,,,,4,2,1,1,6
200700014900,0007-03-30 17:30:00,7,3,30,17,30,400,88,CHAULET (RUE GEORGES),,,Plein jour,En agglomération,Hors intersection,Normale,Deux véhicules - côté,,,,,,,,,,,1,2,1,1,3
200700014901,0007-03-05 08:25:00,7,3,5,8,25,400,192,PLACE STANISLAS BARON,,,Plein jour,En agglomération,Giratoire,Normale,Deux véhicules - côté,,,,,,,,,,,1,2,6,1,3
200700014902,0007-03-08 18:10:00,7,3,8,18,10,400,192,"132, CARNOT (BD DE LA BR",,,Plein jour,En agglomération,Hors intersection,Normale,Deux véhicules - côté,,,,,,,,,,,1,2,1,1,3
200700014903,0007-03-21 12:39:00,7,3,21,12,39,400,192,KENNEDY (AV DU PRESIDENT,,,Plein jour,En agglomération,Hors intersection,Normale,Deux véhicules - côté,,,,,,,,,,,1,2,1,1,3
200700014904,0007-03-21 21:00:00,7,3,21,21,0,400,192,HIROIRE (IMPASSE DE LA),,,Nuit avec éclairage allumé,En agglomération,Hors intersection,Normale,Autre collision,,,,,,,,,,,5,2,1,1,6
200700014905,0007-03-28 12:23:00,7,3,28,12,23,400,192,FOCH (AV DU MARECHAL),,,Plein jour,En agglomération,Hors intersection,Normale,Deux véhicules - côté,,,,,,,,,,,1,2,1,1,3
200700014906,0007-03-29 18:25:00,7,3,29,18,25,400,192,"392, FOCH (AV DU MARECHA",,,Plein jour,En agglomération,Autre intersection,Normale,Deux véhicules - côté,,,,,,,,,,,1,2,9,1,3
200700014907,0007-03-11 17:20:00,7,3,11,17,20,410,18,WILSON (AVENUE DU PRESID,,,Plein jour,En agglomération,Giratoire,Normale,Deux véhicules - côté,,,,,,,,,,,1,2,6,1,3
200700014908,0007-03-13 13:50:00,7,3,13,13,50,410,18,VENDOME (AVENUE DE),,,Plein jour,En agglomération,Hors intersection,Normale,Deux véhicules - côté,,,,,,,,,,,1,2,1,1,3
200700014909,0007-03-13 16:50:00,7,3,13,16,50,410,18,BEGON (RUE MICHEL)  N° I,,,Plein jour,En agglomération,Hors intersection,Normale,Autre collision,,,,,,,,,,,1,2,1,1,6
200700014910,0007-03-18 14:24:00,7,3,18,14,24,410,18,BEL AIR (RUE DE),,,Plein jour,En agglomération,Intersection en T,Normale,Deux véhicules - côté,,,,,,,,,,,1,2,3,1,3
200700014911,0007-03-15 18:42:00,7,3,15,18,42,410,18,"15, GUTEMBERG (RUE)",,,Crépuscule ou aube,En agglomération,Hors intersection,Normale,Autre collision,,,,,,,,,,,2,2,1,1,6
200700014912,0007-03-19 09:10:00,7,3,19,9,10,410,18,FOCH (VENUE DU MARECHAL),,,Plein jour,En agglomération,Intersection en X,Temps couvert,Deux véhicules - côté,,,,,,,,,,,1,2,2,8,3
200700014913,0007-03-19 12:45:00,7,3,19,12,45,410,18,LECLERC (AVENUE DU MAREC,,,Plein jour,En agglomération,Hors intersection,Normale,Deux véhicules - arrière,,,,,,,,,,,1,2,1,1,2
200700014914,0007-03-19 17:55:00,7,3,19,17,55,410,18,ROUSSEAU (JEAN JACQUES),,,Plein jour,En agglomération,Intersection en X,Normale,Deux véhicules - côté,,,,,,,,,,,1,2,2,1,3
200700014915,0007-03-23 15:23:00,7,3,23,15,23,410,212,D 956,,,Plein jour,En agglomération,Hors intersection,Pluie légère,Deux véhicules - côté,,,,,,,,,,,1,2,1,2,3
200700014916,0007-03-29 09:30:00,7,3,29,9,30,410,212,"67, NATIONALE (ROUTE)",,,Plein jour,En agglomération,Hors intersection,Normale,Deux véhicules - côté,,,,,,,,,,,1,2,1,1,3
200700014917,0007-03-29 15:55:00,7,3,29,15,55,410,18,"76, MAUNOURY (AVENUE DU",,,Plein jour,En agglomération,Hors intersection,Pluie légère,Deux véhicules - côté,,,,,,,,,,,1,2,1,2,3
200700014918,0007-03-30 08:30:00,7,3,30,8,30,410,18,CITES UNIES (BOULEVARD D,,,Plein jour,En agglomération,Hors intersection,Temps couvert,Deux véhicules - côté,,,,,,,,,,,1,2,1,8,3
200700014919,0007-03-02 13:25:00,7,3,2,13,25,410,226,"08BIS, CONDORCET (RUE)",,,Plein jour,En agglomération,Hors intersection,Normale,Sans collision,,,,,,,,,,,1,2,1,1,7
200700014920,0007-03-01 13:55:00,7,3,1,13,55,410,269,"., LECLERC (MAIL DU MARE",,,Plein jour,En agglomération,Giratoire,Normale,Sans collision,,,,,,,,,,,1,2,6,1,7
200700014921,0007-03-30 17:55:00,7,3,30,17,55,410,269,"13, TREMAULT (BOULEVARD",,,Plein jour,En agglomération,Hors intersection,Normale,Deux véhicules - côté,,,,,,,,,,,1,2,1,1,3
200700014922,0007-03-08 08:00:00,7,3,8,8,0,420,95,CD 500,,,Plein jour,En agglomération,Hors intersection,Pluie légère,Autre collision,,,,,,,,,,,1,2,1,2,6
200700014923,0007-03-10 21:00:00,7,3,10,21,0,420,95,CD 3,,,Nuit avec éclairage allumé,En agglomération,Intersection en T,Normale,Deux véhicules - côté,,,,,,,,,,,5,2,3,1,3
200700014924,0007-03-19 10:15:00,7,3,19,10,15,420,44,"11, SORBIERS (ALLEE DES)",,,Plein jour,En agglomération,Hors intersection,Pluie légère,Deux véhicules - frontale,,,,,,,,,,,1,2,1,2,1
200700014925,0007-03-31 10:15:00,7,3,31,10,15,420,95,HUGO (RUE VICTOR),,,Plein jour,En agglomération,Hors intersection,Normale,Autre collision,,,,,,,,,,,1,2,1,1,6
200700014926,0007-03-06 13:45:00,7,3,6,13,45,420,147,BEAUREGARD (RUE DE),,,Plein jour,En agglomération,Hors intersection,Normale,Autre collision,,,,,,,,,,,1,2,1,1,6
200700014927,0007-03-08 10:00:00,7,3,8,10,0,420,147,"08, DUGUET (BOULEVARD)",,,Plein jour,En agglomération,Intersection en Y,Pluie légère,Deux véhicules - côté,,,,,,,,,,,1,2,4,2,3
200700014928,0007-03-13 10:45:00,7,3,13,10,45,420,147,"2, CHAVASSIEU (BOULEVARD",,,Plein jour,En agglomération,Intersection en X,Normale,Deux véhicules - côté,,,,,,,,,,,1,2,2,1,3
200700014929,0007-03-17 21:10:00,7,3,17,21,10,420,186,"53, D 88",,,Nuit avec éclairage allumé,En agglomération,Hors intersection,Normale,Autre collision,,,,,,,,,,,5,2,1,1,6
200700014930,0007-03-03 19:10:00,7,3,3,19,10,420,71,DE GAULLE (BOULEVARD CHA,,,Nuit avec éclairage allumé,En agglomération,Hors intersection,Normale,Deux véhicules - arrière,,,,,,,,,,,5,2,1,1,2
200700014931,0007-03-05 17:25:00,7,3,5,17,25,420,187,"20, THOMAS (RUE ALBERT)",,,Plein jour,En agglomération,Hors intersection,Normale,Deux véhicules - arrière,,,,,,,,,,,1,2,1,1,2
200700014932,0007-03-03 18:15:00,7,3,3,18,15,420,71,"20, LECLERC (QUAI DU GEN",,,Plein jour,En agglomération,Hors intersection,Normale,Deux véhicules - côté,,,,,,,,,,,1,2,1,1,3
200700014933,0007-03-06 21:30:00,7,3,6,21,30,420,71,"20, LIBERATION (AVENUE D",,,Nuit sans éclairage public,En agglomération,Hors intersection,Normale,Autre collision,,,,,,,,,,,3,2,1,1,6
200700014934,0007-03-10 18:25:00,7,3,10,18,25,420,187,CLERMONT (RUE DE ),,,Crépuscule ou aube,En agglomération,Hors intersection,Normale,Deux véhicules - arrière,,,,,,,,,,,2,2,1,1,2
200700014935,0007-03-14 18:20:00,7,3,14,18,20,420,187,ARRAS (BOULEVARD D'),,,Plein jour,En agglomération,Hors intersection,Normale,Autre collision,,,,,,,,,,,1,2,1,1,6
200700014936,0007-03-20 15:20:00,7,3,20,15,20,420,127,DEMI LIEUE (PLACE DE LA),,,Plein jour,En agglomération,Hors intersection,Normale,Autre collision,,,,,,,,,,,1,2,1,1,6
200700014937,0007-03-21 15:50:00,7,3,21,15,50,420,184,ADER CLEMENT (RUE),,,Plein jour,En agglomération,Hors intersection,Normale,Deux véhicules - côté,,,,,,,,,,,1,2,1,1,3
200700014938,0007-03-23 12:05:00,7,3,23,12,5,420,187,THOMAS (RUE ALBERT),,,Plein jour,En agglomération,Hors intersection,Normale,Autre collision,,,,,,,,,,,1,2,1,1,6
200700014939,0007-03-23 14:00:00,7,3,23,14,0,420,187,LYON (AVENUE DE),,,Plein jour,Hors agglomération,Hors intersection,Normale,Trois véhicules et plus - collisions multiples,,,,,,,,,,,1,1,1,1,5
200700014940,0007-03-03 11:35:00,7,3,3,11,35,420,330,"2, HOTEL DE VILLE",,,Plein jour,En agglomération,Hors intersection,Normale,Autre collision,,,,,,,,,,,1,2,1,1,6
200700014941,0007-03-05 11:15:00,7,3,5,11,15,420,218,KRUMNOW FREDO (BOULEVARD,,,Plein jour,En agglomération,Intersection en X,Temps couvert,Deux véhicules - frontale,,,,,,,,,,,1,2,2,8,1
200700014942,0007-03-05 11:33:00,7,3,5,11,33,420,218,"7, MERLIN DOCTEUR FERNAN",,,Plein jour,En agglomération,Hors intersection,Normale,Trois véhicules et plus - en chaîne,,,,,,,,,,,1,2,1,1,4
200700014943,0007-03-06 07:50:00,7,3,6,7,50,420,218,"00000032, JANIN JULES (B",,,Plein jour,En agglomération,Hors intersection,Normale,Deux véhicules - arrière,,,,,,,,,,,1,2,1,1,2
200700014944,0007-03-07 18:50:00,7,3,7,18,50,420,189,C D 3 - 2,,,Nuit sans éclairage public,Hors agglomération,Hors intersection,Normale,Deux véhicules - arrière,,,,,,,,,,,3,1,1,1,2
200700014945,0007-03-08 17:17:00,7,3,8,17,17,420,218,"01, JOMAYERE",,,Plein jour,En agglomération,Hors intersection,Normale,Autre collision,,,,,,,,,,,1,2,1,1,6
200700014946,0007-03-09 17:37:00,7,3,9,17,37,420,218,"3, FEGUIDE MARCEL",,,Plein jour,En agglomération,Hors intersection,Normale,Autre collision,,,,,,,,,,,1,2,1,1,6
200700014947,0007-03-09 17:35:00,7,3,9,17,35,420,218,"41, CONVENTION (DE LA)",,,Plein jour,En agglomération,Intersection en X,Normale,Deux véhicules - côté,,,,,,,,,,,1,2,2,1,3
200700014948,0007-03-12 07:56:00,7,3,12,7,56,420,218,"5, TISSOT JEAN CLAUDE",,,Plein jour,En agglomération,Hors intersection,Normale,Deux véhicules - côté,,,,,,,,,,,1,2,1,1,3
200700014949,0007-03-13 10:05:00,7,3,13,10,5,420,218,"03, TROIS GLORIEUSES (DE",,,Plein jour,En agglomération,Hors intersection,Normale,Trois véhicules et plus - en chaîne,,,,,,,,,,,1,2,1,1,4
200700014950,0007-03-13 10:30:00,7,3,13,10,30,420,305,"47, HUGO VICTOR",,,Plein jour,En agglomération,Hors intersection,Normale,Autre collision,,,,,,,,,,,1,2,1,1,6
200700014951,0007-03-13 14:45:00,7,3,13,14,45,420,218,VERDUN (AVENUE DE),,,Plein jour,En agglomération,Intersection en X,Normale,Deux véhicules - arrière,,,,,,,,,,,1,2,2,1,2
200700014952,0007-03-19 08:51:00,7,3,19,8,51,420,223,departementale 3,,,Plein jour,Hors agglomération,Hors intersection,Neige / grêle,Deux véhicules - côté,,,,,,,,,,,1,1,1,4,3