accident_id,datetime,annee,mois,jour,heure,minute,departement,commune_insee,adresse,latitude,longitude,luminosite,agglomeration,intersection,meteo,collision,nb_vehicules,nb_usagers,nb_indemnes,nb_tues,nb_blesses_hosp,nb_blesses_legers,age_cond_1,age_cond_2,veh_type_cond_1,veh_type_cond_2,lum_code,agg_code,int_code,atm_code,col_code
200700015087,0007-03-18 13:55:00,7,3,18,13,55,490,7,"0, DE LATTRE DE TASSIGNY",,,Plein jour,En agglomération,Hors intersection,Pluie légère,Sans collision,,,,,,,,,,,1,2,1,2,7
200700015088,0007-03-19 08:06:00,7,3,19,8,6,490,246,"15, HUGO VICTOR RUE",,,Plein jour,En agglomération,Intersection en T,Normale,Deux véhicules - arrière,,,,,,,,,,,1,2,3,1,2
200700015089,0007-03-19 13:58:00,7,3,19,13,58,490,7,"0, DAVIERS BOULEVARD",,,Plein jour,En agglomération,Hors intersection,Temps couvert,Deux véhicules - côté,,,,,,,,,,,1,2,1,8,3
200700015090,0007-03-19 12:09:00,7,3,19,12,9,490,7,"58, STRASBOURG BOULEVARD",,,Plein jour,En agglomération,Intersection en T,Pluie légère,Autre collision,,,,,,,,,,,1,2,3,2,6
200700015091,0007-03-20 08:14:00,7,3,20,8,14,490,7,"80, MILLOT BOULEVARD JAC",,,Plein jour,En agglomération,Hors intersection,Temps couvert,Autre collision,,,,,,,,,,,1,2,1,8,6
200700015092,0007-03-20 17:41:00,7,3,20,17,41,490,7,"27, CHALOUERE",,,Plein jour,En agglomération,Intersection en T,Temps couvert,Deux véhicules - arrière,,,,,,,,,,,1,2,3,8,2
200700015093,0007-03-24 01:29:00,7,3,24,1,29,490,7,"0, MILLOT BOULEVARD JACQ",,,Nuit avec éclairage allumé,En agglomération,Hors intersection,Normale,Autre collision,,,,,,,,,,,5,2,1,1,6
200700015094,0007-03-26 17:33:00,7,3,26,17,33,490,7,"0, RAMEAU CARREFOUR",,,Plein jour,En agglomération,Intersection à plus de 4 branches,Normale,Autre collision,,,,,,,,,,,1,2,5,1,6
200700015095,0007-03-27 14:51:00,7,3,27,14,51,490,7,"23, PRUNIERS",,,Plein jour,Hors agglomération,Hors intersection,Normale,Deux véhicules - côté,,,,,,,,,,,1,1,1,1,3
200700015096,0007-03-28 20:06:00,7,3,28,20,6,490,7,"0, FAURE QUAI",,,Nuit avec éclairage allumé,En agglomération,Hors intersection,Pluie légère,Deux véhicules - frontale,,,,,,,,,,,5,2,1,2,1
200700015097,0007-03-29 19:56:00,7,3,29,19,56,490,246,"21, DAVID D'ANGERS",,,Crépuscule ou aube,En agglomération,Hors intersection,Normale,Sans collision,,,,,,,,,,,2,2,1,1,7
200700015098,0007-03-29 19:53:00,7,3,29,19,53,490,267,"0, BEAUFORT ROUTE",,,Crépuscule ou aube,En agglomération,Intersection en X,Normale,Deux véhicules - côté,,,,,,,,,,,2,2,2,1,3
200700015099,0007-03-30 18:08:00,7,3,30,18,8,490,7,"38, LETANDUERE",,,Plein jour,En agglomération,Hors intersection,Pluie légère,Sans collision,,,,,,,,,,,1,2,1,2,7
200700015100,0007-03-31 10:33:00,7,3,31,10,33,490,7,"0, VIGNE PLACE ET RUE",,,Plein jour,En agglomération,Giratoire,Normale,Autre collision,,,,,,,,,,,1,2,6,1,6
200700015101,0007-03-28 14:30:00,7,3,28,14,30,490,246,"0, levée de sainte gemme",,,Plein jour,Hors agglomération,Hors intersection,Normale,Autre collision,,,,,,,,,,,1,1,1,1,6
200700015102,0007-03-02 10:55:00,7,3,2,10,55,490,99,JUIN (BOULEVARD DU MAREC,,,Plein jour,En agglomération,Hors intersection,Pluie légère,Deux véhicules - arrière,,,,,,,,,,,1,2,1,2,2
200700015103,0007-03-04 10:40:00,7,3,4,10,40,490,99,"2, ROBERT (RUE HENRI)",,,Plein jour,En agglomération,Hors intersection,Normale,Autre collision,,,,,,,,,,,1,2,1,1,6
200700015104,0007-03-05 17:15:00,7,3,5,17,15,490,99,"5, BREMOND (RUE EUGENE)",,,Plein jour,En agglomération,Hors intersection,Normale,Deux véhicules - côté,,,,,,,,,,,1,2,1,1,3
200700015105,0007-03-12 20:35:00,7,3,12,20,35,490,99,LORRAINE (RUE DE),,,Nuit avec éclairage allumé,En agglomération,Intersection en X,Normale,Deux véhicules - côté,,,,,,,,,,,5,2,2,1,3
200700015106,0007-03-19 16:40:00,7,3,19,16,40,490,99,SORINIERES (BOULEVARD DE,,,Plein jour,Hors agglomération,Intersection en T,Normale,Deux véhicules - côté,,,,,,,,,,,1,1,3,1,3
200700015107,0007-03-26 07:25:00,7,3,26,7,25,490,99,"2, SOMME (RUE DE LA)",,,Crépuscule ou aube,En agglomération,Intersection en T,Normale,Autre collision,,,,,,,,,,,2,2,3,1,6
200700015108,0007-03-08 07:50:00,7,3,8,7,50,490,328,147(ROUTE NATIONALE),,,Plein jour,Hors agglomération,Hors intersection,Normale,Deux véhicules - arrière,,,,,,,,,,,1,1,1,1,2
200700015109,0007-03-31 15:05:00,7,3,31,15,5,490,328,"3, GRANDS DETOURS (RUE D",,,Plein jour,En agglomération,Hors intersection,Normale,Autre collision,,,,,,,,,,,1,2,1,1,6
200700015110,0007-03-31 15:06:00,7,3,31,15,6,490,328,"sans, JUIN (BOULEVARD DU",,,Plein jour,En agglomération,Hors intersection,Normale,Trois véhicules et plus - collisions multiples,,,,,,,,,,,1,2,1,1,5
200700015111,0007-03-03 15:35:00,7,3,3,15,35,500,129,"70, VALLE QUINCAMPOIX",,,Plein jour,Hors agglomération,Hors intersection,Normale,Deux véhicules - frontale,,,,,,,,,,,1,1,1,1,1
200700015112,0007-03-09 20:48:00,7,3,9,20,48,500,602,"00, EST (BOULEVARD DE L'",,,Nuit avec éclairage allumé,En agglomération,Intersection en T,Normale,Deux véhicules - frontale,,,,,,,,,,,5,2,3,1,1
200700015113,0007-03-10 00:20:00,7,3,10,0,20,500,416,"16, DIXMUDE (AVENUE DE)",,,Nuit avec éclairage allumé,En agglomération,Hors intersection,Normale,Autre collision,,,,,,,,,,,5,2,1,1,6
200700015114,0007-03-13 07:10:00,7,3,13,7,10,500,129,"31, LAVIEILLE (RUE FRANC",,,Plein jour,En agglomération,Hors intersection,Normale,Sans collision,,,,,,,,,,,1,2,1,1,7
200700015115,0007-03-13 09:20:00,7,3,13,9,20,500,602,"0, COUTURIERES (RUE DES",,,Plein jour,En agglomération,Intersection en X,Normale,Deux véhicules - côté,,,,,,,,,,,1,2,2,1,3
200700015116,0007-03-15 12:00:00,7,3,15,12,0,500,129,"00, GRANDE VALLEE (RUE)",,,Plein jour,En agglomération,Intersection en T,Normale,Deux véhicules - arrière,,,,,,,,,,,1,2,3,1,2
200700015117,0007-03-16 13:30:00,7,3,16,13,30,500,129,"0, MILLET (AVENUE JEAN-F",,,Plein jour,En agglomération,Hors intersection,Normale,Sans collision,,,,,,,,,,,1,2,1,1,7
200700015118,0007-03-19 13:25:00,7,3,19,13,25,500,129,"36, HUGO (RUE VICTOR)",,,Plein jour,En agglomération,Hors intersection,Vent fort / tempête,Deux véhicules - frontale,,,,,,,,,,,1,2,1,6,1
200700015119,0007-03-19 14:15:00,7,3,19,14,15,500,129,ATLANTIQUE (BOULEVARD DE,,,Plein jour,En agglomération,Hors intersection,Vent fort / tempête,Autre collision,,,,,,,,,,,1,2,1,6,6
200700015120,0007-03-21 14:25:00,7,3,21,14,25,500,129,"00, COUBERTIN (RUE PIERR",,,Plein jour,En agglomération,Intersection en X,Normale,Deux véhicules - côté,,,,,,,,,,,1,2,2,1,3
200700015121,0007-03-21 17:00:00,7,3,21,17,0,500,129,"16, CALIGNY (QUAI DE)",,,Plein jour,En agglomération,Hors intersection,Normale,Trois véhicules et plus - en chaîne,,,,,,,,,,,1,2,1,1,4
200700015122,0007-03-21 18:50:00,7,3,21,18,50,500,129,"60, LEMONNIER (AVENUE AM",,,Plein jour,En agglomération,Intersection en X,Normale,Deux véhicules - arrière,,,,,,,,,,,1,2,2,1,2
200700015123,0007-03-23 17:40:00,7,3,23,17,40,500,129,"0, BREMERHAVEN (AVENUE D",,,Plein jour,En agglomération,Hors intersection,Normale,Deux véhicules - arrière,,,,,,,,,,,1,2,1,1,2
200700015124,0007-03-26 12:55:00,7,3,26,12,55,500,129,"00, ENTREPOT (QUAI DE L'",,,Plein jour,En agglomération,Hors intersection,Normale,Sans collision,,,,,,,,,,,1,2,1,1,7
200700015125,0007-03-28 23:30:00,7,3,28,23,30,500,129,"35, CURIE (RUE JOLIOT)",,,Nuit avec éclairage allumé,En agglomération,Hors intersection,Normale,Trois véhicules et plus - collisions multiples,,,,,,,,,,,5,2,1,1,5
200700015126,0007-03-29 08:15:00,7,3,29,8,15,500,602,"171, CAPLAIN (RUE DU)",,,Plein jour,Hors agglomération,Hors intersection,Normale,Autre collision,,,,,,,,,,,1,1,1,1,6
200700015127,0007-03-30 17:55:00,7,3,30,17,55,500,129,"6, NORMANDIE (AVENUE DE)",,,Plein jour,En agglomération,Hors intersection,Pluie légère,Autre collision,,,,,,,,,,,1,2,1,2,6
200700015128,0007-03-30 18:00:00,7,3,30,18,0,500,203,MARETTES (LES),,,Plein jour,En agglomération,Giratoire,Pluie légère,Sans collision,,,,,,,,,,,1,2,6,2,7
200700015129,0007-03-31 12:00:00,7,3,31,12,0,500,203,"0, COTENTIN (PLACE DU)",,,Plein jour,En agglomération,Hors intersection,Pluie légère,Sans collision,,,,,,,,,,,1,2,1,2,7
200700015130,0007-03-31 16:30:00,7,3,31,16,30,500,203,ROUGES TERRES (LES),,,Plein jour,Hors agglomération,Hors intersection,Pluie légère,Sans collision,,,,,,,,,,,1,1,1,2,7
200700015131,0007-03-16 13:00:00,7,3,16,13,0,500,147,GEOFFROY DE MONTBRAY,,,Plein jour,En agglomération,Intersection en X,Normale,Deux véhicules - côté,,,,,,,,,,,1,2,2,1,3
200700015132,0007-03-27 19:00:00,7,3,27,19,0,500,165,"2, PIERRE AIGUE (RUE DE",,,Plein jour,En agglomération,Hors intersection,Normale,Deux véhicules - côté,,,,,,,,,,,1,2,1,1,3
200700015133,0007-03-07 05:40:00,7,3,7,5,40,500,502,HUTREL,,,Nuit sans éclairage public,Hors agglomération,Hors intersection,Normale,Sans collision,,,,,,,,,,,3,1,1,1,7
200700015134,0007-03-10 15:50:00,7,3,10,15,50,500,502,ISIGNY,,,Plein jour,Hors agglomération,Hors intersection,Normale,Deux véhicules - arrière,,,,,,,,,,,1,1,1,1,2
200700015135,0007-03-11 11:05:00,7,3,11,11,5,510,108,"1, GRANDE ETAPE (RUE)",,,Plein jour,En agglomération,Hors intersection,Normale,Autre collision,,,,,,,,,,,1,2,1,1,6
200700015136,0007-03-16 11:15:00,7,3,16,11,15,510,108,"31, VALERY (RUE PAUL)",,,Plein jour,En agglomération,Intersection en Y,Normale,Deux véhicules - côté,,,,,,,,,,,1,2,4,1,3
200700015137,0007-03-13 12:10:00,7,3,13,12,10,510,108,"1, VERDUN (PL DE)",,,Plein jour,En agglomération,Hors intersection,Normale,Deux véhicules - arrière,,,,,,,,,,,1,2,1,1,2
200700015138,0007-03-21 07:35:00,7,3,21,7,35,510,504,"1, RAVEL",,,Crépuscule ou aube,En agglomération,Intersection en X,Normale,Deux véhicules - côté,,,,,,,,,,,2,2,2,1,3
200700015139,0007-03-10 15:00:00,7,3,10,15,0,510,230,BERT (AVENUE PAUL),,,Plein jour,En agglomération,Intersection en X,Normale,Deux véhicules - côté,,,,,,,,,,,1,2,2,1,3
200700015140,0007-03-23 11:30:00,7,3,23,11,30,510,230,RD 40A,,,Plein jour,Hors agglomération,Hors intersection,Pluie légère,Deux véhicules - côté,,,,,,,,,,,1,1,1,2,3
200700015141,0007-03-03 06:55:00,7,3,3,6,55,510,454,VASCO DE GAMMA (BOULEVAR,,,Nuit avec éclairage allumé,En agglomération,Intersection en X,Normale,Deux véhicules - côté,,,,,,,,,,,5,2,2,1,3
200700015142,0007-03-05 17:00:00,7,3,5,17,0,510,454,"08, FABIEN (RUE DU COLON",,,Plein jour,En agglomération,Hors intersection,Normale,Autre collision,,,,,,,,,,,1,2,1,1,6
200700015143,0007-03-06 13:20:00,7,3,6,13,20,510,454,BARBATRE (RUE DU),,,Plein jour,En agglomération,Intersection en X,Pluie forte,Deux véhicules - côté,,,,,,,,,,,1,2,2,3,3
200700015144,0007-03-07 17:50:00,7,3,7,17,50,510,454,"24, GERBERT (RUE)",,,Plein jour,En agglomération,Hors intersection,Normale,Deux véhicules - arrière,,,,,,,,,,,1,2,1,1,2
200700015145,0007-03-09 07:45:00,7,3,9,7,45,510,474,COIDES (AVENUE),,,Plein jour,En agglomération,Intersection en X,Normale,Deux véhicules - côté,,,,,,,,,,,1,2,2,1,3
200700015146,0007-03-09 08:30:00,7,3,9,8,30,510,454,COURLANCY (RUE DE),,,Plein jour,En agglomération,Giratoire,Normale,Deux véhicules - côté,,,,,,,,,,,1,2,6,1,3
200700015147,0007-03-10 01:30:00,7,3,10,1,30,510,454,BOIS D'AMOUR (RUE DU),,,Nuit avec éclairage allumé,Hors agglomération,Intersection en T,Normale,Deux véhicules - côté,,,,,,,,,,,5,1,3,1,3
200700015148,0007-03-07 08:45:00,7,3,7,8,45,510,454,"26, PASTEUR (BOULEVARD)",,,Plein jour,En agglomération,Hors intersection,Temps couvert,Autre collision,,,,,,,,,,,1,2,1,8,6
200700015149,0007-03-12 08:10:00,7,3,12,8,10,510,55,"67, FARMAN (RUE)",,,Plein jour,En agglomération,Hors intersection,Temps éblouissant,Autre collision,,,,,,,,,,,1,2,1,7,6
200700015150,0007-03-14 12:00:00,7,3,14,12,0,510,454,"108, BARBATRE (RUE DU)",,,Plein jour,En agglomération,Intersection en X,Normale,Deux véhicules - arrière,,,,,,,,,,,1,2,2,1,2
200700015151,0007-03-14 17:45:00,7,3,14,17,45,510,454,ONZE NOVEMBRE (PLACE),,,Plein jour,En agglomération,Hors intersection,Normale,Deux véhicules - frontale,,,,,,,,,,,1,2,1,1,1
200700015152,0007-03-16 21:20:00,7,3,16,21,20,510,58,ECUEIL (CHEMIN D'),,,Nuit sans éclairage public,Hors agglomération,Hors intersection,Normale,Autre collision,,,,,,,,,,,3,1,1,1,6
200700015153,0007-03-19 16:00:00,7,3,19,16,0,510,454,HENROT (BOULEVARD HENRI),,,Plein jour,En agglomération,Hors intersection,Neige / grêle,Deux véhicules - arrière,,,,,,,,,,,1,2,1,4,2
200700015154,0007-03-21 11:40:00,7,3,21,11,40,510,454,"72, POMMERY (BOULEVARD)",,,Plein jour,En agglomération,Hors intersection,Normale,Deux véhicules - côté,,,,,,,,,,,1,2,1,1,3
200700015155,0007-03-21 17:10:00,7,3,21,17,10,510,454,MARCHANDEAU (AVENUE PAUL,,,Plein jour,En agglomération,Giratoire,Neige / grêle,Autre collision,,,,,,,,,,,1,2,6,4,6
200700015156,0007-03-26 14:20:00,7,3,26,14,20,510,454,PONSARDIN (RUE ),,,Plein jour,En agglomération,Intersection en T,Normale,Deux véhicules - côté,,,,,,,,,,,1,2,3,1,3
200700015157,0007-03-26 14:55:00,7,3,26,14,55,510,454,"28, JAURES 'AVENUE JEAN)",,,Plein jour,En agglomération,Hors intersection,Normale,Deux véhicules - côté,,,,,,,,,,,1,2,1,1,3
200700015158,0007-03-27 19:55:00,7,3,27,19,55,510,454,PRE AUX MOINES (QUAI),,,Plein jour,En agglomération,Intersection en T,Normale,Deux véhicules - côté,,,,,,,,,,,1,2,3,1,3
200700015159,0007-03-28 10:20:00,7,3,28,10,20,510,454,EPERNAY (AVENUE D') COTE,,,Plein jour,En agglomération,Hors intersection,Normale,Autre collision,,,,,,,,,,,1,2,1,1,6
200700015160,0007-03-28 19:05:00,7,3,28,19,5,510,454,"140, EPERNAY (AVENUE D')",,,Plein jour,En agglomération,Hors intersection,Normale,Trois véhicules et plus - collisions multiples,,,,,,,,,,,1,2,1,1,5
200700015161,0007-03-02 18:20:00,7,3,2,18,20,520,121,"44, MARESCHAL (RUE)",,,Plein jour,En agglomération,Hors intersection,Normale,Deux véhicules - frontale,,,,,,,,,,,1,2,1,1,1
200700015162,0007-03-09 14:00:00,7,3,9,14,0,520,121,"10 BIS, GAMBETTA (BOULEV",,,Plein jour,En agglomération,Hors intersection,Normale,Deux véhicules - arrière,,,,,,,,,,,1,2,1,1,2
200700015163,0007-03-13 08:09:00,7,3,13,8,9,520,121,"0, BROTTES (RUE DE)",,,Crépuscule ou aube,En agglomération,Intersection à plus de 4 branches,Normale,Deux véhicules - côté,,,,,,,,,,,2,2,5,1,3
200700015164,0007-03-13 22:35:00,7,3,13,22,35,520,121,", CURIE (RUE PIERRE)",,,Nuit avec éclairage allumé,En agglomération,Intersection en T,Normale,Autre collision,,,,,,,,,,,5,2,3,1,6
200700015165,0007-03-16 12:30:00,7,3,16,12,30,520,121,"16, GAGARINE (RUE YOURI)",,,Plein jour,En agglomération,Hors intersection,Normale,Autre collision,,,,,,,,,,,1,2,1,1,6
200700015166,0007-03-17 08:50:00,7,3,17,8,50,520,121,"27, VAL BARIZIEN (RUE DU",,,Plein jour,En agglomération,Hors intersection,Normale,Autre collision,,,,,,,,,,,1,2,1,1,6
200700015167,0007-03-20 16:25:00,7,3,20,16,25,520,121,RD 674,,,Plein jour,Hors agglomération,Intersection en T,Normale,Deux véhicules - côté,,,,,,,,,,,1,1,3,1,3
200700015168,0007-03-12 08:00:00,7,3,12,8,0,520,121,"9, ANTOINE POL (AVENUE)",,,Plein jour,En agglomération,Hors intersection,Normale,Autre collision,,,,,,,,,,,1,2,1,1,6
200700015169,0007-03-24 11:15:00,7,3,24,11,15,520,121,RD 674,,,Plein jour,Hors agglomération,Hors intersection,Neige / grêle,Deux véhicules - frontale,,,,,,,,,,,1,1,1,4,1
200700015170,0007-03-30 23:55:00,7,3,30,23,55,520,125,"0, LYCEE (RUE DU)",,,Nuit avec éclairage non allumé,En agglomération,Hors intersection,Normale,Autre collision,,,,,,,,,,,4,2,1,1,6
200700015171,0007-03-16 23:05:00,7,3,16,23,5,520,121,"0, GIRARDEL (AVENUE PHIL",,,Nuit avec éclairage allumé,En agglomération,Intersection en X,Normale,Sans collision,,,,,,,,,,,5,2,2,1,7
200700015172,0007-03-03 09:40:00,7,3,3,9,40,520,448,"2, TOURS (RUE DES)",,,Plein jour,En agglomération,Hors intersection,Normale,Autre collision,,,,,,,,,,,1,2,1,1,6
200700015173,0007-03-05 17:25:00,7,3,5,17,25,520,448,"28, CAMUS (RUE JEAN)",,,Plein jour,En agglomération,Intersection en X,Normale,Deux véhicules - côté,,,,,,,,,,,1,2,2,1,3
200700015174,0007-03-06 09:55:00,7,3,6,9,55,520,448,"12, HUGO (AVENUE VICTOR)",,,Plein jour,En agglomération,Hors intersection,Normale,Autre collision,,,,,,,,,,,1,2,1,1,6
200700015175,0007-03-07 06:30:00,7,3,7,6,30,520,448,"127, ALSACE LORRAINE (AV",,,Nuit avec éclairage allumé,En agglomération,Intersection en X,Normale,Deux véhicules - côté,,,,,,,,,,,5,2,2,1,3
200700015176,0007-03-11 16:40:00,7,3,11,16,40,520,448,"11, DUNANT (BOULEVARD HE",,,Plein jour,En agglomération,Hors intersection,Normale,Sans collision,,,,,,,,,,,1,2,1,1,7
200700015177,0007-03-19 13:30:00,7,3,19,13,30,520,448,RN4,,,Plein jour,Hors agglomération,Hors intersection,Temps couvert,Deux véhicules - arrière,,,,,,,,,,,1,1,1,8,2
200700015178,0007-03-21 11:30:00,7,3,21,11,30,520,448,"39, DEUX PIGEONS (AVENUE",,,Plein jour,En agglomération,Intersection en T,Normale,Deux véhicules - côté,,,,,,,,,,,1,2,3,1,3
200700015179,0007-03-28 07:35:00,7,3,28,7,35,520,448,RN67,,,Plein jour,Hors agglomération,Hors intersection,Normale,Trois véhicules et plus - collisions multiples,,,,,,,,,,,1,1,1,1,5
200700015180,0007-03-09 13:30:00,7,3,9,13,30,530,130,"140, AVESNIERES ( QUAI D",,,Plein jour,En agglomération,Hors intersection,Normale,Autre collision,,,,,,,,,,,1,2,1,1,6
200700015181,0007-03-17 16:20:00,7,3,17,16,20,530,130,"27, VICTOR ( RUE )",,,Plein jour,En agglomération,Hors intersection,Normale,Deux véhicules - côté,,,,,,,,,,,1,2,1,1,3
200700015182,0007-03-18 11:35:00,7,3,18,11,35,530,130,"1, BRITAIS ( IMPASSE DU",,,Plein jour,En agglomération,Intersection en T,Normale,Autre collision,,,,,,,,,,,1,2,3,1,6
200700015183,0007-03-17 14:20:00,7,3,17,14,20,530,130,FOUGERES ( AVENUE DE ),,,Plein jour,En agglomération,Intersection en X,Normale,Deux véhicules - côté,,,,,,,,,,,1,2,2,1,3
200700015184,0007-03-27 18:20:00,7,3,27,18,20,530,130,"50, HAUTE FOLLIS ( RUE )",,,Plein jour,En agglomération,Hors intersection,Normale,Deux véhicules - côté,,,,,,,,,,,1,2,1,1,3
200700015185,0007-03-31 04:05:00,7,3,31,4,5,530,54,RAYEE ( LIEU DIT LA ),,,Nuit sans éclairage public,Hors agglomération,Hors intersection,Temps couvert,Sans collision,,,,,,,,,,,3,1,1,8,7
200700015186,0007-03-02 10:20:00,7,3,2,10,20,540,263,"106/107, REPUBLIQUE (AVE",,,Plein jour,En agglomération,Hors intersection,Normale,Autre collision,,,,,,,,,,,1,2,1,1,6
200700015187,0007-03-30 20:45:00,7,3,30,20,45,540,549,"05, MARECHAL FOCH (RUE D",,,Nuit avec éclairage allumé,En agglomération,Intersection en Y,Pluie forte,Deux véhicules - côté,,,,,,,,,,,5,2,4,3,3
200700015188,0007-03-04 19:15:00,7,3,4,19,15,540,451,"40, CUTRY (ROUTE DE)",,,Nuit avec éclairage allumé,En agglomération,Hors intersection,Normale,Deux véhicules - côté,,,,,,,,,,,5,2,1,1,3
200700015189,0007-03-07 20:30:00,7,3,7,20,30,540,451,"1, CHENIERES (RUE DE)",,,Nuit avec éclairage allumé,En agglomération,Hors intersection,Normale,Deux véhicules - côté,,,,,,,,,,,5,2,1,1,3
200700015190,0007-03-19 08:25:00,7,3,19,8,25,540,329,"47 BIS, AVENUE VOLTAIRE",,,Plein jour,En agglomération,Hors intersection,Temps couvert,Autre collision,,,,,,,,,,,1,2,1,8,6
200700015191,0007-03-01 12:20:00,7,3,1,12,20,540,197,"1, PRIMEVERES (RUE DES)",,,Plein jour,En agglomération,Intersection en T,Pluie légère,Deux véhicules - frontale,,,,,,,,,,,1,2,3,2,1
200700015192,0007-03-01 15:40:00,7,3,1,15,40,540,357,"1, RD 30",,,Plein jour,En agglomération,Intersection en X,Normale,Deux véhicules - arrière,,,,,,,,,,,1,2,2,1,2
200700015193,0007-03-01 20:20:00,7,3,1,20,20,540,482,"53, CARNOT (AVENUE)",,,Nuit avec éclairage allumé,En agglomération,Hors intersection,Normale,Autre collision,,,,,,,,,,,5,2,1,1,6
200700015194,0007-03-03 05:30:00,7,3,3,5,30,540,395,"1, QUATRE EGLISES (RUE D",,,Nuit avec éclairage allumé,En agglomération,Hors intersection,Normale,Autre collision,,,,,,,,,,,5,2,1,1,6
200700015195,0007-03-03 19:15:00,7,3,3,19,15,540,304,"1, DEROULEDE (AVENUE PAU",,,Crépuscule ou aube,En agglomération,Intersection en T,Normale,Deux véhicules - côté,,,,,,,,,,,2,2,3,1,3
200700015196,0007-03-04 08:55:00,7,3,4,8,55,540,395,ARC (RUE JEANNE D' N°1 A,,,Plein jour,En agglomération,Intersection en X,Normale,Deux véhicules - côté,,,,,,,,,,,1,2,2,1,3
200700015197,0007-03-05 16:20:00,7,3,5,16,20,540,395,"1, CONCORDE (PONT DE LA)",,,Crépuscule ou aube,En agglomération,Hors intersection,Normale,Autre collision,,,,,,,,,,,2,2,1,1,6
200700015198,0007-03-05 14:30:00,7,3,5,14,30,540,395,SAINT DIZIER (RUE 82 ET,,,Plein jour,En agglomération,Intersection en T,Normale,Autre collision,,,,,,,,,,,1,2,3,1,6
200700015199,0007-03-08 07:50:00,7,3,8,7,50,540,395,"1, GIRAUD (PLACE DU GENE",,,Plein jour,En agglomération,Giratoire,Normale,Deux véhicules - arrière,,,,,,,,,,,1,2,6,1,2
200700015200,0007-03-08 12:20:00,7,3,8,12,20,540,395,"34, BATAILLE (QUAI DE LA",,,Plein jour,En agglomération,Hors intersection,Normale,Deux véhicules - côté,,,,,,,,,,,1,2,1,1,3
200700015201,0007-03-09 16:00:00,7,3,9,16,0,540,395,"1, JAURES (BOULEVARD JEA",,,Plein jour,En agglomération,Hors intersection,Normale,Deux véhicules - arrière,,,,,,,,,,,1,2,1,1,2
200700015202,0007-03-09 08:45:00,7,3,9,8,45,540,395,"1, AUXONNE (RUE D')",,,Plein jour,En agglomération,Hors intersection,Normale,Deux véhicules - arrière,,,,,,,,,,,1,2,1,1,2
200700015203,0007-03-09 17:40:00,7,3,9,17,40,540,482,"1, BARTHOU (RUE LOUIS)",,,Plein jour,En agglomération,Intersection en T,Pluie légère,Deux véhicules - côté,,,,,,,,,,,1,2,3,2,3
200700015204,0007-03-10 09:00:00,7,3,10,9,0,540,439,SAULXURES (RUE DE),,,Plein jour,En agglomération,Giratoire,Normale,Deux véhicules - côté,,,,,,,,,,,1,2,6,1,3
200700015205,0007-03-10 14:30:00,7,3,10,14,30,540,395,"1, CYFFLE (RUE)",,,Plein jour,En agglomération,Hors intersection,Normale,Trois véhicules et plus - collisions multiples,,,,,,,,,,,1,2,1,1,5
200700015206,0007-03-11 12:30:00,7,3,11,12,30,540,547,"1, GEMBLOUX (RUE DE)",,,Plein jour,En agglomération,Hors intersection,Normale,Autre collision,,,,,,,,,,,1,2,1,1,6
200700015207,0007-03-11 16:35:00,7,3,11,16,35,540,357,"1, ZENITH",,,Plein jour,Hors agglomération,Hors intersection,Normale,Sans collision,,,,,,,,,,,1,1,1,1,7
200700015208,0007-03-09 06:30:00,7,3,9,6,30,540,482,"1, CARNOT (AVENUE)",,,Crépuscule ou aube,En agglomération,Intersection en T,Normale,Sans collision,,,,,,,,,,,2,2,3,1,7
200700015209,0007-03-13 16:00:00,7,3,13,16,0,540,547,"1, CREVIC (RUE DE)",,,Plein jour,En agglomération,Hors intersection,Normale,Autre collision,,,,,,,,,,,1,2,1,1,6
200700015210,0007-03-13 19:05:00,7,3,13,19,5,540,357,"1, CHARCOT (RUE DU COMMA",,,Plein jour,En agglomération,Hors intersection,Normale,Deux véhicules - arrière,,,,,,,,,,,1,2,1,1,2
200700015211,0007-03-15 10:40:00,7,3,15,10,40,540,547,"1, KEHL (RUE DE)",,,Plein jour,En agglomération,Intersection en T,Normale,Deux véhicules - côté,,,,,,,,,,,1,2,3,1,3
200700015212,0007-03-15 17:25:00,7,3,15,17,25,540,304,BOUFFLERS (AV DE 336/401,,,Plein jour,En agglomération,Hors intersection,Normale,Deux véhicules - côté,,,,,,,,,,,1,2,1,1,3
200700015213,0007-03-16 08:40:00,7,3,16,8,40,540,395,"1, HAGUENAUER (RUE DU GR",,,Plein jour,En agglomération,Hors intersection,Normale,Autre collision,,,,,,,,,,,1,2,1,1,6
200700015214,0007-03-19 08:00:00,7,3,19,8,0,540,395,SELLIER (RUE),,,Plein jour,En agglomération,Hors intersection,Normale,Autre collision,,,,,,,,,,,1,2,1,1,6
200700015215,0007-03-19 08:55:00,7,3,19,8,55,540,395,"17, LEPAGE (RUE BASTIEN)",,,Plein jour,En agglomération,Hors intersection,Normale,Autre collision,,,,,,,,,,,1,2,1,1,6
200700015216,0007-03-19 12:05:00,7,3,19,12,5,540,395,"1, LAMOUR (RUE JEAN)",,,Plein jour,En agglomération,Intersection en X,Normale,Autre collision,,,,,,,,,,,1,2,2,1,6
200700015217,0007-03-19 15:00:00,7,3,19,15,0,540,547,"2, PALISSY (RUE BERNARD)",,,Plein jour,En agglomération,Intersection en X,Normale,Deux véhicules - côté,,,,,,,,,,,1,2,2,1,3
200700015218,0007-03-19 20:50:00,7,3,19,20,50,540,547,"1, EUROPE (BOULEVARD DE",,,Nuit avec éclairage allumé,En agglomération,Intersection à plus de 4 branches,Normale,Deux véhicules - frontale,,,,,,,,,,,5,2,5,1,1