accident_id,datetime,annee,mois,jour,heure,minute,departement,commune_insee,adresse,latitude,longitude,luminosite,agglomeration,intersection,meteo,collision,nb_vehicules,nb_usagers,nb_indemnes,nb_tues,nb_blesses_hosp,nb_blesses_legers,age_cond_1,age_cond_2,veh_type_cond_1,veh_type_cond_2,lum_code,agg_code,int_code,atm_code,col_code
200700015350,0007-03-03 09:15:00,7,3,3,9,15,590,172,"2, BRUNET (R. ARTHUR)",,,Plein jour,En agglomération,Hors intersection,Vent fort / tempête,Autre collision,,,,,,,,,,,1,2,1,6,6
200700015351,0007-03-10 13:25:00,7,3,10,13,25,590,172,"., JAURES (AV. JEAN)",,,Plein jour,En agglomération,Intersection en X,Normale,Deux véhicules - côté,,,,,,,,,,,1,2,2,1,3
200700015352,0007-03-16 15:00:00,7,3,16,15,0,590,172,"52, JAURES (AV. JEAN)",,,Plein jour,En agglomération,Autre intersection,Normale,Autre collision,,,,,,,,,,,1,2,9,1,6
200700015353,0007-03-17 17:05:00,7,3,17,17,5,590,589,"., MONCHAUX (Route)",,,Plein jour,Hors agglomération,Hors intersection,Normale,Deux véhicules - frontale,,,,,,,,,,,1,1,1,1,1
200700015354,0007-03-21 07:30:00,7,3,21,7,30,590,632,"42, MATTEOTI",,,Plein jour,En agglomération,Hors intersection,Normale,Deux véhicules - frontale,,,,,,,,,,,1,2,1,1,1
200700015355,0007-03-17 12:35:00,7,3,17,12,35,590,172,PETIT (R. LOUIS),,,Plein jour,En agglomération,Hors intersection,Normale,Deux véhicules - frontale,,,,,,,,,,,1,2,1,1,1
200700015356,0007-03-27 22:55:00,7,3,27,22,55,590,172,"., BRUNET (R. ARTHUR)",,,Nuit avec éclairage allumé,En agglomération,Intersection en X,Normale,Deux véhicules - côté,,,,,,,,,,,5,2,2,1,3
200700015357,0007-03-15 16:55:00,7,3,15,16,55,590,178,CHAPPUY (RUE LOUIS),,,Plein jour,En agglomération,Intersection en X,Normale,Deux véhicules - côté,,,,,,,,,,,1,2,2,1,3
200700015358,0007-03-26 16:40:00,7,3,26,16,40,590,165,RN 421,,,Plein jour,Hors agglomération,Autre intersection,Normale,Autre collision,,,,,,,,,,,1,1,9,1,6
200700015359,0007-03-28 18:30:00,7,3,28,18,30,590,654,CD 917 (Echangeur RN 455,,,Plein jour,Hors agglomération,Hors intersection,Normale,Deux véhicules - côté,,,,,,,,,,,1,1,1,1,3
200700015360,0007-03-01 14:05:00,7,3,1,14,5,590,183,"13, JACOBSOONE",,,Plein jour,En agglomération,Hors intersection,Normale,Autre collision,,,,,,,,,,,1,2,1,1,6
200700015361,0007-03-02 17:55:00,7,3,2,17,55,590,183,"07, BELLEVUE",,,Plein jour,En agglomération,Hors intersection,Normale,Autre collision,,,,,,,,,,,1,2,1,1,6
200700015362,0007-03-04 04:30:00,7,3,4,4,30,590,271,"., RN 1",,,Nuit avec éclairage non allumé,En agglomération,Hors intersection,Normale,Autre collision,,,,,,,,,,,4,2,1,1,6
200700015363,0007-03-08 17:30:00,7,3,8,17,30,590,183,"000, MARAICHERS - QUAI",,,Plein jour,En agglomération,Hors intersection,Normale,Deux véhicules - arrière,,,,,,,,,,,1,2,1,1,2
200700015364,0007-03-11 18:50:00,7,3,11,18,50,590,131,"132, EGLISE",,,Crépuscule ou aube,En agglomération,Hors intersection,Normale,Deux véhicules - frontale,,,,,,,,,,,2,2,1,1,1
200700015365,0007-03-22 19:15:00,7,3,22,19,15,590,540,"0.000, SAMARITAINE",,,Plein jour,En agglomération,Hors intersection,Normale,Autre collision,,,,,,,,,,,1,2,1,1,6
200700015366,0007-03-26 12:00:00,7,3,26,12,0,590,183,"0.000, HUGO VICTOR - BOU",,,Plein jour,En agglomération,Hors intersection,Normale,Sans collision,,,,,,,,,,,1,2,1,1,7
200700015367,0007-03-31 22:15:00,7,3,31,22,15,590,540,"., MARCEAU",,,Nuit avec éclairage allumé,En agglomération,Intersection en X,Normale,Autre collision,,,,,,,,,,,5,2,2,1,6
200700015368,0007-03-06 11:10:00,7,3,6,11,10,590,249,"156, THEOPHILE LEGRAND (",,,Plein jour,Hors agglomération,Hors intersection,Pluie forte,Deux véhicules - côté,,,,,,,,,,,1,1,1,3,3
200700015369,0007-03-22 21:30:00,7,3,22,21,30,590,359,"464, MARDYCK (RUE DE)",,,Nuit avec éclairage allumé,En agglomération,Hors intersection,Normale,Deux véhicules - côté,,,,,,,,,,,5,2,1,1,3
200700015370,0007-03-02 13:40:00,7,3,2,13,40,590,295,"79, BOULEVARD ABBE LEMIR",,,Plein jour,En agglomération,Hors intersection,Normale,Deux véhicules - côté,,,,,,,,,,,1,2,1,1,3
200700015371,0007-03-08 09:40:00,7,3,8,9,40,590,295,"8, BOULEVARD ABBE LEMIRE",,,Plein jour,En agglomération,Hors intersection,Normale,Deux véhicules - frontale,,,,,,,,,,,1,2,1,1,1
200700015372,0007-03-01 02:40:00,7,3,1,2,40,590,104,RN49,,,Nuit sans éclairage public,Hors agglomération,Hors intersection,Pluie forte,Deux véhicules - arrière,,,,,,,,,,,3,1,1,3,2
200700015373,0007-03-01 16:50:00,7,3,1,16,50,590,286,JACQUART AVENUE,,,Plein jour,En agglomération,Hors intersection,Normale,Autre collision,,,,,,,,,,,1,2,1,1,6
200700015374,0007-03-01 21:10:00,7,3,1,21,10,590,350,"127, LIBERTE BVD N°2 A 9",,,Nuit avec éclairage allumé,En agglomération,Hors intersection,Normale,Deux véhicules - côté,,,,,,,,,,,5,2,1,1,3
200700015375,0007-03-02 00:15:00,7,3,2,0,15,590,346,"98, DEFAUX JEAN BAPTISTE",,,Nuit avec éclairage allumé,En agglomération,Hors intersection,Normale,Deux véhicules - côté,,,,,,,,,,,5,2,1,1,3
200700015376,0007-03-03 08:35:00,7,3,3,8,35,590,368,CLEMENCEAU GEORGES RUE,,,Plein jour,En agglomération,Hors intersection,Pluie forte,Autre collision,,,,,,,,,,,1,2,1,3,6
200700015377,0007-03-03 14:00:00,7,3,3,14,0,590,350,"Sans objet, MALSENCE RUE",,,Plein jour,En agglomération,Hors intersection,Normale,Autre collision,,,,,,,,,,,1,2,1,1,6
200700015378,0007-03-03 19:00:00,7,3,3,19,0,590,368,DE GAULLE RUE DU GENERAL,,,Crépuscule ou aube,En agglomération,Intersection en X,Normale,Deux véhicules - côté,,,,,,,,,,,2,2,2,1,3
200700015379,0007-03-05 21:15:00,7,3,5,21,15,590,350,SOLFERINO RUE N°1 A 159,,,Nuit avec éclairage allumé,En agglomération,Intersection en X,Vent fort / tempête,Deux véhicules - côté,,,,,,,,,,,5,2,2,6,3
200700015380,0007-03-06 19:30:00,7,3,6,19,30,590,378,"001, DOMINIAL (127 AV. D",,,Nuit avec éclairage allumé,En agglomération,Hors intersection,Pluie légère,Deux véhicules - frontale,,,,,,,,,,,5,2,1,2,1
200700015381,0007-03-07 09:15:00,7,3,7,9,15,590,350,"108, SANS PEUR RUE JEAN",,,Plein jour,En agglomération,Intersection en T,Normale,Deux véhicules - côté,,,,,,,,,,,1,2,3,1,3
200700015382,0007-03-06 20:30:00,7,3,6,20,30,590,507,"09, JAURES JEAN RUE",,,Plein jour,En agglomération,Intersection en Y,Pluie légère,Autre collision,,,,,,,,,,,1,2,4,2,6
200700015383,0007-03-08 14:30:00,7,3,8,14,30,590,350,FIVES PONT,,,Plein jour,En agglomération,Hors intersection,Normale,Deux véhicules - arrière,,,,,,,,,,,1,2,1,1,2
200700015384,0007-03-07 17:10:00,7,3,7,17,10,590,350,"208, SOLFERINO RUE N°208",,,Plein jour,En agglomération,Hors intersection,Normale,Autre collision,,,,,,,,,,,1,2,1,1,6
200700015385,0007-03-08 21:55:00,7,3,8,21,55,590,350,"Sans objet, DOUAI RUE",,,Nuit avec éclairage allumé,En agglomération,Hors intersection,Normale,Autre collision,,,,,,,,,,,5,2,1,1,6
200700015386,0007-03-08 23:45:00,7,3,8,23,45,590,350,NATIONALE RUE N°RESTE IM,,,Nuit avec éclairage allumé,En agglomération,Hors intersection,Normale,Sans collision,,,,,,,,,,,5,2,1,1,7
200700015387,0007-03-09 08:50:00,7,3,9,8,50,590,350,"06, FAUBOURG D'ARRAS RUE",,,Crépuscule ou aube,En agglomération,Intersection en X,Normale,Autre collision,,,,,,,,,,,2,2,2,1,6
200700015388,0007-03-09 17:45:00,7,3,9,17,45,590,350,"Sans objet, IENA RUE D'",,,Plein jour,En agglomération,Hors intersection,Normale,Autre collision,,,,,,,,,,,1,2,1,1,6
200700015389,0007-03-09 18:15:00,7,3,9,18,15,590,636,"07, ACACIAS RUE DES",,,Plein jour,En agglomération,Intersection en T,Normale,Autre collision,,,,,,,,,,,1,2,3,1,6
200700015390,0007-03-10 18:00:00,7,3,10,18,0,590,410,ANJOU RUE D,,,Plein jour,En agglomération,Intersection en T,Normale,Deux véhicules - arrière,,,,,,,,,,,1,2,3,1,2
200700015391,0007-03-11 11:40:00,7,3,11,11,40,590,343,JAURES JEAN RUE,,,Plein jour,Hors agglomération,Hors intersection,Normale,Autre collision,,,,,,,,,,,1,1,1,1,6
200700015392,0007-03-12 12:50:00,7,3,12,12,50,590,350,FAUBOURG DES POSTES RUE,,,Plein jour,En agglomération,Intersection en X,Normale,Deux véhicules - côté,,,,,,,,,,,1,2,2,1,3
200700015393,0007-03-12 22:25:00,7,3,12,22,25,590,360,"59, FERRY JULES RUE",,,Nuit avec éclairage allumé,En agglomération,Hors intersection,Normale,Autre collision,,,,,,,,,,,5,2,1,1,6
200700015394,0007-03-13 09:50:00,7,3,13,9,50,590,350,"Sans objet, REPUBLIQUE A",,,Plein jour,En agglomération,Hors intersection,Normale,Autre collision,,,,,,,,,,,1,2,1,1,6
200700015395,0007-03-13 12:30:00,7,3,13,12,30,590,9,"22, GUESDE JULES RUE",,,Plein jour,En agglomération,Hors intersection,Temps éblouissant,Autre collision,,,,,,,,,,,1,2,1,7,6
200700015396,0007-03-13 14:15:00,7,3,13,14,15,590,350,"34, FAUBOURG DE BETHUNE",,,Plein jour,En agglomération,Hors intersection,Normale,Autre collision,,,,,,,,,,,1,2,1,1,6
200700015397,0007-03-13 15:30:00,7,3,13,15,30,590,350,"128, DUNKERQUE AVENUE",,,Plein jour,En agglomération,Hors intersection,Normale,Autre collision,,,,,,,,,,,1,2,1,1,6
200700015398,0007-03-13 17:20:00,7,3,13,17,20,590,560,BOUVRY ROGER RUE,,,Plein jour,En agglomération,Intersection en X,Normale,Deux véhicules - côté,,,,,,,,,,,1,2,2,1,3
200700015399,0007-03-13 18:45:00,7,3,13,18,45,590,350,"001, HEGEL RUE",,,Crépuscule ou aube,En agglomération,Hors intersection,Normale,Deux véhicules - frontale,,,,,,,,,,,2,2,1,1,1
200700015400,0007-03-14 08:40:00,7,3,14,8,40,590,350,"135, FAUBOURG DE ROUBAIX",,,Plein jour,En agglomération,Hors intersection,Normale,Deux véhicules - côté,,,,,,,,,,,1,2,1,1,3
200700015401,0007-03-14 08:30:00,7,3,14,8,30,590,378,"414, BAILLY ALBERT RUE",,,Plein jour,En agglomération,Hors intersection,Normale,Autre collision,,,,,,,,,,,1,2,1,1,6
200700015402,0007-03-15 07:45:00,7,3,15,7,45,590,560,"Sans objet, REPUBLIQUE A",,,Plein jour,En agglomération,Hors intersection,Normale,Autre collision,,,,,,,,,,,1,2,1,1,6
200700015403,0007-03-15 18:30:00,7,3,15,18,30,590,378,"130, FOCH AVENUE N°2-130",,,Crépuscule ou aube,En agglomération,Intersection en X,Normale,Deux véhicules - côté,,,,,,,,,,,2,2,2,1,3
200700015404,0007-03-15 19:15:00,7,3,15,19,15,590,328,"001, LIBERTE AVENUE DE L",,,Crépuscule ou aube,En agglomération,Hors intersection,Normale,Autre collision,,,,,,,,,,,2,2,1,1,6
200700015405,0007-03-16 12:30:00,7,3,16,12,30,590,350,"9, BASSEE RUE DE LA",,,Plein jour,En agglomération,Hors intersection,Normale,Autre collision,,,,,,,,,,,1,2,1,1,6
200700015406,0007-03-16 21:10:00,7,3,16,21,10,590,386,"001, PETERS HENRI RUE",,,Nuit avec éclairage allumé,En agglomération,Intersection en T,Normale,Deux véhicules - côté,,,,,,,,,,,5,2,3,1,3
200700015407,0007-03-16 23:50:00,7,3,16,23,50,590,350,DE COUBERTIN PIERRE BOUL,,,Nuit avec éclairage allumé,Hors agglomération,Hors intersection,Normale,Deux véhicules - côté,,,,,,,,,,,5,1,1,1,3
200700015408,0007-03-17 12:10:00,7,3,17,12,10,590,350,"192, GIRAUDOUX JEAN RUE",,,Plein jour,En agglomération,Hors intersection,Normale,Autre collision,,,,,,,,,,,1,2,1,1,6
200700015409,0007-03-18 16:55:00,7,3,18,16,55,590,350,"83, ARC RUE JEANNE D N°1",,,Plein jour,En agglomération,Hors intersection,Normale,Autre collision,,,,,,,,,,,1,2,1,1,6
200700015410,0007-03-19 12:00:00,7,3,19,12,0,590,350,"112, FAUBOURG DE ROUBAIX",,,Plein jour,En agglomération,Intersection en T,Neige / grêle,Autre collision,,,,,,,,,,,1,2,3,4,6
200700015411,0007-03-19 16:00:00,7,3,19,16,0,590,350,WERNIERS GUILLAUME  RUE,,,Plein jour,En agglomération,Intersection en X,Normale,Deux véhicules - côté,,,,,,,,,,,1,2,2,1,3
200700015412,0007-03-13 06:20:00,7,3,13,6,20,590,9,"Sans objet, FERRY JULES",,,Crépuscule ou aube,En agglomération,Giratoire,Normale,Autre collision,,,,,,,,,,,2,2,6,1,6
200700015413,0007-03-20 22:10:00,7,3,20,22,10,590,328,"0, HIPPODROME AV DE L N°",,,Nuit avec éclairage allumé,En agglomération,Intersection en Y,Pluie légère,Autre collision,,,,,,,,,,,5,2,4,2,6
200700015414,0007-03-20 20:00:00,7,3,20,20,0,590,350,CORBUSIER AVENUE LE,,,Nuit avec éclairage allumé,En agglomération,Intersection en X,Pluie légère,Autre collision,,,,,,,,,,,5,2,2,2,6
200700015415,0007-03-21 16:30:00,7,3,21,16,30,590,350,VAN DYCK RUE,,,Plein jour,En agglomération,Intersection en T,Pluie légère,Autre collision,,,,,,,,,,,1,2,3,2,6
200700015416,0007-03-21 08:35:00,7,3,21,8,35,590,350,"Sans objet, VANHOENACKER",,,Plein jour,En agglomération,Intersection en Y,Normale,Autre collision,,,,,,,,,,,1,2,4,1,6
200700015417,0007-03-21 18:50:00,7,3,21,18,50,590,350,"135, LIBERTE BVD N°2 A 9",,,Crépuscule ou aube,En agglomération,Hors intersection,Normale,Autre collision,,,,,,,,,,,2,2,1,1,6
200700015418,0007-03-22 08:01:00,7,3,22,8,1,590,9,"180, BARATTE GASTON RUE",,,Plein jour,En agglomération,Hors intersection,Normale,Autre collision,,,,,,,,,,,1,2,1,1,6
200700015419,0007-03-22 12:40:00,7,3,22,12,40,590,350,"001, VOLTAIRE RUE",,,Plein jour,En agglomération,Intersection en X,Normale,Autre collision,,,,,,,,,,,1,2,2,1,6
200700015420,0007-03-22 14:30:00,7,3,22,14,30,590,350,"35, HUGO VICTOR  BVD N°I",,,Plein jour,En agglomération,Hors intersection,Normale,Autre collision,,,,,,,,,,,1,2,1,1,6
200700015421,0007-03-23 12:05:00,7,3,23,12,5,590,350,"1, GOUBET RUE",,,Plein jour,En agglomération,Hors intersection,Normale,Autre collision,,,,,,,,,,,1,2,1,1,6
200700015422,0007-03-20 19:00:00,7,3,20,19,0,590,350,"00, BRANDT WILLY AVENUE",,,Nuit avec éclairage non allumé,En agglomération,Intersection en T,Pluie légère,Autre collision,,,,,,,,,,,4,2,3,2,6
200700015423,0007-03-26 13:10:00,7,3,26,13,10,590,378,FOCH AVENUE N°1-137,,,Plein jour,En agglomération,Hors intersection,Normale,Autre collision,,,,,,,,,,,1,2,1,1,6
200700015424,0007-03-26 13:30:00,7,3,26,13,30,590,9,"Sans objet, SCIENCES PON",,,Plein jour,En agglomération,Intersection en X,Normale,Autre collision,,,,,,,,,,,1,2,2,1,6
200700015425,0007-03-22 13:45:00,7,3,22,13,45,590,350,BUISSES PLACE DES,,,Plein jour,En agglomération,Hors intersection,Normale,Deux véhicules - arrière,,,,,,,,,,,1,2,1,1,2
200700015426,0007-03-22 17:55:00,7,3,22,17,55,590,286,"30, PERI GABRIEL RUE",,,Plein jour,En agglomération,Hors intersection,Normale,Autre collision,,,,,,,,,,,1,2,1,1,6
200700015427,0007-03-12 11:25:00,7,3,12,11,25,590,350,MAUBEUGE RUE N°1 A 17-34,,,Plein jour,En agglomération,Intersection en X,Normale,Deux véhicules - côté,,,,,,,,,,,1,2,2,1,3
200700015428,0007-03-28 07:20:00,7,3,28,7,20,590,9,LANNOY RUE DE,,,Plein jour,En agglomération,Intersection en T,Normale,Deux véhicules - côté,,,,,,,,,,,1,2,3,1,3
200700015429,0007-03-28 14:15:00,7,3,28,14,15,590,350,"20, MOLINEL RUE DU",,,Plein jour,En agglomération,Hors intersection,Normale,Deux véhicules - arrière,,,,,,,,,,,1,2,1,1,2
200700015430,0007-03-29 10:30:00,7,3,29,10,30,590,350,"01, SCHUMAN ROBERT BOULE",,,Plein jour,Hors agglomération,Hors intersection,Normale,Autre collision,,,,,,,,,,,1,1,1,1,6
200700015431,0007-03-29 13:28:00,7,3,29,13,28,590,378,CLEMENCEAU BLVD (N°168-2,,,Plein jour,Hors agglomération,Hors intersection,Normale,Deux véhicules - arrière,,,,,,,,,,,1,1,1,1,2
200700015432,0007-03-29 14:15:00,7,3,29,14,15,590,350,LANNOY RUE,,,Plein jour,En agglomération,Intersection en X,Normale,Deux véhicules - côté,,,,,,,,,,,1,2,2,1,3
200700015433,0007-03-31 07:45:00,7,3,31,7,45,590,9,ROUBAIX ANTENNE DU SUD D,,,Plein jour,Hors agglomération,Hors intersection,Normale,Trois véhicules et plus - collisions multiples,,,,,,,,,,,1,1,1,1,5
200700015434,0007-03-31 14:05:00,7,3,31,14,5,590,286,"Sans objet, EGLISE PLACE",,,Plein jour,En agglomération,Intersection en X,Normale,Autre collision,,,,,,,,,,,1,2,2,1,6
200700015435,0007-03-31 17:10:00,7,3,31,17,10,590,378,"210, MENIN RUE DE",,,Plein jour,En agglomération,Hors intersection,Normale,Deux véhicules - arrière,,,,,,,,,,,1,2,1,1,2
200700015436,0007-03-06 06:50:00,7,3,6,6,50,590,343,JAURES JEAN RUE,,,Crépuscule ou aube,En agglomération,Hors intersection,Normale,Autre collision,,,,,,,,,,,2,2,1,1,6
200700015437,0007-03-05 15:55:00,7,3,5,15,55,590,392,SAINT-QUENTIN (RUE DU FA,,,Plein jour,En agglomération,Intersection en T,Normale,Deux véhicules - côté,,,,,,,,,,,1,2,3,1,3
200700015438,0007-03-11 12:20:00,7,3,11,12,20,590,225,ROGER SALENGRO (RUE),,,Plein jour,En agglomération,Hors intersection,Normale,Deux véhicules - côté,,,,,,,,,,,1,2,1,1,3
200700015439,0007-03-27 20:40:00,7,3,27,20,40,590,392,SAINTE EMILIE (RUE),,,Nuit sans éclairage public,En agglomération,Intersection en X,Normale,Deux véhicules - côté,,,,,,,,,,,3,2,2,1,3
200700015440,0007-03-02 20:40:00,7,3,2,20,40,590,512,DE GAULLE  (BOULEVARD DU,,,Nuit avec éclairage allumé,En agglomération,Intersection en X,Pluie légère,Autre collision,,,,,,,,,,,5,2,2,2,6
200700015441,0007-03-12 16:00:00,7,3,12,16,0,590,512,SAINT ANTOINE (RUE),,,Plein jour,En agglomération,Intersection en T,Normale,Autre collision,,,,,,,,,,,1,2,3,1,6
200700015442,0007-03-02 14:20:00,7,3,2,14,20,590,646,CHATEAUX (RUE DES),,,Plein jour,Hors agglomération,Intersection en T,Normale,Sans collision,,,,,,,,,,,1,1,3,1,7
200700015443,0007-03-02 14:05:00,7,3,2,14,5,590,512,LILLE ( RUE DE),,,Plein jour,En agglomération,Intersection en X,Normale,Deux véhicules - côté,,,,,,,,,,,1,2,2,1,3
200700015444,0007-03-10 17:35:00,7,3,10,17,35,590,512,ROUSSEAU (RUE JEAN JACQU,,,Plein jour,En agglomération,Hors intersection,Normale,Autre collision,,,,,,,,,,,1,2,1,1,6
200700015445,0007-03-04 03:00:00,7,3,4,3,0,590,512,BEAUMONT (RUE DE),,,Nuit avec éclairage allumé,En agglomération,Intersection en X,Normale,Deux véhicules - côté,,,,,,,,,,,5,2,2,1,3
200700015446,0007-03-04 08:50:00,7,3,4,8,50,590,512,VOLTAIRE (RUE),,,Plein jour,En agglomération,Hors intersection,Normale,Deux véhicules - frontale,,,,,,,,,,,1,2,1,1,1
200700015447,0007-03-07 12:50:00,7,3,7,12,50,590,512,ALMA GARE (PLACE),,,Plein jour,En agglomération,Giratoire,Normale,Autre collision,,,,,,,,,,,1,2,6,1,6
200700015448,0007-03-09 16:00:00,7,3,9,16,0,590,512,TRENTE  (RUE DES),,,Plein jour,En agglomération,Hors intersection,Normale,Autre collision,,,,,,,,,,,1,2,1,1,6
200700015449,0007-03-11 19:25:00,7,3,11,19,25,590,512,VERCOUTERE (RUE JEAN BAP,,,Nuit avec éclairage allumé,En agglomération,Hors intersection,Normale,Deux véhicules - frontale,,,,,,,,,,,5,2,1,1,1
200700015450,0007-03-11 12:40:00,7,3,11,12,40,590,299,CD 700,,,Plein jour,En agglomération,Hors intersection,Normale,Sans collision,,,,,,,,,,,1,2,1,1,7
200700015451,0007-03-12 16:15:00,7,3,12,16,15,590,299,GUESDE (RUE JULES),,,Plein jour,En agglomération,Hors intersection,Normale,Trois véhicules et plus - en chaîne,,,,,,,,,,,1,2,1,1,4
200700015452,0007-03-17 23:50:00,7,3,17,23,50,590,299,CD 700,,,Nuit sans éclairage public,Hors agglomération,Hors intersection,Normale,Trois véhicules et plus - collisions multiples,,,,,,,,,,,3,1,1,1,5
200700015453,0007-03-11 19:00:00,7,3,11,19,0,590,646,TRIEZ (RUE DU),,,Nuit avec éclairage non allumé,En agglomération,Intersection en X,Normale,Sans collision,,,,,,,,,,,4,2,2,1,7
200700015454,0007-03-12 08:40:00,7,3,12,8,40,590,650,STEPHENSON (RUE),,,Plein jour,En agglomération,Hors intersection,Normale,Autre collision,,,,,,,,,,,1,2,1,1,6
200700015455,0007-03-12 06:40:00,7,3,12,6,40,590,512,NOUVEAU MONDE (RUE DU),,,Plein jour,En agglomération,Intersection en T,Normale,Deux véhicules - côté,,,,,,,,,,,1,2,3,1,3
200700015456,0007-03-12 13:12:00,7,3,12,13,12,590,512,SAINT MARTIN (CONTOUR),,,Plein jour,En agglomération,Hors intersection,Normale,Autre collision,,,,,,,,,,,1,2,1,1,6
200700015457,0007-03-13 17:55:00,7,3,13,17,55,590,512,LANNOY (RUE DE),,,Plein jour,En agglomération,Hors intersection,Normale,Deux véhicules - côté,,,,,,,,,,,1,2,1,1,3
200700015458,0007-03-15 08:55:00,7,3,15,8,55,590,512,PARABOLES (AVENUE DES),,,Plein jour,En agglomération,Intersection en T,Normale,Autre collision,,,,,,,,,,,1,2,3,1,6
200700015459,0007-03-20 13:40:00,7,3,20,13,40,590,512,PARC DES SPORTS (AVENUE,,,Plein jour,En agglomération,Hors intersection,Pluie légère,Deux véhicules - arrière,,,,,,,,,,,1,2,1,2,2
200700015460,0007-03-15 13:55:00,7,3,15,13,55,590,512,D'ANGERS  (RUE DAVID,,,Plein jour,En agglomération,Hors intersection,Normale,Deux véhicules - côté,,,,,,,,,,,1,2,1,1,3
200700015461,0007-03-17 16:15:00,7,3,17,16,15,590,367,FRESNOY (RUE DU),,,Plein jour,En agglomération,Hors intersection,Normale,Deux véhicules - arrière,,,,,,,,,,,1,2,1,1,2
200700015462,0007-03-18 15:32:00,7,3,18,15,32,590,512,BRAILLE (RUE LOUIS),,,Plein jour,En agglomération,Hors intersection,Pluie légère,Autre collision,,,,,,,,,,,1,2,1,2,6
200700015463,0007-03-15 08:50:00,7,3,15,8,50,590,650,GUESDE (RUE JULES),,,Plein jour,En agglomération,Hors intersection,Normale,Deux véhicules - côté,,,,,,,,,,,1,2,1,1,3
200700015464,0007-03-18 18:20:00,7,3,18,18,20,590,512,FOCH (RUE DU MARECHAL),,,Plein jour,En agglomération,Hors intersection,Pluie légère,Sans collision,,,,,,,,,,,1,2,1,2,7
200700015465,0007-03-02 09:04:00,7,3,2,9,4,590,512,BEAUREPAIRE (BOULEVARD),,,Plein jour,Hors agglomération,Intersection en T,Normale,Deux véhicules - côté,,,,,,,,,,,1,1,3,1,3
200700015466,0007-03-02 12:15:00,7,3,2,12,15,590,650,DELVAINQUIERE (PLACE JEA,,,Plein jour,En agglomération,Hors intersection,Normale,Deux véhicules - arrière,,,,,,,,,,,1,2,1,1,2
200700015467,0007-03-11 16:45:00,7,3,11,16,45,590,650,LEERS (RUE DE),,,Plein jour,En agglomération,Hors intersection,Normale,Deux véhicules - côté,,,,,,,,,,,1,2,1,1,3
200700015468,0007-03-22 21:00:00,7,3,22,21,0,590,163,FLANDRE (AVENUE DE),,,Nuit avec éclairage allumé,Hors agglomération,Hors intersection,Normale,Trois véhicules et plus - collisions multiples,,,,,,,,,,,5,1,1,1,5
200700015469,0007-03-17 15:30:00,7,3,17,15,30,590,512,BOIS (RUE DU),,,Plein jour,En agglomération,Hors intersection,Normale,Deux véhicules - côté,,,,,,,,,,,1,2,1,1,3
200700015470,0007-03-17 16:30:00,7,3,17,16,30,590,367,FRESNOY (RUE DU),,,Plein jour,En agglomération,Hors intersection,Normale,Deux véhicules - arrière,,,,,,,,,,,1,2,1,1,2
200700015471,0007-03-22 07:45:00,7,3,22,7,45,590,512,SARTEL (QUAI DU),,,Plein jour,En agglomération,Hors intersection,Normale,Deux véhicules - côté,,,,,,,,,,,1,2,1,1,3
200700015472,0007-03-17 08:40:00,7,3,17,8,40,590,299,LAVOISIER (RUE),,,Plein jour,En agglomération,Hors intersection,Normale,Autre collision,,,,,,,,,,,1,2,1,1,6
200700015473,0007-03-14 18:23:00,7,3,14,18,23,590,650,PERI (RUE GABRIEL),,,Plein jour,En agglomération,Intersection en T,Normale,Deux véhicules - côté,,,,,,,,,,,1,2,3,1,3
200700015474,0007-03-26 21:35:00,7,3,26,21,35,590,299,LIONDERIE (RUE DE LA),,,Nuit avec éclairage allumé,En agglomération,Hors intersection,Normale,Deux véhicules - arrière,,,,,,,,,,,5,2,1,1,2
200700015475,0007-03-20 14:05:00,7,3,20,14,5,590,512,MONTESQUIEU (BOULEVARD),,,Plein jour,En agglomération,Intersection en X,Normale,Deux véhicules - côté,,,,,,,,,,,1,2,2,1,3
200700015476,0007-03-20 14:08:00,7,3,20,14,8,590,163,FLANDRE (AVENUE DE),,,Plein jour,En agglomération,Hors intersection,Normale,Deux véhicules - côté,,,,,,,,,,,1,2,1,1,3
200700015477,0007-03-28 08:20:00,7,3,28,8,20,590,512,HALLE RUE DE LA),,,Plein jour,En agglomération,Hors intersection,Normale,Deux véhicules - côté,,,,,,,,,,,1,2,1,1,3
200700015478,0007-03-21 11:10:00,7,3,21,11,10,590,299,RENOIR (ALLEE),,,Plein jour,Hors agglomération,Hors intersection,Temps couvert,Deux véhicules - frontale,,,,,,,,,,,1,1,1,8,1
200700015479,0007-03-22 09:10:00,7,3,22,9,10,590,512,REPUBLIQUE (BOULEVARD DE,,,Plein jour,En agglomération,Hors intersection,Normale,Autre collision,,,,,,,,,,,1,2,1,1,6
200700015480,0007-03-27 16:40:00,7,3,27,16,40,590,646,NUNGESSER (RUE),,,Plein jour,En agglomération,Intersection en T,Normale,Autre collision,,,,,,,,,,,1,2,3,1,6
200700015481,0007-03-26 14:30:00,7,3,26,14,30,590,512,GUESDE (RUE JULES),,,Plein jour,En agglomération,Hors intersection,Normale,Deux véhicules - côté,,,,,,,,,,,1,2,1,1,3
200700015482,0007-03-27 18:10:00,7,3,27,18,10,590,339,EUROPE (AVENUE DE L'),,,Plein jour,Hors agglomération,Intersection en T,Normale,Deux véhicules - frontale,,,,,,,,,,,1,1,3,1,1
200700015483,0007-03-28 16:45:00,7,3,28,16,45,590,512,TOURCOING (RUE DE),,,Plein jour,En agglomération,Intersection en X,Normale,Deux véhicules - côté,,,,,,,,,,,1,2,2,1,3