accident_id,datetime,annee,mois,jour,heure,minute,departement,commune_insee,adresse,latitude,longitude,luminosite,agglomeration,intersection,meteo,collision,nb_vehicules,nb_usagers,nb_indemnes,nb_tues,nb_blesses_hosp,nb_blesses_legers,age_cond_1,age_cond_2,veh_type_cond_1,veh_type_cond_2,lum_code,agg_code,int_code,atm_code,col_code
200700015748,0007-03-22 09:30:00,7,3,22,9,30,670,482,"0, EUROPE (PONT DE L )",,,Plein jour,En agglomération,Hors intersection,Neige / grêle,Deux véhicules - arrière,,,,,,,,,,,1,2,1,4,2
200700015749,0007-03-22 14:10:00,7,3,22,14,10,670,482,RHIN (ROUTE DU),,,Plein jour,En agglomération,Hors intersection,Normale,Autre collision,,,,,,,,,,,1,2,1,1,6
200700015750,0007-03-22 19:20:00,7,3,22,19,20,670,482,OBERHAUSBERGEN (ROUTE D,,,Nuit avec éclairage allumé,En agglomération,Hors intersection,Pluie légère,Deux véhicules - côté,,,,,,,,,,,5,2,1,2,3
200700015751,0007-03-23 03:10:00,7,3,23,3,10,670,482,VOSGES (AVENUE DES),,,Nuit avec éclairage allumé,En agglomération,Hors intersection,Pluie légère,Autre collision,,,,,,,,,,,5,2,1,2,6
200700015752,0007-03-23 13:00:00,7,3,23,13,0,670,482,MUSAU (RUE DE LA),,,Plein jour,En agglomération,Intersection en X,Pluie forte,Deux véhicules - côté,,,,,,,,,,,1,2,2,3,3
200700015753,0007-03-26 14:00:00,7,3,26,14,0,670,218,STRASBOURG (ROUTE DE),,,Plein jour,En agglomération,Intersection en X,Normale,Autre collision,,,,,,,,,,,1,2,2,1,6
200700015754,0007-03-26 15:40:00,7,3,26,15,40,670,447,MARAIS (RUE DU),,,Plein jour,En agglomération,Hors intersection,Normale,Autre collision,,,,,,,,,,,1,2,1,1,6
200700015755,0007-03-26 17:30:00,7,3,26,17,30,670,482,ABBE LEMIRE (RUE DE L ),,,Plein jour,En agglomération,Hors intersection,Normale,Deux véhicules - côté,,,,,,,,,,,1,2,1,1,3
200700015756,0007-03-26 17:55:00,7,3,26,17,55,670,482,RATHSAMSHAUSEN (RUE DE),,,Plein jour,En agglomération,Intersection en T,Normale,Deux véhicules - côté,,,,,,,,,,,1,2,3,1,3
200700015757,0007-03-26 20:15:00,7,3,26,20,15,670,482,"25, SCHULMEISTER (RUE)",,,Nuit avec éclairage allumé,En agglomération,Hors intersection,Normale,Deux véhicules - côté,,,,,,,,,,,5,2,1,1,3
200700015758,0007-03-29 13:40:00,7,3,29,13,40,670,447,"00, GENERAL DE GAULLE (R",,,Plein jour,En agglomération,Intersection en X,Pluie légère,Deux véhicules - arrière,,,,,,,,,,,1,2,2,2,2
200700015759,0007-03-29 13:41:00,7,3,29,13,41,670,447,"0, LAUTERBOURG (RUE DE)",,,Plein jour,En agglomération,Intersection en X,Temps couvert,Deux véhicules - côté,,,,,,,,,,,1,2,2,8,3
200700015760,0007-03-30 07:00:00,7,3,30,7,0,670,482,"face au 62, STAEDEL (RUE",,,Plein jour,En agglomération,Hors intersection,Normale,Deux véhicules - frontale,,,,,,,,,,,1,2,1,1,1
200700015761,0007-03-30 16:00:00,7,3,30,16,0,670,482,"00, GENERAL KOENIG (QUAI",,,Plein jour,En agglomération,Intersection en X,Normale,Deux véhicules - côté,,,,,,,,,,,1,2,2,1,3
200700015762,0007-03-31 12:55:00,7,3,31,12,55,670,482,"9, LAVOISIER (RUE)",,,Plein jour,En agglomération,Hors intersection,Pluie légère,Deux véhicules - côté,,,,,,,,,,,1,2,1,2,3
200700015763,0007-03-04 12:20:00,7,3,4,12,20,680,66,"13, EST (RUE DE L')",,,Plein jour,En agglomération,Intersection en X,Normale,Deux véhicules - côté,,,,,,,,,,,1,2,2,1,3
200700015764,0007-03-16 20:15:00,7,3,16,20,15,680,66,"19, 5° DIVISION BLINDEE",,,Nuit avec éclairage allumé,En agglomération,Hors intersection,Normale,Autre collision,,,,,,,,,,,5,2,1,1,6
200700015765,0007-03-21 08:20:00,7,3,21,8,20,680,66,SEMM (RUE DE LA),,,Plein jour,En agglomération,Giratoire,Normale,Deux véhicules - côté,,,,,,,,,,,1,2,6,1,3
200700015766,0007-03-23 15:10:00,7,3,23,15,10,680,66,"1, ALSACE (RUE D')",,,Plein jour,En agglomération,Intersection en X,Pluie légère,Deux véhicules - arrière,,,,,,,,,,,1,2,2,2,2
200700015767,0007-03-26 19:00:00,7,3,26,19,0,680,66,"12, AMSTERDAM ( RUE D')",,,Plein jour,En agglomération,Hors intersection,Normale,Autre collision,,,,,,,,,,,1,2,1,1,6
200700015768,0007-03-27 12:50:00,7,3,27,12,50,680,66,"1, ALSACE (RUE D')",,,Plein jour,En agglomération,Intersection à plus de 4 branches,Normale,Deux véhicules - côté,,,,,,,,,,,1,2,5,1,3
200700015769,0007-03-28 13:15:00,7,3,28,13,15,680,66,"14, SELESTAT (ROUTE DE)",,,Plein jour,En agglomération,Hors intersection,Normale,Autre collision,,,,,,,,,,,1,2,1,1,6
200700015770,0007-03-30 15:20:00,7,3,30,15,20,680,66,"28, POINCARE (AVENUE RAY",,,Plein jour,En agglomération,Hors intersection,Normale,Deux véhicules - arrière,,,,,,,,,,,1,2,1,1,2
200700015771,0007-03-07 09:45:00,7,3,7,9,45,680,112,"12B, DECK, Théodore (rue",,,Plein jour,En agglomération,Passage à niveau,Temps couvert,Autre collision,,,,,,,,,,,1,2,8,8,6
200700015772,0007-03-05 17:55:00,7,3,5,17,55,680,224,DUNKERQUE (RUE DE),,,Plein jour,En agglomération,Intersection en T,Normale,Autre collision,,,,,,,,,,,1,2,3,1,6
200700015773,0007-03-07 10:50:00,7,3,7,10,50,680,224,DOLLER (RUE DE LA),,,Plein jour,En agglomération,Intersection en T,Normale,Deux véhicules - côté,,,,,,,,,,,1,2,3,1,3
200700015774,0007-03-13 22:05:00,7,3,13,22,5,680,224,"45, COLMAR (AVENUE DE)",,,Nuit avec éclairage allumé,En agglomération,Autre intersection,Normale,Deux véhicules - côté,,,,,,,,,,,5,2,9,1,3
200700015775,0007-03-13 17:15:00,7,3,13,17,15,680,224,AGEN (RUE D'),,,Plein jour,En agglomération,Hors intersection,Normale,Autre collision,,,,,,,,,,,1,2,1,1,6
200700015776,0007-03-08 17:35:00,7,3,8,17,35,680,224,"33, THANN (RUE DE)",,,Plein jour,En agglomération,Intersection en X,Normale,Deux véhicules - côté,,,,,,,,,,,1,2,2,1,3
200700015777,0007-03-13 20:30:00,7,3,13,20,30,680,224,STOESSEL (BOULEVARD CHAR,,,Nuit avec éclairage allumé,En agglomération,Intersection en X,Normale,Deux véhicules - côté,,,,,,,,,,,5,2,2,1,3
200700015778,0007-03-15 18:25:00,7,3,15,18,25,680,224,"85, SOULTZ (RUE DE)",,,Plein jour,En agglomération,Intersection en T,Normale,Deux véhicules - côté,,,,,,,,,,,1,2,3,1,3
200700015779,0007-03-20 12:15:00,7,3,20,12,15,680,224,"76, BRIAND (AVENUE ARIST",,,Plein jour,Hors agglomération,Intersection en T,Pluie légère,Deux véhicules - côté,,,,,,,,,,,1,1,3,2,3
200700015780,0007-03-26 12:00:00,7,3,26,12,0,680,224,"96, ILE NAPOLEON (RUE DE",,,Plein jour,En agglomération,Autre intersection,Normale,Deux véhicules - côté,,,,,,,,,,,1,2,9,1,3
200700015781,0007-03-23 17:25:00,7,3,23,17,25,680,56,"155, ASHE (RUE ARTHUR)",,,Plein jour,En agglomération,Intersection en X,Temps couvert,Deux véhicules - côté,,,,,,,,,,,1,2,2,8,3
200700015782,0007-03-14 14:25:00,7,3,14,14,25,690,29,BOULEVARD PINEL,,,Plein jour,En agglomération,Hors intersection,Normale,Trois véhicules et plus - en chaîne,,,,,,,,,,,1,2,1,1,4
200700015783,0007-03-30 15:25:00,7,3,30,15,25,690,34,"33, AVENUE GENERAL LECLE",,,Plein jour,En agglomération,Hors intersection,Pluie légère,Autre collision,,,,,,,,,,,1,2,1,2,6
200700015784,0007-03-29 10:40:00,7,3,29,10,40,690,34,PONT RAYMOND POINCARE,,,Plein jour,En agglomération,Intersection en Y,Normale,Autre collision,,,,,,,,,,,1,2,4,1,6
200700015785,0007-03-04 20:08:00,7,3,4,20,8,690,91,"10, DOCTEUR ROUX (DU) (",,,Nuit avec éclairage allumé,En agglomération,Hors intersection,Normale,Sans collision,,,,,,,,,,,5,2,1,1,7
200700015786,0007-03-23 22:35:00,7,3,23,22,35,690,96,"34, MOULIN (JEAN) (AV)",,,Nuit avec éclairage non allumé,En agglomération,Hors intersection,Pluie légère,Deux véhicules - frontale,,,,,,,,,,,4,2,1,2,1
200700015787,0007-03-14 07:45:00,7,3,14,7,45,690,152,"49, EUROPE (DE L')",,,Plein jour,En agglomération,Hors intersection,Normale,Deux véhicules - côté,,,,,,,,,,,1,2,1,1,3
200700015788,0007-03-14 11:55:00,7,3,14,11,55,690,142,BELLEVUE,,,Plein jour,En agglomération,Intersection en Y,Normale,Deux véhicules - côté,,,,,,,,,,,1,2,4,1,3
200700015789,0007-03-28 07:10:00,7,3,28,7,10,690,152,HOPITAL JULES COURMONT,,,Crépuscule ou aube,Hors agglomération,Hors intersection,Temps couvert,Autre collision,,,,,,,,,,,2,1,1,8,6
200700015790,0007-03-03 10:00:00,7,3,3,10,0,690,256,LOUIS MICHOY,,,Plein jour,En agglomération,Hors intersection,Normale,Autre collision,,,,,,,,,,,1,2,1,1,6
200700015791,0007-03-22 12:10:00,7,3,22,12,10,690,256,"158, FRANKLIN ROOSEVELT",,,Plein jour,En agglomération,Hors intersection,Pluie légère,Deux véhicules - côté,,,,,,,,,,,1,2,1,2,3
200700015792,0007-03-04 12:10:00,7,3,4,12,10,690,259,"0, AVENUE MARCEL PAUL",,,Plein jour,En agglomération,Hors intersection,Normale,Deux véhicules - arrière,,,,,,,,,,,1,2,1,1,2
200700015793,0007-03-04 13:25:00,7,3,4,13,25,690,199,"0, BOULEVARD YVES FARGE",,,Plein jour,En agglomération,Hors intersection,Normale,Autre collision,,,,,,,,,,,1,2,1,1,6
200700015794,0007-03-05 07:00:00,7,3,5,7,0,690,199,AVENUE GABRIEL PERI,,,Crépuscule ou aube,En agglomération,Intersection en X,Pluie légère,Deux véhicules - côté,,,,,,,,,,,2,2,2,2,3
200700015795,0007-03-08 13:30:00,7,3,8,13,30,690,259,CLOS VERGER (DU),,,Plein jour,En agglomération,Hors intersection,Normale,Deux véhicules - côté,,,,,,,,,,,1,2,1,1,3
200700015796,0007-03-17 16:15:00,7,3,17,16,15,690,199,"30, AVENUE JEAN JAURES",,,Plein jour,En agglomération,Hors intersection,Normale,Deux véhicules - côté,,,,,,,,,,,1,2,1,1,3
200700015797,0007-03-19 13:40:00,7,3,19,13,40,690,259,"0, CHEMIN DU CHARBONNIER",,,Plein jour,En agglomération,Intersection en X,Pluie légère,Deux véhicules - frontale,,,,,,,,,,,1,2,2,2,1
200700015798,0007-03-21 12:30:00,7,3,21,12,30,690,199,CHEMIN DE BELLE ETOILE,,,Plein jour,En agglomération,Intersection en X,Temps couvert,Autre collision,,,,,,,,,,,1,2,2,8,6
200700015799,0007-03-28 11:50:00,7,3,28,11,50,690,259,"108, BOULEVARD IRENE JOL",,,Plein jour,En agglomération,Hors intersection,Normale,Deux véhicules - côté,,,,,,,,,,,1,2,1,1,3
200700015800,0007-03-29 08:15:00,7,3,29,8,15,690,199,"0, QUAI LOUIS AULAGNE",,,Plein jour,En agglomération,Hors intersection,Normale,Deux véhicules - côté,,,,,,,,,,,1,2,1,1,3
200700015801,0007-03-06 19:23:00,7,3,6,19,23,690,115,CHABERT (CHEMIN DU),,,Nuit avec éclairage allumé,En agglomération,Hors intersection,Normale,Deux véhicules - frontale,,,,,,,,,,,5,2,1,1,1
200700015802,0007-03-10 15:25:00,7,3,10,15,25,690,264,BRAUN THEODORE  AV,,,Plein jour,En agglomération,Intersection en T,Normale,Autre collision,,,,,,,,,,,1,2,3,1,6
200700015803,0007-03-03 12:35:00,7,3,3,12,35,690,264,"173, ANSE D'   R",,,Plein jour,En agglomération,Intersection en T,Normale,Autre collision,,,,,,,,,,,1,2,3,1,6
200700015804,0007-03-14 19:10:00,7,3,14,19,10,690,264,GANTILLON  R,,,Nuit avec éclairage allumé,En agglomération,Place,Normale,Deux véhicules - côté,,,,,,,,,,,5,2,7,1,3
200700015805,0007-03-10 19:35:00,7,3,10,19,35,690,264,EUROPE L'  AV DE,,,Nuit sans éclairage public,En agglomération,Hors intersection,Normale,Trois véhicules et plus - collisions multiples,,,,,,,,,,,3,2,1,1,5
200700015806,0007-03-12 12:20:00,7,3,12,12,20,690,266,"237, RUE LEON BLUM",,,Plein jour,En agglomération,Autre intersection,Normale,Trois véhicules et plus - collisions multiples,,,,,,,,,,,1,2,9,1,5
200700015807,0007-03-14 12:25:00,7,3,14,12,25,690,266,"1, RUE FRANCIS DE PRESSE",,,Plein jour,En agglomération,Hors intersection,Normale,Deux véhicules - côté,,,,,,,,,,,1,2,1,1,3
200700015808,0007-03-25 16:10:00,7,3,25,16,10,690,266,"1, RUE FREDERIC FAYS",,,Plein jour,En agglomération,Intersection en T,Normale,Deux véhicules - côté,,,,,,,,,,,1,2,3,1,3
200700015809,0007-03-20 15:40:00,7,3,20,15,40,690,282,"., RUE CLAUDE MONET",,,Plein jour,En agglomération,Hors intersection,Pluie légère,Autre collision,,,,,,,,,,,1,2,1,2,6
200700015810,0007-03-29 22:10:00,7,3,29,22,10,690,282,", RUE JEAN JAURES",,,Nuit avec éclairage allumé,En agglomération,Hors intersection,Pluie légère,Deux véhicules - frontale,,,,,,,,,,,5,2,1,2,1
200700015811,0007-03-10 13:15:00,7,3,10,13,15,690,290,ROUTE D HEYRIEUX,,,Plein jour,En agglomération,Intersection en X,Normale,Deux véhicules - côté,,,,,,,,,,,1,2,2,1,3
200700015812,0007-03-13 13:10:00,7,3,13,13,10,690,290,RUE DE L AVIATION,,,Plein jour,En agglomération,Hors intersection,Normale,Deux véhicules - arrière,,,,,,,,,,,1,2,1,1,2
200700015813,0007-03-16 14:30:00,7,3,16,14,30,690,290,BOULEVARD ANDRE BOULLOCH,,,Plein jour,En agglomération,Intersection en X,Normale,Autre collision,,,,,,,,,,,1,2,2,1,6
200700015814,0007-03-17 21:25:00,7,3,17,21,25,690,290,CHEMIN DU LORTARET,,,Nuit sans éclairage public,En agglomération,Autre intersection,Normale,Sans collision,,,,,,,,,,,3,2,9,1,7
200700015815,0007-03-13 17:45:00,7,3,13,17,45,690,290,AVENUE HENRI GERMAIN,,,Plein jour,En agglomération,Hors intersection,Normale,Autre collision,,,,,,,,,,,1,2,1,1,6
200700015816,0007-03-13 16:50:00,7,3,13,16,50,690,290,"11, ROUTE D HEYRIEUX",,,Plein jour,En agglomération,Hors intersection,Normale,Deux véhicules - frontale,,,,,,,,,,,1,2,1,1,1
200700015817,0007-03-20 20:45:00,7,3,20,20,45,690,290,RUE MARECHAL LECLERC,,,Nuit avec éclairage allumé,En agglomération,Intersection en X,Normale,Deux véhicules - frontale,,,,,,,,,,,5,2,2,1,1
200700015818,0007-03-28 16:00:00,7,3,28,16,0,690,290,"15, RUE DU 8 MAI 1945",,,Plein jour,En agglomération,Hors intersection,Normale,Deux véhicules - arrière,,,,,,,,,,,1,2,1,1,2
200700015819,0007-03-28 14:00:00,7,3,28,14,0,690,290,"91, ROUTE DE GRENOBLE",,,Plein jour,En agglomération,Hors intersection,Normale,Deux véhicules - arrière,,,,,,,,,,,1,2,1,1,2
200700015820,0007-03-17 20:40:00,7,3,17,20,40,700,261,RN19,,,Nuit sans éclairage public,Hors agglomération,Hors intersection,Normale,Deux véhicules - frontale,,,,,,,,,,,3,1,1,1,1
200700015821,0007-03-13 12:05:00,7,3,13,12,5,710,309,"49, CHATELAINE (CHEMIN D",,,Plein jour,En agglomération,Intersection en T,Normale,Deux véhicules - côté,,,,,,,,,,,1,2,3,1,3
200700015822,0007-03-13 18:20:00,7,3,13,18,20,710,153,"., EUROPE (AVENUE DE L')",,,Plein jour,En agglomération,Hors intersection,Normale,Deux véhicules - arrière,,,,,,,,,,,1,2,1,1,2
200700015823,0007-03-15 08:55:00,7,3,15,8,55,710,153,COLIN (RUE),,,Plein jour,En agglomération,Intersection en X,Brouillard / fumée,Deux véhicules - côté,,,,,,,,,,,1,2,2,5,3
200700015824,0007-03-18 21:15:00,7,3,18,21,15,710,153,"63, SAINT SERNIN (ROUTE",,,Nuit avec éclairage allumé,En agglomération,Hors intersection,Pluie légère,Autre collision,,,,,,,,,,,5,2,1,2,6
200700015825,0007-03-16 23:00:00,7,3,16,23,0,710,153,"67, SAINT FIRMIN (RUE DE",,,Nuit avec éclairage allumé,En agglomération,Hors intersection,Normale,Autre collision,,,,,,,,,,,5,2,1,1,6
200700015826,0007-03-20 17:15:00,7,3,20,17,15,710,540,"., MOUILLELONGUE (BOULEV",,,Plein jour,En agglomération,Intersection en X,Normale,Deux véhicules - côté,,,,,,,,,,,1,2,2,1,3
200700015827,0007-03-24 05:30:00,7,3,24,5,30,710,59,"., GRANDES RAIES (RUE DE",,,Nuit avec éclairage allumé,En agglomération,Intersection en T,Normale,Deux véhicules - côté,,,,,,,,,,,5,2,3,1,3
200700015828,0007-03-08 08:55:00,7,3,8,8,55,710,270,Carf Liberté/Flacé/Hérit,,,Plein jour,En agglomération,Hors intersection,Normale,Autre collision,,,,,,,,,,,1,2,1,1,6
200700015829,0007-03-09 11:00:00,7,3,9,11,0,710,270,"1, EUROPE (RUE DE L')",,,Plein jour,En agglomération,Hors intersection,Normale,Autre collision,,,,,,,,,,,1,2,1,1,6
200700015830,0007-03-12 08:10:00,7,3,12,8,10,710,105,ALLEMANDS (R.D 89) (ROUT,,,Plein jour,Hors agglomération,Hors intersection,Normale,Deux véhicules - frontale,,,,,,,,,,,1,1,1,1,1
200700015831,0007-03-14 14:55:00,7,3,14,14,55,710,270,"NR1, Intersection Anémon",,,Plein jour,En agglomération,Intersection en X,Normale,Deux véhicules - côté,,,,,,,,,,,1,2,2,1,3
200700015832,0007-03-18 00:05:00,7,3,18,0,5,710,270,RUE THEODORE MONOD,,,Nuit avec éclairage allumé,En agglomération,Intersection en X,Pluie légère,Deux véhicules - côté,,,,,,,,,,,5,2,2,2,3
200700015833,0007-03-17 11:30:00,7,3,17,11,30,710,105,"255, DAVAYE (ROUTE DE)",,,Plein jour,En agglomération,Hors intersection,Pluie légère,Autre collision,,,,,,,,,,,1,2,1,2,6
200700015834,0007-03-21 07:55:00,7,3,21,7,55,710,270,LAMARTINE (QUAI),,,Nuit avec éclairage allumé,En agglomération,Hors intersection,Normale,Sans collision,,,,,,,,,,,5,2,1,1,7
200700015835,0007-03-29 18:25:00,7,3,29,18,25,710,270,HERITAN (IMPASSE DE L'),,,Plein jour,En agglomération,Intersection en T,Temps couvert,Deux véhicules - côté,,,,,,,,,,,1,2,3,8,3
200700015836,0007-03-29 20:00:00,7,3,29,20,0,710,270,NEUF CLES (BOULEVARD DES,,,Crépuscule ou aube,En agglomération,Intersection en T,Temps couvert,Deux véhicules - côté,,,,,,,,,,,2,2,3,8,3
200700015837,0007-03-31 19:40:00,7,3,31,19,40,710,270,"1, CORPS EXPEDITIONNAIRE",,,Plein jour,En agglomération,Hors intersection,Normale,Autre collision,,,,,,,,,,,1,2,1,1,6
200700015838,0007-03-13 13:45:00,7,3,13,13,45,710,306,"23, CLUNY (RUE DE)",,,Plein jour,En agglomération,Intersection en X,Normale,Deux véhicules - arrière,,,,,,,,,,,1,2,2,1,2
200700015839,0007-03-19 11:45:00,7,3,19,11,45,710,40,"13, LE BRULARD (LIEU DIT",,,Plein jour,En agglomération,Intersection en X,Pluie forte,Trois véhicules et plus - en chaîne,,,,,,,,,,,1,2,2,3,4
200700015840,0007-03-23 19:40:00,7,3,23,19,40,710,306,GAUTHEY (QUAI),,,Nuit avec éclairage allumé,En agglomération,Intersection en X,Normale,Deux véhicules - arrière,,,,,,,,,,,5,2,2,1,2
200700015841,0007-03-01 15:10:00,7,3,1,15,10,720,181,PATTON GENERAL RTE ST-AU,,,Plein jour,Hors agglomération,Hors intersection,Normale,Trois véhicules et plus - collisions multiples,,,,,,,,,,,1,1,1,1,5
200700015842,0007-03-03 09:45:00,7,3,3,9,45,720,181,FALCONET ETIENNE (RUE),,,Plein jour,En agglomération,Intersection en T,Normale,Deux véhicules - côté,,,,,,,,,,,1,2,3,1,3
200700015843,0007-03-03 11:35:00,7,3,3,11,35,720,181,GALLOUEDEC DOCTEUR (RUE,,,Plein jour,En agglomération,Intersection en T,Normale,Deux véhicules - côté,,,,,,,,,,,1,2,3,1,3
200700015844,0007-03-04 12:00:00,7,3,4,12,0,720,181,"372, BOLLEE (AV) N° PAIR",,,Plein jour,En agglomération,Hors intersection,Normale,Deux véhicules - arrière,,,,,,,,,,,1,2,1,1,2
200700015845,0007-03-06 12:40:00,7,3,6,12,40,720,181,FLORE (RUE DE) N° IMP 1,,,Plein jour,En agglomération,Intersection en X,Pluie légère,Deux véhicules - côté,,,,,,,,,,,1,2,2,2,3
200700015846,0007-03-06 14:00:00,7,3,6,14,0,720,181,CD 92,,,Plein jour,Hors agglomération,Hors intersection,Pluie forte,Deux véhicules - côté,,,,,,,,,,,1,1,1,3,3
200700015847,0007-03-07 21:15:00,7,3,7,21,15,720,181,ANTARES (AV),,,Nuit avec éclairage allumé,Hors agglomération,Hors intersection,Normale,Deux véhicules - côté,,,,,,,,,,,5,1,1,1,3
200700015848,0007-03-08 16:10:00,7,3,8,16,10,720,181,SABLE (RTE DE ),,,Plein jour,Hors agglomération,Intersection en T,Normale,Deux véhicules - frontale,,,,,,,,,,,1,1,3,1,1
200700015849,0007-03-09 17:25:00,7,3,9,17,25,720,181,"31, BOLLEE (AV) N° IMP 1",,,Plein jour,En agglomération,Hors intersection,Normale,Deux véhicules - côté,,,,,,,,,,,1,2,1,1,3
200700015850,0007-03-10 12:00:00,7,3,10,12,0,720,181,MARIVAUX (RUE),,,Plein jour,En agglomération,Hors intersection,Normale,Deux véhicules - côté,,,,,,,,,,,1,2,1,1,3
200700015851,0007-03-11 15:50:00,7,3,11,15,50,720,181,"3, BROSSOLETTE PIERRE (B",,,Plein jour,En agglomération,Hors intersection,Normale,Autre collision,,,,,,,,,,,1,2,1,1,6
200700015852,0007-03-14 12:25:00,7,3,14,12,25,720,181,BECQUEREL ANTOINE  (RUE),,,Plein jour,En agglomération,Hors intersection,Normale,Deux véhicules - côté,,,,,,,,,,,1,2,1,1,3
200700015853,0007-03-15 10:30:00,7,3,15,10,30,720,3,PASTEUR (BD),,,Plein jour,En agglomération,Hors intersection,Pluie légère,Autre collision,,,,,,,,,,,1,2,1,2,6
200700015854,0007-03-15 17:10:00,7,3,15,17,10,720,181,FALCONET ETIENNE (RUE),,,Plein jour,En agglomération,Intersection en X,Normale,Deux véhicules - côté,,,,,,,,,,,1,2,2,1,3
200700015855,0007-03-16 15:55:00,7,3,16,15,55,720,181,"142, BOLLEE (AV) N° PAIR",,,Plein jour,En agglomération,Hors intersection,Normale,Deux véhicules - arrière,,,,,,,,,,,1,2,1,1,2
200700015856,0007-03-17 01:30:00,7,3,17,1,30,720,181,COURBET GUST. ENTRE COLL,,,Nuit avec éclairage allumé,En agglomération,Hors intersection,Normale,Autre collision,,,,,,,,,,,5,2,1,1,6
200700015857,0007-03-17 11:00:00,7,3,17,11,0,720,181,PATTON GENERAL RTE ST-AU,,,Plein jour,Hors agglomération,Hors intersection,Normale,Deux véhicules - côté,,,,,,,,,,,1,1,1,1,3
200700015858,0007-03-19 13:38:00,7,3,19,13,38,720,181,LAENNEC RENE (AV),,,Plein jour,En agglomération,Hors intersection,Pluie légère,Deux véhicules - arrière,,,,,,,,,,,1,2,1,2,2
200700015859,0007-03-19 17:25:00,7,3,19,17,25,720,181,"146, PAVE (RUE DU)  N° P",,,Plein jour,En agglomération,Hors intersection,Pluie légère,Deux véhicules - côté,,,,,,,,,,,1,2,1,2,3
200700015860,0007-03-20 08:40:00,7,3,20,8,40,720,181,"120, ROUILLON (RUE DE)",,,Plein jour,En agglomération,Hors intersection,Neige / grêle,Deux véhicules - arrière,,,,,,,,,,,1,2,1,4,2
200700015861,0007-03-20 11:00:00,7,3,20,11,0,720,181,GLONNIERES (BD) N° IMP,,,Plein jour,En agglomération,Hors intersection,Neige / grêle,Autre collision,,,,,,,,,,,1,2,1,4,6
200700015862,0007-03-21 09:32:00,7,3,21,9,32,720,181,NORMANDIE NIEMEN (RUE) N,,,Plein jour,En agglomération,Intersection en X,Normale,Deux véhicules - côté,,,,,,,,,,,1,2,2,1,3
200700015863,0007-03-22 16:55:00,7,3,22,16,55,720,181,GALLOUEDEC DOCTEUR (RUE,,,Plein jour,En agglomération,Hors intersection,Normale,Deux véhicules - côté,,,,,,,,,,,1,2,1,1,3
200700015864,0007-03-23 15:15:00,7,3,23,15,15,720,181,ESTEREL N° PAIRS ENTRE B,,,Plein jour,En agglomération,Hors intersection,Normale,Deux véhicules - arrière,,,,,,,,,,,1,2,1,1,2
200700015865,0007-03-23 17:00:00,7,3,23,17,0,720,181,CHURCHILL WINSTON (BD) N,,,Plein jour,En agglomération,Hors intersection,Pluie légère,Autre collision,,,,,,,,,,,1,2,1,2,6
200700015866,0007-03-23 16:50:00,7,3,23,16,50,720,181,GENESLAY FELIX (AV) N° P,,,Plein jour,En agglomération,Intersection en T,Pluie légère,Autre collision,,,,,,,,,,,1,2,3,2,6
200700015867,0007-03-24 10:05:00,7,3,24,10,5,720,181,"118, GENESLAY FELIX (AV)",,,Plein jour,En agglomération,Hors intersection,Normale,Sans collision,,,,,,,,,,,1,2,1,1,7
200700015868,0007-03-25 17:00:00,7,3,25,17,0,720,181,JACOBINS (QUINCONCE DES),,,Plein jour,En agglomération,Hors intersection,Normale,Sans collision,,,,,,,,,,,1,2,1,1,7
200700015869,0007-03-27 18:45:00,7,3,27,18,45,720,181,"164, JAURES JEAN (AV) N°",,,Plein jour,En agglomération,Hors intersection,Normale,Sans collision,,,,,,,,,,,1,2,1,1,7
200700015870,0007-03-29 17:40:00,7,3,29,17,40,720,3,RD 23 (RTE),,,Plein jour,Hors agglomération,Hors intersection,Pluie légère,Sans collision,,,,,,,,,,,1,1,1,2,7
200700015871,0007-03-30 14:20:00,7,3,30,14,20,720,181,"22, COEFFORT (RUE) N° PA",,,Plein jour,En agglomération,Hors intersection,Pluie légère,Autre collision,,,,,,,,,,,1,2,1,2,6
200700015872,0007-03-31 10:20:00,7,3,31,10,20,720,3,ARGENTON (RUE D'),,,Plein jour,En agglomération,Hors intersection,Normale,Autre collision,,,,,,,,,,,1,2,1,1,6
200700015873,0007-03-31 12:50:00,7,3,31,12,50,720,181,FOUCAUDIERE (RUE),,,Plein jour,En agglomération,Hors intersection,Normale,Autre collision,,,,,,,,,,,1,2,1,1,6
200700015874,0007-03-31 17:00:00,7,3,31,17,0,720,181,MOULIN JEAN (BD) N° IMP,,,Plein jour,Hors agglomération,Intersection à plus de 4 branches,Normale,Deux véhicules - côté,,,,,,,,,,,1,1,5,1,3
200700015875,0007-03-31 18:45:00,7,3,31,18,45,720,181,MAC JEAN (AV) N° IMP 1 A,,,Plein jour,En agglomération,Hors intersection,Normale,Deux véhicules - frontale,,,,,,,,,,,1,2,1,1,1
200700015876,0007-03-11 17:18:00,7,3,11,17,18,730,8,GAULLE GENERAL DE AVENUE,,,Plein jour,En agglomération,Intersection en X,Normale,Deux véhicules - côté,,,,,,,,,,,1,2,2,1,3
200700015877,0007-03-28 21:08:00,7,3,28,21,8,730,11,"20, CHASSEURS ALPINS (AV",,,Nuit avec éclairage allumé,En agglomération,Intersection en T,Pluie légère,Deux véhicules - côté,,,,,,,,,,,5,2,3,2,3
200700015878,0007-03-15 16:55:00,7,3,15,16,55,730,65,VERNATIAUX (CHEMIN DES),,,Plein jour,Hors agglomération,Hors intersection,Normale,Autre collision,,,,,,,,,,,1,1,1,1,6
200700015879,0007-03-17 18:15:00,7,3,17,18,15,730,65,VOIE RAPIDE URBAINE,,,Plein jour,En agglomération,Hors intersection,Normale,Deux véhicules - arrière,,,,,,,,,,,1,2,1,1,2