accident_id,datetime,annee,mois,jour,heure,minute,departement,commune_insee,adresse,latitude,longitude,luminosite,agglomeration,intersection,meteo,collision,nb_vehicules,nb_usagers,nb_indemnes,nb_tues,nb_blesses_hosp,nb_blesses_legers,age_cond_1,age_cond_2,veh_type_cond_1,veh_type_cond_2,lum_code,agg_code,int_code,atm_code,col_code
200700015880,0007-03-17 21:15:00,7,3,17,21,15,730,65,VOIE RAPIDE URBAINE,,,Nuit avec éclairage allumé,En agglomération,Hors intersection,Normale,Trois véhicules et plus - collisions multiples,,,,,,,,,,,5,2,1,1,5
200700015881,0007-03-06 11:00:00,7,3,6,11,0,740,10,PARMELAN,,,Plein jour,En agglomération,Hors intersection,Pluie légère,Autre collision,,,,,,,,,,,1,2,1,2,6
200700015882,0007-03-10 16:15:00,7,3,10,16,15,740,10,"56, SOMMEILLER",,,Plein jour,En agglomération,Hors intersection,Normale,Autre collision,,,,,,,,,,,1,2,1,1,6
200700015883,0007-03-10 20:30:00,7,3,10,20,30,740,10,RHONE (AVENUE DU),,,Crépuscule ou aube,En agglomération,Intersection en T,Normale,Deux véhicules - côté,,,,,,,,,,,2,2,3,1,3
200700015884,0007-03-14 00:01:00,7,3,14,0,1,740,10,MARQUISATS (AVENUE DES),,,Nuit avec éclairage allumé,En agglomération,Hors intersection,Normale,Sans collision,,,,,,,,,,,5,2,1,1,7
200700015885,0007-03-15 11:00:00,7,3,15,11,0,740,10,ROCADE (BOULEVARD DE LA),,,Plein jour,En agglomération,Hors intersection,Normale,Autre collision,,,,,,,,,,,1,2,1,1,6
200700015886,0007-03-19 11:25:00,7,3,19,11,25,740,10,"., BALMETTES (FAUBOURG D",,,Plein jour,En agglomération,Intersection en T,Pluie légère,Deux véhicules - côté,,,,,,,,,,,1,2,3,2,3
200700015887,0007-03-21 11:50:00,7,3,21,11,50,740,10,VIEUX MOULINS (AVENUE DE,,,Plein jour,En agglomération,Giratoire,Normale,Sans collision,,,,,,,,,,,1,2,6,1,7
200700015888,0007-03-22 16:08:00,7,3,22,16,8,740,10,"10, GARE (RUE DE LA)(SEC",,,Plein jour,En agglomération,Hors intersection,Normale,Autre collision,,,,,,,,,,,1,2,1,1,6
200700015889,0007-03-28 16:15:00,7,3,28,16,15,740,93,"104, PEROLLIERE (PONT DE",,,Plein jour,En agglomération,Hors intersection,Normale,Deux véhicules - frontale,,,,,,,,,,,1,2,1,1,1
200700015890,0007-03-04 13:55:00,7,3,4,13,55,740,305,VOIRONS (RUE DES),,,Plein jour,En agglomération,Hors intersection,Normale,Autre collision,,,,,,,,,,,1,2,1,1,6
200700015891,0007-03-13 16:55:00,7,3,13,16,55,740,12,FLORISSANT (AVENUE),,,Plein jour,En agglomération,Hors intersection,Normale,Autre collision,,,,,,,,,,,1,2,1,1,6
200700015892,0007-03-03 19:20:00,7,3,3,19,20,740,133,GENEVE (RUE DE),,,Crépuscule ou aube,En agglomération,Intersection en X,Normale,Deux véhicules - frontale,,,,,,,,,,,2,2,2,1,1
200700015893,0007-03-27 16:45:00,7,3,27,16,45,740,305,DAVID (RUE FERNAND),,,Plein jour,En agglomération,Hors intersection,Normale,Deux véhicules - frontale,,,,,,,,,,,1,2,1,1,1
200700015894,0007-03-13 08:40:00,7,3,13,8,40,740,12,ESSERTS (RUE DES),,,Plein jour,En agglomération,Hors intersection,Normale,Deux véhicules - arrière,,,,,,,,,,,1,2,1,1,2
200700015895,0007-03-14 08:05:00,7,3,14,8,5,740,281,PEROUSE (CHEMIN DE),,,Plein jour,En agglomération,Intersection en T,Normale,Deux véhicules - côté,,,,,,,,,,,1,2,3,1,3
200700015896,0007-03-13 09:08:00,7,3,13,9,8,750,7,R SAINT DOMINIQUE BD LA,,,Plein jour,En agglomération,Intersection en T,Normale,Autre collision,,,,,,,,,,,1,2,3,1,6
200700015897,0007-03-01 07:55:00,7,3,1,7,55,750,7,56 BD DES INVALIDES,,,Plein jour,En agglomération,Hors intersection,Normale,Deux véhicules - côté,,,,,,,,,,,1,2,1,1,3
200700015898,0007-03-01 14:50:00,7,3,1,14,50,750,13,92 R DE TOLBIAC,,,Plein jour,En agglomération,Hors intersection,Normale,Deux véhicules - côté,,,,,,,,,,,1,2,1,1,3
200700015899,0007-03-01 21:20:00,7,3,1,21,20,750,13,116 R DE TOLBIAC,,,Nuit avec éclairage allumé,En agglomération,Hors intersection,Normale,Deux véhicules - côté,,,,,,,,,,,5,2,1,1,3
200700015900,0007-03-01 15:00:00,7,3,1,15,0,750,14,200 AV DU MAINE,,,Plein jour,En agglomération,Hors intersection,Normale,Deux véhicules - côté,,,,,,,,,,,1,2,1,1,3
200700015901,0007-03-01 09:23:00,7,3,1,9,23,750,19,AV JEAN JAURES R DE LUNE,,,Plein jour,En agglomération,Intersection en T,Normale,Deux véhicules - côté,,,,,,,,,,,1,2,3,1,3
200700015902,0007-03-05 15:20:00,7,3,5,15,20,750,16,AV HIPPODROME ALL REINE,,,Plein jour,En agglomération,Intersection en X,Normale,Deux véhicules - côté,,,,,,,,,,,1,2,2,1,3
200700015903,0007-03-01 09:25:00,7,3,1,9,25,750,2,10 R D CASANOVA,,,Plein jour,En agglomération,Hors intersection,Normale,Autre collision,,,,,,,,,,,1,2,1,1,6
200700015904,0007-03-01 09:00:00,7,3,1,9,0,750,8,PL CH DE GAULLE AV HOCHE,,,Plein jour,En agglomération,Intersection en T,Pluie légère,Sans collision,,,,,,,,,,,1,2,3,2,7
200700015905,0007-03-01 13:20:00,7,3,1,13,20,750,16,BD DE MONTMORENCY R RAFF,,,Plein jour,En agglomération,Intersection en X,Normale,Deux véhicules - côté,,,,,,,,,,,1,2,2,1,3
200700015906,0007-03-01 13:00:00,7,3,1,13,0,750,20,R DE BELLEVILLE VLA DURY,,,Plein jour,En agglomération,Intersection en T,Normale,Deux véhicules - côté,,,,,,,,,,,1,2,3,1,3
200700015907,0007-03-01 21:10:00,7,3,1,21,10,750,18,R MONTCALM R ORDENER,,,Nuit avec éclairage allumé,En agglomération,Intersection en X,Temps couvert,Deux véhicules - côté,,,,,,,,,,,5,2,2,8,3
200700015908,0007-03-01 19:30:00,7,3,1,19,30,750,18,R BAUDELIQUE BD ORNANO,,,Nuit avec éclairage allumé,En agglomération,Intersection en Y,Normale,Autre collision,,,,,,,,,,,5,2,4,1,6
200700015909,0007-03-01 15:30:00,7,3,1,15,30,750,18,106 R D AUBERVILLIERS,,,Plein jour,En agglomération,Hors intersection,Temps couvert,Deux véhicules - côté,,,,,,,,,,,1,2,1,8,3
200700015910,0007-03-02 14:45:00,7,3,2,14,45,750,11,134 AV PARMENTIER,,,Plein jour,En agglomération,Hors intersection,Normale,Deux véhicules - côté,,,,,,,,,,,1,2,1,1,3
200700015911,0007-03-02 15:38:00,7,3,2,15,38,750,11,R CH DELESCLUZE R SAINT,,,Plein jour,En agglomération,Intersection en Y,Temps couvert,Autre collision,,,,,,,,,,,1,2,4,8,6
200700015912,0007-03-02 15:40:00,7,3,2,15,40,750,14,R LEGION ETRANGERE BD RO,,,Plein jour,En agglomération,Intersection en X,Normale,Deux véhicules - côté,,,,,,,,,,,1,2,2,1,3
200700015913,0007-03-02 02:25:00,7,3,2,2,25,750,6,R MR LE PRINCE BD SAINT,,,Nuit avec éclairage allumé,En agglomération,Intersection en T,Normale,Sans collision,,,,,,,,,,,5,2,3,1,7
200700015914,0007-03-02 08:10:00,7,3,2,8,10,750,4,14 BD HENRI IV,,,Plein jour,En agglomération,Hors intersection,Normale,Deux véhicules - côté,,,,,,,,,,,1,2,1,1,3
200700015915,0007-03-02 17:51:00,7,3,2,17,51,750,12,210 R DE CHARENTON,,,Plein jour,En agglomération,Hors intersection,Pluie légère,Autre collision,,,,,,,,,,,1,2,1,2,6
200700015916,0007-03-02 20:15:00,7,3,2,20,15,750,12,R CANNEBIERE AV DAUMESNI,,,Nuit avec éclairage allumé,En agglomération,Intersection en Y,Pluie légère,Autre collision,,,,,,,,,,,5,2,4,2,6
200700015917,0007-03-02 15:57:00,7,3,2,15,57,750,12,AV DORIAN R DE PICPUS,,,Plein jour,En agglomération,Intersection en X,Pluie légère,Deux véhicules - côté,,,,,,,,,,,1,2,2,2,3
200700015918,0007-03-02 17:19:00,7,3,2,17,19,750,12,R BIGNON R DE CHARENTON,,,Plein jour,En agglomération,Intersection en T,Pluie légère,Deux véhicules - côté,,,,,,,,,,,1,2,3,2,3
200700015919,0007-03-02 14:25:00,7,3,2,14,25,750,12,AV DAUMESNIL R TRAVERSIE,,,Plein jour,En agglomération,Intersection en Y,Normale,Deux véhicules - côté,,,,,,,,,,,1,2,4,1,3
200700015920,0007-03-02 00:25:00,7,3,2,0,25,750,16,AV HIPPODROME ALL REINE,,,Nuit avec éclairage allumé,En agglomération,Intersection en X,Normale,Autre collision,,,,,,,,,,,5,2,2,1,6
200700015921,0007-03-03 16:30:00,7,3,3,16,30,750,1,R DE RIVOLI R DU 29 JUIL,,,Nuit avec éclairage allumé,En agglomération,Intersection en T,Normale,Autre collision,,,,,,,,,,,5,2,3,1,6
200700015922,0007-03-03 21:15:00,7,3,3,21,15,750,12,R DE LA LANCETTE R TAINE,,,Nuit avec éclairage allumé,En agglomération,Intersection en T,Normale,Autre collision,,,,,,,,,,,5,2,3,1,6
200700015923,0007-03-03 12:54:00,7,3,3,12,54,750,12,10 AV DAUMESNIL,,,Plein jour,En agglomération,Hors intersection,Normale,Autre collision,,,,,,,,,,,1,2,1,1,6
200700015924,0007-03-03 16:43:00,7,3,3,16,43,750,12,AV DE SAINT MANDE VLA DE,,,Plein jour,En agglomération,Intersection en T,Normale,Autre collision,,,,,,,,,,,1,2,3,1,6
200700015925,0007-03-03 08:30:00,7,3,3,8,30,750,16,AV PTE DE ST CLOUD ECH S,,,Plein jour,En agglomération,Intersection en T,Normale,Deux véhicules - arrière,,,,,,,,,,,1,2,3,1,2
200700015926,0007-03-03 02:05:00,7,3,3,2,5,750,16,L6145 BRETELLE D ENTREE,,,Nuit avec éclairage allumé,En agglomération,Hors intersection,Pluie légère,Deux véhicules - arrière,,,,,,,,,,,5,2,1,2,2
200700015927,0007-03-04 18:00:00,7,3,4,18,0,750,16,ECH MAILLOT AV DE NEUILL,,,Nuit avec éclairage allumé,En agglomération,Intersection en X,Normale,Sans collision,,,,,,,,,,,5,2,2,1,7
200700015928,0007-03-04 14:15:00,7,3,4,14,15,750,16,AV MAHATMA GANDHI RTE MU,,,Plein jour,En agglomération,Intersection en T,Normale,Autre collision,,,,,,,,,,,1,2,3,1,6
200700015929,0007-03-05 14:25:00,7,3,5,14,25,750,12,BD PONIATOWSKI R ROBERT,,,Plein jour,En agglomération,Intersection à plus de 4 branches,Normale,Sans collision,,,,,,,,,,,1,2,5,1,7
200700015930,0007-03-01 10:00:00,7,3,1,10,0,750,11,R RAMPON BD VOLTAIRE,,,Plein jour,En agglomération,Intersection en X,Pluie légère,Deux véhicules - côté,,,,,,,,,,,1,2,2,2,3
200700015931,0007-03-01 08:10:00,7,3,1,8,10,750,15,BD PASTEUR BD DE VAUGIRA,,,Plein jour,En agglomération,Intersection en X,Normale,Deux véhicules - côté,,,,,,,,,,,1,2,2,1,3
200700015932,0007-03-01 09:00:00,7,3,1,9,0,750,15,158 R DE VAUGIRARD,,,Plein jour,En agglomération,Hors intersection,Normale,Autre collision,,,,,,,,,,,1,2,1,1,6
200700015933,0007-03-01 06:30:00,7,3,1,6,30,750,15,R DE LA CONVENTION R LAC,,,Nuit avec éclairage allumé,En agglomération,Intersection en X,Pluie légère,Autre collision,,,,,,,,,,,5,2,2,2,6
200700015934,0007-03-02 01:20:00,7,3,2,1,20,750,1,R CAMBON BD DES CAPUCINE,,,Nuit avec éclairage allumé,En agglomération,Intersection en X,Normale,Deux véhicules - côté,,,,,,,,,,,5,2,2,1,3
200700015935,0007-03-02 12:38:00,7,3,2,12,38,750,2,R MONTMARTRE R REAUMUR,,,Plein jour,En agglomération,Intersection en X,Normale,Deux véhicules - côté,,,,,,,,,,,1,2,2,1,3
200700015936,0007-03-02 14:10:00,7,3,2,14,10,750,2,R DE GRAMONT BD DES ITAL,,,Plein jour,En agglomération,Intersection en X,Normale,Deux véhicules - côté,,,,,,,,,,,1,2,2,1,3
200700015937,0007-03-02 17:30:00,7,3,2,17,30,750,4,R CRILLON R MORNAY,,,Plein jour,En agglomération,Intersection en X,Pluie légère,Autre collision,,,,,,,,,,,1,2,2,2,6
200700015938,0007-03-02 04:00:00,7,3,2,4,0,750,4,16 R PAVEE,,,Nuit avec éclairage allumé,En agglomération,Hors intersection,Normale,Autre collision,,,,,,,,,,,5,2,1,1,6
200700015939,0007-03-02 11:05:00,7,3,2,11,5,750,7,R DE SEVRES R VELPEAU,,,Plein jour,En agglomération,Intersection en T,Normale,Autre collision,,,,,,,,,,,1,2,3,1,6
200700015940,0007-03-02 08:55:00,7,3,2,8,55,750,7,QU BRANLY PO D IENA,,,Plein jour,En agglomération,Intersection en T,Normale,Sans collision,,,,,,,,,,,1,2,3,1,7
200700015941,0007-03-02 20:45:00,7,3,2,20,45,750,8,BD DE COURCELLES R DE CO,,,Nuit avec éclairage allumé,En agglomération,Intersection en X,Pluie légère,Sans collision,,,,,,,,,,,5,2,2,2,7
200700015942,0007-03-02 20:55:00,7,3,2,20,55,750,13,R C DE LACLOS R NEUVE TO,,,Nuit avec éclairage allumé,En agglomération,Intersection en T,Pluie légère,Deux véhicules - côté,,,,,,,,,,,5,2,3,2,3
200700015943,0007-03-02 19:00:00,7,3,2,19,0,750,16,AV ADRIEN HEBRARD AV MOZ,,,Nuit avec éclairage allumé,En agglomération,Intersection en T,Pluie légère,Sans collision,,,,,,,,,,,5,2,3,2,7
200700015944,0007-03-02 20:00:00,7,3,2,20,0,750,18,76 R DE CLIGNANCOURT,,,Nuit avec éclairage allumé,En agglomération,Hors intersection,Pluie légère,Deux véhicules - arrière,,,,,,,,,,,5,2,1,2,2
200700015945,0007-03-02 13:00:00,7,3,2,13,0,750,19,QU DE LA CHARENTE BD MAC,,,Plein jour,En agglomération,Intersection en T,Normale,Deux véhicules - côté,,,,,,,,,,,1,2,3,1,3
200700015946,0007-03-03 12:35:00,7,3,3,12,35,750,8,R ARSENE HOUSSAYE AV CHA,,,Plein jour,En agglomération,Intersection en X,Normale,Deux véhicules - arrière,,,,,,,,,,,1,2,2,1,2
200700015947,0007-03-03 03:35:00,7,3,3,3,35,750,8,20 R DE ROME,,,Nuit avec éclairage allumé,En agglomération,Hors intersection,Pluie légère,Deux véhicules - frontale,,,,,,,,,,,5,2,1,2,1
200700015948,0007-03-03 16:20:00,7,3,3,16,20,750,15,R CAMBRONNE R LECOURBE,,,Plein jour,En agglomération,Intersection en X,Normale,Autre collision,,,,,,,,,,,1,2,2,1,6
200700015949,0007-03-03 10:47:00,7,3,3,10,47,750,18,R CAULAINCOURT BD DE CLI,,,Plein jour,En agglomération,Intersection en T,Normale,Deux véhicules - côté,,,,,,,,,,,1,2,3,1,3
200700015950,0007-03-03 21:00:00,7,3,3,21,0,750,20,R MOUNET SULLY R DE LA P,,,Nuit avec éclairage allumé,En agglomération,Intersection en T,Normale,Autre collision,,,,,,,,,,,5,2,3,1,6
200700015951,0007-03-04 02:30:00,7,3,4,2,30,750,3,36 R DE TURBIGO,,,Nuit avec éclairage allumé,En agglomération,Hors intersection,Normale,Autre collision,,,,,,,,,,,5,2,1,1,6
200700015952,0007-03-04 07:10:00,7,3,4,7,10,750,5,R DE BAZEILLES R CENSIER,,,Plein jour,En agglomération,Intersection en X,Normale,Deux véhicules - côté,,,,,,,,,,,1,2,2,1,3
200700015953,0007-03-04 05:47:00,7,3,4,5,47,750,8,L7658 CRS LA REINE,,,Nuit avec éclairage allumé,En agglomération,Hors intersection,Normale,Autre collision,,,,,,,,,,,5,2,1,1,6
200700015954,0007-03-04 15:00:00,7,3,4,15,0,750,8,62 BD DE COURCELLES,,,Plein jour,En agglomération,Hors intersection,Normale,Autre collision,,,,,,,,,,,1,2,1,1,6
200700015955,0007-03-04 16:55:00,7,3,4,16,55,750,13,2 AV BOUTROUX,,,Plein jour,En agglomération,Hors intersection,Normale,Autre collision,,,,,,,,,,,1,2,1,1,6
200700015956,0007-03-04 22:10:00,7,3,4,22,10,750,16,R DE PRESBOURG AV VICTOR,,,Nuit avec éclairage allumé,En agglomération,Intersection en X,Normale,Autre collision,,,,,,,,,,,5,2,2,1,6
200700015957,0007-03-04 15:10:00,7,3,4,15,10,750,18,R CHAMPIONNET R DAMREMON,,,Plein jour,En agglomération,Intersection en X,Temps couvert,Autre collision,,,,,,,,,,,1,2,2,8,6
200700015958,0007-03-04 13:50:00,7,3,4,13,50,750,20,62 BD DAVOUT,,,Plein jour,En agglomération,Hors intersection,Normale,Autre collision,,,,,,,,,,,1,2,1,1,6
200700015959,0007-03-04 09:50:00,7,3,4,9,50,750,20,R D AVRON BD DAVOUT,,,Plein jour,En agglomération,Intersection en X,Normale,Autre collision,,,,,,,,,,,1,2,2,1,6
200700015960,0007-03-05 11:40:00,7,3,5,11,40,750,4,QU DE LA CORSE BD DU PAL,,,Plein jour,En agglomération,Intersection en X,Normale,Deux véhicules - côté,,,,,,,,,,,1,2,2,1,3
200700015961,0007-03-05 18:30:00,7,3,5,18,30,750,7,R DE GRENELLE BD RASPAIL,,,Plein jour,En agglomération,Intersection en X,Normale,Deux véhicules - côté,,,,,,,,,,,1,2,2,1,3
200700015962,0007-03-05 18:05:00,7,3,5,18,5,750,14,56 BD JOURDAN,,,Plein jour,En agglomération,Hors intersection,Normale,Deux véhicules - côté,,,,,,,,,,,1,2,1,1,3
200700015963,0007-03-05 10:30:00,7,3,5,10,30,750,16,R DOCTEUR BLANCHE R RAFF,,,Plein jour,En agglomération,Intersection en T,Normale,Autre collision,,,,,,,,,,,1,2,3,1,6
200700015964,0007-03-05 13:00:00,7,3,5,13,0,750,16,R MERYON BD MURAT,,,Plein jour,En agglomération,Intersection en T,Normale,Autre collision,,,,,,,,,,,1,2,3,1,6
200700015965,0007-03-05 08:30:00,7,3,5,8,30,750,20,95 R DE BELLEVILLE,,,Plein jour,En agglomération,Hors intersection,Normale,Autre collision,,,,,,,,,,,1,2,1,1,6
200700015966,0007-03-05 00:44:00,7,3,5,0,44,750,20,BD MORTIER AV PORTE DES,,,Nuit avec éclairage allumé,En agglomération,Intersection en X,Pluie légère,Deux véhicules - côté,,,,,,,,,,,5,2,2,2,3
200700015967,0007-03-02 16:45:00,7,3,2,16,45,750,9,R CADET R LA FAYETTE,,,Plein jour,En agglomération,Intersection en X,Pluie légère,Autre collision,,,,,,,,,,,1,2,2,2,6
200700015968,0007-03-03 21:00:00,7,3,3,21,0,750,19,R DE CRIMEE R MANIN,,,Nuit avec éclairage allumé,En agglomération,Intersection en X,Normale,Deux véhicules - côté,,,,,,,,,,,5,2,2,1,3
200700015969,0007-03-05 12:15:00,7,3,5,12,15,750,1,R DU LOUVRE R SAINT HONO,,,Plein jour,En agglomération,Intersection en X,Normale,Deux véhicules - côté,,,,,,,,,,,1,2,2,1,3
200700015970,0007-03-05 21:10:00,7,3,5,21,10,750,3,R COMMINES BD FILLES CAL,,,Nuit avec éclairage allumé,En agglomération,Intersection en Y,Normale,Deux véhicules - côté,,,,,,,,,,,5,2,4,1,3
200700015971,0007-03-05 09:00:00,7,3,5,9,0,750,13,180 AV D ITALIE,,,Plein jour,En agglomération,Hors intersection,Normale,Autre collision,,,,,,,,,,,1,2,1,1,6
200700015972,0007-03-05 14:52:00,7,3,5,14,52,750,15,AV PORTE DE SEVRES BD VI,,,Plein jour,En agglomération,Intersection en T,Normale,Deux véhicules - côté,,,,,,,,,,,1,2,3,1,3
200700015973,0007-03-05 20:00:00,7,3,5,20,0,750,16,81 BD SUCHET,,,Nuit avec éclairage allumé,En agglomération,Hors intersection,Normale,Trois véhicules et plus - en chaîne,,,,,,,,,,,5,2,1,1,4
200700015974,0007-03-05 20:10:00,7,3,5,20,10,750,19,122 AV JEAN JAURES,,,Nuit avec éclairage allumé,En agglomération,Hors intersection,Normale,Autre collision,,,,,,,,,,,5,2,1,1,6
200700015975,0007-03-05 15:30:00,7,3,5,15,30,750,19,86 AV SIMON BOLIVAR,,,Plein jour,En agglomération,Hors intersection,Normale,Autre collision,,,,,,,,,,,1,2,1,1,6
200700015976,0007-03-05 10:45:00,7,3,5,10,45,750,19,ECH LILAS PL MAQUIS VERC,,,Plein jour,En agglomération,Intersection en T,Normale,Deux véhicules - côté,,,,,,,,,,,1,2,3,1,3
200700015977,0007-03-06 04:40:00,7,3,6,4,40,750,9,BD DE CLICHY PL DE CLICH,,,Nuit avec éclairage allumé,En agglomération,Intersection en X,Pluie légère,Sans collision,,,,,,,,,,,5,2,2,2,7
200700015978,0007-03-06 07:45:00,7,3,6,7,45,750,13,R COYPEL AV DES GOBELINS,,,Plein jour,En agglomération,Intersection en T,Normale,Deux véhicules - côté,,,,,,,,,,,1,2,3,1,3
200700015979,0007-03-06 09:15:00,7,3,6,9,15,750,16,L13134 AV DE NEW YORK,,,Plein jour,En agglomération,Hors intersection,Temps couvert,Autre collision,,,,,,,,,,,1,2,1,8,6
200700015980,0007-03-06 16:30:00,7,3,6,16,30,750,16,32 R POUSSIN,,,Plein jour,En agglomération,Hors intersection,Pluie légère,Autre collision,,,,,,,,,,,1,2,1,2,6
200700015981,0007-03-06 16:25:00,7,3,6,16,25,750,16,88 AV VICTOR HUGO,,,Plein jour,En agglomération,Hors intersection,Pluie légère,Sans collision,,,,,,,,,,,1,2,1,2,7
200700015982,0007-03-06 15:00:00,7,3,6,15,0,750,16,60 AV PAUL DOUMER,,,Plein jour,En agglomération,Hors intersection,Pluie légère,Autre collision,,,,,,,,,,,1,2,1,2,6
200700015983,0007-03-06 08:05:00,7,3,6,8,5,750,16,90 BD EXELMANS,,,Plein jour,En agglomération,Hors intersection,Temps couvert,Deux véhicules - arrière,,,,,,,,,,,1,2,1,8,2
200700015984,0007-03-07 00:20:00,7,3,7,0,20,750,13,R BRUNESEAU BD MASSENA,,,Nuit avec éclairage allumé,En agglomération,Intersection en T,Pluie légère,Sans collision,,,,,,,,,,,5,2,3,2,7
200700015985,0007-03-05 19:18:00,7,3,5,19,18,750,20,80 BD DAVOUT,,,Crépuscule ou aube,En agglomération,Hors intersection,Normale,Autre collision,,,,,,,,,,,2,2,1,1,6
200700015986,0007-03-05 17:00:00,7,3,5,17,0,750,20,R DE BAGNOLET PL PORTE B,,,Plein jour,En agglomération,Intersection à plus de 4 branches,Normale,Deux véhicules - côté,,,,,,,,,,,1,2,5,1,3
200700015987,0007-03-06 09:20:00,7,3,6,9,20,750,4,BD BOURDON R DE LA CERIS,,,Plein jour,En agglomération,Intersection en T,Normale,Trois véhicules et plus - en chaîne,,,,,,,,,,,1,2,3,1,4
200700015988,0007-03-01 16:15:00,7,3,1,16,15,750,8,18 AV GEORGE V,,,Plein jour,En agglomération,Hors intersection,Normale,Autre collision,,,,,,,,,,,1,2,1,1,6
200700015989,0007-03-02 16:45:00,7,3,2,16,45,750,8,32 R JEAN GOUJON,,,Plein jour,En agglomération,Hors intersection,Pluie légère,Deux véhicules - arrière,,,,,,,,,,,1,2,1,2,2
200700015990,0007-03-03 23:42:00,7,3,3,23,42,750,8,152 AV CHAMPS ELYSEES,,,Nuit avec éclairage allumé,En agglomération,Hors intersection,Normale,Deux véhicules - arrière,,,,,,,,,,,5,2,1,1,2
200700015991,0007-03-04 02:40:00,7,3,4,2,40,750,8,PO ALEXANDRE III CRS LA,,,Nuit avec éclairage allumé,En agglomération,Intersection en X,Normale,Deux véhicules - côté,,,,,,,,,,,5,2,2,1,3
200700015992,0007-03-06 10:25:00,7,3,6,10,25,750,7,24 R GENERAL BERTRAND,,,Plein jour,En agglomération,Hors intersection,Pluie légère,Autre collision,,,,,,,,,,,1,2,1,2,6
200700015993,0007-03-06 00:30:00,7,3,6,0,30,750,8,BD DE COURCELLES PL DES,,,Nuit avec éclairage allumé,En agglomération,Intersection en X,Normale,Autre collision,,,,,,,,,,,5,2,2,1,6
200700015994,0007-03-06 20:30:00,7,3,6,20,30,750,8,R DE TILSITT AV DE WAGRA,,,Nuit avec éclairage allumé,En agglomération,Intersection en X,Pluie légère,Autre collision,,,,,,,,,,,5,2,2,2,6
200700015995,0007-03-06 17:30:00,7,3,6,17,30,750,8,26 R FRANCOIS 1ER,,,Plein jour,En agglomération,Hors intersection,Pluie légère,Autre collision,,,,,,,,,,,1,2,1,2,6
200700015996,0007-03-06 13:50:00,7,3,6,13,50,750,8,2 R DE PONTHIEU,,,Plein jour,En agglomération,Hors intersection,Pluie légère,Autre collision,,,,,,,,,,,1,2,1,2,6
200700015997,0007-03-02 21:18:00,7,3,2,21,18,750,6,2 R AUGUSTE COMTE,,,Nuit avec éclairage allumé,En agglomération,Hors intersection,Pluie légère,Autre collision,,,,,,,,,,,5,2,1,2,6
200700015998,0007-03-03 13:15:00,7,3,3,13,15,750,2,R DAUNOU R DE LA PAIX,,,Plein jour,En agglomération,Intersection en X,Normale,Deux véhicules - arrière,,,,,,,,,,,1,2,2,1,2
200700015999,0007-03-03 00:08:00,7,3,3,0,8,750,6,BD DU MONTPARNASSE R DU,,,Nuit avec éclairage allumé,En agglomération,Intersection en X,Pluie légère,Deux véhicules - côté,,,,,,,,,,,5,2,2,2,3
200700016000,0007-03-06 02:25:00,7,3,6,2,25,750,5,QU SAINT MICHEL PO SAINT,,,Nuit avec éclairage allumé,En agglomération,Intersection en X,Normale,Deux véhicules - côté,,,,,,,,,,,5,2,2,1,3
200700016001,0007-03-06 15:20:00,7,3,6,15,20,750,14,R JEAN ZAY AV DU MAINE,,,Plein jour,En agglomération,Intersection en X,Pluie légère,Deux véhicules - côté,,,,,,,,,,,1,2,2,2,3
200700016002,0007-03-07 16:10:00,7,3,7,16,10,750,13,SQ GUSTAVE MESUREUR R JE,,,Plein jour,En agglomération,Intersection en T,Normale,Autre collision,,,,,,,,,,,1,2,3,1,6
200700016003,0007-03-08 08:40:00,7,3,8,8,40,750,13,44 R DU CHEVALERET,,,Plein jour,En agglomération,Hors intersection,Normale,Deux véhicules - côté,,,,,,,,,,,1,2,1,1,3
200700016004,0007-03-06 18:53:00,7,3,6,18,53,750,2,R DES CAPUCINES R DE LA,,,Plein jour,En agglomération,Intersection en X,Pluie légère,Deux véhicules - côté,,,,,,,,,,,1,2,2,2,3
200700016005,0007-03-06 15:10:00,7,3,6,15,10,750,4,BD HENRI IV PL DE LA BAS,,,Plein jour,En agglomération,Intersection en X,Pluie légère,Deux véhicules - côté,,,,,,,,,,,1,2,2,2,3
200700016006,0007-03-07 09:55:00,7,3,7,9,55,750,1,R RAMBUTEAU BD DE SEBAST,,,Plein jour,En agglomération,Intersection en X,Normale,Deux véhicules - côté,,,,,,,,,,,1,2,2,1,3
200700016007,0007-03-07 20:15:00,7,3,7,20,15,750,7,AV DU MAL GALLIENI R SAI,,,Nuit avec éclairage allumé,En agglomération,Intersection en X,Normale,Deux véhicules - côté,,,,,,,,,,,5,2,2,1,3
200700016008,0007-03-07 09:20:00,7,3,7,9,20,750,7,AV BOSQUET R EDMOND VALE,,,Plein jour,En agglomération,Intersection en T,Normale,Autre collision,,,,,,,,,,,1,2,3,1,6
200700016009,0007-03-07 18:10:00,7,3,7,18,10,750,8,BD MALESHERBES AV VELASQ,,,Nuit avec éclairage allumé,En agglomération,Intersection en T,Temps couvert,Deux véhicules - côté,,,,,,,,,,,5,2,3,8,3
200700016010,0007-03-06 20:30:00,7,3,6,20,30,750,7,PL DE FONTENOY AV DE SAX,,,Nuit avec éclairage allumé,En agglomération,Intersection en X,Pluie légère,Autre collision,,,,,,,,,,,5,2,2,2,6
200700016011,0007-03-01 09:50:00,7,3,1,9,50,750,17,86 AV DES TERNES,,,Plein jour,En agglomération,Hors intersection,Temps couvert,Deux véhicules - côté,,,,,,,,,,,1,2,1,8,3
200700016012,0007-03-02 17:40:00,7,3,2,17,40,750,5,88 R MONGE,,,Plein jour,En agglomération,Hors intersection,Pluie légère,Autre collision,,,,,,,,,,,1,2,1,2,6
200700016013,0007-03-02 00:20:00,7,3,2,0,20,750,17,R CINO DEL DUCA AV PTE D,,,Nuit avec éclairage allumé,En agglomération,Intersection en X,Normale,Deux véhicules - côté,,,,,,,,,,,5,2,2,1,3