accident_id,datetime,annee,mois,jour,heure,minute,departement,commune_insee,adresse,latitude,longitude,luminosite,agglomeration,intersection,meteo,collision,nb_vehicules,nb_usagers,nb_indemnes,nb_tues,nb_blesses_hosp,nb_blesses_legers,age_cond_1,age_cond_2,veh_type_cond_1,veh_type_cond_2,lum_code,agg_code,int_code,atm_code,col_code
200700016283,0007-03-20 16:25:00,7,3,20,16,25,750,4,18 R FERDINAND DUVAL,,,Plein jour,En agglomération,Hors intersection,Pluie légère,Autre collision,,,,,,,,,,,1,2,1,2,6
200700016284,0007-03-20 14:20:00,7,3,20,14,20,750,19,R DE MEAUX R DE RHIN,,,Plein jour,En agglomération,Intersection en T,Normale,Autre collision,,,,,,,,,,,1,2,3,1,6
200700016285,0007-03-20 18:50:00,7,3,20,18,50,750,19,54 AV SIMON BOLIVAR,,,Nuit avec éclairage allumé,En agglomération,Hors intersection,Pluie légère,Autre collision,,,,,,,,,,,5,2,1,2,6
200700016286,0007-03-19 14:15:00,7,3,19,14,15,750,20,AV GAMBETTA R DES GATINE,,,Plein jour,En agglomération,Intersection en Y,Pluie légère,Deux véhicules - côté,,,,,,,,,,,1,2,4,2,3
200700016287,0007-03-19 09:00:00,7,3,19,9,0,750,6,QU GRANDS AUGUSTINS PO N,,,Plein jour,En agglomération,Intersection en X,Temps couvert,Deux véhicules - côté,,,,,,,,,,,1,2,2,8,3
200700016288,0007-03-19 09:40:00,7,3,19,9,40,750,5,14 QU SAINT BERNARD,,,Plein jour,En agglomération,Hors intersection,Temps couvert,Sans collision,,,,,,,,,,,1,2,1,8,7
200700016289,0007-03-19 08:45:00,7,3,19,8,45,750,20,138 BD MORTIER,,,Plein jour,En agglomération,Hors intersection,Pluie légère,Autre collision,,,,,,,,,,,1,2,1,2,6
200700016290,0007-03-28 10:35:00,7,3,28,10,35,750,7,10 R DE SOLFERINO,,,Plein jour,En agglomération,Hors intersection,Normale,Deux véhicules - côté,,,,,,,,,,,1,2,1,1,3
200700016291,0007-03-20 17:30:00,7,3,20,17,30,750,4,9 BD DE SEBASTOPOL,,,Plein jour,En agglomération,Hors intersection,Pluie légère,Deux véhicules - arrière,,,,,,,,,,,1,2,1,2,2
200700016292,0007-03-20 18:07:00,7,3,20,18,7,750,14,BD EDGAR QUINET R EMILE,,,Plein jour,En agglomération,Intersection en X,Pluie légère,Deux véhicules - côté,,,,,,,,,,,1,2,2,2,3
200700016293,0007-03-28 15:30:00,7,3,28,15,30,750,13,R AMIRAL MOUCHEZ R DE RU,,,Plein jour,En agglomération,Intersection en T,Pluie légère,Autre collision,,,,,,,,,,,1,2,3,2,6
200700016294,0007-03-20 09:10:00,7,3,20,9,10,750,17,16 PL DE VERDUN,,,Plein jour,En agglomération,Hors intersection,Normale,Deux véhicules - côté,,,,,,,,,,,1,2,1,1,3
200700016295,0007-03-21 09:52:00,7,3,21,9,52,750,17,2 R POUCHET,,,Plein jour,En agglomération,Hors intersection,Pluie légère,Autre collision,,,,,,,,,,,1,2,1,2,6
200700016296,0007-03-20 17:07:00,7,3,20,17,7,750,20,PAS DAGORNO R DES PYRENE,,,Plein jour,En agglomération,Intersection en T,Pluie légère,Deux véhicules - côté,,,,,,,,,,,1,2,3,2,3
200700016297,0007-03-21 09:17:00,7,3,21,9,17,750,18,AV DE CLICHY IMP DE LA D,,,Plein jour,En agglomération,Intersection en T,Pluie légère,Deux véhicules - côté,,,,,,,,,,,1,2,3,2,3
200700016298,0007-03-20 17:40:00,7,3,20,17,40,750,19,PL PORTE DE PANTIN,,,Plein jour,En agglomération,Hors intersection,Pluie légère,Sans collision,,,,,,,,,,,1,2,1,2,7
200700016299,0007-03-20 16:40:00,7,3,20,16,40,750,19,AV JEAN JAURES R DE LUNE,,,Plein jour,En agglomération,Intersection en T,Normale,Autre collision,,,,,,,,,,,1,2,3,1,6
200700016300,0007-03-21 14:05:00,7,3,21,14,5,750,14,34 R CDT R MOUCHOTTE,,,Plein jour,En agglomération,Hors intersection,Pluie légère,Deux véhicules - côté,,,,,,,,,,,1,2,1,2,3
200700016301,0007-03-20 15:00:00,7,3,20,15,0,750,10,200 R SAINT MAUR,,,Plein jour,En agglomération,Hors intersection,Normale,Autre collision,,,,,,,,,,,1,2,1,1,6
200700016302,0007-03-20 18:25:00,7,3,20,18,25,750,13,AV D ITALIE PL D ITALIE,,,Plein jour,En agglomération,Intersection en Y,Pluie légère,Sans collision,,,,,,,,,,,1,2,4,2,7
200700016303,0007-03-21 08:30:00,7,3,21,8,30,750,3,R SAINTE ELISABETH R DE,,,Plein jour,En agglomération,Intersection en X,Normale,Autre collision,,,,,,,,,,,1,2,2,1,6
200700016304,0007-03-21 11:15:00,7,3,21,11,15,750,5,12 QU SAINT BERNARD,,,Plein jour,En agglomération,Hors intersection,Pluie légère,Sans collision,,,,,,,,,,,1,2,1,2,7
200700016305,0007-03-21 07:05:00,7,3,21,7,5,750,9,8 R CHAUCHAT,,,Plein jour,En agglomération,Hors intersection,Normale,Sans collision,,,,,,,,,,,1,2,1,1,7
200700016306,0007-03-21 08:00:00,7,3,21,8,0,750,11,31 BD RICHARD LENOIR,,,Plein jour,En agglomération,Hors intersection,Temps couvert,Deux véhicules - côté,,,,,,,,,,,1,2,1,8,3
200700016307,0007-03-20 16:20:00,7,3,20,16,20,750,8,23 BD DES BATIGNOLLES,,,Plein jour,En agglomération,Hors intersection,Normale,Autre collision,,,,,,,,,,,1,2,1,1,6
200700016308,0007-03-21 20:15:00,7,3,21,20,15,750,11,48 AV PHILIPPE AUGUSTE,,,Nuit avec éclairage allumé,En agglomération,Hors intersection,Normale,Autre collision,,,,,,,,,,,5,2,1,1,6
200700016309,0007-03-20 19:45:00,7,3,20,19,45,750,12,84 R DE REUILLY,,,Nuit avec éclairage allumé,En agglomération,Hors intersection,Pluie légère,Sans collision,,,,,,,,,,,5,2,1,2,7
200700016310,0007-03-20 18:23:00,7,3,20,18,23,750,8,R LA BOETIE BD MALESHERB,,,Crépuscule ou aube,En agglomération,Intersection en X,Pluie légère,Deux véhicules - côté,,,,,,,,,,,2,2,2,2,3
200700016311,0007-03-21 09:40:00,7,3,21,9,40,750,12,246 R FG SAINT ANTOINE,,,Plein jour,En agglomération,Hors intersection,Normale,Autre collision,,,,,,,,,,,1,2,1,1,6
200700016312,0007-03-21 16:40:00,7,3,21,16,40,750,13,AV DES GOBELINS PL D ITA,,,Plein jour,En agglomération,Intersection en T,Pluie légère,Deux véhicules - côté,,,,,,,,,,,1,2,3,2,3
200700016313,0007-03-23 01:40:00,7,3,23,1,40,750,6,CAR ODEON  BD SAINT GERM,,,Nuit avec éclairage allumé,En agglomération,Intersection en X,Normale,Deux véhicules - côté,,,,,,,,,,,5,2,2,1,3
200700016314,0007-03-21 11:15:00,7,3,21,11,15,750,14,R D ALESIA R DES PLANTES,,,Plein jour,En agglomération,Intersection en X,Pluie légère,Deux véhicules - côté,,,,,,,,,,,1,2,2,2,3
200700016315,0007-03-23 13:20:00,7,3,23,13,20,750,12,114 R DE REUILLY,,,Plein jour,En agglomération,Hors intersection,Normale,Trois véhicules et plus - collisions multiples,,,,,,,,,,,1,2,1,1,5
200700016316,0007-03-23 17:30:00,7,3,23,17,30,750,12,134 R DE BERCY,,,Plein jour,En agglomération,Hors intersection,Temps couvert,Deux véhicules - côté,,,,,,,,,,,1,2,1,8,3
200700016317,0007-03-21 08:40:00,7,3,21,8,40,750,15,BD DE GRENELLE R SAINT C,,,Plein jour,En agglomération,Intersection en X,Pluie légère,Deux véhicules - côté,,,,,,,,,,,1,2,2,2,3
200700016318,0007-03-21 08:20:00,7,3,21,8,20,750,16,VERD GARIGLIANO MIRABEAU,,,Plein jour,En agglomération,Hors intersection,Pluie légère,Deux véhicules - arrière,,,,,,,,,,,1,2,1,2,2
200700016319,0007-03-23 10:15:00,7,3,23,10,15,750,14,AV DU MAINE R JEAN ZAY,,,Plein jour,En agglomération,Intersection en T,Pluie légère,Deux véhicules - côté,,,,,,,,,,,1,2,3,2,3
200700016320,0007-03-21 13:20:00,7,3,21,13,20,750,16,26 AV GENERAL SARRAIL,,,Plein jour,En agglomération,Hors intersection,Normale,Autre collision,,,,,,,,,,,1,2,1,1,6
200700016321,0007-03-23 20:05:00,7,3,23,20,5,750,14,ECH CHATILLON,,,Nuit avec éclairage allumé,En agglomération,Hors intersection,Normale,Deux véhicules - côté,,,,,,,,,,,5,2,1,1,3
200700016322,0007-03-21 17:00:00,7,3,21,17,0,750,19,R BURNOUF BD DE LA VILLE,,,Plein jour,En agglomération,Intersection en T,Normale,Deux véhicules - côté,,,,,,,,,,,1,2,3,1,3
200700016323,0007-03-21 09:30:00,7,3,21,9,30,750,20,R DE BAGNOLET R PLANCHAT,,,Plein jour,En agglomération,Intersection en T,Pluie légère,Autre collision,,,,,,,,,,,1,2,3,2,6
200700016324,0007-03-22 08:42:00,7,3,22,8,42,750,4,16 QU DE GESVRES,,,Plein jour,En agglomération,Hors intersection,Normale,Autre collision,,,,,,,,,,,1,2,1,1,6
200700016325,0007-03-22 15:05:00,7,3,22,15,5,750,5,R ROYER COLLARD BD SAINT,,,Plein jour,En agglomération,Intersection en T,Normale,Autre collision,,,,,,,,,,,1,2,3,1,6
200700016326,0007-03-22 09:25:00,7,3,22,9,25,750,8,R PASQUIER R DE LA PEPIN,,,Plein jour,En agglomération,Intersection en X,Normale,Sans collision,,,,,,,,,,,1,2,2,1,7
200700016327,0007-03-22 13:55:00,7,3,22,13,55,750,11,2 BD VOLTAIRE,,,Plein jour,En agglomération,Hors intersection,Normale,Deux véhicules - côté,,,,,,,,,,,1,2,1,1,3
200700016328,0007-03-22 10:00:00,7,3,22,10,0,750,11,118 BD VOLTAIRE,,,Plein jour,En agglomération,Hors intersection,Normale,Deux véhicules - côté,,,,,,,,,,,1,2,1,1,3
200700016329,0007-03-22 18:05:00,7,3,22,18,5,750,11,PL LEON BLUM BD VOLTAIRE,,,Plein jour,En agglomération,Intersection en T,Normale,Autre collision,,,,,,,,,,,1,2,3,1,6
200700016330,0007-03-22 14:20:00,7,3,22,14,20,750,11,R DE CHARONNE R PETITE P,,,Plein jour,En agglomération,Intersection en T,Normale,Deux véhicules - côté,,,,,,,,,,,1,2,3,1,3
200700016331,0007-03-22 09:45:00,7,3,22,9,45,750,13,R CANTAGREL R DE PATAY,,,Plein jour,En agglomération,Intersection en Y,Normale,Deux véhicules - côté,,,,,,,,,,,1,2,4,1,3
200700016332,0007-03-22 17:35:00,7,3,22,17,35,750,13,110 R JEANNE D ARC,,,Plein jour,En agglomération,Hors intersection,Normale,Deux véhicules - frontale,,,,,,,,,,,1,2,1,1,1
200700016333,0007-03-22 20:07:00,7,3,22,20,7,750,13,72 BD MASSENA,,,Nuit avec éclairage allumé,En agglomération,Hors intersection,Normale,Autre collision,,,,,,,,,,,5,2,1,1,6
200700016334,0007-03-22 17:45:00,7,3,22,17,45,750,14,BD BRUNE PL PTE  DE CHAT,,,Plein jour,En agglomération,Intersection en X,Normale,Sans collision,,,,,,,,,,,1,2,2,1,7
200700016335,0007-03-22 12:08:00,7,3,22,12,8,750,14,BD BRUNE PL PTE DE CHATI,,,Plein jour,En agglomération,Intersection en X,Normale,Deux véhicules - côté,,,,,,,,,,,1,2,2,1,3
200700016336,0007-03-22 11:30:00,7,3,22,11,30,750,14,54 R D ALESIA,,,Plein jour,En agglomération,Hors intersection,Normale,Autre collision,,,,,,,,,,,1,2,1,1,6
200700016337,0007-03-22 20:05:00,7,3,22,20,5,750,16,72 AV MOZART,,,Nuit avec éclairage allumé,En agglomération,Hors intersection,Normale,Autre collision,,,,,,,,,,,5,2,1,1,6
200700016338,0007-03-22 15:05:00,7,3,22,15,5,750,16,AV DE VERSAILLES R VICTO,,,Plein jour,En agglomération,Intersection en T,Normale,Deux véhicules - côté,,,,,,,,,,,1,2,3,1,3
200700016339,0007-03-22 18:00:00,7,3,22,18,0,750,16,AV RAYMOND POINCARE PL D,,,Plein jour,En agglomération,Intersection en T,Normale,Deux véhicules - arrière,,,,,,,,,,,1,2,3,1,2
200700016340,0007-03-01 08:45:00,7,3,1,8,45,750,14,BPI ORLEANS CHATILLON,,,Plein jour,En agglomération,Hors intersection,Pluie légère,Trois véhicules et plus - en chaîne,,,,,,,,,,,1,2,1,2,4
200700016341,0007-03-03 04:38:00,7,3,3,4,38,750,9,38 R FONTAINE,,,Nuit avec éclairage allumé,En agglomération,Hors intersection,Pluie légère,Autre collision,,,,,,,,,,,5,2,1,2,6
200700016342,0007-03-09 14:55:00,7,3,9,14,55,750,18,BPE AUBERVILLIERS CHAPEL,,,Plein jour,En agglomération,Intersection en Y,Normale,Deux véhicules - côté,,,,,,,,,,,1,2,4,1,3
200700016343,0007-03-30 09:15:00,7,3,30,9,15,750,8,28 R CAMBACERES,,,Plein jour,En agglomération,Hors intersection,Pluie légère,Sans collision,,,,,,,,,,,1,2,1,2,7
200700016344,0007-03-11 12:00:00,7,3,11,12,0,750,10,R FG SAINT MARTIN R DE N,,,Plein jour,En agglomération,Intersection en T,Normale,Autre collision,,,,,,,,,,,1,2,3,1,6
200700016345,0007-03-12 14:00:00,7,3,12,14,0,750,10,208 R FG SAINT DENIS,,,Plein jour,En agglomération,Hors intersection,Normale,Autre collision,,,,,,,,,,,1,2,1,1,6
200700016346,0007-03-12 10:15:00,7,3,12,10,15,750,10,R FG SAINT DENIS R LA FA,,,Plein jour,En agglomération,Intersection en X,Normale,Autre collision,,,,,,,,,,,1,2,2,1,6
200700016347,0007-03-13 14:25:00,7,3,13,14,25,750,10,214 R FG SAINT DENIS,,,Plein jour,En agglomération,Hors intersection,Normale,Autre collision,,,,,,,,,,,1,2,1,1,6
200700016348,0007-03-13 12:45:00,7,3,13,12,45,750,10,188 R FG SAINT DENIS,,,Plein jour,En agglomération,Hors intersection,Normale,Autre collision,,,,,,,,,,,1,2,1,1,6
200700016349,0007-03-13 18:45:00,7,3,13,18,45,750,16,R MIRABEAU R WILHEM,,,Plein jour,En agglomération,Intersection en X,Normale,Deux véhicules - arrière,,,,,,,,,,,1,2,2,1,2
200700016350,0007-03-13 13:20:00,7,3,13,13,20,750,17,BPE ASNIERES CHAMPERRET,,,Plein jour,En agglomération,Hors intersection,Normale,Trois véhicules et plus - en chaîne,,,,,,,,,,,1,2,1,1,4
200700016351,0007-03-14 13:55:00,7,3,14,13,55,750,10,R FG SAINT DENIS R LA FA,,,Plein jour,En agglomération,Intersection en X,Normale,Deux véhicules - côté,,,,,,,,,,,1,2,2,1,3
200700016352,0007-03-14 10:20:00,7,3,14,10,20,750,10,12 PL DE LA REPUBLIQUE,,,Plein jour,En agglomération,Hors intersection,Normale,Deux véhicules - côté,,,,,,,,,,,1,2,1,1,3
200700016353,0007-03-14 19:00:00,7,3,14,19,0,750,10,BD DE LA CHAPELLE BD DE,,,Plein jour,En agglomération,Intersection en X,Normale,Autre collision,,,,,,,,,,,1,2,2,1,6
200700016354,0007-03-14 00:15:00,7,3,14,0,15,750,12,AV DR ARNOLD NETTER CRS,,,Nuit avec éclairage allumé,En agglomération,Intersection en X,Normale,Autre collision,,,,,,,,,,,5,2,2,1,6
200700016355,0007-03-14 08:45:00,7,3,14,8,45,750,16,BPI QU POINT DU JOUR SAI,,,Plein jour,En agglomération,Hors intersection,Normale,Deux véhicules - arrière,,,,,,,,,,,1,2,1,1,2
200700016356,0007-03-14 12:00:00,7,3,14,12,0,750,16,BPI SAINT CLOUD MOLITOR,,,Plein jour,En agglomération,Hors intersection,Normale,Deux véhicules - côté,,,,,,,,,,,1,2,1,1,3
200700016357,0007-03-16 13:39:00,7,3,16,13,39,750,6,13 QU DE CONTI,,,Plein jour,En agglomération,Hors intersection,Normale,Deux véhicules - arrière,,,,,,,,,,,1,2,1,1,2
200700016358,0007-03-16 08:30:00,7,3,16,8,30,750,10,R FG SAINT MARTIN R DU H,,,Plein jour,En agglomération,Intersection en T,Normale,Deux véhicules - arrière,,,,,,,,,,,1,2,3,1,2
200700016359,0007-03-16 23:40:00,7,3,16,23,40,750,10,2 R DU HUIT MAI 1945,,,Nuit avec éclairage allumé,En agglomération,Hors intersection,Normale,Deux véhicules - côté,,,,,,,,,,,5,2,1,1,3
200700016360,0007-03-16 21:10:00,7,3,16,21,10,750,10,R CHATEAU LANDON R LA FA,,,Nuit avec éclairage allumé,En agglomération,Intersection en Y,Normale,Autre collision,,,,,,,,,,,5,2,4,1,6
200700016361,0007-03-16 21:10:00,7,3,16,21,10,750,20,R DE BELLEVILLE R PIAT,,,Nuit avec éclairage allumé,En agglomération,Intersection en T,Normale,Deux véhicules - côté,,,,,,,,,,,5,2,3,1,3
200700016362,0007-03-17 10:40:00,7,3,17,10,40,750,13,10 R VANDREZANNE,,,Plein jour,En agglomération,Hors intersection,Normale,Deux véhicules - côté,,,,,,,,,,,1,2,1,1,3
200700016363,0007-03-17 15:30:00,7,3,17,15,30,750,20,6 BD MENILMONTANT,,,Plein jour,En agglomération,Hors intersection,Normale,Sans collision,,,,,,,,,,,1,2,1,1,7
200700016364,0007-03-18 02:11:00,7,3,18,2,11,750,8,R DE COURCELLES AV HOCHE,,,Nuit avec éclairage allumé,En agglomération,Intersection en X,Normale,Trois véhicules et plus - collisions multiples,,,,,,,,,,,5,2,2,1,5
200700016365,0007-03-18 22:25:00,7,3,18,22,25,750,12,R CHALIGNY R FG SAINT AN,,,Nuit avec éclairage allumé,En agglomération,Intersection en X,Pluie légère,Deux véhicules - côté,,,,,,,,,,,5,2,2,2,3
200700016366,0007-03-19 09:00:00,7,3,19,9,0,750,11,13 BD RICHARD LENOIR,,,Plein jour,En agglomération,Hors intersection,Pluie légère,Autre collision,,,,,,,,,,,1,2,1,2,6
200700016367,0007-03-21 08:40:00,7,3,21,8,40,750,1,20 R DES BOURDONNAIS,,,Plein jour,En agglomération,Hors intersection,Temps couvert,Autre collision,,,,,,,,,,,1,2,1,8,6
200700016368,0007-03-21 19:00:00,7,3,21,19,0,750,2,R DES CAPUCINES R DE LA,,,Nuit avec éclairage allumé,En agglomération,Intersection en X,Temps couvert,Autre collision,,,,,,,,,,,5,2,2,8,6
200700016369,0007-03-21 08:40:00,7,3,21,8,40,750,8,R D ANJOU BD HAUSSMANN,,,Plein jour,En agglomération,Intersection en X,Pluie légère,Autre collision,,,,,,,,,,,1,2,2,2,6
200700016370,0007-03-21 17:43:00,7,3,21,17,43,750,8,AV CHAMPS ELYSEES R QUEN,,,Plein jour,En agglomération,Intersection en T,Normale,Deux véhicules - arrière,,,,,,,,,,,1,2,3,1,2
200700016371,0007-03-21 16:20:00,7,3,21,16,20,750,17,36 AV GRANDE ARMEE,,,Plein jour,En agglomération,Hors intersection,Pluie légère,Deux véhicules - arrière,,,,,,,,,,,1,2,1,2,2
200700016372,0007-03-21 16:40:00,7,3,21,16,40,750,18,38 R MARX DORMOY,,,Plein jour,En agglomération,Hors intersection,Pluie légère,Deux véhicules - côté,,,,,,,,,,,1,2,1,2,3
200700016373,0007-03-21 20:00:00,7,3,21,20,0,750,18,BD BARBES BD DE LA CHAPE,,,Nuit avec éclairage allumé,En agglomération,Intersection en X,Pluie légère,Deux véhicules - arrière,,,,,,,,,,,5,2,2,2,2
200700016374,0007-03-21 18:20:00,7,3,21,18,20,750,18,38 AV DE SAINT OUEN,,,Plein jour,En agglomération,Hors intersection,Normale,Autre collision,,,,,,,,,,,1,2,1,1,6
200700016375,0007-03-22 15:25:00,7,3,22,15,25,750,1,28 BD DE SEBASTOPOL,,,Plein jour,En agglomération,Hors intersection,Normale,Deux véhicules - côté,,,,,,,,,,,1,2,1,1,3
200700016376,0007-03-22 11:15:00,7,3,22,11,15,750,9,38 R VIGNON,,,Plein jour,En agglomération,Hors intersection,Temps couvert,Autre collision,,,,,,,,,,,1,2,1,8,6
200700016377,0007-03-22 11:35:00,7,3,22,11,35,750,15,PO DU GARIGLIANO QU ISSY,,,Plein jour,En agglomération,Intersection en X,Pluie légère,Deux véhicules - côté,,,,,,,,,,,1,2,2,2,3
200700016378,0007-03-22 09:50:00,7,3,22,9,50,750,15,R LOUIS VICAT AV PORTE B,,,Plein jour,En agglomération,Intersection en X,Normale,Sans collision,,,,,,,,,,,1,2,2,1,7
200700016379,0007-03-22 14:35:00,7,3,22,14,35,750,15,PL HENRI QUEUILLE BD PAS,,,Plein jour,En agglomération,Intersection en X,Normale,Deux véhicules - côté,,,,,,,,,,,1,2,2,1,3
200700016380,0007-03-22 14:05:00,7,3,22,14,5,750,17,R DES BATIGNOLLES R LA C,,,Plein jour,En agglomération,Intersection en X,Normale,Deux véhicules - côté,,,,,,,,,,,1,2,2,1,3
200700016381,0007-03-22 09:40:00,7,3,22,9,40,750,18,R DE LA CHAPELLE BD NEY,,,Plein jour,En agglomération,Intersection en X,Normale,Deux véhicules - côté,,,,,,,,,,,1,2,2,1,3
200700016382,0007-03-22 16:15:00,7,3,22,16,15,750,19,42 AV DE FLANDRE,,,Plein jour,En agglomération,Hors intersection,Normale,Autre collision,,,,,,,,,,,1,2,1,1,6
200700016383,0007-03-22 17:50:00,7,3,22,17,50,750,19,142 AV DE FLANDRE,,,Plein jour,En agglomération,Hors intersection,Normale,Sans collision,,,,,,,,,,,1,2,1,1,7
200700016384,0007-03-22 23:40:00,7,3,22,23,40,750,20,BD DAVOUT AV PTE DE MONT,,,Nuit avec éclairage allumé,En agglomération,Intersection en X,Normale,Autre collision,,,,,,,,,,,5,2,2,1,6
200700016385,0007-03-23 13:35:00,7,3,23,13,35,750,2,R DES JEUNEURS R DU SENT,,,Plein jour,En agglomération,Intersection en X,Pluie légère,Deux véhicules - côté,,,,,,,,,,,1,2,2,2,3
200700016386,0007-03-23 21:35:00,7,3,23,21,35,750,5,R GAY LUSSAC R SAINT JAC,,,Nuit avec éclairage allumé,En agglomération,Intersection en Y,Temps couvert,Deux véhicules - côté,,,,,,,,,,,5,2,4,8,3
200700016387,0007-03-23 12:50:00,7,3,23,12,50,750,6,40 BD SAINT MICHEL,,,Plein jour,En agglomération,Hors intersection,Pluie légère,Deux véhicules - côté,,,,,,,,,,,1,2,1,2,3
200700016388,0007-03-23 12:15:00,7,3,23,12,15,750,6,R AUGUSTE COMTE BD SAINT,,,Plein jour,En agglomération,Intersection en X,Pluie légère,Autre collision,,,,,,,,,,,1,2,2,2,6
200700016389,0007-03-23 09:20:00,7,3,23,9,20,750,7,55 AV DE SUFFREN,,,Plein jour,En agglomération,Hors intersection,Normale,Deux véhicules - côté,,,,,,,,,,,1,2,1,1,3
200700016390,0007-03-23 17:30:00,7,3,23,17,30,750,8,28 R DE ROME,,,Plein jour,En agglomération,Hors intersection,Temps couvert,Autre collision,,,,,,,,,,,1,2,1,8,6
200700016391,0007-03-23 22:22:00,7,3,23,22,22,750,8,BD DES BATIGNOLLES R DE,,,Nuit avec éclairage allumé,En agglomération,Intersection en X,Pluie légère,Deux véhicules - arrière,,,,,,,,,,,5,2,2,2,2
200700016392,0007-03-23 20:33:00,7,3,23,20,33,750,9,92 R LA FAYETTE,,,Nuit avec éclairage allumé,En agglomération,Hors intersection,Temps couvert,Autre collision,,,,,,,,,,,5,2,1,8,6
200700016393,0007-03-23 20:05:00,7,3,23,20,5,750,9,21 R FG POISSONIERE,,,Nuit avec éclairage allumé,En agglomération,Hors intersection,Temps couvert,Autre collision,,,,,,,,,,,5,2,1,8,6
200700016394,0007-03-23 13:20:00,7,3,23,13,20,750,11,R DE LA ROQUETTE R SAINT,,,Plein jour,En agglomération,Intersection en X,Normale,Autre collision,,,,,,,,,,,1,2,2,1,6
200700016395,0007-03-23 22:00:00,7,3,23,22,0,750,11,R J PIERRE TIMBAUD AV PA,,,Nuit avec éclairage allumé,En agglomération,Intersection en X,Pluie légère,Autre collision,,,,,,,,,,,5,2,2,2,6
200700016396,0007-03-23 13:45:00,7,3,23,13,45,750,15,R DESAIX R DE LA FEDERAT,,,Plein jour,En agglomération,Intersection en X,Pluie légère,Autre collision,,,,,,,,,,,1,2,2,2,6
200700016397,0007-03-23 10:20:00,7,3,23,10,20,750,16,70 AV MARCEAU,,,Plein jour,En agglomération,Hors intersection,Pluie légère,Deux véhicules - côté,,,,,,,,,,,1,2,1,2,3
200700016398,0007-03-23 19:00:00,7,3,23,19,0,750,19,2 BD DE LA VILLETTE,,,Nuit avec éclairage allumé,En agglomération,Hors intersection,Temps couvert,Autre collision,,,,,,,,,,,5,2,1,8,6
200700016399,0007-03-23 08:20:00,7,3,23,8,20,750,19,150 R DE BELLEVILLE,,,Plein jour,En agglomération,Hors intersection,Normale,Deux véhicules - arrière,,,,,,,,,,,1,2,1,1,2
200700016400,0007-03-23 17:30:00,7,3,23,17,30,750,19,PL COLONEL FABIEN R DE M,,,Plein jour,En agglomération,Intersection à plus de 4 branches,Pluie légère,Deux véhicules - côté,,,,,,,,,,,1,2,5,2,3
200700016401,0007-03-23 01:10:00,7,3,23,1,10,750,20,R DE BAGNOLET R PLANCHAT,,,Nuit avec éclairage allumé,En agglomération,Intersection en T,Normale,Deux véhicules - côté,,,,,,,,,,,5,2,3,1,3
200700016402,0007-03-24 17:15:00,7,3,24,17,15,750,2,R DE HANOVRE R DE LA MIC,,,Plein jour,En agglomération,Intersection en X,Pluie légère,Deux véhicules - côté,,,,,,,,,,,1,2,2,2,3
200700016403,0007-03-24 17:20:00,7,3,24,17,20,750,2,BD DES CAPUCINES PL DE L,,,Plein jour,En agglomération,Intersection en X,Pluie légère,Autre collision,,,,,,,,,,,1,2,2,2,6
200700016404,0007-03-24 05:00:00,7,3,24,5,0,750,8,R CH COLOMB AV GEORGE V,,,Nuit avec éclairage allumé,En agglomération,Intersection en T,Normale,Autre collision,,,,,,,,,,,5,2,3,1,6
200700016405,0007-03-24 14:50:00,7,3,24,14,50,750,8,PL DE L EUROPE R DE LOND,,,Plein jour,En agglomération,Intersection en T,Pluie légère,Sans collision,,,,,,,,,,,1,2,3,2,7
200700016406,0007-03-24 06:40:00,7,3,24,6,40,750,17,BD DES BATIGNOLLES R DU,,,Plein jour,En agglomération,Intersection en X,Normale,Deux véhicules - côté,,,,,,,,,,,1,2,2,1,3
200700016407,0007-03-24 14:40:00,7,3,24,14,40,750,8,L3702 PL DE LA CONCORDE,,,Plein jour,En agglomération,Hors intersection,Normale,Deux véhicules - côté,,,,,,,,,,,1,2,1,1,3
200700016408,0007-03-24 17:45:00,7,3,24,17,45,750,8,VERD PO ALMA PO INVALIDE,,,Plein jour,En agglomération,Hors intersection,Pluie légère,Sans collision,,,,,,,,,,,1,2,1,2,7
200700016409,0007-03-24 20:55:00,7,3,24,20,55,750,11,R DU FG DU TEMPLE BD JUL,,,Nuit avec éclairage allumé,En agglomération,Intersection en X,Pluie légère,Autre collision,,,,,,,,,,,5,2,2,2,6
200700016410,0007-03-29 13:30:00,7,3,29,13,30,750,3,R PAS DE LA MULE R DES,,,Plein jour,En agglomération,Intersection en X,Normale,Deux véhicules - côté,,,,,,,,,,,1,2,2,1,3
200700016411,0007-03-24 09:50:00,7,3,24,9,50,750,5,BD SAINT MICHEL R SAINT,,,Plein jour,En agglomération,Intersection en T,Normale,Autre collision,,,,,,,,,,,1,2,3,1,6
200700016412,0007-03-24 18:50:00,7,3,24,18,50,750,16,AV HENRI MARTIN AV VICTO,,,Nuit avec éclairage allumé,En agglomération,Intersection en Y,Pluie légère,Autre collision,,,,,,,,,,,5,2,4,2,6
200700016413,0007-03-24 17:50:00,7,3,24,17,50,750,18,8 R DE LA CHAPELLE,,,Plein jour,En agglomération,Hors intersection,Pluie légère,Autre collision,,,,,,,,,,,1,2,1,2,6
200700016414,0007-03-24 15:55:00,7,3,24,15,55,750,18,R C FLAMMARION BD NEY,,,Plein jour,En agglomération,Intersection en T,Pluie légère,Deux véhicules - côté,,,,,,,,,,,1,2,3,2,3
200700016415,0007-03-24 23:44:00,7,3,24,23,44,750,9,BD DE MAGENTA BD DE ROCH,,,Nuit avec éclairage allumé,En agglomération,Intersection en X,Pluie légère,Deux véhicules - côté,,,,,,,,,,,5,2,2,2,3
200700016416,0007-03-24 19:00:00,7,3,24,19,0,750,18,62 R ORDENER,,,Nuit avec éclairage allumé,En agglomération,Hors intersection,Pluie légère,Autre collision,,,,,,,,,,,5,2,1,2,6