accident_id,datetime,annee,mois,jour,heure,minute,departement,commune_insee,adresse,latitude,longitude,luminosite,agglomeration,intersection,meteo,collision,nb_vehicules,nb_usagers,nb_indemnes,nb_tues,nb_blesses_hosp,nb_blesses_legers,age_cond_1,age_cond_2,veh_type_cond_1,veh_type_cond_2,lum_code,agg_code,int_code,atm_code,col_code
200700016417,0007-03-24 16:50:00,7,3,24,16,50,750,19,43 BD D INDOCHINE,,,Plein jour,En agglomération,Hors intersection,Pluie légère,Autre collision,,,,,,,,,,,1,2,1,2,6
200700016418,0007-03-25 06:50:00,7,3,25,6,50,750,8,PL DE LA CONCORDE CRS LA,,,Nuit avec éclairage allumé,En agglomération,Intersection en X,Pluie légère,Deux véhicules - côté,,,,,,,,,,,5,2,2,2,3
200700016419,0007-03-25 15:50:00,7,3,25,15,50,750,5,R MONGE R SAINT VICTOR,,,Plein jour,En agglomération,Intersection en Y,Normale,Autre collision,,,,,,,,,,,1,2,4,1,6
200700016420,0007-03-25 18:00:00,7,3,25,18,0,750,11,R LEON FROT R MERCOEUR,,,Plein jour,En agglomération,Intersection en X,Normale,Deux véhicules - côté,,,,,,,,,,,1,2,2,1,3
200700016421,0007-03-25 04:30:00,7,3,25,4,30,750,11,AV PARMENTIER AV DE LA R,,,Nuit avec éclairage allumé,En agglomération,Intersection en X,Pluie légère,Deux véhicules - côté,,,,,,,,,,,5,2,2,2,3
200700016422,0007-03-25 02:55:00,7,3,25,2,55,750,12,2 AV DU TRONE,,,Nuit avec éclairage allumé,En agglomération,Hors intersection,Normale,Autre collision,,,,,,,,,,,5,2,1,1,6
200700016423,0007-03-25 21:00:00,7,3,25,21,0,750,13,R DU BANQUIER AV DES GOB,,,Nuit avec éclairage allumé,En agglomération,Intersection en T,Normale,Deux véhicules - côté,,,,,,,,,,,5,2,3,1,3
200700016424,0007-03-25 22:10:00,7,3,25,22,10,750,16,36 R CHARDON LAGACHE,,,Nuit avec éclairage allumé,En agglomération,Hors intersection,Normale,Sans collision,,,,,,,,,,,5,2,1,1,7
200700016425,0007-03-25 07:20:00,7,3,25,7,20,750,16,89 BD DE MONTMORENCY,,,Nuit avec éclairage allumé,En agglomération,Hors intersection,Pluie légère,Autre collision,,,,,,,,,,,5,2,1,2,6
200700016426,0007-03-26 21:15:00,7,3,26,21,15,750,2,16 R CHABANAIS,,,Nuit avec éclairage allumé,En agglomération,Hors intersection,Normale,Autre collision,,,,,,,,,,,5,2,1,1,6
200700016427,0007-03-25 10:15:00,7,3,25,10,15,750,20,92 R SAINT BLAISE,,,Plein jour,En agglomération,Hors intersection,Normale,Deux véhicules - côté,,,,,,,,,,,1,2,1,1,3
200700016428,0007-03-26 18:44:00,7,3,26,18,44,750,5,R DES ECOLES R MONGE,,,Plein jour,En agglomération,Intersection en X,Normale,Deux véhicules - côté,,,,,,,,,,,1,2,2,1,3
200700016429,0007-03-27 16:41:00,7,3,27,16,41,750,2,12 R DU MAIL,,,Plein jour,En agglomération,Hors intersection,Normale,Autre collision,,,,,,,,,,,1,2,1,1,6
200700016430,0007-03-26 01:50:00,7,3,26,1,50,750,7,L3007 PL GENERAL GOURAUD,,,Nuit avec éclairage allumé,En agglomération,Hors intersection,Normale,Sans collision,,,,,,,,,,,5,2,1,1,7
200700016431,0007-03-27 17:20:00,7,3,27,17,20,750,4,R DE L AVE MARIA R DU FA,,,Plein jour,En agglomération,Intersection en X,Normale,Deux véhicules - côté,,,,,,,,,,,1,2,2,1,3
200700016432,0007-03-26 20:00:00,7,3,26,20,0,750,8,PL DE LA CONCORDE,,,Nuit avec éclairage allumé,En agglomération,Hors intersection,Normale,Deux véhicules - côté,,,,,,,,,,,5,2,1,1,3
200700016433,0007-03-27 22:15:00,7,3,27,22,15,750,8,90 R DU ROCHER,,,Nuit avec éclairage allumé,En agglomération,Hors intersection,Normale,Autre collision,,,,,,,,,,,5,2,1,1,6
200700016434,0007-03-27 16:50:00,7,3,27,16,50,750,8,L2367 AV DE MARIGNY,,,Plein jour,En agglomération,Hors intersection,Normale,Sans collision,,,,,,,,,,,1,2,1,1,7
200700016435,0007-03-27 14:20:00,7,3,27,14,20,750,8,43 AV F ROOSEVELT,,,Plein jour,En agglomération,Hors intersection,Normale,Autre collision,,,,,,,,,,,1,2,1,1,6
200700016436,0007-03-26 12:10:00,7,3,26,12,10,750,9,R AUBER BD HAUSSMANN,,,Plein jour,En agglomération,Intersection en Y,Normale,Autre collision,,,,,,,,,,,1,2,4,1,6
200700016437,0007-03-27 11:00:00,7,3,27,11,0,750,8,R DE ROME R DE VIENNE,,,Plein jour,En agglomération,Intersection en X,Normale,Deux véhicules - arrière,,,,,,,,,,,1,2,2,1,2
200700016438,0007-03-27 10:50:00,7,3,27,10,50,750,9,R AUBER R DES MATHURINS,,,Plein jour,En agglomération,Intersection en X,Normale,Autre collision,,,,,,,,,,,1,2,2,1,6
200700016439,0007-03-27 16:40:00,7,3,27,16,40,750,12,88 AV LEDRU ROLLIN,,,Plein jour,En agglomération,Hors intersection,Normale,Autre collision,,,,,,,,,,,1,2,1,1,6
200700016440,0007-03-26 16:45:00,7,3,26,16,45,750,13,R DUMERIL BD DE L HOPITA,,,Plein jour,En agglomération,Intersection en Y,Normale,Sans collision,,,,,,,,,,,1,2,4,1,7
200700016441,0007-03-27 11:20:00,7,3,27,11,20,750,12,12 CRS DE VINCENNES,,,Plein jour,En agglomération,Hors intersection,Normale,Deux véhicules - côté,,,,,,,,,,,1,2,1,1,3
200700016442,0007-03-27 11:30:00,7,3,27,11,30,750,12,R CLAUDE DECAEN AV GEN M,,,Plein jour,En agglomération,Intersection en X,Normale,Autre collision,,,,,,,,,,,1,2,2,1,6
200700016443,0007-03-27 23:10:00,7,3,27,23,10,750,12,RTE CHAMP DE MANOEUVRES,,,Nuit avec éclairage allumé,En agglomération,Intersection en X,Normale,Deux véhicules - côté,,,,,,,,,,,5,2,2,1,3
200700016444,0007-03-26 16:00:00,7,3,26,16,0,750,15,R A CHABRIERES R DU HAME,,,Plein jour,En agglomération,Intersection en X,Normale,Autre collision,,,,,,,,,,,1,2,2,1,6
200700016445,0007-03-26 20:30:00,7,3,26,20,30,750,15,R LABROUSTE R DE VOUILLE,,,Nuit avec éclairage allumé,En agglomération,Intersection en X,Normale,Deux véhicules - côté,,,,,,,,,,,5,2,2,1,3
200700016446,0007-03-26 12:55:00,7,3,26,12,55,750,15,AV FELIX FAURE R FELIX F,,,Plein jour,En agglomération,Intersection en Y,Normale,Deux véhicules - côté,,,,,,,,,,,1,2,4,1,3
200700016447,0007-03-27 06:13:00,7,3,27,6,13,750,16,VGP PO GARIGLIANO MIRABE,,,Nuit avec éclairage allumé,En agglomération,Hors intersection,Normale,Autre collision,,,,,,,,,,,5,2,1,1,6
200700016448,0007-03-27 19:30:00,7,3,27,19,30,750,17,104 BD BESSIERES,,,Nuit avec éclairage allumé,En agglomération,Hors intersection,Normale,Autre collision,,,,,,,,,,,5,2,1,1,6
200700016449,0007-03-26 21:10:00,7,3,26,21,10,750,16,R DE LONGCHAMP R DE LA P,,,Nuit avec éclairage allumé,En agglomération,Intersection en X,Normale,Deux véhicules - côté,,,,,,,,,,,5,2,2,1,3
200700016450,0007-03-27 13:20:00,7,3,27,13,20,750,18,R DE LA CHAPELLE R RIQUE,,,Plein jour,En agglomération,Intersection en X,Normale,Autre collision,,,,,,,,,,,1,2,2,1,6
200700016451,0007-03-26 10:00:00,7,3,26,10,0,750,16,L13241 VERD PT IENA PT A,,,Plein jour,En agglomération,Hors intersection,Normale,Sans collision,,,,,,,,,,,1,2,1,1,7
200700016452,0007-03-27 19:15:00,7,3,27,19,15,750,19,AV JEAN JAURES AV LAUMIE,,,Plein jour,En agglomération,Intersection en X,Normale,Deux véhicules - côté,,,,,,,,,,,1,2,2,1,3
200700016453,0007-03-27 08:10:00,7,3,27,8,10,750,20,PL PORTE DE MONTREUIL EC,,,Plein jour,En agglomération,Intersection en X,Normale,Deux véhicules - arrière,,,,,,,,,,,1,2,2,1,2
200700016454,0007-03-26 16:44:00,7,3,26,16,44,750,18,R JEAN ROBERT R ORDENER,,,Plein jour,En agglomération,Intersection en T,Normale,Autre collision,,,,,,,,,,,1,2,3,1,6
200700016455,0007-03-26 05:10:00,7,3,26,5,10,750,18,20 AV DE SAINT OUEN,,,Nuit avec éclairage allumé,En agglomération,Hors intersection,Normale,Autre collision,,,,,,,,,,,5,2,1,1,6
200700016456,0007-03-26 19:15:00,7,3,26,19,15,750,19,R D AUBERVILLIERS R DE L,,,Nuit avec éclairage allumé,En agglomération,Intersection en T,Normale,Deux véhicules - arrière,,,,,,,,,,,5,2,3,1,2
200700016457,0007-03-28 11:05:00,7,3,28,11,5,750,12,R DE CHARENTON BD DE REU,,,Plein jour,En agglomération,Intersection en X,Normale,Autre collision,,,,,,,,,,,1,2,2,1,6
200700016458,0007-03-26 16:45:00,7,3,26,16,45,750,19,21 QU DE LA GIRONDE,,,Plein jour,En agglomération,Hors intersection,Normale,Autre collision,,,,,,,,,,,1,2,1,1,6
200700016459,0007-03-28 00:35:00,7,3,28,0,35,750,19,20 AV PTE LA VILLETTE,,,Nuit avec éclairage allumé,En agglomération,Hors intersection,Normale,Deux véhicules - côté,,,,,,,,,,,5,2,1,1,3
200700016460,0007-03-22 18:30:00,7,3,22,18,30,750,15,18 BD DE GRENELLE,,,Plein jour,En agglomération,Hors intersection,Normale,Autre collision,,,,,,,,,,,1,2,1,1,6
200700016461,0007-03-27 20:30:00,7,3,27,20,30,750,6,68 BD DU MONTPARNASSE,,,Nuit avec éclairage allumé,En agglomération,Hors intersection,Normale,Autre collision,,,,,,,,,,,5,2,1,1,6
200700016462,0007-03-27 11:35:00,7,3,27,11,35,750,14,R DIDOT R JACQUIER,,,Plein jour,En agglomération,Intersection en X,Normale,Deux véhicules - côté,,,,,,,,,,,1,2,2,1,3
200700016463,0007-03-27 17:30:00,7,3,27,17,30,750,14,PL DENF ROCHEREAU AV GEN,,,Plein jour,En agglomération,Intersection en X,Normale,Deux véhicules - côté,,,,,,,,,,,1,2,2,1,3
200700016464,0007-03-27 16:20:00,7,3,27,16,20,750,18,R DU MONT CENIS R ORDENE,,,Plein jour,En agglomération,Intersection en X,Normale,Autre collision,,,,,,,,,,,1,2,2,1,6
200700016465,0007-03-28 18:40:00,7,3,28,18,40,750,1,PL DU CARROUSEL R DE RIV,,,Plein jour,En agglomération,Intersection en X,Temps couvert,Autre collision,,,,,,,,,,,1,2,2,8,6
200700016466,0007-03-29 09:20:00,7,3,29,9,20,750,16,68 QU LOUIS BLERIOT,,,Plein jour,En agglomération,Hors intersection,Normale,Autre collision,,,,,,,,,,,1,2,1,1,6
200700016467,0007-03-28 10:45:00,7,3,28,10,45,750,3,R DU TEMPLE R DE TURBIGO,,,Plein jour,En agglomération,Intersection en X,Normale,Autre collision,,,,,,,,,,,1,2,2,1,6
200700016468,0007-03-29 01:10:00,7,3,29,1,10,750,16,R RAFFET BD SUCHET,,,Nuit avec éclairage allumé,En agglomération,Intersection en X,Normale,Deux véhicules - côté,,,,,,,,,,,5,2,2,1,3
200700016469,0007-03-28 20:10:00,7,3,28,20,10,750,8,R CONSTANTINOPLE R DE RO,,,Nuit avec éclairage allumé,En agglomération,Intersection en T,Normale,Deux véhicules - côté,,,,,,,,,,,5,2,3,1,3
200700016470,0007-03-28 08:13:00,7,3,28,8,13,750,8,R FRANCOIS 1ER R PIERRE,,,Plein jour,En agglomération,Intersection en X,Normale,Deux véhicules - côté,,,,,,,,,,,1,2,2,1,3
200700016471,0007-03-28 22:15:00,7,3,28,22,15,750,14,L2332 AV DU MAINE,,,Nuit avec éclairage allumé,En agglomération,Hors intersection,Normale,Autre collision,,,,,,,,,,,5,2,1,1,6
200700016472,0007-03-28 15:55:00,7,3,28,15,55,750,14,24 BD JOURDAN,,,Plein jour,En agglomération,Hors intersection,Pluie légère,Sans collision,,,,,,,,,,,1,2,1,2,7
200700016473,0007-03-28 14:50:00,7,3,28,14,50,750,14,L8790 PL DU 25 AOUT 1944,,,Plein jour,En agglomération,Hors intersection,Pluie légère,Deux véhicules - arrière,,,,,,,,,,,1,2,1,2,2
200700016474,0007-03-28 13:25:00,7,3,28,13,25,750,16,188 AV VICTOR HUGO,,,Plein jour,En agglomération,Hors intersection,Normale,Autre collision,,,,,,,,,,,1,2,1,1,6
200700016475,0007-03-28 10:45:00,7,3,28,10,45,750,15,R BROWN SEQUARD BD DE VA,,,Plein jour,En agglomération,Intersection en T,Normale,Autre collision,,,,,,,,,,,1,2,3,1,6
200700016476,0007-03-21 10:40:00,7,3,21,10,40,750,10,34 R FG DU TEMPLE,,,Plein jour,En agglomération,Hors intersection,Pluie légère,Sans collision,,,,,,,,,,,1,2,1,2,7
200700016477,0007-03-21 15:25:00,7,3,21,15,25,750,10,BD DE MAGENTA R DE ROCRO,,,Plein jour,En agglomération,Intersection en Y,Pluie légère,Deux véhicules - côté,,,,,,,,,,,1,2,4,2,3
200700016478,0007-03-22 15:25:00,7,3,22,15,25,750,10,BD DE MAGENTA R PIERRE C,,,Plein jour,En agglomération,Intersection en T,Normale,Deux véhicules - côté,,,,,,,,,,,1,2,3,1,3
200700016479,0007-03-23 13:50:00,7,3,23,13,50,750,10,R SAINT LAURENT BD DE ST,,,Plein jour,En agglomération,Intersection en X,Temps couvert,Sans collision,,,,,,,,,,,1,2,2,8,7
200700016480,0007-03-24 20:35:00,7,3,24,20,35,750,10,22 BD DE MAGENTA,,,Nuit avec éclairage allumé,En agglomération,Hors intersection,Pluie légère,Deux véhicules - côté,,,,,,,,,,,5,2,1,2,3
200700016481,0007-03-26 08:50:00,7,3,26,8,50,750,10,78 QU DE JEMMAPES,,,Plein jour,En agglomération,Hors intersection,Normale,Sans collision,,,,,,,,,,,1,2,1,1,7
200700016482,0007-03-28 20:09:00,7,3,28,20,9,750,16,42 AV RAYMOND POINCARE,,,Nuit avec éclairage allumé,En agglomération,Hors intersection,Normale,Deux véhicules - côté,,,,,,,,,,,5,2,1,1,3
200700016483,0007-03-29 09:30:00,7,3,29,9,30,750,8,R CLEMENT MAROT R PIERRE,,,Plein jour,En agglomération,Intersection en X,Normale,Deux véhicules - côté,,,,,,,,,,,1,2,2,1,3
200700016484,0007-03-29 10:45:00,7,3,29,10,45,750,12,L9789 PL DE LA BASTILLE,,,Plein jour,En agglomération,Hors intersection,Normale,Sans collision,,,,,,,,,,,1,2,1,1,7
200700016485,0007-03-29 08:10:00,7,3,29,8,10,750,19,177 BD SERURIER,,,Plein jour,En agglomération,Hors intersection,Normale,Autre collision,,,,,,,,,,,1,2,1,1,6
200700016486,0007-03-30 20:25:00,7,3,30,20,25,750,6,138 BD SAINT GERMAIN,,,Nuit avec éclairage allumé,En agglomération,Hors intersection,Normale,Sans collision,,,,,,,,,,,5,2,1,1,7
200700016487,0007-03-30 16:05:00,7,3,30,16,5,750,12,BD DIDEROT R DE PICPUS,,,Plein jour,En agglomération,Intersection en X,Normale,Deux véhicules - côté,,,,,,,,,,,1,2,2,1,3
200700016488,0007-03-30 18:40:00,7,3,30,18,40,750,13,28 R BRILLAT SAVARIN,,,Plein jour,En agglomération,Hors intersection,Normale,Autre collision,,,,,,,,,,,1,2,1,1,6
200700016489,0007-03-30 13:45:00,7,3,30,13,45,750,13,R BAUDRICOURT R DE TOLBI,,,Plein jour,En agglomération,Intersection en X,Pluie légère,Deux véhicules - côté,,,,,,,,,,,1,2,2,2,3
200700016490,0007-03-30 11:15:00,7,3,30,11,15,750,14,112 BD DU MONTPARNASSE,,,Plein jour,En agglomération,Hors intersection,Pluie légère,Autre collision,,,,,,,,,,,1,2,1,2,6
200700016491,0007-03-30 15:20:00,7,3,30,15,20,750,14,R JULES GUESDE R DE L OU,,,Plein jour,En agglomération,Intersection en X,Temps couvert,Deux véhicules - côté,,,,,,,,,,,1,2,2,8,3
200700016492,0007-03-30 19:50:00,7,3,30,19,50,750,16,R DE CHAILLOT AV MARCEAU,,,Nuit avec éclairage allumé,En agglomération,Intersection en X,Normale,Deux véhicules - côté,,,,,,,,,,,5,2,2,1,3
200700016493,0007-03-30 13:45:00,7,3,30,13,45,750,16,AV RAYMOND POINCARE PL V,,,Plein jour,En agglomération,Intersection à plus de 4 branches,Normale,Deux véhicules - côté,,,,,,,,,,,1,2,5,1,3
200700016494,0007-03-30 14:15:00,7,3,30,14,15,750,16,AV DE NEW YORK PL DE VAR,,,Plein jour,En agglomération,Intersection en X,Pluie légère,Deux véhicules - arrière,,,,,,,,,,,1,2,2,2,2
200700016495,0007-03-31 18:20:00,7,3,31,18,20,750,10,117 QU DE VALMY,,,Plein jour,En agglomération,Hors intersection,Normale,Deux véhicules - arrière,,,,,,,,,,,1,2,1,1,2
200700016496,0007-03-31 16:45:00,7,3,31,16,45,750,10,BD DE LA CHAPELLE R DE M,,,Plein jour,En agglomération,Intersection en X,Pluie forte,Deux véhicules - côté,,,,,,,,,,,1,2,2,3,3
200700016497,0007-03-31 14:40:00,7,3,31,14,40,750,12,68  BD PONIATOWSKI,,,Plein jour,En agglomération,Hors intersection,Pluie légère,Deux véhicules - arrière,,,,,,,,,,,1,2,1,2,2
200700016498,0007-03-31 17:20:00,7,3,31,17,20,750,12,ECH BERCY R ROBERT ETLIN,,,Plein jour,En agglomération,Intersection en X,Normale,Deux véhicules - arrière,,,,,,,,,,,1,2,2,1,2
200700016499,0007-03-31 09:35:00,7,3,31,9,35,750,14,8 R CDT R MOUCHOTTE,,,Plein jour,En agglomération,Hors intersection,Normale,Autre collision,,,,,,,,,,,1,2,1,1,6
200700016500,0007-03-01 14:00:00,7,3,1,14,0,750,14,BPE VANVES CHATILLON,,,Plein jour,En agglomération,Hors intersection,Normale,Sans collision,,,,,,,,,,,1,2,1,1,7
200700016501,0007-03-09 19:25:00,7,3,9,19,25,750,19,BPE PANTIN VILLETTE,,,Nuit avec éclairage allumé,En agglomération,Hors intersection,Temps couvert,Trois véhicules et plus - en chaîne,,,,,,,,,,,5,2,1,8,4
200700016502,0007-03-12 16:50:00,7,3,12,16,50,750,20,BPE MONTREUIL BAGNOLET E,,,Plein jour,En agglomération,Intersection en Y,Normale,Deux véhicules - côté,,,,,,,,,,,1,2,4,1,3
200700016503,0007-03-12 18:35:00,7,3,12,18,35,750,16,BPI DAUPHINE MAILLOT,,,Nuit avec éclairage allumé,En agglomération,Hors intersection,Normale,Autre collision,,,,,,,,,,,5,2,1,1,6
200700016504,0007-03-13 09:20:00,7,3,13,9,20,750,16,BPI AUTEUIL PASSY,,,Plein jour,En agglomération,Hors intersection,Normale,Deux véhicules - côté,,,,,,,,,,,1,2,1,1,3
200700016505,0007-03-14 11:20:00,7,3,14,11,20,750,19,BPE PANTIN VILLETTE,,,Plein jour,En agglomération,Hors intersection,Normale,Trois véhicules et plus - en chaîne,,,,,,,,,,,1,2,1,1,4
200700016506,0007-03-14 16:40:00,7,3,14,16,40,750,12,BPI CHARENTON BERCY,,,Plein jour,En agglomération,Hors intersection,Normale,Deux véhicules - arrière,,,,,,,,,,,1,2,1,1,2
200700016507,0007-03-16 09:05:00,7,3,16,9,5,750,19,BPE VILLETTE AUBERVILLIE,,,Plein jour,En agglomération,Hors intersection,Normale,Sans collision,,,,,,,,,,,1,2,1,1,7
200700016508,0007-03-16 13:15:00,7,3,16,13,15,750,16,BPE DAUPHINE MUETTE,,,Plein jour,En agglomération,Hors intersection,Normale,Deux véhicules - côté,,,,,,,,,,,1,2,1,1,3
200700016509,0007-03-22 14:45:00,7,3,22,14,45,750,17,BPE SAINT OUEN CLICHY,,,Plein jour,En agglomération,Hors intersection,Normale,Deux véhicules - côté,,,,,,,,,,,1,2,1,1,3
200700016510,0007-03-28 18:05:00,7,3,28,18,5,750,11,R GAMBEY R OBERKAMPF,,,Plein jour,En agglomération,Intersection en T,Normale,Autre collision,,,,,,,,,,,1,2,3,1,6
200700016511,0007-03-28 17:10:00,7,3,28,17,10,750,11,R BASFROI R DE LA ROQUET,,,Plein jour,En agglomération,Intersection en X,Pluie légère,Autre collision,,,,,,,,,,,1,2,2,2,6
200700016512,0007-03-28 20:00:00,7,3,28,20,0,750,4,BD HENRI IV R DE LESDIGU,,,Nuit avec éclairage allumé,En agglomération,Intersection en X,Normale,Deux véhicules - côté,,,,,,,,,,,5,2,2,1,3
200700016513,0007-03-29 12:40:00,7,3,29,12,40,750,3,78 R DE TURBIGO,,,Plein jour,En agglomération,Hors intersection,Normale,Deux véhicules - côté,,,,,,,,,,,1,2,1,1,3
200700016514,0007-03-29 14:25:00,7,3,29,14,25,750,3,R DES ARQUEBUSIERS BD BE,,,Plein jour,En agglomération,Intersection en T,Normale,Deux véhicules - côté,,,,,,,,,,,1,2,3,1,3
200700016515,0007-03-10 20:30:00,7,3,10,20,30,750,20,BPI MONTREUIL VINCENNES,,,Nuit avec éclairage allumé,En agglomération,Hors intersection,Normale,Autre collision,,,,,,,,,,,5,2,1,1,6
200700016516,0007-03-29 12:50:00,7,3,29,12,50,750,11,R GONNET R DE MONTREUIL,,,Plein jour,En agglomération,Intersection en T,Normale,Deux véhicules - côté,,,,,,,,,,,1,2,3,1,3
200700016517,0007-03-30 12:25:00,7,3,30,12,25,750,3,R DE LA PERLE R VIEILLE,,,Plein jour,En agglomération,Intersection en X,Pluie légère,Autre collision,,,,,,,,,,,1,2,2,2,6
200700016518,0007-03-30 17:05:00,7,3,30,17,5,750,1,R COQUILLIERE R DU LOUVR,,,Plein jour,En agglomération,Intersection en T,Normale,Trois véhicules et plus - collisions multiples,,,,,,,,,,,1,2,3,1,5
200700016519,0007-03-30 11:50:00,7,3,30,11,50,750,4,R SAINT ANTOINE R DE SEV,,,Plein jour,En agglomération,Intersection en T,Pluie légère,Deux véhicules - côté,,,,,,,,,,,1,2,3,2,3
200700016520,0007-03-28 08:10:00,7,3,28,8,10,750,20,BD DE MENILMONTANT PAS M,,,Plein jour,En agglomération,Intersection en T,Normale,Deux véhicules - côté,,,,,,,,,,,1,2,3,1,3
200700016521,0007-03-28 12:15:00,7,3,28,12,15,750,20,R BELGRAND R DE LA PY,,,Plein jour,En agglomération,Intersection en Y,Normale,Autre collision,,,,,,,,,,,1,2,4,1,6
200700016522,0007-03-29 20:50:00,7,3,29,20,50,750,15,R CROIX NIVERT R DESNOUE,,,Nuit avec éclairage allumé,En agglomération,Intersection en X,Pluie légère,Deux véhicules - frontale,,,,,,,,,,,5,2,2,2,1
200700016523,0007-03-29 13:20:00,7,3,29,13,20,750,17,PL CHARLES DE GAULLE AV,,,Plein jour,En agglomération,Intersection à plus de 4 branches,Normale,Autre collision,,,,,,,,,,,1,2,5,1,6
200700016524,0007-03-29 13:55:00,7,3,29,13,55,750,20,50 R D AVRON,,,Plein jour,En agglomération,Hors intersection,Normale,Deux véhicules - côté,,,,,,,,,,,1,2,1,1,3
200700016525,0007-03-30 09:15:00,7,3,30,9,15,750,7,R DUROC R MASSERAN,,,Plein jour,En agglomération,Intersection en X,Pluie légère,Autre collision,,,,,,,,,,,1,2,2,2,6
200700016526,0007-03-30 19:45:00,7,3,30,19,45,750,7,R DE GRENELLE R DE MARTI,,,Nuit avec éclairage allumé,En agglomération,Intersection en T,Normale,Autre collision,,,,,,,,,,,5,2,3,1,6
200700016527,0007-03-30 08:40:00,7,3,30,8,40,750,8,R FRANCOIS 1ER R MARBEUF,,,Plein jour,En agglomération,Intersection en X,Pluie légère,Autre collision,,,,,,,,,,,1,2,2,2,6
200700016528,0007-03-30 18:00:00,7,3,30,18,0,750,8,R DES MATHURINS R PASQUI,,,Plein jour,En agglomération,Intersection en X,Normale,Deux véhicules - côté,,,,,,,,,,,1,2,2,1,3
200700016529,0007-03-30 19:25:00,7,3,30,19,25,750,8,BD MALESHERBES PL SAINT,,,Nuit avec éclairage allumé,En agglomération,Intersection en X,Temps couvert,Trois véhicules et plus - en chaîne,,,,,,,,,,,5,2,2,8,4
200700016530,0007-03-30 20:30:00,7,3,30,20,30,750,15,214 R DE JAVEL,,,Nuit avec éclairage allumé,En agglomération,Hors intersection,Normale,Deux véhicules - arrière,,,,,,,,,,,5,2,1,1,2
200700016531,0007-03-30 10:25:00,7,3,30,10,25,750,17,PL CH DE GAULLE AV GRAND,,,Plein jour,En agglomération,Intersection à plus de 4 branches,Pluie légère,Sans collision,,,,,,,,,,,1,2,5,2,7
200700016532,0007-03-30 15:10:00,7,3,30,15,10,750,19,R DAVID D ANGERS R D HAU,,,Plein jour,En agglomération,Intersection à plus de 4 branches,Normale,Autre collision,,,,,,,,,,,1,2,5,1,6
200700016533,0007-03-30 07:25:00,7,3,30,7,25,750,20,130 BD DE CHARONNE,,,Nuit avec éclairage allumé,En agglomération,Hors intersection,Pluie légère,Autre collision,,,,,,,,,,,5,2,1,2,6
200700016534,0007-03-30 10:37:00,7,3,30,10,37,750,4,PL DE LA BASTILLE BD HEN,,,Plein jour,En agglomération,Intersection en X,Pluie légère,Autre collision,,,,,,,,,,,1,2,2,2,6
200700016535,0007-03-30 09:45:00,7,3,30,9,45,750,11,172 R DE CHARONNE,,,Plein jour,En agglomération,Hors intersection,Pluie légère,Deux véhicules - côté,,,,,,,,,,,1,2,1,2,3
200700016536,0007-03-31 11:20:00,7,3,31,11,20,750,1,PL DU CHATELET BD DE SEB,,,Plein jour,En agglomération,Intersection en X,Normale,Deux véhicules - arrière,,,,,,,,,,,1,2,2,1,2
200700016537,0007-03-31 14:10:00,7,3,31,14,10,750,4,R CARON R SAINT ANTOINE,,,Plein jour,En agglomération,Intersection en X,Pluie légère,Deux véhicules - côté,,,,,,,,,,,1,2,2,2,3
200700016538,0007-03-31 17:55:00,7,3,31,17,55,750,8,AV GEORGE V R DE LA TREM,,,Plein jour,En agglomération,Intersection en X,Pluie légère,Sans collision,,,,,,,,,,,1,2,2,2,7
200700016539,0007-03-31 01:45:00,7,3,31,1,45,750,15,R SAINT CHARLES R DU THE,,,Nuit avec éclairage allumé,En agglomération,Intersection en X,Normale,Deux véhicules - côté,,,,,,,,,,,5,2,2,1,3
200700016540,0007-03-31 18:20:00,7,3,31,18,20,750,17,R BOULAY AV DE CLICHY,,,Plein jour,En agglomération,Intersection en X,Pluie légère,Autre collision,,,,,,,,,,,1,2,2,2,6
200700016541,0007-03-31 12:55:00,7,3,31,12,55,750,17,110 AV DE SAINT OUEN,,,Plein jour,En agglomération,Hors intersection,Normale,Autre collision,,,,,,,,,,,1,2,1,1,6
200700016542,0007-03-31 15:50:00,7,3,31,15,50,750,19,R DU CHEMIN DE FER AV PT,,,Plein jour,En agglomération,Intersection en X,Pluie légère,Deux véhicules - côté,,,,,,,,,,,1,2,2,2,3
200700016543,0007-03-31 14:00:00,7,3,31,14,0,750,19,AV AMBROISE RENDU R CAHO,,,Plein jour,En agglomération,Intersection en X,Pluie légère,Deux véhicules - côté,,,,,,,,,,,1,2,2,2,3
200700016544,0007-03-23 22:25:00,7,3,23,22,25,750,12,SQ COURTELINE BD DE PICP,,,Nuit avec éclairage allumé,En agglomération,Intersection à plus de 4 branches,Temps couvert,Autre collision,,,,,,,,,,,5,2,5,8,6
200700016545,0007-03-25 05:05:00,7,3,25,5,5,750,11,R DE MALTE AV DE LA REPU,,,Nuit avec éclairage allumé,En agglomération,Intersection en Y,Pluie légère,Deux véhicules - côté,,,,,,,,,,,5,2,4,2,3
200700016546,0007-03-26 15:30:00,7,3,26,15,30,750,11,BD DE CHARONNE AV DE TAI,,,Plein jour,En agglomération,Intersection en X,Normale,Deux véhicules - côté,,,,,,,,,,,1,2,2,1,3
200700016547,0007-03-26 13:15:00,7,3,26,13,15,750,11,R DE CRUSSOL BD DU TEMPL,,,Plein jour,En agglomération,Intersection en T,Normale,Deux véhicules - arrière,,,,,,,,,,,1,2,3,1,2
200700016548,0007-03-26 15:00:00,7,3,26,15,0,750,11,6 AV DE LA REPUBLIQUE,,,Plein jour,En agglomération,Hors intersection,Normale,Deux véhicules - côté,,,,,,,,,,,1,2,1,1,3