accident_id,datetime,annee,mois,jour,heure,minute,departement,commune_insee,adresse,latitude,longitude,luminosite,agglomeration,intersection,meteo,collision,nb_vehicules,nb_usagers,nb_indemnes,nb_tues,nb_blesses_hosp,nb_blesses_legers,age_cond_1,age_cond_2,veh_type_cond_1,veh_type_cond_2,lum_code,agg_code,int_code,atm_code,col_code
200700016549,0007-03-27 21:25:00,7,3,27,21,25,750,11,R DE CHARONNE BD VOLTAIR,,,Nuit avec éclairage allumé,En agglomération,Intersection en X,Normale,Autre collision,,,,,,,,,,,5,2,2,1,6
200700016550,0007-03-28 14:15:00,7,3,28,14,15,750,12,4 R CHALIGNY,,,Plein jour,En agglomération,Hors intersection,Normale,Autre collision,,,,,,,,,,,1,2,1,1,6
200700016551,0007-03-29 14:40:00,7,3,29,14,40,750,9,12 R DE CALAIS,,,Plein jour,En agglomération,Hors intersection,Temps couvert,Deux véhicules - côté,,,,,,,,,,,1,2,1,8,3
200700016552,0007-03-30 18:45:00,7,3,30,18,45,750,5,42 R SAINT JACQUES,,,Plein jour,En agglomération,Hors intersection,Temps couvert,Deux véhicules - arrière,,,,,,,,,,,1,2,1,8,2
200700016553,0007-03-30 18:30:00,7,3,30,18,30,750,11,148 AV PARMENTIER,,,Plein jour,En agglomération,Hors intersection,Normale,Deux véhicules - côté,,,,,,,,,,,1,2,1,1,3
200700016554,0007-03-30 22:40:00,7,3,30,22,40,750,18,R BELLIARD R DAMREMONT,,,Nuit avec éclairage allumé,En agglomération,Intersection en X,Normale,Autre collision,,,,,,,,,,,5,2,2,1,6
200700016555,0007-03-30 19:00:00,7,3,30,19,0,750,18,PL DE LA CHAPELLE R MARX,,,Crépuscule ou aube,En agglomération,Intersection en X,Temps couvert,Deux véhicules - arrière,,,,,,,,,,,2,2,2,8,2
200700016556,0007-03-31 23:50:00,7,3,31,23,50,750,5,QU SAINT BERNARD PO DE S,,,Nuit avec éclairage allumé,En agglomération,Intersection en X,Normale,Deux véhicules - arrière,,,,,,,,,,,5,2,2,1,2
200700016557,0007-03-31 12:25:00,7,3,31,12,25,750,5,BD DE L HOPITAL BD SAINT,,,Plein jour,En agglomération,Intersection en X,Normale,Deux véhicules - côté,,,,,,,,,,,1,2,2,1,3
200700016558,0007-03-31 05:25:00,7,3,31,5,25,750,5,R SOUFFLOT R VICTOR COUS,,,Nuit avec éclairage allumé,En agglomération,Intersection en X,Normale,Deux véhicules - arrière,,,,,,,,,,,5,2,2,1,2
200700016559,0007-03-31 10:30:00,7,3,31,10,30,750,5,PL MAUBERT R MONGE,,,Plein jour,En agglomération,Intersection en X,Normale,Sans collision,,,,,,,,,,,1,2,2,1,7
200700016560,0007-03-31 09:33:00,7,3,31,9,33,750,5,R LACEPEDE R MONGE,,,Plein jour,En agglomération,Intersection en X,Normale,Trois véhicules et plus - collisions multiples,,,,,,,,,,,1,2,2,1,5
200700016561,0007-03-31 15:00:00,7,3,31,15,0,750,18,30 BD DE ROCHECHOUART,,,Plein jour,En agglomération,Hors intersection,Pluie légère,Deux véhicules - côté,,,,,,,,,,,1,2,1,2,3
200700016562,0007-03-31 14:41:00,7,3,31,14,41,750,18,52 R DES POISSONNIERS,,,Plein jour,En agglomération,Hors intersection,Pluie légère,Autre collision,,,,,,,,,,,1,2,1,2,6
200700016563,0007-03-29 18:40:00,7,3,29,18,40,750,12,R DE CHARENTON AV DAUMES,,,Plein jour,En agglomération,Intersection en Y,Normale,Deux véhicules - côté,,,,,,,,,,,1,2,4,1,3
200700016564,0007-03-02 06:25:00,7,3,2,6,25,750,13,BPI ITALIE GENTILLY,,,Nuit avec éclairage allumé,En agglomération,Hors intersection,Normale,Autre collision,,,,,,,,,,,5,2,1,1,6
200700016565,0007-03-09 08:50:00,7,3,9,8,50,750,16,BPI AUTEUIL PASSY,,,Plein jour,En agglomération,Hors intersection,Normale,Autre collision,,,,,,,,,,,1,2,1,1,6
200700016566,0007-03-10 02:45:00,7,3,10,2,45,750,16,BPE MUETTE PASSY,,,Nuit avec éclairage allumé,En agglomération,Hors intersection,Normale,Autre collision,,,,,,,,,,,5,2,1,1,6
200700016567,0007-03-17 02:05:00,7,3,17,2,5,750,20,ECH BAGNOLET,,,Nuit avec éclairage allumé,En agglomération,Hors intersection,Normale,Autre collision,,,,,,,,,,,5,2,1,1,6
200700016568,0007-03-19 16:25:00,7,3,19,16,25,750,18,BPE AUBERVILLIERS CHAPEL,,,Plein jour,En agglomération,Hors intersection,Pluie légère,Deux véhicules - arrière,,,,,,,,,,,1,2,1,2,2
200700016569,0007-03-20 10:40:00,7,3,20,10,40,750,20,ECH BAGNOLET,,,Plein jour,En agglomération,Hors intersection,Normale,Deux véhicules - arrière,,,,,,,,,,,1,2,1,1,2
200700016570,0007-03-21 15:30:00,7,3,21,15,30,750,16,BPI DAUPHINE MAILLOT,,,Plein jour,En agglomération,Hors intersection,Pluie légère,Trois véhicules et plus - en chaîne,,,,,,,,,,,1,2,1,2,4
200700016571,0007-03-21 08:55:00,7,3,21,8,55,750,19,BPE LILAS PRE SAINT GERV,,,Plein jour,En agglomération,Hors intersection,Pluie légère,Sans collision,,,,,,,,,,,1,2,1,2,7
200700016572,0007-03-21 09:35:00,7,3,21,9,35,750,20,BPI LILAS BAGNOLET,,,Plein jour,En agglomération,Hors intersection,Pluie légère,Sans collision,,,,,,,,,,,1,2,1,2,7
200700016573,0007-03-22 05:50:00,7,3,22,5,50,750,19,BPI PRE SAINT GERVAIS LI,,,Nuit avec éclairage allumé,En agglomération,Hors intersection,Normale,Autre collision,,,,,,,,,,,5,2,1,1,6
200700016574,0007-03-25 19:35:00,7,3,25,19,35,750,14,BPE BRANCION VANVES,,,Nuit avec éclairage allumé,En agglomération,Hors intersection,Normale,Trois véhicules et plus - en chaîne,,,,,,,,,,,5,2,1,1,4
200700016575,0007-03-26 20:15:00,7,3,26,20,15,750,18,BPI CLIGNANCOURT CHAPELL,,,Nuit avec éclairage allumé,En agglomération,Hors intersection,Normale,Trois véhicules et plus - en chaîne,,,,,,,,,,,5,2,1,1,4
200700016576,0007-03-23 19:15:00,7,3,23,19,15,750,16,BPI QU POINT DU JOUR SAI,,,Nuit avec éclairage allumé,En agglomération,Hors intersection,Pluie légère,Deux véhicules - arrière,,,,,,,,,,,5,2,1,2,2
200700016577,0007-03-27 17:10:00,7,3,27,17,10,750,14,BPI CHATILLON VANVES,,,Plein jour,En agglomération,Hors intersection,Normale,Trois véhicules et plus - en chaîne,,,,,,,,,,,1,2,1,1,4
200700016578,0007-03-27 15:10:00,7,3,27,15,10,750,17,ECH CLICHY,,,Plein jour,En agglomération,Hors intersection,Normale,Deux véhicules - arrière,,,,,,,,,,,1,2,1,1,2
200700016579,0007-03-28 19:05:00,7,3,28,19,5,750,12,L1215 AV DES MINIMES,,,Plein jour,En agglomération,Hors intersection,Normale,Sans collision,,,,,,,,,,,1,2,1,1,7
200700016580,0007-03-28 09:10:00,7,3,28,9,10,750,13,BPI IVRY ITALIE,,,Plein jour,En agglomération,Hors intersection,Normale,Deux véhicules - arrière,,,,,,,,,,,1,2,1,1,2
200700016581,0007-03-29 09:30:00,7,3,29,9,30,750,16,BPI AUTEUIL PASSY,,,Plein jour,En agglomération,Hors intersection,Normale,Deux véhicules - côté,,,,,,,,,,,1,2,1,1,3
200700016582,0007-03-28 21:50:00,7,3,28,21,50,750,20,BPI MONTREUIL VINCENNES,,,Nuit avec éclairage allumé,En agglomération,Intersection en Y,Normale,Autre collision,,,,,,,,,,,5,2,4,1,6
200700016583,0007-03-30 15:05:00,7,3,30,15,5,750,20,BPI LILAS BAGNOLET,,,Plein jour,En agglomération,Hors intersection,Temps couvert,Deux véhicules - côté,,,,,,,,,,,1,2,1,8,3
200700016584,0007-03-21 15:20:00,7,3,21,15,20,750,19,30 AV DE FLANDRE,,,Plein jour,En agglomération,Hors intersection,Temps couvert,Deux véhicules - côté,,,,,,,,,,,1,2,1,8,3
200700016585,0007-03-31 04:07:00,7,3,31,4,7,750,14,BPE CHATILLON ORLEANS,,,Nuit avec éclairage allumé,En agglomération,Hors intersection,Normale,Deux véhicules - arrière,,,,,,,,,,,5,2,1,1,2
200700016586,0007-03-31 13:15:00,7,3,31,13,15,750,18,BPE AUBERVILLIERS CHAPEL,,,Plein jour,En agglomération,Hors intersection,Normale,Deux véhicules - arrière,,,,,,,,,,,1,2,1,1,2
200700016587,0007-03-31 18:45:00,7,3,31,18,45,750,16,BPI DAUPHINE MAILLOT,,,Plein jour,En agglomération,Hors intersection,Normale,Deux véhicules - côté,,,,,,,,,,,1,2,1,1,3
200700016588,0007-03-17 18:05:00,7,3,17,18,5,750,12,258 AV DAUMESNIL,,,Plein jour,En agglomération,Hors intersection,Normale,Deux véhicules - arrière,,,,,,,,,,,1,2,1,1,2
200700016589,0007-03-22 09:50:00,7,3,22,9,50,750,19,BPE VILLETTE AUBERVILLIE,,,Plein jour,En agglomération,Hors intersection,Normale,Autre collision,,,,,,,,,,,1,2,1,1,6
200700016590,0007-03-22 18:20:00,7,3,22,18,20,750,16,BPI PASSY MUETTE,,,Plein jour,En agglomération,Hors intersection,Normale,Autre collision,,,,,,,,,,,1,2,1,1,6
200700016591,0007-03-22 12:30:00,7,3,22,12,30,750,18,BPI CLIGNANCOURT CHAPELL,,,Plein jour,En agglomération,Hors intersection,Normale,Autre collision,,,,,,,,,,,1,2,1,1,6
200700016592,0007-03-30 00:27:00,7,3,30,0,27,750,20,BPE VINCENNES MONTREUIL,,,Nuit avec éclairage allumé,En agglomération,Hors intersection,Pluie légère,Autre collision,,,,,,,,,,,5,2,1,2,6
200700016593,0007-03-29 22:00:00,7,3,29,22,0,750,15,BPE SEVRES PLAINE,,,Nuit avec éclairage allumé,En agglomération,Hors intersection,Normale,Trois véhicules et plus - en chaîne,,,,,,,,,,,5,2,1,1,4
200700016594,0007-03-01 02:25:00,7,3,1,2,25,750,6,BD RASPAIL R DE SEVRES,,,Nuit avec éclairage allumé,En agglomération,Intersection en T,Pluie légère,Autre collision,,,,,,,,,,,5,2,3,2,6
200700016595,0007-03-01 14:15:00,7,3,1,14,15,750,11,R DE CHARONNE BD VOLTAIR,,,Plein jour,En agglomération,Intersection en X,Normale,Deux véhicules - côté,,,,,,,,,,,1,2,2,1,3
200700016596,0007-03-01 22:55:00,7,3,1,22,55,750,20,46 BD DAVOUT,,,Nuit avec éclairage allumé,En agglomération,Hors intersection,Normale,Sans collision,,,,,,,,,,,5,2,1,1,7
200700016597,0007-03-02 02:15:00,7,3,2,2,15,750,11,192 BD VOLTAIRE,,,Nuit avec éclairage allumé,En agglomération,Hors intersection,Normale,Deux véhicules - côté,,,,,,,,,,,5,2,1,1,3
200700016598,0007-03-02 04:30:00,7,3,2,4,30,750,17,BPE SAINT OUEN CLICHY,,,Nuit avec éclairage allumé,En agglomération,Hors intersection,Normale,Autre collision,,,,,,,,,,,5,2,1,1,6
200700016599,0007-03-02 14:50:00,7,3,2,14,50,750,20,BPI BAGNOLET MONTREUIL,,,Plein jour,En agglomération,Hors intersection,Normale,Trois véhicules et plus - en chaîne,,,,,,,,,,,1,2,1,1,4
200700016600,0007-03-02 15:40:00,7,3,2,15,40,750,12,R CHALIGNY BD DIDEROT,,,Plein jour,En agglomération,Intersection en X,Normale,Deux véhicules - côté,,,,,,,,,,,1,2,2,1,3
200700016601,0007-03-03 09:50:00,7,3,3,9,50,750,17,BPE SAINT OUEN CLICHY,,,Plein jour,En agglomération,Hors intersection,Normale,Deux véhicules - côté,,,,,,,,,,,1,2,1,1,3
200700016602,0007-03-03 16:00:00,7,3,3,16,0,750,17,124 AV DE SAINT OUEN,,,Plein jour,En agglomération,Hors intersection,Normale,Deux véhicules - côté,,,,,,,,,,,1,2,1,1,3
200700016603,0007-03-04 04:15:00,7,3,4,4,15,750,12,70 R FG SAINT ANTOINE,,,Nuit avec éclairage allumé,En agglomération,Hors intersection,Normale,Deux véhicules - arrière,,,,,,,,,,,5,2,1,1,2
200700016604,0007-03-05 14:40:00,7,3,5,14,40,750,13,BD DE L HOPITAL R PINEL,,,Plein jour,En agglomération,Intersection en T,Normale,Deux véhicules - côté,,,,,,,,,,,1,2,3,1,3
200700016605,0007-03-05 22:05:00,7,3,5,22,5,750,19,R DE L OURCQ R DE THIONV,,,Nuit avec éclairage allumé,En agglomération,Intersection à plus de 4 branches,Normale,Deux véhicules - côté,,,,,,,,,,,5,2,5,1,3
200700016606,0007-03-06 18:55:00,7,3,6,18,55,750,18,82 BD ORNANO,,,Plein jour,En agglomération,Hors intersection,Pluie légère,Autre collision,,,,,,,,,,,1,2,1,2,6
200700016607,0007-03-07 18:25:00,7,3,7,18,25,750,16,L7261 ALL REINE MARGUERI,,,Nuit avec éclairage allumé,En agglomération,Hors intersection,Normale,Autre collision,,,,,,,,,,,5,2,1,1,6
200700016608,0007-03-08 01:30:00,7,3,8,1,30,750,18,ECH CHAPELLE,,,Nuit avec éclairage allumé,En agglomération,Hors intersection,Normale,Autre collision,,,,,,,,,,,5,2,1,1,6
200700016609,0007-03-08 14:25:00,7,3,8,14,25,750,5,36 BD SAINT MARCEL,,,Plein jour,En agglomération,Hors intersection,Normale,Autre collision,,,,,,,,,,,1,2,1,1,6
200700016610,0007-03-09 18:00:00,7,3,9,18,0,750,19,BPI VILLETTE PANTIN,,,Plein jour,En agglomération,Hors intersection,Normale,Deux véhicules - côté,,,,,,,,,,,1,2,1,1,3
200700016611,0007-03-09 23:00:00,7,3,9,23,0,750,7,AV DE TOURVILLE PL VAUBA,,,Nuit avec éclairage allumé,En agglomération,Intersection en X,Normale,Autre collision,,,,,,,,,,,5,2,2,1,6
200700016612,0007-03-11 20:20:00,7,3,11,20,20,750,12,80 BD PONIATOWSKI,,,Nuit avec éclairage allumé,En agglomération,Hors intersection,Normale,Deux véhicules - côté,,,,,,,,,,,5,2,1,1,3
200700016613,0007-03-13 08:20:00,7,3,13,8,20,750,19,R DU HAINAUT AV JEAN JAU,,,Plein jour,En agglomération,Intersection en X,Normale,Autre collision,,,,,,,,,,,1,2,2,1,6
200700016614,0007-03-13 12:05:00,7,3,13,12,5,750,11,R DE CRUSSOL BD VOLTAIRE,,,Plein jour,En agglomération,Intersection en X,Normale,Deux véhicules - côté,,,,,,,,,,,1,2,2,1,3
200700016615,0007-03-13 14:25:00,7,3,13,14,25,750,17,R BRUNEL PL YVON MORANDA,,,Plein jour,En agglomération,Intersection en T,Normale,Deux véhicules - côté,,,,,,,,,,,1,2,3,1,3
200700016616,0007-03-13 16:30:00,7,3,13,16,30,750,16,34 R BELLES FEUILLES,,,Plein jour,En agglomération,Hors intersection,Normale,Deux véhicules - côté,,,,,,,,,,,1,2,1,1,3
200700016617,0007-03-13 16:30:00,7,3,13,16,30,750,19,L4405 PL DE PANTIN,,,Plein jour,En agglomération,Hors intersection,Normale,Deux véhicules - côté,,,,,,,,,,,1,2,1,1,3
200700016618,0007-03-13 17:30:00,7,3,13,17,30,750,1,L7544 QU DES TUILERIES,,,Plein jour,En agglomération,Hors intersection,Normale,Sans collision,,,,,,,,,,,1,2,1,1,7
200700016619,0007-03-14 09:30:00,7,3,14,9,30,750,16,BPI MUETTE DAUPHINE,,,Plein jour,En agglomération,Hors intersection,Normale,Deux véhicules - arrière,,,,,,,,,,,1,2,1,1,2
200700016620,0007-03-14 09:45:00,7,3,14,9,45,750,11,168 R DE LA ROQUETTE,,,Plein jour,En agglomération,Hors intersection,Normale,Autre collision,,,,,,,,,,,1,2,1,1,6
200700016621,0007-03-14 16:35:00,7,3,14,16,35,750,12,QU DE BERCY PO DE TOLBIA,,,Plein jour,En agglomération,Intersection en T,Normale,Deux véhicules - côté,,,,,,,,,,,1,2,3,1,3
200700016622,0007-03-15 00:35:00,7,3,15,0,35,750,6,R BONAPARTE R DU FOUR,,,Nuit avec éclairage allumé,En agglomération,Intersection en X,Normale,Deux véhicules - côté,,,,,,,,,,,5,2,2,1,3
200700016623,0007-03-15 00:55:00,7,3,15,0,55,750,18,BPE AUBERVILLIERS CHAPEL,,,Nuit avec éclairage allumé,En agglomération,Hors intersection,Normale,Deux véhicules - arrière,,,,,,,,,,,5,2,1,1,2
200700016624,0007-03-15 08:40:00,7,3,15,8,40,750,17,PL GENERAL CATROUX,,,Plein jour,En agglomération,Hors intersection,Normale,Autre collision,,,,,,,,,,,1,2,1,1,6
200700016625,0007-03-15 20:50:00,7,3,15,20,50,750,15,BD LEFEBVRE AV PORTE BRA,,,Nuit avec éclairage allumé,En agglomération,Intersection en X,Normale,Sans collision,,,,,,,,,,,5,2,2,1,7
200700016626,0007-03-16 11:35:00,7,3,16,11,35,750,17,AV PTE DE ST OUEN R TOUL,,,Plein jour,En agglomération,Intersection en X,Normale,Autre collision,,,,,,,,,,,1,2,2,1,6
200700016627,0007-03-16 16:35:00,7,3,16,16,35,750,17,BD BESSIERES AV PORTE DE,,,Plein jour,En agglomération,Intersection en Y,Normale,Autre collision,,,,,,,,,,,1,2,4,1,6
200700016628,0007-03-16 16:40:00,7,3,16,16,40,750,18,BD BARBES R LABAT,,,Plein jour,En agglomération,Intersection en X,Normale,Autre collision,,,,,,,,,,,1,2,2,1,6
200700016629,0007-03-16 18:55:00,7,3,16,18,55,750,14,7 BD EDGARD QUINET,,,Nuit avec éclairage allumé,En agglomération,Hors intersection,Normale,Autre collision,,,,,,,,,,,5,2,1,1,6
200700016630,0007-03-17 17:40:00,7,3,17,17,40,750,14,R ALESIA R BROUSSAIS,,,Plein jour,En agglomération,Intersection en X,Normale,Deux véhicules - côté,,,,,,,,,,,1,2,2,1,3
200700016631,0007-03-17 20:40:00,7,3,17,20,40,750,20,246 R DES PYRENEES,,,Nuit avec éclairage allumé,En agglomération,Hors intersection,Normale,Deux véhicules - arrière,,,,,,,,,,,5,2,1,1,2
200700016632,0007-03-18 01:05:00,7,3,18,1,5,750,16,ECH AUTEUIL,,,Nuit avec éclairage allumé,En agglomération,Hors intersection,Normale,Autre collision,,,,,,,,,,,5,2,1,1,6
200700016633,0007-03-18 03:55:00,7,3,18,3,55,750,18,ECH CHAPELLE,,,Nuit avec éclairage allumé,En agglomération,Hors intersection,Pluie légère,Autre collision,,,,,,,,,,,5,2,1,2,6
200700016634,0007-03-18 06:40:00,7,3,18,6,40,750,9,58 BD HAUSSMANN,,,Crépuscule ou aube,En agglomération,Hors intersection,Temps couvert,Autre collision,,,,,,,,,,,2,2,1,8,6
200700016635,0007-03-18 09:45:00,7,3,18,9,45,750,12,AV DAUMESNIL AV LEDRU RO,,,Plein jour,En agglomération,Intersection en X,Pluie légère,Deux véhicules - côté,,,,,,,,,,,1,2,2,2,3
200700016636,0007-03-18 18:10:00,7,3,18,18,10,750,8,R LA BOETIE R FG SAINT H,,,Plein jour,En agglomération,Intersection en X,Normale,Deux véhicules - côté,,,,,,,,,,,1,2,2,1,3
200700016637,0007-03-19 16:43:00,7,3,19,16,43,750,19,QU DE LA GIRONDE BD MACD,,,Plein jour,En agglomération,Intersection en X,Pluie légère,Deux véhicules - côté,,,,,,,,,,,1,2,2,2,3
200700016638,0007-03-19 20:45:00,7,3,19,20,45,750,16,QU LOUIS BLERIOT R VAN L,,,Nuit avec éclairage allumé,En agglomération,Intersection en T,Normale,Autre collision,,,,,,,,,,,5,2,3,1,6
200700016639,0007-03-20 18:30:00,7,3,20,18,30,750,6,BD DU MONTPARNASSE R DE,,,Nuit avec éclairage allumé,En agglomération,Intersection en X,Pluie forte,Trois véhicules et plus - en chaîne,,,,,,,,,,,5,2,2,3,4
200700016640,0007-03-20 18:35:00,7,3,20,18,35,750,19,R BOTZARIS R FESSART,,,Plein jour,En agglomération,Intersection en T,Pluie légère,Deux véhicules - côté,,,,,,,,,,,1,2,3,2,3
200700016641,0007-03-23 19:50:00,7,3,23,19,50,750,14,R FROIDEVAUX R SCHOELCHE,,,Nuit avec éclairage allumé,En agglomération,Intersection en T,Normale,Deux véhicules - côté,,,,,,,,,,,5,2,3,1,3
200700016642,0007-03-24 14:50:00,7,3,24,14,50,750,19,88 R DE BELLEVILLE,,,Plein jour,En agglomération,Hors intersection,Pluie légère,Autre collision,,,,,,,,,,,1,2,1,2,6
200700016643,0007-03-26 01:10:00,7,3,26,1,10,750,17,IMP CHALABRE AV DE CLICH,,,Nuit avec éclairage allumé,En agglomération,Intersection en T,Normale,Deux véhicules - côté,,,,,,,,,,,5,2,3,1,3
200700016644,0007-03-26 12:36:00,7,3,26,12,36,750,18,78 R RIQUET,,,Plein jour,En agglomération,Hors intersection,Normale,Deux véhicules - côté,,,,,,,,,,,1,2,1,1,3
200700016645,0007-03-27 02:35:00,7,3,27,2,35,750,16,L7147 ALL REINE MARGUERI,,,Nuit avec éclairage allumé,En agglomération,Hors intersection,Normale,Autre collision,,,,,,,,,,,5,2,1,1,6
200700016646,0007-03-27 07:30:00,7,3,27,7,30,750,13,25 QU D IVRY,,,Crépuscule ou aube,En agglomération,Hors intersection,Normale,Deux véhicules - côté,,,,,,,,,,,2,2,1,1,3
200700016647,0007-03-27 17:30:00,7,3,27,17,30,750,13,BPE ITALIE IVRY,,,Plein jour,En agglomération,Hors intersection,Normale,Deux véhicules - côté,,,,,,,,,,,1,2,1,1,3
200700016648,0007-03-27 18:10:00,7,3,27,18,10,750,18,70 BD DE CLICHY,,,Plein jour,En agglomération,Hors intersection,Normale,Autre collision,,,,,,,,,,,1,2,1,1,6
200700016649,0007-03-28 08:30:00,7,3,28,8,30,750,11,98 AV LEDRU ROLLIN,,,Plein jour,En agglomération,Hors intersection,Normale,Autre collision,,,,,,,,,,,1,2,1,1,6
200700016650,0007-03-28 19:29:00,7,3,28,19,29,750,5,86 BD DE PORT ROYAL,,,Crépuscule ou aube,En agglomération,Hors intersection,Normale,Autre collision,,,,,,,,,,,2,2,1,1,6
200700016651,0007-03-29 08:00:00,7,3,29,8,0,750,16,AV FOCH AV R POINCARE,,,Plein jour,En agglomération,Intersection en X,Pluie légère,Deux véhicules - côté,,,,,,,,,,,1,2,2,2,3
200700016652,0007-03-29 11:00:00,7,3,29,11,0,750,9,R CHAUSSEE D ANTIN R LA,,,Plein jour,En agglomération,Intersection en X,Normale,Deux véhicules - côté,,,,,,,,,,,1,2,2,1,3
200700016653,0007-03-30 03:30:00,7,3,30,3,30,750,12,QU DE BERCY,,,Nuit avec éclairage allumé,En agglomération,Hors intersection,Pluie légère,Sans collision,,,,,,,,,,,5,2,1,2,7
200700016654,0007-03-30 10:00:00,7,3,30,10,0,750,15,R A CABANEL R DU LAOS,,,Plein jour,En agglomération,Intersection en Y,Pluie légère,Autre collision,,,,,,,,,,,1,2,4,2,6
200700016655,0007-03-30 22:00:00,7,3,30,22,0,750,20,ECH BAGNOLET,,,Nuit avec éclairage allumé,En agglomération,Hors intersection,Normale,Sans collision,,,,,,,,,,,5,2,1,1,7
200700016656,0007-03-31 01:50:00,7,3,31,1,50,750,14,R D ALESIA R VERCINGETOR,,,Nuit avec éclairage allumé,En agglomération,Intersection en X,Normale,Deux véhicules - côté,,,,,,,,,,,5,2,2,1,3
200700016657,0007-03-31 18:45:00,7,3,31,18,45,750,14,BPI GENTILLY ORLEANS,,,Plein jour,En agglomération,Hors intersection,Normale,Deux véhicules - côté,,,,,,,,,,,1,2,1,1,3
200700016658,0007-03-31 21:30:00,7,3,31,21,30,750,16,ALL DE LONGCHAMP ALL REI,,,Nuit avec éclairage allumé,En agglomération,Intersection en X,Normale,Deux véhicules - côté,,,,,,,,,,,5,2,2,1,3
200700016659,0007-03-04 02:25:00,7,3,4,2,25,760,217,"1, Graves de Mer (Rocade",,,Nuit sans éclairage public,En agglomération,Hors intersection,Normale,Sans collision,,,,,,,,,,,3,2,1,1,7
200700016660,0007-03-14 14:20:00,7,3,14,14,20,760,217,"10, THIERS (RUE)",,,Plein jour,En agglomération,Autre intersection,Normale,Autre collision,,,,,,,,,,,1,2,9,1,6
200700016661,0007-03-23 10:15:00,7,3,23,10,15,760,217,"29, Saint Jacques",,,Plein jour,En agglomération,Hors intersection,Normale,Autre collision,,,,,,,,,,,1,2,1,1,6
200700016662,0007-03-19 21:17:00,7,3,19,21,17,760,231,"44, BOURGTHEROULDE. RUE",,,Nuit avec éclairage allumé,En agglomération,Hors intersection,Temps couvert,Autre collision,,,,,,,,,,,5,2,1,8,6
200700016663,0007-03-26 19:10:00,7,3,26,19,10,760,640,"0, LOUVIERS. RUE DE",,,Plein jour,En agglomération,Intersection en X,Normale,Deux véhicules - côté,,,,,,,,,,,1,2,2,1,3
200700016664,0007-03-26 11:23:00,7,3,26,11,23,760,282,"0, BEAU SITE. RUE DU",,,Plein jour,Hors agglomération,Hors intersection,Normale,Deux véhicules - arrière,,,,,,,,,,,1,1,1,1,2
200700016665,0007-03-30 15:30:00,7,3,30,15,30,760,231,"0, DAUTRESME. RUE",,,Plein jour,En agglomération,Intersection en X,Pluie légère,Deux véhicules - côté,,,,,,,,,,,1,2,2,2,3
200700016666,0007-03-02 07:45:00,7,3,2,7,45,760,305,"1, PLAINE (ROUTE DE LA)",,,Plein jour,Hors agglomération,Hors intersection,Normale,Trois véhicules et plus - en chaîne,,,,,,,,,,,1,1,1,1,4
200700016667,0007-03-03 20:50:00,7,3,3,20,50,760,305,"1, PONT VIII",,,Nuit sans éclairage public,En agglomération,Hors intersection,Normale,Autre collision,,,,,,,,,,,3,2,1,1,6
200700016668,0007-03-05 10:10:00,7,3,5,10,10,760,351,"sans, ESTUAIRE (ROUTE DE",,,Plein jour,Hors agglomération,Giratoire,Normale,Sans collision,,,,,,,,,,,1,1,6,1,7
200700016669,0007-03-09 16:30:00,7,3,9,16,30,760,305,PONT VII (BIS),,,Plein jour,Hors agglomération,Hors intersection,Normale,Deux véhicules - côté,,,,,,,,,,,1,1,1,1,3
200700016670,0007-03-15 15:10:00,7,3,15,15,10,760,447,"27, VICTOR HUGO",,,Plein jour,En agglomération,Hors intersection,Normale,Autre collision,,,,,,,,,,,1,2,1,1,6
200700016671,0007-03-15 17:50:00,7,3,15,17,50,760,341,"1, ROUTE NATIONALE 382",,,Plein jour,Hors agglomération,Hors intersection,Normale,Deux véhicules - côté,,,,,,,,,,,1,1,1,1,3
200700016672,0007-03-19 17:15:00,7,3,19,17,15,760,351,LOUIS BLANC N°30 A 195,,,Plein jour,En agglomération,Hors intersection,Normale,Trois véhicules et plus - en chaîne,,,,,,,,,,,1,2,1,1,4
200700016673,0007-03-04 00:05:00,7,3,4,0,5,760,681,CD 18E (BOULEVARD INDUST,,,Nuit avec éclairage allumé,En agglomération,Hors intersection,Normale,Sans collision,,,,,,,,,,,5,2,1,1,7
200700016674,0007-03-04 05:05:00,7,3,4,5,5,760,540,"1, CAVELIER DE LA SALLE.",,,Nuit avec éclairage allumé,En agglomération,Autre intersection,Normale,Deux véhicules - côté,,,,,,,,,,,5,2,9,1,3
200700016675,0007-03-06 10:30:00,7,3,6,10,30,760,540,"1, VERDUN. BOULEVARD DE",,,Plein jour,En agglomération,Hors intersection,Pluie légère,Deux véhicules - arrière,,,,,,,,,,,1,2,1,2,2
200700016676,0007-03-06 17:40:00,7,3,6,17,40,760,497,"1, ROUTE DE LA VOUTE",,,Plein jour,En agglomération,Hors intersection,Pluie légère,Sans collision,,,,,,,,,,,1,2,1,2,7
200700016677,0007-03-07 16:15:00,7,3,7,16,15,760,157,MONET. BOULEVARD CLAUDE,,,Plein jour,En agglomération,Hors intersection,Normale,Deux véhicules - côté,,,,,,,,,,,1,2,1,1,3
200700016678,0007-03-07 18:00:00,7,3,7,18,0,760,681,"1, COUBERTIN. COURS PIER",,,Plein jour,En agglomération,Intersection en T,Normale,Deux véhicules - côté,,,,,,,,,,,1,2,3,1,3
200700016679,0007-03-09 18:05:00,7,3,9,18,5,760,540,"1, PLACE DES CHARTREUX",,,Plein jour,En agglomération,Hors intersection,Normale,Sans collision,,,,,,,,,,,1,2,1,1,7
200700016680,0007-03-09 14:25:00,7,3,9,14,25,760,212,"1, PAIX. BOULEVARD DE LA",,,Plein jour,En agglomération,Intersection en X,Normale,Deux véhicules - côté,,,,,,,,,,,1,2,2,1,3