accident_id,datetime,annee,mois,jour,heure,minute,departement,commune_insee,adresse,latitude,longitude,luminosite,agglomeration,intersection,meteo,collision,nb_vehicules,nb_usagers,nb_indemnes,nb_tues,nb_blesses_hosp,nb_blesses_legers,age_cond_1,age_cond_2,veh_type_cond_1,veh_type_cond_2,lum_code,agg_code,int_code,atm_code,col_code
200700016814,0007-03-22 08:10:00,7,3,22,8,10,780,220,RD 191,,,Plein jour,Hors agglomération,Hors intersection,Normale,Deux véhicules - frontale,,,,,,,,,,,1,1,1,1,1
200700016815,0007-03-23 16:35:00,7,3,23,16,35,780,517,"58, LENOTRE (RUE G.)",,,Plein jour,En agglomération,Intersection en T,Pluie forte,Deux véhicules - côté,,,,,,,,,,,1,2,3,3,3
200700016816,0007-03-12 19:30:00,7,3,12,19,30,780,545,"indétermin, FABIEN (AVEN",,,Nuit avec éclairage allumé,En agglomération,Hors intersection,Normale,Autre collision,,,,,,,,,,,5,2,1,1,6
200700016817,0007-03-04 17:10:00,7,3,4,17,10,780,551,"ignoré, CENTRALE (ROUTE)",,,Plein jour,Hors agglomération,Hors intersection,Normale,Deux véhicules - côté,,,,,,,,,,,1,1,1,1,3
200700016818,0007-03-06 19:40:00,7,3,6,19,40,780,551,RN 184,,,Nuit sans éclairage public,Hors agglomération,Hors intersection,Pluie légère,Deux véhicules - frontale,,,,,,,,,,,3,1,1,2,1
200700016819,0007-03-07 10:15:00,7,3,7,10,15,780,551,"16, CENTRALE (ROUTE)",,,Plein jour,En agglomération,Hors intersection,Temps couvert,Deux véhicules - côté,,,,,,,,,,,1,2,1,8,3
200700016820,0007-03-07 14:50:00,7,3,7,14,50,780,551,"ignoré, SAINT FIACRE (AV",,,Plein jour,En agglomération,Hors intersection,Normale,Autre collision,,,,,,,,,,,1,2,1,1,6
200700016821,0007-03-21 16:20:00,7,3,21,16,20,780,551,RN 184,,,Plein jour,Hors agglomération,Hors intersection,Normale,Deux véhicules - frontale,,,,,,,,,,,1,1,1,1,1
200700016822,0007-03-25 20:15:00,7,3,25,20,15,780,551,"51, PAIN (AU)",,,Crépuscule ou aube,En agglomération,Intersection en T,Normale,Autre collision,,,,,,,,,,,2,2,3,1,6
200700016823,0007-03-04 17:15:00,7,3,4,17,15,780,586,LAKANAL,,,Plein jour,En agglomération,Hors intersection,Normale,Autre collision,,,,,,,,,,,1,2,1,1,6
200700016824,0007-03-07 11:45:00,7,3,7,11,45,780,586,CLEMENCEAU (G.) N°1 A 53,,,Plein jour,En agglomération,Hors intersection,Normale,Deux véhicules - côté,,,,,,,,,,,1,2,1,1,3
200700016825,0007-03-07 12:55:00,7,3,7,12,55,780,586,BOURQUARD (JEAN PIERRE),,,Plein jour,En agglomération,Intersection en X,Normale,Deux véhicules - côté,,,,,,,,,,,1,2,2,1,3
200700016826,0007-03-10 18:45:00,7,3,10,18,45,780,586,"155, BARBUSSE (HENRI)",,,Crépuscule ou aube,En agglomération,Hors intersection,Normale,Autre collision,,,,,,,,,,,2,2,1,1,6
200700016827,0007-03-14 18:00:00,7,3,14,18,0,780,586,MAUPASSANT (GUY DE) N° I,,,Plein jour,En agglomération,Hors intersection,Normale,Autre collision,,,,,,,,,,,1,2,1,1,6
200700016828,0007-03-19 18:30:00,7,3,19,18,30,780,586,MOULINS N°1 A 31 ET N°2,,,Plein jour,En agglomération,Intersection en X,Normale,Deux véhicules - côté,,,,,,,,,,,1,2,2,1,3
200700016829,0007-03-28 15:05:00,7,3,28,15,5,780,586,"4, BERRY N° IMPAIR",,,Plein jour,En agglomération,Intersection en T,Normale,Autre collision,,,,,,,,,,,1,2,3,1,6
200700016830,0007-03-28 19:10:00,7,3,28,19,10,780,586,"72, REPUBLIQUE (AVENUE)",,,Plein jour,En agglomération,Hors intersection,Normale,Deux véhicules - côté,,,,,,,,,,,1,2,1,1,3
200700016831,0007-03-07 16:10:00,7,3,7,16,10,780,621,NATIONALE 10   (ROUTE),,,Plein jour,Hors agglomération,Hors intersection,Normale,Trois véhicules et plus - en chaîne,,,,,,,,,,,1,1,1,1,4
200700016832,0007-03-10 19:25:00,7,3,10,19,25,780,621,NATIONALE 10   (ROUTE),,,Nuit avec éclairage allumé,Hors agglomération,Hors intersection,Normale,Deux véhicules - arrière,,,,,,,,,,,5,1,1,1,2
200700016833,0007-03-11 16:50:00,7,3,11,16,50,780,621,ALLENDE (AVE. SALV.)(NOR,,,Plein jour,En agglomération,Intersection en T,Normale,Deux véhicules - arrière,,,,,,,,,,,1,2,3,1,2
200700016834,0007-03-13 11:15:00,7,3,13,11,15,780,621,NATIONALE 10   (ROUTE),,,Plein jour,Hors agglomération,Hors intersection,Normale,Deux véhicules - arrière,,,,,,,,,,,1,1,1,1,2
200700016835,0007-03-22 19:25:00,7,3,22,19,25,780,621,ALLENDE (AVE. SALV.)(SUD,,,Nuit avec éclairage allumé,En agglomération,Intersection en T,Normale,Deux véhicules - côté,,,,,,,,,,,5,2,3,1,3
200700016836,0007-03-17 12:30:00,7,3,17,12,30,780,640,LOUIS GAUBERT (RUE),,,Plein jour,En agglomération,Intersection en X,Normale,Deux véhicules - côté,,,,,,,,,,,1,2,2,1,3
200700016837,0007-03-21 11:35:00,7,3,21,11,35,780,640,HARLOW (AVENUE DE),,,Plein jour,En agglomération,Hors intersection,Pluie légère,Deux véhicules - arrière,,,,,,,,,,,1,2,1,2,2
200700016838,0007-03-29 08:25:00,7,3,29,8,25,780,686,"98, GENERAL LECLERC (AVE",,,Plein jour,En agglomération,Hors intersection,Temps couvert,Deux véhicules - côté,,,,,,,,,,,1,2,1,8,3
200700016839,0007-03-03 10:20:00,7,3,3,10,20,780,646,"60, PAROISSE (RUE DE LA)",,,Plein jour,En agglomération,Hors intersection,Normale,Autre collision,,,,,,,,,,,1,2,1,1,6
200700016840,0007-03-02 13:40:00,7,3,2,13,40,780,646,SAINT CLOUD (AVENUE DE),,,Plein jour,En agglomération,Intersection en T,Normale,Deux véhicules - arrière,,,,,,,,,,,1,2,3,1,2
200700016841,0007-03-03 19:17:00,7,3,3,19,17,780,158,"néant, SPORTS (RUE DES)",,,Nuit avec éclairage allumé,En agglomération,Hors intersection,Normale,Autre collision,,,,,,,,,,,5,2,1,1,6
200700016842,0007-03-06 14:05:00,7,3,6,14,5,780,646,"44, CARNOT (RUE)",,,Plein jour,En agglomération,Hors intersection,Pluie forte,Deux véhicules - côté,,,,,,,,,,,1,2,1,3,3
200700016843,0007-03-08 18:00:00,7,3,8,18,0,780,158,"2 bis, POTTIER (RUE)",,,Crépuscule ou aube,En agglomération,Hors intersection,Normale,Autre collision,,,,,,,,,,,2,2,1,1,6
200700016844,0007-03-11 19:10:00,7,3,11,19,10,780,117,"283, MINIERE (RUE DE LA)",,,Nuit avec éclairage allumé,En agglomération,Intersection en T,Normale,Deux véhicules - côté,,,,,,,,,,,5,2,3,1,3
200700016845,0007-03-12 12:30:00,7,3,12,12,30,780,646,"5, SAINTE ADELAIDE (RUE)",,,Plein jour,En agglomération,Hors intersection,Normale,Autre collision,,,,,,,,,,,1,2,1,1,6
200700016846,0007-03-16 08:40:00,7,3,16,8,40,780,646,PARIS (AVENUE DE),,,Plein jour,En agglomération,Hors intersection,Normale,Trois véhicules et plus - en chaîne,,,,,,,,,,,1,2,1,1,4
200700016847,0007-03-24 22:50:00,7,3,24,22,50,780,646,"68 bis, MARECHAL FOCH (R",,,Nuit avec éclairage allumé,En agglomération,Hors intersection,Temps couvert,Deux véhicules - côté,,,,,,,,,,,5,2,1,8,3
200700016848,0007-03-24 18:00:00,7,3,24,18,0,780,646,"néant, ETATS GENERAUX (R",,,Crépuscule ou aube,En agglomération,Intersection en T,Pluie légère,Autre collision,,,,,,,,,,,2,2,3,2,6
200700016849,0007-03-02 21:45:00,7,3,2,21,45,780,418,"04, ARISTIDE BRIAND (SQU",,,Nuit avec éclairage allumé,En agglomération,Hors intersection,Normale,Trois véhicules et plus - collisions multiples,,,,,,,,,,,5,2,1,1,5
200700016850,0007-03-08 18:55:00,7,3,8,18,55,780,650,", MONTESSON (ROUTE DE)",,,Crépuscule ou aube,En agglomération,Intersection en T,Normale,Deux véhicules - côté,,,,,,,,,,,2,2,3,1,3
200700016851,0007-03-29 16:35:00,7,3,29,16,35,780,650,MONTESSON (ROUTE DE),,,Plein jour,En agglomération,Intersection en T,Normale,Autre collision,,,,,,,,,,,1,2,3,1,6
200700016852,0007-03-05 16:11:00,7,3,5,16,11,790,191,"279, PARIS (AV) DE 294 &",,,Plein jour,En agglomération,Hors intersection,Normale,Deux véhicules - côté,,,,,,,,,,,1,2,1,1,3
200700016853,0007-03-09 12:50:00,7,3,9,12,50,790,191,EUROPE (BD) PONT VIVIER/,,,Plein jour,En agglomération,Hors intersection,Normale,Sans collision,,,,,,,,,,,1,2,1,1,7
200700016854,0007-03-09 07:20:00,7,3,9,7,20,790,81,PARIS (ROUTE DE)     COT,,,Crépuscule ou aube,Hors agglomération,Hors intersection,Pluie légère,Deux véhicules - arrière,,,,,,,,,,,2,1,1,2,2
200700016855,0007-03-13 08:30:00,7,3,13,8,30,790,191,AIFFRES (ROUTE D'),,,Plein jour,En agglomération,Giratoire,Normale,Deux véhicules - côté,,,,,,,,,,,1,2,6,1,3
200700016856,0007-03-20 20:20:00,7,3,20,20,20,790,191,"01, VIRECOURT",,,Nuit avec éclairage allumé,En agglomération,Hors intersection,Normale,Autre collision,,,,,,,,,,,5,2,1,1,6
200700016857,0007-03-13 12:55:00,7,3,13,12,55,790,191,VENISE VERTE (AV) 132 A,,,Plein jour,En agglomération,Hors intersection,Normale,Deux véhicules - frontale,,,,,,,,,,,1,2,1,1,1
200700016858,0007-03-11 11:05:00,7,3,11,11,5,800,1,AMIENS (d'),,,Plein jour,En agglomération,Giratoire,Normale,Deux véhicules - côté,,,,,,,,,,,1,2,6,1,3
200700016859,0007-03-04 09:15:00,7,3,4,9,15,800,21,ROCADE NORD EST RN 25,,,Plein jour,Hors agglomération,Hors intersection,Normale,Deux véhicules - arrière,,,,,,,,,,,1,1,1,1,2
200700016860,0007-03-05 17:35:00,7,3,5,17,35,800,21,"0, BEAUVILLE CENTRE (BOU",,,Plein jour,En agglomération,Hors intersection,Normale,Deux véhicules - arrière,,,,,,,,,,,1,2,1,1,2
200700016861,0007-03-06 11:30:00,7,3,6,11,30,800,21,"48, COLBERT (RUE )",,,Plein jour,En agglomération,Hors intersection,Normale,Deux véhicules - arrière,,,,,,,,,,,1,2,1,1,2
200700016862,0007-03-07 12:25:00,7,3,7,12,25,800,21,"0, CAGNARD (RUE)",,,Plein jour,En agglomération,Intersection en X,Normale,Deux véhicules - côté,,,,,,,,,,,1,2,2,1,3
200700016863,0007-03-08 14:15:00,7,3,8,14,15,800,21,"0, HUIT MAI 1945 (RUE DU",,,Plein jour,En agglomération,Intersection en T,Normale,Deux véhicules - côté,,,,,,,,,,,1,2,3,1,3
200700016864,0007-03-09 14:10:00,7,3,9,14,10,800,21,"0, MAIGNAN LARIVIERE (BO",,,Plein jour,En agglomération,Intersection en X,Normale,Deux véhicules - côté,,,,,,,,,,,1,2,2,1,3
200700016865,0007-03-12 13:30:00,7,3,12,13,30,800,21,"0, NOYON (RUE DE)",,,Plein jour,En agglomération,Hors intersection,Normale,Autre collision,,,,,,,,,,,1,2,1,1,6
200700016866,0007-03-12 08:35:00,7,3,12,8,35,800,21,"0, FRANKLIN ROOSEVELT (R",,,Plein jour,En agglomération,Hors intersection,Normale,Deux véhicules - côté,,,,,,,,,,,1,2,1,1,3
200700016867,0007-03-12 15:45:00,7,3,12,15,45,800,21,"0, CONDORCET (RUE)",,,Plein jour,En agglomération,Intersection en X,Normale,Deux véhicules - côté,,,,,,,,,,,1,2,2,1,3
200700016868,0007-03-14 16:55:00,7,3,14,16,55,800,21,"0, BRETAGNE (PLACE DE)",,,Plein jour,En agglomération,Intersection en T,Normale,Deux véhicules - côté,,,,,,,,,,,1,2,3,1,3
200700016869,0007-03-15 11:30:00,7,3,15,11,30,800,21,"0, TERRAL (RUE)",,,Plein jour,En agglomération,Hors intersection,Normale,Deux véhicules - arrière,,,,,,,,,,,1,2,1,1,2
200700016870,0007-03-16 11:35:00,7,3,16,11,35,800,489,"0, VILLE IDEALE (AVENUE",,,Plein jour,En agglomération,Hors intersection,Normale,Trois véhicules et plus - collisions multiples,,,,,,,,,,,1,2,1,1,5
200700016871,0007-03-16 16:45:00,7,3,16,16,45,800,21,"0, JUST HAUY (RUE)",,,Plein jour,En agglomération,Hors intersection,Normale,Autre collision,,,,,,,,,,,1,2,1,1,6
200700016872,0007-03-17 18:20:00,7,3,17,18,20,800,21,"0, JULES VALLES (AVENUE)",,,Plein jour,En agglomération,Hors intersection,Normale,Autre collision,,,,,,,,,,,1,2,1,1,6
200700016873,0007-03-16 11:40:00,7,3,16,11,40,800,131,RD 934,,,Plein jour,Hors agglomération,Hors intersection,Normale,Trois véhicules et plus - collisions multiples,,,,,,,,,,,1,1,1,1,5
200700016874,0007-03-22 08:50:00,7,3,22,8,50,800,21,"187, JULES BARNI (RUE)",,,Plein jour,En agglomération,Hors intersection,Normale,Autre collision,,,,,,,,,,,1,2,1,1,6
200700016875,0007-03-21 13:45:00,7,3,21,13,45,800,131,CORBIE (ROUTE DE),,,Plein jour,En agglomération,Intersection en T,Normale,Deux véhicules - côté,,,,,,,,,,,1,2,3,1,3
200700016876,0007-03-26 21:20:00,7,3,26,21,20,800,21,"0, ILE DE FRANCE (RUE DE",,,Nuit avec éclairage allumé,En agglomération,Hors intersection,Normale,Autre collision,,,,,,,,,,,5,2,1,1,6
200700016877,0007-03-27 12:30:00,7,3,27,12,30,800,21,"0, BAPAUME (BOULEVARD DE",,,Plein jour,En agglomération,Intersection en X,Normale,Deux véhicules - côté,,,,,,,,,,,1,2,2,1,3
200700016878,0007-03-27 17:00:00,7,3,27,17,0,800,160,"12, JEAN CATELAS (RUE)",,,Plein jour,En agglomération,Hors intersection,Normale,Deux véhicules - côté,,,,,,,,,,,1,2,1,1,3
200700016879,0007-03-28 05:20:00,7,3,28,5,20,800,21,"32, SAINT QUENTIN (BOULE",,,Nuit avec éclairage allumé,En agglomération,Hors intersection,Normale,Autre collision,,,,,,,,,,,5,2,1,1,6
200700016880,0007-03-28 20:15:00,7,3,28,20,15,800,21,"31, RIOLAN (RUE)",,,Crépuscule ou aube,En agglomération,Hors intersection,Normale,Autre collision,,,,,,,,,,,2,2,1,1,6
200700016881,0007-03-26 16:45:00,7,3,26,16,45,800,21,"36, RIGOLLOT (RUE)",,,Plein jour,En agglomération,Hors intersection,Normale,Autre collision,,,,,,,,,,,1,2,1,1,6
200700016882,0007-03-05 20:50:00,7,3,5,20,50,810,65,"159, DE GAULLE RD 612 (A",,,Nuit avec éclairage allumé,En agglomération,Hors intersection,Normale,Deux véhicules - côté,,,,,,,,,,,5,2,1,1,3
200700016883,0007-03-08 07:50:00,7,3,8,7,50,810,65,COUDERT (AV.LUCIEN),,,Plein jour,En agglomération,Hors intersection,Normale,Deux véhicules - côté,,,,,,,,,,,1,2,1,1,3
200700016884,0007-03-10 13:35:00,7,3,10,13,35,810,65,VERDIER DE ST PALAIS (LD,,,Plein jour,En agglomération,Hors intersection,Normale,Deux véhicules - frontale,,,,,,,,,,,1,2,1,1,1
200700016885,0007-03-12 12:10:00,7,3,12,12,10,810,65,"115, ALBERT 1° (AV)",,,Plein jour,En agglomération,Hors intersection,Normale,Deux véhicules - côté,,,,,,,,,,,1,2,1,1,3
200700016886,0007-03-13 16:30:00,7,3,13,16,30,810,65,"1, JAURES (PL.JEAN)",,,Plein jour,En agglomération,Hors intersection,Normale,Deux véhicules - arrière,,,,,,,,,,,1,2,1,1,2
200700016887,0007-03-13 16:40:00,7,3,13,16,40,810,65,"1, HENRI  IV (RUE)",,,Plein jour,En agglomération,Intersection en T,Normale,Deux véhicules - côté,,,,,,,,,,,1,2,3,1,3
200700016888,0007-03-15 14:50:00,7,3,15,14,50,810,65,"79, LAVAUR RD 112 (AVENU",,,Plein jour,En agglomération,Hors intersection,Normale,Deux véhicules - arrière,,,,,,,,,,,1,2,1,1,2
200700016889,0007-03-15 17:00:00,7,3,15,17,0,810,65,JULIEN ( RUE LUDOVIC),,,Plein jour,En agglomération,Hors intersection,Normale,Deux véhicules - arrière,,,,,,,,,,,1,2,1,1,2
200700016890,0007-03-16 20:15:00,7,3,16,20,15,810,65,METZ (PT.DE),,,Nuit avec éclairage allumé,En agglomération,Hors intersection,Normale,Autre collision,,,,,,,,,,,5,2,1,1,6
200700016891,0007-03-20 07:45:00,7,3,20,7,45,810,65,SIDOBRE RD 622 (AV. DU),,,Plein jour,En agglomération,Hors intersection,Neige / grêle,Deux véhicules - arrière,,,,,,,,,,,1,2,1,4,2
200700016892,0007-03-21 14:10:00,7,3,21,14,10,810,65,"98, ALBERT 1° (AV)",,,Plein jour,En agglomération,Hors intersection,Normale,Deux véhicules - côté,,,,,,,,,,,1,2,1,1,3
200700016893,0007-03-21 14:35:00,7,3,21,14,35,810,65,"1, GOURJADE (RUE DE)",,,Plein jour,En agglomération,Hors intersection,Normale,Deux véhicules - arrière,,,,,,,,,,,1,2,1,1,2
200700016894,0007-03-22 09:00:00,7,3,22,9,0,810,65,VILLEGOUDOU (RUE),,,Plein jour,En agglomération,Hors intersection,Normale,Sans collision,,,,,,,,,,,1,2,1,1,7
200700016895,0007-03-22 08:20:00,7,3,22,8,20,810,65,DE GAULLE RD 612 (AV. CH,,,Plein jour,En agglomération,Intersection en T,Normale,Deux véhicules - côté,,,,,,,,,,,1,2,3,1,3
200700016896,0007-03-22 18:00:00,7,3,22,18,0,810,65,FOCH (BD.MARECHAL),,,Plein jour,En agglomération,Hors intersection,Normale,Autre collision,,,,,,,,,,,1,2,1,1,6
200700016897,0007-03-24 00:15:00,7,3,24,0,15,810,65,"1, ALQUIER BOUFFARD (RUE",,,Nuit avec éclairage allumé,En agglomération,Hors intersection,Normale,Sans collision,,,,,,,,,,,5,2,1,1,7
200700016898,0007-03-24 12:40:00,7,3,24,12,40,810,65,BRUNIQUEL (RD 4 - AV MAR,,,Plein jour,Hors agglomération,Hors intersection,Normale,Autre collision,,,,,,,,,,,1,1,1,1,6
200700016899,0007-03-24 18:15:00,7,3,24,18,15,810,65,SIALA (LDT),,,Plein jour,En agglomération,Giratoire,Pluie légère,Deux véhicules - côté,,,,,,,,,,,1,2,6,2,3
200700016900,0007-03-26 17:30:00,7,3,26,17,30,810,65,MAZAMET (ROUTE DE),,,Plein jour,En agglomération,Hors intersection,Normale,Trois véhicules et plus - en chaîne,,,,,,,,,,,1,2,1,1,4
200700016901,0007-03-29 15:39:00,7,3,29,15,39,810,65,SICARD (BD.DES DOCTEURS),,,Plein jour,En agglomération,Intersection en X,Pluie légère,Deux véhicules - côté,,,,,,,,,,,1,2,2,2,3
200700016902,0007-03-30 22:45:00,7,3,30,22,45,810,65,CLEMENCEAU (BD GEORGES),,,Nuit avec éclairage allumé,En agglomération,Intersection en X,Normale,Deux véhicules - arrière,,,,,,,,,,,5,2,2,1,2
200700016903,0007-03-18 11:30:00,7,3,18,11,30,810,105,"45, GAMBETTA (AVENUE ET",,,Plein jour,En agglomération,Autre intersection,Normale,Autre collision,,,,,,,,,,,1,2,9,1,6
200700016904,0007-03-14 19:44:00,7,3,14,19,44,810,163,MISTRAL (FREDERIC),,,Nuit avec éclairage allumé,En agglomération,Intersection en X,Normale,Deux véhicules - côté,,,,,,,,,,,5,2,2,1,3
200700016905,0007-03-09 23:50:00,7,3,9,23,50,820,33,"0, VC 5",,,Nuit sans éclairage public,Hors agglomération,Hors intersection,Normale,Autre collision,,,,,,,,,,,3,1,1,1,6
200700016906,0007-03-09 18:25:00,7,3,9,18,25,820,121,"0, MIDI-PYRENEES (BOULEV",,,Plein jour,En agglomération,Intersection en X,Normale,Autre collision,,,,,,,,,,,1,2,2,1,6
200700016907,0007-03-28 13:46:00,7,3,28,13,46,820,121,"2475, SAINT-ETIENNE DE T",,,Plein jour,Hors agglomération,Hors intersection,Normale,Autre collision,,,,,,,,,,,1,1,1,1,6
200700016908,0007-03-09 21:20:00,7,3,9,21,20,820,121,"680, ABBAYE (RUE DE L')",,,Nuit avec éclairage allumé,En agglomération,Hors intersection,Normale,Deux véhicules - frontale,,,,,,,,,,,5,2,1,1,1
200700016909,0007-03-30 23:57:00,7,3,30,23,57,820,121,"0, LOUBEJAC (CHEMIN DE)",,,Nuit sans éclairage public,Hors agglomération,Hors intersection,Normale,Autre collision,,,,,,,,,,,3,1,1,1,6
200700016910,0007-03-10 23:55:00,7,3,10,23,55,820,121,"0, HAMECHER (AVENUE MARC",,,Nuit avec éclairage allumé,Hors agglomération,Intersection en X,Normale,Deux véhicules - côté,,,,,,,,,,,5,1,2,1,3
200700016911,0007-03-11 04:00:00,7,3,11,4,0,820,121,"1493, TOULOUSE (AVENUE D",,,Nuit avec éclairage allumé,En agglomération,Hors intersection,Normale,Deux véhicules - frontale,,,,,,,,,,,5,2,1,1,1
200700016912,0007-03-02 10:15:00,7,3,2,10,15,820,121,"0, DUNANT (AVENUE HENRY)",,,Plein jour,En agglomération,Hors intersection,Normale,Deux véhicules - côté,,,,,,,,,,,1,2,1,1,3
200700016913,0007-03-23 03:50:00,7,3,23,3,50,820,121,"300, NORD ( route du )",,,Nuit sans éclairage public,En agglomération,Hors intersection,Normale,Autre collision,,,,,,,,,,,3,2,1,1,6
200700016914,0007-03-25 15:15:00,7,3,25,15,15,820,121,"0, SARRAIL (RUE DU GENER",,,Plein jour,En agglomération,Intersection en T,Normale,Deux véhicules - côté,,,,,,,,,,,1,2,3,1,3
200700016915,0007-03-06 17:22:00,7,3,6,17,22,830,61,"478, AVENUE DE LATTRE DE",,,Plein jour,En agglomération,Hors intersection,Normale,Autre collision,,,,,,,,,,,1,2,1,1,6
200700016916,0007-03-08 21:15:00,7,3,8,21,15,830,61,"0, AVENUE DE LA CORNICHE",,,Nuit avec éclairage allumé,En agglomération,Hors intersection,Normale,Trois véhicules et plus - collisions multiples,,,,,,,,,,,5,2,1,1,5
200700016917,0007-03-17 19:20:00,7,3,17,19,20,830,61,"0, RUE JEAN GIONO",,,Nuit sans éclairage public,En agglomération,Intersection en T,Normale,Deux véhicules - côté,,,,,,,,,,,3,2,3,1,3
200700016918,0007-03-20 08:07:00,7,3,20,8,7,830,61,D100 A,,,Plein jour,Hors agglomération,Hors intersection,Normale,Autre collision,,,,,,,,,,,1,1,1,1,6
200700016919,0007-03-27 16:05:00,7,3,27,16,5,830,61,"0, D37",,,Plein jour,Hors agglomération,Hors intersection,Normale,Deux véhicules - côté,,,,,,,,,,,1,1,1,1,3
200700016920,0007-03-19 11:50:00,7,3,19,11,50,830,69,"101, DENIS (AVENUE ALPHO",,,Plein jour,En agglomération,Hors intersection,Normale,Autre collision,,,,,,,,,,,1,2,1,1,6
200700016921,0007-03-07 10:55:00,7,3,7,10,55,830,69,"15, THOMAS (AVENUE AMBRO",,,Plein jour,En agglomération,Hors intersection,Normale,Autre collision,,,,,,,,,,,1,2,1,1,6
200700016922,0007-03-16 21:30:00,7,3,16,21,30,830,9,JEAN MOULIN (ALLEE),,,Nuit avec éclairage allumé,En agglomération,Giratoire,Normale,Deux véhicules - côté,,,,,,,,,,,5,2,6,1,3
200700016923,0007-03-22 08:55:00,7,3,22,8,55,830,129,"000, JUIN MARECHAL (AV D",,,Plein jour,En agglomération,Hors intersection,Normale,Deux véhicules - arrière,,,,,,,,,,,1,2,1,1,2
200700016924,0007-03-21 18:00:00,7,3,21,18,0,830,129,"000, RAYOLET (CORNICHE D",,,Plein jour,En agglomération,Hors intersection,Normale,Deux véhicules - côté,,,,,,,,,,,1,2,1,1,3
200700016925,0007-03-28 16:15:00,7,3,28,16,15,830,9,"000, MARSEILLE (BD DE)",,,Plein jour,En agglomération,Hors intersection,Normale,Autre collision,,,,,,,,,,,1,2,1,1,6
200700016926,0007-03-29 21:25:00,7,3,29,21,25,830,129,"000, KENNEDY(AVENUE J.)N",,,Nuit avec éclairage allumé,En agglomération,Intersection en X,Normale,Deux véhicules - côté,,,,,,,,,,,5,2,2,1,3
200700016927,0007-03-15 07:05:00,7,3,15,7,5,830,153,C D 18,,,Plein jour,Hors agglomération,Hors intersection,Normale,Deux véhicules - frontale,,,,,,,,,,,1,1,1,1,1
200700016928,0007-03-19 17:50:00,7,3,19,17,50,830,126,RENOIR (AV AUGUSTE),,,Crépuscule ou aube,En agglomération,Intersection en X,Normale,Deux véhicules - côté,,,,,,,,,,,2,2,2,1,3
200700016929,0007-03-21 20:24:00,7,3,21,20,24,830,126,"931, FABREGAS (VIEUX CHE",,,Nuit sans éclairage public,En agglomération,Hors intersection,Normale,Deux véhicules - frontale,,,,,,,,,,,3,2,1,1,1
200700016930,0007-03-22 10:26:00,7,3,22,10,26,830,126,EUROPE (BD DE L'),,,Plein jour,En agglomération,Hors intersection,Normale,Deux véhicules - côté,,,,,,,,,,,1,2,1,1,3
200700016931,0007-03-26 16:55:00,7,3,26,16,55,830,126,"0, FRAYSSE (AV PIERRE)",,,Plein jour,En agglomération,Hors intersection,Normale,Autre collision,,,,,,,,,,,1,2,1,1,6
200700016932,0007-03-29 22:55:00,7,3,29,22,55,830,126,"453, ANCIENS COMBATANTS",,,Nuit avec éclairage allumé,Hors agglomération,Hors intersection,Normale,Autre collision,,,,,,,,,,,5,1,1,1,6
200700016933,0007-03-30 17:25:00,7,3,30,17,25,830,126,"548, LA SEYNE A BASTIAN",,,Plein jour,En agglomération,Hors intersection,Normale,Deux véhicules - côté,,,,,,,,,,,1,2,1,1,3
200700016934,0007-03-30 10:50:00,7,3,30,10,50,830,126,FABRE (QUAI SATURNIN),,,Plein jour,En agglomération,Hors intersection,Normale,Deux véhicules - arrière,,,,,,,,,,,1,2,1,1,2
200700016935,0007-03-31 12:35:00,7,3,31,12,35,830,126,GAGARINE (AV YOURI),,,Plein jour,En agglomération,Hors intersection,Pluie légère,Deux véhicules - arrière,,,,,,,,,,,1,2,1,2,2
200700016936,0007-03-01 13:50:00,7,3,1,13,50,830,137,VOIE SANS NOM,,,Plein jour,En agglomération,Intersection en X,Normale,Deux véhicules - côté,,,,,,,,,,,1,2,2,1,3
200700016937,0007-03-02 20:10:00,7,3,2,20,10,830,137,"463, JOFFRE (BD MARECHAL",,,Nuit avec éclairage allumé,En agglomération,Hors intersection,Normale,Autre collision,,,,,,,,,,,5,2,1,1,6
200700016938,0007-03-03 10:15:00,7,3,3,10,15,830,90,LAGOUBRAN (CHEMIN DE),,,Plein jour,En agglomération,Giratoire,Normale,Deux véhicules - côté,,,,,,,,,,,1,2,6,1,3
200700016939,0007-03-07 16:20:00,7,3,7,16,20,830,137,", CUZIN (AVE FRANCOIS)",,,Plein jour,En agglomération,Hors intersection,Normale,Deux véhicules - arrière,,,,,,,,,,,1,2,1,1,2
200700016940,0007-03-08 18:10:00,7,3,8,18,10,830,137,"1621, GASQUET (AVE JOSEP",,,Plein jour,En agglomération,Hors intersection,Normale,Deux véhicules - arrière,,,,,,,,,,,1,2,1,1,2
200700016941,0007-03-14 08:00:00,7,3,14,8,0,830,137,"0, THIERRY (AVE AUGUSTIN",,,Plein jour,En agglomération,Hors intersection,Normale,Deux véhicules - côté,,,,,,,,,,,1,2,1,1,3
200700016942,0007-03-06 15:45:00,7,3,6,15,45,830,62,"0, DIGNE (AVENUE DE )",,,Plein jour,Hors agglomération,Hors intersection,Normale,Deux véhicules - arrière,,,,,,,,,,,1,1,1,1,2
200700016943,0007-03-17 19:55:00,7,3,17,19,55,830,137,"39, CLEMENCEAU (BD GEORG",,,Nuit avec éclairage allumé,En agglomération,Hors intersection,Normale,Autre collision,,,,,,,,,,,5,2,1,1,6
200700016944,0007-03-12 13:50:00,7,3,12,13,50,830,137,"0, ARMARIS (BD DES)",,,Plein jour,En agglomération,Intersection en X,Normale,Deux véhicules - côté,,,,,,,,,,,1,2,2,1,3