accident_id,datetime,annee,mois,jour,heure,minute,departement,commune_insee,adresse,latitude,longitude,luminosite,agglomeration,intersection,meteo,collision,nb_vehicules,nb_usagers,nb_indemnes,nb_tues,nb_blesses_hosp,nb_blesses_legers,age_cond_1,age_cond_2,veh_type_cond_1,veh_type_cond_2,lum_code,agg_code,int_code,atm_code,col_code
200700016945,0007-03-16 14:00:00,7,3,16,14,0,830,137,"0, REPUBLIQUE (AVE DE LA",,,Plein jour,En agglomération,Hors intersection,Normale,Trois véhicules et plus - en chaîne,,,,,,,,,,,1,2,1,1,4
200700016946,0007-03-19 08:40:00,7,3,19,8,40,830,137,"0, BROSSET (BD GENERAL)",,,Plein jour,En agglomération,Hors intersection,Normale,Deux véhicules - côté,,,,,,,,,,,1,2,1,1,3
200700016947,0007-03-09 18:27:00,7,3,9,18,27,830,137,"0, STRASBOURG (BD DE )",,,Nuit avec éclairage allumé,En agglomération,Place,Normale,Deux véhicules - arrière,,,,,,,,,,,5,2,7,1,2
200700016948,0007-03-15 20:05:00,7,3,15,20,5,830,137,REVEL (RUE),,,Nuit avec éclairage non allumé,En agglomération,Intersection en T,Normale,Deux véhicules - côté,,,,,,,,,,,4,2,3,1,3
200700016949,0007-03-15 19:55:00,7,3,15,19,55,830,137,LAFAYETTE (COURS),,,Nuit avec éclairage allumé,En agglomération,Hors intersection,Normale,Autre collision,,,,,,,,,,,5,2,1,1,6
200700016950,0007-03-16 09:00:00,7,3,16,9,0,830,137,"0, RENAN (RUE ERNEST)",,,Plein jour,En agglomération,Hors intersection,Normale,Autre collision,,,,,,,,,,,1,2,1,1,6
200700016951,0007-03-19 18:45:00,7,3,19,18,45,830,137,"1379, BRIAND (AVE ARISTI",,,Nuit avec éclairage allumé,En agglomération,Hors intersection,Vent fort / tempête,Deux véhicules - arrière,,,,,,,,,,,5,2,1,6,2
200700016952,0007-03-20 13:00:00,7,3,20,13,0,830,137,"0, MALON (AVE BENOIT)",,,Plein jour,En agglomération,Intersection en X,Normale,Deux véhicules - côté,,,,,,,,,,,1,2,2,1,3
200700016953,0007-03-15 13:30:00,7,3,15,13,30,830,98,"197, LANTRUA (RUE JOSEPH",,,Plein jour,En agglomération,Hors intersection,Normale,Deux véhicules - arrière,,,,,,,,,,,1,2,1,1,2
200700016954,0007-03-17 10:15:00,7,3,17,10,15,830,103,SALVATTE (CHEMIN DE LA),,,Plein jour,En agglomération,Hors intersection,Normale,Autre collision,,,,,,,,,,,1,2,1,1,6
200700016955,0007-03-22 14:05:00,7,3,22,14,5,830,137,ROOSEVELT (AVE FRANKLIN),,,Plein jour,En agglomération,Hors intersection,Normale,Autre collision,,,,,,,,,,,1,2,1,1,6
200700016956,0007-03-22 16:40:00,7,3,22,16,40,830,137,JUIN (AVE ALPHONSE),,,Plein jour,En agglomération,Hors intersection,Normale,Deux véhicules - côté,,,,,,,,,,,1,2,1,1,3
200700016957,0007-03-23 08:15:00,7,3,23,8,15,830,137,"17/38, PICOT (AVE DU COL",,,Plein jour,En agglomération,Hors intersection,Normale,Deux véhicules - côté,,,,,,,,,,,1,2,1,1,3
200700016958,0007-03-22 20:05:00,7,3,22,20,5,830,90,"0, FAVEYROLLES (ROUTE DE",,,Nuit avec éclairage allumé,En agglomération,Giratoire,Normale,Deux véhicules - arrière,,,,,,,,,,,5,2,6,1,2
200700016959,0007-03-12 17:20:00,7,3,12,17,20,830,137,PONT DE BOIS (CHEMIN DU),,,Plein jour,En agglomération,Giratoire,Normale,Deux véhicules - côté,,,,,,,,,,,1,2,6,1,3
200700016960,0007-03-08 19:30:00,7,3,8,19,30,830,137,BRIAND (AVE ARISTIDE PRO,,,Nuit sans éclairage public,En agglomération,Giratoire,Normale,Deux véhicules - côté,,,,,,,,,,,3,2,6,1,3
200700016961,0007-03-21 08:00:00,7,3,21,8,0,830,90,", SEYNE (ROUTE DE LA)",,,Plein jour,Hors agglomération,Hors intersection,Normale,Deux véhicules - côté,,,,,,,,,,,1,1,1,1,3
200700016962,0007-03-23 10:43:00,7,3,23,10,43,830,144,VALERY (AVE PAUL),,,Plein jour,En agglomération,Autre intersection,Normale,Autre collision,,,,,,,,,,,1,2,9,1,6
200700016963,0007-03-26 17:20:00,7,3,26,17,20,830,137,GASQUET (AVE JOSEPH DE 1,,,Plein jour,En agglomération,Hors intersection,Normale,Deux véhicules - côté,,,,,,,,,,,1,2,1,1,3
200700016964,0007-03-27 12:55:00,7,3,27,12,55,830,137,"3, TOESCA (BD PIERRE)",,,Plein jour,En agglomération,Hors intersection,Normale,Autre collision,,,,,,,,,,,1,2,1,1,6
200700016965,0007-03-31 17:00:00,7,3,31,17,0,830,137,PICOT (AVE DU COLONEL),,,Plein jour,En agglomération,Intersection en X,Normale,Deux véhicules - côté,,,,,,,,,,,1,2,2,1,3
200700016966,0007-03-27 17:40:00,7,3,27,17,40,830,137,", ROOSEVELT (AVE FRANKLI",,,Plein jour,En agglomération,Hors intersection,Normale,Deux véhicules - arrière,,,,,,,,,,,1,2,1,1,2
200700016967,0007-03-05 15:40:00,7,3,5,15,40,840,7,PUY Guillaume ( Rue),,,Plein jour,En agglomération,Hors intersection,Normale,Deux véhicules - arrière,,,,,,,,,,,1,2,1,1,2
200700016968,0007-03-06 07:50:00,7,3,6,7,50,840,7,MARSEILLE (Route de ),,,Plein jour,Hors agglomération,Hors intersection,Normale,Deux véhicules - côté,,,,,,,,,,,1,1,1,1,3
200700016969,0007-03-09 02:50:00,7,3,9,2,50,840,7,avenue de la SYNAGOGUE,,,Nuit avec éclairage allumé,En agglomération,Hors intersection,Normale,Autre collision,,,,,,,,,,,5,2,1,1,6
200700016970,0007-03-11 16:10:00,7,3,11,16,10,840,7,"32, PAMARD (Rue Paul)",,,Plein jour,En agglomération,Hors intersection,Normale,Autre collision,,,,,,,,,,,1,2,1,1,6
200700016971,0007-03-11 18:50:00,7,3,11,18,50,840,7,PIERRE SEMARD (avenue),,,Crépuscule ou aube,En agglomération,Hors intersection,Normale,Trois véhicules et plus - en chaîne,,,,,,,,,,,2,2,1,1,4
200700016972,0007-03-14 16:10:00,7,3,14,16,10,840,7,"19 Bis, C.De GAULLE (Roc",,,Plein jour,En agglomération,Hors intersection,Normale,Trois véhicules et plus - en chaîne,,,,,,,,,,,1,2,1,1,4
200700016973,0007-03-17 12:55:00,7,3,17,12,55,840,7,"26, MORIERES (Route de )",,,Plein jour,En agglomération,Intersection en T,Normale,Deux véhicules - côté,,,,,,,,,,,1,2,3,1,3
200700016974,0007-03-17 18:50:00,7,3,17,18,50,840,7,"137, SAINT RUF (Avenue)",,,Plein jour,En agglomération,Autre intersection,Normale,Deux véhicules - côté,,,,,,,,,,,1,2,9,1,3
200700016975,0007-03-17 19:20:00,7,3,17,19,20,840,7,MARSEILLE (Route de ),,,Crépuscule ou aube,Hors agglomération,Hors intersection,Normale,Trois véhicules et plus - en chaîne,,,,,,,,,,,2,1,1,1,4
200700016976,0007-03-19 17:50:00,7,3,19,17,50,840,7,LIMBERT (Boulevard),,,Plein jour,En agglomération,Hors intersection,Normale,Deux véhicules - côté,,,,,,,,,,,1,2,1,1,3
200700016977,0007-03-20 00:35:00,7,3,20,0,35,840,7,"6A, FONTCOUVERTE(Avenue",,,Nuit avec éclairage allumé,En agglomération,Hors intersection,Vent fort / tempête,Autre collision,,,,,,,,,,,5,2,1,6,6
200700016978,0007-03-20 10:05:00,7,3,20,10,5,840,7,FOLIE (Avenue de la),,,Plein jour,En agglomération,Hors intersection,Normale,Autre collision,,,,,,,,,,,1,2,1,1,6
200700016979,0007-03-20 12:40:00,7,3,20,12,40,840,7,C.De GAULLE (Rocade),,,Plein jour,En agglomération,Hors intersection,Normale,Autre collision,,,,,,,,,,,1,2,1,1,6
200700016980,0007-03-21 17:20:00,7,3,21,17,20,840,7,FONCOUVERTE (Avenue de ),,,Plein jour,En agglomération,Hors intersection,Vent fort / tempête,Deux véhicules - côté,,,,,,,,,,,1,2,1,6,3
200700016981,0007-03-22 18:25:00,7,3,22,18,25,840,7,CAP SUD Voie centrale,,,Plein jour,En agglomération,Autre intersection,Vent fort / tempête,Deux véhicules - côté,,,,,,,,,,,1,2,9,6,3
200700016982,0007-03-23 15:10:00,7,3,23,15,10,840,7,"88, SAINT RUF (Avenue)",,,Plein jour,En agglomération,Hors intersection,Normale,Deux véhicules - côté,,,,,,,,,,,1,2,1,1,3
200700016983,0007-03-24 09:20:00,7,3,24,9,20,840,7,OULLE (Allées de l'),,,Crépuscule ou aube,En agglomération,Hors intersection,Normale,Autre collision,,,,,,,,,,,2,2,1,1,6
200700016984,0007-03-26 21:30:00,7,3,26,21,30,840,7,C.De GAULLE (Rocade),,,Nuit avec éclairage allumé,En agglomération,Intersection en X,Normale,Trois véhicules et plus - collisions multiples,,,,,,,,,,,5,2,2,1,5
200700016985,0007-03-29 14:40:00,7,3,29,14,40,840,7,MORIERES (Route de ),,,Plein jour,Hors agglomération,Hors intersection,Normale,Deux véhicules - arrière,,,,,,,,,,,1,1,1,1,2
200700016986,0007-03-04 04:50:00,7,3,4,4,50,840,80,CD 942 ROSSI A PONT DES,,,Nuit sans éclairage public,Hors agglomération,Hors intersection,Normale,Autre collision,,,,,,,,,,,3,1,1,1,6
200700016987,0007-03-02 15:05:00,7,3,2,15,5,840,35,"000, CHEVAL BLANC-RD 973",,,Plein jour,Hors agglomération,Hors intersection,Normale,Deux véhicules - frontale,,,,,,,,,,,1,1,1,1,1
200700016988,0007-03-02 20:15:00,7,3,2,20,15,840,35,"000, DOCTEUR AYME (RESID",,,Nuit avec éclairage allumé,En agglomération,Hors intersection,Normale,Deux véhicules - frontale,,,,,,,,,,,5,2,1,1,1
200700016989,0007-03-15 18:06:00,7,3,15,18,6,840,35,"000, LAMOUROUX (BOULEVAR",,,Plein jour,Hors agglomération,Hors intersection,Normale,Deux véhicules - côté,,,,,,,,,,,1,1,1,1,3
200700016990,0007-03-16 17:35:00,7,3,16,17,35,840,35,"000, VERDUN (AVENUE DE)",,,Plein jour,En agglomération,Hors intersection,Normale,Sans collision,,,,,,,,,,,1,2,1,1,7
200700016991,0007-03-23 11:15:00,7,3,23,11,15,840,35,"000, DE GAULLE (AVENUE D",,,Plein jour,En agglomération,Hors intersection,Normale,Sans collision,,,,,,,,,,,1,2,1,1,7
200700016992,0007-03-26 11:25:00,7,3,26,11,25,840,35,"61, CHEVAL BLANC-RD 973",,,Plein jour,Hors agglomération,Hors intersection,Normale,Deux véhicules - arrière,,,,,,,,,,,1,1,1,1,2
200700016993,0007-03-27 13:20:00,7,3,27,13,20,840,35,"000, ROLLAND (ALLEE ROMA",,,Plein jour,En agglomération,Hors intersection,Normale,Deux véhicules - côté,,,,,,,,,,,1,2,1,1,3
200700016994,0007-03-04 05:00:00,7,3,4,5,0,840,87,"1, PRINCES (CHEMIN DES)",,,Nuit sans éclairage public,Hors agglomération,Hors intersection,Normale,Sans collision,,,,,,,,,,,3,1,1,1,7
200700016995,0007-03-11 19:05:00,7,3,11,19,5,840,87,"131, TASSIGNY (AVENUE DE",,,Nuit avec éclairage allumé,En agglomération,Hors intersection,Normale,Autre collision,,,,,,,,,,,5,2,1,1,6
200700016996,0007-03-01 09:30:00,7,3,1,9,30,840,89,973 (CHEMIN DEPARTEMENTA,,,Plein jour,En agglomération,Intersection en T,Normale,Deux véhicules - côté,,,,,,,,,,,1,2,3,1,3
200700016997,0007-03-13 20:05:00,7,3,13,20,5,840,89,973 (CHEMIN DEPARTEMENTA,,,Nuit sans éclairage public,Hors agglomération,Intersection en T,Normale,Trois véhicules et plus - en chaîne,,,,,,,,,,,3,1,3,1,4
200700016998,0007-03-06 10:00:00,7,3,6,10,0,850,191,"45, ETATS UNIS BOULEVARD",,,Plein jour,En agglomération,Hors intersection,Pluie forte,Autre collision,,,,,,,,,,,1,2,1,3,6
200700016999,0007-03-14 17:30:00,7,3,14,17,30,850,191,BRIAND BOULEVARD ARISTID,,,Plein jour,En agglomération,Intersection en T,Normale,Deux véhicules - arrière,,,,,,,,,,,1,2,3,1,2
200700017000,0007-03-22 11:55:00,7,3,22,11,55,850,191,"1, BOILEAU RUE",,,Plein jour,En agglomération,Hors intersection,Normale,Autre collision,,,,,,,,,,,1,2,1,1,6
200700017001,0007-03-20 20:00:00,7,3,20,20,0,850,191,"56, DE GAULLE RUE DU PRE",,,Nuit avec éclairage allumé,En agglomération,Hors intersection,Normale,Autre collision,,,,,,,,,,,5,2,1,1,6
200700017002,0007-03-03 20:50:00,7,3,3,20,50,850,194,BRETAGNE (AVENUE DE),,,Nuit sans éclairage public,En agglomération,Autre intersection,Normale,Deux véhicules - côté,,,,,,,,,,,3,2,9,1,3
200700017003,0007-03-04 00:40:00,7,3,4,0,40,850,194,TRENTE FOURS (lieu-dit L,,,Nuit sans éclairage public,En agglomération,Hors intersection,Pluie légère,Autre collision,,,,,,,,,,,3,2,1,2,6
200700017004,0007-03-05 17:45:00,7,3,5,17,45,860,66,"., ARC (RUE JEANNE D')",,,Plein jour,En agglomération,Intersection en X,Normale,Deux véhicules - côté,,,,,,,,,,,1,2,2,1,3
200700017005,0007-03-15 12:05:00,7,3,15,12,5,860,66,"13, CARNOT (BOULEVARD SA",,,Plein jour,En agglomération,Hors intersection,Normale,Sans collision,,,,,,,,,,,1,2,1,1,7
200700017006,0007-03-17 12:45:00,7,3,17,12,45,860,66,"1, CHATEAUNEUF (GRANDE R",,,Plein jour,En agglomération,Intersection en X,Normale,Sans collision,,,,,,,,,,,1,2,2,1,7
200700017007,0007-03-02 19:30:00,7,3,2,19,30,860,214,11 NOVEMBRE (AVENUE DU),,,Nuit avec éclairage allumé,En agglomération,Hors intersection,Pluie légère,Deux véhicules - arrière,,,,,,,,,,,5,2,1,2,2
200700017008,0007-03-12 07:30:00,7,3,12,7,30,860,157,"455, LIMOGES (ROUTE DE)",,,Plein jour,Hors agglomération,Hors intersection,Normale,Trois véhicules et plus - en chaîne,,,,,,,,,,,1,1,1,1,4
200700017009,0007-03-12 08:00:00,7,3,12,8,0,860,194,NELSON MANDELA (RUE),,,Plein jour,En agglomération,Intersection en T,Normale,Deux véhicules - côté,,,,,,,,,,,1,2,3,1,3
200700017010,0007-03-13 08:55:00,7,3,13,8,55,860,194,"24, JEANNE D'ARC (BOULEV",,,Plein jour,En agglomération,Hors intersection,Normale,Deux véhicules - côté,,,,,,,,,,,1,2,1,1,3
200700017011,0007-03-13 10:45:00,7,3,13,10,45,860,194,"107, NANTES (AVENUE DE)",,,Plein jour,En agglomération,Hors intersection,Normale,Trois véhicules et plus - en chaîne,,,,,,,,,,,1,2,1,1,4
200700017012,0007-03-15 07:15:00,7,3,15,7,15,860,194,"., PARIS (AVENUE DE)",,,Plein jour,En agglomération,Hors intersection,Normale,Autre collision,,,,,,,,,,,1,2,1,1,6
200700017013,0007-03-15 16:45:00,7,3,15,16,45,860,194,"62, PORTEAU (RUE DU)",,,Plein jour,En agglomération,Hors intersection,Normale,Deux véhicules - côté,,,,,,,,,,,1,2,1,1,3
200700017014,0007-03-16 20:15:00,7,3,16,20,15,860,194,8 MAI 1945 (AVENUE DU),,,Nuit avec éclairage allumé,En agglomération,Hors intersection,Normale,Deux véhicules - côté,,,,,,,,,,,5,2,1,1,3
200700017015,0007-03-19 15:50:00,7,3,19,15,50,860,194,"108, NANTES (AVENUE DE)",,,Plein jour,En agglomération,Hors intersection,Pluie légère,Autre collision,,,,,,,,,,,1,2,1,2,6
200700017016,0007-03-19 16:40:00,7,3,19,16,40,860,158,LIMBRE (RUE DE),,,Plein jour,Hors agglomération,Hors intersection,Normale,Trois véhicules et plus - collisions multiples,,,,,,,,,,,1,1,1,1,5
200700017017,0007-03-23 19:50:00,7,3,23,19,50,860,194,VALLEE MONNAIE (RUE DE L,,,Nuit avec éclairage allumé,En agglomération,Hors intersection,Normale,Autre collision,,,,,,,,,,,5,2,1,1,6
200700017018,0007-03-24 15:50:00,7,3,24,15,50,860,194,"263, NANTES (AVENUE DE)",,,Plein jour,En agglomération,Hors intersection,Normale,Deux véhicules - côté,,,,,,,,,,,1,2,1,1,3
200700017019,0007-03-24 17:40:00,7,3,24,17,40,860,194,JOHN KENNEDY (AVENUE),,,Plein jour,En agglomération,Hors intersection,Normale,Trois véhicules et plus - en chaîne,,,,,,,,,,,1,2,1,1,4
200700017020,0007-03-29 18:30:00,7,3,29,18,30,860,194,"2, A REGULARISER",,,Plein jour,En agglomération,Hors intersection,Pluie légère,Deux véhicules - arrière,,,,,,,,,,,1,2,1,2,2
200700017021,0007-03-30 08:30:00,7,3,30,8,30,860,194,GEORGES BIZET (RUE),,,Plein jour,En agglomération,Hors intersection,Normale,Trois véhicules et plus - en chaîne,,,,,,,,,,,1,2,1,1,4
200700017022,0007-03-30 10:15:00,7,3,30,10,15,860,194,CLOS GAULTIER (RUE DU),,,Plein jour,En agglomération,Intersection en X,Pluie légère,Deux véhicules - côté,,,,,,,,,,,1,2,2,2,3
200700017023,0007-03-30 18:00:00,7,3,30,18,0,860,194,EUROPE (AVENUE DE L'),,,Plein jour,En agglomération,Intersection en T,Pluie forte,Deux véhicules - côté,,,,,,,,,,,1,2,3,3,3
200700017024,0007-03-01 14:48:00,7,3,1,14,48,870,85,COUSSADES (chemin des),,,Plein jour,Hors agglomération,Hors intersection,Pluie légère,Deux véhicules - frontale,,,,,,,,,,,1,1,1,2,1
200700017025,0007-03-01 16:00:00,7,3,1,16,0,870,85,"14, BAC (RUE THEODORE)",,,Plein jour,En agglomération,Hors intersection,Pluie légère,Deux véhicules - arrière,,,,,,,,,,,1,2,1,2,2
200700017026,0007-03-02 04:10:00,7,3,2,4,10,870,85,"1, GAGNANT (AVENUE JEAN)",,,Nuit avec éclairage allumé,En agglomération,Hors intersection,Pluie légère,Autre collision,,,,,,,,,,,5,2,1,2,6
200700017027,0007-03-04 17:54:00,7,3,4,17,54,870,85,"24, GAGNANT (AVENUE JEAN",,,Plein jour,En agglomération,Hors intersection,Normale,Deux véhicules - arrière,,,,,,,,,,,1,2,1,1,2
200700017028,0007-03-05 14:00:00,7,3,5,14,0,870,85,"1, GAY-LUSSAC (COURS)",,,Plein jour,En agglomération,Hors intersection,Pluie légère,Deux véhicules - côté,,,,,,,,,,,1,2,1,2,3
200700017029,0007-03-05 15:15:00,7,3,5,15,15,870,85,"2, FOUGERAS (RUE DE)",,,Plein jour,Hors agglomération,Hors intersection,Normale,Deux véhicules - arrière,,,,,,,,,,,1,1,1,1,2
200700017030,0007-03-06 17:15:00,7,3,6,17,15,870,85,"4, LE BAIL (RUE JEAN)",,,Plein jour,En agglomération,Hors intersection,Normale,Deux véhicules - côté,,,,,,,,,,,1,2,1,1,3
200700017031,0007-03-07 14:52:00,7,3,7,14,52,870,50,BUXEROLLES (ROUTE DE),,,Plein jour,En agglomération,Hors intersection,Pluie légère,Autre collision,,,,,,,,,,,1,2,1,2,6
200700017032,0007-03-08 16:54:00,7,3,8,16,54,870,85,"49, PETINIAUD BEAUPEYRAT",,,Plein jour,En agglomération,Hors intersection,Normale,Trois véhicules et plus - en chaîne,,,,,,,,,,,1,2,1,1,4
200700017033,0007-03-08 16:45:00,7,3,8,16,45,870,65,"1, 11 NOVEMBRE (PLACE DU",,,Plein jour,En agglomération,Hors intersection,Normale,Autre collision,,,,,,,,,,,1,2,1,1,6
200700017034,0007-03-09 22:40:00,7,3,9,22,40,870,85,"213, TOULOUSE (RUE DE)",,,Nuit avec éclairage allumé,En agglomération,Hors intersection,Normale,Deux véhicules - arrière,,,,,,,,,,,5,2,1,1,2
200700017035,0007-03-10 05:38:00,7,3,10,5,38,870,65,AUTOROUTE A20,,,Nuit sans éclairage public,Hors agglomération,Hors intersection,Normale,Deux véhicules - arrière,,,,,,,,,,,3,1,1,1,2
200700017036,0007-03-11 05:05:00,7,3,11,5,5,870,85,TOULOUSE (RUE DE),,,Nuit avec éclairage allumé,Hors agglomération,Hors intersection,Normale,Autre collision,,,,,,,,,,,5,1,1,1,6
200700017037,0007-03-12 17:00:00,7,3,12,17,0,870,85,MONNET (RUE JEAN),,,Plein jour,En agglomération,Hors intersection,Normale,Deux véhicules - arrière,,,,,,,,,,,1,2,1,1,2
200700017038,0007-03-12 13:49:00,7,3,12,13,49,870,85,GOUJAUD (QUAI LOUIS),,,Plein jour,En agglomération,Hors intersection,Normale,Deux véhicules - arrière,,,,,,,,,,,1,2,1,1,2
200700017039,0007-03-12 19:36:00,7,3,12,19,36,870,85,JOFFRE (RUE DU MARECHAL),,,Nuit avec éclairage allumé,En agglomération,Hors intersection,Normale,Deux véhicules - frontale,,,,,,,,,,,5,2,1,1,1
200700017040,0007-03-13 08:25:00,7,3,13,8,25,870,85,"10, MARGAINE (ROND POINT",,,Plein jour,En agglomération,Hors intersection,Normale,Autre collision,,,,,,,,,,,1,2,1,1,6
200700017041,0007-03-13 14:01:00,7,3,13,14,1,870,85,"8, PALISSY (RUE BERNARD)",,,Plein jour,En agglomération,Hors intersection,Normale,Autre collision,,,,,,,,,,,1,2,1,1,6
200700017042,0007-03-13 18:50:00,7,3,13,18,50,870,85,"21, MONTEGUT (RUE EMILE)",,,Plein jour,En agglomération,Intersection en X,Normale,Deux véhicules - côté,,,,,,,,,,,1,2,2,1,3
200700017043,0007-03-14 13:59:00,7,3,14,13,59,870,50,LIMOGES (AVENUE DE),,,Plein jour,Hors agglomération,Hors intersection,Normale,Autre collision,,,,,,,,,,,1,1,1,1,6
200700017044,0007-03-15 13:15:00,7,3,15,13,15,870,85,"50, VIGENAL (BOULEVARD D",,,Plein jour,En agglomération,Hors intersection,Normale,Deux véhicules - arrière,,,,,,,,,,,1,2,1,1,2
200700017045,0007-03-16 20:06:00,7,3,16,20,6,870,85,NEXON (RUE DE),,,Nuit avec éclairage allumé,En agglomération,Hors intersection,Normale,Autre collision,,,,,,,,,,,5,2,1,1,6
200700017046,0007-03-17 08:41:00,7,3,17,8,41,870,85,AUTOROUTE A20,,,Plein jour,Hors agglomération,Hors intersection,Normale,Deux véhicules - frontale,,,,,,,,,,,1,1,1,1,1
200700017047,0007-03-18 09:05:00,7,3,18,9,5,870,85,"176, LATTRE-DE-TASSIGNY",,,Plein jour,En agglomération,Hors intersection,Pluie légère,Deux véhicules - côté,,,,,,,,,,,1,2,1,2,3
200700017048,0007-03-18 16:56:00,7,3,18,16,56,870,85,VIGEN (CHEMIN DU),,,Plein jour,En agglomération,Hors intersection,Pluie légère,Autre collision,,,,,,,,,,,1,2,1,2,6
200700017049,0007-03-20 17:45:00,7,3,20,17,45,870,85,"28, VIGENAL (BOULEVARD D",,,Plein jour,En agglomération,Intersection en X,Normale,Deux véhicules - côté,,,,,,,,,,,1,2,2,1,3
200700017050,0007-03-21 15:37:00,7,3,21,15,37,870,85,"45, CHENIEUX (RUE FRANCO",,,Plein jour,En agglomération,Hors intersection,Pluie légère,Autre collision,,,,,,,,,,,1,2,1,2,6
200700017051,0007-03-21 15:26:00,7,3,21,15,26,870,85,"384, VALOINE (ROND-POINT",,,Plein jour,En agglomération,Autre intersection,Neige / grêle,Deux véhicules - côté,,,,,,,,,,,1,2,9,4,3
200700017052,0007-03-21 16:45:00,7,3,21,16,45,870,85,"40, HOCHE (RUE)",,,Plein jour,En agglomération,Intersection en T,Neige / grêle,Deux véhicules - côté,,,,,,,,,,,1,2,3,4,3
200700017053,0007-03-23 12:15:00,7,3,23,12,15,870,85,"106, BELLAC (RUE DE)",,,Plein jour,En agglomération,Hors intersection,Normale,Deux véhicules - côté,,,,,,,,,,,1,2,1,1,3
200700017054,0007-03-23 21:38:00,7,3,23,21,38,870,85,"83, LATTRE-DE-TASSIGNY (",,,Nuit avec éclairage allumé,En agglomération,Hors intersection,Pluie légère,Deux véhicules - arrière,,,,,,,,,,,5,2,1,2,2
200700017055,0007-03-24 01:33:00,7,3,24,1,33,870,113,"4, JAURES (RUE JEAN)",,,Nuit avec éclairage allumé,En agglomération,Intersection en T,Pluie légère,Deux véhicules - frontale,,,,,,,,,,,5,2,3,2,1
200700017056,0007-03-25 19:10:00,7,3,25,19,10,870,114,"72, BLUM (AVENUE LEON-)",,,Plein jour,En agglomération,Intersection en T,Normale,Deux véhicules - côté,,,,,,,,,,,1,2,3,1,3
200700017057,0007-03-28 12:33:00,7,3,28,12,33,870,85,"209, VANTEAUX (BOULEVARD",,,Plein jour,En agglomération,Hors intersection,Normale,Deux véhicules - arrière,,,,,,,,,,,1,2,1,1,2
200700017058,0007-03-28 13:25:00,7,3,28,13,25,870,85,"7, PETINIAUD DUBOS (RUE)",,,Plein jour,En agglomération,Hors intersection,Normale,Autre collision,,,,,,,,,,,1,2,1,1,6
200700017059,0007-03-28 16:39:00,7,3,28,16,39,870,50,"29, RN 147",,,Plein jour,En agglomération,Hors intersection,Normale,Autre collision,,,,,,,,,,,1,2,1,1,6
200700017060,0007-03-29 19:10:00,7,3,29,19,10,870,85,BORIE (BOULEVARD DE LA),,,Plein jour,En agglomération,Hors intersection,Pluie légère,Autre collision,,,,,,,,,,,1,2,1,2,6
200700017061,0007-03-30 18:01:00,7,3,30,18,1,870,85,"1, GAUGUIN (RUE)",,,Plein jour,En agglomération,Hors intersection,Normale,Sans collision,,,,,,,,,,,1,2,1,1,7
200700017062,0007-03-30 18:25:00,7,3,30,18,25,870,85,"47, RUBEN (AVENUE ERNEST",,,Plein jour,En agglomération,Hors intersection,Normale,Deux véhicules - arrière,,,,,,,,,,,1,2,1,1,2
200700017063,0007-03-03 14:35:00,7,3,3,14,35,880,209,JEAN-CHARLES PELLERIN (R,,,Plein jour,Hors agglomération,Hors intersection,Normale,Deux véhicules - côté,,,,,,,,,,,1,1,1,1,3
200700017064,0007-03-07 18:30:00,7,3,7,18,30,880,413,"74, Avenue de VERDUN",,,Crépuscule ou aube,En agglomération,Hors intersection,Normale,Autre collision,,,,,,,,,,,2,2,1,1,6
200700017065,0007-03-07 13:15:00,7,3,7,13,15,880,413,"27, Route des 2 Hameaux",,,Plein jour,En agglomération,Hors intersection,Normale,Deux véhicules - côté,,,,,,,,,,,1,2,1,1,3
200700017066,0007-03-13 17:30:00,7,3,13,17,30,880,413,"9, Rue du BEAUJARDIN",,,Plein jour,En agglomération,Hors intersection,Normale,Autre collision,,,,,,,,,,,1,2,1,1,6
200700017067,0007-03-28 17:55:00,7,3,28,17,55,880,428,"479, VOIE ROMAINE",,,Plein jour,En agglomération,Hors intersection,Normale,Deux véhicules - arrière,,,,,,,,,,,1,2,1,1,2
200700017068,0007-03-08 16:50:00,7,3,8,16,50,890,24,"00, R.N.6",,,Plein jour,Hors agglomération,Hors intersection,Normale,Autre collision,,,,,,,,,,,1,1,1,1,6
200700017069,0007-03-30 17:05:00,7,3,30,17,5,890,287,BOCOTTE (RUE DE LA),,,Plein jour,En agglomération,Intersection en X,Normale,Deux véhicules - côté,,,,,,,,,,,1,2,2,1,3
200700017070,0007-03-01 14:40:00,7,3,1,14,40,900,10,"5, JOFFRE (BOULEVARD MAR",,,Plein jour,En agglomération,Intersection en X,Pluie forte,Deux véhicules - côté,,,,,,,,,,,1,2,2,3,3
200700017071,0007-03-11 18:55:00,7,3,11,18,55,900,10,"13, BOHN (AVENUE CHARLES",,,Nuit avec éclairage allumé,En agglomération,Hors intersection,Normale,Deux véhicules - côté,,,,,,,,,,,5,2,1,1,3
200700017072,0007-03-13 19:35:00,7,3,13,19,35,900,10,BESANCON (FAUBOURG DE),,,Plein jour,En agglomération,Hors intersection,Normale,Deux véhicules - arrière,,,,,,,,,,,1,2,1,1,2
200700017073,0007-03-15 17:40:00,7,3,15,17,40,900,10,"11, ROOSEVELT (AVENUE)",,,Plein jour,En agglomération,Hors intersection,Normale,Autre collision,,,,,,,,,,,1,2,1,1,6
200700017074,0007-03-15 22:15:00,7,3,15,22,15,900,10,"1, MADRID (RUE DE)",,,Nuit avec éclairage allumé,En agglomération,Giratoire,Normale,Deux véhicules - côté,,,,,,,,,,,5,2,6,1,3
200700017075,0007-03-18 15:50:00,7,3,18,15,50,900,10,LECLERC (AVENUE),,,Plein jour,En agglomération,Intersection en X,Pluie forte,Deux véhicules - côté,,,,,,,,,,,1,2,2,3,3