accident_id,datetime,annee,mois,jour,heure,minute,departement,commune_insee,adresse,latitude,longitude,luminosite,agglomeration,intersection,meteo,collision,nb_vehicules,nb_usagers,nb_indemnes,nb_tues,nb_blesses_hosp,nb_blesses_legers,age_cond_1,age_cond_2,veh_type_cond_1,veh_type_cond_2,lum_code,agg_code,int_code,atm_code,col_code
200700017472,0007-03-23 14:10:00,7,3,23,14,10,930,53,BREMENT (RUE DE) 1 A 83,,,Plein jour,En agglomération,Hors intersection,Pluie légère,Autre collision,,,,,,,,,,,1,2,1,2,6
200700017473,0007-03-28 07:40:00,7,3,28,7,40,930,53,GALLIENI (AVENUE),,,Plein jour,En agglomération,Hors intersection,Normale,Deux véhicules - arrière,,,,,,,,,,,1,2,1,1,2
200700017474,0007-03-29 21:55:00,7,3,29,21,55,930,53,ROSNY (AVENUE DE) N° 1 A,,,Nuit avec éclairage allumé,En agglomération,Intersection en X,Pluie légère,Deux véhicules - côté,,,,,,,,,,,5,2,2,2,3
200700017475,0007-03-06 06:40:00,7,3,6,6,40,930,55,"137, JEAN LOLIVE (AVENUE",,,Nuit avec éclairage allumé,En agglomération,Hors intersection,Normale,Deux véhicules - arrière,,,,,,,,,,,5,2,1,1,2
200700017476,0007-03-06 19:00:00,7,3,6,19,0,930,55,"27, DELIZY (DU 23 A FIN",,,Nuit avec éclairage allumé,En agglomération,Hors intersection,Pluie forte,Deux véhicules - côté,,,,,,,,,,,5,2,1,3,3
200700017477,0007-03-15 11:30:00,7,3,15,11,30,930,55,", JEAN LOLIVE (AVENUE)(1",,,Plein jour,En agglomération,Hors intersection,Normale,Deux véhicules - côté,,,,,,,,,,,1,2,1,1,3
200700017478,0007-03-22 00:15:00,7,3,22,0,15,930,55,"18, CONGO (DU)",,,Nuit avec éclairage allumé,En agglomération,Hors intersection,Normale,Autre collision,,,,,,,,,,,5,2,1,1,6
200700017479,0007-03-17 21:50:00,7,3,17,21,50,930,55,"32, JEAN JAURES (AVENUE)",,,Nuit avec éclairage allumé,En agglomération,Hors intersection,Normale,Autre collision,,,,,,,,,,,5,2,1,1,6
200700017480,0007-03-23 22:50:00,7,3,23,22,50,930,55,JEAN LOLIVE (AVENUE)(1/5,,,Nuit avec éclairage allumé,En agglomération,Intersection en X,Pluie légère,Deux véhicules - côté,,,,,,,,,,,5,2,2,2,3
200700017481,0007-03-23 15:50:00,7,3,23,15,50,930,55,"34, JULES AUFFRET (1/49",,,Plein jour,En agglomération,Hors intersection,Pluie légère,Deux véhicules - côté,,,,,,,,,,,1,2,1,2,3
200700017482,0007-03-30 10:50:00,7,3,30,10,50,930,55,"27, ANATOLE FRANCE (AVEN",,,Plein jour,En agglomération,Hors intersection,Pluie légère,Sans collision,,,,,,,,,,,1,2,1,2,7
200700017483,0007-03-30 11:28:00,7,3,30,11,28,930,55,"167, JEAN LOLIVE (AVENUE",,,Plein jour,En agglomération,Hors intersection,Pluie légère,Deux véhicules - arrière,,,,,,,,,,,1,2,1,2,2
200700017484,0007-03-02 12:05:00,7,3,2,12,5,930,62,"15, RESISTANCE (AVENUE D",,,Plein jour,En agglomération,Hors intersection,Normale,Deux véhicules - côté,,,,,,,,,,,1,2,1,1,3
200700017485,0007-03-09 10:55:00,7,3,9,10,55,930,62,"58, MIDI (BOULEVARD DU)",,,Plein jour,En agglomération,Hors intersection,Pluie légère,Autre collision,,,,,,,,,,,1,2,1,2,6
200700017486,0007-03-13 08:40:00,7,3,13,8,40,930,62,"0, GENERAL DE GAULLE (PL",,,Plein jour,En agglomération,Giratoire,Normale,Autre collision,,,,,,,,,,,1,2,6,1,6
200700017487,0007-03-14 11:00:00,7,3,14,11,0,930,14,MAURICE AUDIN (ALLEE)  S,,,Plein jour,En agglomération,Hors intersection,Normale,Deux véhicules - frontale,,,,,,,,,,,1,2,1,1,1
200700017488,0007-03-14 23:35:00,7,3,14,23,35,930,14,STRATEGIQUE (ROUTE),,,Nuit sans éclairage public,En agglomération,Hors intersection,Normale,Sans collision,,,,,,,,,,,3,2,1,1,7
200700017489,0007-03-15 13:05:00,7,3,15,13,5,930,14,GAGNY (ALLEE DE) 7 ILES,,,Plein jour,En agglomération,Intersection en X,Normale,Autre collision,,,,,,,,,,,1,2,2,1,6
200700017490,0007-03-21 08:35:00,7,3,21,8,35,930,14,MAURICE AUDIN (ALLEE)  S,,,Plein jour,En agglomération,Intersection en X,Temps couvert,Autre collision,,,,,,,,,,,1,2,2,8,6
200700017491,0007-03-22 22:30:00,7,3,22,22,30,930,62,NICOLAS CARNOT (ALLEE),,,Nuit sans éclairage public,En agglomération,Intersection en X,Normale,Deux véhicules - côté,,,,,,,,,,,3,2,2,1,3
200700017492,0007-03-26 12:45:00,7,3,26,12,45,930,14,"13, MAURICE AUDIN (ALLEE",,,Plein jour,En agglomération,Hors intersection,Normale,Trois véhicules et plus - collisions multiples,,,,,,,,,,,1,2,1,1,5
200700017493,0007-03-07 16:50:00,7,3,7,16,50,930,64,"00, KENNEDY (AVENUE DU P",,,Plein jour,En agglomération,Intersection en T,Normale,Deux véhicules - côté,,,,,,,,,,,1,2,3,1,3
200700017494,0007-03-06 19:10:00,7,3,6,19,10,930,64,BLUM (RUE LEON),,,Plein jour,Hors agglomération,Hors intersection,Normale,Autre collision,,,,,,,,,,,1,1,1,1,6
200700017495,0007-03-10 20:00:00,7,3,10,20,0,930,64,BREMENT (RUE DE),,,Crépuscule ou aube,En agglomération,Hors intersection,Normale,Autre collision,,,,,,,,,,,2,2,1,1,6
200700017496,0007-03-16 13:25:00,7,3,16,13,25,930,64,"00, DE GAULLE (AV DU GEN",,,Plein jour,En agglomération,Hors intersection,Normale,Autre collision,,,,,,,,,,,1,2,1,1,6
200700017497,0007-03-19 10:15:00,7,3,19,10,15,930,64,"00, WALESA (AVENUE LECH)",,,Plein jour,En agglomération,Hors intersection,Normale,Deux véhicules - arrière,,,,,,,,,,,1,2,1,1,2
200700017498,0007-03-22 20:10:00,7,3,22,20,10,930,64,"00, BLUM (RUE LEON)",,,Nuit avec éclairage allumé,Hors agglomération,Hors intersection,Normale,Deux véhicules - côté,,,,,,,,,,,5,1,1,1,3
200700017499,0007-03-23 14:20:00,7,3,23,14,20,930,64,"00, VARIOT (RUE DU DOCTE",,,Plein jour,En agglomération,Intersection en X,Normale,Deux véhicules - côté,,,,,,,,,,,1,2,2,1,3
200700017500,0007-03-25 16:25:00,7,3,25,16,25,930,64,LAVOISIER (RUE),,,Plein jour,En agglomération,Intersection en X,Normale,Autre collision,,,,,,,,,,,1,2,2,1,6
200700017501,0007-03-28 14:10:00,7,3,28,14,10,930,77,"22, NOISY (ROUTE DE)",,,Plein jour,En agglomération,Hors intersection,Normale,Deux véhicules - arrière,,,,,,,,,,,1,2,1,1,2
200700017502,0007-03-28 14:30:00,7,3,28,14,30,930,64,"00, FERRY (RUE JULES)",,,Plein jour,En agglomération,Hors intersection,Normale,Autre collision,,,,,,,,,,,1,2,1,1,6
200700017503,0007-03-29 18:00:00,7,3,29,18,0,930,64,MAUNOURY (RUE DU MARECHA,,,Plein jour,En agglomération,Hors intersection,Normale,Deux véhicules - côté,,,,,,,,,,,1,2,1,1,3
200700017504,0007-03-01 13:15:00,7,3,1,13,15,930,66,"103, WILSON (AVENUE DU P",,,Plein jour,En agglomération,Intersection en T,Normale,Autre collision,,,,,,,,,,,1,2,3,1,6
200700017505,0007-03-02 08:15:00,7,3,2,8,15,930,66,COLONEL FABIEN (AVENUE),,,Plein jour,En agglomération,Hors intersection,Temps éblouissant,Autre collision,,,,,,,,,,,1,2,1,7,6
200700017506,0007-03-02 09:40:00,7,3,2,9,40,930,66,"5, PRESSENCE FRANCIS (AV",,,Plein jour,En agglomération,Hors intersection,Normale,Deux véhicules - côté,,,,,,,,,,,1,2,1,1,3
200700017507,0007-03-02 11:10:00,7,3,2,11,10,930,66,TOUL,,,Plein jour,En agglomération,Hors intersection,Normale,Autre collision,,,,,,,,,,,1,2,1,1,6
200700017508,0007-03-04 16:30:00,7,3,4,16,30,930,66,PASTEUR,,,Plein jour,En agglomération,Intersection en X,Normale,Deux véhicules - côté,,,,,,,,,,,1,2,2,1,3
200700017509,0007-03-05 18:15:00,7,3,5,18,15,930,66,WILSON (AVENUE DU PRESID,,,Crépuscule ou aube,En agglomération,Intersection en T,Normale,Deux véhicules - arrière,,,,,,,,,,,2,2,3,1,2
200700017510,0007-03-06 19:15:00,7,3,6,19,15,930,66,NAY,,,Nuit sans éclairage public,En agglomération,Intersection en T,Pluie légère,Sans collision,,,,,,,,,,,3,2,3,2,7
200700017511,0007-03-08 17:20:00,7,3,8,17,20,930,66,"""BARBUSSE HENRI, NR 2 A",,,Plein jour,En agglomération,Hors intersection,Normale,Autre collision,,,,,,,,,,,1,2,1,1,6
200700017512,0007-03-10 19:40:00,7,3,10,19,40,930,66,"69, ""LANDY RD 20, NR IMP",,,Nuit avec éclairage allumé,En agglomération,Hors intersection,Normale,Autre collision,,,,,,,,,,,5,2,1,1,6
200700017513,0007-03-12 15:50:00,7,3,12,15,50,930,66,"""STALINGRAD (AVENUE), NR",,,Plein jour,En agglomération,Intersection en T,Normale,Autre collision,,,,,,,,,,,1,2,3,1,6
200700017514,0007-03-16 21:00:00,7,3,16,21,0,930,66,COMMUNE DE PARIS,,,Nuit avec éclairage allumé,En agglomération,Hors intersection,Normale,Sans collision,,,,,,,,,,,5,2,1,1,7
200700017515,0007-03-18 14:15:00,7,3,18,14,15,930,66,FRANCE ANATOLE (BOULEVAR,,,Plein jour,En agglomération,Hors intersection,Temps couvert,Autre collision,,,,,,,,,,,1,2,1,8,6
200700017516,0007-03-19 18:40:00,7,3,19,18,40,930,66,"""SEMBAT MARCEL (BD), NR",,,Plein jour,En agglomération,Hors intersection,Temps couvert,Sans collision,,,,,,,,,,,1,2,1,8,7
200700017517,0007-03-24 14:50:00,7,3,24,14,50,930,66,"103, CASANOVA DANIELLE N",,,Plein jour,En agglomération,Hors intersection,Pluie légère,Deux véhicules - côté,,,,,,,,,,,1,2,1,2,3
200700017518,0007-03-24 19:25:00,7,3,24,19,25,930,66,"16, ""LANDY RD 20, NR IMP",,,Nuit avec éclairage allumé,En agglomération,Hors intersection,Pluie légère,Autre collision,,,,,,,,,,,5,2,1,2,6
200700017519,0007-03-25 21:00:00,7,3,25,21,0,930,66,", LIBERATION RD14 (BOULE",,,Nuit avec éclairage allumé,En agglomération,Intersection en Y,Pluie légère,Deux véhicules - arrière,,,,,,,,,,,5,2,4,2,2
200700017520,0007-03-26 09:55:00,7,3,26,9,55,930,66,STADE DE FRANCE (AVENUE,,,Plein jour,En agglomération,Hors intersection,Normale,Autre collision,,,,,,,,,,,1,2,1,1,6
200700017521,0007-03-26 19:10:00,7,3,26,19,10,930,66,"243, WILSON (AVENUE DU P",,,Plein jour,En agglomération,Intersection en T,Normale,Autre collision,,,,,,,,,,,1,2,3,1,6
200700017522,0007-03-27 07:40:00,7,3,27,7,40,930,66,ANDILLY,,,Plein jour,En agglomération,Intersection en X,Normale,Deux véhicules - côté,,,,,,,,,,,1,2,2,1,3
200700017523,0007-03-27 22:50:00,7,3,27,22,50,930,66,"""STALINGRAND (AV), NR 2-",,,Nuit avec éclairage allumé,En agglomération,Intersection en X,Normale,Deux véhicules - côté,,,,,,,,,,,5,2,2,1,3
200700017524,0007-03-30 14:00:00,7,3,30,14,0,930,66,"94, FRANCE ANATOLE ENTRE",,,Plein jour,En agglomération,Intersection en T,Normale,Trois véhicules et plus - collisions multiples,,,,,,,,,,,1,2,3,1,5
200700017525,0007-03-31 18:30:00,7,3,31,18,30,930,66,"53, WILSON (AVENUE DU PR",,,Plein jour,En agglomération,Hors intersection,Normale,Deux véhicules - arrière,,,,,,,,,,,1,2,1,1,2
200700017526,0007-03-03 00:45:00,7,3,3,0,45,930,70,"29, CHARLES SCHMIDT(RUE)",,,Nuit avec éclairage allumé,En agglomération,Intersection en T,Pluie forte,Autre collision,,,,,,,,,,,5,2,3,3,6
200700017527,0007-03-14 09:25:00,7,3,14,9,25,930,70,"75/77, VICTOR-HUGO (BD)",,,Plein jour,En agglomération,Hors intersection,Normale,Deux véhicules - côté,,,,,,,,,,,1,2,1,1,3
200700017528,0007-03-18 20:20:00,7,3,18,20,20,930,70,DOCTEUR BAUER(RUE DU) :N,,,Nuit avec éclairage allumé,En agglomération,Intersection en X,Normale,Autre collision,,,,,,,,,,,5,2,2,1,6
200700017529,0007-03-21 17:05:00,7,3,21,17,5,930,70,"9, JULES-VALLES(RUE)",,,Plein jour,En agglomération,Hors intersection,Normale,Autre collision,,,,,,,,,,,1,2,1,1,6
200700017530,0007-03-21 18:15:00,7,3,21,18,15,930,70,"9, MICHELET (AVE) : DU 1",,,Plein jour,En agglomération,Hors intersection,Normale,Sans collision,,,,,,,,,,,1,2,1,1,7
200700017531,0007-03-29 13:40:00,7,3,29,13,40,930,70,JULES-VALLES(RUE),,,Plein jour,En agglomération,Intersection en X,Normale,Deux véhicules - côté,,,,,,,,,,,1,2,2,1,3
200700017532,0007-03-30 23:50:00,7,3,30,23,50,930,70,VICTOR-HUGO (BD),,,Nuit avec éclairage allumé,En agglomération,Intersection en Y,Normale,Deux véhicules - arrière,,,,,,,,,,,5,2,4,1,2
200700017533,0007-03-17 13:10:00,7,3,17,13,10,930,71,YOURI GAGARINE (AVENUE),,,Plein jour,En agglomération,Intersection en T,Normale,Autre collision,,,,,,,,,,,1,2,3,1,6
200700017534,0007-03-29 12:50:00,7,3,29,12,50,930,71,YOURI GAGARINE (AVENUE),,,Plein jour,En agglomération,Hors intersection,Normale,Deux véhicules - côté,,,,,,,,,,,1,2,1,1,3
200700017535,0007-03-04 17:40:00,7,3,4,17,40,930,71,RONSARD (AVENUE),,,Plein jour,En agglomération,Hors intersection,Normale,Deux véhicules - frontale,,,,,,,,,,,1,2,1,1,1
200700017536,0007-03-05 18:20:00,7,3,5,18,20,930,71,GENERAL LECLERC (AVENUE,,,Plein jour,En agglomération,Intersection en X,Normale,Autre collision,,,,,,,,,,,1,2,2,1,6
200700017537,0007-03-10 11:10:00,7,3,10,11,10,930,71,GABRIEL PERI (RUE),,,Plein jour,En agglomération,Intersection en T,Normale,Deux véhicules - frontale,,,,,,,,,,,1,2,3,1,1
200700017538,0007-03-31 16:05:00,7,3,31,16,5,930,71,JOHN F. KENNEDY (AVENUE),,,Plein jour,En agglomération,Hors intersection,Pluie légère,Deux véhicules - côté,,,,,,,,,,,1,2,1,2,3
200700017539,0007-03-31 23:40:00,7,3,31,23,40,930,71,"10/12, PIERRE BROSSOLETT",,,Nuit avec éclairage allumé,En agglomération,Hors intersection,Normale,Deux véhicules - côté,,,,,,,,,,,5,2,1,1,3
200700017540,0007-03-09 14:50:00,7,3,9,14,50,930,59,LENINE (AVENUE) N°36 AU,,,Plein jour,En agglomération,Hors intersection,Normale,Deux véhicules - arrière,,,,,,,,,,,1,2,1,1,2
200700017541,0007-03-13 13:25:00,7,3,13,13,25,930,59,LOUISE MAURY (AVENUE),,,Plein jour,En agglomération,Hors intersection,Normale,Autre collision,,,,,,,,,,,1,2,1,1,6
200700017542,0007-03-15 09:50:00,7,3,15,9,50,930,59,"11, ELYSEE RECLUS (AVENU",,,Plein jour,En agglomération,Hors intersection,Normale,Deux véhicules - arrière,,,,,,,,,,,1,2,1,1,2
200700017543,0007-03-01 18:00:00,7,3,1,18,0,930,59,"110, LENINE (AVENUE) N°3",,,Plein jour,En agglomération,Hors intersection,Pluie légère,Trois véhicules et plus - en chaîne,,,,,,,,,,,1,2,1,2,4
200700017544,0007-03-02 20:45:00,7,3,2,20,45,930,59,LEDRU ROLLIN (AVENUE),,,Nuit avec éclairage allumé,En agglomération,Hors intersection,Pluie forte,Autre collision,,,,,,,,,,,5,2,1,3,6
200700017545,0007-03-18 17:45:00,7,3,18,17,45,930,59,GABRIEL TULEU (IMPASSE),,,Plein jour,En agglomération,Intersection en X,Normale,Deux véhicules - côté,,,,,,,,,,,1,2,2,1,3
200700017546,0007-03-24 18:10:00,7,3,24,18,10,930,72,LOUIS BORDES (RUE),,,Plein jour,En agglomération,Autre intersection,Pluie légère,Autre collision,,,,,,,,,,,1,2,9,2,6
200700017547,0007-03-24 20:00:00,7,3,24,20,0,930,72,AMIENS (RUE D') N° IMPAI,,,Nuit avec éclairage allumé,En agglomération,Autre intersection,Pluie légère,Autre collision,,,,,,,,,,,5,2,9,2,6
200700017548,0007-03-01 18:00:00,7,3,1,18,0,930,78,CHEVALIER DE LA BARRE (R,,,Plein jour,En agglomération,Hors intersection,Pluie légère,Autre collision,,,,,,,,,,,1,2,1,2,6
200700017549,0007-03-06 10:30:00,7,3,6,10,30,930,78,BALLANGER (BD ROBERT),,,Plein jour,En agglomération,Hors intersection,Pluie légère,Sans collision,,,,,,,,,,,1,2,1,2,7
200700017550,0007-03-10 06:35:00,7,3,10,6,35,930,78,DAMBEL (AVENUE EMILE),,,Nuit avec éclairage allumé,En agglomération,Giratoire,Normale,Autre collision,,,,,,,,,,,5,2,6,1,6
200700017551,0007-03-14 13:35:00,7,3,14,13,35,930,78,BANCS PUBLICS (RUE DES),,,Plein jour,En agglomération,Hors intersection,Normale,Autre collision,,,,,,,,,,,1,2,1,1,6
200700017552,0007-03-16 15:20:00,7,3,16,15,20,930,78,BREGUET (ALLEE LOUIS),,,Plein jour,En agglomération,Hors intersection,Normale,Deux véhicules - côté,,,,,,,,,,,1,2,1,1,3
200700017553,0007-03-20 21:45:00,7,3,20,21,45,930,73,COLONGO (RUE PIERRE),,,Nuit avec éclairage allumé,En agglomération,Intersection en T,Normale,Deux véhicules - côté,,,,,,,,,,,5,2,3,1,3
200700017554,0007-03-20 20:50:00,7,3,20,20,50,930,73,SALENGRO (AVENUE ROGER),,,Nuit avec éclairage allumé,En agglomération,Intersection en X,Normale,Deux véhicules - côté,,,,,,,,,,,5,2,2,1,3
200700017555,0007-03-29 17:40:00,7,3,29,17,40,930,78,BALLANGER (BD ROBERT),,,Plein jour,En agglomération,Giratoire,Normale,Deux véhicules - arrière,,,,,,,,,,,1,2,6,1,2
200700017556,0007-03-30 08:30:00,7,3,30,8,30,930,73,SEPTIEME (AVENUE),,,Plein jour,En agglomération,Intersection en X,Pluie légère,Deux véhicules - côté,,,,,,,,,,,1,2,2,2,3
200700017557,0007-03-08 17:45:00,7,3,8,17,45,940,2,"171, VAILLANT COUTURIER",,,Plein jour,En agglomération,Intersection en T,Normale,Sans collision,,,,,,,,,,,1,2,3,1,7
200700017558,0007-03-04 22:00:00,7,3,4,22,0,940,75,BRUNOY (R DE),,,Nuit sans éclairage public,En agglomération,Hors intersection,Normale,Deux véhicules - côté,,,,,,,,,,,3,2,1,1,3
200700017559,0007-03-20 09:00:00,7,3,20,9,0,940,44,GABRIEL PERI (AV),,,Plein jour,En agglomération,Intersection en T,Normale,Deux véhicules - côté,,,,,,,,,,,1,2,3,1,3
200700017560,0007-03-21 08:20:00,7,3,21,8,20,940,44,GENERAL LECLERC (AV DU),,,Plein jour,En agglomération,Hors intersection,Normale,Deux véhicules - côté,,,,,,,,,,,1,2,1,1,3
200700017561,0007-03-13 07:40:00,7,3,13,7,40,940,4,"7, SUCY (R DE)",,,Plein jour,En agglomération,Autre intersection,Normale,Deux véhicules - côté,,,,,,,,,,,1,2,9,1,3
200700017562,0007-03-13 08:00:00,7,3,13,8,0,940,4,GENERAL LECLERC (AV DU),,,Plein jour,En agglomération,Hors intersection,Normale,Autre collision,,,,,,,,,,,1,2,1,1,6
200700017563,0007-03-23 08:00:00,7,3,23,8,0,940,44,GABRIEL PERI (AV),,,Plein jour,En agglomération,Hors intersection,Normale,Trois véhicules et plus - en chaîne,,,,,,,,,,,1,2,1,1,4
200700017564,0007-03-24 21:00:00,7,3,24,21,0,940,44,VERDUN (AV DE),,,Nuit avec éclairage allumé,En agglomération,Intersection en T,Pluie légère,Deux véhicules - côté,,,,,,,,,,,5,2,3,2,3
200700017565,0007-03-28 23:50:00,7,3,28,23,50,940,4,GENERAL LECLERC (AV),,,Nuit avec éclairage allumé,En agglomération,Intersection en T,Normale,Deux véhicules - côté,,,,,,,,,,,5,2,3,1,3
200700017566,0007-03-31 14:20:00,7,3,31,14,20,940,4,MARECHAL DE LATTRE DE TA,,,Plein jour,Hors agglomération,Hors intersection,Normale,Deux véhicules - arrière,,,,,,,,,,,1,1,1,1,2
200700017567,0007-03-10 17:35:00,7,3,10,17,35,940,4,"16, GENERAL LECLERC (AV",,,Plein jour,En agglomération,Hors intersection,Normale,Autre collision,,,,,,,,,,,1,2,1,1,6
200700017568,0007-03-02 15:35:00,7,3,2,15,35,940,17,"7, ALFRED GREVIN (R)",,,Plein jour,En agglomération,Hors intersection,Normale,Deux véhicules - arrière,,,,,,,,,,,1,2,1,1,2
200700017569,0007-03-06 19:20:00,7,3,6,19,20,940,17,"1050, MAURICE THOREZ (AV",,,Nuit avec éclairage allumé,En agglomération,Hors intersection,Pluie légère,Autre collision,,,,,,,,,,,5,2,1,2,6
200700017570,0007-03-08 18:15:00,7,3,8,18,15,940,17,"55, PIERRE MARIE DERRIEN",,,Plein jour,En agglomération,Hors intersection,Normale,Deux véhicules - côté,,,,,,,,,,,1,2,1,1,3
200700017571,0007-03-15 12:25:00,7,3,15,12,25,940,17,"148, ROGER SALENGRO (AV)",,,Plein jour,En agglomération,Hors intersection,Normale,Deux véhicules - arrière,,,,,,,,,,,1,2,1,1,2
200700017572,0007-03-16 07:30:00,7,3,16,7,30,940,17,"44, LOUIS TALAMONI (R)",,,Plein jour,En agglomération,Hors intersection,Normale,Trois véhicules et plus - collisions multiples,,,,,,,,,,,1,2,1,1,5
200700017573,0007-03-24 10:30:00,7,3,24,10,30,940,17,"69, JEAN JAURES (R)",,,Plein jour,En agglomération,Hors intersection,Normale,Deux véhicules - arrière,,,,,,,,,,,1,2,1,1,2
200700017574,0007-03-26 12:40:00,7,3,26,12,40,940,17,BOILEAU (AV),,,Plein jour,En agglomération,Intersection en X,Normale,Autre collision,,,,,,,,,,,1,2,2,1,6
200700017575,0007-03-05 09:00:00,7,3,5,9,0,940,18,BERCY (QU DE),,,Plein jour,En agglomération,Intersection en T,Normale,Deux véhicules - arrière,,,,,,,,,,,1,2,3,1,2
200700017576,0007-03-17 10:35:00,7,3,17,10,35,940,18,GRAVELLE (AV DE),,,Plein jour,En agglomération,Intersection en X,Normale,Deux véhicules - côté,,,,,,,,,,,1,2,2,1,3
200700017577,0007-03-03 10:40:00,7,3,3,10,40,940,79,"00, GENERAL DE GAULLE (R",,,Plein jour,En agglomération,Intersection en T,Normale,Deux véhicules - côté,,,,,,,,,,,1,2,3,1,3
200700017578,0007-03-10 18:25:00,7,3,10,18,25,940,55,"00, PROVINS (RTE DE)",,,Plein jour,En agglomération,Hors intersection,Normale,Deux véhicules - côté,,,,,,,,,,,1,2,1,1,3
200700017579,0007-03-12 13:10:00,7,3,12,13,10,940,79,"02, NOISY (R DE)",,,Plein jour,En agglomération,Hors intersection,Normale,Sans collision,,,,,,,,,,,1,2,1,1,7
200700017580,0007-03-15 16:40:00,7,3,15,16,40,940,60,"00, DUNOYER DE SEGONZAC",,,Plein jour,En agglomération,Hors intersection,Normale,Sans collision,,,,,,,,,,,1,2,1,1,7
200700017581,0007-03-19 15:15:00,7,3,19,15,15,940,19,"00, MOULIN A VENT (AV DU",,,Plein jour,En agglomération,Intersection en T,Normale,Deux véhicules - côté,,,,,,,,,,,1,2,3,1,3
200700017582,0007-03-21 07:50:00,7,3,21,7,50,940,55,"00, WLADIMIR D ORMESSON",,,Crépuscule ou aube,En agglomération,Intersection en T,Normale,Deux véhicules - côté,,,,,,,,,,,2,2,3,1,3
200700017583,0007-03-23 06:05:00,7,3,23,6,5,940,79,"25, COEUILLY (R DE)",,,Nuit avec éclairage allumé,En agglomération,Hors intersection,Normale,Sans collision,,,,,,,,,,,5,2,1,1,7
200700017584,0007-03-30 13:55:00,7,3,30,13,55,940,60,"00, GENERAL DE GAULLE (R",,,Plein jour,En agglomération,Intersection en X,Normale,Deux véhicules - arrière,,,,,,,,,,,1,2,2,1,2
200700017585,0007-03-07 13:38:00,7,3,7,13,38,940,22,"4, ANATOLE FRANCE (AV)",,,Plein jour,En agglomération,Hors intersection,Normale,Autre collision,,,,,,,,,,,1,2,1,1,6
200700017586,0007-03-08 17:20:00,7,3,8,17,20,940,22,"0, JULES GUESDE (QU)",,,Plein jour,En agglomération,Hors intersection,Normale,Autre collision,,,,,,,,,,,1,2,1,1,6
200700017587,0007-03-09 08:56:00,7,3,9,8,56,940,22,HUIT MAI 1945 (AV DU),,,Plein jour,En agglomération,Hors intersection,Normale,Sans collision,,,,,,,,,,,1,2,1,1,7
200700017588,0007-03-14 00:50:00,7,3,14,0,50,940,22,"18, GAMBETTA (AV)",,,Nuit avec éclairage allumé,En agglomération,Hors intersection,Normale,Trois véhicules et plus - en chaîne,,,,,,,,,,,5,2,1,1,4
200700017589,0007-03-22 17:55:00,7,3,22,17,55,940,22,"1, JEAN JAURES (R)",,,Plein jour,En agglomération,Hors intersection,Normale,Sans collision,,,,,,,,,,,1,2,1,1,7
200700017590,0007-03-22 19:05:00,7,3,22,19,5,940,22,"0, RONDU (AV)",,,Plein jour,En agglomération,Hors intersection,Normale,Autre collision,,,,,,,,,,,1,2,1,1,6
200700017591,0007-03-29 19:00:00,7,3,29,19,0,940,22,"2, GAMBETTA (AV)",,,Plein jour,En agglomération,Hors intersection,Normale,Autre collision,,,,,,,,,,,1,2,1,1,6
200700017592,0007-03-31 14:55:00,7,3,31,14,55,940,22,JEAN JAURES (R),,,Plein jour,En agglomération,Hors intersection,Normale,Deux véhicules - arrière,,,,,,,,,,,1,2,1,1,2
200700017593,0007-03-02 22:45:00,7,3,2,22,45,940,28,BROSSOLETTE(AVENUE PIERR,,,Nuit avec éclairage allumé,En agglomération,Hors intersection,Normale,Autre collision,,,,,,,,,,,5,2,1,1,6
200700017594,0007-03-01 15:55:00,7,3,1,15,55,940,28,PARIS.(RUE DE),,,Plein jour,En agglomération,Hors intersection,Normale,Autre collision,,,,,,,,,,,1,2,1,1,6
200700017595,0007-03-03 14:45:00,7,3,3,14,45,940,11,"0, RN 406",,,Nuit sans éclairage public,Hors agglomération,Hors intersection,Normale,Deux véhicules - côté,,,,,,,,,,,3,1,1,1,3
200700017596,0007-03-06 01:50:00,7,3,6,1,50,940,28,"0, LECLERC.(RUE DU GENER",,,Nuit avec éclairage allumé,Hors agglomération,Hors intersection,Normale,Autre collision,,,,,,,,,,,5,1,1,1,6
200700017597,0007-03-05 19:20:00,7,3,5,19,20,940,28,"0, LAFERRIERE(AVENUE)",,,Plein jour,Hors agglomération,Hors intersection,Normale,Trois véhicules et plus - en chaîne,,,,,,,,,,,1,1,1,1,4
200700017598,0007-03-08 13:15:00,7,3,8,13,15,940,28,"0, SAUSSURE(RUE HORACE B",,,Plein jour,En agglomération,Hors intersection,Normale,Autre collision,,,,,,,,,,,1,2,1,1,6
200700017599,0007-03-08 20:00:00,7,3,8,20,0,940,28,"0, MECHES.(RUE DES)",,,Plein jour,En agglomération,Hors intersection,Normale,Autre collision,,,,,,,,,,,1,2,1,1,6
200700017600,0007-03-08 08:15:00,7,3,8,8,15,940,28,"0, TASSIGNY(AVE DU MAREC",,,Plein jour,En agglomération,Hors intersection,Normale,Sans collision,,,,,,,,,,,1,2,1,1,7
200700017601,0007-03-13 06:50:00,7,3,13,6,50,940,11,"0, BOISSY.(AVENUE DE)",,,Nuit avec éclairage allumé,En agglomération,Hors intersection,Normale,Autre collision,,,,,,,,,,,5,2,1,1,6
200700017602,0007-03-13 15:30:00,7,3,13,15,30,940,28,"0, VERDUN.(AVENUE DE)",,,Plein jour,Hors agglomération,Hors intersection,Normale,Autre collision,,,,,,,,,,,1,1,1,1,6
200700017603,0007-03-19 05:10:00,7,3,19,5,10,940,11,"0, ELUARD(RUE PAUL)",,,Nuit avec éclairage allumé,En agglomération,Hors intersection,Normale,Autre collision,,,,,,,,,,,5,2,1,1,6