accident_id,datetime,annee,mois,jour,heure,minute,departement,commune_insee,adresse,latitude,longitude,luminosite,agglomeration,intersection,meteo,collision,nb_vehicules,nb_usagers,nb_indemnes,nb_tues,nb_blesses_hosp,nb_blesses_legers,age_cond_1,age_cond_2,veh_type_cond_1,veh_type_cond_2,lum_code,agg_code,int_code,atm_code,col_code
200700017738,0007-03-30 19:32:00,7,3,30,19,32,950,18,"55, JOFFRE (AVENUE DU MA",,,Plein jour,En agglomération,Intersection en T,Normale,Deux véhicules - côté,,,,,,,,,,,1,2,3,1,3
200700017739,0007-03-30 12:20:00,7,3,30,12,20,950,18,"144, BARBUSSE (RUE HENRI",,,Plein jour,En agglomération,Hors intersection,Pluie légère,Autre collision,,,,,,,,,,,1,2,1,2,6
200700017740,0007-03-14 09:45:00,7,3,14,9,45,950,63,EMILE ZOLA (RUE-GD CERF,,,Plein jour,En agglomération,Intersection à plus de 4 branches,Normale,Deux véhicules - côté,,,,,,,,,,,1,2,5,1,3
200700017741,0007-03-28 15:10:00,7,3,28,15,10,950,63,"40, VILLENEUVE (RUE)",,,Plein jour,En agglomération,Hors intersection,Normale,Autre collision,,,,,,,,,,,1,2,1,1,6
200700017742,0007-03-12 15:50:00,7,3,12,15,50,950,127,PORT (BOULEVARD DU),,,Plein jour,En agglomération,Hors intersection,Normale,Sans collision,,,,,,,,,,,1,2,1,1,7
200700017743,0007-03-22 16:15:00,7,3,22,16,15,950,572,"3, LOUIS DELAGE (RUE)",,,Plein jour,En agglomération,Hors intersection,Normale,Deux véhicules - frontale,,,,,,,,,,,1,2,1,1,1
200700017744,0007-03-23 15:20:00,7,3,23,15,20,950,127,"0, OISE (BOULEVARD DE L'",,,Plein jour,En agglomération,Hors intersection,Normale,Sans collision,,,,,,,,,,,1,2,1,1,7
200700017745,0007-03-25 14:15:00,7,3,25,14,15,950,127,"0, OISE (BOULEVARD DE L'",,,Plein jour,En agglomération,Hors intersection,Normale,Deux véhicules - arrière,,,,,,,,,,,1,2,1,1,2
200700017746,0007-03-06 18:00:00,7,3,6,18,0,950,598,SAINT PAUL   RUE,,,Plein jour,En agglomération,Hors intersection,Pluie légère,Autre collision,,,,,,,,,,,1,2,1,2,6
200700017747,0007-03-19 13:20:00,7,3,19,13,20,950,555,PICOLO (RUE DU),,,Plein jour,En agglomération,Hors intersection,Normale,Autre collision,,,,,,,,,,,1,2,1,1,6
200700017748,0007-03-27 08:30:00,7,3,27,8,30,950,428,GEORGES CLEMENCEAU,,,Plein jour,En agglomération,Hors intersection,Normale,Autre collision,,,,,,,,,,,1,2,1,1,6
200700017749,0007-03-01 18:15:00,7,3,1,18,15,950,491,BOIS DE BOISSY (BOULEVAR,,,Plein jour,En agglomération,Hors intersection,Normale,Autre collision,,,,,,,,,,,1,2,1,1,6
200700017750,0007-03-07 16:15:00,7,3,7,16,15,950,426,"96, PARIS (ROUTE DE)",,,Plein jour,En agglomération,Hors intersection,Normale,Autre collision,,,,,,,,,,,1,2,1,1,6
200700017751,0007-03-09 17:20:00,7,3,9,17,20,950,574,GENERAL LECLERC (AVENUE,,,Plein jour,En agglomération,Hors intersection,Normale,Autre collision,,,,,,,,,,,1,2,1,1,6
200700017752,0007-03-13 10:00:00,7,3,13,10,0,950,574,"31, GENERAL LECLERC (AVE",,,Plein jour,En agglomération,Hors intersection,Normale,Autre collision,,,,,,,,,,,1,2,1,1,6
200700017753,0007-03-17 00:20:00,7,3,17,0,20,950,203,"6, ALOUETTES (RUE DES)",,,Nuit avec éclairage allumé,En agglomération,Hors intersection,Normale,Autre collision,,,,,,,,,,,5,2,1,1,6
200700017754,0007-03-01 15:40:00,7,3,1,15,40,950,280,SARRAUT ALBERT (AVENUE),,,Plein jour,En agglomération,Hors intersection,Temps éblouissant,Deux véhicules - arrière,,,,,,,,,,,1,2,1,7,2
200700017755,0007-03-02 11:35:00,7,3,2,11,35,950,277,ARNOUVILLE (RUE D'),,,Plein jour,En agglomération,Hors intersection,Normale,Autre collision,,,,,,,,,,,1,2,1,1,6
200700017756,0007-03-08 10:55:00,7,3,8,10,55,950,277,BERTHELOT (RUE),,,Plein jour,En agglomération,Autre intersection,Normale,Autre collision,,,,,,,,,,,1,2,9,1,6
200700017757,0007-03-09 15:47:00,7,3,9,15,47,950,280,SALENGRO ROGER ( BOULEVA,,,Plein jour,En agglomération,Intersection en T,Normale,Autre collision,,,,,,,,,,,1,2,3,1,6
200700017758,0007-03-14 06:50:00,7,3,14,6,50,950,280,GENERAL DE GAULLE(BOULEV,,,Crépuscule ou aube,En agglomération,Hors intersection,Normale,Deux véhicules - arrière,,,,,,,,,,,2,2,1,1,2
200700017759,0007-03-19 05:45:00,7,3,19,5,45,950,277,", NUNGESSER ET COLI",,,Nuit avec éclairage allumé,Hors agglomération,Hors intersection,Pluie forte,Deux véhicules - arrière,,,,,,,,,,,5,1,1,3,2
200700017760,0007-03-12 07:50:00,7,3,12,7,50,950,19,CONCORDE (AVENUE DE LA),,,Plein jour,En agglomération,Giratoire,Normale,Autre collision,,,,,,,,,,,1,2,6,1,6
200700017761,0007-03-07 14:30:00,7,3,7,14,30,950,306,"0, MARNE (RUE DE LA)",,,Plein jour,En agglomération,Hors intersection,Normale,Deux véhicules - frontale,,,,,,,,,,,1,2,1,1,1
200700017762,0007-03-13 19:10:00,7,3,13,19,10,950,424,"0, VICTOR BORDIER (BOULE",,,Nuit avec éclairage allumé,En agglomération,Intersection en X,Normale,Deux véhicules - côté,,,,,,,,,,,5,2,2,1,3
200700017763,0007-03-18 14:55:00,7,3,18,14,55,950,424,GENERAL DE GAULLE (RUE D,,,Plein jour,En agglomération,Hors intersection,Normale,Trois véhicules et plus - en chaîne,,,,,,,,,,,1,2,1,1,4
200700017764,0007-03-20 19:35:00,7,3,20,19,35,950,257,"0, PONTOISE (BOULEVARD D",,,Nuit avec éclairage allumé,En agglomération,Intersection en X,Normale,Deux véhicules - côté,,,,,,,,,,,5,2,2,1,3
200700017765,0007-03-24 19:55:00,7,3,24,19,55,950,306,ETIENNE FOURMONT (RUE),,,Nuit avec éclairage allumé,En agglomération,Intersection en T,Pluie légère,Deux véhicules - côté,,,,,,,,,,,5,2,3,2,3
200700017766,0007-03-24 20:20:00,7,3,24,20,20,950,306,BOEUFS (CHEMIN DES ),,,Nuit avec éclairage allumé,En agglomération,Hors intersection,Pluie légère,Deux véhicules - arrière,,,,,,,,,,,5,2,1,2,2
200700017767,0007-03-24 20:30:00,7,3,24,20,30,950,257,"34, PASTEUR (RUE)",,,Nuit avec éclairage allumé,En agglomération,Hors intersection,Normale,Autre collision,,,,,,,,,,,5,2,1,1,6
200700017768,0007-03-30 11:05:00,7,3,30,11,5,950,306,"0, ETIENNE FOURMONT (RUE",,,Plein jour,En agglomération,Intersection en T,Normale,Deux véhicules - côté,,,,,,,,,,,1,2,3,1,3
200700017769,0007-03-20 16:10:00,7,3,20,16,10,950,313,BEAUMONT (DE),,,Plein jour,En agglomération,Hors intersection,Pluie légère,Autre collision,,,,,,,,,,,1,2,1,2,6
200700017770,0007-03-24 17:40:00,7,3,24,17,40,950,487,RN 1,,,Plein jour,Hors agglomération,Hors intersection,Pluie légère,Trois véhicules et plus - en chaîne,,,,,,,,,,,1,1,1,2,4
200700017771,0007-03-26 13:34:00,7,3,26,13,34,950,313,CD.922,,,Plein jour,En agglomération,Hors intersection,Normale,Autre collision,,,,,,,,,,,1,2,1,1,6
200700017772,0007-03-31 10:15:00,7,3,31,10,15,950,313,SANS PRECISION,,,Plein jour,En agglomération,Hors intersection,Pluie légère,Deux véhicules - frontale,,,,,,,,,,,1,2,1,2,1
200700017773,0007-03-29 10:40:00,7,3,29,10,40,950,527,Parc PX,,,Plein jour,Hors agglomération,Hors intersection,Normale,Deux véhicules - côté,,,,,,,,,,,1,1,1,1,3
200700017774,0007-03-25 19:50:00,7,3,25,19,50,950,585,ALLENDE (BOULEVARD SALAD,,,Crépuscule ou aube,En agglomération,Hors intersection,Normale,Deux véhicules - côté,,,,,,,,,,,2,2,1,1,3
200700017775,0007-03-05 17:10:00,7,3,5,17,10,950,607,"00, CONSTANTIN PECQUEUR",,,Plein jour,En agglomération,Hors intersection,Normale,Deux véhicules - arrière,,,,,,,,,,,1,2,1,1,2
200700017776,0007-03-10 14:55:00,7,3,10,14,55,950,607,"00, PIERRE DE COUBERTIN",,,Plein jour,En agglomération,Hors intersection,Normale,Autre collision,,,,,,,,,,,1,2,1,1,6
200700017777,0007-03-15 08:35:00,7,3,15,8,35,950,60,"16, RONSARD (RUE)",,,Plein jour,En agglomération,Hors intersection,Normale,Autre collision,,,,,,,,,,,1,2,1,1,6
200700017778,0007-03-28 17:10:00,7,3,28,17,10,950,607,SPORTS (VOIE DES),,,Plein jour,En agglomération,Hors intersection,Normale,Autre collision,,,,,,,,,,,1,2,1,1,6
200700017779,0007-03-24 16:10:00,7,3,24,16,10,950,51,"00, DENIS PAPIN (RUE)",,,Plein jour,En agglomération,Hors intersection,Pluie forte,Deux véhicules - arrière,,,,,,,,,,,1,2,1,3,2
200700017780,0007-03-30 15:00:00,7,3,30,15,0,950,563,JEAN JAURES (RUE),,,Plein jour,En agglomération,Intersection en X,Normale,Deux véhicules - arrière,,,,,,,,,,,1,2,2,1,2
200700017781,0007-03-03 13:50:00,7,3,3,13,50,201,4,PRINCE IMPERIAL COURS,,,Plein jour,En agglomération,Hors intersection,Normale,Deux véhicules - arrière,,,,,,,,,,,1,2,1,1,2
200700017782,0007-03-06 10:05:00,7,3,6,10,5,201,4,"SANS, HERMINIER GARE MAR",,,Plein jour,En agglomération,Hors intersection,Normale,Deux véhicules - arrière,,,,,,,,,,,1,2,1,1,2
200700017783,0007-03-06 16:23:00,7,3,6,16,23,201,4,"SANS, ALATA ROUTE",,,Plein jour,Hors agglomération,Hors intersection,Normale,Deux véhicules - côté,,,,,,,,,,,1,1,1,1,3
200700017784,0007-03-08 13:00:00,7,3,8,13,0,201,4,MARECHAL JUIN AVENUE,,,Plein jour,En agglomération,Intersection en T,Normale,Deux véhicules - côté,,,,,,,,,,,1,2,3,1,3
200700017785,0007-03-08 14:10:00,7,3,8,14,10,201,4,CAMPI LOUIS BD,,,Plein jour,En agglomération,Hors intersection,Normale,Trois véhicules et plus - en chaîne,,,,,,,,,,,1,2,1,1,4
200700017786,0007-03-09 13:30:00,7,3,9,13,30,201,4,"24, NAPOLEON COURS APRES",,,Plein jour,En agglomération,Hors intersection,Normale,Deux véhicules - côté,,,,,,,,,,,1,2,1,1,3
200700017787,0007-03-17 10:55:00,7,3,17,10,55,201,4,"SANS, PIETRI FRANCOIS RU",,,Plein jour,En agglomération,Hors intersection,Normale,Trois véhicules et plus - collisions multiples,,,,,,,,,,,1,2,1,1,5
200700017788,0007-03-19 18:20:00,7,3,19,18,20,201,4,BONAPARTE CHARLES  BD,,,Nuit avec éclairage allumé,En agglomération,Hors intersection,Pluie légère,Deux véhicules - arrière,,,,,,,,,,,5,2,1,2,2
200700017789,0007-03-21 09:15:00,7,3,21,9,15,201,4,MARECHAL ORNANO RUE,,,Plein jour,En agglomération,Intersection en T,Normale,Autre collision,,,,,,,,,,,1,2,3,1,6
200700017790,0007-03-22 20:44:00,7,3,22,20,44,201,4,BEVERINI VICO IMPAIR  AV,,,Nuit avec éclairage allumé,En agglomération,Hors intersection,Normale,Sans collision,,,,,,,,,,,5,2,1,1,7
200700017791,0007-03-23 17:05:00,7,3,23,17,5,201,4,MEZZAVIA ROUTE DE,,,Plein jour,En agglomération,Hors intersection,Normale,Trois véhicules et plus - collisions multiples,,,,,,,,,,,1,2,1,1,5
200700017792,0007-03-23 17:45:00,7,3,23,17,45,201,4,ALATA ROUTE,,,Plein jour,Hors agglomération,Hors intersection,Normale,Trois véhicules et plus - en chaîne,,,,,,,,,,,1,1,1,1,4
200700017793,0007-03-24 14:38:00,7,3,24,14,38,201,4,PERALDI NICOLAS AVENUE,,,Plein jour,En agglomération,Hors intersection,Normale,Deux véhicules - côté,,,,,,,,,,,1,2,1,1,3
200700017794,0007-03-24 19:45:00,7,3,24,19,45,201,4,"SANS, VAZZIO CITE EDF",,,Nuit avec éclairage allumé,En agglomération,Hors intersection,Normale,Trois véhicules et plus - collisions multiples,,,,,,,,,,,5,2,1,1,5
200700017795,0007-03-25 05:00:00,7,3,25,5,0,201,4,NAPOLEON COURS APRES BEV,,,Nuit avec éclairage allumé,En agglomération,Intersection en X,Normale,Deux véhicules - côté,,,,,,,,,,,5,2,2,1,3
200700017796,0007-03-27 07:00:00,7,3,27,7,0,201,4,MEZZAVIA ROUTE DE,,,Crépuscule ou aube,En agglomération,Hors intersection,Normale,Deux véhicules - arrière,,,,,,,,,,,2,2,1,1,2
200700017797,0007-03-27 11:35:00,7,3,27,11,35,201,4,NAPOLEON COURS APRES BEV,,,Plein jour,En agglomération,Intersection en T,Normale,Autre collision,,,,,,,,,,,1,2,3,1,6
200700017798,0007-03-28 14:28:00,7,3,28,14,28,201,4,NICOLI JEAN COURS,,,Plein jour,En agglomération,Hors intersection,Normale,Trois véhicules et plus - en chaîne,,,,,,,,,,,1,2,1,1,4
200700017799,0007-03-31 21:15:00,7,3,31,21,15,201,4,CONVENTIONNEL SALICETTI,,,Nuit avec éclairage allumé,En agglomération,Hors intersection,Normale,Deux véhicules - frontale,,,,,,,,,,,5,2,1,1,1
200700017800,0007-03-05 07:00:00,7,3,5,7,0,690,381,"02, RUE BURDEAU",,,Crépuscule ou aube,En agglomération,Intersection en X,Normale,Autre collision,,,,,,,,,,,2,2,2,1,6
200700017801,0007-03-08 14:50:00,7,3,8,14,50,690,381,"49, COURS GENERAL GIRAUD",,,Plein jour,En agglomération,Hors intersection,Normale,Autre collision,,,,,,,,,,,1,2,1,1,6
200700017802,0007-03-09 16:35:00,7,3,9,16,35,690,381,"03, RUE DE LA REPUBLIQUE",,,Plein jour,En agglomération,Hors intersection,Normale,Autre collision,,,,,,,,,,,1,2,1,1,6
200700017803,0007-03-24 20:10:00,7,3,24,20,10,690,381,"18, ST POLYCARPE",,,Nuit avec éclairage allumé,En agglomération,Intersection en X,Normale,Autre collision,,,,,,,,,,,5,2,2,1,6
200700017804,0007-03-27 19:45:00,7,3,27,19,45,690,381,"28, BOULEVARD DE LA CROI",,,Nuit avec éclairage allumé,En agglomération,Intersection en X,Normale,Deux véhicules - côté,,,,,,,,,,,5,2,2,1,3
200700017805,0007-03-28 11:40:00,7,3,28,11,40,690,381,"158, BOULEVARD DE LA CRO",,,Plein jour,En agglomération,Hors intersection,Normale,Autre collision,,,,,,,,,,,1,2,1,1,6
200700017806,0007-03-28 09:45:00,7,3,28,9,45,690,381,"82, BOULEVARD DE LA CROI",,,Plein jour,En agglomération,Hors intersection,Normale,Autre collision,,,,,,,,,,,1,2,1,1,6
200700017807,0007-03-01 00:30:00,7,3,1,0,30,770,121,A104,,,Nuit sans éclairage public,Hors agglomération,Hors intersection,Pluie légère,Autre collision,,,,,,,,,,,3,1,1,2,6
200700017808,0007-03-02 14:50:00,7,3,2,14,50,940,52,A86.EXT,,,Plein jour,Hors agglomération,Hors intersection,Normale,Sans collision,,,,,,,,,,,1,1,1,1,7
200700017809,0007-03-02 17:35:00,7,3,2,17,35,770,450,RN104,,,Plein jour,Hors agglomération,Hors intersection,Pluie légère,Trois véhicules et plus - en chaîne,,,,,,,,,,,1,1,1,2,4
200700017810,0007-03-05 21:50:00,7,3,5,21,50,770,121,A104,,,Nuit sans éclairage public,Hors agglomération,Hors intersection,Pluie légère,Autre collision,,,,,,,,,,,3,1,1,2,6
200700017811,0007-03-03 05:05:00,7,3,3,5,5,770,122,RN104,,,Nuit sans éclairage public,Hors agglomération,Hors intersection,Normale,Deux véhicules - arrière,,,,,,,,,,,3,1,1,1,2
200700017812,0007-03-03 06:00:00,7,3,3,6,0,940,28,A86,,,Crépuscule ou aube,Hors agglomération,Hors intersection,Normale,Trois véhicules et plus - collisions multiples,,,,,,,,,,,2,1,1,1,5
200700017813,0007-03-03 08:50:00,7,3,3,8,50,940,18,A4,,,Plein jour,Hors agglomération,Hors intersection,Normale,Trois véhicules et plus - collisions multiples,,,,,,,,,,,1,1,1,1,5
200700017814,0007-03-04 08:30:00,7,3,4,8,30,770,373,RN104,,,Plein jour,Hors agglomération,Hors intersection,Normale,Sans collision,,,,,,,,,,,1,1,1,1,7
200700017815,0007-03-04 15:00:00,7,3,4,15,0,770,337,RN104,,,Plein jour,Hors agglomération,Hors intersection,Normale,Deux véhicules - côté,,,,,,,,,,,1,1,1,1,3
200700017816,0007-03-05 07:30:00,7,3,5,7,30,930,51,A4,,,Plein jour,Hors agglomération,Hors intersection,Normale,Deux véhicules - côté,,,,,,,,,,,1,1,1,1,3
200700017817,0007-03-05 08:15:00,7,3,5,8,15,940,28,A86 SUD,,,Plein jour,Hors agglomération,Hors intersection,Normale,Autre collision,,,,,,,,,,,1,1,1,1,6
200700017818,0007-03-05 08:45:00,7,3,5,8,45,940,74,RN406.W,,,Plein jour,Hors agglomération,Hors intersection,Normale,Deux véhicules - arrière,,,,,,,,,,,1,1,1,1,2
200700017819,0007-03-05 08:40:00,7,3,5,8,40,770,450,RN104,,,Plein jour,Hors agglomération,Hors intersection,Normale,Deux véhicules - arrière,,,,,,,,,,,1,1,1,1,2
200700017820,0007-03-05 10:30:00,7,3,5,10,30,770,294,A104,,,Plein jour,Hors agglomération,Hors intersection,Normale,Deux véhicules - côté,,,,,,,,,,,1,1,1,1,3
200700017821,0007-03-05 17:45:00,7,3,5,17,45,940,22,A86,,,Plein jour,Hors agglomération,Hors intersection,Normale,Deux véhicules - côté,,,,,,,,,,,1,1,1,1,3
200700017822,0007-03-06 11:45:00,7,3,6,11,45,930,51,A4,,,Plein jour,Hors agglomération,Hors intersection,Pluie légère,Sans collision,,,,,,,,,,,1,1,1,2,7
200700017823,0007-03-06 20:30:00,7,3,6,20,30,940,18,A4,,,Nuit avec éclairage allumé,Hors agglomération,Hors intersection,Pluie forte,Autre collision,,,,,,,,,,,5,1,1,3,6
200700017824,0007-03-08 09:10:00,7,3,8,9,10,940,18,A4,,,Plein jour,Hors agglomération,Hors intersection,Normale,Deux véhicules - côté,,,,,,,,,,,1,1,1,1,3
200700017825,0007-03-08 10:50:00,7,3,8,10,50,770,514,A104,,,Plein jour,Hors agglomération,Hors intersection,Normale,Deux véhicules - côté,,,,,,,,,,,1,1,1,1,3
200700017826,0007-03-10 02:20:00,7,3,10,2,20,940,73,A86,,,Nuit sans éclairage public,Hors agglomération,Hors intersection,Normale,Sans collision,,,,,,,,,,,3,1,1,1,7
200700017827,0007-03-10 07:58:00,7,3,10,7,58,940,69,A4,,,Plein jour,Hors agglomération,Hors intersection,Normale,Autre collision,,,,,,,,,,,1,1,1,1,6
200700017828,0007-03-10 09:00:00,7,3,10,9,0,770,121,A104,,,Plein jour,Hors agglomération,Hors intersection,Normale,Sans collision,,,,,,,,,,,1,1,1,1,7
200700017829,0007-03-11 06:30:00,7,3,11,6,30,940,58,A86.EXT,,,Nuit avec éclairage non allumé,Hors agglomération,Hors intersection,Normale,Autre collision,,,,,,,,,,,4,1,1,1,6
200700017830,0007-03-11 16:15:00,7,3,11,16,15,770,468,A104,,,Plein jour,Hors agglomération,Hors intersection,Normale,Deux véhicules - côté,,,,,,,,,,,1,1,1,1,3
200700017831,0007-03-11 16:00:00,7,3,11,16,0,940,17,A4,,,Plein jour,Hors agglomération,Hors intersection,Normale,Trois véhicules et plus - collisions multiples,,,,,,,,,,,1,1,1,1,5
200700017832,0007-03-11 17:15:00,7,3,11,17,15,940,17,A4,,,Plein jour,Hors agglomération,Hors intersection,Normale,Trois véhicules et plus - en chaîne,,,,,,,,,,,1,1,1,1,4
200700017833,0007-03-11 17:30:00,7,3,11,17,30,770,146,A4.Y,,,Plein jour,Hors agglomération,Hors intersection,Normale,Trois véhicules et plus - en chaîne,,,,,,,,,,,1,1,1,1,4
200700017834,0007-03-12 09:10:00,7,3,12,9,10,940,46,A86,,,Plein jour,Hors agglomération,Hors intersection,Normale,Trois véhicules et plus - en chaîne,,,,,,,,,,,1,1,1,1,4
200700017835,0007-03-13 14:15:00,7,3,13,14,15,940,18,", A4",,,Plein jour,Hors agglomération,Hors intersection,Normale,Sans collision,,,,,,,,,,,1,1,1,1,7
200700017836,0007-03-14 00:34:00,7,3,14,0,34,940,73,A86,,,Nuit avec éclairage allumé,Hors agglomération,Hors intersection,Normale,Sans collision,,,,,,,,,,,5,1,1,1,7
200700017837,0007-03-15 23:40:00,7,3,15,23,40,940,15,A4,,,Nuit avec éclairage allumé,Hors agglomération,Hors intersection,Normale,Deux véhicules - côté,,,,,,,,,,,5,1,1,1,3
200700017838,0007-03-14 12:20:00,7,3,14,12,20,940,33,A86.INT,,,Plein jour,Hors agglomération,Intersection en Y,Normale,Deux véhicules - arrière,,,,,,,,,,,1,1,4,1,2
200700017839,0007-03-15 16:45:00,7,3,15,16,45,940,58,A86.EXT,,,Plein jour,Hors agglomération,Hors intersection,Normale,Trois véhicules et plus - collisions multiples,,,,,,,,,,,1,1,1,1,5
200700017840,0007-03-15 18:35:00,7,3,15,18,35,930,51,A4,,,Plein jour,Hors agglomération,Hors intersection,Normale,Deux véhicules - côté,,,,,,,,,,,1,1,1,1,3
200700017841,0007-03-15 19:05:00,7,3,15,19,5,940,73,A86,,,Crépuscule ou aube,Hors agglomération,Hors intersection,Normale,Trois véhicules et plus - collisions multiples,,,,,,,,,,,2,1,1,1,5
200700017842,0007-03-15 20:20:00,7,3,15,20,20,770,121,A4,,,Nuit sans éclairage public,Hors agglomération,Hors intersection,Normale,Sans collision,,,,,,,,,,,3,1,1,1,7
200700017843,0007-03-16 10:15:00,7,3,16,10,15,770,348,A104,,,Plein jour,Hors agglomération,Hors intersection,Normale,Deux véhicules - arrière,,,,,,,,,,,1,1,1,1,2
200700017844,0007-03-16 21:50:00,7,3,16,21,50,940,17,A86.EXT,,,Nuit avec éclairage allumé,Hors agglomération,Hors intersection,Normale,Autre collision,,,,,,,,,,,5,1,1,1,6
200700017845,0007-03-18 12:45:00,7,3,18,12,45,770,449,A4,,,Plein jour,Hors agglomération,Hors intersection,Temps couvert,Deux véhicules - côté,,,,,,,,,,,1,1,1,8,3
200700017846,0007-03-19 04:15:00,7,3,19,4,15,940,69,A4,,,Nuit avec éclairage allumé,Hors agglomération,Hors intersection,Normale,Autre collision,,,,,,,,,,,5,1,1,1,6
200700017847,0007-03-19 09:20:00,7,3,19,9,20,940,65,A86,,,Plein jour,Hors agglomération,Hors intersection,Normale,Deux véhicules - côté,,,,,,,,,,,1,1,1,1,3
200700017848,0007-03-19 23:20:00,7,3,19,23,20,770,58,A4,,,Nuit sans éclairage public,Hors agglomération,Hors intersection,Normale,Sans collision,,,,,,,,,,,3,1,1,1,7
200700017849,0007-03-20 09:00:00,7,3,20,9,0,940,18,A4,,,Plein jour,Hors agglomération,Hors intersection,Normale,Autre collision,,,,,,,,,,,1,1,1,1,6
200700017850,0007-03-08 09:20:00,7,3,8,9,20,940,65,A86,,,Plein jour,Hors agglomération,Hors intersection,Normale,Trois véhicules et plus - collisions multiples,,,,,,,,,,,1,1,1,1,5
200700017851,0007-03-22 05:00:00,7,3,22,5,0,940,11,RN406.W,,,Nuit sans éclairage public,Hors agglomération,Hors intersection,Normale,Deux véhicules - côté,,,,,,,,,,,3,1,1,1,3
200700017852,0007-03-22 07:15:00,7,3,22,7,15,940,17,A4,,,Crépuscule ou aube,Hors agglomération,Hors intersection,Temps couvert,Trois véhicules et plus - collisions multiples,,,,,,,,,,,2,1,1,8,5
200700017853,0007-03-22 19:30:00,7,3,22,19,30,940,33,A86.INT,,,Plein jour,Hors agglomération,Hors intersection,Normale,Trois véhicules et plus - collisions multiples,,,,,,,,,,,1,1,1,1,5
200700017854,0007-03-23 18:40:00,7,3,23,18,40,770,449,A4,,,Nuit sans éclairage public,Hors agglomération,Hors intersection,Pluie légère,Trois véhicules et plus - collisions multiples,,,,,,,,,,,3,1,1,2,5
200700017855,0007-03-24 08:30:00,7,3,24,8,30,770,373,RN104,,,Plein jour,Hors agglomération,Hors intersection,Normale,Sans collision,,,,,,,,,,,1,1,1,1,7
200700017856,0007-03-26 18:00:00,7,3,26,18,0,940,42,A4,,,Plein jour,Hors agglomération,Hors intersection,Normale,Trois véhicules et plus - collisions multiples,,,,,,,,,,,1,1,1,1,5
200700017857,0007-03-28 08:15:00,7,3,28,8,15,940,15,A4,,,Plein jour,Hors agglomération,Hors intersection,Normale,Sans collision,,,,,,,,,,,1,1,1,1,7
200700017858,0007-03-27 10:00:00,7,3,27,10,0,940,18,A4,,,Plein jour,Hors agglomération,Hors intersection,Normale,Sans collision,,,,,,,,,,,1,1,1,1,7
200700017859,0007-03-23 08:05:00,7,3,23,8,5,770,294,A104,,,Plein jour,Hors agglomération,Hors intersection,Normale,Deux véhicules - arrière,,,,,,,,,,,1,1,1,1,2
200700017860,0007-03-29 08:50:00,7,3,29,8,50,940,69,A4,,,Plein jour,Hors agglomération,Hors intersection,Normale,Autre collision,,,,,,,,,,,1,1,1,1,6
200700017861,0007-03-29 21:30:00,7,3,29,21,30,940,46,A86,,,Nuit avec éclairage allumé,Hors agglomération,Hors intersection,Normale,Trois véhicules et plus - collisions multiples,,,,,,,,,,,5,1,1,1,5
200700017862,0007-03-30 09:50:00,7,3,30,9,50,940,46,A86,,,Plein jour,Hors agglomération,Hors intersection,Pluie forte,Trois véhicules et plus - en chaîne,,,,,,,,,,,1,1,1,3,4
200700017863,0007-03-30 17:30:00,7,3,30,17,30,770,237,A4,,,Plein jour,Hors agglomération,Hors intersection,Normale,Deux véhicules - arrière,,,,,,,,,,,1,1,1,1,2
200700017864,0007-03-31 15:25:00,7,3,31,15,25,770,514,A104,,,Plein jour,Hors agglomération,Hors intersection,Pluie légère,Deux véhicules - arrière,,,,,,,,,,,1,1,1,2,2
200700017865,0007-03-31 18:30:00,7,3,31,18,30,940,28,A86,,,Plein jour,Hors agglomération,Hors intersection,Normale,Deux véhicules - arrière,,,,,,,,,,,1,1,1,1,2
200700017866,0007-03-01 04:50:00,7,3,1,4,50,950,527,AUTOROUTE A1,,,Nuit avec éclairage allumé,Hors agglomération,Hors intersection,Pluie forte,Sans collision,,,,,,,,,,,5,1,1,3,7
200700017867,0007-03-01 06:05:00,7,3,1,6,5,950,582,AUTOROUTE A15,,,Nuit avec éclairage allumé,Hors agglomération,Hors intersection,Pluie forte,Deux véhicules - arrière,,,,,,,,,,,5,1,1,3,2
200700017868,0007-03-01 09:10:00,7,3,1,9,10,950,277,AUTOROUTE A1,,,Plein jour,Hors agglomération,Hors intersection,Pluie légère,Deux véhicules - côté,,,,,,,,,,,1,1,1,2,3
200700017869,0007-03-01 14:30:00,7,3,1,14,30,930,66,AUTOROUTE A86,,,Plein jour,Hors agglomération,Hors intersection,Normale,Deux véhicules - côté,,,,,,,,,,,1,1,1,1,3
200700017870,0007-03-02 07:10:00,7,3,2,7,10,930,27,AUTOROUTE A86,,,Crépuscule ou aube,Hors agglomération,Hors intersection,Normale,Trois véhicules et plus - en chaîne,,,,,,,,,,,2,1,1,1,4
200700017871,0007-03-02 15:20:00,7,3,2,15,20,930,78,AUTOROUTE A104,,,Plein jour,Hors agglomération,Hors intersection,Normale,Deux véhicules - arrière,,,,,,,,,,,1,1,1,1,2
200700017872,0007-03-03 05:25:00,7,3,3,5,25,950,527,AUTOROUTE A3,,,Nuit avec éclairage allumé,Hors agglomération,Hors intersection,Pluie légère,Autre collision,,,,,,,,,,,5,1,1,2,6
200700017873,0007-03-03 21:50:00,7,3,3,21,50,950,582,RD 170,,,Nuit avec éclairage allumé,Hors agglomération,Hors intersection,Normale,Deux véhicules - arrière,,,,,,,,,,,5,1,1,1,2