accident_id,datetime,annee,mois,jour,heure,minute,departement,commune_insee,adresse,latitude,longitude,luminosite,agglomeration,intersection,meteo,collision,nb_vehicules,nb_usagers,nb_indemnes,nb_tues,nb_blesses_hosp,nb_blesses_legers,age_cond_1,age_cond_2,veh_type_cond_1,veh_type_cond_2,lum_code,agg_code,int_code,atm_code,col_code
200700018147,0007-03-16 18:20:00,7,3,16,18,20,690,383,"17, RUE DOCTEUR BOUCHUT",,,Crépuscule ou aube,En agglomération,Hors intersection,Normale,Deux véhicules - côté,,,,,,,,,,,2,2,1,1,3
200700018148,0007-03-30 17:20:00,7,3,30,17,20,690,386,COURS LAFAYETTE,,,Plein jour,En agglomération,Intersection en X,Pluie légère,Autre collision,,,,,,,,,,,1,2,2,2,6
200700018149,0007-03-31 14:00:00,7,3,31,14,0,690,383,"5, RUE RABELAIS",,,Plein jour,En agglomération,Hors intersection,Normale,Deux véhicules - côté,,,,,,,,,,,1,2,1,1,3
200700018150,0007-03-01 16:10:00,7,3,1,16,10,690,384,"8, RUE JEAN JULLIEN",,,Plein jour,En agglomération,Intersection en X,Pluie légère,Deux véhicules - côté,,,,,,,,,,,1,2,2,2,3
200700018151,0007-03-21 09:00:00,7,3,21,9,0,690,384,PLACE DE SERIN,,,Plein jour,En agglomération,Giratoire,Pluie légère,Deux véhicules - arrière,,,,,,,,,,,1,2,6,2,2
200700018152,0007-03-29 17:25:00,7,3,29,17,25,690,384,"22, BOULEVARD DES CANUTS",,,Plein jour,En agglomération,Hors intersection,Normale,Deux véhicules - côté,,,,,,,,,,,1,2,1,1,3
200700018153,0007-03-03 12:12:00,7,3,3,12,12,330,318,AUTOROUTE A 63,,,Plein jour,Hors agglomération,Hors intersection,Temps couvert,Autre collision,,,,,,,,,,,1,1,1,8,6
200700018154,0007-03-05 07:15:00,7,3,5,7,15,330,65,ROUTE NATIONALE 230,,,Plein jour,Hors agglomération,Hors intersection,Normale,Deux véhicules - côté,,,,,,,,,,,1,1,1,1,3
200700018155,0007-03-05 08:55:00,7,3,5,8,55,330,80,AUTOROUTE A 62,,,Plein jour,Hors agglomération,Hors intersection,Normale,Deux véhicules - arrière,,,,,,,,,,,1,1,1,1,2
200700018156,0007-03-05 13:25:00,7,3,5,13,25,330,318,ROCADE A 630,,,Plein jour,Hors agglomération,Hors intersection,Normale,Deux véhicules - arrière,,,,,,,,,,,1,1,1,1,2
200700018157,0007-03-05 13:45:00,7,3,5,13,45,330,281,ROCADE A 630,,,Plein jour,Hors agglomération,Hors intersection,Normale,Trois véhicules et plus - en chaîne,,,,,,,,,,,1,1,1,1,4
200700018158,0007-03-07 10:35:00,7,3,7,10,35,330,550,ROCADE A 630,,,Plein jour,Hors agglomération,Hors intersection,Pluie légère,Autre collision,,,,,,,,,,,1,1,1,2,6
200700018159,0007-03-07 11:00:00,7,3,7,11,0,330,366,AUTOROUTE A 10,,,Plein jour,Hors agglomération,Hors intersection,Pluie légère,Autre collision,,,,,,,,,,,1,1,1,2,6
200700018160,0007-03-07 12:10:00,7,3,7,12,10,330,3,AUTOROUTE A 10,,,Plein jour,Hors agglomération,Hors intersection,Pluie légère,Deux véhicules - arrière,,,,,,,,,,,1,1,1,2,2
200700018161,0007-03-08 08:35:00,7,3,8,8,35,330,39,ROCADE A 630,,,Plein jour,Hors agglomération,Hors intersection,Normale,Deux véhicules - côté,,,,,,,,,,,1,1,1,1,3
200700018162,0007-03-08 16:20:00,7,3,8,16,20,330,192,ROCADE A 630,,,Plein jour,Hors agglomération,Hors intersection,Normale,Autre collision,,,,,,,,,,,1,1,1,1,6
200700018163,0007-03-08 18:10:00,7,3,8,18,10,330,366,AUTOROUTE A 10,,,Plein jour,Hors agglomération,Hors intersection,Normale,Sans collision,,,,,,,,,,,1,1,1,1,7
200700018164,0007-03-09 01:10:00,7,3,9,1,10,330,3,AUTOROUTE A 10,,,Nuit avec éclairage allumé,Hors agglomération,Hors intersection,Normale,Deux véhicules - côté,,,,,,,,,,,5,1,1,1,3
200700018165,0007-03-10 19:40:00,7,3,10,19,40,330,550,ROCADE A 630,,,Nuit avec éclairage allumé,Hors agglomération,Hors intersection,Normale,Deux véhicules - côté,,,,,,,,,,,5,1,1,1,3
200700018166,0007-03-11 09:45:00,7,3,11,9,45,330,122,AUTOROUTE A 63,,,Plein jour,Hors agglomération,Hors intersection,Normale,Deux véhicules - arrière,,,,,,,,,,,1,1,1,1,2
200700018167,0007-03-13 16:55:00,7,3,13,16,55,330,318,ROCADE A 630,,,Plein jour,Hors agglomération,Hors intersection,Normale,Deux véhicules - arrière,,,,,,,,,,,1,1,1,1,2
200700018168,0007-03-15 07:45:00,7,3,15,7,45,330,249,ROUTE NATIONALE 230,,,Plein jour,Hors agglomération,Hors intersection,Normale,Trois véhicules et plus - en chaîne,,,,,,,,,,,1,1,1,1,4
200700018169,0007-03-15 08:05:00,7,3,15,8,5,330,448,AUTOROUTE A 62,,,Plein jour,Hors agglomération,Hors intersection,Brouillard / fumée,Sans collision,,,,,,,,,,,1,1,1,5,7
200700018170,0007-03-16 06:40:00,7,3,16,6,40,330,143,AUTOROUTE A 10,,,Plein jour,Hors agglomération,Hors intersection,Normale,Sans collision,,,,,,,,,,,1,1,1,1,7
200700018171,0007-03-16 12:50:00,7,3,16,12,50,330,487,AUTOROUTE A 10,,,Plein jour,Hors agglomération,Hors intersection,Normale,Trois véhicules et plus - en chaîne,,,,,,,,,,,1,1,1,1,4
200700018172,0007-03-16 18:25:00,7,3,16,18,25,330,65,ROUTE NATIONALE 230,,,Plein jour,Hors agglomération,Hors intersection,Normale,Trois véhicules et plus - collisions multiples,,,,,,,,,,,1,1,1,1,5
200700018173,0007-03-19 12:35:00,7,3,19,12,35,330,122,AUTOROUTE A 63,,,Plein jour,Hors agglomération,Hors intersection,Pluie légère,Sans collision,,,,,,,,,,,1,1,1,2,7
200700018174,0007-03-20 18:40:00,7,3,20,18,40,330,550,ROCADE A 630,,,Plein jour,Hors agglomération,Hors intersection,Normale,Deux véhicules - côté,,,,,,,,,,,1,1,1,1,3
200700018175,0007-03-23 11:55:00,7,3,23,11,55,330,318,ROCADE A 630,,,Plein jour,Hors agglomération,Hors intersection,Pluie légère,Autre collision,,,,,,,,,,,1,1,1,2,6
200700018176,0007-03-25 11:35:00,7,3,25,11,35,330,69,ROUTE NATIONALE 230,,,Plein jour,Hors agglomération,Hors intersection,Pluie légère,Autre collision,,,,,,,,,,,1,1,1,2,6
200700018177,0007-03-25 12:30:00,7,3,25,12,30,330,39,ROCADE A 631,,,Plein jour,Hors agglomération,Hors intersection,Pluie forte,Deux véhicules - arrière,,,,,,,,,,,1,1,1,3,2
200700018178,0007-03-25 12:40:00,7,3,25,12,40,330,249,AUTOROUTE A 10,,,Plein jour,Hors agglomération,Hors intersection,Pluie légère,Autre collision,,,,,,,,,,,1,1,1,2,6
200700018179,0007-03-25 16:40:00,7,3,25,16,40,330,318,ROCADE A 630,,,Plein jour,Hors agglomération,Hors intersection,Pluie légère,Autre collision,,,,,,,,,,,1,1,1,2,6
200700018180,0007-03-28 08:30:00,7,3,28,8,30,330,39,ROCADE A 630,,,Plein jour,Hors agglomération,Hors intersection,Pluie légère,Deux véhicules - arrière,,,,,,,,,,,1,1,1,2,2
200700018181,0007-03-29 07:30:00,7,3,29,7,30,330,75,ROCADE A 630,,,Plein jour,Hors agglomération,Hors intersection,Temps couvert,Trois véhicules et plus - en chaîne,,,,,,,,,,,1,1,1,8,4
200700018182,0007-03-31 18:30:00,7,3,31,18,30,330,474,AUTOROUTE A 62,,,Plein jour,Hors agglomération,Hors intersection,Normale,Autre collision,,,,,,,,,,,1,1,1,1,6
200700018183,0007-03-06 12:50:00,7,3,6,12,50,690,385,"3, RUE DOCTEUR EDMOND LO",,,Plein jour,En agglomération,Intersection en T,Normale,Sans collision,,,,,,,,,,,1,2,3,1,7
200700018184,0007-03-08 10:45:00,7,3,8,10,45,690,385,QUAI ROMAIN ROLLAND,,,Plein jour,En agglomération,Hors intersection,Normale,Deux véhicules - côté,,,,,,,,,,,1,2,1,1,3
200700018185,0007-03-16 01:30:00,7,3,16,1,30,690,385,"184, RUE COMMANDANT CHAR",,,Nuit avec éclairage allumé,En agglomération,Hors intersection,Normale,Deux véhicules - frontale,,,,,,,,,,,5,2,1,1,1
200700018186,0007-03-08 11:50:00,7,3,8,11,50,670,482,Autoroute A.35,,,Plein jour,Hors agglomération,Hors intersection,Normale,Trois véhicules et plus - collisions multiples,,,,,,,,,,,1,1,1,1,5
200700018187,0007-03-23 14:40:00,7,3,23,14,40,670,131,R.N. 353,,,Plein jour,Hors agglomération,Intersection en X,Pluie légère,Deux véhicules - frontale,,,,,,,,,,,1,1,2,2,1
200700018188,0007-03-19 09:08:00,7,3,19,9,8,540,265,Autoroute A 33,,,Plein jour,Hors agglomération,Hors intersection,Temps couvert,Deux véhicules - arrière,,,,,,,,,,,1,1,1,8,2
200700018189,0007-03-23 15:15:00,7,3,23,15,15,540,557,Autoroute A 31,,,Plein jour,Hors agglomération,Hors intersection,Neige / grêle,Trois véhicules et plus - collisions multiples,,,,,,,,,,,1,1,1,4,5
200700018190,0007-03-15 15:30:00,7,3,15,15,30,570,39,RN 431,,,Plein jour,Hors agglomération,Hors intersection,Normale,Sans collision,,,,,,,,,,,1,1,1,1,7
200700018191,0007-03-17 16:25:00,7,3,17,16,25,570,303,Autoroute A31,,,Plein jour,Hors agglomération,Hors intersection,Normale,Trois véhicules et plus - collisions multiples,,,,,,,,,,,1,1,1,1,5
200700018192,0007-03-19 11:30:00,7,3,19,11,30,570,683,Autoroute A30,,,Plein jour,Hors agglomération,Hors intersection,Neige / grêle,Deux véhicules - arrière,,,,,,,,,,,1,1,1,4,2
200700018193,0007-03-21 07:40:00,7,3,21,7,40,570,683,Autoroute A30,,,Plein jour,Hors agglomération,Hors intersection,Temps couvert,Deux véhicules - arrière,,,,,,,,,,,1,1,1,8,2
200700018194,0007-03-21 07:41:00,7,3,21,7,41,570,683,Autoroute A30,,,Plein jour,Hors agglomération,Hors intersection,Temps couvert,Deux véhicules - arrière,,,,,,,,,,,1,1,1,8,2
200700018195,0007-03-31 20:45:00,7,3,31,20,45,570,463,Autoroute A31,,,Nuit avec éclairage allumé,Hors agglomération,Hors intersection,Normale,Autre collision,,,,,,,,,,,5,1,1,1,6
200700018196,0007-03-30 05:50:00,7,3,30,5,50,570,764,Autoroute A31,,,Nuit sans éclairage public,Hors agglomération,Hors intersection,Pluie légère,Autre collision,,,,,,,,,,,3,1,1,2,6
200700018197,0007-03-02 17:10:00,7,3,2,17,10,690,387,"53, AVENUE JEAN JAURES",,,Plein jour,En agglomération,Hors intersection,Normale,Trois véhicules et plus - en chaîne,,,,,,,,,,,1,2,1,1,4
200700018198,0007-03-06 23:05:00,7,3,6,23,5,690,387,RUE MARCEL MERIEUX,,,Nuit avec éclairage allumé,En agglomération,Intersection en X,Pluie légère,Autre collision,,,,,,,,,,,5,2,2,2,6
200700018199,0007-03-09 17:55:00,7,3,9,17,55,690,387,"220, GRANDE RUE DE LA GU",,,Plein jour,En agglomération,Intersection en T,Normale,Autre collision,,,,,,,,,,,1,2,3,1,6
200700018200,0007-03-10 19:45:00,7,3,10,19,45,690,387,"5, RUE DE MARSEILLE",,,Nuit avec éclairage allumé,En agglomération,Hors intersection,Normale,Autre collision,,,,,,,,,,,5,2,1,1,6
200700018201,0007-03-13 18:30:00,7,3,13,18,30,690,387,RUE ELIE ROCHETTE,,,Crépuscule ou aube,En agglomération,Intersection en X,Normale,Autre collision,,,,,,,,,,,2,2,2,1,6
200700018202,0007-03-07 12:05:00,7,3,7,12,5,690,387,RUE GEORGES GOUY,,,Plein jour,En agglomération,Intersection en X,Normale,Deux véhicules - côté,,,,,,,,,,,1,2,2,1,3
200700018203,0007-03-31 13:35:00,7,3,31,13,35,690,387,QUAI CLAUDE BERNARD,,,Plein jour,En agglomération,Hors intersection,Normale,Deux véhicules - côté,,,,,,,,,,,1,2,1,1,3
200700018204,0007-03-01 13:15:00,7,3,1,13,15,690,388,RUE MARIUS BERLIET,,,Plein jour,En agglomération,Hors intersection,Normale,Deux véhicules - arrière,,,,,,,,,,,1,2,1,1,2
200700018205,0007-03-01 16:50:00,7,3,1,16,50,690,388,"89, AVENUE PAUL SANTY",,,Plein jour,En agglomération,Hors intersection,Pluie légère,Autre collision,,,,,,,,,,,1,2,1,2,6
200700018206,0007-03-01 19:10:00,7,3,1,19,10,690,388,RUE LAENNEC,,,Nuit avec éclairage non allumé,En agglomération,Intersection en X,Pluie légère,Deux véhicules - côté,,,,,,,,,,,4,2,2,2,3
200700018207,0007-03-08 13:50:00,7,3,8,13,50,690,388,"00, BOULEVARD DES ETATS",,,Plein jour,En agglomération,Intersection en X,Normale,Trois véhicules et plus - collisions multiples,,,,,,,,,,,1,2,2,1,5
200700018208,0007-03-09 19:10:00,7,3,9,19,10,690,388,"00, RUE LOUIS CHAPUY",,,Nuit avec éclairage allumé,En agglomération,Intersection en T,Normale,Deux véhicules - côté,,,,,,,,,,,5,2,3,1,3
200700018209,0007-03-13 15:30:00,7,3,13,15,30,690,388,"115, BOULEVARD DES ETATS",,,Plein jour,En agglomération,Hors intersection,Normale,Autre collision,,,,,,,,,,,1,2,1,1,6
200700018210,0007-03-15 08:30:00,7,3,15,8,30,690,388,"00, RUE VOLNEY",,,Plein jour,En agglomération,Hors intersection,Normale,Deux véhicules - arrière,,,,,,,,,,,1,2,1,1,2
200700018211,0007-03-15 08:10:00,7,3,15,8,10,690,388,"111, BOULEVARD DES ETATS",,,Plein jour,En agglomération,Hors intersection,Normale,Autre collision,,,,,,,,,,,1,2,1,1,6
200700018212,0007-03-16 11:10:00,7,3,16,11,10,690,388,"00, RUE HENRI BARBUSSE",,,Plein jour,En agglomération,Intersection en X,Normale,Deux véhicules - côté,,,,,,,,,,,1,2,2,1,3
200700018213,0007-03-24 16:50:00,7,3,24,16,50,690,388,"152, ROUTE DE VIENNE",,,Plein jour,En agglomération,Intersection en T,Pluie légère,Autre collision,,,,,,,,,,,1,2,3,2,6
200700018214,0007-03-26 19:25:00,7,3,26,19,25,690,388,"79, AVENUE PAUL SANTY",,,Plein jour,En agglomération,Hors intersection,Normale,Autre collision,,,,,,,,,,,1,2,1,1,6
200700018215,0007-03-06 00:20:00,7,3,6,0,20,420,330,A72,,,Nuit avec éclairage non allumé,Hors agglomération,Hors intersection,Normale,Deux véhicules - arrière,,,,,,,,,,,4,1,1,1,2
200700018216,0007-03-16 12:10:00,7,3,16,12,10,420,218,A72,,,Plein jour,Hors agglomération,Hors intersection,Normale,Trois véhicules et plus - en chaîne,,,,,,,,,,,1,1,1,1,4
200700018217,0007-03-20 15:30:00,7,3,20,15,30,420,207,RN88 DECROISSANT,,,Plein jour,Hors agglomération,Autre intersection,Normale,Autre collision,,,,,,,,,,,1,1,9,1,6
200700018218,0007-03-30 00:10:00,7,3,30,0,10,420,97,A72,,,Nuit sans éclairage public,Hors agglomération,Hors intersection,Pluie légère,Trois véhicules et plus - collisions multiples,,,,,,,,,,,3,1,1,2,5
200700018219,0007-03-02 06:30:00,7,3,2,6,30,690,256,A42     0.560 A 4.020,,,Nuit avec éclairage allumé,Hors agglomération,Hors intersection,Temps couvert,Deux véhicules - arrière,,,,,,,,,,,5,1,1,8,2
200700018220,0007-03-02 20:45:00,7,3,2,20,45,690,276,A7   8.630 A 10.992,,,Nuit sans éclairage public,Hors agglomération,Hors intersection,Normale,Trois véhicules et plus - en chaîne,,,,,,,,,,,3,1,1,1,4
200700018221,0007-03-05 21:15:00,7,3,5,21,15,690,275,RN346   29.300 A 34.350,,,Nuit avec éclairage allumé,Hors agglomération,Hors intersection,Normale,Deux véhicules - côté,,,,,,,,,,,5,1,1,1,3
200700018222,0007-03-06 08:00:00,7,3,6,8,0,690,81,BPNL   34.000 A 34.614,,,Plein jour,Hors agglomération,Hors intersection,Normale,Deux véhicules - arrière,,,,,,,,,,,1,1,1,1,2
200700018223,0007-03-07 16:30:00,7,3,7,16,30,690,81,A6   449.510 A 451.640,,,Plein jour,Hors agglomération,Hors intersection,Pluie légère,Sans collision,,,,,,,,,,,1,1,1,2,7
200700018224,0007-03-09 18:50:00,7,3,9,18,50,690,271,RN346   34.850 A 36.215,,,Nuit avec éclairage allumé,Hors agglomération,Hors intersection,Pluie forte,Trois véhicules et plus - collisions multiples,,,,,,,,,,,5,1,1,3,5
200700018225,0007-03-10 15:40:00,7,3,10,15,40,690,34,RD383   0.000 A 1.165,,,Plein jour,Hors agglomération,Hors intersection,Normale,Deux véhicules - arrière,,,,,,,,,,,1,1,1,1,2
200700018226,0007-03-11 17:00:00,7,3,11,17,0,690,244,A6   451.640 A 451.790,,,Plein jour,Hors agglomération,Hors intersection,Normale,Deux véhicules - côté,,,,,,,,,,,1,1,1,1,3
200700018227,0007-03-12 04:45:00,7,3,12,4,45,690,295,A46S   53.980 A 57.400,,,Nuit sans éclairage public,Hors agglomération,Hors intersection,Normale,Autre collision,,,,,,,,,,,3,1,1,1,6
200700018228,0007-03-12 08:45:00,7,3,12,8,45,690,29,RD383   7.640 A 11.044,,,Plein jour,Hors agglomération,Hors intersection,Normale,Trois véhicules et plus - en chaîne,,,,,,,,,,,1,1,1,1,4
200700018229,0007-03-16 01:00:00,7,3,16,1,0,690,389,BPNL   34.614 A 36.285,,,Nuit avec éclairage allumé,Hors agglomération,Hors intersection,Normale,Sans collision,,,,,,,,,,,5,1,1,1,7
200700018230,0007-03-16 07:45:00,7,3,16,7,45,690,385,A6   453.400 A 455.000,,,Plein jour,Hors agglomération,Hors intersection,Normale,Trois véhicules et plus - collisions multiples,,,,,,,,,,,1,1,1,1,5
200700018231,0007-03-16 18:30:00,7,3,16,18,30,690,152,A7   4.270 A 7.000,,,Plein jour,Hors agglomération,Hors intersection,Normale,Trois véhicules et plus - collisions multiples,,,,,,,,,,,1,1,1,1,5
200700018232,0007-03-16 19:15:00,7,3,16,19,15,690,29,RD383   7.640 A 11.044,,,Nuit avec éclairage non allumé,Hors agglomération,Hors intersection,Normale,Deux véhicules - arrière,,,,,,,,,,,4,1,1,1,2
200700018233,0007-03-18 06:00:00,7,3,18,6,0,690,290,A43   3.865 A 9.894,,,Nuit sans éclairage public,Hors agglomération,Hors intersection,Normale,Deux véhicules - côté,,,,,,,,,,,3,1,1,1,3
200700018234,0007-03-19 13:45:00,7,3,19,13,45,690,29,RD383   7.640 A 11.044,,,Plein jour,Hors agglomération,Hors intersection,Pluie légère,Deux véhicules - arrière,,,,,,,,,,,1,1,1,2,2
200700018235,0007-03-19 15:55:00,7,3,19,15,55,690,382,A7   0.000 A 2.278,,,Plein jour,Hors agglomération,Hors intersection,Normale,Deux véhicules - arrière,,,,,,,,,,,1,1,1,1,2
200700018236,0007-03-19 19:00:00,7,3,19,19,0,690,81,A6   449.510 A 451.640,,,Nuit avec éclairage allumé,Hors agglomération,Hors intersection,Normale,Autre collision,,,,,,,,,,,5,1,1,1,6
200700018237,0007-03-23 23:30:00,7,3,23,23,30,690,100,A450   1.090 A 1.740,,,Nuit avec éclairage allumé,Hors agglomération,Hors intersection,Pluie légère,Autre collision,,,,,,,,,,,5,1,1,2,6
200700018238,0007-03-27 21:10:00,7,3,27,21,10,690,382,A7   0.000 A 2.278,,,Nuit avec éclairage allumé,Hors agglomération,Hors intersection,Normale,Deux véhicules - arrière,,,,,,,,,,,5,1,1,1,2
200700018239,0007-03-29 03:45:00,7,3,29,3,45,690,290,A46S   40.883 A 43.680,,,Nuit sans éclairage public,Hors agglomération,Hors intersection,Normale,Autre collision,,,,,,,,,,,3,1,1,1,6
200700018240,0007-03-30 15:55:00,7,3,30,15,55,690,152,A7   4.270 A 7.000,,,Plein jour,Hors agglomération,Hors intersection,Pluie légère,Deux véhicules - côté,,,,,,,,,,,1,1,1,2,3
200700018241,0007-03-31 19:50:00,7,3,31,19,50,690,297,A7   15.770 A 20.110,,,Plein jour,Hors agglomération,Hors intersection,Normale,Autre collision,,,,,,,,,,,1,1,1,1,6
200700018242,0007-03-03 17:30:00,7,3,3,17,30,690,389,"2, RUE SERGENT MICHEL BE",,,Plein jour,En agglomération,Hors intersection,Normale,Autre collision,,,,,,,,,,,1,2,1,1,6
200700018243,0007-03-02 12:35:00,7,3,2,12,35,690,389,"50, AVENUE SIDOINE APOLL",,,Plein jour,En agglomération,Hors intersection,Normale,Deux véhicules - côté,,,,,,,,,,,1,2,1,1,3
200700018244,0007-03-07 19:15:00,7,3,7,19,15,690,389,"529, RUE DE BEER SHEVA",,,Nuit avec éclairage allumé,En agglomération,Intersection en T,Pluie légère,Autre collision,,,,,,,,,,,5,2,3,2,6
200700018245,0007-03-07 21:04:00,7,3,7,21,4,690,389,PLACE VALMY,,,Nuit avec éclairage allumé,En agglomération,Hors intersection,Pluie légère,Autre collision,,,,,,,,,,,5,2,1,2,6
200700018246,0007-03-06 19:00:00,7,3,6,19,0,690,389,AVENUE BARTHELEMY BUYER,,,Nuit avec éclairage allumé,En agglomération,Autre intersection,Normale,Autre collision,,,,,,,,,,,5,2,9,1,6
200700018247,0007-03-10 07:45:00,7,3,10,7,45,690,389,RUE MARIETTON,,,Plein jour,En agglomération,Hors intersection,Normale,Deux véhicules - côté,,,,,,,,,,,1,2,1,1,3
200700018248,0007-03-14 11:55:00,7,3,14,11,55,690,389,"00, AVENUE D ECULLY",,,Plein jour,En agglomération,Hors intersection,Normale,Autre collision,,,,,,,,,,,1,2,1,1,6
200700018249,0007-03-18 19:22:00,7,3,18,19,22,690,389,"0, RUE ROGER SALENGRO",,,Nuit avec éclairage allumé,En agglomération,Hors intersection,Normale,Autre collision,,,,,,,,,,,5,2,1,1,6
200700018250,0007-03-30 17:25:00,7,3,30,17,25,690,389,"0, RUE ROGER SALENGRO",,,Crépuscule ou aube,Hors agglomération,Intersection en X,Pluie légère,Deux véhicules - côté,,,,,,,,,,,2,1,2,2,3
200700018251,0007-03-07 13:25:00,7,3,7,13,25,830,137,A57,,,Plein jour,Hors agglomération,Hors intersection,Normale,Deux véhicules - arrière,,,,,,,,,,,1,1,1,1,2
200700018252,0007-03-08 08:20:00,7,3,8,8,20,830,35,A50,,,Plein jour,Hors agglomération,Hors intersection,Normale,Autre collision,,,,,,,,,,,1,1,1,1,6
200700018253,0007-03-10 18:40:00,7,3,10,18,40,830,47,A570,,,Crépuscule ou aube,Hors agglomération,Hors intersection,Normale,Sans collision,,,,,,,,,,,2,1,1,1,7
200700018254,0007-03-12 10:00:00,7,3,12,10,0,830,123,A50,,,Plein jour,Hors agglomération,Hors intersection,Normale,Deux véhicules - arrière,,,,,,,,,,,1,1,1,1,2
200700018255,0007-03-14 07:15:00,7,3,14,7,15,830,137,A57,,,Plein jour,Hors agglomération,Hors intersection,Normale,Deux véhicules - côté,,,,,,,,,,,1,1,1,1,3
200700018256,0007-03-15 18:02:00,7,3,15,18,2,830,47,A570,,,Plein jour,Hors agglomération,Hors intersection,Normale,Autre collision,,,,,,,,,,,1,1,1,1,6
200700018257,0007-03-29 10:10:00,7,3,29,10,10,830,137,A57,,,Plein jour,Hors agglomération,Hors intersection,Normale,Autre collision,,,,,,,,,,,1,1,1,1,6
200700018258,0007-03-29 17:35:00,7,3,29,17,35,830,137,A57,,,Plein jour,Hors agglomération,Hors intersection,Normale,Trois véhicules et plus - en chaîne,,,,,,,,,,,1,1,1,1,4
200700018259,0007-03-01 17:30:00,7,3,1,17,30,130,211,A50-Sens Marseille vers,,,Plein jour,Hors agglomération,Hors intersection,Normale,Trois véhicules et plus - en chaîne,,,,,,,,,,,1,1,1,1,4
200700018260,0007-03-02 20:15:00,7,3,2,20,15,130,5,A50-Sens Aubagne vers Ma,,,Nuit sans éclairage public,Hors agglomération,Hors intersection,Normale,Deux véhicules - arrière,,,,,,,,,,,3,1,1,1,2
200700018261,0007-03-02 23:28:00,7,3,2,23,28,130,211,A50-Sens Marseille vers,,,Nuit sans éclairage public,Hors agglomération,Hors intersection,Normale,Trois véhicules et plus - collisions multiples,,,,,,,,,,,3,1,1,1,5
200700018262,0007-03-03 12:10:00,7,3,3,12,10,130,215,A55-Sens Martigues vers,,,Plein jour,Hors agglomération,Hors intersection,Normale,Deux véhicules - côté,,,,,,,,,,,1,1,1,1,3
200700018263,0007-03-04 20:55:00,7,3,4,20,55,130,5,A50-Sens Marseille vers,,,Nuit sans éclairage public,Hors agglomération,Intersection en Y,Normale,Autre collision,,,,,,,,,,,3,1,4,1,6
200700018264,0007-03-07 10:05:00,7,3,7,10,5,130,211,A50-Sens Marseille vers,,,Plein jour,Hors agglomération,Hors intersection,Normale,Autre collision,,,,,,,,,,,1,1,1,1,6
200700018265,0007-03-07 09:05:00,7,3,7,9,5,130,216,A55-Sens Marseille vers,,,Plein jour,Hors agglomération,Hors intersection,Normale,Deux véhicules - arrière,,,,,,,,,,,1,1,1,1,2
200700018266,0007-03-07 21:15:00,7,3,7,21,15,130,56,A55-Sens Martigues vers,,,Nuit sans éclairage public,Hors agglomération,Hors intersection,Pluie légère,Autre collision,,,,,,,,,,,3,1,1,2,6
200700018267,0007-03-08 08:10:00,7,3,8,8,10,130,26,A55-Sens Marseille vers,,,Plein jour,Hors agglomération,Hors intersection,Normale,Autre collision,,,,,,,,,,,1,1,1,1,6
200700018268,0007-03-08 16:55:00,7,3,8,16,55,130,215,A7-Sens Marseille vers L,,,Plein jour,Hors agglomération,Hors intersection,Normale,Deux véhicules - arrière,,,,,,,,,,,1,1,1,1,2
200700018269,0007-03-08 20:15:00,7,3,8,20,15,130,56,A55-Sens Martigues vers,,,Nuit sans éclairage public,Hors agglomération,Hors intersection,Normale,Sans collision,,,,,,,,,,,3,1,1,1,7
200700018270,0007-03-10 03:10:00,7,3,10,3,10,130,202,A55-Sens Martigues vers,,,Nuit avec éclairage allumé,Hors agglomération,Hors intersection,Normale,Deux véhicules - frontale,,,,,,,,,,,5,1,1,1,1
200700018271,0007-03-11 02:47:00,7,3,11,2,47,130,215,A7-Sens Marseille vers L,,,Nuit avec éclairage allumé,Hors agglomération,Hors intersection,Normale,Deux véhicules - côté,,,,,,,,,,,5,1,1,1,3
200700018272,0007-03-12 13:30:00,7,3,12,13,30,130,5,A502-Sens Aubagne vers T,,,Plein jour,Hors agglomération,Hors intersection,Normale,Deux véhicules - arrière,,,,,,,,,,,1,1,1,1,2
200700018273,0007-03-13 22:25:00,7,3,13,22,25,130,15,A51-Sens Marseille vers,,,Nuit sans éclairage public,Hors agglomération,Hors intersection,Normale,Autre collision,,,,,,,,,,,3,1,1,1,6
200700018274,0007-03-15 17:15:00,7,3,15,17,15,130,215,A7-Sens Marseille vers L,,,Plein jour,Hors agglomération,Hors intersection,Normale,Deux véhicules - arrière,,,,,,,,,,,1,1,1,1,2
200700018275,0007-03-15 17:55:00,7,3,15,17,55,130,214,A7-Sens Marseille vers L,,,Plein jour,Hors agglomération,Hors intersection,Normale,Sans collision,,,,,,,,,,,1,1,1,1,7
200700018276,0007-03-17 19:20:00,7,3,17,19,20,130,43,A55-Sens Martigues vers,,,Nuit sans éclairage public,Hors agglomération,Hors intersection,Normale,Autre collision,,,,,,,,,,,3,1,1,1,6
200700018277,0007-03-17 07:10:00,7,3,17,7,10,130,1,A51-Sens Marseille vers,,,Crépuscule ou aube,Hors agglomération,Hors intersection,Normale,Autre collision,,,,,,,,,,,2,1,1,1,6
200700018278,0007-03-19 02:20:00,7,3,19,2,20,130,216,A55-Sens Martigues vers,,,Nuit avec éclairage allumé,Hors agglomération,Hors intersection,Temps couvert,Sans collision,,,,,,,,,,,5,1,1,8,7