accident_id,datetime,annee,mois,jour,heure,minute,departement,commune_insee,adresse,latitude,longitude,luminosite,agglomeration,intersection,meteo,collision,nb_vehicules,nb_usagers,nb_indemnes,nb_tues,nb_blesses_hosp,nb_blesses_legers,age_cond_1,age_cond_2,veh_type_cond_1,veh_type_cond_2,lum_code,agg_code,int_code,atm_code,col_code
200700018412,0007-04-27 18:45:00,7,4,27,18,45,620,53,,50.564,2.126,Plein jour,Hors agglomération,Intersection en X,Normale,Deux véhicules - frontale,,,,,,,,,,,1,1,2,1,1
200700018413,0007-04-09 16:15:00,7,4,9,16,15,620,308,,50.731,1.914,Plein jour,Hors agglomération,Hors intersection,Normale,Trois véhicules et plus - collisions multiples,,,,,,,,,,,1,1,1,1,5
200700018414,0007-04-20 16:55:00,7,4,20,16,55,620,468,RD939 / RD 105,,,Plein jour,Hors agglomération,Intersection en X,Temps éblouissant,Deux véhicules - côté,,,,,,,,,,,1,1,2,7,3
200700018415,0007-04-21 14:00:00,7,4,21,14,0,620,553,Rue de l'Eglise,50.473,2.418,Plein jour,En agglomération,Passage à niveau,Normale,Deux véhicules - côté,,,,,,,,,,,1,2,8,1,3
200700018416,0007-04-29 16:00:00,7,4,29,16,0,620,142,,,,Plein jour,Hors agglomération,Hors intersection,Normale,Autre collision,,,,,,,,,,,1,1,1,1,6
200700018417,0007-04-10 14:15:00,7,4,10,14,15,620,45,,50.346,2.593,Plein jour,Hors agglomération,Intersection en T,Normale,Deux véhicules - côté,,,,,,,,,,,1,1,3,1,3
200700018418,0007-04-11 19:15:00,7,4,11,19,15,620,785,RUE DES ECOLES,50.356,2.563,Plein jour,En agglomération,Hors intersection,Temps éblouissant,Autre collision,,,,,,,,,,,1,2,1,7,6
200700018419,0007-04-22 19:15:00,7,4,22,19,15,620,346,,50.26,2.232,Plein jour,En agglomération,Hors intersection,Normale,Deux véhicules - frontale,,,,,,,,,,,1,2,1,1,1
200700018420,0007-04-20 20:45:00,7,4,20,20,45,800,463,,49.889,2.597,Crépuscule ou aube,Hors agglomération,Hors intersection,Normale,Autre collision,,,,,,,,,,,2,1,1,1,6
200700018421,0007-04-16 18:45:00,7,4,16,18,45,800,732,Route du Tréport,,,Plein jour,En agglomération,Hors intersection,Normale,Trois véhicules et plus - collisions multiples,,,,,,,,,,,1,2,1,1,5
200700018422,0007-04-27 21:00:00,7,4,27,21,0,800,732,CD1015 en agglomération,,,Crépuscule ou aube,En agglomération,Hors intersection,Normale,Autre collision,,,,,,,,,,,2,2,1,1,6
200700018423,0007-04-22 03:15:00,7,4,22,3,15,800,479,,49.776,1.836,Nuit sans éclairage public,Hors agglomération,Hors intersection,Normale,Autre collision,,,,,,,,,,,3,1,1,1,6
200700018424,0007-04-17 21:00:00,7,4,17,21,0,800,56,,,,Nuit sans éclairage public,Hors agglomération,Autre intersection,Normale,Sans collision,,,,,,,,,,,3,1,9,1,7
200700018425,0007-04-26 00:01:00,7,4,26,0,1,800,11,,49.924,2.19,Nuit sans éclairage public,Hors agglomération,Hors intersection,Normale,Sans collision,,,,,,,,,,,3,1,1,1,7
200700018426,0007-04-13 11:45:00,7,4,13,11,45,800,385,,50.134,1.782,Plein jour,Hors agglomération,Hors intersection,Normale,Deux véhicules - côté,,,,,,,,,,,1,1,1,1,3
200700018427,0007-04-21 12:00:00,7,4,21,12,0,800,215,,,,Plein jour,Hors agglomération,Intersection en X,Normale,Deux véhicules - côté,,,,,,,,,,,1,1,2,1,3
200700018428,0007-04-21 11:30:00,7,4,21,11,30,800,406,,,,Plein jour,Hors agglomération,Hors intersection,Normale,Deux véhicules - côté,,,,,,,,,,,1,1,1,1,3
200700018429,0007-04-27 15:30:00,7,4,27,15,30,800,488,Carrefour CD3 et CD 70,,,Plein jour,En agglomération,Hors intersection,Normale,Deux véhicules - côté,,,,,,,,,,,1,2,1,1,3
200700018430,0007-04-28 16:00:00,7,4,28,16,0,800,716,rue de Druggy,,,Plein jour,En agglomération,Hors intersection,Normale,Deux véhicules - arrière,,,,,,,,,,,1,2,1,1,2
200700018431,0007-04-04 04:45:00,7,4,4,4,45,800,518,,50.03,1.659,Nuit sans éclairage public,Hors agglomération,Hors intersection,Normale,Sans collision,,,,,,,,,,,3,1,1,1,7
200700018432,0007-04-08 03:00:00,7,4,8,3,0,800,373,,,,Nuit sans éclairage public,Hors agglomération,Hors intersection,Normale,Deux véhicules - frontale,,,,,,,,,,,3,1,1,1,1
200700018433,0007-04-30 16:00:00,7,4,30,16,0,800,834,RUE DU 08 MAI,,,Plein jour,En agglomération,Autre intersection,Normale,Deux véhicules - côté,,,,,,,,,,,1,2,9,1,3
200700018434,0007-04-25 08:00:00,7,4,25,8,0,800,533,AVENUE CURIE,,,Plein jour,En agglomération,Hors intersection,Normale,Deux véhicules - arrière,,,,,,,,,,,1,2,1,1,2
200700018435,0007-04-28 17:30:00,7,4,28,17,30,800,721,rue de la ferté,50.189,1.641,Plein jour,En agglomération,Hors intersection,Normale,Autre collision,,,,,,,,,,,1,2,1,1,6
200700018436,0007-04-07 20:30:00,7,4,7,20,30,800,371,,,,Plein jour,Hors agglomération,Hors intersection,Normale,Deux véhicules - frontale,,,,,,,,,,,1,1,1,1,1
200700018437,0007-04-13 19:30:00,7,4,13,19,30,800,332,,50.243,1.75,Plein jour,Hors agglomération,Hors intersection,Normale,Autre collision,,,,,,,,,,,1,1,1,1,6
200700018438,0007-04-29 10:30:00,7,4,29,10,30,800,808,,50.307,1.845,Plein jour,Hors agglomération,Intersection en X,Pluie forte,Deux véhicules - côté,,,,,,,,,,,1,1,2,3,3
200700018439,0007-04-13 18:45:00,7,4,13,18,45,800,792,,50.06,2.32,Plein jour,Hors agglomération,Hors intersection,Normale,Deux véhicules - côté,,,,,,,,,,,1,1,1,1,3
200700018440,0007-04-21 09:45:00,7,4,21,9,45,800,427,,50.15,2.27,Plein jour,Hors agglomération,Hors intersection,Normale,Deux véhicules - frontale,,,,,,,,,,,1,1,1,1,1
200700018441,0007-04-14 21:30:00,7,4,14,21,30,800,89,,,,Nuit sans éclairage public,Hors agglomération,Hors intersection,Normale,Autre collision,,,,,,,,,,,3,1,1,1,6
200700018442,0007-04-01 00:30:00,7,4,1,0,30,800,230,12 route de NESLE,,,Nuit sans éclairage public,En agglomération,Hors intersection,Temps couvert,Autre collision,,,,,,,,,,,3,2,1,8,6
200700018443,0007-04-06 18:00:00,7,4,6,18,0,800,233,,49.671,2.747,Plein jour,Hors agglomération,Hors intersection,Normale,Deux véhicules - frontale,,,,,,,,,,,1,1,1,1,1
200700018444,0007-04-13 13:30:00,7,4,13,13,30,800,685,rue des ormeaux,49.698,2.791,Plein jour,En agglomération,Intersection en Y,Normale,Deux véhicules - frontale,,,,,,,,,,,1,2,4,1,1
200700018445,0007-04-16 02:15:00,7,4,16,2,15,800,386,,,,Nuit sans éclairage public,Hors agglomération,Hors intersection,Normale,Autre collision,,,,,,,,,,,3,1,1,1,6
200700018446,0007-04-22 19:15:00,7,4,22,19,15,800,232,rue d'andechy,,,Plein jour,En agglomération,Hors intersection,Normale,Autre collision,,,,,,,,,,,1,2,1,1,6
200700018447,0007-04-26 09:15:00,7,4,26,9,15,800,803,,49.721,2.746,Plein jour,Hors agglomération,Hors intersection,Normale,Deux véhicules - arrière,,,,,,,,,,,1,1,1,1,2
200700018448,0007-04-07 12:00:00,7,4,7,12,0,800,570,RUE DE LA REPUBLQIUE,49.776,2.474,Plein jour,En agglomération,Hors intersection,Normale,Deux véhicules - côté,,,,,,,,,,,1,2,1,1,3
200700018449,0007-04-17 13:30:00,7,4,17,13,30,800,181,,49.804,2.614,Plein jour,Hors agglomération,Hors intersection,Normale,Deux véhicules - côté,,,,,,,,,,,1,1,1,1,3
200700018450,0007-04-25 13:15:00,7,4,25,13,15,800,740,CD 14,,,Plein jour,En agglomération,Hors intersection,Normale,Deux véhicules - côté,,,,,,,,,,,1,2,1,1,3
200700018451,0007-04-28 20:00:00,7,4,28,20,0,800,237,"32, rue Alcius Ledieu",49.83,2.537,Plein jour,En agglomération,Hors intersection,Normale,Autre collision,,,,,,,,,,,1,2,1,1,6
200700018452,0007-04-15 18:30:00,7,4,15,18,30,800,620,,49.934,2.937,Plein jour,En agglomération,Hors intersection,Normale,Autre collision,,,,,,,,,,,1,2,1,1,6
200700018453,0007-04-15 19:00:00,7,4,15,19,0,800,275,,50.043,3.004,Plein jour,Hors agglomération,Hors intersection,Normale,Deux véhicules - frontale,,,,,,,,,,,1,1,1,1,1
200700018454,0007-04-29 15:15:00,7,4,29,15,15,800,204,rue du 110eme régiment,,,Plein jour,En agglomération,Hors intersection,Normale,Autre collision,,,,,,,,,,,1,2,1,1,6
200700018455,0007-04-30 02:30:00,7,4,30,2,30,800,115,,49.972,2.902,Nuit sans éclairage public,Hors agglomération,Hors intersection,Normale,Deux véhicules - côté,,,,,,,,,,,3,1,1,1,3
200700018456,0007-04-07 00:01:00,7,4,7,0,1,800,58,,49.859,2.623,Nuit sans éclairage public,Hors agglomération,Hors intersection,Normale,Sans collision,,,,,,,,,,,3,1,1,1,7
200700018457,0007-04-05 17:45:00,7,4,5,17,45,800,410,,,,Plein jour,En agglomération,Hors intersection,Normale,Deux véhicules - frontale,,,,,,,,,,,1,2,1,1,1
200700018458,0007-04-06 20:15:00,7,4,6,20,15,800,585,,49.756,2.954,Crépuscule ou aube,Hors agglomération,Hors intersection,Normale,Sans collision,,,,,,,,,,,2,1,1,1,7
200700018459,0007-04-08 00:45:00,7,4,8,0,45,800,442,,,,Nuit sans éclairage public,Hors agglomération,Hors intersection,Normale,Sans collision,,,,,,,,,,,3,1,1,1,7
200700018460,0007-04-11 08:30:00,7,4,11,8,30,800,274,rue jean moulin,,,Plein jour,En agglomération,Hors intersection,Normale,Autre collision,,,,,,,,,,,1,2,1,1,6
200700018461,0007-04-12 18:15:00,7,4,12,18,15,800,542,,49.774,2.917,Plein jour,Hors agglomération,Intersection en X,Normale,Deux véhicules - côté,,,,,,,,,,,1,1,2,1,3
200700018462,0007-04-06 17:20:00,7,4,6,17,20,20,238,,49.602,3.522,Plein jour,Hors agglomération,Hors intersection,Normale,Deux véhicules - frontale,,,,,,,,,,,1,1,1,1,1
200700018463,0007-04-07 16:15:00,7,4,7,16,15,20,101,,49.735,3.868,Plein jour,Hors agglomération,Hors intersection,Normale,Sans collision,,,,,,,,,,,1,1,1,1,7
200700018464,0007-04-18 17:30:00,7,4,18,17,30,20,737,,,,Plein jour,Hors agglomération,Hors intersection,Normale,Deux véhicules - côté,,,,,,,,,,,1,1,1,1,3
200700018465,0007-04-20 20:45:00,7,4,20,20,45,20,516,,49.754,3.794,Plein jour,Hors agglomération,Hors intersection,Normale,Sans collision,,,,,,,,,,,1,1,1,1,7
200700018466,0007-04-16 14:30:00,7,4,16,14,30,20,261,,,,Plein jour,Hors agglomération,Hors intersection,Normale,Sans collision,,,,,,,,,,,1,1,1,1,7
200700018467,0007-04-04 13:45:00,7,4,4,13,45,20,599,,49.568,3.257,Plein jour,Hors agglomération,Hors intersection,Normale,Sans collision,,,,,,,,,,,1,1,1,1,7
200700018468,0007-04-14 03:00:00,7,4,14,3,0,20,473,,,,Nuit sans éclairage public,Hors agglomération,Hors intersection,Normale,Deux véhicules - frontale,,,,,,,,,,,3,1,1,1,1
200700018469,0007-04-14 16:00:00,7,4,14,16,0,20,173,rue de la convention,,,Plein jour,En agglomération,Hors intersection,Normale,Autre collision,,,,,,,,,,,1,2,1,1,6
200700018470,0007-04-25 18:00:00,7,4,25,18,0,20,671,,,,Plein jour,Hors agglomération,Hors intersection,Normale,Deux véhicules - frontale,,,,,,,,,,,1,1,1,1,1
200700018471,0007-04-15 20:45:00,7,4,15,20,45,20,541,Place du Colonel DRIANT,,,Crépuscule ou aube,En agglomération,Hors intersection,Normale,Sans collision,,,,,,,,,,,2,2,1,1,7
200700018472,0007-04-10 18:30:00,7,4,10,18,30,20,161,,49.034,3.629,Plein jour,Hors agglomération,Hors intersection,Temps éblouissant,Autre collision,,,,,,,,,,,1,1,1,7,6
200700018473,0007-04-13 13:30:00,7,4,13,13,30,20,239,,,,Plein jour,Hors agglomération,Hors intersection,Normale,Sans collision,,,,,,,,,,,1,1,1,1,7
200700018474,0007-04-07 18:45:00,7,4,7,18,45,20,798,RUE ST MARTIN,,,Plein jour,En agglomération,Hors intersection,Normale,Autre collision,,,,,,,,,,,1,2,1,1,6
200700018475,0007-04-13 16:00:00,7,4,13,16,0,20,305,,49.196,3.478,Plein jour,Hors agglomération,Hors intersection,Normale,Deux véhicules - frontale,,,,,,,,,,,1,1,1,1,1
200700018476,0007-04-07 19:30:00,7,4,7,19,30,20,815,,49.79,3.11,Plein jour,Hors agglomération,Hors intersection,Temps éblouissant,Deux véhicules - frontale,,,,,,,,,,,1,1,1,7,1
200700018477,0007-04-17 02:00:00,7,4,17,2,0,20,199,5 RUE DE MONTESCOURT,49.748,3.242,Nuit avec éclairage non allumé,En agglomération,Hors intersection,Normale,Sans collision,,,,,,,,,,,4,2,1,1,7
200700018478,0007-04-29 21:30:00,7,4,29,21,30,20,95,,,,Crépuscule ou aube,Hors agglomération,Hors intersection,Normale,Sans collision,,,,,,,,,,,2,1,1,1,7
200700018479,0007-04-02 19:00:00,7,4,2,19,0,20,179,,,,Plein jour,Hors agglomération,Hors intersection,Normale,Deux véhicules - arrière,,,,,,,,,,,1,1,1,1,2
200700018480,0007-04-23 21:00:00,7,4,23,21,0,20,232,,49.239,3.03,Plein jour,Hors agglomération,Hors intersection,Normale,Deux véhicules - frontale,,,,,,,,,,,1,1,1,1,1
200700018481,0007-04-26 16:00:00,7,4,26,16,0,20,810,,,,Plein jour,Hors agglomération,Hors intersection,Normale,Deux véhicules - frontale,,,,,,,,,,,1,1,1,1,1
200700018482,0007-04-10 12:00:00,7,4,10,12,0,20,789,,,,Plein jour,Hors agglomération,Hors intersection,Normale,Deux véhicules - côté,,,,,,,,,,,1,1,1,1,3
200700018483,0007-04-21 15:45:00,7,4,21,15,45,20,160,Rue du Grand Chemin,,,Plein jour,En agglomération,Hors intersection,Normale,Deux véhicules - frontale,,,,,,,,,,,1,2,1,1,1
200700018484,0007-04-05 17:45:00,7,4,5,17,45,20,342,,,,Plein jour,Hors agglomération,Hors intersection,Normale,Sans collision,,,,,,,,,,,1,1,1,1,7
200700018485,0007-04-24 17:15:00,7,4,24,17,15,20,388,RUE DE VERDUN,49.785,4.14,Plein jour,En agglomération,Hors intersection,Normale,Deux véhicules - frontale,,,,,,,,,,,1,2,1,1,1
200700018486,0007-04-20 07:30:00,7,4,20,7,30,600,251,,,,Plein jour,Hors agglomération,Hors intersection,Normale,Deux véhicules - côté,,,,,,,,,,,1,1,1,1,3
200700018487,0007-04-04 17:45:00,7,4,4,17,45,600,29,,,,Plein jour,Hors agglomération,Giratoire,Normale,Deux véhicules - côté,,,,,,,,,,,1,1,6,1,3
200700018488,0007-04-12 08:30:00,7,4,12,8,30,600,512,,,,Plein jour,Hors agglomération,Hors intersection,Normale,Deux véhicules - côté,,,,,,,,,,,1,1,1,1,3
200700018489,0007-04-27 17:45:00,7,4,27,17,45,600,257,,,,Plein jour,En agglomération,Hors intersection,Normale,Autre collision,,,,,,,,,,,1,2,1,1,6
200700018490,0007-04-01 22:15:00,7,4,1,22,15,600,136,rue Gabriel Prévost,,,Nuit avec éclairage non allumé,En agglomération,Hors intersection,Normale,Autre collision,,,,,,,,,,,4,2,1,1,6
200700018491,0007-04-22 18:30:00,7,4,22,18,30,600,194,,49.689,1.975,Plein jour,Hors agglomération,Hors intersection,Normale,Sans collision,,,,,,,,,,,1,1,1,1,7
200700018492,0007-04-08 06:30:00,7,4,8,6,30,600,157,rue wenceslas coutellier,,,Crépuscule ou aube,En agglomération,Hors intersection,Normale,Deux véhicules - frontale,,,,,,,,,,,2,2,1,1,1
200700018493,0007-04-17 22:00:00,7,4,17,22,0,600,157,place camille sellier,,,Nuit avec éclairage allumé,En agglomération,Hors intersection,Normale,Deux véhicules - côté,,,,,,,,,,,5,2,1,1,3
200700018494,0007-04-27 19:45:00,7,4,27,19,45,600,115,RUE DU CHATEAU,,,Plein jour,En agglomération,Hors intersection,Normale,Autre collision,,,,,,,,,,,1,2,1,1,6
200700018495,0007-04-01 18:15:00,7,4,1,18,15,600,372,,,,Plein jour,Hors agglomération,Hors intersection,Normale,Sans collision,,,,,,,,,,,1,1,1,1,7
200700018496,0007-04-19 19:00:00,7,4,19,19,0,600,123,,,,Plein jour,Hors agglomération,Hors intersection,Normale,Deux véhicules - frontale,,,,,,,,,,,1,1,1,1,1
200700018497,0007-04-05 05:45:00,7,4,5,5,45,600,524,,,,Crépuscule ou aube,Hors agglomération,Hors intersection,Normale,Autre collision,,,,,,,,,,,2,1,1,1,6
200700018498,0007-04-06 16:15:00,7,4,6,16,15,600,134,,,,Plein jour,Hors agglomération,Hors intersection,Normale,Deux véhicules - arrière,,,,,,,,,,,1,1,1,1,2
200700018499,0007-04-14 14:15:00,7,4,14,14,15,600,134,,,,Plein jour,Hors agglomération,Hors intersection,Normale,Deux véhicules - frontale,,,,,,,,,,,1,1,1,1,1
200700018500,0007-04-28 17:45:00,7,4,28,17,45,600,562,,,,Plein jour,En agglomération,Hors intersection,Normale,Deux véhicules - frontale,,,,,,,,,,,1,2,1,1,1
200700018501,0007-04-01 16:15:00,7,4,1,16,15,600,647,,49.409,2.953,Plein jour,Hors agglomération,Hors intersection,Normale,Autre collision,,,,,,,,,,,1,1,1,1,6
200700018502,0007-04-05 17:30:00,7,4,5,17,30,600,188,RN31,,,Plein jour,En agglomération,Hors intersection,Normale,Deux véhicules - côté,,,,,,,,,,,1,2,1,1,3
200700018503,0007-04-14 15:00:00,7,4,14,15,0,600,25,,,,Plein jour,Hors agglomération,Hors intersection,Normale,Sans collision,,,,,,,,,,,1,1,1,1,7
200700018504,0007-04-15 16:30:00,7,4,15,16,30,600,641,,,,Plein jour,Hors agglomération,Hors intersection,Normale,Autre collision,,,,,,,,,,,1,1,1,1,6
200700018505,0007-04-26 17:00:00,7,4,26,17,0,600,72,,,,Plein jour,Hors agglomération,Hors intersection,Normale,Sans collision,,,,,,,,,,,1,1,1,1,7
200700018506,0007-04-28 11:15:00,7,4,28,11,15,600,72,,49.414,3.078,Plein jour,Hors agglomération,Hors intersection,Normale,Sans collision,,,,,,,,,,,1,1,1,1,7
200700018507,0007-04-02 22:45:00,7,4,2,22,45,600,129,,49.521,3.041,Nuit sans éclairage public,Hors agglomération,Hors intersection,Normale,Sans collision,,,,,,,,,,,3,1,1,1,7
200700018508,0007-04-05 11:45:00,7,4,5,11,45,600,119,,49.511,2.913,Plein jour,En agglomération,Hors intersection,Normale,Deux véhicules - frontale,,,,,,,,,,,1,2,1,1,1
200700018509,0007-04-06 16:15:00,7,4,6,16,15,600,537,,49.532,2.936,Plein jour,Hors agglomération,Hors intersection,Normale,Deux véhicules - arrière,,,,,,,,,,,1,1,1,1,2
200700018510,0007-04-06 18:00:00,7,4,6,18,0,600,636,17 rue JEAN JAURES,49.484,2.884,Plein jour,En agglomération,Hors intersection,Normale,Autre collision,,,,,,,,,,,1,2,1,1,6
200700018511,0007-04-12 08:00:00,7,4,12,8,0,600,150,RN32,,,Plein jour,Hors agglomération,Hors intersection,Normale,Deux véhicules - frontale,,,,,,,,,,,1,1,1,1,1
200700018512,0007-04-27 18:00:00,7,4,27,18,0,600,636,CD 932/ RUE MAL JUIN,49.487,2.875,Plein jour,En agglomération,Hors intersection,Normale,Deux véhicules - côté,,,,,,,,,,,1,2,1,1,3
200700018513,0007-04-15 12:00:00,7,4,15,12,0,600,338,intersection CD98/CD555,,,Plein jour,En agglomération,Hors intersection,Normale,Deux véhicules - frontale,,,,,,,,,,,1,2,1,1,1
200700018514,0007-04-10 07:45:00,7,4,10,7,45,600,19,,,,Plein jour,Hors agglomération,Hors intersection,Brouillard / fumée,Sans collision,,,,,,,,,,,1,1,1,5,7
200700018515,0007-04-24 13:30:00,7,4,24,13,30,600,350,rue ste croix,,,Plein jour,En agglomération,Intersection en X,Normale,Deux véhicules - côté,,,,,,,,,,,1,2,2,1,3
200700018516,0007-04-20 13:15:00,7,4,20,13,15,600,124,,,,Plein jour,Hors agglomération,Intersection en X,Normale,Deux véhicules - côté,,,,,,,,,,,1,1,2,1,3
200700018517,0007-04-11 15:00:00,7,4,11,15,0,570,323,,,,Plein jour,Hors agglomération,Hors intersection,Normale,Deux véhicules - côté,,,,,,,,,,,1,1,1,1,3
200700018518,0007-04-20 18:30:00,7,4,20,18,30,600,517,,,,Crépuscule ou aube,Hors agglomération,Hors intersection,Normale,Sans collision,,,,,,,,,,,2,1,1,1,7
200700018519,0007-04-30 14:45:00,7,4,30,14,45,600,450,10 rue de Paris,,,Plein jour,En agglomération,Hors intersection,Normale,Trois véhicules et plus - collisions multiples,,,,,,,,,,,1,2,1,1,5
200700018520,0007-04-23 14:00:00,7,4,23,14,0,600,589,rue de valmy,49.23,2.463,Plein jour,En agglomération,Hors intersection,Normale,Deux véhicules - côté,,,,,,,,,,,1,2,1,1,3
200700018521,0007-04-10 12:20:00,7,4,10,12,20,600,213,RN330,,,Plein jour,Hors agglomération,Hors intersection,Normale,Trois véhicules et plus - en chaîne,,,,,,,,,,,1,1,1,1,4
200700018522,0007-04-23 20:45:00,7,4,23,20,45,760,210,rue de l'ancien Moulin,49.862,1.2,Nuit avec éclairage allumé,En agglomération,Hors intersection,Normale,Autre collision,,,,,,,,,,,5,2,1,1,6
200700018523,0007-04-25 00:45:00,7,4,25,0,45,760,18,,49.743,0.942,Nuit sans éclairage public,Hors agglomération,Hors intersection,Normale,Sans collision,,,,,,,,,,,3,1,1,1,7
200700018524,0007-04-25 19:15:00,7,4,25,19,15,760,321,route de la dechetterie,49.79,1.23,Plein jour,En agglomération,Autre intersection,Normale,Sans collision,,,,,,,,,,,1,2,9,1,7
200700018525,0007-04-29 10:30:00,7,4,29,10,30,760,321,Route de St Vaast,49.79,1.231,Plein jour,En agglomération,Intersection en X,Temps éblouissant,Deux véhicules - côté,,,,,,,,,,,1,2,2,7,3
200700018526,0007-04-05 16:30:00,7,4,5,16,30,760,448,1355 route de lyons,49.415,1.245,Plein jour,En agglomération,Hors intersection,Normale,Deux véhicules - côté,,,,,,,,,,,1,2,1,1,3
200700018527,0007-04-05 08:30:00,7,4,5,8,30,760,116,RUE DE LA CHESNAY,49.39,1.2,Plein jour,En agglomération,Hors intersection,Normale,Deux véhicules - frontale,,,,,,,,,,,1,2,1,1,1
200700018528,0007-04-29 06:30:00,7,4,29,6,30,760,514,,49.366,1.18,Crépuscule ou aube,Hors agglomération,Hors intersection,Normale,Sans collision,,,,,,,,,,,2,1,1,1,7
200700018529,0007-04-10 10:00:00,7,4,10,10,0,760,401,672 rue de la libération,49.481,0.765,Plein jour,En agglomération,Hors intersection,Brouillard / fumée,Deux véhicules - frontale,,,,,,,,,,,1,2,1,5,1
200700018530,0007-04-20 10:30:00,7,4,20,10,30,760,709,cd982,49.494,0.803,Crépuscule ou aube,En agglomération,Hors intersection,Normale,Deux véhicules - frontale,,,,,,,,,,,2,2,1,1,1
200700018531,0007-04-22 18:45:00,7,4,22,18,45,760,636,,,,Plein jour,Hors agglomération,Hors intersection,Normale,Deux véhicules - arrière,,,,,,,,,,,1,1,1,1,2
200700018532,0007-04-23 03:00:00,7,4,23,3,0,760,473,,49.506,0.742,Nuit sans éclairage public,Hors agglomération,Hors intersection,Normale,Deux véhicules - frontale,,,,,,,,,,,3,1,1,1,1
200700018533,0007-04-29 16:30:00,7,4,29,16,30,760,659,cd 22,49.533,0.773,Plein jour,En agglomération,Hors intersection,Normale,Sans collision,,,,,,,,,,,1,2,1,1,7
200700018534,0007-04-21 23:45:00,7,4,21,23,45,760,615,,,,Nuit sans éclairage public,Hors agglomération,Hors intersection,Normale,Autre collision,,,,,,,,,,,3,1,1,1,6
200700018535,0007-04-22 19:00:00,7,4,22,19,0,760,669,,,,Plein jour,Hors agglomération,Intersection en X,Normale,Deux véhicules - côté,,,,,,,,,,,1,1,2,1,3
200700018536,0007-04-08 07:20:00,7,4,8,7,20,760,714,CD6015 - PK 76+200,,,Plein jour,Hors agglomération,Hors intersection,Normale,Trois véhicules et plus - collisions multiples,,,,,,,,,,,1,1,1,1,5
200700018537,0007-04-13 17:20:00,7,4,13,17,20,760,250,C.D 39,,,Plein jour,Hors agglomération,Hors intersection,Normale,Trois véhicules et plus - en chaîne,,,,,,,,,,,1,1,1,1,4
200700018538,0007-04-18 12:45:00,7,4,18,12,45,760,684,,49.487,0.451,Plein jour,Hors agglomération,Hors intersection,Normale,Deux véhicules - côté,,,,,,,,,,,1,1,1,1,3
200700018539,0007-04-09 19:15:00,7,4,9,19,15,760,459,,,,Plein jour,Hors agglomération,Hors intersection,Normale,Autre collision,,,,,,,,,,,1,1,1,1,6
200700018540,0007-04-15 10:30:00,7,4,15,10,30,760,454,,,,Plein jour,Hors agglomération,Hors intersection,Normale,Sans collision,,,,,,,,,,,1,1,1,1,7
200700018541,0007-04-28 09:00:00,7,4,28,9,0,760,202,,,,Plein jour,Hors agglomération,Hors intersection,Normale,Deux véhicules - côté,,,,,,,,,,,1,1,1,1,3
200700018542,0007-04-03 21:00:00,7,4,3,21,0,760,678,,,,Nuit sans éclairage public,Hors agglomération,Hors intersection,Normale,Autre collision,,,,,,,,,,,3,1,1,1,6
200700018543,0007-04-13 08:00:00,7,4,13,8,0,760,57,Jean Jouvenet PAVILLY,49.571,0.959,Plein jour,En agglomération,Hors intersection,Normale,Autre collision,,,,,,,,,,,1,2,1,1,6
200700018544,0007-04-16 15:30:00,7,4,16,15,30,760,159,RUE LOUIS BOUILHET,49.791,0.636,Plein jour,En agglomération,Hors intersection,Normale,Trois véhicules et plus - en chaîne,,,,,,,,,,,1,2,1,1,4
200700018545,0007-04-14 16:00:00,7,4,14,16,0,270,306,rue des Moissons,,,Plein jour,En agglomération,Hors intersection,Normale,Deux véhicules - côté,,,,,,,,,,,1,2,1,1,3
200700018546,0007-04-17 08:30:00,7,4,17,8,30,270,162,14 La SABLONIERE,,,Plein jour,En agglomération,Hors intersection,Normale,Deux véhicules - frontale,,,,,,,,,,,1,2,1,1,1
200700018547,0007-04-21 10:55:00,7,4,21,10,55,270,306,D6154 Hameau de Fumeçon,,,Plein jour,Hors agglomération,Hors intersection,Normale,Deux véhicules - frontale,,,,,,,,,,,1,1,1,1,1
200700018548,0007-04-20 19:30:00,7,4,20,19,30,270,464,,,,Crépuscule ou aube,Hors agglomération,Hors intersection,Normale,Deux véhicules - côté,,,,,,,,,,,2,1,1,1,3
200700018549,0007-04-24 19:00:00,7,4,24,19,0,270,615,,,,Plein jour,Hors agglomération,Hors intersection,Normale,Sans collision,,,,,,,,,,,1,1,1,1,7
200700018550,0007-04-25 17:30:00,7,4,25,17,30,270,464,rd 51 intersection d74,,,Plein jour,En agglomération,Hors intersection,Normale,Deux véhicules - côté,,,,,,,,,,,1,2,1,1,3
200700018551,0007-04-27 17:45:00,7,4,27,17,45,270,242,,,,Plein jour,Hors agglomération,Hors intersection,Normale,Deux véhicules - arrière,,,,,,,,,,,1,1,1,1,2
200700018552,0007-04-21 15:00:00,7,4,21,15,0,270,507,RUE JULES CAYAUX,,,Plein jour,En agglomération,Hors intersection,Normale,Deux véhicules - arrière,,,,,,,,,,,1,2,1,1,2