accident_id,datetime,annee,mois,jour,heure,minute,departement,commune_insee,adresse,latitude,longitude,luminosite,agglomeration,intersection,meteo,collision,nb_vehicules,nb_usagers,nb_indemnes,nb_tues,nb_blesses_hosp,nb_blesses_legers,age_cond_1,age_cond_2,veh_type_cond_1,veh_type_cond_2,lum_code,agg_code,int_code,atm_code,col_code
200700018693,0007-04-08 14:15:00,7,4,8,14,15,140,131,,,,Plein jour,Hors agglomération,Hors intersection,Normale,Deux véhicules - frontale,,,,,,,,,,,1,1,1,1,1
200700018694,0007-04-25 11:15:00,7,4,25,11,15,140,578,,49.351,0.199,Plein jour,Hors agglomération,Intersection en T,Normale,Deux véhicules - côté,,,,,,,,,,,1,1,3,1,3
200700018695,0007-04-02 06:00:00,7,4,2,6,0,140,641,,,,Nuit sans éclairage public,Hors agglomération,Hors intersection,Normale,Deux véhicules - frontale,,,,,,,,,,,3,1,1,1,1
200700018696,0007-04-14 16:15:00,7,4,14,16,15,140,178,,,,Plein jour,Hors agglomération,Hors intersection,Normale,Deux véhicules - côté,,,,,,,,,,,1,1,1,1,3
200700018697,0007-04-25 18:00:00,7,4,25,18,0,140,723,,,,Plein jour,Hors agglomération,Hors intersection,Normale,Deux véhicules - côté,,,,,,,,,,,1,1,1,1,3
200700018698,0007-04-05 18:45:00,7,4,5,18,45,140,762,rue de Bischwiller,,,Plein jour,En agglomération,Hors intersection,Normale,Deux véhicules - frontale,,,,,,,,,,,1,2,1,1,1
200700018699,0007-04-07 15:45:00,7,4,7,15,45,140,618,,48.904,-0.896,Plein jour,Hors agglomération,Hors intersection,Normale,Deux véhicules - arrière,,,,,,,,,,,1,1,1,1,2
200700018700,0007-04-24 17:15:00,7,4,24,17,15,140,762,rue d'aigneau,48.844,-0.893,Plein jour,En agglomération,Hors intersection,Normale,Deux véhicules - frontale,,,,,,,,,,,1,2,1,1,1
200700018701,0007-04-05 22:45:00,7,4,5,22,45,140,726,,48.859,-0.625,Nuit sans éclairage public,Hors agglomération,Hors intersection,Normale,Autre collision,,,,,,,,,,,3,1,1,1,6
200700018702,0007-04-14 11:00:00,7,4,14,11,0,140,412,,49.053,-0.595,Plein jour,Hors agglomération,Intersection en X,Normale,Deux véhicules - côté,,,,,,,,,,,1,1,2,1,3
200700018703,0007-04-15 16:00:00,7,4,15,16,0,140,347,,49.036,-0.733,Plein jour,Hors agglomération,Hors intersection,Normale,Deux véhicules - arrière,,,,,,,,,,,1,1,1,1,2
200700018704,0007-04-17 09:30:00,7,4,17,9,30,140,726,,,,Plein jour,Hors agglomération,Autre intersection,Normale,Autre collision,,,,,,,,,,,1,1,9,1,6
200700018705,0007-04-13 11:30:00,7,4,13,11,30,500,194,,,,Plein jour,Hors agglomération,Hors intersection,Pluie légère,Deux véhicules - frontale,,,,,,,,,,,1,1,1,2,1
200700018706,0007-04-21 11:30:00,7,4,21,11,30,500,280,Les rouges terres,49.148,-1.261,Plein jour,En agglomération,Intersection en T,Normale,Deux véhicules - frontale,,,,,,,,,,,1,2,3,1,1
200700018707,0007-04-28 05:45:00,7,4,28,5,45,500,348,,,,Crépuscule ou aube,Hors agglomération,Hors intersection,Normale,Autre collision,,,,,,,,,,,2,1,1,1,6
200700018708,0007-04-28 16:30:00,7,4,28,16,30,500,161,,,,Plein jour,Hors agglomération,Hors intersection,Normale,Sans collision,,,,,,,,,,,1,1,1,1,7
200700018709,0007-04-16 10:45:00,7,4,16,10,45,500,563,,,,Plein jour,Hors agglomération,Hors intersection,Normale,Deux véhicules - frontale,,,,,,,,,,,1,1,1,1,1
200700018710,0007-04-01 02:30:00,7,4,1,2,30,500,283,,49.148,-1.051,Nuit sans éclairage public,Hors agglomération,Hors intersection,Pluie légère,Deux véhicules - frontale,,,,,,,,,,,3,1,1,2,1
200700018711,0007-04-17 16:45:00,7,4,17,16,45,500,283,,,,Plein jour,Hors agglomération,Hors intersection,Normale,Deux véhicules - frontale,,,,,,,,,,,1,1,1,1,1
200700018712,0007-04-08 17:00:00,7,4,8,17,0,500,616,Les Landelles,,,Plein jour,Hors agglomération,Hors intersection,Normale,Deux véhicules - côté,,,,,,,,,,,1,1,1,1,3
200700018713,0007-04-24 00:01:00,7,4,24,0,1,500,126,,,,Nuit sans éclairage public,Hors agglomération,Hors intersection,Normale,Autre collision,,,,,,,,,,,3,1,1,1,6
200700018714,0007-04-29 14:00:00,7,4,29,14,0,500,355,,,,Plein jour,Hors agglomération,Hors intersection,Normale,Sans collision,,,,,,,,,,,1,1,1,1,7
200700018715,0007-04-08 19:45:00,7,4,8,19,45,500,19,chemin communal,,,Plein jour,Hors agglomération,Hors intersection,Normale,Sans collision,,,,,,,,,,,1,1,1,1,7
200700018716,0007-04-10 08:00:00,7,4,10,8,0,500,185,,,,Plein jour,Hors agglomération,Hors intersection,Brouillard / fumée,Deux véhicules - côté,,,,,,,,,,,1,1,1,5,3
200700018717,0007-04-22 16:15:00,7,4,22,16,15,500,607,la boucherie,,,Plein jour,Hors agglomération,Hors intersection,Normale,Deux véhicules - frontale,,,,,,,,,,,1,1,1,1,1
200700018718,0007-04-23 08:30:00,7,4,23,8,30,500,163,CD901 - CD203,,,Plein jour,Hors agglomération,Hors intersection,Brouillard / fumée,Deux véhicules - frontale,,,,,,,,,,,1,1,1,5,1
200700018719,0007-04-14 16:00:00,7,4,14,16,0,500,82,23 rue des frères frémin,,,Plein jour,En agglomération,Hors intersection,Normale,Autre collision,,,,,,,,,,,1,2,1,1,6
200700018720,0007-04-23 16:20:00,7,4,23,16,20,500,579,Le Ferme de Bois - CD 50,,,Plein jour,Hors agglomération,Hors intersection,Normale,Deux véhicules - côté,,,,,,,,,,,1,1,1,1,3
200700018721,0007-04-01 05:15:00,7,4,1,5,15,500,426,,,,Nuit sans éclairage public,Hors agglomération,Hors intersection,Pluie légère,Sans collision,,,,,,,,,,,3,1,1,2,7
200700018722,0007-04-05 17:30:00,7,4,5,17,30,500,523,- route de CHEF DU PONT,,,Plein jour,Hors agglomération,Intersection en T,Normale,Deux véhicules - côté,,,,,,,,,,,1,1,3,1,3
200700018723,0007-04-21 11:30:00,7,4,21,11,30,500,509,,,,Plein jour,En agglomération,Hors intersection,Normale,Deux véhicules - côté,,,,,,,,,,,1,2,1,1,3
200700018724,0007-04-04 18:15:00,7,4,4,18,15,500,615,Bd Division Leclerc,,,Plein jour,En agglomération,Hors intersection,Normale,Deux véhicules - côté,,,,,,,,,,,1,2,1,1,3
200700018725,0007-04-11 14:45:00,7,4,11,14,45,500,30,Place de Gaulle,,,Plein jour,En agglomération,Hors intersection,Normale,Autre collision,,,,,,,,,,,1,2,1,1,6
200700018726,0007-04-14 18:00:00,7,4,14,18,0,500,342,,,,Plein jour,Hors agglomération,Hors intersection,Normale,Deux véhicules - frontale,,,,,,,,,,,1,1,1,1,1
200700018727,0007-04-09 21:30:00,7,4,9,21,30,500,111,"de CERISY LA SALLE, CD29",,,Nuit sans éclairage public,Hors agglomération,Hors intersection,Normale,Autre collision,,,,,,,,,,,3,1,1,1,6
200700018728,0007-04-09 23:00:00,7,4,9,23,0,500,415,,49.338,-1.457,Nuit sans éclairage public,Hors agglomération,Hors intersection,Brouillard / fumée,Autre collision,,,,,,,,,,,3,1,1,5,6
200700018729,0007-04-01 07:45:00,7,4,1,7,45,500,514,,48.75,-0.86,Crépuscule ou aube,Hors agglomération,Hors intersection,Normale,Autre collision,,,,,,,,,,,2,1,1,1,6
200700018730,0007-04-19 21:15:00,7,4,19,21,15,500,56,,,,Crépuscule ou aube,Hors agglomération,Hors intersection,Normale,Autre collision,,,,,,,,,,,2,1,1,1,6
200700018731,0007-04-13 14:15:00,7,4,13,14,15,500,452,bellevue,,,Plein jour,Hors agglomération,Hors intersection,Normale,Deux véhicules - frontale,,,,,,,,,,,1,1,1,1,1
200700018732,0007-04-10 17:30:00,7,4,10,17,30,610,433,,48.494,-0.018,Plein jour,Hors agglomération,Hors intersection,Normale,Deux véhicules - arrière,,,,,,,,,,,1,1,1,1,2
200700018733,0007-04-01 15:15:00,7,4,1,15,15,610,460,,,,Plein jour,Hors agglomération,Hors intersection,Normale,Autre collision,,,,,,,,,,,1,1,1,1,6
200700018734,0007-04-26 08:30:00,7,4,26,8,30,610,508,la fauvetiere,,,Crépuscule ou aube,Hors agglomération,Hors intersection,Normale,Sans collision,,,,,,,,,,,2,1,1,1,7
200700018735,0007-04-06 07:00:00,7,4,6,7,0,610,339,,48.774,-0.245,Crépuscule ou aube,Hors agglomération,Hors intersection,Brouillard / fumée,Deux véhicules - frontale,,,,,,,,,,,2,1,1,5,1
200700018736,0007-04-06 15:00:00,7,4,6,15,0,610,22,Bd Paul LEMUET,,,Plein jour,En agglomération,Hors intersection,Normale,Autre collision,,,,,,,,,,,1,2,1,1,6
200700018737,0007-04-10 20:00:00,7,4,10,20,0,610,168,,,,Plein jour,Hors agglomération,Hors intersection,Normale,Deux véhicules - côté,,,,,,,,,,,1,1,1,1,3
200700018738,0007-04-22 19:15:00,7,4,22,19,15,610,168,BOULEVARD DES CONTADES,,,Plein jour,En agglomération,Hors intersection,Normale,Deux véhicules - côté,,,,,,,,,,,1,2,1,1,3
200700018739,0007-04-30 11:30:00,7,4,30,11,30,610,168,CD 916,,,Plein jour,En agglomération,Hors intersection,Normale,Autre collision,,,,,,,,,,,1,2,1,1,6
200700018740,0007-04-19 17:15:00,7,4,19,17,15,610,486,,48.781,-0.769,Plein jour,Hors agglomération,Hors intersection,Normale,Deux véhicules - arrière,,,,,,,,,,,1,1,1,1,2
200700018741,0007-04-24 22:15:00,7,4,24,22,15,610,471,,,,Nuit sans éclairage public,Hors agglomération,Hors intersection,Normale,Deux véhicules - côté,,,,,,,,,,,3,1,1,1,3
200700018742,0007-04-20 12:15:00,7,4,20,12,15,610,214,,,,Plein jour,Hors agglomération,Hors intersection,Normale,Deux véhicules - arrière,,,,,,,,,,,1,1,1,1,2
200700018743,0007-04-30 23:45:00,7,4,30,23,45,610,406,,48.739,0.523,Nuit sans éclairage public,Hors agglomération,Hors intersection,Normale,Sans collision,,,,,,,,,,,3,1,1,1,7
200700018744,0007-04-08 11:45:00,7,4,8,11,45,610,61,,,,Plein jour,Hors agglomération,Hors intersection,Normale,Deux véhicules - frontale,,,,,,,,,,,1,1,1,1,1
200700018745,0007-04-30 15:45:00,7,4,30,15,45,610,125,,,,Plein jour,Hors agglomération,Hors intersection,Normale,Autre collision,,,,,,,,,,,1,1,1,1,6
200700018746,0007-04-30 18:00:00,7,4,30,18,0,610,491,,,,Plein jour,Hors agglomération,Hors intersection,Pluie légère,Sans collision,,,,,,,,,,,1,1,1,2,7
200700018747,0007-04-26 08:30:00,7,4,26,8,30,440,172,cd723 pk 46500,,,Plein jour,En agglomération,Hors intersection,Pluie légère,Deux véhicules - arrière,,,,,,,,,,,1,2,1,2,2
200700018748,0007-04-06 01:00:00,7,4,6,1,0,440,41,,47.116,-1.604,Nuit sans éclairage public,Hors agglomération,Hors intersection,Normale,Autre collision,,,,,,,,,,,3,1,1,1,6
200700018749,0007-04-04 07:30:00,7,4,4,7,30,440,213,,,,Plein jour,Hors agglomération,Hors intersection,Normale,Autre collision,,,,,,,,,,,1,1,1,1,6
200700018750,0007-04-17 16:00:00,7,4,17,16,0,440,180,Route de Chateaubriant,,,Plein jour,En agglomération,Intersection en X,Normale,Deux véhicules - côté,,,,,,,,,,,1,2,2,1,3
200700018751,0007-04-12 09:45:00,7,4,12,9,45,440,99,,47.611,-1.38,Plein jour,Hors agglomération,Hors intersection,Normale,Deux véhicules - côté,,,,,,,,,,,1,1,1,1,3
200700018752,0007-04-18 01:00:00,7,4,18,1,0,440,36,,47.743,-1.385,Nuit sans éclairage public,Hors agglomération,Hors intersection,Normale,Sans collision,,,,,,,,,,,3,1,1,1,7
200700018753,0007-04-06 16:15:00,7,4,6,16,15,440,122,,,,Plein jour,Hors agglomération,Hors intersection,Normale,Sans collision,,,,,,,,,,,1,1,1,1,7
200700018754,0007-04-17 11:00:00,7,4,17,11,0,440,110,,47.43,-1.483,Plein jour,Hors agglomération,Hors intersection,Normale,Deux véhicules - arrière,,,,,,,,,,,1,1,1,1,2
200700018755,0007-04-21 13:30:00,7,4,21,13,30,440,179,,47.348,-1.453,Plein jour,Hors agglomération,Hors intersection,Normale,Deux véhicules - frontale,,,,,,,,,,,1,1,1,1,1
200700018756,0007-04-22 16:45:00,7,4,22,16,45,440,51,,,,Plein jour,Hors agglomération,Hors intersection,Temps éblouissant,Deux véhicules - frontale,,,,,,,,,,,1,1,1,7,1
200700018757,0007-04-09 12:15:00,7,4,9,12,15,440,12,rue Georges CLEMENCEAU,,,Plein jour,En agglomération,Hors intersection,Normale,Autre collision,,,,,,,,,,,1,2,1,1,6
200700018758,0007-04-08 20:45:00,7,4,8,20,45,440,40,,,,Nuit sans éclairage public,Hors agglomération,Hors intersection,Normale,Autre collision,,,,,,,,,,,3,1,1,1,6
200700018759,0007-04-27 12:15:00,7,4,27,12,15,440,40,,,,Plein jour,Hors agglomération,Hors intersection,Normale,Deux véhicules - côté,,,,,,,,,,,1,1,1,1,3
200700018760,0007-04-19 11:30:00,7,4,19,11,30,440,87,,46.997,-1.768,Plein jour,Hors agglomération,Hors intersection,Normale,Deux véhicules - frontale,,,,,,,,,,,1,1,1,1,1
200700018761,0007-04-20 16:00:00,7,4,20,16,0,440,186,,47.107,-1.79,Plein jour,Hors agglomération,Intersection en X,Normale,Deux véhicules - côté,,,,,,,,,,,1,1,2,1,3
200700018762,0007-04-28 17:30:00,7,4,28,17,30,440,87,,46.97,-1.813,Plein jour,Hors agglomération,Hors intersection,Pluie légère,Deux véhicules - arrière,,,,,,,,,,,1,1,1,2,2
200700018763,0007-04-21 18:00:00,7,4,21,18,0,440,74,rue Pasteur,47.204,-1.672,Plein jour,En agglomération,Hors intersection,Normale,Autre collision,,,,,,,,,,,1,2,1,1,6
200700018764,0007-04-19 22:30:00,7,4,19,22,30,440,175,,,,Plein jour,Hors agglomération,Hors intersection,Normale,Autre collision,,,,,,,,,,,1,1,1,1,6
200700018765,0007-04-28 14:15:00,7,4,28,14,15,440,69,CD 99 - CLIS,,,Plein jour,En agglomération,Hors intersection,Normale,Deux véhicules - arrière,,,,,,,,,,,1,2,1,1,2
200700018766,0007-04-14 19:00:00,7,4,14,19,0,440,210,rue des aigrettes,,,Plein jour,En agglomération,Giratoire,Normale,Sans collision,,,,,,,,,,,1,2,6,1,7
200700018767,0007-04-30 15:15:00,7,4,30,15,15,440,52,,,,Plein jour,Hors agglomération,Hors intersection,Normale,Autre collision,,,,,,,,,,,1,1,1,1,6
200700018768,0007-04-20 07:00:00,7,4,20,7,0,440,129,,,,Plein jour,Hors agglomération,Hors intersection,Normale,Sans collision,,,,,,,,,,,1,1,1,1,7
200700018769,0007-04-07 03:45:00,7,4,7,3,45,440,158,,47.252,-1.785,Nuit sans éclairage public,Hors agglomération,Hors intersection,Normale,Autre collision,,,,,,,,,,,3,1,1,1,6
200700018770,0007-04-12 12:45:00,7,4,12,12,45,440,217,,,,Plein jour,Hors agglomération,Hors intersection,Normale,Deux véhicules - côté,,,,,,,,,,,1,1,1,1,3
200700018771,0007-04-18 02:15:00,7,4,18,2,15,440,89,CHEMIN DE LA FONTAINE,,,Nuit sans éclairage public,En agglomération,Hors intersection,Normale,Autre collision,,,,,,,,,,,3,2,1,1,6
200700018772,0007-04-07 14:45:00,7,4,7,14,45,490,20,Rue de la Picoterie,47.479,-0.633,Plein jour,En agglomération,Hors intersection,Normale,Deux véhicules - côté,,,,,,,,,,,1,2,1,1,3
200700018773,0007-04-14 10:15:00,7,4,14,10,15,490,196,,47.51,-0.64,Plein jour,Hors agglomération,Hors intersection,Temps couvert,Sans collision,,,,,,,,,,,1,1,1,8,7
200700018774,0007-04-11 06:30:00,7,4,11,6,30,490,50,,,,Crépuscule ou aube,Hors agglomération,Autre intersection,Normale,Sans collision,,,,,,,,,,,2,1,9,1,7
200700018775,0007-04-16 08:30:00,7,4,16,8,30,490,167,Grand'Rue,47.408,-0.471,Plein jour,En agglomération,Intersection en X,Normale,Deux véhicules - côté,,,,,,,,,,,1,2,2,1,3
200700018776,0007-04-27 14:45:00,7,4,27,14,45,490,86,,,,Plein jour,Hors agglomération,Hors intersection,Normale,Deux véhicules - côté,,,,,,,,,,,1,1,1,1,3
200700018777,0007-04-05 14:45:00,7,4,5,14,45,490,323,,,,Plein jour,Hors agglomération,Hors intersection,Normale,Deux véhicules - frontale,,,,,,,,,,,1,1,1,1,1
200700018778,0007-04-26 18:45:00,7,4,26,18,45,490,32,Carrefour,47.429,-0.382,Plein jour,En agglomération,Intersection en X,Normale,Deux véhicules - côté,,,,,,,,,,,1,2,2,1,3
200700018779,0007-04-03 17:30:00,7,4,3,17,30,490,244,,,,Plein jour,Hors agglomération,Hors intersection,Normale,Autre collision,,,,,,,,,,,1,1,1,1,6
200700018780,0007-04-27 16:30:00,7,4,27,16,30,490,283,RD961 route de chevigné,,,Plein jour,En agglomération,Hors intersection,Normale,Deux véhicules - arrière,,,,,,,,,,,1,2,1,1,2
200700018781,0007-04-29 15:15:00,7,4,29,15,15,490,244,,47.363,-0.844,Plein jour,Hors agglomération,Hors intersection,Normale,Trois véhicules et plus - collisions multiples,,,,,,,,,,,1,1,1,1,5
200700018782,0007-04-07 07:45:00,7,4,7,7,45,490,127,,,,Plein jour,En agglomération,Hors intersection,Normale,Sans collision,,,,,,,,,,,1,2,1,1,7
200700018783,0007-04-08 08:15:00,7,4,8,8,15,490,127,,47.662,-0.278,Plein jour,Hors agglomération,Hors intersection,Normale,Deux véhicules - frontale,,,,,,,,,,,1,1,1,1,1
200700018784,0007-04-14 18:45:00,7,4,14,18,45,490,373,,47.14,-0.54,Plein jour,Hors agglomération,Intersection en X,Normale,Deux véhicules - côté,,,,,,,,,,,1,1,2,1,3
200700018785,0007-04-22 04:30:00,7,4,22,4,30,490,149,Rue du Fief Vaslin,47.342,-0.24,Nuit avec éclairage allumé,En agglomération,Hors intersection,Normale,Autre collision,,,,,,,,,,,5,2,1,1,6
200700018786,0007-04-18 09:45:00,7,4,18,9,45,490,88,,,,Plein jour,Hors agglomération,Hors intersection,Normale,Deux véhicules - frontale,,,,,,,,,,,1,1,1,1,1
200700018787,0007-04-19 07:45:00,7,4,19,7,45,490,277,,,,Plein jour,Hors agglomération,Hors intersection,Normale,Deux véhicules - côté,,,,,,,,,,,1,1,1,1,3
200700018788,0007-04-29 17:15:00,7,4,29,17,15,490,88,,,,Plein jour,Hors agglomération,Hors intersection,Normale,Sans collision,,,,,,,,,,,1,1,1,1,7
200700018789,0007-04-09 16:30:00,7,4,9,16,30,490,271,,47.535,-0.757,Plein jour,Hors agglomération,Hors intersection,Normale,Autre collision,,,,,,,,,,,1,1,1,1,6
200700018790,0007-04-27 20:00:00,7,4,27,20,0,490,183,RUE DES FRESNES,47.526,-0.887,Plein jour,En agglomération,Hors intersection,Normale,Deux véhicules - frontale,,,,,,,,,,,1,2,1,1,1
200700018791,0007-04-29 05:00:00,7,4,29,5,0,490,376,,,,Nuit sans éclairage public,Hors agglomération,Hors intersection,Normale,Autre collision,,,,,,,,,,,3,1,1,1,6
200700018792,0007-04-21 15:00:00,7,4,21,15,0,490,105,,47.733,-0.509,Plein jour,Hors agglomération,Hors intersection,Normale,Deux véhicules - frontale,,,,,,,,,,,1,1,1,1,1
200700018793,0007-04-07 16:30:00,7,4,7,16,30,530,175,,48.028,-0.686,Plein jour,Hors agglomération,Hors intersection,Normale,Trois véhicules et plus - collisions multiples,,,,,,,,,,,1,1,1,1,5
200700018794,0007-04-22 19:45:00,7,4,22,19,45,530,228,,,,Plein jour,Hors agglomération,Hors intersection,Normale,Deux véhicules - côté,,,,,,,,,,,1,1,1,1,3
200700018795,0007-04-20 10:45:00,7,4,20,10,45,530,62,route de laval,,,Plein jour,En agglomération,Hors intersection,Normale,Deux véhicules - côté,,,,,,,,,,,1,2,1,1,3
200700018796,0007-04-15 17:15:00,7,4,15,17,15,530,73,,47.805,-1.151,Plein jour,Hors agglomération,Hors intersection,Normale,Deux véhicules - frontale,,,,,,,,,,,1,1,1,1,1
200700018797,0007-04-21 16:45:00,7,4,21,16,45,530,12,,47.88,-0.941,Plein jour,Hors agglomération,Hors intersection,Normale,Deux véhicules - arrière,,,,,,,,,,,1,1,1,1,2
200700018798,0007-04-04 15:00:00,7,4,4,15,0,530,96,PK croissant   1 +  500,,,Plein jour,Hors agglomération,Intersection en X,Normale,Deux véhicules - côté,,,,,,,,,,,1,1,2,1,3
200700018799,0007-04-11 10:00:00,7,4,11,10,0,530,96,avenue Aristide Briand,,,Plein jour,En agglomération,Hors intersection,Normale,Deux véhicules - frontale,,,,,,,,,,,1,2,1,1,1
200700018800,0007-04-02 17:00:00,7,4,2,17,0,530,112,,48.37,-0.325,Plein jour,Hors agglomération,Intersection en X,Normale,Deux véhicules - frontale,,,,,,,,,,,1,1,2,1,1
200700018801,0007-04-22 16:00:00,7,4,22,16,0,530,144,,48.359,-0.477,Plein jour,Hors agglomération,Hors intersection,Normale,Sans collision,,,,,,,,,,,1,1,1,1,7
200700018802,0007-04-06 17:15:00,7,4,6,17,15,720,200,,,,Plein jour,Hors agglomération,Intersection en X,Temps éblouissant,Deux véhicules - côté,,,,,,,,,,,1,1,2,7,3
200700018803,0007-04-29 17:00:00,7,4,29,17,0,720,187,,,,Plein jour,Hors agglomération,Hors intersection,Pluie forte,Sans collision,,,,,,,,,,,1,1,1,3,7
200700018804,0007-04-15 16:30:00,7,4,15,16,30,720,42,,,,Plein jour,Hors agglomération,Hors intersection,Normale,Sans collision,,,,,,,,,,,1,1,1,1,7
200700018805,0007-04-16 20:15:00,7,4,16,20,15,720,64,,47.854,0.713,Crépuscule ou aube,Hors agglomération,Hors intersection,Normale,Sans collision,,,,,,,,,,,2,1,1,1,7
200700018806,0007-04-12 06:30:00,7,4,12,6,30,720,54,,,,Crépuscule ou aube,Hors agglomération,Hors intersection,Normale,Trois véhicules et plus - collisions multiples,,,,,,,,,,,2,1,1,1,5
200700018807,0007-04-22 15:00:00,7,4,22,15,0,720,386,40 Route du Mans,,,Plein jour,En agglomération,Hors intersection,Normale,Deux véhicules - côté,,,,,,,,,,,1,2,1,1,3
200700018808,0007-04-26 21:40:00,7,4,26,21,40,720,300,ieux dit la TAILLARDERIE,48.043,0.401,Nuit sans éclairage public,Hors agglomération,Hors intersection,Normale,Deux véhicules - arrière,,,,,,,,,,,3,1,1,1,2
200700018809,0007-04-06 15:30:00,7,4,6,15,30,720,278,,48.034,-0.287,Plein jour,Hors agglomération,Hors intersection,Normale,Deux véhicules - frontale,,,,,,,,,,,1,1,1,1,1
200700018810,0007-04-23 18:15:00,7,4,23,18,15,720,96,,,,Plein jour,Hors agglomération,Intersection en X,Normale,Deux véhicules - côté,,,,,,,,,,,1,1,2,1,3
200700018811,0007-04-14 15:00:00,7,4,14,15,0,720,154,RUE DE LA GARENNE AUX CE,47.72,-0.061,Plein jour,En agglomération,Hors intersection,Normale,Autre collision,,,,,,,,,,,1,2,1,1,6
200700018812,0007-04-03 17:45:00,7,4,3,17,45,720,143,,47.865,0.479,Plein jour,Hors agglomération,Hors intersection,Normale,Deux véhicules - arrière,,,,,,,,,,,1,1,1,1,2
200700018813,0007-04-15 03:45:00,7,4,15,3,45,720,384,,47.693,0.455,Nuit avec éclairage non allumé,Hors agglomération,Hors intersection,Normale,Autre collision,,,,,,,,,,,4,1,1,1,6
200700018814,0007-04-26 09:00:00,7,4,26,9,0,720,356,,47.773,0.489,Plein jour,Hors agglomération,Intersection en X,Normale,Deux véhicules - côté,,,,,,,,,,,1,1,2,1,3
200700018815,0007-04-05 16:30:00,7,4,5,16,30,720,49,,47.092,0.583,Plein jour,Hors agglomération,Hors intersection,Normale,Deux véhicules - frontale,,,,,,,,,,,1,1,1,1,1
200700018816,0007-04-28 15:00:00,7,4,28,15,0,720,51,,47.835,0.062,Plein jour,Hors agglomération,Hors intersection,Autre,Autre collision,,,,,,,,,,,1,1,1,9,6
200700018817,0007-04-08 12:00:00,7,4,8,12,0,720,264,rue st nicolas,,,Plein jour,En agglomération,Hors intersection,Normale,Deux véhicules - côté,,,,,,,,,,,1,2,1,1,3
200700018818,0007-04-30 19:45:00,7,4,30,19,45,720,264,,,,Plein jour,Hors agglomération,Hors intersection,Normale,Autre collision,,,,,,,,,,,1,1,1,1,6
200700018819,0007-04-01 17:45:00,7,4,1,17,45,720,122,,48.074,0.578,Plein jour,Hors agglomération,Hors intersection,Normale,Deux véhicules - frontale,,,,,,,,,,,1,1,1,1,1
200700018820,0007-04-19 20:00:00,7,4,19,20,0,720,363,,48.106,0.537,Crépuscule ou aube,Hors agglomération,Hors intersection,Normale,Autre collision,,,,,,,,,,,2,1,1,1,6
200700018821,0007-04-22 17:15:00,7,4,22,17,15,720,29,avenue division Leclerc,,,Plein jour,En agglomération,Intersection en X,Normale,Deux véhicules - côté,,,,,,,,,,,1,2,2,1,3
200700018822,0007-04-20 18:45:00,7,4,20,18,45,850,93,,,,Plein jour,Hors agglomération,Hors intersection,Normale,Deux véhicules - côté,,,,,,,,,,,1,1,1,1,3
200700018823,0007-04-20 05:00:00,7,4,20,5,0,850,153,,46.833,-1.052,Nuit sans éclairage public,Hors agglomération,Hors intersection,Normale,Autre collision,,,,,,,,,,,3,1,1,1,6
200700018824,0007-04-08 19:00:00,7,4,8,19,0,850,107,lieu-dit La Promenade,,,Plein jour,Hors agglomération,Hors intersection,Temps éblouissant,Deux véhicules - frontale,,,,,,,,,,,1,1,1,7,1
200700018825,0007-04-22 20:00:00,7,4,22,20,0,850,107,,46.961,-1.233,Crépuscule ou aube,Hors agglomération,Hors intersection,Temps éblouissant,Deux véhicules - frontale,,,,,,,,,,,2,1,1,7,1
200700018826,0007-04-19 09:30:00,7,4,19,9,30,850,293,,47.0,-1.09,Plein jour,Hors agglomération,Hors intersection,Normale,Deux véhicules - frontale,,,,,,,,,,,1,1,1,1,1
200700018827,0007-04-20 17:30:00,7,4,20,17,30,850,97,,46.947,-1.058,Plein jour,Hors agglomération,Hors intersection,Normale,Sans collision,,,,,,,,,,,1,1,1,1,7
200700018828,0007-04-04 18:50:00,7,4,4,18,50,850,3,poire / rue de bretagne,,,Plein jour,En agglomération,Hors intersection,Normale,Deux véhicules - côté,,,,,,,,,,,1,2,1,1,3
200700018829,0007-04-09 16:10:00,7,4,9,16,10,850,3,La Dédiére,46.73,-1.63,Plein jour,Hors agglomération,Hors intersection,Normale,Deux véhicules - arrière,,,,,,,,,,,1,1,1,1,2
200700018830,0007-04-13 14:30:00,7,4,13,14,30,850,98,,46.733,-1.478,Plein jour,Hors agglomération,Hors intersection,Normale,Deux véhicules - frontale,,,,,,,,,,,1,1,1,1,1
200700018831,0007-04-16 09:00:00,7,4,16,9,0,850,178,,,,Plein jour,Hors agglomération,Hors intersection,Normale,Sans collision,,,,,,,,,,,1,1,1,1,7
200700018832,0007-04-17 09:45:00,7,4,17,9,45,850,19,,,,Plein jour,Hors agglomération,Hors intersection,Normale,Deux véhicules - frontale,,,,,,,,,,,1,1,1,1,1
200700018833,0007-04-06 15:00:00,7,4,6,15,0,850,209,,46.524,-0.98,Plein jour,Hors agglomération,Hors intersection,Normale,Deux véhicules - arrière,,,,,,,,,,,1,1,1,1,2