accident_id,datetime,annee,mois,jour,heure,minute,departement,commune_insee,adresse,latitude,longitude,luminosite,agglomeration,intersection,meteo,collision,nb_vehicules,nb_usagers,nb_indemnes,nb_tues,nb_blesses_hosp,nb_blesses_legers,age_cond_1,age_cond_2,veh_type_cond_1,veh_type_cond_2,lum_code,agg_code,int_code,atm_code,col_code
200700018834,0007-04-11 21:45:00,7,4,11,21,45,850,128,INTERSECTION CD200 CD14,46.46,-1.16,Nuit avec éclairage allumé,En agglomération,Giratoire,Pluie légère,Autre collision,,,,,,,,,,,5,2,6,2,6
200700018835,0007-04-25 11:45:00,7,4,25,11,45,850,216,,46.468,-1.129,Plein jour,Hors agglomération,Hors intersection,Normale,Deux véhicules - frontale,,,,,,,,,,,1,1,1,1,1
200700018836,0007-04-13 17:30:00,7,4,13,17,30,850,168,,46.391,-0.622,Plein jour,Hors agglomération,Hors intersection,Normale,Deux véhicules - frontale,,,,,,,,,,,1,1,1,1,1
200700018837,0007-04-17 15:30:00,7,4,17,15,30,850,28,,46.39,-0.68,Plein jour,Hors agglomération,Hors intersection,Normale,Sans collision,,,,,,,,,,,1,1,1,1,7
200700018838,0007-04-16 21:30:00,7,4,16,21,30,850,63,,46.868,-0.839,Nuit sans éclairage public,Hors agglomération,Hors intersection,Normale,Sans collision,,,,,,,,,,,3,1,1,1,7
200700018839,0007-04-20 14:15:00,7,4,20,14,15,850,95,,,,Plein jour,Hors agglomération,Hors intersection,Normale,Autre collision,,,,,,,,,,,1,1,1,1,6
200700018840,0007-04-26 16:30:00,7,4,26,16,30,850,47,Boulevard Schweitzer,46.846,-1.873,Plein jour,En agglomération,Hors intersection,Normale,Autre collision,,,,,,,,,,,1,2,1,1,6
200700018841,0007-04-28 12:30:00,7,4,28,12,30,850,55,,,,Plein jour,Hors agglomération,Hors intersection,Normale,Deux véhicules - frontale,,,,,,,,,,,1,1,1,1,1
200700018842,0007-04-18 07:15:00,7,4,18,7,15,850,250,01 avenue des Sables,,,Plein jour,En agglomération,Hors intersection,Normale,Autre collision,,,,,,,,,,,1,2,1,1,6
200700018843,0007-04-22 10:45:00,7,4,22,10,45,850,236,Lieu dit Le Pierrou,46.63,-1.68,Plein jour,Hors agglomération,Hors intersection,Normale,Deux véhicules - côté,,,,,,,,,,,1,1,1,1,3
200700018844,0007-04-10 18:15:00,7,4,10,18,15,850,35,,46.65,-1.89,Plein jour,Hors agglomération,Intersection en Y,Normale,Trois véhicules et plus - collisions multiples,,,,,,,,,,,1,1,4,1,5
200700018845,0007-04-18 22:45:00,7,4,18,22,45,850,222,rue Louis Cristau,,,Nuit avec éclairage allumé,En agglomération,Hors intersection,Normale,Sans collision,,,,,,,,,,,5,2,1,1,7
200700018846,0007-04-27 14:15:00,7,4,27,14,15,850,70,,,,Plein jour,Hors agglomération,Hors intersection,Normale,Autre collision,,,,,,,,,,,1,1,1,1,6
200700018847,0007-04-28 13:15:00,7,4,28,13,15,850,234,,,,Plein jour,Hors agglomération,Hors intersection,Normale,Deux véhicules - frontale,,,,,,,,,,,1,1,1,1,1
200700018848,0007-04-06 23:00:00,7,4,6,23,0,850,156,2 RUE GEORGES CLEMENCEAU,,,Nuit avec éclairage allumé,En agglomération,Hors intersection,Normale,Autre collision,,,,,,,,,,,5,2,1,1,6
200700018849,0007-04-09 19:15:00,7,4,9,19,15,850,179,,46.501,-1.525,Plein jour,Hors agglomération,Hors intersection,Normale,Deux véhicules - frontale,,,,,,,,,,,1,1,1,1,1
200700018850,0007-04-28 20:30:00,7,4,28,20,30,330,51,,,,Crépuscule ou aube,Hors agglomération,Hors intersection,Normale,Deux véhicules - frontale,,,,,,,,,,,2,1,1,1,1
200700018851,0007-04-06 23:00:00,7,4,6,23,0,330,519,,44.91,-0.697,Nuit avec éclairage allumé,Hors agglomération,Hors intersection,Normale,Deux véhicules - frontale,,,,,,,,,,,5,1,1,1,1
200700018852,0007-04-08 18:45:00,7,4,8,18,45,330,236,petit piquey -D106,44.73,-1.2,Plein jour,En agglomération,Hors intersection,Normale,Trois véhicules et plus - collisions multiples,,,,,,,,,,,1,2,1,1,5
200700018853,0007-04-28 08:50:00,7,4,28,8,50,330,422,D 106  entre PK 18 et 19,,,Plein jour,En agglomération,Hors intersection,Normale,Sans collision,,,,,,,,,,,1,2,1,1,7
200700018854,0007-04-05 18:15:00,7,4,5,18,15,330,449,avenue de Pagnot,,,Plein jour,En agglomération,Hors intersection,Normale,Deux véhicules - frontale,,,,,,,,,,,1,2,1,1,1
200700018855,0007-04-07 11:45:00,7,4,7,11,45,330,449,rue François MITTERRAND,,,Plein jour,En agglomération,Autre intersection,Normale,Autre collision,,,,,,,,,,,1,2,9,1,6
200700018856,0007-04-14 17:45:00,7,4,14,17,45,330,67,,45.044,-0.549,Plein jour,Hors agglomération,Hors intersection,Normale,Deux véhicules - frontale,,,,,,,,,,,1,1,1,1,1
200700018857,0007-04-21 17:15:00,7,4,21,17,15,330,161,,45.19,-0.6,Plein jour,En agglomération,Hors intersection,Normale,Autre collision,,,,,,,,,,,1,2,1,1,6
200700018858,0007-04-05 16:45:00,7,4,5,16,45,330,272,,45.073,-0.375,Plein jour,Hors agglomération,Hors intersection,Normale,Trois véhicules et plus - collisions multiples,,,,,,,,,,,1,1,1,1,5
200700018859,0007-04-03 20:30:00,7,4,3,20,30,330,438,,44.578,-0.252,Crépuscule ou aube,Hors agglomération,Hors intersection,Normale,Sans collision,,,,,,,,,,,2,1,1,1,7
200700018860,0007-04-05 08:15:00,7,4,5,8,15,330,81,CD 10,44.648,-0.322,Plein jour,En agglomération,Hors intersection,Normale,Deux véhicules - côté,,,,,,,,,,,1,2,1,1,3
200700018861,0007-04-06 22:00:00,7,4,6,22,0,330,505,,,,Nuit avec éclairage allumé,Hors agglomération,Hors intersection,Normale,Autre collision,,,,,,,,,,,5,1,1,1,6
200700018862,0007-04-20 19:38:00,7,4,20,19,38,330,84,Lieu dit Esconac,,,Plein jour,Hors agglomération,Hors intersection,Normale,Autre collision,,,,,,,,,,,1,1,1,1,6
200700018863,0007-04-01 16:45:00,7,4,1,16,45,330,535,,44.843,-0.487,Plein jour,Hors agglomération,Hors intersection,Normale,Autre collision,,,,,,,,,,,1,1,1,1,6
200700018864,0007-04-05 17:15:00,7,4,5,17,15,330,330,7 avenue de la Mairie,44.85,-0.43,Plein jour,En agglomération,Hors intersection,Normale,Sans collision,,,,,,,,,,,1,2,1,1,7
200700018865,0007-04-25 17:15:00,7,4,25,17,15,330,165,Ave Entre 2 mers,44.82,-0.44,Plein jour,En agglomération,Hors intersection,Normale,Deux véhicules - côté,,,,,,,,,,,1,2,1,1,3
200700018866,0007-04-18 05:15:00,7,4,18,5,15,330,366,,44.993,-0.423,Nuit avec éclairage allumé,Hors agglomération,Giratoire,Normale,Sans collision,,,,,,,,,,,5,1,6,1,7
200700018867,0007-04-05 21:15:00,7,4,5,21,15,330,227,RN524,44.553,-0.244,Nuit avec éclairage allumé,En agglomération,Giratoire,Normale,Deux véhicules - côté,,,,,,,,,,,5,2,6,1,3
200700018868,0007-04-08 17:00:00,7,4,8,17,0,330,512,,44.482,-0.023,Plein jour,Hors agglomération,Hors intersection,Normale,Autre collision,,,,,,,,,,,1,1,1,1,6
200700018869,0007-04-18 17:30:00,7,4,18,17,30,330,136,,44.663,0.123,Plein jour,Hors agglomération,Intersection en X,Normale,Deux véhicules - côté,,,,,,,,,,,1,1,2,1,3
200700018870,0007-04-08 00:45:00,7,4,8,0,45,330,291,,,,Nuit sans éclairage public,Hors agglomération,Hors intersection,Normale,Autre collision,,,,,,,,,,,3,1,1,1,6
200700018871,0007-04-13 14:00:00,7,4,13,14,0,330,336,,,,Plein jour,Hors agglomération,Hors intersection,Temps couvert,Autre collision,,,,,,,,,,,1,1,1,8,6
200700018872,0007-04-01 17:45:00,7,4,1,17,45,330,300,,45.25,-1.005,Plein jour,Hors agglomération,Hors intersection,Pluie légère,Sans collision,,,,,,,,,,,1,1,1,2,7
200700018873,0007-04-02 18:00:00,7,4,2,18,0,330,395,,,,Plein jour,Hors agglomération,Hors intersection,Normale,Deux véhicules - côté,,,,,,,,,,,1,1,1,1,3
200700018874,0007-04-10 14:15:00,7,4,10,14,15,330,394,,44.912,-0.177,Plein jour,Hors agglomération,Hors intersection,Normale,Trois véhicules et plus - collisions multiples,,,,,,,,,,,1,1,1,1,5
200700018875,0007-04-02 07:45:00,7,4,2,7,45,330,138,rue baste,45.042,-0.13,Plein jour,En agglomération,Hors intersection,Normale,Autre collision,,,,,,,,,,,1,2,1,1,6
200700018876,0007-04-15 19:00:00,7,4,15,19,0,330,138,,45.05,-0.1,Plein jour,Hors agglomération,Giratoire,Normale,Autre collision,,,,,,,,,,,1,1,6,1,6
200700018877,0007-04-16 09:15:00,7,4,16,9,15,330,393,,44.978,-0.199,Plein jour,Hors agglomération,Intersection en Y,Normale,Deux véhicules - frontale,,,,,,,,,,,1,1,4,1,1
200700018878,0007-04-03 13:45:00,7,4,3,13,45,330,402,rue Jean Jacques ROUSSEA,,,Plein jour,En agglomération,Hors intersection,Normale,Deux véhicules - frontale,,,,,,,,,,,1,2,1,1,1
200700018879,0007-04-14 09:00:00,7,4,14,9,0,330,402,CD936,,,Nuit avec éclairage allumé,En agglomération,Hors intersection,Pluie légère,Sans collision,,,,,,,,,,,5,2,1,2,7
200700018880,0007-04-17 18:15:00,7,4,17,18,15,330,324,avenue du maréchal Lecle,,,Plein jour,En agglomération,Hors intersection,Normale,Trois véhicules et plus - collisions multiples,,,,,,,,,,,1,2,1,1,5
200700018881,0007-04-22 09:00:00,7,4,22,9,0,330,269,,,,Plein jour,Hors agglomération,Hors intersection,Normale,Deux véhicules - côté,,,,,,,,,,,1,1,1,1,3
200700018882,0007-04-21 14:00:00,7,4,21,14,0,240,156,,,,Plein jour,Hors agglomération,Hors intersection,Normale,Deux véhicules - frontale,,,,,,,,,,,1,1,1,1,1
200700018883,0007-04-27 04:15:00,7,4,27,4,15,240,13,,,,Nuit sans éclairage public,Hors agglomération,Hors intersection,Pluie légère,Autre collision,,,,,,,,,,,3,1,1,2,6
200700018884,0007-04-26 16:00:00,7,4,26,16,0,240,64,,,,Plein jour,Hors agglomération,Hors intersection,Normale,Sans collision,,,,,,,,,,,1,1,1,1,7
200700018885,0007-04-13 16:00:00,7,4,13,16,0,240,137,,45.329,0.96,Plein jour,Hors agglomération,Hors intersection,Normale,Autre collision,,,,,,,,,,,1,1,1,1,6
200700018886,0007-04-19 17:15:00,7,4,19,17,15,240,147,,45.235,0.931,Plein jour,Hors agglomération,Hors intersection,Normale,Autre collision,,,,,,,,,,,1,1,1,1,6
200700018887,0007-04-08 10:45:00,7,4,8,10,45,240,487,,,,Plein jour,Hors agglomération,Intersection en X,Normale,Deux véhicules - côté,,,,,,,,,,,1,1,2,1,3
200700018888,0007-04-29 17:30:00,7,4,29,17,30,240,225,,,,Plein jour,Hors agglomération,Hors intersection,Normale,Deux véhicules - frontale,,,,,,,,,,,1,1,1,1,1
200700018889,0007-04-08 17:45:00,7,4,8,17,45,240,223,,44.838,0.716,Plein jour,Hors agglomération,Hors intersection,Normale,Deux véhicules - côté,,,,,,,,,,,1,1,1,1,3
200700018890,0007-04-07 13:30:00,7,4,7,13,30,240,181,,,,Plein jour,Hors agglomération,Hors intersection,Normale,Deux véhicules - frontale,,,,,,,,,,,1,1,1,1,1
200700018891,0007-04-17 00:15:00,7,4,17,0,15,240,148,Le Bourg,44.785,0.376,Nuit avec éclairage allumé,En agglomération,Hors intersection,Normale,Autre collision,,,,,,,,,,,5,2,1,1,6
200700018892,0007-04-22 18:00:00,7,4,22,18,0,240,349,,,,Plein jour,Hors agglomération,Hors intersection,Normale,Autre collision,,,,,,,,,,,1,1,1,1,6
200700018893,0007-04-24 15:00:00,7,4,24,15,0,240,331,,,,Plein jour,Hors agglomération,Intersection en X,Normale,Deux véhicules - côté,,,,,,,,,,,1,1,2,1,3
200700018894,0007-04-29 15:45:00,7,4,29,15,45,240,568,,44.854,0.109,Plein jour,Hors agglomération,Hors intersection,Normale,Deux véhicules - côté,,,,,,,,,,,1,1,1,1,3
200700018895,0007-04-21 00:01:00,7,4,21,0,1,240,16,Lieu dit Puybrégout,,,Nuit sans éclairage public,Hors agglomération,Hors intersection,Normale,Autre collision,,,,,,,,,,,3,1,1,1,6
200700018896,0007-04-30 18:30:00,7,4,30,18,30,240,526,,,,Plein jour,Hors agglomération,Hors intersection,Normale,Autre collision,,,,,,,,,,,1,1,1,1,6
200700018897,0007-04-09 01:30:00,7,4,9,1,30,240,573,,45.339,0.367,Nuit sans éclairage public,Hors agglomération,Hors intersection,Normale,Deux véhicules - frontale,,,,,,,,,,,3,1,1,1,1
200700018898,0007-04-08 15:00:00,7,4,8,15,0,240,520,Avenue Thiers,,,Plein jour,En agglomération,Hors intersection,Normale,Deux véhicules - côté,,,,,,,,,,,1,2,1,1,3
200700018899,0007-04-19 15:15:00,7,4,19,15,15,240,520,Avenue de Selves,,,Plein jour,En agglomération,Hors intersection,Normale,Deux véhicules - frontale,,,,,,,,,,,1,2,1,1,1
200700018900,0007-04-21 18:45:00,7,4,21,18,45,240,516,,44.942,1.36,Plein jour,Hors agglomération,Intersection en Y,Temps éblouissant,Deux véhicules - frontale,,,,,,,,,,,1,1,4,7,1
200700018901,0007-04-05 16:15:00,7,4,5,16,15,240,35,,,,Plein jour,Hors agglomération,Hors intersection,Normale,Deux véhicules - côté,,,,,,,,,,,1,1,1,1,3
200700018902,0007-04-27 23:45:00,7,4,27,23,45,240,229,ROUTE Impériale,45.136,1.248,Nuit sans éclairage public,En agglomération,Hors intersection,Normale,Autre collision,,,,,,,,,,,3,2,1,1,6
200700018903,0007-04-18 10:40:00,7,4,18,10,40,400,66,"lieu dit ""Martiac""",,,Plein jour,Hors agglomération,Hors intersection,Normale,Deux véhicules - frontale,,,,,,,,,,,1,1,1,1,1
200700018904,0007-04-20 22:00:00,7,4,20,22,0,400,201,rue Vincent de Paul,43.755,-0.751,Nuit sans éclairage public,En agglomération,Hors intersection,Normale,Autre collision,,,,,,,,,,,3,2,1,1,6
200700018905,0007-04-10 06:45:00,7,4,10,6,45,400,206,,43.53,-1.103,Nuit sans éclairage public,Hors agglomération,Hors intersection,Brouillard / fumée,Sans collision,,,,,,,,,,,3,1,1,5,7
200700018906,0007-04-29 16:15:00,7,4,29,16,15,400,269,,43.619,-1.124,Plein jour,En agglomération,Hors intersection,Normale,Deux véhicules - frontale,,,,,,,,,,,1,2,1,1,1
200700018907,0007-04-14 16:30:00,7,4,14,16,30,400,65,ENCEAU et Av DELATRE DE,,,Plein jour,En agglomération,Hors intersection,Normale,Deux véhicules - côté,,,,,,,,,,,1,2,1,1,3
200700018908,0007-04-14 18:30:00,7,4,14,18,30,400,302,,,,Plein jour,Hors agglomération,Hors intersection,Normale,Deux véhicules - côté,,,,,,,,,,,1,1,1,1,3
200700018909,0007-04-09 14:30:00,7,4,9,14,30,400,282,,,,Plein jour,Hors agglomération,Hors intersection,Normale,Deux véhicules - frontale,,,,,,,,,,,1,1,1,1,1
200700018910,0007-04-18 17:45:00,7,4,18,17,45,400,110,route de Samadet,,,Plein jour,Hors agglomération,Hors intersection,Normale,Autre collision,,,,,,,,,,,1,1,1,1,6
200700018911,0007-04-28 08:30:00,7,4,28,8,30,400,331,,43.891,-0.3,Plein jour,Hors agglomération,Hors intersection,Normale,Deux véhicules - côté,,,,,,,,,,,1,1,1,1,3
200700018912,0007-04-08 11:30:00,7,4,8,11,30,470,16,,44.141,0.558,Plein jour,Hors agglomération,Hors intersection,Normale,Sans collision,,,,,,,,,,,1,1,1,1,7
200700018913,0007-04-11 19:15:00,7,4,11,19,15,470,91,,,,Plein jour,Hors agglomération,Hors intersection,Normale,Deux véhicules - frontale,,,,,,,,,,,1,1,1,1,1
200700018914,0007-04-13 18:00:00,7,4,13,18,0,470,40,chemin de lestagné,,,Plein jour,En agglomération,Hors intersection,Normale,Deux véhicules - frontale,,,,,,,,,,,1,2,1,1,1
200700018915,0007-04-21 05:30:00,7,4,21,5,30,470,4,PK46.700,,,Nuit avec éclairage allumé,Hors agglomération,Hors intersection,Normale,Deux véhicules - frontale,,,,,,,,,,,5,1,1,1,1
200700018916,0007-04-03 19:15:00,7,4,3,19,15,470,289,,,,Plein jour,Hors agglomération,Hors intersection,Normale,Deux véhicules - frontale,,,,,,,,,,,1,1,1,1,1
200700018917,0007-04-09 17:15:00,7,4,9,17,15,470,234,,44.211,0.777,Plein jour,Hors agglomération,Hors intersection,Normale,Autre collision,,,,,,,,,,,1,1,1,1,6
200700018918,0007-04-01 10:30:00,7,4,1,10,30,470,157,,44.518,0.196,Plein jour,Hors agglomération,Hors intersection,Normale,Autre collision,,,,,,,,,,,1,1,1,1,6
200700018919,0007-04-01 04:30:00,7,4,1,4,30,470,204,,44.584,0.331,Nuit sans éclairage public,Hors agglomération,Hors intersection,Normale,Sans collision,,,,,,,,,,,3,1,1,1,7
200700018920,0007-04-11 21:15:00,7,4,11,21,15,470,168,CD 279 - Rue RODIN,44.601,0.367,Nuit sans éclairage public,En agglomération,Intersection en X,Normale,Deux véhicules - côté,,,,,,,,,,,3,2,2,1,3
200700018921,0007-04-15 04:30:00,7,4,15,4,30,470,233,,,,Nuit sans éclairage public,Hors agglomération,Hors intersection,Normale,Autre collision,,,,,,,,,,,3,1,1,1,6
200700018922,0007-04-23 18:00:00,7,4,23,18,0,470,233,,,,Plein jour,Hors agglomération,Intersection en X,Normale,Deux véhicules - côté,,,,,,,,,,,1,1,2,1,3
200700018923,0007-04-06 15:45:00,7,4,6,15,45,470,65,,,,Plein jour,Hors agglomération,Hors intersection,Normale,Autre collision,,,,,,,,,,,1,1,1,1,6
200700018924,0007-04-06 22:15:00,7,4,6,22,15,470,65,,44.374,0.363,Nuit sans éclairage public,Hors agglomération,Hors intersection,Normale,Deux véhicules - frontale,,,,,,,,,,,3,1,1,1,1
200700018925,0007-04-20 18:30:00,7,4,20,18,30,470,310,RD 911,44.388,0.322,Plein jour,En agglomération,Hors intersection,Normale,Autre collision,,,,,,,,,,,1,2,1,1,6
200700018926,0007-04-11 20:00:00,7,4,11,20,0,470,78,Boulevard du Midi,44.294,0.277,Plein jour,En agglomération,Hors intersection,Temps éblouissant,Autre collision,,,,,,,,,,,1,2,1,7,6
200700018927,0007-04-29 03:00:00,7,4,29,3,0,470,203,,,,Nuit sans éclairage public,Hors agglomération,Hors intersection,Normale,Autre collision,,,,,,,,,,,3,1,1,1,6
200700018928,0007-04-30 17:15:00,7,4,30,17,15,470,240,,44.619,0.744,Plein jour,Hors agglomération,Hors intersection,Normale,Deux véhicules - frontale,,,,,,,,,,,1,1,1,1,1
200700018929,0007-04-08 19:45:00,7,4,8,19,45,470,292,le bourg,,,Plein jour,En agglomération,Hors intersection,Normale,Autre collision,,,,,,,,,,,1,2,1,1,6
200700018930,0007-04-14 15:30:00,7,4,14,15,30,470,185,,,,Plein jour,Hors agglomération,Hors intersection,Normale,Deux véhicules - frontale,,,,,,,,,,,1,1,1,1,1
200700018931,0007-04-06 08:15:00,7,4,6,8,15,470,49,rue des Remparts,,,Plein jour,En agglomération,Hors intersection,Normale,Deux véhicules - côté,,,,,,,,,,,1,2,1,1,3
200700018932,0007-04-16 12:00:00,7,4,16,12,0,470,81,,,,Plein jour,Hors agglomération,Hors intersection,Normale,Deux véhicules - frontale,,,,,,,,,,,1,1,1,1,1
200700018933,0007-04-24 05:15:00,7,4,24,5,15,470,252,,,,Nuit sans éclairage public,Hors agglomération,Hors intersection,Normale,Autre collision,,,,,,,,,,,3,1,1,1,6
200700018934,0007-04-27 18:00:00,7,4,27,18,0,470,252,,,,Plein jour,Hors agglomération,Hors intersection,Normale,Deux véhicules - côté,,,,,,,,,,,1,1,1,1,3
200700018935,0007-04-29 02:30:00,7,4,29,2,30,640,191,Route de la Montjoie,43.192,-0.263,Nuit sans éclairage public,En agglomération,Hors intersection,Pluie forte,Autre collision,,,,,,,,,,,3,2,1,3,6
200700018936,0007-04-27 20:15:00,7,4,27,20,15,640,540,,43.491,-1.357,Nuit avec éclairage allumé,En agglomération,Hors intersection,Temps couvert,Deux véhicules - frontale,,,,,,,,,,,5,2,1,8,1
200700018937,0007-04-15 08:30:00,7,4,15,8,30,640,350,,,,Nuit sans éclairage public,Hors agglomération,Hors intersection,Normale,Deux véhicules - frontale,,,,,,,,,,,3,1,1,1,1
200700018938,0007-04-27 14:00:00,7,4,27,14,0,640,105,,43.373,-1.097,Plein jour,Hors agglomération,Hors intersection,Normale,Deux véhicules - frontale,,,,,,,,,,,1,1,1,1,1
200700018939,0007-04-30 16:00:00,7,4,30,16,0,640,493,CD 08,,,Plein jour,En agglomération,Hors intersection,Temps couvert,Deux véhicules - côté,,,,,,,,,,,1,2,1,8,3
200700018940,0007-04-23 16:30:00,7,4,23,16,30,640,422,av.  Ma.l de Lattre de T,43.201,-0.624,Plein jour,En agglomération,Hors intersection,Normale,Deux véhicules - frontale,,,,,,,,,,,1,2,1,1,1
200700018941,0007-04-22 04:00:00,7,4,22,4,0,640,393,Route de Pardies - CD2,43.343,-0.584,Nuit avec éclairage non allumé,En agglomération,Hors intersection,Normale,Deux véhicules - côté,,,,,,,,,,,4,2,1,1,3
200700018942,0007-04-10 17:30:00,7,4,10,17,30,640,430,Avenue Adrien Planté,43.489,-0.76,Plein jour,En agglomération,Hors intersection,Normale,Deux véhicules - côté,,,,,,,,,,,1,2,1,1,3
200700018943,0007-04-11 16:50:00,7,4,11,16,50,640,57,24 Route de N'haux,,,Plein jour,Hors agglomération,Hors intersection,Normale,Deux véhicules - frontale,,,,,,,,,,,1,1,1,1,1
200700018944,0007-04-24 18:15:00,7,4,24,18,15,640,554,,43.423,-0.468,Plein jour,Hors agglomération,Hors intersection,Normale,Deux véhicules - frontale,,,,,,,,,,,1,1,1,1,1
200700018945,0007-04-20 20:30:00,7,4,20,20,30,860,198,,46.532,0.572,Plein jour,Hors agglomération,Hors intersection,Normale,Autre collision,,,,,,,,,,,1,1,1,1,6
200700018946,0007-04-20 14:30:00,7,4,20,14,30,860,226,,,,Plein jour,Hors agglomération,Hors intersection,Normale,Sans collision,,,,,,,,,,,1,1,1,1,7
200700018947,0007-04-07 18:00:00,7,4,7,18,0,860,139,,,,Plein jour,Hors agglomération,Hors intersection,Normale,Sans collision,,,,,,,,,,,1,1,1,1,7
200700018948,0007-04-20 19:45:00,7,4,20,19,45,860,281,Route de JAUNAY-CLAN,,,Plein jour,Hors agglomération,Hors intersection,Normale,Sans collision,,,,,,,,,,,1,1,1,1,7
200700018949,0007-04-20 19:45:00,7,4,20,19,45,860,76,6 Grand'Rue - Lonchard,,,Plein jour,En agglomération,Hors intersection,Normale,Autre collision,,,,,,,,,,,1,2,1,1,6
200700018950,0007-04-22 16:00:00,7,4,22,16,0,860,21,ROUTE DE LA FORET,,,Plein jour,En agglomération,Hors intersection,Normale,Deux véhicules - arrière,,,,,,,,,,,1,2,1,1,2
200700018951,0007-04-27 12:30:00,7,4,27,12,30,860,224,,,,Plein jour,Hors agglomération,Hors intersection,Normale,Autre collision,,,,,,,,,,,1,1,1,1,6
200700018952,0007-04-09 20:00:00,7,4,9,20,0,860,8,Rue de la touche,46.972,0.015,Plein jour,En agglomération,Hors intersection,Normale,Sans collision,,,,,,,,,,,1,2,1,1,7
200700018953,0007-04-15 17:00:00,7,4,15,17,0,860,137,,46.981,0.125,Plein jour,Hors agglomération,Hors intersection,Normale,Sans collision,,,,,,,,,,,1,1,1,1,7
200700018954,0007-04-07 11:45:00,7,4,7,11,45,860,70,,46.577,0.71,Plein jour,Hors agglomération,Intersection en T,Normale,Trois véhicules et plus - collisions multiples,,,,,,,,,,,1,1,3,1,5
200700018955,0007-04-09 19:30:00,7,4,9,19,30,860,237,rue norbert Portejoie,46.153,0.286,Plein jour,En agglomération,Hors intersection,Normale,Deux véhicules - côté,,,,,,,,,,,1,2,1,1,3
200700018956,0007-04-24 13:55:00,7,4,24,13,55,860,118,Pont du Salleron,,,Plein jour,Hors agglomération,Hors intersection,Normale,Autre collision,,,,,,,,,,,1,1,1,1,6
200700018957,0007-04-18 06:15:00,7,4,18,6,15,160,424,,,,Crépuscule ou aube,Hors agglomération,Hors intersection,Brouillard / fumée,Autre collision,,,,,,,,,,,2,1,1,5,6
200700018958,0007-04-22 16:15:00,7,4,22,16,15,160,347,,,,Plein jour,Hors agglomération,Hors intersection,Normale,Deux véhicules - frontale,,,,,,,,,,,1,1,1,1,1
200700018959,0007-04-05 21:00:00,7,4,5,21,0,160,193,,45.725,-0.41,Nuit sans éclairage public,Hors agglomération,Intersection en X,Normale,Deux véhicules - frontale,,,,,,,,,,,3,1,2,1,1
200700018960,0007-04-22 06:00:00,7,4,22,6,0,160,303,le bourg,45.482,-0.112,Nuit sans éclairage public,En agglomération,Hors intersection,Normale,Sans collision,,,,,,,,,,,3,2,1,1,7
200700018961,0007-04-03 18:30:00,7,4,3,18,30,160,90,RUE ERNEST MONIS,,,Plein jour,En agglomération,Hors intersection,Normale,Autre collision,,,,,,,,,,,1,2,1,1,6
200700018962,0007-04-02 11:30:00,7,4,2,11,30,160,192,,,,Plein jour,Hors agglomération,Hors intersection,Normale,Autre collision,,,,,,,,,,,1,1,1,1,6
200700018963,0007-04-21 13:30:00,7,4,21,13,30,160,400,,45.988,0.202,Plein jour,Hors agglomération,Hors intersection,Normale,Deux véhicules - arrière,,,,,,,,,,,1,1,1,1,2
200700018964,0007-04-08 22:15:00,7,4,8,22,15,160,414,,,,Nuit sans éclairage public,Hors agglomération,Hors intersection,Normale,Deux véhicules - frontale,,,,,,,,,,,3,1,1,1,1
200700018965,0007-04-26 13:15:00,7,4,26,13,15,160,282,,,,Plein jour,Hors agglomération,Intersection en T,Normale,Deux véhicules - frontale,,,,,,,,,,,1,1,3,1,1
200700018966,0007-04-15 01:45:00,7,4,15,1,45,160,223,,,,Nuit sans éclairage public,Hors agglomération,Hors intersection,Normale,Sans collision,,,,,,,,,,,3,1,1,1,7
200700018967,0007-04-20 08:45:00,7,4,20,8,45,160,281,rue grande,,,Plein jour,En agglomération,Intersection en X,Normale,Deux véhicules - côté,,,,,,,,,,,1,2,2,1,3
200700018968,0007-04-22 21:15:00,7,4,22,21,15,160,146,Ste Catherine,45.629,0.246,Nuit avec éclairage allumé,En agglomération,Hors intersection,Normale,Deux véhicules - côté,,,,,,,,,,,5,2,1,1,3
200700018969,0007-04-20 04:00:00,7,4,20,4,0,160,144,,,,Nuit sans éclairage public,Hors agglomération,Hors intersection,Normale,Autre collision,,,,,,,,,,,3,1,1,1,6
200700018970,0007-04-07 19:15:00,7,4,7,19,15,170,407,,,,Plein jour,Hors agglomération,Hors intersection,Normale,Deux véhicules - arrière,,,,,,,,,,,1,1,1,1,2
200700018971,0007-04-07 22:15:00,7,4,7,22,15,170,94,83 AVENUE ARISTIDE BRIAN,46.082,-1.088,Nuit avec éclairage allumé,En agglomération,Autre intersection,Normale,Deux véhicules - côté,,,,,,,,,,,5,2,9,1,3
200700018972,0007-04-28 20:45:00,7,4,28,20,45,170,420,,,,Plein jour,Hors agglomération,Hors intersection,Normale,Autre collision,,,,,,,,,,,1,1,1,1,6