accident_id,datetime,annee,mois,jour,heure,minute,departement,commune_insee,adresse,latitude,longitude,luminosite,agglomeration,intersection,meteo,collision,nb_vehicules,nb_usagers,nb_indemnes,nb_tues,nb_blesses_hosp,nb_blesses_legers,age_cond_1,age_cond_2,veh_type_cond_1,veh_type_cond_2,lum_code,agg_code,int_code,atm_code,col_code
200700019254,0007-04-08 02:45:00,7,4,8,2,45,380,161,,,,Nuit sans éclairage public,Hors agglomération,Hors intersection,Normale,Autre collision,,,,,,,,,,,3,1,1,1,6
200700019255,0007-04-17 15:00:00,7,4,17,15,0,380,130,,,,Plein jour,Hors agglomération,Hors intersection,Normale,Trois véhicules et plus - en chaîne,,,,,,,,,,,1,1,1,1,4
200700019256,0007-04-21 17:30:00,7,4,21,17,30,380,51,,,,Plein jour,Hors agglomération,Intersection en X,Normale,Deux véhicules - côté,,,,,,,,,,,1,1,2,1,3
200700019257,0007-04-20 08:15:00,7,4,20,8,15,380,130,,,,Plein jour,Hors agglomération,Hors intersection,Normale,Deux véhicules - côté,,,,,,,,,,,1,1,1,1,3
200700019258,0007-04-06 20:30:00,7,4,6,20,30,380,399,Avenu de la Libération,45.504,5.141,Crépuscule ou aube,En agglomération,Intersection en X,Normale,Deux véhicules - côté,,,,,,,,,,,2,2,2,1,3
200700019259,0007-04-03 19:20:00,7,4,3,19,20,380,344,CD 4 - ROUTE DE SABLONS,45.363,4.794,Crépuscule ou aube,En agglomération,Hors intersection,Normale,Deux véhicules - côté,,,,,,,,,,,2,2,1,1,3
200700019260,0007-04-05 18:30:00,7,4,5,18,30,380,349,CD4 - P.K 30.300,45.343,4.782,Plein jour,Hors agglomération,Hors intersection,Normale,Deux véhicules - frontale,,,,,,,,,,,1,1,1,1,1
200700019261,0007-04-08 15:00:00,7,4,8,15,0,380,298,carrefour de l'escale,45.372,4.8,Plein jour,En agglomération,Hors intersection,Normale,Deux véhicules - côté,,,,,,,,,,,1,2,1,1,3
200700019262,0007-04-18 15:00:00,7,4,18,15,0,380,3,CD51,45.343,4.86,Plein jour,En agglomération,Hors intersection,Normale,Deux véhicules - côté,,,,,,,,,,,1,2,1,1,3
200700019263,0007-04-20 10:15:00,7,4,20,10,15,380,72,,45.322,4.799,Plein jour,Hors agglomération,Hors intersection,Normale,Deux véhicules - côté,,,,,,,,,,,1,1,1,1,3
200700019264,0007-04-22 02:45:00,7,4,22,2,45,380,556,,45.389,4.857,Nuit sans éclairage public,Hors agglomération,Hors intersection,Normale,Sans collision,,,,,,,,,,,3,1,1,1,7
200700019265,0007-04-01 05:00:00,7,4,1,5,0,420,329,,45.325,4.523,Nuit sans éclairage public,Hors agglomération,Hors intersection,Autre,Sans collision,,,,,,,,,,,3,1,1,9,7
200700019266,0007-04-03 01:00:00,7,4,3,1,0,420,92,,,,Nuit sans éclairage public,Hors agglomération,Hors intersection,Pluie légère,Autre collision,,,,,,,,,,,3,1,1,2,6
200700019267,0007-04-26 17:30:00,7,4,26,17,30,420,121,"Lieu dit ""La Rochette""",45.604,3.958,Plein jour,Hors agglomération,Intersection en Y,Normale,Deux véhicules - côté,,,,,,,,,,,1,1,4,1,3
200700019268,0007-04-03 09:45:00,7,4,3,9,45,420,5,ESPACE AMBROISE PARET,45.53,4.262,Plein jour,En agglomération,Hors intersection,Normale,Autre collision,,,,,,,,,,,1,2,1,1,6
200700019269,0007-04-12 10:30:00,7,4,12,10,30,420,304,,,,Plein jour,Hors agglomération,Hors intersection,Pluie légère,Deux véhicules - frontale,,,,,,,,,,,1,1,1,2,1
200700019270,0007-04-12 13:45:00,7,4,12,13,45,420,75,,45.577,4.233,Plein jour,Hors agglomération,Hors intersection,Pluie légère,Deux véhicules - côté,,,,,,,,,,,1,1,1,2,3
200700019271,0007-04-22 11:00:00,7,4,22,11,0,420,5,,,,Plein jour,Hors agglomération,Hors intersection,Normale,Deux véhicules - arrière,,,,,,,,,,,1,1,1,1,2
200700019272,0007-04-08 18:00:00,7,4,8,18,0,420,9,,,,Plein jour,Hors agglomération,Hors intersection,Normale,Autre collision,,,,,,,,,,,1,1,1,1,6
200700019273,0007-04-17 09:30:00,7,4,17,9,30,420,288,,,,Plein jour,Hors agglomération,Hors intersection,Normale,Sans collision,,,,,,,,,,,1,1,1,1,7
200700019274,0007-04-30 16:00:00,7,4,30,16,0,420,39,,,,Plein jour,Hors agglomération,Hors intersection,Normale,Autre collision,,,,,,,,,,,1,1,1,1,6
200700019275,0007-04-28 17:15:00,7,4,28,17,15,420,296,,45.738,4.289,Plein jour,Hors agglomération,Hors intersection,Normale,Deux véhicules - côté,,,,,,,,,,,1,1,1,1,3
200700019276,0007-04-29 17:45:00,7,4,29,17,45,420,165,CD60 Route de FEURS,45.792,4.339,Plein jour,En agglomération,Intersection en T,Normale,Deux véhicules - côté,,,,,,,,,,,1,2,3,1,3
200700019277,0007-04-30 16:15:00,7,4,30,16,15,420,261,,45.72,4.373,Plein jour,Hors agglomération,Hors intersection,Temps éblouissant,Autre collision,,,,,,,,,,,1,1,1,7,6
200700019278,0007-04-06 11:00:00,7,4,6,11,0,420,149,rue de plancieux,45.652,4.229,Plein jour,En agglomération,Hors intersection,Normale,Autre collision,,,,,,,,,,,1,2,1,1,6
200700019279,0007-04-25 09:30:00,7,4,25,9,30,420,149,,45.627,4.25,Plein jour,Hors agglomération,Hors intersection,Normale,Deux véhicules - côté,,,,,,,,,,,1,1,1,1,3
200700019280,0007-04-24 12:45:00,7,4,24,12,45,420,210,,45.486,4.645,Plein jour,Hors agglomération,Hors intersection,Normale,Deux véhicules - frontale,,,,,,,,,,,1,1,1,1,1
200700019281,0007-04-25 13:45:00,7,4,25,13,45,420,307,,45.55,4.663,Plein jour,Hors agglomération,Hors intersection,Normale,Deux véhicules - côté,,,,,,,,,,,1,1,1,1,3
200700019282,0007-04-26 13:45:00,7,4,26,13,45,420,307,,45.553,4.674,Plein jour,Hors agglomération,Hors intersection,Normale,Deux véhicules - frontale,,,,,,,,,,,1,1,1,1,1
200700019283,0007-04-01 10:30:00,7,4,1,10,30,420,239,,,,Plein jour,Hors agglomération,Hors intersection,Normale,Deux véhicules - côté,,,,,,,,,,,1,1,1,1,3
200700019284,0007-04-24 13:00:00,7,4,24,13,0,420,212,RD207,45.979,4.127,Plein jour,En agglomération,Hors intersection,Normale,Sans collision,,,,,,,,,,,1,2,1,1,7
200700019285,0007-04-09 21:00:00,7,4,9,21,0,420,52,Les cordeliers,,,Nuit avec éclairage allumé,En agglomération,Hors intersection,Normale,Deux véhicules - frontale,,,,,,,,,,,5,2,1,1,1
200700019286,0007-04-07 08:30:00,7,4,7,8,30,420,198,,46.017,3.953,Plein jour,Hors agglomération,Hors intersection,Normale,Deux véhicules - côté,,,,,,,,,,,1,1,1,1,3
200700019287,0007-04-09 04:15:00,7,4,9,4,15,420,257,,46.209,3.815,Nuit sans éclairage public,Hors agglomération,Giratoire,Normale,Sans collision,,,,,,,,,,,3,1,6,1,7
200700019288,0007-04-20 23:00:00,7,4,20,23,0,420,231,,46.101,3.955,Nuit sans éclairage public,Hors agglomération,Hors intersection,Normale,Autre collision,,,,,,,,,,,3,1,1,1,6
200700019289,0007-04-22 18:15:00,7,4,22,18,15,420,3,,46.106,3.878,Plein jour,Hors agglomération,Hors intersection,Normale,Autre collision,,,,,,,,,,,1,1,1,1,6
200700019290,0007-04-12 21:15:00,7,4,12,21,15,730,328,route de CHAMBERY,,,Nuit avec éclairage allumé,En agglomération,Hors intersection,Normale,Autre collision,,,,,,,,,,,5,2,1,1,6
200700019291,0007-04-17 19:00:00,7,4,17,19,0,730,103,Route de la Crôle,,,Plein jour,En agglomération,Hors intersection,Temps éblouissant,Deux véhicules - arrière,,,,,,,,,,,1,2,1,7,2
200700019292,0007-04-11 12:00:00,7,4,11,12,0,730,213,avenue du pré renaud,45.56,5.96,Plein jour,En agglomération,Hors intersection,Normale,Deux véhicules - arrière,,,,,,,,,,,1,2,1,1,2
200700019293,0007-04-19 08:30:00,7,4,19,8,30,730,18,,45.509,6.073,Plein jour,Hors agglomération,Hors intersection,Normale,Deux véhicules - frontale,,,,,,,,,,,1,1,1,1,1
200700019294,0007-04-03 14:00:00,7,4,3,14,0,730,39,D916,,,Plein jour,Hors agglomération,Hors intersection,Normale,Deux véhicules - côté,,,,,,,,,,,1,1,1,1,3
200700019295,0007-04-24 10:15:00,7,4,24,10,15,730,215,Avenue Robert FRANCK,,,Plein jour,En agglomération,Hors intersection,Normale,Deux véhicules - côté,,,,,,,,,,,1,2,1,1,3
200700019296,0007-04-26 18:15:00,7,4,26,18,15,730,303,,45.772,6.369,Plein jour,Hors agglomération,Hors intersection,Normale,Deux véhicules - côté,,,,,,,,,,,1,1,1,1,3
200700019297,0007-04-22 17:00:00,7,4,22,17,0,730,211,RD 925. 46.500,,,Plein jour,Hors agglomération,Hors intersection,Normale,Deux véhicules - frontale,,,,,,,,,,,1,1,1,1,1
200700019298,0007-04-06 00:30:00,7,4,6,0,30,730,157,,45.209,6.68,Nuit sans éclairage public,Hors agglomération,Hors intersection,Normale,Deux véhicules - frontale,,,,,,,,,,,3,1,1,1,1
200700019299,0007-04-28 17:00:00,7,4,28,17,0,730,157,216 - Route de Valfréjus,45.19,6.663,Plein jour,Hors agglomération,Hors intersection,Normale,Sans collision,,,,,,,,,,,1,1,1,1,7
200700019300,0007-04-14 13:45:00,7,4,14,13,45,740,217,,45.938,6.124,Plein jour,Hors agglomération,Hors intersection,Normale,Autre collision,,,,,,,,,,,1,1,1,1,6
200700019301,0007-04-13 05:45:00,7,4,13,5,45,740,270,,,,Nuit sans éclairage public,Hors agglomération,Hors intersection,Normale,Autre collision,,,,,,,,,,,3,1,1,1,6
200700019302,0007-04-17 04:45:00,7,4,17,4,45,740,267,2000 rte d'Albertville,,,Nuit avec éclairage allumé,En agglomération,Hors intersection,Normale,Sans collision,,,,,,,,,,,5,2,1,1,7
200700019303,0007-04-14 15:15:00,7,4,14,15,15,740,97,,,,Plein jour,Hors agglomération,Hors intersection,Normale,Deux véhicules - frontale,,,,,,,,,,,1,1,1,1,1
200700019304,0007-04-14 12:15:00,7,4,14,12,15,740,97,,45.782,6.02,Plein jour,Hors agglomération,Intersection en T,Normale,Deux véhicules - côté,,,,,,,,,,,1,1,3,1,3
200700019305,0007-04-15 16:30:00,7,4,15,16,30,740,97,,45.757,6.063,Plein jour,Hors agglomération,Hors intersection,Normale,Deux véhicules - frontale,,,,,,,,,,,1,1,1,1,1
200700019306,0007-04-26 17:15:00,7,4,26,17,15,740,225,Boulevard de l'Europe,,,Plein jour,En agglomération,Hors intersection,Normale,Autre collision,,,,,,,,,,,1,2,1,1,6
200700019307,0007-04-01 17:00:00,7,4,1,17,0,740,3,,,,Plein jour,Hors agglomération,Giratoire,Normale,Deux véhicules - arrière,,,,,,,,,,,1,1,6,1,2
200700019308,0007-04-09 12:30:00,7,4,9,12,30,740,160,,,,Plein jour,Hors agglomération,Hors intersection,Normale,Sans collision,,,,,,,,,,,1,1,1,1,7
200700019309,0007-04-14 18:15:00,7,4,14,18,15,740,280,,45.891,6.329,Plein jour,Hors agglomération,Autre intersection,Normale,Deux véhicules - arrière,,,,,,,,,,,1,1,9,1,2
200700019310,0007-04-19 15:15:00,7,4,19,15,15,740,302,Luydefour,,,Plein jour,En agglomération,Hors intersection,Normale,Autre collision,,,,,,,,,,,1,2,1,1,6
200700019311,0007-04-18 07:30:00,7,4,18,7,30,740,42,avenue des glieres,46.079,6.405,Plein jour,En agglomération,Hors intersection,Normale,Autre collision,,,,,,,,,,,1,2,1,1,6
200700019312,0007-04-06 03:15:00,7,4,6,3,15,740,14,,46.033,6.64,Nuit avec éclairage allumé,Hors agglomération,Hors intersection,Normale,Autre collision,,,,,,,,,,,5,1,1,1,6
200700019313,0007-04-09 12:15:00,7,4,9,12,15,740,64,,,,Plein jour,Hors agglomération,Hors intersection,Normale,Sans collision,,,,,,,,,,,1,1,1,1,7
200700019314,0007-04-13 16:30:00,7,4,13,16,30,740,264,rue Saint Hippolyte,,,Plein jour,En agglomération,Hors intersection,Normale,Deux véhicules - côté,,,,,,,,,,,1,2,1,1,3
200700019315,0007-04-01 15:30:00,7,4,1,15,30,740,236,542 avenue de genève,,,Plein jour,En agglomération,Hors intersection,Normale,Autre collision,,,,,,,,,,,1,2,1,1,6
200700019316,0007-04-24 18:45:00,7,4,24,18,45,740,215,route du plan de meuret,,,Plein jour,En agglomération,Hors intersection,Normale,Sans collision,,,,,,,,,,,1,2,1,1,7
200700019317,0007-04-12 18:50:00,7,4,12,18,50,740,224,ulevard Georges Pompidou,,,Plein jour,En agglomération,Hors intersection,Normale,Deux véhicules - côté,,,,,,,,,,,1,2,1,1,3
200700019318,0007-04-14 10:45:00,7,4,14,10,45,740,103,,,,Plein jour,Hors agglomération,Hors intersection,Normale,Autre collision,,,,,,,,,,,1,1,1,1,6
200700019319,0007-04-01 05:00:00,7,4,1,5,0,740,190,le vernay,,,Nuit avec éclairage allumé,En agglomération,Hors intersection,Normale,Sans collision,,,,,,,,,,,5,2,1,1,7
200700019320,0007-04-26 23:30:00,7,4,26,23,30,740,216,,46.093,6.078,Nuit sans éclairage public,Hors agglomération,Hors intersection,Normale,Sans collision,,,,,,,,,,,3,1,1,1,7
200700019321,0007-04-08 18:00:00,7,4,8,18,0,740,15,,,,Plein jour,En agglomération,Hors intersection,Normale,Autre collision,,,,,,,,,,,1,2,1,1,6
200700019322,0007-04-23 11:30:00,7,4,23,11,30,740,197,,46.146,6.318,Plein jour,Hors agglomération,Hors intersection,Normale,Deux véhicules - côté,,,,,,,,,,,1,1,1,1,3
200700019323,0007-04-27 18:30:00,7,4,27,18,30,740,40,,46.171,6.336,Plein jour,Hors agglomération,Hors intersection,Normale,Deux véhicules - frontale,,,,,,,,,,,1,1,1,1,1
200700019324,0007-04-07 19:45:00,7,4,7,19,45,740,65,,,,Plein jour,Hors agglomération,Hors intersection,Normale,Sans collision,,,,,,,,,,,1,1,1,1,7
200700019325,0007-04-26 14:00:00,7,4,26,14,0,740,171,route de Genève,46.323,6.333,Plein jour,En agglomération,Hors intersection,Normale,Deux véhicules - côté,,,,,,,,,,,1,2,1,1,3
200700019326,0007-04-27 07:30:00,7,4,27,7,30,740,70,rue du léman 74140 CHENS,46.327,6.27,Plein jour,En agglomération,Hors intersection,Normale,Autre collision,,,,,,,,,,,1,2,1,1,6
200700019327,0007-04-30 18:45:00,7,4,30,18,45,740,126,,46.278,6.397,Plein jour,Hors agglomération,Hors intersection,Pluie forte,Deux véhicules - frontale,,,,,,,,,,,1,1,1,3,1
200700019328,0007-04-07 12:15:00,7,4,7,12,15,740,58,,46.29,6.809,Plein jour,Hors agglomération,Hors intersection,Normale,Sans collision,,,,,,,,,,,1,1,1,1,7
200700019329,0007-04-19 18:45:00,7,4,19,18,45,740,226,,46.205,6.394,Plein jour,Hors agglomération,Hors intersection,Normale,Deux véhicules - frontale,,,,,,,,,,,1,1,1,1,1
200700019330,0007-04-13 08:00:00,7,4,13,8,0,740,175,chef lieu 65 RN5,46.412,6.721,Plein jour,En agglomération,Hors intersection,Normale,Autre collision,,,,,,,,,,,1,2,1,1,6
200700019331,0007-04-28 09:30:00,7,4,28,9,30,740,237,,,,Plein jour,Hors agglomération,Hors intersection,Normale,Deux véhicules - frontale,,,,,,,,,,,1,1,1,1,1
200700019332,0007-04-22 01:15:00,7,4,22,1,15,740,34,,,,Nuit sans éclairage public,Hors agglomération,Hors intersection,Normale,Deux véhicules - côté,,,,,,,,,,,3,1,1,1,3
200700019333,0007-04-14 20:30:00,7,4,14,20,30,630,345,,45.702,3.001,Nuit sans éclairage public,Hors agglomération,Hors intersection,Normale,Sans collision,,,,,,,,,,,3,1,1,1,7
200700019334,0007-04-23 09:00:00,7,4,23,9,0,630,246,,,,Plein jour,Hors agglomération,Hors intersection,Normale,Autre collision,,,,,,,,,,,1,1,1,1,6
200700019335,0007-04-16 15:00:00,7,4,16,15,0,630,48,,45.651,2.589,Plein jour,Hors agglomération,Hors intersection,Normale,Autre collision,,,,,,,,,,,1,1,1,1,6
200700019336,0007-04-28 01:30:00,7,4,28,1,30,630,345,,45.734,3.015,Nuit avec éclairage non allumé,Hors agglomération,Hors intersection,Normale,Autre collision,,,,,,,,,,,4,1,1,1,6
200700019337,0007-04-13 18:15:00,7,4,13,18,15,630,133,,,,Plein jour,Hors agglomération,Hors intersection,Pluie légère,Sans collision,,,,,,,,,,,1,1,1,2,7
200700019338,0007-04-06 19:30:00,7,4,6,19,30,630,457,"u-dit ""Les Charbonnières",,,Plein jour,Hors agglomération,Hors intersection,Normale,Autre collision,,,,,,,,,,,1,1,1,1,6
200700019339,0007-04-25 15:30:00,7,4,25,15,30,630,262,Rue des Percedes,45.708,3.169,Plein jour,En agglomération,Hors intersection,Normale,Deux véhicules - frontale,,,,,,,,,,,1,2,1,1,1
200700019340,0007-04-25 14:30:00,7,4,25,14,30,630,457,BOULEVARD BARGOIN,45.647,3.252,Plein jour,En agglomération,Hors intersection,Temps éblouissant,Deux véhicules - côté,,,,,,,,,,,1,2,1,7,3
200700019341,0007-04-04 14:15:00,7,4,4,14,15,630,179,,,,Plein jour,Hors agglomération,Hors intersection,Normale,Autre collision,,,,,,,,,,,1,1,1,1,6
200700019342,0007-04-30 19:45:00,7,4,30,19,45,630,3,PARKING HLM VILLENEUVE,,,Plein jour,En agglomération,Intersection en X,Normale,Deux véhicules - côté,,,,,,,,,,,1,2,2,1,3
200700019343,0007-04-18 09:15:00,7,4,18,9,15,630,132,CD 65 PLACE LAMOTHE,,,Plein jour,En agglomération,Hors intersection,Normale,Autre collision,,,,,,,,,,,1,2,1,1,6
200700019344,0007-04-22 12:30:00,7,4,22,12,30,630,258,,45.693,3.613,Plein jour,Hors agglomération,Hors intersection,Normale,Deux véhicules - frontale,,,,,,,,,,,1,1,1,1,1
200700019345,0007-04-26 11:30:00,7,4,26,11,30,630,52,21 place de la républiqu,45.472,3.266,Plein jour,En agglomération,Hors intersection,Normale,Sans collision,,,,,,,,,,,1,2,1,1,7
200700019346,0007-04-13 15:30:00,7,4,13,15,30,630,192,,45.56,2.673,Plein jour,Hors agglomération,Hors intersection,Pluie légère,Sans collision,,,,,,,,,,,1,1,1,2,7
200700019347,0007-04-27 17:45:00,7,4,27,17,45,630,28,,45.532,2.613,Plein jour,Hors agglomération,Hors intersection,Pluie forte,Deux véhicules - côté,,,,,,,,,,,1,1,1,3,3
200700019348,0007-04-17 21:15:00,7,4,17,21,15,630,278,rue du Champ Boby,,,Nuit sans éclairage public,En agglomération,Hors intersection,Normale,Deux véhicules - frontale,,,,,,,,,,,3,2,1,1,1
200700019349,0007-04-27 19:30:00,7,4,27,19,30,630,68,,45.945,3.135,Plein jour,Hors agglomération,Hors intersection,Normale,Deux véhicules - frontale,,,,,,,,,,,1,1,1,1,1
200700019350,0007-04-21 14:30:00,7,4,21,14,30,630,33,CD 94,45.999,3.384,Plein jour,En agglomération,Hors intersection,Normale,Deux véhicules - côté,,,,,,,,,,,1,2,1,1,3
200700019351,0007-04-10 09:00:00,7,4,10,9,0,630,349,Allée des Bruyères,45.944,2.838,Plein jour,En agglomération,Hors intersection,Normale,Deux véhicules - côté,,,,,,,,,,,1,2,1,1,3
200700019352,0007-04-05 08:00:00,7,4,5,8,0,630,223,,46.129,2.875,Plein jour,Hors agglomération,Hors intersection,Normale,Autre collision,,,,,,,,,,,1,1,1,1,6
200700019353,0007-04-03 13:45:00,7,4,3,13,45,630,430,lieu dit le chene rond,,,Plein jour,En agglomération,Hors intersection,Pluie légère,Deux véhicules - frontale,,,,,,,,,,,1,2,1,2,1
200700019354,0007-04-22 16:15:00,7,4,22,16,15,630,418,,45.784,3.478,Plein jour,Hors agglomération,Hors intersection,Normale,Sans collision,,,,,,,,,,,1,1,1,1,7
200700019355,0007-04-30 17:00:00,7,4,30,17,0,630,195,rue St Martin,,,Plein jour,En agglomération,Hors intersection,Normale,Deux véhicules - frontale,,,,,,,,,,,1,2,1,1,1
200700019356,0007-04-30 23:20:00,7,4,30,23,20,30,173,lieu dit le péage,,,Nuit sans éclairage public,Hors agglomération,Hors intersection,Normale,Deux véhicules - frontale,,,,,,,,,,,3,1,1,1,1
200700019357,0007-04-12 15:45:00,7,4,12,15,45,30,180,,46.527,3.489,Plein jour,Hors agglomération,Hors intersection,Pluie forte,Trois véhicules et plus - collisions multiples,,,,,,,,,,,1,1,1,3,5
200700019358,0007-04-08 15:30:00,7,4,8,15,30,30,74,,46.611,3.61,Plein jour,Hors agglomération,Hors intersection,Normale,Sans collision,,,,,,,,,,,1,1,1,1,7
200700019359,0007-04-19 12:45:00,7,4,19,12,45,30,74,,46.644,3.57,Plein jour,Hors agglomération,Hors intersection,Normale,Sans collision,,,,,,,,,,,1,1,1,1,7
200700019360,0007-04-20 17:45:00,7,4,20,17,45,30,74,Bois de Mingré,46.626,3.58,Plein jour,En agglomération,Hors intersection,Normale,Autre collision,,,,,,,,,,,1,2,1,1,6
200700019361,0007-04-09 14:30:00,7,4,9,14,30,30,254,Place de la Liberté,46.308,3.289,Plein jour,En agglomération,Giratoire,Normale,Autre collision,,,,,,,,,,,1,2,6,1,6
200700019362,0007-04-17 11:30:00,7,4,17,11,30,30,92,,,,Plein jour,Hors agglomération,Hors intersection,Normale,Autre collision,,,,,,,,,,,1,1,1,1,6
200700019363,0007-04-09 19:30:00,7,4,9,19,30,30,217,,46.362,2.693,Plein jour,Hors agglomération,Intersection en X,Normale,Deux véhicules - côté,,,,,,,,,,,1,1,2,1,3
200700019364,0007-04-08 08:00:00,7,4,8,8,0,30,28,,46.22,3.561,Plein jour,Hors agglomération,Hors intersection,Normale,Sans collision,,,,,,,,,,,1,1,1,1,7
200700019365,0007-04-11 02:30:00,7,4,11,2,30,30,236,,46.21,3.44,Nuit sans éclairage public,Hors agglomération,Hors intersection,Normale,Sans collision,,,,,,,,,,,3,1,1,1,7
200700019366,0007-04-20 18:00:00,7,4,20,18,0,150,118,,45.013,2.445,Plein jour,Hors agglomération,Hors intersection,Normale,Deux véhicules - frontale,,,,,,,,,,,1,1,1,1,1
200700019367,0007-04-26 18:15:00,7,4,26,18,15,150,63,,45.167,2.394,Plein jour,Hors agglomération,Hors intersection,Normale,Autre collision,,,,,,,,,,,1,1,1,1,6
200700019368,0007-04-09 05:00:00,7,4,9,5,0,150,162,,45.296,2.627,Nuit sans éclairage public,Hors agglomération,Hors intersection,Normale,Autre collision,,,,,,,,,,,3,1,1,1,6
200700019369,0007-04-02 10:45:00,7,4,2,10,45,150,202,,45.124,2.408,Plein jour,Hors agglomération,Hors intersection,Temps couvert,Autre collision,,,,,,,,,,,1,1,1,8,6
200700019370,0007-04-01 10:00:00,7,4,1,10,0,150,92,CD 922,45.444,2.528,Plein jour,En agglomération,Hors intersection,Normale,Deux véhicules - frontale,,,,,,,,,,,1,2,1,1,1
200700019371,0007-04-21 17:00:00,7,4,21,17,0,150,127,,,,Plein jour,Hors agglomération,Hors intersection,Normale,Autre collision,,,,,,,,,,,1,1,1,1,6
200700019372,0007-04-01 06:15:00,7,4,1,6,15,430,174,,44.999,3.819,Nuit sans éclairage public,Hors agglomération,Autre intersection,Normale,Autre collision,,,,,,,,,,,3,1,9,1,6
200700019373,0007-04-08 05:30:00,7,4,8,5,30,430,174,,45.024,3.839,Nuit sans éclairage public,Hors agglomération,Hors intersection,Normale,Autre collision,,,,,,,,,,,3,1,1,1,6
200700019374,0007-04-21 18:00:00,7,4,21,18,0,430,257,,45.032,3.771,Plein jour,Hors agglomération,Hors intersection,Normale,Deux véhicules - frontale,,,,,,,,,,,1,1,1,1,1
200700019375,0007-04-23 06:00:00,7,4,23,6,0,430,39,,44.936,3.846,Nuit sans éclairage public,Hors agglomération,Hors intersection,Normale,Deux véhicules - frontale,,,,,,,,,,,3,1,1,1,1
200700019376,0007-04-22 13:30:00,7,4,22,13,30,430,154,,44.771,3.912,Plein jour,Hors agglomération,Hors intersection,Normale,Autre collision,,,,,,,,,,,1,1,1,1,6
200700019377,0007-04-01 11:30:00,7,4,1,11,30,430,267,Avenue Claude Bernard,45.188,3.91,Plein jour,En agglomération,Hors intersection,Normale,Deux véhicules - côté,,,,,,,,,,,1,2,1,1,3
200700019378,0007-04-06 13:45:00,7,4,6,13,45,430,221,,,,Plein jour,Hors agglomération,Hors intersection,Normale,Deux véhicules - côté,,,,,,,,,,,1,1,1,1,3
200700019379,0007-04-09 22:00:00,7,4,9,22,0,430,200,,45.041,4.058,Nuit sans éclairage public,Hors agglomération,Hors intersection,Normale,Sans collision,,,,,,,,,,,3,1,1,1,7
200700019380,0007-04-04 14:15:00,7,4,4,14,15,430,138,,45.214,3.711,Plein jour,Hors agglomération,Hors intersection,Pluie légère,Deux véhicules - frontale,,,,,,,,,,,1,1,1,2,1
200700019381,0007-04-26 17:15:00,7,4,26,17,15,430,74,,45.328,3.391,Plein jour,Hors agglomération,Hors intersection,Normale,Autre collision,,,,,,,,,,,1,1,1,1,6
200700019382,0007-04-15 00:30:00,7,4,15,0,30,430,103,,45.287,3.192,Nuit sans éclairage public,Hors agglomération,Hors intersection,Normale,Sans collision,,,,,,,,,,,3,1,1,1,7
200700019383,0007-04-15 17:15:00,7,4,15,17,15,430,120,,45.373,3.301,Plein jour,Hors agglomération,Hors intersection,Normale,Autre collision,,,,,,,,,,,1,1,1,1,6
200700019384,0007-04-05 17:30:00,7,4,5,17,30,430,25,,45.248,4.084,Plein jour,Hors agglomération,Hors intersection,Normale,Deux véhicules - côté,,,,,,,,,,,1,1,1,1,3
200700019385,0007-04-15 21:00:00,7,4,15,21,0,430,166,,,,Nuit sans éclairage public,Hors agglomération,Hors intersection,Normale,Deux véhicules - frontale,,,,,,,,,,,3,1,1,1,1
200700019386,0007-04-12 16:45:00,7,4,12,16,45,430,137,,,,Plein jour,Hors agglomération,Hors intersection,Autre,Autre collision,,,,,,,,,,,1,1,1,9,6
200700019387,0007-04-13 17:30:00,7,4,13,17,30,430,137,Rue Jules ROMAINS,45.295,4.166,Plein jour,En agglomération,Intersection en X,Normale,Deux véhicules - côté,,,,,,,,,,,1,2,2,1,3
200700019388,0007-04-17 19:00:00,7,4,17,19,0,430,137,,,,Plein jour,En agglomération,Hors intersection,Normale,Autre collision,,,,,,,,,,,1,2,1,1,6
200700019389,0007-04-23 00:30:00,7,4,23,0,30,430,137,,45.279,4.159,Nuit sans éclairage public,Hors agglomération,Hors intersection,Normale,Sans collision,,,,,,,,,,,3,1,1,1,7
200700019390,0007-04-26 16:15:00,7,4,26,16,15,430,20,,45.32,4.115,Plein jour,Hors agglomération,Hors intersection,Normale,Autre collision,,,,,,,,,,,1,1,1,1,6
200700019391,0007-04-08 14:45:00,7,4,8,14,45,430,177,,45.297,4.287,Plein jour,Hors agglomération,Hors intersection,Normale,Autre collision,,,,,,,,,,,1,1,1,1,6
200700019392,0007-04-12 23:45:00,7,4,12,23,45,430,153,,45.347,4.251,Nuit sans éclairage public,Hors agglomération,Hors intersection,Pluie légère,Deux véhicules - côté,,,,,,,,,,,3,1,1,2,3
200700019393,0007-04-11 17:45:00,7,4,11,17,45,570,17,,49.209,5.995,Plein jour,Hors agglomération,Hors intersection,Normale,Sans collision,,,,,,,,,,,1,1,1,1,7