accident_id,datetime,annee,mois,jour,heure,minute,departement,commune_insee,adresse,latitude,longitude,luminosite,agglomeration,intersection,meteo,collision,nb_vehicules,nb_usagers,nb_indemnes,nb_tues,nb_blesses_hosp,nb_blesses_legers,age_cond_1,age_cond_2,veh_type_cond_1,veh_type_cond_2,lum_code,agg_code,int_code,atm_code,col_code
200700019532,0007-04-30 14:30:00,7,4,30,14,30,680,4,,47.618,7.323,Plein jour,Hors agglomération,Hors intersection,Normale,Autre collision,,,,,,,,,,,1,1,1,1,6
200700019533,0007-04-07 16:30:00,7,4,7,16,30,680,165,,,,Plein jour,Hors agglomération,Hors intersection,Normale,Deux véhicules - frontale,,,,,,,,,,,1,1,1,1,1
200700019534,0007-04-11 02:00:00,7,4,11,2,0,680,228,Rue de Gundolsheim,47.934,7.343,Nuit avec éclairage allumé,En agglomération,Hors intersection,Normale,Autre collision,,,,,,,,,,,5,2,1,1,6
200700019535,0007-04-06 16:00:00,7,4,6,16,0,680,82,Rond point du CD 201/CD2,47.877,7.355,Plein jour,En agglomération,Giratoire,Normale,Sans collision,,,,,,,,,,,1,2,6,1,7
200700019536,0007-04-17 06:15:00,7,4,17,6,15,680,82,,47.852,7.346,Crépuscule ou aube,Hors agglomération,Hors intersection,Normale,Autre collision,,,,,,,,,,,2,1,1,1,6
200700019537,0007-04-06 15:15:00,7,4,6,15,15,680,251,,48.0,7.221,Plein jour,Hors agglomération,Hors intersection,Normale,Deux véhicules - arrière,,,,,,,,,,,1,1,1,1,2
200700019538,0007-04-27 22:15:00,7,4,27,22,15,680,318,D40III,47.967,7.24,Plein jour,En agglomération,Hors intersection,Normale,Sans collision,,,,,,,,,,,1,2,1,1,7
200700019539,0007-04-17 19:00:00,7,4,17,19,0,680,300,,,,Plein jour,Hors agglomération,Hors intersection,Normale,Deux véhicules - frontale,,,,,,,,,,,1,1,1,1,1
200700019540,0007-04-17 09:45:00,7,4,17,9,45,680,42,,47.622,7.491,Plein jour,Hors agglomération,Hors intersection,Normale,Autre collision,,,,,,,,,,,1,1,1,1,6
200700019541,0007-04-25 12:15:00,7,4,25,12,15,680,42,rue du 19 Novembre,47.609,7.501,Plein jour,En agglomération,Hors intersection,Normale,Deux véhicules - côté,,,,,,,,,,,1,2,1,1,3
200700019542,0007-04-26 05:15:00,7,4,26,5,15,680,135,,47.591,7.547,Nuit avec éclairage allumé,Hors agglomération,Autre intersection,Normale,Deux véhicules - frontale,,,,,,,,,,,5,1,9,1,1
200700019543,0007-04-15 18:00:00,7,4,15,18,0,680,40,Rue des vosges / RN 66,,,Plein jour,En agglomération,Hors intersection,Normale,Deux véhicules - frontale,,,,,,,,,,,1,2,1,1,1
200700019544,0007-04-26 08:30:00,7,4,26,8,30,680,334,rue 07 aout,,,Plein jour,En agglomération,Hors intersection,Normale,Deux véhicules - côté,,,,,,,,,,,1,2,1,1,3
200700019545,0007-04-08 18:00:00,7,4,8,18,0,680,359,,47.842,7.159,Plein jour,Hors agglomération,Hors intersection,Normale,Deux véhicules - frontale,,,,,,,,,,,1,1,1,1,1
200700019546,0007-04-14 10:45:00,7,4,14,10,45,680,151,,47.881,6.984,Plein jour,En agglomération,Hors intersection,Normale,Deux véhicules - frontale,,,,,,,,,,,1,2,1,1,1
200700019547,0007-04-26 19:45:00,7,4,26,19,45,680,89,"45, grand'rue",47.899,6.987,Plein jour,En agglomération,Hors intersection,Normale,Deux véhicules - côté,,,,,,,,,,,1,2,1,1,3
200700019548,0007-04-02 01:45:00,7,4,2,1,45,680,11,,47.764,7.16,Nuit sans éclairage public,Hors agglomération,Hors intersection,Normale,Sans collision,,,,,,,,,,,3,1,1,1,7
200700019549,0007-04-08 09:00:00,7,4,8,9,0,510,389,,49.134,4.33,Plein jour,Hors agglomération,Hors intersection,Normale,Autre collision,,,,,,,,,,,1,1,1,1,6
200700019550,0007-04-10 13:30:00,7,4,10,13,30,510,559,43 AVE GENERAL LECLERC,49.128,4.543,Plein jour,En agglomération,Hors intersection,Normale,Deux véhicules - arrière,,,,,,,,,,,1,2,1,1,2
200700019551,0007-04-19 15:00:00,7,4,19,15,0,510,544,01 rue de tahure,49.247,4.553,Plein jour,En agglomération,Autre intersection,Normale,Deux véhicules - côté,,,,,,,,,,,1,2,9,1,3
200700019552,0007-04-21 16:00:00,7,4,21,16,0,510,559,,49.127,4.546,Plein jour,Hors agglomération,Intersection en X,Normale,Deux véhicules - côté,,,,,,,,,,,1,1,2,1,3
200700019553,0007-04-01 06:15:00,7,4,1,6,15,510,651,,48.909,4.044,Crépuscule ou aube,Hors agglomération,Hors intersection,Brouillard / fumée,Autre collision,,,,,,,,,,,2,1,1,5,6
200700019554,0007-04-18 17:15:00,7,4,18,17,15,510,651,Chemin d'Epernay,48.914,4.037,Plein jour,En agglomération,Hors intersection,Normale,Autre collision,,,,,,,,,,,1,2,1,1,6
200700019555,0007-04-30 17:45:00,7,4,30,17,45,510,434,,,,Plein jour,Hors agglomération,Intersection en X,Normale,Deux véhicules - côté,,,,,,,,,,,1,1,2,1,3
200700019556,0007-04-05 06:30:00,7,4,5,6,30,510,248,,48.749,3.981,Nuit sans éclairage public,Hors agglomération,Hors intersection,Normale,Deux véhicules - frontale,,,,,,,,,,,3,1,1,1,1
200700019557,0007-04-07 07:30:00,7,4,7,7,30,510,595,,48.84,4.256,Crépuscule ou aube,Hors agglomération,Hors intersection,Brouillard / fumée,Trois véhicules et plus - collisions multiples,,,,,,,,,,,2,1,1,5,5
200700019558,0007-04-07 14:00:00,7,4,7,14,0,510,164,11 ROUTE DE MAILLY,48.75,4.066,Plein jour,En agglomération,Hors intersection,Normale,Autre collision,,,,,,,,,,,1,2,1,1,6
200700019559,0007-04-27 23:30:00,7,4,27,23,30,510,164,,48.75,4.079,Nuit sans éclairage public,Hors agglomération,Hors intersection,Normale,Trois véhicules et plus - collisions multiples,,,,,,,,,,,3,1,1,1,5
200700019560,0007-04-13 15:30:00,7,4,13,15,30,510,369,,48.731,3.688,Plein jour,Hors agglomération,Intersection en X,Normale,Deux véhicules - côté,,,,,,,,,,,1,1,2,1,3
200700019561,0007-04-18 12:15:00,7,4,18,12,15,510,535,route de troyes,48.714,3.733,Plein jour,En agglomération,Hors intersection,Normale,Deux véhicules - frontale,,,,,,,,,,,1,2,1,1,1
200700019562,0007-04-25 08:15:00,7,4,25,8,15,510,5,,48.779,3.793,Plein jour,Hors agglomération,Hors intersection,Normale,Sans collision,,,,,,,,,,,1,1,1,1,7
200700019563,0007-04-03 11:00:00,7,4,3,11,0,510,484,,,,Plein jour,Hors agglomération,Intersection en Y,Normale,Deux véhicules - frontale,,,,,,,,,,,1,1,4,1,1
200700019564,0007-04-21 03:30:00,7,4,21,3,30,510,250,,49.32,3.745,Nuit sans éclairage public,Hors agglomération,Hors intersection,Normale,Autre collision,,,,,,,,,,,3,1,1,1,6
200700019565,0007-04-01 15:30:00,7,4,1,15,30,510,69,,,,Plein jour,Hors agglomération,Hors intersection,Normale,Sans collision,,,,,,,,,,,1,1,1,1,7
200700019566,0007-04-08 20:00:00,7,4,8,20,0,510,225,,49.2,3.976,Plein jour,Hors agglomération,Hors intersection,Temps éblouissant,Deux véhicules - arrière,,,,,,,,,,,1,1,1,7,2
200700019567,0007-04-14 19:45:00,7,4,14,19,45,510,54,80 RUE DU NEUF BOURG,,,Plein jour,En agglomération,Hors intersection,Normale,Autre collision,,,,,,,,,,,1,2,1,1,6
200700019568,0007-04-13 17:15:00,7,4,13,17,15,510,649,Fbg Vitry le Brulée,48.733,4.592,Plein jour,En agglomération,Hors intersection,Normale,Deux véhicules - frontale,,,,,,,,,,,1,2,1,1,1
200700019569,0007-04-05 21:15:00,7,4,5,21,15,510,531,Route d'Alliancelles,48.789,4.911,Crépuscule ou aube,En agglomération,Hors intersection,Normale,Autre collision,,,,,,,,,,,2,2,1,1,6
200700019570,0007-04-06 18:00:00,7,4,6,18,0,510,522,,48.655,4.809,Plein jour,Hors agglomération,Hors intersection,Normale,Sans collision,,,,,,,,,,,1,1,1,1,7
200700019571,0007-04-06 10:45:00,7,4,6,10,45,510,647,,48.755,4.628,Plein jour,Hors agglomération,Hors intersection,Normale,Deux véhicules - côté,,,,,,,,,,,1,1,1,1,3
200700019572,0007-04-11 10:15:00,7,4,11,10,15,510,507,rue du Mont l'Hermitte,49.098,4.917,Plein jour,En agglomération,Hors intersection,Normale,Autre collision,,,,,,,,,,,1,2,1,1,6
200700019573,0007-04-07 13:45:00,7,4,7,13,45,80,199,,49.779,4.794,Plein jour,Hors agglomération,Autre intersection,Normale,Deux véhicules - côté,,,,,,,,,,,1,1,9,1,3
200700019574,0007-04-19 15:00:00,7,4,19,15,0,80,328,rue Charles Jeunehomme,49.818,4.744,Plein jour,En agglomération,Hors intersection,Normale,Autre collision,,,,,,,,,,,1,2,1,1,6
200700019575,0007-04-21 11:30:00,7,4,21,11,30,80,218,grande rue,49.893,4.844,Plein jour,En agglomération,Hors intersection,Normale,Deux véhicules - côté,,,,,,,,,,,1,2,1,1,3
200700019576,0007-04-28 13:00:00,7,4,28,13,0,80,302,,49.937,4.778,Plein jour,Hors agglomération,Hors intersection,Normale,Autre collision,,,,,,,,,,,1,1,1,1,6
200700019577,0007-04-28 19:45:00,7,4,28,19,45,80,363,,49.935,4.643,Plein jour,Hors agglomération,Hors intersection,Normale,Deux véhicules - frontale,,,,,,,,,,,1,1,1,1,1
200700019578,0007-04-30 10:50:00,7,4,30,10,50,80,185,RN 51 PK 31.200,,,Plein jour,Hors agglomération,Hors intersection,Normale,Sans collision,,,,,,,,,,,1,1,1,1,7
200700019579,0007-04-11 15:15:00,7,4,11,15,15,80,183,,50.136,4.878,Plein jour,En agglomération,Hors intersection,Normale,Sans collision,,,,,,,,,,,1,2,1,1,7
200700019580,0007-04-05 17:00:00,7,4,5,17,0,80,172,,49.894,4.276,Plein jour,Hors agglomération,Hors intersection,Temps éblouissant,Autre collision,,,,,,,,,,,1,1,1,7,6
200700019581,0007-04-19 11:45:00,7,4,19,11,45,80,67,"57, route nationale",,,Plein jour,En agglomération,Hors intersection,Normale,Deux véhicules - frontale,,,,,,,,,,,1,2,1,1,1
200700019582,0007-04-27 12:15:00,7,4,27,12,15,80,488,RUE JOLIOT CURIE,49.743,4.823,Plein jour,En agglomération,Hors intersection,Normale,Deux véhicules - côté,,,,,,,,,,,1,2,1,1,3
200700019583,0007-04-25 06:45:00,7,4,25,6,45,80,171,,49.314,4.97,Crépuscule ou aube,Hors agglomération,Hors intersection,Normale,Sans collision,,,,,,,,,,,2,1,1,1,7
200700019584,0007-04-14 16:45:00,7,4,14,16,45,80,362,Rue du Docteur Gobinet,,,Plein jour,En agglomération,Hors intersection,Normale,Deux véhicules - côté,,,,,,,,,,,1,2,1,1,3
200700019585,0007-04-01 01:00:00,7,4,1,1,0,80,340,,49.401,4.096,Nuit sans éclairage public,Hors agglomération,Hors intersection,Normale,Sans collision,,,,,,,,,,,3,1,1,1,7
200700019586,0007-04-12 08:00:00,7,4,12,8,0,80,38,,49.464,4.247,Plein jour,Hors agglomération,Hors intersection,Normale,Deux véhicules - frontale,,,,,,,,,,,1,1,1,1,1
200700019587,0007-04-16 16:15:00,7,4,16,16,15,80,24,,49.478,4.118,Plein jour,Hors agglomération,Hors intersection,Normale,Autre collision,,,,,,,,,,,1,1,1,1,6
200700019588,0007-04-19 18:15:00,7,4,19,18,15,80,413,"22, rue Marcel  BREBANT",49.641,4.195,Plein jour,En agglomération,Hors intersection,Normale,Autre collision,,,,,,,,,,,1,2,1,1,6
200700019589,0007-04-24 08:45:00,7,4,24,8,45,80,435,,49.456,4.249,Plein jour,Hors agglomération,Intersection en X,Normale,Deux véhicules - côté,,,,,,,,,,,1,1,2,1,3
200700019590,0007-04-28 20:30:00,7,4,28,20,30,80,39,face au 38 rue d'Ecly,49.46,4.084,Plein jour,En agglomération,Hors intersection,Normale,Autre collision,,,,,,,,,,,1,2,1,1,6
200700019591,0007-04-07 23:30:00,7,4,7,23,30,100,247,rue principale,,,Nuit sans éclairage public,En agglomération,Hors intersection,Normale,Autre collision,,,,,,,,,,,3,2,1,1,6
200700019592,0007-04-14 10:30:00,7,4,14,10,30,100,51,Rue de Souligny,48.203,3.996,Plein jour,En agglomération,Intersection en X,Normale,Deux véhicules - côté,,,,,,,,,,,1,2,2,1,3
200700019593,0007-04-20 18:00:00,7,4,20,18,0,100,74,,48.131,3.965,Plein jour,Hors agglomération,Hors intersection,Normale,Deux véhicules - côté,,,,,,,,,,,1,1,1,1,3
200700019594,0007-04-01 17:00:00,7,4,1,17,0,100,276,24 rue de Cosdon,,,Plein jour,En agglomération,Hors intersection,Normale,Autre collision,,,,,,,,,,,1,2,1,1,6
200700019595,0007-04-29 05:30:00,7,4,29,5,30,100,35,,48.21,4.756,Crépuscule ou aube,Hors agglomération,Hors intersection,Brouillard / fumée,Autre collision,,,,,,,,,,,2,1,1,5,6
200700019596,0007-04-04 11:25:00,7,4,4,11,25,100,193,CD 960 - PK 29+600,48.421,4.396,Plein jour,Hors agglomération,Hors intersection,Normale,Autre collision,,,,,,,,,,,1,1,1,1,6
200700019597,0007-04-06 14:45:00,7,4,6,14,45,100,158,,48.157,4.272,Plein jour,Hors agglomération,Intersection en X,Normale,Deux véhicules - côté,,,,,,,,,,,1,1,2,1,3
200700019598,0007-04-12 17:30:00,7,4,12,17,30,100,288,,47.996,4.486,Plein jour,Hors agglomération,Hors intersection,Normale,Deux véhicules - frontale,,,,,,,,,,,1,1,1,1,1
200700019599,0007-04-09 15:00:00,7,4,9,15,0,100,231,,,,Plein jour,Hors agglomération,Hors intersection,Normale,Sans collision,,,,,,,,,,,1,1,1,1,7
200700019600,0007-04-17 13:15:00,7,4,17,13,15,100,367,,,,Plein jour,Hors agglomération,Hors intersection,Normale,Deux véhicules - côté,,,,,,,,,,,1,1,1,1,3
200700019601,0007-04-22 20:45:00,7,4,22,20,45,100,153,,,,Plein jour,Hors agglomération,Hors intersection,Normale,Trois véhicules et plus - collisions multiples,,,,,,,,,,,1,1,1,1,5
200700019602,0007-04-04 09:15:00,7,4,4,9,15,520,353,rue de lattre de tassign,,,Plein jour,En agglomération,Hors intersection,Normale,Deux véhicules - côté,,,,,,,,,,,1,2,1,1,3
200700019603,0007-04-29 01:00:00,7,4,29,1,0,520,271,,,,Nuit sans éclairage public,Hors agglomération,Hors intersection,Normale,Autre collision,,,,,,,,,,,3,1,1,1,6
200700019604,0007-04-01 00:01:00,7,4,1,0,1,520,409,,48.314,5.118,Nuit sans éclairage public,Hors agglomération,Hors intersection,Normale,Sans collision,,,,,,,,,,,3,1,1,1,7
200700019605,0007-04-20 17:15:00,7,4,20,17,15,520,524,,48.275,5.118,Plein jour,Hors agglomération,Intersection en X,Temps éblouissant,Deux véhicules - côté,,,,,,,,,,,1,1,2,7,3
200700019606,0007-04-11 09:15:00,7,4,11,9,15,520,269,LA COLLINIERE,47.874,5.333,Plein jour,En agglomération,Hors intersection,Normale,Deux véhicules - frontale,,,,,,,,,,,1,2,1,1,1
200700019607,0007-04-11 15:00:00,7,4,11,15,0,520,269,avenue turenne,,,Plein jour,En agglomération,Hors intersection,Normale,Autre collision,,,,,,,,,,,1,2,1,1,6
200700019608,0007-04-20 20:30:00,7,4,20,20,30,520,453,,,,Crépuscule ou aube,Hors agglomération,Hors intersection,Normale,Sans collision,,,,,,,,,,,2,1,1,1,7
200700019609,0007-04-02 04:30:00,7,4,2,4,30,520,328,,47.905,5.733,Nuit sans éclairage public,Hors agglomération,Hors intersection,Normale,Sans collision,,,,,,,,,,,3,1,1,1,7
200700019610,0007-04-07 17:00:00,7,4,7,17,0,520,93,Rue des moulières,47.8,5.44,Nuit avec éclairage allumé,En agglomération,Hors intersection,Normale,Sans collision,,,,,,,,,,,5,2,1,1,7
200700019611,0007-04-24 11:00:00,7,4,24,11,0,520,93,route de TORCENAY,47.813,5.449,Plein jour,En agglomération,Hors intersection,Normale,Autre collision,,,,,,,,,,,1,2,1,1,6
200700019612,0007-04-26 09:45:00,7,4,26,9,45,520,375,,47.772,5.408,Plein jour,Hors agglomération,Hors intersection,Normale,Autre collision,,,,,,,,,,,1,1,1,1,6
200700019613,0007-04-27 13:15:00,7,4,27,13,15,520,544,place de la mairie,,,Plein jour,En agglomération,Intersection en Y,Normale,Deux véhicules - frontale,,,,,,,,,,,1,2,4,1,1
200700019614,0007-04-05 14:45:00,7,4,5,14,45,520,62,,,,Plein jour,Hors agglomération,Hors intersection,Normale,Deux véhicules - arrière,,,,,,,,,,,1,1,1,1,2
200700019615,0007-04-02 13:30:00,7,4,2,13,30,520,235,,,,Plein jour,Hors agglomération,Hors intersection,Normale,Deux véhicules - arrière,,,,,,,,,,,1,1,1,1,2
200700019616,0007-04-06 08:45:00,7,4,6,8,45,520,177,,,,Plein jour,Hors agglomération,Hors intersection,Normale,Deux véhicules - côté,,,,,,,,,,,1,1,1,1,3
200700019617,0007-04-13 19:15:00,7,4,13,19,15,450,32,,48.139,2.937,Plein jour,Hors agglomération,Hors intersection,Normale,Autre collision,,,,,,,,,,,1,1,1,1,6
200700019618,0007-04-16 02:00:00,7,4,16,2,0,890,380,,48.081,3.06,Nuit sans éclairage public,Hors agglomération,Hors intersection,Normale,Deux véhicules - arrière,,,,,,,,,,,3,1,1,1,2
200700019619,0007-04-21 19:15:00,7,4,21,19,15,210,371,,47.167,5.355,Plein jour,Hors agglomération,Hors intersection,Normale,Sans collision,,,,,,,,,,,1,1,1,1,7
200700019620,0007-04-02 19:30:00,7,4,2,19,30,210,130,Carrefour chein de Vaux,47.286,5.26,Crépuscule ou aube,En agglomération,Hors intersection,Normale,Deux véhicules - frontale,,,,,,,,,,,2,2,1,1,1
200700019621,0007-04-08 22:45:00,7,4,8,22,45,210,292,rue Bernard Laureau,,,Nuit avec éclairage allumé,En agglomération,Hors intersection,Normale,Deux véhicules - frontale,,,,,,,,,,,5,2,1,1,1
200700019622,0007-04-13 07:45:00,7,4,13,7,45,210,370,,47.257,5.177,Plein jour,Hors agglomération,Hors intersection,Normale,Deux véhicules - frontale,,,,,,,,,,,1,1,1,1,1
200700019623,0007-04-22 17:00:00,7,4,22,17,0,210,217,RD 116,,,Plein jour,Hors agglomération,Intersection en Y,Normale,Deux véhicules - frontale,,,,,,,,,,,1,1,4,1,1
200700019624,0007-04-01 17:15:00,7,4,1,17,15,210,599,voie du marché,47.591,5.181,Plein jour,En agglomération,Hors intersection,Normale,Deux véhicules - côté,,,,,,,,,,,1,2,1,1,3
200700019625,0007-04-09 15:15:00,7,4,9,15,15,210,527,,46.947,4.658,Plein jour,Hors agglomération,Hors intersection,Normale,Deux véhicules - frontale,,,,,,,,,,,1,1,1,1,1
200700019626,0007-04-24 18:45:00,7,4,24,18,45,210,173,,47.045,4.893,Plein jour,Hors agglomération,Hors intersection,Temps éblouissant,Deux véhicules - côté,,,,,,,,,,,1,1,1,7,3
200700019627,0007-04-17 22:15:00,7,4,17,22,15,210,1,Route de Cîteaux,47.131,4.986,Nuit avec éclairage allumé,En agglomération,Hors intersection,Normale,Deux véhicules - côté,,,,,,,,,,,5,2,1,1,3
200700019628,0007-04-21 22:45:00,7,4,21,22,45,210,475,,47.012,5.35,Nuit sans éclairage public,Hors agglomération,Hors intersection,Normale,Autre collision,,,,,,,,,,,3,1,1,1,6
200700019629,0007-04-19 22:30:00,7,4,19,22,30,210,257,,47.597,4.564,Nuit sans éclairage public,Hors agglomération,Hors intersection,Normale,Autre collision,,,,,,,,,,,3,1,1,1,6
200700019630,0007-04-16 09:45:00,7,4,16,9,45,210,425,route de Chatillon,47.634,4.359,Plein jour,En agglomération,Hors intersection,Normale,Deux véhicules - frontale,,,,,,,,,,,1,2,1,1,1
200700019631,0007-04-13 13:15:00,7,4,13,13,15,580,121,,,,Plein jour,Hors agglomération,Hors intersection,Normale,Deux véhicules - frontale,,,,,,,,,,,1,1,1,1,1
200700019632,0007-04-27 05:15:00,7,4,27,5,15,580,57,,46.758,3.142,Crépuscule ou aube,Hors agglomération,Hors intersection,Normale,Autre collision,,,,,,,,,,,2,1,1,1,6
200700019633,0007-04-12 15:00:00,7,4,12,15,0,580,257,,47.115,3.563,Plein jour,Hors agglomération,Hors intersection,Normale,Deux véhicules - frontale,,,,,,,,,,,1,1,1,1,1
200700019634,0007-04-14 20:00:00,7,4,14,20,0,580,10,,,,Crépuscule ou aube,Hors agglomération,Hors intersection,Normale,Deux véhicules - frontale,,,,,,,,,,,2,1,1,1,1
200700019635,0007-04-07 17:30:00,7,4,7,17,30,580,109,Rue St Aubin,47.47,3.256,Plein jour,En agglomération,Hors intersection,Normale,Sans collision,,,,,,,,,,,1,2,1,1,7
200700019636,0007-04-18 23:45:00,7,4,18,23,45,580,312,,47.432,3.548,Nuit sans éclairage public,Hors agglomération,Hors intersection,Normale,Autre collision,,,,,,,,,,,3,1,1,1,6
200700019637,0007-04-14 16:15:00,7,4,14,16,15,580,23,,47.36,3.77,Plein jour,Hors agglomération,Hors intersection,Normale,Sans collision,,,,,,,,,,,1,1,1,1,7
200700019638,0007-04-01 16:00:00,7,4,1,16,0,580,86,,,,Plein jour,Hors agglomération,Hors intersection,Normale,Trois véhicules et plus - collisions multiples,,,,,,,,,,,1,1,1,1,5
200700019639,0007-04-25 19:30:00,7,4,25,19,30,580,86,RUE SOLAIRE,,,Plein jour,En agglomération,Intersection en T,Normale,Deux véhicules - côté,,,,,,,,,,,1,2,3,1,3
200700019640,0007-04-11 19:30:00,7,4,11,19,30,580,215,,47.276,2.991,Plein jour,Hors agglomération,Hors intersection,Normale,Deux véhicules - frontale,,,,,,,,,,,1,1,1,1,1
200700019641,0007-04-23 16:00:00,7,4,23,16,0,580,127,,47.227,3.325,Plein jour,Hors agglomération,Hors intersection,Normale,Deux véhicules - côté,,,,,,,,,,,1,1,1,1,3
200700019642,0007-04-28 18:45:00,7,4,28,18,45,580,215,,47.277,3.0,Plein jour,Hors agglomération,Hors intersection,Normale,Autre collision,,,,,,,,,,,1,1,1,1,6
200700019643,0007-04-19 15:40:00,7,4,19,15,40,710,90,RN6 PONTANEVAUX,,,Plein jour,En agglomération,Hors intersection,Normale,Deux véhicules - côté,,,,,,,,,,,1,2,1,1,3
200700019644,0007-04-09 18:15:00,7,4,9,18,15,710,287,cd 981 pk 51,46.493,4.675,Plein jour,En agglomération,Hors intersection,Normale,Autre collision,,,,,,,,,,,1,2,1,1,6
200700019645,0007-04-01 07:20:00,7,4,1,7,20,710,14,Les Chaumottes,,,Crépuscule ou aube,Hors agglomération,Hors intersection,Normale,Sans collision,,,,,,,,,,,2,1,1,1,7
200700019646,0007-04-03 10:40:00,7,4,3,10,40,710,14,19 rue St Antoine,,,Plein jour,En agglomération,Hors intersection,Pluie légère,Autre collision,,,,,,,,,,,1,2,1,2,6
200700019647,0007-04-26 14:30:00,7,4,26,14,30,710,414,,,,Plein jour,Hors agglomération,Hors intersection,Normale,Sans collision,,,,,,,,,,,1,1,1,1,7
200700019648,0007-04-01 15:00:00,7,4,1,15,0,710,251,,46.902,4.189,Plein jour,Hors agglomération,Hors intersection,Normale,Trois véhicules et plus - collisions multiples,,,,,,,,,,,1,1,1,1,5
200700019649,0007-04-09 12:00:00,7,4,9,12,0,710,376,,47.023,4.133,Plein jour,Hors agglomération,Hors intersection,Normale,Autre collision,,,,,,,,,,,1,1,1,1,6
200700019650,0007-04-28 15:00:00,7,4,28,15,0,710,239,rue du 08 mai 1945,46.712,3.974,Plein jour,En agglomération,Hors intersection,Normale,Deux véhicules - côté,,,,,,,,,,,1,2,1,1,3
200700019651,0007-04-04 04:45:00,7,4,4,4,45,710,4,,,,Nuit sans éclairage public,Hors agglomération,Hors intersection,Normale,Trois véhicules et plus - collisions multiples,,,,,,,,,,,3,1,1,1,5
200700019652,0007-04-23 15:45:00,7,4,23,15,45,710,167,PK13+240,,,Plein jour,En agglomération,Hors intersection,Normale,Deux véhicules - côté,,,,,,,,,,,1,2,1,1,3
200700019653,0007-04-26 06:45:00,7,4,26,6,45,710,3,route de CHALON,,,Plein jour,En agglomération,Hors intersection,Normale,Deux véhicules - côté,,,,,,,,,,,1,2,1,1,3
200700019654,0007-04-27 11:15:00,7,4,27,11,15,710,33,,,,Plein jour,Hors agglomération,Hors intersection,Normale,Deux véhicules - frontale,,,,,,,,,,,1,1,1,1,1
200700019655,0007-04-21 11:45:00,7,4,21,11,45,710,473,,,,Plein jour,Hors agglomération,Hors intersection,Normale,Deux véhicules - frontale,,,,,,,,,,,1,1,1,1,1
200700019656,0007-04-20 17:20:00,7,4,20,17,20,710,370,PK 11 lieu dit AVAILLY,,,Plein jour,Hors agglomération,Hors intersection,Normale,Deux véhicules - frontale,,,,,,,,,,,1,1,1,1,1
200700019657,0007-04-15 16:00:00,7,4,15,16,0,710,143,RD 412,,,Plein jour,En agglomération,Hors intersection,Normale,Deux véhicules - frontale,,,,,,,,,,,1,2,1,1,1
200700019658,0007-04-27 13:30:00,7,4,27,13,30,710,56,,,,Plein jour,Hors agglomération,Hors intersection,Normale,Deux véhicules - arrière,,,,,,,,,,,1,1,1,1,2
200700019659,0007-04-09 18:00:00,7,4,9,18,0,710,261,,,,Plein jour,Hors agglomération,Hors intersection,Normale,Trois véhicules et plus - collisions multiples,,,,,,,,,,,1,1,1,1,5
200700019660,0007-04-19 19:30:00,7,4,19,19,30,710,410,,46.708,5.069,Plein jour,Hors agglomération,Hors intersection,Temps éblouissant,Deux véhicules - côté,,,,,,,,,,,1,1,1,7,3
200700019661,0007-04-07 16:30:00,7,4,7,16,30,710,187,Route du canal,,,Plein jour,En agglomération,Hors intersection,Normale,Sans collision,,,,,,,,,,,1,2,1,1,7
200700019662,0007-04-13 17:00:00,7,4,13,17,0,890,337,,47.747,3.639,Plein jour,Hors agglomération,Hors intersection,Normale,Trois véhicules et plus - en chaîne,,,,,,,,,,,1,1,1,1,4
200700019663,0007-04-19 20:30:00,7,4,19,20,30,890,276,"Lieu dit ""La Vallée""",,,Plein jour,En agglomération,Hors intersection,Normale,Sans collision,,,,,,,,,,,1,2,1,1,7
200700019664,0007-04-08 16:30:00,7,4,8,16,30,890,341,,,,Plein jour,Hors agglomération,Hors intersection,Normale,Deux véhicules - côté,,,,,,,,,,,1,1,1,1,3
200700019665,0007-04-06 16:45:00,7,4,6,16,45,890,46,avenue Paul Bert,47.704,2.95,Plein jour,En agglomération,Hors intersection,Normale,Deux véhicules - frontale,,,,,,,,,,,1,2,1,1,1
200700019666,0007-04-29 23:00:00,7,4,29,23,0,890,248,,,,Nuit sans éclairage public,Hors agglomération,Hors intersection,Normale,Sans collision,,,,,,,,,,,3,1,1,1,7
200700019667,0007-04-20 12:00:00,7,4,20,12,0,890,271,Rue de Censy,,,Plein jour,En agglomération,Hors intersection,Normale,Autre collision,,,,,,,,,,,1,2,1,1,6
200700019668,0007-04-10 13:15:00,7,4,10,13,15,890,230,,,,Plein jour,Hors agglomération,Hors intersection,Normale,Deux véhicules - côté,,,,,,,,,,,1,1,1,1,3
200700019669,0007-04-14 11:30:00,7,4,14,11,30,890,206,Carrefour CD 943/VC,47.64,3.668,Plein jour,En agglomération,Intersection en X,Normale,Deux véhicules - côté,,,,,,,,,,,1,2,2,1,3