accident_id,datetime,annee,mois,jour,heure,minute,departement,commune_insee,adresse,latitude,longitude,luminosite,agglomeration,intersection,meteo,collision,nb_vehicules,nb_usagers,nb_indemnes,nb_tues,nb_blesses_hosp,nb_blesses_legers,age_cond_1,age_cond_2,veh_type_cond_1,veh_type_cond_2,lum_code,agg_code,int_code,atm_code,col_code
200700019670,0007-04-17 10:45:00,7,4,17,10,45,890,206,Quai du Gal LECLERC,,,Plein jour,En agglomération,Hors intersection,Normale,Autre collision,,,,,,,,,,,1,2,1,1,6
200700019671,0007-04-15 15:30:00,7,4,15,15,30,890,196,,,,Plein jour,Hors agglomération,Hors intersection,Normale,Trois véhicules et plus - collisions multiples,,,,,,,,,,,1,1,1,1,5
200700019672,0007-04-22 04:30:00,7,4,22,4,30,890,86,,,,Nuit avec éclairage allumé,Hors agglomération,Giratoire,Normale,Autre collision,,,,,,,,,,,5,1,6,1,6
200700019673,0007-04-29 17:30:00,7,4,29,17,30,890,103,,,,Plein jour,Hors agglomération,Hors intersection,Normale,Autre collision,,,,,,,,,,,1,1,1,1,6
200700019674,0007-04-30 11:15:00,7,4,30,11,15,890,88,,,,Plein jour,Hors agglomération,Hors intersection,Pluie légère,Autre collision,,,,,,,,,,,1,1,1,2,6
200700019675,0007-04-01 20:30:00,7,4,1,20,30,890,308,5 rue du paradis,,,Crépuscule ou aube,En agglomération,Hors intersection,Normale,Autre collision,,,,,,,,,,,2,2,1,1,6
200700019676,0007-04-03 18:00:00,7,4,3,18,0,890,434,rte des vauliards,,,Plein jour,En agglomération,Hors intersection,Normale,Deux véhicules - côté,,,,,,,,,,,1,2,1,1,3
200700019677,0007-04-21 14:00:00,7,4,21,14,0,890,195,route des épenards,,,Nuit avec éclairage non allumé,En agglomération,Hors intersection,Normale,Sans collision,,,,,,,,,,,4,2,1,1,7
200700019678,0007-04-29 20:45:00,7,4,29,20,45,890,395,,48.198,3.535,Crépuscule ou aube,Hors agglomération,Hors intersection,Normale,Autre collision,,,,,,,,,,,2,1,1,1,6
200700019679,0007-04-21 17:30:00,7,4,21,17,30,890,36,,48.151,3.087,Plein jour,Hors agglomération,Hors intersection,Normale,Autre collision,,,,,,,,,,,1,1,1,1,6
200700019680,0007-04-30 23:30:00,7,4,30,23,30,890,151,,48.12,3.151,Nuit sans éclairage public,Hors agglomération,Hors intersection,Normale,Deux véhicules - côté,,,,,,,,,,,3,1,1,1,3
200700019681,0007-04-24 12:30:00,7,4,24,12,30,890,348,,,,Plein jour,Hors agglomération,Hors intersection,Normale,Autre collision,,,,,,,,,,,1,1,1,1,6
200700019682,0007-04-20 15:15:00,7,4,20,15,15,250,245,,,,Plein jour,Hors agglomération,Hors intersection,Normale,Trois véhicules et plus - collisions multiples,,,,,,,,,,,1,1,1,1,5
200700019683,0007-04-07 16:30:00,7,4,7,16,30,250,415,,,,Plein jour,Hors agglomération,Hors intersection,Normale,Deux véhicules - frontale,,,,,,,,,,,1,1,1,1,1
200700019684,0007-04-10 18:45:00,7,4,10,18,45,250,2,rue Jouffroy d'Abbans,,,Plein jour,En agglomération,Hors intersection,Normale,Autre collision,,,,,,,,,,,1,2,1,1,6
200700019685,0007-04-16 13:15:00,7,4,16,13,15,250,450,,,,Plein jour,Hors agglomération,Hors intersection,Normale,Deux véhicules - frontale,,,,,,,,,,,1,1,1,1,1
200700019686,0007-04-27 17:00:00,7,4,27,17,0,250,488,,,,Plein jour,Hors agglomération,Intersection en X,Normale,Deux véhicules - côté,,,,,,,,,,,1,1,2,1,3
200700019687,0007-04-18 21:30:00,7,4,18,21,30,250,57,,47.535,6.792,Nuit sans éclairage public,Hors agglomération,Hors intersection,Normale,Deux véhicules - frontale,,,,,,,,,,,3,1,1,1,1
200700019688,0007-04-13 16:45:00,7,4,13,16,45,250,48,grande rue,,,Plein jour,En agglomération,Hors intersection,Normale,Deux véhicules - côté,,,,,,,,,,,1,2,1,1,3
200700019689,0007-04-14 23:30:00,7,4,14,23,30,250,469,,,,Nuit sans éclairage public,Hors agglomération,Hors intersection,Normale,Sans collision,,,,,,,,,,,3,1,1,1,7
200700019690,0007-04-04 12:00:00,7,4,4,12,0,250,228,,47.512,6.901,Plein jour,Hors agglomération,Hors intersection,Normale,Deux véhicules - frontale,,,,,,,,,,,1,1,1,1,1
200700019691,0007-04-09 03:30:00,7,4,9,3,30,250,127,,47.2,6.823,Nuit sans éclairage public,Hors agglomération,Hors intersection,Normale,Autre collision,,,,,,,,,,,3,1,1,1,6
200700019692,0007-04-20 22:00:00,7,4,20,22,0,250,74,CD 437,47.191,6.728,Nuit sans éclairage public,En agglomération,Hors intersection,Normale,Sans collision,,,,,,,,,,,3,2,1,1,7
200700019693,0007-04-24 17:45:00,7,4,24,17,45,250,74,,47.186,6.7,Plein jour,Hors agglomération,Hors intersection,Normale,Deux véhicules - arrière,,,,,,,,,,,1,1,1,1,2
200700019694,0007-04-03 23:00:00,7,4,3,23,0,250,524,CD 257,,,Nuit sans éclairage public,Hors agglomération,Hors intersection,Normale,Deux véhicules - frontale,,,,,,,,,,,3,1,1,1,1
200700019695,0007-04-06 15:30:00,7,4,6,15,30,250,468,,47.33,6.206,Plein jour,Hors agglomération,Hors intersection,Normale,Sans collision,,,,,,,,,,,1,1,1,1,7
200700019696,0007-04-22 19:45:00,7,4,22,19,45,250,550,,47.194,6.502,Plein jour,Hors agglomération,Hors intersection,Normale,Sans collision,,,,,,,,,,,1,1,1,1,7
200700019697,0007-04-04 08:00:00,7,4,4,8,0,250,122,,,,Plein jour,Hors agglomération,Hors intersection,Neige / grêle,Sans collision,,,,,,,,,,,1,1,1,4,7
200700019698,0007-04-11 17:45:00,7,4,11,17,45,250,254,,46.842,6.398,Plein jour,En agglomération,Intersection en T,Normale,Deux véhicules - frontale,,,,,,,,,,,1,2,3,1,1
200700019699,0007-04-15 19:00:00,7,4,15,19,0,250,321,GRANDE RUE,47.064,6.67,Plein jour,En agglomération,Hors intersection,Normale,Deux véhicules - frontale,,,,,,,,,,,1,2,1,1,1
200700019700,0007-04-21 01:50:00,7,4,21,1,50,390,327,RD 158  Route de Chilly,46.666,5.511,Nuit avec éclairage allumé,En agglomération,Hors intersection,Normale,Autre collision,,,,,,,,,,,5,2,1,1,6
200700019701,0007-04-19 13:30:00,7,4,19,13,30,390,173,,,,Plein jour,Hors agglomération,Hors intersection,Normale,Deux véhicules - arrière,,,,,,,,,,,1,1,1,1,2
200700019702,0007-04-13 14:30:00,7,4,13,14,30,390,9,,,,Plein jour,Hors agglomération,Intersection en T,Normale,Deux véhicules - frontale,,,,,,,,,,,1,1,3,1,1
200700019703,0007-04-24 17:15:00,7,4,24,17,15,390,2,,46.923,5.692,Plein jour,Hors agglomération,Hors intersection,Normale,Autre collision,,,,,,,,,,,1,1,1,1,6
200700019704,0007-04-13 07:45:00,7,4,13,7,45,390,500,CD 472  niveau rue GABET,,,Plein jour,En agglomération,Hors intersection,Normale,Deux véhicules - côté,,,,,,,,,,,1,2,1,1,3
200700019705,0007-04-23 13:00:00,7,4,23,13,0,390,501,Route de Champvans,,,Plein jour,En agglomération,Hors intersection,Normale,Deux véhicules - côté,,,,,,,,,,,1,2,1,1,3
200700019706,0007-04-01 18:30:00,7,4,1,18,30,390,546,route d'Arbois,,,Plein jour,En agglomération,Hors intersection,Normale,Deux véhicules - côté,,,,,,,,,,,1,2,1,1,3
200700019707,0007-04-07 14:45:00,7,4,7,14,45,390,219,,47.176,5.779,Plein jour,Hors agglomération,Hors intersection,Normale,Trois véhicules et plus - collisions multiples,,,,,,,,,,,1,1,1,1,5
200700019708,0007-04-14 17:30:00,7,4,14,17,30,390,14,RUE DE BELLEVUE,47.152,5.513,Plein jour,En agglomération,Hors intersection,Normale,Deux véhicules - arrière,,,,,,,,,,,1,2,1,1,2
200700019709,0007-04-15 10:30:00,7,4,15,10,30,390,547,"1470, route de la Vallé",,,Plein jour,Hors agglomération,Hors intersection,Normale,Deux véhicules - côté,,,,,,,,,,,1,1,1,1,3
200700019710,0007-04-26 15:45:00,7,4,26,15,45,390,289,,,,Plein jour,Hors agglomération,Hors intersection,Normale,Deux véhicules - frontale,,,,,,,,,,,1,1,1,1,1
200700019711,0007-04-29 14:30:00,7,4,29,14,30,390,478,,,,Plein jour,Hors agglomération,Hors intersection,Pluie légère,Deux véhicules - frontale,,,,,,,,,,,1,1,1,2,1
200700019712,0007-04-24 17:45:00,7,4,24,17,45,390,470,,,,Plein jour,Hors agglomération,Hors intersection,Normale,Autre collision,,,,,,,,,,,1,1,1,1,6
200700019713,0007-04-28 03:45:00,7,4,28,3,45,390,470,ROUTE ROYALE,46.481,6.069,Nuit sans éclairage public,En agglomération,Hors intersection,Temps couvert,Autre collision,,,,,,,,,,,3,2,1,8,6
200700019714,0007-04-02 07:45:00,7,4,2,7,45,700,292,,47.809,5.852,Crépuscule ou aube,Hors agglomération,Hors intersection,Brouillard / fumée,Deux véhicules - frontale,,,,,,,,,,,2,1,1,5,1
200700019715,0007-04-10 13:45:00,7,4,10,13,45,700,554,,47.902,5.921,Plein jour,Hors agglomération,Hors intersection,Normale,Autre collision,,,,,,,,,,,1,1,1,1,6
200700019716,0007-04-19 16:00:00,7,4,19,16,0,700,267,rue de MERCEY,47.8,5.93,Plein jour,En agglomération,Hors intersection,Normale,Deux véhicules - frontale,,,,,,,,,,,1,2,1,1,1
200700019717,0007-04-27 23:45:00,7,4,27,23,45,700,293,,,,Nuit sans éclairage public,Hors agglomération,Hors intersection,Normale,Autre collision,,,,,,,,,,,3,1,1,1,6
200700019718,0007-04-16 19:45:00,7,4,16,19,45,700,581,la grange du vau,,,Plein jour,En agglomération,Hors intersection,Normale,Deux véhicules - frontale,,,,,,,,,,,1,2,1,1,1
200700019719,0007-04-28 16:45:00,7,4,28,16,45,700,317,rue des fougères,47.532,6.451,Plein jour,En agglomération,Hors intersection,Normale,Deux véhicules - côté,,,,,,,,,,,1,2,1,1,3
200700019720,0007-04-10 18:15:00,7,4,10,18,15,700,128,36 route de LUXEUIL,47.776,6.367,Plein jour,En agglomération,Hors intersection,Normale,Deux véhicules - frontale,,,,,,,,,,,1,2,1,1,1
200700019721,0007-04-27 13:45:00,7,4,27,13,45,700,185,,,,Plein jour,Hors agglomération,Hors intersection,Normale,Deux véhicules - frontale,,,,,,,,,,,1,1,1,1,1
200700019722,0007-04-15 17:00:00,7,4,15,17,0,700,257,,,,Plein jour,Hors agglomération,Hors intersection,Temps éblouissant,Deux véhicules - frontale,,,,,,,,,,,1,1,1,7,1
200700019723,0007-04-11 08:00:00,7,4,11,8,0,700,142,,,,Plein jour,Hors agglomération,Hors intersection,Normale,Deux véhicules - frontale,,,,,,,,,,,1,1,1,1,1
200700019724,0007-04-06 18:00:00,7,4,6,18,0,900,97,D25,47.588,6.857,Plein jour,En agglomération,Hors intersection,Normale,Sans collision,,,,,,,,,,,1,2,1,1,7
200700019725,0007-04-18 18:45:00,7,4,18,18,45,900,68,,47.6,6.88,Plein jour,Hors agglomération,Hors intersection,Temps éblouissant,Deux véhicules - côté,,,,,,,,,,,1,1,1,7,3
200700019726,0007-04-12 19:45:00,7,4,12,19,45,900,79,CD 12 rue de Giromagny,47.724,6.901,Plein jour,En agglomération,Hors intersection,Normale,Trois véhicules et plus - collisions multiples,,,,,,,,,,,1,2,1,1,5
200700019727,0007-04-06 13:15:00,7,4,6,13,15,900,50,,,,Plein jour,Hors agglomération,Hors intersection,Normale,Sans collision,,,,,,,,,,,1,1,1,1,7
200700019728,0007-04-07 00:15:00,7,4,7,0,15,380,344,,45.364,4.807,Nuit sans éclairage public,Hors agglomération,Hors intersection,Normale,Deux véhicules - côté,,,,,,,,,,,3,1,1,1,3
200700019729,0007-04-28 08:00:00,7,4,28,8,0,380,344,,45.368,4.807,Plein jour,Hors agglomération,Autre intersection,Normale,Autre collision,,,,,,,,,,,1,1,9,1,6
200700019730,0007-04-02 08:15:00,7,4,2,8,15,260,179,,,,Plein jour,Hors agglomération,Hors intersection,Normale,Deux véhicules - côté,,,,,,,,,,,1,1,1,1,3
200700019731,0007-04-08 16:55:00,7,4,8,16,55,260,124,Autoroute A7,,,Plein jour,Hors agglomération,Hors intersection,Normale,Sans collision,,,,,,,,,,,1,1,1,1,7
200700019732,0007-04-15 12:00:00,7,4,15,12,0,260,138,,44.374,4.734,Plein jour,Hors agglomération,Hors intersection,Normale,Trois véhicules et plus - collisions multiples,,,,,,,,,,,1,1,1,1,5
200700019733,0007-04-21 07:45:00,7,4,21,7,45,260,324,,44.339,4.738,Crépuscule ou aube,Hors agglomération,Hors intersection,Normale,Autre collision,,,,,,,,,,,2,1,1,1,6
200700019734,0007-04-25 09:45:00,7,4,25,9,45,260,145,,,,Plein jour,Hors agglomération,Hors intersection,Normale,Deux véhicules - arrière,,,,,,,,,,,1,1,1,1,2
200700019735,0007-04-27 18:45:00,7,4,27,18,45,260,337,PK 95+300,44.737,4.789,Plein jour,Hors agglomération,Hors intersection,Normale,Deux véhicules - côté,,,,,,,,,,,1,1,1,1,3
200700019736,0007-04-16 17:15:00,7,4,16,17,15,130,74,RN 96,43.653,5.604,Plein jour,En agglomération,Hors intersection,Normale,Trois véhicules et plus - en chaîne,,,,,,,,,,,1,2,1,1,4
200700019737,0007-04-16 21:00:00,7,4,16,21,0,130,106,Boulevard de la limite,43.406,5.368,Nuit sans éclairage public,En agglomération,Hors intersection,Normale,Deux véhicules - frontale,,,,,,,,,,,3,2,1,1,1
200700019738,0007-04-22 01:00:00,7,4,22,1,0,130,106,devant N°22 av. 8 mai 45,,,Nuit avec éclairage allumé,En agglomération,Hors intersection,Normale,Sans collision,,,,,,,,,,,5,2,1,1,7
200700019739,0007-04-05 11:45:00,7,4,5,11,45,130,15,,,,Plein jour,Hors agglomération,Hors intersection,Normale,Deux véhicules - arrière,,,,,,,,,,,1,1,1,1,2
200700019740,0007-04-06 15:45:00,7,4,6,15,45,130,19,,43.462,5.332,Plein jour,Hors agglomération,Hors intersection,Normale,Autre collision,,,,,,,,,,,1,1,1,1,6
200700019741,0007-04-26 20:45:00,7,4,26,20,45,130,19,,43.467,5.355,Crépuscule ou aube,En agglomération,Hors intersection,Normale,Deux véhicules - frontale,,,,,,,,,,,2,2,1,1,1
200700019742,0007-04-18 07:00:00,7,4,18,7,0,130,19,,,,Plein jour,Hors agglomération,Hors intersection,Normale,Deux véhicules - frontale,,,,,,,,,,,1,1,1,1,1
200700019743,0007-04-08 16:00:00,7,4,8,16,0,130,96,avenue d'ARLES,,,Plein jour,En agglomération,Hors intersection,Normale,Deux véhicules - côté,,,,,,,,,,,1,2,1,1,3
200700019744,0007-04-13 06:15:00,7,4,13,6,15,130,97,,,,Nuit sans éclairage public,Hors agglomération,Hors intersection,Pluie légère,Autre collision,,,,,,,,,,,3,1,1,2,6
200700019745,0007-04-19 07:30:00,7,4,19,7,30,130,97,,43.544,4.82,Plein jour,Hors agglomération,Hors intersection,Normale,Sans collision,,,,,,,,,,,1,1,1,1,7
200700019746,0007-04-14 11:15:00,7,4,14,11,15,130,4,,43.467,4.717,Plein jour,Hors agglomération,Hors intersection,Temps couvert,Deux véhicules - arrière,,,,,,,,,,,1,1,1,8,2
200700019747,0007-04-27 19:00:00,7,4,27,19,0,130,42,CD42E,,,Plein jour,En agglomération,Hors intersection,Normale,Autre collision,,,,,,,,,,,1,2,1,1,6
200700019748,0007-04-19 08:45:00,7,4,19,8,45,130,23,,43.218,5.634,Plein jour,Hors agglomération,Hors intersection,Normale,Deux véhicules - côté,,,,,,,,,,,1,1,1,1,3
200700019749,0007-04-18 13:15:00,7,4,18,13,15,130,85,avenue pacific rovali,43.251,5.596,Plein jour,En agglomération,Hors intersection,Normale,Deux véhicules - arrière,,,,,,,,,,,1,2,1,1,2
200700019750,0007-04-28 02:15:00,7,4,28,2,15,130,73,,43.405,5.566,Nuit sans éclairage public,Hors agglomération,Hors intersection,Normale,Autre collision,,,,,,,,,,,3,1,1,1,6
200700019751,0007-04-06 13:45:00,7,4,6,13,45,130,86,,,,Plein jour,Hors agglomération,Hors intersection,Normale,Deux véhicules - frontale,,,,,,,,,,,1,1,1,1,1
200700019752,0007-04-30 14:45:00,7,4,30,14,45,130,7,,,,Plein jour,Hors agglomération,Hors intersection,Normale,Sans collision,,,,,,,,,,,1,1,1,1,7
200700019753,0007-04-08 12:15:00,7,4,8,12,15,130,35,,43.692,5.05,Plein jour,Hors agglomération,Intersection en X,Normale,Deux véhicules - côté,,,,,,,,,,,1,1,2,1,3
200700019754,0007-04-12 15:00:00,7,4,12,15,0,130,35,,,,Plein jour,Hors agglomération,Hors intersection,Normale,Autre collision,,,,,,,,,,,1,1,1,1,6
200700019755,0007-04-29 10:00:00,7,4,29,10,0,130,76,,43.805,5.006,Plein jour,Hors agglomération,Intersection en X,Normale,Deux véhicules - côté,,,,,,,,,,,1,1,2,1,3
200700019756,0007-04-06 09:30:00,7,4,6,9,30,130,81,,,,Plein jour,Hors agglomération,Hors intersection,Normale,Deux véhicules - arrière,,,,,,,,,,,1,1,1,1,2
200700019757,0007-04-21 12:00:00,7,4,21,12,0,130,82,Chemin de Traspigut,,,Plein jour,En agglomération,Intersection en X,Normale,Deux véhicules - arrière,,,,,,,,,,,1,2,2,1,2
200700019758,0007-04-27 02:45:00,7,4,27,2,45,40,62,,44.468,6.75,Nuit sans éclairage public,Hors agglomération,Hors intersection,Normale,Autre collision,,,,,,,,,,,3,1,1,1,6
200700019759,0007-04-22 12:15:00,7,4,22,12,15,40,198,,44.451,6.394,Plein jour,Hors agglomération,Hors intersection,Normale,Sans collision,,,,,,,,,,,1,1,1,1,7
200700019760,0007-04-28 13:00:00,7,4,28,13,0,40,198,,44.451,6.364,Plein jour,Hors agglomération,Hors intersection,Normale,Autre collision,,,,,,,,,,,1,1,1,1,6
200700019761,0007-04-22 11:15:00,7,4,22,11,15,40,76,,43.955,6.825,Plein jour,Hors agglomération,Hors intersection,Normale,Deux véhicules - frontale,,,,,,,,,,,1,1,1,1,1
200700019762,0007-04-23 15:45:00,7,4,23,15,45,40,7,,43.94,6.534,Plein jour,Hors agglomération,Hors intersection,Normale,Deux véhicules - frontale,,,,,,,,,,,1,1,1,1,1
200700019763,0007-04-13 06:30:00,7,4,13,6,30,40,160,,,,Nuit sans éclairage public,Hors agglomération,Hors intersection,Normale,Deux véhicules - frontale,,,,,,,,,,,3,1,1,1,1
200700019764,0007-04-18 21:30:00,7,4,18,21,30,40,192,,,,Nuit sans éclairage public,Hors agglomération,Hors intersection,Normale,Sans collision,,,,,,,,,,,3,1,1,1,7
200700019765,0007-04-20 23:45:00,7,4,20,23,45,40,188,,,,Nuit sans éclairage public,Hors agglomération,Hors intersection,Normale,Sans collision,,,,,,,,,,,3,1,1,1,7
200700019766,0007-04-23 22:45:00,7,4,23,22,45,40,160,,,,Nuit sans éclairage public,Hors agglomération,Hors intersection,Normale,Autre collision,,,,,,,,,,,3,1,1,1,6
200700019767,0007-04-25 15:00:00,7,4,25,15,0,40,49,av du général de Gaulle,,,Plein jour,En agglomération,Hors intersection,Normale,Autre collision,,,,,,,,,,,1,2,1,1,6
200700019768,0007-04-21 22:30:00,7,4,21,22,30,50,118,RD522,,,Nuit sans éclairage public,Hors agglomération,Hors intersection,Normale,Sans collision,,,,,,,,,,,3,1,1,1,7
200700019769,0007-04-23 17:30:00,7,4,23,17,30,50,103,,44.293,5.904,Plein jour,Hors agglomération,Hors intersection,Normale,Sans collision,,,,,,,,,,,1,1,1,1,7
200700019770,0007-04-13 17:45:00,7,4,13,17,45,50,115,,,,Plein jour,Hors agglomération,Hors intersection,Normale,Sans collision,,,,,,,,,,,1,1,1,1,7
200700019771,0007-04-27 02:00:00,7,4,27,2,0,50,166,rue des jardins,44.429,5.711,Nuit sans éclairage public,En agglomération,Hors intersection,Normale,Autre collision,,,,,,,,,,,3,2,1,1,6
200700019772,0007-04-01 20:30:00,7,4,1,20,30,50,84,,,,Nuit sans éclairage public,Hors agglomération,Hors intersection,Normale,Autre collision,,,,,,,,,,,3,1,1,1,6
200700019773,0007-04-25 17:15:00,7,4,25,17,15,50,17,,44.572,6.189,Plein jour,Hors agglomération,Hors intersection,Normale,Autre collision,,,,,,,,,,,1,1,1,1,6
200700019774,0007-04-27 02:00:00,7,4,27,2,0,50,65,"u Villard, ZA du Villard",,,Nuit avec éclairage allumé,Hors agglomération,Hors intersection,Normale,Autre collision,,,,,,,,,,,5,1,1,1,6
200700019775,0007-04-28 15:15:00,7,4,28,15,15,60,48,CD 15,,,Plein jour,En agglomération,Hors intersection,Normale,Trois véhicules et plus - collisions multiples,,,,,,,,,,,1,2,1,1,5
200700019776,0007-04-14 23:45:00,7,4,14,23,45,60,19,chemin des escaillons,,,Nuit avec éclairage allumé,En agglomération,Hors intersection,Normale,Deux véhicules - côté,,,,,,,,,,,5,2,1,1,3
200700019777,0007-04-12 04:00:00,7,4,12,4,0,60,147,,43.769,7.282,Nuit avec éclairage allumé,Hors agglomération,Hors intersection,Normale,Autre collision,,,,,,,,,,,5,1,1,1,6
200700019778,0007-04-16 12:45:00,7,4,16,12,45,60,75,,43.862,7.156,Plein jour,Hors agglomération,Hors intersection,Normale,Deux véhicules - frontale,,,,,,,,,,,1,1,1,1,1
200700019779,0007-04-20 21:00:00,7,4,20,21,0,60,149,,,,Nuit sans éclairage public,Hors agglomération,Hors intersection,Normale,Deux véhicules - frontale,,,,,,,,,,,3,1,1,1,1
200700019780,0007-04-09 19:30:00,7,4,9,19,30,60,161,,,,Plein jour,Hors agglomération,Hors intersection,Normale,Deux véhicules - frontale,,,,,,,,,,,1,1,1,1,1
200700019781,0007-04-16 16:00:00,7,4,16,16,0,60,161,avenue de la liberté,,,Plein jour,En agglomération,Hors intersection,Normale,Autre collision,,,,,,,,,,,1,2,1,1,6
200700019782,0007-04-17 18:45:00,7,4,17,18,45,60,44,RD 07 PK1+195,,,Plein jour,En agglomération,Hors intersection,Normale,Sans collision,,,,,,,,,,,1,2,1,1,7
200700019783,0007-04-18 20:00:00,7,4,18,20,0,60,161,Avenue Eric Tabbarly,,,Plein jour,En agglomération,Hors intersection,Normale,Sans collision,,,,,,,,,,,1,2,1,1,7
200700019784,0007-04-19 18:00:00,7,4,19,18,0,60,79,,,,Plein jour,Hors agglomération,Hors intersection,Normale,Trois véhicules et plus - collisions multiples,,,,,,,,,,,1,1,1,1,5
200700019785,0007-04-05 16:30:00,7,4,5,16,30,60,95,70 avenue Dr Belletrud,,,Plein jour,En agglomération,Hors intersection,Normale,Autre collision,,,,,,,,,,,1,2,1,1,6
200700019786,0007-04-12 07:00:00,7,4,12,7,0,60,26,,,,Plein jour,Hors agglomération,Hors intersection,Normale,Deux véhicules - côté,,,,,,,,,,,1,1,1,1,3
200700019787,0007-04-24 20:15:00,7,4,24,20,15,60,137,,,,Crépuscule ou aube,Hors agglomération,Hors intersection,Normale,Autre collision,,,,,,,,,,,2,1,1,1,6
200700019788,0007-04-29 16:00:00,7,4,29,16,0,60,58,,,,Plein jour,Hors agglomération,Hors intersection,Normale,Sans collision,,,,,,,,,,,1,1,1,1,7
200700019789,0007-04-14 14:15:00,7,4,14,14,15,60,65,670 CHEMIN HUGUES BERANG,43.734,7.155,Plein jour,En agglomération,Hors intersection,Normale,Deux véhicules - côté,,,,,,,,,,,1,2,1,1,3
200700019790,0007-04-12 07:45:00,7,4,12,7,45,60,34,,,,Plein jour,Hors agglomération,Hors intersection,Normale,Deux véhicules - frontale,,,,,,,,,,,1,1,1,1,1
200700019791,0007-04-15 18:00:00,7,4,15,18,0,60,33,,,,Plein jour,Hors agglomération,Hors intersection,Normale,Autre collision,,,,,,,,,,,1,1,1,1,6
200700019792,0007-04-24 18:00:00,7,4,24,18,0,60,33,1 rue de l'Aspre,43.78,7.191,Plein jour,En agglomération,Hors intersection,Normale,Autre collision,,,,,,,,,,,1,2,1,1,6
200700019793,0007-04-20 09:15:00,7,4,20,9,15,60,33,,,,Plein jour,En agglomération,Hors intersection,Normale,Autre collision,,,,,,,,,,,1,2,1,1,6
200700019794,0007-04-19 07:45:00,7,4,19,7,45,60,32,162 av du 3 septembre,,,Plein jour,En agglomération,Hors intersection,Normale,Deux véhicules - arrière,,,,,,,,,,,1,2,1,1,2
200700019795,0007-04-14 17:15:00,7,4,14,17,15,60,153,la bolline,44.075,7.169,Plein jour,En agglomération,Hors intersection,Pluie légère,Autre collision,,,,,,,,,,,1,2,1,2,6
200700019796,0007-04-07 23:30:00,7,4,7,23,30,830,148,avenue Président Wilson,,,Nuit avec éclairage allumé,En agglomération,Hors intersection,Normale,Deux véhicules - côté,,,,,,,,,,,5,2,1,1,3
200700019797,0007-04-14 17:00:00,7,4,14,17,0,830,44,,,,Plein jour,Hors agglomération,Hors intersection,Normale,Deux véhicules - frontale,,,,,,,,,,,1,1,1,1,1
200700019798,0007-04-08 10:45:00,7,4,8,10,45,830,73,,,,Plein jour,Hors agglomération,Hors intersection,Normale,Deux véhicules - frontale,,,,,,,,,,,1,1,1,1,1
200700019799,0007-04-30 07:45:00,7,4,30,7,45,830,121,,,,Plein jour,Hors agglomération,Hors intersection,Normale,Deux véhicules - arrière,,,,,,,,,,,1,1,1,1,2
200700019800,0007-04-06 14:55:00,7,4,6,14,55,830,23,industrielle des consacs,,,Plein jour,En agglomération,Hors intersection,Normale,Deux véhicules - frontale,,,,,,,,,,,1,2,1,1,1
200700019801,0007-04-16 17:30:00,7,4,16,17,30,830,30,,,,Plein jour,Hors agglomération,Hors intersection,Normale,Deux véhicules - côté,,,,,,,,,,,1,1,1,1,3
200700019802,0007-04-30 17:00:00,7,4,30,17,0,830,23,,,,Plein jour,Hors agglomération,Hors intersection,Normale,Deux véhicules - côté,,,,,,,,,,,1,1,1,1,3
200700019803,0007-04-30 20:15:00,7,4,30,20,15,830,23,,,,Crépuscule ou aube,Hors agglomération,Hors intersection,Normale,Autre collision,,,,,,,,,,,2,1,1,1,6
200700019804,0007-04-12 16:45:00,7,4,12,16,45,830,100,,,,Plein jour,Hors agglomération,Hors intersection,Normale,Deux véhicules - frontale,,,,,,,,,,,1,1,1,1,1
200700019805,0007-04-11 08:00:00,7,4,11,8,0,830,104,,,,Plein jour,Hors agglomération,Hors intersection,Brouillard / fumée,Deux véhicules - côté,,,,,,,,,,,1,1,1,5,3
200700019806,0007-04-21 11:15:00,7,4,21,11,15,830,146,,,,Plein jour,Hors agglomération,Hors intersection,Normale,Sans collision,,,,,,,,,,,1,1,1,1,7
200700019807,0007-04-08 16:00:00,7,4,8,16,0,830,77,CD 2,,,Plein jour,Hors agglomération,Hors intersection,Normale,Deux véhicules - côté,,,,,,,,,,,1,1,1,1,3
200700019808,0007-04-26 17:45:00,7,4,26,17,45,830,116,,,,Plein jour,Hors agglomération,Hors intersection,Normale,Deux véhicules - côté,,,,,,,,,,,1,1,1,1,3
200700019809,0007-04-30 21:30:00,7,4,30,21,30,830,107,,43.467,6.625,Nuit sans éclairage public,Hors agglomération,Hors intersection,Normale,Deux véhicules - côté,,,,,,,,,,,3,1,1,1,3
200700019810,0007-04-08 17:45:00,7,4,8,17,45,830,36,AVENUE DE LA BAIE,,,Plein jour,En agglomération,Hors intersection,Normale,Deux véhicules - frontale,,,,,,,,,,,1,2,1,1,1