accident_id,datetime,annee,mois,jour,heure,minute,departement,commune_insee,adresse,latitude,longitude,luminosite,agglomeration,intersection,meteo,collision,nb_vehicules,nb_usagers,nb_indemnes,nb_tues,nb_blesses_hosp,nb_blesses_legers,age_cond_1,age_cond_2,veh_type_cond_1,veh_type_cond_2,lum_code,agg_code,int_code,atm_code,col_code
200700019811,0007-04-27 20:45:00,7,4,27,20,45,830,48,Boulevard de Tabarrin,,,Nuit avec éclairage allumé,En agglomération,Hors intersection,Normale,Deux véhicules - frontale,,,,,,,,,,,5,2,1,1,1
200700019812,0007-04-10 17:15:00,7,4,10,17,15,830,68,RD559 Rives BEAUVALLON,,,Plein jour,En agglomération,Hors intersection,Normale,Deux véhicules - côté,,,,,,,,,,,1,2,1,1,3
200700019813,0007-04-20 15:30:00,7,4,20,15,30,830,68,,,,Plein jour,Hors agglomération,Hors intersection,Normale,Deux véhicules - frontale,,,,,,,,,,,1,1,1,1,1
200700019814,0007-04-21 15:00:00,7,4,21,15,0,830,42,,,,Plein jour,Hors agglomération,Hors intersection,Normale,Deux véhicules - côté,,,,,,,,,,,1,1,1,1,3
200700019815,0007-04-23 14:30:00,7,4,23,14,30,830,42,CD 14 L' AMIRAUTE,,,Plein jour,En agglomération,Hors intersection,Normale,Deux véhicules - côté,,,,,,,,,,,1,2,1,1,3
200700019816,0007-04-21 10:30:00,7,4,21,10,30,830,86,,,,Plein jour,Hors agglomération,Hors intersection,Temps couvert,Trois véhicules et plus - collisions multiples,,,,,,,,,,,1,1,1,8,5
200700019817,0007-04-28 10:45:00,7,4,28,10,45,830,94,,,,Plein jour,Hors agglomération,Hors intersection,Normale,Deux véhicules - arrière,,,,,,,,,,,1,1,1,1,2
200700019818,0007-04-25 17:30:00,7,4,25,17,30,830,65,,,,Plein jour,Hors agglomération,Hors intersection,Normale,Deux véhicules - côté,,,,,,,,,,,1,1,1,1,3
200700019819,0007-04-25 19:00:00,7,4,25,19,0,830,65,,43.242,6.606,Plein jour,Hors agglomération,Hors intersection,Normale,Autre collision,,,,,,,,,,,1,1,1,1,6
200700019820,0007-04-28 00:30:00,7,4,28,0,30,830,65,La Bouillabaisse,,,Nuit avec éclairage allumé,En agglomération,Hors intersection,Normale,Deux véhicules - frontale,,,,,,,,,,,5,2,1,1,1
200700019821,0007-04-01 17:45:00,7,4,1,17,45,830,16,,,,Plein jour,Hors agglomération,Hors intersection,Normale,Deux véhicules - frontale,,,,,,,,,,,1,1,1,1,1
200700019822,0007-04-02 17:00:00,7,4,2,17,0,830,35,,,,Plein jour,Hors agglomération,Hors intersection,Normale,Deux véhicules - frontale,,,,,,,,,,,1,1,1,1,1
200700019823,0007-04-07 17:45:00,7,4,7,17,45,830,16,CD26,,,Plein jour,En agglomération,Hors intersection,Normale,Autre collision,,,,,,,,,,,1,2,1,1,6
200700019824,0007-04-09 16:30:00,7,4,9,16,30,830,16,,,,Plein jour,Hors agglomération,Hors intersection,Normale,Deux véhicules - frontale,,,,,,,,,,,1,1,1,1,1
200700019825,0007-04-20 20:00:00,7,4,20,20,0,830,16,,,,Crépuscule ou aube,Hors agglomération,Hors intersection,Normale,Deux véhicules - frontale,,,,,,,,,,,2,1,1,1,1
200700019826,0007-04-21 17:00:00,7,4,21,17,0,830,16,DN8 PK12+900,,,Plein jour,En agglomération,Hors intersection,Normale,Deux véhicules - côté,,,,,,,,,,,1,2,1,1,3
200700019827,0007-04-27 16:45:00,7,4,27,16,45,830,127,,,,Plein jour,Hors agglomération,Hors intersection,Normale,Deux véhicules - arrière,,,,,,,,,,,1,1,1,1,2
200700019828,0007-04-11 09:00:00,7,4,11,9,0,830,91,,,,Plein jour,Hors agglomération,Hors intersection,Normale,Sans collision,,,,,,,,,,,1,1,1,1,7
200700019829,0007-04-27 18:00:00,7,4,27,18,0,830,47,,43.141,6.08,Plein jour,Hors agglomération,Hors intersection,Normale,Deux véhicules - côté,,,,,,,,,,,1,1,1,1,3
200700019830,0007-04-13 09:30:00,7,4,13,9,30,830,70,,43.15,6.387,Plein jour,Hors agglomération,Hors intersection,Pluie légère,Deux véhicules - frontale,,,,,,,,,,,1,1,1,2,1
200700019831,0007-04-16 12:00:00,7,4,16,12,0,830,19,avenue de la plage,43.128,6.36,Plein jour,En agglomération,Hors intersection,Normale,Deux véhicules - arrière,,,,,,,,,,,1,2,1,1,2
200700019832,0007-04-22 05:45:00,7,4,22,5,45,830,112,,,,Crépuscule ou aube,Hors agglomération,Hors intersection,Normale,Deux véhicules - frontale,,,,,,,,,,,2,1,1,1,1
200700019833,0007-04-25 22:15:00,7,4,25,22,15,830,112,,,,Nuit sans éclairage public,Hors agglomération,Hors intersection,Normale,Deux véhicules - frontale,,,,,,,,,,,3,1,1,1,1
200700019834,0007-04-28 15:30:00,7,4,28,15,30,830,27,Ancien Ch. du Castellet,,,Plein jour,En agglomération,Hors intersection,Normale,Autre collision,,,,,,,,,,,1,2,1,1,6
200700019835,0007-04-24 14:30:00,7,4,24,14,30,840,7,"36, route de montfavet",,,Plein jour,En agglomération,Hors intersection,Normale,Deux véhicules - arrière,,,,,,,,,,,1,2,1,1,2
200700019836,0007-04-05 12:30:00,7,4,5,12,30,840,81,CD 236,,,Plein jour,En agglomération,Intersection en X,Normale,Deux véhicules - côté,,,,,,,,,,,1,2,2,1,3
200700019837,0007-04-13 21:00:00,7,4,13,21,0,840,132,Rue de la République,,,Nuit avec éclairage allumé,En agglomération,Hors intersection,Pluie légère,Deux véhicules - côté,,,,,,,,,,,5,2,1,2,3
200700019838,0007-04-13 17:45:00,7,4,13,17,45,840,38,,,,Plein jour,Hors agglomération,Hors intersection,Pluie forte,Deux véhicules - frontale,,,,,,,,,,,1,1,1,3,1
200700019839,0007-04-30 16:00:00,7,4,30,16,0,840,38,Chemin St François,,,Plein jour,Hors agglomération,Hors intersection,Normale,Deux véhicules - côté,,,,,,,,,,,1,1,1,1,3
200700019840,0007-04-08 10:45:00,7,4,8,10,45,840,129,,,,Plein jour,Hors agglomération,Hors intersection,Normale,Deux véhicules - arrière,,,,,,,,,,,1,1,1,1,2
200700019841,0007-04-05 11:45:00,7,4,5,11,45,840,3,,,,Plein jour,Hors agglomération,Hors intersection,Normale,Autre collision,,,,,,,,,,,1,1,1,1,6
200700019842,0007-04-03 20:00:00,7,4,3,20,0,840,12,,,,Nuit sans éclairage public,Hors agglomération,Autre intersection,Pluie forte,Autre collision,,,,,,,,,,,3,1,9,3,6
200700019843,0007-04-23 14:30:00,7,4,23,14,30,840,16,,,,Plein jour,Hors agglomération,Hors intersection,Normale,Deux véhicules - frontale,,,,,,,,,,,1,1,1,1,1
200700019844,0007-04-29 17:45:00,7,4,29,17,45,840,148,,44.081,5.269,Plein jour,Hors agglomération,Hors intersection,Normale,Sans collision,,,,,,,,,,,1,1,1,1,7
200700019845,0007-04-11 17:45:00,7,4,11,17,45,840,142,Route de l'Isle,43.95,5.055,Plein jour,Hors agglomération,Hors intersection,Normale,Deux véhicules - frontale,,,,,,,,,,,1,1,1,1,1
200700019846,0007-04-17 19:15:00,7,4,17,19,15,840,88,avenue Croix Couverte,44.009,5.057,Plein jour,En agglomération,Hors intersection,Normale,Deux véhicules - côté,,,,,,,,,,,1,2,1,1,3
200700019847,0007-04-26 09:30:00,7,4,26,9,30,840,37,route de SORGUES  CD 17,,,Plein jour,Hors agglomération,Hors intersection,Normale,Autre collision,,,,,,,,,,,1,1,1,1,6
200700019848,0007-04-06 17:30:00,7,4,6,17,30,840,138,,,,Plein jour,Hors agglomération,Hors intersection,Normale,Autre collision,,,,,,,,,,,1,1,1,1,6
200700019849,0007-04-23 14:45:00,7,4,23,14,45,340,57,av. de l'Europe,43.635,3.91,Plein jour,En agglomération,Hors intersection,Normale,Autre collision,,,,,,,,,,,1,2,1,1,6
200700019850,0007-04-03 18:45:00,7,4,3,18,45,340,249,CD 21,,,Crépuscule ou aube,Hors agglomération,Hors intersection,Pluie forte,Sans collision,,,,,,,,,,,2,1,1,3,7
200700019851,0007-04-08 12:00:00,7,4,8,12,0,340,327,Intersection RD610/RD65,,,Plein jour,En agglomération,Intersection en X,Normale,Deux véhicules - côté,,,,,,,,,,,1,2,2,1,3
200700019852,0007-04-25 20:30:00,7,4,25,20,30,340,22,RD 613,,,Nuit sans éclairage public,Hors agglomération,Hors intersection,Normale,Autre collision,,,,,,,,,,,3,1,1,1,6
200700019853,0007-04-01 10:30:00,7,4,1,10,30,340,145,Chemin des Surveillants,,,Plein jour,En agglomération,Hors intersection,Pluie forte,Autre collision,,,,,,,,,,,1,2,1,3,6
200700019854,0007-04-20 17:15:00,7,4,20,17,15,340,145,,,,Plein jour,Hors agglomération,Intersection à plus de 4 branches,Normale,Deux véhicules - côté,,,,,,,,,,,1,1,5,1,3
200700019855,0007-04-19 16:00:00,7,4,19,16,0,340,154,,,,Plein jour,Hors agglomération,Hors intersection,Normale,Deux véhicules - frontale,,,,,,,,,,,1,1,1,1,1
200700019856,0007-04-01 13:30:00,7,4,1,13,30,340,18,PK 19 - CD 909,,,Plein jour,Hors agglomération,Hors intersection,Pluie légère,Trois véhicules et plus - collisions multiples,,,,,,,,,,,1,1,1,2,5
200700019857,0007-04-17 21:00:00,7,4,17,21,0,340,148,AVENUE DE BEZIERS,43.369,3.161,Nuit avec éclairage allumé,En agglomération,Hors intersection,Normale,Deux véhicules - côté,,,,,,,,,,,5,2,1,1,3
200700019858,0007-04-24 00:01:00,7,4,24,0,1,340,245,,43.416,2.946,Nuit sans éclairage public,Hors agglomération,Hors intersection,Normale,Autre collision,,,,,,,,,,,3,1,1,1,6
200700019859,0007-04-08 17:30:00,7,4,8,17,30,340,59,,43.358,2.782,Plein jour,Hors agglomération,Hors intersection,Normale,Sans collision,,,,,,,,,,,1,1,1,1,7
200700019860,0007-04-08 09:40:00,7,4,8,9,40,340,289,CD 13,,,Plein jour,En agglomération,Hors intersection,Normale,Deux véhicules - frontale,,,,,,,,,,,1,2,1,1,1
200700019861,0007-04-14 15:15:00,7,4,14,15,15,340,63,,,,Plein jour,Hors agglomération,Hors intersection,Normale,Sans collision,,,,,,,,,,,1,1,1,1,7
200700019862,0007-04-18 14:45:00,7,4,18,14,45,340,289,,,,Plein jour,Hors agglomération,Hors intersection,Normale,Sans collision,,,,,,,,,,,1,1,1,1,7
200700019863,0007-04-21 17:00:00,7,4,21,17,0,340,142,Route de Lunas,,,Plein jour,Hors agglomération,Hors intersection,Normale,Sans collision,,,,,,,,,,,1,1,1,1,7
200700019864,0007-04-14 07:45:00,7,4,14,7,45,340,338,te de Bédarieux PK 67800,,,Plein jour,Hors agglomération,Hors intersection,Pluie légère,Deux véhicules - frontale,,,,,,,,,,,1,1,1,2,1
200700019865,0007-04-12 09:57:00,7,4,12,9,57,340,173,irection JONQUIERES D141,,,Plein jour,Hors agglomération,Hors intersection,Pluie légère,Autre collision,,,,,,,,,,,1,1,1,2,6
200700019866,0007-04-29 07:45:00,7,4,29,7,45,340,239,,,,Plein jour,Hors agglomération,Hors intersection,Normale,Deux véhicules - frontale,,,,,,,,,,,1,1,1,1,1
200700019867,0007-04-28 23:00:00,7,4,28,23,0,340,95,,,,Nuit sans éclairage public,Hors agglomération,Hors intersection,Normale,Autre collision,,,,,,,,,,,3,1,1,1,6
200700019868,0007-04-19 07:00:00,7,4,19,7,0,340,39,,,,Plein jour,Hors agglomération,Hors intersection,Normale,Deux véhicules - frontale,,,,,,,,,,,1,1,1,1,1
200700019869,0007-04-28 23:15:00,7,4,28,23,15,340,157,18 (route de l'Ecosite),,,Nuit sans éclairage public,Hors agglomération,Hors intersection,Normale,Sans collision,,,,,,,,,,,3,1,1,1,7
200700019870,0007-04-08 10:45:00,7,4,8,10,45,110,367,,43.362,2.178,Plein jour,Hors agglomération,Hors intersection,Normale,Deux véhicules - arrière,,,,,,,,,,,1,1,1,1,2
200700019871,0007-04-19 09:15:00,7,4,19,9,15,110,288,,43.26,2.263,Plein jour,Hors agglomération,Intersection en X,Normale,Deux véhicules - frontale,,,,,,,,,,,1,1,2,1,1
200700019872,0007-04-20 07:45:00,7,4,20,7,45,110,9,,,,Plein jour,Hors agglomération,Hors intersection,Brouillard / fumée,Trois véhicules et plus - collisions multiples,,,,,,,,,,,1,1,1,5,5
200700019873,0007-04-26 08:30:00,7,4,26,8,30,110,288,,43.263,2.249,Plein jour,Hors agglomération,Hors intersection,Normale,Deux véhicules - côté,,,,,,,,,,,1,1,1,1,3
200700019874,0007-04-26 17:15:00,7,4,26,17,15,110,84,,,,Plein jour,Hors agglomération,Hors intersection,Normale,Deux véhicules - frontale,,,,,,,,,,,1,1,1,1,1
200700019875,0007-04-25 18:15:00,7,4,25,18,15,110,11,,43.285,2.312,Plein jour,Hors agglomération,Hors intersection,Normale,Deux véhicules - frontale,,,,,,,,,,,1,1,1,1,1
200700019876,0007-04-19 11:00:00,7,4,19,11,0,110,315,avenue Georges CLEMENCEA,,,Plein jour,En agglomération,Hors intersection,Normale,Deux véhicules - frontale,,,,,,,,,,,1,2,1,1,1
200700019877,0007-04-25 08:15:00,7,4,25,8,15,110,315,CARREFOUR CD 11 - CD 206,43.28,2.58,Plein jour,En agglomération,Intersection en X,Normale,Deux véhicules - côté,,,,,,,,,,,1,2,2,1,3
200700019878,0007-04-06 07:00:00,7,4,6,7,0,110,18,,43.213,2.23,Crépuscule ou aube,Hors agglomération,Hors intersection,Normale,Autre collision,,,,,,,,,,,2,1,1,1,6
200700019879,0007-04-16 18:15:00,7,4,16,18,15,110,254,,43.226,2.115,Plein jour,Hors agglomération,Hors intersection,Normale,Deux véhicules - frontale,,,,,,,,,,,1,1,1,1,1
200700019880,0007-04-14 21:30:00,7,4,14,21,30,110,159,,43.201,1.907,Nuit sans éclairage public,Hors agglomération,Hors intersection,Normale,Autre collision,,,,,,,,,,,3,1,1,1,6
200700019881,0007-04-28 19:00:00,7,4,28,19,0,110,149,,43.24,1.92,Plein jour,Hors agglomération,Hors intersection,Normale,Deux véhicules - frontale,,,,,,,,,,,1,1,1,1,1
200700019882,0007-04-27 12:00:00,7,4,27,12,0,110,206,AvenueOscar ROUGE,43.061,2.226,Plein jour,En agglomération,Hors intersection,Normale,Deux véhicules - côté,,,,,,,,,,,1,2,1,1,3
200700019883,0007-04-07 16:45:00,7,4,7,16,45,110,304,,42.879,2.157,Plein jour,Hors agglomération,Hors intersection,Normale,Deux véhicules - frontale,,,,,,,,,,,1,1,1,1,1
200700019884,0007-04-11 14:15:00,7,4,11,14,15,110,262,,,,Plein jour,Hors agglomération,Hors intersection,Normale,Trois véhicules et plus - collisions multiples,,,,,,,,,,,1,1,1,1,5
200700019885,0007-04-13 12:30:00,7,4,13,12,30,110,170,Rond point marins pêcheu,43.108,3.091,Plein jour,En agglomération,Giratoire,Pluie forte,Autre collision,,,,,,,,,,,1,2,6,3,6
200700019886,0007-04-08 21:50:00,7,4,8,21,50,110,217,le fresquet,,,Nuit sans éclairage public,Hors agglomération,Hors intersection,Normale,Sans collision,,,,,,,,,,,3,1,1,1,7
200700019887,0007-04-12 19:20:00,7,4,12,19,20,110,106,,,,Nuit sans éclairage public,Hors agglomération,Hors intersection,Pluie forte,Deux véhicules - côté,,,,,,,,,,,3,1,1,3,3
200700019888,0007-04-16 04:00:00,7,4,16,4,0,110,111,cd 24,43.196,2.819,Nuit avec éclairage allumé,En agglomération,Hors intersection,Normale,Autre collision,,,,,,,,,,,5,2,1,1,6
200700019889,0007-04-04 16:15:00,7,4,4,16,15,300,133,,,,Plein jour,Hors agglomération,Hors intersection,Normale,Deux véhicules - côté,,,,,,,,,,,1,1,1,1,3
200700019890,0007-04-23 04:30:00,7,4,23,4,30,300,3,route départementale 979,,,Nuit avec éclairage allumé,En agglomération,Hors intersection,Normale,Autre collision,,,,,,,,,,,5,2,1,1,6
200700019891,0007-04-14 10:30:00,7,4,14,10,30,300,19,,,,Plein jour,Hors agglomération,Hors intersection,Pluie légère,Deux véhicules - côté,,,,,,,,,,,1,1,1,2,3
200700019892,0007-04-21 15:30:00,7,4,21,15,30,300,321,CHEMIN DE  CAMPAGNE,43.786,4.087,Plein jour,En agglomération,Hors intersection,Normale,Autre collision,,,,,,,,,,,1,2,1,1,6
200700019893,0007-04-03 19:15:00,7,4,3,19,15,300,156,,,,Crépuscule ou aube,Hors agglomération,Hors intersection,Pluie légère,Deux véhicules - frontale,,,,,,,,,,,2,1,1,2,1
200700019894,0007-04-09 18:15:00,7,4,9,18,15,300,257,D6086,,,Plein jour,En agglomération,Hors intersection,Normale,Autre collision,,,,,,,,,,,1,2,1,1,6
200700019895,0007-04-15 17:45:00,7,4,15,17,45,300,145,,,,Plein jour,Hors agglomération,Hors intersection,Normale,Trois véhicules et plus - collisions multiples,,,,,,,,,,,1,1,1,1,5
200700019896,0007-04-06 14:30:00,7,4,6,14,30,300,333,AVENUE ROBERT DE JOLY,43.761,4.269,Plein jour,En agglomération,Intersection en X,Normale,Deux véhicules - côté,,,,,,,,,,,1,2,2,1,3
200700019897,0007-04-15 17:45:00,7,4,15,17,45,300,169,,43.787,4.298,Plein jour,En agglomération,Hors intersection,Normale,Deux véhicules - côté,,,,,,,,,,,1,2,1,1,3
200700019898,0007-04-25 09:15:00,7,4,25,9,15,300,36,10 route nationale 113,43.781,4.289,Plein jour,En agglomération,Autre intersection,Normale,Deux véhicules - arrière,,,,,,,,,,,1,2,9,1,2
200700019899,0007-04-15 05:15:00,7,4,15,5,15,300,330,CD 35,44.035,4.004,Nuit sans éclairage public,En agglomération,Hors intersection,Normale,Autre collision,,,,,,,,,,,3,2,1,1,6
200700019900,0007-04-07 17:30:00,7,4,7,17,30,300,132,rue ste barbe,,,Plein jour,En agglomération,Hors intersection,Normale,Autre collision,,,,,,,,,,,1,2,1,1,6
200700019901,0007-04-14 15:45:00,7,4,14,15,45,300,53,CARREFOUR RN106/CD8,43.981,4.21,Plein jour,En agglomération,Hors intersection,Normale,Deux véhicules - frontale,,,,,,,,,,,1,2,1,1,1
200700019902,0007-04-19 08:45:00,7,4,19,8,45,300,177,,,,Plein jour,Hors agglomération,Hors intersection,Normale,Deux véhicules - arrière,,,,,,,,,,,1,1,1,1,2
200700019903,0007-04-29 16:30:00,7,4,29,16,30,300,22,,44.358,4.015,Plein jour,Hors agglomération,Hors intersection,Normale,Sans collision,,,,,,,,,,,1,1,1,1,7
200700019904,0007-04-01 09:30:00,7,4,1,9,30,300,334,Avenue Georges Chauvin,,,Plein jour,En agglomération,Autre intersection,Pluie légère,Autre collision,,,,,,,,,,,1,2,9,2,6
200700019905,0007-04-15 03:45:00,7,4,15,3,45,300,41,,,,Nuit sans éclairage public,Hors agglomération,Hors intersection,Brouillard / fumée,Autre collision,,,,,,,,,,,3,1,1,5,6
200700019906,0007-04-21 17:15:00,7,4,21,17,15,300,67,Place de l'EGLISE,,,Plein jour,En agglomération,Hors intersection,Normale,Autre collision,,,,,,,,,,,1,2,1,1,6
200700019907,0007-04-23 15:00:00,7,4,23,15,0,300,14,,,,Plein jour,Hors agglomération,Hors intersection,Normale,Deux véhicules - côté,,,,,,,,,,,1,1,1,1,3
200700019908,0007-04-02 16:15:00,7,4,2,16,15,300,202,chemin des Sources,,,Plein jour,En agglomération,Hors intersection,Normale,Deux véhicules - arrière,,,,,,,,,,,1,2,1,1,2
200700019909,0007-04-13 23:00:00,7,4,13,23,0,300,277,,,,Nuit sans éclairage public,Hors agglomération,Hors intersection,Pluie légère,Deux véhicules - frontale,,,,,,,,,,,3,1,1,2,1
200700019910,0007-04-01 06:00:00,7,4,1,6,0,300,89,,43.852,4.609,Crépuscule ou aube,Hors agglomération,Autre intersection,Normale,Autre collision,,,,,,,,,,,2,1,9,1,6
200700019911,0007-04-07 19:45:00,7,4,7,19,45,300,12,107 rue Emile Jamais,43.896,4.688,Plein jour,En agglomération,Hors intersection,Normale,Autre collision,,,,,,,,,,,1,2,1,1,6
200700019912,0007-04-28 12:30:00,7,4,28,12,30,300,212,,43.943,4.58,Plein jour,Hors agglomération,Hors intersection,Normale,Trois véhicules et plus - en chaîne,,,,,,,,,,,1,1,1,1,4
200700019913,0007-04-28 14:00:00,7,4,28,14,0,300,179,,43.882,4.614,Plein jour,Hors agglomération,Intersection en T,Normale,Deux véhicules - côté,,,,,,,,,,,1,1,3,1,3
200700019914,0007-04-02 18:15:00,7,4,2,18,15,300,49,,,,Plein jour,Hors agglomération,Hors intersection,Normale,Deux véhicules - côté,,,,,,,,,,,1,1,1,1,3
200700019915,0007-04-02 17:15:00,7,4,2,17,15,300,181,RD 6110 - PK 16+500,,,Plein jour,Hors agglomération,Hors intersection,Normale,Sans collision,,,,,,,,,,,1,1,1,1,7
200700019916,0007-04-08 10:15:00,7,4,8,10,15,300,61,,,,Plein jour,Hors agglomération,Hors intersection,Normale,Trois véhicules et plus - en chaîne,,,,,,,,,,,1,1,1,1,4
200700019917,0007-04-23 15:00:00,7,4,23,15,0,300,228,,,,Plein jour,Hors agglomération,Intersection en T,Normale,Deux véhicules - frontale,,,,,,,,,,,1,1,3,1,1
200700019918,0007-04-26 07:45:00,7,4,26,7,45,300,241,,,,Plein jour,En agglomération,Hors intersection,Normale,Deux véhicules - arrière,,,,,,,,,,,1,2,1,1,2
200700019919,0007-04-09 19:00:00,7,4,9,19,0,300,26,,,,Plein jour,Hors agglomération,Hors intersection,Normale,Sans collision,,,,,,,,,,,1,1,1,1,7
200700019920,0007-04-21 09:30:00,7,4,21,9,30,300,325,Pont d'Herault,44.001,3.676,Plein jour,En agglomération,Hors intersection,Normale,Autre collision,,,,,,,,,,,1,2,1,1,6
200700019921,0007-04-01 13:15:00,7,4,1,13,15,300,50,,,,Plein jour,Hors agglomération,Hors intersection,Pluie légère,Autre collision,,,,,,,,,,,1,1,1,2,6
200700019922,0007-04-01 14:15:00,7,4,1,14,15,300,50,,,,Plein jour,Hors agglomération,Hors intersection,Temps couvert,Autre collision,,,,,,,,,,,1,1,1,8,6
200700019923,0007-04-28 16:00:00,7,4,28,16,0,300,139,,44.133,3.414,Plein jour,Hors agglomération,Hors intersection,Normale,Sans collision,,,,,,,,,,,1,1,1,1,7
200700019924,0007-04-03 09:45:00,7,4,3,9,45,480,127,,,,Plein jour,Hors agglomération,Hors intersection,Normale,Deux véhicules - frontale,,,,,,,,,,,1,1,1,1,1
200700019925,0007-04-26 09:30:00,7,4,26,9,30,480,97,,,,Plein jour,Hors agglomération,Hors intersection,Normale,Autre collision,,,,,,,,,,,1,1,1,1,6
200700019926,0007-04-15 15:30:00,7,4,15,15,30,480,146,,44.346,3.4,Plein jour,Hors agglomération,Hors intersection,Normale,Sans collision,,,,,,,,,,,1,1,1,1,7
200700019927,0007-04-12 18:45:00,7,4,12,18,45,480,17,"Lieu-dit ""les salelles""",44.444,3.187,Plein jour,Hors agglomération,Hors intersection,Pluie légère,Deux véhicules - frontale,,,,,,,,,,,1,1,1,2,1
200700019928,0007-04-26 21:15:00,7,4,26,21,15,660,37,VOIE DES FLAMANDS ROSES,,,Nuit sans éclairage public,En agglomération,Hors intersection,Normale,Deux véhicules - frontale,,,,,,,,,,,3,2,1,1,1
200700019929,0007-04-21 02:30:00,7,4,21,2,30,660,174,,42.673,2.749,Nuit sans éclairage public,Hors agglomération,Hors intersection,Normale,Autre collision,,,,,,,,,,,3,1,1,1,6
200700019930,0007-04-04 15:00:00,7,4,4,15,0,660,171,Bld Desnoyer,42.633,3.037,Plein jour,En agglomération,Hors intersection,Normale,Deux véhicules - arrière,,,,,,,,,,,1,2,1,1,2
200700019931,0007-04-07 15:15:00,7,4,7,15,15,660,160,avenue du vallespir,,,Plein jour,En agglomération,Hors intersection,Normale,Deux véhicules - frontale,,,,,,,,,,,1,2,1,1,1
200700019932,0007-04-08 22:15:00,7,4,8,22,15,660,8,chemin de la salanque,,,Nuit sans éclairage public,En agglomération,Hors intersection,Normale,Sans collision,,,,,,,,,,,3,2,1,1,7
200700019933,0007-04-22 22:15:00,7,4,22,22,15,660,8,,,,Nuit sans éclairage public,Hors agglomération,Hors intersection,Normale,Trois véhicules et plus - en chaîne,,,,,,,,,,,3,1,1,1,4
200700019934,0007-04-13 09:15:00,7,4,13,9,15,660,63,RD 900 - PK 49 + 400,,,Plein jour,Hors agglomération,Hors intersection,Pluie forte,Deux véhicules - frontale,,,,,,,,,,,1,1,1,3,1
200700019935,0007-04-27 18:15:00,7,4,27,18,15,660,48,,,,Plein jour,Hors agglomération,Hors intersection,Normale,Deux véhicules - frontale,,,,,,,,,,,1,1,1,1,1
200700019936,0007-04-03 13:30:00,7,4,3,13,30,660,66,,,,Plein jour,Hors agglomération,Hors intersection,Normale,Deux véhicules - arrière,,,,,,,,,,,1,1,1,1,2
200700019937,0007-04-07 15:00:00,7,4,7,15,0,660,146,,,,Plein jour,Hors agglomération,Hors intersection,Temps couvert,Trois véhicules et plus - en chaîne,,,,,,,,,,,1,1,1,8,4
200700019938,0007-04-06 11:30:00,7,4,6,11,30,660,20,,,,Plein jour,Hors agglomération,Hors intersection,Normale,Deux véhicules - frontale,,,,,,,,,,,1,1,1,1,1
200700019939,0007-04-05 19:30:00,7,4,5,19,30,660,4,,,,Crépuscule ou aube,Hors agglomération,Hors intersection,Neige / grêle,Deux véhicules - frontale,,,,,,,,,,,2,1,1,4,1
200700019940,0007-04-09 04:15:00,7,4,9,4,15,660,105,,,,Nuit sans éclairage public,Hors agglomération,Hors intersection,Normale,Autre collision,,,,,,,,,,,3,1,1,1,6
200700019941,0007-04-26 07:45:00,7,4,26,7,45,660,192,,,,Plein jour,Hors agglomération,Hors intersection,Normale,Deux véhicules - frontale,,,,,,,,,,,1,1,1,1,1
200700019942,0007-04-04 16:15:00,7,4,4,16,15,201,85,,,,Plein jour,Hors agglomération,Giratoire,Normale,Deux véhicules - côté,,,,,,,,,,,1,1,6,1,3
200700019943,0007-04-12 15:45:00,7,4,12,15,45,201,103,,,,Plein jour,Hors agglomération,Hors intersection,Normale,Deux véhicules - côté,,,,,,,,,,,1,1,1,1,3
200700019944,0007-04-22 04:30:00,7,4,22,4,30,201,6,,,,Nuit sans éclairage public,Hors agglomération,Hors intersection,Normale,Autre collision,,,,,,,,,,,3,1,1,1,6
200700019945,0007-04-07 11:50:00,7,4,7,11,50,201,288,Route de LEVIE,,,Plein jour,Hors agglomération,Hors intersection,Normale,Deux véhicules - frontale,,,,,,,,,,,1,1,1,1,1
200700019946,0007-04-03 17:45:00,7,4,3,17,45,201,247,rue Jean Jaures,,,Plein jour,En agglomération,Hors intersection,Normale,Autre collision,,,,,,,,,,,1,2,1,1,6
200700019947,0007-04-29 08:30:00,7,4,29,8,30,201,211,quartier de l'impossible,41.796,8.981,Plein jour,En agglomération,Hors intersection,Normale,Autre collision,,,,,,,,,,,1,2,1,1,6
200700019948,0007-04-04 19:00:00,7,4,4,19,0,202,42,lieu dit Cecconi,,,Crépuscule ou aube,Hors agglomération,Hors intersection,Pluie légère,Deux véhicules - arrière,,,,,,,,,,,2,1,1,2,2
200700019949,0007-04-07 16:15:00,7,4,7,16,15,202,355,,,,Plein jour,En agglomération,Hors intersection,Normale,Sans collision,,,,,,,,,,,1,2,1,1,7
200700019950,0007-04-09 15:30:00,7,4,9,15,30,202,148,rond point de crucetta,42.553,9.443,Plein jour,En agglomération,Giratoire,Normale,Deux véhicules - frontale,,,,,,,,,,,1,2,6,1,1