accident_id,datetime,annee,mois,jour,heure,minute,departement,commune_insee,adresse,latitude,longitude,luminosite,agglomeration,intersection,meteo,collision,nb_vehicules,nb_usagers,nb_indemnes,nb_tues,nb_blesses_hosp,nb_blesses_legers,age_cond_1,age_cond_2,veh_type_cond_1,veh_type_cond_2,lum_code,agg_code,int_code,atm_code,col_code
200700020089,0007-04-14 05:00:00,7,4,14,5,0,370,21,,,,Nuit sans éclairage public,Hors agglomération,Hors intersection,Normale,Autre collision,,,,,,,,,,,3,1,1,1,6
200700020090,0007-04-30 14:00:00,7,4,30,14,0,370,170,,47.588,0.601,Plein jour,Hors agglomération,Hors intersection,Normale,Deux véhicules - frontale,,,,,,,,,,,1,1,1,1,1
200700020091,0007-04-10 16:45:00,7,4,10,16,45,370,240,,,,Plein jour,Hors agglomération,Hors intersection,Normale,Sans collision,,,,,,,,,,,1,1,1,1,7
200700020092,0007-04-14 12:30:00,7,4,14,12,30,370,31,Place Jules Cibot,,,Plein jour,En agglomération,Place,Normale,Autre collision,,,,,,,,,,,1,2,7,1,6
200700020093,0007-04-03 19:45:00,7,4,3,19,45,370,38,7 rue des déportés,47.298,0.356,Plein jour,En agglomération,Hors intersection,Normale,Deux véhicules - frontale,,,,,,,,,,,1,2,1,1,1
200700020094,0007-04-05 13:30:00,7,4,5,13,30,370,111,Intersection CD764-CD10,47.187,1.098,Plein jour,En agglomération,Hors intersection,Normale,Deux véhicules - arrière,,,,,,,,,,,1,2,1,1,2
200700020095,0007-04-15 17:30:00,7,4,15,17,30,370,46,deux routes communales,47.277,1.241,Plein jour,Hors agglomération,Intersection en X,Normale,Deux véhicules - frontale,,,,,,,,,,,1,1,2,1,1
200700020096,0007-04-27 14:45:00,7,4,27,14,45,370,26,,46.994,0.951,Plein jour,Hors agglomération,Hors intersection,Pluie légère,Deux véhicules - frontale,,,,,,,,,,,1,1,1,2,1
200700020097,0007-04-24 22:30:00,7,4,24,22,30,370,104,,,,Nuit sans éclairage public,Hors agglomération,Giratoire,Normale,Autre collision,,,,,,,,,,,3,1,6,1,6
200700020098,0007-04-28 13:30:00,7,4,28,13,30,370,266,la saulaie,,,Plein jour,En agglomération,Hors intersection,Normale,Deux véhicules - côté,,,,,,,,,,,1,2,1,1,3
200700020099,0007-04-24 02:45:00,7,4,24,2,45,410,167,34 route de chouzy,,,Nuit avec éclairage non allumé,En agglomération,Hors intersection,Normale,Autre collision,,,,,,,,,,,4,2,1,1,6
200700020100,0007-04-27 19:15:00,7,4,27,19,15,410,220,CD 951 PK 5+900,,,Plein jour,Hors agglomération,Hors intersection,Normale,Autre collision,,,,,,,,,,,1,1,1,1,6
200700020101,0007-04-27 09:00:00,7,4,27,9,0,410,217,,,,Plein jour,Hors agglomération,Hors intersection,Pluie légère,Deux véhicules - frontale,,,,,,,,,,,1,1,1,2,1
200700020102,0007-04-30 23:45:00,7,4,30,23,45,410,164,,,,Nuit sans éclairage public,Hors agglomération,Hors intersection,Normale,Deux véhicules - frontale,,,,,,,,,,,3,1,1,1,1
200700020103,0007-04-13 13:15:00,7,4,13,13,15,410,106,,47.584,1.984,Plein jour,Hors agglomération,Hors intersection,Temps couvert,Autre collision,,,,,,,,,,,1,1,1,8,6
200700020104,0007-04-07 15:15:00,7,4,7,15,15,410,235,lieu-dit Montplaisir,,,Plein jour,En agglomération,Intersection en X,Normale,Deux véhicules - côté,,,,,,,,,,,1,2,2,1,3
200700020105,0007-04-25 17:15:00,7,4,25,17,15,410,65,CHEMIN DES METAUX,,,Plein jour,En agglomération,Intersection en X,Normale,Autre collision,,,,,,,,,,,1,2,2,1,6
200700020106,0007-04-29 10:00:00,7,4,29,10,0,410,17,"17, rue du gouffre",47.908,1.465,Plein jour,En agglomération,Hors intersection,Normale,Autre collision,,,,,,,,,,,1,2,1,1,6
200700020107,0007-04-08 17:45:00,7,4,8,17,45,330,203,,45.229,-1.094,Plein jour,Hors agglomération,Hors intersection,Normale,Sans collision,,,,,,,,,,,1,1,1,1,7
200700020108,0007-04-22 18:00:00,7,4,22,18,0,330,97,,45.079,-1.068,Plein jour,Hors agglomération,Hors intersection,Normale,Trois véhicules et plus - en chaîne,,,,,,,,,,,1,1,1,1,4
200700020109,0007-04-24 15:15:00,7,4,24,15,15,330,901,,45.01,-1.171,Plein jour,Hors agglomération,Hors intersection,Normale,Autre collision,,,,,,,,,,,1,1,1,1,6
200700020110,0007-04-03 15:00:00,7,4,3,15,0,290,233,,47.865,-3.546,Plein jour,Hors agglomération,Hors intersection,Normale,Deux véhicules - arrière,,,,,,,,,,,1,1,1,1,2
200700020111,0007-04-30 22:30:00,7,4,30,22,30,290,2,,,,Nuit sans éclairage public,Hors agglomération,Hors intersection,Normale,Autre collision,,,,,,,,,,,3,1,1,1,6
200700020112,0007-04-09 17:30:00,7,4,9,17,30,290,150,,47.8,-3.663,Plein jour,Hors agglomération,Hors intersection,Normale,Deux véhicules - arrière,,,,,,,,,,,1,1,1,1,2
200700020113,0007-04-10 16:30:00,7,4,10,16,30,950,58,"Chemin Pavé, devant maga",,,Plein jour,En agglomération,Autre intersection,Normale,Deux véhicules - frontale,,,,,,,,,,,1,2,9,1,1
200700020114,0007-04-24 10:15:00,7,4,24,10,15,440,20,,,,Plein jour,Hors agglomération,Hors intersection,Normale,Deux véhicules - frontale,,,,,,,,,,,1,1,1,1,1
200700020115,0007-04-19 07:15:00,7,4,19,7,15,870,205,Avenue du viaduc,45.759,1.292,Plein jour,En agglomération,Hors intersection,Normale,Autre collision,,,,,,,,,,,1,2,1,1,6
200700020116,0007-04-19 19:30:00,7,4,19,19,30,870,19,,,,Plein jour,Hors agglomération,Hors intersection,Normale,Deux véhicules - arrière,,,,,,,,,,,1,1,1,1,2
200700020117,0007-04-15 19:00:00,7,4,15,19,0,670,527,,,,Plein jour,Hors agglomération,Hors intersection,Normale,Deux véhicules - arrière,,,,,,,,,,,1,1,1,1,2
200700020118,0007-04-16 16:00:00,7,4,16,16,0,330,85,Chemin de Cabat,,,Plein jour,En agglomération,Hors intersection,Normale,Sans collision,,,,,,,,,,,1,2,1,1,7
200700020119,0007-04-09 22:30:00,7,4,9,22,30,580,254,,,,Nuit sans éclairage public,Hors agglomération,Hors intersection,Normale,Deux véhicules - côté,,,,,,,,,,,3,1,1,1,3
200700020120,0007-04-24 18:15:00,7,4,24,18,15,210,540,Rue de Sully,,,Plein jour,En agglomération,Hors intersection,Normale,Deux véhicules - frontale,,,,,,,,,,,1,2,1,1,1
200700020121,0007-04-02 08:30:00,7,4,2,8,30,470,318,,,,Plein jour,Hors agglomération,Hors intersection,Normale,Deux véhicules - côté,,,,,,,,,,,1,1,1,1,3
200700020122,0007-04-25 02:00:00,7,4,25,2,0,470,195,,44.099,0.361,Nuit sans éclairage public,Hors agglomération,Hors intersection,Normale,Sans collision,,,,,,,,,,,3,1,1,1,7
200700020123,0007-04-27 09:00:00,7,4,27,9,0,110,202,Avenue de septimanie,,,Plein jour,En agglomération,Hors intersection,Normale,Autre collision,,,,,,,,,,,1,2,1,1,6
200700020124,0007-04-27 09:30:00,7,4,27,9,30,110,144,,,,Plein jour,Hors agglomération,Hors intersection,Normale,Deux véhicules - côté,,,,,,,,,,,1,1,1,1,3
200700020125,0007-04-30 08:45:00,7,4,30,8,45,110,202,,,,Plein jour,Hors agglomération,Hors intersection,Normale,Deux véhicules - arrière,,,,,,,,,,,1,1,1,1,2
200700020126,0007-04-03 11:45:00,7,4,3,11,45,340,270,Route de Montpellier,,,Plein jour,En agglomération,Hors intersection,Normale,Deux véhicules - arrière,,,,,,,,,,,1,2,1,1,2
200700020127,0007-04-23 07:00:00,7,4,23,7,0,340,270,RD 612  ST JEAN DE VEDAS,,,Plein jour,En agglomération,Hors intersection,Normale,Deux véhicules - côté,,,,,,,,,,,1,2,1,1,3
200700020128,0007-04-09 02:15:00,7,4,9,2,15,110,261,,43.174,2.651,Nuit sans éclairage public,Hors agglomération,Hors intersection,Normale,Sans collision,,,,,,,,,,,3,1,1,1,7
200700020129,0007-04-05 16:10:00,7,4,5,16,10,230,212,D 16 Lieu-dit BOUFFANGES,45.842,2.004,Plein jour,Hors agglomération,Hors intersection,Normale,Deux véhicules - frontale,,,,,,,,,,,1,1,1,1,1
200700020130,0007-04-06 09:15:00,7,4,6,9,15,780,9,,48.472,1.913,Plein jour,Hors agglomération,Hors intersection,Normale,Autre collision,,,,,,,,,,,1,1,1,1,6
200700020131,0007-04-08 13:15:00,7,4,8,13,15,910,249,,48.61,2.082,Plein jour,Hors agglomération,Hors intersection,Normale,Autre collision,,,,,,,,,,,1,1,1,1,6
200700020132,0007-04-13 12:30:00,7,4,13,12,30,280,26,,48.329,1.865,Plein jour,Hors agglomération,Hors intersection,Normale,Deux véhicules - côté,,,,,,,,,,,1,1,1,1,3
200700020133,0007-04-22 14:30:00,7,4,22,14,30,780,499,,48.558,1.934,Plein jour,Hors agglomération,Hors intersection,Normale,Deux véhicules - côté,,,,,,,,,,,1,1,1,1,3
200700020134,0007-04-07 11:30:00,7,4,7,11,30,510,183,13 rue Général PATTON,,,Plein jour,En agglomération,Hors intersection,Normale,Autre collision,,,,,,,,,,,1,2,1,1,6
200700020135,0007-04-20 19:30:00,7,4,20,19,30,510,662,,49.295,4.127,Plein jour,Hors agglomération,Hors intersection,Normale,Deux véhicules - côté,,,,,,,,,,,1,1,1,1,3
200700020136,0007-04-27 18:15:00,7,4,27,18,15,510,662,30 AVENUE DES NELMONTS,49.294,4.114,Plein jour,En agglomération,Hors intersection,Normale,Deux véhicules - côté,,,,,,,,,,,1,2,1,1,3
200700020137,0007-04-10 07:30:00,7,4,10,7,30,370,50,CARREFOUR CD943,,,Plein jour,En agglomération,Hors intersection,Normale,Deux véhicules - frontale,,,,,,,,,,,1,2,1,1,1
200700020138,0007-04-29 10:30:00,7,4,29,10,30,290,189,TOULL AR RANNIG,48.377,-4.368,Plein jour,En agglomération,Giratoire,Normale,Deux véhicules - arrière,,,,,,,,,,,1,2,6,1,2
200700020139,0007-04-10 16:15:00,7,4,10,16,15,890,277,,,,Plein jour,Hors agglomération,Hors intersection,Normale,Autre collision,,,,,,,,,,,1,1,1,1,6
200700020140,0007-04-17 15:30:00,7,4,17,15,30,620,355,,,,Plein jour,Hors agglomération,Hors intersection,Normale,Deux véhicules - arrière,,,,,,,,,,,1,1,1,1,2
200700020141,0007-04-18 00:15:00,7,4,18,0,15,800,186,,,,Nuit sans éclairage public,Hors agglomération,Hors intersection,Normale,Autre collision,,,,,,,,,,,3,1,1,1,6
200700020142,0007-04-27 23:30:00,7,4,27,23,30,800,430,,49.92,2.85,Nuit sans éclairage public,Hors agglomération,Hors intersection,Normale,Deux véhicules - arrière,,,,,,,,,,,3,1,1,1,2
200700020143,0007-04-08 04:45:00,7,4,8,4,45,710,475,,46.77,4.82,Nuit sans éclairage public,Hors agglomération,Hors intersection,Normale,Sans collision,,,,,,,,,,,3,1,1,1,7
200700020144,0007-04-24 05:15:00,7,4,24,5,15,710,204,,,,Nuit sans éclairage public,Hors agglomération,Hors intersection,Normale,Deux véhicules - arrière,,,,,,,,,,,3,1,1,1,2
200700020145,0007-04-16 16:00:00,7,4,16,16,0,710,150,,,,Plein jour,Hors agglomération,Hors intersection,Temps éblouissant,Deux véhicules - arrière,,,,,,,,,,,1,1,1,7,2
200700020146,0007-04-24 07:50:00,7,4,24,7,50,890,13,autoroute A6 PK 149+500,,,Plein jour,Hors agglomération,Hors intersection,Normale,Autre collision,,,,,,,,,,,1,1,1,1,6
200700020147,0007-04-05 16:30:00,7,4,5,16,30,130,103,,,,Plein jour,Hors agglomération,Hors intersection,Normale,Deux véhicules - arrière,,,,,,,,,,,1,1,1,1,2
200700020148,0007-04-09 11:45:00,7,4,9,11,45,130,118,Autoroute A7,,,Plein jour,Hors agglomération,Hors intersection,Normale,Deux véhicules - arrière,,,,,,,,,,,1,1,1,1,2
200700020149,0007-04-13 05:00:00,7,4,13,5,0,130,1,,43.552,5.328,Nuit sans éclairage public,Hors agglomération,Hors intersection,Normale,Deux véhicules - arrière,,,,,,,,,,,3,1,1,1,2
200700020150,0007-04-22 15:45:00,7,4,22,15,45,130,37,,,,Plein jour,Hors agglomération,Hors intersection,Normale,Sans collision,,,,,,,,,,,1,1,1,1,7
200700020151,0007-04-09 16:00:00,7,4,9,16,0,830,86,,43.473,6.582,Plein jour,Hors agglomération,Hors intersection,Normale,Deux véhicules - arrière,,,,,,,,,,,1,1,1,1,2
200700020152,0007-04-13 19:00:00,7,4,13,19,0,830,31,,43.401,6.359,Plein jour,Hors agglomération,Hors intersection,Pluie légère,Deux véhicules - côté,,,,,,,,,,,1,1,1,2,3
200700020153,0007-04-14 18:15:00,7,4,14,18,15,830,107,,43.47,6.648,Plein jour,Hors agglomération,Hors intersection,Normale,Trois véhicules et plus - collisions multiples,,,,,,,,,,,1,1,1,1,5
200700020154,0007-04-09 17:15:00,7,4,9,17,15,600,393,,,,Plein jour,Hors agglomération,Hors intersection,Normale,Deux véhicules - côté,,,,,,,,,,,1,1,1,1,3
200700020155,0007-04-14 17:00:00,7,4,14,17,0,600,44,,,,Plein jour,Hors agglomération,Hors intersection,Normale,Autre collision,,,,,,,,,,,1,1,1,1,6
200700020156,0007-04-28 16:45:00,7,4,28,16,45,600,155,,,,Plein jour,Hors agglomération,Hors intersection,Normale,Deux véhicules - frontale,,,,,,,,,,,1,1,1,1,1
200700020157,0007-04-07 02:30:00,7,4,7,2,30,270,563,,49.39,0.5,Nuit sans éclairage public,Hors agglomération,Hors intersection,Normale,Trois véhicules et plus - collisions multiples,,,,,,,,,,,3,1,1,1,5
200700020158,0007-04-25 15:45:00,7,4,25,15,45,780,89,,,,Plein jour,Hors agglomération,Hors intersection,Normale,Autre collision,,,,,,,,,,,1,1,1,1,6
200700020159,0007-04-04 11:00:00,7,4,4,11,0,600,558,,,,Plein jour,Hors agglomération,Hors intersection,Normale,Deux véhicules - arrière,,,,,,,,,,,1,1,1,1,2
200700020160,0007-04-14 05:45:00,7,4,14,5,45,600,24,,,,Nuit sans éclairage public,Hors agglomération,Hors intersection,Normale,Deux véhicules - arrière,,,,,,,,,,,3,1,1,1,2
200700020161,0007-04-23 08:15:00,7,4,23,8,15,600,281,,,,Plein jour,Hors agglomération,Hors intersection,Normale,Deux véhicules - côté,,,,,,,,,,,1,1,1,1,3
200700020162,0007-04-10 14:00:00,7,4,10,14,0,690,264,,,,Plein jour,Hors agglomération,Hors intersection,Normale,Autre collision,,,,,,,,,,,1,1,1,1,6
200700020163,0007-04-25 17:45:00,7,4,25,17,45,690,206,,,,Plein jour,Hors agglomération,Hors intersection,Normale,Deux véhicules - côté,,,,,,,,,,,1,1,1,1,3
200700020164,0007-04-28 02:45:00,7,4,28,2,45,690,206,,46.041,4.727,Nuit sans éclairage public,Hors agglomération,Hors intersection,Normale,Deux véhicules - arrière,,,,,,,,,,,3,1,1,1,2
200700020165,0007-04-30 18:00:00,7,4,30,18,0,690,13,,,,Plein jour,Hors agglomération,Hors intersection,Normale,Autre collision,,,,,,,,,,,1,1,1,1,6
200700020166,0007-04-11 06:30:00,7,4,11,6,30,590,377,,,,Crépuscule ou aube,Hors agglomération,Hors intersection,Normale,Deux véhicules - arrière,,,,,,,,,,,2,1,1,1,2
200700020167,0007-04-07 02:00:00,7,4,7,2,0,380,343,,45.578,5.652,Nuit sans éclairage public,Hors agglomération,Hors intersection,Normale,Deux véhicules - frontale,,,,,,,,,,,3,1,1,1,1
200700020168,0007-04-18 16:15:00,7,4,18,16,15,380,64,,45.564,5.401,Plein jour,Hors agglomération,Hors intersection,Normale,Sans collision,,,,,,,,,,,1,1,1,1,7
200700020169,0007-04-12 13:15:00,7,4,12,13,15,680,278,rue Schweitzer,,,Plein jour,En agglomération,Hors intersection,Normale,Deux véhicules - frontale,,,,,,,,,,,1,2,1,1,1
200700020170,0007-04-19 14:45:00,7,4,19,14,45,680,278,Rue de Habsheim,47.755,7.408,Plein jour,En agglomération,Hors intersection,Normale,Deux véhicules - côté,,,,,,,,,,,1,2,1,1,3
200700020171,0007-04-02 14:15:00,7,4,2,14,15,530,39,,48.183,-0.996,Plein jour,Hors agglomération,Hors intersection,Normale,Deux véhicules - arrière,,,,,,,,,,,1,1,1,1,2
200700020172,0007-04-13 04:45:00,7,4,13,4,45,530,137,,48.075,-0.941,Nuit sans éclairage public,Hors agglomération,Hors intersection,Pluie légère,Deux véhicules - frontale,,,,,,,,,,,3,1,1,2,1
200700020173,0007-04-10 09:15:00,7,4,10,9,15,410,136,,47.725,1.489,Plein jour,Hors agglomération,Hors intersection,Normale,Deux véhicules - côté,,,,,,,,,,,1,1,1,1,3
200700020174,0007-04-12 07:00:00,7,4,12,7,0,410,93,,47.6,1.1,Plein jour,Hors agglomération,Hors intersection,Normale,Deux véhicules - arrière,,,,,,,,,,,1,1,1,1,2
200700020175,0007-04-14 02:15:00,7,4,14,2,15,410,136,,,,Nuit sans éclairage public,Hors agglomération,Hors intersection,Normale,Deux véhicules - côté,,,,,,,,,,,3,1,1,1,3
200700020176,0007-04-08 15:30:00,7,4,8,15,30,740,118,,,,Plein jour,Hors agglomération,Hors intersection,Normale,Autre collision,,,,,,,,,,,1,1,1,1,6
200700020177,0007-04-17 03:00:00,7,4,17,3,0,340,154,"rection NIMES, PK 96+600",,,Nuit sans éclairage public,Hors agglomération,Hors intersection,Normale,Trois véhicules et plus - en chaîne,,,,,,,,,,,3,1,1,1,4
200700020178,0007-04-10 05:00:00,7,4,10,5,0,370,156,avenue victor laloux,,,Nuit avec éclairage allumé,En agglomération,Hors intersection,Normale,Sans collision,,,,,,,,,,,5,2,1,1,7
200700020179,0007-04-13 23:30:00,7,4,13,23,30,370,75,,47.28,0.97,Nuit sans éclairage public,Hors agglomération,Hors intersection,Pluie légère,Autre collision,,,,,,,,,,,3,1,1,2,6
200700020180,0007-04-15 19:00:00,7,4,15,19,0,370,267,chemin des ruaux,47.355,0.815,Plein jour,En agglomération,Hors intersection,Normale,Deux véhicules - frontale,,,,,,,,,,,1,2,1,1,1
200700020181,0007-04-26 17:45:00,7,4,26,17,45,450,169,,,,Plein jour,Hors agglomération,Hors intersection,Normale,Autre collision,,,,,,,,,,,1,1,1,1,6
200700020182,0007-04-10 15:30:00,7,4,10,15,30,670,106,15 rue de Schifflange,,,Plein jour,En agglomération,Hors intersection,Normale,Autre collision,,,,,,,,,,,1,2,1,1,6
200700020183,0007-04-13 23:30:00,7,4,13,23,30,210,54,,,,Nuit avec éclairage allumé,Hors agglomération,Hors intersection,Normale,Deux véhicules - arrière,,,,,,,,,,,5,1,1,1,2
200700020184,0007-04-15 12:30:00,7,4,15,12,30,140,534,,,,Plein jour,Hors agglomération,Hors intersection,Normale,Deux véhicules - arrière,,,,,,,,,,,1,1,1,1,2
200700020185,0007-04-03 18:45:00,7,4,3,18,45,280,196,,,,Plein jour,Hors agglomération,Hors intersection,Normale,Deux véhicules - arrière,,,,,,,,,,,1,1,1,1,2
200700020186,0007-04-22 16:30:00,7,4,22,16,30,280,188,,,,Plein jour,Hors agglomération,Hors intersection,Normale,Sans collision,,,,,,,,,,,1,1,1,1,7
200700020187,0007-04-30 14:30:00,7,4,30,14,30,280,41,,,,Plein jour,Hors agglomération,Hors intersection,Normale,Sans collision,,,,,,,,,,,1,1,1,1,7
200700020188,0007-04-22 16:00:00,7,4,22,16,0,410,34,route de la commission,47.627,1.567,Plein jour,En agglomération,Hors intersection,Normale,Autre collision,,,,,,,,,,,1,2,1,1,6
200700020189,0007-04-28 14:00:00,7,4,28,14,0,410,147,Chemin de la FORET,,,Plein jour,En agglomération,Hors intersection,Normale,Deux véhicules - côté,,,,,,,,,,,1,2,1,1,3
200700020190,0007-04-14 23:25:00,7,4,14,23,25,690,43,Rue des Viollières,,,Nuit sans éclairage public,En agglomération,Hors intersection,Normale,Autre collision,,,,,,,,,,,3,2,1,1,6
200700020191,0007-04-30 21:45:00,7,4,30,21,45,690,268,rue louis querbes,,,Nuit avec éclairage allumé,En agglomération,Hors intersection,Autre,Deux véhicules - frontale,,,,,,,,,,,5,2,1,9,1
200700020192,0007-04-03 13:45:00,7,4,3,13,45,290,155,,,,Plein jour,Hors agglomération,Hors intersection,Normale,Autre collision,,,,,,,,,,,1,1,1,1,6
200700020193,0007-04-05 21:30:00,7,4,5,21,30,340,73,,,,Nuit sans éclairage public,Hors agglomération,Hors intersection,Brouillard / fumée,Trois véhicules et plus - collisions multiples,,,,,,,,,,,3,1,1,5,5
200700020194,0007-04-16 08:00:00,7,4,16,8,0,340,95,,,,Plein jour,Hors agglomération,Hors intersection,Normale,Deux véhicules - arrière,,,,,,,,,,,1,1,1,1,2
200700020195,0007-04-25 15:30:00,7,4,25,15,30,340,31,,43.38,3.411,Plein jour,Hors agglomération,Autre intersection,Normale,Trois véhicules et plus - collisions multiples,,,,,,,,,,,1,1,9,1,5
200700020196,0007-04-23 07:30:00,7,4,23,7,30,330,227,,,,Plein jour,Hors agglomération,Hors intersection,Normale,Deux véhicules - arrière,,,,,,,,,,,1,1,1,1,2
200700020197,0007-04-26 11:00:00,7,4,26,11,0,630,302,,,,Plein jour,Hors agglomération,Autre intersection,Normale,Deux véhicules - côté,,,,,,,,,,,1,1,9,1,3
200700020198,0007-04-05 19:30:00,7,4,5,19,30,550,242,,49.135,5.671,Crépuscule ou aube,Hors agglomération,Hors intersection,Normale,Deux véhicules - frontale,,,,,,,,,,,2,1,1,1,1
200700020199,0007-04-10 14:45:00,7,4,10,14,45,540,408,,49.178,5.764,Plein jour,Hors agglomération,Hors intersection,Normale,Autre collision,,,,,,,,,,,1,1,1,1,6
200700020200,0007-04-20 18:15:00,7,4,20,18,15,690,81,Montée des Roches,45.785,4.79,Plein jour,En agglomération,Hors intersection,Normale,Deux véhicules - frontale,,,,,,,,,,,1,2,1,1,1
200700020201,0007-04-12 23:30:00,7,4,12,23,30,380,485,BLD DES FRERES DESAIRE,,,Nuit avec éclairage allumé,En agglomération,Hors intersection,Normale,Deux véhicules - frontale,,,,,,,,,,,5,2,1,1,1
200700020202,0007-04-19 17:30:00,7,4,19,17,30,380,485,CD 106 - PK 2,,,Plein jour,Hors agglomération,Hors intersection,Normale,Deux véhicules - frontale,,,,,,,,,,,1,1,1,1,1
200700020203,0007-04-15 12:00:00,7,4,15,12,0,380,285,,45.055,5.989,Plein jour,Hors agglomération,Hors intersection,Normale,Deux véhicules - frontale,,,,,,,,,,,1,1,1,1,1
200700020204,0007-04-23 15:30:00,7,4,23,15,30,380,52,,,,Plein jour,Hors agglomération,Hors intersection,Normale,Deux véhicules - côté,,,,,,,,,,,1,1,1,1,3
200700020205,0007-04-30 00:45:00,7,4,30,0,45,380,191,,45.077,6.051,Nuit sans éclairage public,Hors agglomération,Hors intersection,Normale,Sans collision,,,,,,,,,,,3,1,1,1,7
200700020206,0007-04-07 14:30:00,7,4,7,14,30,510,588,,,,Plein jour,Hors agglomération,Hors intersection,Normale,Sans collision,,,,,,,,,,,1,1,1,1,7
200700020207,0007-04-11 09:50:00,7,4,11,9,50,510,27,197+300 sens Paris/Metz,,,Plein jour,Hors agglomération,Hors intersection,Normale,Sans collision,,,,,,,,,,,1,1,1,1,7
200700020208,0007-04-02 09:00:00,7,4,2,9,0,60,88,,43.676,7.202,Plein jour,Hors agglomération,Hors intersection,Normale,Deux véhicules - côté,,,,,,,,,,,1,1,1,1,3
200700020209,0007-04-13 16:30:00,7,4,13,16,30,900,76,,,,Plein jour,Hors agglomération,Hors intersection,Normale,Autre collision,,,,,,,,,,,1,1,1,1,6
200700020210,0007-04-08 07:30:00,7,4,8,7,30,620,517,eims-Calais -P.K. 53+500,50.596,2.361,Plein jour,Hors agglomération,Hors intersection,Brouillard / fumée,Deux véhicules - arrière,,,,,,,,,,,1,1,1,5,2
200700020211,0007-04-13 12:00:00,7,4,13,12,0,620,19,,,,Plein jour,Hors agglomération,Autre intersection,Normale,Sans collision,,,,,,,,,,,1,1,9,1,7
200700020212,0007-04-21 22:30:00,7,4,21,22,30,950,450,,,,Nuit avec éclairage allumé,Hors agglomération,Intersection en X,Normale,Deux véhicules - frontale,,,,,,,,,,,5,1,2,1,1
200700020213,0007-04-24 07:45:00,7,4,24,7,45,130,1,,43.517,5.47,Plein jour,Hors agglomération,Hors intersection,Normale,Deux véhicules - arrière,,,,,,,,,,,1,1,1,1,2
200700020214,0007-04-05 10:00:00,7,4,5,10,0,60,123,,,,Plein jour,Hors agglomération,Hors intersection,Normale,Trois véhicules et plus - en chaîne,,,,,,,,,,,1,1,1,1,4
200700020215,0007-04-24 20:30:00,7,4,24,20,30,60,27,,,,Crépuscule ou aube,Hors agglomération,Hors intersection,Normale,Deux véhicules - côté,,,,,,,,,,,2,1,1,1,3
200700020216,0007-04-17 07:15:00,7,4,17,7,15,770,128,,,,Plein jour,Hors agglomération,Hors intersection,Normale,Deux véhicules - arrière,,,,,,,,,,,1,1,1,1,2
200700020217,0007-04-15 15:30:00,7,4,15,15,30,640,448,,,,Plein jour,Hors agglomération,Hors intersection,Normale,Deux véhicules - arrière,,,,,,,,,,,1,1,1,1,2
200700020218,0007-04-05 20:00:00,7,4,5,20,0,660,172,,,,Nuit avec éclairage allumé,Hors agglomération,Hors intersection,Normale,Deux véhicules - frontale,,,,,,,,,,,5,1,1,1,1
200700020219,0007-04-21 14:15:00,7,4,21,14,15,110,199,,,,Plein jour,Hors agglomération,Hors intersection,Normale,Deux véhicules - côté,,,,,,,,,,,1,1,1,1,3
200700020220,0007-04-08 08:15:00,7,4,8,8,15,470,220,,,,Plein jour,Hors agglomération,Hors intersection,Normale,Deux véhicules - arrière,,,,,,,,,,,1,1,1,1,2
200700020221,0007-04-07 11:30:00,7,4,7,11,30,720,288,,,,Plein jour,Hors agglomération,Hors intersection,Normale,Sans collision,,,,,,,,,,,1,1,1,1,7
200700020222,0007-04-08 14:45:00,7,4,8,14,45,280,219,,,,Plein jour,Hors agglomération,Hors intersection,Normale,Trois véhicules et plus - collisions multiples,,,,,,,,,,,1,1,1,1,5
200700020223,0007-04-18 14:45:00,7,4,18,14,45,740,208,,45.923,6.732,Plein jour,Hors agglomération,Hors intersection,Normale,Sans collision,,,,,,,,,,,1,1,1,1,7
200700020224,0007-04-14 16:30:00,7,4,14,16,30,460,92,,,,Plein jour,Hors agglomération,Hors intersection,Normale,Deux véhicules - frontale,,,,,,,,,,,1,1,1,1,1
200700020225,0007-04-13 06:45:00,7,4,13,6,45,680,297,,,,Plein jour,Hors agglomération,Hors intersection,Normale,Autre collision,,,,,,,,,,,1,1,1,1,6
200700020226,0007-04-22 14:00:00,7,4,22,14,0,530,108,,,,Plein jour,Hors agglomération,Hors intersection,Normale,Deux véhicules - côté,,,,,,,,,,,1,1,1,1,3
200700020227,0007-04-23 18:00:00,7,4,23,18,0,470,225,,,,Plein jour,Hors agglomération,Hors intersection,Normale,Deux véhicules - arrière,,,,,,,,,,,1,1,1,1,2
200700020228,0007-04-30 18:15:00,7,4,30,18,15,470,41,,,,Plein jour,Hors agglomération,Hors intersection,Pluie forte,Autre collision,,,,,,,,,,,1,1,1,3,6
200700020229,0007-04-08 14:45:00,7,4,8,14,45,201,65,,,,Plein jour,Hors agglomération,Hors intersection,Normale,Autre collision,,,,,,,,,,,1,1,1,1,6