accident_id,datetime,annee,mois,jour,heure,minute,departement,commune_insee,adresse,latitude,longitude,luminosite,agglomeration,intersection,meteo,collision,nb_vehicules,nb_usagers,nb_indemnes,nb_tues,nb_blesses_hosp,nb_blesses_legers,age_cond_1,age_cond_2,veh_type_cond_1,veh_type_cond_2,lum_code,agg_code,int_code,atm_code,col_code
200700020230,0007-04-03 17:30:00,7,4,3,17,30,201,130,,41.885,8.966,Plein jour,Hors agglomération,Hors intersection,Pluie légère,Sans collision,,,,,,,,,,,1,1,1,2,7
200700020231,0007-04-23 20:15:00,7,4,23,20,15,390,387,,,,Plein jour,Hors agglomération,Hors intersection,Normale,Sans collision,,,,,,,,,,,1,1,1,1,7
200700020232,0007-04-05 12:00:00,7,4,5,12,0,380,45,753 chemin de l'Eglise,,,Plein jour,En agglomération,Hors intersection,Normale,Deux véhicules - frontale,,,,,,,,,,,1,2,1,1,1
200700020233,0007-04-13 08:00:00,7,4,13,8,0,380,397,intersecCD1090/fangeat,,,Plein jour,En agglomération,Hors intersection,Normale,Deux véhicules - frontale,,,,,,,,,,,1,2,1,1,1
200700020234,0007-04-16 10:00:00,7,4,16,10,0,380,229,43 boulevard des alpes,,,Plein jour,En agglomération,Hors intersection,Normale,Deux véhicules - frontale,,,,,,,,,,,1,2,1,1,1
200700020235,0007-04-25 17:15:00,7,4,25,17,15,380,397,,,,Plein jour,Hors agglomération,Intersection en T,Normale,Deux véhicules - côté,,,,,,,,,,,1,1,3,1,3
200700020236,0007-04-08 05:00:00,7,4,8,5,0,60,85,,,,Nuit avec éclairage allumé,En agglomération,Hors intersection,Normale,Deux véhicules - côté,,,,,,,,,,,5,2,1,1,3
200700020237,0007-04-30 06:30:00,7,4,30,6,30,780,431,,,,Plein jour,Hors agglomération,Hors intersection,Normale,Autre collision,,,,,,,,,,,1,1,1,1,6
200700020238,0007-04-18 11:30:00,7,4,18,11,30,330,122,Place du gart,,,Plein jour,En agglomération,Place,Normale,Deux véhicules - côté,,,,,,,,,,,1,2,7,1,3
200700020239,0007-04-28 16:15:00,7,4,28,16,15,330,122,FACE 31 AVENUE DE VERDUN,,,Plein jour,En agglomération,Hors intersection,Normale,Deux véhicules - arrière,,,,,,,,,,,1,2,1,1,2
200700020240,0007-04-05 15:15:00,7,4,5,15,15,660,195,,,,Plein jour,Hors agglomération,Hors intersection,Normale,Sans collision,,,,,,,,,,,1,1,1,1,7
200700020241,0007-04-12 12:45:00,7,4,12,12,45,790,351,,,,Plein jour,Hors agglomération,Hors intersection,Normale,Sans collision,,,,,,,,,,,1,1,1,1,7
200700020242,0007-04-18 09:45:00,7,4,18,9,45,740,243,,46.136,6.093,Plein jour,Hors agglomération,Autre intersection,Normale,Deux véhicules - arrière,,,,,,,,,,,1,1,9,1,2
200700020243,0007-04-15 01:30:00,7,4,15,1,30,220,187,Avenue du générale De Ga,,,Nuit sans éclairage public,En agglomération,Hors intersection,Normale,Deux véhicules - côté,,,,,,,,,,,3,2,1,1,3
200700020244,0007-04-26 18:45:00,7,4,26,18,45,220,187,,48.528,-2.75,Plein jour,Hors agglomération,Hors intersection,Normale,Deux véhicules - arrière,,,,,,,,,,,1,1,1,1,2
200700020245,0007-04-14 00:30:00,7,4,14,0,30,201,269,,41.832,9.403,Nuit sans éclairage public,Hors agglomération,Hors intersection,Normale,Sans collision,,,,,,,,,,,3,1,1,1,7
200700020246,0007-04-13 15:30:00,7,4,13,15,30,740,272,,,,Plein jour,Hors agglomération,Hors intersection,Normale,Sans collision,,,,,,,,,,,1,1,1,1,7
200700020247,0007-04-29 14:30:00,7,4,29,14,30,740,292,Lieu-dit MORNAZ,,,Plein jour,En agglomération,Hors intersection,Normale,Deux véhicules - frontale,,,,,,,,,,,1,2,1,1,1
200700020248,0007-04-30 16:30:00,7,4,30,16,30,740,272,,,,Plein jour,Hors agglomération,Hors intersection,Normale,Deux véhicules - frontale,,,,,,,,,,,1,1,1,1,1
200700020249,0007-04-06 18:30:00,7,4,6,18,30,10,49,,,,Plein jour,Hors agglomération,Hors intersection,Normale,Autre collision,,,,,,,,,,,1,1,1,1,6
200700020250,0007-04-05 14:30:00,7,4,5,14,30,910,45,Rue de la papeterie,,,Plein jour,En agglomération,Hors intersection,Temps éblouissant,Autre collision,,,,,,,,,,,1,2,1,7,6
200700020251,0007-04-23 08:00:00,7,4,23,8,0,910,244,CD 17,,,Plein jour,Hors agglomération,Hors intersection,Temps éblouissant,Trois véhicules et plus - collisions multiples,,,,,,,,,,,1,1,1,7,5
200700020252,0007-04-27 12:55:00,7,4,27,12,55,910,244,carrefour RN 191 - CD 17,,,Plein jour,Hors agglomération,Hors intersection,Normale,Deux véhicules - côté,,,,,,,,,,,1,1,1,1,3
200700020253,0007-04-05 09:45:00,7,4,5,9,45,510,571,,49.207,4.234,Plein jour,Hors agglomération,Hors intersection,Normale,Deux véhicules - frontale,,,,,,,,,,,1,1,1,1,1
200700020254,0007-04-19 20:00:00,7,4,19,20,0,510,536,,49.21,4.151,Plein jour,Hors agglomération,Hors intersection,Normale,Deux véhicules - côté,,,,,,,,,,,1,1,1,1,3
200700020255,0007-04-12 03:45:00,7,4,12,3,45,690,168,50 quai Pierre Dupont,,,Nuit avec éclairage allumé,En agglomération,Hors intersection,Normale,Autre collision,,,,,,,,,,,5,2,1,1,6
200700020256,0007-04-11 17:45:00,7,4,11,17,45,690,87,115 rue du Diot,,,Plein jour,En agglomération,Autre intersection,Normale,Deux véhicules - arrière,,,,,,,,,,,1,2,9,1,2
200700020257,0007-04-22 16:15:00,7,4,22,16,15,380,378,chemin de Mordant,45.452,4.771,Plein jour,En agglomération,Hors intersection,Normale,Deux véhicules - frontale,,,,,,,,,,,1,2,1,1,1
200700020258,0007-04-03 16:30:00,7,4,3,16,30,740,137,,,,Plein jour,Hors agglomération,Hors intersection,Normale,Deux véhicules - frontale,,,,,,,,,,,1,1,1,1,1
200700020259,0007-04-07 18:45:00,7,4,7,18,45,740,137,RN203,46.005,6.182,Plein jour,En agglomération,Hors intersection,Normale,Deux véhicules - frontale,,,,,,,,,,,1,2,1,1,1
200700020260,0007-04-27 10:00:00,7,4,27,10,0,340,255,,,,Plein jour,En agglomération,Intersection en X,Normale,Trois véhicules et plus - collisions multiples,,,,,,,,,,,1,2,2,1,5
200700020261,0007-04-11 12:15:00,7,4,11,12,15,10,69,,,,Plein jour,Hors agglomération,Hors intersection,Autre,Deux véhicules - arrière,,,,,,,,,,,1,1,1,9,2
200700020262,0007-04-14 13:15:00,7,4,14,13,15,10,451,,,,Plein jour,Hors agglomération,Hors intersection,Normale,Autre collision,,,,,,,,,,,1,1,1,1,6
200700020263,0007-04-22 14:00:00,7,4,22,14,0,10,147,,,,Plein jour,Hors agglomération,Hors intersection,Normale,Autre collision,,,,,,,,,,,1,1,1,1,6
200700020264,0007-04-19 11:00:00,7,4,19,11,0,780,571,,48.858,2.038,Plein jour,Hors agglomération,Hors intersection,Normale,Deux véhicules - côté,,,,,,,,,,,1,1,1,1,3
200700020265,0007-04-05 11:00:00,7,4,5,11,0,130,37,avenue général De Gaulle,,,Plein jour,En agglomération,Hors intersection,Normale,Trois véhicules et plus - collisions multiples,,,,,,,,,,,1,2,1,1,5
200700020266,0007-04-06 13:00:00,7,4,6,13,0,130,37,,,,Plein jour,Hors agglomération,Hors intersection,Normale,Deux véhicules - arrière,,,,,,,,,,,1,1,1,1,2
200700020267,0007-04-27 00:15:00,7,4,27,0,15,130,114,,43.551,5.314,Nuit avec éclairage allumé,Hors agglomération,Hors intersection,Normale,Autre collision,,,,,,,,,,,5,1,1,1,6
200700020268,0007-04-07 21:30:00,7,4,7,21,30,950,660,,49.073,2.34,Nuit sans éclairage public,Hors agglomération,Giratoire,Normale,Autre collision,,,,,,,,,,,3,1,6,1,6
200700020269,0007-04-10 15:15:00,7,4,10,15,15,90,32,,,,Plein jour,Hors agglomération,Hors intersection,Normale,Sans collision,,,,,,,,,,,1,1,1,1,7
200700020270,0007-04-12 03:15:00,7,4,12,3,15,90,189,,42.668,1.833,Nuit sans éclairage public,Hors agglomération,Hors intersection,Temps couvert,Autre collision,,,,,,,,,,,3,1,1,8,6
200700020271,0007-04-21 15:30:00,7,4,21,15,30,90,32,,42.722,1.835,Plein jour,Hors agglomération,Hors intersection,Normale,Autre collision,,,,,,,,,,,1,1,1,1,6
200700020272,0007-04-05 15:35:00,7,4,5,15,35,760,584,utoroute A.29 au PK 129,,,Plein jour,Hors agglomération,Hors intersection,Normale,Autre collision,,,,,,,,,,,1,1,1,1,6
200700020273,0007-04-12 10:00:00,7,4,12,10,0,760,344,,,,Plein jour,Hors agglomération,Hors intersection,Normale,Autre collision,,,,,,,,,,,1,1,1,1,6
200700020274,0007-04-14 16:30:00,7,4,14,16,30,760,462,,,,Plein jour,Hors agglomération,Hors intersection,Normale,Autre collision,,,,,,,,,,,1,1,1,1,6
200700020275,0007-04-26 08:00:00,7,4,26,8,0,760,122,P.K. 48,,,Plein jour,Hors agglomération,Hors intersection,Normale,Autre collision,,,,,,,,,,,1,1,1,1,6
200700020276,0007-04-11 00:15:00,7,4,11,0,15,880,274,,,,Nuit sans éclairage public,Hors agglomération,Hors intersection,Normale,Autre collision,,,,,,,,,,,3,1,1,1,6
200700020277,0007-04-27 17:45:00,7,4,27,17,45,130,74,,,,Plein jour,Hors agglomération,Hors intersection,Normale,Sans collision,,,,,,,,,,,1,1,1,1,7
200700020278,0007-04-28 23:45:00,7,4,28,23,45,410,232,,,,Nuit sans éclairage public,Hors agglomération,Hors intersection,Normale,Autre collision,,,,,,,,,,,3,1,1,1,6
200700020279,0007-04-19 08:45:00,7,4,19,8,45,340,337,,43.534,3.823,Plein jour,Hors agglomération,Hors intersection,Normale,Deux véhicules - côté,,,,,,,,,,,1,1,1,1,3
200700020280,0007-04-24 20:30:00,7,4,24,20,30,140,191,rue des tennis,,,Crépuscule ou aube,En agglomération,Hors intersection,Normale,Sans collision,,,,,,,,,,,2,2,1,1,7
200700020281,0007-04-07 01:30:00,7,4,7,1,30,130,51,,43.0,5.0,Nuit sans éclairage public,Hors agglomération,Hors intersection,Normale,Deux véhicules - arrière,,,,,,,,,,,3,1,1,1,2
200700020282,0007-04-19 17:45:00,7,4,19,17,45,130,44,,,,Plein jour,Hors agglomération,Hors intersection,Normale,Sans collision,,,,,,,,,,,1,1,1,1,7
200700020283,0007-04-18 16:15:00,7,4,18,16,15,630,68,,45.95,3.12,Plein jour,Hors agglomération,Hors intersection,Normale,Sans collision,,,,,,,,,,,1,1,1,1,7
200700020284,0007-04-16 16:45:00,7,4,16,16,45,60,7,rte de st jacques cd 609,,,Plein jour,En agglomération,Hors intersection,Normale,Deux véhicules - côté,,,,,,,,,,,1,2,1,1,3
200700020285,0007-04-08 18:00:00,7,4,8,18,0,400,163,,,,Plein jour,Hors agglomération,Hors intersection,Normale,Deux véhicules - frontale,,,,,,,,,,,1,1,1,1,1
200700020286,0007-04-29 17:00:00,7,4,29,17,0,670,212,,48.56,7.663,Plein jour,Hors agglomération,Hors intersection,Normale,Sans collision,,,,,,,,,,,1,1,1,1,7
200700020287,0007-04-13 13:45:00,7,4,13,13,45,670,389,,48.642,7.755,Plein jour,Hors agglomération,Hors intersection,Normale,Deux véhicules - frontale,,,,,,,,,,,1,1,1,1,1
200700020288,0007-04-03 07:30:00,7,4,3,7,30,60,105,CD 2085,43.671,7.052,Plein jour,En agglomération,Hors intersection,Normale,Deux véhicules - côté,,,,,,,,,,,1,2,1,1,3
200700020289,0007-04-08 16:45:00,7,4,8,16,45,60,38,,,,Plein jour,Hors agglomération,Autre intersection,Normale,Deux véhicules - côté,,,,,,,,,,,1,1,9,1,3
200700020290,0007-04-10 02:30:00,7,4,10,2,30,20,638,,,,Nuit sans éclairage public,Hors agglomération,Hors intersection,Normale,Deux véhicules - arrière,,,,,,,,,,,3,1,1,1,2
200700020291,0007-04-08 18:00:00,7,4,8,18,0,380,352,,45.596,5.209,Plein jour,Hors agglomération,Hors intersection,Normale,Sans collision,,,,,,,,,,,1,1,1,1,7
200700020292,0007-04-11 13:30:00,7,4,11,13,30,380,193,,,,Plein jour,Hors agglomération,Hors intersection,Normale,Deux véhicules - frontale,,,,,,,,,,,1,1,1,1,1
200700020293,0007-04-24 23:30:00,7,4,24,23,30,380,352,,,,Nuit avec éclairage allumé,En agglomération,Autre intersection,Normale,Deux véhicules - côté,,,,,,,,,,,5,2,9,1,3
200700020294,0007-04-24 12:30:00,7,4,24,12,30,100,213,int kilométrique 154+400,,,Plein jour,Hors agglomération,Hors intersection,Normale,Deux véhicules - arrière,,,,,,,,,,,1,1,1,1,2
200700020295,0007-04-28 01:00:00,7,4,28,1,0,100,45,,,,Nuit sans éclairage public,Hors agglomération,Hors intersection,Normale,Sans collision,,,,,,,,,,,3,1,1,1,7
200700020296,0007-04-06 09:00:00,7,4,6,9,0,130,80,,43.655,5.481,Plein jour,Hors agglomération,Hors intersection,Normale,Autre collision,,,,,,,,,,,1,1,1,1,6
200700020297,0007-04-13 18:45:00,7,4,13,18,45,130,80,,43.661,5.486,Plein jour,Hors agglomération,Hors intersection,Pluie légère,Autre collision,,,,,,,,,,,1,1,1,2,6
200700020298,0007-04-13 16:15:00,7,4,13,16,15,130,113,,43.611,5.496,Plein jour,Hors agglomération,Hors intersection,Normale,Deux véhicules - frontale,,,,,,,,,,,1,1,1,1,1
200700020299,0007-04-30 17:15:00,7,4,30,17,15,350,352,,,,Plein jour,Hors agglomération,Hors intersection,Normale,Deux véhicules - frontale,,,,,,,,,,,1,1,1,1,1
200700020300,0007-04-18 14:00:00,7,4,18,14,0,670,463,s Strasbourg/Lauterbourg,,,Plein jour,Hors agglomération,Hors intersection,Normale,Sans collision,,,,,,,,,,,1,1,1,1,7
200700020301,0007-04-14 14:00:00,7,4,14,14,0,770,354,,,,Plein jour,Hors agglomération,Hors intersection,Normale,Deux véhicules - arrière,,,,,,,,,,,1,1,1,1,2
200700020302,0007-04-21 00:01:00,7,4,21,0,1,600,81,,,,Nuit sans éclairage public,Hors agglomération,Hors intersection,Normale,Deux véhicules - côté,,,,,,,,,,,3,1,1,1,3
200700020303,0007-04-28 23:00:00,7,4,28,23,0,950,313,,,,Nuit sans éclairage public,Hors agglomération,Hors intersection,Normale,Trois véhicules et plus - en chaîne,,,,,,,,,,,3,1,1,1,4
200700020304,0007-04-01 09:30:00,7,4,1,9,30,130,50,RD7N PK39+400,43.668,5.252,Plein jour,En agglomération,Hors intersection,Pluie légère,Deux véhicules - côté,,,,,,,,,,,1,2,1,2,3
200700020305,0007-04-06 17:30:00,7,4,6,17,30,130,91,,43.619,5.318,Plein jour,Hors agglomération,Hors intersection,Normale,Deux véhicules - côté,,,,,,,,,,,1,1,1,1,3
200700020306,0007-04-11 14:00:00,7,4,11,14,0,850,223,,46.571,-1.112,Plein jour,Hors agglomération,Hors intersection,Normale,Trois véhicules et plus - collisions multiples,,,,,,,,,,,1,1,1,1,5
200700020307,0007-04-09 23:30:00,7,4,9,23,30,310,433,,43.529,1.382,Nuit sans éclairage public,Hors agglomération,Hors intersection,Normale,Autre collision,,,,,,,,,,,3,1,1,1,6
200700020308,0007-04-11 10:30:00,7,4,11,10,30,310,104,,43.337,1.241,Plein jour,Hors agglomération,Hors intersection,Normale,Autre collision,,,,,,,,,,,1,1,1,1,6
200700020309,0007-04-08 06:15:00,7,4,8,6,15,310,395,,,,Nuit sans éclairage public,Hors agglomération,Hors intersection,Normale,Autre collision,,,,,,,,,,,3,1,1,1,6
200700020310,0007-04-07 17:00:00,7,4,7,17,0,800,107,,,,Plein jour,Hors agglomération,Hors intersection,Normale,Autre collision,,,,,,,,,,,1,1,1,1,6
200700020311,0007-04-09 17:45:00,7,4,9,17,45,800,58,,,,Plein jour,Hors agglomération,Hors intersection,Normale,Autre collision,,,,,,,,,,,1,1,1,1,6
200700020312,0007-04-09 12:30:00,7,4,9,12,30,800,268,,,,Plein jour,Hors agglomération,Hors intersection,Normale,Sans collision,,,,,,,,,,,1,1,1,1,7
200700020313,0007-04-28 08:00:00,7,4,28,8,0,620,474,,,,Plein jour,Hors agglomération,Hors intersection,Normale,Autre collision,,,,,,,,,,,1,1,1,1,6
200700020314,0007-04-03 14:30:00,7,4,3,14,30,460,220,,44.866,1.505,Plein jour,Hors agglomération,Hors intersection,Normale,Deux véhicules - arrière,,,,,,,,,,,1,1,1,1,2
200700020315,0007-04-09 10:15:00,7,4,9,10,15,870,120,,,,Plein jour,Hors agglomération,Hors intersection,Normale,Autre collision,,,,,,,,,,,1,1,1,1,6
200700020316,0007-04-19 21:30:00,7,4,19,21,30,870,14,Autoroute 20 PK 148,,,Nuit sans éclairage public,Hors agglomération,Hors intersection,Normale,Deux véhicules - arrière,,,,,,,,,,,3,1,1,1,2
200700020317,0007-04-09 17:45:00,7,4,9,17,45,360,33,,46.534,1.508,Plein jour,Hors agglomération,Hors intersection,Normale,Autre collision,,,,,,,,,,,1,1,1,1,6
200700020318,0007-04-23 17:45:00,7,4,23,17,45,340,79,,43.62,3.438,Plein jour,Hors agglomération,Hors intersection,Normale,Deux véhicules - côté,,,,,,,,,,,1,1,1,1,3
200700020319,0007-04-13 21:40:00,7,4,13,21,40,780,356,- Avenue de CHEVINCOURT,,,Nuit avec éclairage allumé,En agglomération,Place,Normale,Deux véhicules - frontale,,,,,,,,,,,5,2,7,1,1
200700020320,0007-04-28 19:00:00,7,4,28,19,0,780,356,,48.728,2.002,Plein jour,Hors agglomération,Hors intersection,Normale,Autre collision,,,,,,,,,,,1,1,1,1,6
200700020321,0007-04-29 11:20:00,7,4,29,11,20,780,561,rue de port royal,,,Plein jour,En agglomération,Hors intersection,Normale,Autre collision,,,,,,,,,,,1,2,1,1,6
200700020322,0007-04-22 16:00:00,7,4,22,16,0,720,65,route de TRANGE,48.035,0.15,Plein jour,Hors agglomération,Hors intersection,Normale,Deux véhicules - côté,,,,,,,,,,,1,1,1,1,3
200700020323,0007-04-24 14:45:00,7,4,24,14,45,720,255,,,,Plein jour,Hors agglomération,Hors intersection,Normale,Deux véhicules - frontale,,,,,,,,,,,1,1,1,1,1
200700020324,0007-04-26 15:00:00,7,4,26,15,0,580,164,,,,Plein jour,Hors agglomération,Hors intersection,Normale,Autre collision,,,,,,,,,,,1,1,1,1,6
200700020325,0007-04-15 16:15:00,7,4,15,16,15,490,92,,,,Plein jour,Hors agglomération,Hors intersection,Normale,Autre collision,,,,,,,,,,,1,1,1,1,6
200700020326,0007-04-15 22:30:00,7,4,15,22,30,680,375,Rue de MULHOUSE,,,Nuit avec éclairage allumé,En agglomération,Hors intersection,Normale,Deux véhicules - côté,,,,,,,,,,,5,2,1,1,3
200700020327,0007-04-18 14:45:00,7,4,18,14,45,680,375,Rue du Wahlweg,,,Plein jour,En agglomération,Hors intersection,Normale,Deux véhicules - côté,,,,,,,,,,,1,2,1,1,3
200700020328,0007-04-27 07:30:00,7,4,27,7,30,670,388,faubourg de Niederbronn,,,Plein jour,En agglomération,Hors intersection,Normale,Autre collision,,,,,,,,,,,1,2,1,1,6
200700020329,0007-04-12 16:00:00,7,4,12,16,0,140,188,,,,Plein jour,Hors agglomération,Hors intersection,Normale,Deux véhicules - arrière,,,,,,,,,,,1,1,1,1,2
200700020330,0007-04-05 15:45:00,7,4,5,15,45,310,547,Route de Toulouse -,,,Plein jour,En agglomération,Hors intersection,Normale,Deux véhicules - frontale,,,,,,,,,,,1,2,1,1,1
200700020331,0007-04-17 17:00:00,7,4,17,17,0,310,547,,,,Plein jour,Hors agglomération,Intersection en T,Normale,Trois véhicules et plus - collisions multiples,,,,,,,,,,,1,1,3,1,5
200700020332,0007-04-09 19:30:00,7,4,9,19,30,300,34,RUE DES PECHERS,,,Plein jour,En agglomération,Giratoire,Normale,Deux véhicules - côté,,,,,,,,,,,1,2,6,1,3
200700020333,0007-04-15 04:00:00,7,4,15,4,0,300,47,CD 135,,,Nuit sans éclairage public,Hors agglomération,Hors intersection,Normale,Sans collision,,,,,,,,,,,3,1,1,1,7
200700020334,0007-04-26 07:30:00,7,4,26,7,30,300,47,,43.799,4.423,Plein jour,Hors agglomération,Hors intersection,Normale,Deux véhicules - côté,,,,,,,,,,,1,1,1,1,3
200700020335,0007-04-27 17:15:00,7,4,27,17,15,300,60,,,,Plein jour,En agglomération,Hors intersection,Normale,Trois véhicules et plus - en chaîne,,,,,,,,,,,1,2,1,1,4
200700020336,0007-04-15 15:45:00,7,4,15,15,45,80,362,,49.524,4.352,Plein jour,Hors agglomération,Hors intersection,Normale,Autre collision,,,,,,,,,,,1,1,1,1,6
200700020337,0007-04-29 17:30:00,7,4,29,17,30,80,402,,49.584,4.489,Plein jour,Hors agglomération,Hors intersection,Normale,Sans collision,,,,,,,,,,,1,1,1,1,7
200700020338,0007-04-03 17:45:00,7,4,3,17,45,130,36,,43.856,4.846,Plein jour,Hors agglomération,Hors intersection,Normale,Deux véhicules - arrière,,,,,,,,,,,1,1,1,1,2
200700020339,0007-04-05 19:45:00,7,4,5,19,45,760,248,,49.591,1.336,Crépuscule ou aube,Hors agglomération,Hors intersection,Normale,Sans collision,,,,,,,,,,,2,1,1,1,7
200700020340,0007-04-22 18:00:00,7,4,22,18,0,760,617,CD 47,49.484,1.167,Plein jour,En agglomération,Hors intersection,Normale,Autre collision,,,,,,,,,,,1,2,1,1,6
200700020341,0007-04-22 10:15:00,7,4,22,10,15,640,410,BD DE LA REPUBLIQUE,,,Plein jour,En agglomération,Hors intersection,Normale,Autre collision,,,,,,,,,,,1,2,1,1,6
200700020342,0007-04-19 05:00:00,7,4,19,5,0,710,585,,,,Nuit sans éclairage public,Hors agglomération,Hors intersection,Normale,Deux véhicules - frontale,,,,,,,,,,,3,1,1,1,1
200700020343,0007-04-15 22:15:00,7,4,15,22,15,600,563,,,,Nuit sans éclairage public,Hors agglomération,Hors intersection,Normale,Deux véhicules - arrière,,,,,,,,,,,3,1,1,1,2
200700020344,0007-04-23 17:45:00,7,4,23,17,45,310,150,,43.653,1.34,Plein jour,Hors agglomération,Hors intersection,Normale,Deux véhicules - côté,,,,,,,,,,,1,1,1,1,3
200700020345,0007-04-07 03:45:00,7,4,7,3,45,250,258,,,,Nuit sans éclairage public,Hors agglomération,Hors intersection,Normale,Autre collision,,,,,,,,,,,3,1,1,1,6
200700020346,0007-04-25 12:00:00,7,4,25,12,0,250,200,,,,Plein jour,Hors agglomération,Hors intersection,Normale,Deux véhicules - côté,,,,,,,,,,,1,1,1,1,3
200700020347,0007-04-24 16:00:00,7,4,24,16,0,950,510,Autoroute A15,,,Plein jour,Hors agglomération,Hors intersection,Normale,Sans collision,,,,,,,,,,,1,1,1,1,7
200700020348,0007-04-24 09:00:00,7,4,24,9,0,950,527,,,,Plein jour,Hors agglomération,Hors intersection,Normale,Deux véhicules - côté,,,,,,,,,,,1,1,1,1,3
200700020349,0007-04-13 20:30:00,7,4,13,20,30,560,101,rue de la Libération,47.842,-3.162,Plein jour,En agglomération,Hors intersection,Normale,Deux véhicules - côté,,,,,,,,,,,1,2,1,1,3
200700020350,0007-04-08 17:00:00,7,4,8,17,0,140,135,,,,Plein jour,Hors agglomération,Hors intersection,Normale,Deux véhicules - arrière,,,,,,,,,,,1,1,1,1,2
200700020351,0007-04-30 04:45:00,7,4,30,4,45,140,525,,49.218,-0.524,Nuit sans éclairage public,Hors agglomération,Hors intersection,Pluie légère,Trois véhicules et plus - collisions multiples,,,,,,,,,,,3,1,1,2,5
200700020352,0007-04-20 20:15:00,7,4,20,20,15,350,31,Lieu-dit La Ballée,,,Plein jour,Hors agglomération,Hors intersection,Normale,Deux véhicules - côté,,,,,,,,,,,1,1,1,1,3
200700020353,0007-04-30 18:15:00,7,4,30,18,15,350,101,,,,Plein jour,Hors agglomération,Intersection en X,Normale,Deux véhicules - côté,,,,,,,,,,,1,1,2,1,3
200700020354,0007-04-03 22:45:00,7,4,3,22,45,440,70,,,,Plein jour,Hors agglomération,Hors intersection,Normale,Deux véhicules - frontale,,,,,,,,,,,1,1,1,1,1
200700020355,0007-04-22 14:15:00,7,4,22,14,15,440,71,RUE CHAPELLE ST MARTIN,,,Plein jour,En agglomération,Hors intersection,Normale,Deux véhicules - frontale,,,,,,,,,,,1,2,1,1,1
200700020356,0007-04-08 18:30:00,7,4,8,18,30,340,77,Chemin Départemental 65,43.658,3.879,Plein jour,Hors agglomération,Hors intersection,Normale,Deux véhicules - arrière,,,,,,,,,,,1,1,1,1,2
200700020357,0007-04-16 02:30:00,7,4,16,2,30,340,169,CD 65,,,Nuit sans éclairage public,En agglomération,Hors intersection,Normale,Autre collision,,,,,,,,,,,3,2,1,1,6
200700020358,0007-04-08 21:00:00,7,4,8,21,0,660,189,6 rue des crouettes,42.658,2.954,Nuit avec éclairage allumé,En agglomération,Hors intersection,Normale,Autre collision,,,,,,,,,,,5,2,1,1,6
200700020359,0007-04-07 16:45:00,7,4,7,16,45,300,141,,,,Plein jour,Hors agglomération,Hors intersection,Normale,Deux véhicules - frontale,,,,,,,,,,,1,1,1,1,1
200700020360,0007-04-07 17:00:00,7,4,7,17,0,300,331,,,,Plein jour,Hors agglomération,Hors intersection,Normale,Deux véhicules - côté,,,,,,,,,,,1,1,1,1,3
200700020361,0007-04-03 10:40:00,7,4,3,10,40,10,53,DUNANT ( RUE HENRI),,,Plein jour,En agglomération,Hors intersection,Normale,Deux véhicules - côté,,,,,,,,,,,1,2,1,1,3
200700020362,0007-04-08 09:15:00,7,4,8,9,15,10,53,MAGINOT ( AVENUE ) DE 1A,,,Plein jour,En agglomération,Intersection en T,Normale,Deux véhicules - côté,,,,,,,,,,,1,2,3,1,3
200700020363,0007-04-08 16:20:00,7,4,8,16,20,10,53,"snr, STAND ( RUE DU )",,,Plein jour,En agglomération,Hors intersection,Normale,Sans collision,,,,,,,,,,,1,2,1,1,7
200700020364,0007-04-10 17:35:00,7,4,10,17,35,10,451,PARIS (ROUTE DE),,,Plein jour,En agglomération,Hors intersection,Normale,Deux véhicules - côté,,,,,,,,,,,1,2,1,1,3
200700020365,0007-04-16 18:25:00,7,4,16,18,25,10,53,"SANS, DE GAULLE ( BD GAL",,,Plein jour,En agglomération,Intersection en T,Normale,Deux véhicules - côté,,,,,,,,,,,1,2,3,1,3
200700020366,0007-04-18 08:20:00,7,4,18,8,20,10,451,"4653, RN79",,,Plein jour,Hors agglomération,Hors intersection,Normale,Sans collision,,,,,,,,,,,1,1,1,1,7
200700020367,0007-04-22 20:45:00,7,4,22,20,45,10,53,VERNE (AVENUE JEAN MARIE,,,Plein jour,En agglomération,Intersection en X,Normale,Deux véhicules - côté,,,,,,,,,,,1,2,2,1,3
200700020368,0007-04-23 17:00:00,7,4,23,17,0,10,289,LENT ( ROUTE DE ),,,Plein jour,Hors agglomération,Intersection en X,Normale,Deux véhicules - côté,,,,,,,,,,,1,1,2,1,3
200700020369,0007-04-27 10:45:00,7,4,27,10,45,10,53,"17, LYON (AVENUE DE - N°",,,Plein jour,En agglomération,Hors intersection,Normale,Autre collision,,,,,,,,,,,1,2,1,1,6
200700020370,0007-04-10 14:15:00,7,4,10,14,15,10,283,"79, VOLTAIRE (RUE DU 22/",,,Plein jour,En agglomération,Intersection en T,Normale,Autre collision,,,,,,,,,,,1,2,3,1,6