accident_id,datetime,annee,mois,jour,heure,minute,departement,commune_insee,adresse,latitude,longitude,luminosite,agglomeration,intersection,meteo,collision,nb_vehicules,nb_usagers,nb_indemnes,nb_tues,nb_blesses_hosp,nb_blesses_legers,age_cond_1,age_cond_2,veh_type_cond_1,veh_type_cond_2,lum_code,agg_code,int_code,atm_code,col_code
200700020371,0007-04-14 14:45:00,7,4,14,14,45,20,168,JULES LEFEVRE (AVENUE),,,Plein jour,En agglomération,Hors intersection,Normale,Deux véhicules - côté,,,,,,,,,,,1,2,1,1,3
200700020372,0007-04-27 20:48:00,7,4,27,20,48,20,157,RD 51,,,Crépuscule ou aube,Hors agglomération,Hors intersection,Normale,Autre collision,,,,,,,,,,,2,1,1,1,6
200700020373,0007-04-30 17:50:00,7,4,30,17,50,20,408,FAUVETTES (RUE DES),,,Plein jour,En agglomération,Intersection en X,Normale,Deux véhicules - côté,,,,,,,,,,,1,2,2,1,3
200700020374,0007-04-05 18:15:00,7,4,5,18,15,20,691,"77, DENFERT-ROCHEREAU (R",,,Plein jour,En agglomération,Hors intersection,Normale,Autre collision,,,,,,,,,,,1,2,1,1,6
200700020375,0007-04-18 13:55:00,7,4,18,13,55,20,691,":, DUMAS (RUE ALEXANDRE)",,,Plein jour,En agglomération,Intersection en T,Normale,Deux véhicules - côté,,,,,,,,,,,1,2,3,1,3
200700020376,0007-04-24 21:50:00,7,4,24,21,50,20,691,":, R.D 1029 - VIADUC DE",,,Nuit avec éclairage allumé,Hors agglomération,Hors intersection,Normale,Deux véhicules - frontale,,,,,,,,,,,5,1,1,1,1
200700020377,0007-04-21 13:00:00,7,4,21,13,0,20,691,":, FALLOUX (RUE JEAN)",,,Plein jour,En agglomération,Hors intersection,Normale,Autre collision,,,,,,,,,,,1,2,1,1,6
200700020378,0007-04-02 13:10:00,7,4,2,13,10,20,722,"64, LAON ( AVENUE DE )",,,Plein jour,En agglomération,Hors intersection,Normale,Deux véhicules - arrière,,,,,,,,,,,1,2,1,1,2
200700020379,0007-04-05 15:00:00,7,4,5,15,0,20,722,COMPIEGNE ( AVENUE DE ),,,Plein jour,En agglomération,Autre intersection,Normale,Deux véhicules - côté,,,,,,,,,,,1,2,9,1,3
200700020380,0007-04-22 18:55:00,7,4,22,18,55,20,722,CHEVREUX (ROUTE DE ),,,Plein jour,En agglomération,Autre intersection,Normale,Deux véhicules - côté,,,,,,,,,,,1,2,9,1,3
200700020381,0007-04-28 20:10:00,7,4,28,20,10,20,722,ABELARD ( RUE ),,,Plein jour,En agglomération,Intersection en Y,Normale,Deux véhicules - arrière,,,,,,,,,,,1,2,4,1,2
200700020382,0007-04-03 16:15:00,7,4,3,16,15,20,258,"175, GAMBETTA (BOULEVARD",,,Plein jour,En agglomération,Hors intersection,Normale,Autre collision,,,,,,,,,,,1,2,1,1,6
200700020383,0007-04-10 16:15:00,7,4,10,16,15,20,59,GRANDE RUE,,,Plein jour,Hors agglomération,Intersection en X,Normale,Deux véhicules - côté,,,,,,,,,,,1,1,2,1,3
200700020384,0007-04-12 19:25:00,7,4,12,19,25,20,258,RN 32,,,Plein jour,Hors agglomération,Hors intersection,Normale,Deux véhicules - côté,,,,,,,,,,,1,1,1,1,3
200700020385,0007-04-21 17:25:00,7,4,21,17,25,20,258,ANATOLE FRANCE,,,Plein jour,Hors agglomération,Hors intersection,Normale,Autre collision,,,,,,,,,,,1,1,1,1,6
200700020386,0007-04-07 16:10:00,7,4,7,16,10,30,262,CD 302,,,Plein jour,Hors agglomération,Hors intersection,Normale,Trois véhicules et plus - collisions multiples,,,,,,,,,,,1,1,1,1,5
200700020387,0007-04-03 14:08:00,7,4,3,14,8,30,190,"12, INDY (COURS VINCENT",,,Plein jour,En agglomération,Hors intersection,Pluie légère,Sans collision,,,,,,,,,,,1,2,1,2,7
200700020388,0007-04-04 15:20:00,7,4,4,15,20,30,190,"2, BERT (RUE PAUL)",,,Plein jour,En agglomération,Intersection en X,Normale,Deux véhicules - côté,,,,,,,,,,,1,2,2,1,3
200700020389,0007-04-12 07:45:00,7,4,12,7,45,30,321,"26, FERRY (PLACE JULES)",,,Plein jour,En agglomération,Hors intersection,Normale,Sans collision,,,,,,,,,,,1,2,1,1,7
200700020390,0007-04-01 16:05:00,7,4,1,16,5,30,321,"1, RD 526",,,Plein jour,Hors agglomération,Intersection en X,Normale,Sans collision,,,,,,,,,,,1,1,2,1,7
200700020391,0007-04-06 15:00:00,7,4,6,15,0,30,310,"35, VICTORIA (AVENUE)",,,Plein jour,En agglomération,Hors intersection,Normale,Deux véhicules - frontale,,,,,,,,,,,1,2,1,1,1
200700020392,0007-04-06 18:50:00,7,4,6,18,50,30,310,"0, ALLIER (PLACE D')",,,Plein jour,En agglomération,Hors intersection,Normale,Autre collision,,,,,,,,,,,1,2,1,1,6
200700020393,0007-04-08 16:15:00,7,4,8,16,15,30,310,GRAMONT (AVENUE DE),,,Plein jour,En agglomération,Intersection en X,Normale,Deux véhicules - arrière,,,,,,,,,,,1,2,2,1,2
200700020394,0007-04-10 17:30:00,7,4,10,17,30,30,310,"04, PONCET (AVENUE)",,,Plein jour,En agglomération,Hors intersection,Normale,Deux véhicules - arrière,,,,,,,,,,,1,2,1,1,2
200700020395,0007-04-11 18:00:00,7,4,11,18,0,30,23,"0, SEVIGNE (RUE)",,,Plein jour,En agglomération,Giratoire,Normale,Deux véhicules - côté,,,,,,,,,,,1,2,6,1,3
200700020396,0007-04-15 00:50:00,7,4,15,0,50,30,95,"8, CLEMENCEAU (RUE GEORG",,,Nuit avec éclairage allumé,En agglomération,Intersection en X,Normale,Deux véhicules - côté,,,,,,,,,,,5,2,2,1,3
200700020397,0007-04-21 19:00:00,7,4,21,19,0,30,23,"47, RAMIN (RUE GABRIEL)",,,Plein jour,En agglomération,Hors intersection,Normale,Deux véhicules - frontale,,,,,,,,,,,1,2,1,1,1
200700020398,0007-04-25 08:50:00,7,4,25,8,50,30,310,"0, COTE SAINT AMAND (RUE",,,Plein jour,En agglomération,Hors intersection,Normale,Deux véhicules - côté,,,,,,,,,,,1,2,1,1,3
200700020399,0007-04-17 20:20:00,7,4,17,20,20,40,112,ROUTE NATIONALE 96,,,Nuit sans éclairage public,Hors agglomération,Hors intersection,Normale,Trois véhicules et plus - collisions multiples,,,,,,,,,,,3,1,1,1,5
200700020400,0007-04-11 14:05:00,7,4,11,14,5,50,61,"12, NARCISSES ( RUE DES",,,Plein jour,En agglomération,Hors intersection,Normale,Autre collision,,,,,,,,,,,1,2,1,1,6
200700020401,0007-04-02 14:04:00,7,4,2,14,4,60,4,GRASSE RTE DE,,,Plein jour,En agglomération,Giratoire,Normale,Deux véhicules - arrière,,,,,,,,,,,1,2,6,1,2
200700020402,0007-04-04 09:30:00,7,4,4,9,30,60,4,ONZE NOVEMBRE AV.DU,,,Plein jour,En agglomération,Intersection en X,Normale,Deux véhicules - côté,,,,,,,,,,,1,2,2,1,3
200700020403,0007-04-05 18:15:00,7,4,5,18,15,60,4,DELMAS BD PIERRE,,,Plein jour,Hors agglomération,Intersection en X,Normale,Deux véhicules - côté,,,,,,,,,,,1,1,2,1,3
200700020404,0007-04-11 09:30:00,7,4,11,9,30,60,4,"120, SAINT CLAUDE CH.DE",,,Plein jour,En agglomération,Hors intersection,Normale,Deux véhicules - côté,,,,,,,,,,,1,2,1,1,3
200700020405,0007-04-12 07:50:00,7,4,12,7,50,60,4,POINCARE BD RAYMOND.,,,Plein jour,En agglomération,Intersection en X,Autre,Deux véhicules - côté,,,,,,,,,,,1,2,2,9,3
200700020406,0007-04-14 13:30:00,7,4,14,13,30,60,4,GRASSE RTE DE,,,Plein jour,En agglomération,Hors intersection,Normale,Autre collision,,,,,,,,,,,1,2,1,1,6
200700020407,0007-04-14 14:25:00,7,4,14,14,25,60,4,WYLLIE AV.JAMES,,,Plein jour,En agglomération,Intersection en T,Normale,Deux véhicules - côté,,,,,,,,,,,1,2,3,1,3
200700020408,0007-04-18 08:35:00,7,4,18,8,35,60,4,SAINT JEAN RTE ET CH.DE,,,Plein jour,En agglomération,Intersection en X,Normale,Deux véhicules - frontale,,,,,,,,,,,1,2,2,1,1
200700020409,0007-04-19 06:30:00,7,4,19,6,30,60,4,CHATAIGNIERS AV.DU,,,Crépuscule ou aube,En agglomération,Intersection en T,Normale,Deux véhicules - côté,,,,,,,,,,,2,2,3,1,3
200700020410,0007-04-21 07:45:00,7,4,21,7,45,60,4,RD6007,,,Plein jour,En agglomération,Hors intersection,Normale,Deux véhicules - arrière,,,,,,,,,,,1,2,1,1,2
200700020411,0007-04-21 18:25:00,7,4,21,18,25,60,155,RD6007,,,Plein jour,En agglomération,Hors intersection,Normale,Trois véhicules et plus - collisions multiples,,,,,,,,,,,1,2,1,1,5
200700020412,0007-04-24 11:33:00,7,4,24,11,33,60,4,JUIN AV.MARECHAL,,,Plein jour,En agglomération,Intersection en T,Normale,Deux véhicules - côté,,,,,,,,,,,1,2,3,1,3
200700020413,0007-04-25 19:00:00,7,4,25,19,0,60,4,NICE(RN.7) AV.ET RTE DE,,,Plein jour,En agglomération,Intersection en X,Normale,Deux véhicules - côté,,,,,,,,,,,1,2,2,1,3
200700020414,0007-04-01 00:10:00,7,4,1,0,10,60,27,PLAGE BOULEVARD DE LA,,,Nuit avec éclairage allumé,En agglomération,Hors intersection,Normale,Deux véhicules - arrière,,,,,,,,,,,5,2,1,1,2
200700020415,0007-04-04 13:20:00,7,4,4,13,20,60,123,"84, LECLERC GENERAL AVEN",,,Plein jour,En agglomération,Hors intersection,Normale,Autre collision,,,,,,,,,,,1,2,1,1,6
200700020416,0007-04-05 13:45:00,7,4,5,13,45,60,27,"26, STE COLOMBE CHEMIN D",,,Plein jour,En agglomération,Hors intersection,Normale,Deux véhicules - côté,,,,,,,,,,,1,2,1,1,3
200700020417,0007-04-06 17:25:00,7,4,6,17,25,60,27,BOUCHER RUE HELENE,,,Plein jour,En agglomération,Hors intersection,Normale,Autre collision,,,,,,,,,,,1,2,1,1,6
200700020418,0007-04-07 18:45:00,7,4,7,18,45,60,27,PLAGE BOULEVARD DE LA,,,Plein jour,En agglomération,Hors intersection,Normale,Deux véhicules - arrière,,,,,,,,,,,1,2,1,1,2
200700020419,0007-04-08 12:15:00,7,4,8,12,15,60,123,"231, PAGNOL MARCEL BOULE",,,Plein jour,En agglomération,Hors intersection,Normale,Deux véhicules - côté,,,,,,,,,,,1,2,1,1,3
200700020420,0007-04-08 02:30:00,7,4,8,2,30,60,123,SAUVAIGO PIERRE AVENUE,,,Nuit avec éclairage allumé,En agglomération,Intersection en T,Normale,Autre collision,,,,,,,,,,,5,2,3,1,6
200700020421,0007-04-10 12:30:00,7,4,10,12,30,60,27,"11, SERRE AVENUE DE LA",,,Plein jour,En agglomération,Hors intersection,Normale,Deux véhicules - arrière,,,,,,,,,,,1,2,1,1,2
200700020422,0007-04-10 16:05:00,7,4,10,16,5,60,123,PUGETS AVENUE DES,,,Plein jour,En agglomération,Intersection en T,Normale,Deux véhicules - côté,,,,,,,,,,,1,2,3,1,3
200700020423,0007-04-11 21:40:00,7,4,11,21,40,60,27,NICE AVENUE DE (RN7),,,Nuit avec éclairage allumé,En agglomération,Intersection en T,Normale,Deux véhicules - côté,,,,,,,,,,,5,2,3,1,3
200700020424,0007-04-11 11:40:00,7,4,11,11,40,60,123,AICARD AVENUE,,,Plein jour,En agglomération,Giratoire,Normale,Deux véhicules - arrière,,,,,,,,,,,1,2,6,1,2
200700020425,0007-04-19 18:00:00,7,4,19,18,0,60,123,VESPINS ROUTE DES,,,Plein jour,En agglomération,Intersection en T,Normale,Deux véhicules - côté,,,,,,,,,,,1,2,3,1,3
200700020426,0007-04-19 18:40:00,7,4,19,18,40,60,123,DONADEI EUGENE AVENUE,,,Plein jour,En agglomération,Hors intersection,Normale,Autre collision,,,,,,,,,,,1,2,1,1,6
200700020427,0007-04-20 16:00:00,7,4,20,16,0,60,27,SERRE AVENUE DE LA,,,Plein jour,En agglomération,Intersection en X,Normale,Deux véhicules - côté,,,,,,,,,,,1,2,2,1,3
200700020428,0007-04-23 11:30:00,7,4,23,11,30,60,123,AICARD AVENUE,,,Plein jour,En agglomération,Giratoire,Normale,Deux véhicules - côté,,,,,,,,,,,1,2,6,1,3
200700020429,0007-04-23 16:05:00,7,4,23,16,5,60,123,BORD DE MER RN 98,,,Plein jour,En agglomération,Hors intersection,Normale,Deux véhicules - arrière,,,,,,,,,,,1,2,1,1,2
200700020430,0007-04-24 08:50:00,7,4,24,8,50,60,27,CHEIRON AVENUE DU,,,Plein jour,En agglomération,Hors intersection,Normale,Deux véhicules - côté,,,,,,,,,,,1,2,1,1,3
200700020431,0007-04-24 15:40:00,7,4,24,15,40,60,27,FERAUD RUE DU DR,,,Plein jour,En agglomération,Intersection en T,Normale,Autre collision,,,,,,,,,,,1,2,3,1,6
200700020432,0007-04-26 09:40:00,7,4,26,9,40,60,123,BORD DE MER RN 98,,,Plein jour,En agglomération,Intersection en X,Pluie légère,Deux véhicules - côté,,,,,,,,,,,1,2,2,2,3
200700020433,0007-04-26 18:45:00,7,4,26,18,45,60,27,OUVEA ROND POINT DES GEN,,,Plein jour,En agglomération,Giratoire,Normale,Deux véhicules - côté,,,,,,,,,,,1,2,6,1,3
200700020434,0007-04-25 18:40:00,7,4,25,18,40,60,123,CURIE PIERRE ET MARIE AV,,,Plein jour,En agglomération,Hors intersection,Normale,Deux véhicules - côté,,,,,,,,,,,1,2,1,1,3
200700020435,0007-04-28 11:50:00,7,4,28,11,50,60,27,"21, VENCE ROUTE DE",,,Plein jour,En agglomération,Hors intersection,Normale,Deux véhicules - côté,,,,,,,,,,,1,2,1,1,3
200700020436,0007-04-28 14:50:00,7,4,28,14,50,60,27,NOISETIERS CHEMIN DES,,,Plein jour,En agglomération,Hors intersection,Normale,Deux véhicules - côté,,,,,,,,,,,1,2,1,1,3
200700020437,0007-04-27 19:00:00,7,4,27,19,0,60,27,"13, KENNEDY BOULEVARD J.",,,Plein jour,En agglomération,Hors intersection,Normale,Autre collision,,,,,,,,,,,1,2,1,1,6
200700020438,0007-04-27 16:15:00,7,4,27,16,15,60,123,BORD DE MER RN 98,,,Plein jour,En agglomération,Hors intersection,Normale,Trois véhicules et plus - collisions multiples,,,,,,,,,,,1,2,1,1,5
200700020439,0007-04-01 02:20:00,7,4,1,2,20,60,29,ST PIERRE (QUAI),,,Nuit avec éclairage allumé,En agglomération,Hors intersection,Normale,Autre collision,,,,,,,,,,,5,2,1,1,6
200700020440,0007-04-02 12:30:00,7,4,2,12,30,60,29,COUBERTIN (AVENUE PIERRE,,,Plein jour,En agglomération,Hors intersection,Normale,Autre collision,,,,,,,,,,,1,2,1,1,6
200700020441,0007-04-03 15:30:00,7,4,3,15,30,60,29,"23, GUYNEMER (BOULEVARD)",,,Plein jour,En agglomération,Hors intersection,Normale,Autre collision,,,,,,,,,,,1,2,1,1,6
200700020442,0007-04-04 10:29:00,7,4,4,10,29,60,29,"108, JOURDAN (AVENUE MIC",,,Crépuscule ou aube,En agglomération,Hors intersection,Normale,Autre collision,,,,,,,,,,,2,2,1,1,6
200700020443,0007-04-06 08:00:00,7,4,6,8,0,60,29,"123, JOURDAN (AVENUE MIC",,,Plein jour,En agglomération,Hors intersection,Normale,Deux véhicules - côté,,,,,,,,,,,1,2,1,1,3
200700020444,0007-04-06 09:43:00,7,4,6,9,43,60,30,COTEAUX (AVENUE DES),,,Plein jour,En agglomération,Hors intersection,Normale,Sans collision,,,,,,,,,,,1,2,1,1,7
200700020445,0007-04-10 07:37:00,7,4,10,7,37,60,30,"205, MONOD (RUE JEAN)",,,Plein jour,En agglomération,Hors intersection,Normale,Deux véhicules - côté,,,,,,,,,,,1,2,1,1,3
200700020446,0007-04-10 10:06:00,7,4,10,10,6,60,30,"631, DE GAULE (RUE DU GE",,,Plein jour,En agglomération,Hors intersection,Normale,Autre collision,,,,,,,,,,,1,2,1,1,6
200700020447,0007-04-10 12:20:00,7,4,10,12,20,60,30,"19, SADI CARNOT (BOULEVA",,,Plein jour,En agglomération,Hors intersection,Normale,Autre collision,,,,,,,,,,,1,2,1,1,6
200700020448,0007-04-12 12:15:00,7,4,12,12,15,60,29,CARNOT (BOULEVARD),,,Plein jour,En agglomération,Hors intersection,Pluie légère,Deux véhicules - côté,,,,,,,,,,,1,2,1,2,3
200700020449,0007-04-12 17:40:00,7,4,12,17,40,60,29,TONNER (AVENUE FRANCIS),,,Crépuscule ou aube,En agglomération,Autre intersection,Pluie légère,Deux véhicules - côté,,,,,,,,,,,2,2,9,2,3
200700020450,0007-04-12 19:50:00,7,4,12,19,50,60,29,"34, HIBERT (BOULEVARD JE",,,Crépuscule ou aube,En agglomération,Hors intersection,Normale,Deux véhicules - côté,,,,,,,,,,,2,2,1,1,3
200700020451,0007-04-15 11:40:00,7,4,15,11,40,60,30,COTEAUX (AVENUE DES),,,Plein jour,En agglomération,Hors intersection,Normale,Deux véhicules - côté,,,,,,,,,,,1,2,1,1,3
200700020452,0007-04-17 17:10:00,7,4,17,17,10,60,30,"112, SADI CARNOT (BOULEV",,,Plein jour,En agglomération,Intersection en X,Normale,Deux véhicules - côté,,,,,,,,,,,1,2,2,1,3
200700020453,0007-04-17 16:05:00,7,4,17,16,5,60,29,"68, CARNOT (BOULEVARD)",,,Plein jour,En agglomération,Hors intersection,Normale,Autre collision,,,,,,,,,,,1,2,1,1,6
200700020454,0007-04-18 13:10:00,7,4,18,13,10,60,29,PANTIERO (PROMENADE DE L,,,Plein jour,En agglomération,Hors intersection,Normale,Deux véhicules - côté,,,,,,,,,,,1,2,1,1,3
200700020455,0007-04-19 13:25:00,7,4,19,13,25,60,29,"23 BIS, BENEFIAT (AVENUE",,,Plein jour,En agglomération,Hors intersection,Normale,Sans collision,,,,,,,,,,,1,2,1,1,7
200700020456,0007-04-21 11:30:00,7,4,21,11,30,60,29,BACHAGA SAID BOUALAM (AV,,,Plein jour,En agglomération,Hors intersection,Normale,Deux véhicules - côté,,,,,,,,,,,1,2,1,1,3
200700020457,0007-04-20 12:35:00,7,4,20,12,35,60,30,FOUR A CHAUX (BD DU),,,Plein jour,En agglomération,Hors intersection,Normale,Deux véhicules - côté,,,,,,,,,,,1,2,1,1,3
200700020458,0007-04-21 11:15:00,7,4,21,11,15,60,29,"16, MARCO DEL PONTE (RUE",,,Plein jour,En agglomération,Hors intersection,Normale,Deux véhicules - côté,,,,,,,,,,,1,2,1,1,3
200700020459,0007-04-21 09:13:00,7,4,21,9,13,60,30,"114, ROOSEVELT (AVENUE F",,,Plein jour,En agglomération,Hors intersection,Normale,Deux véhicules - côté,,,,,,,,,,,1,2,1,1,3
200700020460,0007-04-18 01:37:00,7,4,18,1,37,60,29,"2, BORDE (AVENUE DE LA)",,,Nuit avec éclairage allumé,En agglomération,Autre intersection,Normale,Deux véhicules - côté,,,,,,,,,,,5,2,9,1,3
200700020461,0007-04-19 17:30:00,7,4,19,17,30,60,30,"111, SADI CARNOT (BOULEV",,,Plein jour,En agglomération,Hors intersection,Normale,Deux véhicules - côté,,,,,,,,,,,1,2,1,1,3
200700020462,0007-04-23 18:25:00,7,4,23,18,25,60,29,BORDE (AVENUE DE LA)(BOC,,,Plein jour,En agglomération,Hors intersection,Normale,Deux véhicules - côté,,,,,,,,,,,1,2,1,1,3
200700020463,0007-04-24 18:05:00,7,4,24,18,5,60,30,ROOSEVELT (AVENUE FRANKL,,,Plein jour,En agglomération,Hors intersection,Normale,Deux véhicules - côté,,,,,,,,,,,1,2,1,1,3
200700020464,0007-04-28 16:37:00,7,4,28,16,37,60,29,MIDI (BOULEVARD DU),,,Plein jour,En agglomération,Hors intersection,Normale,Deux véhicules - côté,,,,,,,,,,,1,2,1,1,3
200700020465,0007-04-28 17:55:00,7,4,28,17,55,60,29,"88, CARNOT (BOULEVARD)",,,Plein jour,En agglomération,Hors intersection,Normale,Autre collision,,,,,,,,,,,1,2,1,1,6
200700020466,0007-04-28 21:10:00,7,4,28,21,10,60,29,ALEXANDRE III (BOULEVARD,,,Nuit avec éclairage allumé,En agglomération,Intersection en X,Normale,Deux véhicules - côté,,,,,,,,,,,5,2,2,1,3
200700020467,0007-04-30 00:31:00,7,4,30,0,31,60,29,"24, VALLOMBROSA (BOULEBA",,,Crépuscule ou aube,En agglomération,Autre intersection,Normale,Trois véhicules et plus - en chaîne,,,,,,,,,,,2,2,9,1,4
200700020468,0007-04-29 15:30:00,7,4,29,15,30,60,29,REPUBLIQUE (BOULEVARD DE,,,Plein jour,En agglomération,Hors intersection,Normale,Deux véhicules - côté,,,,,,,,,,,1,2,1,1,3
200700020469,0007-04-27 08:30:00,7,4,27,8,30,60,30,AUBAREDE (CHEMIN DE L'),,,Plein jour,En agglomération,Hors intersection,Normale,Sans collision,,,,,,,,,,,1,2,1,1,7
200700020470,0007-04-28 10:35:00,7,4,28,10,35,60,30,"55, ROOSEVELT (AVENUE FR",,,Plein jour,En agglomération,Hors intersection,Normale,Sans collision,,,,,,,,,,,1,2,1,1,7
200700020471,0007-04-20 18:10:00,7,4,20,18,10,60,29,REPUBLIQUE (BOULEVARD DE,,,Plein jour,En agglomération,Hors intersection,Normale,Sans collision,,,,,,,,,,,1,2,1,1,7
200700020472,0007-04-01 16:35:00,7,4,1,16,35,60,69,"x, CANNES (ROUTE DE)  -R",,,Plein jour,En agglomération,Hors intersection,Normale,Deux véhicules - côté,,,,,,,,,,,1,2,1,1,3
200700020473,0007-04-02 13:05:00,7,4,2,13,5,60,69,"45, BELLETRUD (BOULEVARD",,,Plein jour,En agglomération,Hors intersection,Normale,Autre collision,,,,,,,,,,,1,2,1,1,6
200700020474,0007-04-02 16:55:00,7,4,2,16,55,60,69,"2, POISSONNERIE (RUE DE",,,Plein jour,En agglomération,Hors intersection,Normale,Autre collision,,,,,,,,,,,1,2,1,1,6
200700020475,0007-04-02 17:45:00,7,4,2,17,45,60,69,"93, LIBERATION (AVENUE D",,,Plein jour,En agglomération,Hors intersection,Normale,Autre collision,,,,,,,,,,,1,2,1,1,6
200700020476,0007-04-04 16:50:00,7,4,4,16,50,60,69,"83, ROUQUIER (BOULEVARD",,,Plein jour,En agglomération,Hors intersection,Normale,Deux véhicules - côté,,,,,,,,,,,1,2,1,1,3
200700020477,0007-04-06 17:15:00,7,4,6,17,15,60,69,"x, DUVAL (AVENUE MATHIAS",,,Plein jour,En agglomération,Intersection en X,Normale,Autre collision,,,,,,,,,,,1,2,2,1,6
200700020478,0007-04-06 17:45:00,7,4,6,17,45,60,69,"66, LOUBONNIERES (CHEMIN",,,Plein jour,En agglomération,Hors intersection,Normale,Deux véhicules - côté,,,,,,,,,,,1,2,1,1,3
200700020479,0007-04-11 18:20:00,7,4,11,18,20,60,69,"22, DE LATTRE DE TASSIGN",,,Plein jour,En agglomération,Hors intersection,Normale,Deux véhicules - arrière,,,,,,,,,,,1,2,1,1,2
200700020480,0007-04-12 07:50:00,7,4,12,7,50,60,69,"8, HUGO (BOULEVARD ET TR",,,Plein jour,En agglomération,Hors intersection,Normale,Autre collision,,,,,,,,,,,1,2,1,1,6
200700020481,0007-04-16 16:35:00,7,4,16,16,35,60,69,"x, PEGOMAS (ROUTE DE)",,,Plein jour,En agglomération,Hors intersection,Normale,Deux véhicules - côté,,,,,,,,,,,1,2,1,1,3
200700020482,0007-04-17 07:10:00,7,4,17,7,10,60,69,"x, SAINT EXUPERY (AVENUE",,,Plein jour,En agglomération,Hors intersection,Normale,Deux véhicules - arrière,,,,,,,,,,,1,2,1,1,2
200700020483,0007-04-17 15:30:00,7,4,17,15,30,60,69,"x, LIBERATION (AVENUE DE",,,Plein jour,En agglomération,Hors intersection,Normale,Sans collision,,,,,,,,,,,1,2,1,1,7
200700020484,0007-04-18 18:50:00,7,4,18,18,50,60,69,"x, SAINT EXUPERY (AVENUE",,,Plein jour,En agglomération,Hors intersection,Normale,Sans collision,,,,,,,,,,,1,2,1,1,7
200700020485,0007-04-19 10:10:00,7,4,19,10,10,60,69,"x, ROUQUIER (BOULEVARD E",,,Plein jour,En agglomération,Intersection en T,Normale,Deux véhicules - côté,,,,,,,,,,,1,2,3,1,3
200700020486,0007-04-20 19:15:00,7,4,20,19,15,60,69,"61, PAOUTE (ROUTE ET TRA",,,Plein jour,En agglomération,Hors intersection,Normale,Deux véhicules - arrière,,,,,,,,,,,1,2,1,1,2
200700020487,0007-04-21 13:40:00,7,4,21,13,40,60,69,"23, TASSIGNY (AVENUE DEL",,,Plein jour,En agglomération,Hors intersection,Normale,Sans collision,,,,,,,,,,,1,2,1,1,7
200700020488,0007-04-23 16:25:00,7,4,23,16,25,60,69,"144, CANNES (ROUTE DE)",,,Plein jour,En agglomération,Hors intersection,Normale,Deux véhicules - arrière,,,,,,,,,,,1,2,1,1,2
200700020489,0007-04-23 16:55:00,7,4,23,16,55,60,69,"28, POMPIDOU (AVENUE GEO",,,Plein jour,En agglomération,Hors intersection,Normale,Deux véhicules - côté,,,,,,,,,,,1,2,1,1,3
200700020490,0007-04-23 18:40:00,7,4,23,18,40,60,69,"X, avenue du 11 novembre",,,Plein jour,En agglomération,Hors intersection,Normale,Autre collision,,,,,,,,,,,1,2,1,1,6
200700020491,0007-04-24 08:45:00,7,4,24,8,45,60,69,"93, LOUBONNIERES (CHEMIN",,,Plein jour,En agglomération,Hors intersection,Normale,Deux véhicules - côté,,,,,,,,,,,1,2,1,1,3
200700020492,0007-04-24 11:30:00,7,4,24,11,30,60,69,"X, SEMARD - LA GARE (AVE",,,Plein jour,En agglomération,Hors intersection,Normale,Autre collision,,,,,,,,,,,1,2,1,1,6
200700020493,0007-04-28 16:00:00,7,4,28,16,0,60,69,"144, SEMARD - LA GARE (A",,,Plein jour,En agglomération,Hors intersection,Normale,Deux véhicules - côté,,,,,,,,,,,1,2,1,1,3
200700020494,0007-04-07 14:35:00,7,4,7,14,35,60,83,JEAN MONNET (AVENUE),,,Plein jour,En agglomération,Hors intersection,Normale,Autre collision,,,,,,,,,,,1,2,1,1,6
200700020495,0007-04-19 15:40:00,7,4,19,15,40,60,104,LECLERC (AVENUE GENERAL),,,Plein jour,En agglomération,Intersection en T,Normale,Autre collision,,,,,,,,,,,1,2,3,1,6
200700020496,0007-04-06 15:25:00,7,4,6,15,25,60,83,DELATTRE DE TASSIGNY (AL,,,Plein jour,En agglomération,Hors intersection,Normale,Autre collision,,,,,,,,,,,1,2,1,1,6
200700020497,0007-04-04 15:15:00,7,4,4,15,15,60,104,"51, HANOTEAUX (AVENUE GA",,,Plein jour,En agglomération,Hors intersection,Normale,Sans collision,,,,,,,,,,,1,2,1,1,7
200700020498,0007-04-12 18:50:00,7,4,12,18,50,60,104,MONLEON (AVENUE SYLVIO D,,,Plein jour,En agglomération,Giratoire,Normale,Deux véhicules - côté,,,,,,,,,,,1,2,6,1,3
200700020499,0007-04-28 12:05:00,7,4,28,12,5,60,83,ASTRID (PROMENADE REINE),,,Plein jour,En agglomération,Hors intersection,Normale,Autre collision,,,,,,,,,,,1,2,1,1,6
200700020500,0007-04-24 13:15:00,7,4,24,13,15,60,104,TURBIE (ROUTE DE LA),,,Plein jour,Hors agglomération,Hors intersection,Normale,Deux véhicules - frontale,,,,,,,,,,,1,1,1,1,1
200700020501,0007-04-28 10:40:00,7,4,28,10,40,60,104,"35, CAP MARTIN (PROMENAD",,,Plein jour,En agglomération,Hors intersection,Normale,Autre collision,,,,,,,,,,,1,2,1,1,6
200700020502,0007-04-01 12:30:00,7,4,1,12,30,60,88,"0, ARSON (RUE)",,,Plein jour,En agglomération,Intersection en X,Normale,Autre collision,,,,,,,,,,,1,2,2,1,6
200700020503,0007-04-02 12:00:00,7,4,2,12,0,60,88,"100, SAINT-LAMBERT (AV.)",,,Plein jour,En agglomération,Hors intersection,Normale,Autre collision,,,,,,,,,,,1,2,1,1,6
200700020504,0007-04-02 11:00:00,7,4,2,11,0,60,88,"154, GAIRAUT (VIEUX CH.)",,,Plein jour,Hors agglomération,Hors intersection,Normale,Deux véhicules - frontale,,,,,,,,,,,1,1,1,1,1
200700020505,0007-04-02 18:10:00,7,4,2,18,10,60,159,"PK 50+600, ROUTE DEPARTE",,,Plein jour,En agglomération,Hors intersection,Normale,Autre collision,,,,,,,,,,,1,2,1,1,6
200700020506,0007-04-02 21:15:00,7,4,2,21,15,60,88,"0, RIQUIER (BD DE)",,,Nuit avec éclairage allumé,En agglomération,Intersection en X,Normale,Deux véhicules - côté,,,,,,,,,,,5,2,2,1,3