accident_id,datetime,annee,mois,jour,heure,minute,departement,commune_insee,adresse,latitude,longitude,luminosite,agglomeration,intersection,meteo,collision,nb_vehicules,nb_usagers,nb_indemnes,nb_tues,nb_blesses_hosp,nb_blesses_legers,age_cond_1,age_cond_2,veh_type_cond_1,veh_type_cond_2,lum_code,agg_code,int_code,atm_code,col_code
200700020507,0007-04-03 07:40:00,7,4,3,7,40,60,88,"27, CERNUSCHI (AV.)",,,Plein jour,En agglomération,Hors intersection,Normale,Deux véhicules - côté,,,,,,,,,,,1,2,1,1,3
200700020508,0007-04-03 07:45:00,7,4,3,7,45,60,88,"10, CARABACEL (BD)",,,Plein jour,En agglomération,Hors intersection,Normale,Deux véhicules - arrière,,,,,,,,,,,1,2,1,1,2
200700020509,0007-04-03 16:00:00,7,4,3,16,0,60,88,"0, RISSO (BD)",,,Plein jour,En agglomération,Hors intersection,Normale,Sans collision,,,,,,,,,,,1,2,1,1,7
200700020510,0007-04-03 20:45:00,7,4,3,20,45,60,88,"9, ETATS UNIS (QUAI DES)",,,Nuit avec éclairage allumé,En agglomération,Hors intersection,Normale,Autre collision,,,,,,,,,,,5,2,1,1,6
200700020511,0007-04-04 08:35:00,7,4,4,8,35,60,88,"0, FONTAN (R.)",,,Plein jour,En agglomération,Intersection en T,Normale,Trois véhicules et plus - collisions multiples,,,,,,,,,,,1,2,3,1,5
200700020512,0007-04-04 10:30:00,7,4,4,10,30,60,88,"0, GIAUME(RUE LAURENT)",,,Plein jour,Hors agglomération,Intersection en T,Normale,Deux véhicules - côté,,,,,,,,,,,1,1,3,1,3
200700020513,0007-04-04 13:30:00,7,4,4,13,30,60,88,"0, GIMELLE (R. CLAUDE)",,,Plein jour,En agglomération,Intersection en X,Normale,Deux véhicules - côté,,,,,,,,,,,1,2,2,1,3
200700020514,0007-04-04 14:15:00,7,4,4,14,15,60,88,"0, TURIN (RTE DE)",,,Plein jour,En agglomération,Hors intersection,Normale,Autre collision,,,,,,,,,,,1,2,1,1,6
200700020515,0007-04-04 18:50:00,7,4,4,18,50,60,88,"1, BARETY (RUE DOCTEUR)",,,Plein jour,En agglomération,Hors intersection,Normale,Deux véhicules - arrière,,,,,,,,,,,1,2,1,1,2
200700020516,0007-04-05 11:25:00,7,4,5,11,25,60,88,"0, VOIE RAPIDE",,,Plein jour,En agglomération,Hors intersection,Normale,Deux véhicules - arrière,,,,,,,,,,,1,2,1,1,2
200700020517,0007-04-05 20:00:00,7,4,5,20,0,60,88,"151, MADELEINE (BD DE LA",,,Crépuscule ou aube,En agglomération,Hors intersection,Normale,Deux véhicules - côté,,,,,,,,,,,2,2,1,1,3
200700020518,0007-04-06 06:20:00,7,4,6,6,20,60,88,"161, ANGLAIS (DU N° 114",,,Crépuscule ou aube,En agglomération,Hors intersection,Normale,Deux véhicules - côté,,,,,,,,,,,2,2,1,1,3
200700020519,0007-04-06 15:30:00,7,4,6,15,30,60,88,"0, ETATS UNIS (QUAI DES)",,,Plein jour,En agglomération,Intersection en X,Normale,Deux véhicules - côté,,,,,,,,,,,1,2,2,1,3
200700020520,0007-04-06 15:55:00,7,4,6,15,55,60,88,"148, GAMBETTA (A PARTIR",,,Plein jour,En agglomération,Hors intersection,Normale,Autre collision,,,,,,,,,,,1,2,1,1,6
200700020521,0007-04-06 17:00:00,7,4,6,17,0,60,88,"5, VILLENEUVE (R. DE)",,,Plein jour,En agglomération,Hors intersection,Normale,Autre collision,,,,,,,,,,,1,2,1,1,6
200700020522,0007-04-06 12:00:00,7,4,6,12,0,60,88,"177, ARIANE (BD DE L')",,,Plein jour,En agglomération,Intersection en X,Normale,Autre collision,,,,,,,,,,,1,2,2,1,6
200700020523,0007-04-06 18:25:00,7,4,6,18,25,60,88,"0, RISSO (BD)",,,Plein jour,En agglomération,Hors intersection,Normale,Autre collision,,,,,,,,,,,1,2,1,1,6
200700020524,0007-04-06 21:45:00,7,4,6,21,45,60,88,"7 BIS, JOLY (CORNICHE AN",,,Nuit avec éclairage allumé,En agglomération,Hors intersection,Normale,Deux véhicules - côté,,,,,,,,,,,5,2,1,1,3
200700020525,0007-04-07 10:00:00,7,4,7,10,0,60,88,"0, CLEMENCEAU (AV. GEORG",,,Plein jour,En agglomération,Intersection en X,Normale,Deux véhicules - côté,,,,,,,,,,,1,2,2,1,3
200700020526,0007-04-07 13:10:00,7,4,7,13,10,60,88,"108, CALIFORNIE (AV.) (J",,,Plein jour,En agglomération,Hors intersection,Normale,Autre collision,,,,,,,,,,,1,2,1,1,6
200700020527,0007-04-07 23:36:00,7,4,7,23,36,60,88,"0, MONTEL (BD PAUL)",,,Nuit avec éclairage allumé,En agglomération,Intersection en X,Normale,Trois véhicules et plus - collisions multiples,,,,,,,,,,,5,2,2,1,5
200700020528,0007-04-08 13:30:00,7,4,8,13,30,60,88,"92, CASSIN (BD RENE)",,,Plein jour,En agglomération,Hors intersection,Normale,Deux véhicules - côté,,,,,,,,,,,1,2,1,1,3
200700020529,0007-04-08 18:40:00,7,4,8,18,40,60,88,"0, GAL (R. AUGUSTE)",,,Plein jour,En agglomération,Intersection en X,Normale,Deux véhicules - côté,,,,,,,,,,,1,2,2,1,3
200700020530,0007-04-08 20:20:00,7,4,8,20,20,60,88,"113, ANGLAIS (N° 113)",,,Nuit avec éclairage allumé,En agglomération,Hors intersection,Normale,Deux véhicules - côté,,,,,,,,,,,5,2,1,1,3
200700020531,0007-04-08 21:25:00,7,4,8,21,25,60,88,", GAMBETTA (A PARTIR DU",,,Nuit avec éclairage non allumé,En agglomération,Hors intersection,Normale,Deux véhicules - côté,,,,,,,,,,,4,2,1,1,3
200700020532,0007-04-09 19:38:00,7,4,9,19,38,60,88,"63, LYAUTEY (AV. DU MAL)",,,Plein jour,En agglomération,Hors intersection,Normale,Trois véhicules et plus - collisions multiples,,,,,,,,,,,1,2,1,1,5
200700020533,0007-04-10 11:15:00,7,4,10,11,15,60,88,"111, MADELEINE (BD DE LA",,,Plein jour,En agglomération,Hors intersection,Normale,Deux véhicules - côté,,,,,,,,,,,1,2,1,1,3
200700020534,0007-04-10 11:50:00,7,4,10,11,50,60,88,"14, MILLION DE VERAILLON",,,Plein jour,En agglomération,Hors intersection,Normale,Autre collision,,,,,,,,,,,1,2,1,1,6
200700020535,0007-04-11 02:30:00,7,4,11,2,30,60,88,"0, QUAI DES ETATS UNIS",,,Nuit avec éclairage allumé,En agglomération,Hors intersection,Normale,Deux véhicules - frontale,,,,,,,,,,,5,2,1,1,1
200700020536,0007-04-11 07:10:00,7,4,11,7,10,60,88,CLUA (AV. DE LA),,,Plein jour,En agglomération,Hors intersection,Normale,Autre collision,,,,,,,,,,,1,2,1,1,6
200700020537,0007-04-11 11:00:00,7,4,11,11,0,60,88,"0, ANGLAIS (DU N° 45 AU",,,Plein jour,En agglomération,Hors intersection,Normale,Deux véhicules - arrière,,,,,,,,,,,1,2,1,1,2
200700020538,0007-04-11 11:20:00,7,4,11,11,20,60,88,"82, PASTEUR (BD)",,,Plein jour,En agglomération,Hors intersection,Normale,Autre collision,,,,,,,,,,,1,2,1,1,6
200700020539,0007-04-11 12:45:00,7,4,11,12,45,60,88,"20, CALIFORNIE (AV.) (JU",,,Plein jour,En agglomération,Hors intersection,Normale,Deux véhicules - côté,,,,,,,,,,,1,2,1,1,3
200700020540,0007-04-11 15:30:00,7,4,11,15,30,60,88,"0, FREESIAS (AV. DES)",,,Plein jour,En agglomération,Hors intersection,Normale,Deux véhicules - frontale,,,,,,,,,,,1,2,1,1,1
200700020541,0007-04-11 15:45:00,7,4,11,15,45,60,88,"14, SAQUIER (CH. DE)",,,Plein jour,Hors agglomération,Hors intersection,Normale,Deux véhicules - frontale,,,,,,,,,,,1,1,1,1,1
200700020542,0007-04-12 08:00:00,7,4,12,8,0,60,88,"0, PESSICART (A PARTIR D",,,Plein jour,En agglomération,Intersection en T,Normale,Deux véhicules - côté,,,,,,,,,,,1,2,3,1,3
200700020543,0007-04-12 10:50:00,7,4,12,10,50,60,88,"0, ANGLAIS (A PARTIR DU",,,Plein jour,Hors agglomération,Hors intersection,Normale,Autre collision,,,,,,,,,,,1,1,1,1,6
200700020544,0007-04-12 13:45:00,7,4,12,13,45,60,88,"36, TURIN (RTE DE)",,,Plein jour,En agglomération,Hors intersection,Normale,Deux véhicules - arrière,,,,,,,,,,,1,2,1,1,2
200700020545,0007-04-12 14:30:00,7,4,12,14,30,60,88,"17, HUGO (BD VICTOR)",,,Plein jour,Hors agglomération,Hors intersection,Normale,Deux véhicules - arrière,,,,,,,,,,,1,1,1,1,2
200700020546,0007-04-12 16:30:00,7,4,12,16,30,60,88,"1, GUSTAVE V (AV.)",,,Plein jour,En agglomération,Hors intersection,Normale,Autre collision,,,,,,,,,,,1,2,1,1,6
200700020547,0007-04-12 18:30:00,7,4,12,18,30,60,88,"278, MAGNAN (CORNICHE DE",,,Plein jour,En agglomération,Hors intersection,Normale,Deux véhicules - frontale,,,,,,,,,,,1,2,1,1,1
200700020548,0007-04-13 07:50:00,7,4,13,7,50,60,88,"68, BRANCOLAR (AV.) (A P",,,Plein jour,En agglomération,Hors intersection,Normale,Deux véhicules - côté,,,,,,,,,,,1,2,1,1,3
200700020549,0007-04-13 08:00:00,7,4,13,8,0,60,88,"0, CARABACEL (BD)",,,Plein jour,Hors agglomération,Intersection en T,Normale,Deux véhicules - côté,,,,,,,,,,,1,1,3,1,3
200700020550,0007-04-13 13:00:00,7,4,13,13,0,60,88,"93, CESSOLE (BD DE) (JUS",,,Plein jour,En agglomération,Hors intersection,Normale,Deux véhicules - côté,,,,,,,,,,,1,2,1,1,3
200700020551,0007-04-13 15:15:00,7,4,13,15,15,60,88,"0, GROSSO (A PARTIR DU N",,,Plein jour,En agglomération,Intersection en T,Normale,Trois véhicules et plus - en chaîne,,,,,,,,,,,1,2,3,1,4
200700020552,0007-04-13 16:15:00,7,4,13,16,15,60,88,"0, GALLIENI (AV.)",,,Plein jour,En agglomération,Intersection en X,Normale,Deux véhicules - côté,,,,,,,,,,,1,2,2,1,3
200700020553,0007-04-14 05:00:00,7,4,14,5,0,60,88,"99, ANGLAIS (DU N° 45 AU",,,Nuit avec éclairage allumé,En agglomération,Hors intersection,Normale,Deux véhicules - arrière,,,,,,,,,,,5,2,1,1,2
200700020554,0007-04-14 13:15:00,7,4,14,13,15,60,88,"104, ARIANE (BD DE L')",,,Plein jour,En agglomération,Hors intersection,Normale,Deux véhicules - côté,,,,,,,,,,,1,2,1,1,3
200700020555,0007-04-14 20:35:00,7,4,14,20,35,60,88,"0, HOTEL DES POSTES (R.)",,,Nuit avec éclairage allumé,En agglomération,Intersection en X,Normale,Deux véhicules - côté,,,,,,,,,,,5,2,2,1,3
200700020556,0007-04-15 01:00:00,7,4,15,1,0,60,88,"263, ANGLAIS (DU N° 114",,,Nuit avec éclairage allumé,En agglomération,Hors intersection,Normale,Trois véhicules et plus - en chaîne,,,,,,,,,,,5,2,1,1,4
200700020557,0007-04-15 20:45:00,7,4,15,20,45,60,88,"0, TRACHEL (RUE)",,,Nuit avec éclairage allumé,En agglomération,Intersection en X,Normale,Deux véhicules - côté,,,,,,,,,,,5,2,2,1,3
200700020558,0007-04-16 09:40:00,7,4,16,9,40,60,88,"0, JOLY (CORNICHE ANDRE",,,Plein jour,En agglomération,Hors intersection,Normale,Deux véhicules - côté,,,,,,,,,,,1,2,1,1,3
200700020559,0007-04-16 13:40:00,7,4,16,13,40,60,88,"0, BLANCON (RUE PIERRE)",,,Plein jour,En agglomération,Intersection en X,Normale,Autre collision,,,,,,,,,,,1,2,2,1,6
200700020560,0007-04-16 15:00:00,7,4,16,15,0,60,88,"0, CASSINI (RUE)",,,Plein jour,En agglomération,Hors intersection,Normale,Deux véhicules - côté,,,,,,,,,,,1,2,1,1,3
200700020561,0007-04-16 18:15:00,7,4,16,18,15,60,88,"14, DUBOUCHAGE (BD)",,,Plein jour,En agglomération,Hors intersection,Normale,Deux véhicules - arrière,,,,,,,,,,,1,2,1,1,2
200700020562,0007-04-17 08:45:00,7,4,17,8,45,60,88,"80, SAINT-PIERRE DE FERI",,,Plein jour,En agglomération,Hors intersection,Normale,Autre collision,,,,,,,,,,,1,2,1,1,6
200700020563,0007-04-17 12:10:00,7,4,17,12,10,60,88,"0, AUBER (AV.)",,,Plein jour,En agglomération,Intersection en T,Normale,Autre collision,,,,,,,,,,,1,2,3,1,6
200700020564,0007-04-17 17:10:00,7,4,17,17,10,60,88,"21, SAINT-AUGUSTIN (AV.",,,Plein jour,En agglomération,Hors intersection,Normale,Autre collision,,,,,,,,,,,1,2,1,1,6
200700020565,0007-04-18 12:20:00,7,4,18,12,20,60,88,"34, VERNIER (R.)",,,Plein jour,En agglomération,Hors intersection,Normale,Autre collision,,,,,,,,,,,1,2,1,1,6
200700020566,0007-04-18 13:50:00,7,4,18,13,50,60,88,"2, DUNANT (AV. HENRI)",,,Plein jour,En agglomération,Hors intersection,Normale,Deux véhicules - côté,,,,,,,,,,,1,2,1,1,3
200700020567,0007-04-18 16:30:00,7,4,18,16,30,60,88,"1, SUEDE (AV. DE)",,,Plein jour,En agglomération,Hors intersection,Normale,Autre collision,,,,,,,,,,,1,2,1,1,6
200700020568,0007-04-18 21:00:00,7,4,18,21,0,60,88,"0, COTY (PONT RENE)",,,Nuit avec éclairage allumé,Hors agglomération,Intersection en X,Normale,Deux véhicules - côté,,,,,,,,,,,5,1,2,1,3
200700020569,0007-04-19 16:15:00,7,4,19,16,15,60,88,"0, DIJON (RUE DE)",,,Plein jour,En agglomération,Hors intersection,Normale,Autre collision,,,,,,,,,,,1,2,1,1,6
200700020570,0007-04-20 00:15:00,7,4,20,0,15,60,88,"0, FODERE (R. ET IMP.)",,,Nuit avec éclairage non allumé,En agglomération,Intersection en X,Normale,Autre collision,,,,,,,,,,,4,2,2,1,6
200700020571,0007-04-20 11:50:00,7,4,20,11,50,60,88,"0, COMBOUL (AV. RAYMOND)",,,Plein jour,En agglomération,Intersection en X,Normale,Deux véhicules - côté,,,,,,,,,,,1,2,2,1,3
200700020572,0007-04-20 13:30:00,7,4,20,13,30,60,88,"0, VOIE ROMAINE (AV. DE",,,Plein jour,En agglomération,Hors intersection,Normale,Deux véhicules - côté,,,,,,,,,,,1,2,1,1,3
200700020573,0007-04-20 17:05:00,7,4,20,17,5,60,88,"0, THIERS (AV.)",,,Plein jour,En agglomération,Intersection en T,Normale,Deux véhicules - côté,,,,,,,,,,,1,2,3,1,3
200700020574,0007-04-21 15:50:00,7,4,21,15,50,60,88,"0, GUTENBERG (R.)",,,Plein jour,En agglomération,Intersection en X,Normale,Deux véhicules - côté,,,,,,,,,,,1,2,2,1,3
200700020575,0007-04-21 17:00:00,7,4,21,17,0,60,88,"280, CALIFORNIE (AV.) (A",,,Plein jour,En agglomération,Hors intersection,Normale,Deux véhicules - côté,,,,,,,,,,,1,2,1,1,3
200700020576,0007-04-21 19:20:00,7,4,21,19,20,60,88,"0, GRINDA (AV. EDOUARD)",,,Crépuscule ou aube,En agglomération,Hors intersection,Normale,Deux véhicules - côté,,,,,,,,,,,2,2,1,1,3
200700020577,0007-04-21 21:45:00,7,4,21,21,45,60,88,"0, CESSOLE (BD DE) (JUSQ",,,Nuit avec éclairage non allumé,En agglomération,Intersection en T,Normale,Deux véhicules - côté,,,,,,,,,,,4,2,3,1,3
200700020578,0007-04-24 08:55:00,7,4,24,8,55,60,88,"0, RICOLFI (R. HUMBERT)",,,Plein jour,En agglomération,Intersection en X,Normale,Autre collision,,,,,,,,,,,1,2,2,1,6
200700020579,0007-04-22 13:30:00,7,4,22,13,30,60,88,"75, CARNOT (BD)",,,Plein jour,En agglomération,Hors intersection,Normale,Deux véhicules - côté,,,,,,,,,,,1,2,1,1,3
200700020580,0007-04-22 03:00:00,7,4,22,3,0,60,88,"0, BUFFA (RUE DE LA)",,,Nuit avec éclairage allumé,En agglomération,Intersection en X,Normale,Deux véhicules - côté,,,,,,,,,,,5,2,2,1,3
200700020581,0007-04-22 18:00:00,7,4,22,18,0,60,88,"2, FAURE (AV. FELIX)",,,Plein jour,En agglomération,Hors intersection,Normale,Autre collision,,,,,,,,,,,1,2,1,1,6
200700020582,0007-04-22 20:00:00,7,4,22,20,0,60,88,"5, PILATTE (BD FRANCK)",,,Nuit avec éclairage allumé,En agglomération,Hors intersection,Normale,Autre collision,,,,,,,,,,,5,2,1,1,6
200700020583,0007-04-23 07:35:00,7,4,23,7,35,60,88,"0, GRENOBLE (ROUTE DE)",,,Plein jour,En agglomération,Hors intersection,Normale,Deux véhicules - arrière,,,,,,,,,,,1,2,1,1,2
200700020584,0007-04-23 10:30:00,7,4,23,10,30,60,88,"107, CANTA GALET (RTE DE",,,Plein jour,En agglomération,Hors intersection,Normale,Trois véhicules et plus - en chaîne,,,,,,,,,,,1,2,1,1,4
200700020585,0007-04-23 15:00:00,7,4,23,15,0,60,88,"141, SAINT-LAMBERT (AV.)",,,Plein jour,En agglomération,Hors intersection,Normale,Deux véhicules - arrière,,,,,,,,,,,1,2,1,1,2
200700020586,0007-04-24 08:00:00,7,4,24,8,0,60,88,"0, CALIFORNIE (AV.) (DU",,,Plein jour,En agglomération,Intersection en X,Normale,Deux véhicules - côté,,,,,,,,,,,1,2,2,1,3
200700020587,0007-04-24 12:15:00,7,4,24,12,15,60,88,"0, SMOLETT (R.)",,,Plein jour,Hors agglomération,Intersection en X,Normale,Deux véhicules - côté,,,,,,,,,,,1,1,2,1,3
200700020588,0007-04-24 17:15:00,7,4,24,17,15,60,88,"0, DEFLY (RUE)",,,Plein jour,En agglomération,Hors intersection,Normale,Autre collision,,,,,,,,,,,1,2,1,1,6
200700020589,0007-04-25 13:55:00,7,4,25,13,55,60,88,"0, PASTEUR (BD)",,,Plein jour,En agglomération,Intersection en T,Normale,Deux véhicules - côté,,,,,,,,,,,1,2,3,1,3
200700020590,0007-04-25 18:10:00,7,4,25,18,10,60,88,"0, RD 6202",,,Plein jour,En agglomération,Hors intersection,Normale,Deux véhicules - arrière,,,,,,,,,,,1,2,1,1,2
200700020591,0007-04-25 18:55:00,7,4,25,18,55,60,88,"10, CHEVALIERS DE MALTE",,,Plein jour,En agglomération,Hors intersection,Normale,Autre collision,,,,,,,,,,,1,2,1,1,6
200700020592,0007-04-26 07:00:00,7,4,26,7,0,60,88,"63, LYAUTEY (AV. DU MAL)",,,Plein jour,En agglomération,Hors intersection,Normale,Trois véhicules et plus - collisions multiples,,,,,,,,,,,1,2,1,1,5
200700020593,0007-04-26 10:10:00,7,4,26,10,10,60,88,"0, CIMIEZ (BD) A PARTIR",,,Plein jour,En agglomération,Intersection en X,Pluie légère,Autre collision,,,,,,,,,,,1,2,2,2,6
200700020594,0007-04-26 11:10:00,7,4,26,11,10,60,88,"0, ALLEGRE (AV. JEAN)",,,Plein jour,En agglomération,Hors intersection,Normale,Deux véhicules - côté,,,,,,,,,,,1,2,1,1,3
200700020595,0007-04-26 11:40:00,7,4,26,11,40,60,88,"234, STE-MARGUERITE (AV.",,,Plein jour,En agglomération,Hors intersection,Normale,Deux véhicules - côté,,,,,,,,,,,1,2,1,1,3
200700020596,0007-04-26 17:00:00,7,4,26,17,0,60,88,"76, BAUMETTES (AV. DES)",,,Plein jour,En agglomération,Hors intersection,Normale,Deux véhicules - côté,,,,,,,,,,,1,2,1,1,3
200700020597,0007-04-26 20:55:00,7,4,26,20,55,60,88,"0, DELFINO (BD GENERAL)",,,Nuit avec éclairage allumé,En agglomération,Intersection en X,Normale,Autre collision,,,,,,,,,,,5,2,2,1,6
200700020598,0007-04-26 16:50:00,7,4,26,16,50,60,88,"0, GAMBETTA (A PARTIR DU",,,Plein jour,En agglomération,Hors intersection,Normale,Autre collision,,,,,,,,,,,1,2,1,1,6
200700020599,0007-04-26 16:00:00,7,4,26,16,0,60,88,"698, GRENOBLE (ROUTE DE)",,,Plein jour,En agglomération,Hors intersection,Normale,Autre collision,,,,,,,,,,,1,2,1,1,6
200700020600,0007-04-27 09:20:00,7,4,27,9,20,60,88,"0, ANGLAIS (DU N° 265 AU",,,Plein jour,En agglomération,Hors intersection,Normale,Deux véhicules - côté,,,,,,,,,,,1,2,1,1,3
200700020601,0007-04-27 11:00:00,7,4,27,11,0,60,88,"0, FRANCE (R. DE) DU N°",,,Plein jour,En agglomération,Hors intersection,Normale,Autre collision,,,,,,,,,,,1,2,1,1,6
200700020602,0007-04-27 13:20:00,7,4,27,13,20,60,88,"410, RISSO (BD)",,,Plein jour,En agglomération,Hors intersection,Normale,Autre collision,,,,,,,,,,,1,2,1,1,6
200700020603,0007-04-27 14:45:00,7,4,27,14,45,60,88,"0, SAINT-LAMBERT (AV.) (",,,Plein jour,En agglomération,Hors intersection,Normale,Deux véhicules - côté,,,,,,,,,,,1,2,1,1,3
200700020604,0007-04-27 16:50:00,7,4,27,16,50,60,88,"101, GROSSO (A PARTIR DU",,,Plein jour,En agglomération,Hors intersection,Normale,Deux véhicules - côté,,,,,,,,,,,1,2,1,1,3
200700020605,0007-04-27 17:30:00,7,4,27,17,30,60,88,"16, ROASSAL (R. CLEMENT)",,,Plein jour,En agglomération,Hors intersection,Normale,Deux véhicules - frontale,,,,,,,,,,,1,2,1,1,1
200700020606,0007-04-28 12:15:00,7,4,28,12,15,60,88,"0, GRIMALDI (PL.)",,,Plein jour,En agglomération,Hors intersection,Normale,Autre collision,,,,,,,,,,,1,2,1,1,6
200700020607,0007-04-28 16:00:00,7,4,28,16,0,60,88,"70, BEHRA (BD JEAN)",,,Plein jour,En agglomération,Hors intersection,Normale,Deux véhicules - arrière,,,,,,,,,,,1,2,1,1,2
200700020608,0007-04-28 19:10:00,7,4,28,19,10,60,88,"0, CARNOT (BD)",,,Plein jour,En agglomération,Intersection en X,Normale,Deux véhicules - côté,,,,,,,,,,,1,2,2,1,3
200700020609,0007-04-28 20:15:00,7,4,28,20,15,60,88,"101, GAMBETTA (JUSQU'AU",,,Nuit avec éclairage allumé,En agglomération,Hors intersection,Normale,Deux véhicules - arrière,,,,,,,,,,,5,2,1,1,2
200700020610,0007-04-29 03:20:00,7,4,29,3,20,60,88,"145, FRANCE (R. DE) A PA",,,Nuit avec éclairage allumé,En agglomération,Hors intersection,Normale,Deux véhicules - arrière,,,,,,,,,,,5,2,1,1,2
200700020611,0007-04-29 12:00:00,7,4,29,12,0,60,88,"0, SAUSSURE (R. DE)",,,Plein jour,En agglomération,Intersection en X,Normale,Deux véhicules - côté,,,,,,,,,,,1,2,2,1,3
200700020612,0007-04-29 16:00:00,7,4,29,16,0,60,88,"93 bis, ANGLAIS (DU N° 4",,,Plein jour,En agglomération,Hors intersection,Normale,Deux véhicules - arrière,,,,,,,,,,,1,2,1,1,2
200700020613,0007-04-29 17:30:00,7,4,29,17,30,60,88,"0, ARSON (RUE)",,,Plein jour,En agglomération,Hors intersection,Normale,Sans collision,,,,,,,,,,,1,2,1,1,7
200700020614,0007-04-29 22:00:00,7,4,29,22,0,60,88,"0, MATISSE (AV. HENRI)",,,Nuit avec éclairage allumé,En agglomération,Intersection en X,Normale,Deux véhicules - côté,,,,,,,,,,,5,2,2,1,3
200700020615,0007-04-30 09:00:00,7,4,30,9,0,60,88,"39, BARLA (RUE)",,,Plein jour,En agglomération,Hors intersection,Normale,Autre collision,,,,,,,,,,,1,2,1,1,6
200700020616,0007-04-30 12:35:00,7,4,30,12,35,60,88,"0, SAINT-JEAN BAPTISTE (",,,Plein jour,En agglomération,Hors intersection,Normale,Autre collision,,,,,,,,,,,1,2,1,1,6
200700020617,0007-04-30 14:10:00,7,4,30,14,10,60,88,"6, SORGENTINO (R.)",,,Plein jour,En agglomération,Hors intersection,Normale,Deux véhicules - arrière,,,,,,,,,,,1,2,1,1,2
200700020618,0007-04-30 14:28:00,7,4,30,14,28,60,88,"0, GARIGLIANO (PONTS)",,,Plein jour,En agglomération,Hors intersection,Normale,Deux véhicules - côté,,,,,,,,,,,1,2,1,1,3
200700020619,0007-04-20 17:20:00,7,4,20,17,20,70,102,"418, FRANCE (RUE ANATOLE",,,Plein jour,En agglomération,Hors intersection,Normale,Autre collision,,,,,,,,,,,1,2,1,1,6
200700020620,0007-04-26 18:00:00,7,4,26,18,0,80,105,WARCQ,,,Plein jour,En agglomération,Intersection en T,Normale,Deux véhicules - côté,,,,,,,,,,,1,2,3,1,3
200700020621,0007-04-08 18:10:00,7,4,8,18,10,80,409,"09, PASTEUR (AVENUE)",,,Plein jour,En agglomération,Hors intersection,Normale,Deux véhicules - côté,,,,,,,,,,,1,2,1,1,3
200700020622,0007-04-30 19:30:00,7,4,30,19,30,80,409,CHAMP DE MARS (RUE DU),,,Plein jour,En agglomération,Hors intersection,Temps éblouissant,Sans collision,,,,,,,,,,,1,2,1,7,7
200700020623,0007-04-13 02:15:00,7,4,13,2,15,90,122,"1, FAURE (COURS GABRIEL)",,,Nuit avec éclairage allumé,En agglomération,Giratoire,Normale,Sans collision,,,,,,,,,,,5,2,6,1,7
200700020624,0007-04-08 22:05:00,7,4,8,22,5,90,225,SOUBIE LIEU DIT LE,,,Nuit sans éclairage public,Hors agglomération,Hors intersection,Normale,Sans collision,,,,,,,,,,,3,1,1,1,7
200700020625,0007-04-14 06:35:00,7,4,14,6,35,90,225,"00, JACQUES OURGAUD RUE",,,Nuit avec éclairage allumé,En agglomération,Hors intersection,Pluie légère,Autre collision,,,,,,,,,,,5,2,1,2,6
200700020626,0007-04-07 11:35:00,7,4,7,11,35,100,387,"00, FAUBOURG CRONCELS (R",,,Plein jour,En agglomération,Intersection en X,Normale,Deux véhicules - côté,,,,,,,,,,,1,2,2,1,3
200700020627,0007-04-10 09:00:00,7,4,10,9,0,100,387,"0, GOURNAY (RUE DE)",,,Plein jour,En agglomération,Hors intersection,Normale,Autre collision,,,,,,,,,,,1,2,1,1,6
200700020628,0007-04-11 17:30:00,7,4,11,17,30,100,387,"0, FERNAND DORE (RUE)",,,Plein jour,En agglomération,Intersection en T,Normale,Deux véhicules - côté,,,,,,,,,,,1,2,3,1,3
200700020629,0007-04-14 20:20:00,7,4,14,20,20,100,343,"0, BAIRES (RUE)",,,Crépuscule ou aube,Hors agglomération,Hors intersection,Normale,Deux véhicules - frontale,,,,,,,,,,,2,1,1,1,1
200700020630,0007-04-25 08:20:00,7,4,25,8,20,100,60,"35, GENERAL LECLERC (RUE",,,Plein jour,En agglomération,Hors intersection,Normale,Deux véhicules - côté,,,,,,,,,,,1,2,1,1,3
200700020631,0007-04-30 17:15:00,7,4,30,17,15,100,387,FAUBOURG CRONCELS (RUE D,,,Plein jour,En agglomération,Hors intersection,Normale,Autre collision,,,,,,,,,,,1,2,1,1,6
200700020632,0007-04-03 09:50:00,7,4,3,9,50,110,69,MONTREAL -ROUTE DE -,,,Plein jour,En agglomération,Hors intersection,Normale,Sans collision,,,,,,,,,,,1,2,1,1,7
200700020633,0007-04-04 14:30:00,7,4,4,14,30,110,262,"1, CASTAN (RUE SIMON)",,,Plein jour,En agglomération,Hors intersection,Normale,Deux véhicules - côté,,,,,,,,,,,1,2,1,1,3
200700020634,0007-04-20 09:00:00,7,4,20,9,0,110,262,"69, ARMISSAN ROUTE D')",,,Plein jour,En agglomération,Intersection en Y,Normale,Deux véhicules - arrière,,,,,,,,,,,1,2,4,1,2
200700020635,0007-04-19 15:20:00,7,4,19,15,20,110,262,"1, LEBLANC(RUE)",,,Plein jour,En agglomération,Hors intersection,Normale,Sans collision,,,,,,,,,,,1,2,1,1,7
200700020636,0007-04-28 12:00:00,7,4,28,12,0,110,262,TOULOUSE (AVENUE DE),,,Plein jour,En agglomération,Hors intersection,Normale,Deux véhicules - côté,,,,,,,,,,,1,2,1,1,3
200700020637,0007-04-02 06:05:00,7,4,2,6,5,120,89,"46, FAREYRES (AVENUE DE)",,,Crépuscule ou aube,En agglomération,Hors intersection,Normale,Autre collision,,,,,,,,,,,2,2,1,1,6
200700020638,0007-04-23 20:30:00,7,4,23,20,30,120,145,EUROPE (AVENUE DE L'),,,Plein jour,En agglomération,Hors intersection,Normale,Sans collision,,,,,,,,,,,1,2,1,1,7
200700020639,0007-04-25 12:05:00,7,4,25,12,5,120,145,"377, ROC",,,Plein jour,En agglomération,Intersection en T,Normale,Trois véhicules et plus - collisions multiples,,,,,,,,,,,1,2,3,1,5
200700020640,0007-04-30 11:55:00,7,4,30,11,55,120,145,"385, EUROPE (AVENUE DE L",,,Plein jour,En agglomération,Hors intersection,Normale,Deux véhicules - frontale,,,,,,,,,,,1,2,1,1,1