accident_id,datetime,annee,mois,jour,heure,minute,departement,commune_insee,adresse,latitude,longitude,luminosite,agglomeration,intersection,meteo,collision,nb_vehicules,nb_usagers,nb_indemnes,nb_tues,nb_blesses_hosp,nb_blesses_legers,age_cond_1,age_cond_2,veh_type_cond_1,veh_type_cond_2,lum_code,agg_code,int_code,atm_code,col_code
200700020641,0007-04-27 16:50:00,7,4,27,16,50,120,202,PLANARD (RUE),,,Plein jour,En agglomération,Hors intersection,Normale,Autre collision,,,,,,,,,,,1,2,1,1,6
200700020642,0007-04-01 06:05:00,7,4,1,6,5,130,1,"1209, MARSEILLE (ROUTE D",,,Nuit avec éclairage allumé,Hors agglomération,Hors intersection,Temps couvert,Autre collision,,,,,,,,,,,5,1,1,8,6
200700020643,0007-04-04 10:40:00,7,4,4,10,40,130,1,NARVICK (PL DE),,,Plein jour,En agglomération,Hors intersection,Normale,Autre collision,,,,,,,,,,,1,2,1,1,6
200700020644,0007-04-04 18:05:00,7,4,4,18,5,130,1,"467, MAURIAT HENRI (AV)",,,Plein jour,En agglomération,Hors intersection,Pluie forte,Deux véhicules - arrière,,,,,,,,,,,1,2,1,3,2
200700020645,0007-04-05 16:00:00,7,4,5,16,0,130,1,"1, DE LATTRE DE TASSIGNY",,,Plein jour,En agglomération,Hors intersection,Normale,Deux véhicules - arrière,,,,,,,,,,,1,2,1,1,2
200700020646,0007-04-09 11:50:00,7,4,9,11,50,130,1,"ANGLE, GALICE (RTE DE)",,,Plein jour,En agglomération,Hors intersection,Normale,Trois véhicules et plus - collisions multiples,,,,,,,,,,,1,2,1,1,5
200700020647,0007-04-11 14:00:00,7,4,11,14,0,130,1,LEDOUX CLAUDE NICOLAS (R,,,Plein jour,Hors agglomération,Intersection en T,Normale,Deux véhicules - côté,,,,,,,,,,,1,1,3,1,3
200700020648,0007-04-10 17:00:00,7,4,10,17,0,130,1,RD 14,,,Plein jour,En agglomération,Hors intersection,Normale,Autre collision,,,,,,,,,,,1,2,1,1,6
200700020649,0007-04-17 17:30:00,7,4,17,17,30,130,1,R.N 7,,,Plein jour,Hors agglomération,Intersection en T,Normale,Deux véhicules - côté,,,,,,,,,,,1,1,3,1,3
200700020650,0007-04-17 21:46:00,7,4,17,21,46,130,1,"45, MALACRIDA HENRI (AV)",,,Nuit avec éclairage allumé,En agglomération,Hors intersection,Normale,Deux véhicules - côté,,,,,,,,,,,5,2,1,1,3
200700020651,0007-04-27 16:20:00,7,4,27,16,20,130,1,ROSE (CH DE LA),,,Plein jour,Hors agglomération,Hors intersection,Normale,Deux véhicules - frontale,,,,,,,,,,,1,1,1,1,1
200700020652,0007-04-27 16:21:00,7,4,27,16,21,130,1,"23, ANCIENNE ROUTE DES A",,,Plein jour,Hors agglomération,Hors intersection,Normale,Deux véhicules - arrière,,,,,,,,,,,1,1,1,1,2
200700020653,0007-04-03 18:30:00,7,4,3,18,30,130,4,R.N N570,,,Plein jour,Hors agglomération,Hors intersection,Normale,Deux véhicules - frontale,,,,,,,,,,,1,1,1,1,1
200700020654,0007-04-05 13:30:00,7,4,5,13,30,130,4,"29, HENRI SATRE RUE",,,Plein jour,En agglomération,Hors intersection,Normale,Autre collision,,,,,,,,,,,1,2,1,1,6
200700020655,0007-04-06 13:30:00,7,4,6,13,30,130,4,", Rue Raoul FOLLEREAU",,,Plein jour,En agglomération,Hors intersection,Normale,Sans collision,,,,,,,,,,,1,2,1,1,7
200700020656,0007-04-07 08:30:00,7,4,7,8,30,130,4,R.D.83 ROUTE D'EYGUIERES,,,Plein jour,Hors agglomération,Intersection en T,Brouillard / fumée,Autre collision,,,,,,,,,,,1,1,3,5,6
200700020657,0007-04-07 10:35:00,7,4,7,10,35,130,4,MARECHAL FOCH AVENUE DU,,,Plein jour,En agglomération,Intersection en T,Normale,Deux véhicules - côté,,,,,,,,,,,1,2,3,1,3
200700020658,0007-04-08 15:55:00,7,4,8,15,55,130,4,", RN 2570 BD EMILE COMBE",,,Plein jour,En agglomération,Intersection en X,Normale,Deux véhicules - côté,,,,,,,,,,,1,2,2,1,3
200700020659,0007-04-08 02:55:00,7,4,8,2,55,130,4,POMMERAT,,,Nuit avec éclairage allumé,En agglomération,Intersection en Y,Brouillard / fumée,Autre collision,,,,,,,,,,,5,2,4,5,6
200700020660,0007-04-11 20:50:00,7,4,11,20,50,130,4,GORODICHE,,,Nuit sans éclairage public,En agglomération,Hors intersection,Temps couvert,Autre collision,,,,,,,,,,,3,2,1,8,6
200700020661,0007-04-11 20:30:00,7,4,11,20,30,130,4,CLEMENCEAU BLD GEORGES,,,Nuit avec éclairage allumé,En agglomération,Hors intersection,Normale,Autre collision,,,,,,,,,,,5,2,1,1,6
200700020662,0007-04-12 17:50:00,7,4,12,17,50,130,4,"99, STALINGRAD AVENUE DE",,,Plein jour,En agglomération,Hors intersection,Pluie forte,Trois véhicules et plus - collisions multiples,,,,,,,,,,,1,2,1,3,5
200700020663,0007-04-13 12:10:00,7,4,13,12,10,130,4,BACHAGA SAID BOUALEM AVE,,,Plein jour,En agglomération,Hors intersection,Normale,Autre collision,,,,,,,,,,,1,2,1,1,6
200700020664,0007-04-16 08:15:00,7,4,16,8,15,130,4,EMILE COMBES BOULEVARD,,,Plein jour,En agglomération,Hors intersection,Normale,Autre collision,,,,,,,,,,,1,2,1,1,6
200700020665,0007-04-17 19:15:00,7,4,17,19,15,130,4,"60, CAMARGUE AVENUE DE L",,,Plein jour,En agglomération,Hors intersection,Normale,Sans collision,,,,,,,,,,,1,2,1,1,7
200700020666,0007-04-20 08:55:00,7,4,20,8,55,130,4,COSTE BASSE ROUTE DE,,,Plein jour,En agglomération,Intersection en Y,Normale,Deux véhicules - côté,,,,,,,,,,,1,2,4,1,3
200700020667,0007-04-20 13:35:00,7,4,20,13,35,130,4,", R.N.N.2570.AV STALINGR",,,Plein jour,En agglomération,Intersection en X,Normale,Autre collision,,,,,,,,,,,1,2,2,1,6
200700020668,0007-04-20 23:55:00,7,4,20,23,55,130,4,SEGONNAUX CHEMIN DES,,,Nuit avec éclairage allumé,Hors agglomération,Hors intersection,Normale,Trois véhicules et plus - collisions multiples,,,,,,,,,,,5,1,1,1,5
200700020669,0007-04-27 08:40:00,7,4,27,8,40,130,4,", FERDINAND DE LESSEPS R",,,Plein jour,En agglomération,Intersection en X,Normale,Deux véhicules - frontale,,,,,,,,,,,1,2,2,1,1
200700020670,0007-04-30 07:30:00,7,4,30,7,30,130,4,", BIGOT CHEMIN DE",,,Plein jour,En agglomération,Hors intersection,Normale,Autre collision,,,,,,,,,,,1,2,1,1,6
200700020671,0007-04-08 17:55:00,7,4,8,17,55,130,4,PRESIDENT SALVADOR ALLEN,,,Plein jour,En agglomération,Hors intersection,Normale,Deux véhicules - côté,,,,,,,,,,,1,2,1,1,3
200700020672,0007-04-07 23:50:00,7,4,7,23,50,130,5,RN 8,,,Nuit avec éclairage allumé,En agglomération,Autre intersection,Normale,Deux véhicules - frontale,,,,,,,,,,,5,2,9,1,1
200700020673,0007-04-15 10:30:00,7,4,15,10,30,130,5,CD 2 (CAMP MAJOR),,,Plein jour,En agglomération,Hors intersection,Normale,Deux véhicules - côté,,,,,,,,,,,1,2,1,1,3
200700020674,0007-04-05 13:55:00,7,4,5,13,55,130,28,CLEMENCEAU (BOULEVARD GE,,,Plein jour,En agglomération,Hors intersection,Normale,Autre collision,,,,,,,,,,,1,2,1,1,6
200700020675,0007-04-07 21:30:00,7,4,7,21,30,130,28,"1, SUBILIA (AVENUE ERNES",,,Nuit avec éclairage allumé,En agglomération,Autre intersection,Normale,Deux véhicules - côté,,,,,,,,,,,5,2,9,1,3
200700020676,0007-04-11 09:05:00,7,4,11,9,5,130,28,ROVARCH (AVENUE PIERRE),,,Plein jour,En agglomération,Giratoire,Normale,Deux véhicules - côté,,,,,,,,,,,1,2,6,1,3
200700020677,0007-04-21 15:10:00,7,4,21,15,10,130,28,"45, SUBILIA (AVENUE ERNE",,,Plein jour,En agglomération,Hors intersection,Normale,Autre collision,,,,,,,,,,,1,2,1,1,6
200700020678,0007-04-17 19:50:00,7,4,17,19,50,130,28,FONTSAINTE (AVENUE DE),,,Plein jour,En agglomération,Hors intersection,Normale,Trois véhicules et plus - en chaîne,,,,,,,,,,,1,2,1,1,4
200700020679,0007-04-09 16:45:00,7,4,9,16,45,130,63,"1, BARRIELES CHEMIN DES",,,Plein jour,Hors agglomération,Hors intersection,Normale,Sans collision,,,,,,,,,,,1,1,1,1,7
200700020680,0007-04-13 21:05:00,7,4,13,21,5,130,47,"1, CENTRE COMMERCIAL GEA",,,Nuit avec éclairage allumé,En agglomération,Autre intersection,Pluie légère,Autre collision,,,,,,,,,,,5,2,9,2,6
200700020681,0007-04-20 16:25:00,7,4,20,16,25,130,98,D.51,,,Plein jour,Hors agglomération,Hors intersection,Normale,Autre collision,,,,,,,,,,,1,1,1,1,6
200700020682,0007-04-30 09:15:00,7,4,30,9,15,130,47,"1, ANGE BERTOLLOTI AVENU",,,Plein jour,En agglomération,Intersection en T,Normale,Deux véhicules - côté,,,,,,,,,,,1,2,3,1,3
200700020683,0007-04-11 18:45:00,7,4,11,18,45,130,63,ALPHONSE LAMARTINE RUE,,,Plein jour,En agglomération,Intersection en X,Normale,Deux véhicules - côté,,,,,,,,,,,1,2,2,1,3
200700020684,0007-04-01 02:10:00,7,4,1,2,10,130,43,RN 368,,,Nuit sans éclairage public,Hors agglomération,Hors intersection,Normale,Deux véhicules - frontale,,,,,,,,,,,3,1,1,1,1
200700020685,0007-04-04 12:20:00,7,4,4,12,20,130,43,CURIE  RUE J.,,,Plein jour,En agglomération,Hors intersection,Normale,Deux véhicules - côté,,,,,,,,,,,1,2,1,1,3
200700020686,0007-04-04 15:45:00,7,4,4,15,45,130,54,", EUROPE  AVENUE DE L'",,,Plein jour,En agglomération,Hors intersection,Normale,Deux véhicules - arrière,,,,,,,,,,,1,2,1,1,2
200700020687,0007-04-06 19:20:00,7,4,6,19,20,130,54,OLIVIERS  ALLEE DES,,,Plein jour,En agglomération,Hors intersection,Normale,Trois véhicules et plus - collisions multiples,,,,,,,,,,,1,2,1,1,5
200700020688,0007-04-07 16:55:00,7,4,7,16,55,130,102,"931, RAUMARTIN  AVENUE D",,,Plein jour,En agglomération,Hors intersection,Normale,Deux véhicules - frontale,,,,,,,,,,,1,2,1,1,1
200700020689,0007-04-10 18:30:00,7,4,10,18,30,130,43,RN 368,,,Plein jour,En agglomération,Hors intersection,Normale,Deux véhicules - côté,,,,,,,,,,,1,2,1,1,3
200700020690,0007-04-12 08:30:00,7,4,12,8,30,130,54,DAURAT  RUE DIDIER,,,Plein jour,En agglomération,Hors intersection,Normale,Autre collision,,,,,,,,,,,1,2,1,1,6
200700020691,0007-04-13 17:25:00,7,4,13,17,25,130,102,CD20,,,Plein jour,Hors agglomération,Hors intersection,Pluie légère,Trois véhicules et plus - en chaîne,,,,,,,,,,,1,1,1,2,4
200700020692,0007-04-18 17:35:00,7,4,18,17,35,130,43,PALACH  AVENUE YANN,,,Plein jour,En agglomération,Intersection en T,Normale,Autre collision,,,,,,,,,,,1,2,3,1,6
200700020693,0007-04-19 14:30:00,7,4,19,14,30,130,102,ABBADIE  BLD,,,Plein jour,En agglomération,Giratoire,Normale,Deux véhicules - côté,,,,,,,,,,,1,2,6,1,3
200700020694,0007-04-20 13:40:00,7,4,20,13,40,130,43,POUSARAQUE  AVENUE DE LA,,,Plein jour,En agglomération,Hors intersection,Normale,Sans collision,,,,,,,,,,,1,2,1,1,7
200700020695,0007-04-22 12:30:00,7,4,22,12,30,130,43,MEDITERRANEE  AVENUE DE,,,Plein jour,Hors agglomération,Hors intersection,Normale,Deux véhicules - arrière,,,,,,,,,,,1,1,1,1,2
200700020696,0007-04-24 07:25:00,7,4,24,7,25,130,102,", RAPHEL  BLD PAUL",,,Plein jour,En agglomération,Hors intersection,Normale,Autre collision,,,,,,,,,,,1,2,1,1,6
200700020697,0007-04-24 14:55:00,7,4,24,14,55,130,43,PRES  AVENUE DES,,,Plein jour,En agglomération,Hors intersection,Normale,Autre collision,,,,,,,,,,,1,2,1,1,6
200700020698,0007-04-02 21:05:00,7,4,2,21,5,130,55,"00, LIBERATION (BOULEVAR",,,Nuit avec éclairage non allumé,En agglomération,Intersection en X,Normale,Deux véhicules - côté,,,,,,,,,,,4,2,2,1,3
200700020699,0007-04-03 06:50:00,7,4,3,6,50,130,55,"92, LIEUTAUD (COURS)",,,Plein jour,En agglomération,Hors intersection,Normale,Deux véhicules - arrière,,,,,,,,,,,1,2,1,1,2
200700020700,0007-04-01 18:15:00,7,4,1,18,15,130,55,"201, MICHELET (BOULEVARD",,,Plein jour,En agglomération,Hors intersection,Normale,Autre collision,,,,,,,,,,,1,2,1,1,6
200700020701,0007-04-01 15:15:00,7,4,1,15,15,130,55,"60, SAINT JEAN (RUE)",,,Plein jour,En agglomération,Hors intersection,Normale,Deux véhicules - côté,,,,,,,,,,,1,2,1,1,3
200700020702,0007-04-02 13:00:00,7,4,2,13,0,130,55,"312, CAPELETTE (AVENUE D",,,Plein jour,En agglomération,Hors intersection,Normale,Autre collision,,,,,,,,,,,1,2,1,1,6
200700020703,0007-04-02 19:30:00,7,4,2,19,30,130,55,"0, CAPELETTE (AVENUE DE",,,Plein jour,En agglomération,Hors intersection,Normale,Trois véhicules et plus - en chaîne,,,,,,,,,,,1,2,1,1,4
200700020704,0007-04-04 10:50:00,7,4,4,10,50,130,55,"110, SAINT LOUP (BOULEVA",,,Plein jour,En agglomération,Passage à niveau,Normale,Deux véhicules - frontale,,,,,,,,,,,1,2,8,1,1
200700020705,0007-04-04 12:30:00,7,4,4,12,30,130,55,"0, SAINT JEAN (CHEMIN)",,,Plein jour,Hors agglomération,Hors intersection,Normale,Autre collision,,,,,,,,,,,1,1,1,1,6
200700020706,0007-04-04 12:15:00,7,4,4,12,15,130,55,"40, SABLIERE (ROUTE DE L",,,Plein jour,En agglomération,Hors intersection,Normale,Deux véhicules - arrière,,,,,,,,,,,1,2,1,1,2
200700020707,0007-04-01 22:00:00,7,4,1,22,0,130,55,SAINT PIERRE (RUE),,,Nuit avec éclairage allumé,En agglomération,Hors intersection,Normale,Autre collision,,,,,,,,,,,5,2,1,1,6
200700020708,0007-04-02 12:30:00,7,4,2,12,30,130,55,", ALEXIS CARREL (RUE)",,,Plein jour,En agglomération,Hors intersection,Normale,Deux véhicules - côté,,,,,,,,,,,1,2,1,1,3
200700020709,0007-04-09 07:55:00,7,4,9,7,55,130,55,"90, RUFFI (RUE DE)",,,Plein jour,En agglomération,Hors intersection,Normale,Autre collision,,,,,,,,,,,1,2,1,1,6
200700020710,0007-04-09 09:30:00,7,4,9,9,30,130,55,JEAN PAUL SARTRE (AVENUE,,,Plein jour,En agglomération,Hors intersection,Normale,Deux véhicules - arrière,,,,,,,,,,,1,2,1,1,2
200700020711,0007-04-08 09:40:00,7,4,8,9,40,130,55,"216, L ARMEE D AFRIQUE (",,,Plein jour,En agglomération,Hors intersection,Normale,Autre collision,,,,,,,,,,,1,2,1,1,6
200700020712,0007-04-08 04:24:00,7,4,8,4,24,130,55,"263, PRADO (AVENUE)",,,Nuit avec éclairage allumé,En agglomération,Hors intersection,Normale,Deux véhicules - arrière,,,,,,,,,,,5,2,1,1,2
200700020713,0007-04-02 18:30:00,7,4,2,18,30,130,55,"110, SAINT LOUP (BOULEVA",,,Plein jour,En agglomération,Intersection en X,Pluie légère,Deux véhicules - côté,,,,,,,,,,,1,2,2,2,3
200700020714,0007-04-07 17:55:00,7,4,7,17,55,130,55,SAINT PAUL (AVENUE),,,Plein jour,En agglomération,Intersection en T,Normale,Sans collision,,,,,,,,,,,1,2,3,1,7
200700020715,0007-04-03 16:50:00,7,4,3,16,50,130,55,"118, OLIVES (AVENUE DES)",,,Plein jour,En agglomération,Hors intersection,Pluie légère,Autre collision,,,,,,,,,,,1,2,1,2,6
200700020716,0007-04-07 08:45:00,7,4,7,8,45,130,55,NICOLAS (AVENUE),,,Plein jour,En agglomération,Intersection en T,Normale,Deux véhicules - côté,,,,,,,,,,,1,2,3,1,3
200700020717,0007-04-04 17:20:00,7,4,4,17,20,130,55,"20, MONTRE (TRAVERSE DE",,,Plein jour,En agglomération,Hors intersection,Temps couvert,Deux véhicules - côté,,,,,,,,,,,1,2,1,8,3
200700020718,0007-04-07 06:45:00,7,4,7,6,45,130,55,COMMANDANT DE ROBIEN (RU,,,Crépuscule ou aube,En agglomération,Hors intersection,Normale,Sans collision,,,,,,,,,,,2,2,1,1,7
200700020719,0007-04-04 17:45:00,7,4,4,17,45,130,55,"86, JEAN LOMBARD (AVENUE",,,Plein jour,En agglomération,Hors intersection,Normale,Deux véhicules - côté,,,,,,,,,,,1,2,1,1,3
200700020720,0007-04-05 16:15:00,7,4,5,16,15,130,55,SAINT PIERRE (RUE),,,Plein jour,En agglomération,Hors intersection,Normale,Autre collision,,,,,,,,,,,1,2,1,1,6
200700020721,0007-04-07 19:15:00,7,4,7,19,15,130,55,CORDERIE (BOULEVARD DE L,,,Plein jour,En agglomération,Intersection en X,Normale,Deux véhicules - côté,,,,,,,,,,,1,2,2,1,3
200700020722,0007-04-06 23:50:00,7,4,6,23,50,130,55,ITALIE (RUE D'),,,Nuit avec éclairage allumé,Hors agglomération,Intersection en X,Normale,Deux véhicules - côté,,,,,,,,,,,5,1,2,1,3
200700020723,0007-04-03 13:55:00,7,4,3,13,55,130,55,"124, ROME (RUE DE)",,,Plein jour,En agglomération,Intersection en X,Normale,Deux véhicules - côté,,,,,,,,,,,1,2,2,1,3
200700020724,0007-04-09 01:45:00,7,4,9,1,45,130,55,"170, VALBARELLE (BOULEVA",,,Nuit avec éclairage allumé,En agglomération,Hors intersection,Normale,Autre collision,,,,,,,,,,,5,2,1,1,6
200700020725,0007-04-08 19:30:00,7,4,8,19,30,130,55,"487, JEAN QUEILLAU (RUE)",,,Plein jour,En agglomération,Hors intersection,Normale,Autre collision,,,,,,,,,,,1,2,1,1,6
200700020726,0007-04-11 13:30:00,7,4,11,13,30,130,55,"00, SAINTE MARGUERITE (B",,,Plein jour,En agglomération,Intersection en T,Normale,Autre collision,,,,,,,,,,,1,2,3,1,6
200700020727,0007-04-09 13:15:00,7,4,9,13,15,130,55,LIBERATEURS (BOULEVARD),,,Plein jour,En agglomération,Hors intersection,Normale,Deux véhicules - frontale,,,,,,,,,,,1,2,1,1,1
200700020728,0007-04-06 19:30:00,7,4,6,19,30,130,55,POMPIDOU (PROMENADE),,,Crépuscule ou aube,En agglomération,Hors intersection,Normale,Deux véhicules - côté,,,,,,,,,,,2,2,1,1,3
200700020729,0007-04-11 20:45:00,7,4,11,20,45,130,55,"1, VALENTINE (ROUTE DE L",,,Nuit avec éclairage allumé,En agglomération,Hors intersection,Pluie légère,Deux véhicules - côté,,,,,,,,,,,5,2,1,2,3
200700020730,0007-04-12 09:30:00,7,4,12,9,30,130,55,"375, SAINT ANTOINE (AVEN",,,Plein jour,En agglomération,Hors intersection,Normale,Deux véhicules - côté,,,,,,,,,,,1,2,1,1,3
200700020731,0007-04-05 17:45:00,7,4,5,17,45,130,55,"0, SAINTE MARTHE (AVENUE",,,Plein jour,En agglomération,Giratoire,Normale,Deux véhicules - côté,,,,,,,,,,,1,2,6,1,3
200700020732,0007-04-07 00:50:00,7,4,7,0,50,130,55,"38, GAVOTTE (RUE DE LA)",,,Nuit avec éclairage allumé,En agglomération,Hors intersection,Normale,Autre collision,,,,,,,,,,,5,2,1,1,6
200700020733,0007-04-03 07:30:00,7,4,3,7,30,130,55,"0, SAINT JOSEPH (CHEMIN",,,Plein jour,En agglomération,Hors intersection,Normale,Deux véhicules - côté,,,,,,,,,,,1,2,1,1,3
200700020734,0007-04-10 16:50:00,7,4,10,16,50,130,55,"92, BRETEUIL (RUE)",,,Plein jour,En agglomération,Hors intersection,Normale,Autre collision,,,,,,,,,,,1,2,1,1,6
200700020735,0007-04-07 10:30:00,7,4,7,10,30,130,55,FABRES (RUE DES),,,Plein jour,En agglomération,Hors intersection,Normale,Autre collision,,,,,,,,,,,1,2,1,1,6
200700020736,0007-04-06 08:50:00,7,4,6,8,50,130,55,JEAN MOULIN (BOULEVARD),,,Plein jour,En agglomération,Intersection en T,Normale,Deux véhicules - côté,,,,,,,,,,,1,2,3,1,3
200700020737,0007-04-14 16:00:00,7,4,14,16,0,130,55,"33, SAINT JEAN (AVENUE D",,,Plein jour,En agglomération,Hors intersection,Normale,Deux véhicules - frontale,,,,,,,,,,,1,2,1,1,1
200700020738,0007-04-15 01:00:00,7,4,15,1,0,130,55,"52, FRAIS VALLON (AVENUE",,,Nuit avec éclairage allumé,En agglomération,Hors intersection,Normale,Autre collision,,,,,,,,,,,5,2,1,1,6
200700020739,0007-04-16 09:10:00,7,4,16,9,10,130,55,"565, SAINT PIERRE (RUE)",,,Plein jour,En agglomération,Hors intersection,Normale,Deux véhicules - côté,,,,,,,,,,,1,2,1,1,3
200700020740,0007-04-11 07:30:00,7,4,11,7,30,130,55,SIMON BOLIVAR (BOULEVARD,,,Plein jour,En agglomération,Hors intersection,Normale,Deux véhicules - côté,,,,,,,,,,,1,2,1,1,3
200700020741,0007-04-13 16:00:00,7,4,13,16,0,130,55,"450, LYON (RUE DE)",,,Plein jour,En agglomération,Hors intersection,Pluie forte,Deux véhicules - frontale,,,,,,,,,,,1,2,1,3,1
200700020742,0007-04-11 07:00:00,7,4,11,7,0,130,55,"99, PERIER (BOULEVARD)",,,Plein jour,En agglomération,Intersection en Y,Normale,Deux véhicules - côté,,,,,,,,,,,1,2,4,1,3
200700020743,0007-04-11 11:10:00,7,4,11,11,10,130,55,"41, AMBROISE ROBERT (RUE",,,Plein jour,En agglomération,Hors intersection,Normale,Autre collision,,,,,,,,,,,1,2,1,1,6
200700020744,0007-04-02 21:40:00,7,4,2,21,40,130,55,"237BD, SAINT LOUP (BOULE",,,Nuit avec éclairage allumé,En agglomération,Hors intersection,Normale,Deux véhicules - côté,,,,,,,,,,,5,2,1,1,3
200700020745,0007-04-12 17:15:00,7,4,12,17,15,130,55,"5, MIREILLE LAUZE (BOULE",,,Plein jour,En agglomération,Hors intersection,Normale,Deux véhicules - côté,,,,,,,,,,,1,2,1,1,3
200700020746,0007-04-13 13:00:00,7,4,13,13,0,130,55,"74, VERDILLON (RUE)",,,Plein jour,En agglomération,Hors intersection,Pluie légère,Deux véhicules - côté,,,,,,,,,,,1,2,1,2,3
200700020747,0007-04-12 14:25:00,7,4,12,14,25,130,55,LOUIS MALOSSE (AVENUE),,,Plein jour,En agglomération,Intersection en T,Normale,Deux véhicules - côté,,,,,,,,,,,1,2,3,1,3
200700020748,0007-04-12 08:00:00,7,4,12,8,0,130,55,"42, RUISSEAU MI (RUE)",,,Plein jour,En agglomération,Hors intersection,Temps couvert,Deux véhicules - arrière,,,,,,,,,,,1,2,1,8,2
200700020749,0007-04-12 17:10:00,7,4,12,17,10,130,55,"211, ROMAIN ROLLAND (BOU",,,Plein jour,En agglomération,Hors intersection,Normale,Autre collision,,,,,,,,,,,1,2,1,1,6
200700020750,0007-04-07 10:15:00,7,4,7,10,15,130,55,"16, JEANNE D'ARC (BOULEV",,,Plein jour,En agglomération,Hors intersection,Normale,Autre collision,,,,,,,,,,,1,2,1,1,6
200700020751,0007-04-13 08:10:00,7,4,13,8,10,130,55,"143, MAURIAC (RUE)",,,Plein jour,En agglomération,Hors intersection,Temps couvert,Deux véhicules - côté,,,,,,,,,,,1,2,1,8,3
200700020752,0007-04-03 17:10:00,7,4,3,17,10,130,55,"64, MARÉCHAL DE LATTRE (",,,Plein jour,En agglomération,Hors intersection,Pluie légère,Deux véhicules - côté,,,,,,,,,,,1,2,1,2,3
200700020753,0007-04-16 10:15:00,7,4,16,10,15,130,55,"248, REDON (BOULEVARD DU",,,Plein jour,En agglomération,Hors intersection,Normale,Sans collision,,,,,,,,,,,1,2,1,1,7
200700020754,0007-04-03 14:45:00,7,4,3,14,45,130,55,JULES GUESDE (PLACE),,,Plein jour,En agglomération,Place,Normale,Deux véhicules - arrière,,,,,,,,,,,1,2,7,1,2
200700020755,0007-04-11 07:40:00,7,4,11,7,40,130,55,"147, FRANÇOISE DUPARC (B",,,Plein jour,En agglomération,Hors intersection,Normale,Sans collision,,,,,,,,,,,1,2,1,1,7
200700020756,0007-04-08 19:20:00,7,4,8,19,20,130,55,"59, TREILLE (ROUTE DE LA",,,Plein jour,En agglomération,Hors intersection,Normale,Autre collision,,,,,,,,,,,1,2,1,1,6
200700020757,0007-04-10 11:30:00,7,4,10,11,30,130,55,", BOURDET (MAURICE) (BOU",,,Plein jour,En agglomération,Hors intersection,Normale,Deux véhicules - côté,,,,,,,,,,,1,2,1,1,3
200700020758,0007-04-03 14:00:00,7,4,3,14,0,130,55,"05, BAILLE (BOULEVARD)",,,Plein jour,En agglomération,Hors intersection,Pluie légère,Sans collision,,,,,,,,,,,1,2,1,2,7
200700020759,0007-04-18 15:00:00,7,4,18,15,0,130,55,"26, MARÉCHAL JUIN (BOULE",,,Plein jour,En agglomération,Hors intersection,Normale,Trois véhicules et plus - en chaîne,,,,,,,,,,,1,2,1,1,4
200700020760,0007-04-07 19:00:00,7,4,7,19,0,130,55,"7, RIVE NEUVE (QUAI DE)",,,Plein jour,En agglomération,Hors intersection,Normale,Autre collision,,,,,,,,,,,1,2,1,1,6
200700020761,0007-04-14 06:15:00,7,4,14,6,15,130,55,JEAN MOULIN (BOULEVARD),,,Nuit avec éclairage allumé,En agglomération,Intersection en T,Pluie légère,Deux véhicules - arrière,,,,,,,,,,,5,2,3,2,2
200700020762,0007-04-13 07:30:00,7,4,13,7,30,130,55,SERENS (CHEMIN DES),,,Plein jour,En agglomération,Hors intersection,Normale,Deux véhicules - côté,,,,,,,,,,,1,2,1,1,3
200700020763,0007-04-05 18:55:00,7,4,5,18,55,130,55,"0, ARNAVAUX (AVENUE DES)",,,Plein jour,En agglomération,Intersection en T,Normale,Deux véhicules - côté,,,,,,,,,,,1,2,3,1,3
200700020764,0007-04-16 21:45:00,7,4,16,21,45,130,55,FÉLIX PYAT (RUE),,,Nuit avec éclairage allumé,En agglomération,Hors intersection,Pluie légère,Autre collision,,,,,,,,,,,5,2,1,2,6
200700020765,0007-04-18 08:15:00,7,4,18,8,15,130,55,"5, GRANIERE (RUE DE LA)",,,Plein jour,En agglomération,Hors intersection,Normale,Deux véhicules - frontale,,,,,,,,,,,1,2,1,1,1
200700020766,0007-04-05 08:40:00,7,4,5,8,40,130,55,"117, BAILLE (BOULEVARD)",,,Plein jour,En agglomération,Hors intersection,Normale,Deux véhicules - côté,,,,,,,,,,,1,2,1,1,3
200700020767,0007-04-18 21:50:00,7,4,18,21,50,130,55,SCHLOESING (BOULEVARD),,,Nuit avec éclairage allumé,En agglomération,Intersection en T,Normale,Deux véhicules - côté,,,,,,,,,,,5,2,3,1,3
200700020768,0007-04-16 18:20:00,7,4,16,18,20,130,55,"98, SAINT MARCEL (BOULEV",,,Plein jour,En agglomération,Hors intersection,Normale,Deux véhicules - côté,,,,,,,,,,,1,2,1,1,3
200700020769,0007-04-10 17:30:00,7,4,10,17,30,130,55,"35, SAINT MARCEL (BOULEV",,,Plein jour,En agglomération,Hors intersection,Normale,Deux véhicules - arrière,,,,,,,,,,,1,2,1,1,2
200700020770,0007-04-05 18:30:00,7,4,5,18,30,130,55,BOISERAIE (RUE),,,Plein jour,En agglomération,Hors intersection,Normale,Deux véhicules - côté,,,,,,,,,,,1,2,1,1,3
200700020771,0007-04-23 08:20:00,7,4,23,8,20,130,55,PRADO (ROND-POINT),,,Plein jour,En agglomération,Autre intersection,Normale,Deux véhicules - côté,,,,,,,,,,,1,2,9,1,3
200700020772,0007-04-21 02:00:00,7,4,21,2,0,130,55,"0, PARADIS (RUE)       1",,,Nuit avec éclairage allumé,En agglomération,Hors intersection,Normale,Autre collision,,,,,,,,,,,5,2,1,1,6
200700020773,0007-04-22 06:10:00,7,4,22,6,10,130,55,"387, PRADO (AVENUE)",,,Crépuscule ou aube,En agglomération,Hors intersection,Normale,Sans collision,,,,,,,,,,,2,2,1,1,7