accident_id,datetime,annee,mois,jour,heure,minute,departement,commune_insee,adresse,latitude,longitude,luminosite,agglomeration,intersection,meteo,collision,nb_vehicules,nb_usagers,nb_indemnes,nb_tues,nb_blesses_hosp,nb_blesses_legers,age_cond_1,age_cond_2,veh_type_cond_1,veh_type_cond_2,lum_code,agg_code,int_code,atm_code,col_code
200700020908,0007-04-24 13:20:00,7,4,24,13,20,130,55,NEIGES (BOULEVARD),,,Plein jour,En agglomération,Intersection en T,Normale,Autre collision,,,,,,,,,,,1,2,3,1,6
200700020909,0007-04-12 18:30:00,7,4,12,18,30,130,55,MAZARGUES (AVENUE DE),,,Plein jour,En agglomération,Hors intersection,Normale,Autre collision,,,,,,,,,,,1,2,1,1,6
200700020910,0007-04-28 11:00:00,7,4,28,11,0,130,55,"58, ELECTRICIEN (RUE DES",,,Plein jour,En agglomération,Intersection en X,Normale,Deux véhicules - côté,,,,,,,,,,,1,2,2,1,3
200700020911,0007-04-29 21:45:00,7,4,29,21,45,130,55,"242, SAINT LOUP (BOULEVA",,,Nuit avec éclairage allumé,En agglomération,Hors intersection,Normale,Deux véhicules - côté,,,,,,,,,,,5,2,1,1,3
200700020912,0007-04-09 13:00:00,7,4,9,13,0,130,55,"132, MARÉCHAL DE LATTRE",,,Plein jour,En agglomération,Hors intersection,Normale,Trois véhicules et plus - en chaîne,,,,,,,,,,,1,2,1,1,4
200700020913,0007-04-28 14:40:00,7,4,28,14,40,130,55,"173, KADDOUZ (CHEMIN)",,,Plein jour,En agglomération,Hors intersection,Normale,Trois véhicules et plus - collisions multiples,,,,,,,,,,,1,2,1,1,5
200700020914,0007-04-30 16:01:00,7,4,30,16,1,130,55,BAILLE (BOULEVARD),,,Plein jour,En agglomération,Intersection en X,Normale,Deux véhicules - côté,,,,,,,,,,,1,2,2,1,3
200700020915,0007-04-16 15:15:00,7,4,16,15,15,130,55,"45, MONTE CRISTO (RUE)",,,Plein jour,En agglomération,Hors intersection,Normale,Autre collision,,,,,,,,,,,1,2,1,1,6
200700020916,0007-04-28 11:15:00,7,4,28,11,15,130,55,"17, SAINT BARNABE (AVENU",,,Plein jour,En agglomération,Hors intersection,Normale,Deux véhicules - arrière,,,,,,,,,,,1,2,1,1,2
200700020917,0007-04-23 21:45:00,7,4,23,21,45,130,55,SALVADOR ALLENDE (RUE),,,Nuit avec éclairage non allumé,En agglomération,Giratoire,Normale,Deux véhicules - arrière,,,,,,,,,,,4,2,6,1,2
200700020918,0007-04-30 19:00:00,7,4,30,19,0,130,55,"58, SAINT LOUP (BOULEVAR",,,Plein jour,En agglomération,Hors intersection,Normale,Trois véhicules et plus - collisions multiples,,,,,,,,,,,1,2,1,1,5
200700020919,0007-04-06 08:30:00,7,4,6,8,30,130,55,"1, LIEUTENANT ALBERT DUR",,,Plein jour,En agglomération,Hors intersection,Normale,Deux véhicules - arrière,,,,,,,,,,,1,2,1,1,2
200700020920,0007-04-03 05:10:00,7,4,3,5,10,130,55,"78, SAKAKINI (BOULEVARD)",,,Crépuscule ou aube,En agglomération,Hors intersection,Normale,Autre collision,,,,,,,,,,,2,2,1,1,6
200700020921,0007-04-04 19:30:00,7,4,4,19,30,130,55,"2, SCARAMELLI (RUE)",,,Plein jour,En agglomération,Intersection en Y,Normale,Deux véhicules - côté,,,,,,,,,,,1,2,4,1,3
200700020922,0007-04-25 06:10:00,7,4,25,6,10,130,55,"79-81, SAKAKINI (BOULEVA",,,Crépuscule ou aube,En agglomération,Hors intersection,Normale,Deux véhicules - arrière,,,,,,,,,,,2,2,1,1,2
200700020923,0007-04-20 17:15:00,7,4,20,17,15,130,55,"370, PRADO (AVENUE)",,,Plein jour,En agglomération,Hors intersection,Normale,Autre collision,,,,,,,,,,,1,2,1,1,6
200700020924,0007-04-24 16:30:00,7,4,24,16,30,130,55,ANDRE ZENATTI (AVENUE),,,Plein jour,En agglomération,Intersection en X,Normale,Deux véhicules - côté,,,,,,,,,,,1,2,2,1,3
200700020925,0007-04-26 19:30:00,7,4,26,19,30,130,55,LÉON GAMBETTA (ALLEE),,,Crépuscule ou aube,En agglomération,Intersection en X,Normale,Deux véhicules - côté,,,,,,,,,,,2,2,2,1,3
200700020926,0007-04-20 13:35:00,7,4,20,13,35,130,55,"5, FRANCOISE DUPARC (BOU",,,Plein jour,En agglomération,Hors intersection,Normale,Trois véhicules et plus - en chaîne,,,,,,,,,,,1,2,1,1,4
200700020927,0007-04-27 22:10:00,7,4,27,22,10,130,55,HOTEL DES POSTES (PLACE,,,Nuit avec éclairage non allumé,En agglomération,Intersection en X,Normale,Deux véhicules - côté,,,,,,,,,,,4,2,2,1,3
200700020928,0007-04-28 08:45:00,7,4,28,8,45,130,55,CATALANS (RUE DES),,,Plein jour,En agglomération,Intersection en T,Normale,Deux véhicules - arrière,,,,,,,,,,,1,2,3,1,2
200700020929,0007-04-25 08:51:00,7,4,25,8,51,130,55,"236, ROGER SALENGRO (AVE",,,Plein jour,En agglomération,Hors intersection,Normale,Deux véhicules - côté,,,,,,,,,,,1,2,1,1,3
200700020930,0007-04-28 15:50:00,7,4,28,15,50,130,55,"303, MONTOLIVET (AVENUE",,,Plein jour,En agglomération,Hors intersection,Normale,Deux véhicules - arrière,,,,,,,,,,,1,2,1,1,2
200700020931,0007-04-25 14:55:00,7,4,25,14,55,130,55,"34, CAPITAINE GEZE (BOUL",,,Plein jour,En agglomération,Hors intersection,Normale,Trois véhicules et plus - collisions multiples,,,,,,,,,,,1,2,1,1,5
200700020932,0007-04-18 21:00:00,7,4,18,21,0,130,55,OLIVES (AVENUE DES),,,Nuit avec éclairage allumé,En agglomération,Intersection en T,Normale,Autre collision,,,,,,,,,,,5,2,3,1,6
200700020933,0007-04-10 12:00:00,7,4,10,12,0,130,2,7EME TIRAILLEURS ALGERIE,,,Plein jour,En agglomération,Hors intersection,Normale,Trois véhicules et plus - en chaîne,,,,,,,,,,,1,2,1,1,4
200700020934,0007-04-20 06:45:00,7,4,20,6,45,130,55,"0, WILLIAM BOOTH (AVENUE",,,Crépuscule ou aube,En agglomération,Intersection en Y,Normale,Deux véhicules - côté,,,,,,,,,,,2,2,4,1,3
200700020935,0007-04-13 13:31:00,7,4,13,13,31,130,55,"110, VALENTINE (ROUTE DE",,,Plein jour,En agglomération,Hors intersection,Pluie légère,Deux véhicules - côté,,,,,,,,,,,1,2,1,2,3
200700020936,0007-04-24 18:30:00,7,4,24,18,30,130,55,FERRARI (RUE),,,Plein jour,En agglomération,Intersection en X,Normale,Deux véhicules - côté,,,,,,,,,,,1,2,2,1,3
200700020937,0007-04-02 10:50:00,7,4,2,10,50,130,55,"00, MONTREDON (AVENUE DE",,,Plein jour,En agglomération,Intersection en T,Normale,Sans collision,,,,,,,,,,,1,2,3,1,7
200700020938,0007-04-26 22:00:00,7,4,26,22,0,130,55,SAINT ANTOINE (CHEMIN DE,,,Nuit avec éclairage allumé,En agglomération,Hors intersection,Normale,Sans collision,,,,,,,,,,,5,2,1,1,7
200700020939,0007-04-17 16:00:00,7,4,17,16,0,130,55,NATIONAL (BOULEVARD),,,Plein jour,En agglomération,Intersection en T,Normale,Deux véhicules - côté,,,,,,,,,,,1,2,3,1,3
200700020940,0007-04-26 11:20:00,7,4,26,11,20,130,55,GARDIANS (RUE),,,Plein jour,En agglomération,Hors intersection,Normale,Autre collision,,,,,,,,,,,1,2,1,1,6
200700020941,0007-04-26 10:30:00,7,4,26,10,30,130,55,ALBIN MEYLAN (RUE),,,Plein jour,En agglomération,Intersection en T,Normale,Deux véhicules - arrière,,,,,,,,,,,1,2,3,1,2
200700020942,0007-04-28 00:30:00,7,4,28,0,30,130,55,LODI (RUE DE),,,Nuit avec éclairage non allumé,En agglomération,Intersection en Y,Normale,Deux véhicules - frontale,,,,,,,,,,,4,2,4,1,1
200700020943,0007-04-27 08:00:00,7,4,27,8,0,130,55,", MERLAN (AVENUE DU)",,,Plein jour,En agglomération,Giratoire,Normale,Deux véhicules - arrière,,,,,,,,,,,1,2,6,1,2
200700020944,0007-04-19 10:20:00,7,4,19,10,20,130,55,ROMAIN ROLLAND (BOULEVAR,,,Plein jour,Hors agglomération,Hors intersection,Normale,Autre collision,,,,,,,,,,,1,1,1,1,6
200700020945,0007-04-07 12:30:00,7,4,7,12,30,130,55,"28, ALPHONSE DAUDET (RUE",,,Plein jour,En agglomération,Hors intersection,Normale,Autre collision,,,,,,,,,,,1,2,1,1,6
200700020946,0007-04-06 09:45:00,7,4,6,9,45,130,55,SALVADOR ALLENDE (RUE),,,Plein jour,En agglomération,Giratoire,Normale,Deux véhicules - arrière,,,,,,,,,,,1,2,6,1,2
200700020947,0007-04-28 18:45:00,7,4,28,18,45,130,55,SAINT JOSEPH (CHEMIN DE),,,Plein jour,En agglomération,Intersection en T,Normale,Deux véhicules - côté,,,,,,,,,,,1,2,3,1,3
200700020948,0007-04-18 06:10:00,7,4,18,6,10,130,55,HAMBOURG (BOULEVARD),,,Crépuscule ou aube,En agglomération,Hors intersection,Normale,Deux véhicules - arrière,,,,,,,,,,,2,2,1,1,2
200700020949,0007-04-25 09:55:00,7,4,25,9,55,130,55,SCHLOESING (BOULEVARD),,,Plein jour,En agglomération,Hors intersection,Normale,Deux véhicules - arrière,,,,,,,,,,,1,2,1,1,2
200700020950,0007-04-27 18:15:00,7,4,27,18,15,130,55,SIGNORET (TRAVERSE),,,Plein jour,En agglomération,Hors intersection,Normale,Deux véhicules - frontale,,,,,,,,,,,1,2,1,1,1
200700020951,0007-04-29 12:45:00,7,4,29,12,45,130,55,"73, CANEBIERE     1 A 79",,,Plein jour,En agglomération,Hors intersection,Normale,Deux véhicules - frontale,,,,,,,,,,,1,2,1,1,1
200700020952,0007-04-25 18:10:00,7,4,25,18,10,130,55,"158, AYGALADES (AVENUE D",,,Plein jour,En agglomération,Hors intersection,Normale,Autre collision,,,,,,,,,,,1,2,1,1,6
200700020953,0007-04-01 21:20:00,7,4,1,21,20,130,56,ROUTE DE SAINT PIERRE,,,Nuit avec éclairage allumé,En agglomération,Hors intersection,Normale,Autre collision,,,,,,,,,,,5,2,1,1,6
200700020954,0007-04-01 01:20:00,7,4,1,1,20,130,39,ROUTE NATIONALE 568,,,Nuit sans éclairage public,Hors agglomération,Hors intersection,Normale,Sans collision,,,,,,,,,,,3,1,1,1,7
200700020955,0007-04-04 14:20:00,7,4,4,14,20,130,56,PONTEAU ROUTE DE,,,Plein jour,Hors agglomération,Hors intersection,Normale,Deux véhicules - frontale,,,,,,,,,,,1,1,1,1,1
200700020956,0007-04-04 11:30:00,7,4,4,11,30,130,39,RN 568,,,Plein jour,Hors agglomération,Hors intersection,Normale,Deux véhicules - arrière,,,,,,,,,,,1,1,1,1,2
200700020957,0007-04-09 22:15:00,7,4,9,22,15,130,56,CACHIN BOULEVARD MARCEL,,,Nuit avec éclairage allumé,En agglomération,Intersection en X,Normale,Deux véhicules - côté,,,,,,,,,,,5,2,2,1,3
200700020958,0007-04-09 17:55:00,7,4,9,17,55,130,77,THOREZ MAURICE (avenue),,,Plein jour,En agglomération,Hors intersection,Normale,Deux véhicules - arrière,,,,,,,,,,,1,2,1,1,2
200700020959,0007-04-07 05:00:00,7,4,7,5,0,130,39,GUIGONNET (rond-point du,,,Nuit avec éclairage allumé,Hors agglomération,Giratoire,Brouillard / fumée,Deux véhicules - arrière,,,,,,,,,,,5,1,6,5,2
200700020960,0007-04-16 14:30:00,7,4,16,14,30,130,56,ROUTE DE SAINT PIERRE,,,Plein jour,Hors agglomération,Hors intersection,Normale,Deux véhicules - côté,,,,,,,,,,,1,1,1,1,3
200700020961,0007-04-17 11:05:00,7,4,17,11,5,130,77,THOREZ MAURICE (avenue),,,Plein jour,En agglomération,Hors intersection,Normale,Autre collision,,,,,,,,,,,1,2,1,1,6
200700020962,0007-04-17 21:40:00,7,4,17,21,40,130,56,ISTRES ROUTE D',,,Nuit sans éclairage public,Hors agglomération,Hors intersection,Normale,Sans collision,,,,,,,,,,,3,1,1,1,7
200700020963,0007-04-03 12:20:00,7,4,3,12,20,130,77,THOREZ MAURICE (avenue),,,Plein jour,En agglomération,Hors intersection,Normale,Trois véhicules et plus - collisions multiples,,,,,,,,,,,1,2,1,1,5
200700020964,0007-04-02 12:15:00,7,4,2,12,15,130,77,GROUPE MANOUCHIAN (avenu,,,Plein jour,En agglomération,Hors intersection,Normale,Deux véhicules - côté,,,,,,,,,,,1,2,1,1,3
200700020965,0007-04-23 12:00:00,7,4,23,12,0,130,56,TURCAN FRANCIS,,,Plein jour,En agglomération,Hors intersection,Normale,Sans collision,,,,,,,,,,,1,2,1,1,7
200700020966,0007-04-26 18:05:00,7,4,26,18,5,130,56,"9, FOUQUE AVENUE RENE",,,Plein jour,En agglomération,Hors intersection,Normale,Sans collision,,,,,,,,,,,1,2,1,1,7
200700020967,0007-04-25 18:00:00,7,4,25,18,0,130,77,PAPIN DENIS (rue),,,Plein jour,En agglomération,Hors intersection,Normale,Deux véhicules - frontale,,,,,,,,,,,1,2,1,1,1
200700020968,0007-04-24 16:05:00,7,4,24,16,5,130,78,MAT DE RICCA (CARREFOUR,,,Plein jour,Hors agglomération,Intersection en T,Normale,Deux véhicules - arrière,,,,,,,,,,,1,1,3,1,2
200700020969,0007-04-13 14:45:00,7,4,13,14,45,130,103,RN 113,,,Plein jour,Hors agglomération,Autre intersection,Pluie légère,Deux véhicules - côté,,,,,,,,,,,1,1,9,2,3
200700020970,0007-04-25 15:40:00,7,4,25,15,40,130,103,"455, AVENUE DU 22 AOUT 1",,,Plein jour,En agglomération,Hors intersection,Normale,Trois véhicules et plus - en chaîne,,,,,,,,,,,1,2,1,1,4
200700020971,0007-04-09 03:15:00,7,4,9,3,15,130,108,RD 570 ROUTE D'AVIGNON,,,Nuit sans éclairage public,Hors agglomération,Hors intersection,Normale,Sans collision,,,,,,,,,,,3,1,1,1,7
200700020972,0007-04-21 09:30:00,7,4,21,9,30,130,108,RD 32,,,Plein jour,Hors agglomération,Giratoire,Normale,Autre collision,,,,,,,,,,,1,1,6,1,6
200700020973,0007-04-02 14:15:00,7,4,2,14,15,130,117,INDOCHINE( ROND POINT),,,Plein jour,En agglomération,Hors intersection,Normale,Deux véhicules - arrière,,,,,,,,,,,1,2,1,1,2
200700020974,0007-04-04 14:55:00,7,4,4,14,55,130,117,CARREFOUR (PARKING CENTR,,,Plein jour,En agglomération,Autre intersection,Normale,Autre collision,,,,,,,,,,,1,2,9,1,6
200700020975,0007-04-07 06:00:00,7,4,7,6,0,130,71,ROUTE NATIONALE 368 (PLA,,,Nuit sans éclairage public,Hors agglomération,Intersection en T,Normale,Deux véhicules - côté,,,,,,,,,,,3,1,3,1,3
200700020976,0007-04-07 00:10:00,7,4,7,0,10,130,117,HUIT MAI 1945 (AVENUE),,,Nuit avec éclairage allumé,En agglomération,Intersection en Y,Normale,Sans collision,,,,,,,,,,,5,2,4,1,7
200700020977,0007-04-06 18:30:00,7,4,6,18,30,130,117,ROUTE NATIONALE 113 - LA,,,Plein jour,Hors agglomération,Intersection en T,Normale,Deux véhicules - côté,,,,,,,,,,,1,1,3,1,3
200700020978,0007-04-07 18:00:00,7,4,7,18,0,130,117,ROUTE NATIONALE 113 - LA,,,Plein jour,Hors agglomération,Intersection en T,Normale,Deux véhicules - côté,,,,,,,,,,,1,1,3,1,3
200700020979,0007-04-08 21:05:00,7,4,8,21,5,130,117,EUROCOPTER CD 20,,,Nuit avec éclairage allumé,En agglomération,Hors intersection,Normale,Autre collision,,,,,,,,,,,5,2,1,1,6
200700020980,0007-04-10 18:00:00,7,4,10,18,0,130,71,MITTERRAND (AVENUE FRANC,,,Plein jour,En agglomération,Intersection en T,Normale,Deux véhicules - côté,,,,,,,,,,,1,2,3,1,3
200700020981,0007-04-14 02:35:00,7,4,14,2,35,130,117,CUGNOT ( AVENUE JOSEPH ),,,Nuit avec éclairage allumé,En agglomération,Autre intersection,Pluie légère,Deux véhicules - côté,,,,,,,,,,,5,2,9,2,3
200700020982,0007-04-17 15:55:00,7,4,17,15,55,130,117,"XXXX, ASSEDIC (DENIS PAD",,,Plein jour,En agglomération,Intersection en T,Normale,Deux véhicules - côté,,,,,,,,,,,1,2,3,1,3
200700020983,0007-04-20 11:35:00,7,4,20,11,35,130,117,BRUXELLES (RUE DE),,,Plein jour,Hors agglomération,Hors intersection,Normale,Deux véhicules - frontale,,,,,,,,,,,1,1,1,1,1
200700020984,0007-04-21 10:35:00,7,4,21,10,35,130,117,GELU  ( AVENUE VICTOR ),,,Plein jour,En agglomération,Hors intersection,Normale,Deux véhicules - côté,,,,,,,,,,,1,2,1,1,3
200700020985,0007-04-22 06:15:00,7,4,22,6,15,130,71,ROUTE NATIONALE 113 - RE,,,Crépuscule ou aube,En agglomération,Hors intersection,Normale,Autre collision,,,,,,,,,,,2,2,1,1,6
200700020986,0007-04-23 11:10:00,7,4,23,11,10,130,117,CORNICHE (MONTEE DE LA),,,Plein jour,Hors agglomération,Hors intersection,Normale,Autre collision,,,,,,,,,,,1,1,1,1,6
200700020987,0007-04-27 17:15:00,7,4,27,17,15,130,71,ROUTE NATIONALE 113 - RE,,,Plein jour,En agglomération,Hors intersection,Normale,Trois véhicules et plus - en chaîne,,,,,,,,,,,1,2,1,1,4
200700020988,0007-04-28 12:30:00,7,4,28,12,30,130,117,DROITS DE L'HOMME (AVENU,,,Plein jour,Hors agglomération,Hors intersection,Normale,Autre collision,,,,,,,,,,,1,1,1,1,6
200700020989,0007-04-28 15:10:00,7,4,28,15,10,130,71,CHEMIN DEPARTEMENTAL 6 (,,,Plein jour,Hors agglomération,Hors intersection,Normale,Trois véhicules et plus - en chaîne,,,,,,,,,,,1,1,1,1,4
200700020990,0007-04-02 11:25:00,7,4,2,11,25,140,118,ROUTE NATIONALE 814,,,Plein jour,Hors agglomération,Hors intersection,Normale,Deux véhicules - arrière,,,,,,,,,,,1,1,1,1,2
200700020991,0007-04-07 00:30:00,7,4,7,0,30,140,341,"0, CAEN (RUE DE)",,,Nuit avec éclairage allumé,En agglomération,Intersection en X,Normale,Deux véhicules - côté,,,,,,,,,,,5,2,2,1,3
200700020992,0007-04-10 12:10:00,7,4,10,12,10,140,118,"212, CAPONIERE (RUE >= 1",,,Plein jour,En agglomération,Hors intersection,Normale,Deux véhicules - arrière,,,,,,,,,,,1,2,1,1,2
200700020993,0007-04-13 19:55:00,7,4,13,19,55,140,118,ROCHELLE (RUE DE LA),,,Plein jour,En agglomération,Intersection en X,Normale,Deux véhicules - côté,,,,,,,,,,,1,2,2,1,3
200700020994,0007-04-13 21:45:00,7,4,13,21,45,140,118,"0, CHERON (AVENUE HENRI)",,,Nuit avec éclairage allumé,En agglomération,Intersection en X,Normale,Deux véhicules - côté,,,,,,,,,,,5,2,2,1,3
200700020995,0007-04-21 10:45:00,7,4,21,10,45,140,118,"55, MOULIN (RUE DU GENER",,,Plein jour,En agglomération,Hors intersection,Normale,Autre collision,,,,,,,,,,,1,2,1,1,6
200700020996,0007-04-25 06:15:00,7,4,25,6,15,140,118,"0, BALADAS (BOULEVARD DE",,,Crépuscule ou aube,En agglomération,Intersection en X,Normale,Deux véhicules - côté,,,,,,,,,,,2,2,2,1,3
200700020997,0007-04-23 16:20:00,7,4,23,16,20,140,117,RD 400 A,,,Plein jour,En agglomération,Hors intersection,Normale,Sans collision,,,,,,,,,,,1,2,1,1,7
200700020998,0007-04-21 05:40:00,7,4,21,5,40,140,304,PRETREVILLE (QUARTIER DE,,,Crépuscule ou aube,Hors agglomération,Intersection en X,Normale,Deux véhicules - côté,,,,,,,,,,,2,1,2,1,3
200700020999,0007-04-07 20:00:00,7,4,7,20,0,140,366,"35, ALENCON (RUE D')",,,Plein jour,En agglomération,Hors intersection,Normale,Autre collision,,,,,,,,,,,1,2,1,1,6
200700021000,0007-04-20 18:40:00,7,4,20,18,40,140,574,"29, SAINT CLAIR",,,Plein jour,En agglomération,Hors intersection,Normale,Autre collision,,,,,,,,,,,1,2,1,1,6
200700021001,0007-04-19 17:10:00,7,4,19,17,10,140,220,"72 D, DESIRE LE HOC (RUE",,,Plein jour,En agglomération,Hors intersection,Normale,Autre collision,,,,,,,,,,,1,2,1,1,6
200700021002,0007-04-05 20:05:00,7,4,5,20,5,160,15,"67, BESSON BEY (BOULEVAR",,,Plein jour,En agglomération,Hors intersection,Normale,Autre collision,,,,,,,,,,,1,2,1,1,6
200700021003,0007-04-15 19:50:00,7,4,15,19,50,160,113,"0, NERSAC RD 41 (ROUTE D",,,Plein jour,Hors agglomération,Hors intersection,Normale,Sans collision,,,,,,,,,,,1,1,1,1,7
200700021004,0007-04-16 20:30:00,7,4,16,20,30,160,291,", FOCH (AVENUE DU MARECH",,,Plein jour,En agglomération,Intersection en X,Normale,Deux véhicules - côté,,,,,,,,,,,1,2,2,1,3
200700021005,0007-04-14 14:10:00,7,4,14,14,10,160,15,SAINT MICHEL A ANGOULEME,,,Plein jour,En agglomération,Intersection en T,Normale,Deux véhicules - côté,,,,,,,,,,,1,2,3,1,3
200700021006,0007-04-18 06:55:00,7,4,18,6,55,160,154,"457, VARS (ROUTE DE)",,,Crépuscule ou aube,En agglomération,Hors intersection,Brouillard / fumée,Autre collision,,,,,,,,,,,2,2,1,5,6
200700021007,0007-04-18 16:15:00,7,4,18,16,15,160,15,"413, BORDEAUX (ROUTE DE",,,Plein jour,En agglomération,Hors intersection,Normale,Deux véhicules - côté,,,,,,,,,,,1,2,1,1,3
200700021008,0007-04-19 18:00:00,7,4,19,18,0,160,15,LEHMANN (AVENUE),,,Plein jour,En agglomération,Intersection en X,Normale,Deux véhicules - côté,,,,,,,,,,,1,2,2,1,3
200700021009,0007-04-24 16:35:00,7,4,24,16,35,160,291,BREBONZAT (RUE DE),,,Plein jour,En agglomération,Hors intersection,Normale,Deux véhicules - frontale,,,,,,,,,,,1,2,1,1,1
200700021010,0007-04-10 16:00:00,7,4,10,16,0,160,15,"1, LECLERC (AVENUE DU GE",,,Plein jour,En agglomération,Hors intersection,Normale,Autre collision,,,,,,,,,,,1,2,1,1,6
200700021011,0007-04-14 08:15:00,7,4,14,8,15,160,15,JEAN XXIII (BOULEVARD),,,Plein jour,En agglomération,Giratoire,Normale,Autre collision,,,,,,,,,,,1,2,6,1,6
200700021012,0007-04-25 16:25:00,7,4,25,16,25,160,89,RN 141,,,Plein jour,Hors agglomération,Hors intersection,Normale,Sans collision,,,,,,,,,,,1,1,1,1,7
200700021013,0007-04-28 17:30:00,7,4,28,17,30,160,102,"1, BELLEFOND (RUE DE)",,,Plein jour,En agglomération,Intersection en X,Normale,Autre collision,,,,,,,,,,,1,2,2,1,6
200700021014,0007-04-03 10:30:00,7,4,3,10,30,160,102,"179, HUGO (AVENUE VICTOR",,,Plein jour,En agglomération,Hors intersection,Normale,Sans collision,,,,,,,,,,,1,2,1,1,7
200700021015,0007-04-06 16:50:00,7,4,6,16,50,170,299,"172990076, CASSE AUX PRE",,,Plein jour,En agglomération,Hors intersection,Normale,Sans collision,,,,,,,,,,,1,2,1,1,7
200700021016,0007-04-06 21:40:00,7,4,6,21,40,170,299,"172990161, FULLER AVENUE",,,Nuit avec éclairage allumé,En agglomération,Hors intersection,Normale,Sans collision,,,,,,,,,,,5,2,1,1,7
200700021017,0007-04-08 15:50:00,7,4,8,15,50,170,299,"172990223, LIBERATION AV",,,Plein jour,En agglomération,Hors intersection,Normale,Sans collision,,,,,,,,,,,1,2,1,1,7
200700021018,0007-04-13 14:50:00,7,4,13,14,50,170,299,"172990192, HUGO RUE VICT",,,Plein jour,En agglomération,Intersection en X,Normale,Sans collision,,,,,,,,,,,1,2,2,1,7
200700021019,0007-04-18 13:30:00,7,4,18,13,30,170,299,"172990080, C.D. 733",,,Plein jour,Hors agglomération,Hors intersection,Normale,Sans collision,,,,,,,,,,,1,1,1,1,7
200700021020,0007-04-18 14:15:00,7,4,18,14,15,170,449,"174490005, AUNIS AVENUE",,,Plein jour,En agglomération,Hors intersection,Normale,Autre collision,,,,,,,,,,,1,2,1,1,6
200700021021,0007-04-18 21:25:00,7,4,18,21,25,170,299,"172990233, MAHER RUE CHA",,,Crépuscule ou aube,En agglomération,Hors intersection,Normale,Sans collision,,,,,,,,,,,2,2,1,1,7
200700021022,0007-04-19 11:19:00,7,4,19,11,19,170,299,"172990065, BRIAND BOULEV",,,Plein jour,En agglomération,Giratoire,Normale,Deux véhicules - côté,,,,,,,,,,,1,2,6,1,3
200700021023,0007-04-23 14:38:00,7,4,23,14,38,170,299,"172990121, DE GAULLE AVE",,,Plein jour,En agglomération,Intersection en X,Normale,Deux véhicules - côté,,,,,,,,,,,1,2,2,1,3
200700021024,0007-04-24 09:05:00,7,4,24,9,5,170,449,"174490005, AUNIS AVENUE",,,Plein jour,En agglomération,Hors intersection,Normale,Sans collision,,,,,,,,,,,1,2,1,1,7
200700021025,0007-04-24 14:10:00,7,4,24,14,10,170,299,"172990064, BREUIL RUE DU",,,Plein jour,En agglomération,Hors intersection,Normale,Deux véhicules - frontale,,,,,,,,,,,1,2,1,1,1
200700021026,0007-04-25 14:30:00,7,4,25,14,30,170,299,"172990223, LIBERATION AV",,,Plein jour,En agglomération,Hors intersection,Pluie légère,Sans collision,,,,,,,,,,,1,2,1,2,7
200700021027,0007-04-30 09:15:00,7,4,30,9,15,170,299,"172990128, DIERAS AVENUE",,,Plein jour,En agglomération,Intersection en T,Normale,Sans collision,,,,,,,,,,,1,2,3,1,7
200700021028,0007-04-01 18:52:00,7,4,1,18,52,170,300,GUITON   AVENUE JEAN (34,,,Plein jour,En agglomération,Intersection en X,Normale,Autre collision,,,,,,,,,,,1,2,2,1,6
200700021029,0007-04-04 08:10:00,7,4,4,8,10,170,274,"0001, LANGEVIN   AVENUE",,,Plein jour,En agglomération,Hors intersection,Normale,Deux véhicules - côté,,,,,,,,,,,1,2,1,1,3
200700021030,0007-04-05 14:15:00,7,4,5,14,15,170,300,"29, VALIN   QUAI",,,Plein jour,En agglomération,Hors intersection,Normale,Autre collision,,,,,,,,,,,1,2,1,1,6
200700021031,0007-04-05 16:05:00,7,4,5,16,5,170,300,"0001, PALISSY   RUE BERN",,,Plein jour,En agglomération,Intersection en X,Normale,Deux véhicules - côté,,,,,,,,,,,1,2,2,1,3
200700021032,0007-04-07 00:35:00,7,4,7,0,35,170,28,Route de Périgny,,,Nuit sans éclairage public,Hors agglomération,Hors intersection,Normale,Deux véhicules - frontale,,,,,,,,,,,3,1,1,1,1
200700021033,0007-04-07 21:25:00,7,4,7,21,25,170,300,"10, BERNIER   AVENUE DU",,,Nuit avec éclairage allumé,En agglomération,Hors intersection,Normale,Autre collision,,,,,,,,,,,5,2,1,1,6
200700021034,0007-04-10 14:25:00,7,4,10,14,25,170,300,COGNEHORS   BOULEVARD DE,,,Plein jour,En agglomération,Hors intersection,Normale,Trois véhicules et plus - en chaîne,,,,,,,,,,,1,2,1,1,4
200700021035,0007-04-10 16:40:00,7,4,10,16,40,170,28,SALENGRO   AVENUE ROGER,,,Plein jour,En agglomération,Intersection en X,Normale,Deux véhicules - côté,,,,,,,,,,,1,2,2,1,3
200700021036,0007-04-11 12:40:00,7,4,11,12,40,170,300,"26, JUSTICES   RUE DU MO",,,Plein jour,En agglomération,Hors intersection,Normale,Sans collision,,,,,,,,,,,1,2,1,1,7
200700021037,0007-04-11 15:15:00,7,4,11,15,15,170,291,"14, TREUIL GRAS  RUE DU",,,Plein jour,En agglomération,Hors intersection,Normale,Deux véhicules - frontale,,,,,,,,,,,1,2,1,1,1
200700021038,0007-04-13 11:20:00,7,4,13,11,20,170,300,VESPUCCI   AVENUE AMERIG,,,Plein jour,En agglomération,Intersection en X,Normale,Deux véhicules - côté,,,,,,,,,,,1,2,2,1,3
200700021039,0007-04-13 17:26:00,7,4,13,17,26,170,300,ALBERT IER   RUE,,,Plein jour,En agglomération,Intersection en T,Normale,Deux véhicules - côté,,,,,,,,,,,1,2,3,1,3