accident_id,datetime,annee,mois,jour,heure,minute,departement,commune_insee,adresse,latitude,longitude,luminosite,agglomeration,intersection,meteo,collision,nb_vehicules,nb_usagers,nb_indemnes,nb_tues,nb_blesses_hosp,nb_blesses_legers,age_cond_1,age_cond_2,veh_type_cond_1,veh_type_cond_2,lum_code,agg_code,int_code,atm_code,col_code
200700021040,0007-04-13 18:36:00,7,4,13,18,36,170,28,VERNE   RUE JULES,,,Plein jour,En agglomération,Hors intersection,Normale,Autre collision,,,,,,,,,,,1,2,1,1,6
200700021041,0007-04-14 20:45:00,7,4,14,20,45,170,300,"135, ROUX   RUE DE",,,Nuit avec éclairage allumé,En agglomération,Hors intersection,Normale,Deux véhicules - côté,,,,,,,,,,,5,2,1,1,3
200700021042,0007-04-16 07:55:00,7,4,16,7,55,170,300,GUITON   AVENUE JEAN (9/,,,Crépuscule ou aube,En agglomération,Hors intersection,Normale,Deux véhicules - frontale,,,,,,,,,,,2,2,1,1,1
200700021043,0007-04-17 00:40:00,7,4,17,0,40,170,28,LYSIACK   AVENUE DU COMM,,,Nuit avec éclairage allumé,En agglomération,Giratoire,Normale,Autre collision,,,,,,,,,,,5,2,6,1,6
200700021044,0007-04-17 13:05:00,7,4,17,13,5,170,300,GUITON   AVENUE JEAN (1/,,,Plein jour,En agglomération,Intersection en X,Normale,Deux véhicules - côté,,,,,,,,,,,1,2,2,1,3
200700021045,0007-04-17 19:56:00,7,4,17,19,56,170,300,JOFFRE   BOULEVARD (>79,,,Plein jour,En agglomération,Hors intersection,Normale,Sans collision,,,,,,,,,,,1,2,1,1,7
200700021046,0007-04-19 16:55:00,7,4,19,16,55,170,28,PASCAL   RUE,,,Plein jour,En agglomération,Intersection en X,Normale,Deux véhicules - côté,,,,,,,,,,,1,2,2,1,3
200700021047,0007-04-20 16:55:00,7,4,20,16,55,170,300,SALINES   RUE DU PONT DE,,,Plein jour,En agglomération,Hors intersection,Normale,Deux véhicules - côté,,,,,,,,,,,1,2,1,1,3
200700021048,0007-04-20 22:50:00,7,4,20,22,50,170,300,"43, ONZE NOVEMBRE 1918",,,Nuit sans éclairage public,En agglomération,Hors intersection,Normale,Deux véhicules - côté,,,,,,,,,,,3,2,1,1,3
200700021049,0007-04-21 03:30:00,7,4,21,3,30,170,300,DELMAS   AVENUE MAURICE,,,Nuit sans éclairage public,En agglomération,Hors intersection,Normale,Sans collision,,,,,,,,,,,3,2,1,1,7
200700021050,0007-04-22 12:10:00,7,4,22,12,10,170,274,D 111,,,Plein jour,Hors agglomération,Hors intersection,Normale,Autre collision,,,,,,,,,,,1,1,1,1,6
200700021051,0007-04-24 14:50:00,7,4,24,14,50,170,274,CHAGNOLET   RUE DE,,,Plein jour,En agglomération,Hors intersection,Normale,Sans collision,,,,,,,,,,,1,2,1,1,7
200700021052,0007-04-25 15:00:00,7,4,25,15,0,170,28,SALENGRO   AVENUE ROGER,,,Plein jour,En agglomération,Hors intersection,Normale,Deux véhicules - côté,,,,,,,,,,,1,2,1,1,3
200700021053,0007-04-27 10:00:00,7,4,27,10,0,170,300,SAINT-SAUVEUR   RUE,,,Plein jour,En agglomération,Hors intersection,Normale,Sans collision,,,,,,,,,,,1,2,1,1,7
200700021054,0007-04-27 18:00:00,7,4,27,18,0,170,300,"275, CARNOT   AVENUE",,,Plein jour,En agglomération,Hors intersection,Normale,Deux véhicules - arrière,,,,,,,,,,,1,2,1,1,2
200700021055,0007-04-28 15:05:00,7,4,28,15,5,170,300,REAUMUR   RUE,,,Plein jour,Hors agglomération,Hors intersection,Normale,Deux véhicules - côté,,,,,,,,,,,1,1,1,1,3
200700021056,0007-04-28 18:00:00,7,4,28,18,0,170,300,REAUMUR   RUE,,,Plein jour,En agglomération,Hors intersection,Normale,Deux véhicules - arrière,,,,,,,,,,,1,2,1,1,2
200700021057,0007-04-28 19:00:00,7,4,28,19,0,170,300,VILLENEUVE   RUE,,,Plein jour,En agglomération,Intersection en X,Normale,Deux véhicules - côté,,,,,,,,,,,1,2,2,1,3
200700021058,0007-04-29 15:15:00,7,4,29,15,15,170,200,105,,,Plein jour,Hors agglomération,Hors intersection,Normale,Autre collision,,,,,,,,,,,1,1,1,1,6
200700021059,0007-04-05 11:20:00,7,4,5,11,20,170,300,537 RN ENTREE ROCADE  CH,,,Plein jour,Hors agglomération,Intersection en Y,Normale,Sans collision,,,,,,,,,,,1,1,4,1,7
200700021060,0007-04-05 15:15:00,7,4,5,15,15,170,306,"0, AMPERE",,,Plein jour,En agglomération,Hors intersection,Normale,Trois véhicules et plus - en chaîne,,,,,,,,,,,1,2,1,1,4
200700021061,0007-04-06 21:40:00,7,4,6,21,40,170,306,"0, 4E ZOUAVE (DU) (AVENU",,,Nuit avec éclairage allumé,En agglomération,Hors intersection,Normale,Deux véhicules - arrière,,,,,,,,,,,5,2,1,1,2
200700021062,0007-04-07 04:55:00,7,4,7,4,55,170,306,"23, PINSONS (DES)",,,Nuit avec éclairage allumé,En agglomération,Hors intersection,Normale,Autre collision,,,,,,,,,,,5,2,1,1,6
200700021063,0007-04-10 17:01:00,7,4,10,17,1,170,306,"0, LAVOISIER (ANTOINE DE",,,Plein jour,En agglomération,Hors intersection,Normale,Autre collision,,,,,,,,,,,1,2,1,1,6
200700021064,0007-04-11 08:19:00,7,4,11,8,19,170,306,"0, PRIMEVERES (DES) (AVE",,,Plein jour,En agglomération,Hors intersection,Normale,Deux véhicules - côté,,,,,,,,,,,1,2,1,1,3
200700021065,0007-04-15 03:05:00,7,4,15,3,5,170,380,"0, DE GAULLE ( AVENUE CH",,,Nuit avec éclairage allumé,En agglomération,Hors intersection,Normale,Autre collision,,,,,,,,,,,5,2,1,1,6
200700021066,0007-04-16 14:02:00,7,4,16,14,2,170,333,"126, DE LATTRE DE TASSIG",,,Plein jour,En agglomération,Hors intersection,Normale,Deux véhicules - arrière,,,,,,,,,,,1,2,1,1,2
200700021067,0007-04-17 08:42:00,7,4,17,8,42,170,306,"0, 5 JANVIER 1945 (DU) (",,,Plein jour,En agglomération,Intersection en T,Normale,Deux véhicules - côté,,,,,,,,,,,1,2,3,1,3
200700021068,0007-04-17 10:57:00,7,4,17,10,57,170,306,"0, ROCHEFORT (DE)  (AVEN",,,Plein jour,En agglomération,Hors intersection,Normale,Deux véhicules - côté,,,,,,,,,,,1,2,1,1,3
200700021069,0007-04-18 17:15:00,7,4,18,17,15,170,306,"26, BAILLET (BD COLONEL",,,Plein jour,En agglomération,Hors intersection,Normale,Autre collision,,,,,,,,,,,1,2,1,1,6
200700021070,0007-04-23 06:15:00,7,4,23,6,15,170,306,"0, ISAURE CLEMENCE (AVEN",,,Crépuscule ou aube,En agglomération,Hors intersection,Normale,Autre collision,,,,,,,,,,,2,2,1,1,6
200700021071,0007-04-27 12:05:00,7,4,27,12,5,170,306,"100, REGAZZONI (AVENUE C",,,Plein jour,En agglomération,Hors intersection,Normale,Deux véhicules - arrière,,,,,,,,,,,1,2,1,1,2
200700021072,0007-04-28 17:20:00,7,4,28,17,20,170,306,"06, LOUMADE (DE) (ALLEE)",,,Plein jour,En agglomération,Hors intersection,Normale,Deux véhicules - frontale,,,,,,,,,,,1,2,1,1,1
200700021073,0007-04-29 16:15:00,7,4,29,16,15,170,306,"37, PONTAILLAC (DE) (AVE",,,Plein jour,Hors agglomération,Hors intersection,Normale,Autre collision,,,,,,,,,,,1,1,1,1,6
200700021074,0007-04-02 09:45:00,7,4,2,9,45,170,415,SAINTONGE PONT A RUE GAU,,,Plein jour,En agglomération,Hors intersection,Normale,Deux véhicules - arrière,,,,,,,,,,,1,2,1,1,2
200700021075,0007-04-04 17:30:00,7,4,4,17,30,170,415,"29, LECLERC COURS DU MAR",,,Plein jour,En agglomération,Hors intersection,Normale,Deux véhicules - côté,,,,,,,,,,,1,2,1,1,3
200700021076,0007-04-05 19:50:00,7,4,5,19,50,170,415,NATIONAL 1 A 67 ET 2 A 4,,,Crépuscule ou aube,En agglomération,Hors intersection,Normale,Deux véhicules - côté,,,,,,,,,,,2,2,1,1,3
200700021077,0007-04-07 18:30:00,7,4,7,18,30,170,415,CHAMPAGNE ST GEORGES RUE,,,Plein jour,En agglomération,Autre intersection,Normale,Deux véhicules - côté,,,,,,,,,,,1,2,9,1,3
200700021078,0007-04-17 10:30:00,7,4,17,10,30,170,415,"42, NATIONAL 1 A 67 ET 2",,,Plein jour,En agglomération,Hors intersection,Normale,Deux véhicules - arrière,,,,,,,,,,,1,2,1,1,2
200700021079,0007-04-17 08:35:00,7,4,17,8,35,170,415,SAINTONGE A10 A ROCADE O,,,Plein jour,En agglomération,Hors intersection,Brouillard / fumée,Sans collision,,,,,,,,,,,1,2,1,5,7
200700021080,0007-04-26 21:20:00,7,4,26,21,20,170,415,VLADIMIR BOULEVARD DE,,,Nuit sans éclairage public,En agglomération,Hors intersection,Normale,Sans collision,,,,,,,,,,,3,2,1,1,7
200700021081,0007-04-05 16:00:00,7,4,5,16,0,180,33,PARC (RUE DU),,,Plein jour,En agglomération,Intersection en X,Normale,Deux véhicules - côté,,,,,,,,,,,1,2,2,1,3
200700021082,0007-04-06 17:30:00,7,4,6,17,30,180,255,"SANS, RN 151",,,Plein jour,Hors agglomération,Hors intersection,Normale,Autre collision,,,,,,,,,,,1,1,1,1,6
200700021083,0007-04-07 16:10:00,7,4,7,16,10,180,33,"35, QUATRE VENTS (ROUTE",,,Plein jour,En agglomération,Hors intersection,Normale,Sans collision,,,,,,,,,,,1,2,1,1,7
200700021084,0007-04-09 15:30:00,7,4,9,15,30,180,205,"SANS, ORLEANS (ROUTE D')",,,Plein jour,En agglomération,Hors intersection,Normale,Autre collision,,,,,,,,,,,1,2,1,1,6
200700021085,0007-04-10 13:50:00,7,4,10,13,50,180,33,"14, JOFFRE (BOULEVARD DU",,,Plein jour,En agglomération,Intersection en X,Normale,Deux véhicules - arrière,,,,,,,,,,,1,2,2,1,2
200700021086,0007-04-16 06:30:00,7,4,16,6,30,180,33,ROCADE,,,Plein jour,Hors agglomération,Hors intersection,Normale,Deux véhicules - frontale,,,,,,,,,,,1,1,1,1,1
200700021087,0007-04-25 12:25:00,7,4,25,12,25,180,50,BOIS DE CHAGNIERES (RUE,,,Plein jour,Hors agglomération,Intersection en T,Normale,Deux véhicules - côté,,,,,,,,,,,1,1,3,1,3
200700021088,0007-04-29 15:50:00,7,4,29,15,50,180,33,"51, SERAUCOURT (RUE DE)",,,Plein jour,En agglomération,Hors intersection,Normale,Autre collision,,,,,,,,,,,1,2,1,1,6
200700021089,0007-04-03 10:20:00,7,4,3,10,20,180,279,BOURGES (ROUTE DE),,,Plein jour,En agglomération,Intersection en T,Normale,Deux véhicules - côté,,,,,,,,,,,1,2,3,1,3
200700021090,0007-04-03 19:00:00,7,4,3,19,0,180,279,"1 BIS, ETANG (QUAI DE L'",,,Plein jour,En agglomération,Hors intersection,Normale,Autre collision,,,,,,,,,,,1,2,1,1,6
200700021091,0007-04-07 17:10:00,7,4,7,17,10,180,279,JONC (AVENUE-PASAGE-PLAC,,,Plein jour,En agglomération,Intersection en X,Normale,Autre collision,,,,,,,,,,,1,2,2,1,6
200700021092,0007-04-12 08:25:00,7,4,12,8,25,180,279,"8, PONTS ( RUE DES )",,,Plein jour,En agglomération,Hors intersection,Normale,Autre collision,,,,,,,,,,,1,2,1,1,6
200700021093,0007-04-13 10:15:00,7,4,13,10,15,180,279,VAILLANT (AVENUE EDOUARD,,,Plein jour,En agglomération,Intersection en X,Pluie légère,Deux véhicules - côté,,,,,,,,,,,1,2,2,2,3
200700021094,0007-04-14 20:10:00,7,4,14,20,10,180,279,"0, BRISSON APRES PONT SN",,,Plein jour,En agglomération,Intersection en T,Normale,Deux véhicules - côté,,,,,,,,,,,1,2,3,1,3
200700021095,0007-04-18 11:40:00,7,4,18,11,40,180,279,"45, PENTECOTES ( RUE DES",,,Plein jour,En agglomération,Hors intersection,Normale,Sans collision,,,,,,,,,,,1,2,1,1,7
200700021096,0007-04-04 15:00:00,7,4,4,15,0,190,31,"128, QUEUILLE (AVENUE HE",,,Plein jour,En agglomération,Hors intersection,Pluie légère,Deux véhicules - arrière,,,,,,,,,,,1,2,1,2,2
200700021097,0007-04-08 22:30:00,7,4,8,22,30,190,31,FRANCE (BOULEVARD ANATOL,,,Nuit avec éclairage allumé,En agglomération,Intersection en X,Normale,Deux véhicules - côté,,,,,,,,,,,5,2,2,1,3
200700021098,0007-04-10 19:00:00,7,4,10,19,0,190,31,NOBEL (RUE),,,Plein jour,En agglomération,Hors intersection,Normale,Autre collision,,,,,,,,,,,1,2,1,1,6
200700021099,0007-04-11 11:00:00,7,4,11,11,0,190,31,MAURIAC (RUE FRANCOIS),,,Plein jour,En agglomération,Hors intersection,Normale,Deux véhicules - côté,,,,,,,,,,,1,2,1,1,3
200700021100,0007-04-12 07:10:00,7,4,12,7,10,190,31,ALVITRE (AVENUE ABBE),,,Plein jour,En agglomération,Hors intersection,Normale,Deux véhicules - arrière,,,,,,,,,,,1,2,1,1,2
200700021101,0007-04-12 18:20:00,7,4,12,18,20,190,31,REPUBLIQUE (RUE DE LA),,,Plein jour,En agglomération,Hors intersection,Normale,Sans collision,,,,,,,,,,,1,2,1,1,7
200700021102,0007-04-12 19:25:00,7,4,12,19,25,190,31,MIE (RUE LOUIS),,,Plein jour,En agglomération,Intersection en X,Pluie forte,Deux véhicules - côté,,,,,,,,,,,1,2,2,3,3
200700021103,0007-04-13 14:40:00,7,4,13,14,40,190,31,"""MOULIN (BOULEVARD JEAN)",,,Plein jour,En agglomération,Hors intersection,Normale,Deux véhicules - côté,,,,,,,,,,,1,2,1,1,3
200700021104,0007-04-15 16:40:00,7,4,15,16,40,190,31,DIX HUIT JUIN 1940 (AVEN,,,Plein jour,En agglomération,Intersection en X,Normale,Deux véhicules - frontale,,,,,,,,,,,1,2,2,1,1
200700021105,0007-04-16 16:55:00,7,4,16,16,55,190,31,", LE CORBUSIER (RUE)",,,Plein jour,En agglomération,Hors intersection,Normale,Autre collision,,,,,,,,,,,1,2,1,1,6
200700021106,0007-04-18 18:20:00,7,4,18,18,20,190,31,DIX HUIT JUIN 1940 (AVEN,,,Plein jour,En agglomération,Intersection en X,Normale,Autre collision,,,,,,,,,,,1,2,2,1,6
200700021107,0007-04-20 16:40:00,7,4,20,16,40,190,31,PARIS (AVENUE DE),,,Plein jour,En agglomération,Hors intersection,Normale,Deux véhicules - côté,,,,,,,,,,,1,2,1,1,3
200700021108,0007-04-23 15:35:00,7,4,23,15,35,190,31,"71, RIBOT (AVENUE)",,,Plein jour,En agglomération,Hors intersection,Normale,Autre collision,,,,,,,,,,,1,2,1,1,6
200700021109,0007-04-23 16:20:00,7,4,23,16,20,190,31,GIFFARD (RUE)  A PARTIR,,,Plein jour,En agglomération,Intersection en X,Normale,Deux véhicules - côté,,,,,,,,,,,1,2,2,1,3
200700021110,0007-04-24 17:15:00,7,4,24,17,15,190,31,"10, DELMAS (RUE FERNAND)",,,Plein jour,En agglomération,Hors intersection,Normale,Autre collision,,,,,,,,,,,1,2,1,1,6
200700021111,0007-04-27 09:30:00,7,4,27,9,30,190,31,FRANKLIN (RUE BENJAMIN),,,Plein jour,En agglomération,Intersection en X,Normale,Deux véhicules - côté,,,,,,,,,,,1,2,2,1,3
200700021112,0007-04-28 16:00:00,7,4,28,16,0,190,31,RIVET (AVENUE JEAN CHARL,,,Plein jour,En agglomération,Intersection en T,Normale,Deux véhicules - côté,,,,,,,,,,,1,2,3,1,3
200700021113,0007-04-06 22:40:00,7,4,6,22,40,190,272,"1, VIGNOTTES (LIEU DIT)",,,Nuit avec éclairage allumé,En agglomération,Hors intersection,Normale,Autre collision,,,,,,,,,,,5,2,1,1,6
200700021114,0007-04-03 11:46:00,7,4,3,11,46,190,275,CENTRE TOURISTIQUE DE PO,,,Plein jour,Hors agglomération,Hors intersection,Normale,Sans collision,,,,,,,,,,,1,1,1,1,7
200700021115,0007-04-07 21:05:00,7,4,7,21,5,210,54,GUIDOT (ROND POINT GERAR,,,Nuit avec éclairage allumé,En agglomération,Giratoire,Normale,Autre collision,,,,,,,,,,,5,2,6,1,6
200700021116,0007-04-01 10:28:00,7,4,1,10,28,210,231,"109, CHENOVE (DE) (RUE)",,,Plein jour,En agglomération,Intersection en T,Temps couvert,Deux véhicules - côté,,,,,,,,,,,1,2,3,8,3
200700021117,0007-04-02 07:46:00,7,4,2,7,46,210,231,903 (CD),,,Plein jour,Hors agglomération,Hors intersection,Normale,Trois véhicules et plus - en chaîne,,,,,,,,,,,1,1,1,1,4
200700021118,0007-04-02 17:57:00,7,4,2,17,57,210,231,CHAMPOLLION (AVENUE),,,Plein jour,En agglomération,Intersection en X,Normale,Deux véhicules - côté,,,,,,,,,,,1,2,2,1,3
200700021119,0007-04-02 19:40:00,7,4,2,19,40,210,231,MOULINS (DES) (RUE),,,Plein jour,En agglomération,Intersection en X,Normale,Deux véhicules - côté,,,,,,,,,,,1,2,2,1,3
200700021120,0007-04-02 20:40:00,7,4,2,20,40,210,231,"1, SAINTE ANNE (RUE)",,,Nuit avec éclairage allumé,En agglomération,Hors intersection,Normale,Autre collision,,,,,,,,,,,5,2,1,1,6
200700021121,0007-04-02 20:26:00,7,4,2,20,26,210,535,GEORGES POMPIDOU (Voie),,,Crépuscule ou aube,Hors agglomération,Hors intersection,Normale,Deux véhicules - arrière,,,,,,,,,,,2,1,1,1,2
200700021122,0007-04-04 16:15:00,7,4,4,16,15,210,278,"21-23, OCTAVE TERRILLON",,,Plein jour,En agglomération,Intersection en Y,Normale,Autre collision,,,,,,,,,,,1,2,4,1,6
200700021123,0007-04-05 09:00:00,7,4,5,9,0,210,231,"22, WINSTON CHURCHILL (B",,,Plein jour,En agglomération,Hors intersection,Normale,Trois véhicules et plus - en chaîne,,,,,,,,,,,1,2,1,1,4
200700021124,0007-04-06 12:59:00,7,4,6,12,59,210,231,"61 BIS, JEAN JAURES (AVE",,,Plein jour,En agglomération,Hors intersection,Normale,Autre collision,,,,,,,,,,,1,2,1,1,6
200700021125,0007-04-06 13:58:00,7,4,6,13,58,210,231,"22, MONTS DE VIGNES (DES",,,Plein jour,En agglomération,Intersection en X,Normale,Deux véhicules - côté,,,,,,,,,,,1,2,2,1,3
200700021126,0007-04-07 12:09:00,7,4,7,12,9,210,231,"40, BOURROCHES (DES) (BO",,,Plein jour,En agglomération,Hors intersection,Normale,Trois véhicules et plus - en chaîne,,,,,,,,,,,1,2,1,1,4
200700021127,0007-04-08 20:25:00,7,4,8,20,25,210,231,JEAN MAZEN (RUE),,,Nuit avec éclairage allumé,En agglomération,Intersection en X,Normale,Deux véhicules - côté,,,,,,,,,,,5,2,2,1,3
200700021128,0007-04-08 23:10:00,7,4,8,23,10,210,231,SULLY  (RUE),,,Nuit avec éclairage non allumé,En agglomération,Intersection en X,Normale,Deux véhicules - côté,,,,,,,,,,,4,2,2,1,3
200700021129,0007-04-09 15:07:00,7,4,9,15,7,210,231,"107, JEAN JAURES (AVENUE",,,Plein jour,En agglomération,Hors intersection,Normale,Deux véhicules - côté,,,,,,,,,,,1,2,1,1,3
200700021130,0007-04-11 18:23:00,7,4,11,18,23,210,231,"16, GORGETS (DES) (BOULE",,,Plein jour,En agglomération,Hors intersection,Normale,Deux véhicules - côté,,,,,,,,,,,1,2,1,1,3
200700021131,0007-04-11 11:15:00,7,4,11,11,15,210,390,GENERAL DE GAULLE (BD),,,Plein jour,En agglomération,Place,Normale,Deux véhicules - côté,,,,,,,,,,,1,2,7,1,3
200700021132,0007-04-11 14:14:00,7,4,11,14,14,210,231,"82, CHEVREUL (RUE)",,,Plein jour,En agglomération,Hors intersection,Normale,Autre collision,,,,,,,,,,,1,2,1,1,6
200700021133,0007-04-12 12:26:00,7,4,12,12,26,210,231,"1, BROSSES (DE) (BOULEVA",,,Plein jour,En agglomération,Place,Normale,Autre collision,,,,,,,,,,,1,2,7,1,6
200700021134,0007-04-12 16:18:00,7,4,12,16,18,210,231,"72 B, AUXONNE (D') (RUE)",,,Plein jour,En agglomération,Intersection en T,Normale,Autre collision,,,,,,,,,,,1,2,3,1,6
200700021135,0007-04-12 17:43:00,7,4,12,17,43,210,355,DIJON (DE) (ROUTE),,,Plein jour,En agglomération,Intersection en T,Normale,Deux véhicules - arrière,,,,,,,,,,,1,2,3,1,2
200700021136,0007-04-14 22:57:00,7,4,14,22,57,210,231,"3, DRAPEAU (DU) (AVENUE)",,,Nuit avec éclairage allumé,En agglomération,Place,Normale,Deux véhicules - arrière,,,,,,,,,,,5,2,7,1,2
200700021137,0007-04-16 16:49:00,7,4,16,16,49,210,231,"27, CLEMENCEAU (BOULEVAR",,,Plein jour,En agglomération,Intersection en X,Normale,Autre collision,,,,,,,,,,,1,2,2,1,6
200700021138,0007-04-18 08:16:00,7,4,18,8,16,210,278,"2, PETITE FIN (DE LA) (R",,,Plein jour,En agglomération,Hors intersection,Normale,Deux véhicules - arrière,,,,,,,,,,,1,2,1,1,2
200700021139,0007-04-18 14:09:00,7,4,18,14,9,210,231,DIETSCH (RUE),,,Plein jour,En agglomération,Intersection en Y,Normale,Deux véhicules - arrière,,,,,,,,,,,1,2,4,1,2
200700021140,0007-04-19 12:08:00,7,4,19,12,8,210,231,PIERRE BOISSON (RUE),,,Plein jour,En agglomération,Intersection en T,Normale,Deux véhicules - arrière,,,,,,,,,,,1,2,3,1,2
200700021141,0007-04-19 19:45:00,7,4,19,19,45,210,355,"11, JULES GUESDE (RUE)",,,Crépuscule ou aube,En agglomération,Hors intersection,Temps éblouissant,Deux véhicules - arrière,,,,,,,,,,,2,2,1,7,2
200700021142,0007-04-22 00:20:00,7,4,22,0,20,210,278,"18, STADE (DU) (RUE)",,,Nuit avec éclairage allumé,En agglomération,Hors intersection,Normale,Autre collision,,,,,,,,,,,5,2,1,1,6
200700021143,0007-04-24 00:45:00,7,4,24,0,45,210,231,WILSON (PLACE),,,Nuit avec éclairage allumé,En agglomération,Place,Normale,Autre collision,,,,,,,,,,,5,2,7,1,6
200700021144,0007-04-23 19:50:00,7,4,23,19,50,210,166,"55, ROLAND CARRAZ (AVENU",,,Plein jour,En agglomération,Hors intersection,Normale,Autre collision,,,,,,,,,,,1,2,1,1,6
200700021145,0007-04-25 17:15:00,7,4,25,17,15,210,231,RAYMOND POINCARE (AVENUE,,,Plein jour,En agglomération,Intersection en X,Normale,Deux véhicules - côté,,,,,,,,,,,1,2,2,1,3
200700021146,0007-04-25 18:00:00,7,4,25,18,0,210,166,ALPHONSE MAIREY (RUE),,,Plein jour,En agglomération,Intersection en X,Normale,Deux véhicules - côté,,,,,,,,,,,1,2,2,1,3
200700021147,0007-04-28 17:42:00,7,4,28,17,42,210,231,CLAUDE BAZIRE (RUE),,,Plein jour,En agglomération,Hors intersection,Normale,Deux véhicules - côté,,,,,,,,,,,1,2,1,1,3
200700021148,0007-04-29 22:16:00,7,4,29,22,16,210,231,MILLOTET (RUE),,,Nuit avec éclairage allumé,En agglomération,Intersection en X,Normale,Deux véhicules - côté,,,,,,,,,,,5,2,2,1,3
200700021149,0007-04-27 14:30:00,7,4,27,14,30,210,231,"112, CONDORCET (RUE)",,,Plein jour,En agglomération,Hors intersection,Normale,Deux véhicules - côté,,,,,,,,,,,1,2,1,1,3
200700021150,0007-04-13 17:15:00,7,4,13,17,15,220,278,"0, EUROPE (DE L')",,,Plein jour,En agglomération,Hors intersection,Normale,Sans collision,,,,,,,,,,,1,2,1,1,7
200700021151,0007-04-13 21:50:00,7,4,13,21,50,220,278,"0, PARIS (DE)",,,Nuit avec éclairage allumé,En agglomération,Giratoire,Normale,Deux véhicules - côté,,,,,,,,,,,5,2,6,1,3
200700021152,0007-04-14 11:50:00,7,4,14,11,50,220,360,"0, VERDUN (RUE DE)",,,Plein jour,En agglomération,Hors intersection,Normale,Deux véhicules - côté,,,,,,,,,,,1,2,1,1,3
200700021153,0007-04-18 18:00:00,7,4,18,18,0,220,215,"0, BEL-AIR (RUE DE)",,,Plein jour,En agglomération,Intersection en T,Normale,Deux véhicules - arrière,,,,,,,,,,,1,2,3,1,2
200700021154,0007-04-18 13:45:00,7,4,18,13,45,220,278,"0, SEMARD (PIERRE)",,,Plein jour,En agglomération,Intersection en Y,Normale,Deux véhicules - arrière,,,,,,,,,,,1,2,4,1,2
200700021155,0007-04-20 20:30:00,7,4,20,20,30,220,278,"0, GARE (DE LA)",,,Plein jour,En agglomération,Hors intersection,Normale,Autre collision,,,,,,,,,,,1,2,1,1,6
200700021156,0007-04-20 20:10:00,7,4,20,20,10,220,278,"1, BAUDELAIRE",,,Plein jour,En agglomération,Hors intersection,Normale,Autre collision,,,,,,,,,,,1,2,1,1,6
200700021157,0007-04-24 17:30:00,7,4,24,17,30,220,278,"0, PARIS (DE)",,,Plein jour,En agglomération,Hors intersection,Normale,Deux véhicules - côté,,,,,,,,,,,1,2,1,1,3
200700021158,0007-04-23 16:00:00,7,4,23,16,0,220,106,"0, GENETS (RUE DES)",,,Plein jour,En agglomération,Hors intersection,Normale,Deux véhicules - côté,,,,,,,,,,,1,2,1,1,3
200700021159,0007-04-25 13:40:00,7,4,25,13,40,220,278,"27, BREST (DE)",,,Plein jour,En agglomération,Hors intersection,Normale,Deux véhicules - arrière,,,,,,,,,,,1,2,1,1,2
200700021160,0007-04-03 11:25:00,7,4,3,11,25,220,278,"0, ALLENDE (PL. PT SALVA",,,Plein jour,En agglomération,Hors intersection,Normale,Autre collision,,,,,,,,,,,1,2,1,1,6
200700021161,0007-04-07 19:00:00,7,4,7,19,0,240,37,RD 936,,,Plein jour,En agglomération,Intersection en T,Normale,Deux véhicules - côté,,,,,,,,,,,1,2,3,1,3
200700021162,0007-04-12 19:05:00,7,4,12,19,5,240,145,SAINT-ALVERE ( ROUTE DE),,,Plein jour,En agglomération,Intersection en T,Normale,Deux véhicules - côté,,,,,,,,,,,1,2,3,1,3
200700021163,0007-04-17 21:20:00,7,4,17,21,20,240,37,PIMONT (BOULEVAR LOUIS),,,Nuit avec éclairage allumé,En agglomération,Intersection en X,Normale,Deux véhicules - côté,,,,,,,,,,,5,2,2,1,3
200700021164,0007-04-18 08:55:00,7,4,18,8,55,240,37,"35, FOCH (RUE MARECHAL)",,,Plein jour,En agglomération,Intersection en T,Normale,Deux véhicules - côté,,,,,,,,,,,1,2,3,1,3
200700021165,0007-04-24 09:05:00,7,4,24,9,5,240,37,"1, RESISTANCE (RUE DE LA",,,Plein jour,En agglomération,Giratoire,Normale,Deux véhicules - côté,,,,,,,,,,,1,2,6,1,3
200700021166,0007-04-06 15:21:00,7,4,6,15,21,240,322,"04, POMPIDOU (AVENUE GEO",,,Plein jour,En agglomération,Intersection en X,Normale,Autre collision,,,,,,,,,,,1,2,2,1,6
200700021167,0007-04-07 07:07:00,7,4,7,7,7,240,322,"00, STALINGRAD (BOULEVAR",,,Plein jour,En agglomération,Hors intersection,Normale,Autre collision,,,,,,,,,,,1,2,1,1,6
200700021168,0007-04-12 12:29:00,7,4,12,12,29,240,138,"00, MOULIN (BOULEVARD JE",,,Plein jour,En agglomération,Intersection en T,Normale,Autre collision,,,,,,,,,,,1,2,3,1,6
200700021169,0007-04-12 17:06:00,7,4,12,17,6,240,256,"00, RIBERAC  (ROUTE)",,,Plein jour,En agglomération,Hors intersection,Normale,Autre collision,,,,,,,,,,,1,2,1,1,6
200700021170,0007-04-13 23:20:00,7,4,13,23,20,240,322,MARTIN ( RUE ALBERT),,,Nuit avec éclairage allumé,En agglomération,Intersection en X,Normale,Deux véhicules - côté,,,,,,,,,,,5,2,2,1,3
200700021171,0007-04-14 18:15:00,7,4,14,18,15,240,322,"200, COMBES DES DAMES (R",,,Plein jour,En agglomération,Hors intersection,Normale,Deux véhicules - côté,,,,,,,,,,,1,2,1,1,3
200700021172,0007-04-16 07:50:00,7,4,16,7,50,240,53,"00, PAUL (AVENUE MARCEL)",,,Plein jour,Hors agglomération,Autre intersection,Normale,Deux véhicules - côté,,,,,,,,,,,1,1,9,1,3
200700021173,0007-04-16 17:55:00,7,4,16,17,55,240,312,"00,  BERGERAC  (ROUTE DE",,,Plein jour,En agglomération,Hors intersection,Normale,Deux véhicules - arrière,,,,,,,,,,,1,2,1,1,2