accident_id,datetime,annee,mois,jour,heure,minute,departement,commune_insee,adresse,latitude,longitude,luminosite,agglomeration,intersection,meteo,collision,nb_vehicules,nb_usagers,nb_indemnes,nb_tues,nb_blesses_hosp,nb_blesses_legers,age_cond_1,age_cond_2,veh_type_cond_1,veh_type_cond_2,lum_code,agg_code,int_code,atm_code,col_code
200700021308,0007-04-03 17:40:00,7,4,3,17,40,300,189,"..., KENNEDY (AVENUE)",,,Plein jour,En agglomération,Hors intersection,Pluie légère,Trois véhicules et plus - en chaîne,,,,,,,,,,,1,2,1,2,4
200700021309,0007-04-04 09:00:00,7,4,4,9,0,300,189,"., KENNEDY (AVENUE)",43.81346,4.3096,Plein jour,En agglomération,Intersection en X,Normale,Deux véhicules - côté,,,,,,,,,,,1,2,2,1,3
200700021310,0007-04-06 14:53:00,7,4,6,14,53,300,189,"., ALES (ROUTE)",43.89454,3.45699,Plein jour,Hors agglomération,Hors intersection,Normale,Autre collision,,,,,,,,,,,1,1,1,1,6
200700021311,0007-04-07 11:40:00,7,4,7,11,40,300,189,"..., MITTERAND FRANCOIS",43.81804,4.36035,Plein jour,En agglomération,Giratoire,Normale,Deux véhicules - côté,,,,,,,,,,,1,2,6,1,3
200700021312,0007-04-07 14:00:00,7,4,7,14,0,300,189,"., BANDIDO (RUE)",,,Plein jour,En agglomération,Hors intersection,Normale,Autre collision,,,,,,,,,,,1,2,1,1,6
200700021313,0007-04-07 15:05:00,7,4,7,15,5,300,189,"...., LIBERTE (AVENUE)",43.82363,4.35438,Plein jour,En agglomération,Hors intersection,Normale,Deux véhicules - arrière,,,,,,,,,,,1,2,1,1,2
200700021314,0007-04-08 11:39:00,7,4,8,11,39,300,189,"., SULLY (RUE)",,,Plein jour,En agglomération,Hors intersection,Normale,Deux véhicules - frontale,,,,,,,,,,,1,2,1,1,1
200700021315,0007-04-10 12:34:00,7,4,10,12,34,300,189,"..., MAS DE CHEYLON",,,Plein jour,En agglomération,Intersection en X,Normale,Deux véhicules - frontale,,,,,,,,,,,1,2,2,1,1
200700021316,0007-04-10 19:11:00,7,4,10,19,11,300,189,".., MAS DE CHEYLON",43.86671,4.24884,Plein jour,Hors agglomération,Intersection en X,Normale,Autre collision,,,,,,,,,,,1,1,2,1,6
200700021317,0007-04-12 01:20:00,7,4,12,1,20,300,189,"890, COURBESSAC (ROUTE)",43.85241,4.39723,Nuit avec éclairage allumé,En agglomération,Hors intersection,Normale,Autre collision,,,,,,,,,,,5,2,1,1,6
200700021318,0007-04-12 19:20:00,7,4,12,19,20,300,189,"., BRUXELLES (BOULEVARD)",,,Crépuscule ou aube,En agglomération,Hors intersection,Pluie légère,Deux véhicules - arrière,,,,,,,,,,,2,2,1,2,2
200700021319,0007-04-12 21:05:00,7,4,12,21,5,300,189,"..., BULLY MICHEL (PLACE",43.84682,4.39648,Nuit avec éclairage allumé,En agglomération,Hors intersection,Normale,Autre collision,,,,,,,,,,,5,2,1,1,6
200700021320,0007-04-13 16:01:00,7,4,13,16,1,300,189,"., ALLENDE SALVADOR (RUE",,,Plein jour,En agglomération,Hors intersection,Pluie légère,Deux véhicules - arrière,,,,,,,,,,,1,2,1,2,2
200700021321,0007-04-13 13:38:00,7,4,13,13,38,300,189,GOLF (CHEMIN OU IMPASSE),43.82352,4.35448,Plein jour,En agglomération,Hors intersection,Normale,Deux véhicules - frontale,,,,,,,,,,,1,2,1,1,1
200700021322,0007-04-13 14:24:00,7,4,13,14,24,300,189,"., BEAUCAIRE (ROUTE)",43.83835,4.37693,Plein jour,En agglomération,Hors intersection,Normale,Deux véhicules - arrière,,,,,,,,,,,1,2,1,1,2
200700021323,0007-04-13 19:55:00,7,4,13,19,55,300,189,"..., ARTS (AVENUE)",,,Plein jour,En agglomération,Hors intersection,Pluie légère,Deux véhicules - arrière,,,,,,,,,,,1,2,1,2,2
200700021324,0007-04-13 22:57:00,7,4,13,22,57,300,189,"..., PERRIER GENERAL (RU",43.84685,4.39642,Nuit avec éclairage allumé,En agglomération,Hors intersection,Pluie légère,Autre collision,,,,,,,,,,,5,2,1,2,6
200700021325,0007-04-14 10:29:00,7,4,14,10,29,300,189,"., BEAUCAIRE (ROUTE)",,,Plein jour,En agglomération,Hors intersection,Pluie légère,Sans collision,,,,,,,,,,,1,2,1,2,7
200700021326,0007-04-16 22:40:00,7,4,16,22,40,300,189,"19, FAITA VINCENT (RUE)",,,Nuit avec éclairage allumé,En agglomération,Hors intersection,Normale,Autre collision,,,,,,,,,,,5,2,1,1,6
200700021327,0007-04-16 14:50:00,7,4,16,14,50,300,189,"..., BACHAS (CHEMIN)",,,Plein jour,En agglomération,Hors intersection,Normale,Autre collision,,,,,,,,,,,1,2,1,1,6
200700021328,0007-04-18 16:05:00,7,4,18,16,5,300,189,"., TALABOT (BOULEVARD)",43.83552,4.36939,Plein jour,En agglomération,Hors intersection,Normale,Deux véhicules - côté,,,,,,,,,,,1,2,1,1,3
200700021329,0007-04-18 17:10:00,7,4,18,17,10,300,189,"1851, MARECHAL JUIN (BOU",,,Plein jour,En agglomération,Hors intersection,Normale,Deux véhicules - frontale,,,,,,,,,,,1,2,1,1,1
200700021330,0007-04-18 18:02:00,7,4,18,18,2,300,189,"., MARECHAL JUIN (BOULEV",,,Plein jour,En agglomération,Hors intersection,Normale,Deux véhicules - arrière,,,,,,,,,,,1,2,1,1,2
200700021331,0007-04-19 13:45:00,7,4,19,13,45,300,189,"1192, GRAND BOIS (CHEMIN",43.85023,4.31623,Plein jour,En agglomération,Hors intersection,Normale,Deux véhicules - côté,,,,,,,,,,,1,2,1,1,3
200700021332,0007-04-20 18:12:00,7,4,20,18,12,300,189,"., MONTAURY (RUE)",,,Plein jour,En agglomération,Hors intersection,Normale,Trois véhicules et plus - collisions multiples,,,,,,,,,,,1,2,1,1,5
200700021333,0007-04-20 20:58:00,7,4,20,20,58,300,189,"6699, SAUVE (ROUTE)",43.84946,4.28083,Nuit sans éclairage public,Hors agglomération,Hors intersection,Normale,Autre collision,,,,,,,,,,,3,1,1,1,6
200700021334,0007-04-21 01:22:00,7,4,21,1,22,300,189,"., BEAUCAIRE (ROUTE)",,,Nuit avec éclairage allumé,En agglomération,Giratoire,Normale,Sans collision,,,,,,,,,,,5,2,6,1,7
200700021335,0007-04-21 18:03:00,7,4,21,18,3,300,189,"...., HUGO VICTOR (BOULE",43.83804,4.35564,Plein jour,En agglomération,Hors intersection,Normale,Autre collision,,,,,,,,,,,1,2,1,1,6
200700021336,0007-04-22 11:08:00,7,4,22,11,8,300,189,"., MONTPELLIER (ROUTE DE",,,Plein jour,En agglomération,Hors intersection,Normale,Trois véhicules et plus - collisions multiples,,,,,,,,,,,1,2,1,1,5
200700021337,0007-04-23 08:27:00,7,4,23,8,27,300,189,"146, UZES (ROUTE D')",43.85449,4.37976,Plein jour,En agglomération,Hors intersection,Normale,Deux véhicules - arrière,,,,,,,,,,,1,2,1,1,2
200700021338,0007-04-27 13:41:00,7,4,27,13,41,300,189,"., JOLIOT CURIE (AVENUE)",,,Plein jour,En agglomération,Hors intersection,Normale,Deux véhicules - arrière,,,,,,,,,,,1,2,1,1,2
200700021339,0007-04-28 19:07:00,7,4,28,19,7,300,189,"..., CITE FOULC (RUE)",,,Plein jour,Hors agglomération,Intersection en X,Normale,Deux véhicules - côté,,,,,,,,,,,1,1,2,1,3
200700021340,0007-04-29 19:24:00,7,4,29,19,24,300,189,"., JAURES JEAN (BOULEVAR",,,Plein jour,En agglomération,Hors intersection,Normale,Autre collision,,,,,,,,,,,1,2,1,1,6
200700021341,0007-04-30 11:15:00,7,4,30,11,15,300,189,"..., ROUMANILLE (RUE)",43.83786,4.3501,Plein jour,En agglomération,Intersection en X,Normale,Deux véhicules - côté,,,,,,,,,,,1,2,2,1,3
200700021342,0007-04-30 15:17:00,7,4,30,15,17,300,189,"53, COMBE DE LA LUNE (CH",43.85846,8.04378,Plein jour,En agglomération,Hors intersection,Normale,Autre collision,,,,,,,,,,,1,2,1,1,6
200700021343,0007-04-03 15:00:00,7,4,3,15,0,300,11,ARAMON ROUTE D',,,Plein jour,Hors agglomération,Hors intersection,Pluie légère,Autre collision,,,,,,,,,,,1,1,1,2,6
200700021344,0007-04-18 18:15:00,7,4,18,18,15,300,11,GRAND TERME BOULEVARD DU,,,Plein jour,En agglomération,Giratoire,Normale,Deux véhicules - côté,,,,,,,,,,,1,2,6,1,3
200700021345,0007-04-02 21:00:00,7,4,2,21,0,310,69,"4, PARC (AV DU)",,,Nuit avec éclairage allumé,En agglomération,Hors intersection,Normale,Deux véhicules - arrière,,,,,,,,,,,5,2,1,1,2
200700021346,0007-04-10 01:10:00,7,4,10,1,10,310,69,FIL D'ARIANE (RD902),,,Nuit avec éclairage allumé,Hors agglomération,Hors intersection,Normale,Autre collision,,,,,,,,,,,5,1,1,1,6
200700021347,0007-04-12 19:45:00,7,4,12,19,45,310,69,"288, GRENADE (ROUTE DE)",,,Crépuscule ou aube,En agglomération,Intersection en T,Normale,Deux véhicules - côté,,,,,,,,,,,2,2,3,1,3
200700021348,0007-04-25 17:00:00,7,4,25,17,0,310,69,"15, BELISAIRE (CH DE)",,,Plein jour,En agglomération,Hors intersection,Normale,Deux véhicules - côté,,,,,,,,,,,1,2,1,1,3
200700021349,0007-04-03 12:17:00,7,4,3,12,17,310,149,"999, MAURICE GRYFONGEL (",,,Plein jour,En agglomération,Hors intersection,Normale,Deux véhicules - arrière,,,,,,,,,,,1,2,1,1,2
200700021350,0007-04-05 17:50:00,7,4,5,17,50,310,149,"45, ARMURIE (CHEMIN DE L",,,Plein jour,En agglomération,Hors intersection,Normale,Autre collision,,,,,,,,,,,1,2,1,1,6
200700021351,0007-04-07 00:50:00,7,4,7,0,50,310,149,"27, SALVETAT (CHEMIN DE",,,Nuit avec éclairage allumé,En agglomération,Hors intersection,Normale,Deux véhicules - frontale,,,,,,,,,,,5,2,1,1,1
200700021352,0007-04-13 13:10:00,7,4,13,13,10,310,149,"999, MARCEL DASSAULT (BO",,,Plein jour,En agglomération,Hors intersection,Pluie légère,Deux véhicules - côté,,,,,,,,,,,1,2,1,2,3
200700021353,0007-04-22 12:20:00,7,4,22,12,20,310,149,"999, GAULLE (BOULEVARD G",,,Plein jour,En agglomération,Giratoire,Normale,Deux véhicules - côté,,,,,,,,,,,1,2,6,1,3
200700021354,0007-04-23 14:30:00,7,4,23,14,30,310,149,"999, AUCH (RUE D')",,,Plein jour,En agglomération,Giratoire,Normale,Deux véhicules - côté,,,,,,,,,,,1,2,6,1,3
200700021355,0007-04-25 19:30:00,7,4,25,19,30,310,149,"999, 2 LA CRABE (A 624)",,,Plein jour,En agglomération,Hors intersection,Normale,Autre collision,,,,,,,,,,,1,2,1,1,6
200700021356,0007-04-27 19:20:00,7,4,27,19,20,310,149,"10, BIGORRE (ALLEE DE)",,,Plein jour,En agglomération,Hors intersection,Normale,Deux véhicules - frontale,,,,,,,,,,,1,2,1,1,1
200700021357,0007-04-27 17:20:00,7,4,27,17,20,310,483,"28, FOCH (AVENUE DU MARE",,,Plein jour,En agglomération,Intersection en X,Pluie légère,Deux véhicules - côté,,,,,,,,,,,1,2,2,2,3
200700021358,0007-04-01 12:00:00,7,4,1,12,0,310,555,"26, GAUSSENS (rue henry)",,,Plein jour,En agglomération,Hors intersection,Normale,Autre collision,,,,,,,,,,,1,2,1,1,6
200700021359,0007-04-03 09:28:00,7,4,3,9,28,310,555,"999, RTE DE NARBONNE",,,Plein jour,En agglomération,Hors intersection,Normale,Deux véhicules - frontale,,,,,,,,,,,1,2,1,1,1
200700021360,0007-04-03 18:00:00,7,4,3,18,0,310,555,"3, BD D ARCOLE",,,Plein jour,En agglomération,Hors intersection,Normale,Autre collision,,,,,,,,,,,1,2,1,1,6
200700021361,0007-04-04 00:47:00,7,4,4,0,47,310,555,"999, AV DE LA MARCAISSON",,,Nuit avec éclairage allumé,Hors agglomération,Hors intersection,Pluie forte,Deux véhicules - côté,,,,,,,,,,,5,1,1,3,3
200700021362,0007-04-04 04:02:00,7,4,4,4,2,310,555,"999, VA007644 EMPALOT A6",,,Nuit avec éclairage allumé,Hors agglomération,Hors intersection,Pluie légère,Autre collision,,,,,,,,,,,5,1,1,2,6
200700021363,0007-04-30 00:50:00,7,4,30,0,50,310,555,"999, CHE DE LA SALADE PO",,,Nuit avec éclairage allumé,En agglomération,Hors intersection,Pluie légère,Deux véhicules - frontale,,,,,,,,,,,5,2,1,2,1
200700021364,0007-04-04 06:45:00,7,4,4,6,45,310,555,"999, AV PIERRE G LATECOE",,,Nuit avec éclairage allumé,Hors agglomération,Hors intersection,Normale,Deux véhicules - arrière,,,,,,,,,,,5,1,1,1,2
200700021365,0007-04-04 15:25:00,7,4,4,15,25,310,555,"70, RTE DE NARBONNE",,,Plein jour,En agglomération,Hors intersection,Normale,Autre collision,,,,,,,,,,,1,2,1,1,6
200700021366,0007-04-04 14:25:00,7,4,4,14,25,310,555,"999, RTE D ESPAGNE",,,Plein jour,En agglomération,Hors intersection,Normale,Autre collision,,,,,,,,,,,1,2,1,1,6
200700021367,0007-04-05 13:50:00,7,4,5,13,50,310,555,"10, AV DE FRONTON",,,Plein jour,En agglomération,Hors intersection,Normale,Autre collision,,,,,,,,,,,1,2,1,1,6
200700021368,0007-04-07 05:45:00,7,4,7,5,45,310,555,"999, BD PIERRE PAUL RIQU",,,Nuit avec éclairage allumé,En agglomération,Hors intersection,Normale,Deux véhicules - côté,,,,,,,,,,,5,2,1,1,3
200700021369,0007-04-07 23:30:00,7,4,7,23,30,310,555,AV DES ETATS UNIS,,,Nuit avec éclairage allumé,En agglomération,Intersection en T,Normale,Deux véhicules - côté,,,,,,,,,,,5,2,3,1,3
200700021370,0007-04-09 08:50:00,7,4,9,8,50,310,555,"999, RUE CARAMAN",,,Plein jour,En agglomération,Intersection en X,Normale,Deux véhicules - côté,,,,,,,,,,,1,2,2,1,3
200700021371,0007-04-06 14:05:00,7,4,6,14,5,310,555,"5, RUE D HYERES",,,Plein jour,En agglomération,Hors intersection,Normale,Autre collision,,,,,,,,,,,1,2,1,1,6
200700021372,0007-04-06 18:30:00,7,4,6,18,30,310,555,"7, VA007331 A620",,,Plein jour,Hors agglomération,Hors intersection,Normale,Autre collision,,,,,,,,,,,1,1,1,1,6
200700021373,0007-04-06 20:30:00,7,4,6,20,30,310,555,"44, AV DE L URSS",,,Nuit sans éclairage public,En agglomération,Hors intersection,Normale,Deux véhicules - côté,,,,,,,,,,,3,2,1,1,3
200700021374,0007-04-06 22:30:00,7,4,6,22,30,310,555,"62, RTE DE NARBONNE",,,Nuit avec éclairage allumé,En agglomération,Hors intersection,Normale,Autre collision,,,,,,,,,,,5,2,1,1,6
200700021375,0007-04-07 03:40:00,7,4,7,3,40,310,555,"999, AV DES MINIMES",,,Nuit avec éclairage allumé,En agglomération,Hors intersection,Normale,Deux véhicules - frontale,,,,,,,,,,,5,2,1,1,1
200700021376,0007-04-07 07:00:00,7,4,7,7,0,310,555,"999, AV JULES JULIEN",,,Crépuscule ou aube,En agglomération,Hors intersection,Normale,Deux véhicules - frontale,,,,,,,,,,,2,2,1,1,1
200700021377,0007-04-07 07:10:00,7,4,7,7,10,310,555,VA007342 LA CEPIERE  A62,,,Crépuscule ou aube,Hors agglomération,Hors intersection,Normale,Sans collision,,,,,,,,,,,2,1,1,1,7
200700021378,0007-04-07 10:30:00,7,4,7,10,30,310,555,VA007553 A61,,,Plein jour,Hors agglomération,Hors intersection,Normale,Trois véhicules et plus - en chaîne,,,,,,,,,,,1,1,1,1,4
200700021379,0007-04-07 18:10:00,7,4,7,18,10,310,555,"999, AV D ATLANTA",,,Plein jour,En agglomération,Hors intersection,Normale,Deux véhicules - arrière,,,,,,,,,,,1,2,1,1,2
200700021380,0007-04-08 03:50:00,7,4,8,3,50,310,555,VA008482 A624,,,Nuit avec éclairage allumé,Hors agglomération,Hors intersection,Normale,Autre collision,,,,,,,,,,,5,1,1,1,6
200700021381,0007-04-08 06:30:00,7,4,8,6,30,310,555,VA007500 CROIX DAURADE A,,,Crépuscule ou aube,Hors agglomération,Hors intersection,Normale,Deux véhicules - côté,,,,,,,,,,,2,1,1,1,3
200700021382,0007-04-09 08:15:00,7,4,9,8,15,310,555,"44, BD MATABIAU",,,Plein jour,En agglomération,Hors intersection,Normale,Autre collision,,,,,,,,,,,1,2,1,1,6
200700021383,0007-04-10 09:10:00,7,4,10,9,10,310,555,"999, R-PT LOUIS IZAR",,,Plein jour,En agglomération,Hors intersection,Normale,Autre collision,,,,,,,,,,,1,2,1,1,6
200700021384,0007-04-10 07:00:00,7,4,10,7,0,310,555,"370, AV DE FRONTON",,,Crépuscule ou aube,En agglomération,Hors intersection,Normale,Autre collision,,,,,,,,,,,2,2,1,1,6
200700021385,0007-04-10 12:20:00,7,4,10,12,20,310,555,"8, BD LASCROSSES",,,Plein jour,En agglomération,Hors intersection,Normale,Sans collision,,,,,,,,,,,1,2,1,1,7
200700021386,0007-04-10 14:00:00,7,4,10,14,0,310,555,VA008482 A624,,,Plein jour,Hors agglomération,Hors intersection,Normale,Autre collision,,,,,,,,,,,1,1,1,1,6
200700021387,0007-04-10 21:10:00,7,4,10,21,10,310,555,"127, RUE DU FAUBOURG BON",,,Plein jour,En agglomération,Hors intersection,Normale,Autre collision,,,,,,,,,,,1,2,1,1,6
200700021388,0007-04-11 08:35:00,7,4,11,8,35,310,555,"15, ALL FORAIN FRANCOIS",,,Plein jour,En agglomération,Hors intersection,Normale,Deux véhicules - côté,,,,,,,,,,,1,2,1,1,3
200700021389,0007-04-11 17:50:00,7,4,11,17,50,310,555,"999, AV ANTOINE DE ST EX",,,Plein jour,En agglomération,Hors intersection,Normale,Autre collision,,,,,,,,,,,1,2,1,1,6
200700021390,0007-04-11 18:00:00,7,4,11,18,0,310,555,RUE JACQUES BABINET,,,Plein jour,En agglomération,Hors intersection,Normale,Deux véhicules - arrière,,,,,,,,,,,1,2,1,1,2
200700021391,0007-04-11 19:00:00,7,4,11,19,0,310,555,"999, AV DE LARDENNE",,,Plein jour,En agglomération,Hors intersection,Normale,Autre collision,,,,,,,,,,,1,2,1,1,6
200700021392,0007-04-12 13:40:00,7,4,12,13,40,310,555,"999, BD PIERRE PAUL RIQU",,,Plein jour,En agglomération,Hors intersection,Normale,Deux véhicules - côté,,,,,,,,,,,1,2,1,1,3
200700021393,0007-04-12 15:30:00,7,4,12,15,30,310,555,"12, RUE DE LA REPUBLIQUE",,,Plein jour,En agglomération,Hors intersection,Normale,Deux véhicules - arrière,,,,,,,,,,,1,2,1,1,2
200700021394,0007-04-12 15:50:00,7,4,12,15,50,310,555,"999, BD DEODAT DE SEVERA",,,Plein jour,En agglomération,Hors intersection,Pluie légère,Deux véhicules - côté,,,,,,,,,,,1,2,1,2,3
200700021395,0007-04-12 17:45:00,7,4,12,17,45,310,555,"999, RTE D ESPAGNE",,,Plein jour,En agglomération,Intersection en X,Pluie légère,Sans collision,,,,,,,,,,,1,2,2,2,7
200700021396,0007-04-12 17:46:00,7,4,12,17,46,310,555,CHE DE FENOUILLET,,,Plein jour,En agglomération,Hors intersection,Pluie forte,Deux véhicules - frontale,,,,,,,,,,,1,2,1,3,1
200700021397,0007-04-13 05:00:00,7,4,13,5,0,310,555,"12, RUE HILAIRE PADER",,,Nuit avec éclairage allumé,En agglomération,Hors intersection,Normale,Autre collision,,,,,,,,,,,5,2,1,1,6
200700021398,0007-04-13 16:35:00,7,4,13,16,35,310,555,"999, PONT DES CATALANS",,,Plein jour,En agglomération,Hors intersection,Pluie légère,Trois véhicules et plus - en chaîne,,,,,,,,,,,1,2,1,2,4
200700021399,0007-04-13 17:15:00,7,4,13,17,15,310,555,"999, BD LAZARE CARNOT",,,Plein jour,En agglomération,Hors intersection,Pluie légère,Sans collision,,,,,,,,,,,1,2,1,2,7
200700021400,0007-04-14 03:20:00,7,4,14,3,20,310,555,"999, RUE DE METZ",,,Plein jour,En agglomération,Hors intersection,Normale,Deux véhicules - côté,,,,,,,,,,,1,2,1,1,3
200700021401,0007-04-14 10:30:00,7,4,14,10,30,310,555,"999, RUE GEORGES PICOT",,,Plein jour,En agglomération,Intersection en T,Pluie légère,Deux véhicules - côté,,,,,,,,,,,1,2,3,2,3
200700021402,0007-04-14 04:05:00,7,4,14,4,5,310,555,BD MATABIAU,,,Nuit sans éclairage public,En agglomération,Hors intersection,Normale,Deux véhicules - frontale,,,,,,,,,,,3,2,1,1,1
200700021403,0007-04-15 16:15:00,7,4,15,16,15,310,555,"102, AV DE LA GLOIRE",,,Plein jour,En agglomération,Hors intersection,Normale,Deux véhicules - côté,,,,,,,,,,,1,2,1,1,3
200700021404,0007-04-15 19:00:00,7,4,15,19,0,310,555,"61, BD DEODAT DE SEVERAC",,,Plein jour,En agglomération,Hors intersection,Normale,Deux véhicules - côté,,,,,,,,,,,1,2,1,1,3
200700021405,0007-04-15 19:05:00,7,4,15,19,5,310,555,"118, RTE DE NARBONNE",,,Plein jour,En agglomération,Hors intersection,Normale,Deux véhicules - côté,,,,,,,,,,,1,2,1,1,3
200700021406,0007-04-16 07:00:00,7,4,16,7,0,310,555,"999, RTE DE SEYSSES",,,Crépuscule ou aube,En agglomération,Hors intersection,Normale,Deux véhicules - côté,,,,,,,,,,,2,2,1,1,3
200700021407,0007-04-16 17:40:00,7,4,16,17,40,310,555,"999, VOIE DU TOEC",,,Plein jour,En agglomération,Hors intersection,Normale,Deux véhicules - côté,,,,,,,,,,,1,2,1,1,3
200700021408,0007-04-16 12:30:00,7,4,16,12,30,310,555,"187, CHE DE TUCAUT",,,Plein jour,En agglomération,Hors intersection,Normale,Deux véhicules - côté,,,,,,,,,,,1,2,1,1,3
200700021409,0007-04-16 20:10:00,7,4,16,20,10,310,555,"999, AV DES ARENES ROMAI",,,Plein jour,En agglomération,Hors intersection,Normale,Trois véhicules et plus - en chaîne,,,,,,,,,,,1,2,1,1,4
200700021410,0007-04-11 20:15:00,7,4,11,20,15,310,555,"3, CHE DE LESTANG",,,Crépuscule ou aube,En agglomération,Hors intersection,Normale,Autre collision,,,,,,,,,,,2,2,1,1,6
200700021411,0007-04-15 19:40:00,7,4,15,19,40,310,555,"999, ALL DU PR CAMILLE S",,,Plein jour,En agglomération,Hors intersection,Normale,Autre collision,,,,,,,,,,,1,2,1,1,6
200700021412,0007-04-18 08:15:00,7,4,18,8,15,310,555,"20, IMP VITRY",,,Plein jour,En agglomération,Hors intersection,Normale,Autre collision,,,,,,,,,,,1,2,1,1,6
200700021413,0007-04-18 12:50:00,7,4,18,12,50,310,555,VA007331 A620,,,Plein jour,Hors agglomération,Hors intersection,Normale,Trois véhicules et plus - en chaîne,,,,,,,,,,,1,1,1,1,4
200700021414,0007-04-18 17:20:00,7,4,18,17,20,310,555,VA007495 A62,,,Plein jour,Hors agglomération,Hors intersection,Normale,Trois véhicules et plus - en chaîne,,,,,,,,,,,1,1,1,1,4
200700021415,0007-04-19 00:15:00,7,4,19,0,15,310,555,VA007313 LE CHAPITRE A64,,,Nuit avec éclairage allumé,Hors agglomération,Hors intersection,Normale,Autre collision,,,,,,,,,,,5,1,1,1,6
200700021416,0007-04-19 12:30:00,7,4,19,12,30,310,555,"129, RTE DE NARBONNE",,,Plein jour,En agglomération,Hors intersection,Normale,Trois véhicules et plus - en chaîne,,,,,,,,,,,1,2,1,1,4
200700021417,0007-04-19 14:00:00,7,4,19,14,0,310,555,"183, AV JEAN RIEUX",,,Plein jour,En agglomération,Hors intersection,Normale,Autre collision,,,,,,,,,,,1,2,1,1,6
200700021418,0007-04-19 15:34:00,7,4,19,15,34,310,555,"54, BD DEODAT DE SEVERAC",,,Plein jour,En agglomération,Hors intersection,Normale,Deux véhicules - côté,,,,,,,,,,,1,2,1,1,3
200700021419,0007-04-19 18:50:00,7,4,19,18,50,310,555,"14, RUE DE LA REPUBLIQUE",,,Plein jour,En agglomération,Hors intersection,Normale,Trois véhicules et plus - collisions multiples,,,,,,,,,,,1,2,1,1,5
200700021420,0007-04-20 06:00:00,7,4,20,6,0,310,555,VA001490 A621,,,Nuit avec éclairage allumé,Hors agglomération,Hors intersection,Normale,Autre collision,,,,,,,,,,,5,1,1,1,6
200700021421,0007-04-20 08:50:00,7,4,20,8,50,310,555,"206, AV DE GRANDE BRETAG",,,Plein jour,En agglomération,Hors intersection,Normale,Deux véhicules - arrière,,,,,,,,,,,1,2,1,1,2
200700021422,0007-04-20 19:30:00,7,4,20,19,30,310,555,"40, BD DES MINIMES",,,Plein jour,En agglomération,Hors intersection,Normale,Deux véhicules - côté,,,,,,,,,,,1,2,1,1,3
200700021423,0007-04-20 21:45:00,7,4,20,21,45,310,555,"999, BD DE SUISSE",,,Nuit avec éclairage allumé,En agglomération,Hors intersection,Normale,Deux véhicules - arrière,,,,,,,,,,,5,2,1,1,2
200700021424,0007-04-23 10:45:00,7,4,23,10,45,310,555,"49, RTE DE NARBONNE",,,Plein jour,En agglomération,Hors intersection,Normale,Autre collision,,,,,,,,,,,1,2,1,1,6
200700021425,0007-04-23 13:50:00,7,4,23,13,50,310,555,"20, GRANDE RUE SAINT MIC",,,Plein jour,En agglomération,Hors intersection,Pluie légère,Autre collision,,,,,,,,,,,1,2,1,2,6
200700021426,0007-04-24 17:05:00,7,4,24,17,5,310,555,VA007622 RANGUEIL A620 S,,,Plein jour,Hors agglomération,Hors intersection,Normale,Deux véhicules - arrière,,,,,,,,,,,1,1,1,1,2
200700021427,0007-04-24 17:29:00,7,4,24,17,29,310,555,VA007440 LES MINIMES A62,,,Plein jour,En agglomération,Hors intersection,Normale,Autre collision,,,,,,,,,,,1,2,1,1,6
200700021428,0007-04-24 19:24:00,7,4,24,19,24,310,555,"2, RUE DE PERIOLE",,,Plein jour,En agglomération,Hors intersection,Normale,Deux véhicules - côté,,,,,,,,,,,1,2,1,1,3
200700021429,0007-04-25 07:10:00,7,4,25,7,10,310,555,"999, AV YVES BRUNAUD",,,Plein jour,En agglomération,Hors intersection,Temps couvert,Deux véhicules - côté,,,,,,,,,,,1,2,1,8,3
200700021430,0007-04-25 07:50:00,7,4,25,7,50,310,555,"999, PONT DES CATALANS",,,Plein jour,En agglomération,Hors intersection,Normale,Deux véhicules - arrière,,,,,,,,,,,1,2,1,1,2
200700021431,0007-04-25 09:50:00,7,4,25,9,50,310,555,"49, RUE DE NEGRENEYS",,,Plein jour,En agglomération,Hors intersection,Normale,Autre collision,,,,,,,,,,,1,2,1,1,6
200700021432,0007-04-25 11:20:00,7,4,25,11,20,310,555,"177, AV ANTOINE DE ST EX",,,Plein jour,En agglomération,Hors intersection,Normale,Deux véhicules - côté,,,,,,,,,,,1,2,1,1,3
200700021433,0007-04-25 15:45:00,7,4,25,15,45,310,555,VA007342 LA CEPIERE  A62,,,Plein jour,Hors agglomération,Hors intersection,Normale,Autre collision,,,,,,,,,,,1,1,1,1,6
200700021434,0007-04-25 16:45:00,7,4,25,16,45,310,555,"26, RUE DES FRERES LION",,,Plein jour,En agglomération,Hors intersection,Normale,Autre collision,,,,,,,,,,,1,2,1,1,6
200700021435,0007-04-25 23:15:00,7,4,25,23,15,310,555,"999, BD DE SUISSE",,,Nuit avec éclairage allumé,En agglomération,Hors intersection,Normale,Deux véhicules - côté,,,,,,,,,,,5,2,1,1,3
200700021436,0007-04-26 12:00:00,7,4,26,12,0,310,555,"999, RUE ANDRE VASSEUR",,,Plein jour,Hors agglomération,Hors intersection,Normale,Deux véhicules - frontale,,,,,,,,,,,1,1,1,1,1
200700021437,0007-04-26 13:50:00,7,4,26,13,50,310,555,VA007644 EMPALOT A620 So,,,Plein jour,Hors agglomération,Hors intersection,Normale,Trois véhicules et plus - en chaîne,,,,,,,,,,,1,1,1,1,4