accident_id,datetime,annee,mois,jour,heure,minute,departement,commune_insee,adresse,latitude,longitude,luminosite,agglomeration,intersection,meteo,collision,nb_vehicules,nb_usagers,nb_indemnes,nb_tues,nb_blesses_hosp,nb_blesses_legers,age_cond_1,age_cond_2,veh_type_cond_1,veh_type_cond_2,lum_code,agg_code,int_code,atm_code,col_code
200700021572,0007-04-07 01:00:00,7,4,7,1,0,340,32,"6, AGDE (ROUTE D')",,,Nuit sans éclairage public,Hors agglomération,Hors intersection,Normale,Autre collision,,,,,,,,,,,3,1,1,1,6
200700021573,0007-04-06 22:35:00,7,4,6,22,35,340,32,VERDIER PIERRE (AV),,,Nuit avec éclairage allumé,En agglomération,Intersection en X,Normale,Deux véhicules - côté,,,,,,,,,,,5,2,2,1,3
200700021574,0007-04-11 21:40:00,7,4,11,21,40,340,32,WILSON PRESIDENT (AV DU),,,Nuit avec éclairage allumé,En agglomération,Hors intersection,Normale,Autre collision,,,,,,,,,,,5,2,1,1,6
200700021575,0007-04-14 08:20:00,7,4,14,8,20,340,32,QUAI PORT NOTRE DAME (AV,,,Plein jour,En agglomération,Hors intersection,Pluie légère,Sans collision,,,,,,,,,,,1,2,1,2,7
200700021576,0007-04-14 21:25:00,7,4,14,21,25,340,32,"NR, RHIN ET DANUBE (AV.)",43.31411,9.34567,Nuit avec éclairage allumé,Hors agglomération,Autre intersection,Autre,Sans collision,,,,,,,,,,,5,1,9,9,7
200700021577,0007-04-17 15:30:00,7,4,17,15,30,340,32,POUSSAN LE BAS (DOMAINE,,,Plein jour,Hors agglomération,Intersection en T,Normale,Trois véhicules et plus - en chaîne,,,,,,,,,,,1,1,3,1,4
200700021578,0007-04-15 17:37:00,7,4,15,17,37,340,32,"28, ORNANO COLONEL D' (A",,,Plein jour,En agglomération,Hors intersection,Normale,Deux véhicules - arrière,,,,,,,,,,,1,2,1,1,2
200700021579,0007-04-17 12:05:00,7,4,17,12,5,340,32,VERDIER PIERRE (AV),,,Plein jour,En agglomération,Hors intersection,Normale,Sans collision,,,,,,,,,,,1,2,1,1,7
200700021580,0007-04-19 22:20:00,7,4,19,22,20,340,32,RD.64,,,Nuit sans éclairage public,Hors agglomération,Giratoire,Normale,Sans collision,,,,,,,,,,,3,1,6,1,7
200700021581,0007-04-19 23:35:00,7,4,19,23,35,340,32,MARNE (AV DE LA),,,Nuit avec éclairage allumé,En agglomération,Hors intersection,Normale,Sans collision,,,,,,,,,,,5,2,1,1,7
200700021582,0007-04-21 09:57:00,7,4,21,9,57,340,32,KENNEDY PRESIDENT (BD DU,,,Plein jour,En agglomération,Hors intersection,Normale,Sans collision,,,,,,,,,,,1,2,1,1,7
200700021583,0007-04-24 12:05:00,7,4,24,12,5,340,336,RD.64 (ROUTE DE VALRAS),,,Plein jour,Hors agglomération,Hors intersection,Normale,Trois véhicules et plus - collisions multiples,,,,,,,,,,,1,1,1,1,5
200700021584,0007-04-24 18:21:00,7,4,24,18,21,340,32,"N.R, CLAPAREDE EMILE (AV",,,Plein jour,En agglomération,Intersection en T,Normale,Autre collision,,,,,,,,,,,1,2,3,1,6
200700021585,0007-04-25 07:50:00,7,4,25,7,50,340,32,"N.R, FABRE FERDINAND (RU",,,Plein jour,En agglomération,Intersection en X,Normale,Deux véhicules - côté,,,,,,,,,,,1,2,2,1,3
200700021586,0007-04-25 07:55:00,7,4,25,7,55,340,32,CHEMIN RURAL NR.59,,,Plein jour,Hors agglomération,Intersection en X,Normale,Deux véhicules - côté,,,,,,,,,,,1,1,2,1,3
200700021587,0007-04-25 10:50:00,7,4,25,10,50,340,73,ROUTE D'AGDE (RD612),,,Plein jour,Hors agglomération,Hors intersection,Normale,Trois véhicules et plus - en chaîne,,,,,,,,,,,1,1,1,1,4
200700021588,0007-04-25 14:30:00,7,4,25,14,30,340,32,"NR, KENNEDY PRESIDENT (B",,,Plein jour,En agglomération,Autre intersection,Normale,Deux véhicules - arrière,,,,,,,,,,,1,2,9,1,2
200700021589,0007-04-25 17:06:00,7,4,25,17,6,340,32,ROUTE DEPARTEMENTALE NR.,,,Plein jour,Hors agglomération,Hors intersection,Normale,Sans collision,,,,,,,,,,,1,1,1,1,7
200700021590,0007-04-27 05:15:00,7,4,27,5,15,340,32,ROUTE DEPARTEMENTALE  61,,,Nuit sans éclairage public,En agglomération,Hors intersection,Normale,Sans collision,,,,,,,,,,,3,2,1,1,7
200700021591,0007-04-29 18:25:00,7,4,29,18,25,340,32,CHEMIN RURAL NR.93,,,Plein jour,Hors agglomération,Hors intersection,Normale,Deux véhicules - frontale,,,,,,,,,,,1,1,1,1,1
200700021592,0007-04-29 05:24:00,7,4,29,5,24,340,32,"NR, CLEMENCEAU GEORGES (",,,Crépuscule ou aube,En agglomération,Hors intersection,Normale,Autre collision,,,,,,,,,,,2,2,1,1,6
200700021593,0007-04-22 21:40:00,7,4,22,21,40,340,32,RD.64,,,Nuit sans éclairage public,Hors agglomération,Intersection en T,Normale,Deux véhicules - côté,,,,,,,,,,,3,1,3,1,3
200700021594,0007-04-17 10:09:00,7,4,17,10,9,340,32,"27, CORNEILHAN (ROUTE DE",,,Plein jour,En agglomération,Hors intersection,Normale,Sans collision,,,,,,,,,,,1,2,1,1,7
200700021595,0007-04-02 16:20:00,7,4,2,16,20,340,172,"sans, GRAMMONT (DOMAINE",,,Plein jour,En agglomération,Hors intersection,Normale,Autre collision,,,,,,,,,,,1,2,1,1,6
200700021596,0007-04-02 22:45:00,7,4,2,22,45,340,172,"118, TOULOUSE (AVENUE DE",43.59512,3.86174,Nuit avec éclairage allumé,En agglomération,Intersection en T,Normale,Deux véhicules - frontale,,,,,,,,,,,5,2,3,1,1
200700021597,0007-04-02 20:35:00,7,4,2,20,35,340,172,"SANS, CARTIER (AVENUE JA",43.60873,3.92969,Nuit avec éclairage allumé,En agglomération,Hors intersection,Normale,Sans collision,,,,,,,,,,,5,2,1,1,7
200700021598,0007-04-05 00:20:00,7,4,5,0,20,340,172,"37, BONNES NOUVELLES (BO",,,Nuit avec éclairage allumé,En agglomération,Hors intersection,Normale,Sans collision,,,,,,,,,,,5,2,1,1,7
200700021599,0007-04-05 09:14:00,7,4,5,9,14,340,172,PAVELET (AVENUE DU COLON,,,Plein jour,Hors agglomération,Intersection en T,Temps couvert,Autre collision,,,,,,,,,,,1,1,3,8,6
200700021600,0007-04-06 19:25:00,7,4,6,19,25,340,172,"1454, CASTELNAU JUSTICE",43.62654,3.88799,Plein jour,En agglomération,Hors intersection,Normale,Sans collision,,,,,,,,,,,1,2,1,1,7
200700021601,0007-04-07 13:30:00,7,4,7,13,30,340,172,"sans, VANIERES (AVENUE D",43.59744,3.8753,Plein jour,En agglomération,Intersection en Y,Normale,Deux véhicules - arrière,,,,,,,,,,,1,2,4,1,2
200700021602,0007-04-10 09:50:00,7,4,10,9,50,340,172,LIBERTE (AVENUE DE LA,,,Plein jour,En agglomération,Hors intersection,Temps couvert,Deux véhicules - arrière,,,,,,,,,,,1,2,1,8,2
200700021603,0007-04-09 19:15:00,7,4,9,19,15,340,172,LAKANAL (RUE),43.61671,3.87929,Plein jour,En agglomération,Intersection en X,Normale,Deux véhicules - côté,,,,,,,,,,,1,2,2,1,3
200700021604,0007-04-11 00:32:00,7,4,11,0,32,340,172,VILLENEUVE-ANGOULEME (AV,,,Nuit avec éclairage allumé,En agglomération,Hors intersection,Normale,Autre collision,,,,,,,,,,,5,2,1,1,6
200700021605,0007-04-12 01:05:00,7,4,12,1,5,340,172,DUBEDOUT (CARREFOUR HUBE,43.63852,3.84727,Nuit avec éclairage allumé,En agglomération,Intersection en X,Normale,Deux véhicules - côté,,,,,,,,,,,5,2,2,1,3
200700021606,0007-04-11 15:45:00,7,4,11,15,45,340,129,"sans, MAUGUIO (ROUTE DE)",,,Plein jour,Hors agglomération,Hors intersection,Normale,Deux véhicules - côté,,,,,,,,,,,1,1,1,1,3
200700021607,0007-04-05 17:12:00,7,4,5,17,12,340,172,"240, LODEVE (AVENUE DE",43.61482,3.83303,Plein jour,En agglomération,Hors intersection,Normale,Deux véhicules - côté,,,,,,,,,,,1,2,1,1,3
200700021608,0007-04-13 13:15:00,7,4,13,13,15,340,129,CARNON (ROUTE DE  D21),,,Plein jour,Hors agglomération,Giratoire,Pluie légère,Sans collision,,,,,,,,,,,1,1,6,2,7
200700021609,0007-04-14 15:30:00,7,4,14,15,30,340,172,HUGO (BOULEVARD VICTOR),43.60471,3.87866,Plein jour,En agglomération,Hors intersection,Temps couvert,Autre collision,,,,,,,,,,,1,2,1,8,6
200700021610,0007-04-14 15:40:00,7,4,14,15,40,340,172,"sans, LODEVE (ROUTE DE)",,,Plein jour,En agglomération,Hors intersection,Temps couvert,Trois véhicules et plus - collisions multiples,,,,,,,,,,,1,2,1,8,5
200700021611,0007-04-15 21:57:00,7,4,15,21,57,340,172,"sans, GAMBETTA (COURS)",43.60651,3.87217,Nuit avec éclairage allumé,En agglomération,Intersection en X,Normale,Deux véhicules - côté,,,,,,,,,,,5,2,2,1,3
200700021612,0007-04-14 18:50:00,7,4,14,18,50,340,172,"face 55, ARAGON (RUE LOU",43.59445,3.86311,Plein jour,En agglomération,Hors intersection,Temps couvert,Autre collision,,,,,,,,,,,1,2,1,8,6
200700021613,0007-04-16 08:10:00,7,4,16,8,10,340,198,"SANS, D172",,,Plein jour,Hors agglomération,Hors intersection,Normale,Sans collision,,,,,,,,,,,1,1,1,1,7
200700021614,0007-04-16 20:47:00,7,4,16,20,47,340,172,"1146, SOULAS (AVENUE DU",,,Nuit avec éclairage allumé,En agglomération,Hors intersection,Normale,Deux véhicules - côté,,,,,,,,,,,5,2,1,1,3
200700021615,0007-04-17 21:10:00,7,4,17,21,10,340,172,"1317, TOULOUSE (AVENUE D",43.59165,3.85792,Nuit avec éclairage allumé,En agglomération,Intersection en T,Normale,Deux véhicules - côté,,,,,,,,,,,5,2,3,1,3
200700021616,0007-04-14 10:00:00,7,4,14,10,0,340,129,"sans, BOIRARGUES (AVENUE",,,Plein jour,Hors agglomération,Hors intersection,Pluie légère,Sans collision,,,,,,,,,,,1,1,1,2,7
200700021617,0007-04-17 18:00:00,7,4,17,18,0,340,198,"1329, PAGNOL (AVENUE MAR",,,Plein jour,En agglomération,Intersection en T,Normale,Deux véhicules - côté,,,,,,,,,,,1,2,3,1,3
200700021618,0007-04-17 18:21:00,7,4,17,18,21,340,172,"248, CASTELNAU JUSTICE D",,,Plein jour,En agglomération,Intersection en T,Normale,Deux véhicules - arrière,,,,,,,,,,,1,2,3,1,2
200700021619,0007-04-18 13:30:00,7,4,18,13,30,340,172,"sans, CLEMENCEAU (AVENUE",,,Plein jour,En agglomération,Intersection en T,Normale,Deux véhicules - côté,,,,,,,,,,,1,2,3,1,3
200700021620,0007-04-20 13:25:00,7,4,20,13,25,340,172,"sans, GOSSEC (RUE FRANCO",,,Plein jour,En agglomération,Hors intersection,Normale,Trois véhicules et plus - collisions multiples,,,,,,,,,,,1,2,1,1,5
200700021621,0007-04-20 17:25:00,7,4,20,17,25,340,172,"SANS, FLANDRES-DUNKERQUE",,,Plein jour,En agglomération,Hors intersection,Normale,Deux véhicules - frontale,,,,,,,,,,,1,2,1,1,1
200700021622,0007-04-21 11:00:00,7,4,21,11,0,340,172,"4, FRANCE ANATOLE",,,Plein jour,En agglomération,Hors intersection,Normale,Autre collision,,,,,,,,,,,1,2,1,1,6
200700021623,0007-04-23 20:35:00,7,4,23,20,35,340,172,"1, FOCH (RUE)",,,Plein jour,En agglomération,Hors intersection,Normale,Deux véhicules - arrière,,,,,,,,,,,1,2,1,1,2
200700021624,0007-04-24 08:50:00,7,4,24,8,50,340,129,"699, D132",,,Plein jour,En agglomération,Hors intersection,Normale,Sans collision,,,,,,,,,,,1,2,1,1,7
200700021625,0007-04-24 08:45:00,7,4,24,8,45,340,172,NERUDA (AVENUE PABLO),,,Plein jour,En agglomération,Hors intersection,Normale,Deux véhicules - côté,,,,,,,,,,,1,2,1,1,3
200700021626,0007-04-23 19:25:00,7,4,23,19,25,340,172,"421, RAVAZ (AVENUE DU PR",43.61078,3.8762,Plein jour,En agglomération,Intersection en X,Normale,Deux véhicules - frontale,,,,,,,,,,,1,2,2,1,1
200700021627,0007-04-23 20:08:00,7,4,23,20,8,340,172,"264, CAMBRIDGE (RUE DE)",43.61078,3.8762,Plein jour,En agglomération,Hors intersection,Normale,Sans collision,,,,,,,,,,,1,2,1,1,7
200700021628,0007-04-26 12:10:00,7,4,26,12,10,340,172,"16, BOUISSON-BERTRAND (A",43.61697,3.87331,Plein jour,En agglomération,Hors intersection,Normale,Sans collision,,,,,,,,,,,1,2,1,1,7
200700021629,0007-04-26 13:10:00,7,4,26,13,10,340,172,"1275, ALCO (RUE D'",,,Plein jour,En agglomération,Hors intersection,Normale,Deux véhicules - côté,,,,,,,,,,,1,2,1,1,3
200700021630,0007-04-27 16:10:00,7,4,27,16,10,340,172,"423, BIONNE (RUE DE)",,,Plein jour,Hors agglomération,Hors intersection,Normale,Sans collision,,,,,,,,,,,1,1,1,1,7
200700021631,0007-04-27 22:57:00,7,4,27,22,57,340,172,EUROPE (AVENUE DE L'),,,Nuit avec éclairage allumé,En agglomération,Intersection en T,Normale,Deux véhicules - côté,,,,,,,,,,,5,2,3,1,3
200700021632,0007-04-27 20:00:00,7,4,27,20,0,340,172,CROIX CAPITAINE (AVENUE,,,Plein jour,En agglomération,Intersection en X,Normale,Deux véhicules - frontale,,,,,,,,,,,1,2,2,1,1
200700021633,0007-04-28 18:15:00,7,4,28,18,15,340,172,PAS DU LOUP (RUE DU,,,Plein jour,En agglomération,Intersection à plus de 4 branches,Normale,Deux véhicules - frontale,,,,,,,,,,,1,2,5,1,1
200700021634,0007-04-28 17:00:00,7,4,28,17,0,340,172,JEU DE PAUME (BOULEVARD,,,Plein jour,En agglomération,Intersection en T,Normale,Deux véhicules - côté,,,,,,,,,,,1,2,3,1,3
200700021635,0007-04-20 10:22:00,7,4,20,10,22,340,172,"1317, TOULOUSE (AVENUE D",,,Plein jour,En agglomération,Hors intersection,Normale,Deux véhicules - côté,,,,,,,,,,,1,2,1,1,3
200700021636,0007-04-25 09:56:00,7,4,25,9,56,340,129,D21 E1,,,Plein jour,Hors agglomération,Hors intersection,Normale,Deux véhicules - arrière,,,,,,,,,,,1,1,1,1,2
200700021637,0007-04-29 17:25:00,7,4,29,17,25,340,172,"sans, METAIRIE DE L'OISE",43.60693,3.8462,Plein jour,En agglomération,Intersection en X,Normale,Deux véhicules - côté,,,,,,,,,,,1,2,2,1,3
200700021638,0007-04-30 08:06:00,7,4,30,8,6,340,172,SAINT LAZARE (AVENUE DE),,,Plein jour,En agglomération,Intersection en X,Normale,Deux véhicules - côté,,,,,,,,,,,1,2,2,1,3
200700021639,0007-04-26 09:58:00,7,4,26,9,58,340,172,"11, PAS DU LOUP (RUE DU",,,Plein jour,En agglomération,Intersection à plus de 4 branches,Normale,Deux véhicules - côté,,,,,,,,,,,1,2,5,1,3
200700021640,0007-04-30 19:21:00,7,4,30,19,21,340,172,"sans, TOULOUSE (AVENUE D",,,Plein jour,En agglomération,Intersection en X,Normale,Deux véhicules - côté,,,,,,,,,,,1,2,2,1,3
200700021641,0007-04-01 04:30:00,7,4,1,4,30,340,108,"aucun, BALARUC (ROUTE DE",,,Nuit sans éclairage public,Hors agglomération,Hors intersection,Pluie légère,Deux véhicules - arrière,,,,,,,,,,,3,1,1,2,2
200700021642,0007-04-15 17:35:00,7,4,15,17,35,340,301,"aucun, ROITELETS (RUE DE",,,Plein jour,En agglomération,Intersection en T,Normale,Deux véhicules - côté,,,,,,,,,,,1,2,3,1,3
200700021643,0007-04-23 15:30:00,7,4,23,15,30,340,301,"aucun, VERDUN (BOULEVARD",,,Plein jour,En agglomération,Hors intersection,Normale,Autre collision,,,,,,,,,,,1,2,1,1,6
200700021644,0007-04-29 18:43:00,7,4,29,18,43,340,301,"aucun, RD 612",,,Plein jour,Hors agglomération,Hors intersection,Normale,Deux véhicules - côté,,,,,,,,,,,1,1,1,1,3
200700021645,0007-04-29 21:05:00,7,4,29,21,5,340,108,"aucun, INGRIL (AVENUE D'",,,Nuit avec éclairage allumé,En agglomération,Hors intersection,Normale,Deux véhicules - côté,,,,,,,,,,,5,2,1,1,3
200700021646,0007-04-20 07:00:00,7,4,20,7,0,350,115,GAULLE (AVENUE DU GENERA,,,Crépuscule ou aube,En agglomération,Giratoire,Normale,Trois véhicules et plus - collisions multiples,,,,,,,,,,,2,2,6,1,5
200700021647,0007-04-02 17:15:00,7,4,2,17,15,350,238,"13, CUCILLE (AVENUE DE)",,,Plein jour,En agglomération,Hors intersection,Temps éblouissant,Sans collision,,,,,,,,,,,1,2,1,7,7
200700021648,0007-04-03 11:52:00,7,4,3,11,52,350,238,"00, SAINT-MALO (DE) DE 1",,,Plein jour,En agglomération,Intersection en X,Normale,Deux véhicules - frontale,,,,,,,,,,,1,2,2,1,1
200700021649,0007-04-04 14:10:00,7,4,4,14,10,350,238,"00, ROCADE 7-8",,,Plein jour,Hors agglomération,Hors intersection,Normale,Deux véhicules - côté,,,,,,,,,,,1,1,1,1,3
200700021650,0007-04-06 11:50:00,7,4,6,11,50,350,55,"00, BONNIN ANDRE (AVENUE",,,Plein jour,En agglomération,Hors intersection,Normale,Autre collision,,,,,,,,,,,1,2,1,1,6
200700021651,0007-04-04 20:25:00,7,4,4,20,25,350,238,"00, ROCHESTER (AVENUE DE",,,Plein jour,En agglomération,Intersection en X,Normale,Deux véhicules - côté,,,,,,,,,,,1,2,2,1,3
200700021652,0007-04-10 15:36:00,7,4,10,15,36,350,238,"181, SAINT-MALO (DE) DE",,,Plein jour,En agglomération,Intersection en X,Normale,Deux véhicules - arrière,,,,,,,,,,,1,2,2,1,2
200700021653,0007-04-11 11:20:00,7,4,11,11,20,350,55,"00, RD 463",,,Plein jour,Hors agglomération,Hors intersection,Normale,Deux véhicules - arrière,,,,,,,,,,,1,1,1,1,2
200700021654,0007-04-14 12:25:00,7,4,14,12,25,350,238,"116, VERN (DE)",,,Plein jour,En agglomération,Hors intersection,Normale,Trois véhicules et plus - en chaîne,,,,,,,,,,,1,2,1,1,4
200700021655,0007-04-15 12:20:00,7,4,15,12,20,350,238,"00, GRIMAULT (BD LEON)",,,Plein jour,En agglomération,Intersection en T,Normale,Trois véhicules et plus - collisions multiples,,,,,,,,,,,1,2,3,1,5
200700021656,0007-04-15 17:35:00,7,4,15,17,35,350,238,"00, GRIMAULT (BD LEON)",,,Plein jour,En agglomération,Giratoire,Normale,Deux véhicules - côté,,,,,,,,,,,1,2,6,1,3
200700021657,0007-04-15 19:00:00,7,4,15,19,0,350,238,"00, ROCHESTER (AVENUE DE",,,Plein jour,En agglomération,Intersection en X,Normale,Deux véhicules - côté,,,,,,,,,,,1,2,2,1,3
200700021658,0007-04-16 18:10:00,7,4,16,18,10,350,238,"00, YSER (BD DE L')",,,Plein jour,En agglomération,Intersection en X,Normale,Deux véhicules - arrière,,,,,,,,,,,1,2,2,1,2
200700021659,0007-04-17 09:40:00,7,4,17,9,40,350,238,"00, GENIAUX (CHARLES)",,,Plein jour,En agglomération,Intersection en Y,Normale,Autre collision,,,,,,,,,,,1,2,4,1,6
200700021660,0007-04-17 18:25:00,7,4,17,18,25,350,238,"00, CHURCHILL (AVENUE SI",,,Plein jour,En agglomération,Intersection en X,Normale,Deux véhicules - côté,,,,,,,,,,,1,2,2,1,3
200700021661,0007-04-19 07:55:00,7,4,19,7,55,350,55,"00, BIGNON (RUE DU)",,,Plein jour,En agglomération,Hors intersection,Normale,Deux véhicules - arrière,,,,,,,,,,,1,2,1,1,2
200700021662,0007-04-18 18:45:00,7,4,18,18,45,350,238,"49, GINGUENE",,,Plein jour,En agglomération,Intersection en T,Normale,Autre collision,,,,,,,,,,,1,2,3,1,6
200700021663,0007-04-18 20:00:00,7,4,18,20,0,350,238,"00, MONTGERMONT (ROND PO",,,Plein jour,En agglomération,Giratoire,Normale,Deux véhicules - arrière,,,,,,,,,,,1,2,6,1,2
200700021664,0007-04-19 16:55:00,7,4,19,16,55,350,238,"00, REDON (DE)",,,Plein jour,En agglomération,Intersection en X,Normale,Deux véhicules - arrière,,,,,,,,,,,1,2,2,1,2
200700021665,0007-04-19 23:40:00,7,4,19,23,40,350,238,"9, JANVIER (AVENUE JEAN)",,,Nuit avec éclairage allumé,En agglomération,Hors intersection,Normale,Autre collision,,,,,,,,,,,5,2,1,1,6
200700021666,0007-04-20 11:55:00,7,4,20,11,55,350,238,"0, ZOLA (QUAI EMILE)",,,Plein jour,En agglomération,Intersection en X,Normale,Autre collision,,,,,,,,,,,1,2,2,1,6
200700021667,0007-04-20 15:10:00,7,4,20,15,10,350,238,"155, FOUGERES (RUE DE) D",,,Plein jour,En agglomération,Hors intersection,Normale,Autre collision,,,,,,,,,,,1,2,1,1,6
200700021668,0007-04-21 02:00:00,7,4,21,2,0,350,238,"00, SAINT-BRIEUC (DE)",,,Nuit sans éclairage public,En agglomération,Giratoire,Normale,Autre collision,,,,,,,,,,,3,2,6,1,6
200700021669,0007-04-21 13:15:00,7,4,21,13,15,350,238,"267, CHATEAUGIRON (DE)",,,Plein jour,En agglomération,Hors intersection,Normale,Trois véhicules et plus - en chaîne,,,,,,,,,,,1,2,1,1,4
200700021670,0007-04-21 15:50:00,7,4,21,15,50,350,238,"00, TEMPLE-DE-BLOSNE (RU",,,Plein jour,En agglomération,Hors intersection,Normale,Deux véhicules - côté,,,,,,,,,,,1,2,1,1,3
200700021671,0007-04-22 17:55:00,7,4,22,17,55,350,238,"00, CHATILLON (DE)",,,Plein jour,En agglomération,Intersection en T,Normale,Deux véhicules - côté,,,,,,,,,,,1,2,3,1,3
200700021672,0007-04-22 19:50:00,7,4,22,19,50,350,238,"00, TILLON (AVENUE CHARL",,,Plein jour,En agglomération,Hors intersection,Normale,Deux véhicules - côté,,,,,,,,,,,1,2,1,1,3
200700021673,0007-04-24 09:20:00,7,4,24,9,20,350,238,"00, ROCADE 6-7",,,Plein jour,Hors agglomération,Hors intersection,Normale,Deux véhicules - arrière,,,,,,,,,,,1,1,1,1,2
200700021674,0007-04-24 18:25:00,7,4,24,18,25,350,55,"00, RD 286",,,Plein jour,Hors agglomération,Hors intersection,Normale,Sans collision,,,,,,,,,,,1,1,1,1,7
200700021675,0007-04-24 18:50:00,7,4,24,18,50,350,238,"00, VERN (DE)",,,Plein jour,En agglomération,Intersection en X,Normale,Deux véhicules - côté,,,,,,,,,,,1,2,2,1,3
200700021676,0007-04-25 09:45:00,7,4,25,9,45,350,238,"00, FREVILLE (AVENUE HEN",,,Plein jour,En agglomération,Intersection en X,Pluie légère,Deux véhicules - frontale,,,,,,,,,,,1,2,2,2,1
200700021677,0007-04-25 13:45:00,7,4,25,13,45,350,238,"00, LORIENT (DE)",,,Plein jour,En agglomération,Hors intersection,Pluie légère,Deux véhicules - côté,,,,,,,,,,,1,2,1,2,3
200700021678,0007-04-25 15:25:00,7,4,25,15,25,350,238,"00, TILLON (AVENUE CHARL",,,Plein jour,En agglomération,Intersection en T,Normale,Deux véhicules - arrière,,,,,,,,,,,1,2,3,1,2
200700021679,0007-04-26 18:15:00,7,4,26,18,15,350,238,"8, NEMOURS ( DE)",,,Plein jour,En agglomération,Hors intersection,Normale,Autre collision,,,,,,,,,,,1,2,1,1,6
200700021680,0007-04-28 09:25:00,7,4,28,9,25,350,238,"67, MERMOZ (BOULEVARD JE",,,Plein jour,En agglomération,Hors intersection,Normale,Sans collision,,,,,,,,,,,1,2,1,1,7
200700021681,0007-04-28 12:40:00,7,4,28,12,40,350,238,"10, QUINTAINE (RUE DE LA",,,Plein jour,En agglomération,Hors intersection,Normale,Sans collision,,,,,,,,,,,1,2,1,1,7
200700021682,0007-04-28 15:30:00,7,4,28,15,30,350,189,"00, ROBIQUETTE ( BOULEVA",,,Plein jour,En agglomération,Hors intersection,Normale,Deux véhicules - arrière,,,,,,,,,,,1,2,1,1,2
200700021683,0007-04-20 16:05:00,7,4,20,16,5,350,288,"000000000, CHAPE CLAUDE",,,Plein jour,En agglomération,Hors intersection,Normale,Deux véhicules - arrière,,,,,,,,,,,1,2,1,1,2
200700021684,0007-04-04 20:00:00,7,4,4,20,0,360,44,"06, GARE (DE LA)",,,Plein jour,En agglomération,Hors intersection,Normale,Autre collision,,,,,,,,,,,1,2,1,1,6
200700021685,0007-04-07 11:55:00,7,4,7,11,55,360,44,"0, PATUREAU FRANCOEUR (",,,Plein jour,Hors agglomération,Intersection en X,Normale,Deux véhicules - côté,,,,,,,,,,,1,1,2,1,3
200700021686,0007-04-11 18:55:00,7,4,11,18,55,360,63,"0, ROUTE DEPARTEMENTALE",,,Plein jour,Hors agglomération,Hors intersection,Temps éblouissant,Trois véhicules et plus - en chaîne,,,,,,,,,,,1,1,1,7,4
200700021687,0007-04-10 17:55:00,7,4,10,17,55,360,44,"51, LEMOINE (AV MARCEL)",,,Plein jour,En agglomération,Hors intersection,Normale,Autre collision,,,,,,,,,,,1,2,1,1,6
200700021688,0007-04-25 19:00:00,7,4,25,19,0,360,44,"24, BOURGOGNE (DE)",,,Plein jour,En agglomération,Hors intersection,Normale,Autre collision,,,,,,,,,,,1,2,1,1,6
200700021689,0007-04-10 10:47:00,7,4,10,10,47,360,202,"1, SAINT-CYRAN (CHEMIN D",,,Plein jour,Hors agglomération,Intersection en X,Normale,Deux véhicules - côté,,,,,,,,,,,1,1,2,1,3
200700021690,0007-04-03 08:17:00,7,4,3,8,17,360,159,VELLES ( ROUTE DE ),,,Plein jour,Hors agglomération,Hors intersection,Normale,Deux véhicules - côté,,,,,,,,,,,1,1,1,1,3
200700021691,0007-04-03 21:10:00,7,4,3,21,10,360,44,"5, PASCAL (BD BLAISE)",,,Crépuscule ou aube,En agglomération,Hors intersection,Normale,Autre collision,,,,,,,,,,,2,2,1,1,6
200700021692,0007-04-04 19:45:00,7,4,4,19,45,360,44,"93, CLUIS (BD DE)",,,Plein jour,En agglomération,Hors intersection,Normale,Sans collision,,,,,,,,,,,1,2,1,1,7
200700021693,0007-04-06 07:03:00,7,4,6,7,3,360,44,JUSTICE (DU PALAIS DE),,,Plein jour,En agglomération,Hors intersection,Normale,Sans collision,,,,,,,,,,,1,2,1,1,7
200700021694,0007-04-11 12:10:00,7,4,11,12,10,360,44,RICHEPIN (JEAN),,,Plein jour,En agglomération,Intersection en T,Normale,Deux véhicules - frontale,,,,,,,,,,,1,2,3,1,1
200700021695,0007-04-12 10:08:00,7,4,12,10,8,360,44,"1, CHARLIER (IMP)",,,Plein jour,En agglomération,Hors intersection,Normale,Deux véhicules - côté,,,,,,,,,,,1,2,1,1,3
200700021696,0007-04-14 18:41:00,7,4,14,18,41,360,44,CHATRE (AV DE LA) DU 386,,,Plein jour,Hors agglomération,Intersection en X,Normale,Deux véhicules - arrière,,,,,,,,,,,1,1,2,1,2
200700021697,0007-04-19 19:25:00,7,4,19,19,25,360,44,"84, BRYAS (BD DE)",,,Plein jour,En agglomération,Intersection en X,Normale,Deux véhicules - côté,,,,,,,,,,,1,2,2,1,3
200700021698,0007-04-20 19:48:00,7,4,20,19,48,360,44,CHATRE (AV DE LA) DU 386,,,Plein jour,En agglomération,Hors intersection,Normale,Deux véhicules - frontale,,,,,,,,,,,1,2,1,1,1
200700021699,0007-04-20 20:35:00,7,4,20,20,35,360,44,DE GAULLE (AVENUE DU GEN,,,Plein jour,En agglomération,Hors intersection,Normale,Deux véhicules - arrière,,,,,,,,,,,1,2,1,1,2
200700021700,0007-04-20 21:40:00,7,4,20,21,40,360,44,"145, LEMOINE (AV MARCEL)",,,Nuit sans éclairage public,En agglomération,Hors intersection,Normale,Sans collision,,,,,,,,,,,3,2,1,1,7
200700021701,0007-04-27 00:05:00,7,4,27,0,5,360,63,"0, MARBAN (DE)",,,Nuit avec éclairage allumé,En agglomération,Intersection en T,Normale,Deux véhicules - côté,,,,,,,,,,,5,2,3,1,3
200700021702,0007-04-30 12:05:00,7,4,30,12,5,360,44,GAULTIER (PIERRE),,,Plein jour,En agglomération,Hors intersection,Normale,Sans collision,,,,,,,,,,,1,2,1,1,7