accident_id,datetime,annee,mois,jour,heure,minute,departement,commune_insee,adresse,latitude,longitude,luminosite,agglomeration,intersection,meteo,collision,nb_vehicules,nb_usagers,nb_indemnes,nb_tues,nb_blesses_hosp,nb_blesses_legers,age_cond_1,age_cond_2,veh_type_cond_1,veh_type_cond_2,lum_code,agg_code,int_code,atm_code,col_code
200700021971,0007-04-23 08:38:00,7,4,23,8,38,490,7,"0, PASQUIER",,,Plein jour,En agglomération,Intersection en T,Normale,Deux véhicules - côté,,,,,,,,,,,1,2,3,1,3
200700021972,0007-04-23 15:00:00,7,4,23,15,0,490,7,"17, FOCH BOULEVARD",,,Plein jour,En agglomération,Hors intersection,Normale,Autre collision,,,,,,,,,,,1,2,1,1,6
200700021973,0007-04-23 17:34:00,7,4,23,17,34,490,7,"0, CHURCHILL AVENUE ET S",,,Plein jour,En agglomération,Hors intersection,Normale,Deux véhicules - arrière,,,,,,,,,,,1,2,1,1,2
200700021974,0007-04-24 18:33:00,7,4,24,18,33,490,7,"0, BOISNET RUE",,,Plein jour,En agglomération,Intersection en X,Normale,Deux véhicules - côté,,,,,,,,,,,1,2,2,1,3
200700021975,0007-04-24 20:40:00,7,4,24,20,40,490,7,"0, RAMON BOULEVARD",,,Plein jour,En agglomération,Hors intersection,Normale,Autre collision,,,,,,,,,,,1,2,1,1,6
200700021976,0007-04-25 13:05:00,7,4,25,13,5,490,7,"0, FOCH BOULEVARD",,,Plein jour,En agglomération,Intersection en X,Normale,Deux véhicules - côté,,,,,,,,,,,1,2,2,1,3
200700021977,0007-04-26 15:46:00,7,4,26,15,46,490,15,"0, ENCLOS LIEU DIT L'",,,Plein jour,Hors agglomération,Intersection en X,Normale,Autre collision,,,,,,,,,,,1,1,2,1,6
200700021978,0007-04-26 17:31:00,7,4,26,17,31,490,7,"147, GASNIER AVENUE",,,Plein jour,En agglomération,Intersection en T,Normale,Trois véhicules et plus - en chaîne,,,,,,,,,,,1,2,3,1,4
200700021979,0007-04-28 20:52:00,7,4,28,20,52,490,7,"0, ATLANTIQUE  AVENUE DE",,,Nuit avec éclairage allumé,En agglomération,Hors intersection,Normale,Sans collision,,,,,,,,,,,5,2,1,1,7
200700021980,0007-04-29 14:23:00,7,4,29,14,23,490,7,"0, BOUCHEMAINE ROUTE",,,Plein jour,En agglomération,Hors intersection,Normale,Deux véhicules - arrière,,,,,,,,,,,1,2,1,1,2
200700021981,0007-04-06 12:10:00,7,4,6,12,10,490,99,"46, NATIONALE (RUE)",,,Plein jour,En agglomération,Hors intersection,Normale,Autre collision,,,,,,,,,,,1,2,1,1,6
200700021982,0007-04-13 22:10:00,7,4,13,22,10,490,99,"35, TRAVOT (PLACE )",,,Nuit avec éclairage allumé,En agglomération,Intersection en X,Temps couvert,Deux véhicules - côté,,,,,,,,,,,5,2,2,8,3
200700021983,0007-04-17 16:35:00,7,4,17,16,35,490,99,RN 249,,,Plein jour,Hors agglomération,Hors intersection,Normale,Deux véhicules - côté,,,,,,,,,,,1,1,1,1,3
200700021984,0007-04-19 17:45:00,7,4,19,17,45,490,99,LORRAINE (RUE DE),,,Plein jour,En agglomération,Intersection en X,Normale,Deux véhicules - côté,,,,,,,,,,,1,2,2,1,3
200700021985,0007-04-10 21:25:00,7,4,10,21,25,490,328,"174, LAMARTINE (RUE)",,,Nuit avec éclairage allumé,En agglomération,Hors intersection,Normale,Deux véhicules - frontale,,,,,,,,,,,5,2,1,1,1
200700021986,0007-04-20 15:50:00,7,4,20,15,50,490,328,"67, ROUEN (RUE DE) N 147",,,Plein jour,Hors agglomération,Hors intersection,Normale,Autre collision,,,,,,,,,,,1,1,1,1,6
200700021987,0007-04-05 06:20:00,7,4,5,6,20,500,129,"00, FOURCHES (RUE DES)",,,Crépuscule ou aube,En agglomération,Intersection en T,Normale,Sans collision,,,,,,,,,,,2,2,3,1,7
200700021988,0007-04-11 16:15:00,7,4,11,16,15,500,203,"00, HIPPODROME (rue de l",,,Plein jour,En agglomération,Intersection en T,Normale,Deux véhicules - côté,,,,,,,,,,,1,2,3,1,3
200700021989,0007-04-12 14:15:00,7,4,12,14,15,500,129,"00, BRANLY (RUE EDOUARD)",,,Plein jour,En agglomération,Intersection en X,Normale,Sans collision,,,,,,,,,,,1,2,2,1,7
200700021990,0007-04-12 15:15:00,7,4,12,15,15,500,129,"00, GAMBETTA (RUE)",,,Plein jour,En agglomération,Hors intersection,Normale,Sans collision,,,,,,,,,,,1,2,1,1,7
200700021991,0007-04-15 17:05:00,7,4,15,17,5,500,602,"0, LAUBEUF (RUE MAXIME)",,,Plein jour,En agglomération,Hors intersection,Normale,Deux véhicules - arrière,,,,,,,,,,,1,2,1,1,2
200700021992,0007-04-16 18:55:00,7,4,16,18,55,500,129,"47, MACONS (RUE DES)",,,Plein jour,En agglomération,Hors intersection,Normale,Sans collision,,,,,,,,,,,1,2,1,1,7
200700021993,0007-04-17 17:35:00,7,4,17,17,35,500,129,"0, SCHMITT (AVENUE RENE)",,,Plein jour,En agglomération,Hors intersection,Normale,Deux véhicules - arrière,,,,,,,,,,,1,2,1,1,2
200700021994,0007-04-20 11:30:00,7,4,20,11,30,500,602,"00, GRAND PRE (RUE DU)",,,Plein jour,En agglomération,Hors intersection,Normale,Deux véhicules - arrière,,,,,,,,,,,1,2,1,1,2
200700021995,0007-04-20 15:10:00,7,4,20,15,10,500,129,"0, AMIOT (BOULEVARD FELI",,,Plein jour,En agglomération,Intersection en T,Normale,Deux véhicules - arrière,,,,,,,,,,,1,2,3,1,2
200700021996,0007-04-21 21:15:00,7,4,21,21,15,500,129,"00, SALENGRO (RUE ROGER)",,,Crépuscule ou aube,En agglomération,Intersection en X,Normale,Deux véhicules - arrière,,,,,,,,,,,2,2,2,1,2
200700021997,0007-04-22 21:05:00,7,4,22,21,5,500,173,"0, ARAGO (RUE)",,,Nuit avec éclairage allumé,En agglomération,Intersection en T,Normale,Deux véhicules - côté,,,,,,,,,,,5,2,3,1,3
200700021998,0007-04-25 17:00:00,7,4,25,17,0,500,129,"28.820, ABBAYE (RUE DE L",,,Plein jour,En agglomération,Hors intersection,Normale,Deux véhicules - arrière,,,,,,,,,,,1,2,1,1,2
200700021999,0007-04-26 14:35:00,7,4,26,14,35,500,129,"24, HUGO (RUE VICTOR)",,,Plein jour,En agglomération,Hors intersection,Normale,Deux véhicules - frontale,,,,,,,,,,,1,2,1,1,1
200700022000,0007-04-26 17:05:00,7,4,26,17,5,500,129,"0, THEMIS (ROND POINT DE",,,Plein jour,En agglomération,Giratoire,Normale,Deux véhicules - côté,,,,,,,,,,,1,2,6,1,3
200700022001,0007-04-28 19:10:00,7,4,28,19,10,500,129,"110, ABBAYE (RUE DE L')",,,Plein jour,En agglomération,Intersection en T,Normale,Deux véhicules - arrière,,,,,,,,,,,1,2,3,1,2
200700022002,0007-04-29 05:10:00,7,4,29,5,10,500,129,"11, NORMANDIE (AVENUE)",,,Nuit avec éclairage allumé,En agglomération,Hors intersection,Normale,Autre collision,,,,,,,,,,,5,2,1,1,6
200700022003,0007-04-02 18:00:00,7,4,2,18,0,500,147,GEOFFROY DE MONTBRAY,,,Plein jour,En agglomération,Intersection en T,Normale,Deux véhicules - côté,,,,,,,,,,,1,2,3,1,3
200700022004,0007-04-14 17:55:00,7,4,14,17,55,500,218,"4, NOTRE DAME (PLACE)",,,Plein jour,En agglomération,Hors intersection,Normale,Autre collision,,,,,,,,,,,1,2,1,1,6
200700022005,0007-04-25 16:58:00,7,4,25,16,58,500,218,"576, VILLEDIEU LES POELE",,,Plein jour,En agglomération,Hors intersection,Normale,Deux véhicules - côté,,,,,,,,,,,1,2,1,1,3
200700022006,0007-04-24 17:10:00,7,4,24,17,10,500,502,"100, DUNANT (HENRI)",,,Plein jour,En agglomération,Hors intersection,Normale,Trois véhicules et plus - en chaîne,,,,,,,,,,,1,2,1,1,4
200700022007,0007-04-05 07:50:00,7,4,5,7,50,510,108,"1, LANGEVIN (DOCTEUR)",,,Plein jour,En agglomération,Hors intersection,Normale,Autre collision,,,,,,,,,,,1,2,1,1,6
200700022008,0007-04-06 03:30:00,7,4,6,3,30,510,108,RN 44,,,Nuit sans éclairage public,Hors agglomération,Hors intersection,Normale,Sans collision,,,,,,,,,,,3,1,1,1,7
200700022009,0007-04-08 17:45:00,7,4,8,17,45,510,108,"1, PRIEUR DE LA MARNE (R",,,Plein jour,En agglomération,Intersection en T,Normale,Deux véhicules - côté,,,,,,,,,,,1,2,3,1,3
200700022010,0007-04-13 21:40:00,7,4,13,21,40,510,108,"78, DERRIEN (RUE DU COMM",,,Nuit avec éclairage allumé,En agglomération,Hors intersection,Normale,Autre collision,,,,,,,,,,,5,2,1,1,6
200700022011,0007-04-15 09:05:00,7,4,15,9,5,510,108,ROOSEVELT (AVE PRESIDENT,,,Plein jour,En agglomération,Hors intersection,Normale,Autre collision,,,,,,,,,,,1,2,1,1,6
200700022012,0007-04-16 19:20:00,7,4,16,19,20,510,108,"1, ALLIES (AVE DES) (DE",,,Plein jour,En agglomération,Hors intersection,Normale,Deux véhicules - frontale,,,,,,,,,,,1,2,1,1,1
200700022013,0007-04-12 18:50:00,7,4,12,18,50,510,108,"1, VIEILLES POSTES (RUE",,,Plein jour,En agglomération,Intersection en X,Normale,Deux véhicules - côté,,,,,,,,,,,1,2,2,1,3
200700022014,0007-04-19 10:50:00,7,4,19,10,50,510,108,AUBRIET (RUE CLAUDE),,,Plein jour,En agglomération,Intersection en X,Normale,Deux véhicules - côté,,,,,,,,,,,1,2,2,1,3
200700022015,0007-04-29 01:30:00,7,4,29,1,30,510,108,"1, MOULIN PICOT",,,Nuit avec éclairage allumé,En agglomération,Hors intersection,Normale,Sans collision,,,,,,,,,,,5,2,1,1,7
200700022016,0007-04-07 15:40:00,7,4,7,15,40,510,230,LEGER-BERTIN,,,Plein jour,En agglomération,Intersection en X,Normale,Deux véhicules - côté,,,,,,,,,,,1,2,2,1,3
200700022017,0007-04-10 07:50:00,7,4,10,7,50,510,431,"42, GENERAL DE GAULLE (R",,,Plein jour,En agglomération,Place,Normale,Autre collision,,,,,,,,,,,1,2,7,1,6
200700022018,0007-04-21 17:30:00,7,4,21,17,30,510,230,REIMS (RUE DE),,,Plein jour,En agglomération,Hors intersection,Normale,Deux véhicules - arrière,,,,,,,,,,,1,2,1,1,2
200700022019,0007-04-04 13:55:00,7,4,4,13,55,510,172,NIEPCE (AVENUE NICEPHORE,,,Plein jour,En agglomération,Hors intersection,Normale,Deux véhicules - côté,,,,,,,,,,,1,2,1,1,3
200700022020,0007-04-06 17:00:00,7,4,6,17,0,510,454,VENISE (RUE),,,Plein jour,En agglomération,Hors intersection,Normale,Autre collision,,,,,,,,,,,1,2,1,1,6
200700022021,0007-04-10 12:35:00,7,4,10,12,35,510,454,"0, BREBANT (AVENUE) DU 1",,,Plein jour,En agglomération,Intersection en T,Normale,Deux véhicules - côté,,,,,,,,,,,1,2,3,1,3
200700022022,0007-04-12 18:20:00,7,4,12,18,20,510,454,DOUMER (BOULEVARD PAUL),,,Plein jour,En agglomération,Autre intersection,Normale,Deux véhicules - côté,,,,,,,,,,,1,2,9,1,3
200700022023,0007-04-13 10:50:00,7,4,13,10,50,510,454,WILSON (BOULEVARD DU PRE,,,Plein jour,En agglomération,Hors intersection,Normale,Autre collision,,,,,,,,,,,1,2,1,1,6
200700022024,0007-04-14 16:25:00,7,4,14,16,25,510,454,HUET (RUE ANDRE),,,Plein jour,En agglomération,Hors intersection,Normale,Trois véhicules et plus - collisions multiples,,,,,,,,,,,1,2,1,1,5
200700022025,0007-04-16 12:50:00,7,4,16,12,50,510,454,"127, NEUFCHATEL (RUE DE)",,,Plein jour,En agglomération,Intersection en X,Temps éblouissant,Deux véhicules - frontale,,,,,,,,,,,1,2,2,7,1
200700022026,0007-04-17 15:25:00,7,4,17,15,25,510,172,ALLEUX (RUE DES),,,Plein jour,En agglomération,Giratoire,Normale,Autre collision,,,,,,,,,,,1,2,6,1,6
200700022027,0007-04-18 18:25:00,7,4,18,18,25,510,454,JAURES (AVENUE JEAN ) DU,,,Plein jour,En agglomération,Intersection en T,Normale,Deux véhicules - côté,,,,,,,,,,,1,2,3,1,3
200700022028,0007-04-27 01:10:00,7,4,27,1,10,510,454,LIBERGIER (RUE),,,Nuit avec éclairage allumé,En agglomération,Intersection en X,Normale,Deux véhicules - côté,,,,,,,,,,,5,2,2,1,3
200700022029,0007-04-30 16:45:00,7,4,30,16,45,510,454,BARTHOU (BOULEVARD LOUIS,,,Plein jour,En agglomération,Giratoire,Normale,Autre collision,,,,,,,,,,,1,2,6,1,6
200700022030,0007-04-14 15:05:00,7,4,14,15,5,520,121,RD 619,,,Plein jour,Hors agglomération,Intersection en X,Normale,Deux véhicules - côté,,,,,,,,,,,1,1,2,1,3
200700022031,0007-04-19 17:40:00,7,4,19,17,40,520,121,RD 674,,,Plein jour,En agglomération,Hors intersection,Normale,Trois véhicules et plus - en chaîne,,,,,,,,,,,1,2,1,1,4
200700022032,0007-04-06 17:05:00,7,4,6,17,5,520,534,"78, VILLIERS EN LIEU (RO",,,Plein jour,Hors agglomération,Hors intersection,Normale,Autre collision,,,,,,,,,,,1,1,1,1,6
200700022033,0007-04-14 14:15:00,7,4,14,14,15,520,448,"05, COMMUNE DE PARIS (RU",,,Plein jour,En agglomération,Autre intersection,Normale,Deux véhicules - côté,,,,,,,,,,,1,2,9,1,3
200700022034,0007-04-29 10:40:00,7,4,29,10,40,520,448,"121, REPUBLIQUE (AVE DE",,,Plein jour,En agglomération,Hors intersection,Normale,Deux véhicules - côté,,,,,,,,,,,1,2,1,1,3
200700022035,0007-04-03 07:40:00,7,4,3,7,40,530,130,TISSERANDS ( BOULEVARD D,,,Plein jour,En agglomération,Hors intersection,Normale,Deux véhicules - côté,,,,,,,,,,,1,2,1,1,3
200700022036,0007-04-07 16:45:00,7,4,7,16,45,530,130,"0, DU GUESCLIN ( BOULEVA",,,Plein jour,En agglomération,Intersection en X,Normale,Autre collision,,,,,,,,,,,1,2,2,1,6
200700022037,0007-04-25 17:55:00,7,4,25,17,55,530,130,ARAGO ( BOULEVARD ),,,Plein jour,Hors agglomération,Hors intersection,Normale,Deux véhicules - arrière,,,,,,,,,,,1,1,1,1,2
200700022038,0007-04-29 04:20:00,7,4,29,4,20,530,201,SERVINIERE ( LIEU DIT LA,,,Nuit avec éclairage allumé,Hors agglomération,Giratoire,Normale,Autre collision,,,,,,,,,,,5,1,6,1,6
200700022039,0007-04-29 14:26:00,7,4,29,14,26,530,130,"38, JUGAN ( RUE JEANNE )",,,Plein jour,En agglomération,Hors intersection,Normale,Sans collision,,,,,,,,,,,1,2,1,1,7
200700022040,0007-04-30 16:15:00,7,4,30,16,15,540,99,137 (RD),,,Plein jour,Hors agglomération,Hors intersection,Normale,Deux véhicules - côté,,,,,,,,,,,1,1,1,1,3
200700022041,0007-04-05 11:00:00,7,4,5,11,0,540,159,"28, MATHIEU DE DOMBASLE",,,Plein jour,En agglomération,Intersection en X,Normale,Deux véhicules - côté,,,,,,,,,,,1,2,2,1,3
200700022042,0007-04-25 18:10:00,7,4,25,18,10,540,323,"42, ALBERT THOMAS (RUE)",,,Plein jour,En agglomération,Intersection en X,Normale,Deux véhicules - côté,,,,,,,,,,,1,2,2,1,3
200700022043,0007-04-29 00:40:00,7,4,29,0,40,540,382,"40, LILLE (RUE DE)",,,Nuit avec éclairage allumé,En agglomération,Hors intersection,Normale,Autre collision,,,,,,,,,,,5,2,1,1,6
200700022044,0007-04-20 17:37:00,7,4,20,17,37,540,329,"1, PLACE DE LA 2° DC",,,Plein jour,En agglomération,Intersection en T,Normale,Deux véhicules - côté,,,,,,,,,,,1,2,3,1,3
200700022045,0007-04-01 19:00:00,7,4,1,19,0,540,547,"1, RD 674",,,Plein jour,Hors agglomération,Hors intersection,Normale,Deux véhicules - côté,,,,,,,,,,,1,1,1,1,3
200700022046,0007-04-02 11:00:00,7,4,2,11,0,540,395,"1, STRASBOURG (AVENUE DE",,,Plein jour,En agglomération,Hors intersection,Normale,Deux véhicules - côté,,,,,,,,,,,1,2,1,1,3
200700022047,0007-04-02 14:35:00,7,4,2,14,35,540,395,"1, STRASBOURG (AVENUE DE",,,Plein jour,En agglomération,Intersection en T,Normale,Deux véhicules - arrière,,,,,,,,,,,1,2,3,1,2
200700022048,0007-04-03 16:00:00,7,4,3,16,0,540,395,PIXERECOURT (RUE GUILBER,,,Plein jour,En agglomération,Intersection en T,Normale,Autre collision,,,,,,,,,,,1,2,3,1,6
200700022049,0007-04-04 00:35:00,7,4,4,0,35,540,395,"2, BOUFFLERS (AVENUE) DE",,,Nuit avec éclairage allumé,En agglomération,Intersection en Y,Normale,Autre collision,,,,,,,,,,,5,2,4,1,6
200700022050,0007-04-04 10:08:00,7,4,4,10,8,540,439,"1, TENDON (RUE DU)",,,Plein jour,En agglomération,Intersection en T,Normale,Deux véhicules - côté,,,,,,,,,,,1,2,3,1,3
200700022051,0007-04-05 19:20:00,7,4,5,19,20,540,357,REPUBLIQUE (RUE DE LA),,,Plein jour,En agglomération,Intersection en X,Normale,Deux véhicules - côté,,,,,,,,,,,1,2,2,1,3
200700022052,0007-04-06 21:10:00,7,4,6,21,10,540,526,"1, BOIS LA DAME (CHEMIN",,,Nuit avec éclairage allumé,En agglomération,Intersection à plus de 4 branches,Normale,Autre collision,,,,,,,,,,,5,2,5,1,6
200700022053,0007-04-06 21:30:00,7,4,6,21,30,540,184,"1, BRIGACHTAL (AVENUE DE",,,Nuit avec éclairage allumé,En agglomération,Intersection à plus de 4 branches,Normale,Deux véhicules - côté,,,,,,,,,,,5,2,5,1,3
200700022054,0007-04-08 21:15:00,7,4,8,21,15,540,265,RD 570,,,Nuit sans éclairage public,Hors agglomération,Hors intersection,Normale,Deux véhicules - frontale,,,,,,,,,,,3,1,1,1,1
200700022055,0007-04-09 15:55:00,7,4,9,15,55,540,395,"1, MOUILLERON (RUE GABRI",,,Plein jour,En agglomération,Intersection en X,Normale,Sans collision,,,,,,,,,,,1,2,2,1,7
200700022056,0007-04-10 08:50:00,7,4,10,8,50,540,300,"1, GALTIER (RUE LUCIEN)",,,Plein jour,En agglomération,Intersection en T,Normale,Deux véhicules - arrière,,,,,,,,,,,1,2,3,1,2
200700022057,0007-04-10 12:15:00,7,4,10,12,15,540,339,"109, LECLERC (AVENUE ET",,,Plein jour,Hors agglomération,Hors intersection,Normale,Deux véhicules - arrière,,,,,,,,,,,1,1,1,1,2
200700022058,0007-04-10 16:55:00,7,4,10,16,55,540,395,"1, ARMEE PATTON (RUE DE",,,Plein jour,En agglomération,Intersection en X,Normale,Sans collision,,,,,,,,,,,1,2,2,1,7
200700022059,0007-04-11 08:00:00,7,4,11,8,0,540,395,"1, SAINT LEON (RUE ET EG",,,Plein jour,Hors agglomération,Intersection en X,Normale,Deux véhicules - côté,,,,,,,,,,,1,1,2,1,3
200700022060,0007-04-11 12:00:00,7,4,11,12,0,540,547,ARC (AVENUE JEANNE D'),,,Plein jour,En agglomération,Intersection en T,Normale,Deux véhicules - côté,,,,,,,,,,,1,2,3,1,3
200700022061,0007-04-12 23:50:00,7,4,12,23,50,540,395,"18, MAZAGRAN (RUE)",,,Nuit avec éclairage allumé,En agglomération,Intersection en T,Normale,Deux véhicules - arrière,,,,,,,,,,,5,2,3,1,2
200700022062,0007-04-12 15:00:00,7,4,12,15,0,540,274,"125, REPUBLIQUE (RUE DE",,,Plein jour,En agglomération,Hors intersection,Normale,Deux véhicules - côté,,,,,,,,,,,1,2,1,1,3
200700022063,0007-04-13 12:20:00,7,4,13,12,20,540,265,"1, SELLIER (RUE)",,,Plein jour,Hors agglomération,Intersection en T,Normale,Deux véhicules - côté,,,,,,,,,,,1,1,3,1,3
200700022064,0007-04-13 22:55:00,7,4,13,22,55,540,395,"1, OBERLIN (RUE)",,,Nuit avec éclairage allumé,En agglomération,Hors intersection,Normale,Autre collision,,,,,,,,,,,5,2,1,1,6
200700022065,0007-04-14 14:30:00,7,4,14,14,30,540,395,"15, JOFFRE (BOULEVARD)",,,Plein jour,En agglomération,Intersection en T,Normale,Autre collision,,,,,,,,,,,1,2,3,1,6
200700022066,0007-04-15 13:10:00,7,4,15,13,10,540,300,GALTIER (RUE LUCIEN),,,Plein jour,En agglomération,Intersection en T,Normale,Deux véhicules - arrière,,,,,,,,,,,1,2,3,1,2
200700022067,0007-04-16 13:35:00,7,4,16,13,35,540,578,"7, CATTENOZ (BD DU DOCTE",,,Plein jour,En agglomération,Hors intersection,Normale,Deux véhicules - côté,,,,,,,,,,,1,2,1,1,3
200700022068,0007-04-16 23:10:00,7,4,16,23,10,540,395,"1, KENNEDY (VIADUC)",,,Nuit avec éclairage allumé,En agglomération,Hors intersection,Normale,Sans collision,,,,,,,,,,,5,2,1,1,7
200700022069,0007-04-17 12:55:00,7,4,17,12,55,540,395,LECLERC (AV. DU GENERAL),,,Plein jour,En agglomération,Hors intersection,Normale,Autre collision,,,,,,,,,,,1,2,1,1,6
200700022070,0007-04-18 15:25:00,7,4,18,15,25,540,395,"1, LEOPOLD (COURS)",,,Plein jour,En agglomération,Autre intersection,Normale,Trois véhicules et plus - en chaîne,,,,,,,,,,,1,2,9,1,4
200700022071,0007-04-18 18:55:00,7,4,18,18,55,540,395,"1, JOFFRE (BOULEVARD)",,,Plein jour,En agglomération,Intersection à plus de 4 branches,Normale,Deux véhicules - côté,,,,,,,,,,,1,2,5,1,3
200700022072,0007-04-20 08:00:00,7,4,20,8,0,540,395,"08, BONSECOURS (RUE DE)",,,Plein jour,En agglomération,Hors intersection,Normale,Deux véhicules - côté,,,,,,,,,,,1,2,1,1,3
200700022073,0007-04-20 12:55:00,7,4,20,12,55,540,304,"1, RESISTANCE (AV. DE LA",,,Plein jour,En agglomération,Intersection en T,Normale,Deux véhicules - côté,,,,,,,,,,,1,2,3,1,3
200700022074,0007-04-20 17:00:00,7,4,20,17,0,540,25,RD 126,,,Plein jour,Hors agglomération,Hors intersection,Normale,Trois véhicules et plus - collisions multiples,,,,,,,,,,,1,1,1,1,5
200700022075,0007-04-21 00:20:00,7,4,21,0,20,540,578,AIGUILLETTES  (BD 1 A 73,,,Nuit avec éclairage allumé,En agglomération,Intersection en X,Normale,Deux véhicules - côté,,,,,,,,,,,5,2,2,1,3
200700022076,0007-04-21 08:00:00,7,4,21,8,0,540,395,"1, MAZAGRAN (RUE)",,,Plein jour,En agglomération,Hors intersection,Normale,Deux véhicules - côté,,,,,,,,,,,1,2,1,1,3
200700022077,0007-04-22 13:00:00,7,4,22,13,0,540,547,"23, MIRECOURT (ROUTE DE)",,,Plein jour,En agglomération,Hors intersection,Normale,Autre collision,,,,,,,,,,,1,2,1,1,6
200700022078,0007-04-22 15:35:00,7,4,22,15,35,540,547,"1, CHARLES DE GAULLE (RO",,,Plein jour,En agglomération,Hors intersection,Normale,Trois véhicules et plus - en chaîne,,,,,,,,,,,1,2,1,1,4
200700022079,0007-04-22 16:40:00,7,4,22,16,40,540,395,"1, MICHOTTES (RUE DES)",,,Plein jour,En agglomération,Intersection en X,Normale,Deux véhicules - côté,,,,,,,,,,,1,2,2,1,3
200700022080,0007-04-22 21:50:00,7,4,22,21,50,540,395,"28, REPUBLIQUE (RUE DE L",,,Nuit avec éclairage allumé,En agglomération,Intersection en X,Normale,Deux véhicules - arrière,,,,,,,,,,,5,2,2,1,2
200700022081,0007-04-23 08:30:00,7,4,23,8,30,540,395,MOTHE (RUE DE LA),,,Plein jour,En agglomération,Intersection en X,Normale,Deux véhicules - côté,,,,,,,,,,,1,2,2,1,3
200700022082,0007-04-23 10:35:00,7,4,23,10,35,540,304,"1, AIGUILLETTES  (BD 16",,,Plein jour,En agglomération,Intersection en X,Normale,Deux véhicules - côté,,,,,,,,,,,1,2,2,1,3
200700022083,0007-04-23 14:00:00,7,4,23,14,0,540,184,"1, SAULXURES (AVENUE DE)",,,Plein jour,En agglomération,Giratoire,Normale,Autre collision,,,,,,,,,,,1,2,6,1,6
200700022084,0007-04-24 07:10:00,7,4,24,7,10,540,482,CARNOT (AVENUE),,,Plein jour,En agglomération,Intersection en X,Normale,Deux véhicules - côté,,,,,,,,,,,1,2,2,1,3
200700022085,0007-04-19 08:30:00,7,4,19,8,30,540,482,WASHINGTON (RUE),,,Plein jour,En agglomération,Hors intersection,Normale,Deux véhicules - arrière,,,,,,,,,,,1,2,1,1,2
200700022086,0007-04-25 17:00:00,7,4,25,17,0,540,395,"22, VANNOZ (RUE MADAME D",,,Plein jour,En agglomération,Hors intersection,Normale,Autre collision,,,,,,,,,,,1,2,1,1,6
200700022087,0007-04-26 14:40:00,7,4,26,14,40,540,395,"256, ARC (RUE JEANNE D'",,,Plein jour,En agglomération,Intersection en X,Normale,Autre collision,,,,,,,,,,,1,2,2,1,6
200700022088,0007-04-26 14:50:00,7,4,26,14,50,540,498,"17, RD 674",,,Plein jour,Hors agglomération,Intersection en T,Normale,Trois véhicules et plus - collisions multiples,,,,,,,,,,,1,1,3,1,5
200700022089,0007-04-26 17:50:00,7,4,26,17,50,540,547,"312, LECLERC (AVENUE DU",,,Plein jour,En agglomération,Hors intersection,Normale,Deux véhicules - côté,,,,,,,,,,,1,2,1,1,3
200700022090,0007-04-26 18:30:00,7,4,26,18,30,540,395,"150, STRASBOURG (AVENUE",,,Plein jour,En agglomération,Intersection en T,Normale,Deux véhicules - arrière,,,,,,,,,,,1,2,3,1,2
200700022091,0007-04-26 23:05:00,7,4,26,23,5,540,357,", RD 30",,,Nuit avec éclairage allumé,Hors agglomération,Intersection en X,Normale,Deux véhicules - frontale,,,,,,,,,,,5,1,2,1,1
200700022092,0007-04-27 11:55:00,7,4,27,11,55,540,395,"39, LEOPOLD (COURS)",,,Plein jour,En agglomération,Hors intersection,Normale,Autre collision,,,,,,,,,,,1,2,1,1,6
200700022093,0007-04-27 14:15:00,7,4,27,14,15,540,395,"10, ALBERT 1ER  (BD)",,,Plein jour,En agglomération,Hors intersection,Normale,Autre collision,,,,,,,,,,,1,2,1,1,6
200700022094,0007-04-29 10:00:00,7,4,29,10,0,540,395,HAUSSONVILLE (BD D'),,,Plein jour,En agglomération,Intersection en X,Normale,Deux véhicules - côté,,,,,,,,,,,1,2,2,1,3
200700022095,0007-04-30 15:20:00,7,4,30,15,20,540,395,METZ (RUE DE),,,Plein jour,En agglomération,Intersection en T,Normale,Deux véhicules - côté,,,,,,,,,,,1,2,3,1,3
200700022096,0007-04-21 23:48:00,7,4,21,23,48,540,528,"6, ARISTIDE BRIAND (BOUL",,,Nuit avec éclairage allumé,En agglomération,Hors intersection,Normale,Autre collision,,,,,,,,,,,5,2,1,1,6
200700022097,0007-04-24 17:50:00,7,4,24,17,50,540,528,1ERE ARMEE FRANCAISE,,,Plein jour,En agglomération,Intersection en T,Normale,Trois véhicules et plus - en chaîne,,,,,,,,,,,1,2,3,1,4
200700022098,0007-04-05 15:55:00,7,4,5,15,55,540,580,VERDUN (RUE DE),,,Plein jour,En agglomération,Intersection en T,Normale,Deux véhicules - côté,,,,,,,,,,,1,2,3,1,3
200700022099,0007-04-30 18:30:00,7,4,30,18,30,540,580,GAMBETTA (RUE),,,Plein jour,En agglomération,Hors intersection,Normale,Deux véhicules - côté,,,,,,,,,,,1,2,1,1,3
200700022100,0007-04-14 00:01:00,7,4,14,0,1,550,29,"59, ROCHELLE ( BOULEVARD",,,Nuit avec éclairage allumé,Hors agglomération,Intersection en X,Normale,Deux véhicules - côté,,,,,,,,,,,5,1,2,1,3
200700022101,0007-04-14 16:25:00,7,4,14,16,25,550,29,"4, GLYCINES ( RUE DES )",,,Plein jour,En agglomération,Hors intersection,Normale,Deux véhicules - côté,,,,,,,,,,,1,2,1,1,3
200700022102,0007-04-17 17:40:00,7,4,17,17,40,550,186,LIBERATION ( AVENUE DE L,,,Plein jour,En agglomération,Hors intersection,Normale,Deux véhicules - arrière,,,,,,,,,,,1,2,1,1,2
200700022103,0007-04-19 12:10:00,7,4,19,12,10,550,545,JEAN JAURES,,,Plein jour,En agglomération,Hors intersection,Normale,Deux véhicules - arrière,,,,,,,,,,,1,2,1,1,2