accident_id,datetime,annee,mois,jour,heure,minute,departement,commune_insee,adresse,latitude,longitude,luminosite,agglomeration,intersection,meteo,collision,nb_vehicules,nb_usagers,nb_indemnes,nb_tues,nb_blesses_hosp,nb_blesses_legers,age_cond_1,age_cond_2,veh_type_cond_1,veh_type_cond_2,lum_code,agg_code,int_code,atm_code,col_code
200700022104,0007-04-23 17:09:00,7,4,23,17,9,550,505,"0, HENRY SOMNARD",,,Plein jour,En agglomération,Hors intersection,Normale,Deux véhicules - côté,,,,,,,,,,,1,2,1,1,3
200700022105,0007-04-02 08:06:00,7,4,2,8,6,560,121,"., GAMBETTA (RUE LEON)",,,Plein jour,En agglomération,Intersection en X,Normale,Deux véhicules - côté,,,,,,,,,,,1,2,2,1,3
200700022106,0007-04-02 14:11:00,7,4,2,14,11,560,121,"30, LANVEUR ( ET PL. DE",,,Plein jour,En agglomération,Hors intersection,Normale,Autre collision,,,,,,,,,,,1,2,1,1,6
200700022107,0007-04-02 16:00:00,7,4,2,16,0,560,107,"., QUEHELLO (RUE DE)",,,Plein jour,Hors agglomération,Hors intersection,Normale,Autre collision,,,,,,,,,,,1,1,1,1,6
200700022108,0007-04-07 11:50:00,7,4,7,11,50,560,98,"165, JAURES (RUE  JEAN )",,,Plein jour,Hors agglomération,Hors intersection,Normale,Deux véhicules - côté,,,,,,,,,,,1,1,1,1,3
200700022109,0007-04-07 20:04:00,7,4,7,20,4,560,107,"32, PLOEMEUR (RUE DE)",,,Crépuscule ou aube,En agglomération,Hors intersection,Normale,Autre collision,,,,,,,,,,,2,2,1,1,6
200700022110,0007-04-13 11:40:00,7,4,13,11,40,560,162,"., ROUTE DEPARTEMENTALE",,,Plein jour,Hors agglomération,Intersection en X,Normale,Deux véhicules - côté,,,,,,,,,,,1,1,2,1,3
200700022111,0007-04-15 11:50:00,7,4,15,11,50,560,162,"02, STADE (AVENUE DU)",,,Plein jour,En agglomération,Intersection en X,Normale,Deux véhicules - côté,,,,,,,,,,,1,2,2,1,3
200700022112,0007-04-15 17:00:00,7,4,15,17,0,560,121,ROUTE DEPARTEMENTALE 465,,,Plein jour,En agglomération,Hors intersection,Normale,Autre collision,,,,,,,,,,,1,2,1,1,6
200700022113,0007-04-15 19:50:00,7,4,15,19,50,560,107,"06, TOULHARS (BOULEVARD",,,Plein jour,En agglomération,Hors intersection,Normale,Autre collision,,,,,,,,,,,1,2,1,1,6
200700022114,0007-04-15 20:55:00,7,4,15,20,55,560,98,"., MITTERAND ( AV. FRANC",,,Crépuscule ou aube,En agglomération,Giratoire,Normale,Sans collision,,,,,,,,,,,2,2,6,1,7
200700022115,0007-04-15 06:30:00,7,4,15,6,30,560,83,"., KERPOTENCE (RUE  DE )",,,Nuit avec éclairage allumé,En agglomération,Hors intersection,Normale,Sans collision,,,,,,,,,,,5,2,1,1,7
200700022116,0007-04-17 19:27:00,7,4,17,19,27,560,121,"09, NORMANDIE ( BD ET IM",,,Plein jour,En agglomération,Hors intersection,Normale,Deux véhicules - arrière,,,,,,,,,,,1,2,1,1,2
200700022117,0007-04-20 14:35:00,7,4,20,14,35,560,121,"., HALLES SAINT LOUIS (",,,Plein jour,En agglomération,Hors intersection,Normale,Autre collision,,,,,,,,,,,1,2,1,1,6
200700022118,0007-04-20 22:36:00,7,4,20,22,36,560,98,"., STALINGRAD ( AV. ET I",,,Plein jour,En agglomération,Intersection en X,Normale,Deux véhicules - arrière,,,,,,,,,,,1,2,2,1,2
200700022119,0007-04-23 17:15:00,7,4,23,17,15,560,121,"., NORMANDIE ( BD ET IMP",,,Plein jour,En agglomération,Hors intersection,Normale,Deux véhicules - côté,,,,,,,,,,,1,2,1,1,3
200700022120,0007-04-25 09:33:00,7,4,25,9,33,560,121,"24 bis, JAURES ( AVE JEA",,,Plein jour,En agglomération,Hors intersection,Normale,Deux véhicules - côté,,,,,,,,,,,1,2,1,1,3
200700022121,0007-04-28 12:00:00,7,4,28,12,0,560,121,"37, LARMOR (RUE  DE )",,,Plein jour,En agglomération,Hors intersection,Normale,Autre collision,,,,,,,,,,,1,2,1,1,6
200700022122,0007-04-28 15:20:00,7,4,28,15,20,560,98,"., ZEDE (RUE  GUSTAVE )",,,Plein jour,En agglomération,Hors intersection,Normale,Deux véhicules - côté,,,,,,,,,,,1,2,1,1,3
200700022123,0007-04-29 08:00:00,7,4,29,8,0,560,162,"., ANSE DU STOLE (RUE)",,,Plein jour,En agglomération,Hors intersection,Normale,Sans collision,,,,,,,,,,,1,2,1,1,7
200700022124,0007-04-29 10:35:00,7,4,29,10,35,560,98,"., MALACHAPPE (LIEU-DIT)",,,Plein jour,Hors agglomération,Hors intersection,Normale,Sans collision,,,,,,,,,,,1,1,1,1,7
200700022125,0007-04-05 12:20:00,7,4,5,12,20,560,260,"57, ILES(BOULEVARD DES)",,,Plein jour,En agglomération,Hors intersection,Normale,Deux véhicules - côté,,,,,,,,,,,1,2,1,1,3
200700022126,0007-04-08 12:35:00,7,4,8,12,35,560,260,"14, MONTAIGNE(RUE)",,,Plein jour,En agglomération,Hors intersection,Normale,Deux véhicules - frontale,,,,,,,,,,,1,2,1,1,1
200700022127,0007-04-13 03:00:00,7,4,13,3,0,560,260,"., ILES(GIRATOIRE DES)",,,Nuit avec éclairage allumé,En agglomération,Giratoire,Normale,Sans collision,,,,,,,,,,,5,2,6,1,7
200700022128,0007-04-14 10:40:00,7,4,14,10,40,560,260,"83, VERDUN(AVENUE DE)",,,Plein jour,En agglomération,Hors intersection,Normale,Autre collision,,,,,,,,,,,1,2,1,1,6
200700022129,0007-04-20 09:00:00,7,4,20,9,0,560,260,"., REPUBLIQUE(PLACE DE L",,,Plein jour,En agglomération,Hors intersection,Normale,Autre collision,,,,,,,,,,,1,2,1,1,6
200700022130,0007-04-25 16:35:00,7,4,25,16,35,560,260,RESISTANCE(BLD DE LA) DD,,,Plein jour,En agglomération,Hors intersection,Normale,Deux véhicules - arrière,,,,,,,,,,,1,2,1,1,2
200700022131,0007-04-27 15:50:00,7,4,27,15,50,560,260,"., RESISTANCE(BLD DE LA)",,,Plein jour,En agglomération,Intersection en T,Normale,Deux véhicules - côté,,,,,,,,,,,1,2,3,1,3
200700022132,0007-04-28 16:10:00,7,4,28,16,10,560,260,"47.7, RN 165 -SENS LORIE",,,Plein jour,En agglomération,Hors intersection,Normale,Trois véhicules et plus - en chaîne,,,,,,,,,,,1,2,1,1,4
200700022133,0007-04-05 14:50:00,7,4,5,14,50,560,260,"44, SAINTE-ANNE(RUE)",,,Plein jour,En agglomération,Intersection en T,Normale,Deux véhicules - côté,,,,,,,,,,,1,2,3,1,3
200700022134,0007-04-06 08:05:00,7,4,6,8,5,560,260,"., FETY(RUE DU)",,,Plein jour,En agglomération,Intersection en T,Normale,Deux véhicules - côté,,,,,,,,,,,1,2,3,1,3
200700022135,0007-04-11 09:35:00,7,4,11,9,35,560,260,"137, AOUT 1944(RUE DU 4)",,,Plein jour,En agglomération,Hors intersection,Normale,Sans collision,,,,,,,,,,,1,2,1,1,7
200700022136,0007-04-16 10:00:00,7,4,16,10,0,560,260,"., RESISTANCE(BLD DE LA)",,,Plein jour,En agglomération,Hors intersection,Normale,Sans collision,,,,,,,,,,,1,2,1,1,7
200700022137,0007-04-04 11:30:00,7,4,4,11,30,560,260,RN 166 -SENS VANNES / RE,,,Plein jour,En agglomération,Hors intersection,Normale,Deux véhicules - côté,,,,,,,,,,,1,2,1,1,3
200700022138,0007-04-24 12:05:00,7,4,24,12,5,560,260,"04, DEGAS(AVENUE EDGAR)",,,Plein jour,En agglomération,Hors intersection,Normale,Deux véhicules - côté,,,,,,,,,,,1,2,1,1,3
200700022139,0007-04-24 13:31:00,7,4,24,13,31,560,260,"., BERNUS(RUE DE)",,,Plein jour,En agglomération,Intersection en X,Normale,Autre collision,,,,,,,,,,,1,2,2,1,6
200700022140,0007-04-24 14:10:00,7,4,24,14,10,560,260,"., KERVILER(AVENUE RENE",,,Plein jour,En agglomération,Hors intersection,Normale,Deux véhicules - arrière,,,,,,,,,,,1,2,1,1,2
200700022141,0007-04-26 14:55:00,7,4,26,14,55,560,260,"., POMPIDOU(AVENUE GEORG",,,Plein jour,En agglomération,Intersection en Y,Normale,Deux véhicules - côté,,,,,,,,,,,1,2,4,1,3
200700022142,0007-04-30 16:42:00,7,4,30,16,42,560,260,"., LUSCANEN(GIRATOIRE DE",,,Plein jour,En agglomération,Intersection en T,Pluie légère,Deux véhicules - côté,,,,,,,,,,,1,2,3,2,3
200700022143,0007-04-25 18:13:00,7,4,25,18,13,570,537,"126, PRINCIPALE (RUE)",,,Plein jour,En agglomération,Hors intersection,Normale,Autre collision,,,,,,,,,,,1,2,1,1,6
200700022144,0007-04-21 18:25:00,7,4,21,18,25,570,240,"18, NATIONALE (RUE)",,,Plein jour,En agglomération,Hors intersection,Normale,Trois véhicules et plus - en chaîne,,,,,,,,,,,1,2,1,1,4
200700022145,0007-04-21 13:40:00,7,4,21,13,40,570,253,"1, BOUSSANGE (RUE DE)",,,Plein jour,En agglomération,Hors intersection,Normale,Deux véhicules - côté,,,,,,,,,,,1,2,1,1,3
200700022146,0007-04-29 14:45:00,7,4,29,14,45,570,591,"9, BERLIOZ (AVENUE HENRI",,,Plein jour,En agglomération,Intersection en X,Normale,Deux véhicules - côté,,,,,,,,,,,1,2,2,1,3
200700022147,0007-04-15 18:20:00,7,4,15,18,20,570,19,CD 47,,,Plein jour,En agglomération,Intersection en X,Normale,Autre collision,,,,,,,,,,,1,2,2,1,6
200700022148,0007-04-25 13:45:00,7,4,25,13,45,570,253,"44 BIS, JAURES (RUE JEAN",,,Plein jour,En agglomération,Hors intersection,Normale,Autre collision,,,,,,,,,,,1,2,1,1,6
200700022149,0007-04-11 20:15:00,7,4,11,20,15,570,19,"2, VERDUN (IMPASSE DE)",,,Crépuscule ou aube,En agglomération,Hors intersection,Normale,Autre collision,,,,,,,,,,,2,2,1,1,6
200700022150,0007-04-08 18:50:00,7,4,8,18,50,570,19,CD 47,,,Plein jour,En agglomération,Hors intersection,Normale,Deux véhicules - côté,,,,,,,,,,,1,2,1,1,3
200700022151,0007-04-08 20:00:00,7,4,8,20,0,570,463,"00, PLANTIERES (AVENUE D",,,Nuit avec éclairage allumé,En agglomération,Intersection en X,Normale,Deux véhicules - côté,,,,,,,,,,,5,2,2,1,3
200700022152,0007-04-12 18:05:00,7,4,12,18,5,570,616,"00, PAUL LANGEVIN (AVENU",,,Plein jour,En agglomération,Giratoire,Normale,Deux véhicules - frontale,,,,,,,,,,,1,2,6,1,1
200700022153,0007-04-13 20:30:00,7,4,13,20,30,570,447,"33, ARLANDES (IMP. F. D'",,,Crépuscule ou aube,En agglomération,Hors intersection,Normale,Sans collision,,,,,,,,,,,2,2,1,1,7
200700022154,0007-04-17 13:35:00,7,4,17,13,35,570,463,"32, PONT DES MORTS (RUE",,,Plein jour,En agglomération,Hors intersection,Normale,Autre collision,,,,,,,,,,,1,2,1,1,6
200700022155,0007-04-17 14:25:00,7,4,17,14,25,570,463,"26, COETLOSQUET (RUE DU",,,Plein jour,En agglomération,Intersection en X,Normale,Autre collision,,,,,,,,,,,1,2,2,1,6
200700022156,0007-04-17 15:05:00,7,4,17,15,5,570,463,"09, QUEULEU (RUE DE )",,,Plein jour,En agglomération,Hors intersection,Normale,Autre collision,,,,,,,,,,,1,2,1,1,6
200700022157,0007-04-18 18:00:00,7,4,18,18,0,570,463,"00, LOGES (RUE DES )",,,Plein jour,En agglomération,Intersection en X,Normale,Deux véhicules - côté,,,,,,,,,,,1,2,2,1,3
200700022158,0007-04-20 12:10:00,7,4,20,12,10,570,447,"00, CHEMIN DE FER (RUE D",,,Plein jour,En agglomération,Intersection en T,Normale,Autre collision,,,,,,,,,,,1,2,3,1,6
200700022159,0007-04-20 18:00:00,7,4,20,18,0,570,463,"10, VERLAINE (RUE )",,,Plein jour,En agglomération,Intersection en X,Normale,Autre collision,,,,,,,,,,,1,2,2,1,6
200700022160,0007-04-28 10:25:00,7,4,28,10,25,570,463,"1, BERNE (RUE DE )",,,Plein jour,En agglomération,Intersection en T,Normale,Deux véhicules - côté,,,,,,,,,,,1,2,3,1,3
200700022161,0007-04-29 06:20:00,7,4,29,6,20,570,463,"2, MELEZES (RUE DES )",,,Crépuscule ou aube,En agglomération,Hors intersection,Normale,Deux véhicules - frontale,,,,,,,,,,,2,2,1,1,1
200700022162,0007-04-29 16:35:00,7,4,29,16,35,570,463,"00, TREVES (BOULEVARD DE",,,Plein jour,En agglomération,Intersection en X,Normale,Deux véhicules - côté,,,,,,,,,,,1,2,2,1,3
200700022163,0007-04-30 13:30:00,7,4,30,13,30,570,463,"199, GENERAL METMAN",,,Plein jour,En agglomération,Intersection en T,Normale,Deux véhicules - côté,,,,,,,,,,,1,2,3,1,3
200700022164,0007-04-26 21:30:00,7,4,26,21,30,570,606,PISCINE (RUE DE LA),,,Nuit avec éclairage allumé,En agglomération,Giratoire,Normale,Autre collision,,,,,,,,,,,5,2,6,1,6
200700022165,0007-04-23 15:50:00,7,4,23,15,50,570,630,"26, STOCK (RUE DU MAIRE",,,Plein jour,En agglomération,Hors intersection,Normale,Deux véhicules - côté,,,,,,,,,,,1,2,1,1,3
200700022166,0007-04-01 17:48:00,7,4,1,17,48,570,672,ARLON (ROUTE D'),,,Plein jour,En agglomération,Giratoire,Normale,Autre collision,,,,,,,,,,,1,2,6,1,6
200700022167,0007-04-02 00:55:00,7,4,2,0,55,570,672,ARLON (ROUTE D'),,,Nuit avec éclairage allumé,En agglomération,Hors intersection,Normale,Autre collision,,,,,,,,,,,5,2,1,1,6
200700022168,0007-04-01 11:40:00,7,4,1,11,40,570,757,NATIONALE (RUE),,,Plein jour,En agglomération,Hors intersection,Normale,Autre collision,,,,,,,,,,,1,2,1,1,6
200700022169,0007-04-01 13:15:00,7,4,1,13,15,570,757,"27, MOSELLE (RUE DE LA)",,,Plein jour,En agglomération,Hors intersection,Normale,Autre collision,,,,,,,,,,,1,2,1,1,6
200700022170,0007-04-02 11:55:00,7,4,2,11,55,570,672,CROIX-HEPICH (ROUTE DE L,,,Plein jour,Hors agglomération,Hors intersection,Normale,Sans collision,,,,,,,,,,,1,1,1,1,7
200700022171,0007-04-03 11:57:00,7,4,3,11,57,570,757,KUNTZIG (RUE DE),,,Plein jour,Hors agglomération,Hors intersection,Normale,Sans collision,,,,,,,,,,,1,1,1,1,7
200700022172,0007-04-05 11:05:00,7,4,5,11,5,570,368,REPUBLIQUE (RUE DE LA ),,,Plein jour,En agglomération,Intersection en T,Normale,Deux véhicules - côté,,,,,,,,,,,1,2,3,1,3
200700022173,0007-04-08 12:30:00,7,4,8,12,30,570,221,"46, VERDUN (RUE DE)",,,Plein jour,En agglomération,Hors intersection,Normale,Autre collision,,,,,,,,,,,1,2,1,1,6
200700022174,0007-04-08 11:50:00,7,4,8,11,50,570,672,COMTE DE BERTIER (AVENUE,,,Plein jour,En agglomération,Intersection en T,Normale,Deux véhicules - côté,,,,,,,,,,,1,2,3,1,3
200700022175,0007-04-14 19:47:00,7,4,14,19,47,570,672,"25, GUENTRANGE (ROUTE DE",,,Plein jour,En agglomération,Hors intersection,Normale,Sans collision,,,,,,,,,,,1,2,1,1,7
200700022176,0007-04-14 16:15:00,7,4,14,16,15,570,672,BUCHEL (ROUTE DU),,,Plein jour,En agglomération,Hors intersection,Normale,Autre collision,,,,,,,,,,,1,2,1,1,6
200700022177,0007-04-12 17:30:00,7,4,12,17,30,570,672,"0, TERRASSE (ALLEE DE LA",,,Plein jour,En agglomération,Giratoire,Normale,Autre collision,,,,,,,,,,,1,2,6,1,6
200700022178,0007-04-14 15:52:00,7,4,14,15,52,570,306,METROPOLE (AVENUE DE LA),,,Plein jour,En agglomération,Intersection en X,Normale,Deux véhicules - arrière,,,,,,,,,,,1,2,2,1,2
200700022179,0007-04-17 15:50:00,7,4,17,15,50,570,672,"24, GENERAL MANGIN (PLAC",,,Plein jour,En agglomération,Hors intersection,Normale,Deux véhicules - arrière,,,,,,,,,,,1,2,1,1,2
200700022180,0007-04-17 08:10:00,7,4,17,8,10,570,672,"0, SAINT-FIACRE (RUE)",,,Plein jour,En agglomération,Intersection en T,Normale,Deux véhicules - côté,,,,,,,,,,,1,2,3,1,3
200700022181,0007-04-18 11:20:00,7,4,18,11,20,570,672,"0, MALGRANGE (CHEMIN DE",,,Plein jour,En agglomération,Intersection en T,Normale,Deux véhicules - côté,,,,,,,,,,,1,2,3,1,3
200700022182,0007-04-17 18:00:00,7,4,17,18,0,570,672,"16, VERDUN (RUE DE)",,,Plein jour,En agglomération,Intersection en T,Normale,Deux véhicules - côté,,,,,,,,,,,1,2,3,1,3
200700022183,0007-04-19 07:40:00,7,4,19,7,40,570,672,"2, BEL AIR (ALLEE) - PAI",,,Plein jour,En agglomération,Hors intersection,Normale,Autre collision,,,,,,,,,,,1,2,1,1,6
200700022184,0007-04-18 17:38:00,7,4,18,17,38,570,508,"27, JOFFRE (RUE)",,,Plein jour,En agglomération,Hors intersection,Normale,Autre collision,,,,,,,,,,,1,2,1,1,6
200700022185,0007-04-24 19:25:00,7,4,24,19,25,570,672,MARCHAL (QUAI),,,Plein jour,En agglomération,Hors intersection,Normale,Deux véhicules - arrière,,,,,,,,,,,1,2,1,1,2
200700022186,0007-04-21 13:10:00,7,4,21,13,10,570,672,CLEMENCEAU (AVENUE) 33+,,,Plein jour,En agglomération,Intersection en X,Normale,Deux véhicules - côté,,,,,,,,,,,1,2,2,1,3
200700022187,0007-04-28 17:15:00,7,4,28,17,15,570,672,"39, LONGWY (ROUTE DE)",,,Plein jour,En agglomération,Hors intersection,Normale,Deux véhicules - frontale,,,,,,,,,,,1,2,1,1,1
200700022188,0007-04-27 17:10:00,7,4,27,17,10,570,672,ALBERT 1ER (AVENUE) - IM,,,Plein jour,En agglomération,Hors intersection,Normale,Deux véhicules - côté,,,,,,,,,,,1,2,1,1,3
200700022189,0007-04-30 08:27:00,7,4,30,8,27,570,757,NATIONALE (RUE),,,Plein jour,En agglomération,Hors intersection,Normale,Autre collision,,,,,,,,,,,1,2,1,1,6
200700022190,0007-04-30 14:50:00,7,4,30,14,50,570,672,"40, DONJON (RUE DU)",,,Plein jour,En agglomération,Hors intersection,Normale,Deux véhicules - côté,,,,,,,,,,,1,2,1,1,3
200700022191,0007-04-26 16:24:00,7,4,26,16,24,570,221,"112, GRAND'RUE",,,Plein jour,En agglomération,Hors intersection,Normale,Autre collision,,,,,,,,,,,1,2,1,1,6
200700022192,0007-04-11 14:40:00,7,4,11,14,40,580,194,"SANS, ALBERT CAMUS (RUE)",,,Plein jour,En agglomération,Hors intersection,Normale,Sans collision,,,,,,,,,,,1,2,1,1,7
200700022193,0007-04-16 15:05:00,7,4,16,15,5,580,194,"sans, PONT DE LOIRE",,,Plein jour,En agglomération,Hors intersection,Normale,Sans collision,,,,,,,,,,,1,2,1,1,7
200700022194,0007-04-21 15:25:00,7,4,21,15,25,580,194,"sans, COLBERT",,,Plein jour,En agglomération,Hors intersection,Normale,Sans collision,,,,,,,,,,,1,2,1,1,7
200700022195,0007-04-30 17:40:00,7,4,30,17,40,580,194,"sans, MARINIERS (ROND PO",,,Plein jour,En agglomération,Hors intersection,Pluie légère,Sans collision,,,,,,,,,,,1,2,1,2,7
200700022196,0007-04-02 18:35:00,7,4,2,18,35,580,194,"sans, PIERRE DE COUBERTI",,,Plein jour,En agglomération,Hors intersection,Normale,Trois véhicules et plus - en chaîne,,,,,,,,,,,1,2,1,1,4
200700022197,0007-04-04 17:15:00,7,4,4,17,15,580,194,"sans, GRAND PRE DES BORD",,,Plein jour,En agglomération,Intersection en X,Normale,Deux véhicules - côté,,,,,,,,,,,1,2,2,1,3
200700022198,0007-04-06 08:55:00,7,4,6,8,55,580,194,"79 bis, BARATTE (FAUBOUR",,,Plein jour,En agglomération,Intersection en X,Normale,Deux véhicules - côté,,,,,,,,,,,1,2,2,1,3
200700022199,0007-04-10 14:30:00,7,4,10,14,30,580,194,"4, PREFECTURE",,,Plein jour,En agglomération,Hors intersection,Normale,Deux véhicules - arrière,,,,,,,,,,,1,2,1,1,2
200700022200,0007-04-05 19:25:00,7,4,5,19,25,580,194,"14, CHARLEVILLE",,,Plein jour,En agglomération,Giratoire,Normale,Deux véhicules - côté,,,,,,,,,,,1,2,6,1,3
200700022201,0007-04-11 14:05:00,7,4,11,14,5,580,194,CHAUME,,,Plein jour,En agglomération,Intersection en X,Normale,Deux véhicules - côté,,,,,,,,,,,1,2,2,1,3
200700022202,0007-04-13 08:10:00,7,4,13,8,10,580,194,"SANS, CAMILLE BAYNAC",,,Plein jour,En agglomération,Intersection en X,Pluie légère,Deux véhicules - côté,,,,,,,,,,,1,2,2,2,3
200700022203,0007-04-13 14:30:00,7,4,13,14,30,580,194,"SANS, MARECHAL LECLERC",,,Plein jour,En agglomération,Hors intersection,Normale,Deux véhicules - arrière,,,,,,,,,,,1,2,1,1,2
200700022204,0007-04-14 11:00:00,7,4,14,11,0,580,194,"sans, MARZY",,,Plein jour,En agglomération,Intersection en X,Normale,Deux véhicules - côté,,,,,,,,,,,1,2,2,1,3
200700022205,0007-04-14 12:10:00,7,4,14,12,10,580,194,"SANS, MARCEL PAUL",,,Plein jour,En agglomération,Intersection en X,Normale,Deux véhicules - côté,,,,,,,,,,,1,2,2,1,3
200700022206,0007-04-23 22:20:00,7,4,23,22,20,580,194,"sans, HENRI BOUQUILLARD",,,Nuit avec éclairage allumé,En agglomération,Hors intersection,Normale,Autre collision,,,,,,,,,,,5,2,1,1,6
200700022207,0007-04-29 01:25:00,7,4,29,1,25,590,17,BLUM  (AVENUE LEON),,,Nuit avec éclairage allumé,En agglomération,Hors intersection,Normale,Sans collision,,,,,,,,,,,5,2,1,1,7
200700022208,0007-04-05 20:30:00,7,4,5,20,30,590,17,DE MUN  (RUE ALBERT ),,,Nuit avec éclairage allumé,En agglomération,Intersection en X,Normale,Deux véhicules - côté,,,,,,,,,,,5,2,2,1,3
200700022209,0007-04-06 11:20:00,7,4,6,11,20,590,143,"218, NATIONALE  ( ROUTE)",,,Plein jour,En agglomération,Hors intersection,Normale,Deux véhicules - côté,,,,,,,,,,,1,2,1,1,3
200700022210,0007-04-07 11:00:00,7,4,7,11,0,590,17,DEPORTES (RUE DES),,,Plein jour,En agglomération,Hors intersection,Normale,Autre collision,,,,,,,,,,,1,2,1,1,6
200700022211,0007-04-15 15:45:00,7,4,15,15,45,590,431,"1507, BAILLEUL (RUE DE)",,,Plein jour,Hors agglomération,Hors intersection,Normale,Deux véhicules - côté,,,,,,,,,,,1,1,1,1,3
200700022212,0007-04-19 00:10:00,7,4,19,0,10,590,431,CROIX DU BAC (RUE DE LA,,,Nuit avec éclairage allumé,Hors agglomération,Hors intersection,Normale,Sans collision,,,,,,,,,,,5,1,1,1,7
200700022213,0007-04-02 07:55:00,7,4,2,7,55,590,317,"2, THIERS  (RUE)",,,Plein jour,En agglomération,Intersection en T,Normale,Autre collision,,,,,,,,,,,1,2,3,1,6
200700022214,0007-04-25 19:15:00,7,4,25,19,15,590,17,MESSINES (RUE DE ),,,Plein jour,En agglomération,Hors intersection,Temps éblouissant,Autre collision,,,,,,,,,,,1,2,1,7,6
200700022215,0007-04-24 11:45:00,7,4,24,11,45,590,143,CHAPELLE CD 222  ( RUE D,,,Plein jour,Hors agglomération,Intersection en X,Normale,Deux véhicules - côté,,,,,,,,,,,1,1,2,1,3
200700022216,0007-04-13 12:50:00,7,4,13,12,50,590,143,CHAPELLE CD 222  ( RUE D,,,Plein jour,Hors agglomération,Intersection en X,Normale,Deux véhicules - côté,,,,,,,,,,,1,1,2,1,3
200700022217,0007-04-11 17:28:00,7,4,11,17,28,590,43,NATIONS UNIES (AVENUE DE,,,Plein jour,En agglomération,Hors intersection,Normale,Autre collision,,,,,,,,,,,1,2,1,1,6
200700022218,0007-04-01 01:05:00,7,4,1,1,5,590,122,FAIDHERBE (BOULEVARD),,,Nuit avec éclairage allumé,En agglomération,Intersection en X,Pluie légère,Deux véhicules - côté,,,,,,,,,,,5,2,2,2,3
200700022219,0007-04-03 16:15:00,7,4,3,16,15,590,122,"34, GENEVE (RUE DE)",,,Plein jour,En agglomération,Hors intersection,Normale,Deux véhicules - arrière,,,,,,,,,,,1,2,1,1,2
200700022220,0007-04-03 15:45:00,7,4,3,15,45,590,632,"8, JAURES (R. JEAN)",,,Plein jour,En agglomération,Hors intersection,Normale,Deux véhicules - frontale,,,,,,,,,,,1,2,1,1,1
200700022221,0007-04-08 13:40:00,7,4,8,13,40,590,302,RIEUX (R. DES BLANCS),,,Plein jour,En agglomération,Hors intersection,Normale,Autre collision,,,,,,,,,,,1,2,1,1,6
200700022222,0007-04-15 16:25:00,7,4,15,16,25,590,179,"., LIBERTE (BD DE LA)",,,Plein jour,En agglomération,Hors intersection,Normale,Deux véhicules - côté,,,,,,,,,,,1,2,1,1,3
200700022223,0007-04-15 19:30:00,7,4,15,19,30,590,2,"., GUESDE (R. JULES)",,,Plein jour,En agglomération,Hors intersection,Normale,Autre collision,,,,,,,,,,,1,2,1,1,6
200700022224,0007-04-23 07:55:00,7,4,23,7,55,590,179,"., RN30",,,Plein jour,En agglomération,Intersection en X,Normale,Autre collision,,,,,,,,,,,1,2,2,1,6
200700022225,0007-04-22 11:30:00,7,4,22,11,30,590,292,"., Henri Blot",,,Plein jour,En agglomération,Hors intersection,Normale,Autre collision,,,,,,,,,,,1,2,1,1,6
200700022226,0007-04-22 02:20:00,7,4,22,2,20,590,288,"., PASTEUR (R.)",,,Nuit avec éclairage allumé,En agglomération,Hors intersection,Normale,Autre collision,,,,,,,,,,,5,2,1,1,6
200700022227,0007-04-14 07:45:00,7,4,14,7,45,590,172,"., MAINGOVAL (R.)",,,Plein jour,En agglomération,Hors intersection,Normale,Autre collision,,,,,,,,,,,1,2,1,1,6
200700022228,0007-04-14 16:25:00,7,4,14,16,25,590,28,"59, ARAGON (RUE LOUIS)",,,Plein jour,En agglomération,Hors intersection,Temps éblouissant,Autre collision,,,,,,,,,,,1,2,1,7,6
200700022229,0007-04-15 15:15:00,7,4,15,15,15,590,489,SALENGRO (RUE),,,Plein jour,Hors agglomération,Hors intersection,Normale,Autre collision,,,,,,,,,,,1,1,1,1,6
200700022230,0007-04-12 09:15:00,7,4,12,9,15,590,509,JAURES (RUE JEAN),,,Plein jour,En agglomération,Hors intersection,Normale,Autre collision,,,,,,,,,,,1,2,1,1,6
200700022231,0007-04-09 13:15:00,7,4,9,13,15,590,329,RN 421,,,Plein jour,Hors agglomération,Hors intersection,Normale,Autre collision,,,,,,,,,,,1,1,1,1,6
200700022232,0007-04-01 19:45:00,7,4,1,19,45,590,183,PETITE-SYNTHE CD 940 - A,,,Plein jour,En agglomération,Hors intersection,Normale,Deux véhicules - arrière,,,,,,,,,,,1,2,1,1,2
200700022233,0007-04-03 08:00:00,7,4,3,8,0,590,183,"676, PERES ACHILLE",,,Plein jour,En agglomération,Hors intersection,Normale,Autre collision,,,,,,,,,,,1,2,1,1,6
200700022234,0007-04-03 11:35:00,7,4,3,11,35,590,183,"1, RN1",,,Plein jour,En agglomération,Hors intersection,Normale,Deux véhicules - côté,,,,,,,,,,,1,2,1,1,3
200700022235,0007-04-06 07:15:00,7,4,6,7,15,590,248,"., FORT-MARDYCK CD 1 - R",,,Plein jour,En agglomération,Hors intersection,Normale,Autre collision,,,,,,,,,,,1,2,1,1,6
200700022236,0007-04-08 04:50:00,7,4,8,4,50,590,183,"0.0000, FUSILIERS MARINS",,,Nuit avec éclairage allumé,En agglomération,Hors intersection,Normale,Sans collision,,,,,,,,,,,5,2,1,1,7
200700022237,0007-04-18 10:15:00,7,4,18,10,15,590,183,"0.0000, SAINT MATTHIEU",,,Plein jour,En agglomération,Intersection en X,Normale,Deux véhicules - côté,,,,,,,,,,,1,2,2,1,3
200700022238,0007-04-19 18:10:00,7,4,19,18,10,590,183,"2829, PETITE-SYNTHE CD 9",,,Plein jour,En agglomération,Hors intersection,Normale,Autre collision,,,,,,,,,,,1,2,1,1,6
200700022239,0007-04-26 07:55:00,7,4,26,7,55,590,588,"250, PIERRES",,,Plein jour,Hors agglomération,Hors intersection,Temps éblouissant,Autre collision,,,,,,,,,,,1,1,1,7,6