accident_id,datetime,annee,mois,jour,heure,minute,departement,commune_insee,adresse,latitude,longitude,luminosite,agglomeration,intersection,meteo,collision,nb_vehicules,nb_usagers,nb_indemnes,nb_tues,nb_blesses_hosp,nb_blesses_legers,age_cond_1,age_cond_2,veh_type_cond_1,veh_type_cond_2,lum_code,agg_code,int_code,atm_code,col_code
200700022510,0007-04-25 17:45:00,7,4,25,17,45,640,445,"1, LOUIS SALLENAVE",,,Plein jour,En agglomération,Hors intersection,Normale,Autre collision,,,,,,,,,,,1,2,1,1,6
200700022511,0007-04-30 09:00:00,7,4,30,9,0,640,445,"66, DIDIER DAURAT",,,Plein jour,En agglomération,Hors intersection,Normale,Deux véhicules - côté,,,,,,,,,,,1,2,1,1,3
200700022512,0007-04-30 14:40:00,7,4,30,14,40,640,129,"33, BELLEVUE",,,Plein jour,En agglomération,Intersection en T,Normale,Deux véhicules - côté,,,,,,,,,,,1,2,3,1,3
200700022513,0007-04-30 19:15:00,7,4,30,19,15,640,284,"89, RAUSKI",,,Plein jour,Hors agglomération,Hors intersection,Normale,Deux véhicules - arrière,,,,,,,,,,,1,1,1,1,2
200700022514,0007-04-01 21:40:00,7,4,1,21,40,640,545,NATIONALE 10,,,Nuit sans éclairage public,Hors agglomération,Hors intersection,Normale,Sans collision,,,,,,,,,,,3,1,1,1,7
200700022515,0007-04-03 13:50:00,7,4,3,13,50,640,260,CD 912,,,Plein jour,Hors agglomération,Hors intersection,Normale,Sans collision,,,,,,,,,,,1,1,1,1,7
200700022516,0007-04-08 16:55:00,7,4,8,16,55,640,260,CD 912,,,Plein jour,En agglomération,Hors intersection,Normale,Autre collision,,,,,,,,,,,1,2,1,1,6
200700022517,0007-04-10 14:55:00,7,4,10,14,55,640,260,"71, MER (BOULEVARD DE LA",,,Plein jour,En agglomération,Hors intersection,Normale,Deux véhicules - côté,,,,,,,,,,,1,2,1,1,3
200700022518,0007-04-21 14:25:00,7,4,21,14,25,640,260,"80, BAIE DE CHINGUDY (AV",,,Plein jour,En agglomération,Hors intersection,Normale,Deux véhicules - arrière,,,,,,,,,,,1,2,1,1,2
200700022519,0007-04-01 10:15:00,7,4,1,10,15,640,483,RN10,,,Plein jour,En agglomération,Hors intersection,Pluie légère,Deux véhicules - arrière,,,,,,,,,,,1,2,1,2,2
200700022520,0007-04-04 10:45:00,7,4,4,10,45,640,483,"55, RN10",,,Plein jour,En agglomération,Hors intersection,Normale,Deux véhicules - arrière,,,,,,,,,,,1,2,1,1,2
200700022521,0007-04-04 17:20:00,7,4,4,17,20,640,483,"3, LAYATS (AVENUE DE)",,,Plein jour,En agglomération,Hors intersection,Normale,Deux véhicules - arrière,,,,,,,,,,,1,2,1,1,2
200700022522,0007-04-07 20:00:00,7,4,7,20,0,640,483,CHANTACO (AVENUE DE ),,,Nuit avec éclairage allumé,En agglomération,Hors intersection,Normale,Deux véhicules - arrière,,,,,,,,,,,5,2,1,1,2
200700022523,0007-04-14 11:30:00,7,4,14,11,30,640,483,"2, MARANON GREGORIO (AVE",,,Plein jour,En agglomération,Hors intersection,Normale,Deux véhicules - arrière,,,,,,,,,,,1,2,1,1,2
200700022524,0007-04-18 10:25:00,7,4,18,10,25,640,483,"11, JAUREGUIBERRY BERNAR",,,Plein jour,En agglomération,Hors intersection,Normale,Deux véhicules - côté,,,,,,,,,,,1,2,1,1,3
200700022525,0007-04-29 18:45:00,7,4,29,18,45,640,483,RN10,,,Plein jour,Hors agglomération,Hors intersection,Normale,Deux véhicules - arrière,,,,,,,,,,,1,1,1,1,2
200700022526,0007-04-18 14:30:00,7,4,18,14,30,640,483,"4, MARANON GREGORIO (AVE",,,Plein jour,En agglomération,Hors intersection,Normale,Deux véhicules - arrière,,,,,,,,,,,1,2,1,1,2
200700022527,0007-04-23 13:55:00,7,4,23,13,55,640,260,CD 912,,,Plein jour,En agglomération,Hors intersection,Normale,Deux véhicules - côté,,,,,,,,,,,1,2,1,1,3
200700022528,0007-04-26 18:25:00,7,4,26,18,25,640,545,"1, MAILLARENEA (RUE DE)",,,Plein jour,En agglomération,Hors intersection,Normale,Deux véhicules - frontale,,,,,,,,,,,1,2,1,1,1
200700022529,0007-04-26 18:10:00,7,4,26,18,10,640,260,"83, MER (BOULEVARD DE LA",,,Plein jour,En agglomération,Hors intersection,Normale,Deux véhicules - côté,,,,,,,,,,,1,2,1,1,3
200700022530,0007-04-29 08:10:00,7,4,29,8,10,640,260,CD 912,,,Plein jour,En agglomération,Hors intersection,Normale,Trois véhicules et plus - collisions multiples,,,,,,,,,,,1,2,1,1,5
200700022531,0007-04-07 11:55:00,7,4,7,11,55,640,483,"11, HUGO VICTOR (BOULEVA",,,Plein jour,En agglomération,Hors intersection,Normale,Autre collision,,,,,,,,,,,1,2,1,1,6
200700022532,0007-04-18 18:15:00,7,4,18,18,15,640,483,RN10,,,Plein jour,En agglomération,Hors intersection,Normale,Deux véhicules - côté,,,,,,,,,,,1,2,1,1,3
200700022533,0007-04-27 17:15:00,7,4,27,17,15,640,483,"5, CHAUVIN DRAGON (RUE)",,,Plein jour,En agglomération,Hors intersection,Normale,Autre collision,,,,,,,,,,,1,2,1,1,6
200700022534,0007-04-20 17:40:00,7,4,20,17,40,640,483,RN10,,,Plein jour,En agglomération,Hors intersection,Normale,Deux véhicules - côté,,,,,,,,,,,1,2,1,1,3
200700022535,0007-04-26 15:50:00,7,4,26,15,50,640,260,CD 912,,,Plein jour,Hors agglomération,Giratoire,Pluie légère,Deux véhicules - côté,,,,,,,,,,,1,1,6,2,3
200700022536,0007-04-05 17:15:00,7,4,5,17,15,650,286,"15, DUVIAU (AVENUE EUGEN",,,Plein jour,En agglomération,Autre intersection,Normale,Deux véhicules - côté,,,,,,,,,,,1,2,9,1,3
200700022537,0007-04-10 16:32:00,7,4,10,16,32,650,286,MARQUI (AVENUE ALEXANDRE,,,Plein jour,En agglomération,Autre intersection,Normale,Autre collision,,,,,,,,,,,1,2,9,1,6
200700022538,0007-04-30 12:35:00,7,4,30,12,35,650,286,"07, FOCH (AVENUE MARECHA",,,Plein jour,En agglomération,Hors intersection,Normale,Deux véhicules - côté,,,,,,,,,,,1,2,1,1,3
200700022539,0007-04-01 03:45:00,7,4,1,3,45,650,100,"., SEMARD (RUE PIERRE)",,,Nuit avec éclairage allumé,En agglomération,Intersection en T,Normale,Deux véhicules - côté,,,,,,,,,,,5,2,3,1,3
200700022540,0007-04-01 14:25:00,7,4,1,14,25,650,440,"., PORTAIL D'AVANT (RUE)",,,Plein jour,En agglomération,Intersection en Y,Normale,Autre collision,,,,,,,,,,,1,2,4,1,6
200700022541,0007-04-02 15:50:00,7,4,2,15,50,650,440,MAI 1945 (BOULEVARD DU 0,,,Plein jour,En agglomération,Hors intersection,Normale,Autre collision,,,,,,,,,,,1,2,1,1,6
200700022542,0007-04-04 11:55:00,7,4,4,11,55,650,440,"12, LARREY (RUE)",,,Plein jour,En agglomération,Hors intersection,Normale,Deux véhicules - côté,,,,,,,,,,,1,2,1,1,3
200700022543,0007-04-07 15:25:00,7,4,7,15,25,650,331,"1, FAUVETTES (AVENUE DES",,,Plein jour,En agglomération,Hors intersection,Normale,Deux véhicules - arrière,,,,,,,,,,,1,2,1,1,2
200700022544,0007-04-08 05:05:00,7,4,8,5,5,650,100,"19, BORDEAUX (ROUTE DE)",,,Nuit sans éclairage public,Hors agglomération,Hors intersection,Normale,Autre collision,,,,,,,,,,,3,1,1,1,6
200700022545,0007-04-12 14:50:00,7,4,12,14,50,650,440,"14, PLANETE (CHEMIN DE L",,,Plein jour,En agglomération,Hors intersection,Normale,Sans collision,,,,,,,,,,,1,2,1,1,7
200700022546,0007-04-17 12:10:00,7,4,17,12,10,650,440,"9, AYGUEROTTE (RUE DE L'",,,Plein jour,En agglomération,Hors intersection,Normale,Deux véhicules - arrière,,,,,,,,,,,1,2,1,1,2
200700022547,0007-04-19 18:40:00,7,4,19,18,40,650,440,"76, LASSALLE (RUE GEORGE",,,Plein jour,En agglomération,Hors intersection,Normale,Deux véhicules - arrière,,,,,,,,,,,1,2,1,1,2
200700022548,0007-04-20 20:05:00,7,4,20,20,5,650,440,KENNEDY (AVENUE DU PRESI,,,Plein jour,En agglomération,Giratoire,Normale,Deux véhicules - arrière,,,,,,,,,,,1,2,6,1,2
200700022549,0007-04-22 09:10:00,7,4,22,9,10,650,417,"115, MITTERRAND (AVENUE",,,Plein jour,En agglomération,Giratoire,Normale,Deux véhicules - arrière,,,,,,,,,,,1,2,6,1,2
200700022550,0007-04-24 07:25:00,7,4,24,7,25,650,440,"1, JUIN (BOULEVARD DU MA",,,Plein jour,En agglomération,Hors intersection,Normale,Autre collision,,,,,,,,,,,1,2,1,1,6
200700022551,0007-04-26 12:00:00,7,4,26,12,0,650,440,"1, GAMBETTA (COURS)",,,Plein jour,En agglomération,Hors intersection,Normale,Autre collision,,,,,,,,,,,1,2,1,1,6
200700022552,0007-04-27 11:50:00,7,4,27,11,50,650,440,"., MARQUES (RUE FRANCOIS",,,Plein jour,En agglomération,Intersection en T,Normale,Deux véhicules - côté,,,,,,,,,,,1,2,3,1,3
200700022553,0007-04-27 11:55:00,7,4,27,11,55,650,440,"., CORPS FRANC POMMIES (",,,Plein jour,En agglomération,Passage à niveau,Normale,Deux véhicules - arrière,,,,,,,,,,,1,2,8,1,2
200700022554,0007-04-27 16:00:00,7,4,27,16,0,650,440,"., ALTENKIRCHEN (AVENUE",,,Plein jour,En agglomération,Intersection en T,Normale,Autre collision,,,,,,,,,,,1,2,3,1,6
200700022555,0007-04-28 04:50:00,7,4,28,4,50,650,440,"., AZEREIX (AVENUE D')",,,Nuit avec éclairage allumé,En agglomération,Hors intersection,Normale,Autre collision,,,,,,,,,,,5,2,1,1,6
200700022556,0007-04-01 13:20:00,7,4,1,13,20,660,136,"00, PALAIS-DES-EXPO (AVE",,,Plein jour,En agglomération,Hors intersection,Normale,Autre collision,,,,,,,,,,,1,2,1,1,6
200700022557,0007-04-05 14:30:00,7,4,5,14,30,660,136,"00, CARNOT (QUAI SADI)",,,Plein jour,En agglomération,Hors intersection,Temps couvert,Autre collision,,,,,,,,,,,1,2,1,8,6
200700022558,0007-04-10 07:28:00,7,4,10,7,28,660,136,"26, KENNEDY (BD JOHN-FIT",,,Crépuscule ou aube,En agglomération,Hors intersection,Normale,Autre collision,,,,,,,,,,,2,2,1,1,6
200700022559,0007-04-18 16:25:00,7,4,18,16,25,670,180,RHIN (ROUTE DU),,,Plein jour,En agglomération,Hors intersection,Normale,Deux véhicules - frontale,,,,,,,,,,,1,2,1,1,1
200700022560,0007-04-06 20:55:00,7,4,6,20,55,670,462,PRESIDENT POINCARE (RUE,,,Nuit avec éclairage allumé,En agglomération,Intersection en X,Normale,Deux véhicules - côté,,,,,,,,,,,5,2,2,1,3
200700022561,0007-04-15 15:02:00,7,4,15,15,2,670,462,"5, GAMBETTA (PLACE)",,,Plein jour,En agglomération,Hors intersection,Normale,Deux véhicules - côté,,,,,,,,,,,1,2,1,1,3
200700022562,0007-04-03 14:15:00,7,4,3,14,15,670,482,"34, WACKEN (RUE DU)",,,Plein jour,En agglomération,Intersection en X,Normale,Sans collision,,,,,,,,,,,1,2,2,1,7
200700022563,0007-04-03 11:35:00,7,4,3,11,35,670,447,", ZORN (RUE DE LA)",,,Plein jour,En agglomération,Hors intersection,Normale,Autre collision,,,,,,,,,,,1,2,1,1,6
200700022564,0007-04-03 21:10:00,7,4,3,21,10,670,482,OBERHAUSBERGEN (ROUTE D,,,Nuit avec éclairage allumé,En agglomération,Intersection en X,Normale,Autre collision,,,,,,,,,,,5,2,2,1,6
200700022565,0007-04-04 15:30:00,7,4,4,15,30,670,482,"24, VICTOIRE (BOULEVARD",,,Plein jour,En agglomération,Hors intersection,Normale,Trois véhicules et plus - collisions multiples,,,,,,,,,,,1,2,1,1,5
200700022566,0007-04-04 17:50:00,7,4,4,17,50,670,482,KOENIGSHOFFEN (RUE DE),,,Plein jour,En agglomération,Intersection en T,Normale,Deux véhicules - côté,,,,,,,,,,,1,2,3,1,3
200700022567,0007-04-04 21:30:00,7,4,4,21,30,670,482,HERRENSCHMIDT (AVENUE),,,Nuit sans éclairage public,En agglomération,Hors intersection,Normale,Deux véhicules - frontale,,,,,,,,,,,3,2,1,1,1
200700022568,0007-04-06 10:49:00,7,4,6,10,49,670,482,KOENIGSHOFFEN (RUE DE),,,Plein jour,En agglomération,Intersection en X,Normale,Deux véhicules - côté,,,,,,,,,,,1,2,2,1,3
200700022569,0007-04-06 02:00:00,7,4,6,2,0,670,482,"0, PRESIDENT ROBERT SCHU",,,Nuit avec éclairage allumé,En agglomération,Giratoire,Normale,Autre collision,,,,,,,,,,,5,2,6,1,6
200700022570,0007-04-07 12:00:00,7,4,7,12,0,670,482,"35, BECQUEREL (RUE)",,,Plein jour,En agglomération,Hors intersection,Normale,Autre collision,,,,,,,,,,,1,2,1,1,6
200700022571,0007-04-07 13:30:00,7,4,7,13,30,670,482,JEAN JAURES (AVENUE),,,Plein jour,En agglomération,Hors intersection,Normale,Autre collision,,,,,,,,,,,1,2,1,1,6
200700022572,0007-04-08 18:45:00,7,4,8,18,45,670,482,"38, BALZAC (BOULEVARD)",,,Plein jour,En agglomération,Hors intersection,Normale,Autre collision,,,,,,,,,,,1,2,1,1,6
200700022573,0007-04-08 20:40:00,7,4,8,20,40,670,482,", SCHIRMECK (ROUTE DE)",,,Nuit avec éclairage allumé,En agglomération,Intersection en X,Normale,Autre collision,,,,,,,,,,,5,2,2,1,6
200700022574,0007-04-09 06:10:00,7,4,9,6,10,670,482,"0, FUSTEL DE COULANGES (",,,Crépuscule ou aube,En agglomération,Intersection en X,Normale,Deux véhicules - côté,,,,,,,,,,,2,2,2,1,3
200700022575,0007-04-09 15:00:00,7,4,9,15,0,670,482,"00, PLAINE DES BOUCHERS",,,Plein jour,En agglomération,Intersection en T,Normale,Deux véhicules - côté,,,,,,,,,,,1,2,3,1,3
200700022576,0007-04-08 23:15:00,7,4,8,23,15,670,482,"0, SCHIRMECK (ROUTE DE)",,,Nuit avec éclairage allumé,En agglomération,Hors intersection,Normale,Autre collision,,,,,,,,,,,5,2,1,1,6
200700022577,0007-04-10 15:25:00,7,4,10,15,25,670,482,"0, CARPE HAUTE (RUE DE L",,,Plein jour,En agglomération,Intersection en X,Normale,Deux véhicules - côté,,,,,,,,,,,1,2,2,1,3
200700022578,0007-04-10 15:55:00,7,4,10,15,55,670,43,"0, TROIS MAIRES (RUE DES",,,Plein jour,En agglomération,Hors intersection,Normale,Deux véhicules - arrière,,,,,,,,,,,1,2,1,1,2
200700022579,0007-04-10 16:25:00,7,4,10,16,25,670,482,"0, JEAN GEORGES STUBER (",,,Plein jour,En agglomération,Intersection en X,Normale,Deux véhicules - arrière,,,,,,,,,,,1,2,2,1,2
200700022580,0007-04-11 19:10:00,7,4,11,19,10,670,482,"0, VENDENHEIM (RUE DE)",,,Plein jour,En agglomération,Hors intersection,Normale,Autre collision,,,,,,,,,,,1,2,1,1,6
200700022581,0007-04-13 08:45:00,7,4,13,8,45,670,482,"0, DOUBS (RUE DU)",,,Plein jour,En agglomération,Autre intersection,Normale,Deux véhicules - côté,,,,,,,,,,,1,2,9,1,3
200700022582,0007-04-13 09:26:00,7,4,13,9,26,670,482,"0, LONDRES (RUE DE)",,,Plein jour,En agglomération,Intersection en T,Normale,Deux véhicules - côté,,,,,,,,,,,1,2,3,1,3
200700022583,0007-04-14 01:10:00,7,4,14,1,10,670,482,"0, JEAN JAURES (AVENUE)",,,Nuit avec éclairage allumé,En agglomération,Intersection en T,Normale,Deux véhicules - côté,,,,,,,,,,,5,2,3,1,3
200700022584,0007-04-14 22:45:00,7,4,14,22,45,670,482,"00, PIERRE MENDES FRANCE",,,Nuit avec éclairage allumé,En agglomération,Intersection en X,Normale,Deux véhicules - arrière,,,,,,,,,,,5,2,2,1,2
200700022585,0007-04-15 18:30:00,7,4,15,18,30,670,482,"00, VICTOIRE (BOULEVARD",,,Plein jour,En agglomération,Intersection en X,Normale,Deux véhicules - frontale,,,,,,,,,,,1,2,2,1,1
200700022586,0007-04-16 20:05:00,7,4,16,20,5,670,482,", SCHIRMECK (ROUTE DE)",,,Crépuscule ou aube,En agglomération,Intersection en T,Normale,Sans collision,,,,,,,,,,,2,2,3,1,7
200700022587,0007-04-16 22:00:00,7,4,16,22,0,670,482,BALE (RUE DE),,,Nuit avec éclairage allumé,En agglomération,Intersection en X,Normale,Deux véhicules - côté,,,,,,,,,,,5,2,2,1,3
200700022588,0007-04-17 08:45:00,7,4,17,8,45,670,482,"7, BONNES GENS (RUE DES)",,,Plein jour,En agglomération,Hors intersection,Normale,Autre collision,,,,,,,,,,,1,2,1,1,6
200700022589,0007-04-18 17:35:00,7,4,18,17,35,670,482,"16, STAEDEL (RUE)",,,Plein jour,En agglomération,Intersection en X,Normale,Autre collision,,,,,,,,,,,1,2,2,1,6
200700022590,0007-04-18 05:50:00,7,4,18,5,50,670,482,"00, MONTAGNE VERTE (PONT",,,Nuit avec éclairage allumé,En agglomération,Intersection en Y,Normale,Deux véhicules - côté,,,,,,,,,,,5,2,4,1,3
200700022591,0007-04-18 09:00:00,7,4,18,9,0,670,218,ALFRED KASTLER (ROUTE),,,Plein jour,En agglomération,Hors intersection,Normale,Deux véhicules - arrière,,,,,,,,,,,1,2,1,1,2
200700022592,0007-04-18 17:15:00,7,4,18,17,15,670,482,"67, RHIN (ROUTE DU)",,,Plein jour,En agglomération,Hors intersection,Normale,Deux véhicules - arrière,,,,,,,,,,,1,2,1,1,2
200700022593,0007-04-18 17:00:00,7,4,18,17,0,670,218,STRASBOURG (ROUTE DE),,,Plein jour,En agglomération,Intersection en X,Normale,Deux véhicules - côté,,,,,,,,,,,1,2,2,1,3
200700022594,0007-04-19 17:20:00,7,4,19,17,20,670,482,"175, LA WANTZENAU (ROUTE",,,Plein jour,En agglomération,Hors intersection,Normale,Deux véhicules - arrière,,,,,,,,,,,1,2,1,1,2
200700022595,0007-04-19 17:45:00,7,4,19,17,45,670,218,STRASBOURG (ROUTE DE),,,Plein jour,En agglomération,Intersection en X,Normale,Deux véhicules - frontale,,,,,,,,,,,1,2,2,1,1
200700022596,0007-04-19 19:20:00,7,4,19,19,20,670,218,"0, VINCENT SCOTTO (RUE)",,,Plein jour,En agglomération,Intersection en T,Normale,Autre collision,,,,,,,,,,,1,2,3,1,6
200700022597,0007-04-20 09:25:00,7,4,20,9,25,670,482,"00, WACKEN (CHEMIN DU)",,,Plein jour,En agglomération,Intersection en T,Temps éblouissant,Deux véhicules - côté,,,,,,,,,,,1,2,3,7,3
200700022598,0007-04-20 21:45:00,7,4,20,21,45,670,482,"0, GRIMLING (RUE)",,,Nuit avec éclairage allumé,En agglomération,Intersection en T,Normale,Deux véhicules - côté,,,,,,,,,,,5,2,3,1,3
200700022599,0007-04-20 23:05:00,7,4,20,23,5,670,482,"0, MOLSHEIM (RUE DE)",,,Nuit avec éclairage allumé,En agglomération,Intersection en X,Normale,Deux véhicules - côté,,,,,,,,,,,5,2,2,1,3
200700022600,0007-04-21 23:30:00,7,4,21,23,30,670,482,"00, BAUERGRUND (RUE DU)",,,Nuit avec éclairage allumé,En agglomération,Hors intersection,Normale,Autre collision,,,,,,,,,,,5,2,1,1,6
200700022601,0007-04-22 14:05:00,7,4,22,14,5,670,482,"4, CLAIRVIVRE (RUE DE)",,,Plein jour,En agglomération,Hors intersection,Normale,Autre collision,,,,,,,,,,,1,2,1,1,6
200700022602,0007-04-23 09:30:00,7,4,23,9,30,670,482,"69, NEUHOF (ROUTE)",,,Plein jour,En agglomération,Hors intersection,Normale,Autre collision,,,,,,,,,,,1,2,1,1,6
200700022603,0007-04-23 19:35:00,7,4,23,19,35,670,218,STRASBOURG (ROUTE DE),,,Plein jour,En agglomération,Intersection en X,Normale,Deux véhicules - côté,,,,,,,,,,,1,2,2,1,3
200700022604,0007-04-24 17:15:00,7,4,24,17,15,670,43,"74, BISCHWILLER (ROUTE D",,,Plein jour,En agglomération,Hors intersection,Normale,Deux véhicules - côté,,,,,,,,,,,1,2,1,1,3
200700022605,0007-04-24 17:20:00,7,4,24,17,20,670,482,"163, GANZAU (RUE DE LA)",,,Plein jour,En agglomération,Hors intersection,Normale,Autre collision,,,,,,,,,,,1,2,1,1,6
200700022606,0007-04-25 08:32:00,7,4,25,8,32,670,482,"18, LYON (BOULEVARD DE)",,,Plein jour,En agglomération,Hors intersection,Normale,Autre collision,,,,,,,,,,,1,2,1,1,6
200700022607,0007-04-25 20:15:00,7,4,25,20,15,670,482,"30, MATHIAS GRUNEWALD (R",,,Crépuscule ou aube,En agglomération,Hors intersection,Normale,Autre collision,,,,,,,,,,,2,2,1,1,6
200700022608,0007-04-25 20:35:00,7,4,25,20,35,670,447,"0, VENDENHEIM (RUE DE)",,,Crépuscule ou aube,En agglomération,Intersection en X,Normale,Deux véhicules - côté,,,,,,,,,,,2,2,2,1,3
200700022609,0007-04-26 14:25:00,7,4,26,14,25,670,43,"00, TROIS MAIRES (RUE DE",,,Plein jour,En agglomération,Intersection en X,Normale,Deux véhicules - côté,,,,,,,,,,,1,2,2,1,3
200700022610,0007-04-26 16:25:00,7,4,26,16,25,670,482,"0, ZELLENBERG (RUE DE)",,,Plein jour,En agglomération,Intersection en T,Normale,Autre collision,,,,,,,,,,,1,2,3,1,6
200700022611,0007-04-26 19:05:00,7,4,26,19,5,670,482,"188, SCHIRMECK (ROUTE DE",,,Plein jour,En agglomération,Hors intersection,Normale,Autre collision,,,,,,,,,,,1,2,1,1,6
200700022612,0007-04-27 17:30:00,7,4,27,17,30,670,482,"00, PHILIPPE GRASS (RUE)",,,Plein jour,En agglomération,Intersection en X,Normale,Deux véhicules - côté,,,,,,,,,,,1,2,2,1,3
200700022613,0007-04-27 18:40:00,7,4,27,18,40,670,482,"00, CLEMENCEAU (BOULEVAR",,,Plein jour,En agglomération,Intersection en X,Normale,Deux véhicules - arrière,,,,,,,,,,,1,2,2,1,2
200700022614,0007-04-28 19:30:00,7,4,28,19,30,670,482,LYON (BOULEVARD DE),,,Plein jour,En agglomération,Intersection en X,Normale,Deux véhicules - frontale,,,,,,,,,,,1,2,2,1,1
200700022615,0007-04-29 09:55:00,7,4,29,9,55,670,482,RHIN (ROUTE DU),,,Plein jour,En agglomération,Intersection en X,Normale,Deux véhicules - côté,,,,,,,,,,,1,2,2,1,3
200700022616,0007-04-29 11:36:00,7,4,29,11,36,670,482,RHIN TORTU (RUE DU),,,Plein jour,En agglomération,Hors intersection,Temps éblouissant,Deux véhicules - frontale,,,,,,,,,,,1,2,1,7,1
200700022617,0007-04-30 18:15:00,7,4,30,18,15,670,447,"57, BISCHWILLER (ROUTE D",,,Plein jour,En agglomération,Hors intersection,Normale,Autre collision,,,,,,,,,,,1,2,1,1,6
200700022618,0007-04-01 18:10:00,7,4,1,18,10,680,66,"138, NEUF BRISACH (ROUTE",,,Plein jour,En agglomération,Giratoire,Normale,Deux véhicules - arrière,,,,,,,,,,,1,2,6,1,2
200700022619,0007-04-07 09:40:00,7,4,7,9,40,680,66,ALSACE (RUE D'),,,Plein jour,En agglomération,Intersection en X,Normale,Deux véhicules - côté,,,,,,,,,,,1,2,2,1,3
200700022620,0007-04-11 10:20:00,7,4,11,10,20,680,66,"1, BETZ (RUE DR PAUL)",,,Plein jour,En agglomération,Intersection en X,Normale,Trois véhicules et plus - en chaîne,,,,,,,,,,,1,2,2,1,4
200700022621,0007-04-11 15:20:00,7,4,11,15,20,680,66,INGERSHEIM (ROUTE D'),,,Plein jour,En agglomération,Intersection en X,Normale,Deux véhicules - côté,,,,,,,,,,,1,2,2,1,3
200700022622,0007-04-12 07:45:00,7,4,12,7,45,680,66,"13, ST JOSEPH (PLACE)",,,Plein jour,En agglomération,Intersection en X,Normale,Deux véhicules - côté,,,,,,,,,,,1,2,2,1,3
200700022623,0007-04-13 16:50:00,7,4,13,16,50,680,66,"30, LIBERTE (AVENUE DE L",,,Plein jour,En agglomération,Hors intersection,Normale,Deux véhicules - côté,,,,,,,,,,,1,2,1,1,3
200700022624,0007-04-10 11:22:00,7,4,10,11,22,680,66,"15, STANISLAS (RUE)",,,Plein jour,En agglomération,Hors intersection,Normale,Deux véhicules - côté,,,,,,,,,,,1,2,1,1,3
200700022625,0007-04-16 16:40:00,7,4,16,16,40,680,66,"23, ROME (AVENUE DE)",,,Plein jour,En agglomération,Hors intersection,Normale,Autre collision,,,,,,,,,,,1,2,1,1,6
200700022626,0007-04-21 11:55:00,7,4,21,11,55,680,66,"1, POINCARE (AVENUE RAYM",,,Plein jour,En agglomération,Intersection en X,Normale,Deux véhicules - arrière,,,,,,,,,,,1,2,2,1,2
200700022627,0007-04-25 18:35:00,7,4,25,18,35,680,66,ALSACE (RUE D'),,,Plein jour,En agglomération,Intersection en X,Normale,Deux véhicules - côté,,,,,,,,,,,1,2,2,1,3
200700022628,0007-04-03 14:30:00,7,4,3,14,30,680,224,"44, KATZ (ALLEE NATHAN)",,,Plein jour,En agglomération,Hors intersection,Normale,Trois véhicules et plus - en chaîne,,,,,,,,,,,1,2,1,1,4
200700022629,0007-04-05 17:35:00,7,4,5,17,35,680,224,"25, OBERKAMPF (RUE)",,,Plein jour,En agglomération,Hors intersection,Normale,Autre collision,,,,,,,,,,,1,2,1,1,6
200700022630,0007-04-13 12:45:00,7,4,13,12,45,680,224,"88, ROMAINS (RUE DES)",,,Plein jour,En agglomération,Intersection en X,Normale,Deux véhicules - côté,,,,,,,,,,,1,2,2,1,3
200700022631,0007-04-12 11:30:00,7,4,12,11,30,680,224,"165, COLMAR (AVENUE DE)",,,Plein jour,En agglomération,Intersection en T,Normale,Autre collision,,,,,,,,,,,1,2,3,1,6
200700022632,0007-04-13 15:45:00,7,4,13,15,45,680,224,"15, SCHMALZER (RUE JEAN-",,,Plein jour,En agglomération,Hors intersection,Normale,Deux véhicules - frontale,,,,,,,,,,,1,2,1,1,1
200700022633,0007-04-12 20:35:00,7,4,12,20,35,680,224,"01, METZ (RUE DE)",,,Nuit avec éclairage allumé,En agglomération,Intersection en Y,Normale,Deux véhicules - arrière,,,,,,,,,,,5,2,4,1,2
200700022634,0007-04-06 04:20:00,7,4,6,4,20,680,224,"155, ROMAINS (RUE DES)",,,Nuit avec éclairage allumé,En agglomération,Intersection en X,Normale,Deux véhicules - côté,,,,,,,,,,,5,2,2,1,3
200700022635,0007-04-15 15:15:00,7,4,15,15,15,680,224,"70, ROOSEVELT (BOULEVARD",,,Plein jour,En agglomération,Hors intersection,Normale,Sans collision,,,,,,,,,,,1,2,1,1,7
200700022636,0007-04-06 14:45:00,7,4,6,14,45,680,224,"55, ABEILLES (RUE DES)",,,Plein jour,En agglomération,Hors intersection,Normale,Autre collision,,,,,,,,,,,1,2,1,1,6
200700022637,0007-04-17 17:40:00,7,4,17,17,40,680,224,AUTOROUTE A 36,,,Plein jour,Hors agglomération,Autre intersection,Normale,Deux véhicules - côté,,,,,,,,,,,1,1,9,1,3
200700022638,0007-04-15 13:45:00,7,4,15,13,45,680,224,"29, GLUCK (ALLEE)",,,Plein jour,En agglomération,Intersection en T,Normale,Deux véhicules - frontale,,,,,,,,,,,1,2,3,1,1
200700022639,0007-04-26 12:45:00,7,4,26,12,45,680,224,", HABSHEIM (RUE DE)",,,Plein jour,En agglomération,Intersection en X,Normale,Deux véhicules - côté,,,,,,,,,,,1,2,2,1,3
200700022640,0007-04-26 19:05:00,7,4,26,19,5,680,224,"8, CLOCHE (QUAI DE LA)",,,Plein jour,En agglomération,Hors intersection,Normale,Sans collision,,,,,,,,,,,1,2,1,1,7
200700022641,0007-04-29 15:35:00,7,4,29,15,35,680,271,"45, COMMERCE (RUE DU)",,,Plein jour,Hors agglomération,Intersection en T,Normale,Autre collision,,,,,,,,,,,1,1,3,1,6
200700022642,0007-04-12 16:45:00,7,4,12,16,45,680,297,"30b, BALE ( AVE DE)WIRU",,,Plein jour,En agglomération,Hors intersection,Normale,Autre collision,,,,,,,,,,,1,2,1,1,6