accident_id,datetime,annee,mois,jour,heure,minute,departement,commune_insee,adresse,latitude,longitude,luminosite,agglomeration,intersection,meteo,collision,nb_vehicules,nb_usagers,nb_indemnes,nb_tues,nb_blesses_hosp,nb_blesses_legers,age_cond_1,age_cond_2,veh_type_cond_1,veh_type_cond_2,lum_code,agg_code,int_code,atm_code,col_code
200700022776,0007-04-07 20:00:00,7,4,7,20,0,740,281,EVIAN (AVENUE D'),,,Plein jour,En agglomération,Hors intersection,Normale,Deux véhicules - côté,,,,,,,,,,,1,2,1,1,3
200700022777,0007-04-03 17:10:00,7,4,3,17,10,740,218,"301, HUTTINS (RUE DES)",,,Plein jour,En agglomération,Hors intersection,Normale,Deux véhicules - côté,,,,,,,,,,,1,2,1,1,3
200700022778,0007-04-26 13:35:00,7,4,26,13,35,740,119,"2, GARE (AVENUE DE LA)",,,Plein jour,En agglomération,Intersection en T,Normale,Deux véhicules - côté,,,,,,,,,,,1,2,3,1,3
200700022779,0007-04-29 17:40:00,7,4,29,17,40,740,218,"645, RIVE (AVENUE DE LA)",,,Plein jour,En agglomération,Hors intersection,Normale,Deux véhicules - arrière,,,,,,,,,,,1,2,1,1,2
200700022780,0007-04-27 23:15:00,7,4,27,23,15,740,281,DE GAULLE (AV DU GAL) AP,,,Nuit avec éclairage allumé,En agglomération,Intersection en X,Normale,Deux véhicules - côté,,,,,,,,,,,5,2,2,1,3
200700022781,0007-04-30 17:20:00,7,4,30,17,20,740,281,"27, ALLINGES (AVENUE DES",,,Plein jour,En agglomération,Intersection en T,Normale,Deux véhicules - côté,,,,,,,,,,,1,2,3,1,3
200700022782,0007-04-12 19:40:00,7,4,12,19,40,750,7,AV DE SEGUR AV DE SUFFRE,,,Plein jour,En agglomération,Intersection en X,Normale,Autre collision,,,,,,,,,,,1,2,2,1,6
200700022783,0007-04-01 23:00:00,7,4,1,23,0,750,16,SOU DAUPHINE,,,Nuit avec éclairage allumé,En agglomération,Hors intersection,Normale,Autre collision,,,,,,,,,,,5,2,1,1,6
200700022784,0007-04-01 22:43:00,7,4,1,22,43,750,16,R MICHEL ANGE PL PTE DE,,,Nuit avec éclairage allumé,En agglomération,Intersection en T,Normale,Autre collision,,,,,,,,,,,5,2,3,1,6
200700022785,0007-04-01 14:23:00,7,4,1,14,23,750,12,R CLAUDE DECAEN BD PONIA,,,Plein jour,En agglomération,Intersection en T,Normale,Deux véhicules - arrière,,,,,,,,,,,1,2,3,1,2
200700022786,0007-04-01 19:35:00,7,4,1,19,35,750,8,AV CHAMPS ELYSEES PL DE,,,Plein jour,En agglomération,Intersection en T,Normale,Deux véhicules - côté,,,,,,,,,,,1,2,3,1,3
200700022787,0007-04-01 04:00:00,7,4,1,4,0,750,13,R MOULIN DES PRES R DE T,,,Nuit avec éclairage allumé,En agglomération,Intersection en X,Normale,Autre collision,,,,,,,,,,,5,2,2,1,6
200700022788,0007-04-01 11:20:00,7,4,1,11,20,750,15,39 QU DE GRENELLE,,,Plein jour,En agglomération,Hors intersection,Normale,Autre collision,,,,,,,,,,,1,2,1,1,6
200700022789,0007-04-01 02:35:00,7,4,1,2,35,750,17,186 AV DE CLICHY,,,Nuit avec éclairage allumé,En agglomération,Hors intersection,Normale,Deux véhicules - côté,,,,,,,,,,,5,2,1,1,3
200700022790,0007-04-01 11:10:00,7,4,1,11,10,750,17,2 AV S MALLARME,,,Plein jour,En agglomération,Hors intersection,Normale,Autre collision,,,,,,,,,,,1,2,1,1,6
200700022791,0007-04-02 09:30:00,7,4,2,9,30,750,18,BD DE LA CHAPELLE PL DE,,,Plein jour,En agglomération,Intersection en X,Normale,Deux véhicules - côté,,,,,,,,,,,1,2,2,1,3
200700022792,0007-04-02 11:39:00,7,4,2,11,39,750,15,BD GARIBALDI IMP GRISEL,,,Plein jour,En agglomération,Intersection en T,Normale,Deux véhicules - côté,,,,,,,,,,,1,2,3,1,3
200700022793,0007-04-02 07:10:00,7,4,2,7,10,750,15,R CROIX NIVERT R THEODOR,,,Plein jour,En agglomération,Intersection en X,Normale,Deux véhicules - côté,,,,,,,,,,,1,2,2,1,3
200700022794,0007-04-02 12:30:00,7,4,2,12,30,750,16,BD AMIRAL BRUIX PL MAL D,,,Plein jour,En agglomération,Intersection en T,Normale,Deux véhicules - côté,,,,,,,,,,,1,2,3,1,3
200700022795,0007-04-02 22:00:00,7,4,2,22,0,750,17,BD BESSIERES AV PORTE DE,,,Nuit avec éclairage allumé,En agglomération,Intersection en X,Normale,Deux véhicules - côté,,,,,,,,,,,5,2,2,1,3
200700022796,0007-04-03 08:50:00,7,4,3,8,50,750,11,55 BD DE CHARONNE,,,Plein jour,En agglomération,Hors intersection,Normale,Deux véhicules - côté,,,,,,,,,,,1,2,1,1,3
200700022797,0007-04-03 05:30:00,7,4,3,5,30,750,12,L9835 AV DAUMESNIL,,,Nuit avec éclairage allumé,En agglomération,Hors intersection,Normale,Autre collision,,,,,,,,,,,5,2,1,1,6
200700022798,0007-04-03 10:45:00,7,4,3,10,45,750,16,122 BD MURAT,,,Plein jour,En agglomération,Hors intersection,Normale,Deux véhicules - arrière,,,,,,,,,,,1,2,1,1,2
200700022799,0007-04-04 01:05:00,7,4,4,1,5,750,16,BPE MAILLOT DAUPHINE,,,Nuit avec éclairage allumé,En agglomération,Hors intersection,Normale,Autre collision,,,,,,,,,,,5,2,1,1,6
200700022800,0007-04-01 15:35:00,7,4,1,15,35,750,5,R CENSIER R MONGE,,,Plein jour,En agglomération,Intersection en X,Normale,Deux véhicules - côté,,,,,,,,,,,1,2,2,1,3
200700022801,0007-04-02 13:10:00,7,4,2,13,10,750,9,44 R DE DUNKERQUE,,,Plein jour,En agglomération,Hors intersection,Normale,Deux véhicules - côté,,,,,,,,,,,1,2,1,1,3
200700022802,0007-04-02 18:25:00,7,4,2,18,25,750,11,AV DE BOUVINES PL DE LA,,,Plein jour,En agglomération,Intersection en T,Normale,Deux véhicules - côté,,,,,,,,,,,1,2,3,1,3
200700022803,0007-04-03 17:10:00,7,4,3,17,10,750,2,92 R REAUMUR,,,Plein jour,En agglomération,Hors intersection,Normale,Trois véhicules et plus - en chaîne,,,,,,,,,,,1,2,1,1,4
200700022804,0007-04-03 10:55:00,7,4,3,10,55,750,7,R CLER AV LA MOTTE PICQU,,,Plein jour,En agglomération,Intersection en T,Normale,Deux véhicules - côté,,,,,,,,,,,1,2,3,1,3
200700022805,0007-04-03 21:50:00,7,4,3,21,50,750,14,BD ADOLPHE PINARD AV PTE,,,Nuit avec éclairage allumé,En agglomération,Intersection en X,Normale,Deux véhicules - côté,,,,,,,,,,,5,2,2,1,3
200700022806,0007-04-04 14:20:00,7,4,4,14,20,750,2,R ETIENNE MARCEL R MONTM,,,Plein jour,En agglomération,Intersection en X,Normale,Deux véhicules - côté,,,,,,,,,,,1,2,2,1,3
200700022807,0007-04-04 13:57:00,7,4,4,13,57,750,3,R COMMINES BD FILLES CAL,,,Plein jour,En agglomération,Intersection en T,Normale,Deux véhicules - côté,,,,,,,,,,,1,2,3,1,3
200700022808,0007-04-04 07:45:00,7,4,4,7,45,750,16,R BENJ FRANKLIN AV DE CA,,,Plein jour,En agglomération,Intersection en T,Normale,Autre collision,,,,,,,,,,,1,2,3,1,6
200700022809,0007-04-02 07:50:00,7,4,2,7,50,750,20,BD DAVOUT R DU VOLGA,,,Plein jour,En agglomération,Intersection en T,Normale,Deux véhicules - côté,,,,,,,,,,,1,2,3,1,3
200700022810,0007-04-02 20:15:00,7,4,2,20,15,750,20,12 R DE BELLEVILLE,,,Nuit avec éclairage allumé,En agglomération,Hors intersection,Normale,Autre collision,,,,,,,,,,,5,2,1,1,6
200700022811,0007-04-02 08:05:00,7,4,2,8,5,750,20,74 BD DAVOUT,,,Plein jour,En agglomération,Hors intersection,Normale,Autre collision,,,,,,,,,,,1,2,1,1,6
200700022812,0007-04-03 11:30:00,7,4,3,11,30,750,13,4 R CHARLES MOUREU,,,Plein jour,En agglomération,Hors intersection,Normale,Autre collision,,,,,,,,,,,1,2,1,1,6
200700022813,0007-04-04 07:20:00,7,4,4,7,20,750,13,L4050 PO NATIONAL,,,Plein jour,En agglomération,Hors intersection,Normale,Deux véhicules - frontale,,,,,,,,,,,1,2,1,1,1
200700022814,0007-04-04 19:00:00,7,4,4,19,0,750,1,R SAINT HONORE R SAINT R,,,Nuit avec éclairage allumé,En agglomération,Intersection en X,Normale,Autre collision,,,,,,,,,,,5,2,2,1,6
200700022815,0007-04-04 10:10:00,7,4,4,10,10,750,12,QU DE BERCY,,,Plein jour,En agglomération,Hors intersection,Normale,Trois véhicules et plus - en chaîne,,,,,,,,,,,1,2,1,1,4
200700022816,0007-04-04 17:05:00,7,4,4,17,5,750,18,BD BARBES R MYRHA,,,Plein jour,En agglomération,Intersection en X,Normale,Autre collision,,,,,,,,,,,1,2,2,1,6
200700022817,0007-04-03 14:25:00,7,4,3,14,25,750,1,4 BD DU PALAIS,,,Plein jour,En agglomération,Hors intersection,Normale,Deux véhicules - arrière,,,,,,,,,,,1,2,1,1,2
200700022818,0007-04-03 11:38:00,7,4,3,11,38,750,1,BD DE SEBASTOPOL AV VICT,,,Plein jour,En agglomération,Intersection en X,Normale,Deux véhicules - côté,,,,,,,,,,,1,2,2,1,3
200700022819,0007-04-03 15:00:00,7,4,3,15,0,750,9,R DE CHATEAUDUN R FLECHI,,,Plein jour,En agglomération,Intersection en T,Normale,Deux véhicules - côté,,,,,,,,,,,1,2,3,1,3
200700022820,0007-04-03 21:05:00,7,4,3,21,5,750,10,10 BD DE STRASBOURG,,,Nuit avec éclairage allumé,En agglomération,Hors intersection,Normale,Autre collision,,,,,,,,,,,5,2,1,1,6
200700022821,0007-04-03 09:55:00,7,4,3,9,55,750,15,102 R FALGUIERE,,,Plein jour,En agglomération,Hors intersection,Normale,Autre collision,,,,,,,,,,,1,2,1,1,6
200700022822,0007-04-03 16:30:00,7,4,3,16,30,750,17,2 R MARGUERITTE,,,Plein jour,En agglomération,Hors intersection,Normale,Autre collision,,,,,,,,,,,1,2,1,1,6
200700022823,0007-04-03 09:50:00,7,4,3,9,50,750,17,84 AV DE VILLIERS,,,Plein jour,En agglomération,Hors intersection,Normale,Deux véhicules - arrière,,,,,,,,,,,1,2,1,1,2
200700022824,0007-04-03 19:25:00,7,4,3,19,25,750,18,38 R DE CLIGNANCOURT,,,Crépuscule ou aube,En agglomération,Hors intersection,Normale,Autre collision,,,,,,,,,,,2,2,1,1,6
200700022825,0007-04-03 11:42:00,7,4,3,11,42,750,18,42 BD BARBES,,,Plein jour,En agglomération,Hors intersection,Normale,Deux véhicules - côté,,,,,,,,,,,1,2,1,1,3
200700022826,0007-04-03 10:55:00,7,4,3,10,55,750,18,106 BD DE LA CHAPELLE,,,Plein jour,En agglomération,Hors intersection,Normale,Deux véhicules - côté,,,,,,,,,,,1,2,1,1,3
200700022827,0007-04-02 20:40:00,7,4,2,20,40,750,18,80 BD BARBES,,,Nuit avec éclairage allumé,En agglomération,Hors intersection,Normale,Autre collision,,,,,,,,,,,5,2,1,1,6
200700022828,0007-04-02 01:10:00,7,4,2,1,10,750,18,28 AV DE SAINT OUEN,,,Nuit avec éclairage allumé,En agglomération,Hors intersection,Normale,Deux véhicules - côté,,,,,,,,,,,5,2,1,1,3
200700022829,0007-04-02 05:50:00,7,4,2,5,50,750,18,100 R DE LA CHAPELLE,,,Nuit avec éclairage allumé,En agglomération,Hors intersection,Normale,Autre collision,,,,,,,,,,,5,2,1,1,6
200700022830,0007-04-03 16:15:00,7,4,3,16,15,750,8,R DE ROME R DE VIENNE,,,Plein jour,En agglomération,Intersection en X,Normale,Deux véhicules - côté,,,,,,,,,,,1,2,2,1,3
200700022831,0007-04-04 21:00:00,7,4,4,21,0,750,5,78 R MONGE,,,Nuit avec éclairage allumé,En agglomération,Hors intersection,Normale,Sans collision,,,,,,,,,,,5,2,1,1,7
200700022832,0007-04-04 21:35:00,7,4,4,21,35,750,8,R FG SAINT HONORE AV HOC,,,Nuit avec éclairage allumé,En agglomération,Intersection en X,Normale,Deux véhicules - côté,,,,,,,,,,,5,2,2,1,3
200700022833,0007-04-04 09:05:00,7,4,4,9,5,750,15,R CROIX NIVERT R LETELLI,,,Plein jour,En agglomération,Intersection en T,Normale,Autre collision,,,,,,,,,,,1,2,3,1,6
200700022834,0007-04-04 23:40:00,7,4,4,23,40,750,20,BD MORTIER R PIERRE MOUI,,,Nuit avec éclairage allumé,En agglomération,Intersection en Y,Normale,Deux véhicules - arrière,,,,,,,,,,,5,2,4,1,2
200700022835,0007-04-05 23:15:00,7,4,5,23,15,750,14,R LEGION ETRANGERE BD RO,,,Nuit avec éclairage allumé,En agglomération,Intersection en X,Normale,Deux véhicules - côté,,,,,,,,,,,5,2,2,1,3
200700022836,0007-04-05 14:18:00,7,4,5,14,18,750,15,170 R DE LA CONVENTION,,,Plein jour,En agglomération,Hors intersection,Normale,Deux véhicules - côté,,,,,,,,,,,1,2,1,1,3
200700022837,0007-04-05 10:20:00,7,4,5,10,20,750,16,R FELICIEN DAVID  R REMU,,,Plein jour,En agglomération,Intersection en T,Normale,Autre collision,,,,,,,,,,,1,2,3,1,6
200700022838,0007-04-05 09:20:00,7,4,5,9,20,750,16,34 R VITAL,,,Plein jour,En agglomération,Hors intersection,Normale,Autre collision,,,,,,,,,,,1,2,1,1,6
200700022839,0007-04-05 10:50:00,7,4,5,10,50,750,16,250 R DES SABLONS,,,Plein jour,En agglomération,Hors intersection,Normale,Autre collision,,,,,,,,,,,1,2,1,1,6
200700022840,0007-04-06 11:00:00,7,4,6,11,0,750,14,R LEGION ETRANGERE BD RO,,,Plein jour,En agglomération,Intersection en X,Normale,Autre collision,,,,,,,,,,,1,2,2,1,6
200700022841,0007-04-02 20:35:00,7,4,2,20,35,750,12,BD DIDEROT R DE REUILLY,,,Nuit avec éclairage allumé,En agglomération,Intersection en X,Normale,Deux véhicules - côté,,,,,,,,,,,5,2,2,1,3
200700022842,0007-04-03 13:33:00,7,4,3,13,33,750,12,BD SOULT AV PTE DE VINCE,,,Plein jour,En agglomération,Intersection en X,Normale,Deux véhicules - côté,,,,,,,,,,,1,2,2,1,3
200700022843,0007-04-04 13:10:00,7,4,4,13,10,750,11,54 R MERLIN,,,Plein jour,En agglomération,Hors intersection,Normale,Sans collision,,,,,,,,,,,1,2,1,1,7
200700022844,0007-04-04 15:30:00,7,4,4,15,30,750,16,POR DE BOULOGNE ALL REIN,,,Plein jour,En agglomération,Intersection en T,Normale,Autre collision,,,,,,,,,,,1,2,3,1,6
200700022845,0007-04-05 13:30:00,7,4,5,13,30,750,3,60 R DE BRETAGNE,,,Plein jour,En agglomération,Hors intersection,Normale,Autre collision,,,,,,,,,,,1,2,1,1,6
200700022846,0007-04-05 15:30:00,7,4,5,15,30,750,7,BD TOUR MAUBOURG R DE L,,,Plein jour,En agglomération,Intersection en X,Normale,Autre collision,,,,,,,,,,,1,2,2,1,6
200700022847,0007-04-05 11:50:00,7,4,5,11,50,750,8,R DE NAPLES R DU ROCHER,,,Plein jour,En agglomération,Intersection en X,Normale,Autre collision,,,,,,,,,,,1,2,2,1,6
200700022848,0007-04-05 19:25:00,7,4,5,19,25,750,8,64 AV HOCHE,,,Plein jour,En agglomération,Hors intersection,Normale,Deux véhicules - côté,,,,,,,,,,,1,2,1,1,3
200700022849,0007-04-05 20:00:00,7,4,5,20,0,750,11,PAS BULLOURDE R KELLER,,,Nuit avec éclairage allumé,En agglomération,Intersection en T,Normale,Deux véhicules - arrière,,,,,,,,,,,5,2,3,1,2
200700022850,0007-04-05 23:55:00,7,4,5,23,55,750,11,PL DE LA REPULIQUE BD VO,,,Nuit avec éclairage allumé,En agglomération,Intersection en X,Normale,Autre collision,,,,,,,,,,,5,2,2,1,6
200700022851,0007-04-05 18:25:00,7,4,5,18,25,750,11,PL DE LA NATION AV DE TA,,,Plein jour,En agglomération,Place,Normale,Deux véhicules - côté,,,,,,,,,,,1,2,7,1,3
200700022852,0007-04-09 16:40:00,7,4,9,16,40,750,16,AV KLEBER R DE LONGCHAMP,,,Plein jour,En agglomération,Intersection à plus de 4 branches,Normale,Autre collision,,,,,,,,,,,1,2,5,1,6
200700022853,0007-04-05 16:20:00,7,4,5,16,20,750,12,R DE BERCY AV LEDRU ROLL,,,Plein jour,En agglomération,Intersection en X,Normale,Deux véhicules - côté,,,,,,,,,,,1,2,2,1,3
200700022854,0007-04-05 20:30:00,7,4,5,20,30,750,16,BD AMIRAL BRUIX PL PORTE,,,Nuit avec éclairage allumé,En agglomération,Place,Normale,Deux véhicules - arrière,,,,,,,,,,,5,2,7,1,2
200700022855,0007-04-06 09:50:00,7,4,6,9,50,750,11,246 BD VOLTAIRE,,,Plein jour,En agglomération,Hors intersection,Normale,Autre collision,,,,,,,,,,,1,2,1,1,6
200700022856,0007-04-06 23:35:00,7,4,6,23,35,750,12,BD DIDEROT R DE PICPUS,,,Nuit avec éclairage allumé,En agglomération,Intersection en X,Normale,Deux véhicules - côté,,,,,,,,,,,5,2,2,1,3
200700022857,0007-04-06 11:10:00,7,4,6,11,10,750,12,46 QU DE LA RAPEE,,,Plein jour,En agglomération,Hors intersection,Temps éblouissant,Sans collision,,,,,,,,,,,1,2,1,7,7
200700022858,0007-04-06 01:40:00,7,4,6,1,40,750,15,SOU CITROEN CEVENNES,,,Nuit avec éclairage allumé,En agglomération,Hors intersection,Normale,Deux véhicules - côté,,,,,,,,,,,5,2,1,1,3
200700022859,0007-04-06 13:35:00,7,4,6,13,35,750,16,R DE L ARIOSTE BD MURAT,,,Plein jour,En agglomération,Intersection en T,Normale,Deux véhicules - côté,,,,,,,,,,,1,2,3,1,3
200700022860,0007-04-06 19:15:00,7,4,6,19,15,750,16,AV HIPPODROME ALL REINE,,,Plein jour,En agglomération,Intersection en X,Normale,Deux véhicules - côté,,,,,,,,,,,1,2,2,1,3
200700022861,0007-04-06 18:20:00,7,4,6,18,20,750,16,AV INGRES BD SUCHET,,,Plein jour,En agglomération,Intersection en X,Normale,Deux véhicules - côté,,,,,,,,,,,1,2,2,1,3
200700022862,0007-04-06 07:55:00,7,4,6,7,55,750,16,R DEBROUSSE AV DE NEW YO,,,Plein jour,En agglomération,Intersection en T,Normale,Deux véhicules - côté,,,,,,,,,,,1,2,3,1,3
200700022863,0007-04-08 15:05:00,7,4,8,15,5,750,12,L2691 AV DE FONTENAY,,,Plein jour,En agglomération,Hors intersection,Normale,Sans collision,,,,,,,,,,,1,2,1,1,7
200700022864,0007-04-09 13:57:00,7,4,9,13,57,750,15,R CASTAGNARY R DE VOUILL,,,Plein jour,En agglomération,Intersection en X,Normale,Autre collision,,,,,,,,,,,1,2,2,1,6
200700022865,0007-04-09 22:45:00,7,4,9,22,45,750,16,R PAUL DELAROCHE AV PAUL,,,Nuit avec éclairage allumé,En agglomération,Intersection en Y,Normale,Autre collision,,,,,,,,,,,5,2,4,1,6
200700022866,0007-04-09 15:20:00,7,4,9,15,20,750,16,ALL FORTIFICATIONS RTE D,,,Plein jour,En agglomération,Intersection en Y,Normale,Deux véhicules - côté,,,,,,,,,,,1,2,4,1,3
200700022867,0007-04-09 19:35:00,7,4,9,19,35,750,16,R GUICHARD R DE PASSY,,,Plein jour,En agglomération,Intersection en T,Normale,Autre collision,,,,,,,,,,,1,2,3,1,6
200700022868,0007-04-05 19:10:00,7,4,5,19,10,750,20,166 R DE BAGNOLET,,,Plein jour,En agglomération,Hors intersection,Normale,Autre collision,,,,,,,,,,,1,2,1,1,6
200700022869,0007-04-05 18:15:00,7,4,5,18,15,750,20,38 R DE MENILMONTANT,,,Nuit avec éclairage allumé,En agglomération,Hors intersection,Normale,Autre collision,,,,,,,,,,,5,2,1,1,6
200700022870,0007-04-05 16:30:00,7,4,5,16,30,750,20,R BELGRAND R DE LA CHINE,,,Plein jour,En agglomération,Intersection en X,Normale,Deux véhicules - côté,,,,,,,,,,,1,2,2,1,3
200700022871,0007-04-08 10:00:00,7,4,8,10,0,750,18,20 R LETORT,,,Plein jour,En agglomération,Hors intersection,Normale,Deux véhicules - côté,,,,,,,,,,,1,2,1,1,3
200700022872,0007-04-07 15:15:00,7,4,7,15,15,750,18,106 R DES POISSONNIERS,,,Plein jour,En agglomération,Hors intersection,Normale,Deux véhicules - arrière,,,,,,,,,,,1,2,1,1,2
200700022873,0007-04-07 23:25:00,7,4,7,23,25,750,18,R DES CLOYS R DAMREMONT,,,Nuit avec éclairage allumé,En agglomération,Intersection en X,Normale,Autre collision,,,,,,,,,,,5,2,2,1,6
200700022874,0007-04-06 20:10:00,7,4,6,20,10,750,14,R D ALESIA R BROUSSAIS,,,Crépuscule ou aube,En agglomération,Intersection en T,Normale,Deux véhicules - côté,,,,,,,,,,,2,2,3,1,3
200700022875,0007-04-06 11:40:00,7,4,6,11,40,750,18,84 R MYRHA,,,Plein jour,En agglomération,Hors intersection,Normale,Deux véhicules - côté,,,,,,,,,,,1,2,1,1,3
200700022876,0007-04-05 08:50:00,7,4,5,8,50,750,18,R MARC SEGUIN R PAJOL,,,Plein jour,En agglomération,Intersection en X,Temps couvert,Sans collision,,,,,,,,,,,1,2,2,8,7
200700022877,0007-04-05 06:50:00,7,4,5,6,50,750,19,R DES BOIS R HENRI RIBIE,,,Crépuscule ou aube,En agglomération,Intersection à plus de 4 branches,Normale,Deux véhicules - frontale,,,,,,,,,,,2,2,5,1,1
200700022878,0007-04-05 11:30:00,7,4,5,11,30,750,19,AV MATHURIN MOREAU AV SI,,,Plein jour,En agglomération,Intersection en X,Normale,Trois véhicules et plus - collisions multiples,,,,,,,,,,,1,2,2,1,5
200700022879,0007-04-04 18:45:00,7,4,4,18,45,750,1,VERD PO NEUF PO AU CHANG,,,Plein jour,En agglomération,Hors intersection,Normale,Deux véhicules - arrière,,,,,,,,,,,1,2,1,1,2
200700022880,0007-04-04 21:10:00,7,4,4,21,10,750,1,R BAILLEUL R DU LOUVRE,,,Nuit avec éclairage allumé,En agglomération,Intersection en T,Normale,Deux véhicules - côté,,,,,,,,,,,5,2,3,1,3
200700022881,0007-04-03 19:45:00,7,4,3,19,45,750,5,AV DES GOBELINS BD SAINT,,,Nuit avec éclairage allumé,En agglomération,Intersection en Y,Normale,Sans collision,,,,,,,,,,,5,2,4,1,7
200700022882,0007-04-03 14:35:00,7,4,3,14,35,750,19,190 R DE CRIMEE,,,Plein jour,En agglomération,Hors intersection,Normale,Deux véhicules - côté,,,,,,,,,,,1,2,1,1,3
200700022883,0007-04-02 19:05:00,7,4,2,19,5,750,19,1 R MANIN,,,Plein jour,En agglomération,Hors intersection,Normale,Autre collision,,,,,,,,,,,1,2,1,1,6
200700022884,0007-04-03 23:45:00,7,4,3,23,45,750,19,114 BD MACDONALD,,,Nuit avec éclairage allumé,En agglomération,Hors intersection,Normale,Deux véhicules - côté,,,,,,,,,,,5,2,1,1,3
200700022885,0007-04-12 11:47:00,7,4,12,11,47,750,6,R DU CHERCHE MIDI R DU R,,,Plein jour,En agglomération,Intersection en T,Normale,Autre collision,,,,,,,,,,,1,2,3,1,6
200700022886,0007-04-04 09:35:00,7,4,4,9,35,750,9,BD DES CAPUCINES PL DE L,,,Plein jour,En agglomération,Intersection en X,Normale,Deux véhicules - côté,,,,,,,,,,,1,2,2,1,3
200700022887,0007-04-04 17:45:00,7,4,4,17,45,750,9,BD HAUSSMANN R LE PELETI,,,Plein jour,En agglomération,Intersection en X,Normale,Deux véhicules - côté,,,,,,,,,,,1,2,2,1,3
200700022888,0007-04-05 22:00:00,7,4,5,22,0,750,9,R MOGADOR R SAINT LAZARE,,,Nuit avec éclairage allumé,En agglomération,Intersection en X,Normale,Deux véhicules - côté,,,,,,,,,,,5,2,2,1,3
200700022889,0007-04-05 02:20:00,7,4,5,2,20,750,9,R LA FAYETTE R LAFFITTE,,,Nuit avec éclairage allumé,En agglomération,Intersection en X,Normale,Autre collision,,,,,,,,,,,5,2,2,1,6
200700022890,0007-04-05 12:55:00,7,4,5,12,55,750,6,R ASSAS R VAVIN,,,Plein jour,En agglomération,Intersection en T,Normale,Deux véhicules - côté,,,,,,,,,,,1,2,3,1,3
200700022891,0007-04-06 17:00:00,7,4,6,17,0,750,1,208 R DE RIVOLI,,,Plein jour,En agglomération,Hors intersection,Normale,Sans collision,,,,,,,,,,,1,2,1,1,7
200700022892,0007-04-06 19:15:00,7,4,6,19,15,750,2,122 R REAUMUR,,,Plein jour,En agglomération,Hors intersection,Normale,Autre collision,,,,,,,,,,,1,2,1,1,6
200700022893,0007-04-06 09:38:00,7,4,6,9,38,750,2,100 R REAUMUR,,,Plein jour,En agglomération,Hors intersection,Normale,Deux véhicules - côté,,,,,,,,,,,1,2,1,1,3
200700022894,0007-04-06 06:55:00,7,4,6,6,55,750,4,VERD PO MARIE PO SULLY,,,Plein jour,En agglomération,Hors intersection,Normale,Autre collision,,,,,,,,,,,1,2,1,1,6
200700022895,0007-04-06 08:20:00,7,4,6,8,20,750,7,2 AV LA MOTTE PICQUET,,,Plein jour,En agglomération,Hors intersection,Normale,Sans collision,,,,,,,,,,,1,2,1,1,7
200700022896,0007-04-06 11:50:00,7,4,6,11,50,750,8,CRS ALBERT 1ER PL DE L A,,,Plein jour,En agglomération,Intersection en X,Normale,Trois véhicules et plus - en chaîne,,,,,,,,,,,1,2,2,1,4
200700022897,0007-04-06 09:25:00,7,4,6,9,25,750,8,R GENERAL FOY R DE MADRI,,,Plein jour,En agglomération,Intersection en X,Normale,Autre collision,,,,,,,,,,,1,2,2,1,6
200700022898,0007-04-06 14:50:00,7,4,6,14,50,750,8,66 AV HOCHE,,,Plein jour,En agglomération,Hors intersection,Normale,Autre collision,,,,,,,,,,,1,2,1,1,6
200700022899,0007-04-06 11:35:00,7,4,6,11,35,750,9,BD HAUSSMANN R LAFFITTE,,,Plein jour,En agglomération,Intersection en X,Normale,Deux véhicules - côté,,,,,,,,,,,1,2,2,1,3
200700022900,0007-04-06 17:00:00,7,4,6,17,0,750,11,R DU MOULIN JOLY R DE L,,,Plein jour,En agglomération,Intersection en X,Normale,Deux véhicules - côté,,,,,,,,,,,1,2,2,1,3
200700022901,0007-04-07 18:10:00,7,4,7,18,10,750,1,SOU DES HALLES,,,Nuit avec éclairage allumé,En agglomération,Hors intersection,Normale,Autre collision,,,,,,,,,,,5,2,1,1,6
200700022902,0007-04-07 19:10:00,7,4,7,19,10,750,4,38 R DU TEMPLE,,,Nuit avec éclairage allumé,En agglomération,Hors intersection,Normale,Trois véhicules et plus - en chaîne,,,,,,,,,,,5,2,1,1,4
200700022903,0007-04-07 09:00:00,7,4,7,9,0,750,4,R DE LA CITE,,,Plein jour,En agglomération,Hors intersection,Normale,Autre collision,,,,,,,,,,,1,2,1,1,6
200700022904,0007-04-07 01:46:00,7,4,7,1,46,750,6,53 QU GRANDS AUGUSTINS,,,Nuit avec éclairage allumé,En agglomération,Hors intersection,Normale,Autre collision,,,,,,,,,,,5,2,1,1,6
200700022905,0007-04-07 15:30:00,7,4,7,15,30,750,7,AV ELISEE RECLUS AV S DE,,,Plein jour,En agglomération,Intersection en X,Normale,Autre collision,,,,,,,,,,,1,2,2,1,6
200700022906,0007-04-07 01:43:00,7,4,7,1,43,750,8,AV CHAMPS ELYSEES PL DE,,,Nuit avec éclairage allumé,En agglomération,Intersection en X,Normale,Deux véhicules - côté,,,,,,,,,,,5,2,2,1,3
200700022907,0007-04-07 18:45:00,7,4,7,18,45,750,8,AV CHAMPS ELYSEES SOU ET,,,Plein jour,En agglomération,Intersection en X,Normale,Autre collision,,,,,,,,,,,1,2,2,1,6
200700022908,0007-04-07 05:00:00,7,4,7,5,0,750,9,18 R AUBER,,,Nuit avec éclairage non allumé,En agglomération,Hors intersection,Normale,Sans collision,,,,,,,,,,,4,2,1,1,7
200700022909,0007-04-07 05:50:00,7,4,7,5,50,750,9,R N D DE LORETTE PL SAIN,,,Plein jour,En agglomération,Intersection en X,Normale,Sans collision,,,,,,,,,,,1,2,2,1,7
200700022910,0007-04-07 19:35:00,7,4,7,19,35,750,11,4 AV DU TRONE,,,Crépuscule ou aube,En agglomération,Hors intersection,Normale,Deux véhicules - arrière,,,,,,,,,,,2,2,1,1,2
200700022911,0007-04-08 21:50:00,7,4,8,21,50,750,4,R CASTEX R SAINT ANTOINE,,,Nuit avec éclairage allumé,En agglomération,Intersection en T,Normale,Deux véhicules - côté,,,,,,,,,,,5,2,3,1,3