accident_id,datetime,annee,mois,jour,heure,minute,departement,commune_insee,adresse,latitude,longitude,luminosite,agglomeration,intersection,meteo,collision,nb_vehicules,nb_usagers,nb_indemnes,nb_tues,nb_blesses_hosp,nb_blesses_legers,age_cond_1,age_cond_2,veh_type_cond_1,veh_type_cond_2,lum_code,agg_code,int_code,atm_code,col_code
200700022912,0007-04-08 15:45:00,7,4,8,15,45,750,11,4 R DE CHARONNE,,,Plein jour,En agglomération,Hors intersection,Normale,Deux véhicules - côté,,,,,,,,,,,1,2,1,1,3
200700022913,0007-04-08 13:50:00,7,4,8,13,50,750,11,102 AV LEDRU ROLLIN,,,Plein jour,En agglomération,Hors intersection,Normale,Deux véhicules - côté,,,,,,,,,,,1,2,1,1,3
200700022914,0007-04-08 12:39:00,7,4,8,12,39,750,12,BPI CHARENTON BERCY,,,Plein jour,En agglomération,Hors intersection,Normale,Deux véhicules - côté,,,,,,,,,,,1,2,1,1,3
200700022915,0007-04-08 21:25:00,7,4,8,21,25,750,13,R DE CROULEBARBE AV DES,,,Nuit avec éclairage allumé,En agglomération,Intersection en T,Normale,Deux véhicules - côté,,,,,,,,,,,5,2,3,1,3
200700022916,0007-04-08 14:05:00,7,4,8,14,5,750,19,112 AV SIMON BOLIVAR,,,Plein jour,En agglomération,Hors intersection,Normale,Deux véhicules - côté,,,,,,,,,,,1,2,1,1,3
200700022917,0007-04-09 12:55:00,7,4,9,12,55,750,1,16 PL MARCHE ST HONORE,,,Plein jour,En agglomération,Hors intersection,Normale,Autre collision,,,,,,,,,,,1,2,1,1,6
200700022918,0007-04-09 17:35:00,7,4,9,17,35,750,1,QU DE L HORLOGE PL DU PO,,,Plein jour,En agglomération,Intersection en X,Normale,Autre collision,,,,,,,,,,,1,2,2,1,6
200700022919,0007-04-09 15:00:00,7,4,9,15,0,750,7,L2425 QU BRANLY,,,Plein jour,En agglomération,Hors intersection,Normale,Deux véhicules - côté,,,,,,,,,,,1,2,1,1,3
200700022920,0007-04-09 13:00:00,7,4,9,13,0,750,9,R DROUOT BD HAUSSMANN,,,Plein jour,En agglomération,Intersection en X,Normale,Autre collision,,,,,,,,,,,1,2,2,1,6
200700022921,0007-04-09 17:00:00,7,4,9,17,0,750,11,R DE CHARONNE R DE NICE,,,Plein jour,En agglomération,Intersection en T,Normale,Deux véhicules - côté,,,,,,,,,,,1,2,3,1,3
200700022922,0007-04-09 13:50:00,7,4,9,13,50,750,19,R DE CAMBRAI R CURIAL,,,Plein jour,En agglomération,Intersection en X,Normale,Deux véhicules - côté,,,,,,,,,,,1,2,2,1,3
200700022923,0007-04-09 01:45:00,7,4,9,1,45,750,19,PL AUGUSTE BARON ECH VIL,,,Nuit avec éclairage allumé,En agglomération,Intersection en Y,Normale,Autre collision,,,,,,,,,,,5,2,4,1,6
200700022924,0007-04-09 15:40:00,7,4,9,15,40,750,20,R DULAURE BD MORTIER,,,Plein jour,En agglomération,Intersection en T,Normale,Deux véhicules - côté,,,,,,,,,,,1,2,3,1,3
200700022925,0007-04-09 19:20:00,7,4,9,19,20,750,20,138 AV GAMBETTA,,,Plein jour,En agglomération,Hors intersection,Normale,Autre collision,,,,,,,,,,,1,2,1,1,6
200700022926,0007-04-10 18:52:00,7,4,10,18,52,750,14,BD BRUNE AV PTE DE CHATI,,,Plein jour,En agglomération,Intersection en X,Normale,Deux véhicules - côté,,,,,,,,,,,1,2,2,1,3
200700022927,0007-04-01 14:40:00,7,4,1,14,40,750,10,86 BD DE MAGENTA,,,Plein jour,En agglomération,Hors intersection,Normale,Autre collision,,,,,,,,,,,1,2,1,1,6
200700022928,0007-04-02 17:35:00,7,4,2,17,35,750,10,92 R DE MAUBEUGE,,,Plein jour,En agglomération,Hors intersection,Normale,Autre collision,,,,,,,,,,,1,2,1,1,6
200700022929,0007-04-03 09:15:00,7,4,3,9,15,750,10,R FG SAINT DENIS BD DE M,,,Plein jour,En agglomération,Intersection en T,Normale,Deux véhicules - côté,,,,,,,,,,,1,2,3,1,3
200700022930,0007-04-12 16:10:00,7,4,12,16,10,750,12,L9991 AV DE SAINT MAURIC,,,Plein jour,En agglomération,Hors intersection,Normale,Autre collision,,,,,,,,,,,1,2,1,1,6
200700022931,0007-04-14 10:35:00,7,4,14,10,35,750,7,BD DES INVALIDES R OUDIN,,,Plein jour,En agglomération,Intersection en X,Normale,Deux véhicules - arrière,,,,,,,,,,,1,2,2,1,2
200700022932,0007-04-05 22:45:00,7,4,5,22,45,750,10,BD SAINT MARTIN PL DE LA,,,Nuit avec éclairage allumé,En agglomération,Intersection en T,Normale,Deux véhicules - côté,,,,,,,,,,,5,2,3,1,3
200700022933,0007-04-05 19:45:00,7,4,5,19,45,750,17,BD BESSIERES R POUCHET,,,Nuit avec éclairage allumé,En agglomération,Intersection en X,Normale,Deux véhicules - côté,,,,,,,,,,,5,2,2,1,3
200700022934,0007-04-05 14:40:00,7,4,5,14,40,750,18,28 R TRISTAN TZARA,,,Plein jour,En agglomération,Hors intersection,Normale,Deux véhicules - côté,,,,,,,,,,,1,2,1,1,3
200700022935,0007-04-06 04:00:00,7,4,6,4,0,750,6,28 R JACOB,,,Nuit avec éclairage allumé,En agglomération,Hors intersection,Normale,Autre collision,,,,,,,,,,,5,2,1,1,6
200700022936,0007-04-06 09:00:00,7,4,6,9,0,750,10,4 R CHATEAU LANDON,,,Plein jour,En agglomération,Hors intersection,Normale,Deux véhicules - côté,,,,,,,,,,,1,2,1,1,3
200700022937,0007-04-07 17:30:00,7,4,7,17,30,750,10,34 BD BONNE NOUVELLE,,,Plein jour,En agglomération,Hors intersection,Normale,Deux véhicules - arrière,,,,,,,,,,,1,2,1,1,2
200700022938,0007-04-08 17:30:00,7,4,8,17,30,750,17,72 AV DE VILLIERS,,,Plein jour,En agglomération,Hors intersection,Normale,Autre collision,,,,,,,,,,,1,2,1,1,6
200700022939,0007-04-09 16:00:00,7,4,9,16,0,750,5,L4597 JAR TINO ROSSI,,,Plein jour,En agglomération,Hors intersection,Normale,Autre collision,,,,,,,,,,,1,2,1,1,6
200700022940,0007-04-09 08:40:00,7,4,9,8,40,750,17,PL GENERAL CATROUX AV DE,,,Plein jour,En agglomération,Intersection en X,Normale,Autre collision,,,,,,,,,,,1,2,2,1,6
200700022941,0007-04-10 16:05:00,7,4,10,16,5,750,2,R ETIENNE MARCEL R DU LO,,,Plein jour,En agglomération,Intersection en X,Normale,Autre collision,,,,,,,,,,,1,2,2,1,6
200700022942,0007-04-10 10:55:00,7,4,10,10,55,750,7,R AMELIE R DE GRENELLE,,,Plein jour,En agglomération,Intersection en T,Normale,Deux véhicules - côté,,,,,,,,,,,1,2,3,1,3
200700022943,0007-04-10 18:00:00,7,4,10,18,0,750,7,4 BD RASPAIL,,,Plein jour,En agglomération,Hors intersection,Normale,Autre collision,,,,,,,,,,,1,2,1,1,6
200700022944,0007-04-10 10:25:00,7,4,10,10,25,750,8,58 R D AMSTERDAM,,,Plein jour,En agglomération,Hors intersection,Normale,Autre collision,,,,,,,,,,,1,2,1,1,6
200700022945,0007-04-10 18:20:00,7,4,10,18,20,750,8,BD DE COURCELLES PL REP,,,Plein jour,En agglomération,Intersection en X,Normale,Autre collision,,,,,,,,,,,1,2,2,1,6
200700022946,0007-04-10 14:50:00,7,4,10,14,50,750,10,6 R DE SAINT QUENTIN,,,Plein jour,En agglomération,Hors intersection,Normale,Autre collision,,,,,,,,,,,1,2,1,1,6
200700022947,0007-04-10 13:00:00,7,4,10,13,0,750,16,122 BD MURAT,,,Plein jour,En agglomération,Hors intersection,Normale,Autre collision,,,,,,,,,,,1,2,1,1,6
200700022948,0007-04-10 09:20:00,7,4,10,9,20,750,17,BD GOUVION ST CYR R LAUG,,,Plein jour,En agglomération,Intersection en X,Normale,Deux véhicules - côté,,,,,,,,,,,1,2,2,1,3
200700022949,0007-04-10 14:30:00,7,4,10,14,30,750,18,14 R D AUBERVILLIERS,,,Plein jour,En agglomération,Hors intersection,Normale,Autre collision,,,,,,,,,,,1,2,1,1,6
200700022950,0007-04-06 10:20:00,7,4,6,10,20,750,17,R DE COURCELLES BD DE RE,,,Plein jour,En agglomération,Intersection en X,Normale,Autre collision,,,,,,,,,,,1,2,2,1,6
200700022951,0007-04-08 10:45:00,7,4,8,10,45,750,13,R JENNER BD VINCENT AURI,,,Plein jour,En agglomération,Intersection en X,Normale,Deux véhicules - côté,,,,,,,,,,,1,2,2,1,3
200700022952,0007-04-10 17:25:00,7,4,10,17,25,750,1,QU DE L HORLOGE BD DU PA,,,Plein jour,En agglomération,Intersection en X,Normale,Deux véhicules - côté,,,,,,,,,,,1,2,2,1,3
200700022953,0007-04-10 08:45:00,7,4,10,8,45,750,1,PL DES PYRAMIDES R DE RI,,,Plein jour,En agglomération,Intersection en X,Normale,Deux véhicules - côté,,,,,,,,,,,1,2,2,1,3
200700022954,0007-04-10 17:00:00,7,4,10,17,0,750,1,R DE L ECHELLE R DE RIVO,,,Plein jour,En agglomération,Intersection en T,Normale,Autre collision,,,,,,,,,,,1,2,3,1,6
200700022955,0007-04-10 12:00:00,7,4,10,12,0,750,11,67 BD DE BELLEVILLE,,,Plein jour,En agglomération,Hors intersection,Normale,Autre collision,,,,,,,,,,,1,2,1,1,6
200700022956,0007-04-10 18:30:00,7,4,10,18,30,750,11,R DU FG DU TEMPLE AV PAR,,,Plein jour,En agglomération,Intersection en X,Normale,Deux véhicules - côté,,,,,,,,,,,1,2,2,1,3
200700022957,0007-04-11 18:20:00,7,4,11,18,20,750,1,R BERGER R DU LOUVRE,,,Plein jour,En agglomération,Intersection en T,Normale,Autre collision,,,,,,,,,,,1,2,3,1,6
200700022958,0007-04-11 20:35:00,7,4,11,20,35,750,9,R CADET R LA FAYETTE,,,Nuit avec éclairage allumé,En agglomération,Intersection en Y,Normale,Autre collision,,,,,,,,,,,5,2,4,1,6
200700022959,0007-04-11 13:15:00,7,4,11,13,15,750,8,R DES MATHURINS R TRONCH,,,Plein jour,En agglomération,Intersection en X,Normale,Deux véhicules - arrière,,,,,,,,,,,1,2,2,1,2
200700022960,0007-04-11 16:35:00,7,4,11,16,35,750,8,AV CHAMPS ELYSEES AV MON,,,Plein jour,En agglomération,Intersection en X,Normale,Deux véhicules - côté,,,,,,,,,,,1,2,2,1,3
200700022961,0007-04-11 19:05:00,7,4,11,19,5,750,15,62 R SAINT CHARLES,,,Plein jour,En agglomération,Hors intersection,Normale,Autre collision,,,,,,,,,,,1,2,1,1,6
200700022962,0007-04-11 14:15:00,7,4,11,14,15,750,13,6 AV D ITALIE,,,Plein jour,En agglomération,Hors intersection,Normale,Deux véhicules - côté,,,,,,,,,,,1,2,1,1,3
200700022963,0007-04-11 11:00:00,7,4,11,11,0,750,13,26 R REGNAULT,,,Plein jour,En agglomération,Hors intersection,Normale,Autre collision,,,,,,,,,,,1,2,1,1,6
200700022964,0007-04-06 15:15:00,7,4,6,15,15,750,12,104 R DE REUILLY,,,Plein jour,En agglomération,Hors intersection,Normale,Deux véhicules - côté,,,,,,,,,,,1,2,1,1,3
200700022965,0007-04-10 21:25:00,7,4,10,21,25,750,5,2 R DU PETIT PONT,,,Nuit avec éclairage allumé,En agglomération,Hors intersection,Normale,Autre collision,,,,,,,,,,,5,2,1,1,6
200700022966,0007-04-11 20:25:00,7,4,11,20,25,750,5,R DES ECOLES R MONGE,,,Nuit avec éclairage allumé,En agglomération,Intersection en X,Normale,Deux véhicules - côté,,,,,,,,,,,5,2,2,1,3
200700022967,0007-04-11 18:35:00,7,4,11,18,35,750,12,L10006 AV DE SAINT MAURI,,,Plein jour,En agglomération,Hors intersection,Normale,Deux véhicules - arrière,,,,,,,,,,,1,2,1,1,2
200700022968,0007-04-11 09:35:00,7,4,11,9,35,750,11,22 R FG SAINT ANTOINE,,,Plein jour,En agglomération,Hors intersection,Normale,Deux véhicules - côté,,,,,,,,,,,1,2,1,1,3
200700022969,0007-04-11 05:40:00,7,4,11,5,40,750,4,QU HENRI IV PO DE SULLY,,,Nuit avec éclairage allumé,En agglomération,Intersection en X,Normale,Deux véhicules - côté,,,,,,,,,,,5,2,2,1,3
200700022970,0007-04-11 01:00:00,7,4,11,1,0,750,4,8 R SAINT ANTOINE,,,Nuit avec éclairage allumé,En agglomération,Hors intersection,Normale,Deux véhicules - côté,,,,,,,,,,,5,2,1,1,3
200700022971,0007-04-11 14:52:00,7,4,11,14,52,750,14,BD BRUNE AV PTE DE CHATI,,,Plein jour,En agglomération,Intersection en T,Normale,Deux véhicules - côté,,,,,,,,,,,1,2,3,1,3
200700022972,0007-04-11 10:45:00,7,4,11,10,45,750,14,BD BRUNE AV JEAN MOULIN,,,Plein jour,En agglomération,Intersection en T,Normale,Deux véhicules - côté,,,,,,,,,,,1,2,3,1,3
200700022973,0007-04-11 13:55:00,7,4,11,13,55,750,18,62 R DE LA CHAPELLE,,,Plein jour,En agglomération,Hors intersection,Normale,Deux véhicules - côté,,,,,,,,,,,1,2,1,1,3
200700022974,0007-04-13 08:55:00,7,4,13,8,55,750,16,PL CH DE GAULLE AV VICTO,,,Plein jour,En agglomération,Intersection en T,Normale,Deux véhicules - côté,,,,,,,,,,,1,2,3,1,3
200700022975,0007-04-12 18:30:00,7,4,12,18,30,750,16,190 AV DE VERSAILLES,,,Plein jour,En agglomération,Hors intersection,Normale,Trois véhicules et plus - en chaîne,,,,,,,,,,,1,2,1,1,4
200700022976,0007-04-12 16:15:00,7,4,12,16,15,750,2,R QUATRE SEPTEMBRE R DE,,,Plein jour,En agglomération,Intersection en X,Normale,Deux véhicules - côté,,,,,,,,,,,1,2,2,1,3
200700022977,0007-04-12 08:25:00,7,4,12,8,25,750,8,20 R DE ROME,,,Plein jour,En agglomération,Hors intersection,Normale,Autre collision,,,,,,,,,,,1,2,1,1,6
200700022978,0007-04-12 21:00:00,7,4,12,21,0,750,8,36 AV GEORGE V,,,Nuit avec éclairage allumé,En agglomération,Hors intersection,Normale,Sans collision,,,,,,,,,,,5,2,1,1,7
200700022979,0007-04-12 18:15:00,7,4,12,18,15,750,14,66 AV DU MAINE,,,Plein jour,En agglomération,Hors intersection,Normale,Deux véhicules - côté,,,,,,,,,,,1,2,1,1,3
200700022980,0007-04-12 09:20:00,7,4,12,9,20,750,14,130 AV GENERAL LECLERC,,,Plein jour,En agglomération,Hors intersection,Normale,Deux véhicules - côté,,,,,,,,,,,1,2,1,1,3
200700022981,0007-04-12 15:15:00,7,4,12,15,15,750,16,L7288 ALL REINE MARGUERI,,,Plein jour,En agglomération,Hors intersection,Normale,Trois véhicules et plus - en chaîne,,,,,,,,,,,1,2,1,1,4
200700022982,0007-04-12 12:30:00,7,4,12,12,30,750,13,161 AV DE CHOISY,,,Plein jour,En agglomération,Hors intersection,Normale,Sans collision,,,,,,,,,,,1,2,1,1,7
200700022983,0007-04-12 08:50:00,7,4,12,8,50,750,18,76 BD DE CLICHY,,,Plein jour,En agglomération,Hors intersection,Normale,Sans collision,,,,,,,,,,,1,2,1,1,7
200700022984,0007-04-10 08:55:00,7,4,10,8,55,750,11,PL DE LA BASTILLE R FG S,,,Plein jour,En agglomération,Intersection en X,Normale,Sans collision,,,,,,,,,,,1,2,2,1,7
200700022985,0007-04-10 09:25:00,7,4,10,9,25,750,17,R G CHARPENTIER PL DE VE,,,Plein jour,En agglomération,Intersection en X,Normale,Deux véhicules - côté,,,,,,,,,,,1,2,2,1,3
200700022986,0007-04-10 15:10:00,7,4,10,15,10,750,17,PL GENERAL CATROUX AV DE,,,Plein jour,En agglomération,Intersection en X,Normale,Deux véhicules - côté,,,,,,,,,,,1,2,2,1,3
200700022987,0007-04-10 08:50:00,7,4,10,8,50,750,19,124 AV SIMON BOLIVAR,,,Plein jour,En agglomération,Hors intersection,Normale,Autre collision,,,,,,,,,,,1,2,1,1,6
200700022988,0007-04-10 09:25:00,7,4,10,9,25,750,19,42 R DE BELLEVILLE,,,Plein jour,En agglomération,Hors intersection,Normale,Deux véhicules - côté,,,,,,,,,,,1,2,1,1,3
200700022989,0007-04-11 14:15:00,7,4,11,14,15,750,17,BD PEREIRE PL DE WAGRAM,,,Plein jour,En agglomération,Intersection en X,Normale,Sans collision,,,,,,,,,,,1,2,2,1,7
200700022990,0007-04-11 18:30:00,7,4,11,18,30,750,19,6 AV SIMON BOLIVAR,,,Plein jour,En agglomération,Hors intersection,Normale,Autre collision,,,,,,,,,,,1,2,1,1,6
200700022991,0007-04-11 15:40:00,7,4,11,15,40,750,19,134 AV JEAN JAURES,,,Plein jour,En agglomération,Hors intersection,Normale,Deux véhicules - côté,,,,,,,,,,,1,2,1,1,3
200700022992,0007-04-11 12:30:00,7,4,11,12,30,750,19,PL AUGUSTE BARON ECH VIL,,,Plein jour,En agglomération,Intersection en T,Normale,Deux véhicules - côté,,,,,,,,,,,1,2,3,1,3
200700022993,0007-04-12 18:55:00,7,4,12,18,55,750,4,R FERDINAND DUVAL R DU R,,,Plein jour,En agglomération,Intersection en X,Normale,Deux véhicules - côté,,,,,,,,,,,1,2,2,1,3
200700022994,0007-04-12 09:46:00,7,4,12,9,46,750,5,24 R FOSS ST BERNARD,,,Plein jour,En agglomération,Hors intersection,Normale,Deux véhicules - côté,,,,,,,,,,,1,2,1,1,3
200700022995,0007-04-12 18:15:00,7,4,12,18,15,750,13,24 BD DE L HOPITAL,,,Plein jour,En agglomération,Hors intersection,Normale,Deux véhicules - côté,,,,,,,,,,,1,2,1,1,3
200700022996,0007-04-12 09:45:00,7,4,12,9,45,750,6,143 BD RASPAIL,,,Plein jour,En agglomération,Hors intersection,Normale,Deux véhicules - côté,,,,,,,,,,,1,2,1,1,3
200700022997,0007-04-12 15:02:00,7,4,12,15,2,750,11,248 R FG SAINT ANTOINE,,,Plein jour,En agglomération,Hors intersection,Normale,Autre collision,,,,,,,,,,,1,2,1,1,6
200700022998,0007-04-12 16:23:00,7,4,12,16,23,750,17,1 PL PORTE MAILLOT,,,Plein jour,En agglomération,Hors intersection,Normale,Autre collision,,,,,,,,,,,1,2,1,1,6
200700022999,0007-04-12 18:20:00,7,4,12,18,20,750,19,R DE CRIMEE R MANIN,,,Plein jour,En agglomération,Intersection en X,Normale,Autre collision,,,,,,,,,,,1,2,2,1,6
200700023000,0007-04-12 16:30:00,7,4,12,16,30,750,19,142 R HAXO,,,Plein jour,En agglomération,Hors intersection,Normale,Autre collision,,,,,,,,,,,1,2,1,1,6
200700023001,0007-04-12 12:20:00,7,4,12,12,20,750,19,AV JEAN JAURES BD SERURI,,,Plein jour,En agglomération,Intersection en X,Normale,Deux véhicules - arrière,,,,,,,,,,,1,2,2,1,2
200700023002,0007-04-13 06:50:00,7,4,13,6,50,750,17,38 BD DES BATIGNOLLES,,,Plein jour,En agglomération,Hors intersection,Normale,Autre collision,,,,,,,,,,,1,2,1,1,6
200700023003,0007-04-13 17:40:00,7,4,13,17,40,750,18,110 BD DE CLICHY,,,Plein jour,En agglomération,Hors intersection,Normale,Deux véhicules - côté,,,,,,,,,,,1,2,1,1,3
200700023004,0007-04-13 14:30:00,7,4,13,14,30,750,19,L8477 BD MACDONALD,,,Plein jour,En agglomération,Hors intersection,Normale,Deux véhicules - côté,,,,,,,,,,,1,2,1,1,3
200700023005,0007-04-14 13:58:00,7,4,14,13,58,750,2,96 R MONTORGUEIL,,,Plein jour,En agglomération,Hors intersection,Normale,Autre collision,,,,,,,,,,,1,2,1,1,6
200700023006,0007-04-14 14:25:00,7,4,14,14,25,750,9,R AUBER BD HAUSSMANN,,,Plein jour,En agglomération,Intersection en X,Normale,Deux véhicules - côté,,,,,,,,,,,1,2,2,1,3
200700023007,0007-04-14 11:00:00,7,4,14,11,0,750,13,R DR BOURNEVILLE AV PTE,,,Plein jour,En agglomération,Intersection en X,Normale,Deux véhicules - côté,,,,,,,,,,,1,2,2,1,3
200700023008,0007-04-12 04:33:00,7,4,12,4,33,750,12,AV DES MINIMES RTE DE LA,,,Nuit avec éclairage allumé,En agglomération,Intersection en X,Normale,Autre collision,,,,,,,,,,,5,2,2,1,6
200700023009,0007-04-13 10:10:00,7,4,13,10,10,750,12,120 R DE LYON,,,Plein jour,En agglomération,Hors intersection,Normale,Sans collision,,,,,,,,,,,1,2,1,1,7
200700023010,0007-04-13 15:10:00,7,4,13,15,10,750,12,R GARE DE REUILLY R DE R,,,Plein jour,En agglomération,Intersection en T,Normale,Autre collision,,,,,,,,,,,1,2,3,1,6
200700023011,0007-04-14 13:15:00,7,4,14,13,15,750,12,AV LEDRU ROLLIN R DE LYO,,,Plein jour,En agglomération,Intersection en T,Normale,Deux véhicules - côté,,,,,,,,,,,1,2,3,1,3
200700023012,0007-04-15 22:30:00,7,4,15,22,30,750,12,230 R FG SAINT ANTOINE,,,Nuit avec éclairage allumé,En agglomération,Hors intersection,Normale,Deux véhicules - arrière,,,,,,,,,,,5,2,1,1,2
200700023013,0007-04-15 15:05:00,7,4,15,15,5,750,12,16 BD DE LA BASTILLE,,,Plein jour,En agglomération,Hors intersection,Normale,Deux véhicules - côté,,,,,,,,,,,1,2,1,1,3
200700023014,0007-04-15 17:25:00,7,4,15,17,25,750,1,R SAINT FLORENTIN R SAIN,,,Plein jour,En agglomération,Intersection en X,Normale,Sans collision,,,,,,,,,,,1,2,2,1,7
200700023015,0007-04-15 05:15:00,7,4,15,5,15,750,7,L3208 BD SAINT GERMAIN,,,Nuit avec éclairage allumé,En agglomération,Hors intersection,Normale,Autre collision,,,,,,,,,,,5,2,1,1,6
200700023016,0007-04-15 11:30:00,7,4,15,11,30,750,8,44 AV GABRIEL,,,Plein jour,En agglomération,Hors intersection,Normale,Autre collision,,,,,,,,,,,1,2,1,1,6
200700023017,0007-04-15 17:00:00,7,4,15,17,0,750,8,R PAUL BAUDRY R DE PONTH,,,Plein jour,En agglomération,Intersection en T,Normale,Autre collision,,,,,,,,,,,1,2,3,1,6
200700023018,0007-04-15 02:05:00,7,4,15,2,5,750,16,R GEN DELESTRAINT R DE V,,,Nuit avec éclairage allumé,En agglomération,Intersection en X,Normale,Deux véhicules - côté,,,,,,,,,,,5,2,2,1,3
200700023019,0007-04-15 12:15:00,7,4,15,12,15,750,20,BPI BAGNOLET MONTREUIL,,,Plein jour,En agglomération,Hors intersection,Normale,Deux véhicules - côté,,,,,,,,,,,1,2,1,1,3
200700023020,0007-04-16 07:50:00,7,4,16,7,50,750,14,82 AV DENF ROCHEREAU,,,Plein jour,En agglomération,Hors intersection,Normale,Autre collision,,,,,,,,,,,1,2,1,1,6
200700023021,0007-04-11 09:25:00,7,4,11,9,25,750,3,R FRANCS BOURGEOIS R DE,,,Plein jour,En agglomération,Intersection en X,Normale,Deux véhicules - côté,,,,,,,,,,,1,2,2,1,3
200700023022,0007-04-13 21:10:00,7,4,13,21,10,750,3,164 R DU TEMPLE,,,Nuit avec éclairage allumé,En agglomération,Hors intersection,Normale,Autre collision,,,,,,,,,,,5,2,1,1,6
200700023023,0007-04-14 05:10:00,7,4,14,5,10,750,15,206 R SAINT CHARLES,,,Plein jour,En agglomération,Hors intersection,Normale,Autre collision,,,,,,,,,,,1,2,1,1,6
200700023024,0007-04-16 17:10:00,7,4,16,17,10,750,19,BD D INDOCHINE AV PORTE,,,Plein jour,En agglomération,Intersection en T,Normale,Deux véhicules - côté,,,,,,,,,,,1,2,3,1,3
200700023025,0007-04-16 14:40:00,7,4,16,14,40,750,1,4 R LA FEUILLADE,,,Plein jour,En agglomération,Hors intersection,Normale,Autre collision,,,,,,,,,,,1,2,1,1,6
200700023026,0007-04-16 11:40:00,7,4,16,11,40,750,1,AV GEN LEMONNIER R DE RI,,,Plein jour,En agglomération,Intersection en X,Normale,Deux véhicules - côté,,,,,,,,,,,1,2,2,1,3
200700023027,0007-04-16 12:35:00,7,4,16,12,35,750,15,BD GARIBALDI R PERIGNON,,,Plein jour,En agglomération,Intersection en Y,Normale,Autre collision,,,,,,,,,,,1,2,4,1,6
200700023028,0007-04-17 00:35:00,7,4,17,0,35,750,3,R REAUMUR R VOLTA,,,Nuit avec éclairage allumé,En agglomération,Intersection en X,Normale,Deux véhicules - côté,,,,,,,,,,,5,2,2,1,3
200700023029,0007-04-01 12:40:00,7,4,1,12,40,750,19,BPI AUBERVILLIERS VILLET,,,Plein jour,En agglomération,Hors intersection,Normale,Deux véhicules - côté,,,,,,,,,,,1,2,1,1,3
200700023030,0007-04-03 11:45:00,7,4,3,11,45,750,13,ECH ITALIE,,,Plein jour,En agglomération,Hors intersection,Normale,Deux véhicules - arrière,,,,,,,,,,,1,2,1,1,2
200700023031,0007-04-12 13:55:00,7,4,12,13,55,750,9,24 R DE TREVISE,,,Plein jour,En agglomération,Hors intersection,Normale,Autre collision,,,,,,,,,,,1,2,1,1,6
200700023032,0007-04-15 00:45:00,7,4,15,0,45,750,9,BD DE LA MADELEINE R VIG,,,Nuit avec éclairage allumé,En agglomération,Intersection en T,Normale,Deux véhicules - côté,,,,,,,,,,,5,2,3,1,3
200700023033,0007-04-16 19:25:00,7,4,16,19,25,750,6,102 R DE RENNES,,,Plein jour,En agglomération,Hors intersection,Normale,Deux véhicules - côté,,,,,,,,,,,1,2,1,1,3
200700023034,0007-04-16 08:15:00,7,4,16,8,15,750,8,20 R DE LA PEPINIERE,,,Plein jour,En agglomération,Hors intersection,Normale,Trois véhicules et plus - en chaîne,,,,,,,,,,,1,2,1,1,4
200700023035,0007-04-16 11:55:00,7,4,16,11,55,750,9,16 BD DES ITALIENS,,,Plein jour,En agglomération,Hors intersection,Normale,Sans collision,,,,,,,,,,,1,2,1,1,7
200700023036,0007-04-16 14:00:00,7,4,16,14,0,750,13,AV D ITALIE R MAISON BLA,,,Plein jour,En agglomération,Intersection en T,Normale,Deux véhicules - côté,,,,,,,,,,,1,2,3,1,3
200700023037,0007-04-16 23:35:00,7,4,16,23,35,750,13,130 BD MASSENA,,,Nuit avec éclairage allumé,En agglomération,Hors intersection,Normale,Sans collision,,,,,,,,,,,5,2,1,1,7
200700023038,0007-04-16 18:40:00,7,4,16,18,40,750,13,R DUMERIL BD DE L HOPITA,,,Plein jour,En agglomération,Intersection en X,Normale,Deux véhicules - arrière,,,,,,,,,,,1,2,2,1,2
200700023039,0007-04-16 15:30:00,7,4,16,15,30,750,16,AV EDOUARD VAILLANT AV F,,,Plein jour,En agglomération,Intersection en X,Normale,Autre collision,,,,,,,,,,,1,2,2,1,6
200700023040,0007-04-17 13:45:00,7,4,17,13,45,750,8,4 AV HOCHE,,,Plein jour,En agglomération,Hors intersection,Normale,Deux véhicules - côté,,,,,,,,,,,1,2,1,1,3
200700023041,0007-04-17 21:00:00,7,4,17,21,0,750,8,R DE BASSANO R VERNET,,,Nuit avec éclairage allumé,En agglomération,Intersection en X,Normale,Deux véhicules - côté,,,,,,,,,,,5,2,2,1,3
200700023042,0007-04-17 20:10:00,7,4,17,20,10,750,14,18 AV MARC SANGNIER,,,Nuit avec éclairage allumé,En agglomération,Hors intersection,Normale,Deux véhicules - côté,,,,,,,,,,,5,2,1,1,3
200700023043,0007-04-17 17:30:00,7,4,17,17,30,750,16,BD EXELMANS AV DE VERSAI,,,Plein jour,En agglomération,Intersection en X,Normale,Deux véhicules - arrière,,,,,,,,,,,1,2,2,1,2
200700023044,0007-04-17 23:55:00,7,4,17,23,55,750,16,6 R DE BOULAINVILLIERS,,,Nuit avec éclairage allumé,En agglomération,Hors intersection,Normale,Deux véhicules - côté,,,,,,,,,,,5,2,1,1,3
200700023045,0007-04-17 12:15:00,7,4,17,12,15,750,16,23 AV DE NEUILLY,,,Plein jour,En agglomération,Hors intersection,Normale,Deux véhicules - arrière,,,,,,,,,,,1,2,1,1,2
200700023046,0007-04-17 10:40:00,7,4,17,10,40,750,16,L 9465 RTE DES TRIBUNES,,,Plein jour,En agglomération,Hors intersection,Normale,Trois véhicules et plus - en chaîne,,,,,,,,,,,1,2,1,1,4
200700023047,0007-04-17 09:10:00,7,4,17,9,10,750,18,26 R PAJOL,,,Plein jour,En agglomération,Hors intersection,Normale,Deux véhicules - côté,,,,,,,,,,,1,2,1,1,3