accident_id,datetime,annee,mois,jour,heure,minute,departement,commune_insee,adresse,latitude,longitude,luminosite,agglomeration,intersection,meteo,collision,nb_vehicules,nb_usagers,nb_indemnes,nb_tues,nb_blesses_hosp,nb_blesses_legers,age_cond_1,age_cond_2,veh_type_cond_1,veh_type_cond_2,lum_code,agg_code,int_code,atm_code,col_code
200700023048,0007-04-01 19:46:00,7,4,1,19,46,750,18,BPI CLIGNANCOURT CHAPELL,,,Nuit avec éclairage allumé,En agglomération,Hors intersection,Normale,Deux véhicules - côté,,,,,,,,,,,5,2,1,1,3
200700023049,0007-04-01 00:17:00,7,4,1,0,17,750,20,BPI MONTREUIL VINCENNES,,,Nuit avec éclairage allumé,En agglomération,Hors intersection,Normale,Trois véhicules et plus - en chaîne,,,,,,,,,,,5,2,1,1,4
200700023050,0007-04-01 14:30:00,7,4,1,14,30,750,20,BPI MONTREUIL VINCENNES,,,Plein jour,En agglomération,Hors intersection,Normale,Trois véhicules et plus - en chaîne,,,,,,,,,,,1,2,1,1,4
200700023051,0007-04-03 13:15:00,7,4,3,13,15,750,16,BPI DAUPHINE MAILLOT,,,Plein jour,En agglomération,Hors intersection,Normale,Deux véhicules - côté,,,,,,,,,,,1,2,1,1,3
200700023052,0007-04-11 13:12:00,7,4,11,13,12,750,17,R CARDINET AV DE WAGRAM,,,Plein jour,En agglomération,Intersection en Y,Normale,Autre collision,,,,,,,,,,,1,2,4,1,6
200700023053,0007-04-14 06:35:00,7,4,14,6,35,750,8,CRS LA REINE AV W CHURCH,,,Nuit sans éclairage public,En agglomération,Intersection en X,Normale,Deux véhicules - côté,,,,,,,,,,,3,2,2,1,3
200700023054,0007-04-14 21:40:00,7,4,14,21,40,750,11,R FG SAINT ANTOINE R SAI,,,Nuit avec éclairage allumé,En agglomération,Intersection en X,Normale,Autre collision,,,,,,,,,,,5,2,2,1,6
200700023055,0007-04-15 20:20:00,7,4,15,20,20,750,17,96 AV DES TERNES,,,Nuit avec éclairage allumé,En agglomération,Hors intersection,Normale,Deux véhicules - côté,,,,,,,,,,,5,2,1,1,3
200700023056,0007-04-16 09:00:00,7,4,16,9,0,750,20,R DE BELLEVILLE R JOUYE,,,Plein jour,En agglomération,Intersection en T,Normale,Deux véhicules - côté,,,,,,,,,,,1,2,3,1,3
200700023057,0007-04-17 13:55:00,7,4,17,13,55,750,1,4 R DE L ECHELLE,,,Plein jour,En agglomération,Hors intersection,Normale,Deux véhicules - côté,,,,,,,,,,,1,2,1,1,3
200700023058,0007-04-17 19:05:00,7,4,17,19,5,750,3,36 BD DU TEMPLE,,,Plein jour,En agglomération,Hors intersection,Normale,Trois véhicules et plus - en chaîne,,,,,,,,,,,1,2,1,1,4
200700023059,0007-04-17 09:30:00,7,4,17,9,30,750,4,BD BOURDON BD MORLAND,,,Plein jour,En agglomération,Intersection en X,Normale,Deux véhicules - côté,,,,,,,,,,,1,2,2,1,3
200700023060,0007-04-17 23:35:00,7,4,17,23,35,750,17,R JOUFFR D ABBANS BD PER,,,Nuit avec éclairage allumé,En agglomération,Intersection en X,Normale,Autre collision,,,,,,,,,,,5,2,2,1,6
200700023061,0007-04-17 17:18:00,7,4,17,17,18,750,17,R BAYEN R DE SAINT SENOC,,,Plein jour,En agglomération,Intersection en X,Normale,Autre collision,,,,,,,,,,,1,2,2,1,6
200700023062,0007-04-17 13:30:00,7,4,17,13,30,750,19,2 R ADOLPHE MILLE,,,Plein jour,En agglomération,Hors intersection,Normale,Autre collision,,,,,,,,,,,1,2,1,1,6
200700023063,0007-04-17 16:55:00,7,4,17,16,55,750,19,88 BD DE LA VILLETTE,,,Plein jour,En agglomération,Hors intersection,Normale,Autre collision,,,,,,,,,,,1,2,1,1,6
200700023064,0007-04-18 13:50:00,7,4,18,13,50,750,7,BD LA TOUR MAUBOURG R DE,,,Plein jour,En agglomération,Intersection en X,Normale,Autre collision,,,,,,,,,,,1,2,2,1,6
200700023065,0007-04-18 09:00:00,7,4,18,9,0,750,7,13 AV BOSQUET,,,Plein jour,En agglomération,Hors intersection,Normale,Autre collision,,,,,,,,,,,1,2,1,1,6
200700023066,0007-04-18 20:00:00,7,4,18,20,0,750,7,AV BOSQUET R DE GRENELLE,,,Nuit avec éclairage allumé,En agglomération,Intersection en X,Normale,Autre collision,,,,,,,,,,,5,2,2,1,6
200700023067,0007-04-18 09:05:00,7,4,18,9,5,750,14,R BEAUNIER AV GENERAL LE,,,Plein jour,En agglomération,Intersection en T,Normale,Deux véhicules - côté,,,,,,,,,,,1,2,3,1,3
200700023068,0007-04-18 19:10:00,7,4,18,19,10,750,14,BD EDGAR QUINET R DE LA,,,Plein jour,En agglomération,Intersection en X,Normale,Autre collision,,,,,,,,,,,1,2,2,1,6
200700023069,0007-04-18 19:17:00,7,4,18,19,17,750,14,BPI ORLEANS CHATILLON,,,Plein jour,En agglomération,Hors intersection,Normale,Trois véhicules et plus - en chaîne,,,,,,,,,,,1,2,1,1,4
200700023070,0007-04-18 06:45:00,7,4,18,6,45,750,15,AV PORTE DE SEVRES ECH S,,,Plein jour,En agglomération,Intersection en Y,Normale,Deux véhicules - côté,,,,,,,,,,,1,2,4,1,3
200700023071,0007-04-18 14:05:00,7,4,18,14,5,750,18,R DUC R DU MONT CENIS,,,Plein jour,En agglomération,Intersection en X,Normale,Autre collision,,,,,,,,,,,1,2,2,1,6
200700023072,0007-04-13 13:35:00,7,4,13,13,35,750,13,142 R DE TOLBIAC,,,Plein jour,En agglomération,Hors intersection,Normale,Deux véhicules - frontale,,,,,,,,,,,1,2,1,1,1
200700023073,0007-04-17 18:00:00,7,4,17,18,0,750,13,4 R EUGENE OUDINE,,,Plein jour,En agglomération,Hors intersection,Normale,Autre collision,,,,,,,,,,,1,2,1,1,6
200700023074,0007-04-18 15:45:00,7,4,18,15,45,750,13,194 AV D ITALIE,,,Plein jour,En agglomération,Hors intersection,Normale,Autre collision,,,,,,,,,,,1,2,1,1,6
200700023075,0007-04-18 17:20:00,7,4,18,17,20,750,13,R LACHELIER PL PORT AU P,,,Plein jour,En agglomération,Intersection en X,Normale,Autre collision,,,,,,,,,,,1,2,2,1,6
200700023076,0007-04-18 12:50:00,7,4,18,12,50,750,13,88 R DESS DES BERGES,,,Plein jour,En agglomération,Hors intersection,Normale,Autre collision,,,,,,,,,,,1,2,1,1,6
200700023077,0007-04-18 09:25:00,7,4,18,9,25,750,19,R DE BELLEVILLE AV SIMON,,,Plein jour,En agglomération,Intersection en X,Normale,Deux véhicules - côté,,,,,,,,,,,1,2,2,1,3
200700023078,0007-04-18 16:15:00,7,4,18,16,15,750,19,R DE CRIMEE R MANIN,,,Plein jour,En agglomération,Intersection en X,Normale,Deux véhicules - arrière,,,,,,,,,,,1,2,2,1,2
200700023079,0007-04-18 17:50:00,7,4,18,17,50,750,19,54 AV CORENTIN CARIOU,,,Plein jour,En agglomération,Hors intersection,Normale,Deux véhicules - côté,,,,,,,,,,,1,2,1,1,3
200700023080,0007-04-18 17:25:00,7,4,18,17,25,750,20,32 R CROIX ST SIMON,,,Plein jour,En agglomération,Hors intersection,Normale,Autre collision,,,,,,,,,,,1,2,1,1,6
200700023081,0007-04-18 13:35:00,7,4,18,13,35,750,20,96 R DES HAIES,,,Plein jour,En agglomération,Hors intersection,Normale,Autre collision,,,,,,,,,,,1,2,1,1,6
200700023082,0007-04-19 13:35:00,7,4,19,13,35,750,4,R DE RIVOLI BD DE SEBAST,,,Plein jour,En agglomération,Intersection en X,Normale,Deux véhicules - arrière,,,,,,,,,,,1,2,2,1,2
200700023083,0007-04-19 09:00:00,7,4,19,9,0,750,4,R BEAUTREILLIS R SAINT A,,,Plein jour,En agglomération,Intersection en T,Normale,Deux véhicules - côté,,,,,,,,,,,1,2,3,1,3
200700023084,0007-04-19 09:10:00,7,4,19,9,10,750,13,176 AV D ITALIE,,,Plein jour,En agglomération,Hors intersection,Normale,Trois véhicules et plus - collisions multiples,,,,,,,,,,,1,2,1,1,5
200700023085,0007-04-03 17:10:00,7,4,3,17,10,750,20,BPI LILAS BAGNOLET,,,Plein jour,En agglomération,Hors intersection,Normale,Deux véhicules - côté,,,,,,,,,,,1,2,1,1,3
200700023086,0007-04-04 08:50:00,7,4,4,8,50,750,18,BPI SAINT OUEN CLIGNANCO,,,Plein jour,En agglomération,Hors intersection,Normale,Deux véhicules - arrière,,,,,,,,,,,1,2,1,1,2
200700023087,0007-04-11 17:05:00,7,4,11,17,5,750,10,24 BD DE STRASBOURG,,,Plein jour,En agglomération,Hors intersection,Normale,Autre collision,,,,,,,,,,,1,2,1,1,6
200700023088,0007-04-11 09:25:00,7,4,11,9,25,750,10,16 AV CLAUDE VELLEFAUX,,,Plein jour,En agglomération,Hors intersection,Normale,Deux véhicules - côté,,,,,,,,,,,1,2,1,1,3
200700023089,0007-04-12 17:50:00,7,4,12,17,50,750,10,12 PL DE LA REPUBLIQUE,,,Plein jour,En agglomération,Hors intersection,Normale,Trois véhicules et plus - en chaîne,,,,,,,,,,,1,2,1,1,4
200700023090,0007-04-19 19:30:00,7,4,19,19,30,750,10,32 R DE DUNKERQUE,,,Plein jour,En agglomération,Hors intersection,Normale,Deux véhicules - côté,,,,,,,,,,,1,2,1,1,3
200700023091,0007-04-13 17:00:00,7,4,13,17,0,750,10,82 R FG SAINT DENIS,,,Plein jour,En agglomération,Hors intersection,Normale,Autre collision,,,,,,,,,,,1,2,1,1,6
200700023092,0007-04-16 17:45:00,7,4,16,17,45,750,10,71 BD DE LA VILLETTE,,,Plein jour,En agglomération,Hors intersection,Normale,Sans collision,,,,,,,,,,,1,2,1,1,7
200700023093,0007-04-17 00:16:00,7,4,17,0,16,750,10,48 QU DE JEMMAPES,,,Nuit avec éclairage allumé,En agglomération,Hors intersection,Normale,Deux véhicules - côté,,,,,,,,,,,5,2,1,1,3
200700023094,0007-04-18 08:55:00,7,4,18,8,55,750,8,26 R DE MADRID,,,Plein jour,En agglomération,Hors intersection,Normale,Autre collision,,,,,,,,,,,1,2,1,1,6
200700023095,0007-04-18 11:05:00,7,4,18,11,5,750,10,72 BD DE MAGENTA,,,Plein jour,En agglomération,Hors intersection,Normale,Deux véhicules - côté,,,,,,,,,,,1,2,1,1,3
200700023096,0007-04-18 20:25:00,7,4,18,20,25,750,16,ALL FORTIFICATIONS RTE D,,,Nuit avec éclairage allumé,En agglomération,Intersection en X,Normale,Deux véhicules - côté,,,,,,,,,,,5,2,2,1,3
200700023097,0007-04-19 16:05:00,7,4,19,16,5,750,2,R ETIENNE MARCEL R MONTO,,,Plein jour,En agglomération,Intersection en X,Normale,Autre collision,,,,,,,,,,,1,2,2,1,6
200700023098,0007-04-19 16:45:00,7,4,19,16,45,750,8,15 BD DES BATIGNOLLES,,,Plein jour,En agglomération,Hors intersection,Normale,Autre collision,,,,,,,,,,,1,2,1,1,6
200700023099,0007-04-19 18:45:00,7,4,19,18,45,750,10,214 R LA FAYETTE,,,Plein jour,En agglomération,Hors intersection,Normale,Autre collision,,,,,,,,,,,1,2,1,1,6
200700023100,0007-04-19 19:40:00,7,4,19,19,40,750,11,240 BD VOLTAIRE,,,Plein jour,En agglomération,Hors intersection,Normale,Deux véhicules - côté,,,,,,,,,,,1,2,1,1,3
200700023101,0007-04-19 21:05:00,7,4,19,21,5,750,11,R G BERTRAND R SERVAN,,,Nuit avec éclairage allumé,En agglomération,Intersection en Y,Normale,Autre collision,,,,,,,,,,,5,2,4,1,6
200700023102,0007-04-19 05:38:00,7,4,19,5,38,750,12,186 R FG SAINT ANTOINE,,,Crépuscule ou aube,En agglomération,Hors intersection,Normale,Deux véhicules - côté,,,,,,,,,,,2,2,1,1,3
200700023103,0007-04-19 17:05:00,7,4,19,17,5,750,14,1 PL DU 25 AOUT 1944,,,Plein jour,En agglomération,Hors intersection,Normale,Autre collision,,,,,,,,,,,1,2,1,1,6
200700023104,0007-04-19 13:00:00,7,4,19,13,0,750,16,BD AMIRAL BRUIX PL PORTE,,,Plein jour,En agglomération,Intersection à plus de 4 branches,Normale,Deux véhicules - côté,,,,,,,,,,,1,2,5,1,3
200700023105,0007-04-19 17:40:00,7,4,19,17,40,750,16,L16649 AV ALBERT 1 MONAC,,,Plein jour,En agglomération,Hors intersection,Normale,Autre collision,,,,,,,,,,,1,2,1,1,6
200700023106,0007-04-17 21:00:00,7,4,17,21,0,750,11,52 AV PHILIPPE AUGUSTE,,,Nuit avec éclairage allumé,En agglomération,Hors intersection,Normale,Autre collision,,,,,,,,,,,5,2,1,1,6
200700023107,0007-04-18 11:05:00,7,4,18,11,5,750,6,44 BD DU MONTPARNASSE,,,Plein jour,En agglomération,Hors intersection,Normale,Autre collision,,,,,,,,,,,1,2,1,1,6
200700023108,0007-04-18 10:50:00,7,4,18,10,50,750,9,50 R LA BRUYERE,,,Plein jour,En agglomération,Hors intersection,Normale,Autre collision,,,,,,,,,,,1,2,1,1,6
200700023109,0007-04-20 09:05:00,7,4,20,9,5,750,3,BD BEAUMARCHAIS R PONT A,,,Plein jour,En agglomération,Intersection en X,Normale,Deux véhicules - arrière,,,,,,,,,,,1,2,2,1,2
200700023110,0007-04-20 07:55:00,7,4,20,7,55,750,4,R DE LOBAU R DE RIVOLI,,,Plein jour,En agglomération,Intersection en X,Normale,Deux véhicules - côté,,,,,,,,,,,1,2,2,1,3
200700023111,0007-04-20 11:20:00,7,4,20,11,20,750,7,38 BD RASPAIL,,,Plein jour,En agglomération,Hors intersection,Normale,Autre collision,,,,,,,,,,,1,2,1,1,6
200700023112,0007-04-20 22:17:00,7,4,20,22,17,750,15,150 R DE VAUGIRARD,,,Nuit avec éclairage allumé,En agglomération,Hors intersection,Normale,Deux véhicules - arrière,,,,,,,,,,,5,2,1,1,2
200700023113,0007-04-20 08:30:00,7,4,20,8,30,750,15,BD LEFEBVRE AV PORTE BRA,,,Plein jour,En agglomération,Intersection en X,Normale,Deux véhicules - côté,,,,,,,,,,,1,2,2,1,3
200700023114,0007-04-20 09:20:00,7,4,20,9,20,750,16,PL MAL DE TASSIGNY RTE D,,,Plein jour,En agglomération,Intersection en T,Normale,Deux véhicules - côté,,,,,,,,,,,1,2,3,1,3
200700023115,0007-04-20 02:30:00,7,4,20,2,30,750,16,AV INGRES BD SUCHET,,,Nuit avec éclairage allumé,En agglomération,Intersection en X,Normale,Deux véhicules - côté,,,,,,,,,,,5,2,2,1,3
200700023116,0007-04-20 00:10:00,7,4,20,0,10,750,19,R D AUBERVILLIERS R DE L,,,Nuit avec éclairage allumé,En agglomération,Intersection en T,Normale,Deux véhicules - côté,,,,,,,,,,,5,2,3,1,3
200700023117,0007-04-20 17:40:00,7,4,20,17,40,750,19,2 R ARMAND CARREL,,,Plein jour,En agglomération,Hors intersection,Normale,Autre collision,,,,,,,,,,,1,2,1,1,6
200700023118,0007-04-20 16:20:00,7,4,20,16,20,750,19,AV JEAN JAURES AV SECRET,,,Plein jour,En agglomération,Intersection en X,Normale,Autre collision,,,,,,,,,,,1,2,2,1,6
200700023119,0007-04-21 13:45:00,7,4,21,13,45,750,12,BD DE LA BASTILLE PL DE,,,Plein jour,En agglomération,Intersection en X,Normale,Sans collision,,,,,,,,,,,1,2,2,1,7
200700023120,0007-04-21 06:50:00,7,4,21,6,50,750,15,PL CHARLES VALLIN R DE C,,,Plein jour,En agglomération,Intersection en X,Normale,Deux véhicules - côté,,,,,,,,,,,1,2,2,1,3
200700023121,0007-04-21 03:38:00,7,4,21,3,38,750,16,32 R LECONTE DE LISLE,,,Nuit avec éclairage allumé,En agglomération,Hors intersection,Normale,Autre collision,,,,,,,,,,,5,2,1,1,6
200700023122,0007-04-21 12:10:00,7,4,21,12,10,750,16,76 R SAINT DIDIER,,,Plein jour,En agglomération,Hors intersection,Normale,Autre collision,,,,,,,,,,,1,2,1,1,6
200700023123,0007-04-21 22:50:00,7,4,21,22,50,750,18,R MARCEL SEMBAT R RENE B,,,Nuit avec éclairage allumé,En agglomération,Intersection en Y,Normale,Autre collision,,,,,,,,,,,5,2,4,1,6
200700023124,0007-04-21 17:40:00,7,4,21,17,40,750,18,PL ALBERT KAHN R CHAMPIO,,,Plein jour,En agglomération,Intersection en X,Normale,Deux véhicules - côté,,,,,,,,,,,1,2,2,1,3
200700023125,0007-04-21 03:40:00,7,4,21,3,40,750,18,R EUGENE FOURNIERE BD NE,,,Nuit avec éclairage allumé,En agglomération,Intersection en T,Normale,Autre collision,,,,,,,,,,,5,2,3,1,6
200700023126,0007-04-22 15:55:00,7,4,22,15,55,750,7,4 R COGNACQ JAY,,,Plein jour,En agglomération,Hors intersection,Normale,Deux véhicules - côté,,,,,,,,,,,1,2,1,1,3
200700023127,0007-04-22 11:10:00,7,4,22,11,10,750,18,R LEON R MARCADET,,,Plein jour,En agglomération,Intersection en X,Normale,Deux véhicules - côté,,,,,,,,,,,1,2,2,1,3
200700023128,0007-04-22 00:18:00,7,4,22,0,18,750,18,128 BD NEY,,,Nuit avec éclairage allumé,En agglomération,Hors intersection,Normale,Autre collision,,,,,,,,,,,5,2,1,1,6
200700023129,0007-04-22 19:30:00,7,4,22,19,30,750,19,R DE CRIMEE R MANIN,,,Plein jour,En agglomération,Intersection en X,Normale,Deux véhicules - côté,,,,,,,,,,,1,2,2,1,3
200700023130,0007-04-06 19:55:00,7,4,6,19,55,750,13,20 QU D AUSTERLITZ,,,Nuit avec éclairage allumé,En agglomération,Hors intersection,Normale,Deux véhicules - côté,,,,,,,,,,,5,2,1,1,3
200700023131,0007-04-15 10:05:00,7,4,15,10,5,750,17,PL GENERAL CATROUX BD MA,,,Plein jour,En agglomération,Intersection en X,Normale,Deux véhicules - côté,,,,,,,,,,,1,2,2,1,3
200700023132,0007-04-18 19:50:00,7,4,18,19,50,750,17,BPE SAINT OUEN CLICHY,,,Plein jour,En agglomération,Hors intersection,Normale,Deux véhicules - côté,,,,,,,,,,,1,2,1,1,3
200700023133,0007-04-18 16:45:00,7,4,18,16,45,750,17,24 BD GOUVION ST CYR,,,Plein jour,En agglomération,Hors intersection,Normale,Deux véhicules - côté,,,,,,,,,,,1,2,1,1,3
200700023134,0007-04-18 14:30:00,7,4,18,14,30,750,17,91 R DE ROME,,,Plein jour,En agglomération,Hors intersection,Normale,Deux véhicules - côté,,,,,,,,,,,1,2,1,1,3
200700023135,0007-04-20 14:10:00,7,4,20,14,10,750,4,20 R SAINT ANTOINE,,,Plein jour,En agglomération,Hors intersection,Normale,Deux véhicules - côté,,,,,,,,,,,1,2,1,1,3
200700023136,0007-04-20 22:00:00,7,4,20,22,0,750,5,2 R MAITRE ALBERT,,,Nuit avec éclairage allumé,En agglomération,Hors intersection,Normale,Autre collision,,,,,,,,,,,5,2,1,1,6
200700023137,0007-04-20 19:35:00,7,4,20,19,35,750,8,R P CHAMPS ELYSEES AV F,,,Plein jour,En agglomération,Intersection en X,Normale,Deux véhicules - côté,,,,,,,,,,,1,2,2,1,3
200700023138,0007-04-20 13:20:00,7,4,20,13,20,750,8,28 R DE LA PEPINIERE,,,Plein jour,En agglomération,Hors intersection,Normale,Autre collision,,,,,,,,,,,1,2,1,1,6
200700023139,0007-04-20 16:40:00,7,4,20,16,40,750,11,118 BD VOLTAIRE,,,Plein jour,En agglomération,Hors intersection,Normale,Sans collision,,,,,,,,,,,1,2,1,1,7
200700023140,0007-04-20 09:00:00,7,4,20,9,0,750,11,R SAINT AMBROISE R SAINT,,,Plein jour,En agglomération,Intersection en X,Normale,Autre collision,,,,,,,,,,,1,2,2,1,6
200700023141,0007-04-20 11:15:00,7,4,20,11,15,750,11,R DE MALTE AV DE LA REPU,,,Plein jour,En agglomération,Intersection en X,Normale,Deux véhicules - côté,,,,,,,,,,,1,2,2,1,3
200700023142,0007-04-20 14:00:00,7,4,20,14,0,750,13,140 BD DE L HOPITAL,,,Plein jour,En agglomération,Hors intersection,Normale,Autre collision,,,,,,,,,,,1,2,1,1,6
200700023143,0007-04-20 15:40:00,7,4,20,15,40,750,14,R LEGION ETRANGERE ECH O,,,Plein jour,En agglomération,Intersection en Y,Normale,Autre collision,,,,,,,,,,,1,2,4,1,6
200700023144,0007-04-21 15:15:00,7,4,21,15,15,750,14,R LEBOUIS R DE L OUEST,,,Plein jour,En agglomération,Intersection en T,Normale,Autre collision,,,,,,,,,,,1,2,3,1,6
200700023145,0007-04-22 17:50:00,7,4,22,17,50,750,5,QU SAINT BERNARD PO SULL,,,Plein jour,En agglomération,Intersection en X,Normale,Deux véhicules - arrière,,,,,,,,,,,1,2,2,1,2
200700023146,0007-04-22 19:35:00,7,4,22,19,35,750,14,6 AV RENE COTY,,,Plein jour,En agglomération,Hors intersection,Normale,Autre collision,,,,,,,,,,,1,2,1,1,6
200700023147,0007-04-22 19:27:00,7,4,22,19,27,750,14,BD BRUNE  AV JEAN MOULIN,,,Nuit avec éclairage allumé,En agglomération,Intersection en X,Normale,Deux véhicules - côté,,,,,,,,,,,5,2,2,1,3
200700023148,0007-04-22 17:40:00,7,4,22,17,40,750,14,L 6384 AV PORTE D ORLEAN,,,Plein jour,En agglomération,Hors intersection,Normale,Deux véhicules - côté,,,,,,,,,,,1,2,1,1,3
200700023149,0007-04-20 17:54:00,7,4,20,17,54,750,15,R DU BESSIN R CASTAGNARY,,,Plein jour,En agglomération,Intersection en T,Normale,Deux véhicules - côté,,,,,,,,,,,1,2,3,1,3
200700023150,0007-04-23 19:30:00,7,4,23,19,30,750,7,PO DE LA CONCORDE,,,Plein jour,En agglomération,Hors intersection,Normale,Deux véhicules - arrière,,,,,,,,,,,1,2,1,1,2
200700023151,0007-04-23 17:30:00,7,4,23,17,30,750,15,R DE LA CONVENTION R DE,,,Plein jour,En agglomération,Intersection en X,Normale,Autre collision,,,,,,,,,,,1,2,2,1,6
200700023152,0007-04-23 08:45:00,7,4,23,8,45,750,16,62 BD SUCHET,,,Plein jour,En agglomération,Hors intersection,Normale,Deux véhicules - côté,,,,,,,,,,,1,2,1,1,3
200700023153,0007-04-23 16:20:00,7,4,23,16,20,750,16,BRETELLE D ACCES VERD AV,,,Plein jour,En agglomération,Intersection en X,Normale,Deux véhicules - côté,,,,,,,,,,,1,2,2,1,3
200700023154,0007-04-23 19:00:00,7,4,23,19,0,750,16,BPE DAUPHINE MUETTE,,,Plein jour,En agglomération,Hors intersection,Normale,Trois véhicules et plus - en chaîne,,,,,,,,,,,1,2,1,1,4
200700023155,0007-04-23 20:00:00,7,4,23,20,0,750,16,CHE CEINTURE LAC INF RTE,,,Nuit avec éclairage allumé,En agglomération,Intersection en X,Normale,Deux véhicules - côté,,,,,,,,,,,5,2,2,1,3
200700023156,0007-04-20 18:00:00,7,4,20,18,0,750,1,QU DES TUILERIES,,,Plein jour,En agglomération,Hors intersection,Normale,Trois véhicules et plus - en chaîne,,,,,,,,,,,1,2,1,1,4
200700023157,0007-04-21 15:00:00,7,4,21,15,0,750,6,BD RASPAIL R DE VAUGIRAR,,,Plein jour,En agglomération,Intersection en X,Normale,Deux véhicules - côté,,,,,,,,,,,1,2,2,1,3
200700023158,0007-04-22 15:25:00,7,4,22,15,25,750,6,BD DU MONTPARNASSE R DE,,,Plein jour,En agglomération,Intersection en X,Normale,Deux véhicules - côté,,,,,,,,,,,1,2,2,1,3
200700023159,0007-04-22 23:35:00,7,4,22,23,35,750,6,QU MALAQUAIS R DE SEINE,,,Nuit avec éclairage allumé,En agglomération,Intersection en T,Normale,Deux véhicules - arrière,,,,,,,,,,,5,2,3,1,2
200700023160,0007-04-23 19:50:00,7,4,23,19,50,750,1,R DU LOUVRE R DE RIVOLI,,,Plein jour,En agglomération,Intersection en X,Normale,Autre collision,,,,,,,,,,,1,2,2,1,6
200700023161,0007-04-23 15:20:00,7,4,23,15,20,750,4,QU HOTEL DE VILLE PO LOU,,,Plein jour,En agglomération,Intersection en X,Normale,Deux véhicules - côté,,,,,,,,,,,1,2,2,1,3
200700023162,0007-04-23 20:20:00,7,4,23,20,20,750,1,PL DU CHATELET PO AU CHA,,,Nuit avec éclairage allumé,En agglomération,Intersection en X,Temps couvert,Deux véhicules - côté,,,,,,,,,,,5,2,2,8,3
200700023163,0007-04-23 09:30:00,7,4,23,9,30,750,6,L 2746 PL ERNEST DENIS,,,Plein jour,En agglomération,Hors intersection,Normale,Deux véhicules - côté,,,,,,,,,,,1,2,1,1,3
200700023164,0007-04-23 13:00:00,7,4,23,13,0,750,6,2 R BERNARD PALISSY,,,Plein jour,En agglomération,Hors intersection,Normale,Autre collision,,,,,,,,,,,1,2,1,1,6
200700023165,0007-04-23 10:40:00,7,4,23,10,40,750,14,R LACAZE R TOMBE ISSOIRE,,,Plein jour,En agglomération,Intersection en X,Normale,Autre collision,,,,,,,,,,,1,2,2,1,6
200700023166,0007-04-24 23:05:00,7,4,24,23,5,750,3,R DU TEMPLE R DE TURBIGO,,,Nuit avec éclairage allumé,En agglomération,Intersection en Y,Normale,Deux véhicules - côté,,,,,,,,,,,5,2,4,1,3
200700023167,0007-04-24 18:20:00,7,4,24,18,20,750,13,16 AV D IVRY,,,Plein jour,En agglomération,Hors intersection,Normale,Autre collision,,,,,,,,,,,1,2,1,1,6
200700023168,0007-04-23 18:15:00,7,4,23,18,15,750,18,AV PTE LA CHAPELLE,,,Plein jour,En agglomération,Hors intersection,Normale,Autre collision,,,,,,,,,,,1,2,1,1,6
200700023169,0007-04-25 07:00:00,7,4,25,7,0,750,13,56 QU PAN LEVASSOR,,,Plein jour,En agglomération,Hors intersection,Normale,Autre collision,,,,,,,,,,,1,2,1,1,6
200700023170,0007-04-05 14:30:00,7,4,5,14,30,750,20,BPI LILAS BAGNOLET,,,Plein jour,En agglomération,Hors intersection,Normale,Deux véhicules - côté,,,,,,,,,,,1,2,1,1,3
200700023171,0007-04-06 16:45:00,7,4,6,16,45,750,16,ECH MAILLOT,,,Plein jour,En agglomération,Hors intersection,Normale,Deux véhicules - côté,,,,,,,,,,,1,2,1,1,3
200700023172,0007-04-06 09:20:00,7,4,6,9,20,750,16,BPE SAINT CLOUD QU POINT,,,Plein jour,En agglomération,Hors intersection,Normale,Deux véhicules - côté,,,,,,,,,,,1,2,1,1,3
200700023173,0007-04-07 11:50:00,7,4,7,11,50,750,20,BPI MONTREUIL VINCENNES,,,Plein jour,En agglomération,Hors intersection,Normale,Sans collision,,,,,,,,,,,1,2,1,1,7
200700023174,0007-04-08 22:00:00,7,4,8,22,0,750,12,R JOSEPH CHAILLEY BD PON,,,Nuit avec éclairage allumé,En agglomération,Intersection en T,Normale,Deux véhicules - côté,,,,,,,,,,,5,2,3,1,3
200700023175,0007-04-10 22:50:00,7,4,10,22,50,750,13,BPI IVRY ITALIE,,,Nuit avec éclairage allumé,En agglomération,Hors intersection,Normale,Deux véhicules - arrière,,,,,,,,,,,5,2,1,1,2
200700023176,0007-04-15 17:50:00,7,4,15,17,50,750,12,50 R PROUDHON,,,Plein jour,En agglomération,Hors intersection,Normale,Deux véhicules - arrière,,,,,,,,,,,1,2,1,1,2
200700023177,0007-04-18 10:25:00,7,4,18,10,25,750,17,68 AV DE VILLIERS,,,Plein jour,En agglomération,Hors intersection,Normale,Deux véhicules - côté,,,,,,,,,,,1,2,1,1,3
200700023178,0007-04-19 19:15:00,7,4,19,19,15,750,12,L10253 QU DE LA RAPEE,,,Plein jour,En agglomération,Hors intersection,Normale,Autre collision,,,,,,,,,,,1,2,1,1,6
200700023179,0007-04-19 23:01:00,7,4,19,23,1,750,19,R DE BELLEVILLE R JULES,,,Nuit avec éclairage allumé,En agglomération,Intersection en T,Normale,Deux véhicules - côté,,,,,,,,,,,5,2,3,1,3
200700023180,0007-04-03 17:45:00,7,4,3,17,45,750,16,BPE DAUPHINE MUETTE,,,Plein jour,En agglomération,Hors intersection,Normale,Trois véhicules et plus - en chaîne,,,,,,,,,,,1,2,1,1,4
200700023181,0007-04-05 09:30:00,7,4,5,9,30,750,18,BPE CLIGNANCOURT ST OUEN,,,Plein jour,En agglomération,Hors intersection,Normale,Deux véhicules - arrière,,,,,,,,,,,1,2,1,1,2
200700023182,0007-04-07 19:10:00,7,4,7,19,10,750,12,BPE DOREE ST MANDE,,,Plein jour,En agglomération,Hors intersection,Normale,Sans collision,,,,,,,,,,,1,2,1,1,7