accident_id,datetime,annee,mois,jour,heure,minute,departement,commune_insee,adresse,latitude,longitude,luminosite,agglomeration,intersection,meteo,collision,nb_vehicules,nb_usagers,nb_indemnes,nb_tues,nb_blesses_hosp,nb_blesses_legers,age_cond_1,age_cond_2,veh_type_cond_1,veh_type_cond_2,lum_code,agg_code,int_code,atm_code,col_code
200700023183,0007-04-07 23:20:00,7,4,7,23,20,750,16,ECH AUTEUIL,,,Nuit avec éclairage allumé,En agglomération,Hors intersection,Normale,Autre collision,,,,,,,,,,,5,2,1,1,6
200700023184,0007-04-07 16:10:00,7,4,7,16,10,750,18,BPE AUBERVILLIERS CHAPEL,,,Plein jour,En agglomération,Hors intersection,Normale,Deux véhicules - arrière,,,,,,,,,,,1,2,1,1,2
200700023185,0007-04-07 18:20:00,7,4,7,18,20,750,20,ECH BAGNOLET,,,Plein jour,En agglomération,Hors intersection,Normale,Trois véhicules et plus - en chaîne,,,,,,,,,,,1,2,1,1,4
200700023186,0007-04-08 12:00:00,7,4,8,12,0,750,16,BPE SAINT CLOUD QU POINT,,,Plein jour,En agglomération,Hors intersection,Normale,Trois véhicules et plus - en chaîne,,,,,,,,,,,1,2,1,1,4
200700023187,0007-04-20 17:10:00,7,4,20,17,10,750,7,34 R DES SAINTS PERES,,,Plein jour,En agglomération,Hors intersection,Normale,Autre collision,,,,,,,,,,,1,2,1,1,6
200700023188,0007-04-21 21:35:00,7,4,21,21,35,750,17,PL DU MARECHAL JUIN AV N,,,Nuit avec éclairage allumé,En agglomération,Intersection en T,Normale,Autre collision,,,,,,,,,,,5,2,3,1,6
200700023189,0007-04-21 21:30:00,7,4,21,21,30,750,20,BD MORTIER R SAINT FARGE,,,Nuit avec éclairage allumé,En agglomération,Intersection en X,Normale,Deux véhicules - arrière,,,,,,,,,,,5,2,2,1,2
200700023190,0007-04-22 01:15:00,7,4,22,1,15,750,12,L13630 QU DE BERCY,,,Nuit avec éclairage allumé,En agglomération,Hors intersection,Normale,Autre collision,,,,,,,,,,,5,2,1,1,6
200700023191,0007-04-22 19:45:00,7,4,22,19,45,750,17,158 AV DE SAINT OUEN,,,Plein jour,En agglomération,Hors intersection,Normale,Deux véhicules - arrière,,,,,,,,,,,1,2,1,1,2
200700023192,0007-04-23 22:40:00,7,4,23,22,40,750,8,44 R DE BERRI,,,Nuit avec éclairage allumé,En agglomération,Hors intersection,Normale,Deux véhicules - côté,,,,,,,,,,,5,2,1,1,3
200700023193,0007-04-23 08:20:00,7,4,23,8,20,750,12,136 BD DIDEROT,,,Plein jour,En agglomération,Hors intersection,Normale,Deux véhicules - arrière,,,,,,,,,,,1,2,1,1,2
200700023194,0007-04-23 22:40:00,7,4,23,22,40,750,20,BD DAVOUT R JEAN VEBER,,,Nuit avec éclairage allumé,En agglomération,Intersection en X,Normale,Deux véhicules - côté,,,,,,,,,,,5,2,2,1,3
200700023195,0007-04-07 17:15:00,7,4,7,17,15,750,9,20 BD MONTMARTRE,,,Plein jour,En agglomération,Hors intersection,Normale,Deux véhicules - côté,,,,,,,,,,,1,2,1,1,3
200700023196,0007-04-22 21:40:00,7,4,22,21,40,750,19,10 AV JEAN JAURES,,,Crépuscule ou aube,En agglomération,Hors intersection,Normale,Deux véhicules - arrière,,,,,,,,,,,2,2,1,1,2
200700023197,0007-04-26 15:20:00,7,4,26,15,20,750,2,152 R MONTMARTRE,,,Plein jour,En agglomération,Hors intersection,Normale,Autre collision,,,,,,,,,,,1,2,1,1,6
200700023198,0007-04-23 19:25:00,7,4,23,19,25,750,19,20 QU DE LA SEINE,,,Plein jour,En agglomération,Hors intersection,Normale,Deux véhicules - côté,,,,,,,,,,,1,2,1,1,3
200700023199,0007-04-26 13:50:00,7,4,26,13,50,750,5,R CLOVIS R DESCARTES,,,Plein jour,En agglomération,Intersection en X,Normale,Autre collision,,,,,,,,,,,1,2,2,1,6
200700023200,0007-04-23 09:20:00,7,4,23,9,20,750,19,8 BD D INDOCHINE,,,Plein jour,En agglomération,Hors intersection,Normale,Deux véhicules - côté,,,,,,,,,,,1,2,1,1,3
200700023201,0007-04-24 19:30:00,7,4,24,19,30,750,11,AV PARMENTIER AV DE LA R,,,Plein jour,En agglomération,Intersection en X,Normale,Deux véhicules - côté,,,,,,,,,,,1,2,2,1,3
200700023202,0007-04-26 00:10:00,7,4,26,0,10,750,6,R HERSCHEL BD SAINT MICH,,,Nuit avec éclairage allumé,En agglomération,Intersection en T,Normale,Deux véhicules - frontale,,,,,,,,,,,5,2,3,1,1
200700023203,0007-04-24 18:20:00,7,4,24,18,20,750,13,126 BD VINCENT AURIOL,,,Plein jour,En agglomération,Hors intersection,Normale,Autre collision,,,,,,,,,,,1,2,1,1,6
200700023204,0007-04-26 11:40:00,7,4,26,11,40,750,6,R SAINT SULPICE R TOURNO,,,Plein jour,En agglomération,Intersection en X,Normale,Deux véhicules - côté,,,,,,,,,,,1,2,2,1,3
200700023205,0007-04-24 18:20:00,7,4,24,18,20,750,14,R DEPARCIEUX R FROIDEVAU,,,Plein jour,En agglomération,Intersection en T,Normale,Deux véhicules - côté,,,,,,,,,,,1,2,3,1,3
200700023206,0007-04-26 13:20:00,7,4,26,13,20,750,7,QU BRANLY PO IENA,,,Plein jour,En agglomération,Intersection en X,Normale,Autre collision,,,,,,,,,,,1,2,2,1,6
200700023207,0007-04-24 15:30:00,7,4,24,15,30,750,17,R DE COURCELLES BD DE RE,,,Plein jour,En agglomération,Intersection en X,Normale,Autre collision,,,,,,,,,,,1,2,2,1,6
200700023208,0007-04-26 14:15:00,7,4,26,14,15,750,11,PL LEON BLUM R DE LA ROQ,,,Plein jour,En agglomération,Intersection en X,Normale,Autre collision,,,,,,,,,,,1,2,2,1,6
200700023209,0007-04-24 14:42:00,7,4,24,14,42,750,17,R DE TOCQUEVILLE AV DE V,,,Plein jour,En agglomération,Intersection en T,Normale,Deux véhicules - côté,,,,,,,,,,,1,2,3,1,3
200700023210,0007-04-26 14:30:00,7,4,26,14,30,750,11,IMP BON SECOURS BD VOLTA,,,Plein jour,En agglomération,Intersection en T,Normale,Deux véhicules - côté,,,,,,,,,,,1,2,3,1,3
200700023211,0007-04-24 15:40:00,7,4,24,15,40,750,20,14 R DE NOISY LE SEC,,,Plein jour,En agglomération,Hors intersection,Normale,Autre collision,,,,,,,,,,,1,2,1,1,6
200700023212,0007-04-26 19:15:00,7,4,26,19,15,750,11,55 BD MENILMONTANT,,,Plein jour,En agglomération,Hors intersection,Normale,Deux véhicules - côté,,,,,,,,,,,1,2,1,1,3
200700023213,0007-04-25 16:50:00,7,4,25,16,50,750,1,R BAILLEUL R DU LOUVRE,,,Plein jour,En agglomération,Intersection en T,Normale,Deux véhicules - côté,,,,,,,,,,,1,2,3,1,3
200700023214,0007-04-25 00:15:00,7,4,25,0,15,750,1,8 R DE CASTIGLIONE,,,Nuit avec éclairage allumé,En agglomération,Hors intersection,Normale,Trois véhicules et plus - en chaîne,,,,,,,,,,,5,2,1,1,4
200700023215,0007-04-27 15:55:00,7,4,27,15,55,750,12,BD CARNOT AV COURTELINE,,,Plein jour,En agglomération,Intersection en X,Normale,Deux véhicules - arrière,,,,,,,,,,,1,2,2,1,2
200700023216,0007-04-24 16:15:00,7,4,24,16,15,750,5,R CARDINAL LEMOINE R DES,,,Plein jour,En agglomération,Intersection en T,Normale,Autre collision,,,,,,,,,,,1,2,3,1,6
200700023217,0007-04-25 17:15:00,7,4,25,17,15,750,5,54 R DE MONGE,,,Plein jour,En agglomération,Hors intersection,Normale,Deux véhicules - côté,,,,,,,,,,,1,2,1,1,3
200700023218,0007-04-25 13:55:00,7,4,25,13,55,750,5,R PIERRE NICOLE BD DE PO,,,Plein jour,En agglomération,Intersection en T,Normale,Deux véhicules - côté,,,,,,,,,,,1,2,3,1,3
200700023219,0007-04-25 10:15:00,7,4,25,10,15,750,5,12 R DU VAL DE GRACE,,,Plein jour,En agglomération,Hors intersection,Normale,Autre collision,,,,,,,,,,,1,2,1,1,6
200700023220,0007-04-25 17:09:00,7,4,25,17,9,750,5,3 BD DE L HOPITAL,,,Plein jour,En agglomération,Hors intersection,Normale,Trois véhicules et plus - collisions multiples,,,,,,,,,,,1,2,1,1,5
200700023221,0007-04-25 22:25:00,7,4,25,22,25,750,6,R BONAPARTE PL SAINT SUL,,,Nuit avec éclairage allumé,En agglomération,Intersection en X,Normale,Autre collision,,,,,,,,,,,5,2,2,1,6
200700023222,0007-04-25 17:50:00,7,4,25,17,50,750,6,39 R DE SEVRES,,,Plein jour,En agglomération,Hors intersection,Normale,Deux véhicules - côté,,,,,,,,,,,1,2,1,1,3
200700023223,0007-04-26 07:55:00,7,4,26,7,55,750,13,R DE TOLBIAC R WURTZ,,,Plein jour,En agglomération,Intersection en X,Pluie légère,Deux véhicules - côté,,,,,,,,,,,1,2,2,2,3
200700023224,0007-04-25 17:45:00,7,4,25,17,45,750,7,R EDMOND VALENTIN AV RAP,,,Plein jour,En agglomération,Intersection en Y,Normale,Deux véhicules - côté,,,,,,,,,,,1,2,4,1,3
200700023225,0007-04-24 11:50:00,7,4,24,11,50,750,8,AV CHAMPS ELYSEES R LA B,,,Plein jour,En agglomération,Intersection en X,Normale,Deux véhicules - côté,,,,,,,,,,,1,2,2,1,3
200700023226,0007-04-26 19:00:00,7,4,26,19,0,750,14,188 R R LOSSERAND,,,Plein jour,En agglomération,Hors intersection,Normale,Autre collision,,,,,,,,,,,1,2,1,1,6
200700023227,0007-04-25 17:15:00,7,4,25,17,15,750,8,R CONSTANTINOPLE PL DE L,,,Plein jour,En agglomération,Intersection à plus de 4 branches,Normale,Deux véhicules - côté,,,,,,,,,,,1,2,5,1,3
200700023228,0007-04-25 08:50:00,7,4,25,8,50,750,8,26 CRS ALBERT 1ER,,,Plein jour,En agglomération,Hors intersection,Normale,Deux véhicules - côté,,,,,,,,,,,1,2,1,1,3
200700023229,0007-04-25 18:45:00,7,4,25,18,45,750,8,AV CHAMPS ELYSEES,,,Plein jour,En agglomération,Hors intersection,Normale,Autre collision,,,,,,,,,,,1,2,1,1,6
200700023230,0007-04-25 20:00:00,7,4,25,20,0,750,8,R BEAUJON AV HOCHE,,,Nuit avec éclairage allumé,En agglomération,Intersection en X,Normale,Deux véhicules - côté,,,,,,,,,,,5,2,2,1,3
200700023231,0007-04-25 10:00:00,7,4,25,10,0,750,9,28 BD POISSONNIERE,,,Plein jour,En agglomération,Hors intersection,Normale,Autre collision,,,,,,,,,,,1,2,1,1,6
200700023232,0007-04-26 14:25:00,7,4,26,14,25,750,16,CAR DES TRIBUNES RTE DES,,,Plein jour,En agglomération,Intersection en T,Normale,Autre collision,,,,,,,,,,,1,2,3,1,6
200700023233,0007-04-26 19:40:00,7,4,26,19,40,750,18,108 R DES POISSONNIERS,,,Plein jour,En agglomération,Hors intersection,Normale,Autre collision,,,,,,,,,,,1,2,1,1,6
200700023234,0007-04-25 18:50:00,7,4,25,18,50,750,9,R DE CLICHY R DE PARME,,,Plein jour,En agglomération,Intersection en T,Normale,Deux véhicules - côté,,,,,,,,,,,1,2,3,1,3
200700023235,0007-04-25 13:38:00,7,4,25,13,38,750,12,2 R DE POMMARD,,,Plein jour,En agglomération,Hors intersection,Normale,Autre collision,,,,,,,,,,,1,2,1,1,6
200700023236,0007-04-25 07:20:00,7,4,25,7,20,750,12,L3858 AV DE LA PEPINIERE,,,Plein jour,En agglomération,Hors intersection,Normale,Deux véhicules - frontale,,,,,,,,,,,1,2,1,1,1
200700023237,0007-04-25 21:30:00,7,4,25,21,30,750,13,50 BD DE L HOPITAL,,,Nuit avec éclairage allumé,En agglomération,Hors intersection,Normale,Deux véhicules - côté,,,,,,,,,,,5,2,1,1,3
200700023238,0007-04-25 08:45:00,7,4,25,8,45,750,13,6 R LOUISE WEISS,,,Plein jour,En agglomération,Hors intersection,Normale,Autre collision,,,,,,,,,,,1,2,1,1,6
200700023239,0007-04-25 19:20:00,7,4,25,19,20,750,15,14 AV EMILE ZOLA,,,Plein jour,En agglomération,Hors intersection,Temps éblouissant,Autre collision,,,,,,,,,,,1,2,1,7,6
200700023240,0007-04-25 15:15:00,7,4,25,15,15,750,15,22 R DE VOUILLE,,,Plein jour,En agglomération,Hors intersection,Normale,Deux véhicules - côté,,,,,,,,,,,1,2,1,1,3
200700023241,0007-04-25 13:05:00,7,4,25,13,5,750,16,L14585 RTE SEVRES A NEUI,,,Plein jour,En agglomération,Hors intersection,Normale,Autre collision,,,,,,,,,,,1,2,1,1,6
200700023242,0007-04-25 09:15:00,7,4,25,9,15,750,17,186 AV DE CLICHY,,,Plein jour,En agglomération,Hors intersection,Normale,Deux véhicules - côté,,,,,,,,,,,1,2,1,1,3
200700023243,0007-04-25 09:10:00,7,4,25,9,10,750,17,9 AV E ET A MASSARD,,,Plein jour,En agglomération,Hors intersection,Normale,Deux véhicules - côté,,,,,,,,,,,1,2,1,1,3
200700023244,0007-04-25 16:00:00,7,4,25,16,0,750,19,234 R DE CRIMEE,,,Plein jour,En agglomération,Hors intersection,Normale,Autre collision,,,,,,,,,,,1,2,1,1,6
200700023245,0007-04-25 19:00:00,7,4,25,19,0,750,18,86 R ORDENER,,,Plein jour,En agglomération,Hors intersection,Normale,Autre collision,,,,,,,,,,,1,2,1,1,6
200700023246,0007-04-25 11:42:00,7,4,25,11,42,750,20,146 AV GAMBETTA,,,Plein jour,En agglomération,Hors intersection,Normale,Deux véhicules - côté,,,,,,,,,,,1,2,1,1,3
200700023247,0007-04-25 21:20:00,7,4,25,21,20,750,20,R DE MENILMONTANT R PIXE,,,Nuit avec éclairage allumé,En agglomération,Intersection en X,Normale,Deux véhicules - côté,,,,,,,,,,,5,2,2,1,3
200700023248,0007-04-26 11:35:00,7,4,26,11,35,750,19,14 AV DE FLANDRE,,,Plein jour,En agglomération,Hors intersection,Normale,Deux véhicules - côté,,,,,,,,,,,1,2,1,1,3
200700023249,0007-04-27 14:50:00,7,4,27,14,50,750,13,64 AV DES GOBELINS,,,Plein jour,En agglomération,Hors intersection,Normale,Autre collision,,,,,,,,,,,1,2,1,1,6
200700023250,0007-04-27 14:15:00,7,4,27,14,15,750,8,R FRANCOIS 1ER R MARBEUF,,,Plein jour,En agglomération,Intersection en X,Normale,Deux véhicules - côté,,,,,,,,,,,1,2,2,1,3
200700023251,0007-04-27 20:10:00,7,4,27,20,10,750,15,BD GARIBALDI R PERIGNON,,,Nuit avec éclairage allumé,En agglomération,Intersection en X,Normale,Deux véhicules - côté,,,,,,,,,,,5,2,2,1,3
200700023252,0007-04-27 13:45:00,7,4,27,13,45,750,16,ALL DU BORD DE L EAU BD,,,Plein jour,En agglomération,Intersection en T,Normale,Autre collision,,,,,,,,,,,1,2,3,1,6
200700023253,0007-04-27 12:55:00,7,4,27,12,55,750,16,R DE L ALBONI PL DE COST,,,Plein jour,En agglomération,Intersection à plus de 4 branches,Normale,Autre collision,,,,,,,,,,,1,2,5,1,6
200700023254,0007-04-27 10:55:00,7,4,27,10,55,750,18,60 BD NEY,,,Plein jour,En agglomération,Hors intersection,Normale,Deux véhicules - arrière,,,,,,,,,,,1,2,1,1,2
200700023255,0007-04-27 10:50:00,7,4,27,10,50,750,18,R BOUCRY R DE LA CHAPELL,,,Plein jour,En agglomération,Intersection en Y,Normale,Sans collision,,,,,,,,,,,1,2,4,1,7
200700023256,0007-04-27 22:30:00,7,4,27,22,30,750,18,150 R ORDENER,,,Nuit avec éclairage allumé,En agglomération,Hors intersection,Normale,Autre collision,,,,,,,,,,,5,2,1,1,6
200700023257,0007-04-27 10:15:00,7,4,27,10,15,750,18,R DOUDEAUVILLE R LEON,,,Plein jour,En agglomération,Intersection en X,Normale,Deux véhicules - côté,,,,,,,,,,,1,2,2,1,3
200700023258,0007-04-27 08:10:00,7,4,27,8,10,750,18,18 BD DE CLICHY,,,Plein jour,En agglomération,Hors intersection,Normale,Autre collision,,,,,,,,,,,1,2,1,1,6
200700023259,0007-04-28 22:50:00,7,4,28,22,50,750,7,BD DES INVALIDES AV DE T,,,Nuit avec éclairage allumé,En agglomération,Intersection en X,Normale,Deux véhicules - côté,,,,,,,,,,,5,2,2,1,3
200700023260,0007-04-28 14:50:00,7,4,28,14,50,750,8,272 R FG SAINT HONORE,,,Plein jour,En agglomération,Hors intersection,Normale,Autre collision,,,,,,,,,,,1,2,1,1,6
200700023261,0007-04-28 01:10:00,7,4,28,1,10,750,12,AV DES MINIMES ESP SAINT,,,Nuit avec éclairage allumé,En agglomération,Intersection en X,Normale,Deux véhicules - côté,,,,,,,,,,,5,2,2,1,3
200700023262,0007-04-28 15:50:00,7,4,28,15,50,750,13,16 BD DE L HOPITAL,,,Plein jour,En agglomération,Hors intersection,Normale,Autre collision,,,,,,,,,,,1,2,1,1,6
200700023263,0007-04-28 21:50:00,7,4,28,21,50,750,15,R DE L EGLISE R DE LOURM,,,Nuit avec éclairage allumé,En agglomération,Intersection en X,Normale,Autre collision,,,,,,,,,,,5,2,2,1,6
200700023264,0007-04-28 08:10:00,7,4,28,8,10,750,15,L6634 QU ISSY LES MOULIN,,,Plein jour,En agglomération,Hors intersection,Normale,Deux véhicules - côté,,,,,,,,,,,1,2,1,1,3
200700023265,0007-04-28 01:05:00,7,4,28,1,5,750,16,R FAUSTIN HELIE R DE LA,,,Nuit avec éclairage allumé,En agglomération,Intersection en X,Normale,Deux véhicules - côté,,,,,,,,,,,5,2,2,1,3
200700023266,0007-04-28 02:35:00,7,4,28,2,35,750,16,ALL DE LONGCHAMP ALL REI,,,Nuit avec éclairage allumé,En agglomération,Intersection en X,Normale,Deux véhicules - côté,,,,,,,,,,,5,2,2,1,3
200700023267,0007-04-29 02:41:00,7,4,29,2,41,750,8,8 AV MONTAIGNE,,,Nuit avec éclairage allumé,En agglomération,Hors intersection,Normale,Autre collision,,,,,,,,,,,5,2,1,1,6
200700023268,0007-04-29 17:37:00,7,4,29,17,37,750,12,R CHRET DE TROYES AV DAU,,,Plein jour,En agglomération,Intersection en T,Temps couvert,Autre collision,,,,,,,,,,,1,2,3,8,6
200700023269,0007-04-26 21:15:00,7,4,26,21,15,750,2,R MONTMARTRE R REAUMUR,,,Nuit avec éclairage allumé,En agglomération,Intersection en X,Normale,Deux véhicules - côté,,,,,,,,,,,5,2,2,1,3
200700023270,0007-04-26 09:20:00,7,4,26,9,20,750,9,6 R AMSTERDAM,,,Plein jour,En agglomération,Hors intersection,Normale,Deux véhicules - arrière,,,,,,,,,,,1,2,1,1,2
200700023271,0007-04-27 23:50:00,7,4,27,23,50,750,2,14 BD DES CAPUCINES,,,Nuit avec éclairage allumé,En agglomération,Hors intersection,Normale,Autre collision,,,,,,,,,,,5,2,1,1,6
200700023272,0007-04-27 18:45:00,7,4,27,18,45,750,5,46 R DES FOSSES SAINT BE,,,Nuit avec éclairage allumé,En agglomération,Hors intersection,Normale,Deux véhicules - arrière,,,,,,,,,,,5,2,1,1,2
200700023273,0007-04-27 23:35:00,7,4,27,23,35,750,5,R BLANVILLE R ESTRAPADE,,,Nuit avec éclairage allumé,En agglomération,Intersection en T,Normale,Sans collision,,,,,,,,,,,5,2,3,1,7
200700023274,0007-04-27 15:30:00,7,4,27,15,30,750,6,6 PL DE SAINT GERMAIN DE,,,Plein jour,En agglomération,Hors intersection,Normale,Autre collision,,,,,,,,,,,1,2,1,1,6
200700023275,0007-04-27 20:55:00,7,4,27,20,55,750,16,L1331 CHE CEINTURE LAC I,,,Crépuscule ou aube,En agglomération,Hors intersection,Normale,Deux véhicules - côté,,,,,,,,,,,2,2,1,1,3
200700023276,0007-04-27 18:45:00,7,4,27,18,45,750,19,2 R CHAUFOURNIERS,,,Plein jour,En agglomération,Hors intersection,Normale,Autre collision,,,,,,,,,,,1,2,1,1,6
200700023277,0007-04-27 16:30:00,7,4,27,16,30,750,19,PL AUGUSTE BARON R EMILE,,,Plein jour,En agglomération,Intersection en T,Normale,Autre collision,,,,,,,,,,,1,2,3,1,6
200700023278,0007-04-28 01:40:00,7,4,28,1,40,750,1,QU DES ORFEVRES PO NEUF,,,Nuit avec éclairage allumé,En agglomération,Intersection en X,Normale,Autre collision,,,,,,,,,,,5,2,2,1,6
200700023279,0007-04-28 10:40:00,7,4,28,10,40,750,14,AV PORTE D ORLEANS BD RO,,,Plein jour,En agglomération,Intersection en X,Normale,Trois véhicules et plus - collisions multiples,,,,,,,,,,,1,2,2,1,5
200700023280,0007-04-28 17:55:00,7,4,28,17,55,750,19,R DE BELLEVILLE R DE LA,,,Plein jour,En agglomération,Intersection en T,Normale,Autre collision,,,,,,,,,,,1,2,3,1,6
200700023281,0007-04-28 11:30:00,7,4,28,11,30,750,19,SOU VILLETTE,,,Plein jour,En agglomération,Hors intersection,Normale,Autre collision,,,,,,,,,,,1,2,1,1,6
200700023282,0007-04-28 11:45:00,7,4,28,11,45,750,19,158 R DE BELLEVILLE,,,Plein jour,En agglomération,Hors intersection,Normale,Sans collision,,,,,,,,,,,1,2,1,1,7
200700023283,0007-04-28 17:50:00,7,4,28,17,50,750,20,56 R DES COURONNES,,,Plein jour,En agglomération,Hors intersection,Normale,Deux véhicules - côté,,,,,,,,,,,1,2,1,1,3
200700023284,0007-04-28 14:30:00,7,4,28,14,30,750,20,38 BD MORTIER,,,Plein jour,En agglomération,Hors intersection,Normale,Trois véhicules et plus - en chaîne,,,,,,,,,,,1,2,1,1,4
200700023285,0007-04-28 12:15:00,7,4,28,12,15,750,20,18 R DE BAGNOLET,,,Plein jour,En agglomération,Hors intersection,Normale,Deux véhicules - côté,,,,,,,,,,,1,2,1,1,3
200700023286,0007-04-29 17:10:00,7,4,29,17,10,750,2,R D ANTIN AV DE L OPERA,,,Plein jour,En agglomération,Intersection en X,Normale,Deux véhicules - côté,,,,,,,,,,,1,2,2,1,3
200700023287,0007-04-29 21:15:00,7,4,29,21,15,750,6,R MICHELET BD SAINT MICH,,,Nuit avec éclairage allumé,En agglomération,Intersection en T,Pluie légère,Sans collision,,,,,,,,,,,5,2,3,2,7
200700023288,0007-04-29 01:05:00,7,4,29,1,5,750,13,R ESQUIROL BD DE L HOPIT,,,Nuit avec éclairage allumé,En agglomération,Intersection en X,Normale,Deux véhicules - côté,,,,,,,,,,,5,2,2,1,3
200700023289,0007-04-29 12:30:00,7,4,29,12,30,750,14,PL DENF ROCHEREAU R FROI,,,Plein jour,En agglomération,Intersection en X,Normale,Deux véhicules - côté,,,,,,,,,,,1,2,2,1,3
200700023290,0007-04-29 14:45:00,7,4,29,14,45,750,16,AV PAUL DOUMER PL DU TRO,,,Plein jour,En agglomération,Intersection en T,Normale,Deux véhicules - arrière,,,,,,,,,,,1,2,3,1,2
200700023291,0007-04-29 20:30:00,7,4,29,20,30,750,19,18 AV SIMON BOLIVAR,,,Crépuscule ou aube,En agglomération,Hors intersection,Pluie légère,Sans collision,,,,,,,,,,,2,2,1,2,7
200700023292,0007-04-29 21:00:00,7,4,29,21,0,750,19,58 R DE BELLEVILLE,,,Nuit avec éclairage allumé,En agglomération,Hors intersection,Pluie légère,Sans collision,,,,,,,,,,,5,2,1,2,7
200700023293,0007-04-29 14:55:00,7,4,29,14,55,750,19,32 R ARMAND CARREL,,,Plein jour,En agglomération,Hors intersection,Normale,Deux véhicules - côté,,,,,,,,,,,1,2,1,1,3
200700023294,0007-04-29 10:55:00,7,4,29,10,55,750,19,PL AUGUSTE BARON ECH VIL,,,Plein jour,En agglomération,Intersection en T,Normale,Deux véhicules - côté,,,,,,,,,,,1,2,3,1,3
200700023295,0007-04-29 06:45:00,7,4,29,6,45,750,19,AV JEAN JAURES,,,Plein jour,En agglomération,Hors intersection,Normale,Deux véhicules - arrière,,,,,,,,,,,1,2,1,1,2
200700023296,0007-04-29 12:50:00,7,4,29,12,50,750,20,BD DE BELLEVILLE R ETIEN,,,Plein jour,En agglomération,Intersection en T,Normale,Autre collision,,,,,,,,,,,1,2,3,1,6
200700023297,0007-04-30 18:35:00,7,4,30,18,35,750,1,PL ANDRE MALRAUX AV DE L,,,Plein jour,En agglomération,Intersection en X,Normale,Deux véhicules - côté,,,,,,,,,,,1,2,2,1,3
200700023298,0007-04-30 23:10:00,7,4,30,23,10,750,1,PO ROYAL QU DES TUILERIE,,,Nuit avec éclairage allumé,En agglomération,Intersection en X,Normale,Deux véhicules - frontale,,,,,,,,,,,5,2,2,1,1
200700023299,0007-04-30 13:30:00,7,4,30,13,30,750,7,26 R DE SEVRES,,,Plein jour,En agglomération,Hors intersection,Normale,Autre collision,,,,,,,,,,,1,2,1,1,6
200700023300,0007-04-30 22:05:00,7,4,30,22,5,750,7,AV DE BRETEUIL AV DUQUES,,,Nuit avec éclairage allumé,En agglomération,Intersection en X,Normale,Deux véhicules - côté,,,,,,,,,,,5,2,2,1,3
200700023301,0007-04-30 18:00:00,7,4,30,18,0,750,13,12 R NEUVE TOLBIAC,,,Plein jour,En agglomération,Hors intersection,Normale,Deux véhicules - côté,,,,,,,,,,,1,2,1,1,3
200700023302,0007-04-30 16:00:00,7,4,30,16,0,750,14,88 AV DU MAINE,,,Plein jour,En agglomération,Hors intersection,Pluie légère,Autre collision,,,,,,,,,,,1,2,1,2,6
200700023303,0007-04-30 21:40:00,7,4,30,21,40,750,15,AV A BARTHOLOME R GASTON,,,Nuit avec éclairage allumé,En agglomération,Intersection en X,Normale,Deux véhicules - côté,,,,,,,,,,,5,2,2,1,3
200700023304,0007-04-30 17:15:00,7,4,30,17,15,750,15,28 BD DE VAUGIRARD,,,Plein jour,En agglomération,Hors intersection,Normale,Deux véhicules - côté,,,,,,,,,,,1,2,1,1,3
200700023305,0007-04-30 18:25:00,7,4,30,18,25,750,16,56 BD FLANDRIN,,,Plein jour,En agglomération,Hors intersection,Normale,Autre collision,,,,,,,,,,,1,2,1,1,6
200700023306,0007-04-30 15:45:00,7,4,30,15,45,750,16,34 R GEORGE SAND,,,Plein jour,En agglomération,Hors intersection,Pluie légère,Autre collision,,,,,,,,,,,1,2,1,2,6
200700023307,0007-04-30 20:15:00,7,4,30,20,15,750,16,VERD PO GRENELLE PO BIR,,,Nuit avec éclairage allumé,En agglomération,Hors intersection,Normale,Sans collision,,,,,,,,,,,5,2,1,1,7
200700023308,0007-04-30 01:35:00,7,4,30,1,35,750,19,BD SERURIER,,,Nuit avec éclairage allumé,En agglomération,Hors intersection,Normale,Autre collision,,,,,,,,,,,5,2,1,1,6
200700023309,0007-04-21 16:45:00,7,4,21,16,45,750,10,44 R RENE BOULANGER,,,Plein jour,En agglomération,Hors intersection,Normale,Autre collision,,,,,,,,,,,1,2,1,1,6
200700023310,0007-04-21 10:45:00,7,4,21,10,45,750,12,AV DAUMESNIL R DUBRUNFAU,,,Plein jour,En agglomération,Intersection en T,Normale,Deux véhicules - côté,,,,,,,,,,,1,2,3,1,3
200700023311,0007-04-24 13:10:00,7,4,24,13,10,750,10,170 QU DE JEMMAPES,,,Plein jour,En agglomération,Hors intersection,Normale,Autre collision,,,,,,,,,,,1,2,1,1,6
200700023312,0007-04-25 13:55:00,7,4,25,13,55,750,10,R FG SAINT MARTIN AV DE,,,Plein jour,En agglomération,Intersection en T,Normale,Deux véhicules - côté,,,,,,,,,,,1,2,3,1,3
200700023313,0007-04-25 07:40:00,7,4,25,7,40,750,10,20 R DU CHATEAU D EAU,,,Crépuscule ou aube,En agglomération,Hors intersection,Normale,Autre collision,,,,,,,,,,,2,2,1,1,6
200700023314,0007-04-26 15:30:00,7,4,26,15,30,750,10,12 BD MAGENTA,,,Plein jour,En agglomération,Hors intersection,Normale,Autre collision,,,,,,,,,,,1,2,1,1,6
200700023315,0007-04-26 20:30:00,7,4,26,20,30,750,10,R LAFAYETTE R PETITS HOT,,,Crépuscule ou aube,En agglomération,Intersection en X,Normale,Deux véhicules - côté,,,,,,,,,,,2,2,2,1,3
200700023316,0007-04-26 04:50:00,7,4,26,4,50,750,10,BD SAINT DENIS BD DE STR,,,Nuit avec éclairage allumé,En agglomération,Intersection en X,Normale,Deux véhicules - frontale,,,,,,,,,,,5,2,2,1,1
200700023317,0007-04-26 18:30:00,7,4,26,18,30,750,17,R CATULLE MENDES AV STEP,,,Plein jour,En agglomération,Intersection en X,Normale,Autre collision,,,,,,,,,,,1,2,2,1,6