accident_id,datetime,annee,mois,jour,heure,minute,departement,commune_insee,adresse,latitude,longitude,luminosite,agglomeration,intersection,meteo,collision,nb_vehicules,nb_usagers,nb_indemnes,nb_tues,nb_blesses_hosp,nb_blesses_legers,age_cond_1,age_cond_2,veh_type_cond_1,veh_type_cond_2,lum_code,agg_code,int_code,atm_code,col_code
200700023318,0007-04-27 17:25:00,7,4,27,17,25,750,11,AV PARMENTIER R PASTEUR,,,Plein jour,En agglomération,Intersection en T,Normale,Autre collision,,,,,,,,,,,1,2,3,1,6
200700023319,0007-04-27 18:10:00,7,4,27,18,10,750,11,R OBERKAMPF BD VOLTAIRE,,,Plein jour,En agglomération,Intersection en X,Normale,Deux véhicules - frontale,,,,,,,,,,,1,2,2,1,1
200700023320,0007-04-27 13:20:00,7,4,27,13,20,750,10,R LA FAYETTE R SAINT QUE,,,Plein jour,En agglomération,Intersection en X,Normale,Deux véhicules - arrière,,,,,,,,,,,1,2,2,1,2
200700023321,0007-04-27 20:30:00,7,4,27,20,30,750,10,R CHATEAU D EAU BD DE ST,,,Nuit avec éclairage allumé,En agglomération,Intersection en X,Normale,Sans collision,,,,,,,,,,,5,2,2,1,7
200700023322,0007-04-27 21:00:00,7,4,27,21,0,750,12,AV DAUMESNIL R COLONEL O,,,Nuit avec éclairage allumé,En agglomération,Intersection en X,Normale,Deux véhicules - côté,,,,,,,,,,,5,2,2,1,3
200700023323,0007-04-28 04:30:00,7,4,28,4,30,750,11,R OBERKAMPF BD VOLTAIRE,,,Nuit avec éclairage allumé,En agglomération,Intersection en X,Normale,Deux véhicules - côté,,,,,,,,,,,5,2,2,1,3
200700023324,0007-04-20 17:15:00,7,4,20,17,15,750,15,40 R COLONEL P AVIA,,,Plein jour,En agglomération,Hors intersection,Normale,Autre collision,,,,,,,,,,,1,2,1,1,6
200700023325,0007-04-28 16:10:00,7,4,28,16,10,750,8,R DU COLISEE R FG SAINT,,,Plein jour,En agglomération,Intersection en Y,Normale,Deux véhicules - côté,,,,,,,,,,,1,2,4,1,3
200700023326,0007-04-28 01:30:00,7,4,28,1,30,750,10,138 R LA FAYETTE,,,Nuit avec éclairage allumé,En agglomération,Hors intersection,Normale,Deux véhicules - côté,,,,,,,,,,,5,2,1,1,3
200700023327,0007-04-29 17:20:00,7,4,29,17,20,750,12,R ELIE FAURE AV PTE DE V,,,Plein jour,En agglomération,Intersection en X,Temps couvert,Sans collision,,,,,,,,,,,1,2,2,8,7
200700023328,0007-04-29 23:00:00,7,4,29,23,0,750,12,R DE CITEAUX BD DIDEROT,,,Nuit avec éclairage allumé,En agglomération,Intersection en Y,Normale,Deux véhicules - côté,,,,,,,,,,,5,2,4,1,3
200700023329,0007-04-30 19:55:00,7,4,30,19,55,750,11,R PLICHON AV DE LA REPUB,,,Plein jour,En agglomération,Intersection en T,Normale,Deux véhicules - côté,,,,,,,,,,,1,2,3,1,3
200700023330,0007-04-30 13:40:00,7,4,30,13,40,750,20,BD MORTIER R PIERRE FONC,,,Plein jour,En agglomération,Intersection en X,Normale,Deux véhicules - côté,,,,,,,,,,,1,2,2,1,3
200700023331,0007-04-30 13:05:00,7,4,30,13,5,750,10,R DE LANCRY BD DE MAGENT,,,Plein jour,En agglomération,Intersection en T,Normale,Deux véhicules - côté,,,,,,,,,,,1,2,3,1,3
200700023332,0007-04-30 09:00:00,7,4,30,9,0,750,10,32 BD DE MAGENTA,,,Plein jour,En agglomération,Hors intersection,Normale,Autre collision,,,,,,,,,,,1,2,1,1,6
200700023333,0007-04-30 23:37:00,7,4,30,23,37,750,18,BD DE LA CHAPELLE R PH D,,,Nuit avec éclairage allumé,En agglomération,Intersection en X,Normale,Deux véhicules - côté,,,,,,,,,,,5,2,2,1,3
200700023334,0007-04-22 17:00:00,7,4,22,17,0,750,12,L 3463 ESP SAINT LOUIS,,,Plein jour,En agglomération,Hors intersection,Normale,Autre collision,,,,,,,,,,,1,2,1,1,6
200700023335,0007-04-23 21:22:00,7,4,23,21,22,750,12,ECH BERCY,,,Nuit avec éclairage allumé,En agglomération,Hors intersection,Normale,Sans collision,,,,,,,,,,,5,2,1,1,7
200700023336,0007-04-24 14:20:00,7,4,24,14,20,750,12,BD DE BERCY R DU CHAROLA,,,Plein jour,En agglomération,Intersection en X,Normale,Deux véhicules - côté,,,,,,,,,,,1,2,2,1,3
200700023337,0007-04-25 14:15:00,7,4,25,14,15,750,12,32 BD DE LA BASTILLE,,,Plein jour,En agglomération,Hors intersection,Normale,Autre collision,,,,,,,,,,,1,2,1,1,6
200700023338,0007-04-28 12:35:00,7,4,28,12,35,750,12,BD DE REUILLY R TAINE,,,Plein jour,En agglomération,Intersection en Y,Normale,Autre collision,,,,,,,,,,,1,2,4,1,6
200700023339,0007-04-30 12:26:00,7,4,30,12,26,750,5,20 R SOUFFLOT,,,Plein jour,En agglomération,Hors intersection,Normale,Deux véhicules - côté,,,,,,,,,,,1,2,1,1,3
200700023340,0007-04-30 16:30:00,7,4,30,16,30,750,17,86 AV DE SAINT OUEN,,,Plein jour,En agglomération,Hors intersection,Normale,Autre collision,,,,,,,,,,,1,2,1,1,6
200700023341,0007-04-30 18:15:00,7,4,30,18,15,750,19,R D HAUTPOUL R MANIN,,,Plein jour,En agglomération,Intersection à plus de 4 branches,Normale,Deux véhicules - côté,,,,,,,,,,,1,2,5,1,3
200700023342,0007-04-22 19:20:00,7,4,22,19,20,750,13,BPI ITALIE GENTILLY,,,Nuit avec éclairage allumé,En agglomération,Hors intersection,Normale,Sans collision,,,,,,,,,,,5,2,1,1,7
200700023343,0007-04-16 09:20:00,7,4,16,9,20,750,12,BPE DOREE ST MANDE,,,Plein jour,En agglomération,Hors intersection,Normale,Deux véhicules - arrière,,,,,,,,,,,1,2,1,1,2
200700023344,0007-04-14 12:30:00,7,4,14,12,30,750,14,BPI GENTILLY ORLEANS,,,Plein jour,En agglomération,Hors intersection,Normale,Deux véhicules - côté,,,,,,,,,,,1,2,1,1,3
200700023345,0007-04-13 08:55:00,7,4,13,8,55,750,15,BPI PLAINE SEVRES,,,Plein jour,En agglomération,Hors intersection,Normale,Deux véhicules - arrière,,,,,,,,,,,1,2,1,1,2
200700023346,0007-04-11 00:50:00,7,4,11,0,50,750,16,ECH AUTEUIL,,,Nuit avec éclairage allumé,En agglomération,Hors intersection,Normale,Autre collision,,,,,,,,,,,5,2,1,1,6
200700023347,0007-04-10 07:40:00,7,4,10,7,40,750,13,BPE IVRY GARE,,,Plein jour,En agglomération,Hors intersection,Normale,Autre collision,,,,,,,,,,,1,2,1,1,6
200700023348,0007-04-10 19:00:00,7,4,10,19,0,750,18,BPI CLIGNANCOURT CHAPELL,,,Plein jour,En agglomération,Hors intersection,Normale,Deux véhicules - côté,,,,,,,,,,,1,2,1,1,3
200700023349,0007-04-08 19:55:00,7,4,8,19,55,750,13,BPE ITALIE IVRY,,,Plein jour,En agglomération,Hors intersection,Normale,Deux véhicules - arrière,,,,,,,,,,,1,2,1,1,2
200700023350,0007-04-08 15:45:00,7,4,8,15,45,750,18,BPI CHAPELLE AUBERVILLIE,,,Plein jour,En agglomération,Intersection en Y,Normale,Autre collision,,,,,,,,,,,1,2,4,1,6
200700023351,0007-04-08 02:25:00,7,4,8,2,25,750,18,BPE AUBERVILLIERS CHAPEL,,,Nuit avec éclairage allumé,En agglomération,Hors intersection,Normale,Deux véhicules - côté,,,,,,,,,,,5,2,1,1,3
200700023352,0007-04-07 15:50:00,7,4,7,15,50,750,18,BPE AUBERVILLIERS CHAPEL,,,Plein jour,En agglomération,Hors intersection,Normale,Autre collision,,,,,,,,,,,1,2,1,1,6
200700023353,0007-04-06 17:05:00,7,4,6,17,5,750,12,BPE DOREE ST MANDE,,,Plein jour,En agglomération,Hors intersection,Normale,Autre collision,,,,,,,,,,,1,2,1,1,6
200700023354,0007-04-06 09:40:00,7,4,6,9,40,750,15,BPI PLAINE SEVRES,,,Plein jour,En agglomération,Hors intersection,Normale,Autre collision,,,,,,,,,,,1,2,1,1,6
200700023355,0007-04-04 16:30:00,7,4,4,16,30,750,14,BPI CHATILLON VANVES,,,Plein jour,En agglomération,Hors intersection,Normale,Deux véhicules - arrière,,,,,,,,,,,1,2,1,1,2
200700023356,0007-04-01 23:20:00,7,4,1,23,20,750,20,ECH VINCENNES,,,Nuit avec éclairage allumé,En agglomération,Hors intersection,Normale,Trois véhicules et plus - en chaîne,,,,,,,,,,,5,2,1,1,4
200700023357,0007-04-26 12:25:00,7,4,26,12,25,750,12,14 BD SOULT,,,Plein jour,En agglomération,Hors intersection,Normale,Autre collision,,,,,,,,,,,1,2,1,1,6
200700023358,0007-04-12 17:15:00,7,4,12,17,15,750,12,BPI CHARENTON BERCY,,,Plein jour,En agglomération,Hors intersection,Normale,Autre collision,,,,,,,,,,,1,2,1,1,6
200700023359,0007-04-13 13:15:00,7,4,13,13,15,750,12,BPE SAINT MANDE VINCENNE,,,Plein jour,En agglomération,Hors intersection,Normale,Deux véhicules - arrière,,,,,,,,,,,1,2,1,1,2
200700023360,0007-04-13 17:25:00,7,4,13,17,25,750,16,BPI ST CLOUD MOLITOR,,,Plein jour,En agglomération,Hors intersection,Normale,Autre collision,,,,,,,,,,,1,2,1,1,6
200700023361,0007-04-17 19:30:00,7,4,17,19,30,750,15,BPE POINT DU JOUR QU D I,,,Plein jour,En agglomération,Hors intersection,Normale,Deux véhicules - côté,,,,,,,,,,,1,2,1,1,3
200700023362,0007-04-18 13:15:00,7,4,18,13,15,750,17,BPE CHAMPERRET TERNES,,,Plein jour,En agglomération,Hors intersection,Normale,Deux véhicules - arrière,,,,,,,,,,,1,2,1,1,2
200700023363,0007-04-18 18:00:00,7,4,18,18,0,750,18,BPE CLIGNANCOURT SAINT O,,,Plein jour,En agglomération,Hors intersection,Normale,Deux véhicules - arrière,,,,,,,,,,,1,2,1,1,2
200700023364,0007-04-19 11:25:00,7,4,19,11,25,750,12,BPI CHARENTON BERCY,,,Plein jour,En agglomération,Hors intersection,Normale,Deux véhicules - arrière,,,,,,,,,,,1,2,1,1,2
200700023365,0007-04-19 12:00:00,7,4,19,12,0,750,16,BPE MOLITOR SAINT CLOUD,,,Plein jour,En agglomération,Hors intersection,Normale,Deux véhicules - côté,,,,,,,,,,,1,2,1,1,3
200700023366,0007-04-18 18:15:00,7,4,18,18,15,750,18,BPI CLIGNANCOURT CHAPELL,,,Plein jour,En agglomération,Hors intersection,Normale,Deux véhicules - arrière,,,,,,,,,,,1,2,1,1,2
200700023367,0007-04-20 12:45:00,7,4,20,12,45,750,17,BPI CHAMPERRET ASNIERES,,,Plein jour,En agglomération,Hors intersection,Normale,Trois véhicules et plus - en chaîne,,,,,,,,,,,1,2,1,1,4
200700023368,0007-04-24 13:40:00,7,4,24,13,40,750,17,88 AV DES TERNES,,,Plein jour,En agglomération,Hors intersection,Normale,Deux véhicules - arrière,,,,,,,,,,,1,2,1,1,2
200700023369,0007-04-25 10:25:00,7,4,25,10,25,750,12,6 BD SOULT,,,Plein jour,En agglomération,Hors intersection,Temps éblouissant,Deux véhicules - côté,,,,,,,,,,,1,2,1,7,3
200700023370,0007-04-28 13:25:00,7,4,28,13,25,750,17,R  JOUFFR D ABBANS AV DE,,,Plein jour,En agglomération,Intersection en X,Normale,Deux véhicules - côté,,,,,,,,,,,1,2,2,1,3
200700023371,0007-04-30 15:30:00,7,4,30,15,30,750,13,R FERNAND WIDAL BD MASSE,,,Plein jour,En agglomération,Intersection en T,Normale,Autre collision,,,,,,,,,,,1,2,3,1,6
200700023372,0007-04-11 11:15:00,7,4,11,11,15,750,9,BD HAUSSMANN R DU HELDER,,,Plein jour,En agglomération,Intersection en X,Normale,Deux véhicules - arrière,,,,,,,,,,,1,2,2,1,2
200700023373,0007-04-16 21:15:00,7,4,16,21,15,750,20,BPE MONTREUIL BAGNOLET E,,,Nuit avec éclairage allumé,En agglomération,Intersection en Y,Normale,Autre collision,,,,,,,,,,,5,2,4,1,6
200700023374,0007-04-18 14:10:00,7,4,18,14,10,750,17,R DAVY AV DE SAINT OUEN,,,Plein jour,En agglomération,Intersection en T,Normale,Deux véhicules - côté,,,,,,,,,,,1,2,3,1,3
200700023375,0007-04-20 16:00:00,7,4,20,16,0,750,12,ECH BERCY,,,Plein jour,En agglomération,Hors intersection,Normale,Deux véhicules - côté,,,,,,,,,,,1,2,1,1,3
200700023376,0007-04-20 10:00:00,7,4,20,10,0,750,15,BPE SEVRES PLAINE,,,Plein jour,En agglomération,Hors intersection,Normale,Sans collision,,,,,,,,,,,1,2,1,1,7
200700023377,0007-04-20 16:00:00,7,4,20,16,0,750,16,BPE DAUPHINE LA MUETTE,,,Plein jour,En agglomération,Hors intersection,Normale,Trois véhicules et plus - en chaîne,,,,,,,,,,,1,2,1,1,4
200700023378,0007-04-21 00:54:00,7,4,21,0,54,750,14,BPE VANVES CHATILLON,,,Nuit avec éclairage allumé,En agglomération,Hors intersection,Normale,Autre collision,,,,,,,,,,,5,2,1,1,6
200700023379,0007-04-21 16:30:00,7,4,21,16,30,750,16,BPE DAUPHINE MUETTE,,,Plein jour,En agglomération,Hors intersection,Normale,Deux véhicules - côté,,,,,,,,,,,1,2,1,1,3
200700023380,0007-04-22 13:05:00,7,4,22,13,5,750,12,BPE  CHARENTON DOREE,,,Plein jour,En agglomération,Hors intersection,Normale,Deux véhicules - côté,,,,,,,,,,,1,2,1,1,3
200700023381,0007-04-22 21:10:00,7,4,22,21,10,750,18,BPE CHAPELLE CLIGNANCOUR,,,Nuit avec éclairage allumé,En agglomération,Hors intersection,Normale,Deux véhicules - côté,,,,,,,,,,,5,2,1,1,3
200700023382,0007-04-20 16:00:00,7,4,20,16,0,750,16,BPI MUETTE DAUPHINE,,,Plein jour,En agglomération,Hors intersection,Normale,Trois véhicules et plus - en chaîne,,,,,,,,,,,1,2,1,1,4
200700023383,0007-04-20 14:25:00,7,4,20,14,25,750,16,BPE PASSY AUTEUIL,,,Plein jour,En agglomération,Hors intersection,Normale,Autre collision,,,,,,,,,,,1,2,1,1,6
200700023384,0007-04-22 17:05:00,7,4,22,17,5,750,13,BPE GENTILLY ITALIE,,,Plein jour,En agglomération,Hors intersection,Normale,Autre collision,,,,,,,,,,,1,2,1,1,6
200700023385,0007-04-23 10:50:00,7,4,23,10,50,750,14,BPI ORLEANS CHATILLON,,,Plein jour,En agglomération,Hors intersection,Normale,Deux véhicules - arrière,,,,,,,,,,,1,2,1,1,2
200700023386,0007-04-24 07:50:00,7,4,24,7,50,750,18,BPE AUBERVILLIERS CHAPEL,,,Plein jour,En agglomération,Hors intersection,Normale,Deux véhicules - côté,,,,,,,,,,,1,2,1,1,3
200700023387,0007-04-24 09:15:00,7,4,24,9,15,750,18,BPE AUBERVILLIERS CHAPEL,,,Plein jour,En agglomération,Hors intersection,Normale,Trois véhicules et plus - en chaîne,,,,,,,,,,,1,2,1,1,4
200700023388,0007-04-25 08:10:00,7,4,25,8,10,750,12,BPE CHARENTON DOREE,,,Plein jour,En agglomération,Hors intersection,Normale,Trois véhicules et plus - en chaîne,,,,,,,,,,,1,2,1,1,4
200700023389,0007-04-25 17:00:00,7,4,25,17,0,750,16,BPE MAILLOT DAUPHINE,,,Plein jour,En agglomération,Hors intersection,Normale,Deux véhicules - côté,,,,,,,,,,,1,2,1,1,3
200700023390,0007-04-25 11:20:00,7,4,25,11,20,750,20,BPE MONTREUIL BAGNOLET,,,Plein jour,En agglomération,Hors intersection,Normale,Trois véhicules et plus - en chaîne,,,,,,,,,,,1,2,1,1,4
200700023391,0007-04-26 12:40:00,7,4,26,12,40,750,13,BPE ITALIE IVRY,,,Plein jour,En agglomération,Hors intersection,Normale,Deux véhicules - arrière,,,,,,,,,,,1,2,1,1,2
200700023392,0007-04-26 10:00:00,7,4,26,10,0,750,17,BPI MAILLOT TERNES,,,Plein jour,En agglomération,Hors intersection,Normale,Deux véhicules - arrière,,,,,,,,,,,1,2,1,1,2
200700023393,0007-04-27 14:15:00,7,4,27,14,15,750,13,BPE IVRY GARE,,,Plein jour,En agglomération,Hors intersection,Normale,Deux véhicules - côté,,,,,,,,,,,1,2,1,1,3
200700023394,0007-04-27 09:00:00,7,4,27,9,0,750,17,BPE CLICHY ASNIERES,,,Plein jour,En agglomération,Hors intersection,Normale,Autre collision,,,,,,,,,,,1,2,1,1,6
200700023395,0007-04-27 11:40:00,7,4,27,11,40,750,19,BPI PRE SAINT GERVAIS LI,,,Plein jour,En agglomération,Hors intersection,Normale,Sans collision,,,,,,,,,,,1,2,1,1,7
200700023396,0007-04-27 13:10:00,7,4,27,13,10,750,20,BPE MONTREUIL BAGNOLET E,,,Plein jour,En agglomération,Intersection en Y,Normale,Autre collision,,,,,,,,,,,1,2,4,1,6
200700023397,0007-04-28 11:30:00,7,4,28,11,30,750,16,BPE MOLITOR SAINT CLOUD,,,Plein jour,En agglomération,Hors intersection,Normale,Deux véhicules - arrière,,,,,,,,,,,1,2,1,1,2
200700023398,0007-04-08 18:30:00,7,4,8,18,30,750,17,R GUY MOQUET AV DE SAINT,,,Plein jour,En agglomération,Intersection en X,Normale,Deux véhicules - côté,,,,,,,,,,,1,2,2,1,3
200700023399,0007-04-02 18:35:00,7,4,2,18,35,750,14,R D ALESIA R LECUIROT,,,Plein jour,En agglomération,Intersection en T,Normale,Autre collision,,,,,,,,,,,1,2,3,1,6
200700023400,0007-04-02 19:25:00,7,4,2,19,25,750,17,R CARDINET AV DE CLICHY,,,Nuit avec éclairage allumé,En agglomération,Intersection en X,Normale,Autre collision,,,,,,,,,,,5,2,2,1,6
200700023401,0007-04-03 16:45:00,7,4,3,16,45,750,19,76 R DE CRIMEE,,,Plein jour,En agglomération,Hors intersection,Normale,Autre collision,,,,,,,,,,,1,2,1,1,6
200700023402,0007-04-05 11:15:00,7,4,5,11,15,750,18,R CARPEAUX R J DE MAISTR,,,Plein jour,En agglomération,Intersection en X,Normale,Autre collision,,,,,,,,,,,1,2,2,1,6
200700023403,0007-04-06 20:00:00,7,4,6,20,0,750,19,SOU VILLETTE,,,Nuit avec éclairage allumé,En agglomération,Hors intersection,Normale,Autre collision,,,,,,,,,,,5,2,1,1,6
200700023404,0007-04-06 23:55:00,7,4,6,23,55,750,20,R D AVRON BD DAVOUT,,,Nuit avec éclairage allumé,En agglomération,Intersection en X,Normale,Deux véhicules - côté,,,,,,,,,,,5,2,2,1,3
200700023405,0007-04-07 16:30:00,7,4,7,16,30,750,20,R DES PYRENEES R VITRUVE,,,Plein jour,En agglomération,Intersection en X,Normale,Autre collision,,,,,,,,,,,1,2,2,1,6
200700023406,0007-04-08 04:05:00,7,4,8,4,5,750,18,28 BD ORNANO,,,Nuit avec éclairage allumé,En agglomération,Hors intersection,Normale,Autre collision,,,,,,,,,,,5,2,1,1,6
200700023407,0007-04-08 19:30:00,7,4,8,19,30,750,12,QU DE LA RAPEE,,,Plein jour,En agglomération,Hors intersection,Normale,Deux véhicules - côté,,,,,,,,,,,1,2,1,1,3
200700023408,0007-04-10 10:40:00,7,4,10,10,40,750,15,BD DE GRENELLE QU DE GRE,,,Plein jour,En agglomération,Intersection en X,Normale,Deux véhicules - côté,,,,,,,,,,,1,2,2,1,3
200700023409,0007-04-11 15:10:00,7,4,11,15,10,750,7,41 BD DES INVALIDES,,,Plein jour,En agglomération,Hors intersection,Normale,Trois véhicules et plus - en chaîne,,,,,,,,,,,1,2,1,1,4
200700023410,0007-04-11 15:35:00,7,4,11,15,35,750,19,74 AV DE FLANDRE,,,Plein jour,En agglomération,Hors intersection,Normale,Autre collision,,,,,,,,,,,1,2,1,1,6
200700023411,0007-04-11 17:35:00,7,4,11,17,35,750,16,R DONIZETTI R LA FONTAIN,,,Plein jour,En agglomération,Intersection en X,Normale,Autre collision,,,,,,,,,,,1,2,2,1,6
200700023412,0007-04-12 19:30:00,7,4,12,19,30,750,15,110 R FALGUIERE,,,Plein jour,En agglomération,Hors intersection,Normale,Deux véhicules - arrière,,,,,,,,,,,1,2,1,1,2
200700023413,0007-04-13 19:35:00,7,4,13,19,35,750,16,R GUSTAVE NADAUD R DE LA,,,Plein jour,En agglomération,Intersection en X,Normale,Deux véhicules - côté,,,,,,,,,,,1,2,2,1,3
200700023414,0007-04-14 03:20:00,7,4,14,3,20,750,1,VO GEORGES POMPIDOU QU M,,,Nuit avec éclairage allumé,En agglomération,Intersection en Y,Normale,Deux véhicules - côté,,,,,,,,,,,5,2,4,1,3
200700023415,0007-04-16 15:15:00,7,4,16,15,15,750,17,PL PORTE MAILLOT,,,Plein jour,En agglomération,Hors intersection,Normale,Deux véhicules - côté,,,,,,,,,,,1,2,1,1,3
200700023416,0007-04-16 18:00:00,7,4,16,18,0,750,18,R D AUBERVILLIERS BD NEY,,,Plein jour,En agglomération,Intersection en X,Normale,Deux véhicules - côté,,,,,,,,,,,1,2,2,1,3
200700023417,0007-04-16 22:20:00,7,4,16,22,20,750,14,R FROIDEVAUX PL DENF ROC,,,Nuit avec éclairage allumé,En agglomération,Intersection en X,Normale,Deux véhicules - côté,,,,,,,,,,,5,2,2,1,3
200700023418,0007-04-16 23:10:00,7,4,16,23,10,750,17,R BERZELIUS AV DE CLICHY,,,Nuit avec éclairage allumé,En agglomération,Intersection en T,Normale,Deux véhicules - côté,,,,,,,,,,,5,2,3,1,3
200700023419,0007-04-18 09:58:00,7,4,18,9,58,750,15,R DE LA FEDERATION AV DE,,,Plein jour,En agglomération,Intersection en Y,Normale,Autre collision,,,,,,,,,,,1,2,4,1,6
200700023420,0007-04-19 16:45:00,7,4,19,16,45,750,13,R NEUVE TOLBIAC QU PAN E,,,Plein jour,En agglomération,Intersection en X,Normale,Deux véhicules - côté,,,,,,,,,,,1,2,2,1,3
200700023421,0007-04-20 16:55:00,7,4,20,16,55,750,1,4 R AMIRAL COLIGNY,,,Plein jour,En agglomération,Hors intersection,Normale,Autre collision,,,,,,,,,,,1,2,1,1,6
200700023422,0007-04-20 18:15:00,7,4,20,18,15,750,15,118 R FALGUIERE,,,Plein jour,En agglomération,Hors intersection,Normale,Autre collision,,,,,,,,,,,1,2,1,1,6
200700023423,0007-04-20 19:30:00,7,4,20,19,30,750,13,BPE IVRY GARE,,,Plein jour,En agglomération,Hors intersection,Normale,Deux véhicules - côté,,,,,,,,,,,1,2,1,1,3
200700023424,0007-04-21 00:25:00,7,4,21,0,25,750,17,L11164 AV PORTE DE CLICH,,,Nuit avec éclairage allumé,En agglomération,Hors intersection,Normale,Autre collision,,,,,,,,,,,5,2,1,1,6
200700023425,0007-04-21 17:30:00,7,4,21,17,30,750,13,40 BD SAINT MARCEL,,,Plein jour,En agglomération,Hors intersection,Normale,Autre collision,,,,,,,,,,,1,2,1,1,6
200700023426,0007-04-24 16:10:00,7,4,24,16,10,750,2,72 BD DE SEBASTOPOL,,,Plein jour,En agglomération,Hors intersection,Normale,Autre collision,,,,,,,,,,,1,2,1,1,6
200700023427,0007-04-25 15:40:00,7,4,25,15,40,750,17,18 R ANDRE BRECHET,,,Plein jour,En agglomération,Hors intersection,Normale,Deux véhicules - côté,,,,,,,,,,,1,2,1,1,3
200700023428,0007-04-25 19:05:00,7,4,25,19,5,750,15,90 R LECOURBE,,,Plein jour,En agglomération,Hors intersection,Normale,Autre collision,,,,,,,,,,,1,2,1,1,6
200700023429,0007-04-26 08:40:00,7,4,26,8,40,750,13,R BOBILLOT R MOULIN DES,,,Plein jour,En agglomération,Intersection à plus de 4 branches,Normale,Autre collision,,,,,,,,,,,1,2,5,1,6
200700023430,0007-04-26 14:40:00,7,4,26,14,40,750,5,7 QU SAINT BERNARD,,,Plein jour,En agglomération,Hors intersection,Normale,Deux véhicules - côté,,,,,,,,,,,1,2,1,1,3
200700023431,0007-04-26 15:40:00,7,4,26,15,40,750,13,R BOBILLOT R TOLBIAC,,,Plein jour,En agglomération,Intersection en X,Normale,Deux véhicules - côté,,,,,,,,,,,1,2,2,1,3
200700023432,0007-04-26 16:20:00,7,4,26,16,20,750,19,BD MAC DONALD,,,Plein jour,En agglomération,Hors intersection,Temps éblouissant,Autre collision,,,,,,,,,,,1,2,1,7,6
200700023433,0007-04-27 04:30:00,7,4,27,4,30,750,7,2 R BIXIO,,,Nuit avec éclairage allumé,En agglomération,Hors intersection,Normale,Sans collision,,,,,,,,,,,5,2,1,1,7
200700023434,0007-04-28 08:30:00,7,4,28,8,30,750,20,ECH BAGNOLET,,,Plein jour,En agglomération,Hors intersection,Normale,Autre collision,,,,,,,,,,,1,2,1,1,6
200700023435,0007-04-29 15:45:00,7,4,29,15,45,750,9,42 R CHAUSSEE D ANTIN,,,Plein jour,En agglomération,Hors intersection,Normale,Deux véhicules - arrière,,,,,,,,,,,1,2,1,1,2
200700023436,0007-04-30 01:40:00,7,4,30,1,40,750,11,R OBERKAMPF R PARMENTIER,,,Nuit avec éclairage allumé,En agglomération,Intersection en X,Normale,Deux véhicules - côté,,,,,,,,,,,5,2,2,1,3
200700023437,0007-04-08 14:25:00,7,4,8,14,25,760,476,"8, LAMARTINE (RUE)",,,Plein jour,En agglomération,Intersection en T,Normale,Autre collision,,,,,,,,,,,1,2,3,1,6
200700023438,0007-04-04 11:05:00,7,4,4,11,5,760,384,MARRECHAL LECLERC (AVENU,,,Plein jour,Hors agglomération,Intersection en T,Normale,Deux véhicules - côté,,,,,,,,,,,1,1,3,1,3
200700023439,0007-04-04 15:42:00,7,4,4,15,42,760,114,"15, JACQUES FAUQUET (RUE",,,Plein jour,En agglomération,Hors intersection,Normale,Autre collision,,,,,,,,,,,1,2,1,1,6
200700023440,0007-04-21 04:30:00,7,4,21,4,30,760,382,RN 15,,,Nuit sans éclairage public,Hors agglomération,Hors intersection,Normale,Autre collision,,,,,,,,,,,3,1,1,1,6
200700023441,0007-04-21 19:17:00,7,4,21,19,17,760,384,"1, COTE BLANCHE (ALLEE D",,,Plein jour,En agglomération,Hors intersection,Normale,Autre collision,,,,,,,,,,,1,2,1,1,6
200700023442,0007-04-03 14:45:00,7,4,3,14,45,760,414,D1,,,Plein jour,En agglomération,Hors intersection,Normale,Deux véhicules - frontale,,,,,,,,,,,1,2,1,1,1
200700023443,0007-04-05 20:10:00,7,4,5,20,10,760,217,"1, CLEMENCEAU (BOULEVARD",,,Crépuscule ou aube,En agglomération,Hors intersection,Normale,Deux véhicules - côté,,,,,,,,,,,2,2,1,1,3
200700023444,0007-04-12 11:55:00,7,4,12,11,55,760,217,"1, SAINT-LAURENT (RUE DU",,,Plein jour,En agglomération,Hors intersection,Normale,Autre collision,,,,,,,,,,,1,2,1,1,6
200700023445,0007-04-14 08:35:00,7,4,14,8,35,760,217,RD 925,,,Plein jour,Hors agglomération,Hors intersection,Normale,Sans collision,,,,,,,,,,,1,1,1,1,7
200700023446,0007-04-17 08:55:00,7,4,17,8,55,760,349,RD 925,,,Plein jour,En agglomération,Hors intersection,Normale,Autre collision,,,,,,,,,,,1,2,1,1,6
200700023447,0007-04-02 10:45:00,7,4,2,10,45,760,165,"0, REPUBLIQUE. RUE DE LA",,,Plein jour,En agglomération,Hors intersection,Normale,Autre collision,,,,,,,,,,,1,2,1,1,6
200700023448,0007-04-07 17:55:00,7,4,7,17,55,760,640,"0, SAULNIERS. RUE DES",,,Plein jour,En agglomération,Hors intersection,Normale,Deux véhicules - côté,,,,,,,,,,,1,2,1,1,3
200700023449,0007-04-17 19:35:00,7,4,17,19,35,760,682,"0, VILLAGE RUE DU",,,Plein jour,En agglomération,Hors intersection,Normale,Deux véhicules - frontale,,,,,,,,,,,1,2,1,1,1
200700023450,0007-04-30 21:15:00,7,4,30,21,15,760,165,"0, REPUBLIQUE. RUE DE LA",,,Plein jour,En agglomération,Intersection en T,Normale,Deux véhicules - côté,,,,,,,,,,,1,2,3,1,3
200700023451,0007-04-01 02:00:00,7,4,1,2,0,760,481,"1, CD 940",,,Nuit avec éclairage non allumé,En agglomération,Hors intersection,Normale,Autre collision,,,,,,,,,,,4,2,1,1,6
200700023452,0007-04-04 17:50:00,7,4,4,17,50,760,351,"21 bis, NEUSTRIE (DE)",,,Plein jour,En agglomération,Hors intersection,Normale,Deux véhicules - côté,,,,,,,,,,,1,2,1,1,3