accident_id,datetime,annee,mois,jour,heure,minute,departement,commune_insee,adresse,latitude,longitude,luminosite,agglomeration,intersection,meteo,collision,nb_vehicules,nb_usagers,nb_indemnes,nb_tues,nb_blesses_hosp,nb_blesses_legers,age_cond_1,age_cond_2,veh_type_cond_1,veh_type_cond_2,lum_code,agg_code,int_code,atm_code,col_code
200700023453,0007-04-06 09:40:00,7,4,6,9,40,760,351,"1, CASIMIR DELAVIGNE",,,Plein jour,En agglomération,Intersection en T,Normale,Deux véhicules - côté,,,,,,,,,,,1,2,3,1,3
200700023454,0007-04-07 14:00:00,7,4,7,14,0,760,351,"34, ROUGET DE LISLE (AVE",,,Plein jour,En agglomération,Intersection en X,Normale,Deux véhicules - côté,,,,,,,,,,,1,2,2,1,3
200700023455,0007-04-07 18:00:00,7,4,7,18,0,760,481,"12, MONTIVILLIERS (ROUTE",,,Plein jour,En agglomération,Hors intersection,Normale,Deux véhicules - frontale,,,,,,,,,,,1,2,1,1,1
200700023456,0007-04-08 01:00:00,7,4,8,1,0,760,351,"1, NATIONALE 282",,,Nuit avec éclairage allumé,Hors agglomération,Hors intersection,Normale,Deux véhicules - frontale,,,,,,,,,,,5,1,1,1,1
200700023457,0007-04-08 17:22:00,7,4,8,17,22,760,447,"95 bis, MARECHAL FOCH",,,Plein jour,En agglomération,Hors intersection,Normale,Autre collision,,,,,,,,,,,1,2,1,1,6
200700023458,0007-04-10 21:20:00,7,4,10,21,20,760,351,"32, FERNAND CHATEL",,,Nuit avec éclairage non allumé,En agglomération,Hors intersection,Normale,Autre collision,,,,,,,,,,,4,2,1,1,6
200700023459,0007-04-13 13:00:00,7,4,13,13,0,760,351,"153, STRASBOURG (DU1 AU",,,Plein jour,En agglomération,Hors intersection,Normale,Autre collision,,,,,,,,,,,1,2,1,1,6
200700023460,0007-04-14 14:30:00,7,4,14,14,30,760,351,"61, COCHET",,,Plein jour,En agglomération,Hors intersection,Normale,Autre collision,,,,,,,,,,,1,2,1,1,6
200700023461,0007-04-17 14:00:00,7,4,17,14,0,760,351,"0, ALPHONSE MARTIN",,,Plein jour,En agglomération,Intersection en X,Normale,Deux véhicules - côté,,,,,,,,,,,1,2,2,1,3
200700023462,0007-04-18 10:50:00,7,4,18,10,50,760,351,"1, GENERAL LECLERC",,,Plein jour,En agglomération,Intersection en T,Normale,Autre collision,,,,,,,,,,,1,2,3,1,6
200700023463,0007-04-19 18:30:00,7,4,19,18,30,760,351,"85, FRILEUSE (AVENUE DE)",,,Plein jour,En agglomération,Hors intersection,Normale,Deux véhicules - côté,,,,,,,,,,,1,2,1,1,3
200700023464,0007-04-21 12:30:00,7,4,21,12,30,760,351,"280, FELIX FAURE",,,Plein jour,En agglomération,Hors intersection,Normale,Deux véhicules - frontale,,,,,,,,,,,1,2,1,1,1
200700023465,0007-04-22 18:20:00,7,4,22,18,20,760,481,"1, CD 940",,,Plein jour,Hors agglomération,Intersection en T,Normale,Trois véhicules et plus - collisions multiples,,,,,,,,,,,1,1,3,1,5
200700023466,0007-04-23 07:30:00,7,4,23,7,30,760,351,"0, HOTEL DE VILLE (PLACE",,,Plein jour,En agglomération,Intersection en X,Normale,Autre collision,,,,,,,,,,,1,2,2,1,6
200700023467,0007-04-23 16:45:00,7,4,23,16,45,760,351,"31, WINSTON CHURCHILL",,,Plein jour,En agglomération,Autre intersection,Normale,Deux véhicules - arrière,,,,,,,,,,,1,2,9,1,2
200700023468,0007-04-01 14:00:00,7,4,1,14,0,760,497,RN 138,,,Plein jour,Hors agglomération,Hors intersection,Normale,Trois véhicules et plus - en chaîne,,,,,,,,,,,1,1,1,1,4
200700023469,0007-04-06 15:45:00,7,4,6,15,45,760,575,"6, RENAN. RUE ERNEST",,,Plein jour,En agglomération,Hors intersection,Normale,Autre collision,,,,,,,,,,,1,2,1,1,6
200700023470,0007-04-07 16:25:00,7,4,7,16,25,760,540,"1, LECANUET. RUE JEAN",,,Plein jour,En agglomération,Hors intersection,Normale,Deux véhicules - côté,,,,,,,,,,,1,2,1,1,3
200700023471,0007-04-07 22:53:00,7,4,7,22,53,760,540,MARNE. BOULEVARD DE LA,,,Nuit avec éclairage allumé,En agglomération,Hors intersection,Normale,Deux véhicules - côté,,,,,,,,,,,5,2,1,1,3
200700023472,0007-04-07 14:20:00,7,4,7,14,20,760,681,"1, GUESDE. RUE JULES",,,Plein jour,En agglomération,Hors intersection,Normale,Sans collision,,,,,,,,,,,1,2,1,1,7
200700023473,0007-04-08 19:00:00,7,4,8,19,0,760,457,"1, MOGUEN. RUE LOUIS",,,Plein jour,En agglomération,Hors intersection,Normale,Deux véhicules - arrière,,,,,,,,,,,1,2,1,1,2
200700023474,0007-04-08 11:10:00,7,4,8,11,10,760,103,"55, PARIS. ROUTE DE",,,Plein jour,En agglomération,Hors intersection,Normale,Deux véhicules - arrière,,,,,,,,,,,1,2,1,1,2
200700023475,0007-04-08 21:15:00,7,4,8,21,15,760,540,"1, EUROPE. BOULEVARD DE",,,Nuit avec éclairage allumé,En agglomération,Hors intersection,Normale,Deux véhicules - arrière,,,,,,,,,,,5,2,1,1,2
200700023476,0007-04-09 05:30:00,7,4,9,5,30,760,540,"1, BOISGUILBERT. QUAI DE",,,Nuit avec éclairage allumé,En agglomération,Hors intersection,Normale,Sans collision,,,,,,,,,,,5,2,1,1,7
200700023477,0007-04-11 03:45:00,7,4,11,3,45,760,540,"1, REPUBLIQUE. PLACE DE",,,Nuit avec éclairage allumé,En agglomération,Hors intersection,Normale,Sans collision,,,,,,,,,,,5,2,1,1,7
200700023478,0007-04-10 08:05:00,7,4,10,8,5,760,157,"1, PETIT AULNAY. RUE DU",,,Plein jour,En agglomération,Intersection en T,Normale,Trois véhicules et plus - collisions multiples,,,,,,,,,,,1,2,3,1,5
200700023479,0007-04-10 08:15:00,7,4,10,8,15,760,497,"1, ROUVRAY. RUE DU",,,Plein jour,En agglomération,Intersection en T,Brouillard / fumée,Sans collision,,,,,,,,,,,1,2,3,5,7
200700023480,0007-04-10 07:15:00,7,4,10,7,15,760,322,LECLERC. AVENUE DU MAREC,,,Crépuscule ou aube,En agglomération,Hors intersection,Normale,Deux véhicules - arrière,,,,,,,,,,,2,2,1,1,2
200700023481,0007-04-11 09:00:00,7,4,11,9,0,760,95,"1, PETITE BOUVERIE. RUE",,,Plein jour,En agglomération,Giratoire,Normale,Deux véhicules - côté,,,,,,,,,,,1,2,6,1,3
200700023482,0007-04-13 04:35:00,7,4,13,4,35,760,540,"1, LESSEPS. BOULEVARD FE",,,Nuit sans éclairage public,En agglomération,Hors intersection,Normale,Autre collision,,,,,,,,,,,3,2,1,1,6
200700023483,0007-04-15 02:50:00,7,4,15,2,50,760,410,DIEPPE. ROUTE DE (RN 27),,,Nuit avec éclairage allumé,En agglomération,Hors intersection,Normale,Deux véhicules - côté,,,,,,,,,,,5,2,1,1,3
200700023484,0007-04-15 12:30:00,7,4,15,12,30,760,540,"1, GUILLAUME LE CONQUERA",,,Plein jour,En agglomération,Hors intersection,Normale,Trois véhicules et plus - collisions multiples,,,,,,,,,,,1,2,1,1,5
200700023485,0007-04-15 17:00:00,7,4,15,17,0,760,212,"18, BELGES. RUE DES",,,Plein jour,En agglomération,Hors intersection,Normale,Autre collision,,,,,,,,,,,1,2,1,1,6
200700023486,0007-04-16 08:00:00,7,4,16,8,0,760,540,"7, MAIL. RUE DU",,,Plein jour,En agglomération,Hors intersection,Normale,Deux véhicules - arrière,,,,,,,,,,,1,2,1,1,2
200700023487,0007-04-18 15:45:00,7,4,18,15,45,760,540,"55, MAIL. RUE DU",,,Plein jour,En agglomération,Intersection en T,Normale,Deux véhicules - côté,,,,,,,,,,,1,2,3,1,3
200700023488,0007-04-18 19:40:00,7,4,18,19,40,760,322,"1, COTY. AVENUE RENE",,,Plein jour,En agglomération,Hors intersection,Normale,Deux véhicules - côté,,,,,,,,,,,1,2,1,1,3
200700023489,0007-04-19 16:25:00,7,4,19,16,25,760,319,"1, FOCH. AVENUE DU MAREC",,,Plein jour,En agglomération,Intersection en T,Normale,Deux véhicules - côté,,,,,,,,,,,1,2,3,1,3
200700023490,0007-04-20 07:50:00,7,4,20,7,50,760,540,"1, GARAGE MUNICIPAL (ROU",,,Plein jour,En agglomération,Hors intersection,Normale,Deux véhicules - arrière,,,,,,,,,,,1,2,1,1,2
200700023491,0007-04-20 18:00:00,7,4,20,18,0,760,540,RN 28,,,Plein jour,En agglomération,Hors intersection,Temps éblouissant,Deux véhicules - côté,,,,,,,,,,,1,2,1,7,3
200700023492,0007-04-23 05:50:00,7,4,23,5,50,760,540,BETHENCOURT. BOULEVARD J,,,Crépuscule ou aube,En agglomération,Intersection en X,Normale,Deux véhicules - côté,,,,,,,,,,,2,2,2,1,3
200700023493,0007-04-23 13:15:00,7,4,23,13,15,760,157,CD 982 (RUE DE DUCLAIR),,,Plein jour,Hors agglomération,Hors intersection,Normale,Deux véhicules - arrière,,,,,,,,,,,1,1,1,1,2
200700023494,0007-04-24 16:00:00,7,4,24,16,0,760,540,"26, GAMBETTA. BOULEVARD",,,Plein jour,En agglomération,Hors intersection,Normale,Deux véhicules - arrière,,,,,,,,,,,1,2,1,1,2
200700023495,0007-04-25 21:10:00,7,4,25,21,10,760,681,"148, CORNEILLE. RUE PIER",,,Nuit avec éclairage allumé,En agglomération,Hors intersection,Normale,Sans collision,,,,,,,,,,,5,2,1,1,7
200700023496,0007-04-25 15:00:00,7,4,25,15,0,760,540,GUILLAUME LE CONQUERANT.,,,Plein jour,En agglomération,Intersection en X,Normale,Deux véhicules - côté,,,,,,,,,,,1,2,2,1,3
200700023497,0007-04-26 10:00:00,7,4,26,10,0,760,575,INDUSTRIE. RUE DE L',,,Plein jour,En agglomération,Hors intersection,Normale,Deux véhicules - côté,,,,,,,,,,,1,2,1,1,3
200700023498,0007-04-25 17:15:00,7,4,25,17,15,760,498,"20, GIRARDIN. BOULEVARD",,,Plein jour,En agglomération,Hors intersection,Normale,Deux véhicules - arrière,,,,,,,,,,,1,2,1,1,2
200700023499,0007-04-09 20:00:00,7,4,9,20,0,770,108,"1, NAST (RUE GUSTAVE)",,,Plein jour,En agglomération,Hors intersection,Normale,Deux véhicules - frontale,,,,,,,,,,,1,2,1,1,1
200700023500,0007-04-11 10:00:00,7,4,11,10,0,770,108,"5, NAST (RUE GUSTAVE)",,,Plein jour,En agglomération,Hors intersection,Normale,Autre collision,,,,,,,,,,,1,2,1,1,6
200700023501,0007-04-18 19:00:00,7,4,18,19,0,770,139,ORMEAUX (RUE DES),,,Plein jour,En agglomération,Hors intersection,Normale,Autre collision,,,,,,,,,,,1,2,1,1,6
200700023502,0007-04-02 22:05:00,7,4,2,22,5,770,18,MARSANGE ( BOULEVARD DE,,,Nuit avec éclairage allumé,En agglomération,Intersection en T,Normale,Deux véhicules - côté,,,,,,,,,,,5,2,3,1,3
200700023503,0007-04-02 09:30:00,7,4,2,9,30,770,131,D402 (DEVIATION),,,Plein jour,Hors agglomération,Hors intersection,Normale,Deux véhicules - arrière,,,,,,,,,,,1,1,1,1,2
200700023504,0007-04-05 11:40:00,7,4,5,11,40,770,131,"41, ORGEVAL (RUE DE L')",,,Plein jour,En agglomération,Intersection en X,Normale,Deux véhicules - côté,,,,,,,,,,,1,2,2,1,3
200700023505,0007-04-11 06:20:00,7,4,11,6,20,770,131,"28, MARCEL CLAVIER (RUE)",,,Nuit avec éclairage allumé,En agglomération,Hors intersection,Normale,Deux véhicules - frontale,,,,,,,,,,,5,2,1,1,1
200700023506,0007-04-11 19:00:00,7,4,11,19,0,770,131,"1, BRISEBECHE (RUE DE LA",,,Plein jour,En agglomération,Hors intersection,Temps éblouissant,Deux véhicules - côté,,,,,,,,,,,1,2,1,7,3
200700023507,0007-04-26 16:55:00,7,4,26,16,55,770,131,"1, LORINETTES (AVENUE DE",,,Plein jour,En agglomération,Hors intersection,Normale,Deux véhicules - arrière,,,,,,,,,,,1,2,1,1,2
200700023508,0007-04-05 17:15:00,7,4,5,17,15,770,186,BERANGER (RUE),,,Plein jour,En agglomération,Intersection en X,Normale,Sans collision,,,,,,,,,,,1,2,2,1,7
200700023509,0007-04-07 23:35:00,7,4,7,23,35,770,186,RD606. de la rochette à,,,Nuit sans éclairage public,Hors agglomération,Intersection en X,Normale,Deux véhicules - côté,,,,,,,,,,,3,1,2,1,3
200700023510,0007-04-09 18:35:00,7,4,9,18,35,770,186,RD 142 Glandée au grand,,,Plein jour,Hors agglomération,Intersection en X,Normale,Trois véhicules et plus - collisions multiples,,,,,,,,,,,1,1,2,1,5
200700023511,0007-04-01 14:05:00,7,4,1,14,5,770,284,COSMONAUTES (BD.DES),,,Plein jour,En agglomération,Hors intersection,Normale,Autre collision,,,,,,,,,,,1,2,1,1,6
200700023512,0007-04-02 09:45:00,7,4,2,9,45,770,330,A 140,,,Plein jour,Hors agglomération,Autre intersection,Normale,Deux véhicules - arrière,,,,,,,,,,,1,1,9,1,2
200700023513,0007-04-02 10:10:00,7,4,2,10,10,770,284,VICTOIRE (AV.DE LA),,,Plein jour,En agglomération,Hors intersection,Normale,Deux véhicules - côté,,,,,,,,,,,1,2,1,1,3
200700023514,0007-04-04 20:10:00,7,4,4,20,10,770,284,"12, DUNANT (AVENUE HENRI",,,Plein jour,En agglomération,Hors intersection,Normale,Sans collision,,,,,,,,,,,1,2,1,1,7
200700023515,0007-04-08 14:45:00,7,4,8,14,45,770,284,"44, ALLENDE (AV.SALVADOR",,,Plein jour,En agglomération,Hors intersection,Normale,Deux véhicules - côté,,,,,,,,,,,1,2,1,1,3
200700023516,0007-04-10 09:00:00,7,4,10,9,0,770,284,VICTOIRE (AV.DE LA),,,Plein jour,En agglomération,Autre intersection,Normale,Deux véhicules - côté,,,,,,,,,,,1,2,9,1,3
200700023517,0007-04-17 10:40:00,7,4,17,10,40,770,513,CARNOT SADI (RUE),,,Plein jour,En agglomération,Intersection en T,Normale,Deux véhicules - côté,,,,,,,,,,,1,2,3,1,3
200700023518,0007-04-21 17:40:00,7,4,21,17,40,770,284,VICTOIRE (AV.DE LA),,,Plein jour,En agglomération,Hors intersection,Normale,Deux véhicules - côté,,,,,,,,,,,1,2,1,1,3
200700023519,0007-04-22 17:45:00,7,4,22,17,45,770,284,"18, APPEL DU 18 JUIN 194",,,Plein jour,En agglomération,Hors intersection,Normale,Deux véhicules - arrière,,,,,,,,,,,1,2,1,1,2
200700023520,0007-04-24 06:00:00,7,4,24,6,0,770,276,CD N°436,,,Nuit sans éclairage public,Hors agglomération,Hors intersection,Normale,Deux véhicules - côté,,,,,,,,,,,3,1,1,1,3
200700023521,0007-04-25 17:50:00,7,4,25,17,50,770,276,QUINCY (ROUTE DE ),,,Plein jour,Hors agglomération,Hors intersection,Normale,Trois véhicules et plus - collisions multiples,,,,,,,,,,,1,1,1,1,5
200700023522,0007-04-05 06:35:00,7,4,5,6,35,770,288,R.N 105 MELUN NORD,,,Nuit sans éclairage public,Hors agglomération,Hors intersection,Normale,Sans collision,,,,,,,,,,,3,1,1,1,7
200700023523,0007-04-18 04:25:00,7,4,18,4,25,770,288,D.306,,,Nuit sans éclairage public,En agglomération,Hors intersection,Normale,Deux véhicules - frontale,,,,,,,,,,,3,2,1,1,1
200700023524,0007-04-10 16:18:00,7,4,10,16,18,770,292,MOULIGNON (RUE DE),,,Plein jour,En agglomération,Hors intersection,Normale,Autre collision,,,,,,,,,,,1,2,1,1,6
200700023525,0007-04-16 22:25:00,7,4,16,22,25,770,294,ROGER SALLENGRO (RUE),,,Nuit avec éclairage allumé,En agglomération,Hors intersection,Normale,Deux véhicules - frontale,,,,,,,,,,,5,2,1,1,1
200700023526,0007-04-18 15:30:00,7,4,18,15,30,770,214,212 (CHEMIN DEPARTEMENTA,,,Plein jour,En agglomération,Hors intersection,Normale,Deux véhicules - côté,,,,,,,,,,,1,2,1,1,3
200700023527,0007-04-25 23:33:00,7,4,25,23,33,770,294,C.D. 84,,,Nuit sans éclairage public,Hors agglomération,Hors intersection,Normale,Sans collision,,,,,,,,,,,3,1,1,1,7
200700023528,0007-04-28 19:14:00,7,4,28,19,14,770,462,TROIS VILLES (RUE DES),,,Plein jour,En agglomération,Hors intersection,Normale,Sans collision,,,,,,,,,,,1,2,1,1,7
200700023529,0007-04-02 08:20:00,7,4,2,8,20,770,251,SCHOELCHER ( BOULEVARD),,,Plein jour,En agglomération,Hors intersection,Normale,Autre collision,,,,,,,,,,,1,2,1,1,6
200700023530,0007-04-23 16:40:00,7,4,23,16,40,770,122,EUROPE ( Boulevard de l',,,Plein jour,En agglomération,Hors intersection,Normale,Deux véhicules - côté,,,,,,,,,,,1,2,1,1,3
200700023531,0007-04-13 07:40:00,7,4,13,7,40,770,210,C 5,,,Plein jour,Hors agglomération,Intersection en X,Normale,Deux véhicules - côté,,,,,,,,,,,1,1,2,1,3
200700023532,0007-04-20 19:40:00,7,4,20,19,40,770,210,MORIOT CLOVIS (RUE),,,Plein jour,En agglomération,Hors intersection,Normale,Deux véhicules - côté,,,,,,,,,,,1,2,1,1,3
200700023533,0007-04-20 23:09:00,7,4,20,23,9,770,305,POMPIDOU (PONT GEORGES),,,Nuit sans éclairage public,En agglomération,Giratoire,Normale,Autre collision,,,,,,,,,,,3,2,6,1,6
200700023534,0007-04-29 14:40:00,7,4,29,14,40,770,172,C 3,,,Plein jour,Hors agglomération,Hors intersection,Normale,Sans collision,,,,,,,,,,,1,1,1,1,7
200700023535,0007-04-03 13:20:00,7,4,3,13,20,770,333,"11, MOULIN (AVENUE JEAN)",,,Plein jour,En agglomération,Hors intersection,Normale,Autre collision,,,,,,,,,,,1,2,1,1,6
200700023536,0007-04-17 17:55:00,7,4,17,17,55,770,468,GERARD PHILIPE (RUE),,,Plein jour,En agglomération,Autre intersection,Normale,Deux véhicules - côté,,,,,,,,,,,1,2,9,1,3
200700023537,0007-04-28 22:15:00,7,4,28,22,15,770,390,MALIBRAN (AVENUE DE LA),,,Nuit avec éclairage allumé,En agglomération,Hors intersection,Normale,Deux véhicules - frontale,,,,,,,,,,,5,2,1,1,1
200700023538,0007-04-18 11:00:00,7,4,18,11,0,770,350,GENERAL LECLERC (AVENUE,,,Plein jour,En agglomération,Hors intersection,Normale,Deux véhicules - côté,,,,,,,,,,,1,2,1,1,3
200700023539,0007-04-21 18:05:00,7,4,21,18,5,770,249,CD 51,,,Plein jour,Hors agglomération,Hors intersection,Normale,Sans collision,,,,,,,,,,,1,1,1,1,7
200700023540,0007-04-20 16:50:00,7,4,20,16,50,770,390,MALIBRAN (AVENUE DE LA),,,Plein jour,En agglomération,Hors intersection,Normale,Sans collision,,,,,,,,,,,1,2,1,1,7
200700023541,0007-04-28 12:00:00,7,4,28,12,0,770,350,AMADEUS MOZART (ROND POI,,,Plein jour,En agglomération,Giratoire,Normale,Deux véhicules - côté,,,,,,,,,,,1,2,6,1,3
200700023542,0007-04-28 21:35:00,7,4,28,21,35,770,373,"79, BEAUSEJOUR (AVENUE D",,,Nuit avec éclairage allumé,En agglomération,Hors intersection,Normale,Autre collision,,,,,,,,,,,5,2,1,1,6
200700023543,0007-04-24 20:10:00,7,4,24,20,10,770,350,ANCIENS COMBATTANTS D'AF,,,Plein jour,En agglomération,Hors intersection,Normale,Deux véhicules - côté,,,,,,,,,,,1,2,1,1,3
200700023544,0007-04-28 21:40:00,7,4,28,21,40,770,373,"79, BEAUSEJOUR (AVENUE D",,,Nuit avec éclairage allumé,En agglomération,Hors intersection,Normale,Autre collision,,,,,,,,,,,5,2,1,1,6
200700023545,0007-04-19 19:55:00,7,4,19,19,55,770,373,PARIS (RUE DE- RN 4 ),,,Plein jour,En agglomération,Giratoire,Normale,Deux véhicules - côté,,,,,,,,,,,1,2,6,1,3
200700023546,0007-04-29 17:50:00,7,4,29,17,50,770,390,"3, SEPTIEME AVENUE",,,Plein jour,En agglomération,Hors intersection,Pluie forte,Autre collision,,,,,,,,,,,1,2,1,3,6
200700023547,0007-04-30 11:10:00,7,4,30,11,10,770,73,DEPARTEMENTALE 1 (ROUTE),,,Plein jour,Hors agglomération,Hors intersection,Normale,Deux véhicules - frontale,,,,,,,,,,,1,1,1,1,1
200700023548,0007-04-05 14:45:00,7,4,5,14,45,770,514,GENERAL DE GAULLE (AVENU,,,Plein jour,En agglomération,Intersection en X,Normale,Deux véhicules - côté,,,,,,,,,,,1,2,2,1,3
200700023549,0007-04-05 20:10:00,7,4,5,20,10,780,172,RN 184,,,Crépuscule ou aube,Hors agglomération,Hors intersection,Normale,Sans collision,,,,,,,,,,,2,1,1,1,7
200700023550,0007-04-13 16:45:00,7,4,13,16,45,780,172,"38, POLOGNE (RUE DE)",,,Plein jour,En agglomération,Hors intersection,Normale,Sans collision,,,,,,,,,,,1,2,1,1,7
200700023551,0007-04-12 11:30:00,7,4,12,11,30,780,172,"0, PERI (AVENUE GABRIEL)",,,Plein jour,En agglomération,Intersection en T,Normale,Deux véhicules - côté,,,,,,,,,,,1,2,3,1,3
200700023552,0007-04-05 14:05:00,7,4,5,14,5,780,138,"0, ELLIPSE (RUE DE L')",,,Plein jour,En agglomération,Intersection en T,Normale,Sans collision,,,,,,,,,,,1,2,3,1,7
200700023553,0007-04-05 07:00:00,7,4,5,7,0,780,5,"0, RD 30",,,Plein jour,Hors agglomération,Hors intersection,Normale,Sans collision,,,,,,,,,,,1,1,1,1,7
200700023554,0007-04-23 13:25:00,7,4,23,13,25,780,138,"01, POISSY (AVENUE DE)",,,Plein jour,En agglomération,Intersection en X,Normale,Deux véhicules - côté,,,,,,,,,,,1,2,2,1,3
200700023555,0007-04-23 11:30:00,7,4,23,11,30,780,172,"0, FOCH (AVENUE DU MAREC",,,Plein jour,En agglomération,Hors intersection,Normale,Trois véhicules et plus - en chaîne,,,,,,,,,,,1,2,1,1,4
200700023556,0007-04-30 19:55:00,7,4,30,19,55,780,172,"0, RD POINT AMBASSADEUR/",,,Plein jour,En agglomération,Intersection en X,Normale,Deux véhicules - côté,,,,,,,,,,,1,2,2,1,3
200700023557,0007-04-04 14:00:00,7,4,4,14,0,780,208,"0, VILLEDIEU (AVENUE DE",,,Plein jour,En agglomération,Hors intersection,Normale,Trois véhicules et plus - en chaîne,,,,,,,,,,,1,2,1,1,4
200700023558,0007-04-05 10:10:00,7,4,5,10,10,780,383,"0, FOREZ (AVENUE DU)",,,Plein jour,En agglomération,Intersection en X,Normale,Sans collision,,,,,,,,,,,1,2,2,1,7
200700023559,0007-04-07 19:35:00,7,4,7,19,35,780,383,GALOIS (RUE),,,Plein jour,En agglomération,Hors intersection,Normale,Sans collision,,,,,,,,,,,1,2,1,1,7
200700023560,0007-04-12 14:15:00,7,4,12,14,15,780,168,JACQUARD (RUE),,,Plein jour,En agglomération,Intersection en T,Normale,Deux véhicules - côté,,,,,,,,,,,1,2,3,1,3
200700023561,0007-04-13 13:10:00,7,4,13,13,10,780,383,CLAUDE BERNARD (RUE),,,Plein jour,En agglomération,Intersection en T,Normale,Deux véhicules - côté,,,,,,,,,,,1,2,3,1,3
200700023562,0007-04-18 11:55:00,7,4,18,11,55,780,168,NATIONALE 10 (ROUTE),,,Plein jour,En agglomération,Intersection en T,Normale,Sans collision,,,,,,,,,,,1,2,3,1,7
200700023563,0007-04-05 19:25:00,7,4,5,19,25,780,297,CD 91,,,Plein jour,Hors agglomération,Hors intersection,Normale,Autre collision,,,,,,,,,,,1,1,1,1,6
200700023564,0007-04-10 17:35:00,7,4,10,17,35,780,423,"ignoré, QUATRE PAVES DU",,,Plein jour,En agglomération,Hors intersection,Normale,Deux véhicules - côté,,,,,,,,,,,1,2,1,1,3
200700023565,0007-04-19 09:30:00,7,4,19,9,30,780,297,"., ROND POINT DES SAULES",,,Plein jour,En agglomération,Hors intersection,Normale,Autre collision,,,,,,,,,,,1,2,1,1,6
200700023566,0007-04-14 21:40:00,7,4,14,21,40,780,423,"IGNORE, GAVARNIE (RUE DE",,,Nuit avec éclairage allumé,En agglomération,Hors intersection,Normale,Autre collision,,,,,,,,,,,5,2,1,1,6
200700023567,0007-04-23 16:20:00,7,4,23,16,20,780,423,VOLTA (AVENUE),,,Plein jour,En agglomération,Intersection en T,Normale,Deux véhicules - arrière,,,,,,,,,,,1,2,3,1,2
200700023568,0007-04-23 09:25:00,7,4,23,9,25,780,297,"., MONNET (RUE JEAN)",,,Plein jour,En agglomération,Hors intersection,Normale,Autre collision,,,,,,,,,,,1,2,1,1,6
200700023569,0007-04-04 17:05:00,7,4,4,17,5,780,423,"2, FUNES (RUE LOUIS DE)",,,Plein jour,En agglomération,Hors intersection,Normale,Autre collision,,,,,,,,,,,1,2,1,1,6
200700023570,0007-04-25 13:40:00,7,4,25,13,40,780,423,"., POMPIDOU (PLACE GEORG",,,Plein jour,En agglomération,Hors intersection,Temps éblouissant,Autre collision,,,,,,,,,,,1,2,1,7,6
200700023571,0007-04-24 12:15:00,7,4,24,12,15,780,423,"ignoré, ABOUT (AVENUE NI",,,Plein jour,En agglomération,Hors intersection,Normale,Deux véhicules - arrière,,,,,,,,,,,1,2,1,1,2
200700023572,0007-04-30 14:35:00,7,4,30,14,35,780,311,"99, EMILE ZOLA (BOULEVAR",,,Plein jour,En agglomération,Hors intersection,Normale,Deux véhicules - côté,,,,,,,,,,,1,2,1,1,3
200700023573,0007-04-01 17:45:00,7,4,1,17,45,780,396,"0, PECQ (ROUTE DU)",,,Plein jour,Hors agglomération,Hors intersection,Normale,Deux véhicules - arrière,,,,,,,,,,,1,1,1,1,2
200700023574,0007-04-07 17:30:00,7,4,7,17,30,780,361,Boulevard Maréchal Juin,,,Plein jour,En agglomération,Hors intersection,Normale,Deux véhicules - côté,,,,,,,,,,,1,2,1,1,3
200700023575,0007-04-19 12:15:00,7,4,19,12,15,780,361,PLACE ARISTIDE BRIAND,,,Plein jour,En agglomération,Place,Normale,Sans collision,,,,,,,,,,,1,2,7,1,7
200700023576,0007-04-25 22:50:00,7,4,25,22,50,780,502,SIMON VOUET (AVENUE),,,Nuit avec éclairage allumé,En agglomération,Hors intersection,Normale,Deux véhicules - côté,,,,,,,,,,,5,2,1,1,3
200700023577,0007-04-04 14:10:00,7,4,4,14,10,780,440,JEAN JAURES  (RUE),,,Plein jour,En agglomération,Hors intersection,Normale,Deux véhicules - arrière,,,,,,,,,,,1,2,1,1,2
200700023578,0007-04-02 13:20:00,7,4,2,13,20,780,401,"39, LECUYER (COTE)",,,Plein jour,En agglomération,Hors intersection,Normale,Sans collision,,,,,,,,,,,1,2,1,1,7
200700023579,0007-04-09 16:05:00,7,4,9,16,5,780,440,CENTRE ESPACE,,,Plein jour,En agglomération,Hors intersection,Normale,Autre collision,,,,,,,,,,,1,2,1,1,6
200700023580,0007-04-10 10:20:00,7,4,10,10,20,780,238,CD 113,,,Plein jour,Hors agglomération,Intersection en X,Normale,Deux véhicules - arrière,,,,,,,,,,,1,1,2,1,2
200700023581,0007-04-11 11:00:00,7,4,11,11,0,780,638,"97, GENERAL DE GAULLE (R",,,Plein jour,En agglomération,Hors intersection,Normale,Sans collision,,,,,,,,,,,1,2,1,1,7
200700023582,0007-04-16 20:15:00,7,4,16,20,15,780,440,VERNEUIL (ROUTE DE),,,Plein jour,Hors agglomération,Intersection en X,Normale,Deux véhicules - côté,,,,,,,,,,,1,1,2,1,3
200700023583,0007-04-22 17:25:00,7,4,22,17,25,780,238,"51, GENERAL DE GAULLE (R",,,Plein jour,En agglomération,Hors intersection,Normale,Deux véhicules - côté,,,,,,,,,,,1,2,1,1,3
200700023584,0007-04-27 18:20:00,7,4,27,18,20,780,440,"15/17, MADELEINE ROCH (R",,,Plein jour,En agglomération,Hors intersection,Normale,Sans collision,,,,,,,,,,,1,2,1,1,7
200700023585,0007-04-01 19:00:00,7,4,1,19,0,780,165,VIGNES (CHEMIN DES),,,Plein jour,En agglomération,Hors intersection,Normale,Trois véhicules et plus - en chaîne,,,,,,,,,,,1,2,1,1,4
200700023586,0007-04-02 14:46:00,7,4,2,14,46,780,490,CD 30,,,Plein jour,En agglomération,Hors intersection,Normale,Sans collision,,,,,,,,,,,1,2,1,1,7