accident_id,datetime,annee,mois,jour,heure,minute,departement,commune_insee,adresse,latitude,longitude,luminosite,agglomeration,intersection,meteo,collision,nb_vehicules,nb_usagers,nb_indemnes,nb_tues,nb_blesses_hosp,nb_blesses_legers,age_cond_1,age_cond_2,veh_type_cond_1,veh_type_cond_2,lum_code,agg_code,int_code,atm_code,col_code
200700023587,0007-04-16 18:55:00,7,4,16,18,55,780,490,"1, HUIT MAI 45 (CARREFOU",,,Plein jour,En agglomération,Hors intersection,Normale,Autre collision,,,,,,,,,,,1,2,1,1,6
200700023588,0007-04-23 17:50:00,7,4,23,17,50,780,490,"7, SAINT GERMAIN (AVENUE",,,Plein jour,En agglomération,Hors intersection,Normale,Deux véhicules - côté,,,,,,,,,,,1,2,1,1,3
200700023589,0007-04-27 18:30:00,7,4,27,18,30,780,490,SAINT GERMAIN (AVENUE DE,,,Plein jour,En agglomération,Giratoire,Normale,Sans collision,,,,,,,,,,,1,2,6,1,7
200700023590,0007-04-29 19:50:00,7,4,29,19,50,780,490,"1, PETIT ST CLOUD (ROND",,,Nuit avec éclairage allumé,En agglomération,Hors intersection,Pluie légère,Deux véhicules - arrière,,,,,,,,,,,5,2,1,2,2
200700023591,0007-04-02 16:05:00,7,4,2,16,5,780,498,RD30,,,Plein jour,En agglomération,Giratoire,Normale,Autre collision,,,,,,,,,,,1,2,6,1,6
200700023592,0007-04-05 12:30:00,7,4,5,12,30,780,498,MIGNEAUX RUE DE,,,Plein jour,En agglomération,Hors intersection,Normale,Deux véhicules - côté,,,,,,,,,,,1,2,1,1,3
200700023593,0007-04-09 14:50:00,7,4,9,14,50,780,498,AIGREMONT RUE D',,,Plein jour,En agglomération,Autre intersection,Normale,Deux véhicules - côté,,,,,,,,,,,1,2,9,1,3
200700023594,0007-04-10 22:20:00,7,4,10,22,20,780,498,PLACE VERTE,,,Nuit avec éclairage allumé,En agglomération,Giratoire,Normale,Sans collision,,,,,,,,,,,5,2,6,1,7
200700023595,0007-04-05 09:25:00,7,4,5,9,25,780,498,QUARANTE SOUS ROUTE DE,,,Plein jour,Hors agglomération,Hors intersection,Normale,Deux véhicules - arrière,,,,,,,,,,,1,1,1,1,2
200700023596,0007-04-12 17:15:00,7,4,12,17,15,780,643,RD154,,,Plein jour,Hors agglomération,Giratoire,Normale,Deux véhicules - arrière,,,,,,,,,,,1,1,6,1,2
200700023597,0007-04-23 20:35:00,7,4,23,20,35,780,498,CEP AVENUE DU,,,Crépuscule ou aube,En agglomération,Intersection en X,Normale,Deux véhicules - côté,,,,,,,,,,,2,2,2,1,3
200700023598,0007-04-21 12:50:00,7,4,21,12,50,780,642,MALRAUX BD ANDRE,,,Plein jour,En agglomération,Hors intersection,Normale,Deux véhicules - côté,,,,,,,,,,,1,2,1,1,3
200700023599,0007-04-25 14:35:00,7,4,25,14,35,780,498,MALADRERIE AV DE LA,,,Plein jour,En agglomération,Intersection en X,Normale,Deux véhicules - côté,,,,,,,,,,,1,2,2,1,3
200700023600,0007-04-30 19:05:00,7,4,30,19,5,780,498,"71, VILLIERS RUE DE",,,Plein jour,En agglomération,Hors intersection,Normale,Deux véhicules - frontale,,,,,,,,,,,1,2,1,1,1
200700023601,0007-04-12 21:10:00,7,4,12,21,10,780,624,HAUTIL RUE DE,,,Nuit avec éclairage allumé,En agglomération,Hors intersection,Normale,Deux véhicules - frontale,,,,,,,,,,,5,2,1,1,1
200700023602,0007-04-06 11:40:00,7,4,6,11,40,780,517,D 936,,,Plein jour,Hors agglomération,Hors intersection,Normale,Deux véhicules - frontale,,,,,,,,,,,1,1,1,1,1
200700023603,0007-04-15 03:00:00,7,4,15,3,0,780,220,RN 10,,,Nuit sans éclairage public,Hors agglomération,Hors intersection,Normale,Sans collision,,,,,,,,,,,3,1,1,1,7
200700023604,0007-04-17 17:50:00,7,4,17,17,50,780,517,CLAIREFONTAINE (RUE DE),,,Plein jour,En agglomération,Giratoire,Normale,Deux véhicules - côté,,,,,,,,,,,1,2,6,1,3
200700023605,0007-04-23 08:20:00,7,4,23,8,20,780,517,"5, LECLERC (AV DU MARECH",,,Plein jour,En agglomération,Hors intersection,Normale,Deux véhicules - frontale,,,,,,,,,,,1,2,1,1,1
200700023606,0007-04-04 19:15:00,7,4,4,19,15,780,73,"indétermin, MOZART (RUE)",,,Plein jour,En agglomération,Intersection en X,Normale,Autre collision,,,,,,,,,,,1,2,2,1,6
200700023607,0007-04-05 08:10:00,7,4,5,8,10,780,551,"Face au 42, MAREIL (RUE",,,Plein jour,En agglomération,Hors intersection,Normale,Deux véhicules - côté,,,,,,,,,,,1,2,1,1,3
200700023608,0007-04-06 13:00:00,7,4,6,13,0,780,551,LATTRE DE TASSIGNY (AVE,,,Plein jour,En agglomération,Hors intersection,Normale,Deux véhicules - arrière,,,,,,,,,,,1,2,1,1,2
200700023609,0007-04-08 20:30:00,7,4,8,20,30,780,551,FOURQUEUX (ROUTE DE),,,Crépuscule ou aube,En agglomération,Intersection en X,Normale,Deux véhicules - frontale,,,,,,,,,,,2,2,2,1,1
200700023610,0007-04-07 12:29:00,7,4,7,12,29,780,481,"2, PRESIDENT J.F KENNEDY",,,Plein jour,En agglomération,Hors intersection,Normale,Deux véhicules - côté,,,,,,,,,,,1,2,1,1,3
200700023611,0007-04-14 23:13:00,7,4,14,23,13,780,551,"1, SAINT LEGER",,,Nuit avec éclairage allumé,En agglomération,Hors intersection,Normale,Sans collision,,,,,,,,,,,5,2,1,1,7
200700023612,0007-04-16 01:35:00,7,4,16,1,35,780,551,RD 308,,,Nuit avec éclairage non allumé,Hors agglomération,Hors intersection,Normale,Autre collision,,,,,,,,,,,4,1,1,1,6
200700023613,0007-04-19 13:35:00,7,4,19,13,35,780,551,"02, PRIEURE (DU)",,,Plein jour,En agglomération,Intersection en T,Normale,Autre collision,,,,,,,,,,,1,2,3,1,6
200700023614,0007-04-19 19:00:00,7,4,19,19,0,780,551,RN 184,,,Plein jour,Hors agglomération,Hors intersection,Normale,Deux véhicules - côté,,,,,,,,,,,1,1,1,1,3
200700023615,0007-04-21 00:05:00,7,4,21,0,5,780,551,"85 BIS, FOCH (AVENUE DU",,,Nuit avec éclairage allumé,En agglomération,Hors intersection,Normale,Autre collision,,,,,,,,,,,5,2,1,1,6
200700023616,0007-04-27 01:30:00,7,4,27,1,30,780,551,LOGES (AVENUE DES),,,Nuit avec éclairage allumé,En agglomération,Hors intersection,Normale,Autre collision,,,,,,,,,,,5,2,1,1,6
200700023617,0007-04-10 19:40:00,7,4,10,19,40,780,586,CONSTITUANTE,,,Plein jour,En agglomération,Intersection en X,Normale,Deux véhicules - côté,,,,,,,,,,,1,2,2,1,3
200700023618,0007-04-11 15:10:00,7,4,11,15,10,780,586,HUGUES (ROGER),,,Plein jour,En agglomération,Intersection en T,Normale,Deux véhicules - arrière,,,,,,,,,,,1,2,3,1,2
200700023619,0007-04-21 14:00:00,7,4,21,14,0,780,586,REPUBLIQUE (AVENUE) N° P,,,Plein jour,En agglomération,Hors intersection,Normale,Deux véhicules - arrière,,,,,,,,,,,1,2,1,1,2
200700023620,0007-04-26 03:10:00,7,4,26,3,10,780,586,FABIEN (COLONEL) N° PAIR,,,Nuit avec éclairage allumé,En agglomération,Hors intersection,Normale,Autre collision,,,,,,,,,,,5,2,1,1,6
200700023621,0007-04-29 21:00:00,7,4,29,21,0,780,586,MAUPASSANT (GUY DE) N° I,,,Nuit avec éclairage allumé,En agglomération,Hors intersection,Pluie forte,Autre collision,,,,,,,,,,,5,2,1,3,6
200700023622,0007-04-20 08:00:00,7,4,20,8,0,780,586,TOBROUK,,,Plein jour,En agglomération,Giratoire,Normale,Deux véhicules - côté,,,,,,,,,,,1,2,6,1,3
200700023623,0007-04-01 16:10:00,7,4,1,16,10,780,621,NATIONALE 10   (ROUTE),,,Plein jour,Hors agglomération,Hors intersection,Normale,Deux véhicules - côté,,,,,,,,,,,1,1,1,1,3
200700023624,0007-04-03 19:40:00,7,4,3,19,40,780,621,NATIONALE 10   (ROUTE),,,Plein jour,Hors agglomération,Hors intersection,Normale,Trois véhicules et plus - en chaîne,,,,,,,,,,,1,1,1,1,4
200700023625,0007-04-15 17:40:00,7,4,15,17,40,780,621,BASE DE LOISIRS,,,Plein jour,Hors agglomération,Hors intersection,Normale,Deux véhicules - frontale,,,,,,,,,,,1,1,1,1,1
200700023626,0007-04-21 13:25:00,7,4,21,13,25,780,621,NATIONALE 10   (ROUTE),,,Plein jour,En agglomération,Hors intersection,Normale,Deux véhicules - arrière,,,,,,,,,,,1,2,1,1,2
200700023627,0007-04-28 14:20:00,7,4,28,14,20,780,621,ALLENDE (AVE. SALV.)(SUD,,,Plein jour,En agglomération,Intersection en T,Normale,Deux véhicules - arrière,,,,,,,,,,,1,2,3,1,2
200700023628,0007-04-21 19:40:00,7,4,21,19,40,780,640,MORANE-SAULNIER (AVENUE),,,Plein jour,En agglomération,Hors intersection,Normale,Autre collision,,,,,,,,,,,1,2,1,1,6
200700023629,0007-04-24 02:30:00,7,4,24,2,30,780,686,"99, GENERAL LECLERC (AVE",,,Nuit avec éclairage allumé,En agglomération,Hors intersection,Normale,Autre collision,,,,,,,,,,,5,2,1,1,6
200700023630,0007-04-24 08:15:00,7,4,24,8,15,780,640,"8/10, NIEUPORT (RUE)",,,Plein jour,En agglomération,Hors intersection,Normale,Autre collision,,,,,,,,,,,1,2,1,1,6
200700023631,0007-04-28 10:25:00,7,4,28,10,25,780,640,"2, EUROPE (AVENUE DE L')",,,Plein jour,En agglomération,Hors intersection,Normale,Autre collision,,,,,,,,,,,1,2,1,1,6
200700023632,0007-04-30 16:20:00,7,4,30,16,20,780,640,DIENTZENBACH (RUE DE),,,Plein jour,En agglomération,Hors intersection,Normale,Deux véhicules - arrière,,,,,,,,,,,1,2,1,1,2
200700023633,0007-04-03 15:40:00,7,4,3,15,40,780,158,PLATEAU SAINT ANTOINE (R,,,Plein jour,En agglomération,Intersection en X,Normale,Deux véhicules - côté,,,,,,,,,,,1,2,2,1,3
200700023634,0007-04-12 22:50:00,7,4,12,22,50,780,646,ROYALE (RUE),,,Nuit avec éclairage allumé,En agglomération,Intersection en T,Normale,Deux véhicules - arrière,,,,,,,,,,,5,2,3,1,2
200700023635,0007-04-19 13:50:00,7,4,19,13,50,780,646,"Néant, VILLENEUVE L'ETAN",,,Plein jour,En agglomération,Intersection en X,Normale,Deux véhicules - côté,,,,,,,,,,,1,2,2,1,3
200700023636,0007-04-21 12:55:00,7,4,21,12,55,780,158,"NEANT, VERSAILLES (RUE D",,,Plein jour,En agglomération,Intersection en T,Normale,Autre collision,,,,,,,,,,,1,2,3,1,6
200700023637,0007-04-25 13:55:00,7,4,25,13,55,780,158,"Néant, REDINGOTE (CARREF",,,Plein jour,En agglomération,Giratoire,Normale,Deux véhicules - côté,,,,,,,,,,,1,2,6,1,3
200700023638,0007-04-18 14:55:00,7,4,18,14,55,780,650,"13, THIERS (RUE)",,,Plein jour,En agglomération,Hors intersection,Normale,Autre collision,,,,,,,,,,,1,2,1,1,6
200700023639,0007-04-19 21:15:00,7,4,19,21,15,780,650,MONTESSON (ROUTE DE),,,Nuit avec éclairage allumé,En agglomération,Hors intersection,Normale,Autre collision,,,,,,,,,,,5,2,1,1,6
200700023640,0007-04-07 05:05:00,7,4,7,5,5,790,191,EUROPE (BD) PONT VIVIER/,,,Nuit sans éclairage public,En agglomération,Hors intersection,Normale,Autre collision,,,,,,,,,,,3,2,1,1,6
200700023641,0007-04-15 03:10:00,7,4,15,3,10,790,191,LIMOGES (AVENUE DE) DE 4,,,Nuit sans éclairage public,Hors agglomération,Hors intersection,Normale,Autre collision,,,,,,,,,,,3,1,1,1,6
200700023642,0007-04-12 15:15:00,7,4,12,15,15,790,191,"1, GRAND FEU",,,Plein jour,En agglomération,Intersection en X,Normale,Deux véhicules - côté,,,,,,,,,,,1,2,2,1,3
200700023643,0007-04-03 18:10:00,7,4,3,18,10,790,329,"55, JULES MICHELET (RUE)",,,Plein jour,En agglomération,Intersection en T,Normale,Deux véhicules - arrière,,,,,,,,,,,1,2,3,1,2
200700023644,0007-04-13 18:09:00,7,4,13,18,9,790,329,GRAND ROSÉ (RUE DU),,,Crépuscule ou aube,En agglomération,Intersection en T,Pluie forte,Deux véhicules - côté,,,,,,,,,,,2,2,3,3,3
200700023645,0007-04-30 09:52:00,7,4,30,9,52,790,329,", LAMARTINE (RUE)",,,Plein jour,En agglomération,Intersection en X,Normale,Deux véhicules - côté,,,,,,,,,,,1,2,2,1,3
200700023646,0007-04-09 14:50:00,7,4,9,14,50,800,1,"65, MARCADE",,,Plein jour,En agglomération,Intersection en T,Normale,Deux véhicules - côté,,,,,,,,,,,1,2,3,1,3
200700023647,0007-04-02 07:50:00,7,4,2,7,50,800,164,"0, AMBROISE CROIZAT (RUE",,,Plein jour,En agglomération,Intersection en X,Normale,Deux véhicules - côté,,,,,,,,,,,1,2,2,1,3
200700023648,0007-04-02 17:55:00,7,4,2,17,55,800,21,"0, PARIS (RUE DE)",,,Plein jour,En agglomération,Intersection en X,Normale,Autre collision,,,,,,,,,,,1,2,2,1,6
200700023649,0007-04-05 23:25:00,7,4,5,23,25,800,21,SAVEUSE (RUE DE),,,Nuit avec éclairage allumé,En agglomération,Hors intersection,Normale,Sans collision,,,,,,,,,,,5,2,1,1,7
200700023650,0007-04-05 16:25:00,7,4,5,16,25,800,21,"113, GENERAL FOY (AVENUE",,,Plein jour,En agglomération,Hors intersection,Normale,Deux véhicules - côté,,,,,,,,,,,1,2,1,1,3
200700023651,0007-04-05 19:55:00,7,4,5,19,55,800,21,SAINT FUSCIEN (RUE),,,Plein jour,Hors agglomération,Hors intersection,Normale,Sans collision,,,,,,,,,,,1,1,1,1,7
200700023652,0007-04-06 23:00:00,7,4,6,23,0,800,724,"0, ROGER SALENGRO (RUE)",,,Nuit avec éclairage allumé,En agglomération,Hors intersection,Normale,Autre collision,,,,,,,,,,,5,2,1,1,6
200700023653,0007-04-07 11:30:00,7,4,7,11,30,800,21,"0, HIPPODROME (AVENUE DE",,,Plein jour,En agglomération,Hors intersection,Normale,Autre collision,,,,,,,,,,,1,2,1,1,6
200700023654,0007-04-07 02:20:00,7,4,7,2,20,800,21,ROCADE NORD RN 1,,,Nuit avec éclairage allumé,Hors agglomération,Hors intersection,Normale,Sans collision,,,,,,,,,,,5,1,1,1,7
200700023655,0007-04-09 21:20:00,7,4,9,21,20,800,21,"0, LESCOUVE (RUE)",,,Nuit avec éclairage allumé,En agglomération,Hors intersection,Normale,Deux véhicules - côté,,,,,,,,,,,5,2,1,1,3
200700023656,0007-04-09 11:30:00,7,4,9,11,30,800,164,ROGER SALENGRO (RUE),,,Plein jour,En agglomération,Intersection en X,Normale,Deux véhicules - côté,,,,,,,,,,,1,2,2,1,3
200700023657,0007-04-06 19:20:00,7,4,6,19,20,800,21,ROCADE NORD RN 1,,,Plein jour,Hors agglomération,Hors intersection,Normale,Sans collision,,,,,,,,,,,1,1,1,1,7
200700023658,0007-04-08 22:40:00,7,4,8,22,40,800,164,"0, CROISETTES (RUE DES )",,,Nuit sans éclairage public,Hors agglomération,Hors intersection,Normale,Sans collision,,,,,,,,,,,3,1,1,1,7
200700023659,0007-04-06 17:10:00,7,4,6,17,10,800,724,CD8,,,Plein jour,Hors agglomération,Hors intersection,Normale,Sans collision,,,,,,,,,,,1,1,1,1,7
200700023660,0007-04-06 17:35:00,7,4,6,17,35,800,21,"49, GENERAL FOY (AVENUE",,,Plein jour,En agglomération,Hors intersection,Normale,Deux véhicules - côté,,,,,,,,,,,1,2,1,1,3
200700023661,0007-04-06 16:40:00,7,4,6,16,40,800,21,"0, CHARLES TELLIER (QUAI",,,Plein jour,En agglomération,Intersection en X,Normale,Deux véhicules - côté,,,,,,,,,,,1,2,2,1,3
200700023662,0007-04-06 14:35:00,7,4,6,14,35,800,21,"211, CHATEAUDUN (BOULEVA",,,Plein jour,En agglomération,Hors intersection,Normale,Trois véhicules et plus - collisions multiples,,,,,,,,,,,1,2,1,1,5
200700023663,0007-04-06 08:45:00,7,4,6,8,45,800,21,"0, ANTOINE DE ST EXUPERY",,,Plein jour,En agglomération,Hors intersection,Normale,Autre collision,,,,,,,,,,,1,2,1,1,6
200700023664,0007-04-11 10:05:00,7,4,11,10,5,800,21,JEAN MOULIN (RUE),,,Plein jour,En agglomération,Hors intersection,Normale,Deux véhicules - côté,,,,,,,,,,,1,2,1,1,3
200700023665,0007-04-12 09:10:00,7,4,12,9,10,800,131,"0, GASTON LECOMTE (RUE)",,,Plein jour,En agglomération,Hors intersection,Normale,Deux véhicules - côté,,,,,,,,,,,1,2,1,1,3
200700023666,0007-04-14 20:00:00,7,4,14,20,0,800,21,"0, BEL AIR (RUE DU)",,,Plein jour,En agglomération,Intersection en T,Normale,Deux véhicules - côté,,,,,,,,,,,1,2,3,1,3
200700023667,0007-04-14 15:45:00,7,4,14,15,45,800,21,"51, NOYON (RUE DE)",,,Plein jour,En agglomération,Hors intersection,Normale,Autre collision,,,,,,,,,,,1,2,1,1,6
200700023668,0007-04-14 20:45:00,7,4,14,20,45,800,21,"0, OCTAVE TIERCE (RUE)",,,Crépuscule ou aube,En agglomération,Hors intersection,Normale,Deux véhicules - côté,,,,,,,,,,,2,2,1,1,3
200700023669,0007-04-15 17:15:00,7,4,15,17,15,800,21,"0, DOCTEUR LOUIS FAFET (",,,Plein jour,En agglomération,Hors intersection,Normale,Autre collision,,,,,,,,,,,1,2,1,1,6
200700023670,0007-04-18 14:55:00,7,4,18,14,55,800,674,"0, PASTEUR (RUE)",,,Plein jour,En agglomération,Intersection en T,Normale,Deux véhicules - côté,,,,,,,,,,,1,2,3,1,3
200700023671,0007-04-19 17:55:00,7,4,19,17,55,800,131,CD 4935,,,Plein jour,Hors agglomération,Hors intersection,Normale,Sans collision,,,,,,,,,,,1,1,1,1,7
200700023672,0007-04-18 20:25:00,7,4,18,20,25,800,21,"180, JULES BARNI (RUE)",,,Plein jour,En agglomération,Hors intersection,Normale,Autre collision,,,,,,,,,,,1,2,1,1,6
200700023673,0007-04-21 22:00:00,7,4,21,22,0,800,21,"0, JULES FERRY (CHAUSSEE",,,Nuit avec éclairage allumé,En agglomération,Hors intersection,Normale,Deux véhicules - arrière,,,,,,,,,,,5,2,1,1,2
200700023674,0007-04-20 14:30:00,7,4,20,14,30,800,21,"0, CONDORCET (RUE)",,,Plein jour,En agglomération,Hors intersection,Normale,Autre collision,,,,,,,,,,,1,2,1,1,6
200700023675,0007-04-20 18:10:00,7,4,20,18,10,800,21,"0, ALSACE LORRAINE (BOUL",,,Plein jour,En agglomération,Hors intersection,Normale,Sans collision,,,,,,,,,,,1,2,1,1,7
200700023676,0007-04-21 17:55:00,7,4,21,17,55,800,21,"0, BECQUERELLES (RUE DES",,,Plein jour,En agglomération,Hors intersection,Normale,Deux véhicules - côté,,,,,,,,,,,1,2,1,1,3
200700023677,0007-04-22 21:35:00,7,4,22,21,35,800,21,"0, ROGER ONFRAY (RUE)",,,Crépuscule ou aube,En agglomération,Hors intersection,Normale,Sans collision,,,,,,,,,,,2,2,1,1,7
200700023678,0007-04-24 00:15:00,7,4,24,0,15,800,21,"18, LUCIEN FOURNIER (RUE",,,Nuit avec éclairage allumé,En agglomération,Intersection en X,Normale,Autre collision,,,,,,,,,,,5,2,2,1,6
200700023679,0007-04-23 15:45:00,7,4,23,15,45,800,21,"122, POINTIN (RUE)",,,Plein jour,En agglomération,Hors intersection,Normale,Autre collision,,,,,,,,,,,1,2,1,1,6
200700023680,0007-04-26 20:25:00,7,4,26,20,25,800,21,"0, GEORGES QUARANTE (AVE",,,Plein jour,En agglomération,Intersection en T,Normale,Deux véhicules - côté,,,,,,,,,,,1,2,3,1,3
200700023681,0007-04-28 16:00:00,7,4,28,16,0,800,21,"0, ALBERT 1ER (MAIL)",,,Plein jour,En agglomération,Hors intersection,Normale,Deux véhicules - côté,,,,,,,,,,,1,2,1,1,3
200700023682,0007-04-29 05:20:00,7,4,29,5,20,800,21,"0, HENRY DUNANT (RUE)",,,Crépuscule ou aube,En agglomération,Intersection en X,Normale,Autre collision,,,,,,,,,,,2,2,2,1,6
200700023683,0007-04-03 23:05:00,7,4,3,23,5,810,4,"103, THOMAS (AV ALBERT)",,,Nuit avec éclairage allumé,En agglomération,Hors intersection,Pluie forte,Deux véhicules - côté,,,,,,,,,,,5,2,1,3,3
200700023684,0007-04-28 15:50:00,7,4,28,15,50,810,4,TEILLET (RTE DE),,,Plein jour,En agglomération,Hors intersection,Normale,Deux véhicules - côté,,,,,,,,,,,1,2,1,1,3
200700023685,0007-04-24 13:30:00,7,4,24,13,30,810,244,RD 91,,,Plein jour,Hors agglomération,Hors intersection,Normale,Deux véhicules - frontale,,,,,,,,,,,1,1,1,1,1
200700023686,0007-04-03 16:00:00,7,4,3,16,0,810,65,RD 622,,,Plein jour,Hors agglomération,Hors intersection,Normale,Sans collision,,,,,,,,,,,1,1,1,1,7
200700023687,0007-04-05 07:30:00,7,4,5,7,30,810,65,"26, MENDES FRANCE (BD.PI",,,Plein jour,En agglomération,Hors intersection,Normale,Deux véhicules - côté,,,,,,,,,,,1,2,1,1,3
200700023688,0007-04-15 13:00:00,7,4,15,13,0,810,65,"9, CASSIN (AV.RENE)",,,Plein jour,En agglomération,Hors intersection,Normale,Deux véhicules - arrière,,,,,,,,,,,1,2,1,1,2
200700023689,0007-04-16 10:25:00,7,4,16,10,25,810,65,"40, CASSIN (AV.RENE)",,,Plein jour,En agglomération,Hors intersection,Normale,Deux véhicules - côté,,,,,,,,,,,1,2,1,1,3
200700023690,0007-04-17 08:55:00,7,4,17,8,55,810,65,TOULOUSE RN 126 (RTE DE),,,Plein jour,En agglomération,Hors intersection,Normale,Autre collision,,,,,,,,,,,1,2,1,1,6
200700023691,0007-04-18 16:40:00,7,4,18,16,40,810,65,"10, MELOU (RUE DE)",,,Plein jour,En agglomération,Intersection en T,Normale,Deux véhicules - côté,,,,,,,,,,,1,2,3,1,3
200700023692,0007-04-18 21:45:00,7,4,18,21,45,810,65,CLEMENCEAU (BD GEORGES),,,Nuit avec éclairage allumé,En agglomération,Intersection en X,Normale,Sans collision,,,,,,,,,,,5,2,2,1,7
200700023693,0007-04-22 16:35:00,7,4,22,16,35,810,65,LAVAUR RD 112 (AVENUE DE,,,Plein jour,En agglomération,Intersection en X,Normale,Deux véhicules - côté,,,,,,,,,,,1,2,2,1,3
200700023694,0007-04-21 14:13:00,7,4,21,14,13,810,65,LAUTREC RD 83 (RTE DE),,,Plein jour,Hors agglomération,Hors intersection,Normale,Deux véhicules - côté,,,,,,,,,,,1,1,1,1,3
200700023695,0007-04-21 18:25:00,7,4,21,18,25,810,65,SIDOBRE RD 622 (AV. DU),,,Plein jour,En agglomération,Hors intersection,Normale,Sans collision,,,,,,,,,,,1,2,1,1,7
200700023696,0007-04-27 10:40:00,7,4,27,10,40,810,65,TOULOUSE RN 126 (RTE DE),,,Plein jour,En agglomération,Hors intersection,Normale,Deux véhicules - côté,,,,,,,,,,,1,2,1,1,3
200700023697,0007-04-29 00:25:00,7,4,29,0,25,810,65,ALBINQUE (PLACE DE L'),,,Nuit avec éclairage allumé,En agglomération,Hors intersection,Normale,Deux véhicules - arrière,,,,,,,,,,,5,2,1,1,2
200700023698,0007-04-05 17:00:00,7,4,5,17,0,820,33,"0, CD 72",,,Plein jour,Hors agglomération,Hors intersection,Normale,Autre collision,,,,,,,,,,,1,1,1,1,6
200700023699,0007-04-23 13:30:00,7,4,23,13,30,820,121,"11, CHAUMES (RUE DES)",,,Plein jour,En agglomération,Intersection en X,Normale,Deux véhicules - frontale,,,,,,,,,,,1,2,2,1,1
200700023700,0007-04-26 12:15:00,7,4,26,12,15,820,121,"0, QUART (CHEMIN DU)",,,Plein jour,Hors agglomération,Passage à niveau,Normale,Autre collision,,,,,,,,,,,1,1,8,1,6
200700023701,0007-04-10 12:55:00,7,4,10,12,55,820,121,AUTOROUTE A 20,,,Plein jour,Hors agglomération,Autre intersection,Normale,Trois véhicules et plus - collisions multiples,,,,,,,,,,,1,1,9,1,5
200700023702,0007-04-09 13:30:00,7,4,9,13,30,820,121,"375, GASSERAS (AVENUE DE",,,Plein jour,Hors agglomération,Hors intersection,Normale,Deux véhicules - côté,,,,,,,,,,,1,1,1,1,3
200700023703,0007-04-10 15:10:00,7,4,10,15,10,820,121,AUTOROUTE A 20,,,Plein jour,Hors agglomération,Hors intersection,Normale,Autre collision,,,,,,,,,,,1,1,1,1,6
200700023704,0007-04-27 00:40:00,7,4,27,0,40,820,121,"0, CHANTILLY (BOULEVARD",,,Nuit avec éclairage allumé,En agglomération,Autre intersection,Normale,Deux véhicules - côté,,,,,,,,,,,5,2,9,1,3
200700023705,0007-04-11 11:20:00,7,4,11,11,20,820,121,"11, BATAILLON DE CHOC (R",,,Plein jour,En agglomération,Hors intersection,Normale,Autre collision,,,,,,,,,,,1,2,1,1,6
200700023706,0007-04-27 12:15:00,7,4,27,12,15,820,121,"0, FORESTIE (RUE EDOUARD",,,Plein jour,En agglomération,Hors intersection,Normale,Deux véhicules - côté,,,,,,,,,,,1,2,1,1,3
200700023707,0007-04-12 09:00:00,7,4,12,9,0,820,121,"0, FONNEUVE (AVENUE DE)",,,Plein jour,En agglomération,Intersection en X,Normale,Deux véhicules - côté,,,,,,,,,,,1,2,2,1,3
200700023708,0007-04-27 17:50:00,7,4,27,17,50,820,121,"0, DUNANT (AVENUE HENRY)",,,Plein jour,En agglomération,Hors intersection,Normale,Deux véhicules - arrière,,,,,,,,,,,1,2,1,1,2
200700023709,0007-04-14 16:00:00,7,4,14,16,0,820,121,"700, PARIS N 20 (AVENUE",,,Plein jour,En agglomération,Hors intersection,Normale,Deux véhicules - côté,,,,,,,,,,,1,2,1,1,3
200700023710,0007-04-28 05:00:00,7,4,28,5,0,820,121,"0, FALGUIERE (AVENUE DE)",,,Nuit avec éclairage allumé,En agglomération,Intersection en X,Normale,Deux véhicules - côté,,,,,,,,,,,5,2,2,1,3
200700023711,0007-04-07 13:00:00,7,4,7,13,0,830,50,TUILLIERES(CHEMIN DES),,,Plein jour,En agglomération,Hors intersection,Normale,Sans collision,,,,,,,,,,,1,2,1,1,7
200700023712,0007-04-08 00:45:00,7,4,8,0,45,830,118,"0, RUE ANATOLE FRANCE",,,Nuit avec éclairage allumé,En agglomération,Intersection en T,Normale,Deux véhicules - côté,,,,,,,,,,,5,2,3,1,3
200700023713,0007-04-24 16:03:00,7,4,24,16,3,830,118,"0, ROUTE DE LA CORNICHE",,,Plein jour,En agglomération,Intersection en X,Normale,Deux véhicules - côté,,,,,,,,,,,1,2,2,1,3
200700023714,0007-04-27 15:39:00,7,4,27,15,39,830,118,"590, ROUTE DE SAINT-BART",,,Plein jour,Hors agglomération,Hors intersection,Normale,Deux véhicules - côté,,,,,,,,,,,1,1,1,1,3
200700023715,0007-04-20 15:15:00,7,4,20,15,15,830,69,"280, ALMANARRE (ROUTE DE",,,Plein jour,En agglomération,Hors intersection,Normale,Autre collision,,,,,,,,,,,1,2,1,1,6
200700023716,0007-04-21 14:55:00,7,4,21,14,55,830,69,"401, MARINE (BOULEVARD D",,,Plein jour,En agglomération,Hors intersection,Normale,Deux véhicules - côté,,,,,,,,,,,1,2,1,1,3
200700023717,0007-04-06 16:10:00,7,4,6,16,10,830,123,"471, BANDOL (ROUTE)N° IM",,,Plein jour,En agglomération,Hors intersection,Normale,Autre collision,,,,,,,,,,,1,2,1,1,6
200700023718,0007-04-08 20:10:00,7,4,8,20,10,830,123,"0000, MOCQUET (RUE GUY)",,,Crépuscule ou aube,En agglomération,Intersection en T,Normale,Deux véhicules - côté,,,,,,,,,,,2,2,3,1,3
200700023719,0007-04-17 20:20:00,7,4,17,20,20,830,123,"753, GARE (ROUTE)",,,Plein jour,En agglomération,Hors intersection,Normale,Sans collision,,,,,,,,,,,1,2,1,1,7
200700023720,0007-04-20 04:00:00,7,4,20,4,0,830,129,"000, RAYNAUD (AVENUE JOS",,,Nuit avec éclairage allumé,En agglomération,Hors intersection,Normale,Autre collision,,,,,,,,,,,5,2,1,1,6