accident_id,datetime,annee,mois,jour,heure,minute,departement,commune_insee,adresse,latitude,longitude,luminosite,agglomeration,intersection,meteo,collision,nb_vehicules,nb_usagers,nb_indemnes,nb_tues,nb_blesses_hosp,nb_blesses_legers,age_cond_1,age_cond_2,veh_type_cond_1,veh_type_cond_2,lum_code,agg_code,int_code,atm_code,col_code
200700023721,0007-04-29 15:50:00,7,4,29,15,50,830,129,"000, DE GAULLE (PROMENAD",,,Plein jour,En agglomération,Hors intersection,Normale,Deux véhicules - côté,,,,,,,,,,,1,2,1,1,3
200700023722,0007-04-30 11:10:00,7,4,30,11,10,830,129,"332, SOLVIOU (CORNICHE D",,,Plein jour,En agglomération,Hors intersection,Normale,Autre collision,,,,,,,,,,,1,2,1,1,6
200700023723,0007-04-03 17:10:00,7,4,3,17,10,830,126,ECHANGEUR D'OLLIOULES,,,Plein jour,Hors agglomération,Giratoire,Normale,Deux véhicules - côté,,,,,,,,,,,1,1,6,1,3
200700023724,0007-04-06 16:50:00,7,4,6,16,50,830,126,", Voie Privée HLM Floréa",,,Plein jour,En agglomération,Hors intersection,Normale,Autre collision,,,,,,,,,,,1,2,1,1,6
200700023725,0007-04-20 11:25:00,7,4,20,11,25,830,126,"486, ARMEE FRANCAISE (AV",,,Plein jour,En agglomération,Hors intersection,Normale,Deux véhicules - arrière,,,,,,,,,,,1,2,1,1,2
200700023726,0007-04-23 10:50:00,7,4,23,10,50,830,126,MISTRAL (AV FREDERIC),,,Plein jour,En agglomération,Hors intersection,Normale,Autre collision,,,,,,,,,,,1,2,1,1,6
200700023727,0007-04-24 20:00:00,7,4,24,20,0,830,126,", ROSTAND (BD JEAN)",,,Plein jour,En agglomération,Hors intersection,Normale,Deux véhicules - côté,,,,,,,,,,,1,2,1,1,3
200700023728,0007-04-27 10:10:00,7,4,27,10,10,830,126,"0, RENARD (AV JULES)",,,Plein jour,En agglomération,Hors intersection,Normale,Deux véhicules - côté,,,,,,,,,,,1,2,1,1,3
200700023729,0007-04-28 15:15:00,7,4,28,15,15,830,126,"0, QUATRE SEPTEMBRE (BD",,,Plein jour,En agglomération,Intersection en T,Normale,Deux véhicules - côté,,,,,,,,,,,1,2,3,1,3
200700023730,0007-04-28 12:20:00,7,4,28,12,20,830,126,"0, MERLE (BD TOUSSAINT)",,,Plein jour,En agglomération,Hors intersection,Normale,Deux véhicules - côté,,,,,,,,,,,1,2,1,1,3
200700023731,0007-04-02 16:15:00,7,4,2,16,15,830,137,"62, STRASBOURG (BD DE )",,,Plein jour,En agglomération,Hors intersection,Normale,Deux véhicules - arrière,,,,,,,,,,,1,2,1,1,2
200700023732,0007-04-02 18:30:00,7,4,2,18,30,830,90,MISTRAL (AVE FREDERIC),,,Plein jour,Hors agglomération,Intersection en T,Normale,Deux véhicules - côté,,,,,,,,,,,1,1,3,1,3
200700023733,0007-04-02 19:30:00,7,4,2,19,30,830,144,LIBERATION (AVE DE LA),,,Crépuscule ou aube,Hors agglomération,Hors intersection,Normale,Deux véhicules - frontale,,,,,,,,,,,2,1,1,1,1
200700023734,0007-04-05 10:25:00,7,4,5,10,25,830,137,NOMY (RUE AMIRAL),,,Plein jour,En agglomération,Intersection en T,Normale,Autre collision,,,,,,,,,,,1,2,3,1,6
200700023735,0007-04-08 14:45:00,7,4,8,14,45,830,137,"1628, GASQUET (AVE JOSEP",,,Plein jour,En agglomération,Hors intersection,Normale,Deux véhicules - côté,,,,,,,,,,,1,2,1,1,3
200700023736,0007-04-09 21:30:00,7,4,9,21,30,830,90,"219, NATIONALE 8 (ROUTE)",,,Nuit avec éclairage non allumé,En agglomération,Autre intersection,Normale,Autre collision,,,,,,,,,,,4,2,9,1,6
200700023737,0007-04-11 08:15:00,7,4,11,8,15,830,137,"1325, MISTRAL (ALLEE / L",,,Plein jour,En agglomération,Hors intersection,Normale,Deux véhicules - arrière,,,,,,,,,,,1,2,1,1,2
200700023738,0007-04-12 08:05:00,7,4,12,8,5,830,137,STRASBOURG (BD DE ),,,Plein jour,En agglomération,Intersection en T,Normale,Autre collision,,,,,,,,,,,1,2,3,1,6
200700023739,0007-04-12 18:30:00,7,4,12,18,30,830,137,15EME CORPS (AVE DU),,,Plein jour,En agglomération,Intersection en T,Pluie légère,Deux véhicules - côté,,,,,,,,,,,1,2,3,2,3
200700023740,0007-04-12 14:55:00,7,4,12,14,55,830,137,"638, FOCH (AVE DU MARECH",,,Plein jour,En agglomération,Hors intersection,Normale,Autre collision,,,,,,,,,,,1,2,1,1,6
200700023741,0007-04-15 15:35:00,7,4,15,15,35,830,137,INFANTERIE DE MARINE (AV,,,Plein jour,En agglomération,Intersection en T,Normale,Deux véhicules - côté,,,,,,,,,,,1,2,3,1,3
200700023742,0007-04-03 12:15:00,7,4,3,12,15,830,137,"24, NOMY (RUE AMIRAL)",,,Plein jour,En agglomération,Hors intersection,Normale,Autre collision,,,,,,,,,,,1,2,1,1,6
200700023743,0007-04-17 07:40:00,7,4,17,7,40,830,137,MARSEILLE (ROUTE DE),,,Plein jour,En agglomération,Intersection en T,Normale,Deux véhicules - côté,,,,,,,,,,,1,2,3,1,3
200700023744,0007-04-17 07:35:00,7,4,17,7,35,830,137,LYAUTEY (AVE MARECHAL),,,Plein jour,En agglomération,Intersection en X,Normale,Deux véhicules - côté,,,,,,,,,,,1,2,2,1,3
200700023745,0007-04-17 14:25:00,7,4,17,14,25,830,137,MOURILLON (PARKING),,,Plein jour,En agglomération,Hors intersection,Normale,Autre collision,,,,,,,,,,,1,2,1,1,6
200700023746,0007-04-13 12:50:00,7,4,13,12,50,830,137,LOTI (AVE PIERRE),,,Plein jour,En agglomération,Intersection à plus de 4 branches,Pluie légère,Deux véhicules - frontale,,,,,,,,,,,1,2,5,2,1
200700023747,0007-04-19 10:05:00,7,4,19,10,5,830,137,"1643, GASQUET (AVE JOSEP",,,Plein jour,En agglomération,Hors intersection,Normale,Trois véhicules et plus - en chaîne,,,,,,,,,,,1,2,1,1,4
200700023748,0007-04-13 09:30:00,7,4,13,9,30,830,137,VAL D'ARDENE (ROUTE DU),,,Plein jour,En agglomération,Hors intersection,Temps couvert,Deux véhicules - arrière,,,,,,,,,,,1,2,1,8,2
200700023749,0007-04-14 14:25:00,7,4,14,14,25,830,137,BONAPARTE (ROND POINT DU,,,Plein jour,En agglomération,Giratoire,Normale,Deux véhicules - côté,,,,,,,,,,,1,2,6,1,3
200700023750,0007-04-20 17:45:00,7,4,20,17,45,830,137,VICTOIRE DU 8 MAI 1945 (,,,Plein jour,En agglomération,Intersection en T,Normale,Deux véhicules - côté,,,,,,,,,,,1,2,3,1,3
200700023751,0007-04-22 18:30:00,7,4,22,18,30,830,137,15EME CORPS (AVE DU),,,Plein jour,En agglomération,Intersection en T,Normale,Deux véhicules - côté,,,,,,,,,,,1,2,3,1,3
200700023752,0007-04-23 09:05:00,7,4,23,9,5,830,137,"2230, GASQUET (AVE JOSEP",,,Plein jour,En agglomération,Autre intersection,Normale,Deux véhicules - arrière,,,,,,,,,,,1,2,9,1,2
200700023753,0007-04-22 16:40:00,7,4,22,16,40,830,144,OROSCO (AVE AMIRAL JP),,,Plein jour,En agglomération,Intersection en X,Normale,Deux véhicules - côté,,,,,,,,,,,1,2,2,1,3
200700023754,0007-04-23 17:20:00,7,4,23,17,20,830,137,BROSSET (BD GENERAL),,,Plein jour,En agglomération,Intersection en X,Normale,Deux véhicules - frontale,,,,,,,,,,,1,2,2,1,1
200700023755,0007-04-23 20:30:00,7,4,23,20,30,830,90,LAGOUBRAN (CHEMIN DE),,,Crépuscule ou aube,En agglomération,Hors intersection,Normale,Deux véhicules - côté,,,,,,,,,,,2,2,1,1,3
200700023756,0007-04-08 02:00:00,7,4,8,2,0,830,90,"1251, MONNET (AVE JEAN)",,,Nuit avec éclairage allumé,En agglomération,Hors intersection,Normale,Deux véhicules - frontale,,,,,,,,,,,5,2,1,1,1
200700023757,0007-04-09 10:40:00,7,4,9,10,40,830,90,"1654, SANARY (ROUTE DE)",,,Plein jour,Hors agglomération,Hors intersection,Normale,Deux véhicules - côté,,,,,,,,,,,1,1,1,1,3
200700023758,0007-04-23 11:25:00,7,4,23,11,25,830,90,"2227, MONNET (AVE JEAN)",,,Plein jour,Hors agglomération,Intersection en T,Normale,Deux véhicules - côté,,,,,,,,,,,1,1,3,1,3
200700023759,0007-04-26 01:20:00,7,4,26,1,20,830,137,"764, PICOT (AVE DU COLON",,,Nuit avec éclairage allumé,En agglomération,Intersection en X,Normale,Deux véhicules - côté,,,,,,,,,,,5,2,2,1,3
200700023760,0007-04-22 17:20:00,7,4,22,17,20,830,137,"360, ROUTES (AVE DES)",,,Plein jour,En agglomération,Hors intersection,Normale,Deux véhicules - frontale,,,,,,,,,,,1,2,1,1,1
200700023761,0007-04-26 13:30:00,7,4,26,13,30,830,144,NATIONALE 98 (ANCIENNE R,,,Plein jour,En agglomération,Hors intersection,Normale,Deux véhicules - côté,,,,,,,,,,,1,2,1,1,3
200700023762,0007-04-30 08:45:00,7,4,30,8,45,830,137,"846, MISTRAL (ALLEE / LI",,,Plein jour,En agglomération,Hors intersection,Normale,Autre collision,,,,,,,,,,,1,2,1,1,6
200700023763,0007-04-25 18:30:00,7,4,25,18,30,830,137,STRASBOURG (BD DE ),,,Plein jour,En agglomération,Hors intersection,Normale,Deux véhicules - côté,,,,,,,,,,,1,2,1,1,3
200700023764,0007-04-27 18:00:00,7,4,27,18,0,830,62,PAIX (AVENUE DE LA),,,Plein jour,En agglomération,Intersection en X,Normale,Deux véhicules - côté,,,,,,,,,,,1,2,2,1,3
200700023765,0007-04-24 12:00:00,7,4,24,12,0,830,137,VIENNE (RUE HENRI),,,Plein jour,En agglomération,Hors intersection,Normale,Autre collision,,,,,,,,,,,1,2,1,1,6
200700023766,0007-04-24 16:40:00,7,4,24,16,40,830,90,"124, PIEDARDANT (CHEMIN",,,Plein jour,En agglomération,Hors intersection,Normale,Deux véhicules - côté,,,,,,,,,,,1,2,1,1,3
200700023767,0007-04-20 09:50:00,7,4,20,9,50,830,137,INFANTERIE DE MARINE (AV,,,Plein jour,En agglomération,Giratoire,Normale,Deux véhicules - côté,,,,,,,,,,,1,2,6,1,3
200700023768,0007-04-30 19:50:00,7,4,30,19,50,830,62,"891, PLANQUETTE (CHEMIN",,,Plein jour,En agglomération,Hors intersection,Normale,Deux véhicules - arrière,,,,,,,,,,,1,2,1,1,2
200700023769,0007-04-26 08:55:00,7,4,26,8,55,830,137,WEYGAND (AVE GENERAL),,,Plein jour,En agglomération,Intersection en T,Normale,Autre collision,,,,,,,,,,,1,2,3,1,6
200700023770,0007-04-06 12:20:00,7,4,6,12,20,840,7,"160, PIERRE SEMARD (aven",,,Plein jour,En agglomération,Hors intersection,Normale,Trois véhicules et plus - en chaîne,,,,,,,,,,,1,2,1,1,4
200700023771,0007-04-06 17:20:00,7,4,6,17,20,840,7,PIERRE SEMARD (avenue),,,Plein jour,En agglomération,Hors intersection,Normale,Trois véhicules et plus - en chaîne,,,,,,,,,,,1,2,1,1,4
200700023772,0007-04-06 18:20:00,7,4,6,18,20,840,7,"48, SIXTE ISNARD (Boulev",,,Plein jour,En agglomération,Hors intersection,Normale,Trois véhicules et plus - en chaîne,,,,,,,,,,,1,2,1,1,4
200700023773,0007-04-06 19:20:00,7,4,6,19,20,840,7,CAVAILLON (Route de Cava,,,Nuit sans éclairage public,Hors agglomération,Hors intersection,Normale,Autre collision,,,,,,,,,,,3,1,1,1,6
200700023774,0007-04-09 17:30:00,7,4,9,17,30,840,7,OULLE (Allées de l'),,,Plein jour,En agglomération,Hors intersection,Normale,Deux véhicules - arrière,,,,,,,,,,,1,2,1,1,2
200700023775,0007-04-09 17:31:00,7,4,9,17,31,840,7,EISENHOWER (Avenue),,,Plein jour,En agglomération,Hors intersection,Normale,Autre collision,,,,,,,,,,,1,2,1,1,6
200700023776,0007-04-10 18:40:00,7,4,10,18,40,840,7,MARSEILLE (Route de ),,,Plein jour,En agglomération,Hors intersection,Normale,Deux véhicules - arrière,,,,,,,,,,,1,2,1,1,2
200700023777,0007-04-11 12:20:00,7,4,11,12,20,840,7,CARDINAL BERTRAND (Cours,,,Plein jour,En agglomération,Hors intersection,Normale,Autre collision,,,,,,,,,,,1,2,1,1,6
200700023778,0007-04-12 07:45:00,7,4,12,7,45,840,7,MARSEILLE (Route de ),,,Plein jour,En agglomération,Hors intersection,Pluie légère,Trois véhicules et plus - en chaîne,,,,,,,,,,,1,2,1,2,4
200700023779,0007-04-12 13:45:00,7,4,12,13,45,840,7,CAVAILLON (Route de Cava,,,Plein jour,Hors agglomération,Hors intersection,Normale,Deux véhicules - arrière,,,,,,,,,,,1,1,1,1,2
200700023780,0007-04-12 14:45:00,7,4,12,14,45,840,7,FOLIE (Avenue de la),,,Plein jour,En agglomération,Hors intersection,Normale,Autre collision,,,,,,,,,,,1,2,1,1,6
200700023781,0007-04-13 10:05:00,7,4,13,10,5,840,7,SAINT MICHEL (Boulevard),,,Plein jour,En agglomération,Hors intersection,Pluie légère,Autre collision,,,,,,,,,,,1,2,1,2,6
200700023782,0007-04-14 21:00:00,7,4,14,21,0,840,7,CIMETIERE (Chemin),,,Nuit sans éclairage public,Hors agglomération,Hors intersection,Normale,Autre collision,,,,,,,,,,,3,1,1,1,6
200700023783,0007-04-06 20:50:00,7,4,6,20,50,840,7,CORPS SAINTS( Place des),,,Crépuscule ou aube,En agglomération,Hors intersection,Normale,Autre collision,,,,,,,,,,,2,2,1,1,6
200700023784,0007-04-16 20:40:00,7,4,16,20,40,840,7,SAINT MICHEL (Boulevard),,,Plein jour,En agglomération,Hors intersection,Normale,Deux véhicules - côté,,,,,,,,,,,1,2,1,1,3
200700023785,0007-04-18 14:05:00,7,4,18,14,5,840,7,RN129,,,Plein jour,Hors agglomération,Hors intersection,Normale,Deux véhicules - côté,,,,,,,,,,,1,1,1,1,3
200700023786,0007-04-19 09:40:00,7,4,19,9,40,840,7,"82, MONTFAVET (Route)",,,Plein jour,En agglomération,Hors intersection,Normale,Deux véhicules - frontale,,,,,,,,,,,1,2,1,1,1
200700023787,0007-04-19 21:00:00,7,4,19,21,0,840,7,PIERRE SEMARD (avenue),,,Nuit avec éclairage allumé,En agglomération,Intersection en T,Normale,Deux véhicules - côté,,,,,,,,,,,5,2,3,1,3
200700023788,0007-04-20 17:30:00,7,4,20,17,30,840,7,"32, PAMARD (Rue Paul)",,,Plein jour,En agglomération,Hors intersection,Normale,Deux véhicules - côté,,,,,,,,,,,1,2,1,1,3
200700023789,0007-04-21 21:30:00,7,4,21,21,30,840,7,"4, République (rue de la",,,Nuit avec éclairage allumé,En agglomération,Hors intersection,Normale,Autre collision,,,,,,,,,,,5,2,1,1,6
200700023790,0007-04-26 19:25:00,7,4,26,19,25,840,7,SEGHERS (rue Pierre),,,Plein jour,En agglomération,Giratoire,Normale,Deux véhicules - côté,,,,,,,,,,,1,2,6,1,3
200700023791,0007-04-27 09:05:00,7,4,27,9,5,840,7,TARASCON ( Avenue de),,,Plein jour,En agglomération,Intersection en X,Normale,Deux véhicules - côté,,,,,,,,,,,1,2,2,1,3
200700023792,0007-04-27 15:55:00,7,4,27,15,55,840,7,VENUS D'ARLES (Rue de la,,,Plein jour,En agglomération,Intersection en X,Normale,Deux véhicules - côté,,,,,,,,,,,1,2,2,1,3
200700023793,0007-04-27 16:00:00,7,4,27,16,0,840,7,"1, TARASCON ( Avenue de)",,,Plein jour,En agglomération,Hors intersection,Normale,Autre collision,,,,,,,,,,,1,2,1,1,6
200700023794,0007-04-29 11:00:00,7,4,29,11,0,840,7,TARASCON ( Avenue de),,,Plein jour,En agglomération,Hors intersection,Normale,Deux véhicules - frontale,,,,,,,,,,,1,2,1,1,1
200700023795,0007-04-29 17:55:00,7,4,29,17,55,840,7,PIERRE SEMARD (avenue),,,Plein jour,En agglomération,Hors intersection,Normale,Deux véhicules - côté,,,,,,,,,,,1,2,1,1,3
200700023796,0007-04-30 15:30:00,7,4,30,15,30,840,7,CHAULIAC (rue Guy de),,,Plein jour,En agglomération,Intersection en T,Normale,Deux véhicules - côté,,,,,,,,,,,1,2,3,1,3
200700023797,0007-04-21 02:00:00,7,4,21,2,0,840,31,HIPPODROME CHEMIN DE L',,,Nuit sans éclairage public,Hors agglomération,Hors intersection,Normale,Autre collision,,,,,,,,,,,3,1,1,1,6
200700023798,0007-04-30 19:05:00,7,4,30,19,5,840,80,"316, SAINT GENS CHEMIN D",,,Plein jour,En agglomération,Hors intersection,Pluie forte,Deux véhicules - frontale,,,,,,,,,,,1,2,1,3,1
200700023799,0007-04-01 01:47:00,7,4,1,1,47,840,35,ISLE/SORGUE-RD 938 (ROUT,,,Plein jour,Hors agglomération,Hors intersection,Normale,Deux véhicules - côté,,,,,,,,,,,1,1,1,1,3
200700023800,0007-04-28 19:10:00,7,4,28,19,10,840,87,"5, AYMARD (AVENUE RODOLP",,,Plein jour,En agglomération,Intersection en X,Normale,Trois véhicules et plus - collisions multiples,,,,,,,,,,,1,2,2,1,5
200700023801,0007-04-29 03:50:00,7,4,29,3,50,840,87,ROUTE DE SERIGNAN DUD,,,Nuit sans éclairage public,Hors agglomération,Hors intersection,Normale,Autre collision,,,,,,,,,,,3,1,1,1,6
200700023802,0007-04-13 09:55:00,7,4,13,9,55,840,89,"84089168, GRANIER (PARC",,,Plein jour,En agglomération,Hors intersection,Normale,Deux véhicules - côté,,,,,,,,,,,1,2,1,1,3
200700023803,0007-04-04 07:50:00,7,4,4,7,50,840,89,AIX EN PROVENCE(ROUTE D',,,Plein jour,Hors agglomération,Hors intersection,Normale,Deux véhicules - côté,,,,,,,,,,,1,1,1,1,3
200700023804,0007-04-03 07:50:00,7,4,3,7,50,850,191,"0, MOUILLERON ROUTE DE",,,Crépuscule ou aube,Hors agglomération,Intersection en T,Normale,Deux véhicules - côté,,,,,,,,,,,2,1,3,1,3
200700023805,0007-04-06 11:00:00,7,4,6,11,0,850,191,"238, SALENGRO RUE ROGER",,,Plein jour,En agglomération,Hors intersection,Normale,Autre collision,,,,,,,,,,,1,2,1,1,6
200700023806,0007-04-20 08:55:00,7,4,20,8,55,850,191,"0, BRANLY BOULEVARD EDOU",,,Plein jour,En agglomération,Hors intersection,Normale,Autre collision,,,,,,,,,,,1,2,1,1,6
200700023807,0007-04-23 18:36:00,7,4,23,18,36,850,191,"1, GUITTON BOULEVARD GAS",,,Plein jour,En agglomération,Intersection en T,Normale,Deux véhicules - côté,,,,,,,,,,,1,2,3,1,3
200700023808,0007-04-24 08:30:00,7,4,24,8,30,850,191,"12, COTY RUE RENE",,,Plein jour,En agglomération,Hors intersection,Normale,Autre collision,,,,,,,,,,,1,2,1,1,6
200700023809,0007-04-02 18:00:00,7,4,2,18,0,850,194,PETITE GARLIERE (RUE DE,,,Plein jour,En agglomération,Intersection en X,Normale,Deux véhicules - côté,,,,,,,,,,,1,2,2,1,3
200700023810,0007-04-03 16:00:00,7,4,3,16,0,850,194,NOUETTES (RUE DES),,,Plein jour,En agglomération,Intersection en X,Normale,Trois véhicules et plus - collisions multiples,,,,,,,,,,,1,2,2,1,5
200700023811,0007-04-05 11:15:00,7,4,5,11,15,850,194,CHARCOT (RUE DU DOCTEUR),,,Plein jour,En agglomération,Intersection en T,Normale,Deux véhicules - côté,,,,,,,,,,,1,2,3,1,3
200700023812,0007-04-06 10:00:00,7,4,6,10,0,850,194,ILE VERTIME (BOULEVARD D,,,Plein jour,En agglomération,Hors intersection,Normale,Autre collision,,,,,,,,,,,1,2,1,1,6
200700023813,0007-04-13 21:25:00,7,4,13,21,25,850,194,BUTON (RUE SERAPHIN),,,Nuit avec éclairage allumé,En agglomération,Intersection en X,Pluie légère,Deux véhicules - côté,,,,,,,,,,,5,2,2,2,3
200700023814,0007-04-30 07:30:00,7,4,30,7,30,850,194,SOUVENIR FRANCAIS (BD DU,,,Crépuscule ou aube,En agglomération,Hors intersection,Normale,Autre collision,,,,,,,,,,,2,2,1,1,6
200700023815,0007-04-22 12:30:00,7,4,22,12,30,850,194,PASTEUR (BOULEVARD),,,Plein jour,En agglomération,Intersection en X,Temps éblouissant,Deux véhicules - côté,,,,,,,,,,,1,2,2,7,3
200700023816,0007-04-02 09:10:00,7,4,2,9,10,860,88,RN.10,,,Plein jour,Hors agglomération,Hors intersection,Normale,Deux véhicules - arrière,,,,,,,,,,,1,1,1,1,2
200700023817,0007-04-02 17:45:00,7,4,2,17,45,860,194,"24, JEANNE D'ARC (BOULEV",,,Plein jour,En agglomération,Hors intersection,Normale,Deux véhicules - côté,,,,,,,,,,,1,2,1,1,3
200700023818,0007-04-03 14:25:00,7,4,3,14,25,860,194,"42, RHIN ET DANUBE (AVEN",,,Plein jour,En agglomération,Hors intersection,Normale,Autre collision,,,,,,,,,,,1,2,1,1,6
200700023819,0007-04-05 19:40:00,7,4,5,19,40,860,214,11 NOVEMBRE (AVENUE DU),,,Plein jour,En agglomération,Hors intersection,Normale,Autre collision,,,,,,,,,,,1,2,1,1,6
200700023820,0007-04-07 15:40:00,7,4,7,15,40,860,194,"50, JAMBE A L'ANE (RUE D",,,Plein jour,En agglomération,Hors intersection,Normale,Autre collision,,,,,,,,,,,1,2,1,1,6
200700023821,0007-04-07 17:15:00,7,4,7,17,15,860,194,"., MARECHAL DE LATTRE DE",,,Plein jour,En agglomération,Hors intersection,Normale,Autre collision,,,,,,,,,,,1,2,1,1,6
200700023822,0007-04-08 16:05:00,7,4,8,16,5,860,194,8 MAI 1945 (AVENUE DU),,,Plein jour,En agglomération,Intersection en X,Normale,Deux véhicules - côté,,,,,,,,,,,1,2,2,1,3
200700023823,0007-04-10 16:10:00,7,4,10,16,10,860,158,RN.149,,,Plein jour,Hors agglomération,Hors intersection,Normale,Deux véhicules - frontale,,,,,,,,,,,1,1,1,1,1
200700023824,0007-04-10 17:05:00,7,4,10,17,5,860,194,PONT ACHARD (BOULEVARD),,,Plein jour,En agglomération,Intersection en T,Normale,Deux véhicules - arrière,,,,,,,,,,,1,2,3,1,2
200700023825,0007-04-14 19:00:00,7,4,14,19,0,860,194,"58, GENCAY (ROUTE DE)",,,Plein jour,En agglomération,Intersection en T,Normale,Deux véhicules - côté,,,,,,,,,,,1,2,3,1,3
200700023826,0007-04-16 17:25:00,7,4,16,17,25,860,194,"., CHAUMONT (RUE DE)",,,Plein jour,En agglomération,Hors intersection,Normale,Trois véhicules et plus - en chaîne,,,,,,,,,,,1,2,1,1,4
200700023827,0007-04-16 23:00:00,7,4,16,23,0,860,194,ANDRE MALRAUX (VOIE),,,Nuit avec éclairage allumé,En agglomération,Hors intersection,Normale,Deux véhicules - côté,,,,,,,,,,,5,2,1,1,3
200700023828,0007-04-19 16:30:00,7,4,19,16,30,860,133,"37, GRANDE RUE",,,Plein jour,En agglomération,Hors intersection,Normale,Deux véhicules - frontale,,,,,,,,,,,1,2,1,1,1
200700023829,0007-04-22 13:05:00,7,4,22,13,5,860,194,ROCADE OUEST (RN10),,,Plein jour,En agglomération,Hors intersection,Normale,Deux véhicules - arrière,,,,,,,,,,,1,2,1,1,2
200700023830,0007-04-22 13:10:00,7,4,22,13,10,860,158,"23, COSSES (RUE DES)",,,Plein jour,En agglomération,Hors intersection,Normale,Deux véhicules - côté,,,,,,,,,,,1,2,1,1,3
200700023831,0007-04-24 18:40:00,7,4,24,18,40,860,194,ROCADE OUEST (RN10),,,Plein jour,En agglomération,Intersection en X,Normale,Deux véhicules - côté,,,,,,,,,,,1,2,2,1,3
200700023832,0007-04-28 16:28:00,7,4,28,16,28,860,194,"., COLIGNY (BOULEVARD)",,,Plein jour,En agglomération,Intersection en T,Normale,Autre collision,,,,,,,,,,,1,2,3,1,6
200700023833,0007-04-28 16:45:00,7,4,28,16,45,860,158,"., RN.147",,,Plein jour,Hors agglomération,Hors intersection,Normale,Deux véhicules - arrière,,,,,,,,,,,1,1,1,1,2
200700023834,0007-04-30 13:20:00,7,4,30,13,20,860,194,JOHN KENNEDY (AVENUE),,,Plein jour,En agglomération,Intersection en X,Normale,Deux véhicules - côté,,,,,,,,,,,1,2,2,1,3
200700023835,0007-04-30 19:25:00,7,4,30,19,25,860,194,"., LAFAYETTE (AVENUE DE)",,,Plein jour,En agglomération,Hors intersection,Normale,Autre collision,,,,,,,,,,,1,2,1,1,6
200700023836,0007-04-02 20:50:00,7,4,2,20,50,870,113,MITTERRAND (AVENUE FRANC,,,Nuit sans éclairage public,En agglomération,Hors intersection,Normale,Autre collision,,,,,,,,,,,3,2,1,1,6
200700023837,0007-04-02 21:10:00,7,4,2,21,10,870,85,"222, DUTREIX (RUE ARMAND",,,Nuit avec éclairage allumé,En agglomération,Intersection en T,Normale,Autre collision,,,,,,,,,,,5,2,3,1,6
200700023838,0007-04-03 09:02:00,7,4,3,9,2,870,85,CHAMBE (AVENUE DU GENERA,,,Plein jour,En agglomération,Hors intersection,Normale,Trois véhicules et plus - en chaîne,,,,,,,,,,,1,2,1,1,4
200700023839,0007-04-03 17:53:00,7,4,3,17,53,870,85,"1, PANAZOL (RUE DE)",,,Plein jour,En agglomération,Intersection en T,Normale,Deux véhicules - côté,,,,,,,,,,,1,2,3,1,3
200700023840,0007-04-05 23:15:00,7,4,5,23,15,870,85,AUTOROUTE A20,,,Nuit avec éclairage allumé,Hors agglomération,Hors intersection,Normale,Deux véhicules - arrière,,,,,,,,,,,5,1,1,1,2
200700023841,0007-04-06 11:37:00,7,4,6,11,37,870,85,"271, DUTREIX (RUE ARMAND",,,Plein jour,En agglomération,Hors intersection,Normale,Autre collision,,,,,,,,,,,1,2,1,1,6
200700023842,0007-04-06 15:11:00,7,4,6,15,11,870,85,SCHUMAN (BOULEVARD ROBER,,,Plein jour,En agglomération,Hors intersection,Normale,Deux véhicules - arrière,,,,,,,,,,,1,2,1,1,2
200700023843,0007-04-08 11:10:00,7,4,8,11,10,870,85,"86, LECLERC (AVENUE DU G",,,Plein jour,En agglomération,Hors intersection,Normale,Autre collision,,,,,,,,,,,1,2,1,1,6
200700023844,0007-04-08 12:44:00,7,4,8,12,44,870,75,BALEZY (ROUTE DE),,,Plein jour,Hors agglomération,Hors intersection,Normale,Autre collision,,,,,,,,,,,1,1,1,1,6
200700023845,0007-04-08 21:21:00,7,4,8,21,21,870,85,"5, LATTRE-DE-TASSIGNY (A",,,Crépuscule ou aube,En agglomération,Intersection en X,Normale,Deux véhicules - côté,,,,,,,,,,,2,2,2,1,3
200700023846,0007-04-10 13:48:00,7,4,10,13,48,870,85,"19, MIDI (AVENUE DU)",,,Plein jour,En agglomération,Hors intersection,Normale,Trois véhicules et plus - en chaîne,,,,,,,,,,,1,2,1,1,4
200700023847,0007-04-12 15:40:00,7,4,12,15,40,870,85,"15, LATTRE-DE-TASSIGNY (",,,Plein jour,En agglomération,Hors intersection,Pluie légère,Autre collision,,,,,,,,,,,1,2,1,2,6
200700023848,0007-04-12 17:05:00,7,4,12,17,5,870,85,SCHUMAN (BOULEVARD ROBER,,,Plein jour,En agglomération,Hors intersection,Pluie légère,Deux véhicules - arrière,,,,,,,,,,,1,2,1,2,2
200700023849,0007-04-13 15:33:00,7,4,13,15,33,870,85,AUTOROUTE A20,,,Plein jour,Hors agglomération,Hors intersection,Normale,Trois véhicules et plus - en chaîne,,,,,,,,,,,1,1,1,1,4
200700023850,0007-04-13 21:46:00,7,4,13,21,46,870,85,"25, LECLERC (AVENUE DU G",,,Nuit avec éclairage allumé,En agglomération,Hors intersection,Pluie légère,Autre collision,,,,,,,,,,,5,2,1,2,6
200700023851,0007-04-16 18:26:00,7,4,16,18,26,870,85,FEYTIAT (RUE DE),,,Plein jour,En agglomération,Hors intersection,Normale,Deux véhicules - arrière,,,,,,,,,,,1,2,1,1,2
200700023852,0007-04-15 16:48:00,7,4,15,16,48,870,50,"126, LIMOGES (AVENUE DE)",,,Plein jour,En agglomération,Hors intersection,Normale,Deux véhicules - côté,,,,,,,,,,,1,2,1,1,3