accident_id,datetime,annee,mois,jour,heure,minute,departement,commune_insee,adresse,latitude,longitude,luminosite,agglomeration,intersection,meteo,collision,nb_vehicules,nb_usagers,nb_indemnes,nb_tues,nb_blesses_hosp,nb_blesses_legers,age_cond_1,age_cond_2,veh_type_cond_1,veh_type_cond_2,lum_code,agg_code,int_code,atm_code,col_code
200700024123,0007-04-23 17:15:00,7,4,23,17,15,920,50,"256, CLEMENCEAU GEORGES",,,Plein jour,En agglomération,Hors intersection,Normale,Deux véhicules - arrière,,,,,,,,,,,1,2,1,1,2
200700024124,0007-04-17 18:55:00,7,4,17,18,55,920,50,"25, SADI CARNOT RUE",,,Plein jour,Hors agglomération,Hors intersection,Normale,Autre collision,,,,,,,,,,,1,1,1,1,6
200700024125,0007-04-27 16:50:00,7,4,27,16,50,920,50,ALLENDE SALVADOR RUE,,,Plein jour,En agglomération,Hors intersection,Normale,Deux véhicules - frontale,,,,,,,,,,,1,2,1,1,1
200700024126,0007-04-11 10:40:00,7,4,11,10,40,920,50,ARAGO FRANCOIS AVENUE,,,Plein jour,En agglomération,Intersection en T,Normale,Autre collision,,,,,,,,,,,1,2,3,1,6
200700024127,0007-04-17 12:30:00,7,4,17,12,30,920,50,"56, RENAN ERNEST RUE",,,Plein jour,En agglomération,Hors intersection,Normale,Autre collision,,,,,,,,,,,1,2,1,1,6
200700024128,0007-04-30 13:40:00,7,4,30,13,40,920,50,JOLIOT CURIE F. ET IRENE,,,Plein jour,En agglomération,Hors intersection,Normale,Autre collision,,,,,,,,,,,1,2,1,1,6
200700024129,0007-04-15 15:15:00,7,4,15,15,15,920,50,BOULE PLACE DE LA,,,Plein jour,En agglomération,Giratoire,Normale,Deux véhicules - arrière,,,,,,,,,,,1,2,6,1,2
200700024130,0007-04-26 06:25:00,7,4,26,6,25,920,50,PREMIER MAI RUE DU,,,Plein jour,En agglomération,Hors intersection,Normale,Sans collision,,,,,,,,,,,1,2,1,1,7
200700024131,0007-04-26 11:30:00,7,4,26,11,30,920,50,REPUBLIQUE AVENUE DE LA,,,Plein jour,En agglomération,Hors intersection,Normale,Autre collision,,,,,,,,,,,1,2,1,1,6
200700024132,0007-04-16 18:30:00,7,4,16,18,30,920,50,ZILINA RUE DE,,,Plein jour,En agglomération,Hors intersection,Normale,Autre collision,,,,,,,,,,,1,2,1,1,6
200700024133,0007-04-17 18:15:00,7,4,17,18,15,920,50,JOLIOT CURIE F. ET IRENE,,,Plein jour,En agglomération,Giratoire,Normale,Autre collision,,,,,,,,,,,1,2,6,1,6
200700024134,0007-04-17 16:30:00,7,4,17,16,30,920,50,LENINE VLADIMIR ILITCH A,,,Plein jour,En agglomération,Hors intersection,Normale,Trois véhicules et plus - en chaîne,,,,,,,,,,,1,2,1,1,4
200700024135,0007-04-26 18:45:00,7,4,26,18,45,920,50,FONTENELLES RUE DES,,,Plein jour,En agglomération,Hors intersection,Normale,Deux véhicules - côté,,,,,,,,,,,1,2,1,1,3
200700024136,0007-04-05 22:40:00,7,4,5,22,40,920,51,"28, SAINTE FOY (AVENUE)",,,Nuit avec éclairage allumé,En agglomération,Hors intersection,Normale,Autre collision,,,,,,,,,,,5,2,1,1,6
200700024137,0007-04-04 10:10:00,7,4,4,10,10,920,51,"9, MONTROSIER (RUE)",,,Plein jour,En agglomération,Hors intersection,Normale,Autre collision,,,,,,,,,,,1,2,1,1,6
200700024138,0007-04-04 07:35:00,7,4,4,7,35,920,51,"100, CHARLES DE GAULLE (",,,Plein jour,En agglomération,Hors intersection,Normale,Trois véhicules et plus - collisions multiples,,,,,,,,,,,1,2,1,1,5
200700024139,0007-04-10 16:25:00,7,4,10,16,25,920,51,ACACIA (VILLA DE L'),,,Plein jour,En agglomération,Hors intersection,Normale,Autre collision,,,,,,,,,,,1,2,1,1,6
200700024140,0007-04-10 20:50:00,7,4,10,20,50,920,51,"223, CHARLES DE GAULLE (",,,Crépuscule ou aube,En agglomération,Hors intersection,Normale,Autre collision,,,,,,,,,,,2,2,1,1,6
200700024141,0007-04-13 15:25:00,7,4,13,15,25,920,51,"111, CHARLES DE GAULLE (",,,Plein jour,En agglomération,Hors intersection,Normale,Autre collision,,,,,,,,,,,1,2,1,1,6
200700024142,0007-04-24 17:30:00,7,4,24,17,30,920,51,"69, ROULE (AVENUE DU, N°",,,Plein jour,En agglomération,Intersection en T,Normale,Deux véhicules - côté,,,,,,,,,,,1,2,3,1,3
200700024143,0007-04-25 15:45:00,7,4,25,15,45,920,51,"31, GENERAL KOENIG (BOUL",,,Plein jour,En agglomération,Hors intersection,Normale,Deux véhicules - côté,,,,,,,,,,,1,2,1,1,3
200700024144,0007-04-25 17:50:00,7,4,25,17,50,920,51,"52, ARGENSON (BOULEVARD,",,,Plein jour,En agglomération,Hors intersection,Normale,Autre collision,,,,,,,,,,,1,2,1,1,6
200700024145,0007-04-23 23:45:00,7,4,23,23,45,920,51,"177, CHARLES DE GAULLE (",,,Nuit avec éclairage allumé,En agglomération,Hors intersection,Normale,Deux véhicules - côté,,,,,,,,,,,5,2,1,1,3
200700024146,0007-04-04 11:25:00,7,4,4,11,25,920,62,"0, REPUBLIQUE (RUE DE LA",,,Plein jour,En agglomération,Intersection en X,Normale,Sans collision,,,,,,,,,,,1,2,2,1,7
200700024147,0007-04-14 14:55:00,7,4,14,14,55,920,62,"112, JAURES (RUE JEAN) D",,,Plein jour,En agglomération,Hors intersection,Normale,Deux véhicules - arrière,,,,,,,,,,,1,2,1,1,2
200700024148,0007-04-19 19:25:00,7,4,19,19,25,920,62,"00, PUTEAUX (PONT DE)",,,Plein jour,En agglomération,Hors intersection,Normale,Autre collision,,,,,,,,,,,1,2,1,1,6
200700024149,0007-04-25 19:50:00,7,4,25,19,50,920,62,"00, WALLACE (BD RICHARD)",,,Plein jour,En agglomération,Intersection en X,Normale,Deux véhicules - côté,,,,,,,,,,,1,2,2,1,3
200700024150,0007-04-28 18:15:00,7,4,28,18,15,920,62,"00, FUSILLES DE LA RESIS",,,Plein jour,En agglomération,Intersection en X,Normale,Deux véhicules - côté,,,,,,,,,,,1,2,2,1,3
200700024151,0007-04-04 09:10:00,7,4,4,9,10,920,63,"34, DOUMER (AVENUE PAUL)",,,Plein jour,En agglomération,Hors intersection,Normale,Deux véhicules - arrière,,,,,,,,,,,1,2,1,1,2
200700024152,0007-04-04 12:40:00,7,4,4,12,40,920,63,MONT VALERIEN (AVENUE DU,,,Plein jour,En agglomération,Intersection en T,Normale,Deux véhicules - côté,,,,,,,,,,,1,2,3,1,3
200700024153,0007-04-04 18:15:00,7,4,4,18,15,920,63,"7, DIX-HUIT JUIN 1940 (A",,,Plein jour,En agglomération,Hors intersection,Normale,Deux véhicules - arrière,,,,,,,,,,,1,2,1,1,2
200700024154,0007-04-06 08:50:00,7,4,6,8,50,920,63,"7 bis, PARENT (RUE JULES",,,Plein jour,En agglomération,Hors intersection,Normale,Deux véhicules - côté,,,,,,,,,,,1,2,1,1,3
200700024155,0007-04-10 18:30:00,7,4,10,18,30,920,63,"NEANT, GALLIENI (RUE)",,,Plein jour,En agglomération,Intersection en X,Normale,Trois véhicules et plus - collisions multiples,,,,,,,,,,,1,2,2,1,5
200700024156,0007-04-11 04:10:00,7,4,11,4,10,920,63,"NEANT, BONAPARTE (AVENUE",,,Crépuscule ou aube,En agglomération,Hors intersection,Normale,Sans collision,,,,,,,,,,,2,2,1,1,7
200700024157,0007-04-23 08:20:00,7,4,23,8,20,920,63,"41, POMPIDOU (AVENUE DU",,,Plein jour,En agglomération,Hors intersection,Normale,Autre collision,,,,,,,,,,,1,2,1,1,6
200700024158,0007-04-25 16:05:00,7,4,25,16,5,920,63,"NEANT, HOPITAL STELL (BO",,,Plein jour,En agglomération,Hors intersection,Normale,Autre collision,,,,,,,,,,,1,2,1,1,6
200700024159,0007-04-03 10:30:00,7,4,3,10,30,920,64,CARNOT,,,Plein jour,En agglomération,Intersection en T,Normale,Deux véhicules - côté,,,,,,,,,,,1,2,3,1,3
200700024160,0007-04-06 11:45:00,7,4,6,11,45,920,33,FOCH,,,Plein jour,En agglomération,Intersection en T,Normale,Autre collision,,,,,,,,,,,1,2,3,1,6
200700024161,0007-04-05 17:00:00,7,4,5,17,0,920,64,MONT VALERIEN,,,Plein jour,En agglomération,Hors intersection,Normale,Autre collision,,,,,,,,,,,1,2,1,1,6
200700024162,0007-04-09 02:00:00,7,4,9,2,0,920,64,CARNOT,,,Nuit avec éclairage allumé,En agglomération,Hors intersection,Normale,Deux véhicules - arrière,,,,,,,,,,,5,2,1,1,2
200700024163,0007-04-13 21:50:00,7,4,13,21,50,920,64,"750, CARNOT",,,Nuit avec éclairage allumé,En agglomération,Autre intersection,Normale,Deux véhicules - côté,,,,,,,,,,,5,2,9,1,3
200700024164,0007-04-14 13:45:00,7,4,14,13,45,920,64,DAILLY,,,Plein jour,En agglomération,Intersection à plus de 4 branches,Normale,Deux véhicules - arrière,,,,,,,,,,,1,2,5,1,2
200700024165,0007-04-16 10:20:00,7,4,16,10,20,920,64,"47, REPUBLIQUE",,,Plein jour,En agglomération,Hors intersection,Normale,Deux véhicules - côté,,,,,,,,,,,1,2,1,1,3
200700024166,0007-04-17 17:20:00,7,4,17,17,20,920,64,"26, CARNOT",,,Plein jour,En agglomération,Hors intersection,Normale,Autre collision,,,,,,,,,,,1,2,1,1,6
200700024167,0007-04-22 02:10:00,7,4,22,2,10,920,64,"113, MARECHAL FOCH",,,Nuit avec éclairage allumé,En agglomération,Hors intersection,Normale,Autre collision,,,,,,,,,,,5,2,1,1,6
200700024168,0007-04-25 08:55:00,7,4,25,8,55,920,64,GOUNOD,,,Plein jour,En agglomération,Hors intersection,Normale,Autre collision,,,,,,,,,,,1,2,1,1,6
200700024169,0007-04-25 19:10:00,7,4,25,19,10,920,76,"03, RAYMOND POINCARE",,,Plein jour,En agglomération,Hors intersection,Normale,Deux véhicules - côté,,,,,,,,,,,1,2,1,1,3
200700024170,0007-04-28 16:30:00,7,4,28,16,30,920,64,REPUBLIQUE,,,Plein jour,En agglomération,Intersection en Y,Normale,Trois véhicules et plus - collisions multiples,,,,,,,,,,,1,2,4,1,5
200700024171,0007-04-30 05:30:00,7,4,30,5,30,920,64,PLACE CLEMENCEAU,,,Crépuscule ou aube,En agglomération,Hors intersection,Normale,Autre collision,,,,,,,,,,,2,2,1,1,6
200700024172,0007-04-04 13:15:00,7,4,4,13,15,920,72,"52, VILLE D'AVRAY (RUE D",,,Plein jour,En agglomération,Hors intersection,Normale,Autre collision,,,,,,,,,,,1,2,1,1,6
200700024173,0007-04-04 16:50:00,7,4,4,16,50,920,22,"., PAVE DE MEUDON (ROUTE",,,Plein jour,En agglomération,Hors intersection,Normale,Sans collision,,,,,,,,,,,1,2,1,1,7
200700024174,0007-04-13 17:45:00,7,4,13,17,45,920,72,"28, TROYON (RUE)",,,Plein jour,En agglomération,Hors intersection,Normale,Deux véhicules - côté,,,,,,,,,,,1,2,1,1,3
200700024175,0007-04-20 14:00:00,7,4,20,14,0,920,22,"., SALENGRO (AVENUE ROGE",,,Plein jour,En agglomération,Hors intersection,Normale,Deux véhicules - côté,,,,,,,,,,,1,2,1,1,3
200700024176,0007-04-22 18:50:00,7,4,22,18,50,920,22,"22, MORTES FONTAINES (RU",,,Plein jour,En agglomération,Hors intersection,Normale,Sans collision,,,,,,,,,,,1,2,1,1,7
200700024177,0007-04-03 15:50:00,7,4,3,15,50,920,73,"24, GALLIENI (QUAI)",,,Plein jour,En agglomération,Hors intersection,Normale,Deux véhicules - arrière,,,,,,,,,,,1,2,1,1,2
200700024178,0007-04-11 20:15:00,7,4,11,20,15,920,73,"171, SELLIER (BOULEVARD",,,Crépuscule ou aube,En agglomération,Hors intersection,Normale,Deux véhicules - arrière,,,,,,,,,,,2,2,1,1,2
200700024179,0007-04-12 18:55:00,7,4,12,18,55,920,73,"21, GALLIENI (QUAI)",,,Plein jour,En agglomération,Intersection en T,Normale,Deux véhicules - arrière,,,,,,,,,,,1,2,3,1,2
200700024180,0007-04-12 14:20:00,7,4,12,14,20,920,73,"27, VERDUN (RUE DE)",,,Plein jour,En agglomération,Hors intersection,Normale,Deux véhicules - côté,,,,,,,,,,,1,2,1,1,3
200700024181,0007-04-16 16:40:00,7,4,16,16,40,920,73,"43, DUCLAUX (RUE EMILE)",,,Plein jour,En agglomération,Intersection en X,Normale,Autre collision,,,,,,,,,,,1,2,2,1,6
200700024182,0007-04-17 15:20:00,7,4,17,15,20,920,73,"17, SELLIER (BOULEVARD H",,,Plein jour,En agglomération,Intersection en T,Normale,Deux véhicules - côté,,,,,,,,,,,1,2,3,1,3
200700024183,0007-04-17 12:45:00,7,4,17,12,45,920,73,"83, DE LATTRE DE TASSIGN",,,Plein jour,En agglomération,Hors intersection,Normale,Autre collision,,,,,,,,,,,1,2,1,1,6
200700024184,0007-04-17 18:50:00,7,4,17,18,50,920,73,"08, DECOUR (RUE JACQUES)",,,Plein jour,En agglomération,Intersection en T,Normale,Autre collision,,,,,,,,,,,1,2,3,1,6
200700024185,0007-04-18 19:10:00,7,4,18,19,10,920,73,"28, JAURES (AVENUE JEAN)",,,Plein jour,En agglomération,Intersection en T,Normale,Autre collision,,,,,,,,,,,1,2,3,1,6
200700024186,0007-04-18 19:30:00,7,4,18,19,30,920,73,"6, CARNOT (RUE)",,,Plein jour,En agglomération,Intersection en T,Normale,Autre collision,,,,,,,,,,,1,2,3,1,6
200700024187,0007-04-20 18:30:00,7,4,20,18,30,920,73,"49, DE LATTRE DE TASSIGN",,,Plein jour,En agglomération,Intersection en X,Normale,Deux véhicules - côté,,,,,,,,,,,1,2,2,1,3
200700024188,0007-04-01 17:00:00,7,4,1,17,0,920,75,"90, JEAN BLEUZEN (RUE)",,,Plein jour,En agglomération,Hors intersection,Normale,Autre collision,,,,,,,,,,,1,2,1,1,6
200700024189,0007-04-04 08:55:00,7,4,4,8,55,920,46,Charles de gaulle,,,Plein jour,En agglomération,Intersection en T,Normale,Autre collision,,,,,,,,,,,1,2,3,1,6
200700024190,0007-04-11 16:55:00,7,4,11,16,55,920,46,Charles de gaulle,,,Plein jour,En agglomération,Hors intersection,Normale,Deux véhicules - côté,,,,,,,,,,,1,2,1,1,3
200700024191,0007-04-13 14:30:00,7,4,13,14,30,920,75,JEAN BLEUZEN,,,Plein jour,En agglomération,Intersection en T,Normale,Deux véhicules - côté,,,,,,,,,,,1,2,3,1,3
200700024192,0007-04-16 17:30:00,7,4,16,17,30,920,46,GABRIEL PERI,,,Plein jour,En agglomération,Intersection en X,Normale,Deux véhicules - côté,,,,,,,,,,,1,2,2,1,3
200700024193,0007-04-21 17:40:00,7,4,21,17,40,920,46,"12, AVAULEE (RUE)",,,Plein jour,En agglomération,Hors intersection,Normale,Trois véhicules et plus - collisions multiples,,,,,,,,,,,1,2,1,1,5
200700024194,0007-04-23 11:15:00,7,4,23,11,15,920,46,CAMELINAT,,,Plein jour,En agglomération,Intersection en X,Normale,Deux véhicules - côté,,,,,,,,,,,1,2,2,1,3
200700024195,0007-04-24 18:35:00,7,4,24,18,35,920,46,"30, DE STALINGRAD",,,Plein jour,En agglomération,Hors intersection,Normale,Autre collision,,,,,,,,,,,1,2,1,1,6
200700024196,0007-04-26 14:10:00,7,4,26,14,10,920,75,JEAN BLEUZEN,,,Plein jour,En agglomération,Intersection en T,Normale,Deux véhicules - côté,,,,,,,,,,,1,2,3,1,3
200700024197,0007-04-26 20:35:00,7,4,26,20,35,920,75,LYCEE (BOULEVARD DU),,,Crépuscule ou aube,En agglomération,Hors intersection,Normale,Deux véhicules - côté,,,,,,,,,,,2,2,1,1,3
200700024198,0007-04-27 09:00:00,7,4,27,9,0,920,46,"21, DE STALINGRAD",,,Plein jour,En agglomération,Giratoire,Normale,Autre collision,,,,,,,,,,,1,2,6,1,6
200700024199,0007-04-07 08:54:00,7,4,7,8,54,920,78,VERDUN (AVENUE) (PAIRS 2,,,Plein jour,En agglomération,Hors intersection,Normale,Autre collision,,,,,,,,,,,1,2,1,1,6
200700024200,0007-04-02 21:55:00,7,4,2,21,55,920,62,Rue Félix EBOUE,,,Nuit avec éclairage allumé,En agglomération,Intersection en Y,Normale,Sans collision,,,,,,,,,,,5,2,4,1,7
200700024201,0007-04-27 20:55:00,7,4,27,20,55,920,62,"1, RUE PIERRE GAUDIN",,,Nuit avec éclairage allumé,En agglomération,Hors intersection,Normale,Sans collision,,,,,,,,,,,5,2,1,1,7
200700024202,0007-04-04 17:30:00,7,4,4,17,30,930,1,"122, DANIELLE CASANOVA (",,,Plein jour,En agglomération,Hors intersection,Normale,Autre collision,,,,,,,,,,,1,2,1,1,6
200700024203,0007-04-06 14:36:00,7,4,6,14,36,930,1,"X, REPUBLIQUE (AVE DE LA",,,Plein jour,Hors agglomération,Hors intersection,Normale,Deux véhicules - côté,,,,,,,,,,,1,1,1,1,3
200700024204,0007-04-08 19:50:00,7,4,8,19,50,930,1,"2, REPUBLIQUE (AVE DE LA",,,Plein jour,En agglomération,Hors intersection,Normale,Autre collision,,,,,,,,,,,1,2,1,1,6
200700024205,0007-04-11 21:20:00,7,4,11,21,20,930,1,"57, ANATOLE FRANCE  (BLD",,,Nuit avec éclairage allumé,En agglomération,Intersection en X,Normale,Deux véhicules - côté,,,,,,,,,,,5,2,2,1,3
200700024206,0007-04-17 19:05:00,7,4,17,19,5,930,1,"01, DANIELLE CASANOVA (R",,,Plein jour,En agglomération,Intersection à plus de 4 branches,Normale,Deux véhicules - côté,,,,,,,,,,,1,2,5,1,3
200700024207,0007-04-18 18:50:00,7,4,18,18,50,930,1,"104, REPUBLIQUE (AVE DE",,,Plein jour,En agglomération,Hors intersection,Normale,Autre collision,,,,,,,,,,,1,2,1,1,6
200700024208,0007-04-19 18:15:00,7,4,19,18,15,930,1,HAIE COQ (RUE DE LA ) 93,,,Plein jour,En agglomération,Hors intersection,Normale,Deux véhicules - côté,,,,,,,,,,,1,2,1,1,3
200700024209,0007-04-22 19:25:00,7,4,22,19,25,930,1,"14, MOUTIER (RUE DU)  =>",,,Plein jour,En agglomération,Hors intersection,Normale,Autre collision,,,,,,,,,,,1,2,1,1,6
200700024210,0007-04-23 09:30:00,7,4,23,9,30,930,1,ANATOLE FRANCE (BLD) PAI,,,Plein jour,En agglomération,Intersection en X,Normale,Deux véhicules - côté,,,,,,,,,,,1,2,2,1,3
200700024211,0007-04-24 19:37:00,7,4,24,19,37,930,1,"34, HEMET (RUE) (PAIR)",,,Plein jour,En agglomération,Hors intersection,Normale,Autre collision,,,,,,,,,,,1,2,1,1,6
200700024212,0007-04-27 16:00:00,7,4,27,16,0,930,1,"67, VICTOR HUGO (AVE)  =",,,Plein jour,En agglomération,Hors intersection,Normale,Autre collision,,,,,,,,,,,1,2,1,1,6
200700024213,0007-04-27 19:05:00,7,4,27,19,5,930,1,"45, PRESIDENT ROOSEVELT",,,Plein jour,En agglomération,Hors intersection,Normale,Deux véhicules - côté,,,,,,,,,,,1,2,1,1,3
200700024214,0007-04-28 18:00:00,7,4,28,18,0,930,1,"55, CITES (RUE DES)  =>",,,Plein jour,En agglomération,Intersection en X,Normale,Deux véhicules - côté,,,,,,,,,,,1,2,2,1,3
200700024215,0007-04-29 22:10:00,7,4,29,22,10,930,1,ERNEST PREVOST (RUE),,,Nuit avec éclairage allumé,En agglomération,Intersection en T,Pluie légère,Autre collision,,,,,,,,,,,5,2,3,2,6
200700024216,0007-04-30 13:45:00,7,4,30,13,45,930,1,"09, LUCIEN LEFRANC (QUAI",,,Plein jour,En agglomération,Hors intersection,Normale,Deux véhicules - côté,,,,,,,,,,,1,2,1,1,3
200700024217,0007-04-05 09:40:00,7,4,5,9,40,930,5,"2, CROIX BLANCHE (AVENUE",,,Plein jour,En agglomération,Intersection en X,Normale,Deux véhicules - frontale,,,,,,,,,,,1,2,2,1,1
200700024218,0007-04-04 17:00:00,7,4,4,17,0,930,5,PARINOR,,,Plein jour,Hors agglomération,Hors intersection,Normale,Autre collision,,,,,,,,,,,1,1,1,1,6
200700024219,0007-04-05 19:50:00,7,4,5,19,50,930,5,DIDEROT (RUE),,,Crépuscule ou aube,En agglomération,Intersection en X,Normale,Deux véhicules - côté,,,,,,,,,,,2,2,2,1,3
200700024220,0007-04-08 22:20:00,7,4,8,22,20,930,5,EUROPE (CARREFOUR DE L'),,,Nuit avec éclairage allumé,En agglomération,Giratoire,Normale,Trois véhicules et plus - collisions multiples,,,,,,,,,,,5,2,6,1,5
200700024221,0007-04-09 13:25:00,7,4,9,13,25,930,5,"64, MAXIMILIEN ROBESPIER",,,Plein jour,En agglomération,Intersection en X,Normale,Deux véhicules - côté,,,,,,,,,,,1,2,2,1,3
200700024222,0007-04-10 19:25:00,7,4,10,19,25,930,5,HENRI MONDOR (RUE),,,Plein jour,En agglomération,Intersection en T,Normale,Deux véhicules - côté,,,,,,,,,,,1,2,3,1,3
200700024223,0007-04-12 15:45:00,7,4,12,15,45,930,5,"21, DANTON (RUE)",,,Plein jour,En agglomération,Hors intersection,Temps éblouissant,Autre collision,,,,,,,,,,,1,2,1,7,6
200700024224,0007-04-16 18:43:00,7,4,16,18,43,930,5,SUZANNE LENGLEN (AVENUE),,,Plein jour,En agglomération,Autre intersection,Normale,Sans collision,,,,,,,,,,,1,2,9,1,7
200700024225,0007-04-22 22:05:00,7,4,22,22,5,930,5,"25, JULES PRINCET [CD115",,,Nuit avec éclairage allumé,En agglomération,Hors intersection,Normale,Deux véhicules - arrière,,,,,,,,,,,5,2,1,1,2
200700024226,0007-04-24 08:35:00,7,4,24,8,35,930,5,GEORGES BRAQUE (BOULEVAR,,,Plein jour,Hors agglomération,Hors intersection,Normale,Deux véhicules - arrière,,,,,,,,,,,1,1,1,1,2
200700024227,0007-04-26 20:05:00,7,4,26,20,5,930,5,GEORGES BRAQUE (BOULEVAR,,,Plein jour,En agglomération,Hors intersection,Normale,Deux véhicules - côté,,,,,,,,,,,1,2,1,1,3
200700024228,0007-04-27 17:15:00,7,4,27,17,15,930,5,"16, JEAN CHARCOT [CD115]",,,Plein jour,En agglomération,Intersection en T,Normale,Autre collision,,,,,,,,,,,1,2,3,1,6
200700024229,0007-04-28 16:30:00,7,4,28,16,30,930,5,GILBERTE DESNOYERS (RUE),,,Plein jour,En agglomération,Hors intersection,Normale,Autre collision,,,,,,,,,,,1,2,1,1,6
200700024230,0007-04-28 17:20:00,7,4,28,17,20,930,5,COPENHAGUE (ALLEE DE),,,Plein jour,En agglomération,Hors intersection,Normale,Autre collision,,,,,,,,,,,1,2,1,1,6
200700024231,0007-04-30 10:10:00,7,4,30,10,10,930,5,ANDRE CITROEN (BOULEVARD,,,Plein jour,Hors agglomération,Hors intersection,Normale,Autre collision,,,,,,,,,,,1,1,1,1,6
200700024232,0007-04-04 09:58:00,7,4,4,9,58,930,7,CHARLES FLOQUET (AVENUE),,,Plein jour,En agglomération,Intersection en X,Normale,Deux véhicules - côté,,,,,,,,,,,1,2,2,1,3
200700024233,0007-04-13 15:15:00,7,4,13,15,15,930,7,"0.000, PAUL LANGEVIN (RU",,,Plein jour,En agglomération,Intersection en X,Normale,Deux véhicules - côté,,,,,,,,,,,1,2,2,1,3
200700024234,0007-04-15 12:00:00,7,4,15,12,0,930,7,FELIX EBOUE (AVENUE),,,Plein jour,En agglomération,Intersection en T,Normale,Autre collision,,,,,,,,,,,1,2,3,1,6
200700024235,0007-04-19 09:58:00,7,4,19,9,58,930,7,MAURICE THOREZ (RUE),,,Plein jour,En agglomération,Hors intersection,Normale,Autre collision,,,,,,,,,,,1,2,1,1,6
200700024236,0007-04-20 08:30:00,7,4,20,8,30,930,7,"157, VICTOR HUGO (RUE)",,,Plein jour,En agglomération,Hors intersection,Normale,Deux véhicules - côté,,,,,,,,,,,1,2,1,1,3
200700024237,0007-04-26 20:00:00,7,4,26,20,0,930,7,EMILE ZOLA (RUE),,,Plein jour,En agglomération,Intersection en T,Normale,Deux véhicules - côté,,,,,,,,,,,1,2,3,1,3
200700024238,0007-04-28 20:55:00,7,4,28,20,55,930,7,"154, 8 MAI 45 (AVENUE DU",,,Nuit avec éclairage allumé,En agglomération,Hors intersection,Normale,Deux véhicules - côté,,,,,,,,,,,5,2,1,1,3
200700024239,0007-04-28 21:40:00,7,4,28,21,40,930,7,"""8 MAI 45 (AVENUE """"N° 2",,,Crépuscule ou aube,En agglomération,Intersection en T,Normale,Deux véhicules - côté,,,,,,,,,,,2,2,3,1,3
200700024240,0007-04-29 15:15:00,7,4,29,15,15,930,7,"132, ""PAUL VAILLANT COUT",,,Plein jour,En agglomération,Intersection en T,Normale,Deux véhicules - arrière,,,,,,,,,,,1,2,3,1,2
200700024241,0007-04-09 20:30:00,7,4,9,20,30,930,8,"32, VAILLANT (AVENUE EDO",,,Nuit sans éclairage public,En agglomération,Hors intersection,Normale,Autre collision,,,,,,,,,,,3,2,1,1,6
200700024242,0007-04-14 13:45:00,7,4,14,13,45,930,8,", INTERNATIONALE (RUE DE",,,Plein jour,En agglomération,Intersection en X,Normale,Deux véhicules - côté,,,,,,,,,,,1,2,2,1,3
200700024243,0007-04-14 21:45:00,7,4,14,21,45,930,8,FOLIE (CARREFOUR DE LA),,,Nuit avec éclairage allumé,En agglomération,Intersection à plus de 4 branches,Normale,Deux véhicules - côté,,,,,,,,,,,5,2,5,1,3
200700024244,0007-04-17 16:45:00,7,4,17,16,45,930,8,PARIS (RUE DE),,,Plein jour,En agglomération,Hors intersection,Normale,Sans collision,,,,,,,,,,,1,2,1,1,7
200700024245,0007-04-18 16:45:00,7,4,18,16,45,930,8,PLACE SAINT JUSTE,,,Plein jour,En agglomération,Giratoire,Normale,Autre collision,,,,,,,,,,,1,2,6,1,6
200700024246,0007-04-23 13:30:00,7,4,23,13,30,930,8,"191, VAILLANT COUTURIER",,,Plein jour,En agglomération,Hors intersection,Normale,Autre collision,,,,,,,,,,,1,2,1,1,6
200700024247,0007-04-25 07:50:00,7,4,25,7,50,930,8,VAILLANT COUTURIER (AVEN,,,Plein jour,En agglomération,Hors intersection,Normale,Deux véhicules - côté,,,,,,,,,,,1,2,1,1,3
200700024248,0007-04-25 09:00:00,7,4,25,9,0,930,8,BARBUSSE (AVENUE HENRI),,,Plein jour,En agglomération,Intersection en X,Normale,Autre collision,,,,,,,,,,,1,2,2,1,6
200700024249,0007-04-25 10:30:00,7,4,25,10,30,930,8,"193, VAILLANT COUTURIER",,,Plein jour,En agglomération,Hors intersection,Normale,Deux véhicules - arrière,,,,,,,,,,,1,2,1,1,2
200700024250,0007-04-30 11:25:00,7,4,30,11,25,930,8,"2, BARBUSSE (AVENUE HENR",,,Plein jour,En agglomération,Hors intersection,Normale,Deux véhicules - arrière,,,,,,,,,,,1,2,1,1,2
200700024251,0007-04-30 16:45:00,7,4,30,16,45,930,8,"21/23, ALLENDE (AVE DU P",,,Plein jour,En agglomération,Hors intersection,Normale,Deux véhicules - frontale,,,,,,,,,,,1,2,1,1,1
200700024252,0007-04-02 16:40:00,7,4,2,16,40,930,57,"69, BROSSOLETTE (AL. PIE",,,Plein jour,En agglomération,Hors intersection,Normale,Autre collision,,,,,,,,,,,1,2,1,1,6
200700024253,0007-04-04 12:40:00,7,4,4,12,40,930,10,"07, CINQ-ORMES (RUE DES)",,,Plein jour,En agglomération,Hors intersection,Normale,Autre collision,,,,,,,,,,,1,2,1,1,6
200700024254,0007-04-11 08:15:00,7,4,11,8,15,930,57,JAURES (AV. JEAN) 1 A 12,,,Plein jour,En agglomération,Intersection en T,Normale,Deux véhicules - côté,,,,,,,,,,,1,2,3,1,3
200700024255,0007-04-16 11:45:00,7,4,16,11,45,930,57,"132, BRIAND (AV. ARISTID",,,Plein jour,En agglomération,Autre intersection,Normale,Deux véhicules - arrière,,,,,,,,,,,1,2,9,1,2
200700024256,0007-04-20 11:30:00,7,4,20,11,30,930,57,"ignore, HALAGE (CHEM. DE",,,Plein jour,Hors agglomération,Hors intersection,Normale,Deux véhicules - frontale,,,,,,,,,,,1,1,1,1,1
200700024257,0007-04-21 14:25:00,7,4,21,14,25,930,10,"ignore, SOLIDARITE (RUE",,,Plein jour,En agglomération,Hors intersection,Normale,Deux véhicules - côté,,,,,,,,,,,1,2,1,1,3