accident_id,datetime,annee,mois,jour,heure,minute,departement,commune_insee,adresse,latitude,longitude,luminosite,agglomeration,intersection,meteo,collision,nb_vehicules,nb_usagers,nb_indemnes,nb_tues,nb_blesses_hosp,nb_blesses_legers,age_cond_1,age_cond_2,veh_type_cond_1,veh_type_cond_2,lum_code,agg_code,int_code,atm_code,col_code
200700024258,0007-04-22 13:35:00,7,4,22,13,35,930,57,BRIAND ( AV. ARISTIDE) 3,,,Plein jour,En agglomération,Hors intersection,Normale,Trois véhicules et plus - collisions multiples,,,,,,,,,,,1,2,1,1,5
200700024259,0007-04-28 17:05:00,7,4,28,17,5,930,57,"IGNORE, HALAGE (CHEM. DE",,,Plein jour,En agglomération,Hors intersection,Normale,Autre collision,,,,,,,,,,,1,2,1,1,6
200700024260,0007-04-28 16:55:00,7,4,28,16,55,930,10,"ignore, GALLIENI (AV.) D",,,Plein jour,En agglomération,Hors intersection,Normale,Deux véhicules - arrière,,,,,,,,,,,1,2,1,1,2
200700024261,0007-04-29 23:05:00,7,4,29,23,5,930,57,"ignore, RICHER (AL. EDMO",,,Nuit avec éclairage allumé,En agglomération,Intersection en T,Pluie légère,Deux véhicules - côté,,,,,,,,,,,5,2,3,2,3
200700024262,0007-04-04 07:55:00,7,4,4,7,55,930,27,"1, MERMOZ (AVENUE JEAN)",,,Plein jour,En agglomération,Hors intersection,Normale,Deux véhicules - côté,,,,,,,,,,,1,2,1,1,3
200700024263,0007-04-05 07:15:00,7,4,5,7,15,930,27,CREVECOEUR (RUE DE),,,Plein jour,En agglomération,Intersection en X,Normale,Deux véhicules - côté,,,,,,,,,,,1,2,2,1,3
200700024264,0007-04-16 23:25:00,7,4,16,23,25,930,30,", HUIT-MAI-1945 (AVENUE",,,Nuit avec éclairage allumé,En agglomération,Intersection en T,Normale,Deux véhicules - côté,,,,,,,,,,,5,2,3,1,3
200700024265,0007-04-18 23:23:00,7,4,18,23,23,930,13,"49, ROLLAND (RUE DU CDT)",,,Nuit avec éclairage allumé,En agglomération,Hors intersection,Normale,Deux véhicules - frontale,,,,,,,,,,,5,2,1,1,1
200700024266,0007-04-25 11:40:00,7,4,25,11,40,930,13,"68, LECLERC (AVENU DE LA",,,Plein jour,En agglomération,Hors intersection,Normale,Autre collision,,,,,,,,,,,1,2,1,1,6
200700024267,0007-04-28 21:30:00,7,4,28,21,30,930,27,"40, VAILLANT-COUTURIER (",,,Nuit avec éclairage allumé,En agglomération,Hors intersection,Normale,Autre collision,,,,,,,,,,,5,2,1,1,6
200700024268,0007-04-30 20:25:00,7,4,30,20,25,930,27,"9, FONTENAY (MAIL MAURIC",,,Plein jour,En agglomération,Hors intersection,Normale,Autre collision,,,,,,,,,,,1,2,1,1,6
200700024269,0007-04-02 15:30:00,7,4,2,15,30,930,29,"85, SADI CARNOT",,,Plein jour,En agglomération,Hors intersection,Normale,Deux véhicules - arrière,,,,,,,,,,,1,2,1,1,2
200700024270,0007-04-10 06:20:00,7,4,10,6,20,930,29,"138, JEAN JAURES (AVENUE",,,Nuit avec éclairage allumé,En agglomération,Hors intersection,Normale,Deux véhicules - côté,,,,,,,,,,,5,2,1,1,3
200700024271,0007-04-10 17:32:00,7,4,10,17,32,930,29,STATION (DE LA),,,Plein jour,En agglomération,Hors intersection,Normale,Sans collision,,,,,,,,,,,1,2,1,1,7
200700024272,0007-04-24 07:40:00,7,4,24,7,40,930,29,SADI CARNOT,,,Plein jour,En agglomération,Intersection en T,Normale,Deux véhicules - côté,,,,,,,,,,,1,2,3,1,3
200700024273,0007-04-02 20:30:00,7,4,2,20,30,930,31,"47, ENGHIEN (AV D')",,,Plein jour,En agglomération,Hors intersection,Normale,Autre collision,,,,,,,,,,,1,2,1,1,6
200700024274,0007-04-03 19:10:00,7,4,3,19,10,930,31,"0, REPUBLIQUE (AVENUE) 1",,,Plein jour,En agglomération,Intersection en T,Normale,Deux véhicules - côté,,,,,,,,,,,1,2,3,1,3
200700024275,0007-04-05 13:20:00,7,4,5,13,20,930,31,"152, JEAN JAURES (AVENUE",,,Plein jour,En agglomération,Hors intersection,Normale,Autre collision,,,,,,,,,,,1,2,1,1,6
200700024276,0007-04-06 18:00:00,7,4,6,18,0,930,31,"1, ROUGET DE L'ISLE",,,Plein jour,Hors agglomération,Hors intersection,Normale,Sans collision,,,,,,,,,,,1,1,1,1,7
200700024277,0007-04-06 18:20:00,7,4,6,18,20,930,31,"0, JOFFRE (AVENUE)",,,Plein jour,En agglomération,Hors intersection,Normale,Autre collision,,,,,,,,,,,1,2,1,1,6
200700024278,0007-04-07 16:40:00,7,4,7,16,40,930,31,"14, GALLIENI (AVENUE)",,,Plein jour,En agglomération,Hors intersection,Normale,Deux véhicules - arrière,,,,,,,,,,,1,2,1,1,2
200700024279,0007-04-08 23:00:00,7,4,8,23,0,930,31,"0, FOCH (BOULEVARD)",,,Nuit avec éclairage allumé,En agglomération,Intersection en T,Normale,Deux véhicules - arrière,,,,,,,,,,,5,2,3,1,2
200700024280,0007-04-10 19:50:00,7,4,10,19,50,930,79,"189, DIVISION LECLERC (A",,,Plein jour,En agglomération,Intersection en X,Normale,Deux véhicules - côté,,,,,,,,,,,1,2,2,1,3
200700024281,0007-04-11 01:10:00,7,4,11,1,10,930,31,"250, REPUBLIQUE (AVENUE)",,,Nuit avec éclairage allumé,En agglomération,Intersection en X,Normale,Sans collision,,,,,,,,,,,5,2,2,1,7
200700024282,0007-04-14 17:20:00,7,4,14,17,20,930,31,"04, MARNE (AVENUE DE LA)",,,Plein jour,En agglomération,Hors intersection,Normale,Autre collision,,,,,,,,,,,1,2,1,1,6
200700024283,0007-04-16 09:45:00,7,4,16,9,45,930,31,"70, SAINT LEU (ROUTE DE)",,,Plein jour,En agglomération,Intersection en T,Normale,Deux véhicules - côté,,,,,,,,,,,1,2,3,1,3
200700024284,0007-04-17 15:15:00,7,4,17,15,15,930,79,"51, ROGER SALENGRO",,,Plein jour,En agglomération,Hors intersection,Normale,Autre collision,,,,,,,,,,,1,2,1,1,6
200700024285,0007-04-17 20:20:00,7,4,17,20,20,930,31,"1, DE LATTRE DE TASSIGNY",,,Plein jour,En agglomération,Hors intersection,Normale,Autre collision,,,,,,,,,,,1,2,1,1,6
200700024286,0007-04-21 00:10:00,7,4,21,0,10,930,79,"1, JEAN JAURES (AV)",,,Nuit avec éclairage allumé,En agglomération,Intersection en X,Normale,Deux véhicules - côté,,,,,,,,,,,5,2,2,1,3
200700024287,0007-04-22 21:42:00,7,4,22,21,42,930,31,"57, REPUBLIQUE (AVENUE)",,,Nuit avec éclairage allumé,En agglomération,Intersection en T,Normale,Deux véhicules - arrière,,,,,,,,,,,5,2,3,1,2
200700024288,0007-04-23 10:30:00,7,4,23,10,30,930,79,FREDERIC OZAMAN,,,Plein jour,En agglomération,Hors intersection,Normale,Autre collision,,,,,,,,,,,1,2,1,1,6
200700024289,0007-04-25 10:40:00,7,4,25,10,40,930,79,"189, CENTRE COMMERCIAL B",,,Crépuscule ou aube,Hors agglomération,Hors intersection,Normale,Autre collision,,,,,,,,,,,2,1,1,1,6
200700024290,0007-04-26 10:28:00,7,4,26,10,28,930,31,"48, JOFFRE (AVENUE)",,,Plein jour,En agglomération,Intersection en Y,Normale,Deux véhicules - côté,,,,,,,,,,,1,2,4,1,3
200700024291,0007-04-02 13:50:00,7,4,2,13,50,930,32,CHARMILLES    (AVENUE DE,,,Plein jour,En agglomération,Intersection en X,Normale,Deux véhicules - côté,,,,,,,,,,,1,2,2,1,3
200700024292,0007-04-02 20:45:00,7,4,2,20,45,930,32,">136, JULES GUESDES  (RU",,,Nuit avec éclairage allumé,En agglomération,Hors intersection,Normale,Deux véhicules - côté,,,,,,,,,,,5,2,1,1,3
200700024293,0007-04-03 16:55:00,7,4,3,16,55,930,47,BLEUETS (AVENUE DES),,,Plein jour,En agglomération,Intersection en X,Normale,Deux véhicules - côté,,,,,,,,,,,1,2,2,1,3
200700024294,0007-04-06 08:15:00,7,4,6,8,15,930,47,"286, DANIEL PERDRIGE  (A",,,Plein jour,En agglomération,Hors intersection,Normale,Autre collision,,,,,,,,,,,1,2,1,1,6
200700024295,0007-04-06 15:20:00,7,4,6,15,20,930,47,"219, JEAN JAURES (AVENUE",,,Plein jour,En agglomération,Hors intersection,Normale,Autre collision,,,,,,,,,,,1,2,1,1,6
200700024296,0007-04-12 06:15:00,7,4,12,6,15,930,32,PAUL VAILLANT COUTURIER,,,Nuit avec éclairage allumé,En agglomération,Intersection en T,Normale,Deux véhicules - côté,,,,,,,,,,,5,2,3,1,3
200700024297,0007-04-20 08:00:00,7,4,20,8,0,930,47,JEAN JAURES (AVENUE),,,Plein jour,En agglomération,Intersection en T,Normale,Deux véhicules - côté,,,,,,,,,,,1,2,3,1,3
200700024298,0007-04-21 11:05:00,7,4,21,11,5,930,47,"27, JEAN JAURES (AVENUE)",,,Plein jour,En agglomération,Hors intersection,Normale,Deux véhicules - côté,,,,,,,,,,,1,2,1,1,3
200700024299,0007-04-21 16:12:00,7,4,21,16,12,930,32,"20, PARIS  (RUE DE)",,,Plein jour,En agglomération,Hors intersection,Normale,Trois véhicules et plus - en chaîne,,,,,,,,,,,1,2,1,1,4
200700024300,0007-04-28 05:55:00,7,4,28,5,55,930,32,MONTFERMEIL   (ALLEE DE),,,Crépuscule ou aube,En agglomération,Hors intersection,Normale,Deux véhicules - arrière,,,,,,,,,,,2,2,1,1,2
200700024301,0007-04-01 10:05:00,7,4,1,10,5,930,6,"70, STALINGRAD AV.",,,Plein jour,En agglomération,Intersection en Y,Normale,Deux véhicules - côté,,,,,,,,,,,1,2,4,1,3
200700024302,0007-04-01 20:30:00,7,4,1,20,30,930,6,GALLIENI  AV.,,,Nuit avec éclairage allumé,En agglomération,Hors intersection,Normale,Autre collision,,,,,,,,,,,5,2,1,1,6
200700024303,0007-04-02 08:50:00,7,4,2,8,50,930,63,"angle, KERAUTRET AVENUE",,,Plein jour,En agglomération,Place,Normale,Deux véhicules - côté,,,,,,,,,,,1,2,7,1,3
200700024304,0007-04-02 09:10:00,7,4,2,9,10,930,6,"32 BIS, BERT PAUL RUE",,,Plein jour,En agglomération,Hors intersection,Normale,Autre collision,,,,,,,,,,,1,2,1,1,6
200700024305,0007-04-06 15:30:00,7,4,6,15,30,930,45,"75, PARIS RUE DE",,,Plein jour,En agglomération,Giratoire,Normale,Deux véhicules - arrière,,,,,,,,,,,1,2,6,1,2
200700024306,0007-04-11 18:10:00,7,4,11,18,10,930,63,"90, BRANLY BD EDOUARD",,,Plein jour,En agglomération,Hors intersection,Normale,Deux véhicules - côté,,,,,,,,,,,1,2,1,1,3
200700024307,0007-04-12 12:40:00,7,4,12,12,40,930,45,"angle, DECROS EUGENE BOU",,,Plein jour,En agglomération,Intersection en X,Normale,Deux véhicules - côté,,,,,,,,,,,1,2,2,1,3
200700024308,0007-04-20 17:30:00,7,4,20,17,30,930,63,WILSON AVENUE DU PRESIDE,,,Plein jour,En agglomération,Intersection en T,Normale,Deux véhicules - arrière,,,,,,,,,,,1,2,3,1,2
200700024309,0007-04-20 20:20:00,7,4,20,20,20,930,63,"09, JAURES RUE JEAN",,,Plein jour,En agglomération,Hors intersection,Normale,Trois véhicules et plus - en chaîne,,,,,,,,,,,1,2,1,1,4
200700024310,0007-04-25 17:05:00,7,4,25,17,5,930,63,"50, THOMAS ALBERT RUE",,,Plein jour,Hors agglomération,Hors intersection,Normale,Autre collision,,,,,,,,,,,1,1,1,1,6
200700024311,0007-04-26 12:40:00,7,4,26,12,40,930,6,"83, CARNOT RUE SADI",,,Plein jour,En agglomération,Hors intersection,Normale,Deux véhicules - frontale,,,,,,,,,,,1,2,1,1,1
200700024312,0007-04-26 20:00:00,7,4,26,20,0,930,6,MOLIERE RUE,,,Plein jour,En agglomération,Hors intersection,Normale,Deux véhicules - côté,,,,,,,,,,,1,2,1,1,3
200700024313,0007-04-27 20:26:00,7,4,27,20,26,930,45,LA ROCHE FOUCAULD RUE DE,,,Nuit avec éclairage allumé,En agglomération,Hors intersection,Normale,Autre collision,,,,,,,,,,,5,2,1,1,6
200700024314,0007-04-29 00:25:00,7,4,29,0,25,930,6,"145, GALLIENI  AV.",,,Nuit avec éclairage allumé,En agglomération,Hors intersection,Normale,Autre collision,,,,,,,,,,,5,2,1,1,6
200700024315,0007-04-29 15:20:00,7,4,29,15,20,930,63,"19, REPUBLIQUE RUE DE LA",,,Plein jour,En agglomération,Hors intersection,Normale,Deux véhicules - côté,,,,,,,,,,,1,2,1,1,3
200700024316,0007-04-02 13:25:00,7,4,2,13,25,930,46,"44, SULLY AVENUE",,,Plein jour,En agglomération,Hors intersection,Normale,Deux véhicules - côté,,,,,,,,,,,1,2,1,1,3
200700024317,0007-04-04 14:50:00,7,4,4,14,50,930,46,VAUJOURS CHEMIN DE,,,Plein jour,En agglomération,Hors intersection,Normale,Deux véhicules - arrière,,,,,,,,,,,1,2,1,1,2
200700024318,0007-04-05 18:05:00,7,4,5,18,5,930,46,LUCIEN MICHARD ALLEE,,,Plein jour,En agglomération,Hors intersection,Normale,Deux véhicules - côté,,,,,,,,,,,1,2,1,1,3
200700024319,0007-04-06 18:45:00,7,4,6,18,45,930,74,MEAUX RUE DE,,,Plein jour,En agglomération,Intersection en T,Normale,Deux véhicules - côté,,,,,,,,,,,1,2,3,1,3
200700024320,0007-04-13 15:10:00,7,4,13,15,10,930,46,GAMBETTA AVENUE,,,Plein jour,En agglomération,Intersection en X,Normale,Deux véhicules - côté,,,,,,,,,,,1,2,2,1,3
200700024321,0007-04-20 14:20:00,7,4,20,14,20,930,15,"115, JAURES RUE JEAN",,,Plein jour,En agglomération,Hors intersection,Normale,Autre collision,,,,,,,,,,,1,2,1,1,6
200700024322,0007-04-29 10:00:00,7,4,29,10,0,930,15,"47, VAUJOURS RUE DE",,,Plein jour,En agglomération,Hors intersection,Normale,Autre collision,,,,,,,,,,,1,2,1,1,6
200700024323,0007-04-30 20:00:00,7,4,30,20,0,930,74,"184, MEAUX RUE DE",,,Plein jour,En agglomération,Hors intersection,Normale,Sans collision,,,,,,,,,,,1,2,1,1,7
200700024324,0007-04-04 21:00:00,7,4,4,21,0,930,48,"174, CHANZY (BOULEVARD)",,,Nuit avec éclairage allumé,En agglomération,Hors intersection,Normale,Deux véhicules - arrière,,,,,,,,,,,5,2,1,1,2
200700024325,0007-04-05 17:30:00,7,4,5,17,30,930,48,COTE DU NORD (RUE DE LA),,,Plein jour,En agglomération,Intersection en T,Normale,Deux véhicules - côté,,,,,,,,,,,1,2,3,1,3
200700024326,0007-04-06 07:50:00,7,4,6,7,50,930,48,"100, RIGONDES (RUE DES)",,,Plein jour,En agglomération,Hors intersection,Normale,Autre collision,,,,,,,,,,,1,2,1,1,6
200700024327,0007-04-08 08:30:00,7,4,8,8,30,930,48,"01, JEAN LOLIVE (RUE)",,,Plein jour,En agglomération,Hors intersection,Normale,Deux véhicules - arrière,,,,,,,,,,,1,2,1,1,2
200700024328,0007-04-12 04:30:00,7,4,12,4,30,930,48,"20, COLONEL FABIEN (AVEN",,,Nuit avec éclairage allumé,En agglomération,Hors intersection,Normale,Autre collision,,,,,,,,,,,5,2,1,1,6
200700024329,0007-04-17 10:40:00,7,4,17,10,40,930,48,STALINGRAD (RUE DE),,,Plein jour,En agglomération,Intersection en X,Normale,Deux véhicules - arrière,,,,,,,,,,,1,2,2,1,2
200700024330,0007-04-17 14:20:00,7,4,17,14,20,930,48,"62, ROBESPIERRE (RUE)",,,Plein jour,En agglomération,Hors intersection,Normale,Trois véhicules et plus - en chaîne,,,,,,,,,,,1,2,1,1,4
200700024331,0007-04-17 16:40:00,7,4,17,16,40,930,48,"5, HENRI BARBUSSE (BOULE",,,Plein jour,En agglomération,Hors intersection,Normale,Deux véhicules - côté,,,,,,,,,,,1,2,1,1,3
200700024332,0007-04-22 11:30:00,7,4,22,11,30,930,48,"98, BOISSIERE (BOULEVARD",,,Plein jour,En agglomération,Hors intersection,Normale,Autre collision,,,,,,,,,,,1,2,1,1,6
200700024333,0007-04-22 20:50:00,7,4,22,20,50,930,48,COLMET LEPINAY (RUE),,,Crépuscule ou aube,En agglomération,Intersection en X,Normale,Deux véhicules - côté,,,,,,,,,,,2,2,2,1,3
200700024334,0007-04-27 00:45:00,7,4,27,0,45,930,48,PARIS (RUE DE),,,Nuit avec éclairage non allumé,En agglomération,Intersection à plus de 4 branches,Normale,Deux véhicules - côté,,,,,,,,,,,4,2,5,1,3
200700024335,0007-04-27 07:15:00,7,4,27,7,15,930,48,ARISTIDE BRIAND S4 (BOUL,,,Plein jour,En agglomération,Intersection en X,Normale,Deux véhicules - côté,,,,,,,,,,,1,2,2,1,3
200700024336,0007-04-27 17:25:00,7,4,27,17,25,930,48,"60, DOUY DELCUPE (RUE)",,,Plein jour,En agglomération,Hors intersection,Normale,Autre collision,,,,,,,,,,,1,2,1,1,6
200700024337,0007-04-27 19:35:00,7,4,27,19,35,930,48,ROBESPIERRE (RUE),,,Plein jour,En agglomération,Hors intersection,Normale,Deux véhicules - arrière,,,,,,,,,,,1,2,1,1,2
200700024338,0007-04-28 15:50:00,7,4,28,15,50,930,48,"210, THEOPHILE SUEUR (BO",,,Plein jour,En agglomération,Intersection en X,Normale,Deux véhicules - côté,,,,,,,,,,,1,2,2,1,3
200700024339,0007-04-29 12:10:00,7,4,29,12,10,930,48,"103, PARIS (RUE DE)",,,Plein jour,En agglomération,Hors intersection,Normale,Autre collision,,,,,,,,,,,1,2,1,1,6
200700024340,0007-04-03 14:20:00,7,4,3,14,20,930,49,"43, PIERRE BROSSOLETTE (",,,Plein jour,En agglomération,Hors intersection,Normale,Autre collision,,,,,,,,,,,1,2,1,1,6
200700024341,0007-04-06 11:40:00,7,4,6,11,40,930,50,"1-9, MARECHAL FOCH (AVEN",,,Plein jour,En agglomération,Hors intersection,Normale,Deux véhicules - côté,,,,,,,,,,,1,2,1,1,3
200700024342,0007-04-06 18:00:00,7,4,6,18,0,930,50,VERDUN (AVENUE) COTE IMP,,,Plein jour,En agglomération,Intersection en X,Normale,Deux véhicules - côté,,,,,,,,,,,1,2,2,1,3
200700024343,0007-04-07 18:15:00,7,4,7,18,15,930,50,MARX DORMOY (RUE),,,Plein jour,En agglomération,Intersection en X,Normale,Deux véhicules - côté,,,,,,,,,,,1,2,2,1,3
200700024344,0007-04-09 20:05:00,7,4,9,20,5,930,50,PAUL ET CAMILLE THOMOUX,,,Plein jour,En agglomération,Autre intersection,Normale,Deux véhicules - frontale,,,,,,,,,,,1,2,9,1,1
200700024345,0007-04-12 11:05:00,7,4,12,11,5,930,49,"11, GALLIENI (BOULEVARD)",,,Plein jour,En agglomération,Hors intersection,Normale,Autre collision,,,,,,,,,,,1,2,1,1,6
200700024346,0007-04-15 08:50:00,7,4,15,8,50,930,50,"143, PAUL ET CAMILLE THO",,,Plein jour,En agglomération,Intersection en X,Normale,Deux véhicules - côté,,,,,,,,,,,1,2,2,1,3
200700024347,0007-04-18 08:55:00,7,4,18,8,55,930,50,"09, LOUIS VANNINI (RUE)",,,Plein jour,En agglomération,Autre intersection,Normale,Deux véhicules - côté,,,,,,,,,,,1,2,9,1,3
200700024348,0007-04-27 16:40:00,7,4,27,16,40,930,50,"10, MARECHAL FOCH (AVENU",,,Plein jour,En agglomération,Hors intersection,Normale,Autre collision,,,,,,,,,,,1,2,1,1,6
200700024349,0007-04-04 13:05:00,7,4,4,13,5,930,51,"60, NEUILLY (ROUTE)",,,Plein jour,En agglomération,Intersection en X,Normale,Deux véhicules - arrière,,,,,,,,,,,1,2,2,1,2
200700024350,0007-04-11 12:05:00,7,4,11,12,5,930,51,GOURNAY (ROUTE),,,Plein jour,En agglomération,Intersection en T,Normale,Sans collision,,,,,,,,,,,1,2,3,1,7
200700024351,0007-04-13 11:55:00,7,4,13,11,55,930,33,"03, PUITS PERDU",,,Plein jour,En agglomération,Hors intersection,Normale,Deux véhicules - frontale,,,,,,,,,,,1,2,1,1,1
200700024352,0007-04-16 07:35:00,7,4,16,7,35,930,51,GENERAL DE GAULLE (AVENU,,,Plein jour,En agglomération,Intersection en X,Normale,Deux véhicules - côté,,,,,,,,,,,1,2,2,1,3
200700024353,0007-04-22 15:45:00,7,4,22,15,45,930,51,GABRIEL PERI (AVENUE),,,Plein jour,En agglomération,Intersection en T,Normale,Deux véhicules - frontale,,,,,,,,,,,1,2,3,1,1
200700024354,0007-04-23 18:40:00,7,4,23,18,40,930,33,JOFFRE (AVENUE),,,Plein jour,En agglomération,Hors intersection,Normale,Autre collision,,,,,,,,,,,1,2,1,1,6
200700024355,0007-04-27 10:00:00,7,4,27,10,0,930,51,"8, REPUBLIQUE",,,Plein jour,En agglomération,Hors intersection,Normale,Autre collision,,,,,,,,,,,1,2,1,1,6
200700024356,0007-04-28 17:55:00,7,4,28,17,55,930,51,"32, GOURNAY (ROUTE)",,,Plein jour,En agglomération,Hors intersection,Normale,Autre collision,,,,,,,,,,,1,2,1,1,6
200700024357,0007-04-30 10:00:00,7,4,30,10,0,930,51,"53, MEDERIC (AVENUE)",,,Plein jour,En agglomération,Hors intersection,Normale,Deux véhicules - côté,,,,,,,,,,,1,2,1,1,3
200700024358,0007-04-11 17:20:00,7,4,11,17,20,930,53,"155, BREMENT (RUE DE) 10",,,Plein jour,En agglomération,Hors intersection,Normale,Deux véhicules - côté,,,,,,,,,,,1,2,1,1,3
200700024359,0007-04-11 22:55:00,7,4,11,22,55,930,53,"9999999999, JEAN COQUELI",,,Nuit avec éclairage allumé,En agglomération,Giratoire,Normale,Sans collision,,,,,,,,,,,5,2,6,1,7
200700024360,0007-04-20 19:10:00,7,4,20,19,10,930,53,"66, ANATOLE FRANCE (RUE)",,,Plein jour,En agglomération,Intersection en Y,Normale,Sans collision,,,,,,,,,,,1,2,4,1,7
200700024361,0007-04-21 19:30:00,7,4,21,19,30,930,53,"95, REPUBLIQUE (BLD DE L",,,Plein jour,En agglomération,Hors intersection,Normale,Autre collision,,,,,,,,,,,1,2,1,1,6
200700024362,0007-04-22 17:45:00,7,4,22,17,45,930,53,"38, PROGRES (RUE DU) N°",,,Plein jour,En agglomération,Hors intersection,Normale,Deux véhicules - frontale,,,,,,,,,,,1,2,1,1,1
200700024363,0007-04-21 21:51:00,7,4,21,21,51,930,53,"9999999999, PARIS (RUE D",,,Crépuscule ou aube,En agglomération,Hors intersection,Normale,Deux véhicules - côté,,,,,,,,,,,2,2,1,1,3
200700024364,0007-04-26 19:00:00,7,4,26,19,0,930,53,"9999999999, PIERRE BROSS",,,Plein jour,En agglomération,Hors intersection,Normale,Autre collision,,,,,,,,,,,1,2,1,1,6
200700024365,0007-04-03 02:25:00,7,4,3,2,25,930,55,"41, DELIZY (DU 23 A FIN",,,Nuit avec éclairage allumé,En agglomération,Hors intersection,Normale,Autre collision,,,,,,,,,,,5,2,1,1,6
200700024366,0007-04-05 21:45:00,7,4,5,21,45,930,55,"75, JULES AUFFRET (51/FI",,,Nuit avec éclairage allumé,En agglomération,Hors intersection,Normale,Deux véhicules - côté,,,,,,,,,,,5,2,1,1,3
200700024367,0007-04-08 13:50:00,7,4,8,13,50,930,55,"59, JEAN LOLIVE (AVENUE)",,,Plein jour,En agglomération,Hors intersection,Normale,Deux véhicules - côté,,,,,,,,,,,1,2,1,1,3
200700024368,0007-04-08 16:10:00,7,4,8,16,10,930,55,JEAN LOLIVE (AVENUE)(137,,,Plein jour,En agglomération,Hors intersection,Normale,Deux véhicules - côté,,,,,,,,,,,1,2,1,1,3
200700024369,0007-04-08 16:00:00,7,4,8,16,0,930,55,"54, JEAN JAURES (AVENUE)",,,Plein jour,En agglomération,Hors intersection,Normale,Sans collision,,,,,,,,,,,1,2,1,1,7
200700024370,0007-04-15 05:35:00,7,4,15,5,35,930,55,"164, JEAN JAURES (AVENUE",,,Nuit avec éclairage allumé,En agglomération,Hors intersection,Normale,Deux véhicules - arrière,,,,,,,,,,,5,2,1,1,2
200700024371,0007-04-19 13:30:00,7,4,19,13,30,930,55,", DELIZY (DU 23 A FIN ET",,,Plein jour,En agglomération,Intersection en X,Normale,Deux véhicules - côté,,,,,,,,,,,1,2,2,1,3
200700024372,0007-04-19 17:20:00,7,4,19,17,20,930,55,"42, DIVISION LECLERC (AV",,,Plein jour,En agglomération,Hors intersection,Normale,Autre collision,,,,,,,,,,,1,2,1,1,6
200700024373,0007-04-25 12:00:00,7,4,25,12,0,930,55,"2, AISNE (QUAI DE )",,,Plein jour,En agglomération,Hors intersection,Normale,Autre collision,,,,,,,,,,,1,2,1,1,6
200700024374,0007-04-26 12:30:00,7,4,26,12,30,930,55,"53, JEAN LOLIVE (AVENUE)",,,Plein jour,En agglomération,Hors intersection,Normale,Deux véhicules - frontale,,,,,,,,,,,1,2,1,1,1
200700024375,0007-04-30 08:05:00,7,4,30,8,5,930,55,"14, SCANDICCI",,,Plein jour,En agglomération,Hors intersection,Normale,Deux véhicules - côté,,,,,,,,,,,1,2,1,1,3
200700024376,0007-04-30 12:10:00,7,4,30,12,10,930,55,"130, JEAN LOLIVE (AVENUE",,,Plein jour,En agglomération,Hors intersection,Normale,Autre collision,,,,,,,,,,,1,2,1,1,6
200700024377,0007-04-04 13:30:00,7,4,4,13,30,930,62,"98, THIERS (AVENUE)",,,Plein jour,En agglomération,Hors intersection,Normale,Deux véhicules - frontale,,,,,,,,,,,1,2,1,1,1
200700024378,0007-04-26 12:55:00,7,4,26,12,55,930,62,"89, OUEST (BOULEVARD DE",,,Plein jour,En agglomération,Hors intersection,Normale,Deux véhicules - côté,,,,,,,,,,,1,2,1,1,3
200700024379,0007-04-26 14:35:00,7,4,26,14,35,930,62,LIVRY (AVENUE DE),,,Plein jour,En agglomération,Hors intersection,Normale,Deux véhicules - côté,,,,,,,,,,,1,2,1,1,3
200700024380,0007-04-30 20:50:00,7,4,30,20,50,930,62,GARE (COUR DE LA),,,Crépuscule ou aube,En agglomération,Hors intersection,Normale,Autre collision,,,,,,,,,,,2,2,1,1,6
200700024381,0007-04-05 21:50:00,7,4,5,21,50,930,64,"160, PERI (BOULEVARD GAB",,,Crépuscule ou aube,En agglomération,Hors intersection,Normale,Autre collision,,,,,,,,,,,2,2,1,1,6
200700024382,0007-04-10 16:45:00,7,4,10,16,45,930,64,BLUM (RUE LEON),,,Plein jour,En agglomération,Hors intersection,Normale,Autre collision,,,,,,,,,,,1,2,1,1,6
200700024383,0007-04-11 15:00:00,7,4,11,15,0,930,77,MONTAGNE SAVART (RUE DE,,,Plein jour,En agglomération,Intersection en X,Normale,Deux véhicules - côté,,,,,,,,,,,1,2,2,1,3
200700024384,0007-04-12 13:55:00,7,4,12,13,55,930,64,BLUM (RUE LEON),,,Plein jour,En agglomération,Hors intersection,Normale,Autre collision,,,,,,,,,,,1,2,1,1,6
200700024385,0007-04-13 11:00:00,7,4,13,11,0,930,64,"130, BERTHAUDS (RUE DES)",,,Plein jour,En agglomération,Hors intersection,Normale,Deux véhicules - arrière,,,,,,,,,,,1,2,1,1,2
200700024386,0007-04-19 13:15:00,7,4,19,13,15,930,64,QUATRIEME ZOUAVES (RUE D,,,Plein jour,En agglomération,Hors intersection,Normale,Autre collision,,,,,,,,,,,1,2,1,1,6
200700024387,0007-04-27 12:15:00,7,4,27,12,15,930,77,"47, RAINCY (AVENUE DU)",,,Plein jour,En agglomération,Hors intersection,Normale,Autre collision,,,,,,,,,,,1,2,1,1,6
200700024388,0007-04-30 10:55:00,7,4,30,10,55,930,77,"07, CHALETS (ALLEE DES)",,,Plein jour,En agglomération,Hors intersection,Normale,Deux véhicules - côté,,,,,,,,,,,1,2,1,1,3
200700024389,0007-04-29 21:25:00,7,4,29,21,25,930,64,"333, BOISSIERE (BOULEVAR",,,Crépuscule ou aube,En agglomération,Hors intersection,Pluie légère,Autre collision,,,,,,,,,,,2,2,1,2,6
200700024390,0007-04-01 14:30:00,7,4,1,14,30,930,66,"""STALINGRAND (AV), NR 2-",,,Plein jour,En agglomération,Hors intersection,Normale,Autre collision,,,,,,,,,,,1,2,1,1,6