accident_id,datetime,annee,mois,jour,heure,minute,departement,commune_insee,adresse,latitude,longitude,luminosite,agglomeration,intersection,meteo,collision,nb_vehicules,nb_usagers,nb_indemnes,nb_tues,nb_blesses_hosp,nb_blesses_legers,age_cond_1,age_cond_2,veh_type_cond_1,veh_type_cond_2,lum_code,agg_code,int_code,atm_code,col_code
200700024526,0007-04-11 00:50:00,7,4,11,0,50,940,16,"180, GABRIEL PERI (R)",,,Nuit avec éclairage allumé,En agglomération,Hors intersection,Normale,Autre collision,,,,,,,,,,,5,2,1,1,6
200700024527,0007-04-11 12:10:00,7,4,11,12,10,940,76,"03, LOUIS ARAGON (AV)",,,Plein jour,En agglomération,Hors intersection,Normale,Sans collision,,,,,,,,,,,1,2,1,1,7
200700024528,0007-04-10 17:50:00,7,4,10,17,50,940,76,"5, GASTON CANTINI (R)",,,Plein jour,En agglomération,Hors intersection,Normale,Deux véhicules - frontale,,,,,,,,,,,1,2,1,1,1
200700024529,0007-04-12 19:50:00,7,4,12,19,50,940,16,"1, CAMILLE DESMOULINS (R",,,Plein jour,En agglomération,Hors intersection,Normale,Deux véhicules - frontale,,,,,,,,,,,1,2,1,1,1
200700024530,0007-04-13 14:30:00,7,4,13,14,30,940,16,ARISTIDE BRIAND (AV),,,Plein jour,En agglomération,Intersection en X,Normale,Deux véhicules - côté,,,,,,,,,,,1,2,2,1,3
200700024531,0007-04-17 14:15:00,7,4,17,14,15,940,43,"1, GABRIEL PERI (R)",,,Plein jour,En agglomération,Hors intersection,Normale,Deux véhicules - arrière,,,,,,,,,,,1,2,1,1,2
200700024532,0007-04-18 18:35:00,7,4,18,18,35,940,76,"104, VERDUN (R DE)",,,Plein jour,En agglomération,Hors intersection,Normale,Autre collision,,,,,,,,,,,1,2,1,1,6
200700024533,0007-04-19 18:15:00,7,4,19,18,15,940,43,"01, EDMONT MICHELET (R)",,,Plein jour,En agglomération,Hors intersection,Normale,Autre collision,,,,,,,,,,,1,2,1,1,6
200700024534,0007-04-22 02:25:00,7,4,22,2,25,940,76,"1, PARIS (AV DE)",,,Plein jour,En agglomération,Intersection en T,Normale,Deux véhicules - arrière,,,,,,,,,,,1,2,3,1,2
200700024535,0007-04-26 17:15:00,7,4,26,17,15,940,76,"79, MOULIN DE SAQUET (R",,,Plein jour,En agglomération,Hors intersection,Normale,Sans collision,,,,,,,,,,,1,2,1,1,7
200700024536,0007-04-20 09:00:00,7,4,20,9,0,940,43,"80, FONTAINEBLEAU (AV DE",,,Plein jour,En agglomération,Hors intersection,Normale,Sans collision,,,,,,,,,,,1,2,1,1,7
200700024537,0007-04-24 10:00:00,7,4,24,10,0,940,76,"26, STALINGRAD (AV DE)",,,Plein jour,En agglomération,Hors intersection,Normale,Sans collision,,,,,,,,,,,1,2,1,1,7
200700024538,0007-04-26 14:50:00,7,4,26,14,50,940,76,JEAN JAURES (R),,,Plein jour,En agglomération,Hors intersection,Normale,Autre collision,,,,,,,,,,,1,2,1,1,6
200700024539,0007-04-27 10:55:00,7,4,27,10,55,940,76,"01, JEAN JAURES (R)",,,Plein jour,En agglomération,Intersection en T,Normale,Sans collision,,,,,,,,,,,1,2,3,1,7
200700024540,0007-04-02 11:30:00,7,4,2,11,30,940,38,FLOUQUET (AV),,,Plein jour,En agglomération,Autre intersection,Normale,Deux véhicules - côté,,,,,,,,,,,1,2,9,1,3
200700024541,0007-04-03 08:20:00,7,4,3,8,20,940,21,"284, STALINGRAD (AV DE)",,,Plein jour,En agglomération,Hors intersection,Normale,Trois véhicules et plus - collisions multiples,,,,,,,,,,,1,2,1,1,5
200700024542,0007-04-04 10:15:00,7,4,4,10,15,940,21,"34, REPUBLIQUE (AV DE LA",,,Plein jour,En agglomération,Hors intersection,Normale,Deux véhicules - côté,,,,,,,,,,,1,2,1,1,3
200700024543,0007-04-06 21:20:00,7,4,6,21,20,940,73,EGALITE (R DE L),,,Plein jour,En agglomération,Intersection en X,Normale,Deux véhicules - côté,,,,,,,,,,,1,2,2,1,3
200700024544,0007-04-10 11:10:00,7,4,10,11,10,940,65,TROIS MARCHES (AV) / MIN,,,Plein jour,Hors agglomération,Hors intersection,Normale,Deux véhicules - côté,,,,,,,,,,,1,1,1,1,3
200700024545,0007-04-04 13:35:00,7,4,4,13,35,940,73,GEORGES HALGOULT (R),,,Plein jour,En agglomération,Hors intersection,Normale,Autre collision,,,,,,,,,,,1,2,1,1,6
200700024546,0007-04-06 17:50:00,7,4,6,17,50,940,38,GENERAL DE GAULLE (AV DU,,,Plein jour,En agglomération,Intersection à plus de 4 branches,Normale,Deux véhicules - côté,,,,,,,,,,,1,2,5,1,3
200700024547,0007-04-13 16:40:00,7,4,13,16,40,940,65,RN 186,,,Plein jour,Hors agglomération,Hors intersection,Normale,Autre collision,,,,,,,,,,,1,1,1,1,6
200700024548,0007-04-14 10:10:00,7,4,14,10,10,940,21,"147, PETIT LEROY (R DU)",,,Plein jour,En agglomération,Hors intersection,Normale,Autre collision,,,,,,,,,,,1,2,1,1,6
200700024549,0007-04-20 11:25:00,7,4,20,11,25,940,38,SAUSSAIES (VOI DES),,,Plein jour,En agglomération,Hors intersection,Normale,Deux véhicules - côté,,,,,,,,,,,1,2,1,1,3
200700024550,0007-04-20 16:05:00,7,4,20,16,5,940,38,"10 bis, JULES GRAVEREAUX",,,Plein jour,En agglomération,Hors intersection,Normale,Autre collision,,,,,,,,,,,1,2,1,1,6
200700024551,0007-04-20 15:18:00,7,4,20,15,18,940,21,"126, STALINGRAD (AV DE)",,,Plein jour,En agglomération,Hors intersection,Normale,Deux véhicules - côté,,,,,,,,,,,1,2,1,1,3
200700024552,0007-04-21 11:45:00,7,4,21,11,45,940,34,PIERRE CURIE (PL),,,Plein jour,En agglomération,Hors intersection,Normale,Autre collision,,,,,,,,,,,1,2,1,1,6
200700024553,0007-04-29 20:45:00,7,4,29,20,45,940,21,FRANKLIN ROOSEVELT (AV),,,Crépuscule ou aube,En agglomération,Hors intersection,Pluie légère,Deux véhicules - arrière,,,,,,,,,,,2,2,1,2,2
200700024554,0007-04-27 19:05:00,7,4,27,19,5,940,38,LARROUMES (AV),,,Crépuscule ou aube,En agglomération,Hors intersection,Normale,Deux véhicules - frontale,,,,,,,,,,,2,2,1,1,1
200700024555,0007-04-24 17:15:00,7,4,24,17,15,940,38,"107, PAUL VAILLANT COUTU",,,Plein jour,En agglomération,Hors intersection,Normale,Trois véhicules et plus - en chaîne,,,,,,,,,,,1,2,1,1,4
200700024556,0007-04-22 16:00:00,7,4,22,16,0,940,21,"10, JACQUES BREL (AV)",,,Plein jour,En agglomération,Hors intersection,Normale,Deux véhicules - côté,,,,,,,,,,,1,2,1,1,3
200700024557,0007-04-04 06:10:00,7,4,4,6,10,940,41,"7, REPUBLIQUE (AV DE LA)",,,Plein jour,En agglomération,Hors intersection,Normale,Deux véhicules - côté,,,,,,,,,,,1,2,1,1,3
200700024558,0007-04-09 15:40:00,7,4,9,15,40,940,41,NELSON MANDELA,,,Plein jour,En agglomération,Hors intersection,Normale,Deux véhicules - côté,,,,,,,,,,,1,2,1,1,3
200700024559,0007-04-16 20:05:00,7,4,16,20,5,940,41,"50, JEAN JAURES (AV)",,,Nuit avec éclairage allumé,En agglomération,Hors intersection,Normale,Deux véhicules - côté,,,,,,,,,,,5,2,1,1,3
200700024560,0007-04-26 09:10:00,7,4,26,9,10,940,41,"44, VERDUN (AV DE)",,,Plein jour,En agglomération,Hors intersection,Normale,Deux véhicules - côté,,,,,,,,,,,1,2,1,1,3
200700024561,0007-04-06 15:30:00,7,4,6,15,30,940,41,FOUILLOUX (R),,,Plein jour,En agglomération,Hors intersection,Normale,Autre collision,,,,,,,,,,,1,2,1,1,6
200700024562,0007-04-17 09:35:00,7,4,17,9,35,940,41,PAUL VAILLANT COUTURIER,,,Plein jour,En agglomération,Hors intersection,Normale,Deux véhicules - arrière,,,,,,,,,,,1,2,1,1,2
200700024563,0007-04-17 16:20:00,7,4,17,16,20,940,41,"22, HENRI BARBUSSE (AV)",,,Plein jour,En agglomération,Hors intersection,Normale,Sans collision,,,,,,,,,,,1,2,1,1,7
200700024564,0007-04-11 02:50:00,7,4,11,2,50,940,46,"00, EUGENE RENAULT - CAR",,,Nuit avec éclairage allumé,En agglomération,Hors intersection,Normale,Autre collision,,,,,,,,,,,5,2,1,1,6
200700024565,0007-04-13 13:25:00,7,4,13,13,25,940,46,"00, GENERAL DE GAULLE (A",,,Plein jour,En agglomération,Intersection en X,Normale,Deux véhicules - côté,,,,,,,,,,,1,2,2,1,3
200700024566,0007-04-18 18:20:00,7,4,18,18,20,940,46,"208, REPUBLIQUE (AV DE L",,,Plein jour,En agglomération,Hors intersection,Normale,Deux véhicules - côté,,,,,,,,,,,1,2,1,1,3
200700024567,0007-04-25 08:40:00,7,4,25,8,40,940,46,"15, GENERAL DE GAULLE (A",,,Plein jour,En agglomération,Hors intersection,Normale,Autre collision,,,,,,,,,,,1,2,1,1,6
200700024568,0007-04-05 12:30:00,7,4,5,12,30,940,52,"NC, STRASBOURG (BD DE)",,,Plein jour,En agglomération,Hors intersection,Normale,Deux véhicules - côté,,,,,,,,,,,1,2,1,1,3
200700024569,0007-04-07 14:30:00,7,4,7,14,30,940,15,"NC, GEORGES CLEMENCEAU (",,,Plein jour,En agglomération,Intersection en T,Normale,Deux véhicules - côté,,,,,,,,,,,1,2,3,1,3
200700024570,0007-04-11 10:45:00,7,4,11,10,45,940,58,"NC, GEORGES CLEMENCEAU -",,,Plein jour,En agglomération,Hors intersection,Normale,Deux véhicules - côté,,,,,,,,,,,1,2,1,1,3
200700024571,0007-04-12 09:00:00,7,4,12,9,0,940,42,"NC, PRESIDENT WILSON (AV",,,Plein jour,En agglomération,Intersection en X,Normale,Trois véhicules et plus - collisions multiples,,,,,,,,,,,1,2,2,1,5
200700024572,0007-04-12 21:45:00,7,4,12,21,45,940,58,"159, GENERAL DE GAULLE (",,,Nuit avec éclairage allumé,En agglomération,Hors intersection,Normale,Autre collision,,,,,,,,,,,5,2,1,1,6
200700024573,0007-04-13 11:45:00,7,4,13,11,45,940,42,"128, VICTOR RECOURAT (R)",,,Plein jour,En agglomération,Hors intersection,Normale,Deux véhicules - frontale,,,,,,,,,,,1,2,1,1,1
200700024574,0007-04-20 12:15:00,7,4,20,12,15,940,58,"NC, ALSACE LORRAINE (BD",,,Plein jour,En agglomération,Hors intersection,Normale,Deux véhicules - arrière,,,,,,,,,,,1,2,1,1,2
200700024575,0007-04-24 12:30:00,7,4,24,12,30,940,42,"NC, VERDUN (PL DE)",,,Plein jour,En agglomération,Hors intersection,Normale,Deux véhicules - côté,,,,,,,,,,,1,2,1,1,3
200700024576,0007-04-26 14:55:00,7,4,26,14,55,940,58,"NC, CROIX D EAU (R DE LA",,,Plein jour,En agglomération,Hors intersection,Normale,Deux véhicules - côté,,,,,,,,,,,1,2,1,1,3
200700024577,0007-04-28 20:10:00,7,4,28,20,10,940,42,"43, GENERAL GALLIENI (AV",,,Plein jour,En agglomération,Hors intersection,Normale,Deux véhicules - arrière,,,,,,,,,,,1,2,1,1,2
200700024578,0007-04-30 09:15:00,7,4,30,9,15,940,52,"NC, STRASBOURG (BD DE)",,,Plein jour,En agglomération,Hors intersection,Normale,Deux véhicules - côté,,,,,,,,,,,1,2,1,1,3
200700024579,0007-04-02 11:05:00,7,4,2,11,5,940,68,"01, BAC (AV DU)",,,Plein jour,En agglomération,Hors intersection,Normale,Deux véhicules - côté,,,,,,,,,,,1,2,1,1,3
200700024580,0007-04-02 16:30:00,7,4,2,16,30,940,68,PONT DE CRETEIL (R DU),,,Plein jour,En agglomération,Hors intersection,Normale,Autre collision,,,,,,,,,,,1,2,1,1,6
200700024581,0007-04-04 23:00:00,7,4,4,23,0,940,68,MARINVILLE (AV DE),,,Nuit avec éclairage allumé,En agglomération,Hors intersection,Normale,Deux véhicules - arrière,,,,,,,,,,,5,2,1,1,2
200700024582,0007-04-05 19:10:00,7,4,5,19,10,940,68,"06, MAURICE BERTEAUX (BD",,,Plein jour,En agglomération,Hors intersection,Normale,Deux véhicules - côté,,,,,,,,,,,1,2,1,1,3
200700024583,0007-04-06 15:00:00,7,4,6,15,0,940,68,"123, FOCH (AV)",,,Plein jour,En agglomération,Hors intersection,Normale,Autre collision,,,,,,,,,,,1,2,1,1,6
200700024584,0007-04-15 18:25:00,7,4,15,18,25,940,68,"42, CONDE (AV DE)",,,Plein jour,En agglomération,Hors intersection,Normale,Deux véhicules - frontale,,,,,,,,,,,1,2,1,1,1
200700024585,0007-04-14 18:10:00,7,4,14,18,10,940,68,BAC (AV DU),,,Plein jour,En agglomération,Hors intersection,Normale,Autre collision,,,,,,,,,,,1,2,1,1,6
200700024586,0007-04-16 08:35:00,7,4,16,8,35,940,68,"176, CRETEIL (BD DE)",,,Plein jour,En agglomération,Hors intersection,Normale,Autre collision,,,,,,,,,,,1,2,1,1,6
200700024587,0007-04-23 08:15:00,7,4,23,8,15,940,68,MARRONNIERS (PL DES),,,Plein jour,En agglomération,Autre intersection,Normale,Deux véhicules - côté,,,,,,,,,,,1,2,9,1,3
200700024588,0007-04-24 12:30:00,7,4,24,12,30,940,68,"53, BAC (AV DU)",,,Plein jour,En agglomération,Hors intersection,Normale,Trois véhicules et plus - en chaîne,,,,,,,,,,,1,2,1,1,4
200700024589,0007-04-06 12:35:00,7,4,6,12,35,940,68,CONVENTION (AV DE LA),,,Plein jour,En agglomération,Intersection en T,Normale,Autre collision,,,,,,,,,,,1,2,3,1,6
200700024590,0007-04-23 08:55:00,7,4,23,8,55,940,68,"135, CRETEIL (BD DE)",,,Plein jour,En agglomération,Hors intersection,Normale,Autre collision,,,,,,,,,,,1,2,1,1,6
200700024591,0007-04-02 15:15:00,7,4,2,15,15,940,74,"56, HENRI BARBUSSE (AV)",,,Plein jour,En agglomération,Hors intersection,Normale,Autre collision,,,,,,,,,,,1,2,1,1,6
200700024592,0007-04-02 22:10:00,7,4,2,22,10,940,74,RU DE GIRONDE (AV DU),,,Nuit avec éclairage allumé,En agglomération,Intersection en T,Normale,Sans collision,,,,,,,,,,,5,2,3,1,7
200700024593,0007-04-11 17:50:00,7,4,11,17,50,940,78,"0, BRICQUEBEC (R DE)",,,Plein jour,En agglomération,Intersection en T,Normale,Deux véhicules - côté,,,,,,,,,,,1,2,3,1,3
200700024594,0007-04-21 17:35:00,7,4,21,17,35,940,77,"135, LE FOLL (AV)",,,Plein jour,Hors agglomération,Hors intersection,Normale,Autre collision,,,,,,,,,,,1,1,1,1,6
200700024595,0007-04-22 17:35:00,7,4,22,17,35,940,78,"26, CARNOT (AV)",,,Plein jour,En agglomération,Hors intersection,Normale,Autre collision,,,,,,,,,,,1,2,1,1,6
200700024596,0007-04-26 15:00:00,7,4,26,15,0,940,78,MELUN (AV DE),,,Plein jour,En agglomération,Hors intersection,Normale,Sans collision,,,,,,,,,,,1,2,1,1,7
200700024597,0007-04-26 08:00:00,7,4,26,8,0,940,77,"3, NON DENOMMEE (VOI)",,,Plein jour,En agglomération,Hors intersection,Normale,Autre collision,,,,,,,,,,,1,2,1,1,6
200700024598,0007-04-29 11:05:00,7,4,29,11,5,940,78,PARIS (R DE),,,Plein jour,En agglomération,Intersection en X,Normale,Deux véhicules - arrière,,,,,,,,,,,1,2,2,1,2
200700024599,0007-04-14 19:00:00,7,4,14,19,0,940,78,PIERRE SEMARD (PL),,,Crépuscule ou aube,En agglomération,Hors intersection,Normale,Autre collision,,,,,,,,,,,2,2,1,1,6
200700024600,0007-04-08 19:15:00,7,4,8,19,15,940,78,"26, JACQUARD (R)",,,Plein jour,En agglomération,Hors intersection,Normale,Sans collision,,,,,,,,,,,1,2,1,1,7
200700024601,0007-04-11 10:50:00,7,4,11,10,50,940,78,MELUN (AV DE),,,Plein jour,Hors agglomération,Autre intersection,Normale,Autre collision,,,,,,,,,,,1,1,9,1,6
200700024602,0007-04-20 12:30:00,7,4,20,12,30,940,78,"0, CHOISY (AV DE)",,,Plein jour,En agglomération,Hors intersection,Normale,Sans collision,,,,,,,,,,,1,2,1,1,7
200700024603,0007-04-21 22:50:00,7,4,21,22,50,940,78,VALENTON (AV DE),,,Crépuscule ou aube,En agglomération,Autre intersection,Normale,Autre collision,,,,,,,,,,,2,2,9,1,6
200700024604,0007-04-28 13:35:00,7,4,28,13,35,940,78,"12, CHATAIGNIERS (R DES)",,,Plein jour,En agglomération,Hors intersection,Normale,Autre collision,,,,,,,,,,,1,2,1,1,6
200700024605,0007-04-10 21:05:00,7,4,10,21,5,940,78,"21, ANATOLE FRANCE (AV)",,,Nuit avec éclairage allumé,En agglomération,Intersection en X,Normale,Deux véhicules - côté,,,,,,,,,,,5,2,2,1,3
200700024606,0007-04-09 16:05:00,7,4,9,16,5,940,78,"8, MOZART (ALL)",,,Plein jour,En agglomération,Hors intersection,Normale,Autre collision,,,,,,,,,,,1,2,1,1,6
200700024607,0007-04-12 18:10:00,7,4,12,18,10,940,78,"11, THIMONNIER (R)",,,Plein jour,En agglomération,Hors intersection,Normale,Autre collision,,,,,,,,,,,1,2,1,1,6
200700024608,0007-04-20 14:50:00,7,4,20,14,50,940,77,LE FOLL (AV),,,Plein jour,En agglomération,Hors intersection,Normale,Autre collision,,,,,,,,,,,1,2,1,1,6
200700024609,0007-04-12 20:20:00,7,4,12,20,20,940,1,"0, DURU ( avenue Auguste",,,Crépuscule ou aube,En agglomération,Hors intersection,Normale,Autre collision,,,,,,,,,,,2,2,1,1,6
200700024610,0007-04-03 16:20:00,7,4,3,16,20,940,80,"118, PARIS (AV DE)",,,Plein jour,En agglomération,Hors intersection,Normale,Autre collision,,,,,,,,,,,1,2,1,1,6
200700024611,0007-04-04 17:50:00,7,4,4,17,50,940,67,GAMBETTA (AV),,,Plein jour,En agglomération,Intersection en X,Normale,Deux véhicules - côté,,,,,,,,,,,1,2,2,1,3
200700024612,0007-04-12 18:00:00,7,4,12,18,0,940,80,"., PARIS (AV DE)",,,Plein jour,En agglomération,Intersection en T,Normale,Sans collision,,,,,,,,,,,1,2,3,1,7
200700024613,0007-04-17 07:00:00,7,4,17,7,0,940,80,"128, PARIS (AV DE)",,,Plein jour,En agglomération,Intersection en T,Normale,Autre collision,,,,,,,,,,,1,2,3,1,6
200700024614,0007-04-21 22:05:00,7,4,21,22,5,940,80,"., FOCH (AV)",,,Nuit avec éclairage allumé,En agglomération,Intersection en X,Normale,Deux véhicules - côté,,,,,,,,,,,5,2,2,1,3
200700024615,0007-04-22 17:50:00,7,4,22,17,50,940,80,"20, MINIMES (AV DES)",,,Plein jour,En agglomération,Hors intersection,Normale,Autre collision,,,,,,,,,,,1,2,1,1,6
200700024616,0007-04-24 08:15:00,7,4,24,8,15,940,80,"., CONDE-SUR-NOIREAU (R",,,Plein jour,En agglomération,Intersection en T,Normale,Deux véhicules - côté,,,,,,,,,,,1,2,3,1,3
200700024617,0007-04-26 09:50:00,7,4,26,9,50,940,80,"89, DIDEROT (R)",,,Plein jour,En agglomération,Intersection en X,Normale,Autre collision,,,,,,,,,,,1,2,2,1,6
200700024618,0007-04-26 09:51:00,7,4,26,9,51,940,80,PAUL DEROULEDE (AV),,,Plein jour,En agglomération,Intersection en X,Normale,Deux véhicules - frontale,,,,,,,,,,,1,2,2,1,1
200700024619,0007-04-27 11:00:00,7,4,27,11,0,940,80,"177, FONTENAY (R DE)",,,Plein jour,En agglomération,Intersection en T,Normale,Autre collision,,,,,,,,,,,1,2,3,1,6
200700024620,0007-04-16 13:05:00,7,4,16,13,5,940,81,"Parking, EDITH CAVELL (R",,,Plein jour,En agglomération,Hors intersection,Normale,Deux véhicules - côté,,,,,,,,,,,1,2,1,1,3
200700024621,0007-04-18 19:30:00,7,4,18,19,30,940,81,"ANGLE, PUCCINI (R)",,,Plein jour,En agglomération,Intersection en X,Normale,Autre collision,,,,,,,,,,,1,2,2,1,6
200700024622,0007-04-26 15:30:00,7,4,26,15,30,940,81,"07, NORIETS (R DES)",,,Plein jour,En agglomération,Hors intersection,Normale,Autre collision,,,,,,,,,,,1,2,1,1,6
200700024623,0007-04-27 12:10:00,7,4,27,12,10,940,81,"20, ABBE ROGER DERRY (AV",,,Plein jour,En agglomération,Hors intersection,Normale,Autre collision,,,,,,,,,,,1,2,1,1,6
200700024624,0007-04-27 22:10:00,7,4,27,22,10,940,81,YOURI GAGARINE (AV),,,Nuit avec éclairage allumé,En agglomération,Hors intersection,Normale,Autre collision,,,,,,,,,,,5,2,1,1,6
200700024625,0007-04-28 19:55:00,7,4,28,19,55,940,81,YOURI GAGARINE (AV),,,Plein jour,En agglomération,Autre intersection,Normale,Autre collision,,,,,,,,,,,1,2,9,1,6
200700024626,0007-04-02 09:35:00,7,4,2,9,35,950,18,"21, HAIE NORMANDE (ALLEE",,,Plein jour,En agglomération,Intersection en T,Normale,Autre collision,,,,,,,,,,,1,2,3,1,6
200700024627,0007-04-03 14:00:00,7,4,3,14,0,950,18,DELAMBRE (BOULEVARD DU G,,,Plein jour,En agglomération,Hors intersection,Normale,Trois véhicules et plus - collisions multiples,,,,,,,,,,,1,2,1,1,5
200700024628,0007-04-07 13:55:00,7,4,7,13,55,950,18,"48, REPUBLIQUE (RUE DE L",,,Plein jour,En agglomération,Hors intersection,Normale,Sans collision,,,,,,,,,,,1,2,1,1,7
200700024629,0007-04-11 18:58:00,7,4,11,18,58,950,176,CHEFDEVILLE (ALLEE P.),,,Plein jour,En agglomération,Intersection en T,Normale,Deux véhicules - frontale,,,,,,,,,,,1,2,3,1,1
200700024630,0007-04-13 12:03:00,7,4,13,12,3,950,18,AVENUE M. UTRILLO,,,Plein jour,En agglomération,Hors intersection,Normale,Sans collision,,,,,,,,,,,1,2,1,1,7
200700024631,0007-04-12 19:00:00,7,4,12,19,0,950,18,LECLERC (BLD DU GENERAL),,,Plein jour,En agglomération,Hors intersection,Normale,Sans collision,,,,,,,,,,,1,2,1,1,7
200700024632,0007-04-14 22:10:00,7,4,14,22,10,950,176,JOFFRE (BOULEVARD),,,Nuit avec éclairage allumé,En agglomération,Intersection en X,Normale,Autre collision,,,,,,,,,,,5,2,2,1,6
200700024633,0007-04-15 09:45:00,7,4,15,9,45,950,18,"155, MONET (ALLEE CLAUDE",,,Plein jour,En agglomération,Hors intersection,Normale,Deux véhicules - frontale,,,,,,,,,,,1,2,1,1,1
200700024634,0007-04-14 13:08:00,7,4,14,13,8,950,18,RDPT MAZAGRAN,,,Plein jour,En agglomération,Giratoire,Normale,Deux véhicules - côté,,,,,,,,,,,1,2,6,1,3
200700024635,0007-04-19 15:30:00,7,4,19,15,30,950,176,CLEMENCEAU (BOULEVARD GE,,,Plein jour,En agglomération,Intersection en X,Normale,Sans collision,,,,,,,,,,,1,2,2,1,7
200700024636,0007-04-19 21:40:00,7,4,19,21,40,950,18,AVENUE M. UTRILLO,,,Nuit avec éclairage allumé,En agglomération,Hors intersection,Normale,Autre collision,,,,,,,,,,,5,2,1,1,6
200700024637,0007-04-21 17:43:00,7,4,21,17,43,950,18,DELAMBRE (BOULEVARD DU G,,,Plein jour,En agglomération,Hors intersection,Normale,Deux véhicules - côté,,,,,,,,,,,1,2,1,1,3
200700024638,0007-04-22 12:45:00,7,4,22,12,45,950,176,ESTERELLES (RUE DES),,,Plein jour,En agglomération,Intersection en T,Normale,Autre collision,,,,,,,,,,,1,2,3,1,6
200700024639,0007-04-24 08:00:00,7,4,24,8,0,950,582,ERMITAGE (RUE DE L'),,,Plein jour,En agglomération,Hors intersection,Normale,Deux véhicules - arrière,,,,,,,,,,,1,2,1,1,2
200700024640,0007-04-21 21:50:00,7,4,21,21,50,950,176,STRATEGIQUE (ROUTE),,,Nuit avec éclairage allumé,Hors agglomération,Hors intersection,Normale,Deux véhicules - côté,,,,,,,,,,,5,1,1,1,3
200700024641,0007-04-24 17:40:00,7,4,24,17,40,950,18,"128, PONTOISE (ROUTE DE)",,,Plein jour,En agglomération,Hors intersection,Normale,Autre collision,,,,,,,,,,,1,2,1,1,6
200700024642,0007-04-23 08:15:00,7,4,23,8,15,950,18,"130, JAURES (AVENUE JEAN",,,Plein jour,En agglomération,Intersection en T,Normale,Deux véhicules - côté,,,,,,,,,,,1,2,3,1,3
200700024643,0007-04-26 14:15:00,7,4,26,14,15,950,18,JUSTICE (RUE DE LA),,,Plein jour,En agglomération,Intersection en X,Temps éblouissant,Deux véhicules - côté,,,,,,,,,,,1,2,2,7,3
200700024644,0007-04-26 17:15:00,7,4,26,17,15,950,18,"98, GAMBETTA (RUE)",,,Plein jour,En agglomération,Hors intersection,Normale,Autre collision,,,,,,,,,,,1,2,1,1,6
200700024645,0007-04-28 19:45:00,7,4,28,19,45,950,18,RONSARD (ALLEE PIERRE DE,,,Crépuscule ou aube,En agglomération,Hors intersection,Normale,Sans collision,,,,,,,,,,,2,2,1,1,7
200700024646,0007-04-28 10:40:00,7,4,28,10,40,950,582,"6, SERGENT GUIGNOT (RUE",,,Plein jour,En agglomération,Intersection en X,Normale,Deux véhicules - arrière,,,,,,,,,,,1,2,2,1,2
200700024647,0007-04-21 15:55:00,7,4,21,15,55,950,18,PRUDHON (RUE DU LT COLON,,,Plein jour,En agglomération,Intersection en X,Normale,Deux véhicules - côté,,,,,,,,,,,1,2,2,1,3
200700024648,0007-04-19 19:40:00,7,4,19,19,40,950,63,GENERAL DELAMBRE (BOULEV,,,Plein jour,En agglomération,Intersection en X,Normale,Deux véhicules - côté,,,,,,,,,,,1,2,2,1,3
200700024649,0007-04-01 22:25:00,7,4,1,22,25,950,488,"0, LIBERATION (AVENUE DE",,,Nuit avec éclairage allumé,En agglomération,Hors intersection,Normale,Trois véhicules et plus - en chaîne,,,,,,,,,,,5,2,1,1,4
200700024650,0007-04-03 14:55:00,7,4,3,14,55,950,500,SERE DEPOIN (RUE),,,Plein jour,En agglomération,Hors intersection,Normale,Sans collision,,,,,,,,,,,1,2,1,1,7
200700024651,0007-04-11 13:10:00,7,4,11,13,10,950,127,"0, NORD (AVENUE DU)",,,Plein jour,En agglomération,Hors intersection,Normale,Sans collision,,,,,,,,,,,1,2,1,1,7
200700024652,0007-04-18 10:45:00,7,4,18,10,45,950,127,NEUVILLE (RUE DE),,,Plein jour,En agglomération,Intersection en X,Normale,Sans collision,,,,,,,,,,,1,2,2,1,7
200700024653,0007-04-22 15:55:00,7,4,22,15,55,950,127,SAINT MARTIN (RUE),,,Plein jour,En agglomération,Intersection en T,Normale,Sans collision,,,,,,,,,,,1,2,3,1,7
200700024654,0007-04-23 13:52:00,7,4,23,13,52,950,476,LIVILLIERS (RUE DE),,,Plein jour,En agglomération,Intersection en X,Normale,Deux véhicules - côté,,,,,,,,,,,1,2,2,1,3
200700024655,0007-04-19 19:15:00,7,4,19,19,15,950,427,", ROSES (RUE DES)",,,Plein jour,En agglomération,Intersection en T,Normale,Autre collision,,,,,,,,,,,1,2,3,1,6
200700024656,0007-04-14 18:30:00,7,4,14,18,30,950,598,"0, LOGES   RUE DES",,,Plein jour,En agglomération,Hors intersection,Normale,Deux véhicules - frontale,,,,,,,,,,,1,2,1,1,1
200700024657,0007-04-22 00:30:00,7,4,22,0,30,950,555,"8, MASSENET (RUE)",,,Nuit avec éclairage allumé,En agglomération,Hors intersection,Normale,Autre collision,,,,,,,,,,,5,2,1,1,6
200700024658,0007-04-05 17:30:00,7,4,5,17,30,950,203,SAINT LEU (ROUTE DE),,,Plein jour,En agglomération,Hors intersection,Normale,Autre collision,,,,,,,,,,,1,2,1,1,6
200700024659,0007-04-06 17:10:00,7,4,6,17,10,950,574,CHATEAU DE LA CHASSE (RU,,,Plein jour,En agglomération,Hors intersection,Normale,Autre collision,,,,,,,,,,,1,2,1,1,6
200700024660,0007-04-06 20:45:00,7,4,6,20,45,950,252,CROIX VERTE (RUE DE LA),,,Nuit avec éclairage allumé,En agglomération,Hors intersection,Normale,Autre collision,,,,,,,,,,,5,2,1,1,6
200700024661,0007-04-08 10:10:00,7,4,8,10,10,950,203,"18, VOLTAIRE (AVENUE)",,,Plein jour,En agglomération,Hors intersection,Normale,Autre collision,,,,,,,,,,,1,2,1,1,6