accident_id,datetime,annee,mois,jour,heure,minute,departement,commune_insee,adresse,latitude,longitude,luminosite,agglomeration,intersection,meteo,collision,nb_vehicules,nb_usagers,nb_indemnes,nb_tues,nb_blesses_hosp,nb_blesses_legers,age_cond_1,age_cond_2,veh_type_cond_1,veh_type_cond_2,lum_code,agg_code,int_code,atm_code,col_code
200700024662,0007-04-12 10:15:00,7,4,12,10,15,950,203,"18, SAINT LEU (ROUTE DE)",,,Plein jour,En agglomération,Hors intersection,Normale,Autre collision,,,,,,,,,,,1,2,1,1,6
200700024663,0007-04-13 16:20:00,7,4,13,16,20,950,252,MARAIS (AVENUE DES),,,Plein jour,En agglomération,Intersection en X,Normale,Deux véhicules - côté,,,,,,,,,,,1,2,2,1,3
200700024664,0007-04-17 18:20:00,7,4,17,18,20,950,252,GENERAL LECLERC (RUE DU),,,Plein jour,En agglomération,Hors intersection,Normale,Autre collision,,,,,,,,,,,1,2,1,1,6
200700024665,0007-04-08 13:55:00,7,4,8,13,55,950,257,"113, ARGENTEUIL (RUE D')",,,Plein jour,En agglomération,Hors intersection,Normale,Autre collision,,,,,,,,,,,1,2,1,1,6
200700024666,0007-04-14 07:35:00,7,4,14,7,35,950,306,PARIS (RUE DE),,,Plein jour,En agglomération,Intersection en X,Normale,Deux véhicules - côté,,,,,,,,,,,1,2,2,1,3
200700024667,0007-04-23 20:10:00,7,4,23,20,10,950,257,MARCELIN BERTHELOT (RUE),,,Crépuscule ou aube,En agglomération,Hors intersection,Normale,Autre collision,,,,,,,,,,,2,2,1,1,6
200700024668,0007-04-25 11:25:00,7,4,25,11,25,950,424,PONTOISE (BOULEVARD DE),,,Plein jour,En agglomération,Hors intersection,Normale,Trois véhicules et plus - en chaîne,,,,,,,,,,,1,2,1,1,4
200700024669,0007-04-26 17:40:00,7,4,26,17,40,950,306,AMBASSADEURS (BOULEVARD,,,Plein jour,En agglomération,Hors intersection,Normale,Deux véhicules - frontale,,,,,,,,,,,1,2,1,1,1
200700024670,0007-04-30 17:45:00,7,4,30,17,45,950,424,AUGUSTE RENOIR (RUE),,,Plein jour,En agglomération,Hors intersection,Normale,Deux véhicules - côté,,,,,,,,,,,1,2,1,1,3
200700024671,0007-04-19 08:30:00,7,4,19,8,30,950,504,DANIEL CASANOVA,,,Plein jour,En agglomération,Intersection en Y,Normale,Deux véhicules - frontale,,,,,,,,,,,1,2,4,1,1
200700024672,0007-04-28 02:50:00,7,4,28,2,50,950,487,CD.4   ROND POINT ASSAUT,,,Nuit sans éclairage public,En agglomération,Hors intersection,Normale,Sans collision,,,,,,,,,,,3,2,1,1,7
200700024673,0007-04-27 13:05:00,7,4,27,13,5,950,680,PIERRE SEMARD (AVENUE),,,Plein jour,En agglomération,Hors intersection,Normale,Deux véhicules - côté,,,,,,,,,,,1,2,1,1,3
200700024674,0007-04-07 17:35:00,7,4,7,17,35,950,607,JEAN BAPTISTE CLEMENT (R,,,Plein jour,Hors agglomération,Hors intersection,Normale,Autre collision,,,,,,,,,,,1,1,1,1,6
200700024675,0007-04-02 08:20:00,7,4,2,8,20,201,4,RECCO ABBE BOULEVARD,,,Plein jour,En agglomération,Hors intersection,Normale,Deux véhicules - frontale,,,,,,,,,,,1,2,1,1,1
200700024676,0007-04-03 13:59:00,7,4,3,13,59,201,4,ROSSINI PASCAL BD,,,Plein jour,En agglomération,Autre intersection,Normale,Trois véhicules et plus - collisions multiples,,,,,,,,,,,1,2,9,1,5
200700024677,0007-04-03 17:44:00,7,4,3,17,44,201,4,"77, NAPOLEON COURS APRES",,,Plein jour,En agglomération,Hors intersection,Pluie légère,Trois véhicules et plus - en chaîne,,,,,,,,,,,1,2,1,2,4
200700024678,0007-04-06 12:00:00,7,4,6,12,0,201,4,SAMPIERO BD,,,Plein jour,En agglomération,Hors intersection,Normale,Autre collision,,,,,,,,,,,1,2,1,1,6
200700024679,0007-04-10 15:43:00,7,4,10,15,43,201,4,FRANCHINI NOEL AV DOCTEU,,,Plein jour,En agglomération,Hors intersection,Normale,Deux véhicules - arrière,,,,,,,,,,,1,2,1,1,2
200700024680,0007-04-10 16:48:00,7,4,10,16,48,201,4,CAMPI LOUIS BD,,,Plein jour,En agglomération,Hors intersection,Normale,Trois véhicules et plus - en chaîne,,,,,,,,,,,1,2,1,1,4
200700024681,0007-04-11 12:36:00,7,4,11,12,36,201,4,CONSTELLATION IMM.AV NOE,,,Plein jour,En agglomération,Hors intersection,Normale,Deux véhicules - côté,,,,,,,,,,,1,2,1,1,3
200700024682,0007-04-11 22:58:00,7,4,11,22,58,201,4,1ER CONSUL RCE RUE CANDI,,,Nuit avec éclairage allumé,En agglomération,Intersection en T,Normale,Deux véhicules - arrière,,,,,,,,,,,5,2,3,1,2
200700024683,0007-04-12 16:00:00,7,4,12,16,0,201,4,NATIONALE 193,,,Plein jour,En agglomération,Giratoire,Normale,Deux véhicules - côté,,,,,,,,,,,1,2,6,1,3
200700024684,0007-04-12 12:18:00,7,4,12,12,18,201,4,BONAPARTE CHARLES  BD,,,Plein jour,En agglomération,Intersection en T,Normale,Deux véhicules - arrière,,,,,,,,,,,1,2,3,1,2
200700024685,0007-04-18 16:30:00,7,4,18,16,30,201,4,STILETTO LOT RTE MEZZAVI,,,Plein jour,En agglomération,Hors intersection,Normale,Deux véhicules - arrière,,,,,,,,,,,1,2,1,1,2
200700024686,0007-04-18 21:30:00,7,4,18,21,30,201,4,PARIS AVENUE,,,Nuit avec éclairage allumé,En agglomération,Intersection en T,Normale,Deux véhicules - côté,,,,,,,,,,,5,2,3,1,3
200700024687,0007-04-19 23:10:00,7,4,19,23,10,201,4,"SANS, MARECHAL JUIN AVEN",,,Nuit avec éclairage allumé,En agglomération,Intersection en T,Normale,Deux véhicules - arrière,,,,,,,,,,,5,2,3,1,2
200700024688,0007-04-20 09:30:00,7,4,20,9,30,201,4,CAMPI LOUIS BD,,,Plein jour,Hors agglomération,Hors intersection,Normale,Deux véhicules - côté,,,,,,,,,,,1,1,1,1,3
200700024689,0007-04-20 18:34:00,7,4,20,18,34,201,4,NICOLI JEAN COURS,,,Plein jour,En agglomération,Hors intersection,Normale,Deux véhicules - côté,,,,,,,,,,,1,2,1,1,3
200700024690,0007-04-21 09:00:00,7,4,21,9,0,201,4,BONAPARTE CHARLES  BD,,,Plein jour,En agglomération,Hors intersection,Normale,Deux véhicules - côté,,,,,,,,,,,1,2,1,1,3
200700024691,0007-04-22 18:50:00,7,4,22,18,50,201,4,NATIONALE 194,,,Plein jour,En agglomération,Hors intersection,Normale,Deux véhicules - côté,,,,,,,,,,,1,2,1,1,3
200700024692,0007-04-25 13:20:00,7,4,25,13,20,201,4,VAZZIO CITE EDF,,,Plein jour,En agglomération,Hors intersection,Normale,Sans collision,,,,,,,,,,,1,2,1,1,7
200700024693,0007-04-26 16:15:00,7,4,26,16,15,201,4,VAZZIO CITE EDF,,,Plein jour,En agglomération,Hors intersection,Normale,Deux véhicules - côté,,,,,,,,,,,1,2,1,1,3
200700024694,0007-04-27 03:08:00,7,4,27,3,8,201,4,"101, NAPOLEON COURS APRE",,,Nuit avec éclairage allumé,En agglomération,Hors intersection,Normale,Autre collision,,,,,,,,,,,5,2,1,1,6
200700024695,0007-04-27 08:50:00,7,4,27,8,50,201,4,NATIONALE 194,,,Plein jour,En agglomération,Hors intersection,Normale,Deux véhicules - côté,,,,,,,,,,,1,2,1,1,3
200700024696,0007-04-26 20:40:00,7,4,26,20,40,201,4,NATIONALE 194,,,Nuit avec éclairage allumé,En agglomération,Hors intersection,Normale,Deux véhicules - côté,,,,,,,,,,,5,2,1,1,3
200700024697,0007-04-29 15:23:00,7,4,29,15,23,201,4,ASPRETTO ROUTE,,,Plein jour,En agglomération,Hors intersection,Normale,Deux véhicules - côté,,,,,,,,,,,1,2,1,1,3
200700024698,0007-04-14 17:40:00,7,4,14,17,40,690,381,"07, RUE CONSTANTINE",,,Plein jour,En agglomération,Intersection en X,Normale,Deux véhicules - arrière,,,,,,,,,,,1,2,2,1,2
200700024699,0007-04-21 23:00:00,7,4,21,23,0,690,381,"21b, MONTEE DE LA BUTTE",,,Nuit avec éclairage allumé,En agglomération,Hors intersection,Normale,Autre collision,,,,,,,,,,,5,2,1,1,6
200700024700,0007-04-20 15:00:00,7,4,20,15,0,690,381,"18, ALGERIE (D')",,,Plein jour,En agglomération,Intersection en X,Temps éblouissant,Autre collision,,,,,,,,,,,1,2,2,7,6
200700024701,0007-04-03 13:40:00,7,4,3,13,40,940,28,A86,,,Plein jour,Hors agglomération,Hors intersection,Normale,Autre collision,,,,,,,,,,,1,1,1,1,6
200700024702,0007-04-01 22:45:00,7,4,1,22,45,770,121,A104,,,Nuit sans éclairage public,Hors agglomération,Hors intersection,Normale,Autre collision,,,,,,,,,,,3,1,1,1,6
200700024703,0007-04-02 08:15:00,7,4,2,8,15,770,373,RN104,,,Plein jour,Hors agglomération,Hors intersection,Normale,Deux véhicules - côté,,,,,,,,,,,1,1,1,1,3
200700024704,0007-04-02 08:45:00,7,4,2,8,45,770,169,RN104,,,Plein jour,Hors agglomération,Hors intersection,Normale,Trois véhicules et plus - collisions multiples,,,,,,,,,,,1,1,1,1,5
200700024705,0007-04-03 07:20:00,7,4,3,7,20,940,28,A86,,,Plein jour,Hors agglomération,Hors intersection,Normale,Trois véhicules et plus - collisions multiples,,,,,,,,,,,1,1,1,1,5
200700024706,0007-04-03 09:20:00,7,4,3,9,20,940,17,A4,,,Plein jour,Hors agglomération,Hors intersection,Normale,Deux véhicules - arrière,,,,,,,,,,,1,1,1,1,2
200700024707,0007-04-04 17:55:00,7,4,4,17,55,930,51,A4,,,Plein jour,Hors agglomération,Hors intersection,Normale,Deux véhicules - arrière,,,,,,,,,,,1,1,1,1,2
200700024708,0007-04-04 18:30:00,7,4,4,18,30,940,46,A86,,,Plein jour,Hors agglomération,Hors intersection,Normale,Trois véhicules et plus - collisions multiples,,,,,,,,,,,1,1,1,1,5
200700024709,0007-04-04 18:30:00,7,4,4,18,30,940,69,A86,,,Plein jour,Hors agglomération,Hors intersection,Normale,Deux véhicules - arrière,,,,,,,,,,,1,1,1,1,2
200700024710,0007-04-05 01:30:00,7,4,5,1,30,940,18,A4,,,Nuit sans éclairage public,Hors agglomération,Hors intersection,Normale,Sans collision,,,,,,,,,,,3,1,1,1,7
200700024711,0007-04-05 18:20:00,7,4,5,18,20,940,52,A4,,,Plein jour,Hors agglomération,Hors intersection,Normale,Autre collision,,,,,,,,,,,1,1,1,1,6
200700024712,0007-04-05 00:50:00,7,4,5,0,50,930,51,A4,,,Nuit avec éclairage allumé,Hors agglomération,Hors intersection,Normale,Deux véhicules - arrière,,,,,,,,,,,5,1,1,1,2
200700024713,0007-04-06 13:40:00,7,4,6,13,40,940,28,A86,,,Plein jour,Hors agglomération,Hors intersection,Normale,Deux véhicules - côté,,,,,,,,,,,1,1,1,1,3
200700024714,0007-04-06 17:20:00,7,4,6,17,20,940,28,A86,,,Plein jour,Hors agglomération,Hors intersection,Normale,Trois véhicules et plus - collisions multiples,,,,,,,,,,,1,1,1,1,5
200700024715,0007-04-06 22:30:00,7,4,6,22,30,770,348,A104,,,Nuit sans éclairage public,Hors agglomération,Hors intersection,Normale,Trois véhicules et plus - collisions multiples,,,,,,,,,,,3,1,1,1,5
200700024716,0007-04-07 03:05:00,7,4,7,3,5,930,51,A4,,,Nuit avec éclairage allumé,Hors agglomération,Hors intersection,Normale,Autre collision,,,,,,,,,,,5,1,1,1,6
200700024717,0007-04-07 13:20:00,7,4,7,13,20,930,51,A4,,,Plein jour,Hors agglomération,Hors intersection,Normale,Autre collision,,,,,,,,,,,1,1,1,1,6
200700024718,0007-04-10 00:30:00,7,4,10,0,30,770,59,A104,,,Nuit sans éclairage public,Hors agglomération,Hors intersection,Normale,Autre collision,,,,,,,,,,,3,1,1,1,6
200700024719,0007-04-10 18:30:00,7,4,10,18,30,770,169,A4.Y,,,Plein jour,Hors agglomération,Hors intersection,Normale,Trois véhicules et plus - en chaîne,,,,,,,,,,,1,1,1,1,4
200700024720,0007-04-10 19:05:00,7,4,10,19,5,770,169,A4.Y,,,Plein jour,Hors agglomération,Hors intersection,Normale,Sans collision,,,,,,,,,,,1,1,1,1,7
200700024721,0007-04-11 10:45:00,7,4,11,10,45,940,33,A86.EXT,,,Plein jour,Hors agglomération,Hors intersection,Normale,Sans collision,,,,,,,,,,,1,1,1,1,7
200700024722,0007-04-11 13:34:00,7,4,11,13,34,770,495,A5.B,,,Plein jour,Hors agglomération,Hors intersection,Normale,Deux véhicules - arrière,,,,,,,,,,,1,1,1,1,2
200700024723,0007-04-11 17:30:00,7,4,11,17,30,770,363,A104,,,Plein jour,Hors agglomération,Hors intersection,Normale,Deux véhicules - arrière,,,,,,,,,,,1,1,1,1,2
200700024724,0007-04-11 18:59:00,7,4,11,18,59,770,514,A104,,,Plein jour,Hors agglomération,Hors intersection,Normale,Autre collision,,,,,,,,,,,1,1,1,1,6
200700024725,0007-04-12 10:30:00,7,4,12,10,30,940,69,A4,,,Plein jour,Hors agglomération,Hors intersection,Normale,Deux véhicules - arrière,,,,,,,,,,,1,1,1,1,2
200700024726,0007-04-13 18:00:00,7,4,13,18,0,940,73,A86,,,Plein jour,Hors agglomération,Hors intersection,Normale,Deux véhicules - arrière,,,,,,,,,,,1,1,1,1,2
200700024727,0007-04-14 05:30:00,7,4,14,5,30,940,17,A4,,,Nuit sans éclairage public,Hors agglomération,Hors intersection,Normale,Autre collision,,,,,,,,,,,3,1,1,1,6
200700024728,0007-04-14 09:00:00,7,4,14,9,0,940,28,A86,,,Plein jour,Hors agglomération,Hors intersection,Normale,Sans collision,,,,,,,,,,,1,1,1,1,7
200700024729,0007-04-15 17:00:00,7,4,15,17,0,770,169,RN104,,,Plein jour,Hors agglomération,Hors intersection,Normale,Sans collision,,,,,,,,,,,1,1,1,1,7
200700024730,0007-04-16 19:00:00,7,4,16,19,0,940,42,A4,,,Plein jour,Hors agglomération,Hors intersection,Normale,Deux véhicules - arrière,,,,,,,,,,,1,1,1,1,2
200700024731,0007-04-16 23:00:00,7,4,16,23,0,940,18,A4,,,Nuit avec éclairage allumé,Hors agglomération,Hors intersection,Normale,Sans collision,,,,,,,,,,,5,1,1,1,7
200700024732,0007-04-17 08:35:00,7,4,17,8,35,940,73,A86,,,Plein jour,Hors agglomération,Hors intersection,Normale,Trois véhicules et plus - en chaîne,,,,,,,,,,,1,1,1,1,4
200700024733,0007-04-18 11:06:00,7,4,18,11,6,940,46,A86,,,Plein jour,Hors agglomération,Hors intersection,Normale,Deux véhicules - arrière,,,,,,,,,,,1,1,1,1,2
200700024734,0007-04-18 12:10:00,7,4,18,12,10,940,73,A86,,,Plein jour,Hors agglomération,Hors intersection,Normale,Deux véhicules - côté,,,,,,,,,,,1,1,1,1,3
200700024735,0007-04-18 18:00:00,7,4,18,18,0,940,17,A4,,,Plein jour,Hors agglomération,Hors intersection,Normale,Trois véhicules et plus - en chaîne,,,,,,,,,,,1,1,1,1,4
200700024736,0007-04-19 08:30:00,7,4,19,8,30,940,69,A86,,,Plein jour,Hors agglomération,Hors intersection,Normale,Sans collision,,,,,,,,,,,1,1,1,1,7
200700024737,0007-04-19 13:45:00,7,4,19,13,45,770,372,A104,,,Plein jour,Hors agglomération,Hors intersection,Normale,Autre collision,,,,,,,,,,,1,1,1,1,6
200700024738,0007-04-19 14:40:00,7,4,19,14,40,770,181,A4,,,Plein jour,Hors agglomération,Hors intersection,Normale,Deux véhicules - arrière,,,,,,,,,,,1,1,1,1,2
200700024739,0007-04-20 07:00:00,7,4,20,7,0,940,18,A4,,,Nuit sans éclairage public,Hors agglomération,Hors intersection,Normale,Autre collision,,,,,,,,,,,3,1,1,1,6
200700024740,0007-04-20 18:10:00,7,4,20,18,10,940,18,A4,,,Plein jour,Hors agglomération,Hors intersection,Normale,Trois véhicules et plus - collisions multiples,,,,,,,,,,,1,1,1,1,5
200700024741,0007-04-20 17:40:00,7,4,20,17,40,770,169,A4.Y,,,Plein jour,Hors agglomération,Hors intersection,Normale,Trois véhicules et plus - en chaîne,,,,,,,,,,,1,1,1,1,4
200700024742,0007-04-20 22:00:00,7,4,20,22,0,770,373,RN104,,,Nuit sans éclairage public,Hors agglomération,Hors intersection,Normale,Deux véhicules - arrière,,,,,,,,,,,3,1,1,1,2
200700024743,0007-04-21 13:20:00,7,4,21,13,20,940,28,A86,,,Plein jour,Hors agglomération,Hors intersection,Normale,Deux véhicules - côté,,,,,,,,,,,1,1,1,1,3
200700024744,0007-04-21 23:45:00,7,4,21,23,45,940,46,A86,,,Nuit avec éclairage allumé,Hors agglomération,Hors intersection,Normale,Deux véhicules - arrière,,,,,,,,,,,5,1,1,1,2
200700024745,0007-04-23 18:30:00,7,4,23,18,30,940,18,A4,,,Plein jour,Hors agglomération,Hors intersection,Normale,Sans collision,,,,,,,,,,,1,1,1,1,7
200700024746,0007-04-25 14:10:00,7,4,25,14,10,750,112,A4,,,Plein jour,Hors agglomération,Hors intersection,Normale,Deux véhicules - arrière,,,,,,,,,,,1,1,1,1,2
200700024747,0007-04-26 09:10:00,7,4,26,9,10,940,18,A4,,,Plein jour,Hors agglomération,Hors intersection,Normale,Trois véhicules et plus - collisions multiples,,,,,,,,,,,1,1,1,1,5
200700024748,0007-04-27 17:15:00,7,4,27,17,15,940,17,A4,,,Plein jour,Hors agglomération,Hors intersection,Normale,Deux véhicules - côté,,,,,,,,,,,1,1,1,1,3
200700024749,0007-04-28 13:00:00,7,4,28,13,0,940,52,A86.EXT,,,Plein jour,Hors agglomération,Hors intersection,Normale,Trois véhicules et plus - en chaîne,,,,,,,,,,,1,1,1,1,4
200700024750,0007-04-29 20:50:00,7,4,29,20,50,770,83,A4.W,,,Crépuscule ou aube,Hors agglomération,Hors intersection,Pluie légère,Sans collision,,,,,,,,,,,2,1,1,2,7
200700024751,0007-04-30 10:10:00,7,4,30,10,10,750,112,A4,,,Plein jour,Hors agglomération,Hors intersection,Normale,Trois véhicules et plus - collisions multiples,,,,,,,,,,,1,1,1,1,5
200700024752,0007-04-30 15:40:00,7,4,30,15,40,770,384,A5.B,,,Plein jour,Hors agglomération,Hors intersection,Normale,Autre collision,,,,,,,,,,,1,1,1,1,6
200700024753,0007-04-01 06:10:00,7,4,1,6,10,930,8,AUTOROUTE A86,,,Nuit avec éclairage allumé,Hors agglomération,Hors intersection,Normale,Sans collision,,,,,,,,,,,5,1,1,1,7
200700024754,0007-04-01 10:00:00,7,4,1,10,0,930,53,AUTOROUTE A3,,,Plein jour,Hors agglomération,Hors intersection,Normale,Deux véhicules - arrière,,,,,,,,,,,1,1,1,1,2
200700024755,0007-04-01 14:45:00,7,4,1,14,45,930,48,AUTOROUTE A3,,,Plein jour,Hors agglomération,Hors intersection,Normale,Trois véhicules et plus - en chaîne,,,,,,,,,,,1,1,1,1,4
200700024756,0007-04-01 18:00:00,7,4,1,18,0,930,53,AUTOROUTE A3,,,Plein jour,Hors agglomération,Hors intersection,Normale,Deux véhicules - arrière,,,,,,,,,,,1,1,1,1,2
200700024757,0007-04-01 21:45:00,7,4,1,21,45,950,252,AUTOROUTE A15,,,Nuit avec éclairage allumé,Hors agglomération,Hors intersection,Normale,Sans collision,,,,,,,,,,,5,1,1,1,7
200700024758,0007-04-01 21:50:00,7,4,1,21,50,930,63,AUTOROUTE A3,,,Nuit avec éclairage allumé,Hors agglomération,Hors intersection,Normale,Deux véhicules - arrière,,,,,,,,,,,5,1,1,1,2
200700024759,0007-04-02 08:20:00,7,4,2,8,20,930,32,AUTOROUTE A3,,,Plein jour,Hors agglomération,Hors intersection,Normale,Deux véhicules - côté,,,,,,,,,,,1,1,1,1,3
200700024760,0007-04-02 22:45:00,7,4,2,22,45,930,66,AUTOROUTE A86,,,Nuit sans éclairage public,Hors agglomération,Hors intersection,Normale,Trois véhicules et plus - en chaîne,,,,,,,,,,,3,1,1,1,4
200700024761,0007-04-03 11:00:00,7,4,3,11,0,950,277,AUTOROUTE A3,,,Plein jour,Hors agglomération,Hors intersection,Normale,Deux véhicules - arrière,,,,,,,,,,,1,1,1,1,2
200700024762,0007-04-03 11:30:00,7,4,3,11,30,950,555,RD 170,,,Plein jour,Hors agglomération,Hors intersection,Normale,Deux véhicules - côté,,,,,,,,,,,1,1,1,1,3
200700024763,0007-04-03 16:40:00,7,4,3,16,40,950,582,AUTOROUTE A15,,,Plein jour,Hors agglomération,Hors intersection,Normale,Deux véhicules - arrière,,,,,,,,,,,1,1,1,1,2
200700024764,0007-04-04 08:00:00,7,4,4,8,0,930,6,AUTOROUTE A3,,,Plein jour,Hors agglomération,Hors intersection,Normale,Deux véhicules - côté,,,,,,,,,,,1,1,1,1,3
200700024765,0007-04-04 08:20:00,7,4,4,8,20,950,582,AUTOROUTE A115,,,Plein jour,Hors agglomération,Hors intersection,Normale,Deux véhicules - arrière,,,,,,,,,,,1,1,1,1,2
200700024766,0007-04-04 15:10:00,7,4,4,15,10,950,424,AUTOROUTE A15,,,Plein jour,Hors agglomération,Hors intersection,Normale,Autre collision,,,,,,,,,,,1,1,1,1,6
200700024767,0007-04-04 15:55:00,7,4,4,15,55,930,66,AUTOROUTE A1,,,Plein jour,Hors agglomération,Hors intersection,Normale,Deux véhicules - côté,,,,,,,,,,,1,1,1,1,3
200700024768,0007-04-04 20:15:00,7,4,4,20,15,930,53,AUTOROUTE A3,,,Crépuscule ou aube,Hors agglomération,Hors intersection,Normale,Trois véhicules et plus - en chaîne,,,,,,,,,,,2,1,1,1,4
200700024769,0007-04-05 21:45:00,7,4,5,21,45,950,527,AUTOROUTE A3,,,Nuit avec éclairage allumé,Hors agglomération,Hors intersection,Normale,Autre collision,,,,,,,,,,,5,1,1,1,6
200700024770,0007-04-06 08:15:00,7,4,6,8,15,950,18,AUTOROUTE A15,,,Plein jour,Hors agglomération,Hors intersection,Normale,Deux véhicules - côté,,,,,,,,,,,1,1,1,1,3
200700024771,0007-04-06 08:45:00,7,4,6,8,45,950,582,AUTOROUTE A15,,,Plein jour,Hors agglomération,Hors intersection,Normale,Autre collision,,,,,,,,,,,1,1,1,1,6
200700024772,0007-04-06 14:15:00,7,4,6,14,15,920,36,AUTOROUTE A86,,,Plein jour,Hors agglomération,Hors intersection,Normale,Deux véhicules - arrière,,,,,,,,,,,1,1,1,1,2
200700024773,0007-04-06 18:40:00,7,4,6,18,40,920,36,AUTOROUTE A86,,,Plein jour,Hors agglomération,Hors intersection,Normale,Autre collision,,,,,,,,,,,1,1,1,1,6
200700024774,0007-04-06 19:00:00,7,4,6,19,0,950,607,AUTOROUTE A115,,,Plein jour,Hors agglomération,Hors intersection,Normale,Trois véhicules et plus - collisions multiples,,,,,,,,,,,1,1,1,1,5
200700024775,0007-04-07 00:45:00,7,4,7,0,45,950,306,AUTOROUTE A15,,,Nuit avec éclairage allumé,Hors agglomération,Hors intersection,Normale,Trois véhicules et plus - collisions multiples,,,,,,,,,,,5,1,1,1,5
200700024776,0007-04-07 02:30:00,7,4,7,2,30,930,8,AUTOROUTE A86,,,Nuit avec éclairage allumé,Hors agglomération,Hors intersection,Normale,Autre collision,,,,,,,,,,,5,1,1,1,6
200700024777,0007-04-07 12:45:00,7,4,7,12,45,930,53,AUTOROUTE A3,,,Plein jour,Hors agglomération,Hors intersection,Normale,Trois véhicules et plus - en chaîne,,,,,,,,,,,1,1,1,1,4
200700024778,0007-04-06 19:40:00,7,4,6,19,40,920,36,AUTOROUTE A86,,,Plein jour,Hors agglomération,Hors intersection,Normale,Autre collision,,,,,,,,,,,1,1,1,1,6
200700024779,0007-04-07 13:15:00,7,4,7,13,15,950,306,AUTOROUTE A15,,,Plein jour,Hors agglomération,Hors intersection,Normale,Sans collision,,,,,,,,,,,1,1,1,1,7
200700024780,0007-04-08 13:30:00,7,4,8,13,30,930,6,AUTOROUTE A3,,,Plein jour,Hors agglomération,Hors intersection,Normale,Deux véhicules - arrière,,,,,,,,,,,1,1,1,1,2
200700024781,0007-04-07 20:00:00,7,4,7,20,0,600,505,AUTOROUTE A1,,,Crépuscule ou aube,Hors agglomération,Hors intersection,Normale,Trois véhicules et plus - collisions multiples,,,,,,,,,,,2,1,1,1,5
200700024782,0007-04-08 18:22:00,7,4,8,18,22,930,29,AUTOROUTE A86,,,Plein jour,Hors agglomération,Hors intersection,Normale,Autre collision,,,,,,,,,,,1,1,1,1,6
200700024783,0007-04-09 04:15:00,7,4,9,4,15,950,277,AUTOROUTE A3,,,Nuit sans éclairage public,Hors agglomération,Hors intersection,Normale,Trois véhicules et plus - en chaîne,,,,,,,,,,,3,1,1,1,4
200700024784,0007-04-09 17:20:00,7,4,9,17,20,930,63,AUTOROUTE A3,,,Plein jour,Hors agglomération,Hors intersection,Normale,Sans collision,,,,,,,,,,,1,1,1,1,7
200700024785,0007-04-10 06:00:00,7,4,10,6,0,950,241,R.D. 104,,,Nuit sans éclairage public,Hors agglomération,Hors intersection,Normale,Sans collision,,,,,,,,,,,3,1,1,1,7
200700024786,0007-04-10 09:40:00,7,4,10,9,40,950,351,R.D. 104,,,Plein jour,Hors agglomération,Hors intersection,Normale,Deux véhicules - côté,,,,,,,,,,,1,1,1,1,3
200700024787,0007-04-10 13:10:00,7,4,10,13,10,930,10,AUTOROUTE A3,,,Plein jour,Hors agglomération,Hors intersection,Normale,Deux véhicules - côté,,,,,,,,,,,1,1,1,1,3
200700024788,0007-04-10 17:40:00,7,4,10,17,40,930,13,AUTOROUTE A1,,,Plein jour,Hors agglomération,Hors intersection,Normale,Deux véhicules - arrière,,,,,,,,,,,1,1,1,1,2
200700024789,0007-04-08 21:30:00,7,4,8,21,30,930,6,AUTOROUTE A3,,,Nuit avec éclairage allumé,Hors agglomération,Hors intersection,Normale,Autre collision,,,,,,,,,,,5,1,1,1,6
200700024790,0007-04-11 09:15:00,7,4,11,9,15,930,64,AUTOROUTE A86,,,Plein jour,Hors agglomération,Hors intersection,Normale,Trois véhicules et plus - en chaîne,,,,,,,,,,,1,1,1,1,4
200700024791,0007-04-11 18:20:00,7,4,11,18,20,920,36,AUTOROUTE A86,,,Plein jour,Hors agglomération,Hors intersection,Normale,Deux véhicules - arrière,,,,,,,,,,,1,1,1,1,2
200700024792,0007-04-11 19:00:00,7,4,11,19,0,930,6,AUTOROUTE A3,,,Plein jour,Hors agglomération,Hors intersection,Normale,Deux véhicules - arrière,,,,,,,,,,,1,1,1,1,2
200700024793,0007-04-12 06:25:00,7,4,12,6,25,950,365,R.D. 104,,,Nuit sans éclairage public,Hors agglomération,Hors intersection,Normale,Sans collision,,,,,,,,,,,3,1,1,1,7
200700024794,0007-04-12 13:10:00,7,4,12,13,10,930,53,AUTOROUTE A3,,,Plein jour,Hors agglomération,Hors intersection,Normale,Deux véhicules - côté,,,,,,,,,,,1,1,1,1,3
200700024795,0007-04-14 21:50:00,7,4,14,21,50,930,6,AUTOROUTE A3,,,Nuit avec éclairage allumé,Hors agglomération,Hors intersection,Normale,Sans collision,,,,,,,,,,,5,1,1,1,7
200700024796,0007-04-12 17:45:00,7,4,12,17,45,930,8,AUTOROUTE A86,,,Plein jour,Hors agglomération,Hors intersection,Normale,Deux véhicules - arrière,,,,,,,,,,,1,1,1,1,2
200700024797,0007-04-14 06:30:00,7,4,14,6,30,930,32,AUTOROUTE A3,,,Crépuscule ou aube,Hors agglomération,Hors intersection,Normale,Autre collision,,,,,,,,,,,2,1,1,1,6
200700024798,0007-04-14 19:00:00,7,4,14,19,0,930,66,AUTOROUTE A86,,,Plein jour,Hors agglomération,Hors intersection,Normale,Deux véhicules - côté,,,,,,,,,,,1,1,1,1,3
200700024799,0007-04-15 19:15:00,7,4,15,19,15,950,252,AUTOROUTE A15,,,Plein jour,Hors agglomération,Hors intersection,Normale,Trois véhicules et plus - en chaîne,,,,,,,,,,,1,1,1,1,4