accident_id,datetime,annee,mois,jour,heure,minute,departement,commune_insee,adresse,latitude,longitude,luminosite,agglomeration,intersection,meteo,collision,nb_vehicules,nb_usagers,nb_indemnes,nb_tues,nb_blesses_hosp,nb_blesses_legers,age_cond_1,age_cond_2,veh_type_cond_1,veh_type_cond_2,lum_code,agg_code,int_code,atm_code,col_code
200700024937,0007-04-11 10:30:00,7,4,11,10,30,590,606,AUTOROUTE A2,,,Plein jour,Hors agglomération,Hors intersection,Normale,Autre collision,,,,,,,,,,,1,1,1,1,6
200700024938,0007-04-11 14:40:00,7,4,11,14,40,590,665,AUTOROUTE A25,,,Plein jour,Hors agglomération,Hors intersection,Normale,Autre collision,,,,,,,,,,,1,1,1,1,6
200700024939,0007-04-11 21:15:00,7,4,11,21,15,590,43,AUTOROUTE A25,,,Nuit avec éclairage allumé,Hors agglomération,Hors intersection,Normale,Autre collision,,,,,,,,,,,5,1,1,1,6
200700024940,0007-04-12 22:25:00,7,4,12,22,25,590,560,AUTOROUTE A1,,,Nuit avec éclairage allumé,Hors agglomération,Hors intersection,Normale,Autre collision,,,,,,,,,,,5,1,1,1,6
200700024941,0007-04-12 11:00:00,7,4,12,11,0,590,44,AUTOROUTE A27,,,Nuit avec éclairage allumé,Hors agglomération,Hors intersection,Normale,Autre collision,,,,,,,,,,,5,1,1,1,6
200700024942,0007-04-14 10:00:00,7,4,14,10,0,620,498,AUTOROUTE A21,,,Plein jour,Hors agglomération,Hors intersection,Normale,Sans collision,,,,,,,,,,,1,1,1,1,7
200700024943,0007-04-15 18:15:00,7,4,15,18,15,590,378,ROUTE NATIONALE 356,,,Plein jour,Hors agglomération,Hors intersection,Normale,Autre collision,,,,,,,,,,,1,1,1,1,6
200700024944,0007-04-16 01:30:00,7,4,16,1,30,620,193,AUTOROUTE A16,,,Nuit avec éclairage allumé,Hors agglomération,Hors intersection,Normale,Autre collision,,,,,,,,,,,5,1,1,1,6
200700024945,0007-04-16 10:20:00,7,4,16,10,20,590,458,AUTOROUTE A23,,,Plein jour,Hors agglomération,Hors intersection,Normale,Autre collision,,,,,,,,,,,1,1,1,1,6
200700024946,0007-04-19 01:10:00,7,4,19,1,10,590,515,AUTOROUTE A2,,,Nuit avec éclairage allumé,Hors agglomération,Hors intersection,Normale,Autre collision,,,,,,,,,,,5,1,1,1,6
200700024947,0007-04-19 18:50:00,7,4,19,18,50,590,556,AUTOROUTE A25,,,Plein jour,Hors agglomération,Hors intersection,Normale,Autre collision,,,,,,,,,,,1,1,1,1,6
200700024948,0007-04-20 11:15:00,7,4,20,11,15,590,350,AUTOROUTE A25,,,Plein jour,Hors agglomération,Hors intersection,Normale,Autre collision,,,,,,,,,,,1,1,1,1,6
200700024949,0007-04-20 14:15:00,7,4,20,14,15,590,585,AUTOROUTE A1,,,Plein jour,Hors agglomération,Hors intersection,Normale,Autre collision,,,,,,,,,,,1,1,1,1,6
200700024950,0007-04-21 06:45:00,7,4,21,6,45,590,284,AUTOROUTE A23,,,Plein jour,Hors agglomération,Hors intersection,Normale,Autre collision,,,,,,,,,,,1,1,1,1,6
200700024951,0007-04-21 14:45:00,7,4,21,14,45,620,249,AUTOROUTE A21,,,Plein jour,Hors agglomération,Hors intersection,Normale,Autre collision,,,,,,,,,,,1,1,1,1,6
200700024952,0007-04-21 21:00:00,7,4,21,21,0,590,507,AUTOROUTE A1,,,Nuit avec éclairage allumé,Hors agglomération,Hors intersection,Normale,Autre collision,,,,,,,,,,,5,1,1,1,6
200700024953,0007-04-21 22:20:00,7,4,21,22,20,590,491,AUTOROUTE A23,,,Nuit avec éclairage allumé,Hors agglomération,Hors intersection,Normale,Autre collision,,,,,,,,,,,5,1,1,1,6
200700024954,0007-04-23 04:50:00,7,4,23,4,50,590,346,ROUTE NATIONALE 227,,,Nuit avec éclairage allumé,Hors agglomération,Hors intersection,Normale,Autre collision,,,,,,,,,,,5,1,1,1,6
200700024955,0007-04-25 17:40:00,7,4,25,17,40,590,431,AUTOROUTE A25,,,Plein jour,Hors agglomération,Hors intersection,Normale,Autre collision,,,,,,,,,,,1,1,1,1,6
200700024956,0007-04-25 21:15:00,7,4,25,21,15,590,515,AUTOROUTE A2,,,Crépuscule ou aube,Hors agglomération,Hors intersection,Normale,Autre collision,,,,,,,,,,,2,1,1,1,6
200700024957,0007-04-26 13:30:00,7,4,26,13,30,590,195,AUTOROUTE A25,,,Plein jour,Hors agglomération,Hors intersection,Normale,Autre collision,,,,,,,,,,,1,1,1,1,6
200700024958,0007-04-27 10:15:00,7,4,27,10,15,590,507,AUTOROUTE A1,,,Plein jour,Hors agglomération,Hors intersection,Normale,Autre collision,,,,,,,,,,,1,1,1,1,6
200700024959,0007-04-27 11:45:00,7,4,27,11,45,620,628,AUTOROUTE A21,,,Plein jour,Hors agglomération,Hors intersection,Normale,Autre collision,,,,,,,,,,,1,1,1,1,6
200700024960,0007-04-27 22:20:00,7,4,27,22,20,590,9,ROUTE NATIONALE 227,,,Nuit avec éclairage allumé,Hors agglomération,Hors intersection,Normale,Autre collision,,,,,,,,,,,5,1,1,1,6
200700024961,0007-04-28 19:46:00,7,4,28,19,46,590,580,AUTOROUTE A25,,,Plein jour,Hors agglomération,Hors intersection,Normale,Autre collision,,,,,,,,,,,1,1,1,1,6
200700024962,0007-04-28 00:05:00,7,4,28,0,5,590,515,AUTOROUTE A2,,,Nuit avec éclairage allumé,Hors agglomération,Hors intersection,Normale,Autre collision,,,,,,,,,,,5,1,1,1,6
200700024963,0007-04-29 04:50:00,7,4,29,4,50,590,537,ROUTE NATIONALE 352,,,Nuit avec éclairage allumé,Hors agglomération,Hors intersection,Normale,Autre collision,,,,,,,,,,,5,1,1,1,6
200700024964,0007-04-30 09:30:00,7,4,30,9,30,590,28,AUTOROUTE A21,,,Plein jour,Hors agglomération,Hors intersection,Normale,Autre collision,,,,,,,,,,,1,1,1,1,6
200700024965,0007-04-03 08:50:00,7,4,3,8,50,690,383,COURS EUGENIE,,,Plein jour,En agglomération,Intersection en X,Normale,Deux véhicules - frontale,,,,,,,,,,,1,2,2,1,1
200700024966,0007-04-03 09:40:00,7,4,3,9,40,690,383,"128, AVENUE MARECHAL DE",,,Plein jour,En agglomération,Hors intersection,Normale,Autre collision,,,,,,,,,,,1,2,1,1,6
200700024967,0007-04-07 12:15:00,7,4,7,12,15,690,386,RUE DUQUESNE,,,Plein jour,En agglomération,Intersection en X,Normale,Deux véhicules - frontale,,,,,,,,,,,1,2,2,1,1
200700024968,0007-04-07 13:05:00,7,4,7,13,5,690,383,"165, AVENUE MARECHAL DE",,,Plein jour,En agglomération,Hors intersection,Normale,Autre collision,,,,,,,,,,,1,2,1,1,6
200700024969,0007-04-09 20:10:00,7,4,9,20,10,690,383,"281, COURS LAFAYETTE",,,Crépuscule ou aube,En agglomération,Hors intersection,Normale,Autre collision,,,,,,,,,,,2,2,1,1,6
200700024970,0007-04-15 14:45:00,7,4,15,14,45,690,383,RUE DUGUESCLIN,,,Plein jour,En agglomération,Intersection en X,Normale,Sans collision,,,,,,,,,,,1,2,2,1,7
200700024971,0007-04-15 15:30:00,7,4,15,15,30,690,386,QUAI DE SERBIE,,,Plein jour,En agglomération,Intersection en X,Normale,Deux véhicules - frontale,,,,,,,,,,,1,2,2,1,1
200700024972,0007-04-16 13:05:00,7,4,16,13,5,690,383,"136, AVENUE MARECHAL DE",,,Plein jour,En agglomération,Hors intersection,Normale,Autre collision,,,,,,,,,,,1,2,1,1,6
200700024973,0007-04-24 14:10:00,7,4,24,14,10,690,383,"79, COURS LAFAYETTE",,,Plein jour,En agglomération,Hors intersection,Normale,Deux véhicules - côté,,,,,,,,,,,1,2,1,1,3
200700024974,0007-04-19 17:15:00,7,4,19,17,15,690,386,AVENUE THIERS,,,Plein jour,En agglomération,Hors intersection,Normale,Deux véhicules - arrière,,,,,,,,,,,1,2,1,1,2
200700024975,0007-04-20 11:30:00,7,4,20,11,30,690,386,"7, BOULEVARD DES BELGES",,,Plein jour,En agglomération,Hors intersection,Normale,Deux véhicules - frontale,,,,,,,,,,,1,2,1,1,1
200700024976,0007-04-20 13:55:00,7,4,20,13,55,690,383,RUE DU LAC,,,Plein jour,En agglomération,Intersection en X,Normale,Deux véhicules - côté,,,,,,,,,,,1,2,2,1,3
200700024977,0007-04-22 18:00:00,7,4,22,18,0,690,386,RUE D INKERMANN,,,Plein jour,En agglomération,Intersection en X,Normale,Deux véhicules - frontale,,,,,,,,,,,1,2,2,1,1
200700024978,0007-04-24 17:35:00,7,4,24,17,35,690,386,"5, PLACE MARECHAL LYAUTE",,,Plein jour,En agglomération,Hors intersection,Normale,Deux véhicules - côté,,,,,,,,,,,1,2,1,1,3
200700024979,0007-04-24 19:15:00,7,4,24,19,15,690,386,BOULEVARD DES BELGES,,,Crépuscule ou aube,En agglomération,Intersection en X,Normale,Deux véhicules - arrière,,,,,,,,,,,2,2,2,1,2
200700024980,0007-04-26 04:00:00,7,4,26,4,0,690,386,RUE DE SEZE,,,Nuit avec éclairage allumé,En agglomération,Intersection en X,Normale,Deux véhicules - côté,,,,,,,,,,,5,2,2,1,3
200700024981,0007-04-26 11:40:00,7,4,26,11,40,690,383,AVENUE ROCKEFELLER,,,Plein jour,En agglomération,Hors intersection,Normale,Autre collision,,,,,,,,,,,1,2,1,1,6
200700024982,0007-04-28 12:50:00,7,4,28,12,50,690,386,"13, BOULEVARD DES BROTTE",,,Plein jour,En agglomération,Hors intersection,Normale,Deux véhicules - côté,,,,,,,,,,,1,2,1,1,3
200700024983,0007-04-15 15:15:00,7,4,15,15,15,690,383,RUE PAUL BERT,,,Plein jour,En agglomération,Intersection en X,Normale,Deux véhicules - frontale,,,,,,,,,,,1,2,2,1,1
200700024984,0007-04-20 14:50:00,7,4,20,14,50,690,384,"37, COURS D HERBOUVILLE",,,Plein jour,En agglomération,Hors intersection,Normale,Autre collision,,,,,,,,,,,1,2,1,1,6
200700024985,0007-04-21 11:35:00,7,4,21,11,35,690,384,PLACE DES TAPIS,,,Plein jour,En agglomération,Hors intersection,Normale,Autre collision,,,,,,,,,,,1,2,1,1,6
200700024986,0007-04-23 18:50:00,7,4,23,18,50,690,384,"16, RUE DU MAIL",,,Plein jour,En agglomération,Intersection en X,Normale,Deux véhicules - côté,,,,,,,,,,,1,2,2,1,3
200700024987,0007-04-27 12:25:00,7,4,27,12,25,690,384,"35, RUE DE CUIRE",,,Plein jour,En agglomération,Hors intersection,Normale,Deux véhicules - côté,,,,,,,,,,,1,2,1,1,3
200700024988,0007-04-06 17:10:00,7,4,6,17,10,330,90,AUTOROUTE A 63,,,Plein jour,Hors agglomération,Hors intersection,Normale,Trois véhicules et plus - en chaîne,,,,,,,,,,,1,1,1,1,4
200700024989,0007-04-07 13:40:00,7,4,7,13,40,330,550,ROCADE A 630,,,Plein jour,Hors agglomération,Hors intersection,Normale,Deux véhicules - arrière,,,,,,,,,,,1,1,1,1,2
200700024990,0007-04-08 21:35:00,7,4,8,21,35,330,550,ROCADE A 630,,,Nuit avec éclairage allumé,Hors agglomération,Hors intersection,Normale,Autre collision,,,,,,,,,,,5,1,1,1,6
200700024991,0007-04-10 17:40:00,7,4,10,17,40,330,318,ROCADE A 630,,,Plein jour,Hors agglomération,Hors intersection,Normale,Deux véhicules - côté,,,,,,,,,,,1,1,1,1,3
200700024992,0007-04-13 11:45:00,7,4,13,11,45,330,281,ROCADE A 630,,,Plein jour,Hors agglomération,Hors intersection,Pluie légère,Trois véhicules et plus - en chaîne,,,,,,,,,,,1,1,1,2,4
200700024993,0007-04-14 14:55:00,7,4,14,14,55,330,281,ROCADE A 630,,,Plein jour,Hors agglomération,Hors intersection,Normale,Deux véhicules - côté,,,,,,,,,,,1,1,1,1,3
200700024994,0007-04-14 15:00:00,7,4,14,15,0,330,550,ROCADE A 630,,,Plein jour,Hors agglomération,Hors intersection,Normale,Deux véhicules - côté,,,,,,,,,,,1,1,1,1,3
200700024995,0007-04-15 14:05:00,7,4,15,14,5,330,249,ROUTE NATIONALE 230,,,Plein jour,Hors agglomération,Hors intersection,Normale,Sans collision,,,,,,,,,,,1,1,1,1,7
200700024996,0007-04-16 14:20:00,7,4,16,14,20,330,39,ROCADE A 630,,,Plein jour,Hors agglomération,Hors intersection,Normale,Deux véhicules - côté,,,,,,,,,,,1,1,1,1,3
200700024997,0007-04-17 12:00:00,7,4,17,12,0,330,249,ROUTE NATIONALE 230,,,Plein jour,Hors agglomération,Hors intersection,Normale,Deux véhicules - côté,,,,,,,,,,,1,1,1,1,3
200700024998,0007-04-21 16:40:00,7,4,21,16,40,330,397,AUTOROUTE A 10,,,Plein jour,Hors agglomération,Hors intersection,Normale,Deux véhicules - côté,,,,,,,,,,,1,1,1,1,3
200700024999,0007-04-27 04:00:00,7,4,27,4,0,330,249,ROUTE NATIONALE 230,,,Nuit avec éclairage allumé,Hors agglomération,Hors intersection,Normale,Autre collision,,,,,,,,,,,5,1,1,1,6
200700025000,0007-04-27 05:00:00,7,4,27,5,0,330,448,AUTOROUTE A 62,,,Nuit sans éclairage public,Hors agglomération,Hors intersection,Normale,Autre collision,,,,,,,,,,,3,1,1,1,6
200700025001,0007-04-30 17:35:00,7,4,30,17,35,330,448,AUTOROUTE A 62,,,Plein jour,Hors agglomération,Hors intersection,Pluie légère,Autre collision,,,,,,,,,,,1,1,1,2,6
200700025002,0007-04-24 09:30:00,7,4,24,9,30,690,385,"2, MONTEE DU CHEMIN NEUF",,,Plein jour,En agglomération,Intersection en X,Normale,Deux véhicules - frontale,,,,,,,,,,,1,2,2,1,1
200700025003,0007-04-05 17:00:00,7,4,5,17,0,670,482,Autoroute A.35,,,Plein jour,Hors agglomération,Hors intersection,Normale,Trois véhicules et plus - en chaîne,,,,,,,,,,,1,1,1,1,4
200700025004,0007-04-07 14:55:00,7,4,7,14,55,670,482,Autoroute A.35,,,Plein jour,Hors agglomération,Hors intersection,Normale,Deux véhicules - côté,,,,,,,,,,,1,1,1,1,3
200700025005,0007-04-25 12:25:00,7,4,25,12,25,670,482,Autoroute A.351,,,Plein jour,Hors agglomération,Hors intersection,Normale,Autre collision,,,,,,,,,,,1,1,1,1,6
200700025006,0007-04-27 10:05:00,7,4,27,10,5,670,482,Autoroute A.35,,,Plein jour,Hors agglomération,Hors intersection,Normale,Trois véhicules et plus - en chaîne,,,,,,,,,,,1,1,1,1,4
200700025007,0007-04-19 22:00:00,7,4,19,22,0,570,672,Autoroute A. 31,,,Nuit avec éclairage non allumé,Hors agglomération,Hors intersection,Normale,Autre collision,,,,,,,,,,,4,1,1,1,6
200700025008,0007-04-21 16:45:00,7,4,21,16,45,570,663,Autoroute A31,,,Plein jour,Hors agglomération,Hors intersection,Temps éblouissant,Autre collision,,,,,,,,,,,1,1,1,7,6
200700025009,0007-04-22 08:57:00,7,4,22,8,57,570,663,Autoroute A31,,,Plein jour,Hors agglomération,Hors intersection,Temps éblouissant,Autre collision,,,,,,,,,,,1,1,1,7,6
200700025010,0007-04-26 20:20:00,7,4,26,20,20,570,416,Autoroute A31,,,Crépuscule ou aube,Hors agglomération,Hors intersection,Normale,Autre collision,,,,,,,,,,,2,1,1,1,6
200700025011,0007-04-30 15:35:00,7,4,30,15,35,570,412,Autoroute A31,,,Plein jour,Hors agglomération,Hors intersection,Normale,Deux véhicules - côté,,,,,,,,,,,1,1,1,1,3
200700025012,0007-04-02 15:55:00,7,4,2,15,55,690,387,"17, AVENUE JEAN JAURES",,,Plein jour,En agglomération,Hors intersection,Normale,Autre collision,,,,,,,,,,,1,2,1,1,6
200700025013,0007-04-04 22:35:00,7,4,4,22,35,690,387,RUE SEBASTIEN GRYPHE,,,Nuit avec éclairage allumé,En agglomération,Hors intersection,Normale,Autre collision,,,,,,,,,,,5,2,1,1,6
200700025014,0007-04-03 16:15:00,7,4,3,16,15,690,387,"118, BOULEVARD YVES FARG",,,Plein jour,En agglomération,Hors intersection,Normale,Deux véhicules - côté,,,,,,,,,,,1,2,1,1,3
200700025015,0007-04-05 03:05:00,7,4,5,3,5,690,387,RUE DE L UNIVERSITE,,,Nuit avec éclairage allumé,En agglomération,Intersection en X,Normale,Deux véhicules - côté,,,,,,,,,,,5,2,2,1,3
200700025016,0007-04-12 02:55:00,7,4,12,2,55,690,387,RUE D ANVERS,,,Nuit avec éclairage allumé,En agglomération,Intersection en X,Normale,Deux véhicules - côté,,,,,,,,,,,5,2,2,1,3
200700025017,0007-04-24 14:50:00,7,4,24,14,50,690,387,"13 bis, ROUTE DE VIENNE",,,Plein jour,En agglomération,Hors intersection,Normale,Autre collision,,,,,,,,,,,1,2,1,1,6
200700025018,0007-04-18 17:45:00,7,4,18,17,45,690,387,"54, AVENUE LECLERC",,,Plein jour,En agglomération,Hors intersection,Normale,Autre collision,,,,,,,,,,,1,2,1,1,6
200700025019,0007-04-21 11:45:00,7,4,21,11,45,690,387,AVENUE DEBOURG,,,Plein jour,En agglomération,Intersection en X,Normale,Deux véhicules - côté,,,,,,,,,,,1,2,2,1,3
200700025020,0007-04-27 16:40:00,7,4,27,16,40,690,387,"156, RUE MARCEL MERIEUX",,,Plein jour,En agglomération,Hors intersection,Normale,Autre collision,,,,,,,,,,,1,2,1,1,6
200700025021,0007-04-30 10:00:00,7,4,30,10,0,690,387,AVENUE LECLERC,,,Plein jour,En agglomération,Hors intersection,Normale,Autre collision,,,,,,,,,,,1,2,1,1,6
200700025022,0007-04-16 20:40:00,7,4,16,20,40,690,387,RUE BANCEL,,,Nuit avec éclairage allumé,En agglomération,Intersection en X,Normale,Deux véhicules - côté,,,,,,,,,,,5,2,2,1,3
200700025023,0007-04-24 16:20:00,7,4,24,16,20,690,387,"14, RUE CAMILLE ROY",,,Plein jour,En agglomération,Hors intersection,Normale,Autre collision,,,,,,,,,,,1,2,1,1,6
200700025024,0007-04-05 15:50:00,7,4,5,15,50,690,388,"00, COURS ALBERT THOMAS",,,Plein jour,En agglomération,Intersection en X,Normale,Deux véhicules - côté,,,,,,,,,,,1,2,2,1,3
200700025025,0007-04-07 14:10:00,7,4,7,14,10,690,388,"121, COURS ALBERT THOMAS",,,Plein jour,En agglomération,Hors intersection,Normale,Deux véhicules - côté,,,,,,,,,,,1,2,1,1,3
200700025026,0007-04-04 19:05:00,7,4,4,19,5,690,388,"25, AVENUE DES FRERES LU",,,Plein jour,En agglomération,Hors intersection,Normale,Autre collision,,,,,,,,,,,1,2,1,1,6
200700025027,0007-04-14 11:05:00,7,4,14,11,5,690,388,"00, BOULEVARD DES ETATS",,,Plein jour,En agglomération,Intersection en X,Normale,Deux véhicules - côté,,,,,,,,,,,1,2,2,1,3
200700025028,0007-04-17 18:55:00,7,4,17,18,55,690,388,"18, PLACE AMBROISE COURT",,,Plein jour,En agglomération,Autre intersection,Normale,Autre collision,,,,,,,,,,,1,2,9,1,6
200700025029,0007-04-17 12:00:00,7,4,17,12,0,690,388,"00, AVENUE PAUL SANTY",,,Plein jour,En agglomération,Intersection en T,Normale,Deux véhicules - arrière,,,,,,,,,,,1,2,3,1,2
200700025030,0007-04-17 07:45:00,7,4,17,7,45,690,388,"252, ROUTE DE VIENNE",,,Plein jour,En agglomération,Hors intersection,Normale,Deux véhicules - côté,,,,,,,,,,,1,2,1,1,3
200700025031,0007-04-17 10:35:00,7,4,17,10,35,690,388,"00, RUE MARYSE BASTIE",,,Plein jour,En agglomération,Intersection en X,Normale,Autre collision,,,,,,,,,,,1,2,2,1,6
200700025032,0007-04-24 22:45:00,7,4,24,22,45,690,388,"00, COURS ALBERT THOMAS",,,Nuit avec éclairage allumé,En agglomération,Intersection en X,Normale,Autre collision,,,,,,,,,,,5,2,2,1,6
200700025033,0007-04-26 08:10:00,7,4,26,8,10,690,388,"00, RUE DU MOULIN A VENT",,,Plein jour,En agglomération,Intersection en T,Normale,Deux véhicules - côté,,,,,,,,,,,1,2,3,1,3
200700025034,0007-04-01 04:55:00,7,4,1,4,55,690,236,A47,45.3349,4.4205,Nuit sans éclairage public,Hors agglomération,Hors intersection,Normale,Sans collision,,,,,,,,,,,3,1,1,1,7
200700025035,0007-04-08 11:00:00,7,4,8,11,0,420,97,A72,,,Plein jour,Hors agglomération,Hors intersection,Normale,Deux véhicules - arrière,,,,,,,,,,,1,1,1,1,2
200700025036,0007-04-13 15:15:00,7,4,13,15,15,690,91,A47,,,Plein jour,Hors agglomération,Hors intersection,Vent fort / tempête,Autre collision,,,,,,,,,,,1,1,1,6,6
200700025037,0007-04-21 03:15:00,7,4,21,3,15,420,44,RN88,,,Nuit sans éclairage public,Hors agglomération,Hors intersection,Normale,Sans collision,,,,,,,,,,,3,1,1,1,7
200700025038,0007-04-21 15:38:00,7,4,21,15,38,420,218,"1, RN88",,,Plein jour,Hors agglomération,Hors intersection,Normale,Deux véhicules - côté,,,,,,,,,,,1,1,1,1,3
200700025039,0007-04-22 12:20:00,7,4,22,12,20,420,218,RN88,,,Plein jour,Hors agglomération,Intersection en Y,Normale,Sans collision,,,,,,,,,,,1,1,4,1,7
200700025040,0007-04-18 20:00:00,7,4,18,20,0,420,97,A72,,,Plein jour,Hors agglomération,Hors intersection,Normale,Sans collision,,,,,,,,,,,1,1,1,1,7
200700025041,0007-04-04 09:05:00,7,4,4,9,5,690,199,A7   7.000 A 8.630,,,Plein jour,Hors agglomération,Hors intersection,Normale,Sans collision,,,,,,,,,,,1,1,1,1,7
200700025042,0007-04-05 06:50:00,7,4,5,6,50,380,544,RN7   5.180 A 10.000,,,Crépuscule ou aube,Hors agglomération,Hors intersection,Normale,Deux véhicules - côté,,,,,,,,,,,2,1,1,1,3
200700025043,0007-04-05 14:50:00,7,4,5,14,50,690,256,A42     0.560 A 4.020,,,Plein jour,Hors agglomération,Hors intersection,Normale,Deux véhicules - arrière,,,,,,,,,,,1,1,1,1,2
200700025044,0007-04-05 15:55:00,7,4,5,15,55,690,272,A46S   57.400 A 61.010,,,Plein jour,Hors agglomération,Hors intersection,Normale,Trois véhicules et plus - en chaîne,,,,,,,,,,,1,1,1,1,4
200700025045,0007-04-06 14:45:00,7,4,6,14,45,380,336,A7   32.870 A 35.680,,,Plein jour,Hors agglomération,Hors intersection,Normale,Deux véhicules - côté,,,,,,,,,,,1,1,1,1,3
200700025046,0007-04-06 14:51:00,7,4,6,14,51,380,336,A7   32.870 A 35.680,,,Plein jour,Hors agglomération,Hors intersection,Normale,Deux véhicules - arrière,,,,,,,,,,,1,1,1,1,2
200700025047,0007-04-07 06:18:00,7,4,7,6,18,690,55,A6   435.100 A 437.840,,,Nuit sans éclairage public,Hors agglomération,Hors intersection,Normale,Deux véhicules - arrière,,,,,,,,,,,3,1,1,1,2
200700025048,0007-04-09 13:10:00,7,4,9,13,10,690,296,A7   10.992 A 13.970,,,Plein jour,Hors agglomération,Hors intersection,Normale,Sans collision,,,,,,,,,,,1,1,1,1,7
200700025049,0007-04-10 12:45:00,7,4,10,12,45,690,34,RD383   0.000 A 1.165,,,Plein jour,Hors agglomération,Hors intersection,Normale,Autre collision,,,,,,,,,,,1,1,1,1,6
200700025050,0007-04-10 15:40:00,7,4,10,15,40,690,382,A7   0.000 A 2.278,,,Plein jour,Hors agglomération,Hors intersection,Normale,Deux véhicules - arrière,,,,,,,,,,,1,1,1,1,2
200700025051,0007-04-11 16:25:00,7,4,11,16,25,690,382,A7   0.000 A 2.278,,,Plein jour,Hors agglomération,Hors intersection,Normale,Trois véhicules et plus - en chaîne,,,,,,,,,,,1,1,1,1,4
200700025052,0007-04-13 13:20:00,7,4,13,13,20,690,266,RD383   3.750 A 7.640,,,Plein jour,Hors agglomération,Hors intersection,Normale,Deux véhicules - arrière,,,,,,,,,,,1,1,1,1,2
200700025053,0007-04-15 11:40:00,7,4,15,11,40,690,266,RD383   3.750 A 7.640,,,Plein jour,Hors agglomération,Hors intersection,Normale,Sans collision,,,,,,,,,,,1,1,1,1,7
200700025054,0007-04-16 12:10:00,7,4,16,12,10,690,290,A46S   40.883 A 43.680,,,Plein jour,Hors agglomération,Giratoire,Normale,Deux véhicules - côté,,,,,,,,,,,1,1,6,1,3
200700025055,0007-04-16 19:15:00,7,4,16,19,15,690,9,A6   428.880 A 431.800,,,Plein jour,Hors agglomération,Hors intersection,Normale,Autre collision,,,,,,,,,,,1,1,1,1,6
200700025056,0007-04-17 11:50:00,7,4,17,11,50,690,282,RD302   0.000 A 4.000,,,Plein jour,Hors agglomération,Hors intersection,Normale,Deux véhicules - arrière,,,,,,,,,,,1,1,1,1,2
200700025057,0007-04-18 15:00:00,7,4,18,15,0,690,273,BUS (RD301)   4.470 A 7.,,,Plein jour,Hors agglomération,Hors intersection,Normale,Trois véhicules et plus - en chaîne,,,,,,,,,,,1,1,1,1,4
200700025058,0007-04-20 17:35:00,7,4,20,17,35,690,199,RD383   14.250 A 18.000,,,Plein jour,Hors agglomération,Hors intersection,Normale,Autre collision,,,,,,,,,,,1,1,1,1,6
200700025059,0007-04-21 05:30:00,7,4,21,5,30,690,382,A7   0.000 A 2.278,,,Nuit avec éclairage allumé,Hors agglomération,Hors intersection,Normale,Deux véhicules - frontale,,,,,,,,,,,5,1,1,1,1
200700025060,0007-04-22 04:50:00,7,4,22,4,50,380,87,A7   20.110 A 22.950,,,Nuit sans éclairage public,Hors agglomération,Hors intersection,Normale,Trois véhicules et plus - collisions multiples,,,,,,,,,,,3,1,1,1,5
200700025061,0007-04-22 06:15:00,7,4,22,6,15,690,276,A7   8.630 A 10.992,,,Nuit sans éclairage public,Hors agglomération,Hors intersection,Normale,Autre collision,,,,,,,,,,,3,1,1,1,6
200700025062,0007-04-22 11:10:00,7,4,22,11,10,690,290,A43   3.865 A 9.894,,,Plein jour,Hors agglomération,Hors intersection,Normale,Autre collision,,,,,,,,,,,1,1,1,1,6
200700025063,0007-04-22 18:35:00,7,4,22,18,35,690,199,A7   7.000 A 8.630,,,Plein jour,Hors agglomération,Hors intersection,Normale,Trois véhicules et plus - en chaîne,,,,,,,,,,,1,1,1,1,4
200700025064,0007-04-24 14:15:00,7,4,24,14,15,690,382,A7   0.000 A 2.278,,,Plein jour,Hors agglomération,Hors intersection,Normale,Deux véhicules - arrière,,,,,,,,,,,1,1,1,1,2
200700025065,0007-04-24 14:40:00,7,4,24,14,40,690,81,A6   449.510 A 451.640,,,Plein jour,Hors agglomération,Hors intersection,Normale,Autre collision,,,,,,,,,,,1,1,1,1,6
200700025066,0007-04-25 13:40:00,7,4,25,13,40,690,275,RN346   29.300 A 34.350,,,Plein jour,Hors agglomération,Hors intersection,Normale,Trois véhicules et plus - en chaîne,,,,,,,,,,,1,1,1,1,4
200700025067,0007-04-27 07:45:00,7,4,27,7,45,690,81,A6   449.510 A 451.640,,,Plein jour,Hors agglomération,Hors intersection,Normale,Deux véhicules - arrière,,,,,,,,,,,1,1,1,1,2
200700025068,0007-04-27 08:45:00,7,4,27,8,45,690,256,A42     0.560 A 4.020,,,Plein jour,Hors agglomération,Hors intersection,Normale,Deux véhicules - côté,,,,,,,,,,,1,1,1,1,3
200700025069,0007-04-28 12:25:00,7,4,28,12,25,690,29,RD383   7.640 A 11.044,,,Plein jour,Hors agglomération,Hors intersection,Normale,Sans collision,,,,,,,,,,,1,1,1,1,7
200700025070,0007-04-28 23:15:00,7,4,28,23,15,690,287,A43   9.894 A 13.029,,,Nuit sans éclairage public,Hors agglomération,Hors intersection,Normale,Autre collision,,,,,,,,,,,3,1,1,1,6
200700025071,0007-04-29 02:48:00,7,4,29,2,48,690,266,RD383 2.321 A 3.750,,,Nuit avec éclairage allumé,Hors agglomération,Hors intersection,Normale,Autre collision,,,,,,,,,,,5,1,1,1,6
200700025072,0007-04-30 08:15:00,7,4,30,8,15,690,277,RN346   36.215 A 38.000,,,Plein jour,Hors agglomération,Hors intersection,Normale,Autre collision,,,,,,,,,,,1,1,1,1,6