accident_id,datetime,annee,mois,jour,heure,minute,departement,commune_insee,adresse,latitude,longitude,luminosite,agglomeration,intersection,meteo,collision,nb_vehicules,nb_usagers,nb_indemnes,nb_tues,nb_blesses_hosp,nb_blesses_legers,age_cond_1,age_cond_2,veh_type_cond_1,veh_type_cond_2,lum_code,agg_code,int_code,atm_code,col_code
200700025073,0007-04-03 20:35:00,7,4,3,20,35,690,389,"50, RUE DE SAINT CYR",,,Nuit avec éclairage allumé,En agglomération,Hors intersection,Normale,Deux véhicules - frontale,,,,,,,,,,,5,2,1,1,1
200700025074,0007-04-10 19:20:00,7,4,10,19,20,690,389,"0, PLACE VALMY",,,Plein jour,En agglomération,Hors intersection,Normale,Deux véhicules - arrière,,,,,,,,,,,1,2,1,1,2
200700025075,0007-04-11 16:28:00,7,4,11,16,28,690,389,"0, RUE SAINT SIMON",,,Plein jour,En agglomération,Intersection en X,Normale,Deux véhicules - côté,,,,,,,,,,,1,2,2,1,3
200700025076,0007-04-04 00:05:00,7,4,4,0,5,690,389,RUE MASARYK,,,Nuit avec éclairage allumé,En agglomération,Autre intersection,Normale,Deux véhicules - frontale,,,,,,,,,,,5,2,9,1,1
200700025077,0007-04-17 05:00:00,7,4,17,5,0,690,389,"0, RUE SERGENT MICHEL BE",,,Nuit avec éclairage allumé,En agglomération,Hors intersection,Normale,Autre collision,,,,,,,,,,,5,2,1,1,6
200700025078,0007-04-19 08:40:00,7,4,19,8,40,690,389,"0, QUAI PAUL SEDALLIAN",,,Plein jour,En agglomération,Hors intersection,Normale,Deux véhicules - arrière,,,,,,,,,,,1,2,1,1,2
200700025079,0007-04-17 14:00:00,7,4,17,14,0,690,389,RUE DE SAINT CYR,,,Plein jour,En agglomération,Hors intersection,Normale,Trois véhicules et plus - collisions multiples,,,,,,,,,,,1,2,1,1,5
200700025080,0007-04-30 20:35:00,7,4,30,20,35,690,389,RUE SERGENT MICHEL BERTH,,,Nuit sans éclairage public,En agglomération,Autre intersection,Pluie forte,Autre collision,,,,,,,,,,,3,2,9,3,6
200700025081,0007-04-02 18:45:00,7,4,2,18,45,130,28,A50,,,Plein jour,Hors agglomération,Hors intersection,Normale,Deux véhicules - arrière,,,,,,,,,,,1,1,1,1,2
200700025082,0007-04-04 13:40:00,7,4,4,13,40,830,62,A570,,,Plein jour,Hors agglomération,Hors intersection,Temps couvert,Sans collision,,,,,,,,,,,1,1,1,8,7
200700025083,0007-04-04 18:50:00,7,4,4,18,50,830,144,A57,,,Plein jour,Hors agglomération,Hors intersection,Normale,Sans collision,,,,,,,,,,,1,1,1,1,7
200700025084,0007-04-20 10:38:00,7,4,20,10,38,830,62,A570,,,Plein jour,Hors agglomération,Hors intersection,Normale,Trois véhicules et plus - en chaîne,,,,,,,,,,,1,1,1,1,4
200700025085,0007-04-20 16:30:00,7,4,20,16,30,830,62,A570,,,Plein jour,Hors agglomération,Intersection en Y,Normale,Trois véhicules et plus - en chaîne,,,,,,,,,,,1,1,4,1,4
200700025086,0007-04-21 17:55:00,7,4,21,17,55,830,47,A570,,,Plein jour,Hors agglomération,Hors intersection,Normale,Deux véhicules - arrière,,,,,,,,,,,1,1,1,1,2
200700025087,0007-04-22 15:55:00,7,4,22,15,55,830,144,A57,,,Plein jour,Hors agglomération,Hors intersection,Normale,Deux véhicules - côté,,,,,,,,,,,1,1,1,1,3
200700025088,0007-04-27 09:45:00,7,4,27,9,45,830,137,A57,,,Plein jour,Hors agglomération,Hors intersection,Normale,Trois véhicules et plus - en chaîne,,,,,,,,,,,1,1,1,1,4
200700025089,0007-04-27 17:20:00,7,4,27,17,20,830,144,A57,,,Plein jour,Hors agglomération,Hors intersection,Normale,Trois véhicules et plus - en chaîne,,,,,,,,,,,1,1,1,1,4
200700025090,0007-04-01 06:15:00,7,4,1,6,15,130,5,A50-Sens Marseille vers,,,Nuit sans éclairage public,Hors agglomération,Hors intersection,Normale,Autre collision,,,,,,,,,,,3,1,1,1,6
200700025091,0007-04-01 10:05:00,7,4,1,10,5,130,203,A557-Liaison A7 Marseill,,,Plein jour,Hors agglomération,Hors intersection,Pluie légère,Sans collision,,,,,,,,,,,1,1,1,2,7
200700025092,0007-04-02 10:00:00,7,4,2,10,0,130,210,A50-Sens Marseille vers,,,Plein jour,Hors agglomération,Hors intersection,Normale,Autre collision,,,,,,,,,,,1,1,1,1,6
200700025093,0007-04-04 12:40:00,7,4,4,12,40,130,1,A51-Sens Aix en Provence,,,Plein jour,Hors agglomération,Hors intersection,Normale,Deux véhicules - arrière,,,,,,,,,,,1,1,1,1,2
200700025094,0007-04-04 19:55:00,7,4,4,19,55,130,33,A55-Sens Martigues vers,,,Crépuscule ou aube,Hors agglomération,Hors intersection,Pluie légère,Autre collision,,,,,,,,,,,2,1,1,2,6
200700025095,0007-04-05 07:52:00,7,4,5,7,52,130,55,A7-Sens Marseille vers L,,,Plein jour,Hors agglomération,Hors intersection,Normale,Deux véhicules - arrière,,,,,,,,,,,1,1,1,1,2
200700025096,0007-04-06 21:00:00,7,4,6,21,0,130,215,A55-Sens Martigues vers,,,Nuit sans éclairage public,Hors agglomération,Hors intersection,Normale,Autre collision,,,,,,,,,,,3,1,1,1,6
200700025097,0007-04-07 15:40:00,7,4,7,15,40,130,5,A501-Sens Pont de l'Etoi,,,Plein jour,Hors agglomération,Hors intersection,Normale,Trois véhicules et plus - en chaîne,,,,,,,,,,,1,1,1,1,4
200700025098,0007-04-07 17:22:00,7,4,7,17,22,130,106,A7-Sens Lyon vers Marsei,,,Plein jour,Hors agglomération,Hors intersection,Normale,Deux véhicules - arrière,,,,,,,,,,,1,1,1,1,2
200700025099,0007-04-08 20:30:00,7,4,8,20,30,130,215,A7-Sens Marseille vers L,,,Nuit avec éclairage allumé,Hors agglomération,Hors intersection,Normale,Deux véhicules - arrière,,,,,,,,,,,5,1,1,1,2
200700025100,0007-04-09 23:05:00,7,4,9,23,5,130,71,A7-Sens Lyon vers Marsei,,,Nuit sans éclairage public,Hors agglomération,Hors intersection,Normale,Sans collision,,,,,,,,,,,3,1,1,1,7
200700025101,0007-04-09 06:00:00,7,4,9,6,0,130,43,A55-Sens Marseille vers,,,Nuit sans éclairage public,Hors agglomération,Hors intersection,Normale,Deux véhicules - arrière,,,,,,,,,,,3,1,1,1,2
200700025102,0007-04-10 18:15:00,7,4,10,18,15,130,215,A7-Sens Lyon vers Marsei,,,Plein jour,Hors agglomération,Hors intersection,Normale,Deux véhicules - côté,,,,,,,,,,,1,1,1,1,3
200700025103,0007-04-11 14:10:00,7,4,11,14,10,130,1,A51-Sens Aix en Provence,,,Plein jour,Hors agglomération,Hors intersection,Normale,Trois véhicules et plus - collisions multiples,,,,,,,,,,,1,1,1,1,5
200700025104,0007-04-11 15:48:00,7,4,11,15,48,130,214,A7-Sens Lyon vers Marsei,,,Plein jour,Hors agglomération,Hors intersection,Normale,Autre collision,,,,,,,,,,,1,1,1,1,6
200700025105,0007-04-12 21:45:00,7,4,12,21,45,130,210,A50-Sens Aubagne vers Ma,,,Nuit avec éclairage allumé,Hors agglomération,Hors intersection,Normale,Autre collision,,,,,,,,,,,5,1,1,1,6
200700025106,0007-04-18 00:50:00,7,4,18,0,50,130,71,A55 - Sens Marseille ver,,,Nuit sans éclairage public,Hors agglomération,Hors intersection,Pluie légère,Autre collision,,,,,,,,,,,3,1,1,2,6
200700025107,0007-04-13 05:40:00,7,4,13,5,40,130,22,A50-Sens Toulon vers Aub,,,Nuit sans éclairage public,Hors agglomération,Hors intersection,Temps couvert,Sans collision,,,,,,,,,,,3,1,1,8,7
200700025108,0007-04-13 16:02:00,7,4,13,16,2,130,71,A7-Sens Marseille vers L,,,Plein jour,Hors agglomération,Hors intersection,Pluie forte,Deux véhicules - arrière,,,,,,,,,,,1,1,1,3,2
200700025109,0007-04-14 00:30:00,7,4,14,0,30,130,71,A51-Sens Aix en Provence,,,Nuit sans éclairage public,Hors agglomération,Hors intersection,Pluie légère,Autre collision,,,,,,,,,,,3,1,1,2,6
200700025110,0007-04-14 06:39:00,7,4,14,6,39,130,106,A51-Sens Marseille vers,,,Crépuscule ou aube,Hors agglomération,Hors intersection,Pluie légère,Deux véhicules - arrière,,,,,,,,,,,2,1,1,2,2
200700025111,0007-04-14 14:30:00,7,4,14,14,30,130,85,A50-Sens Toulon vers Aub,,,Plein jour,Hors agglomération,Hors intersection,Normale,Autre collision,,,,,,,,,,,1,1,1,1,6
200700025112,0007-04-14 15:00:00,7,4,14,15,0,130,1,A51-Sens Marseille vers,,,Plein jour,Hors agglomération,Hors intersection,Normale,Autre collision,,,,,,,,,,,1,1,1,1,6
200700025113,0007-04-16 07:25:00,7,4,16,7,25,130,33,A55-Sens Martigues vers,,,Plein jour,Hors agglomération,Hors intersection,Normale,Autre collision,,,,,,,,,,,1,1,1,1,6
200700025114,0007-04-16 17:25:00,7,4,16,17,25,130,214,A7-Sens Lyon vers Marsei,,,Plein jour,Hors agglomération,Hors intersection,Normale,Trois véhicules et plus - en chaîne,,,,,,,,,,,1,1,1,1,4
200700025115,0007-04-17 09:27:00,7,4,17,9,27,130,106,A51-Sens Marseille vers,,,Plein jour,Hors agglomération,Hors intersection,Normale,Deux véhicules - côté,,,,,,,,,,,1,1,1,1,3
200700025116,0007-04-17 17:00:00,7,4,17,17,0,130,211,A50-Sens Marseille vers,,,Plein jour,Hors agglomération,Hors intersection,Normale,Deux véhicules - arrière,,,,,,,,,,,1,1,1,1,2
200700025117,0007-04-17 22:50:00,7,4,17,22,50,130,211,A50-Sens Marseille vers,,,Nuit avec éclairage allumé,Hors agglomération,Hors intersection,Normale,Autre collision,,,,,,,,,,,5,1,1,1,6
200700025118,0007-04-18 06:00:00,7,4,18,6,0,130,15,A51-Sens Marseille vers,,,Crépuscule ou aube,Hors agglomération,Hors intersection,Normale,Autre collision,,,,,,,,,,,2,1,1,1,6
200700025119,0007-04-20 07:48:00,7,4,20,7,48,130,43,A55-Sens Martigues vers,,,Plein jour,Hors agglomération,Hors intersection,Normale,Sans collision,,,,,,,,,,,1,1,1,1,7
200700025120,0007-04-20 19:00:00,7,4,20,19,0,130,214,A7-Sens Lyon vers Marsei,,,Plein jour,Hors agglomération,Hors intersection,Normale,Deux véhicules - arrière,,,,,,,,,,,1,1,1,1,2
200700025121,0007-04-21 13:15:00,7,4,21,13,15,130,214,A7-Sens Marseille vers L,,,Plein jour,Hors agglomération,Hors intersection,Normale,Sans collision,,,,,,,,,,,1,1,1,1,7
200700025122,0007-04-21 18:20:00,7,4,21,18,20,130,26,A55-Sens Martigues vers,,,Plein jour,Hors agglomération,Hors intersection,Normale,Autre collision,,,,,,,,,,,1,1,1,1,6
200700025123,0007-04-23 10:10:00,7,4,23,10,10,130,71,A55 - Sens Marseille ver,,,Plein jour,Hors agglomération,Hors intersection,Normale,Deux véhicules - arrière,,,,,,,,,,,1,1,1,1,2
200700025124,0007-04-23 18:45:00,7,4,23,18,45,130,106,A7-Sens Lyon vers Marsei,,,Plein jour,Hors agglomération,Hors intersection,Normale,Deux véhicules - côté,,,,,,,,,,,1,1,1,1,3
200700025125,0007-04-24 16:30:00,7,4,24,16,30,130,71,A51-Sens Aix en Provence,,,Plein jour,Hors agglomération,Hors intersection,Normale,Trois véhicules et plus - en chaîne,,,,,,,,,,,1,1,1,1,4
200700025126,0007-04-26 04:15:00,7,4,26,4,15,130,210,Tunnel Prado Carénage,,,Nuit avec éclairage allumé,Hors agglomération,Hors intersection,Normale,Sans collision,,,,,,,,,,,5,1,1,1,7
200700025127,0007-04-27 09:20:00,7,4,27,9,20,130,1,A51-Sens Marseille vers,,,Plein jour,Hors agglomération,Hors intersection,Normale,Deux véhicules - arrière,,,,,,,,,,,1,1,1,1,2
200700025128,0007-04-27 13:30:00,7,4,27,13,30,130,202,TVPCD-Sens Les Ports ver,,,Plein jour,Hors agglomération,Hors intersection,Normale,Trois véhicules et plus - en chaîne,,,,,,,,,,,1,1,1,1,4
200700025129,0007-04-24 17:08:00,7,4,24,17,8,130,215,A7-Sens Marseille vers L,,,Plein jour,Hors agglomération,Hors intersection,Normale,Autre collision,,,,,,,,,,,1,1,1,1,6
200700025130,0007-04-29 14:30:00,7,4,29,14,30,130,43,A55-Sens Marseille vers,,,Plein jour,Hors agglomération,Hors intersection,Normale,Deux véhicules - arrière,,,,,,,,,,,1,1,1,1,2
200700025131,0007-04-30 06:45:00,7,4,30,6,45,130,26,A55-Sens Martigues vers,,,Plein jour,Hors agglomération,Hors intersection,Normale,Autre collision,,,,,,,,,,,1,1,1,1,6
200700025132,0007-04-30 08:50:00,7,4,30,8,50,130,1,A51-Sens Aix en Provence,,,Plein jour,Hors agglomération,Hors intersection,Normale,Autre collision,,,,,,,,,,,1,1,1,1,6
200700025133,0007-04-30 21:30:00,7,4,30,21,30,130,215,A7-Sens Lyon vers Marsei,,,Nuit sans éclairage public,Hors agglomération,Hors intersection,Pluie légère,Deux véhicules - côté,,,,,,,,,,,3,1,1,2,3
200700025134,0007-03-04 19:25:00,7,3,4,19,25,130,75,BARTHES (BOULEVARD),,,Nuit avec éclairage allumé,En agglomération,Hors intersection,Normale,Autre collision,,,,,,,,,,,5,2,1,1,6
200700025135,0007-03-04 21:25:00,7,3,4,21,25,130,55,"68, RUISSEAU MI (RUE)",,,Nuit avec éclairage allumé,En agglomération,Hors intersection,Normale,Deux véhicules - côté,,,,,,,,,,,5,2,1,1,3
200700025136,0007-03-14 15:00:00,7,3,14,15,0,130,55,BAILLE (BOULEVARD),,,Plein jour,En agglomération,Hors intersection,Normale,Autre collision,,,,,,,,,,,1,2,1,1,6
200700025137,0007-03-19 20:00:00,7,3,19,20,0,130,55,MENARD (PIERRE) (BOULEVA,,,Nuit avec éclairage allumé,En agglomération,Hors intersection,Normale,Deux véhicules - côté,,,,,,,,,,,5,2,1,1,3
200700025138,0007-03-15 19:10:00,7,3,15,19,10,130,55,MADRAGUE VILLE (RUE),,,Nuit avec éclairage non allumé,En agglomération,Intersection en T,Normale,Deux véhicules - côté,,,,,,,,,,,4,2,3,1,3
200700025139,0007-03-20 16:45:00,7,3,20,16,45,130,55,"188, BAILLE (BOULEVARD)",,,Plein jour,En agglomération,Intersection en T,Normale,Deux véhicules - côté,,,,,,,,,,,1,2,3,1,3
200700025140,0007-03-27 17:20:00,7,3,27,17,20,130,55,"119, CORNICHE KENNEDY",,,Plein jour,En agglomération,Intersection en T,Normale,Deux véhicules - côté,,,,,,,,,,,1,2,3,1,3
200700025141,0007-03-28 16:00:00,7,3,28,16,0,130,75,FRÉDÉRIC CHEVILLON (AVEN,,,Plein jour,En agglomération,Hors intersection,Normale,Autre collision,,,,,,,,,,,1,2,1,1,6
200700025142,0007-03-30 11:30:00,7,3,30,11,30,130,55,"310, OLIVES (AVENUE DES)",,,Plein jour,En agglomération,Hors intersection,Normale,Deux véhicules - côté,,,,,,,,,,,1,2,1,1,3
200700025143,0007-03-06 19:30:00,7,3,6,19,30,130,55,NEUF (BOULEVARD),,,Crépuscule ou aube,En agglomération,Hors intersection,Normale,Deux véhicules - frontale,,,,,,,,,,,2,2,1,1,1
200700025144,0007-03-18 16:15:00,7,3,18,16,15,130,55,COMMANDERIE (CHEMIN),,,Plein jour,En agglomération,Hors intersection,Normale,Deux véhicules - côté,,,,,,,,,,,1,2,1,1,3
200700025145,0007-03-22 14:00:00,7,3,22,14,0,130,55,"42, FLAMMARION (BOULEVAR",,,Plein jour,En agglomération,Hors intersection,Normale,Autre collision,,,,,,,,,,,1,2,1,1,6
200700025146,0007-03-15 00:01:00,7,3,15,0,1,130,55,JEAN MONDET (ROND POINT,,,Nuit avec éclairage allumé,En agglomération,Giratoire,Normale,Autre collision,,,,,,,,,,,5,2,6,1,6
200700025147,0007-03-25 18:45:00,7,3,25,18,45,130,55,"66, PORT (QUAI DU)",,,Plein jour,En agglomération,Hors intersection,Normale,Autre collision,,,,,,,,,,,1,2,1,1,6
200700025148,0007-03-02 10:46:00,7,3,2,10,46,130,55,"70, TOULON (AVENUE DE)",,,Plein jour,En agglomération,Hors intersection,Normale,Autre collision,,,,,,,,,,,1,2,1,1,6
200700025149,0007-03-15 10:50:00,7,3,15,10,50,130,55,PLOMBIERES (BOULEVARD DE,,,Plein jour,En agglomération,Hors intersection,Normale,Deux véhicules - côté,,,,,,,,,,,1,2,1,1,3
200700025150,0007-03-06 00:30:00,7,3,6,0,30,130,55,GAVOTTE (RUE DE LA),,,Nuit avec éclairage allumé,En agglomération,Hors intersection,Normale,Autre collision,,,,,,,,,,,5,2,1,1,6
200700025151,0007-03-12 14:25:00,7,3,12,14,25,130,55,"17, PLOMBIERES (BOULEVAR",,,Plein jour,En agglomération,Hors intersection,Normale,Autre collision,,,,,,,,,,,1,2,1,1,6
200700025152,0007-03-08 12:50:00,7,3,8,12,50,130,55,DAMES (BOULEVARD DES),,,Plein jour,En agglomération,Intersection en X,Normale,Deux véhicules - frontale,,,,,,,,,,,1,2,2,1,1
200700025153,0007-03-21 16:30:00,7,3,21,16,30,130,55,"87, PERRIN SOLLIERS (RUE",,,Plein jour,En agglomération,Hors intersection,Normale,Autre collision,,,,,,,,,,,1,2,1,1,6
200700025154,0007-03-30 10:20:00,7,3,30,10,20,130,55,SCHLOESING (BOULEVARD),,,Plein jour,En agglomération,Hors intersection,Normale,Deux véhicules - arrière,,,,,,,,,,,1,2,1,1,2
200700025155,0007-03-29 11:00:00,7,3,29,11,0,130,55,"70, DAMES (BOULEVARD DES",,,Plein jour,En agglomération,Hors intersection,Normale,Autre collision,,,,,,,,,,,1,2,1,1,6
200700025156,0007-03-08 02:55:00,7,3,8,2,55,130,55,FRANCOISE DUPARC (BOULEV,,,Nuit avec éclairage allumé,En agglomération,Hors intersection,Normale,Deux véhicules - côté,,,,,,,,,,,5,2,1,1,3
200700025157,0007-04-28 13:10:00,7,4,28,13,10,310,557,SPORTS (ALL DES),,,Plein jour,Hors agglomération,Hors intersection,Normale,Deux véhicules - arrière,,,,,,,,,,,1,1,1,1,2
200700025158,0007-01-01 12:15:00,7,1,1,12,15,350,288,"2, HULOTAIS (RUE DE LA)",,,Plein jour,En agglomération,Hors intersection,Normale,Deux véhicules - côté,,,,,,,,,,,1,2,1,1,3
200700025159,0007-01-08 18:00:00,7,1,8,18,0,350,288,D2,,,Nuit sans éclairage public,Hors agglomération,Intersection en X,Pluie légère,Trois véhicules et plus - collisions multiples,,,,,,,,,,,3,1,2,2,5
200700025160,0007-01-04 19:00:00,7,1,4,19,0,350,352,"8, FRANCAIS LIBRES  (RUE",,,Nuit avec éclairage allumé,En agglomération,Hors intersection,Pluie légère,Autre collision,,,,,,,,,,,5,2,1,2,6
200700025161,0007-01-17 05:00:00,7,1,17,5,0,350,288,CLEMENCEAU (RUE GEORGES),,,Nuit avec éclairage allumé,En agglomération,Hors intersection,Normale,Deux véhicules - frontale,,,,,,,,,,,5,2,1,1,1
200700025162,0007-01-12 08:15:00,7,1,12,8,15,350,288,"000, GREVES DE CHASLES (",,,Crépuscule ou aube,En agglomération,Giratoire,Pluie légère,Trois véhicules et plus - collisions multiples,,,,,,,,,,,2,2,6,2,5
200700025163,0007-01-24 12:10:00,7,1,24,12,10,350,288,"0000, PATTON GENERAL (RU",,,Plein jour,En agglomération,Giratoire,Pluie forte,Deux véhicules - côté,,,,,,,,,,,1,2,6,3,3
200700025164,0007-01-27 19:40:00,7,1,27,19,40,350,288,D2,,,Nuit sans éclairage public,En agglomération,Intersection en X,Pluie légère,Deux véhicules - côté,,,,,,,,,,,3,2,2,2,3
200700025165,0007-02-07 11:20:00,7,2,7,11,20,350,352,HERMITAGE  (ZA),,,Plein jour,Hors agglomération,Intersection en T,Normale,Deux véhicules - frontale,,,,,,,,,,,1,1,3,1,1
200700025166,0007-02-09 16:50:00,7,2,9,16,50,350,288,"000, RESISTANCE (PLACE D",,,Plein jour,En agglomération,Hors intersection,Normale,Autre collision,,,,,,,,,,,1,2,1,1,6
200700025167,0007-02-23 08:40:00,7,2,23,8,40,350,288,RN 137,,,Plein jour,Hors agglomération,Hors intersection,Normale,Trois véhicules et plus - collisions multiples,,,,,,,,,,,1,1,1,1,5
200700025168,0007-02-22 08:10:00,7,2,22,8,10,350,352,"000, D168",,,Plein jour,En agglomération,Giratoire,Pluie légère,Deux véhicules - arrière,,,,,,,,,,,1,2,6,2,2
200700025169,0007-03-02 16:10:00,7,3,2,16,10,350,288,"000, MARNE (RUE DE LA)",,,Plein jour,En agglomération,Hors intersection,Pluie légère,Deux véhicules - arrière,,,,,,,,,,,1,2,1,2,2
200700025170,0007-03-05 10:15:00,7,3,5,10,15,350,288,"000, MARVILLE (AVENUE DE",,,Plein jour,En agglomération,Intersection en X,Normale,Deux véhicules - côté,,,,,,,,,,,1,2,2,1,3
200700025171,0007-03-08 16:40:00,7,3,8,16,40,350,288,"000, LEMARIE HENRI (RUE)",,,Plein jour,En agglomération,Hors intersection,Normale,Autre collision,,,,,,,,,,,1,2,1,1,6
200700025172,0007-03-08 15:05:00,7,3,8,15,5,350,288,"000, CD168",,,Plein jour,Hors agglomération,Hors intersection,Normale,Sans collision,,,,,,,,,,,1,1,1,1,7
200700025173,0007-03-15 17:55:00,7,3,15,17,55,350,288,REPUBLIQUE (BOULEVARD DE,,,Plein jour,En agglomération,Intersection en T,Normale,Deux véhicules - côté,,,,,,,,,,,1,2,3,1,3
200700025174,0007-03-29 14:45:00,7,3,29,14,45,350,288,"000, PORTES ROUGES (RUE",,,Plein jour,En agglomération,Intersection en T,Normale,Deux véhicules - côté,,,,,,,,,,,1,2,3,1,3
200700025175,0007-03-29 17:15:00,7,3,29,17,15,350,288,"000, MARNE (RUE DE LA)",,,Plein jour,En agglomération,Hors intersection,Pluie forte,Deux véhicules - arrière,,,,,,,,,,,1,2,1,3,2
200700025176,0007-04-02 10:40:00,7,4,2,10,40,350,288,"000, HUS JEAN (RUE)",,,Plein jour,En agglomération,Intersection en T,Normale,Deux véhicules - côté,,,,,,,,,,,1,2,3,1,3
200700025177,0007-02-18 01:15:00,7,2,18,1,15,350,352,"000, VERNEY YVES (RUE )",,,Nuit sans éclairage public,En agglomération,Hors intersection,Normale,Autre collision,,,,,,,,,,,3,2,1,1,6
200700025178,0007-04-17 16:25:00,7,4,17,16,25,350,288,"000, FLAUBERT GUSTAVE (R",,,Plein jour,En agglomération,Giratoire,Normale,Autre collision,,,,,,,,,,,1,2,6,1,6
200700025179,0007-04-26 03:00:00,7,4,26,3,0,350,288,"000, DEPORTES (BOULEVARD",,,Nuit avec éclairage allumé,En agglomération,Intersection en X,Normale,Deux véhicules - côté,,,,,,,,,,,5,2,2,1,3
200700025180,0007-04-30 17:00:00,7,4,30,17,0,350,288,"000, HEBERT (BOULEVARD)",,,Plein jour,En agglomération,Intersection en T,Normale,Deux véhicules - côté,,,,,,,,,,,1,2,3,1,3
200700025181,0007-04-20 11:00:00,7,4,20,11,0,350,288,"000, BOTRELTHEODORE (BOU",,,Plein jour,En agglomération,Hors intersection,Normale,Autre collision,,,,,,,,,,,1,2,1,1,6
200700025182,0007-04-21 22:05:00,7,4,21,22,5,620,510,CD58,,,Nuit avec éclairage allumé,Hors agglomération,Hors intersection,Normale,Autre collision,,,,,,,,,,,5,1,1,1,6
200700025183,0007-01-18 16:05:00,7,1,18,16,5,840,7,SEGHERS (rue Pierre),,,Plein jour,En agglomération,Autre intersection,Normale,Deux véhicules - côté,,,,,,,,,,,1,2,9,1,3
200700025184,0007-01-20 17:00:00,7,1,20,17,0,840,7,BON VENT (rue du),,,Plein jour,En agglomération,Hors intersection,Normale,Deux véhicules - côté,,,,,,,,,,,1,2,1,1,3
200700025185,0007-01-22 20:10:00,7,1,22,20,10,840,7,MONCLAR (Avenue),,,Nuit avec éclairage allumé,En agglomération,Autre intersection,Normale,Deux véhicules - côté,,,,,,,,,,,5,2,9,1,3
200700025186,0007-01-24 19:00:00,7,1,24,19,0,840,7,MARSEILLE (Route de ),,,Nuit avec éclairage allumé,En agglomération,Hors intersection,Normale,Autre collision,,,,,,,,,,,5,2,1,1,6
200700025187,0007-01-29 09:20:00,7,1,29,9,20,840,7,LIMBERT (Boulevard),,,Plein jour,En agglomération,Hors intersection,Normale,Autre collision,,,,,,,,,,,1,2,1,1,6
200700025188,0007-01-30 11:40:00,7,1,30,11,40,840,7,"3, SAUTEL(rue Chanoine j",,,Plein jour,En agglomération,Hors intersection,Normale,Autre collision,,,,,,,,,,,1,2,1,1,6
200700025189,0007-01-31 12:40:00,7,1,31,12,40,840,7,LYON (route de ),,,Plein jour,En agglomération,Hors intersection,Normale,Deux véhicules - arrière,,,,,,,,,,,1,2,1,1,2
200700025190,0007-04-22 18:30:00,7,4,22,18,30,910,479,"0, VAILLANT-COUTURIER (A",,,Plein jour,En agglomération,Intersection en X,Normale,Autre collision,,,,,,,,,,,1,2,2,1,6
200700025191,0007-01-26 10:15:00,7,1,26,10,15,940,52,"NC, JOINVILLE (AV DE)",,,Plein jour,En agglomération,Intersection en Y,Normale,Deux véhicules - côté,,,,,,,,,,,1,2,4,1,3
200700025192,0007-04-13 18:05:00,7,4,13,18,5,950,277,TULIPES (CARREFOUR DES),,,Plein jour,Hors agglomération,Intersection en X,Normale,Deux véhicules - côté,,,,,,,,,,,1,1,2,1,3
200700025193,0007-04-01 22:41:00,7,4,1,22,41,950,277,DE THEILLEY PIERRE (RUE),,,Nuit avec éclairage allumé,En agglomération,Intersection en T,Pluie légère,Deux véhicules - côté,,,,,,,,,,,5,2,3,2,3
200700025194,0007-04-19 08:10:00,7,4,19,8,10,950,88,PISTE (CHEMIN DE LA),,,Plein jour,En agglomération,Hors intersection,Normale,Deux véhicules - côté,,,,,,,,,,,1,2,1,1,3
200700025195,0007-04-07 06:55:00,7,4,7,6,55,950,277,BERTHELOT (RUE),,,Nuit avec éclairage allumé,En agglomération,Intersection en T,Normale,Trois véhicules et plus - en chaîne,,,,,,,,,,,5,2,3,1,4
200700025196,0007-04-10 10:40:00,7,4,10,10,40,950,277,C.D. 47,,,Plein jour,Hors agglomération,Hors intersection,Temps éblouissant,Deux véhicules - côté,,,,,,,,,,,1,1,1,7,3
200700025197,0007-04-10 17:35:00,7,4,10,17,35,950,277,route départementale 902,,,Plein jour,Hors agglomération,Hors intersection,Normale,Deux véhicules - frontale,,,,,,,,,,,1,1,1,1,1
200700025198,0007-04-17 15:10:00,7,4,17,15,10,950,280,", GENERAL DE GAULLE(BOUL",,,Plein jour,En agglomération,Hors intersection,Normale,Autre collision,,,,,,,,,,,1,2,1,1,6
200700025199,0007-04-24 13:00:00,7,4,24,13,0,950,19,BOISHUE (RUE DE),,,Plein jour,En agglomération,Hors intersection,Normale,Deux véhicules - côté,,,,,,,,,,,1,2,1,1,3
200700025200,0007-04-27 18:30:00,7,4,27,18,30,540,167,Autoroute A 31,,,Plein jour,Hors agglomération,Hors intersection,Normale,Deux véhicules - côté,,,,,,,,,,,1,1,1,1,3
200700025201,0007-05-19 17:15:00,7,5,19,17,15,590,11,rue Dupuis face au n° 23,50.534,2.928,Plein jour,En agglomération,Hors intersection,Normale,Deux véhicules - côté,,,,,,,,,,,1,2,1,1,3
200700025202,0007-05-25 18:00:00,7,5,25,18,0,590,52,,50.515,2.906,Plein jour,En agglomération,Hors intersection,Normale,Deux véhicules - côté,,,,,,,,,,,1,2,1,1,3
200700025203,0007-05-02 18:30:00,7,5,2,18,30,590,51,,50.537,2.811,Plein jour,Hors agglomération,Hors intersection,Normale,Deux véhicules - côté,,,,,,,,,,,1,1,1,1,3