accident_id,datetime,annee,mois,jour,heure,minute,departement,commune_insee,adresse,latitude,longitude,luminosite,agglomeration,intersection,meteo,collision,nb_vehicules,nb_usagers,nb_indemnes,nb_tues,nb_blesses_hosp,nb_blesses_legers,age_cond_1,age_cond_2,veh_type_cond_1,veh_type_cond_2,lum_code,agg_code,int_code,atm_code,col_code
200700025484,0007-05-02 08:15:00,7,5,2,8,15,610,357,,,,Plein jour,Hors agglomération,Hors intersection,Normale,Deux véhicules - frontale,,,,,,,,,,,1,1,1,1,1
200700025485,0007-05-24 05:30:00,7,5,24,5,30,610,76,,48.584,0.027,Crépuscule ou aube,Hors agglomération,Intersection en X,Normale,Deux véhicules - côté,,,,,,,,,,,2,1,2,1,3
200700025486,0007-05-18 18:00:00,7,5,18,18,0,610,215,,,,Plein jour,Hors agglomération,Hors intersection,Normale,Deux véhicules - frontale,,,,,,,,,,,1,1,1,1,1
200700025487,0007-05-25 05:15:00,7,5,25,5,15,610,464,,,,Nuit sans éclairage public,Hors agglomération,Hors intersection,Normale,Autre collision,,,,,,,,,,,3,1,1,1,6
200700025488,0007-05-06 17:00:00,7,5,6,17,0,610,472,,,,Plein jour,Hors agglomération,Hors intersection,Normale,Sans collision,,,,,,,,,,,1,1,1,1,7
200700025489,0007-05-15 06:50:00,7,5,15,6,50,610,485,CD979,,,Plein jour,Hors agglomération,Hors intersection,Normale,Deux véhicules - frontale,,,,,,,,,,,1,1,1,1,1
200700025490,0007-05-24 14:30:00,7,5,24,14,30,610,210,,48.695,-0.114,Plein jour,Hors agglomération,Intersection en X,Normale,Deux véhicules - frontale,,,,,,,,,,,1,1,2,1,1
200700025491,0007-05-26 17:15:00,7,5,26,17,15,610,386,,48.798,0.443,Plein jour,Hors agglomération,Hors intersection,Normale,Autre collision,,,,,,,,,,,1,1,1,1,6
200700025492,0007-05-14 23:30:00,7,5,14,23,30,610,421,,,,Nuit sans éclairage public,Hors agglomération,Hors intersection,Normale,Autre collision,,,,,,,,,,,3,1,1,1,6
200700025493,0007-05-21 14:00:00,7,5,21,14,0,610,145,,48.599,-0.653,Plein jour,Hors agglomération,Hors intersection,Normale,Autre collision,,,,,,,,,,,1,1,1,1,6
200700025494,0007-05-27 16:15:00,7,5,27,16,15,610,421,,,,Plein jour,Hors agglomération,Hors intersection,Pluie forte,Deux véhicules - frontale,,,,,,,,,,,1,1,1,3,1
200700025495,0007-05-26 10:30:00,7,5,26,10,30,610,149,,,,Plein jour,Hors agglomération,Hors intersection,Normale,Trois véhicules et plus - collisions multiples,,,,,,,,,,,1,1,1,1,5
200700025496,0007-05-13 09:45:00,7,5,13,9,45,610,428,Le Petit Launay,,,Plein jour,Hors agglomération,Hors intersection,Temps couvert,Deux véhicules - arrière,,,,,,,,,,,1,1,1,8,2
200700025497,0007-05-24 12:15:00,7,5,24,12,15,610,94,,,,Plein jour,Hors agglomération,Hors intersection,Normale,Autre collision,,,,,,,,,,,1,1,1,1,6
200700025498,0007-05-18 18:45:00,7,5,18,18,45,610,484,avenue des loges,48.27,0.688,Plein jour,En agglomération,Hors intersection,Normale,Autre collision,,,,,,,,,,,1,2,1,1,6
200700025499,0007-05-10 20:15:00,7,5,10,20,15,610,214,,48.778,0.612,Crépuscule ou aube,Hors agglomération,Hors intersection,Normale,Sans collision,,,,,,,,,,,2,1,1,1,7
200700025500,0007-05-28 08:45:00,7,5,28,8,45,610,92,,,,Plein jour,Hors agglomération,Hors intersection,Normale,Deux véhicules - frontale,,,,,,,,,,,1,1,1,1,1
200700025501,0007-05-29 20:00:00,7,5,29,20,0,440,204,,47.281,-1.424,Plein jour,Hors agglomération,Hors intersection,Normale,Autre collision,,,,,,,,,,,1,1,1,1,6
200700025502,0007-05-31 16:15:00,7,5,31,16,15,440,26,,47.29,-1.499,Plein jour,Hors agglomération,Hors intersection,Normale,Autre collision,,,,,,,,,,,1,1,1,1,6
200700025503,0007-05-07 09:15:00,7,5,7,9,15,440,198,,,,Plein jour,Hors agglomération,Hors intersection,Normale,Autre collision,,,,,,,,,,,1,1,1,1,6
200700025504,0007-05-11 14:45:00,7,5,11,14,45,440,198,rue du Général de Gaulle,,,Crépuscule ou aube,En agglomération,Hors intersection,Normale,Autre collision,,,,,,,,,,,2,2,1,1,6
200700025505,0007-05-22 17:45:00,7,5,22,17,45,440,198,Rond point des Ecoles,,,Plein jour,En agglomération,Giratoire,Normale,Deux véhicules - côté,,,,,,,,,,,1,2,6,1,3
200700025506,0007-05-11 13:45:00,7,5,11,13,45,440,213,,47.43,-1.019,Plein jour,Hors agglomération,Hors intersection,Normale,Deux véhicules - frontale,,,,,,,,,,,1,1,1,1,1
200700025507,0007-05-16 19:45:00,7,5,16,19,45,440,140,,,,Plein jour,Hors agglomération,Hors intersection,Temps couvert,Sans collision,,,,,,,,,,,1,1,1,8,7
200700025508,0007-05-30 07:45:00,7,5,30,7,45,440,107,,47.429,-1.3,Plein jour,Hors agglomération,Hors intersection,Pluie légère,Deux véhicules - frontale,,,,,,,,,,,1,1,1,2,1
200700025509,0007-05-05 16:30:00,7,5,5,16,30,440,36,rue du bois péant,47.724,-1.379,Plein jour,En agglomération,Hors intersection,Normale,Deux véhicules - côté,,,,,,,,,,,1,2,1,1,3
200700025510,0007-05-07 14:20:00,7,5,7,14,20,440,99,D40 - D178,,,Plein jour,Hors agglomération,Hors intersection,Temps couvert,Autre collision,,,,,,,,,,,1,1,1,8,6
200700025511,0007-05-10 17:00:00,7,5,10,17,0,440,149,rue de la résistance,47.506,-1.577,Plein jour,En agglomération,Hors intersection,Normale,Autre collision,,,,,,,,,,,1,2,1,1,6
200700025512,0007-05-20 05:30:00,7,5,20,5,30,440,205,,47.442,-1.385,Crépuscule ou aube,Hors agglomération,Hors intersection,Normale,Deux véhicules - côté,,,,,,,,,,,2,1,1,1,3
200700025513,0007-05-30 09:45:00,7,5,30,9,45,440,27,,,,Plein jour,Hors agglomération,Hors intersection,Normale,Deux véhicules - frontale,,,,,,,,,,,1,1,1,1,1
200700025514,0007-05-11 16:45:00,7,5,11,16,45,440,120,rue des cadeniers,,,Plein jour,En agglomération,Hors intersection,Pluie légère,Autre collision,,,,,,,,,,,1,2,1,2,6
200700025515,0007-05-03 12:15:00,7,5,3,12,15,440,131,,,,Plein jour,Hors agglomération,Hors intersection,Normale,Deux véhicules - côté,,,,,,,,,,,1,1,1,1,3
200700025516,0007-05-30 05:15:00,7,5,30,5,15,440,59,,,,Nuit sans éclairage public,Hors agglomération,Hors intersection,Pluie légère,Deux véhicules - arrière,,,,,,,,,,,3,1,1,2,2
200700025517,0007-05-07 17:00:00,7,5,7,17,0,440,192,,47.284,-2.015,Plein jour,Hors agglomération,Hors intersection,Normale,Trois véhicules et plus - collisions multiples,,,,,,,,,,,1,1,1,1,5
200700025518,0007-05-11 16:00:00,7,5,11,16,0,440,182,,47.149,-2.133,Plein jour,Hors agglomération,Hors intersection,Vent fort / tempête,Deux véhicules - côté,,,,,,,,,,,1,1,1,6,3
200700025519,0007-05-20 18:45:00,7,5,20,18,45,440,87,,46.975,-1.819,Plein jour,Hors agglomération,Hors intersection,Pluie légère,Deux véhicules - frontale,,,,,,,,,,,1,1,1,2,1
200700025520,0007-05-24 03:45:00,7,5,24,3,45,440,87,,47.009,-1.838,Nuit sans éclairage public,Hors agglomération,Hors intersection,Normale,Autre collision,,,,,,,,,,,3,1,1,1,6
200700025521,0007-05-31 17:15:00,7,5,31,17,15,440,47,bd de la Libération,47.22,-1.678,Plein jour,En agglomération,Hors intersection,Pluie légère,Deux véhicules - arrière,,,,,,,,,,,1,2,1,2,2
200700025522,0007-05-21 16:00:00,7,5,21,16,0,440,175,,,,Plein jour,Hors agglomération,Hors intersection,Pluie forte,Autre collision,,,,,,,,,,,1,1,1,3,6
200700025523,0007-05-09 19:15:00,7,5,9,19,15,440,168,,,,Plein jour,Hors agglomération,Hors intersection,Normale,Deux véhicules - côté,,,,,,,,,,,1,1,1,1,3
200700025524,0007-05-19 13:45:00,7,5,19,13,45,440,129,,,,Plein jour,Hors agglomération,Hors intersection,Normale,Deux véhicules - arrière,,,,,,,,,,,1,1,1,1,2
200700025525,0007-05-20 06:30:00,7,5,20,6,30,440,158,,47.312,-1.763,Plein jour,Hors agglomération,Hors intersection,Normale,Deux véhicules - arrière,,,,,,,,,,,1,1,1,1,2
200700025526,0007-05-09 11:15:00,7,5,9,11,15,490,20,,,,Plein jour,Hors agglomération,Intersection en X,Normale,Deux véhicules - côté,,,,,,,,,,,1,1,2,1,3
200700025527,0007-05-25 19:30:00,7,5,25,19,30,490,196,rue Henri Brisset,47.525,-0.667,Plein jour,En agglomération,Hors intersection,Normale,Autre collision,,,,,,,,,,,1,2,1,1,6
200700025528,0007-05-26 22:30:00,7,5,26,22,30,490,242,,47.561,-0.668,Nuit sans éclairage public,Hors agglomération,Hors intersection,Normale,Sans collision,,,,,,,,,,,3,1,1,1,7
200700025529,0007-05-15 07:45:00,7,5,15,7,45,490,49,,47.423,-0.173,Plein jour,Hors agglomération,Hors intersection,Normale,Sans collision,,,,,,,,,,,1,1,1,1,7
200700025530,0007-05-07 22:30:00,7,5,7,22,30,490,153,,47.221,-0.581,Nuit sans éclairage public,Hors agglomération,Hors intersection,Pluie légère,Sans collision,,,,,,,,,,,3,1,1,2,7
200700025531,0007-05-09 17:30:00,7,5,9,17,30,490,345,,,,Plein jour,Hors agglomération,Intersection en X,Normale,Deux véhicules - côté,,,,,,,,,,,1,1,2,1,3
200700025532,0007-05-18 12:30:00,7,5,18,12,30,490,363,,47.345,-0.462,Plein jour,Hors agglomération,Hors intersection,Normale,Deux véhicules - côté,,,,,,,,,,,1,1,1,1,3
200700025533,0007-05-20 19:00:00,7,5,20,19,0,490,50,rue Louis Moron,47.362,-0.448,Plein jour,En agglomération,Hors intersection,Normale,Deux véhicules - côté,,,,,,,,,,,1,2,1,1,3
200700025534,0007-05-29 14:45:00,7,5,29,14,45,490,345,,47.248,-0.527,Plein jour,Hors agglomération,Intersection en X,Normale,Trois véhicules et plus - collisions multiples,,,,,,,,,,,1,1,2,1,5
200700025535,0007-05-19 18:00:00,7,5,19,18,0,490,377,14 chemin de la raverie,,,Plein jour,En agglomération,Hors intersection,Normale,Deux véhicules - frontale,,,,,,,,,,,1,2,1,1,1
200700025536,0007-05-28 19:15:00,7,5,28,19,15,490,129,,47.51,-0.52,Plein jour,Hors agglomération,Hors intersection,Normale,Deux véhicules - arrière,,,,,,,,,,,1,1,1,1,2
200700025537,0007-05-11 17:45:00,7,5,11,17,45,490,295,rue de toulgouet,,,Plein jour,En agglomération,Hors intersection,Pluie légère,Deux véhicules - côté,,,,,,,,,,,1,2,1,2,3
200700025538,0007-05-15 12:15:00,7,5,15,12,15,490,17,,47.659,-0.372,Plein jour,Hors agglomération,Hors intersection,Pluie légère,Autre collision,,,,,,,,,,,1,1,1,2,6
200700025539,0007-05-06 09:15:00,7,5,6,9,15,490,92,121 rue nationale,,,Plein jour,En agglomération,Hors intersection,Normale,Deux véhicules - frontale,,,,,,,,,,,1,2,1,1,1
200700025540,0007-05-09 18:30:00,7,5,9,18,30,490,92,15 rue du général de gau,,,Plein jour,En agglomération,Hors intersection,Normale,Deux véhicules - côté,,,,,,,,,,,1,2,1,1,3
200700025541,0007-05-05 23:45:00,7,5,5,23,45,490,349,,,,Nuit sans éclairage public,Hors agglomération,Hors intersection,Normale,Sans collision,,,,,,,,,,,3,1,1,1,7
200700025542,0007-05-07 18:15:00,7,5,7,18,15,490,234,rue de la Mairie,47.442,0.16,Plein jour,En agglomération,Intersection en T,Normale,Deux véhicules - côté,,,,,,,,,,,1,2,3,1,3
200700025543,0007-05-25 18:45:00,7,5,25,18,45,490,18,,47.551,-0.119,Plein jour,Hors agglomération,Hors intersection,Normale,Deux véhicules - frontale,,,,,,,,,,,1,1,1,1,1
200700025544,0007-05-05 00:01:00,7,5,5,0,1,490,361,,47.266,0.055,Nuit sans éclairage public,Hors agglomération,Hors intersection,Normale,Sans collision,,,,,,,,,,,3,1,1,1,7
200700025545,0007-05-12 15:30:00,7,5,12,15,30,490,331,rue ernest renan,,,Plein jour,En agglomération,Hors intersection,Normale,Deux véhicules - frontale,,,,,,,,,,,1,2,1,1,1
200700025546,0007-05-18 07:15:00,7,5,18,7,15,490,229,,,,Plein jour,Hors agglomération,Giratoire,Brouillard / fumée,Autre collision,,,,,,,,,,,1,1,6,5,6
200700025547,0007-05-03 16:45:00,7,5,3,16,45,490,130,,47.609,-0.58,Plein jour,Hors agglomération,Hors intersection,Normale,Deux véhicules - frontale,,,,,,,,,,,1,1,1,1,1
200700025548,0007-05-15 16:00:00,7,5,15,16,0,490,135,16 route de cantenay,47.573,-0.589,Plein jour,En agglomération,Hors intersection,Normale,Deux véhicules - arrière,,,,,,,,,,,1,2,1,1,2
200700025549,0007-05-06 05:30:00,7,5,6,5,30,530,26,,48.003,-0.968,Crépuscule ou aube,Hors agglomération,Hors intersection,Normale,Autre collision,,,,,,,,,,,2,1,1,1,6
200700025550,0007-05-13 15:00:00,7,5,13,15,0,530,175,,48.015,-0.662,Plein jour,Hors agglomération,Hors intersection,Normale,Autre collision,,,,,,,,,,,1,1,1,1,6
200700025551,0007-05-25 09:00:00,7,5,25,9,0,530,25,,48.017,-0.573,Plein jour,Hors agglomération,Hors intersection,Normale,Deux véhicules - frontale,,,,,,,,,,,1,1,1,1,1
200700025552,0007-05-17 06:00:00,7,5,17,6,0,530,276,,48.152,-0.26,Crépuscule ou aube,Hors agglomération,Hors intersection,Pluie légère,Autre collision,,,,,,,,,,,2,1,1,2,6
200700025553,0007-05-06 12:15:00,7,5,6,12,15,530,231,,47.784,-0.525,Plein jour,Hors agglomération,Hors intersection,Normale,Autre collision,,,,,,,,,,,1,1,1,1,6
200700025554,0007-05-09 17:45:00,7,5,9,17,45,530,62,route de Sablé,47.834,-0.691,Plein jour,En agglomération,Hors intersection,Normale,Deux véhicules - frontale,,,,,,,,,,,1,2,1,1,1
200700025555,0007-05-14 17:30:00,7,5,14,17,30,530,214,,47.789,-1.157,Plein jour,Hors agglomération,Hors intersection,Normale,Deux véhicules - arrière,,,,,,,,,,,1,1,1,1,2
200700025556,0007-05-17 22:30:00,7,5,17,22,30,530,16,39 rue de Normandie,48.259,-0.367,Nuit avec éclairage allumé,En agglomération,Hors intersection,Normale,Deux véhicules - côté,,,,,,,,,,,5,2,1,1,3
200700025557,0007-05-20 15:00:00,7,5,20,15,0,530,147,,48.317,-0.6,Plein jour,Hors agglomération,Hors intersection,Normale,Deux véhicules - côté,,,,,,,,,,,1,1,1,1,3
200700025558,0007-05-04 17:45:00,7,5,4,17,45,530,154,Rue de Normandie,48.393,-0.989,Plein jour,En agglomération,Hors intersection,Normale,Autre collision,,,,,,,,,,,1,2,1,1,6
200700025559,0007-05-03 09:00:00,7,5,3,9,0,530,261,,48.462,-0.658,Plein jour,Hors agglomération,Hors intersection,Normale,Deux véhicules - côté,,,,,,,,,,,1,1,1,1,3
200700025560,0007-05-25 20:15:00,7,5,25,20,15,530,121,,48.432,-0.291,Plein jour,Hors agglomération,Hors intersection,Temps couvert,Deux véhicules - frontale,,,,,,,,,,,1,1,1,8,1
200700025561,0007-05-21 08:15:00,7,5,21,8,15,720,300,,48.038,0.37,Plein jour,Hors agglomération,Hors intersection,Temps couvert,Autre collision,,,,,,,,,,,1,1,1,8,6
200700025562,0007-05-14 20:30:00,7,5,14,20,30,720,73,,,,Plein jour,Hors agglomération,Hors intersection,Pluie légère,Deux véhicules - frontale,,,,,,,,,,,1,1,1,2,1
200700025563,0007-05-19 18:00:00,7,5,19,18,0,720,346,,,,Plein jour,Hors agglomération,Intersection en X,Normale,Trois véhicules et plus - collisions multiples,,,,,,,,,,,1,1,2,1,5
200700025564,0007-05-25 01:45:00,7,5,25,1,45,720,154,,47.668,-0.073,Nuit sans éclairage public,Hors agglomération,Hors intersection,Normale,Autre collision,,,,,,,,,,,3,1,1,1,6
200700025565,0007-05-31 15:15:00,7,5,31,15,15,720,84,,47.733,-0.01,Plein jour,Hors agglomération,Hors intersection,Normale,Autre collision,,,,,,,,,,,1,1,1,1,6
200700025566,0007-05-20 16:15:00,7,5,20,16,15,720,143,,,,Plein jour,En agglomération,Intersection en X,Normale,Deux véhicules - côté,,,,,,,,,,,1,2,2,1,3
200700025567,0007-05-22 18:45:00,7,5,22,18,45,720,223,rue A.DUBOIS rue de LA P,47.877,-0.101,Plein jour,En agglomération,Intersection en X,Normale,Deux véhicules - côté,,,,,,,,,,,1,2,2,1,3
200700025568,0007-05-31 18:45:00,7,5,31,18,45,720,51,rue nationale,47.831,0.077,Plein jour,En agglomération,Hors intersection,Normale,Deux véhicules - côté,,,,,,,,,,,1,2,1,1,3
200700025569,0007-05-12 03:00:00,7,5,12,3,0,720,264,,,,Nuit sans éclairage public,Hors agglomération,Hors intersection,Normale,Autre collision,,,,,,,,,,,3,1,1,1,6
200700025570,0007-05-20 00:30:00,7,5,20,0,30,720,39,,,,Nuit sans éclairage public,Hors agglomération,Hors intersection,Pluie légère,Deux véhicules - côté,,,,,,,,,,,3,1,1,2,3
200700025571,0007-05-27 09:15:00,7,5,27,9,15,720,222,,48.229,0.247,Plein jour,Hors agglomération,Hors intersection,Pluie forte,Sans collision,,,,,,,,,,,1,1,1,3,7
200700025572,0007-05-20 04:45:00,7,5,20,4,45,720,318,,48.412,0.184,Nuit sans éclairage public,Hors agglomération,Hors intersection,Normale,Deux véhicules - frontale,,,,,,,,,,,3,1,1,1,1
200700025573,0007-05-26 09:10:00,7,5,26,9,10,850,69,PK 63 - RD160,,,Plein jour,Hors agglomération,Hors intersection,Normale,Trois véhicules et plus - collisions multiples,,,,,,,,,,,1,1,1,1,5
200700025574,0007-05-16 17:15:00,7,5,16,17,15,850,89,,,,Plein jour,Hors agglomération,Hors intersection,Normale,Deux véhicules - arrière,,,,,,,,,,,1,1,1,1,2
200700025575,0007-05-26 11:15:00,7,5,26,11,15,850,89,,,,Plein jour,Hors agglomération,Hors intersection,Normale,Deux véhicules - frontale,,,,,,,,,,,1,1,1,1,1
200700025576,0007-05-12 16:00:00,7,5,12,16,0,850,82,,,,Plein jour,Hors agglomération,Autre intersection,Normale,Trois véhicules et plus - collisions multiples,,,,,,,,,,,1,1,9,1,5
200700025577,0007-05-19 17:30:00,7,5,19,17,30,850,144,,,,Plein jour,Hors agglomération,Hors intersection,Normale,Deux véhicules - frontale,,,,,,,,,,,1,1,1,1,1
200700025578,0007-05-20 02:30:00,7,5,20,2,30,850,39,", lieu dit ""BEAUREGARD""",,,Nuit sans éclairage public,Hors agglomération,Hors intersection,Normale,Autre collision,,,,,,,,,,,3,1,1,1,6
200700025579,0007-05-28 18:30:00,7,5,28,18,30,850,39,,,,Plein jour,Hors agglomération,Hors intersection,Normale,Deux véhicules - arrière,,,,,,,,,,,1,1,1,1,2
200700025580,0007-05-29 17:00:00,7,5,29,17,0,850,146,44 avenue Auguste DURAND,,,Plein jour,En agglomération,Hors intersection,Normale,Autre collision,,,,,,,,,,,1,2,1,1,6
200700025581,0007-05-11 05:00:00,7,5,11,5,0,850,238,,46.946,-0.896,Nuit avec éclairage allumé,Hors agglomération,Hors intersection,Normale,Deux véhicules - côté,,,,,,,,,,,5,1,1,1,3
200700025582,0007-05-16 13:45:00,7,5,16,13,45,850,3,Rue des Chaumes,,,Plein jour,En agglomération,Hors intersection,Normale,Sans collision,,,,,,,,,,,1,2,1,1,7
200700025583,0007-05-09 12:15:00,7,5,9,12,15,850,92,Rue tiraqueau,46.47,-0.8,Plein jour,En agglomération,Hors intersection,Normale,Trois véhicules et plus - collisions multiples,,,,,,,,,,,1,2,1,1,5
200700025584,0007-05-19 17:30:00,7,5,19,17,30,850,121,RUE JEAN JAURES,46.44,-0.95,Plein jour,En agglomération,Hors intersection,Normale,Sans collision,,,,,,,,,,,1,2,1,1,7
200700025585,0007-05-25 13:30:00,7,5,25,13,30,850,47,BD Jean Monnet,46.947,-2.021,Plein jour,En agglomération,Hors intersection,Normale,Autre collision,,,,,,,,,,,1,2,1,1,6
200700025586,0007-05-26 21:00:00,7,5,26,21,0,850,210,,,,Crépuscule ou aube,Hors agglomération,Hors intersection,Normale,Sans collision,,,,,,,,,,,2,1,1,1,7
200700025587,0007-05-08 09:30:00,7,5,8,9,30,850,250,La petite foiserie,,,Plein jour,Hors agglomération,Hors intersection,Temps couvert,Deux véhicules - frontale,,,,,,,,,,,1,1,1,8,1
200700025588,0007-05-27 00:15:00,7,5,27,0,15,850,163,route de l herbaudière,,,Nuit avec éclairage allumé,En agglomération,Hors intersection,Normale,Sans collision,,,,,,,,,,,5,2,1,1,7
200700025589,0007-05-04 19:30:00,7,5,4,19,30,850,222,rond point de la concord,,,Plein jour,En agglomération,Giratoire,Normale,Deux véhicules - arrière,,,,,,,,,,,1,2,6,1,2
200700025590,0007-05-09 18:30:00,7,5,9,18,30,850,88,,,,Plein jour,Hors agglomération,Hors intersection,Normale,Sans collision,,,,,,,,,,,1,1,1,1,7
200700025591,0007-05-28 17:30:00,7,5,28,17,30,850,2,,,,Plein jour,Hors agglomération,Intersection en X,Normale,Deux véhicules - côté,,,,,,,,,,,1,1,2,1,3
200700025592,0007-05-01 20:00:00,7,5,1,20,0,850,172,,46.836,-1.992,Plein jour,Hors agglomération,Hors intersection,Normale,Deux véhicules - arrière,,,,,,,,,,,1,1,1,1,2
200700025593,0007-05-13 07:00:00,7,5,13,7,0,850,172,,46.793,-2.0,Crépuscule ou aube,Hors agglomération,Hors intersection,Pluie légère,Autre collision,,,,,,,,,,,2,1,1,2,6
200700025594,0007-05-15 13:45:00,7,5,15,13,45,850,284,,,,Plein jour,Hors agglomération,Intersection en X,Pluie légère,Deux véhicules - côté,,,,,,,,,,,1,1,2,2,3
200700025595,0007-05-16 18:15:00,7,5,16,18,15,850,234,,,,Plein jour,Hors agglomération,Hors intersection,Temps couvert,Deux véhicules - côté,,,,,,,,,,,1,1,1,8,3
200700025596,0007-05-01 02:00:00,7,5,1,2,0,850,4,,46.377,-1.411,Nuit sans éclairage public,Hors agglomération,Hors intersection,Temps couvert,Sans collision,,,,,,,,,,,3,1,1,8,7
200700025597,0007-05-03 18:45:00,7,5,3,18,45,850,103,Rue du centre,,,Plein jour,En agglomération,Hors intersection,Normale,Deux véhicules - côté,,,,,,,,,,,1,2,1,1,3
200700025598,0007-05-10 07:30:00,7,5,10,7,30,330,56,,,,Plein jour,Hors agglomération,Hors intersection,Normale,Trois véhicules et plus - collisions multiples,,,,,,,,,,,1,1,1,1,5
200700025599,0007-05-18 18:50:00,7,5,18,18,50,330,236,Gnl. de Gaulle - Claouey,,,Plein jour,En agglomération,Hors intersection,Normale,Deux véhicules - arrière,,,,,,,,,,,1,2,1,1,2
200700025600,0007-05-20 02:30:00,7,5,20,2,30,330,376,,,,Nuit sans éclairage public,Hors agglomération,Hors intersection,Normale,Deux véhicules - arrière,,,,,,,,,,,3,1,1,1,2
200700025601,0007-05-09 18:45:00,7,5,9,18,45,330,233,Lieu dit La Garosse,,,Plein jour,En agglomération,Hors intersection,Normale,Deux véhicules - frontale,,,,,,,,,,,1,2,1,1,1
200700025602,0007-05-25 11:30:00,7,5,25,11,30,330,492,face au 59 avenue du Gén,,,Plein jour,En agglomération,Hors intersection,Normale,Deux véhicules - côté,,,,,,,,,,,1,2,1,1,3
200700025603,0007-05-15 19:45:00,7,5,15,19,45,330,3,rue de Pelet,44.956,-0.507,Plein jour,En agglomération,Intersection en X,Normale,Deux véhicules - côté,,,,,,,,,,,1,2,2,1,3
200700025604,0007-05-13 00:30:00,7,5,13,0,30,330,4,"D 113 - Pont de ""Gérème""",,,Nuit sans éclairage public,Hors agglomération,Hors intersection,Normale,Deux véhicules - frontale,,,,,,,,,,,3,1,1,1,1
200700025605,0007-05-17 09:30:00,7,5,17,9,30,330,433,,44.947,-0.456,Plein jour,Hors agglomération,Hors intersection,Pluie forte,Deux véhicules - frontale,,,,,,,,,,,1,1,1,3,1
200700025606,0007-05-01 21:00:00,7,5,1,21,0,330,93,,44.716,-0.325,Nuit sans éclairage public,Hors agglomération,Hors intersection,Pluie forte,Sans collision,,,,,,,,,,,3,1,1,3,7
200700025607,0007-05-20 13:30:00,7,5,20,13,30,330,30,,44.605,-0.308,Plein jour,Hors agglomération,Intersection en X,Normale,Deux véhicules - côté,,,,,,,,,,,1,1,2,1,3
200700025608,0007-05-24 17:45:00,7,5,24,17,45,330,327,rue du Maréchal Foch,44.659,-0.361,Plein jour,En agglomération,Intersection en T,Normale,Deux véhicules - frontale,,,,,,,,,,,1,2,3,1,1
200700025609,0007-05-05 15:30:00,7,5,5,15,30,330,533,Rue des Videaux,,,Plein jour,En agglomération,Hors intersection,Normale,Deux véhicules - frontale,,,,,,,,,,,1,2,1,1,1
200700025610,0007-05-14 18:00:00,7,5,14,18,0,330,484,cours gambetta,,,Plein jour,En agglomération,Hors intersection,Pluie légère,Deux véhicules - côté,,,,,,,,,,,1,2,1,2,3
200700025611,0007-05-19 11:15:00,7,5,19,11,15,330,506,D670,,,Plein jour,En agglomération,Hors intersection,Pluie légère,Deux véhicules - frontale,,,,,,,,,,,1,2,1,2,1
200700025612,0007-05-23 13:45:00,7,5,23,13,45,330,379,ld la gabillonerie,44.698,-0.146,Plein jour,En agglomération,Hors intersection,Normale,Deux véhicules - côté,,,,,,,,,,,1,2,1,1,3
200700025613,0007-05-10 12:15:00,7,5,10,12,15,330,240,route de BORDEAUX,45.308,-0.934,Plein jour,En agglomération,Hors intersection,Normale,Deux véhicules - frontale,,,,,,,,,,,1,2,1,1,1
200700025614,0007-05-13 15:15:00,7,5,13,15,15,330,494,,44.936,-0.852,Plein jour,Hors agglomération,Hors intersection,Normale,Sans collision,,,,,,,,,,,1,1,1,1,7
200700025615,0007-05-31 19:30:00,7,5,31,19,30,330,15,,44.894,-0.263,Plein jour,Hors agglomération,Intersection en X,Normale,Deux véhicules - côté,,,,,,,,,,,1,1,2,1,3
200700025616,0007-05-01 13:00:00,7,5,1,13,0,330,138,,45.04,-0.128,Plein jour,Hors agglomération,Hors intersection,Pluie légère,Deux véhicules - côté,,,,,,,,,,,1,1,1,2,3
200700025617,0007-05-02 13:45:00,7,5,2,13,45,330,138,Rue Pierre Brossolette,45.04,-0.13,Plein jour,En agglomération,Hors intersection,Normale,Deux véhicules - frontale,,,,,,,,,,,1,2,1,1,1
200700025618,0007-05-21 17:30:00,7,5,21,17,30,330,290,,44.927,-0.104,Plein jour,Hors agglomération,Hors intersection,Normale,Autre collision,,,,,,,,,,,1,1,1,1,6
200700025619,0007-05-30 19:00:00,7,5,30,19,0,330,261,Lieu dit Normand,44.959,-0.092,Crépuscule ou aube,En agglomération,Hors intersection,Temps couvert,Deux véhicules - frontale,,,,,,,,,,,2,2,1,8,1
200700025620,0007-05-01 18:30:00,7,5,1,18,30,330,407,,,,Plein jour,Hors agglomération,Hors intersection,Pluie forte,Deux véhicules - côté,,,,,,,,,,,1,1,1,3,3
200700025621,0007-05-02 14:45:00,7,5,2,14,45,330,219,,,,Plein jour,Hors agglomération,Hors intersection,Pluie légère,Deux véhicules - frontale,,,,,,,,,,,1,1,1,2,1