accident_id,datetime,annee,mois,jour,heure,minute,departement,commune_insee,adresse,latitude,longitude,luminosite,agglomeration,intersection,meteo,collision,nb_vehicules,nb_usagers,nb_indemnes,nb_tues,nb_blesses_hosp,nb_blesses_legers,age_cond_1,age_cond_2,veh_type_cond_1,veh_type_cond_2,lum_code,agg_code,int_code,atm_code,col_code
200700025622,0007-05-13 10:00:00,7,5,13,10,0,330,219,,44.982,-0.366,Plein jour,Hors agglomération,Hors intersection,Normale,Deux véhicules - frontale,,,,,,,,,,,1,1,1,1,1
200700025623,0007-05-12 18:00:00,7,5,12,18,0,240,270,,,,Plein jour,Hors agglomération,Hors intersection,Normale,Sans collision,,,,,,,,,,,1,1,1,1,7
200700025624,0007-05-14 15:00:00,7,5,14,15,0,240,571,e du marché de la Fraise,,,Plein jour,En agglomération,Hors intersection,Pluie légère,Deux véhicules - frontale,,,,,,,,,,,1,2,1,2,1
200700025625,0007-05-12 20:15:00,7,5,12,20,15,240,64,place du Générale DE GAU,,,Plein jour,En agglomération,Hors intersection,Normale,Autre collision,,,,,,,,,,,1,2,1,1,6
200700025626,0007-05-25 18:30:00,7,5,25,18,30,240,139,,45.146,0.672,Plein jour,Hors agglomération,Giratoire,Normale,Deux véhicules - côté,,,,,,,,,,,1,1,6,1,3
200700025627,0007-05-17 13:15:00,7,5,17,13,15,240,135,,45.267,0.803,Plein jour,Hors agglomération,Hors intersection,Pluie légère,Autre collision,,,,,,,,,,,1,1,1,2,6
200700025628,0007-05-23 19:15:00,7,5,23,19,15,240,527,,45.315,0.867,Plein jour,Hors agglomération,Hors intersection,Normale,Autre collision,,,,,,,,,,,1,1,1,1,6
200700025629,0007-05-05 19:00:00,7,5,5,19,0,240,182,,,,Plein jour,Hors agglomération,Hors intersection,Temps couvert,Autre collision,,,,,,,,,,,1,1,1,8,6
200700025630,0007-05-09 23:45:00,7,5,9,23,45,240,340,rue de la résistance,,,Nuit avec éclairage allumé,En agglomération,Hors intersection,Normale,Sans collision,,,,,,,,,,,5,2,1,1,7
200700025631,0007-05-09 17:30:00,7,5,9,17,30,240,413,,,,Plein jour,Hors agglomération,Intersection en X,Normale,Deux véhicules - côté,,,,,,,,,,,1,1,2,1,3
200700025632,0007-05-12 13:15:00,7,5,12,13,15,240,340,,,,Plein jour,Hors agglomération,Hors intersection,Normale,Autre collision,,,,,,,,,,,1,1,1,1,6
200700025633,0007-05-12 17:15:00,7,5,12,17,15,240,155,,,,Plein jour,Hors agglomération,Hors intersection,Normale,Trois véhicules et plus - en chaîne,,,,,,,,,,,1,1,1,1,4
200700025634,0007-05-20 07:00:00,7,5,20,7,0,240,77,,,,Plein jour,Hors agglomération,Hors intersection,Brouillard / fumée,Sans collision,,,,,,,,,,,1,1,1,5,7
200700025635,0007-05-20 09:15:00,7,5,20,9,15,240,499,Intersection VC 3-VC202,,,Plein jour,En agglomération,Intersection en Y,Normale,Deux véhicules - frontale,,,,,,,,,,,1,2,4,1,1
200700025636,0007-05-17 10:30:00,7,5,17,10,30,240,487,,44.867,0.314,Plein jour,Hors agglomération,Hors intersection,Pluie forte,Deux véhicules - côté,,,,,,,,,,,1,1,1,3,3
200700025637,0007-05-26 22:00:00,7,5,26,22,0,240,340,Lieu dit Les Galubes,,,Nuit sans éclairage public,Hors agglomération,Hors intersection,Temps couvert,Sans collision,,,,,,,,,,,3,1,1,8,7
200700025638,0007-05-01 08:30:00,7,5,1,8,30,240,193,,44.816,0.355,Plein jour,Hors agglomération,Intersection en X,Pluie forte,Deux véhicules - côté,,,,,,,,,,,1,1,2,3,3
200700025639,0007-05-11 20:00:00,7,5,11,20,0,240,331,,44.806,0.446,Crépuscule ou aube,Hors agglomération,Hors intersection,Normale,Deux véhicules - frontale,,,,,,,,,,,2,1,1,1,1
200700025640,0007-05-31 17:30:00,7,5,31,17,30,240,466,,44.878,0.016,Plein jour,Hors agglomération,Hors intersection,Normale,Autre collision,,,,,,,,,,,1,1,1,1,6
200700025641,0007-05-16 08:05:00,7,5,16,8,5,240,214,CD 75,,,Plein jour,En agglomération,Hors intersection,Pluie légère,Deux véhicules - frontale,,,,,,,,,,,1,2,1,2,1
200700025642,0007-05-17 20:30:00,7,5,17,20,30,240,171,,,,Crépuscule ou aube,Hors agglomération,Hors intersection,Pluie légère,Autre collision,,,,,,,,,,,2,1,1,2,6
200700025643,0007-05-18 14:00:00,7,5,18,14,0,240,551,,,,Plein jour,En agglomération,Hors intersection,Normale,Deux véhicules - côté,,,,,,,,,,,1,2,1,1,3
200700025644,0007-05-22 17:45:00,7,5,22,17,45,240,520,,,,Plein jour,Hors agglomération,Hors intersection,Normale,Deux véhicules - frontale,,,,,,,,,,,1,1,1,1,1
200700025645,0007-05-04 13:45:00,7,5,4,13,45,240,547,Avenue Victor Hugo,45.135,1.292,Plein jour,En agglomération,Hors intersection,Normale,Deux véhicules - côté,,,,,,,,,,,1,2,1,1,3
200700025646,0007-05-17 14:30:00,7,5,17,14,30,400,178,Avenue des Ecoles,,,Plein jour,En agglomération,Hors intersection,Normale,Autre collision,,,,,,,,,,,1,2,1,1,6
200700025647,0007-05-11 03:45:00,7,5,11,3,45,400,31,,,,Nuit avec éclairage non allumé,Hors agglomération,Hors intersection,Normale,Deux véhicules - côté,,,,,,,,,,,4,1,1,1,3
200700025648,0007-05-20 01:15:00,7,5,20,1,15,400,116,,43.772,-0.765,Nuit sans éclairage public,Hors agglomération,Hors intersection,Pluie légère,Autre collision,,,,,,,,,,,3,1,1,2,6
200700025649,0007-05-24 16:45:00,7,5,24,16,45,400,31,,43.836,-0.836,Plein jour,Hors agglomération,Hors intersection,Normale,Autre collision,,,,,,,,,,,1,1,1,1,6
200700025650,0007-05-09 17:15:00,7,5,9,17,15,400,314,,43.683,-1.093,Plein jour,Hors agglomération,Intersection en T,Normale,Deux véhicules - côté,,,,,,,,,,,1,1,3,1,3
200700025651,0007-05-29 16:45:00,7,5,29,16,45,400,334,,43.712,-1.015,Plein jour,Hors agglomération,Hors intersection,Normale,Deux véhicules - côté,,,,,,,,,,,1,1,1,1,3
200700025652,0007-05-30 16:00:00,7,5,30,16,0,400,155,CD 382,43.921,-1.277,Plein jour,Hors agglomération,Hors intersection,Normale,Autre collision,,,,,,,,,,,1,1,1,1,6
200700025653,0007-05-27 12:20:00,7,5,27,12,20,400,74,chemin du Pouy CV n° 17,,,Plein jour,En agglomération,Hors intersection,Normale,Deux véhicules - frontale,,,,,,,,,,,1,2,1,1,1
200700025654,0007-05-13 20:15:00,7,5,13,20,15,400,59,,43.614,-1.059,Plein jour,Hors agglomération,Hors intersection,Normale,Deux véhicules - frontale,,,,,,,,,,,1,1,1,1,1
200700025655,0007-05-18 03:30:00,7,5,18,3,30,400,77,,43.551,-1.064,Nuit sans éclairage public,En agglomération,Hors intersection,Pluie légère,Sans collision,,,,,,,,,,,3,2,1,2,7
200700025656,0007-05-08 11:30:00,7,5,8,11,30,400,264,,,,Plein jour,Hors agglomération,Hors intersection,Normale,Autre collision,,,,,,,,,,,1,1,1,1,6
200700025657,0007-05-18 15:15:00,7,5,18,15,15,400,310,,,,Plein jour,Hors agglomération,Hors intersection,Normale,Autre collision,,,,,,,,,,,1,1,1,1,6
200700025658,0007-05-20 17:00:00,7,5,20,17,0,400,287,avenue du born,,,Plein jour,En agglomération,Hors intersection,Normale,Deux véhicules - côté,,,,,,,,,,,1,2,1,1,3
200700025659,0007-05-27 19:30:00,7,5,27,19,30,400,217,Rte de Pontenx les Forge,,,Plein jour,En agglomération,Hors intersection,Normale,Deux véhicules - frontale,,,,,,,,,,,1,2,1,1,1
200700025660,0007-05-10 17:15:00,7,5,10,17,15,400,182,CD38 - ROUTE D'ESCOURCE,,,Plein jour,Hors agglomération,Hors intersection,Normale,Autre collision,,,,,,,,,,,1,1,1,1,6
200700025661,0007-05-24 13:45:00,7,5,24,13,45,400,96,CD933,,,Plein jour,En agglomération,Hors intersection,Normale,Deux véhicules - frontale,,,,,,,,,,,1,2,1,1,1
200700025662,0007-05-26 13:00:00,7,5,26,13,0,470,40,CD119 CENTRE COMMERCIAL,,,Plein jour,En agglomération,Hors intersection,Pluie légère,Deux véhicules - côté,,,,,,,,,,,1,2,1,2,3
200700025663,0007-05-26 12:00:00,7,5,26,12,0,470,209,,44.238,0.688,Plein jour,Hors agglomération,Hors intersection,Pluie forte,Trois véhicules et plus - en chaîne,,,,,,,,,,,1,1,1,3,4
200700025664,0007-05-31 13:30:00,7,5,31,13,30,470,40,avenue des Landes,44.206,0.552,Plein jour,En agglomération,Intersection à plus de 4 branches,Normale,Deux véhicules - côté,,,,,,,,,,,1,2,5,1,3
200700025665,0007-05-12 13:00:00,7,5,12,13,0,470,4,,,,Plein jour,Hors agglomération,Hors intersection,Normale,Deux véhicules - frontale,,,,,,,,,,,1,1,1,1,1
200700025666,0007-05-20 13:15:00,7,5,20,13,15,470,75,,,,Plein jour,Hors agglomération,Hors intersection,Normale,Deux véhicules - frontale,,,,,,,,,,,1,1,1,1,1
200700025667,0007-05-21 14:30:00,7,5,21,14,30,470,248,,44.16,0.731,Plein jour,Hors agglomération,Hors intersection,Normale,Autre collision,,,,,,,,,,,1,1,1,1,6
200700025668,0007-05-03 11:30:00,7,5,3,11,30,470,3,,,,Plein jour,Hors agglomération,Hors intersection,Normale,Deux véhicules - frontale,,,,,,,,,,,1,1,1,1,1
200700025669,0007-05-22 13:45:00,7,5,22,13,45,470,233,,,,Plein jour,Hors agglomération,Hors intersection,Normale,Trois véhicules et plus - en chaîne,,,,,,,,,,,1,1,1,1,4
200700025670,0007-05-28 08:55:00,7,5,28,8,55,470,121,Lieu dit BAUDRIN,,,Plein jour,Hors agglomération,Hors intersection,Pluie légère,Autre collision,,,,,,,,,,,1,1,1,2,6
200700025671,0007-05-08 12:45:00,7,5,8,12,45,470,298,,,,Plein jour,Hors agglomération,Hors intersection,Normale,Autre collision,,,,,,,,,,,1,1,1,1,6
200700025672,0007-05-12 18:30:00,7,5,12,18,30,470,52,rue du stade,,,Crépuscule ou aube,En agglomération,Hors intersection,Normale,Deux véhicules - frontale,,,,,,,,,,,2,2,1,1,1
200700025673,0007-05-27 05:30:00,7,5,27,5,30,470,52,,44.335,0.098,Nuit sans éclairage public,Hors agglomération,Hors intersection,Normale,Autre collision,,,,,,,,,,,3,1,1,1,6
200700025674,0007-05-11 07:15:00,7,5,11,7,15,470,17,,,,Plein jour,Hors agglomération,Hors intersection,Normale,Deux véhicules - côté,,,,,,,,,,,1,1,1,1,3
200700025675,0007-05-17 10:45:00,7,5,17,10,45,470,280,Rue Marignes,,,Plein jour,En agglomération,Hors intersection,Temps couvert,Deux véhicules - frontale,,,,,,,,,,,1,2,1,8,1
200700025676,0007-05-10 17:15:00,7,5,10,17,15,470,185,,,,Plein jour,Hors agglomération,Hors intersection,Normale,Deux véhicules - frontale,,,,,,,,,,,1,1,1,1,1
200700025677,0007-05-15 11:00:00,7,5,15,11,0,470,185,,,,Plein jour,En agglomération,Giratoire,Normale,Autre collision,,,,,,,,,,,1,2,6,1,6
200700025678,0007-05-29 15:45:00,7,5,29,15,45,470,312,,,,Plein jour,Hors agglomération,Hors intersection,Normale,Deux véhicules - côté,,,,,,,,,,,1,1,1,1,3
200700025679,0007-05-28 02:15:00,7,5,28,2,15,470,6,,,,Nuit sans éclairage public,Hors agglomération,Hors intersection,Temps couvert,Autre collision,,,,,,,,,,,3,1,1,8,6
200700025680,0007-05-31 09:30:00,7,5,31,9,30,640,488,,,,Plein jour,Hors agglomération,Intersection en X,Normale,Deux véhicules - côté,,,,,,,,,,,1,1,2,1,3
200700025681,0007-05-13 07:45:00,7,5,13,7,45,640,374,,,,Plein jour,Hors agglomération,Hors intersection,Normale,Deux véhicules - arrière,,,,,,,,,,,1,1,1,1,2
200700025682,0007-05-22 09:45:00,7,5,22,9,45,640,94,,43.47,-1.261,Plein jour,Hors agglomération,Hors intersection,Normale,Deux véhicules - frontale,,,,,,,,,,,1,1,1,1,1
200700025683,0007-05-07 12:45:00,7,5,7,12,45,640,350,,43.308,-1.35,Plein jour,Hors agglomération,Hors intersection,Pluie légère,Autre collision,,,,,,,,,,,1,1,1,2,6
200700025684,0007-05-20 21:00:00,7,5,20,21,0,640,436,,,,Crépuscule ou aube,Hors agglomération,Hors intersection,Pluie légère,Sans collision,,,,,,,,,,,2,1,1,2,7
200700025685,0007-05-25 10:30:00,7,5,25,10,30,640,124,,43.275,-1.346,Plein jour,Hors agglomération,Hors intersection,Normale,Deux véhicules - côté,,,,,,,,,,,1,1,1,1,3
200700025686,0007-05-08 11:30:00,7,5,8,11,30,640,506,,43.045,-0.606,Plein jour,Hors agglomération,Autre intersection,Normale,Sans collision,,,,,,,,,,,1,1,9,1,7
200700025687,0007-05-28 17:00:00,7,5,28,17,0,640,430,,43.516,-0.777,Plein jour,Hors agglomération,Hors intersection,Pluie forte,Sans collision,,,,,,,,,,,1,1,1,3,7
200700025688,0007-05-15 18:45:00,7,5,15,18,45,640,288,,,,Plein jour,Hors agglomération,Hors intersection,Normale,Deux véhicules - côté,,,,,,,,,,,1,1,1,1,3
200700025689,0007-05-10 16:00:00,7,5,10,16,0,640,4,,,,Plein jour,Hors agglomération,Hors intersection,Normale,Deux véhicules - frontale,,,,,,,,,,,1,1,1,1,1
200700025690,0007-05-12 22:15:00,7,5,12,22,15,860,226,,46.563,0.486,Nuit sans éclairage public,Hors agglomération,Hors intersection,Normale,Deux véhicules - frontale,,,,,,,,,,,3,1,1,1,1
200700025691,0007-05-13 17:07:00,7,5,13,17,7,860,62,parking de la gare,,,Plein jour,En agglomération,Hors intersection,Normale,Sans collision,,,,,,,,,,,1,2,1,1,7
200700025692,0007-05-08 21:30:00,7,5,8,21,30,860,293,,,,Nuit sans éclairage public,Hors agglomération,Hors intersection,Normale,Deux véhicules - arrière,,,,,,,,,,,3,1,1,1,2
200700025693,0007-05-14 15:30:00,7,5,14,15,30,860,213,,,,Plein jour,Hors agglomération,Hors intersection,Pluie légère,Sans collision,,,,,,,,,,,1,1,1,2,7
200700025694,0007-05-14 16:45:00,7,5,14,16,45,860,213,,,,Plein jour,Hors agglomération,Hors intersection,Pluie légère,Sans collision,,,,,,,,,,,1,1,1,2,7
200700025695,0007-05-13 00:15:00,7,5,13,0,15,860,294,24 RUE GAMBETTA,,,Nuit sans éclairage public,En agglomération,Hors intersection,Normale,Deux véhicules - frontale,,,,,,,,,,,3,2,1,1,1
200700025696,0007-05-13 01:15:00,7,5,13,1,15,860,76,,,,Nuit sans éclairage public,Hors agglomération,Hors intersection,Normale,Deux véhicules - arrière,,,,,,,,,,,3,1,1,1,2
200700025697,0007-05-16 08:00:00,7,5,16,8,0,860,166,,,,Plein jour,Hors agglomération,Hors intersection,Pluie légère,Autre collision,,,,,,,,,,,1,1,1,2,6
200700025698,0007-05-17 18:30:00,7,5,17,18,30,860,281,7 route de Poitiers,46.739,0.309,Plein jour,En agglomération,Hors intersection,Normale,Autre collision,,,,,,,,,,,1,2,1,1,6
200700025699,0007-05-28 17:50:00,7,5,28,17,50,860,208,CARREFOUR D30/D92,,,Plein jour,Hors agglomération,Hors intersection,Temps couvert,Deux véhicules - côté,,,,,,,,,,,1,1,1,8,3
200700025700,0007-05-18 14:45:00,7,5,18,14,45,860,19,Rue de la Croix Bourbon,,,Plein jour,En agglomération,Hors intersection,Normale,Deux véhicules - arrière,,,,,,,,,,,1,2,1,1,2
200700025701,0007-05-19 07:45:00,7,5,19,7,45,860,92,Avenue de l' Europe,,,Plein jour,En agglomération,Hors intersection,Normale,Deux véhicules - frontale,,,,,,,,,,,1,2,1,1,1
200700025702,0007-05-04 16:30:00,7,5,4,16,30,860,128,,,,Plein jour,Hors agglomération,Intersection en X,Normale,Deux véhicules - côté,,,,,,,,,,,1,1,2,1,3
200700025703,0007-05-04 07:30:00,7,5,4,7,30,860,225,"u dit ""Bonnaïde""  C.D 15",,,Plein jour,Hors agglomération,Hors intersection,Normale,Autre collision,,,,,,,,,,,1,1,1,1,6
200700025704,0007-05-25 16:30:00,7,5,25,16,30,860,5,,,,Plein jour,Hors agglomération,Hors intersection,Pluie légère,Deux véhicules - frontale,,,,,,,,,,,1,1,1,2,1
200700025705,0007-05-25 16:30:00,7,5,25,16,30,860,286,,,,Plein jour,Hors agglomération,Hors intersection,Normale,Autre collision,,,,,,,,,,,1,1,1,1,6
200700025706,0007-05-06 15:00:00,7,5,6,15,0,860,191,Lieu-dit Graillé,,,Plein jour,Hors agglomération,Hors intersection,Normale,Sans collision,,,,,,,,,,,1,1,1,1,7
200700025707,0007-05-11 19:15:00,7,5,11,19,15,860,165,Avenue du Général De Gau,46.424,0.87,Plein jour,En agglomération,Hors intersection,Temps couvert,Deux véhicules - côté,,,,,,,,,,,1,2,1,8,3
200700025708,0007-05-05 00:45:00,7,5,5,0,45,860,70,Côte de Peuron,46.563,0.632,Nuit sans éclairage public,Hors agglomération,Hors intersection,Normale,Trois véhicules et plus - en chaîne,,,,,,,,,,,3,1,1,1,4
200700025709,0007-05-06 22:50:00,7,5,6,22,50,860,289,La Ferrandière,,,Nuit sans éclairage public,Hors agglomération,Hors intersection,Normale,Autre collision,,,,,,,,,,,3,1,1,1,6
200700025710,0007-05-06 18:15:00,7,5,6,18,15,860,285,,46.413,0.584,Plein jour,Hors agglomération,Hors intersection,Normale,Sans collision,,,,,,,,,,,1,1,1,1,7
200700025711,0007-05-27 21:30:00,7,5,27,21,30,860,273,,,,Crépuscule ou aube,Hors agglomération,Hors intersection,Normale,Autre collision,,,,,,,,,,,2,1,1,1,6
200700025712,0007-05-04 21:00:00,7,5,4,21,0,160,260,,,,Crépuscule ou aube,Hors agglomération,Hors intersection,Normale,Sans collision,,,,,,,,,,,2,1,1,1,7
200700025713,0007-05-27 00:30:00,7,5,27,0,30,160,193,Le Pallain,45.718,-0.413,Nuit sans éclairage public,En agglomération,Hors intersection,Normale,Autre collision,,,,,,,,,,,3,2,1,1,6
200700025714,0007-05-12 05:45:00,7,5,12,5,45,160,30,,,,Nuit sans éclairage public,Hors agglomération,Hors intersection,Normale,Autre collision,,,,,,,,,,,3,1,1,1,6
200700025715,0007-05-11 20:30:00,7,5,11,20,30,160,202,,45.671,-0.186,Crépuscule ou aube,Hors agglomération,Hors intersection,Pluie légère,Autre collision,,,,,,,,,,,2,1,1,2,6
200700025716,0007-05-26 23:15:00,7,5,26,23,15,160,386,,45.545,-0.167,Nuit sans éclairage public,Hors agglomération,Hors intersection,Pluie légère,Autre collision,,,,,,,,,,,3,1,1,2,6
200700025717,0007-05-07 12:30:00,7,5,7,12,30,160,110,,,,Plein jour,Hors agglomération,Hors intersection,Temps couvert,Sans collision,,,,,,,,,,,1,1,1,8,7
200700025718,0007-05-23 22:15:00,7,5,23,22,15,160,268,,,,Nuit sans éclairage public,Hors agglomération,Hors intersection,Normale,Sans collision,,,,,,,,,,,3,1,1,1,7
200700025719,0007-05-01 15:45:00,7,5,1,15,45,160,281,,45.75,0.38,Plein jour,Hors agglomération,Intersection en T,Normale,Deux véhicules - arrière,,,,,,,,,,,1,1,3,1,2
200700025720,0007-05-14 13:45:00,7,5,14,13,45,160,371,,,,Plein jour,Hors agglomération,Hors intersection,Temps couvert,Sans collision,,,,,,,,,,,1,1,1,8,7
200700025721,0007-05-03 17:30:00,7,5,3,17,30,170,218,Quai des fusillers marin,46.31,-0.99,Plein jour,En agglomération,Intersection en T,Normale,Deux véhicules - côté,,,,,,,,,,,1,2,3,1,3
200700025722,0007-05-11 12:00:00,7,5,11,12,0,170,218,Face 59 Bis Rue d'aligre,46.314,-0.991,Plein jour,En agglomération,Hors intersection,Normale,Autre collision,,,,,,,,,,,1,2,1,1,6
200700025723,0007-05-08 05:20:00,7,5,8,5,20,170,51,54 rue de la Grange,,,Nuit avec éclairage allumé,En agglomération,Hors intersection,Normale,Autre collision,,,,,,,,,,,5,2,1,1,6
200700025724,0007-05-16 11:15:00,7,5,16,11,15,170,360,,46.176,-1.327,Plein jour,Hors agglomération,Hors intersection,Normale,Sans collision,,,,,,,,,,,1,1,1,1,7
200700025725,0007-05-20 10:00:00,7,5,20,10,0,170,316,CD2 - Rue principale,45.448,-0.295,Plein jour,En agglomération,Hors intersection,Normale,Deux véhicules - côté,,,,,,,,,,,1,2,1,1,3
200700025726,0007-05-27 00:15:00,7,5,27,0,15,170,99,,45.271,-0.34,Nuit sans éclairage public,Hors agglomération,Hors intersection,Normale,Deux véhicules - arrière,,,,,,,,,,,3,1,1,1,2
200700025727,0007-05-15 08:30:00,7,5,15,8,30,170,260,,45.249,-0.202,Plein jour,Hors agglomération,Hors intersection,Normale,Deux véhicules - côté,,,,,,,,,,,1,1,1,1,3
200700025728,0007-05-05 16:00:00,7,5,5,16,0,170,58,Z.A.C du Riveau,,,Plein jour,Hors agglomération,Hors intersection,Normale,Deux véhicules - arrière,,,,,,,,,,,1,1,1,1,2
200700025729,0007-05-26 18:15:00,7,5,26,18,15,170,93,Avenue d'Antioche,,,Plein jour,En agglomération,Hors intersection,Normale,Deux véhicules - arrière,,,,,,,,,,,1,2,1,1,2
200700025730,0007-05-29 17:00:00,7,5,29,17,0,170,486,CD273E1,,,Plein jour,En agglomération,Hors intersection,Pluie forte,Deux véhicules - frontale,,,,,,,,,,,1,2,1,3,1
200700025731,0007-05-31 01:15:00,7,5,31,1,15,170,225,,45.708,-1.166,Nuit sans éclairage public,Hors agglomération,Hors intersection,Normale,Autre collision,,,,,,,,,,,3,1,1,1,6
200700025732,0007-05-21 00:01:00,7,5,21,0,1,170,253,ale n° 13 - l'Ile d'Albe,,,Nuit sans éclairage public,Hors agglomération,Hors intersection,Pluie légère,Deux véhicules - frontale,,,,,,,,,,,3,1,1,2,1
200700025733,0007-05-21 08:30:00,7,5,21,8,30,170,174,,46.037,-0.761,Plein jour,Hors agglomération,Intersection en X,Normale,Deux véhicules - côté,,,,,,,,,,,1,1,2,1,3
200700025734,0007-05-03 14:00:00,7,5,3,14,0,170,434,1 rue de la Billeterie,,,Plein jour,En agglomération,Hors intersection,Normale,Deux véhicules - frontale,,,,,,,,,,,1,2,1,1,1
200700025735,0007-05-08 20:30:00,7,5,8,20,30,170,3,,,,Plein jour,En agglomération,Hors intersection,Normale,Autre collision,,,,,,,,,,,1,2,1,1,6
200700025736,0007-05-16 10:45:00,7,5,16,10,45,170,434,,46.175,-0.695,Plein jour,Hors agglomération,Intersection en X,Normale,Deux véhicules - côté,,,,,,,,,,,1,1,2,1,3
200700025737,0007-05-31 12:45:00,7,5,31,12,45,170,434,,,,Plein jour,En agglomération,Hors intersection,Pluie légère,Deux véhicules - frontale,,,,,,,,,,,1,2,1,2,1
200700025738,0007-05-25 18:00:00,7,5,25,18,0,170,431,,,,Plein jour,En agglomération,Hors intersection,Normale,Deux véhicules - côté,,,,,,,,,,,1,2,1,1,3
200700025739,0007-05-01 14:15:00,7,5,1,14,15,170,347,allée d'aussy,,,Plein jour,En agglomération,Intersection en X,Pluie légère,Deux véhicules - côté,,,,,,,,,,,1,2,2,2,3
200700025740,0007-05-26 23:30:00,7,5,26,23,30,170,211,CD 150,,,Nuit sans éclairage public,En agglomération,Hors intersection,Temps couvert,Autre collision,,,,,,,,,,,3,2,1,8,6
200700025741,0007-05-09 18:45:00,7,5,9,18,45,790,334,,46.182,-0.606,Plein jour,Hors agglomération,Intersection en X,Normale,Deux véhicules - côté,,,,,,,,,,,1,1,2,1,3
200700025742,0007-05-14 15:00:00,7,5,14,15,0,790,78,,46.151,-0.487,Plein jour,Hors agglomération,Hors intersection,Normale,Deux véhicules - frontale,,,,,,,,,,,1,1,1,1,1
200700025743,0007-05-18 08:00:00,7,5,18,8,0,790,125,r CD 106 ET Rue du Stade,46.235,-0.398,Plein jour,Hors agglomération,Hors intersection,Brouillard / fumée,Deux véhicules - frontale,,,,,,,,,,,1,1,1,5,1
200700025744,0007-05-21 02:00:00,7,5,21,2,0,790,355,,46.308,-0.339,Nuit sans éclairage public,Hors agglomération,Hors intersection,Temps couvert,Autre collision,,,,,,,,,,,3,1,1,8,6
200700025745,0007-05-31 15:15:00,7,5,31,15,15,790,201,,,,Plein jour,Hors agglomération,Hors intersection,Normale,Deux véhicules - frontale,,,,,,,,,,,1,1,1,1,1
200700025746,0007-05-31 17:30:00,7,5,31,17,30,790,114,,46.428,-0.19,Plein jour,Hors agglomération,Hors intersection,Normale,Deux véhicules - arrière,,,,,,,,,,,1,1,1,1,2
200700025747,0007-05-30 11:00:00,7,5,30,11,0,790,49,route de  Nantes,,,Plein jour,En agglomération,Hors intersection,Normale,Deux véhicules - frontale,,,,,,,,,,,1,2,1,1,1
200700025748,0007-05-04 23:00:00,7,5,4,23,0,790,62,Rue des pierrères,46.829,-0.665,Nuit avec éclairage allumé,En agglomération,Intersection en Y,Normale,Deux véhicules - frontale,,,,,,,,,,,5,2,4,1,1
200700025749,0007-05-25 13:10:00,7,5,25,13,10,790,289,Lieu-dit l'Houchette,,,Plein jour,Hors agglomération,Hors intersection,Pluie forte,Deux véhicules - frontale,,,,,,,,,,,1,1,1,3,1
200700025750,0007-05-05 03:45:00,7,5,5,3,45,790,178,9 rue de la pompe,,,Nuit sans éclairage public,En agglomération,Hors intersection,Normale,Autre collision,,,,,,,,,,,3,2,1,1,6
200700025751,0007-05-06 13:45:00,7,5,6,13,45,790,174,,46.208,-0.093,Plein jour,Hors agglomération,Intersection en X,Normale,Deux véhicules - côté,,,,,,,,,,,1,1,2,1,3
200700025752,0007-05-05 18:30:00,7,5,5,18,30,790,285,,46.576,-0.337,Plein jour,Hors agglomération,Hors intersection,Normale,Deux véhicules - frontale,,,,,,,,,,,1,1,1,1,1
200700025753,0007-05-27 22:45:00,7,5,27,22,45,790,156,,,,Nuit sans éclairage public,Hors agglomération,Hors intersection,Pluie forte,Trois véhicules et plus - collisions multiples,,,,,,,,,,,3,1,1,3,5
200700025754,0007-05-10 19:45:00,7,5,10,19,45,870,176,,,,Crépuscule ou aube,Hors agglomération,Hors intersection,Normale,Deux véhicules - frontale,,,,,,,,,,,2,1,1,1,1
200700025755,0007-05-30 06:45:00,7,5,30,6,45,870,32,,45.635,0.987,Crépuscule ou aube,Hors agglomération,Hors intersection,Normale,Autre collision,,,,,,,,,,,2,1,1,1,6
200700025756,0007-05-24 23:30:00,7,5,24,23,30,870,28,,46.213,0.916,Nuit sans éclairage public,Hors agglomération,Hors intersection,Normale,Trois véhicules et plus - collisions multiples,,,,,,,,,,,3,1,1,1,5
200700025757,0007-05-28 11:30:00,7,5,28,11,30,870,12,,46.098,1.082,Plein jour,Hors agglomération,Hors intersection,Pluie légère,Trois véhicules et plus - collisions multiples,,,,,,,,,,,1,1,1,2,5
200700025758,0007-05-11 07:45:00,7,5,11,7,45,870,33,le moulin de taillac,,,Plein jour,Hors agglomération,Intersection en X,Autre,Trois véhicules et plus - en chaîne,,,,,,,,,,,1,1,2,9,4
200700025759,0007-05-31 03:45:00,7,5,31,3,45,870,87,,46.341,1.199,Nuit sans éclairage public,Hors agglomération,Hors intersection,Normale,Autre collision,,,,,,,,,,,3,1,1,1,6
200700025760,0007-05-11 08:15:00,7,5,11,8,15,870,140,,45.907,0.996,Crépuscule ou aube,Hors agglomération,Hors intersection,Normale,Deux véhicules - arrière,,,,,,,,,,,2,1,1,1,2