accident_id,datetime,annee,mois,jour,heure,minute,departement,commune_insee,adresse,latitude,longitude,luminosite,agglomeration,intersection,meteo,collision,nb_vehicules,nb_usagers,nb_indemnes,nb_tues,nb_blesses_hosp,nb_blesses_legers,age_cond_1,age_cond_2,veh_type_cond_1,veh_type_cond_2,lum_code,agg_code,int_code,atm_code,col_code
200700025901,0007-05-22 07:15:00,7,5,22,7,15,690,131,,,,Plein jour,Hors agglomération,Intersection en X,Normale,Deux véhicules - côté,,,,,,,,,,,1,1,2,1,3
200700025902,0007-05-07 15:30:00,7,5,7,15,30,690,74,,,,Plein jour,Hors agglomération,Hors intersection,Normale,Sans collision,,,,,,,,,,,1,1,1,1,7
200700025903,0007-05-11 10:00:00,7,5,11,10,0,690,151,LE MAILLARD,,,Plein jour,Hors agglomération,Hors intersection,Normale,Autre collision,,,,,,,,,,,1,1,1,1,6
200700025904,0007-05-23 14:30:00,7,5,23,14,30,690,74,,,,Plein jour,Hors agglomération,Hors intersection,Normale,Deux véhicules - frontale,,,,,,,,,,,1,1,1,1,1
200700025905,0007-05-14 19:30:00,7,5,14,19,30,690,121,,,,Plein jour,Hors agglomération,Hors intersection,Pluie légère,Autre collision,,,,,,,,,,,1,1,1,2,6
200700025906,0007-05-06 01:30:00,7,5,6,1,30,690,18,,46.148,4.602,Nuit sans éclairage public,Hors agglomération,Hors intersection,Normale,Autre collision,,,,,,,,,,,3,1,1,1,6
200700025907,0007-05-28 05:15:00,7,5,28,5,15,690,2,,46.28,4.432,Crépuscule ou aube,Hors agglomération,Hors intersection,Normale,Sans collision,,,,,,,,,,,2,1,1,1,7
200700025908,0007-05-01 13:30:00,7,5,1,13,30,690,211,,46.131,4.713,Plein jour,Hors agglomération,Hors intersection,Normale,Trois véhicules et plus - collisions multiples,,,,,,,,,,,1,1,1,1,5
200700025909,0007-05-10 19:45:00,7,5,10,19,45,690,19,ROUTE DE CHARENTAY,46.11,4.72,Plein jour,En agglomération,Hors intersection,Normale,Autre collision,,,,,,,,,,,1,2,1,1,6
200700025910,0007-05-21 16:45:00,7,5,21,16,45,690,19,RUE DE LA REPUBLIQUE,46.113,4.751,Plein jour,En agglomération,Hors intersection,Normale,Deux véhicules - côté,,,,,,,,,,,1,2,1,1,3
200700025911,0007-05-24 08:45:00,7,5,24,8,45,690,19,RUE DE LA REPUBLIQUE,46.114,4.743,Plein jour,En agglomération,Hors intersection,Normale,Deux véhicules - côté,,,,,,,,,,,1,2,1,1,3
200700025912,0007-05-23 19:15:00,7,5,23,19,15,690,19,BD GAMBETTA,46.112,4.734,Plein jour,En agglomération,Hors intersection,Normale,Sans collision,,,,,,,,,,,1,2,1,1,7
200700025913,0007-05-01 17:30:00,7,5,1,17,30,690,111,,,,Plein jour,Hors agglomération,Hors intersection,Normale,Deux véhicules - arrière,,,,,,,,,,,1,1,1,1,2
200700025914,0007-05-01 22:15:00,7,5,1,22,15,690,234,,,,Nuit sans éclairage public,Hors agglomération,Hors intersection,Normale,Deux véhicules - frontale,,,,,,,,,,,3,1,1,1,1
200700025915,0007-05-05 05:00:00,7,5,5,5,0,690,225,CD 338 E,,,Crépuscule ou aube,Hors agglomération,Hors intersection,Pluie légère,Sans collision,,,,,,,,,,,2,1,1,2,7
200700025916,0007-05-08 13:00:00,7,5,8,13,0,690,169,,,,Plein jour,Hors agglomération,Hors intersection,Pluie légère,Autre collision,,,,,,,,,,,1,1,1,2,6
200700025917,0007-05-10 12:00:00,7,5,10,12,0,10,254,,,,Plein jour,Hors agglomération,Hors intersection,Normale,Trois véhicules et plus - collisions multiples,,,,,,,,,,,1,1,1,1,5
200700025918,0007-05-06 19:30:00,7,5,6,19,30,10,127,,,,Plein jour,Hors agglomération,Hors intersection,Normale,Deux véhicules - côté,,,,,,,,,,,1,1,1,1,3
200700025919,0007-05-09 18:15:00,7,5,9,18,15,10,245,,,,Plein jour,Hors agglomération,Intersection en X,Normale,Deux véhicules - côté,,,,,,,,,,,1,1,2,1,3
200700025920,0007-05-11 11:30:00,7,5,11,11,30,10,437,,46.474,5.018,Plein jour,En agglomération,Intersection en X,Normale,Deux véhicules - côté,,,,,,,,,,,1,2,2,1,3
200700025921,0007-05-14 22:00:00,7,5,14,22,0,10,445,,46.348,5.322,Nuit sans éclairage public,Hors agglomération,Hors intersection,Pluie forte,Sans collision,,,,,,,,,,,3,1,1,3,7
200700025922,0007-05-04 12:30:00,7,5,4,12,30,10,68,,,,Plein jour,Hors agglomération,Hors intersection,Normale,Autre collision,,,,,,,,,,,1,1,1,1,6
200700025923,0007-05-06 18:00:00,7,5,6,18,0,10,302,,,,Plein jour,En agglomération,Hors intersection,Pluie légère,Autre collision,,,,,,,,,,,1,2,1,2,6
200700025924,0007-05-05 10:30:00,7,5,5,10,30,10,185,,,,Plein jour,Hors agglomération,Hors intersection,Pluie forte,Autre collision,,,,,,,,,,,1,1,1,3,6
200700025925,0007-05-05 18:30:00,7,5,5,18,30,10,4,avenue de le libération,,,Plein jour,En agglomération,Hors intersection,Pluie forte,Autre collision,,,,,,,,,,,1,2,1,3,6
200700025926,0007-05-23 15:30:00,7,5,23,15,30,10,345,,45.949,5.323,Plein jour,Hors agglomération,Hors intersection,Normale,Trois véhicules et plus - en chaîne,,,,,,,,,,,1,1,1,1,4
200700025927,0007-05-22 19:45:00,7,5,22,19,45,10,41,,,,Crépuscule ou aube,Hors agglomération,Hors intersection,Normale,Deux véhicules - frontale,,,,,,,,,,,2,1,1,1,1
200700025928,0007-05-11 07:15:00,7,5,11,7,15,10,240,,,,Plein jour,Hors agglomération,Hors intersection,Normale,Deux véhicules - frontale,,,,,,,,,,,1,1,1,1,1
200700025929,0007-05-19 20:00:00,7,5,19,20,0,10,267,rue de la fontaine,,,Plein jour,En agglomération,Hors intersection,Normale,Deux véhicules - côté,,,,,,,,,,,1,2,1,1,3
200700025930,0007-05-29 12:45:00,7,5,29,12,45,10,192,rue du Stade,,,Plein jour,En agglomération,Hors intersection,Normale,Deux véhicules - frontale,,,,,,,,,,,1,2,1,1,1
200700025931,0007-05-20 00:15:00,7,5,20,0,15,10,91,"lieu-dit ""Ochiaz""",,,Nuit avec éclairage allumé,En agglomération,Autre intersection,Normale,Autre collision,,,,,,,,,,,5,2,9,1,6
200700025932,0007-05-09 21:30:00,7,5,9,21,30,10,153,CARREFOUR MATHIEU,,,Plein jour,En agglomération,Hors intersection,Normale,Deux véhicules - côté,,,,,,,,,,,1,2,1,1,3
200700025933,0007-05-22 16:45:00,7,5,22,16,45,10,313,ROUTE DE FERNEY,,,Plein jour,En agglomération,Hors intersection,Normale,Deux véhicules - côté,,,,,,,,,,,1,2,1,1,3
200700025934,0007-05-29 23:00:00,7,5,29,23,0,10,399,D1005,,,Nuit avec éclairage allumé,En agglomération,Hors intersection,Normale,Deux véhicules - frontale,,,,,,,,,,,5,2,1,1,1
200700025935,0007-05-07 10:30:00,7,5,7,10,30,10,419,,,,Plein jour,Hors agglomération,Hors intersection,Normale,Sans collision,,,,,,,,,,,1,1,1,1,7
200700025936,0007-05-09 13:45:00,7,5,9,13,45,10,354,,,,Plein jour,Hors agglomération,Hors intersection,Normale,Deux véhicules - frontale,,,,,,,,,,,1,1,1,1,1
200700025937,0007-05-24 18:00:00,7,5,24,18,0,10,354,5 Rue de l'Eglise,,,Plein jour,En agglomération,Hors intersection,Normale,Sans collision,,,,,,,,,,,1,2,1,1,7
200700025938,0007-05-19 04:45:00,7,5,19,4,45,10,378,,45.824,5.174,Nuit sans éclairage public,Hors agglomération,Hors intersection,Normale,Sans collision,,,,,,,,,,,3,1,1,1,7
200700025939,0007-05-08 14:00:00,7,5,8,14,0,10,43,CARREFOUR CD 1084 ET CD,,,Plein jour,En agglomération,Hors intersection,Normale,Deux véhicules - frontale,,,,,,,,,,,1,2,1,1,1
200700025940,0007-05-13 02:00:00,7,5,13,2,0,10,32,montee de beligneux,,,Nuit sans éclairage public,En agglomération,Hors intersection,Normale,Sans collision,,,,,,,,,,,3,2,1,1,7
200700025941,0007-05-09 18:30:00,7,5,9,18,30,10,252,,,,Plein jour,Hors agglomération,Hors intersection,Normale,Deux véhicules - côté,,,,,,,,,,,1,1,1,1,3
200700025942,0007-05-02 17:15:00,7,5,2,17,15,10,348,,46.168,4.817,Plein jour,Hors agglomération,Hors intersection,Normale,Deux véhicules - frontale,,,,,,,,,,,1,1,1,1,1
200700025943,0007-05-23 16:45:00,7,5,23,16,45,70,264,ST MARCEL D ARDECHE,,,Plein jour,En agglomération,Hors intersection,Normale,Deux véhicules - frontale,,,,,,,,,,,1,2,1,1,1
200700025944,0007-05-24 17:30:00,7,5,24,17,30,70,42,,,,Plein jour,Hors agglomération,Hors intersection,Normale,Deux véhicules - côté,,,,,,,,,,,1,1,1,1,3
200700025945,0007-05-09 14:45:00,7,5,9,14,45,70,83,,44.826,4.657,Plein jour,Hors agglomération,Hors intersection,Normale,Deux véhicules - frontale,,,,,,,,,,,1,1,1,1,1
200700025946,0007-05-10 07:45:00,7,5,10,7,45,70,191,,,,Plein jour,Hors agglomération,Hors intersection,Normale,Deux véhicules - frontale,,,,,,,,,,,1,1,1,1,1
200700025947,0007-05-28 22:45:00,7,5,28,22,45,70,319,,,,Nuit sans éclairage public,Hors agglomération,Hors intersection,Normale,Deux véhicules - frontale,,,,,,,,,,,3,1,1,1,1
200700025948,0007-05-04 05:15:00,7,5,4,5,15,70,181,,44.763,4.745,Nuit sans éclairage public,Hors agglomération,Hors intersection,Pluie légère,Deux véhicules - côté,,,,,,,,,,,3,1,1,2,3
200700025949,0007-05-20 16:15:00,7,5,20,16,15,70,90,RD 304,44.751,4.676,Plein jour,En agglomération,Hors intersection,Normale,Sans collision,,,,,,,,,,,1,2,1,1,7
200700025950,0007-05-01 19:00:00,7,5,1,19,0,70,322,,,,Plein jour,Hors agglomération,Hors intersection,Pluie légère,Deux véhicules - frontale,,,,,,,,,,,1,1,1,2,1
200700025951,0007-05-11 07:00:00,7,5,11,7,0,70,178,,,,Plein jour,Hors agglomération,Hors intersection,Normale,Deux véhicules - frontale,,,,,,,,,,,1,1,1,1,1
200700025952,0007-05-22 12:45:00,7,5,22,12,45,70,334,,44.413,4.112,Plein jour,Hors agglomération,Hors intersection,Normale,Deux véhicules - frontale,,,,,,,,,,,1,1,1,1,1
200700025953,0007-05-05 16:45:00,7,5,5,16,45,70,245,ROUTE DE LYON,45.089,4.816,Plein jour,En agglomération,Hors intersection,Pluie légère,Deux véhicules - frontale,,,,,,,,,,,1,2,1,2,1
200700025954,0007-05-25 00:45:00,7,5,25,0,45,70,324,,45.076,4.824,Crépuscule ou aube,En agglomération,Hors intersection,Normale,Deux véhicules - côté,,,,,,,,,,,2,2,1,1,3
200700025955,0007-05-25 17:30:00,7,5,25,17,30,70,217,,45.057,4.731,Plein jour,Hors agglomération,Hors intersection,Normale,Autre collision,,,,,,,,,,,1,1,1,1,6
200700025956,0007-05-26 13:00:00,7,5,26,13,0,70,64,,44.901,4.434,Plein jour,Hors agglomération,Hors intersection,Normale,Autre collision,,,,,,,,,,,1,1,1,1,6
200700025957,0007-05-07 01:15:00,7,5,7,1,15,70,338,,,,Nuit sans éclairage public,Hors agglomération,Hors intersection,Normale,Autre collision,,,,,,,,,,,3,1,1,1,6
200700025958,0007-05-14 14:15:00,7,5,14,14,15,260,206,,,,Plein jour,Hors agglomération,Intersection en X,Pluie forte,Deux véhicules - côté,,,,,,,,,,,1,1,2,3,3
200700025959,0007-05-01 21:45:00,7,5,1,21,45,260,365,,,,Nuit avec éclairage allumé,En agglomération,Hors intersection,Temps couvert,Sans collision,,,,,,,,,,,5,2,1,8,7
200700025960,0007-05-12 18:00:00,7,5,12,18,0,260,152,,44.556,5.414,Plein jour,Hors agglomération,Hors intersection,Normale,Sans collision,,,,,,,,,,,1,1,1,1,7
200700025961,0007-05-18 12:15:00,7,5,18,12,15,260,76,,44.539,5.508,Plein jour,Hors agglomération,Hors intersection,Temps éblouissant,Deux véhicules - frontale,,,,,,,,,,,1,1,1,7,1
200700025962,0007-05-17 11:30:00,7,5,17,11,30,260,186,,,,Plein jour,Hors agglomération,Hors intersection,Pluie légère,Autre collision,,,,,,,,,,,1,1,1,2,6
200700025963,0007-05-30 20:15:00,7,5,30,20,15,260,167,,44.606,5.459,Plein jour,Hors agglomération,Hors intersection,Normale,Deux véhicules - frontale,,,,,,,,,,,1,1,1,1,1
200700025964,0007-05-04 06:00:00,7,5,4,6,0,260,339,quartier Les commbes,,,Nuit sans éclairage public,Hors agglomération,Hors intersection,Normale,Autre collision,,,,,,,,,,,3,1,1,1,6
200700025965,0007-05-02 11:40:00,7,5,2,11,40,260,235,cd 328,,,Plein jour,Hors agglomération,Hors intersection,Normale,Autre collision,,,,,,,,,,,1,1,1,1,6
200700025966,0007-05-17 01:45:00,7,5,17,1,45,260,275,,44.257,4.833,Nuit sans éclairage public,Hors agglomération,Hors intersection,Normale,Autre collision,,,,,,,,,,,3,1,1,1,6
200700025967,0007-05-25 10:30:00,7,5,25,10,30,260,360,,44.42,4.807,Plein jour,Hors agglomération,Hors intersection,Normale,Autre collision,,,,,,,,,,,1,1,1,1,6
200700025968,0007-05-14 16:45:00,7,5,14,16,45,260,75,CD 61,44.475,5.449,Plein jour,En agglomération,Hors intersection,Temps couvert,Autre collision,,,,,,,,,,,1,2,1,8,6
200700025969,0007-05-14 07:15:00,7,5,14,7,15,260,231,,45.107,5.01,Plein jour,Hors agglomération,Hors intersection,Pluie légère,Deux véhicules - frontale,,,,,,,,,,,1,1,1,2,1
200700025970,0007-05-20 18:45:00,7,5,20,18,45,260,92,,,,Plein jour,Hors agglomération,Hors intersection,Normale,Sans collision,,,,,,,,,,,1,1,1,1,7
200700025971,0007-05-28 16:00:00,7,5,28,16,0,260,323,R.N.92 - PK N°5 -,,,Plein jour,Hors agglomération,Intersection en X,Normale,Deux véhicules - arrière,,,,,,,,,,,1,1,2,1,2
200700025972,0007-05-30 14:30:00,7,5,30,14,30,260,96,CD112/CD112a,,,Plein jour,En agglomération,Hors intersection,Normale,Deux véhicules - côté,,,,,,,,,,,1,2,1,1,3
200700025973,0007-05-16 23:00:00,7,5,16,23,0,260,213,,45.302,4.997,Nuit sans éclairage public,Hors agglomération,Autre intersection,Pluie légère,Autre collision,,,,,,,,,,,3,1,9,2,6
200700025974,0007-05-03 16:00:00,7,5,3,16,0,260,84,,,,Plein jour,Hors agglomération,Hors intersection,Pluie légère,Deux véhicules - frontale,,,,,,,,,,,1,1,1,2,1
200700025975,0007-05-16 09:00:00,7,5,16,9,0,260,179,,45.075,4.877,Plein jour,Hors agglomération,Autre intersection,Normale,Deux véhicules - côté,,,,,,,,,,,1,1,9,1,3
200700025976,0007-05-09 09:15:00,7,5,9,9,15,380,150,,45.208,5.843,Plein jour,En agglomération,Hors intersection,Normale,Deux véhicules - frontale,,,,,,,,,,,1,2,1,1,1
200700025977,0007-05-31 13:15:00,7,5,31,13,15,380,314,,,,Plein jour,Hors agglomération,Hors intersection,Normale,Deux véhicules - frontale,,,,,,,,,,,1,1,1,1,1
200700025978,0007-05-19 18:00:00,7,5,19,18,0,380,442,,45.352,5.791,Plein jour,Hors agglomération,Autre intersection,Normale,Autre collision,,,,,,,,,,,1,1,9,1,6
200700025979,0007-05-22 07:00:00,7,5,22,7,0,380,503,,,,Plein jour,Hors agglomération,Hors intersection,Normale,Deux véhicules - frontale,,,,,,,,,,,1,1,1,1,1
200700025980,0007-05-26 00:10:00,7,5,26,0,10,380,100,de la Gare et avenue de,,,Nuit avec éclairage allumé,En agglomération,Hors intersection,Normale,Deux véhicules - frontale,,,,,,,,,,,5,2,1,1,1
200700025981,0007-05-13 22:15:00,7,5,13,22,15,380,269,,44.931,5.789,Nuit sans éclairage public,Hors agglomération,Hors intersection,Normale,Autre collision,,,,,,,,,,,3,1,1,1,6
200700025982,0007-05-13 20:00:00,7,5,13,20,0,380,204,,44.743,5.678,Plein jour,Hors agglomération,Hors intersection,Normale,Autre collision,,,,,,,,,,,1,1,1,1,6
200700025983,0007-05-10 22:00:00,7,5,10,22,0,380,212,Route de l'oisans,45.112,5.937,Nuit sans éclairage public,En agglomération,Hors intersection,Normale,Deux véhicules - côté,,,,,,,,,,,3,2,1,1,3
200700025984,0007-05-03 06:45:00,7,5,3,6,45,380,453,,,,Plein jour,Hors agglomération,Hors intersection,Pluie légère,Deux véhicules - frontale,,,,,,,,,,,1,1,1,2,1
200700025985,0007-05-10 18:15:00,7,5,10,18,15,380,495,,,,Plein jour,Hors agglomération,Hors intersection,Normale,Deux véhicules - frontale,,,,,,,,,,,1,1,1,1,1
200700025986,0007-05-25 22:30:00,7,5,25,22,30,380,99,,45.192,5.291,Nuit sans éclairage public,Hors agglomération,Hors intersection,Normale,Deux véhicules - frontale,,,,,,,,,,,3,1,1,1,1
200700025987,0007-05-04 16:15:00,7,5,4,16,15,380,133,,45.362,5.609,Plein jour,En agglomération,Hors intersection,Normale,Deux véhicules - côté,,,,,,,,,,,1,2,1,1,3
200700025988,0007-05-11 15:15:00,7,5,11,15,15,380,30,route d'IZEAUX,45.343,5.465,Plein jour,En agglomération,Hors intersection,Normale,Deux véhicules - frontale,,,,,,,,,,,1,2,1,1,1
200700025989,0007-05-16 15:30:00,7,5,16,15,30,380,194,RUE ALBERT REYNIER,,,Plein jour,En agglomération,Hors intersection,Temps couvert,Deux véhicules - frontale,,,,,,,,,,,1,2,1,8,1
200700025990,0007-05-22 19:45:00,7,5,22,19,45,380,239,,,,Plein jour,En agglomération,Hors intersection,Normale,Deux véhicules - frontale,,,,,,,,,,,1,2,1,1,1
200700025991,0007-05-26 09:45:00,7,5,26,9,45,380,194,Rd point d'Izeaux,,,Plein jour,En agglomération,Giratoire,Normale,Autre collision,,,,,,,,,,,1,2,6,1,6
200700025992,0007-05-06 19:30:00,7,5,6,19,30,380,58,Le Martinet,45.341,5.316,Plein jour,En agglomération,Hors intersection,Normale,Deux véhicules - côté,,,,,,,,,,,1,2,1,1,3
200700025993,0007-05-18 16:30:00,7,5,18,16,30,380,218,carrefour CD519/CD156,,,Plein jour,En agglomération,Intersection en X,Normale,Deux véhicules - frontale,,,,,,,,,,,1,2,2,1,1
200700025994,0007-05-18 06:00:00,7,5,18,6,0,380,276,C.D.1085,45.552,5.31,Nuit avec éclairage allumé,En agglomération,Hors intersection,Normale,Autre collision,,,,,,,,,,,5,2,1,1,6
200700025995,0007-05-28 08:30:00,7,5,28,8,30,380,146,,,,Plein jour,Hors agglomération,Hors intersection,Normale,Autre collision,,,,,,,,,,,1,1,1,1,6
200700025996,0007-05-12 22:30:00,7,5,12,22,30,380,46,,,,Nuit sans éclairage public,Hors agglomération,Hors intersection,Normale,Deux véhicules - côté,,,,,,,,,,,3,1,1,1,3
200700025997,0007-05-26 10:30:00,7,5,26,10,30,380,182,26 rue Lamartine,,,Plein jour,En agglomération,Hors intersection,Normale,Deux véhicules - côté,,,,,,,,,,,1,2,1,1,3
200700025998,0007-05-05 08:00:00,7,5,5,8,0,380,320,,45.824,5.387,Plein jour,Hors agglomération,Hors intersection,Pluie forte,Autre collision,,,,,,,,,,,1,1,1,3,6
200700025999,0007-05-11 17:15:00,7,5,11,17,15,380,247,,45.821,5.396,Plein jour,Hors agglomération,Hors intersection,Normale,Deux véhicules - côté,,,,,,,,,,,1,1,1,1,3
200700026000,0007-05-18 19:15:00,7,5,18,19,15,380,247,,45.788,5.436,Plein jour,Hors agglomération,Hors intersection,Normale,Deux véhicules - frontale,,,,,,,,,,,1,1,1,1,1
200700026001,0007-05-04 18:15:00,7,5,4,18,15,380,341,section CD 1006 et CD 92,,,Plein jour,Hors agglomération,Intersection en T,Normale,Trois véhicules et plus - collisions multiples,,,,,,,,,,,1,1,3,1,5
200700026002,0007-05-25 08:30:00,7,5,25,8,30,380,76,,,,Plein jour,Hors agglomération,Hors intersection,Normale,Deux véhicules - frontale,,,,,,,,,,,1,1,1,1,1
200700026003,0007-05-02 15:15:00,7,5,2,15,15,440,209,,,,Plein jour,Hors agglomération,Hors intersection,Normale,Deux véhicules - arrière,,,,,,,,,,,1,1,1,1,2
200700026004,0007-05-18 17:30:00,7,5,18,17,30,440,66,RUE DE LA GRANDE HAIE,,,Plein jour,En agglomération,Hors intersection,Normale,Autre collision,,,,,,,,,,,1,2,1,1,6
200700026005,0007-05-03 13:15:00,7,5,3,13,15,380,363,"746, rte de Beaurepaire",45.35,5.08,Plein jour,En agglomération,Hors intersection,Normale,Autre collision,,,,,,,,,,,1,2,1,1,6
200700026006,0007-05-21 09:30:00,7,5,21,9,30,380,69,Route des alpes,45.457,5.291,Plein jour,En agglomération,Hors intersection,Normale,Deux véhicules - côté,,,,,,,,,,,1,2,1,1,3
200700026007,0007-05-27 18:00:00,7,5,27,18,0,380,267,Rte de l'Alambic,45.424,5.315,Plein jour,En agglomération,Hors intersection,Normale,Deux véhicules - frontale,,,,,,,,,,,1,2,1,1,1
200700026008,0007-05-08 18:45:00,7,5,8,18,45,380,389,,45.568,5.073,Plein jour,Hors agglomération,Hors intersection,Pluie forte,Deux véhicules - frontale,,,,,,,,,,,1,1,1,3,1
200700026009,0007-05-21 07:30:00,7,5,21,7,30,380,555,,,,Plein jour,Hors agglomération,Hors intersection,Normale,Trois véhicules et plus - collisions multiples,,,,,,,,,,,1,1,1,1,5
200700026010,0007-05-22 07:45:00,7,5,22,7,45,380,144,15 RUE DES FLEURS,45.592,5.096,Plein jour,En agglomération,Hors intersection,Normale,Trois véhicules et plus - en chaîne,,,,,,,,,,,1,2,1,1,4
200700026011,0007-05-22 11:45:00,7,5,22,11,45,380,288,,45.583,5.042,Plein jour,Hors agglomération,Hors intersection,Normale,Deux véhicules - côté,,,,,,,,,,,1,1,1,1,3
200700026012,0007-05-03 19:30:00,7,5,3,19,30,380,316,rue de la République,45.757,5.184,Plein jour,En agglomération,Hors intersection,Normale,Autre collision,,,,,,,,,,,1,2,1,1,6
200700026013,0007-05-05 09:00:00,7,5,5,9,0,380,298,rue bellefontaine,45.383,4.798,Plein jour,En agglomération,Place,Normale,Autre collision,,,,,,,,,,,1,2,7,1,6
200700026014,0007-05-08 15:45:00,7,5,8,15,45,380,72,,45.318,4.826,Plein jour,Hors agglomération,Intersection en X,Normale,Deux véhicules - côté,,,,,,,,,,,1,1,2,1,3
200700026015,0007-05-12 18:30:00,7,5,12,18,30,380,72,rue de l'avenir,45.321,4.818,Plein jour,En agglomération,Hors intersection,Normale,Deux véhicules - côté,,,,,,,,,,,1,2,1,1,3
200700026016,0007-05-14 18:30:00,7,5,14,18,30,380,344,,45.365,4.802,Plein jour,En agglomération,Hors intersection,Pluie légère,Deux véhicules - côté,,,,,,,,,,,1,2,1,2,3
200700026017,0007-05-17 19:45:00,7,5,17,19,45,380,349,,45.336,4.773,Plein jour,Hors agglomération,Hors intersection,Pluie légère,Deux véhicules - frontale,,,,,,,,,,,1,1,1,2,1
200700026018,0007-05-12 17:00:00,7,5,12,17,0,380,449,40 rue du Lac,45.633,5.116,Plein jour,En agglomération,Hors intersection,Normale,Deux véhicules - arrière,,,,,,,,,,,1,2,1,1,2
200700026019,0007-05-20 17:00:00,7,5,20,17,0,380,537,avenue de la libération,45.647,5.136,Plein jour,En agglomération,Hors intersection,Normale,Autre collision,,,,,,,,,,,1,2,1,1,6
200700026020,0007-05-31 07:15:00,7,5,31,7,15,380,449,,,,Plein jour,Hors agglomération,Giratoire,Normale,Deux véhicules - frontale,,,,,,,,,,,1,1,6,1,1
200700026021,0007-05-01 12:30:00,7,5,1,12,30,420,40,"""La Lite""",,,Plein jour,Hors agglomération,Hors intersection,Normale,Autre collision,,,,,,,,,,,1,1,1,1,6
200700026022,0007-05-18 19:45:00,7,5,18,19,45,420,19,rue de Clermont,,,Plein jour,En agglomération,Hors intersection,Normale,Autre collision,,,,,,,,,,,1,2,1,1,6
200700026023,0007-05-20 18:00:00,7,5,20,18,0,420,298,eu dit '' Les Brosses '',,,Plein jour,Hors agglomération,Hors intersection,Normale,Trois véhicules et plus - collisions multiples,,,,,,,,,,,1,1,1,1,5
200700026024,0007-05-22 09:15:00,7,5,22,9,15,420,19,rue de clermont,45.749,4.004,Plein jour,En agglomération,Hors intersection,Normale,Autre collision,,,,,,,,,,,1,2,1,1,6
200700026025,0007-05-06 15:45:00,7,5,6,15,45,420,94,chemin des veauches,45.738,4.225,Plein jour,En agglomération,Hors intersection,Normale,Autre collision,,,,,,,,,,,1,2,1,1,6
200700026026,0007-05-14 17:30:00,7,5,14,17,30,420,155,LE BOURG,45.81,4.157,Plein jour,En agglomération,Hors intersection,Normale,Autre collision,,,,,,,,,,,1,2,1,1,6
200700026027,0007-05-20 21:00:00,7,5,20,21,0,420,155,,45.778,4.151,Crépuscule ou aube,Hors agglomération,Hors intersection,Normale,Deux véhicules - frontale,,,,,,,,,,,2,1,1,1,1
200700026028,0007-05-28 12:30:00,7,5,28,12,30,420,94,22 bd de l'hippodrome,45.741,4.221,Plein jour,En agglomération,Hors intersection,Pluie légère,Autre collision,,,,,,,,,,,1,2,1,2,6
200700026029,0007-05-06 19:30:00,7,5,6,19,30,420,140,,45.492,4.04,Plein jour,Hors agglomération,Hors intersection,Normale,Autre collision,,,,,,,,,,,1,1,1,1,6
200700026030,0007-05-13 05:45:00,7,5,13,5,45,420,262,,45.417,4.211,Crépuscule ou aube,Hors agglomération,Hors intersection,Normale,Autre collision,,,,,,,,,,,2,1,1,1,6
200700026031,0007-05-08 15:30:00,7,5,8,15,30,420,20,ROUTE DE LA GARE,,,Plein jour,En agglomération,Hors intersection,Normale,Deux véhicules - arrière,,,,,,,,,,,1,2,1,1,2
200700026032,0007-05-13 05:15:00,7,5,13,5,15,420,222,AVENUE JEAN MONNET,45.588,4.31,Crépuscule ou aube,En agglomération,Hors intersection,Normale,Deux véhicules - côté,,,,,,,,,,,2,2,1,1,3
200700026033,0007-05-16 19:45:00,7,5,16,19,45,420,149,,45.647,4.229,Plein jour,Hors agglomération,Hors intersection,Normale,Autre collision,,,,,,,,,,,1,1,1,1,6
200700026034,0007-05-06 15:15:00,7,5,6,15,15,420,265,,45.449,4.752,Plein jour,Hors agglomération,Hors intersection,Normale,Trois véhicules et plus - collisions multiples,,,,,,,,,,,1,1,1,1,5
200700026035,0007-05-09 15:15:00,7,5,9,15,15,420,191,,45.401,4.683,Plein jour,Hors agglomération,Hors intersection,Normale,Deux véhicules - côté,,,,,,,,,,,1,1,1,1,3
200700026036,0007-05-17 14:30:00,7,5,17,14,30,420,56,Lieu dit la petite Gorge,45.413,4.737,Plein jour,En agglomération,Hors intersection,Pluie légère,Deux véhicules - frontale,,,,,,,,,,,1,2,1,2,1
200700026037,0007-05-25 22:15:00,7,5,25,22,15,420,56,,45.407,4.737,Nuit sans éclairage public,Hors agglomération,Hors intersection,Normale,Sans collision,,,,,,,,,,,3,1,1,1,7
200700026038,0007-05-01 17:45:00,7,5,1,17,45,420,220,,46.13,3.95,Plein jour,Hors agglomération,Hors intersection,Temps couvert,Sans collision,,,,,,,,,,,1,1,1,8,7
200700026039,0007-05-13 16:00:00,7,5,13,16,0,420,182,,46.054,3.927,Plein jour,Hors agglomération,Hors intersection,Normale,Deux véhicules - arrière,,,,,,,,,,,1,1,1,1,2