accident_id,datetime,annee,mois,jour,heure,minute,departement,commune_insee,adresse,latitude,longitude,luminosite,agglomeration,intersection,meteo,collision,nb_vehicules,nb_usagers,nb_indemnes,nb_tues,nb_blesses_hosp,nb_blesses_legers,age_cond_1,age_cond_2,veh_type_cond_1,veh_type_cond_2,lum_code,agg_code,int_code,atm_code,col_code
200700026318,0007-05-21 17:15:00,7,5,21,17,15,100,323,59 RUE MIGNONETTE,48.52,3.732,Plein jour,En agglomération,Hors intersection,Normale,Deux véhicules - frontale,,,,,,,,,,,1,2,1,1,1
200700026319,0007-05-20 13:45:00,7,5,20,13,45,520,428,cd 134 et rue communale,48.226,5.203,Plein jour,En agglomération,Hors intersection,Normale,Deux véhicules - frontale,,,,,,,,,,,1,2,1,1,1
200700026320,0007-05-12 16:30:00,7,5,12,16,30,520,380,CD 284,47.869,5.374,Plein jour,Hors agglomération,Hors intersection,Normale,Sans collision,,,,,,,,,,,1,1,1,1,7
200700026321,0007-05-17 11:30:00,7,5,17,11,30,520,37,,47.914,5.402,Plein jour,Hors agglomération,Hors intersection,Pluie légère,Trois véhicules et plus - collisions multiples,,,,,,,,,,,1,1,1,2,5
200700026322,0007-05-29 19:45:00,7,5,29,19,45,520,269,avenue europe,47.874,5.342,Plein jour,En agglomération,Hors intersection,Normale,Deux véhicules - côté,,,,,,,,,,,1,2,1,1,3
200700026323,0007-05-25 15:30:00,7,5,25,15,30,520,914,,,,Plein jour,Hors agglomération,Hors intersection,Normale,Autre collision,,,,,,,,,,,1,1,1,1,6
200700026324,0007-05-08 16:00:00,7,5,8,16,0,520,298,,,,Plein jour,Hors agglomération,Autre intersection,Normale,Deux véhicules - côté,,,,,,,,,,,1,1,9,1,3
200700026325,0007-05-26 23:40:00,7,5,26,23,40,520,23,CD 20,,,Nuit sans éclairage public,Hors agglomération,Hors intersection,Normale,Autre collision,,,,,,,,,,,3,1,1,1,6
200700026326,0007-05-04 17:30:00,7,5,4,17,30,520,182,,48.548,4.831,Plein jour,Hors agglomération,Hors intersection,Pluie légère,Deux véhicules - frontale,,,,,,,,,,,1,1,1,2,1
200700026327,0007-05-13 22:30:00,7,5,13,22,30,520,175,,,,Nuit sans éclairage public,Hors agglomération,Hors intersection,Pluie légère,Sans collision,,,,,,,,,,,3,1,1,2,7
200700026328,0007-05-30 19:00:00,7,5,30,19,0,520,250,Avenue de la marne,48.454,5.146,Plein jour,En agglomération,Autre intersection,Temps couvert,Deux véhicules - frontale,,,,,,,,,,,1,2,9,8,1
200700026329,0007-05-02 17:30:00,7,5,2,17,30,520,550,Rue des patriotes,,,Plein jour,En agglomération,Hors intersection,Normale,Deux véhicules - côté,,,,,,,,,,,1,2,1,1,3
200700026330,0007-05-14 20:00:00,7,5,14,20,0,520,427,,,,Crépuscule ou aube,Hors agglomération,Hors intersection,Temps couvert,Autre collision,,,,,,,,,,,2,1,1,8,6
200700026331,0007-05-20 10:30:00,7,5,20,10,30,520,497,,48.56,5.053,Plein jour,Hors agglomération,Hors intersection,Normale,Deux véhicules - côté,,,,,,,,,,,1,1,1,1,3
200700026332,0007-05-09 20:30:00,7,5,9,20,30,890,350,,48.026,3.14,Plein jour,Hors agglomération,Hors intersection,Normale,Deux véhicules - arrière,,,,,,,,,,,1,1,1,1,2
200700026333,0007-05-26 22:15:00,7,5,26,22,15,210,272,,47.431,4.321,Nuit sans éclairage public,Hors agglomération,Hors intersection,Normale,Sans collision,,,,,,,,,,,3,1,1,1,7
200700026334,0007-05-21 19:20:00,7,5,21,19,20,210,643,rre Clerc PK 32 + 400 -,,,Plein jour,En agglomération,Hors intersection,Normale,Autre collision,,,,,,,,,,,1,2,1,1,6
200700026335,0007-05-24 12:15:00,7,5,24,12,15,210,609,3 ROUTE NATIONALE,47.212,5.287,Plein jour,En agglomération,Hors intersection,Normale,Deux véhicules - arrière,,,,,,,,,,,1,2,1,1,2
200700026336,0007-05-01 18:00:00,7,5,1,18,0,210,390,CD 974,47.282,5.006,Plein jour,En agglomération,Intersection en X,Normale,Deux véhicules - côté,,,,,,,,,,,1,2,2,1,3
200700026337,0007-05-25 22:30:00,7,5,25,22,30,210,94,route de dampierre,47.503,5.299,Nuit sans éclairage public,En agglomération,Hors intersection,Temps couvert,Deux véhicules - frontale,,,,,,,,,,,3,2,1,8,1
200700026338,0007-05-19 18:00:00,7,5,19,18,0,210,317,,47.548,5.123,Plein jour,Hors agglomération,Hors intersection,Normale,Deux véhicules - côté,,,,,,,,,,,1,1,1,1,3
200700026339,0007-05-29 09:15:00,7,5,29,9,15,210,127,,47.474,5.079,Plein jour,Hors agglomération,Hors intersection,Normale,Deux véhicules - côté,,,,,,,,,,,1,1,1,1,3
200700026340,0007-05-17 18:00:00,7,5,17,18,0,210,475,,47.057,5.203,Plein jour,Hors agglomération,Hors intersection,Normale,Autre collision,,,,,,,,,,,1,1,1,1,6
200700026341,0007-05-22 18:15:00,7,5,22,18,15,210,577,,47.213,5.442,Plein jour,Hors agglomération,Hors intersection,Normale,Deux véhicules - frontale,,,,,,,,,,,1,1,1,1,1
200700026342,0007-05-16 17:30:00,7,5,16,17,30,210,336,RUE MARGUERITTE DE BOURG,,,Plein jour,En agglomération,Hors intersection,Normale,Autre collision,,,,,,,,,,,1,2,1,1,6
200700026343,0007-05-22 14:45:00,7,5,22,14,45,210,154,rue de la libération,,,Plein jour,En agglomération,Hors intersection,Temps éblouissant,Trois véhicules et plus - en chaîne,,,,,,,,,,,1,2,1,7,4
200700026344,0007-05-25 09:00:00,7,5,25,9,0,210,626,,47.719,4.816,Plein jour,Hors agglomération,Hors intersection,Normale,Deux véhicules - frontale,,,,,,,,,,,1,1,1,1,1
200700026345,0007-05-06 01:00:00,7,5,6,1,0,210,446,6 grtande rue,,,Nuit avec éclairage allumé,En agglomération,Hors intersection,Normale,Autre collision,,,,,,,,,,,5,2,1,1,6
200700026346,0007-05-18 17:45:00,7,5,18,17,45,210,603,RUE DE LA LIBERTE,47.496,4.334,Plein jour,En agglomération,Hors intersection,Normale,Deux véhicules - frontale,,,,,,,,,,,1,2,1,1,1
200700026347,0007-05-16 04:00:00,7,5,16,4,0,210,663,,47.541,4.465,Nuit avec éclairage allumé,Hors agglomération,Giratoire,Normale,Sans collision,,,,,,,,,,,5,1,6,1,7
200700026348,0007-05-05 13:15:00,7,5,5,13,15,210,525,"Lieu dit "" le bouloy """,47.343,4.153,Plein jour,En agglomération,Hors intersection,Normale,Deux véhicules - côté,,,,,,,,,,,1,2,1,1,3
200700026349,0007-05-22 17:45:00,7,5,22,17,45,580,250,,,,Plein jour,Hors agglomération,Hors intersection,Normale,Deux véhicules - arrière,,,,,,,,,,,1,1,1,1,2
200700026350,0007-05-16 13:30:00,7,5,16,13,30,580,262,,47.059,3.743,Plein jour,Hors agglomération,Hors intersection,Normale,Deux véhicules - côté,,,,,,,,,,,1,1,1,1,3
200700026351,0007-05-21 12:30:00,7,5,21,12,30,580,79,Route de Surgy,47.471,3.52,Plein jour,En agglomération,Hors intersection,Normale,Deux véhicules - frontale,,,,,,,,,,,1,2,1,1,1
200700026352,0007-05-27 05:15:00,7,5,27,5,15,580,261,,,,Crépuscule ou aube,Hors agglomération,Hors intersection,Pluie légère,Autre collision,,,,,,,,,,,2,1,1,2,6
200700026353,0007-05-30 10:45:00,7,5,30,10,45,580,86,ROUTE DES SAJOTS,47.374,2.904,Plein jour,En agglomération,Hors intersection,Normale,Deux véhicules - frontale,,,,,,,,,,,1,2,1,1,1
200700026354,0007-05-28 18:15:00,7,5,28,18,15,580,270,,47.48,3.01,Plein jour,Hors agglomération,Hors intersection,Pluie légère,Deux véhicules - frontale,,,,,,,,,,,1,1,1,2,1
200700026355,0007-05-13 18:45:00,7,5,13,18,45,710,210,,46.282,4.753,Plein jour,Hors agglomération,Hors intersection,Normale,Deux véhicules - frontale,,,,,,,,,,,1,1,1,1,1
200700026356,0007-05-18 17:15:00,7,5,18,17,15,710,169,,,,Plein jour,Hors agglomération,Hors intersection,Normale,Autre collision,,,,,,,,,,,1,1,1,1,6
200700026357,0007-05-26 16:45:00,7,5,26,16,45,710,84,,,,Plein jour,Hors agglomération,Hors intersection,Normale,Sans collision,,,,,,,,,,,1,1,1,1,7
200700026358,0007-05-28 09:30:00,7,5,28,9,30,710,90,,,,Plein jour,Hors agglomération,Hors intersection,Normale,Deux véhicules - arrière,,,,,,,,,,,1,1,1,1,2
200700026359,0007-05-31 07:45:00,7,5,31,7,45,710,287,,46.492,4.676,Nuit sans éclairage public,Hors agglomération,Hors intersection,Temps couvert,Sans collision,,,,,,,,,,,3,1,1,8,7
200700026360,0007-05-20 21:30:00,7,5,20,21,30,710,15,,,,Nuit sans éclairage public,Hors agglomération,Hors intersection,Normale,Sans collision,,,,,,,,,,,3,1,1,1,7
200700026361,0007-05-19 22:00:00,7,5,19,22,0,710,237,LE BOURG,,,Nuit avec éclairage allumé,En agglomération,Hors intersection,Normale,Deux véhicules - frontale,,,,,,,,,,,5,2,1,1,1
200700026362,0007-05-28 17:00:00,7,5,28,17,0,710,414,,,,Plein jour,Hors agglomération,Hors intersection,Normale,Deux véhicules - arrière,,,,,,,,,,,1,1,1,1,2
200700026363,0007-05-03 10:15:00,7,5,3,10,15,710,73,,46.904,4.761,Plein jour,Hors agglomération,Intersection en Y,Normale,Deux véhicules - côté,,,,,,,,,,,1,1,4,1,3
200700026364,0007-05-27 00:45:00,7,5,27,0,45,710,391,,46.836,4.613,Nuit sans éclairage public,Hors agglomération,Hors intersection,Normale,Autre collision,,,,,,,,,,,3,1,1,1,6
200700026365,0007-05-15 12:30:00,7,5,15,12,30,710,124,,,,Plein jour,Hors agglomération,Intersection en T,Normale,Deux véhicules - côté,,,,,,,,,,,1,1,3,1,3
200700026366,0007-05-22 21:00:00,7,5,22,21,0,710,159,,,,Plein jour,Hors agglomération,Hors intersection,Normale,Sans collision,,,,,,,,,,,1,1,1,1,7
200700026367,0007-05-26 12:30:00,7,5,26,12,30,710,277,,,,Plein jour,Hors agglomération,Hors intersection,Normale,Deux véhicules - frontale,,,,,,,,,,,1,1,1,1,1
200700026368,0007-05-18 10:00:00,7,5,18,10,0,710,253,22 Rte de ST CHRISTOPHE,,,Plein jour,En agglomération,Hors intersection,Normale,Sans collision,,,,,,,,,,,1,2,1,1,7
200700026369,0007-05-21 08:00:00,7,5,21,8,0,710,189,RUE DU BOURG,,,Plein jour,En agglomération,Hors intersection,Normale,Deux véhicules - frontale,,,,,,,,,,,1,2,1,1,1
200700026370,0007-05-27 06:45:00,7,5,27,6,45,710,189,,,,Crépuscule ou aube,En agglomération,Hors intersection,Normale,Deux véhicules - frontale,,,,,,,,,,,2,2,1,1,1
200700026371,0007-05-31 15:45:00,7,5,31,15,45,710,483,,46.34,4.279,Plein jour,Hors agglomération,Hors intersection,Pluie forte,Autre collision,,,,,,,,,,,1,1,1,3,6
200700026372,0007-05-14 16:00:00,7,5,14,16,0,710,453,,,,Plein jour,Hors agglomération,Hors intersection,Pluie légère,Deux véhicules - frontale,,,,,,,,,,,1,1,1,2,1
200700026373,0007-05-17 23:30:00,7,5,17,23,30,710,554,,46.357,4.142,Nuit sans éclairage public,Hors agglomération,Autre intersection,Normale,Autre collision,,,,,,,,,,,3,1,9,1,6
200700026374,0007-05-03 14:15:00,7,5,3,14,15,710,464,Rue de Marchez,,,Plein jour,En agglomération,Hors intersection,Normale,Deux véhicules - frontale,,,,,,,,,,,1,2,1,1,1
200700026375,0007-05-31 20:00:00,7,5,31,20,0,710,149,13 rue du Pont de Vigny,,,Crépuscule ou aube,En agglomération,Hors intersection,Temps couvert,Sans collision,,,,,,,,,,,2,2,1,8,7
200700026376,0007-05-13 17:00:00,7,5,13,17,0,710,379,Route de Louhans,,,Plein jour,En agglomération,Hors intersection,Normale,Deux véhicules - frontale,,,,,,,,,,,1,2,1,1,1
200700026377,0007-05-01 11:45:00,7,5,1,11,45,710,173,,46.752,5.168,Plein jour,Hors agglomération,Hors intersection,Normale,Sans collision,,,,,,,,,,,1,1,1,1,7
200700026378,0007-05-03 19:30:00,7,5,3,19,30,710,519,,46.816,5.114,Plein jour,Hors agglomération,Hors intersection,Normale,Trois véhicules et plus - collisions multiples,,,,,,,,,,,1,1,1,1,5
200700026379,0007-05-27 06:30:00,7,5,27,6,30,890,77,,47.75,3.606,Plein jour,Hors agglomération,Hors intersection,Normale,Autre collision,,,,,,,,,,,1,1,1,1,6
200700026380,0007-05-29 14:34:00,7,5,29,14,34,890,77,Route nationale 6,,,Plein jour,Hors agglomération,Hors intersection,Normale,Deux véhicules - arrière,,,,,,,,,,,1,1,1,1,2
200700026381,0007-05-24 17:00:00,7,5,24,17,0,890,199,,47.715,3.543,Plein jour,Hors agglomération,Hors intersection,Normale,Deux véhicules - frontale,,,,,,,,,,,1,1,1,1,1
200700026382,0007-05-04 18:45:00,7,5,4,18,45,890,345,RUE TOULOUSE LAUTREC,48.006,3.716,Plein jour,En agglomération,Intersection en X,Normale,Deux véhicules - côté,,,,,,,,,,,1,2,2,1,3
200700026383,0007-05-07 17:30:00,7,5,7,17,30,890,169,,47.957,3.867,Plein jour,Hors agglomération,Hors intersection,Normale,Deux véhicules - côté,,,,,,,,,,,1,1,1,1,3
200700026384,0007-05-19 19:15:00,7,5,19,19,15,890,345,,,,Plein jour,Hors agglomération,Hors intersection,Normale,Deux véhicules - arrière,,,,,,,,,,,1,1,1,1,2
200700026385,0007-05-30 08:30:00,7,5,30,8,30,890,439,ROUTE DE LA GARE,,,Plein jour,En agglomération,Hors intersection,Normale,Autre collision,,,,,,,,,,,1,2,1,1,6
200700026386,0007-05-19 22:30:00,7,5,19,22,30,890,190,,,,Nuit sans éclairage public,Hors agglomération,Hors intersection,Normale,Autre collision,,,,,,,,,,,3,1,1,1,6
200700026387,0007-05-24 13:15:00,7,5,24,13,15,890,277,,,,Plein jour,Hors agglomération,Hors intersection,Normale,Deux véhicules - frontale,,,,,,,,,,,1,1,1,1,1
200700026388,0007-05-12 15:45:00,7,5,12,15,45,890,163,lieu dit la chaîne,,,Plein jour,En agglomération,Intersection en T,Normale,Deux véhicules - côté,,,,,,,,,,,1,2,3,1,3
200700026389,0007-05-23 22:15:00,7,5,23,22,15,890,99,RUE DE LA PAIX,,,Nuit avec éclairage allumé,En agglomération,Hors intersection,Normale,Sans collision,,,,,,,,,,,5,2,1,1,7
200700026390,0007-05-12 18:15:00,7,5,12,18,15,890,434,,48.117,3.44,Plein jour,Hors agglomération,Hors intersection,Normale,Autre collision,,,,,,,,,,,1,1,1,1,6
200700026391,0007-05-09 07:45:00,7,5,9,7,45,890,136,,,,Plein jour,Hors agglomération,Hors intersection,Temps couvert,Deux véhicules - frontale,,,,,,,,,,,1,1,1,8,1
200700026392,0007-05-28 20:45:00,7,5,28,20,45,890,456,,,,Crépuscule ou aube,Hors agglomération,Hors intersection,Pluie légère,Deux véhicules - frontale,,,,,,,,,,,2,1,1,2,1
200700026393,0007-05-04 20:15:00,7,5,4,20,15,890,143,,,,Crépuscule ou aube,Hors agglomération,Hors intersection,Normale,Deux véhicules - frontale,,,,,,,,,,,2,1,1,1,1
200700026394,0007-05-22 19:15:00,7,5,22,19,15,890,370,,48.175,3.101,Plein jour,Hors agglomération,Hors intersection,Normale,Deux véhicules - arrière,,,,,,,,,,,1,1,1,1,2
200700026395,0007-05-28 19:15:00,7,5,28,19,15,890,144,,48.133,3.043,Plein jour,Hors agglomération,Hors intersection,Pluie légère,Deux véhicules - côté,,,,,,,,,,,1,1,1,2,3
200700026396,0007-05-13 13:30:00,7,5,13,13,30,250,410,lieu dit le trou au loup,47.229,6.072,Plein jour,En agglomération,Hors intersection,Normale,Deux véhicules - frontale,,,,,,,,,,,1,2,1,1,1
200700026397,0007-05-17 09:00:00,7,5,17,9,0,250,328,,,,Plein jour,Hors agglomération,Hors intersection,Pluie légère,Autre collision,,,,,,,,,,,1,1,1,2,6
200700026398,0007-05-23 14:00:00,7,5,23,14,0,250,284,rue des Flandres,47.54,6.825,Plein jour,En agglomération,Hors intersection,Normale,Autre collision,,,,,,,,,,,1,2,1,1,6
200700026399,0007-05-12 23:30:00,7,5,12,23,30,250,248,,47.197,6.732,Nuit sans éclairage public,Hors agglomération,Hors intersection,Normale,Autre collision,,,,,,,,,,,3,1,1,1,6
200700026400,0007-05-20 21:00:00,7,5,20,21,0,250,356,"CD 437 - PK 98,900",,,Crépuscule ou aube,Hors agglomération,Hors intersection,Temps couvert,Deux véhicules - frontale,,,,,,,,,,,2,1,1,8,1
200700026401,0007-05-13 17:00:00,7,5,13,17,0,250,214,,47.439,6.743,Plein jour,Hors agglomération,Hors intersection,Normale,Deux véhicules - frontale,,,,,,,,,,,1,1,1,1,1
200700026402,0007-05-12 14:30:00,7,5,12,14,30,250,349,,47.174,6.479,Plein jour,Hors agglomération,Hors intersection,Normale,Deux véhicules - frontale,,,,,,,,,,,1,1,1,1,1
200700026403,0007-05-20 01:30:00,7,5,20,1,30,250,349,,,,Nuit avec éclairage allumé,Hors agglomération,Hors intersection,Normale,Deux véhicules - côté,,,,,,,,,,,5,1,1,1,3
200700026404,0007-05-29 12:15:00,7,5,29,12,15,250,243,,47.163,6.471,Plein jour,Hors agglomération,Autre intersection,Pluie forte,Deux véhicules - côté,,,,,,,,,,,1,1,9,3,3
200700026405,0007-05-16 20:45:00,7,5,16,20,45,250,318,,,,Nuit sans éclairage public,Hors agglomération,Hors intersection,Pluie forte,Deux véhicules - frontale,,,,,,,,,,,3,1,1,3,1
200700026406,0007-05-21 15:30:00,7,5,21,15,30,250,411,av. du général de gaulle,47.061,6.606,Plein jour,En agglomération,Hors intersection,Normale,Deux véhicules - côté,,,,,,,,,,,1,2,1,1,3
200700026407,0007-05-27 16:15:00,7,5,27,16,15,250,347,,,,Plein jour,Hors agglomération,Hors intersection,Normale,Trois véhicules et plus - collisions multiples,,,,,,,,,,,1,1,1,1,5
200700026408,0007-05-12 08:00:00,7,5,12,8,0,390,347,,,,Nuit sans éclairage public,Hors agglomération,Hors intersection,Pluie légère,Autre collision,,,,,,,,,,,3,1,1,2,6
200700026409,0007-05-25 08:30:00,7,5,25,8,30,390,557,,,,Plein jour,Hors agglomération,Hors intersection,Normale,Deux véhicules - frontale,,,,,,,,,,,1,1,1,1,1
200700026410,0007-05-04 23:15:00,7,5,4,23,15,390,97,,,,Nuit sans éclairage public,Hors agglomération,Hors intersection,Pluie légère,Autre collision,,,,,,,,,,,3,1,1,2,6
200700026411,0007-05-11 13:15:00,7,5,11,13,15,390,97,,,,Plein jour,Hors agglomération,Hors intersection,Normale,Deux véhicules - frontale,,,,,,,,,,,1,1,1,1,1
200700026412,0007-05-23 18:30:00,7,5,23,18,30,390,97,avenue de la république,,,Plein jour,En agglomération,Hors intersection,Temps couvert,Autre collision,,,,,,,,,,,1,2,1,8,6
200700026413,0007-05-06 04:15:00,7,5,6,4,15,390,400,,,,Nuit sans éclairage public,Hors agglomération,Hors intersection,Pluie légère,Autre collision,,,,,,,,,,,3,1,1,2,6
200700026414,0007-05-31 14:00:00,7,5,31,14,0,390,449,,,,Plein jour,Hors agglomération,Intersection en T,Normale,Deux véhicules - côté,,,,,,,,,,,1,1,3,1,3
200700026415,0007-05-05 16:30:00,7,5,5,16,30,390,283,,46.34,5.686,Plein jour,Hors agglomération,Hors intersection,Normale,Sans collision,,,,,,,,,,,1,1,1,1,7
200700026416,0007-05-07 19:00:00,7,5,7,19,0,390,368,186 Rue de la République,,,Plein jour,En agglomération,Hors intersection,Normale,Deux véhicules - frontale,,,,,,,,,,,1,2,1,1,1
200700026417,0007-05-05 14:45:00,7,5,5,14,45,390,487,,46.588,5.954,Plein jour,Hors agglomération,Hors intersection,Brouillard / fumée,Sans collision,,,,,,,,,,,1,1,1,5,7
200700026418,0007-05-26 18:00:00,7,5,26,18,0,700,154,,47.443,6.145,Plein jour,Hors agglomération,Hors intersection,Pluie légère,Deux véhicules - côté,,,,,,,,,,,1,1,1,2,3
200700026419,0007-05-19 14:00:00,7,5,19,14,0,700,310,RN 19 - PK 70 + 900,,,Plein jour,Hors agglomération,Intersection en X,Normale,Trois véhicules et plus - collisions multiples,,,,,,,,,,,1,1,2,1,5
200700026420,0007-05-01 12:45:00,7,5,1,12,45,700,21,,47.659,6.607,Plein jour,Hors agglomération,Intersection en X,Temps éblouissant,Deux véhicules - côté,,,,,,,,,,,1,1,2,7,3
200700026421,0007-05-05 06:00:00,7,5,5,6,0,700,489,,47.806,6.668,Crépuscule ou aube,Hors agglomération,Hors intersection,Normale,Sans collision,,,,,,,,,,,2,1,1,1,7
200700026422,0007-05-09 10:00:00,7,5,9,10,0,700,413,,47.687,6.739,Plein jour,Hors agglomération,Hors intersection,Pluie forte,Deux véhicules - frontale,,,,,,,,,,,1,1,1,3,1
200700026423,0007-05-06 07:00:00,7,5,6,7,0,700,317,,,,Crépuscule ou aube,Hors agglomération,Hors intersection,Normale,Autre collision,,,,,,,,,,,2,1,1,1,6
200700026424,0007-05-03 20:00:00,7,5,3,20,0,700,258,,47.826,6.428,Plein jour,Hors agglomération,Hors intersection,Normale,Sans collision,,,,,,,,,,,1,1,1,1,7
200700026425,0007-05-09 05:45:00,7,5,9,5,45,700,128,,,,Crépuscule ou aube,Hors agglomération,Hors intersection,Pluie légère,Autre collision,,,,,,,,,,,2,1,1,2,6
200700026426,0007-05-23 22:30:00,7,5,23,22,30,700,473,Rue Edouard Herriot,47.813,6.384,Nuit avec éclairage allumé,En agglomération,Giratoire,Normale,Deux véhicules - côté,,,,,,,,,,,5,2,6,1,3
200700026427,0007-05-13 01:45:00,7,5,13,1,45,700,240,,,,Nuit sans éclairage public,Hors agglomération,Hors intersection,Normale,Deux véhicules - frontale,,,,,,,,,,,3,1,1,1,1
200700026428,0007-05-29 08:45:00,7,5,29,8,45,700,41,grande rue,47.49,5.493,Plein jour,En agglomération,Hors intersection,Normale,Autre collision,,,,,,,,,,,1,2,1,1,6
200700026429,0007-05-02 19:00:00,7,5,2,19,0,700,198,rue Pasteur (RD36),47.56,5.681,Plein jour,En agglomération,Hors intersection,Temps couvert,Autre collision,,,,,,,,,,,1,2,1,8,6
200700026430,0007-05-28 14:15:00,7,5,28,14,15,700,509,,,,Plein jour,Hors agglomération,Hors intersection,Normale,Autre collision,,,,,,,,,,,1,1,1,1,6
200700026431,0007-05-06 11:45:00,7,5,6,11,45,900,12,RUE DES LILAS,,,Plein jour,En agglomération,Hors intersection,Temps éblouissant,Deux véhicules - côté,,,,,,,,,,,1,2,1,7,3
200700026432,0007-05-26 04:45:00,7,5,26,4,45,900,68,,,,Crépuscule ou aube,Hors agglomération,Hors intersection,Normale,Autre collision,,,,,,,,,,,2,1,1,1,6
200700026433,0007-05-31 11:00:00,7,5,31,11,0,900,15,,,,Plein jour,Hors agglomération,Hors intersection,Normale,Trois véhicules et plus - collisions multiples,,,,,,,,,,,1,1,1,1,5
200700026434,0007-05-31 13:30:00,7,5,31,13,30,900,104,rue de Brebotte,,,Plein jour,En agglomération,Hors intersection,Normale,Deux véhicules - frontale,,,,,,,,,,,1,2,1,1,1
200700026435,0007-05-19 15:45:00,7,5,19,15,45,260,121,,,,Nuit sans éclairage public,Hors agglomération,Hors intersection,Normale,Trois véhicules et plus - collisions multiples,,,,,,,,,,,3,1,1,1,5
200700026436,0007-05-26 19:30:00,7,5,26,19,30,130,109,allée Louis Philibert,,,Plein jour,En agglomération,Hors intersection,Normale,Sans collision,,,,,,,,,,,1,2,1,1,7
200700026437,0007-05-31 10:00:00,7,5,31,10,0,130,19,,,,Plein jour,Hors agglomération,Hors intersection,Normale,Trois véhicules et plus - collisions multiples,,,,,,,,,,,1,1,1,1,5
200700026438,0007-05-19 15:00:00,7,5,19,15,0,130,72,,43.455,5.595,Plein jour,Hors agglomération,Hors intersection,Normale,Sans collision,,,,,,,,,,,1,1,1,1,7
200700026439,0007-05-01 22:45:00,7,5,1,22,45,130,66,,,,Nuit sans éclairage public,Hors agglomération,Hors intersection,Pluie légère,Autre collision,,,,,,,,,,,3,1,1,2,6
200700026440,0007-05-31 15:45:00,7,5,31,15,45,130,66,,,,Plein jour,Hors agglomération,Hors intersection,Pluie légère,Autre collision,,,,,,,,,,,1,1,1,2,6
200700026441,0007-05-03 11:30:00,7,5,3,11,30,130,96,,,,Plein jour,Hors agglomération,Hors intersection,Pluie forte,Sans collision,,,,,,,,,,,1,1,1,3,7
200700026442,0007-05-19 07:15:00,7,5,19,7,15,130,97,,,,Plein jour,Hors agglomération,Hors intersection,Normale,Autre collision,,,,,,,,,,,1,1,1,1,6
200700026443,0007-05-26 14:00:00,7,5,26,14,0,130,100,Avenue Marechal Koening,,,Plein jour,En agglomération,Hors intersection,Normale,Deux véhicules - côté,,,,,,,,,,,1,2,1,1,3
200700026444,0007-05-01 09:15:00,7,5,1,9,15,130,30,,,,Plein jour,Hors agglomération,Intersection en T,Normale,Deux véhicules - côté,,,,,,,,,,,1,1,3,1,3
200700026445,0007-05-12 17:30:00,7,5,12,17,30,130,30,,,,Plein jour,Hors agglomération,Hors intersection,Normale,Deux véhicules - côté,,,,,,,,,,,1,1,1,1,3
200700026446,0007-05-09 18:30:00,7,5,9,18,30,130,101,CD 7 Qt du Grand Puech,,,Plein jour,En agglomération,Intersection en T,Normale,Deux véhicules - frontale,,,,,,,,,,,1,2,3,1,1
200700026447,0007-05-27 13:30:00,7,5,27,13,30,130,7,,,,Plein jour,Hors agglomération,Hors intersection,Normale,Deux véhicules - frontale,,,,,,,,,,,1,1,1,1,1
200700026448,0007-05-04 19:45:00,7,5,4,19,45,130,92,,43.535,5.106,Crépuscule ou aube,Hors agglomération,Hors intersection,Pluie légère,Sans collision,,,,,,,,,,,2,1,1,2,7
200700026449,0007-05-13 01:30:00,7,5,13,1,30,130,14,avenue du 8 mai 1945,,,Nuit avec éclairage allumé,En agglomération,Hors intersection,Normale,Autre collision,,,,,,,,,,,5,2,1,1,6
200700026450,0007-05-30 08:15:00,7,5,30,8,15,130,92,intersection CD10/CD15,,,Plein jour,En agglomération,Hors intersection,Normale,Autre collision,,,,,,,,,,,1,2,1,1,6
200700026451,0007-05-11 15:00:00,7,5,11,15,0,130,105,,,,Plein jour,Hors agglomération,Hors intersection,Normale,Deux véhicules - arrière,,,,,,,,,,,1,1,1,1,2
200700026452,0007-05-23 16:30:00,7,5,23,16,30,130,105,,,,Plein jour,Hors agglomération,Hors intersection,Normale,Deux véhicules - frontale,,,,,,,,,,,1,1,1,1,1
200700026453,0007-05-13 14:45:00,7,5,13,14,45,130,67,,,,Plein jour,Hors agglomération,Hors intersection,Normale,Autre collision,,,,,,,,,,,1,1,1,1,6
200700026454,0007-05-16 19:00:00,7,5,16,19,0,130,18,,43.866,4.953,Plein jour,En agglomération,Intersection en Y,Normale,Deux véhicules - côté,,,,,,,,,,,1,2,4,1,3
200700026455,0007-05-09 16:45:00,7,5,9,16,45,130,81,,43.527,5.198,Plein jour,Hors agglomération,Hors intersection,Normale,Deux véhicules - côté,,,,,,,,,,,1,1,1,1,3
200700026456,0007-05-25 07:45:00,7,5,25,7,45,130,81,,43.521,5.201,Plein jour,Hors agglomération,Hors intersection,Normale,Deux véhicules - côté,,,,,,,,,,,1,1,1,1,3