accident_id,datetime,annee,mois,jour,heure,minute,departement,commune_insee,adresse,latitude,longitude,luminosite,agglomeration,intersection,meteo,collision,nb_vehicules,nb_usagers,nb_indemnes,nb_tues,nb_blesses_hosp,nb_blesses_legers,age_cond_1,age_cond_2,veh_type_cond_1,veh_type_cond_2,lum_code,agg_code,int_code,atm_code,col_code
200700026598,0007-05-12 08:30:00,7,5,12,8,30,110,258,,,,Plein jour,Hors agglomération,Hors intersection,Normale,Trois véhicules et plus - en chaîne,,,,,,,,,,,1,1,1,1,4
200700026599,0007-05-05 09:15:00,7,5,5,9,15,110,170,Quaid e l'Etang,,,Plein jour,En agglomération,Hors intersection,Normale,Autre collision,,,,,,,,,,,1,2,1,1,6
200700026600,0007-05-13 02:00:00,7,5,13,2,0,110,307,,,,Nuit sans éclairage public,Hors agglomération,Hors intersection,Normale,Autre collision,,,,,,,,,,,3,1,1,1,6
200700026601,0007-05-17 18:15:00,7,5,17,18,15,110,170,,,,Plein jour,Hors agglomération,Hors intersection,Normale,Deux véhicules - côté,,,,,,,,,,,1,1,1,1,3
200700026602,0007-05-03 13:00:00,7,5,3,13,0,110,170,RUE DU CARRELET,,,Plein jour,En agglomération,Hors intersection,Pluie légère,Deux véhicules - frontale,,,,,,,,,,,1,2,1,2,1
200700026603,0007-05-27 18:00:00,7,5,27,18,0,110,366,,43.292,2.855,Plein jour,Hors agglomération,Hors intersection,Normale,Sans collision,,,,,,,,,,,1,1,1,1,7
200700026604,0007-05-14 14:00:00,7,5,14,14,0,110,266,,,,Plein jour,Hors agglomération,Hors intersection,Normale,Deux véhicules - frontale,,,,,,,,,,,1,1,1,1,1
200700026605,0007-05-25 14:45:00,7,5,25,14,45,300,133,RUE MICHEL REDARES,43.539,4.137,Plein jour,En agglomération,Hors intersection,Normale,Autre collision,,,,,,,,,,,1,2,1,1,6
200700026606,0007-05-12 11:15:00,7,5,12,11,15,300,62,,43.784,4.198,Plein jour,Hors agglomération,Intersection en Y,Normale,Deux véhicules - côté,,,,,,,,,,,1,1,4,1,3
200700026607,0007-05-12 18:00:00,7,5,12,18,0,300,62,AVENUE DELATTRRE DE TASS,43.785,4.198,Plein jour,En agglomération,Autre intersection,Normale,Autre collision,,,,,,,,,,,1,2,9,1,6
200700026608,0007-05-13 13:15:00,7,5,13,13,15,300,257,rond point de ST GERVASY,,,Plein jour,En agglomération,Giratoire,Normale,Sans collision,,,,,,,,,,,1,2,6,1,7
200700026609,0007-05-26 12:15:00,7,5,26,12,15,300,258,RN 572,,,Plein jour,Hors agglomération,Hors intersection,Normale,Trois véhicules et plus - collisions multiples,,,,,,,,,,,1,1,1,1,5
200700026610,0007-05-09 03:00:00,7,5,9,3,0,300,83,,43.726,4.211,Nuit sans éclairage public,Hors agglomération,Hors intersection,Normale,Autre collision,,,,,,,,,,,3,1,1,1,6
200700026611,0007-05-10 19:15:00,7,5,10,19,15,300,123,,43.728,4.181,Plein jour,Hors agglomération,Giratoire,Normale,Deux véhicules - côté,,,,,,,,,,,1,1,6,1,3
200700026612,0007-05-31 17:30:00,7,5,31,17,30,300,341,RUE DE SAINT GILLES,43.693,4.278,Plein jour,En agglomération,Hors intersection,Normale,Deux véhicules - frontale,,,,,,,,,,,1,2,1,1,1
200700026613,0007-05-28 19:30:00,7,5,28,19,30,300,341,rue de la passée,,,Plein jour,En agglomération,Hors intersection,Normale,Deux véhicules - côté,,,,,,,,,,,1,2,1,1,3
200700026614,0007-05-03 12:00:00,7,5,3,12,0,300,330,LA MADELEINE,44.04,4.004,Plein jour,En agglomération,Intersection en T,Pluie légère,Trois véhicules et plus - collisions multiples,,,,,,,,,,,1,2,3,2,5
200700026615,0007-05-24 20:30:00,7,5,24,20,30,300,42,,44.062,4.011,Plein jour,Hors agglomération,Hors intersection,Normale,Autre collision,,,,,,,,,,,1,1,1,1,6
200700026616,0007-05-01 19:30:00,7,5,1,19,30,300,2,,,,Nuit sans éclairage public,Hors agglomération,Hors intersection,Pluie légère,Autre collision,,,,,,,,,,,3,1,1,2,6
200700026617,0007-05-22 07:45:00,7,5,22,7,45,300,53,,,,Plein jour,Hors agglomération,Hors intersection,Normale,Trois véhicules et plus - collisions multiples,,,,,,,,,,,1,1,1,1,5
200700026618,0007-05-25 09:00:00,7,5,25,9,0,300,46,,44.002,4.187,Plein jour,Hors agglomération,Hors intersection,Normale,Deux véhicules - arrière,,,,,,,,,,,1,1,1,1,2
200700026619,0007-05-24 16:15:00,7,5,24,16,15,300,334,,44.04,4.4,Plein jour,Hors agglomération,Hors intersection,Normale,Deux véhicules - côté,,,,,,,,,,,1,1,1,1,3
200700026620,0007-05-26 15:30:00,7,5,26,15,30,300,151,,44.13,4.39,Plein jour,Hors agglomération,Hors intersection,Normale,Trois véhicules et plus - collisions multiples,,,,,,,,,,,1,1,1,1,5
200700026621,0007-05-07 14:15:00,7,5,7,14,15,300,131,,,,Plein jour,Hors agglomération,Hors intersection,Normale,Deux véhicules - frontale,,,,,,,,,,,1,1,1,1,1
200700026622,0007-05-22 14:30:00,7,5,22,14,30,300,260,,43.98,4.579,Plein jour,Hors agglomération,Hors intersection,Normale,Deux véhicules - côté,,,,,,,,,,,1,1,1,1,3
200700026623,0007-05-24 10:00:00,7,5,24,10,0,300,212,,43.943,4.577,Plein jour,Hors agglomération,Hors intersection,Normale,Trois véhicules et plus - en chaîne,,,,,,,,,,,1,1,1,1,4
200700026624,0007-05-28 16:45:00,7,5,28,16,45,300,12,,43.889,4.682,Plein jour,Hors agglomération,Hors intersection,Normale,Deux véhicules - frontale,,,,,,,,,,,1,1,1,1,1
200700026625,0007-05-06 10:00:00,7,5,6,10,0,300,315,RN 100,,,Plein jour,Hors agglomération,Hors intersection,Normale,Deux véhicules - frontale,,,,,,,,,,,1,1,1,1,1
200700026626,0007-05-22 14:15:00,7,5,22,14,15,300,217,chemin du planas,43.979,4.691,Plein jour,En agglomération,Hors intersection,Normale,Deux véhicules - frontale,,,,,,,,,,,1,2,1,1,1
200700026627,0007-05-21 18:30:00,7,5,21,18,30,300,312,,44.038,4.791,Plein jour,Hors agglomération,Hors intersection,Normale,Deux véhicules - frontale,,,,,,,,,,,1,1,1,1,1
200700026628,0007-05-03 11:15:00,7,5,3,11,15,300,281,,,,Plein jour,Hors agglomération,Hors intersection,Pluie forte,Deux véhicules - frontale,,,,,,,,,,,1,1,1,3,1
200700026629,0007-05-08 07:15:00,7,5,8,7,15,300,193,,,,Plein jour,Hors agglomération,Hors intersection,Normale,Autre collision,,,,,,,,,,,1,1,1,1,6
200700026630,0007-05-09 15:00:00,7,5,9,15,0,300,30,RD981 route d'Alès,,,Plein jour,En agglomération,Hors intersection,Normale,Deux véhicules - côté,,,,,,,,,,,1,2,1,1,3
200700026631,0007-05-05 12:00:00,7,5,5,12,0,300,350,Boulevard des Châtaignie,43.993,3.603,Plein jour,En agglomération,Intersection en T,Normale,Deux véhicules - côté,,,,,,,,,,,1,2,3,1,3
200700026632,0007-05-25 07:45:00,7,5,25,7,45,300,170,,43.979,3.589,Plein jour,Hors agglomération,Hors intersection,Normale,Deux véhicules - frontale,,,,,,,,,,,1,1,1,1,1
200700026633,0007-05-24 13:15:00,7,5,24,13,15,300,350,BD CHATAIGNIERS,43.994,3.604,Plein jour,En agglomération,Hors intersection,Normale,Deux véhicules - côté,,,,,,,,,,,1,2,1,1,3
200700026634,0007-05-18 08:30:00,7,5,18,8,30,300,329,,44.08,3.932,Plein jour,Hors agglomération,Hors intersection,Normale,Sans collision,,,,,,,,,,,1,1,1,1,7
200700026635,0007-05-06 15:00:00,7,5,6,15,0,300,349,,,,Plein jour,Hors agglomération,Hors intersection,Normale,Sans collision,,,,,,,,,,,1,1,1,1,7
200700026636,0007-05-19 10:15:00,7,5,19,10,15,300,121,,,,Plein jour,Hors agglomération,Hors intersection,Normale,Trois véhicules et plus - collisions multiples,,,,,,,,,,,1,1,1,1,5
200700026637,0007-05-03 09:45:00,7,5,3,9,45,480,16,,44.487,3.429,Plein jour,Hors agglomération,Hors intersection,Pluie légère,Trois véhicules et plus - en chaîne,,,,,,,,,,,1,1,1,2,4
200700026638,0007-05-19 14:30:00,7,5,19,14,30,480,42,,44.574,3.495,Plein jour,Hors agglomération,Hors intersection,Normale,Sans collision,,,,,,,,,,,1,1,1,1,7
200700026639,0007-05-18 17:45:00,7,5,18,17,45,480,166,,,,Plein jour,Hors agglomération,Hors intersection,Normale,Deux véhicules - côté,,,,,,,,,,,1,1,1,1,3
200700026640,0007-05-14 08:15:00,7,5,14,8,15,480,178,,,,Plein jour,Hors agglomération,Hors intersection,Pluie forte,Deux véhicules - frontale,,,,,,,,,,,1,1,1,3,1
200700026641,0007-05-18 16:00:00,7,5,18,16,0,480,92,,,,Plein jour,En agglomération,Autre intersection,Normale,Autre collision,,,,,,,,,,,1,2,9,1,6
200700026642,0007-05-07 10:00:00,7,5,7,10,0,480,188,,44.712,3.385,Plein jour,Hors agglomération,Hors intersection,Normale,Autre collision,,,,,,,,,,,1,1,1,1,6
200700026643,0007-05-16 11:45:00,7,5,16,11,45,480,128,,44.778,3.324,Plein jour,Hors agglomération,Hors intersection,Temps couvert,Deux véhicules - frontale,,,,,,,,,,,1,1,1,8,1
200700026644,0007-05-12 08:30:00,7,5,12,8,30,660,114,,,,Plein jour,Hors agglomération,Giratoire,Normale,Deux véhicules - côté,,,,,,,,,,,1,1,6,1,3
200700026645,0007-05-12 04:30:00,7,5,12,4,30,660,71,,42.767,2.706,Nuit sans éclairage public,Hors agglomération,Hors intersection,Normale,Autre collision,,,,,,,,,,,3,1,1,1,6
200700026646,0007-05-14 14:00:00,7,5,14,14,0,660,46,,42.808,2.414,Plein jour,Hors agglomération,Hors intersection,Normale,Sans collision,,,,,,,,,,,1,1,1,1,7
200700026647,0007-05-20 19:45:00,7,5,20,19,45,660,107,AVENUE JEAN JAURES,42.814,2.603,Plein jour,En agglomération,Giratoire,Normale,Sans collision,,,,,,,,,,,1,2,6,1,7
200700026648,0007-05-13 15:25:00,7,5,13,15,25,660,231,PR 4+900,,,Plein jour,Hors agglomération,Hors intersection,Normale,Autre collision,,,,,,,,,,,1,1,1,1,6
200700026649,0007-05-28 12:30:00,7,5,28,12,30,660,164,av de l'Aérodrome CD 614,42.766,2.869,Plein jour,En agglomération,Hors intersection,Vent fort / tempête,Autre collision,,,,,,,,,,,1,2,1,6,6
200700026650,0007-05-30 17:15:00,7,5,30,17,15,660,171,,42.62,2.987,Plein jour,Hors agglomération,Hors intersection,Normale,Deux véhicules - côté,,,,,,,,,,,1,1,1,1,3
200700026651,0007-05-07 10:00:00,7,5,7,10,0,660,180,AV DELATRE DE TASSIGNY,,,Plein jour,En agglomération,Hors intersection,Normale,Autre collision,,,,,,,,,,,1,2,1,1,6
200700026652,0007-05-15 20:30:00,7,5,15,20,30,660,212,PLACE LOUIS BLASI,,,Plein jour,En agglomération,Hors intersection,Normale,Autre collision,,,,,,,,,,,1,2,1,1,6
200700026653,0007-05-27 01:45:00,7,5,27,1,45,660,212,,,,Nuit sans éclairage public,Hors agglomération,Hors intersection,Normale,Deux véhicules - côté,,,,,,,,,,,3,1,1,1,3
200700026654,0007-05-30 17:35:00,7,5,30,17,35,660,160,"dit "" Les Escopussades""",,,Plein jour,Hors agglomération,Hors intersection,Normale,Deux véhicules - frontale,,,,,,,,,,,1,1,1,1,1
200700026655,0007-05-23 23:15:00,7,5,23,23,15,660,8,"sortie n° 11, RD 914",,,Nuit sans éclairage public,En agglomération,Hors intersection,Normale,Sans collision,,,,,,,,,,,3,2,1,1,7
200700026656,0007-05-27 10:45:00,7,5,27,10,45,660,15,avenue des vendanges,,,Plein jour,En agglomération,Giratoire,Normale,Autre collision,,,,,,,,,,,1,2,6,1,6
200700026657,0007-05-18 17:15:00,7,5,18,17,15,660,148,Quai Pierre Forgas,42.523,3.108,Plein jour,En agglomération,Autre intersection,Normale,Autre collision,,,,,,,,,,,1,2,9,1,6
200700026658,0007-05-13 22:00:00,7,5,13,22,0,660,150,,,,Nuit sans éclairage public,Hors agglomération,Hors intersection,Normale,Sans collision,,,,,,,,,,,3,1,1,1,7
200700026659,0007-05-08 19:30:00,7,5,8,19,30,660,209,,,,Plein jour,Hors agglomération,Hors intersection,Normale,Autre collision,,,,,,,,,,,1,1,1,1,6
200700026660,0007-05-29 15:00:00,7,5,29,15,0,660,85,,,,Plein jour,Hors agglomération,Hors intersection,Normale,Autre collision,,,,,,,,,,,1,1,1,1,6
200700026661,0007-05-05 04:15:00,7,5,5,4,15,660,25,RN 116,,,Nuit sans éclairage public,Hors agglomération,Hors intersection,Pluie légère,Autre collision,,,,,,,,,,,3,1,1,2,6
200700026662,0007-05-26 15:15:00,7,5,26,15,15,660,167,e des Comtes de Cerdagne,,,Plein jour,En agglomération,Hors intersection,Normale,Deux véhicules - côté,,,,,,,,,,,1,2,1,1,3
200700026663,0007-05-25 16:30:00,7,5,25,16,30,660,80,,,,Plein jour,Hors agglomération,Hors intersection,Normale,Deux véhicules - côté,,,,,,,,,,,1,1,1,1,3
200700026664,0007-05-06 17:15:00,7,5,6,17,15,660,88,9 avenue Pasteur,,,Plein jour,En agglomération,Intersection en T,Normale,Deux véhicules - côté,,,,,,,,,,,1,2,3,1,3
200700026665,0007-05-16 19:15:00,7,5,16,19,15,201,130,,,,Plein jour,Hors agglomération,Hors intersection,Normale,Deux véhicules - côté,,,,,,,,,,,1,1,1,1,3
200700026666,0007-05-25 17:30:00,7,5,25,17,30,201,228,,,,Plein jour,Hors agglomération,Intersection en T,Normale,Deux véhicules - côté,,,,,,,,,,,1,1,3,1,3
200700026667,0007-05-13 09:45:00,7,5,13,9,45,201,17,,,,Plein jour,Hors agglomération,Hors intersection,Normale,Trois véhicules et plus - en chaîne,,,,,,,,,,,1,1,1,1,4
200700026668,0007-05-09 19:00:00,7,5,9,19,0,201,41,carrefour de Santa Manza,,,Plein jour,Hors agglomération,Hors intersection,Normale,Trois véhicules et plus - collisions multiples,,,,,,,,,,,1,1,1,1,5
200700026669,0007-05-14 10:00:00,7,5,14,10,0,201,114,,41.482,9.088,Plein jour,Hors agglomération,Hors intersection,Normale,Deux véhicules - côté,,,,,,,,,,,1,1,1,1,3
200700026670,0007-05-06 11:00:00,7,5,6,11,0,201,272,carrière DELOVO PK75+300,,,Plein jour,Hors agglomération,Hors intersection,Normale,Deux véhicules - arrière,,,,,,,,,,,1,1,1,1,2
200700026671,0007-05-31 09:15:00,7,5,31,9,15,201,276,,,,Plein jour,Hors agglomération,Hors intersection,Normale,Deux véhicules - côté,,,,,,,,,,,1,1,1,1,3
200700026672,0007-05-05 17:45:00,7,5,5,17,45,202,233,,42.916,9.354,Plein jour,Hors agglomération,Hors intersection,Normale,Deux véhicules - frontale,,,,,,,,,,,1,1,1,1,1
200700026673,0007-05-31 19:00:00,7,5,31,19,0,202,314,,,,Plein jour,Hors agglomération,Hors intersection,Normale,Autre collision,,,,,,,,,,,1,1,1,1,6
200700026674,0007-05-06 06:00:00,7,5,6,6,0,202,49,,42.536,8.827,Crépuscule ou aube,Hors agglomération,Giratoire,Normale,Autre collision,,,,,,,,,,,2,1,6,1,6
200700026675,0007-05-12 10:00:00,7,5,12,10,0,202,150,RN 197,,,Plein jour,Hors agglomération,Hors intersection,Normale,Deux véhicules - frontale,,,,,,,,,,,1,1,1,1,1
200700026676,0007-05-14 16:45:00,7,5,14,16,45,202,150,,,,Plein jour,Hors agglomération,Hors intersection,Normale,Deux véhicules - frontale,,,,,,,,,,,1,1,1,1,1
200700026677,0007-05-18 12:15:00,7,5,18,12,15,202,121,,,,Plein jour,Hors agglomération,Hors intersection,Normale,Sans collision,,,,,,,,,,,1,1,1,1,7
200700026678,0007-05-25 17:00:00,7,5,25,17,0,202,121,,42.422,8.715,Plein jour,Hors agglomération,Hors intersection,Normale,Sans collision,,,,,,,,,,,1,1,1,1,7
200700026679,0007-05-30 17:50:00,7,5,30,17,50,202,150,san ambroggio,,,Plein jour,Hors agglomération,Hors intersection,Normale,Autre collision,,,,,,,,,,,1,1,1,1,6
200700026680,0007-05-30 18:15:00,7,5,30,18,15,202,50,,42.565,8.802,Plein jour,Hors agglomération,Hors intersection,Normale,Deux véhicules - arrière,,,,,,,,,,,1,1,1,1,2
200700026681,0007-05-01 15:30:00,7,5,1,15,30,202,134,ROUTE DE Calvi,42.635,8.934,Nuit avec éclairage allumé,En agglomération,Hors intersection,Normale,Deux véhicules - frontale,,,,,,,,,,,5,2,1,1,1
200700026682,0007-05-08 23:45:00,7,5,8,23,45,202,168,Lieudit GUARDIOLA,,,Nuit sans éclairage public,En agglomération,Hors intersection,Normale,Sans collision,,,,,,,,,,,3,2,1,1,7
200700026683,0007-05-23 13:00:00,7,5,23,13,0,202,134,Rue Orabona,,,Plein jour,En agglomération,Hors intersection,Normale,Deux véhicules - côté,,,,,,,,,,,1,2,1,1,3
200700026684,0007-05-28 18:15:00,7,5,28,18,15,202,238,,42.266,9.211,Plein jour,Hors agglomération,Hors intersection,Pluie forte,Deux véhicules - frontale,,,,,,,,,,,1,1,1,3,1
200700026685,0007-05-11 19:45:00,7,5,11,19,45,202,169,,,,Plein jour,Hors agglomération,Hors intersection,Normale,Deux véhicules - frontale,,,,,,,,,,,1,1,1,1,1
200700026686,0007-05-24 18:15:00,7,5,24,18,15,202,220,,,,Plein jour,Hors agglomération,Hors intersection,Normale,Sans collision,,,,,,,,,,,1,1,1,1,7
200700026687,0007-05-29 16:30:00,7,5,29,16,30,202,251,Route Nationale 198,,,Plein jour,En agglomération,Hors intersection,Normale,Deux véhicules - frontale,,,,,,,,,,,1,2,1,1,1
200700026688,0007-05-05 02:45:00,7,5,5,2,45,202,286,,,,Nuit sans éclairage public,Hors agglomération,Hors intersection,Temps couvert,Deux véhicules - frontale,,,,,,,,,,,3,1,1,8,1
200700026689,0007-05-09 15:15:00,7,5,9,15,15,202,242,"RN 198, sens NORD / SUD",,,Plein jour,En agglomération,Hors intersection,Normale,Deux véhicules - côté,,,,,,,,,,,1,2,1,1,3
200700026690,0007-05-14 10:30:00,7,5,14,10,30,202,166,,,,Plein jour,Hors agglomération,Hors intersection,Normale,Trois véhicules et plus - en chaîne,,,,,,,,,,,1,1,1,1,4
200700026691,0007-05-16 17:15:00,7,5,16,17,15,202,346,Lieu dit arena,42.506,9.466,Plein jour,En agglomération,Hors intersection,Normale,Deux véhicules - arrière,,,,,,,,,,,1,2,1,1,2
200700026692,0007-05-21 14:15:00,7,5,21,14,15,202,343,RN 198,,,Plein jour,Hors agglomération,Hors intersection,Normale,Deux véhicules - frontale,,,,,,,,,,,1,1,1,1,1
200700026693,0007-05-23 15:45:00,7,5,23,15,45,202,346,arena,42.507,9.465,Plein jour,En agglomération,Hors intersection,Normale,Deux véhicules - côté,,,,,,,,,,,1,2,1,1,3
200700026694,0007-05-05 18:45:00,7,5,5,18,45,780,231,RD 928,48.952,1.645,Plein jour,Hors agglomération,Hors intersection,Normale,Deux véhicules - frontale,,,,,,,,,,,1,1,1,1,1
200700026695,0007-05-24 07:00:00,7,5,24,7,0,780,68,,,,Plein jour,Hors agglomération,Hors intersection,Normale,Deux véhicules - côté,,,,,,,,,,,1,1,1,1,3
200700026696,0007-05-23 20:00:00,7,5,23,20,0,780,255,RD113,49.035,1.606,Plein jour,En agglomération,Hors intersection,Normale,Deux véhicules - frontale,,,,,,,,,,,1,2,1,1,1
200700026697,0007-05-24 15:00:00,7,5,24,15,0,780,246,,,,Plein jour,Hors agglomération,Hors intersection,Normale,Autre collision,,,,,,,,,,,1,1,1,1,6
200700026698,0007-05-22 11:15:00,7,5,22,11,15,780,310,ond point de la prévauté,,,Plein jour,Hors agglomération,Hors intersection,Normale,Deux véhicules - frontale,,,,,,,,,,,1,1,1,1,1
200700026699,0007-05-30 19:30:00,7,5,30,19,30,780,415,,,,Plein jour,Hors agglomération,Hors intersection,Temps couvert,Deux véhicules - frontale,,,,,,,,,,,1,1,1,8,1
200700026700,0007-05-05 02:45:00,7,5,5,2,45,780,3,,48.54,1.83,Nuit sans éclairage public,Hors agglomération,Hors intersection,Temps couvert,Deux véhicules - frontale,,,,,,,,,,,3,1,1,8,1
200700026701,0007-05-24 11:30:00,7,5,24,11,30,780,71,,,,Plein jour,Hors agglomération,Hors intersection,Normale,Deux véhicules - arrière,,,,,,,,,,,1,1,1,1,2
200700026702,0007-05-01 17:45:00,7,5,1,17,45,780,548,,48.715,1.991,Plein jour,Hors agglomération,Hors intersection,Normale,Deux véhicules - frontale,,,,,,,,,,,1,1,1,1,1
200700026703,0007-05-09 16:55:00,7,5,9,16,55,780,389,DE L ARBRE  A  LA QUENEE,,,Plein jour,Hors agglomération,Hors intersection,Normale,Deux véhicules - côté,,,,,,,,,,,1,1,1,1,3
200700026704,0007-05-01 09:30:00,7,5,1,9,30,780,623,,48.805,1.941,Plein jour,Hors agglomération,Hors intersection,Normale,Sans collision,,,,,,,,,,,1,1,1,1,7
200700026705,0007-05-10 17:30:00,7,5,10,17,30,780,321,PARKING COLLEGE F RABELA,48.858,1.906,Plein jour,En agglomération,Place,Normale,Autre collision,,,,,,,,,,,1,2,7,1,6
200700026706,0007-05-16 21:15:00,7,5,16,21,15,780,616,rue pavillonde Montreuil,,,Nuit sans éclairage public,En agglomération,Hors intersection,Pluie légère,Autre collision,,,,,,,,,,,3,2,1,2,6
200700026707,0007-05-02 16:45:00,7,5,2,16,45,780,601,"RN 10, PK 39+500",,,Plein jour,Hors agglomération,Hors intersection,Normale,Trois véhicules et plus - collisions multiples,,,,,,,,,,,1,1,1,1,5
200700026708,0007-05-10 21:30:00,7,5,10,21,30,780,349,CD 149,,,Nuit sans éclairage public,Hors agglomération,Intersection en T,Normale,Deux véhicules - frontale,,,,,,,,,,,3,1,3,1,1
200700026709,0007-05-12 03:15:00,7,5,12,3,15,780,349,,,,Nuit sans éclairage public,Hors agglomération,Hors intersection,Pluie légère,Deux véhicules - frontale,,,,,,,,,,,3,1,1,2,1
200700026710,0007-05-27 09:45:00,7,5,27,9,45,910,37,,48.531,2.483,Plein jour,Hors agglomération,Hors intersection,Normale,Deux véhicules - frontale,,,,,,,,,,,1,1,1,1,1
200700026711,0007-05-13 14:45:00,7,5,13,14,45,910,200,,,,Plein jour,Hors agglomération,Hors intersection,Vent fort / tempête,Sans collision,,,,,,,,,,,1,1,1,6,7
200700026712,0007-05-14 12:50:00,7,5,14,12,50,910,200,Chemin de l'étang,,,Plein jour,En agglomération,Hors intersection,Normale,Deux véhicules - frontale,,,,,,,,,,,1,2,1,1,1
200700026713,0007-05-20 15:45:00,7,5,20,15,45,910,200,avenu de Chateaudun,48.532,2.012,Plein jour,En agglomération,Hors intersection,Pluie forte,Autre collision,,,,,,,,,,,1,2,1,3,6
200700026714,0007-05-20 17:45:00,7,5,20,17,45,910,200,,48.532,1.972,Plein jour,Hors agglomération,Hors intersection,Pluie forte,Sans collision,,,,,,,,,,,1,1,1,3,7
200700026715,0007-05-14 21:15:00,7,5,14,21,15,910,226,RN 20,48.497,2.198,Nuit sans éclairage public,Hors agglomération,Hors intersection,Normale,Sans collision,,,,,,,,,,,3,1,1,1,7
200700026716,0007-05-05 16:45:00,7,5,5,16,45,910,315,"lieu dit "" LES AUBINS""",,,Plein jour,Hors agglomération,Hors intersection,Normale,Deux véhicules - côté,,,,,,,,,,,1,1,1,1,3
200700026717,0007-05-18 21:40:00,7,5,18,21,40,910,579,Route du petit St Vrain,48.543,2.323,Nuit avec éclairage allumé,En agglomération,Hors intersection,Temps couvert,Sans collision,,,,,,,,,,,5,2,1,8,7
200700026718,0007-05-24 23:00:00,7,5,24,23,0,910,665,Division Leclerc,48.664,2.276,Nuit avec éclairage allumé,En agglomération,Hors intersection,Normale,Trois véhicules et plus - collisions multiples,,,,,,,,,,,5,2,1,1,5
200700026719,0007-05-04 10:00:00,7,5,4,10,0,910,272,rue Fernand Léger,,,Plein jour,En agglomération,Hors intersection,Normale,Deux véhicules - arrière,,,,,,,,,,,1,2,1,1,2
200700026720,0007-05-19 01:50:00,7,5,19,1,50,910,272,"de Belle Image, RN 306",,,Nuit avec éclairage allumé,Hors agglomération,Hors intersection,Pluie légère,Deux véhicules - frontale,,,,,,,,,,,5,1,1,2,1
200700026721,0007-05-16 08:30:00,7,5,16,8,30,950,355,Rond point de la demi lu,,,Plein jour,En agglomération,Giratoire,Normale,Deux véhicules - frontale,,,,,,,,,,,1,2,6,1,1
200700026722,0007-05-22 18:00:00,7,5,22,18,0,950,541,RUE ROUGET DE L'ISLE,,,Plein jour,En agglomération,Hors intersection,Normale,Autre collision,,,,,,,,,,,1,2,1,1,6
200700026723,0007-05-22 19:00:00,7,5,22,19,0,950,584,2 TOUR DE VIOSNE,49.128,1.952,Plein jour,En agglomération,Hors intersection,Normale,Autre collision,,,,,,,,,,,1,2,1,1,6
200700026724,0007-05-06 15:15:00,7,5,6,15,15,950,91,rue Louise Michel,,,Plein jour,En agglomération,Hors intersection,Normale,Deux véhicules - frontale,,,,,,,,,,,1,2,1,1,1
200700026725,0007-05-11 14:45:00,7,5,11,14,45,950,489,,,,Crépuscule ou aube,Hors agglomération,Hors intersection,Pluie légère,Deux véhicules - arrière,,,,,,,,,,,2,1,1,2,2
200700026726,0007-05-19 14:15:00,7,5,19,14,15,950,351,,49.061,2.518,Plein jour,Hors agglomération,Hors intersection,Normale,Deux véhicules - arrière,,,,,,,,,,,1,1,1,1,2
200700026727,0007-05-29 17:15:00,7,5,29,17,15,770,534,,48.64,2.78,Plein jour,Hors agglomération,Hors intersection,Normale,Trois véhicules et plus - collisions multiples,,,,,,,,,,,1,1,1,1,5
200700026728,0007-05-12 14:30:00,7,5,12,14,30,770,151,RD 215,48.71,3.16,Plein jour,Hors agglomération,Hors intersection,Normale,Autre collision,,,,,,,,,,,1,1,1,1,6
200700026729,0007-05-23 09:15:00,7,5,23,9,15,770,436,,48.793,3.172,Plein jour,Hors agglomération,Hors intersection,Normale,Deux véhicules - arrière,,,,,,,,,,,1,1,1,1,2
200700026730,0007-05-25 06:30:00,7,5,25,6,30,770,57,,48.925,3.266,Crépuscule ou aube,Hors agglomération,Hors intersection,Normale,Deux véhicules - arrière,,,,,,,,,,,2,1,1,1,2
200700026731,0007-05-22 17:30:00,7,5,22,17,30,770,508,,48.804,2.853,Plein jour,Hors agglomération,Intersection en X,Normale,Trois véhicules et plus - collisions multiples,,,,,,,,,,,1,1,2,1,5
200700026732,0007-05-12 19:00:00,7,5,12,19,0,770,264,,48.746,2.966,Plein jour,Hors agglomération,Hors intersection,Normale,Deux véhicules - frontale,,,,,,,,,,,1,1,1,1,1
200700026733,0007-05-23 17:30:00,7,5,23,17,30,770,41,,,,Plein jour,Hors agglomération,Hors intersection,Normale,Deux véhicules - côté,,,,,,,,,,,1,1,1,1,3
200700026734,0007-05-28 14:30:00,7,5,28,14,30,770,46,,48.269,2.443,Plein jour,Hors agglomération,Hors intersection,Pluie forte,Deux véhicules - côté,,,,,,,,,,,1,1,1,3,3
200700026735,0007-05-08 12:30:00,7,5,8,12,30,770,230,,48.201,2.558,Plein jour,Hors agglomération,Intersection en X,Normale,Deux véhicules - frontale,,,,,,,,,,,1,1,2,1,1
200700026736,0007-05-11 19:15:00,7,5,11,19,15,770,27,43 rue du Pont,48.135,2.48,Plein jour,En agglomération,Hors intersection,Normale,Deux véhicules - côté,,,,,,,,,,,1,2,1,1,3