accident_id,datetime,annee,mois,jour,heure,minute,departement,commune_insee,adresse,latitude,longitude,luminosite,agglomeration,intersection,meteo,collision,nb_vehicules,nb_usagers,nb_indemnes,nb_tues,nb_blesses_hosp,nb_blesses_legers,age_cond_1,age_cond_2,veh_type_cond_1,veh_type_cond_2,lum_code,agg_code,int_code,atm_code,col_code
200700027018,0007-05-21 20:15:00,7,5,21,20,15,340,192,RUE DU MISTRAL A CARNON,43.55,3.978,Plein jour,En agglomération,Hors intersection,Temps éblouissant,Autre collision,,,,,,,,,,,1,2,1,7,6
200700027019,0007-05-02 07:45:00,7,5,2,7,45,760,591,,,,Plein jour,Hors agglomération,Hors intersection,Normale,Deux véhicules - côté,,,,,,,,,,,1,1,1,1,3
200700027020,0007-05-07 15:00:00,7,5,7,15,0,760,591,,49.447,1.178,Plein jour,Hors agglomération,Hors intersection,Temps couvert,Sans collision,,,,,,,,,,,1,1,1,8,7
200700027021,0007-05-24 19:30:00,7,5,24,19,30,760,146,,,,Plein jour,Hors agglomération,Hors intersection,Normale,Autre collision,,,,,,,,,,,1,1,1,1,6
200700027022,0007-05-02 20:45:00,7,5,2,20,45,710,269,,,,Plein jour,En agglomération,Hors intersection,Normale,Deux véhicules - arrière,,,,,,,,,,,1,2,1,1,2
200700027023,0007-05-25 11:15:00,7,5,25,11,15,310,351,,43.68,1.306,Plein jour,Hors agglomération,Hors intersection,Normale,Autre collision,,,,,,,,,,,1,1,1,1,6
200700027024,0007-05-21 18:00:00,7,5,21,18,0,250,542,Rue de la Faille,,,Plein jour,En agglomération,Hors intersection,Normale,Autre collision,,,,,,,,,,,1,2,1,1,6
200700027025,0007-05-19 05:00:00,7,5,19,5,0,950,510,,,,Crépuscule ou aube,Hors agglomération,Giratoire,Normale,Autre collision,,,,,,,,,,,2,1,6,1,6
200700027026,0007-05-06 18:30:00,7,5,6,18,30,560,94,,,,Plein jour,Hors agglomération,Hors intersection,Normale,Deux véhicules - côté,,,,,,,,,,,1,1,1,1,3
200700027027,0007-05-15 09:30:00,7,5,15,9,30,560,177,rue de l'église,47.779,-3.011,Plein jour,En agglomération,Hors intersection,Pluie légère,Autre collision,,,,,,,,,,,1,2,1,2,6
200700027028,0007-05-18 22:15:00,7,5,18,22,15,560,31,Forestière Locoal Camors,,,Nuit avec éclairage allumé,En agglomération,Hors intersection,Normale,Deux véhicules - frontale,,,,,,,,,,,5,2,1,1,1
200700027029,0007-05-26 18:30:00,7,5,26,18,30,560,94,,47.764,-3.269,Plein jour,Hors agglomération,Intersection en X,Normale,Deux véhicules - côté,,,,,,,,,,,1,1,2,1,3
200700027030,0007-05-25 13:30:00,7,5,25,13,30,350,24,,48.169,-1.672,Plein jour,Hors agglomération,Hors intersection,Normale,Deux véhicules - frontale,,,,,,,,,,,1,1,1,1,1
200700027031,0007-05-20 17:15:00,7,5,20,17,15,350,267,,48.406,-1.317,Plein jour,Hors agglomération,Hors intersection,Normale,Sans collision,,,,,,,,,,,1,1,1,1,7
200700027032,0007-05-06 11:30:00,7,5,6,11,30,370,166,,,,Plein jour,Hors agglomération,Hors intersection,Normale,Deux véhicules - arrière,,,,,,,,,,,1,1,1,1,2
200700027033,0007-05-11 13:30:00,7,5,11,13,30,300,141,,,,Plein jour,Hors agglomération,Hors intersection,Normale,Sans collision,,,,,,,,,,,1,1,1,1,7
200700027034,0007-05-19 10:30:00,7,5,19,10,30,370,261,,,,Plein jour,Hors agglomération,Hors intersection,Normale,Trois véhicules et plus - collisions multiples,,,,,,,,,,,1,1,1,1,5
200700027035,0007-05-30 08:30:00,7,5,30,8,30,370,122,,,,Plein jour,Hors agglomération,Hors intersection,Normale,Deux véhicules - arrière,,,,,,,,,,,1,1,1,1,2
200700027036,0007-05-11 07:15:00,7,5,11,7,15,830,131,D554,,,Plein jour,En agglomération,Hors intersection,Normale,Deux véhicules - côté,,,,,,,,,,,1,2,1,1,3
200700027037,0007-05-11 19:15:00,7,5,11,19,15,830,130,RN97 - ROND POINT ANDUES,,,Plein jour,En agglomération,Giratoire,Normale,Autre collision,,,,,,,,,,,1,2,6,1,6
200700027038,0007-05-01 18:50:00,7,5,1,18,50,10,53,BROU ( BD DU N°1 A 66 ),,,Plein jour,En agglomération,Intersection en T,Pluie forte,Autre collision,,,,,,,,,,,1,2,3,3,6
200700027039,0007-05-04 00:05:00,7,5,4,0,5,10,53,HERRIOT ( BOULEVARD EDOU,,,Nuit avec éclairage allumé,En agglomération,Intersection en T,Pluie légère,Autre collision,,,,,,,,,,,5,2,3,2,6
200700027040,0007-05-01 16:20:00,7,5,1,16,20,10,53,"3, JACQUARD ( RUE JOSEPH",,,Plein jour,En agglomération,Hors intersection,Pluie forte,Deux véhicules - côté,,,,,,,,,,,1,2,1,3,3
200700027041,0007-05-02 13:20:00,7,5,2,13,20,10,451,RN79,,,Plein jour,Hors agglomération,Giratoire,Normale,Deux véhicules - côté,,,,,,,,,,,1,1,6,1,3
200700027042,0007-05-08 22:35:00,7,5,8,22,35,10,451,MARBOZ RD 996 ( ROUTE DE,,,Nuit sans éclairage public,Hors agglomération,Hors intersection,Normale,Sans collision,,,,,,,,,,,3,1,1,1,7
200700027043,0007-05-19 10:20:00,7,5,19,10,20,10,289,LYON (AVE DE) JUSQ' N,,,Plein jour,En agglomération,Intersection en T,Normale,Deux véhicules - arrière,,,,,,,,,,,1,2,3,1,2
200700027044,0007-05-21 13:45:00,7,5,21,13,45,10,53,BERT (AVENUE PAUL),,,Plein jour,En agglomération,Intersection en Y,Normale,Autre collision,,,,,,,,,,,1,2,4,1,6
200700027045,0007-05-30 11:45:00,7,5,30,11,45,10,53,VALERY ( BD PAUL ) PAIR,,,Plein jour,En agglomération,Hors intersection,Normale,Autre collision,,,,,,,,,,,1,2,1,1,6
200700027046,0007-05-29 17:55:00,7,5,29,17,55,10,53,"12, VERDUN ( COURS DE )",,,Plein jour,En agglomération,Hors intersection,Normale,Autre collision,,,,,,,,,,,1,2,1,1,6
200700027047,0007-05-29 16:55:00,7,5,29,16,55,10,451,RN79,,,Plein jour,En agglomération,Hors intersection,Normale,Trois véhicules et plus - en chaîne,,,,,,,,,,,1,2,1,1,4
200700027048,0007-05-13 21:15:00,7,5,13,21,15,10,283,"3, ECHALLON (RUE D')",,,Crépuscule ou aube,En agglomération,Intersection en X,Normale,Deux véhicules - frontale,,,,,,,,,,,2,2,2,1,1
200700027049,0007-05-08 20:45:00,7,5,8,20,45,10,14,DORTAN (ROUTE DE),,,Nuit sans éclairage public,Hors agglomération,Hors intersection,Pluie légère,Deux véhicules - frontale,,,,,,,,,,,3,1,1,2,1
200700027050,0007-05-11 20:40:00,7,5,11,20,40,20,691,"66, GUISE (RUE DE)",,,Nuit avec éclairage allumé,En agglomération,Hors intersection,Pluie légère,Autre collision,,,,,,,,,,,5,2,1,2,6
200700027051,0007-05-23 18:05:00,7,5,23,18,5,20,691,"31, LANGRAND (RUE JEAN B",,,Plein jour,En agglomération,Hors intersection,Normale,Autre collision,,,,,,,,,,,1,2,1,1,6
200700027052,0007-05-21 17:45:00,7,5,21,17,45,20,722,"SANS, ARQUEBUSE ( RUE DE",,,Plein jour,Hors agglomération,Hors intersection,Normale,Deux véhicules - côté,,,,,,,,,,,1,1,1,1,3
200700027053,0007-05-17 13:20:00,7,5,17,13,20,20,258,EDOUARD BRANLY,,,Plein jour,En agglomération,Intersection en X,Normale,Deux véhicules - côté,,,,,,,,,,,1,2,2,1,3
200700027054,0007-05-16 08:45:00,7,5,16,8,45,20,258,LOUIS BLANC,,,Plein jour,En agglomération,Intersection en X,Pluie légère,Trois véhicules et plus - collisions multiples,,,,,,,,,,,1,2,2,2,5
200700027055,0007-05-26 13:40:00,7,5,26,13,40,20,260,CRECY,,,Plein jour,En agglomération,Hors intersection,Normale,Sans collision,,,,,,,,,,,1,2,1,1,7
200700027056,0007-05-04 08:00:00,7,5,4,8,0,30,185,"sans, CURIE ( RUE MARIE",,,Plein jour,En agglomération,Intersection en X,Normale,Deux véhicules - côté,,,,,,,,,,,1,2,2,1,3
200700027057,0007-05-04 10:00:00,7,5,4,10,0,30,185,"sans, MARAIS ( RUE DES )",,,Plein jour,En agglomération,Intersection en T,Normale,Autre collision,,,,,,,,,,,1,2,3,1,6
200700027058,0007-05-05 21:30:00,7,5,5,21,30,30,101,"17 A, JAURES ( RUE JEAN",,,Nuit avec éclairage allumé,En agglomération,Hors intersection,Normale,Autre collision,,,,,,,,,,,5,2,1,1,6
200700027059,0007-05-06 14:30:00,7,5,6,14,30,30,185,"sans, NEGRE ( AVENUE JEA",,,Plein jour,En agglomération,Intersection en X,Normale,Deux véhicules - côté,,,,,,,,,,,1,2,2,1,3
200700027060,0007-05-13 03:40:00,7,5,13,3,40,30,185,"110, KENNEDY ( AVENUE JO",,,Nuit avec éclairage allumé,En agglomération,Hors intersection,Normale,Autre collision,,,,,,,,,,,5,2,1,1,6
200700027061,0007-05-14 13:20:00,7,5,14,13,20,30,185,"26, VILLEBRET ( ROUTE DE",,,Plein jour,En agglomération,Intersection en X,Normale,Deux véhicules - côté,,,,,,,,,,,1,2,2,1,3
200700027062,0007-05-16 21:15:00,7,5,16,21,15,30,262,C D 301,,,Nuit sans éclairage public,Hors agglomération,Hors intersection,Normale,Deux véhicules - frontale,,,,,,,,,,,3,1,1,1,1
200700027063,0007-05-20 19:00:00,7,5,20,19,0,30,101,"78, LIBERATION ( RUE DE",,,Plein jour,Hors agglomération,Intersection en T,Normale,Deux véhicules - frontale,,,,,,,,,,,1,1,3,1,1
200700027064,0007-05-21 09:50:00,7,5,21,9,50,30,185,GALILLEE ( RUE ),,,Plein jour,En agglomération,Intersection en X,Normale,Deux véhicules - arrière,,,,,,,,,,,1,2,2,1,2
200700027065,0007-05-25 20:35:00,7,5,25,20,35,30,185,BEAULIEU ( RUE DE ),,,Plein jour,En agglomération,Intersection en T,Normale,Deux véhicules - arrière,,,,,,,,,,,1,2,3,1,2
200700027066,0007-05-02 17:30:00,7,5,2,17,30,30,190,"67, PONT CHINARD (RUE DU",,,Plein jour,En agglomération,Intersection en X,Normale,Deux véhicules - côté,,,,,,,,,,,1,2,2,1,3
200700027067,0007-05-10 09:20:00,7,5,10,9,20,30,321,"57, MONTBEUGNY (ROUTE DE",,,Plein jour,En agglomération,Intersection en T,Normale,Deux véhicules - arrière,,,,,,,,,,,1,2,3,1,2
200700027068,0007-05-15 14:30:00,7,5,15,14,30,30,13,"1, ISLES (AVENUE DES)",,,Plein jour,En agglomération,Intersection en X,Normale,Trois véhicules et plus - en chaîne,,,,,,,,,,,1,2,2,1,4
200700027069,0007-05-29 11:58:00,7,5,29,11,58,30,190,"75, ROCHE (RUE ACHILLE)",,,Plein jour,En agglomération,Intersection en X,Normale,Deux véhicules - côté,,,,,,,,,,,1,2,2,1,3
200700027070,0007-05-05 11:30:00,7,5,5,11,30,30,1,VICHY (AVENUE DE),,,Plein jour,En agglomération,Hors intersection,Normale,Deux véhicules - côté,,,,,,,,,,,1,2,1,1,3
200700027071,0007-05-10 07:45:00,7,5,10,7,45,30,310,"0, THERMALE (AVENUE)",,,Plein jour,En agglomération,Hors intersection,Normale,Deux véhicules - côté,,,,,,,,,,,1,2,1,1,3
200700027072,0007-05-11 21:25:00,7,5,11,21,25,30,310,"35, CELESTINS (AVENUE DE",,,Crépuscule ou aube,Hors agglomération,Hors intersection,Normale,Autre collision,,,,,,,,,,,2,1,1,1,6
200700027073,0007-05-23 11:15:00,7,5,23,11,15,30,23,"22, LAMARTINE (RUE)",,,Plein jour,En agglomération,Intersection en X,Normale,Deux véhicules - côté,,,,,,,,,,,1,2,2,1,3
200700027074,0007-05-25 11:50:00,7,5,25,11,50,30,310,CELESTINS (AVENUE DES),,,Plein jour,En agglomération,Hors intersection,Normale,Trois véhicules et plus - collisions multiples,,,,,,,,,,,1,2,1,1,5
200700027075,0007-05-28 11:10:00,7,5,28,11,10,30,23,REPUBLIQUE (AVENUE DE LA,,,Plein jour,En agglomération,Hors intersection,Pluie légère,Autre collision,,,,,,,,,,,1,2,1,2,6
200700027076,0007-05-13 09:10:00,7,5,13,9,10,40,70,NICE (RTE),,,Plein jour,Hors agglomération,Hors intersection,Normale,Autre collision,,,,,,,,,,,1,1,1,1,6
200700027077,0007-05-11 09:30:00,7,5,11,9,30,40,70,"9, VERDUN (AV. DE)",,,Plein jour,En agglomération,Hors intersection,Normale,Autre collision,,,,,,,,,,,1,2,1,1,6
200700027078,0007-05-04 08:40:00,7,5,4,8,40,40,112,ROUTE NATIONALE 96,,,Plein jour,En agglomération,Hors intersection,Normale,Autre collision,,,,,,,,,,,1,2,1,1,6
200700027079,0007-05-08 18:20:00,7,5,8,18,20,50,61,RN 94,,,Plein jour,Hors agglomération,Intersection en T,Normale,Trois véhicules et plus - en chaîne,,,,,,,,,,,1,1,3,1,4
200700027080,0007-05-11 16:55:00,7,5,11,16,55,50,61,JEAN JAURES ( AVENUE ),,,Plein jour,En agglomération,Hors intersection,Normale,Autre collision,,,,,,,,,,,1,2,1,1,6
200700027081,0007-05-24 13:00:00,7,5,24,13,0,50,61,PLACE DE FONTREYNE,,,Plein jour,En agglomération,Hors intersection,Normale,Autre collision,,,,,,,,,,,1,2,1,1,6
200700027082,0007-05-25 17:30:00,7,5,25,17,30,50,61,JEAN JAURES ( AVENUE ),,,Plein jour,En agglomération,Hors intersection,Normale,Autre collision,,,,,,,,,,,1,2,1,1,6
200700027083,0007-05-04 09:30:00,7,5,4,9,30,60,4,GARBERO AV.DES FRERES,,,Plein jour,En agglomération,Hors intersection,Normale,Autre collision,,,,,,,,,,,1,2,1,1,6
200700027084,0007-05-11 21:00:00,7,5,11,21,0,60,4,POINCARE BD RAYMOND.,,,Plein jour,En agglomération,Intersection en X,Normale,Deux véhicules - côté,,,,,,,,,,,1,2,2,1,3
200700027085,0007-05-12 17:52:00,7,5,12,17,52,60,155,RN.7,,,Plein jour,Hors agglomération,Giratoire,Normale,Deux véhicules - côté,,,,,,,,,,,1,1,6,1,3
200700027086,0007-05-14 17:05:00,7,5,14,17,5,60,4,"2377, MICHARD PELISSIER",,,Plein jour,En agglomération,Hors intersection,Normale,Deux véhicules - côté,,,,,,,,,,,1,2,1,1,3
200700027087,0007-05-15 14:40:00,7,5,15,14,40,60,4,NICE(RN.7) AV.ET RTE DE,,,Plein jour,En agglomération,Hors intersection,Normale,Autre collision,,,,,,,,,,,1,2,1,1,6
200700027088,0007-05-16 09:05:00,7,5,16,9,5,60,4,"1814, SAINT CLAUDE CH.DE",,,Plein jour,En agglomération,Hors intersection,Normale,Deux véhicules - côté,,,,,,,,,,,1,2,1,1,3
200700027089,0007-05-18 17:45:00,7,5,18,17,45,60,4,LITS MILITAIRES RUE DES,,,Plein jour,En agglomération,Hors intersection,Normale,Deux véhicules - frontale,,,,,,,,,,,1,2,1,1,1
200700027090,0007-05-19 21:00:00,7,5,19,21,0,60,4,"93, POINCARE BD RAYMOND.",,,Crépuscule ou aube,En agglomération,Intersection à plus de 4 branches,Normale,Autre collision,,,,,,,,,,,2,2,5,1,6
200700027091,0007-05-20 14:40:00,7,5,20,14,40,60,4,"46, FOURNEL BADINE CH.ET",,,Plein jour,En agglomération,Hors intersection,Normale,Deux véhicules - frontale,,,,,,,,,,,1,2,1,1,1
200700027092,0007-05-23 12:15:00,7,5,23,12,15,60,4,"42, ROCHAT AV.PHILIPPE",,,Plein jour,En agglomération,Hors intersection,Normale,Deux véhicules - arrière,,,,,,,,,,,1,2,1,1,2
200700027093,0007-05-23 21:00:00,7,5,23,21,0,60,4,"3690, PELISSIER AV.JEAN",,,Nuit avec éclairage allumé,En agglomération,Hors intersection,Normale,Deux véhicules - côté,,,,,,,,,,,5,2,1,1,3
200700027094,0007-05-24 14:00:00,7,5,24,14,0,60,4,BORD DE MER RN.98 LA SIE,,,Plein jour,En agglomération,Hors intersection,Normale,Trois véhicules et plus - collisions multiples,,,,,,,,,,,1,2,1,1,5
200700027095,0007-05-22 21:54:00,7,5,22,21,54,60,155,"1346, SAINT BERNARD CH.",,,Nuit avec éclairage allumé,Hors agglomération,Autre intersection,Normale,Deux véhicules - arrière,,,,,,,,,,,5,1,9,1,2
200700027096,0007-05-26 21:20:00,7,5,26,21,20,60,4,"1791, NICE(RN.7) AV.ET R",,,Nuit avec éclairage allumé,En agglomération,Hors intersection,Normale,Deux véhicules - arrière,,,,,,,,,,,5,2,1,1,2
200700027097,0007-05-27 01:10:00,7,5,27,1,10,60,4,"2571, MICHARD PELISSIER",,,Nuit avec éclairage allumé,Hors agglomération,Hors intersection,Normale,Sans collision,,,,,,,,,,,5,1,1,1,7
200700027098,0007-05-28 16:00:00,7,5,28,16,0,60,4,PREMIERE AVENUE,,,Plein jour,En agglomération,Hors intersection,Normale,Autre collision,,,,,,,,,,,1,2,1,1,6
200700027099,0007-05-30 08:10:00,7,5,30,8,10,60,4,"06, SUQUETTE CH.DE LA",,,Plein jour,En agglomération,Intersection en X,Normale,Deux véhicules - côté,,,,,,,,,,,1,2,2,1,3
200700027100,0007-05-02 19:30:00,7,5,2,19,30,60,27,"95, VAL FLEURI CHEMIN DU",,,Plein jour,En agglomération,Hors intersection,Normale,Deux véhicules - arrière,,,,,,,,,,,1,2,1,1,2
200700027101,0007-05-04 18:20:00,7,5,4,18,20,60,27,"91, NICE AVENUE DE (RN7)",,,Plein jour,En agglomération,Hors intersection,Pluie légère,Deux véhicules - côté,,,,,,,,,,,1,2,1,2,3
200700027102,0007-05-05 15:10:00,7,5,5,15,10,60,27,GARE AVENUE DE LA,,,Plein jour,En agglomération,Intersection en X,Normale,Deux véhicules - côté,,,,,,,,,,,1,2,2,1,3
200700027103,0007-05-07 12:15:00,7,5,7,12,15,60,123,PUGETS AVENUE DES,,,Plein jour,En agglomération,Hors intersection,Normale,Autre collision,,,,,,,,,,,1,2,1,1,6
200700027104,0007-05-08 12:05:00,7,5,8,12,5,60,27,BESSET AVENUE CYRILLE,,,Plein jour,En agglomération,Intersection en X,Normale,Deux véhicules - côté,,,,,,,,,,,1,2,2,1,3
200700027105,0007-05-09 12:00:00,7,5,9,12,0,60,27,"10, CANNES AVENUE DE (RN",,,Plein jour,En agglomération,Hors intersection,Normale,Deux véhicules - côté,,,,,,,,,,,1,2,1,1,3
200700027106,0007-05-09 13:30:00,7,5,9,13,30,60,27,"9/11, KENNEDY BOULEVARD",,,Plein jour,En agglomération,Hors intersection,Normale,Deux véhicules - côté,,,,,,,,,,,1,2,1,1,3
200700027107,0007-05-04 09:35:00,7,5,4,9,35,60,123,GUYNEMER AVENUE,,,Plein jour,En agglomération,Hors intersection,Pluie légère,Deux véhicules - côté,,,,,,,,,,,1,2,1,2,3
200700027108,0007-05-09 10:50:00,7,5,9,10,50,60,123,BORD DE MER RN 98,,,Plein jour,En agglomération,Hors intersection,Normale,Deux véhicules - côté,,,,,,,,,,,1,2,1,1,3
200700027109,0007-05-10 17:15:00,7,5,10,17,15,60,123,SAUVAIGO PIERRE AVENUE,,,Plein jour,En agglomération,Intersection en T,Normale,Trois véhicules et plus - collisions multiples,,,,,,,,,,,1,2,3,1,5
200700027110,0007-05-10 19:15:00,7,5,10,19,15,60,123,COUSTEAU JEAN YVES PROME,,,Plein jour,En agglomération,Hors intersection,Normale,Sans collision,,,,,,,,,,,1,2,1,1,7
200700027111,0007-05-12 19:00:00,7,5,12,19,0,60,123,BERENGER LEON AVENUE,,,Plein jour,En agglomération,Hors intersection,Normale,Deux véhicules - côté,,,,,,,,,,,1,2,1,1,3
200700027112,0007-05-17 19:50:00,7,5,17,19,50,60,27,"68, NICE AVENUE DE (RN7)",,,Plein jour,En agglomération,Hors intersection,Normale,Deux véhicules - côté,,,,,,,,,,,1,2,1,1,3
200700027113,0007-05-19 08:05:00,7,5,19,8,5,60,27,MARTIN RUE DU CHEVALIER,,,Plein jour,En agglomération,Hors intersection,Normale,Autre collision,,,,,,,,,,,1,2,1,1,6
200700027114,0007-05-19 01:30:00,7,5,19,1,30,60,123,LECLERC GENERAL AVENUE,,,Nuit avec éclairage allumé,En agglomération,Intersection en T,Normale,Deux véhicules - côté,,,,,,,,,,,5,2,3,1,3
200700027115,0007-05-19 13:15:00,7,5,19,13,15,60,123,"602, DE GAULLE GENERAL A",,,Plein jour,En agglomération,Hors intersection,Normale,Autre collision,,,,,,,,,,,1,2,1,1,6
200700027116,0007-05-28 02:45:00,7,5,28,2,45,60,123,BORD DE MER RN 98,,,Nuit avec éclairage allumé,En agglomération,Hors intersection,Normale,Autre collision,,,,,,,,,,,5,2,1,1,6
200700027117,0007-05-31 17:30:00,7,5,31,17,30,60,27,"62, CAMPANETTE CHEMIN DE",,,Plein jour,En agglomération,Hors intersection,Pluie légère,Deux véhicules - frontale,,,,,,,,,,,1,2,1,2,1
200700027118,0007-05-01 00:01:00,7,5,1,0,1,60,29,CORNUT GENTILLE (PLACE B,,,Nuit avec éclairage allumé,En agglomération,Hors intersection,Normale,Deux véhicules - arrière,,,,,,,,,,,5,2,1,1,2
200700027119,0007-05-03 10:42:00,7,5,3,10,42,60,29,"2, MISTRAL (AVENUE FREDE",,,Plein jour,En agglomération,Giratoire,Pluie légère,Deux véhicules - côté,,,,,,,,,,,1,2,6,2,3
200700027120,0007-05-05 10:54:00,7,5,5,10,54,60,29,JOURDAN (AVENUE MICHEL),,,Plein jour,En agglomération,Hors intersection,Normale,Deux véhicules - côté,,,,,,,,,,,1,2,1,1,3
200700027121,0007-05-05 23:00:00,7,5,5,23,0,60,30,CARIMAI (RUE),,,Nuit avec éclairage allumé,En agglomération,Hors intersection,Normale,Deux véhicules - frontale,,,,,,,,,,,5,2,1,1,1
200700027122,0007-05-06 14:00:00,7,5,6,14,0,60,29,"00, TONNER (AVENUE FRANC",,,Plein jour,En agglomération,Hors intersection,Normale,Autre collision,,,,,,,,,,,1,2,1,1,6
200700027123,0007-05-06 10:55:00,7,5,6,10,55,60,29,"2, CROISETTE (BOULEVARD",,,Plein jour,En agglomération,Intersection en T,Normale,Deux véhicules - côté,,,,,,,,,,,1,2,3,1,3
200700027124,0007-05-06 18:50:00,7,5,6,18,50,60,29,PANTIERO (PROMENADE DE L,,,Plein jour,En agglomération,Hors intersection,Normale,Deux véhicules - côté,,,,,,,,,,,1,2,1,1,3
200700027125,0007-05-06 20:40:00,7,5,6,20,40,60,29,"41, PICAUD (AVENUE DU DO",,,Nuit avec éclairage allumé,En agglomération,Hors intersection,Normale,Deux véhicules - côté,,,,,,,,,,,5,2,1,1,3
200700027126,0007-05-05 00:35:00,7,5,5,0,35,60,29,MIDI (BOULEVARD DU),,,Nuit avec éclairage allumé,En agglomération,Hors intersection,Normale,Deux véhicules - côté,,,,,,,,,,,5,2,1,1,3
200700027127,0007-05-07 20:50:00,7,5,7,20,50,60,30,SADI CARNOT (BOULEVARD),,,Nuit avec éclairage allumé,En agglomération,Hors intersection,Normale,Deux véhicules - frontale,,,,,,,,,,,5,2,1,1,1
200700027128,0007-05-08 17:04:00,7,5,8,17,4,60,29,HIBERT (BOULEVARD JEAN),,,Plein jour,En agglomération,Intersection en T,Normale,Trois véhicules et plus - collisions multiples,,,,,,,,,,,1,2,3,1,5
200700027129,0007-05-09 08:40:00,7,5,9,8,40,60,30,CARIMAI (RUE),,,Plein jour,En agglomération,Hors intersection,Normale,Deux véhicules - arrière,,,,,,,,,,,1,2,1,1,2
200700027130,0007-05-10 20:50:00,7,5,10,20,50,60,29,DIX HUIT JUIN (PLACE DU),,,Nuit avec éclairage allumé,En agglomération,Hors intersection,Normale,Deux véhicules - côté,,,,,,,,,,,5,2,1,1,3
200700027131,0007-05-07 16:00:00,7,5,7,16,0,60,29,"2, GERMAIN (RUE HENRI)",,,Plein jour,En agglomération,Hors intersection,Normale,Sans collision,,,,,,,,,,,1,2,1,1,7
200700027132,0007-05-11 11:40:00,7,5,11,11,40,60,29,"7, SARDOU (AVENUE LEANDR",,,Plein jour,En agglomération,Hors intersection,Normale,Deux véhicules - côté,,,,,,,,,,,1,2,1,1,3
200700027133,0007-05-11 16:15:00,7,5,11,16,15,60,29,"20, CARNOT (BOULEVARD)",,,Plein jour,En agglomération,Hors intersection,Normale,Sans collision,,,,,,,,,,,1,2,1,1,7
200700027134,0007-05-11 20:00:00,7,5,11,20,0,60,29,"29, PICAUD (AVENUE DU DO",,,Crépuscule ou aube,Hors agglomération,Hors intersection,Normale,Deux véhicules - arrière,,,,,,,,,,,2,1,1,1,2
200700027135,0007-05-12 09:30:00,7,5,12,9,30,60,29,CARNOT (BOULEVARD),,,Plein jour,En agglomération,Hors intersection,Normale,Deux véhicules - côté,,,,,,,,,,,1,2,1,1,3
200700027136,0007-05-16 08:23:00,7,5,16,8,23,60,29,"44, ALEXANDRE III (BOULE",,,Plein jour,En agglomération,Hors intersection,Normale,Deux véhicules - côté,,,,,,,,,,,1,2,1,1,3
200700027137,0007-05-16 18:57:00,7,5,16,18,57,60,29,"10, ST NICOLAS (AVENUE)",,,Plein jour,En agglomération,Hors intersection,Normale,Deux véhicules - arrière,,,,,,,,,,,1,2,1,1,2
200700027138,0007-05-18 08:55:00,7,5,18,8,55,60,29,LATOUR MAUBOURG (RUE),,,Plein jour,En agglomération,Intersection en X,Normale,Deux véhicules - côté,,,,,,,,,,,1,2,2,1,3
200700027139,0007-05-18 01:10:00,7,5,18,1,10,60,29,"39, CARNOT (BOULEVARD)",,,Nuit avec éclairage allumé,En agglomération,Hors intersection,Normale,Deux véhicules - côté,,,,,,,,,,,5,2,1,1,3
200700027140,0007-05-19 14:45:00,7,5,19,14,45,60,29,"109, CARNOT (BOULEVARD)",,,Plein jour,En agglomération,Hors intersection,Normale,Deux véhicules - arrière,,,,,,,,,,,1,2,1,1,2
200700027141,0007-05-18 09:05:00,7,5,18,9,5,60,30,"72, ROOSEVELT (AVENUE FR",,,Plein jour,En agglomération,Hors intersection,Normale,Deux véhicules - côté,,,,,,,,,,,1,2,1,1,3
200700027142,0007-05-18 16:00:00,7,5,18,16,0,60,29,CROISETTE (BOULEVARD DE,,,Plein jour,En agglomération,Hors intersection,Normale,Autre collision,,,,,,,,,,,1,2,1,1,6
200700027143,0007-05-19 12:10:00,7,5,19,12,10,60,29,PANTIERO (PROMENADE DE L,,,Plein jour,En agglomération,Hors intersection,Normale,Sans collision,,,,,,,,,,,1,2,1,1,7
200700027144,0007-05-19 14:25:00,7,5,19,14,25,60,29,BORDE (AVENUE DE LA),,,Plein jour,En agglomération,Intersection en X,Normale,Autre collision,,,,,,,,,,,1,2,2,1,6
200700027145,0007-05-18 11:00:00,7,5,18,11,0,60,29,GRASSE (AVENUE DE),,,Plein jour,En agglomération,Hors intersection,Normale,Sans collision,,,,,,,,,,,1,2,1,1,7
200700027146,0007-05-18 23:10:00,7,5,18,23,10,60,29,"2, SEMARD (AVENUE PIERRE",,,Nuit avec éclairage allumé,En agglomération,Hors intersection,Normale,Deux véhicules - côté,,,,,,,,,,,5,2,1,1,3
200700027147,0007-05-22 07:47:00,7,5,22,7,47,60,29,GRASSE (AVENUE DE),,,Plein jour,En agglomération,Hors intersection,Normale,Deux véhicules - côté,,,,,,,,,,,1,2,1,1,3
200700027148,0007-05-23 13:40:00,7,5,23,13,40,60,29,VALLOMBROSA (BOULEBARD),,,Plein jour,En agglomération,Hors intersection,Normale,Deux véhicules - côté,,,,,,,,,,,1,2,1,1,3
200700027149,0007-05-23 19:50:00,7,5,23,19,50,60,29,"95, REPUBLIQUE (BOULEVAR",,,Plein jour,En agglomération,Hors intersection,Normale,Deux véhicules - arrière,,,,,,,,,,,1,2,1,1,2
200700027150,0007-05-23 21:30:00,7,5,23,21,30,60,29,SARDOU (AVENUE LEANDRE),,,Nuit avec éclairage allumé,En agglomération,Intersection en T,Normale,Deux véhicules - côté,,,,,,,,,,,5,2,3,1,3
200700027151,0007-05-25 13:05:00,7,5,25,13,5,60,29,"2, LIEGEARD (AVENUE STEP",,,Plein jour,En agglomération,Intersection en T,Normale,Deux véhicules - côté,,,,,,,,,,,1,2,3,1,3
200700027152,0007-05-26 09:03:00,7,5,26,9,3,60,29,"260, JOURDAN (AVENUE MIC",,,Plein jour,En agglomération,Hors intersection,Normale,Autre collision,,,,,,,,,,,1,2,1,1,6