accident_id,datetime,annee,mois,jour,heure,minute,departement,commune_insee,adresse,latitude,longitude,luminosite,agglomeration,intersection,meteo,collision,nb_vehicules,nb_usagers,nb_indemnes,nb_tues,nb_blesses_hosp,nb_blesses_legers,age_cond_1,age_cond_2,veh_type_cond_1,veh_type_cond_2,lum_code,agg_code,int_code,atm_code,col_code
200700027285,0007-05-21 01:51:00,7,5,21,1,51,60,88,"36, BORNALA (AV. DE LA)",,,Nuit avec éclairage allumé,En agglomération,Hors intersection,Normale,Autre collision,,,,,,,,,,,5,2,1,1,6
200700027286,0007-05-21 07:40:00,7,5,21,7,40,60,88,"92, ESTIENNE -D'ORVES (A",,,Plein jour,En agglomération,Hors intersection,Normale,Deux véhicules - côté,,,,,,,,,,,1,2,1,1,3
200700027287,0007-05-21 11:55:00,7,5,21,11,55,60,88,"0, RD 6202",,,Plein jour,En agglomération,Hors intersection,Normale,Deux véhicules - arrière,,,,,,,,,,,1,2,1,1,2
200700027288,0007-05-21 17:40:00,7,5,21,17,40,60,88,"0, TURIN (RTE DE)",,,Plein jour,En agglomération,Hors intersection,Normale,Autre collision,,,,,,,,,,,1,2,1,1,6
200700027289,0007-05-21 18:15:00,7,5,21,18,15,60,88,"88, BESSET (AV.) (A PART",,,Plein jour,En agglomération,Hors intersection,Normale,Autre collision,,,,,,,,,,,1,2,1,1,6
200700027290,0007-05-22 08:15:00,7,5,22,8,15,60,88,"10, BORNALA (AV. DE LA)",,,Plein jour,En agglomération,Hors intersection,Normale,Autre collision,,,,,,,,,,,1,2,1,1,6
200700027291,0007-05-22 11:20:00,7,5,22,11,20,60,88,"7, ARMEE DES ALPES (BD D",,,Plein jour,En agglomération,Hors intersection,Normale,Deux véhicules - côté,,,,,,,,,,,1,2,1,1,3
200700027292,0007-05-22 12:00:00,7,5,22,12,0,60,88,"0, RD 6202",,,Plein jour,En agglomération,Hors intersection,Normale,Deux véhicules - côté,,,,,,,,,,,1,2,1,1,3
200700027293,0007-05-22 17:10:00,7,5,22,17,10,60,88,VEDIANTIENS (R. DES),,,Plein jour,En agglomération,Hors intersection,Normale,Deux véhicules - arrière,,,,,,,,,,,1,2,1,1,2
200700027294,0007-05-22 17:45:00,7,5,22,17,45,60,88,"0, VERNIER (R.)",,,Plein jour,En agglomération,Hors intersection,Normale,Deux véhicules - côté,,,,,,,,,,,1,2,1,1,3
200700027295,0007-05-23 09:15:00,7,5,23,9,15,60,88,"63, CASSIN (BD RENE)",,,Plein jour,En agglomération,Hors intersection,Normale,Deux véhicules - côté,,,,,,,,,,,1,2,1,1,3
200700027296,0007-05-23 16:25:00,7,5,23,16,25,60,88,CASSIN (BD RENE),,,Plein jour,En agglomération,Hors intersection,Normale,Trois véhicules et plus - collisions multiples,,,,,,,,,,,1,2,1,1,5
200700027297,0007-05-23 21:00:00,7,5,23,21,0,60,88,"0, GUTENBERG (R.)",,,Nuit avec éclairage allumé,En agglomération,Intersection en X,Normale,Deux véhicules - côté,,,,,,,,,,,5,2,2,1,3
200700027298,0007-05-24 16:10:00,7,5,24,16,10,60,88,"46, RISSO (BD)",,,Plein jour,En agglomération,Hors intersection,Normale,Deux véhicules - arrière,,,,,,,,,,,1,2,1,1,2
200700027299,0007-05-24 16:30:00,7,5,24,16,30,60,88,"0, THIERS (AV.)",,,Plein jour,En agglomération,Hors intersection,Normale,Deux véhicules - côté,,,,,,,,,,,1,2,1,1,3
200700027300,0007-05-24 17:30:00,7,5,24,17,30,60,88,CESSOLE (BD DE) (A PARTI,,,Plein jour,En agglomération,Hors intersection,Normale,Autre collision,,,,,,,,,,,1,2,1,1,6
200700027301,0007-05-24 18:15:00,7,5,24,18,15,60,88,"26, MADELEINE (BD DE LA)",,,Plein jour,En agglomération,Hors intersection,Normale,Trois véhicules et plus - collisions multiples,,,,,,,,,,,1,2,1,1,5
200700027302,0007-05-25 07:30:00,7,5,25,7,30,60,88,"114, GRENOBLE (ROUTE DE)",,,Plein jour,En agglomération,Hors intersection,Normale,Deux véhicules - côté,,,,,,,,,,,1,2,1,1,3
200700027303,0007-05-25 09:50:00,7,5,25,9,50,60,88,"2, GRENOBLE (ROUTE DE)",,,Plein jour,En agglomération,Hors intersection,Normale,Autre collision,,,,,,,,,,,1,2,1,1,6
200700027304,0007-05-25 17:30:00,7,5,25,17,30,60,88,"99, CALIFORNIE (AV.) (DU",,,Plein jour,En agglomération,Hors intersection,Normale,Autre collision,,,,,,,,,,,1,2,1,1,6
200700027305,0007-05-25 23:20:00,7,5,25,23,20,60,88,"0, THIERS (AV.)",,,Nuit avec éclairage allumé,En agglomération,Intersection en T,Normale,Deux véhicules - côté,,,,,,,,,,,5,2,3,1,3
200700027306,0007-05-25 19:10:00,7,5,25,19,10,60,88,"98, CASSIN (BD RENE)",,,Plein jour,En agglomération,Intersection en X,Normale,Deux véhicules - côté,,,,,,,,,,,1,2,2,1,3
200700027307,0007-05-26 06:15:00,7,5,26,6,15,60,159,"0, BASSE CORNICHE",,,Nuit avec éclairage allumé,En agglomération,Hors intersection,Normale,Deux véhicules - frontale,,,,,,,,,,,5,2,1,1,1
200700027308,0007-05-26 21:10:00,7,5,26,21,10,60,88,"0, MEYERBEER (RUE ET PAS",,,Nuit avec éclairage allumé,En agglomération,Hors intersection,Normale,Autre collision,,,,,,,,,,,5,2,1,1,6
200700027309,0007-05-27 00:05:00,7,5,27,0,5,60,88,"18, JOLY (CORNICHE ANDRE",,,Nuit avec éclairage allumé,En agglomération,Hors intersection,Normale,Deux véhicules - arrière,,,,,,,,,,,5,2,1,1,2
200700027310,0007-05-27 18:30:00,7,5,27,18,30,60,88,"18, JOLY (CORNICHE ANDRE",,,Plein jour,En agglomération,Hors intersection,Normale,Deux véhicules - arrière,,,,,,,,,,,1,2,1,1,2
200700027311,0007-05-28 13:00:00,7,5,28,13,0,60,88,"0, ANGLAIS PLAGE(  PARTI",,,Plein jour,En agglomération,Hors intersection,Normale,Deux véhicules - côté,,,,,,,,,,,1,2,1,1,3
200700027312,0007-05-28 21:20:00,7,5,28,21,20,60,88,"0, LEPANTE (R. DE)",,,Crépuscule ou aube,En agglomération,Intersection en X,Normale,Deux véhicules - côté,,,,,,,,,,,2,2,2,1,3
200700027313,0007-05-29 09:15:00,7,5,29,9,15,60,88,"0, RD 6202",,,Plein jour,Hors agglomération,Hors intersection,Normale,Deux véhicules - côté,,,,,,,,,,,1,1,1,1,3
200700027314,0007-05-29 09:45:00,7,5,29,9,45,60,88,"0, GEORGES V (AV.)",,,Plein jour,En agglomération,Hors intersection,Normale,Autre collision,,,,,,,,,,,1,2,1,1,6
200700027315,0007-05-29 09:50:00,7,5,29,9,50,60,88,"0, RD 6202",,,Plein jour,En agglomération,Hors intersection,Normale,Deux véhicules - arrière,,,,,,,,,,,1,2,1,1,2
200700027316,0007-05-29 16:00:00,7,5,29,16,0,60,88,"0, ROMAINE (AV. DE LA VO",,,Plein jour,En agglomération,Hors intersection,Normale,Autre collision,,,,,,,,,,,1,2,1,1,6
200700027317,0007-05-29 16:01:00,7,5,29,16,1,60,88,"0, GAMBETTA (A PARTIR DU",,,Plein jour,En agglomération,Intersection en T,Normale,Deux véhicules - côté,,,,,,,,,,,1,2,3,1,3
200700027318,0007-05-29 16:55:00,7,5,29,16,55,60,159,"49, PRINCESSE GRACE DE M",,,Plein jour,Hors agglomération,Hors intersection,Normale,Deux véhicules - côté,,,,,,,,,,,1,1,1,1,3
200700027319,0007-05-29 17:40:00,7,5,29,17,40,60,88,"263, ANGLAIS (DU N° 114",,,Plein jour,En agglomération,Hors intersection,Normale,Deux véhicules - arrière,,,,,,,,,,,1,2,1,1,2
200700027320,0007-05-29 20:15:00,7,5,29,20,15,60,88,"0, LEVENS (RTE DE)",,,Crépuscule ou aube,En agglomération,Hors intersection,Normale,Deux véhicules - arrière,,,,,,,,,,,2,2,1,1,2
200700027321,0007-05-29 20:35:00,7,5,29,20,35,60,88,"73, ANGLAIS PLAGE(DU 45",,,Plein jour,En agglomération,Hors intersection,Normale,Autre collision,,,,,,,,,,,1,2,1,1,6
200700027322,0007-05-30 07:00:00,7,5,30,7,0,60,88,"167, MADELEINE (BD DE LA",,,Plein jour,En agglomération,Hors intersection,Normale,Deux véhicules - arrière,,,,,,,,,,,1,2,1,1,2
200700027323,0007-05-30 08:20:00,7,5,30,8,20,60,88,"117, ANGLAIS (DU N° 114",,,Plein jour,En agglomération,Hors intersection,Normale,Deux véhicules - arrière,,,,,,,,,,,1,2,1,1,2
200700027324,0007-05-30 12:00:00,7,5,30,12,0,60,88,"26, MONTEL (BD PAUL)",,,Plein jour,En agglomération,Hors intersection,Normale,Deux véhicules - côté,,,,,,,,,,,1,2,1,1,3
200700027325,0007-05-30 20:30:00,7,5,30,20,30,60,88,"89, ANGLAIS PLAGE (N° 11",,,Crépuscule ou aube,En agglomération,Hors intersection,Normale,Deux véhicules - côté,,,,,,,,,,,2,2,1,1,3
200700027326,0007-05-31 07:45:00,7,5,31,7,45,60,88,"143, FRANCE (R. DE) A PA",,,Plein jour,Hors agglomération,Hors intersection,Normale,Deux véhicules - côté,,,,,,,,,,,1,1,1,1,3
200700027327,0007-05-31 09:00:00,7,5,31,9,0,60,88,"10, GUSTAVE V (AV.)",,,Plein jour,En agglomération,Hors intersection,Normale,Autre collision,,,,,,,,,,,1,2,1,1,6
200700027328,0007-05-31 09:01:00,7,5,31,9,1,60,88,"91 bis, GAMBETTA (A PART",,,Plein jour,En agglomération,Hors intersection,Normale,Deux véhicules - arrière,,,,,,,,,,,1,2,1,1,2
200700027329,0007-05-31 13:40:00,7,5,31,13,40,60,88,"285, ANGLAIS (DU N° 265",,,Plein jour,En agglomération,Hors intersection,Pluie légère,Deux véhicules - arrière,,,,,,,,,,,1,2,1,2,2
200700027330,0007-05-31 16:00:00,7,5,31,16,0,60,88,"124, GAMBETTA (A PARTIR",,,Plein jour,En agglomération,Hors intersection,Pluie légère,Deux véhicules - arrière,,,,,,,,,,,1,2,1,2,2
200700027331,0007-05-31 22:40:00,7,5,31,22,40,60,88,"96, LANTERNE (AV. DE LA)",,,Nuit avec éclairage allumé,En agglomération,Hors intersection,Normale,Autre collision,,,,,,,,,,,5,2,1,1,6
200700027332,0007-05-08 16:45:00,7,5,8,16,45,70,331,"16, ANTRAIGUES (FAUBOURG",,,Plein jour,En agglomération,Hors intersection,Normale,Sans collision,,,,,,,,,,,1,2,1,1,7
200700027333,0007-05-21 18:00:00,7,5,21,18,0,70,19,"17, BELLANDE (AVENUE DE",,,Plein jour,En agglomération,Hors intersection,Normale,Deux véhicules - côté,,,,,,,,,,,1,2,1,1,3
200700027334,0007-05-07 11:55:00,7,5,7,11,55,70,281,"00, ENTREPRENANTS (RUE D",,,Plein jour,En agglomération,Intersection en T,Normale,Deux véhicules - frontale,,,,,,,,,,,1,2,3,1,1
200700027335,0007-05-13 04:10:00,7,5,13,4,10,70,281,"00, Route des Granges",,,Nuit sans éclairage public,Hors agglomération,Hors intersection,Normale,Sans collision,,,,,,,,,,,3,1,1,1,7
200700027336,0007-05-20 16:20:00,7,5,20,16,20,70,316,LYON (ROUTE DE),,,Plein jour,Hors agglomération,Hors intersection,Normale,Deux véhicules - frontale,,,,,,,,,,,1,1,1,1,1
200700027337,0007-05-07 08:35:00,7,5,7,8,35,90,122,"3, ESPAGNE (ROUTE D')",,,Plein jour,En agglomération,Hors intersection,Normale,Autre collision,,,,,,,,,,,1,2,1,1,6
200700027338,0007-05-12 20:30:00,7,5,12,20,30,90,225,"04, PEUPLIERS CHEMIN DES",,,Plein jour,En agglomération,Autre intersection,Normale,Autre collision,,,,,,,,,,,1,2,9,1,6
200700027339,0007-05-23 08:45:00,7,5,23,8,45,90,225,"00, CLOCHER RUE DU",,,Plein jour,En agglomération,Intersection en X,Normale,Deux véhicules - côté,,,,,,,,,,,1,2,2,1,3
200700027340,0007-05-09 18:05:00,7,5,9,18,5,100,387,"000, MARGUERITE FLAVIEN",,,Plein jour,En agglomération,Hors intersection,Normale,Deux véhicules - côté,,,,,,,,,,,1,2,1,1,3
200700027341,0007-05-03 08:05:00,7,5,3,8,5,100,297,"06, ROBERT KELLER (RUE)",,,Plein jour,En agglomération,Hors intersection,Normale,Deux véhicules - côté,,,,,,,,,,,1,2,1,1,3
200700027342,0007-05-31 16:30:00,7,5,31,16,30,100,387,"49, QUATORZE JUILLET (RU",,,Plein jour,En agglomération,Hors intersection,Normale,Autre collision,,,,,,,,,,,1,2,1,1,6
200700027343,0007-05-30 09:20:00,7,5,30,9,20,100,343,"000, FABLE (RUE)",,,Plein jour,En agglomération,Intersection en X,Normale,Deux véhicules - côté,,,,,,,,,,,1,2,2,1,3
200700027344,0007-05-30 17:50:00,7,5,30,17,50,110,69,ROCADE OUEST,,,Plein jour,Hors agglomération,Hors intersection,Normale,Deux véhicules - arrière,,,,,,,,,,,1,1,1,1,2
200700027345,0007-05-04 17:00:00,7,5,4,17,0,110,262,"1, MISTRAL (BOULEVARD FR",,,Plein jour,En agglomération,Intersection en X,Normale,Deux véhicules - côté,,,,,,,,,,,1,2,2,1,3
200700027346,0007-05-30 22:00:00,7,5,30,22,0,110,262,BORDEAUX (AVENUE DE),,,Nuit avec éclairage allumé,En agglomération,Hors intersection,Pluie légère,Sans collision,,,,,,,,,,,5,2,1,2,7
200700027347,0007-05-31 17:20:00,7,5,31,17,20,110,262,ELYSIQUES (VOIES DES),,,Plein jour,En agglomération,Intersection en T,Pluie forte,Autre collision,,,,,,,,,,,1,2,3,3,6
200700027348,0007-05-15 21:25:00,7,5,15,21,25,120,13,CERONS LIEU-DIT,,,Nuit avec éclairage allumé,En agglomération,Hors intersection,Pluie légère,Sans collision,,,,,,,,,,,5,2,1,2,7
200700027349,0007-05-24 16:50:00,7,5,24,16,50,120,89,"1035, ESTAQUES (LES)",,,Plein jour,Hors agglomération,Hors intersection,Normale,Autre collision,,,,,,,,,,,1,1,1,1,6
200700027350,0007-05-07 14:20:00,7,5,7,14,20,120,145,"33, JAURES JEAN (AVENUE)",,,Plein jour,En agglomération,Hors intersection,Normale,Autre collision,,,,,,,,,,,1,2,1,1,6
200700027351,0007-05-21 16:30:00,7,5,21,16,30,120,145,SEMARD PIERRE (AVENUE),,,Plein jour,En agglomération,Intersection en T,Normale,Trois véhicules et plus - collisions multiples,,,,,,,,,,,1,2,3,1,5
200700027352,0007-05-28 00:45:00,7,5,28,0,45,120,145,CAVALERIE (COTE DE LA ),,,Nuit sans éclairage public,Hors agglomération,Hors intersection,Pluie légère,Autre collision,,,,,,,,,,,3,1,1,2,6
200700027353,0007-05-04 10:00:00,7,5,4,10,0,130,1,"1, ANCIENNE ROUTE DES AL",,,Plein jour,Hors agglomération,Hors intersection,Normale,Deux véhicules - frontale,,,,,,,,,,,1,1,1,1,1
200700027354,0007-05-06 13:15:00,7,5,6,13,15,130,1,DE LATTRE DE TASSIGNY (A,,,Plein jour,En agglomération,Intersection en X,Normale,Sans collision,,,,,,,,,,,1,2,2,1,7
200700027355,0007-05-05 08:56:00,7,5,5,8,56,130,1,GARDANNE (ROUTE DE ),,,Plein jour,En agglomération,Hors intersection,Pluie légère,Deux véhicules - arrière,,,,,,,,,,,1,2,1,2,2
200700027356,0007-05-07 16:30:00,7,5,7,16,30,130,1,"44, FONTENAILLE JEAN ET",,,Plein jour,En agglomération,Hors intersection,Normale,Autre collision,,,,,,,,,,,1,2,1,1,6
200700027357,0007-05-07 17:10:00,7,5,7,17,10,130,1,ROI RENE (BD DU),,,Plein jour,En agglomération,Intersection en X,Normale,Autre collision,,,,,,,,,,,1,2,2,1,6
200700027358,0007-05-10 07:56:00,7,5,10,7,56,130,1,RD9,,,Plein jour,Hors agglomération,Hors intersection,Normale,Deux véhicules - côté,,,,,,,,,,,1,1,1,1,3
200700027359,0007-05-04 18:04:00,7,5,4,18,4,130,1,"3, FOURANE (RUE)",,,Plein jour,En agglomération,Hors intersection,Normale,Autre collision,,,,,,,,,,,1,2,1,1,6
200700027360,0007-05-11 13:15:00,7,5,11,13,15,130,1,"1, ALLUMETTES (RUE DES)",,,Plein jour,En agglomération,Hors intersection,Normale,Deux véhicules - arrière,,,,,,,,,,,1,2,1,1,2
200700027361,0007-05-17 13:15:00,7,5,17,13,15,130,1,"11, ISAAC JULES (AV)",,,Plein jour,En agglomération,Hors intersection,Normale,Autre collision,,,,,,,,,,,1,2,1,1,6
200700027362,0007-05-16 18:00:00,7,5,16,18,0,130,1,ST CANADET (ROUTE) D.13,,,Plein jour,Hors agglomération,Hors intersection,Normale,Deux véhicules - côté,,,,,,,,,,,1,1,1,1,3
200700027363,0007-05-16 20:00:00,7,5,16,20,0,130,1,DE LATTRE DE TASSIGNY (A,,,Plein jour,En agglomération,Hors intersection,Normale,Deux véhicules - arrière,,,,,,,,,,,1,2,1,1,2
200700027364,0007-05-21 02:00:00,7,5,21,2,0,130,1,ST JOHN PERSE (AV),,,Nuit avec éclairage allumé,En agglomération,Hors intersection,Normale,Autre collision,,,,,,,,,,,5,2,1,1,6
200700027365,0007-05-22 16:25:00,7,5,22,16,25,130,1,DEPORTES DE LA RESISTANC,,,Plein jour,En agglomération,Giratoire,Normale,Autre collision,,,,,,,,,,,1,2,6,1,6
200700027366,0007-05-23 16:30:00,7,5,23,16,30,130,1,FABROT (RUE),,,Plein jour,En agglomération,Hors intersection,Normale,Autre collision,,,,,,,,,,,1,2,1,1,6
200700027367,0007-05-31 14:50:00,7,5,31,14,50,130,1,"63, ARMEE D'AFRIQUE (AV)",,,Plein jour,En agglomération,Hors intersection,Pluie légère,Deux véhicules - côté,,,,,,,,,,,1,2,1,2,3
200700027368,0007-05-31 17:31:00,7,5,31,17,31,130,1,"8, HUGO VICTOR (AV)",,,Plein jour,En agglomération,Hors intersection,Normale,Autre collision,,,,,,,,,,,1,2,1,1,6
200700027369,0007-05-29 17:22:00,7,5,29,17,22,130,1,BELLEC MAURICE (RTE DU C,,,Plein jour,Hors agglomération,Hors intersection,Normale,Deux véhicules - frontale,,,,,,,,,,,1,1,1,1,1
200700027370,0007-05-29 12:04:00,7,5,29,12,4,130,1,"1770, BLAQUE (CHEMIN )",,,Plein jour,Hors agglomération,Hors intersection,Normale,Autre collision,,,,,,,,,,,1,1,1,1,6
200700027371,0007-05-02 15:45:00,7,5,2,15,45,130,4,"0, LIBERATION AVENUE DE",,,Plein jour,En agglomération,Hors intersection,Normale,Trois véhicules et plus - en chaîne,,,,,,,,,,,1,2,1,1,4
200700027372,0007-05-06 00:50:00,7,5,6,0,50,130,4,RN 570,,,Nuit sans éclairage public,En agglomération,Hors intersection,Normale,Autre collision,,,,,,,,,,,3,2,1,1,6
200700027373,0007-05-21 07:55:00,7,5,21,7,55,130,4,DOCTEUR JOSEPH IMBERT AV,,,Plein jour,En agglomération,Intersection en X,Normale,Deux véhicules - côté,,,,,,,,,,,1,2,2,1,3
200700027374,0007-05-20 17:25:00,7,5,20,17,25,130,4,"0, MOLIERE RUE",,,Plein jour,En agglomération,Intersection en X,Normale,Deux véhicules - côté,,,,,,,,,,,1,2,2,1,3
200700027375,0007-05-22 12:45:00,7,5,22,12,45,130,4,"0, GEORGES CLEMENCEAU BO",,,Plein jour,En agglomération,Hors intersection,Normale,Autre collision,,,,,,,,,,,1,2,1,1,6
200700027376,0007-05-22 17:55:00,7,5,22,17,55,130,4,SALVADOR ALLENDE AVENUE,,,Plein jour,En agglomération,Intersection en T,Normale,Deux véhicules - côté,,,,,,,,,,,1,2,3,1,3
200700027377,0007-05-25 06:30:00,7,5,25,6,30,130,4,"VC 54, V.C.N54 DITE DE S",,,Crépuscule ou aube,En agglomération,Intersection en X,Normale,Deux véhicules - arrière,,,,,,,,,,,2,2,2,1,2
200700027378,0007-05-28 12:40:00,7,5,28,12,40,130,4,R.D.83 ROUTE D'EYGUIERES,,,Plein jour,Hors agglomération,Intersection en T,Normale,Deux véhicules - arrière,,,,,,,,,,,1,1,3,1,2
200700027379,0007-05-30 07:50:00,7,5,30,7,50,130,4,"0, VICTOR HUGO AVENUE",,,Plein jour,En agglomération,Intersection en T,Normale,Autre collision,,,,,,,,,,,1,2,3,1,6
200700027380,0007-05-04 19:50:00,7,5,4,19,50,130,5,RN 8,,,Crépuscule ou aube,En agglomération,Hors intersection,Pluie légère,Autre collision,,,,,,,,,,,2,2,1,2,6
200700027381,0007-05-09 18:55:00,7,5,9,18,55,130,5,DELFIEU (AVENUE LOULOU),,,Plein jour,En agglomération,Hors intersection,Normale,Deux véhicules - frontale,,,,,,,,,,,1,2,1,1,1
200700027382,0007-05-01 14:40:00,7,5,1,14,40,130,28,ARENE CROS (CORNICHE),,,Plein jour,En agglomération,Hors intersection,Temps couvert,Autre collision,,,,,,,,,,,1,2,1,8,6
200700027383,0007-05-29 11:05:00,7,5,29,11,5,130,28,"1, FERRY (AVENUE JULES )",,,Plein jour,En agglomération,Intersection en T,Vent fort / tempête,Deux véhicules - côté,,,,,,,,,,,1,2,3,6,3
200700027384,0007-05-01 18:20:00,7,5,1,18,20,130,47,RADOLFZELL AVENUE DE,,,Plein jour,En agglomération,Hors intersection,Normale,Autre collision,,,,,,,,,,,1,2,1,1,6
200700027385,0007-05-05 00:02:00,7,5,5,0,2,130,47,"1, RADOLFZELL AVENUE DE",,,Nuit avec éclairage allumé,En agglomération,Hors intersection,Normale,Autre collision,,,,,,,,,,,5,2,1,1,6
200700027386,0007-05-09 16:45:00,7,5,9,16,45,130,47,RN 1569,,,Plein jour,Hors agglomération,Hors intersection,Normale,Deux véhicules - frontale,,,,,,,,,,,1,1,1,1,1
200700027387,0007-05-20 03:45:00,7,5,20,3,45,130,47,R.N 569,,,Nuit avec éclairage allumé,Hors agglomération,Hors intersection,Normale,Autre collision,,,,,,,,,,,5,1,1,1,6
200700027388,0007-05-20 05:25:00,7,5,20,5,25,130,45,VARAGE AVENUE DES,,,Crépuscule ou aube,Hors agglomération,Hors intersection,Normale,Deux véhicules - frontale,,,,,,,,,,,2,1,1,1,1
200700027389,0007-05-26 20:25:00,7,5,26,20,25,130,63,RN 1569,,,Plein jour,Hors agglomération,Hors intersection,Normale,Sans collision,,,,,,,,,,,1,1,1,1,7
200700027390,0007-05-26 14:55:00,7,5,26,14,55,130,47,", CANADELS CHEMIN DES",,,Plein jour,En agglomération,Hors intersection,Normale,Autre collision,,,,,,,,,,,1,2,1,1,6
200700027391,0007-05-26 21:25:00,7,5,26,21,25,130,47,"1, CRAVEN ALLE DES",,,Crépuscule ou aube,Hors agglomération,Hors intersection,Normale,Sans collision,,,,,,,,,,,2,1,1,1,7
200700027392,0007-05-04 14:30:00,7,5,4,14,30,130,54,CD9,,,Plein jour,En agglomération,Hors intersection,Pluie légère,Deux véhicules - côté,,,,,,,,,,,1,2,1,2,3
200700027393,0007-05-05 18:00:00,7,5,5,18,0,130,54,MAI-45 AV DU 8,,,Plein jour,En agglomération,Hors intersection,Normale,Deux véhicules - côté,,,,,,,,,,,1,2,1,1,3
200700027394,0007-05-10 13:30:00,7,5,10,13,30,130,54,DE LATTRE TASSIGNY AV MA,,,Plein jour,En agglomération,Hors intersection,Normale,Deux véhicules - arrière,,,,,,,,,,,1,2,1,1,2
200700027395,0007-05-10 19:45:00,7,5,10,19,45,130,102,ABBADIE  BLD,,,Plein jour,En agglomération,Intersection en T,Normale,Deux véhicules - côté,,,,,,,,,,,1,2,3,1,3
200700027396,0007-05-11 18:00:00,7,5,11,18,0,130,54,SALAN  AVE GENERAL,,,Plein jour,En agglomération,Intersection en T,Normale,Deux véhicules - côté,,,,,,,,,,,1,2,3,1,3
200700027397,0007-05-12 18:30:00,7,5,12,18,30,130,54,KENNEDY  AVE PRESIDENT,,,Plein jour,En agglomération,Intersection en X,Normale,Deux véhicules - côté,,,,,,,,,,,1,2,2,1,3
200700027398,0007-05-16 17:00:00,7,5,16,17,0,130,54,CD9,,,Plein jour,Hors agglomération,Hors intersection,Normale,Deux véhicules - côté,,,,,,,,,,,1,1,1,1,3
200700027399,0007-05-22 18:45:00,7,5,22,18,45,130,54,COMBATTANT A.F.N.,,,Plein jour,En agglomération,Hors intersection,Normale,Deux véhicules - arrière,,,,,,,,,,,1,2,1,1,2
200700027400,0007-05-26 20:20:00,7,5,26,20,20,130,43,PRES  AVENUE DES,,,Plein jour,En agglomération,Hors intersection,Normale,Autre collision,,,,,,,,,,,1,2,1,1,6
200700027401,0007-05-29 08:40:00,7,5,29,8,40,130,54,RUINAT  AVENUE MARIUS,,,Plein jour,En agglomération,Intersection en X,Vent fort / tempête,Trois véhicules et plus - en chaîne,,,,,,,,,,,1,2,2,6,4
200700027402,0007-05-29 18:15:00,7,5,29,18,15,130,54,HUIT MAI 1945  AVE DU,,,Plein jour,En agglomération,Hors intersection,Normale,Trois véhicules et plus - en chaîne,,,,,,,,,,,1,2,1,1,4
200700027403,0007-05-29 19:00:00,7,5,29,19,0,130,102,ABBADIE  BLD,,,Plein jour,En agglomération,Hors intersection,Normale,Deux véhicules - arrière,,,,,,,,,,,1,2,1,1,2
200700027404,0007-05-08 19:10:00,7,5,8,19,10,130,55,LYCEE (PLACE DU),,,Plein jour,En agglomération,Hors intersection,Normale,Autre collision,,,,,,,,,,,1,2,1,1,6
200700027405,0007-05-02 21:45:00,7,5,2,21,45,130,55,", PRADO (AVENUE)",,,Nuit avec éclairage allumé,En agglomération,Hors intersection,Normale,Deux véhicules - côté,,,,,,,,,,,5,2,1,1,3
200700027406,0007-05-05 17:15:00,7,5,5,17,15,130,55,"110, VISTE (AVENUE DE LA",,,Plein jour,En agglomération,Intersection en T,Normale,Deux véhicules - côté,,,,,,,,,,,1,2,3,1,3
200700027407,0007-05-02 17:50:00,7,5,2,17,50,130,55,"150, SAINT LOUP (BOULEVA",,,Plein jour,En agglomération,Hors intersection,Normale,Deux véhicules - côté,,,,,,,,,,,1,2,1,1,3
200700027408,0007-05-03 07:20:00,7,5,3,7,20,130,2,ETIENNE CUCCA-CD908 (AVE,,,Crépuscule ou aube,Hors agglomération,Hors intersection,Pluie légère,Autre collision,,,,,,,,,,,2,1,1,2,6
200700027409,0007-05-06 03:45:00,7,5,6,3,45,130,55,"337, CORNICHE KENNEDY",,,Nuit avec éclairage allumé,En agglomération,Hors intersection,Normale,Autre collision,,,,,,,,,,,5,2,1,1,6
200700027410,0007-05-07 21:45:00,7,5,7,21,45,130,55,"448, LITTORAL (CHEMIN DU",,,Nuit avec éclairage allumé,En agglomération,Hors intersection,Normale,Deux véhicules - frontale,,,,,,,,,,,5,2,1,1,1
200700027411,0007-05-08 10:15:00,7,5,8,10,15,130,55,"18, SAINT LOUP (BOULEVAR",,,Plein jour,En agglomération,Hors intersection,Normale,Autre collision,,,,,,,,,,,1,2,1,1,6
200700027412,0007-05-07 10:30:00,7,5,7,10,30,130,2,"1769, ETIENNE CUCCA-CD90",,,Plein jour,En agglomération,Hors intersection,Normale,Autre collision,,,,,,,,,,,1,2,1,1,6
200700027413,0007-05-02 13:15:00,7,5,2,13,15,130,55,"79, LODI (RUE DE)",,,Plein jour,En agglomération,Hors intersection,Normale,Deux véhicules - côté,,,,,,,,,,,1,2,1,1,3
200700027414,0007-05-02 08:40:00,7,5,2,8,40,130,55,CORNICHE KENNEDY,,,Plein jour,En agglomération,Hors intersection,Normale,Autre collision,,,,,,,,,,,1,2,1,1,6
200700027415,0007-05-04 12:30:00,7,5,4,12,30,130,55,"411, PRADO (AVENUE)",,,Plein jour,En agglomération,Hors intersection,Pluie légère,Deux véhicules - côté,,,,,,,,,,,1,2,1,2,3
200700027416,0007-05-08 19:45:00,7,5,8,19,45,130,55,"68, CAMOINS (AVENUE DES)",,,Plein jour,En agglomération,Hors intersection,Normale,Deux véhicules - frontale,,,,,,,,,,,1,2,1,1,1
200700027417,0007-05-01 00:30:00,7,5,1,0,30,130,55,"188, LYON (RUE DE)",,,Nuit avec éclairage allumé,En agglomération,Hors intersection,Normale,Deux véhicules - côté,,,,,,,,,,,5,2,1,1,3
200700027418,0007-05-09 23:30:00,7,5,9,23,30,130,55,"149, PRADO (AVENUE)",,,Nuit avec éclairage allumé,En agglomération,Intersection en X,Normale,Deux véhicules - côté,,,,,,,,,,,5,2,2,1,3