accident_id,datetime,annee,mois,jour,heure,minute,departement,commune_insee,adresse,latitude,longitude,luminosite,agglomeration,intersection,meteo,collision,nb_vehicules,nb_usagers,nb_indemnes,nb_tues,nb_blesses_hosp,nb_blesses_legers,age_cond_1,age_cond_2,veh_type_cond_1,veh_type_cond_2,lum_code,agg_code,int_code,atm_code,col_code
200700027419,0007-05-04 14:40:00,7,5,4,14,40,130,55,"350, SAINT ANTOINE (AVEN",,,Plein jour,En agglomération,Autre intersection,Pluie légère,Deux véhicules - arrière,,,,,,,,,,,1,2,9,2,2
200700027420,0007-05-02 16:25:00,7,5,2,16,25,130,55,"103, ROGER SALENGRO (AVE",,,Plein jour,En agglomération,Hors intersection,Normale,Autre collision,,,,,,,,,,,1,2,1,1,6
200700027421,0007-05-06 09:45:00,7,5,6,9,45,130,55,"12, MADRAGUE VILLE (RUE)",,,Plein jour,Hors agglomération,Hors intersection,Normale,Sans collision,,,,,,,,,,,1,1,1,1,7
200700027422,0007-05-01 14:00:00,7,5,1,14,0,130,55,"7, SAINT ANTOINE (AVENUE",,,Plein jour,Hors agglomération,Hors intersection,Temps couvert,Deux véhicules - côté,,,,,,,,,,,1,1,1,8,3
200700027423,0007-05-06 13:45:00,7,5,6,13,45,130,55,GUSTAVE GANAY (BOULEVARD,,,Plein jour,En agglomération,Intersection en Y,Normale,Deux véhicules - côté,,,,,,,,,,,1,2,4,1,3
200700027424,0007-05-06 12:50:00,7,5,6,12,50,130,55,PONT DE VIVAUX (BOULEVAR,,,Plein jour,En agglomération,Hors intersection,Normale,Deux véhicules - côté,,,,,,,,,,,1,2,1,1,3
200700027425,0007-05-10 17:00:00,7,5,10,17,0,130,55,TIMONE (AVENUE DE LA),,,Plein jour,En agglomération,Hors intersection,Normale,Deux véhicules - côté,,,,,,,,,,,1,2,1,1,3
200700027426,0007-05-10 19:20:00,7,5,10,19,20,130,55,"186, BAILLE (BOULEVARD)",,,Plein jour,En agglomération,Hors intersection,Normale,Deux véhicules - côté,,,,,,,,,,,1,2,1,1,3
200700027427,0007-05-02 14:30:00,7,5,2,14,30,130,55,"69, CLUE (CHEMIN DE LA)",,,Plein jour,En agglomération,Autre intersection,Normale,Deux véhicules - côté,,,,,,,,,,,1,2,9,1,3
200700027428,0007-05-07 21:46:00,7,5,7,21,46,130,55,"323, CORNICHE KENNEDY",,,Nuit avec éclairage allumé,En agglomération,Hors intersection,Normale,Deux véhicules - côté,,,,,,,,,,,5,2,1,1,3
200700027429,0007-05-11 16:10:00,7,5,11,16,10,130,55,"116, EXCOFFON (AVENUE)",,,Plein jour,En agglomération,Hors intersection,Normale,Sans collision,,,,,,,,,,,1,2,1,1,7
200700027430,0007-05-14 16:45:00,7,5,14,16,45,130,55,"46, MILLIERE (BOULEVARD",,,Plein jour,En agglomération,Hors intersection,Normale,Autre collision,,,,,,,,,,,1,2,1,1,6
200700027431,0007-05-01 07:00:00,7,5,1,7,0,130,55,ALEX DELABRE (BOULEVARD),,,Plein jour,En agglomération,Hors intersection,Normale,Autre collision,,,,,,,,,,,1,2,1,1,6
200700027432,0007-05-02 18:10:00,7,5,2,18,10,130,55,"100, KADDOUZ (CHEMIN)",,,Plein jour,Hors agglomération,Hors intersection,Normale,Deux véhicules - côté,,,,,,,,,,,1,1,1,1,3
200700027433,0007-05-08 23:45:00,7,5,8,23,45,130,55,"2, JEAN BOUIN (AVENUE)",,,Nuit avec éclairage allumé,En agglomération,Hors intersection,Normale,Autre collision,,,,,,,,,,,5,2,1,1,6
200700027434,0007-05-13 00:15:00,7,5,13,0,15,130,55,RABATAU (BOULEVARD),,,Nuit avec éclairage allumé,En agglomération,Hors intersection,Normale,Sans collision,,,,,,,,,,,5,2,1,1,7
200700027435,0007-05-15 13:30:00,7,5,15,13,30,130,55,MADRAGUE VILLE (RUE),,,Plein jour,En agglomération,Autre intersection,Normale,Sans collision,,,,,,,,,,,1,2,9,1,7
200700027436,0007-05-15 09:50:00,7,5,15,9,50,130,55,"95, BAILLE (BOULEVARD)",,,Plein jour,En agglomération,Hors intersection,Normale,Deux véhicules - côté,,,,,,,,,,,1,2,1,1,3
200700027437,0007-05-04 13:00:00,7,5,4,13,0,130,55,ROME (RUE DE)        1 A,,,Plein jour,En agglomération,Intersection en X,Pluie légère,Deux véhicules - côté,,,,,,,,,,,1,2,2,2,3
200700027438,0007-05-16 10:15:00,7,5,16,10,15,130,55,"75, MONTREDON (AVENUE DE",,,Plein jour,En agglomération,Intersection en X,Normale,Autre collision,,,,,,,,,,,1,2,2,1,6
200700027439,0007-05-18 05:50:00,7,5,18,5,50,130,55,PONT DE VIVAUX (BOULEVAR,,,Plein jour,En agglomération,Hors intersection,Normale,Deux véhicules - frontale,,,,,,,,,,,1,2,1,1,1
200700027440,0007-05-04 18:50:00,7,5,4,18,50,130,55,"360, NATIONAL (BOULEVARD",,,Plein jour,En agglomération,Hors intersection,Normale,Autre collision,,,,,,,,,,,1,2,1,1,6
200700027441,0007-05-10 14:45:00,7,5,10,14,45,130,55,"65, PRADO (AVENUE DU)",,,Plein jour,En agglomération,Hors intersection,Normale,Deux véhicules - côté,,,,,,,,,,,1,2,1,1,3
200700027442,0007-05-15 22:15:00,7,5,15,22,15,130,55,SAINTE CECILE (RUE),,,Nuit avec éclairage allumé,En agglomération,Intersection à plus de 4 branches,Normale,Deux véhicules - côté,,,,,,,,,,,5,2,5,1,3
200700027443,0007-05-12 23:00:00,7,5,12,23,0,130,55,CAPELETTE (AVENUE DE LA),,,Nuit avec éclairage allumé,En agglomération,Intersection en T,Normale,Deux véhicules - frontale,,,,,,,,,,,5,2,3,1,1
200700027444,0007-05-11 16:45:00,7,5,11,16,45,130,55,"08, DAMES (BOULEVARD DES",,,Plein jour,En agglomération,Hors intersection,Normale,Autre collision,,,,,,,,,,,1,2,1,1,6
200700027445,0007-05-04 14:20:00,7,5,4,14,20,130,55,LÉON LACHAMP (ROUTE),,,Plein jour,Hors agglomération,Hors intersection,Pluie légère,Deux véhicules - frontale,,,,,,,,,,,1,1,1,2,1
200700027446,0007-05-05 14:20:00,7,5,5,14,20,130,55,MIREILLE LAUZE (BOULEVAR,,,Plein jour,En agglomération,Hors intersection,Normale,Deux véhicules - côté,,,,,,,,,,,1,2,1,1,3
200700027447,0007-05-10 17:01:00,7,5,10,17,1,130,55,COLGATE (TRAVERSE),,,Plein jour,En agglomération,Hors intersection,Normale,Deux véhicules - côté,,,,,,,,,,,1,2,1,1,3
200700027448,0007-05-12 15:00:00,7,5,12,15,0,130,55,PONT DE VIVAUX (BOULEVAR,,,Plein jour,En agglomération,Intersection en T,Normale,Deux véhicules - côté,,,,,,,,,,,1,2,3,1,3
200700027449,0007-05-19 01:20:00,7,5,19,1,20,130,55,POMME (BOULEVARD DE LA ),,,Nuit avec éclairage allumé,En agglomération,Hors intersection,Normale,Deux véhicules - arrière,,,,,,,,,,,5,2,1,1,2
200700027450,0007-05-18 16:30:00,7,5,18,16,30,130,55,"69, CAPITAINE GEZE (BOUL",,,Plein jour,En agglomération,Hors intersection,Normale,Autre collision,,,,,,,,,,,1,2,1,1,6
200700027451,0007-05-06 15:50:00,7,5,6,15,50,130,55,LA PUGETTE (BOULEVARD),,,Plein jour,En agglomération,Intersection en X,Normale,Deux véhicules - côté,,,,,,,,,,,1,2,2,1,3
200700027452,0007-05-02 18:15:00,7,5,2,18,15,130,55,"0, SAINT MARCEL (BOULEVA",,,Plein jour,En agglomération,Hors intersection,Normale,Autre collision,,,,,,,,,,,1,2,1,1,6
200700027453,0007-05-14 14:00:00,7,5,14,14,0,130,55,"274, PAUL CLAUDEL (BOULE",,,Plein jour,En agglomération,Hors intersection,Pluie légère,Deux véhicules - côté,,,,,,,,,,,1,2,1,2,3
200700027454,0007-05-09 14:30:00,7,5,9,14,30,130,55,"28, SAKAKINI (BOULEVARD)",,,Plein jour,En agglomération,Hors intersection,Normale,Deux véhicules - côté,,,,,,,,,,,1,2,1,1,3
200700027455,0007-05-10 12:25:00,7,5,10,12,25,130,55,ELZÉAR ROUGIER (RUE),,,Plein jour,En agglomération,Hors intersection,Normale,Sans collision,,,,,,,,,,,1,2,1,1,7
200700027456,0007-05-03 18:00:00,7,5,3,18,0,130,55,JEAN MOULIN (BOULEVARD),,,Plein jour,En agglomération,Hors intersection,Pluie légère,Deux véhicules - arrière,,,,,,,,,,,1,2,1,2,2
200700027457,0007-05-14 17:40:00,7,5,14,17,40,130,55,"55, SAINTE JULIE (AVENUE",,,Plein jour,En agglomération,Hors intersection,Normale,Autre collision,,,,,,,,,,,1,2,1,1,6
200700027458,0007-05-16 18:15:00,7,5,16,18,15,130,55,MARCHE D'IN (AVENUE),,,Plein jour,En agglomération,Hors intersection,Normale,Deux véhicules - côté,,,,,,,,,,,1,2,1,1,3
200700027459,0007-05-18 15:10:00,7,5,18,15,10,130,55,"83, SAINT MENET (AVENUE",,,Plein jour,En agglomération,Hors intersection,Normale,Deux véhicules - côté,,,,,,,,,,,1,2,1,1,3
200700027460,0007-05-18 08:30:00,7,5,18,8,30,130,55,"152, MILLIERE (BOULEVARD",,,Plein jour,En agglomération,Hors intersection,Normale,Deux véhicules - arrière,,,,,,,,,,,1,2,1,1,2
200700027461,0007-05-20 19:40:00,7,5,20,19,40,130,55,LÉON BANCAL (RUE),,,Plein jour,En agglomération,Intersection en X,Normale,Deux véhicules - frontale,,,,,,,,,,,1,2,2,1,1
200700027462,0007-05-20 18:20:00,7,5,20,18,20,130,55,"6, HUVEAUNE (BOULEVARD D",,,Plein jour,En agglomération,Hors intersection,Normale,Deux véhicules - frontale,,,,,,,,,,,1,2,1,1,1
200700027463,0007-05-16 10:30:00,7,5,16,10,30,130,55,CHATEAU GOMBERT (AVENUE),,,Plein jour,En agglomération,Intersection en T,Normale,Deux véhicules - côté,,,,,,,,,,,1,2,3,1,3
200700027464,0007-05-21 18:30:00,7,5,21,18,30,130,55,PORT (QUAI DU),,,Plein jour,En agglomération,Intersection en Y,Normale,Deux véhicules - côté,,,,,,,,,,,1,2,4,1,3
200700027465,0007-05-21 13:55:00,7,5,21,13,55,130,55,"79, PLOMBIERES (BOULEVAR",,,Plein jour,En agglomération,Hors intersection,Normale,Sans collision,,,,,,,,,,,1,2,1,1,7
200700027466,0007-05-09 17:40:00,7,5,9,17,40,130,55,"50, MERLAN (AVENUE)",,,Plein jour,En agglomération,Hors intersection,Normale,Deux véhicules - côté,,,,,,,,,,,1,2,1,1,3
200700027467,0007-05-15 22:45:00,7,5,15,22,45,130,55,ALEX. FLEMING (BOULEVARD,,,Nuit avec éclairage allumé,En agglomération,Hors intersection,Normale,Autre collision,,,,,,,,,,,5,2,1,1,6
200700027468,0007-05-10 19:35:00,7,5,10,19,35,130,55,CASSINI (BOULEVARD),,,Plein jour,En agglomération,Hors intersection,Normale,Autre collision,,,,,,,,,,,1,2,1,1,6
200700027469,0007-05-11 17:00:00,7,5,11,17,0,130,55,JARDIN ZOOLOGIQUE (BOULE,,,Plein jour,En agglomération,Hors intersection,Normale,Autre collision,,,,,,,,,,,1,2,1,1,6
200700027470,0007-05-16 17:00:00,7,5,16,17,0,130,55,"34, COMMANDANT MAGES (RU",,,Plein jour,En agglomération,Hors intersection,Normale,Deux véhicules - arrière,,,,,,,,,,,1,2,1,1,2
200700027471,0007-05-19 09:30:00,7,5,19,9,30,130,55,ROGER SALENGRO (AVENUE),,,Plein jour,En agglomération,Hors intersection,Normale,Deux véhicules - côté,,,,,,,,,,,1,2,1,1,3
200700027472,0007-05-21 23:15:00,7,5,21,23,15,130,55,ALEX. FLEMING (BOULEVARD,,,Nuit avec éclairage allumé,En agglomération,Hors intersection,Normale,Sans collision,,,,,,,,,,,5,2,1,1,7
200700027473,0007-05-22 13:50:00,7,5,22,13,50,130,55,"5, FRANKLIN ROOSEVELT (C",,,Plein jour,En agglomération,Intersection en T,Normale,Deux véhicules - côté,,,,,,,,,,,1,2,3,1,3
200700027474,0007-05-22 20:30:00,7,5,22,20,30,130,55,BRIANCON (BOULEVARD),,,Plein jour,En agglomération,Intersection en T,Normale,Deux véhicules - frontale,,,,,,,,,,,1,2,3,1,1
200700027475,0007-05-16 10:16:00,7,5,16,10,16,130,55,RABATAU (BOULEVARD),,,Plein jour,En agglomération,Intersection en X,Normale,Deux véhicules - côté,,,,,,,,,,,1,2,2,1,3
200700027476,0007-05-21 15:15:00,7,5,21,15,15,130,55,"26, ELZÉAR ROUGIER (RUE)",,,Plein jour,En agglomération,Hors intersection,Normale,Deux véhicules - arrière,,,,,,,,,,,1,2,1,1,2
200700027477,0007-05-20 15:55:00,7,5,20,15,55,130,55,"23, MONTREDON (AVENUE DE",,,Plein jour,En agglomération,Autre intersection,Normale,Autre collision,,,,,,,,,,,1,2,9,1,6
200700027478,0007-05-22 07:35:00,7,5,22,7,35,130,55,"140, SAINT LOUP (BOULEVA",,,Plein jour,En agglomération,Hors intersection,Normale,Autre collision,,,,,,,,,,,1,2,1,1,6
200700027479,0007-05-06 12:30:00,7,5,6,12,30,130,55,MIREILLE LAUZE (BOULEVAR,,,Plein jour,En agglomération,Intersection à plus de 4 branches,Normale,Deux véhicules - côté,,,,,,,,,,,1,2,5,1,3
200700027480,0007-05-07 12:30:00,7,5,7,12,30,130,55,SCHLOESING (BOULEVARD),,,Plein jour,En agglomération,Autre intersection,Normale,Deux véhicules - arrière,,,,,,,,,,,1,2,9,1,2
200700027481,0007-05-19 10:00:00,7,5,19,10,0,130,55,"83, REDON (BOULEVARD DU)",,,Plein jour,En agglomération,Hors intersection,Normale,Autre collision,,,,,,,,,,,1,2,1,1,6
200700027482,0007-05-02 15:30:00,7,5,2,15,30,130,55,"105, CLOT BEY (AVENUE)",,,Plein jour,En agglomération,Intersection en T,Normale,Deux véhicules - côté,,,,,,,,,,,1,2,3,1,3
200700027483,0007-05-11 16:46:00,7,5,11,16,46,130,55,CLOT BEY (AVENUE),,,Plein jour,En agglomération,Hors intersection,Normale,Deux véhicules - côté,,,,,,,,,,,1,2,1,1,3
200700027484,0007-05-08 18:00:00,7,5,8,18,0,130,55,HUVEAUNE (BOULEVARD DE),,,Plein jour,En agglomération,Intersection en T,Normale,Deux véhicules - frontale,,,,,,,,,,,1,2,3,1,1
200700027485,0007-05-02 23:10:00,7,5,2,23,10,130,55,MARIE LOUIS (RUE),,,Nuit avec éclairage allumé,En agglomération,Hors intersection,Pluie forte,Sans collision,,,,,,,,,,,5,2,1,3,7
200700027486,0007-05-14 14:15:00,7,5,14,14,15,130,55,MIREILLE LAUZE (BOULEVAR,,,Plein jour,En agglomération,Hors intersection,Pluie légère,Deux véhicules - arrière,,,,,,,,,,,1,2,1,2,2
200700027487,0007-05-23 20:00:00,7,5,23,20,0,130,55,"7, RIVE NEUVE (QUAI DE)",,,Nuit avec éclairage allumé,En agglomération,Hors intersection,Normale,Autre collision,,,,,,,,,,,5,2,1,1,6
200700027488,0007-05-23 16:00:00,7,5,23,16,0,130,55,"85, FENOUIL (BOULEVARD)",,,Plein jour,En agglomération,Intersection en Y,Normale,Deux véhicules - frontale,,,,,,,,,,,1,2,4,1,1
200700027489,0007-05-01 11:20:00,7,5,1,11,20,130,55,"88, PORT (QUAI DU)",,,Plein jour,En agglomération,Intersection en T,Normale,Deux véhicules - arrière,,,,,,,,,,,1,2,3,1,2
200700027490,0007-05-16 17:01:00,7,5,16,17,1,130,55,ALEX ANSALDI (RUE),,,Plein jour,En agglomération,Hors intersection,Normale,Sans collision,,,,,,,,,,,1,2,1,1,7
200700027491,0007-05-11 18:15:00,7,5,11,18,15,130,55,"91, SAINT JEROME (AVENUE",,,Plein jour,En agglomération,Hors intersection,Normale,Deux véhicules - frontale,,,,,,,,,,,1,2,1,1,1
200700027492,0007-05-13 13:20:00,7,5,13,13,20,130,55,"93, ROME (RUE DE)",,,Plein jour,En agglomération,Intersection en T,Normale,Deux véhicules - côté,,,,,,,,,,,1,2,3,1,3
200700027493,0007-05-15 21:45:00,7,5,15,21,45,130,55,CHARRAS (RUE),,,Nuit avec éclairage allumé,En agglomération,Hors intersection,Normale,Autre collision,,,,,,,,,,,5,2,1,1,6
200700027494,0007-05-02 16:35:00,7,5,2,16,35,130,55,BAILLE (BOULEVARD),,,Plein jour,En agglomération,Intersection en T,Normale,Autre collision,,,,,,,,,,,1,2,3,1,6
200700027495,0007-05-24 16:50:00,7,5,24,16,50,130,55,PLOMBIERES (BOULEVARD DE,,,Plein jour,En agglomération,Hors intersection,Normale,Autre collision,,,,,,,,,,,1,2,1,1,6
200700027496,0007-05-19 01:35:00,7,5,19,1,35,130,55,GRANDE ARMEE (RUE DE LA),,,Nuit avec éclairage allumé,En agglomération,Intersection à plus de 4 branches,Normale,Deux véhicules - côté,,,,,,,,,,,5,2,5,1,3
200700027497,0007-05-18 20:30:00,7,5,18,20,30,130,55,SAINT THEODORE (RUE),,,Nuit avec éclairage allumé,En agglomération,Hors intersection,Normale,Autre collision,,,,,,,,,,,5,2,1,1,6
200700027498,0007-05-04 11:15:00,7,5,4,11,15,130,55,"146, BAILLE (BOULEVARD)",,,Plein jour,En agglomération,Intersection en T,Pluie légère,Autre collision,,,,,,,,,,,1,2,3,2,6
200700027499,0007-05-09 17:50:00,7,5,9,17,50,130,55,"111, CASTELLANE (PLACE)",,,Plein jour,En agglomération,Hors intersection,Normale,Autre collision,,,,,,,,,,,1,2,1,1,6
200700027500,0007-05-24 12:25:00,7,5,24,12,25,130,55,LIBERATION (BOULEVARD),,,Plein jour,En agglomération,Hors intersection,Normale,Deux véhicules - côté,,,,,,,,,,,1,2,1,1,3
200700027501,0007-05-22 18:40:00,7,5,22,18,40,130,55,"104, PINATEL (BOULEVARD)",,,Plein jour,En agglomération,Hors intersection,Normale,Autre collision,,,,,,,,,,,1,2,1,1,6
200700027502,0007-05-22 08:20:00,7,5,22,8,20,130,55,"123, SAINTE JULIE (AVENU",,,Plein jour,En agglomération,Hors intersection,Normale,Deux véhicules - côté,,,,,,,,,,,1,2,1,1,3
200700027503,0007-05-12 19:45:00,7,5,12,19,45,130,55,LITTORAL (CHEMIN DU),,,Plein jour,En agglomération,Hors intersection,Normale,Deux véhicules - côté,,,,,,,,,,,1,2,1,1,3
200700027504,0007-05-22 08:15:00,7,5,22,8,15,130,55,PIERRE DOIZE  (RUE),,,Plein jour,En agglomération,Hors intersection,Normale,Deux véhicules - arrière,,,,,,,,,,,1,2,1,1,2
200700027505,0007-05-28 20:20:00,7,5,28,20,20,130,55,LITTORAL (CHEMIN DU),,,Plein jour,Hors agglomération,Hors intersection,Normale,Trois véhicules et plus - collisions multiples,,,,,,,,,,,1,1,1,1,5
200700027506,0007-05-29 02:40:00,7,5,29,2,40,130,55,"81, CAPELETTE (AVENUE DE",,,Nuit avec éclairage allumé,En agglomération,Intersection en T,Normale,Autre collision,,,,,,,,,,,5,2,3,1,6
200700027507,0007-05-27 01:10:00,7,5,27,1,10,130,55,"48, SAINT LOUIS (AVENUE",,,Nuit avec éclairage allumé,En agglomération,Hors intersection,Normale,Autre collision,,,,,,,,,,,5,2,1,1,6
200700027508,0007-05-26 08:05:00,7,5,26,8,5,130,55,GRIVES (CHEMIN DES),,,Plein jour,En agglomération,Hors intersection,Normale,Deux véhicules - côté,,,,,,,,,,,1,2,1,1,3
200700027509,0007-05-27 18:45:00,7,5,27,18,45,130,2,7EME TIRAILLEURS ALGERIE,,,Plein jour,En agglomération,Hors intersection,Normale,Autre collision,,,,,,,,,,,1,2,1,1,6
200700027510,0007-05-26 13:15:00,7,5,26,13,15,130,55,"7, GRANIERE (RUE DE LA)",,,Plein jour,En agglomération,Hors intersection,Normale,Autre collision,,,,,,,,,,,1,2,1,1,6
200700027511,0007-05-14 20:00:00,7,5,14,20,0,130,55,"152, SAINT JEAN (CHEMIN)",,,Plein jour,En agglomération,Hors intersection,Normale,Deux véhicules - côté,,,,,,,,,,,1,2,1,1,3
200700027512,0007-05-05 05:40:00,7,5,5,5,40,130,55,"2, SAINTE ADEL (RUE)",,,Nuit avec éclairage allumé,En agglomération,Hors intersection,Normale,Autre collision,,,,,,,,,,,5,2,1,1,6
200700027513,0007-05-02 12:00:00,7,5,2,12,0,130,55,"255, ENDOUME (RUE D')",,,Plein jour,En agglomération,Hors intersection,Temps couvert,Autre collision,,,,,,,,,,,1,2,1,8,6
200700027514,0007-05-16 22:00:00,7,5,16,22,0,130,55,"1, CATALANS (RUE DES)",,,Nuit avec éclairage allumé,En agglomération,Hors intersection,Normale,Deux véhicules - arrière,,,,,,,,,,,5,2,1,1,2
200700027515,0007-05-03 08:45:00,7,5,3,8,45,130,55,"116, LIEUTAUD (COURS)",,,Plein jour,En agglomération,Intersection en T,Temps couvert,Deux véhicules - côté,,,,,,,,,,,1,2,3,8,3
200700027516,0007-05-09 18:10:00,7,5,9,18,10,130,55,AVIATEUR LE BRIX (RUE),,,Plein jour,En agglomération,Giratoire,Normale,Deux véhicules - côté,,,,,,,,,,,1,2,6,1,3
200700027517,0007-05-10 09:30:00,7,5,10,9,30,130,55,"315, CORNICHE KENNEDY",,,Plein jour,En agglomération,Hors intersection,Normale,Autre collision,,,,,,,,,,,1,2,1,1,6
200700027518,0007-05-21 17:20:00,7,5,21,17,20,130,55,ALEX. FLEMING (BOULEVARD,,,Plein jour,En agglomération,Hors intersection,Normale,Deux véhicules - arrière,,,,,,,,,,,1,2,1,1,2
200700027519,0007-05-02 12:10:00,7,5,2,12,10,130,55,ROGER SALENGRO (AVENUE),,,Plein jour,En agglomération,Intersection en X,Normale,Deux véhicules - côté,,,,,,,,,,,1,2,2,1,3
200700027520,0007-05-12 15:50:00,7,5,12,15,50,130,55,BARRY (BOULEVARD),,,Plein jour,En agglomération,Hors intersection,Normale,Deux véhicules - arrière,,,,,,,,,,,1,2,1,1,2
200700027521,0007-05-14 16:00:00,7,5,14,16,0,130,55,"147, LOUBON (RUE)",,,Plein jour,En agglomération,Autre intersection,Normale,Autre collision,,,,,,,,,,,1,2,9,1,6
200700027522,0007-05-09 20:00:00,7,5,9,20,0,130,55,"68, PRES (RUE DES)",,,Crépuscule ou aube,En agglomération,Hors intersection,Normale,Deux véhicules - frontale,,,,,,,,,,,2,2,1,1,1
200700027523,0007-05-25 09:25:00,7,5,25,9,25,130,55,ROMAIN ROLLAND (BOULEVAR,,,Plein jour,En agglomération,Intersection en T,Normale,Deux véhicules - côté,,,,,,,,,,,1,2,3,1,3
200700027524,0007-05-22 17:58:00,7,5,22,17,58,130,55,JOSEPH PETRONIO (RUE),,,Plein jour,Hors agglomération,Hors intersection,Normale,Deux véhicules - arrière,,,,,,,,,,,1,1,1,1,2
200700027525,0007-05-03 13:20:00,7,5,3,13,20,130,55,"18, MILLIERE (BOULEVARD",,,Plein jour,En agglomération,Hors intersection,Pluie légère,Deux véhicules - arrière,,,,,,,,,,,1,2,1,2,2
200700027526,0007-05-19 15:50:00,7,5,19,15,50,130,55,MIGNARD (RUE),,,Plein jour,En agglomération,Giratoire,Normale,Deux véhicules - côté,,,,,,,,,,,1,2,6,1,3
200700027527,0007-05-23 17:30:00,7,5,23,17,30,130,55,ROGER SALENGRO (AVENUE),,,Plein jour,En agglomération,Hors intersection,Normale,Deux véhicules - frontale,,,,,,,,,,,1,2,1,1,1
200700027528,0007-05-11 08:00:00,7,5,11,8,0,130,55,CROIX ROUGE (AVENUE),,,Plein jour,En agglomération,Hors intersection,Normale,Autre collision,,,,,,,,,,,1,2,1,1,6
200700027529,0007-05-16 13:00:00,7,5,16,13,0,130,55,TOUR SAINTE (AVENUE DE),,,Plein jour,En agglomération,Hors intersection,Normale,Deux véhicules - arrière,,,,,,,,,,,1,2,1,1,2
200700027530,0007-05-19 23:00:00,7,5,19,23,0,130,55,PLATEAU (RUE DU),,,Nuit avec éclairage allumé,En agglomération,Intersection en T,Normale,Deux véhicules - arrière,,,,,,,,,,,5,2,3,1,2
200700027531,0007-05-22 10:20:00,7,5,22,10,20,130,2,7EME TIRAILLEURS ALGERIE,,,Plein jour,En agglomération,Hors intersection,Normale,Autre collision,,,,,,,,,,,1,2,1,1,6
200700027532,0007-05-16 17:15:00,7,5,16,17,15,130,55,"49, ANATOLE DE LA FORGE",,,Plein jour,En agglomération,Hors intersection,Normale,Deux véhicules - côté,,,,,,,,,,,1,2,1,1,3
200700027533,0007-05-22 14:00:00,7,5,22,14,0,130,55,"237, CHATEAU GOMBERT (AV",,,Plein jour,En agglomération,Hors intersection,Normale,Deux véhicules - arrière,,,,,,,,,,,1,2,1,1,2
200700027534,0007-05-14 15:00:00,7,5,14,15,0,130,55,SAINT ANTOINE (AVENUE DE,,,Plein jour,En agglomération,Autre intersection,Normale,Autre collision,,,,,,,,,,,1,2,9,1,6
200700027535,0007-05-10 12:00:00,7,5,10,12,0,130,55,"110, LIEUTAUD (COURS)",,,Plein jour,En agglomération,Hors intersection,Normale,Trois véhicules et plus - collisions multiples,,,,,,,,,,,1,2,1,1,5
200700027536,0007-05-03 19:35:00,7,5,3,19,35,130,55,"63, COROT (AVENUE)",,,Plein jour,En agglomération,Hors intersection,Normale,Deux véhicules - frontale,,,,,,,,,,,1,2,1,1,1
200700027537,0007-05-20 14:40:00,7,5,20,14,40,130,55,HENRI BARNIER (BOULEVARD,,,Plein jour,En agglomération,Intersection en T,Normale,Deux véhicules - côté,,,,,,,,,,,1,2,3,1,3
200700027538,0007-05-19 13:30:00,7,5,19,13,30,130,55,"08, ROLAND DORGELES (BOU",,,Plein jour,En agglomération,Autre intersection,Normale,Deux véhicules - côté,,,,,,,,,,,1,2,9,1,3
200700027539,0007-05-03 16:10:00,7,5,3,16,10,130,55,"35, GEORGE (RUE)",,,Plein jour,En agglomération,Hors intersection,Normale,Autre collision,,,,,,,,,,,1,2,1,1,6
200700027540,0007-05-16 11:20:00,7,5,16,11,20,130,55,ROME (RUE DE),,,Plein jour,En agglomération,Intersection en X,Normale,Autre collision,,,,,,,,,,,1,2,2,1,6
200700027541,0007-05-02 17:35:00,7,5,2,17,35,130,55,", LODI (RUE DE)",,,Plein jour,En agglomération,Intersection en X,Normale,Trois véhicules et plus - collisions multiples,,,,,,,,,,,1,2,2,1,5
200700027542,0007-05-16 17:40:00,7,5,16,17,40,130,55,"48, PAUL CLAUDEL (BOULEV",,,Plein jour,En agglomération,Intersection en T,Normale,Deux véhicules - côté,,,,,,,,,,,1,2,3,1,3
200700027543,0007-05-10 08:00:00,7,5,10,8,0,130,55,"124, CANEBIERE     70 A",,,Plein jour,En agglomération,Intersection en T,Normale,Autre collision,,,,,,,,,,,1,2,3,1,6
200700027544,0007-05-14 18:25:00,7,5,14,18,25,130,55,JEANNE D'ARC (BOULEVARD),,,Plein jour,En agglomération,Intersection en X,Normale,Deux véhicules - frontale,,,,,,,,,,,1,2,2,1,1
200700027545,0007-05-21 11:00:00,7,5,21,11,0,130,55,"28, FIGUIERE (BOULEVARD)",,,Plein jour,En agglomération,Hors intersection,Normale,Deux véhicules - côté,,,,,,,,,,,1,2,1,1,3
200700027546,0007-05-02 13:16:00,7,5,2,13,16,130,55,ORGUES (RUE DES),,,Plein jour,En agglomération,Hors intersection,Normale,Sans collision,,,,,,,,,,,1,2,1,1,7
200700027547,0007-05-14 08:50:00,7,5,14,8,50,130,55,"12, LÉON GAMBETTA (ALLEE",,,Plein jour,En agglomération,Autre intersection,Normale,Deux véhicules - côté,,,,,,,,,,,1,2,9,1,3
200700027548,0007-05-22 12:00:00,7,5,22,12,0,130,55,GAROUTTE (BOULEVARD),,,Plein jour,En agglomération,Hors intersection,Normale,Deux véhicules - frontale,,,,,,,,,,,1,2,1,1,1
200700027549,0007-05-21 18:00:00,7,5,21,18,0,130,55,LA FOURRAGERE (AVENUE),,,Plein jour,En agglomération,Hors intersection,Normale,Deux véhicules - côté,,,,,,,,,,,1,2,1,1,3
200700027550,0007-05-25 22:45:00,7,5,25,22,45,130,55,MONTREDON (AVENUE DE),,,Nuit avec éclairage allumé,En agglomération,Intersection en T,Normale,Deux véhicules - côté,,,,,,,,,,,5,2,3,1,3
200700027551,0007-05-21 16:50:00,7,5,21,16,50,130,2,VALLON VERT (AVENUE DU ),,,Plein jour,En agglomération,Hors intersection,Normale,Deux véhicules - arrière,,,,,,,,,,,1,2,1,1,2