accident_id,datetime,annee,mois,jour,heure,minute,departement,commune_insee,adresse,latitude,longitude,luminosite,agglomeration,intersection,meteo,collision,nb_vehicules,nb_usagers,nb_indemnes,nb_tues,nb_blesses_hosp,nb_blesses_legers,age_cond_1,age_cond_2,veh_type_cond_1,veh_type_cond_2,lum_code,agg_code,int_code,atm_code,col_code
200700027686,0007-05-08 20:20:00,7,5,8,20,20,130,71,", VOILERIE (CHEMIN)",,,Plein jour,En agglomération,Hors intersection,Normale,Deux véhicules - côté,,,,,,,,,,,1,2,1,1,3
200700027687,0007-05-13 01:25:00,7,5,13,1,25,130,71,"151B, MITTERRAND (AVENUE",,,Nuit avec éclairage allumé,En agglomération,Hors intersection,Normale,Deux véhicules - frontale,,,,,,,,,,,5,2,1,1,1
200700027688,0007-05-14 15:35:00,7,5,14,15,35,130,117,ROUTE NATIONALE 113 - AG,,,Plein jour,Hors agglomération,Hors intersection,Normale,Deux véhicules - côté,,,,,,,,,,,1,1,1,1,3
200700027689,0007-05-16 13:35:00,7,5,16,13,35,130,117,"xx, ROUTE NATION",,,Plein jour,Hors agglomération,Hors intersection,Normale,Deux véhicules - arrière,,,,,,,,,,,1,1,1,1,2
200700027690,0007-05-18 17:20:00,7,5,18,17,20,130,71,RD 543,,,Plein jour,Hors agglomération,Hors intersection,Normale,Deux véhicules - frontale,,,,,,,,,,,1,1,1,1,1
200700027691,0007-05-21 17:40:00,7,5,21,17,40,130,71,ROUTE NATIONALE 368 (PLA,,,Plein jour,Hors agglomération,Hors intersection,Normale,Deux véhicules - arrière,,,,,,,,,,,1,1,1,1,2
200700027692,0007-05-25 16:55:00,7,5,25,16,55,130,71,"136, MITTERRAND (AVENUE",,,Plein jour,En agglomération,Hors intersection,Normale,Autre collision,,,,,,,,,,,1,2,1,1,6
200700027693,0007-05-28 08:30:00,7,5,28,8,30,130,117,CHEMIN DEPARTEMENTAL 20,,,Plein jour,Hors agglomération,Intersection en Y,Normale,Autre collision,,,,,,,,,,,1,1,4,1,6
200700027694,0007-05-29 07:50:00,7,5,29,7,50,130,117,MOULIN ( AVENUE JEAN),,,Plein jour,En agglomération,Hors intersection,Normale,Autre collision,,,,,,,,,,,1,2,1,1,6
200700027695,0007-05-31 13:50:00,7,5,31,13,50,130,117,ROUTE NATIONALE 113 - CA,,,Plein jour,Hors agglomération,Hors intersection,Pluie légère,Deux véhicules - arrière,,,,,,,,,,,1,1,1,2,2
200700027696,0007-05-07 00:30:00,7,5,7,0,30,140,118,"0, GUILLOU (BOULEVARD YV",,,Nuit avec éclairage allumé,En agglomération,Intersection en X,Normale,Deux véhicules - côté,,,,,,,,,,,5,2,2,1,3
200700027697,0007-05-09 16:50:00,7,5,9,16,50,140,118,LYAUTEY (BOULEVARD MAREC,,,Plein jour,En agglomération,Hors intersection,Normale,Deux véhicules - côté,,,,,,,,,,,1,2,1,1,3
200700027698,0007-05-11 16:00:00,7,5,11,16,0,140,118,"17, COPERNIC (AVENUE NIC",,,Plein jour,En agglomération,Hors intersection,Normale,Deux véhicules - frontale,,,,,,,,,,,1,2,1,1,1
200700027699,0007-05-15 13:50:00,7,5,15,13,50,140,118,"0, GUILLOU (BOULEVARD YV",,,Plein jour,En agglomération,Hors intersection,Temps couvert,Deux véhicules - arrière,,,,,,,,,,,1,2,1,8,2
200700027700,0007-05-18 16:10:00,7,5,18,16,10,140,341,AUVERGNE (BOULEVARD D'),,,Plein jour,En agglomération,Hors intersection,Normale,Deux véhicules - arrière,,,,,,,,,,,1,2,1,1,2
200700027701,0007-05-19 15:35:00,7,5,19,15,35,140,341,"0, VAL (CHEMIN DU)",,,Plein jour,En agglomération,Hors intersection,Normale,Autre collision,,,,,,,,,,,1,2,1,1,6
200700027702,0007-05-23 19:15:00,7,5,23,19,15,140,101,RN 814,,,Plein jour,Hors agglomération,Hors intersection,Normale,Trois véhicules et plus - collisions multiples,,,,,,,,,,,1,1,1,1,5
200700027703,0007-05-23 07:50:00,7,5,23,7,50,140,215,CD N°  226 (DE COLOMBELL,,,Plein jour,Hors agglomération,Hors intersection,Brouillard / fumée,Deux véhicules - frontale,,,,,,,,,,,1,1,1,5,1
200700027704,0007-05-26 17:00:00,7,5,26,17,0,140,137,"0, AVENIR (RUE DE L')",,,Plein jour,Hors agglomération,Hors intersection,Normale,Deux véhicules - côté,,,,,,,,,,,1,1,1,1,3
200700027705,0007-05-27 06:30:00,7,5,27,6,30,140,437,RN N° 13,,,Crépuscule ou aube,Hors agglomération,Hors intersection,Normale,Autre collision,,,,,,,,,,,2,1,1,1,6
200700027706,0007-05-29 20:50:00,7,5,29,20,50,140,118,"60, CHARLEMAGNE (AVENUE)",,,Plein jour,En agglomération,Hors intersection,Normale,Sans collision,,,,,,,,,,,1,2,1,1,7
200700027707,0007-05-30 15:40:00,7,5,30,15,40,140,341,"0, ECHANGEUR N° 13 ( POR",,,Plein jour,En agglomération,Hors intersection,Temps couvert,Deux véhicules - arrière,,,,,,,,,,,1,2,1,8,2
200700027708,0007-05-10 17:15:00,7,5,10,17,15,140,225,PRAIRIES (RUE DES),,,Plein jour,En agglomération,Intersection en X,Normale,Deux véhicules - côté,,,,,,,,,,,1,2,2,1,3
200700027709,0007-05-19 15:20:00,7,5,19,15,20,140,225,CHARCOT (AVENUE DU CDT),,,Plein jour,En agglomération,Hors intersection,Normale,Deux véhicules - frontale,,,,,,,,,,,1,2,1,1,1
200700027710,0007-05-27 13:05:00,7,5,27,13,5,140,366,"38, PAUL CORNU ( RD48 RU",,,Plein jour,En agglomération,Intersection en T,Pluie légère,Deux véhicules - côté,,,,,,,,,,,1,2,3,2,3
200700027711,0007-05-01 10:25:00,7,5,1,10,25,140,220,CORNUCHE (BOULEVARD),,,Plein jour,En agglomération,Hors intersection,Normale,Autre collision,,,,,,,,,,,1,2,1,1,6
200700027712,0007-05-18 01:20:00,7,5,18,1,20,140,699,"19, HONFLEUR (ROUTE D'HO",,,Nuit sans éclairage public,Hors agglomération,Hors intersection,Normale,Autre collision,,,,,,,,,,,3,1,1,1,6
200700027713,0007-05-23 05:30:00,7,5,23,5,30,150,14,LECLERC (AVENUE DU GENER,,,Nuit avec éclairage allumé,En agglomération,Intersection en X,Normale,Deux véhicules - frontale,,,,,,,,,,,5,2,2,1,1
200700027714,0007-05-23 18:40:00,7,5,23,18,40,160,358,"109, SAINT-JEAN-D'ANGELY",,,Plein jour,En agglomération,Hors intersection,Normale,Deux véhicules - arrière,,,,,,,,,,,1,2,1,1,2
200700027715,0007-05-04 16:30:00,7,5,4,16,30,160,341,"51, REPUBLIQUE (AVENUE D",,,Plein jour,En agglomération,Hors intersection,Normale,Autre collision,,,,,,,,,,,1,2,1,1,6
200700027716,0007-05-25 22:28:00,7,5,25,22,28,160,15,JUIN (AVENUE DU MARECHAL,,,Nuit avec éclairage allumé,En agglomération,Intersection en T,Pluie légère,Deux véhicules - côté,,,,,,,,,,,5,2,3,2,3
200700027717,0007-05-17 14:30:00,7,5,17,14,30,160,102,", REPUBLIQUE (RUE DE LA)",,,Plein jour,En agglomération,Intersection en X,Normale,Deux véhicules - côté,,,,,,,,,,,1,2,2,1,3
200700027718,0007-05-02 09:50:00,7,5,2,9,50,170,299,"172990365, VERCORS BD DU",,,Plein jour,En agglomération,Hors intersection,Normale,Sans collision,,,,,,,,,,,1,2,1,1,7
200700027719,0007-05-02 17:10:00,7,5,2,17,10,170,299,"172990020, AUNIS AVENUE",,,Plein jour,En agglomération,Hors intersection,Normale,Sans collision,,,,,,,,,,,1,2,1,1,7
200700027720,0007-05-07 19:50:00,7,5,7,19,50,170,299,"172990192, HUGO RUE VICT",,,Plein jour,En agglomération,Intersection en X,Normale,Deux véhicules - côté,,,,,,,,,,,1,2,2,1,3
200700027721,0007-05-10 13:50:00,7,5,10,13,50,170,299,"172990119, DASSAULT AVEN",,,Plein jour,En agglomération,Hors intersection,Normale,Sans collision,,,,,,,,,,,1,2,1,1,7
200700027722,0007-05-11 16:00:00,7,5,11,16,0,170,299,"172990125, DENFERT ROCHE",,,Plein jour,En agglomération,Intersection en T,Pluie légère,Deux véhicules - arrière,,,,,,,,,,,1,2,3,2,2
200700027723,0007-05-11 21:05:00,7,5,11,21,5,170,299,"172990372, VOLTAIRE RUE",,,Plein jour,En agglomération,Hors intersection,Normale,Deux véhicules - frontale,,,,,,,,,,,1,2,1,1,1
200700027724,0007-05-14 20:25:00,7,5,14,20,25,170,299,"172990168, GAUFFIER RUE",,,Plein jour,En agglomération,Intersection en X,Normale,Deux véhicules - côté,,,,,,,,,,,1,2,2,1,3
200700027725,0007-05-18 17:30:00,7,5,18,17,30,170,299,"172990328, ROUX RUE AUGU",,,Plein jour,En agglomération,Hors intersection,Normale,Sans collision,,,,,,,,,,,1,2,1,1,7
200700027726,0007-05-18 21:25:00,7,5,18,21,25,170,299,"172990159, FRERES JAMAIN",,,Crépuscule ou aube,En agglomération,Intersection en T,Normale,Deux véhicules - arrière,,,,,,,,,,,2,2,3,1,2
200700027727,0007-05-23 18:00:00,7,5,23,18,0,170,299,"172990223, LIBERATION AV",,,Plein jour,En agglomération,Hors intersection,Normale,Deux véhicules - arrière,,,,,,,,,,,1,2,1,1,2
200700027728,0007-05-25 17:45:00,7,5,25,17,45,170,449,"174490044, SAINTONGE AVE",,,Plein jour,Hors agglomération,Hors intersection,Normale,Deux véhicules - côté,,,,,,,,,,,1,1,1,1,3
200700027729,0007-05-28 14:00:00,7,5,28,14,0,170,299,"17299376, QUATRE ANES CE",,,Plein jour,En agglomération,Hors intersection,Normale,Deux véhicules - côté,,,,,,,,,,,1,2,1,1,3
200700027730,0007-05-31 12:00:00,7,5,31,12,0,170,299,"172990204, LA FAYETTE RU",,,Plein jour,En agglomération,Intersection en X,Pluie forte,Sans collision,,,,,,,,,,,1,2,2,3,7
200700027731,0007-05-03 11:34:00,7,5,3,11,34,170,300,"51, JOFFRE   BOULEVARD (",,,Plein jour,En agglomération,Hors intersection,Normale,Autre collision,,,,,,,,,,,1,2,1,1,6
200700027732,0007-05-03 12:55:00,7,5,3,12,55,170,300,FLEURIAU   RUE,,,Plein jour,En agglomération,Hors intersection,Normale,Autre collision,,,,,,,,,,,1,2,1,1,6
200700027733,0007-05-04 08:00:00,7,5,4,8,0,170,300,DURAND  QUAI LOUIS,,,Plein jour,En agglomération,Hors intersection,Normale,Deux véhicules - côté,,,,,,,,,,,1,2,1,1,3
200700027734,0007-05-04 17:56:00,7,5,4,17,56,170,200,D 105,,,Plein jour,En agglomération,Hors intersection,Normale,Deux véhicules - côté,,,,,,,,,,,1,2,1,1,3
200700027735,0007-05-06 18:25:00,7,5,6,18,25,170,28,LAVOISIER   RUE ANTOINE,,,Plein jour,En agglomération,Hors intersection,Normale,Autre collision,,,,,,,,,,,1,2,1,1,6
200700027736,0007-05-07 11:10:00,7,5,7,11,10,170,200,VENDOME   RUE DU MOULIN,,,Plein jour,En agglomération,Hors intersection,Normale,Deux véhicules - arrière,,,,,,,,,,,1,2,1,1,2
200700027737,0007-05-09 12:35:00,7,5,9,12,35,170,274,JOLIOT-CURIE   AVENUE,,,Plein jour,En agglomération,Intersection en T,Normale,Deux véhicules - côté,,,,,,,,,,,1,2,3,1,3
200700027738,0007-05-09 14:30:00,7,5,9,14,30,170,300,"21, MONNET   AVENUE JEAN",,,Plein jour,En agglomération,Hors intersection,Normale,Sans collision,,,,,,,,,,,1,2,1,1,7
200700027739,0007-05-14 08:55:00,7,5,14,8,55,170,300,"27, SAUTEL  BOULEVARD AN",,,Plein jour,En agglomération,Hors intersection,Normale,Trois véhicules et plus - en chaîne,,,,,,,,,,,1,2,1,1,4
200700027740,0007-05-15 19:00:00,7,5,15,19,0,170,300,CORSAIRES   AVENUE DES (,,,Plein jour,En agglomération,Hors intersection,Normale,Autre collision,,,,,,,,,,,1,2,1,1,6
200700027741,0007-05-15 22:25:00,7,5,15,22,25,170,300,VALIN   QUAI,,,Nuit avec éclairage allumé,En agglomération,Intersection en X,Pluie forte,Deux véhicules - côté,,,,,,,,,,,5,2,2,3,3
200700027742,0007-05-16 08:20:00,7,5,16,8,20,170,300,"67, GRASSET   AVENUE EDM",,,Plein jour,En agglomération,Intersection en T,Normale,Deux véhicules - côté,,,,,,,,,,,1,2,3,1,3
200700027743,0007-05-22 09:45:00,7,5,22,9,45,170,300,"73, ROUX   RUE DE",,,Plein jour,En agglomération,Hors intersection,Normale,Deux véhicules - frontale,,,,,,,,,,,1,2,1,1,1
200700027744,0007-05-25 19:13:00,7,5,25,19,13,170,300,SARTRE   AVENUE JEAN-PAU,,,Plein jour,En agglomération,Hors intersection,Normale,Deux véhicules - arrière,,,,,,,,,,,1,2,1,1,2
200700027745,0007-05-26 18:13:00,7,5,26,18,13,170,300,NORMANDIN   RUE EMILE,,,Plein jour,En agglomération,Hors intersection,Normale,Deux véhicules - arrière,,,,,,,,,,,1,2,1,1,2
200700027746,0007-05-26 23:10:00,7,5,26,23,10,170,300,"20, AMELOT   RUE",,,Nuit avec éclairage allumé,En agglomération,Intersection en X,Normale,Deux véhicules - côté,,,,,,,,,,,5,2,2,1,3
200700027747,0007-05-27 00:05:00,7,5,27,0,5,170,300,"14, RESISTANCE   AVENUE",,,Nuit avec éclairage allumé,En agglomération,Hors intersection,Normale,Deux véhicules - arrière,,,,,,,,,,,5,2,1,1,2
200700027748,0007-05-29 08:11:00,7,5,29,8,11,170,300,34 PK RN11 NANTES ROCADE,,,Plein jour,Hors agglomération,Hors intersection,Normale,Trois véhicules et plus - en chaîne,,,,,,,,,,,1,1,1,1,4
200700027749,0007-05-30 12:25:00,7,5,30,12,25,170,300,SARTRE   AVENUE JEAN-PAU,,,Plein jour,En agglomération,Hors intersection,Normale,Deux véhicules - côté,,,,,,,,,,,1,2,1,1,3
200700027750,0007-05-31 08:45:00,7,5,31,8,45,170,300,"35, EVANGILE   RUE BASTI",,,Plein jour,En agglomération,Intersection en X,Normale,Deux véhicules - côté,,,,,,,,,,,1,2,2,1,3
200700027751,0007-05-31 08:55:00,7,5,31,8,55,170,200,03 PK RN237 RE MOULIN JU,,,Plein jour,Hors agglomération,Hors intersection,Pluie légère,Deux véhicules - arrière,,,,,,,,,,,1,1,1,2,2
200700027752,0007-05-10 18:05:00,7,5,10,18,5,170,300,CORDELIERS   AVENUE DES,,,Plein jour,En agglomération,Hors intersection,Normale,Deux véhicules - frontale,,,,,,,,,,,1,2,1,1,1
200700027753,0007-05-03 10:55:00,7,5,3,10,55,170,306,LAVOISIER (ANTOINE DE),,,Plein jour,En agglomération,Hors intersection,Normale,Autre collision,,,,,,,,,,,1,2,1,1,6
200700027754,0007-05-04 15:39:00,7,5,4,15,39,170,306,"0, GRANDIERE (DE LA) (BD",,,Plein jour,En agglomération,Hors intersection,Normale,Autre collision,,,,,,,,,,,1,2,1,1,6
200700027755,0007-05-07 17:10:00,7,5,7,17,10,170,333,"0, COTE DE BEAUTE (BOULE",,,Plein jour,En agglomération,Hors intersection,Normale,Autre collision,,,,,,,,,,,1,2,1,1,6
200700027756,0007-05-07 17:15:00,7,5,7,17,15,170,306,"0, MAINE ARNAUD (DU) (AV",,,Plein jour,En agglomération,Hors intersection,Normale,Deux véhicules - arrière,,,,,,,,,,,1,2,1,1,2
200700027757,0007-05-09 15:15:00,7,5,9,15,15,170,306,"0, HEDDE (AVENUE DANIEL)",,,Plein jour,En agglomération,Hors intersection,Normale,Autre collision,,,,,,,,,,,1,2,1,1,6
200700027758,0007-05-14 14:57:00,7,5,14,14,57,170,306,"0, CHESNAIE (DE LA)  (AL",,,Crépuscule ou aube,En agglomération,Hors intersection,Normale,Deux véhicules - frontale,,,,,,,,,,,2,2,1,1,1
200700027759,0007-05-14 18:30:00,7,5,14,18,30,170,306,"56, REGAZZONI (AVENUE CH",,,Plein jour,En agglomération,Hors intersection,Normale,Deux véhicules - frontale,,,,,,,,,,,1,2,1,1,1
200700027760,0007-05-23 22:25:00,7,5,23,22,25,170,306,"0, EXPRESS (VOIE)",,,Nuit sans éclairage public,En agglomération,Hors intersection,Normale,Autre collision,,,,,,,,,,,3,2,1,1,6
200700027761,0007-05-27 23:55:00,7,5,27,23,55,170,306,"0, GARNIER (BD FREDERIC)",,,Nuit avec éclairage allumé,En agglomération,Intersection en T,Vent fort / tempête,Deux véhicules - côté,,,,,,,,,,,5,2,3,6,3
200700027762,0007-05-12 20:30:00,7,5,12,20,30,170,415,GAUTIER RUE,,,Plein jour,En agglomération,Giratoire,Normale,Deux véhicules - côté,,,,,,,,,,,1,2,6,1,3
200700027763,0007-05-13 04:20:00,7,5,13,4,20,170,415,BRIGADE RAC ROND POINT,,,Nuit avec éclairage allumé,En agglomération,Place,Normale,Sans collision,,,,,,,,,,,5,2,7,1,7
200700027764,0007-05-16 15:40:00,7,5,16,15,40,170,415,"51, ROCHES QUAI DES",,,Plein jour,En agglomération,Hors intersection,Normale,Autre collision,,,,,,,,,,,1,2,1,1,6
200700027765,0007-05-17 19:45:00,7,5,17,19,45,170,415,"2, NATIONAL 1 A 67 ET 2",,,Plein jour,En agglomération,Intersection en X,Normale,Deux véhicules - côté,,,,,,,,,,,1,2,2,1,3
200700027766,0007-05-21 13:45:00,7,5,21,13,45,170,415,"2, PALISSY QUAI",,,Plein jour,En agglomération,Hors intersection,Normale,Deux véhicules - côté,,,,,,,,,,,1,2,1,1,3
200700027767,0007-05-23 10:40:00,7,5,23,10,40,170,415,"21, NATIONAL 1 A 67 ET 2",,,Plein jour,En agglomération,Hors intersection,Normale,Autre collision,,,,,,,,,,,1,2,1,1,6
200700027768,0007-05-30 10:10:00,7,5,30,10,10,170,415,"71, NATIONAL 69 A FIN ET",,,Plein jour,En agglomération,Hors intersection,Pluie légère,Autre collision,,,,,,,,,,,1,2,1,2,6
200700027769,0007-05-01 15:20:00,7,5,1,15,20,180,33,"SANS, CUVIER (RUE)",,,Plein jour,En agglomération,Intersection en X,Normale,Deux véhicules - côté,,,,,,,,,,,1,2,2,1,3
200700027770,0007-05-02 16:55:00,7,5,2,16,55,180,205,"sans, RACINES (ROUTE DES",,,Plein jour,En agglomération,Hors intersection,Normale,Deux véhicules - côté,,,,,,,,,,,1,2,1,1,3
200700027771,0007-05-05 16:30:00,7,5,5,16,30,180,33,"SANS, LECLERC (PLACE DU",,,Plein jour,En agglomération,Place,Normale,Deux véhicules - côté,,,,,,,,,,,1,2,7,1,3
200700027772,0007-05-05 16:30:00,7,5,5,16,30,180,213,CHARITE (ROUTE DE LA),,,Plein jour,Hors agglomération,Giratoire,Normale,Deux véhicules - côté,,,,,,,,,,,1,1,6,1,3
200700027773,0007-05-05 22:20:00,7,5,5,22,20,180,213,RN 151,,,Nuit avec éclairage allumé,Hors agglomération,Intersection en T,Normale,Deux véhicules - frontale,,,,,,,,,,,5,1,3,1,1
200700027774,0007-05-09 21:10:00,7,5,9,21,10,180,205,"12, PONTS (RUE DES DEUX)",,,Crépuscule ou aube,En agglomération,Hors intersection,Normale,Deux véhicules - côté,,,,,,,,,,,2,2,1,1,3
200700027775,0007-05-10 18:25:00,7,5,10,18,25,180,33,NOVEMBRE 1918 (AVENUE DU,,,Plein jour,En agglomération,Hors intersection,Normale,Deux véhicules - côté,,,,,,,,,,,1,2,1,1,3
200700027776,0007-05-13 05:55:00,7,5,13,5,55,180,33,ROCADE,,,Crépuscule ou aube,Hors agglomération,Hors intersection,Pluie légère,Sans collision,,,,,,,,,,,2,1,1,2,7
200700027777,0007-05-14 11:45:00,7,5,14,11,45,180,267,"9, MAI (RUE DU)",,,Plein jour,En agglomération,Hors intersection,Normale,Deux véhicules - frontale,,,,,,,,,,,1,2,1,1,1
200700027778,0007-05-18 20:40:00,7,5,18,20,40,180,33,"55, HAEGELEN (AVENUE MAR",,,Crépuscule ou aube,En agglomération,Autre intersection,Normale,Trois véhicules et plus - collisions multiples,,,,,,,,,,,2,2,9,1,5
200700027779,0007-05-24 14:40:00,7,5,24,14,40,180,33,DE GAULLE (AV DU GENERAL,,,Plein jour,En agglomération,Giratoire,Normale,Deux véhicules - arrière,,,,,,,,,,,1,2,6,1,2
200700027780,0007-05-24 20:45:00,7,5,24,20,45,180,205,"sans, ORLEANS (ROUTE D')",,,Plein jour,En agglomération,Hors intersection,Normale,Deux véhicules - arrière,,,,,,,,,,,1,2,1,1,2
200700027781,0007-05-29 08:55:00,7,5,29,8,55,180,205,"26, VERDINS (RUE DES)",,,Plein jour,En agglomération,Hors intersection,Normale,Autre collision,,,,,,,,,,,1,2,1,1,6
200700027782,0007-05-26 09:25:00,7,5,26,9,25,180,213,CHARITE (ROUTE DE LA),,,Plein jour,En agglomération,Hors intersection,Normale,Trois véhicules et plus - en chaîne,,,,,,,,,,,1,2,1,1,4
200700027783,0007-05-30 14:30:00,7,5,30,14,30,180,279,"0, NIVET ( RUE ETIENNE )",,,Plein jour,En agglomération,Intersection en X,Pluie légère,Deux véhicules - côté,,,,,,,,,,,1,2,2,2,3
200700027784,0007-05-03 08:35:00,7,5,3,8,35,190,31,BRAQUE (RUE GEORGES),,,Plein jour,En agglomération,Intersection en X,Normale,Deux véhicules - côté,,,,,,,,,,,1,2,2,1,3
200700027785,0007-05-03 12:05:00,7,5,3,12,5,190,31,DE JOUVENEL (BOULEVARD H,,,Plein jour,En agglomération,Hors intersection,Normale,Autre collision,,,,,,,,,,,1,2,1,1,6
200700027786,0007-05-04 15:00:00,7,5,4,15,0,190,31,BLUM (AVENUE LEON),,,Plein jour,En agglomération,Intersection en X,Normale,Trois véhicules et plus - en chaîne,,,,,,,,,,,1,2,2,1,4
200700027787,0007-05-10 09:15:00,7,5,10,9,15,190,31,"6, MICHELET (BOULEVARD)",,,Plein jour,En agglomération,Hors intersection,Normale,Autre collision,,,,,,,,,,,1,2,1,1,6
200700027788,0007-05-10 11:40:00,7,5,10,11,40,190,31,"6, BLANC (BOULEVARD LOUI",,,Plein jour,En agglomération,Hors intersection,Normale,Deux véhicules - côté,,,,,,,,,,,1,2,1,1,3
200700027789,0007-05-11 12:25:00,7,5,11,12,25,190,31,KENNEDY (AVENUE JOHN),,,Plein jour,En agglomération,Hors intersection,Pluie légère,Deux véhicules - arrière,,,,,,,,,,,1,2,1,2,2
200700027790,0007-05-13 12:45:00,7,5,13,12,45,190,31,CLEMENCEAU (BOULEVARD),,,Plein jour,En agglomération,Intersection en X,Normale,Deux véhicules - côté,,,,,,,,,,,1,2,2,1,3
200700027791,0007-05-14 08:00:00,7,5,14,8,0,190,31,"63, POMPIDOU (AVENUE GEO",,,Plein jour,En agglomération,Intersection en T,Pluie légère,Deux véhicules - côté,,,,,,,,,,,1,2,3,2,3
200700027792,0007-05-15 11:00:00,7,5,15,11,0,190,31,EMERY (AVENUE ANDRE),,,Plein jour,En agglomération,Hors intersection,Normale,Deux véhicules - côté,,,,,,,,,,,1,2,1,1,3
200700027793,0007-05-20 22:00:00,7,5,20,22,0,190,31,JALINAT (AVENUE ANDRE),,,Nuit avec éclairage allumé,En agglomération,Intersection en X,Normale,Deux véhicules - côté,,,,,,,,,,,5,2,2,1,3
200700027794,0007-05-21 08:30:00,7,5,21,8,30,190,31,GUYNEMER (AVENUE),,,Plein jour,En agglomération,Hors intersection,Normale,Autre collision,,,,,,,,,,,1,2,1,1,6
200700027795,0007-05-21 18:35:00,7,5,21,18,35,190,31,"12, ARSONVAL (RUE D')",,,Plein jour,En agglomération,Hors intersection,Normale,Deux véhicules - côté,,,,,,,,,,,1,2,1,1,3
200700027796,0007-05-22 07:55:00,7,5,22,7,55,190,31,PELLETAN (RUE CAMILLE),,,Plein jour,En agglomération,Hors intersection,Normale,Deux véhicules - côté,,,,,,,,,,,1,2,1,1,3
200700027797,0007-05-25 15:45:00,7,5,25,15,45,190,31,POMPIDOU (AVENUE GEORGES,,,Plein jour,En agglomération,Hors intersection,Normale,Deux véhicules - arrière,,,,,,,,,,,1,2,1,1,2
200700027798,0007-05-29 08:35:00,7,5,29,8,35,190,31,BARDON (RUE DOCTEUR),,,Plein jour,En agglomération,Hors intersection,Normale,Trois véhicules et plus - collisions multiples,,,,,,,,,,,1,2,1,1,5
200700027799,0007-05-30 13:40:00,7,5,30,13,40,190,31,GUYNEMER (AVENUE),,,Plein jour,En agglomération,Hors intersection,Normale,Deux véhicules - frontale,,,,,,,,,,,1,2,1,1,1
200700027800,0007-05-14 11:10:00,7,5,14,11,10,190,275,"., NEUVIC (ROUTE DE)",,,Plein jour,En agglomération,Autre intersection,Pluie légère,Trois véhicules et plus - en chaîne,,,,,,,,,,,1,2,9,2,4
200700027801,0007-05-02 07:40:00,7,5,2,7,40,210,54,"28, CHASSEURS (RUE DU 16",,,Plein jour,En agglomération,Hors intersection,Normale,Deux véhicules - côté,,,,,,,,,,,1,2,1,1,3
200700027802,0007-05-07 09:33:00,7,5,7,9,33,210,54,"2, SEURRE (RUE DE)",,,Plein jour,En agglomération,Hors intersection,Normale,Deux véhicules - frontale,,,,,,,,,,,1,2,1,1,1
200700027803,0007-05-06 16:50:00,7,5,6,16,50,210,54,BOUZE (ANCIENNE ROUTE DE,,,Plein jour,En agglomération,Hors intersection,Normale,Deux véhicules - frontale,,,,,,,,,,,1,2,1,1,1
200700027804,0007-05-22 13:50:00,7,5,22,13,50,210,54,"135, DIJON (ROUTE DE)",,,Plein jour,En agglomération,Hors intersection,Normale,Autre collision,,,,,,,,,,,1,2,1,1,6
200700027805,0007-05-23 17:15:00,7,5,23,17,15,210,54,"17, SEURRE (ROUTE DE)",,,Plein jour,En agglomération,Giratoire,Normale,Autre collision,,,,,,,,,,,1,2,6,1,6
200700027806,0007-05-29 17:18:00,7,5,29,17,18,210,54,SEURRE (ROUTE DE),,,Plein jour,En agglomération,Intersection en T,Normale,Autre collision,,,,,,,,,,,1,2,3,1,6
200700027807,0007-05-02 15:56:00,7,5,2,15,56,210,231,"1, CHANOINE KIR (BOULEVA",,,Plein jour,En agglomération,Hors intersection,Temps couvert,Trois véhicules et plus - en chaîne,,,,,,,,,,,1,2,1,8,4
200700027808,0007-05-03 18:18:00,7,5,3,18,18,210,231,DOCTEUR CHAUVEAU (RUE),,,Plein jour,En agglomération,Intersection en X,Normale,Deux véhicules - arrière,,,,,,,,,,,1,2,2,1,2
200700027809,0007-05-04 03:25:00,7,5,4,3,25,210,617,"4, CLOMIERS (DES) (BOULE",,,Nuit avec éclairage allumé,En agglomération,Intersection en X,Normale,Autre collision,,,,,,,,,,,5,2,2,1,6
200700027810,0007-05-03 18:19:00,7,5,3,18,19,210,231,"16, GORGETS (DES) (BOULE",,,Plein jour,En agglomération,Hors intersection,Normale,Deux véhicules - côté,,,,,,,,,,,1,2,1,1,3
200700027811,0007-05-04 17:20:00,7,5,4,17,20,210,231,"62, DRAPEAU (DU) (AVENUE",,,Plein jour,En agglomération,Hors intersection,Normale,Deux véhicules - arrière,,,,,,,,,,,1,2,1,1,2
200700027812,0007-05-05 12:25:00,7,5,5,12,25,210,231,"48, GRAY (DE) (RUE)",,,Plein jour,En agglomération,Intersection en T,Normale,Deux véhicules - arrière,,,,,,,,,,,1,2,3,1,2
200700027813,0007-05-06 11:55:00,7,5,6,11,55,210,231,"54, BOURROCHES (DES) (BO",,,Plein jour,En agglomération,Intersection en X,Normale,Deux véhicules - côté,,,,,,,,,,,1,2,2,1,3
200700027814,0007-05-09 09:50:00,7,5,9,9,50,210,231,"14 BIS, PALAIS (DU) (RUE",,,Plein jour,En agglomération,Hors intersection,Normale,Deux véhicules - arrière,,,,,,,,,,,1,2,1,1,2
200700027815,0007-05-09 20:54:00,7,5,9,20,54,210,231,"45, ARISTIDE BRIAND (AVE",,,Nuit avec éclairage allumé,En agglomération,Intersection en Y,Normale,Deux véhicules - côté,,,,,,,,,,,5,2,4,1,3
200700027816,0007-05-10 17:10:00,7,5,10,17,10,210,231,"25, BOUDRONNEE (DE LA) (",,,Plein jour,En agglomération,Hors intersection,Normale,Autre collision,,,,,,,,,,,1,2,1,1,6
200700027817,0007-05-12 18:48:00,7,5,12,18,48,210,617,"10, MAIL (DU) (AVENUE)",,,Plein jour,En agglomération,Hors intersection,Normale,Autre collision,,,,,,,,,,,1,2,1,1,6