accident_id,datetime,annee,mois,jour,heure,minute,departement,commune_insee,adresse,latitude,longitude,luminosite,agglomeration,intersection,meteo,collision,nb_vehicules,nb_usagers,nb_indemnes,nb_tues,nb_blesses_hosp,nb_blesses_legers,age_cond_1,age_cond_2,veh_type_cond_1,veh_type_cond_2,lum_code,agg_code,int_code,atm_code,col_code
200700027818,0007-05-13 22:47:00,7,5,13,22,47,210,231,"124, JEAN JAURES (AVENUE",,,Nuit avec éclairage allumé,En agglomération,Intersection en X,Pluie forte,Autre collision,,,,,,,,,,,5,2,2,3,6
200700027819,0007-05-14 12:12:00,7,5,14,12,12,210,231,VALENDONS (DES) (RUE),,,Plein jour,En agglomération,Intersection en X,Pluie légère,Deux véhicules - côté,,,,,,,,,,,1,2,2,2,3
200700027820,0007-05-16 11:00:00,7,5,16,11,0,210,231,"31, OUEST (DE L') (BOULE",,,Plein jour,En agglomération,Intersection en T,Pluie légère,Deux véhicules - arrière,,,,,,,,,,,1,2,3,2,2
200700027821,0007-05-18 14:20:00,7,5,18,14,20,210,231,AUGUSTE DUBOIS (PLACE),,,Plein jour,En agglomération,Place,Normale,Deux véhicules - frontale,,,,,,,,,,,1,2,7,1,1
200700027822,0007-05-18 15:24:00,7,5,18,15,24,210,231,CLEMENCEAU (BOULEVARD),,,Plein jour,En agglomération,Hors intersection,Normale,Autre collision,,,,,,,,,,,1,2,1,1,6
200700027823,0007-05-21 21:25:00,7,5,21,21,25,210,231,"22, GRAY (DE) (RUE)",,,Nuit avec éclairage allumé,En agglomération,Intersection en X,Normale,Deux véhicules - côté,,,,,,,,,,,5,2,2,1,3
200700027824,0007-05-23 19:06:00,7,5,23,19,6,210,231,"1, POMMARD (DU) (RUE)",,,Plein jour,En agglomération,Intersection en T,Normale,Autre collision,,,,,,,,,,,1,2,3,1,6
200700027825,0007-05-24 10:50:00,7,5,24,10,50,210,231,"7, CLEMENCEAU (BOULEVARD",,,Plein jour,En agglomération,Hors intersection,Normale,Autre collision,,,,,,,,,,,1,2,1,1,6
200700027826,0007-05-24 18:10:00,7,5,24,18,10,210,231,"5, BROSSES (DE) (BOULEVA",,,Plein jour,En agglomération,Intersection en X,Normale,Deux véhicules - côté,,,,,,,,,,,1,2,2,1,3
200700027827,0007-05-24 19:21:00,7,5,24,19,21,210,231,"115, DRAPEAU (DU) (AVENU",,,Plein jour,En agglomération,Hors intersection,Normale,Deux véhicules - arrière,,,,,,,,,,,1,2,1,1,2
200700027828,0007-05-25 17:45:00,7,5,25,17,45,210,231,IS SUR TILLE (D') (ROUTE,,,Plein jour,En agglomération,Hors intersection,Normale,Deux véhicules - arrière,,,,,,,,,,,1,2,1,1,2
200700027829,0007-05-27 20:30:00,7,5,27,20,30,210,231,GEORGES POMPIDOU (VOIE),,,Crépuscule ou aube,En agglomération,Hors intersection,Pluie légère,Autre collision,,,,,,,,,,,2,2,1,2,6
200700027830,0007-05-29 14:35:00,7,5,29,14,35,210,231,"1, GARIBALDI (AVENUE)",,,Plein jour,En agglomération,Hors intersection,Normale,Autre collision,,,,,,,,,,,1,2,1,1,6
200700027831,0007-05-31 11:10:00,7,5,31,11,10,210,231,FRANCOIS POMPON (BOULEVA,,,Plein jour,En agglomération,Intersection en X,Normale,Deux véhicules - côté,,,,,,,,,,,1,2,2,1,3
200700027832,0007-05-04 02:15:00,7,5,4,2,15,220,113,"04, MARECHAL JOFFRE (QUA",,,Nuit avec éclairage allumé,En agglomération,Hors intersection,Normale,Autre collision,,,,,,,,,,,5,2,1,1,6
200700027833,0007-05-03 07:25:00,7,5,3,7,25,220,215,"0, PONT NOIR (RUE DU)",,,Plein jour,Hors agglomération,Hors intersection,Normale,Deux véhicules - côté,,,,,,,,,,,1,1,1,1,3
200700027834,0007-05-09 11:55:00,7,5,9,11,55,220,278,"0, FULGENCE-BIENVENUE",,,Plein jour,En agglomération,Intersection en T,Normale,Sans collision,,,,,,,,,,,1,2,3,1,7
200700027835,0007-05-09 17:45:00,7,5,9,17,45,220,215,"0, JUILLET 1789 (RUE DU",,,Plein jour,En agglomération,Intersection en X,Normale,Deux véhicules - arrière,,,,,,,,,,,1,2,2,1,2
200700027836,0007-05-12 23:30:00,7,5,12,23,30,220,360,"0, URNE (RUE DE L')",,,Nuit avec éclairage allumé,En agglomération,Giratoire,Pluie légère,Deux véhicules - frontale,,,,,,,,,,,5,2,6,2,1
200700027837,0007-05-11 09:55:00,7,5,11,9,55,220,278,"0, CORNEILLE COTE PAIR",,,Plein jour,En agglomération,Intersection en X,Normale,Deux véhicules - côté,,,,,,,,,,,1,2,2,1,3
200700027838,0007-05-11 16:30:00,7,5,11,16,30,220,278,"11, FRANCE (ANATOLE)",,,Plein jour,En agglomération,Hors intersection,Normale,Autre collision,,,,,,,,,,,1,2,1,1,6
200700027839,0007-05-13 12:05:00,7,5,13,12,5,220,215,"0, PONT DES ILES (RUE DU",,,Plein jour,Hors agglomération,Hors intersection,Pluie légère,Autre collision,,,,,,,,,,,1,1,1,2,6
200700027840,0007-05-19 07:30:00,7,5,19,7,30,220,278,"0, BERT (PAUL)",,,Plein jour,En agglomération,Intersection en X,Normale,Deux véhicules - côté,,,,,,,,,,,1,2,2,1,3
200700027841,0007-05-18 17:43:00,7,5,18,17,43,220,278,"10, MANCHE (BD DE LA)",,,Plein jour,En agglomération,Hors intersection,Normale,Sans collision,,,,,,,,,,,1,2,1,1,7
200700027842,0007-05-22 08:35:00,7,5,22,8,35,220,278,"0, FRANK (ANNE)",,,Plein jour,En agglomération,Intersection en T,Temps couvert,Deux véhicules - côté,,,,,,,,,,,1,2,3,8,3
200700027843,0007-05-25 15:20:00,7,5,25,15,20,220,278,"16, GOUEDIC (DE)",,,Plein jour,En agglomération,Hors intersection,Normale,Deux véhicules - côté,,,,,,,,,,,1,2,1,1,3
200700027844,0007-05-25 16:00:00,7,5,25,16,0,220,106,DOUVENANT (RUE DE),,,Plein jour,En agglomération,Giratoire,Normale,Deux véhicules - côté,,,,,,,,,,,1,2,6,1,3
200700027845,0007-05-27 04:10:00,7,5,27,4,10,220,278,"0, NOTRE-DAME",,,Nuit avec éclairage non allumé,En agglomération,Hors intersection,Pluie forte,Autre collision,,,,,,,,,,,4,2,1,3,6
200700027846,0007-05-28 15:10:00,7,5,28,15,10,220,360,"0, SEGUIN (RUE MARC)",,,Plein jour,En agglomération,Hors intersection,Normale,Trois véhicules et plus - collisions multiples,,,,,,,,,,,1,2,1,1,5
200700027847,0007-05-30 18:35:00,7,5,30,18,35,220,278,"0, MERIMEE (PROSPER)",,,Plein jour,En agglomération,Hors intersection,Normale,Trois véhicules et plus - en chaîne,,,,,,,,,,,1,2,1,1,4
200700027848,0007-05-30 17:12:00,7,5,30,17,12,230,96,LECLERC (RUE DU MARECHAL,,,Plein jour,En agglomération,Hors intersection,Pluie forte,Autre collision,,,,,,,,,,,1,2,1,3,6
200700027849,0007-05-30 19:12:00,7,5,30,19,12,230,96,LAROCHE (AVENUE LOUIS),,,Plein jour,En agglomération,Intersection en X,Temps éblouissant,Autre collision,,,,,,,,,,,1,2,2,7,6
200700027850,0007-05-06 14:50:00,7,5,6,14,50,240,37,INTENDANCE (RUE DE L'),,,Plein jour,En agglomération,Hors intersection,Normale,Autre collision,,,,,,,,,,,1,2,1,1,6
200700027851,0007-05-16 07:25:00,7,5,16,7,25,240,37,RD 936,,,Crépuscule ou aube,En agglomération,Hors intersection,Pluie légère,Autre collision,,,,,,,,,,,2,2,1,2,6
200700027852,0007-05-18 06:00:00,7,5,18,6,0,240,37,"3, MICHELET (RUE JULES)",,,Crépuscule ou aube,En agglomération,Hors intersection,Pluie légère,Autre collision,,,,,,,,,,,2,2,1,2,6
200700027853,0007-05-19 09:00:00,7,5,19,9,0,240,37,", MOULIN (BOULEVARD JEAN",,,Plein jour,En agglomération,Intersection en T,Normale,Deux véhicules - frontale,,,,,,,,,,,1,2,3,1,1
200700027854,0007-05-19 20:00:00,7,5,19,20,0,240,37,"06, VALETTE (RUE)",,,Plein jour,En agglomération,Intersection en T,Normale,Deux véhicules - côté,,,,,,,,,,,1,2,3,1,3
200700027855,0007-05-27 13:30:00,7,5,27,13,30,240,37,RD 936,,,Plein jour,En agglomération,Hors intersection,Pluie légère,Trois véhicules et plus - collisions multiples,,,,,,,,,,,1,2,1,2,5
200700027856,0007-05-02 08:41:00,7,5,2,8,41,240,312,"00,  BERGERAC  (ROUTE DE",,,Plein jour,En agglomération,Intersection en T,Normale,Autre collision,,,,,,,,,,,1,2,3,1,6
200700027857,0007-05-03 17:15:00,7,5,3,17,15,240,53,"00, PAUL (AVENUE MARCEL)",,,Plein jour,En agglomération,Intersection en T,Normale,Autre collision,,,,,,,,,,,1,2,3,1,6
200700027858,0007-05-05 00:42:00,7,5,5,0,42,240,322,"78, POMPIDOU (AVENUE GEO",,,Nuit avec éclairage allumé,En agglomération,Hors intersection,Normale,Autre collision,,,,,,,,,,,5,2,1,1,6
200700027859,0007-05-10 15:15:00,7,5,10,15,15,240,102,"00, FORET (CHEMIN)",,,Plein jour,En agglomération,Hors intersection,Normale,Autre collision,,,,,,,,,,,1,2,1,1,6
200700027860,0007-05-10 19:02:00,7,5,10,19,2,240,322,"46, LYON (ROUTE DE)",,,Plein jour,En agglomération,Hors intersection,Normale,Autre collision,,,,,,,,,,,1,2,1,1,6
200700027861,0007-05-12 11:49:00,7,5,12,11,49,240,256,"00, VIEILLE FERME (IMPAS",,,Plein jour,Hors agglomération,Hors intersection,Normale,Autre collision,,,,,,,,,,,1,1,1,1,6
200700027862,0007-05-12 20:15:00,7,5,12,20,15,240,138,"28, BLERIOT ( RUE LOUIS)",,,Plein jour,En agglomération,Intersection en T,Normale,Deux véhicules - côté,,,,,,,,,,,1,2,3,1,3
200700027863,0007-05-13 14:41:00,7,5,13,14,41,240,102,"00, REYNATS (AVENUE DES)",,,Plein jour,En agglomération,Hors intersection,Normale,Autre collision,,,,,,,,,,,1,2,1,1,6
200700027864,0007-05-14 09:16:00,7,5,14,9,16,240,557,"00, GRANDOU (AVENUE MICH",,,Plein jour,En agglomération,Intersection en T,Normale,Autre collision,,,,,,,,,,,1,2,3,1,6
200700027865,0007-05-16 08:46:00,7,5,16,8,46,240,322,", GUYNEMER (RUE)",,,Plein jour,En agglomération,Intersection en X,Normale,Autre collision,,,,,,,,,,,1,2,2,1,6
200700027866,0007-05-31 16:47:00,7,5,31,16,47,240,322,"114, POMPIDOU (AVENUE GE",,,Plein jour,En agglomération,Hors intersection,Normale,Autre collision,,,,,,,,,,,1,2,1,1,6
200700027867,0007-05-24 14:57:00,7,5,24,14,57,240,322,"00, TALLEYRAND PERIGORD",,,Plein jour,En agglomération,Intersection en T,Normale,Autre collision,,,,,,,,,,,1,2,3,1,6
200700027868,0007-05-26 10:35:00,7,5,26,10,35,240,138,"00, ROUTE DE COURSAC",,,Plein jour,En agglomération,Hors intersection,Normale,Autre collision,,,,,,,,,,,1,2,1,1,6
200700027869,0007-05-26 16:15:00,7,5,26,16,15,240,256,"00, BORDEAUX (ROUTE DE)",,,Plein jour,En agglomération,Intersection en T,Normale,Autre collision,,,,,,,,,,,1,2,3,1,6
200700027870,0007-05-28 17:50:00,7,5,28,17,50,240,322,"233, ANGOULEME (ROUTE D'",,,Plein jour,En agglomération,Hors intersection,Pluie légère,Autre collision,,,,,,,,,,,1,2,1,2,6
200700027871,0007-05-02 08:30:00,7,5,2,8,30,250,56,"sans, BONNEFOY RUE CONST",,,Plein jour,En agglomération,Hors intersection,Normale,Autre collision,,,,,,,,,,,1,2,1,1,6
200700027872,0007-05-04 15:58:00,7,5,4,15,58,250,56,"28, ABBANS RUE D'",,,Plein jour,En agglomération,Hors intersection,Normale,Autre collision,,,,,,,,,,,1,2,1,1,6
200700027873,0007-05-04 17:31:00,7,5,4,17,31,250,56,"1, TORCOLS CHEMIN DES",,,Plein jour,En agglomération,Hors intersection,Normale,Autre collision,,,,,,,,,,,1,2,1,1,6
200700027874,0007-05-07 16:00:00,7,5,7,16,0,250,56,"169, BELFORT RUE DE BELF",,,Plein jour,En agglomération,Hors intersection,Normale,Autre collision,,,,,,,,,,,1,2,1,1,6
200700027875,0007-05-08 22:25:00,7,5,8,22,25,250,56,BELFORT RUE DE BELFORT >,,,Nuit avec éclairage allumé,Hors agglomération,Hors intersection,Pluie légère,Autre collision,,,,,,,,,,,5,1,1,2,6
200700027876,0007-05-10 11:51:00,7,5,10,11,51,250,56,MEGEVAND RUE,,,Plein jour,En agglomération,Hors intersection,Normale,Autre collision,,,,,,,,,,,1,2,1,1,6
200700027877,0007-05-11 14:00:00,7,5,11,14,0,250,56,"sans, KENNEDY  BOULEVARD",,,Plein jour,En agglomération,Autre intersection,Normale,Deux véhicules - côté,,,,,,,,,,,1,2,9,1,3
200700027878,0007-05-12 10:23:00,7,5,12,10,23,250,56,"65, AVANNE A VELOTTE CHE",,,Plein jour,En agglomération,Hors intersection,Normale,Autre collision,,,,,,,,,,,1,2,1,1,6
200700027879,0007-05-12 16:15:00,7,5,12,16,15,250,56,"9, RAVEL RUE MAURICE",,,Plein jour,En agglomération,Intersection en X,Normale,Deux véhicules - côté,,,,,,,,,,,1,2,2,1,3
200700027880,0007-05-15 16:34:00,7,5,15,16,34,250,56,"29, MONTARMOTS CHEMIN DE",,,Plein jour,En agglomération,Hors intersection,Pluie légère,Deux véhicules - côté,,,,,,,,,,,1,2,1,2,3
200700027881,0007-05-17 00:25:00,7,5,17,0,25,250,56,OUEST BOULEVARD,,,Nuit avec éclairage allumé,En agglomération,Hors intersection,Pluie forte,Autre collision,,,,,,,,,,,5,2,1,3,6
200700027882,0007-05-18 07:42:00,7,5,18,7,42,250,56,GRAY ROUTE DE,,,Plein jour,En agglomération,Hors intersection,Normale,Autre collision,,,,,,,,,,,1,2,1,1,6
200700027883,0007-05-18 09:20:00,7,5,18,9,20,250,56,MITTERAND AVENUE FRANCOI,,,Plein jour,En agglomération,Hors intersection,Normale,Deux véhicules - arrière,,,,,,,,,,,1,2,1,1,2
200700027884,0007-05-18 15:30:00,7,5,18,15,30,250,56,DOLE RUE DE <82,,,Plein jour,En agglomération,Hors intersection,Normale,Deux véhicules - côté,,,,,,,,,,,1,2,1,1,3
200700027885,0007-05-22 12:18:00,7,5,22,12,18,250,56,"08, RENOIR RUE AUGUSTE",,,Plein jour,En agglomération,Hors intersection,Normale,Deux véhicules - côté,,,,,,,,,,,1,2,1,1,3
200700027886,0007-05-22 08:00:00,7,5,22,8,0,250,56,"11, RECLUS RUE ELISEE",,,Plein jour,En agglomération,Hors intersection,Normale,Deux véhicules - côté,,,,,,,,,,,1,2,1,1,3
200700027887,0007-05-22 12:29:00,7,5,22,12,29,250,56,MALLARME RUE STEPHANE,,,Plein jour,En agglomération,Hors intersection,Normale,Trois véhicules et plus - en chaîne,,,,,,,,,,,1,2,1,1,4
200700027888,0007-05-22 17:10:00,7,5,22,17,10,250,56,"200, DOLE RUE DE >200",,,Plein jour,En agglomération,Hors intersection,Normale,Trois véhicules et plus - en chaîne,,,,,,,,,,,1,2,1,1,4
200700027889,0007-05-23 11:40:00,7,5,23,11,40,250,56,VESOUL RUE DE > 52,,,Plein jour,En agglomération,Hors intersection,Normale,Deux véhicules - arrière,,,,,,,,,,,1,2,1,1,2
200700027890,0007-05-24 08:50:00,7,5,24,8,50,250,56,"1, PINGAUD  RUE LEONCE",,,Plein jour,En agglomération,Hors intersection,Normale,Autre collision,,,,,,,,,,,1,2,1,1,6
200700027891,0007-05-24 12:45:00,7,5,24,12,45,250,56,"74, TREPILLOT RUE DE",,,Plein jour,En agglomération,Hors intersection,Normale,Autre collision,,,,,,,,,,,1,2,1,1,6
200700027892,0007-05-25 14:40:00,7,5,25,14,40,250,56,"13, REPUBLIQUE RUE DE LA",,,Plein jour,En agglomération,Hors intersection,Normale,Autre collision,,,,,,,,,,,1,2,1,1,6
200700027893,0007-05-25 15:11:00,7,5,25,15,11,250,56,"19, DROZ   AVENUE EDOUAR",,,Plein jour,En agglomération,Hors intersection,Normale,Deux véhicules - arrière,,,,,,,,,,,1,2,1,1,2
200700027894,0007-05-27 07:06:00,7,5,27,7,6,250,56,"SANS, TARRAGNOZ FAUBOURG",,,Plein jour,En agglomération,Hors intersection,Pluie forte,Deux véhicules - frontale,,,,,,,,,,,1,2,1,3,1
200700027895,0007-05-28 18:00:00,7,5,28,18,0,250,56,DOLE RUE DE >185 & <200,,,Plein jour,En agglomération,Hors intersection,Normale,Deux véhicules - arrière,,,,,,,,,,,1,2,1,1,2
200700027896,0007-05-30 15:15:00,7,5,30,15,15,250,56,"SANS, VELOTTE RUE DE",,,Plein jour,En agglomération,Intersection en T,Normale,Sans collision,,,,,,,,,,,1,2,3,1,7
200700027897,0007-05-31 21:06:00,7,5,31,21,6,250,56,"54, DANTON RUE",,,Nuit avec éclairage allumé,En agglomération,Hors intersection,Pluie forte,Sans collision,,,,,,,,,,,5,2,1,3,7
200700027898,0007-05-01 15:34:00,7,5,1,15,34,250,539,"74, VANDONCOURT (RUE DE)",,,Plein jour,En agglomération,Hors intersection,Normale,Autre collision,,,,,,,,,,,1,2,1,1,6
200700027899,0007-05-13 00:04:00,7,5,13,0,4,250,388,"1, BESANCON (FAUBOURG DE",,,Nuit avec éclairage allumé,En agglomération,Intersection en T,Normale,Autre collision,,,,,,,,,,,5,2,3,1,6
200700027900,0007-05-15 18:20:00,7,5,15,18,20,250,31,"00, PARROT (RUE ALBERT)",,,Plein jour,En agglomération,Intersection en T,Normale,Autre collision,,,,,,,,,,,1,2,3,1,6
200700027901,0007-05-13 08:30:00,7,5,13,8,30,250,388,"18, PESTY (RUE PAUL)",,,Plein jour,En agglomération,Hors intersection,Normale,Autre collision,,,,,,,,,,,1,2,1,1,6
200700027902,0007-05-21 17:25:00,7,5,21,17,25,250,539,"00, LECLERC (AVENUE DU G",,,Plein jour,En agglomération,Hors intersection,Temps couvert,Deux véhicules - frontale,,,,,,,,,,,1,2,1,8,1
200700027903,0007-05-31 03:45:00,7,5,31,3,45,250,580,"00, BELCHAMP- C.D. 126 (",,,Nuit avec éclairage allumé,En agglomération,Hors intersection,Pluie légère,Autre collision,,,,,,,,,,,5,2,1,2,6
200700027904,0007-05-06 13:51:00,7,5,6,13,51,250,462,"1, MONTRIEUX",,,Plein jour,En agglomération,Intersection en T,Normale,Deux véhicules - côté,,,,,,,,,,,1,2,3,1,3
200700027905,0007-05-02 15:00:00,7,5,2,15,0,260,198,SAINT DIDIER(AVENUE),,,Plein jour,En agglomération,Intersection en T,Pluie légère,Autre collision,,,,,,,,,,,1,2,3,2,6
200700027906,0007-05-18 14:05:00,7,5,18,14,5,260,198,TEIL (ROUTE DU),,,Plein jour,Hors agglomération,Hors intersection,Normale,Deux véhicules - côté,,,,,,,,,,,1,1,1,1,3
200700027907,0007-05-18 15:15:00,7,5,18,15,15,260,198,"SANS NR, DE GAULLE (BOUL",,,Plein jour,En agglomération,Hors intersection,Normale,Sans collision,,,,,,,,,,,1,2,1,1,7
200700027908,0007-05-19 14:40:00,7,5,19,14,40,260,198,"sans n, JUIVERIE(RUE)",,,Plein jour,En agglomération,Intersection en T,Normale,Deux véhicules - côté,,,,,,,,,,,1,2,3,1,3
200700027909,0007-05-14 08:30:00,7,5,14,8,30,260,281,"neant, ABBAT SIMONE (RUE",,,Plein jour,En agglomération,Intersection en T,Pluie légère,Autre collision,,,,,,,,,,,1,2,3,2,6
200700027910,0007-05-26 17:00:00,7,5,26,17,0,260,281,"21, JACQUEMART (RUE)",,,Plein jour,En agglomération,Hors intersection,Normale,Autre collision,,,,,,,,,,,1,2,1,1,6
200700027911,0007-05-03 16:50:00,7,5,3,16,50,260,362,"sans n, CHABEUIL ROUTE D",,,Plein jour,En agglomération,Hors intersection,Pluie légère,Deux véhicules - arrière,,,,,,,,,,,1,2,1,2,2
200700027912,0007-05-06 22:15:00,7,5,6,22,15,260,58,"n°06, JAURES AVENUE JEAN",,,Nuit avec éclairage allumé,En agglomération,Hors intersection,Normale,Sans collision,,,,,,,,,,,5,2,1,1,7
200700027913,0007-05-08 23:20:00,7,5,8,23,20,260,252,"sans n, GUESDE RUE JULES",,,Nuit avec éclairage allumé,En agglomération,Hors intersection,Normale,Sans collision,,,,,,,,,,,5,2,1,1,7
200700027914,0007-05-11 19:15:00,7,5,11,19,15,260,362,"sans n, ROOSEVELT BOULEV",,,Plein jour,En agglomération,Hors intersection,Normale,Deux véhicules - arrière,,,,,,,,,,,1,2,1,1,2
200700027915,0007-05-16 16:55:00,7,5,16,16,55,260,362,"n35, PAPIN RUE DENIS (30",,,Plein jour,En agglomération,Hors intersection,Normale,Trois véhicules et plus - en chaîne,,,,,,,,,,,1,2,1,1,4
200700027916,0007-05-28 18:05:00,7,5,28,18,5,260,58,"n99, LYON ROUTE DE",,,Plein jour,En agglomération,Hors intersection,Normale,Deux véhicules - côté,,,,,,,,,,,1,2,1,1,3
200700027917,0007-05-01 23:30:00,7,5,1,23,30,270,229,"13, RUSSELSHEIM (RUE DE)",,,Nuit avec éclairage allumé,En agglomération,Intersection en X,Normale,Deux véhicules - côté,,,,,,,,,,,5,2,2,1,3
200700027918,0007-05-03 12:35:00,7,5,3,12,35,270,229,"18, GUINDEY (RUE DU DOCT",,,Plein jour,En agglomération,Intersection en X,Normale,Deux véhicules - côté,,,,,,,,,,,1,2,2,1,3
200700027919,0007-05-30 10:00:00,7,5,30,10,0,270,229,"12, REPUBLIQUE (PLACE DE",,,Plein jour,En agglomération,Hors intersection,Normale,Autre collision,,,,,,,,,,,1,2,1,1,6
200700027920,0007-05-05 18:20:00,7,5,5,18,20,270,701,"0, ANDELLE (CHAUSSEE D')",,,Plein jour,En agglomération,Intersection en T,Normale,Deux véhicules - côté,,,,,,,,,,,1,2,3,1,3
200700027921,0007-05-11 11:45:00,7,5,11,11,45,270,375,"10, CAMUS (RUE FRANCOIS",,,Plein jour,En agglomération,Intersection en T,Normale,Sans collision,,,,,,,,,,,1,2,3,1,7
200700027922,0007-05-27 01:00:00,7,5,27,1,0,270,701,"0, RD6015",,,Nuit sans éclairage public,Hors agglomération,Hors intersection,Normale,Sans collision,,,,,,,,,,,3,1,1,1,7
200700027923,0007-05-29 11:35:00,7,5,29,11,35,270,701,SABLONS (RUE DES),,,Plein jour,En agglomération,Intersection en X,Normale,Deux véhicules - côté,,,,,,,,,,,1,2,2,1,3
200700027924,0007-05-29 17:35:00,7,5,29,17,35,270,528,VEXIN (CHAUSSEE DU),,,Plein jour,En agglomération,Hors intersection,Normale,Deux véhicules - arrière,,,,,,,,,,,1,2,1,1,2
200700027925,0007-05-02 17:55:00,7,5,2,17,55,270,554,ROUEN (AVENUE DE),,,Plein jour,En agglomération,Hors intersection,Normale,Deux véhicules - arrière,,,,,,,,,,,1,2,1,1,2
200700027926,0007-05-11 09:30:00,7,5,11,9,30,270,681,AZEMIA (BOULEVARD GEORGE,,,Plein jour,En agglomération,Hors intersection,Normale,Sans collision,,,,,,,,,,,1,2,1,1,7
200700027927,0007-05-14 08:55:00,7,5,14,8,55,270,681,AZEMIA (BOULEVARD GEORGE,,,Plein jour,En agglomération,Hors intersection,Pluie légère,Sans collision,,,,,,,,,,,1,2,1,2,7
200700027928,0007-05-19 14:30:00,7,5,19,14,30,270,562,CHAUMES (RUE DES),,,Plein jour,En agglomération,Autre intersection,Normale,Autre collision,,,,,,,,,,,1,2,9,1,6
200700027929,0007-05-19 15:10:00,7,5,19,15,10,270,681,BARETTE (PLACE),,,Plein jour,En agglomération,Hors intersection,Normale,Autre collision,,,,,,,,,,,1,2,1,1,6
200700027930,0007-05-21 15:20:00,7,5,21,15,20,270,681,MAGNY (ROUTE DE),,,Plein jour,En agglomération,Hors intersection,Normale,Autre collision,,,,,,,,,,,1,2,1,1,6
200700027931,0007-05-25 08:00:00,7,5,25,8,0,270,681,CHAMBRAY (ROUTE DE),,,Plein jour,En agglomération,Autre intersection,Normale,Autre collision,,,,,,,,,,,1,2,9,1,6
200700027932,0007-05-31 07:40:00,7,5,31,7,40,270,681,EVREUX (ROUTE D'),,,Plein jour,En agglomération,Hors intersection,Normale,Autre collision,,,,,,,,,,,1,2,1,1,6
200700027933,0007-05-30 09:20:00,7,5,30,9,20,270,681,"28, GAMILLY (RUE DE)",,,Plein jour,En agglomération,Hors intersection,Normale,Sans collision,,,,,,,,,,,1,2,1,1,7
200700027934,0007-05-09 10:45:00,7,5,9,10,45,280,110,"SANS, GAUDINIERES (RUE D",,,Plein jour,En agglomération,Hors intersection,Temps couvert,Autre collision,,,,,,,,,,,1,2,1,8,6
200700027935,0007-05-13 19:45:00,7,5,13,19,45,280,85,"20bis, RECHEVRES (CITE -",,,Plein jour,En agglomération,Hors intersection,Normale,Autre collision,,,,,,,,,,,1,2,1,1,6
200700027936,0007-05-14 12:39:00,7,5,14,12,39,280,85,RD939,,,Plein jour,Hors agglomération,Hors intersection,Normale,Sans collision,,,,,,,,,,,1,1,1,1,7
200700027937,0007-05-16 18:47:00,7,5,16,18,47,280,229,"3, MOULIN (RUE JEAN)",,,Plein jour,En agglomération,Hors intersection,Normale,Deux véhicules - arrière,,,,,,,,,,,1,2,1,1,2
200700027938,0007-05-22 12:45:00,7,5,22,12,45,280,218,"58, REPUBLIQUE (RUE DE L",,,Plein jour,En agglomération,Hors intersection,Normale,Trois véhicules et plus - collisions multiples,,,,,,,,,,,1,2,1,1,5
200700027939,0007-05-22 18:10:00,7,5,22,18,10,280,85,"sans, SAINT CHERON (RUE)",,,Plein jour,En agglomération,Intersection en X,Normale,Deux véhicules - arrière,,,,,,,,,,,1,2,2,1,2
200700027940,0007-05-25 14:30:00,7,5,25,14,30,280,229,"sans, RESISTANCE (AVENUE",,,Plein jour,En agglomération,Hors intersection,Normale,Autre collision,,,,,,,,,,,1,2,1,1,6
200700027941,0007-05-29 07:45:00,7,5,29,7,45,280,85,"sans, NICOLE (RUE)",,,Plein jour,En agglomération,Hors intersection,Normale,Autre collision,,,,,,,,,,,1,2,1,1,6
200700027942,0007-05-30 18:30:00,7,5,30,18,30,280,218,"sans, MAUNOURY (CITE JEA",,,Plein jour,En agglomération,Hors intersection,Pluie légère,Autre collision,,,,,,,,,,,1,2,1,2,6
200700027943,0007-05-08 23:30:00,7,5,8,23,30,280,134,ETHE VIRTON (RUE D),,,Nuit avec éclairage allumé,Hors agglomération,Intersection en T,Pluie légère,Autre collision,,,,,,,,,,,5,1,3,2,6
200700027944,0007-05-09 17:25:00,7,5,9,17,25,280,134,POTEZ (RUE HENRY),,,Plein jour,En agglomération,Intersection en X,Normale,Deux véhicules - côté,,,,,,,,,,,1,2,2,1,3
200700027945,0007-05-11 09:00:00,7,5,11,9,0,280,134,VIEUX PAVE (RUE DU),,,Plein jour,En agglomération,Intersection en T,Normale,Deux véhicules - côté,,,,,,,,,,,1,2,3,1,3
200700027946,0007-05-01 10:35:00,7,5,1,10,35,290,19,"49, VERDUN (DE 1 A 51 ET",,,Plein jour,En agglomération,Hors intersection,Normale,Autre collision,,,,,,,,,,,1,2,1,1,6
200700027947,0007-05-02 07:45:00,7,5,2,7,45,290,19,"., MARTIN PIERRE",,,Plein jour,En agglomération,Hors intersection,Normale,Autre collision,,,,,,,,,,,1,2,1,1,6
200700027948,0007-05-04 19:21:00,7,5,4,19,21,290,19,"., MELOU GEORGES (DE 1 A",,,Plein jour,En agglomération,Intersection en X,Normale,Deux véhicules - côté,,,,,,,,,,,1,2,2,1,3
200700027949,0007-05-04 00:30:00,7,5,4,0,30,290,19,TARENTE,,,Nuit avec éclairage allumé,En agglomération,Hors intersection,Normale,Autre collision,,,,,,,,,,,5,2,1,1,6
200700027950,0007-05-05 15:40:00,7,5,5,15,40,290,19,"., GUILERS (DE 141 A 155",,,Plein jour,En agglomération,Intersection en X,Normale,Deux véhicules - côté,,,,,,,,,,,1,2,2,1,3
200700027951,0007-05-05 18:15:00,7,5,5,18,15,290,19,"., CALVAIRE (DE 1 A55 ET",,,Plein jour,En agglomération,Intersection en T,Normale,Trois véhicules et plus - collisions multiples,,,,,,,,,,,1,2,3,1,5