accident_id,datetime,annee,mois,jour,heure,minute,departement,commune_insee,adresse,latitude,longitude,luminosite,agglomeration,intersection,meteo,collision,nb_vehicules,nb_usagers,nb_indemnes,nb_tues,nb_blesses_hosp,nb_blesses_legers,age_cond_1,age_cond_2,veh_type_cond_1,veh_type_cond_2,lum_code,agg_code,int_code,atm_code,col_code
200700028214,0007-05-22 15:10:00,7,5,22,15,10,330,63,AVE MAL DE LATTRE TASSIG,,,Plein jour,En agglomération,Intersection en T,Normale,Autre collision,,,,,,,,,,,1,2,3,1,6
200700028215,0007-05-22 14:20:00,7,5,22,14,20,330,63,"266 bis, RUE D'ORNANO",,,Plein jour,En agglomération,Hors intersection,Normale,Deux véhicules - arrière,,,,,,,,,,,1,2,1,1,2
200700028216,0007-05-22 20:55:00,7,5,22,20,55,330,63,"237, AVE MAL DE LATTRE T",,,Plein jour,En agglomération,Hors intersection,Normale,Autre collision,,,,,,,,,,,1,2,1,1,6
200700028217,0007-05-17 19:10:00,7,5,17,19,10,330,39,RUE LOUIS BLERIOT,,,Plein jour,En agglomération,Hors intersection,Normale,Deux véhicules - côté,,,,,,,,,,,1,2,1,1,3
200700028218,0007-05-21 17:20:00,7,5,21,17,20,330,167,AVE HUBERT DUBEDOUT,,,Plein jour,En agglomération,Hors intersection,Normale,Autre collision,,,,,,,,,,,1,2,1,1,6
200700028219,0007-05-21 09:25:00,7,5,21,9,25,330,119,AVE ROGER SCHWOB,,,Plein jour,En agglomération,Hors intersection,Normale,Autre collision,,,,,,,,,,,1,2,1,1,6
200700028220,0007-05-23 11:25:00,7,5,23,11,25,330,63,PCE DE LATULE,,,Plein jour,En agglomération,Hors intersection,Normale,Deux véhicules - arrière,,,,,,,,,,,1,2,1,1,2
200700028221,0007-05-23 17:15:00,7,5,23,17,15,330,63,AVE DE LABARDE,,,Plein jour,En agglomération,Hors intersection,Normale,Deux véhicules - côté,,,,,,,,,,,1,2,1,1,3
200700028222,0007-05-22 07:45:00,7,5,22,7,45,330,318,AVE DU GENERAL LECLERC,,,Plein jour,En agglomération,Intersection en T,Normale,Deux véhicules - côté,,,,,,,,,,,1,2,3,1,3
200700028223,0007-05-16 11:50:00,7,5,16,11,50,330,318,RUE LEON MORIN,,,Plein jour,En agglomération,Hors intersection,Normale,Autre collision,,,,,,,,,,,1,2,1,1,6
200700028224,0007-05-16 12:50:00,7,5,16,12,50,330,318,AVE DU HAUT LEVEQUE,,,Plein jour,En agglomération,Intersection en X,Normale,Deux véhicules - côté,,,,,,,,,,,1,2,2,1,3
200700028225,0007-05-24 18:00:00,7,5,24,18,0,330,63,CRS DE L'ARGONNE,,,Plein jour,En agglomération,Intersection en X,Normale,Deux véhicules - côté,,,,,,,,,,,1,2,2,1,3
200700028226,0007-05-20 17:30:00,7,5,20,17,30,330,522,RUE CLEMENT THOMAS,,,Plein jour,En agglomération,Intersection en X,Normale,Deux véhicules - arrière,,,,,,,,,,,1,2,2,1,2
200700028227,0007-05-22 09:00:00,7,5,22,9,0,330,69,"328, AVE DE TIVOLI",,,Plein jour,En agglomération,Hors intersection,Normale,Deux véhicules - côté,,,,,,,,,,,1,2,1,1,3
200700028228,0007-05-21 10:45:00,7,5,21,10,45,330,550,AVE DES PYRENEES,,,Plein jour,En agglomération,Intersection en T,Normale,Deux véhicules - côté,,,,,,,,,,,1,2,3,1,3
200700028229,0007-05-21 15:35:00,7,5,21,15,35,330,192,"6, AVE FAVARD",,,Plein jour,En agglomération,Hors intersection,Normale,Deux véhicules - côté,,,,,,,,,,,1,2,1,1,3
200700028230,0007-05-25 08:15:00,7,5,25,8,15,330,63,CRS D'ALBRET,,,Plein jour,En agglomération,Intersection en X,Normale,Autre collision,,,,,,,,,,,1,2,2,1,6
200700028231,0007-05-25 15:45:00,7,5,25,15,45,330,63,PONT DE PIERRE,,,Plein jour,En agglomération,Place,Normale,Deux véhicules - côté,,,,,,,,,,,1,2,7,1,3
200700028232,0007-05-25 22:50:00,7,5,25,22,50,330,63,CRS DE LA MARNE,,,Nuit avec éclairage allumé,En agglomération,Hors intersection,Pluie forte,Autre collision,,,,,,,,,,,5,2,1,3,6
200700028233,0007-05-25 18:00:00,7,5,25,18,0,330,63,RUE LOUIS BEYDTS,,,Plein jour,En agglomération,Intersection en X,Normale,Deux véhicules - côté,,,,,,,,,,,1,2,2,1,3
200700028234,0007-05-26 11:30:00,7,5,26,11,30,330,63,"74, QUAI DE BRAZZA",,,Plein jour,En agglomération,Hors intersection,Normale,Deux véhicules - frontale,,,,,,,,,,,1,2,1,1,1
200700028235,0007-05-26 16:25:00,7,5,26,16,25,330,63,RUE CHEVALIER,,,Plein jour,En agglomération,Intersection à plus de 4 branches,Pluie forte,Deux véhicules - frontale,,,,,,,,,,,1,2,5,3,1
200700028236,0007-05-28 09:20:00,7,5,28,9,20,330,63,"8, PCE DE LA VICTOIRE",,,Plein jour,En agglomération,Hors intersection,Pluie légère,Deux véhicules - arrière,,,,,,,,,,,1,2,1,2,2
200700028237,0007-05-23 20:25:00,7,5,23,20,25,330,281,"39, AVE MAL DE LATTRE DE",,,Plein jour,En agglomération,Hors intersection,Normale,Deux véhicules - arrière,,,,,,,,,,,1,2,1,1,2
200700028238,0007-05-18 19:50:00,7,5,18,19,50,330,249,RUE EDOUARD HERRIOT,,,Plein jour,En agglomération,Intersection en X,Normale,Deux véhicules - côté,,,,,,,,,,,1,2,2,1,3
200700028239,0007-05-23 20:35:00,7,5,23,20,35,330,167,"38, CHEM RICHELIEU",,,Plein jour,En agglomération,Hors intersection,Normale,Deux véhicules - arrière,,,,,,,,,,,1,2,1,1,2
200700028240,0007-05-29 16:00:00,7,5,29,16,0,330,63,RUE RICHELIEU CAUD,,,Plein jour,En agglomération,Intersection en X,Normale,Deux véhicules - côté,,,,,,,,,,,1,2,2,1,3
200700028241,0007-05-29 16:50:00,7,5,29,16,50,330,63,"170, CRS DU MEDOC",,,Plein jour,En agglomération,Hors intersection,Normale,Deux véhicules - côté,,,,,,,,,,,1,2,1,1,3
200700028242,0007-05-29 18:25:00,7,5,29,18,25,330,63,"13, RUE DOC CHARLES NANC",,,Plein jour,En agglomération,Hors intersection,Normale,Deux véhicules - côté,,,,,,,,,,,1,2,1,1,3
200700028243,0007-05-30 16:50:00,7,5,30,16,50,330,522,"194, CRS MARECHAL GALLIE",,,Plein jour,En agglomération,Hors intersection,Normale,Autre collision,,,,,,,,,,,1,2,1,1,6
200700028244,0007-05-30 16:25:00,7,5,30,16,25,330,63,CRS ARISTIDE BRIAND,,,Plein jour,En agglomération,Intersection en X,Normale,Deux véhicules - arrière,,,,,,,,,,,1,2,2,1,2
200700028245,0007-05-25 15:55:00,7,5,25,15,55,330,167,"2, RUE CORNEILLE",,,Plein jour,En agglomération,Hors intersection,Normale,Autre collision,,,,,,,,,,,1,2,1,1,6
200700028246,0007-05-31 15:15:00,7,5,31,15,15,330,63,RUE LAROCHE,,,Plein jour,En agglomération,Intersection en T,Pluie légère,Deux véhicules - côté,,,,,,,,,,,1,2,3,2,3
200700028247,0007-05-31 17:30:00,7,5,31,17,30,330,63,"10, RUE SAINTE- CATHERIN",,,Plein jour,En agglomération,Hors intersection,Normale,Autre collision,,,,,,,,,,,1,2,1,1,6
200700028248,0007-05-27 09:50:00,7,5,27,9,50,330,281,"159, AVE DE LA MARNE",,,Plein jour,En agglomération,Hors intersection,Normale,Autre collision,,,,,,,,,,,1,2,1,1,6
200700028249,0007-05-24 12:35:00,7,5,24,12,35,330,281,"211, AVE DE L'ARGONNE",,,Plein jour,En agglomération,Hors intersection,Normale,Deux véhicules - arrière,,,,,,,,,,,1,2,1,1,2
200700028250,0007-05-25 17:50:00,7,5,25,17,50,330,550,"575, RTE DE TOULOUSE",,,Plein jour,En agglomération,Hors intersection,Normale,Autre collision,,,,,,,,,,,1,2,1,1,6
200700028251,0007-05-25 23:45:00,7,5,25,23,45,330,522,CRS DE LA LIBERATION,,,Nuit avec éclairage allumé,En agglomération,Autre intersection,Pluie forte,Deux véhicules - côté,,,,,,,,,,,5,2,9,3,3
200700028252,0007-05-25 18:10:00,7,5,25,18,10,330,281,AVE DE MAGUDAS,,,Plein jour,En agglomération,Intersection en T,Normale,Deux véhicules - côté,,,,,,,,,,,1,2,3,1,3
200700028253,0007-05-27 19:45:00,7,5,27,19,45,330,550,AVE DE LA LIBERATION,,,Plein jour,En agglomération,Intersection en T,Pluie légère,Deux véhicules - frontale,,,,,,,,,,,1,2,3,2,1
200700028254,0007-05-25 16:00:00,7,5,25,16,0,330,167,"8, RUE EDOUARD VAILLANT",,,Plein jour,En agglomération,Hors intersection,Normale,Deux véhicules - frontale,,,,,,,,,,,1,2,1,1,1
200700028255,0007-05-25 15:30:00,7,5,25,15,30,330,119,"13, RUE DU 8 MAI 1945",,,Plein jour,En agglomération,Hors intersection,Normale,Deux véhicules - côté,,,,,,,,,,,1,2,1,1,3
200700028256,0007-05-30 08:50:00,7,5,30,8,50,330,281,AVE DE BELLEVUE,,,Plein jour,En agglomération,Hors intersection,Normale,Sans collision,,,,,,,,,,,1,2,1,1,7
200700028257,0007-05-30 19:45:00,7,5,30,19,45,330,318,AVE ROGER CHAUMET,,,Plein jour,En agglomération,Hors intersection,Normale,Deux véhicules - frontale,,,,,,,,,,,1,2,1,1,1
200700028258,0007-05-31 18:35:00,7,5,31,18,35,330,192,RTE DE CANEJAN,,,Plein jour,En agglomération,Intersection en X,Normale,Deux véhicules - côté,,,,,,,,,,,1,2,2,1,3
200700028259,0007-05-06 09:55:00,7,5,6,9,55,330,243,"151, FOCH(AVENUE DU MARE",,,Plein jour,En agglomération,Hors intersection,Normale,Trois véhicules et plus - en chaîne,,,,,,,,,,,1,2,1,1,4
200700028260,0007-05-24 08:30:00,7,5,24,8,30,330,243,"4, JOFFRE(PLACE)",,,Plein jour,En agglomération,Giratoire,Normale,Autre collision,,,,,,,,,,,1,2,6,1,6
200700028261,0007-05-09 22:45:00,7,5,9,22,45,340,3,NATIONALE 112 (A4 A A7,,,Nuit sans éclairage public,Hors agglomération,Hors intersection,Normale,Autre collision,,,,,,,,,,,3,1,1,1,6
200700028262,0007-05-09 19:40:00,7,5,9,19,40,340,3,FAGES (N16 A O18,,,Plein jour,Hors agglomération,Hors intersection,Normale,Deux véhicules - arrière,,,,,,,,,,,1,1,1,1,2
200700028263,0007-05-10 18:30:00,7,5,10,18,30,340,3,GENTILSHOMMES (H16 A L17,,,Plein jour,Hors agglomération,Hors intersection,Normale,Autre collision,,,,,,,,,,,1,1,1,1,6
200700028264,0007-05-02 14:30:00,7,5,2,14,30,340,3,RD612,,,Plein jour,Hors agglomération,Intersection en Y,Normale,Deux véhicules - arrière,,,,,,,,,,,1,1,4,1,2
200700028265,0007-05-18 18:55:00,7,5,18,18,55,340,3,GENTILSHOMMES (H16 A L17,,,Plein jour,En agglomération,Hors intersection,Normale,Autre collision,,,,,,,,,,,1,2,1,1,6
200700028266,0007-05-16 18:35:00,7,5,16,18,35,340,3,GARRIGUES (H20 A I20,,,Plein jour,En agglomération,Hors intersection,Normale,Autre collision,,,,,,,,,,,1,2,1,1,6
200700028267,0007-05-05 12:50:00,7,5,5,12,50,340,32,"4 Bis, ORNANO COLONEL D'",,,Plein jour,En agglomération,Hors intersection,Normale,Trois véhicules et plus - collisions multiples,,,,,,,,,,,1,2,1,1,5
200700028268,0007-05-07 13:31:00,7,5,7,13,31,340,336,R.D 612,,,Plein jour,Hors agglomération,Intersection en X,Normale,Deux véhicules - côté,,,,,,,,,,,1,1,2,1,3
200700028269,0007-05-07 17:04:00,7,5,7,17,4,340,32,PEZENAS (ROUTE DE),,,Plein jour,En agglomération,Hors intersection,Normale,Sans collision,,,,,,,,,,,1,2,1,1,7
200700028270,0007-05-08 19:05:00,7,5,8,19,5,340,32,MISTRAL FREDERIC (BD),,,Plein jour,En agglomération,Intersection en X,Normale,Deux véhicules - côté,,,,,,,,,,,1,2,2,1,3
200700028271,0007-05-09 23:20:00,7,5,9,23,20,340,32,BEUCLER JEAN-JACQUES (RD,,,Nuit avec éclairage allumé,En agglomération,Giratoire,Normale,Sans collision,,,,,,,,,,,5,2,6,1,7
200700028272,0007-05-10 11:27:00,7,5,10,11,27,340,32,"101, WILSON PRESIDENT (A",,,Plein jour,En agglomération,Hors intersection,Normale,Sans collision,,,,,,,,,,,1,2,1,1,7
200700028273,0007-05-10 12:32:00,7,5,10,12,32,340,32,"N.R, HORT DE MONSEIGNEUR",,,Plein jour,En agglomération,Intersection en T,Normale,Deux véhicules - côté,,,,,,,,,,,1,2,3,1,3
200700028274,0007-05-11 18:30:00,7,5,11,18,30,340,32,VERCINGETORIX (RUE),,,Plein jour,En agglomération,Hors intersection,Normale,Sans collision,,,,,,,,,,,1,2,1,1,7
200700028275,0007-05-14 15:13:00,7,5,14,15,13,340,32,VILLON PIERRE (RUE),,,Plein jour,En agglomération,Hors intersection,Normale,Deux véhicules - arrière,,,,,,,,,,,1,2,1,1,2
200700028276,0007-05-16 14:15:00,7,5,16,14,15,340,32,ROUTE DEPARTEMENTALE  61,,,Plein jour,Hors agglomération,Intersection en X,Normale,Deux véhicules - arrière,,,,,,,,,,,1,1,2,1,2
200700028277,0007-05-16 12:03:00,7,5,16,12,3,340,32,OCCITANIE (PONT DE L'),,,Plein jour,En agglomération,Giratoire,Normale,Sans collision,,,,,,,,,,,1,2,6,1,7
200700028278,0007-05-17 01:00:00,7,5,17,1,0,340,336,R.D 612,,,Nuit sans éclairage public,Hors agglomération,Intersection en X,Normale,Deux véhicules - côté,,,,,,,,,,,3,1,2,1,3
200700028279,0007-05-18 07:20:00,7,5,18,7,20,340,32,FAURE EDGARD (RD.POINT),,,Plein jour,En agglomération,Giratoire,Normale,Deux véhicules - côté,,,,,,,,,,,1,2,6,1,3
200700028280,0007-05-19 01:35:00,7,5,19,1,35,340,32,FOUR A CHAUX (BD DU),,,Nuit avec éclairage allumé,En agglomération,Giratoire,Normale,Sans collision,,,,,,,,,,,5,2,6,1,7
200700028281,0007-05-19 19:52:00,7,5,19,19,52,340,32,FABRE JOSEPH (RUE),,,Plein jour,En agglomération,Intersection en X,Normale,Deux véhicules - côté,,,,,,,,,,,1,2,2,1,3
200700028282,0007-05-23 15:23:00,7,5,23,15,23,340,32,PONT VIEUX (AVENUE DU),,,Plein jour,En agglomération,Hors intersection,Normale,Deux véhicules - arrière,,,,,,,,,,,1,2,1,1,2
200700028283,0007-05-24 19:40:00,7,5,24,19,40,340,32,PECH DE VALRAS (AV DU),,,Plein jour,En agglomération,Hors intersection,Normale,Deux véhicules - frontale,,,,,,,,,,,1,2,1,1,1
200700028284,0007-05-25 17:30:00,7,5,25,17,30,340,32,"NR, PECH DE VALRAS (AV D",,,Plein jour,En agglomération,Hors intersection,Normale,Deux véhicules - arrière,,,,,,,,,,,1,2,1,1,2
200700028285,0007-05-25 21:25:00,7,5,25,21,25,340,32,ROUTE DEPARTEMENTALE  61,,,Crépuscule ou aube,Hors agglomération,Hors intersection,Normale,Sans collision,,,,,,,,,,,2,1,1,1,7
200700028286,0007-05-27 12:03:00,7,5,27,12,3,340,32,RD.64,,,Plein jour,Hors agglomération,Intersection en X,Normale,Deux véhicules - frontale,,,,,,,,,,,1,1,2,1,1
200700028287,0007-05-27 00:02:00,7,5,27,0,2,340,32,"NR, RN.113 - 9 (BEZIERS-",,,Nuit sans éclairage public,Hors agglomération,Hors intersection,Pluie forte,Sans collision,,,,,,,,,,,3,1,1,3,7
200700028288,0007-05-29 20:00:00,7,5,29,20,0,340,32,PECH HENRI (AV),,,Plein jour,En agglomération,Hors intersection,Normale,Sans collision,,,,,,,,,,,1,2,1,1,7
200700028289,0007-05-30 17:33:00,7,5,30,17,33,340,32,"129, CLEMENCEAU GEORGES",,,Plein jour,En agglomération,Hors intersection,Normale,Sans collision,,,,,,,,,,,1,2,1,1,7
200700028290,0007-05-30 13:30:00,7,5,30,13,30,340,32,RN.113 - 9 (BEZIERS-PEZE,,,Plein jour,Hors agglomération,Intersection en X,Normale,Deux véhicules - côté,,,,,,,,,,,1,1,2,1,3
200700028291,0007-05-02 14:45:00,7,5,2,14,45,340,172,"SANS, AGROPOLIS (AVENUE)",43.64389,3.87105,Plein jour,En agglomération,Hors intersection,Pluie légère,Deux véhicules - frontale,,,,,,,,,,,1,2,1,2,1
200700028292,0007-05-04 10:10:00,7,5,4,10,10,340,172,"70, PALAVAS (AVENUE DE)",43.59879,3.88528,Plein jour,En agglomération,Hors intersection,Pluie légère,Sans collision,,,,,,,,,,,1,2,1,2,7
200700028293,0007-05-04 15:30:00,7,5,4,15,30,340,172,ASSAS (AVENUE D'),43.61278,3.86756,Plein jour,En agglomération,Intersection en X,Pluie légère,Deux véhicules - côté,,,,,,,,,,,1,2,2,2,3
200700028294,0007-05-06 01:40:00,7,5,6,1,40,340,172,"0000, PAVELET (AVENUE DU",43.58222,3.86344,Nuit avec éclairage allumé,En agglomération,Intersection en X,Normale,Autre collision,,,,,,,,,,,5,2,2,1,6
200700028295,0007-05-06 08:47:00,7,5,6,8,47,340,172,SOULAS (AVENUE DU PERE,,,Plein jour,En agglomération,Intersection en T,Normale,Deux véhicules - frontale,,,,,,,,,,,1,2,3,1,1
200700028296,0007-05-06 15:17:00,7,5,6,15,17,340,129,"SANS, PALAVAS D986 (ROUT",,,Plein jour,Hors agglomération,Hors intersection,Vent fort / tempête,Sans collision,,,,,,,,,,,1,1,1,6,7
200700028297,0007-05-06 18:53:00,7,5,6,18,53,340,172,"23, ECOLE D'AGRICULTURE-",,,Plein jour,En agglomération,Intersection en T,Vent fort / tempête,Deux véhicules - côté,,,,,,,,,,,1,2,3,6,3
200700028298,0007-05-07 15:40:00,7,5,7,15,40,340,172,"sans, TOULOUSE (AVENUE D",,,Plein jour,En agglomération,Hors intersection,Normale,Deux véhicules - côté,,,,,,,,,,,1,2,1,1,3
200700028299,0007-05-09 20:05:00,7,5,9,20,5,340,172,"108, PONT JUVENAL (AVENU",,,Plein jour,En agglomération,Hors intersection,Normale,Deux véhicules - frontale,,,,,,,,,,,1,2,1,1,1
200700028300,0007-05-10 16:55:00,7,5,10,16,55,340,172,"23, GAMBETTA (COURS)",43.60627,3.87244,Plein jour,En agglomération,Hors intersection,Normale,Autre collision,,,,,,,,,,,1,2,1,1,6
200700028301,0007-05-12 13:21:00,7,5,12,13,21,340,172,"570, BOUNIN (RUE JACQUES",,,Plein jour,En agglomération,Intersection en T,Normale,Deux véhicules - côté,,,,,,,,,,,1,2,3,1,3
200700028302,0007-05-12 19:10:00,7,5,12,19,10,340,172,"SANS, TOULOUSE (AVENUE D",,,Plein jour,En agglomération,Intersection en X,Normale,Deux véhicules - côté,,,,,,,,,,,1,2,2,1,3
200700028303,0007-05-14 18:30:00,7,5,14,18,30,340,172,"115 BIS, FAUBOURG FIGUER",,,Plein jour,En agglomération,Hors intersection,Normale,Autre collision,,,,,,,,,,,1,2,1,1,6
200700028304,0007-05-15 00:10:00,7,5,15,0,10,340,172,CROIX DES ROSIERS (RUE D,,,Nuit avec éclairage allumé,En agglomération,Hors intersection,Normale,Autre collision,,,,,,,,,,,5,2,1,1,6
200700028305,0007-05-14 19:58:00,7,5,14,19,58,340,172,"920, SOULAS (AVENUE DU P",,,Plein jour,En agglomération,Hors intersection,Normale,Autre collision,,,,,,,,,,,1,2,1,1,6
200700028306,0007-05-15 09:37:00,7,5,15,9,37,340,172,"9, LODEVE (ROUTE DE)",43.61472,3.82989,Plein jour,En agglomération,Intersection en T,Normale,Deux véhicules - côté,,,,,,,,,,,1,2,3,1,3
200700028307,0007-05-15 22:10:00,7,5,15,22,10,340,172,"33, TOULOUSE (AVENUE DE",43.61473,3.82988,Nuit avec éclairage allumé,En agglomération,Hors intersection,Normale,Autre collision,,,,,,,,,,,5,2,1,1,6
200700028308,0007-05-16 05:20:00,7,5,16,5,20,340,172,"24, GAMBETTA (COURS)",43.60678,3.87157,Nuit avec éclairage allumé,En agglomération,Hors intersection,Normale,Autre collision,,,,,,,,,,,5,2,1,1,6
200700028309,0007-05-16 13:20:00,7,5,16,13,20,340,172,GIRAUD (AVENUE DU DOYEN,,,Plein jour,En agglomération,Intersection en T,Normale,Autre collision,,,,,,,,,,,1,2,3,1,6
200700028310,0007-05-17 00:17:00,7,5,17,0,17,340,172,"18, JEU DE PAUME (BOULEV",,,Nuit avec éclairage allumé,En agglomération,Hors intersection,Normale,Trois véhicules et plus - collisions multiples,,,,,,,,,,,5,2,1,1,5
200700028311,0007-05-17 05:10:00,7,5,17,5,10,340,172,VANIERES (AVENUE DE),,,Nuit avec éclairage allumé,En agglomération,Intersection en X,Normale,Deux véhicules - côté,,,,,,,,,,,5,2,2,1,3
200700028312,0007-05-17 20:40:00,7,5,17,20,40,340,198,"sans, D66  VOIE RAPIDE",,,Plein jour,Hors agglomération,Hors intersection,Normale,Autre collision,,,,,,,,,,,1,1,1,1,6
200700028313,0007-05-17 18:40:00,7,5,17,18,40,340,172,CROIX CAPITAINE (AVENUE,,,Plein jour,En agglomération,Intersection en T,Normale,Deux véhicules - côté,,,,,,,,,,,1,2,3,1,3
200700028314,0007-05-17 09:30:00,7,5,17,9,30,340,198,D66  VOIE RAPIDE,,,Plein jour,Hors agglomération,Intersection en Y,Temps couvert,Deux véhicules - côté,,,,,,,,,,,1,1,4,8,3
200700028315,0007-05-20 01:30:00,7,5,20,1,30,340,172,FRANKLIN (ROND POINT BEN,43.61822,3.91287,Nuit avec éclairage allumé,En agglomération,Hors intersection,Normale,Autre collision,,,,,,,,,,,5,2,1,1,6
200700028316,0007-05-21 01:50:00,7,5,21,1,50,340,172,MILHAUD (BOULEVARD BENJA,43.6114,3.85809,Nuit avec éclairage allumé,En agglomération,Hors intersection,Normale,Autre collision,,,,,,,,,,,5,2,1,1,6
200700028317,0007-05-20 19:16:00,7,5,20,19,16,340,172,"sans, MERMOZ (AVENUE JEA",,,Plein jour,En agglomération,Hors intersection,Normale,Deux véhicules - arrière,,,,,,,,,,,1,2,1,1,2
200700028318,0007-05-20 19:20:00,7,5,20,19,20,340,172,ARGENCOURT (RUE D'),,,Plein jour,En agglomération,Intersection en T,Normale,Deux véhicules - côté,,,,,,,,,,,1,2,3,1,3
200700028319,0007-05-22 08:48:00,7,5,22,8,48,340,172,"SANS, MONTPELLIER (AVENU",,,Plein jour,En agglomération,Hors intersection,Normale,Autre collision,,,,,,,,,,,1,2,1,1,6
200700028320,0007-05-22 13:00:00,7,5,22,13,0,340,172,"400, MOULINS (AVENUE DES",,,Plein jour,En agglomération,Hors intersection,Normale,Deux véhicules - arrière,,,,,,,,,,,1,2,1,1,2
200700028321,0007-05-22 15:00:00,7,5,22,15,0,340,172,JEU DE PAUME (BOULEVARD,,,Plein jour,En agglomération,Hors intersection,Normale,Autre collision,,,,,,,,,,,1,2,1,1,6
200700028322,0007-05-22 17:35:00,7,5,22,17,35,340,172,COLLINE (AVENUE DE LA),,,Plein jour,En agglomération,Hors intersection,Normale,Autre collision,,,,,,,,,,,1,2,1,1,6
200700028323,0007-05-23 07:50:00,7,5,23,7,50,340,129,BOIRARGUES (AVENUE DE),43.57906,3.91639,Plein jour,Hors agglomération,Hors intersection,Normale,Trois véhicules et plus - collisions multiples,,,,,,,,,,,1,1,1,1,5
200700028324,0007-05-25 00:01:00,7,5,25,0,1,340,172,"sans, PAVELET (AVENUE DU",43.58772,3.85824,Nuit sans éclairage public,En agglomération,Hors intersection,Normale,Deux véhicules - côté,,,,,,,,,,,3,2,1,1,3
200700028325,0007-05-24 12:00:00,7,5,24,12,0,340,172,"sans, PEYSON (RUE FREDER",,,Plein jour,En agglomération,Intersection en X,Normale,Deux véhicules - côté,,,,,,,,,,,1,2,2,1,3
200700028326,0007-05-24 20:05:00,7,5,24,20,5,340,172,"SANS, TOULOUSE (AVENUE D",,,Plein jour,En agglomération,Intersection en T,Normale,Deux véhicules - frontale,,,,,,,,,,,1,2,3,1,1
200700028327,0007-05-23 13:10:00,7,5,23,13,10,340,172,"sana, LIBERTE (AVENUE DE",,,Plein jour,En agglomération,Hors intersection,Normale,Sans collision,,,,,,,,,,,1,2,1,1,7
200700028328,0007-05-22 17:18:00,7,5,22,17,18,340,129,CD21-CD58 (ROND-POINT),,,Plein jour,Hors agglomération,Autre intersection,Normale,Deux véhicules - frontale,,,,,,,,,,,1,1,9,1,1
200700028329,0007-05-16 11:50:00,7,5,16,11,50,340,172,"52, LODEVE (AVENUE DE",,,Plein jour,En agglomération,Hors intersection,Normale,Deux véhicules - arrière,,,,,,,,,,,1,2,1,1,2
200700028330,0007-05-25 17:55:00,7,5,25,17,55,340,172,"sans, DELMAS (RUE)",,,Plein jour,En agglomération,Hors intersection,Normale,Deux véhicules - côté,,,,,,,,,,,1,2,1,1,3
200700028331,0007-05-25 22:25:00,7,5,25,22,25,340,172,"135, LODEVE (AVENUE DE",43.61454,3.83576,Nuit avec éclairage allumé,En agglomération,Hors intersection,Normale,Autre collision,,,,,,,,,,,5,2,1,1,6
200700028332,0007-05-27 15:16:00,7,5,27,15,16,340,172,"sans, FAUBOURG FIGUEROLL",,,Plein jour,En agglomération,Intersection en T,Normale,Deux véhicules - côté,,,,,,,,,,,1,2,3,1,3
200700028333,0007-05-27 17:45:00,7,5,27,17,45,340,172,"sans, COMEDIE (PLACE DE",43.60926,3.8813,Plein jour,En agglomération,Hors intersection,Normale,Autre collision,,,,,,,,,,,1,2,1,1,6
200700028334,0007-05-28 16:00:00,7,5,28,16,0,340,172,"sans, TANNEURS (QUAI DES",,,Plein jour,En agglomération,Hors intersection,Vent fort / tempête,Deux véhicules - côté,,,,,,,,,,,1,2,1,6,3
200700028335,0007-05-29 08:06:00,7,5,29,8,6,340,172,EUROPE (AVENUE DE L'),,,Plein jour,En agglomération,Hors intersection,Normale,Deux véhicules - arrière,,,,,,,,,,,1,2,1,1,2
200700028336,0007-05-29 11:55:00,7,5,29,11,55,340,129,PARC D'ACTIVITES LE SORI,,,Plein jour,Hors agglomération,Hors intersection,Normale,Deux véhicules - côté,,,,,,,,,,,1,1,1,1,3
200700028337,0007-05-29 18:22:00,7,5,29,18,22,340,172,"50, LODEVE (AVENUE DE",,,Plein jour,En agglomération,Hors intersection,Normale,Sans collision,,,,,,,,,,,1,2,1,1,7
200700028338,0007-05-29 17:48:00,7,5,29,17,48,340,172,"772, RAVAZ (AVENUE DU PR",,,Plein jour,En agglomération,Intersection en T,Normale,Deux véhicules - arrière,,,,,,,,,,,1,2,3,1,2
200700028339,0007-05-30 07:30:00,7,5,30,7,30,340,172,"SANS, BRIGADE LEGERE DU",,,Plein jour,En agglomération,Hors intersection,Normale,Deux véhicules - côté,,,,,,,,,,,1,2,1,1,3
200700028340,0007-05-30 13:55:00,7,5,30,13,55,340,172,"61, GAMBETTA",,,Plein jour,En agglomération,Intersection en X,Normale,Deux véhicules - côté,,,,,,,,,,,1,2,2,1,3
200700028341,0007-05-30 18:20:00,7,5,30,18,20,340,172,"550, ARGENVILLE (AVENUE",,,Plein jour,En agglomération,Hors intersection,Normale,Sans collision,,,,,,,,,,,1,2,1,1,7
200700028342,0007-05-31 15:20:00,7,5,31,15,20,340,172,SPAAK (CARREFOUR PAUL-HE,,,Plein jour,En agglomération,Hors intersection,Pluie légère,Deux véhicules - arrière,,,,,,,,,,,1,2,1,2,2
200700028343,0007-05-31 17:18:00,7,5,31,17,18,340,172,LAVERUNE (ROUTE DE,,,Plein jour,En agglomération,Hors intersection,Pluie légère,Deux véhicules - côté,,,,,,,,,,,1,2,1,2,3
200700028344,0007-05-05 17:35:00,7,5,5,17,35,340,108,"AUCUN, CAPITELLES (RUE D",,,Plein jour,En agglomération,Intersection en T,Normale,Deux véhicules - côté,,,,,,,,,,,1,2,3,1,3
200700028345,0007-05-18 20:10:00,7,5,18,20,10,340,301,"aucun, BALARUC (ROUTE DE",,,Plein jour,En agglomération,Hors intersection,Normale,Deux véhicules - côté,,,,,,,,,,,1,2,1,1,3