accident_id,datetime,annee,mois,jour,heure,minute,departement,commune_insee,adresse,latitude,longitude,luminosite,agglomeration,intersection,meteo,collision,nb_vehicules,nb_usagers,nb_indemnes,nb_tues,nb_blesses_hosp,nb_blesses_legers,age_cond_1,age_cond_2,veh_type_cond_1,veh_type_cond_2,lum_code,agg_code,int_code,atm_code,col_code
200700028346,0007-05-27 15:15:00,7,5,27,15,15,340,301,"aucun, ROUSTAN MARIO (GR",,,Plein jour,En agglomération,Hors intersection,Normale,Autre collision,,,,,,,,,,,1,2,1,1,6
200700028347,0007-05-01 07:30:00,7,5,1,7,30,350,238,"00, ALBERT 1ER (BD)",,,Plein jour,En agglomération,Giratoire,Normale,Autre collision,,,,,,,,,,,1,2,6,1,6
200700028348,0007-05-02 15:35:00,7,5,2,15,35,350,238,"00, CHATEAUGIRON (DE)",,,Plein jour,En agglomération,Intersection en T,Pluie légère,Deux véhicules - côté,,,,,,,,,,,1,2,3,2,3
200700028349,0007-05-03 12:50:00,7,5,3,12,50,350,238,"00, DUGUAY TROUIN (QUAI)",,,Plein jour,En agglomération,Hors intersection,Normale,Sans collision,,,,,,,,,,,1,2,1,1,7
200700028350,0007-05-03 23:20:00,7,5,3,23,20,350,238,"16, GINGUENE",,,Nuit avec éclairage allumé,En agglomération,Hors intersection,Normale,Autre collision,,,,,,,,,,,5,2,1,1,6
200700028351,0007-05-04 23:00:00,7,5,4,23,0,350,238,"00, PATTON (AVENUE DU GE",,,Nuit avec éclairage allumé,En agglomération,Intersection en X,Normale,Deux véhicules - côté,,,,,,,,,,,5,2,2,1,3
200700028352,0007-05-05 18:30:00,7,5,5,18,30,350,238,"00, LEBRET (DU PERE)",,,Plein jour,En agglomération,Intersection en T,Normale,Deux véhicules - côté,,,,,,,,,,,1,2,3,1,3
200700028353,0007-05-06 21:45:00,7,5,6,21,45,350,238,"6, ZOLA (QUAI EMILE)",,,Plein jour,En agglomération,Intersection en X,Normale,Sans collision,,,,,,,,,,,1,2,2,1,7
200700028354,0007-05-08 11:30:00,7,5,8,11,30,350,238,"7, GRAFF (AVENUE GEORGES",,,Plein jour,En agglomération,Hors intersection,Normale,Autre collision,,,,,,,,,,,1,2,1,1,6
200700028355,0007-05-09 18:00:00,7,5,9,18,0,350,238,"45, TOUR D'AUVERGNE (BD",,,Plein jour,En agglomération,Hors intersection,Normale,Deux véhicules - côté,,,,,,,,,,,1,2,1,1,3
200700028356,0007-05-10 18:30:00,7,5,10,18,30,350,238,"00, BERNANOS (PLACE GEOR",,,Plein jour,En agglomération,Place,Normale,Autre collision,,,,,,,,,,,1,2,7,1,6
200700028357,0007-05-11 15:25:00,7,5,11,15,25,350,238,"159, LORIENT (DE)",,,Plein jour,En agglomération,Hors intersection,Normale,Deux véhicules - côté,,,,,,,,,,,1,2,1,1,3
200700028358,0007-05-11 18:15:00,7,5,11,18,15,350,238,"00, CHATILLON (DE)",,,Plein jour,En agglomération,Intersection en X,Pluie légère,Sans collision,,,,,,,,,,,1,2,2,2,7
200700028359,0007-05-12 07:20:00,7,5,12,7,20,350,238,"00, AVENUE DES PREALES",,,Plein jour,En agglomération,Intersection en T,Normale,Autre collision,,,,,,,,,,,1,2,3,1,6
200700028360,0007-05-13 17:25:00,7,5,13,17,25,350,238,"00, COLOMBIER (BD DU)",,,Plein jour,En agglomération,Intersection en X,Pluie légère,Sans collision,,,,,,,,,,,1,2,2,2,7
200700028361,0007-05-11 10:00:00,7,5,11,10,0,350,238,"88 bis, ALMA (DE L')",,,Plein jour,En agglomération,Intersection en X,Normale,Deux véhicules - côté,,,,,,,,,,,1,2,2,1,3
200700028362,0007-05-15 08:05:00,7,5,15,8,5,350,238,"00, STRASBOURG (BOULEVAR",,,Plein jour,En agglomération,Intersection en X,Normale,Deux véhicules - frontale,,,,,,,,,,,1,2,2,1,1
200700028363,0007-05-16 19:20:00,7,5,16,19,20,350,238,"74, PARIS (RUE DE)",,,Plein jour,Hors agglomération,Hors intersection,Pluie légère,Sans collision,,,,,,,,,,,1,1,1,2,7
200700028364,0007-05-17 15:50:00,7,5,17,15,50,350,55,"00, RD 163",,,Plein jour,Hors agglomération,Giratoire,Normale,Deux véhicules - arrière,,,,,,,,,,,1,1,6,1,2
200700028365,0007-05-18 11:50:00,7,5,18,11,50,350,55,"00, FOUGERES (RUE DE)",,,Plein jour,En agglomération,Intersection en X,Temps couvert,Deux véhicules - côté,,,,,,,,,,,1,2,2,8,3
200700028366,0007-05-20 16:50:00,7,5,20,16,50,350,238,"00, JOFFRE ( DU MARECHAL",,,Plein jour,En agglomération,Hors intersection,Pluie légère,Sans collision,,,,,,,,,,,1,2,1,2,7
200700028367,0007-05-21 13:00:00,7,5,21,13,0,350,238,"00, PORTE DE ST MALO",,,Plein jour,En agglomération,Autre intersection,Normale,Sans collision,,,,,,,,,,,1,2,9,1,7
200700028368,0007-05-23 15:40:00,7,5,23,15,40,350,238,"00, ROCHESTER (AVENUE DE",,,Plein jour,En agglomération,Intersection en X,Normale,Deux véhicules - côté,,,,,,,,,,,1,2,2,1,3
200700028369,0007-05-23 17:20:00,7,5,23,17,20,350,238,"249, CHATEAUGIRON (DE)",,,Plein jour,En agglomération,Hors intersection,Normale,Deux véhicules - côté,,,,,,,,,,,1,2,1,1,3
200700028370,0007-05-23 17:35:00,7,5,23,17,35,350,238,"00, ALBERT 1ER (BD)",,,Plein jour,En agglomération,Intersection en X,Normale,Deux véhicules - côté,,,,,,,,,,,1,2,2,1,3
200700028371,0007-05-24 14:45:00,7,5,24,14,45,350,238,"00, VITRE (BLD DE)",,,Plein jour,En agglomération,Hors intersection,Normale,Sans collision,,,,,,,,,,,1,2,1,1,7
200700028372,0007-05-24 17:15:00,7,5,24,17,15,350,238,"00, BRIAND (AVENUE ARIST",,,Plein jour,En agglomération,Hors intersection,Normale,Autre collision,,,,,,,,,,,1,2,1,1,6
200700028373,0007-05-25 16:40:00,7,5,25,16,40,350,238,"75, VOLTAIRE (BD)",,,Plein jour,En agglomération,Hors intersection,Normale,Deux véhicules - côté,,,,,,,,,,,1,2,1,1,3
200700028374,0007-05-26 17:35:00,7,5,26,17,35,350,238,"sans, JANVIER (AVENUE JE",,,Plein jour,En agglomération,Intersection en X,Normale,Deux véhicules - frontale,,,,,,,,,,,1,2,2,1,1
200700028375,0007-05-28 13:30:00,7,5,28,13,30,350,238,"00, ROCADE 6-7",,,Plein jour,Hors agglomération,Hors intersection,Pluie légère,Autre collision,,,,,,,,,,,1,1,1,2,6
200700028376,0007-05-29 08:55:00,7,5,29,8,55,350,238,"00, RENNES (ROND POINT D",,,Plein jour,En agglomération,Giratoire,Normale,Deux véhicules - côté,,,,,,,,,,,1,2,6,1,3
200700028377,0007-05-29 08:15:00,7,5,29,8,15,350,238,"00, PORTE DU BLOSNE",,,Plein jour,Hors agglomération,Hors intersection,Normale,Trois véhicules et plus - en chaîne,,,,,,,,,,,1,1,1,1,4
200700028378,0007-05-29 12:25:00,7,5,29,12,25,350,55,"00, GLENANS (RUE DES)",,,Plein jour,En agglomération,Hors intersection,Normale,Trois véhicules et plus - en chaîne,,,,,,,,,,,1,2,1,1,4
200700028379,0007-05-29 13:45:00,7,5,29,13,45,350,238,"00, LORIENT (DE)",,,Plein jour,En agglomération,Hors intersection,Normale,Autre collision,,,,,,,,,,,1,2,1,1,6
200700028380,0007-05-29 21:20:00,7,5,29,21,20,350,55,"00, LA HALLERAIS (LIEU D",,,Plein jour,Hors agglomération,Giratoire,Normale,Deux véhicules - côté,,,,,,,,,,,1,1,6,1,3
200700028381,0007-05-29 22:50:00,7,5,29,22,50,350,238,"00, LORIENT (DE)",,,Nuit avec éclairage allumé,En agglomération,Intersection en T,Normale,Deux véhicules - côté,,,,,,,,,,,5,2,3,1,3
200700028382,0007-05-29 14:15:00,7,5,29,14,15,350,238,"00, SAINT-MALO (DE) DE 1",,,Plein jour,En agglomération,Hors intersection,Normale,Autre collision,,,,,,,,,,,1,2,1,1,6
200700028383,0007-05-03 17:05:00,7,5,3,17,5,350,288,"000, GARE SNCF (LIEU DIT",,,Plein jour,En agglomération,Intersection en X,Normale,Autre collision,,,,,,,,,,,1,2,2,1,6
200700028384,0007-05-06 22:40:00,7,5,6,22,40,350,288,"000, MOKA (AVENUE DE)",,,Nuit avec éclairage allumé,En agglomération,Intersection en T,Normale,Deux véhicules - côté,,,,,,,,,,,5,2,3,1,3
200700028385,0007-05-09 09:30:00,7,5,9,9,30,350,288,"67, TALARDS (BOULEVARD D",,,Plein jour,En agglomération,Hors intersection,Normale,Deux véhicules - arrière,,,,,,,,,,,1,2,1,1,2
200700028386,0007-05-14 12:15:00,7,5,14,12,15,350,288,"000, SAINT LOUIS (QUAI)",,,Plein jour,En agglomération,Intersection en Y,Normale,Deux véhicules - frontale,,,,,,,,,,,1,2,4,1,1
200700028387,0007-05-16 13:00:00,7,5,16,13,0,350,288,"000, DECOUVERTE (CENTRE",,,Plein jour,En agglomération,Hors intersection,Normale,Deux véhicules - côté,,,,,,,,,,,1,2,1,1,3
200700028388,0007-05-09 16:50:00,7,5,9,16,50,350,288,"000, D2",,,Plein jour,En agglomération,Hors intersection,Normale,Sans collision,,,,,,,,,,,1,2,1,1,7
200700028389,0007-05-25 17:30:00,7,5,25,17,30,360,44,"143, VERDUN (AV DE)",,,Plein jour,En agglomération,Hors intersection,Normale,Deux véhicules - côté,,,,,,,,,,,1,2,1,1,3
200700028390,0007-05-25 15:24:00,7,5,25,15,24,360,63,DEPARTEMENTALE 956,,,Plein jour,Hors agglomération,Hors intersection,Normale,Deux véhicules - frontale,,,,,,,,,,,1,1,1,1,1
200700028391,0007-05-02 18:18:00,7,5,2,18,18,360,202,"1, OCCITANIE (AVENUE DE",,,Plein jour,En agglomération,Hors intersection,Normale,Deux véhicules - arrière,,,,,,,,,,,1,2,1,1,2
200700028392,0007-05-03 13:08:00,7,5,3,13,8,360,159,MONTLUCON (ROUTE) R.D. N,,,Plein jour,Hors agglomération,Intersection en T,Normale,Deux véhicules - côté,,,,,,,,,,,1,1,3,1,3
200700028393,0007-05-03 17:40:00,7,5,3,17,40,360,44,"121, MARINS (AV DES)",,,Plein jour,En agglomération,Hors intersection,Normale,Deux véhicules - arrière,,,,,,,,,,,1,2,1,1,2
200700028394,0007-05-05 14:00:00,7,5,5,14,0,360,44,"0, BRENNE (ROND POINT DE",,,Plein jour,Hors agglomération,Giratoire,Temps couvert,Deux véhicules - côté,,,,,,,,,,,1,1,6,8,3
200700028395,0007-05-11 15:54:00,7,5,11,15,54,360,44,ROUTE DEPARTEMENTALE 920,,,Plein jour,Hors agglomération,Intersection en T,Normale,Deux véhicules - côté,,,,,,,,,,,1,1,3,1,3
200700028396,0007-05-13 18:15:00,7,5,13,18,15,360,44,"61, CLUIS (BD DE)",,,Plein jour,En agglomération,Hors intersection,Normale,Deux véhicules - arrière,,,,,,,,,,,1,2,1,1,2
200700028397,0007-05-16 11:10:00,7,5,16,11,10,360,159,VELLES ( ROUTE DE ),,,Plein jour,Hors agglomération,Intersection en X,Normale,Deux véhicules - côté,,,,,,,,,,,1,1,2,1,3
200700028398,0007-05-25 10:44:00,7,5,25,10,44,360,44,ROUTE DEPARTEMENTALE 925,,,Plein jour,En agglomération,Hors intersection,Normale,Deux véhicules - arrière,,,,,,,,,,,1,2,1,1,2
200700028399,0007-05-26 09:35:00,7,5,26,9,35,360,44,"49, CAZALA (ROGER)",,,Plein jour,En agglomération,Hors intersection,Normale,Trois véhicules et plus - en chaîne,,,,,,,,,,,1,2,1,1,4
200700028400,0007-05-29 15:27:00,7,5,29,15,27,360,44,LAFAYETTE (PL),,,Plein jour,En agglomération,Giratoire,Normale,Deux véhicules - côté,,,,,,,,,,,1,2,6,1,3
200700028401,0007-05-31 16:40:00,7,5,31,16,40,360,44,DELACROIX (EUGENE),,,Plein jour,En agglomération,Intersection en T,Normale,Deux véhicules - côté,,,,,,,,,,,1,2,3,1,3
200700028402,0007-05-06 18:10:00,7,5,6,18,10,370,208,BEAUGAILLARD (AVENUE),,,Plein jour,En agglomération,Hors intersection,Normale,Trois véhicules et plus - collisions multiples,,,,,,,,,,,1,2,1,1,5
200700028403,0007-05-14 16:55:00,7,5,14,16,55,370,261,SAPAILLE (RUE DE),,,Plein jour,En agglomération,Intersection en T,Normale,Deux véhicules - frontale,,,,,,,,,,,1,2,3,1,1
200700028404,0007-05-23 14:20:00,7,5,23,14,20,370,122,"11, GAMBETTA (BOULEVARD)",,,Plein jour,En agglomération,Hors intersection,Pluie légère,Autre collision,,,,,,,,,,,1,2,1,2,6
200700028405,0007-05-15 12:25:00,7,5,15,12,25,370,233,SARETE (RUE JEAN),,,Plein jour,En agglomération,Intersection en T,Normale,Autre collision,,,,,,,,,,,1,2,3,1,6
200700028406,0007-05-13 18:00:00,7,5,13,18,0,370,261,FLORENCE (AVENUE DE),,,Plein jour,En agglomération,Hors intersection,Normale,Autre collision,,,,,,,,,,,1,2,1,1,6
200700028407,0007-05-28 21:36:00,7,5,28,21,36,370,261,"53, LAVOISIER (RUE)",,,Crépuscule ou aube,En agglomération,Hors intersection,Temps couvert,Autre collision,,,,,,,,,,,2,2,1,8,6
200700028408,0007-05-03 21:55:00,7,5,3,21,55,370,261,TANNEURS (RUE DES),,,Nuit avec éclairage allumé,En agglomération,Giratoire,Normale,Deux véhicules - côté,,,,,,,,,,,5,2,6,1,3
200700028409,0007-05-06 11:05:00,7,5,6,11,5,370,261,PONT CHER (AVENUE DE),,,Plein jour,En agglomération,Intersection en X,Normale,Deux véhicules - côté,,,,,,,,,,,1,2,2,1,3
200700028410,0007-05-28 19:20:00,7,5,28,19,20,370,261,STENDHAL (AVENUE),,,Plein jour,En agglomération,Hors intersection,Normale,Deux véhicules - côté,,,,,,,,,,,1,2,1,1,3
200700028411,0007-05-31 13:25:00,7,5,31,13,25,370,233,"SANS, THOREZ (PLACE MAUR",,,Plein jour,En agglomération,Hors intersection,Normale,Autre collision,,,,,,,,,,,1,2,1,1,6
200700028412,0007-05-14 11:50:00,7,5,14,11,50,370,261,MAGELLAN (ALLEE),,,Plein jour,En agglomération,Hors intersection,Normale,Deux véhicules - côté,,,,,,,,,,,1,2,1,1,3
200700028413,0007-05-23 14:50:00,7,5,23,14,50,370,261,REAUMUR (RUE),,,Plein jour,En agglomération,Intersection en T,Normale,Deux véhicules - côté,,,,,,,,,,,1,2,3,1,3
200700028414,0007-05-01 18:00:00,7,5,1,18,0,380,169,"00, CACHIN (MAIL M.)(1 A",,,Plein jour,En agglomération,Intersection en X,Pluie légère,Autre collision,,,,,,,,,,,1,2,2,2,6
200700028415,0007-05-02 09:30:00,7,5,2,9,30,380,169,"82, VERCORS (AVENUE DU)",,,Plein jour,En agglomération,Hors intersection,Pluie légère,Autre collision,,,,,,,,,,,1,2,1,2,6
200700028416,0007-05-07 15:45:00,7,5,7,15,45,380,185,"00, MARCELIN BERTHELOT (",,,Plein jour,En agglomération,Hors intersection,Normale,Autre collision,,,,,,,,,,,1,2,1,1,6
200700028417,0007-05-08 19:00:00,7,5,8,19,0,380,185,"9, EDOUARD REY (BOULEVAR",,,Plein jour,En agglomération,Intersection en T,Normale,Deux véhicules - côté,,,,,,,,,,,1,2,3,1,3
200700028418,0007-05-09 13:55:00,7,5,9,13,55,380,421,"22, PERI (AVENUE G.)",,,Plein jour,En agglomération,Hors intersection,Normale,Deux véhicules - côté,,,,,,,,,,,1,2,1,1,3
200700028419,0007-05-09 17:10:00,7,5,9,17,10,380,185,"00, BOUCHER DE PERTHES (",,,Plein jour,En agglomération,Intersection en X,Normale,Deux véhicules - côté,,,,,,,,,,,1,2,2,1,3
200700028420,0007-05-09 17:45:00,7,5,9,17,45,380,185,"00, ALLOBROGES (QUAI DES",,,Plein jour,En agglomération,Hors intersection,Normale,Autre collision,,,,,,,,,,,1,2,1,1,6
200700028421,0007-05-10 12:12:00,7,5,10,12,12,380,185,"36, MARECHAL LECLERC (BO",,,Plein jour,En agglomération,Hors intersection,Normale,Deux véhicules - côté,,,,,,,,,,,1,2,1,1,3
200700028422,0007-05-10 17:10:00,7,5,10,17,10,380,185,"2, ALLIES (RUE DES)",,,Plein jour,En agglomération,Hors intersection,Normale,Deux véhicules - côté,,,,,,,,,,,1,2,1,1,3
200700028423,0007-05-11 01:34:00,7,5,11,1,34,380,229,AUTOROUTE,,,Nuit sans éclairage public,Hors agglomération,Hors intersection,Normale,Autre collision,,,,,,,,,,,3,1,1,1,6
200700028424,0007-05-11 15:45:00,7,5,11,15,45,380,516,"., CHANTOURNE (BOULEVARD",,,Plein jour,En agglomération,Intersection en T,Normale,Deux véhicules - côté,,,,,,,,,,,1,2,3,1,3
200700028425,0007-05-12 23:45:00,7,5,12,23,45,380,179,"., COMBE (AVENUE DE LA )",,,Nuit sans éclairage public,Hors agglomération,Hors intersection,Normale,Sans collision,,,,,,,,,,,3,1,1,1,7
200700028426,0007-05-11 12:35:00,7,5,11,12,35,380,421,"., GALOCHERE(AV. DE LA)R",,,Plein jour,En agglomération,Intersection en T,Normale,Sans collision,,,,,,,,,,,1,2,3,1,7
200700028427,0007-05-15 14:45:00,7,5,15,14,45,380,185,"11, AGUTTE SEMBAT (BOULE",,,Plein jour,En agglomération,Hors intersection,Normale,Deux véhicules - côté,,,,,,,,,,,1,2,1,1,3
200700028428,0007-05-16 18:15:00,7,5,16,18,15,380,169,"., PERI (RUE G.)",,,Plein jour,En agglomération,Intersection en X,Normale,Deux véhicules - côté,,,,,,,,,,,1,2,2,1,3
200700028429,0007-05-16 18:30:00,7,5,16,18,30,380,185,"., ILE VERTE (PONT DE L'",,,Plein jour,En agglomération,Hors intersection,Normale,Deux véhicules - côté,,,,,,,,,,,1,2,1,1,3
200700028430,0007-05-20 14:50:00,7,5,20,14,50,380,185,"., CONDILLAC (RUE)",,,Plein jour,En agglomération,Intersection en T,Normale,Deux véhicules - côté,,,,,,,,,,,1,2,3,1,3
200700028431,0007-05-23 14:00:00,7,5,23,14,0,380,185,"16, JEANNE D'ARC (AVENUE",,,Plein jour,En agglomération,Intersection en T,Normale,Deux véhicules - côté,,,,,,,,,,,1,2,3,1,3
200700028432,0007-05-23 17:00:00,7,5,23,17,0,380,151,"., ALLENDE (AVENUE S.)",,,Plein jour,En agglomération,Hors intersection,Normale,Autre collision,,,,,,,,,,,1,2,1,1,6
200700028433,0007-05-23 23:00:00,7,5,23,23,0,380,516,"00, CHANTOURNE (BOULEVAR",,,Nuit avec éclairage allumé,En agglomération,Intersection en Y,Normale,Deux véhicules - côté,,,,,,,,,,,5,2,4,1,3
200700028434,0007-05-24 12:15:00,7,5,24,12,15,380,185,"71, LIBERATION ET DU GEN",,,Plein jour,En agglomération,Hors intersection,Normale,Deux véhicules - côté,,,,,,,,,,,1,2,1,1,3
200700028435,0007-05-25 11:40:00,7,5,25,11,40,380,151,"40, JAURES (COURS J. 1 A",,,Plein jour,En agglomération,Hors intersection,Normale,Autre collision,,,,,,,,,,,1,2,1,1,6
200700028436,0007-05-26 08:10:00,7,5,26,8,10,380,185,"00, JEAN JAURES (COURS)",,,Plein jour,En agglomération,Hors intersection,Normale,Autre collision,,,,,,,,,,,1,2,1,1,6
200700028437,0007-05-29 12:30:00,7,5,29,12,30,380,185,"00, NICOLAS CHORIER (RUE",,,Plein jour,En agglomération,Hors intersection,Normale,Autre collision,,,,,,,,,,,1,2,1,1,6
200700028438,0007-05-30 09:30:00,7,5,30,9,30,380,421,"00, VALLES (AV. J.)A. CR",,,Plein jour,En agglomération,Hors intersection,Normale,Autre collision,,,,,,,,,,,1,2,1,1,6
200700028439,0007-05-30 11:30:00,7,5,30,11,30,380,151,"00, FERRIER (AVENUE A.)",,,Plein jour,En agglomération,Hors intersection,Normale,Deux véhicules - côté,,,,,,,,,,,1,2,1,1,3
200700028440,0007-05-30 15:35:00,7,5,30,15,35,380,185,"15, EDOUARD REY (BOULEVA",,,Plein jour,En agglomération,Hors intersection,Normale,Autre collision,,,,,,,,,,,1,2,1,1,6
200700028441,0007-05-30 17:20:00,7,5,30,17,20,380,185,"00, CLAUDE KOGAN (RUE)",,,Plein jour,En agglomération,Hors intersection,Normale,Autre collision,,,,,,,,,,,1,2,1,1,6
200700028442,0007-05-22 16:50:00,7,5,22,16,50,390,150,RN 5 (DE ST YLIE A FIN Z,,,Plein jour,Hors agglomération,Hors intersection,Normale,Autre collision,,,,,,,,,,,1,1,1,1,6
200700028443,0007-05-14 18:55:00,7,5,14,18,55,400,88,PEYROUTON (RUE DE),,,Plein jour,En agglomération,Hors intersection,Normale,Deux véhicules - côté,,,,,,,,,,,1,2,1,1,3
200700028444,0007-05-21 20:10:00,7,5,21,20,10,400,88,PENETRANTE EST,,,Plein jour,En agglomération,Hors intersection,Normale,Autre collision,,,,,,,,,,,1,2,1,1,6
200700028445,0007-05-27 22:35:00,7,5,27,22,35,400,88,SPORTS (BOULEVARD DES),,,Nuit avec éclairage allumé,En agglomération,Hors intersection,Pluie forte,Autre collision,,,,,,,,,,,5,2,1,3,6
200700028446,0007-05-10 07:50:00,7,5,10,7,50,400,192,"384, MARTYRS DE LA RÉSIS",,,Plein jour,En agglomération,Intersection en T,Normale,Deux véhicules - côté,,,,,,,,,,,1,2,3,1,3
200700028447,0007-05-11 16:35:00,7,5,11,16,35,400,192,JUIN (V DU MARECHAL),,,Plein jour,En agglomération,Hors intersection,Normale,Trois véhicules et plus - en chaîne,,,,,,,,,,,1,2,1,1,4
200700028448,0007-05-18 15:16:00,7,5,18,15,16,400,192,"303, KENNEDY (AV DU PRES",,,Plein jour,En agglomération,Autre intersection,Normale,Deux véhicules - côté,,,,,,,,,,,1,2,9,1,3
200700028449,0007-05-02 12:20:00,7,5,2,12,20,410,18,SAINT-JEAN (QUAI),,,Plein jour,En agglomération,Hors intersection,Normale,Trois véhicules et plus - en chaîne,,,,,,,,,,,1,2,1,1,4
200700028450,0007-05-02 14:35:00,7,5,2,14,35,410,47,N152,,,Plein jour,En agglomération,Hors intersection,Normale,Deux véhicules - frontale,,,,,,,,,,,1,2,1,1,1
200700028451,0007-05-03 21:30:00,7,5,3,21,30,410,18,ONZE ARPENTS (RUE DES),,,Nuit avec éclairage allumé,En agglomération,Hors intersection,Normale,Deux véhicules - côté,,,,,,,,,,,5,2,1,1,3
200700028452,0007-05-04 17:52:00,7,5,4,17,52,410,18,INDUSTRIE (BOULEVARD DE,,,Plein jour,En agglomération,Hors intersection,Normale,Deux véhicules - côté,,,,,,,,,,,1,2,1,1,3
200700028453,0007-05-11 09:10:00,7,5,11,9,10,410,18,CHAILLES (LEVEE DE),,,Plein jour,Hors agglomération,Hors intersection,Normale,Deux véhicules - arrière,,,,,,,,,,,1,1,1,1,2
200700028454,0007-05-12 13:25:00,7,5,12,13,25,410,18,ONZE ARPENTS (RUE DES),,,Plein jour,Hors agglomération,Intersection en X,Normale,Trois véhicules et plus - collisions multiples,,,,,,,,,,,1,1,2,1,5
200700028455,0007-05-14 17:50:00,7,5,14,17,50,410,18,CROIX BOISSEE (RUE),,,Plein jour,En agglomération,Hors intersection,Pluie légère,Deux véhicules - arrière,,,,,,,,,,,1,2,1,2,2
200700028456,0007-05-16 12:25:00,7,5,16,12,25,410,18,BONCOUR (BOULEVARD JOSEP,,,Plein jour,En agglomération,Hors intersection,Normale,Deux véhicules - côté,,,,,,,,,,,1,2,1,1,3
200700028457,0007-05-18 00:05:00,7,5,18,0,5,410,18,D174,,,Nuit avec éclairage allumé,Hors agglomération,Hors intersection,Pluie légère,Sans collision,,,,,,,,,,,5,1,1,2,7
200700028458,0007-05-19 09:15:00,7,5,19,9,15,410,18,CHATEAUDUN (AVENUE DE),,,Plein jour,En agglomération,Hors intersection,Pluie légère,Deux véhicules - frontale,,,,,,,,,,,1,2,1,2,1
200700028459,0007-05-19 19:05:00,7,5,19,19,5,410,18,"1, MARE (RUE DE LA)",,,Plein jour,En agglomération,Hors intersection,Normale,Deux véhicules - côté,,,,,,,,,,,1,2,1,1,3
200700028460,0007-05-19 23:50:00,7,5,19,23,50,410,47,MONTPROFOND (RUE DE),,,Nuit avec éclairage allumé,En agglomération,Hors intersection,Normale,Sans collision,,,,,,,,,,,5,2,1,1,7
200700028461,0007-05-25 08:35:00,7,5,25,8,35,410,18,GALLOIS (RUE),,,Plein jour,En agglomération,Hors intersection,Normale,Deux véhicules - arrière,,,,,,,,,,,1,2,1,1,2
200700028462,0007-05-31 23:20:00,7,5,31,23,20,410,18,LAIGRET (AVENUE DU DOCTE,,,Nuit avec éclairage allumé,En agglomération,Hors intersection,Normale,Autre collision,,,,,,,,,,,5,2,1,1,6
200700028463,0007-05-30 12:13:00,7,5,30,12,13,410,269,"., MANS (ROUTE DU)",,,Plein jour,Hors agglomération,Hors intersection,Pluie légère,Deux véhicules - frontale,,,,,,,,,,,1,1,1,2,1
200700028464,0007-05-06 18:10:00,7,5,6,18,10,420,183,MARTIN (RUE MARTIN),,,Plein jour,En agglomération,Hors intersection,Normale,Autre collision,,,,,,,,,,,1,2,1,1,6
200700028465,0007-05-09 13:00:00,7,5,9,13,0,420,44,LANGEVIN (RUE PAUL),,,Plein jour,En agglomération,Hors intersection,Normale,Deux véhicules - arrière,,,,,,,,,,,1,2,1,1,2
200700028466,0007-05-09 21:25:00,7,5,9,21,25,420,95,RD 88,,,Plein jour,En agglomération,Hors intersection,Normale,Autre collision,,,,,,,,,,,1,2,1,1,6
200700028467,0007-05-10 16:55:00,7,5,10,16,55,420,44,"3, RD 88",,,Plein jour,En agglomération,Hors intersection,Normale,Autre collision,,,,,,,,,,,1,2,1,1,6
200700028468,0007-05-11 11:55:00,7,5,11,11,55,420,316,CD 25,,,Plein jour,En agglomération,Hors intersection,Normale,Deux véhicules - côté,,,,,,,,,,,1,2,1,1,3
200700028469,0007-05-11 13:25:00,7,5,11,13,25,420,95,RD 88,,,Plein jour,En agglomération,Hors intersection,Normale,Deux véhicules - côté,,,,,,,,,,,1,2,1,1,3
200700028470,0007-05-15 13:50:00,7,5,15,13,50,420,95,"1, LAMARTINE (RUE)",,,Plein jour,En agglomération,Intersection en X,Normale,Deux véhicules - côté,,,,,,,,,,,1,2,2,1,3
200700028471,0007-05-16 19:00:00,7,5,16,19,0,420,316,CD 25,,,Nuit sans éclairage public,Hors agglomération,Hors intersection,Pluie légère,Autre collision,,,,,,,,,,,3,1,1,2,6
200700028472,0007-05-21 17:45:00,7,5,21,17,45,420,95,"88, RUE JEAN JAURES",,,Plein jour,En agglomération,Hors intersection,Normale,Trois véhicules et plus - collisions multiples,,,,,,,,,,,1,2,1,1,5
200700028473,0007-05-25 09:20:00,7,5,25,9,20,420,95,"38, VOLTAIRE (RUE)",,,Plein jour,En agglomération,Intersection en T,Normale,Deux véhicules - arrière,,,,,,,,,,,1,2,3,1,2
200700028474,0007-05-25 10:30:00,7,5,25,10,30,420,44,RD 88-2,,,Plein jour,En agglomération,Hors intersection,Normale,Autre collision,,,,,,,,,,,1,2,1,1,6
200700028475,0007-05-27 01:05:00,7,5,27,1,5,420,316,CD 25,,,Nuit sans éclairage public,Hors agglomération,Hors intersection,Pluie forte,Autre collision,,,,,,,,,,,3,1,1,3,6
200700028476,0007-05-29 18:25:00,7,5,29,18,25,420,95,RD 88,,,Plein jour,En agglomération,Hors intersection,Normale,Trois véhicules et plus - en chaîne,,,,,,,,,,,1,2,1,1,4
200700028477,0007-05-30 07:20:00,7,5,30,7,20,420,183,RD  88,,,Plein jour,En agglomération,Hors intersection,Normale,Deux véhicules - arrière,,,,,,,,,,,1,2,1,1,2
200700028478,0007-05-31 18:40:00,7,5,31,18,40,420,95,CD 500,,,Nuit sans éclairage public,Hors agglomération,Hors intersection,Pluie forte,Autre collision,,,,,,,,,,,3,1,1,3,6
200700028479,0007-05-02 08:56:00,7,5,2,8,56,420,147,CD5,,,Plein jour,En agglomération,Hors intersection,Pluie légère,Autre collision,,,,,,,,,,,1,2,1,2,6
200700028480,0007-05-10 15:00:00,7,5,10,15,0,420,147,"32, CHAVASSIEU (BOULEVAR",,,Plein jour,En agglomération,Intersection en Y,Normale,Deux véhicules - côté,,,,,,,,,,,1,2,4,1,3