accident_id,datetime,annee,mois,jour,heure,minute,departement,commune_insee,adresse,latitude,longitude,luminosite,agglomeration,intersection,meteo,collision,nb_vehicules,nb_usagers,nb_indemnes,nb_tues,nb_blesses_hosp,nb_blesses_legers,age_cond_1,age_cond_2,veh_type_cond_1,veh_type_cond_2,lum_code,agg_code,int_code,atm_code,col_code
200700028481,0007-05-10 16:15:00,7,5,10,16,15,420,147,PREFECTURE (BOULEVARD),,,Plein jour,En agglomération,Hors intersection,Normale,Deux véhicules - arrière,,,,,,,,,,,1,2,1,1,2
200700028482,0007-05-23 11:22:00,7,5,23,11,22,420,299,R.D.204,,,Plein jour,Hors agglomération,Hors intersection,Normale,Deux véhicules - arrière,,,,,,,,,,,1,1,1,1,2
200700028483,0007-05-09 17:50:00,7,5,9,17,50,420,259,"81, SAINT MARTIN ROUTE D",,,Plein jour,En agglomération,Hors intersection,Normale,Deux véhicules - côté,,,,,,,,,,,1,2,1,1,3
200700028484,0007-05-02 10:15:00,7,5,2,10,15,420,187,"51, THOMAS (RUE ALBERT)",,,Plein jour,En agglomération,Hors intersection,Pluie légère,Deux véhicules - côté,,,,,,,,,,,1,2,1,2,3
200700028485,0007-05-02 12:25:00,7,5,2,12,25,420,170,LE PONT DE RHINS (LIEU D,,,Plein jour,Hors agglomération,Hors intersection,Pluie forte,Autre collision,,,,,,,,,,,1,1,1,3,6
200700028486,0007-05-02 12:35:00,7,5,2,12,35,420,187,"20, FUYANT (RUE DU)",,,Plein jour,En agglomération,Hors intersection,Pluie légère,Autre collision,,,,,,,,,,,1,2,1,2,6
200700028487,0007-05-02 17:30:00,7,5,2,17,30,420,71,"1, CARNOT (RUE)",,,Plein jour,En agglomération,Intersection en Y,Normale,Deux véhicules - côté,,,,,,,,,,,1,2,4,1,3
200700028488,0007-05-04 08:50:00,7,5,4,8,50,420,187,"98, VILLEMONTAIS (RUE DE",,,Plein jour,En agglomération,Hors intersection,Normale,Deux véhicules - côté,,,,,,,,,,,1,2,1,1,3
200700028489,0007-05-04 19:35:00,7,5,4,19,35,420,187,"20, CLEMENT (BOULEVARD J",,,Crépuscule ou aube,En agglomération,Intersection en X,Pluie forte,Deux véhicules - côté,,,,,,,,,,,2,2,2,3,3
200700028490,0007-05-09 12:20:00,7,5,9,12,20,420,187,"20, PEGUY (RUE CHARLES)",,,Plein jour,En agglomération,Hors intersection,Normale,Deux véhicules - côté,,,,,,,,,,,1,2,1,1,3
200700028491,0007-05-09 17:30:00,7,5,9,17,30,420,187,"17, CUVIER  (RUE)",,,Plein jour,En agglomération,Hors intersection,Normale,Deux véhicules - côté,,,,,,,,,,,1,2,1,1,3
200700028492,0007-05-10 17:10:00,7,5,10,17,10,420,187,"34, CARNOT (AVENUE)",,,Plein jour,En agglomération,Hors intersection,Normale,Autre collision,,,,,,,,,,,1,2,1,1,6
200700028493,0007-05-14 17:30:00,7,5,14,17,30,420,71,"20, DORIAN (RUE)",,,Plein jour,En agglomération,Intersection en X,Normale,Autre collision,,,,,,,,,,,1,2,2,1,6
200700028494,0007-05-15 09:50:00,7,5,15,9,50,420,187,"107, PARIS (AVENUE DE)",,,Plein jour,En agglomération,Hors intersection,Normale,Autre collision,,,,,,,,,,,1,2,1,1,6
200700028495,0007-05-15 15:06:00,7,5,15,15,6,420,127,"20, FONTAINE JEAN  (RUE",,,Plein jour,En agglomération,Intersection en X,Normale,Deux véhicules - côté,,,,,,,,,,,1,2,2,1,3
200700028496,0007-05-19 16:50:00,7,5,19,16,50,420,187,"20, LYON (AVENUE DE)",,,Plein jour,En agglomération,Hors intersection,Normale,Autre collision,,,,,,,,,,,1,2,1,1,6
200700028497,0007-05-17 10:40:00,7,5,17,10,40,420,187,"20, BRANLY (RUE EDOUARD",,,Plein jour,En agglomération,Hors intersection,Normale,Autre collision,,,,,,,,,,,1,2,1,1,6
200700028498,0007-05-21 19:00:00,7,5,21,19,0,420,187,"20, DIDEROT (RUE DENIS)",,,Plein jour,En agglomération,Hors intersection,Normale,Deux véhicules - côté,,,,,,,,,,,1,2,1,1,3
200700028499,0007-05-22 17:50:00,7,5,22,17,50,420,184,"20, SAINT-ROMAIN (RUE DE",,,Plein jour,En agglomération,Hors intersection,Normale,Autre collision,,,,,,,,,,,1,2,1,1,6
200700028500,0007-05-23 13:25:00,7,5,23,13,25,420,187,MOULIN PAILLASSON (RUE D,,,Plein jour,En agglomération,Intersection en T,Normale,Deux véhicules - côté,,,,,,,,,,,1,2,3,1,3
200700028501,0007-05-25 23:00:00,7,5,25,23,0,420,184,"2075, FOCH MARECHAL (RUE",,,Nuit avec éclairage allumé,En agglomération,Hors intersection,Normale,Sans collision,,,,,,,,,,,5,2,1,1,7
200700028502,0007-05-25 19:15:00,7,5,25,19,15,420,71,"20, PARMENTIER (RUE ANTO",,,Plein jour,En agglomération,Intersection en X,Normale,Deux véhicules - côté,,,,,,,,,,,1,2,2,1,3
200700028503,0007-05-30 16:40:00,7,5,30,16,40,420,187,"20, CAMUS (RUE ALBERT)",,,Plein jour,En agglomération,Hors intersection,Normale,Autre collision,,,,,,,,,,,1,2,1,1,6
200700028504,0007-05-31 20:10:00,7,5,31,20,10,420,187,"20, PALISSY (BOULEVARD B",,,Plein jour,En agglomération,Hors intersection,Pluie légère,Deux véhicules - côté,,,,,,,,,,,1,2,1,2,3
200700028505,0007-05-15 22:00:00,7,5,15,22,0,420,207,CHARMEAUX LIEU DIT,,,Nuit sans éclairage public,Hors agglomération,Hors intersection,Normale,Autre collision,,,,,,,,,,,3,1,1,1,6
200700028506,0007-05-02 12:13:00,7,5,2,12,13,420,218,"124, BERGSON A PARTIR N°",,,Plein jour,En agglomération,Hors intersection,Normale,Deux véhicules - arrière,,,,,,,,,,,1,2,1,1,2
200700028507,0007-05-02 17:54:00,7,5,2,17,54,420,218,"14, BRULE A PARTIR N° 10",,,Plein jour,En agglomération,Hors intersection,Normale,Deux véhicules - frontale,,,,,,,,,,,1,2,1,1,1
200700028508,0007-05-03 21:30:00,7,5,3,21,30,420,218,"000000001, NADAUD GUSTAV",,,Nuit avec éclairage allumé,En agglomération,Hors intersection,Normale,Sans collision,,,,,,,,,,,5,2,1,1,7
200700028509,0007-05-04 13:30:00,7,5,4,13,30,420,218,"07, ROYET",,,Plein jour,En agglomération,Hors intersection,Normale,Autre collision,,,,,,,,,,,1,2,1,1,6
200700028510,0007-05-05 00:50:00,7,5,5,0,50,420,218,"25, BERTHELOT",,,Nuit avec éclairage allumé,En agglomération,Hors intersection,Normale,Autre collision,,,,,,,,,,,5,2,1,1,6
200700028511,0007-05-09 16:40:00,7,5,9,16,40,420,218,R.D. N°25,,,Plein jour,Hors agglomération,Hors intersection,Normale,Sans collision,,,,,,,,,,,1,1,1,1,7
200700028512,0007-05-10 14:45:00,7,5,10,14,45,420,218,UNIVERSITE (DE L'),,,Plein jour,En agglomération,Intersection en T,Normale,Deux véhicules - côté,,,,,,,,,,,1,2,3,1,3
200700028513,0007-05-13 20:25:00,7,5,13,20,25,420,218,"8, FOLLEREAU RAOUL",,,Crépuscule ou aube,En agglomération,Hors intersection,Normale,Autre collision,,,,,,,,,,,2,2,1,1,6
200700028514,0007-05-14 13:41:00,7,5,14,13,41,420,218,PALLE (DE LA) A PARTIR N,,,Plein jour,En agglomération,Intersection en T,Pluie forte,Trois véhicules et plus - collisions multiples,,,,,,,,,,,1,2,3,3,5
200700028515,0007-05-14 14:45:00,7,5,14,14,45,420,218,"27, RECLUS ELISEE A PART",,,Plein jour,En agglomération,Intersection en X,Normale,Deux véhicules - côté,,,,,,,,,,,1,2,2,1,3
200700028516,0007-05-15 13:50:00,7,5,15,13,50,420,218,"15, TREFILERIE",,,Plein jour,En agglomération,Hors intersection,Normale,Sans collision,,,,,,,,,,,1,2,1,1,7
200700028517,0007-05-15 14:00:00,7,5,15,14,0,420,218,"43, CLAUDE DESIRE A PART",,,Plein jour,En agglomération,Hors intersection,Normale,Deux véhicules - côté,,,,,,,,,,,1,2,1,1,3
200700028518,0007-05-15 19:00:00,7,5,15,19,0,420,218,"42, JANIN JULES (BD) DES",,,Plein jour,En agglomération,Hors intersection,Normale,Sans collision,,,,,,,,,,,1,2,1,1,7
200700028519,0007-05-16 09:57:00,7,5,16,9,57,420,218,"0000084, ALLIES JUSQU'AU",,,Plein jour,En agglomération,Intersection en T,Pluie légère,Autre collision,,,,,,,,,,,1,2,3,2,6
200700028520,0007-05-18 19:28:00,7,5,18,19,28,420,218,"00000030, PERDIGUIER AGR",,,Plein jour,En agglomération,Hors intersection,Normale,Deux véhicules - côté,,,,,,,,,,,1,2,1,1,3
200700028521,0007-05-20 12:00:00,7,5,20,12,0,420,189,"0000000001, DERHINS",,,Plein jour,En agglomération,Intersection en X,Normale,Deux véhicules - côté,,,,,,,,,,,1,2,2,1,3
200700028522,0007-05-22 20:38:00,7,5,22,20,38,420,218,"40, JANIN JULES (BD) DES",,,Plein jour,En agglomération,Giratoire,Normale,Deux véhicules - côté,,,,,,,,,,,1,2,6,1,3
200700028523,0007-05-23 18:36:00,7,5,23,18,36,420,218,"44, PERI GABRIEL A PARTI",,,Plein jour,En agglomération,Intersection en T,Normale,Autre collision,,,,,,,,,,,1,2,3,1,6
200700028524,0007-05-23 21:30:00,7,5,23,21,30,420,218,"47, BERGSON A PARTIR N°",,,Nuit avec éclairage allumé,En agglomération,Hors intersection,Normale,Deux véhicules - côté,,,,,,,,,,,5,2,1,1,3
200700028525,0007-05-25 07:15:00,7,5,25,7,15,420,218,"0000000001, RIVIERE SERG",,,Plein jour,En agglomération,Intersection en Y,Normale,Deux véhicules - côté,,,,,,,,,,,1,2,4,1,3
200700028526,0007-05-26 15:25:00,7,5,26,15,25,420,218,"61, SABLIERE (DE LA)",,,Plein jour,En agglomération,Hors intersection,Normale,Sans collision,,,,,,,,,,,1,2,1,1,7
200700028527,0007-05-27 05:40:00,7,5,27,5,40,420,218,"000000001, KRUMNOW FREDO",,,Crépuscule ou aube,En agglomération,Hors intersection,Normale,Deux véhicules - arrière,,,,,,,,,,,2,2,1,1,2
200700028528,0007-05-29 15:53:00,7,5,29,15,53,420,218,TALAUDIERE (DE LA) A PAR,,,Plein jour,En agglomération,Hors intersection,Normale,Deux véhicules - arrière,,,,,,,,,,,1,2,1,1,2
200700028529,0007-05-29 17:56:00,7,5,29,17,56,420,218,"13, CUGNOT",,,Plein jour,En agglomération,Hors intersection,Normale,Sans collision,,,,,,,,,,,1,2,1,1,7
200700028530,0007-05-29 18:35:00,7,5,29,18,35,420,330,"27, BREUIL",,,Plein jour,En agglomération,Hors intersection,Normale,Sans collision,,,,,,,,,,,1,2,1,1,7
200700028531,0007-05-29 18:50:00,7,5,29,18,50,420,218,"Lieu dit  "" Le Berland """,,,Plein jour,Hors agglomération,Hors intersection,Normale,Deux véhicules - côté,,,,,,,,,,,1,1,1,1,3
200700028532,0007-05-31 18:45:00,7,5,31,18,45,420,218,"23, PERI GABRIEL A PARTI",,,Plein jour,En agglomération,Hors intersection,Pluie forte,Trois véhicules et plus - collisions multiples,,,,,,,,,,,1,2,1,3,5
200700028533,0007-05-09 18:30:00,7,5,9,18,30,430,41,R.N 88,,,Plein jour,En agglomération,Hors intersection,Normale,Deux véhicules - frontale,,,,,,,,,,,1,2,1,1,1
200700028534,0007-05-21 20:05:00,7,5,21,20,5,430,157,JOFFRE (BD. MARECHAL),,,Plein jour,En agglomération,Intersection en T,Normale,Trois véhicules et plus - collisions multiples,,,,,,,,,,,1,2,3,1,5
200700028535,0007-05-25 10:20:00,7,5,25,10,20,430,157,"4, REPUBLIQUE (BD DE LA)",,,Plein jour,En agglomération,Hors intersection,Normale,Autre collision,,,,,,,,,,,1,2,1,1,6
200700028536,0007-05-30 13:00:00,7,5,30,13,0,430,41,"20, LYON (ROUTE DE)",,,Plein jour,En agglomération,Hors intersection,Normale,Sans collision,,,,,,,,,,,1,2,1,1,7
200700028537,0007-05-11 14:30:00,7,5,11,14,30,440,55,LATTRE DE TASSIGNY ( AVE,,,Plein jour,En agglomération,Hors intersection,Normale,Autre collision,,,,,,,,,,,1,2,1,1,6
200700028538,0007-05-17 13:25:00,7,5,17,13,25,440,55,"69, LATTRE DE TASSIGNY (",,,Plein jour,En agglomération,Hors intersection,Normale,Autre collision,,,,,,,,,,,1,2,1,1,6
200700028539,0007-05-14 21:20:00,7,5,14,21,20,440,132,GRANDS CHAMPS (CHEMIN DE,,,Crépuscule ou aube,En agglomération,Hors intersection,Normale,Autre collision,,,,,,,,,,,2,2,1,1,6
200700028540,0007-05-01 22:00:00,7,5,1,22,0,440,109,BOULEVARD VICTOR HUGO,,,Nuit avec éclairage allumé,En agglomération,Giratoire,Pluie forte,Autre collision,,,,,,,,,,,5,2,6,3,6
200700028541,0007-05-02 14:25:00,7,5,2,14,25,440,109,"5, RUE GUILLAUME GROOTAE",,,Plein jour,En agglomération,Intersection en T,Normale,Autre collision,,,,,,,,,,,1,2,3,1,6
200700028542,0007-05-02 17:30:00,7,5,2,17,30,440,109,RUE JEAN BAPTISTE CHARDI,,,Plein jour,En agglomération,Hors intersection,Normale,Autre collision,,,,,,,,,,,1,2,1,1,6
200700028543,0007-05-02 11:40:00,7,5,2,11,40,440,109,"89, BOULEVARD DES ANGLAI",,,Plein jour,En agglomération,Hors intersection,Normale,Deux véhicules - arrière,,,,,,,,,,,1,2,1,1,2
200700028544,0007-05-03 09:10:00,7,5,3,9,10,440,109,"95, RUE DE LA GARDE",,,Plein jour,En agglomération,Hors intersection,Normale,Autre collision,,,,,,,,,,,1,2,1,1,6
200700028545,0007-05-03 19:50:00,7,5,3,19,50,440,109,"11 bis, BOULEVARD DE STA",,,Plein jour,En agglomération,Hors intersection,Normale,Autre collision,,,,,,,,,,,1,2,1,1,6
200700028546,0007-05-04 16:40:00,7,5,4,16,40,440,109,BOULEVARD ALEXANDER FLEM,,,Plein jour,Hors agglomération,Hors intersection,Normale,Deux véhicules - côté,,,,,,,,,,,1,1,1,1,3
200700028547,0007-05-04 19:40:00,7,5,4,19,40,440,109,"11, RUE DE LA BRASSERIE",,,Plein jour,En agglomération,Hors intersection,Normale,Deux véhicules - arrière,,,,,,,,,,,1,2,1,1,2
200700028548,0007-05-06 00:10:00,7,5,6,0,10,440,109,BOULEVARD LEON JOUHAUX,,,Nuit avec éclairage allumé,En agglomération,Hors intersection,Normale,Autre collision,,,,,,,,,,,5,2,1,1,6
200700028549,0007-05-06 17:25:00,7,5,6,17,25,440,162,"27, RUE DE LA GAROTTERIE",,,Plein jour,En agglomération,Hors intersection,Normale,Deux véhicules - côté,,,,,,,,,,,1,2,1,1,3
200700028550,0007-05-05 00:40:00,7,5,5,0,40,440,114,RUE DU CENS,,,Nuit avec éclairage allumé,Hors agglomération,Hors intersection,Normale,Deux véhicules - côté,,,,,,,,,,,5,1,1,1,3
200700028551,0007-05-04 10:30:00,7,5,4,10,30,440,143,"8, AVENUE LOUISE MICHEL",,,Plein jour,En agglomération,Hors intersection,Normale,Autre collision,,,,,,,,,,,1,2,1,1,6
200700028552,0007-05-07 18:40:00,7,5,7,18,40,440,109,RUE ROMAIN ROLLAND,,,Plein jour,En agglomération,Hors intersection,Normale,Deux véhicules - arrière,,,,,,,,,,,1,2,1,1,2
200700028553,0007-05-08 00:20:00,7,5,8,0,20,440,109,"6 bis, RUE DE LA GARE DE",,,Nuit avec éclairage allumé,En agglomération,Intersection en T,Pluie légère,Autre collision,,,,,,,,,,,5,2,3,2,6
200700028554,0007-05-08 21:10:00,7,5,8,21,10,440,109,"196, BOULEVARD ROBERT SC",,,Nuit avec éclairage allumé,En agglomération,Hors intersection,Pluie légère,Deux véhicules - côté,,,,,,,,,,,5,2,1,2,3
200700028555,0007-05-09 12:10:00,7,5,9,12,10,440,109,"1, BOULEVARD DU MANOIR S",,,Plein jour,En agglomération,Hors intersection,Normale,Deux véhicules - arrière,,,,,,,,,,,1,2,1,1,2
200700028556,0007-05-09 17:50:00,7,5,9,17,50,440,109,ROUTE DE VANNES,,,Plein jour,En agglomération,Hors intersection,Normale,Deux véhicules - arrière,,,,,,,,,,,1,2,1,1,2
200700028557,0007-05-05 19:45:00,7,5,5,19,45,440,162,"0, RUE DU CONGO",,,Plein jour,En agglomération,Hors intersection,Normale,Deux véhicules - côté,,,,,,,,,,,1,2,1,1,3
200700028558,0007-05-04 21:40:00,7,5,4,21,40,440,109,RUE DE STRASBOURG,,,Nuit avec éclairage non allumé,En agglomération,Intersection en X,Normale,Autre collision,,,,,,,,,,,4,2,2,1,6
200700028559,0007-05-13 12:05:00,7,5,13,12,5,440,109,RUE PAUL BELLAMY,,,Plein jour,Hors agglomération,Hors intersection,Pluie forte,Deux véhicules - arrière,,,,,,,,,,,1,1,1,3,2
200700028560,0007-05-13 12:40:00,7,5,13,12,40,440,109,RUE DE GESVRES,,,Plein jour,En agglomération,Hors intersection,Pluie légère,Autre collision,,,,,,,,,,,1,2,1,2,6
200700028561,0007-05-13 16:45:00,7,5,13,16,45,440,109,"00, BOULEVARD JOSEPH BOU",,,Plein jour,En agglomération,Hors intersection,Pluie forte,Trois véhicules et plus - en chaîne,,,,,,,,,,,1,2,1,3,4
200700028562,0007-05-12 09:50:00,7,5,12,9,50,440,109,ROUTE DE RENNES,,,Plein jour,En agglomération,Intersection en T,Temps couvert,Autre collision,,,,,,,,,,,1,2,3,8,6
200700028563,0007-05-14 09:15:00,7,5,14,9,15,440,109,"1, RUE EDMOND BIRE",,,Plein jour,En agglomération,Intersection en X,Temps couvert,Autre collision,,,,,,,,,,,1,2,2,8,6
200700028564,0007-05-11 11:30:00,7,5,11,11,30,440,190,BOULEVARD DES PAS ENCHAN,,,Plein jour,En agglomération,Hors intersection,Normale,Autre collision,,,,,,,,,,,1,2,1,1,6
200700028565,0007-05-16 12:25:00,7,5,16,12,25,440,109,"1, PLACE DES GARENNES",,,Plein jour,En agglomération,Intersection en T,Normale,Deux véhicules - côté,,,,,,,,,,,1,2,3,1,3
200700028566,0007-05-12 18:20:00,7,5,12,18,20,440,143,AVENUE ANDRE MALRAUX,,,Plein jour,En agglomération,Giratoire,Normale,Autre collision,,,,,,,,,,,1,2,6,1,6
200700028567,0007-05-12 12:15:00,7,5,12,12,15,440,190,"9, RUE ALEXANDRE FOURNY",,,Plein jour,En agglomération,Hors intersection,Autre,Autre collision,,,,,,,,,,,1,2,1,9,6
200700028568,0007-05-16 13:25:00,7,5,16,13,25,440,109,PERIPHERIQUE,,,Plein jour,Hors agglomération,Hors intersection,Normale,Autre collision,,,,,,,,,,,1,1,1,1,6
200700028569,0007-05-16 05:00:00,7,5,16,5,0,440,143,ROND-POINT RAYMOND CAILL,,,Nuit avec éclairage allumé,En agglomération,Giratoire,Pluie légère,Autre collision,,,,,,,,,,,5,2,6,2,6
200700028570,0007-05-18 20:30:00,7,5,18,20,30,440,109,"10, BD MARTYRS N. DE LA",,,Plein jour,En agglomération,Autre intersection,Normale,Autre collision,,,,,,,,,,,1,2,9,1,6
200700028571,0007-05-14 09:15:00,7,5,14,9,15,440,162,"329, ROUTE DE VANNES",,,Plein jour,En agglomération,Hors intersection,Pluie légère,Autre collision,,,,,,,,,,,1,2,1,2,6
200700028572,0007-05-21 19:05:00,7,5,21,19,5,440,109,RUE FOURE,,,Plein jour,En agglomération,Intersection en X,Pluie légère,Deux véhicules - côté,,,,,,,,,,,1,2,2,2,3
200700028573,0007-05-23 18:30:00,7,5,23,18,30,440,109,"00, RUE DE LA VILLE AUX",,,Plein jour,En agglomération,Autre intersection,Normale,Autre collision,,,,,,,,,,,1,2,9,1,6
200700028574,0007-05-22 08:30:00,7,5,22,8,30,440,143,BLORDIERE (RUE DE LA),,,Plein jour,En agglomération,Intersection en T,Normale,Deux véhicules - côté,,,,,,,,,,,1,2,3,1,3
200700028575,0007-05-24 13:45:00,7,5,24,13,45,440,162,"1, BOULEVARD CHARLES DE",,,Plein jour,Hors agglomération,Hors intersection,Normale,Deux véhicules - côté,,,,,,,,,,,1,1,1,1,3
200700028576,0007-05-24 10:00:00,7,5,24,10,0,440,190,RUE MARIE CURIE,,,Plein jour,En agglomération,Hors intersection,Normale,Autre collision,,,,,,,,,,,1,2,1,1,6
200700028577,0007-05-24 14:30:00,7,5,24,14,30,440,109,"., BOULEVARD DE LA PRAIR",,,Plein jour,En agglomération,Hors intersection,Normale,Deux véhicules - arrière,,,,,,,,,,,1,2,1,1,2
200700028578,0007-05-24 10:05:00,7,5,24,10,5,440,162,"0, AVENUE DES THEBAUDIER",,,Plein jour,En agglomération,Hors intersection,Normale,Deux véhicules - côté,,,,,,,,,,,1,2,1,1,3
200700028579,0007-05-23 16:55:00,7,5,23,16,55,440,114,RD 75,,,Plein jour,En agglomération,Hors intersection,Normale,Deux véhicules - côté,,,,,,,,,,,1,2,1,1,3
200700028580,0007-05-25 12:00:00,7,5,25,12,0,440,109,"53, RUE GENERAL BUAT",,,Plein jour,En agglomération,Hors intersection,Normale,Deux véhicules - côté,,,,,,,,,,,1,2,1,1,3
200700028581,0007-05-25 16:35:00,7,5,25,16,35,440,190,RUE DU GENERAL DE GAULLE,,,Plein jour,Hors agglomération,Hors intersection,Normale,Autre collision,,,,,,,,,,,1,1,1,1,6
200700028582,0007-05-24 16:05:00,7,5,24,16,5,440,190,RUE ROBERT DOUINEAU,,,Plein jour,En agglomération,Intersection en X,Normale,Deux véhicules - côté,,,,,,,,,,,1,2,2,1,3
200700028583,0007-05-24 20:20:00,7,5,24,20,20,440,143,BRECHES (RUE DES ),,,Plein jour,En agglomération,Hors intersection,Normale,Autre collision,,,,,,,,,,,1,2,1,1,6
200700028584,0007-05-29 09:20:00,7,5,29,9,20,440,109,RUE CASIMIR PERIER,,,Plein jour,En agglomération,Intersection en T,Normale,Autre collision,,,,,,,,,,,1,2,3,1,6
200700028585,0007-05-29 15:55:00,7,5,29,15,55,440,109,"1, RUE DU JAMET",,,Plein jour,En agglomération,Intersection en T,Normale,Deux véhicules - côté,,,,,,,,,,,1,2,3,1,3
200700028586,0007-05-29 18:54:00,7,5,29,18,54,440,109,"12, BOULEVARD DE LA PRAI",,,Plein jour,En agglomération,Hors intersection,Normale,Deux véhicules - côté,,,,,,,,,,,1,2,1,1,3
200700028587,0007-05-29 22:20:00,7,5,29,22,20,440,109,COURS JOHN KENNEDY,,,Nuit avec éclairage allumé,En agglomération,Giratoire,Normale,Autre collision,,,,,,,,,,,5,2,6,1,6
200700028588,0007-05-29 08:15:00,7,5,29,8,15,440,109,RUE STENDHAL,,,Plein jour,En agglomération,Intersection en X,Normale,Deux véhicules - côté,,,,,,,,,,,1,2,2,1,3
200700028589,0007-05-30 08:20:00,7,5,30,8,20,440,109,ROUTE DE RENNES,,,Plein jour,En agglomération,Hors intersection,Pluie légère,Autre collision,,,,,,,,,,,1,2,1,2,6
200700028590,0007-05-31 11:55:00,7,5,31,11,55,440,109,"00, COURS FRANKLIN ROOSE",,,Plein jour,En agglomération,Hors intersection,Pluie forte,Autre collision,,,,,,,,,,,1,2,1,3,6
200700028591,0007-05-31 14:20:00,7,5,31,14,20,440,109,PERIPHERIQUE,,,Plein jour,Hors agglomération,Autre intersection,Autre,Autre collision,,,,,,,,,,,1,1,9,9,6
200700028592,0007-05-29 18:45:00,7,5,29,18,45,440,162,"1, PLACE PIERRE MENDES F",,,Plein jour,En agglomération,Hors intersection,Temps couvert,Autre collision,,,,,,,,,,,1,2,1,8,6
200700028593,0007-05-29 18:00:00,7,5,29,18,0,440,190,RUE DES BIGNONS,,,Plein jour,En agglomération,Hors intersection,Normale,Deux véhicules - arrière,,,,,,,,,,,1,2,1,1,2
200700028594,0007-05-04 16:45:00,7,5,4,16,45,440,184,CAMUS (RUE ALBERT),,,Plein jour,En agglomération,Intersection en T,Normale,Sans collision,,,,,,,,,,,1,2,3,1,7
200700028595,0007-05-05 18:25:00,7,5,5,18,25,440,184,COMMANDIERES (CHEMIN DES,,,Plein jour,En agglomération,Intersection en X,Normale,Autre collision,,,,,,,,,,,1,2,2,1,6
200700028596,0007-05-07 11:47:00,7,5,7,11,47,440,184,"83, FRÉCHETS (ROUTE DES)",,,Plein jour,En agglomération,Hors intersection,Normale,Deux véhicules - arrière,,,,,,,,,,,1,2,1,1,2
200700028597,0007-05-09 08:20:00,7,5,9,8,20,440,184,"38, AUBINAIS (ROUTE DES)",,,Plein jour,En agglomération,Hors intersection,Normale,Deux véhicules - côté,,,,,,,,,,,1,2,1,1,3
200700028598,0007-05-09 17:35:00,7,5,9,17,35,440,184,"28, WILSON (BOULEVARD DU",,,Plein jour,En agglomération,Hors intersection,Normale,Autre collision,,,,,,,,,,,1,2,1,1,6
200700028599,0007-05-11 08:40:00,7,5,11,8,40,440,184,VOLTAIRE (RUE),,,Plein jour,En agglomération,Intersection en X,Normale,Deux véhicules - côté,,,,,,,,,,,1,2,2,1,3
200700028600,0007-05-11 11:20:00,7,5,11,11,20,440,184,"73, GAUTIER (RUE HENRI)",,,Plein jour,En agglomération,Hors intersection,Normale,Deux véhicules - arrière,,,,,,,,,,,1,2,1,1,2
200700028601,0007-05-14 08:40:00,7,5,14,8,40,440,184,"1, CÔTE D'AMOUR (RTE DE",,,Plein jour,En agglomération,Intersection en X,Normale,Trois véhicules et plus - collisions multiples,,,,,,,,,,,1,2,2,1,5
200700028602,0007-05-16 11:20:00,7,5,16,11,20,440,184,TRAICT (RUE DU),,,Plein jour,En agglomération,Intersection en X,Normale,Deux véhicules - côté,,,,,,,,,,,1,2,2,1,3
200700028603,0007-05-21 18:20:00,7,5,21,18,20,440,184,"13, AJONCS (RUE DES)",,,Plein jour,En agglomération,Hors intersection,Normale,Deux véhicules - frontale,,,,,,,,,,,1,2,1,1,1
200700028604,0007-05-22 09:20:00,7,5,22,9,20,440,184,"78, POINT DU JOUR (ROUTE",,,Plein jour,Hors agglomération,Intersection en X,Normale,Deux véhicules - côté,,,,,,,,,,,1,1,2,1,3
200700028605,0007-05-23 13:05:00,7,5,23,13,5,440,184,"250, LAENNEC (BD DU DR R",,,Plein jour,En agglomération,Hors intersection,Normale,Deux véhicules - arrière,,,,,,,,,,,1,2,1,1,2
200700028606,0007-05-03 16:10:00,7,5,3,16,10,440,184,POINT DU JOUR (ROUTE DU),,,Plein jour,Hors agglomération,Intersection en X,Normale,Deux véhicules - arrière,,,,,,,,,,,1,1,2,1,2
200700028607,0007-05-15 16:45:00,7,5,15,16,45,450,208,JAURES (RUE JEAN),,,Plein jour,En agglomération,Intersection en X,Normale,Deux véhicules - côté,,,,,,,,,,,1,2,2,1,3
200700028608,0007-05-16 23:35:00,7,5,16,23,35,450,208,"80/82, DEPORTES ET INTER",,,Nuit avec éclairage allumé,En agglomération,Hors intersection,Pluie légère,Autre collision,,,,,,,,,,,5,2,1,2,6
200700028609,0007-05-22 10:45:00,7,5,22,10,45,450,338,"14, LIBERATION (RUE DE L",,,Plein jour,En agglomération,Hors intersection,Normale,Sans collision,,,,,,,,,,,1,2,1,1,7
200700028610,0007-05-26 03:18:00,7,5,26,3,18,450,4,"535, GROS MOULIN (RUE DU",,,Nuit avec éclairage allumé,En agglomération,Hors intersection,Normale,Autre collision,,,,,,,,,,,5,2,1,1,6
200700028611,0007-05-01 01:45:00,7,5,1,1,45,450,234,PERRAULT (RUE CHARLES),,,Nuit avec éclairage allumé,En agglomération,Intersection en X,Pluie légère,Deux véhicules - côté,,,,,,,,,,,5,2,2,2,3
200700028612,0007-05-01 18:15:00,7,5,1,18,15,450,286,"26, BALLON (RUE DU BALLO",,,Plein jour,En agglomération,Hors intersection,Normale,Deux véhicules - frontale,,,,,,,,,,,1,2,1,1,1
200700028613,0007-05-06 12:30:00,7,5,6,12,30,450,169,"15, CHAMPS (RUE DES BAS)",,,Plein jour,En agglomération,Hors intersection,Normale,Deux véhicules - arrière,,,,,,,,,,,1,2,1,1,2
200700028614,0007-05-03 16:00:00,7,5,3,16,0,450,147,"156 bis, BERTHELOT (RUE",,,Plein jour,En agglomération,Hors intersection,Normale,Deux véhicules - côté,,,,,,,,,,,1,2,1,1,3