accident_id,datetime,annee,mois,jour,heure,minute,departement,commune_insee,adresse,latitude,longitude,luminosite,agglomeration,intersection,meteo,collision,nb_vehicules,nb_usagers,nb_indemnes,nb_tues,nb_blesses_hosp,nb_blesses_legers,age_cond_1,age_cond_2,veh_type_cond_1,veh_type_cond_2,lum_code,agg_code,int_code,atm_code,col_code
200700028750,0007-05-04 13:45:00,7,5,4,13,45,530,130,RN 162,,,Plein jour,Hors agglomération,Giratoire,Normale,Autre collision,,,,,,,,,,,1,1,6,1,6
200700028751,0007-05-05 18:00:00,7,5,5,18,0,540,263,"25, ANTOINE SABOURET (RU",,,Plein jour,En agglomération,Hors intersection,Temps éblouissant,Autre collision,,,,,,,,,,,1,2,1,7,6
200700028752,0007-05-09 10:30:00,7,5,9,10,30,540,280,"119, FRANCHEPRE (RUE DE)",,,Plein jour,En agglomération,Intersection en T,Temps couvert,Autre collision,,,,,,,,,,,1,2,3,8,6
200700028753,0007-05-29 08:45:00,7,5,29,8,45,540,263,HAUT DES TAPPES (rue du),,,Plein jour,En agglomération,Hors intersection,Pluie légère,Autre collision,,,,,,,,,,,1,2,1,2,6
200700028754,0007-05-21 16:30:00,7,5,21,16,30,540,254,52 (ROUTE NATIONALE),,,Plein jour,Hors agglomération,Hors intersection,Normale,Deux véhicules - arrière,,,,,,,,,,,1,1,1,1,2
200700028755,0007-05-17 03:25:00,7,5,17,3,25,540,329,"12, RUE EDMOND BRAUX",,,Nuit avec éclairage allumé,En agglomération,Hors intersection,Pluie forte,Deux véhicules - frontale,,,,,,,,,,,5,2,1,3,1
200700028756,0007-05-02 13:30:00,7,5,2,13,30,540,395,"1, LAXOU (RUE DE)",,,Plein jour,En agglomération,Intersection en X,Normale,Deux véhicules - côté,,,,,,,,,,,1,2,2,1,3
200700028757,0007-05-02 16:40:00,7,5,2,16,40,540,395,"14, OBERLIN (RUE)",,,Plein jour,En agglomération,Hors intersection,Normale,Autre collision,,,,,,,,,,,1,2,1,1,6
200700028758,0007-05-02 18:30:00,7,5,2,18,30,540,547,"15, DOUMER (AVENUE PAUL)",,,Plein jour,Hors agglomération,Hors intersection,Normale,Autre collision,,,,,,,,,,,1,1,1,1,6
200700028759,0007-05-03 17:25:00,7,5,3,17,25,540,395,"1, MALZEVILLE (RUE ET SE",,,Plein jour,En agglomération,Intersection en X,Normale,Deux véhicules - côté,,,,,,,,,,,1,2,2,1,3
200700028760,0007-05-03 19:25:00,7,5,3,19,25,540,395,LECLERC (AV. DU GENERAL),,,Plein jour,En agglomération,Hors intersection,Normale,Autre collision,,,,,,,,,,,1,2,1,1,6
200700028761,0007-05-04 04:20:00,7,5,4,4,20,540,395,MOULIN (BOULEVARD JEAN),,,Nuit avec éclairage non allumé,Hors agglomération,Intersection en T,Normale,Deux véhicules - côté,,,,,,,,,,,4,1,3,1,3
200700028762,0007-05-04 07:30:00,7,5,4,7,30,540,184,"1, MOENCH (RUE CHRISTIAN",,,Plein jour,En agglomération,Intersection en X,Normale,Deux véhicules - côté,,,,,,,,,,,1,2,2,1,3
200700028763,0007-05-04 20:10:00,7,5,4,20,10,540,395,"1, MONTREVILLE (IMPASSE",,,Plein jour,En agglomération,Intersection en X,Normale,Deux véhicules - frontale,,,,,,,,,,,1,2,2,1,1
200700028764,0007-05-05 17:30:00,7,5,5,17,30,540,547,"1, CHARMOIS (RUE DU)",,,Plein jour,En agglomération,Hors intersection,Normale,Deux véhicules - arrière,,,,,,,,,,,1,2,1,1,2
200700028765,0007-05-06 19:35:00,7,5,6,19,35,540,395,"1, ARC (RUE JEANNE D' N°",,,Plein jour,En agglomération,Intersection en X,Normale,Deux véhicules - côté,,,,,,,,,,,1,2,2,1,3
200700028766,0007-05-08 17:05:00,7,5,8,17,5,540,395,"1, CARNOT (PLACE)",,,Plein jour,En agglomération,Intersection en X,Pluie légère,Deux véhicules - côté,,,,,,,,,,,1,2,2,2,3
200700028767,0007-05-09 10:25:00,7,5,9,10,25,540,395,"43, LECLERC (AV. DU GENE",,,Plein jour,En agglomération,Intersection en T,Normale,Autre collision,,,,,,,,,,,1,2,3,1,6
200700028768,0007-05-09 11:25:00,7,5,9,11,25,540,395,MARIN (VIADUC LOUIS),,,Plein jour,En agglomération,Hors intersection,Normale,Deux véhicules - côté,,,,,,,,,,,1,2,1,1,3
200700028769,0007-05-09 15:40:00,7,5,9,15,40,540,482,"126, CARNOT (AVENUE)",,,Plein jour,En agglomération,Hors intersection,Normale,Deux véhicules - arrière,,,,,,,,,,,1,2,1,1,2
200700028770,0007-05-09 17:15:00,7,5,9,17,15,540,578,"36, LAXOU (RUE DE)",,,Plein jour,En agglomération,Intersection en X,Normale,Autre collision,,,,,,,,,,,1,2,2,1,6
200700028771,0007-05-09 18:15:00,7,5,9,18,15,540,578,"1, TROIS EPIS (RUE DES)",,,Plein jour,En agglomération,Intersection en X,Normale,Deux véhicules - côté,,,,,,,,,,,1,2,2,1,3
200700028772,0007-05-09 17:00:00,7,5,9,17,0,540,547,"1, LECLERC (AVENUE DU GE",,,Plein jour,En agglomération,Hors intersection,Normale,Deux véhicules - côté,,,,,,,,,,,1,2,1,1,3
200700028773,0007-05-10 16:15:00,7,5,10,16,15,540,328,"1, CHAUDEAU (AVENUE DU)",,,Plein jour,En agglomération,Hors intersection,Normale,Autre collision,,,,,,,,,,,1,2,1,1,6
200700028774,0007-05-10 17:00:00,7,5,10,17,0,540,547,GEMBLOUX (RUE DE),,,Plein jour,En agglomération,Intersection en T,Normale,Autre collision,,,,,,,,,,,1,2,3,1,6
200700028775,0007-05-13 16:00:00,7,5,13,16,0,540,578,"11, HAUT DE LA TAYE (RUE",,,Plein jour,En agglomération,Autre intersection,Normale,Deux véhicules - côté,,,,,,,,,,,1,2,9,1,3
200700028776,0007-05-14 17:50:00,7,5,14,17,50,540,395,"2, BATAILLE (QUAI DE LA)",,,Plein jour,En agglomération,Intersection en X,Normale,Autre collision,,,,,,,,,,,1,2,2,1,6
200700028777,0007-05-15 09:05:00,7,5,15,9,5,540,395,"1, RAUGRAFF (RUE)",,,Plein jour,En agglomération,Intersection en X,Pluie légère,Deux véhicules - côté,,,,,,,,,,,1,2,2,2,3
200700028778,0007-05-16 09:50:00,7,5,16,9,50,540,578,"1, MALRAUX (AVENUE ANDRE",,,Plein jour,En agglomération,Intersection en T,Normale,Deux véhicules - arrière,,,,,,,,,,,1,2,3,1,2
200700028779,0007-05-16 15:10:00,7,5,16,15,10,540,395,NEY (RUE MICHEL),,,Plein jour,En agglomération,Intersection à plus de 4 branches,Normale,Autre collision,,,,,,,,,,,1,2,5,1,6
200700028780,0007-05-16 20:40:00,7,5,16,20,40,540,395,"1, VOSGES (PLACE DES)",,,Crépuscule ou aube,En agglomération,Hors intersection,Normale,Deux véhicules - côté,,,,,,,,,,,2,2,1,1,3
200700028781,0007-05-18 09:40:00,7,5,18,9,40,540,395,"14, LOUPS (RUE DES)",,,Plein jour,En agglomération,Intersection en T,Normale,Deux véhicules - arrière,,,,,,,,,,,1,2,3,1,2
200700028782,0007-05-18 10:10:00,7,5,18,10,10,540,395,"107, VINGTIEME CORPS (AV",,,Plein jour,En agglomération,Hors intersection,Normale,Deux véhicules - côté,,,,,,,,,,,1,2,1,1,3
200700028783,0007-05-18 14:05:00,7,5,18,14,5,540,395,"33, BAZIN (RUE HENRI) +",,,Plein jour,En agglomération,Intersection en T,Normale,Deux véhicules - côté,,,,,,,,,,,1,2,3,1,3
200700028784,0007-05-20 22:15:00,7,5,20,22,15,540,395,"28, MOLITOR (RUE)",,,Nuit avec éclairage allumé,En agglomération,Intersection en Y,Normale,Sans collision,,,,,,,,,,,5,2,4,1,7
200700028785,0007-05-21 17:15:00,7,5,21,17,15,540,395,CLEMENCEAU (BD GEORGES),,,Plein jour,En agglomération,Intersection en X,Normale,Deux véhicules - côté,,,,,,,,,,,1,2,2,1,3
200700028786,0007-05-23 09:15:00,7,5,23,9,15,540,165,"1, PAIN DE SUCRE (CHEMIN",,,Plein jour,Hors agglomération,Autre intersection,Normale,Autre collision,,,,,,,,,,,1,1,9,1,6
200700028787,0007-05-24 11:35:00,7,5,24,11,35,540,395,"248, LIBERATION (AVENUE",,,Plein jour,En agglomération,Intersection en X,Normale,Deux véhicules - côté,,,,,,,,,,,1,2,2,1,3
200700028788,0007-05-24 17:45:00,7,5,24,17,45,540,578,"34, LAXOU (RUE DE)",,,Plein jour,En agglomération,Hors intersection,Normale,Autre collision,,,,,,,,,,,1,2,1,1,6
200700028789,0007-05-25 13:30:00,7,5,25,13,30,540,547,"54, ARC (AVENUE JEANNE D",,,Plein jour,En agglomération,Hors intersection,Normale,Autre collision,,,,,,,,,,,1,2,1,1,6
200700028790,0007-05-25 17:10:00,7,5,25,17,10,540,274,"1, SONGEUR (RUE LEON)",,,Plein jour,En agglomération,Hors intersection,Normale,Deux véhicules - arrière,,,,,,,,,,,1,2,1,1,2
200700028791,0007-05-25 21:45:00,7,5,25,21,45,540,304,"1, VEZOUZE (RUE DE LA)",,,Crépuscule ou aube,En agglomération,Hors intersection,Normale,Autre collision,,,,,,,,,,,2,2,1,1,6
200700028792,0007-05-25 21:50:00,7,5,25,21,50,540,274,BARRES (Rue Maurice),,,Nuit avec éclairage allumé,En agglomération,Intersection en X,Normale,Deux véhicules - côté,,,,,,,,,,,5,2,2,1,3
200700028793,0007-05-26 02:50:00,7,5,26,2,50,540,395,"1, ARC (RUE JEANNE D' N°",,,Nuit sans éclairage public,En agglomération,Intersection en X,Normale,Deux véhicules - côté,,,,,,,,,,,3,2,2,1,3
200700028794,0007-05-26 12:30:00,7,5,26,12,30,540,265,RD 570,,,Plein jour,Hors agglomération,Hors intersection,Normale,Sans collision,,,,,,,,,,,1,1,1,1,7
200700028795,0007-05-27 08:50:00,7,5,27,8,50,540,439,"1, MAIX (CHEMIN DES)",,,Plein jour,En agglomération,Intersection en X,Pluie légère,Deux véhicules - côté,,,,,,,,,,,1,2,2,2,3
200700028796,0007-05-29 08:25:00,7,5,29,8,25,540,339,"43, REPUBLIQUE (RUE DE L",,,Plein jour,En agglomération,Intersection en X,Pluie légère,Autre collision,,,,,,,,,,,1,2,2,2,6
200700028797,0007-05-29 18:35:00,7,5,29,18,35,540,482,"56, GAMBETTA (RUE)",,,Plein jour,En agglomération,Intersection en X,Normale,Autre collision,,,,,,,,,,,1,2,2,1,6
200700028798,0007-05-30 08:22:00,7,5,30,8,22,540,395,"1, TIERCELINS (RUE DES)",,,Plein jour,En agglomération,Intersection en T,Normale,Deux véhicules - côté,,,,,,,,,,,1,2,3,1,3
200700028799,0007-05-30 16:40:00,7,5,30,16,40,540,395,MOTHE (RUE DE LA),,,Plein jour,En agglomération,Hors intersection,Normale,Autre collision,,,,,,,,,,,1,2,1,1,6
200700028800,0007-05-30 17:40:00,7,5,30,17,40,540,395,"1, MANGIN (AVENUE DU GEN",,,Plein jour,En agglomération,Hors intersection,Normale,Sans collision,,,,,,,,,,,1,2,1,1,7
200700028801,0007-05-31 12:25:00,7,5,31,12,25,540,395,"52, BROT (RUE MARCEL)",,,Plein jour,En agglomération,Hors intersection,Normale,Deux véhicules - côté,,,,,,,,,,,1,2,1,1,3
200700028802,0007-05-31 17:15:00,7,5,31,17,15,540,547,"20, JONQUILLES (AVENUE D",,,Plein jour,En agglomération,Hors intersection,Normale,Autre collision,,,,,,,,,,,1,2,1,1,6
200700028803,0007-05-09 06:40:00,7,5,9,6,40,540,79,CLAUDE (AVENUE VICTOR),,,Plein jour,En agglomération,Hors intersection,Pluie légère,Deux véhicules - frontale,,,,,,,,,,,1,2,1,2,1
200700028804,0007-05-13 10:45:00,7,5,13,10,45,540,431,RD 910 BIS (ROCADE DE LI,,,Plein jour,En agglomération,Intersection en T,Normale,Deux véhicules - côté,,,,,,,,,,,1,2,3,1,3
200700028805,0007-05-30 13:10:00,7,5,30,13,10,540,431,RD 910 LESMENILS,,,Plein jour,Hors agglomération,Hors intersection,Normale,Deux véhicules - frontale,,,,,,,,,,,1,1,1,1,1
200700028806,0007-05-01 16:40:00,7,5,1,16,40,540,528,GENERAL BIGEARD (AVENUE),,,Plein jour,En agglomération,Intersection en X,Normale,Deux véhicules - côté,,,,,,,,,,,1,2,2,1,3
200700028807,0007-05-16 22:00:00,7,5,16,22,0,540,528,TRAITS LA VILLE,,,Crépuscule ou aube,En agglomération,Intersection en X,Normale,Deux véhicules - côté,,,,,,,,,,,2,2,2,1,3
200700028808,0007-05-11 08:30:00,7,5,11,8,30,540,528,ETATS UNIS (DES),,,Plein jour,En agglomération,Intersection en X,Normale,Deux véhicules - côté,,,,,,,,,,,1,2,2,1,3
200700028809,0007-05-14 08:25:00,7,5,14,8,25,540,528,"22, PINTEVILLE (BOULEVAR",,,Plein jour,En agglomération,Hors intersection,Pluie légère,Autre collision,,,,,,,,,,,1,2,1,2,6
200700028810,0007-05-02 18:45:00,7,5,2,18,45,540,575,NATIONALE 52 (ROUTE),,,Plein jour,Hors agglomération,Hors intersection,Normale,Sans collision,,,,,,,,,,,1,1,1,1,7
200700028811,0007-05-11 12:40:00,7,5,11,12,40,550,302,"12, RN135",,,Plein jour,En agglomération,Hors intersection,Normale,Sans collision,,,,,,,,,,,1,2,1,1,7
200700028812,0007-05-14 11:05:00,7,5,14,11,5,550,29,"70, SAINT MIHIEL ( RUE D",,,Plein jour,En agglomération,Autre intersection,Normale,Deux véhicules - arrière,,,,,,,,,,,1,2,9,1,2
200700028813,0007-05-18 17:40:00,7,5,18,17,40,550,29,MARIZIER ( BOULEVARD ),,,Plein jour,En agglomération,Hors intersection,Normale,Sans collision,,,,,,,,,,,1,2,1,1,7
200700028814,0007-05-24 11:50:00,7,5,24,11,50,550,29,"59, ROCHELLE ( BOULEVARD",,,Plein jour,En agglomération,Intersection en X,Normale,Autre collision,,,,,,,,,,,1,2,2,1,6
200700028815,0007-05-30 14:50:00,7,5,30,14,50,550,29,"9, EXELMANS ( PLACE )",,,Plein jour,En agglomération,Hors intersection,Normale,Autre collision,,,,,,,,,,,1,2,1,1,6
200700028816,0007-05-03 23:00:00,7,5,3,23,0,550,545,KENNEDY ( AVENUE DU PRES,,,Nuit avec éclairage non allumé,En agglomération,Intersection en T,Normale,Deux véhicules - frontale,,,,,,,,,,,4,2,3,1,1
200700028817,0007-05-16 19:20:00,7,5,16,19,20,550,236,CD 903,,,Plein jour,Hors agglomération,Hors intersection,Pluie légère,Deux véhicules - côté,,,,,,,,,,,1,1,1,2,3
200700028818,0007-05-16 19:30:00,7,5,16,19,30,550,236,CD 903,,,Plein jour,Hors agglomération,Hors intersection,Temps couvert,Deux véhicules - côté,,,,,,,,,,,1,1,1,8,3
200700028819,0007-05-21 13:50:00,7,5,21,13,50,550,545,VOIE SACREE,,,Plein jour,En agglomération,Hors intersection,Normale,Sans collision,,,,,,,,,,,1,2,1,1,7
200700028820,0007-05-02 18:40:00,7,5,2,18,40,560,107,"., LEROY QUERET (RUE DES",,,Plein jour,En agglomération,Intersection en T,Normale,Deux véhicules - côté,,,,,,,,,,,1,2,3,1,3
200700028821,0007-05-02 18:40:00,7,5,2,18,40,560,121,"., LE COUTALLER ( RUE JE",,,Plein jour,En agglomération,Hors intersection,Normale,Sans collision,,,,,,,,,,,1,2,1,1,7
200700028822,0007-05-03 13:15:00,7,5,3,13,15,560,121,"., CHAZELLES ( COURS LOU",,,Plein jour,En agglomération,Hors intersection,Normale,Autre collision,,,,,,,,,,,1,2,1,1,6
200700028823,0007-05-03 16:20:00,7,5,3,16,20,560,162,"., ROUTE DEPARTEMENTALE",,,Plein jour,Hors agglomération,Intersection en X,Normale,Deux véhicules - côté,,,,,,,,,,,1,1,2,1,3
200700028824,0007-05-04 12:15:00,7,5,4,12,15,560,121,"119, BLUM ( BD LEON )",,,Plein jour,En agglomération,Hors intersection,Normale,Autre collision,,,,,,,,,,,1,2,1,1,6
200700028825,0007-05-04 16:50:00,7,5,4,16,50,560,98,KERVIEC,,,Plein jour,En agglomération,Hors intersection,Normale,Trois véhicules et plus - collisions multiples,,,,,,,,,,,1,2,1,1,5
200700028826,0007-05-06 18:00:00,7,5,6,18,0,560,121,"., BELGIQUE (RUE  DE )",,,Plein jour,En agglomération,Hors intersection,Normale,Deux véhicules - arrière,,,,,,,,,,,1,2,1,1,2
200700028827,0007-05-07 22:39:00,7,5,7,22,39,560,98,"., ECHANGEUR RN 165",,,Nuit sans éclairage public,Hors agglomération,Hors intersection,Normale,Sans collision,,,,,,,,,,,3,1,1,1,7
200700028828,0007-05-09 11:00:00,7,5,9,11,0,560,121,"., ORADOUR SUR GLANE ( B",,,Plein jour,En agglomération,Hors intersection,Normale,Trois véhicules et plus - en chaîne,,,,,,,,,,,1,2,1,1,4
200700028829,0007-05-09 21:06:00,7,5,9,21,6,560,121,"12, ESNOULT-DES-CHATELET",,,Plein jour,En agglomération,Hors intersection,Normale,Deux véhicules - frontale,,,,,,,,,,,1,2,1,1,1
200700028830,0007-05-11 15:13:00,7,5,11,15,13,560,121,"03, ANTONY-FLEUR (RUE)",,,Plein jour,En agglomération,Hors intersection,Pluie forte,Sans collision,,,,,,,,,,,1,2,1,3,7
200700028831,0007-05-11 15:18:00,7,5,11,15,18,560,121,"01, CARNOT (RUE  LAZARE",,,Plein jour,En agglomération,Hors intersection,Pluie forte,Sans collision,,,,,,,,,,,1,2,1,3,7
200700028832,0007-05-12 00:05:00,7,5,12,0,5,560,83,"31, ALLENDE ( AV. PRES.",,,Nuit avec éclairage allumé,En agglomération,Hors intersection,Normale,Autre collision,,,,,,,,,,,5,2,1,1,6
200700028833,0007-05-15 09:47:00,7,5,15,9,47,560,121,"40, SVOB ( BOULEVARD EMM",,,Plein jour,En agglomération,Hors intersection,Pluie légère,Autre collision,,,,,,,,,,,1,2,1,2,6
200700028834,0007-05-21 16:16:00,7,5,21,16,16,560,98,"., LANN-SEVELIN (ROND PO",,,Plein jour,En agglomération,Giratoire,Normale,Deux véhicules - côté,,,,,,,,,,,1,2,6,1,3
200700028835,0007-05-16 21:45:00,7,5,16,21,45,560,162,"., LECLERC (RUE DU GENER",,,Nuit avec éclairage allumé,En agglomération,Intersection en X,Pluie légère,Deux véhicules - côté,,,,,,,,,,,5,2,2,2,3
200700028836,0007-05-17 17:19:00,7,5,17,17,19,560,162,"., ROUTE DEPARTEMENTALE",,,Plein jour,Hors agglomération,Hors intersection,Normale,Trois véhicules et plus - collisions multiples,,,,,,,,,,,1,1,1,1,5
200700028837,0007-05-19 20:00:00,7,5,19,20,0,560,98,"60, MASSE (RUE  VICTOR )",,,Plein jour,En agglomération,Hors intersection,Normale,Autre collision,,,,,,,,,,,1,2,1,1,6
200700028838,0007-05-20 06:27:00,7,5,20,6,27,560,121,"., NORMANDIE ( BD ET IMP",,,Nuit avec éclairage allumé,En agglomération,Intersection en T,Normale,Deux véhicules - côté,,,,,,,,,,,5,2,3,1,3
200700028839,0007-05-20 22:15:00,7,5,20,22,15,560,98,"., LANN-SEVELIN (ROND PO",,,Plein jour,En agglomération,Hors intersection,Normale,Deux véhicules - côté,,,,,,,,,,,1,2,1,1,3
200700028840,0007-05-22 19:55:00,7,5,22,19,55,560,121,"., ORADOUR SUR GLANE ( B",,,Plein jour,En agglomération,Hors intersection,Normale,Sans collision,,,,,,,,,,,1,2,1,1,7
200700028841,0007-05-22 18:19:00,7,5,22,18,19,560,98,"., PRESIDENT S. ALLENDE",,,Plein jour,En agglomération,Hors intersection,Normale,Sans collision,,,,,,,,,,,1,2,1,1,7
200700028842,0007-05-23 10:52:00,7,5,23,10,52,560,83,"02, LIBERATION ( AV. DE",,,Plein jour,En agglomération,Hors intersection,Normale,Autre collision,,,,,,,,,,,1,2,1,1,6
200700028843,0007-05-23 17:20:00,7,5,23,17,20,560,121,"., SANGNIER (RUE  MARC )",,,Plein jour,En agglomération,Hors intersection,Normale,Deux véhicules - arrière,,,,,,,,,,,1,2,1,1,2
200700028844,0007-05-25 09:05:00,7,5,25,9,5,560,121,"51, KERJULAUDE ( RUE DE",,,Plein jour,En agglomération,Hors intersection,Normale,Deux véhicules - côté,,,,,,,,,,,1,2,1,1,3
200700028845,0007-05-25 08:00:00,7,5,25,8,0,560,83,LIBERTE (RUE  DE LA ),,,Plein jour,En agglomération,Intersection en T,Normale,Deux véhicules - côté,,,,,,,,,,,1,2,3,1,3
200700028846,0007-05-21 21:20:00,7,5,21,21,20,560,107,KENNEDY (AVENUE DU PRESI,,,Plein jour,En agglomération,Hors intersection,Normale,Sans collision,,,,,,,,,,,1,2,1,1,7
200700028847,0007-05-27 17:40:00,7,5,27,17,40,560,121,"19, CHAZELLES ( COURS LO",,,Plein jour,En agglomération,Intersection en X,Pluie forte,Deux véhicules - côté,,,,,,,,,,,1,2,2,3,3
200700028848,0007-05-29 18:00:00,7,5,29,18,0,560,121,"14, NORMANDIE ( BD ET IM",,,Plein jour,En agglomération,Intersection en T,Normale,Deux véhicules - frontale,,,,,,,,,,,1,2,3,1,1
200700028849,0007-05-30 10:21:00,7,5,30,10,21,560,121,"., MONISTROL (RUE)",,,Plein jour,En agglomération,Intersection en X,Normale,Deux véhicules - côté,,,,,,,,,,,1,2,2,1,3
200700028850,0007-05-30 12:02:00,7,5,30,12,2,560,107,"., AR-MENEZ (RUE D')",,,Plein jour,En agglomération,Hors intersection,Normale,Deux véhicules - frontale,,,,,,,,,,,1,2,1,1,1
200700028851,0007-05-30 18:00:00,7,5,30,18,0,560,121,"43, JAURES ( AVE JEAN )",,,Plein jour,En agglomération,Hors intersection,Normale,Sans collision,,,,,,,,,,,1,2,1,1,7
200700028852,0007-05-21 10:00:00,7,5,21,10,0,560,260,"., MARCHAIS(PLACE MAURIC",,,Plein jour,En agglomération,Hors intersection,Pluie forte,Autre collision,,,,,,,,,,,1,2,1,3,6
200700028853,0007-05-25 07:40:00,7,5,25,7,40,560,260,"41, CHURCHILL(RUE WINSTO",,,Plein jour,En agglomération,Intersection en X,Normale,Deux véhicules - côté,,,,,,,,,,,1,2,2,1,3
200700028854,0007-05-03 11:45:00,7,5,3,11,45,560,260,"., RESISTANCE(BLD DE LA)",,,Plein jour,En agglomération,Hors intersection,Normale,Deux véhicules - arrière,,,,,,,,,,,1,2,1,1,2
200700028855,0007-05-05 13:19:00,7,5,5,13,19,560,260,"44, GUILLAUDOT(BOULEVARD",,,Plein jour,En agglomération,Hors intersection,Normale,Autre collision,,,,,,,,,,,1,2,1,1,6
200700028856,0007-05-09 11:40:00,7,5,9,11,40,560,260,"., ILES(GIRATOIRE DES)",,,Plein jour,En agglomération,Hors intersection,Normale,Sans collision,,,,,,,,,,,1,2,1,1,7
200700028857,0007-05-11 08:20:00,7,5,11,8,20,560,260,"., MARTIN(RUE JEAN)",,,Plein jour,En agglomération,Hors intersection,Pluie légère,Deux véhicules - frontale,,,,,,,,,,,1,2,1,2,1
200700028858,0007-05-19 17:30:00,7,5,19,17,30,560,260,"., GUILLAUDOT(BOULEVARD",,,Plein jour,En agglomération,Hors intersection,Normale,Sans collision,,,,,,,,,,,1,2,1,1,7
200700028859,0007-05-21 08:00:00,7,5,21,8,0,560,260,"., MARNE(AVENUE DE LA) L",,,Plein jour,En agglomération,Hors intersection,Normale,Autre collision,,,,,,,,,,,1,2,1,1,6
200700028860,0007-05-23 22:25:00,7,5,23,22,25,560,260,"28, CHURCHILL(RUE WINSTO",,,Nuit avec éclairage allumé,En agglomération,Intersection en T,Normale,Autre collision,,,,,,,,,,,5,2,3,1,6
200700028861,0007-05-26 10:50:00,7,5,26,10,50,560,260,"24, NICOLAZIC(RUE)",,,Plein jour,En agglomération,Hors intersection,Normale,Autre collision,,,,,,,,,,,1,2,1,1,6
200700028862,0007-05-30 10:45:00,7,5,30,10,45,560,260,"., PONTIVY(BOULEVARD DE)",,,Plein jour,En agglomération,Hors intersection,Pluie légère,Deux véhicules - arrière,,,,,,,,,,,1,2,1,2,2
200700028863,0007-05-09 11:47:00,7,5,9,11,47,570,227,"03, EGLISE(RUE DE L')",,,Plein jour,En agglomération,Place,Pluie légère,Deux véhicules - arrière,,,,,,,,,,,1,2,7,2,2
200700028864,0007-05-16 14:40:00,7,5,16,14,40,570,227,NATIONALE(RUE)R.DE LA CO,,,Plein jour,En agglomération,Hors intersection,Pluie légère,Deux véhicules - côté,,,,,,,,,,,1,2,1,2,3
200700028865,0007-05-21 15:05:00,7,5,21,15,5,570,660,HOLWEG (CHEMIN DU ),,,Plein jour,Hors agglomération,Hors intersection,Normale,Deux véhicules - frontale,,,,,,,,,,,1,1,1,1,1
200700028866,0007-05-30 16:50:00,7,5,30,16,50,570,253,"5, HASSEL (CHEMIN DU)",,,Plein jour,En agglomération,Hors intersection,Normale,Autre collision,,,,,,,,,,,1,2,1,1,6
200700028867,0007-05-01 11:15:00,7,5,1,11,15,570,463,"00, THIONVILLE (ROUTE DE",,,Plein jour,En agglomération,Hors intersection,Normale,Deux véhicules - côté,,,,,,,,,,,1,2,1,1,3
200700028868,0007-05-02 12:00:00,7,5,2,12,0,570,447,"01, 11EME D'AVIATION (RU",,,Plein jour,En agglomération,Intersection en T,Normale,Autre collision,,,,,,,,,,,1,2,3,1,6
200700028869,0007-05-04 09:45:00,7,5,4,9,45,570,463,"00, SOLIDARITE (BOULEVAR",,,Plein jour,En agglomération,Hors intersection,Normale,Autre collision,,,,,,,,,,,1,2,1,1,6
200700028870,0007-05-07 21:35:00,7,5,7,21,35,570,751,"00, THIONVILLE (AVENUE )",,,Nuit avec éclairage allumé,En agglomération,Giratoire,Pluie légère,Sans collision,,,,,,,,,,,5,2,6,2,7
200700028871,0007-05-08 23:20:00,7,5,8,23,20,570,447,"00, RD5b",,,Nuit sans éclairage public,En agglomération,Giratoire,Pluie légère,Sans collision,,,,,,,,,,,3,2,6,2,7
200700028872,0007-05-17 11:00:00,7,5,17,11,0,570,751,"00, THIONVILLE (AVENUE )",,,Plein jour,En agglomération,Hors intersection,Normale,Autre collision,,,,,,,,,,,1,2,1,1,6
200700028873,0007-05-19 19:00:00,7,5,19,19,0,570,463,"00, SEBASTOPOL (AVENUE D",,,Crépuscule ou aube,En agglomération,Hors intersection,Normale,Deux véhicules - côté,,,,,,,,,,,2,2,1,1,3
200700028874,0007-05-23 13:00:00,7,5,23,13,0,570,630,"0, BELLEVUE (DE)",,,Plein jour,En agglomération,Intersection en X,Normale,Trois véhicules et plus - collisions multiples,,,,,,,,,,,1,2,2,1,5
200700028875,0007-05-03 13:30:00,7,5,3,13,30,570,630,"41, CLEMENCEAU (AV)",,,Plein jour,En agglomération,Hors intersection,Normale,Autre collision,,,,,,,,,,,1,2,1,1,6
200700028876,0007-05-23 10:55:00,7,5,23,10,55,570,631,ACACIAS (RUE DES),,,Plein jour,En agglomération,Hors intersection,Temps couvert,Autre collision,,,,,,,,,,,1,2,1,8,6
200700028877,0007-05-01 13:50:00,7,5,1,13,50,570,672,SAINT-MICHEL (MONTEE DU),,,Plein jour,Hors agglomération,Hors intersection,Normale,Deux véhicules - arrière,,,,,,,,,,,1,1,1,1,2
200700028878,0007-05-02 16:35:00,7,5,2,16,35,570,672,"58, BEL AIR (ALLEE) - PA",,,Plein jour,En agglomération,Hors intersection,Normale,Autre collision,,,,,,,,,,,1,2,1,1,6
200700028879,0007-05-02 18:35:00,7,5,2,18,35,570,672,"0, VERDUN (RUE DE)",,,Plein jour,En agglomération,Hors intersection,Normale,Deux véhicules - côté,,,,,,,,,,,1,2,1,1,3
200700028880,0007-05-05 16:45:00,7,5,5,16,45,570,672,"0, TURENNE (PLACE)",,,Plein jour,En agglomération,Intersection en X,Normale,Deux véhicules - côté,,,,,,,,,,,1,2,2,1,3
200700028881,0007-05-08 01:30:00,7,5,8,1,30,570,672,CROIX-HEPICH (ROUTE DE L,,,Nuit sans éclairage public,Hors agglomération,Hors intersection,Pluie forte,Autre collision,,,,,,,,,,,3,1,1,3,6
200700028882,0007-05-06 10:35:00,7,5,6,10,35,570,306,"1, ECHANGEUR A 31",,,Plein jour,Hors agglomération,Hors intersection,Temps éblouissant,Deux véhicules - côté,,,,,,,,,,,1,1,1,7,3