accident_id,datetime,annee,mois,jour,heure,minute,departement,commune_insee,adresse,latitude,longitude,luminosite,agglomeration,intersection,meteo,collision,nb_vehicules,nb_usagers,nb_indemnes,nb_tues,nb_blesses_hosp,nb_blesses_legers,age_cond_1,age_cond_2,veh_type_cond_1,veh_type_cond_2,lum_code,agg_code,int_code,atm_code,col_code
200700028883,0007-05-09 14:40:00,7,5,9,14,40,570,672,"7, ESCH SUR ALZETTE (ROU",,,Plein jour,En agglomération,Hors intersection,Normale,Autre collision,,,,,,,,,,,1,2,1,1,6
200700028884,0007-05-16 10:15:00,7,5,16,10,15,570,672,SAINT-MICHEL (MONTEE DU),,,Plein jour,Hors agglomération,Hors intersection,Pluie forte,Autre collision,,,,,,,,,,,1,1,1,3,6
200700028885,0007-05-16 21:40:00,7,5,16,21,40,570,757,"25, GRAND'RUE",,,Nuit avec éclairage allumé,En agglomération,Hors intersection,Normale,Autre collision,,,,,,,,,,,5,2,1,1,6
200700028886,0007-05-17 13:10:00,7,5,17,13,10,570,672,METZ (ROUTE DE),,,Plein jour,En agglomération,Hors intersection,Normale,Deux véhicules - arrière,,,,,,,,,,,1,2,1,1,2
200700028887,0007-05-12 16:25:00,7,5,12,16,25,570,672,ROBERT SCHUMANN (BOULEVA,,,Plein jour,En agglomération,Hors intersection,Normale,Deux véhicules - frontale,,,,,,,,,,,1,2,1,1,1
200700028888,0007-05-19 07:15:00,7,5,19,7,15,570,672,"0, CLEMENCEAU (AVENUE) 1",,,Plein jour,En agglomération,Intersection en X,Pluie légère,Deux véhicules - côté,,,,,,,,,,,1,2,2,2,3
200700028889,0007-05-20 05:30:00,7,5,20,5,30,570,672,MONDORFF (ROUTE DE),,,Crépuscule ou aube,En agglomération,Intersection en X,Normale,Deux véhicules - côté,,,,,,,,,,,2,2,2,1,3
200700028890,0007-05-23 00:40:00,7,5,23,0,40,570,672,SAINT-MICHEL (MONTEE DU),,,Nuit sans éclairage public,Hors agglomération,Hors intersection,Normale,Autre collision,,,,,,,,,,,3,1,1,1,6
200700028891,0007-05-24 15:20:00,7,5,24,15,20,570,441,"0, GARCHE (ROUTE DE)",,,Plein jour,En agglomération,Hors intersection,Normale,Sans collision,,,,,,,,,,,1,2,1,1,7
200700028892,0007-05-24 17:00:00,7,5,24,17,0,570,757,ROOSEVELT (RUE DU PRESID,,,Plein jour,En agglomération,Intersection en T,Normale,Autre collision,,,,,,,,,,,1,2,3,1,6
200700028893,0007-05-25 09:05:00,7,5,25,9,5,570,441,"40, LUXEMBOURG (ROUTE DE",,,Plein jour,En agglomération,Hors intersection,Normale,Deux véhicules - côté,,,,,,,,,,,1,2,1,1,3
200700028894,0007-05-16 21:47:00,7,5,16,21,47,570,508,"1, CHAPELLE (RUE DE LA)",,,Nuit avec éclairage allumé,En agglomération,Hors intersection,Pluie légère,Deux véhicules - frontale,,,,,,,,,,,5,2,1,2,1
200700028895,0007-05-24 12:10:00,7,5,24,12,10,570,368,RIMMEL (RUE VICTOR),,,Plein jour,En agglomération,Hors intersection,Normale,Autre collision,,,,,,,,,,,1,2,1,1,6
200700028896,0007-05-27 16:20:00,7,5,27,16,20,570,306,"165, FOCH (RUE )",,,Plein jour,En agglomération,Hors intersection,Normale,Deux véhicules - arrière,,,,,,,,,,,1,2,1,1,2
200700028897,0007-05-26 03:05:00,7,5,26,3,5,570,672,ROBERT SCHUMANN (BOULEVA,,,Nuit avec éclairage allumé,En agglomération,Hors intersection,Normale,Sans collision,,,,,,,,,,,5,2,1,1,7
200700028898,0007-05-27 13:25:00,7,5,27,13,25,570,672,"0, DAUCHERIE (rue de la",,,Plein jour,En agglomération,Intersection en T,Normale,Deux véhicules - côté,,,,,,,,,,,1,2,3,1,3
200700028899,0007-05-14 17:05:00,7,5,14,17,5,580,194,"sans, GENERAL DE GAULLE",,,Plein jour,En agglomération,Hors intersection,Pluie forte,Sans collision,,,,,,,,,,,1,2,1,3,7
200700028900,0007-05-01 15:35:00,7,5,1,15,35,580,194,"sans, VICTOR HUGO (BOULE",,,Plein jour,En agglomération,Intersection en X,Normale,Deux véhicules - côté,,,,,,,,,,,1,2,2,1,3
200700028901,0007-05-01 14:10:00,7,5,1,14,10,580,194,"sans, JEAN MOULIN",,,Plein jour,En agglomération,Hors intersection,Normale,Deux véhicules - arrière,,,,,,,,,,,1,2,1,1,2
200700028902,0007-05-04 19:05:00,7,5,4,19,5,580,194,"27, PETIT MOUESSE",,,Plein jour,En agglomération,Hors intersection,Normale,Deux véhicules - côté,,,,,,,,,,,1,2,1,1,3
200700028903,0007-05-04 20:00:00,7,5,4,20,0,580,194,"sans, ROMAIN BARON",,,Plein jour,En agglomération,Hors intersection,Normale,Deux véhicules - arrière,,,,,,,,,,,1,2,1,1,2
200700028904,0007-05-08 00:30:00,7,5,8,0,30,580,194,"sans, ROMAIN BARON",,,Nuit avec éclairage allumé,En agglomération,Hors intersection,Pluie légère,Autre collision,,,,,,,,,,,5,2,1,2,6
200700028905,0007-05-10 09:00:00,7,5,10,9,0,580,194,"SANS, PIERRE DE COUBERTI",,,Plein jour,En agglomération,Hors intersection,Normale,Deux véhicules - arrière,,,,,,,,,,,1,2,1,1,2
200700028906,0007-05-14 17:50:00,7,5,14,17,50,580,194,"sans, MARECHAL LECLERC",,,Plein jour,En agglomération,Hors intersection,Normale,Sans collision,,,,,,,,,,,1,2,1,1,7
200700028907,0007-05-17 13:40:00,7,5,17,13,40,580,194,"178, GRAND MOUESSE (FAUB",,,Plein jour,En agglomération,Hors intersection,Pluie légère,Deux véhicules - arrière,,,,,,,,,,,1,2,1,2,2
200700028908,0007-05-19 17:40:00,7,5,19,17,40,580,194,"sans, LYON (FAUBOURG)",,,Plein jour,En agglomération,Hors intersection,Normale,Trois véhicules et plus - en chaîne,,,,,,,,,,,1,2,1,1,4
200700028909,0007-05-22 18:00:00,7,5,22,18,0,580,194,"sans, MARECHAL JUIN",,,Plein jour,En agglomération,Hors intersection,Normale,Deux véhicules - côté,,,,,,,,,,,1,2,1,1,3
200700028910,0007-05-22 10:50:00,7,5,22,10,50,580,194,"9, GRAND MOUESSE (FAUBOU",,,Plein jour,En agglomération,Hors intersection,Normale,Trois véhicules et plus - en chaîne,,,,,,,,,,,1,2,1,1,4
200700028911,0007-05-22 11:55:00,7,5,22,11,55,580,194,"sans, HENRI BOUQUILLARD",,,Plein jour,En agglomération,Hors intersection,Normale,Deux véhicules - côté,,,,,,,,,,,1,2,1,1,3
200700028912,0007-05-25 07:45:00,7,5,25,7,45,580,194,"sans, SAINT EXUPERY (BOU",,,Plein jour,En agglomération,Hors intersection,Normale,Deux véhicules - côté,,,,,,,,,,,1,2,1,1,3
200700028913,0007-05-26 11:35:00,7,5,26,11,35,580,194,"68, COLBERT",,,Plein jour,En agglomération,Hors intersection,Normale,Deux véhicules - arrière,,,,,,,,,,,1,2,1,1,2
200700028914,0007-05-03 07:25:00,7,5,3,7,25,590,143,KENNEDY (RUE DU PRESIDEN,,,Plein jour,Hors agglomération,Intersection en T,Normale,Deux véhicules - côté,,,,,,,,,,,1,1,3,1,3
200700028915,0007-05-03 12:30:00,7,5,3,12,30,590,17,NIEULLES (RUE DES ),,,Plein jour,En agglomération,Intersection en X,Normale,Deux véhicules - côté,,,,,,,,,,,1,2,2,1,3
200700028916,0007-05-18 16:50:00,7,5,18,16,50,590,17,"96, LEBLEU (RUE JULES )",,,Plein jour,En agglomération,Hors intersection,Normale,Autre collision,,,,,,,,,,,1,2,1,1,6
200700028917,0007-05-27 15:05:00,7,5,27,15,5,590,17,"1472, BLUM  (AVENUE LEON",,,Plein jour,En agglomération,Intersection en T,Pluie légère,Deux véhicules - côté,,,,,,,,,,,1,2,3,2,3
200700028918,0007-05-21 12:10:00,7,5,21,12,10,590,17,LAGRANGE (AVENUE LEO ),,,Plein jour,En agglomération,Giratoire,Normale,Autre collision,,,,,,,,,,,1,2,6,1,6
200700028919,0007-05-25 23:00:00,7,5,25,23,0,590,143,Bretelle Sortie  A25,,,Nuit avec éclairage allumé,Hors agglomération,Hors intersection,Normale,Deux véhicules - côté,,,,,,,,,,,5,1,1,1,3
200700028920,0007-05-23 19:50:00,7,5,23,19,50,590,68,"13, PONT DES MOINES (RUE",,,Plein jour,En agglomération,Autre intersection,Normale,Autre collision,,,,,,,,,,,1,2,9,1,6
200700028921,0007-05-26 00:35:00,7,5,26,0,35,590,344,"35, MARCEL RINGEVAL (RUE",,,Nuit avec éclairage allumé,En agglomération,Hors intersection,Normale,Autre collision,,,,,,,,,,,5,2,1,1,6
200700028922,0007-05-04 14:00:00,7,5,4,14,0,590,43,HAZEBROUCK (ROUTE),,,Plein jour,Hors agglomération,Intersection en X,Normale,Deux véhicules - côté,,,,,,,,,,,1,1,2,1,3
200700028923,0007-05-10 15:10:00,7,5,10,15,10,590,43,LEET (RUE DU),,,Plein jour,Hors agglomération,Intersection en X,Normale,Deux véhicules - côté,,,,,,,,,,,1,1,2,1,3
200700028924,0007-05-27 16:05:00,7,5,27,16,5,590,206,NAVES (ROUTE DE) OU DEPA,,,Plein jour,Hors agglomération,Intersection en X,Pluie légère,Deux véhicules - côté,,,,,,,,,,,1,1,2,2,3
200700028925,0007-05-06 00:15:00,7,5,6,0,15,590,361,JAURES (RES. JEAN),,,Nuit avec éclairage non allumé,En agglomération,Hors intersection,Normale,Trois véhicules et plus - collisions multiples,,,,,,,,,,,4,2,1,1,5
200700028926,0007-05-22 18:10:00,7,5,22,18,10,590,297,"31, JAURES (R. JEAN)",,,Plein jour,En agglomération,Hors intersection,Normale,Autre collision,,,,,,,,,,,1,2,1,1,6
200700028927,0007-05-23 19:05:00,7,5,23,19,5,590,361,", HUGO (R. VICTOR)",,,Plein jour,En agglomération,Hors intersection,Normale,Autre collision,,,,,,,,,,,1,2,1,1,6
200700028928,0007-05-02 09:35:00,7,5,2,9,35,590,172,TRARIEUX (R. LUDOVIC),,,Plein jour,En agglomération,Intersection en X,Normale,Deux véhicules - côté,,,,,,,,,,,1,2,2,1,3
200700028929,0007-05-27 19:55:00,7,5,27,19,55,590,205,"135, GRIFFON (R. MARCEL)",,,Plein jour,En agglomération,Autre intersection,Pluie forte,Deux véhicules - arrière,,,,,,,,,,,1,2,9,3,2
200700028930,0007-05-30 17:50:00,7,5,30,17,50,590,172,"., SALENGRO (R. ROGER)",,,Plein jour,En agglomération,Intersection en X,Normale,Deux véhicules - côté,,,,,,,,,,,1,2,2,1,3
200700028931,0007-05-02 20:10:00,7,5,2,20,10,590,654,"123, DUBOIS (RUE CELESTI",,,Plein jour,En agglomération,Hors intersection,Normale,Autre collision,,,,,,,,,,,1,2,1,1,6
200700028932,0007-05-15 08:32:00,7,5,15,8,32,590,178,THERY (RUE PAUL),,,Plein jour,En agglomération,Giratoire,Normale,Deux véhicules - frontale,,,,,,,,,,,1,2,6,1,1
200700028933,0007-05-26 21:00:00,7,5,26,21,0,590,28,LEBAS (RUE JEAN),,,Crépuscule ou aube,En agglomération,Hors intersection,Pluie forte,Deux véhicules - frontale,,,,,,,,,,,2,2,1,3,1
200700028934,0007-05-02 13:20:00,7,5,2,13,20,590,271,ALLENDE SALVADOR,,,Plein jour,En agglomération,Hors intersection,Normale,Deux véhicules - côté,,,,,,,,,,,1,2,1,1,3
200700028935,0007-05-01 04:25:00,7,5,1,4,25,590,183,"., LEUGHENAER",,,Nuit avec éclairage allumé,En agglomération,Intersection en X,Normale,Deux véhicules - côté,,,,,,,,,,,5,2,2,1,3
200700028936,0007-05-06 00:05:00,7,5,6,0,5,590,540,"315, REPUBLIQUE",,,Nuit avec éclairage allumé,En agglomération,Hors intersection,Normale,Deux véhicules - frontale,,,,,,,,,,,5,2,1,1,1
200700028937,0007-05-04 19:40:00,7,5,4,19,40,590,183,"., PETITE-SYNTHE CD 940",,,Plein jour,En agglomération,Hors intersection,Normale,Autre collision,,,,,,,,,,,1,2,1,1,6
200700028938,0007-05-12 14:05:00,7,5,12,14,5,590,183,"0.000, JEU DE MAIL",,,Plein jour,En agglomération,Hors intersection,Normale,Autre collision,,,,,,,,,,,1,2,1,1,6
200700028939,0007-05-16 13:55:00,7,5,16,13,55,590,183,"46, BAINS - AVENUE",,,Plein jour,En agglomération,Hors intersection,Normale,Autre collision,,,,,,,,,,,1,2,1,1,6
200700028940,0007-05-19 16:50:00,7,5,19,16,50,590,183,"0.000, RN 1",,,Plein jour,En agglomération,Hors intersection,Normale,Autre collision,,,,,,,,,,,1,2,1,1,6
200700028941,0007-05-19 21:00:00,7,5,19,21,0,590,155,"0.000, MALO CELESTIN",,,Crépuscule ou aube,En agglomération,Intersection en X,Normale,Deux véhicules - côté,,,,,,,,,,,2,2,2,1,3
200700028942,0007-05-24 09:10:00,7,5,24,9,10,590,183,"0.000, JEU DE MAIL",,,Plein jour,En agglomération,Intersection en T,Normale,Autre collision,,,,,,,,,,,1,2,3,1,6
200700028943,0007-05-25 18:50:00,7,5,25,18,50,590,155,"0.000, FURNES - ROUTE",,,Plein jour,En agglomération,Hors intersection,Normale,Deux véhicules - côté,,,,,,,,,,,1,2,1,1,3
200700028944,0007-05-25 22:35:00,7,5,25,22,35,590,155,"0.000, HUGO VICTOR",,,Nuit avec éclairage allumé,En agglomération,Intersection en T,Normale,Deux véhicules - côté,,,,,,,,,,,5,2,3,1,3
200700028945,0007-05-19 15:40:00,7,5,19,15,40,590,540,"0.000, AURORE - BOULEVAR",,,Plein jour,En agglomération,Hors intersection,Normale,Autre collision,,,,,,,,,,,1,2,1,1,6
200700028946,0007-05-25 16:15:00,7,5,25,16,15,590,540,"21, OIELLETS - ALLEE",,,Plein jour,En agglomération,Hors intersection,Normale,Deux véhicules - frontale,,,,,,,,,,,1,2,1,1,1
200700028947,0007-05-25 17:00:00,7,5,25,17,0,590,248,SUD - CONTOUR,,,Plein jour,En agglomération,Hors intersection,Normale,Deux véhicules - côté,,,,,,,,,,,1,2,1,1,3
200700028948,0007-05-30 19:00:00,7,5,30,19,0,590,588,"0.000, COUDEKERQUE - ROU",,,Plein jour,Hors agglomération,Hors intersection,Normale,Sans collision,,,,,,,,,,,1,1,1,1,7
200700028949,0007-05-12 20:55:00,7,5,12,20,55,590,659,"596590065, 964 ( DEPARTE",,,Plein jour,Hors agglomération,Autre intersection,Normale,Deux véhicules - côté,,,,,,,,,,,1,1,9,1,3
200700028950,0007-05-15 22:08:00,7,5,15,22,8,590,249,"28, GAMBETTA (RUE)",,,Nuit avec éclairage non allumé,En agglomération,Intersection en T,Pluie forte,Autre collision,,,,,,,,,,,4,2,3,3,6
200700028951,0007-05-03 14:15:00,7,5,3,14,15,590,378,"33, GUESDE JULES RUE",,,Plein jour,En agglomération,Hors intersection,Normale,Autre collision,,,,,,,,,,,1,2,1,1,6
200700028952,0007-05-01 11:00:00,7,5,1,11,0,590,350,"9, SARRAZINS RUE",,,Plein jour,En agglomération,Hors intersection,Normale,Autre collision,,,,,,,,,,,1,2,1,1,6
200700028953,0007-05-01 19:20:00,7,5,1,19,20,590,368,"38, KLEBER RUE",,,Plein jour,En agglomération,Intersection en X,Normale,Autre collision,,,,,,,,,,,1,2,2,1,6
200700028954,0007-05-01 19:55:00,7,5,1,19,55,590,368,"263 Bis, REPUBLIQUE AVEN",,,Crépuscule ou aube,En agglomération,Hors intersection,Normale,Autre collision,,,,,,,,,,,2,2,1,1,6
200700028955,0007-05-02 08:15:00,7,5,2,8,15,590,350,"433, DUNKERQUE AVENUE",,,Plein jour,En agglomération,Hors intersection,Normale,Deux véhicules - côté,,,,,,,,,,,1,2,1,1,3
200700028956,0007-05-02 13:40:00,7,5,2,13,40,590,360,"2, REPUBLIQUE BOULEVARD",,,Plein jour,En agglomération,Hors intersection,Normale,Autre collision,,,,,,,,,,,1,2,1,1,6
200700028957,0007-05-03 15:50:00,7,5,3,15,50,590,350,ESQUERMES RUE D N° 54 A,,,Plein jour,En agglomération,Intersection en X,Normale,Deux véhicules - arrière,,,,,,,,,,,1,2,2,1,2
200700028958,0007-05-03 16:10:00,7,5,3,16,10,590,350,"Sans objet, LECLERCQ JUL",,,Plein jour,En agglomération,Hors intersection,Normale,Autre collision,,,,,,,,,,,1,2,1,1,6
200700028959,0007-05-03 19:15:00,7,5,3,19,15,590,350,RAMPONNEAU SQUARE DU,,,Plein jour,En agglomération,Hors intersection,Normale,Deux véhicules - arrière,,,,,,,,,,,1,2,1,1,2
200700028960,0007-05-04 06:00:00,7,5,4,6,0,590,9,"001, FLERS BREUCQ MAIRIE",,,Nuit avec éclairage allumé,En agglomération,Intersection en X,Normale,Deux véhicules - côté,,,,,,,,,,,5,2,2,1,3
200700028961,0007-05-02 09:15:00,7,5,2,9,15,590,350,ALSACE BOULEVARD D,,,Plein jour,En agglomération,Hors intersection,Normale,Autre collision,,,,,,,,,,,1,2,1,1,6
200700028962,0007-05-04 12:00:00,7,5,4,12,0,590,378,CLEMENCEAU BLVD (N°1-23),,,Plein jour,En agglomération,Hors intersection,Normale,Deux véhicules - côté,,,,,,,,,,,1,2,1,1,3
200700028963,0007-05-04 09:05:00,7,5,4,9,5,590,350,"Sans objet, TOURNAI PONT",,,Plein jour,En agglomération,Hors intersection,Normale,Autre collision,,,,,,,,,,,1,2,1,1,6
200700028964,0007-05-04 15:15:00,7,5,4,15,15,590,328,"001, DUNKERQUE AVENUE DE",,,Plein jour,En agglomération,Intersection en T,Normale,Deux véhicules - côté,,,,,,,,,,,1,2,3,1,3
200700028965,0007-05-05 15:20:00,7,5,5,15,20,590,378,"20, CLEMENCEAU BLVD (N°1",,,Plein jour,En agglomération,Hors intersection,Normale,Deux véhicules - arrière,,,,,,,,,,,1,2,1,1,2
200700028966,0007-05-05 15:50:00,7,5,5,15,50,590,368,"24, PASTEUR RUE",,,Plein jour,En agglomération,Hors intersection,Normale,Autre collision,,,,,,,,,,,1,2,1,1,6
200700028967,0007-05-05 20:30:00,7,5,5,20,30,590,350,"152, SOLFERINO RUE N°1 A",,,Crépuscule ou aube,En agglomération,Hors intersection,Normale,Autre collision,,,,,,,,,,,2,2,1,1,6
200700028968,0007-05-05 23:55:00,7,5,5,23,55,590,350,SALENGRO ROGER RUE,,,Nuit avec éclairage allumé,En agglomération,Intersection en X,Normale,Deux véhicules - arrière,,,,,,,,,,,5,2,2,1,2
200700028969,0007-05-06 05:00:00,7,5,6,5,0,590,350,"64, BASSEE RUE DE LA",,,Nuit avec éclairage allumé,En agglomération,Hors intersection,Normale,Autre collision,,,,,,,,,,,5,2,1,1,6
200700028970,0007-05-07 07:45:00,7,5,7,7,45,590,9,ROUBAIX ANTENNE DU SUD D,,,Plein jour,Hors agglomération,Hors intersection,Normale,Sans collision,,,,,,,,,,,1,1,1,1,7
200700028971,0007-05-07 12:30:00,7,5,7,12,30,590,350,PLANTES RUE JARDIN DES,,,Plein jour,En agglomération,Intersection en X,Pluie légère,Deux véhicules - côté,,,,,,,,,,,1,2,2,2,3
200700028972,0007-05-07 13:30:00,7,5,7,13,30,590,350,"Sans objet, HEGEL RUE",,,Plein jour,En agglomération,Hors intersection,Normale,Autre collision,,,,,,,,,,,1,2,1,1,6
200700028973,0007-05-07 13:20:00,7,5,7,13,20,590,350,"7, NATIONALE RUE N°2 A 1",,,Plein jour,Hors agglomération,Hors intersection,Pluie légère,Deux véhicules - côté,,,,,,,,,,,1,1,1,2,3
200700028974,0007-05-09 09:00:00,7,5,9,9,0,590,350,PHALECQUE RUE DE LA,,,Plein jour,En agglomération,Intersection en X,Pluie forte,Deux véhicules - côté,,,,,,,,,,,1,2,2,3,3
200700028975,0007-05-10 10:10:00,7,5,10,10,10,590,350,"135, REPUBLIQUE AVENUE D",,,Plein jour,En agglomération,Hors intersection,Normale,Autre collision,,,,,,,,,,,1,2,1,1,6
200700028976,0007-05-10 11:30:00,7,5,10,11,30,590,350,"Sans objet, MOLINEL RUE",,,Plein jour,En agglomération,Hors intersection,Pluie légère,Autre collision,,,,,,,,,,,1,2,1,2,6
200700028977,0007-05-10 13:00:00,7,5,10,13,0,590,350,ALSACE BOULEVARD D,,,Plein jour,En agglomération,Intersection en X,Normale,Deux véhicules - côté,,,,,,,,,,,1,2,2,1,3
200700028978,0007-05-11 19:20:00,7,5,11,19,20,590,350,"96, DOUAI RUE",,,Plein jour,En agglomération,Hors intersection,Normale,Autre collision,,,,,,,,,,,1,2,1,1,6
200700028979,0007-05-11 11:20:00,7,5,11,11,20,590,350,"45, TOURNAI RUE DE",,,Plein jour,En agglomération,Hors intersection,Normale,Autre collision,,,,,,,,,,,1,2,1,1,6
200700028980,0007-05-11 22:15:00,7,5,11,22,15,590,360,DOUMER PAUL RUE,,,Nuit avec éclairage allumé,En agglomération,Hors intersection,Pluie forte,Autre collision,,,,,,,,,,,5,2,1,3,6
200700028981,0007-05-09 09:30:00,7,5,9,9,30,590,507,"15, 18 JUIN AVENUE DU",,,Plein jour,En agglomération,Hors intersection,Normale,Autre collision,,,,,,,,,,,1,2,1,1,6
200700028982,0007-05-11 14:00:00,7,5,11,14,0,590,350,VERHAEGHE RUE DU DOCTEUR,,,Plein jour,En agglomération,Hors intersection,Normale,Autre collision,,,,,,,,,,,1,2,1,1,6
200700028983,0007-05-12 17:50:00,7,5,12,17,50,590,350,"38, CAVAIGNAC GODEFROY R",,,Plein jour,En agglomération,Hors intersection,Normale,Autre collision,,,,,,,,,,,1,2,1,1,6
200700028984,0007-05-12 19:45:00,7,5,12,19,45,590,220,"00, FERRER RUE",,,Plein jour,En agglomération,Intersection en X,Normale,Autre collision,,,,,,,,,,,1,2,2,1,6
200700028985,0007-05-13 10:30:00,7,5,13,10,30,590,9,MARAIS CHEMIN DU GRAND,,,Plein jour,Hors agglomération,Hors intersection,Normale,Deux véhicules - frontale,,,,,,,,,,,1,1,1,1,1
200700028986,0007-05-13 20:05:00,7,5,13,20,5,590,368,"60, SCRIVE GUSTAVE RUE",,,Plein jour,En agglomération,Hors intersection,Normale,Autre collision,,,,,,,,,,,1,2,1,1,6
200700028987,0007-05-14 18:15:00,7,5,14,18,15,590,470,"001, Route Nationale - R",,,Plein jour,En agglomération,Hors intersection,Pluie légère,Deux véhicules - côté,,,,,,,,,,,1,2,1,2,3
200700028988,0007-05-14 15:55:00,7,5,14,15,55,590,350,PALISSY BERNARD RUE,,,Plein jour,En agglomération,Intersection en T,Pluie légère,Deux véhicules - frontale,,,,,,,,,,,1,2,3,2,1
200700028989,0007-05-14 17:45:00,7,5,14,17,45,590,378,"300, CLEMENCEAU BLVD (N°",,,Plein jour,En agglomération,Hors intersection,Normale,Deux véhicules - côté,,,,,,,,,,,1,2,1,1,3
200700028990,0007-05-16 08:50:00,7,5,16,8,50,590,9,SAINT GHISLAIN ROND POIN,,,Plein jour,Hors agglomération,Intersection en Y,Temps couvert,Deux véhicules - côté,,,,,,,,,,,1,1,4,8,3
200700028991,0007-05-17 17:45:00,7,5,17,17,45,590,350,REPUBLIQUE AVENUE DE LA,,,Plein jour,En agglomération,Intersection en X,Normale,Autre collision,,,,,,,,,,,1,2,2,1,6
200700028992,0007-05-18 13:25:00,7,5,18,13,25,590,378,"131, FOCH AVENUE N°1-137",,,Plein jour,En agglomération,Hors intersection,Normale,Autre collision,,,,,,,,,,,1,2,1,1,6
200700028993,0007-05-18 17:20:00,7,5,18,17,20,590,636,"Abbé Pierre, rue",,,Plein jour,En agglomération,Hors intersection,Normale,Trois véhicules et plus - collisions multiples,,,,,,,,,,,1,2,1,1,5
200700028994,0007-05-19 12:30:00,7,5,19,12,30,590,350,FEBVRIER JACQUES PLACE,,,Plein jour,En agglomération,Hors intersection,Normale,Autre collision,,,,,,,,,,,1,2,1,1,6
200700028995,0007-05-20 19:15:00,7,5,20,19,15,590,410,"17, GUTENBERG RUE",,,Plein jour,En agglomération,Intersection en X,Pluie forte,Deux véhicules - côté,,,,,,,,,,,1,2,2,3,3
200700028996,0007-05-21 13:45:00,7,5,21,13,45,590,9,"57, JAURES JEAN RUE    N",,,Plein jour,En agglomération,Hors intersection,Normale,Trois véhicules et plus - collisions multiples,,,,,,,,,,,1,2,1,1,5
200700028997,0007-05-21 15:50:00,7,5,21,15,50,590,350,"395, DUNKERQUE AVENUE DE",,,Plein jour,En agglomération,Hors intersection,Normale,Autre collision,,,,,,,,,,,1,2,1,1,6
200700028998,0007-05-22 16:00:00,7,5,22,16,0,590,560,LILLE ROUTE DE,,,Plein jour,En agglomération,Hors intersection,Normale,Deux véhicules - arrière,,,,,,,,,,,1,2,1,1,2
200700028999,0007-05-22 19:27:00,7,5,22,19,27,590,350,LEGRAND PIERRE RUE,,,Plein jour,En agglomération,Hors intersection,Normale,Autre collision,,,,,,,,,,,1,2,1,1,6
200700029000,0007-05-22 19:00:00,7,5,22,19,0,590,350,KUHLMANN RUE,,,Plein jour,En agglomération,Intersection en T,Normale,Deux véhicules - arrière,,,,,,,,,,,1,2,3,1,2
200700029001,0007-05-21 17:00:00,7,5,21,17,0,590,9,"98, FLANDRE AVENUEE DE",,,Plein jour,En agglomération,Hors intersection,Normale,Sans collision,,,,,,,,,,,1,2,1,1,7
200700029002,0007-05-23 06:15:00,7,5,23,6,15,590,560,AVELIN ROUTE D,,,Crépuscule ou aube,Hors agglomération,Intersection en X,Normale,Autre collision,,,,,,,,,,,2,1,2,1,6
200700029003,0007-05-23 11:15:00,7,5,23,11,15,590,350,"Sans objet, ROYALE RUE",,,Plein jour,En agglomération,Intersection en X,Normale,Autre collision,,,,,,,,,,,1,2,2,1,6
200700029004,0007-05-23 15:10:00,7,5,23,15,10,590,350,"160, JACQUARD RUE",,,Plein jour,En agglomération,Hors intersection,Normale,Autre collision,,,,,,,,,,,1,2,1,1,6
200700029005,0007-05-25 08:30:00,7,5,25,8,30,590,328,"392, HIPPODROME AV DE L",,,Plein jour,En agglomération,Hors intersection,Normale,Deux véhicules - arrière,,,,,,,,,,,1,2,1,1,2
200700029006,0007-05-25 09:10:00,7,5,25,9,10,590,378,"909, REPUBLIQUE AV DE LA",,,Plein jour,En agglomération,Hors intersection,Normale,Deux véhicules - côté,,,,,,,,,,,1,2,1,1,3
200700029007,0007-05-25 13:20:00,7,5,25,13,20,590,286,"33/35, HUGO VICTOR RUE",,,Plein jour,En agglomération,Hors intersection,Normale,Autre collision,,,,,,,,,,,1,2,1,1,6
200700029008,0007-05-25 18:00:00,7,5,25,18,0,590,350,"12, BUISSON FERDINAND RU",,,Plein jour,Hors agglomération,Hors intersection,Normale,Autre collision,,,,,,,,,,,1,1,1,1,6
200700029009,0007-05-25 21:50:00,7,5,25,21,50,590,328,ALLIANCE NORD OUEST BVD,,,Nuit avec éclairage allumé,En agglomération,Intersection en X,Normale,Deux véhicules - côté,,,,,,,,,,,5,2,2,1,3
200700029010,0007-05-25 18:30:00,7,5,25,18,30,590,368,"189, REPUBLIQUE AVENUE D",,,Plein jour,En agglomération,Intersection à plus de 4 branches,Normale,Deux véhicules - côté,,,,,,,,,,,1,2,5,1,3
200700029011,0007-05-26 14:00:00,7,5,26,14,0,590,350,"10, DUMON D'URVILLE RUE",,,Plein jour,En agglomération,Intersection en X,Normale,Autre collision,,,,,,,,,,,1,2,2,1,6
200700029012,0007-05-26 17:10:00,7,5,26,17,10,590,350,"82, ROUSSEAU JEAN JACQUE",,,Plein jour,En agglomération,Hors intersection,Normale,Autre collision,,,,,,,,,,,1,2,1,1,6
200700029013,0007-05-27 17:30:00,7,5,27,17,30,590,507,"39, CASSIN RENE RUE",,,Plein jour,En agglomération,Hors intersection,Pluie forte,Deux véhicules - frontale,,,,,,,,,,,1,2,1,3,1
200700029014,0007-05-27 19:50:00,7,5,27,19,50,590,350,"22, LEGRAND PIERRE RUE",,,Plein jour,En agglomération,Hors intersection,Pluie légère,Deux véhicules - côté,,,,,,,,,,,1,2,1,2,3
200700029015,0007-05-29 15:00:00,7,5,29,15,0,590,378,"187, PASTEUR RUE",,,Plein jour,En agglomération,Hors intersection,Normale,Deux véhicules - côté,,,,,,,,,,,1,2,1,1,3