accident_id,datetime,annee,mois,jour,heure,minute,departement,commune_insee,adresse,latitude,longitude,luminosite,agglomeration,intersection,meteo,collision,nb_vehicules,nb_usagers,nb_indemnes,nb_tues,nb_blesses_hosp,nb_blesses_legers,age_cond_1,age_cond_2,veh_type_cond_1,veh_type_cond_2,lum_code,agg_code,int_code,atm_code,col_code
200700029016,0007-05-25 18:30:00,7,5,25,18,30,590,350,"28, ESPLANADE FACADE",,,Plein jour,En agglomération,Hors intersection,Normale,Autre collision,,,,,,,,,,,1,2,1,1,6
200700029017,0007-05-25 11:45:00,7,5,25,11,45,590,350,"00, CAMBRAI RUE DE N° IM",,,Plein jour,En agglomération,Intersection en X,Normale,Autre collision,,,,,,,,,,,1,2,2,1,6
200700029018,0007-05-29 19:00:00,7,5,29,19,0,590,328,"197, HIPPODROME AV DE L",,,Plein jour,En agglomération,Hors intersection,Normale,Deux véhicules - arrière,,,,,,,,,,,1,2,1,1,2
200700029019,0007-05-29 12:05:00,7,5,29,12,5,590,636,BONDUES RUE DE,,,Plein jour,Hors agglomération,Hors intersection,Normale,Sans collision,,,,,,,,,,,1,1,1,1,7
200700029020,0007-05-29 19:40:00,7,5,29,19,40,590,9,"00, OUEST BOULEVARD DE L",,,Plein jour,En agglomération,Intersection en X,Normale,Autre collision,,,,,,,,,,,1,2,2,1,6
200700029021,0007-05-13 19:35:00,7,5,13,19,35,590,368,"00, SAINT MAUR AVENUE",,,Plein jour,En agglomération,Intersection en X,Normale,Autre collision,,,,,,,,,,,1,2,2,1,6
200700029022,0007-05-30 00:20:00,7,5,30,0,20,590,350,ROYALE RUE,,,Nuit avec éclairage allumé,En agglomération,Intersection en T,Normale,Deux véhicules - arrière,,,,,,,,,,,5,2,3,1,2
200700029023,0007-05-31 17:15:00,7,5,31,17,15,590,350,"001, LEZENNES BOULEVARD",,,Plein jour,En agglomération,Hors intersection,Normale,Deux véhicules - côté,,,,,,,,,,,1,2,1,1,3
200700029024,0007-05-31 19:40:00,7,5,31,19,40,590,350,FAUBOURG DE ROUBAIX RUE,,,Plein jour,En agglomération,Intersection en Y,Normale,Deux véhicules - arrière,,,,,,,,,,,1,2,4,1,2
200700029025,0007-05-05 22:19:00,7,5,5,22,19,590,21,"76, BOUSSOIS (ROUTE DE)",,,Nuit avec éclairage allumé,En agglomération,Intersection en T,Normale,Deux véhicules - arrière,,,,,,,,,,,5,2,3,1,2
200700029026,0007-05-08 12:15:00,7,5,8,12,15,590,21,"12, DE GAULLE (RUE)",,,Plein jour,En agglomération,Intersection en T,Pluie légère,Deux véhicules - arrière,,,,,,,,,,,1,2,3,2,2
200700029027,0007-05-25 19:30:00,7,5,25,19,30,590,291,GAMBETTA (RUE),,,Plein jour,En agglomération,Hors intersection,Normale,Deux véhicules - frontale,,,,,,,,,,,1,2,1,1,1
200700029028,0007-05-04 22:05:00,7,5,4,22,5,590,512,NATIONS UNIES (AVENUE DE,,,Nuit avec éclairage allumé,En agglomération,Intersection en X,Normale,Autre collision,,,,,,,,,,,5,2,2,1,6
200700029029,0007-05-09 18:05:00,7,5,9,18,5,590,512,DE ROUBAIX (RUE PIERRE),,,Plein jour,En agglomération,Intersection en X,Pluie forte,Deux véhicules - côté,,,,,,,,,,,1,2,2,3,3
200700029030,0007-05-07 13:28:00,7,5,7,13,28,590,512,MONNET (RUE JEAN),,,Plein jour,En agglomération,Intersection en X,Normale,Autre collision,,,,,,,,,,,1,2,2,1,6
200700029031,0007-05-08 06:45:00,7,5,8,6,45,590,512,FOURMIES (BOULEVARD DE),,,Plein jour,En agglomération,Intersection en T,Normale,Autre collision,,,,,,,,,,,1,2,3,1,6
200700029032,0007-05-15 19:40:00,7,5,15,19,40,590,512,REIMS (BOULEVARD DE),,,Plein jour,En agglomération,Hors intersection,Normale,Deux véhicules - côté,,,,,,,,,,,1,2,1,1,3
200700029033,0007-05-05 20:30:00,7,5,5,20,30,590,163,SCHUMAN (RUE DU PRESIDEN,,,Plein jour,En agglomération,Hors intersection,Normale,Sans collision,,,,,,,,,,,1,2,1,1,7
200700029034,0007-05-04 23:35:00,7,5,4,23,35,590,650,LIBERTE (BOULEVARD DE LA,,,Nuit avec éclairage allumé,En agglomération,Intersection en X,Normale,Sans collision,,,,,,,,,,,5,2,2,1,7
200700029035,0007-05-09 19:40:00,7,5,9,19,40,590,163,JAURES (RUE JEAN),,,Plein jour,En agglomération,Hors intersection,Normale,Deux véhicules - frontale,,,,,,,,,,,1,2,1,1,1
200700029036,0007-05-07 16:45:00,7,5,7,16,45,590,163,OGIERS (RUE DES),,,Plein jour,En agglomération,Intersection en T,Pluie forte,Sans collision,,,,,,,,,,,1,2,3,3,7
200700029037,0007-05-12 09:10:00,7,5,12,9,10,590,512,DELORY  (AVENUE GUSTAVE),,,Plein jour,En agglomération,Hors intersection,Pluie forte,Sans collision,,,,,,,,,,,1,2,1,3,7
200700029038,0007-05-13 17:10:00,7,5,13,17,10,590,512,NATIONS UNIES (AVENUE DE,,,Plein jour,En agglomération,Intersection en X,Normale,Deux véhicules - côté,,,,,,,,,,,1,2,2,1,3
200700029039,0007-05-16 16:50:00,7,5,16,16,50,590,512,NATIONS UNIES (AVENUE DE,,,Plein jour,En agglomération,Intersection en X,Normale,Deux véhicules - côté,,,,,,,,,,,1,2,2,1,3
200700029040,0007-05-16 18:15:00,7,5,16,18,15,590,646,FLANDRE (AVENUE DE),,,Plein jour,En agglomération,Intersection en X,Normale,Deux véhicules - côté,,,,,,,,,,,1,2,2,1,3
200700029041,0007-05-14 16:50:00,7,5,14,16,50,590,512,REGNAULT (RUE HENRI),,,Plein jour,En agglomération,Hors intersection,Pluie forte,Autre collision,,,,,,,,,,,1,2,1,3,6
200700029042,0007-05-03 16:45:00,7,5,3,16,45,590,367,PROGRES (RUE DU),,,Plein jour,En agglomération,Hors intersection,Normale,Autre collision,,,,,,,,,,,1,2,1,1,6
200700029043,0007-05-19 18:57:00,7,5,19,18,57,590,512,BEAUREPAIRE (BOULEVARD),,,Plein jour,En agglomération,Intersection en X,Normale,Autre collision,,,,,,,,,,,1,2,2,1,6
200700029044,0007-05-19 13:25:00,7,5,19,13,25,590,512,TOURCOING (RUE DE),,,Plein jour,Hors agglomération,Intersection en X,Normale,Autre collision,,,,,,,,,,,1,1,2,1,6
200700029045,0007-05-12 15:37:00,7,5,12,15,37,590,512,BREZIN (RUE),,,Plein jour,Hors agglomération,Hors intersection,Normale,Deux véhicules - frontale,,,,,,,,,,,1,1,1,1,1
200700029046,0007-05-22 23:10:00,7,5,22,23,10,590,512,DAUBENTON (RUE),,,Nuit avec éclairage allumé,Hors agglomération,Intersection en X,Normale,Autre collision,,,,,,,,,,,5,1,2,1,6
200700029047,0007-05-16 08:45:00,7,5,16,8,45,590,512,NATIONS UNIES (AVENUE DE,,,Plein jour,En agglomération,Hors intersection,Pluie forte,Sans collision,,,,,,,,,,,1,2,1,3,7
200700029048,0007-05-11 20:00:00,7,5,11,20,0,590,367,FRESNOY (RUE DU),,,Plein jour,En agglomération,Hors intersection,Normale,Deux véhicules - côté,,,,,,,,,,,1,2,1,1,3
200700029049,0007-05-18 09:00:00,7,5,18,9,0,590,512,DE ROUBAIX (RUE PIERRE),,,Plein jour,En agglomération,Intersection en X,Normale,Deux véhicules - côté,,,,,,,,,,,1,2,2,1,3
200700029050,0007-05-25 18:40:00,7,5,25,18,40,590,512,GUESDE (RUE JULES),,,Plein jour,En agglomération,Intersection en X,Normale,Autre collision,,,,,,,,,,,1,2,2,1,6
200700029051,0007-05-27 12:45:00,7,5,27,12,45,590,339,CD 700,,,Plein jour,Hors agglomération,Hors intersection,Normale,Sans collision,,,,,,,,,,,1,1,1,1,7
200700029052,0007-05-25 17:50:00,7,5,25,17,50,590,512,MOUVAUX (RUE DE),,,Plein jour,En agglomération,Intersection en T,Normale,Autre collision,,,,,,,,,,,1,2,3,1,6
200700029053,0007-05-30 12:15:00,7,5,30,12,15,590,650,SAINT LIEVIN (CONTOUR),,,Plein jour,En agglomération,Hors intersection,Normale,Autre collision,,,,,,,,,,,1,2,1,1,6
200700029054,0007-05-31 14:25:00,7,5,31,14,25,590,512,BARBIEUX  (RUE DE ),,,Plein jour,En agglomération,Hors intersection,Normale,Deux véhicules - côté,,,,,,,,,,,1,2,1,1,3
200700029055,0007-05-31 17:20:00,7,5,31,17,20,590,512,LAVOISIER (RUE),,,Plein jour,En agglomération,Intersection en T,Normale,Deux véhicules - frontale,,,,,,,,,,,1,2,3,1,1
200700029056,0007-05-22 17:25:00,7,5,22,17,25,590,512,NATIONS UNIES (AVENUE DE,,,Plein jour,En agglomération,Hors intersection,Normale,Deux véhicules - côté,,,,,,,,,,,1,2,1,1,3
200700029057,0007-05-17 15:50:00,7,5,17,15,50,590,512,VERDUN (AVENUE DE),,,Plein jour,En agglomération,Hors intersection,Normale,Autre collision,,,,,,,,,,,1,2,1,1,6
200700029058,0007-05-02 20:50:00,7,5,2,20,50,590,650,KENNEDY (AVENUE PRESIDEN,,,Plein jour,En agglomération,Hors intersection,Normale,Autre collision,,,,,,,,,,,1,2,1,1,6
200700029059,0007-05-18 22:45:00,7,5,18,22,45,590,526,"431, RTE DE ROUBAIX",,,Nuit avec éclairage allumé,En agglomération,Hors intersection,Pluie légère,Deux véhicules - arrière,,,,,,,,,,,5,2,1,2,2
200700029060,0007-05-08 11:55:00,7,5,8,11,55,590,574,PORQUEROLLES(RUE),,,Plein jour,En agglomération,Intersection en X,Normale,Deux véhicules - côté,,,,,,,,,,,1,2,2,1,3
200700029061,0007-05-04 18:25:00,7,5,4,18,25,590,508,"D78, DRONCKAERT (RUE DU)",,,Plein jour,En agglomération,Hors intersection,Normale,Deux véhicules - côté,,,,,,,,,,,1,2,1,1,3
200700029062,0007-05-07 12:05:00,7,5,7,12,5,590,599,"0, DOUMER (RUE PAUL)",,,Plein jour,En agglomération,Hors intersection,Pluie légère,Sans collision,,,,,,,,,,,1,2,1,2,7
200700029063,0007-05-14 22:40:00,7,5,14,22,40,590,279,"37, NOLLET (RUE MARTHE)",,,Nuit avec éclairage allumé,En agglomération,Hors intersection,Temps couvert,Deux véhicules - côté,,,,,,,,,,,5,2,1,8,3
200700029064,0007-05-15 20:25:00,7,5,15,20,25,590,599,", YSER (RUE DE L')",,,Nuit avec éclairage allumé,En agglomération,Intersection en X,Pluie légère,Deux véhicules - côté,,,,,,,,,,,5,2,2,2,3
200700029065,0007-05-16 16:30:00,7,5,16,16,30,590,421,"79, LILLE (RUE DE)",,,Plein jour,En agglomération,Intersection en T,Normale,Deux véhicules - côté,,,,,,,,,,,1,2,3,1,3
200700029066,0007-05-19 17:15:00,7,5,19,17,15,590,352,QUESNOY (RUE),,,Plein jour,Hors agglomération,Hors intersection,Normale,Deux véhicules - côté,,,,,,,,,,,1,1,1,1,3
200700029067,0007-05-18 16:55:00,7,5,18,16,55,590,152,"86, HURLUPIN (RUE D')",,,Plein jour,En agglomération,Hors intersection,Normale,Autre collision,,,,,,,,,,,1,2,1,1,6
200700029068,0007-05-22 17:55:00,7,5,22,17,55,590,599,RESISTANCE (PLACE DE LA),,,Plein jour,En agglomération,Hors intersection,Normale,Deux véhicules - frontale,,,,,,,,,,,1,2,1,1,1
200700029069,0007-05-23 15:45:00,7,5,23,15,45,590,599,"20, DERVAUX (RUE PIERRE",,,Plein jour,En agglomération,Hors intersection,Normale,Autre collision,,,,,,,,,,,1,2,1,1,6
200700029070,0007-05-25 07:45:00,7,5,25,7,45,590,599,DRAGON (RUE DU),,,Plein jour,En agglomération,Hors intersection,Normale,Deux véhicules - côté,,,,,,,,,,,1,2,1,1,3
200700029071,0007-05-25 10:20:00,7,5,25,10,20,590,599,BRUN PAIN (RUE DU),,,Plein jour,En agglomération,Intersection en X,Normale,Deux véhicules - côté,,,,,,,,,,,1,2,2,1,3
200700029072,0007-05-26 16:00:00,7,5,26,16,0,590,599,"91, WATT (CHAUSSEE)",,,Plein jour,En agglomération,Hors intersection,Normale,Deux véhicules - côté,,,,,,,,,,,1,2,1,1,3
200700029073,0007-05-26 18:05:00,7,5,26,18,5,590,599,"97, ROUBAIX (RUE DE)",,,Plein jour,En agglomération,Hors intersection,Normale,Autre collision,,,,,,,,,,,1,2,1,1,6
200700029074,0007-05-29 21:25:00,7,5,29,21,25,590,90,AMSTERDAM (AVENUE),,,Crépuscule ou aube,En agglomération,Intersection en X,Normale,Autre collision,,,,,,,,,,,2,2,2,1,6
200700029075,0007-05-31 14:01:00,7,5,31,14,1,590,508,HALLUIN (BOULEVARD D'),,,Plein jour,En agglomération,Hors intersection,Normale,Deux véhicules - côté,,,,,,,,,,,1,2,1,1,3
200700029076,0007-05-06 12:10:00,7,5,6,12,10,590,14,"74, ROUSSEAU (RUE WALDEC",,,Plein jour,En agglomération,Hors intersection,Normale,Autre collision,,,,,,,,,,,1,2,1,1,6
200700029077,0007-05-04 17:05:00,7,5,4,17,5,590,14,"279, FRANCE (AVENUE ANAT",,,Plein jour,En agglomération,Hors intersection,Normale,Autre collision,,,,,,,,,,,1,2,1,1,6
200700029078,0007-05-09 08:44:00,7,5,9,8,44,590,613,RD 50,,,Plein jour,Hors agglomération,Hors intersection,Pluie légère,Deux véhicules - arrière,,,,,,,,,,,1,1,1,2,2
200700029079,0007-05-08 18:15:00,7,5,8,18,15,590,32,MATISSE (AVENUE HENRI),,,Plein jour,En agglomération,Hors intersection,Normale,Deux véhicules - arrière,,,,,,,,,,,1,2,1,1,2
200700029080,0007-05-18 12:00:00,7,5,18,12,0,590,606,POTERNE (RUE DE LA),,,Plein jour,En agglomération,Intersection en X,Normale,Deux véhicules - côté,,,,,,,,,,,1,2,2,1,3
200700029081,0007-05-11 17:10:00,7,5,11,17,10,590,603,"72, EGALITE (RUE DE L')",,,Plein jour,En agglomération,Hors intersection,Normale,Autre collision,,,,,,,,,,,1,2,1,1,6
200700029082,0007-05-09 14:20:00,7,5,9,14,20,590,606,"143, LILLE (RUE DE)",,,Plein jour,En agglomération,Intersection en X,Normale,Deux véhicules - côté,,,,,,,,,,,1,2,2,1,3
200700029083,0007-05-05 06:30:00,7,5,5,6,30,600,57,WINSTON CHURCHILL (AVENU,,,Crépuscule ou aube,En agglomération,Hors intersection,Normale,Autre collision,,,,,,,,,,,2,2,1,1,6
200700029084,0007-05-25 11:35:00,7,5,25,11,35,600,57,"232, CLERMONT (RUE DE )",,,Plein jour,En agglomération,Hors intersection,Normale,Autre collision,,,,,,,,,,,1,2,1,1,6
200700029085,0007-05-29 22:15:00,7,5,29,22,15,600,57,"63, COROT (AVENUE)",,,Nuit avec éclairage allumé,En agglomération,Intersection en X,Normale,Deux véhicules - côté,,,,,,,,,,,5,2,2,1,3
200700029086,0007-05-02 20:00:00,7,5,2,20,0,600,382,VERRERIE (DE LA),,,Plein jour,En agglomération,Autre intersection,Normale,Autre collision,,,,,,,,,,,1,2,9,1,6
200700029087,0007-05-02 15:10:00,7,5,2,15,10,600,463,MONNET (RUE JEAN),,,Plein jour,Hors agglomération,Hors intersection,Normale,Deux véhicules - côté,,,,,,,,,,,1,1,1,1,3
200700029088,0007-05-07 17:25:00,7,5,7,17,25,600,175,"1, CAMUS (RUE ALBERT )",,,Plein jour,En agglomération,Intersection en X,Normale,Deux véhicules - côté,,,,,,,,,,,1,2,2,1,3
200700029089,0007-05-12 15:40:00,7,5,12,15,40,600,175,PUVIS DE CHAVANNE (AVENU,,,Plein jour,En agglomération,Intersection en X,Normale,Trois véhicules et plus - collisions multiples,,,,,,,,,,,1,2,2,1,5
200700029090,0007-05-03 18:00:00,7,5,3,18,0,610,1,J.F KENNEDY ( AVENUE),,,Plein jour,En agglomération,Giratoire,Normale,Deux véhicules - arrière,,,,,,,,,,,1,2,6,1,2
200700029091,0007-05-11 18:28:00,7,5,11,18,28,610,1,"58, STRASBOURG (BOULEVAR",,,Plein jour,Hors agglomération,Hors intersection,Normale,Deux véhicules - arrière,,,,,,,,,,,1,1,1,1,2
200700029092,0007-05-29 19:25:00,7,5,29,19,25,610,397,"0, Rue d'Alençon",,,Plein jour,Hors agglomération,Intersection en X,Normale,Deux véhicules - frontale,,,,,,,,,,,1,1,2,1,1
200700029093,0007-05-06 12:40:00,7,5,6,12,40,610,6,"aucun, SEVIGNY (ROUTE DE",,,Plein jour,En agglomération,Intersection en T,Normale,Deux véhicules - côté,,,,,,,,,,,1,2,3,1,3
200700029094,0007-05-03 12:50:00,7,5,3,12,50,610,169,"12, AUGUSTRE SURVILLE (R",,,Plein jour,En agglomération,Hors intersection,Normale,Autre collision,,,,,,,,,,,1,2,1,1,6
200700029095,0007-05-09 10:20:00,7,5,9,10,20,610,169,"251, PARIS (RUE DE)",,,Plein jour,En agglomération,Hors intersection,Pluie légère,Sans collision,,,,,,,,,,,1,2,1,2,7
200700029096,0007-05-15 09:08:00,7,5,15,9,8,610,466,FUMECON (LIEU-DIT),,,Plein jour,Hors agglomération,Intersection en X,Normale,Deux véhicules - côté,,,,,,,,,,,1,1,2,1,3
200700029097,0007-05-29 15:00:00,7,5,29,15,0,610,169,"30, MESSEI (RUE DE)",,,Plein jour,En agglomération,Hors intersection,Normale,Sans collision,,,,,,,,,,,1,2,1,1,7
200700029098,0007-05-07 16:30:00,7,5,7,16,30,620,41,"0, RUE PIERRE BEREGOVOY",,,Plein jour,En agglomération,Hors intersection,Normale,Deux véhicules - arrière,,,,,,,,,,,1,2,1,1,2
200700029099,0007-05-15 19:20:00,7,5,15,19,20,620,41,"0, GEIGER ( HANS )",,,Plein jour,En agglomération,Hors intersection,Pluie légère,Trois véhicules et plus - collisions multiples,,,,,,,,,,,1,2,1,2,5
200700029100,0007-05-24 06:35:00,7,5,24,6,35,620,41,"0, ACHICOURT (D')",,,Plein jour,En agglomération,Intersection en T,Normale,Deux véhicules - côté,,,,,,,,,,,1,2,3,1,3
200700029101,0007-05-24 13:20:00,7,5,24,13,20,620,41,"0, BERNARD (CLAUDE)",,,Plein jour,En agglomération,Autre intersection,Normale,Deux véhicules - côté,,,,,,,,,,,1,2,9,1,3
200700029102,0007-05-27 18:05:00,7,5,27,18,5,620,4,"0, BUCQUET ( JULES )",,,Plein jour,En agglomération,Intersection en X,Pluie forte,Deux véhicules - frontale,,,,,,,,,,,1,2,2,3,1
200700029103,0007-05-30 14:25:00,7,5,30,14,25,620,41,"31, BRETON (EMILE)",,,Plein jour,En agglomération,Intersection en T,Normale,Deux véhicules - côté,,,,,,,,,,,1,2,3,1,3
200700029104,0007-05-10 11:50:00,7,5,10,11,50,620,188,"93, DELOBELLE (NOEMIE)",,,Plein jour,En agglomération,Hors intersection,Pluie légère,Sans collision,,,,,,,,,,,1,2,1,2,7
200700029105,0007-05-01 15:55:00,7,5,1,15,55,620,724,DE GAULLE (DU GENERAL),,,Plein jour,En agglomération,Intersection en X,Normale,Deux véhicules - côté,,,,,,,,,,,1,2,2,1,3
200700029106,0007-05-07 19:30:00,7,5,7,19,30,620,570,CD 40,,,Plein jour,Hors agglomération,Hors intersection,Pluie légère,Sans collision,,,,,,,,,,,1,1,1,2,7
200700029107,0007-05-08 15:10:00,7,5,8,15,10,620,724,MERICOURT (ROUTE),,,Plein jour,En agglomération,Intersection en X,Normale,Deux véhicules - arrière,,,,,,,,,,,1,2,2,1,2
200700029108,0007-05-08 15:15:00,7,5,8,15,15,620,570,CD 40,,,Plein jour,Hors agglomération,Intersection en X,Normale,Deux véhicules - côté,,,,,,,,,,,1,1,2,1,3
200700029109,0007-05-24 15:00:00,7,5,24,15,0,620,724,PONT,,,Plein jour,En agglomération,Hors intersection,Normale,Autre collision,,,,,,,,,,,1,2,1,1,6
200700029110,0007-05-31 19:21:00,7,5,31,19,21,620,65,"109, BROSSOLETTE",,,Plein jour,En agglomération,Intersection en T,Normale,Deux véhicules - côté,,,,,,,,,,,1,2,3,1,3
200700029111,0007-05-02 09:55:00,7,5,2,9,55,620,119,"1, LYAUTEY ( RUE DU MARE",,,Plein jour,En agglomération,Hors intersection,Normale,Autre collision,,,,,,,,,,,1,2,1,1,6
200700029112,0007-05-13 21:20:00,7,5,13,21,20,620,51,BAPAUME ( RUE DE ),,,Nuit avec éclairage allumé,En agglomération,Intersection en X,Temps couvert,Deux véhicules - côté,,,,,,,,,,,5,2,2,8,3
200700029113,0007-05-11 23:30:00,7,5,11,23,30,620,119,"1, MOULIN ( BOULEVARD JE",,,Nuit avec éclairage allumé,En agglomération,Intersection en X,Pluie forte,Deux véhicules - côté,,,,,,,,,,,5,2,2,3,3
200700029114,0007-05-08 12:50:00,7,5,8,12,50,620,846,"58, EVRARD FLORENT ( RUE",,,Plein jour,En agglomération,Hors intersection,Pluie forte,Deux véhicules - côté,,,,,,,,,,,1,2,1,3,3
200700029115,0007-05-19 12:20:00,7,5,19,12,20,620,310,"24, SEVELINGUE ( RUE DE",,,Plein jour,En agglomération,Intersection en Y,Normale,Deux véhicules - côté,,,,,,,,,,,1,2,4,1,3
200700029116,0007-05-27 17:30:00,7,5,27,17,30,620,119,LILLE ( RUE DE ),,,Plein jour,En agglomération,Hors intersection,Normale,Deux véhicules - côté,,,,,,,,,,,1,2,1,1,3
200700029117,0007-05-27 11:40:00,7,5,27,11,40,620,51,CD 941,,,Plein jour,En agglomération,Hors intersection,Normale,Deux véhicules - côté,,,,,,,,,,,1,2,1,1,3
200700029118,0007-05-09 16:45:00,7,5,9,16,45,620,894,"13, LEDINGHEN ( Rue de )",,,Plein jour,En agglomération,Intersection en T,Pluie légère,Autre collision,,,,,,,,,,,1,2,3,2,6
200700029119,0007-05-15 17:00:00,7,5,15,17,0,620,160,"14, FRANCE (Place de)",,,Plein jour,En agglomération,Hors intersection,Pluie légère,Autre collision,,,,,,,,,,,1,2,1,2,6
200700029120,0007-05-19 23:45:00,7,5,19,23,45,620,642,RD 941,,,Nuit avec éclairage allumé,En agglomération,Intersection en X,Temps couvert,Deux véhicules - côté,,,,,,,,,,,5,2,2,8,3
200700029121,0007-05-01 11:40:00,7,5,1,11,40,620,193,JACQUARD (BOULEVARD),,,Plein jour,En agglomération,Hors intersection,Normale,Autre collision,,,,,,,,,,,1,2,1,1,6
200700029122,0007-05-11 12:45:00,7,5,11,12,45,620,774,"907, CD 940",,,Plein jour,En agglomération,Hors intersection,Normale,Autre collision,,,,,,,,,,,1,2,1,1,6
200700029123,0007-05-16 21:20:00,7,5,16,21,20,620,193,SAINT EXUPERY (AVENUE. 2,,,Nuit avec éclairage allumé,En agglomération,Hors intersection,Normale,Autre collision,,,,,,,,,,,5,2,1,1,6
200700029124,0007-05-18 10:20:00,7,5,18,10,20,620,193,VIC (RUE DE),,,Plein jour,En agglomération,Giratoire,Normale,Autre collision,,,,,,,,,,,1,2,6,1,6
200700029125,0007-05-19 14:25:00,7,5,19,14,25,620,193,"1775, ROGER SALENGRO (AV",,,Plein jour,En agglomération,Hors intersection,Normale,Autre collision,,,,,,,,,,,1,2,1,1,6
200700029126,0007-05-24 18:40:00,7,5,24,18,40,620,193,DAVID (RUE L.),,,Plein jour,En agglomération,Autre intersection,Normale,Deux véhicules - frontale,,,,,,,,,,,1,2,9,1,1
200700029127,0007-05-19 07:50:00,7,5,19,7,50,620,250,"116, BRIAND (R ARISTIDE)",,,Plein jour,En agglomération,Hors intersection,Normale,Deux véhicules - côté,,,,,,,,,,,1,2,1,1,3
200700029128,0007-05-11 07:15:00,7,5,11,7,15,620,413,"sans, DEBARGE (R CHARLES",,,Plein jour,En agglomération,Intersection en X,Normale,Deux véhicules - côté,,,,,,,,,,,1,2,2,1,3
200700029129,0007-05-03 07:30:00,7,5,3,7,30,620,250,"sans, BRIAND (R ARISTIDE",,,Plein jour,En agglomération,Intersection en T,Normale,Deux véhicules - côté,,,,,,,,,,,1,2,3,1,3
200700029130,0007-05-28 20:50:00,7,5,28,20,50,620,250,"sans, OIGNIES (RTE D' )",,,Crépuscule ou aube,Hors agglomération,Hors intersection,Temps couvert,Sans collision,,,,,,,,,,,2,1,1,8,7
200700029131,0007-05-27 22:40:00,7,5,27,22,40,620,666,"sans, JOFFRE (R DU MAREC",,,Nuit avec éclairage allumé,En agglomération,Intersection en X,Pluie légère,Deux véhicules - côté,,,,,,,,,,,5,2,2,2,3
200700029132,0007-05-22 08:50:00,7,5,22,8,50,620,413,"21, DEBARGE (R CHARLES)",,,Plein jour,En agglomération,Hors intersection,Pluie légère,Autre collision,,,,,,,,,,,1,2,1,2,6
200700029133,0007-05-02 19:55:00,7,5,2,19,55,620,321,"155, BASLY (R EMILE )",,,Plein jour,En agglomération,Hors intersection,Normale,Autre collision,,,,,,,,,,,1,2,1,1,6
200700029134,0007-05-04 20:40:00,7,5,4,20,40,620,497,"0, BASLY (R EMILE)",,,Crépuscule ou aube,En agglomération,Hors intersection,Normale,Autre collision,,,,,,,,,,,2,2,1,1,6
200700029135,0007-05-05 12:20:00,7,5,5,12,20,620,587,"0, DE GAULLE (R DU GAL)",,,Plein jour,En agglomération,Hors intersection,Normale,Autre collision,,,,,,,,,,,1,2,1,1,6
200700029136,0007-05-26 17:40:00,7,5,26,17,40,620,427,"0, VERDUN (R DE)",,,Plein jour,En agglomération,Intersection en X,Normale,Deux véhicules - côté,,,,,,,,,,,1,2,2,1,3
200700029137,0007-05-27 16:55:00,7,5,27,16,55,620,427,"367, DELRUE (BD DES FRER",,,Plein jour,En agglomération,Hors intersection,Pluie légère,Autre collision,,,,,,,,,,,1,2,1,2,6
200700029138,0007-05-09 10:30:00,7,5,9,10,30,620,133,OUSSEKINE (R MALIK),,,Plein jour,En agglomération,Hors intersection,Pluie légère,Trois véhicules et plus - collisions multiples,,,,,,,,,,,1,2,1,2,5
200700029139,0007-05-21 12:40:00,7,5,21,12,40,620,427,"0, LETERME (BD DES FRERE",,,Plein jour,En agglomération,Hors intersection,Normale,Autre collision,,,,,,,,,,,1,2,1,1,6
200700029140,0007-05-02 08:00:00,7,5,2,8,0,620,587,"0, MOULIN (BD JEAN )",,,Plein jour,En agglomération,Hors intersection,Normale,Autre collision,,,,,,,,,,,1,2,1,1,6
200700029141,0007-05-12 21:20:00,7,5,12,21,20,620,573,"sans, HALAGE (CHE DU)",,,Crépuscule ou aube,Hors agglomération,Hors intersection,Normale,Deux véhicules - frontale,,,,,,,,,,,2,1,1,1,1
200700029142,0007-05-09 16:45:00,7,5,9,16,45,620,842,"sans, RN 47",,,Plein jour,Hors agglomération,Autre intersection,Normale,Autre collision,,,,,,,,,,,1,1,9,1,6
200700029143,0007-05-13 19:25:00,7,5,13,19,25,620,771,"26, SEVERINE (R)",,,Plein jour,En agglomération,Hors intersection,Normale,Autre collision,,,,,,,,,,,1,2,1,1,6
200700029144,0007-05-24 17:50:00,7,5,24,17,50,620,498,"sans, BASSEE (RTE DE LA)",,,Plein jour,En agglomération,Intersection à plus de 4 branches,Normale,Deux véhicules - côté,,,,,,,,,,,1,2,5,1,3
200700029145,0007-05-23 15:25:00,7,5,23,15,25,620,498,"260, BASSEE (RTE DE LA)",,,Plein jour,En agglomération,Hors intersection,Normale,Autre collision,,,,,,,,,,,1,2,1,1,6
200700029146,0007-05-25 16:00:00,7,5,25,16,0,620,498,"sans, ALAIN (R)",,,Plein jour,En agglomération,Hors intersection,Normale,Autre collision,,,,,,,,,,,1,2,1,1,6
200700029147,0007-05-23 19:22:00,7,5,23,19,22,620,19,"114, BETHUNE (R DE)",,,Plein jour,Hors agglomération,Hors intersection,Normale,Deux véhicules - côté,,,,,,,,,,,1,1,1,1,3
200700029148,0007-05-30 13:16:00,7,5,30,13,16,620,510,"52, CARPENTIER (R GEORGE",,,Plein jour,En agglomération,Hors intersection,Normale,Deux véhicules - arrière,,,,,,,,,,,1,2,1,1,2
200700029149,0007-05-31 16:50:00,7,5,31,16,50,620,186,"., DEBEAUMONT (R EDMOND)",,,Plein jour,Hors agglomération,Hors intersection,Normale,Autre collision,,,,,,,,,,,1,1,1,1,6
200700029150,0007-05-04 16:00:00,7,5,4,16,0,620,194,SPORTS ( BOULEVARD DES ),,,Plein jour,En agglomération,Hors intersection,Normale,Autre collision,,,,,,,,,,,1,2,1,1,6