accident_id,datetime,annee,mois,jour,heure,minute,departement,commune_insee,adresse,latitude,longitude,luminosite,agglomeration,intersection,meteo,collision,nb_vehicules,nb_usagers,nb_indemnes,nb_tues,nb_blesses_hosp,nb_blesses_legers,age_cond_1,age_cond_2,veh_type_cond_1,veh_type_cond_2,lum_code,agg_code,int_code,atm_code,col_code
200700029151,0007-05-02 12:40:00,7,5,2,12,40,630,113,"-, BRIAND (BD ARISTIDE)",,,Plein jour,En agglomération,Hors intersection,Normale,Autre collision,,,,,,,,,,,1,2,1,1,6
200700029152,0007-05-02 13:30:00,7,5,2,13,30,630,32,"1, AUBIERE (ROUTE D')",,,Plein jour,En agglomération,Intersection en Y,Normale,Deux véhicules - côté,,,,,,,,,,,1,2,4,1,3
200700029153,0007-05-02 19:15:00,7,5,2,19,15,630,113,BINGEN (BD JACQUES),,,Plein jour,En agglomération,Hors intersection,Normale,Autre collision,,,,,,,,,,,1,2,1,1,6
200700029154,0007-05-03 08:45:00,7,5,3,8,45,630,113,"70, LAFAYETTE (BD)",,,Plein jour,En agglomération,Hors intersection,Normale,Autre collision,,,,,,,,,,,1,2,1,1,6
200700029155,0007-05-03 15:00:00,7,5,3,15,0,630,113,"1, KESSLER (RUE)",,,Plein jour,En agglomération,Hors intersection,Normale,Sans collision,,,,,,,,,,,1,2,1,1,7
200700029156,0007-05-03 21:21:00,7,5,3,21,21,630,113,"94, MICHELIN (AVENUE EDO",,,Nuit avec éclairage allumé,En agglomération,Hors intersection,Normale,Deux véhicules - arrière,,,,,,,,,,,5,2,1,1,2
200700029157,0007-05-04 18:50:00,7,5,4,18,50,630,113,"23, PASTEUR (BD)",,,Plein jour,En agglomération,Autre intersection,Normale,Autre collision,,,,,,,,,,,1,2,9,1,6
200700029158,0007-05-04 19:15:00,7,5,4,19,15,630,113,"-, JAURES (BD JEAN)",,,Plein jour,En agglomération,Hors intersection,Normale,Deux véhicules - arrière,,,,,,,,,,,1,2,1,1,2
200700029159,0007-05-05 12:42:00,7,5,5,12,42,630,14,"23, ROUSSILLON (AVENUE D",,,Plein jour,En agglomération,Hors intersection,Normale,Autre collision,,,,,,,,,,,1,2,1,1,6
200700029160,0007-05-05 13:00:00,7,5,5,13,0,630,113,"., UNION SOVIETIQUE (AVE",,,Plein jour,En agglomération,Hors intersection,Normale,Autre collision,,,,,,,,,,,1,2,1,1,6
200700029161,0007-05-05 13:01:00,7,5,5,13,1,630,113,"1, FALLIERES (RUE ARMAND",,,Plein jour,En agglomération,Hors intersection,Normale,Sans collision,,,,,,,,,,,1,2,1,1,7
200700029162,0007-05-07 22:50:00,7,5,7,22,50,630,113,"., LAMARTINE (RUE)",,,Nuit avec éclairage allumé,En agglomération,Intersection en X,Normale,Autre collision,,,,,,,,,,,5,2,2,1,6
200700029163,0007-05-09 15:40:00,7,5,9,15,40,630,14,"1, ROUSSILLON (AVENUE DU",,,Plein jour,En agglomération,Hors intersection,Normale,Deux véhicules - côté,,,,,,,,,,,1,2,1,1,3
200700029164,0007-05-09 21:45:00,7,5,9,21,45,630,113,"1, TRUDAINE (BD)",,,Crépuscule ou aube,En agglomération,Hors intersection,Normale,Deux véhicules - arrière,,,,,,,,,,,2,2,1,1,2
200700029165,0007-05-11 12:00:00,7,5,11,12,0,630,113,"., BRIAND (BD ARISTIDE)",,,Plein jour,En agglomération,Intersection en X,Normale,Autre collision,,,,,,,,,,,1,2,2,1,6
200700029166,0007-05-11 12:10:00,7,5,11,12,10,630,113,"1, SAINT JEAN (BD)",,,Plein jour,En agglomération,Hors intersection,Normale,Deux véhicules - arrière,,,,,,,,,,,1,2,1,1,2
200700029167,0007-05-12 07:49:00,7,5,12,7,49,630,113,"., LAFAYETTE (BD)",,,Plein jour,En agglomération,Intersection en X,Normale,Autre collision,,,,,,,,,,,1,2,2,1,6
200700029168,0007-05-12 23:10:00,7,5,12,23,10,630,113,", CANROBERT (RUE)",,,Nuit avec éclairage allumé,En agglomération,Hors intersection,Normale,Autre collision,,,,,,,,,,,5,2,1,1,6
200700029169,0007-05-13 05:35:00,7,5,13,5,35,630,113,"19, BLUM (AVENUE LEON)",,,Nuit avec éclairage allumé,En agglomération,Intersection en X,Normale,Deux véhicules - côté,,,,,,,,,,,5,2,2,1,3
200700029170,0007-05-13 10:42:00,7,5,13,10,42,630,113,"., MEUNIERS (RUE DES)",,,Plein jour,En agglomération,Hors intersection,Normale,Autre collision,,,,,,,,,,,1,2,1,1,6
200700029171,0007-05-14 11:48:00,7,5,14,11,48,630,113,BERGOUGNAN (AVENUE RAYMO,,,Plein jour,En agglomération,Hors intersection,Normale,Autre collision,,,,,,,,,,,1,2,1,1,6
200700029172,0007-05-14 16:20:00,7,5,14,16,20,630,113,"1, BLANZAT (RUE DE)",,,Plein jour,En agglomération,Hors intersection,Normale,Autre collision,,,,,,,,,,,1,2,1,1,6
200700029173,0007-05-15 12:11:00,7,5,15,12,11,630,113,"105, LAVOISIERS (BD)",,,Plein jour,En agglomération,Hors intersection,Normale,Deux véhicules - côté,,,,,,,,,,,1,2,1,1,3
200700029174,0007-05-15 13:55:00,7,5,15,13,55,630,14,"., MOULIN (AVENUE JEAN)",,,Plein jour,En agglomération,Intersection en X,Normale,Autre collision,,,,,,,,,,,1,2,2,1,6
200700029175,0007-05-16 09:40:00,7,5,16,9,40,630,14,"-, CRISTAL (AVENUE ERNES",,,Plein jour,En agglomération,Hors intersection,Normale,Autre collision,,,,,,,,,,,1,2,1,1,6
200700029176,0007-05-16 14:10:00,7,5,16,14,10,630,113,"-, VENERABLE (RUE PIERRE",,,Plein jour,En agglomération,Intersection en X,Normale,Autre collision,,,,,,,,,,,1,2,2,1,6
200700029177,0007-05-16 16:56:00,7,5,16,16,56,630,32,"., ROMAGNAT (ROUTE DE)",,,Plein jour,En agglomération,Intersection en T,Normale,Deux véhicules - côté,,,,,,,,,,,1,2,3,1,3
200700029178,0007-05-17 18:55:00,7,5,17,18,55,630,113,"11, ROOSEVELT (AVENUE FR",,,Plein jour,En agglomération,Hors intersection,Normale,Autre collision,,,,,,,,,,,1,2,1,1,6
200700029179,0007-05-18 12:45:00,7,5,18,12,45,630,113,"-, CHANELLES (RUE DES)",,,Plein jour,En agglomération,Hors intersection,Normale,Autre collision,,,,,,,,,,,1,2,1,1,6
200700029180,0007-05-21 13:45:00,7,5,21,13,45,630,113,BERTHELOT (BOULEVARD),,,Plein jour,En agglomération,Hors intersection,Normale,Trois véhicules et plus - collisions multiples,,,,,,,,,,,1,2,1,1,5
200700029181,0007-05-21 19:15:00,7,5,21,19,15,630,113,"1, DUMAS (BD J.BAPTISTE)",,,Plein jour,En agglomération,Hors intersection,Normale,Deux véhicules - arrière,,,,,,,,,,,1,2,1,1,2
200700029182,0007-05-22 20:35:00,7,5,22,20,35,630,113,"., BEAULIEU (CHEMIN DE)",,,Plein jour,Hors agglomération,Hors intersection,Normale,Sans collision,,,,,,,,,,,1,1,1,1,7
200700029183,0007-05-23 10:23:00,7,5,23,10,23,630,75,"54, VOIE ROMAINE",,,Plein jour,En agglomération,Hors intersection,Normale,Autre collision,,,,,,,,,,,1,2,1,1,6
200700029184,0007-05-23 12:20:00,7,5,23,12,20,630,113,"-, HOSPITAL (RUE DR)",,,Plein jour,En agglomération,Intersection en X,Normale,Autre collision,,,,,,,,,,,1,2,2,1,6
200700029185,0007-05-23 14:00:00,7,5,23,14,0,630,113,RENOUX (PLACE),,,Plein jour,En agglomération,Hors intersection,Normale,Autre collision,,,,,,,,,,,1,2,1,1,6
200700029186,0007-05-23 16:15:00,7,5,23,16,15,630,113,"1, REPUBLIQUE (AVENUE DE",,,Plein jour,En agglomération,Hors intersection,Normale,Trois véhicules et plus - en chaîne,,,,,,,,,,,1,2,1,1,4
200700029187,0007-05-23 18:25:00,7,5,23,18,25,630,113,"10, LAFAYETTE (BD)",,,Plein jour,En agglomération,Hors intersection,Normale,Trois véhicules et plus - en chaîne,,,,,,,,,,,1,2,1,1,4
200700029188,0007-05-23 20:18:00,7,5,23,20,18,630,113,"70, FRANCE (RUE ANATOLE)",,,Plein jour,En agglomération,Hors intersection,Normale,Autre collision,,,,,,,,,,,1,2,1,1,6
200700029189,0007-05-24 07:25:00,7,5,24,7,25,630,113,"-, OURAGAN (RUE DU TCD)",,,Plein jour,En agglomération,Hors intersection,Normale,Autre collision,,,,,,,,,,,1,2,1,1,6
200700029190,0007-05-25 06:20:00,7,5,25,6,20,630,113,"35, PONCILLON (RUE)",,,Plein jour,En agglomération,Hors intersection,Normale,Deux véhicules - frontale,,,,,,,,,,,1,2,1,1,1
200700029191,0007-05-26 09:23:00,7,5,26,9,23,630,113,"., POURCHON (BD MAURICE)",,,Plein jour,En agglomération,Hors intersection,Normale,Trois véhicules et plus - en chaîne,,,,,,,,,,,1,2,1,1,4
200700029192,0007-05-29 14:28:00,7,5,29,14,28,630,113,"., CHAMPRATEL (RUE DE)",,,Plein jour,En agglomération,Hors intersection,Normale,Autre collision,,,,,,,,,,,1,2,1,1,6
200700029193,0007-05-29 14:40:00,7,5,29,14,40,630,113,"-, BEAULIEU (CHEMIN DE)",,,Plein jour,En agglomération,Hors intersection,Normale,Autre collision,,,,,,,,,,,1,2,1,1,6
200700029194,0007-05-31 12:15:00,7,5,31,12,15,630,113,"1, SAINT JEAN (BD)",,,Plein jour,En agglomération,Hors intersection,Normale,Deux véhicules - arrière,,,,,,,,,,,1,2,1,1,2
200700029195,0007-05-19 17:00:00,7,5,19,17,0,630,124,"25, LIBERTE (AVENUE DE L",,,Plein jour,En agglomération,Hors intersection,Normale,Deux véhicules - côté,,,,,,,,,,,1,2,1,1,3
200700029196,0007-05-22 07:50:00,7,5,22,7,50,630,124,PASTEUR (BOULEVARD),,,Plein jour,En agglomération,Hors intersection,Normale,Autre collision,,,,,,,,,,,1,2,1,1,6
200700029197,0007-05-05 15:35:00,7,5,5,15,35,630,103,RD 227,,,Plein jour,Hors agglomération,Hors intersection,Normale,Deux véhicules - frontale,,,,,,,,,,,1,1,1,1,1
200700029198,0007-05-13 04:11:00,7,5,13,4,11,630,300,ROCADE RD 446,,,Nuit sans éclairage public,Hors agglomération,Hors intersection,Normale,Autre collision,,,,,,,,,,,3,1,1,1,6
200700029199,0007-05-30 08:10:00,7,5,30,8,10,630,300,RD986,,,Plein jour,En agglomération,Hors intersection,Normale,Autre collision,,,,,,,,,,,1,2,1,1,6
200700029200,0007-05-03 23:50:00,7,5,3,23,50,640,102,ARROUSET (RUE D'),,,Nuit avec éclairage allumé,En agglomération,Intersection en T,Pluie forte,Deux véhicules - côté,,,,,,,,,,,5,2,3,3,3
200700029201,0007-05-05 14:30:00,7,5,5,14,30,640,24,"30, FLEURISTES (RUE DES)",,,Plein jour,En agglomération,Intersection en T,Normale,Deux véhicules - côté,,,,,,,,,,,1,2,3,1,3
200700029202,0007-05-06 12:50:00,7,5,6,12,50,640,102,"20, AMOU (BOULEVARD JEAN",,,Plein jour,En agglomération,Intersection en T,Normale,Deux véhicules - côté,,,,,,,,,,,1,2,3,1,3
200700029203,0007-05-09 12:41:00,7,5,9,12,41,640,102,"4, GAUDEUL (RUE DU DOCTE",,,Plein jour,En agglomération,Intersection en T,Normale,Deux véhicules - côté,,,,,,,,,,,1,2,3,1,3
200700029204,0007-05-11 12:09:00,7,5,11,12,9,640,102,BOUFFLERS (ALLEES),,,Plein jour,En agglomération,Intersection en T,Normale,Deux véhicules - côté,,,,,,,,,,,1,2,3,1,3
200700029205,0007-05-11 15:20:00,7,5,11,15,20,640,102,"50, RESPLANDY (AVENUE DU",,,Plein jour,En agglomération,Hors intersection,Normale,Deux véhicules - arrière,,,,,,,,,,,1,2,1,1,2
200700029206,0007-05-15 15:40:00,7,5,15,15,40,640,24,"., CEINTURE CENTRE COMME",,,Plein jour,En agglomération,Intersection en T,Normale,Deux véhicules - côté,,,,,,,,,,,1,2,3,1,3
200700029207,0007-05-18 16:19:00,7,5,18,16,19,640,24,PLAGES (BOULEVARD DES),,,Plein jour,En agglomération,Intersection en X,Normale,Deux véhicules - côté,,,,,,,,,,,1,2,2,1,3
200700029208,0007-05-18 19:46:00,7,5,18,19,46,640,102,"15, MOUNEDE (AVENUE DE)",,,Plein jour,En agglomération,Hors intersection,Normale,Deux véhicules - arrière,,,,,,,,,,,1,2,1,1,2
200700029209,0007-05-19 01:15:00,7,5,19,1,15,640,24,"141, BARRE (PROMENADE DE",,,Nuit avec éclairage allumé,En agglomération,Hors intersection,Normale,Autre collision,,,,,,,,,,,5,2,1,1,6
200700029210,0007-05-24 14:11:00,7,5,24,14,11,640,102,"23, ALSACE LORRAINE (BOU",,,Plein jour,En agglomération,Intersection en X,Normale,Deux véhicules - arrière,,,,,,,,,,,1,2,2,1,2
200700029211,0007-05-26 00:40:00,7,5,26,0,40,640,102,"1, BARTHES (CHEMIN DES)",,,Nuit avec éclairage allumé,En agglomération,Hors intersection,Pluie forte,Deux véhicules - frontale,,,,,,,,,,,5,2,1,3,1
200700029212,0007-05-27 01:30:00,7,5,27,1,30,640,24,"191, ADOUR (AVENUE DE L'",,,Nuit avec éclairage allumé,En agglomération,Hors intersection,Normale,Autre collision,,,,,,,,,,,5,2,1,1,6
200700029213,0007-05-29 16:55:00,7,5,29,16,55,640,102,"90, NAVARRE (AVENUE HENR",,,Plein jour,En agglomération,Hors intersection,Normale,Autre collision,,,,,,,,,,,1,2,1,1,6
200700029214,0007-05-30 14:30:00,7,5,30,14,30,640,24,"., CEINTURE CENTRE COMME",,,Plein jour,En agglomération,Hors intersection,Normale,Sans collision,,,,,,,,,,,1,2,1,1,7
200700029215,0007-05-04 14:20:00,7,5,4,14,20,640,445,JEAN MERMOZ,,,Plein jour,En agglomération,Hors intersection,Normale,Deux véhicules - côté,,,,,,,,,,,1,2,1,1,3
200700029216,0007-05-09 20:45:00,7,5,9,20,45,640,445,OLOF PALME,,,Plein jour,En agglomération,Hors intersection,Normale,Autre collision,,,,,,,,,,,1,2,1,1,6
200700029217,0007-05-09 18:50:00,7,5,9,18,50,640,284,"1, 18 JUIN 1940 DU",,,Plein jour,En agglomération,Hors intersection,Normale,Deux véhicules - arrière,,,,,,,,,,,1,2,1,1,2
200700029218,0007-05-09 14:30:00,7,5,9,14,30,640,445,"1, GASTON PHOEBUS",,,Plein jour,En agglomération,Intersection en X,Normale,Deux véhicules - côté,,,,,,,,,,,1,2,2,1,3
200700029219,0007-05-09 21:25:00,7,5,9,21,25,640,445,"15, NOGUE",,,Nuit avec éclairage allumé,En agglomération,Hors intersection,Normale,Autre collision,,,,,,,,,,,5,2,1,1,6
200700029220,0007-05-09 16:00:00,7,5,9,16,0,640,335,"1, PESQUIT DU",,,Plein jour,En agglomération,Hors intersection,Normale,Deux véhicules - côté,,,,,,,,,,,1,2,1,1,3
200700029221,0007-05-10 18:15:00,7,5,10,18,15,640,129,"50, MARNIERES LES",,,Plein jour,En agglomération,Hors intersection,Normale,Autre collision,,,,,,,,,,,1,2,1,1,6
200700029222,0007-05-10 21:50:00,7,5,10,21,50,640,335,"1, SANTOS-DUMONT",,,Nuit avec éclairage allumé,Hors agglomération,Hors intersection,Normale,Autre collision,,,,,,,,,,,5,1,1,1,6
200700029223,0007-05-19 06:00:00,7,5,19,6,0,640,445,"173, PAIX",,,Nuit avec éclairage allumé,En agglomération,Intersection en X,Pluie légère,Deux véhicules - frontale,,,,,,,,,,,5,2,2,2,1
200700029224,0007-05-18 22:20:00,7,5,18,22,20,640,445,"1, GENERAL DE GAULLE DU",,,Nuit avec éclairage allumé,En agglomération,Hors intersection,Normale,Deux véhicules - côté,,,,,,,,,,,5,2,1,1,3
200700029225,0007-05-20 11:30:00,7,5,20,11,30,640,445,", LOUP DU",,,Plein jour,En agglomération,Hors intersection,Normale,Autre collision,,,,,,,,,,,1,2,1,1,6
200700029226,0007-05-21 18:00:00,7,5,21,18,0,640,129,BAYONNE DE,,,Plein jour,En agglomération,Hors intersection,Normale,Deux véhicules - côté,,,,,,,,,,,1,2,1,1,3
200700029227,0007-05-22 23:45:00,7,5,22,23,45,640,445,"14, SAMONZET",,,Nuit avec éclairage allumé,En agglomération,Intersection en X,Normale,Deux véhicules - côté,,,,,,,,,,,5,2,2,1,3
200700029228,0007-05-21 20:00:00,7,5,21,20,0,640,445,"1, MANESCAU",,,Plein jour,En agglomération,Intersection en X,Normale,Deux véhicules - côté,,,,,,,,,,,1,2,2,1,3
200700029229,0007-05-21 17:30:00,7,5,21,17,30,640,445,"1, SALVADOR ALLENDE",,,Plein jour,En agglomération,Hors intersection,Normale,Autre collision,,,,,,,,,,,1,2,1,1,6
200700029230,0007-05-22 16:15:00,7,5,22,16,15,640,129,BAYONNE DE,,,Plein jour,En agglomération,Hors intersection,Normale,Deux véhicules - arrière,,,,,,,,,,,1,2,1,1,2
200700029231,0007-05-23 16:55:00,7,5,23,16,55,640,445,"1, RECTEUR JEAN SARRAILH",,,Plein jour,En agglomération,Hors intersection,Normale,Deux véhicules - arrière,,,,,,,,,,,1,2,1,1,2
200700029232,0007-05-26 19:35:00,7,5,26,19,35,640,335,LESCAR DE (ROCADE),,,Plein jour,Hors agglomération,Hors intersection,Pluie forte,Deux véhicules - frontale,,,,,,,,,,,1,1,1,3,1
200700029233,0007-05-27 01:25:00,7,5,27,1,25,640,445,"90, LOUP DU",,,Nuit avec éclairage allumé,En agglomération,Intersection en T,Normale,Autre collision,,,,,,,,,,,5,2,3,1,6
200700029234,0007-05-29 18:40:00,7,5,29,18,40,640,269,TARBES DE,,,Plein jour,En agglomération,Hors intersection,Normale,Deux véhicules - côté,,,,,,,,,,,1,2,1,1,3
200700029235,0007-05-31 09:55:00,7,5,31,9,55,640,445,"1, MARECHAL LECLERC DU",,,Plein jour,En agglomération,Hors intersection,Normale,Deux véhicules - côté,,,,,,,,,,,1,2,1,1,3
200700029236,0007-05-04 16:10:00,7,5,4,16,10,640,260,RN 111,,,Plein jour,En agglomération,Intersection en T,Normale,Deux véhicules - côté,,,,,,,,,,,1,2,3,1,3
200700029237,0007-05-12 17:55:00,7,5,12,17,55,640,260,CD358,,,Plein jour,En agglomération,Hors intersection,Normale,Deux véhicules - arrière,,,,,,,,,,,1,2,1,1,2
200700029238,0007-05-01 04:10:00,7,5,1,4,10,640,483,RN10,,,Nuit sans éclairage public,Hors agglomération,Hors intersection,Pluie légère,Deux véhicules - arrière,,,,,,,,,,,3,1,1,2,2
200700029239,0007-05-01 18:00:00,7,5,1,18,0,640,483,CHANTACO (AVENUE DE ),,,Plein jour,En agglomération,Intersection en T,Pluie légère,Trois véhicules et plus - en chaîne,,,,,,,,,,,1,2,3,2,4
200700029240,0007-05-05 15:45:00,7,5,5,15,45,640,483,"1, FARERE CLAUDE (AVENUE",,,Plein jour,Hors agglomération,Intersection en T,Normale,Deux véhicules - côté,,,,,,,,,,,1,1,3,1,3
200700029241,0007-05-05 20:45:00,7,5,5,20,45,640,483,"43, THIERS ADOLPHE (BOUL",,,Nuit avec éclairage allumé,En agglomération,Hors intersection,Normale,Autre collision,,,,,,,,,,,5,2,1,1,6
200700029242,0007-05-11 10:50:00,7,5,11,10,50,640,545,"1, RN10",,,Plein jour,Hors agglomération,Hors intersection,Normale,Autre collision,,,,,,,,,,,1,1,1,1,6
200700029243,0007-05-22 04:40:00,7,5,22,4,40,640,483,LAHANCHIPIA (AVENUE),,,Nuit avec éclairage non allumé,Hors agglomération,Hors intersection,Normale,Deux véhicules - frontale,,,,,,,,,,,4,1,1,1,1
200700029244,0007-05-03 10:25:00,7,5,3,10,25,640,483,RN10,,,Plein jour,Hors agglomération,Hors intersection,Normale,Deux véhicules - arrière,,,,,,,,,,,1,1,1,1,2
200700029245,0007-05-11 02:10:00,7,5,11,2,10,640,545,RN10,,,Nuit avec éclairage allumé,En agglomération,Hors intersection,Normale,Autre collision,,,,,,,,,,,5,2,1,1,6
200700029246,0007-05-30 16:30:00,7,5,30,16,30,640,260,CD 912,,,Plein jour,Hors agglomération,Hors intersection,Normale,Deux véhicules - frontale,,,,,,,,,,,1,1,1,1,1
200700029247,0007-05-26 12:15:00,7,5,26,12,15,640,189,BRETELLE DE SOCOA RD 913,,,Plein jour,Hors agglomération,Hors intersection,Pluie légère,Autre collision,,,,,,,,,,,1,1,1,2,6
200700029248,0007-05-07 12:50:00,7,5,7,12,50,650,286,"1, LAURENCE (PLACE MONSE",,,Plein jour,En agglomération,Hors intersection,Normale,Autre collision,,,,,,,,,,,1,2,1,1,6
200700029249,0007-05-01 12:50:00,7,5,1,12,50,650,226,"., BAGNERES (CHEMIN DU)",,,Plein jour,Hors agglomération,Hors intersection,Pluie forte,Deux véhicules - frontale,,,,,,,,,,,1,1,1,3,1
200700029250,0007-05-01 19:10:00,7,5,1,19,10,650,251,"., MARECHAL FOCH (RUE DU",,,Plein jour,En agglomération,Hors intersection,Pluie légère,Deux véhicules - côté,,,,,,,,,,,1,2,1,2,3
200700029251,0007-05-02 08:00:00,7,5,2,8,0,650,440,"., FRATERNITE (RUE DE LA",,,Plein jour,En agglomération,Intersection en T,Normale,Trois véhicules et plus - en chaîne,,,,,,,,,,,1,2,3,1,4
200700029252,0007-05-02 17:10:00,7,5,2,17,10,650,433,"., CURIE (BOULEVARD JOLI",,,Plein jour,En agglomération,Giratoire,Normale,Autre collision,,,,,,,,,,,1,2,6,1,6
200700029253,0007-05-03 10:50:00,7,5,3,10,50,650,440,"., LACAUSSADE (BOULEVARD",,,Plein jour,En agglomération,Intersection en X,Normale,Autre collision,,,,,,,,,,,1,2,2,1,6
200700029254,0007-05-03 20:05:00,7,5,3,20,5,650,440,"., REGIMENT DE BIGORRE (",,,Crépuscule ou aube,En agglomération,Intersection en X,Pluie forte,Deux véhicules - frontale,,,,,,,,,,,2,2,2,3,1
200700029255,0007-05-05 07:00:00,7,5,5,7,0,650,417,"., ROND POINT SAINT-FRAI",,,Plein jour,En agglomération,Giratoire,Normale,Deux véhicules - arrière,,,,,,,,,,,1,2,6,1,2
200700029256,0007-05-06 00:15:00,7,5,6,0,15,650,440,CLEMENCEAU (RUE GEORGES),,,Nuit avec éclairage allumé,En agglomération,Intersection en X,Pluie légère,Autre collision,,,,,,,,,,,5,2,2,2,6
200700029257,0007-05-08 13:15:00,7,5,8,13,15,650,440,DEBUSSY (BOULEVARD CLAUD,,,Plein jour,En agglomération,Intersection en X,Normale,Deux véhicules - côté,,,,,,,,,,,1,2,2,1,3
200700029258,0007-05-08 21:50:00,7,5,8,21,50,650,440,"85, CORPS FRANC POMMIES",,,Nuit avec éclairage allumé,En agglomération,Intersection en T,Normale,Trois véhicules et plus - en chaîne,,,,,,,,,,,5,2,3,1,4
200700029259,0007-05-09 10:25:00,7,5,9,10,25,650,440,"., ALSACE LORRAINE (AVEN",,,Plein jour,En agglomération,Intersection en T,Normale,Trois véhicules et plus - en chaîne,,,,,,,,,,,1,2,3,1,4
200700029260,0007-05-09 14:10:00,7,5,9,14,10,650,440,"50, FOURCADE (RUE ANDRE)",,,Plein jour,En agglomération,Hors intersection,Normale,Deux véhicules - arrière,,,,,,,,,,,1,2,1,1,2
200700029261,0007-05-09 18:45:00,7,5,9,18,45,650,440,SAINT FRAI (ROND POINT),,,Plein jour,En agglomération,Giratoire,Normale,Deux véhicules - côté,,,,,,,,,,,1,2,6,1,3
200700029262,0007-05-11 11:25:00,7,5,11,11,25,650,226,PAU (ROUTE DE),,,Plein jour,En agglomération,Intersection en X,Normale,Deux véhicules - côté,,,,,,,,,,,1,2,2,1,3
200700029263,0007-05-11 22:45:00,7,5,11,22,45,650,440,"., LAFORGUE (AVENUE JULE",,,Nuit avec éclairage allumé,En agglomération,Intersection en X,Normale,Deux véhicules - côté,,,,,,,,,,,5,2,2,1,3
200700029264,0007-05-13 18:35:00,7,5,13,18,35,650,417,MITTERRAND (AVENUE FRANC,,,Plein jour,En agglomération,Intersection en T,Normale,Deux véhicules - arrière,,,,,,,,,,,1,2,3,1,2
200700029265,0007-05-15 08:25:00,7,5,15,8,25,650,440,"1, LASSALLE (RUE GEORGES",,,Plein jour,En agglomération,Place,Normale,Trois véhicules et plus - en chaîne,,,,,,,,,,,1,2,7,1,4
200700029266,0007-05-19 16:30:00,7,5,19,16,30,650,226,"., BAGNERES (CHEMIN DU)",,,Plein jour,Hors agglomération,Hors intersection,Pluie forte,Sans collision,,,,,,,,,,,1,1,1,3,7
200700029267,0007-05-22 17:30:00,7,5,22,17,30,650,440,UNIVERSITE (ROND POINT D,,,Plein jour,En agglomération,Giratoire,Normale,Trois véhicules et plus - en chaîne,,,,,,,,,,,1,2,6,1,4
200700029268,0007-05-24 13:25:00,7,5,24,13,25,650,251,R.D.92,,,Plein jour,Hors agglomération,Intersection en X,Normale,Deux véhicules - côté,,,,,,,,,,,1,1,2,1,3
200700029269,0007-05-24 18:40:00,7,5,24,18,40,650,226,PAU (ROUTE DE),,,Plein jour,Hors agglomération,Intersection en T,Pluie légère,Deux véhicules - côté,,,,,,,,,,,1,1,3,2,3
200700029270,0007-05-25 08:25:00,7,5,25,8,25,650,440,"68, LASSALLE (RUE GEORGE",,,Plein jour,En agglomération,Intersection en T,Normale,Deux véhicules - côté,,,,,,,,,,,1,2,3,1,3
200700029271,0007-05-26 08:15:00,7,5,26,8,15,650,417,"., SPORTS (AVENUE DES)",,,Plein jour,En agglomération,Intersection en T,Pluie forte,Autre collision,,,,,,,,,,,1,2,3,3,6
200700029272,0007-05-30 14:35:00,7,5,30,14,35,650,440,"., JOFFRE (AVENUE DU MAR",,,Plein jour,En agglomération,Intersection en X,Normale,Autre collision,,,,,,,,,,,1,2,2,1,6
200700029273,0007-05-29 19:15:00,7,5,29,19,15,650,440,"., FOULON (RUE DU)",,,Plein jour,En agglomération,Intersection en X,Normale,Deux véhicules - côté,,,,,,,,,,,1,2,2,1,3
200700029274,0007-05-30 03:25:00,7,5,30,3,25,650,440,LOURDES (ROND-POINT ROUT,,,Nuit avec éclairage allumé,En agglomération,Giratoire,Normale,Autre collision,,,,,,,,,,,5,2,6,1,6
200700029275,0007-05-30 14:45:00,7,5,30,14,45,650,47,"., RIMBAUD (RUE ARTHUR)",,,Plein jour,En agglomération,Intersection en T,Normale,Deux véhicules - frontale,,,,,,,,,,,1,2,3,1,1
200700029276,0007-05-31 13:40:00,7,5,31,13,40,650,440,"19, MOUSIS (RUE FRANCOIS",,,Plein jour,En agglomération,Hors intersection,Normale,Autre collision,,,,,,,,,,,1,2,1,1,6
200700029277,0007-05-06 10:50:00,7,5,6,10,50,660,136,"21, ROUDAYRE (AVENUE EMI",,,Plein jour,En agglomération,Hors intersection,Normale,Autre collision,,,,,,,,,,,1,2,1,1,6
200700029278,0007-05-15 15:20:00,7,5,15,15,20,660,136,"25, CLEMENCEAU (BOULEVAR",,,Plein jour,En agglomération,Hors intersection,Normale,Autre collision,,,,,,,,,,,1,2,1,1,6
200700029279,0007-05-16 16:20:00,7,5,16,16,20,660,136,SEVIGNE (MADAME MARIE DE,,,Plein jour,En agglomération,Hors intersection,Normale,Autre collision,,,,,,,,,,,1,2,1,1,6
200700029280,0007-05-16 23:20:00,7,5,16,23,20,660,136,"74, PALAIS-DES-EXPO (AVE",,,Nuit avec éclairage allumé,En agglomération,Hors intersection,Normale,Deux véhicules - arrière,,,,,,,,,,,5,2,1,1,2
200700029281,0007-05-20 14:10:00,7,5,20,14,10,660,136,SALANQUE (AVENUE DE),,,Plein jour,En agglomération,Hors intersection,Normale,Deux véhicules - côté,,,,,,,,,,,1,2,1,1,3
200700029282,0007-05-20 11:20:00,7,5,20,11,20,660,136,", POINCARE (BOULEVARD HE",,,Plein jour,En agglomération,Hors intersection,Normale,Autre collision,,,,,,,,,,,1,2,1,1,6
200700029283,0007-05-17 15:45:00,7,5,17,15,45,660,136,PENETRANTE NORD,,,Plein jour,Hors agglomération,Hors intersection,Normale,Trois véhicules et plus - en chaîne,,,,,,,,,,,1,1,1,1,4