accident_id,datetime,annee,mois,jour,heure,minute,departement,commune_insee,adresse,latitude,longitude,luminosite,agglomeration,intersection,meteo,collision,nb_vehicules,nb_usagers,nb_indemnes,nb_tues,nb_blesses_hosp,nb_blesses_legers,age_cond_1,age_cond_2,veh_type_cond_1,veh_type_cond_2,lum_code,agg_code,int_code,atm_code,col_code
200700029284,0007-05-19 13:45:00,7,5,19,13,45,660,136,"12, PRADES (AVENUE DE)",,,Plein jour,En agglomération,Hors intersection,Normale,Deux véhicules - côté,,,,,,,,,,,1,2,1,1,3
200700029285,0007-05-05 17:15:00,7,5,5,17,15,670,180,BITCHE (ROUTE DE),,,Plein jour,Hors agglomération,Hors intersection,Normale,Trois véhicules et plus - collisions multiples,,,,,,,,,,,1,1,1,1,5
200700029286,0007-05-16 14:01:00,7,5,16,14,1,670,462,GENERAL DE GAULLE (AVENU,,,Plein jour,En agglomération,Hors intersection,Pluie légère,Autre collision,,,,,,,,,,,1,2,1,2,6
200700029287,0007-05-01 20:30:00,7,5,1,20,30,670,482,DORDOGNE (BOULEVARD DE L,,,Nuit avec éclairage non allumé,En agglomération,Intersection en X,Normale,Deux véhicules - arrière,,,,,,,,,,,4,2,2,1,2
200700029288,0007-05-02 12:10:00,7,5,2,12,10,670,267,"16, PRES (RUE DES)",,,Plein jour,En agglomération,Hors intersection,Normale,Deux véhicules - frontale,,,,,,,,,,,1,2,1,1,1
200700029289,0007-05-02 18:30:00,7,5,2,18,30,670,204,"00, REPUBLIQUE (RUE DE L",,,Plein jour,En agglomération,Intersection en T,Normale,Deux véhicules - côté,,,,,,,,,,,1,2,3,1,3
200700029290,0007-05-03 09:05:00,7,5,3,9,5,670,482,"0, ESPLANADE (ROND POINT",,,Plein jour,En agglomération,Hors intersection,Normale,Autre collision,,,,,,,,,,,1,2,1,1,6
200700029291,0007-05-03 18:05:00,7,5,3,18,5,670,482,ROME (RUE DE),,,Plein jour,En agglomération,Intersection en T,Temps couvert,Autre collision,,,,,,,,,,,1,2,3,8,6
200700029292,0007-05-03 18:30:00,7,5,3,18,30,670,482,"0, COULAUX (RUE)",,,Plein jour,En agglomération,Hors intersection,Normale,Autre collision,,,,,,,,,,,1,2,1,1,6
200700029293,0007-05-03 19:35:00,7,5,3,19,35,670,482,ETOILE (PLACE DE L ),,,Plein jour,En agglomération,Intersection en Y,Normale,Autre collision,,,,,,,,,,,1,2,4,1,6
200700029294,0007-05-04 04:20:00,7,5,4,4,20,670,447,BISCHWILLER (ROUTE DE),,,Nuit avec éclairage allumé,En agglomération,Hors intersection,Normale,Autre collision,,,,,,,,,,,5,2,1,1,6
200700029295,0007-05-04 12:30:00,7,5,4,12,30,670,482,"0, ROHRSCHOLLEN (ROUTE D",,,Plein jour,En agglomération,Hors intersection,Normale,Deux véhicules - côté,,,,,,,,,,,1,2,1,1,3
200700029296,0007-05-05 12:10:00,7,5,5,12,10,670,482,"0, GEORGES WODLI (RUE)",,,Plein jour,En agglomération,Hors intersection,Normale,Deux véhicules - côté,,,,,,,,,,,1,2,1,1,3
200700029297,0007-05-07 21:00:00,7,5,7,21,0,670,482,"0, BOUSSINGAULT (RUE)",,,Crépuscule ou aube,En agglomération,Intersection en T,Normale,Deux véhicules - arrière,,,,,,,,,,,2,2,3,1,2
200700029298,0007-05-08 14:20:00,7,5,8,14,20,670,365,"00, GENERAL LECLERC (RUE",,,Plein jour,En agglomération,Intersection en X,Normale,Deux véhicules - arrière,,,,,,,,,,,1,2,2,1,2
200700029299,0007-05-10 09:30:00,7,5,10,9,30,670,482,"00, RHIN (ROUTE DU)",,,Plein jour,En agglomération,Intersection en X,Normale,Deux véhicules - côté,,,,,,,,,,,1,2,2,1,3
200700029300,0007-05-12 23:15:00,7,5,12,23,15,670,482,"0, RHEINFELD (RUE DE)",,,Nuit avec éclairage allumé,En agglomération,Hors intersection,Normale,Deux véhicules - côté,,,,,,,,,,,5,2,1,1,3
200700029301,0007-05-12 18:06:00,7,5,12,18,6,670,482,"00, RHIN (ROUTE DU)",,,Plein jour,En agglomération,Intersection à plus de 4 branches,Normale,Deux véhicules - côté,,,,,,,,,,,1,2,5,1,3
200700029302,0007-05-13 16:30:00,7,5,13,16,30,670,482,"00, MARCHE GARE (RUE DU)",,,Plein jour,En agglomération,Hors intersection,Normale,Autre collision,,,,,,,,,,,1,2,1,1,6
200700029303,0007-05-14 13:10:00,7,5,14,13,10,670,482,"00, MITTELHAUSBERGEN (RO",,,Plein jour,En agglomération,Intersection en T,Pluie forte,Deux véhicules - côté,,,,,,,,,,,1,2,3,3,3
200700029304,0007-05-14 15:25:00,7,5,14,15,25,670,482,"00, BERNE (RUE DE)",,,Plein jour,En agglomération,Intersection en X,Pluie légère,Autre collision,,,,,,,,,,,1,2,2,2,6
200700029305,0007-05-14 17:10:00,7,5,14,17,10,670,365,23 NOVEMBRE (RUE DU),,,Plein jour,En agglomération,Giratoire,Pluie forte,Autre collision,,,,,,,,,,,1,2,6,3,6
200700029306,0007-05-14 19:25:00,7,5,14,19,25,670,482,"148, POLYGONE (ROUTE DU)",,,Plein jour,En agglomération,Hors intersection,Pluie forte,Deux véhicules - côté,,,,,,,,,,,1,2,1,3,3
200700029307,0007-05-15 08:15:00,7,5,15,8,15,670,482,"23, HOMME DE FER (PLACE",,,Plein jour,En agglomération,Hors intersection,Pluie légère,Autre collision,,,,,,,,,,,1,2,1,2,6
200700029308,0007-05-15 11:30:00,7,5,15,11,30,670,482,MONTAGNE VERTE (RUE DE L,,,Plein jour,En agglomération,Intersection en X,Normale,Deux véhicules - côté,,,,,,,,,,,1,2,2,1,3
200700029309,0007-05-15 12:05:00,7,5,15,12,5,670,482,"00, POITOU (RUE DU)",,,Plein jour,En agglomération,Intersection en T,Normale,Autre collision,,,,,,,,,,,1,2,3,1,6
200700029310,0007-05-15 14:40:00,7,5,15,14,40,670,482,RHIN (ROUTE DU),,,Plein jour,En agglomération,Intersection en X,Normale,Deux véhicules - côté,,,,,,,,,,,1,2,2,1,3
200700029311,0007-05-15 18:05:00,7,5,15,18,5,670,482,"0, KOENIGSHOFFEN (RUE DE",,,Plein jour,En agglomération,Hors intersection,Normale,Autre collision,,,,,,,,,,,1,2,1,1,6
200700029312,0007-05-16 17:50:00,7,5,16,17,50,670,482,"0, RHIN (ROUTE DU)",,,Plein jour,En agglomération,Hors intersection,Pluie légère,Trois véhicules et plus - collisions multiples,,,,,,,,,,,1,2,1,2,5
200700029313,0007-05-18 15:45:00,7,5,18,15,45,670,482,"00, LANDSBERG (RUE DU)",,,Plein jour,En agglomération,Hors intersection,Normale,Deux véhicules - côté,,,,,,,,,,,1,2,1,1,3
200700029314,0007-05-19 15:30:00,7,5,19,15,30,670,447,"130, BISCHWILLER (ROUTE",,,Plein jour,En agglomération,Intersection en X,Normale,Autre collision,,,,,,,,,,,1,2,2,1,6
200700029315,0007-05-20 16:45:00,7,5,20,16,45,670,482,"12, KOCH (QUAI)",,,Plein jour,En agglomération,Intersection en T,Normale,Autre collision,,,,,,,,,,,1,2,3,1,6
200700029316,0007-05-20 17:15:00,7,5,20,17,15,670,482,"00, ILL (RUE DE L )",,,Plein jour,En agglomération,Hors intersection,Normale,Deux véhicules - arrière,,,,,,,,,,,1,2,1,1,2
200700029317,0007-05-20 19:20:00,7,5,20,19,20,670,447,"2, GABRIELLE COLETTE (RU",,,Plein jour,En agglomération,Hors intersection,Normale,Autre collision,,,,,,,,,,,1,2,1,1,6
200700029318,0007-05-22 17:00:00,7,5,22,17,0,670,365,"17, GLACIERE (RUE DE LA)",,,Plein jour,En agglomération,Hors intersection,Normale,Autre collision,,,,,,,,,,,1,2,1,1,6
200700029319,0007-05-22 19:00:00,7,5,22,19,0,670,365,"0, PASTEUR (RUE)",,,Plein jour,En agglomération,Intersection en Y,Normale,Deux véhicules - arrière,,,,,,,,,,,1,2,4,1,2
200700029320,0007-05-23 11:40:00,7,5,23,11,40,670,447,"0, DETTWILLER (RUE DE)",,,Plein jour,En agglomération,Intersection en X,Normale,Autre collision,,,,,,,,,,,1,2,2,1,6
200700029321,0007-05-23 12:55:00,7,5,23,12,55,670,447,"0, MARAIS (RUE DU)",,,Plein jour,En agglomération,Hors intersection,Normale,Autre collision,,,,,,,,,,,1,2,1,1,6
200700029322,0007-05-23 14:45:00,7,5,23,14,45,670,482,VIEUX MARCHE AUX VINS (P,,,Plein jour,En agglomération,Hors intersection,Normale,Autre collision,,,,,,,,,,,1,2,1,1,6
200700029323,0007-05-23 14:50:00,7,5,23,14,50,670,482,MOLIERE (AVENUE),,,Plein jour,En agglomération,Intersection en X,Normale,Autre collision,,,,,,,,,,,1,2,2,1,6
200700029324,0007-05-24 08:30:00,7,5,24,8,30,670,482,"00, ALPES (QUAI DES)",,,Plein jour,En agglomération,Autre intersection,Normale,Autre collision,,,,,,,,,,,1,2,9,1,6
200700029325,0007-05-24 10:00:00,7,5,24,10,0,670,482,"0, RHIN (ROUTE DU)",,,Plein jour,En agglomération,Hors intersection,Normale,Trois véhicules et plus - collisions multiples,,,,,,,,,,,1,2,1,1,5
200700029326,0007-05-24 14:56:00,7,5,24,14,56,670,482,"00, DIVISION LECLERC (RU",,,Plein jour,En agglomération,Intersection en X,Normale,Deux véhicules - côté,,,,,,,,,,,1,2,2,1,3
200700029327,0007-05-24 16:30:00,7,5,24,16,30,670,482,"32, DAVID GOLDSCHMIDT (A",,,Plein jour,En agglomération,Hors intersection,Normale,Autre collision,,,,,,,,,,,1,2,1,1,6
200700029328,0007-05-25 08:15:00,7,5,25,8,15,670,482,"00, MAIRE KUSS (RUE DU)",,,Plein jour,En agglomération,Intersection à plus de 4 branches,Normale,Deux véhicules - côté,,,,,,,,,,,1,2,5,1,3
200700029329,0007-05-26 21:30:00,7,5,26,21,30,670,482,"37, KLEBSAU (RUE DE LA)",,,Crépuscule ou aube,En agglomération,Intersection en T,Normale,Autre collision,,,,,,,,,,,2,2,3,1,6
200700029330,0007-05-26 08:04:00,7,5,26,8,4,670,482,"1, ROSENWILLER (RUE DE)",,,Plein jour,En agglomération,Hors intersection,Normale,Autre collision,,,,,,,,,,,1,2,1,1,6
200700029331,0007-05-26 16:55:00,7,5,26,16,55,670,43,"01, BRUMATH (ROUTE DE)",,,Plein jour,En agglomération,Hors intersection,Normale,Autre collision,,,,,,,,,,,1,2,1,1,6
200700029332,0007-05-29 19:10:00,7,5,29,19,10,670,482,INDRE (RUE DE L ),,,Plein jour,En agglomération,Hors intersection,Normale,Deux véhicules - côté,,,,,,,,,,,1,2,1,1,3
200700029333,0007-05-27 17:15:00,7,5,27,17,15,670,365,GENERAL LECLERC (RUE DU),,,Plein jour,En agglomération,Intersection en T,Normale,Autre collision,,,,,,,,,,,1,2,3,1,6
200700029334,0007-05-28 15:45:00,7,5,28,15,45,670,218,ESCHAU (ROUTE D ),,,Plein jour,En agglomération,Hors intersection,Pluie légère,Autre collision,,,,,,,,,,,1,2,1,2,6
200700029335,0007-05-29 08:00:00,7,5,29,8,0,670,482,"0, LYON (BOULEVARD DE)",,,Plein jour,En agglomération,Intersection en X,Pluie légère,Autre collision,,,,,,,,,,,1,2,2,2,6
200700029336,0007-05-29 17:00:00,7,5,29,17,0,670,43,"0, NATIONALE (RUE)",,,Plein jour,En agglomération,Hors intersection,Normale,Sans collision,,,,,,,,,,,1,2,1,1,7
200700029337,0007-05-29 18:13:00,7,5,29,18,13,670,43,"00, FOSSE NEUF (RUE DU)",,,Plein jour,En agglomération,Intersection en X,Normale,Deux véhicules - côté,,,,,,,,,,,1,2,2,1,3
200700029338,0007-05-29 19:30:00,7,5,29,19,30,670,482,"0, OBERHAUSBERGEN (ROUTE",,,Plein jour,En agglomération,Intersection en X,Normale,Autre collision,,,,,,,,,,,1,2,2,1,6
200700029339,0007-05-30 16:55:00,7,5,30,16,55,670,267,"00, SPORTS (RUE DES)",,,Plein jour,En agglomération,Intersection en T,Normale,Deux véhicules - côté,,,,,,,,,,,1,2,3,1,3
200700029340,0007-05-30 19:30:00,7,5,30,19,30,670,482,SCHIRMECK (ROUTE DE),,,Plein jour,En agglomération,Intersection en X,Normale,Deux véhicules - arrière,,,,,,,,,,,1,2,2,1,2
200700029341,0007-05-31 13:45:00,7,5,31,13,45,670,482,"00, POLYGONE (ROUTE DU)",,,Plein jour,En agglomération,Hors intersection,Normale,Autre collision,,,,,,,,,,,1,2,1,1,6
200700029342,0007-05-31 16:50:00,7,5,31,16,50,670,482,MOLIERE (AVENUE),,,Plein jour,En agglomération,Hors intersection,Normale,Autre collision,,,,,,,,,,,1,2,1,1,6
200700029343,0007-05-31 18:07:00,7,5,31,18,7,670,482,"2, BOUCHERS (RUE DES)",,,Plein jour,En agglomération,Hors intersection,Normale,Autre collision,,,,,,,,,,,1,2,1,1,6
200700029344,0007-05-31 22:30:00,7,5,31,22,30,670,482,GUTENBERG (RUE),,,Nuit avec éclairage allumé,En agglomération,Intersection en X,Pluie légère,Autre collision,,,,,,,,,,,5,2,2,2,6
200700029345,0007-05-31 22:00:00,7,5,31,22,0,670,482,LOUIS PASTEUR (QUAI),,,Nuit avec éclairage allumé,En agglomération,Hors intersection,Normale,Trois véhicules et plus - collisions multiples,,,,,,,,,,,5,2,1,1,5
200700029346,0007-05-03 10:55:00,7,5,3,10,55,680,66,"16, CHOPIN (RUE FREDERIC",,,Plein jour,En agglomération,Hors intersection,Normale,Autre collision,,,,,,,,,,,1,2,1,1,6
200700029347,0007-05-05 17:55:00,7,5,5,17,55,680,66,INGERSHEIM (ROUTE D'),,,Plein jour,En agglomération,Intersection en X,Normale,Deux véhicules - côté,,,,,,,,,,,1,2,2,1,3
200700029348,0007-05-18 10:00:00,7,5,18,10,0,680,66,STRASBOURG (ROUTE DE),,,Plein jour,En agglomération,Giratoire,Normale,Autre collision,,,,,,,,,,,1,2,6,1,6
200700029349,0007-05-25 06:50:00,7,5,25,6,50,680,66,STANISLAS (RUE),,,Plein jour,En agglomération,Autre intersection,Pluie légère,Deux véhicules - arrière,,,,,,,,,,,1,2,9,2,2
200700029350,0007-05-28 19:10:00,7,5,28,19,10,680,66,"6, CLEMENCEAU (AVENUE GE",,,Plein jour,En agglomération,Hors intersection,Normale,Deux véhicules - côté,,,,,,,,,,,1,2,1,1,3
200700029351,0007-05-28 20:55:00,7,5,28,20,55,680,66,"45, MULHOUSE (RUE DE)",,,Crépuscule ou aube,En agglomération,Intersection en X,Pluie légère,Deux véhicules - côté,,,,,,,,,,,2,2,2,2,3
200700029352,0007-05-30 11:00:00,7,5,30,11,0,680,66,REPUBLIQUE (AVENUE DE LA,,,Plein jour,En agglomération,Intersection en X,Normale,Autre collision,,,,,,,,,,,1,2,2,1,6
200700029353,0007-05-31 09:25:00,7,5,31,9,25,680,66,"45, MULHOUSE (RUE DE)",,,Plein jour,En agglomération,Intersection en X,Normale,Deux véhicules - côté,,,,,,,,,,,1,2,2,1,3
200700029354,0007-05-31 14:30:00,7,5,31,14,30,680,66,"17, BARTHOLDI (RUE)",,,Plein jour,En agglomération,Intersection en X,Normale,Deux véhicules - côté,,,,,,,,,,,1,2,2,1,3
200700029355,0007-05-05 15:15:00,7,5,5,15,15,680,112,MONNAIE (RUE DE LA),,,Plein jour,En agglomération,Intersection en X,Pluie légère,Deux véhicules - côté,,,,,,,,,,,1,2,2,2,3
200700029356,0007-05-04 07:45:00,7,5,4,7,45,680,112,"DECK, Théodore (rue)",,,Plein jour,En agglomération,Intersection en T,Normale,Deux véhicules - arrière,,,,,,,,,,,1,2,3,1,2
200700029357,0007-05-24 12:10:00,7,5,24,12,10,680,112,"2, CHANOINES (RUE DES)",,,Plein jour,En agglomération,Intersection en T,Normale,Deux véhicules - côté,,,,,,,,,,,1,2,3,1,3
200700029358,0007-05-02 08:25:00,7,5,2,8,25,680,224,LECLERC (AVENUE DU GENER,,,Plein jour,En agglomération,Hors intersection,Normale,Autre collision,,,,,,,,,,,1,2,1,1,6
200700029359,0007-05-05 21:10:00,7,5,5,21,10,680,224,"56, BALE (RUE DE)",,,Nuit avec éclairage allumé,En agglomération,Hors intersection,Normale,Deux véhicules - arrière,,,,,,,,,,,5,2,1,1,2
200700029360,0007-05-10 10:30:00,7,5,10,10,30,680,224,DIVISION D'INFANTERIE CO,,,Plein jour,En agglomération,Hors intersection,Normale,Autre collision,,,,,,,,,,,1,2,1,1,6
200700029361,0007-05-10 20:35:00,7,5,10,20,35,680,224,"122, SCHUMAN (AVENUE ROB",,,Plein jour,En agglomération,Hors intersection,Normale,Deux véhicules - côté,,,,,,,,,,,1,2,1,1,3
200700029362,0007-05-10 17:05:00,7,5,10,17,5,680,224,"18, COLMAR (AVENUE DE)",,,Plein jour,En agglomération,Hors intersection,Normale,Autre collision,,,,,,,,,,,1,2,1,1,6
200700029363,0007-05-11 20:10:00,7,5,11,20,10,680,224,"27, QUINZE AOUT (RUE DU)",,,Plein jour,En agglomération,Hors intersection,Normale,Autre collision,,,,,,,,,,,1,2,1,1,6
200700029364,0007-05-22 22:15:00,7,5,22,22,15,680,224,"55, MARSEILLAISE (BOULEV",,,Nuit avec éclairage allumé,En agglomération,Hors intersection,Normale,Deux véhicules - côté,,,,,,,,,,,5,2,1,1,3
200700029365,0007-05-14 19:20:00,7,5,14,19,20,680,224,STALINGRAD (RUE DE),,,Plein jour,En agglomération,Intersection en X,Normale,Deux véhicules - côté,,,,,,,,,,,1,2,2,1,3
200700029366,0007-05-13 20:20:00,7,5,13,20,20,680,224,"2, SOULTZ (RUE DE)",,,Plein jour,En agglomération,Intersection en T,Normale,Autre collision,,,,,,,,,,,1,2,3,1,6
200700029367,0007-05-26 15:51:00,7,5,26,15,51,680,224,"0, RATTACHEMENT (PLACE D",,,Plein jour,En agglomération,Place,Normale,Autre collision,,,,,,,,,,,1,2,7,1,6
200700029368,0007-05-31 05:20:00,7,5,31,5,20,680,224,HOFER (RUE JOSUE),,,Nuit avec éclairage allumé,En agglomération,Intersection en T,Pluie légère,Deux véhicules - frontale,,,,,,,,,,,5,2,3,2,1
200700029369,0007-05-25 23:40:00,7,5,25,23,40,680,224,"1, METZ (RUE DE)",,,Nuit avec éclairage allumé,En agglomération,Hors intersection,Normale,Deux véhicules - côté,,,,,,,,,,,5,2,1,1,3
200700029370,0007-05-12 10:30:00,7,5,12,10,30,680,297,"43, MULHOUSE ( RUE DE)JU",,,Plein jour,En agglomération,Hors intersection,Normale,Autre collision,,,,,,,,,,,1,2,1,1,6
200700029371,0007-05-23 14:00:00,7,5,23,14,0,680,297,"2, ACACIAS ( RUE DES )",,,Plein jour,En agglomération,Hors intersection,Normale,Autre collision,,,,,,,,,,,1,2,1,1,6
200700029372,0007-05-07 11:55:00,7,5,7,11,55,690,29,"287, ROUTE DE GENAS",,,Plein jour,En agglomération,Hors intersection,Normale,Deux véhicules - côté,,,,,,,,,,,1,2,1,1,3
200700029373,0007-05-07 13:30:00,7,5,7,13,30,690,29,"0, ROUTE DE GENAS",,,Plein jour,En agglomération,Hors intersection,Normale,Autre collision,,,,,,,,,,,1,2,1,1,6
200700029374,0007-05-14 07:50:00,7,5,14,7,50,690,29,"250, BOULEVARD PINEL",,,Plein jour,En agglomération,Hors intersection,Pluie forte,Deux véhicules - arrière,,,,,,,,,,,1,2,1,3,2
200700029375,0007-05-13 17:27:00,7,5,13,17,27,690,34,AVENUE GENERAL DE GAULLE,,,Plein jour,En agglomération,Hors intersection,Normale,Autre collision,,,,,,,,,,,1,2,1,1,6
200700029376,0007-05-15 19:55:00,7,5,15,19,55,690,34,"09 BIS, CHEMIN DES BRUYE",,,Plein jour,En agglomération,Hors intersection,Temps couvert,Autre collision,,,,,,,,,,,1,2,1,8,6
200700029377,0007-05-28 15:25:00,7,5,28,15,25,690,34,"123, BOULEVARD PAUL DOUM",,,Plein jour,En agglomération,Hors intersection,Normale,Autre collision,,,,,,,,,,,1,2,1,1,6
200700029378,0007-05-17 15:30:00,7,5,17,15,30,690,91,MORNANT (DE) (RTE),,,Plein jour,Hors agglomération,Hors intersection,Normale,Deux véhicules - frontale,,,,,,,,,,,1,1,1,1,1
200700029379,0007-05-19 19:40:00,7,5,19,19,40,690,91,ROBESPIERRE ( R ),,,Plein jour,En agglomération,Intersection en X,Normale,Deux véhicules - côté,,,,,,,,,,,1,2,2,1,3
200700029380,0007-05-29 18:00:00,7,5,29,18,0,690,256,"200, FRANKLIN ROOSEVELT",,,Plein jour,En agglomération,Hors intersection,Normale,Deux véhicules - côté,,,,,,,,,,,1,2,1,1,3
200700029381,0007-05-03 13:15:00,7,5,3,13,15,690,259,AVENUE JEAN CAGNE,,,Plein jour,En agglomération,Hors intersection,Normale,Deux véhicules - côté,,,,,,,,,,,1,2,1,1,3
200700029382,0007-05-07 19:00:00,7,5,7,19,0,690,259,RUE PRESIDENT EDOUARD HE,,,Plein jour,En agglomération,Hors intersection,Normale,Autre collision,,,,,,,,,,,1,2,1,1,6
200700029383,0007-05-10 22:10:00,7,5,10,22,10,690,259,"0, AVENUE DE LA REPUBLIQ",,,Nuit avec éclairage allumé,En agglomération,Hors intersection,Normale,Deux véhicules - côté,,,,,,,,,,,5,2,1,1,3
200700029384,0007-05-12 15:15:00,7,5,12,15,15,690,199,"0, AVENUE DIDEROT",,,Plein jour,En agglomération,Hors intersection,Normale,Deux véhicules - côté,,,,,,,,,,,1,2,1,1,3
200700029385,0007-05-17 16:30:00,7,5,17,16,30,690,259,"0, RUE ETHEL ET JULIUS R",,,Plein jour,En agglomération,Giratoire,Pluie légère,Deux véhicules - côté,,,,,,,,,,,1,2,6,2,3
200700029386,0007-05-24 17:55:00,7,5,24,17,55,690,259,RUE DES MARTYRS DE LA RE,,,Plein jour,En agglomération,Intersection en X,Normale,Deux véhicules - frontale,,,,,,,,,,,1,2,2,1,1
200700029387,0007-05-26 14:15:00,7,5,26,14,15,690,259,"96, AVENUE FRANCIS DE PR",,,Plein jour,En agglomération,Hors intersection,Pluie légère,Autre collision,,,,,,,,,,,1,2,1,2,6
200700029388,0007-05-29 18:00:00,7,5,29,18,0,690,259,"13, RUE GEORGES LYVET",,,Plein jour,En agglomération,Hors intersection,Normale,Deux véhicules - arrière,,,,,,,,,,,1,2,1,1,2
200700029389,0007-05-30 06:45:00,7,5,30,6,45,690,259,"80, CHEMIN DU CHARBONNIE",,,Plein jour,En agglomération,Hors intersection,Normale,Deux véhicules - côté,,,,,,,,,,,1,2,1,1,3
200700029390,0007-05-29 13:55:00,7,5,29,13,55,690,199,"0, RUE DE LA COMMUNE DE",,,Plein jour,En agglomération,Intersection en T,Normale,Deux véhicules - côté,,,,,,,,,,,1,2,3,1,3
200700029391,0007-05-01 21:50:00,7,5,1,21,50,690,264,BURDEAU   BD ( HORS GEAN,,,Nuit avec éclairage allumé,En agglomération,Hors intersection,Pluie forte,Deux véhicules - arrière,,,,,,,,,,,5,2,1,3,2
200700029392,0007-05-02 11:30:00,7,5,2,11,30,690,264,QUARANTAINE  RUE DE LA,,,Plein jour,En agglomération,Hors intersection,Pluie forte,Deux véhicules - arrière,,,,,,,,,,,1,2,1,3,2
200700029393,0007-05-23 14:05:00,7,5,23,14,5,690,264,POLOT  FRANCOIS  R,,,Plein jour,En agglomération,Intersection en X,Normale,Deux véhicules - côté,,,,,,,,,,,1,2,2,1,3
200700029394,0007-05-23 17:45:00,7,5,23,17,45,690,264,TROUSSIER   R,,,Plein jour,En agglomération,Hors intersection,Normale,Deux véhicules - frontale,,,,,,,,,,,1,2,1,1,1
200700029395,0007-05-16 07:40:00,7,5,16,7,40,690,264,BLANC  LOUIS  BD,,,Plein jour,En agglomération,Hors intersection,Normale,Autre collision,,,,,,,,,,,1,2,1,1,6
200700029396,0007-05-11 07:45:00,7,5,11,7,45,690,264,ARC L'  DE    R,,,Plein jour,En agglomération,Hors intersection,Normale,Autre collision,,,,,,,,,,,1,2,1,1,6
200700029397,0007-05-07 12:05:00,7,5,7,12,5,690,266,"1, RUE DU 8 MAI 1945",,,Plein jour,En agglomération,Intersection en X,Normale,Deux véhicules - côté,,,,,,,,,,,1,2,2,1,3
200700029398,0007-05-02 12:00:00,7,5,2,12,0,690,266,"31, RUE RICHELIEU",,,Plein jour,En agglomération,Giratoire,Pluie légère,Autre collision,,,,,,,,,,,1,2,6,2,6
200700029399,0007-05-04 06:15:00,7,5,4,6,15,690,266,"1, COURS EMILE ZOLA",,,Crépuscule ou aube,En agglomération,Intersection en X,Normale,Sans collision,,,,,,,,,,,2,2,2,1,7
200700029400,0007-05-15 13:35:00,7,5,15,13,35,690,266,"1, AVENUE MARC SANGNIER",,,Plein jour,En agglomération,Intersection en X,Normale,Autre collision,,,,,,,,,,,1,2,2,1,6
200700029401,0007-05-17 20:00:00,7,5,17,20,0,690,266,"11, AVENUE GENERAL LECLE",,,Plein jour,En agglomération,Hors intersection,Normale,Deux véhicules - arrière,,,,,,,,,,,1,2,1,1,2
200700029402,0007-05-23 18:10:00,7,5,23,18,10,690,266,"24, ALLEE DES CEDRES",,,Plein jour,En agglomération,Hors intersection,Normale,Autre collision,,,,,,,,,,,1,2,1,1,6
200700029403,0007-05-19 17:40:00,7,5,19,17,40,690,266,"42, RUE PIERRE BARATIN",,,Plein jour,En agglomération,Hors intersection,Normale,Autre collision,,,,,,,,,,,1,2,1,1,6
200700029404,0007-05-20 19:30:00,7,5,20,19,30,690,266,"1, RUE PIERRE BARATIN",,,Plein jour,En agglomération,Intersection en Y,Normale,Deux véhicules - côté,,,,,,,,,,,1,2,4,1,3
200700029405,0007-05-27 17:30:00,7,5,27,17,30,690,266,"0, autre",,,Plein jour,Hors agglomération,Hors intersection,Normale,Autre collision,,,,,,,,,,,1,1,1,1,6
200700029406,0007-05-29 08:20:00,7,5,29,8,20,690,266,"123, COURS EMILE ZOLA",,,Plein jour,En agglomération,Hors intersection,Normale,Deux véhicules - arrière,,,,,,,,,,,1,2,1,1,2
200700029407,0007-05-30 11:15:00,7,5,30,11,15,690,266,"1, RUE PIERRE BRESSAT",,,Plein jour,En agglomération,Intersection en X,Normale,Autre collision,,,,,,,,,,,1,2,2,1,6
200700029408,0007-05-22 19:20:00,7,5,22,19,20,690,266,"1, RUE CHARLES MONTALAND",,,Plein jour,En agglomération,Hors intersection,Normale,Autre collision,,,,,,,,,,,1,2,1,1,6
200700029409,0007-05-29 17:00:00,7,5,29,17,0,690,266,"1, COURS EMILE ZOLA",,,Plein jour,En agglomération,Intersection en X,Normale,Deux véhicules - côté,,,,,,,,,,,1,2,2,1,3
200700029410,0007-05-31 09:25:00,7,5,31,9,25,690,266,"1, RUE CHARLES ROBIN",,,Plein jour,En agglomération,Intersection en X,Normale,Deux véhicules - côté,,,,,,,,,,,1,2,2,1,3
200700029411,0007-05-02 21:30:00,7,5,2,21,30,690,282,"12, RUE DE LA REPUBLIQUE",,,Nuit avec éclairage allumé,En agglomération,Hors intersection,Normale,Deux véhicules - arrière,,,,,,,,,,,5,2,1,1,2
200700029412,0007-05-09 17:15:00,7,5,9,17,15,690,290,"0, RUE DIDEROT",,,Plein jour,En agglomération,Intersection en X,Normale,Autre collision,,,,,,,,,,,1,2,2,1,6
200700029413,0007-05-09 17:30:00,7,5,9,17,30,690,290,RUE HENRI BARBUSSE,,,Plein jour,En agglomération,Intersection en T,Normale,Autre collision,,,,,,,,,,,1,2,3,1,6
200700029414,0007-05-11 16:30:00,7,5,11,16,30,690,290,ROUTE DE LYON,,,Plein jour,En agglomération,Hors intersection,Normale,Deux véhicules - arrière,,,,,,,,,,,1,2,1,1,2
200700029415,0007-05-17 17:15:00,7,5,17,17,15,690,290,ROUTE DE LYON,,,Plein jour,En agglomération,Intersection en X,Pluie légère,Deux véhicules - côté,,,,,,,,,,,1,2,2,2,3
200700029416,0007-05-18 17:00:00,7,5,18,17,0,690,290,PLACE LOUIS FAVARD,,,Plein jour,En agglomération,Hors intersection,Normale,Deux véhicules - frontale,,,,,,,,,,,1,2,1,1,1
200700029417,0007-05-21 14:10:00,7,5,21,14,10,690,290,RUE DIDEROT,,,Plein jour,En agglomération,Intersection en X,Normale,Deux véhicules - côté,,,,,,,,,,,1,2,2,1,3
200700029418,0007-05-26 15:25:00,7,5,26,15,25,690,290,RUE DE L AVIATION,,,Plein jour,En agglomération,Intersection en X,Normale,Deux véhicules - côté,,,,,,,,,,,1,2,2,1,3