accident_id,datetime,annee,mois,jour,heure,minute,departement,commune_insee,adresse,latitude,longitude,luminosite,agglomeration,intersection,meteo,collision,nb_vehicules,nb_usagers,nb_indemnes,nb_tues,nb_blesses_hosp,nb_blesses_legers,age_cond_1,age_cond_2,veh_type_cond_1,veh_type_cond_2,lum_code,agg_code,int_code,atm_code,col_code
200700029419,0007-05-21 16:40:00,7,5,21,16,40,700,285,"107, JEAN JAURES (AVENUE",,,Plein jour,En agglomération,Hors intersection,Autre,Deux véhicules - côté,,,,,,,,,,,1,2,1,9,3
200700029420,0007-05-09 16:25:00,7,5,9,16,25,700,550,RENET (PLACE PIERRE),,,Plein jour,En agglomération,Giratoire,Normale,Deux véhicules - côté,,,,,,,,,,,1,2,6,1,3
200700029421,0007-05-17 12:10:00,7,5,17,12,10,700,550,"51, MOREL (RUE PAUL)",,,Plein jour,En agglomération,Hors intersection,Pluie forte,Autre collision,,,,,,,,,,,1,2,1,3,6
200700029422,0007-05-24 12:20:00,7,5,24,12,20,700,550,"26, GAULLE (BOULEVARD CH",,,Plein jour,En agglomération,Hors intersection,Normale,Deux véhicules - côté,,,,,,,,,,,1,2,1,1,3
200700029423,0007-05-17 20:20:00,7,5,17,20,20,710,76,AUBEPIN (AVENUE DE L'),,,Plein jour,En agglomération,Hors intersection,Normale,Autre collision,,,,,,,,,,,1,2,1,1,6
200700029424,0007-05-11 17:00:00,7,5,11,17,0,710,76,"1, HERRIOT (AVENUE EDOUA",,,Plein jour,En agglomération,Intersection en X,Normale,Deux véhicules - côté,,,,,,,,,,,1,2,2,1,3
200700029425,0007-05-21 08:20:00,7,5,21,8,20,710,76,HERRIOT (AVENUE EDOUARD),,,Plein jour,En agglomération,Intersection en X,Normale,Deux véhicules - côté,,,,,,,,,,,1,2,2,1,3
200700029426,0007-05-03 19:55:00,7,5,3,19,55,710,153,SEMBAT (RUE MARCEL),,,Plein jour,En agglomération,Intersection en T,Normale,Deux véhicules - côté,,,,,,,,,,,1,2,3,1,3
200700029427,0007-05-12 02:15:00,7,5,12,2,15,710,540,HUIT MAI (CARREFOUR DU),,,Nuit avec éclairage allumé,En agglomération,Hors intersection,Normale,Autre collision,,,,,,,,,,,5,2,1,1,6
200700029428,0007-05-05 21:35:00,7,5,5,21,35,710,153,"., SAINT SERNIN (ROUTE D",,,Nuit avec éclairage allumé,En agglomération,Hors intersection,Pluie légère,Deux véhicules - frontale,,,,,,,,,,,5,2,1,2,1
200700029429,0007-05-06 16:35:00,7,5,6,16,35,710,540,HUIT MAI (AVENUE DU),,,Plein jour,Hors agglomération,Hors intersection,Normale,Deux véhicules - arrière,,,,,,,,,,,1,1,1,1,2
200700029430,0007-05-15 17:20:00,7,5,15,17,20,710,59,CAMUS (RUE ALBER),,,Plein jour,En agglomération,Hors intersection,Normale,Deux véhicules - côté,,,,,,,,,,,1,2,1,1,3
200700029431,0007-05-01 19:00:00,7,5,1,19,0,710,497,SENNECE (ROUTE DE),,,Crépuscule ou aube,En agglomération,Hors intersection,Pluie forte,Deux véhicules - frontale,,,,,,,,,,,2,2,1,3,1
200700029432,0007-05-02 21:25:00,7,5,2,21,25,710,270,"NR1, NEUSTADT (ROND-POIN",,,Nuit avec éclairage non allumé,En agglomération,Autre intersection,Pluie légère,Autre collision,,,,,,,,,,,4,2,9,2,6
200700029433,0007-05-06 17:50:00,7,5,6,17,50,710,270,"NR1, MOZART (RUE)",,,Plein jour,En agglomération,Intersection en T,Normale,Deux véhicules - côté,,,,,,,,,,,1,2,3,1,3
200700029434,0007-05-05 17:20:00,7,5,5,17,20,710,105,DAVAYE (ROUTE DE),,,Plein jour,Hors agglomération,Intersection en X,Normale,Deux véhicules - côté,,,,,,,,,,,1,1,2,1,3
200700029435,0007-05-09 17:45:00,7,5,9,17,45,710,270,"1, MICHELET (RUE)",,,Plein jour,En agglomération,Hors intersection,Normale,Autre collision,,,,,,,,,,,1,2,1,1,6
200700029436,0007-05-11 19:20:00,7,5,11,19,20,710,270,CORPS EXPEDITIONNAIRE FR,,,Plein jour,En agglomération,Hors intersection,Normale,Autre collision,,,,,,,,,,,1,2,1,1,6
200700029437,0007-05-15 14:25:00,7,5,15,14,25,710,270,NEUF CLES (BOULEVARD DES,,,Plein jour,En agglomération,Hors intersection,Normale,Autre collision,,,,,,,,,,,1,2,1,1,6
200700029438,0007-05-16 10:50:00,7,5,16,10,50,710,270,ETATS-UNIS (BOULEVARD DE,,,Plein jour,En agglomération,Intersection en X,Pluie légère,Deux véhicules - frontale,,,,,,,,,,,1,2,2,2,1
200700029439,0007-05-18 03:40:00,7,5,18,3,40,710,270,POMMIERS (RUE DES),,,Nuit avec éclairage allumé,En agglomération,Hors intersection,Normale,Sans collision,,,,,,,,,,,5,2,1,1,7
200700029440,0007-05-19 01:25:00,7,5,19,1,25,710,270,"27, NEUF CLES (BOULEVARD",,,Nuit avec éclairage allumé,En agglomération,Hors intersection,Normale,Autre collision,,,,,,,,,,,5,2,1,1,6
200700029441,0007-05-22 18:15:00,7,5,22,18,15,710,105,"78, COUPEE (GRANDE-RUE D",,,Plein jour,En agglomération,Hors intersection,Normale,Deux véhicules - arrière,,,,,,,,,,,1,2,1,1,2
200700029442,0007-05-26 01:20:00,7,5,26,1,20,710,270,"1, BRETELLE ACCES RN 72",,,Nuit avec éclairage allumé,Hors agglomération,Hors intersection,Normale,Autre collision,,,,,,,,,,,5,1,1,1,6
200700029443,0007-05-27 01:10:00,7,5,27,1,10,710,270,JAURES (QUAI),,,Nuit avec éclairage allumé,En agglomération,Hors intersection,Normale,Deux véhicules - côté,,,,,,,,,,,5,2,1,1,3
200700029444,0007-05-01 15:25:00,7,5,1,15,25,710,40,VESVRES (LEIU DIT),,,Plein jour,Hors agglomération,Hors intersection,Normale,Deux véhicules - côté,,,,,,,,,,,1,1,1,1,3
200700029445,0007-05-19 19:30:00,7,5,19,19,30,710,306,"58, BLANZY (ROUTE DE )",,,Plein jour,En agglomération,Hors intersection,Normale,Deux véhicules - frontale,,,,,,,,,,,1,2,1,1,1
200700029446,0007-05-01 14:05:00,7,5,1,14,5,720,181,"111, JAURES JEAN (AV) N°",,,Plein jour,En agglomération,Hors intersection,Normale,Deux véhicules - côté,,,,,,,,,,,1,2,1,1,3
200700029447,0007-05-03 08:00:00,7,5,3,8,0,720,3,CR DIT DU GUEDON (CHE),,,Plein jour,Hors agglomération,Intersection en X,Normale,Deux véhicules - côté,,,,,,,,,,,1,1,2,1,3
200700029448,0007-05-04 08:30:00,7,5,4,8,30,720,181,MESSIAEN OLIVIER (AV) PA,,,Plein jour,En agglomération,Intersection en T,Normale,Deux véhicules - côté,,,,,,,,,,,1,2,3,1,3
200700029449,0007-05-04 22:00:00,7,5,4,22,0,720,181,BOEUFS LE PETIT HOUX (CH,,,Nuit avec éclairage non allumé,Hors agglomération,Hors intersection,Normale,Trois véhicules et plus - collisions multiples,,,,,,,,,,,4,1,1,1,5
200700029450,0007-05-05 15:10:00,7,5,5,15,10,720,181,DEMORIEUX IMP DE ROCADE,,,Plein jour,En agglomération,Hors intersection,Normale,Deux véhicules - arrière,,,,,,,,,,,1,2,1,1,2
200700029451,0007-05-05 20:30:00,7,5,5,20,30,720,181,"66, HEUZE OLIVIER AV N°",,,Plein jour,Hors agglomération,Hors intersection,Normale,Autre collision,,,,,,,,,,,1,1,1,1,6
200700029452,0007-05-06 12:40:00,7,5,6,12,40,720,181,VOSGES (RUE DES),,,Plein jour,En agglomération,Hors intersection,Normale,Autre collision,,,,,,,,,,,1,2,1,1,6
200700029453,0007-05-08 19:15:00,7,5,8,19,15,720,181,COLLET ROBERT (RUE),,,Plein jour,En agglomération,Hors intersection,Normale,Autre collision,,,,,,,,,,,1,2,1,1,6
200700029454,0007-05-09 07:50:00,7,5,9,7,50,720,181,"9, PADERBORN (AV) N° IMP",,,Plein jour,En agglomération,Hors intersection,Pluie légère,Autre collision,,,,,,,,,,,1,2,1,2,6
200700029455,0007-05-09 17:20:00,7,5,9,17,20,720,3,BREIL (RUE DU),,,Plein jour,En agglomération,Hors intersection,Normale,Deux véhicules - côté,,,,,,,,,,,1,2,1,1,3
200700029456,0007-05-10 19:10:00,7,5,10,19,10,720,181,"8, PLATANES (AV DES)",,,Plein jour,En agglomération,Hors intersection,Normale,Autre collision,,,,,,,,,,,1,2,1,1,6
200700029457,0007-05-11 11:11:00,7,5,11,11,11,720,181,JACOBINS (PL DES),,,Plein jour,En agglomération,Hors intersection,Normale,Autre collision,,,,,,,,,,,1,2,1,1,6
200700029458,0007-05-11 13:25:00,7,5,11,13,25,720,181,EPERON (PL DE L') N°  2,,,Plein jour,En agglomération,Hors intersection,Normale,Autre collision,,,,,,,,,,,1,2,1,1,6
200700029459,0007-05-11 17:20:00,7,5,11,17,20,720,181,BONNETABLE (RTE) N° IMP,,,Plein jour,En agglomération,Hors intersection,Pluie légère,Deux véhicules - arrière,,,,,,,,,,,1,2,1,2,2
200700029460,0007-05-11 20:50:00,7,5,11,20,50,720,181,ALENCON (RTE D'),,,Plein jour,Hors agglomération,Hors intersection,Pluie forte,Deux véhicules - arrière,,,,,,,,,,,1,1,1,3,2
200700029461,0007-05-12 17:35:00,7,5,12,17,35,720,181,ESTIENNE D'ORVES (BD D'),,,Plein jour,En agglomération,Hors intersection,Normale,Autre collision,,,,,,,,,,,1,2,1,1,6
200700029462,0007-05-13 15:10:00,7,5,13,15,10,720,181,BONNETABLE (RTE) N° IMP,,,Plein jour,En agglomération,Hors intersection,Pluie légère,Autre collision,,,,,,,,,,,1,2,1,2,6
200700029463,0007-05-14 14:20:00,7,5,14,14,20,720,181,"11, AUVRAY (RUE)  N° IMP",,,Plein jour,En agglomération,Intersection en T,Normale,Autre collision,,,,,,,,,,,1,2,3,1,6
200700029464,0007-05-14 18:55:00,7,5,14,18,55,720,181,ROUSSEAU JJ  BD N° IMP 1,,,Plein jour,En agglomération,Hors intersection,Normale,Autre collision,,,,,,,,,,,1,2,1,1,6
200700029465,0007-05-15 08:00:00,7,5,15,8,0,720,181,ALLONNES PONT ROUGE (RTE,,,Plein jour,En agglomération,Hors intersection,Normale,Deux véhicules - arrière,,,,,,,,,,,1,2,1,1,2
200700029466,0007-05-15 08:50:00,7,5,15,8,50,720,181,MAC JEAN (AV) N° IMP 1 A,,,Plein jour,En agglomération,Hors intersection,Pluie légère,Autre collision,,,,,,,,,,,1,2,1,2,6
200700029467,0007-05-15 12:00:00,7,5,15,12,0,720,181,EINSTEIN ALBERT (RUE),,,Plein jour,En agglomération,Hors intersection,Normale,Deux véhicules - côté,,,,,,,,,,,1,2,1,1,3
200700029468,0007-05-16 07:50:00,7,5,16,7,50,720,181,PIFFAULT PIERRE (AV) BES,,,Plein jour,En agglomération,Hors intersection,Normale,Autre collision,,,,,,,,,,,1,2,1,1,6
200700029469,0007-05-18 12:30:00,7,5,18,12,30,720,181,"385, LAIGNE RUE DE N° IM",,,Plein jour,En agglomération,Hors intersection,Normale,Deux véhicules - arrière,,,,,,,,,,,1,2,1,1,2
200700029470,0007-05-19 12:20:00,7,5,19,12,20,720,181,"161, MAC JEAN (AV) N° IM",,,Plein jour,En agglomération,Hors intersection,Normale,Autre collision,,,,,,,,,,,1,2,1,1,6
200700029471,0007-05-19 14:20:00,7,5,19,14,20,720,181,JAURES JEAN (AV) N° IMP,,,Plein jour,En agglomération,Hors intersection,Normale,Deux véhicules - côté,,,,,,,,,,,1,2,1,1,3
200700029472,0007-05-20 15:00:00,7,5,20,15,0,720,181,SAINT MICHEL (BD),,,Plein jour,En agglomération,Hors intersection,Pluie forte,Autre collision,,,,,,,,,,,1,2,1,3,6
200700029473,0007-05-20 17:15:00,7,5,20,17,15,720,181,TOURS (RTE) LIGNE DROITE,,,Plein jour,Hors agglomération,Hors intersection,Pluie légère,Deux véhicules - côté,,,,,,,,,,,1,1,1,2,3
200700029474,0007-05-20 21:15:00,7,5,20,21,15,720,181,JACOBINS (PL DES),,,Nuit avec éclairage allumé,En agglomération,Hors intersection,Normale,Autre collision,,,,,,,,,,,5,2,1,1,6
200700029475,0007-05-22 08:00:00,7,5,22,8,0,720,181,SAVORGNAN DE BRAZZA (AV),,,Plein jour,En agglomération,Hors intersection,Normale,Deux véhicules - arrière,,,,,,,,,,,1,2,1,1,2
200700029476,0007-05-21 21:10:00,7,5,21,21,10,720,181,POINTE (RUE DE LA),,,Nuit avec éclairage allumé,En agglomération,Hors intersection,Normale,Deux véhicules - côté,,,,,,,,,,,5,2,1,1,3
200700029477,0007-05-24 13:50:00,7,5,24,13,50,720,181,JACOBINS (PL DES),,,Plein jour,En agglomération,Hors intersection,Normale,Deux véhicules - côté,,,,,,,,,,,1,2,1,1,3
200700029478,0007-05-24 14:45:00,7,5,24,14,45,720,181,ROSTOV SUR LE DON (RUE),,,Plein jour,En agglomération,Hors intersection,Normale,Autre collision,,,,,,,,,,,1,2,1,1,6
200700029479,0007-05-24 15:55:00,7,5,24,15,55,720,181,"15, SEMARD PIERRE (RUE)",,,Plein jour,En agglomération,Hors intersection,Normale,Autre collision,,,,,,,,,,,1,2,1,1,6
200700029480,0007-05-25 17:25:00,7,5,25,17,25,720,181,"349, BOLLEE (AV) N° IMP",,,Plein jour,En agglomération,Hors intersection,Normale,Deux véhicules - côté,,,,,,,,,,,1,2,1,1,3
200700029481,0007-05-26 19:55:00,7,5,26,19,55,720,181,MADELEINE (RUE) N° IMP 1,,,Plein jour,En agglomération,Hors intersection,Normale,Deux véhicules - frontale,,,,,,,,,,,1,2,1,1,1
200700029482,0007-05-27 11:40:00,7,5,27,11,40,720,181,LAVAL (RTE DE) PAIRS,,,Plein jour,Hors agglomération,Hors intersection,Pluie forte,Autre collision,,,,,,,,,,,1,1,1,3,6
200700029483,0007-05-27 20:10:00,7,5,27,20,10,720,181,JAURES JEAN (AV) N° IMP,,,Plein jour,En agglomération,Hors intersection,Pluie légère,Autre collision,,,,,,,,,,,1,2,1,2,6
200700029484,0007-05-27 22:25:00,7,5,27,22,25,720,181,"207, MAC JEAN (AV) N° IM",,,Nuit avec éclairage allumé,En agglomération,Hors intersection,Pluie légère,Autre collision,,,,,,,,,,,5,2,1,2,6
200700029485,0007-05-28 00:15:00,7,5,28,0,15,720,181,"49, BOLLEE (AV) N° IMP 1",,,Nuit avec éclairage allumé,En agglomération,Hors intersection,Pluie légère,Autre collision,,,,,,,,,,,5,2,1,2,6
200700029486,0007-05-28 17:00:00,7,5,28,17,0,720,181,DEMORIEUX PAIRS><ROCADE,,,Plein jour,En agglomération,Hors intersection,Normale,Deux véhicules - arrière,,,,,,,,,,,1,2,1,1,2
200700029487,0007-05-29 07:55:00,7,5,29,7,55,720,181,HUCHEPIE (RUE),,,Plein jour,En agglomération,Hors intersection,Normale,Deux véhicules - frontale,,,,,,,,,,,1,2,1,1,1
200700029488,0007-05-30 12:40:00,7,5,30,12,40,720,181,BEAUGE (RUE DE),,,Plein jour,En agglomération,Hors intersection,Normale,Autre collision,,,,,,,,,,,1,2,1,1,6
200700029489,0007-05-31 18:35:00,7,5,31,18,35,720,181,DEMORIEUX IMP DE ROCADE,,,Plein jour,En agglomération,Hors intersection,Normale,Trois véhicules et plus - en chaîne,,,,,,,,,,,1,2,1,1,4
200700029490,0007-05-26 19:50:00,7,5,26,19,50,730,11,BEAUFORT (ROUTE DE),,,Plein jour,Hors agglomération,Hors intersection,Normale,Sans collision,,,,,,,,,,,1,1,1,1,7
200700029491,0007-05-03 04:04:00,7,5,3,4,4,730,65,BELLEVUE (BOULEVARD DE),,,Nuit avec éclairage allumé,En agglomération,Autre intersection,Normale,Autre collision,,,,,,,,,,,5,2,9,1,6
200700029492,0007-05-26 17:10:00,7,5,26,17,10,730,65,MONTAGNY (RUE DE),,,Plein jour,Hors agglomération,Hors intersection,Autre,Autre collision,,,,,,,,,,,1,1,1,9,6
200700029493,0007-05-08 13:15:00,7,5,8,13,15,740,10,RHONE (AVENUE DU),,,Plein jour,En agglomération,Intersection en X,Normale,Deux véhicules - côté,,,,,,,,,,,1,2,2,1,3
200700029494,0007-05-10 16:40:00,7,5,10,16,40,740,10,"17, GARE (RUE DE LA)(SEC",,,Plein jour,En agglomération,Hors intersection,Normale,Autre collision,,,,,,,,,,,1,2,1,1,6
200700029495,0007-05-10 18:00:00,7,5,10,18,0,740,10,"24, VOVRAY (ROUTE)",,,Plein jour,En agglomération,Hors intersection,Normale,Autre collision,,,,,,,,,,,1,2,1,1,6
200700029496,0007-05-11 18:00:00,7,5,11,18,0,740,10,"62, GENEVE (AVENUE DE)(S",,,Plein jour,En agglomération,Hors intersection,Normale,Autre collision,,,,,,,,,,,1,2,1,1,6
200700029497,0007-05-11 21:10:00,7,5,11,21,10,740,10,"., MARQUISATS (AVENUE DE",,,Plein jour,En agglomération,Giratoire,Normale,Autre collision,,,,,,,,,,,1,2,6,1,6
200700029498,0007-05-12 10:45:00,7,5,12,10,45,740,10,"., BROGNY (AVENUE DE) (S",,,Plein jour,En agglomération,Hors intersection,Normale,Autre collision,,,,,,,,,,,1,2,1,1,6
200700029499,0007-05-24 16:15:00,7,5,24,16,15,740,10,"02, MARQUISATS (AVENUE D",,,Plein jour,En agglomération,Hors intersection,Normale,Autre collision,,,,,,,,,,,1,2,1,1,6
200700029500,0007-05-10 13:40:00,7,5,10,13,40,740,133,PAIX (RUE DE LA),,,Plein jour,En agglomération,Hors intersection,Normale,Sans collision,,,,,,,,,,,1,2,1,1,7
200700029501,0007-05-28 18:00:00,7,5,28,18,0,740,298,BONNEVILLE (ROUTE DE ),,,Plein jour,En agglomération,Hors intersection,Pluie légère,Trois véhicules et plus - collisions multiples,,,,,,,,,,,1,2,1,2,5
200700029502,0007-05-23 19:20:00,7,5,23,19,20,740,218,VIGNES ROUGES (RUE DES),,,Plein jour,En agglomération,Passage à niveau,Normale,Deux véhicules - côté,,,,,,,,,,,1,2,8,1,3
200700029503,0007-05-24 07:50:00,7,5,24,7,50,740,281,"29, DAVID (RUE FERNAND)",,,Plein jour,En agglomération,Intersection en X,Normale,Autre collision,,,,,,,,,,,1,2,2,1,6
200700029504,0007-05-24 15:15:00,7,5,24,15,15,740,119,NOAILLES (AVENUE ANNA DE,,,Plein jour,En agglomération,Hors intersection,Normale,Sans collision,,,,,,,,,,,1,2,1,1,7
200700029505,0007-05-07 01:45:00,7,5,7,1,45,750,19,60 BD DE LA VILLETTE,,,Nuit avec éclairage allumé,En agglomération,Hors intersection,Normale,Autre collision,,,,,,,,,,,5,2,1,1,6
200700029506,0007-05-01 19:20:00,7,5,1,19,20,750,1,R CAMBON R DE RIVOLI,,,Plein jour,En agglomération,Intersection en T,Normale,Autre collision,,,,,,,,,,,1,2,3,1,6
200700029507,0007-05-01 12:05:00,7,5,1,12,5,750,7,R DE GRENELLE R DE MARTI,,,Plein jour,En agglomération,Intersection en T,Normale,Autre collision,,,,,,,,,,,1,2,3,1,6
200700029508,0007-05-01 14:00:00,7,5,1,14,0,750,8,AV GEORGE V R VERNET,,,Plein jour,En agglomération,Intersection en X,Normale,Deux véhicules - côté,,,,,,,,,,,1,2,2,1,3
200700029509,0007-05-01 11:30:00,7,5,1,11,30,750,8,AV DE FRIEDLAND R DE TIL,,,Plein jour,En agglomération,Intersection en X,Normale,Deux véhicules - côté,,,,,,,,,,,1,2,2,1,3
200700029510,0007-05-01 01:00:00,7,5,1,1,0,750,15,R DE L EGLISE R DE LOURM,,,Nuit avec éclairage allumé,En agglomération,Intersection en X,Normale,Autre collision,,,,,,,,,,,5,2,2,1,6
200700029511,0007-05-08 12:00:00,7,5,8,12,0,750,8,6 R CH COLOMB,,,Plein jour,En agglomération,Hors intersection,Pluie légère,Sans collision,,,,,,,,,,,1,2,1,2,7
200700029512,0007-05-01 11:00:00,7,5,1,11,0,750,15,202 R SAINT CHARLES,,,Plein jour,En agglomération,Hors intersection,Normale,Deux véhicules - côté,,,,,,,,,,,1,2,1,1,3
200700029513,0007-05-01 12:25:00,7,5,1,12,25,750,16,AV DE NEUILLY,,,Plein jour,En agglomération,Hors intersection,Normale,Deux véhicules - côté,,,,,,,,,,,1,2,1,1,3
200700029514,0007-05-01 09:35:00,7,5,1,9,35,750,11,R DE CHARONNE R SAINT BE,,,Plein jour,En agglomération,Intersection en X,Normale,Deux véhicules - côté,,,,,,,,,,,1,2,2,1,3
200700029515,0007-05-01 15:30:00,7,5,1,15,30,750,20,R DES COURONNES R DE LA,,,Plein jour,En agglomération,Intersection à plus de 4 branches,Normale,Autre collision,,,,,,,,,,,1,2,5,1,6
200700029516,0007-05-01 22:25:00,7,5,1,22,25,750,20,R D AVRON BD DAVOUT,,,Nuit avec éclairage allumé,En agglomération,Intersection en X,Normale,Deux véhicules - côté,,,,,,,,,,,5,2,2,1,3
200700029517,0007-05-01 19:05:00,7,5,1,19,5,750,20,89 CRS DE VINCENNES,,,Plein jour,En agglomération,Hors intersection,Normale,Deux véhicules - côté,,,,,,,,,,,1,2,1,1,3
200700029518,0007-05-01 22:15:00,7,5,1,22,15,750,6,53 QU GRANDS AUGUSTINS,,,Nuit avec éclairage allumé,En agglomération,Hors intersection,Normale,Deux véhicules - côté,,,,,,,,,,,5,2,1,1,3
200700029519,0007-05-02 08:57:00,7,5,2,8,57,750,4,R MALHER R DE RIVOLI,,,Plein jour,En agglomération,Intersection en T,Normale,Deux véhicules - côté,,,,,,,,,,,1,2,3,1,3
200700029520,0007-05-02 11:10:00,7,5,2,11,10,750,13,R DU DOCTEUR LE RAY R DR,,,Plein jour,En agglomération,Intersection en T,Normale,Deux véhicules - côté,,,,,,,,,,,1,2,3,1,3
200700029521,0007-05-02 11:20:00,7,5,2,11,20,750,13,AV DE FRANCE BD VINCENT,,,Plein jour,En agglomération,Intersection en X,Normale,Deux véhicules - côté,,,,,,,,,,,1,2,2,1,3
200700029522,0007-05-02 14:40:00,7,5,2,14,40,750,14,12 BD SAINT JACQUES,,,Plein jour,En agglomération,Hors intersection,Normale,Deux véhicules - arrière,,,,,,,,,,,1,2,1,1,2
200700029523,0007-05-02 15:00:00,7,5,2,15,0,750,14,98 BD DE PORT ROYAL,,,Plein jour,En agglomération,Hors intersection,Normale,Autre collision,,,,,,,,,,,1,2,1,1,6
200700029524,0007-05-02 08:10:00,7,5,2,8,10,750,14,2 AV PTE DE CHATILLON,,,Plein jour,En agglomération,Hors intersection,Normale,Autre collision,,,,,,,,,,,1,2,1,1,6
200700029525,0007-05-02 21:55:00,7,5,2,21,55,750,20,ECH BAGNOLET AV CARTELLI,,,Nuit avec éclairage allumé,En agglomération,Intersection en Y,Normale,Autre collision,,,,,,,,,,,5,2,4,1,6
200700029526,0007-05-02 10:50:00,7,5,2,10,50,750,11,24 AV PHILIPPE AUGUSTE,,,Plein jour,En agglomération,Hors intersection,Normale,Deux véhicules - arrière,,,,,,,,,,,1,2,1,1,2
200700029527,0007-05-02 20:30:00,7,5,2,20,30,750,13,BD DE L HOPITAL R DES WA,,,Plein jour,En agglomération,Intersection en Y,Normale,Deux véhicules - côté,,,,,,,,,,,1,2,4,1,3
200700029528,0007-05-02 22:20:00,7,5,2,22,20,750,20,AV GAMBETTA R PELLEPORT,,,Nuit avec éclairage allumé,En agglomération,Intersection en X,Normale,Autre collision,,,,,,,,,,,5,2,2,1,6
200700029529,0007-05-02 20:15:00,7,5,2,20,15,750,4,QU DES CELESTINS BD HENR,,,Nuit avec éclairage allumé,En agglomération,Intersection en X,Normale,Deux véhicules - côté,,,,,,,,,,,5,2,2,1,3
200700029530,0007-05-02 17:30:00,7,5,2,17,30,750,19,R ARMAND CARREL R DE MEA,,,Plein jour,En agglomération,Intersection en T,Normale,Autre collision,,,,,,,,,,,1,2,3,1,6
200700029531,0007-05-02 19:20:00,7,5,2,19,20,750,2,R QUATRE SEPTEMBRE R DE,,,Plein jour,En agglomération,Intersection en X,Normale,Deux véhicules - côté,,,,,,,,,,,1,2,2,1,3
200700029532,0007-05-02 20:12:00,7,5,2,20,12,750,2,AV DE L OPERA PL DE L OP,,,Nuit avec éclairage allumé,En agglomération,Intersection en X,Normale,Deux véhicules - côté,,,,,,,,,,,5,2,2,1,3
200700029533,0007-05-02 06:35:00,7,5,2,6,35,750,15,R ERNEST HEMINGWAY BD GL,,,Plein jour,En agglomération,Intersection en T,Normale,Deux véhicules - côté,,,,,,,,,,,1,2,3,1,3
200700029534,0007-05-02 09:15:00,7,5,2,9,15,750,8,PL DE L ALMA AV GEORGE V,,,Plein jour,En agglomération,Intersection à plus de 4 branches,Normale,Deux véhicules - côté,,,,,,,,,,,1,2,5,1,3
200700029535,0007-05-02 20:50:00,7,5,2,20,50,750,8,PL CH DE GAULLE AV DE FR,,,Nuit avec éclairage allumé,En agglomération,Intersection en T,Normale,Autre collision,,,,,,,,,,,5,2,3,1,6
200700029536,0007-05-02 16:00:00,7,5,2,16,0,750,16,30 AV DE VERSAILLES,,,Plein jour,En agglomération,Hors intersection,Normale,Autre collision,,,,,,,,,,,1,2,1,1,6
200700029537,0007-05-02 15:50:00,7,5,2,15,50,750,16,L9649 QU SAINT EXUPERY,,,Plein jour,En agglomération,Hors intersection,Normale,Trois véhicules et plus - en chaîne,,,,,,,,,,,1,2,1,1,4
200700029538,0007-05-02 13:30:00,7,5,2,13,30,750,16,L11756 RTE DE SURESNES,,,Plein jour,En agglomération,Hors intersection,Normale,Deux véhicules - arrière,,,,,,,,,,,1,2,1,1,2
200700029539,0007-05-03 11:15:00,7,5,3,11,15,750,7,6 AV BOSQUET,,,Plein jour,En agglomération,Hors intersection,Normale,Autre collision,,,,,,,,,,,1,2,1,1,6
200700029540,0007-05-02 14:45:00,7,5,2,14,45,750,1,PO CHANGE QU DE L HORLOG,,,Plein jour,En agglomération,Intersection en X,Normale,Deux véhicules - côté,,,,,,,,,,,1,2,2,1,3
200700029541,0007-05-02 12:50:00,7,5,2,12,50,750,1,R AMIRAL COLIGNY PL DU L,,,Plein jour,En agglomération,Intersection en T,Normale,Deux véhicules - côté,,,,,,,,,,,1,2,3,1,3
200700029542,0007-05-02 21:00:00,7,5,2,21,0,750,9,R D AMSTERDAM R DE LONDR,,,Nuit avec éclairage allumé,En agglomération,Intersection en X,Normale,Autre collision,,,,,,,,,,,5,2,2,1,6
200700029543,0007-05-03 08:00:00,7,5,3,8,0,750,14,96 AV GENERAL LECLERC,,,Plein jour,En agglomération,Hors intersection,Normale,Sans collision,,,,,,,,,,,1,2,1,1,7
200700029544,0007-05-03 16:30:00,7,5,3,16,30,750,14,R BEZOUT AV GENERAL LECL,,,Plein jour,En agglomération,Intersection en T,Normale,Autre collision,,,,,,,,,,,1,2,3,1,6
200700029545,0007-05-03 07:48:00,7,5,3,7,48,750,15,R ABBE ROGER DERRY AV DE,,,Plein jour,En agglomération,Intersection en T,Normale,Deux véhicules - côté,,,,,,,,,,,1,2,3,1,3
200700029546,0007-05-03 10:10:00,7,5,3,10,10,750,12,BD DIDEROT CO SAINT ELOI,,,Plein jour,En agglomération,Intersection en X,Normale,Deux véhicules - côté,,,,,,,,,,,1,2,2,1,3
200700029547,0007-05-07 01:40:00,7,5,7,1,40,750,13,BD KELLERMANN AV PORTE D,,,Nuit avec éclairage allumé,En agglomération,Intersection en X,Normale,Deux véhicules - arrière,,,,,,,,,,,5,2,2,1,2
200700029548,0007-05-06 13:55:00,7,5,6,13,55,750,14,R LEGION ETRANGERE ECH O,,,Plein jour,En agglomération,Intersection en X,Normale,Deux véhicules - côté,,,,,,,,,,,1,2,2,1,3
200700029549,0007-05-06 12:40:00,7,5,6,12,40,750,14,116 BD ARAGO,,,Plein jour,En agglomération,Hors intersection,Normale,Deux véhicules - côté,,,,,,,,,,,1,2,1,1,3
200700029550,0007-05-06 22:00:00,7,5,6,22,0,750,14,BD ADOLPHE PINARD R JULI,,,Nuit avec éclairage allumé,En agglomération,Intersection en X,Normale,Deux véhicules - côté,,,,,,,,,,,5,2,2,1,3
200700029551,0007-05-05 11:00:00,7,5,5,11,0,750,13,R BAUDRICOURT AV D IVRY,,,Plein jour,En agglomération,Intersection en X,Normale,Autre collision,,,,,,,,,,,1,2,2,1,6