accident_id,datetime,annee,mois,jour,heure,minute,departement,commune_insee,adresse,latitude,longitude,luminosite,agglomeration,intersection,meteo,collision,nb_vehicules,nb_usagers,nb_indemnes,nb_tues,nb_blesses_hosp,nb_blesses_legers,age_cond_1,age_cond_2,veh_type_cond_1,veh_type_cond_2,lum_code,agg_code,int_code,atm_code,col_code
200700029552,0007-05-05 19:15:00,7,5,5,19,15,750,14,BD BRUNE PL DU 25 AOUT 1,,,Plein jour,En agglomération,Intersection en X,Temps couvert,Deux véhicules - côté,,,,,,,,,,,1,2,2,8,3
200700029553,0007-05-04 17:25:00,7,5,4,17,25,750,13,R DR  BOURNEVILLE AV POR,,,Plein jour,En agglomération,Intersection en T,Temps couvert,Deux véhicules - arrière,,,,,,,,,,,1,2,3,8,2
200700029554,0007-05-04 17:10:00,7,5,4,17,10,750,14,66 AV JEAN MOULIN,,,Plein jour,En agglomération,Hors intersection,Normale,Autre collision,,,,,,,,,,,1,2,1,1,6
200700029555,0007-05-04 21:45:00,7,5,4,21,45,750,14,R H MAINDRON R DU MOULIN,,,Nuit avec éclairage allumé,En agglomération,Intersection en X,Pluie légère,Deux véhicules - côté,,,,,,,,,,,5,2,2,2,3
200700029556,0007-05-04 06:25:00,7,5,4,6,25,750,16,PL GENERAL STEFANIK BD M,,,Plein jour,En agglomération,Intersection en T,Normale,Deux véhicules - côté,,,,,,,,,,,1,2,3,1,3
200700029557,0007-05-03 15:30:00,7,5,3,15,30,750,3,53 R DE TURBIGO,,,Plein jour,En agglomération,Hors intersection,Normale,Deux véhicules - côté,,,,,,,,,,,1,2,1,1,3
200700029558,0007-05-03 21:20:00,7,5,3,21,20,750,4,10 R SAINT ANTOINE,,,Nuit avec éclairage allumé,En agglomération,Hors intersection,Normale,Deux véhicules - côté,,,,,,,,,,,5,2,1,1,3
200700029559,0007-05-03 10:12:00,7,5,3,10,12,750,8,R GREFFULHE R DES MATHUR,,,Plein jour,En agglomération,Intersection en T,Normale,Autre collision,,,,,,,,,,,1,2,3,1,6
200700029560,0007-05-03 14:00:00,7,5,3,14,0,750,16,R COROT R WILHEM,,,Plein jour,En agglomération,Intersection en T,Normale,Autre collision,,,,,,,,,,,1,2,3,1,6
200700029561,0007-05-03 20:15:00,7,5,3,20,15,750,18,R DUC R DUHESME,,,Plein jour,En agglomération,Intersection en X,Normale,Autre collision,,,,,,,,,,,1,2,2,1,6
200700029562,0007-05-02 09:35:00,7,5,2,9,35,750,10,14 BD BONNE NOUVELLE,,,Plein jour,En agglomération,Hors intersection,Normale,Deux véhicules - arrière,,,,,,,,,,,1,2,1,1,2
200700029563,0007-05-02 19:00:00,7,5,2,19,0,750,18,90 AV DE SAINT OUEN,,,Plein jour,En agglomération,Hors intersection,Normale,Autre collision,,,,,,,,,,,1,2,1,1,6
200700029564,0007-05-02 19:45:00,7,5,2,19,45,750,18,R CHAMPIONNET R MARCHE O,,,Plein jour,En agglomération,Intersection en T,Normale,Autre collision,,,,,,,,,,,1,2,3,1,6
200700029565,0007-05-02 03:00:00,7,5,2,3,0,750,19,R DE MEAUX AV SECRETAN,,,Nuit avec éclairage allumé,En agglomération,Intersection en X,Normale,Autre collision,,,,,,,,,,,5,2,2,1,6
200700029566,0007-05-01 17:20:00,7,5,1,17,20,750,17,R DES DAMES R DE ROME,,,Plein jour,En agglomération,Intersection en X,Normale,Deux véhicules - côté,,,,,,,,,,,1,2,2,1,3
200700029567,0007-05-01 19:45:00,7,5,1,19,45,750,19,L5445 BD D INDOCHINE,,,Plein jour,En agglomération,Hors intersection,Normale,Deux véhicules - côté,,,,,,,,,,,1,2,1,1,3
200700029568,0007-05-04 06:00:00,7,5,4,6,0,750,8,L7583 CRS LA REINE,,,Nuit avec éclairage allumé,En agglomération,Hors intersection,Normale,Sans collision,,,,,,,,,,,5,2,1,1,7
200700029569,0007-05-04 16:25:00,7,5,4,16,25,750,8,2 AV F ROOSEVELT,,,Plein jour,En agglomération,Hors intersection,Normale,Deux véhicules - côté,,,,,,,,,,,1,2,1,1,3
200700029570,0007-05-04 09:52:00,7,5,4,9,52,750,8,2 AV HOCHE,,,Plein jour,En agglomération,Hors intersection,Normale,Sans collision,,,,,,,,,,,1,2,1,1,7
200700029571,0007-05-04 18:10:00,7,5,4,18,10,750,8,8 AV MONTAIGNE,,,Plein jour,En agglomération,Hors intersection,Normale,Autre collision,,,,,,,,,,,1,2,1,1,6
200700029572,0007-05-04 09:00:00,7,5,4,9,0,750,8,94 R D AMSTERDAM,,,Plein jour,En agglomération,Hors intersection,Normale,Deux véhicules - côté,,,,,,,,,,,1,2,1,1,3
200700029573,0007-05-04 16:15:00,7,5,4,16,15,750,9,R CHAUSSEE D ANTIN BD HA,,,Plein jour,En agglomération,Intersection à plus de 4 branches,Normale,Deux véhicules - arrière,,,,,,,,,,,1,2,5,1,2
200700029574,0007-05-04 15:25:00,7,5,4,15,25,750,9,70 R LAFAYETTE,,,Plein jour,En agglomération,Hors intersection,Normale,Autre collision,,,,,,,,,,,1,2,1,1,6
200700029575,0007-05-04 17:00:00,7,5,4,17,0,750,16,RTE DES MOULINS RTE DE S,,,Plein jour,En agglomération,Intersection en X,Normale,Deux véhicules - côté,,,,,,,,,,,1,2,2,1,3
200700029576,0007-05-04 21:35:00,7,5,4,21,35,750,12,AV PTE DE VINCENNES,,,Nuit avec éclairage allumé,En agglomération,Hors intersection,Pluie légère,Autre collision,,,,,,,,,,,5,2,1,2,6
200700029577,0007-05-05 14:10:00,7,5,5,14,10,750,8,R BOISSY D ANGLAS BD MAL,,,Plein jour,En agglomération,Intersection en T,Normale,Deux véhicules - côté,,,,,,,,,,,1,2,3,1,3
200700029578,0007-05-05 08:40:00,7,5,5,8,40,750,9,54 R FG POISSONNIERE,,,Plein jour,En agglomération,Hors intersection,Normale,Deux véhicules - côté,,,,,,,,,,,1,2,1,1,3
200700029579,0007-05-05 13:35:00,7,5,5,13,35,750,16,L13446 AV MAL F D ESPERE,,,Plein jour,En agglomération,Hors intersection,Normale,Autre collision,,,,,,,,,,,1,2,1,1,6
200700029580,0007-05-05 15:50:00,7,5,5,15,50,750,16,R DONIZETTI R LA FONTAIN,,,Plein jour,En agglomération,Intersection en X,Normale,Sans collision,,,,,,,,,,,1,2,2,1,7
200700029581,0007-05-05 14:45:00,7,5,5,14,45,750,16,L19211 ALL DE LONGCHAMP,,,Plein jour,En agglomération,Hors intersection,Normale,Deux véhicules - arrière,,,,,,,,,,,1,2,1,1,2
200700029582,0007-05-05 20:50:00,7,5,5,20,50,750,16,R GENERAL ANSELIN,,,Plein jour,En agglomération,Hors intersection,Normale,Deux véhicules - côté,,,,,,,,,,,1,2,1,1,3
200700029583,0007-05-06 15:45:00,7,5,6,15,45,750,8,8 R CLEMENT MAROT,,,Plein jour,En agglomération,Hors intersection,Normale,Deux véhicules - côté,,,,,,,,,,,1,2,1,1,3
200700029584,0007-05-06 06:35:00,7,5,6,6,35,750,9,R CONDORCET R RODIER,,,Plein jour,En agglomération,Intersection en X,Normale,Deux véhicules - frontale,,,,,,,,,,,1,2,2,1,1
200700029585,0007-05-06 12:50:00,7,5,6,12,50,750,16,20 AV TH GAUTIER,,,Plein jour,En agglomération,Hors intersection,Normale,Sans collision,,,,,,,,,,,1,2,1,1,7
200700029586,0007-05-06 12:00:00,7,5,6,12,0,750,16,RTE SEINE MORTEMART RTE,,,Plein jour,En agglomération,Intersection en Y,Normale,Deux véhicules - arrière,,,,,,,,,,,1,2,4,1,2
200700029587,0007-05-02 10:55:00,7,5,2,10,55,750,12,98 QU DE LA RAPEE,,,Plein jour,En agglomération,Hors intersection,Normale,Deux véhicules - côté,,,,,,,,,,,1,2,1,1,3
200700029588,0007-05-02 16:05:00,7,5,2,16,5,750,12,R FABRE EGLANTINE PL DE,,,Plein jour,En agglomération,Intersection en T,Normale,Deux véhicules - arrière,,,,,,,,,,,1,2,3,1,2
200700029589,0007-05-03 14:25:00,7,5,3,14,25,750,11,R DE MONTREUIL AV PHILIP,,,Plein jour,En agglomération,Intersection en X,Normale,Deux véhicules - côté,,,,,,,,,,,1,2,2,1,3
200700029590,0007-05-03 07:20:00,7,5,3,7,20,750,19,PL PORTE DE PANTIN BD SE,,,Plein jour,En agglomération,Intersection en X,Normale,Autre collision,,,,,,,,,,,1,2,2,1,6
200700029591,0007-05-03 22:15:00,7,5,3,22,15,750,19,90 AV JEAN JAURES,,,Nuit avec éclairage allumé,En agglomération,Hors intersection,Normale,Autre collision,,,,,,,,,,,5,2,1,1,6
200700029592,0007-05-06 12:45:00,7,5,6,12,45,750,19,R DE MEAUX AV SECRETAN,,,Plein jour,En agglomération,Intersection en X,Normale,Deux véhicules - côté,,,,,,,,,,,1,2,2,1,3
200700029593,0007-05-06 12:15:00,7,5,6,12,15,750,19,6 AV PTE  LA VILLETTE,,,Plein jour,En agglomération,Hors intersection,Normale,Deux véhicules - arrière,,,,,,,,,,,1,2,1,1,2
200700029594,0007-05-07 18:20:00,7,5,7,18,20,750,2,84 BD DE SEBASTOPOL,,,Plein jour,En agglomération,Hors intersection,Normale,Deux véhicules - côté,,,,,,,,,,,1,2,1,1,3
200700029595,0007-05-02 19:30:00,7,5,2,19,30,750,17,BD GOUVION ST CYR PL POR,,,Plein jour,En agglomération,Intersection en T,Normale,Autre collision,,,,,,,,,,,1,2,3,1,6
200700029596,0007-05-02 14:55:00,7,5,2,14,55,750,17,BD BERTHIER R VERNIQUET,,,Plein jour,En agglomération,Intersection en T,Normale,Deux véhicules - côté,,,,,,,,,,,1,2,3,1,3
200700029597,0007-05-02 12:00:00,7,5,2,12,0,750,17,R DE COURCELLES AV DE WA,,,Plein jour,En agglomération,Intersection en X,Normale,Deux véhicules - côté,,,,,,,,,,,1,2,2,1,3
200700029598,0007-05-04 15:28:00,7,5,4,15,28,750,4,QU DES CELESTINS PO MARI,,,Plein jour,En agglomération,Intersection en X,Normale,Deux véhicules - arrière,,,,,,,,,,,1,2,2,1,2
200700029599,0007-05-04 13:08:00,7,5,4,13,8,750,5,R DES ECOLES R DE LA SOR,,,Plein jour,En agglomération,Intersection en X,Normale,Autre collision,,,,,,,,,,,1,2,2,1,6
200700029600,0007-05-04 14:15:00,7,5,4,14,15,750,5,37 QU DE LA TOURNELLE,,,Plein jour,En agglomération,Hors intersection,Normale,Deux véhicules - arrière,,,,,,,,,,,1,2,1,1,2
200700029601,0007-05-04 12:15:00,7,5,4,12,15,750,6,PL DU 18 JUIN 1940 BD DU,,,Plein jour,En agglomération,Intersection en X,Normale,Deux véhicules - côté,,,,,,,,,,,1,2,2,1,3
200700029602,0007-05-04 16:05:00,7,5,4,16,5,750,6,104  BD DU MONTPARNASSE,,,Plein jour,En agglomération,Hors intersection,Normale,Autre collision,,,,,,,,,,,1,2,1,1,6
200700029603,0007-05-02 09:20:00,7,5,2,9,20,750,10,168 R FG SAINT MARTIN,,,Plein jour,En agglomération,Hors intersection,Normale,Deux véhicules - côté,,,,,,,,,,,1,2,1,1,3
200700029604,0007-05-04 12:40:00,7,5,4,12,40,750,6,56 BD SAINT MICHEL,,,Plein jour,En agglomération,Hors intersection,Normale,Autre collision,,,,,,,,,,,1,2,1,1,6
200700029605,0007-05-04 10:20:00,7,5,4,10,20,750,10,BD DE MAGENTA R PIERRE C,,,Plein jour,En agglomération,Intersection en T,Normale,Deux véhicules - côté,,,,,,,,,,,1,2,3,1,3
200700029606,0007-05-04 20:05:00,7,5,4,20,5,750,10,R DE L AQUEDUC R LA FAYE,,,Crépuscule ou aube,En agglomération,Intersection en X,Pluie légère,Deux véhicules - côté,,,,,,,,,,,2,2,2,2,3
200700029607,0007-05-04 22:30:00,7,5,4,22,30,750,11,2 BD BEAUMARCHAIS,,,Nuit avec éclairage allumé,En agglomération,Hors intersection,Normale,Autre collision,,,,,,,,,,,5,2,1,1,6
200700029608,0007-05-04 17:25:00,7,5,4,17,25,750,15,BD LEFEBVRE AV PORTE BRA,,,Plein jour,En agglomération,Intersection en X,Normale,Autre collision,,,,,,,,,,,1,2,2,1,6
200700029609,0007-05-04 11:55:00,7,5,4,11,55,750,15,98 R SAINT CHARLES,,,Plein jour,En agglomération,Hors intersection,Normale,Autre collision,,,,,,,,,,,1,2,1,1,6
200700029610,0007-05-04 01:55:00,7,5,4,1,55,750,17,ECH MAILLOT PL PORTE MAI,,,Nuit avec éclairage allumé,En agglomération,Intersection en Y,Normale,Deux véhicules - arrière,,,,,,,,,,,5,2,4,1,2
200700029611,0007-05-04 16:00:00,7,5,4,16,0,750,17,2 AV PORTE DE CLICHY,,,Plein jour,En agglomération,Hors intersection,Normale,Autre collision,,,,,,,,,,,1,2,1,1,6
200700029612,0007-05-04 00:50:00,7,5,4,0,50,750,17,12 BD BOIS LE PRETRE,,,Nuit avec éclairage allumé,En agglomération,Hors intersection,Normale,Deux véhicules - côté,,,,,,,,,,,5,2,1,1,3
200700029613,0007-05-03 14:45:00,7,5,3,14,45,750,17,14 AV DE WAGRAM,,,Plein jour,En agglomération,Hors intersection,Normale,Deux véhicules - arrière,,,,,,,,,,,1,2,1,1,2
200700029614,0007-05-04 11:05:00,7,5,4,11,5,750,18,R DAMREMONT R J DE MAIST,,,Plein jour,En agglomération,Intersection en Y,Normale,Deux véhicules - côté,,,,,,,,,,,1,2,4,1,3
200700029615,0007-05-04 15:35:00,7,5,4,15,35,750,18,22 BD BARBES,,,Plein jour,En agglomération,Hors intersection,Temps couvert,Deux véhicules - arrière,,,,,,,,,,,1,2,1,8,2
200700029616,0007-05-05 18:15:00,7,5,5,18,15,750,5,R LAGRANGE QU DE MONTEBE,,,Plein jour,En agglomération,Intersection en X,Normale,Autre collision,,,,,,,,,,,1,2,2,1,6
200700029617,0007-05-05 14:50:00,7,5,5,14,50,750,10,82 QU DE JEMMAPES,,,Plein jour,En agglomération,Hors intersection,Normale,Sans collision,,,,,,,,,,,1,2,1,1,7
200700029618,0007-05-05 14:35:00,7,5,5,14,35,750,10,102 QU DE JEMMAPES,,,Plein jour,En agglomération,Hors intersection,Normale,Sans collision,,,,,,,,,,,1,2,1,1,7
200700029619,0007-05-05 18:00:00,7,5,5,18,0,750,11,R DE CHARONNE BD VOLTAIR,,,Plein jour,En agglomération,Intersection en X,Normale,Deux véhicules - côté,,,,,,,,,,,1,2,2,1,3
200700029620,0007-05-05 06:30:00,7,5,5,6,30,750,12,R DE BERCY R DE RAMBOUIL,,,Plein jour,En agglomération,Intersection en X,Temps couvert,Deux véhicules - côté,,,,,,,,,,,1,2,2,8,3
200700029621,0007-05-05 20:30:00,7,5,5,20,30,750,15,44 BD DE GRENELLE,,,Plein jour,En agglomération,Hors intersection,Normale,Autre collision,,,,,,,,,,,1,2,1,1,6
200700029622,0007-05-05 21:20:00,7,5,5,21,20,750,15,70 R DUTOT,,,Nuit avec éclairage allumé,En agglomération,Hors intersection,Normale,Autre collision,,,,,,,,,,,5,2,1,1,6
200700029623,0007-05-05 20:00:00,7,5,5,20,0,750,18,BD NEY R DU POTEAU,,,Nuit avec éclairage allumé,En agglomération,Intersection en T,Normale,Sans collision,,,,,,,,,,,5,2,3,1,7
200700029624,0007-05-06 16:20:00,7,5,6,16,20,750,1,2 QU DES TUILERIES,,,Plein jour,En agglomération,Hors intersection,Normale,Autre collision,,,,,,,,,,,1,2,1,1,6
200700029625,0007-05-06 13:40:00,7,5,6,13,40,750,5,20 BD DE PORT ROYAL,,,Plein jour,En agglomération,Hors intersection,Normale,Deux véhicules - côté,,,,,,,,,,,1,2,1,1,3
200700029626,0007-05-06 14:40:00,7,5,6,14,40,750,5,BD SAINT MICHEL PL SAINT,,,Plein jour,En agglomération,Intersection en X,Normale,Sans collision,,,,,,,,,,,1,2,2,1,7
200700029627,0007-05-06 14:15:00,7,5,6,14,15,750,6,BD SAINT MICHEL R SERPEN,,,Plein jour,En agglomération,Intersection en T,Normale,Deux véhicules - côté,,,,,,,,,,,1,2,3,1,3
200700029628,0007-05-06 15:30:00,7,5,6,15,30,750,10,R CHAUDRON R FG SAINT MA,,,Plein jour,En agglomération,Intersection en T,Normale,Deux véhicules - côté,,,,,,,,,,,1,2,3,1,3
200700029629,0007-05-06 04:15:00,7,5,6,4,15,750,10,32 BD DE MAGENTA,,,Nuit avec éclairage allumé,En agglomération,Hors intersection,Normale,Autre collision,,,,,,,,,,,5,2,1,1,6
200700029630,0007-05-06 10:35:00,7,5,6,10,35,750,11,PL DE LA NATION AV PHILI,,,Plein jour,En agglomération,Intersection en X,Normale,Autre collision,,,,,,,,,,,1,2,2,1,6
200700029631,0007-05-06 17:30:00,7,5,6,17,30,750,11,R DE CHARONNE AV LEDRU R,,,Plein jour,En agglomération,Intersection en X,Normale,Sans collision,,,,,,,,,,,1,2,2,1,7
200700029632,0007-05-06 18:05:00,7,5,6,18,5,750,15,68 R DE LA PROCESSION,,,Plein jour,En agglomération,Hors intersection,Normale,Deux véhicules - côté,,,,,,,,,,,1,2,1,1,3
200700029633,0007-05-06 19:50:00,7,5,6,19,50,750,15,R LOUIS ARMAND ECH SEVRE,,,Plein jour,En agglomération,Intersection en Y,Normale,Deux véhicules - arrière,,,,,,,,,,,1,2,4,1,2
200700029634,0007-05-06 10:07:00,7,5,6,10,7,750,15,10 R PORTE D ISSY,,,Plein jour,En agglomération,Hors intersection,Normale,Deux véhicules - côté,,,,,,,,,,,1,2,1,1,3
200700029635,0007-05-06 21:50:00,7,5,6,21,50,750,16,R DAUTEUIL R PIERRE GUER,,,Nuit avec éclairage allumé,En agglomération,Intersection en X,Normale,Deux véhicules - côté,,,,,,,,,,,5,2,2,1,3
200700029636,0007-05-06 15:25:00,7,5,6,15,25,750,18,R CHAMPIONNET R N CHARDO,,,Plein jour,En agglomération,Intersection en T,Normale,Autre collision,,,,,,,,,,,1,2,3,1,6
200700029637,0007-05-06 10:35:00,7,5,6,10,35,750,18,R ORDENER BD ORNANO,,,Plein jour,En agglomération,Intersection en X,Normale,Deux véhicules - côté,,,,,,,,,,,1,2,2,1,3
200700029638,0007-05-06 13:00:00,7,5,6,13,0,750,18,R CHARBONNIERE BD DE LA,,,Plein jour,En agglomération,Intersection en T,Normale,Autre collision,,,,,,,,,,,1,2,3,1,6
200700029639,0007-05-06 18:35:00,7,5,6,18,35,750,18,R ORDENER  SQ DE CLIGNAN,,,Plein jour,En agglomération,Intersection en T,Normale,Deux véhicules - arrière,,,,,,,,,,,1,2,3,1,2
200700029640,0007-05-06 18:05:00,7,5,6,18,5,750,18,R SAINT MATHIEU R STEPHE,,,Plein jour,En agglomération,Intersection en T,Normale,Deux véhicules - côté,,,,,,,,,,,1,2,3,1,3
200700029641,0007-05-06 15:50:00,7,5,6,15,50,750,18,R DE CLIGNANCOURT R PIER,,,Plein jour,En agglomération,Intersection en T,Normale,Autre collision,,,,,,,,,,,1,2,3,1,6
200700029642,0007-05-06 17:00:00,7,5,6,17,0,750,19,148 R DE CRIMEE,,,Plein jour,En agglomération,Hors intersection,Normale,Autre collision,,,,,,,,,,,1,2,1,1,6
200700029643,0007-05-07 16:30:00,7,5,7,16,30,750,1,BD DE SEBASTOPOL,,,Plein jour,En agglomération,Hors intersection,Pluie légère,Sans collision,,,,,,,,,,,1,2,1,2,7
200700029644,0007-05-07 18:33:00,7,5,7,18,33,750,5,BD SAINT MICHEL PL SAINT,,,Plein jour,En agglomération,Intersection en X,Normale,Deux véhicules - côté,,,,,,,,,,,1,2,2,1,3
200700029645,0007-05-07 20:20:00,7,5,7,20,20,750,5,PL PAUL PAINLEVE R DU SO,,,Plein jour,En agglomération,Intersection en X,Normale,Sans collision,,,,,,,,,,,1,2,2,1,7
200700029646,0007-05-07 09:45:00,7,5,7,9,45,750,8,R DE COURCELLES BD HAUSS,,,Plein jour,En agglomération,Intersection en X,Normale,Deux véhicules - côté,,,,,,,,,,,1,2,2,1,3
200700029647,0007-05-07 18:10:00,7,5,7,18,10,750,9,33 BD DE CLICHY,,,Plein jour,En agglomération,Hors intersection,Normale,Autre collision,,,,,,,,,,,1,2,1,1,6
200700029648,0007-05-07 19:50:00,7,5,7,19,50,750,9,104 R SAINT LAZARE,,,Plein jour,En agglomération,Hors intersection,Temps couvert,Autre collision,,,,,,,,,,,1,2,1,8,6
200700029649,0007-05-07 14:45:00,7,5,7,14,45,750,9,R BOURDALOUE R DE CHATEA,,,Plein jour,En agglomération,Intersection en T,Temps couvert,Deux véhicules - côté,,,,,,,,,,,1,2,3,8,3
200700029650,0007-05-07 22:00:00,7,5,7,22,0,750,10,74 R DE MAUBEUGE,,,Nuit avec éclairage allumé,En agglomération,Hors intersection,Pluie légère,Autre collision,,,,,,,,,,,5,2,1,2,6
200700029651,0007-05-08 21:20:00,7,5,8,21,20,750,10,18 R FG POISSONNIERE,,,Nuit avec éclairage allumé,En agglomération,Hors intersection,Normale,Autre collision,,,,,,,,,,,5,2,1,1,6
200700029652,0007-05-07 18:40:00,7,5,7,18,40,750,11,R DE CHARONNE R JULES VA,,,Plein jour,En agglomération,Intersection en T,Normale,Autre collision,,,,,,,,,,,1,2,3,1,6
200700029653,0007-05-07 17:55:00,7,5,7,17,55,750,12,L5211 QU DE BERCY,,,Plein jour,En agglomération,Hors intersection,Temps couvert,Autre collision,,,,,,,,,,,1,2,1,8,6
200700029654,0007-05-07 17:55:00,7,5,7,17,55,750,13,21 AV PIERRE COUBERTIN,,,Plein jour,En agglomération,Hors intersection,Temps couvert,Deux véhicules - côté,,,,,,,,,,,1,2,1,8,3
200700029655,0007-05-07 19:55:00,7,5,7,19,55,750,13,5 BD DE L HOPITAL,,,Plein jour,En agglomération,Hors intersection,Temps couvert,Autre collision,,,,,,,,,,,1,2,1,8,6
200700029656,0007-05-07 14:17:00,7,5,7,14,17,750,13,BD MASSENA AV DITALIE,,,Plein jour,En agglomération,Intersection en X,Normale,Autre collision,,,,,,,,,,,1,2,2,1,6
200700029657,0007-05-07 14:30:00,7,5,7,14,30,750,14,140 R R LOSSERAND,,,Plein jour,En agglomération,Hors intersection,Pluie légère,Autre collision,,,,,,,,,,,1,2,1,2,6
200700029658,0007-05-07 08:30:00,7,5,7,8,30,750,14,AV OBSERVATOIRE BD DE PO,,,Plein jour,En agglomération,Intersection en X,Normale,Deux véhicules - côté,,,,,,,,,,,1,2,2,1,3
200700029659,0007-05-07 17:50:00,7,5,7,17,50,750,17,2 AV GRANDE ARMEE,,,Plein jour,En agglomération,Hors intersection,Normale,Autre collision,,,,,,,,,,,1,2,1,1,6
200700029660,0007-05-07 11:55:00,7,5,7,11,55,750,18,50 BD BARBES,,,Plein jour,En agglomération,Hors intersection,Normale,Autre collision,,,,,,,,,,,1,2,1,1,6
200700029661,0007-05-07 14:00:00,7,5,7,14,0,750,19,R D AUBERVILLIERS BD MAC,,,Plein jour,En agglomération,Intersection en X,Normale,Autre collision,,,,,,,,,,,1,2,2,1,6
200700029662,0007-05-08 17:40:00,7,5,8,17,40,750,4,32 R DE RIVOLI,,,Plein jour,En agglomération,Hors intersection,Normale,Autre collision,,,,,,,,,,,1,2,1,1,6
200700029663,0007-05-08 17:55:00,7,5,8,17,55,750,4,R CHANOINESSE R CLOITRE,,,Plein jour,En agglomération,Intersection en T,Normale,Autre collision,,,,,,,,,,,1,2,3,1,6
200700029664,0007-05-08 00:40:00,7,5,8,0,40,750,9,R DROUOT R GRANGE BATELI,,,Nuit avec éclairage allumé,En agglomération,Intersection en T,Pluie légère,Deux véhicules - côté,,,,,,,,,,,5,2,3,2,3
200700029665,0007-05-10 08:45:00,7,5,10,8,45,750,13,20 R POA CASALS,,,Plein jour,En agglomération,Hors intersection,Temps couvert,Autre collision,,,,,,,,,,,1,2,1,8,6
200700029666,0007-05-09 12:05:00,7,5,9,12,5,750,6,76 R DE RENNES,,,Plein jour,En agglomération,Hors intersection,Normale,Autre collision,,,,,,,,,,,1,2,1,1,6
200700029667,0007-05-09 18:45:00,7,5,9,18,45,750,6,R S ANDRE DES ARTS PL S,,,Plein jour,En agglomération,Intersection en X,Normale,Deux véhicules - côté,,,,,,,,,,,1,2,2,1,3
200700029668,0007-05-09 14:35:00,7,5,9,14,35,750,5,BD SAINT GERMAIN QU DE L,,,Plein jour,En agglomération,Intersection à plus de 4 branches,Normale,Deux véhicules - côté,,,,,,,,,,,1,2,5,1,3
200700029669,0007-05-08 11:20:00,7,5,8,11,20,750,14,R DES ARBUSTES R R LOSSE,,,Plein jour,En agglomération,Intersection en X,Pluie légère,Autre collision,,,,,,,,,,,1,2,2,2,6
200700029670,0007-05-08 10:40:00,7,5,8,10,40,750,15,62 R DE DANTZIG,,,Plein jour,En agglomération,Hors intersection,Pluie légère,Deux véhicules - arrière,,,,,,,,,,,1,2,1,2,2
200700029671,0007-05-09 13:05:00,7,5,9,13,5,750,7,R DU BAC R DE LILLE,,,Plein jour,En agglomération,Intersection en X,Normale,Autre collision,,,,,,,,,,,1,2,2,1,6
200700029672,0007-05-08 21:00:00,7,5,8,21,0,750,17,112 R JOUFFR D ABBANS,,,Nuit avec éclairage allumé,En agglomération,Hors intersection,Normale,Deux véhicules - arrière,,,,,,,,,,,5,2,1,1,2
200700029673,0007-05-09 00:25:00,7,5,9,0,25,750,9,49 BD DE ROCHECHOUART,,,Nuit avec éclairage allumé,En agglomération,Hors intersection,Normale,Autre collision,,,,,,,,,,,5,2,1,1,6
200700029674,0007-05-08 09:07:00,7,5,8,9,7,750,18,56 BD NEY,,,Plein jour,En agglomération,Hors intersection,Pluie légère,Deux véhicules - arrière,,,,,,,,,,,1,2,1,2,2
200700029675,0007-05-09 16:40:00,7,5,9,16,40,750,12,12 PL LACHAMBEAUDIE,,,Plein jour,En agglomération,Hors intersection,Normale,Sans collision,,,,,,,,,,,1,2,1,1,7
200700029676,0007-05-09 18:00:00,7,5,9,18,0,750,17,2 PL PORTE MAILLOT,,,Plein jour,En agglomération,Hors intersection,Normale,Deux véhicules - côté,,,,,,,,,,,1,2,1,1,3
200700029677,0007-05-09 09:50:00,7,5,9,9,50,750,17,PL GENERAL KOENIG AV POR,,,Plein jour,En agglomération,Intersection en X,Normale,Deux véhicules - arrière,,,,,,,,,,,1,2,2,1,2
200700029678,0007-05-08 11:30:00,7,5,8,11,30,750,18,ECH CHAPELLE,,,Plein jour,En agglomération,Hors intersection,Temps couvert,Deux véhicules - côté,,,,,,,,,,,1,2,1,8,3
200700029679,0007-05-09 12:45:00,7,5,9,12,45,750,18,106 BD DE LA CHAPELLE,,,Plein jour,En agglomération,Hors intersection,Normale,Autre collision,,,,,,,,,,,1,2,1,1,6
200700029680,0007-05-09 11:05:00,7,5,9,11,5,750,18,PL C PECQUEUR R SAINT VI,,,Plein jour,En agglomération,Intersection en Y,Temps couvert,Autre collision,,,,,,,,,,,1,2,4,8,6
200700029681,0007-05-09 05:09:00,7,5,9,5,9,750,18,120 AV DE SAINT OUEN,,,Nuit avec éclairage allumé,En agglomération,Hors intersection,Normale,Autre collision,,,,,,,,,,,5,2,1,1,6
200700029682,0007-05-08 12:40:00,7,5,8,12,40,750,19,AV CORENTIN CARIOU R BEN,,,Plein jour,En agglomération,Intersection en T,Pluie légère,Deux véhicules - côté,,,,,,,,,,,1,2,3,2,3
200700029683,0007-05-08 22:28:00,7,5,8,22,28,750,20,306 R DES PYRENEES,,,Nuit avec éclairage allumé,En agglomération,Hors intersection,Normale,Deux véhicules - côté,,,,,,,,,,,5,2,1,1,3
200700029684,0007-05-09 17:35:00,7,5,9,17,35,750,20,R DE L ERMITAGE R DES PY,,,Plein jour,En agglomération,Intersection en X,Normale,Autre collision,,,,,,,,,,,1,2,2,1,6
200700029685,0007-05-10 19:36:00,7,5,10,19,36,750,1,18 QU DES TUILERIES,,,Plein jour,En agglomération,Hors intersection,Normale,Autre collision,,,,,,,,,,,1,2,1,1,6
200700029686,0007-05-10 15:05:00,7,5,10,15,5,750,1,R L STE OPPORTUNE R DE R,,,Plein jour,En agglomération,Intersection en X,Normale,Deux véhicules - côté,,,,,,,,,,,1,2,2,1,3
200700029687,0007-05-10 10:45:00,7,5,10,10,45,750,2,R PETITS CHAMPS R DE RIC,,,Plein jour,En agglomération,Intersection en X,Normale,Deux véhicules - côté,,,,,,,,,,,1,2,2,1,3
200700029688,0007-05-10 20:35:00,7,5,10,20,35,750,5,QU SAINT BERNARD JAR TIN,,,Crépuscule ou aube,En agglomération,Intersection en X,Normale,Autre collision,,,,,,,,,,,2,2,2,1,6