accident_id,datetime,annee,mois,jour,heure,minute,departement,commune_insee,adresse,latitude,longitude,luminosite,agglomeration,intersection,meteo,collision,nb_vehicules,nb_usagers,nb_indemnes,nb_tues,nb_blesses_hosp,nb_blesses_legers,age_cond_1,age_cond_2,veh_type_cond_1,veh_type_cond_2,lum_code,agg_code,int_code,atm_code,col_code
200700029959,0007-05-22 16:00:00,7,5,22,16,0,750,17,16 AV PTE CHAMPERRET,,,Plein jour,En agglomération,Hors intersection,Normale,Deux véhicules - arrière,,,,,,,,,,,1,2,1,1,2
200700029960,0007-05-22 16:47:00,7,5,22,16,47,750,17,140 AV DE WAGRAM,,,Plein jour,En agglomération,Hors intersection,Normale,Deux véhicules - côté,,,,,,,,,,,1,2,1,1,3
200700029961,0007-05-23 08:43:00,7,5,23,8,43,750,17,SOU CHAMPERRET,,,Plein jour,En agglomération,Hors intersection,Normale,Autre collision,,,,,,,,,,,1,2,1,1,6
200700029962,0007-05-25 18:25:00,7,5,25,18,25,750,4,QU DE BETHUNE BD HENRI I,,,Plein jour,En agglomération,Intersection en T,Pluie légère,Deux véhicules - côté,,,,,,,,,,,1,2,3,2,3
200700029963,0007-05-25 02:00:00,7,5,25,2,0,750,6,BD SAINT GERMAIN R DE SE,,,Nuit avec éclairage allumé,En agglomération,Intersection en X,Normale,Deux véhicules - côté,,,,,,,,,,,5,2,2,1,3
200700029964,0007-05-25 15:15:00,7,5,25,15,15,750,8,16 R CHATEAUBRIAND,,,Plein jour,En agglomération,Hors intersection,Normale,Autre collision,,,,,,,,,,,1,2,1,1,6
200700029965,0007-05-25 08:45:00,7,5,25,8,45,750,9,R DU FG MONTMARTRE PL KO,,,Plein jour,En agglomération,Intersection en X,Normale,Deux véhicules - côté,,,,,,,,,,,1,2,2,1,3
200700029966,0007-05-25 17:10:00,7,5,25,17,10,750,19,BPE VILLETTE AUBERVILLIE,,,Plein jour,En agglomération,Hors intersection,Normale,Autre collision,,,,,,,,,,,1,2,1,1,6
200700029967,0007-05-26 15:40:00,7,5,26,15,40,750,5,BD SAINT GERMAIN BD SAIN,,,Plein jour,En agglomération,Intersection en X,Normale,Sans collision,,,,,,,,,,,1,2,2,1,7
200700029968,0007-05-26 23:25:00,7,5,26,23,25,750,9,R DU FG MONTMARTRE PL KO,,,Nuit avec éclairage allumé,En agglomération,Intersection en X,Normale,Deux véhicules - côté,,,,,,,,,,,5,2,2,1,3
200700029969,0007-05-26 16:44:00,7,5,26,16,44,750,17,PL GENERAL CATROUX BD MA,,,Plein jour,En agglomération,Intersection en X,Normale,Deux véhicules - côté,,,,,,,,,,,1,2,2,1,3
200700029970,0007-05-26 19:48:00,7,5,26,19,48,750,19,20 R ARMAND CARREL,,,Plein jour,En agglomération,Hors intersection,Pluie légère,Autre collision,,,,,,,,,,,1,2,1,2,6
200700029971,0007-05-26 19:25:00,7,5,26,19,25,750,19,R DE BELLEVILLE R DE ROM,,,Plein jour,En agglomération,Intersection en X,Normale,Deux véhicules - côté,,,,,,,,,,,1,2,2,1,3
200700029972,0007-05-27 17:25:00,7,5,27,17,25,750,2,62 BD DE SEBASTOPOL,,,Plein jour,En agglomération,Hors intersection,Pluie légère,Deux véhicules - arrière,,,,,,,,,,,1,2,1,2,2
200700029973,0007-05-27 12:30:00,7,5,27,12,30,750,4,35 BD BOURDON,,,Plein jour,En agglomération,Hors intersection,Pluie légère,Trois véhicules et plus - en chaîne,,,,,,,,,,,1,2,1,2,4
200700029974,0007-05-27 19:00:00,7,5,27,19,0,750,5,6 BD SAINT MICHEL,,,Plein jour,En agglomération,Hors intersection,Pluie légère,Autre collision,,,,,,,,,,,1,2,1,2,6
200700029975,0007-05-27 13:45:00,7,5,27,13,45,750,8,52 AV DES CHAMPS ELYSEES,,,Plein jour,En agglomération,Hors intersection,Pluie légère,Autre collision,,,,,,,,,,,1,2,1,2,6
200700029976,0007-05-27 07:00:00,7,5,27,7,0,750,9,63 BD DE ROCHECHOUART,,,Plein jour,En agglomération,Hors intersection,Normale,Autre collision,,,,,,,,,,,1,2,1,1,6
200700029977,0007-05-27 00:48:00,7,5,27,0,48,750,17,ECH CLICHY AV PORTE CLIC,,,Nuit avec éclairage allumé,En agglomération,Intersection en X,Normale,Deux véhicules - arrière,,,,,,,,,,,5,2,2,1,2
200700029978,0007-05-27 11:15:00,7,5,27,11,15,750,19,AV CORENTIN CARIOU R ROU,,,Plein jour,En agglomération,Intersection en X,Normale,Deux véhicules - côté,,,,,,,,,,,1,2,2,1,3
200700029979,0007-05-28 09:35:00,7,5,28,9,35,750,2,BD BONNE NOUVELLE R THOR,,,Plein jour,En agglomération,Intersection en X,Pluie légère,Sans collision,,,,,,,,,,,1,2,2,2,7
200700029980,0007-05-28 10:30:00,7,5,28,10,30,750,8,CRS ALBERT 1ER PL DE L A,,,Plein jour,En agglomération,Intersection en X,Pluie légère,Deux véhicules - côté,,,,,,,,,,,1,2,2,2,3
200700029981,0007-05-28 14:40:00,7,5,28,14,40,750,9,R DES MARTYRS AV  TRUDAI,,,Plein jour,En agglomération,Intersection en X,Normale,Autre collision,,,,,,,,,,,1,2,2,1,6
200700029982,0007-05-28 11:10:00,7,5,28,11,10,750,11,AV DE BOUVINES PL DE LA,,,Plein jour,En agglomération,Intersection en X,Temps couvert,Deux véhicules - côté,,,,,,,,,,,1,2,2,8,3
200700029983,0007-05-28 10:00:00,7,5,28,10,0,750,17,32 AV DE SAINT OUEN,,,Plein jour,En agglomération,Hors intersection,Pluie légère,Deux véhicules - côté,,,,,,,,,,,1,2,1,2,3
200700029984,0007-05-29 17:10:00,7,5,29,17,10,750,13,PO D AUSTERLITZ PL VALHU,,,Plein jour,En agglomération,Intersection en X,Normale,Deux véhicules - côté,,,,,,,,,,,1,2,2,1,3
200700029985,0007-05-29 10:20:00,7,5,29,10,20,750,15,R BRANCION BD LEFEBVRE,,,Plein jour,En agglomération,Intersection en X,Normale,Deux véhicules - côté,,,,,,,,,,,1,2,2,1,3
200700029986,0007-05-29 16:00:00,7,5,29,16,0,750,18,4 R STEINKERQUE,,,Plein jour,En agglomération,Hors intersection,Normale,Autre collision,,,,,,,,,,,1,2,1,1,6
200700029987,0007-05-29 07:20:00,7,5,29,7,20,750,19,BD MAC DONALD AV PORTE A,,,Plein jour,En agglomération,Intersection en X,Normale,Deux véhicules - côté,,,,,,,,,,,1,2,2,1,3
200700029988,0007-05-29 00:01:00,7,5,29,0,1,750,19,BD MAC DONALD,,,Nuit avec éclairage allumé,En agglomération,Hors intersection,Normale,Autre collision,,,,,,,,,,,5,2,1,1,6
200700029989,0007-05-29 00:55:00,7,5,29,0,55,750,20,R DE BELLEVILLE R PELLEP,,,Nuit avec éclairage allumé,En agglomération,Intersection en X,Normale,Autre collision,,,,,,,,,,,5,2,2,1,6
200700029990,0007-05-29 19:50:00,7,5,29,19,50,750,19,BPE VILLETTE AUBERVILLIE,,,Nuit avec éclairage allumé,En agglomération,Hors intersection,Normale,Trois véhicules et plus - collisions multiples,,,,,,,,,,,5,2,1,1,5
200700029991,0007-05-30 17:20:00,7,5,30,17,20,750,2,32 AV DE L OPERA,,,Plein jour,En agglomération,Hors intersection,Pluie légère,Trois véhicules et plus - en chaîne,,,,,,,,,,,1,2,1,2,4
200700029992,0007-05-01 08:30:00,7,5,1,8,30,750,20,BPI LILAS BAGNOLET,,,Plein jour,En agglomération,Hors intersection,Normale,Deux véhicules - arrière,,,,,,,,,,,1,2,1,1,2
200700029993,0007-05-10 18:00:00,7,5,10,18,0,750,13,BPI GARE IVRY,,,Plein jour,En agglomération,Hors intersection,Normale,Deux véhicules - arrière,,,,,,,,,,,1,2,1,1,2
200700029994,0007-05-10 12:45:00,7,5,10,12,45,750,13,BPI ITALIE GENTILLY,,,Plein jour,En agglomération,Hors intersection,Pluie légère,Deux véhicules - arrière,,,,,,,,,,,1,2,1,2,2
200700029995,0007-05-10 16:30:00,7,5,10,16,30,750,19,ECH AUBERVILLIERS,,,Plein jour,En agglomération,Hors intersection,Normale,Deux véhicules - côté,,,,,,,,,,,1,2,1,1,3
200700029996,0007-05-11 15:55:00,7,5,11,15,55,750,12,BPI VINCENNES SAINT MAND,,,Plein jour,En agglomération,Hors intersection,Normale,Deux véhicules - côté,,,,,,,,,,,1,2,1,1,3
200700029997,0007-05-11 15:20:00,7,5,11,15,20,750,18,BPE CHAPELLE CLIGNANCOUR,,,Plein jour,En agglomération,Hors intersection,Normale,Autre collision,,,,,,,,,,,1,2,1,1,6
200700029998,0007-05-11 08:30:00,7,5,11,8,30,750,20,BPI BAGNOLET MONTREUIL,,,Plein jour,En agglomération,Hors intersection,Normale,Deux véhicules - arrière,,,,,,,,,,,1,2,1,1,2
200700029999,0007-05-16 17:00:00,7,5,16,17,0,750,20,BPI LILAS BAGNOLET,,,Plein jour,En agglomération,Hors intersection,Normale,Trois véhicules et plus - en chaîne,,,,,,,,,,,1,2,1,1,4
200700030000,0007-05-21 20:35:00,7,5,21,20,35,750,19,AV PORTE DES LILAS BD SE,,,Nuit avec éclairage allumé,En agglomération,Intersection en X,Normale,Deux véhicules - côté,,,,,,,,,,,5,2,2,1,3
200700030001,0007-05-21 20:10:00,7,5,21,20,10,750,20,AV PTE DE MONTREUIL PL P,,,Crépuscule ou aube,En agglomération,Intersection en X,Normale,Deux véhicules - arrière,,,,,,,,,,,2,2,2,1,2
200700030002,0007-05-23 16:40:00,7,5,23,16,40,750,20,R DE BAGNOLET R DE LA RE,,,Plein jour,En agglomération,Intersection en X,Normale,Deux véhicules - côté,,,,,,,,,,,1,2,2,1,3
200700030003,0007-05-29 19:40:00,7,5,29,19,40,750,16,ALL DE LONGCHAMP RTE POR,,,Plein jour,En agglomération,Intersection en X,Normale,Deux véhicules - arrière,,,,,,,,,,,1,2,2,1,2
200700030004,0007-05-28 14:15:00,7,5,28,14,15,750,17,BD DES BATIGNOLLES R DAR,,,Plein jour,En agglomération,Intersection en X,Normale,Deux véhicules - côté,,,,,,,,,,,1,2,2,1,3
200700030005,0007-05-29 18:05:00,7,5,29,18,5,750,3,R DE TURENNE R VILLEHARD,,,Plein jour,En agglomération,Intersection en X,Normale,Autre collision,,,,,,,,,,,1,2,2,1,6
200700030006,0007-05-29 07:35:00,7,5,29,7,35,750,13,QU PAN ET LEVASSOR R WAT,,,Plein jour,En agglomération,Intersection en X,Normale,Deux véhicules - côté,,,,,,,,,,,1,2,2,1,3
200700030007,0007-05-29 09:45:00,7,5,29,9,45,750,17,AV PTE DE ST OUEN R TOUL,,,Plein jour,En agglomération,Intersection en X,Normale,Deux véhicules - côté,,,,,,,,,,,1,2,2,1,3
200700030008,0007-05-30 23:15:00,7,5,30,23,15,750,1,QU DE L HORLOGE BD DU PA,,,Nuit avec éclairage allumé,En agglomération,Intersection en X,Normale,Deux véhicules - arrière,,,,,,,,,,,5,2,2,1,2
200700030009,0007-05-30 18:10:00,7,5,30,18,10,750,4,R G LASNIER QU HOTEL DE,,,Plein jour,En agglomération,Intersection en X,Pluie légère,Sans collision,,,,,,,,,,,1,2,2,2,7
200700030010,0007-05-30 08:40:00,7,5,30,8,40,750,7,R DE GRENELLE BD LA TOUR,,,Plein jour,En agglomération,Intersection en X,Normale,Deux véhicules - côté,,,,,,,,,,,1,2,2,1,3
200700030011,0007-05-30 14:50:00,7,5,30,14,50,750,7,PL VAUBAN AV DE VILLARS,,,Plein jour,En agglomération,Intersection en X,Normale,Deux véhicules - côté,,,,,,,,,,,1,2,2,1,3
200700030012,0007-05-30 13:10:00,7,5,30,13,10,750,11,R OBERKAMPF BD RICHARD L,,,Plein jour,En agglomération,Intersection en X,Normale,Deux véhicules - côté,,,,,,,,,,,1,2,2,1,3
200700030013,0007-05-30 17:50:00,7,5,30,17,50,750,11,59 BD DE BELLEVILLE,,,Plein jour,En agglomération,Hors intersection,Pluie légère,Autre collision,,,,,,,,,,,1,2,1,2,6
200700030014,0007-05-30 15:50:00,7,5,30,15,50,750,14,BD BRUNE AV JEAN MOULIN,,,Plein jour,En agglomération,Intersection en X,Normale,Deux véhicules - côté,,,,,,,,,,,1,2,2,1,3
200700030015,0007-05-30 15:20:00,7,5,30,15,20,750,14,35 BD ROMAIN ROLLAND,,,Plein jour,En agglomération,Hors intersection,Normale,Deux véhicules - côté,,,,,,,,,,,1,2,1,1,3
200700030016,0007-05-30 19:20:00,7,5,30,19,20,750,14,82 AV DENFERT ROCHEREAU,,,Plein jour,En agglomération,Hors intersection,Pluie légère,Deux véhicules - côté,,,,,,,,,,,1,2,1,2,3
200700030017,0007-05-30 17:00:00,7,5,30,17,0,750,15,R DE LA CONVENTION R LAC,,,Plein jour,En agglomération,Intersection en X,Pluie légère,Deux véhicules - côté,,,,,,,,,,,1,2,2,2,3
200700030018,0007-05-30 14:10:00,7,5,30,14,10,750,16,AV FOCH PL GX DE TRENTIN,,,Plein jour,En agglomération,Intersection en T,Normale,Autre collision,,,,,,,,,,,1,2,3,1,6
200700030019,0007-05-30 12:35:00,7,5,30,12,35,750,16,R MOLITOR BD MURAT,,,Plein jour,En agglomération,Intersection en X,Pluie légère,Sans collision,,,,,,,,,,,1,2,2,2,7
200700030020,0007-05-30 10:40:00,7,5,30,10,40,750,16,R MISSION MARCHANDE AV M,,,Plein jour,En agglomération,Intersection en X,Normale,Autre collision,,,,,,,,,,,1,2,2,1,6
200700030021,0007-05-30 00:15:00,7,5,30,0,15,750,16,44 AV DU PDT KENNEDY,,,Nuit avec éclairage allumé,En agglomération,Hors intersection,Normale,Deux véhicules - frontale,,,,,,,,,,,5,2,1,1,1
200700030022,0007-05-30 12:52:00,7,5,30,12,52,750,18,26 BD BARBES,,,Plein jour,En agglomération,Hors intersection,Pluie légère,Autre collision,,,,,,,,,,,1,2,1,2,6
200700030023,0007-05-31 08:30:00,7,5,31,8,30,750,11,174 R DE CHARONNE,,,Plein jour,En agglomération,Hors intersection,Normale,Deux véhicules - côté,,,,,,,,,,,1,2,1,1,3
200700030024,0007-05-31 12:48:00,7,5,31,12,48,750,13,R DE LA GLACIERE R L M N,,,Plein jour,En agglomération,Intersection en X,Normale,Deux véhicules - côté,,,,,,,,,,,1,2,2,1,3
200700030025,0007-05-31 11:05:00,7,5,31,11,5,750,13,44 AV EDISON,,,Plein jour,En agglomération,Hors intersection,Normale,Autre collision,,,,,,,,,,,1,2,1,1,6
200700030026,0007-05-31 10:00:00,7,5,31,10,0,750,14,R GIORDANO BRUNO R DES P,,,Plein jour,En agglomération,Intersection en X,Normale,Deux véhicules - côté,,,,,,,,,,,1,2,2,1,3
200700030027,0007-05-31 07:10:00,7,5,31,7,10,750,15,6 R GRAMME,,,Plein jour,En agglomération,Hors intersection,Normale,Deux véhicules - côté,,,,,,,,,,,1,2,1,1,3
200700030028,0007-05-31 11:35:00,7,5,31,11,35,750,16,L 10124 R H DE LA VAUX,,,Plein jour,En agglomération,Hors intersection,Normale,Sans collision,,,,,,,,,,,1,2,1,1,7
200700030029,0007-05-31 09:40:00,7,5,31,9,40,750,19,ECH AUBERVILLIERS PL AUG,,,Plein jour,En agglomération,Intersection en X,Normale,Deux véhicules - arrière,,,,,,,,,,,1,2,2,1,2
200700030030,0007-05-21 15:00:00,7,5,21,15,0,750,10,204 BD DE LA VILLETTE,,,Plein jour,En agglomération,Hors intersection,Normale,Autre collision,,,,,,,,,,,1,2,1,1,6
200700030031,0007-05-21 23:35:00,7,5,21,23,35,750,10,R FG SAINT MARTIN BD DE,,,Nuit avec éclairage allumé,En agglomération,Intersection en X,Normale,Deux véhicules - côté,,,,,,,,,,,5,2,2,1,3
200700030032,0007-05-22 15:20:00,7,5,22,15,20,750,10,116 BD DE MAGENTA,,,Plein jour,En agglomération,Hors intersection,Normale,Autre collision,,,,,,,,,,,1,2,1,1,6
200700030033,0007-05-22 14:35:00,7,5,22,14,35,750,10,212 R SAINT MAUR,,,Plein jour,En agglomération,Hors intersection,Normale,Autre collision,,,,,,,,,,,1,2,1,1,6
200700030034,0007-05-22 12:15:00,7,5,22,12,15,750,10,4 R LEON JOUHAUX,,,Plein jour,En agglomération,Hors intersection,Normale,Deux véhicules - côté,,,,,,,,,,,1,2,1,1,3
200700030035,0007-05-22 08:15:00,7,5,22,8,15,750,10,BD DE LA CHAPELLE R PH D,,,Plein jour,En agglomération,Intersection en T,Normale,Trois véhicules et plus - en chaîne,,,,,,,,,,,1,2,3,1,4
200700030036,0007-05-23 09:20:00,7,5,23,9,20,750,10,16 BD DE STRASBOURG,,,Plein jour,En agglomération,Hors intersection,Normale,Autre collision,,,,,,,,,,,1,2,1,1,6
200700030037,0007-05-23 11:45:00,7,5,23,11,45,750,10,BD DE LA CHAPELLE R CHAT,,,Plein jour,En agglomération,Intersection en X,Normale,Sans collision,,,,,,,,,,,1,2,2,1,7
200700030038,0007-05-23 11:45:00,7,5,23,11,45,750,10,BD DE LA CHAPELLE R CHAT,,,Plein jour,En agglomération,Intersection en X,Normale,Sans collision,,,,,,,,,,,1,2,2,1,7
200700030039,0007-05-23 11:20:00,7,5,23,11,20,750,10,214 R FG SAINT MARTIN,,,Plein jour,En agglomération,Hors intersection,Normale,Deux véhicules - côté,,,,,,,,,,,1,2,1,1,3
200700030040,0007-05-25 12:45:00,7,5,25,12,45,750,10,117 QU DE VALMY,,,Plein jour,En agglomération,Hors intersection,Normale,Deux véhicules - côté,,,,,,,,,,,1,2,1,1,3
200700030041,0007-05-25 20:50:00,7,5,25,20,50,750,10,40 BD BONNE NOUVELLE,,,Crépuscule ou aube,En agglomération,Hors intersection,Temps couvert,Autre collision,,,,,,,,,,,2,2,1,8,6
200700030042,0007-05-26 10:00:00,7,5,26,10,0,750,10,192 R FG SAINT MARTIN,,,Plein jour,En agglomération,Hors intersection,Normale,Deux véhicules - côté,,,,,,,,,,,1,2,1,1,3
200700030043,0007-05-26 12:05:00,7,5,26,12,5,750,10,47 QU DE VALMY,,,Plein jour,En agglomération,Hors intersection,Normale,Deux véhicules - côté,,,,,,,,,,,1,2,1,1,3
200700030044,0007-05-27 21:05:00,7,5,27,21,5,750,10,264 R FG SAINT MARTIN,,,Plein jour,En agglomération,Hors intersection,Normale,Deux véhicules - côté,,,,,,,,,,,1,2,1,1,3
200700030045,0007-05-27 18:10:00,7,5,27,18,10,750,10,R DE LA FIDELITE BD DE M,,,Plein jour,En agglomération,Intersection en X,Pluie légère,Deux véhicules - côté,,,,,,,,,,,1,2,2,2,3
200700030046,0007-05-29 19:00:00,7,5,29,19,0,750,10,R FG SAINT DENIS BD SAIN,,,Plein jour,En agglomération,Intersection en X,Normale,Deux véhicules - côté,,,,,,,,,,,1,2,2,1,3
200700030047,0007-05-30 15:30:00,7,5,30,15,30,750,3,R DE BRETAGNE R DEBELLEY,,,Plein jour,En agglomération,Intersection en X,Normale,Autre collision,,,,,,,,,,,1,2,2,1,6
200700030048,0007-05-30 08:45:00,7,5,30,8,45,750,10,103 BD DE LA VILLETTE,,,Plein jour,En agglomération,Hors intersection,Normale,Deux véhicules - côté,,,,,,,,,,,1,2,1,1,3
200700030049,0007-05-30 12:30:00,7,5,30,12,30,750,10,R FG POISSONNIERE R LA F,,,Plein jour,En agglomération,Intersection en X,Normale,Autre collision,,,,,,,,,,,1,2,2,1,6
200700030050,0007-05-30 16:00:00,7,5,30,16,0,750,20,76 R BELGRAND,,,Plein jour,En agglomération,Hors intersection,Normale,Autre collision,,,,,,,,,,,1,2,1,1,6
200700030051,0007-05-30 14:40:00,7,5,30,14,40,750,20,112 BD DAVOUT,,,Plein jour,En agglomération,Hors intersection,Normale,Autre collision,,,,,,,,,,,1,2,1,1,6
200700030052,0007-05-30 13:25:00,7,5,30,13,25,750,20,R LEVERT R DES PYRENEES,,,Plein jour,En agglomération,Intersection en X,Pluie légère,Autre collision,,,,,,,,,,,1,2,2,2,6
200700030053,0007-05-31 10:40:00,7,5,31,10,40,750,3,164 R DU TEMPLE,,,Plein jour,En agglomération,Hors intersection,Normale,Autre collision,,,,,,,,,,,1,2,1,1,6
200700030054,0007-05-31 09:40:00,7,5,31,9,40,750,10,R LOUIS BLANC QU DE VALM,,,Plein jour,En agglomération,Intersection en X,Normale,Autre collision,,,,,,,,,,,1,2,2,1,6
200700030055,0007-05-31 20:15:00,7,5,31,20,15,750,19,12 R BOTZARIS,,,Nuit avec éclairage allumé,En agglomération,Hors intersection,Normale,Sans collision,,,,,,,,,,,5,2,1,1,7
200700030056,0007-05-31 22:10:00,7,5,31,22,10,750,19,L 14637 AV RENE FONCK,,,Nuit avec éclairage allumé,En agglomération,Hors intersection,Normale,Autre collision,,,,,,,,,,,5,2,1,1,6
200700030057,0007-05-21 10:41:00,7,5,21,10,41,750,12,PO CH DE GAULLE QU DE LA,,,Plein jour,En agglomération,Intersection en X,Normale,Trois véhicules et plus - en chaîne,,,,,,,,,,,1,2,2,1,4
200700030058,0007-05-25 17:20:00,7,5,25,17,20,750,6,R MADAME R DE RENNES,,,Plein jour,En agglomération,Intersection en X,Temps couvert,Deux véhicules - côté,,,,,,,,,,,1,2,2,8,3
200700030059,0007-05-25 17:40:00,7,5,25,17,40,750,6,R SERVANDONI R DE VAUGIR,,,Plein jour,En agglomération,Intersection en T,Normale,Deux véhicules - arrière,,,,,,,,,,,1,2,3,1,2
200700030060,0007-05-25 10:20:00,7,5,25,10,20,750,20,AV IBSEN AV PORTE BAGNOL,,,Plein jour,En agglomération,Intersection en X,Normale,Deux véhicules - arrière,,,,,,,,,,,1,2,2,1,2
200700030061,0007-05-26 04:50:00,7,5,26,4,50,750,20,242 R DES PYRENEES,,,Nuit avec éclairage allumé,En agglomération,Hors intersection,Normale,Sans collision,,,,,,,,,,,5,2,1,1,7
200700030062,0007-05-26 23:50:00,7,5,26,23,50,750,20,136 BD DAVOUT,,,Nuit avec éclairage allumé,En agglomération,Hors intersection,Pluie légère,Deux véhicules - côté,,,,,,,,,,,5,2,1,2,3
200700030063,0007-05-27 14:05:00,7,5,27,14,5,750,20,BD MORTIER R DES TOURELL,,,Plein jour,En agglomération,Intersection en X,Normale,Deux véhicules - arrière,,,,,,,,,,,1,2,2,1,2
200700030064,0007-05-28 10:25:00,7,5,28,10,25,750,16,AV FOCH R RUDE,,,Plein jour,En agglomération,Intersection en X,Normale,Autre collision,,,,,,,,,,,1,2,2,1,6
200700030065,0007-05-29 17:35:00,7,5,29,17,35,750,17,AV NIEL AV DES TERNES,,,Plein jour,En agglomération,Intersection en X,Normale,Autre collision,,,,,,,,,,,1,2,2,1,6
200700030066,0007-05-29 15:57:00,7,5,29,15,57,750,20,R JULIEN LACROIX R DES M,,,Plein jour,En agglomération,Intersection en X,Normale,Deux véhicules - côté,,,,,,,,,,,1,2,2,1,3
200700030067,0007-05-30 13:55:00,7,5,30,13,55,750,6,R DE RENNES R DE VAUGIRA,,,Plein jour,En agglomération,Intersection en X,Pluie légère,Deux véhicules - côté,,,,,,,,,,,1,2,2,2,3
200700030068,0007-05-30 15:55:00,7,5,30,15,55,750,17,BD BERTHIER R DE SAUSSUR,,,Plein jour,En agglomération,Intersection en X,Normale,Autre collision,,,,,,,,,,,1,2,2,1,6
200700030069,0007-05-31 18:50:00,7,5,31,18,50,750,8,AV CHAMPS ELYSEES PL CH,,,Nuit avec éclairage allumé,En agglomération,Intersection en X,Pluie légère,Autre collision,,,,,,,,,,,5,2,2,2,6
200700030070,0007-05-31 09:10:00,7,5,31,9,10,750,20,274 R DE BELLEVILLE,,,Plein jour,En agglomération,Hors intersection,Normale,Deux véhicules - côté,,,,,,,,,,,1,2,1,1,3
200700030071,0007-05-02 09:20:00,7,5,2,9,20,750,10,12 R LEON JOUHAUX,,,Plein jour,En agglomération,Hors intersection,Normale,Deux véhicules - côté,,,,,,,,,,,1,2,1,1,3
200700030072,0007-05-30 16:10:00,7,5,30,16,10,750,1,PO CARROUSEL QU TUILERIE,,,Plein jour,En agglomération,Intersection en X,Normale,Deux véhicules - côté,,,,,,,,,,,1,2,2,1,3
200700030073,0007-05-20 21:31:00,7,5,20,21,31,750,12,L12078 QU DE LA RAPEE,,,Nuit avec éclairage allumé,En agglomération,Hors intersection,Pluie légère,Autre collision,,,,,,,,,,,5,2,1,2,6
200700030074,0007-05-27 11:15:00,7,5,27,11,15,750,12,RTE DE BOURBON RTE SAINT,,,Plein jour,En agglomération,Intersection en X,Normale,Deux véhicules - côté,,,,,,,,,,,1,2,2,1,3
200700030075,0007-05-27 21:30:00,7,5,27,21,30,750,12,R DE BERCY AV LEDRU ROLL,,,Nuit avec éclairage allumé,En agglomération,Intersection en X,Normale,Deux véhicules - côté,,,,,,,,,,,5,2,2,1,3
200700030076,0007-05-29 11:40:00,7,5,29,11,40,750,12,AV DR ARNOLD NETTER AV D,,,Plein jour,En agglomération,Intersection en X,Normale,Deux véhicules - côté,,,,,,,,,,,1,2,2,1,3
200700030077,0007-05-30 18:10:00,7,5,30,18,10,750,12,144 BD DIDEROT,,,Plein jour,En agglomération,Hors intersection,Pluie légère,Deux véhicules - côté,,,,,,,,,,,1,2,1,2,3
200700030078,0007-05-30 16:00:00,7,5,30,16,0,750,12,L 13667 QU DE BERCY,,,Plein jour,En agglomération,Hors intersection,Pluie légère,Deux véhicules - arrière,,,,,,,,,,,1,2,1,2,2
200700030079,0007-05-31 14:40:00,7,5,31,14,40,750,5,R DES ECOLES R MONGE,,,Plein jour,En agglomération,Intersection en X,Normale,Deux véhicules - côté,,,,,,,,,,,1,2,2,1,3
200700030080,0007-05-31 15:15:00,7,5,31,15,15,750,11,80 AV PARMENTIER,,,Plein jour,En agglomération,Hors intersection,Normale,Autre collision,,,,,,,,,,,1,2,1,1,6
200700030081,0007-05-31 13:30:00,7,5,31,13,30,750,11,BD RICHARD LENOIR ALL VE,,,Plein jour,En agglomération,Intersection en X,Normale,Deux véhicules - côté,,,,,,,,,,,1,2,2,1,3
200700030082,0007-05-24 10:15:00,7,5,24,10,15,750,6,R BLAISE DESGOFFE R DE R,,,Plein jour,En agglomération,Intersection en T,Normale,Deux véhicules - côté,,,,,,,,,,,1,2,3,1,3
200700030083,0007-05-07 08:55:00,7,5,7,8,55,750,17,AV CIM BATIGNOLLES AV PO,,,Plein jour,En agglomération,Intersection en T,Normale,Deux véhicules - côté,,,,,,,,,,,1,2,3,1,3
200700030084,0007-05-31 13:50:00,7,5,31,13,50,750,8,PL DE LA CONCORDE PO DE,,,Plein jour,En agglomération,Intersection en X,Normale,Deux véhicules - arrière,,,,,,,,,,,1,2,2,1,2
200700030085,0007-05-12 20:20:00,7,5,12,20,20,750,14,BPI ORLEANS CHATILLON,,,Plein jour,En agglomération,Hors intersection,Normale,Deux véhicules - côté,,,,,,,,,,,1,2,1,1,3
200700030086,0007-05-12 08:25:00,7,5,12,8,25,750,17,BPE CHAMPERRET TERNES,,,Plein jour,En agglomération,Hors intersection,Normale,Deux véhicules - côté,,,,,,,,,,,1,2,1,1,3
200700030087,0007-05-13 16:30:00,7,5,13,16,30,750,18,BPE CLIGNANCOURT SAINT O,,,Plein jour,En agglomération,Hors intersection,Pluie légère,Trois véhicules et plus - en chaîne,,,,,,,,,,,1,2,1,2,4
200700030088,0007-05-13 02:40:00,7,5,13,2,40,750,18,BPE CHAPELLE CLIGNANCOUR,,,Nuit avec éclairage allumé,En agglomération,Hors intersection,Normale,Autre collision,,,,,,,,,,,5,2,1,1,6
200700030089,0007-05-14 16:50:00,7,5,14,16,50,750,14,BPE VANVES CHATILLON,,,Plein jour,En agglomération,Hors intersection,Pluie légère,Trois véhicules et plus - en chaîne,,,,,,,,,,,1,2,1,2,4
200700030090,0007-05-14 17:00:00,7,5,14,17,0,750,15,BPE QU POINT DU JOUR ISS,,,Plein jour,En agglomération,Hors intersection,Pluie forte,Deux véhicules - arrière,,,,,,,,,,,1,2,1,3,2
200700030091,0007-05-14 18:45:00,7,5,14,18,45,750,12,BPI DOREE CHARENTON,,,Plein jour,En agglomération,Hors intersection,Pluie légère,Deux véhicules - arrière,,,,,,,,,,,1,2,1,2,2
200700030092,0007-05-16 09:25:00,7,5,16,9,25,750,16,BPI MUETTE DAUPHINE,,,Plein jour,En agglomération,Hors intersection,Temps couvert,Deux véhicules - côté,,,,,,,,,,,1,2,1,8,3