accident_id,datetime,annee,mois,jour,heure,minute,departement,commune_insee,adresse,latitude,longitude,luminosite,agglomeration,intersection,meteo,collision,nb_vehicules,nb_usagers,nb_indemnes,nb_tues,nb_blesses_hosp,nb_blesses_legers,age_cond_1,age_cond_2,veh_type_cond_1,veh_type_cond_2,lum_code,agg_code,int_code,atm_code,col_code
200700030894,0007-05-06 15:35:00,7,5,6,15,35,920,22,"2012, SALENGRO (AVENUE R",,,Plein jour,En agglomération,Intersection en X,Normale,Deux véhicules - côté,,,,,,,,,,,1,2,2,1,3
200700030895,0007-05-30 19:50:00,7,5,30,19,50,920,72,"34, PAVE DES GARDES (ROU",,,Crépuscule ou aube,En agglomération,Hors intersection,Pluie légère,Deux véhicules - arrière,,,,,,,,,,,2,2,1,2,2
200700030896,0007-05-30 16:40:00,7,5,30,16,40,920,22,"1791, SALENGRO (AVENUE R",,,Plein jour,En agglomération,Hors intersection,Normale,Deux véhicules - côté,,,,,,,,,,,1,2,1,1,3
200700030897,0007-05-30 19:20:00,7,5,30,19,20,920,72,"., MANUFACTURE NATIONALE",,,Plein jour,En agglomération,Hors intersection,Pluie légère,Trois véhicules et plus - collisions multiples,,,,,,,,,,,1,2,1,2,5
200700030898,0007-05-01 07:30:00,7,5,1,7,30,920,73,"50, SELLIER (BOULEVARD H",,,Plein jour,En agglomération,Intersection en T,Normale,Autre collision,,,,,,,,,,,1,2,3,1,6
200700030899,0007-05-05 13:30:00,7,5,5,13,30,920,73,"95, DE LATTRE DE TASSIGN",,,Plein jour,En agglomération,Hors intersection,Normale,Deux véhicules - côté,,,,,,,,,,,1,2,1,1,3
200700030900,0007-05-05 17:20:00,7,5,5,17,20,920,73,"164, SELLIER (BOULEVARD",,,Plein jour,En agglomération,Hors intersection,Normale,Autre collision,,,,,,,,,,,1,2,1,1,6
200700030901,0007-05-05 17:45:00,7,5,5,17,45,920,73,"34, HUIT MAI 1945 (PLACE",,,Plein jour,En agglomération,Place,Normale,Autre collision,,,,,,,,,,,1,2,7,1,6
200700030902,0007-05-14 08:15:00,7,5,14,8,15,920,73,"44, JAURES (AVENUE JEAN)",,,Plein jour,En agglomération,Intersection en X,Normale,Autre collision,,,,,,,,,,,1,2,2,1,6
200700030903,0007-05-26 13:30:00,7,5,26,13,30,920,73,"19, SELLIER (BOULEVARD H",,,Plein jour,En agglomération,Intersection en X,Normale,Autre collision,,,,,,,,,,,1,2,2,1,6
200700030904,0007-05-27 08:10:00,7,5,27,8,10,920,73,GALLIENI (QUAI),,,Plein jour,En agglomération,Intersection en T,Normale,Deux véhicules - arrière,,,,,,,,,,,1,2,3,1,2
200700030905,0007-05-31 15:30:00,7,5,31,15,30,920,73,"6, ZOLA (RUE EMILE)",,,Plein jour,En agglomération,Place,Normale,Autre collision,,,,,,,,,,,1,2,7,1,6
200700030906,0007-05-05 13:30:00,7,5,5,13,30,920,75,JULLIEN (RUE),,,Plein jour,En agglomération,Intersection en X,Temps couvert,Autre collision,,,,,,,,,,,1,2,2,8,6
200700030907,0007-05-18 19:00:00,7,5,18,19,0,920,46,GABRIEL PERI,,,Plein jour,En agglomération,Intersection en X,Normale,Deux véhicules - côté,,,,,,,,,,,1,2,2,1,3
200700030908,0007-05-22 09:00:00,7,5,22,9,0,920,75,JULLIEN (RUE),,,Plein jour,En agglomération,Intersection en T,Normale,Autre collision,,,,,,,,,,,1,2,3,1,6
200700030909,0007-05-24 12:40:00,7,5,24,12,40,920,46,CAMELINAT,,,Plein jour,En agglomération,Intersection en X,Normale,Deux véhicules - côté,,,,,,,,,,,1,2,2,1,3
200700030910,0007-05-25 10:50:00,7,5,25,10,50,920,46,PIERRE LAROUSSE (AVENUE),,,Plein jour,En agglomération,Intersection en T,Normale,Trois véhicules et plus - collisions multiples,,,,,,,,,,,1,2,3,1,5
200700030911,0007-05-31 12:45:00,7,5,31,12,45,920,46,"132, CAMELINAT",,,Plein jour,En agglomération,Hors intersection,Normale,Deux véhicules - côté,,,,,,,,,,,1,2,1,1,3
200700030912,0007-05-18 12:45:00,7,5,18,12,45,920,78,", MARECHAL LECLERC (AVEN",,,Plein jour,En agglomération,Hors intersection,Normale,Autre collision,,,,,,,,,,,1,2,1,1,6
200700030913,0007-05-22 09:00:00,7,5,22,9,0,920,78,VERDUN (AVENUE) (PAIRS 2,,,Plein jour,En agglomération,Intersection en T,Normale,Deux véhicules - côté,,,,,,,,,,,1,2,3,1,3
200700030914,0007-05-06 07:40:00,7,5,6,7,40,920,26,"1, ALBERT GLEIZES (AVENU",,,Plein jour,En agglomération,Intersection en X,Normale,Sans collision,,,,,,,,,,,1,2,2,1,7
200700030915,0007-05-14 12:30:00,7,5,14,12,30,920,62,BOULEVARD CIRCULAIRE,,,Plein jour,En agglomération,Hors intersection,Normale,Sans collision,,,,,,,,,,,1,2,1,1,7
200700030916,0007-05-24 11:00:00,7,5,24,11,0,920,26,BOULEVARD CIRCULAIRE,,,Plein jour,En agglomération,Intersection en X,Normale,Deux véhicules - arrière,,,,,,,,,,,1,2,2,1,2
200700030917,0007-05-28 00:45:00,7,5,28,0,45,920,62,BOULEVARD CIRCULAIRE,,,Nuit avec éclairage allumé,En agglomération,Intersection en Y,Pluie légère,Sans collision,,,,,,,,,,,5,2,4,2,7
200700030918,0007-05-31 17:30:00,7,5,31,17,30,920,62,BOULEVARD CIRCULAIRE,,,Plein jour,En agglomération,Intersection en Y,Normale,Deux véhicules - arrière,,,,,,,,,,,1,2,4,1,2
200700030919,0007-05-03 19:20:00,7,5,3,19,20,930,1,"55, HAIE COQ (RUE DE LA",,,Plein jour,En agglomération,Hors intersection,Temps éblouissant,Autre collision,,,,,,,,,,,1,2,1,7,6
200700030920,0007-05-03 20:55:00,7,5,3,20,55,930,1,"01, AVENIR (PASSAGE DE L",,,Plein jour,En agglomération,Intersection en T,Normale,Deux véhicules - côté,,,,,,,,,,,1,2,3,1,3
200700030921,0007-05-04 15:20:00,7,5,4,15,20,930,1,"175, FELIX FAURE (BLD) =",,,Plein jour,En agglomération,Hors intersection,Normale,Deux véhicules - arrière,,,,,,,,,,,1,2,1,1,2
200700030922,0007-05-09 11:20:00,7,5,9,11,20,930,1,"167, VICTOR HUGO (AVE)",,,Plein jour,En agglomération,Hors intersection,Normale,Deux véhicules - côté,,,,,,,,,,,1,2,1,1,3
200700030923,0007-05-09 17:45:00,7,5,9,17,45,930,1,GRANDES-MURAILLES (RUE D,,,Plein jour,En agglomération,Intersection en T,Normale,Deux véhicules - côté,,,,,,,,,,,1,2,3,1,3
200700030924,0007-05-09 23:55:00,7,5,9,23,55,930,1,"211, JEAN JAURES  (AVE)",,,Nuit avec éclairage allumé,En agglomération,Intersection en X,Normale,Deux véhicules - arrière,,,,,,,,,,,5,2,2,1,2
200700030925,0007-05-11 08:20:00,7,5,11,8,20,930,1,"90, VICTOR HUGO (AVE)  =",,,Plein jour,En agglomération,Hors intersection,Normale,Deux véhicules - arrière,,,,,,,,,,,1,2,1,1,2
200700030926,0007-05-14 11:30:00,7,5,14,11,30,930,1,"15, LANDY (RUE DU) => 16",,,Plein jour,En agglomération,Hors intersection,Normale,Autre collision,,,,,,,,,,,1,2,1,1,6
200700030927,0007-05-15 14:50:00,7,5,15,14,50,930,1,"124, VICTOR HUGO (AVE)",,,Plein jour,En agglomération,Hors intersection,Temps couvert,Deux véhicules - côté,,,,,,,,,,,1,2,1,8,3
200700030928,0007-05-15 20:45:00,7,5,15,20,45,930,1,PONT BLANC.CHARLES TILLO,,,Crépuscule ou aube,En agglomération,Intersection en X,Temps couvert,Autre collision,,,,,,,,,,,2,2,2,8,6
200700030929,0007-05-21 12:20:00,7,5,21,12,20,930,1,REPUBLIQUE (AVE DE LA ),,,Plein jour,En agglomération,Intersection en X,Temps couvert,Deux véhicules - arrière,,,,,,,,,,,1,2,2,8,2
200700030930,0007-05-23 16:30:00,7,5,23,16,30,930,1,"85, LANDY (RUE DU) 34/29",,,Plein jour,En agglomération,Hors intersection,Normale,Autre collision,,,,,,,,,,,1,2,1,1,6
200700030931,0007-05-24 17:27:00,7,5,24,17,27,930,1,PORT (RUE DU)  (IMPAIR),,,Plein jour,En agglomération,Intersection en X,Normale,Deux véhicules - côté,,,,,,,,,,,1,2,2,1,3
200700030932,0007-05-25 09:15:00,7,5,25,9,15,930,1,"131, JEAN JAURES (AVE)",,,Plein jour,En agglomération,Hors intersection,Normale,Deux véhicules - arrière,,,,,,,,,,,1,2,1,1,2
200700030933,0007-05-25 13:00:00,7,5,25,13,0,930,1,GASTON CARRE (RUE),,,Plein jour,En agglomération,Hors intersection,Normale,Autre collision,,,,,,,,,,,1,2,1,1,6
200700030934,0007-05-25 19:00:00,7,5,25,19,0,930,1,"60, PRESIDENT ROOSEVELT",,,Plein jour,En agglomération,Hors intersection,Pluie forte,Autre collision,,,,,,,,,,,1,2,1,3,6
200700030935,0007-05-28 12:50:00,7,5,28,12,50,930,1,"5, EDOUARD VAILLANT (BLD",,,Plein jour,En agglomération,Hors intersection,Pluie légère,Autre collision,,,,,,,,,,,1,2,1,2,6
200700030936,0007-05-29 15:40:00,7,5,29,15,40,930,1,"71, VICTOR HUGO (AVE)",,,Plein jour,En agglomération,Hors intersection,Normale,Deux véhicules - côté,,,,,,,,,,,1,2,1,1,3
200700030937,0007-05-29 15:45:00,7,5,29,15,45,930,1,"213, JEAN JAURES  (AVE)",,,Plein jour,En agglomération,Hors intersection,Normale,Trois véhicules et plus - en chaîne,,,,,,,,,,,1,2,1,1,4
200700030938,0007-05-29 22:20:00,7,5,29,22,20,930,1,", COURNEUVE (RUE DE LA)",,,Nuit avec éclairage non allumé,En agglomération,Hors intersection,Normale,Autre collision,,,,,,,,,,,4,2,1,1,6
200700030939,0007-05-02 14:05:00,7,5,2,14,5,930,5,"NEANT, NONNEVILLE (AVENU",,,Plein jour,En agglomération,Intersection en X,Normale,Deux véhicules - côté,,,,,,,,,,,1,2,2,1,3
200700030940,0007-05-05 11:35:00,7,5,5,11,35,930,5,MARC CHAGALL (BOULEVARD),,,Plein jour,En agglomération,Intersection en X,Normale,Deux véhicules - côté,,,,,,,,,,,1,2,2,1,3
200700030941,0007-05-08 13:05:00,7,5,8,13,5,930,5,"NEANT, ANDRE CITROEN (BO",,,Plein jour,En agglomération,Hors intersection,Pluie légère,Deux véhicules - frontale,,,,,,,,,,,1,2,1,2,1
200700030942,0007-05-13 19:00:00,7,5,13,19,0,930,5,EDGAR DEGAS (RUE),,,Plein jour,En agglomération,Hors intersection,Normale,Sans collision,,,,,,,,,,,1,2,1,1,7
200700030943,0007-05-14 17:20:00,7,5,14,17,20,930,5,"NEANT, EDGAR DEGAS (RUE)",,,Plein jour,En agglomération,Hors intersection,Temps couvert,Autre collision,,,,,,,,,,,1,2,1,8,6
200700030944,0007-05-15 01:00:00,7,5,15,1,0,930,5,", NONNEVILLE (AVENUE DE)",,,Nuit avec éclairage allumé,En agglomération,Hors intersection,Normale,Sans collision,,,,,,,,,,,5,2,1,1,7
200700030945,0007-05-21 08:00:00,7,5,21,8,0,930,5,"NEANT, MITRY [CD115] (RU",,,Plein jour,En agglomération,Intersection en T,Temps couvert,Deux véhicules - côté,,,,,,,,,,,1,2,3,8,3
200700030946,0007-05-19 15:00:00,7,5,19,15,0,930,5,SEVRAN (CD44) (RUE DE),,,Plein jour,En agglomération,Intersection en T,Temps couvert,Autre collision,,,,,,,,,,,1,2,3,8,6
200700030947,0007-05-21 18:00:00,7,5,21,18,0,930,5,"03, MIMOSAS (RUE DES)",,,Plein jour,En agglomération,Hors intersection,Normale,Autre collision,,,,,,,,,,,1,2,1,1,6
200700030948,0007-05-23 08:55:00,7,5,23,8,55,930,5,GARONOR,,,Plein jour,Hors agglomération,Hors intersection,Normale,Sans collision,,,,,,,,,,,1,1,1,1,7
200700030949,0007-05-25 16:35:00,7,5,25,16,35,930,5,RAOUL DUFY (AVENUE),,,Plein jour,En agglomération,Intersection en T,Normale,Sans collision,,,,,,,,,,,1,2,3,1,7
200700030950,0007-05-17 16:00:00,7,5,17,16,0,930,5,"0, PAUL CEZANNE (RUE)",,,Plein jour,En agglomération,Intersection en Y,Pluie légère,Sans collision,,,,,,,,,,,1,2,4,2,7
200700030951,0007-05-01 07:40:00,7,5,1,7,40,930,7,"20, ""PAUL VAILLANT COUTU",,,Plein jour,En agglomération,Hors intersection,Normale,Autre collision,,,,,,,,,,,1,2,1,1,6
200700030952,0007-05-04 18:00:00,7,5,4,18,0,930,7,CHARLES FLOQUET (AVENUE),,,Plein jour,En agglomération,Intersection en X,Normale,Deux véhicules - frontale,,,,,,,,,,,1,2,2,1,1
200700030953,0007-05-22 21:50:00,7,5,22,21,50,930,7,GEORGES GUYNEMER (AVENUE,,,Nuit avec éclairage allumé,En agglomération,Intersection en X,Normale,Deux véhicules - côté,,,,,,,,,,,5,2,2,1,3
200700030954,0007-05-24 07:55:00,7,5,24,7,55,930,7,"210, 8 MAI 45 (AVENUE DU",,,Plein jour,En agglomération,Hors intersection,Normale,Deux véhicules - arrière,,,,,,,,,,,1,2,1,1,2
200700030955,0007-05-24 11:45:00,7,5,24,11,45,930,7,PABLO NERUDA (ROND-POINT,,,Plein jour,Hors agglomération,Hors intersection,Temps éblouissant,Deux véhicules - arrière,,,,,,,,,,,1,1,1,7,2
200700030956,0007-05-25 16:50:00,7,5,25,16,50,930,7,"89, CHARLES FLOQUET (AVE",,,Plein jour,En agglomération,Hors intersection,Normale,Autre collision,,,,,,,,,,,1,2,1,1,6
200700030957,0007-05-31 13:20:00,7,5,31,13,20,930,7,FORUM,,,Plein jour,En agglomération,Hors intersection,Normale,Autre collision,,,,,,,,,,,1,2,1,1,6
200700030958,0007-05-04 10:00:00,7,5,4,10,0,930,8,LENINE (BOULEVARD),,,Plein jour,En agglomération,Intersection en T,Normale,Deux véhicules - côté,,,,,,,,,,,1,2,3,1,3
200700030959,0007-05-05 17:10:00,7,5,5,17,10,930,8,PARIS (RUE DE),,,Plein jour,En agglomération,Hors intersection,Normale,Deux véhicules - côté,,,,,,,,,,,1,2,1,1,3
200700030960,0007-05-08 17:20:00,7,5,8,17,20,930,8,"NEANT, PARIS (RUE DE)",,,Plein jour,En agglomération,Hors intersection,Normale,Deux véhicules - arrière,,,,,,,,,,,1,2,1,1,2
200700030961,0007-05-14 16:45:00,7,5,14,16,45,930,8,DIVISION LECLERC (AVENUE,,,Plein jour,En agglomération,Autre intersection,Pluie légère,Deux véhicules - côté,,,,,,,,,,,1,2,9,2,3
200700030962,0007-05-15 16:20:00,7,5,15,16,20,930,8,GAGARINE (AVENUE YOURI),,,Plein jour,En agglomération,Hors intersection,Pluie légère,Autre collision,,,,,,,,,,,1,2,1,2,6
200700030963,0007-05-15 18:45:00,7,5,15,18,45,930,8,PLACE ESCADRILLE N. NIEM,,,Plein jour,En agglomération,Giratoire,Pluie légère,Deux véhicules - arrière,,,,,,,,,,,1,2,6,2,2
200700030964,0007-05-21 15:45:00,7,5,21,15,45,930,8,PLACE SAINT JUSTE,,,Plein jour,En agglomération,Giratoire,Normale,Deux véhicules - côté,,,,,,,,,,,1,2,6,1,3
200700030965,0007-05-21 18:20:00,7,5,21,18,20,930,8,FREUD (RUE SIGMUND),,,Plein jour,En agglomération,Intersection en T,Normale,Sans collision,,,,,,,,,,,1,2,3,1,7
200700030966,0007-05-23 19:00:00,7,5,23,19,0,930,8,VAILLANT COUTURIER (AVEN,,,Plein jour,En agglomération,Intersection en T,Normale,Autre collision,,,,,,,,,,,1,2,3,1,6
200700030967,0007-05-26 18:30:00,7,5,26,18,30,930,8,STALINGRAD (RUE DE) A10,,,Plein jour,En agglomération,Hors intersection,Normale,Deux véhicules - arrière,,,,,,,,,,,1,2,1,1,2
200700030968,0007-05-29 16:08:00,7,5,29,16,8,930,8,"39, VAILLANT (AVENUE EDO",,,Plein jour,En agglomération,Hors intersection,Normale,Autre collision,,,,,,,,,,,1,2,1,1,6
200700030969,0007-05-30 18:10:00,7,5,30,18,10,930,8,", BARBUSSE (AVENUE HENRI",,,Plein jour,En agglomération,Intersection en T,Pluie légère,Trois véhicules et plus - collisions multiples,,,,,,,,,,,1,2,3,2,5
200700030970,0007-05-01 19:30:00,7,5,1,19,30,930,10,"10, BLANQUI (R. LOUIS-AU",,,Plein jour,En agglomération,Hors intersection,Normale,Autre collision,,,,,,,,,,,1,2,1,1,6
200700030971,0007-05-03 17:45:00,7,5,3,17,45,930,10,"IGNORE, GALLIENI (AV.) 2",,,Plein jour,En agglomération,Hors intersection,Normale,Autre collision,,,,,,,,,,,1,2,1,1,6
200700030972,0007-05-06 18:10:00,7,5,6,18,10,930,10,"129, VAILLANT (RUE EDOUA",,,Plein jour,En agglomération,Hors intersection,Normale,Autre collision,,,,,,,,,,,1,2,1,1,6
200700030973,0007-05-10 07:05:00,7,5,10,7,5,930,57,"IGNORE, BRIAND ( AV.  AR",,,Plein jour,En agglomération,Hors intersection,Normale,Deux véhicules - côté,,,,,,,,,,,1,2,1,1,3
200700030974,0007-05-11 21:00:00,7,5,11,21,0,930,10,"IGNORE, REPUBLIQUE (PL.",,,Nuit avec éclairage allumé,En agglomération,Hors intersection,Pluie légère,Deux véhicules - arrière,,,,,,,,,,,5,2,1,2,2
200700030975,0007-05-16 06:15:00,7,5,16,6,15,930,10,"71, SALENGRO (RUE ROGER)",,,Crépuscule ou aube,En agglomération,Hors intersection,Pluie légère,Autre collision,,,,,,,,,,,2,2,1,2,6
200700030976,0007-05-16 23:25:00,7,5,16,23,25,930,10,"113, GALLIENI (AV.) DE 1",,,Nuit avec éclairage allumé,En agglomération,Hors intersection,Pluie légère,Deux véhicules - arrière,,,,,,,,,,,5,2,1,2,2
200700030977,0007-05-27 00:55:00,7,5,27,0,55,930,10,"ignore, GALLIENI (AV.) D",,,Nuit avec éclairage allumé,En agglomération,Hors intersection,Pluie légère,Trois véhicules et plus - en chaîne,,,,,,,,,,,5,2,1,2,4
200700030978,0007-05-28 17:30:00,7,5,28,17,30,930,10,"ignore, VILLEMOMBLE (RTE",,,Plein jour,En agglomération,Hors intersection,Pluie légère,Deux véhicules - côté,,,,,,,,,,,1,2,1,2,3
200700030979,0007-05-28 18:30:00,7,5,28,18,30,930,10,"103, BAUDIN (RUE) DE 65",,,Plein jour,En agglomération,Hors intersection,Pluie légère,Autre collision,,,,,,,,,,,1,2,1,2,6
200700030980,0007-05-29 18:30:00,7,5,29,18,30,930,57,"55, BRIAND ( AV. ARISTID",,,Plein jour,En agglomération,Hors intersection,Normale,Deux véhicules - arrière,,,,,,,,,,,1,2,1,1,2
200700030981,0007-05-10 08:00:00,7,5,10,8,0,930,13,LECLERC (AVENU DE LA DIV,,,Plein jour,En agglomération,Intersection en X,Normale,Deux véhicules - arrière,,,,,,,,,,,1,2,2,1,2
200700030982,0007-05-04 19:20:00,7,5,4,19,20,930,30,"6, HENNIAUX (RUE MAURICE",,,Crépuscule ou aube,En agglomération,Hors intersection,Pluie forte,Deux véhicules - côté,,,,,,,,,,,2,2,1,3,3
200700030983,0007-05-04 19:55:00,7,5,4,19,55,930,27,"88, JAURES (AVENUE JEAN)",,,Nuit avec éclairage allumé,En agglomération,Hors intersection,Pluie forte,Trois véhicules et plus - collisions multiples,,,,,,,,,,,5,2,1,3,5
200700030984,0007-05-15 17:30:00,7,5,15,17,30,930,27,JAURES (AVENUE JEAN),,,Plein jour,En agglomération,Intersection en T,Pluie légère,Deux véhicules - côté,,,,,,,,,,,1,2,3,2,3
200700030985,0007-05-16 09:00:00,7,5,16,9,0,930,13,"22, LECLERC (AVENU DE LA",,,Plein jour,En agglomération,Hors intersection,Pluie légère,Autre collision,,,,,,,,,,,1,2,1,2,6
200700030986,0007-05-19 22:25:00,7,5,19,22,25,930,27,RATEAU (RUE),,,Nuit avec éclairage allumé,En agglomération,Hors intersection,Normale,Deux véhicules - arrière,,,,,,,,,,,5,2,1,1,2
200700030987,0007-05-20 22:20:00,7,5,20,22,20,930,13,CAVILLON (RUE ANIZAN),,,Nuit avec éclairage allumé,En agglomération,Hors intersection,Pluie légère,Deux véhicules - arrière,,,,,,,,,,,5,2,1,2,2
200700030988,0007-05-17 16:25:00,7,5,17,16,25,930,27,"47, ZOLA (RUE EMILE)",,,Plein jour,En agglomération,Hors intersection,Normale,Autre collision,,,,,,,,,,,1,2,1,1,6
200700030989,0007-05-01 16:00:00,7,5,1,16,0,930,29,"193, HENRI BARBUSSE (AVE",,,Plein jour,En agglomération,Intersection en X,Normale,Deux véhicules - côté,,,,,,,,,,,1,2,2,1,3
200700030990,0007-05-11 11:10:00,7,5,11,11,10,930,29,"77, HENRI BARBUSSE (AVE)",,,Plein jour,En agglomération,Hors intersection,Normale,Autre collision,,,,,,,,,,,1,2,1,1,6
200700030991,0007-05-11 21:25:00,7,5,11,21,25,930,29,DIVISION LECLERC (AV. DE,,,Nuit avec éclairage allumé,En agglomération,Intersection en X,Temps couvert,Deux véhicules - frontale,,,,,,,,,,,5,2,2,8,1
200700030992,0007-05-14 18:20:00,7,5,14,18,20,930,29,MAXIME GORKI,,,Plein jour,En agglomération,Intersection en X,Pluie légère,Deux véhicules - côté,,,,,,,,,,,1,2,2,2,3
200700030993,0007-05-15 08:25:00,7,5,15,8,25,930,29,AUGUSTE BLANQUI,,,Plein jour,En agglomération,Intersection en X,Normale,Deux véhicules - arrière,,,,,,,,,,,1,2,2,1,2
200700030994,0007-05-16 19:15:00,7,5,16,19,15,930,29,"63, DOCTEUR ALBERT SCHWE",,,Plein jour,En agglomération,Hors intersection,Normale,Deux véhicules - côté,,,,,,,,,,,1,2,1,1,3
200700030995,0007-05-17 13:35:00,7,5,17,13,35,930,29,CHARLES GIDE,,,Plein jour,En agglomération,Intersection en T,Pluie légère,Deux véhicules - côté,,,,,,,,,,,1,2,3,2,3
200700030996,0007-05-17 21:30:00,7,5,17,21,30,930,29,STALINGRAD (DE),,,Nuit avec éclairage allumé,En agglomération,Giratoire,Normale,Sans collision,,,,,,,,,,,5,2,6,1,7
200700030997,0007-05-19 22:05:00,7,5,19,22,5,930,29,ROUGET DE LISLE N° 89-FI,,,Nuit avec éclairage allumé,En agglomération,Intersection en X,Normale,Autre collision,,,,,,,,,,,5,2,2,1,6
200700030998,0007-05-26 12:00:00,7,5,26,12,0,930,29,"80, SAINT-STENAY",,,Plein jour,En agglomération,Hors intersection,Normale,Deux véhicules - côté,,,,,,,,,,,1,2,1,1,3
200700030999,0007-05-28 19:15:00,7,5,28,19,15,930,29,"185, JEAN JAURES (AVENUE",,,Plein jour,En agglomération,Hors intersection,Normale,Deux véhicules - côté,,,,,,,,,,,1,2,1,1,3
200700031000,0007-05-30 15:00:00,7,5,30,15,0,930,29,"24, MARCEAU (AVENUE) N°",,,Plein jour,En agglomération,Hors intersection,Normale,Autre collision,,,,,,,,,,,1,2,1,1,6
200700031001,0007-05-14 15:50:00,7,5,14,15,50,930,31,"41, REPUBLIQUE (AVENUE)",,,Plein jour,En agglomération,Hors intersection,Normale,Autre collision,,,,,,,,,,,1,2,1,1,6
200700031002,0007-05-15 17:32:00,7,5,15,17,32,930,79,"14, ROGER SALENGRO",,,Plein jour,En agglomération,Intersection en T,Pluie légère,Autre collision,,,,,,,,,,,1,2,3,2,6
200700031003,0007-05-17 17:45:00,7,5,17,17,45,930,31,"137, JEAN JAURES (AVENUE",,,Plein jour,En agglomération,Hors intersection,Pluie légère,Deux véhicules - arrière,,,,,,,,,,,1,2,1,2,2
200700031004,0007-05-20 14:32:00,7,5,20,14,32,930,31,"57, ARGENTEUIL (ROUTE D'",,,Plein jour,En agglomération,Hors intersection,Normale,Deux véhicules - arrière,,,,,,,,,,,1,2,1,1,2
200700031005,0007-05-21 12:05:00,7,5,21,12,5,930,31,"27, FOCH (BOULEVARD)",,,Plein jour,En agglomération,Hors intersection,Normale,Deux véhicules - côté,,,,,,,,,,,1,2,1,1,3
200700031006,0007-05-23 08:10:00,7,5,23,8,10,930,31,"0, FELIX MERLIN",,,Plein jour,En agglomération,Hors intersection,Normale,Deux véhicules - arrière,,,,,,,,,,,1,2,1,1,2
200700031007,0007-05-27 21:40:00,7,5,27,21,40,930,79,"0, CLAUDE DEBUSSY",,,Nuit avec éclairage allumé,En agglomération,Intersection en X,Normale,Deux véhicules - côté,,,,,,,,,,,5,2,2,1,3
200700031008,0007-05-28 17:00:00,7,5,28,17,0,930,31,"24, PARIS (RUE DE) 1 à 8",,,Plein jour,En agglomération,Hors intersection,Temps couvert,Autre collision,,,,,,,,,,,1,2,1,8,6
200700031009,0007-05-04 07:20:00,7,5,4,7,20,930,32,FRENES    (AVENUE DES),,,Crépuscule ou aube,En agglomération,Intersection en X,Normale,Autre collision,,,,,,,,,,,2,2,2,1,6
200700031010,0007-05-04 21:05:00,7,5,4,21,5,930,47,CHEVREUL  (AVENUE),,,Nuit sans éclairage public,En agglomération,Hors intersection,Pluie forte,Autre collision,,,,,,,,,,,3,2,1,3,6
200700031011,0007-05-04 23:05:00,7,5,4,23,5,930,32,CHARMILLES    (AVENUE DE,,,Nuit avec éclairage allumé,En agglomération,Intersection en X,Normale,Deux véhicules - côté,,,,,,,,,,,5,2,2,1,3
200700031012,0007-05-07 13:35:00,7,5,7,13,35,930,47,GENERAL DE GAULLE (RUE D,,,Plein jour,En agglomération,Intersection en X,Normale,Deux véhicules - côté,,,,,,,,,,,1,2,2,1,3
200700031013,0007-05-08 17:55:00,7,5,8,17,55,930,47,JEAN JAURES (AVENUE),,,Plein jour,En agglomération,Intersection en T,Normale,Deux véhicules - côté,,,,,,,,,,,1,2,3,1,3
200700031014,0007-05-10 19:25:00,7,5,10,19,25,930,32,"6, CLOVIS   (AVENUE)",,,Plein jour,En agglomération,Hors intersection,Normale,Autre collision,,,,,,,,,,,1,2,1,1,6
200700031015,0007-05-12 15:45:00,7,5,12,15,45,930,32,PAUL VAILLANT COUTURIER,,,Plein jour,En agglomération,Hors intersection,Temps couvert,Autre collision,,,,,,,,,,,1,2,1,8,6
200700031016,0007-05-14 20:55:00,7,5,14,20,55,930,47,JEAN JAURES (AVENUE),,,Crépuscule ou aube,En agglomération,Hors intersection,Normale,Autre collision,,,,,,,,,,,2,2,1,1,6
200700031017,0007-05-22 15:10:00,7,5,22,15,10,930,32,", HENRI MAILLARD  (RUE)",,,Plein jour,En agglomération,Hors intersection,Normale,Deux véhicules - côté,,,,,,,,,,,1,2,1,1,3
200700031018,0007-05-26 13:00:00,7,5,26,13,0,930,32,"79, JEAN JAURES (AVENUE)",,,Plein jour,En agglomération,Hors intersection,Normale,Deux véhicules - arrière,,,,,,,,,,,1,2,1,1,2
200700031019,0007-05-28 08:25:00,7,5,28,8,25,930,32,"26 bis, JEAN JAURES (AVE",,,Plein jour,En agglomération,Hors intersection,Pluie légère,Deux véhicules - frontale,,,,,,,,,,,1,2,1,2,1
200700031020,0007-05-02 19:55:00,7,5,2,19,55,930,6,"101, GAMBETTA AV.",,,Plein jour,En agglomération,Intersection en T,Normale,Autre collision,,,,,,,,,,,1,2,3,1,6
200700031021,0007-05-02 21:00:00,7,5,2,21,0,930,63,"IGNORE, BRANLY BD EDOUAR",,,Nuit avec éclairage non allumé,En agglomération,Intersection en X,Normale,Deux véhicules - frontale,,,,,,,,,,,4,2,2,1,1
200700031022,0007-05-03 11:30:00,7,5,3,11,30,930,6,"42, JAURES JEAN RUE",,,Plein jour,En agglomération,Hors intersection,Normale,Autre collision,,,,,,,,,,,1,2,1,1,6
200700031023,0007-05-12 19:10:00,7,5,12,19,10,930,63,MONTREUIL ROUTE DE,,,Plein jour,En agglomération,Intersection en T,Normale,Sans collision,,,,,,,,,,,1,2,3,1,7
200700031024,0007-05-17 21:20:00,7,5,17,21,20,930,63,"78, KERAUTRET AVENUE PIE",,,Nuit avec éclairage allumé,En agglomération,Hors intersection,Normale,Deux véhicules - arrière,,,,,,,,,,,5,2,1,1,2
200700031025,0007-05-20 17:50:00,7,5,20,17,50,930,6,"07, VAILLANT-COUTURIER R",,,Plein jour,En agglomération,Intersection en T,Pluie légère,Deux véhicules - côté,,,,,,,,,,,1,2,3,2,3
200700031026,0007-05-21 23:05:00,7,5,21,23,5,930,6,"174, NOISY LE SEC RUE DE",,,Nuit avec éclairage allumé,En agglomération,Hors intersection,Normale,Autre collision,,,,,,,,,,,5,2,1,1,6