accident_id,datetime,annee,mois,jour,heure,minute,departement,commune_insee,adresse,latitude,longitude,luminosite,agglomeration,intersection,meteo,collision,nb_vehicules,nb_usagers,nb_indemnes,nb_tues,nb_blesses_hosp,nb_blesses_legers,age_cond_1,age_cond_2,veh_type_cond_1,veh_type_cond_2,lum_code,agg_code,int_code,atm_code,col_code
200700031027,0007-05-22 14:35:00,7,5,22,14,35,930,6,"100, NOISY LE SEC RUE DE",,,Plein jour,En agglomération,Hors intersection,Normale,Deux véhicules - arrière,,,,,,,,,,,1,2,1,1,2
200700031028,0007-05-24 09:45:00,7,5,24,9,45,930,63,"IGNORE, CITE JEAN JAURES",,,Plein jour,Hors agglomération,Intersection en X,Normale,Deux véhicules - côté,,,,,,,,,,,1,1,2,1,3
200700031029,0007-05-02 18:10:00,7,5,2,18,10,930,46,"02, MARECHAL LECLERC AVE",,,Plein jour,En agglomération,Intersection en X,Normale,Autre collision,,,,,,,,,,,1,2,2,1,6
200700031030,0007-05-05 21:45:00,7,5,5,21,45,930,46,CAMILLE DESMOULINS AVENU,,,Nuit avec éclairage allumé,En agglomération,Intersection en T,Normale,Deux véhicules - arrière,,,,,,,,,,,5,2,3,1,2
200700031031,0007-05-10 00:15:00,7,5,10,0,15,930,46,JEAN JACQUES ROUSSEAU AV,,,Nuit avec éclairage allumé,En agglomération,Intersection en X,Normale,Deux véhicules - arrière,,,,,,,,,,,5,2,2,1,2
200700031032,0007-05-10 13:45:00,7,5,10,13,45,930,46,COLLAVERI CITE,,,Plein jour,En agglomération,Intersection en T,Normale,Deux véhicules - côté,,,,,,,,,,,1,2,3,1,3
200700031033,0007-05-13 15:30:00,7,5,13,15,30,930,46,MARX DORMOY BOULEVARD,,,Plein jour,En agglomération,Intersection en X,Normale,Deux véhicules - côté,,,,,,,,,,,1,2,2,1,3
200700031034,0007-05-15 11:25:00,7,5,15,11,25,930,46,"39, ROBERT SCHUMANN BOUL",,,Plein jour,En agglomération,Hors intersection,Normale,Deux véhicules - côté,,,,,,,,,,,1,2,1,1,3
200700031035,0007-05-15 18:15:00,7,5,15,18,15,930,46,SCHACHER ALLEE,,,Plein jour,En agglomération,Intersection en X,Pluie légère,Deux véhicules - côté,,,,,,,,,,,1,2,2,2,3
200700031036,0007-05-16 08:25:00,7,5,16,8,25,930,46,ARISTIDE BRIAND AVENUE,,,Plein jour,En agglomération,Intersection à plus de 4 branches,Pluie légère,Autre collision,,,,,,,,,,,1,2,5,2,6
200700031037,0007-05-25 00:01:00,7,5,25,0,1,930,46,MARX DORMOY BOULEVARD,,,Nuit avec éclairage allumé,En agglomération,Hors intersection,Normale,Deux véhicules - côté,,,,,,,,,,,5,2,1,1,3
200700031038,0007-05-29 15:10:00,7,5,29,15,10,930,46,EUROPE BOULEVARD DE L',,,Plein jour,En agglomération,Hors intersection,Normale,Deux véhicules - arrière,,,,,,,,,,,1,2,1,1,2
200700031039,0007-05-30 13:55:00,7,5,30,13,55,930,46,MARECHAL LECLERC AVENUE,,,Plein jour,En agglomération,Intersection en X,Pluie légère,Deux véhicules - côté,,,,,,,,,,,1,2,2,2,3
200700031040,0007-05-31 19:10:00,7,5,31,19,10,930,46,EST ALLEE DE L',,,Nuit avec éclairage non allumé,En agglomération,Hors intersection,Pluie légère,Autre collision,,,,,,,,,,,4,2,1,2,6
200700031041,0007-05-01 15:00:00,7,5,1,15,0,930,48,"15, CHANZY (BOULEVARD)",,,Plein jour,En agglomération,Hors intersection,Normale,Autre collision,,,,,,,,,,,1,2,1,1,6
200700031042,0007-05-03 16:50:00,7,5,3,16,50,930,48,"137BIS, PARIS (RUE DE)",,,Plein jour,En agglomération,Intersection en X,Normale,Autre collision,,,,,,,,,,,1,2,2,1,6
200700031043,0007-05-10 16:50:00,7,5,10,16,50,930,48,"132, SAINT DENIS (RUE)",,,Plein jour,En agglomération,Intersection en T,Normale,Autre collision,,,,,,,,,,,1,2,3,1,6
200700031044,0007-05-15 17:30:00,7,5,15,17,30,930,48,"68, ROBESPIERRE (RUE)",,,Plein jour,En agglomération,Hors intersection,Pluie légère,Autre collision,,,,,,,,,,,1,2,1,2,6
200700031045,0007-05-16 15:10:00,7,5,16,15,10,930,48,"167, BOISSIERE (BOULEVAR",,,Plein jour,En agglomération,Intersection en X,Normale,Deux véhicules - côté,,,,,,,,,,,1,2,2,1,3
200700031046,0007-05-19 17:20:00,7,5,19,17,20,930,48,"152, THEOPHILE SUEUR (BO",,,Plein jour,En agglomération,Hors intersection,Normale,Autre collision,,,,,,,,,,,1,2,1,1,6
200700031047,0007-05-22 01:30:00,7,5,22,1,30,930,48,HENRI BARBUSSE (BOULEVAR,,,Nuit avec éclairage allumé,En agglomération,Intersection en X,Normale,Deux véhicules - côté,,,,,,,,,,,5,2,2,1,3
200700031048,0007-05-29 16:50:00,7,5,29,16,50,930,48,"9, GABRIEL PERI S2 (AVEN",,,Plein jour,En agglomération,Hors intersection,Normale,Trois véhicules et plus - collisions multiples,,,,,,,,,,,1,2,1,1,5
200700031049,0007-05-01 14:35:00,7,5,1,14,35,930,49,", MEAUX (CHEMIN)",,,Plein jour,En agglomération,Intersection en T,Normale,Deux véhicules - côté,,,,,,,,,,,1,2,3,1,3
200700031050,0007-05-02 18:35:00,7,5,2,18,35,930,50,MARECHAL LECLERCQ (AVENU,,,Plein jour,En agglomération,Hors intersection,Normale,Deux véhicules - côté,,,,,,,,,,,1,2,1,1,3
200700031051,0007-05-03 18:25:00,7,5,3,18,25,930,49,GALLIENI (BOULEVARD),,,Plein jour,En agglomération,Autre intersection,Normale,Autre collision,,,,,,,,,,,1,2,9,1,6
200700031052,0007-05-06 02:20:00,7,5,6,2,20,930,49,MARECHAL FOCH (AVENUE) P,,,Nuit avec éclairage allumé,En agglomération,Hors intersection,Normale,Autre collision,,,,,,,,,,,5,2,1,1,6
200700031053,0007-05-06 19:20:00,7,5,6,19,20,930,50,"70, MAISON BLANCHE (AVEN",,,Plein jour,En agglomération,Intersection en T,Normale,Deux véhicules - frontale,,,,,,,,,,,1,2,3,1,1
200700031054,0007-05-10 04:55:00,7,5,10,4,55,930,50,", PAUL ET CAMILLE THOMOU",,,Nuit avec éclairage allumé,En agglomération,Intersection en X,Temps couvert,Deux véhicules - côté,,,,,,,,,,,5,2,2,8,3
200700031055,0007-05-13 16:40:00,7,5,13,16,40,930,50,"00, MARECHAL FOCH (AVENU",,,Plein jour,En agglomération,Hors intersection,Vent fort / tempête,Trois véhicules et plus - en chaîne,,,,,,,,,,,1,2,1,6,4
200700031056,0007-05-24 13:45:00,7,5,24,13,45,930,50,GENERAL DE GAULLE (AVENU,,,Plein jour,En agglomération,Place,Normale,Autre collision,,,,,,,,,,,1,2,7,1,6
200700031057,0007-05-24 21:20:00,7,5,24,21,20,930,50,"000000, HUIT MAI 1945",,,Crépuscule ou aube,En agglomération,Intersection en T,Normale,Deux véhicules - côté,,,,,,,,,,,2,2,3,1,3
200700031058,0007-05-25 15:30:00,7,5,25,15,30,930,50,"202, JEAN JAURES (AVENUE",,,Plein jour,En agglomération,Hors intersection,Normale,Autre collision,,,,,,,,,,,1,2,1,1,6
200700031059,0007-05-02 11:00:00,7,5,2,11,0,930,51,"63, DOCTEUR VAILLANT",,,Plein jour,En agglomération,Intersection en X,Normale,Deux véhicules - côté,,,,,,,,,,,1,2,2,1,3
200700031060,0007-05-04 19:30:00,7,5,4,19,30,930,51,"19, BOIS SAINT MARTIN (A",,,Plein jour,En agglomération,Hors intersection,Normale,Autre collision,,,,,,,,,,,1,2,1,1,6
200700031061,0007-05-04 19:10:00,7,5,4,19,10,930,51,"26, MONT D'EST (BD)",,,Plein jour,En agglomération,Hors intersection,Pluie forte,Deux véhicules - côté,,,,,,,,,,,1,2,1,3,3
200700031062,0007-05-15 17:45:00,7,5,15,17,45,930,51,MARECHAL FOCH (BOULEVARD,,,Plein jour,En agglomération,Intersection en X,Pluie légère,Autre collision,,,,,,,,,,,1,2,2,2,6
200700031063,0007-05-21 13:50:00,7,5,21,13,50,930,51,PAUL PAMBRUN (BOULEVARD),,,Plein jour,En agglomération,Intersection en T,Normale,Deux véhicules - côté,,,,,,,,,,,1,2,3,1,3
200700031064,0007-05-23 15:50:00,7,5,23,15,50,930,51,"02, MONGE",,,Plein jour,En agglomération,Hors intersection,Normale,Autre collision,,,,,,,,,,,1,2,1,1,6
200700031065,0007-05-24 08:25:00,7,5,24,8,25,930,51,"122, MEDERIC (AVENUE)",,,Plein jour,En agglomération,Intersection en T,Normale,Deux véhicules - côté,,,,,,,,,,,1,2,3,1,3
200700031066,0007-05-25 18:40:00,7,5,25,18,40,930,51,PAVE NEUF (AVENUE),,,Crépuscule ou aube,En agglomération,Intersection en T,Pluie forte,Deux véhicules - côté,,,,,,,,,,,2,2,3,3,3
200700031067,0007-05-28 16:25:00,7,5,28,16,25,930,51,PAUL PAMBRUN (BOULEVARD),,,Plein jour,En agglomération,Intersection en T,Pluie légère,Deux véhicules - arrière,,,,,,,,,,,1,2,3,2,2
200700031068,0007-05-31 09:30:00,7,5,31,9,30,930,51,"91, MARECHAL FOCH (BOULE",,,Plein jour,En agglomération,Intersection en X,Normale,Deux véhicules - côté,,,,,,,,,,,1,2,2,1,3
200700031069,0007-05-31 19:35:00,7,5,31,19,35,930,51,MARECHAL JUIN (AVENUE),,,Crépuscule ou aube,En agglomération,Intersection en X,Pluie forte,Deux véhicules - côté,,,,,,,,,,,2,2,2,3,3
200700031070,0007-05-22 17:10:00,7,5,22,17,10,930,53,"41, PARIS (RUE DE)",,,Plein jour,En agglomération,Hors intersection,Normale,Autre collision,,,,,,,,,,,1,2,1,1,6
200700031071,0007-05-25 06:50:00,7,5,25,6,50,930,53,"9999999999, ALSACE LORRA",,,Plein jour,En agglomération,Intersection en X,Normale,Deux véhicules - côté,,,,,,,,,,,1,2,2,1,3
200700031072,0007-05-26 11:00:00,7,5,26,11,0,930,53,"17, JEAN JAURES (RUE)",,,Plein jour,En agglomération,Hors intersection,Normale,Autre collision,,,,,,,,,,,1,2,1,1,6
200700031073,0007-05-27 12:35:00,7,5,27,12,35,930,53,"9999999999, PARC (RUE DU",,,Plein jour,En agglomération,Autre intersection,Pluie légère,Deux véhicules - arrière,,,,,,,,,,,1,2,9,2,2
200700031074,0007-05-05 20:45:00,7,5,5,20,45,930,55,"79, JULES AUFFRET (51/FI",,,Crépuscule ou aube,En agglomération,Intersection en T,Normale,Deux véhicules - côté,,,,,,,,,,,2,2,3,1,3
200700031075,0007-05-07 13:25:00,7,5,7,13,25,930,55,"53, JEAN LOLIVE (AVENUE)",,,Plein jour,En agglomération,Hors intersection,Normale,Deux véhicules - côté,,,,,,,,,,,1,2,1,1,3
200700031076,0007-05-15 08:20:00,7,5,15,8,20,930,55,"148, JEAN LOLIVE (AVENUE",,,Plein jour,En agglomération,Hors intersection,Normale,Deux véhicules - côté,,,,,,,,,,,1,2,1,1,3
200700031077,0007-05-28 15:45:00,7,5,28,15,45,930,55,"75, JEAN JAURES (AVENUE)",,,Plein jour,En agglomération,Intersection en T,Pluie légère,Deux véhicules - côté,,,,,,,,,,,1,2,3,2,3
200700031078,0007-05-29 11:50:00,7,5,29,11,50,930,55,"63, JEAN LOLIVE (AVENUE)",,,Plein jour,En agglomération,Hors intersection,Normale,Trois véhicules et plus - collisions multiples,,,,,,,,,,,1,2,1,1,5
200700031079,0007-05-07 11:00:00,7,5,7,11,0,930,62,"80, RESISTANCE (AVENUE D",,,Plein jour,En agglomération,Hors intersection,Normale,Autre collision,,,,,,,,,,,1,2,1,1,6
200700031080,0007-05-10 17:05:00,7,5,10,17,5,930,14,"26, CHENE POINTU (ALLEE",,,Plein jour,En agglomération,Hors intersection,Normale,Autre collision,,,,,,,,,,,1,2,1,1,6
200700031081,0007-05-18 16:10:00,7,5,18,16,10,930,62,"103, MONTFERMEIL (ALLEE",,,Plein jour,En agglomération,Hors intersection,Normale,Autre collision,,,,,,,,,,,1,2,1,1,6
200700031082,0007-05-19 23:40:00,7,5,19,23,40,930,14,STRATEGIQUE (ROUTE),,,Nuit sans éclairage public,Hors agglomération,Hors intersection,Normale,Sans collision,,,,,,,,,,,3,1,1,1,7
200700031083,0007-05-20 20:30:00,7,5,20,20,30,930,14,"02, MAURICE AUDIN (ALLEE",,,Crépuscule ou aube,En agglomération,Intersection en T,Temps couvert,Deux véhicules - côté,,,,,,,,,,,2,2,3,8,3
200700031084,0007-05-22 18:54:00,7,5,22,18,54,930,14,JEAN JAURES (ALLEE),,,Plein jour,En agglomération,Hors intersection,Normale,Autre collision,,,,,,,,,,,1,2,1,1,6
200700031085,0007-05-26 09:40:00,7,5,26,9,40,930,62,"gare, GARE (COUR DE LA)",,,Plein jour,En agglomération,Hors intersection,Temps couvert,Autre collision,,,,,,,,,,,1,2,1,8,6
200700031086,0007-05-26 23:08:00,7,5,26,23,8,930,62,"86, RESISTANCE (AVENUE D",,,Nuit avec éclairage allumé,En agglomération,Intersection en T,Pluie légère,Deux véhicules - côté,,,,,,,,,,,5,2,3,2,3
200700031087,0007-05-02 20:00:00,7,5,2,20,0,930,64,"00, CAVARE (RUE PAUL)",,,Crépuscule ou aube,En agglomération,Intersection en X,Normale,Autre collision,,,,,,,,,,,2,2,2,1,6
200700031088,0007-05-05 15:40:00,7,5,5,15,40,930,64,"00, BOISSIERE (BOULEVARD",,,Plein jour,En agglomération,Intersection en X,Normale,Deux véhicules - arrière,,,,,,,,,,,1,2,2,1,2
200700031089,0007-05-10 17:35:00,7,5,10,17,35,930,77,"00, DETOUCHE (AVENUE)",,,Plein jour,En agglomération,Intersection en X,Normale,Autre collision,,,,,,,,,,,1,2,2,1,6
200700031090,0007-05-12 15:30:00,7,5,12,15,30,930,64,"00, LECLERC (RUE DU GENE",,,Plein jour,En agglomération,Intersection en X,Normale,Deux véhicules - côté,,,,,,,,,,,1,2,2,1,3
200700031091,0007-05-12 15:30:00,7,5,12,15,30,930,77,"26, GANTE (RUE BERNARD)",,,Plein jour,En agglomération,Hors intersection,Normale,Autre collision,,,,,,,,,,,1,2,1,1,6
200700031092,0007-05-16 09:30:00,7,5,16,9,30,930,64,"00, LECLERC (RUE DU GENE",,,Plein jour,En agglomération,Hors intersection,Normale,Autre collision,,,,,,,,,,,1,2,1,1,6
200700031093,0007-05-19 18:30:00,7,5,19,18,30,930,77,"119, GIRARDOT (AVENUE DE",,,Plein jour,En agglomération,Hors intersection,Normale,Autre collision,,,,,,,,,,,1,2,1,1,6
200700031094,0007-05-22 11:05:00,7,5,22,11,5,930,64,"00, EUROPE (ROND POINT D",,,Plein jour,En agglomération,Giratoire,Normale,Deux véhicules - côté,,,,,,,,,,,1,2,6,1,3
200700031095,0007-05-25 18:15:00,7,5,25,18,15,930,64,"28, LECLERC (RUE DU GENE",,,Plein jour,En agglomération,Hors intersection,Pluie forte,Autre collision,,,,,,,,,,,1,2,1,3,6
200700031096,0007-05-25 19:00:00,7,5,25,19,0,930,64,"42, STRASBOURG (RUE DE)",,,Crépuscule ou aube,En agglomération,Hors intersection,Pluie légère,Autre collision,,,,,,,,,,,2,2,1,2,6
200700031097,0007-05-27 20:15:00,7,5,27,20,15,930,77,"32-36, GRANDE RUE  18 /",,,Crépuscule ou aube,En agglomération,Hors intersection,Normale,Deux véhicules - côté,,,,,,,,,,,2,2,1,1,3
200700031098,0007-05-29 08:30:00,7,5,29,8,30,930,77,"36, VAUBAN (AVENUE)",,,Plein jour,En agglomération,Hors intersection,Normale,Deux véhicules - frontale,,,,,,,,,,,1,2,1,1,1
200700031099,0007-05-14 16:00:00,7,5,14,16,0,930,64,"00, QUATRIEME ZOUAVES (R",,,Plein jour,En agglomération,Hors intersection,Normale,Deux véhicules - arrière,,,,,,,,,,,1,2,1,1,2
200700031100,0007-05-01 12:10:00,7,5,1,12,10,930,66,"49, CASANOVA DANIELLE NR",,,Plein jour,En agglomération,Hors intersection,Normale,Deux véhicules - côté,,,,,,,,,,,1,2,1,1,3
200700031101,0007-05-02 16:35:00,7,5,2,16,35,930,66,METALLURGIE (AVENUE),,,Plein jour,En agglomération,Hors intersection,Normale,Deux véhicules - côté,,,,,,,,,,,1,2,1,1,3
200700031102,0007-05-04 17:50:00,7,5,4,17,50,930,66,METALLURGIE (AVENUE),,,Plein jour,En agglomération,Intersection en X,Normale,Autre collision,,,,,,,,,,,1,2,2,1,6
200700031103,0007-05-04 21:30:00,7,5,4,21,30,930,39,MECHIN,,,Nuit avec éclairage allumé,En agglomération,Hors intersection,Pluie légère,Deux véhicules - arrière,,,,,,,,,,,5,2,1,2,2
200700031104,0007-05-06 15:45:00,7,5,6,15,45,930,66,LENINE (AVENUE) NR 28 A,,,Plein jour,En agglomération,Hors intersection,Normale,Deux véhicules - arrière,,,,,,,,,,,1,2,1,1,2
200700031105,0007-05-08 09:48:00,7,5,8,9,48,930,66,"15, SEMAT ROGER",,,Plein jour,En agglomération,Autre intersection,Pluie légère,Trois véhicules et plus - en chaîne,,,,,,,,,,,1,2,9,2,4
200700031106,0007-05-04 21:48:00,7,5,4,21,48,930,66,"10, MOCQUET GUY",,,Nuit avec éclairage allumé,En agglomération,Hors intersection,Pluie forte,Autre collision,,,,,,,,,,,5,2,1,3,6
200700031107,0007-05-10 15:55:00,7,5,10,15,55,930,66,FRANCE ANATOLE ENTREE A1,,,Plein jour,En agglomération,Hors intersection,Normale,Autre collision,,,,,,,,,,,1,2,1,1,6
200700031108,0007-05-11 08:45:00,7,5,11,8,45,930,66,CROIZAT AMBROISE RD 29 B,,,Plein jour,En agglomération,Hors intersection,Normale,Autre collision,,,,,,,,,,,1,2,1,1,6
200700031109,0007-05-13 15:30:00,7,5,13,15,30,930,39,"02, MECHIN",,,Plein jour,En agglomération,Intersection en T,Temps couvert,Deux véhicules - côté,,,,,,,,,,,1,2,3,8,3
200700031110,0007-05-14 18:35:00,7,5,14,18,35,930,66,"54, ""SEMBAT MARCEL (BD),",,,Plein jour,En agglomération,Hors intersection,Pluie légère,Autre collision,,,,,,,,,,,1,2,1,2,6
200700031111,0007-05-14 19:00:00,7,5,14,19,0,930,66,CACHIN MARCEL (AVENUE),,,Plein jour,En agglomération,Intersection en Y,Pluie légère,Deux véhicules - arrière,,,,,,,,,,,1,2,4,2,2
200700031112,0007-05-15 11:55:00,7,5,15,11,55,930,66,COLONEL FABIEN (AVENUE),,,Plein jour,En agglomération,Hors intersection,Normale,Deux véhicules - arrière,,,,,,,,,,,1,2,1,1,2
200700031113,0007-05-15 13:15:00,7,5,15,13,15,930,66,"3, BRICHE NR 2 A 38",,,Plein jour,En agglomération,Hors intersection,Normale,Trois véhicules et plus - en chaîne,,,,,,,,,,,1,2,1,1,4
200700031114,0007-05-16 13:20:00,7,5,16,13,20,930,66,"7, COATANROCH ROBERT",,,Plein jour,En agglomération,Hors intersection,Normale,Autre collision,,,,,,,,,,,1,2,1,1,6
200700031115,0007-05-17 14:45:00,7,5,17,14,45,930,66,", SAULNIER JULES",,,Plein jour,Hors agglomération,Intersection en T,Pluie légère,Autre collision,,,,,,,,,,,1,1,3,2,6
200700031116,0007-05-17 23:20:00,7,5,17,23,20,930,66,"1, ""STRASBOURG, NR 36 ET",,,Nuit avec éclairage allumé,En agglomération,Hors intersection,Normale,Autre collision,,,,,,,,,,,5,2,1,1,6
200700031117,0007-05-18 19:35:00,7,5,18,19,35,930,66,DOURDIN GASTON,,,Plein jour,En agglomération,Intersection en X,Pluie forte,Deux véhicules - côté,,,,,,,,,,,1,2,2,3,3
200700031118,0007-05-20 10:30:00,7,5,20,10,30,930,66,SEMAT ROGER,,,Plein jour,En agglomération,Hors intersection,Pluie légère,Trois véhicules et plus - en chaîne,,,,,,,,,,,1,2,1,2,4
200700031119,0007-05-21 18:30:00,7,5,21,18,30,930,66,"""SUGER, NR 1 A 21""",,,Plein jour,En agglomération,Intersection en T,Normale,Autre collision,,,,,,,,,,,1,2,3,1,6
200700031120,0007-05-24 13:30:00,7,5,24,13,30,930,66,"14, JOLIOT CURIE IRENE E",,,Plein jour,En agglomération,Hors intersection,Normale,Deux véhicules - côté,,,,,,,,,,,1,2,1,1,3
200700031121,0007-05-27 15:30:00,7,5,27,15,30,930,66,"40, ""STALINGRAND (AV), N",,,Plein jour,En agglomération,Hors intersection,Pluie légère,Autre collision,,,,,,,,,,,1,2,1,2,6
200700031122,0007-05-29 22:30:00,7,5,29,22,30,930,66,JOLIOT CURIE IRENE ET FR,,,Nuit avec éclairage allumé,En agglomération,Intersection en X,Normale,Deux véhicules - arrière,,,,,,,,,,,5,2,2,1,2
200700031123,0007-05-30 15:00:00,7,5,30,15,0,930,66,"8, POULBOT FRANCISQUE",,,Plein jour,En agglomération,Hors intersection,Pluie légère,Deux véhicules - arrière,,,,,,,,,,,1,2,1,2,2
200700031124,0007-05-09 12:50:00,7,5,9,12,50,930,70,MICHELET (AVE) : DU 1 AU,,,Plein jour,En agglomération,Intersection en Y,Normale,Deux véhicules - frontale,,,,,,,,,,,1,2,4,1,1
200700031125,0007-05-11 19:30:00,7,5,11,19,30,930,70,REPUBLIQUE (PL DE LA),,,Plein jour,En agglomération,Hors intersection,Pluie légère,Deux véhicules - frontale,,,,,,,,,,,1,2,1,2,1
200700031126,0007-05-13 21:55:00,7,5,13,21,55,930,70,"47-52, SEINE (QUAI DE)",,,Nuit avec éclairage allumé,En agglomération,Intersection en Y,Normale,Autre collision,,,,,,,,,,,5,2,4,1,6
200700031127,0007-05-14 21:25:00,7,5,14,21,25,930,70,MICHELET(AV):N°1AU 103,,,Nuit avec éclairage allumé,En agglomération,Intersection en X,Normale,Deux véhicules - côté,,,,,,,,,,,5,2,2,1,3
200700031128,0007-05-15 16:30:00,7,5,15,16,30,930,70,"74, JEAN-JAURES (BD)",,,Plein jour,En agglomération,Place,Pluie légère,Autre collision,,,,,,,,,,,1,2,7,2,6
200700031129,0007-05-22 08:35:00,7,5,22,8,35,930,70,GARIBALDI(RUE),,,Plein jour,En agglomération,Intersection en T,Normale,Autre collision,,,,,,,,,,,1,2,3,1,6
200700031130,0007-05-23 16:40:00,7,5,23,16,40,930,70,ALBERT-DHALENNE (RUE),,,Plein jour,En agglomération,Giratoire,Normale,Deux véhicules - côté,,,,,,,,,,,1,2,6,1,3
200700031131,0007-05-24 20:00:00,7,5,24,20,0,930,70,MICHELET(AV):N°1AU 103,,,Plein jour,En agglomération,Intersection en X,Normale,Deux véhicules - côté,,,,,,,,,,,1,2,2,1,3
200700031132,0007-05-25 14:05:00,7,5,25,14,5,930,70,"36, CAPITAINE-GLARNER (A",,,Plein jour,En agglomération,Hors intersection,Normale,Trois véhicules et plus - en chaîne,,,,,,,,,,,1,2,1,1,4
200700031133,0007-05-25 16:40:00,7,5,25,16,40,930,70,CHARLES SCHMIDT(RUE) : A,,,Plein jour,Hors agglomération,Hors intersection,Temps éblouissant,Deux véhicules - côté,,,,,,,,,,,1,1,1,7,3
200700031134,0007-05-28 12:35:00,7,5,28,12,35,930,70,"100, DOCTEUR BAUER(RUE D",,,Plein jour,En agglomération,Hors intersection,Pluie légère,Autre collision,,,,,,,,,,,1,2,1,2,6
200700031135,0007-05-07 04:30:00,7,5,7,4,30,930,71,"65, LIVRY (AVENUE DE)",,,Nuit avec éclairage allumé,En agglomération,Hors intersection,Normale,Autre collision,,,,,,,,,,,5,2,1,1,6
200700031136,0007-05-21 15:50:00,7,5,21,15,50,930,71,AULNAY (RUE D'),,,Plein jour,En agglomération,Autre intersection,Normale,Trois véhicules et plus - collisions multiples,,,,,,,,,,,1,2,9,1,5
200700031137,0007-05-22 10:15:00,7,5,22,10,15,930,71,LEON JOUHAUX (AVENUE),,,Plein jour,En agglomération,Intersection en T,Normale,Deux véhicules - côté,,,,,,,,,,,1,2,3,1,3
200700031138,0007-05-21 19:45:00,7,5,21,19,45,930,71,JOHN F. KENNEDY (AVENUE),,,Plein jour,En agglomération,Giratoire,Normale,Deux véhicules - côté,,,,,,,,,,,1,2,6,1,3
200700031139,0007-05-29 22:15:00,7,5,29,22,15,930,71,ALFRED NOBEL (AVENUE),,,Nuit avec éclairage allumé,En agglomération,Autre intersection,Normale,Deux véhicules - frontale,,,,,,,,,,,5,2,9,1,1
200700031140,0007-05-11 17:40:00,7,5,11,17,40,930,59,"99, LENINE (AVENUE) N°36",,,Plein jour,En agglomération,Hors intersection,Normale,Deux véhicules - arrière,,,,,,,,,,,1,2,1,1,2
200700031141,0007-05-22 20:45:00,7,5,22,20,45,930,72,"34, ARISTIDE BRIAND (AVE",,,Plein jour,En agglomération,Hors intersection,Normale,Trois véhicules et plus - en chaîne,,,,,,,,,,,1,2,1,1,4
200700031142,0007-05-29 10:20:00,7,5,29,10,20,930,59,"57, GABRIEL PERI (AVENUE",,,Plein jour,En agglomération,Intersection en T,Normale,Deux véhicules - côté,,,,,,,,,,,1,2,3,1,3
200700031143,0007-05-01 14:30:00,7,5,1,14,30,930,78,"85, LECLERC (AVENUE DU G",,,Plein jour,En agglomération,Hors intersection,Normale,Deux véhicules - frontale,,,,,,,,,,,1,2,1,1,1
200700031144,0007-05-01 14:40:00,7,5,1,14,40,930,78,"131, BALLANGER (BD ROBER",,,Plein jour,En agglomération,Hors intersection,Normale,Deux véhicules - côté,,,,,,,,,,,1,2,1,1,3
200700031145,0007-05-01 20:50:00,7,5,1,20,50,930,78,"30, REPUBLIQUE (AVENUE D",,,Plein jour,En agglomération,Hors intersection,Normale,Sans collision,,,,,,,,,,,1,2,1,1,7
200700031146,0007-05-01 12:55:00,7,5,1,12,55,930,78,"138, BALLANGER (BD ROBER",,,Plein jour,En agglomération,Intersection en X,Normale,Deux véhicules - arrière,,,,,,,,,,,1,2,2,1,2
200700031147,0007-05-02 12:30:00,7,5,2,12,30,930,78,"62, COUTURIER (AVENUE PA",,,Plein jour,En agglomération,Intersection en T,Normale,Deux véhicules - côté,,,,,,,,,,,1,2,3,1,3
200700031148,0007-05-04 19:10:00,7,5,4,19,10,930,73,PAIX (AVENUE DE LA),,,Plein jour,En agglomération,Intersection en T,Pluie forte,Deux véhicules - côté,,,,,,,,,,,1,2,3,3,3
200700031149,0007-05-08 04:30:00,7,5,8,4,30,930,78,"13, DELATTRE DE TASSIGNY",,,Nuit avec éclairage allumé,En agglomération,Hors intersection,Temps couvert,Deux véhicules - frontale,,,,,,,,,,,5,2,1,8,1
200700031150,0007-05-06 17:55:00,7,5,6,17,55,930,78,LEDOUX (RUE CLAUDE NICOL,,,Plein jour,Hors agglomération,Hors intersection,Normale,Autre collision,,,,,,,,,,,1,1,1,1,6
200700031151,0007-05-28 11:45:00,7,5,28,11,45,930,78,", BALLANGER (BD ROBERT)",,,Plein jour,En agglomération,Autre intersection,Pluie légère,Deux véhicules - côté,,,,,,,,,,,1,2,9,2,3
200700031152,0007-05-01 19:45:00,7,5,1,19,45,940,2,"07, GRENOBLE (R DE)",,,Crépuscule ou aube,En agglomération,Intersection en T,Normale,Sans collision,,,,,,,,,,,2,2,3,1,7
200700031153,0007-05-05 18:00:00,7,5,5,18,0,940,2,GENERAL CHARLES DE GAULL,,,Plein jour,En agglomération,Intersection en T,Normale,Sans collision,,,,,,,,,,,1,2,3,1,7
200700031154,0007-05-06 13:30:00,7,5,6,13,30,940,2,"108, VERON (R)",,,Plein jour,En agglomération,Intersection en T,Normale,Sans collision,,,,,,,,,,,1,2,3,1,7
200700031155,0007-05-10 11:25:00,7,5,10,11,25,940,2,BLANQUI (QU),,,Plein jour,En agglomération,Intersection en X,Normale,Deux véhicules - frontale,,,,,,,,,,,1,2,2,1,1
200700031156,0007-05-11 21:00:00,7,5,11,21,0,940,2,GENERAL CHARLES DE GAULL,,,Nuit avec éclairage allumé,En agglomération,Intersection en T,Pluie légère,Deux véhicules - frontale,,,,,,,,,,,5,2,3,2,1
200700031157,0007-05-16 20:00:00,7,5,16,20,0,940,2,"03, JULES GUESDE (R)",,,Crépuscule ou aube,En agglomération,Hors intersection,Temps couvert,Sans collision,,,,,,,,,,,2,2,1,8,7
200700031158,0007-05-17 12:55:00,7,5,17,12,55,940,2,"73, VERON (R)",,,Plein jour,En agglomération,Hors intersection,Pluie légère,Deux véhicules - arrière,,,,,,,,,,,1,2,1,2,2