accident_id,datetime,annee,mois,jour,heure,minute,departement,commune_insee,adresse,latitude,longitude,luminosite,agglomeration,intersection,meteo,collision,nb_vehicules,nb_usagers,nb_indemnes,nb_tues,nb_blesses_hosp,nb_blesses_legers,age_cond_1,age_cond_2,veh_type_cond_1,veh_type_cond_2,lum_code,agg_code,int_code,atm_code,col_code
200700031159,0007-05-17 14:15:00,7,5,17,14,15,940,2,BEETHOVEN (COUR),,,Plein jour,En agglomération,Hors intersection,Temps couvert,Deux véhicules - frontale,,,,,,,,,,,1,2,1,8,1
200700031160,0007-05-23 18:00:00,7,5,23,18,0,940,2,"26, BLANQUI (QU)",,,Plein jour,En agglomération,Hors intersection,Normale,Sans collision,,,,,,,,,,,1,2,1,1,7
200700031161,0007-05-02 09:10:00,7,5,2,9,10,940,44,VALENTON (AV DE),,,Plein jour,En agglomération,Hors intersection,Normale,Autre collision,,,,,,,,,,,1,2,1,1,6
200700031162,0007-05-06 18:25:00,7,5,6,18,25,940,4,"16, CHARLES DE GAULLE (A",,,Plein jour,En agglomération,Hors intersection,Normale,Deux véhicules - côté,,,,,,,,,,,1,2,1,1,3
200700031163,0007-05-04 17:00:00,7,5,4,17,0,940,71,GENERAL LECLERC (R DU),,,Plein jour,En agglomération,Hors intersection,Normale,Autre collision,,,,,,,,,,,1,2,1,1,6
200700031164,0007-05-09 08:35:00,7,5,9,8,35,940,71,BREVANNES (R DE),,,Plein jour,En agglomération,Giratoire,Normale,Deux véhicules - côté,,,,,,,,,,,1,2,6,1,3
200700031165,0007-05-11 20:25:00,7,5,11,20,25,940,75,"8, LATTRE DE TASSIGNY (A",,,Crépuscule ou aube,En agglomération,Intersection en T,Pluie légère,Deux véhicules - côté,,,,,,,,,,,2,2,3,2,3
200700031166,0007-05-12 20:30:00,7,5,12,20,30,940,4,SUCY (R DE),,,Plein jour,En agglomération,Intersection en X,Normale,Deux véhicules - côté,,,,,,,,,,,1,2,2,1,3
200700031167,0007-05-12 10:35:00,7,5,12,10,35,940,71,PARIS (R DE),,,Plein jour,En agglomération,Hors intersection,Normale,Deux véhicules - arrière,,,,,,,,,,,1,2,1,1,2
200700031168,0007-05-12 14:00:00,7,5,12,14,0,940,44,rue des Longs Rideaux,,,Plein jour,En agglomération,Intersection en T,Normale,Deux véhicules - côté,,,,,,,,,,,1,2,3,1,3
200700031169,0007-05-16 07:00:00,7,5,16,7,0,940,75,"0, ETOILE (R DE L)",,,Plein jour,En agglomération,Intersection en T,Normale,Autre collision,,,,,,,,,,,1,2,3,1,6
200700031170,0007-05-23 13:50:00,7,5,23,13,50,940,48,BUISSONS (AV DES),,,Plein jour,En agglomération,Intersection en T,Normale,Deux véhicules - côté,,,,,,,,,,,1,2,3,1,3
200700031171,0007-05-23 17:15:00,7,5,23,17,15,940,71,"0, WINSTON CHURCHILL (R)",,,Plein jour,En agglomération,Intersection en X,Normale,Deux véhicules - côté,,,,,,,,,,,1,2,2,1,3
200700031172,0007-05-28 22:10:00,7,5,28,22,10,940,4,"0, GENERAL LECLERC (AV D",,,Crépuscule ou aube,En agglomération,Intersection à plus de 4 branches,Normale,Deux véhicules - côté,,,,,,,,,,,2,2,5,1,3
200700031173,0007-05-30 18:30:00,7,5,30,18,30,940,4,GENERAL LECLERC (AV),,,Plein jour,En agglomération,Hors intersection,Pluie légère,Deux véhicules - côté,,,,,,,,,,,1,2,1,2,3
200700031174,0007-05-02 16:10:00,7,5,2,16,10,940,4,"0, GENERAL LECLERC (AV D",,,Plein jour,En agglomération,Intersection en X,Normale,Deux véhicules - côté,,,,,,,,,,,1,2,2,1,3
200700031175,0007-05-01 21:25:00,7,5,1,21,25,940,17,"00, GENERAL DE GAULLE (A",,,Nuit avec éclairage allumé,En agglomération,Hors intersection,Normale,Deux véhicules - côté,,,,,,,,,,,5,2,1,1,3
200700031176,0007-05-01 00:15:00,7,5,1,0,15,940,17,REPUBLIQUE (AV DE LA),,,Nuit avec éclairage allumé,En agglomération,Hors intersection,Normale,Deux véhicules - côté,,,,,,,,,,,5,2,1,1,3
200700031177,0007-05-02 15:15:00,7,5,2,15,15,940,17,"04, MADELON (AV DE)",,,Plein jour,En agglomération,Hors intersection,Normale,Autre collision,,,,,,,,,,,1,2,1,1,6
200700031178,0007-05-06 18:20:00,7,5,6,18,20,940,17,FAMILLE (AV DE LA),,,Plein jour,En agglomération,Intersection en X,Normale,Deux véhicules - côté,,,,,,,,,,,1,2,2,1,3
200700031179,0007-05-14 09:35:00,7,5,14,9,35,940,17,CHATEAU (BD DU),,,Plein jour,En agglomération,Intersection en X,Normale,Deux véhicules - côté,,,,,,,,,,,1,2,2,1,3
200700031180,0007-05-14 18:55:00,7,5,14,18,55,940,17,JEAN JAURES (R),,,Plein jour,En agglomération,Hors intersection,Pluie forte,Autre collision,,,,,,,,,,,1,2,1,3,6
200700031181,0007-05-17 16:45:00,7,5,17,16,45,940,17,"146, DIDEROT (R)",,,Plein jour,En agglomération,Hors intersection,Normale,Autre collision,,,,,,,,,,,1,2,1,1,6
200700031182,0007-05-25 20:20:00,7,5,25,20,20,940,17,"0, DOCTEUR BRING (R DU)",,,Crépuscule ou aube,En agglomération,Intersection en X,Normale,Deux véhicules - côté,,,,,,,,,,,2,2,2,1,3
200700031183,0007-05-31 16:15:00,7,5,31,16,15,940,17,"128, MUSSELBURGH (R DE)",,,Plein jour,En agglomération,Hors intersection,Normale,Deux véhicules - arrière,,,,,,,,,,,1,2,1,1,2
200700031184,0007-05-12 18:40:00,7,5,12,18,40,940,69,SAINT MAURICE DU VALAIS,,,Plein jour,En agglomération,Hors intersection,Normale,Deux véhicules - arrière,,,,,,,,,,,1,2,1,1,2
200700031185,0007-05-16 18:50:00,7,5,16,18,50,940,69,"19, SAINT MAURICE DU VAL",,,Plein jour,En agglomération,Hors intersection,Normale,Autre collision,,,,,,,,,,,1,2,1,1,6
200700031186,0007-05-25 18:25:00,7,5,25,18,25,940,69,REPUBLIQUE (QU DE LA),,,Plein jour,En agglomération,Hors intersection,Temps couvert,Autre collision,,,,,,,,,,,1,2,1,8,6
200700031187,0007-05-30 11:20:00,7,5,30,11,20,940,18,ALFRED SAVOURE (R),,,Plein jour,En agglomération,Hors intersection,Normale,Autre collision,,,,,,,,,,,1,2,1,1,6
200700031188,0007-05-02 07:40:00,7,5,2,7,40,940,19,"35, PLESSIS (RTE DU)",,,Plein jour,En agglomération,Hors intersection,Normale,Deux véhicules - arrière,,,,,,,,,,,1,2,1,1,2
200700031189,0007-05-09 19:00:00,7,5,9,19,0,940,59,"00, PROPHETE (AV DU)",,,Plein jour,En agglomération,Intersection en X,Normale,Deux véhicules - côté,,,,,,,,,,,1,2,2,1,3
200700031190,0007-05-12 09:50:00,7,5,12,9,50,940,55,"85, PROVINS (RTE DE)",,,Plein jour,En agglomération,Hors intersection,Normale,Sans collision,,,,,,,,,,,1,2,1,1,7
200700031191,0007-05-21 08:10:00,7,5,21,8,10,940,19,PONT (R DU),,,Plein jour,En agglomération,Intersection en T,Normale,Deux véhicules - frontale,,,,,,,,,,,1,2,3,1,1
200700031192,0007-05-21 17:50:00,7,5,21,17,50,940,19,"07, MON IDEE (PL)",,,Plein jour,En agglomération,Hors intersection,Normale,Deux véhicules - frontale,,,,,,,,,,,1,2,1,1,1
200700031193,0007-05-24 08:05:00,7,5,24,8,5,940,60,"00, COMBAULT (RTE DE)",,,Plein jour,En agglomération,Hors intersection,Normale,Deux véhicules - côté,,,,,,,,,,,1,2,1,1,3
200700031194,0007-05-25 18:40:00,7,5,25,18,40,940,19,"91, ARISTIDE BRIAND (R)",,,Plein jour,En agglomération,Hors intersection,Pluie forte,Deux véhicules - côté,,,,,,,,,,,1,2,1,3,3
200700031195,0007-05-12 08:30:00,7,5,12,8,30,940,60,"00, GENERAL DE GAULLE (R",,,Plein jour,En agglomération,Hors intersection,Normale,Deux véhicules - arrière,,,,,,,,,,,1,2,1,1,2
200700031196,0007-05-30 13:35:00,7,5,30,13,35,940,79,MARECHAL DE LATTRE DE TA,,,Plein jour,En agglomération,Hors intersection,Pluie légère,Deux véhicules - frontale,,,,,,,,,,,1,2,1,2,1
200700031197,0007-05-18 20:30:00,7,5,18,20,30,940,54,FER A CHEVAL (R DU),,,Crépuscule ou aube,En agglomération,Intersection en X,Pluie légère,Deux véhicules - frontale,,,,,,,,,,,2,2,2,2,1
200700031198,0007-05-27 01:05:00,7,5,27,1,5,940,22,"1, VICTOR HUGO (AV)",,,Nuit avec éclairage allumé,En agglomération,Hors intersection,Pluie légère,Trois véhicules et plus - en chaîne,,,,,,,,,,,5,2,1,2,4
200700031199,0007-05-01 11:26:00,7,5,1,11,26,940,22,"31, ALLIES (GAL DES)",,,Plein jour,En agglomération,Hors intersection,Normale,Deux véhicules - arrière,,,,,,,,,,,1,2,1,1,2
200700031200,0007-05-04 13:30:00,7,5,4,13,30,940,54,MOLIERE (AV),,,Plein jour,En agglomération,Hors intersection,Normale,Autre collision,,,,,,,,,,,1,2,1,1,6
200700031201,0007-05-05 15:00:00,7,5,5,15,0,940,54,"0, VICTOIRE (AV DE LA)",,,Plein jour,En agglomération,Hors intersection,Normale,Autre collision,,,,,,,,,,,1,2,1,1,6
200700031202,0007-05-06 15:10:00,7,5,6,15,10,940,22,"38, ANATOLE FRANCE (AV)",,,Plein jour,En agglomération,Hors intersection,Normale,Deux véhicules - arrière,,,,,,,,,,,1,2,1,1,2
200700031203,0007-05-08 13:45:00,7,5,8,13,45,940,22,"95, MARECHAL DE LATTRE D",,,Plein jour,En agglomération,Hors intersection,Normale,Autre collision,,,,,,,,,,,1,2,1,1,6
200700031204,0007-05-17 15:35:00,7,5,17,15,35,940,54,"3, VICTOIRE (AV DE LA)",,,Plein jour,En agglomération,Hors intersection,Normale,Sans collision,,,,,,,,,,,1,2,1,1,7
200700031205,0007-05-18 23:05:00,7,5,18,23,5,940,54,DUFOUR (R),,,Nuit avec éclairage non allumé,En agglomération,Intersection en T,Normale,Autre collision,,,,,,,,,,,4,2,3,1,6
200700031206,0007-05-19 13:20:00,7,5,19,13,20,940,22,"0, PARMENTIER (R)",,,Plein jour,En agglomération,Hors intersection,Normale,Autre collision,,,,,,,,,,,1,2,1,1,6
200700031207,0007-05-23 20:15:00,7,5,23,20,15,940,22,JEAN JAURES (R),,,Crépuscule ou aube,En agglomération,Intersection en X,Normale,Deux véhicules - arrière,,,,,,,,,,,2,2,2,1,2
200700031208,0007-05-01 13:40:00,7,5,1,13,40,940,11,"0, VERDUN.(AVENUE DE)",,,Plein jour,Hors agglomération,Hors intersection,Normale,Autre collision,,,,,,,,,,,1,1,1,1,6
200700031209,0007-05-03 17:35:00,7,5,3,17,35,940,28,"0, ARCOS.(RUE RENE)",,,Plein jour,En agglomération,Hors intersection,Normale,Autre collision,,,,,,,,,,,1,2,1,1,6
200700031210,0007-05-05 19:35:00,7,5,5,19,35,940,28,HALPERN.(AVENUE BERNARD),,,Plein jour,En agglomération,Hors intersection,Normale,Deux véhicules - arrière,,,,,,,,,,,1,2,1,1,2
200700031211,0007-05-04 20:40:00,7,5,4,20,40,940,11,"29, BOISSY.(AVENUE DE)",,,Crépuscule ou aube,En agglomération,Hors intersection,Pluie légère,Sans collision,,,,,,,,,,,2,2,1,2,7
200700031212,0007-05-04 22:30:00,7,5,4,22,30,940,28,MECHES.(RUE DES),,,Nuit avec éclairage allumé,En agglomération,Hors intersection,Normale,Autre collision,,,,,,,,,,,5,2,1,1,6
200700031213,0007-05-07 13:45:00,7,5,7,13,45,940,28,"0, POMPADOUR.(CHEMIN DE",,,Plein jour,En agglomération,Hors intersection,Normale,Deux véhicules - arrière,,,,,,,,,,,1,2,1,1,2
200700031214,0007-05-08 15:30:00,7,5,8,15,30,940,28,"70, FOCH(AVENUE DU MAREC",,,Plein jour,En agglomération,Hors intersection,Normale,Sans collision,,,,,,,,,,,1,2,1,1,7
200700031215,0007-05-11 17:15:00,7,5,11,17,15,940,28,"0, CHOISY(ROUTE DE)",,,Plein jour,En agglomération,Hors intersection,Normale,Autre collision,,,,,,,,,,,1,2,1,1,6
200700031216,0007-05-12 17:20:00,7,5,12,17,20,940,28,"0, LAFERRIERE(AVENUE)",,,Plein jour,En agglomération,Hors intersection,Normale,Autre collision,,,,,,,,,,,1,2,1,1,6
200700031217,0007-05-14 08:15:00,7,5,14,8,15,940,28,"0, POETE ET SELLIER",,,Crépuscule ou aube,En agglomération,Hors intersection,Normale,Autre collision,,,,,,,,,,,2,2,1,1,6
200700031218,0007-05-17 00:25:00,7,5,17,0,25,940,11,"0, GAULLE(CARREFOUR CHAR",,,Nuit avec éclairage allumé,Hors agglomération,Hors intersection,Normale,Autre collision,,,,,,,,,,,5,1,1,1,6
200700031219,0007-05-21 12:05:00,7,5,21,12,5,940,28,EIFFEL.(RUE GUSTAVE),,,Plein jour,En agglomération,Intersection en T,Normale,Deux véhicules - côté,,,,,,,,,,,1,2,3,1,3
200700031220,0007-05-22 23:10:00,7,5,22,23,10,940,28,"00, HALPERN.(AVENUE BERN",,,Nuit sans éclairage public,En agglomération,Hors intersection,Normale,Autre collision,,,,,,,,,,,3,2,1,1,6
200700031221,0007-05-24 08:15:00,7,5,24,8,15,940,28,"26, SAUSSURE(RUE HORACE",,,Plein jour,En agglomération,Hors intersection,Normale,Autre collision,,,,,,,,,,,1,2,1,1,6
200700031222,0007-05-28 04:20:00,7,5,28,4,20,940,28,"0, FOCH(AVENUE DU MARECH",,,Nuit avec éclairage allumé,Hors agglomération,Hors intersection,Normale,Sans collision,,,,,,,,,,,5,1,1,1,7
200700031223,0007-05-29 10:20:00,7,5,29,10,20,940,11,"0, RHIN ET DANUBE(RUE DU",,,Plein jour,Hors agglomération,Hors intersection,Normale,Deux véhicules - frontale,,,,,,,,,,,1,1,1,1,1
200700031224,0007-05-30 14:05:00,7,5,30,14,5,940,11,BOISSY.(AVENUE DE),,,Plein jour,En agglomération,Intersection en X,Pluie légère,Deux véhicules - côté,,,,,,,,,,,1,2,2,2,3
200700031225,0007-05-25 07:45:00,7,5,25,7,45,940,28,"0, DUVAUCHEL(STADE)",,,Crépuscule ou aube,Hors agglomération,Giratoire,Normale,Sans collision,,,,,,,,,,,2,1,6,1,7
200700031226,0007-05-31 19:00:00,7,5,31,19,0,940,28,EIFFEL.(RUE GUSTAVE),,,Plein jour,En agglomération,Hors intersection,Pluie légère,Deux véhicules - arrière,,,,,,,,,,,1,2,1,2,2
200700031227,0007-05-17 20:55:00,7,5,17,20,55,940,33,"106, REPUBLIQUE (AV DE L",,,Crépuscule ou aube,En agglomération,Hors intersection,Pluie légère,Sans collision,,,,,,,,,,,2,2,1,2,7
200700031228,0007-05-22 09:00:00,7,5,22,9,0,940,33,"33, MARECHAL DE LATTRE D",,,Plein jour,En agglomération,Hors intersection,Normale,Sans collision,,,,,,,,,,,1,2,1,1,7
200700031229,0007-05-15 18:20:00,7,5,15,18,20,940,33,VERDUN (BD DE),,,Plein jour,En agglomération,Intersection en Y,Pluie légère,Deux véhicules - côté,,,,,,,,,,,1,2,4,2,3
200700031230,0007-05-01 17:10:00,7,5,1,17,10,940,3,"17, PAUL DOUMER (AV)",,,Plein jour,En agglomération,Hors intersection,Normale,Sans collision,,,,,,,,,,,1,2,1,1,7
200700031231,0007-05-02 13:55:00,7,5,2,13,55,940,76,"12, PAUL VAILLANT COUTUR",,,Plein jour,En agglomération,Hors intersection,Normale,Sans collision,,,,,,,,,,,1,2,1,1,7
200700031232,0007-05-04 17:05:00,7,5,4,17,5,940,16,"98, COUSIN DE MERICOURT",,,Plein jour,En agglomération,Hors intersection,Normale,Sans collision,,,,,,,,,,,1,2,1,1,7
200700031233,0007-05-07 20:30:00,7,5,7,20,30,940,43,"1, CHARLES GIDE (AV)",,,Plein jour,En agglomération,Intersection en T,Normale,Deux véhicules - arrière,,,,,,,,,,,1,2,3,1,2
200700031234,0007-05-08 18:00:00,7,5,8,18,0,940,43,"46, FONTAINEBLEAU (AV DE",,,Plein jour,En agglomération,Hors intersection,Normale,Deux véhicules - côté,,,,,,,,,,,1,2,1,1,3
200700031235,0007-05-10 12:00:00,7,5,10,12,0,940,3,"65, ARISTIDE BRIAND (AV)",,,Plein jour,En agglomération,Intersection en T,Normale,Sans collision,,,,,,,,,,,1,2,3,1,7
200700031236,0007-05-11 07:30:00,7,5,11,7,30,940,76,"101, PARIS (AV DE)",,,Plein jour,En agglomération,Hors intersection,Normale,Deux véhicules - côté,,,,,,,,,,,1,2,1,1,3
200700031237,0007-05-13 14:00:00,7,5,13,14,0,940,16,"22, GUICHARD (R)",,,Plein jour,En agglomération,Hors intersection,Pluie légère,Deux véhicules - frontale,,,,,,,,,,,1,2,1,2,1
200700031238,0007-05-15 16:00:00,7,5,15,16,0,940,76,"27, EDOUARD VAILLANT (R)",,,Plein jour,En agglomération,Hors intersection,Normale,Sans collision,,,,,,,,,,,1,2,1,1,7
200700031239,0007-05-15 13:30:00,7,5,15,13,30,940,43,"39, FONTAINEBLEAU (AV DE",,,Plein jour,En agglomération,Hors intersection,Normale,Deux véhicules - arrière,,,,,,,,,,,1,2,1,1,2
200700031240,0007-05-18 11:21:00,7,5,18,11,21,940,76,MAXIME GORKI (BD),,,Plein jour,En agglomération,Intersection en T,Normale,Deux véhicules - côté,,,,,,,,,,,1,2,3,1,3
200700031241,0007-05-18 21:15:00,7,5,18,21,15,940,3,"1, MARX DORMOY (AV)",,,Nuit avec éclairage allumé,En agglomération,Hors intersection,Normale,Deux véhicules - frontale,,,,,,,,,,,5,2,1,1,1
200700031242,0007-05-22 12:40:00,7,5,22,12,40,940,16,"1, DIVISION LECLERC (AV",,,Plein jour,En agglomération,Giratoire,Normale,Deux véhicules - côté,,,,,,,,,,,1,2,6,1,3
200700031243,0007-05-22 12:15:00,7,5,22,12,15,940,37,"1, PAUL VAILLANT COUTURI",,,Plein jour,En agglomération,Intersection en X,Normale,Deux véhicules - côté,,,,,,,,,,,1,2,2,1,3
200700031244,0007-05-23 13:40:00,7,5,23,13,40,940,43,", GABRIEL PERI (R)",,,Plein jour,En agglomération,Intersection en T,Normale,Sans collision,,,,,,,,,,,1,2,3,1,7
200700031245,0007-05-24 20:45:00,7,5,24,20,45,940,16,"29, LEON BLUM (AV)",,,Plein jour,En agglomération,Hors intersection,Normale,Sans collision,,,,,,,,,,,1,2,1,1,7
200700031246,0007-05-26 18:15:00,7,5,26,18,15,940,76,VERDUN (R DE),,,Plein jour,En agglomération,Hors intersection,Normale,Sans collision,,,,,,,,,,,1,2,1,1,7
200700031247,0007-05-26 20:10:00,7,5,26,20,10,940,76,"60, STALINGRAD (AV DE)",,,Plein jour,En agglomération,Hors intersection,Pluie légère,Sans collision,,,,,,,,,,,1,2,1,2,7
200700031248,0007-05-27 11:30:00,7,5,27,11,30,940,43,FONTAINEBLEAU (AV DE),,,Plein jour,En agglomération,Hors intersection,Normale,Deux véhicules - arrière,,,,,,,,,,,1,2,1,1,2
200700031249,0007-05-27 14:30:00,7,5,27,14,30,940,43,"1, GABRIEL PERI (R)",,,Plein jour,En agglomération,Hors intersection,Normale,Trois véhicules et plus - en chaîne,,,,,,,,,,,1,2,1,1,4
200700031250,0007-05-28 22:30:00,7,5,28,22,30,940,3,"01, PAUL BERT (R)",,,Crépuscule ou aube,En agglomération,Hors intersection,Normale,Autre collision,,,,,,,,,,,2,2,1,1,6
200700031251,0007-05-30 20:20:00,7,5,30,20,20,940,3,"carefour, ARISTIDE BRIAN",,,Plein jour,En agglomération,Place,Normale,Deux véhicules - côté,,,,,,,,,,,1,2,7,1,3
200700031252,0007-05-31 04:15:00,7,5,31,4,15,940,3,"65, VLADIMIR ILLITCH LEN",,,Crépuscule ou aube,En agglomération,Hors intersection,Normale,Deux véhicules - côté,,,,,,,,,,,2,2,1,1,3
200700031253,0007-05-31 20:00:00,7,5,31,20,0,940,16,"3, EUROPE (AV DE L)",,,Plein jour,En agglomération,Hors intersection,Normale,Sans collision,,,,,,,,,,,1,2,1,1,7
200700031254,0007-05-13 09:45:00,7,5,13,9,45,940,65,RN 186,,,Plein jour,En agglomération,Hors intersection,Pluie légère,Deux véhicules - arrière,,,,,,,,,,,1,2,1,2,2
200700031255,0007-05-11 12:10:00,7,5,11,12,10,940,65,GROSSE PIERRE (R DE LA),,,Plein jour,En agglomération,Hors intersection,Normale,Deux véhicules - côté,,,,,,,,,,,1,2,1,1,3
200700031256,0007-05-02 19:50:00,7,5,2,19,50,940,34,PASTEUR (BD),,,Plein jour,En agglomération,Hors intersection,Normale,Autre collision,,,,,,,,,,,1,2,1,1,6
200700031257,0007-05-02 15:05:00,7,5,2,15,5,940,73,FONTAINEBLEAU (AV DE),,,Plein jour,En agglomération,Hors intersection,Normale,Autre collision,,,,,,,,,,,1,2,1,1,6
200700031258,0007-05-04 18:40:00,7,5,4,18,40,940,65,CHARLES LINDBERGH (AV),,,Plein jour,En agglomération,Hors intersection,Normale,Deux véhicules - côté,,,,,,,,,,,1,2,1,1,3
200700031259,0007-05-15 04:50:00,7,5,15,4,50,940,65,BOULEVARD CIRCULAIRE ( M,,,Nuit avec éclairage allumé,En agglomération,Hors intersection,Normale,Deux véhicules - côté,,,,,,,,,,,5,2,1,1,3
200700031260,0007-05-21 12:30:00,7,5,21,12,30,940,38,PAUL VAILLANT COUTURIER,,,Plein jour,En agglomération,Hors intersection,Normale,Autre collision,,,,,,,,,,,1,2,1,1,6
200700031261,0007-05-21 14:00:00,7,5,21,14,0,940,65,FONTAINEBLEAU - CAR BELL,,,Plein jour,En agglomération,Hors intersection,Normale,Sans collision,,,,,,,,,,,1,2,1,1,7
200700031262,0007-05-21 18:55:00,7,5,21,18,55,940,34,DIVISION LECLERC - CAR D,,,Plein jour,En agglomération,Hors intersection,Normale,Deux véhicules - côté,,,,,,,,,,,1,2,1,1,3
200700031263,0007-05-19 17:25:00,7,5,19,17,25,940,21,POITOU (R DU),,,Plein jour,En agglomération,Hors intersection,Normale,Autre collision,,,,,,,,,,,1,2,1,1,6
200700031264,0007-05-22 09:10:00,7,5,22,9,10,940,21,STALINGRAD - CAR DES SOR,,,Plein jour,En agglomération,Hors intersection,Normale,Autre collision,,,,,,,,,,,1,2,1,1,6
200700031265,0007-05-24 13:40:00,7,5,24,13,40,940,65,LAITIERES (VOI DES),,,Plein jour,En agglomération,Hors intersection,Normale,Deux véhicules - frontale,,,,,,,,,,,1,2,1,1,1
200700031266,0007-05-27 20:25:00,7,5,27,20,25,940,38,JEAN JAURES (R),,,Nuit sans éclairage public,En agglomération,Hors intersection,Pluie légère,Deux véhicules - côté,,,,,,,,,,,3,2,1,2,3
200700031267,0007-05-26 14:30:00,7,5,26,14,30,940,21,"38-40, BERRY (R DU)",,,Plein jour,En agglomération,Hors intersection,Normale,Autre collision,,,,,,,,,,,1,2,1,1,6
200700031268,0007-05-30 06:05:00,7,5,30,6,5,940,73,RN 186,,,Plein jour,Hors agglomération,Hors intersection,Normale,Deux véhicules - arrière,,,,,,,,,,,1,1,1,1,2
200700031269,0007-05-31 13:00:00,7,5,31,13,0,940,21,STALINGRAD (AV DE),,,Plein jour,En agglomération,Hors intersection,Normale,Deux véhicules - côté,,,,,,,,,,,1,2,1,1,3
200700031270,0007-05-31 10:45:00,7,5,31,10,45,940,65,Route nationale 186,,,Plein jour,Hors agglomération,Hors intersection,Normale,Deux véhicules - arrière,,,,,,,,,,,1,1,1,1,2
200700031271,0007-05-19 12:15:00,7,5,19,12,15,940,73,BAS MARIN (R DU),,,Plein jour,En agglomération,Hors intersection,Normale,Deux véhicules - arrière,,,,,,,,,,,1,2,1,1,2
200700031272,0007-05-29 09:10:00,7,5,29,9,10,940,65,PARC DE MEDICIS (AV DU),,,Plein jour,En agglomération,Hors intersection,Normale,Deux véhicules - arrière,,,,,,,,,,,1,2,1,1,2
200700031273,0007-05-31 18:00:00,7,5,31,18,0,940,21,"31, PETIT LEROY (R DU)",,,Plein jour,En agglomération,Autre intersection,Normale,Autre collision,,,,,,,,,,,1,2,9,1,6
200700031274,0007-05-14 13:20:00,7,5,14,13,20,940,34,DIVISION LECLERC (AV DE,,,Plein jour,En agglomération,Intersection en T,Normale,Deux véhicules - côté,,,,,,,,,,,1,2,3,1,3
200700031275,0007-05-18 13:45:00,7,5,18,13,45,940,21,STALINGRAD (AV DE),,,Plein jour,Hors agglomération,Hors intersection,Normale,Deux véhicules - arrière,,,,,,,,,,,1,1,1,1,2
200700031276,0007-05-06 01:50:00,7,5,6,1,50,940,41,"48, COLONEL FABIEN (BD D",,,Nuit avec éclairage allumé,En agglomération,Hors intersection,Normale,Deux véhicules - côté,,,,,,,,,,,5,2,1,1,3
200700031277,0007-05-18 10:10:00,7,5,18,10,10,940,41,PAUL ANDRIEUX (R),,,Plein jour,En agglomération,Hors intersection,Normale,Trois véhicules et plus - collisions multiples,,,,,,,,,,,1,2,1,1,5
200700031278,0007-05-02 08:20:00,7,5,2,8,20,940,46,"28, REPUBLIQUE (AV DE LA",,,Plein jour,En agglomération,Hors intersection,Normale,Autre collision,,,,,,,,,,,1,2,1,1,6
200700031279,0007-05-02 09:30:00,7,5,2,9,30,940,46,"18, GENERAL LECLERC (AV",,,Plein jour,En agglomération,Intersection en T,Normale,Deux véhicules - côté,,,,,,,,,,,1,2,3,1,3
200700031280,0007-05-02 18:20:00,7,5,2,18,20,940,46,"25b, GENERAL DE GAULLE (",,,Plein jour,En agglomération,Hors intersection,Normale,Autre collision,,,,,,,,,,,1,2,1,1,6
200700031281,0007-05-02 21:05:00,7,5,2,21,5,940,46,"32, GENERAL LECLERC - CA",,,Plein jour,En agglomération,Hors intersection,Normale,Deux véhicules - côté,,,,,,,,,,,1,2,1,1,3
200700031282,0007-05-04 17:25:00,7,5,4,17,25,940,46,"00, PIERRE CURIE (R)",,,Plein jour,En agglomération,Hors intersection,Normale,Autre collision,,,,,,,,,,,1,2,1,1,6
200700031283,0007-05-06 19:05:00,7,5,6,19,5,940,46,"56, HOCHE (R)",,,Plein jour,En agglomération,Hors intersection,Normale,Autre collision,,,,,,,,,,,1,2,1,1,6
200700031284,0007-05-07 16:30:00,7,5,7,16,30,940,46,"39, CONVENTION (R DE LA)",,,Plein jour,En agglomération,Hors intersection,Normale,Deux véhicules - côté,,,,,,,,,,,1,2,1,1,3
200700031285,0007-05-11 08:50:00,7,5,11,8,50,940,46,"., EUGENE RENAULT - CAR",,,Plein jour,En agglomération,Intersection à plus de 4 branches,Normale,Deux véhicules - côté,,,,,,,,,,,1,2,5,1,3
200700031286,0007-05-12 13:00:00,7,5,12,13,0,940,46,"00, REPUBLIQUE (AV DE LA",,,Plein jour,En agglomération,Autre intersection,Normale,Autre collision,,,,,,,,,,,1,2,9,1,6
200700031287,0007-05-13 20:45:00,7,5,13,20,45,940,46,"00, GENERAL LECLERC (AV",,,Plein jour,En agglomération,Intersection en X,Normale,Deux véhicules - côté,,,,,,,,,,,1,2,2,1,3
200700031288,0007-05-16 09:35:00,7,5,16,9,35,940,46,"76, JOFFRE (AV)",,,Plein jour,En agglomération,Intersection en X,Temps couvert,Deux véhicules - frontale,,,,,,,,,,,1,2,2,8,1
200700031289,0007-05-21 09:20:00,7,5,21,9,20,940,46,"81, VICTOR HUGO (R)",,,Plein jour,En agglomération,Hors intersection,Normale,Autre collision,,,,,,,,,,,1,2,1,1,6
200700031290,0007-05-24 06:40:00,7,5,24,6,40,940,46,"18, GENERAL DE GAULLE (A",,,Plein jour,En agglomération,Hors intersection,Normale,Autre collision,,,,,,,,,,,1,2,1,1,6
200700031291,0007-05-30 17:20:00,7,5,30,17,20,940,46,"00, EUGENE RENAULT (R)",,,Plein jour,En agglomération,Intersection en X,Pluie légère,Deux véhicules - côté,,,,,,,,,,,1,2,2,2,3
200700031292,0007-05-03 18:25:00,7,5,3,18,25,940,52,"23, STRASBOURG (BD DE)",,,Plein jour,En agglomération,Hors intersection,Normale,Deux véhicules - côté,,,,,,,,,,,1,2,1,1,3
200700031293,0007-05-03 19:15:00,7,5,3,19,15,940,52,"NC, CHARLES VII (R)",,,Plein jour,En agglomération,Hors intersection,Normale,Deux véhicules - arrière,,,,,,,,,,,1,2,1,1,2