accident_id,datetime,annee,mois,jour,heure,minute,departement,commune_insee,adresse,latitude,longitude,luminosite,agglomeration,intersection,meteo,collision,nb_vehicules,nb_usagers,nb_indemnes,nb_tues,nb_blesses_hosp,nb_blesses_legers,age_cond_1,age_cond_2,veh_type_cond_1,veh_type_cond_2,lum_code,agg_code,int_code,atm_code,col_code
200700031704,0007-05-17 04:15:00,7,5,17,4,15,590,343,AUTOROUTE A23,,,Nuit avec éclairage allumé,Hors agglomération,Hors intersection,Normale,Autre collision,,,,,,,,,,,5,1,1,1,6
200700031705,0007-05-21 13:45:00,7,5,21,13,45,590,355,ROUTE NATIONALE 352,,,Plein jour,Hors agglomération,Hors intersection,Normale,Autre collision,,,,,,,,,,,1,1,1,1,6
200700031706,0007-05-21 17:10:00,7,5,21,17,10,590,350,ROUTE NATIONALE 356,,,Plein jour,Hors agglomération,Hors intersection,Normale,Autre collision,,,,,,,,,,,1,1,1,1,6
200700031707,0007-05-22 05:00:00,7,5,22,5,0,620,498,AUTOROUTE A21,,,Nuit avec éclairage allumé,Hors agglomération,Hors intersection,Pluie légère,Autre collision,,,,,,,,,,,5,1,1,2,6
200700031708,0007-05-22 09:50:00,7,5,22,9,50,590,586,AUTOROUTE A23,,,Plein jour,Hors agglomération,Hors intersection,Brouillard / fumée,Autre collision,,,,,,,,,,,1,1,1,5,6
200700031709,0007-05-23 04:45:00,7,5,23,4,45,620,766,AUTOROUTE A16,,,Nuit avec éclairage allumé,Hors agglomération,Hors intersection,Normale,Autre collision,,,,,,,,,,,5,1,1,1,6
200700031710,0007-05-23 13:05:00,7,5,23,13,5,590,183,AUTOROUTE A16,,,Plein jour,Hors agglomération,Hors intersection,Normale,Autre collision,,,,,,,,,,,1,1,1,1,6
200700031711,0007-05-23 18:20:00,7,5,23,18,20,620,907,AUTOROUTE A1,,,Plein jour,Hors agglomération,Hors intersection,Pluie légère,Autre collision,,,,,,,,,,,1,1,1,2,6
200700031712,0007-05-25 13:30:00,7,5,25,13,30,590,564,AUTOROUTE A2,,,Plein jour,Hors agglomération,Hors intersection,Normale,Autre collision,,,,,,,,,,,1,1,1,1,6
200700031713,0007-05-25 16:05:00,7,5,25,16,5,590,435,AUTOROUTE A23,,,Plein jour,Hors agglomération,Hors intersection,Normale,Autre collision,,,,,,,,,,,1,1,1,1,6
200700031714,0007-05-25 19:40:00,7,5,25,19,40,590,435,AUTOROUTE A23,,,Plein jour,Hors agglomération,Hors intersection,Normale,Trois véhicules et plus - en chaîne,,,,,,,,,,,1,1,1,1,4
200700031715,0007-05-25 20:30:00,7,5,25,20,30,590,94,AUTOROUTE A16,,,Plein jour,Hors agglomération,Hors intersection,Normale,Autre collision,,,,,,,,,,,1,1,1,1,6
200700031716,0007-05-25 20:40:00,7,5,25,20,40,620,193,AUTOROUTE A16,,,Plein jour,Hors agglomération,Hors intersection,Normale,Autre collision,,,,,,,,,,,1,1,1,1,6
200700031717,0007-05-26 09:15:00,7,5,26,9,15,590,350,AUTOROUTE A25,,,Plein jour,Hors agglomération,Hors intersection,Normale,Autre collision,,,,,,,,,,,1,1,1,1,6
200700031718,0007-05-27 02:15:00,7,5,27,2,15,620,274,AUTOROUTE A1,,,Nuit avec éclairage allumé,Hors agglomération,Hors intersection,Pluie légère,Autre collision,,,,,,,,,,,5,1,1,2,6
200700031719,0007-05-27 08:15:00,7,5,27,8,15,590,124,AUTOROUTE A27,,,Plein jour,Hors agglomération,Hors intersection,Normale,Autre collision,,,,,,,,,,,1,1,1,1,6
200700031720,0007-05-27 13:20:00,7,5,27,13,20,620,186,AUTOROUTE A21,,,Plein jour,Hors agglomération,Hors intersection,Normale,Autre collision,,,,,,,,,,,1,1,1,1,6
200700031721,0007-05-30 08:00:00,7,5,30,8,0,590,286,AUTOROUTE A25,,,Plein jour,Hors agglomération,Hors intersection,Normale,Autre collision,,,,,,,,,,,1,1,1,1,6
200700031722,0007-05-31 11:50:00,7,5,31,11,50,590,350,AUTOROUTE A25,,,Plein jour,Hors agglomération,Hors intersection,Normale,Autre collision,,,,,,,,,,,1,1,1,1,6
200700031723,0007-05-31 12:55:00,7,5,31,12,55,620,249,AUTOROUTE A21,,,Plein jour,Hors agglomération,Hors intersection,Normale,Autre collision,,,,,,,,,,,1,1,1,1,6
200700031724,0007-05-31 17:45:00,7,5,31,17,45,620,249,AUTOROUTE A21,,,Plein jour,Hors agglomération,Hors intersection,Normale,Autre collision,,,,,,,,,,,1,1,1,1,6
200700031725,0007-05-16 01:00:00,7,5,16,1,0,590,355,ROUTE DEPARTEMENTALE 652,,,Nuit avec éclairage allumé,Hors agglomération,Hors intersection,Normale,Autre collision,,,,,,,,,,,5,1,1,1,6
200700031726,0007-05-01 13:40:00,7,5,1,13,40,690,386,RUE GARIBALDI,,,Plein jour,En agglomération,Intersection en X,Normale,Deux véhicules - côté,,,,,,,,,,,1,2,2,1,3
200700031727,0007-05-02 18:45:00,7,5,2,18,45,690,383,"0, AVENUE FELIX FAURE",,,Plein jour,En agglomération,Intersection en X,Normale,Trois véhicules et plus - collisions multiples,,,,,,,,,,,1,2,2,1,5
200700031728,0007-05-04 09:30:00,7,5,4,9,30,690,386,RUE MONTGOLFIER,,,Plein jour,En agglomération,Intersection en T,Normale,Deux véhicules - côté,,,,,,,,,,,1,2,3,1,3
200700031729,0007-05-12 02:50:00,7,5,12,2,50,690,383,RUE SERVIENT,,,Nuit avec éclairage allumé,En agglomération,Hors intersection,Normale,Autre collision,,,,,,,,,,,5,2,1,1,6
200700031730,0007-05-11 09:25:00,7,5,11,9,25,690,383,RUE MOLIERE,,,Plein jour,En agglomération,Intersection en X,Normale,Autre collision,,,,,,,,,,,1,2,2,1,6
200700031731,0007-05-12 13:45:00,7,5,12,13,45,690,383,"201, AVENUE FELIX FAURE",,,Plein jour,En agglomération,Hors intersection,Normale,Deux véhicules - côté,,,,,,,,,,,1,2,1,1,3
200700031732,0007-05-12 13:30:00,7,5,12,13,30,690,383,QUAI VICTOR AUGAGNEUR,,,Plein jour,En agglomération,Intersection en X,Normale,Deux véhicules - côté,,,,,,,,,,,1,2,2,1,3
200700031733,0007-05-15 08:00:00,7,5,15,8,0,690,383,"18, COURS GAMBETTA",,,Plein jour,En agglomération,Hors intersection,Normale,Autre collision,,,,,,,,,,,1,2,1,1,6
200700031734,0007-05-16 17:45:00,7,5,16,17,45,690,386,"142, RUE DUGUESCLIN",,,Plein jour,En agglomération,Hors intersection,Normale,Autre collision,,,,,,,,,,,1,2,1,1,6
200700031735,0007-05-18 10:10:00,7,5,18,10,10,690,383,"3, AVENUE LACASSAGNE",,,Plein jour,En agglomération,Hors intersection,Normale,Autre collision,,,,,,,,,,,1,2,1,1,6
200700031736,0007-05-18 11:10:00,7,5,18,11,10,690,386,"11, RUE DE SEZE",,,Plein jour,En agglomération,Hors intersection,Normale,Trois véhicules et plus - collisions multiples,,,,,,,,,,,1,2,1,1,5
200700031737,0007-05-17 20:00:00,7,5,17,20,0,690,386,AVENUE MARECHAL FOCH,,,Crépuscule ou aube,En agglomération,Intersection en X,Pluie légère,Deux véhicules - côté,,,,,,,,,,,2,2,2,2,3
200700031738,0007-05-19 19:35:00,7,5,19,19,35,690,386,RUE BOSSUET,,,Plein jour,En agglomération,Intersection en X,Normale,Deux véhicules - côté,,,,,,,,,,,1,2,2,1,3
200700031739,0007-05-22 20:15:00,7,5,22,20,15,690,386,"13, PLACE JULES FERRY",,,Crépuscule ou aube,En agglomération,Hors intersection,Normale,Autre collision,,,,,,,,,,,2,2,1,1,6
200700031740,0007-05-15 16:45:00,7,5,15,16,45,690,383,"230, RUE VENDOME",,,Plein jour,En agglomération,Hors intersection,Normale,Sans collision,,,,,,,,,,,1,2,1,1,7
200700031741,0007-05-15 13:51:00,7,5,15,13,51,690,383,RUE DE LA VILLETTE,,,Plein jour,En agglomération,Hors intersection,Normale,Autre collision,,,,,,,,,,,1,2,1,1,6
200700031742,0007-05-20 14:07:00,7,5,20,14,7,690,386,RUE VAUBAN,,,Plein jour,En agglomération,Hors intersection,Normale,Autre collision,,,,,,,,,,,1,2,1,1,6
200700031743,0007-05-25 20:50:00,7,5,25,20,50,690,383,"3, RUE FREDERIC MISTRAL",,,Nuit avec éclairage non allumé,En agglomération,Hors intersection,Normale,Autre collision,,,,,,,,,,,4,2,1,1,6
200700031744,0007-05-27 04:25:00,7,5,27,4,25,690,383,"127, RUE SERVIENT",,,Nuit avec éclairage allumé,En agglomération,Hors intersection,Pluie forte,Autre collision,,,,,,,,,,,5,2,1,3,6
200700031745,0007-05-19 21:05:00,7,5,19,21,5,690,383,RUE SERVIENT,,,Nuit avec éclairage allumé,En agglomération,Intersection en X,Normale,Deux véhicules - côté,,,,,,,,,,,5,2,2,1,3
200700031746,0007-05-31 14:20:00,7,5,31,14,20,690,383,RUE DANTON,,,Plein jour,En agglomération,Hors intersection,Normale,Autre collision,,,,,,,,,,,1,2,1,1,6
200700031747,0007-05-12 19:35:00,7,5,12,19,35,690,384,"3, RUE VILLENEUVE",,,Plein jour,En agglomération,Intersection en X,Normale,Autre collision,,,,,,,,,,,1,2,2,1,6
200700031748,0007-05-18 15:00:00,7,5,18,15,0,690,384,"21, CHEMIN DE SERIN A LA",,,Plein jour,En agglomération,Hors intersection,Normale,Deux véhicules - frontale,,,,,,,,,,,1,2,1,1,1
200700031749,0007-05-20 05:25:00,7,5,20,5,25,690,384,"1, COURS D HERBOUVILLE",,,Crépuscule ou aube,En agglomération,Hors intersection,Normale,Deux véhicules - arrière,,,,,,,,,,,2,2,1,1,2
200700031750,0007-05-30 12:50:00,7,5,30,12,50,690,384,RUE HENON,,,Plein jour,En agglomération,Hors intersection,Normale,Autre collision,,,,,,,,,,,1,2,1,1,6
200700031751,0007-05-31 21:15:00,7,5,31,21,15,690,384,RUE DENFERT ROCHEREAU,,,Nuit avec éclairage allumé,En agglomération,Hors intersection,Pluie légère,Deux véhicules - frontale,,,,,,,,,,,5,2,1,2,1
200700031752,0007-05-01 13:15:00,7,5,1,13,15,330,249,ROUTE NATIONALE 230,,,Plein jour,Hors agglomération,Hors intersection,Pluie légère,Autre collision,,,,,,,,,,,1,1,1,2,6
200700031753,0007-05-01 19:06:00,7,5,1,19,6,330,249,ROUTE NATIONALE 230,,,Plein jour,Hors agglomération,Hors intersection,Pluie légère,Sans collision,,,,,,,,,,,1,1,1,2,7
200700031754,0007-05-03 07:20:00,7,5,3,7,20,330,143,AUTOROUTE A 10,,,Plein jour,Hors agglomération,Hors intersection,Normale,Deux véhicules - côté,,,,,,,,,,,1,1,1,1,3
200700031755,0007-05-05 03:55:00,7,5,5,3,55,330,281,ROCADE A 630,,,Nuit avec éclairage allumé,Hors agglomération,Hors intersection,Normale,Autre collision,,,,,,,,,,,5,1,1,1,6
200700031756,0007-05-05 16:15:00,7,5,5,16,15,330,63,ROCADE A 630,,,Plein jour,Hors agglomération,Hors intersection,Normale,Sans collision,,,,,,,,,,,1,1,1,1,7
200700031757,0007-05-06 14:05:00,7,5,6,14,5,330,80,AUTOROUTE A 62,,,Plein jour,Hors agglomération,Hors intersection,Normale,Sans collision,,,,,,,,,,,1,1,1,1,7
200700031758,0007-05-09 11:25:00,7,5,9,11,25,330,122,AUTOROUTE A 63,,,Plein jour,Hors agglomération,Hors intersection,Normale,Trois véhicules et plus - en chaîne,,,,,,,,,,,1,1,1,1,4
200700031759,0007-05-14 08:00:00,7,5,14,8,0,330,318,AUTOROUTE A 63,,,Plein jour,Hors agglomération,Hors intersection,Pluie légère,Autre collision,,,,,,,,,,,1,1,1,2,6
200700031760,0007-05-15 08:45:00,7,5,15,8,45,330,192,ROCADE A 630,,,Plein jour,Hors agglomération,Hors intersection,Normale,Deux véhicules - côté,,,,,,,,,,,1,1,1,1,3
200700031761,0007-05-15 17:50:00,7,5,15,17,50,330,39,ROCADE A 630,,,Plein jour,Hors agglomération,Hors intersection,Normale,Deux véhicules - arrière,,,,,,,,,,,1,1,1,1,2
200700031762,0007-05-16 08:10:00,7,5,16,8,10,330,39,ROCADE A 631,,,Plein jour,Hors agglomération,Hors intersection,Pluie légère,Autre collision,,,,,,,,,,,1,1,1,2,6
200700031763,0007-05-17 16:00:00,7,5,17,16,0,330,249,ROUTE NATIONALE 230,,,Plein jour,Hors agglomération,Hors intersection,Pluie légère,Autre collision,,,,,,,,,,,1,1,1,2,6
200700031764,0007-05-17 16:30:00,7,5,17,16,30,330,249,ROUTE NATIONALE 230,,,Plein jour,Hors agglomération,Hors intersection,Pluie légère,Autre collision,,,,,,,,,,,1,1,1,2,6
200700031765,0007-05-17 20:50:00,7,5,17,20,50,330,75,ROCADE A 630,,,Plein jour,Hors agglomération,Hors intersection,Normale,Autre collision,,,,,,,,,,,1,1,1,1,6
200700031766,0007-05-21 19:55:00,7,5,21,19,55,330,63,ROCADE A 630,,,Plein jour,Hors agglomération,Hors intersection,Normale,Sans collision,,,,,,,,,,,1,1,1,1,7
200700031767,0007-05-22 17:55:00,7,5,22,17,55,330,281,ROCADE A 630,,,Plein jour,Hors agglomération,Hors intersection,Normale,Sans collision,,,,,,,,,,,1,1,1,1,7
200700031768,0007-05-31 15:55:00,7,5,31,15,55,330,318,AUTOROUTE A 63,,,Plein jour,Hors agglomération,Hors intersection,Normale,Deux véhicules - côté,,,,,,,,,,,1,1,1,1,3
200700031769,0007-05-24 17:05:00,7,5,24,17,5,330,75,ROCADE A 630,,,Plein jour,Hors agglomération,Hors intersection,Normale,Deux véhicules - arrière,,,,,,,,,,,1,1,1,1,2
200700031770,0007-05-24 19:25:00,7,5,24,19,25,330,366,AUTOROUTE A 10,,,Plein jour,Hors agglomération,Hors intersection,Normale,Deux véhicules - arrière,,,,,,,,,,,1,1,1,1,2
200700031771,0007-05-24 19:25:00,7,5,24,19,25,330,65,ROUTE NATIONALE 230,,,Plein jour,Hors agglomération,Hors intersection,Normale,Deux véhicules - côté,,,,,,,,,,,1,1,1,1,3
200700031772,0007-05-26 02:30:00,7,5,26,2,30,330,550,ROCADE A 630,,,Nuit avec éclairage allumé,Hors agglomération,Hors intersection,Pluie légère,Sans collision,,,,,,,,,,,5,1,1,2,7
200700031773,0007-05-16 06:25:00,7,5,16,6,25,330,249,ROUTE NATIONALE 230,,,Crépuscule ou aube,Hors agglomération,Hors intersection,Pluie légère,Autre collision,,,,,,,,,,,2,1,1,2,6
200700031774,0007-05-26 16:25:00,7,5,26,16,25,330,65,ROUTE NATIONALE 230,,,Plein jour,Hors agglomération,Hors intersection,Pluie légère,Sans collision,,,,,,,,,,,1,1,1,2,7
200700031775,0007-05-26 16:35:00,7,5,26,16,35,330,249,ROCADE A 630,,,Plein jour,Hors agglomération,Hors intersection,Pluie légère,Deux véhicules - arrière,,,,,,,,,,,1,1,1,2,2
200700031776,0007-05-27 18:05:00,7,5,27,18,5,330,75,ROCADE A 630,,,Plein jour,Hors agglomération,Hors intersection,Pluie légère,Deux véhicules - arrière,,,,,,,,,,,1,1,1,2,2
200700031777,0007-05-28 06:35:00,7,5,28,6,35,330,249,ROCADE A 630,,,Plein jour,Hors agglomération,Hors intersection,Pluie légère,Sans collision,,,,,,,,,,,1,1,1,2,7
200700031778,0007-05-28 07:45:00,7,5,28,7,45,330,192,AUTOROUTE A 63,,,Plein jour,Hors agglomération,Hors intersection,Pluie légère,Sans collision,,,,,,,,,,,1,1,1,2,7
200700031779,0007-05-28 10:40:00,7,5,28,10,40,330,65,ROUTE NATIONALE 230,,,Plein jour,Hors agglomération,Hors intersection,Pluie légère,Sans collision,,,,,,,,,,,1,1,1,2,7
200700031780,0007-05-29 17:00:00,7,5,29,17,0,330,65,ROUTE NATIONALE 230,,,Plein jour,Hors agglomération,Hors intersection,Normale,Deux véhicules - côté,,,,,,,,,,,1,1,1,1,3
200700031781,0007-05-31 00:45:00,7,5,31,0,45,330,550,ROCADE A 630,,,Nuit avec éclairage allumé,Hors agglomération,Hors intersection,Normale,Autre collision,,,,,,,,,,,5,1,1,1,6
200700031782,0007-05-31 07:25:00,7,5,31,7,25,330,249,ROUTE NATIONALE 230,,,Plein jour,Hors agglomération,Hors intersection,Normale,Deux véhicules - côté,,,,,,,,,,,1,1,1,1,3
200700031783,0007-05-11 12:45:00,7,5,11,12,45,690,385,"66/68, RUE COMMANDANT CH",,,Plein jour,En agglomération,Intersection en T,Normale,Deux véhicules - côté,,,,,,,,,,,1,2,3,1,3
200700031784,0007-05-12 11:30:00,7,5,12,11,30,690,385,RUE DE CHAMPVERT,,,Plein jour,En agglomération,Intersection en T,Normale,Sans collision,,,,,,,,,,,1,2,3,1,7
200700031785,0007-05-04 23:45:00,7,5,4,23,45,690,385,PONT ALPHONSE JUIN,,,Nuit avec éclairage allumé,En agglomération,Hors intersection,Pluie forte,Deux véhicules - arrière,,,,,,,,,,,5,2,1,3,2
200700031786,0007-05-14 23:15:00,7,5,14,23,15,690,385,"4, AVENUE DEBROUSSE",,,Nuit avec éclairage allumé,En agglomération,Hors intersection,Pluie légère,Autre collision,,,,,,,,,,,5,2,1,2,6
200700031787,0007-05-22 08:15:00,7,5,22,8,15,690,385,QUAI ROMAIN ROLLAND,,,Plein jour,En agglomération,Intersection en X,Normale,Autre collision,,,,,,,,,,,1,2,2,1,6
200700031788,0007-05-04 01:20:00,7,5,4,1,20,670,471,Autoroute A.4,,,Nuit sans éclairage public,Hors agglomération,Hors intersection,Normale,Sans collision,,,,,,,,,,,3,1,1,1,7
200700031789,0007-05-17 15:35:00,7,5,17,15,35,670,152,Route Nationale 83,,,Plein jour,Hors agglomération,Hors intersection,Pluie légère,Sans collision,,,,,,,,,,,1,1,1,2,7
200700031790,0007-05-28 17:50:00,7,5,28,17,50,670,218,Autoroute A.35,,,Plein jour,Hors agglomération,Intersection en X,Pluie légère,Autre collision,,,,,,,,,,,1,1,2,2,6
200700031791,0007-05-30 16:20:00,7,5,30,16,20,670,482,Autoroute A.35,,,Plein jour,Hors agglomération,Hors intersection,Normale,Deux véhicules - arrière,,,,,,,,,,,1,1,1,1,2
200700031792,0007-05-22 02:30:00,7,5,22,2,30,540,31,Autoroute A 31,,,Nuit sans éclairage public,Hors agglomération,Hors intersection,Normale,Sans collision,,,,,,,,,,,3,1,1,1,7
200700031793,0007-05-04 11:32:00,7,5,4,11,32,570,463,Autoroute A31,,,Plein jour,Hors agglomération,Hors intersection,Normale,Deux véhicules - côté,,,,,,,,,,,1,1,1,1,3
200700031794,0007-05-18 22:10:00,7,5,18,22,10,570,582,Autoroute A31,,,Nuit avec éclairage allumé,Hors agglomération,Hors intersection,Normale,Sans collision,,,,,,,,,,,5,1,1,1,7
200700031795,0007-05-19 14:18:00,7,5,19,14,18,570,39,RN 431,,,Plein jour,Hors agglomération,Hors intersection,Normale,Sans collision,,,,,,,,,,,1,1,1,1,7
200700031796,0007-05-23 19:20:00,7,5,23,19,20,570,343,Autoroute A.31,,,Plein jour,Hors agglomération,Hors intersection,Normale,Deux véhicules - arrière,,,,,,,,,,,1,1,1,1,2
200700031797,0007-05-30 13:51:00,7,5,30,13,51,570,303,Autoroute A31,,,Plein jour,Hors agglomération,Hors intersection,Normale,Sans collision,,,,,,,,,,,1,1,1,1,7
200700031798,0007-05-01 16:05:00,7,5,1,16,5,690,387,RUE CAPITAINE ROBERT CLU,,,Plein jour,En agglomération,Intersection en X,Normale,Deux véhicules - côté,,,,,,,,,,,1,2,2,1,3
200700031799,0007-05-02 20:50:00,7,5,2,20,50,690,387,"064, RUE CROIX BARRET",,,Nuit avec éclairage allumé,En agglomération,Hors intersection,Normale,Deux véhicules - côté,,,,,,,,,,,5,2,1,1,3
200700031800,0007-05-12 01:10:00,7,5,12,1,10,690,387,COURS GAMBETTA,,,Nuit avec éclairage allumé,En agglomération,Intersection à plus de 4 branches,Normale,Deux véhicules - côté,,,,,,,,,,,5,2,5,1,3
200700031801,0007-05-06 22:50:00,7,5,6,22,50,690,387,RUE CAVENNE,,,Nuit avec éclairage allumé,En agglomération,Intersection en X,Normale,Deux véhicules - côté,,,,,,,,,,,5,2,2,1,3
200700031802,0007-05-17 04:50:00,7,5,17,4,50,690,387,QUAI CLAUDE BERNARD,,,Nuit avec éclairage allumé,En agglomération,Intersection en X,Pluie légère,Deux véhicules - côté,,,,,,,,,,,5,2,2,2,3
200700031803,0007-05-10 10:20:00,7,5,10,10,20,690,387,RUE DE LA MADELEINE,,,Plein jour,En agglomération,Intersection en X,Normale,Deux véhicules - arrière,,,,,,,,,,,1,2,2,1,2
200700031804,0007-05-22 14:25:00,7,5,22,14,25,690,387,RUE MONTESQUIEU,,,Plein jour,En agglomération,Intersection en X,Normale,Deux véhicules - côté,,,,,,,,,,,1,2,2,1,3
200700031805,0007-05-22 16:55:00,7,5,22,16,55,690,387,RUE MONTESQUIEU,,,Plein jour,En agglomération,Intersection en X,Normale,Deux véhicules - côté,,,,,,,,,,,1,2,2,1,3
200700031806,0007-05-25 16:40:00,7,5,25,16,40,690,387,RUE JABOULAY,,,Plein jour,En agglomération,Intersection en X,Temps éblouissant,Deux véhicules - côté,,,,,,,,,,,1,2,2,7,3
200700031807,0007-05-30 21:20:00,7,5,30,21,20,690,387,"124, COURS GAMBETTA",,,Crépuscule ou aube,En agglomération,Intersection en T,Pluie légère,Autre collision,,,,,,,,,,,2,2,3,2,6
200700031808,0007-05-31 21:00:00,7,5,31,21,0,690,387,RUE MONTESQUIEU,,,Crépuscule ou aube,En agglomération,Intersection en X,Pluie forte,Deux véhicules - côté,,,,,,,,,,,2,2,2,3,3
200700031809,0007-05-25 11:10:00,7,5,25,11,10,690,387,AVENUE JEAN JAURES,,,Plein jour,En agglomération,Intersection en X,Normale,Deux véhicules - côté,,,,,,,,,,,1,2,2,1,3
200700031810,0007-05-02 07:45:00,7,5,2,7,45,690,388,"0, RUE SEIGNEMARTIN",,,Plein jour,En agglomération,Intersection en T,Pluie légère,Autre collision,,,,,,,,,,,1,2,3,2,6
200700031811,0007-05-09 18:55:00,7,5,9,18,55,690,388,"00, AVENUE PAUL SANTY",,,Plein jour,En agglomération,Intersection en T,Normale,Deux véhicules - côté,,,,,,,,,,,1,2,3,1,3
200700031812,0007-05-10 13:25:00,7,5,10,13,25,690,388,"00, COURS ALBERT THOMAS",,,Plein jour,En agglomération,Intersection en T,Normale,Deux véhicules - arrière,,,,,,,,,,,1,2,3,1,2
200700031813,0007-05-12 15:15:00,7,5,12,15,15,690,388,"27, AVENUE VIVIANI",,,Plein jour,En agglomération,Hors intersection,Normale,Deux véhicules - côté,,,,,,,,,,,1,2,1,1,3
200700031814,0007-05-20 23:45:00,7,5,20,23,45,690,388,"24, RUE STEPHANE COIGNET",,,Nuit avec éclairage allumé,En agglomération,Hors intersection,Normale,Deux véhicules - frontale,,,,,,,,,,,5,2,1,1,1
200700031815,0007-05-20 00:35:00,7,5,20,0,35,690,388,BOULEVARD DES ETATS UNIS,,,Nuit avec éclairage allumé,En agglomération,Intersection en X,Normale,Deux véhicules - côté,,,,,,,,,,,5,2,2,1,3
200700031816,0007-05-25 16:25:00,7,5,25,16,25,690,388,"317, AVENUE BERTHELOT",,,Plein jour,En agglomération,Hors intersection,Normale,Autre collision,,,,,,,,,,,1,2,1,1,6
200700031817,0007-05-28 06:35:00,7,5,28,6,35,690,388,"00, RUE MARIUS BERLIET",,,Plein jour,En agglomération,Intersection en X,Normale,Deux véhicules - côté,,,,,,,,,,,1,2,2,1,3
200700031818,0007-05-29 20:45:00,7,5,29,20,45,690,388,"00, RUE DENIS",,,Plein jour,En agglomération,Intersection en X,Normale,Autre collision,,,,,,,,,,,1,2,2,1,6
200700031819,0007-05-30 06:35:00,7,5,30,6,35,690,388,"00, AVENUE JEAN MERMOZ",,,Plein jour,En agglomération,Hors intersection,Normale,Deux véhicules - côté,,,,,,,,,,,1,2,1,1,3
200700031820,0007-05-04 13:10:00,7,5,4,13,10,690,388,"00, AVENUE DES FRERES LU",,,Plein jour,En agglomération,Intersection en X,Normale,Deux véhicules - côté,,,,,,,,,,,1,2,2,1,3
200700031821,0007-05-30 16:30:00,7,5,30,16,30,690,388,"00, RUE PAUL CAZENEUVE",,,Plein jour,En agglomération,Intersection en X,Normale,Deux véhicules - côté,,,,,,,,,,,1,2,2,1,3
200700031822,0007-05-20 15:20:00,7,5,20,15,20,690,388,"00, RUE NUNGESSER ET COL",,,Plein jour,En agglomération,Intersection en X,Normale,Autre collision,,,,,,,,,,,1,2,2,1,6
200700031823,0007-05-31 08:20:00,7,5,31,8,20,690,388,"65, RUE PAUL CAZENEUVE",,,Plein jour,En agglomération,Hors intersection,Normale,Autre collision,,,,,,,,,,,1,2,1,1,6
200700031824,0007-05-03 20:10:00,7,5,3,20,10,420,218,RN88,47.331,7.60372,Crépuscule ou aube,Hors agglomération,Hors intersection,Pluie légère,Autre collision,,,,,,,,,,,2,1,1,2,6
200700031825,0007-05-16 20:20:00,7,5,16,20,20,420,103,A47,,,Plein jour,Hors agglomération,Hors intersection,Temps couvert,Autre collision,,,,,,,,,,,1,1,1,8,6
200700031826,0007-05-17 06:20:00,7,5,17,6,20,420,186,A47,,,Plein jour,Hors agglomération,Hors intersection,Pluie légère,Autre collision,,,,,,,,,,,1,1,1,2,6
200700031827,0007-05-27 12:15:00,7,5,27,12,15,690,236,A47,,,Plein jour,Hors agglomération,Hors intersection,Pluie légère,Sans collision,,,,,,,,,,,1,1,1,2,7
200700031828,0007-05-31 15:30:00,7,5,31,15,30,420,44,RN88,,,Plein jour,Hors agglomération,Hors intersection,Pluie forte,Deux véhicules - arrière,,,,,,,,,,,1,1,1,3,2
200700031829,0007-05-31 20:30:00,7,5,31,20,30,420,218,RN88,,,Plein jour,Hors agglomération,Hors intersection,Pluie légère,Autre collision,,,,,,,,,,,1,1,1,2,6
200700031830,0007-05-02 14:35:00,7,5,2,14,35,690,382,A7   0.000 A 2.278,,,Plein jour,Hors agglomération,Hors intersection,Normale,Trois véhicules et plus - en chaîne,,,,,,,,,,,1,1,1,1,4
200700031831,0007-05-02 23:00:00,7,5,2,23,0,690,275,RN346   29.300 A 34.350,,,Nuit avec éclairage allumé,Hors agglomération,Hors intersection,Normale,Deux véhicules - arrière,,,,,,,,,,,5,1,1,1,2
200700031832,0007-05-05 06:45:00,7,5,5,6,45,690,290,A43   3.865 A 9.894,,,Plein jour,Hors agglomération,Hors intersection,Temps couvert,Autre collision,,,,,,,,,,,1,1,1,8,6
200700031833,0007-05-05 15:05:00,7,5,5,15,5,690,276,A7   8.630 A 10.992,,,Plein jour,Hors agglomération,Hors intersection,Pluie légère,Autre collision,,,,,,,,,,,1,1,1,2,6
200700031834,0007-05-05 14:45:00,7,5,5,14,45,690,256,RN346  S/N   25.686 A 29,,,Plein jour,Hors agglomération,Hors intersection,Pluie légère,Sans collision,,,,,,,,,,,1,1,1,2,7
200700031835,0007-05-05 17:35:00,7,5,5,17,35,690,288,A43   13.029 A 15.971,,,Plein jour,Hors agglomération,Hors intersection,Pluie légère,Deux véhicules - frontale,,,,,,,,,,,1,1,1,2,1
200700031836,0007-05-06 05:35:00,7,5,6,5,35,690,266,A42   0.000 A 0.560,,,Nuit avec éclairage allumé,Hors agglomération,Hors intersection,Normale,Autre collision,,,,,,,,,,,5,1,1,1,6
200700031837,0007-05-07 05:00:00,7,5,7,5,0,690,27,A450   5.100 A 7.285,,,Nuit sans éclairage public,Hors agglomération,Hors intersection,Normale,Deux véhicules - frontale,,,,,,,,,,,3,1,1,1,1
200700031838,0007-05-08 21:35:00,7,5,8,21,35,690,199,RD383   14.250 A 18.000,,,Nuit avec éclairage allumé,Hors agglomération,Hors intersection,Temps couvert,Autre collision,,,,,,,,,,,5,1,1,8,6
200700031839,0007-05-09 12:55:00,7,5,9,12,55,690,389,A6   451.790 A 453.400,,,Plein jour,Hors agglomération,Hors intersection,Normale,Deux véhicules - arrière,,,,,,,,,,,1,1,1,1,2