accident_id,datetime,annee,mois,jour,heure,minute,departement,commune_insee,adresse,latitude,longitude,luminosite,agglomeration,intersection,meteo,collision,nb_vehicules,nb_usagers,nb_indemnes,nb_tues,nb_blesses_hosp,nb_blesses_legers,age_cond_1,age_cond_2,veh_type_cond_1,veh_type_cond_2,lum_code,agg_code,int_code,atm_code,col_code
200700031975,0007-06-08 06:00:00,7,6,8,6,0,590,135,,50.799,2.506,Crépuscule ou aube,Hors agglomération,Hors intersection,Vent fort / tempête,Autre collision,,,,,,,,,,,2,1,1,6,6
200700031976,0007-06-09 06:45:00,7,6,9,6,45,590,419,lieu-dit Planard CD 955,,,Plein jour,En agglomération,Hors intersection,Temps couvert,Sans collision,,,,,,,,,,,1,2,1,8,7
200700031977,0007-06-03 12:15:00,7,6,3,12,15,590,173,,50.741,2.958,Plein jour,Hors agglomération,Giratoire,Normale,Deux véhicules - frontale,,,,,,,,,,,1,1,6,1,1
200700031978,0007-06-11 13:45:00,7,6,11,13,45,590,391,,50.304,3.293,Plein jour,Hors agglomération,Hors intersection,Normale,Deux véhicules - côté,,,,,,,,,,,1,1,1,1,3
200700031979,0007-06-09 15:00:00,7,6,9,15,0,590,434,,,,Plein jour,Hors agglomération,Hors intersection,Normale,Deux véhicules - côté,,,,,,,,,,,1,1,1,1,3
200700031980,0007-06-19 13:30:00,7,6,19,13,30,590,472,2 rue du Bois,50.168,3.66,Plein jour,En agglomération,Hors intersection,Temps éblouissant,Deux véhicules - frontale,,,,,,,,,,,1,2,1,7,1
200700031981,0007-06-07 21:30:00,7,6,7,21,30,590,593,rue verte,,,Crépuscule ou aube,En agglomération,Hors intersection,Pluie légère,Autre collision,,,,,,,,,,,2,2,1,2,6
200700031982,0007-06-23 05:00:00,7,6,23,5,0,590,55,,,,Nuit sans éclairage public,Hors agglomération,Hors intersection,Pluie légère,Autre collision,,,,,,,,,,,3,1,1,2,6
200700031983,0007-06-09 18:00:00,7,6,9,18,0,590,139,rue Aristide Briand,50.127,3.416,Plein jour,En agglomération,Hors intersection,Normale,Deux véhicules - côté,,,,,,,,,,,1,2,1,1,3
200700031984,0007-06-09 19:15:00,7,6,9,19,15,590,139,boulevard du 11 Novembre,50.123,3.421,Plein jour,En agglomération,Hors intersection,Normale,Deux véhicules - arrière,,,,,,,,,,,1,2,1,1,2
200700031985,0007-06-27 07:35:00,7,6,27,7,35,590,171,,,,Plein jour,Hors agglomération,Hors intersection,Temps couvert,Deux véhicules - côté,,,,,,,,,,,1,1,1,8,3
200700031986,0007-06-01 16:00:00,7,6,1,16,0,590,389,,50.1,3.204,Plein jour,Hors agglomération,Hors intersection,Normale,Deux véhicules - frontale,,,,,,,,,,,1,1,1,1,1
200700031987,0007-06-01 18:30:00,7,6,1,18,30,590,520,,50.121,3.234,Plein jour,Hors agglomération,Hors intersection,Normale,Deux véhicules - frontale,,,,,,,,,,,1,1,1,1,1
200700031988,0007-06-14 22:45:00,7,6,14,22,45,590,520,RD 142-Rue Curie,50.126,3.22,Nuit avec éclairage allumé,En agglomération,Hors intersection,Pluie légère,Autre collision,,,,,,,,,,,5,2,1,2,6
200700031989,0007-06-09 23:30:00,7,6,9,23,30,590,158,,50.44,3.194,Nuit sans éclairage public,Hors agglomération,Hors intersection,Normale,Sans collision,,,,,,,,,,,3,1,1,1,7
200700031990,0007-06-25 09:30:00,7,6,25,9,30,590,449,cd 953 rue claude jean,,,Nuit avec éclairage allumé,En agglomération,Hors intersection,Normale,Autre collision,,,,,,,,,,,5,2,1,1,6
200700031991,0007-06-10 05:00:00,7,6,10,5,0,620,776,RD917,50.13,2.83,Crépuscule ou aube,En agglomération,Hors intersection,Brouillard / fumée,Autre collision,,,,,,,,,,,2,2,1,5,6
200700031992,0007-06-12 17:15:00,7,6,12,17,15,620,712,,50.237,2.707,Plein jour,Hors agglomération,Hors intersection,Normale,Trois véhicules et plus - collisions multiples,,,,,,,,,,,1,1,1,1,5
200700031993,0007-06-22 15:00:00,7,6,22,15,0,620,664,,50.19,2.598,Plein jour,Hors agglomération,Hors intersection,Pluie forte,Autre collision,,,,,,,,,,,1,1,1,3,6
200700031994,0007-06-13 09:40:00,7,6,13,9,40,620,817,"60, avenue d'immercourt",,,Plein jour,Hors agglomération,Hors intersection,Normale,Deux véhicules - frontale,,,,,,,,,,,1,1,1,1,1
200700031995,0007-06-24 18:30:00,7,6,24,18,30,620,582,,50.27,2.86,Plein jour,Hors agglomération,Intersection en X,Normale,Trois véhicules et plus - en chaîne,,,,,,,,,,,1,1,2,1,4
200700031996,0007-06-14 07:45:00,7,6,14,7,45,620,128,,50.317,2.932,Plein jour,Hors agglomération,Hors intersection,Normale,Sans collision,,,,,,,,,,,1,1,1,1,7
200700031997,0007-06-06 17:30:00,7,6,6,17,30,620,251,Rue des 3 hameaux,,,Plein jour,En agglomération,Hors intersection,Normale,Deux véhicules - côté,,,,,,,,,,,1,2,1,1,3
200700031998,0007-06-17 09:15:00,7,6,17,9,15,620,705,,50.803,1.766,Plein jour,Hors agglomération,Hors intersection,Normale,Sans collision,,,,,,,,,,,1,1,1,1,7
200700031999,0007-06-11 16:30:00,7,6,11,16,30,620,443,CD 188- rue victor hugo,,,Plein jour,En agglomération,Hors intersection,Normale,Deux véhicules - côté,,,,,,,,,,,1,2,1,1,3
200700032000,0007-06-18 12:00:00,7,6,18,12,0,620,443,,50.449,2.64,Plein jour,Hors agglomération,Hors intersection,Normale,Deux véhicules - frontale,,,,,,,,,,,1,1,1,1,1
200700032001,0007-06-14 18:30:00,7,6,14,18,30,620,870,,,,Plein jour,Hors agglomération,Hors intersection,Pluie forte,Deux véhicules - frontale,,,,,,,,,,,1,1,1,3,1
200700032002,0007-06-19 14:15:00,7,6,19,14,15,620,849,D.303 pénétrante,50.411,1.635,Plein jour,En agglomération,Hors intersection,Normale,Deux véhicules - frontale,,,,,,,,,,,1,2,1,1,1
200700032003,0007-06-18 19:00:00,7,6,18,19,0,620,261,avenue de la poste,,,Plein jour,En agglomération,Hors intersection,Normale,Deux véhicules - frontale,,,,,,,,,,,1,2,1,1,1
200700032004,0007-06-20 20:15:00,7,6,20,20,15,620,261,avenue DEGRODT,50.514,1.629,Plein jour,En agglomération,Hors intersection,Normale,Deux véhicules - arrière,,,,,,,,,,,1,2,1,1,2
200700032005,0007-06-17 00:45:00,7,6,17,0,45,620,294,,50.601,2.283,Nuit sans éclairage public,Hors agglomération,Hors intersection,Temps couvert,Autre collision,,,,,,,,,,,3,1,1,8,6
200700032006,0007-06-16 14:15:00,7,6,16,14,15,620,534,Route d' ACQUIN,50.715,2.112,Plein jour,En agglomération,Intersection en T,Pluie légère,Deux véhicules - côté,,,,,,,,,,,1,2,3,2,3
200700032007,0007-06-04 14:30:00,7,6,4,14,30,620,872,,,,Plein jour,Hors agglomération,Hors intersection,Normale,Deux véhicules - frontale,,,,,,,,,,,1,1,1,1,1
200700032008,0007-06-07 19:00:00,7,6,7,19,0,620,767,rue de Béthune,,,Plein jour,En agglomération,Hors intersection,Normale,Sans collision,,,,,,,,,,,1,2,1,1,7
200700032009,0007-06-22 09:00:00,7,6,22,9,0,620,340,,,,Plein jour,En agglomération,Hors intersection,Normale,Deux véhicules - arrière,,,,,,,,,,,1,2,1,1,2
200700032010,0007-06-24 17:15:00,7,6,24,17,15,620,269,,,,Plein jour,Hors agglomération,Hors intersection,Pluie forte,Sans collision,,,,,,,,,,,1,1,1,3,7
200700032011,0007-06-27 08:45:00,7,6,27,8,45,620,514,,,,Plein jour,Hors agglomération,Intersection en X,Normale,Deux véhicules - côté,,,,,,,,,,,1,1,2,1,3
200700032012,0007-06-13 18:00:00,7,6,13,18,0,620,361,place du marché,,,Plein jour,En agglomération,Hors intersection,Normale,Autre collision,,,,,,,,,,,1,2,1,1,6
200700032013,0007-06-25 06:45:00,7,6,25,6,45,800,338,,49.903,2.496,Plein jour,Hors agglomération,Hors intersection,Normale,Autre collision,,,,,,,,,,,1,1,1,1,6
200700032014,0007-06-18 10:30:00,7,6,18,10,30,800,225,,49.846,2.137,Plein jour,Hors agglomération,Hors intersection,Normale,Deux véhicules - côté,,,,,,,,,,,1,1,1,1,3
200700032015,0007-06-29 12:00:00,7,6,29,12,0,800,512,,,,Plein jour,Hors agglomération,Hors intersection,Pluie forte,Deux véhicules - côté,,,,,,,,,,,1,1,1,3,3
200700032016,0007-06-04 15:30:00,7,6,4,15,30,800,373,D48,,,Plein jour,En agglomération,Hors intersection,Normale,Sans collision,,,,,,,,,,,1,2,1,1,7
200700032017,0007-06-18 22:00:00,7,6,18,22,0,800,182,,,,Nuit sans éclairage public,Hors agglomération,Hors intersection,Normale,Deux véhicules - côté,,,,,,,,,,,3,1,1,1,3
200700032018,0007-06-23 18:30:00,7,6,23,18,30,800,182,RUE DU MARECHAL FOCH,50.177,1.497,Plein jour,En agglomération,Intersection en Y,Normale,Deux véhicules - frontale,,,,,,,,,,,1,2,4,1,1
200700032019,0007-06-05 11:30:00,7,6,5,11,30,800,71,36 rue Charles CAGNY,50.115,2.336,Plein jour,En agglomération,Hors intersection,Normale,Deux véhicules - côté,,,,,,,,,,,1,2,1,1,3
200700032020,0007-06-12 12:45:00,7,6,12,12,45,800,425,,50.047,2.571,Plein jour,Hors agglomération,Hors intersection,Normale,Deux véhicules - côté,,,,,,,,,,,1,1,1,1,3
200700032021,0007-06-05 18:15:00,7,6,5,18,15,800,100,33 rue principale,50.03,2.11,Plein jour,En agglomération,Hors intersection,Normale,Deux véhicules - côté,,,,,,,,,,,1,2,1,1,3
200700032022,0007-06-09 02:45:00,7,6,9,2,45,800,166,206 RUE DE LA VICOGNE,50.064,2.218,Nuit avec éclairage allumé,En agglomération,Hors intersection,Normale,Autre collision,,,,,,,,,,,5,2,1,1,6
200700032023,0007-06-20 18:15:00,7,6,20,18,15,800,421,,,,Plein jour,Hors agglomération,Hors intersection,Normale,Deux véhicules - côté,,,,,,,,,,,1,1,1,1,3
200700032024,0007-06-05 17:00:00,7,6,5,17,0,800,681,,49.769,2.41,Plein jour,Hors agglomération,Hors intersection,Normale,Deux véhicules - côté,,,,,,,,,,,1,1,1,1,3
200700032025,0007-06-11 18:30:00,7,6,11,18,30,800,94,,49.821,2.461,Plein jour,Hors agglomération,Hors intersection,Normale,Autre collision,,,,,,,,,,,1,1,1,1,6
200700032026,0007-06-25 11:30:00,7,6,25,11,30,800,214,24 rue du gageolet,,,Plein jour,En agglomération,Hors intersection,Normale,Deux véhicules - arrière,,,,,,,,,,,1,2,1,1,2
200700032027,0007-06-01 18:30:00,7,6,1,18,30,800,695,,50.03,2.91,Plein jour,Hors agglomération,Hors intersection,Pluie légère,Trois véhicules et plus - collisions multiples,,,,,,,,,,,1,1,1,2,5
200700032028,0007-06-01 17:00:00,7,6,1,17,0,800,620,Faubourg de PARIS,49.93,2.93,Plein jour,En agglomération,Hors intersection,Normale,Deux véhicules - côté,,,,,,,,,,,1,2,1,1,3
200700032029,0007-06-13 04:45:00,7,6,13,4,45,800,16,,,,Nuit sans éclairage public,Hors agglomération,Autre intersection,Brouillard / fumée,Sans collision,,,,,,,,,,,3,1,9,5,7
200700032030,0007-06-01 20:45:00,7,6,1,20,45,800,184,,,,Plein jour,Hors agglomération,Hors intersection,Normale,Deux véhicules - frontale,,,,,,,,,,,1,1,1,1,1
200700032031,0007-06-08 07:45:00,7,6,8,7,45,800,680,,,,Plein jour,En agglomération,Hors intersection,Normale,Autre collision,,,,,,,,,,,1,2,1,1,6
200700032032,0007-06-28 10:30:00,7,6,28,10,30,800,585,,,,Plein jour,Hors agglomération,Intersection en X,Normale,Deux véhicules - côté,,,,,,,,,,,1,1,2,1,3
200700032033,0007-06-07 20:45:00,7,6,7,20,45,20,737,32 rue de malaise,49.735,3.912,Plein jour,En agglomération,Hors intersection,Normale,Autre collision,,,,,,,,,,,1,2,1,1,6
200700032034,0007-06-08 08:40:00,7,6,8,8,40,20,128,,,,Plein jour,Hors agglomération,Hors intersection,Autre,Autre collision,,,,,,,,,,,1,1,1,9,6
200700032035,0007-06-10 18:15:00,7,6,10,18,15,20,468,rue du general leclerc,49.746,3.77,Plein jour,En agglomération,Hors intersection,Normale,Deux véhicules - côté,,,,,,,,,,,1,2,1,1,3
200700032036,0007-06-19 19:45:00,7,6,19,19,45,20,46,,49.625,3.623,Plein jour,Hors agglomération,Hors intersection,Temps couvert,Deux véhicules - côté,,,,,,,,,,,1,1,1,8,3
200700032037,0007-06-02 15:00:00,7,6,2,15,0,20,566,34 rue Jean VAUR,,,Plein jour,En agglomération,Hors intersection,Normale,Autre collision,,,,,,,,,,,1,2,1,1,6
200700032038,0007-06-27 13:15:00,7,6,27,13,15,20,719,Rue Arthur Lacroix,,,Plein jour,En agglomération,Hors intersection,Normale,Deux véhicules - frontale,,,,,,,,,,,1,2,1,1,1
200700032039,0007-06-14 10:00:00,7,6,14,10,0,20,333,,,,Plein jour,Hors agglomération,Hors intersection,Normale,Sans collision,,,,,,,,,,,1,1,1,1,7
200700032040,0007-06-18 13:30:00,7,6,18,13,30,20,215,01 RUE DE LAON,49.467,3.823,Plein jour,En agglomération,Hors intersection,Normale,Autre collision,,,,,,,,,,,1,2,1,1,6
200700032041,0007-06-01 22:15:00,7,6,1,22,15,20,524,18 rue de Chateau Thierr,,,Nuit avec éclairage allumé,En agglomération,Hors intersection,Normale,Autre collision,,,,,,,,,,,5,2,1,1,6
200700032042,0007-06-05 20:45:00,7,6,5,20,45,20,798,,48.909,3.396,Plein jour,Hors agglomération,Hors intersection,Normale,Deux véhicules - frontale,,,,,,,,,,,1,1,1,1,1
200700032043,0007-06-30 10:30:00,7,6,30,10,30,20,794,,49.174,3.692,Plein jour,Hors agglomération,Hors intersection,Normale,Deux véhicules - frontale,,,,,,,,,,,1,1,1,1,1
200700032044,0007-06-03 21:15:00,7,6,3,21,15,20,257,rue d'Oestres,,,Crépuscule ou aube,En agglomération,Hors intersection,Normale,Autre collision,,,,,,,,,,,2,2,1,1,6
200700032045,0007-06-04 14:30:00,7,6,4,14,30,20,785,,,,Plein jour,Hors agglomération,Hors intersection,Normale,Deux véhicules - frontale,,,,,,,,,,,1,1,1,1,1
200700032046,0007-06-05 23:00:00,7,6,5,23,0,20,504,rue valentine thery,49.737,3.248,Nuit avec éclairage allumé,En agglomération,Intersection en X,Normale,Deux véhicules - côté,,,,,,,,,,,5,2,2,1,3
200700032047,0007-06-02 11:15:00,7,6,2,11,15,20,500,,49.957,3.359,Plein jour,Hors agglomération,Hors intersection,Normale,Deux véhicules - frontale,,,,,,,,,,,1,1,1,1,1
200700032048,0007-06-01 11:30:00,7,6,1,11,30,20,503,10 rue de la LIBERATION,49.844,3.501,Plein jour,En agglomération,Hors intersection,Temps couvert,Autre collision,,,,,,,,,,,1,2,1,8,6
200700032049,0007-06-16 17:40:00,7,6,16,17,40,20,195,RUE DE LA LIBERATION,,,Plein jour,En agglomération,Hors intersection,Pluie légère,Deux véhicules - côté,,,,,,,,,,,1,2,1,2,3
200700032050,0007-06-29 22:50:00,7,6,29,22,50,20,148,,49.408,3.484,Nuit avec éclairage non allumé,En agglomération,Hors intersection,Pluie légère,Autre collision,,,,,,,,,,,4,2,1,2,6
200700032051,0007-06-07 01:00:00,7,6,7,1,0,20,441,,,,Nuit sans éclairage public,Hors agglomération,Hors intersection,Normale,Autre collision,,,,,,,,,,,3,1,1,1,6
200700032052,0007-06-07 13:00:00,7,6,7,13,0,20,672,,49.372,3.134,Plein jour,Hors agglomération,Hors intersection,Normale,Sans collision,,,,,,,,,,,1,1,1,1,7
200700032053,0007-06-09 18:20:00,7,6,9,18,20,20,666,Rue Gérard Adoph MARTIN,,,Plein jour,En agglomération,Hors intersection,Normale,Autre collision,,,,,,,,,,,1,2,1,1,6
200700032054,0007-06-16 05:30:00,7,6,16,5,30,20,502,CD 966,,,Crépuscule ou aube,En agglomération,Hors intersection,Pluie légère,Sans collision,,,,,,,,,,,2,2,1,2,7
200700032055,0007-06-12 21:45:00,7,6,12,21,45,20,295,rue du Mont d'Origny,49.908,3.917,Crépuscule ou aube,En agglomération,Hors intersection,Normale,Deux véhicules - frontale,,,,,,,,,,,2,2,1,1,1
200700032056,0007-06-09 05:00:00,7,6,9,5,0,20,757,,49.929,3.553,Nuit sans éclairage public,Hors agglomération,Hors intersection,Brouillard / fumée,Sans collision,,,,,,,,,,,3,1,1,5,7
200700032057,0007-06-18 21:30:00,7,6,18,21,30,20,769,,,,Crépuscule ou aube,Hors agglomération,Hors intersection,Pluie légère,Sans collision,,,,,,,,,,,2,1,1,2,7
200700032058,0007-06-09 20:00:00,7,6,9,20,0,20,381,rue camille grisot,,,Plein jour,En agglomération,Hors intersection,Normale,Deux véhicules - côté,,,,,,,,,,,1,2,1,1,3
200700032059,0007-06-11 02:00:00,7,6,11,2,0,20,574,RUE DE LA FONTAINE,49.902,4.021,Nuit avec éclairage allumé,En agglomération,Hors intersection,Normale,Autre collision,,,,,,,,,,,5,2,1,1,6
200700032060,0007-06-30 19:45:00,7,6,30,19,45,20,381,RUE ST MICHEL,49.923,4.083,Plein jour,En agglomération,Hors intersection,Normale,Autre collision,,,,,,,,,,,1,2,1,1,6
200700032061,0007-06-07 07:45:00,7,6,7,7,45,600,41,,,,Plein jour,Hors agglomération,Hors intersection,Normale,Deux véhicules - côté,,,,,,,,,,,1,1,1,1,3
200700032062,0007-06-15 08:00:00,7,6,15,8,0,600,30,rue de BEAUVAIS,,,Plein jour,En agglomération,Hors intersection,Normale,Deux véhicules - frontale,,,,,,,,,,,1,2,1,1,1
200700032063,0007-06-16 17:30:00,7,6,16,17,30,600,327,rue de jouy sous bois,,,Plein jour,En agglomération,Hors intersection,Pluie légère,Autre collision,,,,,,,,,,,1,2,1,2,6
200700032064,0007-06-29 17:30:00,7,6,29,17,30,600,220,,,,Plein jour,Hors agglomération,Hors intersection,Normale,Deux véhicules - frontale,,,,,,,,,,,1,1,1,1,1
200700032065,0007-06-04 17:00:00,7,6,4,17,0,600,195,,,,Nuit sans éclairage public,Hors agglomération,Hors intersection,Normale,Deux véhicules - frontale,,,,,,,,,,,3,1,1,1,1
200700032066,0007-06-01 16:45:00,7,6,1,16,45,600,256,,,,Plein jour,Hors agglomération,Hors intersection,Pluie légère,Deux véhicules - frontale,,,,,,,,,,,1,1,1,2,1
200700032067,0007-06-11 02:30:00,7,6,11,2,30,600,239,,,,Nuit sans éclairage public,Hors agglomération,Hors intersection,Normale,Autre collision,,,,,,,,,,,3,1,1,1,6
200700032068,0007-06-12 17:00:00,7,6,12,17,0,600,89,,,,Plein jour,Hors agglomération,Hors intersection,Normale,Deux véhicules - arrière,,,,,,,,,,,1,1,1,1,2
200700032069,0007-06-22 03:30:00,7,6,22,3,30,600,256,,,,Nuit avec éclairage allumé,Hors agglomération,Hors intersection,Normale,Autre collision,,,,,,,,,,,5,1,1,1,6
200700032070,0007-06-26 11:45:00,7,6,26,11,45,600,228,,,,Plein jour,Hors agglomération,Hors intersection,Normale,Autre collision,,,,,,,,,,,1,1,1,1,6
200700032071,0007-06-25 19:00:00,7,6,25,19,0,600,659,,,,Plein jour,Hors agglomération,Hors intersection,Temps couvert,Deux véhicules - frontale,,,,,,,,,,,1,1,1,8,1
200700032072,0007-06-02 17:30:00,7,6,2,17,30,600,233,rue saint fuscien,,,Plein jour,En agglomération,Hors intersection,Normale,Autre collision,,,,,,,,,,,1,2,1,1,6
200700032073,0007-06-01 17:15:00,7,6,1,17,15,600,288,,,,Plein jour,Hors agglomération,Hors intersection,Normale,Sans collision,,,,,,,,,,,1,1,1,1,7
200700032074,0007-06-01 12:15:00,7,6,1,12,15,600,395,avenue Victor Hugo,,,Plein jour,En agglomération,Hors intersection,Normale,Autre collision,,,,,,,,,,,1,2,1,1,6
200700032075,0007-06-16 12:45:00,7,6,16,12,45,600,395,Avenue Arthur Rimbaud,,,Plein jour,En agglomération,Intersection en X,Normale,Deux véhicules - côté,,,,,,,,,,,1,2,2,1,3
200700032076,0007-06-19 09:00:00,7,6,19,9,0,600,395,rue MAURICE CESAR,,,Plein jour,En agglomération,Hors intersection,Temps couvert,Autre collision,,,,,,,,,,,1,2,1,8,6
200700032077,0007-06-30 10:15:00,7,6,30,10,15,600,218,,,,Plein jour,Hors agglomération,Hors intersection,Temps couvert,Deux véhicules - frontale,,,,,,,,,,,1,1,1,8,1
200700032078,0007-06-04 15:30:00,7,6,4,15,30,600,518,,,,Plein jour,Hors agglomération,Hors intersection,Normale,Deux véhicules - côté,,,,,,,,,,,1,1,1,1,3
200700032079,0007-06-16 09:30:00,7,6,16,9,30,600,104,,,,Plein jour,Hors agglomération,Hors intersection,Normale,Autre collision,,,,,,,,,,,1,1,1,1,6
200700032080,0007-06-16 06:00:00,7,6,16,6,0,600,26,,,,Crépuscule ou aube,Hors agglomération,Hors intersection,Normale,Sans collision,,,,,,,,,,,2,1,1,1,7
200700032081,0007-06-17 17:30:00,7,6,17,17,30,600,152,,,,Plein jour,Hors agglomération,Hors intersection,Pluie légère,Deux véhicules - frontale,,,,,,,,,,,1,1,1,2,1
200700032082,0007-06-17 20:00:00,7,6,17,20,0,600,581,Rue de Montdidier,,,Plein jour,En agglomération,Hors intersection,Pluie légère,Deux véhicules - frontale,,,,,,,,,,,1,2,1,2,1
200700032083,0007-06-24 10:30:00,7,6,24,10,30,600,572,,49.361,3.03,Plein jour,Hors agglomération,Hors intersection,Normale,Sans collision,,,,,,,,,,,1,1,1,1,7
200700032084,0007-06-14 04:15:00,7,6,14,4,15,600,147,,49.512,2.835,Nuit sans éclairage public,Hors agglomération,Hors intersection,Normale,Autre collision,,,,,,,,,,,3,1,1,1,6
200700032085,0007-06-14 05:15:00,7,6,14,5,15,600,273,,49.478,2.836,Crépuscule ou aube,Hors agglomération,Hors intersection,Temps couvert,Autre collision,,,,,,,,,,,2,1,1,8,6
200700032086,0007-06-26 20:15:00,7,6,26,20,15,600,151,,49.434,2.86,Plein jour,Hors agglomération,Hors intersection,Pluie légère,Autre collision,,,,,,,,,,,1,1,1,2,6
200700032087,0007-06-15 10:30:00,7,6,15,10,30,600,369,,,,Plein jour,Hors agglomération,Hors intersection,Normale,Deux véhicules - frontale,,,,,,,,,,,1,1,1,1,1
200700032088,0007-06-08 13:00:00,7,6,8,13,0,600,281,,,,Plein jour,Hors agglomération,Intersection en X,Normale,Deux véhicules - côté,,,,,,,,,,,1,1,2,1,3
200700032089,0007-06-08 17:00:00,7,6,8,17,0,600,434,,,,Plein jour,Hors agglomération,Hors intersection,Normale,Autre collision,,,,,,,,,,,1,1,1,1,6
200700032090,0007-06-09 15:45:00,7,6,9,15,45,600,533,,,,Plein jour,En agglomération,Hors intersection,Normale,Autre collision,,,,,,,,,,,1,2,1,1,6
200700032091,0007-06-13 19:00:00,7,6,13,19,0,600,441,,,,Plein jour,Hors agglomération,Hors intersection,Normale,Deux véhicules - frontale,,,,,,,,,,,1,1,1,1,1
200700032092,0007-06-16 11:45:00,7,6,16,11,45,600,223,Rue de la plaine,,,Plein jour,En agglomération,Hors intersection,Normale,Deux véhicules - côté,,,,,,,,,,,1,2,1,1,3
200700032093,0007-06-22 11:15:00,7,6,22,11,15,600,610,,,,Plein jour,Hors agglomération,Hors intersection,Pluie légère,Autre collision,,,,,,,,,,,1,1,1,2,6
200700032094,0007-06-28 23:45:00,7,6,28,23,45,600,431,,,,Nuit sans éclairage public,Hors agglomération,Intersection en T,Normale,Deux véhicules - côté,,,,,,,,,,,3,1,3,1,3
200700032095,0007-06-04 14:15:00,7,6,4,14,15,570,203,rue principale,,,Plein jour,En agglomération,Hors intersection,Normale,Deux véhicules - côté,,,,,,,,,,,1,2,1,1,3
200700032096,0007-06-21 17:45:00,7,6,21,17,45,570,109,,49.453,6.257,Plein jour,Hors agglomération,Hors intersection,Normale,Deux véhicules - frontale,,,,,,,,,,,1,1,1,1,1
200700032097,0007-06-28 23:15:00,7,6,28,23,15,570,109,4 route de Thionville,,,Nuit sans éclairage public,En agglomération,Hors intersection,Normale,Deux véhicules - côté,,,,,,,,,,,3,2,1,1,3
200700032098,0007-06-07 07:45:00,7,6,7,7,45,600,69,,,,Plein jour,Hors agglomération,Hors intersection,Normale,Autre collision,,,,,,,,,,,1,1,1,1,6
200700032099,0007-06-21 17:45:00,7,6,21,17,45,600,92,,49.144,2.996,Plein jour,Hors agglomération,Hors intersection,Normale,Sans collision,,,,,,,,,,,1,1,1,1,7
200700032100,0007-06-24 11:30:00,7,6,24,11,30,600,651,grande rue,,,Plein jour,En agglomération,Hors intersection,Normale,Sans collision,,,,,,,,,,,1,2,1,1,7
200700032101,0007-06-09 20:00:00,7,6,9,20,0,600,282,,49.193,2.425,Plein jour,Hors agglomération,Hors intersection,Normale,Autre collision,,,,,,,,,,,1,1,1,1,6
200700032102,0007-06-09 18:45:00,7,6,9,18,45,600,141,"62, av Maréchal Joffre",49.197,2.461,Plein jour,En agglomération,Autre intersection,Normale,Deux véhicules - frontale,,,,,,,,,,,1,2,9,1,1
200700032103,0007-06-30 11:45:00,7,6,30,11,45,600,141,avenue maréchal joffre,,,Plein jour,En agglomération,Hors intersection,Pluie légère,Deux véhicules - côté,,,,,,,,,,,1,2,1,2,3
200700032104,0007-06-06 14:30:00,7,6,6,14,30,600,238,,49.262,2.568,Plein jour,Hors agglomération,Intersection en Y,Normale,Deux véhicules - frontale,,,,,,,,,,,1,1,4,1,1
200700032105,0007-06-18 17:45:00,7,6,18,17,45,600,589,rue des girondins,49.244,2.469,Plein jour,En agglomération,Hors intersection,Pluie légère,Deux véhicules - côté,,,,,,,,,,,1,2,1,2,3
200700032106,0007-06-10 16:30:00,7,6,10,16,30,600,87,,,,Plein jour,Hors agglomération,Hors intersection,Normale,Autre collision,,,,,,,,,,,1,1,1,1,6
200700032107,0007-06-18 04:45:00,7,6,18,4,45,600,489,,,,Crépuscule ou aube,Hors agglomération,Hors intersection,Autre,Autre collision,,,,,,,,,,,2,1,1,9,6
200700032108,0007-06-03 17:30:00,7,6,3,17,30,760,594,,,,Plein jour,Hors agglomération,Intersection en X,Normale,Trois véhicules et plus - collisions multiples,,,,,,,,,,,1,1,2,1,5
200700032109,0007-06-14 18:30:00,7,6,14,18,30,760,30,RD 100 ET RD 470,49.849,1.12,Plein jour,En agglomération,Intersection en X,Pluie forte,Deux véhicules - côté,,,,,,,,,,,1,2,2,3,3
200700032110,0007-06-15 08:30:00,7,6,15,8,30,760,308,,,,Plein jour,Hors agglomération,Hors intersection,Normale,Deux véhicules - frontale,,,,,,,,,,,1,1,1,1,1
200700032111,0007-06-30 17:30:00,7,6,30,17,30,760,184,,,,Plein jour,Hors agglomération,Hors intersection,Pluie légère,Deux véhicules - frontale,,,,,,,,,,,1,1,1,2,1
200700032112,0007-06-16 11:50:00,7,6,16,11,50,760,636,CD 143 - PR 6+800,,,Plein jour,Hors agglomération,Hors intersection,Pluie légère,Deux véhicules - frontale,,,,,,,,,,,1,1,1,2,1
200700032113,0007-06-17 12:30:00,7,6,17,12,30,760,659,,,,Plein jour,Hors agglomération,Hors intersection,Normale,Deux véhicules - frontale,,,,,,,,,,,1,1,1,1,1
200700032114,0007-06-25 16:30:00,7,6,25,16,30,760,726,333 route d'yport,,,Plein jour,En agglomération,Hors intersection,Pluie forte,Deux véhicules - frontale,,,,,,,,,,,1,2,1,3,1