accident_id,datetime,annee,mois,jour,heure,minute,departement,commune_insee,adresse,latitude,longitude,luminosite,agglomeration,intersection,meteo,collision,nb_vehicules,nb_usagers,nb_indemnes,nb_tues,nb_blesses_hosp,nb_blesses_legers,age_cond_1,age_cond_2,veh_type_cond_1,veh_type_cond_2,lum_code,agg_code,int_code,atm_code,col_code
200700032394,0007-06-22 20:00:00,7,6,22,20,0,850,68,,,,Plein jour,Hors agglomération,Hors intersection,Normale,Deux véhicules - côté,,,,,,,,,,,1,1,1,1,3
200700032395,0007-06-15 17:00:00,7,6,15,17,0,850,109,,46.881,-1.055,Plein jour,Hors agglomération,Hors intersection,Normale,Autre collision,,,,,,,,,,,1,1,1,1,6
200700032396,0007-06-15 23:15:00,7,6,15,23,15,850,262,,47.024,-1.488,Nuit sans éclairage public,Hors agglomération,Hors intersection,Pluie légère,Autre collision,,,,,,,,,,,3,1,1,2,6
200700032397,0007-06-01 15:45:00,7,6,1,15,45,850,3,,46.772,-1.659,Plein jour,Hors agglomération,Hors intersection,Normale,Deux véhicules - frontale,,,,,,,,,,,1,1,1,1,1
200700032398,0007-06-04 17:15:00,7,6,4,17,15,850,3,CD 978,46.749,-1.612,Plein jour,En agglomération,Hors intersection,Normale,Deux véhicules - frontale,,,,,,,,,,,1,2,1,1,1
200700032399,0007-06-26 09:00:00,7,6,26,9,0,850,3,rue marechal leclerc,46.744,-1.606,Plein jour,En agglomération,Hors intersection,Normale,Deux véhicules - côté,,,,,,,,,,,1,2,1,1,3
200700032400,0007-06-29 13:00:00,7,6,29,13,0,850,91,,,,Plein jour,Hors agglomération,Hors intersection,Normale,Deux véhicules - côté,,,,,,,,,,,1,1,1,1,3
200700032401,0007-06-05 10:30:00,7,6,5,10,30,850,128,Rue du port,46.46,-1.16,Plein jour,En agglomération,Place,Normale,Deux véhicules - côté,,,,,,,,,,,1,2,7,1,3
200700032402,0007-06-08 12:15:00,7,6,8,12,15,850,149,,46.41,-1.07,Plein jour,Hors agglomération,Hors intersection,Normale,Deux véhicules - frontale,,,,,,,,,,,1,1,1,1,1
200700032403,0007-06-15 14:30:00,7,6,15,14,30,850,128,,46.43,-1.16,Plein jour,Hors agglomération,Hors intersection,Vent fort / tempête,Deux véhicules - frontale,,,,,,,,,,,1,1,1,6,1
200700032404,0007-06-21 17:30:00,7,6,21,17,30,850,223,250 route de nantes,46.559,-1.061,Plein jour,En agglomération,Hors intersection,Normale,Deux véhicules - arrière,,,,,,,,,,,1,2,1,1,2
200700032405,0007-06-24 01:45:00,7,6,24,1,45,850,233,31 route nationale,46.524,-1.085,Nuit avec éclairage allumé,En agglomération,Hors intersection,Normale,Deux véhicules - frontale,,,,,,,,,,,5,2,1,1,1
200700032406,0007-06-22 23:45:00,7,6,22,23,45,850,20,Rue de la Bouterie,46.386,-0.577,Nuit sans éclairage public,En agglomération,Intersection en X,Pluie forte,Deux véhicules - côté,,,,,,,,,,,3,2,2,3,3
200700032407,0007-06-03 18:00:00,7,6,3,18,0,850,147,,46.755,-0.758,Plein jour,Hors agglomération,Hors intersection,Normale,Autre collision,,,,,,,,,,,1,1,1,1,6
200700032408,0007-06-27 19:15:00,7,6,27,19,15,850,182,,46.778,-0.833,Plein jour,Hors agglomération,Giratoire,Normale,Deux véhicules - arrière,,,,,,,,,,,1,1,6,1,2
200700032409,0007-06-06 12:30:00,7,6,6,12,30,850,47,Rond point Carnot,46.854,-1.887,Plein jour,En agglomération,Giratoire,Normale,Deux véhicules - côté,,,,,,,,,,,1,2,6,1,3
200700032410,0007-06-22 19:30:00,7,6,22,19,30,850,204,,,,Plein jour,Hors agglomération,Hors intersection,Pluie forte,Deux véhicules - côté,,,,,,,,,,,1,1,1,3,3
200700032411,0007-06-30 00:30:00,7,6,30,0,30,850,113,Rue georges clemenceau,46.717,-2.355,Nuit avec éclairage allumé,En agglomération,Hors intersection,Normale,Deux véhicules - côté,,,,,,,,,,,5,2,1,1,3
200700032412,0007-06-14 14:30:00,7,6,14,14,30,850,11,,,,Plein jour,Hors agglomération,Hors intersection,Normale,Autre collision,,,,,,,,,,,1,1,1,1,6
200700032413,0007-06-13 16:00:00,7,6,13,16,0,850,172,,,,Plein jour,Hors agglomération,Intersection en X,Normale,Trois véhicules et plus - en chaîne,,,,,,,,,,,1,1,2,1,4
200700032414,0007-06-07 09:30:00,7,6,7,9,30,850,127,,46.443,-1.511,Plein jour,Hors agglomération,Hors intersection,Normale,Deux véhicules - frontale,,,,,,,,,,,1,1,1,1,1
200700032415,0007-06-15 14:15:00,7,6,15,14,15,850,114,rue du Maréchal LECLERC,,,Plein jour,En agglomération,Hors intersection,Normale,Deux véhicules - côté,,,,,,,,,,,1,2,1,1,3
200700032416,0007-06-16 15:00:00,7,6,16,15,0,850,288,RUE DU HASARD,46.472,-1.605,Plein jour,En agglomération,Hors intersection,Normale,Deux véhicules - frontale,,,,,,,,,,,1,2,1,1,1
200700032417,0007-06-22 14:30:00,7,6,22,14,30,850,277,,,,Plein jour,Hors agglomération,Hors intersection,Pluie légère,Autre collision,,,,,,,,,,,1,1,1,2,6
200700032418,0007-06-15 06:45:00,7,6,15,6,45,330,284,,,,Crépuscule ou aube,Hors agglomération,Hors intersection,Normale,Deux véhicules - côté,,,,,,,,,,,2,1,1,1,3
200700032419,0007-06-17 00:30:00,7,6,17,0,30,330,56,piste cyclable fontgrave,44.923,-0.631,Nuit avec éclairage allumé,En agglomération,Hors intersection,Normale,Deux véhicules - frontale,,,,,,,,,,,5,2,1,1,1
200700032420,0007-06-20 16:45:00,7,6,20,16,45,330,519,,,,Plein jour,Hors agglomération,Hors intersection,Normale,Deux véhicules - côté,,,,,,,,,,,1,1,1,1,3
200700032421,0007-06-21 21:00:00,7,6,21,21,0,330,162,avenue du 19 mars 1962,,,Plein jour,En agglomération,Hors intersection,Normale,Deux véhicules - frontale,,,,,,,,,,,1,2,1,1,1
200700032422,0007-06-28 11:00:00,7,6,28,11,0,330,162,RUE DE LANGLET,,,Plein jour,En agglomération,Hors intersection,Normale,Deux véhicules - frontale,,,,,,,,,,,1,2,1,1,1
200700032423,0007-06-06 15:00:00,7,6,6,15,0,330,11,Avenue de la Libération,,,Plein jour,En agglomération,Hors intersection,Normale,Deux véhicules - frontale,,,,,,,,,,,1,2,1,1,1
200700032424,0007-06-09 11:00:00,7,6,9,11,0,330,236,AVENUE DE LA MAIRIE,,,Plein jour,En agglomération,Hors intersection,Normale,Deux véhicules - frontale,,,,,,,,,,,1,2,1,1,1
200700032425,0007-06-18 14:15:00,7,6,18,14,15,330,449,CD6 AVE MONTESQUIEU,,,Plein jour,En agglomération,Hors intersection,Normale,Deux véhicules - côté,,,,,,,,,,,1,2,1,1,3
200700032426,0007-06-03 15:45:00,7,6,3,15,45,330,67,Allée François Dalleau,45.045,-0.558,Plein jour,En agglomération,Hors intersection,Normale,Autre collision,,,,,,,,,,,1,2,1,1,6
200700032427,0007-06-18 22:30:00,7,6,18,22,30,330,382,,,,Nuit avec éclairage allumé,En agglomération,Hors intersection,Temps couvert,Deux véhicules - arrière,,,,,,,,,,,5,2,1,8,2
200700032428,0007-06-11 09:15:00,7,6,11,9,15,330,3,19 rue de Lestonnat,44.955,-0.503,Plein jour,En agglomération,Hors intersection,Normale,Deux véhicules - arrière,,,,,,,,,,,1,2,1,1,2
200700032429,0007-06-11 20:15:00,7,6,11,20,15,330,434,,44.947,-0.529,Plein jour,En agglomération,Hors intersection,Normale,Autre collision,,,,,,,,,,,1,2,1,1,6
200700032430,0007-06-23 14:30:00,7,6,23,14,30,330,433,11 Rue du Suisse,44.905,-0.437,Plein jour,En agglomération,Hors intersection,Normale,Deux véhicules - frontale,,,,,,,,,,,1,2,1,1,1
200700032431,0007-06-29 16:45:00,7,6,29,16,45,330,4,avenue du gal de Gaulle,45.014,-0.524,Plein jour,En agglomération,Hors intersection,Normale,Sans collision,,,,,,,,,,,1,2,1,1,7
200700032432,0007-06-22 13:30:00,7,6,22,13,30,330,435,,44.564,-0.247,Plein jour,Hors agglomération,Hors intersection,Normale,Deux véhicules - arrière,,,,,,,,,,,1,1,1,1,2
200700032433,0007-06-29 14:30:00,7,6,29,14,30,330,454,6 route de Castres,44.654,-0.503,Plein jour,En agglomération,Hors intersection,Normale,Autre collision,,,,,,,,,,,1,2,1,1,6
200700032434,0007-06-01 08:45:00,7,6,1,8,45,330,252,CD671,44.809,-0.393,Plein jour,En agglomération,Hors intersection,Pluie légère,Deux véhicules - côté,,,,,,,,,,,1,2,1,2,3
200700032435,0007-06-27 17:30:00,7,6,27,17,30,330,84,,,,Plein jour,Hors agglomération,Hors intersection,Normale,Sans collision,,,,,,,,,,,1,1,1,1,7
200700032436,0007-06-21 16:30:00,7,6,21,16,30,330,496,,44.825,-0.393,Plein jour,Hors agglomération,Hors intersection,Normale,Deux véhicules - frontale,,,,,,,,,,,1,1,1,1,1
200700032437,0007-06-26 17:50:00,7,6,26,17,50,330,552,"lley, voie communale N°1",,,Plein jour,En agglomération,Hors intersection,Temps couvert,Deux véhicules - frontale,,,,,,,,,,,1,2,1,8,1
200700032438,0007-06-29 20:15:00,7,6,29,20,15,330,30,,44.6,-0.3,Plein jour,Hors agglomération,Hors intersection,Normale,Deux véhicules - côté,,,,,,,,,,,1,1,1,1,3
200700032439,0007-06-30 07:45:00,7,6,30,7,45,330,197,,,,Plein jour,Hors agglomération,Hors intersection,Normale,Autre collision,,,,,,,,,,,1,1,1,1,6
200700032440,0007-06-22 14:45:00,7,6,22,14,45,330,366,,45.01,-0.396,Plein jour,Hors agglomération,Hors intersection,Normale,Trois véhicules et plus - collisions multiples,,,,,,,,,,,1,1,1,1,5
200700032441,0007-06-25 14:15:00,7,6,25,14,15,330,425,,45.04,-0.475,Plein jour,Hors agglomération,Hors intersection,Normale,Deux véhicules - frontale,,,,,,,,,,,1,1,1,1,1
200700032442,0007-06-29 14:30:00,7,6,29,14,30,330,18,,45.016,-0.398,Plein jour,Hors agglomération,Hors intersection,Normale,Deux véhicules - frontale,,,,,,,,,,,1,1,1,1,1
200700032443,0007-06-25 17:50:00,7,6,25,17,50,330,227,rue des Salières,,,Plein jour,En agglomération,Autre intersection,Normale,Deux véhicules - côté,,,,,,,,,,,1,2,9,1,3
200700032444,0007-06-28 19:30:00,7,6,28,19,30,330,227,57 COURS DES FOSSES,44.559,-0.246,Plein jour,En agglomération,Hors intersection,Normale,Deux véhicules - arrière,,,,,,,,,,,1,2,1,1,2
200700032445,0007-06-01 12:00:00,7,6,1,12,0,330,48,,44.483,-0.128,Plein jour,Hors agglomération,Hors intersection,Pluie légère,Autre collision,,,,,,,,,,,1,1,1,2,6
200700032446,0007-06-10 18:45:00,7,6,10,18,45,330,139,,44.658,0.027,Plein jour,Hors agglomération,Hors intersection,Normale,Deux véhicules - frontale,,,,,,,,,,,1,1,1,1,1
200700032447,0007-06-22 20:30:00,7,6,22,20,30,330,136,,44.646,0.122,Plein jour,Hors agglomération,Hors intersection,Normale,Deux véhicules - frontale,,,,,,,,,,,1,1,1,1,1
200700032448,0007-06-24 04:00:00,7,6,24,4,0,330,481,,44.639,0.032,Nuit sans éclairage public,Hors agglomération,Hors intersection,Normale,Autre collision,,,,,,,,,,,3,1,1,1,6
200700032449,0007-06-15 08:00:00,7,6,15,8,0,330,399,,44.664,-0.1,Plein jour,Hors agglomération,Intersection en T,Normale,Deux véhicules - côté,,,,,,,,,,,1,1,3,1,3
200700032450,0007-06-23 21:00:00,7,6,23,21,0,330,523,le bourg,,,Nuit avec éclairage allumé,En agglomération,Hors intersection,Normale,Autre collision,,,,,,,,,,,5,2,1,1,6
200700032451,0007-06-24 02:30:00,7,6,24,2,30,330,163,,,,Nuit sans éclairage public,Hors agglomération,Hors intersection,Normale,Deux véhicules - côté,,,,,,,,,,,3,1,1,1,3
200700032452,0007-06-07 21:15:00,7,6,7,21,15,330,300,,45.271,-1.123,Plein jour,Hors agglomération,Hors intersection,Normale,Autre collision,,,,,,,,,,,1,1,1,1,6
200700032453,0007-06-23 19:15:00,7,6,23,19,15,330,256,AVENUE DU GAL DE GAULLE,44.98,-0.6,Plein jour,En agglomération,Hors intersection,Normale,Sans collision,,,,,,,,,,,1,2,1,1,7
200700032454,0007-06-09 11:45:00,7,6,9,11,45,330,514,32 ROUTEDE GRAYAN,,,Nuit avec éclairage allumé,En agglomération,Hors intersection,Normale,Autre collision,,,,,,,,,,,5,2,1,1,6
200700032455,0007-06-29 07:45:00,7,6,29,7,45,330,521,Route du bourg PR13200,,,Plein jour,En agglomération,Hors intersection,Normale,Autre collision,,,,,,,,,,,1,2,1,1,6
200700032456,0007-06-21 18:00:00,7,6,21,18,0,330,138,rue Pierre Brossolette,45.043,-0.13,Plein jour,En agglomération,Hors intersection,Normale,Deux véhicules - frontale,,,,,,,,,,,1,2,1,1,1
200700032457,0007-06-05 11:30:00,7,6,5,11,30,330,402,AVENUE DE VERDUN,,,Plein jour,En agglomération,Hors intersection,Normale,Autre collision,,,,,,,,,,,1,2,1,1,6
200700032458,0007-06-01 21:15:00,7,6,1,21,15,330,324,AV GEORGES CLEMENCEAU,,,Crépuscule ou aube,En agglomération,Hors intersection,Normale,Autre collision,,,,,,,,,,,2,2,1,1,6
200700032459,0007-06-30 15:30:00,7,6,30,15,30,330,468,,,,Plein jour,Hors agglomération,Intersection en X,Normale,Deux véhicules - côté,,,,,,,,,,,1,1,2,1,3
200700032460,0007-06-05 23:15:00,7,6,5,23,15,330,478,4 rue Edmond Rostand,,,Nuit avec éclairage allumé,En agglomération,Hors intersection,Normale,Sans collision,,,,,,,,,,,5,2,1,1,7
200700032461,0007-06-22 08:30:00,7,6,22,8,30,330,290,,44.95,-0.13,Plein jour,Hors agglomération,Hors intersection,Temps couvert,Deux véhicules - côté,,,,,,,,,,,1,1,1,8,3
200700032462,0007-06-28 18:45:00,7,6,28,18,45,330,447,pass à niveau gare sncf,,,Plein jour,En agglomération,Passage à niveau,Normale,Autre collision,,,,,,,,,,,1,2,8,1,6
200700032463,0007-06-30 09:00:00,7,6,30,9,0,330,386,,,,Plein jour,Hors agglomération,Intersection en T,Normale,Deux véhicules - frontale,,,,,,,,,,,1,1,3,1,1
200700032464,0007-06-06 07:30:00,7,6,6,7,30,330,179,,44.99,-0.279,Crépuscule ou aube,Hors agglomération,Hors intersection,Brouillard / fumée,Deux véhicules - côté,,,,,,,,,,,2,1,1,5,3
200700032465,0007-06-06 07:45:00,7,6,6,7,45,240,13,,,,Plein jour,En agglomération,Hors intersection,Normale,Deux véhicules - frontale,,,,,,,,,,,1,2,1,1,1
200700032466,0007-06-09 17:00:00,7,6,9,17,0,240,92,,45.023,0.802,Plein jour,Hors agglomération,Hors intersection,Normale,Deux véhicules - frontale,,,,,,,,,,,1,1,1,1,1
200700032467,0007-06-23 17:15:00,7,6,23,17,15,240,115,,,,Plein jour,Hors agglomération,Hors intersection,Normale,Sans collision,,,,,,,,,,,1,1,1,1,7
200700032468,0007-06-25 00:30:00,7,6,25,0,30,240,13,,,,Nuit sans éclairage public,Hors agglomération,Hors intersection,Pluie légère,Sans collision,,,,,,,,,,,3,1,1,2,7
200700032469,0007-06-01 12:00:00,7,6,1,12,0,240,137,Le bourg,45.31,0.98,Plein jour,En agglomération,Hors intersection,Pluie forte,Deux véhicules - frontale,,,,,,,,,,,1,2,1,3,1
200700032470,0007-06-10 15:15:00,7,6,10,15,15,240,448,,45.344,1.037,Plein jour,Hors agglomération,Hors intersection,Normale,Deux véhicules - frontale,,,,,,,,,,,1,1,1,1,1
200700032471,0007-06-10 05:00:00,7,6,10,5,0,240,568,LES REAUX,44.856,0.096,Nuit sans éclairage public,En agglomération,Hors intersection,Normale,Autre collision,,,,,,,,,,,3,2,1,1,6
200700032472,0007-06-29 18:45:00,7,6,29,18,45,240,218,,,,Plein jour,Hors agglomération,Hors intersection,Normale,Deux véhicules - côté,,,,,,,,,,,1,1,1,1,3
200700032473,0007-06-18 14:30:00,7,6,18,14,30,240,573,,45.363,0.371,Plein jour,Hors agglomération,Hors intersection,Normale,Deux véhicules - côté,,,,,,,,,,,1,1,1,1,3
200700032474,0007-06-17 04:00:00,7,6,17,4,0,240,449,,45.019,0.204,Nuit sans éclairage public,Hors agglomération,Hors intersection,Normale,Autre collision,,,,,,,,,,,3,1,1,1,6
200700032475,0007-06-18 15:30:00,7,6,18,15,30,240,469,,45.141,0.05,Plein jour,Hors agglomération,Hors intersection,Normale,Autre collision,,,,,,,,,,,1,1,1,1,6
200700032476,0007-06-22 09:15:00,7,6,22,9,15,240,520,2 rue St Exupéry,,,Plein jour,En agglomération,Hors intersection,Normale,Deux véhicules - frontale,,,,,,,,,,,1,2,1,1,1
200700032477,0007-06-28 21:15:00,7,6,28,21,15,240,412,LA BASCULE,,,Nuit avec éclairage allumé,En agglomération,Intersection en X,Normale,Deux véhicules - côté,,,,,,,,,,,5,2,2,1,3
200700032478,0007-06-27 19:45:00,7,6,27,19,45,240,87,,,,Plein jour,Hors agglomération,Hors intersection,Normale,Deux véhicules - côté,,,,,,,,,,,1,1,1,1,3
200700032479,0007-06-01 17:00:00,7,6,1,17,0,240,229,Avenue de Brive,45.134,1.226,Plein jour,En agglomération,Hors intersection,Normale,Autre collision,,,,,,,,,,,1,2,1,1,6
200700032480,0007-06-01 16:45:00,7,6,1,16,45,240,547,rue de la République,45.154,1.231,Plein jour,En agglomération,Hors intersection,Temps éblouissant,Autre collision,,,,,,,,,,,1,2,1,7,6
200700032481,0007-06-06 14:00:00,7,6,6,14,0,240,20,,45.133,1.153,Plein jour,Hors agglomération,Hors intersection,Normale,Deux véhicules - frontale,,,,,,,,,,,1,1,1,1,1
200700032482,0007-06-09 21:15:00,7,6,9,21,15,240,291,,45.059,1.159,Crépuscule ou aube,Hors agglomération,Hors intersection,Normale,Deux véhicules - côté,,,,,,,,,,,2,1,1,1,3
200700032483,0007-06-20 16:15:00,7,6,20,16,15,240,130,,,,Plein jour,Hors agglomération,Hors intersection,Normale,Autre collision,,,,,,,,,,,1,1,1,1,6
200700032484,0007-06-30 22:00:00,7,6,30,22,0,240,229,,,,Nuit sans éclairage public,Hors agglomération,Hors intersection,Normale,Sans collision,,,,,,,,,,,3,1,1,1,7
200700032485,0007-06-16 06:15:00,7,6,16,6,15,400,250,,43.939,-0.419,Crépuscule ou aube,Hors agglomération,Hors intersection,Normale,Deux véhicules - frontale,,,,,,,,,,,2,1,1,1,1
200700032486,0007-06-02 08:30:00,7,6,2,8,30,400,56,,44.066,-0.533,Plein jour,Hors agglomération,Hors intersection,Normale,Deux véhicules - côté,,,,,,,,,,,1,1,1,1,3
200700032487,0007-06-03 18:45:00,7,6,3,18,45,400,244,,43.703,-1.189,Plein jour,Hors agglomération,Intersection en X,Normale,Deux véhicules - côté,,,,,,,,,,,1,1,2,1,3
200700032488,0007-06-29 22:45:00,7,6,29,22,45,400,202,,43.701,-1.019,Nuit sans éclairage public,Hors agglomération,Giratoire,Normale,Sans collision,,,,,,,,,,,3,1,6,1,7
200700032489,0007-06-09 21:00:00,7,6,9,21,0,400,150,,43.868,-1.331,Crépuscule ou aube,Hors agglomération,Hors intersection,Pluie forte,Autre collision,,,,,,,,,,,2,1,1,3,6
200700032490,0007-06-09 03:30:00,7,6,9,3,30,400,236,,,,Nuit sans éclairage public,Hors agglomération,Hors intersection,Normale,Autre collision,,,,,,,,,,,3,1,1,1,6
200700032491,0007-06-08 19:00:00,7,6,8,19,0,400,201,CD.10,,,Plein jour,En agglomération,Hors intersection,Normale,Deux véhicules - côté,,,,,,,,,,,1,2,1,1,3
200700032492,0007-06-22 12:00:00,7,6,22,12,0,400,228,Rue de la halle,,,Plein jour,En agglomération,Hors intersection,Normale,Autre collision,,,,,,,,,,,1,2,1,1,6
200700032493,0007-06-04 17:15:00,7,6,4,17,15,400,77,RN 117,,,Plein jour,En agglomération,Hors intersection,Normale,Deux véhicules - arrière,,,,,,,,,,,1,2,1,1,2
200700032494,0007-06-05 09:15:00,7,6,5,9,15,400,306,,43.529,-1.071,Plein jour,Hors agglomération,Hors intersection,Normale,Autre collision,,,,,,,,,,,1,1,1,1,6
200700032495,0007-06-07 07:00:00,7,6,7,7,0,400,118,,43.58,-0.939,Plein jour,Hors agglomération,Hors intersection,Brouillard / fumée,Deux véhicules - frontale,,,,,,,,,,,1,1,1,5,1
200700032496,0007-06-14 17:00:00,7,6,14,17,0,400,59,LE BOURG,,,Plein jour,En agglomération,Hors intersection,Normale,Autre collision,,,,,,,,,,,1,2,1,1,6
200700032497,0007-06-17 20:00:00,7,6,17,20,0,400,264,,43.635,-1.282,Plein jour,Hors agglomération,Hors intersection,Normale,Sans collision,,,,,,,,,,,1,1,1,1,7
200700032498,0007-06-18 23:15:00,7,6,18,23,15,400,133,,43.636,-1.43,Nuit sans éclairage public,Hors agglomération,Hors intersection,Normale,Autre collision,,,,,,,,,,,3,1,1,1,6
200700032499,0007-06-28 18:45:00,7,6,28,18,45,400,65,,43.658,-1.409,Plein jour,En agglomération,Intersection en T,Normale,Deux véhicules - côté,,,,,,,,,,,1,2,3,1,3
200700032500,0007-06-05 10:15:00,7,6,5,10,15,400,168,,43.809,-1.243,Plein jour,Hors agglomération,Hors intersection,Normale,Deux véhicules - arrière,,,,,,,,,,,1,1,1,1,2
200700032501,0007-06-28 10:15:00,7,6,28,10,15,400,312,RN117,,,Plein jour,En agglomération,Hors intersection,Normale,Deux véhicules - côté,,,,,,,,,,,1,2,1,1,3
200700032502,0007-06-07 19:30:00,7,6,7,19,30,400,920,,,,Plein jour,Hors agglomération,Hors intersection,Normale,Sans collision,,,,,,,,,,,1,1,1,1,7
200700032503,0007-06-20 15:15:00,7,6,20,15,15,400,46,SANGUINET - BISCARROSSE,,,Plein jour,Hors agglomération,Hors intersection,Normale,Sans collision,,,,,,,,,,,1,1,1,1,7
200700032504,0007-06-24 16:30:00,7,6,24,16,30,400,287,PK8 + 700m CD652,,,Plein jour,Hors agglomération,Hors intersection,Normale,Deux véhicules - côté,,,,,,,,,,,1,1,1,1,3
200700032505,0007-06-28 08:30:00,7,6,28,8,30,400,46,avenue des Gallipes,,,Plein jour,En agglomération,Hors intersection,Normale,Deux véhicules - côté,,,,,,,,,,,1,2,1,1,3
200700032506,0007-06-29 17:30:00,7,6,29,17,30,400,287,Rue Beyriques,,,Plein jour,En agglomération,Hors intersection,Normale,Sans collision,,,,,,,,,,,1,2,1,1,7
200700032507,0007-06-13 19:45:00,7,6,13,19,45,400,295,,,,Plein jour,Hors agglomération,Hors intersection,Normale,Autre collision,,,,,,,,,,,1,1,1,1,6
200700032508,0007-06-05 17:15:00,7,6,5,17,15,400,1,,,,Plein jour,Hors agglomération,Hors intersection,Normale,Trois véhicules et plus - collisions multiples,,,,,,,,,,,1,1,1,1,5
200700032509,0007-06-01 19:45:00,7,6,1,19,45,470,246,,,,Plein jour,Hors agglomération,Hors intersection,Normale,Autre collision,,,,,,,,,,,1,1,1,1,6
200700032510,0007-06-04 08:45:00,7,6,4,8,45,470,100,,,,Plein jour,Hors agglomération,Hors intersection,Pluie forte,Trois véhicules et plus - collisions multiples,,,,,,,,,,,1,1,1,3,5
200700032511,0007-06-16 03:45:00,7,6,16,3,45,470,60,Lieu-dit Balignac,44.122,0.747,Nuit sans éclairage public,Hors agglomération,Hors intersection,Normale,Sans collision,,,,,,,,,,,3,1,1,1,7
200700032512,0007-06-25 11:00:00,7,6,25,11,0,470,326,,44.51,0.216,Plein jour,Hors agglomération,Hors intersection,Pluie légère,Autre collision,,,,,,,,,,,1,1,1,2,6
200700032513,0007-06-02 19:15:00,7,6,2,19,15,470,168,Boulevard clémenceau,,,Plein jour,En agglomération,Hors intersection,Normale,Sans collision,,,,,,,,,,,1,2,1,1,7
200700032514,0007-06-08 08:30:00,7,6,8,8,30,470,226,,44.62,0.342,Plein jour,Hors agglomération,Hors intersection,Brouillard / fumée,Deux véhicules - côté,,,,,,,,,,,1,1,1,5,3
200700032515,0007-06-11 16:15:00,7,6,11,16,15,470,264,rue du prieuré,44.608,0.369,Plein jour,En agglomération,Hors intersection,Normale,Deux véhicules - côté,,,,,,,,,,,1,2,1,1,3
200700032516,0007-06-24 18:30:00,7,6,24,18,30,470,194,Le bourg,44.639,0.298,Plein jour,En agglomération,Hors intersection,Normale,Autre collision,,,,,,,,,,,1,2,1,1,6
200700032517,0007-06-05 08:15:00,7,6,5,8,15,470,310,cours de Verdun,44.398,0.309,Plein jour,En agglomération,Hors intersection,Normale,Deux véhicules - côté,,,,,,,,,,,1,2,1,1,3
200700032518,0007-06-12 07:00:00,7,6,12,7,0,470,127,,44.365,0.448,Plein jour,Hors agglomération,Hors intersection,Normale,Deux véhicules - frontale,,,,,,,,,,,1,1,1,1,1
200700032519,0007-06-16 19:00:00,7,6,16,19,0,470,65,intersection D146E/D146,44.361,0.383,Plein jour,En agglomération,Hors intersection,Normale,Deux véhicules - côté,,,,,,,,,,,1,2,1,1,3
200700032520,0007-06-22 08:45:00,7,6,22,8,45,470,54,,,,Plein jour,Hors agglomération,Hors intersection,Pluie légère,Sans collision,,,,,,,,,,,1,1,1,2,7
200700032521,0007-06-07 10:00:00,7,6,7,10,0,470,78,,44.286,0.264,Plein jour,Hors agglomération,Hors intersection,Normale,Deux véhicules - côté,,,,,,,,,,,1,1,1,1,3
200700032522,0007-06-19 17:45:00,7,6,19,17,45,470,315,,,,Plein jour,Hors agglomération,Intersection en X,Normale,Deux véhicules - côté,,,,,,,,,,,1,1,2,1,3
200700032523,0007-06-09 02:00:00,7,6,9,2,0,470,37,,,,Nuit sans éclairage public,Hors agglomération,Hors intersection,Normale,Deux véhicules - frontale,,,,,,,,,,,3,1,1,1,1
200700032524,0007-06-05 11:00:00,7,6,5,11,0,470,312,,,,Plein jour,Hors agglomération,Hors intersection,Normale,Deux véhicules - côté,,,,,,,,,,,1,1,1,1,3
200700032525,0007-06-18 17:00:00,7,6,18,17,0,470,36,lieu-dit mortefer,,,Plein jour,Hors agglomération,Hors intersection,Normale,Trois véhicules et plus - collisions multiples,,,,,,,,,,,1,1,1,1,5
200700032526,0007-06-19 17:15:00,7,6,19,17,15,470,77,,,,Plein jour,Hors agglomération,Hors intersection,Normale,Deux véhicules - frontale,,,,,,,,,,,1,1,1,1,1
200700032527,0007-06-20 11:30:00,7,6,20,11,30,470,106,"07, avenue de l'Usine",,,Plein jour,En agglomération,Hors intersection,Normale,Deux véhicules - frontale,,,,,,,,,,,1,2,1,1,1
200700032528,0007-06-25 20:30:00,7,6,25,20,30,470,77,,,,Plein jour,Hors agglomération,Hors intersection,Normale,Deux véhicules - côté,,,,,,,,,,,1,1,1,1,3
200700032529,0007-06-30 18:45:00,7,6,30,18,45,470,64,,,,Plein jour,Hors agglomération,Autre intersection,Normale,Deux véhicules - côté,,,,,,,,,,,1,1,9,1,3
200700032530,0007-06-09 18:30:00,7,6,9,18,30,470,49,Place St Joseph,,,Plein jour,En agglomération,Giratoire,Normale,Deux véhicules - frontale,,,,,,,,,,,1,2,6,1,1
200700032531,0007-06-11 17:15:00,7,6,11,17,15,470,306,,,,Plein jour,Hors agglomération,Hors intersection,Normale,Deux véhicules - arrière,,,,,,,,,,,1,1,1,1,2
200700032532,0007-06-04 08:30:00,7,6,4,8,30,640,230,,43.17,-0.44,Plein jour,Hors agglomération,Hors intersection,Pluie légère,Trois véhicules et plus - collisions multiples,,,,,,,,,,,1,1,1,2,5