accident_id,datetime,annee,mois,jour,heure,minute,departement,commune_insee,adresse,latitude,longitude,luminosite,agglomeration,intersection,meteo,collision,nb_vehicules,nb_usagers,nb_indemnes,nb_tues,nb_blesses_hosp,nb_blesses_legers,age_cond_1,age_cond_2,veh_type_cond_1,veh_type_cond_2,lum_code,agg_code,int_code,atm_code,col_code
200700032813,0007-06-06 08:30:00,7,6,6,8,30,10,297,,,,Plein jour,Hors agglomération,Hors intersection,Normale,Deux véhicules - frontale,,,,,,,,,,,1,1,1,1,1
200700032814,0007-06-22 07:30:00,7,6,22,7,30,10,49,RD1084,,,Plein jour,En agglomération,Hors intersection,Temps éblouissant,Deux véhicules - côté,,,,,,,,,,,1,2,1,7,3
200700032815,0007-06-23 19:00:00,7,6,23,19,0,10,49,321 Route Nationale,45.848,5.033,Plein jour,En agglomération,Hors intersection,Normale,Sans collision,,,,,,,,,,,1,2,1,1,7
200700032816,0007-06-05 18:15:00,7,6,5,18,15,10,105,le village,,,Plein jour,En agglomération,Hors intersection,Normale,Autre collision,,,,,,,,,,,1,2,1,1,6
200700032817,0007-06-12 10:00:00,7,6,12,10,0,10,348,,46.208,4.816,Plein jour,Hors agglomération,Hors intersection,Normale,Deux véhicules - frontale,,,,,,,,,,,1,1,1,1,1
200700032818,0007-06-20 18:30:00,7,6,20,18,30,10,30,,,,Plein jour,Hors agglomération,Hors intersection,Normale,Deux véhicules - côté,,,,,,,,,,,1,1,1,1,3
200700032819,0007-06-19 06:30:00,7,6,19,6,30,10,169,L E BOURG,,,Plein jour,En agglomération,Intersection en T,Normale,Deux véhicules - côté,,,,,,,,,,,1,2,3,1,3
200700032820,0007-06-22 13:30:00,7,6,22,13,30,70,11,,44.736,4.35,Plein jour,Hors agglomération,Hors intersection,Normale,Autre collision,,,,,,,,,,,1,1,1,1,6
200700032821,0007-06-22 23:15:00,7,6,22,23,15,70,16,,44.683,4.358,Nuit sans éclairage public,Hors agglomération,Hors intersection,Normale,Sans collision,,,,,,,,,,,3,1,1,1,7
200700032822,0007-06-18 16:30:00,7,6,18,16,30,70,42,,,,Plein jour,Hors agglomération,Hors intersection,Normale,Deux véhicules - frontale,,,,,,,,,,,1,1,1,1,1
200700032823,0007-06-26 10:45:00,7,6,26,10,45,70,5,,44.54,4.616,Plein jour,Hors agglomération,Hors intersection,Normale,Autre collision,,,,,,,,,,,1,1,1,1,6
200700032824,0007-06-01 10:15:00,7,6,1,10,15,70,348,,,,Plein jour,Hors agglomération,Hors intersection,Normale,Deux véhicules - côté,,,,,,,,,,,1,1,1,1,3
200700032825,0007-06-07 17:00:00,7,6,7,17,0,70,247,,44.586,4.53,Plein jour,Hors agglomération,Hors intersection,Normale,Trois véhicules et plus - collisions multiples,,,,,,,,,,,1,1,1,1,5
200700032826,0007-06-17 05:30:00,7,6,17,5,30,70,349,,,,Crépuscule ou aube,Hors agglomération,Hors intersection,Normale,Autre collision,,,,,,,,,,,2,1,1,1,6
200700032827,0007-06-12 08:30:00,7,6,12,8,30,70,343,,,,Plein jour,Hors agglomération,Hors intersection,Normale,Deux véhicules - côté,,,,,,,,,,,1,1,1,1,3
200700032828,0007-06-20 15:00:00,7,6,20,15,0,70,343,,44.554,4.325,Plein jour,Hors agglomération,Hors intersection,Normale,Autre collision,,,,,,,,,,,1,1,1,1,6
200700032829,0007-06-06 06:30:00,7,6,6,6,30,70,142,,44.769,3.917,Crépuscule ou aube,Hors agglomération,Hors intersection,Pluie légère,Sans collision,,,,,,,,,,,2,1,1,2,7
200700032830,0007-06-17 17:00:00,7,6,17,17,0,70,153,,44.679,4.092,Plein jour,Hors agglomération,Hors intersection,Pluie forte,Autre collision,,,,,,,,,,,1,1,1,3,6
200700032831,0007-06-27 13:15:00,7,6,27,13,15,70,142,,44.754,3.879,Plein jour,Hors agglomération,Hors intersection,Normale,Deux véhicules - frontale,,,,,,,,,,,1,1,1,1,1
200700032832,0007-06-21 19:15:00,7,6,21,19,15,70,323,,44.903,4.844,Plein jour,Hors agglomération,Hors intersection,Normale,Deux véhicules - frontale,,,,,,,,,,,1,1,1,1,1
200700032833,0007-06-15 10:00:00,7,6,15,10,0,70,313,,,,Plein jour,Hors agglomération,Hors intersection,Pluie légère,Trois véhicules et plus - collisions multiples,,,,,,,,,,,1,1,1,2,5
200700032834,0007-06-13 13:15:00,7,6,13,13,15,70,256,,44.924,4.513,Plein jour,Hors agglomération,Intersection en Y,Normale,Deux véhicules - côté,,,,,,,,,,,1,1,4,1,3
200700032835,0007-06-22 15:30:00,7,6,22,15,30,70,276,,,,Plein jour,Hors agglomération,Hors intersection,Normale,Autre collision,,,,,,,,,,,1,1,1,1,6
200700032836,0007-06-07 11:15:00,7,6,7,11,15,260,358,,,,Plein jour,Hors agglomération,Hors intersection,Normale,Autre collision,,,,,,,,,,,1,1,1,1,6
200700032837,0007-06-12 21:30:00,7,6,12,21,30,260,64,,,,Plein jour,En agglomération,Giratoire,Normale,Deux véhicules - côté,,,,,,,,,,,1,2,6,1,3
200700032838,0007-06-26 03:45:00,7,6,26,3,45,260,206,,,,Nuit sans éclairage public,Hors agglomération,Hors intersection,Pluie légère,Autre collision,,,,,,,,,,,3,1,1,2,6
200700032839,0007-06-29 17:45:00,7,6,29,17,45,260,313,D632,,,Plein jour,En agglomération,Hors intersection,Normale,Deux véhicules - frontale,,,,,,,,,,,1,2,1,1,1
200700032840,0007-06-06 12:00:00,7,6,6,12,0,260,124,,44.87,4.862,Plein jour,Hors agglomération,Hors intersection,Normale,Trois véhicules et plus - collisions multiples,,,,,,,,,,,1,1,1,1,5
200700032841,0007-06-29 22:30:00,7,6,29,22,30,260,124,,44.821,4.886,Nuit sans éclairage public,Hors agglomération,Hors intersection,Normale,Autre collision,,,,,,,,,,,3,1,1,1,6
200700032842,0007-06-29 15:00:00,7,6,29,15,0,260,166,,44.759,4.794,Plein jour,Hors agglomération,Intersection en T,Normale,Deux véhicules - côté,,,,,,,,,,,1,1,3,1,3
200700032843,0007-06-08 19:45:00,7,6,8,19,45,260,116,,44.43,4.71,Plein jour,Hors agglomération,Hors intersection,Normale,Trois véhicules et plus - en chaîne,,,,,,,,,,,1,1,1,1,4
200700032844,0007-06-07 23:00:00,7,6,7,23,0,260,357,"CD 94, quartier",44.294,4.976,Nuit sans éclairage public,Hors agglomération,Hors intersection,Normale,Autre collision,,,,,,,,,,,3,1,1,1,6
200700032845,0007-06-29 20:15:00,7,6,29,20,15,260,360,RUE HONRIUSVALENTIN,44.426,4.814,Plein jour,En agglomération,Hors intersection,Normale,Autre collision,,,,,,,,,,,1,2,1,1,6
200700032846,0007-06-07 17:00:00,7,6,7,17,0,260,88,RUE DES MONTS DU MATIN,,,Plein jour,En agglomération,Hors intersection,Normale,Deux véhicules - frontale,,,,,,,,,,,1,2,1,1,1
200700032847,0007-06-06 11:25:00,7,6,6,11,25,260,88,CD 149,,,Plein jour,En agglomération,Hors intersection,Normale,Deux véhicules - frontale,,,,,,,,,,,1,2,1,1,1
200700032848,0007-06-17 18:30:00,7,6,17,18,30,260,320,carrefour massolières,45.06,5.251,Plein jour,En agglomération,Hors intersection,Normale,Deux véhicules - côté,,,,,,,,,,,1,2,1,1,3
200700032849,0007-06-26 09:45:00,7,6,26,9,45,260,325,CD 807,45.297,4.815,Plein jour,En agglomération,Hors intersection,Normale,Deux véhicules - arrière,,,,,,,,,,,1,2,1,1,2
200700032850,0007-06-19 20:30:00,7,6,19,20,30,380,547,,,,Plein jour,En agglomération,Hors intersection,Normale,Deux véhicules - côté,,,,,,,,,,,1,2,1,1,3
200700032851,0007-06-23 19:00:00,7,6,23,19,0,380,120,,45.239,5.894,Plein jour,Hors agglomération,Hors intersection,Normale,Deux véhicules - arrière,,,,,,,,,,,1,1,1,1,2
200700032852,0007-06-07 11:15:00,7,6,7,11,15,380,474,AVENUE DE VALENCE -RN532,,,Plein jour,En agglomération,Hors intersection,Normale,Autre collision,,,,,,,,,,,1,2,1,1,6
200700032853,0007-06-06 11:00:00,7,6,6,11,0,380,466,Rue Aimé Paquet,,,Plein jour,En agglomération,Hors intersection,Temps couvert,Deux véhicules - côté,,,,,,,,,,,1,2,1,8,3
200700032854,0007-06-23 17:45:00,7,6,23,17,45,380,511,grande rue,,,Plein jour,En agglomération,Hors intersection,Normale,Autre collision,,,,,,,,,,,1,2,1,1,6
200700032855,0007-06-30 21:15:00,7,6,30,21,15,380,181,,,,Plein jour,Hors agglomération,Hors intersection,Normale,Sans collision,,,,,,,,,,,1,1,1,1,7
200700032856,0007-06-21 21:30:00,7,6,21,21,30,380,545,,,,Crépuscule ou aube,Hors agglomération,Intersection en X,Normale,Deux véhicules - frontale,,,,,,,,,,,2,1,2,1,1
200700032857,0007-06-07 10:15:00,7,6,7,10,15,380,565,,45.3,5.629,Plein jour,Hors agglomération,Giratoire,Normale,Deux véhicules - côté,,,,,,,,,,,1,1,6,1,3
200700032858,0007-06-20 12:05:00,7,6,20,12,5,380,565,de Bouvardiere et D1075,,,Plein jour,En agglomération,Hors intersection,Normale,Deux véhicules - frontale,,,,,,,,,,,1,2,1,1,1
200700032859,0007-06-04 13:00:00,7,6,4,13,0,380,265,RUE DE LA GRANDE DRAYE,44.968,5.745,Plein jour,En agglomération,Hors intersection,Normale,Deux véhicules - arrière,,,,,,,,,,,1,2,1,1,2
200700032860,0007-06-20 13:00:00,7,6,20,13,0,380,265,,44.963,5.749,Plein jour,Hors agglomération,Hors intersection,Normale,Deux véhicules - frontale,,,,,,,,,,,1,1,1,1,1
200700032861,0007-06-25 19:00:00,7,6,25,19,0,380,497,,44.934,5.776,Plein jour,Hors agglomération,Autre intersection,Pluie légère,Autre collision,,,,,,,,,,,1,1,9,2,6
200700032862,0007-06-02 10:00:00,7,6,2,10,0,380,226,place tannon bonnet,44.818,5.754,Plein jour,En agglomération,Hors intersection,Normale,Autre collision,,,,,,,,,,,1,2,1,1,6
200700032863,0007-06-07 19:30:00,7,6,7,19,30,380,113,,44.837,5.599,Plein jour,Hors agglomération,Hors intersection,Normale,Deux véhicules - côté,,,,,,,,,,,1,1,1,1,3
200700032864,0007-06-15 13:00:00,7,6,15,13,0,380,212,,,,Plein jour,Hors agglomération,Hors intersection,Normale,Deux véhicules - arrière,,,,,,,,,,,1,1,1,1,2
200700032865,0007-06-07 04:30:00,7,6,7,4,30,380,416,Avenue de Provence,45.153,5.312,Nuit avec éclairage allumé,En agglomération,Hors intersection,Normale,Deux véhicules - frontale,,,,,,,,,,,5,2,1,1,1
200700032866,0007-06-04 13:45:00,7,6,4,13,45,380,194,10 Avenue de la Gare,45.338,5.424,Plein jour,En agglomération,Hors intersection,Normale,Deux véhicules - frontale,,,,,,,,,,,1,2,1,1,1
200700032867,0007-06-11 18:45:00,7,6,11,18,45,380,400,,45.354,5.596,Plein jour,Hors agglomération,Hors intersection,Normale,Deux véhicules - frontale,,,,,,,,,,,1,1,1,1,1
200700032868,0007-06-28 12:00:00,7,6,28,12,0,380,383,Le Perrin,45.39,5.634,Plein jour,En agglomération,Hors intersection,Normale,Deux véhicules - frontale,,,,,,,,,,,1,2,1,1,1
200700032869,0007-06-28 20:00:00,7,6,28,20,0,380,337,route de la gare,,,Plein jour,En agglomération,Hors intersection,Normale,Autre collision,,,,,,,,,,,1,2,1,1,6
200700032870,0007-06-30 13:45:00,7,6,30,13,45,380,239,01 route de grenoble,45.333,5.571,Plein jour,En agglomération,Hors intersection,Normale,Deux véhicules - côté,,,,,,,,,,,1,2,1,1,3
200700032871,0007-06-07 15:30:00,7,6,7,15,30,380,174,route de lyon,,,Plein jour,En agglomération,Hors intersection,Normale,Deux véhicules - côté,,,,,,,,,,,1,2,1,1,3
200700032872,0007-06-09 16:30:00,7,6,9,16,30,380,117,RD1532 - PK 17,45.174,5.411,Plein jour,En agglomération,Intersection en X,Normale,Deux véhicules - côté,,,,,,,,,,,1,2,2,1,3
200700032873,0007-06-15 14:45:00,7,6,15,14,45,380,517,,45.303,5.483,Plein jour,Hors agglomération,Hors intersection,Normale,Autre collision,,,,,,,,,,,1,1,1,1,6
200700032874,0007-06-07 07:00:00,7,6,7,7,0,380,415,,45.648,5.231,Plein jour,Hors agglomération,Intersection en X,Normale,Deux véhicules - côté,,,,,,,,,,,1,1,2,1,3
200700032875,0007-06-24 20:00:00,7,6,24,20,0,380,455,,45.626,5.353,Crépuscule ou aube,Hors agglomération,Hors intersection,Pluie légère,Autre collision,,,,,,,,,,,2,1,1,2,6
200700032876,0007-06-11 00:15:00,7,6,11,0,15,380,138,Boulevard des Fourbourg,,,Nuit avec éclairage allumé,En agglomération,Hors intersection,Normale,Trois véhicules et plus - collisions multiples,,,,,,,,,,,5,2,1,1,5
200700032877,0007-06-14 23:15:00,7,6,14,23,15,380,190,Grande rue du Moulin,,,Nuit sans éclairage public,En agglomération,Hors intersection,Normale,Autre collision,,,,,,,,,,,3,2,1,1,6
200700032878,0007-06-20 17:45:00,7,6,20,17,45,380,109,D18 /Chemin de Rivoireta,,,Plein jour,En agglomération,Hors intersection,Normale,Autre collision,,,,,,,,,,,1,2,1,1,6
200700032879,0007-06-06 14:00:00,7,6,6,14,0,380,541,rte des sources,45.629,5.527,Plein jour,En agglomération,Hors intersection,Normale,Autre collision,,,,,,,,,,,1,2,1,1,6
200700032880,0007-06-10 21:15:00,7,6,10,21,15,380,55,Hammeau de la Vérratière,45.702,5.531,Crépuscule ou aube,En agglomération,Hors intersection,Normale,Deux véhicules - côté,,,,,,,,,,,2,2,1,1,3
200700032881,0007-06-09 22:30:00,7,6,9,22,30,380,343,,,,Nuit sans éclairage public,Hors agglomération,Hors intersection,Normale,Autre collision,,,,,,,,,,,3,1,1,1,6
200700032882,0007-06-30 16:15:00,7,6,30,16,15,380,165,,,,Plein jour,Hors agglomération,Hors intersection,Normale,Deux véhicules - côté,,,,,,,,,,,1,1,1,1,3
200700032883,0007-06-22 00:45:00,7,6,22,0,45,380,64,36 ROUTE DE CHAMBERY,,,Nuit avec éclairage allumé,En agglomération,Hors intersection,Normale,Deux véhicules - frontale,,,,,,,,,,,5,2,1,1,1
200700032884,0007-06-25 16:30:00,7,6,25,16,30,380,377,3 avenue de savoie,,,Plein jour,En agglomération,Hors intersection,Normale,Deux véhicules - côté,,,,,,,,,,,1,2,1,1,3
200700032885,0007-06-03 18:00:00,7,6,3,18,0,440,209,,,,Plein jour,Hors agglomération,Giratoire,Normale,Sans collision,,,,,,,,,,,1,1,6,1,7
200700032886,0007-06-16 10:45:00,7,6,16,10,45,440,35,,,,Plein jour,Hors agglomération,Intersection en X,Normale,Deux véhicules - côté,,,,,,,,,,,1,1,2,1,3
200700032887,0007-06-07 12:30:00,7,6,7,12,30,380,336,,45.5,4.841,Plein jour,Hors agglomération,Hors intersection,Normale,Deux véhicules - arrière,,,,,,,,,,,1,1,1,1,2
200700032888,0007-06-09 19:00:00,7,6,9,19,0,380,336,,45.497,4.839,Plein jour,Hors agglomération,Hors intersection,Normale,Deux véhicules - frontale,,,,,,,,,,,1,1,1,1,1
200700032889,0007-06-10 00:45:00,7,6,10,0,45,380,110,,45.577,4.868,Nuit sans éclairage public,Hors agglomération,Hors intersection,Normale,Deux véhicules - frontale,,,,,,,,,,,3,1,1,1,1
200700032890,0007-06-06 12:45:00,7,6,6,12,45,380,336,,45.467,4.837,Plein jour,Hors agglomération,Hors intersection,Normale,Deux véhicules - frontale,,,,,,,,,,,1,1,1,1,1
200700032891,0007-06-04 16:00:00,7,6,4,16,0,380,479,,45.436,5.212,Plein jour,En agglomération,Giratoire,Normale,Deux véhicules - côté,,,,,,,,,,,1,2,6,1,3
200700032892,0007-06-09 14:00:00,7,6,9,14,0,380,324,,,,Plein jour,Hors agglomération,Hors intersection,Normale,Deux véhicules - côté,,,,,,,,,,,1,1,1,1,3
200700032893,0007-06-28 18:30:00,7,6,28,18,30,380,198,Route des Pepinias,,,Plein jour,En agglomération,Hors intersection,Normale,Deux véhicules - frontale,,,,,,,,,,,1,2,1,1,1
200700032894,0007-06-16 21:45:00,7,6,16,21,45,380,85,,45.751,5.161,Nuit avec éclairage allumé,Hors agglomération,Hors intersection,Normale,Deux véhicules - côté,,,,,,,,,,,5,1,1,1,3
200700032895,0007-06-19 07:00:00,7,6,19,7,0,380,197,CD 517 route de CREMIEU,45.758,5.108,Plein jour,En agglomération,Hors intersection,Normale,Autre collision,,,,,,,,,,,1,2,1,1,6
200700032896,0007-06-19 11:45:00,7,6,19,11,45,380,316,impasse de la plaine fle,45.753,5.163,Plein jour,En agglomération,Hors intersection,Normale,Deux véhicules - arrière,,,,,,,,,,,1,2,1,1,2
200700032897,0007-06-20 06:45:00,7,6,20,6,45,380,507,route de loyettes,45.762,5.186,Plein jour,En agglomération,Intersection en T,Normale,Deux véhicules - côté,,,,,,,,,,,1,2,3,1,3
200700032898,0007-06-12 10:45:00,7,6,12,10,45,380,298,place paul morand,45.378,4.797,Plein jour,En agglomération,Hors intersection,Normale,Sans collision,,,,,,,,,,,1,2,1,1,7
200700032899,0007-06-24 12:45:00,7,6,24,12,45,380,9,,45.351,4.884,Plein jour,Hors agglomération,Hors intersection,Normale,Deux véhicules - frontale,,,,,,,,,,,1,1,1,1,1
200700032900,0007-06-07 17:45:00,7,6,7,17,45,380,537,"parking, rue S. Depardon",,,Plein jour,En agglomération,Hors intersection,Normale,Deux véhicules - arrière,,,,,,,,,,,1,2,1,1,2
200700032901,0007-06-19 11:10:00,7,6,19,11,10,380,537,RD 124 PK 18.050,,,Plein jour,Hors agglomération,Hors intersection,Normale,Autre collision,,,,,,,,,,,1,1,1,1,6
200700032902,0007-06-05 17:45:00,7,6,5,17,45,420,304,92 route des monts,,,Plein jour,En agglomération,Hors intersection,Normale,Deux véhicules - côté,,,,,,,,,,,1,2,1,1,3
200700032903,0007-06-17 10:15:00,7,6,17,10,15,420,313,,,,Plein jour,Hors agglomération,Intersection en X,Normale,Deux véhicules - côté,,,,,,,,,,,1,1,2,1,3
200700032904,0007-06-18 16:15:00,7,6,18,16,15,420,2,,,,Plein jour,Hors agglomération,Hors intersection,Normale,Sans collision,,,,,,,,,,,1,1,1,1,7
200700032905,0007-06-17 12:45:00,7,6,17,12,45,420,90,,45.765,4.343,Plein jour,Hors agglomération,Intersection en X,Temps couvert,Deux véhicules - côté,,,,,,,,,,,1,1,2,8,3
200700032906,0007-06-23 15:30:00,7,6,23,15,30,420,319,Boise,45.713,4.3,Plein jour,En agglomération,Hors intersection,Normale,Deux véhicules - côté,,,,,,,,,,,1,2,1,1,3
200700032907,0007-06-04 14:45:00,7,6,4,14,45,420,204,avenue de St Etienne,45.432,4.068,Plein jour,En agglomération,Hors intersection,Normale,Autre collision,,,,,,,,,,,1,2,1,1,6
200700032908,0007-06-08 15:30:00,7,6,8,15,30,420,81,le bourg,45.619,4.256,Plein jour,En agglomération,Hors intersection,Normale,Deux véhicules - côté,,,,,,,,,,,1,2,1,1,3
200700032909,0007-06-12 10:45:00,7,6,12,10,45,420,149,Avenue du Pont,45.648,4.231,Plein jour,En agglomération,Hors intersection,Normale,Autre collision,,,,,,,,,,,1,2,1,1,6
200700032910,0007-06-15 06:45:00,7,6,15,6,45,420,323,61 AVENUE IRENEE LAURENT,,,Crépuscule ou aube,En agglomération,Hors intersection,Pluie légère,Deux véhicules - côté,,,,,,,,,,,2,2,1,2,3
200700032911,0007-06-19 11:45:00,7,6,19,11,45,420,138,Le Bourg,45.664,4.367,Plein jour,En agglomération,Hors intersection,Normale,Autre collision,,,,,,,,,,,1,2,1,1,6
200700032912,0007-06-27 08:00:00,7,6,27,8,0,420,222,,45.623,4.336,Plein jour,Hors agglomération,Hors intersection,Normale,Trois véhicules et plus - en chaîne,,,,,,,,,,,1,1,1,1,4
200700032913,0007-06-29 17:00:00,7,6,29,17,0,420,85,,45.435,4.578,Plein jour,Hors agglomération,Hors intersection,Normale,Deux véhicules - frontale,,,,,,,,,,,1,1,1,1,1
200700032914,0007-06-12 11:35:00,7,6,12,11,35,420,332,chemin du Halage RD 84,,,Plein jour,Hors agglomération,Hors intersection,Pluie légère,Sans collision,,,,,,,,,,,1,1,1,2,7
200700032915,0007-06-29 16:15:00,7,6,29,16,15,420,331,le bourg,,,Plein jour,En agglomération,Intersection en T,Normale,Deux véhicules - frontale,,,,,,,,,,,1,2,3,1,1
200700032916,0007-06-19 17:15:00,7,6,19,17,15,420,156,route de Pinay,,,Plein jour,En agglomération,Intersection en Y,Normale,Deux véhicules - côté,,,,,,,,,,,1,2,4,1,3
200700032917,0007-06-23 18:00:00,7,6,23,18,0,420,212,,,,Plein jour,Hors agglomération,Hors intersection,Normale,Sans collision,,,,,,,,,,,1,1,1,1,7
200700032918,0007-06-18 23:00:00,7,6,18,23,0,730,8,bvd gaston mollex,,,Nuit avec éclairage allumé,En agglomération,Hors intersection,Normale,Sans collision,,,,,,,,,,,5,2,1,1,7
200700032919,0007-06-01 07:45:00,7,6,1,7,45,730,213,,,,Plein jour,Hors agglomération,Intersection en T,Pluie légère,Deux véhicules - côté,,,,,,,,,,,1,1,3,2,3
200700032920,0007-06-06 14:15:00,7,6,6,14,15,730,73,CHEF LIEU,45.813,5.793,Plein jour,En agglomération,Hors intersection,Normale,Deux véhicules - frontale,,,,,,,,,,,1,2,1,1,1
200700032921,0007-06-16 17:00:00,7,6,16,17,0,730,85,,45.815,5.833,Plein jour,Hors agglomération,Hors intersection,Normale,Sans collision,,,,,,,,,,,1,1,1,1,7
200700032922,0007-06-26 07:15:00,7,6,26,7,15,730,85,,45.839,5.841,Crépuscule ou aube,Hors agglomération,Hors intersection,Pluie légère,Deux véhicules - frontale,,,,,,,,,,,2,1,1,2,1
200700032923,0007-06-11 22:30:00,7,6,11,22,30,730,82,,45.498,6.062,Nuit sans éclairage public,Hors agglomération,Hors intersection,Normale,Autre collision,,,,,,,,,,,3,1,1,1,6
200700032924,0007-06-09 13:30:00,7,6,9,13,30,730,282,,45.503,5.842,Plein jour,Hors agglomération,Hors intersection,Normale,Deux véhicules - frontale,,,,,,,,,,,1,1,1,1,1
200700032925,0007-06-28 12:00:00,7,6,28,12,0,730,315,,45.52,6.178,Plein jour,Hors agglomération,Hors intersection,Normale,Deux véhicules - arrière,,,,,,,,,,,1,1,1,1,2
200700032926,0007-06-08 19:00:00,7,6,8,19,0,730,129,rue de la Pallud,45.604,6.254,Plein jour,En agglomération,Hors intersection,Normale,Autre collision,,,,,,,,,,,1,2,1,1,6
200700032927,0007-06-23 22:30:00,7,6,23,22,30,730,297,rue principale,45.648,6.318,Nuit avec éclairage allumé,En agglomération,Hors intersection,Normale,Deux véhicules - frontale,,,,,,,,,,,5,2,1,1,1
200700032928,0007-06-14 11:15:00,7,6,14,11,15,730,54,,,,Plein jour,Hors agglomération,Autre intersection,Normale,Autre collision,,,,,,,,,,,1,1,9,1,6
200700032929,0007-06-13 14:15:00,7,6,13,14,15,730,131,"lieu dit ""Grégny""",,,Plein jour,En agglomération,Hors intersection,Normale,Deux véhicules - frontale,,,,,,,,,,,1,2,1,1,1
200700032930,0007-06-09 08:00:00,7,6,9,8,0,730,248,PLACE DU FORUM,,,Plein jour,En agglomération,Giratoire,Normale,Autre collision,,,,,,,,,,,1,2,6,1,6
200700032931,0007-06-18 18:30:00,7,6,18,18,30,730,248,,,,Plein jour,Hors agglomération,Hors intersection,Normale,Sans collision,,,,,,,,,,,1,1,1,1,7
200700032932,0007-06-30 08:45:00,7,6,30,8,45,730,256,,45.202,6.467,Plein jour,Hors agglomération,Hors intersection,Normale,Sans collision,,,,,,,,,,,1,1,1,1,7
200700032933,0007-06-21 19:00:00,7,6,21,19,0,730,7,,,,Plein jour,Hors agglomération,Hors intersection,Temps couvert,Sans collision,,,,,,,,,,,1,1,1,8,7
200700032934,0007-06-08 11:45:00,7,6,8,11,45,740,217,,45.959,6.123,Plein jour,Hors agglomération,Hors intersection,Normale,Deux véhicules - frontale,,,,,,,,,,,1,1,1,1,1
200700032935,0007-06-02 14:30:00,7,6,2,14,30,740,242,route des chapelles,,,Plein jour,En agglomération,Hors intersection,Normale,Deux véhicules - côté,,,,,,,,,,,1,2,1,1,3
200700032936,0007-06-08 16:00:00,7,6,8,16,0,740,267,RD1508,,,Plein jour,En agglomération,Hors intersection,Normale,Autre collision,,,,,,,,,,,1,2,1,1,6
200700032937,0007-06-12 19:15:00,7,6,12,19,15,740,104,,,,Plein jour,Hors agglomération,Hors intersection,Normale,Autre collision,,,,,,,,,,,1,1,1,1,6
200700032938,0007-06-02 01:45:00,7,6,2,1,45,740,302,,45.92,6.38,Nuit sans éclairage public,Hors agglomération,Hors intersection,Pluie forte,Autre collision,,,,,,,,,,,3,1,1,3,6
200700032939,0007-06-10 14:00:00,7,6,10,14,0,740,80,,,,Nuit sans éclairage public,Hors agglomération,Hors intersection,Normale,Autre collision,,,,,,,,,,,3,1,1,1,6
200700032940,0007-06-13 12:30:00,7,6,13,12,30,740,239,,,,Plein jour,Hors agglomération,Hors intersection,Normale,Deux véhicules - frontale,,,,,,,,,,,1,1,1,1,1
200700032941,0007-06-16 06:15:00,7,6,16,6,15,740,136,,45.945,6.425,Crépuscule ou aube,Hors agglomération,Hors intersection,Normale,Autre collision,,,,,,,,,,,2,1,1,1,6
200700032942,0007-06-05 15:00:00,7,6,5,15,0,740,81,Avenue des Glières,46.078,6.565,Plein jour,En agglomération,Autre intersection,Pluie légère,Deux véhicules - côté,,,,,,,,,,,1,2,9,2,3
200700032943,0007-06-08 11:45:00,7,6,8,11,45,740,81,avenue de la sardagne,,,Plein jour,En agglomération,Hors intersection,Normale,Autre collision,,,,,,,,,,,1,2,1,1,6
200700032944,0007-06-24 14:15:00,7,6,24,14,15,740,81,,46.05,6.59,Plein jour,Hors agglomération,Hors intersection,Normale,Sans collision,,,,,,,,,,,1,1,1,1,7
200700032945,0007-06-23 14:00:00,7,6,23,14,0,740,81,Rue André Brun,46.066,6.574,Plein jour,En agglomération,Hors intersection,Normale,Sans collision,,,,,,,,,,,1,2,1,1,7
200700032946,0007-06-23 11:15:00,7,6,23,11,15,740,236,Route des Amerands,,,Plein jour,En agglomération,Hors intersection,Normale,Deux véhicules - frontale,,,,,,,,,,,1,2,1,1,1
200700032947,0007-06-23 02:30:00,7,6,23,2,30,740,250,,46.076,6.382,Nuit sans éclairage public,Hors agglomération,Hors intersection,Pluie légère,Deux véhicules - frontale,,,,,,,,,,,3,1,1,2,1
200700032948,0007-06-11 00:30:00,7,6,11,0,30,740,256,600 ROUTE DU FAYET,,,Nuit avec éclairage allumé,En agglomération,Hors intersection,Normale,Sans collision,,,,,,,,,,,5,2,1,1,7
200700032949,0007-06-24 18:15:00,7,6,24,18,15,740,256,rue du Mont Blanc,45.938,6.632,Plein jour,En agglomération,Hors intersection,Normale,Deux véhicules - côté,,,,,,,,,,,1,2,1,1,3
200700032950,0007-06-27 12:30:00,7,6,27,12,30,740,256,636 AVENUE DE ST MARTIN,,,Plein jour,En agglomération,Hors intersection,Pluie légère,Deux véhicules - côté,,,,,,,,,,,1,2,1,2,3
200700032951,0007-06-10 06:15:00,7,6,10,6,15,740,201,,46.12,6.109,Crépuscule ou aube,Hors agglomération,Hors intersection,Normale,Sans collision,,,,,,,,,,,2,1,1,1,7