accident_id,datetime,annee,mois,jour,heure,minute,departement,commune_insee,adresse,latitude,longitude,luminosite,agglomeration,intersection,meteo,collision,nb_vehicules,nb_usagers,nb_indemnes,nb_tues,nb_blesses_hosp,nb_blesses_legers,age_cond_1,age_cond_2,veh_type_cond_1,veh_type_cond_2,lum_code,agg_code,int_code,atm_code,col_code
200700032952,0007-06-27 00:30:00,7,6,27,0,30,740,44,,46.159,6.162,Nuit avec éclairage allumé,Hors agglomération,Hors intersection,Normale,Deux véhicules - côté,,,,,,,,,,,5,1,1,1,3
200700032953,0007-06-06 08:00:00,7,6,6,8,0,740,128,0 PK 11 lieu dit ARPIGNY,,,Plein jour,Hors agglomération,Hors intersection,Normale,Deux véhicules - frontale,,,,,,,,,,,1,1,1,1,1
200700032954,0007-06-10 04:30:00,7,6,10,4,30,740,40,9 Avenue du Fer à Cheval,,,Nuit avec éclairage allumé,En agglomération,Hors intersection,Normale,Autre collision,,,,,,,,,,,5,2,1,1,6
200700032955,0007-06-30 01:30:00,7,6,30,1,30,740,128,,46.165,6.373,Nuit sans éclairage public,Hors agglomération,Hors intersection,Normale,Autre collision,,,,,,,,,,,3,1,1,1,6
200700032956,0007-06-12 11:30:00,7,6,12,11,30,740,6,,46.015,6.107,Plein jour,Hors agglomération,Hors intersection,Normale,Deux véhicules - côté,,,,,,,,,,,1,1,1,1,3
200700032957,0007-06-06 21:15:00,7,6,6,21,15,740,131,RD 1508 PR 13+900,,,Crépuscule ou aube,Hors agglomération,Hors intersection,Pluie légère,Autre collision,,,,,,,,,,,2,1,1,2,6
200700032958,0007-06-09 17:00:00,7,6,9,17,0,740,269,rue de geneve,,,Plein jour,En agglomération,Hors intersection,Normale,Deux véhicules - frontale,,,,,,,,,,,1,2,1,1,1
200700032959,0007-06-16 17:45:00,7,6,16,17,45,740,100,,,,Plein jour,Hors agglomération,Hors intersection,Normale,Sans collision,,,,,,,,,,,1,1,1,1,7
200700032960,0007-06-02 17:45:00,7,6,2,17,45,740,156,RUE DE LA GORGE,46.288,6.419,Plein jour,En agglomération,Hors intersection,Normale,Deux véhicules - frontale,,,,,,,,,,,1,2,1,1,1
200700032961,0007-06-15 22:15:00,7,6,15,22,15,740,5,,46.321,6.443,Nuit sans éclairage public,Hors agglomération,Hors intersection,Normale,Deux véhicules - frontale,,,,,,,,,,,3,1,1,1,1
200700032962,0007-06-17 12:30:00,7,6,17,12,30,740,43,"avenue du Salève, Langin",46.264,6.351,Plein jour,En agglomération,Intersection en T,Normale,Deux véhicules - côté,,,,,,,,,,,1,2,3,1,3
200700032963,0007-06-30 07:15:00,7,6,30,7,15,740,48,,46.274,6.386,Plein jour,Hors agglomération,Hors intersection,Normale,Deux véhicules - côté,,,,,,,,,,,1,1,1,1,3
200700032964,0007-06-15 01:00:00,7,6,15,1,0,740,58,,46.281,6.831,Nuit sans éclairage public,Hors agglomération,Hors intersection,Pluie légère,Sans collision,,,,,,,,,,,3,1,1,2,7
200700032965,0007-06-10 17:00:00,7,6,10,17,0,740,226,Curseille,,,Plein jour,En agglomération,Hors intersection,Normale,Autre collision,,,,,,,,,,,1,2,1,1,6
200700032966,0007-06-06 17:30:00,7,6,6,17,30,740,175,,46.407,6.753,Plein jour,Hors agglomération,Hors intersection,Normale,Trois véhicules et plus - en chaîne,,,,,,,,,,,1,1,1,1,4
200700032967,0007-06-04 17:15:00,7,6,4,17,15,740,249,,46.368,6.654,Plein jour,Hors agglomération,Hors intersection,Normale,Autre collision,,,,,,,,,,,1,1,1,1,6
200700032968,0007-06-27 11:30:00,7,6,27,11,30,740,154,,46.411,6.679,Plein jour,Hors agglomération,Hors intersection,Normale,Trois véhicules et plus - en chaîne,,,,,,,,,,,1,1,1,1,4
200700032969,0007-06-22 19:15:00,7,6,22,19,15,630,453,rue F MITTERAND,45.778,3.294,Plein jour,En agglomération,Hors intersection,Normale,Sans collision,,,,,,,,,,,1,2,1,1,7
200700032970,0007-06-30 16:30:00,7,6,30,16,30,630,254,,45.812,3.052,Plein jour,Hors agglomération,Hors intersection,Normale,Trois véhicules et plus - collisions multiples,,,,,,,,,,,1,1,1,1,5
200700032971,0007-06-07 20:45:00,7,6,7,20,45,630,26,,45.68,2.96,Plein jour,Hors agglomération,Hors intersection,Normale,Autre collision,,,,,,,,,,,1,1,1,1,6
200700032972,0007-06-24 14:15:00,7,6,24,14,15,630,3,,,,Plein jour,Hors agglomération,Hors intersection,Normale,Deux véhicules - frontale,,,,,,,,,,,1,1,1,1,1
200700032973,0007-06-18 17:15:00,7,6,18,17,15,630,258,,45.703,3.595,Plein jour,Hors agglomération,Hors intersection,Normale,Deux véhicules - frontale,,,,,,,,,,,1,1,1,1,1
200700032974,0007-06-09 09:15:00,7,6,9,9,15,630,353,Route d'Issoire,45.463,3.542,Plein jour,En agglomération,Hors intersection,Normale,Sans collision,,,,,,,,,,,1,2,1,1,7
200700032975,0007-06-12 14:00:00,7,6,12,14,0,630,178,av pierre mendes france,,,Plein jour,En agglomération,Hors intersection,Normale,Deux véhicules - frontale,,,,,,,,,,,1,2,1,1,1
200700032976,0007-06-24 20:30:00,7,6,24,20,30,630,178,Avenue de bange,,,Plein jour,En agglomération,Hors intersection,Normale,Sans collision,,,,,,,,,,,1,2,1,1,7
200700032977,0007-06-15 21:30:00,7,6,15,21,30,630,77,Lieu dit Varenne,,,Plein jour,En agglomération,Hors intersection,Normale,Deux véhicules - arrière,,,,,,,,,,,1,2,1,1,2
200700032978,0007-06-22 20:45:00,7,6,22,20,45,630,38,ROUTE DES LACS,,,Crépuscule ou aube,En agglomération,Hors intersection,Normale,Deux véhicules - frontale,,,,,,,,,,,2,2,1,1,1
200700032979,0007-06-09 19:00:00,7,6,9,19,0,630,397,,45.596,2.656,Plein jour,Hors agglomération,Hors intersection,Normale,Deux véhicules - frontale,,,,,,,,,,,1,1,1,1,1
200700032980,0007-06-22 13:00:00,7,6,22,13,0,630,192,,45.54,2.679,Plein jour,Hors agglomération,Hors intersection,Normale,Deux véhicules - frontale,,,,,,,,,,,1,1,1,1,1
200700032981,0007-06-18 17:30:00,7,6,18,17,30,630,470,,,,Plein jour,Hors agglomération,Hors intersection,Normale,Deux véhicules - arrière,,,,,,,,,,,1,1,1,1,2
200700032982,0007-06-30 16:45:00,7,6,30,16,45,630,245,,,,Plein jour,Hors agglomération,Hors intersection,Normale,Deux véhicules - côté,,,,,,,,,,,1,1,1,1,3
200700032983,0007-06-30 23:15:00,7,6,30,23,15,630,406,sardon,45.966,3.222,Nuit sans éclairage public,En agglomération,Hors intersection,Normale,Autre collision,,,,,,,,,,,3,2,1,1,6
200700032984,0007-06-27 21:45:00,7,6,27,21,45,630,4,Avenue de la gare,45.93,2.821,Plein jour,En agglomération,Hors intersection,Normale,Autre collision,,,,,,,,,,,1,2,1,1,6
200700032985,0007-06-13 12:00:00,7,6,13,12,0,630,118,,45.85,2.55,Plein jour,Hors agglomération,Hors intersection,Normale,Deux véhicules - côté,,,,,,,,,,,1,1,1,1,3
200700032986,0007-06-14 13:45:00,7,6,14,13,45,630,85,RUE DES BRUYERES,45.89,2.86,Plein jour,En agglomération,Hors intersection,Pluie légère,Deux véhicules - côté,,,,,,,,,,,1,2,1,2,3
200700032987,0007-06-11 07:00:00,7,6,11,7,0,630,338,,46.158,2.84,Crépuscule ou aube,En agglomération,Hors intersection,Normale,Deux véhicules - côté,,,,,,,,,,,2,2,1,1,3
200700032988,0007-06-17 17:15:00,7,6,17,17,15,630,338,,46.149,2.855,Plein jour,Hors agglomération,Hors intersection,Pluie légère,Deux véhicules - côté,,,,,,,,,,,1,1,1,2,3
200700032989,0007-06-20 16:45:00,7,6,20,16,45,630,11,,46.226,2.736,Plein jour,Hors agglomération,Hors intersection,Normale,Deux véhicules - côté,,,,,,,,,,,1,1,1,1,3
200700032990,0007-06-08 12:30:00,7,6,8,12,30,630,354,,46.032,2.811,Plein jour,Hors agglomération,Hors intersection,Normale,Sans collision,,,,,,,,,,,1,1,1,1,7
200700032991,0007-06-08 20:45:00,7,6,8,20,45,630,94,CD 18,45.99,2.636,Nuit avec éclairage allumé,En agglomération,Hors intersection,Normale,Deux véhicules - frontale,,,,,,,,,,,5,2,1,1,1
200700032992,0007-06-30 12:55:00,7,6,30,12,55,630,468,reliant  la D42 et D311,,,Plein jour,Hors agglomération,Hors intersection,Normale,Deux véhicules - côté,,,,,,,,,,,1,1,1,1,3
200700032993,0007-06-09 15:15:00,7,6,9,15,15,30,15,,,,Plein jour,Hors agglomération,Intersection en X,Normale,Deux véhicules - côté,,,,,,,,,,,1,1,2,1,3
200700032994,0007-06-16 12:15:00,7,6,16,12,15,30,316,,46.711,3.198,Plein jour,Hors agglomération,Hors intersection,Normale,Sans collision,,,,,,,,,,,1,1,1,1,7
200700032995,0007-06-20 22:30:00,7,6,20,22,30,30,290,,46.633,3.313,Nuit sans éclairage public,Hors agglomération,Hors intersection,Normale,Sans collision,,,,,,,,,,,3,1,1,1,7
200700032996,0007-06-09 17:00:00,7,6,9,17,0,30,254,,46.312,3.282,Plein jour,Hors agglomération,Hors intersection,Normale,Deux véhicules - frontale,,,,,,,,,,,1,1,1,1,1
200700032997,0007-06-14 17:45:00,7,6,14,17,45,30,99,,,,Plein jour,Hors agglomération,Hors intersection,Pluie forte,Deux véhicules - côté,,,,,,,,,,,1,1,1,3,3
200700032998,0007-06-01 17:00:00,7,6,1,17,0,30,128,,46.391,2.487,Plein jour,Hors agglomération,Hors intersection,Normale,Autre collision,,,,,,,,,,,1,1,1,1,6
200700032999,0007-06-10 15:30:00,7,6,10,15,30,30,217,,46.372,2.695,Plein jour,Hors agglomération,Intersection en X,Normale,Deux véhicules - côté,,,,,,,,,,,1,1,2,1,3
200700033000,0007-06-14 06:45:00,7,6,14,6,45,30,136,,46.301,2.423,Plein jour,Hors agglomération,Hors intersection,Pluie légère,Sans collision,,,,,,,,,,,1,1,1,2,7
200700033001,0007-06-24 14:30:00,7,6,24,14,30,30,217,,46.344,2.663,Plein jour,Hors agglomération,Hors intersection,Normale,Deux véhicules - frontale,,,,,,,,,,,1,1,1,1,1
200700033002,0007-06-24 19:30:00,7,6,24,19,30,30,111,,46.43,2.624,Plein jour,Hors agglomération,Hors intersection,Normale,Deux véhicules - frontale,,,,,,,,,,,1,1,1,1,1
200700033003,0007-06-25 12:45:00,7,6,25,12,45,30,195,,46.298,2.653,Plein jour,Hors agglomération,Hors intersection,Pluie légère,Sans collision,,,,,,,,,,,1,1,1,2,7
200700033004,0007-06-16 11:30:00,7,6,16,11,30,30,221,,,,Plein jour,Hors agglomération,Hors intersection,Normale,Deux véhicules - côté,,,,,,,,,,,1,1,1,1,3
200700033005,0007-06-26 18:30:00,7,6,26,18,30,30,37,carrefour des quatres ch,46.669,2.654,Plein jour,En agglomération,Hors intersection,Normale,Deux véhicules - côté,,,,,,,,,,,1,2,1,1,3
200700033006,0007-06-05 17:15:00,7,6,5,17,15,30,82,rue ernest montuses,46.295,2.745,Plein jour,En agglomération,Intersection en X,Normale,Deux véhicules - frontale,,,,,,,,,,,1,2,2,1,1
200700033007,0007-06-12 17:00:00,7,6,12,17,0,30,138,,46.242,3.607,Plein jour,Hors agglomération,Hors intersection,Normale,Trois véhicules et plus - collisions multiples,,,,,,,,,,,1,1,1,1,5
200700033008,0007-06-27 11:15:00,7,6,27,11,15,30,42,,,,Plein jour,Hors agglomération,Hors intersection,Temps couvert,Sans collision,,,,,,,,,,,1,1,1,8,7
200700033009,0007-06-08 12:30:00,7,6,8,12,30,150,160,,44.959,2.398,Plein jour,Hors agglomération,Hors intersection,Normale,Autre collision,,,,,,,,,,,1,1,1,1,6
200700033010,0007-06-01 13:15:00,7,6,1,13,15,150,258,,45.0,2.639,Plein jour,Hors agglomération,Hors intersection,Temps couvert,Autre collision,,,,,,,,,,,1,1,1,8,6
200700033011,0007-06-15 17:30:00,7,6,15,17,30,150,258,,44.97,2.62,Plein jour,Hors agglomération,Hors intersection,Normale,Deux véhicules - frontale,,,,,,,,,,,1,1,1,1,1
200700033012,0007-06-12 15:45:00,7,6,12,15,45,150,120,,45.207,2.319,Plein jour,Hors agglomération,Hors intersection,Temps éblouissant,Deux véhicules - frontale,,,,,,,,,,,1,1,1,7,1
200700033013,0007-06-08 12:45:00,7,6,8,12,45,150,187,,,,Plein jour,Hors agglomération,Hors intersection,Normale,Autre collision,,,,,,,,,,,1,1,1,1,6
200700033014,0007-06-26 17:15:00,7,6,26,17,15,150,262,,45.013,3.035,Plein jour,Hors agglomération,Hors intersection,Normale,Deux véhicules - frontale,,,,,,,,,,,1,1,1,1,1
200700033015,0007-06-12 07:15:00,7,6,12,7,15,430,254,,45.126,3.72,Crépuscule ou aube,Hors agglomération,Hors intersection,Normale,Deux véhicules - arrière,,,,,,,,,,,2,1,1,1,2
200700033016,0007-06-17 13:45:00,7,6,17,13,45,430,174,,44.996,3.841,Plein jour,Hors agglomération,Hors intersection,Normale,Deux véhicules - côté,,,,,,,,,,,1,1,1,1,3
200700033017,0007-06-03 14:45:00,7,6,3,14,45,430,39,,44.932,3.879,Plein jour,Hors agglomération,Hors intersection,Normale,Sans collision,,,,,,,,,,,1,1,1,1,7
200700033018,0007-06-04 14:45:00,7,6,4,14,45,430,215,,44.805,3.887,Plein jour,Hors agglomération,Hors intersection,Pluie légère,Deux véhicules - côté,,,,,,,,,,,1,1,1,2,3
200700033019,0007-06-11 19:30:00,7,6,11,19,30,430,176,,44.991,3.702,Plein jour,Hors agglomération,Hors intersection,Normale,Sans collision,,,,,,,,,,,1,1,1,1,7
200700033020,0007-06-30 14:30:00,7,6,30,14,30,430,5,,44.925,3.708,Plein jour,Hors agglomération,Hors intersection,Normale,Autre collision,,,,,,,,,,,1,1,1,1,6
200700033021,0007-06-01 13:30:00,7,6,1,13,30,430,40,Rue Champanne,45.296,3.388,Plein jour,En agglomération,Autre intersection,Normale,Deux véhicules - côté,,,,,,,,,,,1,2,9,1,3
200700033022,0007-06-26 11:15:00,7,6,26,11,15,430,128,,,,Plein jour,Hors agglomération,Hors intersection,Temps couvert,Deux véhicules - arrière,,,,,,,,,,,1,1,1,8,2
200700033023,0007-06-04 14:15:00,7,6,4,14,15,430,112,Avenue d'Auvergne,,,Plein jour,En agglomération,Hors intersection,Normale,Deux véhicules - frontale,,,,,,,,,,,1,2,1,1,1
200700033024,0007-06-10 18:15:00,7,6,10,18,15,430,155,,,,Plein jour,En agglomération,Intersection en T,Pluie légère,Deux véhicules - côté,,,,,,,,,,,1,2,3,2,3
200700033025,0007-06-08 06:30:00,7,6,8,6,30,430,120,,45.385,3.281,Crépuscule ou aube,Hors agglomération,Hors intersection,Normale,Sans collision,,,,,,,,,,,2,1,1,1,7
200700033026,0007-06-16 19:30:00,7,6,16,19,30,430,191,,45.341,3.297,Crépuscule ou aube,Hors agglomération,Intersection en X,Normale,Deux véhicules - frontale,,,,,,,,,,,2,1,2,1,1
200700033027,0007-06-24 15:00:00,7,6,24,15,0,430,268,,,,Plein jour,Hors agglomération,Hors intersection,Normale,Autre collision,,,,,,,,,,,1,1,1,1,6
200700033028,0007-06-01 22:45:00,7,6,1,22,45,430,137,,,,Nuit sans éclairage public,Hors agglomération,Hors intersection,Normale,Deux véhicules - frontale,,,,,,,,,,,3,1,1,1,1
200700033029,0007-06-03 12:00:00,7,6,3,12,0,430,212,,,,Plein jour,Hors agglomération,Hors intersection,Normale,Sans collision,,,,,,,,,,,1,1,1,1,7
200700033030,0007-06-09 15:45:00,7,6,9,15,45,430,12,Rond point Semène,,,Plein jour,En agglomération,Giratoire,Normale,Sans collision,,,,,,,,,,,1,2,6,1,7
200700033031,0007-06-13 21:45:00,7,6,13,21,45,430,177,,45.332,4.316,Nuit sans éclairage public,Hors agglomération,Hors intersection,Pluie légère,Deux véhicules - frontale,,,,,,,,,,,3,1,1,2,1
200700033032,0007-06-18 18:45:00,7,6,18,18,45,430,205,Route du Sarret,45.353,4.296,Plein jour,En agglomération,Hors intersection,Normale,Deux véhicules - côté,,,,,,,,,,,1,2,1,1,3
200700033033,0007-06-04 08:00:00,7,6,4,8,0,430,244,,45.143,4.296,Plein jour,Hors agglomération,Hors intersection,Normale,Deux véhicules - frontale,,,,,,,,,,,1,1,1,1,1
200700033034,0007-06-09 15:00:00,7,6,9,15,0,430,130,,45.036,4.226,Plein jour,Hors agglomération,Hors intersection,Normale,Autre collision,,,,,,,,,,,1,1,1,1,6
200700033035,0007-06-12 11:45:00,7,6,12,11,45,430,69,,45.133,4.222,Plein jour,Hors agglomération,Hors intersection,Normale,Autre collision,,,,,,,,,,,1,1,1,1,6
200700033036,0007-06-04 18:00:00,7,6,4,18,0,570,134,"89, Rue de Verdun",49.127,6.079,Plein jour,En agglomération,Hors intersection,Temps éblouissant,Deux véhicules - côté,,,,,,,,,,,1,2,1,7,3
200700033037,0007-06-08 07:45:00,7,6,8,7,45,570,620,,,,Plein jour,Hors agglomération,Intersection en X,Normale,Deux véhicules - côté,,,,,,,,,,,1,1,2,1,3
200700033038,0007-06-17 09:15:00,7,6,17,9,15,570,543,,49.13,6.01,Plein jour,Hors agglomération,Hors intersection,Normale,Deux véhicules - frontale,,,,,,,,,,,1,1,1,1,1
200700033039,0007-06-22 10:45:00,7,6,22,10,45,570,543,,49.222,6.106,Plein jour,Hors agglomération,Hors intersection,Normale,Trois véhicules et plus - en chaîne,,,,,,,,,,,1,1,1,1,4
200700033040,0007-06-24 18:45:00,7,6,24,18,45,570,17,RUE DE MONTVAUX,49.174,6.048,Plein jour,En agglomération,Hors intersection,Normale,Autre collision,,,,,,,,,,,1,2,1,1,6
200700033041,0007-06-10 09:15:00,7,6,10,9,15,570,578,,,,Plein jour,Hors agglomération,Hors intersection,Normale,Sans collision,,,,,,,,,,,1,1,1,1,7
200700033042,0007-06-17 10:30:00,7,6,17,10,30,570,445,,48.996,6.112,Plein jour,Hors agglomération,Hors intersection,Normale,Sans collision,,,,,,,,,,,1,1,1,1,7
200700033043,0007-06-24 00:15:00,7,6,24,0,15,570,30,11 Grande rue,,,Nuit avec éclairage allumé,En agglomération,Hors intersection,Normale,Deux véhicules - arrière,,,,,,,,,,,5,2,1,1,2
200700033044,0007-06-10 19:15:00,7,6,10,19,15,570,572,44 RUE DE METZ,,,Plein jour,En agglomération,Hors intersection,Normale,Deux véhicules - frontale,,,,,,,,,,,1,2,1,1,1
200700033045,0007-06-18 20:15:00,7,6,18,20,15,570,534,,,,Crépuscule ou aube,Hors agglomération,Hors intersection,Normale,Autre collision,,,,,,,,,,,2,1,1,1,6
200700033046,0007-06-22 11:30:00,7,6,22,11,30,570,547,23 Rue de la gare,,,Plein jour,En agglomération,Hors intersection,Normale,Sans collision,,,,,,,,,,,1,2,1,1,7
200700033047,0007-06-27 12:45:00,7,6,27,12,45,570,554,,,,Plein jour,Hors agglomération,Hors intersection,Normale,Deux véhicules - côté,,,,,,,,,,,1,1,1,1,3
200700033048,0007-06-13 17:30:00,7,6,13,17,30,570,575,,,,Plein jour,Hors agglomération,Intersection en X,Normale,Trois véhicules et plus - collisions multiples,,,,,,,,,,,1,1,2,1,5
200700033049,0007-06-15 07:45:00,7,6,15,7,45,570,431,,,,Plein jour,Hors agglomération,Hors intersection,Normale,Deux véhicules - côté,,,,,,,,,,,1,1,1,1,3
200700033050,0007-06-01 13:15:00,7,6,1,13,15,570,667,rue des Alliés,,,Plein jour,En agglomération,Hors intersection,Normale,Sans collision,,,,,,,,,,,1,2,1,1,7
200700033051,0007-06-02 11:30:00,7,6,2,11,30,570,54,,48.96,6.452,Plein jour,Hors agglomération,Intersection en T,Normale,Deux véhicules - frontale,,,,,,,,,,,1,1,3,1,1
200700033052,0007-06-08 17:45:00,7,6,8,17,45,570,538,,48.794,6.431,Plein jour,Hors agglomération,Hors intersection,Normale,Sans collision,,,,,,,,,,,1,1,1,1,7
200700033053,0007-06-11 22:45:00,7,6,11,22,45,570,399,,48.759,6.617,Nuit sans éclairage public,Hors agglomération,Hors intersection,Normale,Deux véhicules - arrière,,,,,,,,,,,3,1,1,1,2
200700033054,0007-06-08 14:00:00,7,6,8,14,0,570,494,,48.904,6.932,Plein jour,Hors agglomération,Hors intersection,Normale,Sans collision,,,,,,,,,,,1,1,1,1,7
200700033055,0007-06-11 10:30:00,7,6,11,10,30,570,177,rue SAI ALIX NAPOLEON,48.81,6.711,Plein jour,En agglomération,Hors intersection,Normale,Deux véhicules - frontale,,,,,,,,,,,1,2,1,1,1
200700033056,0007-06-28 06:45:00,7,6,28,6,45,570,246,,48.771,6.719,Plein jour,Hors agglomération,Hors intersection,Normale,Sans collision,,,,,,,,,,,1,1,1,1,7
200700033057,0007-06-23 13:30:00,7,6,23,13,30,570,684,,,,Plein jour,Hors agglomération,Hors intersection,Normale,Deux véhicules - côté,,,,,,,,,,,1,1,1,1,3
200700033058,0007-06-06 10:15:00,7,6,6,10,15,570,556,16 rue de Strasbourg,,,Plein jour,En agglomération,Hors intersection,Normale,Deux véhicules - frontale,,,,,,,,,,,1,2,1,1,1
200700033059,0007-06-02 19:15:00,7,6,2,19,15,570,540,Carrefour central,48.772,7.257,Plein jour,En agglomération,Intersection en X,Normale,Deux véhicules - côté,,,,,,,,,,,1,2,2,1,3
200700033060,0007-06-09 17:00:00,7,6,9,17,0,570,518,5 rue des alouettes,48.797,7.037,Plein jour,En agglomération,Hors intersection,Normale,Deux véhicules - frontale,,,,,,,,,,,1,2,1,1,1
200700033061,0007-06-16 09:45:00,7,6,16,9,45,570,33,,,,Plein jour,En agglomération,Hors intersection,Normale,Autre collision,,,,,,,,,,,1,2,1,1,6
200700033062,0007-06-16 17:15:00,7,6,16,17,15,570,427,,,,Plein jour,Hors agglomération,Hors intersection,Normale,Autre collision,,,,,,,,,,,1,1,1,1,6
200700033063,0007-06-23 16:30:00,7,6,23,16,30,570,163,,,,Plein jour,Hors agglomération,Autre intersection,Temps couvert,Deux véhicules - frontale,,,,,,,,,,,1,1,9,8,1
200700033064,0007-06-01 23:15:00,7,6,1,23,15,570,465,Route Nationale,,,Nuit sans éclairage public,En agglomération,Hors intersection,Normale,Deux véhicules - frontale,,,,,,,,,,,3,2,1,1,1
200700033065,0007-06-02 20:45:00,7,6,2,20,45,570,287,RUE DU STADE,,,Crépuscule ou aube,En agglomération,Hors intersection,Normale,Autre collision,,,,,,,,,,,2,2,1,1,6
200700033066,0007-06-09 05:45:00,7,6,9,5,45,570,370,,,,Crépuscule ou aube,Hors agglomération,Hors intersection,Brouillard / fumée,Deux véhicules - frontale,,,,,,,,,,,2,1,1,5,1
200700033067,0007-06-12 19:30:00,7,6,12,19,30,570,331,,49.303,6.356,Plein jour,Hors agglomération,Hors intersection,Normale,Autre collision,,,,,,,,,,,1,1,1,1,6
200700033068,0007-06-02 16:00:00,7,6,2,16,0,570,474,RUE DES PONTS,49.266,6.165,Plein jour,En agglomération,Hors intersection,Normale,Deux véhicules - côté,,,,,,,,,,,1,2,1,1,3
200700033069,0007-06-06 14:45:00,7,6,6,14,45,540,374,,48.765,6.403,Plein jour,Hors agglomération,Hors intersection,Normale,Autre collision,,,,,,,,,,,1,1,1,1,6
200700033070,0007-06-02 09:00:00,7,6,2,9,0,540,315,,,,Plein jour,Hors agglomération,Hors intersection,Normale,Autre collision,,,,,,,,,,,1,1,1,1,6
200700033071,0007-06-15 17:45:00,7,6,15,17,45,540,315,,,,Plein jour,En agglomération,Hors intersection,Normale,Deux véhicules - côté,,,,,,,,,,,1,2,1,1,3
200700033072,0007-06-27 08:00:00,7,6,27,8,0,540,372,,,,Plein jour,Hors agglomération,Hors intersection,Normale,Sans collision,,,,,,,,,,,1,1,1,1,7
200700033073,0007-06-22 15:00:00,7,6,22,15,0,540,90,,48.755,6.158,Plein jour,Hors agglomération,Hors intersection,Normale,Deux véhicules - frontale,,,,,,,,,,,1,1,1,1,1
200700033074,0007-06-08 09:45:00,7,6,8,9,45,540,397,,,,Plein jour,Hors agglomération,Hors intersection,Normale,Deux véhicules - frontale,,,,,,,,,,,1,1,1,1,1
200700033075,0007-06-22 07:20:00,7,6,22,7,20,540,345,ion des RD 112 ET RD 115,,,Plein jour,Hors agglomération,Intersection en X,Temps couvert,Deux véhicules - côté,,,,,,,,,,,1,1,2,8,3
200700033076,0007-06-29 11:00:00,7,6,29,11,0,540,571,,,,Plein jour,Hors agglomération,Hors intersection,Normale,Trois véhicules et plus - collisions multiples,,,,,,,,,,,1,1,1,1,5
200700033077,0007-06-17 23:45:00,7,6,17,23,45,540,587,,48.479,6.057,Nuit sans éclairage public,Hors agglomération,Hors intersection,Normale,Autre collision,,,,,,,,,,,3,1,1,1,6
200700033078,0007-06-20 07:30:00,7,6,20,7,30,540,247,,48.495,6.074,Plein jour,Hors agglomération,Hors intersection,Normale,Deux véhicules - frontale,,,,,,,,,,,1,1,1,1,1
200700033079,0007-06-07 19:00:00,7,6,7,19,0,540,378,,,,Plein jour,Hors agglomération,Hors intersection,Normale,Deux véhicules - côté,,,,,,,,,,,1,1,1,1,3
200700033080,0007-06-21 17:00:00,7,6,21,17,0,540,588,,,,Plein jour,Hors agglomération,Hors intersection,Normale,Autre collision,,,,,,,,,,,1,1,1,1,6
200700033081,0007-06-03 13:45:00,7,6,3,13,45,540,76,RUE DU COLONEL DRIANT,,,Plein jour,En agglomération,Hors intersection,Normale,Autre collision,,,,,,,,,,,1,2,1,1,6
200700033082,0007-06-23 23:15:00,7,6,23,23,15,540,556,,48.609,6.701,Nuit sans éclairage public,Hors agglomération,Hors intersection,Temps couvert,Autre collision,,,,,,,,,,,3,1,1,8,6
200700033083,0007-06-23 13:45:00,7,6,23,13,45,540,39,01 RUE DES Vosges,,,Plein jour,En agglomération,Hors intersection,Pluie légère,Deux véhicules - frontale,,,,,,,,,,,1,2,1,2,1
200700033084,0007-06-02 08:15:00,7,6,2,8,15,540,135,1 chemin du Clesson,,,Plein jour,En agglomération,Hors intersection,Normale,Deux véhicules - côté,,,,,,,,,,,1,2,1,1,3
200700033085,0007-06-02 14:45:00,7,6,2,14,45,540,530,,,,Plein jour,Hors agglomération,Hors intersection,Normale,Autre collision,,,,,,,,,,,1,1,1,1,6
200700033086,0007-06-02 19:30:00,7,6,2,19,30,540,523,19 Grande rue,,,Plein jour,En agglomération,Hors intersection,Normale,Autre collision,,,,,,,,,,,1,2,1,1,6
200700033087,0007-06-03 12:30:00,7,6,3,12,30,540,327,Grande Rue,48.725,5.84,Plein jour,En agglomération,Hors intersection,Normale,Autre collision,,,,,,,,,,,1,2,1,1,6
200700033088,0007-06-19 18:15:00,7,6,19,18,15,540,490,Allée des Charmilles,,,Plein jour,En agglomération,Hors intersection,Normale,Deux véhicules - côté,,,,,,,,,,,1,2,1,1,3
200700033089,0007-06-24 03:00:00,7,6,24,3,0,540,318,rue du Pisuy,,,Nuit avec éclairage allumé,En agglomération,Hors intersection,Normale,Autre collision,,,,,,,,,,,5,2,1,1,6
200700033090,0007-06-30 16:00:00,7,6,30,16,0,540,208,,,,Plein jour,Hors agglomération,Hors intersection,Normale,Deux véhicules - côté,,,,,,,,,,,1,1,1,1,3
200700033091,0007-06-15 22:00:00,7,6,15,22,0,550,251,,49.03,5.198,Crépuscule ou aube,Hors agglomération,Hors intersection,Pluie légère,Autre collision,,,,,,,,,,,2,1,1,2,6