accident_id,datetime,annee,mois,jour,heure,minute,departement,commune_insee,adresse,latitude,longitude,luminosite,agglomeration,intersection,meteo,collision,nb_vehicules,nb_usagers,nb_indemnes,nb_tues,nb_blesses_hosp,nb_blesses_legers,age_cond_1,age_cond_2,veh_type_cond_1,veh_type_cond_2,lum_code,agg_code,int_code,atm_code,col_code
200700033092,0007-06-15 18:15:00,7,6,15,18,15,550,427,26 rue aristide briand,,,Plein jour,En agglomération,Autre intersection,Normale,Autre collision,,,,,,,,,,,1,2,9,1,6
200700033093,0007-06-07 09:00:00,7,6,7,9,0,550,470,,48.702,5.065,Plein jour,Hors agglomération,Hors intersection,Normale,Deux véhicules - frontale,,,,,,,,,,,1,1,1,1,1
200700033094,0007-06-13 08:45:00,7,6,13,8,45,550,15,,48.645,5.116,Plein jour,Hors agglomération,Hors intersection,Normale,Deux véhicules - arrière,,,,,,,,,,,1,1,1,1,2
200700033095,0007-06-15 19:45:00,7,6,15,19,45,550,10,69 Petite rue,48.638,5.021,Plein jour,En agglomération,Hors intersection,Normale,Autre collision,,,,,,,,,,,1,2,1,1,6
200700033096,0007-06-08 13:45:00,7,6,8,13,45,550,454,RN4 sens NANCY---PARIS,,,Plein jour,Hors agglomération,Intersection en X,Normale,Trois véhicules et plus - collisions multiples,,,,,,,,,,,1,1,2,1,5
200700033097,0007-06-27 14:30:00,7,6,27,14,30,550,448,,48.884,5.408,Plein jour,Hors agglomération,Intersection en X,Normale,Deux véhicules - côté,,,,,,,,,,,1,1,2,1,3
200700033098,0007-06-04 05:15:00,7,6,4,5,15,550,573,RD 964,48.647,5.638,Crépuscule ou aube,Hors agglomération,Hors intersection,Normale,Autre collision,,,,,,,,,,,2,1,1,1,6
200700033099,0007-06-17 12:00:00,7,6,17,12,0,550,97,Rue du Château,,,Plein jour,En agglomération,Hors intersection,Normale,Autre collision,,,,,,,,,,,1,2,1,1,6
200700033100,0007-06-10 11:30:00,7,6,10,11,30,550,547,,49.541,5.407,Plein jour,Hors agglomération,Hors intersection,Normale,Autre collision,,,,,,,,,,,1,1,1,1,6
200700033101,0007-06-19 19:15:00,7,6,19,19,15,550,544,GRAND RUE,49.51,5.46,Plein jour,En agglomération,Hors intersection,Normale,Deux véhicules - frontale,,,,,,,,,,,1,2,1,1,1
200700033102,0007-06-22 17:00:00,7,6,22,17,0,550,552,,49.505,5.327,Plein jour,Hors agglomération,Hors intersection,Normale,Trois véhicules et plus - collisions multiples,,,,,,,,,,,1,1,1,1,5
200700033103,0007-06-24 12:45:00,7,6,24,12,45,550,169,Route de Montmedy,,,Plein jour,En agglomération,Hors intersection,Normale,Deux véhicules - frontale,,,,,,,,,,,1,2,1,1,1
200700033104,0007-06-01 11:30:00,7,6,1,11,30,550,482,,49.07,5.346,Plein jour,Hors agglomération,Hors intersection,Normale,Autre collision,,,,,,,,,,,1,1,1,1,6
200700033105,0007-06-24 16:15:00,7,6,24,16,15,550,73,,49.21,5.41,Plein jour,Hors agglomération,Hors intersection,Normale,Autre collision,,,,,,,,,,,1,1,1,1,6
200700033106,0007-06-21 19:00:00,7,6,21,19,0,550,117,Route de Vraincourt,49.121,5.097,Plein jour,En agglomération,Hors intersection,Normale,Autre collision,,,,,,,,,,,1,2,1,1,6
200700033107,0007-06-23 19:30:00,7,6,23,19,30,550,253,,49.108,5.001,Plein jour,Hors agglomération,Hors intersection,Normale,Deux véhicules - arrière,,,,,,,,,,,1,1,1,1,2
200700033108,0007-06-19 15:30:00,7,6,19,15,30,880,151,,48.222,6.223,Plein jour,Hors agglomération,Hors intersection,Normale,Deux véhicules - frontale,,,,,,,,,,,1,1,1,1,1
200700033109,0007-06-21 18:15:00,7,6,21,18,15,880,136,,,,Plein jour,Hors agglomération,Hors intersection,Normale,Autre collision,,,,,,,,,,,1,1,1,1,6
200700033110,0007-06-24 11:45:00,7,6,24,11,45,880,134,rue de la papeterie,,,Plein jour,En agglomération,Hors intersection,Normale,Trois véhicules et plus - collisions multiples,,,,,,,,,,,1,2,1,1,5
200700033111,0007-06-10 01:00:00,7,6,10,1,0,880,135,Rue des FERMES,48.151,6.618,Nuit sans éclairage public,En agglomération,Hors intersection,Normale,Autre collision,,,,,,,,,,,3,2,1,1,6
200700033112,0007-06-20 19:30:00,7,6,20,19,30,880,340,,48.293,6.581,Plein jour,Hors agglomération,Hors intersection,Normale,Deux véhicules - frontale,,,,,,,,,,,1,1,1,1,1
200700033113,0007-06-12 18:30:00,7,6,12,18,30,880,530,,,,Plein jour,En agglomération,Hors intersection,Normale,Deux véhicules - frontale,,,,,,,,,,,1,2,1,1,1
200700033114,0007-06-16 09:45:00,7,6,16,9,45,880,321,,,,Plein jour,Hors agglomération,Hors intersection,Normale,Sans collision,,,,,,,,,,,1,1,1,1,7
200700033115,0007-06-23 22:30:00,7,6,23,22,30,880,107,,48.481,5.766,Nuit sans éclairage public,Hors agglomération,Hors intersection,Normale,Autre collision,,,,,,,,,,,3,1,1,1,6
200700033116,0007-06-03 02:45:00,7,6,3,2,45,880,304,CD166 - Fbg ST VINCENT,,,Nuit avec éclairage allumé,En agglomération,Autre intersection,Normale,Autre collision,,,,,,,,,,,5,2,9,1,6
200700033117,0007-06-18 17:45:00,7,6,18,17,45,880,95,15 rue de Lorraine,,,Plein jour,En agglomération,Hors intersection,Normale,Autre collision,,,,,,,,,,,1,2,1,1,6
200700033118,0007-06-15 10:00:00,7,6,15,10,0,880,498,,47.985,6.636,Plein jour,Hors agglomération,Hors intersection,Pluie légère,Sans collision,,,,,,,,,,,1,1,1,2,7
200700033119,0007-06-22 23:45:00,7,6,22,23,45,880,358,ROUTE D ARCHES,48.112,6.565,Nuit avec éclairage allumé,En agglomération,Hors intersection,Pluie légère,Autre collision,,,,,,,,,,,5,2,1,2,6
200700033120,0007-06-15 09:00:00,7,6,15,9,0,880,116,,,,Plein jour,En agglomération,Hors intersection,Normale,Deux véhicules - côté,,,,,,,,,,,1,2,1,1,3
200700033121,0007-06-17 05:00:00,7,6,17,5,0,880,486,,,,Crépuscule ou aube,Hors agglomération,Hors intersection,Normale,Autre collision,,,,,,,,,,,2,1,1,1,6
200700033122,0007-06-10 04:45:00,7,6,10,4,45,880,468,,47.887,6.764,Crépuscule ou aube,Hors agglomération,Hors intersection,Normale,Sans collision,,,,,,,,,,,2,1,1,1,7
200700033123,0007-06-09 22:15:00,7,6,9,22,15,880,468,,47.884,6.766,Nuit avec éclairage allumé,En agglomération,Hors intersection,Normale,Sans collision,,,,,,,,,,,5,2,1,1,7
200700033124,0007-06-05 23:00:00,7,6,5,23,0,880,34,,,,Nuit sans éclairage public,Hors agglomération,Hors intersection,Normale,Deux véhicules - arrière,,,,,,,,,,,3,1,1,1,2
200700033125,0007-06-07 16:45:00,7,6,7,16,45,880,445,rue moulin sur alliers,48.241,6.958,Plein jour,En agglomération,Hors intersection,Normale,Autre collision,,,,,,,,,,,1,2,1,1,6
200700033126,0007-06-10 12:00:00,7,6,10,12,0,880,112,,48.33,7.093,Plein jour,Hors agglomération,Hors intersection,Normale,Deux véhicules - arrière,,,,,,,,,,,1,1,1,1,2
200700033127,0007-06-19 16:00:00,7,6,19,16,0,880,181,3 rue des Aulnes,,,Plein jour,En agglomération,Hors intersection,Normale,Deux véhicules - frontale,,,,,,,,,,,1,2,1,1,1
200700033128,0007-06-13 21:00:00,7,6,13,21,0,880,198,,48.131,6.916,Crépuscule ou aube,Hors agglomération,Hors intersection,Normale,Sans collision,,,,,,,,,,,2,1,1,1,7
200700033129,0007-06-13 17:00:00,7,6,13,17,0,670,28,RUE ROHAN,,,Plein jour,En agglomération,Hors intersection,Normale,Deux véhicules - frontale,,,,,,,,,,,1,2,1,1,1
200700033130,0007-06-24 18:15:00,7,6,24,18,15,670,464,,48.346,7.56,Plein jour,Hors agglomération,Hors intersection,Normale,Sans collision,,,,,,,,,,,1,1,1,1,7
200700033131,0007-06-11 07:45:00,7,6,11,7,45,670,131,"rue des Alouettes,",48.492,7.712,Plein jour,En agglomération,Hors intersection,Normale,Deux véhicules - côté,,,,,,,,,,,1,2,1,1,3
200700033132,0007-06-09 02:00:00,7,6,9,2,0,670,130,CD426,48.415,7.663,Nuit sans éclairage public,Hors agglomération,Hors intersection,Normale,Autre collision,,,,,,,,,,,3,1,1,1,6
200700033133,0007-06-30 16:25:00,7,6,30,16,25,670,313,cains - Rue du Cdt Clerc,,,Plein jour,En agglomération,Intersection en X,Normale,Deux véhicules - côté,,,,,,,,,,,1,2,2,1,3
200700033134,0007-06-09 19:45:00,7,6,9,19,45,670,414,chemin de solbach,,,Plein jour,En agglomération,Hors intersection,Normale,Deux véhicules - frontale,,,,,,,,,,,1,2,1,1,1
200700033135,0007-06-30 05:00:00,7,6,30,5,0,670,325,,48.527,7.354,Nuit sans éclairage public,Hors agglomération,Hors intersection,Pluie forte,Autre collision,,,,,,,,,,,3,1,1,3,6
200700033136,0007-06-26 11:45:00,7,6,26,11,45,670,372,60 rue des alouettes,,,Plein jour,En agglomération,Autre intersection,Normale,Autre collision,,,,,,,,,,,1,2,9,1,6
200700033137,0007-06-12 07:30:00,7,6,12,7,30,670,459,,48.727,7.42,Plein jour,Hors agglomération,Hors intersection,Normale,Deux véhicules - frontale,,,,,,,,,,,1,1,1,1,1
200700033138,0007-06-19 07:45:00,7,6,19,7,45,670,89,,48.754,7.483,Plein jour,Hors agglomération,Hors intersection,Normale,Trois véhicules et plus - en chaîne,,,,,,,,,,,1,1,1,1,4
200700033139,0007-06-09 23:30:00,7,6,9,23,30,670,29,,,,Nuit sans éclairage public,Hors agglomération,Hors intersection,Normale,Sans collision,,,,,,,,,,,3,1,1,1,7
200700033140,0007-06-13 19:00:00,7,6,13,19,0,670,273,,48.864,7.25,Plein jour,Hors agglomération,Hors intersection,Normale,Sans collision,,,,,,,,,,,1,1,1,1,7
200700033141,0007-06-14 08:10:00,7,6,14,8,10,670,535,Rue Hohl,,,Plein jour,En agglomération,Intersection en X,Normale,Deux véhicules - arrière,,,,,,,,,,,1,2,2,1,2
200700033142,0007-06-26 06:45:00,7,6,26,6,45,670,491,pas. à niveau PK SNCF 23,,,Plein jour,En agglomération,Passage à niveau,Normale,Deux véhicules - frontale,,,,,,,,,,,1,2,8,1,1
200700033143,0007-06-15 06:30:00,7,6,15,6,30,670,534,,,,Plein jour,Hors agglomération,Hors intersection,Pluie forte,Autre collision,,,,,,,,,,,1,1,1,3,6
200700033144,0007-06-02 15:15:00,7,6,2,15,15,670,419,,48.695,7.639,Plein jour,Hors agglomération,Hors intersection,Normale,Deux véhicules - frontale,,,,,,,,,,,1,1,1,1,1
200700033145,0007-06-16 08:15:00,7,6,16,8,15,670,51,Rue Winzenberg,48.346,7.418,Plein jour,En agglomération,Hors intersection,Normale,Deux véhicules - côté,,,,,,,,,,,1,2,1,1,3
200700033146,0007-06-06 16:30:00,7,6,6,16,30,670,311,rue des Jardins,,,Plein jour,En agglomération,Hors intersection,Normale,Autre collision,,,,,,,,,,,1,2,1,1,6
200700033147,0007-06-16 23:15:00,7,6,16,23,15,670,196,,48.302,7.564,Nuit sans éclairage public,Hors agglomération,Hors intersection,Normale,Autre collision,,,,,,,,,,,3,1,1,1,6
200700033148,0007-06-07 07:45:00,7,6,7,7,45,670,73,,,,Plein jour,Hors agglomération,Hors intersection,Normale,Sans collision,,,,,,,,,,,1,1,1,1,7
200700033149,0007-06-09 06:00:00,7,6,9,6,0,670,544,,48.996,7.981,Plein jour,Hors agglomération,Hors intersection,Normale,Sans collision,,,,,,,,,,,1,1,1,1,7
200700033150,0007-06-19 19:00:00,7,6,19,19,0,670,544,Rue des Faisans,49.041,7.951,Plein jour,En agglomération,Intersection en T,Normale,Trois véhicules et plus - collisions multiples,,,,,,,,,,,1,2,3,1,5
200700033151,0007-06-13 07:30:00,7,6,13,7,30,670,327,,,,Plein jour,Hors agglomération,Hors intersection,Temps éblouissant,Autre collision,,,,,,,,,,,1,1,1,7,6
200700033152,0007-06-28 13:15:00,7,6,28,13,15,670,327,,,,Plein jour,Hors agglomération,Hors intersection,Normale,Deux véhicules - arrière,,,,,,,,,,,1,1,1,1,2
200700033153,0007-06-11 04:30:00,7,6,11,4,30,670,487,Rue St Arbogast,48.915,7.851,Crépuscule ou aube,En agglomération,Hors intersection,Temps couvert,Autre collision,,,,,,,,,,,2,2,1,8,6
200700033154,0007-06-27 06:00:00,7,6,27,6,0,670,184,,,,Plein jour,Hors agglomération,Hors intersection,Pluie forte,Deux véhicules - frontale,,,,,,,,,,,1,1,1,3,1
200700033155,0007-06-27 13:00:00,7,6,27,13,0,670,232,,48.968,7.892,Plein jour,Hors agglomération,Hors intersection,Normale,Sans collision,,,,,,,,,,,1,1,1,1,7
200700033156,0007-06-20 14:00:00,7,6,20,14,0,680,66,rue du 4ème BCP,,,Plein jour,En agglomération,Hors intersection,Normale,Deux véhicules - côté,,,,,,,,,,,1,2,1,1,3
200700033157,0007-06-17 17:45:00,7,6,17,17,45,680,175,,48.12,7.1,Plein jour,Hors agglomération,Hors intersection,Normale,Trois véhicules et plus - collisions multiples,,,,,,,,,,,1,1,1,1,5
200700033158,0007-06-06 16:45:00,7,6,6,16,45,680,227,,,,Plein jour,Hors agglomération,Hors intersection,Normale,Deux véhicules - frontale,,,,,,,,,,,1,1,1,1,1
200700033159,0007-06-18 12:00:00,7,6,18,12,0,680,269,,48.199,7.334,Plein jour,Hors agglomération,Hors intersection,Normale,Deux véhicules - frontale,,,,,,,,,,,1,1,1,1,1
200700033160,0007-06-09 20:45:00,7,6,9,20,45,680,108,58 rue du Chemin de Fer,,,Plein jour,En agglomération,Hors intersection,Normale,Autre collision,,,,,,,,,,,1,2,1,1,6
200700033161,0007-06-15 10:15:00,7,6,15,10,15,680,96,,47.614,7.354,Plein jour,Hors agglomération,Intersection en X,Temps couvert,Deux véhicules - côté,,,,,,,,,,,1,1,2,8,3
200700033162,0007-06-12 20:45:00,7,6,12,20,45,680,128,D432,47.575,7.242,Crépuscule ou aube,En agglomération,Hors intersection,Normale,Deux véhicules - côté,,,,,,,,,,,2,2,1,1,3
200700033163,0007-06-08 18:30:00,7,6,8,18,30,680,315,route de Jungholtz-RD5.1,47.877,7.218,Plein jour,En agglomération,Autre intersection,Normale,Deux véhicules - côté,,,,,,,,,,,1,2,9,1,3
200700033164,0007-06-02 21:30:00,7,6,2,21,30,680,82,"rue des paquerettes,",47.859,7.334,Crépuscule ou aube,En agglomération,Hors intersection,Normale,Autre collision,,,,,,,,,,,2,2,1,1,6
200700033165,0007-06-12 21:00:00,7,6,12,21,0,680,91,Rue de la Première Armée,47.922,7.534,Crépuscule ou aube,En agglomération,Hors intersection,Normale,Deux véhicules - côté,,,,,,,,,,,2,2,1,1,3
200700033166,0007-06-08 12:00:00,7,6,8,12,0,680,43,06 rue des CYGNES,47.858,7.262,Plein jour,En agglomération,Hors intersection,Normale,Autre collision,,,,,,,,,,,1,2,1,1,6
200700033167,0007-06-13 07:15:00,7,6,13,7,15,680,300,rue Charles de Gaulle,,,Plein jour,En agglomération,Hors intersection,Normale,Deux véhicules - frontale,,,,,,,,,,,1,2,1,1,1
200700033168,0007-06-29 13:00:00,7,6,29,13,0,680,154,RUE DE BERNE,,,Plein jour,En agglomération,Hors intersection,Normale,Autre collision,,,,,,,,,,,1,2,1,1,6
200700033169,0007-06-03 22:45:00,7,6,3,22,45,680,195,Rue de Thann,,,Nuit avec éclairage allumé,En agglomération,Hors intersection,Normale,Sans collision,,,,,,,,,,,5,2,1,1,7
200700033170,0007-06-08 07:10:00,7,6,8,7,10,680,129,RN 166,,,Plein jour,Hors agglomération,Hors intersection,Normale,Autre collision,,,,,,,,,,,1,1,1,1,6
200700033171,0007-06-09 15:45:00,7,6,9,15,45,680,349,,47.617,7.572,Plein jour,En agglomération,Intersection en T,Normale,Deux véhicules - frontale,,,,,,,,,,,1,2,3,1,1
200700033172,0007-06-16 15:30:00,7,6,16,15,30,680,372,rue du général Gallieni,,,Plein jour,En agglomération,Hors intersection,Normale,Deux véhicules - frontale,,,,,,,,,,,1,2,1,1,1
200700033173,0007-06-23 11:00:00,7,6,23,11,0,680,115,44 rue principale,47.757,7.092,Plein jour,En agglomération,Hors intersection,Normale,Deux véhicules - frontale,,,,,,,,,,,1,2,1,1,1
200700033174,0007-06-06 13:45:00,7,6,6,13,45,510,559,Ave du Général Leclerc,49.13,4.53,Plein jour,En agglomération,Hors intersection,Normale,Deux véhicules - côté,,,,,,,,,,,1,2,1,1,3
200700033175,0007-06-21 19:30:00,7,6,21,19,30,510,302,CD337/CD19,,,Plein jour,En agglomération,Intersection en X,Normale,Deux véhicules - côté,,,,,,,,,,,1,2,2,1,3
200700033176,0007-06-02 06:15:00,7,6,2,6,15,510,217,28 rue grands remparts,49.08,3.644,Crépuscule ou aube,En agglomération,Hors intersection,Normale,Autre collision,,,,,,,,,,,2,2,1,1,6
200700033177,0007-06-26 19:00:00,7,6,26,19,0,510,346,Ruelle de la fortelle,49.083,3.76,Plein jour,En agglomération,Hors intersection,Normale,Autre collision,,,,,,,,,,,1,2,1,1,6
200700033178,0007-06-10 00:15:00,7,6,10,0,15,510,103,,48.614,3.691,Nuit sans éclairage public,Hors agglomération,Hors intersection,Normale,Sans collision,,,,,,,,,,,3,1,1,1,7
200700033179,0007-06-19 11:00:00,7,6,19,11,0,510,237,,48.738,3.558,Plein jour,En agglomération,Hors intersection,Normale,Deux véhicules - frontale,,,,,,,,,,,1,2,1,1,1
200700033180,0007-06-21 09:00:00,7,6,21,9,0,510,535,,48.717,3.742,Plein jour,Hors agglomération,Intersection en X,Pluie légère,Trois véhicules et plus - collisions multiples,,,,,,,,,,,1,1,2,2,5
200700033181,0007-06-30 17:30:00,7,6,30,17,30,510,343,Avenue des tilleuls,48.56,3.709,Plein jour,En agglomération,Hors intersection,Normale,Deux véhicules - arrière,,,,,,,,,,,1,2,1,1,2
200700033182,0007-06-23 03:45:00,7,6,23,3,45,510,250,,49.326,3.69,Crépuscule ou aube,Hors agglomération,Hors intersection,Pluie légère,Autre collision,,,,,,,,,,,2,1,1,2,6
200700033183,0007-06-10 05:00:00,7,6,10,5,0,510,140,,49.19,3.844,Crépuscule ou aube,Hors agglomération,Hors intersection,Brouillard / fumée,Sans collision,,,,,,,,,,,2,1,1,5,7
200700033184,0007-06-16 19:00:00,7,6,16,19,0,510,425,,,,Plein jour,Hors agglomération,Hors intersection,Normale,Autre collision,,,,,,,,,,,1,1,1,1,6
200700033185,0007-06-03 11:00:00,7,6,3,11,0,510,440,,,,Plein jour,Hors agglomération,Hors intersection,Normale,Autre collision,,,,,,,,,,,1,1,1,1,6
200700033186,0007-06-03 16:30:00,7,6,3,16,30,510,144,,48.74,4.922,Plein jour,Hors agglomération,Hors intersection,Normale,Sans collision,,,,,,,,,,,1,1,1,1,7
200700033187,0007-06-08 07:30:00,7,6,8,7,30,510,60,,48.765,4.776,Plein jour,Hors agglomération,Hors intersection,Normale,Deux véhicules - côté,,,,,,,,,,,1,1,1,1,3
200700033188,0007-06-07 07:15:00,7,6,7,7,15,510,138,,49.021,4.881,Plein jour,Hors agglomération,Hors intersection,Pluie légère,Sans collision,,,,,,,,,,,1,1,1,2,7
200700033189,0007-06-27 19:15:00,7,6,27,19,15,510,588,,,,Plein jour,Hors agglomération,Hors intersection,Normale,Autre collision,,,,,,,,,,,1,1,1,1,6
200700033190,0007-06-28 15:15:00,7,6,28,15,15,80,263,,49.743,4.785,Plein jour,Hors agglomération,Hors intersection,Normale,Trois véhicules et plus - collisions multiples,,,,,,,,,,,1,1,1,1,5
200700033191,0007-06-11 14:45:00,7,6,11,14,45,80,302,,49.912,4.749,Plein jour,Hors agglomération,Hors intersection,Pluie forte,Autre collision,,,,,,,,,,,1,1,1,3,6
200700033192,0007-06-04 20:00:00,7,6,4,20,0,80,363,,49.955,4.651,Plein jour,Hors agglomération,Hors intersection,Normale,Autre collision,,,,,,,,,,,1,1,1,1,6
200700033193,0007-06-12 16:30:00,7,6,12,16,30,80,363,,49.943,4.641,Plein jour,En agglomération,Hors intersection,Normale,Deux véhicules - arrière,,,,,,,,,,,1,2,1,1,2
200700033194,0007-06-12 16:00:00,7,6,12,16,0,80,363,,49.937,4.669,Plein jour,Hors agglomération,Hors intersection,Normale,Deux véhicules - côté,,,,,,,,,,,1,1,1,1,3
200700033195,0007-06-06 14:30:00,7,6,6,14,30,80,214,,49.158,4.13,Plein jour,Hors agglomération,Hors intersection,Normale,Autre collision,,,,,,,,,,,1,1,1,1,6
200700033196,0007-06-15 17:15:00,7,6,15,17,15,80,53,,49.687,4.967,Plein jour,Hors agglomération,Hors intersection,Normale,Deux véhicules - frontale,,,,,,,,,,,1,1,1,1,1
200700033197,0007-06-15 19:00:00,7,6,15,19,0,80,89,Rue Charles COFFIN,,,Plein jour,En agglomération,Hors intersection,Normale,Deux véhicules - côté,,,,,,,,,,,1,2,1,1,3
200700033198,0007-06-21 18:15:00,7,6,21,18,15,80,133,,,,Plein jour,Hors agglomération,Hors intersection,Normale,Sans collision,,,,,,,,,,,1,1,1,1,7
200700033199,0007-06-02 01:15:00,7,6,2,1,15,100,6,,48.534,4.144,Nuit sans éclairage public,Hors agglomération,Hors intersection,Normale,Autre collision,,,,,,,,,,,3,1,1,1,6
200700033200,0007-06-14 17:45:00,7,6,14,17,45,100,371,,,,Plein jour,Hors agglomération,Hors intersection,Normale,Autre collision,,,,,,,,,,,1,1,1,1,6
200700033201,0007-06-12 23:15:00,7,6,12,23,15,100,124,,,,Nuit sans éclairage public,Hors agglomération,Hors intersection,Normale,Autre collision,,,,,,,,,,,3,1,1,1,6
200700033202,0007-06-21 03:45:00,7,6,21,3,45,100,282,,,,Nuit sans éclairage public,Hors agglomération,Hors intersection,Normale,Autre collision,,,,,,,,,,,3,1,1,1,6
200700033203,0007-06-22 03:45:00,7,6,22,3,45,100,281,,,,Nuit sans éclairage public,Hors agglomération,Hors intersection,Normale,Autre collision,,,,,,,,,,,3,1,1,1,6
200700033204,0007-06-24 15:45:00,7,6,24,15,45,100,110,rue capitaine côte,48.271,4.247,Plein jour,En agglomération,Hors intersection,Normale,Sans collision,,,,,,,,,,,1,2,1,1,7
200700033205,0007-06-16 18:45:00,7,6,16,18,45,100,33,AVENUE  GENERAL LECLERC,,,Plein jour,En agglomération,Hors intersection,Normale,Deux véhicules - côté,,,,,,,,,,,1,2,1,1,3
200700033206,0007-06-03 12:15:00,7,6,3,12,15,100,286,,48.354,4.617,Plein jour,Hors agglomération,Hors intersection,Normale,Sans collision,,,,,,,,,,,1,1,1,1,7
200700033207,0007-06-27 10:30:00,7,6,27,10,30,100,64,boulevard Napoléon,48.397,4.53,Plein jour,En agglomération,Hors intersection,Normale,Deux véhicules - frontale,,,,,,,,,,,1,2,1,1,1
200700033208,0007-06-19 18:45:00,7,6,19,18,45,100,9,,48.054,4.276,Plein jour,Hors agglomération,Hors intersection,Normale,Deux véhicules - côté,,,,,,,,,,,1,1,1,1,3
200700033209,0007-06-02 15:15:00,7,6,2,15,15,100,23,,,,Plein jour,Hors agglomération,Hors intersection,Normale,Autre collision,,,,,,,,,,,1,1,1,1,6
200700033210,0007-06-27 00:30:00,7,6,27,0,30,100,223,,48.3,3.64,Nuit sans éclairage public,Hors agglomération,Hors intersection,Temps couvert,Autre collision,,,,,,,,,,,3,1,1,8,6
200700033211,0007-06-24 15:00:00,7,6,24,15,0,100,89,,48.503,3.861,Plein jour,Hors agglomération,Hors intersection,Normale,Deux véhicules - arrière,,,,,,,,,,,1,1,1,1,2
200700033212,0007-06-20 13:15:00,7,6,20,13,15,520,297,,48.06,5.17,Plein jour,Hors agglomération,Hors intersection,Normale,Autre collision,,,,,,,,,,,1,1,1,1,6
200700033213,0007-06-04 14:15:00,7,6,4,14,15,520,128,,,,Plein jour,Hors agglomération,Hors intersection,Normale,Deux véhicules - côté,,,,,,,,,,,1,1,1,1,3
200700033214,0007-06-23 13:00:00,7,6,23,13,0,520,468,,48.265,5.443,Plein jour,Hors agglomération,Hors intersection,Normale,Autre collision,,,,,,,,,,,1,1,1,1,6
200700033215,0007-06-10 14:00:00,7,6,10,14,0,520,208,Route de Chatillon,47.945,5.837,Plein jour,En agglomération,Hors intersection,Normale,Autre collision,,,,,,,,,,,1,2,1,1,6
200700033216,0007-06-12 17:45:00,7,6,12,17,45,520,311,,47.89,5.539,Plein jour,Hors agglomération,Hors intersection,Temps couvert,Deux véhicules - côté,,,,,,,,,,,1,1,1,8,3
200700033217,0007-06-12 06:15:00,7,6,12,6,15,520,182,23 route du der,48.592,4.865,Plein jour,En agglomération,Hors intersection,Normale,Autre collision,,,,,,,,,,,1,2,1,1,6
200700033218,0007-06-09 13:45:00,7,6,9,13,45,520,230,,,,Plein jour,Hors agglomération,Hors intersection,Normale,Autre collision,,,,,,,,,,,1,1,1,1,6
200700033219,0007-06-07 07:15:00,7,6,7,7,15,520,427,,48.46,4.82,Plein jour,En agglomération,Hors intersection,Normale,Trois véhicules et plus - collisions multiples,,,,,,,,,,,1,2,1,1,5
200700033220,0007-06-20 07:00:00,7,6,20,7,0,450,136,,48.117,2.998,Plein jour,Hors agglomération,Hors intersection,Normale,Sans collision,,,,,,,,,,,1,1,1,1,7
200700033221,0007-06-13 18:15:00,7,6,13,18,15,450,32,,,,Plein jour,Hors agglomération,Hors intersection,Normale,Autre collision,,,,,,,,,,,1,1,1,1,6
200700033222,0007-06-16 08:30:00,7,6,16,8,30,210,380,,,,Plein jour,Hors agglomération,Hors intersection,Normale,Autre collision,,,,,,,,,,,1,1,1,1,6
200700033223,0007-06-25 09:15:00,7,6,25,9,15,210,21,,,,Plein jour,Hors agglomération,Hors intersection,Normale,Deux véhicules - frontale,,,,,,,,,,,1,1,1,1,1
200700033224,0007-06-10 22:30:00,7,6,10,22,30,210,273,,47.31,4.863,Nuit sans éclairage public,Hors agglomération,Hors intersection,Autre,Deux véhicules - côté,,,,,,,,,,,3,1,1,9,3
200700033225,0007-06-13 18:45:00,7,6,13,18,45,210,176,ijon / Pouilly en Auxois,,,Plein jour,Hors agglomération,Hors intersection,Normale,Autre collision,,,,,,,,,,,1,1,1,1,6
200700033226,0007-06-25 09:15:00,7,6,25,9,15,210,154,rue marechal de lattre,,,Plein jour,En agglomération,Hors intersection,Pluie légère,Autre collision,,,,,,,,,,,1,2,1,2,6
200700033227,0007-06-27 07:45:00,7,6,27,7,45,210,663,Route de MONTBARD,47.549,4.459,Plein jour,En agglomération,Hors intersection,Normale,Deux véhicules - frontale,,,,,,,,,,,1,2,1,1,1
200700033228,0007-06-10 06:15:00,7,6,10,6,15,210,629,,47.272,4.353,Crépuscule ou aube,Hors agglomération,Hors intersection,Normale,Autre collision,,,,,,,,,,,2,1,1,1,6
200700033229,0007-06-23 14:15:00,7,6,23,14,15,210,434,,47.33,4.273,Plein jour,Hors agglomération,Hors intersection,Normale,Deux véhicules - côté,,,,,,,,,,,1,1,1,1,3
200700033230,0007-06-22 16:45:00,7,6,22,16,45,580,121,Vallée de PARZY,,,Plein jour,En agglomération,Hors intersection,Normale,Autre collision,,,,,,,,,,,1,2,1,1,6