accident_id,datetime,annee,mois,jour,heure,minute,departement,commune_insee,adresse,latitude,longitude,luminosite,agglomeration,intersection,meteo,collision,nb_vehicules,nb_usagers,nb_indemnes,nb_tues,nb_blesses_hosp,nb_blesses_legers,age_cond_1,age_cond_2,veh_type_cond_1,veh_type_cond_2,lum_code,agg_code,int_code,atm_code,col_code
200700033231,0007-06-10 23:45:00,7,6,10,23,45,580,273,,46.995,3.262,Nuit sans éclairage public,Hors agglomération,Hors intersection,Normale,Sans collision,,,,,,,,,,,3,1,1,1,7
200700033232,0007-06-17 14:45:00,7,6,17,14,45,580,225,,46.903,3.102,Plein jour,Hors agglomération,Intersection en Y,Pluie légère,Deux véhicules - frontale,,,,,,,,,,,1,1,4,2,1
200700033233,0007-06-24 04:00:00,7,6,24,4,0,580,293,les oudilles,46.769,3.438,Nuit avec éclairage non allumé,En agglomération,Hors intersection,Normale,Autre collision,,,,,,,,,,,4,2,1,1,6
200700033234,0007-06-24 08:30:00,7,6,24,8,30,580,152,,46.895,3.154,Plein jour,Hors agglomération,Hors intersection,Normale,Deux véhicules - frontale,,,,,,,,,,,1,1,1,1,1
200700033235,0007-06-26 08:00:00,7,6,26,8,0,580,87,,46.744,3.496,Plein jour,Hors agglomération,Hors intersection,Pluie légère,Deux véhicules - frontale,,,,,,,,,,,1,1,1,2,1
200700033236,0007-06-16 20:30:00,7,6,16,20,30,580,200,,47.406,3.5,Plein jour,Hors agglomération,Hors intersection,Normale,Autre collision,,,,,,,,,,,1,1,1,1,6
200700033237,0007-06-02 10:30:00,7,6,2,10,30,580,216,,,,Plein jour,Hors agglomération,Hors intersection,Normale,Autre collision,,,,,,,,,,,1,1,1,1,6
200700033238,0007-06-01 20:45:00,7,6,1,20,45,580,7,,47.548,2.953,Plein jour,Hors agglomération,Hors intersection,Normale,Sans collision,,,,,,,,,,,1,1,1,1,7
200700033239,0007-06-04 13:30:00,7,6,4,13,30,580,86,,,,Plein jour,En agglomération,Intersection en X,Normale,Deux véhicules - côté,,,,,,,,,,,1,2,2,1,3
200700033240,0007-06-04 17:00:00,7,6,4,17,0,580,86,,47.418,2.928,Plein jour,En agglomération,Intersection en T,Pluie forte,Deux véhicules - côté,,,,,,,,,,,1,2,3,3,3
200700033241,0007-06-24 18:15:00,7,6,24,18,15,580,193,,,,Plein jour,En agglomération,Hors intersection,Normale,Autre collision,,,,,,,,,,,1,2,1,1,6
200700033242,0007-06-30 18:30:00,7,6,30,18,30,710,32,,,,Plein jour,Hors agglomération,Intersection en Y,Normale,Deux véhicules - frontale,,,,,,,,,,,1,1,4,1,1
200700033243,0007-06-11 16:45:00,7,6,11,16,45,710,90,,,,Plein jour,Hors agglomération,Hors intersection,Normale,Trois véhicules et plus - collisions multiples,,,,,,,,,,,1,1,1,1,5
200700033244,0007-06-17 17:45:00,7,6,17,17,45,710,150,RN6,46.246,4.788,Plein jour,En agglomération,Hors intersection,Pluie légère,Deux véhicules - frontale,,,,,,,,,,,1,2,1,2,1
200700033245,0007-06-23 14:45:00,7,6,23,14,45,710,150,ROUTE DES VIGNOBLES,,,Plein jour,En agglomération,Hors intersection,Normale,Deux véhicules - frontale,,,,,,,,,,,1,2,1,1,1
200700033246,0007-06-22 11:30:00,7,6,22,11,30,710,137,,46.436,4.663,Plein jour,En agglomération,Hors intersection,Normale,Sans collision,,,,,,,,,,,1,2,1,1,7
200700033247,0007-06-03 10:45:00,7,6,3,10,45,710,14,avenue Charles de Gaulle,,,Plein jour,En agglomération,Hors intersection,Temps éblouissant,Autre collision,,,,,,,,,,,1,2,1,7,6
200700033248,0007-06-26 08:00:00,7,6,26,8,0,710,14,,,,Plein jour,En agglomération,Intersection en X,Pluie forte,Deux véhicules - côté,,,,,,,,,,,1,2,2,3,3
200700033249,0007-06-08 15:30:00,7,6,8,15,30,710,420,,46.709,5.03,Plein jour,Hors agglomération,Hors intersection,Pluie forte,Deux véhicules - frontale,,,,,,,,,,,1,1,1,3,1
200700033250,0007-06-12 13:45:00,7,6,12,13,45,710,559,,,,Plein jour,Hors agglomération,Hors intersection,Pluie légère,Deux véhicules - côté,,,,,,,,,,,1,1,1,2,3
200700033251,0007-06-01 22:15:00,7,6,1,22,15,710,453,,,,Nuit sans éclairage public,Hors agglomération,Hors intersection,Normale,Autre collision,,,,,,,,,,,3,1,1,1,6
200700033252,0007-06-07 20:00:00,7,6,7,20,0,710,238,,,,Plein jour,Hors agglomération,Hors intersection,Normale,Deux véhicules - côté,,,,,,,,,,,1,1,1,1,3
200700033253,0007-06-10 17:00:00,7,6,10,17,0,710,275,,,,Plein jour,Hors agglomération,Hors intersection,Normale,Deux véhicules - côté,,,,,,,,,,,1,1,1,1,3
200700033254,0007-06-13 15:15:00,7,6,13,15,15,710,342,,46.471,4.096,Plein jour,Hors agglomération,Hors intersection,Normale,Deux véhicules - arrière,,,,,,,,,,,1,1,1,1,2
200700033255,0007-06-26 16:45:00,7,6,26,16,45,710,491,,46.435,4.073,Plein jour,Hors agglomération,Hors intersection,Pluie légère,Deux véhicules - frontale,,,,,,,,,,,1,1,1,2,1
200700033256,0007-06-17 21:45:00,7,6,17,21,45,710,47,avenue Ferdinand Sarrien,46.627,3.768,Nuit avec éclairage allumé,En agglomération,Hors intersection,Temps couvert,Sans collision,,,,,,,,,,,5,2,1,8,7
200700033257,0007-06-27 15:45:00,7,6,27,15,45,710,348,,46.537,3.826,Plein jour,Hors agglomération,Hors intersection,Normale,Deux véhicules - côté,,,,,,,,,,,1,1,1,1,3
200700033258,0007-06-25 09:00:00,7,6,25,9,0,710,490,,,,Plein jour,Hors agglomération,Hors intersection,Normale,Trois véhicules et plus - collisions multiples,,,,,,,,,,,1,1,1,1,5
200700033259,0007-06-20 19:00:00,7,6,20,19,0,710,528,,,,Plein jour,Hors agglomération,Hors intersection,Normale,Deux véhicules - frontale,,,,,,,,,,,1,1,1,1,1
200700033260,0007-06-13 17:30:00,7,6,13,17,30,710,318,,,,Plein jour,Hors agglomération,Hors intersection,Normale,Autre collision,,,,,,,,,,,1,1,1,1,6
200700033261,0007-06-21 00:45:00,7,6,21,0,45,710,158,Route de bourg en bresse,,,Nuit avec éclairage allumé,En agglomération,Hors intersection,Pluie légère,Sans collision,,,,,,,,,,,5,2,1,2,7
200700033262,0007-06-16 20:30:00,7,6,16,20,30,710,514,,46.742,5.339,Plein jour,Hors agglomération,Hors intersection,Normale,Sans collision,,,,,,,,,,,1,1,1,1,7
200700033263,0007-06-10 14:45:00,7,6,10,14,45,710,187,,46.751,4.519,Plein jour,Hors agglomération,Hors intersection,Normale,Deux véhicules - côté,,,,,,,,,,,1,1,1,1,3
200700033264,0007-06-23 07:00:00,7,6,23,7,0,890,155,,47.739,3.59,Plein jour,Hors agglomération,Hors intersection,Normale,Sans collision,,,,,,,,,,,1,1,1,1,7
200700033265,0007-06-25 08:30:00,7,6,25,8,30,890,276,,,,Plein jour,Hors agglomération,Hors intersection,Pluie légère,Deux véhicules - frontale,,,,,,,,,,,1,1,1,2,1
200700033266,0007-06-25 15:30:00,7,6,25,15,30,890,345,Route de BEUGNON,,,Plein jour,En agglomération,Hors intersection,Normale,Trois véhicules et plus - collisions multiples,,,,,,,,,,,1,2,1,1,5
200700033267,0007-06-07 02:00:00,7,6,7,2,0,890,382,,47.932,3.608,Nuit avec éclairage allumé,Hors agglomération,Giratoire,Normale,Sans collision,,,,,,,,,,,5,1,6,1,7
200700033268,0007-06-09 09:45:00,7,6,9,9,45,890,96,,,,Plein jour,Hors agglomération,Hors intersection,Normale,Deux véhicules - frontale,,,,,,,,,,,1,1,1,1,1
200700033269,0007-06-16 04:00:00,7,6,16,4,0,890,201,,,,Nuit sans éclairage public,Hors agglomération,Hors intersection,Normale,Deux véhicules - arrière,,,,,,,,,,,3,1,1,1,2
200700033270,0007-06-26 07:30:00,7,6,26,7,30,890,307,,,,Plein jour,Hors agglomération,Intersection en X,Normale,Deux véhicules - côté,,,,,,,,,,,1,1,2,1,3
200700033271,0007-06-10 17:30:00,7,6,10,17,30,890,173,,47.72,3.229,Plein jour,Hors agglomération,Hors intersection,Normale,Deux véhicules - arrière,,,,,,,,,,,1,1,1,1,2
200700033272,0007-06-16 17:00:00,7,6,16,17,0,890,272,,47.711,3.341,Plein jour,Hors agglomération,Hors intersection,Normale,Sans collision,,,,,,,,,,,1,1,1,1,7
200700033273,0007-06-09 14:30:00,7,6,9,14,30,890,190,,,,Plein jour,Hors agglomération,Hors intersection,Normale,Trois véhicules et plus - en chaîne,,,,,,,,,,,1,1,1,1,4
200700033274,0007-06-23 04:30:00,7,6,23,4,30,890,25,ROUTE DES CHATELAINES,,,Nuit avec éclairage allumé,En agglomération,Hors intersection,Pluie légère,Autre collision,,,,,,,,,,,5,2,1,2,6
200700033275,0007-06-04 09:45:00,7,6,4,9,45,890,206,Rue Molière,,,Plein jour,En agglomération,Hors intersection,Normale,Autre collision,,,,,,,,,,,1,2,1,1,6
200700033276,0007-06-25 15:45:00,7,6,25,15,45,890,230,,,,Plein jour,Hors agglomération,Hors intersection,Normale,Deux véhicules - côté,,,,,,,,,,,1,1,1,1,3
200700033277,0007-06-10 12:15:00,7,6,10,12,15,890,294,,,,Plein jour,Hors agglomération,Hors intersection,Normale,Sans collision,,,,,,,,,,,1,1,1,1,7
200700033278,0007-06-22 14:45:00,7,6,22,14,45,890,436,Rue des Forges,,,Plein jour,En agglomération,Intersection en X,Normale,Deux véhicules - côté,,,,,,,,,,,1,2,2,1,3
200700033279,0007-06-22 04:00:00,7,6,22,4,0,890,66,,48.179,3.369,Nuit sans éclairage public,Hors agglomération,Hors intersection,Normale,Autre collision,,,,,,,,,,,3,1,1,1,6
200700033280,0007-06-01 19:15:00,7,6,1,19,15,890,74,,,,Plein jour,Hors agglomération,Hors intersection,Normale,Deux véhicules - côté,,,,,,,,,,,1,1,1,1,3
200700033281,0007-06-10 08:30:00,7,6,10,8,30,890,255,,,,Plein jour,Hors agglomération,Hors intersection,Normale,Sans collision,,,,,,,,,,,1,1,1,1,7
200700033282,0007-06-12 17:00:00,7,6,12,17,0,890,136,,,,Plein jour,Hors agglomération,Intersection en X,Normale,Deux véhicules - côté,,,,,,,,,,,1,1,2,1,3
200700033283,0007-06-14 19:00:00,7,6,14,19,0,890,100,rue de la République,,,Plein jour,En agglomération,Autre intersection,Normale,Deux véhicules - côté,,,,,,,,,,,1,2,9,1,3
200700033284,0007-06-21 16:45:00,7,6,21,16,45,890,100,,48.215,3.009,Plein jour,Hors agglomération,Hors intersection,Normale,Sans collision,,,,,,,,,,,1,1,1,1,7
200700033285,0007-06-21 20:15:00,7,6,21,20,15,890,418,,47.8,3.88,Plein jour,Hors agglomération,Hors intersection,Normale,Deux véhicules - frontale,,,,,,,,,,,1,1,1,1,1
200700033286,0007-06-07 19:00:00,7,6,7,19,0,250,112,,47.27,6.072,Plein jour,Hors agglomération,Autre intersection,Normale,Deux véhicules - arrière,,,,,,,,,,,1,1,9,1,2
200700033287,0007-06-04 18:50:00,7,6,4,18,50,250,147,Départementale 11,47.23,5.911,Plein jour,Hors agglomération,Hors intersection,Normale,Deux véhicules - frontale,,,,,,,,,,,1,1,1,1,1
200700033288,0007-06-09 11:30:00,7,6,9,11,30,250,622,,,,Plein jour,Hors agglomération,Intersection en T,Normale,Trois véhicules et plus - collisions multiples,,,,,,,,,,,1,1,3,1,5
200700033289,0007-06-30 18:15:00,7,6,30,18,15,250,287,chemin du Marquis,47.202,5.901,Plein jour,En agglomération,Hors intersection,Normale,Deux véhicules - côté,,,,,,,,,,,1,2,1,1,3
200700033290,0007-06-04 21:15:00,7,6,4,21,15,250,190,RUE DE FESCHES,,,Crépuscule ou aube,En agglomération,Hors intersection,Normale,Deux véhicules - frontale,,,,,,,,,,,2,2,1,1,1
200700033291,0007-06-06 21:45:00,7,6,6,21,45,250,367,,,,Nuit avec éclairage allumé,En agglomération,Hors intersection,Normale,Autre collision,,,,,,,,,,,5,2,1,1,6
200700033292,0007-06-08 18:30:00,7,6,8,18,30,250,193,,47.24,6.84,Plein jour,Hors agglomération,Hors intersection,Pluie forte,Deux véhicules - frontale,,,,,,,,,,,1,1,1,3,1
200700033293,0007-06-26 18:30:00,7,6,26,18,30,250,463,44 rue d'Alsace,47.401,6.77,Plein jour,En agglomération,Hors intersection,Pluie légère,Autre collision,,,,,,,,,,,1,2,1,2,6
200700033294,0007-06-26 17:15:00,7,6,26,17,15,250,546,,,,Plein jour,Hors agglomération,Intersection en Y,Pluie forte,Deux véhicules - côté,,,,,,,,,,,1,1,4,3,3
200700033295,0007-06-28 08:30:00,7,6,28,8,30,250,301,Grande rue,47.158,6.577,Plein jour,En agglomération,Autre intersection,Pluie légère,Deux véhicules - frontale,,,,,,,,,,,1,2,9,2,1
200700033296,0007-06-18 17:15:00,7,6,18,17,15,250,634,RUE DE PONTARLIER,46.942,6.325,Plein jour,En agglomération,Hors intersection,Normale,Trois véhicules et plus - collisions multiples,,,,,,,,,,,1,2,1,1,5
200700033297,0007-06-13 13:45:00,7,6,13,13,45,250,320,,,,Plein jour,Hors agglomération,Hors intersection,Normale,Deux véhicules - côté,,,,,,,,,,,1,1,1,1,3
200700033298,0007-06-23 20:15:00,7,6,23,20,15,250,240,26 rue de la Tuilerie,47.068,6.613,Crépuscule ou aube,En agglomération,Hors intersection,Normale,Autre collision,,,,,,,,,,,2,2,1,1,6
200700033299,0007-06-08 20:30:00,7,6,8,20,30,390,458,,46.62,5.61,Plein jour,Hors agglomération,Hors intersection,Normale,Deux véhicules - côté,,,,,,,,,,,1,1,1,1,3
200700033300,0007-06-16 16:15:00,7,6,16,16,15,390,278,,46.564,5.667,Plein jour,Hors agglomération,Hors intersection,Normale,Deux véhicules - côté,,,,,,,,,,,1,1,1,1,3
200700033301,0007-06-17 18:15:00,7,6,17,18,15,390,129,,46.671,5.941,Plein jour,Hors agglomération,Hors intersection,Pluie forte,Trois véhicules et plus - collisions multiples,,,,,,,,,,,1,1,1,3,5
200700033302,0007-06-15 15:00:00,7,6,15,15,0,390,434,,,,Plein jour,Hors agglomération,Hors intersection,Pluie légère,Deux véhicules - arrière,,,,,,,,,,,1,1,1,2,2
200700033303,0007-06-03 19:30:00,7,6,3,19,30,390,500,,46.962,5.861,Plein jour,Hors agglomération,Hors intersection,Normale,Deux véhicules - côté,,,,,,,,,,,1,1,1,1,3
200700033304,0007-06-10 10:45:00,7,6,10,10,45,390,133,CD 467,,,Plein jour,En agglomération,Hors intersection,Normale,Deux véhicules - frontale,,,,,,,,,,,1,2,1,1,1
200700033305,0007-06-23 19:45:00,7,6,23,19,45,390,500,,46.963,5.852,Plein jour,Hors agglomération,Hors intersection,Temps éblouissant,Deux véhicules - frontale,,,,,,,,,,,1,1,1,7,1
200700033306,0007-06-24 18:30:00,7,6,24,18,30,390,176,ion entre CD121 et D48E2,,,Plein jour,Hors agglomération,Autre intersection,Normale,Deux véhicules - frontale,,,,,,,,,,,1,1,9,1,1
200700033307,0007-06-10 20:30:00,7,6,10,20,30,390,252,,,,Crépuscule ou aube,Hors agglomération,Hors intersection,Temps couvert,Deux véhicules - côté,,,,,,,,,,,2,1,1,8,3
200700033308,0007-06-15 23:00:00,7,6,15,23,0,390,526,,,,Nuit sans éclairage public,Hors agglomération,Hors intersection,Normale,Deux véhicules - côté,,,,,,,,,,,3,1,1,1,3
200700033309,0007-06-10 16:15:00,7,6,10,16,15,390,478,,,,Plein jour,Hors agglomération,Hors intersection,Normale,Deux véhicules - côté,,,,,,,,,,,1,1,1,1,3
200700033310,0007-06-06 10:45:00,7,6,6,10,45,390,271,,,,Plein jour,Hors agglomération,Hors intersection,Normale,Deux véhicules - frontale,,,,,,,,,,,1,1,1,1,1
200700033311,0007-06-20 14:15:00,7,6,20,14,15,390,371,,,,Plein jour,Hors agglomération,Hors intersection,Normale,Autre collision,,,,,,,,,,,1,1,1,1,6
200700033312,0007-06-27 14:45:00,7,6,27,14,45,390,487,,,,Plein jour,En agglomération,Hors intersection,Pluie légère,Deux véhicules - frontale,,,,,,,,,,,1,2,1,2,1
200700033313,0007-06-12 09:45:00,7,6,12,9,45,700,111,,,,Plein jour,Hors agglomération,Hors intersection,Normale,Deux véhicules - côté,,,,,,,,,,,1,1,1,1,3
200700033314,0007-06-25 19:45:00,7,6,25,19,45,700,367,,,,Plein jour,Hors agglomération,Hors intersection,Normale,Deux véhicules - côté,,,,,,,,,,,1,1,1,1,3
200700033315,0007-06-22 16:30:00,7,6,22,16,30,700,292,,47.833,5.9,Plein jour,En agglomération,Hors intersection,Pluie forte,Autre collision,,,,,,,,,,,1,2,1,3,6
200700033316,0007-06-02 09:00:00,7,6,2,9,0,700,421,35 rue Robert ROY,,,Nuit avec éclairage allumé,En agglomération,Hors intersection,Normale,Deux véhicules - frontale,,,,,,,,,,,5,2,1,1,1
200700033317,0007-06-03 14:45:00,7,6,3,14,45,700,324,,47.53,6.01,Plein jour,Hors agglomération,Hors intersection,Normale,Trois véhicules et plus - collisions multiples,,,,,,,,,,,1,1,1,1,5
200700033318,0007-06-13 13:45:00,7,6,13,13,45,700,321,8 bis rue du lac,,,Plein jour,En agglomération,Hors intersection,Normale,Autre collision,,,,,,,,,,,1,2,1,1,6
200700033319,0007-06-05 09:00:00,7,6,5,9,0,700,96,,47.59,6.78,Plein jour,Hors agglomération,Hors intersection,Normale,Deux véhicules - frontale,,,,,,,,,,,1,1,1,1,1
200700033320,0007-06-13 17:30:00,7,6,13,17,30,700,311,28 rue Henry GUY,47.821,6.385,Plein jour,En agglomération,Hors intersection,Normale,Deux véhicules - côté,,,,,,,,,,,1,2,1,1,3
200700033321,0007-06-17 00:01:00,7,6,17,0,1,700,555,carrefour CD 10/CD6,47.776,6.206,Nuit sans éclairage public,En agglomération,Hors intersection,Normale,Deux véhicules - côté,,,,,,,,,,,3,2,1,1,3
200700033322,0007-06-28 23:45:00,7,6,28,23,45,700,245,,47.895,6.394,Nuit sans éclairage public,Hors agglomération,Hors intersection,Normale,Autre collision,,,,,,,,,,,3,1,1,1,6
200700033323,0007-06-05 07:45:00,7,6,5,7,45,700,26,Rue de DIJON,,,Plein jour,En agglomération,Hors intersection,Normale,Deux véhicules - frontale,,,,,,,,,,,1,2,1,1,1
200700033324,0007-06-30 23:15:00,7,6,30,23,15,700,220,,47.401,5.463,Nuit sans éclairage public,Hors agglomération,Hors intersection,Normale,Deux véhicules - frontale,,,,,,,,,,,3,1,1,1,1
200700033325,0007-06-04 16:30:00,7,6,4,16,30,700,334,,,,Plein jour,Hors agglomération,Hors intersection,Normale,Deux véhicules - côté,,,,,,,,,,,1,1,1,1,3
200700033326,0007-06-14 11:00:00,7,6,14,11,0,700,443,,,,Plein jour,Hors agglomération,Hors intersection,Normale,Deux véhicules - frontale,,,,,,,,,,,1,1,1,1,1
200700033327,0007-06-29 15:45:00,7,6,29,15,45,900,87,,,,Plein jour,Hors agglomération,Hors intersection,Normale,Deux véhicules - côté,,,,,,,,,,,1,1,1,1,3
200700033328,0007-06-22 07:15:00,7,6,22,7,15,900,52,Faubourg de Belfort,47.742,6.829,Plein jour,En agglomération,Hors intersection,Pluie forte,Deux véhicules - côté,,,,,,,,,,,1,2,1,3,3
200700033329,0007-06-11 12:45:00,7,6,11,12,45,900,47,,,,Plein jour,Hors agglomération,Hors intersection,Normale,Deux véhicules - côté,,,,,,,,,,,1,1,1,1,3
200700033330,0007-06-11 10:00:00,7,6,11,10,0,380,344,,45.373,4.809,Plein jour,Hors agglomération,Hors intersection,Pluie forte,Deux véhicules - arrière,,,,,,,,,,,1,1,1,3,2
200700033331,0007-06-11 10:45:00,7,6,11,10,45,380,19,e a7 sens Sud Nord pk 12,45.411,4.816,Plein jour,Hors agglomération,Hors intersection,Pluie forte,Deux véhicules - arrière,,,,,,,,,,,1,1,1,3,2
200700033332,0007-06-20 08:45:00,7,6,20,8,45,260,2,,45.22,4.85,Plein jour,Hors agglomération,Hors intersection,Normale,Deux véhicules - arrière,,,,,,,,,,,1,1,1,1,2
200700033333,0007-06-24 14:15:00,7,6,24,14,15,380,298,,45.41,4.82,Plein jour,Hors agglomération,Hors intersection,Normale,Trois véhicules et plus - collisions multiples,,,,,,,,,,,1,1,1,1,5
200700033334,0007-06-26 07:15:00,7,6,26,7,15,260,41,,45.223,4.861,Plein jour,Hors agglomération,Hors intersection,Normale,Deux véhicules - frontale,,,,,,,,,,,1,1,1,1,1
200700033335,0007-06-11 22:30:00,7,6,11,22,30,260,85,,44.506,4.768,Nuit sans éclairage public,Hors agglomération,Hors intersection,Normale,Autre collision,,,,,,,,,,,3,1,1,1,6
200700033336,0007-06-23 10:30:00,7,6,23,10,30,260,106,,44.653,4.793,Plein jour,Hors agglomération,Hors intersection,Normale,Trois véhicules et plus - en chaîne,,,,,,,,,,,1,1,1,1,4
200700033337,0007-06-25 16:00:00,7,6,25,16,0,260,85,,,,Plein jour,Hors agglomération,Hors intersection,Normale,Sans collision,,,,,,,,,,,1,1,1,1,7
200700033338,0007-06-26 12:30:00,7,6,26,12,30,260,138,,44.414,4.731,Plein jour,Hors agglomération,Hors intersection,Normale,Trois véhicules et plus - collisions multiples,,,,,,,,,,,1,1,1,1,5
200700033339,0007-06-30 12:45:00,7,6,30,12,45,260,5,,44.519,4.781,Plein jour,Hors agglomération,Hors intersection,Normale,Trois véhicules et plus - collisions multiples,,,,,,,,,,,1,1,1,1,5
200700033340,0007-06-30 02:00:00,7,6,30,2,0,130,41,,,,Nuit sans éclairage public,Hors agglomération,Hors intersection,Normale,Deux véhicules - frontale,,,,,,,,,,,3,1,1,1,1
200700033341,0007-06-22 11:45:00,7,6,22,11,45,130,60,,43.475,5.507,Plein jour,Hors agglomération,Hors intersection,Normale,Deux véhicules - côté,,,,,,,,,,,1,1,1,1,3
200700033342,0007-06-14 19:15:00,7,6,14,19,15,130,15,,,,Plein jour,Hors agglomération,Hors intersection,Normale,Deux véhicules - frontale,,,,,,,,,,,1,1,1,1,1
200700033343,0007-06-20 08:30:00,7,6,20,8,30,130,15,,,,Plein jour,En agglomération,Hors intersection,Normale,Trois véhicules et plus - collisions multiples,,,,,,,,,,,1,2,1,1,5
200700033344,0007-06-22 18:15:00,7,6,22,18,15,130,19,,43.426,5.371,Plein jour,Hors agglomération,Hors intersection,Normale,Deux véhicules - frontale,,,,,,,,,,,1,1,1,1,1
200700033345,0007-06-01 03:00:00,7,6,1,3,0,130,110,,43.487,5.69,Nuit sans éclairage public,Hors agglomération,Hors intersection,Normale,Sans collision,,,,,,,,,,,3,1,1,1,7
200700033346,0007-06-23 11:45:00,7,6,23,11,45,130,110,,43.462,5.655,Plein jour,Hors agglomération,Hors intersection,Normale,Deux véhicules - côté,,,,,,,,,,,1,1,1,1,3
200700033347,0007-06-27 16:00:00,7,6,27,16,0,130,110,,,,Plein jour,Hors agglomération,Hors intersection,Normale,Deux véhicules - côté,,,,,,,,,,,1,1,1,1,3
200700033348,0007-06-07 18:30:00,7,6,7,18,30,130,4,,,,Plein jour,Hors agglomération,Hors intersection,Normale,Deux véhicules - côté,,,,,,,,,,,1,1,1,1,3
200700033349,0007-06-20 11:00:00,7,6,20,11,0,130,4,,43.608,4.479,Plein jour,Hors agglomération,Hors intersection,Normale,Trois véhicules et plus - collisions multiples,,,,,,,,,,,1,1,1,1,5
200700033350,0007-06-12 17:45:00,7,6,12,17,45,130,66,,,,Plein jour,Hors agglomération,Intersection en X,Normale,Deux véhicules - côté,,,,,,,,,,,1,1,2,1,3
200700033351,0007-06-12 16:45:00,7,6,12,16,45,130,66,,,,Plein jour,Hors agglomération,Hors intersection,Normale,Deux véhicules - arrière,,,,,,,,,,,1,1,1,1,2
200700033352,0007-06-13 17:30:00,7,6,13,17,30,130,27,,43.87,4.806,Plein jour,Hors agglomération,Hors intersection,Normale,Deux véhicules - frontale,,,,,,,,,,,1,1,1,1,1
200700033353,0007-06-23 10:00:00,7,6,23,10,0,130,66,,,,Plein jour,Hors agglomération,Hors intersection,Normale,Deux véhicules - côté,,,,,,,,,,,1,1,1,1,3
200700033354,0007-06-26 09:15:00,7,6,26,9,15,130,27,,43.91,4.816,Plein jour,Hors agglomération,Hors intersection,Normale,Deux véhicules - côté,,,,,,,,,,,1,1,1,1,3
200700033355,0007-06-08 22:45:00,7,6,8,22,45,130,96,,,,Nuit sans éclairage public,Hors agglomération,Hors intersection,Normale,Autre collision,,,,,,,,,,,3,1,1,1,6
200700033356,0007-06-17 11:00:00,7,6,17,11,0,130,96,,,,Plein jour,Hors agglomération,Hors intersection,Normale,Deux véhicules - arrière,,,,,,,,,,,1,1,1,1,2
200700033357,0007-06-29 11:45:00,7,6,29,11,45,130,97,,,,Plein jour,Hors agglomération,Hors intersection,Normale,Trois véhicules et plus - collisions multiples,,,,,,,,,,,1,1,1,1,5
200700033358,0007-06-18 08:15:00,7,6,18,8,15,130,94,Route de Tarascon,,,Plein jour,En agglomération,Hors intersection,Normale,Trois véhicules et plus - collisions multiples,,,,,,,,,,,1,2,1,1,5
200700033359,0007-06-14 22:00:00,7,6,14,22,0,130,100,Boulevard Schweitzer,,,Nuit avec éclairage allumé,En agglomération,Hors intersection,Normale,Deux véhicules - côté,,,,,,,,,,,5,2,1,1,3
200700033360,0007-06-24 11:45:00,7,6,24,11,45,130,30,,43.269,5.672,Plein jour,Hors agglomération,Hors intersection,Normale,Trois véhicules et plus - collisions multiples,,,,,,,,,,,1,1,1,1,5
200700033361,0007-06-01 16:45:00,7,6,1,16,45,130,22,559 route Pierre Imbert,,,Plein jour,Hors agglomération,Hors intersection,Normale,Deux véhicules - frontale,,,,,,,,,,,1,1,1,1,1
200700033362,0007-06-10 19:30:00,7,6,10,19,30,130,22,,43.22,5.58,Plein jour,Hors agglomération,Intersection en T,Normale,Deux véhicules - côté,,,,,,,,,,,1,1,3,1,3
200700033363,0007-06-03 21:00:00,7,6,3,21,0,130,119,avenue Debussy,43.259,5.562,Nuit avec éclairage allumé,En agglomération,Hors intersection,Normale,Deux véhicules - arrière,,,,,,,,,,,5,2,1,1,2
200700033364,0007-06-21 14:45:00,7,6,21,14,45,130,85,,43.252,5.599,Plein jour,Hors agglomération,Hors intersection,Normale,Deux véhicules - arrière,,,,,,,,,,,1,1,1,1,2
200700033365,0007-06-17 08:20:00,7,6,17,8,20,130,73,carrefour des termes,,,Plein jour,Hors agglomération,Hors intersection,Normale,Deux véhicules - côté,,,,,,,,,,,1,1,1,1,3
200700033366,0007-06-06 23:15:00,7,6,6,23,15,130,31,RD96,,,Nuit avec éclairage allumé,En agglomération,Hors intersection,Normale,Deux véhicules - côté,,,,,,,,,,,5,2,1,1,3
200700033367,0007-06-26 20:00:00,7,6,26,20,0,130,7,,43.377,5.671,Plein jour,Hors agglomération,Hors intersection,Normale,Deux véhicules - arrière,,,,,,,,,,,1,1,1,1,2
200700033368,0007-06-27 19:30:00,7,6,27,19,30,130,14,AVENUE LOLIOT CURIE,,,Plein jour,En agglomération,Hors intersection,Normale,Deux véhicules - côté,,,,,,,,,,,1,2,1,1,3
200700033369,0007-06-10 02:15:00,7,6,10,2,15,130,105,,,,Nuit sans éclairage public,Hors agglomération,Hors intersection,Normale,Deux véhicules - côté,,,,,,,,,,,3,1,1,1,3