accident_id,datetime,annee,mois,jour,heure,minute,departement,commune_insee,adresse,latitude,longitude,luminosite,agglomeration,intersection,meteo,collision,nb_vehicules,nb_usagers,nb_indemnes,nb_tues,nb_blesses_hosp,nb_blesses_legers,age_cond_1,age_cond_2,veh_type_cond_1,veh_type_cond_2,lum_code,agg_code,int_code,atm_code,col_code
200700033370,0007-06-01 21:00:00,7,6,1,21,0,130,81,,43.503,5.213,Plein jour,Hors agglomération,Hors intersection,Normale,Deux véhicules - côté,,,,,,,,,,,1,1,1,1,3
200700033371,0007-06-11 16:15:00,7,6,11,16,15,40,94,,43.771,5.881,Plein jour,Hors agglomération,Hors intersection,Normale,Sans collision,,,,,,,,,,,1,1,1,1,7
200700033372,0007-06-17 02:45:00,7,6,17,2,45,40,73,Le Sauze,44.378,6.682,Nuit avec éclairage allumé,En agglomération,Hors intersection,Normale,Autre collision,,,,,,,,,,,5,2,1,1,6
200700033373,0007-06-06 20:00:00,7,6,6,20,0,40,219,,,,Plein jour,Hors agglomération,Hors intersection,Normale,Autre collision,,,,,,,,,,,1,1,1,1,6
200700033374,0007-06-20 17:45:00,7,6,20,17,45,40,173,carrefour RD 2 / RD 955,43.975,6.512,Plein jour,En agglomération,Hors intersection,Normale,Deux véhicules - côté,,,,,,,,,,,1,2,1,1,3
200700033375,0007-06-15 10:00:00,7,6,15,10,0,40,151,RD12,,,Plein jour,Hors agglomération,Hors intersection,Pluie forte,Deux véhicules - côté,,,,,,,,,,,1,1,1,3,3
200700033376,0007-06-16 14:30:00,7,6,16,14,30,40,242,Chemin du clos Bouichard,43.899,5.871,Plein jour,En agglomération,Giratoire,Normale,Deux véhicules - côté,,,,,,,,,,,1,2,6,1,3
200700033377,0007-06-29 23:30:00,7,6,29,23,30,40,192,,,,Nuit sans éclairage public,Hors agglomération,Hors intersection,Normale,Autre collision,,,,,,,,,,,3,1,1,1,6
200700033378,0007-06-25 19:15:00,7,6,25,19,15,40,18,,,,Plein jour,Hors agglomération,Hors intersection,Normale,Deux véhicules - frontale,,,,,,,,,,,1,1,1,1,1
200700033379,0007-06-12 13:00:00,7,6,12,13,0,40,145,,,,Plein jour,Hors agglomération,Hors intersection,Normale,Autre collision,,,,,,,,,,,1,1,1,1,6
200700033380,0007-06-28 00:10:00,7,6,28,0,10,40,209,ute de la motte du caire,,,Nuit avec éclairage allumé,En agglomération,Hors intersection,Normale,Autre collision,,,,,,,,,,,5,2,1,1,6
200700033381,0007-06-20 10:00:00,7,6,20,10,0,50,142,Sous la Roche,,,Plein jour,Hors agglomération,Hors intersection,Normale,Deux véhicules - côté,,,,,,,,,,,1,1,1,1,3
200700033382,0007-06-24 11:45:00,7,6,24,11,45,50,154,,44.52,5.7,Plein jour,Hors agglomération,Hors intersection,Normale,Deux véhicules - côté,,,,,,,,,,,1,1,1,1,3
200700033383,0007-06-24 17:00:00,7,6,24,17,0,50,151,,44.833,6.581,Plein jour,Hors agglomération,Hors intersection,Normale,Deux véhicules - côté,,,,,,,,,,,1,1,1,1,3
200700033384,0007-06-10 11:15:00,7,6,10,11,15,50,7,Les moulins,,,Plein jour,Hors agglomération,Hors intersection,Normale,Autre collision,,,,,,,,,,,1,1,1,1,6
200700033385,0007-06-07 15:00:00,7,6,7,15,0,60,15,,,,Plein jour,Hors agglomération,Autre intersection,Normale,Deux véhicules - frontale,,,,,,,,,,,1,1,9,1,1
200700033386,0007-06-09 11:45:00,7,6,9,11,45,60,48,,,,Plein jour,Hors agglomération,Hors intersection,Normale,Deux véhicules - arrière,,,,,,,,,,,1,1,1,1,2
200700033387,0007-06-10 12:00:00,7,6,10,12,0,60,48,,,,Plein jour,Hors agglomération,Autre intersection,Normale,Deux véhicules - côté,,,,,,,,,,,1,1,9,1,3
200700033388,0007-06-10 10:45:00,7,6,10,10,45,60,39,Place du lavoir,,,Plein jour,En agglomération,Hors intersection,Normale,Sans collision,,,,,,,,,,,1,2,1,1,7
200700033389,0007-06-10 15:15:00,7,6,10,15,15,60,48,Chemin du BAUDARIC,,,Plein jour,En agglomération,Hors intersection,Normale,Autre collision,,,,,,,,,,,1,2,1,1,6
200700033390,0007-06-23 08:45:00,7,6,23,8,45,60,43,,,,Plein jour,Hors agglomération,Hors intersection,Normale,Sans collision,,,,,,,,,,,1,1,1,1,7
200700033391,0007-06-26 09:30:00,7,6,26,9,30,60,48,,,,Plein jour,Hors agglomération,Hors intersection,Normale,Deux véhicules - frontale,,,,,,,,,,,1,1,1,1,1
200700033392,0007-06-10 00:15:00,7,6,10,0,15,60,127,Les châtaigniers,,,Nuit sans éclairage public,Hors agglomération,Hors intersection,Temps couvert,Sans collision,,,,,,,,,,,3,1,1,8,7
200700033393,0007-06-03 15:30:00,7,6,3,15,30,60,161,RD 6007,,,Plein jour,En agglomération,Hors intersection,Normale,Deux véhicules - frontale,,,,,,,,,,,1,2,1,1,1
200700033394,0007-06-08 16:00:00,7,6,8,16,0,60,44,avenue maréchal foch,,,Plein jour,En agglomération,Hors intersection,Normale,Trois véhicules et plus - collisions multiples,,,,,,,,,,,1,2,1,1,5
200700033395,0007-06-10 04:00:00,7,6,10,4,0,60,161,,,,Nuit avec éclairage allumé,Hors agglomération,Autre intersection,Normale,Sans collision,,,,,,,,,,,5,1,9,1,7
200700033396,0007-06-16 07:15:00,7,6,16,7,15,60,161,,,,Plein jour,Hors agglomération,Hors intersection,Normale,Deux véhicules - frontale,,,,,,,,,,,1,1,1,1,1
200700033397,0007-06-15 14:15:00,7,6,15,14,15,60,161,RD 6007,,,Plein jour,En agglomération,Hors intersection,Normale,Deux véhicules - côté,,,,,,,,,,,1,2,1,1,3
200700033398,0007-06-22 15:15:00,7,6,22,15,15,60,161,RD 6098,,,Plein jour,En agglomération,Hors intersection,Normale,Deux véhicules - côté,,,,,,,,,,,1,2,1,1,3
200700033399,0007-06-24 09:00:00,7,6,24,9,0,60,161,RN6007,,,Plein jour,En agglomération,Hors intersection,Normale,Deux véhicules - côté,,,,,,,,,,,1,2,1,1,3
200700033400,0007-06-28 08:45:00,7,6,28,8,45,60,161,450 avenue Anthony Fabre,,,Plein jour,En agglomération,Hors intersection,Normale,Autre collision,,,,,,,,,,,1,2,1,1,6
200700033401,0007-06-28 18:30:00,7,6,28,18,30,60,44,,,,Plein jour,Hors agglomération,Hors intersection,Normale,Deux véhicules - frontale,,,,,,,,,,,1,1,1,1,1
200700033402,0007-06-29 13:15:00,7,6,29,13,15,60,161,,,,Plein jour,En agglomération,Hors intersection,Normale,Deux véhicules - côté,,,,,,,,,,,1,2,1,1,3
200700033403,0007-06-04 10:45:00,7,6,4,10,45,60,138,,,,Plein jour,Hors agglomération,Hors intersection,Normale,Deux véhicules - frontale,,,,,,,,,,,1,1,1,1,1
200700033404,0007-06-15 14:15:00,7,6,15,14,15,60,79,Avenue de la mer,,,Plein jour,En agglomération,Hors intersection,Normale,Deux véhicules - arrière,,,,,,,,,,,1,2,1,1,2
200700033405,0007-06-15 13:00:00,7,6,15,13,0,60,79,,43.53,6.901,Plein jour,Hors agglomération,Intersection en X,Pluie légère,Deux véhicules - frontale,,,,,,,,,,,1,1,2,2,1
200700033406,0007-06-24 17:30:00,7,6,24,17,30,60,130,,,,Plein jour,Hors agglomération,Hors intersection,Normale,Deux véhicules - côté,,,,,,,,,,,1,1,1,1,3
200700033407,0007-06-08 21:30:00,7,6,8,21,30,60,157,intersection,43.71,7.12,Nuit avec éclairage allumé,En agglomération,Hors intersection,Normale,Deux véhicules - côté,,,,,,,,,,,5,2,1,1,3
200700033408,0007-06-27 16:30:00,7,6,27,16,30,60,122,Chemin de la Ferrage,43.751,7.143,Plein jour,En agglomération,Hors intersection,Normale,Deux véhicules - côté,,,,,,,,,,,1,2,1,1,3
200700033409,0007-06-03 19:30:00,7,6,3,19,30,60,34,,,,Plein jour,Hors agglomération,Hors intersection,Normale,Sans collision,,,,,,,,,,,1,1,1,1,7
200700033410,0007-06-08 11:15:00,7,6,8,11,15,60,33,chemin de la Téréhentine,,,Plein jour,En agglomération,Hors intersection,Normale,Autre collision,,,,,,,,,,,1,2,1,1,6
200700033411,0007-06-27 18:30:00,7,6,27,18,30,60,46,,,,Plein jour,Hors agglomération,Hors intersection,Normale,Deux véhicules - frontale,,,,,,,,,,,1,1,1,1,1
200700033412,0007-06-08 05:45:00,7,6,8,5,45,60,32,12 moyenne corniche,,,Plein jour,En agglomération,Hors intersection,Normale,Autre collision,,,,,,,,,,,1,2,1,1,6
200700033413,0007-06-24 10:45:00,7,6,24,10,45,60,73,,44.2,7.063,Plein jour,Hors agglomération,Hors intersection,Normale,Sans collision,,,,,,,,,,,1,1,1,1,7
200700033414,0007-06-26 18:45:00,7,6,26,18,45,60,73,,44.206,7.077,Plein jour,Hors agglomération,Hors intersection,Normale,Deux véhicules - côté,,,,,,,,,,,1,1,1,1,3
200700033415,0007-06-20 16:30:00,7,6,20,16,30,830,4,,,,Plein jour,Hors agglomération,Hors intersection,Normale,Deux véhicules - frontale,,,,,,,,,,,1,1,1,1,1
200700033416,0007-06-28 09:00:00,7,6,28,9,0,830,4,,,,Plein jour,Hors agglomération,Hors intersection,Normale,Deux véhicules - frontale,,,,,,,,,,,1,1,1,1,1
200700033417,0007-06-07 10:30:00,7,6,7,10,30,830,82,,,,Crépuscule ou aube,Hors agglomération,Hors intersection,Normale,Autre collision,,,,,,,,,,,2,1,1,1,6
200700033418,0007-06-15 17:30:00,7,6,15,17,30,830,56,,,,Plein jour,Hors agglomération,Intersection en X,Normale,Deux véhicules - côté,,,,,,,,,,,1,1,2,1,3
200700033419,0007-06-23 00:01:00,7,6,23,0,1,830,138,CD 19 / CH des TERMES,,,Nuit sans éclairage public,En agglomération,Hors intersection,Normale,Deux véhicules - côté,,,,,,,,,,,3,2,1,1,3
200700033420,0007-06-10 09:30:00,7,6,10,9,30,830,31,AVENUE DE Verdun,,,Plein jour,En agglomération,Hors intersection,Normale,Deux véhicules - côté,,,,,,,,,,,1,2,1,1,3
200700033421,0007-06-16 18:15:00,7,6,16,18,15,830,23,,,,Plein jour,Hors agglomération,Hors intersection,Normale,Deux véhicules - frontale,,,,,,,,,,,1,1,1,1,1
200700033422,0007-06-10 11:30:00,7,6,10,11,30,830,25,CD560,,,Plein jour,Hors agglomération,Hors intersection,Normale,Deux véhicules - frontale,,,,,,,,,,,1,1,1,1,1
200700033423,0007-06-08 13:00:00,7,6,8,13,0,830,146,,,,Plein jour,Hors agglomération,Hors intersection,Normale,Autre collision,,,,,,,,,,,1,1,1,1,6
200700033424,0007-06-06 16:00:00,7,6,6,16,0,830,106,,,,Plein jour,Hors agglomération,Hors intersection,Pluie légère,Deux véhicules - frontale,,,,,,,,,,,1,1,1,2,1
200700033425,0007-06-14 12:05:00,7,6,14,12,5,830,88,442 avenue de PROVENCE,,,Plein jour,En agglomération,Intersection en X,Normale,Deux véhicules - frontale,,,,,,,,,,,1,2,2,1,1
200700033426,0007-06-16 14:15:00,7,6,16,14,15,830,116,,,,Plein jour,Hors agglomération,Hors intersection,Normale,Autre collision,,,,,,,,,,,1,1,1,1,6
200700033427,0007-06-20 11:00:00,7,6,20,11,0,830,116,,,,Plein jour,Hors agglomération,Hors intersection,Normale,Deux véhicules - frontale,,,,,,,,,,,1,1,1,1,1
200700033428,0007-06-05 11:30:00,7,6,5,11,30,830,107,,43.467,6.634,Plein jour,Hors agglomération,Hors intersection,Normale,Deux véhicules - arrière,,,,,,,,,,,1,1,1,1,2
200700033429,0007-06-28 05:30:00,7,6,28,5,30,830,107,,,,Crépuscule ou aube,Hors agglomération,Hors intersection,Normale,Deux véhicules - côté,,,,,,,,,,,2,1,1,1,3
200700033430,0007-06-12 02:45:00,7,6,12,2,45,830,68,,,,Nuit sans éclairage public,Hors agglomération,Hors intersection,Normale,Autre collision,,,,,,,,,,,3,1,1,1,6
200700033431,0007-06-25 18:30:00,7,6,25,18,30,830,42,,,,Plein jour,Hors agglomération,Hors intersection,Normale,Deux véhicules - frontale,,,,,,,,,,,1,1,1,1,1
200700033432,0007-06-25 15:30:00,7,6,25,15,30,830,68,,,,Plein jour,Hors agglomération,Hors intersection,Normale,Deux véhicules - frontale,,,,,,,,,,,1,1,1,1,1
200700033433,0007-06-27 09:45:00,7,6,27,9,45,830,68,,,,Plein jour,Hors agglomération,Hors intersection,Normale,Deux véhicules - côté,,,,,,,,,,,1,1,1,1,3
200700033434,0007-06-03 23:00:00,7,6,3,23,0,830,65,CD 559,,,Nuit sans éclairage public,Hors agglomération,Hors intersection,Normale,Deux véhicules - frontale,,,,,,,,,,,3,1,1,1,1
200700033435,0007-06-17 15:15:00,7,6,17,15,15,830,101,,,,Plein jour,Hors agglomération,Hors intersection,Normale,Deux véhicules - côté,,,,,,,,,,,1,1,1,1,3
200700033436,0007-06-16 23:45:00,7,6,16,23,45,830,119,,43.266,6.629,Nuit avec éclairage allumé,Hors agglomération,Hors intersection,Normale,Deux véhicules - côté,,,,,,,,,,,5,1,1,1,3
200700033437,0007-06-26 04:30:00,7,6,26,4,30,830,65,,,,Nuit sans éclairage public,Hors agglomération,Hors intersection,Normale,Autre collision,,,,,,,,,,,3,1,1,1,6
200700033438,0007-06-29 15:00:00,7,6,29,15,0,830,65,,,,Plein jour,Hors agglomération,Hors intersection,Normale,Deux véhicules - frontale,,,,,,,,,,,1,1,1,1,1
200700033439,0007-06-09 20:30:00,7,6,9,20,30,830,16,,,,Crépuscule ou aube,Hors agglomération,Hors intersection,Normale,Trois véhicules et plus - collisions multiples,,,,,,,,,,,2,1,1,1,5
200700033440,0007-06-09 20:15:00,7,6,9,20,15,830,49,,,,Plein jour,Hors agglomération,Hors intersection,Normale,Deux véhicules - arrière,,,,,,,,,,,1,1,1,1,2
200700033441,0007-06-22 22:30:00,7,6,22,22,30,830,100,,,,Nuit sans éclairage public,Hors agglomération,Hors intersection,Normale,Autre collision,,,,,,,,,,,3,1,1,1,6
200700033442,0007-06-12 13:30:00,7,6,12,13,30,830,19,,43.194,6.374,Plein jour,Hors agglomération,Hors intersection,Normale,Deux véhicules - côté,,,,,,,,,,,1,1,1,1,3
200700033443,0007-06-21 16:30:00,7,6,21,16,30,830,19,corniche des iles d or,43.133,6.356,Plein jour,En agglomération,Hors intersection,Normale,Deux véhicules - côté,,,,,,,,,,,1,2,1,1,3
200700033444,0007-06-28 16:30:00,7,6,28,16,30,830,19,,,,Plein jour,Hors agglomération,Hors intersection,Normale,Deux véhicules - arrière,,,,,,,,,,,1,1,1,1,2
200700033445,0007-06-01 20:30:00,7,6,1,20,30,830,112,rte la Cadière,,,Plein jour,En agglomération,Hors intersection,Normale,Autre collision,,,,,,,,,,,1,2,1,1,6
200700033446,0007-06-26 17:00:00,7,6,26,17,0,830,112,,43.177,5.715,Plein jour,Hors agglomération,Hors intersection,Normale,Deux véhicules - frontale,,,,,,,,,,,1,1,1,1,1
200700033447,0007-06-13 20:30:00,7,6,13,20,30,840,62,,,,Plein jour,Hors agglomération,Intersection en X,Normale,Trois véhicules et plus - collisions multiples,,,,,,,,,,,1,1,2,1,5
200700033448,0007-06-19 12:00:00,7,6,19,12,0,840,129,,44.021,4.883,Plein jour,Hors agglomération,Hors intersection,Normale,Deux véhicules - frontale,,,,,,,,,,,1,1,1,1,1
200700033449,0007-06-03 05:30:00,7,6,3,5,30,840,112,,43.855,5.482,Crépuscule ou aube,Hors agglomération,Hors intersection,Normale,Sans collision,,,,,,,,,,,2,1,1,1,7
200700033450,0007-06-24 20:15:00,7,6,24,20,15,840,105,,43.865,5.446,Plein jour,Hors agglomération,Hors intersection,Normale,Deux véhicules - frontale,,,,,,,,,,,1,1,1,1,1
200700033451,0007-06-04 13:40:00,7,6,4,13,40,840,65,D973,,,Plein jour,Hors agglomération,Hors intersection,Normale,Sans collision,,,,,,,,,,,1,1,1,1,7
200700033452,0007-06-15 11:00:00,7,6,15,11,0,840,74,,43.763,5.196,Plein jour,Hors agglomération,Hors intersection,Normale,Deux véhicules - frontale,,,,,,,,,,,1,1,1,1,1
200700033453,0007-06-19 06:30:00,7,6,19,6,30,840,42,,43.762,5.413,Plein jour,Hors agglomération,Hors intersection,Normale,Autre collision,,,,,,,,,,,1,1,1,1,6
200700033454,0007-06-24 10:15:00,7,6,24,10,15,840,9,,,,Plein jour,Hors agglomération,Hors intersection,Normale,Deux véhicules - frontale,,,,,,,,,,,1,1,1,1,1
200700033455,0007-06-09 17:00:00,7,6,9,17,0,840,30,,,,Plein jour,Hors agglomération,Hors intersection,Normale,Autre collision,,,,,,,,,,,1,1,1,1,6
200700033456,0007-06-10 10:15:00,7,6,10,10,15,840,4,,44.104,5.033,Plein jour,Hors agglomération,Hors intersection,Normale,Autre collision,,,,,,,,,,,1,1,1,1,6
200700033457,0007-06-20 17:45:00,7,6,20,17,45,840,4,Croisement CD 7 et CD 55,44.102,5.026,Plein jour,En agglomération,Hors intersection,Normale,Deux véhicules - frontale,,,,,,,,,,,1,2,1,1,1
200700033458,0007-06-22 18:30:00,7,6,22,18,30,840,12,chemin de la cote,,,Plein jour,En agglomération,Autre intersection,Normale,Deux véhicules - frontale,,,,,,,,,,,1,2,9,1,1
200700033459,0007-06-16 06:00:00,7,6,16,6,0,840,44,,44.228,5.114,Plein jour,Hors agglomération,Hors intersection,Normale,Autre collision,,,,,,,,,,,1,1,1,1,6
200700033460,0007-06-09 20:00:00,7,6,9,20,0,840,37,route de sorgues,,,Plein jour,En agglomération,Hors intersection,Normale,Deux véhicules - côté,,,,,,,,,,,1,2,1,1,3
200700033461,0007-06-16 22:15:00,7,6,16,22,15,840,56,,,,Nuit sans éclairage public,Hors agglomération,Hors intersection,Normale,Deux véhicules - frontale,,,,,,,,,,,3,1,1,1,1
200700033462,0007-06-14 17:15:00,7,6,14,17,15,840,19,rue Emile ZOLA,,,Plein jour,En agglomération,Hors intersection,Normale,Autre collision,,,,,,,,,,,1,2,1,1,6
200700033463,0007-06-02 01:30:00,7,6,2,1,30,840,106,ROUTE DE BOLLENE,,,Nuit sans éclairage public,En agglomération,Hors intersection,Normale,Autre collision,,,,,,,,,,,3,2,1,1,6
200700033464,0007-06-10 11:30:00,7,6,10,11,30,840,138,16 chemin des antelmes,,,Plein jour,En agglomération,Hors intersection,Normale,Autre collision,,,,,,,,,,,1,2,1,1,6
200700033465,0007-06-17 15:45:00,7,6,17,15,45,840,150,,,,Plein jour,Hors agglomération,Hors intersection,Temps couvert,Deux véhicules - frontale,,,,,,,,,,,1,1,1,8,1
200700033466,0007-06-26 15:00:00,7,6,26,15,0,340,90,RD 613,,,Plein jour,En agglomération,Hors intersection,Normale,Autre collision,,,,,,,,,,,1,2,1,1,6
200700033467,0007-06-07 17:30:00,7,6,7,17,30,340,22,26  - route de Castries,,,Plein jour,Hors agglomération,Hors intersection,Normale,Trois véhicules et plus - collisions multiples,,,,,,,,,,,1,1,1,1,5
200700033468,0007-06-07 11:15:00,7,6,7,11,15,340,115,,43.894,3.624,Plein jour,Hors agglomération,Intersection en T,Normale,Deux véhicules - côté,,,,,,,,,,,1,1,3,1,3
200700033469,0007-06-21 18:00:00,7,6,21,18,0,340,344,AVENUE PLEIN SOLEIL,,,Plein jour,En agglomération,Hors intersection,Normale,Trois véhicules et plus - collisions multiples,,,,,,,,,,,1,2,1,1,5
200700033470,0007-06-19 14:15:00,7,6,19,14,15,340,344,quai Pompidou,,,Plein jour,En agglomération,Hors intersection,Normale,Autre collision,,,,,,,,,,,1,2,1,1,6
200700033471,0007-06-19 18:00:00,7,6,19,18,0,340,272,CD34,,,Plein jour,Hors agglomération,Hors intersection,Normale,Trois véhicules et plus - collisions multiples,,,,,,,,,,,1,1,1,1,5
200700033472,0007-06-04 08:15:00,7,6,4,8,15,340,127,Cd 24,,,Plein jour,Hors agglomération,Hors intersection,Normale,Trois véhicules et plus - collisions multiples,,,,,,,,,,,1,1,1,1,5
200700033473,0007-06-11 16:00:00,7,6,11,16,0,340,154,CD 24  -,43.621,3.997,Plein jour,Hors agglomération,Hors intersection,Normale,Sans collision,,,,,,,,,,,1,1,1,1,7
200700033474,0007-06-09 21:45:00,7,6,9,21,45,340,297,,43.825,3.898,Nuit sans éclairage public,Hors agglomération,Hors intersection,Normale,Deux véhicules - côté,,,,,,,,,,,3,1,1,1,3
200700033475,0007-06-19 19:00:00,7,6,19,19,0,340,322,,43.801,3.876,Plein jour,Hors agglomération,Hors intersection,Normale,Autre collision,,,,,,,,,,,1,1,1,1,6
200700033476,0007-06-05 20:15:00,7,6,5,20,15,340,28,LA BASTIDE,,,Plein jour,Hors agglomération,Hors intersection,Normale,Deux véhicules - arrière,,,,,,,,,,,1,1,1,1,2
200700033477,0007-06-24 13:30:00,7,6,24,13,30,340,8,,,,Plein jour,Hors agglomération,Hors intersection,Normale,Deux véhicules - frontale,,,,,,,,,,,1,1,1,1,1
200700033478,0007-06-15 09:00:00,7,6,15,9,0,340,189,,,,Crépuscule ou aube,Hors agglomération,Hors intersection,Normale,Sans collision,,,,,,,,,,,2,1,1,1,7
200700033479,0007-06-04 10:30:00,7,6,4,10,30,340,289,,,,Plein jour,Hors agglomération,Hors intersection,Normale,Autre collision,,,,,,,,,,,1,1,1,1,6
200700033480,0007-06-27 17:30:00,7,6,27,17,30,340,166,,,,Plein jour,Hors agglomération,Hors intersection,Normale,Trois véhicules et plus - collisions multiples,,,,,,,,,,,1,1,1,1,5
200700033481,0007-06-30 10:15:00,7,6,30,10,15,340,166,,,,Plein jour,Hors agglomération,Hors intersection,Normale,Deux véhicules - frontale,,,,,,,,,,,1,1,1,1,1
200700033482,0007-06-30 19:30:00,7,6,30,19,30,340,9,,,,Plein jour,Hors agglomération,Hors intersection,Normale,Trois véhicules et plus - collisions multiples,,,,,,,,,,,1,1,1,1,5
200700033483,0007-06-07 16:45:00,7,6,7,16,45,340,284,Grand rue,,,Plein jour,En agglomération,Hors intersection,Normale,Deux véhicules - frontale,,,,,,,,,,,1,2,1,1,1
200700033484,0007-06-10 06:30:00,7,6,10,6,30,340,291,,,,Plein jour,Hors agglomération,Hors intersection,Normale,Autre collision,,,,,,,,,,,1,1,1,1,6
200700033485,0007-06-17 07:00:00,7,6,17,7,0,340,293,,,,Crépuscule ou aube,Hors agglomération,Hors intersection,Normale,Autre collision,,,,,,,,,,,2,1,1,1,6
200700033486,0007-06-18 17:45:00,7,6,18,17,45,340,229,,43.473,2.822,Plein jour,Hors agglomération,Hors intersection,Normale,Autre collision,,,,,,,,,,,1,1,1,1,6
200700033487,0007-06-13 14:00:00,7,6,13,14,0,340,300,,43.391,3.314,Plein jour,Hors agglomération,Hors intersection,Normale,Deux véhicules - frontale,,,,,,,,,,,1,1,1,1,1
200700033488,0007-06-22 08:30:00,7,6,22,8,30,340,147,chemin de ronde,,,Plein jour,En agglomération,Hors intersection,Normale,Deux véhicules - frontale,,,,,,,,,,,1,2,1,1,1
200700033489,0007-06-09 20:30:00,7,6,9,20,30,340,298,RUE DU 11 NOVEMBRE,,,Plein jour,En agglomération,Hors intersection,Normale,Deux véhicules - côté,,,,,,,,,,,1,2,1,1,3
200700033490,0007-06-09 15:15:00,7,6,9,15,15,340,209,,43.318,3.321,Plein jour,Hors agglomération,Hors intersection,Normale,Sans collision,,,,,,,,,,,1,1,1,1,7
200700033491,0007-06-09 11:00:00,7,6,9,11,0,340,142,Avenue Prémerlet,43.737,3.323,Plein jour,En agglomération,Hors intersection,Normale,Autre collision,,,,,,,,,,,1,2,1,1,6
200700033492,0007-06-11 12:15:00,7,6,11,12,15,340,142,CD35 PK6 + 900,,,Plein jour,Hors agglomération,Hors intersection,Normale,Sans collision,,,,,,,,,,,1,1,1,1,7
200700033493,0007-06-08 16:45:00,7,6,8,16,45,340,41,,43.63,3.467,Plein jour,Hors agglomération,Hors intersection,Normale,Autre collision,,,,,,,,,,,1,1,1,1,6
200700033494,0007-06-25 14:00:00,7,6,25,14,0,340,51,,,,Plein jour,Hors agglomération,Hors intersection,Normale,Deux véhicules - côté,,,,,,,,,,,1,1,1,1,3
200700033495,0007-06-12 17:55:00,7,6,12,17,55,340,114,RTE DE MONTPELLIER,,,Plein jour,En agglomération,Autre intersection,Normale,Deux véhicules - côté,,,,,,,,,,,1,2,9,1,3
200700033496,0007-06-13 20:45:00,7,6,13,20,45,340,35,Mas d'Alhen,43.635,3.646,Crépuscule ou aube,Hors agglomération,Hors intersection,Normale,Sans collision,,,,,,,,,,,2,1,1,1,7
200700033497,0007-06-13 14:00:00,7,6,13,14,0,340,207,CD 18,,,Plein jour,En agglomération,Intersection en X,Normale,Deux véhicules - côté,,,,,,,,,,,1,2,2,1,3
200700033498,0007-06-15 18:30:00,7,6,15,18,30,340,56,,,,Plein jour,Hors agglomération,Hors intersection,Normale,Sans collision,,,,,,,,,,,1,1,1,1,7
200700033499,0007-06-22 16:30:00,7,6,22,16,30,340,332,,,,Plein jour,Hors agglomération,Hors intersection,Normale,Deux véhicules - frontale,,,,,,,,,,,1,1,1,1,1
200700033500,0007-06-22 20:15:00,7,6,22,20,15,340,207,,,,Plein jour,Hors agglomération,Hors intersection,Normale,Deux véhicules - frontale,,,,,,,,,,,1,1,1,1,1
200700033501,0007-06-19 19:00:00,7,6,19,19,0,340,113,,,,Plein jour,Hors agglomération,Hors intersection,Normale,Deux véhicules - arrière,,,,,,,,,,,1,1,1,1,2
200700033502,0007-06-10 09:00:00,7,6,10,9,0,340,213,RD 613,43.47,3.67,Plein jour,Hors agglomération,Hors intersection,Normale,Trois véhicules et plus - collisions multiples,,,,,,,,,,,1,1,1,1,5
200700033503,0007-06-26 01:00:00,7,6,26,1,0,340,143,,43.45,3.63,Nuit sans éclairage public,Hors agglomération,Hors intersection,Normale,Sans collision,,,,,,,,,,,3,1,1,1,7
200700033504,0007-06-25 17:45:00,7,6,25,17,45,110,413,,,,Plein jour,Hors agglomération,Intersection en X,Normale,Deux véhicules - côté,,,,,,,,,,,1,1,2,1,3
200700033505,0007-06-09 10:00:00,7,6,9,10,0,110,251,,43.128,2.539,Plein jour,Hors agglomération,Hors intersection,Normale,Sans collision,,,,,,,,,,,1,1,1,1,7
200700033506,0007-06-17 07:00:00,7,6,17,7,0,110,22,,,,Plein jour,Hors agglomération,Hors intersection,Normale,Sans collision,,,,,,,,,,,1,1,1,1,7
200700033507,0007-06-30 09:00:00,7,6,30,9,0,110,190,,43.248,2.663,Plein jour,Hors agglomération,Intersection en X,Normale,Deux véhicules - côté,,,,,,,,,,,1,1,2,1,3
200700033508,0007-06-04 17:30:00,7,6,4,17,30,110,225,avenue de la tour,43.317,1.874,Plein jour,En agglomération,Hors intersection,Normale,Deux véhicules - côté,,,,,,,,,,,1,2,1,1,3
200700033509,0007-06-21 08:30:00,7,6,21,8,30,110,361,,43.328,2.018,Plein jour,Hors agglomération,Intersection en Y,Normale,Deux véhicules - frontale,,,,,,,,,,,1,1,4,1,1
200700033510,0007-06-22 19:30:00,7,6,22,19,30,110,192,,43.296,2.032,Plein jour,Hors agglomération,Hors intersection,Temps couvert,Autre collision,,,,,,,,,,,1,1,1,8,6
200700033511,0007-06-10 09:45:00,7,6,10,9,45,110,418,,43.25,2.066,Plein jour,Hors agglomération,Hors intersection,Normale,Deux véhicules - frontale,,,,,,,,,,,1,1,1,1,1
200700033512,0007-06-26 11:00:00,7,6,26,11,0,110,184,,43.155,1.881,Plein jour,Hors agglomération,Hors intersection,Normale,Sans collision,,,,,,,,,,,1,1,1,1,7