accident_id,datetime,annee,mois,jour,heure,minute,departement,commune_insee,adresse,latitude,longitude,luminosite,agglomeration,intersection,meteo,collision,nb_vehicules,nb_usagers,nb_indemnes,nb_tues,nb_blesses_hosp,nb_blesses_legers,age_cond_1,age_cond_2,veh_type_cond_1,veh_type_cond_2,lum_code,agg_code,int_code,atm_code,col_code
200700033513,0007-06-21 08:45:00,7,6,21,8,45,110,206,1 rue du gaz,,,Plein jour,En agglomération,Hors intersection,Normale,Autre collision,,,,,,,,,,,1,2,1,1,6
200700033514,0007-06-28 16:00:00,7,6,28,16,0,110,206,Avenue de Catalogne,43.068,2.218,Plein jour,En agglomération,Hors intersection,Normale,Deux véhicules - côté,,,,,,,,,,,1,2,1,1,3
200700033515,0007-06-11 12:45:00,7,6,11,12,45,110,36,,42.863,2.107,Plein jour,Hors agglomération,Hors intersection,Normale,Sans collision,,,,,,,,,,,1,1,1,1,7
200700033516,0007-06-19 06:45:00,7,6,19,6,45,110,165,,42.88,2.165,Plein jour,Hors agglomération,Hors intersection,Normale,Sans collision,,,,,,,,,,,1,1,1,1,7
200700033517,0007-06-03 12:30:00,7,6,3,12,30,110,262,,,,Plein jour,Hors agglomération,Hors intersection,Normale,Deux véhicules - côté,,,,,,,,,,,1,1,1,1,3
200700033518,0007-06-22 10:15:00,7,6,22,10,15,110,145,,,,Plein jour,Hors agglomération,Intersection en X,Normale,Deux véhicules - côté,,,,,,,,,,,1,1,2,1,3
200700033519,0007-06-30 18:15:00,7,6,30,18,15,110,170,,,,Plein jour,Hors agglomération,Intersection à plus de 4 branches,Normale,Deux véhicules - côté,,,,,,,,,,,1,1,5,1,3
200700033520,0007-06-01 15:45:00,7,6,1,15,45,110,379,,43.026,2.967,Plein jour,Hors agglomération,Hors intersection,Normale,Deux véhicules - frontale,,,,,,,,,,,1,1,1,1,1
200700033521,0007-06-24 21:30:00,7,6,24,21,30,110,266,Bd Francis VALS,,,Crépuscule ou aube,En agglomération,Hors intersection,Normale,Deux véhicules - côté,,,,,,,,,,,2,2,1,1,3
200700033522,0007-06-03 04:00:00,7,6,3,4,0,300,276,pont de la vitre,,,Nuit sans éclairage public,Hors agglomération,Hors intersection,Normale,Autre collision,,,,,,,,,,,3,1,1,1,6
200700033523,0007-06-09 06:15:00,7,6,9,6,15,300,276,,,,Crépuscule ou aube,Hors agglomération,Hors intersection,Normale,Autre collision,,,,,,,,,,,2,1,1,1,6
200700033524,0007-06-23 13:45:00,7,6,23,13,45,300,276,,43.555,4.171,Plein jour,Hors agglomération,Hors intersection,Normale,Deux véhicules - frontale,,,,,,,,,,,1,1,1,1,1
200700033525,0007-06-24 06:15:00,7,6,24,6,15,300,276,,43.598,4.209,Crépuscule ou aube,Hors agglomération,Hors intersection,Normale,Sans collision,,,,,,,,,,,2,1,1,1,7
200700033526,0007-06-23 18:30:00,7,6,23,18,30,300,114,,,,Plein jour,Hors agglomération,Hors intersection,Normale,Deux véhicules - côté,,,,,,,,,,,1,1,1,1,3
200700033527,0007-06-29 12:15:00,7,6,29,12,15,300,324,,43.827,4.133,Plein jour,Hors agglomération,Hors intersection,Normale,Autre collision,,,,,,,,,,,1,1,1,1,6
200700033528,0007-06-05 07:45:00,7,6,5,7,45,300,156,,43.874,4.456,Plein jour,Hors agglomération,Hors intersection,Normale,Trois véhicules et plus - en chaîne,,,,,,,,,,,1,1,1,1,4
200700033529,0007-06-12 09:30:00,7,6,12,9,30,300,258,Chemin du vin,,,Plein jour,En agglomération,Hors intersection,Normale,Autre collision,,,,,,,,,,,1,2,1,1,6
200700033530,0007-06-02 19:15:00,7,6,2,19,15,300,6,,43.683,4.215,Plein jour,Hors agglomération,Passage à niveau,Normale,Deux véhicules - côté,,,,,,,,,,,1,1,8,1,3
200700033531,0007-06-06 10:00:00,7,6,6,10,0,300,36,,,,Plein jour,Hors agglomération,Hors intersection,Normale,Autre collision,,,,,,,,,,,1,1,1,1,6
200700033532,0007-06-11 10:00:00,7,6,11,10,0,300,344,,43.74,4.238,Plein jour,Hors agglomération,Hors intersection,Normale,Deux véhicules - côté,,,,,,,,,,,1,1,1,1,3
200700033533,0007-06-01 16:45:00,7,6,1,16,45,300,307,,44.194,4.013,Plein jour,Hors agglomération,Hors intersection,Pluie légère,Deux véhicules - frontale,,,,,,,,,,,1,1,1,2,1
200700033534,0007-06-09 23:30:00,7,6,9,23,30,300,294,,44.148,4.133,Nuit sans éclairage public,En agglomération,Hors intersection,Normale,Autre collision,,,,,,,,,,,3,2,1,1,6
200700033535,0007-06-23 11:30:00,7,6,23,11,30,300,161,,,,Plein jour,Hors agglomération,Autre intersection,Normale,Trois véhicules et plus - en chaîne,,,,,,,,,,,1,1,9,1,4
200700033536,0007-06-12 12:15:00,7,6,12,12,15,300,29,av. Jean Tassy,,,Plein jour,En agglomération,Hors intersection,Normale,Deux véhicules - frontale,,,,,,,,,,,1,2,1,1,1
200700033537,0007-06-24 03:15:00,7,6,24,3,15,300,227,Le Moulinet,,,Nuit avec éclairage allumé,En agglomération,Hors intersection,Normale,Autre collision,,,,,,,,,,,5,2,1,1,6
200700033538,0007-06-26 16:30:00,7,6,26,16,30,300,286,,43.993,4.439,Plein jour,Hors agglomération,Hors intersection,Normale,Sans collision,,,,,,,,,,,1,1,1,1,7
200700033539,0007-06-24 03:00:00,7,6,24,3,0,300,256,,,,Nuit sans éclairage public,Hors agglomération,Hors intersection,Normale,Sans collision,,,,,,,,,,,3,1,1,1,7
200700033540,0007-06-04 19:45:00,7,6,4,19,45,300,166,CD 502 route de sernhac,43.892,4.561,Plein jour,En agglomération,Intersection en X,Normale,Deux véhicules - côté,,,,,,,,,,,1,2,2,1,3
200700033541,0007-06-08 20:15:00,7,6,8,20,15,300,12,,,,Plein jour,Hors agglomération,Hors intersection,Normale,Autre collision,,,,,,,,,,,1,1,1,1,6
200700033542,0007-06-10 17:00:00,7,6,10,17,0,300,107,,43.959,4.652,Plein jour,Hors agglomération,Hors intersection,Normale,Deux véhicules - frontale,,,,,,,,,,,1,1,1,1,1
200700033543,0007-06-27 08:15:00,7,6,27,8,15,300,12,,43.905,4.7,Plein jour,Hors agglomération,Giratoire,Normale,Deux véhicules - frontale,,,,,,,,,,,1,1,6,1,1
200700033544,0007-06-25 18:30:00,7,6,25,18,30,300,221,,44.039,4.791,Plein jour,Hors agglomération,Hors intersection,Normale,Deux véhicules - frontale,,,,,,,,,,,1,1,1,1,1
200700033545,0007-06-02 10:15:00,7,6,2,10,15,300,126,,,,Plein jour,Hors agglomération,Hors intersection,Vent fort / tempête,Sans collision,,,,,,,,,,,1,1,1,6,7
200700033546,0007-06-10 16:45:00,7,6,10,16,45,300,102,,,,Plein jour,Hors agglomération,Hors intersection,Normale,Deux véhicules - frontale,,,,,,,,,,,1,1,1,1,1
200700033547,0007-06-19 18:15:00,7,6,19,18,15,300,61,,,,Plein jour,Hors agglomération,Hors intersection,Normale,Autre collision,,,,,,,,,,,1,1,1,1,6
200700033548,0007-06-24 11:15:00,7,6,24,11,15,300,88,,,,Plein jour,Hors agglomération,Hors intersection,Normale,Deux véhicules - frontale,,,,,,,,,,,1,1,1,1,1
200700033549,0007-06-25 11:00:00,7,6,25,11,0,300,248,ROUTE DE ST CHAPTES,,,Plein jour,En agglomération,Hors intersection,Normale,Deux véhicules - frontale,,,,,,,,,,,1,2,1,1,1
200700033550,0007-06-03 10:15:00,7,6,3,10,15,300,9,,43.972,3.454,Plein jour,Hors agglomération,Hors intersection,Normale,Deux véhicules - arrière,,,,,,,,,,,1,1,1,1,2
200700033551,0007-06-12 13:45:00,7,6,12,13,45,300,350,place du quai,43.996,3.608,Plein jour,En agglomération,Hors intersection,Normale,Autre collision,,,,,,,,,,,1,2,1,1,6
200700033552,0007-06-23 19:15:00,7,6,23,19,15,300,229,,,,Plein jour,Hors agglomération,Hors intersection,Normale,Deux véhicules - frontale,,,,,,,,,,,1,1,1,1,1
200700033553,0007-06-25 16:00:00,7,6,25,16,0,300,339,CD986,44.084,3.642,Plein jour,En agglomération,Hors intersection,Normale,Autre collision,,,,,,,,,,,1,2,1,1,6
200700033554,0007-06-29 17:00:00,7,6,29,17,0,300,325,6 RUE DU PONT NEUF,,,Plein jour,En agglomération,Hors intersection,Normale,Autre collision,,,,,,,,,,,1,2,1,1,6
200700033555,0007-06-07 16:00:00,7,6,7,16,0,480,61,CD 907,44.32,3.59,Plein jour,En agglomération,Hors intersection,Normale,Deux véhicules - frontale,,,,,,,,,,,1,2,1,1,1
200700033556,0007-06-08 05:00:00,7,6,8,5,0,480,186,,,,Crépuscule ou aube,Hors agglomération,Hors intersection,Normale,Sans collision,,,,,,,,,,,2,1,1,1,7
200700033557,0007-06-16 02:30:00,7,6,16,2,30,480,122,,,,Nuit sans éclairage public,Hors agglomération,Hors intersection,Normale,Sans collision,,,,,,,,,,,3,1,1,1,7
200700033558,0007-06-22 04:00:00,7,6,22,4,0,480,116,,,,Crépuscule ou aube,Hors agglomération,Hors intersection,Normale,Sans collision,,,,,,,,,,,2,1,1,1,7
200700033559,0007-06-06 10:30:00,7,6,6,10,30,480,158,,44.273,3.872,Plein jour,Hors agglomération,Hors intersection,Pluie légère,Autre collision,,,,,,,,,,,1,1,1,2,6
200700033560,0007-06-07 17:30:00,7,6,7,17,30,480,156,ECOLE PUBLIQUE,,,Plein jour,En agglomération,Hors intersection,Normale,Autre collision,,,,,,,,,,,1,2,1,1,6
200700033561,0007-06-24 19:30:00,7,6,24,19,30,480,168,,44.599,3.281,Crépuscule ou aube,Hors agglomération,Hors intersection,Pluie légère,Sans collision,,,,,,,,,,,2,1,1,2,7
200700033562,0007-06-17 21:45:00,7,6,17,21,45,660,65,,42.604,2.965,Crépuscule ou aube,Hors agglomération,Hors intersection,Normale,Deux véhicules - côté,,,,,,,,,,,2,1,1,1,3
200700033563,0007-06-24 18:45:00,7,6,24,18,45,660,227,rue J. CASEILLES,,,Plein jour,En agglomération,Hors intersection,Normale,Deux véhicules - côté,,,,,,,,,,,1,2,1,1,3
200700033564,0007-06-27 18:00:00,7,6,27,18,0,660,205,,42.837,2.758,Plein jour,Hors agglomération,Hors intersection,Normale,Sans collision,,,,,,,,,,,1,1,1,1,7
200700033565,0007-06-24 14:15:00,7,6,24,14,15,660,56,Rue Maréchal Joffre,42.663,2.684,Plein jour,En agglomération,Hors intersection,Normale,Deux véhicules - côté,,,,,,,,,,,1,2,1,1,3
200700033566,0007-06-16 12:15:00,7,6,16,12,15,660,190,,,,Plein jour,Hors agglomération,Hors intersection,Normale,Sans collision,,,,,,,,,,,1,1,1,1,7
200700033567,0007-06-28 16:00:00,7,6,28,16,0,660,164,Avenue Ledru-Rollin,,,Plein jour,En agglomération,Hors intersection,Normale,Autre collision,,,,,,,,,,,1,2,1,1,6
200700033568,0007-06-05 15:00:00,7,6,5,15,0,660,180,,,,Plein jour,Hors agglomération,Hors intersection,Normale,Trois véhicules et plus - en chaîne,,,,,,,,,,,1,1,1,1,4
200700033569,0007-06-07 14:00:00,7,6,7,14,0,660,212,,,,Plein jour,Hors agglomération,Hors intersection,Normale,Deux véhicules - côté,,,,,,,,,,,1,1,1,1,3
200700033570,0007-06-28 09:00:00,7,6,28,9,0,660,180,route de ST LAURENT,,,Plein jour,En agglomération,Hors intersection,Normale,Autre collision,,,,,,,,,,,1,2,1,1,6
200700033571,0007-06-10 05:15:00,7,6,10,5,15,660,217,,42.62,2.813,Nuit sans éclairage public,Hors agglomération,Hors intersection,Normale,Sans collision,,,,,,,,,,,3,1,1,1,7
200700033572,0007-06-26 14:00:00,7,6,26,14,0,660,210,,,,Plein jour,Hors agglomération,Hors intersection,Normale,Autre collision,,,,,,,,,,,1,1,1,1,6
200700033573,0007-06-29 11:30:00,7,6,29,11,30,660,99,,42.552,2.748,Plein jour,Hors agglomération,Hors intersection,Normale,Deux véhicules - frontale,,,,,,,,,,,1,1,1,1,1
200700033574,0007-06-11 17:30:00,7,6,11,17,30,660,3,Quai du 8 mai,,,Plein jour,En agglomération,Hors intersection,Pluie forte,Autre collision,,,,,,,,,,,1,2,1,3,6
200700033575,0007-06-23 18:00:00,7,6,23,18,0,660,49,Avenue d'Espagne,,,Plein jour,En agglomération,Hors intersection,Normale,Autre collision,,,,,,,,,,,1,2,1,1,6
200700033576,0007-06-02 18:15:00,7,6,2,18,15,660,53,,,,Plein jour,Hors agglomération,Hors intersection,Normale,Deux véhicules - frontale,,,,,,,,,,,1,1,1,1,1
200700033577,0007-06-26 22:15:00,7,6,26,22,15,660,148,,,,Nuit avec éclairage allumé,En agglomération,Hors intersection,Normale,Autre collision,,,,,,,,,,,5,2,1,1,6
200700033578,0007-06-28 13:45:00,7,6,28,13,45,660,16,"CD 914,",,,Plein jour,En agglomération,Hors intersection,Normale,Deux véhicules - côté,,,,,,,,,,,1,2,1,1,3
200700033579,0007-06-09 15:00:00,7,6,9,15,0,660,149,,,,Plein jour,Hors agglomération,Autre intersection,Normale,Sans collision,,,,,,,,,,,1,1,9,1,7
200700033580,0007-06-16 16:00:00,7,6,16,16,0,660,149,208 ave du gal de Gaulle,,,Plein jour,En agglomération,Hors intersection,Normale,Deux véhicules - frontale,,,,,,,,,,,1,2,1,1,1
200700033581,0007-06-08 13:15:00,7,6,8,13,15,660,167,,,,Plein jour,Hors agglomération,Hors intersection,Normale,Autre collision,,,,,,,,,,,1,1,1,1,6
200700033582,0007-06-08 18:15:00,7,6,8,18,15,660,192,,,,Plein jour,Hors agglomération,Hors intersection,Normale,Deux véhicules - côté,,,,,,,,,,,1,1,1,1,3
200700033583,0007-06-26 14:30:00,7,6,26,14,30,660,230,,,,Plein jour,Hors agglomération,Hors intersection,Normale,Deux véhicules - frontale,,,,,,,,,,,1,1,1,1,1
200700033584,0007-06-02 14:15:00,7,6,2,14,15,201,17,,,,Plein jour,Hors agglomération,Hors intersection,Pluie légère,Trois véhicules et plus - collisions multiples,,,,,,,,,,,1,1,1,2,5
200700033585,0007-06-06 15:00:00,7,6,6,15,0,201,271,,,,Plein jour,Hors agglomération,Hors intersection,Normale,Deux véhicules - côté,,,,,,,,,,,1,1,1,1,3
200700033586,0007-06-06 20:15:00,7,6,6,20,15,201,17,,,,Plein jour,Hors agglomération,Hors intersection,Normale,Deux véhicules - frontale,,,,,,,,,,,1,1,1,1,1
200700033587,0007-06-11 20:45:00,7,6,11,20,45,201,40,,,,Crépuscule ou aube,Hors agglomération,Hors intersection,Normale,Sans collision,,,,,,,,,,,2,1,1,1,7
200700033588,0007-06-12 07:45:00,7,6,12,7,45,201,4,,,,Plein jour,Hors agglomération,Hors intersection,Normale,Deux véhicules - côté,,,,,,,,,,,1,1,1,1,3
200700033589,0007-06-14 18:00:00,7,6,14,18,0,201,209,,,,Plein jour,Hors agglomération,Hors intersection,Normale,Trois véhicules et plus - collisions multiples,,,,,,,,,,,1,1,1,1,5
200700033590,0007-06-20 12:15:00,7,6,20,12,15,201,271,,,,Plein jour,Hors agglomération,Hors intersection,Normale,Deux véhicules - côté,,,,,,,,,,,1,1,1,1,3
200700033591,0007-06-28 01:00:00,7,6,28,1,0,201,271,,,,Nuit sans éclairage public,Hors agglomération,Hors intersection,Normale,Autre collision,,,,,,,,,,,3,1,1,1,6
200700033592,0007-06-29 22:45:00,7,6,29,22,45,201,41,,,,Nuit sans éclairage public,Hors agglomération,Hors intersection,Normale,Deux véhicules - côté,,,,,,,,,,,3,1,1,1,3
200700033593,0007-06-09 04:30:00,7,6,9,4,30,201,247,TRINITE DE PORTO VECCHIO,,,Crépuscule ou aube,En agglomération,Hors intersection,Normale,Sans collision,,,,,,,,,,,2,2,1,1,7
200700033594,0007-06-23 12:30:00,7,6,23,12,30,201,247,RN 198 Le Petit Marché,,,Plein jour,En agglomération,Hors intersection,Normale,Deux véhicules - arrière,,,,,,,,,,,1,2,1,1,2
200700033595,0007-06-24 18:00:00,7,6,24,18,0,201,308,cd320 hameau de poggio,41.704,9.061,Plein jour,En agglomération,Hors intersection,Normale,Deux véhicules - frontale,,,,,,,,,,,1,2,1,1,1
200700033596,0007-06-07 20:45:00,7,6,7,20,45,202,305,Pietranera,,,Plein jour,En agglomération,Hors intersection,Normale,Deux véhicules - frontale,,,,,,,,,,,1,2,1,1,1
200700033597,0007-06-21 09:30:00,7,6,21,9,30,202,305,Hameau de Grisgione,,,Plein jour,En agglomération,Hors intersection,Normale,Deux véhicules - côté,,,,,,,,,,,1,2,1,1,3
200700033598,0007-06-27 13:15:00,7,6,27,13,15,202,172,,,,Plein jour,Hors agglomération,Hors intersection,Normale,Deux véhicules - frontale,,,,,,,,,,,1,1,1,1,1
200700033599,0007-06-28 17:45:00,7,6,28,17,45,202,185,,42.664,9.318,Plein jour,Hors agglomération,Hors intersection,Normale,Deux véhicules - frontale,,,,,,,,,,,1,1,1,1,1
200700033600,0007-06-06 14:00:00,7,6,6,14,0,202,134,,42.626,8.899,Plein jour,Hors agglomération,Hors intersection,Pluie légère,Deux véhicules - frontale,,,,,,,,,,,1,1,1,2,1
200700033601,0007-06-12 04:45:00,7,6,12,4,45,202,168,,42.625,8.949,Crépuscule ou aube,En agglomération,Hors intersection,Normale,Autre collision,,,,,,,,,,,2,2,1,1,6
200700033602,0007-06-24 16:30:00,7,6,24,16,30,202,10,,42.609,8.854,Plein jour,Hors agglomération,Hors intersection,Normale,Deux véhicules - côté,,,,,,,,,,,1,1,1,1,3
200700033603,0007-06-02 11:15:00,7,6,2,11,15,202,169,,,,Plein jour,Hors agglomération,Hors intersection,Normale,Deux véhicules - côté,,,,,,,,,,,1,1,1,1,3
200700033604,0007-06-03 06:00:00,7,6,3,6,0,202,332,,,,Crépuscule ou aube,Hors agglomération,Hors intersection,Normale,Sans collision,,,,,,,,,,,2,1,1,1,7
200700033605,0007-06-06 11:15:00,7,6,6,11,15,202,342,,,,Plein jour,Hors agglomération,Intersection en X,Normale,Deux véhicules - côté,,,,,,,,,,,1,1,2,1,3
200700033606,0007-06-09 04:45:00,7,6,9,4,45,202,311,,42.341,9.537,Nuit sans éclairage public,Hors agglomération,Hors intersection,Normale,Autre collision,,,,,,,,,,,3,1,1,1,6
200700033607,0007-06-12 17:00:00,7,6,12,17,0,202,311,,,,Plein jour,Hors agglomération,Hors intersection,Normale,Deux véhicules - côté,,,,,,,,,,,1,1,1,1,3
200700033608,0007-06-19 10:00:00,7,6,19,10,0,202,87,route du village,42.333,9.496,Plein jour,En agglomération,Hors intersection,Normale,Autre collision,,,,,,,,,,,1,2,1,1,6
200700033609,0007-06-05 13:45:00,7,6,5,13,45,202,343,,42.479,9.485,Plein jour,Hors agglomération,Hors intersection,Normale,Deux véhicules - arrière,,,,,,,,,,,1,1,1,1,2
200700033610,0007-06-06 21:15:00,7,6,6,21,15,202,207,FOLELLI CREDIT AGRICOLE,42.448,9.509,Crépuscule ou aube,En agglomération,Hors intersection,Normale,Deux véhicules - arrière,,,,,,,,,,,2,2,1,1,2
200700033611,0007-06-10 17:00:00,7,6,10,17,0,202,343,,42.499,9.472,Plein jour,Hors agglomération,Hors intersection,Normale,Deux véhicules - arrière,,,,,,,,,,,1,1,1,1,2
200700033612,0007-06-19 08:00:00,7,6,19,8,0,202,343,INTERSECTION RD337/RN198,42.495,9.479,Plein jour,En agglomération,Hors intersection,Normale,Trois véhicules et plus - en chaîne,,,,,,,,,,,1,2,1,1,4
200700033613,0007-06-19 15:45:00,7,6,19,15,45,202,318,,,,Plein jour,Hors agglomération,Hors intersection,Normale,Deux véhicules - côté,,,,,,,,,,,1,1,1,1,3
200700033614,0007-06-28 18:30:00,7,6,28,18,30,202,346,rond point de la gendarm,42.509,9.464,Plein jour,En agglomération,Giratoire,Normale,Deux véhicules - côté,,,,,,,,,,,1,2,6,1,3
200700033615,0007-06-29 16:00:00,7,6,29,16,0,202,286,,42.485,9.482,Plein jour,Hors agglomération,Hors intersection,Normale,Deux véhicules - côté,,,,,,,,,,,1,1,1,1,3
200700033616,0007-06-21 16:45:00,7,6,21,16,45,780,668,"it "" Le bout aux épines""",,,Plein jour,Hors agglomération,Hors intersection,Normale,Deux véhicules - côté,,,,,,,,,,,1,1,1,1,3
200700033617,0007-06-25 00:01:00,7,6,25,0,1,780,605,RD166,,,Crépuscule ou aube,Hors agglomération,Hors intersection,Normale,Autre collision,,,,,,,,,,,2,1,1,1,6
200700033618,0007-06-13 16:00:00,7,6,13,16,0,780,597,,48.961,1.665,Plein jour,Hors agglomération,Hors intersection,Normale,Sans collision,,,,,,,,,,,1,1,1,1,7
200700033619,0007-06-30 19:30:00,7,6,30,19,30,780,77,ssière école-Addainville,,,Plein jour,Hors agglomération,Hors intersection,Normale,Deux véhicules - frontale,,,,,,,,,,,1,1,1,1,1
200700033620,0007-06-17 19:30:00,7,6,17,19,30,780,3,CD 177 au PK 0+800,,,Plein jour,Hors agglomération,Hors intersection,Pluie légère,Sans collision,,,,,,,,,,,1,1,1,2,7
200700033621,0007-06-09 18:00:00,7,6,9,18,0,780,193,grande rue,,,Plein jour,En agglomération,Hors intersection,Normale,Autre collision,,,,,,,,,,,1,2,1,1,6
200700033622,0007-06-11 10:15:00,7,6,11,10,15,780,590,,,,Plein jour,Hors agglomération,Hors intersection,Normale,Autre collision,,,,,,,,,,,1,1,1,1,6
200700033623,0007-06-18 18:00:00,7,6,18,18,0,780,321,,48.793,1.912,Plein jour,Hors agglomération,Hors intersection,Normale,Deux véhicules - frontale,,,,,,,,,,,1,1,1,1,1
200700033624,0007-06-27 16:30:00,7,6,27,16,30,780,550,,,,Plein jour,Hors agglomération,Hors intersection,Normale,Autre collision,,,,,,,,,,,1,1,1,1,6
200700033625,0007-06-15 20:00:00,7,6,15,20,0,780,262,,,,Plein jour,Hors agglomération,Hors intersection,Normale,Autre collision,,,,,,,,,,,1,1,1,1,6
200700033626,0007-06-25 17:15:00,7,6,25,17,15,780,262,,48.804,1.738,Plein jour,Hors agglomération,Hors intersection,Temps couvert,Sans collision,,,,,,,,,,,1,1,1,8,7
200700033627,0007-06-20 15:15:00,7,6,20,15,15,780,569,,,,Plein jour,Hors agglomération,Hors intersection,Normale,Deux véhicules - côté,,,,,,,,,,,1,1,1,1,3
200700033628,0007-06-04 16:30:00,7,6,4,16,30,910,340,,,,Plein jour,Hors agglomération,Hors intersection,Normale,Deux véhicules - frontale,,,,,,,,,,,1,1,1,1,1
200700033629,0007-06-27 17:45:00,7,6,27,17,45,910,659,Route de Villoison,,,Plein jour,Hors agglomération,Hors intersection,Temps couvert,Autre collision,,,,,,,,,,,1,1,1,8,6
200700033630,0007-06-06 13:00:00,7,6,6,13,0,910,135,,48.513,2.471,Plein jour,Hors agglomération,Hors intersection,Normale,Deux véhicules - frontale,,,,,,,,,,,1,1,1,1,1
200700033631,0007-06-17 19:00:00,7,6,17,19,0,910,405,,48.404,2.458,Plein jour,Hors agglomération,Hors intersection,Temps couvert,Sans collision,,,,,,,,,,,1,1,1,8,7
200700033632,0007-06-26 23:15:00,7,6,26,23,15,910,175,CD 5,48.506,1.97,Nuit sans éclairage public,Hors agglomération,Hors intersection,Pluie légère,Autre collision,,,,,,,,,,,3,1,1,2,6
200700033633,0007-06-04 17:00:00,7,6,4,17,0,910,330,Rue Route Nationale /,48.532,2.298,Plein jour,En agglomération,Hors intersection,Normale,Deux véhicules - côté,,,,,,,,,,,1,2,1,1,3
200700033634,0007-06-01 10:20:00,7,6,1,10,20,910,226,avenue FOCH,,,Plein jour,En agglomération,Hors intersection,Normale,Deux véhicules - côté,,,,,,,,,,,1,2,1,1,3
200700033635,0007-06-03 21:00:00,7,6,3,21,0,910,47,,,,Crépuscule ou aube,Hors agglomération,Hors intersection,Autre,Trois véhicules et plus - collisions multiples,,,,,,,,,,,2,1,1,9,5
200700033636,0007-06-09 17:30:00,7,6,9,17,30,910,47,,,,Plein jour,Hors agglomération,Hors intersection,Normale,Deux véhicules - frontale,,,,,,,,,,,1,1,1,1,1
200700033637,0007-06-19 20:15:00,7,6,19,20,15,910,129,RN 191,,,Plein jour,En agglomération,Autre intersection,Normale,Deux véhicules - côté,,,,,,,,,,,1,2,9,1,3
200700033638,0007-06-24 15:00:00,7,6,24,15,0,910,546,,48.577,2.043,Plein jour,Hors agglomération,Hors intersection,Normale,Autre collision,,,,,,,,,,,1,1,1,1,6
200700033639,0007-06-26 15:30:00,7,6,26,15,30,910,666,,,,Plein jour,Hors agglomération,Hors intersection,Temps couvert,Autre collision,,,,,,,,,,,1,1,1,8,6
200700033640,0007-06-03 17:40:00,7,6,3,17,40,910,272,nt de la place de CHEVRY,,,Plein jour,En agglomération,Hors intersection,Normale,Deux véhicules - frontale,,,,,,,,,,,1,2,1,1,1
200700033641,0007-06-12 19:15:00,7,6,12,19,15,910,272,eaufort et route de Bell,,,Plein jour,En agglomération,Autre intersection,Normale,Deux véhicules - côté,,,,,,,,,,,1,2,9,1,3
200700033642,0007-06-16 19:00:00,7,6,16,19,0,950,355,,,,Plein jour,Hors agglomération,Hors intersection,Pluie légère,Deux véhicules - frontale,,,,,,,,,,,1,1,1,2,1
200700033643,0007-06-27 08:15:00,7,6,27,8,15,950,379,,,,Plein jour,Hors agglomération,Hors intersection,Normale,Autre collision,,,,,,,,,,,1,1,1,1,6
200700033644,0007-06-17 04:00:00,7,6,17,4,0,950,298,,,,Nuit sans éclairage public,Hors agglomération,Hors intersection,Normale,Sans collision,,,,,,,,,,,3,1,1,1,7
200700033645,0007-06-17 20:00:00,7,6,17,20,0,950,54,,,,Plein jour,Hors agglomération,Hors intersection,Pluie légère,Trois véhicules et plus - collisions multiples,,,,,,,,,,,1,1,1,2,5
200700033646,0007-06-23 08:45:00,7,6,23,8,45,950,370,,49.155,1.981,Plein jour,Hors agglomération,Hors intersection,Temps couvert,Autre collision,,,,,,,,,,,1,1,1,8,6
200700033647,0007-06-13 16:45:00,7,6,13,16,45,950,535,,,,Plein jour,Hors agglomération,Hors intersection,Normale,Autre collision,,,,,,,,,,,1,1,1,1,6
200700033648,0007-06-27 19:30:00,7,6,27,19,30,950,199,rue d'Ombreval,49.035,2.315,Plein jour,En agglomération,Hors intersection,Normale,Autre collision,,,,,,,,,,,1,2,1,1,6
200700033649,0007-06-15 16:00:00,7,6,15,16,0,950,205,,,,Plein jour,Hors agglomération,Hors intersection,Normale,Autre collision,,,,,,,,,,,1,1,1,1,6
200700033650,0007-06-03 01:45:00,7,6,3,1,45,770,453,RD 605,48.533,2.753,Nuit avec éclairage allumé,En agglomération,Hors intersection,Normale,Autre collision,,,,,,,,,,,5,2,1,1,6
200700033651,0007-06-21 11:30:00,7,6,21,11,30,770,107,,48.683,2.863,Plein jour,Hors agglomération,Hors intersection,Normale,Deux véhicules - frontale,,,,,,,,,,,1,1,1,1,1
200700033652,0007-06-22 07:45:00,7,6,22,7,45,770,10,,48.601,2.916,Plein jour,Hors agglomération,Hors intersection,Normale,Deux véhicules - frontale,,,,,,,,,,,1,1,1,1,1
200700033653,0007-06-01 07:45:00,7,6,1,7,45,770,104,RN,48.699,2.819,Plein jour,Hors agglomération,Hors intersection,Normale,Deux véhicules - côté,,,,,,,,,,,1,1,1,1,3
200700033654,0007-06-15 15:30:00,7,6,15,15,30,770,128,,48.88,2.88,Plein jour,Hors agglomération,Hors intersection,Normale,Deux véhicules - frontale,,,,,,,,,,,1,1,1,1,1