accident_id,datetime,annee,mois,jour,heure,minute,departement,commune_insee,adresse,latitude,longitude,luminosite,agglomeration,intersection,meteo,collision,nb_vehicules,nb_usagers,nb_indemnes,nb_tues,nb_blesses_hosp,nb_blesses_legers,age_cond_1,age_cond_2,veh_type_cond_1,veh_type_cond_2,lum_code,agg_code,int_code,atm_code,col_code
200700033655,0007-06-23 00:01:00,7,6,23,0,1,770,436,,48.793,3.2,Nuit sans éclairage public,Hors agglomération,Hors intersection,Normale,Sans collision,,,,,,,,,,,3,1,1,1,7
200700033656,0007-06-30 18:00:00,7,6,30,18,0,770,240,,48.791,3.256,Plein jour,Hors agglomération,Hors intersection,Normale,Trois véhicules et plus - collisions multiples,,,,,,,,,,,1,1,1,1,5
200700033657,0007-06-02 16:20:00,7,6,2,16,20,770,478,u pont de l'Autoroute A4,,,Plein jour,Hors agglomération,Hors intersection,Normale,Deux véhicules - côté,,,,,,,,,,,1,1,1,1,3
200700033658,0007-06-06 16:15:00,7,6,6,16,15,770,57,rue Ferte sous jouarre,,,Plein jour,En agglomération,Hors intersection,Normale,Deux véhicules - côté,,,,,,,,,,,1,2,1,1,3
200700033659,0007-06-17 09:30:00,7,6,17,9,30,770,183,,48.955,3.161,Plein jour,Hors agglomération,Hors intersection,Normale,Deux véhicules - frontale,,,,,,,,,,,1,1,1,1,1
200700033660,0007-06-20 20:15:00,7,6,20,20,15,770,512,,48.869,3.347,Plein jour,Hors agglomération,Hors intersection,Normale,Deux véhicules - frontale,,,,,,,,,,,1,1,1,1,1
200700033661,0007-06-23 18:00:00,7,6,23,18,0,770,192,,,,Plein jour,Hors agglomération,Hors intersection,Normale,Deux véhicules - frontale,,,,,,,,,,,1,1,1,1,1
200700033662,0007-06-09 16:30:00,7,6,9,16,30,770,313,Rue Grande,48.323,2.993,Plein jour,En agglomération,Hors intersection,Normale,Deux véhicules - côté,,,,,,,,,,,1,2,1,1,3
200700033663,0007-06-29 19:00:00,7,6,29,19,0,770,313,,48.313,2.992,Plein jour,Hors agglomération,Hors intersection,Normale,Sans collision,,,,,,,,,,,1,1,1,1,7
200700033664,0007-06-20 12:00:00,7,6,20,12,0,770,490,,,,Plein jour,Hors agglomération,Hors intersection,Normale,Deux véhicules - côté,,,,,,,,,,,1,1,1,1,3
200700033665,0007-06-29 01:45:00,7,6,29,1,45,770,343,,,,Nuit sans éclairage public,Hors agglomération,Hors intersection,Normale,Sans collision,,,,,,,,,,,3,1,1,1,7
200700033666,0007-06-01 09:00:00,7,6,1,9,0,770,357,,48.663,3.062,Plein jour,Hors agglomération,Hors intersection,Normale,Deux véhicules - frontale,,,,,,,,,,,1,1,1,1,1
200700033667,0007-06-12 21:15:00,7,6,12,21,15,770,301,4 RN4,48.699,3.44,Crépuscule ou aube,En agglomération,Hors intersection,Normale,Deux véhicules - côté,,,,,,,,,,,2,2,1,1,3
200700033668,0007-06-19 09:20:00,7,6,19,9,20,770,72,CD72,,,Plein jour,Hors agglomération,Hors intersection,Normale,Deux véhicules - frontale,,,,,,,,,,,1,1,1,1,1
200700033669,0007-06-03 20:30:00,7,6,3,20,30,770,147,"CD12, PK 18+500",,,Plein jour,En agglomération,Hors intersection,Normale,Autre collision,,,,,,,,,,,1,2,1,1,6
200700033670,0007-06-09 01:45:00,7,6,9,1,45,770,481,,,,Nuit sans éclairage public,Hors agglomération,Hors intersection,Normale,Deux véhicules - frontale,,,,,,,,,,,3,1,1,1,1
200700033671,0007-06-02 02:30:00,7,6,2,2,30,450,296,,,,Nuit sans éclairage public,Hors agglomération,Hors intersection,Normale,Autre collision,,,,,,,,,,,3,1,1,1,6
200700033672,0007-06-23 18:00:00,7,6,23,18,0,450,82,,,,Plein jour,Hors agglomération,Hors intersection,Normale,Deux véhicules - frontale,,,,,,,,,,,1,1,1,1,1
200700033673,0007-06-30 03:30:00,7,6,30,3,30,450,82,,47.893,2.256,Nuit sans éclairage public,Hors agglomération,Hors intersection,Normale,Deux véhicules - côté,,,,,,,,,,,3,1,1,1,3
200700033674,0007-06-02 21:00:00,7,6,2,21,0,450,89,39 rue Blanche,47.908,2.029,Crépuscule ou aube,En agglomération,Hors intersection,Normale,Sans collision,,,,,,,,,,,2,2,1,1,7
200700033675,0007-06-26 16:00:00,7,6,26,16,0,450,324,,,,Plein jour,Hors agglomération,Hors intersection,Normale,Deux véhicules - arrière,,,,,,,,,,,1,1,1,1,2
200700033676,0007-06-01 15:15:00,7,6,1,15,15,450,67,,47.881,1.803,Plein jour,Hors agglomération,Hors intersection,Normale,Deux véhicules - côté,,,,,,,,,,,1,1,1,1,3
200700033677,0007-06-15 16:45:00,7,6,15,16,45,450,155,rue de l'isère,,,Plein jour,En agglomération,Hors intersection,Normale,Deux véhicules - frontale,,,,,,,,,,,1,2,1,1,1
200700033678,0007-06-22 17:45:00,7,6,22,17,45,450,108,,,,Plein jour,Hors agglomération,Hors intersection,Normale,Sans collision,,,,,,,,,,,1,1,1,1,7
200700033679,0007-06-25 16:30:00,7,6,25,16,30,450,254,rue des Courcelles,,,Plein jour,En agglomération,Hors intersection,Normale,Deux véhicules - frontale,,,,,,,,,,,1,2,1,1,1
200700033680,0007-06-03 05:45:00,7,6,3,5,45,450,16,,47.633,2.562,Plein jour,Hors agglomération,Hors intersection,Normale,Deux véhicules - frontale,,,,,,,,,,,1,1,1,1,1
200700033681,0007-06-09 09:00:00,7,6,9,9,0,450,29,CD951/CD926,47.547,2.818,Plein jour,En agglomération,Hors intersection,Normale,Deux véhicules - côté,,,,,,,,,,,1,2,1,1,3
200700033682,0007-06-24 12:05:00,7,6,24,12,5,450,87,ieu dit les hautes rives,,,Plein jour,En agglomération,Intersection en X,Normale,Deux véhicules - frontale,,,,,,,,,,,1,2,2,1,1
200700033683,0007-06-03 19:30:00,7,6,3,19,30,450,42,18 route de bray en val,,,Plein jour,En agglomération,Hors intersection,Normale,Deux véhicules - arrière,,,,,,,,,,,1,2,1,1,2
200700033684,0007-06-20 12:30:00,7,6,20,12,30,450,61,,,,Plein jour,Hors agglomération,Hors intersection,Normale,Deux véhicules - frontale,,,,,,,,,,,1,1,1,1,1
200700033685,0007-06-30 18:00:00,7,6,30,18,0,450,104,rue Robert Pichon,,,Plein jour,En agglomération,Hors intersection,Normale,Deux véhicules - arrière,,,,,,,,,,,1,2,1,1,2
200700033686,0007-06-19 02:15:00,7,6,19,2,15,450,329,,,,Nuit sans éclairage public,Hors agglomération,Hors intersection,Normale,Autre collision,,,,,,,,,,,3,1,1,1,6
200700033687,0007-06-18 21:45:00,7,6,18,21,45,450,278,,,,Crépuscule ou aube,Hors agglomération,Hors intersection,Normale,Autre collision,,,,,,,,,,,2,1,1,1,6
200700033688,0007-06-06 21:30:00,7,6,6,21,30,450,127,,48.17,2.75,Plein jour,Hors agglomération,Hors intersection,Normale,Autre collision,,,,,,,,,,,1,1,1,1,6
200700033689,0007-06-09 18:00:00,7,6,9,18,0,450,222,,48.11,2.76,Plein jour,Hors agglomération,Hors intersection,Normale,Autre collision,,,,,,,,,,,1,1,1,1,6
200700033690,0007-06-10 14:15:00,7,6,10,14,15,450,137,RN 152 - PK 27+500,,,Plein jour,Hors agglomération,Hors intersection,Normale,Trois véhicules et plus - en chaîne,,,,,,,,,,,1,1,1,1,4
200700033691,0007-06-23 18:30:00,7,6,23,18,30,450,263,,,,Plein jour,Hors agglomération,Hors intersection,Normale,Deux véhicules - côté,,,,,,,,,,,1,1,1,1,3
200700033692,0007-06-17 22:30:00,7,6,17,22,30,450,258,,48.218,2.486,Nuit sans éclairage public,Hors agglomération,Hors intersection,Normale,Deux véhicules - frontale,,,,,,,,,,,3,1,1,1,1
200700033693,0007-06-16 10:15:00,7,6,16,10,15,180,146,CD9-CD920,,,Plein jour,En agglomération,Hors intersection,Normale,Deux véhicules - côté,,,,,,,,,,,1,2,1,1,3
200700033694,0007-06-18 18:30:00,7,6,18,18,30,180,84,,,,Plein jour,Hors agglomération,Hors intersection,Pluie forte,Deux véhicules - frontale,,,,,,,,,,,1,1,1,3,1
200700033695,0007-06-07 13:15:00,7,6,7,13,15,180,197,58 Rue Sarrault,,,Plein jour,En agglomération,Hors intersection,Normale,Deux véhicules - frontale,,,,,,,,,,,1,2,1,1,1
200700033696,0007-06-07 15:30:00,7,6,7,15,30,180,172,ROUTE DE LIGNIERES,46.729,2.478,Plein jour,En agglomération,Hors intersection,Normale,Autre collision,,,,,,,,,,,1,2,1,1,6
200700033697,0007-06-08 00:30:00,7,6,8,0,30,180,197,,46.742,2.488,Nuit sans éclairage public,Hors agglomération,Hors intersection,Normale,Autre collision,,,,,,,,,,,3,1,1,1,6
200700033698,0007-06-01 14:30:00,7,6,1,14,30,180,57,,46.566,2.197,Plein jour,Hors agglomération,Hors intersection,Normale,Deux véhicules - frontale,,,,,,,,,,,1,1,1,1,1
200700033699,0007-06-23 19:00:00,7,6,23,19,0,180,59,,,,Plein jour,Hors agglomération,Hors intersection,Normale,Autre collision,,,,,,,,,,,1,1,1,1,6
200700033700,0007-06-21 12:30:00,7,6,21,12,30,180,232,,46.439,2.173,Plein jour,Hors agglomération,Hors intersection,Normale,Deux véhicules - frontale,,,,,,,,,,,1,1,1,1,1
200700033701,0007-06-15 11:00:00,7,6,15,11,0,180,63,,46.893,2.415,Plein jour,Hors agglomération,Hors intersection,Normale,Deux véhicules - frontale,,,,,,,,,,,1,1,1,1,1
200700033702,0007-06-16 19:15:00,7,6,16,19,15,180,129,,46.964,2.378,Plein jour,Hors agglomération,Hors intersection,Normale,Sans collision,,,,,,,,,,,1,1,1,1,7
200700033703,0007-06-23 12:15:00,7,6,23,12,15,180,115,,,,Plein jour,Hors agglomération,Hors intersection,Normale,Autre collision,,,,,,,,,,,1,1,1,1,6
200700033704,0007-06-25 08:45:00,7,6,25,8,45,180,88,,47.415,2.438,Plein jour,Hors agglomération,Hors intersection,Pluie légère,Deux véhicules - frontale,,,,,,,,,,,1,1,1,2,1
200700033705,0007-06-28 06:15:00,7,6,28,6,15,180,185,les planches,,,Plein jour,En agglomération,Hors intersection,Normale,Sans collision,,,,,,,,,,,1,2,1,1,7
200700033706,0007-06-08 23:20:00,7,6,8,23,20,180,5,ersection D122 et RN 76,,,Nuit sans éclairage public,Hors agglomération,Intersection en X,Normale,Deux véhicules - frontale,,,,,,,,,,,3,1,2,1,1
200700033707,0007-06-09 18:15:00,7,6,9,18,15,180,103,,,,Plein jour,Hors agglomération,Hors intersection,Normale,Deux véhicules - côté,,,,,,,,,,,1,1,1,1,3
200700033708,0007-06-18 19:00:00,7,6,18,19,0,180,281,La voie communale N°7,,,Plein jour,En agglomération,Hors intersection,Normale,Deux véhicules - frontale,,,,,,,,,,,1,2,1,1,1
200700033709,0007-06-16 21:00:00,7,6,16,21,0,180,235,Rue de ST MARTIN DU CROT,,,Plein jour,En agglomération,Hors intersection,Normale,Autre collision,,,,,,,,,,,1,2,1,1,6
200700033710,0007-06-24 17:00:00,7,6,24,17,0,180,271,,47.135,2.394,Plein jour,Hors agglomération,Hors intersection,Normale,Sans collision,,,,,,,,,,,1,1,1,1,7
200700033711,0007-06-01 06:15:00,7,6,1,6,15,280,52,11 rue de chateauneuf,48.568,1.513,Plein jour,En agglomération,Hors intersection,Normale,Deux véhicules - côté,,,,,,,,,,,1,2,1,1,3
200700033712,0007-06-05 12:00:00,7,6,5,12,0,280,140,Vinerville,,,Plein jour,En agglomération,Hors intersection,Normale,Autre collision,,,,,,,,,,,1,2,1,1,6
200700033713,0007-06-07 16:30:00,7,6,7,16,30,280,357,,,,Plein jour,Hors agglomération,Intersection en X,Temps couvert,Deux véhicules - côté,,,,,,,,,,,1,1,2,8,3
200700033714,0007-06-05 08:00:00,7,6,5,8,0,280,367,,48.148,1.848,Plein jour,Hors agglomération,Intersection en X,Normale,Trois véhicules et plus - collisions multiples,,,,,,,,,,,1,1,2,1,5
200700033715,0007-06-20 13:30:00,7,6,20,13,30,280,243,,48.298,1.899,Plein jour,Hors agglomération,Hors intersection,Normale,Deux véhicules - côté,,,,,,,,,,,1,1,1,1,3
200700033716,0007-06-21 18:45:00,7,6,21,18,45,280,93,lieu dit Plafus,48.112,1.162,Plein jour,En agglomération,Hors intersection,Normale,Autre collision,,,,,,,,,,,1,2,1,1,6
200700033717,0007-06-17 17:45:00,7,6,17,17,45,280,130,,48.549,1.111,Plein jour,En agglomération,Intersection en T,Normale,Deux véhicules - côté,,,,,,,,,,,1,2,3,1,3
200700033718,0007-06-08 18:00:00,7,6,8,18,0,280,161,,,,Plein jour,Hors agglomération,Hors intersection,Normale,Deux véhicules - côté,,,,,,,,,,,1,1,1,1,3
200700033719,0007-06-17 14:45:00,7,6,17,14,45,280,161,,,,Plein jour,Hors agglomération,Hors intersection,Pluie forte,Sans collision,,,,,,,,,,,1,1,1,3,7
200700033720,0007-06-28 08:00:00,7,6,28,8,0,280,331,,,,Crépuscule ou aube,Hors agglomération,Hors intersection,Normale,Deux véhicules - frontale,,,,,,,,,,,2,1,1,1,1
200700033721,0007-06-27 22:30:00,7,6,27,22,30,280,166,,,,Nuit sans éclairage public,Hors agglomération,Hors intersection,Normale,Autre collision,,,,,,,,,,,3,1,1,1,6
200700033722,0007-06-05 12:30:00,7,6,5,12,30,360,13,,,,Plein jour,Hors agglomération,Hors intersection,Normale,Deux véhicules - côté,,,,,,,,,,,1,1,1,1,3
200700033723,0007-06-23 03:00:00,7,6,23,3,0,360,247,,46.909,1.636,Nuit sans éclairage public,Hors agglomération,Hors intersection,Normale,Sans collision,,,,,,,,,,,3,1,1,1,7
200700033724,0007-06-10 10:00:00,7,6,10,10,0,360,94,,,,Plein jour,Hors agglomération,Hors intersection,Normale,Deux véhicules - frontale,,,,,,,,,,,1,1,1,1,1
200700033725,0007-06-15 02:00:00,7,6,15,2,0,360,154,D927,,,Nuit sans éclairage public,Hors agglomération,Hors intersection,Normale,Sans collision,,,,,,,,,,,3,1,1,1,7
200700033726,0007-06-15 17:30:00,7,6,15,17,30,360,45,Rte de Tours - PK 96+200,,,Plein jour,En agglomération,Hors intersection,Pluie légère,Deux véhicules - arrière,,,,,,,,,,,1,2,1,2,2
200700033727,0007-06-10 17:45:00,7,6,10,17,45,360,34,Rue du pont,47.263,1.657,Plein jour,En agglomération,Hors intersection,Normale,Deux véhicules - côté,,,,,,,,,,,1,2,1,1,3
200700033728,0007-06-16 22:00:00,7,6,16,22,0,360,68,,47.227,1.761,Crépuscule ou aube,Hors agglomération,Hors intersection,Normale,Sans collision,,,,,,,,,,,2,1,1,1,7
200700033729,0007-06-16 01:15:00,7,6,16,1,15,360,153,28 rue Georges CLEMENCEA,46.855,1.136,Nuit avec éclairage allumé,En agglomération,Hors intersection,Normale,Autre collision,,,,,,,,,,,5,2,1,1,6
200700033730,0007-06-26 16:00:00,7,6,26,16,0,360,127,LA GRANGE,46.593,1.997,Plein jour,En agglomération,Hors intersection,Pluie forte,Autre collision,,,,,,,,,,,1,2,1,3,6
200700033731,0007-06-15 22:30:00,7,6,15,22,30,360,70,02 Le Bougazeau,46.42,1.589,Nuit avec éclairage allumé,En agglomération,Hors intersection,Normale,Autre collision,,,,,,,,,,,5,2,1,1,6
200700033732,0007-06-02 01:30:00,7,6,2,1,30,360,140,,46.906,1.879,Nuit sans éclairage public,Hors agglomération,Hors intersection,Normale,Deux véhicules - frontale,,,,,,,,,,,3,1,1,1,1
200700033733,0007-06-12 15:00:00,7,6,12,15,0,360,88,,46.98,1.96,Plein jour,Hors agglomération,Hors intersection,Normale,Deux véhicules - arrière,,,,,,,,,,,1,1,1,1,2
200700033734,0007-06-19 02:45:00,7,6,19,2,45,360,65,,47.036,2.026,Nuit sans éclairage public,Hors agglomération,Hors intersection,Temps couvert,Sans collision,,,,,,,,,,,3,1,1,8,7
200700033735,0007-06-25 21:45:00,7,6,25,21,45,360,179,,46.944,1.942,Crépuscule ou aube,Hors agglomération,Hors intersection,Normale,Autre collision,,,,,,,,,,,2,1,1,1,6
200700033736,0007-06-26 17:00:00,7,6,26,17,0,360,88,,46.955,1.992,Plein jour,En agglomération,Hors intersection,Normale,Autre collision,,,,,,,,,,,1,2,1,1,6
200700033737,0007-06-30 09:30:00,7,6,30,9,30,370,3,,47.394,1.047,Plein jour,Hors agglomération,Intersection en X,Normale,Deux véhicules - côté,,,,,,,,,,,1,1,2,1,3
200700033738,0007-06-13 19:00:00,7,6,13,19,0,370,117,,47.43,0.327,Plein jour,Hors agglomération,Intersection en X,Normale,Deux véhicules - côté,,,,,,,,,,,1,1,2,1,3
200700033739,0007-06-18 05:00:00,7,6,18,5,0,370,139,,,,Crépuscule ou aube,Hors agglomération,Hors intersection,Normale,Deux véhicules - frontale,,,,,,,,,,,2,1,1,1,1
200700033740,0007-06-09 19:00:00,7,6,9,19,0,370,274,,47.627,0.504,Plein jour,Hors agglomération,Hors intersection,Normale,Deux véhicules - frontale,,,,,,,,,,,1,1,1,1,1
200700033741,0007-06-12 23:00:00,7,6,12,23,0,370,213,,,,Nuit sans éclairage public,Hors agglomération,Hors intersection,Normale,Trois véhicules et plus - en chaîne,,,,,,,,,,,3,1,1,1,4
200700033742,0007-06-26 12:15:00,7,6,26,12,15,370,167,,47.551,0.539,Plein jour,Hors agglomération,Hors intersection,Normale,Autre collision,,,,,,,,,,,1,1,1,1,6
200700033743,0007-06-26 09:00:00,7,6,26,9,0,370,213,,,,Plein jour,Hors agglomération,Intersection en X,Temps éblouissant,Deux véhicules - côté,,,,,,,,,,,1,1,2,7,3
200700033744,0007-06-03 11:30:00,7,6,3,11,30,370,224,,,,Plein jour,Hors agglomération,Hors intersection,Normale,Autre collision,,,,,,,,,,,1,1,1,1,6
200700033745,0007-06-14 21:15:00,7,6,14,21,15,370,153,,47.484,0.782,Crépuscule ou aube,Hors agglomération,Hors intersection,Pluie forte,Sans collision,,,,,,,,,,,2,1,1,3,7
200700033746,0007-06-19 13:00:00,7,6,19,13,0,370,276,,47.558,0.865,Plein jour,Hors agglomération,Hors intersection,Normale,Deux véhicules - frontale,,,,,,,,,,,1,1,1,1,1
200700033747,0007-06-30 20:00:00,7,6,30,20,0,370,194,,47.487,0.918,Plein jour,Hors agglomération,Hors intersection,Normale,Sans collision,,,,,,,,,,,1,1,1,1,7
200700033748,0007-06-02 15:45:00,7,6,2,15,45,370,31,,,,Plein jour,Hors agglomération,Hors intersection,Normale,Deux véhicules - frontale,,,,,,,,,,,1,1,1,1,1
200700033749,0007-06-06 06:15:00,7,6,6,6,15,370,72,,,,Plein jour,Hors agglomération,Hors intersection,Normale,Deux véhicules - frontale,,,,,,,,,,,1,1,1,1,1
200700033750,0007-06-08 17:15:00,7,6,8,17,15,370,228,,,,Plein jour,Hors agglomération,Hors intersection,Normale,Deux véhicules - frontale,,,,,,,,,,,1,1,1,1,1
200700033751,0007-06-13 01:00:00,7,6,13,1,0,370,228,,,,Nuit sans éclairage public,Hors agglomération,Hors intersection,Normale,Autre collision,,,,,,,,,,,3,1,1,1,6
200700033752,0007-06-20 08:15:00,7,6,20,8,15,370,22,,47.201,0.216,Plein jour,Hors agglomération,Intersection en X,Normale,Deux véhicules - côté,,,,,,,,,,,1,1,2,1,3
200700033753,0007-06-05 12:45:00,7,6,5,12,45,370,264,,47.308,0.472,Plein jour,Hors agglomération,Hors intersection,Normale,Sans collision,,,,,,,,,,,1,1,1,1,7
200700033754,0007-06-07 08:30:00,7,6,7,8,30,370,226,Rue Augucte chevalier,47.117,0.622,Plein jour,En agglomération,Hors intersection,Normale,Autre collision,,,,,,,,,,,1,2,1,1,6
200700033755,0007-06-25 18:30:00,7,6,25,18,30,370,190,,47.001,0.569,Plein jour,Hors agglomération,Hors intersection,Normale,Sans collision,,,,,,,,,,,1,1,1,1,7
200700033756,0007-06-01 18:00:00,7,6,1,18,0,370,132,la vallée des vospeaux,47.14,0.996,Plein jour,En agglomération,Hors intersection,Normale,Deux véhicules - frontale,,,,,,,,,,,1,2,1,1,1
200700033757,0007-06-11 11:30:00,7,6,11,11,30,370,132,rue des moulins,,,Plein jour,En agglomération,Hors intersection,Normale,Autre collision,,,,,,,,,,,1,2,1,1,6
200700033758,0007-06-19 07:55:00,7,6,19,7,55,370,277,La challerie,,,Plein jour,Hors agglomération,Hors intersection,Normale,Deux véhicules - frontale,,,,,,,,,,,1,1,1,1,1
200700033759,0007-06-01 16:30:00,7,6,1,16,30,370,211,,,,Plein jour,Hors agglomération,Hors intersection,Normale,Deux véhicules - frontale,,,,,,,,,,,1,1,1,1,1
200700033760,0007-06-09 16:45:00,7,6,9,16,45,370,104,,,,Plein jour,Hors agglomération,Hors intersection,Normale,Deux véhicules - frontale,,,,,,,,,,,1,1,1,1,1
200700033761,0007-06-25 17:00:00,7,6,25,17,0,410,136,,47.701,1.494,Plein jour,Hors agglomération,Hors intersection,Normale,Deux véhicules - côté,,,,,,,,,,,1,1,1,1,3
200700033762,0007-06-26 23:15:00,7,6,26,23,15,410,207,,47.658,1.477,Nuit sans éclairage public,Hors agglomération,Hors intersection,Pluie légère,Deux véhicules - frontale,,,,,,,,,,,3,1,1,2,1
200700033763,0007-06-20 22:15:00,7,6,20,22,15,410,40,,,,Crépuscule ou aube,Hors agglomération,Giratoire,Normale,Sans collision,,,,,,,,,,,2,1,6,1,7
200700033764,0007-06-01 13:45:00,7,6,1,13,45,410,180,,47.394,1.265,Plein jour,En agglomération,Hors intersection,Normale,Deux véhicules - côté,,,,,,,,,,,1,2,1,1,3
200700033765,0007-06-15 14:00:00,7,6,15,14,0,410,198,RUE MAURICE BERTEAUX,47.275,1.376,Plein jour,En agglomération,Hors intersection,Normale,Deux véhicules - frontale,,,,,,,,,,,1,2,1,1,1
200700033766,0007-06-18 14:45:00,7,6,18,14,45,410,74,10 bis route de Blois,,,Plein jour,En agglomération,Hors intersection,Normale,Deux véhicules - arrière,,,,,,,,,,,1,2,1,1,2
200700033767,0007-06-24 19:30:00,7,6,24,19,30,410,127,,47.582,1.767,Plein jour,Hors agglomération,Hors intersection,Pluie forte,Sans collision,,,,,,,,,,,1,1,1,3,7
200700033768,0007-06-12 14:45:00,7,6,12,14,45,410,122,,,,Plein jour,Hors agglomération,Hors intersection,Normale,Sans collision,,,,,,,,,,,1,1,1,1,7
200700033769,0007-06-18 19:30:00,7,6,18,19,30,410,200,rue de la vacherie,47.756,1.083,Plein jour,En agglomération,Hors intersection,Normale,Autre collision,,,,,,,,,,,1,2,1,1,6
200700033770,0007-06-22 16:30:00,7,6,22,16,30,410,115,,47.889,1.186,Plein jour,Hors agglomération,Hors intersection,Pluie légère,Deux véhicules - frontale,,,,,,,,,,,1,1,1,2,1
200700033771,0007-06-10 18:15:00,7,6,10,18,15,330,214,LIEU DIT MOUTCHIC,45.008,-1.128,Plein jour,En agglomération,Hors intersection,Normale,Autre collision,,,,,,,,,,,1,2,1,1,6
200700033772,0007-06-15 12:00:00,7,6,15,12,0,330,203,,45.17,-1.051,Plein jour,Hors agglomération,Hors intersection,Normale,Sans collision,,,,,,,,,,,1,1,1,1,7
200700033773,0007-06-16 22:30:00,7,6,16,22,30,330,333,,44.894,-1.089,Nuit sans éclairage public,Hors agglomération,Hors intersection,Normale,Autre collision,,,,,,,,,,,3,1,1,1,6
200700033774,0007-06-24 05:00:00,7,6,24,5,0,330,214,,44.982,-1.079,Nuit avec éclairage allumé,En agglomération,Hors intersection,Normale,Autre collision,,,,,,,,,,,5,2,1,1,6
200700033775,0007-06-29 04:00:00,7,6,29,4,0,290,146,,47.914,-3.864,Nuit sans éclairage public,Hors agglomération,Hors intersection,Normale,Deux véhicules - frontale,,,,,,,,,,,3,1,1,1,1
200700033776,0007-06-20 14:10:00,7,6,20,14,10,130,33,Av de la côte bleue,,,Plein jour,En agglomération,Hors intersection,Normale,Deux véhicules - côté,,,,,,,,,,,1,2,1,1,3
200700033777,0007-06-01 02:15:00,7,6,1,2,15,330,199,,,,Plein jour,Hors agglomération,Hors intersection,Normale,Autre collision,,,,,,,,,,,1,1,1,1,6
200700033778,0007-06-08 15:15:00,7,6,8,15,15,330,199,,,,Plein jour,En agglomération,Hors intersection,Normale,Deux véhicules - côté,,,,,,,,,,,1,2,1,1,3
200700033779,0007-06-11 17:00:00,7,6,11,17,0,330,199,,,,Plein jour,Hors agglomération,Intersection en X,Normale,Deux véhicules - côté,,,,,,,,,,,1,1,2,1,3
200700033780,0007-06-07 10:45:00,7,6,7,10,45,670,367,Chemin rural,,,Plein jour,En agglomération,Hors intersection,Normale,Sans collision,,,,,,,,,,,1,2,1,1,7
200700033781,0007-06-23 20:15:00,7,6,23,20,15,330,234,rond point LARTIGOT inte,44.789,-0.505,Plein jour,En agglomération,Giratoire,Normale,Deux véhicules - côté,,,,,,,,,,,1,2,6,1,3
200700033782,0007-06-02 22:00:00,7,6,2,22,0,580,303,,47.082,3.137,Nuit sans éclairage public,Hors agglomération,Intersection en X,Pluie légère,Deux véhicules - frontale,,,,,,,,,,,3,1,2,2,1
200700033783,0007-06-12 14:00:00,7,6,12,14,0,210,171,BOULEVARD JAN PALLACH,47.297,5.128,Plein jour,En agglomération,Hors intersection,Pluie forte,Autre collision,,,,,,,,,,,1,2,1,3,6
200700033784,0007-06-14 16:45:00,7,6,14,16,45,130,87,,43.483,5.609,Plein jour,Hors agglomération,Hors intersection,Normale,Deux véhicules - côté,,,,,,,,,,,1,1,1,1,3
200700033785,0007-06-14 08:15:00,7,6,14,8,15,470,174,,44.084,0.366,Plein jour,Hors agglomération,Hors intersection,Normale,Deux véhicules - arrière,,,,,,,,,,,1,1,1,1,2
200700033786,0007-06-04 22:00:00,7,6,4,22,0,570,41,,,,Nuit sans éclairage public,Hors agglomération,Hors intersection,Normale,Deux véhicules - frontale,,,,,,,,,,,3,1,1,1,1
200700033787,0007-06-05 02:30:00,7,6,5,2,30,570,529,rue du château,,,Nuit avec éclairage allumé,En agglomération,Hors intersection,Normale,Autre collision,,,,,,,,,,,5,2,1,1,6
200700033788,0007-06-01 12:00:00,7,6,1,12,0,340,123,Avenue du Perret,,,Plein jour,En agglomération,Hors intersection,Normale,Deux véhicules - arrière,,,,,,,,,,,1,2,1,1,2
200700033789,0007-06-19 15:45:00,7,6,19,15,45,340,270,avenue de librilla,,,Plein jour,En agglomération,Hors intersection,Normale,Sans collision,,,,,,,,,,,1,2,1,1,7
200700033790,0007-06-26 02:40:00,7,6,26,2,40,340,270,18 route de Montpellier,,,Nuit avec éclairage allumé,En agglomération,Hors intersection,Normale,Sans collision,,,,,,,,,,,5,2,1,1,7
200700033791,0007-06-11 12:15:00,7,6,11,12,15,110,68,,43.192,2.567,Plein jour,Hors agglomération,Intersection en X,Normale,Deux véhicules - côté,,,,,,,,,,,1,1,2,1,3
200700033792,0007-06-25 22:45:00,7,6,25,22,45,910,17,,,,Nuit avec éclairage non allumé,Hors agglomération,Hors intersection,Vent fort / tempête,Deux véhicules - frontale,,,,,,,,,,,4,1,1,6,1
200700033793,0007-06-29 13:45:00,7,6,29,13,45,780,569,,,,Plein jour,Hors agglomération,Hors intersection,Normale,Deux véhicules - arrière,,,,,,,,,,,1,1,1,1,2
200700033794,0007-06-08 18:45:00,7,6,8,18,45,510,171,,,,Plein jour,Hors agglomération,Hors intersection,Temps couvert,Deux véhicules - frontale,,,,,,,,,,,1,1,1,8,1