accident_id,datetime,annee,mois,jour,heure,minute,departement,commune_insee,adresse,latitude,longitude,luminosite,agglomeration,intersection,meteo,collision,nb_vehicules,nb_usagers,nb_indemnes,nb_tues,nb_blesses_hosp,nb_blesses_legers,age_cond_1,age_cond_2,veh_type_cond_1,veh_type_cond_2,lum_code,agg_code,int_code,atm_code,col_code
200700033795,0007-06-24 06:45:00,7,6,24,6,45,510,329,CD 944 - PK : 8 + 300,,,Plein jour,Hors agglomération,Hors intersection,Normale,Deux véhicules - arrière,,,,,,,,,,,1,1,1,1,2
200700033796,0007-06-11 08:30:00,7,6,11,8,30,690,118,Route de beaucaire,,,Plein jour,En agglomération,Hors intersection,Normale,Deux véhicules - frontale,,,,,,,,,,,1,2,1,1,1
200700033797,0007-06-09 12:45:00,7,6,9,12,45,370,50,,,,Plein jour,Hors agglomération,Hors intersection,Normale,Deux véhicules - côté,,,,,,,,,,,1,1,1,1,3
200700033798,0007-06-23 19:15:00,7,6,23,19,15,290,140,RUE RENE GOUBIN,48.38,-4.305,Plein jour,En agglomération,Hors intersection,Normale,Deux véhicules - côté,,,,,,,,,,,1,2,1,1,3
200700033799,0007-06-03 12:30:00,7,6,3,12,30,330,229,,44.789,-0.919,Plein jour,Hors agglomération,Hors intersection,Normale,Deux véhicules - côté,,,,,,,,,,,1,1,1,1,3
200700033800,0007-06-23 01:30:00,7,6,23,1,30,330,229,Avenue de la Libération,44.705,-1.033,Nuit avec éclairage allumé,En agglomération,Hors intersection,Pluie légère,Sans collision,,,,,,,,,,,5,2,1,2,7
200700033801,0007-06-17 15:45:00,7,6,17,15,45,890,381,,,,Plein jour,Hors agglomération,Hors intersection,Normale,Autre collision,,,,,,,,,,,1,1,1,1,6
200700033802,0007-06-02 12:00:00,7,6,2,12,0,620,355,16 - Bretelle LILLE-ARR,50.339,2.919,Plein jour,Hors agglomération,Hors intersection,Normale,Autre collision,,,,,,,,,,,1,1,1,1,6
200700033803,0007-06-22 14:00:00,7,6,22,14,0,620,80,,50.104,2.854,Plein jour,Hors agglomération,Hors intersection,Pluie forte,Trois véhicules et plus - collisions multiples,,,,,,,,,,,1,1,1,3,5
200700033804,0007-06-23 17:45:00,7,6,23,17,45,800,33,,,,Plein jour,Hors agglomération,Hors intersection,Pluie forte,Autre collision,,,,,,,,,,,1,1,1,3,6
200700033805,0007-06-16 23:00:00,7,6,16,23,0,710,475,,,,Nuit sans éclairage public,Hors agglomération,Intersection en X,Temps couvert,Deux véhicules - arrière,,,,,,,,,,,3,1,2,8,2
200700033806,0007-06-25 09:45:00,7,6,25,9,45,710,475,,,,Plein jour,Hors agglomération,Hors intersection,Normale,Sans collision,,,,,,,,,,,1,1,1,1,7
200700033807,0007-06-26 09:00:00,7,6,26,9,0,710,520,,,,Plein jour,Hors agglomération,Hors intersection,Pluie forte,Autre collision,,,,,,,,,,,1,1,1,3,6
200700033808,0007-06-09 00:30:00,7,6,9,0,30,710,550,,,,Nuit sans éclairage public,Hors agglomération,Hors intersection,Normale,Autre collision,,,,,,,,,,,3,1,1,1,6
200700033809,0007-06-09 11:30:00,7,6,9,11,30,710,583,,46.252,4.799,Plein jour,Hors agglomération,Hors intersection,Normale,Sans collision,,,,,,,,,,,1,1,1,1,7
200700033810,0007-06-19 13:45:00,7,6,19,13,45,710,305,,,,Plein jour,Hors agglomération,Hors intersection,Normale,Autre collision,,,,,,,,,,,1,1,1,1,6
200700033811,0007-06-07 09:45:00,7,6,7,9,45,890,438,,,,Plein jour,Hors agglomération,Hors intersection,Normale,Deux véhicules - côté,,,,,,,,,,,1,1,1,1,3
200700033812,0007-06-22 14:15:00,7,6,22,14,15,130,67,,,,Plein jour,Hors agglomération,Hors intersection,Normale,Autre collision,,,,,,,,,,,1,1,1,1,6
200700033813,0007-06-02 22:45:00,7,6,2,22,45,830,23,,43.421,6.127,Nuit sans éclairage public,Hors agglomération,Hors intersection,Pluie légère,Deux véhicules - frontale,,,,,,,,,,,3,1,1,2,1
200700033814,0007-06-05 08:45:00,7,6,5,8,45,830,61,,43.478,6.741,Plein jour,Hors agglomération,Hors intersection,Normale,Deux véhicules - arrière,,,,,,,,,,,1,1,1,1,2
200700033815,0007-06-07 16:15:00,7,6,7,16,15,830,4,,43.457,6.522,Plein jour,Hors agglomération,Hors intersection,Pluie forte,Deux véhicules - frontale,,,,,,,,,,,1,1,1,3,1
200700033816,0007-06-15 18:00:00,7,6,15,18,0,830,61,,,,Plein jour,Hors agglomération,Hors intersection,Normale,Trois véhicules et plus - collisions multiples,,,,,,,,,,,1,1,1,1,5
200700033817,0007-06-18 16:00:00,7,6,18,16,0,830,26,,43.409,6.203,Plein jour,Hors agglomération,Hors intersection,Normale,Autre collision,,,,,,,,,,,1,1,1,1,6
200700033818,0007-06-21 17:30:00,7,6,21,17,30,830,54,,43.169,6.051,Plein jour,Hors agglomération,Hors intersection,Normale,Trois véhicules et plus - en chaîne,,,,,,,,,,,1,1,1,1,4
200700033819,0007-06-25 16:15:00,7,6,25,16,15,830,73,,43.387,6.31,Plein jour,Hors agglomération,Hors intersection,Normale,Autre collision,,,,,,,,,,,1,1,1,1,6
200700033820,0007-06-28 03:30:00,7,6,28,3,30,830,54,,43.177,6.05,Nuit sans éclairage public,Hors agglomération,Hors intersection,Normale,Deux véhicules - arrière,,,,,,,,,,,3,1,1,1,2
200700033821,0007-06-17 11:15:00,7,6,17,11,15,600,185,RUE DU PUITS,,,Plein jour,En agglomération,Intersection en T,Normale,Deux véhicules - côté,,,,,,,,,,,1,2,3,1,3
200700033822,0007-06-17 02:30:00,7,6,17,2,30,270,227,,,,Nuit sans éclairage public,Hors agglomération,Hors intersection,Normale,Autre collision,,,,,,,,,,,3,1,1,1,6
200700033823,0007-06-05 04:30:00,7,6,5,4,30,780,531,,,,Nuit sans éclairage public,Hors agglomération,Hors intersection,Normale,Autre collision,,,,,,,,,,,3,1,1,1,6
200700033824,0007-06-03 19:30:00,7,6,3,19,30,600,149,,,,Plein jour,Hors agglomération,Hors intersection,Normale,Deux véhicules - arrière,,,,,,,,,,,1,1,1,1,2
200700033825,0007-06-06 07:00:00,7,6,6,7,0,600,100,,,,Plein jour,Hors agglomération,Hors intersection,Normale,Deux véhicules - frontale,,,,,,,,,,,1,1,1,1,1
200700033826,0007-06-17 21:45:00,7,6,17,21,45,600,100,,,,Crépuscule ou aube,Hors agglomération,Hors intersection,Pluie légère,Autre collision,,,,,,,,,,,2,1,1,2,6
200700033827,0007-06-23 16:45:00,7,6,23,16,45,600,138,,,,Plein jour,Hors agglomération,Hors intersection,Normale,Trois véhicules et plus - en chaîne,,,,,,,,,,,1,1,1,1,4
200700033828,0007-06-23 16:00:00,7,6,23,16,0,210,561,,,,Plein jour,Hors agglomération,Hors intersection,Normale,Sans collision,,,,,,,,,,,1,1,1,1,7
200700033829,0007-06-23 18:15:00,7,6,23,18,15,210,27,,,,Plein jour,Hors agglomération,Hors intersection,Normale,Deux véhicules - frontale,,,,,,,,,,,1,1,1,1,1
200700033830,0007-06-22 16:00:00,7,6,22,16,0,210,646,,47.065,4.223,Plein jour,Hors agglomération,Hors intersection,Temps couvert,Deux véhicules - frontale,,,,,,,,,,,1,1,1,8,1
200700033831,0007-06-18 06:30:00,7,6,18,6,30,690,13,,,,Crépuscule ou aube,Hors agglomération,Hors intersection,Brouillard / fumée,Deux véhicules - côté,,,,,,,,,,,2,1,1,5,3
200700033832,0007-06-25 07:45:00,7,6,25,7,45,690,206,,,,Plein jour,Hors agglomération,Hors intersection,Normale,Trois véhicules et plus - collisions multiples,,,,,,,,,,,1,1,1,1,5
200700033833,0007-06-02 09:00:00,7,6,2,9,0,680,278,Rue Albert Schweitzer,,,Plein jour,En agglomération,Hors intersection,Normale,Deux véhicules - frontale,,,,,,,,,,,1,2,1,1,1
200700033834,0007-06-06 08:30:00,7,6,6,8,30,680,278,rue de habsheim,47.749,7.413,Plein jour,En agglomération,Hors intersection,Normale,Deux véhicules - frontale,,,,,,,,,,,1,2,1,1,1
200700033835,0007-06-10 22:00:00,7,6,10,22,0,680,278,,47.759,7.392,Nuit sans éclairage public,Hors agglomération,Hors intersection,Pluie forte,Deux véhicules - frontale,,,,,,,,,,,3,1,1,3,1
200700033836,0007-06-20 12:15:00,7,6,20,12,15,680,278,02 rue de la Forêt Noire,,,Plein jour,En agglomération,Hors intersection,Normale,Deux véhicules - côté,,,,,,,,,,,1,2,1,1,3
200700033837,0007-06-02 15:45:00,7,6,2,15,45,530,40,Rue Prinicpale,48.172,-1.067,Plein jour,En agglomération,Hors intersection,Normale,Deux véhicules - frontale,,,,,,,,,,,1,2,1,1,1
200700033838,0007-06-10 07:00:00,7,6,10,7,0,530,137,,48.066,-0.935,Crépuscule ou aube,Hors agglomération,Hors intersection,Normale,Autre collision,,,,,,,,,,,2,1,1,1,6
200700033839,0007-06-13 20:30:00,7,6,13,20,30,530,39,,48.146,-0.964,Plein jour,Hors agglomération,Hors intersection,Normale,Autre collision,,,,,,,,,,,1,1,1,1,6
200700033840,0007-06-07 08:30:00,7,6,7,8,30,950,371,rue Jean Jaures,,,Plein jour,En agglomération,Hors intersection,Normale,Trois véhicules et plus - collisions multiples,,,,,,,,,,,1,2,1,1,5
200700033841,0007-06-27 10:15:00,7,6,27,10,15,950,371,rue des tilleuls,,,Plein jour,En agglomération,Autre intersection,Normale,Autre collision,,,,,,,,,,,1,2,9,1,6
200700033842,0007-06-12 17:30:00,7,6,12,17,30,760,502,,49.555,1.25,Plein jour,Hors agglomération,Hors intersection,Normale,Deux véhicules - arrière,,,,,,,,,,,1,1,1,1,2
200700033843,0007-06-21 01:45:00,7,6,21,1,45,760,547,,49.561,1.26,Nuit sans éclairage public,Hors agglomération,Hors intersection,Normale,Autre collision,,,,,,,,,,,3,1,1,1,6
200700033844,0007-06-16 18:15:00,7,6,16,18,15,310,364,12 avenue de CENDRY,43.721,1.481,Plein jour,En agglomération,Hors intersection,Normale,Deux véhicules - frontale,,,,,,,,,,,1,2,1,1,1
200700033845,0007-06-25 16:00:00,7,6,25,16,0,830,116,,,,Plein jour,Hors agglomération,Hors intersection,Normale,Sans collision,,,,,,,,,,,1,1,1,1,7
200700033846,0007-06-04 10:35:00,7,6,4,10,35,410,223,AUTOROUTE A10,,,Plein jour,Hors agglomération,Hors intersection,Normale,Deux véhicules - arrière,,,,,,,,,,,1,1,1,1,2
200700033847,0007-06-12 17:00:00,7,6,12,17,0,410,91,,,,Plein jour,Hors agglomération,Hors intersection,Normale,Deux véhicules - arrière,,,,,,,,,,,1,1,1,1,2
200700033848,0007-06-24 18:45:00,7,6,24,18,45,410,223,,47.622,1.22,Plein jour,Hors agglomération,Hors intersection,Normale,Deux véhicules - côté,,,,,,,,,,,1,1,1,1,3
200700033849,0007-06-26 14:15:00,7,6,26,14,15,410,252,,,,Plein jour,Hors agglomération,Hors intersection,Normale,Autre collision,,,,,,,,,,,1,1,1,1,6
200700033850,0007-06-26 11:00:00,7,6,26,11,0,410,18,,,,Plein jour,Hors agglomération,Hors intersection,Normale,Deux véhicules - arrière,,,,,,,,,,,1,1,1,1,2
200700033851,0007-06-17 17:15:00,7,6,17,17,15,300,344,,,,Plein jour,Hors agglomération,Hors intersection,Normale,Autre collision,,,,,,,,,,,1,1,1,1,6
200700033852,0007-06-28 01:15:00,7,6,28,1,15,340,135,,43.294,3.191,Nuit sans éclairage public,Hors agglomération,Hors intersection,Normale,Autre collision,,,,,,,,,,,3,1,1,1,6
200700033853,0007-06-29 01:45:00,7,6,29,1,45,110,441,,,,Nuit avec éclairage allumé,Hors agglomération,Hors intersection,Normale,Deux véhicules - arrière,,,,,,,,,,,5,1,1,1,2
200700033854,0007-06-08 17:30:00,7,6,8,17,30,370,15,Rue de Cormery,,,Plein jour,En agglomération,Hors intersection,Normale,Deux véhicules - frontale,,,,,,,,,,,1,2,1,1,1
200700033855,0007-06-12 10:45:00,7,6,12,10,45,370,73,RUE DE L'EUROPE,47.336,1.084,Plein jour,En agglomération,Hors intersection,Normale,Deux véhicules - côté,,,,,,,,,,,1,2,1,1,3
200700033856,0007-06-04 05:00:00,7,6,4,5,0,450,169,,,,Nuit avec éclairage allumé,Hors agglomération,Autre intersection,Normale,Autre collision,,,,,,,,,,,5,1,9,1,6
200700033857,0007-06-06 13:45:00,7,6,6,13,45,450,93,,,,Plein jour,Hors agglomération,Hors intersection,Normale,Deux véhicules - côté,,,,,,,,,,,1,1,1,1,3
200700033858,0007-06-09 06:45:00,7,6,9,6,45,450,302,,,,Crépuscule ou aube,Hors agglomération,Hors intersection,Normale,Sans collision,,,,,,,,,,,2,1,1,1,7
200700033859,0007-06-10 06:45:00,7,6,10,6,45,280,392,,,,Crépuscule ou aube,Hors agglomération,Hors intersection,Normale,Autre collision,,,,,,,,,,,2,1,1,1,6
200700033860,0007-06-24 19:00:00,7,6,24,19,0,450,344,,,,Plein jour,Hors agglomération,Hors intersection,Normale,Autre collision,,,,,,,,,,,1,1,1,1,6
200700033861,0007-06-13 18:05:00,7,6,13,18,5,670,82,Rue du Nieul,,,Plein jour,En agglomération,Hors intersection,Normale,Deux véhicules - côté,,,,,,,,,,,1,2,1,1,3
200700033862,0007-06-03 20:30:00,7,6,3,20,30,730,288,,,,Plein jour,Hors agglomération,Hors intersection,Normale,Autre collision,,,,,,,,,,,1,1,1,1,6
200700033863,0007-06-27 15:45:00,7,6,27,15,45,730,155,,45.654,5.923,Plein jour,Hors agglomération,Hors intersection,Normale,Autre collision,,,,,,,,,,,1,1,1,1,6
200700033864,0007-06-25 11:30:00,7,6,25,11,30,380,481,,45.561,5.356,Plein jour,Hors agglomération,Hors intersection,Normale,Autre collision,,,,,,,,,,,1,1,1,1,6
200700033865,0007-06-25 12:15:00,7,6,25,12,15,130,11,,,,Plein jour,Hors agglomération,Hors intersection,Normale,Deux véhicules - côté,,,,,,,,,,,1,1,1,1,3
200700033866,0007-06-06 01:00:00,7,6,6,1,0,280,261,,,,Nuit sans éclairage public,Hors agglomération,Hors intersection,Normale,Deux véhicules - arrière,,,,,,,,,,,3,1,1,1,2
200700033867,0007-06-29 17:00:00,7,6,29,17,0,280,269,,,,Plein jour,Hors agglomération,Hors intersection,Normale,Autre collision,,,,,,,,,,,1,1,1,1,6
200700033868,0007-06-13 18:30:00,7,6,13,18,30,410,50,,,,Plein jour,Hors agglomération,Hors intersection,Normale,Sans collision,,,,,,,,,,,1,1,1,1,7
200700033869,0007-06-16 10:30:00,7,6,16,10,30,410,150,Route des Grotteaux,,,Plein jour,En agglomération,Hors intersection,Normale,Deux véhicules - côté,,,,,,,,,,,1,2,1,1,3
200700033870,0007-06-21 02:00:00,7,6,21,2,0,410,148,,47.648,1.43,Nuit sans éclairage public,Hors agglomération,Hors intersection,Pluie forte,Deux véhicules - frontale,,,,,,,,,,,3,1,1,3,1
200700033871,0007-06-23 06:45:00,7,6,23,6,45,410,295,,,,Crépuscule ou aube,Hors agglomération,Hors intersection,Temps couvert,Deux véhicules - frontale,,,,,,,,,,,2,1,1,8,1
200700033872,0007-06-30 02:00:00,7,6,30,2,0,410,295,,47.598,1.361,Nuit sans éclairage public,Hors agglomération,Hors intersection,Normale,Sans collision,,,,,,,,,,,3,1,1,1,7
200700033873,0007-06-30 12:45:00,7,6,30,12,45,410,295,voie galin,47.612,1.4,Plein jour,En agglomération,Intersection en X,Normale,Deux véhicules - côté,,,,,,,,,,,1,2,2,1,3
200700033874,0007-06-07 18:45:00,7,6,7,18,45,690,43,9 avenue de Verdun,,,Plein jour,En agglomération,Hors intersection,Pluie légère,Deux véhicules - côté,,,,,,,,,,,1,2,1,2,3
200700033875,0007-06-25 08:30:00,7,6,25,8,30,690,27,176 rue du Gnl de Gaulle,,,Plein jour,En agglomération,Hors intersection,Pluie légère,Autre collision,,,,,,,,,,,1,2,1,2,6
200700033876,0007-06-16 20:00:00,7,6,16,20,0,290,69,,,,Plein jour,Hors agglomération,Hors intersection,Normale,Sans collision,,,,,,,,,,,1,1,1,1,7
200700033877,0007-06-16 13:15:00,7,6,16,13,15,290,149,,,,Plein jour,Hors agglomération,Hors intersection,Normale,Trois véhicules et plus - collisions multiples,,,,,,,,,,,1,1,1,1,5
200700033878,0007-06-04 04:30:00,7,6,4,4,30,340,166,,43.377,3.402,Nuit sans éclairage public,Hors agglomération,Hors intersection,Normale,Trois véhicules et plus - en chaîne,,,,,,,,,,,3,1,1,1,4
200700033879,0007-06-23 18:30:00,7,6,23,18,30,310,254,rue Pierre Marie Curie,,,Plein jour,En agglomération,Hors intersection,Normale,Sans collision,,,,,,,,,,,1,2,1,1,7
200700033880,0007-06-13 13:30:00,7,6,13,13,30,630,14,,,,Plein jour,Hors agglomération,Hors intersection,Normale,Deux véhicules - côté,,,,,,,,,,,1,1,1,1,3
200700033881,0007-06-18 19:45:00,7,6,18,19,45,630,91,,,,Plein jour,Hors agglomération,Hors intersection,Normale,Autre collision,,,,,,,,,,,1,1,1,1,6
200700033882,0007-06-11 09:15:00,7,6,11,9,15,640,483,,43.409,-1.628,Plein jour,Hors agglomération,Hors intersection,Normale,Deux véhicules - arrière,,,,,,,,,,,1,1,1,1,2
200700033883,0007-06-16 17:45:00,7,6,16,17,45,640,38,,43.452,-1.54,Plein jour,Hors agglomération,Hors intersection,Normale,Trois véhicules et plus - collisions multiples,,,,,,,,,,,1,1,1,1,5
200700033884,0007-06-25 10:45:00,7,6,25,10,45,640,189,,43.379,-1.669,Plein jour,Hors agglomération,Hors intersection,Pluie forte,Sans collision,,,,,,,,,,,1,1,1,3,7
200700033885,0007-06-20 23:00:00,7,6,20,23,0,550,20,,,,Nuit sans éclairage public,Hors agglomération,Hors intersection,Normale,Deux véhicules - arrière,,,,,,,,,,,3,1,1,1,2
200700033886,0007-06-01 16:15:00,7,6,1,16,15,510,569,,49.257,3.963,Plein jour,Hors agglomération,Hors intersection,Pluie légère,Deux véhicules - arrière,,,,,,,,,,,1,1,1,2,2
200700033887,0007-06-07 19:15:00,7,6,7,19,15,510,437,,49.226,3.815,Plein jour,Hors agglomération,Hors intersection,Pluie forte,Autre collision,,,,,,,,,,,1,1,1,3,6
200700033888,0007-06-14 08:45:00,7,6,14,8,45,510,569,,49.254,3.953,Plein jour,Hors agglomération,Autre intersection,Normale,Autre collision,,,,,,,,,,,1,1,9,1,6
200700033889,0007-06-19 03:30:00,7,6,19,3,30,910,85,,,,Nuit sans éclairage public,Hors agglomération,Hors intersection,Normale,Sans collision,,,,,,,,,,,3,1,1,1,7
200700033890,0007-06-19 16:45:00,7,6,19,16,45,380,485,av AIME BOUCHAYER,,,Plein jour,En agglomération,Hors intersection,Normale,Deux véhicules - frontale,,,,,,,,,,,1,2,1,1,1
200700033891,0007-06-04 17:45:00,7,6,4,17,45,380,5,CD526,45.133,6.039,Plein jour,En agglomération,Hors intersection,Normale,Autre collision,,,,,,,,,,,1,2,1,1,6
200700033892,0007-06-02 10:45:00,7,6,2,10,45,510,588,,,,Plein jour,Hors agglomération,Hors intersection,Normale,Deux véhicules - arrière,,,,,,,,,,,1,1,1,1,2
200700033893,0007-06-22 16:15:00,7,6,22,16,15,510,572,,49.04,4.62,Plein jour,Hors agglomération,Hors intersection,Pluie forte,Autre collision,,,,,,,,,,,1,1,1,3,6
200700033894,0007-06-19 20:15:00,7,6,19,20,15,570,606,,,,Plein jour,Hors agglomération,Hors intersection,Normale,Autre collision,,,,,,,,,,,1,1,1,1,6
200700033895,0007-06-25 07:45:00,7,6,25,7,45,570,695,,,,Plein jour,Hors agglomération,Hors intersection,Normale,Autre collision,,,,,,,,,,,1,1,1,1,6
200700033896,0007-06-16 21:00:00,7,6,16,21,0,20,280,,49.099,3.435,Plein jour,Hors agglomération,Hors intersection,Normale,Deux véhicules - côté,,,,,,,,,,,1,1,1,1,3
200700033897,0007-06-23 06:30:00,7,6,23,6,30,20,655,,,,Crépuscule ou aube,Hors agglomération,Hors intersection,Temps couvert,Sans collision,,,,,,,,,,,2,1,1,8,7
200700033898,0007-06-09 12:00:00,7,6,9,12,0,60,67,,43.795,7.475,Plein jour,Hors agglomération,Hors intersection,Normale,Autre collision,,,,,,,,,,,1,1,1,1,6
200700033899,0007-06-20 12:45:00,7,6,20,12,45,60,88,,43.737,7.287,Plein jour,Hors agglomération,Hors intersection,Normale,Autre collision,,,,,,,,,,,1,1,1,1,6
200700033900,0007-06-16 05:00:00,7,6,16,5,0,670,67,,,,Crépuscule ou aube,Hors agglomération,Hors intersection,Normale,Deux véhicules - arrière,,,,,,,,,,,2,1,1,1,2
200700033901,0007-06-30 07:15:00,7,6,30,7,15,620,224,,50.537,2.554,Plein jour,Hors agglomération,Hors intersection,Normale,Autre collision,,,,,,,,,,,1,1,1,1,6
200700033902,0007-06-18 15:30:00,7,6,18,15,30,950,450,RD48E,49.019,2.074,Plein jour,En agglomération,Hors intersection,Normale,Deux véhicules - frontale,,,,,,,,,,,1,2,1,1,1
200700033903,0007-06-17 10:30:00,7,6,17,10,30,860,19,,,,Plein jour,Hors agglomération,Hors intersection,Normale,Deux véhicules - côté,,,,,,,,,,,1,1,1,1,3
200700033904,0007-06-19 16:15:00,7,6,19,16,15,130,86,,,,Plein jour,Hors agglomération,Hors intersection,Normale,Trois véhicules et plus - en chaîne,,,,,,,,,,,1,1,1,1,4
200700033905,0007-06-01 13:15:00,7,6,1,13,15,60,27,,,,Plein jour,Hors agglomération,Hors intersection,Normale,Trois véhicules et plus - collisions multiples,,,,,,,,,,,1,1,1,1,5
200700033906,0007-06-21 16:15:00,7,6,21,16,15,60,4,,,,Plein jour,Hors agglomération,Hors intersection,Normale,Autre collision,,,,,,,,,,,1,1,1,1,6
200700033907,0007-06-22 13:30:00,7,6,22,13,30,60,85,,43.589,7.004,Plein jour,Hors agglomération,Hors intersection,Normale,Autre collision,,,,,,,,,,,1,1,1,1,6
200700033908,0007-06-30 13:30:00,7,6,30,13,30,770,49,,,,Plein jour,Hors agglomération,Hors intersection,Normale,Sans collision,,,,,,,,,,,1,1,1,1,7
200700033909,0007-06-21 14:20:00,7,6,21,14,20,640,396,"A 64, PK 75+200",,,Plein jour,Hors agglomération,Hors intersection,Normale,Deux véhicules - arrière,,,,,,,,,,,1,1,1,1,2
200700033910,0007-06-01 08:15:00,7,6,1,8,15,590,502,,50.19,3.345,Plein jour,Hors agglomération,Intersection en X,Pluie forte,Deux véhicules - côté,,,,,,,,,,,1,1,2,3,3
200700033911,0007-06-04 07:45:00,7,6,4,7,45,280,18,,,,Plein jour,Hors agglomération,Hors intersection,Normale,Deux véhicules - arrière,,,,,,,,,,,1,1,1,1,2
200700033912,0007-06-05 18:00:00,7,6,5,18,0,910,573,,48.621,2.515,Plein jour,Hors agglomération,Hors intersection,Normale,Deux véhicules - côté,,,,,,,,,,,1,1,1,1,3
200700033913,0007-06-11 18:30:00,7,6,11,18,30,910,553,rond point des chevreaux,48.632,2.499,Plein jour,En agglomération,Giratoire,Pluie forte,Sans collision,,,,,,,,,,,1,2,6,3,7
200700033914,0007-06-14 08:30:00,7,6,14,8,30,910,600,rue du Général de Gaulle,48.647,2.456,Plein jour,En agglomération,Hors intersection,Normale,Deux véhicules - côté,,,,,,,,,,,1,2,1,1,3
200700033915,0007-06-01 18:30:00,7,6,1,18,30,380,253,,45.043,6.109,Plein jour,Hors agglomération,Hors intersection,Pluie légère,Deux véhicules - frontale,,,,,,,,,,,1,1,1,2,1
200700033916,0007-06-03 07:15:00,7,6,3,7,15,110,225,,,,Crépuscule ou aube,Hors agglomération,Hors intersection,Normale,Autre collision,,,,,,,,,,,2,1,1,1,6
200700033917,0007-06-11 11:30:00,7,6,11,11,30,310,220,Autoroute A 66,,,Plein jour,Hors agglomération,Hors intersection,Normale,Sans collision,,,,,,,,,,,1,1,1,1,7
200700033918,0007-06-13 15:15:00,7,6,13,15,15,310,2,,,,Plein jour,Hors agglomération,Hors intersection,Normale,Autre collision,,,,,,,,,,,1,1,1,1,6
200700033919,0007-06-20 16:45:00,7,6,20,16,45,720,130,,48.043,0.068,Plein jour,Hors agglomération,Hors intersection,Normale,Deux véhicules - arrière,,,,,,,,,,,1,1,1,1,2
200700033920,0007-06-14 02:30:00,7,6,14,2,30,680,234,,,,Nuit sans éclairage public,Hors agglomération,Hors intersection,Normale,Autre collision,,,,,,,,,,,3,1,1,1,6
200700033921,0007-06-19 19:15:00,7,6,19,19,15,530,108,,,,Plein jour,Hors agglomération,Hors intersection,Normale,Sans collision,,,,,,,,,,,1,1,1,1,7
200700033922,0007-06-06 12:00:00,7,6,6,12,0,820,119,"0, sens CAHORS MONTAUBAN",,,Plein jour,Hors agglomération,Hors intersection,Pluie légère,Deux véhicules - côté,,,,,,,,,,,1,1,1,2,3
200700033923,0007-06-18 11:00:00,7,6,18,11,0,201,90,,42.082,8.72,Plein jour,Hors agglomération,Hors intersection,Normale,Deux véhicules - frontale,,,,,,,,,,,1,1,1,1,1
200700033924,0007-06-21 12:15:00,7,6,21,12,15,201,60,Lieu dit Custarella,42.051,8.816,Plein jour,Hors agglomération,Hors intersection,Normale,Autre collision,,,,,,,,,,,1,1,1,1,6
200700033925,0007-06-15 20:30:00,7,6,15,20,30,201,130,,,,Plein jour,En agglomération,Hors intersection,Normale,Autre collision,,,,,,,,,,,1,2,1,1,6
200700033926,0007-06-19 17:30:00,7,6,19,17,30,380,516,,,,Plein jour,Hors agglomération,Hors intersection,Normale,Sans collision,,,,,,,,,,,1,1,1,1,7
200700033927,0007-06-24 06:15:00,7,6,24,6,15,380,229,avenue de Verdun,,,Plein jour,En agglomération,Hors intersection,Temps éblouissant,Autre collision,,,,,,,,,,,1,2,1,7,6
200700033928,0007-06-03 17:00:00,7,6,3,17,0,780,466,RUE DES ALLUETS,48.922,1.958,Plein jour,En agglomération,Autre intersection,Normale,Deux véhicules - frontale,,,,,,,,,,,1,2,9,1,1
200700033929,0007-06-06 07:45:00,7,6,6,7,45,330,122,Avenue Marc Nouaux,,,Plein jour,En agglomération,Intersection en T,Temps couvert,Deux véhicules - côté,,,,,,,,,,,1,2,3,8,3
200700033930,0007-06-12 12:00:00,7,6,12,12,0,660,213,,,,Plein jour,Hors agglomération,Hors intersection,Normale,Deux véhicules - frontale,,,,,,,,,,,1,1,1,1,1
200700033931,0007-06-22 12:30:00,7,6,22,12,30,660,213,,,,Plein jour,Hors agglomération,Hors intersection,Normale,Deux véhicules - côté,,,,,,,,,,,1,1,1,1,3
200700033932,0007-06-24 21:45:00,7,6,24,21,45,170,280,,,,Nuit sans éclairage public,Hors agglomération,Hors intersection,Normale,Sans collision,,,,,,,,,,,3,1,1,1,7
200700033933,0007-06-29 17:00:00,7,6,29,17,0,170,436,- PK 429+400 - SENS B/P,,,Plein jour,Hors agglomération,Hors intersection,Normale,Deux véhicules - frontale,,,,,,,,,,,1,1,1,1,1
200700033934,0007-06-16 18:45:00,7,6,16,18,45,740,243,,46.134,6.091,Plein jour,Hors agglomération,Hors intersection,Normale,Sans collision,,,,,,,,,,,1,1,1,1,7
200700033935,0007-06-27 08:45:00,7,6,27,8,45,740,82,,46.142,6.136,Plein jour,Hors agglomération,Hors intersection,Pluie forte,Autre collision,,,,,,,,,,,1,1,1,3,6
200700033936,0007-06-23 21:00:00,7,6,23,21,0,220,206,,48.56,-2.98,Crépuscule ou aube,Hors agglomération,Hors intersection,Normale,Deux véhicules - côté,,,,,,,,,,,2,1,1,1,3