accident_id,datetime,annee,mois,jour,heure,minute,departement,commune_insee,adresse,latitude,longitude,luminosite,agglomeration,intersection,meteo,collision,nb_vehicules,nb_usagers,nb_indemnes,nb_tues,nb_blesses_hosp,nb_blesses_legers,age_cond_1,age_cond_2,veh_type_cond_1,veh_type_cond_2,lum_code,agg_code,int_code,atm_code,col_code
200700033937,0007-06-28 04:15:00,7,6,28,4,15,201,269,,41.865,9.394,Nuit sans éclairage public,Hors agglomération,Hors intersection,Normale,Autre collision,,,,,,,,,,,3,1,1,1,6
200700033938,0007-06-05 16:20:00,7,6,5,16,20,740,272,route du trésor,,,Plein jour,Hors agglomération,Hors intersection,Normale,Deux véhicules - côté,,,,,,,,,,,1,1,1,1,3
200700033939,0007-06-05 16:00:00,7,6,5,16,0,740,179,,46.002,6.01,Plein jour,Hors agglomération,Hors intersection,Normale,Trois véhicules et plus - collisions multiples,,,,,,,,,,,1,1,1,1,5
200700033940,0007-06-09 14:20:00,7,6,9,14,20,740,268,ersection du crêt d'haut,,,Plein jour,Hors agglomération,Hors intersection,Normale,Deux véhicules - côté,,,,,,,,,,,1,1,1,1,3
200700033941,0007-06-10 18:10:00,7,6,10,18,10,740,268,Chaux,,,Plein jour,Hors agglomération,Hors intersection,Normale,Deux véhicules - frontale,,,,,,,,,,,1,1,1,1,1
200700033942,0007-06-29 13:15:00,7,6,29,13,15,690,299,,45.709,5.073,Plein jour,Hors agglomération,Hors intersection,Normale,Autre collision,,,,,,,,,,,1,1,1,1,6
200700033943,0007-06-22 12:15:00,7,6,22,12,15,510,613,,49.168,4.146,Plein jour,Hors agglomération,Hors intersection,Normale,Sans collision,,,,,,,,,,,1,1,1,1,7
200700033944,0007-06-25 15:45:00,7,6,25,15,45,520,14,,47.768,5.189,Plein jour,Hors agglomération,Hors intersection,Normale,Autre collision,,,,,,,,,,,1,1,1,1,6
200700033945,0007-06-22 18:00:00,7,6,22,18,0,310,203,8 Pl hotel de ville,43.519,1.321,Plein jour,En agglomération,Hors intersection,Normale,Autre collision,,,,,,,,,,,1,2,1,1,6
200700033946,0007-06-05 13:00:00,7,6,5,13,0,60,18,te des Dolines PK. 6.070,,,Plein jour,Hors agglomération,Hors intersection,Normale,Deux véhicules - arrière,,,,,,,,,,,1,1,1,1,2
200700033947,0007-06-06 12:30:00,7,6,6,12,30,60,152,route des Dolines,43.624,7.035,Plein jour,En agglomération,Autre intersection,Normale,Deux véhicules - côté,,,,,,,,,,,1,2,9,1,3
200700033948,0007-06-15 18:00:00,7,6,15,18,0,60,152,,43.615,7.023,Plein jour,Hors agglomération,Hors intersection,Pluie légère,Autre collision,,,,,,,,,,,1,1,1,2,6
200700033949,0007-06-22 22:00:00,7,6,22,22,0,60,152,230 chemin de peydessale,43.645,7.026,Crépuscule ou aube,En agglomération,Hors intersection,Normale,Autre collision,,,,,,,,,,,2,2,1,1,6
200700033950,0007-06-03 17:00:00,7,6,3,17,0,690,244,avenue joliot curie,,,Plein jour,En agglomération,Hors intersection,Normale,Deux véhicules - côté,,,,,,,,,,,1,2,1,1,3
200700033951,0007-06-13 08:45:00,7,6,13,8,45,690,244,avenue Victor Hugo,,,Plein jour,En agglomération,Hors intersection,Normale,Deux véhicules - côté,,,,,,,,,,,1,2,1,1,3
200700033952,0007-06-10 15:00:00,7,6,10,15,0,690,244,,,,Plein jour,Hors agglomération,Hors intersection,Temps couvert,Deux véhicules - frontale,,,,,,,,,,,1,1,1,8,1
200700033953,0007-06-21 18:45:00,7,6,21,18,45,690,244,8 avenue Eisenhower,,,Plein jour,En agglomération,Hors intersection,Normale,Deux véhicules - côté,,,,,,,,,,,1,2,1,1,3
200700033954,0007-06-19 09:15:00,7,6,19,9,15,740,22,,,,Plein jour,Hors agglomération,Hors intersection,Normale,Sans collision,,,,,,,,,,,1,1,1,1,7
200700033955,0007-06-20 15:30:00,7,6,20,15,30,740,137,,,,Plein jour,Hors agglomération,Hors intersection,Normale,Deux véhicules - frontale,,,,,,,,,,,1,1,1,1,1
200700033956,0007-06-23 10:00:00,7,6,23,10,0,740,245,,,,Plein jour,Hors agglomération,Hors intersection,Normale,Deux véhicules - frontale,,,,,,,,,,,1,1,1,1,1
200700033957,0007-06-12 11:30:00,7,6,12,11,30,340,247,,,,Plein jour,Hors agglomération,Hors intersection,Normale,Deux véhicules - frontale,,,,,,,,,,,1,1,1,1,1
200700033958,0007-06-27 17:30:00,7,6,27,17,30,340,153,,,,Plein jour,Hors agglomération,Hors intersection,Normale,Sans collision,,,,,,,,,,,1,1,1,1,7
200700033959,0007-06-10 05:30:00,7,6,10,5,30,10,24,,,,Crépuscule ou aube,Hors agglomération,Hors intersection,Normale,Trois véhicules et plus - collisions multiples,,,,,,,,,,,2,1,1,1,5
200700033960,0007-06-02 20:00:00,7,6,2,20,0,20,756,,,,Plein jour,Hors agglomération,Hors intersection,Normale,Autre collision,,,,,,,,,,,1,1,1,1,6
200700033961,0007-06-15 10:15:00,7,6,15,10,15,780,571,,48.859,2.024,Plein jour,Hors agglomération,Hors intersection,Normale,Deux véhicules - arrière,,,,,,,,,,,1,1,1,1,2
200700033962,0007-06-26 08:15:00,7,6,26,8,15,130,37,,43.548,5.187,Plein jour,Hors agglomération,Autre intersection,Normale,Deux véhicules - côté,,,,,,,,,,,1,1,9,1,3
200700033963,0007-06-11 15:45:00,7,6,11,15,45,950,353,,49.089,2.313,Plein jour,Hors agglomération,Intersection en Y,Normale,Trois véhicules et plus - collisions multiples,,,,,,,,,,,1,1,4,1,5
200700033964,0007-06-14 14:45:00,7,6,14,14,45,90,32,,42.691,1.826,Plein jour,Hors agglomération,Hors intersection,Normale,Deux véhicules - frontale,,,,,,,,,,,1,1,1,1,1
200700033965,0007-06-15 18:00:00,7,6,15,18,0,90,318,,42.753,1.774,Plein jour,Hors agglomération,Hors intersection,Normale,Deux véhicules - frontale,,,,,,,,,,,1,1,1,1,1
200700033966,0007-06-03 04:15:00,7,6,3,4,15,760,462,utoroute A 28  PK 56+500,,,Nuit sans éclairage public,Hors agglomération,Hors intersection,Normale,Trois véhicules et plus - collisions multiples,,,,,,,,,,,3,1,1,1,5
200700033967,0007-06-25 07:45:00,7,6,25,7,45,760,606,,,,Plein jour,Hors agglomération,Hors intersection,Normale,Deux véhicules - arrière,,,,,,,,,,,1,1,1,1,2
200700033968,0007-06-01 17:15:00,7,6,1,17,15,350,189,,,,Plein jour,Hors agglomération,Intersection en T,Normale,Deux véhicules - frontale,,,,,,,,,,,1,1,3,1,1
200700033969,0007-06-19 13:35:00,7,6,19,13,35,350,275,La Réauté,,,Plein jour,Hors agglomération,Hors intersection,Normale,Deux véhicules - arrière,,,,,,,,,,,1,1,1,1,2
200700033970,0007-06-21 17:45:00,7,6,21,17,45,350,131,,,,Plein jour,Hors agglomération,Hors intersection,Normale,Deux véhicules - arrière,,,,,,,,,,,1,1,1,1,2
200700033971,0007-06-28 04:30:00,7,6,28,4,30,350,275,,,,Nuit sans éclairage public,Hors agglomération,Hors intersection,Normale,Deux véhicules - arrière,,,,,,,,,,,3,1,1,1,2
200700033972,0007-06-02 08:45:00,7,6,2,8,45,560,240,Rue Adrien Régent,47.531,-2.767,Plein jour,En agglomération,Hors intersection,Temps éblouissant,Deux véhicules - côté,,,,,,,,,,,1,2,1,7,3
200700033973,0007-06-26 15:00:00,7,6,26,15,0,560,243,route de Nantes,47.65,-2.72,Plein jour,En agglomération,Hors intersection,Normale,Deux véhicules - frontale,,,,,,,,,,,1,2,1,1,1
200700033974,0007-06-27 08:30:00,7,6,27,8,30,880,440,,,,Plein jour,Hors agglomération,Hors intersection,Pluie légère,Deux véhicules - arrière,,,,,,,,,,,1,1,1,2,2
200700033975,0007-06-30 19:45:00,7,6,30,19,45,380,48,,,,Plein jour,Hors agglomération,Hors intersection,Normale,Deux véhicules - frontale,,,,,,,,,,,1,1,1,1,1
200700033976,0007-06-13 11:30:00,7,6,13,11,30,130,113,,,,Plein jour,Hors agglomération,Hors intersection,Normale,Sans collision,,,,,,,,,,,1,1,1,1,7
200700033977,0007-06-04 16:45:00,7,6,4,16,45,410,46,,,,Plein jour,Hors agglomération,Hors intersection,Pluie forte,Sans collision,,,,,,,,,,,1,1,1,3,7
200700033978,0007-06-09 06:30:00,7,6,9,6,30,410,256,,,,Crépuscule ou aube,Hors agglomération,Hors intersection,Brouillard / fumée,Sans collision,,,,,,,,,,,2,1,1,5,7
200700033979,0007-06-25 12:15:00,7,6,25,12,15,410,161,,,,Plein jour,Hors agglomération,Hors intersection,Normale,Sans collision,,,,,,,,,,,1,1,1,1,7
200700033980,0007-06-26 19:45:00,7,6,26,19,45,10,228,,,,Plein jour,Hors agglomération,Hors intersection,Temps couvert,Sans collision,,,,,,,,,,,1,1,1,8,7
200700033981,0007-06-09 18:30:00,7,6,9,18,30,130,69,avenue Général De Gaulle,,,Plein jour,En agglomération,Hors intersection,Normale,Deux véhicules - frontale,,,,,,,,,,,1,2,1,1,1
200700033982,0007-06-18 11:15:00,7,6,18,11,15,130,69,,,,Plein jour,Hors agglomération,Hors intersection,Normale,Autre collision,,,,,,,,,,,1,1,1,1,6
200700033983,0007-06-29 04:45:00,7,6,29,4,45,30,175,,46.25,3.08,Nuit sans éclairage public,Hors agglomération,Hors intersection,Normale,Deux véhicules - arrière,,,,,,,,,,,3,1,1,1,2
200700033984,0007-06-19 18:30:00,7,6,19,18,30,60,90,chemin de Clavary,43.61,6.927,Plein jour,En agglomération,Hors intersection,Normale,Autre collision,,,,,,,,,,,1,2,1,1,6
200700033985,0007-06-01 08:15:00,7,6,1,8,15,670,152,rue du collège,48.523,7.652,Plein jour,En agglomération,Hors intersection,Pluie légère,Deux véhicules - côté,,,,,,,,,,,1,2,1,2,3
200700033986,0007-06-24 11:45:00,7,6,24,11,45,670,309,Docteur A. Schweitzer,48.646,7.721,Plein jour,En agglomération,Hors intersection,Normale,Deux véhicules - frontale,,,,,,,,,,,1,2,1,1,1
200700033987,0007-06-04 16:15:00,7,6,4,16,15,60,112,CD2085,,,Plein jour,En agglomération,Hors intersection,Normale,Autre collision,,,,,,,,,,,1,2,1,1,6
200700033988,0007-06-08 16:30:00,7,6,8,16,30,60,68,,43.727,7.082,Plein jour,Hors agglomération,Hors intersection,Normale,Deux véhicules - frontale,,,,,,,,,,,1,1,1,1,1
200700033989,0007-06-28 13:30:00,7,6,28,13,30,650,127,,43.11,0.336,Plein jour,Hors agglomération,Hors intersection,Normale,Autre collision,,,,,,,,,,,1,1,1,1,6
200700033990,0007-06-11 12:30:00,7,6,11,12,30,30,97,,46.361,2.762,Plein jour,Hors agglomération,Hors intersection,Pluie forte,Deux véhicules - arrière,,,,,,,,,,,1,1,1,3,2
200700033991,0007-06-24 14:45:00,7,6,24,14,45,30,153,,46.448,2.693,Plein jour,Hors agglomération,Hors intersection,Normale,Autre collision,,,,,,,,,,,1,1,1,1,6
200700033992,0007-06-04 18:15:00,7,6,4,18,15,180,209,,46.682,2.462,Plein jour,Hors agglomération,Hors intersection,Normale,Trois véhicules et plus - collisions multiples,,,,,,,,,,,1,1,1,1,5
200700033993,0007-06-24 15:45:00,7,6,24,15,45,100,95,,,,Plein jour,Hors agglomération,Hors intersection,Normale,Autre collision,,,,,,,,,,,1,1,1,1,6
200700033994,0007-06-30 18:15:00,7,6,30,18,15,130,113,,,,Plein jour,En agglomération,Intersection en X,Normale,Deux véhicules - côté,,,,,,,,,,,1,2,2,1,3
200700033995,0007-06-28 17:00:00,7,6,28,17,0,130,113,rd96 avenue des logisson,,,Plein jour,En agglomération,Hors intersection,Normale,Deux véhicules - côté,,,,,,,,,,,1,2,1,1,3
200700033996,0007-06-25 14:30:00,7,6,25,14,30,670,194,,,,Plein jour,Hors agglomération,Hors intersection,Pluie légère,Autre collision,,,,,,,,,,,1,1,1,2,6
200700033997,0007-06-29 20:30:00,7,6,29,20,30,670,465,,,,Crépuscule ou aube,Hors agglomération,Hors intersection,Normale,Autre collision,,,,,,,,,,,2,1,1,1,6
200700033998,0007-06-08 17:00:00,7,6,8,17,0,510,242,,48.931,4.283,Plein jour,Hors agglomération,Hors intersection,Normale,Sans collision,,,,,,,,,,,1,1,1,1,7
200700033999,0007-06-28 13:45:00,7,6,28,13,45,510,409,,,,Plein jour,Hors agglomération,Hors intersection,Normale,Autre collision,,,,,,,,,,,1,1,1,1,6
200700034000,0007-06-21 16:00:00,7,6,21,16,0,310,462,,,,Plein jour,Hors agglomération,Hors intersection,Normale,Deux véhicules - arrière,,,,,,,,,,,1,1,1,1,2
200700034001,0007-06-16 22:30:00,7,6,16,22,30,770,453,,,,Nuit sans éclairage public,Hors agglomération,Hors intersection,Normale,Deux véhicules - arrière,,,,,,,,,,,3,1,1,1,2
200700034002,0007-06-25 09:00:00,7,6,25,9,0,600,139,,,,Plein jour,Hors agglomération,Hors intersection,Pluie légère,Sans collision,,,,,,,,,,,1,1,1,2,7
200700034003,0007-06-22 11:15:00,7,6,22,11,15,890,399,,,,Plein jour,Hors agglomération,Hors intersection,Temps couvert,Autre collision,,,,,,,,,,,1,1,1,8,6
200700034004,0007-06-14 07:30:00,7,6,14,7,30,130,50,CD15 ROUTE DE ROGNES,43.658,5.274,Plein jour,En agglomération,Hors intersection,Normale,Deux véhicules - frontale,,,,,,,,,,,1,2,1,1,1
200700034005,0007-06-22 19:15:00,7,6,22,19,15,310,430,,43.103,0.592,Plein jour,Hors agglomération,Hors intersection,Normale,Autre collision,,,,,,,,,,,1,1,1,1,6
200700034006,0007-06-01 09:15:00,7,6,1,9,15,490,2,,,,Plein jour,Hors agglomération,Hors intersection,Normale,Deux véhicules - côté,,,,,,,,,,,1,1,1,1,3
200700034007,0007-06-04 19:15:00,7,6,4,19,15,740,311,Rond point de chez goy,,,Plein jour,En agglomération,Hors intersection,Normale,Deux véhicules - côté,,,,,,,,,,,1,2,1,1,3
200700034008,0007-06-10 10:00:00,7,6,10,10,0,740,311,,46.185,6.422,Plein jour,Hors agglomération,Intersection en T,Pluie légère,Deux véhicules - côté,,,,,,,,,,,1,1,3,2,3
200700034009,0007-06-16 06:15:00,7,6,16,6,15,740,311,,46.0,6.0,Crépuscule ou aube,Hors agglomération,Hors intersection,Temps couvert,Autre collision,,,,,,,,,,,2,1,1,8,6
200700034010,0007-06-07 18:00:00,7,6,7,18,0,800,160,,,,Plein jour,Hors agglomération,Autre intersection,Normale,Deux véhicules - arrière,,,,,,,,,,,1,1,9,1,2
200700034011,0007-06-30 12:45:00,7,6,30,12,45,220,339,,,,Plein jour,Hors agglomération,Hors intersection,Normale,Sans collision,,,,,,,,,,,1,1,1,1,7
200700034012,0007-06-23 08:00:00,7,6,23,8,0,630,381,,45.879,2.883,Plein jour,Hors agglomération,Hors intersection,Normale,Autre collision,,,,,,,,,,,1,1,1,1,6
200700034013,0007-06-16 05:30:00,7,6,16,5,30,190,248,,,,Nuit sans éclairage public,Hors agglomération,Hors intersection,Temps couvert,Deux véhicules - arrière,,,,,,,,,,,3,1,1,8,2
200700034014,0007-06-25 14:30:00,7,6,25,14,30,190,248,,,,Plein jour,Hors agglomération,Hors intersection,Normale,Deux véhicules - arrière,,,,,,,,,,,1,1,1,1,2
200700034015,0007-06-26 14:45:00,7,6,26,14,45,190,129,,45.554,1.51,Plein jour,Hors agglomération,Hors intersection,Normale,Autre collision,,,,,,,,,,,1,1,1,1,6
200700034016,0007-06-11 08:45:00,7,6,11,8,45,870,14,,,,Plein jour,Hors agglomération,Hors intersection,Normale,Autre collision,,,,,,,,,,,1,1,1,1,6
200700034017,0007-06-03 03:15:00,7,6,3,3,15,480,49,,,,Nuit sans éclairage public,Hors agglomération,Hors intersection,Normale,Autre collision,,,,,,,,,,,3,1,1,1,6
200700034018,0007-06-15 08:15:00,7,6,15,8,15,480,17,,,,Plein jour,Hors agglomération,Hors intersection,Pluie légère,Autre collision,,,,,,,,,,,1,1,1,2,6
200700034019,0007-06-25 15:00:00,7,6,25,15,0,480,17,,,,Plein jour,Hors agglomération,Hors intersection,Temps couvert,Autre collision,,,,,,,,,,,1,1,1,8,6
200700034020,0007-06-04 10:45:00,7,6,4,10,45,340,114,,43.635,3.589,Plein jour,Hors agglomération,Hors intersection,Normale,Autre collision,,,,,,,,,,,1,1,1,1,6
200700034021,0007-06-16 16:30:00,7,6,16,16,30,340,114,,43.648,3.562,Plein jour,Hors agglomération,Hors intersection,Normale,Deux véhicules - frontale,,,,,,,,,,,1,1,1,1,1
200700034022,0007-06-16 19:30:00,7,6,16,19,30,340,142,,43.714,3.383,Plein jour,Hors agglomération,Hors intersection,Normale,Autre collision,,,,,,,,,,,1,1,1,1,6
200700034023,0007-06-18 11:45:00,7,6,18,11,45,340,239,,43.666,3.478,Plein jour,Hors agglomération,Hors intersection,Normale,Autre collision,,,,,,,,,,,1,1,1,1,6
200700034024,0007-06-09 08:45:00,7,6,9,8,45,150,5,oute A 75 - PK 101 + 270,,,Plein jour,Hors agglomération,Autre intersection,Normale,Deux véhicules - côté,,,,,,,,,,,1,1,9,1,3
200700034025,0007-06-04 18:35:00,7,6,4,18,35,780,406,cd 46,,,Plein jour,Hors agglomération,Hors intersection,Normale,Autre collision,,,,,,,,,,,1,1,1,1,6
200700034026,0007-06-11 17:15:00,7,6,11,17,15,780,356,CD 91,48.743,2.021,Plein jour,Hors agglomération,Hors intersection,Normale,Sans collision,,,,,,,,,,,1,1,1,1,7
200700034027,0007-06-16 01:50:00,7,6,16,1,50,780,548,CD 91,,,Nuit sans éclairage public,Hors agglomération,Hors intersection,Pluie légère,Autre collision,,,,,,,,,,,3,1,1,2,6
200700034028,0007-06-15 15:30:00,7,6,15,15,30,720,320,,48.064,0.175,Plein jour,Hors agglomération,Hors intersection,Normale,Deux véhicules - frontale,,,,,,,,,,,1,1,1,1,1
200700034029,0007-06-02 14:30:00,7,6,2,14,30,950,392,rue de l'Abbaye du Val,,,Plein jour,En agglomération,Hors intersection,Normale,Deux véhicules - côté,,,,,,,,,,,1,2,1,1,3
200700034030,0007-06-30 16:00:00,7,6,30,16,0,670,388,4 rue de Woerth,48.934,7.668,Plein jour,En agglomération,Intersection en X,Normale,Deux véhicules - côté,,,,,,,,,,,1,2,2,1,3
200700034031,0007-06-10 02:30:00,7,6,10,2,30,310,547,,,,Nuit sans éclairage public,Hors agglomération,Hors intersection,Normale,Sans collision,,,,,,,,,,,3,1,1,1,7
200700034032,0007-06-13 15:15:00,7,6,13,15,15,310,547,Chemin de COULOUME,,,Plein jour,En agglomération,Hors intersection,Normale,Deux véhicules - côté,,,,,,,,,,,1,2,1,1,3
200700034033,0007-06-11 05:45:00,7,6,11,5,45,300,60,,,,Crépuscule ou aube,Hors agglomération,Hors intersection,Normale,Sans collision,,,,,,,,,,,2,1,1,1,7
200700034034,0007-06-10 06:00:00,7,6,10,6,0,300,34,,,,Crépuscule ou aube,Hors agglomération,Hors intersection,Normale,Sans collision,,,,,,,,,,,2,1,1,1,7
200700034035,0007-06-24 14:00:00,7,6,24,14,0,300,135,,43.835,4.563,Plein jour,Hors agglomération,Hors intersection,Normale,Deux véhicules - côté,,,,,,,,,,,1,1,1,1,3
200700034036,0007-06-30 07:00:00,7,6,30,7,0,300,47,rue cambon/rue condamine,43.805,4.426,Crépuscule ou aube,En agglomération,Hors intersection,Normale,Deux véhicules - frontale,,,,,,,,,,,2,2,1,1,1
200700034037,0007-06-02 15:00:00,7,6,2,15,0,80,397,,49.405,4.246,Plein jour,Hors agglomération,Autre intersection,Normale,Sans collision,,,,,,,,,,,1,1,9,1,7
200700034038,0007-06-01 12:30:00,7,6,1,12,30,130,36,,43.856,4.842,Plein jour,Hors agglomération,Hors intersection,Normale,Deux véhicules - frontale,,,,,,,,,,,1,1,1,1,1
200700034039,0007-06-05 00:45:00,7,6,5,0,45,130,17,,43.886,4.697,Plein jour,Hors agglomération,Hors intersection,Normale,Deux véhicules - arrière,,,,,,,,,,,1,1,1,1,2
200700034040,0007-06-18 20:30:00,7,6,18,20,30,130,36,,43.846,4.833,Crépuscule ou aube,Hors agglomération,Hors intersection,Pluie légère,Autre collision,,,,,,,,,,,2,1,1,2,6
200700034041,0007-06-09 18:00:00,7,6,9,18,0,760,618,,,,Plein jour,Hors agglomération,Hors intersection,Normale,Autre collision,,,,,,,,,,,1,1,1,1,6
200700034042,0007-06-23 07:45:00,7,6,23,7,45,760,255,,,,Crépuscule ou aube,Hors agglomération,Hors intersection,Normale,Autre collision,,,,,,,,,,,2,1,1,1,6
200700034043,0007-06-23 17:00:00,7,6,23,17,0,760,255,rue Déménitroux,,,Plein jour,En agglomération,Hors intersection,Normale,Deux véhicules - frontale,,,,,,,,,,,1,2,1,1,1
200700034044,0007-06-29 18:30:00,7,6,29,18,30,760,255,,,,Plein jour,Hors agglomération,Hors intersection,Normale,Deux véhicules - frontale,,,,,,,,,,,1,1,1,1,1
200700034045,0007-06-30 20:00:00,7,6,30,20,0,760,337,,,,Crépuscule ou aube,Hors agglomération,Intersection en T,Normale,Deux véhicules - côté,,,,,,,,,,,2,1,3,1,3
200700034046,0007-06-15 21:00:00,7,6,15,21,0,760,548,CD12/CD13,,,Plein jour,En agglomération,Hors intersection,Normale,Deux véhicules - côté,,,,,,,,,,,1,2,1,1,3
200700034047,0007-06-27 16:15:00,7,6,27,16,15,760,163,,,,Plein jour,Hors agglomération,Hors intersection,Temps couvert,Autre collision,,,,,,,,,,,1,1,1,8,6
200700034048,0007-06-29 15:45:00,7,6,29,15,45,760,453,rue de la pommeraie,49.526,1.242,Plein jour,En agglomération,Hors intersection,Temps couvert,Trois véhicules et plus - collisions multiples,,,,,,,,,,,1,2,1,8,5
200700034049,0007-06-17 18:00:00,7,6,17,18,0,600,102,RUE DE LA LIBERATION,,,Plein jour,En agglomération,Intersection en T,Pluie forte,Deux véhicules - côté,,,,,,,,,,,1,2,3,3,3
200700034050,0007-06-02 18:15:00,7,6,2,18,15,310,56,,43.668,1.395,Plein jour,Hors agglomération,Hors intersection,Normale,Deux véhicules - frontale,,,,,,,,,,,1,1,1,1,1
200700034051,0007-06-04 09:15:00,7,6,4,9,15,310,351,,43.676,1.294,Plein jour,Hors agglomération,Hors intersection,Pluie forte,Deux véhicules - côté,,,,,,,,,,,1,1,1,3,3
200700034052,0007-06-22 04:00:00,7,6,22,4,0,310,150,CD1 ROUTE DE TOULOUSE,43.652,1.327,Nuit avec éclairage allumé,En agglomération,Hors intersection,Normale,Deux véhicules - frontale,,,,,,,,,,,5,2,1,1,1
200700034053,0007-06-24 14:45:00,7,6,24,14,45,950,134,,49.137,2.237,Plein jour,En agglomération,Hors intersection,Normale,Deux véhicules - frontale,,,,,,,,,,,1,2,1,1,1
200700034054,0007-06-19 16:00:00,7,6,19,16,0,950,527,,,,Plein jour,Hors agglomération,Hors intersection,Normale,Autre collision,,,,,,,,,,,1,1,1,1,6
200700034055,0007-06-20 19:15:00,7,6,20,19,15,560,177,Rue Abbé Le Maréchal,,,Plein jour,En agglomération,Hors intersection,Normale,Deux véhicules - côté,,,,,,,,,,,1,2,1,1,3
200700034056,0007-06-26 18:15:00,7,6,26,18,15,560,175,,,,Plein jour,Hors agglomération,Hors intersection,Normale,Deux véhicules - frontale,,,,,,,,,,,1,1,1,1,1
200700034057,0007-06-16 08:15:00,7,6,16,8,15,140,681,,49.33,-0.877,Plein jour,Hors agglomération,Hors intersection,Temps couvert,Sans collision,,,,,,,,,,,1,1,1,8,7
200700034058,0007-06-19 17:00:00,7,6,19,17,0,620,43,RUE DU CONTRE HALLAGE,,,Plein jour,En agglomération,Hors intersection,Normale,Deux véhicules - frontale,,,,,,,,,,,1,2,1,1,1
200700034059,0007-06-20 11:30:00,7,6,20,11,30,620,548,1051 avenue de Calais,50.951,1.934,Plein jour,En agglomération,Hors intersection,Normale,Deux véhicules - frontale,,,,,,,,,,,1,2,1,1,1
200700034060,0007-06-16 12:00:00,7,6,16,12,0,620,423,tersection CD195 et CD77,,,Plein jour,Hors agglomération,Intersection en X,Pluie légère,Deux véhicules - frontale,,,,,,,,,,,1,1,2,2,1
200700034061,0007-06-11 17:15:00,7,6,11,17,15,340,120,Place le Devois,43.663,3.913,Plein jour,En agglomération,Hors intersection,Normale,Autre collision,,,,,,,,,,,1,2,1,1,6
200700034062,0007-06-16 18:45:00,7,6,16,18,45,340,217,D 117 centre ville,,,Plein jour,En agglomération,Hors intersection,Normale,Deux véhicules - côté,,,,,,,,,,,1,2,1,1,3
200700034063,0007-06-29 18:50:00,7,6,29,18,50,340,77,RUE DES CANAUX,,,Plein jour,En agglomération,Hors intersection,Normale,Autre collision,,,,,,,,,,,1,2,1,1,6
200700034064,0007-06-25 14:15:00,7,6,25,14,15,350,282,,,,Plein jour,Hors agglomération,Autre intersection,Normale,Autre collision,,,,,,,,,,,1,1,9,1,6
200700034065,0007-06-12 11:15:00,7,6,12,11,15,300,141,,,,Plein jour,Hors agglomération,Hors intersection,Normale,Deux véhicules - côté,,,,,,,,,,,1,1,1,1,3
200700034066,0007-06-15 11:00:00,7,6,15,11,0,300,127,,,,Plein jour,Hors agglomération,Hors intersection,Normale,Autre collision,,,,,,,,,,,1,1,1,1,6
200700034067,0007-06-08 12:15:00,7,6,8,12,15,350,231,,,,Plein jour,Hors agglomération,Hors intersection,Normale,Autre collision,,,,,,,,,,,1,1,1,1,6
200700034068,0007-06-03 12:15:00,7,6,3,12,15,10,344,CHARPINE (ALLEE DE LA),,,Plein jour,Hors agglomération,Intersection en X,Normale,Deux véhicules - côté,,,,,,,,,,,1,1,2,1,3
200700034069,0007-06-07 16:55:00,7,6,7,16,55,10,53,"snr, ALSACE LORRAINE (AV",,,Plein jour,En agglomération,Intersection en X,Normale,Deux véhicules - frontale,,,,,,,,,,,1,2,2,1,1
200700034070,0007-06-07 10:50:00,7,6,7,10,50,10,53,SPORTS ((AVENUE DES - N°,,,Plein jour,En agglomération,Hors intersection,Normale,Autre collision,,,,,,,,,,,1,2,1,1,6
200700034071,0007-06-11 16:00:00,7,6,11,16,0,10,53,"snr, SPORTS ((AVENUE DES",,,Plein jour,En agglomération,Intersection en T,Normale,Deux véhicules - côté,,,,,,,,,,,1,2,3,1,3
200700034072,0007-06-13 10:45:00,7,6,13,10,45,10,451,"3947, MARBOZ RD 996 ( RO",,,Plein jour,Hors agglomération,Intersection en T,Normale,Deux véhicules - côté,,,,,,,,,,,1,1,3,1,3
200700034073,0007-06-13 20:00:00,7,6,13,20,0,10,289,"snr, LYON ( AVE DE) A PA",,,Plein jour,En agglomération,Hors intersection,Normale,Autre collision,,,,,,,,,,,1,2,1,1,6
200700034074,0007-06-19 09:10:00,7,6,19,9,10,10,451,"snr, CADALES ( CHEMIN DE",,,Plein jour,Hors agglomération,Hors intersection,Normale,Deux véhicules - côté,,,,,,,,,,,1,1,1,1,3
200700034075,0007-06-14 12:30:00,7,6,14,12,30,10,53,"76, MERCIER (AVENUE AMED",,,Plein jour,En agglomération,Hors intersection,Normale,Deux véhicules - arrière,,,,,,,,,,,1,2,1,1,2
200700034076,0007-06-26 18:18:00,7,6,26,18,18,10,53,"71, JASSERON (AVENUE DE",,,Plein jour,En agglomération,Hors intersection,Normale,Deux véhicules - côté,,,,,,,,,,,1,2,1,1,3
200700034077,0007-06-27 18:10:00,7,6,27,18,10,10,53,"sans n°, HERRIOT ( BOULE",,,Plein jour,En agglomération,Intersection en T,Normale,Autre collision,,,,,,,,,,,1,2,3,1,6