accident_id,datetime,annee,mois,jour,heure,minute,departement,commune_insee,adresse,latitude,longitude,luminosite,agglomeration,intersection,meteo,collision,nb_vehicules,nb_usagers,nb_indemnes,nb_tues,nb_blesses_hosp,nb_blesses_legers,age_cond_1,age_cond_2,veh_type_cond_1,veh_type_cond_2,lum_code,agg_code,int_code,atm_code,col_code
200700034212,0007-06-13 17:50:00,7,6,13,17,50,60,69,"89, ROUQUIER (BOULEVARD",,,Plein jour,En agglomération,Hors intersection,Normale,Deux véhicules - arrière,,,,,,,,,,,1,2,1,1,2
200700034213,0007-06-14 11:00:00,7,6,14,11,0,60,69,"x, SAINT EXUPERY (AVENUE",,,Plein jour,En agglomération,Intersection en X,Normale,Deux véhicules - côté,,,,,,,,,,,1,2,2,1,3
200700034214,0007-06-15 08:30:00,7,6,15,8,30,60,69,"22, GAMBETTA (BOULEVARD",,,Plein jour,En agglomération,Hors intersection,Normale,Autre collision,,,,,,,,,,,1,2,1,1,6
200700034215,0007-06-15 14:25:00,7,6,15,14,25,60,69,"7, PASTEUR (BOULEVARD)",,,Plein jour,En agglomération,Hors intersection,Normale,Autre collision,,,,,,,,,,,1,2,1,1,6
200700034216,0007-06-16 08:00:00,7,6,16,8,0,60,69,"84, CANNES (ROUTE DE)  -",,,Plein jour,En agglomération,Hors intersection,Normale,Deux véhicules - frontale,,,,,,,,,,,1,2,1,1,1
200700034217,0007-06-17 10:00:00,7,6,17,10,0,60,69,"127, PLAN (ROUTE DU) -D3",,,Plein jour,En agglomération,Hors intersection,Normale,Autre collision,,,,,,,,,,,1,2,1,1,6
200700034218,0007-06-17 22:10:00,7,6,17,22,10,60,69,"x, AUTRANT (BOULEVARD DU",,,Nuit avec éclairage allumé,En agglomération,Intersection en T,Normale,Deux véhicules - frontale,,,,,,,,,,,5,2,3,1,1
200700034219,0007-06-23 11:00:00,7,6,23,11,0,60,69,"x, SIDI BRAHIM (AVENUE)",,,Plein jour,En agglomération,Intersection en T,Normale,Deux véhicules - arrière,,,,,,,,,,,1,2,3,1,2
200700034220,0007-06-22 11:45:00,7,6,22,11,45,60,69,"25, PASTEUR (BOULEVARD)",,,Plein jour,En agglomération,Hors intersection,Normale,Deux véhicules - frontale,,,,,,,,,,,1,2,1,1,1
200700034221,0007-06-22 17:45:00,7,6,22,17,45,60,69,"x, PAGNOL (BOULEVARD MAR",,,Plein jour,En agglomération,Hors intersection,Normale,Deux véhicules - arrière,,,,,,,,,,,1,2,1,1,2
200700034222,0007-06-26 02:05:00,7,6,26,2,5,60,69,"30, SIDI BRAHIM (AVENUE)",,,Nuit avec éclairage allumé,En agglomération,Hors intersection,Normale,Autre collision,,,,,,,,,,,5,2,1,1,6
200700034223,0007-06-23 20:30:00,7,6,23,20,30,60,69,"4, BAUDOIN (AVENUE YVES",,,Crépuscule ou aube,En agglomération,Hors intersection,Normale,Autre collision,,,,,,,,,,,2,2,1,1,6
200700034224,0007-06-26 10:45:00,7,6,26,10,45,60,69,"3, DE GAULLE (AVENUE DU",,,Plein jour,En agglomération,Hors intersection,Normale,Autre collision,,,,,,,,,,,1,2,1,1,6
200700034225,0007-06-26 20:00:00,7,6,26,20,0,60,69,"x, BASSES RIBES (CHEMIN",,,Crépuscule ou aube,En agglomération,Hors intersection,Normale,Deux véhicules - frontale,,,,,,,,,,,2,2,1,1,1
200700034226,0007-06-26 21:00:00,7,6,26,21,0,60,69,"x, DRAGUIGNAN (ROUTE DE)",,,Crépuscule ou aube,En agglomération,Hors intersection,Normale,Sans collision,,,,,,,,,,,2,2,1,1,7
200700034227,0007-06-29 10:50:00,7,6,29,10,50,60,69,"x, Pénétrante",,,Plein jour,En agglomération,Hors intersection,Normale,Trois véhicules et plus - collisions multiples,,,,,,,,,,,1,2,1,1,5
200700034228,0007-06-02 07:20:00,7,6,2,7,20,60,104,"192, VERDUN (AVENUE DE,",,,Crépuscule ou aube,En agglomération,Hors intersection,Normale,Sans collision,,,,,,,,,,,2,2,1,1,7
200700034229,0007-06-06 08:45:00,7,6,6,8,45,60,104,MAUROIS (RUE ANDRE),,,Plein jour,En agglomération,Hors intersection,Normale,Deux véhicules - frontale,,,,,,,,,,,1,2,1,1,1
200700034230,0007-06-19 19:40:00,7,6,19,19,40,60,83,"55, SOSPEL (AVENUE DE, N",,,Plein jour,En agglomération,Intersection en T,Normale,Deux véhicules - côté,,,,,,,,,,,1,2,3,1,3
200700034231,0007-06-21 00:05:00,7,6,21,0,5,60,83,"SOLEIL (PROMENADE DU, N°",,,Nuit avec éclairage allumé,En agglomération,Intersection en T,Normale,Deux véhicules - côté,,,,,,,,,,,5,2,3,1,3
200700034232,0007-06-18 17:30:00,7,6,18,17,30,60,83,"601, SAINT ROMAN (AVENUE",,,Plein jour,En agglomération,Intersection en T,Normale,Deux véhicules - côté,,,,,,,,,,,1,2,3,1,3
200700034233,0007-06-23 17:30:00,7,6,23,17,30,60,104,BELGIQUE (AVENUE DE),,,Plein jour,En agglomération,Intersection en T,Normale,Deux véhicules - arrière,,,,,,,,,,,1,2,3,1,2
200700034234,0007-06-27 19:40:00,7,6,27,19,40,60,83,"26, DE GAULLE (AVENUE GE",,,Plein jour,En agglomération,Hors intersection,Normale,Deux véhicules - côté,,,,,,,,,,,1,2,1,1,3
200700034235,0007-06-01 04:00:00,7,6,1,4,0,60,88,"0, RD 6202",,,Nuit avec éclairage allumé,En agglomération,Hors intersection,Normale,Deux véhicules - arrière,,,,,,,,,,,5,2,1,1,2
200700034236,0007-06-01 11:10:00,7,6,1,11,10,60,88,"0, CASSIN (BD RENE)",,,Plein jour,En agglomération,Intersection en T,Normale,Deux véhicules - côté,,,,,,,,,,,1,2,3,1,3
200700034237,0007-06-01 14:10:00,7,6,1,14,10,60,88,"0, CARNOT (BD)",,,Plein jour,En agglomération,Hors intersection,Normale,Deux véhicules - côté,,,,,,,,,,,1,2,1,1,3
200700034238,0007-06-01 16:00:00,7,6,1,16,0,60,88,"223, ANGLAIS (DU N° 114",,,Plein jour,En agglomération,Hors intersection,Normale,Trois véhicules et plus - en chaîne,,,,,,,,,,,1,2,1,1,4
200700034239,0007-06-01 15:00:00,7,6,1,15,0,60,88,"0, HUGO (BD VICTOR)",,,Plein jour,En agglomération,Hors intersection,Pluie forte,Deux véhicules - côté,,,,,,,,,,,1,2,1,3,3
200700034240,0007-06-01 18:00:00,7,6,1,18,0,60,88,"22, CASTELLANE (AV.)",,,Plein jour,En agglomération,Intersection en X,Pluie légère,Deux véhicules - côté,,,,,,,,,,,1,2,2,2,3
200700034241,0007-06-01 18:15:00,7,6,1,18,15,60,88,"10, FAURE (AV. FELIX)",,,Plein jour,En agglomération,Hors intersection,Pluie légère,Autre collision,,,,,,,,,,,1,2,1,2,6
200700034242,0007-06-01 21:15:00,7,6,1,21,15,60,88,"189, MONT-BORON (BD DU)",,,Nuit avec éclairage allumé,En agglomération,Hors intersection,Normale,Autre collision,,,,,,,,,,,5,2,1,1,6
200700034243,0007-06-01 23:05:00,7,6,1,23,5,60,88,MAETERLINCK (BD M.),,,Nuit avec éclairage allumé,En agglomération,Hors intersection,Normale,Autre collision,,,,,,,,,,,5,2,1,1,6
200700034244,0007-06-02 10:05:00,7,6,2,10,5,60,88,"37, LYAUTEY (AV. DU MAL)",,,Plein jour,En agglomération,Hors intersection,Normale,Autre collision,,,,,,,,,,,1,2,1,1,6
200700034245,0007-06-02 13:30:00,7,6,2,13,30,60,88,"7, CARABACEL (BD)",,,Plein jour,En agglomération,Hors intersection,Normale,Deux véhicules - côté,,,,,,,,,,,1,2,1,1,3
200700034246,0007-06-02 17:15:00,7,6,2,17,15,60,88,"0, FAURE (AV. FELIX)",,,Plein jour,En agglomération,Hors intersection,Pluie légère,Deux véhicules - côté,,,,,,,,,,,1,2,1,2,3
200700034247,0007-06-02 21:40:00,7,6,2,21,40,60,88,"O, GARIGLIANO (PONTS)",,,Nuit avec éclairage allumé,En agglomération,Intersection en X,Normale,Deux véhicules - côté,,,,,,,,,,,5,2,2,1,3
200700034248,0007-06-03 23:00:00,7,6,3,23,0,60,88,"0, RISSO (BD)",,,Nuit avec éclairage allumé,En agglomération,Hors intersection,Normale,Deux véhicules - côté,,,,,,,,,,,5,2,1,1,3
200700034249,0007-06-03 23:50:00,7,6,3,23,50,60,88,"0, GUYNEMER (PL.)",,,Nuit avec éclairage allumé,En agglomération,Hors intersection,Normale,Deux véhicules - côté,,,,,,,,,,,5,2,1,1,3
200700034250,0007-06-04 09:15:00,7,6,4,9,15,60,88,"29, DUBOUCHAGE (BD)",,,Plein jour,En agglomération,Hors intersection,Normale,Deux véhicules - arrière,,,,,,,,,,,1,2,1,1,2
200700034251,0007-06-04 09:16:00,7,6,4,9,16,60,88,"9, ANGLAIS (DU N° 1 AU N",,,Plein jour,En agglomération,Hors intersection,Normale,Deux véhicules - arrière,,,,,,,,,,,1,2,1,1,2
200700034252,0007-06-04 17:25:00,7,6,4,17,25,60,88,"0, GRENOBLE (ROUTE DE)",,,Plein jour,En agglomération,Hors intersection,Normale,Deux véhicules - arrière,,,,,,,,,,,1,2,1,1,2
200700034253,0007-06-05 00:01:00,7,6,5,0,1,60,88,GAMBETTA (JUSQU'AU N° 62,,,Nuit avec éclairage allumé,En agglomération,Intersection en T,Normale,Autre collision,,,,,,,,,,,5,2,3,1,6
200700034254,0007-06-05 07:50:00,7,6,5,7,50,60,88,"26, RIQUIER (BD DE)",,,Plein jour,En agglomération,Hors intersection,Normale,Autre collision,,,,,,,,,,,1,2,1,1,6
200700034255,0007-06-05 08:45:00,7,6,5,8,45,60,88,"121, ARENES DE CIMIEZ (A",,,Plein jour,En agglomération,Hors intersection,Normale,Deux véhicules - côté,,,,,,,,,,,1,2,1,1,3
200700034256,0007-06-05 11:50:00,7,6,5,11,50,60,88,"0, HUGO (BD VICTOR)",,,Plein jour,En agglomération,Hors intersection,Normale,Autre collision,,,,,,,,,,,1,2,1,1,6
200700034257,0007-06-05 12:15:00,7,6,5,12,15,60,88,"0, ILE-DE-BEAUTE (PL. DE",,,Plein jour,En agglomération,Hors intersection,Normale,Deux véhicules - côté,,,,,,,,,,,1,2,1,1,3
200700034258,0007-06-05 12:50:00,7,6,5,12,50,60,88,"0, CASSIN (BD RENE)",,,Plein jour,En agglomération,Hors intersection,Normale,Deux véhicules - côté,,,,,,,,,,,1,2,1,1,3
200700034259,0007-06-05 15:45:00,7,6,5,15,45,60,88,"149, OBSERVATOIRE (R. PR",,,Plein jour,En agglomération,Hors intersection,Normale,Autre collision,,,,,,,,,,,1,2,1,1,6
200700034260,0007-06-05 17:10:00,7,6,5,17,10,60,88,"35, RIQUIER (BD DE)",,,Plein jour,En agglomération,Hors intersection,Normale,Autre collision,,,,,,,,,,,1,2,1,1,6
200700034261,0007-06-05 17:10:00,7,6,5,17,10,60,159,"18, MARECHAL FOCH (AVENU",,,Plein jour,En agglomération,Hors intersection,Normale,Autre collision,,,,,,,,,,,1,2,1,1,6
200700034262,0007-06-05 17:35:00,7,6,5,17,35,60,88,"657, TRACHEL (RUE)",,,Plein jour,En agglomération,Hors intersection,Temps couvert,Autre collision,,,,,,,,,,,1,2,1,8,6
200700034263,0007-06-05 19:15:00,7,6,5,19,15,60,88,"144, CESSOLE (BD DE) (A",,,Crépuscule ou aube,En agglomération,Hors intersection,Pluie légère,Deux véhicules - arrière,,,,,,,,,,,2,2,1,2,2
200700034264,0007-06-05 22:45:00,7,6,5,22,45,60,88,"12, ILE-DE-BEAUTE (PL. D",,,Nuit avec éclairage allumé,En agglomération,Intersection en X,Normale,Deux véhicules - côté,,,,,,,,,,,5,2,2,1,3
200700034265,0007-06-06 10:10:00,7,6,6,10,10,60,88,"10b, GROSSO (JUSQU'AU N°",,,Plein jour,En agglomération,Hors intersection,Normale,Deux véhicules - arrière,,,,,,,,,,,1,2,1,1,2
200700034266,0007-06-06 12:10:00,7,6,6,12,10,60,88,"0, MATISSE (AV. HENRI)",,,Plein jour,En agglomération,Hors intersection,Normale,Autre collision,,,,,,,,,,,1,2,1,1,6
200700034267,0007-06-06 16:15:00,7,6,6,16,15,60,88,"63, RAY (AV. DU)",,,Plein jour,En agglomération,Intersection en T,Normale,Deux véhicules - côté,,,,,,,,,,,1,2,3,1,3
200700034268,0007-06-06 18:50:00,7,6,6,18,50,60,88,BELLET (RTE DE),,,Plein jour,En agglomération,Hors intersection,Normale,Deux véhicules - frontale,,,,,,,,,,,1,2,1,1,1
200700034269,0007-06-07 19:00:00,7,6,7,19,0,60,88,"19, HUGO (BD VICTOR)",,,Plein jour,En agglomération,Intersection en Y,Normale,Deux véhicules - côté,,,,,,,,,,,1,2,4,1,3
200700034270,0007-06-07 16:15:00,7,6,7,16,15,60,88,"0, CALIFORNIE (AV.) (A P",,,Plein jour,En agglomération,Intersection en T,Normale,Deux véhicules - côté,,,,,,,,,,,1,2,3,1,3
200700034271,0007-06-07 17:05:00,7,6,7,17,5,60,88,"141, COL DE BAST (CH. DU",,,Plein jour,Hors agglomération,Hors intersection,Normale,Autre collision,,,,,,,,,,,1,1,1,1,6
200700034272,0007-06-08 02:50:00,7,6,8,2,50,60,88,"0, DUBOUCHAGE (BD)",,,Nuit avec éclairage allumé,En agglomération,Intersection en X,Normale,Deux véhicules - côté,,,,,,,,,,,5,2,2,1,3
200700034273,0007-06-07 19:25:00,7,6,7,19,25,60,88,"149, MADELEINE (BD DE LA",,,Plein jour,En agglomération,Hors intersection,Normale,Deux véhicules - arrière,,,,,,,,,,,1,2,1,1,2
200700034274,0007-06-08 09:20:00,7,6,8,9,20,60,88,"119, CARNOT (BD)",,,Plein jour,En agglomération,Hors intersection,Normale,Autre collision,,,,,,,,,,,1,2,1,1,6
200700034275,0007-06-08 11:15:00,7,6,8,11,15,60,88,"0, THIERS (AV.)",,,Plein jour,En agglomération,Hors intersection,Normale,Deux véhicules - côté,,,,,,,,,,,1,2,1,1,3
200700034276,0007-06-08 14:35:00,7,6,8,14,35,60,88,"200, MADELEINE (BD DE LA",,,Plein jour,En agglomération,Hors intersection,Normale,Deux véhicules - côté,,,,,,,,,,,1,2,1,1,3
200700034277,0007-06-08 14:40:00,7,6,8,14,40,60,88,"120, CANTA GALET (RTE DE",,,Plein jour,En agglomération,Hors intersection,Normale,Deux véhicules - côté,,,,,,,,,,,1,2,1,1,3
200700034278,0007-06-08 15:30:00,7,6,8,15,30,60,88,"80, CIMIEZ (BD) A PARTIR",,,Plein jour,En agglomération,Hors intersection,Normale,Deux véhicules - arrière,,,,,,,,,,,1,2,1,1,2
200700034279,0007-06-09 02:20:00,7,6,9,2,20,60,88,"0, RAOUL BOSIO (Rue)",,,Nuit avec éclairage allumé,En agglomération,Intersection en X,Normale,Deux véhicules - côté,,,,,,,,,,,5,2,2,1,3
200700034280,0007-06-09 04:50:00,7,6,9,4,50,60,88,"6, GALLIENI (AV.)",,,Nuit avec éclairage allumé,En agglomération,Hors intersection,Normale,Deux véhicules - arrière,,,,,,,,,,,5,2,1,1,2
200700034281,0007-06-09 08:10:00,7,6,9,8,10,60,88,PHILIBERT (R. EMMANUEL),,,Plein jour,En agglomération,Intersection en X,Normale,Deux véhicules - côté,,,,,,,,,,,1,2,2,1,3
200700034282,0007-06-09 11:30:00,7,6,9,11,30,60,88,"245, ANGLAIS (DU N° 114",,,Plein jour,En agglomération,Hors intersection,Normale,Deux véhicules - côté,,,,,,,,,,,1,2,1,1,3
200700034283,0007-06-09 13:20:00,7,6,9,13,20,60,88,"128, LANTERNE (AV. DE LA",,,Plein jour,En agglomération,Hors intersection,Normale,Autre collision,,,,,,,,,,,1,2,1,1,6
200700034284,0007-06-10 04:00:00,7,6,10,4,0,60,88,GAMBETTA (A PARTIR DU N°,,,Nuit sans éclairage public,En agglomération,Intersection en T,Normale,Deux véhicules - côté,,,,,,,,,,,3,2,3,1,3
200700034285,0007-06-10 08:30:00,7,6,10,8,30,60,88,"30, MONSEIGNEUR DAUMAS (",,,Plein jour,En agglomération,Hors intersection,Normale,Autre collision,,,,,,,,,,,1,2,1,1,6
200700034286,0007-06-10 13:15:00,7,6,10,13,15,60,88,"0, GRENOBLE (ROUTE DE)",,,Plein jour,En agglomération,Hors intersection,Normale,Autre collision,,,,,,,,,,,1,2,1,1,6
200700034287,0007-06-10 16:00:00,7,6,10,16,0,60,88,"0, RIQUIER (BD DE)",,,Plein jour,En agglomération,Intersection en X,Normale,Deux véhicules - côté,,,,,,,,,,,1,2,2,1,3
200700034288,0007-06-10 20:30:00,7,6,10,20,30,60,88,VAUBAN (R. MARECHAL),,,Plein jour,En agglomération,Intersection en X,Normale,Autre collision,,,,,,,,,,,1,2,2,1,6
200700034289,0007-06-10 16:15:00,7,6,10,16,15,60,88,"57, ANGLAIS PLAGE(DU 45",,,Plein jour,En agglomération,Hors intersection,Normale,Autre collision,,,,,,,,,,,1,2,1,1,6
200700034290,0007-06-11 09:00:00,7,6,11,9,0,60,88,"0, JEAN XXIII (BD)",,,Plein jour,En agglomération,Hors intersection,Normale,Autre collision,,,,,,,,,,,1,2,1,1,6
200700034291,0007-06-11 14:05:00,7,6,11,14,5,60,88,"0, BLANQUI (PL. AUGUSTE)",,,Plein jour,En agglomération,Hors intersection,Normale,Autre collision,,,,,,,,,,,1,2,1,1,6
200700034292,0007-06-11 14:50:00,7,6,11,14,50,60,88,RAYNAUD (BD AUGUSTE),,,Plein jour,Hors agglomération,Hors intersection,Normale,Deux véhicules - côté,,,,,,,,,,,1,1,1,1,3
200700034293,0007-06-11 19:00:00,7,6,11,19,0,60,88,"7, BESSET (AV.) (JUSQU'A",,,Plein jour,En agglomération,Hors intersection,Normale,Autre collision,,,,,,,,,,,1,2,1,1,6
200700034294,0007-06-11 18:23:00,7,6,11,18,23,60,159,ALBERT 1ER (AVENUE),,,Plein jour,En agglomération,Intersection en T,Normale,Autre collision,,,,,,,,,,,1,2,3,1,6
200700034295,0007-06-12 09:15:00,7,6,12,9,15,60,88,"27, GRENOBLE (ROUTE DE)",,,Plein jour,En agglomération,Hors intersection,Normale,Trois véhicules et plus - collisions multiples,,,,,,,,,,,1,2,1,1,5
200700034296,0007-06-12 09:45:00,7,6,12,9,45,60,88,"0, FAURE (AV. FELIX)",,,Plein jour,En agglomération,Hors intersection,Normale,Autre collision,,,,,,,,,,,1,2,1,1,6
200700034297,0007-06-12 10:41:00,7,6,12,10,41,60,88,"0, VOIE RAPIDE",,,Plein jour,En agglomération,Hors intersection,Normale,Autre collision,,,,,,,,,,,1,2,1,1,6
200700034298,0007-06-12 12:00:00,7,6,12,12,0,60,88,RD 6202,,,Plein jour,En agglomération,Hors intersection,Normale,Trois véhicules et plus - en chaîne,,,,,,,,,,,1,2,1,1,4
200700034299,0007-06-12 12:30:00,7,6,12,12,30,60,88,"0, CLUVIER (RUE)",,,Plein jour,En agglomération,Hors intersection,Normale,Deux véhicules - côté,,,,,,,,,,,1,2,1,1,3
200700034300,0007-06-12 14:15:00,7,6,12,14,15,60,88,"12, GALLIENI (AV.)",,,Plein jour,En agglomération,Hors intersection,Normale,Deux véhicules - côté,,,,,,,,,,,1,2,1,1,3
200700034301,0007-06-12 15:00:00,7,6,12,15,0,60,159,"0, LEOPOLD II (AVENUE)",,,Plein jour,En agglomération,Hors intersection,Normale,Trois véhicules et plus - collisions multiples,,,,,,,,,,,1,2,1,1,5
200700034302,0007-06-13 16:15:00,7,6,13,16,15,60,88,GARIGLIANO (PONTS),,,Plein jour,En agglomération,Hors intersection,Normale,Deux véhicules - arrière,,,,,,,,,,,1,2,1,1,2
200700034303,0007-06-13 16:30:00,7,6,13,16,30,60,88,"31, CHAPEL (RUE GEORGES)",,,Plein jour,En agglomération,Hors intersection,Normale,Deux véhicules - côté,,,,,,,,,,,1,2,1,1,3
200700034304,0007-06-13 17:25:00,7,6,13,17,25,60,88,"46, DUNANT (AV. HENRI)",,,Plein jour,En agglomération,Hors intersection,Normale,Autre collision,,,,,,,,,,,1,2,1,1,6
200700034305,0007-06-13 17:45:00,7,6,13,17,45,60,88,"39, GRACE DE MONACO (BD",,,Plein jour,En agglomération,Hors intersection,Normale,Deux véhicules - arrière,,,,,,,,,,,1,2,1,1,2
200700034306,0007-06-14 17:02:00,7,6,14,17,2,60,88,"78, DURANDY (AV. JOSEPH)",,,Plein jour,En agglomération,Hors intersection,Normale,Deux véhicules - arrière,,,,,,,,,,,1,2,1,1,2
200700034307,0007-06-15 07:40:00,7,6,15,7,40,60,88,"0, ESTIENNE -D'ORVES (AV",,,Plein jour,En agglomération,Place,Normale,Deux véhicules - frontale,,,,,,,,,,,1,2,7,1,1
200700034308,0007-06-15 08:50:00,7,6,15,8,50,60,88,BONAPARTE (RUE),,,Plein jour,En agglomération,Hors intersection,Normale,Deux véhicules - arrière,,,,,,,,,,,1,2,1,1,2
200700034309,0007-06-15 11:30:00,7,6,15,11,30,60,88,"0, BAREL (PLACE MAX)",,,Plein jour,En agglomération,Intersection en T,Normale,Deux véhicules - côté,,,,,,,,,,,1,2,3,1,3
200700034310,0007-06-15 13:30:00,7,6,15,13,30,60,88,"0, CANAVESE (RUE JEAN)",,,Plein jour,En agglomération,Intersection en X,Normale,Deux véhicules - côté,,,,,,,,,,,1,2,2,1,3
200700034311,0007-06-15 14:30:00,7,6,15,14,30,60,88,"0, RD 6202",,,Plein jour,En agglomération,Hors intersection,Normale,Trois véhicules et plus - en chaîne,,,,,,,,,,,1,2,1,1,4
200700034312,0007-06-15 16:10:00,7,6,15,16,10,60,88,"7, LYAUTEY (AV. DU MAL)",,,Plein jour,En agglomération,Hors intersection,Normale,Autre collision,,,,,,,,,,,1,2,1,1,6
200700034313,0007-06-15 19:00:00,7,6,15,19,0,60,88,"63, NAPOLEON III (BD)",,,Plein jour,En agglomération,Hors intersection,Normale,Autre collision,,,,,,,,,,,1,2,1,1,6
200700034314,0007-06-15 23:30:00,7,6,15,23,30,60,88,"107, ANGLAIS (DU N° 45 A",,,Nuit avec éclairage allumé,En agglomération,Hors intersection,Normale,Deux véhicules - côté,,,,,,,,,,,5,2,1,1,3
200700034315,0007-06-16 00:20:00,7,6,16,0,20,60,88,"390, ANGLAIS (A PARTIR D",,,Nuit avec éclairage allumé,En agglomération,Hors intersection,Normale,Deux véhicules - arrière,,,,,,,,,,,5,2,1,1,2
200700034316,0007-06-16 00:25:00,7,6,16,0,25,60,88,ANGLAIS PLAGE (DU 114/26,,,Nuit avec éclairage allumé,En agglomération,Hors intersection,Normale,Deux véhicules - arrière,,,,,,,,,,,5,2,1,1,2
200700034317,0007-06-16 01:30:00,7,6,16,1,30,60,88,"0, GARNIER (BD JOSEPH)",,,Nuit avec éclairage allumé,En agglomération,Intersection à plus de 4 branches,Normale,Deux véhicules - arrière,,,,,,,,,,,5,2,5,1,2
200700034318,0007-06-16 08:40:00,7,6,16,8,40,60,88,"53, GROSSO (JUSQU'AU N°",,,Plein jour,En agglomération,Hors intersection,Normale,Deux véhicules - côté,,,,,,,,,,,1,2,1,1,3
200700034319,0007-06-16 08:50:00,7,6,16,8,50,60,88,"21, CARLONE (BD)",,,Plein jour,En agglomération,Hors intersection,Normale,Deux véhicules - côté,,,,,,,,,,,1,2,1,1,3
200700034320,0007-06-16 08:52:00,7,6,16,8,52,60,88,CAP DE CROIX (AV. ET TUN,,,Plein jour,En agglomération,Hors intersection,Normale,Autre collision,,,,,,,,,,,1,2,1,1,6
200700034321,0007-06-16 17:10:00,7,6,16,17,10,60,88,"64, BESSET (AV.) (A PART",,,Plein jour,En agglomération,Intersection en X,Normale,Deux véhicules - arrière,,,,,,,,,,,1,2,2,1,2
200700034322,0007-06-16 18:20:00,7,6,16,18,20,60,88,"4, CONGRES (RUE DU)",,,Plein jour,En agglomération,Hors intersection,Normale,Deux véhicules - côté,,,,,,,,,,,1,2,1,1,3
200700034323,0007-06-16 19:10:00,7,6,16,19,10,60,88,"131, SAINT-LAMBERT (AV.)",,,Plein jour,En agglomération,Hors intersection,Normale,Deux véhicules - côté,,,,,,,,,,,1,2,1,1,3
200700034324,0007-06-16 19:11:00,7,6,16,19,11,60,88,"57, HUGO (BD VICTOR)",,,Plein jour,En agglomération,Intersection en X,Normale,Deux véhicules - arrière,,,,,,,,,,,1,2,2,1,2
200700034325,0007-06-16 21:15:00,7,6,16,21,15,60,88,"11, GUBERNATIS (R.)",,,Nuit avec éclairage non allumé,En agglomération,Hors intersection,Normale,Deux véhicules - côté,,,,,,,,,,,4,2,1,1,3
200700034326,0007-06-16 23:45:00,7,6,16,23,45,60,88,"0, VEROLA (AV. AUGUSTE)",,,Nuit avec éclairage allumé,En agglomération,Intersection en T,Normale,Deux véhicules - côté,,,,,,,,,,,5,2,3,1,3
200700034327,0007-06-17 01:10:00,7,6,17,1,10,60,88,"89, ANGLAIS PLAGE (DU 26",,,Nuit avec éclairage allumé,En agglomération,Hors intersection,Normale,Deux véhicules - arrière,,,,,,,,,,,5,2,1,1,2
200700034328,0007-06-17 09:45:00,7,6,17,9,45,60,88,"70, GAMBETTA (A PARTIR D",,,Plein jour,En agglomération,Hors intersection,Normale,Autre collision,,,,,,,,,,,1,2,1,1,6
200700034329,0007-06-17 11:29:00,7,6,17,11,29,60,88,"0, ETATS UNIS (QUAI DES)",,,Plein jour,En agglomération,Hors intersection,Normale,Deux véhicules - arrière,,,,,,,,,,,1,2,1,1,2
200700034330,0007-06-17 18:15:00,7,6,17,18,15,60,88,"1, JOLY (CORNICHE ANDRE",,,Plein jour,En agglomération,Intersection en T,Normale,Deux véhicules - côté,,,,,,,,,,,1,2,3,1,3
200700034331,0007-06-18 08:00:00,7,6,18,8,0,60,88,"0, RD 6202",,,Plein jour,En agglomération,Hors intersection,Normale,Autre collision,,,,,,,,,,,1,2,1,1,6
200700034332,0007-06-19 07:35:00,7,6,19,7,35,60,88,"223, ANGLAIS (DU N° 114",,,Plein jour,En agglomération,Hors intersection,Normale,Trois véhicules et plus - en chaîne,,,,,,,,,,,1,2,1,1,4
200700034333,0007-06-19 14:45:00,7,6,19,14,45,60,88,"0, RD 6202",,,Plein jour,Hors agglomération,Hors intersection,Normale,Deux véhicules - côté,,,,,,,,,,,1,1,1,1,3
200700034334,0007-06-19 16:00:00,7,6,19,16,0,60,88,"70, GAMBETTA (A PARTIR D",,,Plein jour,En agglomération,Hors intersection,Normale,Deux véhicules - arrière,,,,,,,,,,,1,2,1,1,2
200700034335,0007-06-19 18:15:00,7,6,19,18,15,60,88,"50, ANGLAIS (DU N° 45 AU",,,Plein jour,En agglomération,Hors intersection,Normale,Deux véhicules - côté,,,,,,,,,,,1,2,1,1,3
200700034336,0007-06-20 08:10:00,7,6,20,8,10,60,88,"13, VISMARA (AV.)",,,Plein jour,En agglomération,Hors intersection,Normale,Trois véhicules et plus - collisions multiples,,,,,,,,,,,1,2,1,1,5
200700034337,0007-06-20 01:30:00,7,6,20,1,30,60,88,"0, GAMBETTA (A PARTIR DU",,,Nuit avec éclairage allumé,En agglomération,Intersection en X,Normale,Sans collision,,,,,,,,,,,5,2,2,1,7
200700034338,0007-06-20 15:20:00,7,6,20,15,20,60,88,"0, BARBERIS (RUE)",,,Plein jour,En agglomération,Intersection en X,Normale,Deux véhicules - côté,,,,,,,,,,,1,2,2,1,3
200700034339,0007-06-20 13:30:00,7,6,20,13,30,60,88,", GAMBETTA (JUSQU'AU N°",,,Plein jour,Hors agglomération,Hors intersection,Normale,Deux véhicules - arrière,,,,,,,,,,,1,1,1,1,2
200700034340,0007-06-21 08:35:00,7,6,21,8,35,60,88,"0, BESSY (RUE JULES)",,,Plein jour,En agglomération,Intersection en T,Normale,Deux véhicules - côté,,,,,,,,,,,1,2,3,1,3
200700034341,0007-06-21 10:30:00,7,6,21,10,30,60,88,"39, CIMIEZ (BD) A PARTIR",,,Plein jour,En agglomération,Hors intersection,Normale,Autre collision,,,,,,,,,,,1,2,1,1,6
200700034342,0007-06-21 12:20:00,7,6,21,12,20,60,88,"36, DELFINO (BD GENERAL)",,,Plein jour,En agglomération,Hors intersection,Normale,Autre collision,,,,,,,,,,,1,2,1,1,6
200700034343,0007-06-21 17:05:00,7,6,21,17,5,60,88,"43, ANGLAIS (DU N° 1 AU",,,Plein jour,En agglomération,Hors intersection,Normale,Autre collision,,,,,,,,,,,1,2,1,1,6
200700034344,0007-06-21 17:40:00,7,6,21,17,40,60,88,RIMIEZ (AV. DE),,,Plein jour,En agglomération,Hors intersection,Normale,Deux véhicules - arrière,,,,,,,,,,,1,2,1,1,2