accident_id,datetime,annee,mois,jour,heure,minute,departement,commune_insee,adresse,latitude,longitude,luminosite,agglomeration,intersection,meteo,collision,nb_vehicules,nb_usagers,nb_indemnes,nb_tues,nb_blesses_hosp,nb_blesses_legers,age_cond_1,age_cond_2,veh_type_cond_1,veh_type_cond_2,lum_code,agg_code,int_code,atm_code,col_code
200700034345,0007-06-22 01:35:00,7,6,22,1,35,60,88,"24, SAINT-JEAN BAPTISTE",,,Nuit avec éclairage allumé,En agglomération,Intersection en X,Normale,Deux véhicules - côté,,,,,,,,,,,5,2,2,1,3
200700034346,0007-06-22 03:20:00,7,6,22,3,20,60,88,"367, ANGLAIS PLAGE(  PAR",,,Nuit avec éclairage allumé,En agglomération,Hors intersection,Normale,Autre collision,,,,,,,,,,,5,2,1,1,6
200700034347,0007-06-22 04:30:00,7,6,22,4,30,60,88,"FACE 77, ANGLAIS PLAGE(D",,,Nuit avec éclairage allumé,En agglomération,Hors intersection,Normale,Autre collision,,,,,,,,,,,5,2,1,1,6
200700034348,0007-06-22 08:00:00,7,6,22,8,0,60,88,"2, GRINDA (AV. EDOUARD)",,,Plein jour,En agglomération,Hors intersection,Normale,Autre collision,,,,,,,,,,,1,2,1,1,6
200700034349,0007-06-22 08:50:00,7,6,22,8,50,60,88,"16, ARIETA (CAMIN DE L')",,,Plein jour,En agglomération,Hors intersection,Normale,Trois véhicules et plus - collisions multiples,,,,,,,,,,,1,2,1,1,5
200700034350,0007-06-22 08:55:00,7,6,22,8,55,60,88,"24, GALLIENI (AV.)",,,Plein jour,En agglomération,Hors intersection,Normale,Autre collision,,,,,,,,,,,1,2,1,1,6
200700034351,0007-06-22 17:00:00,7,6,22,17,0,60,88,POMPIDOU (BD GEORGES),,,Plein jour,En agglomération,Hors intersection,Normale,Deux véhicules - arrière,,,,,,,,,,,1,2,1,1,2
200700034352,0007-06-22 17:10:00,7,6,22,17,10,60,88,GARIGLIANO (PONTS),,,Plein jour,En agglomération,Intersection en T,Normale,Deux véhicules - côté,,,,,,,,,,,1,2,3,1,3
200700034353,0007-06-23 09:00:00,7,6,23,9,0,60,88,"0, MONSEIGNEUR DAUMAS (R",,,Plein jour,En agglomération,Intersection en X,Normale,Deux véhicules - côté,,,,,,,,,,,1,2,2,1,3
200700034354,0007-06-23 10:00:00,7,6,23,10,0,60,88,"0, DUNANT (AV. HENRI)",,,Plein jour,En agglomération,Hors intersection,Normale,Deux véhicules - côté,,,,,,,,,,,1,2,1,1,3
200700034355,0007-06-23 12:20:00,7,6,23,12,20,60,88,"25, ANGLAIS (DU N° 1 AU",,,Plein jour,En agglomération,Hors intersection,Normale,Deux véhicules - côté,,,,,,,,,,,1,2,1,1,3
200700034356,0007-06-23 13:00:00,7,6,23,13,0,60,88,"10, CARABACEL (BD)",,,Plein jour,En agglomération,Hors intersection,Normale,Deux véhicules - arrière,,,,,,,,,,,1,2,1,1,2
200700034357,0007-06-23 22:40:00,7,6,23,22,40,60,88,"75, GAMBETTA (A PARTIR D",,,Crépuscule ou aube,En agglomération,Hors intersection,Normale,Deux véhicules - arrière,,,,,,,,,,,2,2,1,1,2
200700034358,0007-06-24 01:10:00,7,6,24,1,10,60,88,GUTENBERG (R.),,,Nuit avec éclairage allumé,En agglomération,Intersection en X,Normale,Deux véhicules - côté,,,,,,,,,,,5,2,2,1,3
200700034359,0007-06-24 16:58:00,7,6,24,16,58,60,88,"46, CALIFORNIE (AV.) (DU",,,Plein jour,En agglomération,Hors intersection,Normale,Autre collision,,,,,,,,,,,1,2,1,1,6
200700034360,0007-06-24 17:50:00,7,6,24,17,50,60,88,"0, PREFECTURE (R. DE LA)",,,Plein jour,En agglomération,Intersection en X,Normale,Deux véhicules - côté,,,,,,,,,,,1,2,2,1,3
200700034361,0007-06-24 19:30:00,7,6,24,19,30,60,88,PIN (PL. DU),,,Plein jour,En agglomération,Place,Normale,Deux véhicules - côté,,,,,,,,,,,1,2,7,1,3
200700034362,0007-06-24 20:40:00,7,6,24,20,40,60,88,ILE-DE-BEAUTE (PL. DE L',,,Crépuscule ou aube,En agglomération,Hors intersection,Normale,Autre collision,,,,,,,,,,,2,2,1,1,6
200700034363,0007-06-24 21:20:00,7,6,24,21,20,60,88,"20, MILLION DE VERAILLON",,,Crépuscule ou aube,En agglomération,Hors intersection,Normale,Deux véhicules - arrière,,,,,,,,,,,2,2,1,1,2
200700034364,0007-06-24 23:25:00,7,6,24,23,25,60,159,"1, CORNE D OR (BOULEVARD",,,Nuit avec éclairage allumé,En agglomération,Hors intersection,Normale,Autre collision,,,,,,,,,,,5,2,1,1,6
200700034365,0007-06-25 02:35:00,7,6,25,2,35,60,88,"0, FREMONT (AV.)",,,Nuit avec éclairage allumé,En agglomération,Intersection en X,Normale,Deux véhicules - côté,,,,,,,,,,,5,2,2,1,3
200700034366,0007-06-25 18:05:00,7,6,25,18,5,60,88,"0, GRINDA (AV. EDOUARD)",,,Plein jour,En agglomération,Hors intersection,Normale,Deux véhicules - côté,,,,,,,,,,,1,2,1,1,3
200700034367,0007-06-25 20:10:00,7,6,25,20,10,60,88,"0, CORNIGLION MOLINIER (",,,Crépuscule ou aube,En agglomération,Hors intersection,Normale,Deux véhicules - côté,,,,,,,,,,,2,2,1,1,3
200700034368,0007-06-25 22:15:00,7,6,25,22,15,60,88,"31, JOLY (CORNICHE ANDRE",,,Nuit avec éclairage allumé,En agglomération,Hors intersection,Normale,Sans collision,,,,,,,,,,,5,2,1,1,7
200700034369,0007-06-26 08:15:00,7,6,26,8,15,60,88,"26, VITTONE (AV.)",,,Plein jour,En agglomération,Hors intersection,Normale,Sans collision,,,,,,,,,,,1,2,1,1,7
200700034370,0007-06-26 10:30:00,7,6,26,10,30,60,88,THIERS (AV.),,,Plein jour,En agglomération,Hors intersection,Normale,Deux véhicules - arrière,,,,,,,,,,,1,2,1,1,2
200700034371,0007-06-26 12:05:00,7,6,26,12,5,60,88,"63, GRENOBLE (ROUTE DE)",,,Plein jour,En agglomération,Hors intersection,Normale,Deux véhicules - côté,,,,,,,,,,,1,2,1,1,3
200700034372,0007-06-26 16:40:00,7,6,26,16,40,60,88,"39, CALIFORNIE (AV.) (DU",,,Plein jour,En agglomération,Hors intersection,Normale,Deux véhicules - arrière,,,,,,,,,,,1,2,1,1,2
200700034373,0007-06-26 19:30:00,7,6,26,19,30,60,88,"0, CREMAT (CH. DE)",,,Plein jour,Hors agglomération,Hors intersection,Normale,Deux véhicules - frontale,,,,,,,,,,,1,1,1,1,1
200700034374,0007-06-26 20:45:00,7,6,26,20,45,60,88,"0, BLANCON (RUE PIERRE)",,,Nuit avec éclairage allumé,En agglomération,Intersection en X,Normale,Deux véhicules - côté,,,,,,,,,,,5,2,2,1,3
200700034375,0007-06-27 07:30:00,7,6,27,7,30,60,88,"0, CORNIGLION MOLINIER (",,,Plein jour,En agglomération,Hors intersection,Normale,Deux véhicules - arrière,,,,,,,,,,,1,2,1,1,2
200700034376,0007-06-27 15:30:00,7,6,27,15,30,60,88,"0, JEROME (PL. CDT)",,,Plein jour,En agglomération,Hors intersection,Normale,Deux véhicules - côté,,,,,,,,,,,1,2,1,1,3
200700034377,0007-06-27 19:45:00,7,6,27,19,45,60,88,"0, ARMEE DES ALPES (BD D",,,Plein jour,En agglomération,Hors intersection,Normale,Autre collision,,,,,,,,,,,1,2,1,1,6
200700034378,0007-06-28 07:50:00,7,6,28,7,50,60,88,"0, GIOFFREDO (R.)",,,Plein jour,En agglomération,Intersection en X,Normale,Deux véhicules - côté,,,,,,,,,,,1,2,2,1,3
200700034379,0007-06-28 09:30:00,7,6,28,9,30,60,88,"14, GINESTIERE (CH. DE L",,,Plein jour,En agglomération,Hors intersection,Normale,Deux véhicules - côté,,,,,,,,,,,1,2,1,1,3
200700034380,0007-06-28 12:30:00,7,6,28,12,30,60,88,LYAUTEY (AV. DU MAL),,,Plein jour,En agglomération,Intersection en T,Normale,Autre collision,,,,,,,,,,,1,2,3,1,6
200700034381,0007-06-28 13:00:00,7,6,28,13,0,60,88,"6, GLORIA (AV.)",,,Plein jour,En agglomération,Hors intersection,Normale,Trois véhicules et plus - collisions multiples,,,,,,,,,,,1,2,1,1,5
200700034382,0007-06-28 12:31:00,7,6,28,12,31,60,88,"20, JAURES (BD JEAN)",,,Plein jour,En agglomération,Hors intersection,Normale,Deux véhicules - arrière,,,,,,,,,,,1,2,1,1,2
200700034383,0007-06-28 13:25:00,7,6,28,13,25,60,88,"1, RAIMBALDI (BD)",,,Plein jour,En agglomération,Intersection en X,Normale,Deux véhicules - côté,,,,,,,,,,,1,2,2,1,3
200700034384,0007-06-28 13:45:00,7,6,28,13,45,60,88,"0, SAPPIA (AV. HENRI)",,,Plein jour,En agglomération,Hors intersection,Normale,Deux véhicules - côté,,,,,,,,,,,1,2,1,1,3
200700034385,0007-06-28 14:15:00,7,6,28,14,15,60,88,"0, COTY (PONT RENE)",,,Plein jour,En agglomération,Hors intersection,Normale,Deux véhicules - frontale,,,,,,,,,,,1,2,1,1,1
200700034386,0007-06-28 16:50:00,7,6,28,16,50,60,88,"713, RD 6098",,,Plein jour,En agglomération,Hors intersection,Normale,Deux véhicules - côté,,,,,,,,,,,1,2,1,1,3
200700034387,0007-06-28 20:25:00,7,6,28,20,25,60,88,"0, SAINT-LAMBERT (AV.) (",,,Nuit avec éclairage allumé,En agglomération,Intersection en T,Normale,Deux véhicules - côté,,,,,,,,,,,5,2,3,1,3
200700034388,0007-06-28 23:00:00,7,6,28,23,0,60,88,"0, PHILIBERT (R. EMMANUE",,,Nuit avec éclairage allumé,En agglomération,Intersection en Y,Normale,Deux véhicules - frontale,,,,,,,,,,,5,2,4,1,1
200700034389,0007-06-28 23:30:00,7,6,28,23,30,60,88,"2, ANGLAIS (DU N° 1 AU N",,,Nuit avec éclairage allumé,En agglomération,Hors intersection,Normale,Autre collision,,,,,,,,,,,5,2,1,1,6
200700034390,0007-06-29 00:40:00,7,6,29,0,40,60,88,"0, DALPOZZO (RUE)",,,Nuit avec éclairage allumé,En agglomération,Intersection en X,Normale,Autre collision,,,,,,,,,,,5,2,2,1,6
200700034391,0007-06-29 03:00:00,7,6,29,3,0,60,88,LEPANTE (R. DE),,,Nuit avec éclairage allumé,En agglomération,Intersection en X,Normale,Deux véhicules - côté,,,,,,,,,,,5,2,2,1,3
200700034392,0007-06-29 10:15:00,7,6,29,10,15,60,88,"0, CALIFORNIE (AV.) (DU",,,Plein jour,En agglomération,Hors intersection,Normale,Deux véhicules - côté,,,,,,,,,,,1,2,1,1,3
200700034393,0007-06-29 15:50:00,7,6,29,15,50,60,88,ANGLAIS (DU N° 1 AU N° 4,,,Plein jour,En agglomération,Hors intersection,Normale,Trois véhicules et plus - collisions multiples,,,,,,,,,,,1,2,1,1,5
200700034394,0007-06-29 21:10:00,7,6,29,21,10,60,88,"0, RD 6007",,,Crépuscule ou aube,En agglomération,Hors intersection,Normale,Deux véhicules - arrière,,,,,,,,,,,2,2,1,1,2
200700034395,0007-06-30 08:30:00,7,6,30,8,30,60,88,"115, JOLY (CORNICHE ANDR",,,Plein jour,En agglomération,Hors intersection,Normale,Autre collision,,,,,,,,,,,1,2,1,1,6
200700034396,0007-06-30 11:00:00,7,6,30,11,0,60,88,"0, VITTONE (AV.)",,,Plein jour,En agglomération,Hors intersection,Normale,Autre collision,,,,,,,,,,,1,2,1,1,6
200700034397,0007-06-30 12:45:00,7,6,30,12,45,60,88,"0, ACCHIARDI DE ST LEGER",,,Plein jour,En agglomération,Intersection en X,Normale,Deux véhicules - côté,,,,,,,,,,,1,2,2,1,3
200700034398,0007-06-30 20:40:00,7,6,30,20,40,60,88,"98, CORNICHE FLEURIE (AV",,,Nuit avec éclairage allumé,En agglomération,Hors intersection,Normale,Deux véhicules - frontale,,,,,,,,,,,5,2,1,1,1
200700034399,0007-06-13 10:35:00,7,6,13,10,35,70,10,"109, JANVIER (RUE FERDIN",,,Plein jour,En agglomération,Hors intersection,Normale,Autre collision,,,,,,,,,,,1,2,1,1,6
200700034400,0007-06-13 18:38:00,7,6,13,18,38,70,78,"154, FOREZ RUE DU",,,Plein jour,En agglomération,Giratoire,Pluie légère,Deux véhicules - côté,,,,,,,,,,,1,2,6,2,3
200700034401,0007-06-11 11:55:00,7,6,11,11,55,70,231,104 ( ROUTE DEPÄRTEMENTA,,,Plein jour,Hors agglomération,Hors intersection,Normale,Deux véhicules - frontale,,,,,,,,,,,1,1,1,1,1
200700034402,0007-06-13 17:10:00,7,6,13,17,10,70,19,PAIX (PLACE DE LA),,,Plein jour,En agglomération,Hors intersection,Normale,Sans collision,,,,,,,,,,,1,2,1,1,7
200700034403,0007-06-16 12:15:00,7,6,16,12,15,70,281,C.D. 533 (VERS LE PUY),,,Plein jour,Hors agglomération,Hors intersection,Normale,Trois véhicules et plus - collisions multiples,,,,,,,,,,,1,1,1,1,5
200700034404,0007-06-14 15:40:00,7,6,14,15,40,70,186,PRIVAT (RUE RENE),,,Plein jour,En agglomération,Giratoire,Normale,Deux véhicules - côté,,,,,,,,,,,1,2,6,1,3
200700034405,0007-06-27 19:00:00,7,6,27,19,0,70,8,BRICOUS  ( QUARTIER ),,,Plein jour,Hors agglomération,Hors intersection,Normale,Autre collision,,,,,,,,,,,1,1,1,1,6
200700034406,0007-06-08 14:25:00,7,6,8,14,25,80,105,"60, ONZE NOVEMBRE",,,Plein jour,En agglomération,Intersection en X,Normale,Deux véhicules - côté,,,,,,,,,,,1,2,2,1,3
200700034407,0007-06-11 04:45:00,7,6,11,4,45,80,105,DE GAULLE AVENUE,,,Crépuscule ou aube,En agglomération,Intersection en T,Normale,Deux véhicules - côté,,,,,,,,,,,2,2,3,1,3
200700034408,0007-06-20 12:10:00,7,6,20,12,10,80,105,CHARCOT J. QUAI,,,Plein jour,En agglomération,Hors intersection,Normale,Autre collision,,,,,,,,,,,1,2,1,1,6
200700034409,0007-06-08 05:00:00,7,6,8,5,0,80,409,CHARPENTIER (AVENUE),,,Crépuscule ou aube,En agglomération,Hors intersection,Normale,Autre collision,,,,,,,,,,,2,2,1,1,6
200700034410,0007-06-06 23:20:00,7,6,6,23,20,90,122,CADIRAC (AVENUE DE),,,Nuit avec éclairage allumé,Hors agglomération,Hors intersection,Normale,Sans collision,,,,,,,,,,,5,1,1,1,7
200700034411,0007-06-10 18:50:00,7,6,10,18,50,90,122,"1, LABARRE",,,Plein jour,Hors agglomération,Intersection en T,Normale,Deux véhicules - côté,,,,,,,,,,,1,1,3,1,3
200700034412,0007-06-30 16:20:00,7,6,30,16,20,90,225,"08, TOULOUSE ROUTE DE",,,Plein jour,En agglomération,Hors intersection,Normale,Autre collision,,,,,,,,,,,1,2,1,1,6
200700034413,0007-06-01 14:05:00,7,6,1,14,5,100,387,"36 BIS, AUXERRE (RUE)",,,Plein jour,En agglomération,Intersection en X,Normale,Autre collision,,,,,,,,,,,1,2,2,1,6
200700034414,0007-06-10 10:45:00,7,6,10,10,45,100,387,"54, ANATOLE FRANCE (RUE)",,,Plein jour,En agglomération,Hors intersection,Normale,Deux véhicules - côté,,,,,,,,,,,1,2,1,1,3
200700034415,0007-06-13 12:05:00,7,6,13,12,5,100,387,"0, ROBERT GALLEY (RUE)",,,Plein jour,En agglomération,Giratoire,Normale,Deux véhicules - côté,,,,,,,,,,,1,2,6,1,3
200700034416,0007-06-21 23:10:00,7,6,21,23,10,100,362,"0, NOES (RUE DES)",,,Nuit avec éclairage allumé,En agglomération,Intersection en X,Normale,Deux véhicules - côté,,,,,,,,,,,5,2,2,1,3
200700034417,0007-06-11 15:15:00,7,6,11,15,15,100,81,"000, JEAN BAPTISTE COLBE",,,Plein jour,En agglomération,Intersection en T,Normale,Deux véhicules - côté,,,,,,,,,,,1,2,3,1,3
200700034418,0007-06-16 18:05:00,7,6,16,18,5,110,69,R N 113 sens NARBONNE/TO,,,Plein jour,Hors agglomération,Hors intersection,Normale,Deux véhicules - arrière,,,,,,,,,,,1,1,1,1,2
200700034419,0007-06-17 00:54:00,7,6,17,0,54,110,69,"02, BARBES BD ET PROMENA",,,Nuit avec éclairage allumé,En agglomération,Hors intersection,Normale,Sans collision,,,,,,,,,,,5,2,1,1,7
200700034420,0007-06-28 22:45:00,7,6,28,22,45,110,69,"R N 113, SENS TOULOUSE/",,,Nuit sans éclairage public,Hors agglomération,Hors intersection,Normale,Trois véhicules et plus - collisions multiples,,,,,,,,,,,3,1,1,1,5
200700034421,0007-06-22 18:20:00,7,6,22,18,20,110,262,"1, ELYSIQUES (VOIES DES)",,,Plein jour,En agglomération,Hors intersection,Normale,Deux véhicules - côté,,,,,,,,,,,1,2,1,1,3
200700034422,0007-06-09 18:19:00,7,6,9,18,19,120,176,"03, CANAC (CHEMIN DE )",,,Plein jour,En agglomération,Hors intersection,Normale,Deux véhicules - frontale,,,,,,,,,,,1,2,1,1,1
200700034423,0007-06-03 03:45:00,7,6,3,3,45,130,1,"1040, R.N 7",,,Nuit avec éclairage allumé,En agglomération,Hors intersection,Normale,Deux véhicules - arrière,,,,,,,,,,,5,2,1,1,2
200700034424,0007-06-04 11:17:00,7,6,4,11,17,130,1,BREDASQUE (AV DE LA),,,Plein jour,En agglomération,Hors intersection,Normale,Deux véhicules - arrière,,,,,,,,,,,1,2,1,1,2
200700034425,0007-06-04 18:20:00,7,6,4,18,20,130,1,SEUIL (RTE),,,Plein jour,Hors agglomération,Hors intersection,Pluie légère,Autre collision,,,,,,,,,,,1,1,1,2,6
200700034426,0007-06-02 01:50:00,7,6,2,1,50,130,1,DE LATTRE DE TASSIGNY (A,,,Nuit avec éclairage allumé,En agglomération,Hors intersection,Normale,Sans collision,,,,,,,,,,,5,2,1,1,7
200700034427,0007-06-12 16:30:00,7,6,12,16,30,130,1,"20, ISAAC JULES (AV)",,,Plein jour,En agglomération,Hors intersection,Normale,Autre collision,,,,,,,,,,,1,2,1,1,6
200700034428,0007-06-15 05:00:00,7,6,15,5,0,130,1,"2515, FERRINI FORTUNE (A",,,Crépuscule ou aube,Hors agglomération,Hors intersection,Normale,Sans collision,,,,,,,,,,,2,1,1,1,7
200700034429,0007-06-19 18:50:00,7,6,19,18,50,130,1,RD9,,,Plein jour,Hors agglomération,Hors intersection,Normale,Deux véhicules - arrière,,,,,,,,,,,1,1,1,1,2
200700034430,0007-06-22 01:30:00,7,6,22,1,30,130,1,"70, DE LATTRE DE TASSIGN",,,Nuit avec éclairage allumé,En agglomération,Hors intersection,Normale,Deux véhicules - arrière,,,,,,,,,,,5,2,1,1,2
200700034431,0007-06-29 07:15:00,7,6,29,7,15,130,1,GALICE (RTE DE),,,Plein jour,En agglomération,Hors intersection,Normale,Deux véhicules - arrière,,,,,,,,,,,1,2,1,1,2
200700034432,0007-06-15 05:52:00,7,6,15,5,52,130,1,MALACRIDA HENRI (AV),,,Plein jour,En agglomération,Hors intersection,Temps couvert,Deux véhicules - arrière,,,,,,,,,,,1,2,1,8,2
200700034433,0007-06-20 10:55:00,7,6,20,10,55,130,1,"115, BREDASQUE (AV DE LA",,,Plein jour,En agglomération,Hors intersection,Normale,Deux véhicules - frontale,,,,,,,,,,,1,2,1,1,1
200700034434,0007-06-27 17:50:00,7,6,27,17,50,130,1,PUYRICARD (RTE),,,Plein jour,Hors agglomération,Hors intersection,Vent fort / tempête,Deux véhicules - côté,,,,,,,,,,,1,1,1,6,3
200700034435,0007-06-26 09:42:00,7,6,26,9,42,130,1,GALICE (RTE DE),,,Plein jour,En agglomération,Hors intersection,Normale,Sans collision,,,,,,,,,,,1,2,1,1,7
200700034436,0007-06-25 17:15:00,7,6,25,17,15,130,1,PONTIER HENRI (AV),,,Plein jour,En agglomération,Hors intersection,Normale,Sans collision,,,,,,,,,,,1,2,1,1,7
200700034437,0007-06-02 18:00:00,7,6,2,18,0,130,4,V.C.N57 DE LA VILLARDE,,,Plein jour,Hors agglomération,Hors intersection,Normale,Sans collision,,,,,,,,,,,1,1,1,1,7
200700034438,0007-06-05 07:45:00,7,6,5,7,45,130,4,FONTVIEILLE ROUTE DE,,,Plein jour,En agglomération,Giratoire,Normale,Sans collision,,,,,,,,,,,1,2,6,1,7
200700034439,0007-06-06 08:10:00,7,6,6,8,10,130,4,"0, GASPARD MONGE RUE",,,Plein jour,En agglomération,Intersection en T,Normale,Autre collision,,,,,,,,,,,1,2,3,1,6
200700034440,0007-06-10 15:15:00,7,6,10,15,15,130,4,SEGONNAUX CHEMIN DES,,,Plein jour,Hors agglomération,Hors intersection,Normale,Deux véhicules - côté,,,,,,,,,,,1,1,1,1,3
200700034441,0007-06-15 18:45:00,7,6,15,18,45,130,4,ANATOLE FRANCE RUE,,,Plein jour,En agglomération,Intersection en Y,Normale,Deux véhicules - côté,,,,,,,,,,,1,2,4,1,3
200700034442,0007-06-28 14:38:00,7,6,28,14,38,130,4,"0, RN 453",,,Plein jour,Hors agglomération,Hors intersection,Normale,Deux véhicules - côté,,,,,,,,,,,1,1,1,1,3
200700034443,0007-06-29 15:30:00,7,6,29,15,30,130,4,"71, NOIR CHEMIN",,,Plein jour,En agglomération,Intersection en T,Normale,Deux véhicules - côté,,,,,,,,,,,1,2,3,1,3
200700034444,0007-06-20 14:45:00,7,6,20,14,45,130,70,", VOLTAIRE (BOULEVARD)",,,Plein jour,En agglomération,Intersection en T,Normale,Deux véhicules - côté,,,,,,,,,,,1,2,3,1,3
200700034445,0007-06-08 06:55:00,7,6,8,6,55,130,28,ROND POINT DES ARMENIENS,,,Plein jour,En agglomération,Hors intersection,Normale,Sans collision,,,,,,,,,,,1,2,1,1,7
200700034446,0007-06-21 19:00:00,7,6,21,19,0,130,28,"33, CAMUSSO (AVENUE MARC",,,Plein jour,En agglomération,Hors intersection,Normale,Deux véhicules - arrière,,,,,,,,,,,1,2,1,1,2
200700034447,0007-06-23 16:35:00,7,6,23,16,35,130,28,"34, TAMARIS (AVENUE DES)",,,Plein jour,Hors agglomération,Hors intersection,Normale,Deux véhicules - arrière,,,,,,,,,,,1,1,1,1,2
200700034448,0007-06-30 11:20:00,7,6,30,11,20,130,28,C.D 559,,,Plein jour,Hors agglomération,Hors intersection,Normale,Trois véhicules et plus - collisions multiples,,,,,,,,,,,1,1,1,1,5
200700034449,0007-06-08 14:25:00,7,6,8,14,25,130,47,R.N 569,,,Plein jour,Hors agglomération,Hors intersection,Normale,Trois véhicules et plus - en chaîne,,,,,,,,,,,1,1,1,1,4
200700034450,0007-06-12 14:10:00,7,6,12,14,10,130,47,CD16 (LE DELA),,,Plein jour,Hors agglomération,Hors intersection,Normale,Trois véhicules et plus - collisions multiples,,,,,,,,,,,1,1,1,1,5
200700034451,0007-06-08 14:00:00,7,6,8,14,0,130,98,D.5,,,Plein jour,Hors agglomération,Hors intersection,Normale,Autre collision,,,,,,,,,,,1,1,1,1,6
200700034452,0007-06-14 18:54:00,7,6,14,18,54,130,98,D.50Z,,,Plein jour,Hors agglomération,Hors intersection,Normale,Deux véhicules - côté,,,,,,,,,,,1,1,1,1,3
200700034453,0007-06-27 16:10:00,7,6,27,16,10,130,63,MARECHAL LECLERC AVENUE,,,Plein jour,En agglomération,Intersection en X,Normale,Deux véhicules - frontale,,,,,,,,,,,1,2,2,1,1
200700034454,0007-06-05 10:55:00,7,6,5,10,55,130,54,"3, PONSARDE  CHEMIN DE L",,,Plein jour,En agglomération,Hors intersection,Normale,Deux véhicules - côté,,,,,,,,,,,1,2,1,1,3
200700034455,0007-06-08 17:30:00,7,6,8,17,30,130,54,ISLY  RUE D',,,Plein jour,En agglomération,Intersection en T,Normale,Deux véhicules - frontale,,,,,,,,,,,1,2,3,1,1
200700034456,0007-06-19 08:45:00,7,6,19,8,45,130,54,HUIT MAI 1945  AVE DU,,,Plein jour,En agglomération,Hors intersection,Normale,Deux véhicules - arrière,,,,,,,,,,,1,2,1,1,2
200700034457,0007-06-20 14:05:00,7,6,20,14,5,130,43,RN 368,,,Plein jour,Hors agglomération,Hors intersection,Normale,Deux véhicules - arrière,,,,,,,,,,,1,1,1,1,2
200700034458,0007-06-27 14:20:00,7,6,27,14,20,130,55,"29, LIBERATION (BOULEVAR",,,Plein jour,En agglomération,Passage à niveau,Normale,Autre collision,,,,,,,,,,,1,2,8,1,6
200700034459,0007-06-03 06:45:00,7,6,3,6,45,130,55,"121, ROME (RUE DE)",,,Plein jour,En agglomération,Hors intersection,Normale,Trois véhicules et plus - collisions multiples,,,,,,,,,,,1,2,1,1,5
200700034460,0007-06-01 23:15:00,7,6,1,23,15,130,55,GAROUTTE (BOULEVARD),,,Nuit avec éclairage allumé,En agglomération,Intersection en X,Normale,Deux véhicules - côté,,,,,,,,,,,5,2,2,1,3
200700034461,0007-06-03 20:40:00,7,6,3,20,40,130,55,SAINT MARCEL (BOULEVARD,,,Plein jour,En agglomération,Hors intersection,Normale,Trois véhicules et plus - en chaîne,,,,,,,,,,,1,2,1,1,4
200700034462,0007-06-04 06:45:00,7,6,4,6,45,130,55,DEVILLIERS (RUE),,,Plein jour,En agglomération,Hors intersection,Normale,Sans collision,,,,,,,,,,,1,2,1,1,7
200700034463,0007-06-01 18:00:00,7,6,1,18,0,130,55,MADRAGUE VILLE (RUE),,,Plein jour,En agglomération,Intersection en T,Normale,Trois véhicules et plus - en chaîne,,,,,,,,,,,1,2,3,1,4
200700034464,0007-06-05 19:00:00,7,6,5,19,0,130,55,"14, NATIONALE (RUE)",,,Plein jour,En agglomération,Hors intersection,Normale,Deux véhicules - côté,,,,,,,,,,,1,2,1,1,3
200700034465,0007-06-01 15:40:00,7,6,1,15,40,130,2,MAURINS (CHEMIN DES),,,Plein jour,En agglomération,Hors intersection,Normale,Deux véhicules - frontale,,,,,,,,,,,1,2,1,1,1
200700034466,0007-06-06 10:05:00,7,6,6,10,5,130,55,AIX (RUE D'),,,Plein jour,En agglomération,Hors intersection,Temps couvert,Autre collision,,,,,,,,,,,1,2,1,8,6
200700034467,0007-06-06 21:30:00,7,6,6,21,30,130,55,"206, MENDES FRANCE (AVEN",,,Nuit avec éclairage allumé,En agglomération,Hors intersection,Normale,Trois véhicules et plus - collisions multiples,,,,,,,,,,,5,2,1,1,5
200700034468,0007-06-05 22:15:00,7,6,5,22,15,130,55,TIMONE (AVENUE DE LA),,,Nuit avec éclairage allumé,En agglomération,Intersection en X,Normale,Deux véhicules - côté,,,,,,,,,,,5,2,2,1,3
200700034469,0007-06-04 16:00:00,7,6,4,16,0,130,55,"112, MONTREDON (AVENUE D",,,Plein jour,En agglomération,Hors intersection,Normale,Deux véhicules - arrière,,,,,,,,,,,1,2,1,1,2
200700034470,0007-06-07 19:30:00,7,6,7,19,30,130,55,"110, SAINT LOUP (BOULEVA",,,Plein jour,En agglomération,Hors intersection,Normale,Autre collision,,,,,,,,,,,1,2,1,1,6
200700034471,0007-06-04 14:35:00,7,6,4,14,35,130,55,SAINT JEROME (AVENUE DE),,,Plein jour,En agglomération,Intersection en T,Normale,Deux véhicules - côté,,,,,,,,,,,1,2,3,1,3
200700034472,0007-06-10 19:30:00,7,6,10,19,30,130,55,MARÉCHAL JUIN (BOULEVARD,,,Plein jour,En agglomération,Hors intersection,Normale,Deux véhicules - arrière,,,,,,,,,,,1,2,1,1,2
200700034473,0007-06-10 08:45:00,7,6,10,8,45,130,55,ALEX ANSALDI (RUE),,,Plein jour,En agglomération,Hors intersection,Normale,Autre collision,,,,,,,,,,,1,2,1,1,6
200700034474,0007-06-08 22:30:00,7,6,8,22,30,130,55,"556, PRADO (AVENUE)",,,Nuit avec éclairage allumé,En agglomération,Hors intersection,Normale,Deux véhicules - arrière,,,,,,,,,,,5,2,1,1,2
200700034475,0007-06-02 12:35:00,7,6,2,12,35,130,55,GOUFFE (COURS),,,Plein jour,En agglomération,Hors intersection,Normale,Deux véhicules - côté,,,,,,,,,,,1,2,1,1,3
200700034476,0007-06-11 14:40:00,7,6,11,14,40,130,55,"83, LIEUTAUD (COURS)",,,Plein jour,En agglomération,Hors intersection,Normale,Deux véhicules - côté,,,,,,,,,,,1,2,1,1,3
200700034477,0007-06-11 23:50:00,7,6,11,23,50,130,55,", PINEDE (QUAI DE LA)",,,Nuit avec éclairage allumé,En agglomération,Hors intersection,Normale,Deux véhicules - frontale,,,,,,,,,,,5,2,1,1,1