accident_id,datetime,annee,mois,jour,heure,minute,departement,commune_insee,adresse,latitude,longitude,luminosite,agglomeration,intersection,meteo,collision,nb_vehicules,nb_usagers,nb_indemnes,nb_tues,nb_blesses_hosp,nb_blesses_legers,age_cond_1,age_cond_2,veh_type_cond_1,veh_type_cond_2,lum_code,agg_code,int_code,atm_code,col_code
200700034478,0007-06-05 09:30:00,7,6,5,9,30,130,55,"66, PARANGON (TRAVERSE)",,,Plein jour,En agglomération,Hors intersection,Normale,Deux véhicules - arrière,,,,,,,,,,,1,2,1,1,2
200700034479,0007-06-06 22:15:00,7,6,6,22,15,130,55,MARÉCHAL JUIN (BOULEVARD,,,Nuit avec éclairage allumé,En agglomération,Hors intersection,Normale,Deux véhicules - arrière,,,,,,,,,,,5,2,1,1,2
200700034480,0007-06-04 20:55:00,7,6,4,20,55,130,55,"3, CHARDONNERE (ALLEE)",,,Crépuscule ou aube,En agglomération,Hors intersection,Temps couvert,Autre collision,,,,,,,,,,,2,2,1,8,6
200700034481,0007-06-02 09:00:00,7,6,2,9,0,130,55,LONGCHAMP (BOULEVARD),,,Plein jour,En agglomération,Intersection en X,Normale,Deux véhicules - côté,,,,,,,,,,,1,2,2,1,3
200700034482,0007-06-06 17:15:00,7,6,6,17,15,130,55,"131, MARÉCHAL DE LATTRE",,,Plein jour,En agglomération,Hors intersection,Normale,Deux véhicules - arrière,,,,,,,,,,,1,2,1,1,2
200700034483,0007-06-06 17:16:00,7,6,6,17,16,130,55,SAKAKINI (BOULEVARD),,,Plein jour,En agglomération,Hors intersection,Normale,Deux véhicules - côté,,,,,,,,,,,1,2,1,1,3
200700034484,0007-06-04 13:50:00,7,6,4,13,50,130,55,"15, MENDES FRANCE (AVENU",,,Plein jour,En agglomération,Hors intersection,Normale,Autre collision,,,,,,,,,,,1,2,1,1,6
200700034485,0007-06-08 16:15:00,7,6,8,16,15,130,55,"90, SAINT MARCEL (BOULEV",,,Plein jour,En agglomération,Hors intersection,Normale,Autre collision,,,,,,,,,,,1,2,1,1,6
200700034486,0007-06-05 11:50:00,7,6,5,11,50,130,55,"1, CAMOINS (AVENUE DES)",,,Plein jour,En agglomération,Hors intersection,Normale,Deux véhicules - côté,,,,,,,,,,,1,2,1,1,3
200700034487,0007-06-08 19:40:00,7,6,8,19,40,130,55,"139, MIREILLE LAUZE (BOU",,,Plein jour,En agglomération,Hors intersection,Normale,Deux véhicules - côté,,,,,,,,,,,1,2,1,1,3
200700034488,0007-06-01 09:30:00,7,6,1,9,30,130,55,CAVAIGNAC (RUE),,,Plein jour,En agglomération,Intersection en T,Normale,Autre collision,,,,,,,,,,,1,2,3,1,6
200700034489,0007-06-06 04:45:00,7,6,6,4,45,130,55,"8, ROLAND DORGELES (BOUL",,,Plein jour,En agglomération,Hors intersection,Normale,Deux véhicules - côté,,,,,,,,,,,1,2,1,1,3
200700034490,0007-06-04 16:35:00,7,6,4,16,35,130,55,"19, CRAU (RUE DE LA)",,,Plein jour,En agglomération,Hors intersection,Normale,Autre collision,,,,,,,,,,,1,2,1,1,6
200700034491,0007-06-07 21:20:00,7,6,7,21,20,130,55,BAILLE (BOULEVARD),,,Nuit sans éclairage public,En agglomération,Intersection en T,Normale,Deux véhicules - côté,,,,,,,,,,,3,2,3,1,3
200700034492,0007-06-10 14:30:00,7,6,10,14,30,130,55,"26, CAMPANULES (CHEMIN D",,,Plein jour,En agglomération,Intersection en T,Normale,Deux véhicules - côté,,,,,,,,,,,1,2,3,1,3
200700034493,0007-06-08 18:35:00,7,6,8,18,35,130,55,"242, SAINT LOUP (BOULEVA",,,Plein jour,En agglomération,Hors intersection,Normale,Deux véhicules - côté,,,,,,,,,,,1,2,1,1,3
200700034494,0007-06-07 11:15:00,7,6,7,11,15,130,55,MARCHE D'IN (AVENUE),,,Plein jour,En agglomération,Intersection en T,Normale,Deux véhicules - côté,,,,,,,,,,,1,2,3,1,3
200700034495,0007-06-02 11:40:00,7,6,2,11,40,130,55,CHARLES NEDELEC (BOULEVA,,,Plein jour,En agglomération,Hors intersection,Normale,Sans collision,,,,,,,,,,,1,2,1,1,7
200700034496,0007-06-07 20:10:00,7,6,7,20,10,130,55,CHUTES LAVIE (AVENUE),,,Nuit avec éclairage allumé,En agglomération,Hors intersection,Normale,Autre collision,,,,,,,,,,,5,2,1,1,6
200700034497,0007-06-06 13:30:00,7,6,6,13,30,130,55,JEAN PAUL SARTRE (AVENUE,,,Plein jour,En agglomération,Autre intersection,Normale,Deux véhicules - arrière,,,,,,,,,,,1,2,9,1,2
200700034498,0007-06-07 09:10:00,7,6,7,9,10,130,55,LYON (RUE DE),,,Plein jour,En agglomération,Hors intersection,Normale,Autre collision,,,,,,,,,,,1,2,1,1,6
200700034499,0007-06-09 14:50:00,7,6,9,14,50,130,55,CHEMIN DU LITTORAL (CHEM,,,Plein jour,En agglomération,Hors intersection,Normale,Deux véhicules - côté,,,,,,,,,,,1,2,1,1,3
200700034500,0007-06-04 17:15:00,7,6,4,17,15,130,55,"3, SAINTE MARTHE (CHEMIN",,,Plein jour,En agglomération,Hors intersection,Pluie forte,Autre collision,,,,,,,,,,,1,2,1,3,6
200700034501,0007-06-04 17:20:00,7,6,4,17,20,130,55,"312, MAZARGUES (AVENUE D",,,Plein jour,En agglomération,Hors intersection,Pluie forte,Trois véhicules et plus - en chaîne,,,,,,,,,,,1,2,1,3,4
200700034502,0007-06-11 07:45:00,7,6,11,7,45,130,55,ARNAVAUX (AVENUE DES),,,Plein jour,En agglomération,Intersection en T,Normale,Deux véhicules - côté,,,,,,,,,,,1,2,3,1,3
200700034503,0007-06-07 17:30:00,7,6,7,17,30,130,55,"24, LIEUTAUD (COURS)",,,Plein jour,En agglomération,Hors intersection,Normale,Deux véhicules - côté,,,,,,,,,,,1,2,1,1,3
200700034504,0007-06-09 11:34:00,7,6,9,11,34,130,55,"107, LONGCHAMP (BOULEVAR",,,Plein jour,En agglomération,Hors intersection,Normale,Sans collision,,,,,,,,,,,1,2,1,1,7
200700034505,0007-06-09 16:20:00,7,6,9,16,20,130,55,LIEUTAUD (COURS),,,Plein jour,En agglomération,Hors intersection,Normale,Deux véhicules - côté,,,,,,,,,,,1,2,1,1,3
200700034506,0007-06-05 10:20:00,7,6,5,10,20,130,55,ALBE (RUE),,,Plein jour,En agglomération,Intersection en T,Normale,Deux véhicules - côté,,,,,,,,,,,1,2,3,1,3
200700034507,0007-06-10 17:00:00,7,6,10,17,0,130,55,", SAINT MICHE (TRAVERSE)",,,Plein jour,En agglomération,Intersection en T,Normale,Autre collision,,,,,,,,,,,1,2,3,1,6
200700034508,0007-06-08 19:45:00,7,6,8,19,45,130,55,CENTRALE (RUE),,,Plein jour,En agglomération,Intersection en T,Normale,Autre collision,,,,,,,,,,,1,2,3,1,6
200700034509,0007-06-11 09:00:00,7,6,11,9,0,130,55,ANDRÉ ROUSSIN (AVENUE),,,Plein jour,En agglomération,Hors intersection,Normale,Deux véhicules - arrière,,,,,,,,,,,1,2,1,1,2
200700034510,0007-06-05 18:10:00,7,6,5,18,10,130,55,"145, FÉLIX PYAT (RUE)",,,Plein jour,En agglomération,Hors intersection,Pluie légère,Autre collision,,,,,,,,,,,1,2,1,2,6
200700034511,0007-06-07 16:20:00,7,6,7,16,20,130,55,ANDRE ZENATTI (AVENUE),,,Plein jour,En agglomération,Intersection en X,Normale,Autre collision,,,,,,,,,,,1,2,2,1,6
200700034512,0007-06-11 14:35:00,7,6,11,14,35,130,55,POILUS (AVENUE DES),,,Plein jour,Hors agglomération,Hors intersection,Normale,Deux véhicules - côté,,,,,,,,,,,1,1,1,1,3
200700034513,0007-06-14 14:15:00,7,6,14,14,15,130,55,"263, PRADO (AVENUE)",,,Plein jour,En agglomération,Hors intersection,Normale,Deux véhicules - côté,,,,,,,,,,,1,2,1,1,3
200700034514,0007-06-08 08:05:00,7,6,8,8,5,130,55,"97, BAILLE (BOULEVARD)",,,Plein jour,En agglomération,Hors intersection,Normale,Deux véhicules - côté,,,,,,,,,,,1,2,1,1,3
200700034515,0007-06-06 00:45:00,7,6,6,0,45,130,55,"480, PRADO (AVENUE)",,,Nuit avec éclairage allumé,En agglomération,Hors intersection,Normale,Sans collision,,,,,,,,,,,5,2,1,1,7
200700034516,0007-06-11 15:10:00,7,6,11,15,10,130,55,JEAN MOULIN (BOULEVARD),,,Plein jour,En agglomération,Autre intersection,Normale,Autre collision,,,,,,,,,,,1,2,9,1,6
200700034517,0007-06-16 15:20:00,7,6,16,15,20,130,55,CROIX ROUGE (AVENUE),,,Plein jour,En agglomération,Hors intersection,Normale,Trois véhicules et plus - collisions multiples,,,,,,,,,,,1,2,1,1,5
200700034518,0007-06-17 11:00:00,7,6,17,11,0,130,55,"1, ROUBAIX (RUE DE)",,,Plein jour,En agglomération,Autre intersection,Normale,Autre collision,,,,,,,,,,,1,2,9,1,6
200700034519,0007-06-16 17:00:00,7,6,16,17,0,130,55,LÉON GAMBETTA (ALLEE),,,Plein jour,En agglomération,Hors intersection,Normale,Autre collision,,,,,,,,,,,1,2,1,1,6
200700034520,0007-06-06 15:30:00,7,6,6,15,30,130,55,PEINTRES ROUX (AVENUE DE,,,Plein jour,En agglomération,Hors intersection,Normale,Autre collision,,,,,,,,,,,1,2,1,1,6
200700034521,0007-06-14 12:30:00,7,6,14,12,30,130,55,DOCTEUR MARIA (ROND-POIN,,,Plein jour,En agglomération,Giratoire,Normale,Deux véhicules - arrière,,,,,,,,,,,1,2,6,1,2
200700034522,0007-06-18 15:00:00,7,6,18,15,0,130,55,"46, ENJOLRAS (AVENUE)",,,Plein jour,En agglomération,Hors intersection,Normale,Deux véhicules - frontale,,,,,,,,,,,1,2,1,1,1
200700034523,0007-06-08 19:15:00,7,6,8,19,15,130,55,JOLIETTE (QUAI DE LA),,,Plein jour,En agglomération,Hors intersection,Normale,Deux véhicules - côté,,,,,,,,,,,1,2,1,1,3
200700034524,0007-06-07 20:25:00,7,6,7,20,25,130,55,PLOMBIERES (BOULEVARD DE,,,Plein jour,En agglomération,Hors intersection,Normale,Deux véhicules - arrière,,,,,,,,,,,1,2,1,1,2
200700034525,0007-06-11 09:30:00,7,6,11,9,30,130,55,"179, AYGALADES (AVENUE D",,,Plein jour,En agglomération,Hors intersection,Normale,Sans collision,,,,,,,,,,,1,2,1,1,7
200700034526,0007-06-14 07:30:00,7,6,14,7,30,130,55,SIMON BOLIVAR (BOULEVARD,,,Plein jour,En agglomération,Intersection en Y,Normale,Deux véhicules - arrière,,,,,,,,,,,1,2,4,1,2
200700034527,0007-06-05 17:00:00,7,6,5,17,0,130,55,MADRAGUE VILLE (RUE),,,Plein jour,En agglomération,Hors intersection,Normale,Deux véhicules - arrière,,,,,,,,,,,1,2,1,1,2
200700034528,0007-06-08 20:15:00,7,6,8,20,15,130,55,PLOMBIERES (BOULEVARD DE,,,Plein jour,En agglomération,Hors intersection,Normale,Autre collision,,,,,,,,,,,1,2,1,1,6
200700034529,0007-06-08 12:05:00,7,6,8,12,5,130,55,"573, SAINT PIERRE (RUE)",,,Plein jour,En agglomération,Hors intersection,Normale,Autre collision,,,,,,,,,,,1,2,1,1,6
200700034530,0007-06-07 14:25:00,7,6,7,14,25,130,55,DÉSIRÉ BIANCO (AVENUE),,,Plein jour,En agglomération,Hors intersection,Normale,Deux véhicules - frontale,,,,,,,,,,,1,2,1,1,1
200700034531,0007-06-08 14:30:00,7,6,8,14,30,130,55,ROMAIN ROLLAND (BOULEVAR,,,Plein jour,En agglomération,Intersection en X,Normale,Autre collision,,,,,,,,,,,1,2,2,1,6
200700034532,0007-06-02 17:25:00,7,6,2,17,25,130,55,"28, BARRAL (BOULEVARD)",,,Plein jour,En agglomération,Hors intersection,Normale,Deux véhicules - arrière,,,,,,,,,,,1,2,1,1,2
200700034533,0007-06-05 20:00:00,7,6,5,20,0,130,55,"24, CAILLOLS (TRAVERSE D",,,Plein jour,En agglomération,Hors intersection,Temps couvert,Deux véhicules - frontale,,,,,,,,,,,1,2,1,8,1
200700034534,0007-06-14 17:40:00,7,6,14,17,40,130,55,ROMAIN ROLLAND (BOULEVAR,,,Plein jour,En agglomération,Hors intersection,Normale,Deux véhicules - côté,,,,,,,,,,,1,2,1,1,3
200700034535,0007-06-05 20:30:00,7,6,5,20,30,130,55,PRADO (AVENUE),,,Plein jour,En agglomération,Hors intersection,Temps couvert,Deux véhicules - côté,,,,,,,,,,,1,2,1,8,3
200700034536,0007-06-08 08:50:00,7,6,8,8,50,130,55,"15, GAY LUSSAC (BOULEVAR",,,Plein jour,En agglomération,Hors intersection,Normale,Deux véhicules - côté,,,,,,,,,,,1,2,1,1,3
200700034537,0007-06-11 15:30:00,7,6,11,15,30,130,55,HOZIER (RUE D'),,,Plein jour,En agglomération,Hors intersection,Normale,Sans collision,,,,,,,,,,,1,2,1,1,7
200700034538,0007-06-12 17:05:00,7,6,12,17,5,130,55,VINCENNES (BOULEVARD DE),,,Plein jour,En agglomération,Hors intersection,Normale,Deux véhicules - arrière,,,,,,,,,,,1,2,1,1,2
200700034539,0007-06-09 16:00:00,7,6,9,16,0,130,55,CLOT BEY (AVENUE),,,Plein jour,En agglomération,Hors intersection,Autre,Deux véhicules - arrière,,,,,,,,,,,1,2,1,9,2
200700034540,0007-06-14 08:45:00,7,6,14,8,45,130,55,"99, PARANGON (TRAVERSE)",,,Plein jour,En agglomération,Hors intersection,Normale,Deux véhicules - côté,,,,,,,,,,,1,2,1,1,3
200700034541,0007-06-05 17:50:00,7,6,5,17,50,130,55,MARÉCHAL DE LATTRE (AVEN,,,Plein jour,En agglomération,Hors intersection,Temps couvert,Sans collision,,,,,,,,,,,1,2,1,8,7
200700034542,0007-06-11 19:50:00,7,6,11,19,50,130,55,GUSTAVE GANAY (BOULEVARD,,,Plein jour,En agglomération,Intersection en T,Normale,Sans collision,,,,,,,,,,,1,2,3,1,7
200700034543,0007-06-16 12:30:00,7,6,16,12,30,130,55,"11, SAINT JEAN (RUE)",,,Plein jour,En agglomération,Hors intersection,Normale,Deux véhicules - côté,,,,,,,,,,,1,2,1,1,3
200700034544,0007-06-11 07:20:00,7,6,11,7,20,130,55,"79, ROMAIN ROLLAND (BOUL",,,Plein jour,En agglomération,Hors intersection,Normale,Deux véhicules - côté,,,,,,,,,,,1,2,1,1,3
200700034545,0007-06-15 14:15:00,7,6,15,14,15,130,55,"282, MAZARGUES (AVENUE D",,,Plein jour,En agglomération,Hors intersection,Normale,Autre collision,,,,,,,,,,,1,2,1,1,6
200700034546,0007-06-02 09:15:00,7,6,2,9,15,130,55,"105, POILUS (AVENUE DES)",,,Plein jour,En agglomération,Intersection en T,Normale,Deux véhicules - côté,,,,,,,,,,,1,2,3,1,3
200700034547,0007-06-01 16:30:00,7,6,1,16,30,130,55,", JEAN DUPLESSIS (BOULEV",,,Plein jour,En agglomération,Hors intersection,Normale,Deux véhicules - arrière,,,,,,,,,,,1,2,1,1,2
200700034548,0007-06-16 22:15:00,7,6,16,22,15,130,55,"116, MADRAGUE VILLE (RUE",,,Nuit avec éclairage allumé,En agglomération,Intersection en T,Normale,Deux véhicules - côté,,,,,,,,,,,5,2,3,1,3
200700034549,0007-06-01 15:15:00,7,6,1,15,15,130,55,"108, FRANCOISE DUPARC (B",,,Plein jour,En agglomération,Hors intersection,Normale,Trois véhicules et plus - en chaîne,,,,,,,,,,,1,2,1,1,4
200700034550,0007-06-20 08:00:00,7,6,20,8,0,130,55,BOISSON (BOULEVARD),,,Plein jour,Hors agglomération,Hors intersection,Normale,Deux véhicules - côté,,,,,,,,,,,1,1,1,1,3
200700034551,0007-06-14 14:05:00,7,6,14,14,5,130,55,CORDERIE (PLACE DE LA),,,Plein jour,En agglomération,Giratoire,Normale,Deux véhicules - frontale,,,,,,,,,,,1,2,6,1,1
200700034552,0007-06-13 12:00:00,7,6,13,12,0,130,55,ORGUES (RUE DES),,,Plein jour,En agglomération,Hors intersection,Normale,Sans collision,,,,,,,,,,,1,2,1,1,7
200700034553,0007-06-21 04:45:00,7,6,21,4,45,130,55,"186, LYON (RUE DE)",,,Nuit avec éclairage allumé,En agglomération,Hors intersection,Normale,Autre collision,,,,,,,,,,,5,2,1,1,6
200700034554,0007-06-17 19:50:00,7,6,17,19,50,130,55,"392, PRADO (AVENUE)",,,Plein jour,En agglomération,Intersection en X,Normale,Deux véhicules - côté,,,,,,,,,,,1,2,2,1,3
200700034555,0007-06-02 14:45:00,7,6,2,14,45,130,55,"69, LIBERATION (BOULEVAR",,,Plein jour,En agglomération,Hors intersection,Normale,Autre collision,,,,,,,,,,,1,2,1,1,6
200700034556,0007-06-06 16:35:00,7,6,6,16,35,130,55,ROME (RUE DE),,,Plein jour,En agglomération,Intersection en X,Normale,Deux véhicules - côté,,,,,,,,,,,1,2,2,1,3
200700034557,0007-06-21 13:40:00,7,6,21,13,40,130,55,EMMANUEL EYDOUX (RUE),,,Plein jour,En agglomération,Hors intersection,Normale,Trois véhicules et plus - en chaîne,,,,,,,,,,,1,2,1,1,4
200700034558,0007-06-06 09:30:00,7,6,6,9,30,130,55,ORANGE (RUE D'),,,Plein jour,En agglomération,Hors intersection,Normale,Autre collision,,,,,,,,,,,1,2,1,1,6
200700034559,0007-06-10 00:15:00,7,6,10,0,15,130,55,FIGONE (AVENUE DE LA),,,Nuit avec éclairage allumé,En agglomération,Hors intersection,Normale,Sans collision,,,,,,,,,,,5,2,1,1,7
200700034560,0007-06-14 07:15:00,7,6,14,7,15,130,55,"5, GARIBALDI (BOULEVARD)",,,Plein jour,En agglomération,Hors intersection,Normale,Deux véhicules - frontale,,,,,,,,,,,1,2,1,1,1
200700034561,0007-06-16 19:15:00,7,6,16,19,15,130,55,"65, VISTE (AVENUE DE LA)",,,Plein jour,En agglomération,Hors intersection,Normale,Deux véhicules - frontale,,,,,,,,,,,1,2,1,1,1
200700034562,0007-06-12 19:50:00,7,6,12,19,50,130,55,PLOMBIERES (BOULEVARD DE,,,Plein jour,En agglomération,Intersection en X,Normale,Deux véhicules - côté,,,,,,,,,,,1,2,2,1,3
200700034563,0007-06-12 14:50:00,7,6,12,14,50,130,55,LAZARET (QUAI DU),,,Plein jour,En agglomération,Hors intersection,Normale,Autre collision,,,,,,,,,,,1,2,1,1,6
200700034564,0007-06-19 21:00:00,7,6,19,21,0,130,55,", SAINT ANTOINE (AVENUE",,,Crépuscule ou aube,En agglomération,Hors intersection,Normale,Deux véhicules - côté,,,,,,,,,,,2,2,1,1,3
200700034565,0007-06-12 18:20:00,7,6,12,18,20,130,55,"55, MARÉCHAL DE LATTRE (",,,Plein jour,En agglomération,Hors intersection,Normale,Autre collision,,,,,,,,,,,1,2,1,1,6
200700034566,0007-06-20 00:20:00,7,6,20,0,20,130,55,PERIER (BOULEVARD),,,Nuit avec éclairage allumé,En agglomération,Place,Normale,Deux véhicules - côté,,,,,,,,,,,5,2,7,1,3
200700034567,0007-06-19 07:50:00,7,6,19,7,50,130,55,"165, PARADIS (RUE)",,,Plein jour,En agglomération,Hors intersection,Normale,Deux véhicules - arrière,,,,,,,,,,,1,2,1,1,2
200700034568,0007-06-04 16:53:00,7,6,4,16,53,130,55,"152, MILLIERE (BOULEVARD",,,Plein jour,En agglomération,Autre intersection,Pluie forte,Autre collision,,,,,,,,,,,1,2,9,3,6
200700034569,0007-06-19 19:30:00,7,6,19,19,30,130,55,ALEX ANSALDI (RUE),,,Plein jour,En agglomération,Hors intersection,Normale,Deux véhicules - côté,,,,,,,,,,,1,2,1,1,3
200700034570,0007-06-22 16:56:00,7,6,22,16,56,130,55,"146, PAUL CLAUDEL (BOULE",,,Plein jour,En agglomération,Hors intersection,Normale,Autre collision,,,,,,,,,,,1,2,1,1,6
200700034571,0007-06-23 15:15:00,7,6,23,15,15,130,55,"61, CHARRAS (RUE)",,,Plein jour,En agglomération,Intersection en X,Normale,Autre collision,,,,,,,,,,,1,2,2,1,6
200700034572,0007-06-23 20:30:00,7,6,23,20,30,130,55,"301, CORNICHE KENNEDY",,,Plein jour,En agglomération,Hors intersection,Normale,Autre collision,,,,,,,,,,,1,2,1,1,6
200700034573,0007-06-20 19:45:00,7,6,20,19,45,130,55,RAYMOND TEISSERE (RUE),,,Plein jour,En agglomération,Intersection en T,Normale,Deux véhicules - arrière,,,,,,,,,,,1,2,3,1,2
200700034574,0007-06-19 00:45:00,7,6,19,0,45,130,55,"378, MAZARGUES (AVENUE D",,,Nuit avec éclairage allumé,En agglomération,Hors intersection,Normale,Deux véhicules - arrière,,,,,,,,,,,5,2,1,1,2
200700034575,0007-06-17 11:30:00,7,6,17,11,30,130,55,"3, GASTON RAMON (BOULEVA",,,Plein jour,En agglomération,Hors intersection,Normale,Autre collision,,,,,,,,,,,1,2,1,1,6
200700034576,0007-06-16 20:10:00,7,6,16,20,10,130,55,HAMBOURG (BOULEVARD),,,Plein jour,En agglomération,Hors intersection,Normale,Deux véhicules - arrière,,,,,,,,,,,1,2,1,1,2
200700034577,0007-06-09 20:40:00,7,6,9,20,40,130,55,"318, 24 AVRIL 15 (AVENUE",,,Plein jour,En agglomération,Intersection en T,Normale,Deux véhicules - côté,,,,,,,,,,,1,2,3,1,3
200700034578,0007-06-20 13:00:00,7,6,20,13,0,130,55,"46, CROIX ROUGE (AVENUE)",,,Plein jour,En agglomération,Intersection en T,Normale,Deux véhicules - arrière,,,,,,,,,,,1,2,3,1,2
200700034579,0007-06-09 14:40:00,7,6,9,14,40,130,55,", SAINT MARCEL (BOULEVAR",,,Plein jour,Hors agglomération,Hors intersection,Normale,Autre collision,,,,,,,,,,,1,1,1,1,6
200700034580,0007-06-15 22:55:00,7,6,15,22,55,130,55,POMPIDOU (PROMENADE),,,Nuit avec éclairage allumé,En agglomération,Giratoire,Normale,Deux véhicules - côté,,,,,,,,,,,5,2,6,1,3
200700034581,0007-06-06 08:40:00,7,6,6,8,40,130,55,PEINTRES RO (RUE),,,Plein jour,En agglomération,Giratoire,Normale,Deux véhicules - côté,,,,,,,,,,,1,2,6,1,3
200700034582,0007-06-08 16:30:00,7,6,8,16,30,130,55,DÉSIRÉ BIANCO (AVENUE),,,Plein jour,En agglomération,Hors intersection,Normale,Deux véhicules - frontale,,,,,,,,,,,1,2,1,1,1
200700034583,0007-06-19 13:30:00,7,6,19,13,30,130,55,"124, ROGER SALENGRO (AVE",,,Plein jour,Hors agglomération,Hors intersection,Normale,Deux véhicules - arrière,,,,,,,,,,,1,1,1,1,2
200700034584,0007-06-19 17:00:00,7,6,19,17,0,130,55,"60, FRAIS VALLON (AVENUE",,,Plein jour,En agglomération,Hors intersection,Normale,Autre collision,,,,,,,,,,,1,2,1,1,6
200700034585,0007-06-22 18:30:00,7,6,22,18,30,130,55,GAILLARD (BOULEVARD),,,Plein jour,En agglomération,Intersection en T,Normale,Deux véhicules - côté,,,,,,,,,,,1,2,3,1,3
200700034586,0007-06-24 06:50:00,7,6,24,6,50,130,55,HAMBOURG (BOULEVARD),,,Plein jour,En agglomération,Hors intersection,Normale,Autre collision,,,,,,,,,,,1,2,1,1,6
200700034587,0007-06-09 18:15:00,7,6,9,18,15,130,55,"293, HENRI BARNIER (BOUL",,,Plein jour,En agglomération,Hors intersection,Normale,Autre collision,,,,,,,,,,,1,2,1,1,6
200700034588,0007-06-18 08:30:00,7,6,18,8,30,130,55,"13, REDON (BOULEVARD DU)",,,Plein jour,En agglomération,Hors intersection,Normale,Deux véhicules - côté,,,,,,,,,,,1,2,1,1,3
200700034589,0007-06-07 08:20:00,7,6,7,8,20,130,2,"75, ENCO DE BOTTE (ROUTE",,,Plein jour,En agglomération,Hors intersection,Temps couvert,Sans collision,,,,,,,,,,,1,2,1,8,7
200700034590,0007-06-20 16:55:00,7,6,20,16,55,130,55,"107, PRADO (AVENUE DU)",,,Plein jour,En agglomération,Hors intersection,Normale,Deux véhicules - côté,,,,,,,,,,,1,2,1,1,3
200700034591,0007-06-15 16:30:00,7,6,15,16,30,130,55,"82, LÉON BANCAL (RUE)",,,Plein jour,En agglomération,Hors intersection,Normale,Deux véhicules - frontale,,,,,,,,,,,1,2,1,1,1
200700034592,0007-06-19 18:30:00,7,6,19,18,30,130,55,MIRELLE LAUZE (BOULEVARD,,,Plein jour,En agglomération,Giratoire,Normale,Autre collision,,,,,,,,,,,1,2,6,1,6
200700034593,0007-06-19 12:10:00,7,6,19,12,10,130,55,"37, GASTON CREMIEUX (RUE",,,Plein jour,En agglomération,Hors intersection,Normale,Deux véhicules - arrière,,,,,,,,,,,1,2,1,1,2
200700034594,0007-06-23 00:40:00,7,6,23,0,40,130,55,TOULON (AVENUE DE),,,Nuit avec éclairage allumé,En agglomération,Intersection en T,Normale,Deux véhicules - côté,,,,,,,,,,,5,2,3,1,3
200700034595,0007-06-03 11:00:00,7,6,3,11,0,130,55,MIREILLE LAUZE (BOULEVAR,,,Plein jour,En agglomération,Hors intersection,Normale,Autre collision,,,,,,,,,,,1,2,1,1,6
200700034596,0007-06-22 19:20:00,7,6,22,19,20,130,55,"434, PRADO (AVENUE)",,,Plein jour,En agglomération,Hors intersection,Normale,Sans collision,,,,,,,,,,,1,2,1,1,7
200700034597,0007-06-16 19:40:00,7,6,16,19,40,130,55,PIERRE DOIZE  (RUE),,,Plein jour,En agglomération,Giratoire,Normale,Autre collision,,,,,,,,,,,1,2,6,1,6
200700034598,0007-06-23 16:00:00,7,6,23,16,0,130,55,MARÉCHAL DE LATTRE (AVEN,,,Plein jour,En agglomération,Hors intersection,Normale,Deux véhicules - arrière,,,,,,,,,,,1,2,1,1,2
200700034599,0007-06-10 14:00:00,7,6,10,14,0,130,55,MENDES FRANCE (AVENUE),,,Plein jour,En agglomération,Hors intersection,Normale,Deux véhicules - côté,,,,,,,,,,,1,2,1,1,3
200700034600,0007-06-21 19:00:00,7,6,21,19,0,130,55,LAROUSSE (BOULEVARD),,,Plein jour,En agglomération,Hors intersection,Normale,Autre collision,,,,,,,,,,,1,2,1,1,6
200700034601,0007-06-27 16:45:00,7,6,27,16,45,130,55,"111, LIBERATION (BOULEVA",,,Plein jour,En agglomération,Hors intersection,Normale,Deux véhicules - arrière,,,,,,,,,,,1,2,1,1,2
200700034602,0007-06-05 09:00:00,7,6,5,9,0,130,55,"58-60, CHUTES LAVI (AVEN",,,Plein jour,En agglomération,Hors intersection,Normale,Deux véhicules - côté,,,,,,,,,,,1,2,1,1,3
200700034603,0007-06-25 23:45:00,7,6,25,23,45,130,55,CANEBIERE    81 A FIN,,,Nuit avec éclairage allumé,En agglomération,Hors intersection,Normale,Deux véhicules - côté,,,,,,,,,,,5,2,1,1,3
200700034604,0007-06-10 11:15:00,7,6,10,11,15,130,55,GÉNÉRAL DE GAULE (PLACE,,,Plein jour,En agglomération,Hors intersection,Normale,Deux véhicules - arrière,,,,,,,,,,,1,2,1,1,2
200700034605,0007-06-19 18:45:00,7,6,19,18,45,130,55,"92, CORDERIE (BOULEVARD",,,Plein jour,En agglomération,Hors intersection,Normale,Deux véhicules - côté,,,,,,,,,,,1,2,1,1,3
200700034606,0007-06-02 17:30:00,7,6,2,17,30,130,55,CHARLES LIVON (BOULEVARD,,,Plein jour,En agglomération,Intersection en T,Normale,Deux véhicules - côté,,,,,,,,,,,1,2,3,1,3
200700034607,0007-06-10 20:20:00,7,6,10,20,20,130,55,ATHENES (BOULEVARD D'),,,Plein jour,Hors agglomération,Hors intersection,Normale,Deux véhicules - côté,,,,,,,,,,,1,1,1,1,3
200700034608,0007-06-15 13:20:00,7,6,15,13,20,130,55,"FACE 98, LIEUTAUD (COURS",,,Plein jour,En agglomération,Intersection en T,Normale,Deux véhicules - côté,,,,,,,,,,,1,2,3,1,3
200700034609,0007-06-15 18:20:00,7,6,15,18,20,130,55,"164, LIBERATION (BOULEVA",,,Plein jour,En agglomération,Hors intersection,Normale,Deux véhicules - frontale,,,,,,,,,,,1,2,1,1,1
200700034610,0007-06-22 16:35:00,7,6,22,16,35,130,55,LIEUTAUD (COURS)      2,,,Plein jour,En agglomération,Hors intersection,Normale,Deux véhicules - arrière,,,,,,,,,,,1,2,1,1,2
200700034611,0007-06-22 19:00:00,7,6,22,19,0,130,55,LÉON GAMBETTA (ALLEE),,,Plein jour,En agglomération,Intersection en T,Normale,Deux véhicules - frontale,,,,,,,,,,,1,2,3,1,1