accident_id,datetime,annee,mois,jour,heure,minute,departement,commune_insee,adresse,latitude,longitude,luminosite,agglomeration,intersection,meteo,collision,nb_vehicules,nb_usagers,nb_indemnes,nb_tues,nb_blesses_hosp,nb_blesses_legers,age_cond_1,age_cond_2,veh_type_cond_1,veh_type_cond_2,lum_code,agg_code,int_code,atm_code,col_code
200700034612,0007-06-22 17:30:00,7,6,22,17,30,130,55,NATIONAL   1 A 51 (BOULE,,,Plein jour,En agglomération,Hors intersection,Normale,Autre collision,,,,,,,,,,,1,2,1,1,6
200700034613,0007-06-13 12:01:00,7,6,13,12,1,130,55,SAINT JEAN (CHEMIN),,,Plein jour,En agglomération,Intersection en X,Normale,Sans collision,,,,,,,,,,,1,2,2,1,7
200700034614,0007-06-02 07:33:00,7,6,2,7,33,130,55,LACEPEDE (RUE),,,Plein jour,En agglomération,Hors intersection,Normale,Deux véhicules - côté,,,,,,,,,,,1,2,1,1,3
200700034615,0007-06-23 16:25:00,7,6,23,16,25,130,55,"166, LIBERATION (BOULEVA",,,Plein jour,En agglomération,Hors intersection,Normale,Autre collision,,,,,,,,,,,1,2,1,1,6
200700034616,0007-06-19 12:00:00,7,6,19,12,0,130,55,"418, ENDOUME (RUE D')",,,Plein jour,En agglomération,Hors intersection,Normale,Autre collision,,,,,,,,,,,1,2,1,1,6
200700034617,0007-06-08 14:31:00,7,6,8,14,31,130,55,"28, GARIBALDI (BOULEVARD",,,Plein jour,En agglomération,Hors intersection,Normale,Sans collision,,,,,,,,,,,1,2,1,1,7
200700034618,0007-06-07 18:45:00,7,6,7,18,45,130,55,ALEX. FLEMING (BOULEVARD,,,Plein jour,En agglomération,Hors intersection,Normale,Trois véhicules et plus - en chaîne,,,,,,,,,,,1,2,1,1,4
200700034619,0007-06-07 09:11:00,7,6,7,9,11,130,55,"72, LIEUTAUD (COURS)",,,Plein jour,En agglomération,Hors intersection,Normale,Deux véhicules - côté,,,,,,,,,,,1,2,1,1,3
200700034620,0007-06-11 15:11:00,7,6,11,15,11,130,55,"397, CORNICHE KENNEDY",,,Plein jour,En agglomération,Hors intersection,Normale,Deux véhicules - arrière,,,,,,,,,,,1,2,1,1,2
200700034621,0007-06-20 08:01:00,7,6,20,8,1,130,55,"01, PARIS (BOULEVARD DE)",,,Plein jour,En agglomération,Hors intersection,Normale,Deux véhicules - arrière,,,,,,,,,,,1,2,1,1,2
200700034622,0007-06-23 08:15:00,7,6,23,8,15,130,55,MADRAGUE VILLE (RUE),,,Plein jour,En agglomération,Hors intersection,Normale,Autre collision,,,,,,,,,,,1,2,1,1,6
200700034623,0007-06-13 19:55:00,7,6,13,19,55,130,55,"40, CHUTES LAVI (AVENUE)",,,Plein jour,En agglomération,Intersection en T,Normale,Deux véhicules - côté,,,,,,,,,,,1,2,3,1,3
200700034624,0007-06-20 18:30:00,7,6,20,18,30,130,55,"2, ARMENY (RUE D')",,,Plein jour,En agglomération,Hors intersection,Normale,Deux véhicules - côté,,,,,,,,,,,1,2,1,1,3
200700034625,0007-06-13 17:00:00,7,6,13,17,0,130,55,VISTE (AVENUE DE LA),,,Plein jour,En agglomération,Hors intersection,Normale,Deux véhicules - côté,,,,,,,,,,,1,2,1,1,3
200700034626,0007-06-21 10:40:00,7,6,21,10,40,130,55,ALPHONSE DAUDET (RUE),,,Plein jour,En agglomération,Intersection en T,Normale,Deux véhicules - côté,,,,,,,,,,,1,2,3,1,3
200700034627,0007-06-26 13:45:00,7,6,26,13,45,130,55,ALPHONSE DAUDET (RUE),,,Plein jour,En agglomération,Intersection en T,Normale,Deux véhicules - côté,,,,,,,,,,,1,2,3,1,3
200700034628,0007-06-20 17:00:00,7,6,20,17,0,130,55,"110, MADRAGUE VILLE (RUE",,,Plein jour,En agglomération,Hors intersection,Normale,Deux véhicules - côté,,,,,,,,,,,1,2,1,1,3
200700034629,0007-06-22 11:00:00,7,6,22,11,0,130,55,PORT (QUAI DU),,,Plein jour,En agglomération,Hors intersection,Normale,Deux véhicules - côté,,,,,,,,,,,1,2,1,1,3
200700034630,0007-06-23 14:00:00,7,6,23,14,0,130,55,"0, ROLAND DORGELES (BOUL",,,Plein jour,En agglomération,Hors intersection,Normale,Autre collision,,,,,,,,,,,1,2,1,1,6
200700034631,0007-06-15 06:30:00,7,6,15,6,30,130,55,"20, LAZARET (QUAI DU)",,,Plein jour,En agglomération,Hors intersection,Normale,Deux véhicules - frontale,,,,,,,,,,,1,2,1,1,1
200700034632,0007-06-17 18:30:00,7,6,17,18,30,130,55,FRAIS VALLON (AVENUE),,,Plein jour,En agglomération,Hors intersection,Normale,Deux véhicules - arrière,,,,,,,,,,,1,2,1,1,2
200700034633,0007-06-26 05:20:00,7,6,26,5,20,130,55,"14, FRIEDLAND (RUE)",,,Crépuscule ou aube,En agglomération,Hors intersection,Normale,Autre collision,,,,,,,,,,,2,2,1,1,6
200700034634,0007-06-24 02:30:00,7,6,24,2,30,130,55,ROME (RUE DE),,,Nuit avec éclairage allumé,En agglomération,Intersection en X,Normale,Deux véhicules - côté,,,,,,,,,,,5,2,2,1,3
200700034635,0007-06-29 14:55:00,7,6,29,14,55,130,2,"00, ETIENNE CUCCA-CD908",,,Plein jour,En agglomération,Hors intersection,Normale,Deux véhicules - frontale,,,,,,,,,,,1,2,1,1,1
200700034636,0007-06-29 17:40:00,7,6,29,17,40,130,55,FÉLIX PYAT (RUE),,,Plein jour,En agglomération,Hors intersection,Normale,Deux véhicules - côté,,,,,,,,,,,1,2,1,1,3
200700034637,0007-06-30 21:30:00,7,6,30,21,30,130,55,"136, COMMANDANT ROLLAND",,,Nuit avec éclairage allumé,En agglomération,Hors intersection,Normale,Sans collision,,,,,,,,,,,5,2,1,1,7
200700034638,0007-06-22 16:45:00,7,6,22,16,45,130,55,"58, LARRAT (BOULEVARD)",,,Plein jour,En agglomération,Hors intersection,Normale,Deux véhicules - côté,,,,,,,,,,,1,2,1,1,3
200700034639,0007-06-26 16:25:00,7,6,26,16,25,130,55,"33, MONTAIGNE (RUE)",,,Plein jour,En agglomération,Hors intersection,Normale,Autre collision,,,,,,,,,,,1,2,1,1,6
200700034640,0007-06-19 10:15:00,7,6,19,10,15,130,55,BAILLE (BOULEVARD),,,Plein jour,En agglomération,Intersection en X,Normale,Deux véhicules - arrière,,,,,,,,,,,1,2,2,1,2
200700034641,0007-06-26 19:00:00,7,6,26,19,0,130,55,BOURRELY (CHEMIN DES),,,Plein jour,En agglomération,Hors intersection,Normale,Deux véhicules - côté,,,,,,,,,,,1,2,1,1,3
200700034642,0007-06-04 00:01:00,7,6,4,0,1,130,55,"52, LYON (RUE DE)",,,Nuit avec éclairage allumé,En agglomération,Hors intersection,Normale,Autre collision,,,,,,,,,,,5,2,1,1,6
200700034643,0007-06-11 12:25:00,7,6,11,12,25,130,55,PEINTRES ROUX (AVENUE DE,,,Plein jour,En agglomération,Hors intersection,Normale,Deux véhicules - arrière,,,,,,,,,,,1,2,1,1,2
200700034644,0007-06-25 17:00:00,7,6,25,17,0,130,55,"467, PRADO (AVENUE)",,,Plein jour,En agglomération,Hors intersection,Normale,Trois véhicules et plus - collisions multiples,,,,,,,,,,,1,2,1,1,5
200700034645,0007-06-11 10:30:00,7,6,11,10,30,130,55,ROMAIN ROLLAND (BOULEVAR,,,Plein jour,En agglomération,Hors intersection,Normale,Deux véhicules - côté,,,,,,,,,,,1,2,1,1,3
200700034646,0007-06-20 15:15:00,7,6,20,15,15,130,55,"17, SAINT SAVOURNIN (RUE",,,Plein jour,En agglomération,Hors intersection,Normale,Deux véhicules - arrière,,,,,,,,,,,1,2,1,1,2
200700034647,0007-06-21 12:15:00,7,6,21,12,15,130,55,"84, CURIOL (RUE)",,,Plein jour,En agglomération,Hors intersection,Normale,Autre collision,,,,,,,,,,,1,2,1,1,6
200700034648,0007-06-27 12:30:00,7,6,27,12,30,130,55,"50, ROGER SALENGRO (AVEN",,,Plein jour,En agglomération,Hors intersection,Normale,Deux véhicules - côté,,,,,,,,,,,1,2,1,1,3
200700034649,0007-06-25 14:15:00,7,6,25,14,15,130,55,"35, SAINT JEAN (AVENUE D",,,Plein jour,En agglomération,Hors intersection,Normale,Deux véhicules - frontale,,,,,,,,,,,1,2,1,1,1
200700034650,0007-06-18 12:30:00,7,6,18,12,30,130,55,"568, LITTORAL (CHEMIN DU",,,Plein jour,En agglomération,Hors intersection,Normale,Autre collision,,,,,,,,,,,1,2,1,1,6
200700034651,0007-06-11 16:30:00,7,6,11,16,30,130,55,FENOUIL (BOULEVARD),,,Plein jour,En agglomération,Hors intersection,Normale,Deux véhicules - côté,,,,,,,,,,,1,2,1,1,3
200700034652,0007-06-22 17:50:00,7,6,22,17,50,130,55,LAVERAN (BOULEVARD DU),,,Plein jour,En agglomération,Hors intersection,Normale,Deux véhicules - côté,,,,,,,,,,,1,2,1,1,3
200700034653,0007-06-22 14:30:00,7,6,22,14,30,130,55,ALEX ANSALDI (RUE),,,Plein jour,En agglomération,Intersection en T,Normale,Deux véhicules - côté,,,,,,,,,,,1,2,3,1,3
200700034654,0007-06-26 18:05:00,7,6,26,18,5,130,55,PRADO (AVENUE),,,Plein jour,En agglomération,Intersection en X,Normale,Deux véhicules - côté,,,,,,,,,,,1,2,2,1,3
200700034655,0007-06-26 10:30:00,7,6,26,10,30,130,55,GOUFFE (COURS),,,Plein jour,En agglomération,Hors intersection,Normale,Deux véhicules - côté,,,,,,,,,,,1,2,1,1,3
200700034656,0007-06-25 12:20:00,7,6,25,12,20,130,55,"112, TELLENE (BOULEVARD)",,,Plein jour,En agglomération,Hors intersection,Normale,Deux véhicules - arrière,,,,,,,,,,,1,2,1,1,2
200700034657,0007-06-24 20:10:00,7,6,24,20,10,130,55,BAILLE (BOULEVARD),,,Plein jour,En agglomération,Hors intersection,Normale,Autre collision,,,,,,,,,,,1,2,1,1,6
200700034658,0007-06-19 12:01:00,7,6,19,12,1,130,55,"129, LIBERATION (BOULEVA",,,Plein jour,En agglomération,Hors intersection,Normale,Deux véhicules - côté,,,,,,,,,,,1,2,1,1,3
200700034659,0007-06-29 09:15:00,7,6,29,9,15,130,55,"252, L ARMEE D AFRIQUE (",,,Plein jour,En agglomération,Hors intersection,Normale,Autre collision,,,,,,,,,,,1,2,1,1,6
200700034660,0007-06-27 18:19:00,7,6,27,18,19,130,55,"173, SAINT LOUP (BOULEVA",,,Plein jour,Hors agglomération,Hors intersection,Normale,Autre collision,,,,,,,,,,,1,1,1,1,6
200700034661,0007-06-20 03:00:00,7,6,20,3,0,130,55,"180, SAINT MENET (AVENUE",,,Nuit avec éclairage allumé,Hors agglomération,Hors intersection,Normale,Sans collision,,,,,,,,,,,5,1,1,1,7
200700034662,0007-06-19 07:15:00,7,6,19,7,15,130,55,CHEMIN DU LITTORAL (CHEM,,,Plein jour,En agglomération,Hors intersection,Normale,Trois véhicules et plus - en chaîne,,,,,,,,,,,1,2,1,1,4
200700034663,0007-06-26 16:30:00,7,6,26,16,30,130,55,"93, VALBARELLE (BOULEVAR",,,Plein jour,En agglomération,Hors intersection,Normale,Deux véhicules - côté,,,,,,,,,,,1,2,1,1,3
200700034664,0007-06-10 19:15:00,7,6,10,19,15,130,55,LITTORAL (CHEMIN DU),,,Plein jour,En agglomération,Hors intersection,Normale,Deux véhicules - arrière,,,,,,,,,,,1,2,1,1,2
200700034665,0007-06-28 12:45:00,7,6,28,12,45,130,55,ALEXANDRE DUMAS (RUE),,,Plein jour,En agglomération,Intersection en T,Normale,Deux véhicules - côté,,,,,,,,,,,1,2,3,1,3
200700034666,0007-06-15 17:00:00,7,6,15,17,0,130,55,PERIER (BOULEVARD),,,Plein jour,En agglomération,Intersection en T,Normale,Autre collision,,,,,,,,,,,1,2,3,1,6
200700034667,0007-06-10 17:20:00,7,6,10,17,20,130,75,FRÉDÉRIC CHEVILLON (AVEN,,,Plein jour,En agglomération,Intersection en T,Normale,Deux véhicules - côté,,,,,,,,,,,1,2,3,1,3
200700034668,0007-06-14 13:55:00,7,6,14,13,55,130,55,"164, MILLIERE (BOULEVARD",,,Plein jour,En agglomération,Hors intersection,Normale,Autre collision,,,,,,,,,,,1,2,1,1,6
200700034669,0007-06-20 17:45:00,7,6,20,17,45,130,55,"207, CAPELETTE (AVENUE D",,,Plein jour,En agglomération,Hors intersection,Normale,Autre collision,,,,,,,,,,,1,2,1,1,6
200700034670,0007-06-12 08:10:00,7,6,12,8,10,130,55,"112, ROUVIER (BOULEVARD)",,,Plein jour,En agglomération,Hors intersection,Normale,Autre collision,,,,,,,,,,,1,2,1,1,6
200700034671,0007-06-27 17:45:00,7,6,27,17,45,130,55,"37, CAMILLE PELLETAN (AV",,,Plein jour,En agglomération,Hors intersection,Normale,Trois véhicules et plus - en chaîne,,,,,,,,,,,1,2,1,1,4
200700034672,0007-06-14 17:55:00,7,6,14,17,55,130,55,"93, FRANÇOISE DUPARC (BO",,,Plein jour,En agglomération,Hors intersection,Normale,Autre collision,,,,,,,,,,,1,2,1,1,6
200700034673,0007-06-15 07:35:00,7,6,15,7,35,130,55,"23, FORGES (RUE DES)",,,Plein jour,En agglomération,Hors intersection,Normale,Autre collision,,,,,,,,,,,1,2,1,1,6
200700034674,0007-06-26 09:00:00,7,6,26,9,0,130,55,"177, SAINT PIERRE (RUE)",,,Plein jour,En agglomération,Hors intersection,Normale,Autre collision,,,,,,,,,,,1,2,1,1,6
200700034675,0007-06-28 19:15:00,7,6,28,19,15,130,55,ARNAVON (AVENUE),,,Plein jour,En agglomération,Hors intersection,Normale,Deux véhicules - arrière,,,,,,,,,,,1,2,1,1,2
200700034676,0007-06-16 08:45:00,7,6,16,8,45,130,55,BARA (BOULEVARD),,,Plein jour,En agglomération,Intersection en X,Normale,Deux véhicules - côté,,,,,,,,,,,1,2,2,1,3
200700034677,0007-06-25 12:00:00,7,6,25,12,0,130,55,MARCEAU (PLACE),,,Plein jour,En agglomération,Place,Normale,Autre collision,,,,,,,,,,,1,2,7,1,6
200700034678,0007-06-16 17:01:00,7,6,16,17,1,130,55,"47, FRANCOISE DUPARC (BO",,,Plein jour,En agglomération,Hors intersection,Normale,Sans collision,,,,,,,,,,,1,2,1,1,7
200700034679,0007-06-26 06:00:00,7,6,26,6,0,130,55,"42, TROIS FRERES (RUE DE",,,Crépuscule ou aube,En agglomération,Hors intersection,Normale,Sans collision,,,,,,,,,,,2,2,1,1,7
200700034680,0007-06-23 20:20:00,7,6,23,20,20,130,55,SAINTE MARGUERITE (BOULE,,,Nuit avec éclairage allumé,En agglomération,Intersection en T,Normale,Deux véhicules - côté,,,,,,,,,,,5,2,3,1,3
200700034681,0007-06-29 21:45:00,7,6,29,21,45,130,55,"86, RABATAU (BOULEVARD)",,,Nuit avec éclairage allumé,En agglomération,Hors intersection,Normale,Deux véhicules - côté,,,,,,,,,,,5,2,1,1,3
200700034682,0007-06-29 10:30:00,7,6,29,10,30,130,55,CORSE (AVENUE DE LA),,,Plein jour,En agglomération,Autre intersection,Normale,Autre collision,,,,,,,,,,,1,2,9,1,6
200700034683,0007-06-27 14:15:00,7,6,27,14,15,130,55,CLOT BEY (AVENUE),,,Plein jour,En agglomération,Hors intersection,Temps éblouissant,Deux véhicules - côté,,,,,,,,,,,1,2,1,7,3
200700034684,0007-06-25 08:00:00,7,6,25,8,0,130,55,"82, ALBENIZ (ALLEE)",,,Plein jour,En agglomération,Hors intersection,Normale,Deux véhicules - frontale,,,,,,,,,,,1,2,1,1,1
200700034685,0007-06-10 21:40:00,7,6,10,21,40,130,55,"59A, MONTREDON (AVENUE D",,,Nuit avec éclairage allumé,En agglomération,Hors intersection,Normale,Autre collision,,,,,,,,,,,5,2,1,1,6
200700034686,0007-06-04 17:00:00,7,6,4,17,0,130,55,"88, MAZARGUES (AVENUE DE",,,Plein jour,En agglomération,Hors intersection,Pluie légère,Autre collision,,,,,,,,,,,1,2,1,2,6
200700034687,0007-06-24 15:55:00,7,6,24,15,55,130,55,LÉON LACHAMP (ROUTE),,,Plein jour,Hors agglomération,Hors intersection,Normale,Deux véhicules - côté,,,,,,,,,,,1,1,1,1,3
200700034688,0007-06-12 08:20:00,7,6,12,8,20,130,55,"110, MADRAGUE VILLE (RUE",,,Plein jour,En agglomération,Hors intersection,Normale,Trois véhicules et plus - en chaîne,,,,,,,,,,,1,2,1,1,4
200700034689,0007-06-19 19:05:00,7,6,19,19,5,130,55,HENRI BARNIER (BOULEVARD,,,Plein jour,En agglomération,Hors intersection,Normale,Deux véhicules - côté,,,,,,,,,,,1,2,1,1,3
200700034690,0007-06-02 10:20:00,7,6,2,10,20,130,55,CAPITAINE GEZE (BOULEVAR,,,Plein jour,En agglomération,Hors intersection,Normale,Deux véhicules - côté,,,,,,,,,,,1,2,1,1,3
200700034691,0007-06-21 08:50:00,7,6,21,8,50,130,55,"504, LITTORAL (CHEMIN DU",,,Plein jour,En agglomération,Hors intersection,Normale,Trois véhicules et plus - en chaîne,,,,,,,,,,,1,2,1,1,4
200700034692,0007-06-08 03:00:00,7,6,8,3,0,130,55,JEAN PAUL SARTRE (AVENUE,,,Nuit avec éclairage allumé,En agglomération,Hors intersection,Normale,Deux véhicules - côté,,,,,,,,,,,5,2,1,1,3
200700034693,0007-06-28 16:40:00,7,6,28,16,40,130,55,"39, STRASBOURG (BOULEVAR",,,Plein jour,En agglomération,Hors intersection,Normale,Autre collision,,,,,,,,,,,1,2,1,1,6
200700034694,0007-06-26 07:30:00,7,6,26,7,30,130,55,JOLIOT CURI (RUE),,,Plein jour,En agglomération,Intersection en T,Normale,Deux véhicules - côté,,,,,,,,,,,1,2,3,1,3
200700034695,0007-06-23 19:00:00,7,6,23,19,0,130,55,METRO (BOULEVARD DU),,,Plein jour,En agglomération,Intersection en T,Normale,Deux véhicules - côté,,,,,,,,,,,1,2,3,1,3
200700034696,0007-06-29 14:00:00,7,6,29,14,0,130,55,MAD REMUSAT (RUE),,,Plein jour,En agglomération,Hors intersection,Normale,Autre collision,,,,,,,,,,,1,2,1,1,6
200700034697,0007-06-15 18:35:00,7,6,15,18,35,130,55,RUFFI (RUE DE),,,Plein jour,En agglomération,Hors intersection,Normale,Autre collision,,,,,,,,,,,1,2,1,1,6
200700034698,0007-06-26 12:10:00,7,6,26,12,10,130,55,"302, NATIONAL (BOULEVARD",,,Plein jour,En agglomération,Hors intersection,Normale,Autre collision,,,,,,,,,,,1,2,1,1,6
200700034699,0007-06-02 14:10:00,7,6,2,14,10,130,55,"32, RABATAU (BOULEVARD)",,,Plein jour,En agglomération,Hors intersection,Normale,Trois véhicules et plus - en chaîne,,,,,,,,,,,1,2,1,1,4
200700034700,0007-06-20 10:30:00,7,6,20,10,30,130,55,LUDOVIC LEGRE (AVENUE),,,Plein jour,En agglomération,Hors intersection,Normale,Deux véhicules - frontale,,,,,,,,,,,1,2,1,1,1
200700034701,0007-06-24 10:50:00,7,6,24,10,50,130,55,"86, ROUVIER (BOULEVARD)",,,Plein jour,En agglomération,Hors intersection,Normale,Deux véhicules - frontale,,,,,,,,,,,1,2,1,1,1
200700034702,0007-06-29 17:30:00,7,6,29,17,30,130,55,"48, CANEBIERE    30 A 68",,,Plein jour,En agglomération,Hors intersection,Normale,Sans collision,,,,,,,,,,,1,2,1,1,7
200700034703,0007-06-14 14:10:00,7,6,14,14,10,130,55,"165, LIBERATION (BOULEVA",,,Plein jour,En agglomération,Hors intersection,Normale,Sans collision,,,,,,,,,,,1,2,1,1,7
200700034704,0007-06-20 10:45:00,7,6,20,10,45,130,55,"19, BAILLE (BOULEVARD)",,,Plein jour,En agglomération,Hors intersection,Normale,Autre collision,,,,,,,,,,,1,2,1,1,6
200700034705,0007-06-11 20:35:00,7,6,11,20,35,130,55,"51, BUREL (BOULEVARD)",,,Crépuscule ou aube,En agglomération,Hors intersection,Normale,Autre collision,,,,,,,,,,,2,2,1,1,6
200700034706,0007-06-20 12:00:00,7,6,20,12,0,130,55,HENRI BARNIER (BOULEVARD,,,Plein jour,En agglomération,Hors intersection,Normale,Deux véhicules - côté,,,,,,,,,,,1,2,1,1,3
200700034707,0007-06-30 18:55:00,7,6,30,18,55,130,55,"165, FÉLIX PYAT (RUE)",,,Plein jour,En agglomération,Hors intersection,Normale,Autre collision,,,,,,,,,,,1,2,1,1,6
200700034708,0007-06-14 09:00:00,7,6,14,9,0,130,55,LITTORAL (CHEMIN DU),,,Plein jour,En agglomération,Hors intersection,Normale,Deux véhicules - arrière,,,,,,,,,,,1,2,1,1,2
200700034709,0007-06-12 16:40:00,7,6,12,16,40,130,55,"0, JOURDAN (BOULEVARD)",,,Plein jour,En agglomération,Autre intersection,Normale,Deux véhicules - côté,,,,,,,,,,,1,2,9,1,3
200700034710,0007-06-05 19:50:00,7,6,5,19,50,130,55,LIBERATION (BOULEVARD),,,Plein jour,En agglomération,Intersection en X,Normale,Deux véhicules - côté,,,,,,,,,,,1,2,2,1,3
200700034711,0007-06-30 11:00:00,7,6,30,11,0,130,55,"face 45, MENDES FRANCE (",,,Plein jour,En agglomération,Hors intersection,Normale,Trois véhicules et plus - en chaîne,,,,,,,,,,,1,2,1,1,4
200700034712,0007-06-27 13:30:00,7,6,27,13,30,130,55,"29, CORDERIE (BOULEVARD",,,Plein jour,En agglomération,Hors intersection,Normale,Deux véhicules - arrière,,,,,,,,,,,1,2,1,1,2
200700034713,0007-06-21 14:30:00,7,6,21,14,30,130,55,POMME (BOULEVARD DE LA ),,,Plein jour,En agglomération,Hors intersection,Normale,Deux véhicules - arrière,,,,,,,,,,,1,2,1,1,2
200700034714,0007-06-14 19:15:00,7,6,14,19,15,130,55,"110, LIEUTAUD (COURS)",,,Plein jour,En agglomération,Hors intersection,Normale,Deux véhicules - côté,,,,,,,,,,,1,2,1,1,3
200700034715,0007-06-22 07:10:00,7,6,22,7,10,130,55,", FRANCOISE DUPARC (BOUL",,,Plein jour,En agglomération,Hors intersection,Normale,Deux véhicules - arrière,,,,,,,,,,,1,2,1,1,2
200700034716,0007-06-17 16:30:00,7,6,17,16,30,130,55,SALVADOR ALLENDE (RUE),,,Plein jour,En agglomération,Hors intersection,Normale,Autre collision,,,,,,,,,,,1,2,1,1,6
200700034717,0007-06-14 12:35:00,7,6,14,12,35,130,55,HUVEAUNE (BOULEVARD DE),,,Plein jour,En agglomération,Hors intersection,Normale,Deux véhicules - côté,,,,,,,,,,,1,2,1,1,3
200700034718,0007-06-27 17:10:00,7,6,27,17,10,130,75,"42, PAUL CEZANNE (RUEL)",,,Plein jour,En agglomération,Hors intersection,Normale,Sans collision,,,,,,,,,,,1,2,1,1,7
200700034719,0007-06-27 13:00:00,7,6,27,13,0,130,55,ALAIN SAVARY (ROND-POINT,,,Plein jour,En agglomération,Giratoire,Normale,Deux véhicules - côté,,,,,,,,,,,1,2,6,1,3
200700034720,0007-06-26 08:00:00,7,6,26,8,0,130,55,MIREILLE LAUZE (BOULEVAR,,,Plein jour,En agglomération,Hors intersection,Normale,Sans collision,,,,,,,,,,,1,2,1,1,7
200700034721,0007-06-29 23:10:00,7,6,29,23,10,130,55,PROGRES (RUE DU),,,Nuit avec éclairage allumé,En agglomération,Intersection en X,Normale,Deux véhicules - côté,,,,,,,,,,,5,2,2,1,3
200700034722,0007-06-28 22:00:00,7,6,28,22,0,130,55,"129, LODI (RUE DE)",,,Nuit avec éclairage allumé,En agglomération,Hors intersection,Normale,Autre collision,,,,,,,,,,,5,2,1,1,6
200700034723,0007-06-23 10:20:00,7,6,23,10,20,130,55,"324, MADRAGUE VILLE (RUE",,,Plein jour,En agglomération,Intersection en X,Normale,Autre collision,,,,,,,,,,,1,2,2,1,6
200700034724,0007-06-29 08:15:00,7,6,29,8,15,130,55,"156, FRAIS VALLON (AVENU",,,Plein jour,En agglomération,Hors intersection,Normale,Deux véhicules - côté,,,,,,,,,,,1,2,1,1,3
200700034725,0007-06-27 10:30:00,7,6,27,10,30,130,55,"112, SAINT BARNABE (AVEN",,,Plein jour,En agglomération,Hors intersection,Normale,Autre collision,,,,,,,,,,,1,2,1,1,6
200700034726,0007-06-28 11:30:00,7,6,28,11,30,130,55,"223, PAUL CLAUDEL (BOULE",,,Plein jour,En agglomération,Hors intersection,Normale,Autre collision,,,,,,,,,,,1,2,1,1,6
200700034727,0007-06-24 00:40:00,7,6,24,0,40,130,55,JEAN MONDET (ROND POINT,,,Nuit avec éclairage allumé,En agglomération,Hors intersection,Normale,Autre collision,,,,,,,,,,,5,2,1,1,6
200700034728,0007-06-08 17:40:00,7,6,8,17,40,130,55,"29A, LODI (RUE DE)",,,Plein jour,En agglomération,Hors intersection,Normale,Deux véhicules - arrière,,,,,,,,,,,1,2,1,1,2
200700034729,0007-06-10 11:00:00,7,6,10,11,0,130,55,"12, BRANDIS (RUE)",,,Plein jour,En agglomération,Hors intersection,Normale,Deux véhicules - côté,,,,,,,,,,,1,2,1,1,3
200700034730,0007-06-15 17:30:00,7,6,15,17,30,130,55,"8, JEAN MOULIN (BOULEVAR",,,Plein jour,En agglomération,Hors intersection,Normale,Autre collision,,,,,,,,,,,1,2,1,1,6
200700034731,0007-06-15 21:45:00,7,6,15,21,45,130,55,MENDES FRANCE (AVENUE),,,Nuit avec éclairage allumé,En agglomération,Hors intersection,Normale,Deux véhicules - arrière,,,,,,,,,,,5,2,1,1,2
200700034732,0007-06-24 15:30:00,7,6,24,15,30,130,55,", NATIONAL (BOULEVARD)",,,Plein jour,En agglomération,Intersection en X,Normale,Deux véhicules - côté,,,,,,,,,,,1,2,2,1,3
200700034733,0007-06-24 19:40:00,7,6,24,19,40,130,55,"9, DOCTEUR LÉON PERRIN (",,,Plein jour,En agglomération,Hors intersection,Normale,Deux véhicules - frontale,,,,,,,,,,,1,2,1,1,1
200700034734,0007-06-29 10:00:00,7,6,29,10,0,130,55,"245, AYGALADES (AVENUE D",,,Plein jour,En agglomération,Hors intersection,Normale,Autre collision,,,,,,,,,,,1,2,1,1,6
200700034735,0007-06-30 17:40:00,7,6,30,17,40,130,55,AMPERE (BOULEVARD),,,Plein jour,En agglomération,Hors intersection,Normale,Deux véhicules - côté,,,,,,,,,,,1,2,1,1,3
200700034736,0007-06-21 15:15:00,7,6,21,15,15,130,55,"04, CHARPENTIER (BOULEVA",,,Plein jour,En agglomération,Hors intersection,Normale,Autre collision,,,,,,,,,,,1,2,1,1,6
200700034737,0007-06-29 07:00:00,7,6,29,7,0,130,55,"16, ESTAQUE PLAGE",,,Plein jour,En agglomération,Hors intersection,Normale,Deux véhicules - arrière,,,,,,,,,,,1,2,1,1,2
200700034738,0007-06-29 21:00:00,7,6,29,21,0,130,55,ALEX ANSALDI (RUE),,,Nuit avec éclairage non allumé,En agglomération,Intersection en X,Normale,Deux véhicules - côté,,,,,,,,,,,4,2,2,1,3
200700034739,0007-06-04 21:30:00,7,6,4,21,30,130,55,GAFFAREL (RUE),,,Nuit avec éclairage allumé,En agglomération,Intersection en T,Normale,Deux véhicules - côté,,,,,,,,,,,5,2,3,1,3
200700034740,0007-06-11 07:50:00,7,6,11,7,50,130,55,NATIONAL (BOULEVARD),,,Plein jour,En agglomération,Intersection en Y,Normale,Deux véhicules - côté,,,,,,,,,,,1,2,4,1,3
200700034741,0007-06-15 17:31:00,7,6,15,17,31,130,55,LITTORAL (CHEMIN DU),,,Plein jour,En agglomération,Autre intersection,Normale,Deux véhicules - arrière,,,,,,,,,,,1,2,9,1,2
200700034742,0007-06-20 18:10:00,7,6,20,18,10,130,55,"195, MENDES FRANCE (AVEN",,,Plein jour,En agglomération,Hors intersection,Normale,Autre collision,,,,,,,,,,,1,2,1,1,6
200700034743,0007-06-13 08:10:00,7,6,13,8,10,130,55,GUIBAL (RUE),,,Plein jour,En agglomération,Intersection en T,Normale,Sans collision,,,,,,,,,,,1,2,3,1,7
200700034744,0007-06-19 16:25:00,7,6,19,16,25,130,55,YVES GIROUD (AVENUE),,,Plein jour,En agglomération,Hors intersection,Normale,Autre collision,,,,,,,,,,,1,2,1,1,6
200700034745,0007-06-05 08:30:00,7,6,5,8,30,130,55,JEAN PAUL SARTRE (AVENUE,,,Plein jour,En agglomération,Hors intersection,Normale,Deux véhicules - arrière,,,,,,,,,,,1,2,1,1,2
200700034746,0007-06-26 09:30:00,7,6,26,9,30,130,55,LYON (RUE DE),,,Plein jour,En agglomération,Intersection en X,Normale,Trois véhicules et plus - collisions multiples,,,,,,,,,,,1,2,2,1,5