accident_id,datetime,annee,mois,jour,heure,minute,departement,commune_insee,adresse,latitude,longitude,luminosite,agglomeration,intersection,meteo,collision,nb_vehicules,nb_usagers,nb_indemnes,nb_tues,nb_blesses_hosp,nb_blesses_legers,age_cond_1,age_cond_2,veh_type_cond_1,veh_type_cond_2,lum_code,agg_code,int_code,atm_code,col_code
200700035275,0007-06-27 19:30:00,7,6,27,19,30,330,529,RN 250 (CAMICAS-OUSTALET,,,Crépuscule ou aube,Hors agglomération,Intersection en X,Normale,Deux véhicules - côté,,,,,,,,,,,2,1,2,1,3
200700035276,0007-06-02 19:28:00,7,6,2,19,28,330,63,"16, RUE SAINT VINCENT DE",,,Plein jour,En agglomération,Hors intersection,Normale,Autre collision,,,,,,,,,,,1,2,1,1,6
200700035277,0007-06-02 02:10:00,7,6,2,2,10,330,63,RUE MALBEC,,,Nuit avec éclairage allumé,En agglomération,Intersection en X,Normale,Deux véhicules - côté,,,,,,,,,,,5,2,2,1,3
200700035278,0007-06-01 18:15:00,7,6,1,18,15,330,63,"182, RUE FRANCOIS DE SOU",,,Plein jour,En agglomération,Intersection en X,Normale,Deux véhicules - frontale,,,,,,,,,,,1,2,2,1,1
200700035279,0007-06-02 11:20:00,7,6,2,11,20,330,63,"78, RUE DES FAURES",,,Plein jour,En agglomération,Hors intersection,Normale,Autre collision,,,,,,,,,,,1,2,1,1,6
200700035280,0007-06-04 18:15:00,7,6,4,18,15,330,69,BD PIERRE 1ER,,,Plein jour,En agglomération,Intersection en T,Pluie légère,Deux véhicules - côté,,,,,,,,,,,1,2,3,2,3
200700035281,0007-06-04 11:45:00,7,6,4,11,45,330,63,"118, CRS VICTOR HUGO",,,Plein jour,En agglomération,Hors intersection,Pluie légère,Autre collision,,,,,,,,,,,1,2,1,2,6
200700035282,0007-06-04 15:30:00,7,6,4,15,30,330,63,RUE LHERISSON,,,Plein jour,En agglomération,Intersection en X,Normale,Deux véhicules - arrière,,,,,,,,,,,1,2,2,1,2
200700035283,0007-06-05 08:10:00,7,6,5,8,10,330,63,RUE GUILLAUME LEBLANC,,,Crépuscule ou aube,En agglomération,Intersection en X,Normale,Autre collision,,,,,,,,,,,2,2,2,1,6
200700035284,0007-06-02 19:49:00,7,6,2,19,49,330,318,AVE JEAN JAURES,,,Plein jour,En agglomération,Intersection en T,Normale,Deux véhicules - côté,,,,,,,,,,,1,2,3,1,3
200700035285,0007-06-06 09:55:00,7,6,6,9,55,330,63,"243, CRS DE LA SOMME",,,Plein jour,En agglomération,Hors intersection,Normale,Deux véhicules - arrière,,,,,,,,,,,1,2,1,1,2
200700035286,0007-06-07 17:50:00,7,6,7,17,50,330,63,PRK AUCHAN,,,Plein jour,En agglomération,Hors intersection,Normale,Deux véhicules - côté,,,,,,,,,,,1,2,1,1,3
200700035287,0007-06-07 12:00:00,7,6,7,12,0,330,63,RUE GABRIEL LEGLISE CAUD,,,Plein jour,En agglomération,Intersection en X,Normale,Deux véhicules - côté,,,,,,,,,,,1,2,2,1,3
200700035288,0007-06-02 22:50:00,7,6,2,22,50,330,39,"14, RUE DES FRERES MOGA",,,Nuit avec éclairage allumé,En agglomération,Hors intersection,Normale,Deux véhicules - arrière,,,,,,,,,,,5,2,1,1,2
200700035289,0007-06-02 05:30:00,7,6,2,5,30,330,281,"18, RUE PAUL DOUMER",,,Nuit avec éclairage allumé,En agglomération,Hors intersection,Normale,Autre collision,,,,,,,,,,,5,2,1,1,6
200700035290,0007-06-05 17:10:00,7,6,5,17,10,330,318,RUE EDOUARD HERRIOT,,,Plein jour,En agglomération,Intersection en X,Normale,Trois véhicules et plus - en chaîne,,,,,,,,,,,1,2,2,1,4
200700035291,0007-06-08 18:45:00,7,6,8,18,45,330,63,"50, RUE FURTADO",,,Plein jour,En agglomération,Hors intersection,Normale,Autre collision,,,,,,,,,,,1,2,1,1,6
200700035292,0007-06-09 19:10:00,7,6,9,19,10,330,63,"341, AVE THIERS",,,Plein jour,En agglomération,Hors intersection,Normale,Deux véhicules - arrière,,,,,,,,,,,1,2,1,1,2
200700035293,0007-06-02 07:45:00,7,6,2,7,45,330,281,AVE DE FONCASTEL,,,Plein jour,En agglomération,Intersection en X,Normale,Deux véhicules - côté,,,,,,,,,,,1,2,2,1,3
200700035294,0007-06-10 17:15:00,7,6,10,17,15,330,281,AVE BON AIR,,,Plein jour,En agglomération,Hors intersection,Normale,Deux véhicules - frontale,,,,,,,,,,,1,2,1,1,1
200700035295,0007-06-11 01:30:00,7,6,11,1,30,330,192,"179, RTE DE CANEJAN",,,Nuit avec éclairage allumé,En agglomération,Hors intersection,Normale,Autre collision,,,,,,,,,,,5,2,1,1,6
200700035296,0007-06-11 16:00:00,7,6,11,16,0,330,63,"66, RUE DES AYRES",,,Plein jour,En agglomération,Hors intersection,Normale,Autre collision,,,,,,,,,,,1,2,1,1,6
200700035297,0007-06-11 09:00:00,7,6,11,9,0,330,63,"266, CRS BALGUERIE STUTT",,,Plein jour,En agglomération,Hors intersection,Normale,Deux véhicules - côté,,,,,,,,,,,1,2,1,1,3
200700035298,0007-06-11 13:49:00,7,6,11,13,49,330,63,BD GEORGES POMPIDOU,,,Plein jour,En agglomération,Intersection en X,Normale,Deux véhicules - côté,,,,,,,,,,,1,2,2,1,3
200700035299,0007-06-11 21:20:00,7,6,11,21,20,330,63,RUE KLEBER,,,Plein jour,En agglomération,Intersection en X,Normale,Deux véhicules - arrière,,,,,,,,,,,1,2,2,1,2
200700035300,0007-06-12 15:20:00,7,6,12,15,20,330,63,RUE MANDRON,,,Plein jour,En agglomération,Intersection en X,Normale,Deux véhicules - côté,,,,,,,,,,,1,2,2,1,3
200700035301,0007-06-12 18:00:00,7,6,12,18,0,330,63,PCE AMELIE RABA LEON,,,Plein jour,En agglomération,Intersection en T,Normale,Deux véhicules - côté,,,,,,,,,,,1,2,3,1,3
200700035302,0007-06-12 20:49:00,7,6,12,20,49,330,63,RUE DU TONDU,,,Plein jour,En agglomération,Intersection en X,Normale,Deux véhicules - côté,,,,,,,,,,,1,2,2,1,3
200700035303,0007-06-12 19:45:00,7,6,12,19,45,330,63,"61, AVE D'ARES CAUD",,,Plein jour,En agglomération,Hors intersection,Normale,Autre collision,,,,,,,,,,,1,2,1,1,6
200700035304,0007-06-10 10:36:00,7,6,10,10,36,330,32,AVE DE LA REPUBLIQUE,,,Plein jour,En agglomération,Hors intersection,Normale,Deux véhicules - arrière,,,,,,,,,,,1,2,1,1,2
200700035305,0007-06-09 13:30:00,7,6,9,13,30,330,119,AVE JEAN ZAY,,,Plein jour,En agglomération,Hors intersection,Normale,Trois véhicules et plus - en chaîne,,,,,,,,,,,1,2,1,1,4
200700035306,0007-06-01 16:00:00,7,6,1,16,0,330,249,AVE DES CHAMPS,,,Plein jour,En agglomération,Intersection en X,Normale,Deux véhicules - côté,,,,,,,,,,,1,2,2,1,3
200700035307,0007-06-02 19:00:00,7,6,2,19,0,330,249,AVE DE PARIS,,,Plein jour,En agglomération,Intersection en X,Normale,Deux véhicules - côté,,,,,,,,,,,1,2,2,1,3
200700035308,0007-06-12 08:30:00,7,6,12,8,30,330,63,"80, RUE DE LA BECHADE",,,Plein jour,En agglomération,Hors intersection,Normale,Deux véhicules - côté,,,,,,,,,,,1,2,1,1,3
200700035309,0007-06-12 07:45:00,7,6,12,7,45,330,63,"135, BD MARECHAL LECLERC",,,Plein jour,En agglomération,Hors intersection,Normale,Deux véhicules - côté,,,,,,,,,,,1,2,1,1,3
200700035310,0007-06-07 10:50:00,7,6,7,10,50,330,318,AVE JEAN CORDIER,,,Plein jour,En agglomération,Intersection en X,Normale,Deux véhicules - côté,,,,,,,,,,,1,2,2,1,3
200700035311,0007-06-07 08:15:00,7,6,7,8,15,330,318,AVE MAL DE LATTRE DE TAS,,,Plein jour,En agglomération,Intersection en T,Brouillard / fumée,Trois véhicules et plus - collisions multiples,,,,,,,,,,,1,2,3,5,5
200700035312,0007-06-06 18:00:00,7,6,6,18,0,330,281,AVE EUGENE DELACROIX,,,Plein jour,En agglomération,Intersection en X,Normale,Deux véhicules - côté,,,,,,,,,,,1,2,2,1,3
200700035313,0007-06-12 10:05:00,7,6,12,10,5,330,63,"10, RUE CORPS FRANC POMM",,,Plein jour,En agglomération,Hors intersection,Normale,Autre collision,,,,,,,,,,,1,2,1,1,6
200700035314,0007-06-06 15:20:00,7,6,6,15,20,330,281,AVE ARISTIDE BRIAND,,,Plein jour,En agglomération,Intersection en X,Normale,Deux véhicules - côté,,,,,,,,,,,1,2,2,1,3
200700035315,0007-06-13 16:15:00,7,6,13,16,15,330,63,"347, AVE MAL DE LATTRE T",,,Plein jour,En agglomération,Hors intersection,Normale,Deux véhicules - côté,,,,,,,,,,,1,2,1,1,3
200700035316,0007-06-13 17:20:00,7,6,13,17,20,330,63,RUE JEAN GABRIEL DOMERGU,,,Plein jour,Hors agglomération,Intersection en T,Normale,Deux véhicules - côté,,,,,,,,,,,1,1,3,1,3
200700035317,0007-06-12 20:05:00,7,6,12,20,5,330,69,"19, AVE DU GENERAL LECLE",,,Plein jour,En agglomération,Hors intersection,Normale,Autre collision,,,,,,,,,,,1,2,1,1,6
200700035318,0007-06-13 07:35:00,7,6,13,7,35,330,63,PONT DU GUIT,,,Crépuscule ou aube,En agglomération,Giratoire,Pluie légère,Deux véhicules - côté,,,,,,,,,,,2,2,6,2,3
200700035319,0007-06-13 17:21:00,7,6,13,17,21,330,63,AVE MAL DE LATTRE TASSIG,,,Plein jour,En agglomération,Intersection en X,Normale,Deux véhicules - côté,,,,,,,,,,,1,2,2,1,3
200700035320,0007-06-08 07:50:00,7,6,8,7,50,330,281,AVE DE MAGUDAS,,,Plein jour,En agglomération,Intersection en T,Normale,Deux véhicules - frontale,,,,,,,,,,,1,2,3,1,1
200700035321,0007-06-13 19:00:00,7,6,13,19,0,330,63,CRS DE LA MARNE,,,Plein jour,En agglomération,Intersection en X,Normale,Autre collision,,,,,,,,,,,1,2,2,1,6
200700035322,0007-06-09 22:15:00,7,6,9,22,15,330,281,RUE DU GALUS,,,Nuit avec éclairage allumé,En agglomération,Hors intersection,Normale,Trois véhicules et plus - en chaîne,,,,,,,,,,,5,2,1,1,4
200700035323,0007-06-08 22:43:00,7,6,8,22,43,330,281,AVE DE LA MARNE,,,Nuit avec éclairage allumé,En agglomération,Intersection en X,Normale,Deux véhicules - côté,,,,,,,,,,,5,2,2,1,3
200700035324,0007-06-14 09:10:00,7,6,14,9,10,330,63,PONT DE PIERRE,,,Plein jour,En agglomération,Hors intersection,Normale,Deux véhicules - arrière,,,,,,,,,,,1,2,1,1,2
200700035325,0007-06-14 17:05:00,7,6,14,17,5,330,63,"263, BD DU PRESIDENT WIL",,,Plein jour,En agglomération,Intersection en T,Normale,Autre collision,,,,,,,,,,,1,2,3,1,6
200700035326,0007-06-14 10:40:00,7,6,14,10,40,330,63,"17, CRS DE LA MARNE",,,Plein jour,En agglomération,Hors intersection,Normale,Autre collision,,,,,,,,,,,1,2,1,1,6
200700035327,0007-06-14 11:55:00,7,6,14,11,55,330,63,"1, RUE D'ARMAGNAC",,,Plein jour,En agglomération,Hors intersection,Normale,Deux véhicules - arrière,,,,,,,,,,,1,2,1,1,2
200700035328,0007-06-15 00:45:00,7,6,15,0,45,330,63,"176, BD DU PRESIDENT WIL",,,Nuit avec éclairage allumé,En agglomération,Hors intersection,Normale,Autre collision,,,,,,,,,,,5,2,1,1,6
200700035329,0007-06-14 16:30:00,7,6,14,16,30,330,63,"55, RUE DE L'EPARGNE CAU",,,Plein jour,En agglomération,Hors intersection,Normale,Autre collision,,,,,,,,,,,1,2,1,1,6
200700035330,0007-06-09 13:45:00,7,6,9,13,45,330,69,RTE DU MEDOC,,,Plein jour,En agglomération,Hors intersection,Normale,Deux véhicules - arrière,,,,,,,,,,,1,2,1,1,2
200700035331,0007-06-15 15:10:00,7,6,15,15,10,330,63,"129, AVE THIERS",,,Plein jour,En agglomération,Intersection en X,Normale,Deux véhicules - côté,,,,,,,,,,,1,2,2,1,3
200700035332,0007-06-16 05:10:00,7,6,16,5,10,330,63,BD ANTOINE GAUTIER,,,Nuit avec éclairage allumé,En agglomération,Intersection en X,Normale,Deux véhicules - côté,,,,,,,,,,,5,2,2,1,3
200700035333,0007-06-14 18:10:00,7,6,14,18,10,330,318,RUE GUTENBERG,,,Plein jour,En agglomération,Hors intersection,Normale,Deux véhicules - côté,,,,,,,,,,,1,2,1,1,3
200700035334,0007-06-12 13:05:00,7,6,12,13,5,330,39,"140, AVE DU MARECHAL LEC",,,Plein jour,En agglomération,Hors intersection,Normale,Deux véhicules - côté,,,,,,,,,,,1,2,1,1,3
200700035335,0007-06-18 18:00:00,7,6,18,18,0,330,63,RUE DE CAUDERAN,,,Plein jour,Hors agglomération,Intersection en X,Normale,Deux véhicules - côté,,,,,,,,,,,1,1,2,1,3
200700035336,0007-06-15 09:00:00,7,6,15,9,0,330,119,AVE DES QUATRE PAVILLONS,,,Plein jour,En agglomération,Hors intersection,Normale,Autre collision,,,,,,,,,,,1,2,1,1,6
200700035337,0007-06-14 21:35:00,7,6,14,21,35,330,167,"88, AVE JEAN JAURES",,,Plein jour,En agglomération,Hors intersection,Normale,Autre collision,,,,,,,,,,,1,2,1,1,6
200700035338,0007-06-17 11:25:00,7,6,17,11,25,330,167,"98, CRS GAMBETTA",,,Plein jour,En agglomération,Hors intersection,Pluie légère,Autre collision,,,,,,,,,,,1,2,1,2,6
200700035339,0007-06-13 18:45:00,7,6,13,18,45,330,69,RUE ABEL ANTOUNE,,,Plein jour,En agglomération,Hors intersection,Normale,Autre collision,,,,,,,,,,,1,2,1,1,6
200700035340,0007-06-13 19:20:00,7,6,13,19,20,330,75,AVE JEAN JAURES,,,Plein jour,En agglomération,Intersection en T,Normale,Deux véhicules - côté,,,,,,,,,,,1,2,3,1,3
200700035341,0007-06-08 16:40:00,7,6,8,16,40,330,281,ALL DES ACACIAS,,,Plein jour,En agglomération,Intersection en T,Normale,Deux véhicules - arrière,,,,,,,,,,,1,2,3,1,2
200700035342,0007-06-14 18:32:00,7,6,14,18,32,330,63,CRS DE LA MARNE,,,Plein jour,En agglomération,Intersection en X,Normale,Sans collision,,,,,,,,,,,1,2,2,1,7
200700035343,0007-06-16 23:10:00,7,6,16,23,10,330,318,AVE DE SAIGE,,,Nuit avec éclairage allumé,En agglomération,Hors intersection,Normale,Deux véhicules - arrière,,,,,,,,,,,5,2,1,1,2
200700035344,0007-06-19 21:45:00,7,6,19,21,45,330,167,RUE LEO LAGRANGE,,,Plein jour,En agglomération,Intersection en T,Normale,Deux véhicules - côté,,,,,,,,,,,1,2,3,1,3
200700035345,0007-06-19 18:00:00,7,6,19,18,0,330,63,"112, CRS D'ALSACE ET LOR",,,Plein jour,En agglomération,Hors intersection,Normale,Deux véhicules - côté,,,,,,,,,,,1,2,1,1,3
200700035346,0007-06-19 17:45:00,7,6,19,17,45,330,63,"4, RUE ESPRIT-DES-LOIS",,,Plein jour,En agglomération,Hors intersection,Normale,Deux véhicules - côté,,,,,,,,,,,1,2,1,1,3
200700035347,0007-06-19 18:43:00,7,6,19,18,43,330,63,RUE LAJARTE,,,Plein jour,En agglomération,Intersection en X,Normale,Deux véhicules - côté,,,,,,,,,,,1,2,2,1,3
200700035348,0007-06-18 17:05:00,7,6,18,17,5,330,63,AVE DES TROIS CARDINAUX,,,Plein jour,En agglomération,Hors intersection,Normale,Deux véhicules - arrière,,,,,,,,,,,1,2,1,1,2
200700035349,0007-06-19 22:30:00,7,6,19,22,30,330,63,"95, CRS DE L'YSER",,,Nuit avec éclairage allumé,En agglomération,Hors intersection,Temps couvert,Deux véhicules - côté,,,,,,,,,,,5,2,1,8,3
200700035350,0007-06-11 20:10:00,7,6,11,20,10,330,63,BD GEORGE V,,,Plein jour,En agglomération,Intersection en X,Normale,Autre collision,,,,,,,,,,,1,2,2,1,6
200700035351,0007-06-12 20:20:00,7,6,12,20,20,330,192,CRS DU GENERAL DE GAULLE,,,Plein jour,En agglomération,Intersection en X,Normale,Deux véhicules - côté,,,,,,,,,,,1,2,2,1,3
200700035352,0007-06-13 08:10:00,7,6,13,8,10,330,522,"18, RUE DENFERT-ROCHEREA",,,Crépuscule ou aube,En agglomération,Hors intersection,Normale,Autre collision,,,,,,,,,,,2,2,1,1,6
200700035353,0007-06-19 12:20:00,7,6,19,12,20,330,69,AVE DE LA LIBERATION-CH.,,,Plein jour,En agglomération,Intersection en X,Normale,Deux véhicules - côté,,,,,,,,,,,1,2,2,1,3
200700035354,0007-06-07 13:05:00,7,6,7,13,5,330,281,"22, RUE DU LOGEY",,,Plein jour,En agglomération,Hors intersection,Normale,Trois véhicules et plus - en chaîne,,,,,,,,,,,1,2,1,1,4
200700035355,0007-06-20 07:45:00,7,6,20,7,45,330,63,RUE ABBE DE L'EPEE,,,Plein jour,En agglomération,Intersection en X,Normale,Deux véhicules - côté,,,,,,,,,,,1,2,2,1,3
200700035356,0007-06-17 20:00:00,7,6,17,20,0,330,75,AVE DE L EUROPE,,,Plein jour,En agglomération,Intersection en X,Normale,Deux véhicules - côté,,,,,,,,,,,1,2,2,1,3
200700035357,0007-06-16 19:00:00,7,6,16,19,0,330,522,RUE DU GENERAL ANDRE,,,Plein jour,En agglomération,Intersection en T,Normale,Deux véhicules - côté,,,,,,,,,,,1,2,3,1,3
200700035358,0007-06-17 16:10:00,7,6,17,16,10,330,550,RUE CONDORCET,,,Plein jour,En agglomération,Intersection en X,Normale,Autre collision,,,,,,,,,,,1,2,2,1,6
200700035359,0007-06-18 17:10:00,7,6,18,17,10,330,281,"299, AVE D'ARES",,,Plein jour,En agglomération,Hors intersection,Normale,Deux véhicules - arrière,,,,,,,,,,,1,2,1,1,2
200700035360,0007-06-18 08:35:00,7,6,18,8,35,330,550,RUE DE LA CROIX DE MONJO,,,Plein jour,En agglomération,Hors intersection,Normale,Trois véhicules et plus - en chaîne,,,,,,,,,,,1,2,1,1,4
200700035361,0007-06-18 21:25:00,7,6,18,21,25,330,522,RUE PIERRE NOAILLES,,,Plein jour,En agglomération,Giratoire,Normale,Deux véhicules - arrière,,,,,,,,,,,1,2,6,1,2
200700035362,0007-06-22 11:20:00,7,6,22,11,20,330,63,CRS ARISTIDE BRIAND,,,Plein jour,En agglomération,Intersection en X,Pluie légère,Sans collision,,,,,,,,,,,1,2,2,2,7
200700035363,0007-06-22 17:54:00,7,6,22,17,54,330,63,QUAI DE BRAZZA,,,Plein jour,En agglomération,Hors intersection,Vent fort / tempête,Deux véhicules - côté,,,,,,,,,,,1,2,1,6,3
200700035364,0007-06-22 19:50:00,7,6,22,19,50,330,63,"62, PRK RUE PIERRE TREBO",,,Plein jour,Hors agglomération,Hors intersection,Normale,Deux véhicules - côté,,,,,,,,,,,1,1,1,1,3
200700035365,0007-06-22 18:00:00,7,6,22,18,0,330,63,"101, CRS SAINT LOUIS",,,Plein jour,En agglomération,Hors intersection,Normale,Trois véhicules et plus - en chaîne,,,,,,,,,,,1,2,1,1,4
200700035366,0007-06-22 14:15:00,7,6,22,14,15,330,63,"31, RUE DES ECOLES CAUD",,,Plein jour,En agglomération,Hors intersection,Normale,Autre collision,,,,,,,,,,,1,2,1,1,6
200700035367,0007-06-21 11:55:00,7,6,21,11,55,330,69,"30, AVE DE LA LIBERATION",,,Plein jour,En agglomération,Hors intersection,Normale,Deux véhicules - côté,,,,,,,,,,,1,2,1,1,3
200700035368,0007-06-23 22:50:00,7,6,23,22,50,330,63,BD DU PRESIDENT WILSON,,,Nuit avec éclairage allumé,En agglomération,Intersection en T,Normale,Deux véhicules - arrière,,,,,,,,,,,5,2,3,1,2
200700035369,0007-06-20 10:50:00,7,6,20,10,50,330,318,"57, AVE JEAN JAURES",,,Plein jour,En agglomération,Hors intersection,Normale,Deux véhicules - côté,,,,,,,,,,,1,2,1,1,3
200700035370,0007-06-23 16:00:00,7,6,23,16,0,330,63,"60, RTE DE TOULOUSE",,,Plein jour,En agglomération,Hors intersection,Normale,Trois véhicules et plus - en chaîne,,,,,,,,,,,1,2,1,1,4
200700035371,0007-06-21 14:58:00,7,6,21,14,58,330,318,AVE D'AQUITAINE,,,Plein jour,En agglomération,Intersection en X,Normale,Deux véhicules - côté,,,,,,,,,,,1,2,2,1,3
200700035372,0007-06-21 12:50:00,7,6,21,12,50,330,249,"32, RUE MICHEL MONTAIGNE",,,Plein jour,En agglomération,Hors intersection,Normale,Deux véhicules - côté,,,,,,,,,,,1,2,1,1,3
200700035373,0007-06-22 00:54:00,7,6,22,0,54,330,63,"10, QUAI DE LA SOUYS",,,Nuit avec éclairage allumé,En agglomération,Hors intersection,Normale,Deux véhicules - arrière,,,,,,,,,,,5,2,1,1,2
200700035374,0007-06-25 13:00:00,7,6,25,13,0,330,63,RUE GEORGES MANDEL,,,Plein jour,En agglomération,Intersection en X,Normale,Deux véhicules - côté,,,,,,,,,,,1,2,2,1,3
200700035375,0007-06-25 15:40:00,7,6,25,15,40,330,63,RUE COMMANDANT ARNOULD,,,Plein jour,En agglomération,Intersection en X,Normale,Deux véhicules - côté,,,,,,,,,,,1,2,2,1,3
200700035376,0007-06-25 14:15:00,7,6,25,14,15,330,63,CRS EDOUARD VAILLANT,,,Plein jour,En agglomération,Intersection en X,Normale,Deux véhicules - côté,,,,,,,,,,,1,2,2,1,3
200700035377,0007-06-25 18:00:00,7,6,25,18,0,330,63,PONT EN U,,,Plein jour,En agglomération,Giratoire,Normale,Deux véhicules - côté,,,,,,,,,,,1,2,6,1,3
200700035378,0007-06-25 19:00:00,7,6,25,19,0,330,63,RUE DE LA DAUPHINE CAUD,,,Plein jour,En agglomération,Intersection en T,Normale,Deux véhicules - arrière,,,,,,,,,,,1,2,3,1,2
200700035379,0007-06-21 10:25:00,7,6,21,10,25,330,75,"375, AVE D'AQUITAINE",,,Plein jour,En agglomération,Hors intersection,Normale,Trois véhicules et plus - en chaîne,,,,,,,,,,,1,2,1,1,4
200700035380,0007-06-26 11:10:00,7,6,26,11,10,330,63,RUE DE LA COURSE,,,Plein jour,En agglomération,Intersection en X,Normale,Deux véhicules - côté,,,,,,,,,,,1,2,2,1,3
200700035381,0007-06-21 17:40:00,7,6,21,17,40,330,39,RUE PAULY,,,Plein jour,En agglomération,Intersection en T,Normale,Deux véhicules - côté,,,,,,,,,,,1,2,3,1,3
200700035382,0007-06-21 23:10:00,7,6,21,23,10,330,550,RUE DE CHAMBERY,,,Nuit avec éclairage allumé,En agglomération,Hors intersection,Normale,Autre collision,,,,,,,,,,,5,2,1,1,6
200700035383,0007-06-24 22:35:00,7,6,24,22,35,330,281,AVE ARISTIDE BRIAND,,,Nuit avec éclairage allumé,En agglomération,Intersection en X,Normale,Autre collision,,,,,,,,,,,5,2,2,1,6
200700035384,0007-06-14 19:50:00,7,6,14,19,50,330,281,"100, AVE DE MAGUDAS",,,Plein jour,En agglomération,Intersection en T,Normale,Deux véhicules - côté,,,,,,,,,,,1,2,3,1,3
200700035385,0007-06-26 20:15:00,7,6,26,20,15,330,63,BD GEORGE V,,,Plein jour,En agglomération,Intersection en X,Pluie légère,Deux véhicules - côté,,,,,,,,,,,1,2,2,2,3
200700035386,0007-06-25 08:40:00,7,6,25,8,40,330,249,AVE DE PARIS,,,Plein jour,En agglomération,Hors intersection,Pluie légère,Deux véhicules - arrière,,,,,,,,,,,1,2,1,2,2
200700035387,0007-06-28 14:50:00,7,6,28,14,50,330,63,BD DES FRERES MOGA,,,Plein jour,En agglomération,Hors intersection,Normale,Deux véhicules - côté,,,,,,,,,,,1,2,1,1,3
200700035388,0007-06-27 11:20:00,7,6,27,11,20,330,318,"15, AVE JEAN JAURES",,,Plein jour,En agglomération,Hors intersection,Normale,Autre collision,,,,,,,,,,,1,2,1,1,6
200700035389,0007-06-22 08:45:00,7,6,22,8,45,330,69,AVE DE LA LIBERATION-CH.,,,Plein jour,En agglomération,Intersection en Y,Pluie forte,Deux véhicules - côté,,,,,,,,,,,1,2,4,3,3
200700035390,0007-06-29 17:50:00,7,6,29,17,50,330,63,CRS DE LA MARNE,,,Plein jour,En agglomération,Place,Normale,Autre collision,,,,,,,,,,,1,2,7,1,6
200700035391,0007-06-27 18:30:00,7,6,27,18,30,330,249,QUAI CARRIET,,,Plein jour,En agglomération,Intersection en T,Normale,Deux véhicules - côté,,,,,,,,,,,1,2,3,1,3
200700035392,0007-06-30 18:40:00,7,6,30,18,40,330,63,QUAI DESCHAMPS,,,Plein jour,En agglomération,Intersection en T,Normale,Deux véhicules - côté,,,,,,,,,,,1,2,3,1,3
200700035393,0007-06-27 08:50:00,7,6,27,8,50,330,522,CRS DE LA LIBERATION,,,Plein jour,En agglomération,Giratoire,Normale,Deux véhicules - côté,,,,,,,,,,,1,2,6,1,3
200700035394,0007-06-26 07:55:00,7,6,26,7,55,330,167,VOIE PENETRANTE EST,,,Plein jour,En agglomération,Hors intersection,Normale,Deux véhicules - arrière,,,,,,,,,,,1,2,1,1,2
200700035395,0007-06-29 14:00:00,7,6,29,14,0,330,281,AVE JEAN PERRIN,,,Plein jour,En agglomération,Intersection en Y,Normale,Deux véhicules - côté,,,,,,,,,,,1,2,4,1,3
200700035396,0007-06-30 00:20:00,7,6,30,0,20,330,281,AVE DE LA SOMME,,,Nuit avec éclairage allumé,En agglomération,Hors intersection,Normale,Deux véhicules - arrière,,,,,,,,,,,5,2,1,1,2
200700035397,0007-06-27 08:00:00,7,6,27,8,0,330,281,AVE MARCEL DASSAULT,,,Plein jour,En agglomération,Giratoire,Normale,Deux véhicules - côté,,,,,,,,,,,1,2,6,1,3
200700035398,0007-06-28 08:15:00,7,6,28,8,15,330,281,AVE DE LA FORET,,,Plein jour,En agglomération,Intersection en T,Normale,Deux véhicules - côté,,,,,,,,,,,1,2,3,1,3
200700035399,0007-06-26 18:56:00,7,6,26,18,56,330,39,RUE DENIS PAPIN,,,Plein jour,En agglomération,Hors intersection,Normale,Autre collision,,,,,,,,,,,1,2,1,1,6
200700035400,0007-06-30 10:25:00,7,6,30,10,25,330,75,AVE DES 4 PONTS,,,Plein jour,En agglomération,Intersection en T,Normale,Deux véhicules - arrière,,,,,,,,,,,1,2,3,1,2
200700035401,0007-06-29 19:00:00,7,6,29,19,0,330,69,"72, RTE DU MEDOC",,,Plein jour,En agglomération,Giratoire,Normale,Deux véhicules - côté,,,,,,,,,,,1,2,6,1,3
200700035402,0007-06-28 19:15:00,7,6,28,19,15,330,192,RUE DU MOULINEAU,,,Plein jour,En agglomération,Intersection en X,Normale,Deux véhicules - côté,,,,,,,,,,,1,2,2,1,3
200700035403,0007-06-10 01:20:00,7,6,10,1,20,330,243,"69, GAULLE(AVENUE DU GEN",,,Nuit avec éclairage allumé,En agglomération,Intersection en T,Pluie légère,Trois véhicules et plus - en chaîne,,,,,,,,,,,5,2,3,2,4
200700035404,0007-06-13 22:20:00,7,6,13,22,20,330,243,"67, GAULLE(AVENUE DU GEN",,,Nuit avec éclairage allumé,En agglomération,Intersection en T,Normale,Deux véhicules - frontale,,,,,,,,,,,5,2,3,1,1
200700035405,0007-06-20 22:10:00,7,6,20,22,10,330,243,BOULIN(ALLEES ROBERT),,,Nuit avec éclairage allumé,En agglomération,Hors intersection,Pluie légère,Autre collision,,,,,,,,,,,5,2,1,2,6
200700035406,0007-06-02 17:00:00,7,6,2,17,0,340,3,CASSIN (J18 A I20,,,Plein jour,Hors agglomération,Hors intersection,Normale,Deux véhicules - côté,,,,,,,,,,,1,1,1,1,3
200700035407,0007-06-21 18:00:00,7,6,21,18,0,340,3,"san,s N°, BUTTE (F18 A G",,,Plein jour,En agglomération,Hors intersection,Normale,Deux véhicules - côté,,,,,,,,,,,1,2,1,1,3
200700035408,0007-06-28 09:00:00,7,6,28,9,0,340,3,RD32,,,Plein jour,Hors agglomération,Autre intersection,Normale,Sans collision,,,,,,,,,,,1,1,9,1,7
200700035409,0007-06-26 10:20:00,7,6,26,10,20,340,3,"28, BEAULIEU (Q4 A S4",,,Plein jour,En agglomération,Hors intersection,Normale,Deux véhicules - côté,,,,,,,,,,,1,2,1,1,3
200700035410,0007-06-01 09:24:00,7,6,1,9,24,340,32,"91, WILSON PRESIDENT (AV",,,Plein jour,En agglomération,Hors intersection,Normale,Trois véhicules et plus - collisions multiples,,,,,,,,,,,1,2,1,1,5