accident_id,datetime,annee,mois,jour,heure,minute,departement,commune_insee,adresse,latitude,longitude,luminosite,agglomeration,intersection,meteo,collision,nb_vehicules,nb_usagers,nb_indemnes,nb_tues,nb_blesses_hosp,nb_blesses_legers,age_cond_1,age_cond_2,veh_type_cond_1,veh_type_cond_2,lum_code,agg_code,int_code,atm_code,col_code
200700035677,0007-06-01 18:54:00,7,6,1,18,54,420,218,BASTIN MARCEL (ROND POIN,,,Plein jour,En agglomération,Giratoire,Normale,Trois véhicules et plus - collisions multiples,,,,,,,,,,,1,2,6,1,5
200700035678,0007-06-01 16:20:00,7,6,1,16,20,420,218,"50, DAGUERRE",,,Plein jour,En agglomération,Hors intersection,Normale,Deux véhicules - arrière,,,,,,,,,,,1,2,1,1,2
200700035679,0007-06-04 08:00:00,7,6,4,8,0,420,218,TALAUDIERE (DE LA) A PAR,,,Plein jour,En agglomération,Hors intersection,Normale,Trois véhicules et plus - en chaîne,,,,,,,,,,,1,2,1,1,4
200700035680,0007-06-08 15:22:00,7,6,8,15,22,420,223,"4, MONTBRISON",,,Plein jour,En agglomération,Intersection en T,Normale,Deux véhicules - côté,,,,,,,,,,,1,2,3,1,3
200700035681,0007-06-09 11:00:00,7,6,9,11,0,420,305,"02, STADE",,,Plein jour,En agglomération,Hors intersection,Normale,Autre collision,,,,,,,,,,,1,2,1,1,6
200700035682,0007-06-14 11:15:00,7,6,14,11,15,420,218,"0000000001, SCHEURER KES",,,Plein jour,En agglomération,Hors intersection,Normale,Deux véhicules - côté,,,,,,,,,,,1,2,1,1,3
200700035683,0007-06-15 00:05:00,7,6,15,0,5,420,218,VIVARAIZE (DE LA) A PART,,,Nuit avec éclairage allumé,En agglomération,Intersection en X,Normale,Deux véhicules - frontale,,,,,,,,,,,5,2,2,1,1
200700035684,0007-06-15 12:30:00,7,6,15,12,30,420,218,CHOLAT CHARLES,,,Plein jour,Hors agglomération,Intersection en X,Temps couvert,Deux véhicules - côté,,,,,,,,,,,1,1,2,8,3
200700035685,0007-06-15 16:45:00,7,6,15,16,45,420,189,Rond point de Dourdel,,,Plein jour,En agglomération,Hors intersection,Normale,Deux véhicules - côté,,,,,,,,,,,1,2,1,1,3
200700035686,0007-06-15 07:51:00,7,6,15,7,51,420,189,"0000000001, Départementa",,,Plein jour,En agglomération,Hors intersection,Pluie légère,Trois véhicules et plus - en chaîne,,,,,,,,,,,1,2,1,2,4
200700035687,0007-06-15 08:56:00,7,6,15,8,56,420,218,"28, CHANCE",,,Plein jour,En agglomération,Intersection en X,Pluie légère,Deux véhicules - côté,,,,,,,,,,,1,2,2,2,3
200700035688,0007-06-16 15:13:00,7,6,16,15,13,420,218,TALAUDIERE (DE LA) A PAR,,,Plein jour,En agglomération,Intersection en X,Normale,Deux véhicules - frontale,,,,,,,,,,,1,2,2,1,1
200700035689,0007-06-16 20:02:00,7,6,16,20,2,420,218,"22, TERRENOIRE (DE) DES",,,Plein jour,En agglomération,Intersection en T,Normale,Deux véhicules - côté,,,,,,,,,,,1,2,3,1,3
200700035690,0007-06-18 12:35:00,7,6,18,12,35,420,218,"14, MULATIERE (DE LA) JU",,,Plein jour,En agglomération,Intersection en T,Normale,Deux véhicules - côté,,,,,,,,,,,1,2,3,1,3
200700035691,0007-06-18 16:43:00,7,6,18,16,43,420,218,PORT (DU),,,Plein jour,En agglomération,Hors intersection,Normale,Sans collision,,,,,,,,,,,1,2,1,1,7
200700035692,0007-06-19 09:20:00,7,6,19,9,20,420,218,"face au 18, TERRENOIRE (",,,Plein jour,En agglomération,Hors intersection,Normale,Trois véhicules et plus - collisions multiples,,,,,,,,,,,1,2,1,1,5
200700035693,0007-06-19 08:55:00,7,6,19,8,55,420,189,Départementale 3,,,Plein jour,Hors agglomération,Hors intersection,Normale,Trois véhicules et plus - collisions multiples,,,,,,,,,,,1,1,1,1,5
200700035694,0007-06-19 19:30:00,7,6,19,19,30,420,218,"78, SABLIERE (DE LA)",,,Plein jour,En agglomération,Hors intersection,Normale,Autre collision,,,,,,,,,,,1,2,1,1,6
200700035695,0007-06-20 12:55:00,7,6,20,12,55,420,218,"0000000001, DE LATTRE DE",,,Plein jour,En agglomération,Hors intersection,Normale,Sans collision,,,,,,,,,,,1,2,1,1,7
200700035696,0007-06-21 18:47:00,7,6,21,18,47,420,218,"50, NORMANDIE NIEMEN A P",,,Plein jour,En agglomération,Hors intersection,Normale,Deux véhicules - arrière,,,,,,,,,,,1,2,1,1,2
200700035697,0007-06-25 10:41:00,7,6,25,10,41,420,218,"0000000035, DAGUERRE",,,Plein jour,En agglomération,Hors intersection,Temps couvert,Trois véhicules et plus - en chaîne,,,,,,,,,,,1,2,1,8,4
200700035698,0007-06-20 13:40:00,7,6,20,13,40,420,218,ROOSEVELT FRANKLIN (SQUA,,,Plein jour,En agglomération,Autre intersection,Normale,Autre collision,,,,,,,,,,,1,2,9,1,6
200700035699,0007-06-30 18:00:00,7,6,30,18,0,420,218,"1, ARCOLE A PARTIR DES N",,,Plein jour,En agglomération,Intersection en X,Normale,Deux véhicules - côté,,,,,,,,,,,1,2,2,1,3
200700035700,0007-06-30 18:01:00,7,6,30,18,1,420,218,"83, SAINT SIMON",,,Plein jour,En agglomération,Hors intersection,Normale,Sans collision,,,,,,,,,,,1,2,1,1,7
200700035701,0007-06-05 18:45:00,7,6,5,18,45,430,46,"0, RODERIE (ROUTE DE)",,,Plein jour,En agglomération,Hors intersection,Normale,Autre collision,,,,,,,,,,,1,2,1,1,6
200700035702,0007-06-07 12:10:00,7,6,7,12,10,430,46,CHAMPS-ELYSEES (AVENUE D,,,Plein jour,En agglomération,Giratoire,Normale,Deux véhicules - côté,,,,,,,,,,,1,2,6,1,3
200700035703,0007-06-09 14:50:00,7,6,9,14,50,430,251,VALS (AVENUE DE),,,Plein jour,En agglomération,Hors intersection,Normale,Autre collision,,,,,,,,,,,1,2,1,1,6
200700035704,0007-06-19 18:05:00,7,6,19,18,5,430,2,"11, BONNEVILLE (AVENUE D",,,Plein jour,En agglomération,Hors intersection,Normale,Deux véhicules - arrière,,,,,,,,,,,1,2,1,1,2
200700035705,0007-06-22 05:40:00,7,6,22,5,40,430,251,SAINT CHRISTOPHE (ROUTE,,,Crépuscule ou aube,Hors agglomération,Hors intersection,Normale,Autre collision,,,,,,,,,,,2,1,1,1,6
200700035706,0007-06-29 23:00:00,7,6,29,23,0,430,157,BREUIL (BD DU),,,Nuit avec éclairage allumé,En agglomération,Hors intersection,Normale,Autre collision,,,,,,,,,,,5,2,1,1,6
200700035707,0007-06-30 11:45:00,7,6,30,11,45,430,157,"6, DE GAULLE (AV. GENERA",,,Plein jour,En agglomération,Hors intersection,Normale,Autre collision,,,,,,,,,,,1,2,1,1,6
200700035708,0007-06-03 02:55:00,7,6,3,2,55,440,55,RÉZAC ( ROUTE DE ),,,Nuit avec éclairage allumé,En agglomération,Hors intersection,Normale,Autre collision,,,,,,,,,,,5,2,1,1,6
200700035709,0007-06-07 13:26:00,7,6,7,13,26,440,55,MULES ( CHEMIN DES ),,,Plein jour,En agglomération,Hors intersection,Normale,Autre collision,,,,,,,,,,,1,2,1,1,6
200700035710,0007-06-09 17:30:00,7,6,9,17,30,440,135,GARE ( RUE DE LA ),,,Plein jour,En agglomération,Hors intersection,Normale,Autre collision,,,,,,,,,,,1,2,1,1,6
200700035711,0007-06-13 12:55:00,7,6,13,12,55,440,55,"1, CLEMENCEAU ( AVENUE G",,,Plein jour,En agglomération,Hors intersection,Normale,Autre collision,,,,,,,,,,,1,2,1,1,6
200700035712,0007-06-19 11:50:00,7,6,19,11,50,440,132,"92, ST NAZAIRE (BOULEVAR",,,Plein jour,En agglomération,Hors intersection,Normale,Autre collision,,,,,,,,,,,1,2,1,1,6
200700035713,0007-06-23 04:28:00,7,6,23,4,28,440,55,"124, CAILLAUD ( BOULEVAR",,,Nuit avec éclairage non allumé,En agglomération,Hors intersection,Normale,Autre collision,,,,,,,,,,,4,2,1,1,6
200700035714,0007-06-27 04:02:00,7,6,27,4,2,440,55,"127, LATTRE DE TASSIGNY",,,Nuit avec éclairage non allumé,En agglomération,Hors intersection,Normale,Autre collision,,,,,,,,,,,4,2,1,1,6
200700035715,0007-06-24 05:55:00,7,6,24,5,55,440,55,"3, SALINES ( IMPASSE DES",,,Plein jour,En agglomération,Hors intersection,Normale,Autre collision,,,,,,,,,,,1,2,1,1,6
200700035716,0007-06-05 17:35:00,7,6,5,17,35,440,162,"272, BOULEVARD MARCEL PA",,,Plein jour,En agglomération,Hors intersection,Normale,Deux véhicules - côté,,,,,,,,,,,1,2,1,1,3
200700035717,0007-06-01 16:35:00,7,6,1,16,35,440,109,"3, RUE DE POLOGNE",,,Plein jour,En agglomération,Hors intersection,Normale,Deux véhicules - côté,,,,,,,,,,,1,2,1,1,3
200700035718,0007-06-03 06:40:00,7,6,3,6,40,440,109,RUE DE LA GRANGE AU LOUP,,,Crépuscule ou aube,En agglomération,Hors intersection,Normale,Autre collision,,,,,,,,,,,2,2,1,1,6
200700035719,0007-06-04 12:22:00,7,6,4,12,22,440,162,"1, BOULEVARD SALVADOR AL",,,Plein jour,En agglomération,Passage à niveau,Normale,Deux véhicules - côté,,,,,,,,,,,1,2,8,1,3
200700035720,0007-06-04 14:00:00,7,6,4,14,0,440,143,MOUILLE (RUE AUGUSTIN),,,Plein jour,En agglomération,Intersection en T,Normale,Autre collision,,,,,,,,,,,1,2,3,1,6
200700035721,0007-06-01 12:00:00,7,6,1,12,0,440,109,"00, BOULEVARD GABRIEL GU",,,Plein jour,En agglomération,Intersection en T,Normale,Autre collision,,,,,,,,,,,1,2,3,1,6
200700035722,0007-06-04 16:00:00,7,6,4,16,0,440,109,BOULEVARD RENE CASSIN,,,Plein jour,En agglomération,Hors intersection,Normale,Autre collision,,,,,,,,,,,1,2,1,1,6
200700035723,0007-06-01 23:30:00,7,6,1,23,30,440,109,"0, BOULEVARD VICTOR HUGO",,,Nuit avec éclairage allumé,En agglomération,Hors intersection,Pluie légère,Autre collision,,,,,,,,,,,5,2,1,2,6
200700035724,0007-06-04 17:35:00,7,6,4,17,35,440,190,"32, RUE DES BOIS",,,Plein jour,En agglomération,Hors intersection,Normale,Autre collision,,,,,,,,,,,1,2,1,1,6
200700035725,0007-06-05 18:45:00,7,6,5,18,45,440,162,"1, BOULEVARD SALVADOR AL",,,Plein jour,En agglomération,Giratoire,Normale,Deux véhicules - côté,,,,,,,,,,,1,2,6,1,3
200700035726,0007-06-06 17:10:00,7,6,6,17,10,440,109,RUE GAMBETTA,,,Plein jour,En agglomération,Hors intersection,Normale,Autre collision,,,,,,,,,,,1,2,1,1,6
200700035727,0007-06-06 11:35:00,7,6,6,11,35,440,109,BOULEVARD DES ANGLAIS,,,Plein jour,En agglomération,Hors intersection,Normale,Deux véhicules - arrière,,,,,,,,,,,1,2,1,1,2
200700035728,0007-06-05 16:55:00,7,6,5,16,55,440,109,"0, PONT DE CHEVIRE",,,Plein jour,Hors agglomération,Hors intersection,Normale,Trois véhicules et plus - en chaîne,,,,,,,,,,,1,1,1,1,4
200700035729,0007-06-07 17:55:00,7,6,7,17,55,440,109,BOULEVARD DE LA PRAIRIE,,,Plein jour,Hors agglomération,Hors intersection,Normale,Deux véhicules - côté,,,,,,,,,,,1,1,1,1,3
200700035730,0007-06-08 12:55:00,7,6,8,12,55,440,109,"0, QUAI HENRI BARBUSSE",,,Plein jour,En agglomération,Intersection en T,Normale,Deux véhicules - côté,,,,,,,,,,,1,2,3,1,3
200700035731,0007-06-08 20:50:00,7,6,8,20,50,440,109,"Néant, ROUTE DE PARIS",,,Plein jour,En agglomération,Hors intersection,Normale,Autre collision,,,,,,,,,,,1,2,1,1,6
200700035732,0007-06-10 22:30:00,7,6,10,22,30,440,109,COURS FRANKLIN ROOSEVELT,,,Nuit avec éclairage allumé,En agglomération,Hors intersection,Normale,Autre collision,,,,,,,,,,,5,2,1,1,6
200700035733,0007-06-13 14:45:00,7,6,13,14,45,440,109,"10, RUE DE BARBOTTE",,,Plein jour,En agglomération,Hors intersection,Normale,Autre collision,,,,,,,,,,,1,2,1,1,6
200700035734,0007-06-13 12:20:00,7,6,13,12,20,440,109,RUE DES DERVALLIERES,,,Plein jour,En agglomération,Intersection en T,Normale,Deux véhicules - côté,,,,,,,,,,,1,2,3,1,3
200700035735,0007-06-07 23:00:00,7,6,7,23,0,440,162,"1, AVENUE COLONAC",,,Nuit avec éclairage allumé,En agglomération,Hors intersection,Normale,Deux véhicules - arrière,,,,,,,,,,,5,2,1,1,2
200700035736,0007-06-08 20:15:00,7,6,8,20,15,440,109,RUE ROMAIN ROLLAND,,,Plein jour,En agglomération,Hors intersection,Normale,Autre collision,,,,,,,,,,,1,2,1,1,6
200700035737,0007-06-14 17:50:00,7,6,14,17,50,440,162,BOULEVARD DU MASSACRE,,,Plein jour,En agglomération,Hors intersection,Pluie légère,Autre collision,,,,,,,,,,,1,2,1,2,6
200700035738,0007-06-15 12:50:00,7,6,15,12,50,440,109,"Néant, PLACE VIARME",,,Plein jour,En agglomération,Hors intersection,Pluie légère,Autre collision,,,,,,,,,,,1,2,1,2,6
200700035739,0007-06-16 21:20:00,7,6,16,21,20,440,109,RUE LA TOUR D'AUVERGNE,,,Plein jour,En agglomération,Intersection en X,Normale,Autre collision,,,,,,,,,,,1,2,2,1,6
200700035740,0007-06-18 11:34:00,7,6,18,11,34,440,109,RUE DU PONT SAUVETOUT,,,Plein jour,En agglomération,Hors intersection,Normale,Autre collision,,,,,,,,,,,1,2,1,1,6
200700035741,0007-06-14 18:05:00,7,6,14,18,5,440,190,"407, ROUTE DE CLISSON",,,Plein jour,En agglomération,Hors intersection,Pluie légère,Autre collision,,,,,,,,,,,1,2,1,2,6
200700035742,0007-06-06 15:22:00,7,6,6,15,22,440,162,RUE JAMES COOK,,,Plein jour,En agglomération,Intersection en T,Normale,Autre collision,,,,,,,,,,,1,2,3,1,6
200700035743,0007-06-17 09:30:00,7,6,17,9,30,440,109,RUE DE BEL AIR,,,Plein jour,En agglomération,Hors intersection,Normale,Autre collision,,,,,,,,,,,1,2,1,1,6
200700035744,0007-06-19 16:15:00,7,6,19,16,15,440,109,"67, BOULEVARD ROBERT SCH",,,Plein jour,En agglomération,Hors intersection,Normale,Deux véhicules - côté,,,,,,,,,,,1,2,1,1,3
200700035745,0007-06-19 18:20:00,7,6,19,18,20,440,109,"361, ROUTE DE SAINTE LUC",,,Plein jour,En agglomération,Hors intersection,Autre,Deux véhicules - côté,,,,,,,,,,,1,2,1,9,3
200700035746,0007-06-19 21:45:00,7,6,19,21,45,440,109,"79, BOULEVARD DE LA FRAT",,,Plein jour,En agglomération,Hors intersection,Normale,Deux véhicules - frontale,,,,,,,,,,,1,2,1,1,1
200700035747,0007-06-20 10:50:00,7,6,20,10,50,440,109,"241, ROUTE DE SAINTE LUC",,,Plein jour,En agglomération,Hors intersection,Normale,Sans collision,,,,,,,,,,,1,2,1,1,7
200700035748,0007-06-20 23:30:00,7,6,20,23,30,440,109,"159, BOULEVARD JULES VER",,,Nuit avec éclairage non allumé,En agglomération,Intersection en T,Normale,Deux véhicules - côté,,,,,,,,,,,4,2,3,1,3
200700035749,0007-06-20 16:00:00,7,6,20,16,0,440,109,AVENUE DE LA BOULONNERIE,,,Plein jour,En agglomération,Intersection en X,Normale,Autre collision,,,,,,,,,,,1,2,2,1,6
200700035750,0007-06-21 10:10:00,7,6,21,10,10,440,109,"00, RUE DES RENARDIERES",,,Plein jour,En agglomération,Giratoire,Pluie légère,Deux véhicules - côté,,,,,,,,,,,1,2,6,2,3
200700035751,0007-06-21 21:05:00,7,6,21,21,5,440,109,"., BOULEVARD DE SARREBRU",,,Plein jour,En agglomération,Hors intersection,Temps couvert,Trois véhicules et plus - collisions multiples,,,,,,,,,,,1,2,1,8,5
200700035752,0007-06-22 00:01:00,7,6,22,0,1,440,114,PERIPHERIQUE ROUTIER,,,Nuit sans éclairage public,En agglomération,Hors intersection,Pluie forte,Autre collision,,,,,,,,,,,3,2,1,3,6
200700035753,0007-06-21 08:25:00,7,6,21,8,25,440,109,"Néant, RUE DES RENARDIER",,,Plein jour,En agglomération,Hors intersection,Normale,Autre collision,,,,,,,,,,,1,2,1,1,6
200700035754,0007-06-22 06:40:00,7,6,22,6,40,440,114,RN 137,,,Plein jour,Hors agglomération,Hors intersection,Normale,Sans collision,,,,,,,,,,,1,1,1,1,7
200700035755,0007-06-23 10:15:00,7,6,23,10,15,440,109,"00, PONT ARISTIDE BRIAND",,,Plein jour,En agglomération,Hors intersection,Normale,Deux véhicules - arrière,,,,,,,,,,,1,2,1,1,2
200700035756,0007-06-22 19:10:00,7,6,22,19,10,440,114,PERIPHERIQUE ROUTIER,,,Plein jour,Hors agglomération,Hors intersection,Pluie légère,Autre collision,,,,,,,,,,,1,1,1,2,6
200700035757,0007-06-24 22:15:00,7,6,24,22,15,440,109,"1, RUE FELIX EBOUE",,,Nuit avec éclairage allumé,En agglomération,Giratoire,Pluie légère,Deux véhicules - côté,,,,,,,,,,,5,2,6,2,3
200700035758,0007-06-22 17:55:00,7,6,22,17,55,440,109,"Néant, RUE FELIBIEN",,,Plein jour,En agglomération,Intersection en T,Pluie forte,Autre collision,,,,,,,,,,,1,2,3,3,6
200700035759,0007-06-16 07:00:00,7,6,16,7,0,440,114,PERIPHERIQUE ROUTIER,,,Crépuscule ou aube,Hors agglomération,Hors intersection,Normale,Autre collision,,,,,,,,,,,2,1,1,1,6
200700035760,0007-06-28 19:50:00,7,6,28,19,50,440,109,PLACE MARECHAL FOCH,,,Plein jour,En agglomération,Intersection en X,Normale,Deux véhicules - côté,,,,,,,,,,,1,2,2,1,3
200700035761,0007-06-29 15:15:00,7,6,29,15,15,440,109,"80, RUE DE LA MARRIERE",,,Plein jour,En agglomération,Autre intersection,Normale,Deux véhicules - côté,,,,,,,,,,,1,2,9,1,3
200700035762,0007-06-30 18:05:00,7,6,30,18,5,440,109,"29, RUE LUCIEN AUBERT",,,Plein jour,En agglomération,Hors intersection,Normale,Autre collision,,,,,,,,,,,1,2,1,1,6
200700035763,0007-06-27 15:20:00,7,6,27,15,20,440,109,GABORY  ( BD EMILE ),,,Plein jour,En agglomération,Hors intersection,Normale,Autre collision,,,,,,,,,,,1,2,1,1,6
200700035764,0007-06-29 18:35:00,7,6,29,18,35,440,109,"1, RUE DES LANDES",,,Plein jour,Hors agglomération,Hors intersection,Normale,Deux véhicules - côté,,,,,,,,,,,1,1,1,1,3
200700035765,0007-06-29 12:15:00,7,6,29,12,15,440,162,"57, AVENUE DES THEBAUDIE",,,Plein jour,En agglomération,Hors intersection,Normale,Autre collision,,,,,,,,,,,1,2,1,1,6
200700035766,0007-06-06 09:00:00,7,6,6,9,0,440,143,TREILLES (AV. DES),,,Plein jour,En agglomération,Intersection en X,Normale,Deux véhicules - côté,,,,,,,,,,,1,2,2,1,3
200700035767,0007-06-29 10:40:00,7,6,29,10,40,440,9,PONT DE BELLEVUE,,,Plein jour,Hors agglomération,Hors intersection,Normale,Deux véhicules - arrière,,,,,,,,,,,1,1,1,1,2
200700035768,0007-06-01 06:35:00,7,6,1,6,35,440,184,"1, LEFERME (BOULEVARD PA",,,Plein jour,En agglomération,Intersection en T,Normale,Deux véhicules - côté,,,,,,,,,,,1,2,3,1,3
200700035769,0007-06-02 17:00:00,7,6,2,17,0,440,184,"88, PARÉ (RUE AMBROISE)",,,Plein jour,En agglomération,Hors intersection,Normale,Deux véhicules - côté,,,,,,,,,,,1,2,1,1,3
200700035770,0007-06-03 10:10:00,7,6,3,10,10,440,184,BROODCOORENS (RUE) DU 78,,,Plein jour,En agglomération,Intersection en T,Normale,Deux véhicules - côté,,,,,,,,,,,1,2,3,1,3
200700035771,0007-06-11 13:35:00,7,6,11,13,35,440,184,"234, PORNICHET (RUE DE)",,,Plein jour,En agglomération,Intersection en T,Normale,Deux véhicules - côté,,,,,,,,,,,1,2,3,1,3
200700035772,0007-06-12 19:40:00,7,6,12,19,40,440,184,"24, LESNAIS (ROUTE DE)",,,Plein jour,En agglomération,Hors intersection,Normale,Deux véhicules - arrière,,,,,,,,,,,1,2,1,1,2
200700035773,0007-06-13 17:45:00,7,6,13,17,45,440,184,BERLIOZ (AVENUE HECTOR),,,Plein jour,En agglomération,Intersection en T,Normale,Deux véhicules - côté,,,,,,,,,,,1,2,3,1,3
200700035774,0007-06-14 08:50:00,7,6,14,8,50,440,184,"81, RÉPUBLIQUE (AVENUE D",,,Plein jour,En agglomération,Hors intersection,Pluie légère,Sans collision,,,,,,,,,,,1,2,1,2,7
200700035775,0007-06-15 23:27:00,7,6,15,23,27,440,184,GUTENBERG (RUE JEAN),,,Nuit avec éclairage allumé,En agglomération,Intersection en X,Normale,Deux véhicules - côté,,,,,,,,,,,5,2,2,1,3
200700035776,0007-06-20 16:25:00,7,6,20,16,25,440,184,LEFERME (BOULEVARD PAUL),,,Plein jour,En agglomération,Hors intersection,Normale,Deux véhicules - arrière,,,,,,,,,,,1,2,1,1,2
200700035777,0007-06-20 18:20:00,7,6,20,18,20,440,184,MACÉ (RUE JEAN),,,Plein jour,En agglomération,Intersection en X,Normale,Deux véhicules - côté,,,,,,,,,,,1,2,2,1,3
200700035778,0007-06-23 10:05:00,7,6,23,10,5,440,184,GAUTIER (RUE HENRI) DU 2,,,Plein jour,En agglomération,Hors intersection,Normale,Deux véhicules - frontale,,,,,,,,,,,1,2,1,1,1
200700035779,0007-06-27 01:15:00,7,6,27,1,15,440,184,RD 492 DU PONT BD HÔPITA,,,Nuit sans éclairage public,En agglomération,Hors intersection,Normale,Sans collision,,,,,,,,,,,3,2,1,1,7
200700035780,0007-06-30 14:56:00,7,6,30,14,56,440,184,FORT DE L'EVE (ROUTE DU),,,Plein jour,En agglomération,Hors intersection,Normale,Sans collision,,,,,,,,,,,1,2,1,1,7
200700035781,0007-06-10 18:00:00,7,6,10,18,0,450,68,FOLIE (RUE DE LA),,,Plein jour,Hors agglomération,Hors intersection,Normale,Autre collision,,,,,,,,,,,1,1,1,1,6
200700035782,0007-06-22 16:20:00,7,6,22,16,20,450,4,NIVELLE (RUE DE LA),,,Plein jour,En agglomération,Intersection en T,Pluie forte,Deux véhicules - arrière,,,,,,,,,,,1,2,3,3,2
200700035783,0007-06-03 15:32:00,7,6,3,15,32,450,285,MENDES FRANCE (AVENUE PI,,,Plein jour,En agglomération,Hors intersection,Normale,Autre collision,,,,,,,,,,,1,2,1,1,6
200700035784,0007-06-03 14:10:00,7,6,3,14,10,450,274,"76, CHAMPDOUX  (RUE DE)",,,Plein jour,En agglomération,Hors intersection,Normale,Sans collision,,,,,,,,,,,1,2,1,1,7
200700035785,0007-06-01 09:55:00,7,6,1,9,55,450,285,MENDES FRANCE (AVENUE PI,,,Plein jour,En agglomération,Hors intersection,Normale,Autre collision,,,,,,,,,,,1,2,1,1,6
200700035786,0007-06-05 18:25:00,7,6,5,18,25,450,234,REIMS (RUE DE),,,Plein jour,En agglomération,Hors intersection,Normale,Autre collision,,,,,,,,,,,1,2,1,1,6
200700035787,0007-06-06 08:10:00,7,6,6,8,10,450,234,PRESIDENT KENNEDY (AVENU,,,Plein jour,En agglomération,Intersection en X,Normale,Deux véhicules - côté,,,,,,,,,,,1,2,2,1,3
200700035788,0007-06-06 18:00:00,7,6,6,18,0,450,232,SOLOGNE (AVENUE DE),,,Plein jour,En agglomération,Hors intersection,Normale,Autre collision,,,,,,,,,,,1,2,1,1,6
200700035789,0007-06-07 00:45:00,7,6,7,0,45,450,302,CHARTRES (ANCIENNE ROUTE,,,Nuit avec éclairage allumé,En agglomération,Hors intersection,Normale,Autre collision,,,,,,,,,,,5,2,1,1,6
200700035790,0007-06-13 13:00:00,7,6,13,13,0,450,274,"93, VRIGNY  (RUE DE)",,,Plein jour,En agglomération,Hors intersection,Normale,Deux véhicules - côté,,,,,,,,,,,1,2,1,1,3
200700035791,0007-06-14 09:25:00,7,6,14,9,25,450,147,"331, BERTHELOT (RUE MARC",,,Plein jour,En agglomération,Hors intersection,Temps couvert,Autre collision,,,,,,,,,,,1,2,1,8,6
200700035792,0007-06-28 10:45:00,7,6,28,10,45,450,234,"155-157, FAUBOURG DE BOU",,,Plein jour,En agglomération,Hors intersection,Normale,Autre collision,,,,,,,,,,,1,2,1,1,6
200700035793,0007-06-19 08:49:00,7,6,19,8,49,450,274,"1, CHATEAU  (RUE DU)",,,Plein jour,Hors agglomération,Hors intersection,Normale,Deux véhicules - côté,,,,,,,,,,,1,1,1,1,3
200700035794,0007-06-19 09:25:00,7,6,19,9,25,450,232,R.N. 271,,,Plein jour,Hors agglomération,Hors intersection,Normale,Trois véhicules et plus - collisions multiples,,,,,,,,,,,1,1,1,1,5
200700035795,0007-06-19 19:15:00,7,6,19,19,15,450,234,"11, BASSE D'INGRE (RUE )",,,Plein jour,En agglomération,Intersection en X,Pluie forte,Deux véhicules - côté,,,,,,,,,,,1,2,2,3,3
200700035796,0007-06-21 23:50:00,7,6,21,23,50,450,284,LECLERC (AVENUE DU GENER,,,Nuit avec éclairage non allumé,En agglomération,Hors intersection,Normale,Autre collision,,,,,,,,,,,4,2,1,1,6
200700035797,0007-06-22 15:10:00,7,6,22,15,10,450,234,SAINT AMAND (RUE SAINT A,,,Plein jour,En agglomération,Intersection en X,Temps couvert,Deux véhicules - côté,,,,,,,,,,,1,2,2,8,3
200700035798,0007-06-24 09:55:00,7,6,24,9,55,450,234,RN 60,,,Plein jour,Hors agglomération,Hors intersection,Normale,Deux véhicules - arrière,,,,,,,,,,,1,1,1,1,2
200700035799,0007-06-26 11:35:00,7,6,26,11,35,450,234,COURTIN ROSSIGNOL (RUE),,,Plein jour,En agglomération,Intersection en T,Normale,Deux véhicules - côté,,,,,,,,,,,1,2,3,1,3
200700035800,0007-06-26 08:45:00,7,6,26,8,45,450,285,"11, CHAMPS FRAIS (RUE DE",,,Plein jour,En agglomération,Intersection en X,Normale,Deux véhicules - côté,,,,,,,,,,,1,2,2,1,3
200700035801,0007-06-29 19:50:00,7,6,29,19,50,450,284,RN 60,,,Plein jour,Hors agglomération,Hors intersection,Normale,Deux véhicules - arrière,,,,,,,,,,,1,1,1,1,2
200700035802,0007-06-30 15:25:00,7,6,30,15,25,450,147,ORADOUR SUR GLANE (AVENU,,,Plein jour,En agglomération,Intersection en X,Normale,Deux véhicules - côté,,,,,,,,,,,1,2,2,1,3
200700035803,0007-06-30 18:10:00,7,6,30,18,10,450,302,"1806, ROUTE NATIONALE 20",,,Plein jour,En agglomération,Hors intersection,Normale,Deux véhicules - frontale,,,,,,,,,,,1,2,1,1,1
200700035804,0007-06-30 22:57:00,7,6,30,22,57,450,234,"38 ter, CHABASSIERES (RU",,,Nuit avec éclairage allumé,En agglomération,Intersection en T,Normale,Autre collision,,,,,,,,,,,5,2,3,1,6
200700035805,0007-06-15 10:30:00,7,6,15,10,30,460,42,Départementale 811,,,Plein jour,En agglomération,Autre intersection,Normale,Deux véhicules - arrière,,,,,,,,,,,1,2,9,1,2
200700035806,0007-06-19 07:35:00,7,6,19,7,35,460,42,Côte de la Marchande,,,Plein jour,Hors agglomération,Hors intersection,Normale,Autre collision,,,,,,,,,,,1,1,1,1,6
200700035807,0007-06-03 02:40:00,7,6,3,2,40,470,1,MONNET (AV. JEAN),,,Nuit avec éclairage allumé,En agglomération,Intersection en X,Normale,Autre collision,,,,,,,,,,,5,2,2,1,6
200700035808,0007-06-03 14:45:00,7,6,3,14,45,470,1,MONNET (AV. JEAN),,,Plein jour,En agglomération,Intersection en X,Normale,Deux véhicules - côté,,,,,,,,,,,1,2,2,1,3
200700035809,0007-06-12 13:28:00,7,6,12,13,28,470,1,"870, BRU (AVENUE DU DOCT",,,Plein jour,En agglomération,Hors intersection,Normale,Deux véhicules - côté,,,,,,,,,,,1,2,1,1,3
200700035810,0007-06-18 15:04:00,7,6,18,15,4,470,31,BIGORRE (avenue de ),,,Plein jour,Hors agglomération,Intersection en T,Normale,Deux véhicules - côté,,,,,,,,,,,1,1,3,1,3