accident_id,datetime,annee,mois,jour,heure,minute,departement,commune_insee,adresse,latitude,longitude,luminosite,agglomeration,intersection,meteo,collision,nb_vehicules,nb_usagers,nb_indemnes,nb_tues,nb_blesses_hosp,nb_blesses_legers,age_cond_1,age_cond_2,veh_type_cond_1,veh_type_cond_2,lum_code,agg_code,int_code,atm_code,col_code
200700035811,0007-06-23 17:42:00,7,6,23,17,42,470,1,REPUBLIQUE (BOULEVARD DE,,,Plein jour,En agglomération,Hors intersection,Normale,Autre collision,,,,,,,,,,,1,2,1,1,6
200700035812,0007-06-16 11:50:00,7,6,16,11,50,470,1,"54, REPUBLIQUE (BOULEVAR",,,Plein jour,En agglomération,Hors intersection,Normale,Autre collision,,,,,,,,,,,1,2,1,1,6
200700035813,0007-06-09 21:50:00,7,6,9,21,50,470,215,RN 21,,,Crépuscule ou aube,Hors agglomération,Hors intersection,Pluie légère,Autre collision,,,,,,,,,,,2,1,1,2,6
200700035814,0007-06-26 20:00:00,7,6,26,20,0,470,323,"2, LAKANAL (RUE)",,,Plein jour,En agglomération,Hors intersection,Normale,Sans collision,,,,,,,,,,,1,2,1,1,7
200700035815,0007-06-06 16:30:00,7,6,6,16,30,480,95,"19, GORGES DU TARN (AVEN",,,Plein jour,En agglomération,Intersection en T,Normale,Deux véhicules - côté,,,,,,,,,,,1,2,3,1,3
200700035816,0007-06-14 14:00:00,7,6,14,14,0,480,95,"9, ROUSSEL (BOULEVARD TH",,,Plein jour,En agglomération,Hors intersection,Normale,Deux véhicules - arrière,,,,,,,,,,,1,2,1,1,2
200700035817,0007-06-17 14:13:00,7,6,17,14,13,480,95,"15, BELLEVUE (RUE)",,,Plein jour,En agglomération,Hors intersection,Normale,Autre collision,,,,,,,,,,,1,2,1,1,6
200700035818,0007-06-01 13:58:00,7,6,1,13,58,490,15,"30, LURCAT AVENUE JEAN",,,Plein jour,En agglomération,Hors intersection,Normale,Sans collision,,,,,,,,,,,1,2,1,1,7
200700035819,0007-06-03 15:03:00,7,6,3,15,3,490,7,"65, DUNANT BOULEVARD",,,Plein jour,En agglomération,Hors intersection,Normale,Autre collision,,,,,,,,,,,1,2,1,1,6
200700035820,0007-06-02 09:30:00,7,6,2,9,30,490,246,"6, PASTEUR",,,Plein jour,En agglomération,Hors intersection,Normale,Deux véhicules - côté,,,,,,,,,,,1,2,1,1,3
200700035821,0007-06-02 19:24:00,7,6,2,19,24,490,7,"0, DEUX CROIX BOULEVARD",,,Plein jour,En agglomération,Intersection en X,Normale,Autre collision,,,,,,,,,,,1,2,2,1,6
200700035822,0007-06-04 13:59:00,7,6,4,13,59,490,7,"0, MENDES FRANCE PLACE",,,Plein jour,En agglomération,Intersection en T,Normale,Deux véhicules - arrière,,,,,,,,,,,1,2,3,1,2
200700035823,0007-06-05 20:54:00,7,6,5,20,54,490,7,"12, BERNIER PLACE",,,Plein jour,En agglomération,Hors intersection,Normale,Sans collision,,,,,,,,,,,1,2,1,1,7
200700035824,0007-06-05 17:00:00,7,6,5,17,0,490,7,"0, LETANDUERE",,,Plein jour,En agglomération,Hors intersection,Normale,Autre collision,,,,,,,,,,,1,2,1,1,6
200700035825,0007-06-05 08:01:00,7,6,5,8,1,490,7,"20/22, JEAN XXIII AVENUE",,,Plein jour,En agglomération,Hors intersection,Normale,Autre collision,,,,,,,,,,,1,2,1,1,6
200700035826,0007-06-02 10:37:00,7,6,2,10,37,490,7,"0, IMBACH PLACE",,,Plein jour,En agglomération,Hors intersection,Normale,Autre collision,,,,,,,,,,,1,2,1,1,6
200700035827,0007-06-07 15:46:00,7,6,7,15,46,490,7,"0, BRIOLLAY ROUTE",,,Plein jour,En agglomération,Hors intersection,Normale,Sans collision,,,,,,,,,,,1,2,1,1,7
200700035828,0007-06-07 19:06:00,7,6,7,19,6,490,7,"0, ESTIENNE D'ORVES BOUL",,,Plein jour,En agglomération,Intersection en X,Normale,Autre collision,,,,,,,,,,,1,2,2,1,6
200700035829,0007-06-07 19:47:00,7,6,7,19,47,490,7,"0, BOURG LA CROIX PLACE",,,Plein jour,En agglomération,Hors intersection,Normale,Sans collision,,,,,,,,,,,1,2,1,1,7
200700035830,0007-06-05 17:03:00,7,6,5,17,3,490,15,"0, RD 107",,,Plein jour,Hors agglomération,Intersection en T,Normale,Deux véhicules - côté,,,,,,,,,,,1,1,3,1,3
200700035831,0007-06-09 16:57:00,7,6,9,16,57,490,7,"29, TURBILLY",,,Plein jour,En agglomération,Hors intersection,Normale,Sans collision,,,,,,,,,,,1,2,1,1,7
200700035832,0007-06-10 16:27:00,7,6,10,16,27,490,246,"0, RN 260",,,Plein jour,En agglomération,Hors intersection,Normale,Autre collision,,,,,,,,,,,1,2,1,1,6
200700035833,0007-06-08 17:49:00,7,6,8,17,49,490,7,"40, CLEMENCEAU BOULEVARD",,,Plein jour,En agglomération,Hors intersection,Normale,Deux véhicules - côté,,,,,,,,,,,1,2,1,1,3
200700035834,0007-06-08 17:52:00,7,6,8,17,52,490,7,"90, ALLONNEAU(AUGUSTE) B",,,Plein jour,En agglomération,Hors intersection,Normale,Autre collision,,,,,,,,,,,1,2,1,1,6
200700035835,0007-06-09 10:31:00,7,6,9,10,31,490,15,"0, ROSES RUE DES",,,Plein jour,En agglomération,Intersection en X,Normale,Deux véhicules - côté,,,,,,,,,,,1,2,2,1,3
200700035836,0007-06-09 11:02:00,7,6,9,11,2,490,353,"15, REPUBLIQUE AVENUE",,,Plein jour,En agglomération,Hors intersection,Normale,Autre collision,,,,,,,,,,,1,2,1,1,6
200700035837,0007-06-08 23:11:00,7,6,8,23,11,490,353,"0, BELLINIERE RUE",,,Nuit avec éclairage allumé,En agglomération,Intersection en T,Normale,Deux véhicules - côté,,,,,,,,,,,5,2,3,1,3
200700035838,0007-06-11 16:05:00,7,6,11,16,5,490,7,"368, SAINT LEONARD",,,Plein jour,En agglomération,Hors intersection,Normale,Sans collision,,,,,,,,,,,1,2,1,1,7
200700035839,0007-06-11 16:17:00,7,6,11,16,17,490,7,"0, GRAND MONTREJEAU",,,Plein jour,En agglomération,Hors intersection,Normale,Sans collision,,,,,,,,,,,1,2,1,1,7
200700035840,0007-06-12 11:25:00,7,6,12,11,25,490,7,"245, SAINT LEONARD",,,Plein jour,En agglomération,Hors intersection,Normale,Autre collision,,,,,,,,,,,1,2,1,1,6
200700035841,0007-06-12 13:41:00,7,6,12,13,41,490,7,"0, LAUNAY ALLEE ET RUE",,,Plein jour,En agglomération,Hors intersection,Normale,Autre collision,,,,,,,,,,,1,2,1,1,6
200700035842,0007-06-12 18:22:00,7,6,12,18,22,490,353,"0, VEST FERDINANT",,,Plein jour,En agglomération,Giratoire,Normale,Deux véhicules - côté,,,,,,,,,,,1,2,6,1,3
200700035843,0007-06-12 20:08:00,7,6,12,20,8,490,7,"0, GASNIER AVENUE",,,Plein jour,En agglomération,Hors intersection,Normale,Sans collision,,,,,,,,,,,1,2,1,1,7
200700035844,0007-06-11 17:58:00,7,6,11,17,58,490,7,"0, BRIAND AVENUE",,,Plein jour,En agglomération,Hors intersection,Normale,Sans collision,,,,,,,,,,,1,2,1,1,7
200700035845,0007-06-13 09:30:00,7,6,13,9,30,490,7,"330, SAINT LEONARD",,,Plein jour,En agglomération,Hors intersection,Normale,Autre collision,,,,,,,,,,,1,2,1,1,6
200700035846,0007-06-13 18:07:00,7,6,13,18,7,490,7,"10, VOLTAIRE",,,Plein jour,En agglomération,Hors intersection,Normale,Autre collision,,,,,,,,,,,1,2,1,1,6
200700035847,0007-06-13 14:41:00,7,6,13,14,41,490,15,"0, CANTENAY EPINARD ROUT",,,Plein jour,En agglomération,Hors intersection,Normale,Sans collision,,,,,,,,,,,1,2,1,1,7
200700035848,0007-06-14 13:16:00,7,6,14,13,16,490,7,"10, SCHUMANN PASSAGE ET",,,Plein jour,En agglomération,Hors intersection,Normale,Autre collision,,,,,,,,,,,1,2,1,1,6
200700035849,0007-06-15 09:50:00,7,6,15,9,50,490,7,"0, COUBERTIN BOULEVARD",,,Plein jour,En agglomération,Hors intersection,Normale,Sans collision,,,,,,,,,,,1,2,1,1,7
200700035850,0007-06-15 12:16:00,7,6,15,12,16,490,7,"66, BIRGE BOULEVARD",,,Plein jour,En agglomération,Hors intersection,Normale,Deux véhicules - côté,,,,,,,,,,,1,2,1,1,3
200700035851,0007-06-16 06:21:00,7,6,16,6,21,490,7,"0, DUNANT BOULEVARD",,,Crépuscule ou aube,En agglomération,Hors intersection,Normale,Sans collision,,,,,,,,,,,2,2,1,1,7
200700035852,0007-06-16 12:08:00,7,6,16,12,8,490,7,"75, GRAND MONTREJEAU",,,Plein jour,En agglomération,Hors intersection,Normale,Deux véhicules - côté,,,,,,,,,,,1,2,1,1,3
200700035853,0007-06-15 18:17:00,7,6,15,18,17,490,7,"0, BIRGE BOULEVARD",,,Plein jour,En agglomération,Intersection en T,Normale,Deux véhicules - côté,,,,,,,,,,,1,2,3,1,3
200700035854,0007-06-16 14:56:00,7,6,16,14,56,490,7,"0, CAMUS BOULEVARD",,,Plein jour,En agglomération,Giratoire,Normale,Autre collision,,,,,,,,,,,1,2,6,1,6
200700035855,0007-06-15 18:04:00,7,6,15,18,4,490,7,"0, VOIE DES BERGES",,,Plein jour,En agglomération,Hors intersection,Temps couvert,Trois véhicules et plus - en chaîne,,,,,,,,,,,1,2,1,8,4
200700035856,0007-06-18 17:32:00,7,6,18,17,32,490,267,"13, PAPERIE",,,Plein jour,En agglomération,Hors intersection,Normale,Sans collision,,,,,,,,,,,1,2,1,1,7
200700035857,0007-06-19 11:44:00,7,6,19,11,44,490,7,"80, PONTS DE CE",,,Plein jour,En agglomération,Hors intersection,Normale,Autre collision,,,,,,,,,,,1,2,1,1,6
200700035858,0007-06-19 15:41:00,7,6,19,15,41,490,267,"0, BEAUFORT ROUTE",,,Plein jour,Hors agglomération,Hors intersection,Normale,Deux véhicules - côté,,,,,,,,,,,1,1,1,1,3
200700035859,0007-06-22 17:02:00,7,6,22,17,2,490,7,"9,  MAJOR ALLARD",,,Plein jour,En agglomération,Hors intersection,Normale,Deux véhicules - côté,,,,,,,,,,,1,2,1,1,3
200700035860,0007-06-25 11:24:00,7,6,25,11,24,490,7,"0, CHAUVAT BOULEVARD",,,Plein jour,En agglomération,Intersection en X,Normale,Deux véhicules - côté,,,,,,,,,,,1,2,2,1,3
200700035861,0007-06-26 07:33:00,7,6,26,7,33,490,7,"0, PATTON AVENUE",,,Plein jour,En agglomération,Intersection en X,Normale,Deux véhicules - côté,,,,,,,,,,,1,2,2,1,3
200700035862,0007-06-27 08:23:00,7,6,27,8,23,490,7,"4, JOXE AVENUE",,,Plein jour,En agglomération,Hors intersection,Normale,Deux véhicules - côté,,,,,,,,,,,1,2,1,1,3
200700035863,0007-06-28 04:58:00,7,6,28,4,58,490,7,"0, BON PASTEUR BOULEVARD",,,Nuit avec éclairage allumé,En agglomération,Hors intersection,Normale,Sans collision,,,,,,,,,,,5,2,1,1,7
200700035864,0007-06-28 10:54:00,7,6,28,10,54,490,7,"60, BARRA PASSAGE ET RUE",,,Plein jour,En agglomération,Intersection en X,Normale,Deux véhicules - côté,,,,,,,,,,,1,2,2,1,3
200700035865,0007-06-29 20:48:00,7,6,29,20,48,490,267,"0, BOIS RINIER",,,Plein jour,En agglomération,Giratoire,Normale,Sans collision,,,,,,,,,,,1,2,6,1,7
200700035866,0007-06-30 11:08:00,7,6,30,11,8,490,7,"17, COUFFON BOULEVARD SE",,,Plein jour,En agglomération,Hors intersection,Normale,Autre collision,,,,,,,,,,,1,2,1,1,6
200700035867,0007-06-29 20:10:00,7,6,29,20,10,490,7,"0, LETANDUERE",,,Plein jour,En agglomération,Hors intersection,Normale,Autre collision,,,,,,,,,,,1,2,1,1,6
200700035868,0007-06-29 17:43:00,7,6,29,17,43,490,246,"0, EUROPE AVENUE",,,Plein jour,En agglomération,Giratoire,Normale,Autre collision,,,,,,,,,,,1,2,6,1,6
200700035869,0007-06-29 15:40:00,7,6,29,15,40,490,7,"53, GRESILLE AVENUE",,,Plein jour,En agglomération,Hors intersection,Normale,Sans collision,,,,,,,,,,,1,2,1,1,7
200700035870,0007-06-27 19:18:00,7,6,27,19,18,490,353,"33, GARE",,,Plein jour,En agglomération,Hors intersection,Normale,Sans collision,,,,,,,,,,,1,2,1,1,7
200700035871,0007-06-22 14:02:00,7,6,22,14,2,490,7,"0, BIRGE BOULEVARD",,,Plein jour,En agglomération,Hors intersection,Pluie légère,Sans collision,,,,,,,,,,,1,2,1,2,7
200700035872,0007-06-23 01:27:00,7,6,23,1,27,490,7,"0, FOULQUES NERRA BOULEV",,,Nuit avec éclairage allumé,En agglomération,Hors intersection,Normale,Deux véhicules - côté,,,,,,,,,,,5,2,1,1,3
200700035873,0007-06-06 14:00:00,7,6,6,14,0,490,99,LECOQ (BOULEVARD PIERRE),,,Plein jour,Hors agglomération,Giratoire,Normale,Deux véhicules - côté,,,,,,,,,,,1,1,6,1,3
200700035874,0007-06-25 08:00:00,7,6,25,8,0,490,99,"82, FAIDHERBE (BOULEVARD",,,Plein jour,En agglomération,Hors intersection,Normale,Autre collision,,,,,,,,,,,1,2,1,1,6
200700035875,0007-06-29 12:00:00,7,6,29,12,0,490,99,"93, MAINDRON (RUE)",,,Plein jour,En agglomération,Intersection en T,Normale,Autre collision,,,,,,,,,,,1,2,3,1,6
200700035876,0007-06-29 17:05:00,7,6,29,17,5,490,99,RD160,,,Plein jour,Hors agglomération,Hors intersection,Temps couvert,Trois véhicules et plus - collisions multiples,,,,,,,,,,,1,1,1,8,5
200700035877,0007-06-04 06:00:00,7,6,4,6,0,490,328,"763, LAMARTINE (RUE)",,,Nuit avec éclairage allumé,En agglomération,Hors intersection,Pluie forte,Autre collision,,,,,,,,,,,5,2,1,3,6
200700035878,0007-06-04 16:55:00,7,6,4,16,55,490,328,"SANS, GRAVELLES (RUE DES",,,Plein jour,En agglomération,Intersection en T,Normale,Deux véhicules - arrière,,,,,,,,,,,1,2,3,1,2
200700035879,0007-06-08 12:00:00,7,6,8,12,0,490,328,CESSART (ROND-POINT),,,Plein jour,En agglomération,Giratoire,Normale,Deux véhicules - côté,,,,,,,,,,,1,2,6,1,3
200700035880,0007-06-25 19:45:00,7,6,25,19,45,490,328,"48, FOUCHARD (RUE DU PON",,,Plein jour,En agglomération,Hors intersection,Normale,Deux véhicules - côté,,,,,,,,,,,1,2,1,1,3
200700035881,0007-06-22 09:00:00,7,6,22,9,0,490,328,"19, ABBAYE (RUE DE L')",,,Plein jour,En agglomération,Hors intersection,Normale,Autre collision,,,,,,,,,,,1,2,1,1,6
200700035882,0007-06-01 18:30:00,7,6,1,18,30,500,129,PARIS (AVENUE DE),,,Plein jour,En agglomération,Hors intersection,Normale,Trois véhicules et plus - en chaîne,,,,,,,,,,,1,2,1,1,4
200700035883,0007-06-03 20:55:00,7,6,3,20,55,500,129,"00, NAPOLEON (PLACE)",,,Plein jour,En agglomération,Place,Normale,Deux véhicules - côté,,,,,,,,,,,1,2,7,1,3
200700035884,0007-06-06 12:20:00,7,6,6,12,20,500,129,"0, BRIAND (AVENUE)",,,Plein jour,En agglomération,Hors intersection,Normale,Deux véhicules - arrière,,,,,,,,,,,1,2,1,1,2
200700035885,0007-06-08 09:55:00,7,6,8,9,55,500,602,"00, MARE (CHEMIN DE LA)",,,Plein jour,Hors agglomération,Hors intersection,Normale,Sans collision,,,,,,,,,,,1,1,1,1,7
200700035886,0007-06-08 23:10:00,7,6,8,23,10,500,602,CAPLAIN (RUE DU),,,Nuit avec éclairage allumé,En agglomération,Hors intersection,Normale,Autre collision,,,,,,,,,,,5,2,1,1,6
200700035887,0007-06-09 16:25:00,7,6,9,16,25,500,129,"00, ENTREPOT (QUAI DE L'",,,Plein jour,En agglomération,Autre intersection,Normale,Sans collision,,,,,,,,,,,1,2,9,1,7
200700035888,0007-06-10 11:15:00,7,6,10,11,15,500,602,"0, CROIX MOREL (RUE DE L",,,Plein jour,En agglomération,Intersection en T,Normale,Deux véhicules - arrière,,,,,,,,,,,1,2,3,1,2
200700035889,0007-06-10 19:30:00,7,6,10,19,30,500,173,"00, PAIX (RUE DE LA)",,,Plein jour,En agglomération,Hors intersection,Normale,Sans collision,,,,,,,,,,,1,2,1,1,7
200700035890,0007-06-14 11:40:00,7,6,14,11,40,500,173,"0, REPUBLIQUE (RUE DE LA",,,Plein jour,En agglomération,Hors intersection,Normale,Deux véhicules - arrière,,,,,,,,,,,1,2,1,1,2
200700035891,0007-06-16 14:00:00,7,6,16,14,0,500,602,"00, NORTHEIM (AVENUE DE)",,,Plein jour,En agglomération,Intersection en T,Pluie légère,Deux véhicules - frontale,,,,,,,,,,,1,2,3,2,1
200700035892,0007-06-17 14:10:00,7,6,17,14,10,500,602,"0, BOUIN (RUE JEAN)",,,Plein jour,En agglomération,Intersection en T,Normale,Autre collision,,,,,,,,,,,1,2,3,1,6
200700035893,0007-06-20 18:35:00,7,6,20,18,35,500,602,"580, METIERS (RUE DES)",,,Plein jour,En agglomération,Hors intersection,Normale,Deux véhicules - côté,,,,,,,,,,,1,2,1,1,3
200700035894,0007-06-21 08:30:00,7,6,21,8,30,500,129,"0, PETITES FOURCHES (CHE",,,Plein jour,En agglomération,Hors intersection,Normale,Deux véhicules - côté,,,,,,,,,,,1,2,1,1,3
200700035895,0007-06-21 18:50:00,7,6,21,18,50,500,129,"00, GARE MARITIME(voies",,,Plein jour,En agglomération,Autre intersection,Pluie légère,Deux véhicules - côté,,,,,,,,,,,1,2,9,2,3
200700035896,0007-06-23 21:30:00,7,6,23,21,30,500,129,"0, TRIBUNAUX (RUE DES)",,,Plein jour,En agglomération,Hors intersection,Normale,Deux véhicules - côté,,,,,,,,,,,1,2,1,1,3
200700035897,0007-06-25 08:25:00,7,6,25,8,25,500,173,"00, SALINE (BOULEVARD DE",,,Plein jour,En agglomération,Hors intersection,Pluie légère,Sans collision,,,,,,,,,,,1,2,1,2,7
200700035898,0007-06-27 07:40:00,7,6,27,7,40,500,129,"00, CONQUERANT (BOULEVAR",,,Plein jour,En agglomération,Hors intersection,Normale,Deux véhicules - arrière,,,,,,,,,,,1,2,1,1,2
200700035899,0007-06-28 23:30:00,7,6,28,23,30,500,203,"00, COSTILS (CHEMIN DES)",,,Nuit sans éclairage public,Hors agglomération,Hors intersection,Normale,Sans collision,,,,,,,,,,,3,1,1,1,7
200700035900,0007-06-09 18:40:00,7,6,9,18,40,500,647,"210, VILLEDIEU (ROUTE DE",,,Plein jour,En agglomération,Hors intersection,Normale,Deux véhicules - côté,,,,,,,,,,,1,2,1,1,3
200700035901,0007-06-03 21:10:00,7,6,3,21,10,510,108,RD 977 (RTE DE SUIPPES),,,Plein jour,Hors agglomération,Hors intersection,Normale,Deux véhicules - frontale,,,,,,,,,,,1,1,1,1,1
200700035902,0007-06-06 19:48:00,7,6,6,19,48,510,108,R.N. 44,,,Plein jour,Hors agglomération,Hors intersection,Normale,Autre collision,,,,,,,,,,,1,1,1,1,6
200700035903,0007-06-02 19:55:00,7,6,2,19,55,510,108,"1, FRANKLIN (RUE BENJAMI",,,Plein jour,En agglomération,Hors intersection,Normale,Autre collision,,,,,,,,,,,1,2,1,1,6
200700035904,0007-06-09 19:45:00,7,6,9,19,45,510,525,CD 1,,,Plein jour,Hors agglomération,Hors intersection,Normale,Autre collision,,,,,,,,,,,1,1,1,1,6
200700035905,0007-06-17 16:20:00,7,6,17,16,20,510,230,CROIX DE BUSSY (RUE),,,Plein jour,En agglomération,Intersection en X,Normale,Autre collision,,,,,,,,,,,1,2,2,1,6
200700035906,0007-06-04 12:00:00,7,6,4,12,0,510,454,"32, ARGONAUTES (PLACE DE",,,Plein jour,En agglomération,Hors intersection,Normale,Deux véhicules - arrière,,,,,,,,,,,1,2,1,1,2
200700035907,0007-06-16 16:00:00,7,6,16,16,0,510,573,BERNHARDT (AVENUE SARAH),,,Plein jour,En agglomération,Hors intersection,Normale,Trois véhicules et plus - en chaîne,,,,,,,,,,,1,2,1,1,4
200700035908,0007-06-20 15:55:00,7,6,20,15,55,510,573,"47, COUTURIER (RUE PAUL",,,Plein jour,En agglomération,Intersection en T,Normale,Deux véhicules - côté,,,,,,,,,,,1,2,3,1,3
200700035909,0007-06-25 07:45:00,7,6,25,7,45,510,573,FEMMES (CHEMIN DES),,,Plein jour,En agglomération,Giratoire,Pluie légère,Deux véhicules - côté,,,,,,,,,,,1,2,6,2,3
200700035910,0007-06-28 12:45:00,7,6,28,12,45,510,454,LOUVOIS (RUE DE) DU N°14,,,Plein jour,En agglomération,Hors intersection,Normale,Deux véhicules - arrière,,,,,,,,,,,1,2,1,1,2
200700035911,0007-06-04 12:20:00,7,6,4,12,20,520,121,RD 200,,,Plein jour,Hors agglomération,Hors intersection,Normale,Autre collision,,,,,,,,,,,1,1,1,1,6
200700035912,0007-06-07 17:15:00,7,6,7,17,15,520,121,RD 674,,,Plein jour,En agglomération,Intersection en X,Normale,Deux véhicules - côté,,,,,,,,,,,1,2,2,1,3
200700035913,0007-06-09 07:40:00,7,6,9,7,40,520,121,RN 67,,,Plein jour,Hors agglomération,Hors intersection,Normale,Autre collision,,,,,,,,,,,1,1,1,1,6
200700035914,0007-06-06 12:20:00,7,6,6,12,20,520,121,"0, GAGARINE (RUE YOURI)",,,Plein jour,En agglomération,Intersection en T,Normale,Autre collision,,,,,,,,,,,1,2,3,1,6
200700035915,0007-06-10 14:25:00,7,6,10,14,25,520,125,"0, LYCEE (RUE DU)",,,Plein jour,Hors agglomération,Hors intersection,Normale,Autre collision,,,,,,,,,,,1,1,1,1,6
200700035916,0007-06-19 18:35:00,7,6,19,18,35,520,121,RD 619,,,Plein jour,Hors agglomération,Intersection en T,Normale,Deux véhicules - arrière,,,,,,,,,,,1,1,3,1,2
200700035917,0007-06-28 21:40:00,7,6,28,21,40,520,121,"0, ROBESPIERRE (RUE)",,,Crépuscule ou aube,En agglomération,Intersection en X,Normale,Deux véhicules - côté,,,,,,,,,,,2,2,2,1,3
200700035918,0007-06-05 19:25:00,7,6,5,19,25,520,448,"8, CEZANNE (RUE PAUL)",,,Plein jour,En agglomération,Hors intersection,Normale,Autre collision,,,,,,,,,,,1,2,1,1,6
200700035919,0007-06-09 17:30:00,7,6,9,17,30,520,534,SAINT DIZIER (ROUTE DE),,,Plein jour,Hors agglomération,Hors intersection,Normale,Sans collision,,,,,,,,,,,1,1,1,1,7
200700035920,0007-06-13 12:20:00,7,6,13,12,20,520,448,"18, KENNEDY (AVE DU PRES",,,Plein jour,En agglomération,Hors intersection,Normale,Trois véhicules et plus - en chaîne,,,,,,,,,,,1,2,1,1,4
200700035921,0007-06-14 20:20:00,7,6,14,20,20,520,448,"1, BRIAND (PLACE ARISTID",,,Plein jour,En agglomération,Hors intersection,Normale,Deux véhicules - côté,,,,,,,,,,,1,2,1,1,3
200700035922,0007-06-14 21:10:00,7,6,14,21,10,520,448,"8, KENNEDY (AVE DU PRESI",,,Crépuscule ou aube,Hors agglomération,Intersection en X,Normale,Deux véhicules - côté,,,,,,,,,,,2,1,2,1,3
200700035923,0007-06-16 05:45:00,7,6,16,5,45,520,45,RN35,,,Crépuscule ou aube,Hors agglomération,Hors intersection,Normale,Sans collision,,,,,,,,,,,2,1,1,1,7
200700035924,0007-06-17 19:50:00,7,6,17,19,50,520,448,"40, GAMBETTA (RUE) PAIR",,,Plein jour,En agglomération,Hors intersection,Normale,Sans collision,,,,,,,,,,,1,2,1,1,7
200700035925,0007-06-23 13:55:00,7,6,23,13,55,520,448,RN 4,,,Plein jour,Hors agglomération,Hors intersection,Pluie légère,Sans collision,,,,,,,,,,,1,1,1,2,7
200700035926,0007-06-02 12:30:00,7,6,2,12,30,530,130,"sans, GRAT ( BOULEVARD F",,,Plein jour,En agglomération,Intersection en X,Normale,Deux véhicules - arrière,,,,,,,,,,,1,2,2,1,2
200700035927,0007-06-10 00:01:00,7,6,10,0,1,530,130,CHANZY ( AVENUE DE ),,,Nuit sans éclairage public,En agglomération,Hors intersection,Normale,Deux véhicules - frontale,,,,,,,,,,,3,2,1,1,1
200700035928,0007-06-19 00:01:00,7,6,19,0,1,530,201,RD 561,,,Nuit sans éclairage public,Hors agglomération,Hors intersection,Normale,Autre collision,,,,,,,,,,,3,1,1,1,6
200700035929,0007-06-08 18:45:00,7,6,8,18,45,540,273,", COMMUNE DE PARIS (RUE",,,Plein jour,En agglomération,Intersection en T,Normale,Deux véhicules - côté,,,,,,,,,,,1,2,3,1,3
200700035930,0007-06-11 22:05:00,7,6,11,22,5,540,273,ALBERT 1ER (RUE),,,Nuit avec éclairage allumé,En agglomération,Intersection en X,Normale,Deux véhicules - côté,,,,,,,,,,,5,2,2,1,3
200700035931,0007-06-25 12:10:00,7,6,25,12,10,540,253,DEPARTEMENTALE 613,,,Plein jour,Hors agglomération,Intersection en T,Pluie forte,Deux véhicules - frontale,,,,,,,,,,,1,1,3,3,1
200700035932,0007-06-07 22:55:00,7,6,7,22,55,540,159,"5, PERI (RUE GABRIEL)",,,Nuit avec éclairage allumé,En agglomération,Hors intersection,Normale,Deux véhicules - arrière,,,,,,,,,,,5,2,1,1,2
200700035933,0007-06-22 08:20:00,7,6,22,8,20,540,159,BATHELENE (RUE DE),,,Plein jour,Hors agglomération,Intersection en Y,Pluie forte,Deux véhicules - côté,,,,,,,,,,,1,1,4,3,3
200700035934,0007-06-13 11:20:00,7,6,13,11,20,540,159,BLAINVILLE (RUE DE),,,Plein jour,En agglomération,Intersection en X,Normale,Deux véhicules - côté,,,,,,,,,,,1,2,2,1,3
200700035935,0007-06-01 08:25:00,7,6,1,8,25,540,395,"1, LIBERATION (AVENUE DE",,,Plein jour,En agglomération,Intersection en T,Pluie légère,Trois véhicules et plus - collisions multiples,,,,,,,,,,,1,2,3,2,5
200700035936,0007-06-01 13:00:00,7,6,1,13,0,540,274,"1, LECLERC (RUE DU GENER",,,Plein jour,En agglomération,Intersection en T,Normale,Deux véhicules - arrière,,,,,,,,,,,1,2,3,1,2
200700035937,0007-06-02 16:10:00,7,6,2,16,10,540,439,DE GAULLE (AVENUE CHARLE,,,Plein jour,En agglomération,Intersection en T,Normale,Deux véhicules - arrière,,,,,,,,,,,1,2,3,1,2
200700035938,0007-06-03 12:30:00,7,6,3,12,30,540,395,"150, LECLERC (AV. DU GEN",,,Plein jour,En agglomération,Hors intersection,Normale,Deux véhicules - arrière,,,,,,,,,,,1,2,1,1,2
200700035939,0007-06-05 20:10:00,7,6,5,20,10,540,395,"1, MALZEVILLE (PONT DE)",,,Plein jour,En agglomération,Intersection en X,Normale,Deux véhicules - côté,,,,,,,,,,,1,2,2,1,3
200700035940,0007-06-05 23:45:00,7,6,5,23,45,540,395,"1, AUSTRASIE (BOULEVARD)",,,Nuit avec éclairage allumé,Hors agglomération,Hors intersection,Normale,Autre collision,,,,,,,,,,,5,1,1,1,6
200700035941,0007-06-06 10:23:00,7,6,6,10,23,540,547,"1, EUROPE (BOULEVARD DE",,,Plein jour,En agglomération,Intersection en X,Normale,Autre collision,,,,,,,,,,,1,2,2,1,6
200700035942,0007-06-06 13:10:00,7,6,6,13,10,540,578,"3, GIRAUDOUX (RUE JEAN)",,,Plein jour,En agglomération,Hors intersection,Normale,Deux véhicules - côté,,,,,,,,,,,1,2,1,1,3
200700035943,0007-06-06 13:55:00,7,6,6,13,55,540,395,PINCHARD (AVENUE - OMBEL,,,Plein jour,En agglomération,Hors intersection,Normale,Autre collision,,,,,,,,,,,1,2,1,1,6
200700035944,0007-06-06 18:50:00,7,6,6,18,50,540,395,"193, BOUFFLERS (AV. DE 7",,,Plein jour,En agglomération,Intersection en Y,Normale,Deux véhicules - arrière,,,,,,,,,,,1,2,4,1,2
200700035945,0007-06-07 20:40:00,7,6,7,20,40,540,395,", PINCHARD (AVENUE - TAM",,,Plein jour,En agglomération,Hors intersection,Normale,Autre collision,,,,,,,,,,,1,2,1,1,6
200700035946,0007-06-08 19:25:00,7,6,8,19,25,540,395,"49, DE LATTRE DE TASSIGN",,,Plein jour,En agglomération,Hors intersection,Pluie légère,Trois véhicules et plus - collisions multiples,,,,,,,,,,,1,2,1,2,5