accident_id,datetime,annee,mois,jour,heure,minute,departement,commune_insee,adresse,latitude,longitude,luminosite,agglomeration,intersection,meteo,collision,nb_vehicules,nb_usagers,nb_indemnes,nb_tues,nb_blesses_hosp,nb_blesses_legers,age_cond_1,age_cond_2,veh_type_cond_1,veh_type_cond_2,lum_code,agg_code,int_code,atm_code,col_code
200700036081,0007-06-02 16:30:00,7,6,2,16,30,570,631,"1, HAUSEN (RUE DOMINIQUE",,,Plein jour,En agglomération,Hors intersection,Temps couvert,Deux véhicules - côté,,,,,,,,,,,1,2,1,8,3
200700036082,0007-06-02 08:15:00,7,6,2,8,15,570,672,COMTE DE BERTIER (AVENUE,,,Plein jour,En agglomération,Hors intersection,Normale,Autre collision,,,,,,,,,,,1,2,1,1,6
200700036083,0007-06-01 13:25:00,7,6,1,13,25,570,672,"0, CROIX-HEPICH (ROUTE D",,,Plein jour,Hors agglomération,Hors intersection,Pluie légère,Sans collision,,,,,,,,,,,1,1,1,2,7
200700036084,0007-06-01 07:30:00,7,6,1,7,30,570,672,"0, JEAN WEHE (RUE)",,,Plein jour,En agglomération,Intersection en T,Pluie forte,Deux véhicules - côté,,,,,,,,,,,1,2,3,3,3
200700036085,0007-06-03 15:10:00,7,6,3,15,10,570,221,LONGWY (RUE DE),,,Plein jour,En agglomération,Intersection en T,Normale,Deux véhicules - frontale,,,,,,,,,,,1,2,3,1,1
200700036086,0007-06-05 07:55:00,7,6,5,7,55,570,672,"0, FOCH (BOULEVARD)",,,Plein jour,En agglomération,Intersection en X,Normale,Deux véhicules - côté,,,,,,,,,,,1,2,2,1,3
200700036087,0007-06-07 09:15:00,7,6,7,9,15,570,757,Nations (Avenue),,,Plein jour,En agglomération,Hors intersection,Normale,Autre collision,,,,,,,,,,,1,2,1,1,6
200700036088,0007-06-07 13:35:00,7,6,7,13,35,570,672,"89, PAUL ALBERT (RUE) -",,,Plein jour,En agglomération,Hors intersection,Normale,Autre collision,,,,,,,,,,,1,2,1,1,6
200700036089,0007-06-03 11:20:00,7,6,3,11,20,570,508,"14, CHAPELLE (RUE DE LA)",,,Plein jour,En agglomération,Hors intersection,Normale,Deux véhicules - arrière,,,,,,,,,,,1,2,1,1,2
200700036090,0007-06-10 22:10:00,7,6,10,22,10,570,221,LORRAINE (AVENUE DE),,,Nuit avec éclairage allumé,En agglomération,Intersection en X,Normale,Deux véhicules - côté,,,,,,,,,,,5,2,2,1,3
200700036091,0007-06-09 03:15:00,7,6,9,3,15,570,672,"13, ASIE (CHAUSSEE D') -",,,Nuit avec éclairage allumé,En agglomération,Hors intersection,Normale,Autre collision,,,,,,,,,,,5,2,1,1,6
200700036092,0007-06-11 23:50:00,7,6,11,23,50,570,441,GARCHE (ROUTE DE),,,Nuit sans éclairage public,Hors agglomération,Hors intersection,Normale,Autre collision,,,,,,,,,,,3,1,1,1,6
200700036093,0007-06-08 18:15:00,7,6,8,18,15,570,672,"6, RAYMOND POINCARE (ALL",,,Plein jour,En agglomération,Intersection en X,Normale,Deux véhicules - arrière,,,,,,,,,,,1,2,2,1,2
200700036094,0007-06-08 06:15:00,7,6,8,6,15,570,12,GENERAL DE GAULLE (RUE D,,,Plein jour,En agglomération,Hors intersection,Normale,Deux véhicules - frontale,,,,,,,,,,,1,2,1,1,1
200700036095,0007-06-13 17:20:00,7,6,13,17,20,570,672,ARLON (ROUTE D'),,,Plein jour,En agglomération,Hors intersection,Normale,Deux véhicules - arrière,,,,,,,,,,,1,2,1,1,2
200700036096,0007-06-17 05:50:00,7,6,17,5,50,570,508,ALGRANGE (RUE D'),,,Crépuscule ou aube,En agglomération,Hors intersection,Normale,Autre collision,,,,,,,,,,,2,2,1,1,6
200700036097,0007-06-17 14:05:00,7,6,17,14,5,570,508,JOFFRE (RUE),,,Plein jour,En agglomération,Intersection en T,Normale,Deux véhicules - côté,,,,,,,,,,,1,2,3,1,3
200700036098,0007-06-15 16:35:00,7,6,15,16,35,570,672,"0, ENTRANGE (RUE D')",,,Plein jour,En agglomération,Hors intersection,Normale,Sans collision,,,,,,,,,,,1,2,1,1,7
200700036099,0007-06-15 11:05:00,7,6,15,11,5,570,672,GENERAL DE CASTELNAU (RU,,,Plein jour,En agglomération,Hors intersection,Normale,Autre collision,,,,,,,,,,,1,2,1,1,6
200700036100,0007-06-18 03:15:00,7,6,18,3,15,570,672,SAINT-MICHEL (MONTEE DU),,,Nuit sans éclairage public,Hors agglomération,Hors intersection,Pluie légère,Autre collision,,,,,,,,,,,3,1,1,2,6
200700036101,0007-06-15 11:50:00,7,6,15,11,50,570,672,"0, FOCH (BOULEVARD)",,,Plein jour,En agglomération,Intersection en X,Normale,Deux véhicules - côté,,,,,,,,,,,1,2,2,1,3
200700036102,0007-06-15 19:55:00,7,6,15,19,55,570,666,"0, VERDUN (ROUTE DE)",,,Plein jour,En agglomération,Hors intersection,Normale,Deux véhicules - côté,,,,,,,,,,,1,2,1,1,3
200700036103,0007-06-21 09:40:00,7,6,21,9,40,570,672,ESCH SUR ALZETTE (ROUTE,,,Plein jour,En agglomération,Giratoire,Normale,Autre collision,,,,,,,,,,,1,2,6,1,6
200700036104,0007-06-22 07:00:00,7,6,22,7,0,570,441,"0, TILLEULS (RUE DES)",,,Plein jour,En agglomération,Intersection en X,Pluie légère,Sans collision,,,,,,,,,,,1,2,2,2,7
200700036105,0007-06-25 09:45:00,7,6,25,9,45,570,672,ESCH SUR ALZETTE (ROUTE,,,Plein jour,En agglomération,Intersection en X,Pluie forte,Deux véhicules - côté,,,,,,,,,,,1,2,2,3,3
200700036106,0007-06-25 18:25:00,7,6,25,18,25,570,672,"50, GUENTRANGE (ROUTE DE",,,Plein jour,En agglomération,Hors intersection,Normale,Deux véhicules - côté,,,,,,,,,,,1,2,1,1,3
200700036107,0007-06-30 22:25:00,7,6,30,22,25,570,12,"46, CLEMENCEAU (RUE)",,,Nuit avec éclairage allumé,En agglomération,Intersection en X,Normale,Deux véhicules - côté,,,,,,,,,,,5,2,2,1,3
200700036108,0007-06-27 17:10:00,7,6,27,17,10,570,672,"1, LINKLING (RUE DU )",,,Plein jour,En agglomération,Hors intersection,Normale,Deux véhicules - côté,,,,,,,,,,,1,2,1,1,3
200700036109,0007-06-12 16:15:00,7,6,12,16,15,580,194,"21, MANTOUE (QUAI)",,,Plein jour,En agglomération,Hors intersection,Normale,Sans collision,,,,,,,,,,,1,2,1,1,7
200700036110,0007-06-17 13:20:00,7,6,17,13,20,580,194,"sans, CHAMP DE FOIRE (RU",,,Plein jour,En agglomération,Hors intersection,Normale,Sans collision,,,,,,,,,,,1,2,1,1,7
200700036111,0007-06-06 15:45:00,7,6,6,15,45,580,194,"SANS, VICTOR GUENEAU (PR",,,Plein jour,En agglomération,Hors intersection,Normale,Autre collision,,,,,,,,,,,1,2,1,1,6
200700036112,0007-06-13 10:35:00,7,6,13,10,35,580,194,"71, BAS MONTOTS (CHEMIN)",,,Plein jour,En agglomération,Hors intersection,Normale,Autre collision,,,,,,,,,,,1,2,1,1,6
200700036113,0007-06-13 22:00:00,7,6,13,22,0,580,194,"sans, MARECHAL JUIN",,,Nuit avec éclairage allumé,En agglomération,Hors intersection,Normale,Deux véhicules - côté,,,,,,,,,,,5,2,1,1,3
200700036114,0007-06-16 17:50:00,7,6,16,17,50,580,194,"SANS, MARCEAU",,,Plein jour,En agglomération,Hors intersection,Normale,Autre collision,,,,,,,,,,,1,2,1,1,6
200700036115,0007-06-18 09:55:00,7,6,18,9,55,580,194,"sans, HENRI BOUQUILLARD",,,Plein jour,En agglomération,Intersection en X,Normale,Deux véhicules - côté,,,,,,,,,,,1,2,2,1,3
200700036116,0007-06-21 20:20:00,7,6,21,20,20,580,194,"sans, TREIZIEME DE LIGNE",,,Plein jour,En agglomération,Hors intersection,Normale,Trois véhicules et plus - en chaîne,,,,,,,,,,,1,2,1,1,4
200700036117,0007-06-27 17:10:00,7,6,27,17,10,580,194,"sans, GRAND PRE DES BORD",,,Plein jour,En agglomération,Hors intersection,Normale,Deux véhicules - côté,,,,,,,,,,,1,2,1,1,3
200700036118,0007-06-30 16:50:00,7,6,30,16,50,580,194,"sans, RAOUL DAUTRY",,,Plein jour,En agglomération,Hors intersection,Normale,Deux véhicules - côté,,,,,,,,,,,1,2,1,1,3
200700036119,0007-06-02 21:55:00,7,6,2,21,55,590,17,STRASBOURG (RUE DE ),,,Plein jour,En agglomération,Hors intersection,Normale,Autre collision,,,,,,,,,,,1,2,1,1,6
200700036120,0007-06-06 17:00:00,7,6,6,17,0,590,143,"655, NATIONALE  ( ROUTE)",,,Plein jour,Hors agglomération,Hors intersection,Normale,Deux véhicules - côté,,,,,,,,,,,1,1,1,1,3
200700036121,0007-06-10 06:30:00,7,6,10,6,30,590,41,"63, MAUBEUGE (RUE DE)",,,Plein jour,En agglomération,Hors intersection,Normale,Sans collision,,,,,,,,,,,1,2,1,1,7
200700036122,0007-06-26 18:05:00,7,6,26,18,5,590,122,BEZIN (BOULEVARD PAUL),,,Plein jour,En agglomération,Hors intersection,Normale,Autre collision,,,,,,,,,,,1,2,1,1,6
200700036123,0007-06-20 09:51:00,7,6,20,9,51,590,597,RIOT DES SAULES,,,Plein jour,En agglomération,Hors intersection,Normale,Deux véhicules - arrière,,,,,,,,,,,1,2,1,1,2
200700036124,0007-06-08 14:15:00,7,6,8,14,15,590,153,"24 BIS, CHAUSSIETTE (RUE",,,Plein jour,En agglomération,Hors intersection,Pluie légère,Deux véhicules - arrière,,,,,,,,,,,1,2,1,2,2
200700036125,0007-06-25 18:15:00,7,6,25,18,15,590,253,JAURES (RUE JEAN ),,,Plein jour,En agglomération,Hors intersection,Normale,Sans collision,,,,,,,,,,,1,2,1,1,7
200700036126,0007-06-23 04:30:00,7,6,23,4,30,590,172,"., RN 455",,,Nuit avec éclairage allumé,Hors agglomération,Hors intersection,Normale,Autre collision,,,,,,,,,,,5,1,1,1,6
200700036127,0007-06-04 14:25:00,7,6,4,14,25,590,569,D500,,,Plein jour,Hors agglomération,Hors intersection,Normale,Trois véhicules et plus - collisions multiples,,,,,,,,,,,1,1,1,1,5
200700036128,0007-06-17 15:00:00,7,6,17,15,0,590,569,C (ALLEE - LA SUCRERIE),,,Plein jour,En agglomération,Intersection en X,Normale,Deux véhicules - arrière,,,,,,,,,,,1,2,2,1,2
200700036129,0007-06-18 20:50:00,7,6,18,20,50,590,327,A (ALLEE - CITE DES HAUT,,,Plein jour,En agglomération,Intersection en X,Normale,Deux véhicules - côté,,,,,,,,,,,1,2,2,1,3
200700036130,0007-06-05 19:05:00,7,6,5,19,5,590,540,OIELLETS - ALLEE,,,Plein jour,En agglomération,Intersection en T,Normale,Deux véhicules - côté,,,,,,,,,,,1,2,3,1,3
200700036131,0007-06-07 18:30:00,7,6,7,18,30,590,155,"., AUTOROUTE A16",,,Plein jour,Hors agglomération,Hors intersection,Normale,Trois véhicules et plus - collisions multiples,,,,,,,,,,,1,1,1,1,5
200700036132,0007-06-11 22:20:00,7,6,11,22,20,590,588,"0.000, COUDEKERQUE - ROU",,,Nuit avec éclairage allumé,Hors agglomération,Hors intersection,Normale,Autre collision,,,,,,,,,,,5,1,1,1,6
200700036133,0007-06-15 17:35:00,7,6,15,17,35,590,183,"3570, PETITE-SYNTHE CD 9",,,Plein jour,En agglomération,Hors intersection,Normale,Trois véhicules et plus - collisions multiples,,,,,,,,,,,1,2,1,1,5
200700036134,0007-06-15 20:10:00,7,6,15,20,10,590,183,"000, PARIS",,,Plein jour,En agglomération,Hors intersection,Pluie forte,Trois véhicules et plus - en chaîne,,,,,,,,,,,1,2,1,3,4
200700036135,0007-06-21 13:25:00,7,6,21,13,25,590,183,HECQUET CONSTANT,,,Plein jour,En agglomération,Hors intersection,Normale,Autre collision,,,,,,,,,,,1,2,1,1,6
200700036136,0007-06-27 19:45:00,7,6,27,19,45,590,540,"136, REPUBLIQUE",,,Plein jour,En agglomération,Hors intersection,Normale,Deux véhicules - arrière,,,,,,,,,,,1,2,1,1,2
200700036137,0007-06-05 21:52:00,7,6,5,21,52,590,659,"32, VERDUN (RUE DE)",,,Nuit avec éclairage allumé,En agglomération,Autre intersection,Normale,Sans collision,,,,,,,,,,,5,2,9,1,7
200700036138,0007-06-04 13:40:00,7,6,4,13,40,590,273,VIEUX CHEMIN DE LOON (Ro,,,Plein jour,En agglomération,Hors intersection,Normale,Deux véhicules - côté,,,,,,,,,,,1,2,1,1,3
200700036139,0007-06-28 07:30:00,7,6,28,7,30,590,273,LOTI  (SQUARE PIERRE),,,Plein jour,En agglomération,Hors intersection,Normale,Autre collision,,,,,,,,,,,1,2,1,1,6
200700036140,0007-06-09 05:50:00,7,6,9,5,50,590,273,ISLANDAIS (RUE DES),,,Crépuscule ou aube,En agglomération,Hors intersection,Normale,Sans collision,,,,,,,,,,,2,2,1,1,7
200700036141,0007-06-01 11:15:00,7,6,1,11,15,590,350,TACQ ANTOINE PLACE,,,Plein jour,En agglomération,Intersection à plus de 4 branches,Normale,Deux véhicules - arrière,,,,,,,,,,,1,2,5,1,2
200700036142,0007-06-01 19:35:00,7,6,1,19,35,590,9,"07, BOULEAUX RUE DES",,,Plein jour,En agglomération,Hors intersection,Normale,Autre collision,,,,,,,,,,,1,2,1,1,6
200700036143,0007-06-01 16:40:00,7,6,1,16,40,590,360,"00, CHATELET ALBERT RUE",,,Plein jour,En agglomération,Hors intersection,Pluie légère,Autre collision,,,,,,,,,,,1,2,1,2,6
200700036144,0007-06-01 17:40:00,7,6,1,17,40,590,368,"229, REPUBLIQUE AVENUE D",,,Plein jour,En agglomération,Hors intersection,Normale,Sans collision,,,,,,,,,,,1,2,1,1,7
200700036145,0007-06-04 06:00:00,7,6,4,6,0,590,328,"244, DUNKERQUE AVENUE DE",,,Plein jour,En agglomération,Hors intersection,Normale,Deux véhicules - côté,,,,,,,,,,,1,2,1,1,3
200700036146,0007-06-04 08:45:00,7,6,4,8,45,590,350,"797, DUNKERQUE AVENUE DE",,,Plein jour,En agglomération,Hors intersection,Normale,Deux véhicules - arrière,,,,,,,,,,,1,2,1,1,2
200700036147,0007-06-04 14:20:00,7,6,4,14,20,590,350,"37, CANONNIERS RUE DES 1",,,Plein jour,En agglomération,Hors intersection,Normale,Autre collision,,,,,,,,,,,1,2,1,1,6
200700036148,0007-06-04 18:20:00,7,6,4,18,20,590,9,OUEST BOULEVARD DE L,,,Plein jour,En agglomération,Intersection en X,Normale,Deux véhicules - côté,,,,,,,,,,,1,2,2,1,3
200700036149,0007-06-06 11:20:00,7,6,6,11,20,590,350,LIBERTE BVD N°147 A FIN-,,,Plein jour,En agglomération,Intersection en X,Normale,Deux véhicules - côté,,,,,,,,,,,1,2,2,1,3
200700036150,0007-06-05 19:20:00,7,6,5,19,20,590,378,"001, GUYNEMER AVENUE",,,Plein jour,En agglomération,Intersection en X,Normale,Deux véhicules - côté,,,,,,,,,,,1,2,2,1,3
200700036151,0007-06-06 19:30:00,7,6,6,19,30,590,9,"21, HEM RUE D",,,Plein jour,En agglomération,Hors intersection,Normale,Autre collision,,,,,,,,,,,1,2,1,1,6
200700036152,0007-06-06 17:30:00,7,6,6,17,30,590,350,TOURNAI PONT DE,,,Plein jour,En agglomération,Hors intersection,Normale,Deux véhicules - arrière,,,,,,,,,,,1,2,1,1,2
200700036153,0007-06-06 17:05:00,7,6,6,17,5,590,360,"12, ROUSSEAU JEAN JACQUE",,,Plein jour,En agglomération,Hors intersection,Normale,Autre collision,,,,,,,,,,,1,2,1,1,6
200700036154,0007-06-06 15:20:00,7,6,6,15,20,590,350,ERFURT PONT,,,Plein jour,En agglomération,Hors intersection,Normale,Autre collision,,,,,,,,,,,1,2,1,1,6
200700036155,0007-06-07 15:10:00,7,6,7,15,10,590,378,MENIN RUE DE,,,Plein jour,En agglomération,Intersection en X,Normale,Deux véhicules - arrière,,,,,,,,,,,1,2,2,1,2
200700036156,0007-06-08 09:25:00,7,6,8,9,25,590,350,DOUAI RUE,,,Plein jour,En agglomération,Intersection en X,Normale,Autre collision,,,,,,,,,,,1,2,2,1,6
200700036157,0007-06-08 09:28:00,7,6,8,9,28,590,350,"6, MOLINEL RUE N°PAIRS",,,Plein jour,En agglomération,Hors intersection,Normale,Autre collision,,,,,,,,,,,1,2,1,1,6
200700036158,0007-06-10 18:25:00,7,6,10,18,25,590,9,BIZET GEORGES BOULEVARD,,,Plein jour,En agglomération,Hors intersection,Normale,Autre collision,,,,,,,,,,,1,2,1,1,6
200700036159,0007-06-10 15:00:00,7,6,10,15,0,590,350,"62, STRASBOURG BOULEVARD",,,Plein jour,En agglomération,Hors intersection,Normale,Autre collision,,,,,,,,,,,1,2,1,1,6
200700036160,0007-06-08 16:25:00,7,6,8,16,25,590,410,"21, BLUM LEON AVENUE",,,Plein jour,En agglomération,Hors intersection,Pluie légère,Autre collision,,,,,,,,,,,1,2,1,2,6
200700036161,0007-06-11 09:10:00,7,6,11,9,10,590,378,"Sans objet, REPUBLIQUE A",,,Plein jour,En agglomération,Hors intersection,Temps couvert,Autre collision,,,,,,,,,,,1,2,1,8,6
200700036162,0007-06-06 07:40:00,7,6,6,7,40,590,9,"Sans objet, GUESDE JULES",,,Plein jour,En agglomération,Intersection en X,Normale,Autre collision,,,,,,,,,,,1,2,2,1,6
200700036163,0007-06-12 08:10:00,7,6,12,8,10,590,350,DUNKERQUE AVENUE,,,Plein jour,En agglomération,Intersection en X,Normale,Autre collision,,,,,,,,,,,1,2,2,1,6
200700036164,0007-06-12 20:00:00,7,6,12,20,0,590,350,"188, LIBERTE BVD N°147 A",,,Plein jour,En agglomération,Intersection en X,Normale,Autre collision,,,,,,,,,,,1,2,2,1,6
200700036165,0007-06-12 17:00:00,7,6,12,17,0,590,350,NATIONALE RUE N°2 A 178B,,,Plein jour,En agglomération,Intersection en T,Normale,Deux véhicules - côté,,,,,,,,,,,1,2,3,1,3
200700036166,0007-06-13 16:45:00,7,6,13,16,45,590,128,"48, POINCARE RUE",,,Plein jour,En agglomération,Hors intersection,Normale,Autre collision,,,,,,,,,,,1,2,1,1,6
200700036167,0007-06-13 16:15:00,7,6,13,16,15,590,350,MOLINEL RUE DU,,,Plein jour,En agglomération,Hors intersection,Normale,Deux véhicules - côté,,,,,,,,,,,1,2,1,1,3
200700036168,0007-06-14 10:15:00,7,6,14,10,15,590,350,"86, MONTEBELLO BD PAIRS",,,Plein jour,En agglomération,Hors intersection,Normale,Autre collision,,,,,,,,,,,1,2,1,1,6
200700036169,0007-06-14 17:55:00,7,6,14,17,55,590,350,"89, DORMOY MARX AVENUE",,,Plein jour,En agglomération,Hors intersection,Normale,Autre collision,,,,,,,,,,,1,2,1,1,6
200700036170,0007-06-15 09:30:00,7,6,15,9,30,590,350,ARRAS RUE D,,,Plein jour,En agglomération,Intersection en X,Normale,Deux véhicules - côté,,,,,,,,,,,1,2,2,1,3
200700036171,0007-06-15 15:20:00,7,6,15,15,20,590,350,"55 B, JACQUEMART GIELEE",,,Plein jour,En agglomération,Hors intersection,Normale,Deux véhicules - côté,,,,,,,,,,,1,2,1,1,3
200700036172,0007-06-15 19:45:00,7,6,15,19,45,590,350,MEUREIN RUE N°   RESTE,,,Plein jour,En agglomération,Intersection en X,Normale,Deux véhicules - côté,,,,,,,,,,,1,2,2,1,3
200700036173,0007-06-15 23:45:00,7,6,15,23,45,590,350,LIBERTE BVD N°2 A 90-51,,,Nuit avec éclairage allumé,En agglomération,Intersection en T,Normale,Autre collision,,,,,,,,,,,5,2,3,1,6
200700036174,0007-06-16 10:15:00,7,6,16,10,15,590,386,INDUSTRIELLE AVENUE,,,Plein jour,En agglomération,Intersection en X,Pluie forte,Deux véhicules - côté,,,,,,,,,,,1,2,2,3,3
200700036175,0007-06-16 10:30:00,7,6,16,10,30,590,350,"00, ALSACE BOULEVARD D",,,Plein jour,En agglomération,Intersection en X,Pluie forte,Autre collision,,,,,,,,,,,1,2,2,3,6
200700036176,0007-06-16 13:30:00,7,6,16,13,30,590,507,DE LATTRE DE TASSIGNY AV,,,Plein jour,En agglomération,Place,Pluie forte,Trois véhicules et plus - collisions multiples,,,,,,,,,,,1,2,7,3,5
200700036177,0007-06-16 18:45:00,7,6,16,18,45,590,378,REPUBLIQUE AV DE LA (N°9,,,Plein jour,En agglomération,Hors intersection,Pluie légère,Sans collision,,,,,,,,,,,1,2,1,2,7
200700036178,0007-06-17 17:15:00,7,6,17,17,15,590,9,"18, DE MONTALEMBERT BVD",,,Plein jour,En agglomération,Hors intersection,Normale,Autre collision,,,,,,,,,,,1,2,1,1,6
200700036179,0007-06-19 10:00:00,7,6,19,10,0,590,350,"42, ARBRISSEAU RUE DE L",,,Plein jour,En agglomération,Hors intersection,Normale,Deux véhicules - frontale,,,,,,,,,,,1,2,1,1,1
200700036180,0007-06-19 11:15:00,7,6,19,11,15,590,9,CHAMPOLLION AVENUE,,,Plein jour,En agglomération,Hors intersection,Normale,Deux véhicules - côté,,,,,,,,,,,1,2,1,1,3
200700036181,0007-06-19 21:00:00,7,6,19,21,0,590,9,GUESDE JULES RUE,,,Plein jour,En agglomération,Intersection en T,Normale,Deux véhicules - côté,,,,,,,,,,,1,2,3,1,3
200700036182,0007-06-19 15:55:00,7,6,19,15,55,590,386,"42, WAMBRECHIES RUE DE",,,Plein jour,En agglomération,Hors intersection,Normale,Sans collision,,,,,,,,,,,1,2,1,1,7
200700036183,0007-06-21 09:00:00,7,6,21,9,0,590,386,"73, WAMBRECHIES RUE DE",,,Plein jour,En agglomération,Hors intersection,Pluie légère,Deux véhicules - arrière,,,,,,,,,,,1,2,1,2,2
200700036184,0007-06-21 20:10:00,7,6,21,20,10,590,350,"245, NATIONALE RUE N°2 A",,,Plein jour,En agglomération,Intersection en X,Normale,Deux véhicules - côté,,,,,,,,,,,1,2,2,1,3
200700036185,0007-06-21 19:45:00,7,6,21,19,45,590,247,"26, PRINCIPALE RUE",,,Plein jour,En agglomération,Hors intersection,Normale,Autre collision,,,,,,,,,,,1,2,1,1,6
200700036186,0007-06-23 06:50:00,7,6,23,6,50,590,350,"001, LORRAINE BOULEVARD",,,Plein jour,En agglomération,Intersection en X,Normale,Deux véhicules - arrière,,,,,,,,,,,1,2,2,1,2
200700036187,0007-06-23 21:15:00,7,6,23,21,15,590,350,"288, SOLFERINO RUE N°208",,,Crépuscule ou aube,En agglomération,Hors intersection,Normale,Deux véhicules - côté,,,,,,,,,,,2,2,1,1,3
200700036188,0007-06-24 08:45:00,7,6,24,8,45,590,328,LAVOISIER RUE,,,Plein jour,En agglomération,Intersection en X,Normale,Deux véhicules - côté,,,,,,,,,,,1,2,2,1,3
200700036189,0007-06-24 19:10:00,7,6,24,19,10,590,350,PRINCESSE RUE,,,Plein jour,En agglomération,Intersection en X,Pluie forte,Deux véhicules - côté,,,,,,,,,,,1,2,2,3,3
200700036190,0007-06-25 07:15:00,7,6,25,7,15,590,350,LEEDS BOULEVARD,,,Plein jour,En agglomération,Intersection en X,Autre,Deux véhicules - côté,,,,,,,,,,,1,2,2,9,3
200700036191,0007-06-18 17:50:00,7,6,18,17,50,590,328,"277, BOURG RUE DU N°245",,,Plein jour,En agglomération,Hors intersection,Normale,Autre collision,,,,,,,,,,,1,2,1,1,6
200700036192,0007-06-25 21:00:00,7,6,25,21,0,590,346,R.D. 48,,,Plein jour,En agglomération,Hors intersection,Temps couvert,Deux véhicules - frontale,,,,,,,,,,,1,2,1,8,1
200700036193,0007-06-28 15:00:00,7,6,28,15,0,590,350,"001, CANONNIERS RUE DES",,,Plein jour,En agglomération,Intersection en Y,Normale,Deux véhicules - côté,,,,,,,,,,,1,2,4,1,3
200700036194,0007-06-22 16:15:00,7,6,22,16,15,590,368,"105, REPUBLIQUE AVENUE D",,,Plein jour,En agglomération,Hors intersection,Temps couvert,Sans collision,,,,,,,,,,,1,2,1,8,7
200700036195,0007-06-29 11:20:00,7,6,29,11,20,590,350,"156, LEGRAND PIERRE RUE",,,Plein jour,En agglomération,Hors intersection,Pluie forte,Sans collision,,,,,,,,,,,1,2,1,3,7
200700036196,0007-06-26 09:00:00,7,6,26,9,0,590,560,"493, TEMPLEMARS ROUTE DE",,,Plein jour,En agglomération,Hors intersection,Pluie légère,Deux véhicules - côté,,,,,,,,,,,1,2,1,2,3
200700036197,0007-06-29 18:05:00,7,6,29,18,5,590,9,FAIDHERBE RUE,,,Plein jour,En agglomération,Intersection en T,Normale,Trois véhicules et plus - collisions multiples,,,,,,,,,,,1,2,3,1,5
200700036198,0007-06-29 18:40:00,7,6,29,18,40,590,609,SECLIN RUE DE,,,Plein jour,En agglomération,Intersection en X,Normale,Deux véhicules - côté,,,,,,,,,,,1,2,2,1,3
200700036199,0007-06-29 19:50:00,7,6,29,19,50,590,378,CLEMENCEAU BLVD (N°168-2,,,Plein jour,En agglomération,Intersection en T,Temps couvert,Deux véhicules - côté,,,,,,,,,,,1,2,3,8,3
200700036200,0007-06-29 21:45:00,7,6,29,21,45,590,286,GAMBETTA LEON RUE,,,Plein jour,En agglomération,Hors intersection,Normale,Autre collision,,,,,,,,,,,1,2,1,1,6
200700036201,0007-06-29 23:15:00,7,6,29,23,15,590,350,FAUBOURG DE BETHUNE RUE,,,Nuit avec éclairage allumé,En agglomération,Intersection en X,Normale,Deux véhicules - côté,,,,,,,,,,,5,2,2,1,3
200700036202,0007-06-30 11:10:00,7,6,30,11,10,590,609,"001, SECLIN RUE DE",,,Plein jour,En agglomération,Intersection en Y,Normale,Deux véhicules - côté,,,,,,,,,,,1,2,4,1,3
200700036203,0007-06-27 16:20:00,7,6,27,16,20,590,360,TRAIN DE LOOS AVENUE DU,,,Plein jour,Hors agglomération,Hors intersection,Normale,Autre collision,,,,,,,,,,,1,1,1,1,6
200700036204,0007-06-24 20:15:00,7,6,24,20,15,590,328,LECLERC AVENUE DU MARECH,,,Plein jour,En agglomération,Intersection en X,Normale,Sans collision,,,,,,,,,,,1,2,2,1,7
200700036205,0007-06-03 21:30:00,7,6,3,21,30,590,350,"00, DUNKERQUE AVENUE",,,Crépuscule ou aube,En agglomération,Intersection en X,Normale,Autre collision,,,,,,,,,,,2,2,2,1,6
200700036206,0007-06-13 17:55:00,7,6,13,17,55,590,392,CASIMIR FOURNIER (RUE),,,Plein jour,En agglomération,Intersection en T,Normale,Deux véhicules - arrière,,,,,,,,,,,1,2,3,1,2
200700036207,0007-06-22 15:15:00,7,6,22,15,15,590,21,BOUSSOIS (ROUTE DE),,,Plein jour,En agglomération,Hors intersection,Normale,Sans collision,,,,,,,,,,,1,2,1,1,7
200700036208,0007-06-04 13:30:00,7,6,4,13,30,590,512,COLBERT (RUE),,,Plein jour,En agglomération,Intersection en X,Normale,Deux véhicules - côté,,,,,,,,,,,1,2,2,1,3
200700036209,0007-06-01 20:05:00,7,6,1,20,5,590,650,GUESDE (RUE JULES),,,Plein jour,En agglomération,Hors intersection,Temps couvert,Autre collision,,,,,,,,,,,1,2,1,8,6
200700036210,0007-06-02 17:25:00,7,6,2,17,25,590,512,DELORY (AVENUE GUSTAVE),,,Plein jour,En agglomération,Intersection en T,Normale,Deux véhicules - côté,,,,,,,,,,,1,2,3,1,3
200700036211,0007-06-06 19:10:00,7,6,6,19,10,590,367,VERDIERS (RUE DES),,,Plein jour,Hors agglomération,Hors intersection,Normale,Autre collision,,,,,,,,,,,1,1,1,1,6
200700036212,0007-06-08 08:45:00,7,6,8,8,45,590,512,EPEULE  (RUE DE L'),,,Plein jour,En agglomération,Hors intersection,Normale,Autre collision,,,,,,,,,,,1,2,1,1,6
200700036213,0007-06-04 11:40:00,7,6,4,11,40,590,339,EUROPE (AVENUE DE L'),,,Plein jour,Hors agglomération,Intersection en T,Normale,Deux véhicules - frontale,,,,,,,,,,,1,1,3,1,1
200700036214,0007-06-02 17:50:00,7,6,2,17,50,590,512,LAGACHE (AVENUE JULIEN),,,Plein jour,En agglomération,Intersection en X,Normale,Deux véhicules - côté,,,,,,,,,,,1,2,2,1,3