accident_id,datetime,annee,mois,jour,heure,minute,departement,commune_insee,adresse,latitude,longitude,luminosite,agglomeration,intersection,meteo,collision,nb_vehicules,nb_usagers,nb_indemnes,nb_tues,nb_blesses_hosp,nb_blesses_legers,age_cond_1,age_cond_2,veh_type_cond_1,veh_type_cond_2,lum_code,agg_code,int_code,atm_code,col_code
200700036484,0007-06-01 17:35:00,7,6,1,17,35,670,482,"face au 14, PRESIDENT WI",,,Plein jour,En agglomération,Hors intersection,Normale,Deux véhicules - arrière,,,,,,,,,,,1,2,1,1,2
200700036485,0007-06-01 18:45:00,7,6,1,18,45,670,218,STRASBOURG (ROUTE DE),,,Plein jour,En agglomération,Intersection en T,Normale,Deux véhicules - côté,,,,,,,,,,,1,2,3,1,3
200700036486,0007-06-02 08:15:00,7,6,2,8,15,670,482,"00, PASTEUR (PONT LOUIS)",,,Plein jour,En agglomération,Hors intersection,Normale,Autre collision,,,,,,,,,,,1,2,1,1,6
200700036487,0007-06-02 17:15:00,7,6,2,17,15,670,447,ERSTEIN (RUE D ),,,Plein jour,En agglomération,Hors intersection,Pluie légère,Autre collision,,,,,,,,,,,1,2,1,2,6
200700036488,0007-06-03 15:35:00,7,6,3,15,35,670,482,"00, DOLLER (RUE DE LA)",,,Plein jour,En agglomération,Intersection en X,Normale,Deux véhicules - côté,,,,,,,,,,,1,2,2,1,3
200700036489,0007-06-03 16:30:00,7,6,3,16,30,670,267,MARECHAL FOCH (RUE DU),,,Plein jour,En agglomération,Hors intersection,Normale,Autre collision,,,,,,,,,,,1,2,1,1,6
200700036490,0007-06-04 15:15:00,7,6,4,15,15,670,43,TILLEULS (RUE DES),,,Plein jour,En agglomération,Intersection en X,Normale,Deux véhicules - côté,,,,,,,,,,,1,2,2,1,3
200700036491,0007-06-04 18:15:00,7,6,4,18,15,670,482,"0, DENTELLES (RUE DES)",,,Plein jour,En agglomération,Hors intersection,Normale,Autre collision,,,,,,,,,,,1,2,1,1,6
200700036492,0007-06-05 08:20:00,7,6,5,8,20,670,482,"15, LONDRES (RUE DE)",,,Plein jour,En agglomération,Hors intersection,Normale,Autre collision,,,,,,,,,,,1,2,1,1,6
200700036493,0007-06-05 12:08:00,7,6,5,12,8,670,482,"115, BOECKLIN (RUE)",,,Plein jour,En agglomération,Hors intersection,Normale,Autre collision,,,,,,,,,,,1,2,1,1,6
200700036494,0007-06-05 12:35:00,7,6,5,12,35,670,482,"0, PRESIDENT WILSON (BOU",,,Plein jour,En agglomération,Intersection en T,Normale,Deux véhicules - côté,,,,,,,,,,,1,2,3,1,3
200700036495,0007-06-06 13:20:00,7,6,6,13,20,670,267,"00, SPORTS (RUE DES)",,,Plein jour,En agglomération,Intersection en T,Normale,Deux véhicules - côté,,,,,,,,,,,1,2,3,1,3
200700036496,0007-06-07 08:10:00,7,6,7,8,10,670,482,"00, MARTIN SCHONGAUER (R",,,Plein jour,En agglomération,Hors intersection,Normale,Autre collision,,,,,,,,,,,1,2,1,1,6
200700036497,0007-06-07 16:45:00,7,6,7,16,45,670,482,"00, EGLISE ROUGE (RUE DE",,,Plein jour,En agglomération,Autre intersection,Normale,Autre collision,,,,,,,,,,,1,2,9,1,6
200700036498,0007-06-08 12:45:00,7,6,8,12,45,670,482,"2, ROMAINS (ROUTE DES)",,,Plein jour,En agglomération,Intersection en T,Normale,Autre collision,,,,,,,,,,,1,2,3,1,6
200700036499,0007-06-09 16:25:00,7,6,9,16,25,670,482,"13, ROHRSCHOLLEN (ROUTE",,,Plein jour,En agglomération,Autre intersection,Normale,Autre collision,,,,,,,,,,,1,2,9,1,6
200700036500,0007-06-08 18:05:00,7,6,8,18,5,670,482,"17, SARLAT (RUE DE)",,,Plein jour,En agglomération,Intersection en T,Normale,Autre collision,,,,,,,,,,,1,2,3,1,6
200700036501,0007-06-09 00:01:00,7,6,9,0,1,670,482,"1, ALTENHEIM (ROUTE D )",,,Nuit avec éclairage allumé,En agglomération,Hors intersection,Normale,Autre collision,,,,,,,,,,,5,2,1,1,6
200700036502,0007-06-09 09:45:00,7,6,9,9,45,670,482,"145, SCHIRMECK (ROUTE DE",,,Plein jour,En agglomération,Hors intersection,Normale,Autre collision,,,,,,,,,,,1,2,1,1,6
200700036503,0007-06-09 15:00:00,7,6,9,15,0,670,482,PERTOIS (RUE),,,Plein jour,En agglomération,Intersection en X,Normale,Deux véhicules - côté,,,,,,,,,,,1,2,2,1,3
200700036504,0007-06-09 20:00:00,7,6,9,20,0,670,218,"110, LYON (RTE DE)",,,Plein jour,En agglomération,Hors intersection,Normale,Sans collision,,,,,,,,,,,1,2,1,1,7
200700036505,0007-06-10 15:52:00,7,6,10,15,52,670,447,"00, HERRENSCHMIDT (AVENU",,,Plein jour,En agglomération,Intersection en X,Normale,Deux véhicules - côté,,,,,,,,,,,1,2,2,1,3
200700036506,0007-06-10 23:00:00,7,6,10,23,0,670,482,"0, DANUBE (PONT DU)",,,Nuit avec éclairage allumé,En agglomération,Intersection en X,Pluie légère,Deux véhicules - côté,,,,,,,,,,,5,2,2,2,3
200700036507,0007-06-11 08:30:00,7,6,11,8,30,670,447,"13, EUROPE (AVENUE DE L",,,Plein jour,En agglomération,Hors intersection,Normale,Deux véhicules - côté,,,,,,,,,,,1,2,1,1,3
200700036508,0007-06-11 12:09:00,7,6,11,12,9,670,482,"0, WASSELONNE (RUE DE)",,,Plein jour,En agglomération,Intersection en X,Normale,Autre collision,,,,,,,,,,,1,2,2,1,6
200700036509,0007-06-11 18:20:00,7,6,11,18,20,670,482,"0, CHARLES PEGUY (RUE)",,,Plein jour,En agglomération,Giratoire,Normale,Deux véhicules - arrière,,,,,,,,,,,1,2,6,1,2
200700036510,0007-06-14 18:40:00,7,6,14,18,40,670,482,"6, BENFELD (RUE DE)",,,Plein jour,En agglomération,Hors intersection,Pluie légère,Autre collision,,,,,,,,,,,1,2,1,2,6
200700036511,0007-06-15 15:25:00,7,6,15,15,25,670,482,"000, LYON (BOULEVARD DE)",,,Plein jour,En agglomération,Intersection en X,Pluie forte,Deux véhicules - côté,,,,,,,,,,,1,2,2,3,3
200700036512,0007-06-16 09:25:00,7,6,16,9,25,670,482,"00, BELGES (QUAI DES)",,,Plein jour,En agglomération,Hors intersection,Normale,Autre collision,,,,,,,,,,,1,2,1,1,6
200700036513,0007-06-16 19:55:00,7,6,16,19,55,670,482,"33, PREMIERE ARMEE (RUE",,,Plein jour,En agglomération,Hors intersection,Normale,Deux véhicules - côté,,,,,,,,,,,1,2,1,1,3
200700036514,0007-06-16 20:22:00,7,6,16,20,22,670,482,NANCY (BOULEVARD DE),,,Plein jour,En agglomération,Intersection en T,Normale,Sans collision,,,,,,,,,,,1,2,3,1,7
200700036515,0007-06-16 21:45:00,7,6,16,21,45,670,482,"0, METZ (BOULEVARD DE)",,,Nuit avec éclairage non allumé,En agglomération,Hors intersection,Pluie légère,Deux véhicules - côté,,,,,,,,,,,4,2,1,2,3
200700036516,0007-06-18 13:45:00,7,6,18,13,45,670,447,HAUSBERGEN (ROUTE DE),,,Nuit avec éclairage allumé,En agglomération,Intersection en T,Normale,Autre collision,,,,,,,,,,,5,2,3,1,6
200700036517,0007-06-18 15:30:00,7,6,18,15,30,670,482,"00, AUSTERLITZ (PLACE D",,,Plein jour,En agglomération,Intersection à plus de 4 branches,Normale,Autre collision,,,,,,,,,,,1,2,5,1,6
200700036518,0007-06-18 22:30:00,7,6,18,22,30,670,447,"00, PIERRE MENDES FRANCE",,,Nuit avec éclairage allumé,En agglomération,Hors intersection,Normale,Deux véhicules - côté,,,,,,,,,,,5,2,1,1,3
200700036519,0007-06-19 10:40:00,7,6,19,10,40,670,482,"00, OBERHAUSBERGEN (ROUT",,,Plein jour,En agglomération,Intersection en X,Normale,Deux véhicules - côté,,,,,,,,,,,1,2,2,1,3
200700036520,0007-06-19 13:30:00,7,6,19,13,30,670,482,"56, SCHIRMECK (ROUTE DE)",,,Plein jour,En agglomération,Hors intersection,Normale,Deux véhicules - côté,,,,,,,,,,,1,2,1,1,3
200700036521,0007-06-19 21:25:00,7,6,19,21,25,670,447,"00, 23 NOVEMBRE (AVENUE",,,Nuit avec éclairage allumé,En agglomération,Intersection en T,Normale,Deux véhicules - arrière,,,,,,,,,,,5,2,3,1,2
200700036522,0007-06-20 11:25:00,7,6,20,11,25,670,482,"00, BAILLIS (RUE DES)",,,Plein jour,En agglomération,Intersection en T,Normale,Deux véhicules - côté,,,,,,,,,,,1,2,3,1,3
200700036523,0007-06-21 08:00:00,7,6,21,8,0,670,482,"00, PRINTEMPS (ALLEE DU)",,,Plein jour,En agglomération,Intersection en T,Pluie légère,Deux véhicules - arrière,,,,,,,,,,,1,2,3,2,2
200700036524,0007-06-21 16:00:00,7,6,21,16,0,670,482,"00, VICTOIRE (BOULEVARD",,,Plein jour,En agglomération,Intersection en X,Normale,Deux véhicules - côté,,,,,,,,,,,1,2,2,1,3
200700036525,0007-06-22 09:15:00,7,6,22,9,15,670,218,ESCHAU (ROUTE D ),,,Plein jour,En agglomération,Intersection en X,Pluie légère,Deux véhicules - côté,,,,,,,,,,,1,2,2,2,3
200700036526,0007-06-22 14:10:00,7,6,22,14,10,670,482,SAINT ETIENNE (PLACE),,,Plein jour,En agglomération,Hors intersection,Normale,Autre collision,,,,,,,,,,,1,2,1,1,6
200700036527,0007-06-22 18:50:00,7,6,22,18,50,670,482,"0, PREMIERE ARMEE (RUE D",,,Plein jour,En agglomération,Hors intersection,Pluie légère,Autre collision,,,,,,,,,,,1,2,1,2,6
200700036528,0007-06-26 05:25:00,7,6,26,5,25,670,482,"21, FORET NOIRE (AVENUE",,,Crépuscule ou aube,En agglomération,Hors intersection,Pluie légère,Deux véhicules - arrière,,,,,,,,,,,2,2,1,2,2
200700036529,0007-06-27 11:15:00,7,6,27,11,15,670,482,"0, SCHIRMECK (ROUTE DE)",,,Plein jour,En agglomération,Intersection en T,Pluie légère,Deux véhicules - arrière,,,,,,,,,,,1,2,3,2,2
200700036530,0007-06-29 09:25:00,7,6,29,9,25,670,218,"6, STRASBOURG (ROUTE DE)",,,Plein jour,En agglomération,Autre intersection,Normale,Deux véhicules - côté,,,,,,,,,,,1,2,9,1,3
200700036531,0007-06-30 01:50:00,7,6,30,1,50,670,482,RHIN (ROUTE DU),,,Nuit avec éclairage allumé,En agglomération,Intersection en X,Normale,Deux véhicules - arrière,,,,,,,,,,,5,2,2,1,2
200700036532,0007-06-02 20:22:00,7,6,2,20,22,680,66,"2, NEUF BRISACH (ROUTE D",,,Plein jour,En agglomération,Intersection en X,Normale,Deux véhicules - arrière,,,,,,,,,,,1,2,2,1,2
200700036533,0007-06-10 10:40:00,7,6,10,10,40,680,66,REPUBLIQUE (AVENUE DE LA,,,Plein jour,En agglomération,Intersection en X,Pluie légère,Deux véhicules - côté,,,,,,,,,,,1,2,2,2,3
200700036534,0007-06-11 13:25:00,7,6,11,13,25,680,66,"21, PRAGUE (RUE DE)",,,Plein jour,En agglomération,Hors intersection,Normale,Autre collision,,,,,,,,,,,1,2,1,1,6
200700036535,0007-06-14 16:30:00,7,6,14,16,30,680,66,ECOLES (RUE DES),,,Plein jour,En agglomération,Autre intersection,Normale,Deux véhicules - arrière,,,,,,,,,,,1,2,9,1,2
200700036536,0007-06-17 06:30:00,7,6,17,6,30,680,66,EUROPE (AVENUE DE L'),,,Plein jour,En agglomération,Intersection en X,Normale,Deux véhicules - côté,,,,,,,,,,,1,2,2,1,3
200700036537,0007-06-19 16:40:00,7,6,19,16,40,680,66,"75, MORAT (RUE)",,,Plein jour,En agglomération,Hors intersection,Normale,Deux véhicules - côté,,,,,,,,,,,1,2,1,1,3
200700036538,0007-06-22 19:05:00,7,6,22,19,5,680,66,"6, INGERSHEIM (ROUTE D')",,,Plein jour,En agglomération,Hors intersection,Normale,Trois véhicules et plus - en chaîne,,,,,,,,,,,1,2,1,1,4
200700036539,0007-06-23 09:56:00,7,6,23,9,56,680,66,"6, VERDUN (RUE DE)",,,Plein jour,En agglomération,Intersection en X,Normale,Deux véhicules - côté,,,,,,,,,,,1,2,2,1,3
200700036540,0007-06-24 17:15:00,7,6,24,17,15,680,66,GOLBERY (RUE),,,Plein jour,En agglomération,Intersection en X,Normale,Deux véhicules - côté,,,,,,,,,,,1,2,2,1,3
200700036541,0007-06-04 16:33:00,7,6,4,16,33,680,224,MERTZAU (RUE DE LA),,,Plein jour,En agglomération,Hors intersection,Normale,Deux véhicules - côté,,,,,,,,,,,1,2,1,1,3
200700036542,0007-06-02 14:30:00,7,6,2,14,30,680,56,"155, FOLGENSBOURG (RUE D",,,Plein jour,Hors agglomération,Hors intersection,Normale,Deux véhicules - côté,,,,,,,,,,,1,1,1,1,3
200700036543,0007-06-07 16:30:00,7,6,7,16,30,680,224,AUTOROUTE A 36,,,Plein jour,Hors agglomération,Hors intersection,Normale,Autre collision,,,,,,,,,,,1,1,1,1,6
200700036544,0007-06-06 10:00:00,7,6,6,10,0,680,224,KINGERSHEIM (RUE DE),,,Plein jour,En agglomération,Intersection en T,Normale,Deux véhicules - arrière,,,,,,,,,,,1,2,3,1,2
200700036545,0007-06-11 20:55:00,7,6,11,20,55,680,224,"63, MANEGE (RUE DU)",,,Plein jour,En agglomération,Hors intersection,Normale,Autre collision,,,,,,,,,,,1,2,1,1,6
200700036546,0007-06-09 16:00:00,7,6,9,16,0,680,56,ASHE (RUE ARTHUR),,,Plein jour,En agglomération,Intersection en X,Normale,Deux véhicules - côté,,,,,,,,,,,1,2,2,1,3
200700036547,0007-06-12 16:50:00,7,6,12,16,50,680,224,", DOLLER (RUE DE LA)",,,Plein jour,En agglomération,Intersection en T,Normale,Autre collision,,,,,,,,,,,1,2,3,1,6
200700036548,0007-06-16 20:10:00,7,6,16,20,10,680,224,", BRIAND (AVENUE ARISTID",,,Plein jour,En agglomération,Hors intersection,Normale,Deux véhicules - côté,,,,,,,,,,,1,2,1,1,3
200700036549,0007-06-16 16:50:00,7,6,16,16,50,680,224,"26, KENNEDY (AVENUE DU P",,,Plein jour,En agglomération,Hors intersection,Normale,Deux véhicules - arrière,,,,,,,,,,,1,2,1,1,2
200700036550,0007-06-22 21:00:00,7,6,22,21,0,680,224,HOFER (RUE JOSUE),,,Plein jour,En agglomération,Hors intersection,Pluie légère,Deux véhicules - frontale,,,,,,,,,,,1,2,1,2,1
200700036551,0007-06-21 20:05:00,7,6,21,20,5,680,224,"08, GAY-LUSSAC (RUE)",,,Plein jour,En agglomération,Hors intersection,Normale,Deux véhicules - côté,,,,,,,,,,,1,2,1,1,3
200700036552,0007-06-12 20:25:00,7,6,12,20,25,680,149,"39, ST-LOUIS ( RUE DE )",,,Plein jour,En agglomération,Hors intersection,Normale,Deux véhicules - côté,,,,,,,,,,,1,2,1,1,3
200700036553,0007-06-21 23:55:00,7,6,21,23,55,680,149,"5, ST-LOUIS ( RUE DE )",,,Nuit avec éclairage allumé,En agglomération,Intersection en X,Normale,Deux véhicules - côté,,,,,,,,,,,5,2,2,1,3
200700036554,0007-06-14 16:00:00,7,6,14,16,0,680,149,"27, ABBATUCCI ( RUE ET P",,,Plein jour,En agglomération,Intersection en T,Normale,Deux véhicules - côté,,,,,,,,,,,1,2,3,1,3
200700036555,0007-06-30 11:45:00,7,6,30,11,45,680,376,"02, ROSSBERG (RUE DU)",,,Plein jour,En agglomération,Hors intersection,Normale,Autre collision,,,,,,,,,,,1,2,1,1,6
200700036556,0007-06-13 14:20:00,7,6,13,14,20,690,29,"1, RUE DE L INDUSTRIE",,,Plein jour,En agglomération,Intersection en T,Normale,Deux véhicules - arrière,,,,,,,,,,,1,2,3,1,2
200700036557,0007-06-19 18:10:00,7,6,19,18,10,690,29,"260, AVENUE JEAN MONNET",,,Plein jour,En agglomération,Hors intersection,Normale,Deux véhicules - côté,,,,,,,,,,,1,2,1,1,3
200700036558,0007-06-01 07:40:00,7,6,1,7,40,690,34,"53, RUE FRANCOIS PEISSEL",,,Plein jour,En agglomération,Intersection en T,Normale,Autre collision,,,,,,,,,,,1,2,3,1,6
200700036559,0007-06-13 19:10:00,7,6,13,19,10,690,34,"1, RUE DE LA GARE DE CUI",,,Plein jour,En agglomération,Hors intersection,Normale,Autre collision,,,,,,,,,,,1,2,1,1,6
200700036560,0007-06-11 12:45:00,7,6,11,12,45,690,34,"47, RUE PASTEUR",,,Plein jour,En agglomération,Hors intersection,Pluie forte,Autre collision,,,,,,,,,,,1,2,1,3,6
200700036561,0007-06-28 03:25:00,7,6,28,3,25,690,34,VIADUC JOSEPH PICOT,,,Nuit avec éclairage allumé,En agglomération,Hors intersection,Normale,Sans collision,,,,,,,,,,,5,2,1,1,7
200700036562,0007-06-29 08:20:00,7,6,29,8,20,690,34,AVENUE GENERAL DE GAULLE,,,Plein jour,Hors agglomération,Intersection en X,Normale,Autre collision,,,,,,,,,,,1,1,2,1,6
200700036563,0007-06-28 19:30:00,7,6,28,19,30,690,34,"49, RUE FRANCOIS PEISSEL",,,Plein jour,En agglomération,Hors intersection,Normale,Autre collision,,,,,,,,,,,1,2,1,1,6
200700036564,0007-06-06 15:30:00,7,6,6,15,30,690,96,REPUBLIQUE (DE LA)  ( R,,,Plein jour,En agglomération,Hors intersection,Normale,Autre collision,,,,,,,,,,,1,2,1,1,6
200700036565,0007-06-30 22:00:00,7,6,30,22,0,690,96,"95, BERTHELOT (MARCELIN)",,,Nuit avec éclairage non allumé,En agglomération,Hors intersection,Normale,Deux véhicules - côté,,,,,,,,,,,4,2,1,1,3
200700036566,0007-06-04 21:25:00,7,6,4,21,25,690,142,PIERRE SEMARD,,,Nuit avec éclairage allumé,En agglomération,Hors intersection,Normale,Deux véhicules - frontale,,,,,,,,,,,5,2,1,1,1
200700036567,0007-06-14 11:00:00,7,6,14,11,0,690,152,"0, VOLTAIRE",,,Plein jour,En agglomération,Place,Normale,Deux véhicules - arrière,,,,,,,,,,,1,2,7,1,2
200700036568,0007-06-02 06:40:00,7,6,2,6,40,690,259,BOULEVARD DU DOCTEUR COB,,,Crépuscule ou aube,En agglomération,Hors intersection,Temps couvert,Autre collision,,,,,,,,,,,2,2,1,8,6
200700036569,0007-06-04 16:30:00,7,6,4,16,30,690,259,"369, ROUTE DE VIENNE",,,Plein jour,En agglomération,Hors intersection,Normale,Deux véhicules - côté,,,,,,,,,,,1,2,1,1,3
200700036570,0007-06-08 15:00:00,7,6,8,15,0,690,199,"0, BOULEVARD YVES FARGE",,,Plein jour,En agglomération,Hors intersection,Normale,Deux véhicules - côté,,,,,,,,,,,1,2,1,1,3
200700036571,0007-06-09 19:20:00,7,6,9,19,20,690,259,"0, RUE PRESIDENT EDOUARD",,,Plein jour,En agglomération,Hors intersection,Normale,Autre collision,,,,,,,,,,,1,2,1,1,6
200700036572,0007-06-14 18:30:00,7,6,14,18,30,690,259,RUE RAIMU,,,Plein jour,En agglomération,Intersection en T,Normale,Deux véhicules - frontale,,,,,,,,,,,1,2,3,1,1
200700036573,0007-06-15 15:00:00,7,6,15,15,0,690,259,"136, BOULEVARD IRENE JOL",,,Plein jour,En agglomération,Hors intersection,Pluie légère,Sans collision,,,,,,,,,,,1,2,1,2,7
200700036574,0007-06-22 18:15:00,7,6,22,18,15,690,259,"0, AVENUE DE LA REPUBLIQ",,,Plein jour,En agglomération,Intersection en X,Normale,Deux véhicules - côté,,,,,,,,,,,1,2,2,1,3
200700036575,0007-06-23 09:00:00,7,6,23,9,0,690,199,"0, RUE CHARLES PLASSE",,,Plein jour,En agglomération,Intersection en X,Normale,Deux véhicules - côté,,,,,,,,,,,1,2,2,1,3
200700036576,0007-06-15 17:55:00,7,6,15,17,55,690,199,CHEMIN FAURE,,,Plein jour,En agglomération,Hors intersection,Temps couvert,Autre collision,,,,,,,,,,,1,2,1,8,6
200700036577,0007-06-21 15:00:00,7,6,21,15,0,690,199,"0, BOULEVARD YVES FARGE",,,Plein jour,En agglomération,Intersection en X,Normale,Trois véhicules et plus - collisions multiples,,,,,,,,,,,1,2,2,1,5
200700036578,0007-06-27 15:25:00,7,6,27,15,25,690,199,"67, BOULEVARD LUCIEN SAM",,,Plein jour,En agglomération,Hors intersection,Normale,Autre collision,,,,,,,,,,,1,2,1,1,6
200700036579,0007-06-30 17:10:00,7,6,30,17,10,690,259,"17, AVENUE PIERRE SEMARD",,,Plein jour,En agglomération,Hors intersection,Normale,Deux véhicules - côté,,,,,,,,,,,1,2,1,1,3
200700036580,0007-06-04 07:30:00,7,6,4,7,30,690,264,"475, SAVOYE CLAUDIUS   R",,,Plein jour,En agglomération,Hors intersection,Normale,Autre collision,,,,,,,,,,,1,2,1,1,6
200700036581,0007-06-13 16:25:00,7,6,13,16,25,690,115,ECOSSAIS (RUE DES),,,Plein jour,En agglomération,Hors intersection,Normale,Deux véhicules - arrière,,,,,,,,,,,1,2,1,1,2
200700036582,0007-06-14 15:30:00,7,6,14,15,30,690,115,AUTOROUTE A6,,,Plein jour,Hors agglomération,Autre intersection,Normale,Deux véhicules - arrière,,,,,,,,,,,1,1,9,1,2
200700036583,0007-06-15 15:30:00,7,6,15,15,30,690,264,MARTINI JEAN-BAPTISTE  R,,,Plein jour,En agglomération,Intersection en T,Normale,Deux véhicules - côté,,,,,,,,,,,1,2,3,1,3
200700036584,0007-06-03 09:00:00,7,6,3,9,0,690,266,RUE DE LA FILATURE,,,Plein jour,En agglomération,Intersection en X,Normale,Deux véhicules - côté,,,,,,,,,,,1,2,2,1,3
200700036585,0007-06-04 14:30:00,7,6,4,14,30,690,266,"1, PLACE WILSON",,,Plein jour,En agglomération,Hors intersection,Normale,Autre collision,,,,,,,,,,,1,2,1,1,6
200700036586,0007-06-04 08:15:00,7,6,4,8,15,690,266,"62, RUE DE VERDUN",,,Plein jour,En agglomération,Hors intersection,Normale,Deux véhicules - arrière,,,,,,,,,,,1,2,1,1,2
200700036587,0007-06-05 07:35:00,7,6,5,7,35,690,266,"314, ROUTE DE GENAS",,,Plein jour,En agglomération,Hors intersection,Temps couvert,Deux véhicules - arrière,,,,,,,,,,,1,2,1,8,2
200700036588,0007-06-13 18:30:00,7,6,13,18,30,690,266,"53, RUE FRANCIS DE PRESS",,,Plein jour,En agglomération,Hors intersection,Normale,Autre collision,,,,,,,,,,,1,2,1,1,6
200700036589,0007-06-13 19:00:00,7,6,13,19,0,690,266,"29, RUE DES CHARMETTES",,,Plein jour,En agglomération,Hors intersection,Normale,Autre collision,,,,,,,,,,,1,2,1,1,6
200700036590,0007-06-22 08:20:00,7,6,22,8,20,690,266,"21, RUE GABRIEL PERI",,,Plein jour,En agglomération,Hors intersection,Normale,Autre collision,,,,,,,,,,,1,2,1,1,6
200700036591,0007-06-20 10:00:00,7,6,20,10,0,690,266,"1, COURS EMILE ZOLA",,,Plein jour,En agglomération,Intersection en X,Normale,Autre collision,,,,,,,,,,,1,2,2,1,6
200700036592,0007-06-26 13:45:00,7,6,26,13,45,690,266,"52, COURS EMILE ZOLA",,,Plein jour,En agglomération,Intersection en X,Normale,Autre collision,,,,,,,,,,,1,2,2,1,6
200700036593,0007-06-27 22:10:00,7,6,27,22,10,690,266,"126, COURS TOLSTOI",,,Nuit avec éclairage allumé,En agglomération,Hors intersection,Normale,Autre collision,,,,,,,,,,,5,2,1,1,6
200700036594,0007-06-26 20:15:00,7,6,26,20,15,690,266,"1, AVENUE ROGER SALENGRO",,,Plein jour,En agglomération,Giratoire,Normale,Deux véhicules - arrière,,,,,,,,,,,1,2,6,1,2
200700036595,0007-06-29 15:40:00,7,6,29,15,40,690,266,"1, COURS TOLSTOI",,,Plein jour,En agglomération,Intersection en T,Normale,Autre collision,,,,,,,,,,,1,2,3,1,6
200700036596,0007-06-19 17:15:00,7,6,19,17,15,690,275,AVENUE JEAN JAURES,,,Plein jour,En agglomération,Intersection en T,Normale,Deux véhicules - côté,,,,,,,,,,,1,2,3,1,3
200700036597,0007-06-26 19:15:00,7,6,26,19,15,690,275,ROND POINT DU GRAND LARG,,,Plein jour,En agglomération,Autre intersection,Normale,Autre collision,,,,,,,,,,,1,2,9,1,6
200700036598,0007-06-04 16:35:00,7,6,4,16,35,690,290,CHEMIN DE SAINT BONNET D,,,Plein jour,En agglomération,Hors intersection,Normale,Deux véhicules - arrière,,,,,,,,,,,1,2,1,1,2
200700036599,0007-06-09 09:10:00,7,6,9,9,10,690,290,AVENUE DE LA GARE,,,Plein jour,En agglomération,Hors intersection,Normale,Deux véhicules - côté,,,,,,,,,,,1,2,1,1,3
200700036600,0007-06-22 07:25:00,7,6,22,7,25,690,290,"0, ROUTE DE GRENOBLE",,,Plein jour,En agglomération,Intersection en X,Normale,Deux véhicules - côté,,,,,,,,,,,1,2,2,1,3
200700036601,0007-06-29 19:45:00,7,6,29,19,45,690,290,RUE DE LA CORDIERE,,,Plein jour,En agglomération,Hors intersection,Normale,Deux véhicules - côté,,,,,,,,,,,1,2,1,1,3
200700036602,0007-06-30 10:35:00,7,6,30,10,35,690,290,RUE VICTOR HUGO,,,Plein jour,En agglomération,Intersection en X,Normale,Deux véhicules - côté,,,,,,,,,,,1,2,2,1,3
200700036603,0007-06-13 17:20:00,7,6,13,17,20,700,285,"61, JEAN JAURES (AVENUE)",,,Plein jour,En agglomération,Intersection en T,Normale,Deux véhicules - côté,,,,,,,,,,,1,2,3,1,3
200700036604,0007-06-09 13:40:00,7,6,9,13,40,700,378,"40 BIS, HUGO (RUE VICTOR",,,Plein jour,En agglomération,Hors intersection,Normale,Deux véhicules - côté,,,,,,,,,,,1,2,1,1,3
200700036605,0007-06-24 07:55:00,7,6,24,7,55,700,207,D108,,,Plein jour,Hors agglomération,Intersection en X,Normale,Deux véhicules - côté,,,,,,,,,,,1,1,2,1,3
200700036606,0007-06-05 09:00:00,7,6,5,9,0,710,475,OTTWEILER (RUE D'),,,Plein jour,En agglomération,Giratoire,Normale,Deux véhicules - côté,,,,,,,,,,,1,2,6,1,3
200700036607,0007-06-06 18:30:00,7,6,6,18,30,710,76,"10, ROCHEFORT (RUE DE)",,,Plein jour,En agglomération,Hors intersection,Normale,Autre collision,,,,,,,,,,,1,2,1,1,6
200700036608,0007-06-15 13:50:00,7,6,15,13,50,710,76,BOUCICAUT (AVENUE),,,Plein jour,En agglomération,Hors intersection,Normale,Autre collision,,,,,,,,,,,1,2,1,1,6
200700036609,0007-06-23 21:00:00,7,6,23,21,0,710,76,GENISE (PONT DE LA),,,Nuit avec éclairage allumé,En agglomération,Autre intersection,Normale,Deux véhicules - côté,,,,,,,,,,,5,2,9,1,3
200700036610,0007-06-25 12:35:00,7,6,25,12,35,710,118,GENERAL DE GAULLE (AVENU,,,Plein jour,En agglomération,Hors intersection,Normale,Autre collision,,,,,,,,,,,1,2,1,1,6
200700036611,0007-06-01 14:10:00,7,6,1,14,10,710,153,"., PYRENEES (RUE DES)",,,Plein jour,Hors agglomération,Hors intersection,Normale,Sans collision,,,,,,,,,,,1,1,1,1,7
200700036612,0007-06-04 17:10:00,7,6,4,17,10,710,153,"29, MARECHAL JOFFRE",,,Plein jour,En agglomération,Hors intersection,Normale,Autre collision,,,,,,,,,,,1,2,1,1,6
200700036613,0007-06-07 11:05:00,7,6,7,11,5,710,153,"., ABBE PERROT (RUE DE L",,,Plein jour,En agglomération,Intersection en X,Normale,Deux véhicules - côté,,,,,,,,,,,1,2,2,1,3
200700036614,0007-06-15 17:45:00,7,6,15,17,45,710,153,"67, MARCEAU (RUE)",,,Plein jour,En agglomération,Hors intersection,Normale,Trois véhicules et plus - en chaîne,,,,,,,,,,,1,2,1,1,4
200700036615,0007-06-17 00:30:00,7,6,17,0,30,710,309,"., UCHON (ROUTE D')",,,Nuit avec éclairage allumé,En agglomération,Hors intersection,Normale,Autre collision,,,,,,,,,,,5,2,1,1,6
200700036616,0007-06-25 07:00:00,7,6,25,7,0,710,153,"., SAINT ANTOINE (BOULEV",,,Plein jour,En agglomération,Intersection en X,Normale,Deux véhicules - côté,,,,,,,,,,,1,2,2,1,3
200700036617,0007-06-30 13:15:00,7,6,30,13,15,710,59,"20, CHARLEVILLE (RUE DE)",,,Plein jour,En agglomération,Hors intersection,Normale,Deux véhicules - frontale,,,,,,,,,,,1,2,1,1,1
200700036618,0007-06-06 11:45:00,7,6,6,11,45,710,270,JAURES (QUAI),,,Plein jour,En agglomération,Hors intersection,Normale,Deux véhicules - côté,,,,,,,,,,,1,2,1,1,3