accident_id,datetime,annee,mois,jour,heure,minute,departement,commune_insee,adresse,latitude,longitude,luminosite,agglomeration,intersection,meteo,collision,nb_vehicules,nb_usagers,nb_indemnes,nb_tues,nb_blesses_hosp,nb_blesses_legers,age_cond_1,age_cond_2,veh_type_cond_1,veh_type_cond_2,lum_code,agg_code,int_code,atm_code,col_code
200700036753,0007-06-11 01:45:00,7,6,11,1,45,760,165,"764, COMMUNE 1871. RUE D",,,Nuit avec éclairage allumé,En agglomération,Hors intersection,Normale,Autre collision,,,,,,,,,,,5,2,1,1,6
200700036754,0007-06-26 08:30:00,7,6,26,8,30,760,282,"108, BEAU SITE. RUE DU",,,Plein jour,En agglomération,Hors intersection,Autre,Deux véhicules - arrière,,,,,,,,,,,1,2,1,9,2
200700036755,0007-06-02 05:45:00,7,6,2,5,45,760,481,"5, CD 940",,,Plein jour,En agglomération,Hors intersection,Normale,Sans collision,,,,,,,,,,,1,2,1,1,7
200700036756,0007-06-14 14:30:00,7,6,14,14,30,760,351,"30, BOIS DE BLEVILLE (AV",,,Plein jour,En agglomération,Hors intersection,Pluie légère,Deux véhicules - frontale,,,,,,,,,,,1,2,1,2,1
200700036757,0007-06-21 20:00:00,7,6,21,20,0,760,351,"1, PIERRE FAURE",,,Plein jour,En agglomération,Intersection en X,Normale,Deux véhicules - côté,,,,,,,,,,,1,2,2,1,3
200700036758,0007-06-01 23:50:00,7,6,1,23,50,760,540,RONDEAUX. AVENUE JEAN,,,Nuit avec éclairage allumé,En agglomération,Hors intersection,Normale,Trois véhicules et plus - collisions multiples,,,,,,,,,,,5,2,1,1,5
200700036759,0007-06-03 00:50:00,7,6,3,0,50,760,5,PARIS. ROUTE DE (RN 15),,,Nuit sans éclairage public,Hors agglomération,Hors intersection,Normale,Deux véhicules - côté,,,,,,,,,,,3,1,1,1,3
200700036760,0007-06-02 00:55:00,7,6,2,0,55,760,540,LIBERATION. AVENUE DE LA,,,Nuit avec éclairage allumé,En agglomération,Hors intersection,Normale,Sans collision,,,,,,,,,,,5,2,1,1,7
200700036761,0007-06-04 06:40:00,7,6,4,6,40,760,540,A 15,,,Crépuscule ou aube,Hors agglomération,Hors intersection,Temps couvert,Trois véhicules et plus - collisions multiples,,,,,,,,,,,2,1,1,8,5
200700036762,0007-06-04 07:45:00,7,6,4,7,45,760,681,PARIS. RUE DE,,,Plein jour,En agglomération,Intersection en T,Temps couvert,Deux véhicules - côté,,,,,,,,,,,1,2,3,8,3
200700036763,0007-06-05 17:30:00,7,6,5,17,30,760,474,ABBAYE. RUE DE L' (CD 51,,,Plein jour,Hors agglomération,Hors intersection,Normale,Trois véhicules et plus - collisions multiples,,,,,,,,,,,1,1,1,1,5
200700036764,0007-06-06 18:12:00,7,6,6,18,12,760,681,"1, CORNEILLE. RUE PIERRE",,,Plein jour,En agglomération,Hors intersection,Normale,Deux véhicules - frontale,,,,,,,,,,,1,2,1,1,1
200700036765,0007-06-06 19:05:00,7,6,6,19,5,760,540,"1, DESCHAMPS. RUE FREDER",,,Plein jour,En agglomération,Intersection en T,Temps éblouissant,Deux véhicules - côté,,,,,,,,,,,1,2,3,7,3
200700036766,0007-06-06 15:50:00,7,6,6,15,50,760,540,"1, CAVELIER DE LA SALLE.",,,Plein jour,En agglomération,Hors intersection,Normale,Sans collision,,,,,,,,,,,1,2,1,1,7
200700036767,0007-06-07 15:25:00,7,6,7,15,25,760,319,"1, GRANET. RUE DESIRE",,,Plein jour,En agglomération,Hors intersection,Normale,Autre collision,,,,,,,,,,,1,2,1,1,6
200700036768,0007-06-10 02:15:00,7,6,10,2,15,760,157,"14, VALETTE. RUE DE LA (",,,Nuit avec éclairage allumé,En agglomération,Hors intersection,Normale,Sans collision,,,,,,,,,,,5,2,1,1,7
200700036769,0007-06-08 12:35:00,7,6,8,12,35,760,157,"1, FLAUBERT. QUAI GUSTAV",,,Plein jour,En agglomération,Hors intersection,Normale,Sans collision,,,,,,,,,,,1,2,1,1,7
200700036770,0007-06-11 04:45:00,7,6,11,4,45,760,540,"1, MOULIN. QUAI (BAS) JE",,,Nuit avec éclairage allumé,En agglomération,Hors intersection,Normale,Sans collision,,,,,,,,,,,5,2,1,1,7
200700036771,0007-06-11 09:00:00,7,6,11,9,0,760,212,"1, DOCTEUR ROUX. ALLEE D",,,Plein jour,En agglomération,Intersection en T,Temps couvert,Autre collision,,,,,,,,,,,1,2,3,8,6
200700036772,0007-06-12 21:05:00,7,6,12,21,5,760,540,"1, LA FAYETTE. RUE",,,Plein jour,En agglomération,Hors intersection,Normale,Deux véhicules - frontale,,,,,,,,,,,1,2,1,1,1
200700036773,0007-06-13 12:30:00,7,6,13,12,30,760,319,"1, JAURES. AVENUE JEAN",,,Plein jour,En agglomération,Intersection en X,Normale,Deux véhicules - côté,,,,,,,,,,,1,2,2,1,3
200700036774,0007-06-15 07:45:00,7,6,15,7,45,760,540,"1, LESSEPS. QUAI FERDINA",,,Plein jour,En agglomération,Hors intersection,Normale,Autre collision,,,,,,,,,,,1,2,1,1,6
200700036775,0007-06-15 12:40:00,7,6,15,12,40,760,540,"1, EUROPE. BOULEVARD DE",,,Plein jour,En agglomération,Hors intersection,Pluie légère,Deux véhicules - arrière,,,,,,,,,,,1,2,1,2,2
200700036776,0007-06-14 18:45:00,7,6,14,18,45,760,681,CANADIENS. AVENUE DES,,,Plein jour,En agglomération,Intersection en T,Normale,Deux véhicules - frontale,,,,,,,,,,,1,2,3,1,1
200700036777,0007-06-15 17:30:00,7,6,15,17,30,760,540,"1, DUPUIS. RUE ALBERT",,,Plein jour,En agglomération,Hors intersection,Normale,Sans collision,,,,,,,,,,,1,2,1,1,7
200700036778,0007-06-15 22:05:00,7,6,15,22,5,760,681,"4, STALINGRAD. RUE DE",,,Nuit avec éclairage allumé,En agglomération,Hors intersection,Pluie légère,Sans collision,,,,,,,,,,,5,2,1,2,7
200700036779,0007-06-16 02:30:00,7,6,16,2,30,760,681,"1, JAURES. AVENUE JEAN",,,Nuit avec éclairage allumé,En agglomération,Intersection en X,Normale,Deux véhicules - côté,,,,,,,,,,,5,2,2,1,3
200700036780,0007-06-18 11:35:00,7,6,18,11,35,760,681,"1, MIVOIE. CHEMIN DE LA",,,Plein jour,En agglomération,Hors intersection,Normale,Deux véhicules - côté,,,,,,,,,,,1,2,1,1,3
200700036781,0007-06-18 19:05:00,7,6,18,19,5,760,540,"16, DARNETAL. ROUTE DE",,,Plein jour,En agglomération,Hors intersection,Normale,Autre collision,,,,,,,,,,,1,2,1,1,6
200700036782,0007-06-19 22:20:00,7,6,19,22,20,760,498,"30, CORNEILLE. RUE PIERR",,,Nuit avec éclairage allumé,En agglomération,Hors intersection,Temps couvert,Deux véhicules - côté,,,,,,,,,,,5,2,1,8,3
200700036783,0007-06-16 19:30:00,7,6,16,19,30,760,212,PAIX. BOULEVARD DE LA (R,,,Plein jour,En agglomération,Hors intersection,Pluie forte,Deux véhicules - côté,,,,,,,,,,,1,2,1,3,3
200700036784,0007-06-20 11:55:00,7,6,20,11,55,760,216,"458, DIEPPE. ROUTE DE (R",,,Plein jour,En agglomération,Hors intersection,Normale,Deux véhicules - côté,,,,,,,,,,,1,2,1,1,3
200700036785,0007-06-21 09:45:00,7,6,21,9,45,760,540,BOULET. QUAI GASTON,,,Plein jour,En agglomération,Hors intersection,Normale,Deux véhicules - côté,,,,,,,,,,,1,2,1,1,3
200700036786,0007-06-21 23:24:00,7,6,21,23,24,760,540,"1, HAVRE. QUAI (BAS) DU",,,Nuit avec éclairage allumé,En agglomération,Hors intersection,Normale,Deux véhicules - arrière,,,,,,,,,,,5,2,1,1,2
200700036787,0007-06-22 03:00:00,7,6,22,3,0,760,540,"58, CHAMP DES OISEAUX. R",,,Nuit avec éclairage allumé,En agglomération,Hors intersection,Normale,Sans collision,,,,,,,,,,,5,2,1,1,7
200700036788,0007-06-24 19:30:00,7,6,24,19,30,760,681,"204, HUGO. RUE VICTOR",,,Plein jour,En agglomération,Hors intersection,Pluie légère,Deux véhicules - frontale,,,,,,,,,,,1,2,1,2,1
200700036789,0007-06-22 18:30:00,7,6,22,18,30,760,540,"1, EUROPE. BOULEVARD DE",,,Plein jour,En agglomération,Hors intersection,Normale,Deux véhicules - côté,,,,,,,,,,,1,2,1,1,3
200700036790,0007-06-23 09:45:00,7,6,23,9,45,760,108,NEUFCHATEL. ROUTE DE (RN,,,Plein jour,Hors agglomération,Hors intersection,Temps couvert,Sans collision,,,,,,,,,,,1,1,1,8,7
200700036791,0007-06-25 22:20:00,7,6,25,22,20,760,540,"1, NANSEN. RUE FRIDTJOF",,,Nuit avec éclairage allumé,En agglomération,Hors intersection,Pluie forte,Sans collision,,,,,,,,,,,5,2,1,3,7
200700036792,0007-06-26 12:20:00,7,6,26,12,20,760,216,"1, FRESNEL. RUE",,,Plein jour,En agglomération,Hors intersection,Temps couvert,Deux véhicules - côté,,,,,,,,,,,1,2,1,8,3
200700036793,0007-06-29 19:40:00,7,6,29,19,40,760,429,"1, BELBEUF. RUE DE",,,Plein jour,En agglomération,Intersection en T,Pluie légère,Deux véhicules - côté,,,,,,,,,,,1,2,3,2,3
200700036794,0007-06-30 17:00:00,7,6,30,17,0,760,540,"1, BOISGUILBERT. QUAI DE",,,Plein jour,En agglomération,Hors intersection,Normale,Sans collision,,,,,,,,,,,1,2,1,1,7
200700036795,0007-06-05 09:25:00,7,6,5,9,25,770,108,"01, DAGUERRE (AVENUE)",,,Plein jour,En agglomération,Hors intersection,Normale,Autre collision,,,,,,,,,,,1,2,1,1,6
200700036796,0007-06-19 15:40:00,7,6,19,15,40,770,108,"06, SYLVIE (AVENUE DE)",,,Plein jour,En agglomération,Hors intersection,Normale,Autre collision,,,,,,,,,,,1,2,1,1,6
200700036797,0007-06-23 15:55:00,7,6,23,15,55,770,108,"27, SOURCES (AVENUE DES)",,,Plein jour,En agglomération,Hors intersection,Normale,Autre collision,,,,,,,,,,,1,2,1,1,6
200700036798,0007-06-22 16:50:00,7,6,22,16,50,770,139,VILLEPARISIS ( ROUTE ),,,Plein jour,En agglomération,Hors intersection,Pluie forte,Autre collision,,,,,,,,,,,1,2,1,3,6
200700036799,0007-06-22 23:35:00,7,6,22,23,35,770,18,406 ( R D ),,,Nuit avec éclairage allumé,Hors agglomération,Intersection en T,Pluie légère,Deux véhicules - côté,,,,,,,,,,,5,1,3,2,3
200700036800,0007-06-01 09:10:00,7,6,1,9,10,770,13,D402,,,Plein jour,Hors agglomération,Hors intersection,Temps couvert,Sans collision,,,,,,,,,,,1,1,1,8,7
200700036801,0007-06-15 16:05:00,7,6,15,16,5,770,42,"13, CHARLES DE GAULLE (A",,,Plein jour,En agglomération,Hors intersection,Normale,Deux véhicules - arrière,,,,,,,,,,,1,2,1,1,2
200700036802,0007-06-17 17:35:00,7,6,17,17,35,770,371,ACACIAS (RUE DES),,,Plein jour,Hors agglomération,Intersection en T,Pluie forte,Deux véhicules - côté,,,,,,,,,,,1,1,3,3,3
200700036803,0007-06-24 14:40:00,7,6,24,14,40,770,131,"64, JEHAN DE BRIE (AVENU",,,Plein jour,En agglomération,Intersection en T,Normale,Deux véhicules - côté,,,,,,,,,,,1,2,3,1,3
200700036804,0007-06-25 00:55:00,7,6,25,0,55,770,320,"1317, GENERAL DE GAULLE",,,Nuit avec éclairage allumé,En agglomération,Hors intersection,Normale,Autre collision,,,,,,,,,,,5,2,1,1,6
200700036805,0007-06-28 16:20:00,7,6,28,16,20,770,131,"1, AUBETIN (RUE DE L')",,,Plein jour,En agglomération,Intersection en X,Normale,Deux véhicules - côté,,,,,,,,,,,1,2,2,1,3
200700036806,0007-06-19 18:20:00,7,6,19,18,20,770,518,RD 372,,,Plein jour,En agglomération,Hors intersection,Normale,Deux véhicules - frontale,,,,,,,,,,,1,2,1,1,1
200700036807,0007-06-22 14:05:00,7,6,22,14,5,770,152,"470, LYS(AVENUE DU)LE RE",,,Plein jour,En agglomération,Intersection en T,Pluie légère,Deux véhicules - côté,,,,,,,,,,,1,2,3,2,3
200700036808,0007-06-02 18:10:00,7,6,2,18,10,770,186,RD 142 Glandée au grand,,,Plein jour,Hors agglomération,Hors intersection,Normale,Deux véhicules - arrière,,,,,,,,,,,1,1,1,1,2
200700036809,0007-06-19 20:45:00,7,6,19,20,45,770,186,RD 409 panneau ONF à LIB,,,Plein jour,Hors agglomération,Hors intersection,Normale,Autre collision,,,,,,,,,,,1,1,1,1,6
200700036810,0007-06-22 16:35:00,7,6,22,16,35,770,186,RD152 de l'obélisque à p,,,Plein jour,Hors agglomération,Hors intersection,Pluie forte,Deux véhicules - frontale,,,,,,,,,,,1,1,1,3,1
200700036811,0007-06-26 18:05:00,7,6,26,18,5,770,186,d137 avon / samois/ bois,,,Plein jour,Hors agglomération,Hors intersection,Normale,Deux véhicules - côté,,,,,,,,,,,1,1,1,1,3
200700036812,0007-06-10 01:20:00,7,6,10,1,20,770,464,CLAYE  (RUE DE  ),,,Nuit avec éclairage allumé,En agglomération,Giratoire,Normale,Deux véhicules - côté,,,,,,,,,,,5,2,6,1,3
200700036813,0007-06-21 16:20:00,7,6,21,16,20,770,243,"54, GENERAL LECLERC  (AV",,,Plein jour,En agglomération,Intersection en X,Normale,Autre collision,,,,,,,,,,,1,2,2,1,6
200700036814,0007-06-25 16:50:00,7,6,25,16,50,770,124,ORME BOSSU (RUE DE  L' ),,,Plein jour,En agglomération,Hors intersection,Normale,Autre collision,,,,,,,,,,,1,2,1,1,6
200700036815,0007-06-29 11:30:00,7,6,29,11,30,770,243,RAYMOND POINCARE  (AVENU,,,Plein jour,En agglomération,Hors intersection,Normale,Autre collision,,,,,,,,,,,1,2,1,1,6
200700036816,0007-06-14 13:10:00,7,6,14,13,10,770,284,GALLIENI (AVENUE),,,Plein jour,En agglomération,Hors intersection,Normale,Deux véhicules - frontale,,,,,,,,,,,1,2,1,1,1
200700036817,0007-06-22 13:55:00,7,6,22,13,55,770,284,"36, TESSAN (RUE FRANCOIS",,,Plein jour,En agglomération,Hors intersection,Normale,Autre collision,,,,,,,,,,,1,2,1,1,6
200700036818,0007-06-22 18:35:00,7,6,22,18,35,770,284,"39, DUNANT (AVENUE HENRI",,,Plein jour,En agglomération,Hors intersection,Normale,Autre collision,,,,,,,,,,,1,2,1,1,6
200700036819,0007-06-24 13:35:00,7,6,24,13,35,770,335,RD129 (ROUTE DEPARTEMENT,,,Plein jour,Hors agglomération,Hors intersection,Normale,Trois véhicules et plus - collisions multiples,,,,,,,,,,,1,1,1,1,5
200700036820,0007-06-26 10:25:00,7,6,26,10,25,770,284,"10, HUGO (QUAI VICTOR)",,,Plein jour,En agglomération,Hors intersection,Pluie légère,Deux véhicules - arrière,,,,,,,,,,,1,2,1,2,2
200700036821,0007-06-28 10:10:00,7,6,28,10,10,770,284,"20, VOLTA (RUE ALEXANDRE",,,Plein jour,En agglomération,Hors intersection,Normale,Deux véhicules - côté,,,,,,,,,,,1,2,1,1,3
200700036822,0007-06-09 18:55:00,7,6,9,18,55,770,288,"17, GABRIEL HOUDART (RUE",,,Plein jour,En agglomération,Hors intersection,Normale,Deux véhicules - frontale,,,,,,,,,,,1,2,1,1,1
200700036823,0007-06-13 10:03:00,7,6,13,10,3,770,288,R.N 105,,,Plein jour,Hors agglomération,Intersection en X,Normale,Deux véhicules - côté,,,,,,,,,,,1,1,2,1,3
200700036824,0007-06-18 20:05:00,7,6,18,20,5,770,285,"1, COURTILLERAIES (AVENU",,,Plein jour,En agglomération,Hors intersection,Normale,Autre collision,,,,,,,,,,,1,2,1,1,6
200700036825,0007-06-27 07:45:00,7,6,27,7,45,770,288,"sans N°, FRETEAU DE PENY",,,Plein jour,En agglomération,Autre intersection,Normale,Deux véhicules - côté,,,,,,,,,,,1,2,9,1,3
200700036826,0007-06-07 08:50:00,7,6,7,8,50,770,294,AMBROISE RENDU (RUE),,,Plein jour,En agglomération,Intersection en X,Normale,Deux véhicules - côté,,,,,,,,,,,1,2,2,1,3
200700036827,0007-06-12 07:35:00,7,6,12,7,35,770,241,CD 404,,,Plein jour,Hors agglomération,Hors intersection,Normale,Deux véhicules - côté,,,,,,,,,,,1,1,1,1,3
200700036828,0007-06-13 16:52:00,7,6,13,16,52,770,294,", BORDIERE (AVENUE DE LA",,,Plein jour,En agglomération,Intersection en X,Normale,Deux véhicules - côté,,,,,,,,,,,1,2,2,1,3
200700036829,0007-06-01 18:05:00,7,6,1,18,5,770,294,RN2,,,Plein jour,Hors agglomération,Hors intersection,Normale,Deux véhicules - arrière,,,,,,,,,,,1,1,1,1,2
200700036830,0007-06-14 20:48:00,7,6,14,20,48,770,294,JEAN BAPTISTE CLEMENT (A,,,Plein jour,En agglomération,Hors intersection,Temps couvert,Deux véhicules - côté,,,,,,,,,,,1,2,1,8,3
200700036831,0007-06-26 19:20:00,7,6,26,19,20,770,123,CD 212,,,Plein jour,Hors agglomération,Hors intersection,Normale,Deux véhicules - frontale,,,,,,,,,,,1,1,1,1,1
200700036832,0007-06-03 17:50:00,7,6,3,17,50,770,296,AUBERT EINSTEIN (AVENUE),,,Plein jour,Hors agglomération,Intersection en T,Normale,Deux véhicules - côté,,,,,,,,,,,1,1,3,1,3
200700036833,0007-06-02 11:15:00,7,6,2,11,15,770,122,JEAN MOULIN(RUE),,,Plein jour,En agglomération,Intersection en T,Normale,Autre collision,,,,,,,,,,,1,2,3,1,6
200700036834,0007-06-08 17:00:00,7,6,8,17,0,770,296,CHANGIS(RUE DE),,,Plein jour,En agglomération,Intersection en T,Normale,Sans collision,,,,,,,,,,,1,2,3,1,7
200700036835,0007-06-16 19:40:00,7,6,16,19,40,770,296,MARRONNIERS (RUE DES),,,Plein jour,En agglomération,Intersection en Y,Pluie légère,Deux véhicules - côté,,,,,,,,,,,1,2,4,2,3
200700036836,0007-06-19 22:15:00,7,6,19,22,15,770,296,D402,,,Nuit avec éclairage allumé,En agglomération,Intersection en X,Pluie forte,Trois véhicules et plus - collisions multiples,,,,,,,,,,,5,2,2,3,5
200700036837,0007-06-09 19:35:00,7,6,9,19,35,770,305,"23, MARECHAL DE LATTRE D",,,Plein jour,En agglomération,Hors intersection,Normale,Autre collision,,,,,,,,,,,1,2,1,1,6
200700036838,0007-06-18 17:40:00,7,6,18,17,40,770,409,CD 133,,,Plein jour,Hors agglomération,Intersection en T,Normale,Deux véhicules - côté,,,,,,,,,,,1,1,3,1,3
200700036839,0007-06-02 06:00:00,7,6,2,6,0,770,216,DEPARTEMENTALE 104,,,Crépuscule ou aube,Hors agglomération,Hors intersection,Normale,Autre collision,,,,,,,,,,,2,1,1,1,6
200700036840,0007-06-02 14:44:00,7,6,2,14,44,770,83,JEAN JAURES (AVENUE),,,Plein jour,En agglomération,Intersection en X,Normale,Autre collision,,,,,,,,,,,1,2,2,1,6
200700036841,0007-06-09 18:35:00,7,6,9,18,35,770,121,BLEUETS (RUE DES),,,Plein jour,En agglomération,Intersection en T,Normale,Autre collision,,,,,,,,,,,1,2,3,1,6
200700036842,0007-06-09 13:30:00,7,6,9,13,30,770,468,JEAN MOULIN (AVENUE),,,Plein jour,En agglomération,Intersection en T,Normale,Trois véhicules et plus - collisions multiples,,,,,,,,,,,1,2,3,1,5
200700036843,0007-06-20 16:10:00,7,6,20,16,10,770,337,ROCHES (COURS DES),,,Plein jour,En agglomération,Hors intersection,Normale,Autre collision,,,,,,,,,,,1,2,1,1,6
200700036844,0007-06-21 19:35:00,7,6,21,19,35,770,337,"71, ROCHES (COURS DES)",,,Plein jour,En agglomération,Hors intersection,Normale,Autre collision,,,,,,,,,,,1,2,1,1,6
200700036845,0007-06-20 06:50:00,7,6,20,6,50,770,373,VICTOR JARA (RUE),,,Plein jour,En agglomération,Intersection en T,Normale,Deux véhicules - côté,,,,,,,,,,,1,2,3,1,3
200700036846,0007-06-01 22:50:00,7,6,1,22,50,770,118,ROUTE NATIONALE 3,,,Nuit sans éclairage public,Hors agglomération,Hors intersection,Normale,Deux véhicules - arrière,,,,,,,,,,,3,1,1,1,2
200700036847,0007-06-04 22:10:00,7,6,4,22,10,770,514,"177, TILLEULS (RUE DES)",,,Nuit avec éclairage allumé,En agglomération,Hors intersection,Normale,Autre collision,,,,,,,,,,,5,2,1,1,6
200700036848,0007-06-25 20:50:00,7,6,25,20,50,770,118,DEPARTEMENTAL 212 (ROUTE,,,Crépuscule ou aube,Hors agglomération,Hors intersection,Pluie légère,Deux véhicules - frontale,,,,,,,,,,,2,1,1,2,1
200700036849,0007-06-29 21:10:00,7,6,29,21,10,770,514,", GENERAL DE GAULLE (AVE",,,Plein jour,En agglomération,Hors intersection,Temps couvert,Deux véhicules - côté,,,,,,,,,,,1,2,1,8,3
200700036850,0007-06-06 10:10:00,7,6,6,10,10,780,92,"10, LECLERC (RUE DU GENE",,,Plein jour,En agglomération,Hors intersection,Normale,Autre collision,,,,,,,,,,,1,2,1,1,6
200700036851,0007-06-04 18:30:00,7,6,4,18,30,780,172,"27, AMBASSADEUR (RUE DE",,,Plein jour,En agglomération,Hors intersection,Normale,Sans collision,,,,,,,,,,,1,2,1,1,7
200700036852,0007-06-11 16:00:00,7,6,11,16,0,780,15,"0, RD 55",,,Plein jour,En agglomération,Autre intersection,Normale,Deux véhicules - arrière,,,,,,,,,,,1,2,9,1,2
200700036853,0007-06-14 18:45:00,7,6,14,18,45,780,5,"42, STALINGRAD (AVENUE D",,,Plein jour,En agglomération,Hors intersection,Normale,Trois véhicules et plus - collisions multiples,,,,,,,,,,,1,2,1,1,5
200700036854,0007-06-15 08:55:00,7,6,15,8,55,780,172,RN 184,,,Plein jour,Hors agglomération,Hors intersection,Normale,Deux véhicules - côté,,,,,,,,,,,1,1,1,1,3
200700036855,0007-06-15 16:20:00,7,6,15,16,20,780,5,RD 30,,,Plein jour,Hors agglomération,Hors intersection,Normale,Deux véhicules - côté,,,,,,,,,,,1,1,1,1,3
200700036856,0007-06-22 01:55:00,7,6,22,1,55,780,172,BRETELLE ACCES  RN 184/,,,Nuit sans éclairage public,Hors agglomération,Hors intersection,Pluie légère,Sans collision,,,,,,,,,,,3,1,1,2,7
200700036857,0007-06-22 07:24:00,7,6,22,7,24,780,15,"0, EIFFEL (RUE GUSTAVE)",,,Plein jour,En agglomération,Intersection en T,Pluie légère,Deux véhicules - côté,,,,,,,,,,,1,2,3,2,3
200700036858,0007-06-29 16:45:00,7,6,29,16,45,780,172,"0, BERTEAUX (RUE MAURICE",,,Plein jour,En agglomération,Hors intersection,Normale,Deux véhicules - arrière,,,,,,,,,,,1,2,1,1,2
200700036859,0007-06-05 19:45:00,7,6,5,19,45,780,168,NATIONALE 10 (ROUTE),,,Plein jour,Hors agglomération,Hors intersection,Normale,Deux véhicules - côté,,,,,,,,,,,1,1,1,1,3
200700036860,0007-06-08 08:10:00,7,6,8,8,10,780,644,DEPARTEMENTALE 58 (ROUTE,,,Plein jour,En agglomération,Intersection à plus de 4 branches,Pluie légère,Deux véhicules - côté,,,,,,,,,,,1,2,5,2,3
200700036861,0007-06-11 20:35:00,7,6,11,20,35,780,208,DEPARTEMENTALE 58 (ROUTE,,,Plein jour,En agglomération,Hors intersection,Pluie légère,Deux véhicules - frontale,,,,,,,,,,,1,2,1,2,1
200700036862,0007-06-20 07:05:00,7,6,20,7,5,780,168,FORGERON (ALLEE DU),,,Plein jour,En agglomération,Hors intersection,Normale,Deux véhicules - frontale,,,,,,,,,,,1,2,1,1,1
200700036863,0007-06-20 09:10:00,7,6,20,9,10,780,168,NATIONALE 10 (ROUTE),,,Plein jour,En agglomération,Hors intersection,Normale,Deux véhicules - côté,,,,,,,,,,,1,2,1,1,3
200700036864,0007-06-25 19:00:00,7,6,25,19,0,780,168,NATIONALE 10 (ROUTE),,,Plein jour,En agglomération,Hors intersection,Pluie légère,Deux véhicules - arrière,,,,,,,,,,,1,2,1,2,2
200700036865,0007-06-28 14:30:00,7,6,28,14,30,780,168,NATIONALE 10 (ROUTE),,,Plein jour,En agglomération,Hors intersection,Normale,Deux véhicules - arrière,,,,,,,,,,,1,2,1,1,2
200700036866,0007-06-01 10:50:00,7,6,1,10,50,780,297,AVENUE DES GARENNES,,,Plein jour,En agglomération,Giratoire,Normale,Deux véhicules - côté,,,,,,,,,,,1,2,6,1,3
200700036867,0007-06-05 16:40:00,7,6,5,16,40,780,297,CD 91,,,Plein jour,Hors agglomération,Hors intersection,Normale,Sans collision,,,,,,,,,,,1,1,1,1,7
200700036868,0007-06-09 19:15:00,7,6,9,19,15,780,423,PRES (AVENUE DES),,,Plein jour,En agglomération,Hors intersection,Normale,Deux véhicules - côté,,,,,,,,,,,1,2,1,1,3
200700036869,0007-06-22 11:55:00,7,6,22,11,55,780,297,CARREFOUR DE L'EUROPE,,,Plein jour,En agglomération,Giratoire,Pluie forte,Sans collision,,,,,,,,,,,1,2,6,3,7
200700036870,0007-06-06 09:35:00,7,6,6,9,35,780,311,"00, CONVENTION (RUE DE L",,,Plein jour,En agglomération,Intersection en T,Normale,Autre collision,,,,,,,,,,,1,2,3,1,6
200700036871,0007-06-14 22:10:00,7,6,14,22,10,780,311,"04, PARMENTIER (RUE)",,,Crépuscule ou aube,En agglomération,Hors intersection,Normale,Autre collision,,,,,,,,,,,2,2,1,1,6
200700036872,0007-06-20 09:45:00,7,6,20,9,45,780,124,"00, RIVIERE (RUE DE LA)",,,Plein jour,En agglomération,Intersection en T,Normale,Deux véhicules - côté,,,,,,,,,,,1,2,3,1,3
200700036873,0007-06-28 19:45:00,7,6,28,19,45,780,311,"52, EMILE ZOLA (BOULEVAR",,,Plein jour,En agglomération,Hors intersection,Normale,Autre collision,,,,,,,,,,,1,2,1,1,6
200700036874,0007-06-17 18:20:00,7,6,17,18,20,780,311,"140 bis, HENRI BARBUSSE",,,Plein jour,En agglomération,Intersection en T,Temps couvert,Deux véhicules - côté,,,,,,,,,,,1,2,3,8,3
200700036875,0007-06-28 21:55:00,7,6,28,21,55,780,358,MONTAIGNE (AVENUE),,,Nuit avec éclairage allumé,En agglomération,Intersection en X,Temps couvert,Deux véhicules - côté,,,,,,,,,,,5,2,2,8,3
200700036876,0007-06-14 18:50:00,7,6,14,18,50,780,358,MARINE (PLACE),,,Plein jour,En agglomération,Autre intersection,Normale,Deux véhicules - côté,,,,,,,,,,,1,2,9,1,3
200700036877,0007-06-11 14:45:00,7,6,11,14,45,780,361,RUE DE LA BRASSERIE ST R,,,Plein jour,En agglomération,Intersection en X,Normale,Sans collision,,,,,,,,,,,1,2,2,1,7
200700036878,0007-06-17 21:50:00,7,6,17,21,50,780,361,RUE JEAN HOUDON,,,Plein jour,En agglomération,Intersection en T,Normale,Deux véhicules - côté,,,,,,,,,,,1,2,3,1,3
200700036879,0007-06-30 20:40:00,7,6,30,20,40,780,361,RUE DENIS PAPIN,,,Plein jour,En agglomération,Hors intersection,Normale,Deux véhicules - arrière,,,,,,,,,,,1,2,1,1,2
200700036880,0007-06-25 16:30:00,7,6,25,16,30,780,372,CARNOT (RUE),,,Plein jour,En agglomération,Hors intersection,Normale,Autre collision,,,,,,,,,,,1,2,1,1,6
200700036881,0007-06-07 15:10:00,7,6,7,15,10,780,440,VERNEUIL (ROUTE DE),,,Plein jour,Hors agglomération,Hors intersection,Normale,Deux véhicules - frontale,,,,,,,,,,,1,1,1,1,1
200700036882,0007-06-10 22:20:00,7,6,10,22,20,780,440,SEINE (RUE DE),,,Nuit avec éclairage allumé,En agglomération,Hors intersection,Normale,Sans collision,,,,,,,,,,,5,2,1,1,7
200700036883,0007-06-08 19:10:00,7,6,8,19,10,780,29,"7, EGALITE (RUE DE L')",,,Plein jour,En agglomération,Hors intersection,Normale,Trois véhicules et plus - en chaîne,,,,,,,,,,,1,2,1,1,4
200700036884,0007-06-07 08:45:00,7,6,7,8,45,780,401,GENERAL LECLERC (AVENUE,,,Plein jour,Hors agglomération,Intersection en X,Normale,Deux véhicules - côté,,,,,,,,,,,1,1,2,1,3