accident_id,datetime,annee,mois,jour,heure,minute,departement,commune_insee,adresse,latitude,longitude,luminosite,agglomeration,intersection,meteo,collision,nb_vehicules,nb_usagers,nb_indemnes,nb_tues,nb_blesses_hosp,nb_blesses_legers,age_cond_1,age_cond_2,veh_type_cond_1,veh_type_cond_2,lum_code,agg_code,int_code,atm_code,col_code
200700037154,0007-06-06 18:30:00,7,6,6,18,30,870,50,"10, LIMOGES (AVENUE DE)",,,Plein jour,En agglomération,Hors intersection,Normale,Autre collision,,,,,,,,,,,1,2,1,1,6
200700037155,0007-06-07 08:55:00,7,6,7,8,55,870,50,"83/85, LIMOGES (AVENUE D",,,Plein jour,En agglomération,Hors intersection,Normale,Deux véhicules - arrière,,,,,,,,,,,1,2,1,1,2
200700037156,0007-06-07 17:13:00,7,6,7,17,13,870,113,"96-101, PARC (CITE DU)",,,Plein jour,En agglomération,Hors intersection,Normale,Autre collision,,,,,,,,,,,1,2,1,1,6
200700037157,0007-06-09 05:20:00,7,6,9,5,20,870,85,AUTOROUTE A20,,,Nuit avec éclairage allumé,Hors agglomération,Hors intersection,Normale,Sans collision,,,,,,,,,,,5,1,1,1,7
200700037158,0007-06-09 12:53:00,7,6,9,12,53,870,85,"205, DUTREIX (RUE ARMAND",,,Plein jour,En agglomération,Intersection en T,Normale,Deux véhicules - côté,,,,,,,,,,,1,2,3,1,3
200700037159,0007-06-09 16:30:00,7,6,9,16,30,870,85,"15, MAUVENDIERE (RUE DE",,,Plein jour,En agglomération,Hors intersection,Normale,Deux véhicules - arrière,,,,,,,,,,,1,2,1,1,2
200700037160,0007-06-10 16:52:00,7,6,10,16,52,870,85,PONT NEUF (RAMPE DU),,,Plein jour,En agglomération,Hors intersection,Normale,Autre collision,,,,,,,,,,,1,2,1,1,6
200700037161,0007-06-10 18:34:00,7,6,10,18,34,870,75,"18, CLUZEAU (RUE DU)",,,Plein jour,En agglomération,Hors intersection,Normale,Autre collision,,,,,,,,,,,1,2,1,1,6
200700037162,0007-06-10 22:50:00,7,6,10,22,50,870,85,"10, VIGNERAS (RUE PAUL)",,,Nuit avec éclairage allumé,En agglomération,Hors intersection,Pluie forte,Autre collision,,,,,,,,,,,5,2,1,3,6
200700037163,0007-06-10 23:53:00,7,6,10,23,53,870,85,"1, VIGENAL (BOULEVARD DU",,,Nuit avec éclairage allumé,En agglomération,Intersection en X,Pluie forte,Autre collision,,,,,,,,,,,5,2,2,3,6
200700037164,0007-06-11 08:57:00,7,6,11,8,57,870,85,"23, BEAUBLANC (BOULEVARD",,,Plein jour,En agglomération,Intersection en T,Normale,Sans collision,,,,,,,,,,,1,2,3,1,7
200700037165,0007-06-13 14:00:00,7,6,13,14,0,870,50,"44, LIMOGES (AVENUE DE)",,,Plein jour,En agglomération,Intersection en X,Normale,Deux véhicules - côté,,,,,,,,,,,1,2,2,1,3
200700037166,0007-06-13 16:01:00,7,6,13,16,1,870,75,"16, GAULLE (RUE DU GENER",,,Plein jour,En agglomération,Hors intersection,Normale,Deux véhicules - arrière,,,,,,,,,,,1,2,1,1,2
200700037167,0007-06-13 20:37:00,7,6,13,20,37,870,85,DUVERGER (RUE),,,Plein jour,En agglomération,Hors intersection,Normale,Autre collision,,,,,,,,,,,1,2,1,1,6
200700037168,0007-06-14 08:09:00,7,6,14,8,9,870,85,"90, BRIAND (RUE ARISTIDE",,,Plein jour,En agglomération,Hors intersection,Pluie légère,Autre collision,,,,,,,,,,,1,2,1,2,6
200700037169,0007-06-15 09:20:00,7,6,15,9,20,870,85,ESSARTS (RUE DES),,,Plein jour,En agglomération,Intersection en T,Normale,Deux véhicules - côté,,,,,,,,,,,1,2,3,1,3
200700037170,0007-06-15 18:00:00,7,6,15,18,0,870,85,"7, DE GAULLE (AVENUE DU",,,Plein jour,En agglomération,Hors intersection,Normale,Autre collision,,,,,,,,,,,1,2,1,1,6
200700037171,0007-06-16 00:09:00,7,6,16,0,9,870,85,"25, MONTEGUT (RUE EMILE)",,,Nuit avec éclairage allumé,En agglomération,Intersection en X,Normale,Deux véhicules - côté,,,,,,,,,,,5,2,2,1,3
200700037172,0007-06-17 16:03:00,7,6,17,16,3,870,85,AUTOROUTE A20,,,Plein jour,Hors agglomération,Autre intersection,Pluie légère,Deux véhicules - côté,,,,,,,,,,,1,1,9,2,3
200700037173,0007-06-19 19:51:00,7,6,19,19,51,870,85,AUTOROUTE A20,,,Plein jour,Hors agglomération,Hors intersection,Pluie légère,Autre collision,,,,,,,,,,,1,1,1,2,6
200700037174,0007-06-19 20:31:00,7,6,19,20,31,870,85,"9, LEGENDRE (RUE CHARLES",,,Plein jour,En agglomération,Hors intersection,Normale,Autre collision,,,,,,,,,,,1,2,1,1,6
200700037175,0007-06-21 18:18:00,7,6,21,18,18,870,85,SCHUMAN (BOULEVARD ROBER,,,Plein jour,En agglomération,Hors intersection,Normale,Autre collision,,,,,,,,,,,1,2,1,1,6
200700037176,0007-06-21 21:34:00,7,6,21,21,34,870,85,"132, MEISSONIER (RUE)",,,Plein jour,En agglomération,Intersection en T,Normale,Autre collision,,,,,,,,,,,1,2,3,1,6
200700037177,0007-06-22 15:35:00,7,6,22,15,35,870,85,"57, PERRIN (RUE FRANCOIS",,,Plein jour,En agglomération,Hors intersection,Normale,Trois véhicules et plus - en chaîne,,,,,,,,,,,1,2,1,1,4
200700037178,0007-06-22 17:08:00,7,6,22,17,8,870,85,"76, BELLAC (RUE DE)",,,Plein jour,En agglomération,Intersection en X,Pluie légère,Autre collision,,,,,,,,,,,1,2,2,2,6
200700037179,0007-06-22 17:41:00,7,6,22,17,41,870,85,"115, BELLAC (RUE DE)",,,Plein jour,En agglomération,Hors intersection,Normale,Deux véhicules - arrière,,,,,,,,,,,1,2,1,1,2
200700037180,0007-06-23 01:38:00,7,6,23,1,38,870,85,", GAMBETTA (BOULEVARD)",,,Nuit avec éclairage allumé,En agglomération,Intersection en X,Normale,Deux véhicules - côté,,,,,,,,,,,5,2,2,1,3
200700037181,0007-06-23 21:05:00,7,6,23,21,5,870,85,"22, LAGRANGE (RUE HENRI)",,,Plein jour,En agglomération,Hors intersection,Normale,Autre collision,,,,,,,,,,,1,2,1,1,6
200700037182,0007-06-26 17:41:00,7,6,26,17,41,870,65,AUTOROUTE A20,,,Plein jour,Hors agglomération,Hors intersection,Normale,Deux véhicules - arrière,,,,,,,,,,,1,1,1,1,2
200700037183,0007-06-27 19:25:00,7,6,27,19,25,870,85,"24, MONTMAILLER (RUE)",,,Plein jour,En agglomération,Hors intersection,Normale,Autre collision,,,,,,,,,,,1,2,1,1,6
200700037184,0007-06-28 23:14:00,7,6,28,23,14,870,85,"28, VIGENAL (BOULEVARD D",,,Nuit avec éclairage allumé,En agglomération,Intersection en T,Normale,Deux véhicules - côté,,,,,,,,,,,5,2,3,1,3
200700037185,0007-06-29 07:45:00,7,6,29,7,45,870,85,"45, LECLERC (AVENUE DU G",,,Plein jour,En agglomération,Hors intersection,Normale,Autre collision,,,,,,,,,,,1,2,1,1,6
200700037186,0007-06-29 13:20:00,7,6,29,13,20,870,85,"20, BEAUBLANC (BOULEVARD",,,Plein jour,En agglomération,Intersection en T,Normale,Deux véhicules - côté,,,,,,,,,,,1,2,3,1,3
200700037187,0007-06-29 21:45:00,7,6,29,21,45,870,85,"156, BRIAND (RUE ARISTID",,,Plein jour,En agglomération,Hors intersection,Normale,Deux véhicules - frontale,,,,,,,,,,,1,2,1,1,1
200700037188,0007-06-30 13:00:00,7,6,30,13,0,870,85,"27, CHENIEUX (RUE FRANCO",,,Plein jour,En agglomération,Hors intersection,Normale,Autre collision,,,,,,,,,,,1,2,1,1,6
200700037189,0007-06-04 14:50:00,7,6,4,14,50,880,160,"1, Tranchée de Docelles",,,Plein jour,Hors agglomération,Hors intersection,Normale,Deux véhicules - arrière,,,,,,,,,,,1,1,1,1,2
200700037190,0007-06-23 17:55:00,7,6,23,17,55,880,160,"15, ATRE (RUE ET PL. DE",,,Plein jour,En agglomération,Intersection en X,Normale,Deux véhicules - côté,,,,,,,,,,,1,2,2,1,3
200700037191,0007-06-27 07:40:00,7,6,27,7,40,880,209,"42, MOSELLE (RUE DE LA)",,,Plein jour,En agglomération,Hors intersection,Pluie légère,Deux véhicules - frontale,,,,,,,,,,,1,2,1,2,1
200700037192,0007-06-04 11:30:00,7,6,4,11,30,880,160,"1, CHAT-BOTTE (RUE DU)",,,Plein jour,En agglomération,Giratoire,Normale,Deux véhicules - côté,,,,,,,,,,,1,2,6,1,3
200700037193,0007-06-04 17:45:00,7,6,4,17,45,880,160,"1, JEUXEY (RTE DE)",,,Plein jour,En agglomération,Hors intersection,Normale,Autre collision,,,,,,,,,,,1,2,1,1,6
200700037194,0007-06-11 18:45:00,7,6,11,18,45,880,209,"28, LECLERC ( RUE GENERA",,,Plein jour,En agglomération,Hors intersection,Normale,Deux véhicules - côté,,,,,,,,,,,1,2,1,1,3
200700037195,0007-06-27 15:15:00,7,6,27,15,15,880,160,"6, GEORGES DE LA TOUR (R",,,Plein jour,En agglomération,Hors intersection,Normale,Autre collision,,,,,,,,,,,1,2,1,1,6
200700037196,0007-06-03 08:05:00,7,6,3,8,5,890,24,"00, PREUILLY (RUE DE)",,,Plein jour,En agglomération,Intersection en T,Normale,Deux véhicules - côté,,,,,,,,,,,1,2,3,1,3
200700037197,0007-06-06 16:35:00,7,6,6,16,35,890,24,"32, VAULABELLE (BOULEVAR",,,Plein jour,En agglomération,Intersection en X,Normale,Deux véhicules - côté,,,,,,,,,,,1,2,2,1,3
200700037198,0007-06-19 12:00:00,7,6,19,12,0,890,24,"00, MOULIN DU PRESIDENT",,,Plein jour,En agglomération,Intersection en X,Normale,Deux véhicules - côté,,,,,,,,,,,1,2,2,1,3
200700037199,0007-06-25 14:40:00,7,6,25,14,40,890,24,"00, VAUBAN (BOULEVARD) N",,,Plein jour,En agglomération,Intersection en X,Normale,Deux véhicules - côté,,,,,,,,,,,1,2,2,1,3
200700037200,0007-06-17 06:00:00,7,6,17,6,0,890,24,"00, MAX BLONDAT (RUE)",,,Nuit avec éclairage allumé,En agglomération,Hors intersection,Normale,Autre collision,,,,,,,,,,,5,2,1,1,6
200700037201,0007-06-21 10:05:00,7,6,21,10,5,890,24,"00, JOFFRE (AVENUE)",,,Plein jour,En agglomération,Intersection en T,Normale,Deux véhicules - côté,,,,,,,,,,,1,2,3,1,3
200700037202,0007-06-10 12:10:00,7,6,10,12,10,890,387,"0, QUATORZE JUILLET (BOU",,,Plein jour,En agglomération,Intersection en X,Normale,Autre collision,,,,,,,,,,,1,2,2,1,6
200700037203,0007-06-10 19:50:00,7,6,10,19,50,890,387,"0, KENNEDY (BOULEVARD)",,,Plein jour,En agglomération,Intersection en X,Normale,Deux véhicules - côté,,,,,,,,,,,1,2,2,1,3
200700037204,0007-06-21 16:55:00,7,6,21,16,55,890,387,"0, LIBERTE (BOULEVARD DE",,,Plein jour,En agglomération,Intersection en X,Normale,Autre collision,,,,,,,,,,,1,2,2,1,6
200700037205,0007-06-22 10:35:00,7,6,22,10,35,890,342,"0, nationale 360",,,Plein jour,En agglomération,Intersection en X,Normale,Deux véhicules - côté,,,,,,,,,,,1,2,2,1,3
200700037206,0007-06-01 17:30:00,7,6,1,17,30,900,8,GRAND'RUE,,,Plein jour,En agglomération,Hors intersection,Normale,Trois véhicules et plus - en chaîne,,,,,,,,,,,1,2,1,1,4
200700037207,0007-06-02 17:35:00,7,6,2,17,35,900,10,JAURES (AVENUE JEAN) DE,,,Plein jour,En agglomération,Intersection en T,Normale,Deux véhicules - côté,,,,,,,,,,,1,2,3,1,3
200700037208,0007-06-02 20:50:00,7,6,2,20,50,900,10,FRANCE BOULEVARD ANATOLE,,,Plein jour,En agglomération,Hors intersection,Normale,Autre collision,,,,,,,,,,,1,2,1,1,6
200700037209,0007-06-06 17:05:00,7,6,6,17,5,900,10,"1, USINES (AVENUE DES)",,,Plein jour,En agglomération,Intersection en T,Normale,Deux véhicules - côté,,,,,,,,,,,1,2,3,1,3
200700037210,0007-06-06 21:00:00,7,6,6,21,0,900,10,"173, JAURES (AVENUE JEAN",,,Crépuscule ou aube,En agglomération,Intersection en T,Pluie légère,Deux véhicules - côté,,,,,,,,,,,2,2,3,2,3
200700037211,0007-06-08 14:40:00,7,6,8,14,40,900,99,"3, CARNOT (RUE)",,,Plein jour,En agglomération,Hors intersection,Normale,Deux véhicules - arrière,,,,,,,,,,,1,2,1,1,2
200700037212,0007-06-09 17:55:00,7,6,9,17,55,900,10,MONTBELIARD (FAUBOURG DE,,,Plein jour,En agglomération,Intersection en T,Normale,Autre collision,,,,,,,,,,,1,2,3,1,6
200700037213,0007-06-09 21:55:00,7,6,9,21,55,900,10,MENDES FRANCE (RUE),,,Crépuscule ou aube,En agglomération,Hors intersection,Normale,Autre collision,,,,,,,,,,,2,2,1,1,6
200700037214,0007-06-12 15:49:00,7,6,12,15,49,900,10,KENNEDY (BOULEVARD),,,Plein jour,En agglomération,Intersection à plus de 4 branches,Normale,Deux véhicules - côté,,,,,,,,,,,1,2,5,1,3
200700037215,0007-06-14 17:45:00,7,6,14,17,45,900,10,ALTKIRCH (AVENUE),,,Plein jour,En agglomération,Intersection en T,Pluie légère,Deux véhicules - côté,,,,,,,,,,,1,2,3,2,3
200700037216,0007-06-18 16:23:00,7,6,18,16,23,900,10,"4, VALDOIE (RUE DE)",,,Plein jour,En agglomération,Hors intersection,Normale,Autre collision,,,,,,,,,,,1,2,1,1,6
200700037217,0007-06-18 20:45:00,7,6,18,20,45,900,32,"1, TROIS RESEAUX (RUE DE",,,Plein jour,En agglomération,Hors intersection,Normale,Autre collision,,,,,,,,,,,1,2,1,1,6
200700037218,0007-06-19 08:15:00,7,6,19,8,15,900,10,"18, BLUM (RUE LEON)",,,Plein jour,En agglomération,Hors intersection,Normale,Autre collision,,,,,,,,,,,1,2,1,1,6
200700037219,0007-06-19 08:25:00,7,6,19,8,25,900,10,"15, VOLTAIRE (RUE )",,,Plein jour,En agglomération,Hors intersection,Normale,Autre collision,,,,,,,,,,,1,2,1,1,6
200700037220,0007-06-21 08:54:00,7,6,21,8,54,900,99,TURENNE (RUE DE),,,Plein jour,En agglomération,Hors intersection,Pluie légère,Sans collision,,,,,,,,,,,1,2,1,2,7
200700037221,0007-06-21 11:33:00,7,6,21,11,33,900,10,JOFFRE (BOULEVARD MARECH,,,Plein jour,En agglomération,Intersection en X,Pluie légère,Deux véhicules - côté,,,,,,,,,,,1,2,2,2,3
200700037222,0007-06-21 14:15:00,7,6,21,14,15,900,10,KENNEDY (BOULEVARD),,,Plein jour,En agglomération,Intersection en X,Normale,Deux véhicules - côté,,,,,,,,,,,1,2,2,1,3
200700037223,0007-06-22 12:15:00,7,6,22,12,15,900,10,"1, LAURENCIE (AVENUE CAP",,,Plein jour,En agglomération,Intersection en T,Normale,Deux véhicules - côté,,,,,,,,,,,1,2,3,1,3
200700037224,0007-06-22 20:53:00,7,6,22,20,53,900,10,LYON (FAUBOURG DE),,,Plein jour,En agglomération,Intersection en T,Normale,Deux véhicules - frontale,,,,,,,,,,,1,2,3,1,1
200700037225,0007-06-24 15:04:00,7,6,24,15,4,900,8,GRAND'RUE,,,Plein jour,Hors agglomération,Intersection en X,Normale,Deux véhicules - côté,,,,,,,,,,,1,1,2,1,3
200700037226,0007-06-26 15:15:00,7,6,26,15,15,900,10,SARRAIL (AVENUE),,,Plein jour,En agglomération,Intersection en X,Temps couvert,Deux véhicules - côté,,,,,,,,,,,1,2,2,8,3
200700037227,0007-06-27 02:18:00,7,6,27,2,18,900,10,JUIN (AVENUE DU MARECHAL,,,Nuit avec éclairage allumé,En agglomération,Intersection en X,Temps couvert,Deux véhicules - côté,,,,,,,,,,,5,2,2,8,3
200700037228,0007-06-27 18:20:00,7,6,27,18,20,900,76,GRAND'RUE,,,Plein jour,En agglomération,Hors intersection,Normale,Sans collision,,,,,,,,,,,1,2,1,1,7
200700037229,0007-06-29 21:15:00,7,6,29,21,15,900,10,"11, STOCKHOLM (RUE DE)",,,Plein jour,En agglomération,Hors intersection,Normale,Deux véhicules - côté,,,,,,,,,,,1,2,1,1,3
200700037230,0007-06-30 10:40:00,7,6,30,10,40,900,10,ESPERANCE (CARREFOUR DE,,,Plein jour,En agglomération,Hors intersection,Normale,Autre collision,,,,,,,,,,,1,2,1,1,6
200700037231,0007-06-16 21:10:00,7,6,16,21,10,910,103,"AUCHAN, MAISON NEUVE (AV",,,Plein jour,En agglomération,Hors intersection,Normale,Deux véhicules - côté,,,,,,,,,,,1,2,1,1,3
200700037232,0007-06-02 19:40:00,7,6,2,19,40,910,514,ROUTE NATIONALE 6,,,Plein jour,Hors agglomération,Intersection en X,Normale,Deux véhicules - côté,,,,,,,,,,,1,1,2,1,3
200700037233,0007-06-07 08:35:00,7,6,7,8,35,910,114,REVEILLON (RUE DU),,,Plein jour,En agglomération,Hors intersection,Normale,Autre collision,,,,,,,,,,,1,2,1,1,6
200700037234,0007-06-11 15:40:00,7,6,11,15,40,910,114,ROUTE NATIONALE 6,,,Plein jour,En agglomération,Intersection en T,Normale,Trois véhicules et plus - collisions multiples,,,,,,,,,,,1,2,3,1,5
200700037235,0007-06-14 20:55:00,7,6,14,20,55,910,97,BESLY (RUE DU),,,Crépuscule ou aube,En agglomération,Hors intersection,Normale,Autre collision,,,,,,,,,,,2,2,1,1,6
200700037236,0007-06-15 18:50:00,7,6,15,18,50,910,114,GENERAL LECLERC (AVENUE,,,Plein jour,En agglomération,Hors intersection,Normale,Deux véhicules - côté,,,,,,,,,,,1,2,1,1,3
200700037237,0007-06-21 20:10:00,7,6,21,20,10,910,514,BOISSY (RUE DE),,,Crépuscule ou aube,En agglomération,Hors intersection,Normale,Autre collision,,,,,,,,,,,2,2,1,1,6
200700037238,0007-06-23 21:10:00,7,6,23,21,10,910,114,MANDRES (RUE DE),,,Crépuscule ou aube,En agglomération,Hors intersection,Normale,Autre collision,,,,,,,,,,,2,2,1,1,6
200700037239,0007-06-27 17:40:00,7,6,27,17,40,910,114,ILE DE FRANCE (BOULEVARD,,,Plein jour,En agglomération,Hors intersection,Normale,Autre collision,,,,,,,,,,,1,2,1,1,6
200700037240,0007-06-30 20:40:00,7,6,30,20,40,910,114,POSTE (RUE DE LA),,,Plein jour,En agglomération,Intersection en X,Normale,Autre collision,,,,,,,,,,,1,2,2,1,6
200700037241,0007-06-21 22:55:00,7,6,21,22,55,910,174,"0, FERAY ( rue )",,,Nuit avec éclairage allumé,En agglomération,Intersection en X,Normale,Deux véhicules - côté,,,,,,,,,,,5,2,2,1,3
200700037242,0007-06-03 11:45:00,7,6,3,11,45,910,657,HENRI CHARON (AVENUE),,,Plein jour,En agglomération,Hors intersection,Normale,Autre collision,,,,,,,,,,,1,2,1,1,6
200700037243,0007-06-04 17:20:00,7,6,4,17,20,910,657,SALVADOR ALLENDE (RUE),,,Plein jour,En agglomération,Hors intersection,Normale,Trois véhicules et plus - en chaîne,,,,,,,,,,,1,2,1,1,4
200700037244,0007-06-05 05:10:00,7,6,5,5,10,910,201,HENRI BARBUSSE(BOULEVARD,,,Crépuscule ou aube,En agglomération,Hors intersection,Normale,Sans collision,,,,,,,,,,,2,2,1,1,7
200700037245,0007-06-07 11:25:00,7,6,7,11,25,910,657,HENRI BARBUSSE (AVENUE),,,Plein jour,En agglomération,Hors intersection,Normale,Autre collision,,,,,,,,,,,1,2,1,1,6
200700037246,0007-06-08 15:50:00,7,6,8,15,50,910,201,GENERAL DE GAULLE(BOULEV,,,Plein jour,En agglomération,Hors intersection,Normale,Autre collision,,,,,,,,,,,1,2,1,1,6
200700037247,0007-06-09 20:15:00,7,6,9,20,15,910,657,GABRIEL PERI (RUE),,,Plein jour,En agglomération,Intersection en X,Normale,Deux véhicules - côté,,,,,,,,,,,1,2,2,1,3
200700037248,0007-06-16 18:10:00,7,6,16,18,10,910,657,FREDERIC JOLIOT CURIE (A,,,Plein jour,En agglomération,Hors intersection,Normale,Autre collision,,,,,,,,,,,1,2,1,1,6
200700037249,0007-06-19 21:10:00,7,6,19,21,10,910,201,HENRI BARBUSSE(BOULEVARD,,,Crépuscule ou aube,En agglomération,Hors intersection,Normale,Deux véhicules - côté,,,,,,,,,,,2,2,1,1,3
200700037250,0007-06-20 15:50:00,7,6,20,15,50,910,657,JULES VALLES,,,Plein jour,En agglomération,Hors intersection,Normale,Sans collision,,,,,,,,,,,1,2,1,1,7
200700037251,0007-06-25 07:15:00,7,6,25,7,15,910,657,GABRIEL PERI (RUE),,,Plein jour,En agglomération,Hors intersection,Normale,Autre collision,,,,,,,,,,,1,2,1,1,6
200700037252,0007-06-21 13:05:00,7,6,21,13,5,910,201,EUGENE DELACROIX(AVENUE),,,Plein jour,En agglomération,Intersection en X,Normale,Deux véhicules - côté,,,,,,,,,,,1,2,2,1,3
200700037253,0007-06-28 09:10:00,7,6,28,9,10,910,657,LONGUERAIE (RUE DE LA ),,,Plein jour,En agglomération,Intersection en X,Temps couvert,Deux véhicules - côté,,,,,,,,,,,1,2,2,8,3
200700037254,0007-06-30 07:30:00,7,6,30,7,30,910,657,HENRI CHARON (AVENUE),,,Plein jour,En agglomération,Hors intersection,Normale,Deux véhicules - frontale,,,,,,,,,,,1,2,1,1,1
200700037255,0007-06-30 16:10:00,7,6,30,16,10,910,201,GENERAL DE GAULLE(BOULEV,,,Plein jour,En agglomération,Hors intersection,Normale,Deux véhicules - arrière,,,,,,,,,,,1,2,1,1,2
200700037256,0007-06-02 16:45:00,7,6,2,16,45,910,223,R.N.20,,,Plein jour,Hors agglomération,Hors intersection,Normale,Autre collision,,,,,,,,,,,1,1,1,1,6
200700037257,0007-06-06 10:45:00,7,6,6,10,45,910,433,RN 191,,,Plein jour,Hors agglomération,Hors intersection,Normale,Sans collision,,,,,,,,,,,1,1,1,1,7
200700037258,0007-06-06 17:05:00,7,6,6,17,5,910,433,R.N. 20,,,Plein jour,Hors agglomération,Hors intersection,Normale,Deux véhicules - côté,,,,,,,,,,,1,1,1,1,3
200700037259,0007-06-09 13:10:00,7,6,9,13,10,910,223,R.N.20,,,Plein jour,Hors agglomération,Hors intersection,Normale,Autre collision,,,,,,,,,,,1,1,1,1,6
200700037260,0007-06-11 08:30:00,7,6,11,8,30,910,223,"6, VAN LOO (RUE)",,,Plein jour,En agglomération,Hors intersection,Normale,Deux véhicules - arrière,,,,,,,,,,,1,2,1,1,2
200700037261,0007-06-12 17:20:00,7,6,12,17,20,910,223,VICTOIRE (ALLEE DE LA),,,Plein jour,En agglomération,Intersection en X,Normale,Sans collision,,,,,,,,,,,1,2,2,1,7
200700037262,0007-06-15 20:35:00,7,6,15,20,35,910,223,R.N.20,,,Plein jour,Hors agglomération,Hors intersection,Pluie légère,Autre collision,,,,,,,,,,,1,1,1,2,6
200700037263,0007-06-16 19:05:00,7,6,16,19,5,910,433,CHEMIN VERT (RUE DU),,,Plein jour,En agglomération,Autre intersection,Normale,Deux véhicules - côté,,,,,,,,,,,1,2,9,1,3
200700037264,0007-06-17 18:40:00,7,6,17,18,40,910,223,"1, ROCHES (CHEMIN DES)",,,Plein jour,Hors agglomération,Hors intersection,Pluie légère,Autre collision,,,,,,,,,,,1,1,1,2,6
200700037265,0007-06-30 18:36:00,7,6,30,18,36,910,223,"1, POIRIER (AVENUE HENRI",,,Plein jour,En agglomération,Hors intersection,Normale,Sans collision,,,,,,,,,,,1,2,1,1,7
200700037266,0007-06-05 11:55:00,7,6,5,11,55,910,521,"., GRIGNY (ROUTE DE)",,,Plein jour,En agglomération,Intersection en T,Normale,Deux véhicules - côté,,,,,,,,,,,1,2,3,1,3
200700037267,0007-06-06 18:50:00,7,6,6,18,50,910,228,"., GENERAL PATTON (AVENU",,,Plein jour,En agglomération,Hors intersection,Normale,Trois véhicules et plus - en chaîne,,,,,,,,,,,1,2,1,1,4
200700037268,0007-06-12 16:45:00,7,6,12,16,45,910,521,"46, BROSSOLETTE (RUE PIE",,,Plein jour,En agglomération,Hors intersection,Normale,Autre collision,,,,,,,,,,,1,2,1,1,6
200700037269,0007-06-18 08:55:00,7,6,18,8,55,910,521,"., LIBERATION (AVENUE DE",,,Plein jour,En agglomération,Hors intersection,Normale,Deux véhicules - arrière,,,,,,,,,,,1,2,1,1,2
200700037270,0007-06-20 11:50:00,7,6,20,11,50,910,228,"., FRANCE (BD) N° IMPAIR",,,Plein jour,En agglomération,Intersection en X,Normale,Deux véhicules - côté,,,,,,,,,,,1,2,2,1,3
200700037271,0007-06-20 13:50:00,7,6,20,13,50,910,228,VOIE TU,,,Plein jour,En agglomération,Hors intersection,Normale,Deux véhicules - côté,,,,,,,,,,,1,2,1,1,3
200700037272,0007-06-21 18:00:00,7,6,21,18,0,910,228,"., DECAUVILLE (BOULEVARD",,,Plein jour,En agglomération,Hors intersection,Normale,Autre collision,,,,,,,,,,,1,2,1,1,6
200700037273,0007-06-26 17:15:00,7,6,26,17,15,910,228,"., DECAUVILLE (BOULEVARD",,,Plein jour,En agglomération,Hors intersection,Normale,Autre collision,,,,,,,,,,,1,2,1,1,6
200700037274,0007-06-29 14:10:00,7,6,29,14,10,910,228,FRANCE (BD) N°PAIRS,,,Plein jour,En agglomération,Hors intersection,Normale,Deux véhicules - arrière,,,,,,,,,,,1,2,1,1,2
200700037275,0007-06-30 04:25:00,7,6,30,4,25,910,521,REMY (RUE ALBERT),,,Crépuscule ou aube,En agglomération,Intersection en T,Normale,Deux véhicules - côté,,,,,,,,,,,2,2,3,1,3
200700037276,0007-06-27 21:05:00,7,6,27,21,5,910,377,"38, VILGENIS (RUE DE)",,,Plein jour,En agglomération,Hors intersection,Temps couvert,Deux véhicules - arrière,,,,,,,,,,,1,2,1,8,2
200700037277,0007-06-30 00:01:00,7,6,30,0,1,910,377,"5, VERSAILLES (RUE DE)",,,Nuit avec éclairage allumé,En agglomération,Hors intersection,Autre,Autre collision,,,,,,,,,,,5,2,1,9,6
200700037278,0007-06-04 16:40:00,7,6,4,16,40,910,691,JEAN JAURES(RUE),,,Plein jour,En agglomération,Intersection en X,Normale,Deux véhicules - côté,,,,,,,,,,,1,2,2,1,3
200700037279,0007-06-06 18:45:00,7,6,6,18,45,910,421,"0, MIREILLE VALEAU (PLAC",,,Plein jour,En agglomération,Hors intersection,Normale,Deux véhicules - arrière,,,,,,,,,,,1,2,1,1,2
200700037280,0007-06-10 09:45:00,7,6,10,9,45,910,691,"0, CHARLE DE GAULLE(RUE)",,,Plein jour,En agglomération,Intersection en T,Normale,Deux véhicules - côté,,,,,,,,,,,1,2,3,1,3
200700037281,0007-06-15 20:10:00,7,6,15,20,10,910,421,"0, NATIONALE 6 (GLACIERE",,,Plein jour,Hors agglomération,Hors intersection,Normale,Trois véhicules et plus - en chaîne,,,,,,,,,,,1,1,1,1,4
200700037282,0007-06-21 08:00:00,7,6,21,8,0,910,691,"angle, RESISTANCE(AVENUE",,,Plein jour,En agglomération,Intersection en T,Temps couvert,Deux véhicules - frontale,,,,,,,,,,,1,2,3,8,1
200700037283,0007-06-26 07:05:00,7,6,26,7,5,910,691,"00, LOUIS ARMANDI(RUE)",,,Crépuscule ou aube,En agglomération,Hors intersection,Pluie légère,Autre collision,,,,,,,,,,,2,2,1,2,6
200700037284,0007-06-26 12:25:00,7,6,26,12,25,910,421,JEAN JAURES (AVENUE),,,Plein jour,En agglomération,Intersection en X,Temps couvert,Deux véhicules - côté,,,,,,,,,,,1,2,2,8,3
200700037285,0007-06-29 20:45:00,7,6,29,20,45,910,691,GABRIEL PERI(RUE) DU N°7,,,Crépuscule ou aube,En agglomération,Intersection en X,Normale,Deux véhicules - côté,,,,,,,,,,,2,2,2,1,3
200700037286,0007-06-09 23:50:00,7,6,9,23,50,910,477,"12, HUIT MAI 1945 (AVENU",,,Nuit avec éclairage allumé,En agglomération,Intersection en X,Normale,Deux véhicules - arrière,,,,,,,,,,,5,2,2,1,2
200700037287,0007-06-23 09:50:00,7,6,23,9,50,910,692,CD35,,,Plein jour,Hors agglomération,Hors intersection,Normale,Deux véhicules - arrière,,,,,,,,,,,1,1,1,1,2