accident_id,datetime,annee,mois,jour,heure,minute,departement,commune_insee,adresse,latitude,longitude,luminosite,agglomeration,intersection,meteo,collision,nb_vehicules,nb_usagers,nb_indemnes,nb_tues,nb_blesses_hosp,nb_blesses_legers,age_cond_1,age_cond_2,veh_type_cond_1,veh_type_cond_2,lum_code,agg_code,int_code,atm_code,col_code
200700037288,0007-06-26 17:00:00,7,6,26,17,0,910,477,"7, BRANLY (RUE EDOUARD)",,,Plein jour,En agglomération,Hors intersection,Normale,Deux véhicules - côté,,,,,,,,,,,1,2,1,1,3
200700037289,0007-06-21 15:15:00,7,6,21,15,15,910,477,"71, GUTEMBERG (RUE)",,,Plein jour,En agglomération,Intersection en T,Normale,Deux véhicules - frontale,,,,,,,,,,,1,2,3,1,1
200700037290,0007-06-20 17:30:00,7,6,20,17,30,910,477,"14, EMILE BAUDOT (RUE)",,,Plein jour,En agglomération,Autre intersection,Normale,Sans collision,,,,,,,,,,,1,2,9,1,7
200700037291,0007-06-29 13:30:00,7,6,29,13,30,910,312,"23, REPUBLIQUE (AVENUE D",,,Plein jour,En agglomération,Hors intersection,Normale,Autre collision,,,,,,,,,,,1,2,1,1,6
200700037292,0007-06-29 18:50:00,7,6,29,18,50,910,64,PETIT BIEVRES (RUE DU),,,Plein jour,En agglomération,Intersection en X,Pluie légère,Deux véhicules - frontale,,,,,,,,,,,1,2,2,2,1
200700037293,0007-06-16 11:10:00,7,6,16,11,10,910,667,CORBEIL (ROUTE),,,Plein jour,En agglomération,Intersection en X,Normale,Deux véhicules - côté,,,,,,,,,,,1,2,2,1,3
200700037294,0007-06-17 00:15:00,7,6,17,0,15,910,549,"2, SAINT MICHEL (BOULEVA",,,Nuit avec éclairage allumé,En agglomération,Intersection en X,Normale,Deux véhicules - côté,,,,,,,,,,,5,2,2,1,3
200700037295,0007-06-19 10:40:00,7,6,19,10,40,910,549,"1, LEO LAGRANGE (RUE)",,,Plein jour,En agglomération,Hors intersection,Normale,Sans collision,,,,,,,,,,,1,2,1,1,7
200700037296,0007-06-21 14:10:00,7,6,21,14,10,910,685,"1, PASTEUR (RUE)",,,Plein jour,En agglomération,Hors intersection,Normale,Deux véhicules - côté,,,,,,,,,,,1,2,1,1,3
200700037297,0007-06-28 19:10:00,7,6,28,19,10,910,549,"01, DONJON (AVENUE DU)",,,Plein jour,En agglomération,Intersection en T,Normale,Deux véhicules - côté,,,,,,,,,,,1,2,3,1,3
200700037298,0007-06-04 16:05:00,7,6,4,16,5,910,589,"9, DAVOUT (PLACE)",,,Plein jour,En agglomération,Place,Normale,Autre collision,,,,,,,,,,,1,2,7,1,6
200700037299,0007-06-28 15:00:00,7,6,28,15,0,910,432,FONTAINE (PLACE GABRIEL),,,Plein jour,En agglomération,Place,Normale,Deux véhicules - frontale,,,,,,,,,,,1,2,7,1,1
200700037300,0007-06-01 10:30:00,7,6,1,10,30,920,14,"64, MARECHAL JOFFRE (BD",,,Plein jour,En agglomération,Intersection en X,Normale,Trois véhicules et plus - en chaîne,,,,,,,,,,,1,2,2,1,4
200700037301,0007-06-11 17:00:00,7,6,11,17,0,920,2,"4, MARNE (AVENUE DE LA)",,,Plein jour,En agglomération,Hors intersection,Normale,Deux véhicules - côté,,,,,,,,,,,1,2,1,1,3
200700037302,0007-06-14 17:15:00,7,6,14,17,15,920,2,"21, JEANNE D'ARC (AVENUE",,,Plein jour,En agglomération,Hors intersection,Normale,Autre collision,,,,,,,,,,,1,2,1,1,6
200700037303,0007-06-15 16:10:00,7,6,15,16,10,920,2,"13, ABBAYE (RUE DE L')",,,Plein jour,En agglomération,Intersection en T,Normale,Autre collision,,,,,,,,,,,1,2,3,1,6
200700037304,0007-06-15 17:30:00,7,6,15,17,30,920,2,"55, ADOLPHE PAJEAUD (RUE",,,Plein jour,En agglomération,Intersection en T,Normale,Autre collision,,,,,,,,,,,1,2,3,1,6
200700037305,0007-06-17 00:25:00,7,6,17,0,25,920,2,"106, CHATENAY (AVENUE DE",,,Nuit avec éclairage allumé,En agglomération,Hors intersection,Normale,Autre collision,,,,,,,,,,,5,2,1,1,6
200700037306,0007-06-20 00:15:00,7,6,20,0,15,920,2,"., CROCHETEURS (RUE DES)",,,Nuit avec éclairage allumé,En agglomération,Intersection en T,Pluie légère,Deux véhicules - côté,,,,,,,,,,,5,2,3,2,3
200700037307,0007-06-23 19:20:00,7,6,23,19,20,920,14,"7, DINEUR (RUE DE)",,,Plein jour,En agglomération,Hors intersection,Normale,Autre collision,,,,,,,,,,,1,2,1,1,6
200700037308,0007-06-28 21:50:00,7,6,28,21,50,920,2,DIVISION LECLERC (1 A 29,,,Plein jour,En agglomération,Intersection en T,Normale,Deux véhicules - côté,,,,,,,,,,,1,2,3,1,3
200700037309,0007-06-29 12:20:00,7,6,29,12,20,920,2,GENERAL DE GAULLE (AVENU,,,Plein jour,En agglomération,Intersection en X,Normale,Deux véhicules - arrière,,,,,,,,,,,1,2,2,1,2
200700037310,0007-06-01 08:15:00,7,6,1,8,15,920,4,"NR, DOCTEUR DERVAUX  ( Q",,,Plein jour,En agglomération,Hors intersection,Normale,Deux véhicules - côté,,,,,,,,,,,1,2,1,1,3
200700037311,0007-06-03 17:55:00,7,6,3,17,55,920,4,"40, BOURGUIGNONS (RUE 2",,,Plein jour,En agglomération,Intersection en X,Normale,Autre collision,,,,,,,,,,,1,2,2,1,6
200700037312,0007-06-05 16:30:00,7,6,5,16,30,920,4,"107, DOCTEUR DERVAUX  (",,,Plein jour,En agglomération,Hors intersection,Normale,Deux véhicules - côté,,,,,,,,,,,1,2,1,1,3
200700037313,0007-06-06 18:40:00,7,6,6,18,40,920,4,"165, ARGENTEUIL AV D'",,,Plein jour,En agglomération,Hors intersection,Normale,Deux véhicules - côté,,,,,,,,,,,1,2,1,1,3
200700037314,0007-06-07 18:30:00,7,6,7,18,30,920,9,"19, BOURGUIGNONS ( RUE 0",,,Plein jour,En agglomération,Hors intersection,Normale,Deux véhicules - frontale,,,,,,,,,,,1,2,1,1,1
200700037315,0007-06-09 09:40:00,7,6,9,9,40,920,4,"NR, LAURENT-CELY  ( AVEN",,,Plein jour,En agglomération,Intersection en X,Normale,Autre collision,,,,,,,,,,,1,2,2,1,6
200700037316,0007-06-09 16:30:00,7,6,9,16,30,920,9,"135, ABBE GLATZ  ( RUE D",,,Plein jour,En agglomération,Hors intersection,Normale,Autre collision,,,,,,,,,,,1,2,1,1,6
200700037317,0007-06-11 16:15:00,7,6,11,16,15,920,4,"NR, BAS ( RUE DES )",,,Plein jour,En agglomération,Intersection en X,Normale,Autre collision,,,,,,,,,,,1,2,2,1,6
200700037318,0007-06-12 07:55:00,7,6,12,7,55,920,4,"266, ARGENTEUIL N° 176 A",,,Plein jour,En agglomération,Intersection en T,Normale,Deux véhicules - côté,,,,,,,,,,,1,2,3,1,3
200700037319,0007-06-22 18:35:00,7,6,22,18,35,920,4,"355, ARGENTEUIL AV D'",,,Plein jour,En agglomération,Intersection en Y,Normale,Autre collision,,,,,,,,,,,1,2,4,1,6
200700037320,0007-06-22 21:15:00,7,6,22,21,15,920,4,"NR, DOCTEUR DERVAUX  ( Q",,,Nuit avec éclairage non allumé,En agglomération,Intersection en X,Pluie légère,Deux véhicules - côté,,,,,,,,,,,4,2,2,2,3
200700037321,0007-06-26 17:10:00,7,6,26,17,10,920,9,"NR, CHEVREUL ( AVENUE )",,,Plein jour,En agglomération,Intersection en T,Normale,Deux véhicules - côté,,,,,,,,,,,1,2,3,1,3
200700037322,0007-06-26 21:30:00,7,6,26,21,30,920,4,"NR, ARGENTEUIL AV D'",,,Crépuscule ou aube,En agglomération,Intersection en T,Normale,Deux véhicules - côté,,,,,,,,,,,2,2,3,1,3
200700037323,0007-06-27 13:10:00,7,6,27,13,10,920,4,"NR, FELIX FAURE ( RUE )",,,Plein jour,En agglomération,Intersection en X,Normale,Deux véhicules - côté,,,,,,,,,,,1,2,2,1,3
200700037324,0007-06-29 16:35:00,7,6,29,16,35,920,4,"NR, ORGEMONT  ( AVENUE D",,,Plein jour,En agglomération,Intersection en X,Normale,Autre collision,,,,,,,,,,,1,2,2,1,6
200700037325,0007-06-30 00:05:00,7,6,30,0,5,920,4,"34, MARNE   ( AVENUE DE",,,Nuit avec éclairage allumé,En agglomération,Hors intersection,Pluie légère,Deux véhicules - arrière,,,,,,,,,,,5,2,1,2,2
200700037326,0007-06-04 18:20:00,7,6,4,18,20,920,7,"144, RAVERA (AVENUE HENR",,,Plein jour,En agglomération,Hors intersection,Normale,Deux véhicules - côté,,,,,,,,,,,1,2,1,1,3
200700037327,0007-06-09 14:00:00,7,6,9,14,0,920,7,"-, FERRE (RUE LEO)",,,Plein jour,En agglomération,Intersection en T,Normale,Deux véhicules - côté,,,,,,,,,,,1,2,3,1,3
200700037328,0007-06-12 19:10:00,7,6,12,19,10,920,7,"44, BRIAND (AVENUE ARIST",,,Plein jour,En agglomération,Hors intersection,Normale,Deux véhicules - arrière,,,,,,,,,,,1,2,1,1,2
200700037329,0007-06-29 18:10:00,7,6,29,18,10,920,7,"-, FORTIN (AVENUE JEAN-B",,,Plein jour,En agglomération,Intersection en Y,Normale,Deux véhicules - côté,,,,,,,,,,,1,2,4,1,3
200700037330,0007-06-30 10:10:00,7,6,30,10,10,920,7,"-, PASTEUR (AVENUE LOUIS",,,Plein jour,En agglomération,Intersection en X,Normale,Deux véhicules - frontale,,,,,,,,,,,1,2,2,1,1
200700037331,0007-06-29 08:10:00,7,6,29,8,10,920,12,"06, PARCHAMP (RUE DU) 1/",,,Plein jour,En agglomération,Hors intersection,Normale,Deux véhicules - côté,,,,,,,,,,,1,2,1,1,3
200700037332,0007-06-02 19:45:00,7,6,2,19,45,920,12,"26, ANDRE MORIZET (AVENU",,,Plein jour,En agglomération,Hors intersection,Normale,Autre collision,,,,,,,,,,,1,2,1,1,6
200700037333,0007-06-06 00:25:00,7,6,6,0,25,920,12,"38, REINE (ROUTE DE LA)",,,Nuit avec éclairage allumé,En agglomération,Hors intersection,Normale,Deux véhicules - arrière,,,,,,,,,,,5,2,1,1,2
200700037334,0007-06-06 13:05:00,7,6,6,13,5,920,12,"angle, ANDRE MORIZET (AV",,,Plein jour,En agglomération,Intersection en X,Normale,Deux véhicules - côté,,,,,,,,,,,1,2,2,1,3
200700037335,0007-06-06 15:45:00,7,6,6,15,45,920,12,"63, EDOUARD VAILLANT (AV",,,Plein jour,En agglomération,Hors intersection,Normale,Deux véhicules - côté,,,,,,,,,,,1,2,1,1,3
200700037336,0007-06-07 10:50:00,7,6,7,10,50,920,12,"15, REPUBLIQUE (BOULEVAR",,,Plein jour,En agglomération,Hors intersection,Normale,Deux véhicules - côté,,,,,,,,,,,1,2,1,1,3
200700037337,0007-06-08 10:40:00,7,6,8,10,40,920,12,"17, STALINGRAD (QUAI DE)",,,Plein jour,En agglomération,Hors intersection,Normale,Deux véhicules - arrière,,,,,,,,,,,1,2,1,1,2
200700037338,0007-06-09 14:03:00,7,6,9,14,3,920,12,"55, PIERRE GRENIER (AVEN",,,Plein jour,En agglomération,Intersection en T,Normale,Deux véhicules - côté,,,,,,,,,,,1,2,3,1,3
200700037339,0007-06-19 11:56:00,7,6,19,11,56,920,12,"50, REPUBLIQUE (BOULEVAR",,,Plein jour,En agglomération,Intersection en X,Normale,Deux véhicules - côté,,,,,,,,,,,1,2,2,1,3
200700037340,0007-06-13 10:00:00,7,6,13,10,0,920,12,"22/22BIS, SILLY (RUE DE)",,,Plein jour,En agglomération,Hors intersection,Normale,Deux véhicules - côté,,,,,,,,,,,1,2,1,1,3
200700037341,0007-06-14 12:30:00,7,6,14,12,30,920,12,"33, AUTEUIL (BOULEVARD D",,,Plein jour,En agglomération,Hors intersection,Normale,Deux véhicules - arrière,,,,,,,,,,,1,2,1,1,2
200700037342,0007-06-15 13:15:00,7,6,15,13,15,920,12,"55-56, POINT DU JOUR (QU",,,Plein jour,En agglomération,Hors intersection,Normale,Trois véhicules et plus - collisions multiples,,,,,,,,,,,1,2,1,1,5
200700037343,0007-06-17 11:40:00,7,6,17,11,40,920,12,"12/14, BELLE FEUILLE (RU",,,Plein jour,En agglomération,Hors intersection,Normale,Autre collision,,,,,,,,,,,1,2,1,1,6
200700037344,0007-06-17 17:45:00,7,6,17,17,45,920,12,"angle, ANDRE MORIZET (AV",,,Plein jour,En agglomération,Intersection en X,Pluie forte,Deux véhicules - côté,,,,,,,,,,,1,2,2,3,3
200700037345,0007-06-26 18:50:00,7,6,26,18,50,920,12,"1, STALINGRAD (QUAI DE)",,,Plein jour,Hors agglomération,Hors intersection,Normale,Deux véhicules - arrière,,,,,,,,,,,1,1,1,1,2
200700037346,0007-06-29 16:30:00,7,6,29,16,30,920,12,"1, PONT DE BILLANCOURT (",,,Plein jour,En agglomération,Hors intersection,Normale,Deux véhicules - côté,,,,,,,,,,,1,2,1,1,3
200700037347,0007-06-24 12:30:00,7,6,24,12,30,920,12,REINE (ROUTE DE LA) 39/1,,,Plein jour,En agglomération,Intersection en X,Normale,Deux véhicules - côté,,,,,,,,,,,1,2,2,1,3
200700037348,0007-06-02 02:00:00,7,6,2,2,0,920,32,"15, PIERRELAIS (RUE DES)",,,Nuit avec éclairage non allumé,En agglomération,Hors intersection,Normale,Autre collision,,,,,,,,,,,4,2,1,1,6
200700037349,0007-06-09 21:35:00,7,6,9,21,35,920,32,"1, VERLAINE PAUL (RUE)",,,Crépuscule ou aube,En agglomération,Hors intersection,Normale,Deux véhicules - frontale,,,,,,,,,,,2,2,1,1,1
200700037350,0007-06-13 10:00:00,7,6,13,10,0,920,32,"02, PARADIS (RUE DES)",,,Plein jour,En agglomération,Hors intersection,Normale,Deux véhicules - côté,,,,,,,,,,,1,2,1,1,3
200700037351,0007-06-04 07:40:00,7,6,4,7,40,920,23,GENERAL DE GAULLE (AV DU,,,Plein jour,En agglomération,Hors intersection,Normale,Autre collision,,,,,,,,,,,1,2,1,1,6
200700037352,0007-06-10 13:10:00,7,6,10,13,10,920,23,ILE DE FRANCE (RUE DE L',,,Plein jour,En agglomération,Hors intersection,Normale,Autre collision,,,,,,,,,,,1,2,1,1,6
200700037353,0007-06-10 05:55:00,7,6,10,5,55,920,23,HENRI BARBUSSE (AVENUE),,,Crépuscule ou aube,En agglomération,Intersection en X,Normale,Deux véhicules - arrière,,,,,,,,,,,2,2,2,1,2
200700037354,0007-06-12 16:25:00,7,6,12,16,25,920,23,GENERAL EISENHOWER (AVEN,,,Plein jour,En agglomération,Hors intersection,Normale,Autre collision,,,,,,,,,,,1,2,1,1,6
200700037355,0007-06-16 20:35:00,7,6,16,20,35,920,23,SCHNEIDER (AVENUE),,,Plein jour,En agglomération,Hors intersection,Normale,Autre collision,,,,,,,,,,,1,2,1,1,6
200700037356,0007-06-12 07:35:00,7,6,12,7,35,920,23,GENERAL DE GAULLE (AV DU,,,Plein jour,En agglomération,Autre intersection,Normale,Deux véhicules - arrière,,,,,,,,,,,1,2,9,1,2
200700037357,0007-06-19 09:10:00,7,6,19,9,10,920,23,"200, VICTOR HUGO (AVENUE",,,Plein jour,En agglomération,Hors intersection,Pluie légère,Autre collision,,,,,,,,,,,1,2,1,2,6
200700037358,0007-06-20 20:10:00,7,6,20,20,10,920,23,PORTE DE TRIVAUX (RUE DE,,,Plein jour,En agglomération,Intersection en T,Autre,Autre collision,,,,,,,,,,,1,2,3,9,6
200700037359,0007-06-22 17:50:00,7,6,22,17,50,920,23,PAVE BLANC (ROUTE DU) N°,,,Plein jour,En agglomération,Intersection en X,Autre,Autre collision,,,,,,,,,,,1,2,2,9,6
200700037360,0007-06-22 19:45:00,7,6,22,19,45,920,23,"142, PORTE DE TRIVAUX (R",,,Plein jour,En agglomération,Hors intersection,Pluie légère,Deux véhicules - côté,,,,,,,,,,,1,2,1,2,3
200700037361,0007-06-07 18:10:00,7,6,7,18,10,920,24,"90, GENERAL ROGUET (RUE",,,Plein jour,En agglomération,Hors intersection,Normale,Trois véhicules et plus - collisions multiples,,,,,,,,,,,1,2,1,1,5
200700037362,0007-06-11 14:30:00,7,6,11,14,30,920,24,"54, GENERAL ROGUET (RUE",,,Plein jour,En agglomération,Hors intersection,Pluie légère,Trois véhicules et plus - en chaîne,,,,,,,,,,,1,2,1,2,4
200700037363,0007-06-29 13:05:00,7,6,29,13,5,920,24,"113, GENERAL ROGUET (RUE",,,Plein jour,En agglomération,Hors intersection,Normale,Autre collision,,,,,,,,,,,1,2,1,1,6
200700037364,0007-06-30 01:40:00,7,6,30,1,40,920,24,"53, HENRI BARBUSSE (RUE)",,,Nuit avec éclairage allumé,En agglomération,Hors intersection,Normale,Deux véhicules - arrière,,,,,,,,,,,5,2,1,1,2
200700037365,0007-06-13 19:25:00,7,6,13,19,25,920,24,"108, VICTOR HUGO (BD)",,,Nuit avec éclairage non allumé,En agglomération,Intersection en T,Pluie légère,Deux véhicules - côté,,,,,,,,,,,4,2,3,2,3
200700037366,0007-06-15 10:35:00,7,6,15,10,35,920,24,REPUBLIQUE (PLACE DE LA),,,Plein jour,En agglomération,Giratoire,Normale,Deux véhicules - côté,,,,,,,,,,,1,2,6,1,3
200700037367,0007-06-20 12:25:00,7,6,20,12,25,920,24,DIX-HUIT-JUIN-1940 (RUE,,,Plein jour,En agglomération,Intersection en T,Normale,Autre collision,,,,,,,,,,,1,2,3,1,6
200700037368,0007-06-30 23:40:00,7,6,30,23,40,920,24,"119, JEAN JAURES (BD) DE",,,Nuit avec éclairage allumé,En agglomération,Hors intersection,Normale,Deux véhicules - côté,,,,,,,,,,,5,2,1,1,3
200700037369,0007-06-01 14:10:00,7,6,1,14,10,920,25,PAUL BERT (RUE),,,Plein jour,En agglomération,Hors intersection,Normale,Deux véhicules - côté,,,,,,,,,,,1,2,1,1,3
200700037370,0007-06-02 23:02:00,7,6,2,23,2,920,25,CHARLES LECOQ (AV),,,Nuit avec éclairage allumé,En agglomération,Hors intersection,Normale,Deux véhicules - côté,,,,,,,,,,,5,2,1,1,3
200700037371,0007-06-04 06:35:00,7,6,4,6,35,920,25,PONT DE BEZONS,,,Crépuscule ou aube,En agglomération,Hors intersection,Normale,Deux véhicules - arrière,,,,,,,,,,,2,2,1,1,2
200700037372,0007-06-05 08:30:00,7,6,5,8,30,920,25,EUROPE (AV DE L'),,,Plein jour,En agglomération,Hors intersection,Normale,Deux véhicules - arrière,,,,,,,,,,,1,2,1,1,2
200700037373,0007-06-06 13:40:00,7,6,6,13,40,920,25,AUDRA (AV),,,Plein jour,En agglomération,Hors intersection,Normale,Autre collision,,,,,,,,,,,1,2,1,1,6
200700037374,0007-06-13 18:30:00,7,6,13,18,30,920,25,CHAMPARONS & (PETITE RUE,,,Plein jour,En agglomération,Intersection en T,Pluie légère,Autre collision,,,,,,,,,,,1,2,3,2,6
200700037375,0007-06-13 18:40:00,7,6,13,18,40,920,25,BOURNARD (RUE DU),,,Plein jour,En agglomération,Autre intersection,Normale,Autre collision,,,,,,,,,,,1,2,9,1,6
200700037376,0007-06-23 13:50:00,7,6,23,13,50,920,25,PAUL BERT (RUE),,,Plein jour,En agglomération,Hors intersection,Normale,Deux véhicules - côté,,,,,,,,,,,1,2,1,1,3
200700037377,0007-06-23 18:50:00,7,6,23,18,50,920,25,C.DE G.<> 2 A 62 & 1 A 3,,,Plein jour,En agglomération,Hors intersection,Normale,Deux véhicules - frontale,,,,,,,,,,,1,2,1,1,1
200700037378,0007-06-24 00:20:00,7,6,24,0,20,920,25,EDGARD QUINET (BD),,,Nuit avec éclairage allumé,En agglomération,Intersection en X,Normale,Deux véhicules - frontale,,,,,,,,,,,5,2,2,1,1
200700037379,0007-06-25 08:40:00,7,6,25,8,40,920,25,VALMY (BD DE),,,Plein jour,En agglomération,Hors intersection,Normale,Deux véhicules - côté,,,,,,,,,,,1,2,1,1,3
200700037380,0007-06-27 09:25:00,7,6,27,9,25,920,25,STALINGRAD (AV DE),,,Plein jour,En agglomération,Hors intersection,Normale,Deux véhicules - côté,,,,,,,,,,,1,2,1,1,3
200700037381,0007-06-27 18:00:00,7,6,27,18,0,920,25,PRESIDENT SALVADOR ALLEN,,,Plein jour,En agglomération,Hors intersection,Normale,Deux véhicules - frontale,,,,,,,,,,,1,2,1,1,1
200700037382,0007-06-04 20:30:00,7,6,4,20,30,920,26,VERDUN (DE 01 A 61),,,Plein jour,En agglomération,Hors intersection,Normale,Deux véhicules - côté,,,,,,,,,,,1,2,1,1,3
200700037383,0007-06-05 17:30:00,7,6,5,17,30,920,26,"54 bis, MISSION MARCHAND",,,Plein jour,En agglomération,Hors intersection,Normale,Deux véhicules - côté,,,,,,,,,,,1,2,1,1,3
200700037384,0007-06-11 10:30:00,7,6,11,10,30,920,26,FAUVELLES (15 A FIN),,,Plein jour,En agglomération,Intersection en T,Normale,Autre collision,,,,,,,,,,,1,2,3,1,6
200700037385,0007-06-17 12:00:00,7,6,17,12,0,920,26,VERDUN (DE 62 A FIN),,,Plein jour,En agglomération,Intersection en T,Normale,Deux véhicules - côté,,,,,,,,,,,1,2,3,1,3
200700037386,0007-06-12 18:00:00,7,6,12,18,0,920,26,"49, MARECHAL JOFFRE (QUA",,,Plein jour,En agglomération,Hors intersection,Normale,Deux véhicules - côté,,,,,,,,,,,1,2,1,1,3
200700037387,0007-06-21 20:15:00,7,6,21,20,15,920,26,FICATIER,,,Plein jour,En agglomération,Intersection en X,Normale,Autre collision,,,,,,,,,,,1,2,2,1,6
200700037388,0007-06-03 18:45:00,7,6,3,18,45,920,35,"34, Général de Gaulle  (",,,Plein jour,En agglomération,Intersection à plus de 4 branches,Normale,Deux véhicules - côté,,,,,,,,,,,1,2,5,1,3
200700037389,0007-06-05 08:45:00,7,6,5,8,45,920,35,"5, Verdun 1916 ( avenue",,,Plein jour,En agglomération,Hors intersection,Normale,Autre collision,,,,,,,,,,,1,2,1,1,6
200700037390,0007-06-06 12:25:00,7,6,6,12,25,920,35,"14, République ( bouleva",,,Plein jour,En agglomération,Hors intersection,Normale,Autre collision,,,,,,,,,,,1,2,1,1,6
200700037391,0007-06-08 20:15:00,7,6,8,20,15,920,35,"60, National ( boulevard",,,Plein jour,En agglomération,Hors intersection,Normale,Deux véhicules - côté,,,,,,,,,,,1,2,1,1,3
200700037392,0007-06-09 14:15:00,7,6,9,14,15,920,35,"face 21, Arrivée ( rue d",,,Plein jour,En agglomération,Intersection en T,Normale,Autre collision,,,,,,,,,,,1,2,3,1,6
200700037393,0007-06-12 17:15:00,7,6,12,17,15,920,35,"47, Général de Gaulle  (",,,Plein jour,En agglomération,Hors intersection,Normale,Deux véhicules - côté,,,,,,,,,,,1,2,1,1,3
200700037394,0007-06-23 18:00:00,7,6,23,18,0,920,35,"71, Médéric ( rue )",,,Plein jour,En agglomération,Hors intersection,Pluie légère,Autre collision,,,,,,,,,,,1,2,1,2,6
200700037395,0007-06-01 17:15:00,7,6,1,17,15,920,36,"122, GABRIEL PERI (AVENU",,,Plein jour,En agglomération,Hors intersection,Normale,Deux véhicules - frontale,,,,,,,,,,,1,2,1,1,1
200700037396,0007-06-05 17:50:00,7,6,5,17,50,920,36,"1, PIERRES MAYETTES (ALL",,,Plein jour,En agglomération,Hors intersection,Normale,Deux véhicules - côté,,,,,,,,,,,1,2,1,1,3
200700037397,0007-06-08 15:40:00,7,6,8,15,40,920,36,"112, GENERAL DE GAULLE (",,,Plein jour,En agglomération,Autre intersection,Normale,Deux véhicules - côté,,,,,,,,,,,1,2,9,1,3
200700037398,0007-06-08 23:10:00,7,6,8,23,10,920,36,"0, JEAN JAURES (RUE) (35",,,Nuit avec éclairage allumé,En agglomération,Intersection en X,Normale,Deux véhicules - frontale,,,,,,,,,,,5,2,2,1,1
200700037399,0007-06-12 10:00:00,7,6,12,10,0,920,36,"0, JULES LAROSE (RUE)",,,Plein jour,En agglomération,Autre intersection,Normale,Deux véhicules - arrière,,,,,,,,,,,1,2,9,1,2
200700037400,0007-06-12 14:20:00,7,6,12,14,20,920,36,"25, JEAN JAURES (RUE) (1",,,Plein jour,En agglomération,Autre intersection,Normale,Autre collision,,,,,,,,,,,1,2,9,1,6
200700037401,0007-06-13 16:20:00,7,6,13,16,20,920,36,"0, ARGENTEUIL (AVENUE D'",,,Plein jour,En agglomération,Intersection en T,Normale,Deux véhicules - côté,,,,,,,,,,,1,2,3,1,3
200700037402,0007-06-14 08:30:00,7,6,14,8,30,920,36,"0, BOULEVARD INTERCOMMUN",,,Plein jour,En agglomération,Autre intersection,Normale,Deux véhicules - côté,,,,,,,,,,,1,2,9,1,3
200700037403,0007-06-14 15:45:00,7,6,14,15,45,920,36,"0, JEAN JAURES (RUE) (35",,,Plein jour,En agglomération,Autre intersection,Pluie légère,Autre collision,,,,,,,,,,,1,2,9,2,6
200700037404,0007-06-20 13:25:00,7,6,20,13,25,920,36,"41, JEAN JAURES (RUE) (3",,,Plein jour,En agglomération,Hors intersection,Normale,Deux véhicules - côté,,,,,,,,,,,1,2,1,1,3
200700037405,0007-06-22 11:55:00,7,6,22,11,55,920,36,"0, LAURENT CELY (AVENUE)",,,Plein jour,En agglomération,Hors intersection,Normale,Sans collision,,,,,,,,,,,1,2,1,1,7
200700037406,0007-06-22 15:30:00,7,6,22,15,30,920,36,"0, JEAN JAURES (RUE) (35",,,Plein jour,En agglomération,Hors intersection,Normale,Autre collision,,,,,,,,,,,1,2,1,1,6
200700037407,0007-06-26 08:45:00,7,6,26,8,45,920,36,"119, LOUIS ROCHE (AVENUE",,,Plein jour,En agglomération,Hors intersection,Pluie légère,Deux véhicules - côté,,,,,,,,,,,1,2,1,2,3
200700037408,0007-06-29 12:55:00,7,6,29,12,55,920,36,"51, GENERAL DE GAULLE (A",,,Plein jour,En agglomération,Hors intersection,Normale,Deux véhicules - côté,,,,,,,,,,,1,2,1,1,3
200700037409,0007-06-13 08:45:00,7,6,13,8,45,920,40,"27, EGALITE ( DE L')",,,Plein jour,En agglomération,Hors intersection,Normale,Deux véhicules - côté,,,,,,,,,,,1,2,1,1,3
200700037410,0007-06-13 10:25:00,7,6,13,10,25,920,40,"67, EGALITE ( DE L')",,,Plein jour,En agglomération,Hors intersection,Normale,Autre collision,,,,,,,,,,,1,2,1,1,6
200700037411,0007-06-17 12:20:00,7,6,17,12,20,920,40,"15, GEORGES MARIE",,,Plein jour,En agglomération,Hors intersection,Normale,Deux véhicules - côté,,,,,,,,,,,1,2,1,1,3
200700037412,0007-06-25 19:00:00,7,6,25,19,0,920,40,"34, GAMBETTA (BOULEVARD)",,,Plein jour,En agglomération,Hors intersection,Normale,Deux véhicules - arrière,,,,,,,,,,,1,2,1,1,2
200700037413,0007-06-26 08:50:00,7,6,26,8,50,920,40,"57, GABRIEL PERI",,,Plein jour,En agglomération,Hors intersection,Normale,Deux véhicules - frontale,,,,,,,,,,,1,2,1,1,1
200700037414,0007-06-04 23:10:00,7,6,4,23,10,920,44,"48, MICHELET (QUAI) 32 A",,,Nuit avec éclairage allumé,En agglomération,Intersection en X,Normale,Deux véhicules - côté,,,,,,,,,,,5,2,2,1,3
200700037415,0007-06-10 18:30:00,7,6,10,18,30,920,44,"NR, MICHELET(QUAI) 2 A 3",,,Plein jour,En agglomération,Intersection en X,Normale,Autre collision,,,,,,,,,,,1,2,2,1,6
200700037416,0007-06-14 09:05:00,7,6,14,9,5,920,44,"NR, VIC. HUGO(RUE)091A11",,,Plein jour,En agglomération,Intersection en X,Normale,Autre collision,,,,,,,,,,,1,2,2,1,6
200700037417,0007-06-14 20:50:00,7,6,14,20,50,920,44,"54, VILLIERS(RUE DE)  54",,,Plein jour,En agglomération,Intersection en X,Normale,Autre collision,,,,,,,,,,,1,2,2,1,6
200700037418,0007-06-19 13:30:00,7,6,19,13,30,920,44,"57, MARJOLIN (RUE)47A59",,,Plein jour,En agglomération,Hors intersection,Normale,Autre collision,,,,,,,,,,,1,2,1,1,6
200700037419,0007-06-20 18:10:00,7,6,20,18,10,920,44,"72, ED.VAILLANT(RUE) 47A",,,Plein jour,En agglomération,Hors intersection,Normale,Autre collision,,,,,,,,,,,1,2,1,1,6
200700037420,0007-06-23 16:10:00,7,6,23,16,10,920,44,"02, LORRAINE (RUE DE)",,,Plein jour,En agglomération,Intersection en T,Normale,Autre collision,,,,,,,,,,,1,2,3,1,6