accident_id,datetime,annee,mois,jour,heure,minute,departement,commune_insee,adresse,latitude,longitude,luminosite,agglomeration,intersection,meteo,collision,nb_vehicules,nb_usagers,nb_indemnes,nb_tues,nb_blesses_hosp,nb_blesses_legers,age_cond_1,age_cond_2,veh_type_cond_1,veh_type_cond_2,lum_code,agg_code,int_code,atm_code,col_code
200700037421,0007-06-21 23:45:00,7,6,21,23,45,920,44,"NR, VIC. HUGO(RUE)077A08",,,Nuit avec éclairage allumé,En agglomération,Intersection en Y,Normale,Deux véhicules - arrière,,,,,,,,,,,5,2,4,1,2
200700037422,0007-06-29 18:15:00,7,6,29,18,15,920,44,"NR, VIC. HUGO(RUE)115A14",,,Plein jour,En agglomération,Intersection en Y,Pluie légère,Deux véhicules - côté,,,,,,,,,,,1,2,4,2,3
200700037423,0007-06-07 17:30:00,7,6,7,17,30,920,48,"., POSTE (RUE DE LA)",,,Plein jour,En agglomération,Intersection en T,Normale,Autre collision,,,,,,,,,,,1,2,3,1,6
200700037424,0007-06-10 20:05:00,7,6,10,20,5,920,48,"., BANES (RUE) N° 3 A 19",,,Plein jour,En agglomération,Intersection en T,Normale,Autre collision,,,,,,,,,,,1,2,3,1,6
200700037425,0007-06-14 05:30:00,7,6,14,5,30,920,48,"26, GARDES (ROUTE DES) N",,,Nuit avec éclairage allumé,En agglomération,Hors intersection,Normale,Autre collision,,,,,,,,,,,5,2,1,1,6
200700037426,0007-06-23 12:45:00,7,6,23,12,45,920,48,"., HENRI SAVIGNAC (RUE)",,,Plein jour,En agglomération,Hors intersection,Normale,Deux véhicules - frontale,,,,,,,,,,,1,2,1,1,1
200700037427,0007-06-28 18:35:00,7,6,28,18,35,920,48,"15, PARIS (RUE DE) N° 1",,,Plein jour,En agglomération,Hors intersection,Normale,Deux véhicules - côté,,,,,,,,,,,1,2,1,1,3
200700037428,0007-06-04 18:35:00,7,6,4,18,35,920,49,"65, BROSSOLETTE AVENUE P",,,Plein jour,En agglomération,Hors intersection,Normale,Autre collision,,,,,,,,,,,1,2,1,1,6
200700037429,0007-06-10 14:15:00,7,6,10,14,15,920,20,"98, PARIS AVENUE DE N° I",,,Plein jour,En agglomération,Hors intersection,Normale,Deux véhicules - côté,,,,,,,,,,,1,2,1,1,3
200700037430,0007-06-14 23:30:00,7,6,14,23,30,920,49,"138, BRIAND AVENUE ARIST",,,Nuit avec éclairage allumé,En agglomération,Hors intersection,Normale,Autre collision,,,,,,,,,,,5,2,1,1,6
200700037431,0007-06-15 15:50:00,7,6,15,15,50,920,20,"48, VANVES BOULEVARD DE",,,Plein jour,En agglomération,Hors intersection,Pluie légère,Deux véhicules - côté,,,,,,,,,,,1,2,1,2,3
200700037432,0007-06-15 23:05:00,7,6,15,23,5,920,49,"158, DORMOY AVENUE MARX",,,Nuit avec éclairage allumé,En agglomération,Hors intersection,Normale,Sans collision,,,,,,,,,,,5,2,1,1,7
200700037433,0007-06-16 14:30:00,7,6,16,14,30,920,20,ESTIENNE D'ORVES RUE D',,,Plein jour,En agglomération,Intersection en X,Normale,Deux véhicules - côté,,,,,,,,,,,1,2,2,1,3
200700037434,0007-06-16 21:15:00,7,6,16,21,15,920,49,"105, BRIAND AVENUE ARIST",,,Nuit avec éclairage allumé,En agglomération,Hors intersection,Normale,Deux véhicules - arrière,,,,,,,,,,,5,2,1,1,2
200700037435,0007-06-20 18:20:00,7,6,20,18,20,920,49,"64, PERI RUE GABRIEL N°3",,,Plein jour,En agglomération,Hors intersection,Normale,Autre collision,,,,,,,,,,,1,2,1,1,6
200700037436,0007-06-24 13:40:00,7,6,24,13,40,920,20,"56, PERI RUE GABRIEL",,,Plein jour,En agglomération,Hors intersection,Normale,Autre collision,,,,,,,,,,,1,2,1,1,6
200700037437,0007-06-28 12:50:00,7,6,28,12,50,920,20,"21, PERI RUE GABRIEL",,,Plein jour,En agglomération,Hors intersection,Normale,Deux véhicules - côté,,,,,,,,,,,1,2,1,1,3
200700037438,0007-06-01 09:10:00,7,6,1,9,10,920,50,"99, VAILLANT COUTURIER P",,,Plein jour,En agglomération,Hors intersection,Normale,Trois véhicules et plus - collisions multiples,,,,,,,,,,,1,2,1,1,5
200700037439,0007-06-02 02:15:00,7,6,2,2,15,920,50,CLEMENCEAU GEORGES AVENU,,,Nuit avec éclairage allumé,En agglomération,Autre intersection,Normale,Deux véhicules - arrière,,,,,,,,,,,5,2,9,1,2
200700037440,0007-06-06 09:15:00,7,6,6,9,15,920,50,CLEMENCEAU GEORGES AVENU,,,Plein jour,En agglomération,Hors intersection,Normale,Autre collision,,,,,,,,,,,1,2,1,1,6
200700037441,0007-06-01 15:20:00,7,6,1,15,20,920,50,LENINE VLADIMIR ILITCH A,,,Plein jour,En agglomération,Hors intersection,Normale,Sans collision,,,,,,,,,,,1,2,1,1,7
200700037442,0007-06-10 20:15:00,7,6,10,20,15,920,50,parc André Malraux,,,Plein jour,En agglomération,Hors intersection,Normale,Autre collision,,,,,,,,,,,1,2,1,1,6
200700037443,0007-06-13 18:55:00,7,6,13,18,55,920,50,BOUVETS BOULEVARD DES,,,Plein jour,En agglomération,Hors intersection,Pluie forte,Deux véhicules - arrière,,,,,,,,,,,1,2,1,3,2
200700037444,0007-06-21 20:30:00,7,6,21,20,30,920,50,"000000, GARCHES RUE DE",,,Plein jour,En agglomération,Intersection en Y,Normale,Deux véhicules - côté,,,,,,,,,,,1,2,4,1,3
200700037445,0007-06-21 14:10:00,7,6,21,14,10,920,50,PREMIER MAI RUE DU,,,Plein jour,En agglomération,Hors intersection,Normale,Trois véhicules et plus - collisions multiples,,,,,,,,,,,1,2,1,1,5
200700037446,0007-06-03 22:20:00,7,6,3,22,20,920,51,CHARLES DE GAULLE (AVENU,,,Nuit avec éclairage allumé,En agglomération,Intersection en X,Normale,Deux véhicules - côté,,,,,,,,,,,5,2,2,1,3
200700037447,0007-06-01 11:52:00,7,6,1,11,52,920,51,MAURICE BARRES (BOULEVAR,,,Plein jour,En agglomération,Intersection en X,Normale,Autre collision,,,,,,,,,,,1,2,2,1,6
200700037448,0007-06-01 14:25:00,7,6,1,14,25,920,51,"60, CHARLES DE GAULLE (A",,,Plein jour,En agglomération,Hors intersection,Normale,Deux véhicules - arrière,,,,,,,,,,,1,2,1,1,2
200700037449,0007-06-27 08:05:00,7,6,27,8,5,920,51,"70, CHARLES DE GAULLE (A",,,Plein jour,En agglomération,Hors intersection,Normale,Autre collision,,,,,,,,,,,1,2,1,1,6
200700037450,0007-06-09 19:40:00,7,6,9,19,40,920,51,"180, CHARLES DE GAULLE (",,,Plein jour,En agglomération,Hors intersection,Normale,Deux véhicules - côté,,,,,,,,,,,1,2,1,1,3
200700037451,0007-06-10 12:10:00,7,6,10,12,10,920,51,"06, CHATEAU (RUE DU)",,,Plein jour,En agglomération,Hors intersection,Normale,Autre collision,,,,,,,,,,,1,2,1,1,6
200700037452,0007-06-10 15:40:00,7,6,10,15,40,920,51,"85, CHARLES DE GAULLE (A",,,Plein jour,En agglomération,Hors intersection,Normale,Trois véhicules et plus - collisions multiples,,,,,,,,,,,1,2,1,1,5
200700037453,0007-06-11 09:23:00,7,6,11,9,23,920,51,"BINEAU (BOULEVARD, N°133",,,Plein jour,En agglomération,Intersection en X,Normale,Deux véhicules - côté,,,,,,,,,,,1,2,2,1,3
200700037454,0007-06-13 19:05:00,7,6,13,19,5,920,51,"13, INKERMANN (BOULEVARD",,,Plein jour,En agglomération,Intersection en X,Normale,Autre collision,,,,,,,,,,,1,2,2,1,6
200700037455,0007-06-15 17:10:00,7,6,15,17,10,920,51,"147, ACHILLE PERETTI (AV",,,Plein jour,En agglomération,Hors intersection,Normale,Trois véhicules et plus - collisions multiples,,,,,,,,,,,1,2,1,1,5
200700037456,0007-06-15 18:30:00,7,6,15,18,30,920,51,"78, ACHILLE PERETTI (AVE",,,Plein jour,En agglomération,Hors intersection,Pluie légère,Autre collision,,,,,,,,,,,1,2,1,2,6
200700037457,0007-06-16 19:53:00,7,6,16,19,53,920,51,"75, GENERAL KOENIG (BOUL",,,Plein jour,En agglomération,Hors intersection,Normale,Trois véhicules et plus - en chaîne,,,,,,,,,,,1,2,1,1,4
200700037458,0007-06-17 14:58:00,7,6,17,14,58,920,51,"89, CHARLES DE GAULLE (A",,,Plein jour,En agglomération,Hors intersection,Normale,Deux véhicules - côté,,,,,,,,,,,1,2,1,1,3
200700037459,0007-06-19 19:20:00,7,6,19,19,20,920,51,"VICTOR HUGO (BOULEVARD,",,,Plein jour,En agglomération,Hors intersection,Normale,Deux véhicules - arrière,,,,,,,,,,,1,2,1,1,2
200700037460,0007-06-16 16:15:00,7,6,16,16,15,920,51,"71, CHARLES DE GAULLE (A",,,Plein jour,En agglomération,Hors intersection,Pluie forte,Deux véhicules - arrière,,,,,,,,,,,1,2,1,3,2
200700037461,0007-06-21 14:45:00,7,6,21,14,45,920,51,"25, CHARLES DE GAULLE (A",,,Plein jour,En agglomération,Hors intersection,Normale,Deux véhicules - côté,,,,,,,,,,,1,2,1,1,3
200700037462,0007-06-22 11:38:00,7,6,22,11,38,920,51,"185, ACHILLE PERETTI (AV",,,Plein jour,En agglomération,Hors intersection,Temps couvert,Deux véhicules - côté,,,,,,,,,,,1,2,1,8,3
200700037463,0007-06-28 14:10:00,7,6,28,14,10,920,51,SAUSSAYE (BOULEVARD DE L,,,Plein jour,En agglomération,Intersection en X,Normale,Deux véhicules - côté,,,,,,,,,,,1,2,2,1,3
200700037464,0007-06-04 14:20:00,7,6,4,14,20,920,62,"13, SOLJENITSYNE  (BD AL",,,Plein jour,En agglomération,Hors intersection,Normale,Autre collision,,,,,,,,,,,1,2,1,1,6
200700037465,0007-06-05 16:50:00,7,6,5,16,50,920,62,"56, DE DION BOUTON (QUAI",,,Plein jour,En agglomération,Hors intersection,Normale,Deux véhicules - côté,,,,,,,,,,,1,2,1,1,3
200700037466,0007-06-09 15:20:00,7,6,9,15,20,920,62,"00, DE DION BOUTON (QUAI",,,Plein jour,En agglomération,Intersection en T,Normale,Deux véhicules - arrière,,,,,,,,,,,1,2,3,1,2
200700037467,0007-06-13 19:30:00,7,6,13,19,30,920,62,"00, JAURES (RUE JEAN) DU",,,Plein jour,En agglomération,Intersection en X,Normale,Deux véhicules - côté,,,,,,,,,,,1,2,2,1,3
200700037468,0007-06-19 22:30:00,7,6,19,22,30,920,62,"30, WALLACE (BD RICHARD)",,,Nuit avec éclairage allumé,En agglomération,Intersection en X,Pluie légère,Autre collision,,,,,,,,,,,5,2,2,2,6
200700037469,0007-06-01 19:55:00,7,6,1,19,55,920,63,"14, RICHELIEU (BOULEVARD",,,Crépuscule ou aube,En agglomération,Hors intersection,Normale,Deux véhicules - arrière,,,,,,,,,,,2,2,1,1,2
200700037470,0007-06-02 18:30:00,7,6,2,18,30,920,63,"20, FOUILLEUSE (AVENUE D",,,Plein jour,En agglomération,Hors intersection,Normale,Autre collision,,,,,,,,,,,1,2,1,1,6
200700037471,0007-06-06 19:45:00,7,6,6,19,45,920,63,"NEANT, DANTON (RUE)",,,Plein jour,En agglomération,Hors intersection,Normale,Autre collision,,,,,,,,,,,1,2,1,1,6
200700037472,0007-06-07 11:55:00,7,6,7,11,55,920,63,"145, DIX-HUIT JUIN 1940",,,Plein jour,En agglomération,Intersection en T,Normale,Deux véhicules - côté,,,,,,,,,,,1,2,3,1,3
200700037473,0007-06-08 12:40:00,7,6,8,12,40,920,63,"8, HEROULT (RUE PAUL)",,,Plein jour,En agglomération,Hors intersection,Normale,Deux véhicules - côté,,,,,,,,,,,1,2,1,1,3
200700037474,0007-06-13 14:25:00,7,6,13,14,25,920,63,"NEANT, EMPEREUR (ROUTE D",,,Plein jour,En agglomération,Hors intersection,Normale,Deux véhicules - arrière,,,,,,,,,,,1,2,1,1,2
200700037475,0007-06-13 18:00:00,7,6,13,18,0,920,63,"2, MARTINETS (RUE DES)",,,Plein jour,En agglomération,Hors intersection,Normale,Deux véhicules - frontale,,,,,,,,,,,1,2,1,1,1
200700037476,0007-06-15 09:15:00,7,6,15,9,15,920,63,CHATOU (PONT DE),,,Plein jour,En agglomération,Hors intersection,Normale,Deux véhicules - arrière,,,,,,,,,,,1,2,1,1,2
200700037477,0007-06-19 16:40:00,7,6,19,16,40,920,63,"neant, DE GAULLE (BOULEV",,,Plein jour,En agglomération,Intersection en X,Normale,Autre collision,,,,,,,,,,,1,2,2,1,6
200700037478,0007-06-01 12:36:00,7,6,1,12,36,920,64,"78, MARCEL DASSAULT",,,Plein jour,En agglomération,Hors intersection,Normale,Deux véhicules - côté,,,,,,,,,,,1,2,1,1,3
200700037479,0007-06-04 09:15:00,7,6,4,9,15,920,76,"V a V 17, REPUBLIQUE",,,Plein jour,En agglomération,Hors intersection,Normale,Autre collision,,,,,,,,,,,1,2,1,1,6
200700037480,0007-06-12 13:10:00,7,6,12,13,10,920,64,CALVAIRE,,,Plein jour,Hors agglomération,Hors intersection,Normale,Deux véhicules - côté,,,,,,,,,,,1,1,1,1,3
200700037481,0007-06-13 14:10:00,7,6,13,14,10,920,33,GENERAL DE GAULLE,,,Plein jour,En agglomération,Intersection en X,Normale,Deux véhicules - côté,,,,,,,,,,,1,2,2,1,3
200700037482,0007-06-14 14:15:00,7,6,14,14,15,920,64,"97, REPUBLIQUE",,,Plein jour,En agglomération,Hors intersection,Pluie légère,Autre collision,,,,,,,,,,,1,2,1,2,6
200700037483,0007-06-16 05:20:00,7,6,16,5,20,920,64,PLACE CLEMENCEAU,,,Crépuscule ou aube,En agglomération,Hors intersection,Pluie légère,Autre collision,,,,,,,,,,,2,2,1,2,6
200700037484,0007-06-16 19:30:00,7,6,16,19,30,920,64,"1889, MARCEL DASSAULT",,,Plein jour,En agglomération,Hors intersection,Normale,Deux véhicules - côté,,,,,,,,,,,1,2,1,1,3
200700037485,0007-06-18 07:48:00,7,6,18,7,48,920,33,"64 ter, SURESNES",,,Plein jour,En agglomération,Hors intersection,Normale,Deux véhicules - arrière,,,,,,,,,,,1,2,1,1,2
200700037486,0007-06-19 09:00:00,7,6,19,9,0,920,64,"205, REPUBLIQUE",,,Plein jour,En agglomération,Hors intersection,Normale,Autre collision,,,,,,,,,,,1,2,1,1,6
200700037487,0007-06-20 12:30:00,7,6,20,12,30,920,33,"65, DIX NEUF JANVIER",,,Plein jour,En agglomération,Autre intersection,Normale,Sans collision,,,,,,,,,,,1,2,9,1,7
200700037488,0007-06-21 16:32:00,7,6,21,16,32,920,64,"06, CAMP CANADIEN",,,Plein jour,En agglomération,Autre intersection,Normale,Autre collision,,,,,,,,,,,1,2,9,1,6
200700037489,0007-06-22 06:15:00,7,6,22,6,15,920,76,"51, PUITS",,,Plein jour,En agglomération,Intersection en Y,Normale,Autre collision,,,,,,,,,,,1,2,4,1,6
200700037490,0007-06-22 17:55:00,7,6,22,17,55,920,33,"02, RAYMOND POINCARE",,,Plein jour,En agglomération,Hors intersection,Normale,Autre collision,,,,,,,,,,,1,2,1,1,6
200700037491,0007-06-29 10:15:00,7,6,29,10,15,920,64,VAL D' OR,,,Plein jour,En agglomération,Intersection en X,Normale,Sans collision,,,,,,,,,,,1,2,2,1,7
200700037492,0007-06-29 19:40:00,7,6,29,19,40,920,47,HARAS DE JARDY,,,Plein jour,Hors agglomération,Hors intersection,Normale,Sans collision,,,,,,,,,,,1,1,1,1,7
200700037493,0007-06-30 00:10:00,7,6,30,0,10,920,64,GEORGES CLEMENCEAU,,,Nuit avec éclairage allumé,En agglomération,Hors intersection,Pluie légère,Sans collision,,,,,,,,,,,5,2,1,2,7
200700037494,0007-06-02 12:20:00,7,6,2,12,20,920,72,"., VILLE D'AVRAY (RUE DE",,,Plein jour,En agglomération,Hors intersection,Normale,Deux véhicules - côté,,,,,,,,,,,1,2,1,1,3
200700037495,0007-06-05 17:30:00,7,6,5,17,30,920,22,"1467, SALENGRO (AVENUE R",,,Plein jour,En agglomération,Hors intersection,Normale,Autre collision,,,,,,,,,,,1,2,1,1,6
200700037496,0007-06-06 09:20:00,7,6,6,9,20,920,72,"., BRUYERES (CARREFOUR D",,,Plein jour,En agglomération,Intersection en X,Normale,Deux véhicules - côté,,,,,,,,,,,1,2,2,1,3
200700037497,0007-06-25 21:30:00,7,6,25,21,30,920,22,"1925, SALENGRO (AVENUE R",,,Crépuscule ou aube,En agglomération,Hors intersection,Pluie forte,Deux véhicules - côté,,,,,,,,,,,2,2,1,3,3
200700037498,0007-06-21 09:07:00,7,6,21,9,7,920,72,"21, EUROPE (AVENUE DE L'",,,Plein jour,En agglomération,Hors intersection,Normale,Autre collision,,,,,,,,,,,1,2,1,1,6
200700037499,0007-06-01 16:45:00,7,6,1,16,45,920,73,"59, ROOSVELT (AVENUE FRA",,,Plein jour,En agglomération,Hors intersection,Normale,Deux véhicules - côté,,,,,,,,,,,1,2,1,1,3
200700037500,0007-06-12 08:40:00,7,6,12,8,40,920,73,"200, WASHINGTON (BOULEVA",,,Plein jour,En agglomération,Intersection en T,Normale,Trois véhicules et plus - en chaîne,,,,,,,,,,,1,2,3,1,4
200700037501,0007-06-12 18:55:00,7,6,12,18,55,920,73,"5, BLUM (QUAI LEON)",,,Plein jour,En agglomération,Hors intersection,Normale,Sans collision,,,,,,,,,,,1,2,1,1,7
200700037502,0007-06-20 08:45:00,7,6,20,8,45,920,73,"23, FUSILLES DE LA RESIS",,,Plein jour,En agglomération,Hors intersection,Normale,Sans collision,,,,,,,,,,,1,2,1,1,7
200700037503,0007-06-21 17:00:00,7,6,21,17,0,920,73,"1, PAIX (PLACE DE LA)",,,Plein jour,En agglomération,Intersection en T,Normale,Autre collision,,,,,,,,,,,1,2,3,1,6
200700037504,0007-06-23 15:15:00,7,6,23,15,15,920,73,"15, SELLIER (BOULEVARD H",,,Plein jour,En agglomération,Intersection en X,Normale,Trois véhicules et plus - collisions multiples,,,,,,,,,,,1,2,2,1,5
200700037505,0007-06-27 14:30:00,7,6,27,14,30,920,73,"73, CARON (RUE ALBERT)",,,Plein jour,En agglomération,Intersection en T,Normale,Autre collision,,,,,,,,,,,1,2,3,1,6
200700037506,0007-06-06 13:50:00,7,6,6,13,50,920,46,"53, DE STALINGRAD",,,Plein jour,En agglomération,Hors intersection,Normale,Deux véhicules - arrière,,,,,,,,,,,1,2,1,1,2
200700037507,0007-06-08 20:55:00,7,6,8,20,55,920,46,"35, DE STALINGRAD",,,Plein jour,En agglomération,Intersection en T,Normale,Deux véhicules - frontale,,,,,,,,,,,1,2,3,1,1
200700037508,0007-06-24 12:00:00,7,6,24,12,0,920,46,"-, GABRIEL PERI",,,Plein jour,En agglomération,Intersection en X,Normale,Deux véhicules - côté,,,,,,,,,,,1,2,2,1,3
200700037509,0007-06-25 19:20:00,7,6,25,19,20,920,46,AVAULEE (RUE),,,Plein jour,En agglomération,Intersection en X,Pluie forte,Deux véhicules - côté,,,,,,,,,,,1,2,2,3,3
200700037510,0007-06-27 11:10:00,7,6,27,11,10,920,75,"25, ERNEST LAVAL (RUE)",,,Plein jour,En agglomération,Intersection en T,Normale,Autre collision,,,,,,,,,,,1,2,3,1,6
200700037511,0007-06-05 08:40:00,7,6,5,8,40,920,78,", VERDUN (AVENUE) (PAIRS",,,Plein jour,En agglomération,Hors intersection,Normale,Autre collision,,,,,,,,,,,1,2,1,1,6
200700037512,0007-06-13 16:30:00,7,6,13,16,30,920,78,", VERDUN (AVENUE) (PAIRS",,,Plein jour,En agglomération,Hors intersection,Normale,Autre collision,,,,,,,,,,,1,2,1,1,6
200700037513,0007-06-08 10:45:00,7,6,8,10,45,920,62,"1, GENERAL DE GAULLE (AV",,,Plein jour,En agglomération,Hors intersection,Normale,Sans collision,,,,,,,,,,,1,2,1,1,7
200700037514,0007-06-24 04:45:00,7,6,24,4,45,920,26,"1, ALBERT GLEIZES (AVENU",,,Nuit avec éclairage allumé,En agglomération,Intersection en X,Normale,Deux véhicules - côté,,,,,,,,,,,5,2,2,1,3
200700037515,0007-06-02 16:30:00,7,6,2,16,30,930,1,ANATOLE FRANCE  (BLD) IM,,,Plein jour,En agglomération,Intersection en X,Normale,Deux véhicules - côté,,,,,,,,,,,1,2,2,1,3
200700037516,0007-06-04 13:05:00,7,6,4,13,5,930,1,"01, HAIE COQ (RUE DE LA",,,Plein jour,En agglomération,Hors intersection,Normale,Autre collision,,,,,,,,,,,1,2,1,1,6
200700037517,0007-06-06 15:15:00,7,6,6,15,15,930,1,"01, JEAN JAURES (AVE)  =",,,Plein jour,En agglomération,Hors intersection,Normale,Autre collision,,,,,,,,,,,1,2,1,1,6
200700037518,0007-06-07 17:15:00,7,6,7,17,15,930,1,"12, SADI CARNOT (RUE)  (",,,Plein jour,En agglomération,Intersection en X,Temps couvert,Autre collision,,,,,,,,,,,1,2,2,8,6
200700037519,0007-06-08 16:50:00,7,6,8,16,50,930,1,"80, VICTOR HUGO (AVE)  =",,,Plein jour,En agglomération,Hors intersection,Normale,Deux véhicules - côté,,,,,,,,,,,1,2,1,1,3
200700037520,0007-06-08 20:00:00,7,6,8,20,0,930,1,"44, MOUTIER (RUE DU)  17",,,Plein jour,En agglomération,Autre intersection,Normale,Autre collision,,,,,,,,,,,1,2,9,1,6
200700037521,0007-06-11 14:00:00,7,6,11,14,0,930,1,"6, GARDINOUX (RUE DES)",,,Plein jour,En agglomération,Hors intersection,Normale,Autre collision,,,,,,,,,,,1,2,1,1,6
200700037522,0007-06-14 14:02:00,7,6,14,14,2,930,1,"105, JEAN JAURES (AVE) 5",,,Plein jour,En agglomération,Hors intersection,Temps couvert,Sans collision,,,,,,,,,,,1,2,1,8,7
200700037523,0007-06-14 17:20:00,7,6,14,17,20,930,1,"24, POSTES (RUE DES)",,,Plein jour,En agglomération,Autre intersection,Normale,Sans collision,,,,,,,,,,,1,2,9,1,7
200700037524,0007-06-16 06:10:00,7,6,16,6,10,930,1,"82, SADI CARNOT (RUE)  (",,,Plein jour,En agglomération,Hors intersection,Normale,Autre collision,,,,,,,,,,,1,2,1,1,6
200700037525,0007-06-19 22:38:00,7,6,19,22,38,930,1,"10, REPUBLIQUE (AVE DE L",,,Nuit avec éclairage allumé,En agglomération,Intersection en T,Pluie forte,Autre collision,,,,,,,,,,,5,2,3,3,6
200700037526,0007-06-20 21:30:00,7,6,20,21,30,930,1,"1, PONCEAUX (AVENUE DES)",,,Plein jour,En agglomération,Hors intersection,Normale,Autre collision,,,,,,,,,,,1,2,1,1,6
200700037527,0007-06-21 15:55:00,7,6,21,15,55,930,1,"45 BIS, PRESIDENT ROOSEV",,,Plein jour,En agglomération,Hors intersection,Normale,Deux véhicules - côté,,,,,,,,,,,1,2,1,1,3
200700037528,0007-06-22 11:15:00,7,6,22,11,15,930,1,DANIELLE CASANOVA (RUE),,,Plein jour,En agglomération,Hors intersection,Pluie légère,Autre collision,,,,,,,,,,,1,2,1,2,6
200700037529,0007-06-23 19:40:00,7,6,23,19,40,930,1,COMMANDANT L'HERMINIER (,,,Plein jour,En agglomération,Hors intersection,Normale,Autre collision,,,,,,,,,,,1,2,1,1,6
200700037530,0007-06-25 10:10:00,7,6,25,10,10,930,1,"136, REPUBLIQUE (AVE DE",,,Plein jour,En agglomération,Intersection en T,Normale,Autre collision,,,,,,,,,,,1,2,3,1,6
200700037531,0007-06-25 18:25:00,7,6,25,18,25,930,1,FELIX FAURE (BLD) => 121,,,Plein jour,En agglomération,Hors intersection,Normale,Autre collision,,,,,,,,,,,1,2,1,1,6
200700037532,0007-06-27 18:30:00,7,6,27,18,30,930,1,"1, REPUBLIQUE (AVE DE LA",,,Plein jour,En agglomération,Hors intersection,Normale,Autre collision,,,,,,,,,,,1,2,1,1,6
200700037533,0007-06-29 19:25:00,7,6,29,19,25,930,1,"123, HENRI BARBUSSE (RUE",,,Plein jour,En agglomération,Hors intersection,Normale,Autre collision,,,,,,,,,,,1,2,1,1,6
200700037534,0007-06-03 12:40:00,7,6,3,12,40,930,5,"neant, RAOUL DUFY (AVENU",,,Plein jour,En agglomération,Hors intersection,Normale,Deux véhicules - arrière,,,,,,,,,,,1,2,1,1,2
200700037535,0007-06-09 11:30:00,7,6,9,11,30,930,5,BLAISE PASCAL (RUE),,,Plein jour,En agglomération,Hors intersection,Normale,Sans collision,,,,,,,,,,,1,2,1,1,7
200700037536,0007-06-13 14:45:00,7,6,13,14,45,930,5,"08, JULIEN MIRA (RUE)",,,Plein jour,En agglomération,Hors intersection,Normale,Autre collision,,,,,,,,,,,1,2,1,1,6
200700037537,0007-06-03 15:50:00,7,6,3,15,50,930,5,"49, NONNEVILLE (AVENUE D",,,Plein jour,En agglomération,Hors intersection,Normale,Deux véhicules - arrière,,,,,,,,,,,1,2,1,1,2
200700037538,0007-06-08 10:35:00,7,6,8,10,35,930,5,"81, JEAN JAURES (AVENUE)",,,Plein jour,En agglomération,Hors intersection,Normale,Autre collision,,,,,,,,,,,1,2,1,1,6
200700037539,0007-06-14 07:05:00,7,6,14,7,5,930,5,"NEANT, ANDRE CITROEN (BO",,,Crépuscule ou aube,En agglomération,Hors intersection,Normale,Trois véhicules et plus - collisions multiples,,,,,,,,,,,2,2,1,1,5
200700037540,0007-06-14 17:30:00,7,6,14,17,30,930,5,"NEANT, ROBERT BREMOND (R",,,Plein jour,Hors agglomération,Hors intersection,Temps couvert,Sans collision,,,,,,,,,,,1,1,1,8,7
200700037541,0007-06-16 19:20:00,7,6,16,19,20,930,5,CLAUDE DEBUSSY (RUE),,,Plein jour,En agglomération,Hors intersection,Pluie légère,Autre collision,,,,,,,,,,,1,2,1,2,6
200700037542,0007-06-18 18:20:00,7,6,18,18,20,930,5,"14, MAXIMILIEN ROBESPIER",,,Plein jour,En agglomération,Hors intersection,Temps éblouissant,Sans collision,,,,,,,,,,,1,2,1,7,7
200700037543,0007-06-20 15:30:00,7,6,20,15,30,930,5,"NEANT, IRENE ET FREDERIC",,,Plein jour,En agglomération,Hors intersection,Normale,Deux véhicules - côté,,,,,,,,,,,1,2,1,1,3
200700037544,0007-06-22 07:55:00,7,6,22,7,55,930,5,JEAN CHARCOT [CD115] (RU,,,Plein jour,En agglomération,Intersection en T,Normale,Deux véhicules - côté,,,,,,,,,,,1,2,3,1,3
200700037545,0007-06-27 21:00:00,7,6,27,21,0,930,5,"12, FERNAND HERBAUD (RUE",,,Plein jour,En agglomération,Hors intersection,Temps couvert,Autre collision,,,,,,,,,,,1,2,1,8,6
200700037546,0007-06-29 16:25:00,7,6,29,16,25,930,5,"07, MAXIMILIEN ROBESPIER",,,Plein jour,En agglomération,Giratoire,Pluie légère,Autre collision,,,,,,,,,,,1,2,6,2,6
200700037547,0007-06-11 08:40:00,7,6,11,8,40,930,7,MAURICE AUDIN (RUE),,,Plein jour,En agglomération,Hors intersection,Normale,Deux véhicules - arrière,,,,,,,,,,,1,2,1,1,2
200700037548,0007-06-11 12:00:00,7,6,11,12,0,930,7,ABBE NIORT (RUE DE L'),,,Plein jour,En agglomération,Hors intersection,Normale,Sans collision,,,,,,,,,,,1,2,1,1,7
200700037549,0007-06-11 12:50:00,7,6,11,12,50,930,7,"01, ""DESCARTES (AVENUE """,,,Plein jour,En agglomération,Passage à niveau,Normale,Autre collision,,,,,,,,,,,1,2,8,1,6
200700037550,0007-06-14 12:00:00,7,6,14,12,0,930,7,"138, ""PAUL VAILLANT COUT",,,Plein jour,En agglomération,Hors intersection,Normale,Trois véhicules et plus - collisions multiples,,,,,,,,,,,1,2,1,1,5
200700037551,0007-06-19 09:40:00,7,6,19,9,40,930,7,GABRIEL PERI (PLACE),,,Plein jour,En agglomération,Intersection en T,Normale,Deux véhicules - côté,,,,,,,,,,,1,2,3,1,3
200700037552,0007-06-19 11:50:00,7,6,19,11,50,930,7,"24, CHARLES FLOQUET (AVE",,,Plein jour,En agglomération,Hors intersection,Normale,Deux véhicules - côté,,,,,,,,,,,1,2,1,1,3
200700037553,0007-06-25 02:30:00,7,6,25,2,30,930,7,"11, PAUL LANGEVIN (RUE)",,,Nuit avec éclairage allumé,En agglomération,Hors intersection,Normale,Autre collision,,,,,,,,,,,5,2,1,1,6
200700037554,0007-06-27 18:40:00,7,6,27,18,40,930,7,GEORGES GUYNEMER (AVENUE,,,Plein jour,En agglomération,Hors intersection,Normale,Autre collision,,,,,,,,,,,1,2,1,1,6