accident_id,datetime,annee,mois,jour,heure,minute,departement,commune_insee,adresse,latitude,longitude,luminosite,agglomeration,intersection,meteo,collision,nb_vehicules,nb_usagers,nb_indemnes,nb_tues,nb_blesses_hosp,nb_blesses_legers,age_cond_1,age_cond_2,veh_type_cond_1,veh_type_cond_2,lum_code,agg_code,int_code,atm_code,col_code
200700037555,0007-06-22 19:15:00,7,6,22,19,15,930,8,", ALLENDE (AVE DU P. SAL",,,Plein jour,En agglomération,Intersection en T,Pluie légère,Autre collision,,,,,,,,,,,1,2,3,2,6
200700037556,0007-06-28 18:20:00,7,6,28,18,20,930,8,"175, VAILLANT COUTURIER",,,Plein jour,En agglomération,Hors intersection,Normale,Deux véhicules - arrière,,,,,,,,,,,1,2,1,1,2
200700037557,0007-06-30 03:48:00,7,6,30,3,48,930,8,REPUBLIQUE (RUE DE LA),,,Nuit avec éclairage allumé,En agglomération,Intersection en Y,Pluie légère,Autre collision,,,,,,,,,,,5,2,4,2,6
200700037558,0007-06-02 19:15:00,7,6,2,19,15,930,10,"inc, STAINS (RTE DE)",,,Plein jour,En agglomération,Intersection en X,Normale,Sans collision,,,,,,,,,,,1,2,2,1,7
200700037559,0007-06-03 08:35:00,7,6,3,8,35,930,57,"1, BRIAND ( AV. ARISTIDE",,,Plein jour,En agglomération,Hors intersection,Normale,Autre collision,,,,,,,,,,,1,2,1,1,6
200700037560,0007-06-06 08:15:00,7,6,6,8,15,930,10,"45, QUATORZE-JUILLET (AV",,,Plein jour,En agglomération,Hors intersection,Normale,Deux véhicules - côté,,,,,,,,,,,1,2,1,1,3
200700037561,0007-06-06 12:30:00,7,6,6,12,30,930,10,"127, GALLIENI (AV.) DE 1",,,Plein jour,En agglomération,Hors intersection,Normale,Deux véhicules - arrière,,,,,,,,,,,1,2,1,1,2
200700037562,0007-06-07 08:00:00,7,6,7,8,0,930,57,"47, BRIAND ( AV. ARISTID",,,Plein jour,En agglomération,Hors intersection,Normale,Trois véhicules et plus - en chaîne,,,,,,,,,,,1,2,1,1,4
200700037563,0007-06-08 06:15:00,7,6,8,6,15,930,57,CURIE (AL. PIERRE ET MAR,,,Plein jour,En agglomération,Hors intersection,Normale,Autre collision,,,,,,,,,,,1,2,1,1,6
200700037564,0007-06-08 18:50:00,7,6,8,18,50,930,57,"85/87, JAURES (AV. JEAN)",,,Plein jour,En agglomération,Intersection en T,Normale,Deux véhicules - côté,,,,,,,,,,,1,2,3,1,3
200700037565,0007-06-12 09:25:00,7,6,12,9,25,930,10,"ignore, QUATORZE-JUILLET",,,Plein jour,En agglomération,Hors intersection,Normale,Autre collision,,,,,,,,,,,1,2,1,1,6
200700037566,0007-06-14 13:30:00,7,6,14,13,30,930,10,"149, BARBUSSE (AV. HENRI",,,Plein jour,En agglomération,Intersection en T,Temps couvert,Deux véhicules - côté,,,,,,,,,,,1,2,3,8,3
200700037567,0007-06-18 19:25:00,7,6,18,19,25,930,57,"300, BRIAND ( AV. ARISTI",,,Plein jour,En agglomération,Hors intersection,Normale,Autre collision,,,,,,,,,,,1,2,1,1,6
200700037568,0007-06-19 22:15:00,7,6,19,22,15,930,57,"ignore, MONTYON (AL.) 1",,,Nuit avec éclairage allumé,En agglomération,Place,Pluie légère,Deux véhicules - frontale,,,,,,,,,,,5,2,7,2,1
200700037569,0007-06-20 21:05:00,7,6,20,21,5,930,57,"151, BRIAND ( AV.  ARIST",,,Plein jour,En agglomération,Hors intersection,Normale,Deux véhicules - arrière,,,,,,,,,,,1,2,1,1,2
200700037570,0007-06-28 08:05:00,7,6,28,8,5,930,10,"175, BARBUSSE (AV. HENRI",,,Plein jour,En agglomération,Intersection en T,Normale,Autre collision,,,,,,,,,,,1,2,3,1,6
200700037571,0007-06-28 10:20:00,7,6,28,10,20,930,10,GALLIENI (AV.) DE 1 A 10,,,Plein jour,En agglomération,Hors intersection,Normale,Autre collision,,,,,,,,,,,1,2,1,1,6
200700037572,0007-06-11 02:20:00,7,6,11,2,20,930,13,"40, ROLLAND (RUE DU CDT)",,,Nuit avec éclairage allumé,En agglomération,Hors intersection,Normale,Autre collision,,,,,,,,,,,5,2,1,1,6
200700037573,0007-06-15 02:15:00,7,6,15,2,15,930,27,SALENGRO (AVENUE ROGER),,,Nuit sans éclairage public,Hors agglomération,Hors intersection,Pluie légère,Trois véhicules et plus - en chaîne,,,,,,,,,,,3,1,1,2,4
200700037574,0007-06-07 16:00:00,7,6,7,16,0,930,27,"97, BARBUSSE (RUE HENRI)",,,Plein jour,En agglomération,Hors intersection,Normale,Deux véhicules - côté,,,,,,,,,,,1,2,1,1,3
200700037575,0007-06-08 15:35:00,7,6,8,15,35,930,13,LECLERC (AVENU DE LA DIV,,,Plein jour,En agglomération,Hors intersection,Normale,Deux véhicules - côté,,,,,,,,,,,1,2,1,1,3
200700037576,0007-06-24 16:20:00,7,6,24,16,20,930,30,HUIT-MAI-1945 (AVENUE DU,,,Plein jour,En agglomération,Hors intersection,Normale,Autre collision,,,,,,,,,,,1,2,1,1,6
200700037577,0007-06-25 19:00:00,7,6,25,19,0,930,13,LECLERC (AVENU DE LA DIV,,,Plein jour,En agglomération,Hors intersection,Normale,Autre collision,,,,,,,,,,,1,2,1,1,6
200700037578,0007-06-09 17:30:00,7,6,9,17,30,930,29,REPIQUET (ROND-POINT),,,Plein jour,En agglomération,Hors intersection,Normale,Deux véhicules - côté,,,,,,,,,,,1,2,1,1,3
200700037579,0007-06-20 17:55:00,7,6,20,17,55,930,29,FAIDHERBE N°,,,Plein jour,En agglomération,Hors intersection,Normale,Deux véhicules - côté,,,,,,,,,,,1,2,1,1,3
200700037580,0007-06-23 10:20:00,7,6,23,10,20,930,29,"19, JEAN JAURES (AVENUE)",,,Plein jour,En agglomération,Hors intersection,Normale,Deux véhicules - arrière,,,,,,,,,,,1,2,1,1,2
200700037581,0007-06-23 18:55:00,7,6,23,18,55,930,29,"244, HENRI BARBUSSE (AVE",,,Plein jour,En agglomération,Hors intersection,Normale,Autre collision,,,,,,,,,,,1,2,1,1,6
200700037582,0007-06-01 18:48:00,7,6,1,18,48,930,31,"58, MARSEILLE (RUE DE)",,,Plein jour,En agglomération,Hors intersection,Normale,Autre collision,,,,,,,,,,,1,2,1,1,6
200700037583,0007-06-02 14:45:00,7,6,2,14,45,930,31,"11, EGLISE (RUE DE L')",,,Plein jour,En agglomération,Hors intersection,Normale,Autre collision,,,,,,,,,,,1,2,1,1,6
200700037584,0007-06-10 17:40:00,7,6,10,17,40,930,31,"3, ARMENTIERES (RUE D')",,,Plein jour,En agglomération,Hors intersection,Normale,Autre collision,,,,,,,,,,,1,2,1,1,6
200700037585,0007-06-10 19:30:00,7,6,10,19,30,930,31,"2, BREST (DE)",,,Plein jour,En agglomération,Hors intersection,Normale,Autre collision,,,,,,,,,,,1,2,1,1,6
200700037586,0007-06-22 12:10:00,7,6,22,12,10,930,31,"1, ALLENDE (AVENUE SALVA",,,Plein jour,En agglomération,Hors intersection,Pluie forte,Deux véhicules - côté,,,,,,,,,,,1,2,1,3,3
200700037587,0007-06-02 18:30:00,7,6,2,18,30,930,47,"12, CHEVREFEUILLES  (AVE",,,Plein jour,En agglomération,Hors intersection,Normale,Deux véhicules - frontale,,,,,,,,,,,1,2,1,1,1
200700037588,0007-06-05 08:40:00,7,6,5,8,40,930,32,"2, PARMENTIER   (RUE)",,,Plein jour,En agglomération,Hors intersection,Normale,Autre collision,,,,,,,,,,,1,2,1,1,6
200700037589,0007-06-11 18:20:00,7,6,11,18,20,930,47,", JEAN JAURES (AVENUE)",,,Plein jour,En agglomération,Intersection à plus de 4 branches,Normale,Trois véhicules et plus - collisions multiples,,,,,,,,,,,1,2,5,1,5
200700037590,0007-06-16 12:30:00,7,6,16,12,30,930,47,HARDY  (BOULEVARD),,,Plein jour,En agglomération,Hors intersection,Normale,Autre collision,,,,,,,,,,,1,2,1,1,6
200700037591,0007-06-23 10:00:00,7,6,23,10,0,930,32,"6, GENERAL DE GAULLE  (P",,,Plein jour,En agglomération,Hors intersection,Pluie légère,Autre collision,,,,,,,,,,,1,2,1,2,6
200700037592,0007-06-18 11:00:00,7,6,18,11,0,930,32,MONTFERMEIL   (ALLEE DE),,,Plein jour,En agglomération,Hors intersection,Normale,Autre collision,,,,,,,,,,,1,2,1,1,6
200700037593,0007-06-29 16:40:00,7,6,29,16,40,930,47,"39, CHARMILLES (AVENUE D",,,Plein jour,En agglomération,Intersection en X,Pluie légère,Deux véhicules - côté,,,,,,,,,,,1,2,2,2,3
200700037594,0007-06-03 23:03:00,7,6,3,23,3,930,6,", ESTIENNE D'ORVES RUE D",,,Nuit avec éclairage allumé,En agglomération,Hors intersection,Normale,Autre collision,,,,,,,,,,,5,2,1,1,6
200700037595,0007-06-05 14:40:00,7,6,5,14,40,930,6,"26, GAL DE GAULLE AV. DU",,,Plein jour,En agglomération,Hors intersection,Normale,Autre collision,,,,,,,,,,,1,2,1,1,6
200700037596,0007-06-06 12:00:00,7,6,6,12,0,930,45,"IGNORE, LECLERC BOULEVAR",,,Plein jour,En agglomération,Hors intersection,Normale,Autre collision,,,,,,,,,,,1,2,1,1,6
200700037597,0007-06-10 00:05:00,7,6,10,0,5,930,45,"IGNORE, PARIS RUE DE",,,Nuit avec éclairage allumé,En agglomération,Intersection en X,Normale,Deux véhicules - frontale,,,,,,,,,,,5,2,2,1,1
200700037598,0007-06-13 18:10:00,7,6,13,18,10,930,6,"50, RASPAIL AVENUE",,,Plein jour,En agglomération,Intersection en X,Normale,Deux véhicules - côté,,,,,,,,,,,1,2,2,1,3
200700037599,0007-06-15 02:30:00,7,6,15,2,30,930,45,"IGNORE, PARIS RUE DE",,,Nuit avec éclairage allumé,En agglomération,Hors intersection,Pluie légère,Deux véhicules - côté,,,,,,,,,,,5,2,1,2,3
200700037600,0007-06-16 20:50:00,7,6,16,20,50,930,63,"IGNORE, CITE GAGARINE",,,Plein jour,En agglomération,Intersection en T,Normale,Deux véhicules - côté,,,,,,,,,,,1,2,3,1,3
200700037601,0007-06-18 15:50:00,7,6,18,15,50,930,63,"IGNORE, ETHIS RUE MARCEL",,,Plein jour,En agglomération,Hors intersection,Normale,Autre collision,,,,,,,,,,,1,2,1,1,6
200700037602,0007-06-25 16:40:00,7,6,25,16,40,930,63,"80, BARBUSSE HENRI BOULE",,,Plein jour,En agglomération,Hors intersection,Normale,Autre collision,,,,,,,,,,,1,2,1,1,6
200700037603,0007-06-26 18:15:00,7,6,26,18,15,930,45,"34, JUIN AVENUE DU MAREC",,,Plein jour,En agglomération,Hors intersection,Normale,Autre collision,,,,,,,,,,,1,2,1,1,6
200700037604,0007-06-02 23:15:00,7,6,2,23,15,930,46,REPUBLIQUE AVENUE DE LA,,,Nuit avec éclairage allumé,En agglomération,Intersection en X,Normale,Deux véhicules - côté,,,,,,,,,,,5,2,2,1,3
200700037605,0007-06-03 03:05:00,7,6,3,3,5,930,46,ARISTIDE BRIAND AVENUE,,,Nuit avec éclairage allumé,En agglomération,Hors intersection,Normale,Trois véhicules et plus - en chaîne,,,,,,,,,,,5,2,1,1,4
200700037606,0007-06-03 18:25:00,7,6,3,18,25,930,74,MEAUX RUE DE,,,Plein jour,En agglomération,Intersection en T,Normale,Trois véhicules et plus - collisions multiples,,,,,,,,,,,1,2,3,1,5
200700037607,0007-06-05 08:45:00,7,6,5,8,45,930,46,"NR, EUROPE BOULEVARD DE",,,Plein jour,Hors agglomération,Hors intersection,Normale,Trois véhicules et plus - collisions multiples,,,,,,,,,,,1,1,1,1,5
200700037608,0007-06-14 16:05:00,7,6,14,16,5,930,15,COROT AVENUE,,,Plein jour,En agglomération,Intersection en X,Normale,Autre collision,,,,,,,,,,,1,2,2,1,6
200700037609,0007-06-15 18:00:00,7,6,15,18,0,930,46,"14, MENDES FRANCE RESIDE",,,Plein jour,En agglomération,Hors intersection,Normale,Deux véhicules - côté,,,,,,,,,,,1,2,1,1,3
200700037610,0007-06-15 19:15:00,7,6,15,19,15,930,74,RN 3,,,Plein jour,Hors agglomération,Hors intersection,Normale,Sans collision,,,,,,,,,,,1,1,1,1,7
200700037611,0007-06-19 11:35:00,7,6,19,11,35,930,46,"159, ARISTIDE BRIAND AVE",,,Plein jour,En agglomération,Hors intersection,Normale,Autre collision,,,,,,,,,,,1,2,1,1,6
200700037612,0007-06-22 01:00:00,7,6,22,1,0,930,15,JAURES RUE JEAN,,,Nuit avec éclairage allumé,En agglomération,Hors intersection,Normale,Autre collision,,,,,,,,,,,5,2,1,1,6
200700037613,0007-06-22 12:30:00,7,6,22,12,30,930,46,"30, CONSUL GENERAL NORDL",,,Plein jour,En agglomération,Hors intersection,Pluie forte,Trois véhicules et plus - en chaîne,,,,,,,,,,,1,2,1,3,4
200700037614,0007-06-24 17:45:00,7,6,24,17,45,930,46,"39, MARX DORMOY BOULEVAR",,,Plein jour,En agglomération,Intersection en T,Normale,Deux véhicules - côté,,,,,,,,,,,1,2,3,1,3
200700037615,0007-06-25 10:00:00,7,6,25,10,0,930,46,"01, THIERS AVENUE",,,Plein jour,En agglomération,Hors intersection,Normale,Deux véhicules - côté,,,,,,,,,,,1,2,1,1,3
200700037616,0007-06-27 18:43:00,7,6,27,18,43,930,74,"368, MEAUX RUE DE",,,Plein jour,En agglomération,Hors intersection,Pluie légère,Sans collision,,,,,,,,,,,1,2,1,2,7
200700037617,0007-06-07 20:05:00,7,6,7,20,5,930,48,"76, RESISTANCE (AVENUE D",,,Plein jour,En agglomération,Hors intersection,Normale,Autre collision,,,,,,,,,,,1,2,1,1,6
200700037618,0007-06-11 07:55:00,7,6,11,7,55,930,48,"94, BOISSIERE (BOULEVARD",,,Plein jour,En agglomération,Hors intersection,Normale,Deux véhicules - arrière,,,,,,,,,,,1,2,1,1,2
200700037619,0007-06-13 17:00:00,7,6,13,17,0,930,48,"209, ROSNY (RUE DE)",,,Plein jour,En agglomération,Intersection en T,Normale,Autre collision,,,,,,,,,,,1,2,3,1,6
200700037620,0007-06-14 23:30:00,7,6,14,23,30,930,48,PASTEUR S2  (AVENUE),,,Nuit avec éclairage allumé,En agglomération,Hors intersection,Normale,Autre collision,,,,,,,,,,,5,2,1,1,6
200700037621,0007-06-16 21:35:00,7,6,16,21,35,930,48,ARISTIDE BRIAND S2 (BOUL,,,Plein jour,En agglomération,Intersection en X,Normale,Autre collision,,,,,,,,,,,1,2,2,1,6
200700037622,0007-06-17 19:40:00,7,6,17,19,40,930,48,"268, ETIENNE MARCEL (RUE",,,Plein jour,En agglomération,Intersection en X,Pluie légère,Deux véhicules - côté,,,,,,,,,,,1,2,2,2,3
200700037623,0007-06-19 09:00:00,7,6,19,9,0,930,48,", THEOPHILE SUEUR (BOULE",,,Plein jour,En agglomération,Intersection en X,Temps couvert,Deux véhicules - côté,,,,,,,,,,,1,2,2,8,3
200700037624,0007-06-20 00:01:00,7,6,20,0,1,930,48,"151, PARIS (RUE DE)",,,Nuit sans éclairage public,En agglomération,Intersection en T,Pluie forte,Deux véhicules - arrière,,,,,,,,,,,3,2,3,3,2
200700037625,0007-06-24 10:00:00,7,6,24,10,0,930,48,"100-102, THEOPHILE SUEUR",,,Plein jour,En agglomération,Hors intersection,Normale,Trois véhicules et plus - collisions multiples,,,,,,,,,,,1,2,1,1,5
200700037626,0007-06-24 17:55:00,7,6,24,17,55,930,48,EMILE BEAUFILS (RUE),,,Plein jour,En agglomération,Intersection en X,Normale,Deux véhicules - côté,,,,,,,,,,,1,2,2,1,3
200700037627,0007-06-25 16:35:00,7,6,25,16,35,930,48,"-, DHUYS (RUE DE LA)",,,Plein jour,En agglomération,Intersection en T,Normale,Deux véhicules - côté,,,,,,,,,,,1,2,3,1,3
200700037628,0007-06-27 10:55:00,7,6,27,10,55,930,48,MARCEL DUFRICHE (RUE),,,Plein jour,En agglomération,Intersection en T,Normale,Autre collision,,,,,,,,,,,1,2,3,1,6
200700037629,0007-06-28 13:00:00,7,6,28,13,0,930,48,"125, STALINGRAD (RUE DE)",,,Plein jour,En agglomération,Intersection en X,Normale,Deux véhicules - côté,,,,,,,,,,,1,2,2,1,3
200700037630,0007-06-30 17:45:00,7,6,30,17,45,930,48,"247, PARIS (RUE DE)",,,Plein jour,En agglomération,Hors intersection,Normale,Autre collision,,,,,,,,,,,1,2,1,1,6
200700037631,0007-06-04 10:00:00,7,6,4,10,0,930,49,"18, GALLIENI (BOULEVARD)",,,Plein jour,En agglomération,Hors intersection,Normale,Deux véhicules - arrière,,,,,,,,,,,1,2,1,1,2
200700037632,0007-06-06 08:40:00,7,6,6,8,40,930,50,MARX DORMOY (RUE),,,Plein jour,En agglomération,Hors intersection,Normale,Autre collision,,,,,,,,,,,1,2,1,1,6
200700037633,0007-06-08 17:50:00,7,6,8,17,50,930,50,", HIPPOLYTE PINA (RUE)",,,Plein jour,En agglomération,Hors intersection,Temps couvert,Autre collision,,,,,,,,,,,1,2,1,8,6
200700037634,0007-06-15 18:00:00,7,6,15,18,0,930,49,"15, MEAUX (CHEMIN)",,,Plein jour,En agglomération,Hors intersection,Temps couvert,Autre collision,,,,,,,,,,,1,2,1,8,6
200700037635,0007-06-15 23:15:00,7,6,15,23,15,930,50,HUIT MAI 1945,,,Nuit avec éclairage allumé,En agglomération,Hors intersection,Pluie légère,Autre collision,,,,,,,,,,,5,2,1,2,6
200700037636,0007-06-22 21:00:00,7,6,22,21,0,930,50,"49, PAUL DOUMER (RUE)",,,Plein jour,En agglomération,Hors intersection,Pluie légère,Autre collision,,,,,,,,,,,1,2,1,2,6
200700037637,0007-06-28 07:15:00,7,6,28,7,15,930,49,PAUL VAILLANT COUTURIER,,,Plein jour,En agglomération,Intersection en X,Normale,Deux véhicules - côté,,,,,,,,,,,1,2,2,1,3
200700037638,0007-06-23 05:35:00,7,6,23,5,35,930,33,"30, JEAN MERMOZ (AVENUE)",,,Crépuscule ou aube,En agglomération,Hors intersection,Normale,Autre collision,,,,,,,,,,,2,2,1,1,6
200700037639,0007-06-23 18:00:00,7,6,23,18,0,930,51,EMILE COSSONNEAU (NR 140,,,Plein jour,En agglomération,Intersection en T,Normale,Autre collision,,,,,,,,,,,1,2,3,1,6
200700037640,0007-06-24 11:18:00,7,6,24,11,18,930,51,"73, PAUL PAMBRUN (BOULEV",,,Plein jour,En agglomération,Intersection en T,Normale,Deux véhicules - côté,,,,,,,,,,,1,2,3,1,3
200700037641,0007-06-05 14:45:00,7,6,5,14,45,930,53,"47, HOCHE (AVENUE)",,,Plein jour,En agglomération,Hors intersection,Normale,Deux véhicules - côté,,,,,,,,,,,1,2,1,1,3
200700037642,0007-06-11 12:00:00,7,6,11,12,0,930,53,"9999999999, GAGNY (AVENU",,,Plein jour,En agglomération,Autre intersection,Normale,Autre collision,,,,,,,,,,,1,2,9,1,6
200700037643,0007-06-22 12:20:00,7,6,22,12,20,930,53,"38, ROSNY (AVENUE DE) N°",,,Plein jour,En agglomération,Intersection en X,Pluie légère,Deux véhicules - côté,,,,,,,,,,,1,2,2,2,3
200700037644,0007-06-25 07:20:00,7,6,25,7,20,930,53,"104, PARC (RUE DU)",,,Plein jour,En agglomération,Hors intersection,Temps couvert,Autre collision,,,,,,,,,,,1,2,1,8,6
200700037645,0007-06-25 11:25:00,7,6,25,11,25,930,53,"9999999999, GAGNY (AVENU",,,Plein jour,En agglomération,Intersection en X,Normale,Deux véhicules - côté,,,,,,,,,,,1,2,2,1,3
200700037646,0007-06-26 05:40:00,7,6,26,5,40,930,53,"9999999999, PARIS (RUE D",,,Crépuscule ou aube,En agglomération,Intersection en T,Pluie légère,Autre collision,,,,,,,,,,,2,2,3,2,6
200700037647,0007-06-28 16:40:00,7,6,28,16,40,930,53,"70, SAINT DENIS (RUE)",,,Plein jour,En agglomération,Hors intersection,Normale,Autre collision,,,,,,,,,,,1,2,1,1,6
200700037648,0007-06-01 15:20:00,7,6,1,15,20,930,55,"164, JEAN JAURES (AVENUE",,,Plein jour,En agglomération,Hors intersection,Normale,Autre collision,,,,,,,,,,,1,2,1,1,6
200700037649,0007-06-11 19:00:00,7,6,11,19,0,930,55,JEAN LOLIVE (AVENUE)(107,,,Plein jour,En agglomération,Intersection en X,Normale,Deux véhicules - côté,,,,,,,,,,,1,2,2,1,3
200700037650,0007-06-13 09:00:00,7,6,13,9,0,930,55,"203, JEAN LOLIVE (AVENUE",,,Plein jour,En agglomération,Intersection en X,Normale,Deux véhicules - côté,,,,,,,,,,,1,2,2,1,3
200700037651,0007-06-14 22:50:00,7,6,14,22,50,930,55,"FACE 138, JEAN LOLIVE (A",,,Nuit avec éclairage allumé,En agglomération,Intersection en T,Normale,Deux véhicules - côté,,,,,,,,,,,5,2,3,1,3
200700037652,0007-06-18 18:00:00,7,6,18,18,0,930,55,"07, JULES JASLIN",,,Plein jour,En agglomération,Hors intersection,Normale,Trois véhicules et plus - collisions multiples,,,,,,,,,,,1,2,1,1,5
200700037653,0007-06-21 10:10:00,7,6,21,10,10,930,55,"12, CHARLES AURAY DU 1/5",,,Plein jour,En agglomération,Hors intersection,Normale,Autre collision,,,,,,,,,,,1,2,1,1,6
200700037654,0007-06-21 14:40:00,7,6,21,14,40,930,55,"108, JEAN LOLIVE (AVENUE",,,Plein jour,En agglomération,Hors intersection,Normale,Autre collision,,,,,,,,,,,1,2,1,1,6
200700037655,0007-06-21 20:30:00,7,6,21,20,30,930,55,"36, EDOUARD VAILLANT DU",,,Plein jour,En agglomération,Hors intersection,Normale,Deux véhicules - côté,,,,,,,,,,,1,2,1,1,3
200700037656,0007-06-23 16:28:00,7,6,23,16,28,930,55,"60, JEAN LOLIVE (AVENUE)",,,Plein jour,En agglomération,Hors intersection,Pluie légère,Autre collision,,,,,,,,,,,1,2,1,2,6
200700037657,0007-06-25 09:20:00,7,6,25,9,20,930,55,"145, JEAN LOLIVE (AVENUE",,,Plein jour,En agglomération,Hors intersection,Pluie légère,Autre collision,,,,,,,,,,,1,2,1,2,6
200700037658,0007-06-01 18:45:00,7,6,1,18,45,930,14,"24, VICTOR HUGO (ALLEE)",,,Plein jour,En agglomération,Intersection en X,Normale,Deux véhicules - côté,,,,,,,,,,,1,2,2,1,3
200700037659,0007-06-11 22:10:00,7,6,11,22,10,930,14,"9, VEUVE LINDET GIRARD (",,,Nuit avec éclairage allumé,En agglomération,Hors intersection,Pluie légère,Deux véhicules - arrière,,,,,,,,,,,5,2,1,2,2
200700037660,0007-06-15 14:30:00,7,6,15,14,30,930,14,MAURICE AUDIN (ALLEE) RP,,,Plein jour,En agglomération,Hors intersection,Temps couvert,Deux véhicules - côté,,,,,,,,,,,1,2,1,8,3
200700037661,0007-06-29 14:50:00,7,6,29,14,50,930,62,"100, RESISTANCE (AVENUE",,,Plein jour,En agglomération,Hors intersection,Pluie légère,Autre collision,,,,,,,,,,,1,2,1,2,6
200700037662,0007-06-02 13:25:00,7,6,2,13,25,930,64,"102, PERI (BOULEVARD GAB",,,Plein jour,En agglomération,Hors intersection,Normale,Autre collision,,,,,,,,,,,1,2,1,1,6
200700037663,0007-06-05 18:00:00,7,6,5,18,0,930,77,"01, BOURDONNAIS (AVENUE",,,Plein jour,En agglomération,Intersection en X,Normale,Trois véhicules et plus - collisions multiples,,,,,,,,,,,1,2,2,1,5
200700037664,0007-06-11 20:20:00,7,6,11,20,20,930,64,"00, JAURES (AVENUE JEAN)",,,Crépuscule ou aube,En agglomération,Hors intersection,Normale,Autre collision,,,,,,,,,,,2,2,1,1,6
200700037665,0007-06-15 19:00:00,7,6,15,19,0,930,64,"01, FAURE (ALLEE GABRIEL",,,Plein jour,En agglomération,Hors intersection,Normale,Autre collision,,,,,,,,,,,1,2,1,1,6
200700037666,0007-06-19 19:05:00,7,6,19,19,5,930,64,"00, BLUM (RUE LEON)",,,Plein jour,En agglomération,Hors intersection,Normale,Autre collision,,,,,,,,,,,1,2,1,1,6
200700037667,0007-06-20 16:20:00,7,6,20,16,20,930,64,"00, QUATRIEME ZOUAVES (R",,,Plein jour,En agglomération,Hors intersection,Normale,Deux véhicules - arrière,,,,,,,,,,,1,2,1,1,2
200700037668,0007-06-08 19:45:00,7,6,8,19,45,930,66,"168, WILSON (AVENUE DU P",,,Plein jour,En agglomération,Hors intersection,Normale,Deux véhicules - côté,,,,,,,,,,,1,2,1,1,3
200700037669,0007-06-11 23:55:00,7,6,11,23,55,930,66,"146, FRANCE ANATOLE ENTR",,,Nuit avec éclairage allumé,En agglomération,Hors intersection,Normale,Sans collision,,,,,,,,,,,5,2,1,1,7
200700037670,0007-06-12 12:10:00,7,6,12,12,10,930,66,"31, FRANCE ANATOLE (BOUL",,,Plein jour,En agglomération,Hors intersection,Normale,Deux véhicules - arrière,,,,,,,,,,,1,2,1,1,2
200700037671,0007-06-12 16:30:00,7,6,12,16,30,930,66,EL OUAFI HAMED BOUGERA,,,Plein jour,En agglomération,Intersection en T,Normale,Deux véhicules - côté,,,,,,,,,,,1,2,3,1,3
200700037672,0007-06-13 20:30:00,7,6,13,20,30,930,66,"""LANDY RD 20, NR IMPAIRS",,,Plein jour,En agglomération,Hors intersection,Normale,Sans collision,,,,,,,,,,,1,2,1,1,7
200700037673,0007-06-27 19:40:00,7,6,27,19,40,930,66,"""LANDY RD 20, NR IMPAIRS",,,Crépuscule ou aube,En agglomération,Intersection en X,Normale,Deux véhicules - côté,,,,,,,,,,,2,2,2,1,3
200700037674,0007-06-01 10:50:00,7,6,1,10,50,930,66,"44, ""GUESDE JULES (BD),",,,Plein jour,En agglomération,Hors intersection,Normale,Autre collision,,,,,,,,,,,1,2,1,1,6
200700037675,0007-06-04 15:30:00,7,6,4,15,30,930,66,ELUARD PAUL NR 2 A 36 ET,,,Plein jour,En agglomération,Hors intersection,Normale,Deux véhicules - côté,,,,,,,,,,,1,2,1,1,3
200700037676,0007-06-06 13:25:00,7,6,6,13,25,930,39,"2, REPUBLIQUE",,,Plein jour,En agglomération,Hors intersection,Normale,Autre collision,,,,,,,,,,,1,2,1,1,6
200700037677,0007-06-09 18:30:00,7,6,9,18,30,930,66,LENINE (AVENUE) NR 2 A 2,,,Plein jour,En agglomération,Hors intersection,Normale,Autre collision,,,,,,,,,,,1,2,1,1,6
200700037678,0007-06-10 10:45:00,7,6,10,10,45,930,66,", FAURE FELIX (BOULEVARD",,,Plein jour,En agglomération,Hors intersection,Normale,Autre collision,,,,,,,,,,,1,2,1,1,6
200700037679,0007-06-12 00:30:00,7,6,12,0,30,930,66,LENINE (AVENUE) NR 28 A,,,Nuit avec éclairage allumé,En agglomération,Hors intersection,Normale,Deux véhicules - frontale,,,,,,,,,,,5,2,1,1,1
200700037680,0007-06-12 17:50:00,7,6,12,17,50,930,66,"face 2, COURNEUVE (ROUTE",,,Plein jour,En agglomération,Hors intersection,Normale,Deux véhicules - arrière,,,,,,,,,,,1,2,1,1,2
200700037681,0007-06-14 12:30:00,7,6,14,12,30,930,66,", PORT (QUAI DU)",,,Plein jour,En agglomération,Hors intersection,Pluie légère,Deux véhicules - arrière,,,,,,,,,,,1,2,1,2,2
200700037682,0007-06-18 07:55:00,7,6,18,7,55,930,66,JOLIOT CURIE IRENE ET FR,,,Plein jour,En agglomération,Hors intersection,Normale,Autre collision,,,,,,,,,,,1,2,1,1,6
200700037683,0007-06-19 14:15:00,7,6,19,14,15,930,66,"53, ""PHARMA. CINGALA 40,",,,Plein jour,En agglomération,Intersection en Y,Normale,Deux véhicules - côté,,,,,,,,,,,1,2,4,1,3
200700037684,0007-06-20 18:44:00,7,6,20,18,44,930,66,FRANCE ANATOLE ENTREE A1,,,Plein jour,En agglomération,Giratoire,Normale,Deux véhicules - arrière,,,,,,,,,,,1,2,6,1,2
200700037685,0007-06-20 19:20:00,7,6,20,19,20,930,66,"46, ROLLAND ROMAIN (AVEN",,,Plein jour,En agglomération,Hors intersection,Normale,Autre collision,,,,,,,,,,,1,2,1,1,6
200700037686,0007-06-23 12:00:00,7,6,23,12,0,930,66,", LENINE (AVENUE) NR 2 A",,,Nuit avec éclairage allumé,En agglomération,Intersection en X,Normale,Deux véhicules - côté,,,,,,,,,,,5,2,2,1,3