accident_id,datetime,annee,mois,jour,heure,minute,departement,commune_insee,adresse,latitude,longitude,luminosite,agglomeration,intersection,meteo,collision,nb_vehicules,nb_usagers,nb_indemnes,nb_tues,nb_blesses_hosp,nb_blesses_legers,age_cond_1,age_cond_2,veh_type_cond_1,veh_type_cond_2,lum_code,agg_code,int_code,atm_code,col_code
200700038235,0007-06-25 15:40:00,7,6,25,15,40,940,76,AUTOROUTE A6A,,,Plein jour,Hors agglomération,Hors intersection,Normale,Trois véhicules et plus - collisions multiples,,,,,,,,,,,1,1,1,1,5
200700038236,0007-06-25 21:55:00,7,6,25,21,55,910,363,RN 104,,,Crépuscule ou aube,Hors agglomération,Hors intersection,Pluie légère,Sans collision,,,,,,,,,,,2,1,1,2,7
200700038237,0007-06-25 23:27:00,7,6,25,23,27,940,65,AUTOROUTE A106,,,Nuit avec éclairage allumé,Hors agglomération,Hors intersection,Pluie forte,Deux véhicules - arrière,,,,,,,,,,,5,1,1,3,2
200700038238,0007-06-26 06:26:00,7,6,26,6,26,940,37,AUTOROUTE A6A,,,Crépuscule ou aube,Hors agglomération,Hors intersection,Pluie légère,Sans collision,,,,,,,,,,,2,1,1,2,7
200700038239,0007-06-26 08:20:00,7,6,26,8,20,940,34,AUTOROUTE A6A,,,Plein jour,Hors agglomération,Hors intersection,Pluie légère,Autre collision,,,,,,,,,,,1,1,1,2,6
200700038240,0007-06-26 10:25:00,7,6,26,10,25,910,617,AUTOROUTE A5A,,,Plein jour,Hors agglomération,Hors intersection,Pluie légère,Autre collision,,,,,,,,,,,1,1,1,2,6
200700038241,0007-06-27 21:08:00,7,6,27,21,8,910,471,RN 188 CHEVREUSE,,,Plein jour,Hors agglomération,Hors intersection,Temps couvert,Deux véhicules - arrière,,,,,,,,,,,1,1,1,8,2
200700038242,0007-06-28 12:38:00,7,6,28,12,38,910,617,RN 104,,,Plein jour,Hors agglomération,Hors intersection,Normale,Deux véhicules - arrière,,,,,,,,,,,1,1,1,1,2
200700038243,0007-06-28 22:10:00,7,6,28,22,10,910,477,AUTOROUTE A10,,,Nuit avec éclairage non allumé,Hors agglomération,Hors intersection,Normale,Deux véhicules - côté,,,,,,,,,,,4,1,1,1,3
200700038244,0007-06-29 18:36:00,7,6,29,18,36,910,645,RN 385 Extérieure,,,Plein jour,Hors agglomération,Hors intersection,Normale,Deux véhicules - arrière,,,,,,,,,,,1,1,1,1,2
200700038245,0007-06-29 20:35:00,7,6,29,20,35,910,471,RN 118,,,Crépuscule ou aube,Hors agglomération,Hors intersection,Pluie légère,Autre collision,,,,,,,,,,,2,1,1,2,6
200700038246,0007-06-05 09:51:00,7,6,5,9,51,202,33,IMPERIALE - ROUTE,,,Plein jour,En agglomération,Hors intersection,Normale,Deux véhicules - côté,,,,,,,,,,,1,2,1,1,3
200700038247,0007-06-07 20:05:00,7,6,7,20,5,202,37,"sans, TOUTES RUES",,,Plein jour,En agglomération,Hors intersection,Normale,Autre collision,,,,,,,,,,,1,2,1,1,6
200700038248,0007-06-09 21:46:00,7,6,9,21,46,202,120,"sans, TOUTES RUES",,,Nuit avec éclairage allumé,En agglomération,Hors intersection,Normale,Deux véhicules - frontale,,,,,,,,,,,5,2,1,1,1
200700038249,0007-06-09 01:09:00,7,6,9,1,9,202,33,"sans, MIOT - RUE",,,Nuit avec éclairage allumé,En agglomération,Hors intersection,Normale,Autre collision,,,,,,,,,,,5,2,1,1,6
200700038250,0007-06-08 23:20:00,7,6,8,23,20,202,33,"SANS, AV DE LA LIBERATIO",,,Nuit avec éclairage allumé,En agglomération,Hors intersection,Normale,Deux véhicules - côté,,,,,,,,,,,5,2,1,1,3
200700038251,0007-06-09 22:26:00,7,6,9,22,26,202,353,"SANS, TOUTES RUES",,,Nuit avec éclairage allumé,En agglomération,Hors intersection,Normale,Deux véhicules - frontale,,,,,,,,,,,5,2,1,1,1
200700038252,0007-06-11 09:08:00,7,6,11,9,8,202,37,"sans, TOUTES RUES",,,Plein jour,En agglomération,Hors intersection,Normale,Deux véhicules - arrière,,,,,,,,,,,1,2,1,1,2
200700038253,0007-06-12 13:10:00,7,6,12,13,10,202,33,VEZZANI - RUE CESAR,,,Plein jour,En agglomération,Hors intersection,Normale,Autre collision,,,,,,,,,,,1,2,1,1,6
200700038254,0007-06-15 12:26:00,7,6,15,12,26,202,120,"sans, TOUTES RUES",,,Plein jour,En agglomération,Hors intersection,Normale,Deux véhicules - côté,,,,,,,,,,,1,2,1,1,3
200700038255,0007-06-15 10:34:00,7,6,15,10,34,202,120,TOUTES RUES,,,Plein jour,En agglomération,Autre intersection,Normale,Deux véhicules - arrière,,,,,,,,,,,1,2,9,1,2
200700038256,0007-06-16 10:20:00,7,6,16,10,20,202,33,"sans, TOGA",,,Plein jour,Hors agglomération,Hors intersection,Normale,Autre collision,,,,,,,,,,,1,1,1,1,6
200700038257,0007-06-16 23:20:00,7,6,16,23,20,202,33,"sans, CHANOINE LESCHI -",,,Nuit avec éclairage allumé,En agglomération,Hors intersection,Normale,Autre collision,,,,,,,,,,,5,2,1,1,6
200700038258,0007-06-21 20:54:00,7,6,21,20,54,202,33,"SANS, TUNNEL",,,Nuit avec éclairage allumé,En agglomération,Hors intersection,Normale,Deux véhicules - côté,,,,,,,,,,,5,2,1,1,3
200700038259,0007-06-21 22:19:00,7,6,21,22,19,202,33,"sans, AV DE LA LIBERATIO",,,Nuit avec éclairage allumé,En agglomération,Hors intersection,Normale,Deux véhicules - côté,,,,,,,,,,,5,2,1,1,3
200700038260,0007-06-22 09:53:00,7,6,22,9,53,202,33,"sans, IMPERIALE - ROUTE",,,Plein jour,Hors agglomération,Hors intersection,Normale,Autre collision,,,,,,,,,,,1,1,1,1,6
200700038261,0007-06-23 15:30:00,7,6,23,15,30,202,37,"sans, TOUTES RUES",,,Plein jour,En agglomération,Intersection en T,Normale,Deux véhicules - arrière,,,,,,,,,,,1,2,3,1,2
200700038262,0007-06-23 21:34:00,7,6,23,21,34,202,33,"SANS, VOIE RAPIDE",,,Plein jour,En agglomération,Hors intersection,Normale,Trois véhicules et plus - collisions multiples,,,,,,,,,,,1,2,1,1,5
200700038263,0007-06-25 22:33:00,7,6,25,22,33,202,120,"sans, TOUTES RUES",,,Nuit avec éclairage allumé,En agglomération,Hors intersection,Normale,Autre collision,,,,,,,,,,,5,2,1,1,6
200700038264,0007-06-26 14:52:00,7,6,26,14,52,202,33,"sans, TUNNEL - PASSERELL",,,Plein jour,En agglomération,Hors intersection,Normale,Deux véhicules - arrière,,,,,,,,,,,1,2,1,1,2
200700038265,0007-06-26 17:27:00,7,6,26,17,27,202,37,"sans, TOUTES RUES",,,Plein jour,En agglomération,Hors intersection,Normale,Deux véhicules - arrière,,,,,,,,,,,1,2,1,1,2
200700038266,0007-06-26 19:24:00,7,6,26,19,24,202,33,"sans, AV DE LA LIBERATIO",,,Plein jour,En agglomération,Hors intersection,Normale,Autre collision,,,,,,,,,,,1,2,1,1,6
200700038267,0007-06-27 12:12:00,7,6,27,12,12,202,37,"SANS, TOUTES RUES",,,Plein jour,En agglomération,Intersection en X,Normale,Deux véhicules - côté,,,,,,,,,,,1,2,2,1,3
200700038268,0007-06-27 14:13:00,7,6,27,14,13,202,33,TOUTES RUES,,,Plein jour,Hors agglomération,Hors intersection,Normale,Deux véhicules - côté,,,,,,,,,,,1,1,1,1,3
200700038269,0007-06-27 19:19:00,7,6,27,19,19,202,33,GAUDIN - BLD AUGUSTE,,,Plein jour,En agglomération,Hors intersection,Normale,Autre collision,,,,,,,,,,,1,2,1,1,6
200700038270,0007-06-28 06:44:00,7,6,28,6,44,202,33,"sans, VEZZANI - RUE CESA",,,Plein jour,En agglomération,Hors intersection,Normale,Deux véhicules - côté,,,,,,,,,,,1,2,1,1,3
200700038271,0007-06-28 19:16:00,7,6,28,19,16,202,353,"sans, TOUTES RUES",,,Plein jour,En agglomération,Hors intersection,Normale,Trois véhicules et plus - en chaîne,,,,,,,,,,,1,2,1,1,4
200700038272,0007-06-29 09:25:00,7,6,29,9,25,202,33,"SANS, TOUTES RUES",,,Plein jour,En agglomération,Hors intersection,Normale,Deux véhicules - côté,,,,,,,,,,,1,2,1,1,3
200700038273,0007-06-29 15:06:00,7,6,29,15,6,202,33,"SANS, CHANOINE LESCHI -",,,Plein jour,En agglomération,Hors intersection,Normale,Deux véhicules - côté,,,,,,,,,,,1,2,1,1,3
200700038274,0007-06-29 17:22:00,7,6,29,17,22,202,33,"sans, FRONT DE MER - ROU",,,Plein jour,En agglomération,Hors intersection,Normale,Deux véhicules - côté,,,,,,,,,,,1,2,1,1,3
200700038275,0007-06-29 22:36:00,7,6,29,22,36,202,33,CAMPINCHI >= NR 40 -RUE,,,Nuit avec éclairage allumé,Hors agglomération,Hors intersection,Normale,Trois véhicules et plus - collisions multiples,,,,,,,,,,,5,1,1,1,5
200700038276,0007-06-01 02:55:00,7,6,1,2,55,690,382,PONT BONAPARTE,,,Nuit avec éclairage allumé,En agglomération,Intersection en X,Normale,Deux véhicules - côté,,,,,,,,,,,5,2,2,1,3
200700038277,0007-06-02 03:35:00,7,6,2,3,35,690,382,RUE GENERAL PLESSIER,,,Nuit avec éclairage allumé,En agglomération,Intersection en X,Pluie légère,Deux véhicules - côté,,,,,,,,,,,5,2,2,2,3
200700038278,0007-06-03 17:00:00,7,6,3,17,0,690,382,"22, QUAI DOCTEUR GAILLET",,,Plein jour,En agglomération,Intersection en Y,Normale,Trois véhicules et plus - en chaîne,,,,,,,,,,,1,2,4,1,4
200700038279,0007-06-04 20:14:00,7,6,4,20,14,690,382,PONT WILSON,,,Plein jour,En agglomération,Hors intersection,Normale,Deux véhicules - arrière,,,,,,,,,,,1,2,1,1,2
200700038280,0007-06-07 22:10:00,7,6,7,22,10,690,382,PONT LAFAYETTE,,,Nuit avec éclairage allumé,En agglomération,Intersection en T,Pluie forte,Autre collision,,,,,,,,,,,5,2,3,3,6
200700038281,0007-06-09 16:30:00,7,6,9,16,30,690,382,PLACE BELLECOUR,,,Plein jour,En agglomération,Intersection en T,Normale,Autre collision,,,,,,,,,,,1,2,3,1,6
200700038282,0007-06-11 15:30:00,7,6,11,15,30,690,382,TREMIE 2 DU CENTRE D ECH,,,Plein jour,En agglomération,Hors intersection,Pluie forte,Trois véhicules et plus - en chaîne,,,,,,,,,,,1,2,1,3,4
200700038283,0007-06-27 02:00:00,7,6,27,2,0,690,382,RUE GRENETTE,,,Nuit avec éclairage allumé,En agglomération,Intersection en X,Normale,Deux véhicules - côté,,,,,,,,,,,5,2,2,1,3
200700038284,0007-06-29 12:15:00,7,6,29,12,15,690,382,"58, COURS SUCHET",,,Plein jour,En agglomération,Hors intersection,Normale,Autre collision,,,,,,,,,,,1,2,1,1,6
200700038285,0007-06-13 02:00:00,7,6,13,2,0,690,382,QUAI JULES COURMONT,,,Nuit avec éclairage allumé,En agglomération,Intersection en X,Normale,Autre collision,,,,,,,,,,,5,2,2,1,6
200700038286,0007-06-15 00:45:00,7,6,15,0,45,690,382,"42, QUAI PERRACHE",,,Nuit avec éclairage allumé,En agglomération,Hors intersection,Pluie légère,Deux véhicules - arrière,,,,,,,,,,,5,2,1,2,2
200700038287,0007-06-01 08:55:00,7,6,1,8,55,590,383,AUTOROUTE A2,,,Plein jour,Hors agglomération,Hors intersection,Pluie légère,Sans collision,,,,,,,,,,,1,1,1,2,7
200700038288,0007-06-01 09:10:00,7,6,1,9,10,590,599,ROUTE NATIONALE 356,,,Plein jour,Hors agglomération,Hors intersection,Pluie légère,Autre collision,,,,,,,,,,,1,1,1,2,6
200700038289,0007-06-01 18:00:00,7,6,1,18,0,590,350,ROUTE NATIONALE 351,,,Plein jour,Hors agglomération,Hors intersection,Pluie légère,Autre collision,,,,,,,,,,,1,1,1,2,6
200700038290,0007-06-02 14:00:00,7,6,2,14,0,590,343,AUTOROUTE A1,,,Plein jour,Hors agglomération,Hors intersection,Normale,Autre collision,,,,,,,,,,,1,1,1,1,6
200700038291,0007-06-02 13:50:00,7,6,2,13,50,590,155,AUTOROUTE A16,,,Plein jour,Hors agglomération,Hors intersection,Normale,Autre collision,,,,,,,,,,,1,1,1,1,6
200700038292,0007-06-03 10:00:00,7,6,3,10,0,590,646,AUTOROUTE A22,,,Plein jour,Hors agglomération,Hors intersection,Normale,Autre collision,,,,,,,,,,,1,1,1,1,6
200700038293,0007-06-04 18:00:00,7,6,4,18,0,590,560,AUTOROUTE A1,,,Plein jour,Hors agglomération,Hors intersection,Normale,Trois véhicules et plus - en chaîne,,,,,,,,,,,1,1,1,1,4
200700038294,0007-06-05 15:20:00,7,6,5,15,20,590,478,AUTOROUTE A25,,,Plein jour,Hors agglomération,Hors intersection,Normale,Autre collision,,,,,,,,,,,1,1,1,1,6
200700038295,0007-06-06 00:15:00,7,6,6,0,15,590,348,AUTOROUTE A2,,,Nuit sans éclairage public,Hors agglomération,Hors intersection,Pluie légère,Deux véhicules - côté,,,,,,,,,,,3,1,1,2,3
200700038296,0007-06-07 08:15:00,7,6,7,8,15,590,350,AUTOROUTE A25,,,Plein jour,Hors agglomération,Hors intersection,Normale,Autre collision,,,,,,,,,,,1,1,1,1,6
200700038297,0007-06-08 17:15:00,7,6,8,17,15,590,605,AUTOROUTE A16,,,Plein jour,Hors agglomération,Hors intersection,Normale,Autre collision,,,,,,,,,,,1,1,1,1,6
200700038298,0007-06-08 17:40:00,7,6,8,17,40,590,605,AUTOROUTE A16,,,Plein jour,Hors agglomération,Hors intersection,Normale,Trois véhicules et plus - en chaîne,,,,,,,,,,,1,1,1,1,4
200700038299,0007-06-09 18:45:00,7,6,9,18,45,590,355,ROUTE DEPARTEMENTALE 652,,,Plein jour,Hors agglomération,Hors intersection,Normale,Autre collision,,,,,,,,,,,1,1,1,1,6
200700038300,0007-06-10 09:00:00,7,6,10,9,0,590,195,AUTOROUTE A25,,,Plein jour,Hors agglomération,Hors intersection,Normale,Autre collision,,,,,,,,,,,1,1,1,1,6
200700038301,0007-06-10 09:50:00,7,6,10,9,50,590,491,AUTOROUTE A23,,,Plein jour,Hors agglomération,Hors intersection,Normale,Autre collision,,,,,,,,,,,1,1,1,1,6
200700038302,0007-06-10 21:10:00,7,6,10,21,10,590,343,AUTOROUTE A22,,,Plein jour,Hors agglomération,Hors intersection,Normale,Autre collision,,,,,,,,,,,1,1,1,1,6
200700038303,0007-06-11 00:40:00,7,6,11,0,40,590,143,AUTOROUTE A25,,,Nuit avec éclairage allumé,Hors agglomération,Hors intersection,Normale,Autre collision,,,,,,,,,,,5,1,1,1,6
200700038304,0007-06-11 05:35:00,7,6,11,5,35,620,766,AUTOROUTE A16,,,Crépuscule ou aube,Hors agglomération,Hors intersection,Normale,Autre collision,,,,,,,,,,,2,1,1,1,6
200700038305,0007-06-11 22:45:00,7,6,11,22,45,590,196,AUTOROUTE A25,,,Nuit avec éclairage allumé,Hors agglomération,Hors intersection,Normale,Autre collision,,,,,,,,,,,5,1,1,1,6
200700038306,0007-06-12 15:30:00,7,6,12,15,30,590,350,AUTOROUTE A25,,,Plein jour,Hors agglomération,Hors intersection,Normale,Autre collision,,,,,,,,,,,1,1,1,1,6
200700038307,0007-06-12 16:35:00,7,6,12,16,35,590,343,AUTOROUTE A1,,,Plein jour,Hors agglomération,Hors intersection,Normale,Autre collision,,,,,,,,,,,1,1,1,1,6
200700038308,0007-06-13 20:45:00,7,6,13,20,45,590,383,AUTOROUTE A2,,,Nuit sans éclairage public,Hors agglomération,Hors intersection,Pluie légère,Sans collision,,,,,,,,,,,3,1,1,2,7
200700038309,0007-06-14 09:50:00,7,6,14,9,50,590,560,AUTOROUTE A1,,,Plein jour,Hors agglomération,Hors intersection,Normale,Autre collision,,,,,,,,,,,1,1,1,1,6
200700038310,0007-06-14 18:00:00,7,6,14,18,0,590,271,AUTOROUTE A16,,,Plein jour,Hors agglomération,Hors intersection,Pluie légère,Deux véhicules - arrière,,,,,,,,,,,1,1,1,2,2
200700038311,0007-06-15 02:05:00,7,6,15,2,5,590,195,AUTOROUTE A25,,,Nuit avec éclairage non allumé,Hors agglomération,Hors intersection,Pluie légère,Autre collision,,,,,,,,,,,4,1,1,2,6
200700038312,0007-06-15 07:00:00,7,6,15,7,0,590,350,AUTOROUTE A25,,,Plein jour,Hors agglomération,Hors intersection,Pluie légère,Deux véhicules - arrière,,,,,,,,,,,1,1,1,2,2
200700038313,0007-06-15 10:50:00,7,6,15,10,50,590,343,ROUTE NATIONALE 227,,,Plein jour,Hors agglomération,Hors intersection,Normale,Deux véhicules - côté,,,,,,,,,,,1,1,1,1,3
200700038314,0007-06-15 13:00:00,7,6,15,13,0,590,537,ROUTE DEPARTEMENTALE 652,,,Plein jour,Hors agglomération,Hors intersection,Normale,Sans collision,,,,,,,,,,,1,1,1,1,7
200700038315,0007-06-15 18:15:00,7,6,15,18,15,590,378,ROUTE NATIONALE 356,,,Plein jour,Hors agglomération,Hors intersection,Normale,Deux véhicules - arrière,,,,,,,,,,,1,1,1,1,2
200700038316,0007-06-15 18:50:00,7,6,15,18,50,620,528,AUTOROUTE A21,,,Plein jour,Hors agglomération,Hors intersection,Pluie légère,Trois véhicules et plus - en chaîne,,,,,,,,,,,1,1,1,2,4
200700038317,0007-06-16 20:20:00,7,6,16,20,20,590,9,ROUTE NATIONALE 227,,,Plein jour,Hors agglomération,Hors intersection,Pluie légère,Sans collision,,,,,,,,,,,1,1,1,2,7
200700038318,0007-06-16 20:50:00,7,6,16,20,50,590,350,ROUTE NATIONALE 356,,,Plein jour,Hors agglomération,Hors intersection,Pluie forte,Deux véhicules - arrière,,,,,,,,,,,1,1,1,3,2
200700038319,0007-06-17 04:30:00,7,6,17,4,30,590,646,ROUTE NATIONALE 356,,,Plein jour,Hors agglomération,Hors intersection,Normale,Deux véhicules - arrière,,,,,,,,,,,1,1,1,1,2
200700038320,0007-06-17 06:20:00,7,6,17,6,20,590,646,ROUTE DEPARTEMENTALE 652,,,Plein jour,Hors agglomération,Hors intersection,Normale,Sans collision,,,,,,,,,,,1,1,1,1,7
200700038321,0007-06-17 07:00:00,7,6,17,7,0,590,523,AUTOROUTE A27,,,Plein jour,Hors agglomération,Hors intersection,Normale,Sans collision,,,,,,,,,,,1,1,1,1,7
200700038322,0007-06-17 13:00:00,7,6,17,13,0,620,637,AUTOROUTE A1,,,Plein jour,Hors agglomération,Hors intersection,Normale,Trois véhicules et plus - en chaîne,,,,,,,,,,,1,1,1,1,4
200700038323,0007-06-17 21:10:00,7,6,17,21,10,590,16,ROUTE NATIONALE 225,,,Plein jour,Hors agglomération,Hors intersection,Pluie légère,Autre collision,,,,,,,,,,,1,1,1,2,6
200700038324,0007-06-18 08:00:00,7,6,18,8,0,590,328,ROUTE DEPARTEMENTALE 652,,,Plein jour,Hors agglomération,Hors intersection,Normale,Autre collision,,,,,,,,,,,1,1,1,1,6
200700038325,0007-06-18 17:30:00,7,6,18,17,30,620,239,AUTOROUTE A16,,,Plein jour,Hors agglomération,Hors intersection,Normale,Deux véhicules - côté,,,,,,,,,,,1,1,1,1,3
200700038326,0007-06-19 07:35:00,7,6,19,7,35,620,637,AUTOROUTE A1,,,Plein jour,Hors agglomération,Hors intersection,Normale,Autre collision,,,,,,,,,,,1,1,1,1,6
200700038327,0007-06-19 15:25:00,7,6,19,15,25,590,580,AUTOROUTE A25,,,Plein jour,Hors agglomération,Hors intersection,Pluie légère,Deux véhicules - arrière,,,,,,,,,,,1,1,1,2,2
200700038328,0007-06-19 20:20:00,7,6,19,20,20,590,350,ROUTE NATIONALE 356,,,Plein jour,Hors agglomération,Hors intersection,Normale,Autre collision,,,,,,,,,,,1,1,1,1,6
200700038329,0007-06-20 14:25:00,7,6,20,14,25,590,491,AUTOROUTE A23,,,Plein jour,Hors agglomération,Hors intersection,Normale,Trois véhicules et plus - collisions multiples,,,,,,,,,,,1,1,1,1,5
200700038330,0007-06-21 23:35:00,7,6,21,23,35,590,9,ROUTE NATIONALE 227,,,Nuit sans éclairage public,Hors agglomération,Hors intersection,Normale,Deux véhicules - arrière,,,,,,,,,,,3,1,1,1,2
200700038331,0007-06-22 01:45:00,7,6,22,1,45,590,410,ROUTE NATIONALE 356,,,Nuit avec éclairage allumé,Hors agglomération,Hors intersection,Normale,Autre collision,,,,,,,,,,,5,1,1,1,6
200700038332,0007-06-22 13:55:00,7,6,22,13,55,590,288,AUTOROUTE A2,,,Plein jour,Hors agglomération,Hors intersection,Pluie légère,Autre collision,,,,,,,,,,,1,1,1,2,6
200700038333,0007-06-22 16:20:00,7,6,22,16,20,620,498,AUTOROUTE A21,,,Plein jour,Hors agglomération,Hors intersection,Pluie légère,Trois véhicules et plus - en chaîne,,,,,,,,,,,1,1,1,2,4
200700038334,0007-06-23 14:20:00,7,6,23,14,20,590,378,AUTOROUTE A22,,,Plein jour,Hors agglomération,Hors intersection,Normale,Autre collision,,,,,,,,,,,1,1,1,1,6
200700038335,0007-06-24 19:30:00,7,6,24,19,30,590,646,ROUTE NATIONALE 356,,,Plein jour,Hors agglomération,Hors intersection,Pluie légère,Autre collision,,,,,,,,,,,1,1,1,2,6
200700038336,0007-06-26 07:50:00,7,6,26,7,50,590,350,ROUTE NATIONALE 351,,,Plein jour,Hors agglomération,Hors intersection,Pluie légère,Deux véhicules - côté,,,,,,,,,,,1,1,1,2,3
200700038337,0007-06-26 16:10:00,7,6,26,16,10,590,556,AUTOROUTE A25,,,Plein jour,Hors agglomération,Hors intersection,Normale,Deux véhicules - arrière,,,,,,,,,,,1,1,1,1,2
200700038338,0007-06-27 07:45:00,7,6,27,7,45,590,603,AUTOROUTE A2,,,Plein jour,Hors agglomération,Hors intersection,Normale,Autre collision,,,,,,,,,,,1,1,1,1,6
200700038339,0007-06-27 08:40:00,7,6,27,8,40,590,560,AUTOROUTE A1,,,Plein jour,Hors agglomération,Hors intersection,Normale,Deux véhicules - côté,,,,,,,,,,,1,1,1,1,3
200700038340,0007-06-27 12:10:00,7,6,27,12,10,620,907,AUTOROUTE A1,,,Plein jour,Hors agglomération,Hors intersection,Normale,Autre collision,,,,,,,,,,,1,1,1,1,6
200700038341,0007-06-28 07:00:00,7,6,28,7,0,590,143,AUTOROUTE A25,,,Plein jour,Hors agglomération,Hors intersection,Normale,Trois véhicules et plus - collisions multiples,,,,,,,,,,,1,1,1,1,5
200700038342,0007-06-29 11:20:00,7,6,29,11,20,590,13,AUTOROUTE A27,,,Plein jour,Hors agglomération,Hors intersection,Pluie forte,Autre collision,,,,,,,,,,,1,1,1,3,6
200700038343,0007-06-29 14:40:00,7,6,29,14,40,590,124,AUTOROUTE A27,,,Plein jour,Hors agglomération,Hors intersection,Neige / grêle,Deux véhicules - côté,,,,,,,,,,,1,1,1,4,3
200700038344,0007-06-29 16:45:00,7,6,29,16,45,590,9,ROUTE NATIONALE 227,,,Plein jour,Hors agglomération,Hors intersection,Pluie forte,Autre collision,,,,,,,,,,,1,1,1,3,6
200700038345,0007-06-29 19:00:00,7,6,29,19,0,590,350,AUTOROUTE A25,,,Plein jour,Hors agglomération,Hors intersection,Pluie légère,Trois véhicules et plus - en chaîne,,,,,,,,,,,1,1,1,2,4
200700038346,0007-06-29 21:00:00,7,6,29,21,0,590,343,AUTOROUTE A1,,,Plein jour,Hors agglomération,Hors intersection,Pluie légère,Deux véhicules - frontale,,,,,,,,,,,1,1,1,2,1
200700038347,0007-06-10 18:45:00,7,6,10,18,45,690,383,RUE DE BONNEL,,,Plein jour,En agglomération,Intersection en X,Normale,Deux véhicules - arrière,,,,,,,,,,,1,2,2,1,2
200700038348,0007-06-11 08:10:00,7,6,11,8,10,690,383,"167, AVENUE FELIX FAURE",,,Plein jour,En agglomération,Hors intersection,Normale,Deux véhicules - côté,,,,,,,,,,,1,2,1,1,3
200700038349,0007-06-12 18:10:00,7,6,12,18,10,690,386,"17, RUE DES EMERAUDES",,,Plein jour,En agglomération,Hors intersection,Normale,Autre collision,,,,,,,,,,,1,2,1,1,6
200700038350,0007-06-09 14:30:00,7,6,9,14,30,690,386,RUE MASSENA,,,Plein jour,En agglomération,Intersection en X,Normale,Autre collision,,,,,,,,,,,1,2,2,1,6
200700038351,0007-06-13 09:00:00,7,6,13,9,0,690,386,RUE JEAN BROQUIN,,,Plein jour,En agglomération,Intersection en X,Normale,Deux véhicules - frontale,,,,,,,,,,,1,2,2,1,1
200700038352,0007-06-10 07:35:00,7,6,10,7,35,690,386,COURS FRANKLIN ROOSEVELT,,,Plein jour,En agglomération,Intersection en X,Normale,Autre collision,,,,,,,,,,,1,2,2,1,6
200700038353,0007-06-16 19:15:00,7,6,16,19,15,690,383,"133, AVENUE LACASSAGNE",,,Plein jour,En agglomération,Intersection en T,Normale,Deux véhicules - côté,,,,,,,,,,,1,2,3,1,3
200700038354,0007-06-15 14:25:00,7,6,15,14,25,690,383,"150, AVENUE FELIX FAURE",,,Plein jour,En agglomération,Hors intersection,Normale,Autre collision,,,,,,,,,,,1,2,1,1,6
200700038355,0007-06-18 19:25:00,7,6,18,19,25,690,383,RUE JULIEN,,,Plein jour,En agglomération,Hors intersection,Normale,Autre collision,,,,,,,,,,,1,2,1,1,6
200700038356,0007-06-18 14:25:00,7,6,18,14,25,690,383,RUE LAVOISIER,,,Plein jour,En agglomération,Hors intersection,Normale,Deux véhicules - arrière,,,,,,,,,,,1,2,1,1,2
200700038357,0007-06-20 00:05:00,7,6,20,0,5,690,383,"18, QUAI VICTOR AUGAGNEU",,,Nuit avec éclairage allumé,En agglomération,Hors intersection,Normale,Autre collision,,,,,,,,,,,5,2,1,1,6
200700038358,0007-06-22 10:35:00,7,6,22,10,35,690,383,RUE LOUIS,,,Plein jour,En agglomération,Intersection en X,Normale,Deux véhicules - côté,,,,,,,,,,,1,2,2,1,3
200700038359,0007-06-23 20:30:00,7,6,23,20,30,690,383,AVENUE GEORGES POMPIDOU,,,Plein jour,En agglomération,Intersection en X,Normale,Deux véhicules - côté,,,,,,,,,,,1,2,2,1,3
200700038360,0007-06-17 18:00:00,7,6,17,18,0,690,383,AVENUE GEORGES POMPIDOU,,,Plein jour,En agglomération,Intersection en X,Normale,Deux véhicules - côté,,,,,,,,,,,1,2,2,1,3
200700038361,0007-06-24 09:25:00,7,6,24,9,25,690,383,BOULEVARD MARIUS VIVIER,,,Plein jour,En agglomération,Intersection en X,Normale,Trois véhicules et plus - en chaîne,,,,,,,,,,,1,2,2,1,4
200700038362,0007-06-22 10:10:00,7,6,22,10,10,690,383,"29, COURS RICHARD VITTON",,,Plein jour,En agglomération,Hors intersection,Normale,Deux véhicules - arrière,,,,,,,,,,,1,2,1,1,2
200700038363,0007-06-26 17:40:00,7,6,26,17,40,690,383,"127, RUE PIERRE CORNEILL",,,Plein jour,En agglomération,Hors intersection,Normale,Autre collision,,,,,,,,,,,1,2,1,1,6
200700038364,0007-06-25 18:10:00,7,6,25,18,10,690,383,AVENUE LACASSAGNE,,,Plein jour,En agglomération,Hors intersection,Normale,Autre collision,,,,,,,,,,,1,2,1,1,6
200700038365,0007-06-22 23:30:00,7,6,22,23,30,690,386,AVENUE MARECHAL DE SAXE,,,Nuit avec éclairage allumé,En agglomération,Intersection en X,Normale,Deux véhicules - côté,,,,,,,,,,,5,2,2,1,3
200700038366,0007-06-20 09:45:00,7,6,20,9,45,690,386,RUE CUVIER,,,Plein jour,En agglomération,Intersection en X,Normale,Deux véhicules - côté,,,,,,,,,,,1,2,2,1,3
200700038367,0007-06-28 15:50:00,7,6,28,15,50,690,386,"30, AVENUE MARECHAL DE S",,,Plein jour,En agglomération,Hors intersection,Normale,Deux véhicules - côté,,,,,,,,,,,1,2,1,1,3
200700038368,0007-06-25 09:35:00,7,6,25,9,35,690,383,RUE SERVIENT,,,Plein jour,En agglomération,Hors intersection,Normale,Autre collision,,,,,,,,,,,1,2,1,1,6