accident_id,datetime,annee,mois,jour,heure,minute,departement,commune_insee,adresse,latitude,longitude,luminosite,agglomeration,intersection,meteo,collision,nb_vehicules,nb_usagers,nb_indemnes,nb_tues,nb_blesses_hosp,nb_blesses_legers,age_cond_1,age_cond_2,veh_type_cond_1,veh_type_cond_2,lum_code,agg_code,int_code,atm_code,col_code
200700038503,0007-06-16 21:20:00,7,6,16,21,20,130,5,A501-Sens Aubagne vers P,,,Nuit sans éclairage public,Hors agglomération,Hors intersection,Normale,Sans collision,,,,,,,,,,,3,1,1,1,7
200700038504,0007-06-18 08:18:00,7,6,18,8,18,130,215,A55-Sens Martigues vers,,,Plein jour,Hors agglomération,Hors intersection,Normale,Autre collision,,,,,,,,,,,1,1,1,1,6
200700038505,0007-06-18 16:42:00,7,6,18,16,42,130,106,A7-Sens Marseille vers L,,,Plein jour,Hors agglomération,Hors intersection,Normale,Autre collision,,,,,,,,,,,1,1,1,1,6
200700038506,0007-06-19 23:45:00,7,6,19,23,45,130,5,A50-Sens Marseille vers,,,Nuit sans éclairage public,Hors agglomération,Hors intersection,Normale,Autre collision,,,,,,,,,,,3,1,1,1,6
200700038507,0007-06-21 16:30:00,7,6,21,16,30,130,214,A7-Sens Lyon vers Marsei,,,Plein jour,Hors agglomération,Hors intersection,Normale,Autre collision,,,,,,,,,,,1,1,1,1,6
200700038508,0007-06-22 04:45:00,7,6,22,4,45,130,1,A51-Sens Aix en Provence,,,Nuit sans éclairage public,Hors agglomération,Hors intersection,Normale,Autre collision,,,,,,,,,,,3,1,1,1,6
200700038509,0007-06-22 17:10:00,7,6,22,17,10,130,15,A51-Sens Marseille vers,,,Plein jour,Hors agglomération,Hors intersection,Normale,Deux véhicules - arrière,,,,,,,,,,,1,1,1,1,2
200700038510,0007-06-22 17:10:00,7,6,22,17,10,130,5,A50-Sens Aubagne vers Ma,,,Plein jour,Hors agglomération,Hors intersection,Normale,Deux véhicules - arrière,,,,,,,,,,,1,1,1,1,2
200700038511,0007-06-23 18:35:00,7,6,23,18,35,130,216,A55-Sens Marseille vers,,,Plein jour,Hors agglomération,Hors intersection,Normale,Deux véhicules - frontale,,,,,,,,,,,1,1,1,1,1
200700038512,0007-06-23 22:56:00,7,6,23,22,56,130,214,A7-Sens Lyon vers Marsei,,,Nuit avec éclairage allumé,Hors agglomération,Hors intersection,Normale,Deux véhicules - arrière,,,,,,,,,,,5,1,1,1,2
200700038513,0007-06-24 20:00:00,7,6,24,20,0,130,106,A51-Sens Aix en Provence,,,Plein jour,Hors agglomération,Hors intersection,Normale,Deux véhicules - arrière,,,,,,,,,,,1,1,1,1,2
200700038514,0007-06-25 08:00:00,7,6,25,8,0,130,215,A7-Sens Lyon vers Marsei,,,Plein jour,Hors agglomération,Autre intersection,Normale,Deux véhicules - arrière,,,,,,,,,,,1,1,9,1,2
200700038515,0007-06-28 01:50:00,7,6,28,1,50,130,15,A51-Sens Aix en Provence,,,Nuit sans éclairage public,Hors agglomération,Hors intersection,Normale,Deux véhicules - arrière,,,,,,,,,,,3,1,1,1,2
200700038516,0007-06-28 23:10:00,7,6,28,23,10,130,214,A7-Sens Lyon vers Marsei,,,Nuit avec éclairage non allumé,Hors agglomération,Hors intersection,Normale,Deux véhicules - arrière,,,,,,,,,,,4,1,1,1,2
200700038517,0007-06-29 19:00:00,7,6,29,19,0,130,106,A7-Sens Lyon vers Marsei,,,Plein jour,Hors agglomération,Hors intersection,Normale,Deux véhicules - côté,,,,,,,,,,,1,1,1,1,3
200700038518,0007-06-29 18:50:00,7,6,29,18,50,130,211,A50-Sens Aubagne vers Ma,,,Plein jour,Hors agglomération,Hors intersection,Normale,Autre collision,,,,,,,,,,,1,1,1,1,6
200700038519,0007-06-30 13:35:00,7,6,30,13,35,130,15,A51-Sens Aix en Provence,,,Plein jour,Hors agglomération,Hors intersection,Normale,Sans collision,,,,,,,,,,,1,1,1,1,7
200700038520,0007-06-08 08:55:00,7,6,8,8,55,750,101,QUAI DES TUILERIES,,,Plein jour,En agglomération,Hors intersection,Normale,Deux véhicules - côté,,,,,,,,,,,1,2,1,1,3
200700038521,0007-06-08 14:55:00,7,6,8,14,55,750,101,"19, RUE DU LOUVRE",,,Plein jour,En agglomération,Hors intersection,Normale,Autre collision,,,,,,,,,,,1,2,1,1,6
200700038522,0007-06-08 15:25:00,7,6,8,15,25,750,101,"0, PONT NEUF",,,Plein jour,En agglomération,Hors intersection,Normale,Deux véhicules - côté,,,,,,,,,,,1,2,1,1,3
200700038523,0007-06-12 10:50:00,7,6,12,10,50,750,101,"01, RUE DU ROULE",,,Plein jour,En agglomération,Hors intersection,Normale,Deux véhicules - côté,,,,,,,,,,,1,2,1,1,3
200700038524,0007-06-13 18:15:00,7,6,13,18,15,750,101,PLACE DU PONT NEUF,,,Plein jour,En agglomération,Intersection en Y,Normale,Deux véhicules - côté,,,,,,,,,,,1,2,4,1,3
200700038525,0007-06-15 17:00:00,7,6,15,17,0,750,101,", QUAI DES TUILERIES",,,Plein jour,En agglomération,Intersection en X,Temps couvert,Deux véhicules - côté,,,,,,,,,,,1,2,2,8,3
200700038526,0007-06-16 02:40:00,7,6,16,2,40,750,101,"1, BOULEVARD DE SEBASTOP",,,Nuit avec éclairage allumé,En agglomération,Intersection en X,Normale,Deux véhicules - côté,,,,,,,,,,,5,2,2,1,3
200700038527,0007-06-18 15:00:00,7,6,18,15,0,750,101,"400, RUE SAINT HONORE",,,Plein jour,En agglomération,Hors intersection,Normale,Autre collision,,,,,,,,,,,1,2,1,1,6
200700038528,0007-06-19 17:00:00,7,6,19,17,0,750,101,"51, RUE SAINT HONORE",,,Plein jour,En agglomération,Autre intersection,Normale,Autre collision,,,,,,,,,,,1,2,9,1,6
200700038529,0007-06-22 16:25:00,7,6,22,16,25,750,101,PLACE VENDOME,,,Plein jour,En agglomération,Hors intersection,Pluie légère,Autre collision,,,,,,,,,,,1,2,1,2,6
200700038530,0007-06-23 11:30:00,7,6,23,11,30,750,101,"1, QUAI DU LOUVRE",,,Plein jour,En agglomération,Intersection en X,Temps couvert,Deux véhicules - côté,,,,,,,,,,,1,2,2,8,3
200700038531,0007-06-28 16:00:00,7,6,28,16,0,750,101,"35, RUE ETIENNE MARCEL",,,Plein jour,En agglomération,Hors intersection,Normale,Autre collision,,,,,,,,,,,1,2,1,1,6
200700038532,0007-06-29 18:35:00,7,6,29,18,35,750,101,RUE DE RIVOLI,,,Plein jour,En agglomération,Autre intersection,Normale,Deux véhicules - arrière,,,,,,,,,,,1,2,9,1,2
200700038533,0007-06-29 18:30:00,7,6,29,18,30,750,101,"28, RUE SAINTE ANNE",,,Plein jour,En agglomération,Hors intersection,Normale,Autre collision,,,,,,,,,,,1,2,1,1,6
200700038534,0007-06-30 01:55:00,7,6,30,1,55,750,108,"sans, PLACE DE LA CONCOR",,,Nuit avec éclairage allumé,En agglomération,Intersection à plus de 4 branches,Pluie légère,Deux véhicules - côté,,,,,,,,,,,5,2,5,2,3
200700038535,0007-06-29 19:00:00,7,6,29,19,0,750,101,SOUTERRAIN TRANSIT HALLE,,,Nuit avec éclairage allumé,En agglomération,Hors intersection,Normale,Autre collision,,,,,,,,,,,5,2,1,1,6
200700038536,0007-06-08 11:10:00,7,6,8,11,10,750,102,"18, RUE SAINT FIACRE",,,Plein jour,En agglomération,Hors intersection,Normale,Autre collision,,,,,,,,,,,1,2,1,1,6
200700038537,0007-06-09 07:15:00,7,6,9,7,15,750,102,"35, BOULEVARD DES CAPUCI",,,Plein jour,En agglomération,Hors intersection,Normale,Deux véhicules - côté,,,,,,,,,,,1,2,1,1,3
200700038538,0007-06-12 11:05:00,7,6,12,11,5,750,102,"24, RUE DE TURBIGO",,,Plein jour,En agglomération,Intersection à plus de 4 branches,Temps couvert,Autre collision,,,,,,,,,,,1,2,5,8,6
200700038539,0007-06-20 13:40:00,7,6,20,13,40,750,102,"31, RUE VIVIENNE",,,Plein jour,En agglomération,Hors intersection,Normale,Autre collision,,,,,,,,,,,1,2,1,1,6
200700038540,0007-06-20 18:30:00,7,6,20,18,30,750,102,"04, PLACE DE L OPERA",,,Plein jour,En agglomération,Place,Normale,Deux véhicules - côté,,,,,,,,,,,1,2,7,1,3
200700038541,0007-06-23 16:50:00,7,6,23,16,50,750,102,BOULEVARD MONTMARTRE,,,Plein jour,En agglomération,Intersection en X,Normale,Sans collision,,,,,,,,,,,1,2,2,1,7
200700038542,0007-06-25 06:08:00,7,6,25,6,8,750,102,"21, BOULEVARD MONTMARTRE",,,Crépuscule ou aube,En agglomération,Hors intersection,Pluie légère,Autre collision,,,,,,,,,,,2,2,1,2,6
200700038543,0007-06-25 14:55:00,7,6,25,14,55,750,102,"53, RUE REAUMUR",,,Plein jour,En agglomération,Intersection en X,Normale,Deux véhicules - côté,,,,,,,,,,,1,2,2,1,3
200700038544,0007-06-26 11:50:00,7,6,26,11,50,750,102,"95, BOULEVARD DE SEBASTO",,,Plein jour,En agglomération,Intersection en X,Normale,Autre collision,,,,,,,,,,,1,2,2,1,6
200700038545,0007-06-28 14:25:00,7,6,28,14,25,750,102,"75, BOULEVARD DE SEBASTO",,,Plein jour,En agglomération,Hors intersection,Normale,Deux véhicules - côté,,,,,,,,,,,1,2,1,1,3
200700038546,0007-06-29 23:30:00,7,6,29,23,30,750,104,"5, PLACE DE L HOTEL DE V",,,Nuit avec éclairage allumé,En agglomération,Place,Pluie forte,Deux véhicules - côté,,,,,,,,,,,5,2,7,3,3
200700038547,0007-06-07 23:10:00,7,6,7,23,10,750,103,"41, RUE REAUMUR",,,Nuit avec éclairage allumé,En agglomération,Intersection en X,Normale,Autre collision,,,,,,,,,,,5,2,2,1,6
200700038548,0007-06-08 10:30:00,7,6,8,10,30,750,103,"339, RUE SAINT MARTIN",,,Plein jour,En agglomération,Intersection en X,Temps couvert,Autre collision,,,,,,,,,,,1,2,2,8,6
200700038549,0007-06-10 21:05:00,7,6,10,21,5,750,103,"84, RUE DU TEMPLE",,,Crépuscule ou aube,En agglomération,Intersection en X,Normale,Deux véhicules - côté,,,,,,,,,,,2,2,2,1,3
200700038550,0007-06-11 13:50:00,7,6,11,13,50,750,103,RUE DE SAINTONGE,,,Plein jour,En agglomération,Intersection en X,Normale,Deux véhicules - côté,,,,,,,,,,,1,2,2,1,3
200700038551,0007-06-11 20:20:00,7,6,11,20,20,750,103,"42, BOULEVARD DE SEBASTO",,,Plein jour,En agglomération,Hors intersection,Normale,Autre collision,,,,,,,,,,,1,2,1,1,6
200700038552,0007-06-14 11:50:00,7,6,14,11,50,750,103,"57, RUE DES ARCHIVES",,,Plein jour,En agglomération,Hors intersection,Pluie légère,Sans collision,,,,,,,,,,,1,2,1,2,7
200700038553,0007-06-14 16:45:00,7,6,14,16,45,750,103,"37, BOULEVARD BEAUMARCHA",,,Plein jour,En agglomération,Hors intersection,Normale,Deux véhicules - arrière,,,,,,,,,,,1,2,1,1,2
200700038554,0007-06-16 11:00:00,7,6,16,11,0,750,103,"82, RUE DE TURENNE",,,Plein jour,En agglomération,Hors intersection,Pluie légère,Autre collision,,,,,,,,,,,1,2,1,2,6
200700038555,0007-06-16 19:40:00,7,6,16,19,40,750,103,"4, RUE DE BRETAGNE",,,Plein jour,En agglomération,Hors intersection,Pluie légère,Trois véhicules et plus - en chaîne,,,,,,,,,,,1,2,1,2,4
200700038556,0007-06-19 08:00:00,7,6,19,8,0,750,103,"22, RUE BEAUBOURG",,,Crépuscule ou aube,En agglomération,Hors intersection,Normale,Deux véhicules - côté,,,,,,,,,,,2,2,1,1,3
200700038557,0007-06-19 10:20:00,7,6,19,10,20,750,103,"122, RUE DE TURENNE",,,Plein jour,En agglomération,Intersection en X,Normale,Deux véhicules - côté,,,,,,,,,,,1,2,2,1,3
200700038558,0007-06-19 16:25:00,7,6,19,16,25,750,103,"65, RUE DE TURENNE",,,Plein jour,En agglomération,Hors intersection,Normale,Autre collision,,,,,,,,,,,1,2,1,1,6
200700038559,0007-06-20 10:10:00,7,6,20,10,10,750,103,"66, BOULEVARD DE SEBASTO",,,Plein jour,En agglomération,Hors intersection,Normale,Deux véhicules - arrière,,,,,,,,,,,1,2,1,1,2
200700038560,0007-06-22 15:10:00,7,6,22,15,10,750,103,"62, RUE REAUMUR",,,Plein jour,En agglomération,Intersection en X,Normale,Deux véhicules - côté,,,,,,,,,,,1,2,2,1,3
200700038561,0007-06-24 15:55:00,7,6,24,15,55,750,103,"292, RUE SAINT MARTIN",,,Plein jour,En agglomération,Hors intersection,Normale,Deux véhicules - côté,,,,,,,,,,,1,2,1,1,3
200700038562,0007-06-26 12:55:00,7,6,26,12,55,750,103,"5, BOULEVARD DES FILLES",,,Plein jour,En agglomération,Hors intersection,Temps couvert,Sans collision,,,,,,,,,,,1,2,1,8,7
200700038563,0007-06-26 16:36:00,7,6,26,16,36,750,103,"110, BOULEVARD DE SEBAST",,,Plein jour,En agglomération,Hors intersection,Normale,Deux véhicules - arrière,,,,,,,,,,,1,2,1,1,2
200700038564,0007-06-27 15:15:00,7,6,27,15,15,750,103,"89, RUE DE TURBIGO",,,Plein jour,En agglomération,Hors intersection,Normale,Deux véhicules - côté,,,,,,,,,,,1,2,1,1,3
200700038565,0007-06-27 18:45:00,7,6,27,18,45,750,103,"76, RUE DES ARCHIVES",,,Plein jour,En agglomération,Intersection en X,Normale,Deux véhicules - côté,,,,,,,,,,,1,2,2,1,3
200700038566,0007-06-27 21:10:00,7,6,27,21,10,750,103,"15, PLACE DE LA REPUBLIQ",,,Plein jour,En agglomération,Intersection en X,Normale,Deux véhicules - côté,,,,,,,,,,,1,2,2,1,3
200700038567,0007-06-29 18:00:00,7,6,29,18,0,750,103,"15, PLACE DE LA REPUBLIQ",,,Plein jour,En agglomération,Place,Temps couvert,Trois véhicules et plus - en chaîne,,,,,,,,,,,1,2,7,8,4
200700038568,0007-06-29 20:30:00,7,6,29,20,30,750,103,"164, RUE DU TEMPLE",,,Plein jour,En agglomération,Hors intersection,Pluie légère,Deux véhicules - côté,,,,,,,,,,,1,2,1,2,3
200700038569,0007-06-30 15:55:00,7,6,30,15,55,750,103,"14, RUE CHARLOT",,,Plein jour,En agglomération,Intersection en X,Normale,Deux véhicules - côté,,,,,,,,,,,1,2,2,1,3
200700038570,0007-06-08 10:30:00,7,6,8,10,30,750,104,"04, QUAI DES CELESTINS",,,Plein jour,En agglomération,Hors intersection,Normale,Autre collision,,,,,,,,,,,1,2,1,1,6
200700038571,0007-06-11 11:45:00,7,6,11,11,45,750,104,"05, BOULEVARD DE SEBASTO",,,Plein jour,En agglomération,Hors intersection,Temps couvert,Deux véhicules - arrière,,,,,,,,,,,1,2,1,8,2
200700038572,0007-06-11 12:27:00,7,6,11,12,27,750,104,"36, BOULEVARD DE SEBASTO",,,Plein jour,En agglomération,Hors intersection,Normale,Deux véhicules - côté,,,,,,,,,,,1,2,1,1,3
200700038573,0007-06-12 08:10:00,7,6,12,8,10,750,104,"96, RUE DE RIVOLI",,,Plein jour,En agglomération,Hors intersection,Temps couvert,Autre collision,,,,,,,,,,,1,2,1,8,6
200700038574,0007-06-12 17:10:00,7,6,12,17,10,750,104,"5, PLACE DE LA BASTILLE",,,Plein jour,En agglomération,Giratoire,Normale,Sans collision,,,,,,,,,,,1,2,6,1,7
200700038575,0007-06-13 19:50:00,7,6,13,19,50,750,104,"80, RUE SAINT ANTOINE",,,Plein jour,En agglomération,Hors intersection,Normale,Autre collision,,,,,,,,,,,1,2,1,1,6
200700038576,0007-06-14 12:55:00,7,6,14,12,55,750,104,RUE CRILLON,,,Plein jour,En agglomération,Intersection en X,Pluie légère,Deux véhicules - côté,,,,,,,,,,,1,2,2,2,3
200700038577,0007-06-15 08:35:00,7,6,15,8,35,750,104,VOIE GEORGES POMPIDOU,,,Plein jour,En agglomération,Hors intersection,Normale,Sans collision,,,,,,,,,,,1,2,1,1,7
200700038578,0007-06-15 10:47:00,7,6,15,10,47,750,104,"01, RUE FERDINAND DUVAL",,,Plein jour,En agglomération,Intersection en X,Normale,Sans collision,,,,,,,,,,,1,2,2,1,7
200700038579,0007-06-16 23:15:00,7,6,16,23,15,750,104,"03, PLACE DE LA BASTILLE",,,Nuit avec éclairage allumé,En agglomération,Place,Normale,Deux véhicules - côté,,,,,,,,,,,5,2,7,1,3
200700038580,0007-06-17 02:10:00,7,6,17,2,10,750,104,RUE DE L ARSENAL,,,Nuit avec éclairage allumé,En agglomération,Intersection en T,Normale,Autre collision,,,,,,,,,,,5,2,3,1,6
200700038581,0007-06-17 10:25:00,7,6,17,10,25,750,104,"6, RUE DU BOURG TIBOURG",,,Plein jour,En agglomération,Hors intersection,Normale,Autre collision,,,,,,,,,,,1,2,1,1,6
200700038582,0007-06-18 15:55:00,7,6,18,15,55,750,104,"11, RUE DU FIGUIER",,,Plein jour,En agglomération,Hors intersection,Normale,Autre collision,,,,,,,,,,,1,2,1,1,6
200700038583,0007-06-18 19:00:00,7,6,18,19,0,750,104,"32, QUAI D ORLEANS",,,Plein jour,En agglomération,Hors intersection,Normale,Sans collision,,,,,,,,,,,1,2,1,1,7
200700038584,0007-06-19 08:30:00,7,6,19,8,30,750,104,"10, AVENUE VICTORIA",,,Plein jour,En agglomération,Intersection en X,Normale,Deux véhicules - arrière,,,,,,,,,,,1,2,2,1,2
200700038585,0007-06-19 20:20:00,7,6,19,20,20,750,104,PONT DE SULLY,,,Crépuscule ou aube,En agglomération,Hors intersection,Pluie forte,Sans collision,,,,,,,,,,,2,2,1,3,7
200700038586,0007-06-20 06:50:00,7,6,20,6,50,750,104,"74, RUE DE RIVOLI",,,Plein jour,En agglomération,Intersection en X,Normale,Deux véhicules - côté,,,,,,,,,,,1,2,2,1,3
200700038587,0007-06-20 09:00:00,7,6,20,9,0,750,104,"5 BIS, BOULEVARD MORLAND",,,Plein jour,En agglomération,Hors intersection,Normale,Autre collision,,,,,,,,,,,1,2,1,1,6
200700038588,0007-06-21 22:00:00,7,6,21,22,0,750,101,"104, RUE DE RIVOLI",,,Nuit avec éclairage allumé,En agglomération,Hors intersection,Normale,Trois véhicules et plus - collisions multiples,,,,,,,,,,,5,2,1,1,5
200700038589,0007-06-21 23:30:00,7,6,21,23,30,750,104,"3, RUE DU PAS DE LA MULE",,,Nuit sans éclairage public,En agglomération,Hors intersection,Normale,Autre collision,,,,,,,,,,,3,2,1,1,6
200700038590,0007-06-22 14:40:00,7,6,22,14,40,750,104,"17, AVENUE VICTORIA",,,Plein jour,En agglomération,Hors intersection,Pluie légère,Sans collision,,,,,,,,,,,1,2,1,2,7
200700038591,0007-06-22 14:45:00,7,6,22,14,45,750,104,"90, RUE DE RIVOLI",,,Plein jour,En agglomération,Hors intersection,Pluie légère,Autre collision,,,,,,,,,,,1,2,1,2,6
200700038592,0007-06-22 20:20:00,7,6,22,20,20,750,104,QUAI DE L HOTEL DE VILLE,,,Plein jour,En agglomération,Hors intersection,Pluie légère,Deux véhicules - côté,,,,,,,,,,,1,2,1,2,3
200700038593,0007-06-23 12:25:00,7,6,23,12,25,750,104,"90, RUE DE RIVOLI",,,Plein jour,En agglomération,Hors intersection,Normale,Deux véhicules - arrière,,,,,,,,,,,1,2,1,1,2
200700038594,0007-06-25 17:50:00,7,6,25,17,50,750,104,"42, QUAI DES CELESTINS",,,Plein jour,En agglomération,Hors intersection,Normale,Deux véhicules - côté,,,,,,,,,,,1,2,1,1,3
200700038595,0007-06-25 19:30:00,7,6,25,19,30,750,104,"2, QUAI DES CELESTINS",,,Plein jour,En agglomération,Hors intersection,Pluie légère,Deux véhicules - arrière,,,,,,,,,,,1,2,1,2,2
200700038596,0007-06-27 10:25:00,7,6,27,10,25,750,104,"60, RUE SAINT ANTOINE",,,Plein jour,En agglomération,Hors intersection,Normale,Deux véhicules - arrière,,,,,,,,,,,1,2,1,1,2
200700038597,0007-06-28 09:45:00,7,6,28,9,45,750,104,PLACE DE LA BASTILLE,,,Plein jour,En agglomération,Place,Normale,Sans collision,,,,,,,,,,,1,2,7,1,7
200700038598,0007-06-12 00:20:00,7,6,12,0,20,750,104,"38, QUAI DES CELESTINS",,,Nuit avec éclairage allumé,En agglomération,Intersection en X,Temps couvert,Deux véhicules - côté,,,,,,,,,,,5,2,2,8,3
200700038599,0007-06-15 17:50:00,7,6,15,17,50,750,105,"07, QUAI SAINT BERNARD",,,Plein jour,En agglomération,Hors intersection,Normale,Autre collision,,,,,,,,,,,1,2,1,1,6
200700038600,0007-06-15 20:00:00,7,6,15,20,0,750,105,PLACE DU PANTHEON,,,Plein jour,En agglomération,Hors intersection,Temps couvert,Deux véhicules - arrière,,,,,,,,,,,1,2,1,8,2
200700038601,0007-06-16 13:30:00,7,6,16,13,30,750,105,"40, BOULEVARD DE L HOPIT",,,Plein jour,En agglomération,Intersection en Y,Normale,Deux véhicules - côté,,,,,,,,,,,1,2,4,1,3
200700038602,0007-06-16 18:05:00,7,6,16,18,5,750,105,"23, QUAI SAINT BERNARD",,,Plein jour,En agglomération,Hors intersection,Pluie légère,Sans collision,,,,,,,,,,,1,2,1,2,7
200700038603,0007-06-17 20:04:00,7,6,17,20,4,750,105,"14, BOULEVARD SAINT MICH",,,Plein jour,En agglomération,Hors intersection,Pluie légère,Sans collision,,,,,,,,,,,1,2,1,2,7
200700038604,0007-06-18 16:45:00,7,6,18,16,45,750,105,QUAI SAINT BERNARD,,,Plein jour,En agglomération,Hors intersection,Normale,Sans collision,,,,,,,,,,,1,2,1,1,7
200700038605,0007-06-18 17:10:00,7,6,18,17,10,750,105,BOULEVARD SAINT MARCEL,,,Plein jour,En agglomération,Hors intersection,Normale,Sans collision,,,,,,,,,,,1,2,1,1,7
200700038606,0007-06-19 17:25:00,7,6,19,17,25,750,105,BOULEVARD SAINT MICHEL,,,Plein jour,En agglomération,Intersection en X,Normale,Deux véhicules - côté,,,,,,,,,,,1,2,2,1,3
200700038607,0007-06-20 14:15:00,7,6,20,14,15,750,105,"25, BOULEVARD SAINT MICH",,,Plein jour,En agglomération,Hors intersection,Normale,Deux véhicules - arrière,,,,,,,,,,,1,2,1,1,2
200700038608,0007-06-21 10:09:00,7,6,21,10,9,750,105,PLACE PAUL PAINLEVE,,,Plein jour,En agglomération,Hors intersection,Normale,Sans collision,,,,,,,,,,,1,2,1,1,7
200700038609,0007-06-21 16:33:00,7,6,21,16,33,750,105,RUE SOUFFLOT,,,Plein jour,En agglomération,Hors intersection,Normale,Deux véhicules - côté,,,,,,,,,,,1,2,1,1,3
200700038610,0007-06-23 17:40:00,7,6,23,17,40,750,105,BOULEVARD DE L HOPITAL,,,Plein jour,En agglomération,Hors intersection,Normale,Trois véhicules et plus - collisions multiples,,,,,,,,,,,1,2,1,1,5
200700038611,0007-06-26 13:18:00,7,6,26,13,18,750,105,AVENUE DES GOBELINS,,,Plein jour,En agglomération,Hors intersection,Normale,Sans collision,,,,,,,,,,,1,2,1,1,7
200700038612,0007-06-27 14:40:00,7,6,27,14,40,750,105,"13, RUE DES ECOLES",,,Plein jour,En agglomération,Hors intersection,Normale,Autre collision,,,,,,,,,,,1,2,1,1,6
200700038613,0007-06-28 12:10:00,7,6,28,12,10,750,105,RUE GAY LUSSAC,,,Plein jour,En agglomération,Intersection en X,Normale,Deux véhicules - côté,,,,,,,,,,,1,2,2,1,3
200700038614,0007-06-28 15:50:00,7,6,28,15,50,750,105,"60, RUE DES ECOLES",,,Plein jour,En agglomération,Hors intersection,Normale,Autre collision,,,,,,,,,,,1,2,1,1,6
200700038615,0007-06-30 12:40:00,7,6,30,12,40,750,105,BOULEVARD DE L HOPITAL,,,Plein jour,En agglomération,Hors intersection,Normale,Deux véhicules - arrière,,,,,,,,,,,1,2,1,1,2
200700038616,0007-06-30 16:37:00,7,6,30,16,37,750,105,RUE DES ECOLES,,,Plein jour,En agglomération,Intersection en T,Normale,Deux véhicules - côté,,,,,,,,,,,1,2,3,1,3
200700038617,0007-06-30 18:55:00,7,6,30,18,55,750,105,"39, RUE HENRI BARBUSSE",,,Plein jour,En agglomération,Hors intersection,Temps couvert,Autre collision,,,,,,,,,,,1,2,1,8,6
200700038618,0007-06-09 00:40:00,7,6,9,0,40,750,114,PLACE DE CATALOGNE,,,Nuit avec éclairage allumé,En agglomération,Hors intersection,Temps couvert,Deux véhicules - arrière,,,,,,,,,,,5,2,1,8,2
200700038619,0007-06-12 19:27:00,7,6,12,19,27,750,106,"103, BOULEVARD DU MONTPA",,,Plein jour,En agglomération,Intersection en X,Normale,Autre collision,,,,,,,,,,,1,2,2,1,6
200700038620,0007-06-15 16:20:00,7,6,15,16,20,750,106,BOULEVARD SAINT GERMAIN,,,Plein jour,En agglomération,Intersection en T,Normale,Autre collision,,,,,,,,,,,1,2,3,1,6
200700038621,0007-06-16 02:59:00,7,6,16,2,59,750,106,"3, PLACE SAINT GERMAIN D",,,Nuit avec éclairage allumé,En agglomération,Hors intersection,Normale,Deux véhicules - côté,,,,,,,,,,,5,2,1,1,3
200700038622,0007-06-16 11:35:00,7,6,16,11,35,750,106,"0, RUE D ASSAS",,,Plein jour,En agglomération,Autre intersection,Normale,Sans collision,,,,,,,,,,,1,2,9,1,7
200700038623,0007-06-18 15:20:00,7,6,18,15,20,750,106,"87, RUE DE VAUGIRARD",,,Plein jour,En agglomération,Hors intersection,Normale,Deux véhicules - côté,,,,,,,,,,,1,2,1,1,3
200700038624,0007-06-18 17:00:00,7,6,18,17,0,750,105,"105, BOULEVARD SAINT MIC",,,Plein jour,En agglomération,Hors intersection,Normale,Autre collision,,,,,,,,,,,1,2,1,1,6
200700038625,0007-06-19 09:30:00,7,6,19,9,30,750,106,"20, BOULEVARD SAINT MICH",,,Plein jour,En agglomération,Intersection en T,Normale,Deux véhicules - côté,,,,,,,,,,,1,2,3,1,3
200700038626,0007-06-20 14:10:00,7,6,20,14,10,750,106,"77, BOULEVARD SAINT GERM",,,Plein jour,En agglomération,Intersection en T,Normale,Deux véhicules - côté,,,,,,,,,,,1,2,3,1,3
200700038627,0007-06-20 23:00:00,7,6,20,23,0,750,106,RUE DE VAUGIRARD,,,Nuit avec éclairage allumé,En agglomération,Intersection en X,Normale,Autre collision,,,,,,,,,,,5,2,2,1,6
200700038628,0007-06-21 15:00:00,7,6,21,15,0,750,106,"125, RUE DE RENNES",,,Plein jour,En agglomération,Intersection en Y,Normale,Autre collision,,,,,,,,,,,1,2,4,1,6
200700038629,0007-06-21 19:00:00,7,6,21,19,0,750,106,BOULEVARD SAINT MICHEL,,,Plein jour,En agglomération,Hors intersection,Normale,Autre collision,,,,,,,,,,,1,2,1,1,6
200700038630,0007-06-23 19:00:00,7,6,23,19,0,750,106,"46, RUE MONSIEUR LE PRIN",,,Plein jour,En agglomération,Hors intersection,Normale,Deux véhicules - arrière,,,,,,,,,,,1,2,1,1,2
200700038631,0007-06-24 17:45:00,7,6,24,17,45,750,106,"147, BOULEVARD SAINT GER",,,Plein jour,En agglomération,Intersection à plus de 4 branches,Normale,Deux véhicules - côté,,,,,,,,,,,1,2,5,1,3
200700038632,0007-06-25 13:15:00,7,6,25,13,15,750,106,"2, PLACE SAINT MICHEL",,,Plein jour,En agglomération,Hors intersection,Normale,Deux véhicules - arrière,,,,,,,,,,,1,2,1,1,2
200700038633,0007-06-25 17:20:00,7,6,25,17,20,750,106,RUE VAVIN,,,Plein jour,En agglomération,Intersection en T,Normale,Autre collision,,,,,,,,,,,1,2,3,1,6
200700038634,0007-06-26 12:05:00,7,6,26,12,5,750,106,PLACE DU DIX HUIT JUIN 1,,,Plein jour,En agglomération,Place,Temps couvert,Sans collision,,,,,,,,,,,1,2,7,8,7
200700038635,0007-06-02 19:20:00,7,6,2,19,20,750,107,"250 BIS, BOULEVARD SAINT",,,Plein jour,En agglomération,Hors intersection,Normale,Autre collision,,,,,,,,,,,1,2,1,1,6