accident_id,datetime,annee,mois,jour,heure,minute,departement,commune_insee,adresse,latitude,longitude,luminosite,agglomeration,intersection,meteo,collision,nb_vehicules,nb_usagers,nb_indemnes,nb_tues,nb_blesses_hosp,nb_blesses_legers,age_cond_1,age_cond_2,veh_type_cond_1,veh_type_cond_2,lum_code,agg_code,int_code,atm_code,col_code
200700038636,0007-06-04 22:40:00,7,6,4,22,40,750,107,"7579, PORT DES INVALIDES",,,Nuit avec éclairage allumé,En agglomération,Hors intersection,Normale,Sans collision,,,,,,,,,,,5,2,1,1,7
200700038637,0007-06-05 21:23:00,7,6,5,21,23,750,107,AVENUE DU MARECHAL GALLI,,,Plein jour,En agglomération,Hors intersection,Normale,Sans collision,,,,,,,,,,,1,2,1,1,7
200700038638,0007-06-06 13:45:00,7,6,6,13,45,750,115,"16, BOULEVARD PASTEUR",,,Plein jour,En agglomération,Hors intersection,Normale,Deux véhicules - arrière,,,,,,,,,,,1,2,1,1,2
200700038639,0007-06-06 19:00:00,7,6,6,19,0,750,107,RUE DE SOLFERINO,,,Plein jour,En agglomération,Intersection en X,Normale,Deux véhicules - côté,,,,,,,,,,,1,2,2,1,3
200700038640,0007-06-07 08:55:00,7,6,7,8,55,750,107,"39, BOULEVARD RASPAIL",,,Plein jour,En agglomération,Intersection en T,Normale,Deux véhicules - côté,,,,,,,,,,,1,2,3,1,3
200700038641,0007-06-09 22:05:00,7,6,9,22,5,750,107,"feu 19956, AVENUE JOSEPH",,,Nuit avec éclairage allumé,En agglomération,Hors intersection,Normale,Autre collision,,,,,,,,,,,5,2,1,1,6
200700038642,0007-06-10 11:45:00,7,6,10,11,45,750,107,"39, AVENUE DE SUFFREN",,,Plein jour,En agglomération,Hors intersection,Normale,Autre collision,,,,,,,,,,,1,2,1,1,6
200700038643,0007-06-11 21:20:00,7,6,11,21,20,750,107,"30, AVENUE DE LA MOTTE P",,,Nuit avec éclairage allumé,En agglomération,Hors intersection,Pluie forte,Deux véhicules - côté,,,,,,,,,,,5,2,1,3,3
200700038644,0007-06-14 15:30:00,7,6,14,15,30,750,107,"28, RUE DU BAC",,,Plein jour,En agglomération,Intersection en X,Normale,Deux véhicules - côté,,,,,,,,,,,1,2,2,1,3
200700038645,0007-06-14 17:40:00,7,6,14,17,40,750,107,"12, RUE DE BABYLONE",,,Plein jour,En agglomération,Hors intersection,Normale,Autre collision,,,,,,,,,,,1,2,1,1,6
200700038646,0007-06-17 11:55:00,7,6,17,11,55,750,107,"288, BOULEVARD SAINT GER",,,Plein jour,En agglomération,Intersection en T,Normale,Autre collision,,,,,,,,,,,1,2,3,1,6
200700038647,0007-06-18 21:25:00,7,6,18,21,25,750,107,PORT DE LA BOURDONNAIS,,,Plein jour,En agglomération,Hors intersection,Normale,Sans collision,,,,,,,,,,,1,2,1,1,7
200700038648,0007-06-19 14:40:00,7,6,19,14,40,750,107,"1, QUAI ANATOLE FRANCE",,,Plein jour,En agglomération,Intersection en X,Normale,Deux véhicules - côté,,,,,,,,,,,1,2,2,1,3
200700038649,0007-06-19 21:15:00,7,6,19,21,15,750,107,AVENUE DU MARECHAL GALLI,,,Crépuscule ou aube,En agglomération,Hors intersection,Pluie forte,Sans collision,,,,,,,,,,,2,2,1,3,7
200700038650,0007-06-20 12:25:00,7,6,20,12,25,750,107,AVENUE DE LA MOTTE PICQU,,,Plein jour,En agglomération,Hors intersection,Normale,Sans collision,,,,,,,,,,,1,2,1,1,7
200700038651,0007-06-22 00:10:00,7,6,22,0,10,750,107,"266, BOULEVARD SAINT GER",,,Nuit avec éclairage allumé,En agglomération,Hors intersection,Normale,Autre collision,,,,,,,,,,,5,2,1,1,6
200700038652,0007-06-26 01:30:00,7,6,26,1,30,750,115,"63, RUE DE L ABBE GROULT",,,Nuit avec éclairage allumé,En agglomération,Intersection en X,Pluie forte,Autre collision,,,,,,,,,,,5,2,2,3,6
200700038653,0007-06-26 06:45:00,7,6,26,6,45,750,107,"35, QUAI VOLTAIRE",,,Plein jour,En agglomération,Hors intersection,Pluie légère,Deux véhicules - frontale,,,,,,,,,,,1,2,1,2,1
200700038654,0007-06-27 11:50:00,7,6,27,11,50,750,107,"60, RUE SAINT DOMINIQUE",,,Plein jour,En agglomération,Hors intersection,Normale,Autre collision,,,,,,,,,,,1,2,1,1,6
200700038655,0007-06-27 22:50:00,7,6,27,22,50,750,107,"181, BOULEVARD SAINT GER",,,Nuit avec éclairage allumé,En agglomération,Hors intersection,Normale,Sans collision,,,,,,,,,,,5,2,1,1,7
200700038656,0007-06-29 11:40:00,7,6,29,11,40,750,107,"1, AVENUE DE LA BOURDONN",,,Plein jour,En agglomération,Intersection en T,Normale,Autre collision,,,,,,,,,,,1,2,3,1,6
200700038657,0007-06-30 16:55:00,7,6,30,16,55,750,107,AVENUE DU MARECHAL GALLI,,,Plein jour,En agglomération,Intersection en X,Normale,Deux véhicules - côté,,,,,,,,,,,1,2,2,1,3
200700038658,0007-06-30 19:25:00,7,6,30,19,25,750,107,"33, AVENUE RAPP",,,Plein jour,En agglomération,Hors intersection,Normale,Autre collision,,,,,,,,,,,1,2,1,1,6
200700038659,0007-06-01 19:20:00,7,6,1,19,20,750,108,RUE ROYALE,,,Plein jour,En agglomération,Place,Temps couvert,Sans collision,,,,,,,,,,,1,2,7,8,7
200700038660,0007-06-01 17:45:00,7,6,1,17,45,750,108,"79, AVENUE DES CHAMPS EL",,,Plein jour,En agglomération,Autre intersection,Temps couvert,Deux véhicules - arrière,,,,,,,,,,,1,2,9,8,2
200700038661,0007-06-02 16:20:00,7,6,2,16,20,750,108,AVENUE DE FRIEDLAND,,,Plein jour,En agglomération,Intersection en X,Normale,Deux véhicules - côté,,,,,,,,,,,1,2,2,1,3
200700038662,0007-06-03 02:07:00,7,6,3,2,7,750,108,AVENUE DES CHAMPS ELYSEE,,,Nuit avec éclairage allumé,En agglomération,Autre intersection,Normale,Deux véhicules - arrière,,,,,,,,,,,5,2,9,1,2
200700038663,0007-06-03 19:10:00,7,6,3,19,10,750,108,"86, RUE LA BOETIE",,,Plein jour,En agglomération,Intersection en X,Normale,Autre collision,,,,,,,,,,,1,2,2,1,6
200700038664,0007-06-04 10:55:00,7,6,4,10,55,750,108,"21, AVENUE FRANKLIN D RO",,,Plein jour,En agglomération,Hors intersection,Pluie légère,Deux véhicules - arrière,,,,,,,,,,,1,2,1,2,2
200700038665,0007-06-04 15:10:00,7,6,4,15,10,750,108,AVENUE MARCEAU,,,Plein jour,En agglomération,Intersection en X,Normale,Deux véhicules - côté,,,,,,,,,,,1,2,2,1,3
200700038666,0007-06-04 17:30:00,7,6,4,17,30,750,108,"45, RUE FRANCOIS 1ER",,,Plein jour,En agglomération,Hors intersection,Normale,Deux véhicules - arrière,,,,,,,,,,,1,2,1,1,2
200700038667,0007-06-05 00:48:00,7,6,5,0,48,750,108,AVENUE DES CHAMPS ELYSEE,,,Nuit sans éclairage public,En agglomération,Hors intersection,Normale,Autre collision,,,,,,,,,,,3,2,1,1,6
200700038668,0007-06-05 14:10:00,7,6,5,14,10,750,108,"11, AVENUE DE FRIEDLAND",,,Plein jour,En agglomération,Hors intersection,Normale,Autre collision,,,,,,,,,,,1,2,1,1,6
200700038669,0007-06-06 12:28:00,7,6,6,12,28,750,108,"26, COURS ALBERT 1ER",,,Plein jour,En agglomération,Hors intersection,Normale,Deux véhicules - arrière,,,,,,,,,,,1,2,1,1,2
200700038670,0007-06-06 16:10:00,7,6,6,16,10,750,108,PLACE DE LA CONCORDE,,,Plein jour,En agglomération,Place,Normale,Trois véhicules et plus - collisions multiples,,,,,,,,,,,1,2,7,1,5
200700038671,0007-06-07 10:05:00,7,6,7,10,5,750,108,"1, PLACE DE LA CONCORDE",,,Plein jour,En agglomération,Intersection en T,Temps couvert,Deux véhicules - arrière,,,,,,,,,,,1,2,3,8,2
200700038672,0007-06-08 09:30:00,7,6,8,9,30,750,108,AVENUE MONTAIGNE,,,Plein jour,En agglomération,Hors intersection,Temps couvert,Deux véhicules - côté,,,,,,,,,,,1,2,1,8,3
200700038673,0007-06-09 12:40:00,7,6,9,12,40,750,108,", AVENUE MONTAIGNE",,,Plein jour,En agglomération,Hors intersection,Normale,Autre collision,,,,,,,,,,,1,2,1,1,6
200700038674,0007-06-11 08:30:00,7,6,11,8,30,750,108,SOUTERRAIN ETOILE,,,Plein jour,En agglomération,Hors intersection,Normale,Autre collision,,,,,,,,,,,1,2,1,1,6
200700038675,0007-06-11 18:10:00,7,6,11,18,10,750,108,"3, RUE DE MADRID",,,Plein jour,En agglomération,Intersection en X,Normale,Autre collision,,,,,,,,,,,1,2,2,1,6
200700038676,0007-06-11 18:55:00,7,6,11,18,55,750,108,RUE DES SAUSSAIES,,,Plein jour,En agglomération,Intersection en T,Normale,Autre collision,,,,,,,,,,,1,2,3,1,6
200700038677,0007-06-12 16:30:00,7,6,12,16,30,750,108,"47, AVENUE DE FRIEDLAND",,,Plein jour,En agglomération,Hors intersection,Normale,Autre collision,,,,,,,,,,,1,2,1,1,6
200700038678,0007-06-12 20:45:00,7,6,12,20,45,750,108,"85, BOULEVARD MALESHERBE",,,Crépuscule ou aube,En agglomération,Intersection en X,Normale,Deux véhicules - arrière,,,,,,,,,,,2,2,2,1,2
200700038679,0007-06-13 09:20:00,7,6,13,9,20,750,108,"62, RUE DE COURCELLES",,,Plein jour,En agglomération,Hors intersection,Normale,Deux véhicules - côté,,,,,,,,,,,1,2,1,1,3
200700038680,0007-06-13 09:30:00,7,6,13,9,30,750,108,"218-220, RUE DU FAUBOURG",,,Plein jour,En agglomération,Hors intersection,Normale,Autre collision,,,,,,,,,,,1,2,1,1,6
200700038681,0007-06-13 11:20:00,7,6,13,11,20,750,108,AVENUE DES CHAMPS ELYSEE,,,Plein jour,En agglomération,Giratoire,Normale,Deux véhicules - arrière,,,,,,,,,,,1,2,6,1,2
200700038682,0007-06-13 10:20:00,7,6,13,10,20,750,108,"11, RUE DE BERRI",,,Plein jour,En agglomération,Intersection en T,Normale,Autre collision,,,,,,,,,,,1,2,3,1,6
200700038683,0007-06-14 09:45:00,7,6,14,9,45,750,108,"172, BOULEVARD HAUSSMANN",,,Plein jour,En agglomération,Hors intersection,Normale,Deux véhicules - côté,,,,,,,,,,,1,2,1,1,3
200700038684,0007-06-15 03:19:00,7,6,15,3,19,750,108,"16, AVENUE DE WAGRAM",,,Nuit avec éclairage allumé,En agglomération,Hors intersection,Pluie légère,Deux véhicules - côté,,,,,,,,,,,5,2,1,2,3
200700038685,0007-06-15 10:00:00,7,6,15,10,0,750,108,RUE DE LA PEPINIERE,,,Plein jour,En agglomération,Intersection en T,Normale,Autre collision,,,,,,,,,,,1,2,3,1,6
200700038686,0007-06-15 10:16:00,7,6,15,10,16,750,108,"44, AVENUE GEORGE V",,,Plein jour,En agglomération,Hors intersection,Normale,Deux véhicules - arrière,,,,,,,,,,,1,2,1,1,2
200700038687,0007-06-15 15:55:00,7,6,15,15,55,750,108,AVENUE MONTAIGNE,,,Plein jour,En agglomération,Hors intersection,Pluie légère,Autre collision,,,,,,,,,,,1,2,1,2,6
200700038688,0007-06-16 01:35:00,7,6,16,1,35,750,108,"31, RUE DE NAPLES",,,Nuit avec éclairage allumé,En agglomération,Hors intersection,Pluie légère,Autre collision,,,,,,,,,,,5,2,1,2,6
200700038689,0007-06-16 05:50:00,7,6,16,5,50,750,108,"9, AVENUE MONTAIGNE",,,Crépuscule ou aube,En agglomération,Hors intersection,Normale,Deux véhicules - côté,,,,,,,,,,,2,2,1,1,3
200700038690,0007-06-16 09:10:00,7,6,16,9,10,750,108,PLACE FRANCOIS 1ER,,,Plein jour,En agglomération,Place,Temps couvert,Sans collision,,,,,,,,,,,1,2,7,8,7
200700038691,0007-06-17 17:55:00,7,6,17,17,55,750,108,AVENUE WINSTON CHURCHILL,,,Plein jour,En agglomération,Hors intersection,Pluie forte,Deux véhicules - côté,,,,,,,,,,,1,2,1,3,3
200700038692,0007-06-17 22:37:00,7,6,17,22,37,750,108,"2, AVENUE DE WAGRAM",,,Nuit avec éclairage allumé,En agglomération,Hors intersection,Temps couvert,Autre collision,,,,,,,,,,,5,2,1,8,6
200700038693,0007-06-18 12:00:00,7,6,18,12,0,750,108,PLACE DE LA REPUBLIQUE D,,,Plein jour,En agglomération,Hors intersection,Normale,Autre collision,,,,,,,,,,,1,2,1,1,6
200700038694,0007-06-18 15:15:00,7,6,18,15,15,750,108,AVENUE DES CHAMPS ELYSEE,,,Plein jour,En agglomération,Hors intersection,Normale,Autre collision,,,,,,,,,,,1,2,1,1,6
200700038695,0007-06-19 18:35:00,7,6,19,18,35,750,108,RUE LA BOETIE,,,Plein jour,En agglomération,Hors intersection,Normale,Autre collision,,,,,,,,,,,1,2,1,1,6
200700038696,0007-06-20 11:44:00,7,6,20,11,44,750,116,"5, AVENUE MARCEAU",,,Plein jour,En agglomération,Hors intersection,Normale,Autre collision,,,,,,,,,,,1,2,1,1,6
200700038697,0007-06-20 23:15:00,7,6,20,23,15,750,108,PLACE DE LA CONCORDE,,,Nuit avec éclairage allumé,En agglomération,Hors intersection,Normale,Deux véhicules - côté,,,,,,,,,,,5,2,1,1,3
200700038698,0007-06-21 17:40:00,7,6,21,17,40,750,108,AVENUE DES CHAMPS ELYSEE,,,Plein jour,En agglomération,Intersection en T,Normale,Autre collision,,,,,,,,,,,1,2,3,1,6
200700038699,0007-06-22 08:15:00,7,6,22,8,15,750,108,"28, AVENUE DE FRIEDLAND",,,Plein jour,En agglomération,Hors intersection,Normale,Deux véhicules - arrière,,,,,,,,,,,1,2,1,1,2
200700038700,0007-06-22 09:10:00,7,6,22,9,10,750,108,"14, RUE LA BOETIE",,,Plein jour,En agglomération,Hors intersection,Normale,Deux véhicules - arrière,,,,,,,,,,,1,2,1,1,2
200700038701,0007-06-22 11:30:00,7,6,22,11,30,750,108,ROND POINT CHAMPS ELYSEE,,,Plein jour,En agglomération,Intersection à plus de 4 branches,Normale,Deux véhicules - côté,,,,,,,,,,,1,2,5,1,3
200700038702,0007-06-24 01:25:00,7,6,24,1,25,750,108,"119, BOULEVARD HAUSSMANN",,,Nuit avec éclairage allumé,En agglomération,Hors intersection,Normale,Deux véhicules - côté,,,,,,,,,,,5,2,1,1,3
200700038703,0007-06-25 16:35:00,7,6,25,16,35,750,108,"35, RUE DE ROME",,,Plein jour,En agglomération,Hors intersection,Normale,Autre collision,,,,,,,,,,,1,2,1,1,6
200700038704,0007-06-25 23:35:00,7,6,25,23,35,750,108,"132, BOULEVARD HAUSSMANN",,,Nuit avec éclairage allumé,En agglomération,Hors intersection,Pluie forte,Autre collision,,,,,,,,,,,5,2,1,3,6
200700038705,0007-06-27 18:36:00,7,6,27,18,36,750,108,AVENUE GEORGE V,,,Plein jour,En agglomération,Intersection en X,Normale,Deux véhicules - côté,,,,,,,,,,,1,2,2,1,3
200700038706,0007-06-27 23:10:00,7,6,27,23,10,750,108,AVENUE DES CHAMPS ELYSEE,,,Nuit avec éclairage allumé,En agglomération,Hors intersection,Temps couvert,Trois véhicules et plus - en chaîne,,,,,,,,,,,5,2,1,8,4
200700038707,0007-06-28 19:15:00,7,6,28,19,15,750,108,BOULEVARD MALESHERBES,,,Plein jour,En agglomération,Intersection en Y,Normale,Deux véhicules - côté,,,,,,,,,,,1,2,4,1,3
200700038708,0007-06-29 16:50:00,7,6,29,16,50,750,108,ROND POINT CHAMPS ELYSEE,,,Plein jour,En agglomération,Autre intersection,Pluie légère,Autre collision,,,,,,,,,,,1,2,9,2,6
200700038709,0007-06-29 19:15:00,7,6,29,19,15,750,108,"22, BOULEVARD MALESHERBE",,,Plein jour,En agglomération,Hors intersection,Normale,Autre collision,,,,,,,,,,,1,2,1,1,6
200700038710,0007-06-29 21:30:00,7,6,29,21,30,750,108,AVENUE DE MARIGNY,,,Crépuscule ou aube,En agglomération,Hors intersection,Temps couvert,Sans collision,,,,,,,,,,,2,2,1,8,7
200700038711,0007-06-12 14:35:00,7,6,12,14,35,750,109,"08, RUE SCRIBE",,,Plein jour,En agglomération,Hors intersection,Normale,Autre collision,,,,,,,,,,,1,2,1,1,6
200700038712,0007-06-14 11:35:00,7,6,14,11,35,750,109,"33, RUE TRONCHET",,,Plein jour,En agglomération,Intersection en X,Normale,Deux véhicules - côté,,,,,,,,,,,1,2,2,1,3
200700038713,0007-06-14 10:35:00,7,6,14,10,35,750,109,"68, RUE DE LA CHAUSSEE D",,,Plein jour,En agglomération,Intersection en T,Temps couvert,Deux véhicules - côté,,,,,,,,,,,1,2,3,8,3
200700038714,0007-06-14 14:25:00,7,6,14,14,25,750,109,"89, RUE LA FAYETTE",,,Plein jour,En agglomération,Hors intersection,Normale,Autre collision,,,,,,,,,,,1,2,1,1,6
200700038715,0007-06-14 15:05:00,7,6,14,15,5,750,109,"61, RUE DU FAUBOURG POIS",,,Plein jour,En agglomération,Hors intersection,Normale,Autre collision,,,,,,,,,,,1,2,1,1,6
200700038716,0007-06-17 01:35:00,7,6,17,1,35,750,109,"06-08, BOULEVARD HAUSSMA",,,Nuit avec éclairage allumé,En agglomération,Hors intersection,Normale,Autre collision,,,,,,,,,,,5,2,1,1,6
200700038717,0007-06-18 14:37:00,7,6,18,14,37,750,109,"02, RUE AUBER",,,Plein jour,En agglomération,Intersection en X,Normale,Autre collision,,,,,,,,,,,1,2,2,1,6
200700038718,0007-06-19 09:45:00,7,6,19,9,45,750,109,"26, RUE D AMSTERDAM",,,Plein jour,En agglomération,Hors intersection,Temps couvert,Autre collision,,,,,,,,,,,1,2,1,8,6
200700038719,0007-06-20 04:45:00,7,6,20,4,45,750,109,"57, METRO CHAUSSEE D ANT",,,Nuit avec éclairage allumé,En agglomération,Hors intersection,Normale,Deux véhicules - arrière,,,,,,,,,,,5,2,1,1,2
200700038720,0007-06-20 20:35:00,7,6,20,20,35,750,109,RUE DE CHATEAUDUN,,,Crépuscule ou aube,En agglomération,Intersection en T,Normale,Deux véhicules - côté,,,,,,,,,,,2,2,3,1,3
200700038721,0007-06-22 17:33:00,7,6,22,17,33,750,109,PLACE DE L OPERA,,,Plein jour,En agglomération,Intersection en X,Temps couvert,Deux véhicules - arrière,,,,,,,,,,,1,2,2,8,2
200700038722,0007-06-23 18:30:00,7,6,23,18,30,750,109,"08, BOULEVARD DES CAPUCI",,,Plein jour,En agglomération,Intersection en X,Pluie légère,Sans collision,,,,,,,,,,,1,2,2,2,7
200700038723,0007-06-25 11:25:00,7,6,25,11,25,750,118,PLACE BLANCHE,,,Plein jour,En agglomération,Intersection à plus de 4 branches,Normale,Deux véhicules - côté,,,,,,,,,,,1,2,5,1,3
200700038724,0007-06-25 17:15:00,7,6,25,17,15,750,102,"23, BOULEVARD DES ITALIE",,,Plein jour,En agglomération,Intersection en X,Normale,Autre collision,,,,,,,,,,,1,2,2,1,6
200700038725,0007-06-26 12:25:00,7,6,26,12,25,750,109,RUE LE PELETIER,,,Plein jour,En agglomération,Intersection en X,Normale,Autre collision,,,,,,,,,,,1,2,2,1,6
200700038726,0007-06-05 13:30:00,7,6,5,13,30,750,110,"40, RUE DU CHATEAU D EAU",,,Plein jour,En agglomération,Intersection en T,Normale,Autre collision,,,,,,,,,,,1,2,3,1,6
200700038727,0007-06-09 11:10:00,7,6,9,11,10,750,110,"154, AVENUE PARMENTIER",,,Plein jour,En agglomération,Hors intersection,Normale,Deux véhicules - côté,,,,,,,,,,,1,2,1,1,3
200700038728,0007-06-14 13:00:00,7,6,14,13,0,750,110,"75, RUE DE MAUBEUGE",,,Plein jour,En agglomération,Intersection en X,Pluie légère,Autre collision,,,,,,,,,,,1,2,2,2,6
200700038729,0007-06-14 18:10:00,7,6,14,18,10,750,110,"168, RUE DU FAUBOURG SAI",,,Plein jour,En agglomération,Hors intersection,Normale,Deux véhicules - côté,,,,,,,,,,,1,2,1,1,3
200700038730,0007-06-15 19:20:00,7,6,15,19,20,750,110,"219, RUE DU FAUBOURG SAI",,,Plein jour,En agglomération,Hors intersection,Pluie légère,Trois véhicules et plus - collisions multiples,,,,,,,,,,,1,2,1,2,5
200700038731,0007-06-18 18:56:00,7,6,18,18,56,750,110,"35, BOULEVARD DE MAGENTA",,,Plein jour,En agglomération,Hors intersection,Normale,Autre collision,,,,,,,,,,,1,2,1,1,6
200700038732,0007-06-19 22:00:00,7,6,19,22,0,750,110,"78, BOULEVARD DE MAGENTA",,,Nuit avec éclairage allumé,En agglomération,Hors intersection,Pluie légère,Autre collision,,,,,,,,,,,5,2,1,2,6
200700038733,0007-06-20 00:40:00,7,6,20,0,40,750,110,"46, AVENUE CLAUDE VELLEF",,,Nuit avec éclairage allumé,En agglomération,Intersection en T,Pluie légère,Deux véhicules - côté,,,,,,,,,,,5,2,3,2,3
200700038734,0007-06-20 12:45:00,7,6,20,12,45,750,110,"16, PLACE DE LA REPUBLIQ",,,Plein jour,En agglomération,Hors intersection,Normale,Autre collision,,,,,,,,,,,1,2,1,1,6
200700038735,0007-06-20 15:15:00,7,6,20,15,15,750,110,"80, RUE DU FAUBOURG SAIN",,,Plein jour,En agglomération,Hors intersection,Normale,Autre collision,,,,,,,,,,,1,2,1,1,6
200700038736,0007-06-22 01:30:00,7,6,22,1,30,750,110,RUE LA FAYETTE,,,Nuit avec éclairage allumé,En agglomération,Intersection en X,Normale,Deux véhicules - côté,,,,,,,,,,,5,2,2,1,3
200700038737,0007-06-22 09:40:00,7,6,22,9,40,750,110,"161, QUAI DE VALMY",,,Plein jour,En agglomération,Hors intersection,Normale,Trois véhicules et plus - collisions multiples,,,,,,,,,,,1,2,1,1,5
200700038738,0007-06-24 13:15:00,7,6,24,13,15,750,110,"17, AVENUE CLAUDE VELLEF",,,Plein jour,En agglomération,Intersection en X,Normale,Deux véhicules - côté,,,,,,,,,,,1,2,2,1,3
200700038739,0007-06-25 02:20:00,7,6,25,2,20,750,110,QUAI DE VALMY,,,Nuit avec éclairage allumé,En agglomération,Intersection en X,Normale,Deux véhicules - côté,,,,,,,,,,,5,2,2,1,3
200700038740,0007-06-25 11:20:00,7,6,25,11,20,750,110,BOULEVARD DE MAGENTA,,,Plein jour,En agglomération,Hors intersection,Normale,Autre collision,,,,,,,,,,,1,2,1,1,6
200700038741,0007-06-25 12:18:00,7,6,25,12,18,750,110,"14, BOULEVARD DE BONNE N",,,Plein jour,En agglomération,Hors intersection,Normale,Deux véhicules - arrière,,,,,,,,,,,1,2,1,1,2
200700038742,0007-06-25 18:30:00,7,6,25,18,30,750,110,"169, RUE DU FAUBOURG SAI",,,Plein jour,En agglomération,Hors intersection,Normale,Autre collision,,,,,,,,,,,1,2,1,1,6
200700038743,0007-06-25 19:10:00,7,6,25,19,10,750,110,"202, QUAI DE JEMMAPES",,,Plein jour,En agglomération,Hors intersection,Pluie légère,Autre collision,,,,,,,,,,,1,2,1,2,6
200700038744,0007-06-26 10:40:00,7,6,26,10,40,750,110,"90, RUE D HAUTEVILLE",,,Plein jour,En agglomération,Hors intersection,Normale,Autre collision,,,,,,,,,,,1,2,1,1,6
200700038745,0007-06-27 18:30:00,7,6,27,18,30,750,110,"203, RUE DU FAUBOURG SAI",,,Plein jour,En agglomération,Hors intersection,Normale,Autre collision,,,,,,,,,,,1,2,1,1,6
200700038746,0007-06-28 17:50:00,7,6,28,17,50,750,110,"89, QUAI DE VALMY",,,Plein jour,En agglomération,Hors intersection,Normale,Deux véhicules - côté,,,,,,,,,,,1,2,1,1,3
200700038747,0007-06-29 19:30:00,7,6,29,19,30,750,110,RUE DU FAUBOURG SAINT MA,,,Plein jour,En agglomération,Hors intersection,Temps couvert,Autre collision,,,,,,,,,,,1,2,1,8,6
200700038748,0007-06-29 23:30:00,7,6,29,23,30,750,110,"132, BOULEVARD DE MAGENT",,,Nuit avec éclairage allumé,En agglomération,Hors intersection,Pluie légère,Deux véhicules - côté,,,,,,,,,,,5,2,1,2,3
200700038749,0007-06-01 09:50:00,7,6,1,9,50,750,111,"35, RUE DES TROIS BORNES",,,Plein jour,En agglomération,Hors intersection,Normale,Deux véhicules - côté,,,,,,,,,,,1,2,1,1,3
200700038750,0007-06-01 15:00:00,7,6,1,15,0,750,111,"98 bis, AVENUE DE LA REP",,,Plein jour,En agglomération,Intersection en T,Normale,Deux véhicules - côté,,,,,,,,,,,1,2,3,1,3
200700038751,0007-06-02 00:05:00,7,6,2,0,5,750,111,"102, BOULEVARD VOLTAIRE",,,Nuit avec éclairage allumé,En agglomération,Intersection en X,Normale,Autre collision,,,,,,,,,,,5,2,2,1,6
200700038752,0007-06-02 20:05:00,7,6,2,20,5,750,111,"25/35, BOULEVARD DE BELL",,,Plein jour,En agglomération,Intersection en T,Normale,Autre collision,,,,,,,,,,,1,2,3,1,6
200700038753,0007-06-05 19:40:00,7,6,5,19,40,750,111,"116, RUE DU CHEMIN VERT",,,Plein jour,En agglomération,Intersection en T,Normale,Autre collision,,,,,,,,,,,1,2,3,1,6
200700038754,0007-06-06 04:43:00,7,6,6,4,43,750,111,"103, AVENUE DE LA REPUBL",,,Nuit avec éclairage allumé,En agglomération,Hors intersection,Normale,Autre collision,,,,,,,,,,,5,2,1,1,6
200700038755,0007-06-06 19:00:00,7,6,6,19,0,750,111,"33, BOULEVARD VOLTAIRE",,,Plein jour,En agglomération,Intersection en X,Normale,Autre collision,,,,,,,,,,,1,2,2,1,6
200700038756,0007-06-07 12:00:00,7,6,7,12,0,750,111,"104, RUE AMELOT",,,Plein jour,En agglomération,Intersection en T,Normale,Deux véhicules - arrière,,,,,,,,,,,1,2,3,1,2
200700038757,0007-06-07 12:35:00,7,6,7,12,35,750,111,"108, RUE DU CHEMIN VERT",,,Plein jour,En agglomération,Hors intersection,Normale,Autre collision,,,,,,,,,,,1,2,1,1,6
200700038758,0007-06-08 13:10:00,7,6,8,13,10,750,111,"180, RUE DE CHARONNE",,,Plein jour,En agglomération,Intersection en T,Normale,Deux véhicules - côté,,,,,,,,,,,1,2,3,1,3
200700038759,0007-06-09 16:20:00,7,6,9,16,20,750,111,"103, RUE DU CHEMIN VERT",,,Plein jour,En agglomération,Intersection en X,Normale,Deux véhicules - côté,,,,,,,,,,,1,2,2,1,3
200700038760,0007-06-12 11:10:00,7,6,12,11,10,750,111,"23, AVENUE DE LA REPUBLI",,,Plein jour,En agglomération,Hors intersection,Temps couvert,Deux véhicules - côté,,,,,,,,,,,1,2,1,8,3
200700038761,0007-06-12 19:59:00,7,6,12,19,59,750,111,"25, RUE POPINCOURT",,,Plein jour,En agglomération,Intersection en T,Normale,Deux véhicules - arrière,,,,,,,,,,,1,2,3,1,2
200700038762,0007-06-13 08:25:00,7,6,13,8,25,750,111,"75, RUE DE LA FONTAINE A",,,Plein jour,En agglomération,Intersection en X,Normale,Deux véhicules - côté,,,,,,,,,,,1,2,2,1,3
200700038763,0007-06-13 16:35:00,7,6,13,16,35,750,111,"6 bis, AVENUE DE TAILLEB",,,Plein jour,En agglomération,Intersection en T,Normale,Deux véhicules - côté,,,,,,,,,,,1,2,3,1,3
200700038764,0007-06-13 20:05:00,7,6,13,20,5,750,111,BOULEVARD RICHARD LENOIR,,,Plein jour,En agglomération,Hors intersection,Pluie légère,Sans collision,,,,,,,,,,,1,2,1,2,7
200700038765,0007-06-13 20:15:00,7,6,13,20,15,750,111,"47, RUE DE LA ROQUETTE",,,Plein jour,En agglomération,Intersection en T,Pluie légère,Sans collision,,,,,,,,,,,1,2,3,2,7
200700038766,0007-06-13 20:35:00,7,6,13,20,35,750,111,"7, BOULEVARD RICHARD LEN",,,Plein jour,En agglomération,Hors intersection,Normale,Sans collision,,,,,,,,,,,1,2,1,1,7
200700038767,0007-06-14 10:15:00,7,6,14,10,15,750,111,"136, RUE AMELOT",,,Plein jour,En agglomération,Intersection en X,Normale,Deux véhicules - côté,,,,,,,,,,,1,2,2,1,3
200700038768,0007-06-15 02:20:00,7,6,15,2,20,750,112,QUAI DE LA RAPEE,,,Nuit avec éclairage allumé,En agglomération,Hors intersection,Pluie légère,Autre collision,,,,,,,,,,,5,2,1,2,6