accident_id,datetime,annee,mois,jour,heure,minute,departement,commune_insee,adresse,latitude,longitude,luminosite,agglomeration,intersection,meteo,collision,nb_vehicules,nb_usagers,nb_indemnes,nb_tues,nb_blesses_hosp,nb_blesses_legers,age_cond_1,age_cond_2,veh_type_cond_1,veh_type_cond_2,lum_code,agg_code,int_code,atm_code,col_code
200700038769,0007-06-15 21:05:00,7,6,15,21,5,750,111,"88, AVENUE PARMENTIER",,,Crépuscule ou aube,En agglomération,Intersection en X,Normale,Deux véhicules - côté,,,,,,,,,,,2,2,2,1,3
200700038770,0007-06-17 02:45:00,7,6,17,2,45,750,111,"166, RUE DE CHARONNE",,,Nuit avec éclairage allumé,En agglomération,Hors intersection,Normale,Deux véhicules - côté,,,,,,,,,,,5,2,1,1,3
200700038771,0007-06-18 15:20:00,7,6,18,15,20,750,111,"161, RUE DU FAUBOURG SAI",,,Plein jour,En agglomération,Hors intersection,Normale,Sans collision,,,,,,,,,,,1,2,1,1,7
200700038772,0007-06-19 20:55:00,7,6,19,20,55,750,111,"163, BOULEVARD VOLTAIRE",,,Crépuscule ou aube,En agglomération,Intersection en X,Pluie légère,Autre collision,,,,,,,,,,,2,2,2,2,6
200700038773,0007-06-20 00:36:00,7,6,20,0,36,750,111,"195, BOULEVARD VOLTAIRE",,,Nuit avec éclairage allumé,En agglomération,Hors intersection,Pluie légère,Autre collision,,,,,,,,,,,5,2,1,2,6
200700038774,0007-06-20 09:50:00,7,6,20,9,50,750,111,"1, RUE ROBERT HOUDIN",,,Plein jour,En agglomération,Intersection en T,Normale,Deux véhicules - côté,,,,,,,,,,,1,2,3,1,3
200700038775,0007-06-22 14:20:00,7,6,22,14,20,750,111,"7, PLACE DE LA NATION",,,Plein jour,En agglomération,Place,Pluie légère,Deux véhicules - arrière,,,,,,,,,,,1,2,7,2,2
200700038776,0007-06-24 03:20:00,7,6,24,3,20,750,111,"56, BOULEVARD BEAUMARCHA",,,Nuit avec éclairage allumé,En agglomération,Intersection en Y,Normale,Deux véhicules - arrière,,,,,,,,,,,5,2,4,1,2
200700038777,0007-06-25 08:00:00,7,6,25,8,0,750,111,"26, BOULEVARD BEAUMARCHA",,,Plein jour,En agglomération,Intersection en X,Temps couvert,Deux véhicules - côté,,,,,,,,,,,1,2,2,8,3
200700038778,0007-06-25 09:25:00,7,6,25,9,25,750,111,"28, BOULEVARD BEAUMARCHA",,,Plein jour,En agglomération,Intersection en X,Normale,Deux véhicules - côté,,,,,,,,,,,1,2,2,1,3
200700038779,0007-06-26 08:50:00,7,6,26,8,50,750,111,"79, BOULEVARD DE BELLEVI",,,Plein jour,En agglomération,Hors intersection,Pluie légère,Sans collision,,,,,,,,,,,1,2,1,2,7
200700038780,0007-06-27 10:00:00,7,6,27,10,0,750,111,"14, RUE FAIDHERBE",,,Plein jour,En agglomération,Autre intersection,Normale,Sans collision,,,,,,,,,,,1,2,9,1,7
200700038781,0007-06-27 19:25:00,7,6,27,19,25,750,111,"109, BOULEVARD DE MENILM",,,Plein jour,En agglomération,Intersection en T,Temps couvert,Sans collision,,,,,,,,,,,1,2,3,8,7
200700038782,0007-06-29 14:35:00,7,6,29,14,35,750,111,"22, BOULEVARD DES FILLES",,,Plein jour,En agglomération,Hors intersection,Pluie légère,Autre collision,,,,,,,,,,,1,2,1,2,6
200700038783,0007-06-29 14:45:00,7,6,29,14,45,750,111,"23, BOULEVARD DE MENILMO",,,Plein jour,En agglomération,Intersection en T,Pluie légère,Deux véhicules - côté,,,,,,,,,,,1,2,3,2,3
200700038784,0007-06-29 20:24:00,7,6,29,20,24,750,111,"123, BOULEVARD DE MENILM",,,Plein jour,En agglomération,Hors intersection,Pluie légère,Autre collision,,,,,,,,,,,1,2,1,2,6
200700038785,0007-06-29 20:56:00,7,6,29,20,56,750,111,"109, BOULEVARD RICHARD L",,,Plein jour,En agglomération,Intersection en T,Pluie légère,Deux véhicules - côté,,,,,,,,,,,1,2,3,2,3
200700038786,0007-06-30 19:20:00,7,6,30,19,20,750,111,"01, RUE TITON",,,Plein jour,En agglomération,Hors intersection,Normale,Autre collision,,,,,,,,,,,1,2,1,1,6
200700038787,0007-06-30 20:15:00,7,6,30,20,15,750,111,"110, RUE DE LA ROQUETTE",,,Plein jour,En agglomération,Hors intersection,Temps couvert,Deux véhicules - côté,,,,,,,,,,,1,2,1,8,3
200700038788,0007-06-06 19:35:00,7,6,6,19,35,750,112,"39, RUE JOSEPH KESSEL",,,Plein jour,En agglomération,Intersection en X,Normale,Autre collision,,,,,,,,,,,1,2,2,1,6
200700038789,0007-06-07 17:45:00,7,6,7,17,45,750,112,QUAI DE BERCY,,,Plein jour,En agglomération,Hors intersection,Temps couvert,Sans collision,,,,,,,,,,,1,2,1,8,7
200700038790,0007-06-08 09:00:00,7,6,8,9,0,750,112,"246 BIS, RUE DU FAUBOURG",,,Plein jour,En agglomération,Hors intersection,Temps couvert,Autre collision,,,,,,,,,,,1,2,1,8,6
200700038791,0007-06-09 09:35:00,7,6,9,9,35,750,112,ROUTE DE LA PYRAMIDE,,,Plein jour,En agglomération,Giratoire,Normale,Deux véhicules - côté,,,,,,,,,,,1,2,6,1,3
200700038792,0007-06-09 21:25:00,7,6,9,21,25,750,112,"32 ter, BOULEVARD DE LA",,,Crépuscule ou aube,En agglomération,Hors intersection,Normale,Deux véhicules - côté,,,,,,,,,,,2,2,1,1,3
200700038793,0007-06-10 17:50:00,7,6,10,17,50,750,112,"117, BOULEVARD PONIATOWS",,,Plein jour,En agglomération,Hors intersection,Normale,Autre collision,,,,,,,,,,,1,2,1,1,6
200700038794,0007-06-10 23:20:00,7,6,10,23,20,750,112,RUE DE BERCY,,,Nuit avec éclairage allumé,En agglomération,Intersection en X,Normale,Deux véhicules - côté,,,,,,,,,,,5,2,2,1,3
200700038795,0007-06-12 01:35:00,7,6,12,1,35,750,112,RUE DU FAUBOURG SAINT AN,,,Nuit avec éclairage allumé,En agglomération,Intersection en Y,Temps couvert,Deux véhicules - côté,,,,,,,,,,,5,2,4,8,3
200700038796,0007-06-12 11:50:00,7,6,12,11,50,750,112,"2, AVENUE DAUMESNIL",,,Plein jour,En agglomération,Intersection en X,Normale,Sans collision,,,,,,,,,,,1,2,2,1,7
200700038797,0007-06-13 09:30:00,7,6,13,9,30,750,112,RUE JEAN BOUTON,,,Plein jour,En agglomération,Intersection à plus de 4 branches,Normale,Deux véhicules - côté,,,,,,,,,,,1,2,5,1,3
200700038798,0007-06-13 19:50:00,7,6,13,19,50,750,112,"84, QUAI DE BERCY",,,Crépuscule ou aube,En agglomération,Hors intersection,Temps couvert,Deux véhicules - arrière,,,,,,,,,,,2,2,1,8,2
200700038799,0007-06-14 10:00:00,7,6,14,10,0,750,112,COURS DE VINCENNES,,,Plein jour,En agglomération,Giratoire,Normale,Deux véhicules - côté,,,,,,,,,,,1,2,6,1,3
200700038800,0007-06-13 19:15:00,7,6,13,19,15,750,112,AVENUE DE LA PORTE DE CH,,,Plein jour,En agglomération,Intersection en T,Pluie légère,Deux véhicules - arrière,,,,,,,,,,,1,2,3,2,2
200700038801,0007-06-15 10:45:00,7,6,15,10,45,750,112,"30, BOULEVARD DIDEROT",,,Plein jour,En agglomération,Intersection en T,Normale,Autre collision,,,,,,,,,,,1,2,3,1,6
200700038802,0007-06-15 15:40:00,7,6,15,15,40,750,112,"203, AVENUE DAUMESNIL",,,Plein jour,En agglomération,Hors intersection,Pluie légère,Autre collision,,,,,,,,,,,1,2,1,2,6
200700038803,0007-06-15 16:20:00,7,6,15,16,20,750,112,"6, BOULEVARD DE REUILLY",,,Plein jour,En agglomération,Hors intersection,Pluie légère,Sans collision,,,,,,,,,,,1,2,1,2,7
200700038804,0007-06-15 20:15:00,7,6,15,20,15,750,112,"166, AVENUE DAUMESNIL",,,Plein jour,En agglomération,Hors intersection,Temps couvert,Deux véhicules - côté,,,,,,,,,,,1,2,1,8,3
200700038805,0007-06-16 13:40:00,7,6,16,13,40,750,112,QUAI DE BERCY,,,Plein jour,En agglomération,Hors intersection,Temps couvert,Sans collision,,,,,,,,,,,1,2,1,8,7
200700038806,0007-06-16 15:19:00,7,6,16,15,19,750,112,"135, BOULEVARD DIDEROT",,,Plein jour,En agglomération,Intersection en X,Normale,Deux véhicules - frontale,,,,,,,,,,,1,2,2,1,1
200700038807,0007-06-20 14:10:00,7,6,20,14,10,750,112,RUE DE BERCY,,,Plein jour,En agglomération,Intersection en X,Normale,Deux véhicules - côté,,,,,,,,,,,1,2,2,1,3
200700038808,0007-06-21 08:32:00,7,6,21,8,32,750,112,RUE DE GRAVELLE,,,Plein jour,En agglomération,Intersection en Y,Temps couvert,Deux véhicules - arrière,,,,,,,,,,,1,2,4,8,2
200700038809,0007-06-21 12:30:00,7,6,21,12,30,750,112,"4, BOULEVARD SOULT",,,Plein jour,En agglomération,Hors intersection,Normale,Sans collision,,,,,,,,,,,1,2,1,1,7
200700038810,0007-06-21 15:10:00,7,6,21,15,10,750,112,RUE DE LYON,,,Plein jour,En agglomération,Intersection en Y,Normale,Autre collision,,,,,,,,,,,1,2,4,1,6
200700038811,0007-06-22 11:05:00,7,6,22,11,5,750,112,AVENUE DE SAINT MANDE,,,Plein jour,En agglomération,Hors intersection,Temps couvert,Autre collision,,,,,,,,,,,1,2,1,8,6
200700038812,0007-06-22 12:45:00,7,6,22,12,45,750,112,RUE DE LYON,,,Plein jour,En agglomération,Hors intersection,Pluie légère,Sans collision,,,,,,,,,,,1,2,1,2,7
200700038813,0007-06-22 14:15:00,7,6,22,14,15,750,112,"31, AVENUE DE BEL AIR",,,Plein jour,En agglomération,Intersection en X,Pluie légère,Deux véhicules - côté,,,,,,,,,,,1,2,2,2,3
200700038814,0007-06-22 19:50:00,7,6,22,19,50,750,112,ROUTE DE LA PYRAMIDE,,,Plein jour,En agglomération,Hors intersection,Pluie légère,Sans collision,,,,,,,,,,,1,2,1,2,7
200700038815,0007-06-24 02:00:00,7,6,24,2,0,750,112,"3/5, RUE DE PICPUS",,,Nuit avec éclairage allumé,En agglomération,Hors intersection,Normale,Sans collision,,,,,,,,,,,5,2,1,1,7
200700038816,0007-06-24 02:22:00,7,6,24,2,22,750,112,"03, BOULEVARD DE REUILLY",,,Nuit avec éclairage allumé,En agglomération,Hors intersection,Normale,Deux véhicules - arrière,,,,,,,,,,,5,2,1,1,2
200700038817,0007-06-24 15:30:00,7,6,24,15,30,750,112,RUE JOSEPH CHAILLEY,,,Plein jour,En agglomération,Hors intersection,Normale,Autre collision,,,,,,,,,,,1,2,1,1,6
200700038818,0007-06-24 21:30:00,7,6,24,21,30,750,112,BOULEVARD PONIATOWSKI,,,Crépuscule ou aube,En agglomération,Intersection en X,Normale,Autre collision,,,,,,,,,,,2,2,2,1,6
200700038819,0007-06-25 12:10:00,7,6,25,12,10,750,112,QUAI DE LA RAPEE,,,Plein jour,En agglomération,Intersection en X,Normale,Deux véhicules - côté,,,,,,,,,,,1,2,2,1,3
200700038820,0007-06-25 13:05:00,7,6,25,13,5,750,112,"78, COURS DE VINCENNES",,,Plein jour,En agglomération,Intersection en X,Normale,Deux véhicules - arrière,,,,,,,,,,,1,2,2,1,2
200700038821,0007-06-26 09:35:00,7,6,26,9,35,750,112,"7, RUE TAINE",,,Plein jour,En agglomération,Intersection en T,Pluie légère,Sans collision,,,,,,,,,,,1,2,3,2,7
200700038822,0007-06-26 10:35:00,7,6,26,10,35,750,112,RUE DORIAN,,,Plein jour,En agglomération,Intersection en X,Pluie légère,Autre collision,,,,,,,,,,,1,2,2,2,6
200700038823,0007-06-26 23:30:00,7,6,26,23,30,750,112,"41bis, BOULEVARD SOULT",,,Nuit avec éclairage allumé,En agglomération,Intersection en T,Normale,Deux véhicules - arrière,,,,,,,,,,,5,2,3,1,2
200700038824,0007-06-27 11:35:00,7,6,27,11,35,750,112,"16, RUE DU FAUBOURG SAIN",,,Plein jour,En agglomération,Hors intersection,Normale,Autre collision,,,,,,,,,,,1,2,1,1,6
200700038825,0007-06-27 17:00:00,7,6,27,17,0,750,112,AVENUE DE NOGENT,,,Plein jour,En agglomération,Hors intersection,Temps couvert,Sans collision,,,,,,,,,,,1,2,1,8,7
200700038826,0007-06-28 09:35:00,7,6,28,9,35,750,112,"139, AVENUE DAUMESNIL",,,Plein jour,En agglomération,Hors intersection,Normale,Sans collision,,,,,,,,,,,1,2,1,1,7
200700038827,0007-06-28 19:45:00,7,6,28,19,45,750,112,PONT DE BERCY,,,Plein jour,En agglomération,Hors intersection,Normale,Deux véhicules - côté,,,,,,,,,,,1,2,1,1,3
200700038828,0007-06-28 22:10:00,7,6,28,22,10,750,112,"0, AVENUE DE LA PORTE DE",,,Nuit avec éclairage allumé,En agglomération,Hors intersection,Normale,Sans collision,,,,,,,,,,,5,2,1,1,7
200700038829,0007-06-29 06:03:00,7,6,29,6,3,750,112,"69, RUE DE WATTIGNIES",,,Crépuscule ou aube,En agglomération,Intersection en X,Normale,Deux véhicules - côté,,,,,,,,,,,2,2,2,1,3
200700038830,0007-06-29 08:55:00,7,6,29,8,55,750,112,"20, BOULEVARD PONIATOWSK",,,Plein jour,En agglomération,Hors intersection,Normale,Deux véhicules - arrière,,,,,,,,,,,1,2,1,1,2
200700038831,0007-06-29 14:30:00,7,6,29,14,30,750,112,AVENUE DAUMESNIL,,,Plein jour,En agglomération,Giratoire,Pluie légère,Autre collision,,,,,,,,,,,1,2,6,2,6
200700038832,0007-06-29 16:40:00,7,6,29,16,40,750,112,QUAI DE BERCY,,,Plein jour,En agglomération,Hors intersection,Temps couvert,Deux véhicules - arrière,,,,,,,,,,,1,2,1,8,2
200700038833,0007-06-29 18:50:00,7,6,29,18,50,750,112,QUAI DE BERCY,,,Plein jour,En agglomération,Hors intersection,Normale,Deux véhicules - arrière,,,,,,,,,,,1,2,1,1,2
200700038834,0007-06-29 19:30:00,7,6,29,19,30,750,112,"31, BOULEVARD DIDEROT",,,Plein jour,En agglomération,Intersection en X,Normale,Deux véhicules - côté,,,,,,,,,,,1,2,2,1,3
200700038835,0007-06-30 10:00:00,7,6,30,10,0,750,112,PLACE DE LA NATION,,,Plein jour,En agglomération,Giratoire,Normale,Deux véhicules - côté,,,,,,,,,,,1,2,6,1,3
200700038836,0007-06-30 14:20:00,7,6,30,14,20,750,112,RUE DE CHARENTON,,,Plein jour,En agglomération,Hors intersection,Normale,Autre collision,,,,,,,,,,,1,2,1,1,6
200700038837,0007-06-01 15:05:00,7,6,1,15,5,750,113,"143, AVENUE D ITALIE",,,Plein jour,En agglomération,Intersection en T,Normale,Autre collision,,,,,,,,,,,1,2,3,1,6
200700038838,0007-06-01 18:22:00,7,6,1,18,22,750,113,"43, RUE BRUNESEAU",,,Plein jour,En agglomération,Hors intersection,Normale,Autre collision,,,,,,,,,,,1,2,1,1,6
200700038839,0007-06-02 13:30:00,7,6,2,13,30,750,113,"240, RUE DE TOLBIAC",,,Plein jour,En agglomération,Hors intersection,Temps éblouissant,Sans collision,,,,,,,,,,,1,2,1,7,7
200700038840,0007-06-02 23:00:00,7,6,2,23,0,750,113,BOULEVARD ARAGO,,,Nuit avec éclairage allumé,En agglomération,Intersection en T,Normale,Deux véhicules - côté,,,,,,,,,,,5,2,3,1,3
200700038841,0007-06-04 09:45:00,7,6,4,9,45,750,113,RUE DE LA GLACIERE,,,Plein jour,En agglomération,Intersection en T,Pluie forte,Sans collision,,,,,,,,,,,1,2,3,3,7
200700038842,0007-06-04 10:30:00,7,6,4,10,30,750,113,"203, BOULEVARD VINCENT A",,,Plein jour,En agglomération,Hors intersection,Pluie légère,Autre collision,,,,,,,,,,,1,2,1,2,6
200700038843,0007-06-05 14:30:00,7,6,5,14,30,750,113,"22-24, BOULEVARD VINCENT",,,Plein jour,En agglomération,Hors intersection,Normale,Autre collision,,,,,,,,,,,1,2,1,1,6
200700038844,0007-06-07 08:25:00,7,6,7,8,25,750,113,"10, RUE DE TOLBIAC",,,Plein jour,En agglomération,Hors intersection,Temps couvert,Autre collision,,,,,,,,,,,1,2,1,8,6
200700038845,0007-06-12 10:55:00,7,6,12,10,55,750,113,"39, RUE DE L AMIRAL MOUC",,,Plein jour,En agglomération,Hors intersection,Temps couvert,Autre collision,,,,,,,,,,,1,2,1,8,6
200700038846,0007-06-12 19:40:00,7,6,12,19,40,750,113,"93, RUE BAUDRICOURT",,,Plein jour,En agglomération,Hors intersection,Normale,Deux véhicules - arrière,,,,,,,,,,,1,2,1,1,2
200700038847,0007-06-15 14:07:00,7,6,15,14,7,750,113,"2, BOULEVARD DE L HOPITA",,,Plein jour,En agglomération,Hors intersection,Normale,Autre collision,,,,,,,,,,,1,2,1,1,6
200700038848,0007-06-17 18:35:00,7,6,17,18,35,750,113,BOULEVARD VINCENT AURIOL,,,Plein jour,En agglomération,Hors intersection,Pluie légère,Sans collision,,,,,,,,,,,1,2,1,2,7
200700038849,0007-06-18 13:40:00,7,6,18,13,40,750,113,"1, BOULEVARD DE L HOPITA",,,Plein jour,En agglomération,Hors intersection,Normale,Autre collision,,,,,,,,,,,1,2,1,1,6
200700038850,0007-06-19 01:05:00,7,6,19,1,5,750,113,PONT DE TOLBIAC,,,Nuit avec éclairage allumé,En agglomération,Hors intersection,Normale,Trois véhicules et plus - en chaîne,,,,,,,,,,,5,2,1,1,4
200700038851,0007-06-19 21:30:00,7,6,19,21,30,750,113,"229, RUE DE TOLBIAC",,,Nuit avec éclairage allumé,En agglomération,Intersection en X,Pluie forte,Autre collision,,,,,,,,,,,5,2,2,3,6
200700038852,0007-06-20 06:50:00,7,6,20,6,50,750,113,BOULEVARD VINCENT AURIOL,,,Plein jour,En agglomération,Intersection en X,Normale,Deux véhicules - côté,,,,,,,,,,,1,2,2,1,3
200700038853,0007-06-21 15:53:00,7,6,21,15,53,750,113,"154, AVENUE D ITALIE",,,Plein jour,En agglomération,Hors intersection,Normale,Autre collision,,,,,,,,,,,1,2,1,1,6
200700038854,0007-06-21 20:03:00,7,6,21,20,3,750,113,"01, BOULEVARD DE L HOPIT",,,Plein jour,En agglomération,Hors intersection,Normale,Autre collision,,,,,,,,,,,1,2,1,1,6
200700038855,0007-06-22 10:30:00,7,6,22,10,30,750,113,AVENUE DE LA PORTE D ITA,,,Plein jour,En agglomération,Giratoire,Normale,Sans collision,,,,,,,,,,,1,2,6,1,7
200700038856,0007-06-22 14:42:00,7,6,22,14,42,750,113,"18, QUAI D AUSTERLITZ",,,Plein jour,En agglomération,Hors intersection,Pluie légère,Autre collision,,,,,,,,,,,1,2,1,2,6
200700038857,0007-06-23 17:25:00,7,6,23,17,25,750,113,RUE NEUVE TOLBIAC,,,Plein jour,En agglomération,Hors intersection,Normale,Deux véhicules - côté,,,,,,,,,,,1,2,1,1,3
200700038858,0007-06-25 20:00:00,7,6,25,20,0,750,113,RUE REGNAULT,,,Plein jour,En agglomération,Intersection en X,Pluie forte,Autre collision,,,,,,,,,,,1,2,2,3,6
200700038859,0007-06-26 13:30:00,7,6,26,13,30,750,113,"4, RUE OLIVIER MESSIAEN",,,Plein jour,En agglomération,Intersection en X,Normale,Autre collision,,,,,,,,,,,1,2,2,1,6
200700038860,0007-06-26 20:28:00,7,6,26,20,28,750,113,"115, BOULEVARD MASSENA",,,Plein jour,En agglomération,Hors intersection,Normale,Autre collision,,,,,,,,,,,1,2,1,1,6
200700038861,0007-06-28 16:15:00,7,6,28,16,15,750,113,"63, RUE DE LA SANTE",,,Plein jour,En agglomération,Intersection en X,Normale,Deux véhicules - côté,,,,,,,,,,,1,2,2,1,3
200700038862,0007-06-28 17:10:00,7,6,28,17,10,750,113,"140, AVENUE D ITALIE",,,Plein jour,En agglomération,Autre intersection,Normale,Deux véhicules - arrière,,,,,,,,,,,1,2,9,1,2
200700038863,0007-06-28 22:00:00,7,6,28,22,0,750,113,"29, RUE DE TOLBIAC",,,Nuit avec éclairage allumé,En agglomération,Hors intersection,Normale,Autre collision,,,,,,,,,,,5,2,1,1,6
200700038864,0007-06-29 13:10:00,7,6,29,13,10,750,113,"5 bis, BOULEVARD DE L HO",,,Plein jour,En agglomération,Intersection en X,Temps couvert,Autre collision,,,,,,,,,,,1,2,2,8,6
200700038865,0007-06-29 16:45:00,7,6,29,16,45,750,113,"151, RUE DU CHEVALERET",,,Plein jour,En agglomération,Hors intersection,Temps couvert,Autre collision,,,,,,,,,,,1,2,1,8,6
200700038866,0007-06-04 17:05:00,7,6,4,17,5,750,114,"25, BOULEVARD SAINT JACQ",,,Plein jour,En agglomération,Hors intersection,Normale,Sans collision,,,,,,,,,,,1,2,1,1,7
200700038867,0007-06-04 22:45:00,7,6,4,22,45,750,114,"129, AVENUE PAUL VAILLAN",,,Nuit avec éclairage allumé,En agglomération,Hors intersection,Normale,Deux véhicules - côté,,,,,,,,,,,5,2,1,1,3
200700038868,0007-06-05 08:35:00,7,6,5,8,35,750,114,"V A V 236, BOULEVARD RAS",,,Plein jour,En agglomération,Hors intersection,Normale,Autre collision,,,,,,,,,,,1,2,1,1,6
200700038869,0007-06-05 10:04:00,7,6,5,10,4,750,114,"82, AVENUE DENFERT ROCHE",,,Plein jour,En agglomération,Autre intersection,Normale,Deux véhicules - côté,,,,,,,,,,,1,2,9,1,3
200700038870,0007-06-06 13:00:00,7,6,6,13,0,750,114,"38, BOULEVARD JOURDAN",,,Plein jour,En agglomération,Hors intersection,Normale,Deux véhicules - côté,,,,,,,,,,,1,2,1,1,3
200700038871,0007-06-07 08:35:00,7,6,7,8,35,750,114,RUE VERCINGETORIX,,,Plein jour,En agglomération,Hors intersection,Normale,Autre collision,,,,,,,,,,,1,2,1,1,6
200700038872,0007-06-08 15:30:00,7,6,8,15,30,750,114,"79, BOULEVARD BRUNE",,,Plein jour,En agglomération,Intersection en X,Normale,Deux véhicules - côté,,,,,,,,,,,1,2,2,1,3
200700038873,0007-06-10 12:30:00,7,6,10,12,30,750,114,"124, AVENUE DU GENERAL L",,,Plein jour,En agglomération,Hors intersection,Normale,Autre collision,,,,,,,,,,,1,2,1,1,6
200700038874,0007-06-08 23:20:00,7,6,8,23,20,750,114,BOULEVARD PERIPHERIQUE,,,Nuit avec éclairage allumé,En agglomération,Hors intersection,Pluie légère,Deux véhicules - arrière,,,,,,,,,,,5,2,1,2,2
200700038875,0007-06-08 20:35:00,7,6,8,20,35,750,114,"37, RUE FROIDEVAUX",,,Crépuscule ou aube,En agglomération,Hors intersection,Normale,Deux véhicules - côté,,,,,,,,,,,2,2,1,1,3
200700038876,0007-06-11 16:00:00,7,6,11,16,0,750,114,"87, BOULEVARD ARAGO",,,Plein jour,En agglomération,Hors intersection,Normale,Autre collision,,,,,,,,,,,1,2,1,1,6
200700038877,0007-06-13 18:50:00,7,6,13,18,50,750,114,"194, AVENUE DU MAINE",,,Plein jour,En agglomération,Hors intersection,Pluie forte,Sans collision,,,,,,,,,,,1,2,1,3,7
200700038878,0007-06-13 23:50:00,7,6,13,23,50,750,114,"143, AVENUE DE LA PORTE",,,Nuit avec éclairage allumé,En agglomération,Intersection en X,Normale,Deux véhicules - côté,,,,,,,,,,,5,2,2,1,3
200700038879,0007-06-14 09:10:00,7,6,14,9,10,750,114,"7, BOULEVARD JOURDAN",,,Plein jour,En agglomération,Hors intersection,Normale,Autre collision,,,,,,,,,,,1,2,1,1,6
200700038880,0007-06-14 18:25:00,7,6,14,18,25,750,114,"53, AVENUE DU GENERAL LE",,,Plein jour,En agglomération,Intersection en X,Normale,Deux véhicules - côté,,,,,,,,,,,1,2,2,1,3
200700038881,0007-06-21 08:25:00,7,6,21,8,25,750,114,"110, RUE DIDOT",,,Plein jour,En agglomération,Hors intersection,Normale,Autre collision,,,,,,,,,,,1,2,1,1,6
200700038882,0007-06-21 11:40:00,7,6,21,11,40,750,114,"97, RUE DIDOT",,,Plein jour,En agglomération,Hors intersection,Normale,Sans collision,,,,,,,,,,,1,2,1,1,7
200700038883,0007-06-21 12:25:00,7,6,21,12,25,750,114,"34, BOULEVARD EDGAR QUIN",,,Plein jour,En agglomération,Hors intersection,Normale,Autre collision,,,,,,,,,,,1,2,1,1,6
200700038884,0007-06-22 04:50:00,7,6,22,4,50,750,114,ECHANGEUR CHATILLON,,,Crépuscule ou aube,En agglomération,Hors intersection,Normale,Autre collision,,,,,,,,,,,2,2,1,1,6
200700038885,0007-06-23 23:00:00,7,6,23,23,0,750,114,"0, PLACE DENFERT ROCHERE",,,Nuit avec éclairage allumé,En agglomération,Intersection en X,Normale,Deux véhicules - côté,,,,,,,,,,,5,2,2,1,3
200700038886,0007-06-25 05:20:00,7,6,25,5,20,750,114,AVENUE DE LA PORTE DE CH,,,Crépuscule ou aube,En agglomération,Intersection en X,Pluie légère,Deux véhicules - côté,,,,,,,,,,,2,2,2,2,3
200700038887,0007-06-25 11:30:00,7,6,25,11,30,750,114,"69, AVENUE DU GENERAL LE",,,Plein jour,En agglomération,Intersection en T,Normale,Deux véhicules - côté,,,,,,,,,,,1,2,3,1,3
200700038888,0007-06-25 19:35:00,7,6,25,19,35,750,114,"121, AVENUE DU GENERAL L",,,Plein jour,En agglomération,Hors intersection,Pluie forte,Sans collision,,,,,,,,,,,1,2,1,3,7
200700038889,0007-06-26 20:05:00,7,6,26,20,5,750,114,"23, RUE VERCINGETORIX",,,Plein jour,En agglomération,Intersection en T,Normale,Autre collision,,,,,,,,,,,1,2,3,1,6
200700038890,0007-06-28 12:35:00,7,6,28,12,35,750,114,"17, RUE DES PLANTES",,,Plein jour,En agglomération,Intersection en T,Normale,Deux véhicules - arrière,,,,,,,,,,,1,2,3,1,2
200700038891,0007-06-30 16:35:00,7,6,30,16,35,750,114,"106, BOULEVARD ARAGO",,,Plein jour,En agglomération,Hors intersection,Normale,Autre collision,,,,,,,,,,,1,2,1,1,6
200700038892,0007-06-06 11:00:00,7,6,6,11,0,750,115,"302, RUE DE VAUGIRARD",,,Plein jour,En agglomération,Intersection en X,Normale,Autre collision,,,,,,,,,,,1,2,2,1,6
200700038893,0007-06-06 18:22:00,7,6,6,18,22,750,115,"74, RUE DESNOUETTES",,,Plein jour,En agglomération,Hors intersection,Normale,Deux véhicules - côté,,,,,,,,,,,1,2,1,1,3
200700038894,0007-06-07 09:45:00,7,6,7,9,45,750,115,"11, RUE DE LA CONVENTION",,,Plein jour,En agglomération,Intersection en X,Normale,Autre collision,,,,,,,,,,,1,2,2,1,6
200700038895,0007-06-08 12:35:00,7,6,8,12,35,750,115,BOULEVARD PASTEUR,,,Plein jour,En agglomération,Intersection en T,Normale,Autre collision,,,,,,,,,,,1,2,3,1,6
200700038896,0007-06-09 13:15:00,7,6,9,13,15,750,115,"1, RUE DE L ARRIVEE",,,Plein jour,En agglomération,Hors intersection,Normale,Deux véhicules - côté,,,,,,,,,,,1,2,1,1,3
200700038897,0007-06-10 18:25:00,7,6,10,18,25,750,115,"110, RUE SAINT CHARLES",,,Plein jour,En agglomération,Hors intersection,Normale,Autre collision,,,,,,,,,,,1,2,1,1,6
200700038898,0007-06-11 21:30:00,7,6,11,21,30,750,115,"180, RUE DE LA CROIX NIV",,,Crépuscule ou aube,En agglomération,Intersection en X,Pluie légère,Deux véhicules - côté,,,,,,,,,,,2,2,2,2,3
200700038899,0007-06-12 17:50:00,7,6,12,17,50,750,115,"236, RUE DE LA CONVENTIO",,,Plein jour,En agglomération,Intersection en Y,Normale,Deux véhicules - arrière,,,,,,,,,,,1,2,4,1,2
200700038900,0007-06-12 23:35:00,7,6,12,23,35,750,115,BOULEVARD GENERAL MARTIA,,,Nuit avec éclairage allumé,En agglomération,Intersection en X,Normale,Autre collision,,,,,,,,,,,5,2,2,1,6
200700038901,0007-06-13 08:50:00,7,6,13,8,50,750,115,"85, BOULEVARD LEFEBVRE",,,Plein jour,En agglomération,Hors intersection,Normale,Autre collision,,,,,,,,,,,1,2,1,1,6
200700038902,0007-06-13 21:05:00,7,6,13,21,5,750,115,BOULEVARD PERIPHERIQUE,,,Crépuscule ou aube,En agglomération,Hors intersection,Normale,Deux véhicules - arrière,,,,,,,,,,,2,2,1,1,2