accident_id,datetime,annee,mois,jour,heure,minute,departement,commune_insee,adresse,latitude,longitude,luminosite,agglomeration,intersection,meteo,collision,nb_vehicules,nb_usagers,nb_indemnes,nb_tues,nb_blesses_hosp,nb_blesses_legers,age_cond_1,age_cond_2,veh_type_cond_1,veh_type_cond_2,lum_code,agg_code,int_code,atm_code,col_code
200700038903,0007-06-14 03:15:00,7,6,14,3,15,750,115,"57, BOULEVARD DE GRENELL",,,Nuit avec éclairage allumé,En agglomération,Hors intersection,Normale,Autre collision,,,,,,,,,,,5,2,1,1,6
200700038904,0007-06-14 10:45:00,7,6,14,10,45,750,115,"163, AVENUE DE SUFFREN",,,Plein jour,En agglomération,Hors intersection,Normale,Deux véhicules - arrière,,,,,,,,,,,1,2,1,1,2
200700038905,0007-06-15 09:45:00,7,6,15,9,45,750,115,"30, BOULEVARD DE GRENELL",,,Plein jour,En agglomération,Hors intersection,Normale,Deux véhicules - côté,,,,,,,,,,,1,2,1,1,3
200700038906,0007-06-16 18:40:00,7,6,16,18,40,750,115,"29, QUAI DE GRENELLE",,,Plein jour,En agglomération,Intersection en T,Pluie légère,Sans collision,,,,,,,,,,,1,2,3,2,7
200700038907,0007-06-17 11:15:00,7,6,17,11,15,750,115,"176, RUE LECOURBE",,,Plein jour,En agglomération,Intersection en T,Normale,Autre collision,,,,,,,,,,,1,2,3,1,6
200700038908,0007-06-17 16:15:00,7,6,17,16,15,750,115,"2, RUE BARGUE",,,Plein jour,En agglomération,Hors intersection,Pluie forte,Sans collision,,,,,,,,,,,1,2,1,3,7
200700038909,0007-06-18 21:15:00,7,6,18,21,15,750,115,BOULEVARD DE GRENELLE,,,Nuit avec éclairage allumé,En agglomération,Hors intersection,Normale,Autre collision,,,,,,,,,,,5,2,1,1,6
200700038910,0007-06-19 10:00:00,7,6,19,10,0,750,115,"4, RUE MONTAUBAN",,,Plein jour,En agglomération,Intersection en T,Normale,Deux véhicules - frontale,,,,,,,,,,,1,2,3,1,1
200700038911,0007-06-19 17:00:00,7,6,19,17,0,750,115,"0, PONT DU GARIGLIANO",,,Plein jour,En agglomération,Intersection en X,Normale,Trois véhicules et plus - collisions multiples,,,,,,,,,,,1,2,2,1,5
200700038912,0007-06-19 20:55:00,7,6,19,20,55,750,115,"101, QUAI BRANLY",,,Crépuscule ou aube,En agglomération,Hors intersection,Pluie légère,Deux véhicules - côté,,,,,,,,,,,2,2,1,2,3
200700038913,0007-06-21 02:50:00,7,6,21,2,50,750,115,"107, RUE DE JAVEL",,,Nuit avec éclairage allumé,En agglomération,Hors intersection,Pluie légère,Sans collision,,,,,,,,,,,5,2,1,2,7
200700038914,0007-06-21 18:30:00,7,6,21,18,30,750,115,"19, RUE PECLET",,,Plein jour,En agglomération,Hors intersection,Normale,Deux véhicules - côté,,,,,,,,,,,1,2,1,1,3
200700038915,0007-06-21 20:30:00,7,6,21,20,30,750,115,"115, AVENUE FELIX FAURE",,,Plein jour,En agglomération,Hors intersection,Normale,Deux véhicules - côté,,,,,,,,,,,1,2,1,1,3
200700038916,0007-06-22 11:00:00,7,6,22,11,0,750,115,"8, BOULEVARD GARIBALDI",,,Plein jour,En agglomération,Intersection en T,Normale,Deux véhicules - côté,,,,,,,,,,,1,2,3,1,3
200700038917,0007-06-22 13:42:00,7,6,22,13,42,750,115,"162, RUE DE LA CONVENTIO",,,Plein jour,En agglomération,Hors intersection,Pluie forte,Deux véhicules - arrière,,,,,,,,,,,1,2,1,3,2
200700038918,0007-06-22 17:05:00,7,6,22,17,5,750,115,"37, QUAI DE GRENELLE",,,Plein jour,En agglomération,Hors intersection,Pluie légère,Deux véhicules - arrière,,,,,,,,,,,1,2,1,2,2
200700038919,0007-06-22 23:40:00,7,6,22,23,40,750,115,AVENUE EMILE ZOLA,,,Nuit sans éclairage public,En agglomération,Hors intersection,Normale,Autre collision,,,,,,,,,,,3,2,1,1,6
200700038920,0007-06-28 13:10:00,7,6,28,13,10,750,115,"1, BOULEVARD DE GRENELLE",,,Plein jour,En agglomération,Intersection en T,Temps couvert,Sans collision,,,,,,,,,,,1,2,3,8,7
200700038921,0007-06-28 18:45:00,7,6,28,18,45,750,115,"29, QUAI ANDRE CITROEN",,,Plein jour,En agglomération,Hors intersection,Normale,Trois véhicules et plus - collisions multiples,,,,,,,,,,,1,2,1,1,5
200700038922,0007-06-30 09:35:00,7,6,30,9,35,750,115,QUAI ANDRE CITROEN,,,Plein jour,En agglomération,Intersection en T,Pluie légère,Deux véhicules - arrière,,,,,,,,,,,1,2,3,2,2
200700038923,0007-06-01 16:45:00,7,6,1,16,45,750,116,PLACE DE COSTA RICA,,,Plein jour,En agglomération,Place,Temps couvert,Deux véhicules - côté,,,,,,,,,,,1,2,7,8,3
200700038924,0007-06-03 22:10:00,7,6,3,22,10,750,116,PLACE DU TROCADERO,,,Nuit avec éclairage allumé,En agglomération,Intersection en T,Normale,Autre collision,,,,,,,,,,,5,2,3,1,6
200700038925,0007-06-07 05:40:00,7,6,7,5,40,750,116,"1, BOULEVARD RICHARD WAL",,,Plein jour,En agglomération,Intersection en X,Normale,Autre collision,,,,,,,,,,,1,2,2,1,6
200700038926,0007-06-07 14:55:00,7,6,7,14,55,750,116,AVENUE KLEBER,,,Plein jour,En agglomération,Intersection en T,Normale,Deux véhicules - côté,,,,,,,,,,,1,2,3,1,3
200700038927,0007-06-07 16:45:00,7,6,7,16,45,750,116,BOULEVARD MURAT,,,Plein jour,En agglomération,Hors intersection,Normale,Autre collision,,,,,,,,,,,1,2,1,1,6
200700038928,0007-06-08 01:08:00,7,6,8,1,8,750,116,VOIE GEORGES POMPIDOU,,,Nuit avec éclairage allumé,En agglomération,Hors intersection,Normale,Sans collision,,,,,,,,,,,5,2,1,1,7
200700038929,0007-06-09 00:05:00,7,6,9,0,5,750,116,PLACE CHARLES DE GAULLE,,,Nuit avec éclairage allumé,En agglomération,Intersection en T,Normale,Deux véhicules - côté,,,,,,,,,,,5,2,3,1,3
200700038930,0007-06-09 13:45:00,7,6,9,13,45,750,116,ROUTE DE SEVRES A NEUILL,,,Plein jour,En agglomération,Intersection en X,Normale,Deux véhicules - arrière,,,,,,,,,,,1,2,2,1,2
200700038931,0007-06-10 00:45:00,7,6,10,0,45,750,116,PLACE DE LA PORTE DE PAS,,,Nuit avec éclairage allumé,En agglomération,Intersection en T,Normale,Deux véhicules - côté,,,,,,,,,,,5,2,3,1,3
200700038932,0007-06-10 14:50:00,7,6,10,14,50,750,116,BOULEVARD SUCHET,,,Plein jour,En agglomération,Intersection en X,Normale,Deux véhicules - côté,,,,,,,,,,,1,2,2,1,3
200700038933,0007-06-11 02:05:00,7,6,11,2,5,750,116,RUE DE LA POMPE,,,Nuit avec éclairage allumé,En agglomération,Intersection en X,Normale,Autre collision,,,,,,,,,,,5,2,2,1,6
200700038934,0007-06-11 18:20:00,7,6,11,18,20,750,116,"163, AVENUE VICTOR HUGO",,,Plein jour,En agglomération,Hors intersection,Normale,Autre collision,,,,,,,,,,,1,2,1,1,6
200700038935,0007-06-11 19:40:00,7,6,11,19,40,750,116,AVENUE DE LA GRANDE ARME,,,Plein jour,En agglomération,Giratoire,Normale,Trois véhicules et plus - en chaîne,,,,,,,,,,,1,2,6,1,4
200700038936,0007-06-11 20:30:00,7,6,11,20,30,750,116,PLACE CHARLES DE GAULLE,,,Plein jour,En agglomération,Giratoire,Pluie légère,Autre collision,,,,,,,,,,,1,2,6,2,6
200700038937,0007-06-12 01:15:00,7,6,12,1,15,750,116,AVENUE FOCH,,,Nuit avec éclairage allumé,En agglomération,Intersection en X,Normale,Deux véhicules - frontale,,,,,,,,,,,5,2,2,1,1
200700038938,0007-06-12 18:50:00,7,6,12,18,50,750,116,ROUTE DES TRIBUNES,,,Plein jour,En agglomération,Hors intersection,Normale,Autre collision,,,,,,,,,,,1,2,1,1,6
200700038939,0007-06-13 18:15:00,7,6,13,18,15,750,116,BOULEVARD PERIPHERIQUE,,,Crépuscule ou aube,En agglomération,Hors intersection,Pluie légère,Deux véhicules - côté,,,,,,,,,,,2,2,1,2,3
200700038940,0007-06-13 19:05:00,7,6,13,19,5,750,116,RUE CLAUDE TERRASSE,,,Plein jour,En agglomération,Intersection en X,Pluie légère,Deux véhicules - arrière,,,,,,,,,,,1,2,2,2,2
200700038941,0007-06-13 20:53:00,7,6,13,20,53,750,116,RUE JEAN DE LA FONTAINE,,,Crépuscule ou aube,En agglomération,Intersection en X,Normale,Deux véhicules - frontale,,,,,,,,,,,2,2,2,1,1
200700038942,0007-06-14 05:25:00,7,6,14,5,25,750,116,RUE NICOLO,,,Plein jour,En agglomération,Intersection en X,Pluie légère,Deux véhicules - côté,,,,,,,,,,,1,2,2,2,3
200700038943,0007-06-14 08:40:00,7,6,14,8,40,750,116,CARREFOUR DES CASCADES,,,Plein jour,En agglomération,Hors intersection,Normale,Deux véhicules - arrière,,,,,,,,,,,1,2,1,1,2
200700038944,0007-06-14 20:30:00,7,6,14,20,30,750,116,AVENUE DU MAHATMA GANDHI,,,Plein jour,En agglomération,Hors intersection,Normale,Deux véhicules - côté,,,,,,,,,,,1,2,1,1,3
200700038945,0007-06-14 23:15:00,7,6,14,23,15,750,116,"133, AVENUE DE MALAKOFF",,,Nuit avec éclairage allumé,En agglomération,Hors intersection,Normale,Deux véhicules - côté,,,,,,,,,,,5,2,1,1,3
200700038946,0007-06-15 18:40:00,7,6,15,18,40,750,116,"63, AVENUE DE LA GRANDE",,,Plein jour,En agglomération,Intersection en X,Normale,Deux véhicules - côté,,,,,,,,,,,1,2,2,1,3
200700038947,0007-06-15 20:50:00,7,6,15,20,50,750,116,"1 bis, RUE MOLITOR",,,Plein jour,En agglomération,Intersection en Y,Normale,Deux véhicules - côté,,,,,,,,,,,1,2,4,1,3
200700038948,0007-06-15 21:55:00,7,6,15,21,55,750,116,VOIE GEORGES POMPIDOU,,,Nuit avec éclairage allumé,En agglomération,Hors intersection,Pluie légère,Deux véhicules - arrière,,,,,,,,,,,5,2,1,2,2
200700038949,0007-06-16 03:10:00,7,6,16,3,10,750,116,AVENUE DU PRESIDENT KENN,,,Nuit avec éclairage allumé,En agglomération,Hors intersection,Normale,Sans collision,,,,,,,,,,,5,2,1,1,7
200700038950,0007-06-16 07:55:00,7,6,16,7,55,750,116,"37, AVENUE FOCH",,,Plein jour,En agglomération,Intersection en X,Normale,Deux véhicules - côté,,,,,,,,,,,1,2,2,1,3
200700038951,0007-06-16 17:35:00,7,6,16,17,35,750,116,AVENUE MOZART,,,Plein jour,En agglomération,Intersection en T,Pluie légère,Sans collision,,,,,,,,,,,1,2,3,2,7
200700038952,0007-06-16 16:50:00,7,6,16,16,50,750,116,"22 bis, AVENUE MOZART",,,Plein jour,En agglomération,Intersection en X,Normale,Deux véhicules - côté,,,,,,,,,,,1,2,2,1,3
200700038953,0007-06-17 12:30:00,7,6,17,12,30,750,116,AVENUE DU PRESIDENT WILS,,,Plein jour,En agglomération,Intersection en X,Normale,Autre collision,,,,,,,,,,,1,2,2,1,6
200700038954,0007-06-18 19:20:00,7,6,18,19,20,750,116,"55, RUE DE L ASSOMPTION",,,Plein jour,En agglomération,Hors intersection,Normale,Sans collision,,,,,,,,,,,1,2,1,1,7
200700038955,0007-06-18 18:35:00,7,6,18,18,35,750,116,AVENUE DU MAHATMA GANDHI,,,Plein jour,En agglomération,Intersection en X,Normale,Deux véhicules - arrière,,,,,,,,,,,1,2,2,1,2
200700038956,0007-06-18 19:25:00,7,6,18,19,25,750,116,AVENUE KLEBER,,,Plein jour,En agglomération,Hors intersection,Normale,Autre collision,,,,,,,,,,,1,2,1,1,6
200700038957,0007-06-19 01:20:00,7,6,19,1,20,750,116,AVENUE DE VERSAILLES,,,Nuit avec éclairage allumé,En agglomération,Hors intersection,Normale,Deux véhicules - arrière,,,,,,,,,,,5,2,1,1,2
200700038958,0007-06-19 18:35:00,7,6,19,18,35,750,116,"40, BOULEVARD SUCHET",,,Plein jour,En agglomération,Intersection en X,Normale,Sans collision,,,,,,,,,,,1,2,2,1,7
200700038959,0007-06-20 18:05:00,7,6,20,18,5,750,116,BOULEVARD MURAT,,,Plein jour,En agglomération,Hors intersection,Normale,Deux véhicules - côté,,,,,,,,,,,1,2,1,1,3
200700038960,0007-06-21 14:50:00,7,6,21,14,50,750,116,"118, BOULEVARD SUCHET",,,Plein jour,En agglomération,Hors intersection,Normale,Autre collision,,,,,,,,,,,1,2,1,1,6
200700038961,0007-06-21 18:30:00,7,6,21,18,30,750,116,PLACE CHARLES DE GAULLE,,,Plein jour,En agglomération,Giratoire,Normale,Deux véhicules - côté,,,,,,,,,,,1,2,6,1,3
200700038962,0007-06-23 19:15:00,7,6,23,19,15,750,116,AVENUE EDOUARD VAILLANT,,,Plein jour,En agglomération,Hors intersection,Normale,Deux véhicules - côté,,,,,,,,,,,1,2,1,1,3
200700038963,0007-06-24 16:30:00,7,6,24,16,30,750,116,"22, RUE LE MAROIS",,,Plein jour,En agglomération,Hors intersection,Normale,Autre collision,,,,,,,,,,,1,2,1,1,6
200700038964,0007-06-25 15:30:00,7,6,25,15,30,750,116,"34, RUE MICHEL ANGE",,,Plein jour,En agglomération,Hors intersection,Normale,Sans collision,,,,,,,,,,,1,2,1,1,7
200700038965,0007-06-26 10:28:00,7,6,26,10,28,750,116,BOULEVARD LANNES,,,Plein jour,En agglomération,Hors intersection,Autre,Autre collision,,,,,,,,,,,1,2,1,9,6
200700038966,0007-06-26 13:30:00,7,6,26,13,30,750,116,AVENUE DE VERSAILLES,,,Plein jour,En agglomération,Hors intersection,Temps couvert,Trois véhicules et plus - en chaîne,,,,,,,,,,,1,2,1,8,4
200700038967,0007-06-26 15:09:00,7,6,26,15,9,750,116,"39, RUE MOLITOR",,,Plein jour,En agglomération,Intersection en X,Pluie légère,Deux véhicules - côté,,,,,,,,,,,1,2,2,2,3
200700038968,0007-06-26 15:15:00,7,6,26,15,15,750,116,AVENUE DE NEW YORK,,,Plein jour,En agglomération,Hors intersection,Temps couvert,Deux véhicules - arrière,,,,,,,,,,,1,2,1,8,2
200700038969,0007-06-26 23:00:00,7,6,26,23,0,750,116,AVENUE DU MAHATMA GANDHI,,,Nuit avec éclairage allumé,En agglomération,Hors intersection,Normale,Deux véhicules - côté,,,,,,,,,,,5,2,1,1,3
200700038970,0007-06-27 12:45:00,7,6,27,12,45,750,116,RUE JEAN DE LA FONTAINE,,,Plein jour,En agglomération,Hors intersection,Normale,Autre collision,,,,,,,,,,,1,2,1,1,6
200700038971,0007-06-27 14:00:00,7,6,27,14,0,750,116,AVENUE EDOUARD VAILLANT,,,Plein jour,En agglomération,Intersection en Y,Temps couvert,Sans collision,,,,,,,,,,,1,2,4,8,7
200700038972,0007-06-28 09:35:00,7,6,28,9,35,750,116,AVENUE FOCH,,,Plein jour,En agglomération,Hors intersection,Normale,Deux véhicules - côté,,,,,,,,,,,1,2,1,1,3
200700038973,0007-06-28 14:35:00,7,6,28,14,35,750,116,"142, RUE DE LA POMPE",,,Plein jour,En agglomération,Hors intersection,Temps couvert,Autre collision,,,,,,,,,,,1,2,1,8,6
200700038974,0007-06-28 20:00:00,7,6,28,20,0,750,116,"99, RUE DE LA POMPE",,,Plein jour,En agglomération,Hors intersection,Normale,Autre collision,,,,,,,,,,,1,2,1,1,6
200700038975,0007-06-28 21:20:00,7,6,28,21,20,750,116,"155, AVENUE DE MALAKOFF",,,Crépuscule ou aube,En agglomération,Hors intersection,Temps couvert,Deux véhicules - côté,,,,,,,,,,,2,2,1,8,3
200700038976,0007-06-28 20:55:00,7,6,28,20,55,750,116,"84, BOULEVARD MURAT",,,Plein jour,En agglomération,Hors intersection,Normale,Deux véhicules - côté,,,,,,,,,,,1,2,1,1,3
200700038977,0007-06-29 12:00:00,7,6,29,12,0,750,116,"88, AVENUE PAUL DOUMER",,,Plein jour,En agglomération,Hors intersection,Normale,Autre collision,,,,,,,,,,,1,2,1,1,6
200700038978,0007-06-29 12:30:00,7,6,29,12,30,750,116,PLACE TATTEGRAIN,,,Plein jour,En agglomération,Place,Normale,Autre collision,,,,,,,,,,,1,2,7,1,6
200700038979,0007-06-30 18:46:00,7,6,30,18,46,750,116,"13, BOULEVARD MURAT",,,Plein jour,En agglomération,Hors intersection,Temps couvert,Deux véhicules - côté,,,,,,,,,,,1,2,1,8,3
200700038980,0007-06-30 23:35:00,7,6,30,23,35,750,116,ROUTE DE SURESNES,,,Nuit avec éclairage allumé,En agglomération,Hors intersection,Normale,Autre collision,,,,,,,,,,,5,2,1,1,6
200700038981,0007-06-06 09:00:00,7,6,6,9,0,750,117,"2, AVENUE DE LA PORTE DE",,,Plein jour,En agglomération,Intersection en T,Normale,Deux véhicules - côté,,,,,,,,,,,1,2,3,1,3
200700038982,0007-06-06 12:45:00,7,6,6,12,45,750,117,"06, AVENUE DES TERNES",,,Plein jour,En agglomération,Hors intersection,Normale,Deux véhicules - côté,,,,,,,,,,,1,2,1,1,3
200700038983,0007-06-06 14:20:00,7,6,6,14,20,750,117,"25, AVENUE NIEL",,,Plein jour,En agglomération,Hors intersection,Normale,Autre collision,,,,,,,,,,,1,2,1,1,6
200700038984,0007-06-08 15:35:00,7,6,8,15,35,750,117,"face 05-07, PLACE DE LA",,,Plein jour,En agglomération,Place,Temps couvert,Deux véhicules - arrière,,,,,,,,,,,1,2,7,8,2
200700038985,0007-06-08 17:20:00,7,6,8,17,20,750,117,"43, AVENUE DE SAINT OUEN",,,Plein jour,En agglomération,Hors intersection,Temps couvert,Autre collision,,,,,,,,,,,1,2,1,8,6
200700038986,0007-06-11 01:00:00,7,6,11,1,0,750,117,"3, AVENUE DE CLICHY",,,Nuit avec éclairage allumé,En agglomération,Hors intersection,Normale,Deux véhicules - arrière,,,,,,,,,,,5,2,1,1,2
200700038987,0007-06-12 10:20:00,7,6,12,10,20,750,117,"47, AVENUE DE CLICHY",,,Plein jour,En agglomération,Hors intersection,Normale,Deux véhicules - côté,,,,,,,,,,,1,2,1,1,3
200700038988,0007-06-12 12:07:00,7,6,12,12,7,750,117,"40, BOULEVARD DE COURCEL",,,Plein jour,En agglomération,Hors intersection,Normale,Deux véhicules - arrière,,,,,,,,,,,1,2,1,1,2
200700038989,0007-06-12 12:05:00,7,6,12,12,5,750,117,"76, RUE JOUFFROY D ABBAN",,,Plein jour,En agglomération,Hors intersection,Normale,Autre collision,,,,,,,,,,,1,2,1,1,6
200700038990,0007-06-12 15:35:00,7,6,12,15,35,750,117,"14, RUE FRUCTIDOR",,,Plein jour,En agglomération,Hors intersection,Normale,Trois véhicules et plus - en chaîne,,,,,,,,,,,1,2,1,1,4
200700038991,0007-06-13 10:30:00,7,6,13,10,30,750,117,"/, BOULEVARD PEREIRE",,,Plein jour,En agglomération,Intersection en X,Normale,Autre collision,,,,,,,,,,,1,2,2,1,6
200700038992,0007-06-13 12:05:00,7,6,13,12,5,750,117,"71, AVENUE DE SAINT OUEN",,,Plein jour,En agglomération,Hors intersection,Normale,Autre collision,,,,,,,,,,,1,2,1,1,6
200700038993,0007-06-14 10:40:00,7,6,14,10,40,750,117,BOULEVARD DE REIMS,,,Plein jour,En agglomération,Intersection en X,Normale,Deux véhicules - côté,,,,,,,,,,,1,2,2,1,3
200700038994,0007-06-14 13:05:00,7,6,14,13,5,750,117,"12, BOULEVARD DES BATIGN",,,Plein jour,En agglomération,Hors intersection,Pluie légère,Deux véhicules - arrière,,,,,,,,,,,1,2,1,2,2
200700038995,0007-06-15 09:50:00,7,6,15,9,50,750,117,"03, PLACE DE WAGRAM",,,Plein jour,En agglomération,Giratoire,Temps couvert,Sans collision,,,,,,,,,,,1,2,6,8,7
200700038996,0007-06-15 13:25:00,7,6,15,13,25,750,117,"136, BOULEVARD MALESHERB",,,Plein jour,En agglomération,Intersection à plus de 4 branches,Normale,Deux véhicules - côté,,,,,,,,,,,1,2,5,1,3
200700038997,0007-06-15 15:35:00,7,6,15,15,35,750,117,"98, BOULEVARD DE COURCEL",,,Plein jour,En agglomération,Hors intersection,Normale,Autre collision,,,,,,,,,,,1,2,1,1,6
200700038998,0007-06-16 16:45:00,7,6,16,16,45,750,117,"aucun, BOULEVARD DU FORT",,,Plein jour,En agglomération,Intersection en X,Normale,Deux véhicules - côté,,,,,,,,,,,1,2,2,1,3
200700038999,0007-06-16 20:20:00,7,6,16,20,20,750,117,"11, BOULEVARD PERSHING",,,Plein jour,En agglomération,Hors intersection,Temps couvert,Deux véhicules - arrière,,,,,,,,,,,1,2,1,8,2
200700039000,0007-06-17 17:15:00,7,6,17,17,15,750,117,"24, RUE NAVIER",,,Plein jour,En agglomération,Intersection en X,Pluie forte,Deux véhicules - côté,,,,,,,,,,,1,2,2,3,3
200700039001,0007-06-18 17:10:00,7,6,18,17,10,750,117,"112, AVENUE DE CLICHY",,,Plein jour,En agglomération,Hors intersection,Normale,Autre collision,,,,,,,,,,,1,2,1,1,6
200700039002,0007-06-19 08:30:00,7,6,19,8,30,750,117,"26, RUE DES BATIGNOLLES",,,Plein jour,En agglomération,Hors intersection,Normale,Autre collision,,,,,,,,,,,1,2,1,1,6
200700039003,0007-06-19 22:28:00,7,6,19,22,28,750,117,"22, AVENUE DE LA GRANDE",,,Nuit avec éclairage allumé,En agglomération,Hors intersection,Pluie légère,Sans collision,,,,,,,,,,,5,2,1,2,7
200700039004,0007-06-20 17:45:00,7,6,20,17,45,750,117,"32, RUE DE LA JONQUIERE",,,Plein jour,En agglomération,Hors intersection,Normale,Autre collision,,,,,,,,,,,1,2,1,1,6
200700039005,0007-06-20 21:00:00,7,6,20,21,0,750,117,"/, RUE JULES BOURDAIS",,,Crépuscule ou aube,En agglomération,Intersection en T,Normale,Deux véhicules - côté,,,,,,,,,,,2,2,3,1,3
200700039006,0007-06-21 14:00:00,7,6,21,14,0,750,117,"83, AVENUE DE CLICHY",,,Plein jour,En agglomération,Hors intersection,Normale,Autre collision,,,,,,,,,,,1,2,1,1,6
200700039007,0007-06-22 12:45:00,7,6,22,12,45,750,117,"188, RUE DE COURCELLES",,,Plein jour,En agglomération,Hors intersection,Pluie légère,Autre collision,,,,,,,,,,,1,2,1,2,6
200700039008,0007-06-22 12:40:00,7,6,22,12,40,750,117,AVENUE DE SAINT OUEN,,,Plein jour,En agglomération,Intersection en T,Pluie forte,Sans collision,,,,,,,,,,,1,2,3,3,7
200700039009,0007-06-23 16:30:00,7,6,23,16,30,750,117,PLACE DE LA PORTE DE CHA,,,Plein jour,En agglomération,Place,Temps couvert,Deux véhicules - côté,,,,,,,,,,,1,2,7,8,3
200700039010,0007-06-25 21:15:00,7,6,25,21,15,750,117,"82, BOULEVARD DES BATIGN",,,Crépuscule ou aube,En agglomération,Hors intersection,Pluie légère,Deux véhicules - côté,,,,,,,,,,,2,2,1,2,3
200700039011,0007-06-26 12:40:00,7,6,26,12,40,750,117,"3, AVENUE DE LA PORTE DE",,,Plein jour,En agglomération,Hors intersection,Temps couvert,Deux véhicules - arrière,,,,,,,,,,,1,2,1,8,2
200700039012,0007-06-27 09:00:00,7,6,27,9,0,750,117,AVENUE DE LA PORTE DE CL,,,Plein jour,En agglomération,Hors intersection,Temps couvert,Deux véhicules - côté,,,,,,,,,,,1,2,1,8,3
200700039013,0007-06-27 16:50:00,7,6,27,16,50,750,117,AVENUE DE LA PORTE DE CL,,,Plein jour,En agglomération,Hors intersection,Normale,Autre collision,,,,,,,,,,,1,2,1,1,6
200700039014,0007-06-27 19:20:00,7,6,27,19,20,750,117,"9, AVENUE DE CLICHY",,,Plein jour,En agglomération,Hors intersection,Temps couvert,Autre collision,,,,,,,,,,,1,2,1,8,6
200700039015,0007-06-27 19:00:00,7,6,27,19,0,750,117,"/, RUE VERNIER",,,Plein jour,En agglomération,Intersection en X,Temps couvert,Autre collision,,,,,,,,,,,1,2,2,8,6
200700039016,0007-06-27 19:30:00,7,6,27,19,30,750,117,"66, BOULEVARD BERTHIER",,,Plein jour,En agglomération,Hors intersection,Normale,Deux véhicules - côté,,,,,,,,,,,1,2,1,1,3
200700039017,0007-06-28 02:25:00,7,6,28,2,25,750,117,"15, PLACE GENERAL CATROU",,,Nuit avec éclairage allumé,En agglomération,Place,Normale,Deux véhicules - côté,,,,,,,,,,,5,2,7,1,3
200700039018,0007-06-28 09:15:00,7,6,28,9,15,750,117,"116, RUE DE COURCELLES",,,Plein jour,En agglomération,Hors intersection,Normale,Autre collision,,,,,,,,,,,1,2,1,1,6
200700039019,0007-06-28 14:45:00,7,6,28,14,45,750,117,"82, AVENUE DE VILLIERS",,,Plein jour,En agglomération,Hors intersection,Normale,Deux véhicules - côté,,,,,,,,,,,1,2,1,1,3
200700039020,0007-06-28 15:30:00,7,6,28,15,30,750,117,"192, RUE CARDINET",,,Plein jour,En agglomération,Autre intersection,Normale,Autre collision,,,,,,,,,,,1,2,9,1,6
200700039021,0007-06-28 20:45:00,7,6,28,20,45,750,117,"23, BOULEVARD DE LA SOMM",,,Plein jour,En agglomération,Hors intersection,Normale,Deux véhicules - côté,,,,,,,,,,,1,2,1,1,3
200700039022,0007-06-29 03:45:00,7,6,29,3,45,750,117,"8, BOULEVARD BERTHIER",,,Nuit avec éclairage allumé,En agglomération,Hors intersection,Normale,Autre collision,,,,,,,,,,,5,2,1,1,6
200700039023,0007-06-29 09:15:00,7,6,29,9,15,750,117,"44, AVENUE DE VILLIERS",,,Plein jour,En agglomération,Hors intersection,Normale,Deux véhicules - côté,,,,,,,,,,,1,2,1,1,3
200700039024,0007-06-29 11:40:00,7,6,29,11,40,750,117,"02, PLACE CHARLES FILLIO",,,Plein jour,En agglomération,Intersection en T,Temps couvert,Autre collision,,,,,,,,,,,1,2,3,8,6
200700039025,0007-06-29 17:10:00,7,6,29,17,10,750,117,"86, BOULEVARD DE COURCEL",,,Plein jour,En agglomération,Hors intersection,Temps couvert,Deux véhicules - arrière,,,,,,,,,,,1,2,1,8,2
200700039026,0007-06-29 17:25:00,7,6,29,17,25,750,117,"21, BOULEVARD GOUVION SA",,,Plein jour,En agglomération,Hors intersection,Normale,Deux véhicules - arrière,,,,,,,,,,,1,2,1,1,2
200700039027,0007-06-29 17:50:00,7,6,29,17,50,750,117,"183, BOULEVARD PEREIRE",,,Plein jour,En agglomération,Hors intersection,Normale,Autre collision,,,,,,,,,,,1,2,1,1,6
200700039028,0007-06-30 20:25:00,7,6,30,20,25,750,117,"21, RUE ALBERT ROUSSEL",,,Plein jour,En agglomération,Hors intersection,Normale,Autre collision,,,,,,,,,,,1,2,1,1,6
200700039029,0007-06-01 14:00:00,7,6,1,14,0,750,118,RUE MARC SEGUIN,,,Plein jour,En agglomération,Intersection en X,Normale,Deux véhicules - côté,,,,,,,,,,,1,2,2,1,3
200700039030,0007-06-01 16:35:00,7,6,1,16,35,750,118,"14, RUE DE TORCY",,,Plein jour,En agglomération,Hors intersection,Normale,Autre collision,,,,,,,,,,,1,2,1,1,6
200700039031,0007-06-02 10:30:00,7,6,2,10,30,750,118,"150, RUE ORDENER",,,Plein jour,En agglomération,Hors intersection,Normale,Autre collision,,,,,,,,,,,1,2,1,1,6
200700039032,0007-06-03 20:05:00,7,6,3,20,5,750,118,"13, BOULEVARD NEY",,,Plein jour,En agglomération,Hors intersection,Normale,Deux véhicules - côté,,,,,,,,,,,1,2,1,1,3
200700039033,0007-06-05 15:30:00,7,6,5,15,30,750,118,"a, RUE DE LA CHAPELLE",,,Plein jour,En agglomération,Hors intersection,Normale,Deux véhicules - côté,,,,,,,,,,,1,2,1,1,3
200700039034,0007-06-06 12:50:00,7,6,6,12,50,750,118,"70, RUE JOSEPH DE MAISTR",,,Plein jour,En agglomération,Hors intersection,Normale,Autre collision,,,,,,,,,,,1,2,1,1,6
200700039035,0007-06-07 08:20:00,7,6,7,8,20,750,118,"69, RUE CHAMPIONNET",,,Plein jour,En agglomération,Hors intersection,Normale,Autre collision,,,,,,,,,,,1,2,1,1,6