accident_id,datetime,annee,mois,jour,heure,minute,departement,commune_insee,adresse,latitude,longitude,luminosite,agglomeration,intersection,meteo,collision,nb_vehicules,nb_usagers,nb_indemnes,nb_tues,nb_blesses_hosp,nb_blesses_legers,age_cond_1,age_cond_2,veh_type_cond_1,veh_type_cond_2,lum_code,agg_code,int_code,atm_code,col_code
200700039303,0007-04-26 08:30:00,7,4,26,8,30,780,646,"42, CHANTIERS (RUE DES)",,,Plein jour,En agglomération,Hors intersection,Normale,Deux véhicules - côté,,,,,,,,,,,1,2,1,1,3
200700039304,0007-05-02 08:45:00,7,5,2,8,45,780,524,RN 307,,,Plein jour,Hors agglomération,Hors intersection,Normale,Trois véhicules et plus - en chaîne,,,,,,,,,,,1,1,1,1,4
200700039305,0007-05-19 18:30:00,7,5,19,18,30,780,158,"0, GLATIGNY (RUE DE)",,,Plein jour,En agglomération,Intersection en Y,Normale,Autre collision,,,,,,,,,,,1,2,4,1,6
200700039306,0007-05-27 05:20:00,7,5,27,5,20,780,646,"1, RESERVOIRS (RUE DES)",,,Nuit avec éclairage allumé,En agglomération,Hors intersection,Normale,Autre collision,,,,,,,,,,,5,2,1,1,6
200700039307,0007-05-29 09:00:00,7,5,29,9,0,780,646,MINIERE (ROUTE DE LA),,,Plein jour,Hors agglomération,Giratoire,Normale,Deux véhicules - côté,,,,,,,,,,,1,1,6,1,3
200700039308,0007-05-31 15:45:00,7,5,31,15,45,780,646,"NEANT, YVES LE COZ RUE)",,,Plein jour,En agglomération,Intersection en X,Normale,Deux véhicules - côté,,,,,,,,,,,1,2,2,1,3
200700039309,0007-06-03 02:00:00,7,6,3,2,0,780,646,"0, M. DE LATTRE DE TASSI",,,Nuit avec éclairage allumé,En agglomération,Intersection en X,Pluie légère,Deux véhicules - côté,,,,,,,,,,,5,2,2,2,3
200700039310,0007-06-12 17:05:00,7,6,12,17,5,780,646,"NEANT, PARIS (AVENUE DE)",,,Plein jour,En agglomération,Intersection en T,Normale,Deux véhicules - côté,,,,,,,,,,,1,2,3,1,3
200700039311,0007-06-16 12:20:00,7,6,16,12,20,780,646,"0, SAINT MEDERIC (RUE)",,,Plein jour,En agglomération,Intersection en X,Normale,Autre collision,,,,,,,,,,,1,2,2,1,6
200700039312,0007-06-26 11:45:00,7,6,26,11,45,780,646,"18, REFUGE (RUE DU)",,,Plein jour,En agglomération,Hors intersection,Normale,Autre collision,,,,,,,,,,,1,2,1,1,6
200700039313,0007-02-28 07:00:00,7,2,28,7,0,780,646,"NEANT, EDOUARD LABOULAYE",,,Crépuscule ou aube,En agglomération,Intersection à plus de 4 branches,Normale,Autre collision,,,,,,,,,,,2,2,5,1,6
200700039314,0007-07-13 23:45:00,7,7,13,23,45,590,11,route de Don,50.535,2.929,Nuit avec éclairage allumé,En agglomération,Hors intersection,Normale,Autre collision,,,,,,,,,,,5,2,1,1,6
200700039315,0007-07-12 10:10:00,7,7,12,10,10,590,466,Nationale face au N° 171,50.525,3.114,Plein jour,En agglomération,Hors intersection,Normale,Autre collision,,,,,,,,,,,1,2,1,1,6
200700039316,0007-07-27 11:45:00,7,7,27,11,45,590,404,,,,Plein jour,Hors agglomération,Intersection en X,Normale,Deux véhicules - côté,,,,,,,,,,,1,1,2,1,3
200700039317,0007-07-03 20:00:00,7,7,3,20,0,590,184,,,,Plein jour,Hors agglomération,Hors intersection,Normale,Deux véhicules - frontale,,,,,,,,,,,1,1,1,1,1
200700039318,0007-07-12 14:00:00,7,7,12,14,0,590,84,,,,Plein jour,Hors agglomération,Hors intersection,Normale,Deux véhicules - côté,,,,,,,,,,,1,1,1,1,3
200700039319,0007-07-01 19:45:00,7,7,1,19,45,590,587,,50.811,2.555,Plein jour,Hors agglomération,Hors intersection,Normale,Autre collision,,,,,,,,,,,1,1,1,1,6
200700039320,0007-07-06 09:00:00,7,7,6,9,0,590,580,place Norbert Segard,50.813,2.582,Plein jour,En agglomération,Hors intersection,Normale,Autre collision,,,,,,,,,,,1,2,1,1,6
200700039321,0007-07-26 09:45:00,7,7,26,9,45,590,669,,50.782,2.404,Plein jour,Hors agglomération,Hors intersection,Normale,Deux véhicules - frontale,,,,,,,,,,,1,1,1,1,1
200700039322,0007-07-31 10:00:00,7,7,31,10,0,590,202,rue Delpierre,,,Plein jour,En agglomération,Hors intersection,Normale,Deux véhicules - côté,,,,,,,,,,,1,2,1,1,3
200700039323,0007-07-06 15:45:00,7,7,6,15,45,590,348,,50.273,3.333,Plein jour,Hors agglomération,Hors intersection,Normale,Deux véhicules - côté,,,,,,,,,,,1,1,1,1,3
200700039324,0007-07-14 17:15:00,7,7,14,17,15,590,50,RN 2 ROUTE DE MAUBEUGE,,,Plein jour,En agglomération,Hors intersection,Normale,Deux véhicules - frontale,,,,,,,,,,,1,2,1,1,1
200700039325,0007-07-19 21:15:00,7,7,19,21,15,590,534,,,,Plein jour,Hors agglomération,Hors intersection,Normale,Autre collision,,,,,,,,,,,1,1,1,1,6
200700039326,0007-07-15 13:00:00,7,7,15,13,0,590,472,,50.162,3.653,Plein jour,Hors agglomération,Hors intersection,Normale,Autre collision,,,,,,,,,,,1,1,1,1,6
200700039327,0007-07-29 18:30:00,7,7,29,18,30,590,331,,50.1,3.692,Plein jour,Hors agglomération,Hors intersection,Normale,Deux véhicules - frontale,,,,,,,,,,,1,1,1,1,1
200700039328,0007-07-12 18:30:00,7,7,12,18,30,590,85,,,,Plein jour,En agglomération,Hors intersection,Normale,Deux véhicules - côté,,,,,,,,,,,1,2,1,1,3
200700039329,0007-07-14 19:30:00,7,7,14,19,30,590,121,,,,Plein jour,Hors agglomération,Hors intersection,Normale,Deux véhicules - frontale,,,,,,,,,,,1,1,1,1,1
200700039330,0007-07-21 22:15:00,7,7,21,22,15,590,415,CD 955 PK 16200,50.236,3.453,Crépuscule ou aube,En agglomération,Hors intersection,Normale,Deux véhicules - frontale,,,,,,,,,,,2,2,1,1,1
200700039331,0007-07-01 00:15:00,7,7,1,0,15,590,449,,50.506,3.269,Nuit sans éclairage public,Hors agglomération,Hors intersection,Normale,Autre collision,,,,,,,,,,,3,1,1,1,6
200700039332,0007-07-20 10:15:00,7,7,20,10,15,590,70,,50.289,3.737,Plein jour,Hors agglomération,Hors intersection,Pluie légère,Autre collision,,,,,,,,,,,1,1,1,2,6
200700039333,0007-07-29 19:30:00,7,7,29,19,30,620,358,,50.374,2.888,Plein jour,Hors agglomération,Hors intersection,Normale,Deux véhicules - arrière,,,,,,,,,,,1,1,1,1,2
200700039334,0007-07-03 15:00:00,7,7,3,15,0,620,638,,,,Plein jour,En agglomération,Hors intersection,Normale,Deux véhicules - frontale,,,,,,,,,,,1,2,1,1,1
200700039335,0007-07-18 16:00:00,7,7,18,16,0,620,839,RUE DE BAPAUME,50.151,2.91,Plein jour,En agglomération,Hors intersection,Normale,Deux véhicules - frontale,,,,,,,,,,,1,2,1,1,1
200700039336,0007-07-29 01:30:00,7,7,29,1,30,620,817,,,,Nuit sans éclairage public,Hors agglomération,Giratoire,Normale,Sans collision,,,,,,,,,,,3,1,6,1,7
200700039337,0007-07-11 14:30:00,7,7,11,14,30,620,770,rue de busnes,50.626,2.547,Plein jour,En agglomération,Hors intersection,Normale,Deux véhicules - côté,,,,,,,,,,,1,2,1,1,3
200700039338,0007-07-21 14:15:00,7,7,21,14,15,620,376,,50.571,2.602,Plein jour,Hors agglomération,Hors intersection,Normale,Deux véhicules - arrière,,,,,,,,,,,1,1,1,1,2
200700039339,0007-07-24 11:00:00,7,7,24,11,0,620,29,rue d'en bas,,,Plein jour,En agglomération,Hors intersection,Normale,Deux véhicules - frontale,,,,,,,,,,,1,2,1,1,1
200700039340,0007-07-31 20:45:00,7,7,31,20,45,620,713,C.D.937 rue de St Venant,,,Plein jour,En agglomération,Hors intersection,Normale,Deux véhicules - frontale,,,,,,,,,,,1,2,1,1,1
200700039341,0007-07-14 14:30:00,7,7,14,14,30,620,560,Rue de la libération,,,Plein jour,En agglomération,Hors intersection,Normale,Autre collision,,,,,,,,,,,1,2,1,1,6
200700039342,0007-07-06 11:30:00,7,7,6,11,30,620,397,Rue du Château,50.872,1.874,Plein jour,En agglomération,Hors intersection,Normale,Autre collision,,,,,,,,,,,1,2,1,1,6
200700039343,0007-07-27 18:15:00,7,7,27,18,15,620,397,rue léo lagrange,,,Plein jour,En agglomération,Hors intersection,Normale,Deux véhicules - frontale,,,,,,,,,,,1,2,1,1,1
200700039344,0007-07-12 15:15:00,7,7,12,15,15,620,380,CD 57E2,50.405,2.65,Plein jour,En agglomération,Hors intersection,Normale,Deux véhicules - frontale,,,,,,,,,,,1,2,1,1,1
200700039345,0007-07-14 01:45:00,7,7,14,1,45,620,596,,50.373,1.953,Nuit sans éclairage public,Hors agglomération,Hors intersection,Normale,Trois véhicules et plus - collisions multiples,,,,,,,,,,,3,1,1,1,5
200700039346,0007-07-21 10:30:00,7,7,21,10,30,620,100,RUE DU CHATEAU,50.422,1.903,Plein jour,En agglomération,Hors intersection,Normale,Deux véhicules - côté,,,,,,,,,,,1,2,1,1,3
200700039347,0007-07-28 20:45:00,7,7,28,20,45,620,661,RD 349  PK 18+600,,,Plein jour,En agglomération,Hors intersection,Normale,Sans collision,,,,,,,,,,,1,2,1,1,7
200700039348,0007-07-31 18:15:00,7,7,31,18,15,620,38,AVENUE DU ROSSIGNOL,50.876,1.981,Plein jour,En agglomération,Hors intersection,Normale,Deux véhicules - arrière,,,,,,,,,,,1,2,1,1,2
200700039349,0007-07-29 17:15:00,7,7,29,17,15,620,704,,50.558,2.092,Plein jour,Hors agglomération,Hors intersection,Normale,Deux véhicules - frontale,,,,,,,,,,,1,1,1,1,1
200700039350,0007-07-08 00:15:00,7,7,8,0,15,620,740,D71 et VC75,,,Nuit avec éclairage non allumé,En agglomération,Intersection en T,Normale,Deux véhicules - côté,,,,,,,,,,,4,2,3,1,3
200700039351,0007-07-14 22:45:00,7,7,14,22,45,620,50,CD 108 Rue de la Besace,,,Nuit avec éclairage non allumé,En agglomération,Hors intersection,Normale,Autre collision,,,,,,,,,,,4,2,1,1,6
200700039352,0007-07-15 06:45:00,7,7,15,6,45,620,647,,,,Plein jour,Hors agglomération,Hors intersection,Normale,Deux véhicules - arrière,,,,,,,,,,,1,1,1,1,2
200700039353,0007-07-15 10:15:00,7,7,15,10,15,620,69,,,,Plein jour,Hors agglomération,Intersection en X,Normale,Deux véhicules - côté,,,,,,,,,,,1,1,2,1,3
200700039354,0007-07-24 20:00:00,7,7,24,20,0,620,835,CD 916,,,Plein jour,En agglomération,Hors intersection,Normale,Deux véhicules - côté,,,,,,,,,,,1,2,1,1,3
200700039355,0007-07-31 18:30:00,7,7,31,18,30,620,580,,,,Plein jour,Hors agglomération,Hors intersection,Normale,Autre collision,,,,,,,,,,,1,1,1,1,6
200700039356,0007-07-08 17:45:00,7,7,8,17,45,620,385,,50.253,2.49,Plein jour,Hors agglomération,Hors intersection,Temps couvert,Deux véhicules - frontale,,,,,,,,,,,1,1,1,8,1
200700039357,0007-07-15 10:30:00,7,7,15,10,30,620,45,,,,Plein jour,Hors agglomération,Intersection en X,Normale,Deux véhicules - côté,,,,,,,,,,,1,1,2,1,3
200700039358,0007-07-19 17:30:00,7,7,19,17,30,620,785,,50.352,2.549,Plein jour,Hors agglomération,Hors intersection,Normale,Trois véhicules et plus - collisions multiples,,,,,,,,,,,1,1,1,1,5
200700039359,0007-07-07 19:00:00,7,7,7,19,0,620,60,RUE CHRISTINE,50.237,2.117,Plein jour,En agglomération,Hors intersection,Normale,Deux véhicules - côté,,,,,,,,,,,1,2,1,1,3
200700039360,0007-07-07 20:00:00,7,7,7,20,0,620,881,rue de Doullens,50.216,2.185,Plein jour,En agglomération,Hors intersection,Normale,Deux véhicules - frontale,,,,,,,,,,,1,2,1,1,1
200700039361,0007-07-01 09:00:00,7,7,1,9,0,800,411,,49.888,2.549,Plein jour,Hors agglomération,Hors intersection,Normale,Deux véhicules - côté,,,,,,,,,,,1,1,1,1,3
200700039362,0007-07-02 21:00:00,7,7,2,21,0,800,62,,,,Plein jour,Hors agglomération,Hors intersection,Pluie légère,Sans collision,,,,,,,,,,,1,1,1,2,7
200700039363,0007-07-17 00:01:00,7,7,17,0,1,800,62,Rue Haute Rambure,,,Nuit avec éclairage allumé,En agglomération,Hors intersection,Normale,Autre collision,,,,,,,,,,,5,2,1,1,6
200700039364,0007-07-27 20:15:00,7,7,27,20,15,800,703,,,,Plein jour,Hors agglomération,Hors intersection,Normale,Autre collision,,,,,,,,,,,1,1,1,1,6
200700039365,0007-07-27 18:45:00,7,7,27,18,45,800,531,,,,Plein jour,Hors agglomération,Hors intersection,Normale,Sans collision,,,,,,,,,,,1,1,1,1,7
200700039366,0007-07-18 10:00:00,7,7,18,10,0,800,211,,,,Plein jour,Hors agglomération,Hors intersection,Normale,Autre collision,,,,,,,,,,,1,1,1,1,6
200700039367,0007-07-07 19:45:00,7,7,7,19,45,800,187,,49.963,2.188,Plein jour,Hors agglomération,Hors intersection,Temps éblouissant,Trois véhicules et plus - collisions multiples,,,,,,,,,,,1,1,1,7,5
200700039368,0007-07-21 06:45:00,7,7,21,6,45,800,722,,,,Plein jour,Hors agglomération,Hors intersection,Normale,Sans collision,,,,,,,,,,,1,1,1,1,7
200700039369,0007-07-22 20:45:00,7,7,22,20,45,800,650,,,,Plein jour,Hors agglomération,Hors intersection,Normale,Deux véhicules - arrière,,,,,,,,,,,1,1,1,1,2
200700039370,0007-07-13 18:45:00,7,7,13,18,45,800,578,,,,Plein jour,Hors agglomération,Hors intersection,Normale,Deux véhicules - frontale,,,,,,,,,,,1,1,1,1,1
200700039371,0007-07-31 18:00:00,7,7,31,18,0,800,446,,,,Plein jour,Hors agglomération,Hors intersection,Normale,Deux véhicules - frontale,,,,,,,,,,,1,1,1,1,1
200700039372,0007-07-06 23:15:00,7,7,6,23,15,800,368,,,,Nuit avec éclairage allumé,En agglomération,Hors intersection,Normale,Autre collision,,,,,,,,,,,5,2,1,1,6
200700039373,0007-07-19 11:30:00,7,7,19,11,30,800,373,,,,Plein jour,En agglomération,Hors intersection,Normale,Trois véhicules et plus - collisions multiples,,,,,,,,,,,1,2,1,1,5
200700039374,0007-07-14 01:30:00,7,7,14,1,30,800,688,,,,Nuit sans éclairage public,Hors agglomération,Hors intersection,Temps couvert,Autre collision,,,,,,,,,,,3,1,1,8,6
200700039375,0007-07-17 14:30:00,7,7,17,14,30,800,371,route nationale,50.224,1.921,Plein jour,En agglomération,Hors intersection,Normale,Deux véhicules - frontale,,,,,,,,,,,1,2,1,1,1
200700039376,0007-07-11 07:45:00,7,7,11,7,45,800,792,route nationale 25,,,Plein jour,En agglomération,Hors intersection,Normale,Deux véhicules - frontale,,,,,,,,,,,1,2,1,1,1
200700039377,0007-07-19 22:15:00,7,7,19,22,15,800,793,,,,Nuit sans éclairage public,Hors agglomération,Hors intersection,Normale,Deux véhicules - arrière,,,,,,,,,,,3,1,1,1,2
200700039378,0007-07-24 07:30:00,7,7,24,7,30,800,452,,49.768,2.333,Crépuscule ou aube,Hors agglomération,Hors intersection,Normale,Autre collision,,,,,,,,,,,2,1,1,1,6
200700039379,0007-07-03 07:45:00,7,7,3,7,45,800,240,Rue joliot curie,,,Plein jour,En agglomération,Hors intersection,Pluie légère,Sans collision,,,,,,,,,,,1,2,1,2,7
200700039380,0007-07-23 11:45:00,7,7,23,11,45,800,801,,,,Plein jour,Hors agglomération,Hors intersection,Pluie légère,Deux véhicules - frontale,,,,,,,,,,,1,1,1,2,1
200700039381,0007-07-24 08:15:00,7,7,24,8,15,800,557,,,,Plein jour,Hors agglomération,Hors intersection,Normale,Deux véhicules - côté,,,,,,,,,,,1,1,1,1,3
200700039382,0007-07-01 16:00:00,7,7,1,16,0,800,206,CD 20,,,Plein jour,En agglomération,Hors intersection,Normale,Deux véhicules - frontale,,,,,,,,,,,1,2,1,1,1
200700039383,0007-07-07 18:05:00,7,7,7,18,5,20,261,15 Rue Louis FRAY,49.708,3.685,Plein jour,En agglomération,Hors intersection,Normale,Autre collision,,,,,,,,,,,1,2,1,1,6
200700039384,0007-07-22 20:00:00,7,7,22,20,0,20,294,,49.524,3.585,Plein jour,Hors agglomération,Hors intersection,Normale,Deux véhicules - côté,,,,,,,,,,,1,1,1,1,3
200700039385,0007-07-23 09:15:00,7,7,23,9,15,20,338,,49.691,3.71,Plein jour,Hors agglomération,Hors intersection,Pluie forte,Sans collision,,,,,,,,,,,1,1,1,3,7
200700039386,0007-07-30 11:30:00,7,7,30,11,30,20,338,,49.696,3.712,Plein jour,Hors agglomération,Intersection en X,Normale,Trois véhicules et plus - en chaîne,,,,,,,,,,,1,1,2,1,4
200700039387,0007-07-07 21:00:00,7,7,7,21,0,20,173,Rue de la Liberté,,,Plein jour,En agglomération,Hors intersection,Normale,Deux véhicules - frontale,,,,,,,,,,,1,2,1,1,1
200700039388,0007-07-17 23:45:00,7,7,17,23,45,20,409,,49.597,3.94,Nuit sans éclairage public,Hors agglomération,Hors intersection,Normale,Deux véhicules - côté,,,,,,,,,,,3,1,1,1,3
200700039389,0007-07-22 11:30:00,7,7,22,11,30,20,510,,,,Plein jour,Hors agglomération,Hors intersection,Normale,Deux véhicules - frontale,,,,,,,,,,,1,1,1,1,1
200700039390,0007-07-07 18:45:00,7,7,7,18,45,20,117,,49.77,3.13,Plein jour,Hors agglomération,Hors intersection,Normale,Sans collision,,,,,,,,,,,1,1,1,1,7
200700039391,0007-07-07 17:15:00,7,7,7,17,15,20,397,rue du 08 mai 1945,49.722,3.228,Plein jour,En agglomération,Hors intersection,Normale,Sans collision,,,,,,,,,,,1,2,1,1,7
200700039392,0007-07-22 16:30:00,7,7,22,16,30,20,95,,49.974,3.44,Plein jour,Hors agglomération,Hors intersection,Normale,Sans collision,,,,,,,,,,,1,1,1,1,7
200700039393,0007-07-21 21:15:00,7,7,21,21,15,20,110,20 AVENUE PIERRE BECRET,49.343,3.536,Plein jour,En agglomération,Hors intersection,Normale,Autre collision,,,,,,,,,,,1,2,1,1,6
200700039394,0007-07-01 11:00:00,7,7,1,11,0,20,502,Place de l'industrie,,,Plein jour,En agglomération,Place,Normale,Autre collision,,,,,,,,,,,1,2,7,1,6
200700039395,0007-07-03 12:00:00,7,7,3,12,0,20,361,,49.899,3.629,Plein jour,En agglomération,Hors intersection,Normale,Deux véhicules - frontale,,,,,,,,,,,1,2,1,1,1
200700039396,0007-07-12 12:45:00,7,7,12,12,45,20,563,,,,Plein jour,Hors agglomération,Hors intersection,Normale,Deux véhicules - frontale,,,,,,,,,,,1,1,1,1,1
200700039397,0007-07-14 02:00:00,7,7,14,2,0,20,298,RUE DU GARD,50.002,3.673,Nuit sans éclairage public,En agglomération,Hors intersection,Normale,Autre collision,,,,,,,,,,,3,2,1,1,6
200700039398,0007-07-14 14:15:00,7,7,14,14,15,20,381,AVENUE CHAMPS ELYSEES,49.918,4.089,Plein jour,En agglomération,Hors intersection,Normale,Trois véhicules et plus - collisions multiples,,,,,,,,,,,1,2,1,1,5
200700039399,0007-07-02 08:00:00,7,7,2,8,0,600,461,,,,Plein jour,Hors agglomération,Hors intersection,Normale,Deux véhicules - côté,,,,,,,,,,,1,1,1,1,3
200700039400,0007-07-05 22:00:00,7,7,5,22,0,600,235,,,,Nuit sans éclairage public,Hors agglomération,Hors intersection,Pluie forte,Deux véhicules - frontale,,,,,,,,,,,3,1,1,3,1
200700039401,0007-07-26 05:45:00,7,7,26,5,45,600,577,Route Nationale 31,49.456,1.794,Crépuscule ou aube,En agglomération,Intersection en X,Normale,Deux véhicules - frontale,,,,,,,,,,,2,2,2,1,1
200700039402,0007-07-13 11:45:00,7,7,13,11,45,600,361,,,,Plein jour,Hors agglomération,Hors intersection,Normale,Deux véhicules - frontale,,,,,,,,,,,1,1,1,1,1
200700039403,0007-07-15 11:00:00,7,7,15,11,0,600,97,route de boutencourt,,,Plein jour,En agglomération,Hors intersection,Normale,Deux véhicules - frontale,,,,,,,,,,,1,2,1,1,1
200700039404,0007-07-18 13:00:00,7,7,18,13,0,600,211,rue Camille PISSARO,,,Plein jour,En agglomération,Hors intersection,Normale,Deux véhicules - frontale,,,,,,,,,,,1,2,1,1,1
200700039405,0007-07-19 22:15:00,7,7,19,22,15,600,195,,,,Crépuscule ou aube,Hors agglomération,Autre intersection,Normale,Deux véhicules - arrière,,,,,,,,,,,2,1,9,1,2
200700039406,0007-07-01 18:15:00,7,7,1,18,15,600,314,RUE PRINCIPALE,,,Plein jour,En agglomération,Hors intersection,Normale,Deux véhicules - côté,,,,,,,,,,,1,2,1,1,3
200700039407,0007-07-02 16:45:00,7,7,2,16,45,600,76,PK 17,,,Plein jour,En agglomération,Hors intersection,Normale,Autre collision,,,,,,,,,,,1,2,1,1,6
200700039408,0007-07-06 09:00:00,7,7,6,9,0,600,194,,,,Plein jour,Hors agglomération,Hors intersection,Vent fort / tempête,Deux véhicules - frontale,,,,,,,,,,,1,1,1,6,1
200700039409,0007-07-09 20:30:00,7,7,9,20,30,600,84,,,,Plein jour,Hors agglomération,Hors intersection,Normale,Autre collision,,,,,,,,,,,1,1,1,1,6
200700039410,0007-07-08 16:00:00,7,7,8,16,0,600,433,,49.256,2.209,Plein jour,Hors agglomération,Hors intersection,Pluie forte,Deux véhicules - frontale,,,,,,,,,,,1,1,1,3,1
200700039411,0007-07-21 17:00:00,7,7,21,17,0,600,65,RUE BERNARD ANTOINE GIRA,,,Plein jour,En agglomération,Hors intersection,Normale,Trois véhicules et plus - collisions multiples,,,,,,,,,,,1,2,1,1,5
200700039412,0007-07-15 20:15:00,7,7,15,20,15,600,454,,,,Plein jour,Hors agglomération,Hors intersection,Normale,Sans collision,,,,,,,,,,,1,1,1,1,7
200700039413,0007-07-18 17:30:00,7,7,18,17,30,600,104,RUE ADRIEN MAITRE,,,Plein jour,En agglomération,Hors intersection,Normale,Autre collision,,,,,,,,,,,1,2,1,1,6
200700039414,0007-07-14 05:00:00,7,7,14,5,0,600,360,rue Jules michelet,,,Nuit avec éclairage allumé,En agglomération,Hors intersection,Normale,Autre collision,,,,,,,,,,,5,2,1,1,6
200700039415,0007-07-23 19:00:00,7,7,23,19,0,600,524,rue Parmentier,,,Plein jour,En agglomération,Hors intersection,Temps éblouissant,Deux véhicules - côté,,,,,,,,,,,1,2,1,7,3
200700039416,0007-07-02 08:30:00,7,7,2,8,30,600,439,Rue Roland Bouchinet,,,Plein jour,En agglomération,Hors intersection,Normale,Autre collision,,,,,,,,,,,1,2,1,1,6
200700039417,0007-07-04 11:30:00,7,7,4,11,30,600,439,CD137 et CD929,,,Plein jour,En agglomération,Intersection en X,Normale,Deux véhicules - côté,,,,,,,,,,,1,2,2,1,3
200700039418,0007-07-05 07:45:00,7,7,5,7,45,600,116,,49.318,2.361,Plein jour,Hors agglomération,Hors intersection,Pluie légère,Deux véhicules - frontale,,,,,,,,,,,1,1,1,2,1
200700039419,0007-07-04 22:00:00,7,7,4,22,0,600,374,,,,Crépuscule ou aube,Hors agglomération,Hors intersection,Normale,Sans collision,,,,,,,,,,,2,1,1,1,7
200700039420,0007-07-28 02:00:00,7,7,28,2,0,600,581,,49.53,2.402,Nuit sans éclairage public,Hors agglomération,Hors intersection,Pluie légère,Sans collision,,,,,,,,,,,3,1,1,2,7
200700039421,0007-07-07 14:15:00,7,7,7,14,15,600,491,,,,Plein jour,Hors agglomération,Hors intersection,Normale,Deux véhicules - frontale,,,,,,,,,,,1,1,1,1,1
200700039422,0007-07-29 23:30:00,7,7,29,23,30,600,25,Rue du 8 Mai 1945,,,Nuit avec éclairage allumé,En agglomération,Hors intersection,Normale,Deux véhicules - côté,,,,,,,,,,,5,2,1,1,3
200700039423,0007-07-11 18:00:00,7,7,11,18,0,600,537,,49.523,2.932,Plein jour,Hors agglomération,Hors intersection,Normale,Deux véhicules - arrière,,,,,,,,,,,1,1,1,1,2
200700039424,0007-07-17 19:15:00,7,7,17,19,15,600,147,,49.5,2.85,Crépuscule ou aube,Hors agglomération,Hors intersection,Normale,Deux véhicules - arrière,,,,,,,,,,,2,1,1,1,2
200700039425,0007-07-02 12:00:00,7,7,2,12,0,600,538,,,,Plein jour,Hors agglomération,Hors intersection,Normale,Sans collision,,,,,,,,,,,1,1,1,1,7
200700039426,0007-07-04 07:45:00,7,7,4,7,45,600,191,,,,Plein jour,Hors agglomération,Giratoire,Normale,Sans collision,,,,,,,,,,,1,1,6,1,7
200700039427,0007-07-30 13:30:00,7,7,30,13,30,600,326,,,,Plein jour,Hors agglomération,Hors intersection,Normale,Deux véhicules - arrière,,,,,,,,,,,1,1,1,1,2
200700039428,0007-07-11 17:30:00,7,7,11,17,30,600,117,Rue du buisson du guet,,,Plein jour,En agglomération,Autre intersection,Normale,Deux véhicules - frontale,,,,,,,,,,,1,2,9,1,1
200700039429,0007-07-14 16:00:00,7,7,14,16,0,600,471,Rue de Paris,,,Plein jour,En agglomération,Hors intersection,Normale,Autre collision,,,,,,,,,,,1,2,1,1,6
200700039430,0007-07-03 10:30:00,7,7,3,10,30,600,612,rue du Moulin St Rieul,49.218,2.575,Nuit avec éclairage allumé,En agglomération,Hors intersection,Pluie légère,Deux véhicules - arrière,,,,,,,,,,,5,2,1,2,2
200700039431,0007-07-07 10:15:00,7,7,7,10,15,600,612,,,,Plein jour,Hors agglomération,Hors intersection,Normale,Trois véhicules et plus - collisions multiples,,,,,,,,,,,1,1,1,1,5
200700039432,0007-07-28 19:45:00,7,7,28,19,45,600,138,,,,Crépuscule ou aube,Hors agglomération,Hors intersection,Normale,Deux véhicules - arrière,,,,,,,,,,,2,1,1,1,2
200700039433,0007-07-04 18:30:00,7,7,4,18,30,600,5,,,,Plein jour,Hors agglomération,Hors intersection,Normale,Deux véhicules - frontale,,,,,,,,,,,1,1,1,1,1
200700039434,0007-07-06 09:15:00,7,7,6,9,15,600,380,,,,Plein jour,En agglomération,Hors intersection,Normale,Deux véhicules - frontale,,,,,,,,,,,1,2,1,1,1
200700039435,0007-07-28 15:30:00,7,7,28,15,30,600,69,,49.156,2.93,Plein jour,Hors agglomération,Hors intersection,Normale,Deux véhicules - frontale,,,,,,,,,,,1,1,1,1,1
200700039436,0007-07-06 19:30:00,7,7,6,19,30,600,139,30 rue Alfred de ROUZE,,,Plein jour,En agglomération,Hors intersection,Normale,Deux véhicules - côté,,,,,,,,,,,1,2,1,1,3
200700039437,0007-07-22 01:30:00,7,7,22,1,30,600,139,,,,Plein jour,Hors agglomération,Hors intersection,Normale,Autre collision,,,,,,,,,,,1,1,1,1,6
200700039438,0007-07-19 16:00:00,7,7,19,16,0,600,670,,,,Plein jour,Hors agglomération,Hors intersection,Normale,Autre collision,,,,,,,,,,,1,1,1,1,6
200700039439,0007-07-25 14:00:00,7,7,25,14,0,600,22,,49.234,2.539,Plein jour,Hors agglomération,Hors intersection,Normale,Deux véhicules - côté,,,,,,,,,,,1,1,1,1,3
200700039440,0007-07-13 17:00:00,7,7,13,17,0,600,176,avenue Kennedy,,,Plein jour,En agglomération,Hors intersection,Normale,Deux véhicules - côté,,,,,,,,,,,1,2,1,1,3
200700039441,0007-07-20 18:00:00,7,7,20,18,0,600,83,rue du pressoir,,,Plein jour,En agglomération,Hors intersection,Normale,Deux véhicules - arrière,,,,,,,,,,,1,2,1,1,2