accident_id,datetime,annee,mois,jour,heure,minute,departement,commune_insee,adresse,latitude,longitude,luminosite,agglomeration,intersection,meteo,collision,nb_vehicules,nb_usagers,nb_indemnes,nb_tues,nb_blesses_hosp,nb_blesses_legers,age_cond_1,age_cond_2,veh_type_cond_1,veh_type_cond_2,lum_code,agg_code,int_code,atm_code,col_code
200700039442,0007-07-14 11:45:00,7,7,14,11,45,600,667,,,,Crépuscule ou aube,En agglomération,Intersection en X,Normale,Autre collision,,,,,,,,,,,2,2,2,1,6
200700039443,0007-07-04 09:15:00,7,7,4,9,15,760,614,,,,Plein jour,Hors agglomération,Hors intersection,Pluie forte,Deux véhicules - frontale,,,,,,,,,,,1,1,1,3,1
200700039444,0007-07-07 15:30:00,7,7,7,15,30,760,81,N°10 AVENUE RAUSS,49.964,1.189,Plein jour,En agglomération,Hors intersection,Normale,Autre collision,,,,,,,,,,,1,2,1,1,6
200700039445,0007-07-14 11:30:00,7,7,14,11,30,760,400,Rue du Gal de Gaulle,,,Plein jour,En agglomération,Intersection en X,Temps couvert,Deux véhicules - côté,,,,,,,,,,,1,2,2,8,3
200700039446,0007-07-22 21:45:00,7,7,22,21,45,760,405,,,,Crépuscule ou aube,Hors agglomération,Hors intersection,Normale,Sans collision,,,,,,,,,,,2,1,1,1,7
200700039447,0007-07-27 11:00:00,7,7,27,11,0,760,405,,,,Plein jour,Hors agglomération,Passage à niveau,Normale,Deux véhicules - côté,,,,,,,,,,,1,1,8,1,3
200700039448,0007-07-27 15:15:00,7,7,27,15,15,760,112,,,,Plein jour,Hors agglomération,Hors intersection,Normale,Trois véhicules et plus - collisions multiples,,,,,,,,,,,1,1,1,1,5
200700039449,0007-07-25 14:15:00,7,7,25,14,15,760,654,,49.684,1.023,Plein jour,Hors agglomération,Hors intersection,Normale,Trois véhicules et plus - en chaîne,,,,,,,,,,,1,1,1,1,4
200700039450,0007-07-18 23:00:00,7,7,18,23,0,760,753,,49.362,1.181,Nuit sans éclairage public,Hors agglomération,Hors intersection,Normale,Trois véhicules et plus - collisions multiples,,,,,,,,,,,3,1,1,1,5
200700039451,0007-07-31 10:00:00,7,7,31,10,0,760,473,,,,Plein jour,Hors agglomération,Hors intersection,Normale,Autre collision,,,,,,,,,,,1,1,1,1,6
200700039452,0007-07-02 18:15:00,7,7,2,18,15,760,317,,,,Plein jour,Hors agglomération,Hors intersection,Normale,Deux véhicules - frontale,,,,,,,,,,,1,1,1,1,1
200700039453,0007-07-17 15:00:00,7,7,17,15,0,760,143,,,,Plein jour,Hors agglomération,Hors intersection,Normale,Deux véhicules - frontale,,,,,,,,,,,1,1,1,1,1
200700039454,0007-07-15 06:30:00,7,7,15,6,30,760,531,,,,Plein jour,Hors agglomération,Hors intersection,Normale,Sans collision,,,,,,,,,,,1,1,1,1,7
200700039455,0007-07-22 16:30:00,7,7,22,16,30,760,649,,,,Plein jour,Hors agglomération,Hors intersection,Normale,Deux véhicules - frontale,,,,,,,,,,,1,1,1,1,1
200700039456,0007-07-20 11:45:00,7,7,20,11,45,760,122,route des polonais,,,Plein jour,En agglomération,Hors intersection,Normale,Deux véhicules - côté,,,,,,,,,,,1,2,1,1,3
200700039457,0007-07-27 09:15:00,7,7,27,9,15,760,462,route de londinieres,,,Plein jour,En agglomération,Intersection en X,Normale,Deux véhicules - côté,,,,,,,,,,,1,2,2,1,3
200700039458,0007-07-20 19:30:00,7,7,20,19,30,760,739,,49.836,1.716,Plein jour,Hors agglomération,Hors intersection,Normale,Deux véhicules - côté,,,,,,,,,,,1,1,1,1,3
200700039459,0007-07-13 15:30:00,7,7,13,15,30,760,261,,,,Plein jour,Hors agglomération,Intersection en X,Normale,Deux véhicules - côté,,,,,,,,,,,1,1,2,1,3
200700039460,0007-07-08 09:00:00,7,7,8,9,0,760,495,RUE DU VAL DE L'ESNE,,,Plein jour,En agglomération,Hors intersection,Normale,Autre collision,,,,,,,,,,,1,2,1,1,6
200700039461,0007-07-21 12:30:00,7,7,21,12,30,760,57,08 avenue André Maurois,,,Plein jour,En agglomération,Hors intersection,Normale,Deux véhicules - arrière,,,,,,,,,,,1,2,1,1,2
200700039462,0007-07-09 17:00:00,7,7,9,17,0,760,748,,49.813,0.641,Plein jour,Hors agglomération,Intersection en X,Normale,Deux véhicules - frontale,,,,,,,,,,,1,1,2,1,1
200700039463,0007-07-11 21:00:00,7,7,11,21,0,760,686,,,,Plein jour,Hors agglomération,Intersection en X,Normale,Deux véhicules - côté,,,,,,,,,,,1,1,2,1,3
200700039464,0007-07-11 13:45:00,7,7,11,13,45,760,45,,,,Plein jour,Hors agglomération,Hors intersection,Normale,Deux véhicules - frontale,,,,,,,,,,,1,1,1,1,1
200700039465,0007-07-14 18:15:00,7,7,14,18,15,760,132,,,,Plein jour,Hors agglomération,Hors intersection,Normale,Autre collision,,,,,,,,,,,1,1,1,1,6
200700039466,0007-07-31 16:00:00,7,7,31,16,0,760,6,ROUTE DE ROUEN,49.701,0.818,Plein jour,En agglomération,Intersection en T,Temps éblouissant,Deux véhicules - côté,,,,,,,,,,,1,2,3,7,3
200700039467,0007-07-01 20:45:00,7,7,1,20,45,270,568,,48.971,0.88,Plein jour,Hors agglomération,Hors intersection,Normale,Autre collision,,,,,,,,,,,1,1,1,1,6
200700039468,0007-07-06 09:30:00,7,7,6,9,30,270,161,,,,Plein jour,Hors agglomération,Hors intersection,Normale,Deux véhicules - côté,,,,,,,,,,,1,1,1,1,3
200700039469,0007-07-06 11:45:00,7,7,6,11,45,270,287,RUE CLERMONT TONNERRE,,,Plein jour,En agglomération,Hors intersection,Normale,Autre collision,,,,,,,,,,,1,2,1,1,6
200700039470,0007-07-06 19:00:00,7,7,6,19,0,270,524,CD613,,,Plein jour,En agglomération,Hors intersection,Normale,Deux véhicules - arrière,,,,,,,,,,,1,2,1,1,2
200700039471,0007-07-25 22:30:00,7,7,25,22,30,270,242,,,,Nuit avec éclairage non allumé,Hors agglomération,Hors intersection,Normale,Autre collision,,,,,,,,,,,4,1,1,1,6
200700039472,0007-07-30 06:00:00,7,7,30,6,0,270,306,D 6154 PK 23 + 100,48.975,1.16,Crépuscule ou aube,En agglomération,Hors intersection,Brouillard / fumée,Autre collision,,,,,,,,,,,2,2,1,5,6
200700039473,0007-07-18 16:30:00,7,7,18,16,30,270,2,,48.778,1.116,Plein jour,Hors agglomération,Hors intersection,Normale,Deux véhicules - côté,,,,,,,,,,,1,1,1,1,3
200700039474,0007-07-04 00:15:00,7,7,4,0,15,270,136,,49.008,1.447,Nuit sans éclairage public,Hors agglomération,Hors intersection,Normale,Autre collision,,,,,,,,,,,3,1,1,1,6
200700039475,0007-07-07 20:45:00,7,7,7,20,45,270,355,,,,Plein jour,Hors agglomération,Hors intersection,Normale,Sans collision,,,,,,,,,,,1,1,1,1,7
200700039476,0007-07-13 21:00:00,7,7,13,21,0,270,230,place du marché,48.87,1.419,Crépuscule ou aube,En agglomération,Giratoire,Normale,Deux véhicules - frontale,,,,,,,,,,,2,2,6,1,1
200700039477,0007-07-20 21:45:00,7,7,20,21,45,270,278,rue aristide briand,48.915,1.44,Crépuscule ou aube,En agglomération,Autre intersection,Normale,Deux véhicules - côté,,,,,,,,,,,2,2,9,1,3
200700039478,0007-07-23 15:45:00,7,7,23,15,45,270,114,,48.96,1.431,Plein jour,Hors agglomération,Hors intersection,Pluie légère,Sans collision,,,,,,,,,,,1,1,1,2,7
200700039479,0007-07-26 00:45:00,7,7,26,0,45,270,410,,49.01,1.28,Nuit sans éclairage public,Hors agglomération,Hors intersection,Normale,Sans collision,,,,,,,,,,,3,1,1,1,7
200700039480,0007-07-29 18:15:00,7,7,29,18,15,270,510,,49.017,1.344,Plein jour,Hors agglomération,Hors intersection,Pluie forte,Autre collision,,,,,,,,,,,1,1,1,3,6
200700039481,0007-07-08 02:00:00,7,7,8,2,0,270,43,,,,Nuit sans éclairage public,Hors agglomération,Hors intersection,Normale,Autre collision,,,,,,,,,,,3,1,1,1,6
200700039482,0007-07-07 15:15:00,7,7,7,15,15,270,159,,48.799,0.886,Plein jour,Hors agglomération,Hors intersection,Normale,Deux véhicules - frontale,,,,,,,,,,,1,1,1,1,1
200700039483,0007-07-11 20:15:00,7,7,11,20,15,270,96,,48.887,0.67,Plein jour,Hors agglomération,Intersection en X,Normale,Deux véhicules - côté,,,,,,,,,,,1,1,2,1,3
200700039484,0007-07-28 17:15:00,7,7,28,17,15,270,502,,,,Plein jour,Hors agglomération,Hors intersection,Normale,Deux véhicules - frontale,,,,,,,,,,,1,1,1,1,1
200700039485,0007-07-02 17:15:00,7,7,2,17,15,270,70,Route des Andelys,,,Plein jour,En agglomération,Hors intersection,Normale,Autre collision,,,,,,,,,,,1,2,1,1,6
200700039486,0007-07-17 09:15:00,7,7,17,9,15,270,16,avenue de la république,,,Plein jour,En agglomération,Autre intersection,Temps éblouissant,Deux véhicules - côté,,,,,,,,,,,1,2,9,7,3
200700039487,0007-07-26 21:30:00,7,7,26,21,30,270,625,CD6014,,,Plein jour,En agglomération,Hors intersection,Normale,Deux véhicules - arrière,,,,,,,,,,,1,2,1,1,2
200700039488,0007-07-09 19:00:00,7,7,9,19,0,270,197,,49.174,1.655,Plein jour,Hors agglomération,Hors intersection,Pluie légère,Deux véhicules - frontale,,,,,,,,,,,1,1,1,2,1
200700039489,0007-07-10 14:30:00,7,7,10,14,30,270,56,rue St Michel/Rue du Nor,49.1,0.599,Plein jour,En agglomération,Hors intersection,Normale,Deux véhicules - côté,,,,,,,,,,,1,2,1,1,3
200700039490,0007-07-17 19:15:00,7,7,17,19,15,270,56,boulevard de normadie,49.104,0.597,Plein jour,En agglomération,Hors intersection,Normale,Deux véhicules - arrière,,,,,,,,,,,1,2,1,1,2
200700039491,0007-07-02 17:45:00,7,7,2,17,45,270,356,ROUTE DE BROGLIE,,,Plein jour,En agglomération,Hors intersection,Normale,Deux véhicules - frontale,,,,,,,,,,,1,2,1,1,1
200700039492,0007-07-06 12:45:00,7,7,6,12,45,270,444,,,,Plein jour,Hors agglomération,Hors intersection,Normale,Deux véhicules - côté,,,,,,,,,,,1,1,1,1,3
200700039493,0007-07-15 20:45:00,7,7,15,20,45,270,492,Rue de la mairie,,,Plein jour,En agglomération,Intersection en X,Normale,Deux véhicules - côté,,,,,,,,,,,1,2,2,1,3
200700039494,0007-07-28 15:30:00,7,7,28,15,30,270,290,,,,Plein jour,Hors agglomération,Hors intersection,Normale,Deux véhicules - frontale,,,,,,,,,,,1,1,1,1,1
200700039495,0007-07-05 23:00:00,7,7,5,23,0,270,335,,49.121,1.177,Nuit sans éclairage public,Hors agglomération,Hors intersection,Pluie légère,Deux véhicules - frontale,,,,,,,,,,,3,1,1,2,1
200700039496,0007-07-12 12:15:00,7,7,12,12,15,270,3,,49.171,1.136,Plein jour,Hors agglomération,Hors intersection,Temps couvert,Deux véhicules - frontale,,,,,,,,,,,1,1,1,8,1
200700039497,0007-07-10 13:30:00,7,7,10,13,30,270,676,,49.205,1.277,Plein jour,Hors agglomération,Hors intersection,Normale,Deux véhicules - côté,,,,,,,,,,,1,1,1,1,3
200700039498,0007-07-12 12:45:00,7,7,12,12,45,270,249,,,,Plein jour,Hors agglomération,Hors intersection,Normale,Deux véhicules - frontale,,,,,,,,,,,1,1,1,1,1
200700039499,0007-07-22 16:30:00,7,7,22,16,30,270,322,,49.232,1.042,Plein jour,Hors agglomération,Hors intersection,Normale,Deux véhicules - frontale,,,,,,,,,,,1,1,1,1,1
200700039500,0007-07-11 18:45:00,7,7,11,18,45,270,428,,,,Plein jour,Hors agglomération,Hors intersection,Normale,Deux véhicules - côté,,,,,,,,,,,1,1,1,1,3
200700039501,0007-07-01 14:15:00,7,7,1,14,15,350,110,RD 20 RUE DE DINGE,48.336,-1.647,Plein jour,En agglomération,Hors intersection,Normale,Deux véhicules - frontale,,,,,,,,,,,1,2,1,1,1
200700039502,0007-07-05 14:15:00,7,7,5,14,15,350,3,,48.286,-1.602,Plein jour,Hors agglomération,Hors intersection,Pluie légère,Trois véhicules et plus - collisions multiples,,,,,,,,,,,1,1,1,2,5
200700039503,0007-07-27 18:15:00,7,7,27,18,15,350,130,,48.287,-1.797,Plein jour,Hors agglomération,Hors intersection,Normale,Autre collision,,,,,,,,,,,1,1,1,1,6
200700039504,0007-07-09 20:15:00,7,7,9,20,15,350,117,,48.165,-2.211,Plein jour,Hors agglomération,Hors intersection,Normale,Deux véhicules - frontale,,,,,,,,,,,1,1,1,1,1
200700039505,0007-07-13 23:30:00,7,7,13,23,30,350,37,,,,Nuit sans éclairage public,Hors agglomération,Hors intersection,Normale,Autre collision,,,,,,,,,,,3,1,1,1,6
200700039506,0007-07-09 06:30:00,7,7,9,6,30,350,100,,,,Plein jour,Hors agglomération,Hors intersection,Normale,Deux véhicules - frontale,,,,,,,,,,,1,1,1,1,1
200700039507,0007-07-31 18:00:00,7,7,31,18,0,350,18,,48.44,-1.141,Plein jour,Hors agglomération,Hors intersection,Temps éblouissant,Deux véhicules - frontale,,,,,,,,,,,1,1,1,7,1
200700039508,0007-07-12 21:15:00,7,7,12,21,15,350,257,PLACE GENERAL DE GAULLE,48.416,-1.365,Plein jour,En agglomération,Hors intersection,Normale,Deux véhicules - côté,,,,,,,,,,,1,2,1,1,3
200700039509,0007-07-13 21:00:00,7,7,13,21,0,350,253,,48.253,-1.419,Plein jour,Hors agglomération,Hors intersection,Normale,Autre collision,,,,,,,,,,,1,1,1,1,6
200700039510,0007-07-02 08:00:00,7,7,2,8,0,350,13,,,,Plein jour,Hors agglomération,Hors intersection,Normale,Deux véhicules - côté,,,,,,,,,,,1,1,1,1,3
200700039511,0007-07-09 15:00:00,7,7,9,15,0,350,236,,,,Plein jour,Hors agglomération,Hors intersection,Normale,Deux véhicules - côté,,,,,,,,,,,1,1,1,1,3
200700039512,0007-07-05 17:00:00,7,7,5,17,0,350,12,ZA DE  CHATEAUGAILLARD,,,Plein jour,En agglomération,Hors intersection,Normale,Deux véhicules - côté,,,,,,,,,,,1,2,1,1,3
200700039513,0007-07-19 09:45:00,7,7,19,9,45,350,145,,47.76,-1.903,Plein jour,Hors agglomération,Hors intersection,Normale,Sans collision,,,,,,,,,,,1,1,1,1,7
200700039514,0007-07-21 13:00:00,7,7,21,13,0,350,12,,,,Plein jour,Hors agglomération,Hors intersection,Normale,Deux véhicules - côté,,,,,,,,,,,1,1,1,1,3
200700039515,0007-07-06 19:15:00,7,7,6,19,15,350,126,,,,Plein jour,Hors agglomération,Hors intersection,Normale,Sans collision,,,,,,,,,,,1,1,1,1,7
200700039516,0007-07-13 15:00:00,7,7,13,15,0,350,139,E DE LA CALE DE CHANCORS,,,Plein jour,En agglomération,Hors intersection,Normale,Deux véhicules - côté,,,,,,,,,,,1,2,1,1,3
200700039517,0007-07-17 23:45:00,7,7,17,23,45,350,126,,,,Nuit sans éclairage public,Hors agglomération,Hors intersection,Normale,Autre collision,,,,,,,,,,,3,1,1,1,6
200700039518,0007-07-25 06:45:00,7,7,25,6,45,350,84,29 rue de l 'avenir,,,Plein jour,En agglomération,Hors intersection,Normale,Deux véhicules - frontale,,,,,,,,,,,1,2,1,1,1
200700039519,0007-07-28 05:45:00,7,7,28,5,45,350,160,,,,Crépuscule ou aube,Hors agglomération,Hors intersection,Pluie légère,Autre collision,,,,,,,,,,,2,1,1,2,6
200700039520,0007-07-13 18:45:00,7,7,13,18,45,350,299,,,,Plein jour,Hors agglomération,Intersection à plus de 4 branches,Normale,Deux véhicules - côté,,,,,,,,,,,1,1,5,1,3
200700039521,0007-07-23 13:45:00,7,7,23,13,45,350,299,Rue du Clos Poulet,,,Plein jour,En agglomération,Hors intersection,Normale,Autre collision,,,,,,,,,,,1,2,1,1,6
200700039522,0007-07-20 17:00:00,7,7,20,17,0,350,179,rue des trois cornières,,,Plein jour,En agglomération,Hors intersection,Temps couvert,Deux véhicules - côté,,,,,,,,,,,1,2,1,8,3
200700039523,0007-07-03 10:15:00,7,7,3,10,15,350,85,,48.406,-1.76,Plein jour,Hors agglomération,Hors intersection,Temps couvert,Deux véhicules - côté,,,,,,,,,,,1,1,1,8,3
200700039524,0007-07-19 18:30:00,7,7,19,18,30,350,256,Bd du Béchet,,,Plein jour,En agglomération,Hors intersection,Normale,Deux véhicules - côté,,,,,,,,,,,1,2,1,1,3
200700039525,0007-07-06 16:45:00,7,7,6,16,45,350,350,,,,Plein jour,Hors agglomération,Hors intersection,Normale,Deux véhicules - côté,,,,,,,,,,,1,1,1,1,3
200700039526,0007-07-14 12:00:00,7,7,14,12,0,350,109,,,,Plein jour,Hors agglomération,Hors intersection,Normale,Autre collision,,,,,,,,,,,1,1,1,1,6
200700039527,0007-07-09 19:15:00,7,7,9,19,15,350,264,,,,Plein jour,Hors agglomération,Hors intersection,Normale,Autre collision,,,,,,,,,,,1,1,1,1,6
200700039528,0007-07-15 11:30:00,7,7,15,11,30,350,99,,,,Nuit sans éclairage public,Hors agglomération,Intersection en X,Normale,Deux véhicules - côté,,,,,,,,,,,3,1,2,1,3
200700039529,0007-07-08 17:30:00,7,7,8,17,30,350,359,,,,Plein jour,Hors agglomération,Hors intersection,Normale,Deux véhicules - frontale,,,,,,,,,,,1,1,1,1,1
200700039530,0007-07-29 11:15:00,7,7,29,11,15,350,262,,47.893,-1.459,Plein jour,Hors agglomération,Intersection en X,Temps couvert,Deux véhicules - côté,,,,,,,,,,,1,1,2,8,3
200700039531,0007-07-04 14:15:00,7,7,4,14,15,220,326,,48.44,-2.427,Plein jour,Hors agglomération,Intersection en X,Pluie légère,Deux véhicules - côté,,,,,,,,,,,1,1,2,2,3
200700039532,0007-07-18 18:00:00,7,7,18,18,0,220,93,,48.486,-2.514,Plein jour,Hors agglomération,Hors intersection,Pluie légère,Deux véhicules - côté,,,,,,,,,,,1,1,1,2,3
200700039533,0007-07-28 07:00:00,7,7,28,7,0,220,162,,48.773,-3.026,Crépuscule ou aube,Hors agglomération,Hors intersection,Pluie légère,Deux véhicules - frontale,,,,,,,,,,,2,1,1,2,1
200700039534,0007-07-30 07:30:00,7,7,30,7,30,220,389,,,,Crépuscule ou aube,Hors agglomération,Hors intersection,Normale,Deux véhicules - côté,,,,,,,,,,,2,1,1,1,3
200700039535,0007-07-27 14:15:00,7,7,27,14,15,220,262,rue de la corderie,48.411,-2.916,Plein jour,En agglomération,Hors intersection,Normale,Autre collision,,,,,,,,,,,1,2,1,1,6
200700039536,0007-07-04 17:15:00,7,7,4,17,15,220,208,,48.307,-2.041,Plein jour,Hors agglomération,Hors intersection,Normale,Deux véhicules - frontale,,,,,,,,,,,1,1,1,1,1
200700039537,0007-07-22 18:00:00,7,7,22,18,0,220,267,route de Plénée Jugon,,,Plein jour,En agglomération,Hors intersection,Normale,Deux véhicules - côté,,,,,,,,,,,1,2,1,1,3
200700039538,0007-07-14 12:15:00,7,7,14,12,15,220,76,,48.593,-2.382,Plein jour,Hors agglomération,Hors intersection,Normale,Deux véhicules - frontale,,,,,,,,,,,1,1,1,1,1
200700039539,0007-07-11 20:30:00,7,7,11,20,30,220,183,,48.175,-2.6,Plein jour,Hors agglomération,Hors intersection,Normale,Deux véhicules - côté,,,,,,,,,,,1,1,1,1,3
200700039540,0007-07-03 12:15:00,7,7,3,12,15,220,70,BOULEVARD CLEMENCEAU,48.561,-3.149,Plein jour,En agglomération,Hors intersection,Normale,Autre collision,,,,,,,,,,,1,2,1,1,6
200700039541,0007-07-31 12:30:00,7,7,31,12,30,220,67,route de Bourbriac,,,Plein jour,En agglomération,Hors intersection,Normale,Deux véhicules - côté,,,,,,,,,,,1,2,1,1,3
200700039542,0007-07-10 18:00:00,7,7,10,18,0,220,4,,48.659,-3.326,Plein jour,Hors agglomération,Hors intersection,Normale,Deux véhicules - frontale,,,,,,,,,,,1,1,1,1,1
200700039543,0007-07-24 10:45:00,7,7,24,10,45,220,266,Rue René Rollland,48.24,-3.318,Plein jour,En agglomération,Hors intersection,Normale,Deux véhicules - frontale,,,,,,,,,,,1,2,1,1,1
200700039544,0007-07-16 16:45:00,7,7,16,16,45,220,207,,48.583,-3.493,Plein jour,Hors agglomération,Hors intersection,Normale,Sans collision,,,,,,,,,,,1,1,1,1,7
200700039545,0007-07-31 09:00:00,7,7,31,9,0,220,131,Lieu dit les 4 vents,48.51,-3.49,Plein jour,En agglomération,Hors intersection,Normale,Deux véhicules - frontale,,,,,,,,,,,1,2,1,1,1
200700039546,0007-07-02 13:15:00,7,7,2,13,15,290,28,MMMMM,48.06,-4.668,Plein jour,Hors agglomération,Hors intersection,Normale,Deux véhicules - frontale,,,,,,,,,,,1,1,1,1,1
200700039547,0007-07-12 13:45:00,7,7,12,13,45,290,220,Route de Ploneour Lanver,47.87,-4.228,Plein jour,En agglomération,Hors intersection,Normale,Deux véhicules - côté,,,,,,,,,,,1,2,1,1,3
200700039548,0007-07-13 14:30:00,7,7,13,14,30,290,158,chemin des allemands,47.808,-4.307,Plein jour,En agglomération,Hors intersection,Normale,Deux véhicules - arrière,,,,,,,,,,,1,2,1,1,2
200700039549,0007-07-17 09:45:00,7,7,17,9,45,290,174,5 rue guy Mocquet,47.907,-4.284,Plein jour,En agglomération,Hors intersection,Normale,Autre collision,,,,,,,,,,,1,2,1,1,6
200700039550,0007-07-26 23:45:00,7,7,26,23,45,290,158,,,,Nuit sans éclairage public,Hors agglomération,Hors intersection,Normale,Autre collision,,,,,,,,,,,3,1,1,1,6
200700039551,0007-07-10 17:15:00,7,7,10,17,15,290,103,,48.46,-4.276,Plein jour,Hors agglomération,Hors intersection,Normale,Deux véhicules - arrière,,,,,,,,,,,1,1,1,1,2
200700039552,0007-07-27 14:00:00,7,7,27,14,0,290,209,,48.547,-4.495,Plein jour,Hors agglomération,Hors intersection,Pluie légère,Deux véhicules - frontale,,,,,,,,,,,1,1,1,2,1
200700039553,0007-07-11 16:00:00,7,7,11,16,0,290,119,,,,Plein jour,Hors agglomération,Hors intersection,Normale,Deux véhicules - arrière,,,,,,,,,,,1,1,1,1,2
200700039554,0007-07-03 11:15:00,7,7,3,11,15,290,240,,,,Plein jour,Hors agglomération,Hors intersection,Normale,Deux véhicules - côté,,,,,,,,,,,1,1,1,1,3
200700039555,0007-07-08 17:45:00,7,7,8,17,45,290,172,,,,Plein jour,Hors agglomération,Hors intersection,Normale,Deux véhicules - frontale,,,,,,,,,,,1,1,1,1,1
200700039556,0007-07-18 16:30:00,7,7,18,16,30,290,24,,,,Plein jour,Hors agglomération,Hors intersection,Normale,Deux véhicules - côté,,,,,,,,,,,1,1,1,1,3
200700039557,0007-07-18 11:30:00,7,7,18,11,30,290,211,,,,Plein jour,Hors agglomération,Hors intersection,Normale,Sans collision,,,,,,,,,,,1,1,1,1,7
200700039558,0007-07-21 04:30:00,7,7,21,4,30,290,24,,,,Nuit sans éclairage public,Hors agglomération,Autre intersection,Temps couvert,Sans collision,,,,,,,,,,,3,1,9,8,7
200700039559,0007-07-06 23:15:00,7,7,6,23,15,290,27,Rue du Gay Logis,48.196,-3.813,Nuit avec éclairage allumé,En agglomération,Hors intersection,Normale,Autre collision,,,,,,,,,,,5,2,1,1,6
200700039560,0007-07-11 13:15:00,7,7,11,13,15,290,125,,,,Plein jour,Hors agglomération,Hors intersection,Normale,Deux véhicules - frontale,,,,,,,,,,,1,1,1,1,1
200700039561,0007-07-22 15:15:00,7,7,22,15,15,290,175,cd 36,,,Plein jour,En agglomération,Autre intersection,Pluie légère,Deux véhicules - frontale,,,,,,,,,,,1,2,9,2,1
200700039562,0007-07-11 15:15:00,7,7,11,15,15,290,42,,,,Plein jour,Hors agglomération,Hors intersection,Normale,Deux véhicules - frontale,,,,,,,,,,,1,1,1,1,1
200700039563,0007-07-22 12:00:00,7,7,22,12,0,290,188,,,,Plein jour,En agglomération,Intersection en X,Normale,Deux véhicules - côté,,,,,,,,,,,1,2,2,1,3
200700039564,0007-07-23 13:45:00,7,7,23,13,45,290,97,,,,Plein jour,Hors agglomération,Hors intersection,Pluie forte,Deux véhicules - frontale,,,,,,,,,,,1,1,1,3,1
200700039565,0007-07-24 19:00:00,7,7,24,19,0,290,105,RUE AMBROISE PARE,,,Plein jour,En agglomération,Hors intersection,Normale,Deux véhicules - côté,,,,,,,,,,,1,2,1,1,3
200700039566,0007-07-28 15:15:00,7,7,28,15,15,290,131,,48.481,-4.073,Plein jour,Hors agglomération,Hors intersection,Normale,Sans collision,,,,,,,,,,,1,1,1,1,7
200700039567,0007-07-01 18:00:00,7,7,1,18,0,290,192,CROAS HENT,,,Plein jour,En agglomération,Hors intersection,Normale,Trois véhicules et plus - collisions multiples,,,,,,,,,,,1,2,1,1,5
200700039568,0007-07-14 21:00:00,7,7,14,21,0,290,259,rue cadiou,,,Plein jour,En agglomération,Hors intersection,Normale,Deux véhicules - côté,,,,,,,,,,,1,2,1,1,3
200700039569,0007-07-15 02:30:00,7,7,15,2,30,560,42,,,,Nuit sans éclairage public,Hors agglomération,Hors intersection,Pluie légère,Sans collision,,,,,,,,,,,3,1,1,2,7
200700039570,0007-07-22 02:45:00,7,7,22,2,45,560,164,e nationale 165 Morboulo,,,Nuit sans éclairage public,Hors agglomération,Hors intersection,Normale,Sans collision,,,,,,,,,,,3,1,1,1,7
200700039571,0007-07-13 06:30:00,7,7,13,6,30,560,239,,47.685,-2.137,Crépuscule ou aube,Hors agglomération,Hors intersection,Brouillard / fumée,Deux véhicules - frontale,,,,,,,,,,,2,1,1,5,1
200700039572,0007-07-24 18:00:00,7,7,24,18,0,560,154,,47.721,-2.186,Plein jour,Hors agglomération,Hors intersection,Normale,Deux véhicules - côté,,,,,,,,,,,1,1,1,1,3
200700039573,0007-07-14 01:30:00,7,7,14,1,30,560,255,,,,Nuit sans éclairage public,Hors agglomération,Autre intersection,Autre,Trois véhicules et plus - collisions multiples,,,,,,,,,,,3,1,9,9,5
200700039574,0007-07-14 17:45:00,7,7,14,17,45,560,184,LIEU DIT KERMORIN,,,Plein jour,Hors agglomération,Hors intersection,Normale,Deux véhicules - côté,,,,,,,,,,,1,1,1,1,3
200700039575,0007-07-30 13:15:00,7,7,30,13,15,560,231,,47.68,-2.666,Plein jour,Hors agglomération,Hors intersection,Normale,Sans collision,,,,,,,,,,,1,1,1,1,7
200700039576,0007-07-13 12:00:00,7,7,13,12,0,560,152,,47.347,-3.156,Plein jour,Hors agglomération,Hors intersection,Normale,Deux véhicules - côté,,,,,,,,,,,1,1,1,1,3
200700039577,0007-07-06 11:15:00,7,7,6,11,15,560,233,,47.592,-3.017,Plein jour,Hors agglomération,Intersection en T,Normale,Deux véhicules - côté,,,,,,,,,,,1,1,3,1,3
200700039578,0007-07-07 11:00:00,7,7,7,11,0,560,168,,,,Plein jour,Hors agglomération,Hors intersection,Pluie légère,Deux véhicules - côté,,,,,,,,,,,1,1,1,2,3
200700039579,0007-07-26 18:30:00,7,7,26,18,30,560,234,,,,Plein jour,Hors agglomération,Hors intersection,Normale,Deux véhicules - côté,,,,,,,,,,,1,1,1,1,3
200700039580,0007-07-18 14:00:00,7,7,18,14,0,560,185,Rue Mendes France,,,Plein jour,En agglomération,Hors intersection,Normale,Deux véhicules - frontale,,,,,,,,,,,1,2,1,1,1
200700039581,0007-07-22 03:15:00,7,7,22,3,15,560,188,,47.915,-3.131,Nuit sans éclairage public,Hors agglomération,Hors intersection,Pluie légère,Deux véhicules - frontale,,,,,,,,,,,3,1,1,2,1