accident_id,datetime,annee,mois,jour,heure,minute,departement,commune_insee,adresse,latitude,longitude,luminosite,agglomeration,intersection,meteo,collision,nb_vehicules,nb_usagers,nb_indemnes,nb_tues,nb_blesses_hosp,nb_blesses_legers,age_cond_1,age_cond_2,veh_type_cond_1,veh_type_cond_2,lum_code,agg_code,int_code,atm_code,col_code
200700039722,0007-07-17 09:15:00,7,7,17,9,15,720,154,promenade du Maréchal Fo,,,Plein jour,En agglomération,Intersection en T,Normale,Deux véhicules - frontale,,,,,,,,,,,1,2,3,1,1
200700039723,0007-07-17 10:15:00,7,7,17,10,15,720,314,,,,Plein jour,Hors agglomération,Intersection en T,Normale,Deux véhicules - frontale,,,,,,,,,,,1,1,3,1,1
200700039724,0007-07-17 18:30:00,7,7,17,18,30,720,143,RUE DE LA PAIX,,,Plein jour,En agglomération,Hors intersection,Normale,Trois véhicules et plus - collisions multiples,,,,,,,,,,,1,2,1,1,5
200700039725,0007-07-27 16:50:00,7,7,27,16,50,720,68,4 rue Jacques Pelletier,,,Plein jour,En agglomération,Hors intersection,Normale,Autre collision,,,,,,,,,,,1,2,1,1,6
200700039726,0007-07-11 00:45:00,7,7,11,0,45,720,293,,47.858,-0.027,Nuit sans éclairage public,Hors agglomération,Autre intersection,Normale,Sans collision,,,,,,,,,,,3,1,9,1,7
200700039727,0007-07-11 18:30:00,7,7,11,18,30,720,223,RUE FOCH,47.873,-0.098,Plein jour,En agglomération,Hors intersection,Normale,Deux véhicules - côté,,,,,,,,,,,1,2,1,1,3
200700039728,0007-07-11 08:15:00,7,7,11,8,15,720,59,,47.93,-0.137,Plein jour,Hors agglomération,Hors intersection,Normale,Deux véhicules - frontale,,,,,,,,,,,1,1,1,1,1
200700039729,0007-07-31 09:00:00,7,7,31,9,0,720,179,,,,Plein jour,Hors agglomération,Hors intersection,Normale,Deux véhicules - côté,,,,,,,,,,,1,1,1,1,3
200700039730,0007-07-03 07:00:00,7,7,3,7,0,720,176,,47.677,0.106,Crépuscule ou aube,Hors agglomération,Hors intersection,Pluie légère,Autre collision,,,,,,,,,,,2,1,1,2,6
200700039731,0007-07-09 17:00:00,7,7,9,17,0,720,182,Route de LUCHE PRINGE,47.252,0.225,Plein jour,En agglomération,Hors intersection,Normale,Deux véhicules - côté,,,,,,,,,,,1,2,1,1,3
200700039732,0007-07-19 11:00:00,7,7,19,11,0,720,264,Rue Aristide BRIAND,47.845,-0.33,Plein jour,En agglomération,Hors intersection,Normale,Deux véhicules - frontale,,,,,,,,,,,1,2,1,1,1
200700039733,0007-07-25 11:30:00,7,7,25,11,30,720,132,rond point de l'Argenter,48.184,0.663,Plein jour,En agglomération,Giratoire,Normale,Deux véhicules - côté,,,,,,,,,,,1,2,6,1,3
200700039734,0007-07-11 10:15:00,7,7,11,10,15,720,380,,,,Plein jour,Hors agglomération,Hors intersection,Normale,Autre collision,,,,,,,,,,,1,1,1,1,6
200700039735,0007-07-21 18:00:00,7,7,21,18,0,720,282,,48.312,-0.072,Plein jour,Hors agglomération,Hors intersection,Normale,Autre collision,,,,,,,,,,,1,1,1,1,6
200700039736,0007-07-05 19:00:00,7,7,5,19,0,850,36,,46.482,-1.253,Plein jour,Hors agglomération,Hors intersection,Normale,Deux véhicules - côté,,,,,,,,,,,1,1,1,1,3
200700039737,0007-07-18 18:00:00,7,7,18,18,0,850,191,,46.645,-1.437,Plein jour,Hors agglomération,Hors intersection,Normale,Deux véhicules - côté,,,,,,,,,,,1,1,1,1,3
200700039738,0007-07-21 19:30:00,7,7,21,19,30,850,84,Le Chaillou,46.794,-1.225,Plein jour,Hors agglomération,Hors intersection,Normale,Deux véhicules - côté,,,,,,,,,,,1,1,1,1,3
200700039739,0007-07-03 18:45:00,7,7,3,18,45,850,109,,46.848,-0.985,Plein jour,Hors agglomération,Hors intersection,Normale,Deux véhicules - frontale,,,,,,,,,,,1,1,1,1,1
200700039740,0007-07-10 16:00:00,7,7,10,16,0,850,64,,46.827,-1.248,Plein jour,Hors agglomération,Hors intersection,Normale,Autre collision,,,,,,,,,,,1,1,1,1,6
200700039741,0007-07-24 17:00:00,7,7,24,17,0,850,144,,46.87,-1.122,Plein jour,Hors agglomération,Hors intersection,Normale,Autre collision,,,,,,,,,,,1,1,1,1,6
200700039742,0007-07-03 08:45:00,7,7,3,8,45,850,224,,,,Plein jour,Hors agglomération,Hors intersection,Pluie légère,Deux véhicules - côté,,,,,,,,,,,1,1,1,2,3
200700039743,0007-07-14 22:00:00,7,7,14,22,0,850,27,,,,Plein jour,Hors agglomération,Hors intersection,Normale,Deux véhicules - frontale,,,,,,,,,,,1,1,1,1,1
200700039744,0007-07-16 17:45:00,7,7,16,17,45,850,262,,47.005,-1.511,Plein jour,Hors agglomération,Hors intersection,Pluie forte,Deux véhicules - arrière,,,,,,,,,,,1,1,1,3,2
200700039745,0007-07-29 22:45:00,7,7,29,22,45,850,25,33 route des HERBIERS,,,Nuit avec éclairage allumé,En agglomération,Hors intersection,Pluie légère,Autre collision,,,,,,,,,,,5,2,1,2,6
200700039746,0007-07-15 05:45:00,7,7,15,5,45,850,293,10 BIS RUE DU PUY PELE,47.014,-1.114,Crépuscule ou aube,En agglomération,Hors intersection,Normale,Autre collision,,,,,,,,,,,2,2,1,1,6
200700039747,0007-07-11 07:15:00,7,7,11,7,15,850,178,,46.761,-1.475,Plein jour,Hors agglomération,Hors intersection,Normale,Deux véhicules - côté,,,,,,,,,,,1,1,1,1,3
200700039748,0007-07-13 16:00:00,7,7,13,16,0,850,19,,,,Plein jour,Hors agglomération,Hors intersection,Normale,Autre collision,,,,,,,,,,,1,1,1,1,6
200700039749,0007-07-18 01:00:00,7,7,18,1,0,850,129,,46.883,-1.429,Nuit sans éclairage public,Hors agglomération,Hors intersection,Normale,Deux véhicules - côté,,,,,,,,,,,3,1,1,1,3
200700039750,0007-07-21 09:15:00,7,7,21,9,15,850,178,"Lieu-dit : ""Le Boucheau""",46.754,-1.46,Plein jour,Hors agglomération,Hors intersection,Normale,Autre collision,,,,,,,,,,,1,1,1,1,6
200700039751,0007-07-20 08:45:00,7,7,20,8,45,850,15,,46.824,-1.469,Plein jour,Hors agglomération,Hors intersection,Normale,Deux véhicules - côté,,,,,,,,,,,1,1,1,1,3
200700039752,0007-07-24 21:30:00,7,7,24,21,30,850,19,rue georges clemenceau,46.788,-1.43,Crépuscule ou aube,En agglomération,Hors intersection,Normale,Autre collision,,,,,,,,,,,2,2,1,1,6
200700039753,0007-07-27 20:30:00,7,7,27,20,30,850,155,,46.712,-1.433,Plein jour,Hors agglomération,Hors intersection,Normale,Autre collision,,,,,,,,,,,1,1,1,1,6
200700039754,0007-07-05 20:30:00,7,7,5,20,30,850,92,rue du moulin Famine,,,Crépuscule ou aube,En agglomération,Hors intersection,Pluie légère,Deux véhicules - côté,,,,,,,,,,,2,2,1,2,3
200700039755,0007-07-30 17:30:00,7,7,30,17,30,850,126,,,,Plein jour,Hors agglomération,Hors intersection,Normale,Deux véhicules - frontale,,,,,,,,,,,1,1,1,1,1
200700039756,0007-07-13 19:45:00,7,7,13,19,45,850,297,,46.41,-1.18,Plein jour,Hors agglomération,Hors intersection,Normale,Deux véhicules - frontale,,,,,,,,,,,1,1,1,1,1
200700039757,0007-07-29 11:45:00,7,7,29,11,45,850,111,25 RUE NATIONALE,46.33,-0.94,Plein jour,En agglomération,Hors intersection,Normale,Deux véhicules - côté,,,,,,,,,,,1,2,1,1,3
200700039758,0007-07-03 09:15:00,7,7,3,9,15,850,244,,,,Plein jour,Hors agglomération,Hors intersection,Pluie forte,Sans collision,,,,,,,,,,,1,1,1,3,7
200700039759,0007-07-06 04:15:00,7,7,6,4,15,850,181,,,,Nuit sans éclairage public,Hors agglomération,Hors intersection,Pluie forte,Sans collision,,,,,,,,,,,3,1,1,3,7
200700039760,0007-07-07 20:00:00,7,7,7,20,0,850,181,,46.5,-0.94,Plein jour,Hors agglomération,Hors intersection,Normale,Deux véhicules - côté,,,,,,,,,,,1,1,1,1,3
200700039761,0007-07-14 17:45:00,7,7,14,17,45,850,143,,,,Plein jour,Hors agglomération,Hors intersection,Normale,Deux véhicules - frontale,,,,,,,,,,,1,1,1,1,1
200700039762,0007-07-13 15:00:00,7,7,13,15,0,850,182,,46.78,-0.855,Plein jour,Hors agglomération,Hors intersection,Normale,Deux véhicules - côté,,,,,,,,,,,1,1,1,1,3
200700039763,0007-07-01 12:15:00,7,7,1,12,15,850,280,,46.867,-1.951,Plein jour,Hors agglomération,Hors intersection,Normale,Deux véhicules - frontale,,,,,,,,,,,1,1,1,1,1
200700039764,0007-07-07 03:45:00,7,7,7,3,45,850,96,,46.914,-1.807,Nuit sans éclairage public,Hors agglomération,Hors intersection,Normale,Deux véhicules - frontale,,,,,,,,,,,3,1,1,1,1
200700039765,0007-07-19 10:30:00,7,7,19,10,30,850,47,,46.841,-1.843,Plein jour,Hors agglomération,Hors intersection,Normale,Deux véhicules - côté,,,,,,,,,,,1,1,1,1,3
200700039766,0007-07-06 12:00:00,7,7,6,12,0,850,112,,46.572,-1.766,Plein jour,Hors agglomération,Intersection en X,Normale,Deux véhicules - côté,,,,,,,,,,,1,1,2,1,3
200700039767,0007-07-06 23:00:00,7,7,6,23,0,850,163,rond point pré aux ducs,,,Nuit avec éclairage allumé,En agglomération,Giratoire,Normale,Deux véhicules - frontale,,,,,,,,,,,5,2,6,1,1
200700039768,0007-07-27 15:15:00,7,7,27,15,15,850,83,,46.987,-2.246,Plein jour,Hors agglomération,Hors intersection,Normale,Deux véhicules - frontale,,,,,,,,,,,1,1,1,1,1
200700039769,0007-07-31 12:45:00,7,7,31,12,45,850,18,,,,Plein jour,Hors agglomération,Hors intersection,Normale,Autre collision,,,,,,,,,,,1,1,1,1,6
200700039770,0007-07-23 11:30:00,7,7,23,11,30,850,221,,,,Plein jour,Hors agglomération,Hors intersection,Normale,Deux véhicules - frontale,,,,,,,,,,,1,1,1,1,1
200700039771,0007-07-13 03:15:00,7,7,13,3,15,850,278,,46.423,-1.557,Nuit sans éclairage public,Hors agglomération,Hors intersection,Normale,Sans collision,,,,,,,,,,,3,1,1,1,7
200700039772,0007-07-15 16:45:00,7,7,15,16,45,850,116,rue du calvaire,46.443,-1.376,Plein jour,En agglomération,Intersection en T,Normale,Deux véhicules - côté,,,,,,,,,,,1,2,3,1,3
200700039773,0007-07-30 01:15:00,7,7,30,1,15,850,277,,46.5,-1.39,Nuit sans éclairage public,Hors agglomération,Hors intersection,Normale,Autre collision,,,,,,,,,,,3,1,1,1,6
200700039774,0007-07-14 15:45:00,7,7,14,15,45,330,519,,44.903,-0.678,Plein jour,Hors agglomération,Hors intersection,Normale,Deux véhicules - côté,,,,,,,,,,,1,1,1,1,3
200700039775,0007-07-02 08:45:00,7,7,2,8,45,330,162,43 RUE André Blanc,,,Plein jour,En agglomération,Hors intersection,Normale,Autre collision,,,,,,,,,,,1,2,1,1,6
200700039776,0007-07-27 20:00:00,7,7,27,20,0,330,162,,,,Plein jour,En agglomération,Hors intersection,Normale,Deux véhicules - arrière,,,,,,,,,,,1,2,1,1,2
200700039777,0007-07-28 17:30:00,7,7,28,17,30,330,422,829 avenue du LAS,44.812,-0.788,Plein jour,En agglomération,Intersection en T,Normale,Deux véhicules - frontale,,,,,,,,,,,1,2,3,1,1
200700039778,0007-07-14 13:30:00,7,7,14,13,30,330,376,,,,Plein jour,Hors agglomération,Hors intersection,Normale,Deux véhicules - côté,,,,,,,,,,,1,1,1,1,3
200700039779,0007-07-22 19:45:00,7,7,22,19,45,330,47,,45.126,-0.574,Plein jour,Hors agglomération,Hors intersection,Normale,Deux véhicules - frontale,,,,,,,,,,,1,1,1,1,1
200700039780,0007-07-07 02:15:00,7,7,7,2,15,330,530,,45.114,-0.539,Nuit sans éclairage public,Hors agglomération,Hors intersection,Normale,Autre collision,,,,,,,,,,,3,1,1,1,6
200700039781,0007-07-15 02:15:00,7,7,15,2,15,330,551,,45.086,-0.629,Nuit sans éclairage public,Hors agglomération,Hors intersection,Normale,Autre collision,,,,,,,,,,,3,1,1,1,6
200700039782,0007-07-18 22:45:00,7,7,18,22,45,330,172,,45.187,-0.606,Nuit sans éclairage public,Hors agglomération,Hors intersection,Normale,Deux véhicules - arrière,,,,,,,,,,,3,1,1,1,2
200700039783,0007-07-25 13:00:00,7,7,25,13,0,330,389,LDT LA BOULOGNE,,,Plein jour,En agglomération,Intersection en X,Normale,Deux véhicules - côté,,,,,,,,,,,1,2,2,1,3
200700039784,0007-07-07 01:00:00,7,7,7,1,0,330,554,,44.873,-0.462,Nuit avec éclairage allumé,Hors agglomération,Hors intersection,Normale,Autre collision,,,,,,,,,,,5,1,1,1,6
200700039785,0007-07-25 09:30:00,7,7,25,9,30,330,140,Bd de verdun,,,Plein jour,En agglomération,Hors intersection,Normale,Autre collision,,,,,,,,,,,1,2,1,1,6
200700039786,0007-07-16 10:45:00,7,7,16,10,45,330,552,,44.65,-0.37,Plein jour,Hors agglomération,Hors intersection,Normale,Autre collision,,,,,,,,,,,1,1,1,1,6
200700039787,0007-07-03 18:45:00,7,7,3,18,45,330,366,,44.993,-0.421,Plein jour,Hors agglomération,Hors intersection,Normale,Deux véhicules - côté,,,,,,,,,,,1,1,1,1,3
200700039788,0007-07-07 21:45:00,7,7,7,21,45,330,321,Avenue Emile Zola,45.045,-0.423,Crépuscule ou aube,En agglomération,Giratoire,Normale,Sans collision,,,,,,,,,,,2,2,6,1,7
200700039789,0007-07-01 22:45:00,7,7,1,22,45,330,357,,,,Nuit sans éclairage public,Hors agglomération,Hors intersection,Normale,Deux véhicules - frontale,,,,,,,,,,,3,1,1,1,1
200700039790,0007-07-12 07:20:00,7,7,12,7,20,330,237,"5, Dubourg",,,Plein jour,Hors agglomération,Hors intersection,Normale,Deux véhicules - frontale,,,,,,,,,,,1,1,1,1,1
200700039791,0007-07-07 03:00:00,7,7,7,3,0,330,287,,,,Nuit sans éclairage public,Hors agglomération,Hors intersection,Normale,Deux véhicules - frontale,,,,,,,,,,,3,1,1,1,1
200700039792,0007-07-04 09:15:00,7,7,4,9,15,330,57,,44.761,-0.068,Plein jour,Hors agglomération,Hors intersection,Normale,Autre collision,,,,,,,,,,,1,1,1,1,6
200700039793,0007-07-11 18:00:00,7,7,11,18,0,330,248,Avenue de Soulac,45.078,-0.792,Plein jour,En agglomération,Hors intersection,Normale,Deux véhicules - frontale,,,,,,,,,,,1,2,1,1,1
200700039794,0007-07-14 21:30:00,7,7,14,21,30,330,417,,,,Nuit sans éclairage public,Hors agglomération,Hors intersection,Normale,Sans collision,,,,,,,,,,,3,1,1,1,7
200700039795,0007-07-17 19:45:00,7,7,17,19,45,330,248,avenue de SOULAC,45.078,-0.791,Plein jour,En agglomération,Hors intersection,Normale,Deux véhicules - arrière,,,,,,,,,,,1,2,1,1,2
200700039796,0007-07-31 08:45:00,7,7,31,8,45,330,262,AVENUE DE LA LIBERATION,45.003,-0.612,Plein jour,En agglomération,Hors intersection,Normale,Autre collision,,,,,,,,,,,1,2,1,1,6
200700039797,0007-07-21 10:45:00,7,7,21,10,45,330,314,,45.217,-0.748,Plein jour,Hors agglomération,Hors intersection,Normale,Autre collision,,,,,,,,,,,1,1,1,1,6
200700039798,0007-07-15 12:45:00,7,7,15,12,45,330,514,Rue des bénédictins,,,Plein jour,En agglomération,Hors intersection,Normale,Sans collision,,,,,,,,,,,1,2,1,1,7
200700039799,0007-07-01 10:30:00,7,7,1,10,30,330,174,,44.931,-0.273,Plein jour,Hors agglomération,Intersection en Y,Normale,Deux véhicules - côté,,,,,,,,,,,1,1,4,1,3
200700039800,0007-07-18 23:30:00,7,7,18,23,30,330,15,,44.876,-0.303,Nuit sans éclairage public,Hors agglomération,Hors intersection,Normale,Sans collision,,,,,,,,,,,3,1,1,1,7
200700039801,0007-07-04 07:45:00,7,7,4,7,45,330,157,,44.81,-0.263,Plein jour,Hors agglomération,Hors intersection,Normale,Deux véhicules - frontale,,,,,,,,,,,1,1,1,1,1
200700039802,0007-07-13 19:15:00,7,7,13,19,15,330,421,,44.817,-0.135,Plein jour,Hors agglomération,Hors intersection,Normale,Deux véhicules - arrière,,,,,,,,,,,1,1,1,1,2
200700039803,0007-07-30 08:00:00,7,7,30,8,0,330,28,,44.834,-0.326,Plein jour,Hors agglomération,Hors intersection,Normale,Deux véhicules - côté,,,,,,,,,,,1,1,1,1,3
200700039804,0007-07-21 00:30:00,7,7,21,0,30,330,315,,45.066,-0.099,Nuit sans éclairage public,Hors agglomération,Hors intersection,Normale,Autre collision,,,,,,,,,,,3,1,1,1,6
200700039805,0007-07-22 11:45:00,7,7,22,11,45,330,393,,44.983,-0.15,Plein jour,Hors agglomération,Hors intersection,Normale,Trois véhicules et plus - collisions multiples,,,,,,,,,,,1,1,1,1,5
200700039806,0007-07-30 06:15:00,7,7,30,6,15,330,362,,45.024,-0.157,Plein jour,Hors agglomération,Hors intersection,Pluie légère,Deux véhicules - frontale,,,,,,,,,,,1,1,1,2,1
200700039807,0007-07-11 20:30:00,7,7,11,20,30,330,478,Avenue des Grands Champs,45.01,0.002,Plein jour,En agglomération,Intersection en X,Normale,Deux véhicules - côté,,,,,,,,,,,1,2,2,1,3
200700039808,0007-07-25 17:00:00,7,7,25,17,0,240,26,,,,Plein jour,Hors agglomération,Hors intersection,Temps éblouissant,Deux véhicules - frontale,,,,,,,,,,,1,1,1,7,1
200700039809,0007-07-07 17:30:00,7,7,7,17,30,240,108,,45.222,0.598,Plein jour,Hors agglomération,Hors intersection,Normale,Sans collision,,,,,,,,,,,1,1,1,1,7
200700039810,0007-07-07 16:00:00,7,7,7,16,0,240,241,,45.17,0.96,Plein jour,Hors agglomération,Hors intersection,Normale,Deux véhicules - frontale,,,,,,,,,,,1,1,1,1,1
200700039811,0007-07-10 13:45:00,7,7,10,13,45,240,222,,,,Plein jour,Hors agglomération,Hors intersection,Normale,Autre collision,,,,,,,,,,,1,1,1,1,6
200700039812,0007-07-26 07:30:00,7,7,26,7,30,240,155,,,,Plein jour,Hors agglomération,Hors intersection,Normale,Deux véhicules - frontale,,,,,,,,,,,1,1,1,1,1
200700039813,0007-07-03 21:30:00,7,7,3,21,30,240,362,"Rue de la République ,",44.951,0.81,Plein jour,En agglomération,Hors intersection,Normale,Sans collision,,,,,,,,,,,1,2,1,1,7
200700039814,0007-07-01 20:15:00,7,7,1,20,15,240,433,,44.717,0.436,Plein jour,Hors agglomération,Hors intersection,Normale,Autre collision,,,,,,,,,,,1,1,1,1,6
200700039815,0007-07-08 01:00:00,7,7,8,1,0,240,483,,,,Nuit sans éclairage public,Hors agglomération,Hors intersection,Normale,Sans collision,,,,,,,,,,,3,1,1,1,7
200700039816,0007-07-10 15:15:00,7,7,10,15,15,240,54,,,,Plein jour,Hors agglomération,Hors intersection,Normale,Autre collision,,,,,,,,,,,1,1,1,1,6
200700039817,0007-07-20 22:30:00,7,7,20,22,30,240,398,,,,Nuit sans éclairage public,Hors agglomération,Hors intersection,Normale,Autre collision,,,,,,,,,,,3,1,1,1,6
200700039818,0007-07-20 20:00:00,7,7,20,20,0,240,8,,,,Plein jour,Hors agglomération,Hors intersection,Normale,Deux véhicules - côté,,,,,,,,,,,1,1,1,1,3
200700039819,0007-07-22 20:15:00,7,7,22,20,15,240,551,,,,Plein jour,Hors agglomération,Hors intersection,Normale,Autre collision,,,,,,,,,,,1,1,1,1,6
200700039820,0007-07-12 06:30:00,7,7,12,6,30,240,380,,45.08,0.19,Crépuscule ou aube,Hors agglomération,Hors intersection,Normale,Autre collision,,,,,,,,,,,2,1,1,1,6
200700039821,0007-07-14 15:00:00,7,7,14,15,0,240,409,,45.052,0.367,Plein jour,Hors agglomération,Hors intersection,Normale,Deux véhicules - côté,,,,,,,,,,,1,1,1,1,3
200700039822,0007-07-31 21:00:00,7,7,31,21,0,240,520,"Lieu dit ""Combe de Lama""",,,Crépuscule ou aube,Hors agglomération,Hors intersection,Normale,Deux véhicules - côté,,,,,,,,,,,2,1,1,1,3
200700039823,0007-07-09 13:15:00,7,7,9,13,15,240,67,,,,Plein jour,Hors agglomération,Hors intersection,Temps couvert,Deux véhicules - frontale,,,,,,,,,,,1,1,1,8,1
200700039824,0007-07-10 15:45:00,7,7,10,15,45,240,268,,44.927,1.081,Plein jour,Hors agglomération,Hors intersection,Pluie légère,Deux véhicules - frontale,,,,,,,,,,,1,1,1,2,1
200700039825,0007-07-04 09:00:00,7,7,4,9,0,240,217,,44.967,0.889,Plein jour,Hors agglomération,Hors intersection,Pluie légère,Sans collision,,,,,,,,,,,1,1,1,2,7
200700039826,0007-07-22 00:30:00,7,7,22,0,30,240,261,,,,Nuit sans éclairage public,Hors agglomération,Hors intersection,Normale,Autre collision,,,,,,,,,,,3,1,1,1,6
200700039827,0007-07-04 19:00:00,7,7,4,19,0,240,229,,45.141,1.204,Plein jour,Hors agglomération,Hors intersection,Normale,Deux véhicules - côté,,,,,,,,,,,1,1,1,1,3
200700039828,0007-07-14 09:15:00,7,7,14,9,15,240,547,,45.132,1.333,Plein jour,Hors agglomération,Hors intersection,Normale,Deux véhicules - frontale,,,,,,,,,,,1,1,1,1,1
200700039829,0007-07-15 11:30:00,7,7,15,11,30,240,291,INTERMARCHE,45.065,1.157,Plein jour,En agglomération,Hors intersection,Temps éblouissant,Autre collision,,,,,,,,,,,1,2,1,7,6
200700039830,0007-07-26 18:30:00,7,7,26,18,30,240,547,avenue Victor Hugo,45.134,1.309,Plein jour,En agglomération,Hors intersection,Normale,Trois véhicules et plus - en chaîne,,,,,,,,,,,1,2,1,1,4
200700039831,0007-07-09 10:30:00,7,7,9,10,30,400,192,,43.843,-0.472,Plein jour,Hors agglomération,Hors intersection,Temps couvert,Autre collision,,,,,,,,,,,1,1,1,8,6
200700039832,0007-07-26 12:30:00,7,7,26,12,30,400,122,,43.846,-0.553,Plein jour,Hors agglomération,Hors intersection,Normale,Deux véhicules - frontale,,,,,,,,,,,1,1,1,1,1
200700039833,0007-07-26 22:30:00,7,7,26,22,30,400,250,,,,Nuit sans éclairage public,Hors agglomération,Hors intersection,Normale,Sans collision,,,,,,,,,,,3,1,1,1,7
200700039834,0007-07-05 15:30:00,7,7,5,15,30,400,14,,44.087,-0.311,Plein jour,Hors agglomération,Hors intersection,Normale,Deux véhicules - frontale,,,,,,,,,,,1,1,1,1,1
200700039835,0007-07-31 05:30:00,7,7,31,5,30,400,245,,44.03,-0.334,Nuit sans éclairage public,Hors agglomération,Intersection en T,Normale,Deux véhicules - côté,,,,,,,,,,,3,1,3,1,3
200700039836,0007-07-01 23:15:00,7,7,1,23,15,400,309,av du 11 novembre 1918,,,Nuit avec éclairage allumé,En agglomération,Hors intersection,Normale,Autre collision,,,,,,,,,,,5,2,1,1,6
200700039837,0007-07-04 18:45:00,7,7,4,18,45,400,324,Centre bourg,43.789,-0.859,Plein jour,En agglomération,Hors intersection,Normale,Deux véhicules - arrière,,,,,,,,,,,1,2,1,1,2
200700039838,0007-07-21 12:15:00,7,7,21,12,15,400,68,,,,Plein jour,Hors agglomération,Hors intersection,Normale,Autre collision,,,,,,,,,,,1,1,1,1,6
200700039839,0007-07-23 01:00:00,7,7,23,1,0,400,31,,,,Nuit sans éclairage public,Hors agglomération,Hors intersection,Normale,Autre collision,,,,,,,,,,,3,1,1,1,6
200700039840,0007-07-29 08:00:00,7,7,29,8,0,400,277,,43.667,-1.039,Plein jour,Hors agglomération,Hors intersection,Temps couvert,Deux véhicules - arrière,,,,,,,,,,,1,1,1,8,2
200700039841,0007-07-08 08:30:00,7,7,8,8,30,400,276,CD 142,43.883,-1.248,Plein jour,Hors agglomération,Hors intersection,Pluie légère,Trois véhicules et plus - collisions multiples,,,,,,,,,,,1,1,1,2,5
200700039842,0007-07-09 16:15:00,7,7,9,16,15,400,326,,43.967,-1.299,Plein jour,Hors agglomération,Hors intersection,Normale,Trois véhicules et plus - collisions multiples,,,,,,,,,,,1,1,1,1,5
200700039843,0007-07-08 14:15:00,7,7,8,14,15,400,74,,,,Plein jour,Hors agglomération,Hors intersection,Pluie légère,Sans collision,,,,,,,,,,,1,1,1,2,7
200700039844,0007-07-15 10:15:00,7,7,15,10,15,400,47,,,,Plein jour,Hors agglomération,Hors intersection,Normale,Deux véhicules - côté,,,,,,,,,,,1,1,1,1,3
200700039845,0007-07-26 17:00:00,7,7,26,17,0,400,201,,,,Plein jour,Hors agglomération,Intersection en T,Normale,Deux véhicules - côté,,,,,,,,,,,1,1,3,1,3
200700039846,0007-07-02 07:15:00,7,7,2,7,15,400,224,821 route de Bayonne,,,Crépuscule ou aube,En agglomération,Hors intersection,Pluie légère,Deux véhicules - frontale,,,,,,,,,,,2,2,1,2,1
200700039847,0007-07-15 07:30:00,7,7,15,7,30,400,120,,43.547,-1.168,Plein jour,Hors agglomération,Hors intersection,Normale,Autre collision,,,,,,,,,,,1,1,1,1,6
200700039848,0007-07-07 01:00:00,7,7,7,1,0,400,284,Avenue de Terre Blanque,43.666,-1.287,Nuit sans éclairage public,En agglomération,Hors intersection,Normale,Sans collision,,,,,,,,,,,3,2,1,1,7
200700039849,0007-07-05 10:15:00,7,7,5,10,15,400,304,,43.678,-1.387,Plein jour,Hors agglomération,Hors intersection,Normale,Deux véhicules - frontale,,,,,,,,,,,1,1,1,1,1
200700039850,0007-07-25 10:15:00,7,7,25,10,15,400,187,,,,Plein jour,Hors agglomération,Hors intersection,Normale,Deux véhicules - frontale,,,,,,,,,,,1,1,1,1,1
200700039851,0007-07-31 02:30:00,7,7,31,2,30,400,181,,,,Nuit sans éclairage public,Hors agglomération,Hors intersection,Normale,Deux véhicules - frontale,,,,,,,,,,,3,1,1,1,1
200700039852,0007-07-31 15:00:00,7,7,31,15,0,400,310,,,,Plein jour,Hors agglomération,Hors intersection,Normale,Deux véhicules - frontale,,,,,,,,,,,1,1,1,1,1
200700039853,0007-07-13 18:15:00,7,7,13,18,15,400,271,,,,Plein jour,Hors agglomération,Hors intersection,Normale,Deux véhicules - côté,,,,,,,,,,,1,1,1,1,3
200700039854,0007-07-01 10:30:00,7,7,1,10,30,400,287,"t ""Pellegrin "", CD 147,",,,Plein jour,Hors agglomération,Hors intersection,Normale,Deux véhicules - frontale,,,,,,,,,,,1,1,1,1,1
200700039855,0007-07-03 18:00:00,7,7,3,18,0,400,287,,,,Plein jour,Hors agglomération,Intersection en X,Normale,Deux véhicules - côté,,,,,,,,,,,1,1,2,1,3
200700039856,0007-07-27 18:15:00,7,7,27,18,15,400,46,,,,Plein jour,Hors agglomération,Hors intersection,Normale,Deux véhicules - arrière,,,,,,,,,,,1,1,1,1,2
200700039857,0007-07-16 11:45:00,7,7,16,11,45,400,197,rd pint du SUPER U - CD,44.031,-0.913,Plein jour,En agglomération,Giratoire,Normale,Autre collision,,,,,,,,,,,1,2,6,1,6
200700039858,0007-07-29 13:15:00,7,7,29,13,15,400,197,,,,Plein jour,Hors agglomération,Hors intersection,Normale,Deux véhicules - frontale,,,,,,,,,,,1,1,1,1,1
200700039859,0007-07-06 20:00:00,7,7,6,20,0,400,184,,,,Plein jour,Hors agglomération,Hors intersection,Normale,Deux véhicules - arrière,,,,,,,,,,,1,1,1,1,2