accident_id,datetime,annee,mois,jour,heure,minute,departement,commune_insee,adresse,latitude,longitude,luminosite,agglomeration,intersection,meteo,collision,nb_vehicules,nb_usagers,nb_indemnes,nb_tues,nb_blesses_hosp,nb_blesses_legers,age_cond_1,age_cond_2,veh_type_cond_1,veh_type_cond_2,lum_code,agg_code,int_code,atm_code,col_code
200700040000,0007-07-04 08:15:00,7,7,4,8,15,190,229,,45.137,1.403,Plein jour,Hors agglomération,Hors intersection,Pluie légère,Deux véhicules - côté,,,,,,,,,,,1,1,1,2,3
200700040001,0007-07-19 17:00:00,7,7,19,17,0,190,23,rue des écoles,45.128,1.724,Plein jour,En agglomération,Hors intersection,Normale,Autre collision,,,,,,,,,,,1,2,1,1,6
200700040002,0007-07-30 13:15:00,7,7,30,13,15,190,150,,45.087,1.6,Plein jour,Hors agglomération,Hors intersection,Normale,Autre collision,,,,,,,,,,,1,1,1,1,6
200700040003,0007-07-18 08:15:00,7,7,18,8,15,190,278,RD901,45.22,1.432,Nuit avec éclairage allumé,En agglomération,Hors intersection,Normale,Deux véhicules - frontale,,,,,,,,,,,5,2,1,1,1
200700040004,0007-07-01 15:45:00,7,7,1,15,45,190,121,avenue charles de Gaulle,45.445,1.399,Plein jour,En agglomération,Hors intersection,Normale,Autre collision,,,,,,,,,,,1,2,1,1,6
200700040005,0007-07-30 17:45:00,7,7,30,17,45,190,11,"3, rue d'Arnac",45.406,1.38,Plein jour,En agglomération,Hors intersection,Normale,Sans collision,,,,,,,,,,,1,2,1,1,7
200700040006,0007-07-18 12:15:00,7,7,18,12,15,190,233,,45.6,2.27,Plein jour,Hors agglomération,Hors intersection,Normale,Sans collision,,,,,,,,,,,1,1,1,1,7
200700040007,0007-07-01 19:30:00,7,7,1,19,30,190,256,,45.365,2.304,Plein jour,Hors agglomération,Hors intersection,Pluie légère,Autre collision,,,,,,,,,,,1,1,1,2,6
200700040008,0007-07-12 10:30:00,7,7,12,10,30,190,256,,45.346,2.308,Plein jour,Hors agglomération,Intersection en T,Normale,Deux véhicules - côté,,,,,,,,,,,1,1,3,1,3
200700040009,0007-07-14 07:30:00,7,7,14,7,30,190,160,,45.589,1.993,Plein jour,Hors agglomération,Hors intersection,Normale,Autre collision,,,,,,,,,,,1,1,1,1,6
200700040010,0007-07-16 11:45:00,7,7,16,11,45,190,95,,45.64,1.83,Plein jour,Hors agglomération,Hors intersection,Normale,Deux véhicules - côté,,,,,,,,,,,1,1,1,1,3
200700040011,0007-07-21 13:30:00,7,7,21,13,30,230,138,,,,Plein jour,Hors agglomération,Hors intersection,Normale,Sans collision,,,,,,,,,,,1,1,1,1,7
200700040012,0007-07-15 11:15:00,7,7,15,11,15,230,104,,46.297,2.271,Plein jour,Hors agglomération,Intersection en X,Normale,Deux véhicules - côté,,,,,,,,,,,1,1,2,1,3
200700040013,0007-07-17 14:30:00,7,7,17,14,30,230,22,,46.371,2.043,Plein jour,Hors agglomération,Hors intersection,Normale,Autre collision,,,,,,,,,,,1,1,1,1,6
200700040014,0007-07-22 19:00:00,7,7,22,19,0,230,240,,46.342,2.234,Plein jour,Hors agglomération,Hors intersection,Normale,Sans collision,,,,,,,,,,,1,1,1,1,7
200700040015,0007-07-18 12:00:00,7,7,18,12,0,230,75,47 GRANDE RUE,46.308,1.665,Plein jour,En agglomération,Hors intersection,Normale,Autre collision,,,,,,,,,,,1,2,1,1,6
200700040016,0007-07-25 13:00:00,7,7,25,13,0,230,220,,,,Plein jour,Hors agglomération,Hors intersection,Normale,Trois véhicules et plus - en chaîne,,,,,,,,,,,1,1,1,1,4
200700040017,0007-07-22 15:00:00,7,7,22,15,0,230,78,,45.952,1.782,Plein jour,Hors agglomération,Hors intersection,Normale,Autre collision,,,,,,,,,,,1,1,1,1,6
200700040018,0007-07-11 20:00:00,7,7,11,20,0,310,184,CHEMIN DE LALIE CISAROL,,,Plein jour,En agglomération,Hors intersection,Normale,Sans collision,,,,,,,,,,,1,2,1,1,7
200700040019,0007-07-24 10:45:00,7,7,24,10,45,310,232,ROND POINT DE SAVE,,,Plein jour,En agglomération,Giratoire,Normale,Deux véhicules - côté,,,,,,,,,,,1,2,6,1,3
200700040020,0007-07-28 05:30:00,7,7,28,5,30,310,281,,,,Nuit sans éclairage public,Hors agglomération,Hors intersection,Normale,Autre collision,,,,,,,,,,,3,1,1,1,6
200700040021,0007-07-02 18:30:00,7,7,2,18,30,310,526,Avenue des Pyrénées,43.575,1.269,Plein jour,En agglomération,Hors intersection,Normale,Deux véhicules - arrière,,,,,,,,,,,1,2,1,1,2
200700040022,0007-07-02 17:45:00,7,7,2,17,45,310,424,,43.558,1.31,Plein jour,En agglomération,Hors intersection,Normale,Deux véhicules - frontale,,,,,,,,,,,1,2,1,1,1
200700040023,0007-07-23 08:45:00,7,7,23,8,45,310,291,,43.618,1.205,Plein jour,Hors agglomération,Hors intersection,Normale,Deux véhicules - frontale,,,,,,,,,,,1,1,1,1,1
200700040024,0007-07-13 17:45:00,7,7,13,17,45,310,420,,43.5,1.391,Plein jour,Hors agglomération,Hors intersection,Normale,Deux véhicules - arrière,,,,,,,,,,,1,1,1,1,2
200700040025,0007-07-03 13:15:00,7,7,3,13,15,310,446,Avenue LATECOERE,43.558,1.479,Plein jour,En agglomération,Hors intersection,Normale,Deux véhicules - côté,,,,,,,,,,,1,2,1,1,3
200700040026,0007-07-04 00:01:00,7,7,4,0,1,310,446,RN 113,43.547,1.483,Nuit sans éclairage public,En agglomération,Hors intersection,Temps couvert,Autre collision,,,,,,,,,,,3,2,1,8,6
200700040027,0007-07-13 12:30:00,7,7,13,12,30,310,446,,43.544,1.48,Plein jour,En agglomération,Hors intersection,Normale,Deux véhicules - côté,,,,,,,,,,,1,2,1,1,3
200700040028,0007-07-14 07:20:00,7,7,14,7,20,310,490,route de St Caprais,,,Plein jour,En agglomération,Hors intersection,Normale,Autre collision,,,,,,,,,,,1,2,1,1,6
200700040029,0007-07-22 07:15:00,7,7,22,7,15,310,490,32 CHEMIN DE BELDOU,,,Plein jour,En agglomération,Hors intersection,Normale,Autre collision,,,,,,,,,,,1,2,1,1,6
200700040030,0007-07-23 22:15:00,7,7,23,22,15,310,490,,43.762,1.363,Nuit sans éclairage public,Hors agglomération,Hors intersection,Normale,Autre collision,,,,,,,,,,,3,1,1,1,6
200700040031,0007-07-17 16:30:00,7,7,17,16,30,310,561,AVECNUE CORNAUDRIC,43.66,1.47,Plein jour,En agglomération,Hors intersection,Normale,Deux véhicules - frontale,,,,,,,,,,,1,2,1,1,1
200700040032,0007-07-08 21:15:00,7,7,8,21,15,310,117,CD 20 - PK 24.800,43.7,1.54,Nuit sans éclairage public,Hors agglomération,Hors intersection,Pluie légère,Sans collision,,,,,,,,,,,3,1,1,2,7
200700040033,0007-07-16 06:45:00,7,7,16,6,45,310,145,,43.31,1.51,Plein jour,Hors agglomération,Hors intersection,Normale,Deux véhicules - frontale,,,,,,,,,,,1,1,1,1,1
200700040034,0007-07-18 10:30:00,7,7,18,10,30,310,111,,43.245,1.37,Plein jour,Hors agglomération,Hors intersection,Normale,Autre collision,,,,,,,,,,,1,1,1,1,6
200700040035,0007-07-07 04:30:00,7,7,7,4,30,310,425,,43.178,1.114,Nuit sans éclairage public,Hors agglomération,Hors intersection,Normale,Autre collision,,,,,,,,,,,3,1,1,1,6
200700040036,0007-07-07 22:30:00,7,7,7,22,30,310,436,,43.336,1.063,Nuit sans éclairage public,Hors agglomération,Hors intersection,Normale,Sans collision,,,,,,,,,,,3,1,1,1,7
200700040037,0007-07-21 03:00:00,7,7,21,3,0,310,229,,43.342,1.135,Nuit sans éclairage public,Hors agglomération,Hors intersection,Normale,Deux véhicules - frontale,,,,,,,,,,,3,1,1,1,1
200700040038,0007-07-03 06:45:00,7,7,3,6,45,310,187,route de tarbes,,,Plein jour,En agglomération,Hors intersection,Normale,Deux véhicules - frontale,,,,,,,,,,,1,2,1,1,1
200700040039,0007-07-20 21:45:00,7,7,20,21,45,310,187,,,,Nuit avec éclairage allumé,Hors agglomération,Hors intersection,Normale,Autre collision,,,,,,,,,,,5,1,1,1,6
200700040040,0007-07-30 15:30:00,7,7,30,15,30,310,188,,,,Plein jour,Hors agglomération,Hors intersection,Normale,Deux véhicules - frontale,,,,,,,,,,,1,1,1,1,1
200700040041,0007-07-18 14:30:00,7,7,18,14,30,310,247,,43.094,0.687,Plein jour,Hors agglomération,Hors intersection,Normale,Autre collision,,,,,,,,,,,1,1,1,1,6
200700040042,0007-07-07 15:45:00,7,7,7,15,45,310,571,,43.586,1.767,Plein jour,Hors agglomération,Intersection en X,Normale,Deux véhicules - frontale,,,,,,,,,,,1,1,2,1,1
200700040043,0007-07-20 16:00:00,7,7,20,16,0,310,48,,43.446,1.648,Plein jour,Hors agglomération,Hors intersection,Temps couvert,Deux véhicules - frontale,,,,,,,,,,,1,1,1,8,1
200700040044,0007-07-01 23:15:00,7,7,1,23,15,90,264,,,,Nuit sans éclairage public,Hors agglomération,Hors intersection,Normale,Autre collision,,,,,,,,,,,3,1,1,1,6
200700040045,0007-07-18 11:30:00,7,7,18,11,30,90,42,,43.03,1.468,Plein jour,Hors agglomération,Hors intersection,Normale,Deux véhicules - côté,,,,,,,,,,,1,1,1,1,3
200700040046,0007-07-29 02:15:00,7,7,29,2,15,90,332,,43.087,1.657,Nuit sans éclairage public,Hors agglomération,Hors intersection,Normale,Sans collision,,,,,,,,,,,3,1,1,1,7
200700040047,0007-07-31 08:15:00,7,7,31,8,15,90,123,,,,Plein jour,Hors agglomération,Hors intersection,Normale,Sans collision,,,,,,,,,,,1,1,1,1,7
200700040048,0007-07-18 18:45:00,7,7,18,18,45,90,2,,42.99,1.872,Plein jour,Hors agglomération,Hors intersection,Normale,Deux véhicules - arrière,,,,,,,,,,,1,1,1,1,2
200700040049,0007-07-03 10:30:00,7,7,3,10,30,90,268,ROUTE DE TOULOUSE,,,Plein jour,En agglomération,Hors intersection,Normale,Autre collision,,,,,,,,,,,1,2,1,1,6
200700040050,0007-07-01 16:15:00,7,7,1,16,15,120,82,,,,Plein jour,Hors agglomération,Hors intersection,Normale,Autre collision,,,,,,,,,,,1,1,1,1,6
200700040051,0007-07-23 23:00:00,7,7,23,23,0,120,291,,,,Nuit sans éclairage public,Hors agglomération,Hors intersection,Normale,Deux véhicules - frontale,,,,,,,,,,,3,1,1,1,1
200700040052,0007-07-15 18:00:00,7,7,15,18,0,120,120,Avenue Général Forestier,,,Plein jour,En agglomération,Hors intersection,Normale,Autre collision,,,,,,,,,,,1,2,1,1,6
200700040053,0007-07-27 07:00:00,7,7,27,7,0,120,169,,44.174,2.353,Plein jour,Hors agglomération,Hors intersection,Normale,Autre collision,,,,,,,,,,,1,1,1,1,6
200700040054,0007-07-03 16:00:00,7,7,3,16,0,120,103,,,,Plein jour,Hors agglomération,Hors intersection,Normale,Sans collision,,,,,,,,,,,1,1,1,1,7
200700040055,0007-07-04 13:00:00,7,7,4,13,0,120,117,lieu dit lestrade,44.775,2.884,Plein jour,En agglomération,Hors intersection,Normale,Sans collision,,,,,,,,,,,1,2,1,1,7
200700040056,0007-07-24 11:30:00,7,7,24,11,30,120,226,,,,Plein jour,Hors agglomération,Hors intersection,Pluie légère,Deux véhicules - frontale,,,,,,,,,,,1,1,1,2,1
200700040057,0007-07-21 13:45:00,7,7,21,13,45,120,225,,,,Plein jour,Hors agglomération,Hors intersection,Pluie forte,Sans collision,,,,,,,,,,,1,1,1,3,7
200700040058,0007-07-26 19:00:00,7,7,26,19,0,120,86,,44.17,3.124,Plein jour,Hors agglomération,Hors intersection,Normale,Sans collision,,,,,,,,,,,1,1,1,1,7
200700040059,0007-07-26 16:15:00,7,7,26,16,15,120,220,,,,Plein jour,Hors agglomération,Hors intersection,Normale,Sans collision,,,,,,,,,,,1,1,1,1,7
200700040060,0007-07-04 20:30:00,7,7,4,20,30,120,238,,44.246,2.944,Plein jour,Hors agglomération,Hors intersection,Normale,Deux véhicules - côté,,,,,,,,,,,1,1,1,1,3
200700040061,0007-07-08 06:30:00,7,7,8,6,30,120,266,,,,Plein jour,Hors agglomération,Hors intersection,Pluie légère,Sans collision,,,,,,,,,,,1,1,1,2,7
200700040062,0007-07-23 08:00:00,7,7,23,8,0,120,208,17 Bvd G. Clemenceau,43.959,2.887,Plein jour,En agglomération,Hors intersection,Normale,Deux véhicules - côté,,,,,,,,,,,1,2,1,1,3
200700040063,0007-07-12 08:30:00,7,7,12,8,30,120,19,,43.894,2.594,Plein jour,Hors agglomération,Hors intersection,Normale,Sans collision,,,,,,,,,,,1,1,1,1,7
200700040064,0007-07-24 14:00:00,7,7,24,14,0,120,21,,44.338,2.106,Plein jour,Hors agglomération,Hors intersection,Normale,Deux véhicules - frontale,,,,,,,,,,,1,1,1,1,1
200700040065,0007-07-24 11:45:00,7,7,24,11,45,120,300,,44.341,2.053,Plein jour,Hors agglomération,Hors intersection,Pluie forte,Autre collision,,,,,,,,,,,1,1,1,3,6
200700040066,0007-07-31 15:15:00,7,7,31,15,15,120,217,,,,Plein jour,Hors agglomération,Intersection en X,Normale,Deux véhicules - côté,,,,,,,,,,,1,1,2,1,3
200700040067,0007-07-30 07:45:00,7,7,30,7,45,120,198,,44.308,2.262,Plein jour,Hors agglomération,Hors intersection,Pluie légère,Deux véhicules - côté,,,,,,,,,,,1,1,1,2,3
200700040068,0007-07-17 13:15:00,7,7,17,13,15,320,160,Route de Toulouse,43.617,1.088,Plein jour,En agglomération,Hors intersection,Normale,Autre collision,,,,,,,,,,,1,2,1,1,6
200700040069,0007-07-02 15:30:00,7,7,2,15,30,320,462,,43.802,0.318,Plein jour,Hors agglomération,Hors intersection,Normale,Sans collision,,,,,,,,,,,1,1,1,1,7
200700040070,0007-07-07 08:45:00,7,7,7,8,45,320,382,RN 124,43.729,0.378,Plein jour,En agglomération,Hors intersection,Normale,Deux véhicules - côté,,,,,,,,,,,1,2,1,1,3
200700040071,0007-07-22 14:00:00,7,7,22,14,0,320,402,,,,Plein jour,Hors agglomération,Hors intersection,Normale,Deux véhicules - arrière,,,,,,,,,,,1,1,1,1,2
200700040072,0007-07-29 18:15:00,7,7,29,18,15,320,107,,43.988,0.405,Plein jour,Hors agglomération,Hors intersection,Normale,Autre collision,,,,,,,,,,,1,1,1,1,6
200700040073,0007-07-09 10:30:00,7,7,9,10,30,320,369,,,,Plein jour,Hors agglomération,Hors intersection,Normale,Trois véhicules et plus - collisions multiples,,,,,,,,,,,1,1,1,1,5
200700040074,0007-07-15 08:30:00,7,7,15,8,30,320,449,Route de l'église,43.837,-0.177,Plein jour,En agglomération,Hors intersection,Temps éblouissant,Deux véhicules - côté,,,,,,,,,,,1,2,1,7,3
200700040075,0007-07-16 18:30:00,7,7,16,18,30,320,119,48 avenue des Pyrénées,43.861,0.101,Plein jour,En agglomération,Intersection en T,Normale,Deux véhicules - côté,,,,,,,,,,,1,2,3,1,3
200700040076,0007-07-26 12:15:00,7,7,26,12,15,320,227,,43.846,0.056,Plein jour,Hors agglomération,Hors intersection,Normale,Deux véhicules - frontale,,,,,,,,,,,1,1,1,1,1
200700040077,0007-07-14 23:15:00,7,7,14,23,15,320,208,,43.956,0.654,Nuit sans éclairage public,Hors agglomération,Hors intersection,Vent fort / tempête,Deux véhicules - frontale,,,,,,,,,,,3,1,1,6,1
200700040078,0007-07-25 11:00:00,7,7,25,11,0,320,208,,43.945,0.668,Plein jour,Hors agglomération,Hors intersection,Normale,Deux véhicules - côté,,,,,,,,,,,1,1,1,1,3
200700040079,0007-07-12 08:15:00,7,7,12,8,15,320,156,,43.506,0.455,Plein jour,Hors agglomération,Hors intersection,Normale,Deux véhicules - côté,,,,,,,,,,,1,1,1,1,3
200700040080,0007-07-17 19:15:00,7,7,17,19,15,320,254,,,,Plein jour,Hors agglomération,Hors intersection,Normale,Sans collision,,,,,,,,,,,1,1,1,1,7
200700040081,0007-07-05 07:45:00,7,7,5,7,45,320,252,6 rue du 11 novembre,,,Plein jour,En agglomération,Hors intersection,Normale,Autre collision,,,,,,,,,,,1,2,1,1,6
200700040082,0007-07-10 18:00:00,7,7,10,18,0,320,159,CD943,,,Plein jour,En agglomération,Hors intersection,Normale,Sans collision,,,,,,,,,,,1,2,1,1,7
200700040083,0007-07-20 02:15:00,7,7,20,2,15,320,464,,,,Nuit sans éclairage public,Hors agglomération,Hors intersection,Normale,Autre collision,,,,,,,,,,,3,1,1,1,6
200700040084,0007-07-04 18:00:00,7,7,4,18,0,320,93,,,,Plein jour,Hors agglomération,Hors intersection,Temps éblouissant,Deux véhicules - arrière,,,,,,,,,,,1,1,1,7,2
200700040085,0007-07-06 13:15:00,7,7,6,13,15,320,443,,,,Plein jour,Hors agglomération,Hors intersection,Normale,Deux véhicules - frontale,,,,,,,,,,,1,1,1,1,1
200700040086,0007-07-22 19:30:00,7,7,22,19,30,320,199,,,,Plein jour,Hors agglomération,Hors intersection,Normale,Deux véhicules - côté,,,,,,,,,,,1,1,1,1,3
200700040087,0007-07-17 08:00:00,7,7,17,8,0,460,103,,44.265,1.411,Plein jour,Hors agglomération,Hors intersection,Pluie légère,Deux véhicules - frontale,,,,,,,,,,,1,1,1,2,1
200700040088,0007-07-20 07:45:00,7,7,20,7,45,460,340,,44.507,1.447,Plein jour,Hors agglomération,Autre intersection,Temps couvert,Sans collision,,,,,,,,,,,1,1,9,8,7
200700040089,0007-07-27 12:45:00,7,7,27,12,45,460,197,,,,Plein jour,Hors agglomération,Hors intersection,Normale,Deux véhicules - frontale,,,,,,,,,,,1,1,1,1,1
200700040090,0007-07-22 00:30:00,7,7,22,0,30,460,99,,44.403,1.18,Plein jour,Hors agglomération,Hors intersection,Normale,Autre collision,,,,,,,,,,,1,1,1,1,6
200700040091,0007-07-06 18:15:00,7,7,6,18,15,460,155,Le ruisseau,,,Plein jour,En agglomération,Hors intersection,Normale,Autre collision,,,,,,,,,,,1,2,1,1,6
200700040092,0007-07-10 20:15:00,7,7,10,20,15,460,96,,,,Plein jour,Hors agglomération,Hors intersection,Normale,Deux véhicules - frontale,,,,,,,,,,,1,1,1,1,1
200700040093,0007-07-23 00:30:00,7,7,23,0,30,460,117,,44.946,1.854,Nuit avec éclairage allumé,Hors agglomération,Giratoire,Normale,Sans collision,,,,,,,,,,,5,1,6,1,7
200700040094,0007-07-31 19:15:00,7,7,31,19,15,460,177,,44.881,1.828,Plein jour,Hors agglomération,Hors intersection,Temps éblouissant,Deux véhicules - frontale,,,,,,,,,,,1,1,1,7,1
200700040095,0007-07-11 23:30:00,7,7,11,23,30,460,127,,,,Nuit sans éclairage public,Hors agglomération,Hors intersection,Normale,Sans collision,,,,,,,,,,,3,1,1,1,7
200700040096,0007-07-13 20:45:00,7,7,13,20,45,460,19,,,,Crépuscule ou aube,Hors agglomération,Hors intersection,Normale,Deux véhicules - frontale,,,,,,,,,,,2,1,1,1,1
200700040097,0007-07-17 19:00:00,7,7,17,19,0,460,28,,44.959,1.72,Plein jour,Hors agglomération,Hors intersection,Normale,Deux véhicules - frontale,,,,,,,,,,,1,1,1,1,1
200700040098,0007-07-22 00:01:00,7,7,22,0,1,460,192,,44.873,1.592,Nuit sans éclairage public,Hors agglomération,Hors intersection,Normale,Deux véhicules - côté,,,,,,,,,,,3,1,1,1,3
200700040099,0007-07-22 12:15:00,7,7,22,12,15,460,152,,,,Plein jour,Hors agglomération,Hors intersection,Normale,Sans collision,,,,,,,,,,,1,1,1,1,7
200700040100,0007-07-12 21:45:00,7,7,12,21,45,650,83,,,,Crépuscule ou aube,En agglomération,Hors intersection,Normale,Deux véhicules - côté,,,,,,,,,,,2,2,1,1,3
200700040101,0007-07-23 17:15:00,7,7,23,17,15,650,439,RD 63,43.327,-0.009,Plein jour,En agglomération,Hors intersection,Normale,Deux véhicules - frontale,,,,,,,,,,,1,2,1,1,1
200700040102,0007-07-14 19:15:00,7,7,14,19,15,650,155,,,,Plein jour,Hors agglomération,Hors intersection,Normale,Autre collision,,,,,,,,,,,1,1,1,1,6
200700040103,0007-07-25 09:15:00,7,7,25,9,15,650,129,,,,Plein jour,Hors agglomération,Hors intersection,Normale,Deux véhicules - frontale,,,,,,,,,,,1,1,1,1,1
200700040104,0007-07-17 12:15:00,7,7,17,12,15,650,460,,,,Plein jour,Hors agglomération,Hors intersection,Normale,Deux véhicules - arrière,,,,,,,,,,,1,1,1,1,2
200700040105,0007-07-28 20:15:00,7,7,28,20,15,650,460,,,,Plein jour,Hors agglomération,Hors intersection,Normale,Sans collision,,,,,,,,,,,1,1,1,1,7
200700040106,0007-07-24 13:15:00,7,7,24,13,15,650,473,,,,Plein jour,Hors agglomération,Hors intersection,Normale,Autre collision,,,,,,,,,,,1,1,1,1,6
200700040107,0007-07-17 19:00:00,7,7,17,19,0,650,399,,42.897,-0.026,Plein jour,Hors agglomération,Hors intersection,Normale,Trois véhicules et plus - collisions multiples,,,,,,,,,,,1,1,1,1,5
200700040108,0007-07-18 10:30:00,7,7,18,10,30,650,168,PLACE MONT BLANC,,,Plein jour,En agglomération,Hors intersection,Normale,Autre collision,,,,,,,,,,,1,2,1,1,6
200700040109,0007-07-27 15:00:00,7,7,27,15,0,650,295,,42.828,0.01,Plein jour,Hors agglomération,Hors intersection,Normale,Deux véhicules - côté,,,,,,,,,,,1,1,1,1,3
200700040110,0007-07-12 08:45:00,7,7,12,8,45,650,59,Boulevard de l'Adour,,,Plein jour,En agglomération,Hors intersection,Temps éblouissant,Deux véhicules - frontale,,,,,,,,,,,1,2,1,7,1
200700040111,0007-07-05 12:00:00,7,7,5,12,0,650,127,,43.108,0.34,Plein jour,Hors agglomération,Hors intersection,Normale,Deux véhicules - côté,,,,,,,,,,,1,1,1,1,3
200700040112,0007-07-06 23:30:00,7,7,6,23,30,650,279,Sur le C.D. 78,,,Nuit sans éclairage public,En agglomération,Hors intersection,Normale,Deux véhicules - côté,,,,,,,,,,,3,2,1,1,3
200700040113,0007-07-27 16:00:00,7,7,27,16,0,650,207,CD 81,,,Plein jour,Hors agglomération,Hors intersection,Normale,Sans collision,,,,,,,,,,,1,1,1,1,7
200700040114,0007-07-29 21:30:00,7,7,29,21,30,650,195,,,,Nuit sans éclairage public,Hors agglomération,Hors intersection,Normale,Autre collision,,,,,,,,,,,3,1,1,1,6
200700040115,0007-07-08 06:30:00,7,7,8,6,30,810,161,,43.851,2.513,Crépuscule ou aube,Hors agglomération,Hors intersection,Temps couvert,Deux véhicules - côté,,,,,,,,,,,2,1,1,8,3
200700040116,0007-07-30 10:00:00,7,7,30,10,0,810,207,,43.701,2.196,Plein jour,Hors agglomération,Hors intersection,Normale,Sans collision,,,,,,,,,,,1,1,1,1,7
200700040117,0007-07-03 10:45:00,7,7,3,10,45,810,193,,43.634,2.761,Plein jour,Hors agglomération,Hors intersection,Normale,Autre collision,,,,,,,,,,,1,1,1,1,6
200700040118,0007-07-09 19:45:00,7,7,9,19,45,810,31,,,,Plein jour,Hors agglomération,Hors intersection,Normale,Autre collision,,,,,,,,,,,1,1,1,1,6
200700040119,0007-07-25 19:15:00,7,7,25,19,15,810,124,AVENUED E BEL AIR,43.712,2.699,Plein jour,En agglomération,Hors intersection,Normale,Deux véhicules - frontale,,,,,,,,,,,1,2,1,1,1
200700040120,0007-07-29 08:45:00,7,7,29,8,45,810,324,,43.64,1.808,Plein jour,Hors agglomération,Hors intersection,Pluie légère,Autre collision,,,,,,,,,,,1,1,1,2,6
200700040121,0007-07-31 07:45:00,7,7,31,7,45,810,140,ROUTE DE CASTRES,43.697,1.821,Plein jour,En agglomération,Hors intersection,Normale,Deux véhicules - frontale,,,,,,,,,,,1,2,1,1,1
200700040122,0007-07-22 06:00:00,7,7,22,6,0,810,42,,43.638,2.308,Plein jour,Hors agglomération,Hors intersection,Normale,Autre collision,,,,,,,,,,,1,1,1,1,6
200700040123,0007-07-26 20:15:00,7,7,26,20,15,810,112,,,,Plein jour,Hors agglomération,Hors intersection,Normale,Sans collision,,,,,,,,,,,1,1,1,1,7
200700040124,0007-07-01 07:30:00,7,7,1,7,30,810,289,CD 14 -46 rte de DOURGNE,43.549,2.12,Plein jour,En agglomération,Hors intersection,Normale,Autre collision,,,,,,,,,,,1,2,1,1,6
200700040125,0007-07-08 03:45:00,7,7,8,3,45,810,120,,43.551,2.274,Nuit avec éclairage allumé,En agglomération,Hors intersection,Normale,Sans collision,,,,,,,,,,,5,2,1,1,7
200700040126,0007-07-31 09:00:00,7,7,31,9,0,810,120,avenue Henry Simon,43.541,2.263,Plein jour,En agglomération,Hors intersection,Normale,Deux véhicules - frontale,,,,,,,,,,,1,2,1,1,1
200700040127,0007-07-29 15:15:00,7,7,29,15,15,810,219,,,,Plein jour,Hors agglomération,Hors intersection,Normale,Deux véhicules - frontale,,,,,,,,,,,1,1,1,1,1
200700040128,0007-07-07 18:00:00,7,7,7,18,0,820,37,rue des récollets,44.167,1.538,Plein jour,En agglomération,Hors intersection,Normale,Autre collision,,,,,,,,,,,1,2,1,1,6
200700040129,0007-07-15 16:30:00,7,7,15,16,30,820,119,,44.203,1.53,Plein jour,Hors agglomération,Hors intersection,Normale,Trois véhicules et plus - collisions multiples,,,,,,,,,,,1,1,1,1,5
200700040130,0007-07-01 00:01:00,7,7,1,0,1,820,134,,44.062,1.509,Nuit sans éclairage public,Hors agglomération,Hors intersection,Normale,Deux véhicules - frontale,,,,,,,,,,,3,1,1,1,1
200700040131,0007-07-08 11:30:00,7,7,8,11,30,820,191,Place du monument du mor,,,Plein jour,En agglomération,Hors intersection,Normale,Autre collision,,,,,,,,,,,1,2,1,1,6
200700040132,0007-07-15 23:30:00,7,7,15,23,30,820,155,,,,Nuit sans éclairage public,Hors agglomération,Hors intersection,Normale,Deux véhicules - côté,,,,,,,,,,,3,1,1,1,3
200700040133,0007-07-21 17:15:00,7,7,21,17,15,820,38,,44.25,1.797,Plein jour,Hors agglomération,Hors intersection,Normale,Deux véhicules - côté,,,,,,,,,,,1,1,1,1,3
200700040134,0007-07-25 12:45:00,7,7,25,12,45,820,155,avenue Paul BENET,44.157,1.752,Plein jour,En agglomération,Hors intersection,Normale,Sans collision,,,,,,,,,,,1,2,1,1,7
200700040135,0007-07-08 01:15:00,7,7,8,1,15,820,28,,43.858,1.296,Nuit avec éclairage allumé,Hors agglomération,Hors intersection,Normale,Autre collision,,,,,,,,,,,5,1,1,1,6
200700040136,0007-07-05 01:45:00,7,7,5,1,45,820,117,,44.338,0.974,Nuit sans éclairage public,Hors agglomération,Hors intersection,Normale,Autre collision,,,,,,,,,,,3,1,1,1,6
200700040137,0007-07-13 23:30:00,7,7,13,23,30,820,94,,44.279,1.1,Nuit sans éclairage public,Hors agglomération,Hors intersection,Normale,Sans collision,,,,,,,,,,,3,1,1,1,7
200700040138,0007-07-25 08:00:00,7,7,25,8,0,820,94,faubourg d'auriac,44.259,1.139,Plein jour,En agglomération,Hors intersection,Temps éblouissant,Autre collision,,,,,,,,,,,1,2,1,7,6
200700040139,0007-07-10 10:00:00,7,7,10,10,0,820,101,RD 813 PK 46+500,44.098,0.965,Plein jour,En agglomération,Hors intersection,Normale,Autre collision,,,,,,,,,,,1,2,1,1,6
200700040140,0007-07-12 16:30:00,7,7,12,16,30,820,112,Pont Napoléon,44.106,1.084,Plein jour,En agglomération,Hors intersection,Normale,Trois véhicules et plus - collisions multiples,,,,,,,,,,,1,2,1,1,5