accident_id,datetime,annee,mois,jour,heure,minute,departement,commune_insee,adresse,latitude,longitude,luminosite,agglomeration,intersection,meteo,collision,nb_vehicules,nb_usagers,nb_indemnes,nb_tues,nb_blesses_hosp,nb_blesses_legers,age_cond_1,age_cond_2,veh_type_cond_1,veh_type_cond_2,lum_code,agg_code,int_code,atm_code,col_code
200700040141,0007-07-30 07:00:00,7,7,30,7,0,820,23,,43.939,1.12,Plein jour,Hors agglomération,Hors intersection,Normale,Autre collision,,,,,,,,,,,1,1,1,1,6
200700040142,0007-07-21 03:15:00,7,7,21,3,15,820,72,rue des combes,,,Nuit avec éclairage allumé,En agglomération,Hors intersection,Normale,Autre collision,,,,,,,,,,,5,2,1,1,6
200700040143,0007-07-22 04:15:00,7,7,22,4,15,690,142,,,,Nuit avec éclairage allumé,Hors agglomération,Hors intersection,Normale,Deux véhicules - arrière,,,,,,,,,,,5,1,1,1,2
200700040144,0007-07-30 20:15:00,7,7,30,20,15,690,285,route de villette d'Anth,,,Crépuscule ou aube,En agglomération,Hors intersection,Normale,Deux véhicules - côté,,,,,,,,,,,2,2,1,1,3
200700040145,0007-07-25 13:15:00,7,7,25,13,15,690,55,RD 306 et RD 100,,,Plein jour,En agglomération,Hors intersection,Normale,Deux véhicules - frontale,,,,,,,,,,,1,2,1,1,1
200700040146,0007-07-27 18:15:00,7,7,27,18,15,690,49,route du Montluzin,,,Plein jour,En agglomération,Hors intersection,Normale,Deux véhicules - côté,,,,,,,,,,,1,2,1,1,3
200700040147,0007-07-13 12:15:00,7,7,13,12,15,690,286,route du Mas Rillier,,,Plein jour,En agglomération,Hors intersection,Normale,Deux véhicules - côté,,,,,,,,,,,1,2,1,1,3
200700040148,0007-07-15 05:30:00,7,7,15,5,30,690,204,Route de CHARLY,,,Crépuscule ou aube,En agglomération,Hors intersection,Normale,Deux véhicules - côté,,,,,,,,,,,2,2,1,1,3
200700040149,0007-07-16 12:00:00,7,7,16,12,0,690,289,route de satolas,,,Plein jour,En agglomération,Passage à niveau,Vent fort / tempête,Sans collision,,,,,,,,,,,1,2,8,6,7
200700040150,0007-07-26 01:30:00,7,7,26,1,30,690,287,RD 306,,,Nuit avec éclairage allumé,En agglomération,Intersection en X,Normale,Deux véhicules - frontale,,,,,,,,,,,5,2,2,1,1
200700040151,0007-07-13 19:00:00,7,7,13,19,0,690,112,"Lieudit ""le Poirier""",,,Plein jour,En agglomération,Hors intersection,Normale,Trois véhicules et plus - en chaîne,,,,,,,,,,,1,2,1,1,4
200700040152,0007-07-26 16:45:00,7,7,26,16,45,690,21,,,,Plein jour,Hors agglomération,Hors intersection,Normale,Deux véhicules - frontale,,,,,,,,,,,1,1,1,1,1
200700040153,0007-07-17 12:00:00,7,7,17,12,0,690,28,rue du vieux bourg,,,Plein jour,En agglomération,Hors intersection,Normale,Autre collision,,,,,,,,,,,1,2,1,1,6
200700040154,0007-07-20 11:45:00,7,7,20,11,45,690,276,Intersection RD 307,,,Plein jour,En agglomération,Hors intersection,Pluie légère,Deux véhicules - arrière,,,,,,,,,,,1,2,1,2,2
200700040155,0007-07-27 15:30:00,7,7,27,15,30,690,291,,,,Plein jour,Hors agglomération,Hors intersection,Normale,Deux véhicules - arrière,,,,,,,,,,,1,1,1,1,2
200700040156,0007-07-26 14:30:00,7,7,26,14,30,690,291,,,,Plein jour,Hors agglomération,Hors intersection,Normale,Autre collision,,,,,,,,,,,1,1,1,1,6
200700040157,0007-07-25 12:30:00,7,7,25,12,30,690,74,,,,Plein jour,Hors agglomération,Hors intersection,Normale,Deux véhicules - côté,,,,,,,,,,,1,1,1,1,3
200700040158,0007-07-11 11:00:00,7,7,11,11,0,690,121,VC401/VC15,45.861,4.692,Plein jour,En agglomération,Intersection en T,Normale,Deux véhicules - frontale,,,,,,,,,,,1,2,3,1,1
200700040159,0007-07-20 20:00:00,7,7,20,20,0,690,156,CD 70,45.948,4.691,Plein jour,En agglomération,Hors intersection,Normale,Deux véhicules - frontale,,,,,,,,,,,1,2,1,1,1
200700040160,0007-07-17 15:30:00,7,7,17,15,30,690,9,CD 306,45.947,4.716,Plein jour,En agglomération,Hors intersection,Normale,Trois véhicules et plus - en chaîne,,,,,,,,,,,1,2,1,1,4
200700040161,0007-07-08 03:15:00,7,7,8,3,15,690,162,,46.124,4.641,Nuit sans éclairage public,Hors agglomération,Hors intersection,Normale,Autre collision,,,,,,,,,,,3,1,1,1,6
200700040162,0007-07-27 19:30:00,7,7,27,19,30,690,209,,,,Plein jour,Hors agglomération,Hors intersection,Temps éblouissant,Autre collision,,,,,,,,,,,1,1,1,7,6
200700040163,0007-07-11 12:30:00,7,7,11,12,30,690,19,route de marsangues,46.04,4.68,Plein jour,En agglomération,Hors intersection,Normale,Sans collision,,,,,,,,,,,1,2,1,1,7
200700040164,0007-07-19 16:45:00,7,7,19,16,45,10,211,,,,Plein jour,Hors agglomération,Hors intersection,Normale,Sans collision,,,,,,,,,,,1,1,1,1,7
200700040165,0007-07-23 07:30:00,7,7,23,7,30,10,405,,,,Plein jour,Hors agglomération,Hors intersection,Normale,Trois véhicules et plus - collisions multiples,,,,,,,,,,,1,1,1,1,5
200700040166,0007-07-07 15:30:00,7,7,7,15,30,10,184,CD 979 / CD 59,,,Plein jour,En agglomération,Hors intersection,Normale,Deux véhicules - frontale,,,,,,,,,,,1,2,1,1,1
200700040167,0007-07-15 17:00:00,7,7,15,17,0,10,184,,,,Plein jour,En agglomération,Intersection en X,Normale,Deux véhicules - côté,,,,,,,,,,,1,2,2,1,3
200700040168,0007-07-02 13:30:00,7,7,2,13,30,10,284,,,,Plein jour,Hors agglomération,Hors intersection,Normale,Deux véhicules - arrière,,,,,,,,,,,1,1,1,1,2
200700040169,0007-07-08 21:30:00,7,7,8,21,30,10,445,,,,Crépuscule ou aube,Hors agglomération,Hors intersection,Pluie forte,Deux véhicules - frontale,,,,,,,,,,,2,1,1,3,1
200700040170,0007-07-18 17:30:00,7,7,18,17,30,10,430,,,,Plein jour,Hors agglomération,Hors intersection,Normale,Deux véhicules - arrière,,,,,,,,,,,1,1,1,1,2
200700040171,0007-07-31 19:30:00,7,7,31,19,30,10,56,,,,Plein jour,Hors agglomération,Hors intersection,Normale,Autre collision,,,,,,,,,,,1,1,1,1,6
200700040172,0007-07-01 11:15:00,7,7,1,11,15,10,203,LES DIMES,,,Plein jour,En agglomération,Hors intersection,Normale,Deux véhicules - côté,,,,,,,,,,,1,2,1,1,3
200700040173,0007-07-23 15:15:00,7,7,23,15,15,10,320,,,,Plein jour,Hors agglomération,Hors intersection,Pluie forte,Deux véhicules - frontale,,,,,,,,,,,1,1,1,3,1
200700040174,0007-07-16 17:00:00,7,7,16,17,0,10,34,,,,Plein jour,Hors agglomération,Giratoire,Normale,Trois véhicules et plus - collisions multiples,,,,,,,,,,,1,1,6,1,5
200700040175,0007-07-20 01:15:00,7,7,20,1,15,10,239,,,,Nuit sans éclairage public,Hors agglomération,Hors intersection,Normale,Sans collision,,,,,,,,,,,3,1,1,1,7
200700040176,0007-07-27 18:15:00,7,7,27,18,15,10,98,,,,Plein jour,Hors agglomération,Hors intersection,Normale,Deux véhicules - arrière,,,,,,,,,,,1,1,1,1,2
200700040177,0007-07-10 13:30:00,7,7,10,13,30,10,66,,45.849,5.566,Plein jour,Hors agglomération,Hors intersection,Pluie légère,Deux véhicules - frontale,,,,,,,,,,,1,1,1,2,1
200700040178,0007-07-21 05:30:00,7,7,21,5,30,10,10,,,,Crépuscule ou aube,Hors agglomération,Hors intersection,Normale,Autre collision,,,,,,,,,,,2,1,1,1,6
200700040179,0007-07-24 15:15:00,7,7,24,15,15,10,265,,,,Plein jour,Hors agglomération,Hors intersection,Pluie forte,Deux véhicules - frontale,,,,,,,,,,,1,1,1,3,1
200700040180,0007-07-29 01:00:00,7,7,29,1,0,10,91,,,,Nuit sans éclairage public,Hors agglomération,Hors intersection,Normale,Deux véhicules - frontale,,,,,,,,,,,3,1,1,1,1
200700040181,0007-07-29 00:01:00,7,7,29,0,1,10,91,,,,Nuit avec éclairage allumé,Hors agglomération,Intersection en X,Normale,Deux véhicules - côté,,,,,,,,,,,5,1,2,1,3
200700040182,0007-07-01 14:05:00,7,7,1,14,5,10,180,D15,,,Plein jour,En agglomération,Hors intersection,Normale,Deux véhicules - frontale,,,,,,,,,,,1,2,1,1,1
200700040183,0007-07-06 20:00:00,7,7,6,20,0,10,399,,,,Plein jour,Hors agglomération,Intersection en T,Normale,Deux véhicules - frontale,,,,,,,,,,,1,1,3,1,1
200700040184,0007-07-15 15:45:00,7,7,15,15,45,10,173,,,,Plein jour,Hors agglomération,Hors intersection,Normale,Deux véhicules - frontale,,,,,,,,,,,1,1,1,1,1
200700040185,0007-07-21 14:45:00,7,7,21,14,45,10,173,,,,Plein jour,Hors agglomération,Hors intersection,Normale,Autre collision,,,,,,,,,,,1,1,1,1,6
200700040186,0007-07-21 10:15:00,7,7,21,10,15,10,194,,,,Plein jour,Hors agglomération,Hors intersection,Normale,Deux véhicules - frontale,,,,,,,,,,,1,1,1,1,1
200700040187,0007-07-27 17:00:00,7,7,27,17,0,10,383,,46.13,5.16,Plein jour,Hors agglomération,Hors intersection,Pluie légère,Deux véhicules - frontale,,,,,,,,,,,1,1,1,2,1
200700040188,0007-07-28 15:45:00,7,7,28,15,45,10,74,12 Lot le Grand Etang,,,Plein jour,En agglomération,Hors intersection,Temps éblouissant,Autre collision,,,,,,,,,,,1,2,1,7,6
200700040189,0007-07-01 14:15:00,7,7,1,14,15,10,450,,,,Plein jour,Hors agglomération,Hors intersection,Normale,Autre collision,,,,,,,,,,,1,1,1,1,6
200700040190,0007-07-10 15:30:00,7,7,10,15,30,10,244,route de charnoz - CD65,,,Plein jour,En agglomération,Hors intersection,Normale,Trois véhicules et plus - collisions multiples,,,,,,,,,,,1,2,1,1,5
200700040191,0007-07-07 12:15:00,7,7,7,12,15,10,21,,,,Plein jour,Hors agglomération,Autre intersection,Normale,Deux véhicules - frontale,,,,,,,,,,,1,1,9,1,1
200700040192,0007-07-24 08:00:00,7,7,24,8,0,10,443,,,,Plein jour,Hors agglomération,Hors intersection,Pluie légère,Autre collision,,,,,,,,,,,1,1,1,2,6
200700040193,0007-07-13 16:00:00,7,7,13,16,0,10,348,,46.191,4.819,Plein jour,Hors agglomération,Hors intersection,Normale,Deux véhicules - frontale,,,,,,,,,,,1,1,1,1,1
200700040194,0007-07-23 15:30:00,7,7,23,15,30,10,389,,46.093,4.92,Plein jour,Hors agglomération,Hors intersection,Pluie forte,Sans collision,,,,,,,,,,,1,1,1,3,7
200700040195,0007-07-26 08:00:00,7,7,26,8,0,10,420,Rue de l'Hopital,46.175,4.806,Plein jour,En agglomération,Hors intersection,Normale,Autre collision,,,,,,,,,,,1,2,1,1,6
200700040196,0007-07-22 17:15:00,7,7,22,17,15,70,259,,,,Plein jour,Hors agglomération,Intersection en T,Normale,Deux véhicules - côté,,,,,,,,,,,1,1,3,1,3
200700040197,0007-07-25 20:00:00,7,7,25,20,0,70,279,,,,Plein jour,Hors agglomération,Hors intersection,Normale,Sans collision,,,,,,,,,,,1,1,1,1,7
200700040198,0007-07-14 17:00:00,7,7,14,17,0,70,184,,,,Plein jour,Hors agglomération,Hors intersection,Normale,Autre collision,,,,,,,,,,,1,1,1,1,6
200700040199,0007-07-21 21:00:00,7,7,21,21,0,70,319,Avenue du 8 mai 1945,,,Crépuscule ou aube,En agglomération,Hors intersection,Pluie légère,Autre collision,,,,,,,,,,,2,2,1,2,6
200700040200,0007-07-01 15:30:00,7,7,1,15,30,70,179,route de Lay,,,Plein jour,Hors agglomération,Hors intersection,Normale,Deux véhicules - frontale,,,,,,,,,,,1,1,1,1,1
200700040201,0007-07-04 13:30:00,7,7,4,13,30,70,90,cd104 grand rue,,,Plein jour,En agglomération,Hors intersection,Normale,Autre collision,,,,,,,,,,,1,2,1,1,6
200700040202,0007-07-23 17:45:00,7,7,23,17,45,70,349,Avenue léon Blum,,,Plein jour,En agglomération,Hors intersection,Pluie forte,Trois véhicules et plus - collisions multiples,,,,,,,,,,,1,2,1,3,5
200700040203,0007-07-24 16:30:00,7,7,24,16,30,70,261,,,,Plein jour,Hors agglomération,Hors intersection,Normale,Sans collision,,,,,,,,,,,1,1,1,1,7
200700040204,0007-07-21 10:45:00,7,7,21,10,45,70,199,,,,Plein jour,Hors agglomération,Hors intersection,Normale,Deux véhicules - côté,,,,,,,,,,,1,1,1,1,3
200700040205,0007-07-22 12:45:00,7,7,22,12,45,70,162,,,,Plein jour,Hors agglomération,Hors intersection,Normale,Autre collision,,,,,,,,,,,1,1,1,1,6
200700040206,0007-07-05 14:00:00,7,7,5,14,0,70,18,,,,Plein jour,Hors agglomération,Hors intersection,Normale,Autre collision,,,,,,,,,,,1,1,1,1,6
200700040207,0007-07-29 13:30:00,7,7,29,13,30,70,142,,44.765,3.922,Plein jour,Hors agglomération,Hors intersection,Normale,Sans collision,,,,,,,,,,,1,1,1,1,7
200700040208,0007-07-21 12:00:00,7,7,21,12,0,70,161,cd 536,,,Plein jour,En agglomération,Hors intersection,Normale,Trois véhicules et plus - collisions multiples,,,,,,,,,,,1,2,1,1,5
200700040209,0007-07-23 15:45:00,7,7,23,15,45,70,326,,,,Plein jour,Hors agglomération,Hors intersection,Pluie légère,Autre collision,,,,,,,,,,,1,1,1,2,6
200700040210,0007-07-28 18:15:00,7,7,28,18,15,70,107,,,,Plein jour,Hors agglomération,Hors intersection,Normale,Autre collision,,,,,,,,,,,1,1,1,1,6
200700040211,0007-07-26 01:00:00,7,7,26,1,0,70,330,,44.414,4.383,Nuit avec éclairage allumé,Hors agglomération,Giratoire,Normale,Sans collision,,,,,,,,,,,5,1,6,1,7
200700040212,0007-07-29 02:30:00,7,7,29,2,30,70,207,,44.427,4.314,Nuit sans éclairage public,Hors agglomération,Hors intersection,Normale,Autre collision,,,,,,,,,,,3,1,1,1,6
200700040213,0007-07-22 17:00:00,7,7,22,17,0,70,152,,45.037,4.804,Plein jour,Hors agglomération,Hors intersection,Normale,Deux véhicules - frontale,,,,,,,,,,,1,1,1,1,1
200700040214,0007-07-29 04:30:00,7,7,29,4,30,70,324,ROUTE DE LAMASTRE,45.074,4.819,Nuit avec éclairage allumé,En agglomération,Hors intersection,Normale,Autre collision,,,,,,,,,,,5,2,1,1,6
200700040215,0007-07-25 16:15:00,7,7,25,16,15,70,333,,,,Plein jour,Hors agglomération,Hors intersection,Normale,Deux véhicules - frontale,,,,,,,,,,,1,1,1,1,1
200700040216,0007-07-15 11:15:00,7,7,15,11,15,70,165,,44.935,4.482,Plein jour,Hors agglomération,Hors intersection,Normale,Autre collision,,,,,,,,,,,1,1,1,1,6
200700040217,0007-07-24 08:00:00,7,7,24,8,0,70,212,,45.112,4.403,Plein jour,Hors agglomération,Hors intersection,Normale,Autre collision,,,,,,,,,,,1,1,1,1,6
200700040218,0007-07-24 15:45:00,7,7,24,15,45,70,12,,44.905,4.325,Plein jour,Hors agglomération,Hors intersection,Normale,Autre collision,,,,,,,,,,,1,1,1,1,6
200700040219,0007-07-16 08:00:00,7,7,16,8,0,260,64,,,,Plein jour,Hors agglomération,Hors intersection,Normale,Deux véhicules - arrière,,,,,,,,,,,1,1,1,1,2
200700040220,0007-07-22 14:00:00,7,7,22,14,0,260,64,,44.896,5.018,Plein jour,Hors agglomération,Hors intersection,Normale,Autre collision,,,,,,,,,,,1,1,1,1,6
200700040221,0007-07-22 11:45:00,7,7,22,11,45,260,212,,44.879,5.025,Plein jour,Hors agglomération,Hors intersection,Normale,Deux véhicules - côté,,,,,,,,,,,1,1,1,1,3
200700040222,0007-07-15 19:00:00,7,7,15,19,0,260,108,,,,Plein jour,Hors agglomération,Hors intersection,Normale,Deux véhicules - côté,,,,,,,,,,,1,1,1,1,3
200700040223,0007-07-17 22:30:00,7,7,17,22,30,260,35,et BEAUFORT SUR GERVANNE,,,Nuit sans éclairage public,Hors agglomération,Hors intersection,Normale,Autre collision,,,,,,,,,,,3,1,1,1,6
200700040224,0007-07-09 17:30:00,7,7,9,17,30,260,337,,44.72,4.771,Plein jour,Hors agglomération,Hors intersection,Normale,Deux véhicules - frontale,,,,,,,,,,,1,1,1,1,1
200700040225,0007-07-14 12:00:00,7,7,14,12,0,260,165,,44.792,4.852,Plein jour,Hors agglomération,Hors intersection,Normale,Deux véhicules - côté,,,,,,,,,,,1,1,1,1,3
200700040226,0007-07-27 16:15:00,7,7,27,16,15,260,113,Avenue Sadi Carnot,44.76,5.36,Plein jour,En agglomération,Hors intersection,Normale,Deux véhicules - frontale,,,,,,,,,,,1,2,1,1,1
200700040227,0007-07-14 11:15:00,7,7,14,11,15,260,167,,44.58,5.48,Plein jour,Hors agglomération,Hors intersection,Normale,Deux véhicules - frontale,,,,,,,,,,,1,1,1,1,1
200700040228,0007-07-11 11:30:00,7,7,11,11,30,260,339,,,,Plein jour,Hors agglomération,Hors intersection,Normale,Deux véhicules - arrière,,,,,,,,,,,1,1,1,1,2
200700040229,0007-07-02 16:15:00,7,7,2,16,15,260,317,,,,Plein jour,Hors agglomération,Hors intersection,Normale,Deux véhicules - frontale,,,,,,,,,,,1,1,1,1,1
200700040230,0007-07-27 08:45:00,7,7,27,8,45,260,377,,,,Nuit sans éclairage public,Hors agglomération,Hors intersection,Normale,Deux véhicules - côté,,,,,,,,,,,3,1,1,1,3
200700040231,0007-07-10 07:30:00,7,7,10,7,30,260,4,,44.98,5.02,Plein jour,Hors agglomération,Hors intersection,Normale,Deux véhicules - frontale,,,,,,,,,,,1,1,1,1,1
200700040232,0007-07-12 20:30:00,7,7,12,20,30,260,323,Les Chasses,,,Plein jour,En agglomération,Hors intersection,Normale,Autre collision,,,,,,,,,,,1,2,1,1,6
200700040233,0007-07-27 18:30:00,7,7,27,18,30,260,57,,,,Plein jour,Hors agglomération,Hors intersection,Normale,Sans collision,,,,,,,,,,,1,1,1,1,7
200700040234,0007-07-05 18:00:00,7,7,5,18,0,260,307,,45.012,5.318,Plein jour,Hors agglomération,Hors intersection,Normale,Sans collision,,,,,,,,,,,1,1,1,1,7
200700040235,0007-07-21 12:30:00,7,7,21,12,30,260,59,,44.982,5.275,Plein jour,Hors agglomération,Hors intersection,Normale,Sans collision,,,,,,,,,,,1,1,1,1,7
200700040236,0007-07-04 19:30:00,7,7,4,19,30,260,347,CD.109 Route de chanteme,45.07,4.84,Plein jour,En agglomération,Hors intersection,Normale,Deux véhicules - côté,,,,,,,,,,,1,2,1,1,3
200700040237,0007-07-16 09:15:00,7,7,16,9,15,260,347,avenueJean Jaures,,,Plein jour,En agglomération,Hors intersection,Normale,Deux véhicules - côté,,,,,,,,,,,1,2,1,1,3
200700040238,0007-07-21 08:45:00,7,7,21,8,45,380,317,Place du 08 mai 45,45.127,5.699,Plein jour,En agglomération,Hors intersection,Normale,Autre collision,,,,,,,,,,,1,2,1,1,6
200700040239,0007-07-17 08:15:00,7,7,17,8,15,380,439,route de Grenoble,,,Plein jour,En agglomération,Hors intersection,Normale,Deux véhicules - arrière,,,,,,,,,,,1,2,1,1,2
200700040240,0007-07-24 09:30:00,7,7,24,9,30,380,314,AVENUE CHAMPOLION,,,Plein jour,En agglomération,Hors intersection,Normale,Deux véhicules - côté,,,,,,,,,,,1,2,1,1,3
200700040241,0007-07-13 15:45:00,7,7,13,15,45,380,412,,,,Plein jour,Hors agglomération,Hors intersection,Normale,Deux véhicules - côté,,,,,,,,,,,1,1,1,1,3
200700040242,0007-07-17 08:45:00,7,7,17,8,45,380,442,,,,Plein jour,Hors agglomération,Hors intersection,Normale,Deux véhicules - frontale,,,,,,,,,,,1,1,1,1,1
200700040243,0007-07-20 15:30:00,7,7,20,15,30,380,153,,,,Plein jour,Hors agglomération,Hors intersection,Normale,Deux véhicules - frontale,,,,,,,,,,,1,1,1,1,1
200700040244,0007-07-26 13:00:00,7,7,26,13,0,380,540,,,,Plein jour,Hors agglomération,Hors intersection,Normale,Autre collision,,,,,,,,,,,1,1,1,1,6
200700040245,0007-07-07 06:00:00,7,7,7,6,0,380,2,,,,Plein jour,Hors agglomération,Hors intersection,Normale,Autre collision,,,,,,,,,,,1,1,1,1,6
200700040246,0007-07-10 08:00:00,7,7,10,8,0,380,501,avenue du Grésivaudan,,,Plein jour,En agglomération,Hors intersection,Normale,Autre collision,,,,,,,,,,,1,2,1,1,6
200700040247,0007-07-27 19:00:00,7,7,27,19,0,380,501,,,,Plein jour,Hors agglomération,Hors intersection,Normale,Deux véhicules - côté,,,,,,,,,,,1,1,1,1,3
200700040248,0007-07-08 18:30:00,7,7,8,18,30,380,312,,,,Plein jour,Hors agglomération,Hors intersection,Pluie légère,Autre collision,,,,,,,,,,,1,1,1,2,6
200700040249,0007-07-22 16:30:00,7,7,22,16,30,380,565,,45.31,5.636,Plein jour,Hors agglomération,Hors intersection,Normale,Deux véhicules - frontale,,,,,,,,,,,1,1,1,1,1
200700040250,0007-07-15 12:30:00,7,7,15,12,30,380,329,,44.836,5.891,Plein jour,Hors agglomération,Hors intersection,Normale,Sans collision,,,,,,,,,,,1,1,1,1,7
200700040251,0007-07-22 06:00:00,7,7,22,6,0,380,462,,,,Plein jour,Hors agglomération,Hors intersection,Normale,Autre collision,,,,,,,,,,,1,1,1,1,6
200700040252,0007-07-20 12:00:00,7,7,20,12,0,380,243,,44.789,5.664,Plein jour,Hors agglomération,Hors intersection,Normale,Deux véhicules - frontale,,,,,,,,,,,1,1,1,1,1
200700040253,0007-07-07 01:00:00,7,7,7,1,0,380,212,,,,Nuit avec éclairage non allumé,En agglomération,Giratoire,Normale,Deux véhicules - frontale,,,,,,,,,,,4,2,6,1,1
200700040254,0007-07-13 15:15:00,7,7,13,15,15,380,68,,45.08,5.773,Plein jour,Hors agglomération,Giratoire,Normale,Deux véhicules - frontale,,,,,,,,,,,1,1,6,1,1
200700040255,0007-07-20 16:45:00,7,7,20,16,45,380,279,,,,Plein jour,Hors agglomération,Hors intersection,Normale,Deux véhicules - côté,,,,,,,,,,,1,1,1,1,3
200700040256,0007-07-22 09:30:00,7,7,22,9,30,380,279,,45.082,5.765,Plein jour,Hors agglomération,Hors intersection,Normale,Sans collision,,,,,,,,,,,1,1,1,1,7
200700040257,0007-07-23 14:15:00,7,7,23,14,15,380,562,,,,Plein jour,Hors agglomération,Hors intersection,Normale,Deux véhicules - frontale,,,,,,,,,,,1,1,1,1,1
200700040258,0007-07-25 07:45:00,7,7,25,7,45,380,71,,45.07,5.721,Crépuscule ou aube,Hors agglomération,Autre intersection,Normale,Autre collision,,,,,,,,,,,2,1,9,1,6
200700040259,0007-07-01 08:45:00,7,7,1,8,45,380,95,,45.162,5.284,Crépuscule ou aube,Hors agglomération,Hors intersection,Normale,Autre collision,,,,,,,,,,,2,1,1,1,6
200700040260,0007-07-14 21:00:00,7,7,14,21,0,380,409,,45.078,5.284,Crépuscule ou aube,Hors agglomération,Hors intersection,Normale,Autre collision,,,,,,,,,,,2,1,1,1,6
200700040261,0007-07-22 06:00:00,7,7,22,6,0,380,95,,,,Plein jour,Hors agglomération,Hors intersection,Normale,Autre collision,,,,,,,,,,,1,1,1,1,6
200700040262,0007-07-13 20:45:00,7,7,13,20,45,380,194,,45.359,5.448,Plein jour,Hors agglomération,Hors intersection,Normale,Deux véhicules - arrière,,,,,,,,,,,1,1,1,1,2
200700040263,0007-07-16 16:30:00,7,7,16,16,30,380,337,171 rue Bayard,45.358,5.496,Plein jour,En agglomération,Hors intersection,Normale,Autre collision,,,,,,,,,,,1,2,1,1,6
200700040264,0007-07-30 15:00:00,7,7,30,15,0,380,30,D45 120 RTE DE MAUBEC,45.352,5.494,Plein jour,En agglomération,Hors intersection,Normale,Autre collision,,,,,,,,,,,1,2,1,1,6
200700040265,0007-07-19 08:45:00,7,7,19,8,45,380,32,,45.34,5.12,Plein jour,Hors agglomération,Hors intersection,Normale,Deux véhicules - frontale,,,,,,,,,,,1,1,1,1,1
200700040266,0007-07-01 05:30:00,7,7,1,5,30,380,559,,45.216,5.41,Crépuscule ou aube,Hors agglomération,Hors intersection,Normale,Autre collision,,,,,,,,,,,2,1,1,1,6
200700040267,0007-07-08 05:00:00,7,7,8,5,0,380,33,LE GUA,,,Nuit sans éclairage public,En agglomération,Hors intersection,Normale,Autre collision,,,,,,,,,,,3,2,1,1,6
200700040268,0007-07-17 10:45:00,7,7,17,10,45,380,517,route de Renage,,,Plein jour,En agglomération,Hors intersection,Normale,Deux véhicules - arrière,,,,,,,,,,,1,2,1,1,2
200700040269,0007-07-25 15:45:00,7,7,25,15,45,380,498,,45.534,5.325,Plein jour,Hors agglomération,Autre intersection,Normale,Deux véhicules - frontale,,,,,,,,,,,1,1,9,1,1
200700040270,0007-07-03 09:00:00,7,7,3,9,0,380,138,,,,Plein jour,Hors agglomération,Hors intersection,Normale,Deux véhicules - côté,,,,,,,,,,,1,1,1,1,3
200700040271,0007-07-21 04:30:00,7,7,21,4,30,380,13,,,,Nuit sans éclairage public,Hors agglomération,Hors intersection,Normale,Autre collision,,,,,,,,,,,3,1,1,1,6
200700040272,0007-07-22 00:15:00,7,7,22,0,15,380,26,,45.875,5.344,Nuit sans éclairage public,Hors agglomération,Hors intersection,Normale,Sans collision,,,,,,,,,,,3,1,1,1,7
200700040273,0007-07-22 03:00:00,7,7,22,3,0,380,54,,45.788,5.451,Nuit sans éclairage public,Hors agglomération,Hors intersection,Normale,Sans collision,,,,,,,,,,,3,1,1,1,7
200700040274,0007-07-29 19:30:00,7,7,29,19,30,380,22,,45.624,5.588,Plein jour,Hors agglomération,Hors intersection,Normale,Deux véhicules - frontale,,,,,,,,,,,1,1,1,1,1
200700040275,0007-07-15 22:00:00,7,7,15,22,0,380,372,,,,Nuit sans éclairage public,Hors agglomération,Hors intersection,Normale,Deux véhicules - arrière,,,,,,,,,,,3,1,1,1,2
200700040276,0007-07-17 22:00:00,7,7,17,22,0,380,82,,45.451,5.515,Nuit sans éclairage public,Hors agglomération,Hors intersection,Normale,Autre collision,,,,,,,,,,,3,1,1,1,6
200700040277,0007-07-13 15:30:00,7,7,13,15,30,440,35,"""les harmonnières""",,,Plein jour,En agglomération,Hors intersection,Normale,Deux véhicules - côté,,,,,,,,,,,1,2,1,1,3
200700040278,0007-07-23 14:15:00,7,7,23,14,15,440,201,,,,Plein jour,En agglomération,Autre intersection,Normale,Deux véhicules - côté,,,,,,,,,,,1,2,9,1,3
200700040279,0007-07-26 13:30:00,7,7,26,13,30,440,201,,,,Plein jour,Hors agglomération,Intersection en T,Normale,Deux véhicules - frontale,,,,,,,,,,,1,1,3,1,1
200700040280,0007-07-21 21:30:00,7,7,21,21,30,380,336,,45.467,4.84,Crépuscule ou aube,Hors agglomération,Hors intersection,Pluie légère,Deux véhicules - frontale,,,,,,,,,,,2,1,1,2,1
200700040281,0007-07-04 16:00:00,7,7,4,16,0,380,69,,,,Plein jour,Hors agglomération,Hors intersection,Normale,Trois véhicules et plus - collisions multiples,,,,,,,,,,,1,1,1,1,5
200700040282,0007-07-09 21:00:00,7,7,9,21,0,380,130,Avenue de Verdun,,,Crépuscule ou aube,En agglomération,Hors intersection,Normale,Deux véhicules - frontale,,,,,,,,,,,2,2,1,1,1