accident_id,datetime,annee,mois,jour,heure,minute,departement,commune_insee,adresse,latitude,longitude,luminosite,agglomeration,intersection,meteo,collision,nb_vehicules,nb_usagers,nb_indemnes,nb_tues,nb_blesses_hosp,nb_blesses_legers,age_cond_1,age_cond_2,veh_type_cond_1,veh_type_cond_2,lum_code,agg_code,int_code,atm_code,col_code
200700040283,0007-07-13 18:15:00,7,7,13,18,15,380,69,,,,Plein jour,Hors agglomération,Hors intersection,Normale,Deux véhicules - côté,,,,,,,,,,,1,1,1,1,3
200700040284,0007-07-25 12:00:00,7,7,25,12,0,380,290,Route de Jarcieu,,,Plein jour,En agglomération,Hors intersection,Normale,Trois véhicules et plus - collisions multiples,,,,,,,,,,,1,2,1,1,5
200700040285,0007-07-08 14:15:00,7,7,8,14,15,380,408,rue du 08 mai 1945,45.59,4.999,Plein jour,En agglomération,Hors intersection,Normale,Deux véhicules - frontale,,,,,,,,,,,1,2,1,1,1
200700040286,0007-07-13 23:30:00,7,7,13,23,30,380,15,,45.546,5.165,Nuit sans éclairage public,Hors agglomération,Hors intersection,Normale,Sans collision,,,,,,,,,,,3,1,1,1,7
200700040287,0007-07-28 16:15:00,7,7,28,16,15,380,399,,,,Plein jour,Hors agglomération,Intersection en X,Normale,Deux véhicules - côté,,,,,,,,,,,1,1,2,1,3
200700040288,0007-07-19 10:45:00,7,7,19,10,45,380,316,rue des aubépines,45.757,5.184,Plein jour,En agglomération,Hors intersection,Normale,Deux véhicules - frontale,,,,,,,,,,,1,2,1,1,1
200700040289,0007-07-07 19:15:00,7,7,7,19,15,380,344,Rte de valence RN7,45.372,4.8,Plein jour,En agglomération,Hors intersection,Normale,Deux véhicules - côté,,,,,,,,,,,1,2,1,1,3
200700040290,0007-07-10 10:30:00,7,7,10,10,30,380,298,,45.373,4.8,Plein jour,En agglomération,Hors intersection,Normale,Autre collision,,,,,,,,,,,1,2,1,1,6
200700040291,0007-07-01 19:15:00,7,7,1,19,15,420,23,Rue de la République,45.3,4.557,Plein jour,En agglomération,Hors intersection,Normale,Deux véhicules - côté,,,,,,,,,,,1,2,1,1,3
200700040292,0007-07-22 18:15:00,7,7,22,18,15,420,172,,,,Plein jour,Hors agglomération,Hors intersection,Normale,Deux véhicules - arrière,,,,,,,,,,,1,1,1,1,2
200700040293,0007-07-26 13:00:00,7,7,26,13,0,420,23,rue du docteur moulin,,,Plein jour,En agglomération,Hors intersection,Normale,Deux véhicules - côté,,,,,,,,,,,1,2,1,1,3
200700040294,0007-07-25 16:00:00,7,7,25,16,0,420,324,,,,Plein jour,Hors agglomération,Hors intersection,Normale,Sans collision,,,,,,,,,,,1,1,1,1,7
200700040295,0007-07-18 17:45:00,7,7,18,17,45,420,197,,,,Plein jour,Hors agglomération,Hors intersection,Normale,Deux véhicules - frontale,,,,,,,,,,,1,1,1,1,1
200700040296,0007-07-21 14:15:00,7,7,21,14,15,420,219,,,,Plein jour,Hors agglomération,Hors intersection,Normale,Autre collision,,,,,,,,,,,1,1,1,1,6
200700040297,0007-07-27 19:15:00,7,7,27,19,15,420,9,Le Bourg,,,Plein jour,En agglomération,Intersection en X,Normale,Deux véhicules - côté,,,,,,,,,,,1,2,2,1,3
200700040298,0007-07-08 20:15:00,7,7,8,20,15,420,193,rue des Canuts,45.801,4.278,Crépuscule ou aube,En agglomération,Hors intersection,Pluie légère,Deux véhicules - arrière,,,,,,,,,,,2,2,1,2,2
200700040299,0007-07-12 21:15:00,7,7,12,21,15,420,73,,45.826,4.307,Plein jour,Hors agglomération,Hors intersection,Normale,Autre collision,,,,,,,,,,,1,1,1,1,6
200700040300,0007-07-27 15:15:00,7,7,27,15,15,420,143,,45.792,4.169,Plein jour,Hors agglomération,Hors intersection,Normale,Deux véhicules - arrière,,,,,,,,,,,1,1,1,1,2
200700040301,0007-07-31 12:15:00,7,7,31,12,15,420,113,,45.757,4.314,Plein jour,Hors agglomération,Hors intersection,Normale,Deux véhicules - côté,,,,,,,,,,,1,1,1,1,3
200700040302,0007-07-09 13:45:00,7,7,9,13,45,420,192,,45.383,4.103,Plein jour,Hors agglomération,Hors intersection,Normale,Deux véhicules - frontale,,,,,,,,,,,1,1,1,1,1
200700040303,0007-07-22 01:45:00,7,7,22,1,45,420,266,,45.428,4.067,Nuit sans éclairage public,Hors agglomération,Hors intersection,Temps couvert,Deux véhicules - frontale,,,,,,,,,,,3,1,1,8,1
200700040304,0007-07-04 16:15:00,7,7,4,16,15,420,149,RUE EMILE DUPEYRAT,45.649,4.233,Plein jour,En agglomération,Hors intersection,Normale,Autre collision,,,,,,,,,,,1,2,1,1,6
200700040305,0007-07-12 08:45:00,7,7,12,8,45,420,81,,45.598,4.268,Plein jour,Hors agglomération,Hors intersection,Normale,Trois véhicules et plus - collisions multiples,,,,,,,,,,,1,1,1,1,5
200700040306,0007-07-17 09:45:00,7,7,17,9,45,420,59,,45.617,4.325,Plein jour,Hors agglomération,Hors intersection,Normale,Deux véhicules - frontale,,,,,,,,,,,1,1,1,1,1
200700040307,0007-07-29 04:45:00,7,7,29,4,45,420,149,,45.665,4.231,Nuit sans éclairage public,Hors agglomération,Hors intersection,Normale,Deux véhicules - arrière,,,,,,,,,,,3,1,1,1,2
200700040308,0007-07-30 15:00:00,7,7,30,15,0,420,10,,45.566,4.38,Plein jour,Hors agglomération,Hors intersection,Normale,Trois véhicules et plus - collisions multiples,,,,,,,,,,,1,1,1,1,5
200700040309,0007-07-06 12:45:00,7,7,6,12,45,420,239,,,,Plein jour,Hors agglomération,Hors intersection,Normale,Deux véhicules - frontale,,,,,,,,,,,1,1,1,1,1
200700040310,0007-07-27 23:15:00,7,7,27,23,15,420,156,,,,Nuit sans éclairage public,Hors agglomération,Hors intersection,Normale,Autre collision,,,,,,,,,,,3,1,1,1,6
200700040311,0007-07-26 17:15:00,7,7,26,17,15,420,254,,45.85,4.17,Plein jour,Hors agglomération,Hors intersection,Normale,Deux véhicules - arrière,,,,,,,,,,,1,1,1,1,2
200700040312,0007-07-03 07:15:00,7,7,3,7,15,420,339,,,,Plein jour,Hors agglomération,Hors intersection,Pluie légère,Autre collision,,,,,,,,,,,1,1,1,2,6
200700040313,0007-07-26 12:45:00,7,7,26,12,45,420,173,,45.814,4.078,Plein jour,Hors agglomération,Hors intersection,Normale,Autre collision,,,,,,,,,,,1,1,1,1,6
200700040314,0007-07-25 11:30:00,7,7,25,11,30,730,243,,,,Plein jour,Hors agglomération,Hors intersection,Normale,Sans collision,,,,,,,,,,,1,1,1,1,7
200700040315,0007-07-30 19:30:00,7,7,30,19,30,730,301,,45.71,5.948,Plein jour,Hors agglomération,Hors intersection,Normale,Deux véhicules - frontale,,,,,,,,,,,1,1,1,1,1
200700040316,0007-07-07 15:15:00,7,7,7,15,15,730,234,,,,Plein jour,Hors agglomération,Hors intersection,Normale,Sans collision,,,,,,,,,,,1,1,1,1,7
200700040317,0007-07-15 17:00:00,7,7,15,17,0,730,146,,45.703,6.093,Plein jour,Hors agglomération,Hors intersection,Normale,Autre collision,,,,,,,,,,,1,1,1,1,6
200700040318,0007-07-31 15:45:00,7,7,31,15,45,730,218,,45.853,5.806,Plein jour,Hors agglomération,Hors intersection,Normale,Deux véhicules - arrière,,,,,,,,,,,1,1,1,1,2
200700040319,0007-07-18 16:45:00,7,7,18,16,45,730,245,,,,Plein jour,Hors agglomération,Hors intersection,Normale,Deux véhicules - côté,,,,,,,,,,,1,1,1,1,3
200700040320,0007-07-26 19:30:00,7,7,26,19,30,730,179,,,,Plein jour,Hors agglomération,Hors intersection,Normale,Deux véhicules - côté,,,,,,,,,,,1,1,1,1,3
200700040321,0007-07-07 19:30:00,7,7,7,19,30,730,100,,45.537,5.709,Plein jour,Hors agglomération,Hors intersection,Normale,Deux véhicules - frontale,,,,,,,,,,,1,1,1,1,1
200700040322,0007-07-05 12:15:00,7,7,5,12,15,730,114,,,,Plein jour,Hors agglomération,Hors intersection,Normale,Autre collision,,,,,,,,,,,1,1,1,1,6
200700040323,0007-07-21 20:30:00,7,7,21,20,30,730,241,RD 925 lieu-dit le villa,,,Nuit sans éclairage public,En agglomération,Hors intersection,Pluie légère,Autre collision,,,,,,,,,,,3,2,1,2,6
200700040324,0007-07-05 11:00:00,7,7,5,11,0,730,6,,,,Plein jour,Hors agglomération,Hors intersection,Normale,Deux véhicules - frontale,,,,,,,,,,,1,1,1,1,1
200700040325,0007-07-27 12:45:00,7,7,27,12,45,730,6,,,,Plein jour,Hors agglomération,Hors intersection,Normale,Autre collision,,,,,,,,,,,1,1,1,1,6
200700040326,0007-07-14 08:30:00,7,7,14,8,30,730,34,,45.737,6.549,Plein jour,Hors agglomération,Hors intersection,Temps éblouissant,Deux véhicules - frontale,,,,,,,,,,,1,1,1,7,1
200700040327,0007-07-30 18:00:00,7,7,30,18,0,730,54,,,,Plein jour,Hors agglomération,Hors intersection,Normale,Deux véhicules - frontale,,,,,,,,,,,1,1,1,1,1
200700040328,0007-07-31 18:15:00,7,7,31,18,15,730,285,,,,Plein jour,Hors agglomération,Hors intersection,Normale,Autre collision,,,,,,,,,,,1,1,1,1,6
200700040329,0007-07-01 02:30:00,7,7,1,2,30,730,15,,,,Nuit sans éclairage public,Hors agglomération,Hors intersection,Normale,Autre collision,,,,,,,,,,,3,1,1,1,6
200700040330,0007-07-25 19:00:00,7,7,25,19,0,730,15,"CD90, Route Albert Gacon",,,Plein jour,En agglomération,Hors intersection,Normale,Deux véhicules - côté,,,,,,,,,,,1,2,1,1,3
200700040331,0007-07-14 14:45:00,7,7,14,14,45,730,116,,,,Plein jour,Hors agglomération,Hors intersection,Normale,Deux véhicules - côté,,,,,,,,,,,1,1,1,1,3
200700040332,0007-07-16 21:15:00,7,7,16,21,15,730,135,Route de la Cascade,,,Crépuscule ou aube,En agglomération,Hors intersection,Normale,Deux véhicules - frontale,,,,,,,,,,,2,2,1,1,1
200700040333,0007-07-16 11:30:00,7,7,16,11,30,730,306,,,,Plein jour,Hors agglomération,Hors intersection,Normale,Deux véhicules - frontale,,,,,,,,,,,1,1,1,1,1
200700040334,0007-07-06 17:00:00,7,7,6,17,0,730,109,,,,Plein jour,Hors agglomération,Hors intersection,Temps couvert,Deux véhicules - frontale,,,,,,,,,,,1,1,1,8,1
200700040335,0007-07-15 18:15:00,7,7,15,18,15,730,143,,,,Plein jour,Hors agglomération,Hors intersection,Normale,Sans collision,,,,,,,,,,,1,1,1,1,7
200700040336,0007-07-31 14:45:00,7,7,31,14,45,740,181,CD 908 B,45.945,6.107,Plein jour,En agglomération,Hors intersection,Normale,Deux véhicules - arrière,,,,,,,,,,,1,2,1,1,2
200700040337,0007-07-17 18:15:00,7,7,17,18,15,740,108,ROUTE DE LA MALADIERE,,,Plein jour,En agglomération,Hors intersection,Normale,Deux véhicules - frontale,,,,,,,,,,,1,2,1,1,1
200700040338,0007-07-29 11:30:00,7,7,29,11,30,740,242,,,,Plein jour,Hors agglomération,Hors intersection,Normale,Deux véhicules - frontale,,,,,,,,,,,1,1,1,1,1
200700040339,0007-07-12 18:45:00,7,7,12,18,45,740,61,,,,Plein jour,Hors agglomération,Hors intersection,Normale,Deux véhicules - côté,,,,,,,,,,,1,1,1,1,3
200700040340,0007-07-15 20:45:00,7,7,15,20,45,740,97,,,,Crépuscule ou aube,Hors agglomération,Hors intersection,Normale,Deux véhicules - frontale,,,,,,,,,,,2,1,1,1,1
200700040341,0007-07-20 13:00:00,7,7,20,13,0,740,225,Route de Cessens,45.859,5.936,Plein jour,En agglomération,Hors intersection,Normale,Autre collision,,,,,,,,,,,1,2,1,1,6
200700040342,0007-07-13 11:00:00,7,7,13,11,0,740,302,,45.924,6.39,Plein jour,Hors agglomération,Hors intersection,Normale,Deux véhicules - frontale,,,,,,,,,,,1,1,1,1,1
200700040343,0007-07-16 08:45:00,7,7,16,8,45,740,302,,,,Plein jour,Hors agglomération,Hors intersection,Normale,Autre collision,,,,,,,,,,,1,1,1,1,6
200700040344,0007-07-22 01:15:00,7,7,22,1,15,740,239,,,,Nuit avec éclairage allumé,Hors agglomération,Hors intersection,Normale,Autre collision,,,,,,,,,,,5,1,1,1,6
200700040345,0007-07-14 02:00:00,7,7,14,2,0,740,24,,,,Nuit avec éclairage allumé,Hors agglomération,Hors intersection,Normale,Autre collision,,,,,,,,,,,5,1,1,1,6
200700040346,0007-07-20 08:30:00,7,7,20,8,30,740,920,,,,Plein jour,Hors agglomération,Hors intersection,Normale,Trois véhicules et plus - collisions multiples,,,,,,,,,,,1,1,1,1,5
200700040347,0007-07-09 16:00:00,7,7,9,16,0,740,64,,,,Plein jour,Hors agglomération,Hors intersection,Normale,Deux véhicules - frontale,,,,,,,,,,,1,1,1,1,1
200700040348,0007-07-12 20:45:00,7,7,12,20,45,740,169,,46.068,6.527,Crépuscule ou aube,Hors agglomération,Hors intersection,Normale,Sans collision,,,,,,,,,,,2,1,1,1,7
200700040349,0007-07-17 20:45:00,7,7,17,20,45,740,169,avenue des léchères,,,Crépuscule ou aube,En agglomération,Hors intersection,Normale,Trois véhicules et plus - collisions multiples,,,,,,,,,,,2,2,1,1,5
200700040350,0007-07-27 11:45:00,7,7,27,11,45,740,159,Route de Gravin,46.022,6.617,Plein jour,En agglomération,Hors intersection,Normale,Trois véhicules et plus - collisions multiples,,,,,,,,,,,1,2,1,1,5
200700040351,0007-07-17 22:30:00,7,7,17,22,30,740,236,,,,Nuit sans éclairage public,Hors agglomération,Hors intersection,Normale,Sans collision,,,,,,,,,,,3,1,1,1,7
200700040352,0007-07-06 12:30:00,7,7,6,12,30,740,224,156 avenue C. de Gaulle,46.073,6.312,Plein jour,En agglomération,Hors intersection,Normale,Deux véhicules - arrière,,,,,,,,,,,1,2,1,1,2
200700040353,0007-07-26 19:15:00,7,7,26,19,15,740,224,rue ingenieur sansoube,,,Plein jour,En agglomération,Hors intersection,Normale,Deux véhicules - frontale,,,,,,,,,,,1,2,1,1,1
200700040354,0007-07-29 03:45:00,7,7,29,3,45,740,7,,46.066,6.344,Nuit avec éclairage allumé,En agglomération,Hors intersection,Normale,Autre collision,,,,,,,,,,,5,2,1,1,6
200700040355,0007-07-01 15:15:00,7,7,1,15,15,740,256,117 rue du Mont-Blanc,,,Plein jour,En agglomération,Hors intersection,Normale,Trois véhicules et plus - en chaîne,,,,,,,,,,,1,2,1,1,4
200700040356,0007-07-09 09:45:00,7,7,9,9,45,740,256,53 Place de la Grenette,,,Plein jour,En agglomération,Hors intersection,Normale,Autre collision,,,,,,,,,,,1,2,1,1,6
200700040357,0007-07-17 14:30:00,7,7,17,14,30,740,208,,,,Plein jour,Hors agglomération,Hors intersection,Normale,Autre collision,,,,,,,,,,,1,1,1,1,6
200700040358,0007-07-23 19:15:00,7,7,23,19,15,740,256,route de megeve,45.935,6.631,Crépuscule ou aube,En agglomération,Hors intersection,Pluie légère,Deux véhicules - frontale,,,,,,,,,,,2,2,1,2,1
200700040359,0007-07-09 17:45:00,7,7,9,17,45,740,211,,46.107,6.241,Plein jour,Hors agglomération,Hors intersection,Pluie légère,Deux véhicules - frontale,,,,,,,,,,,1,1,1,2,1
200700040360,0007-07-12 18:45:00,7,7,12,18,45,740,211,route de navilly,,,Plein jour,En agglomération,Hors intersection,Normale,Deux véhicules - frontale,,,,,,,,,,,1,2,1,1,1
200700040361,0007-07-12 17:45:00,7,7,12,17,45,740,51,,46.02,6.07,Plein jour,Hors agglomération,Hors intersection,Normale,Trois véhicules et plus - en chaîne,,,,,,,,,,,1,1,1,1,4
200700040362,0007-07-01 17:45:00,7,7,1,17,45,740,109,,46.068,5.862,Plein jour,Hors agglomération,Intersection en T,Pluie légère,Deux véhicules - côté,,,,,,,,,,,1,1,3,2,3
200700040363,0007-07-06 17:15:00,7,7,6,17,15,740,184,,,,Plein jour,Hors agglomération,Hors intersection,Normale,Sans collision,,,,,,,,,,,1,1,1,1,7
200700040364,0007-07-20 09:15:00,7,7,20,9,15,740,131,61 rue du grand pont,,,Plein jour,En agglomération,Hors intersection,Normale,Sans collision,,,,,,,,,,,1,2,1,1,7
200700040365,0007-07-04 14:30:00,7,7,4,14,30,740,171,,46.318,6.325,Plein jour,Hors agglomération,Hors intersection,Normale,Autre collision,,,,,,,,,,,1,1,1,1,6
200700040366,0007-07-05 18:45:00,7,7,5,18,45,740,281,,46.349,6.455,Plein jour,Hors agglomération,Hors intersection,Normale,Deux véhicules - frontale,,,,,,,,,,,1,1,1,1,1
200700040367,0007-07-06 16:15:00,7,7,6,16,15,740,105,centre commercial doming,46.311,6.308,Plein jour,En agglomération,Hors intersection,Pluie légère,Deux véhicules - frontale,,,,,,,,,,,1,2,1,2,1
200700040368,0007-07-09 07:00:00,7,7,9,7,0,740,163,,46.357,6.443,Plein jour,Hors agglomération,Hors intersection,Temps couvert,Deux véhicules - côté,,,,,,,,,,,1,1,1,8,3
200700040369,0007-07-11 18:45:00,7,7,11,18,45,740,263,,46.342,6.403,Plein jour,Hors agglomération,Hors intersection,Normale,Deux véhicules - côté,,,,,,,,,,,1,1,1,1,3
200700040370,0007-07-27 19:45:00,7,7,27,19,45,740,105,,46.308,6.303,Plein jour,En agglomération,Hors intersection,Normale,Deux véhicules - côté,,,,,,,,,,,1,2,1,1,3
200700040371,0007-07-10 11:45:00,7,7,10,11,45,740,1,carrefour centre village,46.28,6.72,Plein jour,En agglomération,Hors intersection,Normale,Deux véhicules - côté,,,,,,,,,,,1,2,1,1,3
200700040372,0007-07-16 17:45:00,7,7,16,17,45,740,58,,46.28,6.81,Plein jour,Hors agglomération,Hors intersection,Normale,Sans collision,,,,,,,,,,,1,1,1,1,7
200700040373,0007-07-15 14:00:00,7,7,15,14,0,740,287,chef lieu,46.313,6.549,Plein jour,En agglomération,Hors intersection,Normale,Deux véhicules - frontale,,,,,,,,,,,1,2,1,1,1
200700040374,0007-07-03 17:15:00,7,7,3,17,15,740,127,,,,Plein jour,Hors agglomération,Hors intersection,Pluie légère,Autre collision,,,,,,,,,,,1,1,1,2,6
200700040375,0007-07-08 19:30:00,7,7,8,19,30,740,127,,46.364,6.522,Plein jour,Hors agglomération,Hors intersection,Pluie forte,Deux véhicules - côté,,,,,,,,,,,1,1,1,3,3
200700040376,0007-07-19 12:00:00,7,7,19,12,0,740,146,CD 32 .  STADE DE FOOT,46.372,6.573,Plein jour,En agglomération,Hors intersection,Normale,Trois véhicules et plus - collisions multiples,,,,,,,,,,,1,2,1,1,5
200700040377,0007-07-20 10:15:00,7,7,20,10,15,740,237,RN1005,46.397,6.791,Plein jour,En agglomération,Hors intersection,Pluie légère,Trois véhicules et plus - collisions multiples,,,,,,,,,,,1,2,1,2,5
200700040378,0007-07-30 11:15:00,7,7,30,11,15,740,188,Carrefour D228 - D229,,,Plein jour,En agglomération,Intersection en Y,Normale,Deux véhicules - frontale,,,,,,,,,,,1,2,4,1,1
200700040379,0007-07-02 23:15:00,7,7,2,23,15,630,284,,,,Nuit sans éclairage public,Hors agglomération,Hors intersection,Normale,Autre collision,,,,,,,,,,,3,1,1,1,6
200700040380,0007-07-19 13:15:00,7,7,19,13,15,630,284,Avenue Roger Coulon,,,Plein jour,En agglomération,Hors intersection,Normale,Deux véhicules - frontale,,,,,,,,,,,1,2,1,1,1
200700040381,0007-07-15 00:15:00,7,7,15,0,15,630,274,,45.665,2.764,Nuit sans éclairage public,Hors agglomération,Intersection en X,Normale,Deux véhicules - frontale,,,,,,,,,,,3,1,2,1,1
200700040382,0007-07-10 10:15:00,7,7,10,10,15,630,126,,45.682,3.122,Plein jour,Hors agglomération,Intersection en X,Normale,Deux véhicules - côté,,,,,,,,,,,1,1,2,1,3
200700040383,0007-07-27 16:45:00,7,7,27,16,45,630,214,Rue des jardins,45.68,3.18,Plein jour,En agglomération,Hors intersection,Normale,Deux véhicules - frontale,,,,,,,,,,,1,2,1,1,1
200700040384,0007-07-26 11:30:00,7,7,26,11,30,630,3,,,,Plein jour,Hors agglomération,Hors intersection,Normale,Trois véhicules et plus - en chaîne,,,,,,,,,,,1,1,1,1,4
200700040385,0007-07-25 00:01:00,7,7,25,0,1,630,258,,45.721,3.582,Nuit avec éclairage allumé,Hors agglomération,Autre intersection,Normale,Sans collision,,,,,,,,,,,5,1,9,1,7
200700040386,0007-07-27 18:45:00,7,7,27,18,45,630,23,,45.604,3.561,Plein jour,Hors agglomération,Hors intersection,Normale,Sans collision,,,,,,,,,,,1,1,1,1,7
200700040387,0007-07-14 15:30:00,7,7,14,15,30,630,147,,45.459,3.886,Plein jour,Hors agglomération,Hors intersection,Normale,Sans collision,,,,,,,,,,,1,1,1,1,7
200700040388,0007-07-27 02:45:00,7,7,27,2,45,630,162,,,,Nuit sans éclairage public,Hors agglomération,Hors intersection,Normale,Sans collision,,,,,,,,,,,3,1,1,1,7
200700040389,0007-07-27 06:30:00,7,7,27,6,30,630,314,,,,Plein jour,Hors agglomération,Hors intersection,Normale,Sans collision,,,,,,,,,,,1,1,1,1,7
200700040390,0007-07-29 09:00:00,7,7,29,9,0,630,178,,45.54,3.25,Plein jour,En agglomération,Hors intersection,Normale,Autre collision,,,,,,,,,,,1,2,1,1,6
200700040391,0007-07-06 18:00:00,7,7,6,18,0,630,182,rue de la Batellerie,45.437,3.342,Plein jour,En agglomération,Hors intersection,Normale,Deux véhicules - frontale,,,,,,,,,,,1,2,1,1,1
200700040392,0007-07-08 09:15:00,7,7,8,9,15,630,52,Place de la République,45.472,3.264,Plein jour,En agglomération,Hors intersection,Pluie légère,Sans collision,,,,,,,,,,,1,2,1,2,7
200700040393,0007-07-11 09:15:00,7,7,11,9,15,630,6,,45.348,3.035,Plein jour,Hors agglomération,Hors intersection,Normale,Autre collision,,,,,,,,,,,1,1,1,1,6
200700040394,0007-07-13 16:15:00,7,7,13,16,15,630,99,,45.852,3.091,Plein jour,En agglomération,Hors intersection,Normale,Deux véhicules - frontale,,,,,,,,,,,1,2,1,1,1
200700040395,0007-07-07 17:15:00,7,7,7,17,15,630,446,,46.055,3.2,Plein jour,Hors agglomération,Hors intersection,Normale,Sans collision,,,,,,,,,,,1,1,1,1,7
200700040396,0007-07-27 11:00:00,7,7,27,11,0,630,459,15 AVENUE DE LA LIMAGNE,46.011,3.328,Plein jour,En agglomération,Hors intersection,Normale,Deux véhicules - arrière,,,,,,,,,,,1,2,1,1,2
200700040397,0007-07-08 02:45:00,7,7,8,2,45,630,198,,45.932,3.022,Nuit sans éclairage public,Hors agglomération,Hors intersection,Normale,Sans collision,,,,,,,,,,,3,1,1,1,7
200700040398,0007-07-07 12:15:00,7,7,7,12,15,630,100,,46.024,2.897,Plein jour,Hors agglomération,Hors intersection,Normale,Trois véhicules et plus - collisions multiples,,,,,,,,,,,1,1,1,1,5
200700040399,0007-07-14 11:45:00,7,7,14,11,45,630,206,route de riom,45.968,2.945,Plein jour,En agglomération,Hors intersection,Normale,Deux véhicules - côté,,,,,,,,,,,1,2,1,1,3
200700040400,0007-07-19 17:00:00,7,7,19,17,0,630,349,,45.963,2.909,Plein jour,Hors agglomération,Hors intersection,Autre,Sans collision,,,,,,,,,,,1,1,1,9,7
200700040401,0007-07-22 22:45:00,7,7,22,22,45,630,85,,,,Nuit sans éclairage public,Hors agglomération,Hors intersection,Normale,Autre collision,,,,,,,,,,,3,1,1,1,6
200700040402,0007-07-08 19:30:00,7,7,8,19,30,630,233,RD2144 / rue du Pont,46.183,2.81,Plein jour,En agglomération,Hors intersection,Temps couvert,Deux véhicules - côté,,,,,,,,,,,1,2,1,8,3
200700040403,0007-07-29 13:00:00,7,7,29,13,0,630,43,,46.019,3.001,Plein jour,Hors agglomération,Hors intersection,Normale,Autre collision,,,,,,,,,,,1,1,1,1,6
200700040404,0007-07-06 19:00:00,7,7,6,19,0,630,152,,46.028,2.706,Plein jour,Hors agglomération,Hors intersection,Normale,Autre collision,,,,,,,,,,,1,1,1,1,6
200700040405,0007-07-21 18:30:00,7,7,21,18,30,630,430,avenue pierre guerin,45.857,3.547,Plein jour,En agglomération,Hors intersection,Pluie légère,Deux véhicules - côté,,,,,,,,,,,1,2,1,2,3
200700040406,0007-07-01 16:40:00,7,7,1,16,40,630,16,arrefour CD 314 et CD 45,,,Plein jour,En agglomération,Hors intersection,Normale,Deux véhicules - côté,,,,,,,,,,,1,2,1,1,3
200700040407,0007-07-27 14:15:00,7,7,27,14,15,630,418,,45.783,3.481,Plein jour,Hors agglomération,Hors intersection,Normale,Deux véhicules - frontale,,,,,,,,,,,1,1,1,1,1
200700040408,0007-07-03 18:15:00,7,7,3,18,15,630,180,Le Bourg,,,Plein jour,En agglomération,Hors intersection,Pluie légère,Deux véhicules - frontale,,,,,,,,,,,1,2,1,2,1
200700040409,0007-07-07 13:45:00,7,7,7,13,45,30,200,,,,Plein jour,Hors agglomération,Intersection en T,Normale,Deux véhicules - côté,,,,,,,,,,,1,1,3,1,3
200700040410,0007-07-23 13:30:00,7,7,23,13,30,30,176,,46.387,3.299,Plein jour,Hors agglomération,Hors intersection,Pluie légère,Trois véhicules et plus - collisions multiples,,,,,,,,,,,1,1,1,2,5
200700040411,0007-07-04 14:00:00,7,7,4,14,0,30,73,,,,Plein jour,Hors agglomération,Hors intersection,Normale,Sans collision,,,,,,,,,,,1,1,1,1,7
200700040412,0007-07-07 01:00:00,7,7,7,1,0,30,99,,,,Nuit sans éclairage public,Hors agglomération,Hors intersection,Normale,Deux véhicules - frontale,,,,,,,,,,,3,1,1,1,1
200700040413,0007-07-31 12:30:00,7,7,31,12,30,30,26,,46.452,3.275,Plein jour,Hors agglomération,Hors intersection,Normale,Sans collision,,,,,,,,,,,1,1,1,1,7
200700040414,0007-07-08 12:15:00,7,7,8,12,15,30,212,,46.33,2.53,Plein jour,Hors agglomération,Hors intersection,Pluie légère,Sans collision,,,,,,,,,,,1,1,1,2,7
200700040415,0007-07-23 01:45:00,7,7,23,1,45,30,246,,46.33,2.39,Nuit sans éclairage public,Hors agglomération,Hors intersection,Normale,Sans collision,,,,,,,,,,,3,1,1,1,7
200700040416,0007-07-22 16:30:00,7,7,22,16,30,30,279,,46.27,2.53,Plein jour,Hors agglomération,Hors intersection,Normale,Sans collision,,,,,,,,,,,1,1,1,1,7
200700040417,0007-07-04 12:15:00,7,7,4,12,15,30,10,,46.46,2.59,Plein jour,Hors agglomération,Intersection en X,Normale,Deux véhicules - côté,,,,,,,,,,,1,1,2,1,3
200700040418,0007-07-13 12:00:00,7,7,13,12,0,30,82,rue Gabriel Péri,46.293,2.739,Plein jour,En agglomération,Hors intersection,Normale,Autre collision,,,,,,,,,,,1,2,1,1,6
200700040419,0007-07-18 18:15:00,7,7,18,18,15,30,106,,46.273,2.687,Plein jour,Hors agglomération,Hors intersection,Normale,Trois véhicules et plus - collisions multiples,,,,,,,,,,,1,1,1,1,5
200700040420,0007-07-24 17:00:00,7,7,24,17,0,30,231,,46.141,2.624,Plein jour,En agglomération,Hors intersection,Normale,Autre collision,,,,,,,,,,,1,2,1,1,6
200700040421,0007-07-03 18:45:00,7,7,3,18,45,30,174,,,,Plein jour,Hors agglomération,Hors intersection,Pluie légère,Deux véhicules - frontale,,,,,,,,,,,1,1,1,2,1