accident_id,datetime,annee,mois,jour,heure,minute,departement,commune_insee,adresse,latitude,longitude,luminosite,agglomeration,intersection,meteo,collision,nb_vehicules,nb_usagers,nb_indemnes,nb_tues,nb_blesses_hosp,nb_blesses_legers,age_cond_1,age_cond_2,veh_type_cond_1,veh_type_cond_2,lum_code,agg_code,int_code,atm_code,col_code
200700040563,0007-07-25 08:30:00,7,7,25,8,30,670,551,,,,Plein jour,Hors agglomération,Autre intersection,Normale,Autre collision,,,,,,,,,,,1,1,9,1,6
200700040564,0007-07-19 07:00:00,7,7,19,7,0,670,116,,,,Plein jour,Hors agglomération,Hors intersection,Normale,Autre collision,,,,,,,,,,,1,1,1,1,6
200700040565,0007-07-22 18:00:00,7,7,22,18,0,670,239,,,,Plein jour,Hors agglomération,Hors intersection,Normale,Deux véhicules - frontale,,,,,,,,,,,1,1,1,1,1
200700040566,0007-07-30 16:45:00,7,7,30,16,45,670,73,21 rue du maréchal FOCH,,,Plein jour,En agglomération,Hors intersection,Normale,Deux véhicules - côté,,,,,,,,,,,1,2,1,1,3
200700040567,0007-07-31 20:00:00,7,7,31,20,0,670,544,,,,Plein jour,Hors agglomération,Hors intersection,Normale,Sans collision,,,,,,,,,,,1,1,1,1,7
200700040568,0007-07-09 17:45:00,7,7,9,17,45,670,463,,,,Plein jour,Hors agglomération,Hors intersection,Temps éblouissant,Deux véhicules - côté,,,,,,,,,,,1,1,1,7,3
200700040569,0007-07-22 11:45:00,7,7,22,11,45,670,213,,48.965,7.954,Plein jour,Hors agglomération,Hors intersection,Normale,Deux véhicules - côté,,,,,,,,,,,1,1,1,1,3
200700040570,0007-07-09 19:30:00,7,7,9,19,30,670,141,,48.909,7.709,Plein jour,Hors agglomération,Intersection en X,Normale,Deux véhicules - côté,,,,,,,,,,,1,1,2,1,3
200700040571,0007-07-01 17:15:00,7,7,1,17,15,680,368,cd 10  / rue Walbach,48.057,7.208,Plein jour,En agglomération,Giratoire,Normale,Deux véhicules - côté,,,,,,,,,,,1,2,6,1,3
200700040572,0007-07-01 03:15:00,7,7,1,3,15,680,76,,,,Nuit sans éclairage public,Hors agglomération,Hors intersection,Normale,Sans collision,,,,,,,,,,,3,1,1,1,7
200700040573,0007-07-13 21:30:00,7,7,13,21,30,680,36,,48.039,7.562,Crépuscule ou aube,Hors agglomération,Hors intersection,Normale,Deux véhicules - arrière,,,,,,,,,,,2,1,1,1,2
200700040574,0007-07-05 11:15:00,7,7,5,11,15,680,298,OsmontXSt Louis,48.249,7.181,Plein jour,En agglomération,Hors intersection,Pluie forte,Autre collision,,,,,,,,,,,1,2,1,3,6
200700040575,0007-07-14 13:00:00,7,7,14,13,0,680,237,,48.102,7.262,Plein jour,Hors agglomération,Hors intersection,Normale,Sans collision,,,,,,,,,,,1,1,1,1,7
200700040576,0007-07-21 11:45:00,7,7,21,11,45,680,155,rue de la Rivière,48.102,7.304,Plein jour,En agglomération,Hors intersection,Normale,Deux véhicules - frontale,,,,,,,,,,,1,2,1,1,1
200700040577,0007-07-31 19:45:00,7,7,31,19,45,680,338,,48.099,7.229,Crépuscule ou aube,Hors agglomération,Hors intersection,Normale,Deux véhicules - côté,,,,,,,,,,,2,1,1,1,3
200700040578,0007-07-05 17:15:00,7,7,5,17,15,680,325,rue de WALDIGHOFFEN,47.555,7.344,Plein jour,En agglomération,Hors intersection,Temps couvert,Deux véhicules - frontale,,,,,,,,,,,1,2,1,8,1
200700040579,0007-07-28 16:15:00,7,7,28,16,15,680,94,,47.553,7.427,Plein jour,Hors agglomération,Hors intersection,Normale,Sans collision,,,,,,,,,,,1,1,1,1,7
200700040580,0007-07-09 18:30:00,7,7,9,18,30,680,50,Rue de la Solitude,47.672,7.065,Plein jour,En agglomération,Hors intersection,Normale,Autre collision,,,,,,,,,,,1,2,1,1,6
200700040581,0007-07-07 14:15:00,7,7,7,14,15,680,152,RD 432,47.67,7.26,Plein jour,En agglomération,Intersection en T,Normale,Deux véhicules - côté,,,,,,,,,,,1,2,3,1,3
200700040582,0007-07-01 20:15:00,7,7,1,20,15,680,137,Rue principale,47.576,7.141,Plein jour,En agglomération,Hors intersection,Normale,Autre collision,,,,,,,,,,,1,2,1,1,6
200700040583,0007-07-14 16:45:00,7,7,14,16,45,680,273,,47.528,7.28,Plein jour,Hors agglomération,Hors intersection,Normale,Deux véhicules - côté,,,,,,,,,,,1,1,1,1,3
200700040584,0007-07-14 02:45:00,7,7,14,2,45,680,87,,47.542,7.275,Nuit sans éclairage public,Hors agglomération,Hors intersection,Normale,Autre collision,,,,,,,,,,,3,1,1,1,6
200700040585,0007-07-15 00:30:00,7,7,15,0,30,680,330,,47.583,7.131,Nuit sans éclairage public,Hors agglomération,Hors intersection,Normale,Sans collision,,,,,,,,,,,3,1,1,1,7
200700040586,0007-07-16 16:00:00,7,7,16,16,0,680,330,,47.579,7.11,Plein jour,Hors agglomération,Hors intersection,Normale,Sans collision,,,,,,,,,,,1,1,1,1,7
200700040587,0007-07-06 18:15:00,7,7,6,18,15,680,266,,47.903,7.337,Plein jour,Hors agglomération,Hors intersection,Normale,Deux véhicules - arrière,,,,,,,,,,,1,1,1,1,2
200700040588,0007-07-07 21:30:00,7,7,7,21,30,680,111,,,,Plein jour,Hors agglomération,Hors intersection,Normale,Deux véhicules - frontale,,,,,,,,,,,1,1,1,1,1
200700040589,0007-07-13 17:45:00,7,7,13,17,45,680,318,,48.028,7.223,Plein jour,Hors agglomération,Hors intersection,Normale,Deux véhicules - frontale,,,,,,,,,,,1,1,1,1,1
200700040590,0007-07-17 00:30:00,7,7,17,0,30,680,43,26 rue de nice,47.859,7.263,Nuit avec éclairage allumé,En agglomération,Hors intersection,Normale,Autre collision,,,,,,,,,,,5,2,1,1,6
200700040591,0007-07-30 10:45:00,7,7,30,10,45,680,343,Rue St Michel,47.878,7.319,Plein jour,En agglomération,Hors intersection,Normale,Deux véhicules - frontale,,,,,,,,,,,1,2,1,1,1
200700040592,0007-07-26 21:45:00,7,7,26,21,45,680,289,,,,Nuit sans éclairage public,Hors agglomération,Intersection en X,Normale,Deux véhicules - arrière,,,,,,,,,,,3,1,2,1,2
200700040593,0007-07-12 20:15:00,7,7,12,20,15,680,195,rue de Morschwiller,47.761,7.28,Plein jour,En agglomération,Hors intersection,Normale,Deux véhicules - frontale,,,,,,,,,,,1,2,1,1,1
200700040594,0007-07-19 14:45:00,7,7,19,14,45,680,253,,47.786,7.498,Plein jour,Hors agglomération,Hors intersection,Normale,Trois véhicules et plus - en chaîne,,,,,,,,,,,1,1,1,1,4
200700040595,0007-07-30 17:45:00,7,7,30,17,45,680,42,,47.62,7.49,Plein jour,Hors agglomération,Hors intersection,Normale,Trois véhicules et plus - collisions multiples,,,,,,,,,,,1,1,1,1,5
200700040596,0007-07-07 13:00:00,7,7,7,13,0,680,309,,,,Plein jour,Hors agglomération,Hors intersection,Normale,Deux véhicules - arrière,,,,,,,,,,,1,1,1,1,2
200700040597,0007-07-29 04:45:00,7,7,29,4,45,680,21,,,,Crépuscule ou aube,Hors agglomération,Hors intersection,Normale,Autre collision,,,,,,,,,,,2,1,1,1,6
200700040598,0007-07-30 07:00:00,7,7,30,7,0,680,265,,,,Plein jour,Hors agglomération,Hors intersection,Normale,Autre collision,,,,,,,,,,,1,1,1,1,6
200700040599,0007-07-07 17:15:00,7,7,7,17,15,680,40,Rue du Rhin,47.837,7.079,Plein jour,En agglomération,Hors intersection,Normale,Deux véhicules - frontale,,,,,,,,,,,1,2,1,1,1
200700040600,0007-07-04 17:30:00,7,7,4,17,30,680,372,RN66,47.855,7.066,Plein jour,En agglomération,Hors intersection,Autre,Deux véhicules - frontale,,,,,,,,,,,1,2,1,9,1
200700040601,0007-07-20 08:15:00,7,7,20,8,15,680,63,rue clémenceau,47.814,7.18,Plein jour,En agglomération,Hors intersection,Temps éblouissant,Autre collision,,,,,,,,,,,1,2,1,7,6
200700040602,0007-07-14 13:15:00,7,7,14,13,15,680,262,"03, rue du Gal de Gaulle",47.887,7.01,Plein jour,En agglomération,Hors intersection,Normale,Autre collision,,,,,,,,,,,1,2,1,1,6
200700040603,0007-07-08 18:15:00,7,7,8,18,15,510,231,,48.997,4.438,Plein jour,Hors agglomération,Hors intersection,Normale,Sans collision,,,,,,,,,,,1,1,1,1,7
200700040604,0007-07-13 16:45:00,7,7,13,16,45,510,278,,,,Plein jour,Hors agglomération,Hors intersection,Normale,Trois véhicules et plus - collisions multiples,,,,,,,,,,,1,1,1,1,5
200700040605,0007-07-25 22:30:00,7,7,25,22,30,510,409,,,,Nuit sans éclairage public,Hors agglomération,Hors intersection,Normale,Deux véhicules - frontale,,,,,,,,,,,3,1,1,1,1
200700040606,0007-07-21 21:15:00,7,7,21,21,15,510,559,,49.125,4.547,Nuit sans éclairage public,Hors agglomération,Autre intersection,Normale,Autre collision,,,,,,,,,,,3,1,9,1,6
200700040607,0007-07-24 12:15:00,7,7,24,12,15,510,217,,49.051,3.634,Plein jour,Hors agglomération,Hors intersection,Normale,Deux véhicules - frontale,,,,,,,,,,,1,1,1,1,1
200700040608,0007-07-14 15:15:00,7,7,14,15,15,510,545,,48.748,4.193,Plein jour,Hors agglomération,Hors intersection,Normale,Autre collision,,,,,,,,,,,1,1,1,1,6
200700040609,0007-07-20 08:45:00,7,7,20,8,45,510,167,,48.746,4.415,Plein jour,Hors agglomération,Hors intersection,Normale,Trois véhicules et plus - collisions multiples,,,,,,,,,,,1,1,1,1,5
200700040610,0007-07-14 18:30:00,7,7,14,18,30,510,264,,48.809,3.604,Plein jour,Hors agglomération,Intersection en X,Normale,Deux véhicules - côté,,,,,,,,,,,1,1,2,1,3
200700040611,0007-07-04 14:15:00,7,7,4,14,15,510,535,Route Nationale 4 PK21,48.735,3.728,Plein jour,Hors agglomération,Hors intersection,Normale,Autre collision,,,,,,,,,,,1,1,1,1,6
200700040612,0007-07-09 09:00:00,7,7,9,9,0,510,236,,48.652,3.565,Plein jour,Hors agglomération,Hors intersection,Normale,Deux véhicules - frontale,,,,,,,,,,,1,1,1,1,1
200700040613,0007-07-09 13:30:00,7,7,9,13,30,510,237,,48.718,3.53,Plein jour,Hors agglomération,Hors intersection,Normale,Autre collision,,,,,,,,,,,1,1,1,1,6
200700040614,0007-07-09 19:45:00,7,7,9,19,45,510,237,16 rue pasteur,48.738,3.55,Plein jour,En agglomération,Hors intersection,Normale,Sans collision,,,,,,,,,,,1,2,1,1,7
200700040615,0007-07-14 22:45:00,7,7,14,22,45,510,514,,,,Nuit sans éclairage public,Hors agglomération,Hors intersection,Normale,Autre collision,,,,,,,,,,,3,1,1,1,6
200700040616,0007-07-21 17:45:00,7,7,21,17,45,510,265,"9, lot. la Garenne",48.689,3.804,Plein jour,En agglomération,Hors intersection,Normale,Sans collision,,,,,,,,,,,1,2,1,1,7
200700040617,0007-07-22 10:30:00,7,7,22,10,30,510,535,,48.735,3.721,Plein jour,Hors agglomération,Hors intersection,Normale,Autre collision,,,,,,,,,,,1,1,1,1,6
200700040618,0007-07-23 11:00:00,7,7,23,11,0,510,124,,,,Plein jour,Hors agglomération,Hors intersection,Pluie forte,Autre collision,,,,,,,,,,,1,1,1,3,6
200700040619,0007-07-30 11:00:00,7,7,30,11,0,510,535,,48.71,3.739,Plein jour,Hors agglomération,Giratoire,Normale,Sans collision,,,,,,,,,,,1,1,6,1,7
200700040620,0007-07-01 19:15:00,7,7,1,19,15,510,532,route de Damery - CD 22,,,Plein jour,En agglomération,Hors intersection,Normale,Autre collision,,,,,,,,,,,1,2,1,1,6
200700040621,0007-07-21 22:00:00,7,7,21,22,0,510,576,,,,Nuit sans éclairage public,Hors agglomération,Hors intersection,Normale,Sans collision,,,,,,,,,,,3,1,1,1,7
200700040622,0007-07-01 11:45:00,7,7,1,11,45,510,59,,48.686,4.614,Plein jour,Hors agglomération,Hors intersection,Pluie légère,Deux véhicules - frontale,,,,,,,,,,,1,1,1,2,1
200700040623,0007-07-06 22:00:00,7,7,6,22,0,510,649,RUE DU VIEUX PORT,48.73,4.593,Crépuscule ou aube,En agglomération,Hors intersection,Normale,Autre collision,,,,,,,,,,,2,2,1,1,6
200700040624,0007-07-16 08:30:00,7,7,16,8,30,510,649,rue des hauts pas/denie,,,Plein jour,En agglomération,Hors intersection,Normale,Deux véhicules - côté,,,,,,,,,,,1,2,1,1,3
200700040625,0007-07-07 12:45:00,7,7,7,12,45,510,269,,,,Plein jour,Hors agglomération,Intersection en X,Normale,Deux véhicules - frontale,,,,,,,,,,,1,1,2,1,1
200700040626,0007-07-25 15:00:00,7,7,25,15,0,510,16,,48.624,4.72,Plein jour,Hors agglomération,Hors intersection,Normale,Deux véhicules - arrière,,,,,,,,,,,1,1,1,1,2
200700040627,0007-07-15 14:30:00,7,7,15,14,30,510,139,,49.099,4.874,Plein jour,Hors agglomération,Hors intersection,Normale,Sans collision,,,,,,,,,,,1,1,1,1,7
200700040628,0007-07-08 15:45:00,7,7,8,15,45,80,190,quai des fours,,,Plein jour,En agglomération,Giratoire,Normale,Autre collision,,,,,,,,,,,1,2,6,1,6
200700040629,0007-07-10 15:15:00,7,7,10,15,15,80,37,,,,Plein jour,Hors agglomération,Hors intersection,Normale,Deux véhicules - arrière,,,,,,,,,,,1,1,1,1,2
200700040630,0007-07-08 19:00:00,7,7,8,19,0,80,289,8 route d'Escombres,49.686,5.15,Plein jour,En agglomération,Hors intersection,Pluie légère,Autre collision,,,,,,,,,,,1,2,1,2,6
200700040631,0007-07-06 17:00:00,7,7,6,17,0,80,142,,49.73,4.891,Plein jour,Hors agglomération,Hors intersection,Normale,Deux véhicules - frontale,,,,,,,,,,,1,1,1,1,1
200700040632,0007-07-15 12:00:00,7,7,15,12,0,80,63,,49.532,4.988,Plein jour,Hors agglomération,Hors intersection,Normale,Deux véhicules - côté,,,,,,,,,,,1,1,1,1,3
200700040633,0007-07-31 09:30:00,7,7,31,9,30,80,491,,49.741,4.857,Plein jour,En agglomération,Autre intersection,Normale,Deux véhicules - arrière,,,,,,,,,,,1,2,9,1,2
200700040634,0007-07-20 07:45:00,7,7,20,7,45,80,362,rue des 4 chemins,,,Plein jour,En agglomération,Hors intersection,Normale,Autre collision,,,,,,,,,,,1,2,1,1,6
200700040635,0007-07-30 10:00:00,7,7,30,10,0,80,372,,49.695,4.21,Plein jour,Hors agglomération,Hors intersection,Normale,Sans collision,,,,,,,,,,,1,1,1,1,7
200700040636,0007-07-23 08:30:00,7,7,23,8,30,100,6,25 ROUTE DE BRIENNE,48.54,4.149,Plein jour,En agglomération,Hors intersection,Pluie légère,Deux véhicules - côté,,,,,,,,,,,1,2,1,2,3
200700040637,0007-07-04 20:15:00,7,7,4,20,15,100,18,,,,Plein jour,Hors agglomération,Hors intersection,Normale,Deux véhicules - côté,,,,,,,,,,,1,1,1,1,3
200700040638,0007-07-02 11:00:00,7,7,2,11,0,100,340,,48.243,4.021,Plein jour,Hors agglomération,Hors intersection,Pluie légère,Trois véhicules et plus - collisions multiples,,,,,,,,,,,1,1,1,2,5
200700040639,0007-07-06 17:15:00,7,7,6,17,15,100,37,,,,Plein jour,Hors agglomération,Hors intersection,Normale,Deux véhicules - frontale,,,,,,,,,,,1,1,1,1,1
200700040640,0007-07-15 05:15:00,7,7,15,5,15,100,3,,48.231,3.762,Crépuscule ou aube,Hors agglomération,Hors intersection,Normale,Autre collision,,,,,,,,,,,2,1,1,1,6
200700040641,0007-07-15 08:30:00,7,7,15,8,30,100,340,,48.247,4.023,Plein jour,Hors agglomération,Hors intersection,Normale,Deux véhicules - frontale,,,,,,,,,,,1,1,1,1,1
200700040642,0007-07-07 02:00:00,7,7,7,2,0,100,115,,48.36,4.152,Nuit sans éclairage public,Hors agglomération,Hors intersection,Normale,Autre collision,,,,,,,,,,,3,1,1,1,6
200700040643,0007-07-24 13:30:00,7,7,24,13,30,100,215,,,,Plein jour,Hors agglomération,Hors intersection,Normale,Autre collision,,,,,,,,,,,1,1,1,1,6
200700040644,0007-07-30 13:00:00,7,7,30,13,0,100,64,,48.406,4.532,Plein jour,Hors agglomération,Hors intersection,Normale,Autre collision,,,,,,,,,,,1,1,1,1,6
200700040645,0007-07-11 18:45:00,7,7,11,18,45,100,155,,48.088,4.602,Plein jour,Hors agglomération,Hors intersection,Normale,Deux véhicules - frontale,,,,,,,,,,,1,1,1,1,1
200700040646,0007-07-17 15:30:00,7,7,17,15,30,100,70,IT CARREFOUR DE BELLEVUE,48.079,4.39,Plein jour,Hors agglomération,Hors intersection,Normale,Deux véhicules - côté,,,,,,,,,,,1,1,1,1,3
200700040647,0007-07-25 08:45:00,7,7,25,8,45,100,111,,48.025,4.438,Plein jour,Hors agglomération,Hors intersection,Temps éblouissant,Deux véhicules - côté,,,,,,,,,,,1,1,1,7,3
200700040648,0007-07-16 13:45:00,7,7,16,13,45,100,89,,48.504,3.816,Plein jour,Hors agglomération,Hors intersection,Normale,Autre collision,,,,,,,,,,,1,1,1,1,6
200700040649,0007-07-19 20:45:00,7,7,19,20,45,100,220,rue jules Ferry,48.517,3.793,Plein jour,En agglomération,Hors intersection,Normale,Autre collision,,,,,,,,,,,1,2,1,1,6
200700040650,0007-07-06 17:00:00,7,7,6,17,0,520,282,,,,Plein jour,Hors agglomération,Hors intersection,Normale,Deux véhicules - arrière,,,,,,,,,,,1,1,1,1,2
200700040651,0007-07-20 20:15:00,7,7,20,20,15,520,50,,48.1,5.312,Plein jour,Hors agglomération,Hors intersection,Normale,Autre collision,,,,,,,,,,,1,1,1,1,6
200700040652,0007-07-09 20:30:00,7,7,9,20,30,520,211,,48.294,5.125,Plein jour,Hors agglomération,Hors intersection,Autre,Deux véhicules - frontale,,,,,,,,,,,1,1,1,9,1
200700040653,0007-07-28 08:15:00,7,7,28,8,15,520,211,rue de la haute borne,48.304,5.144,Plein jour,En agglomération,Hors intersection,Normale,Autre collision,,,,,,,,,,,1,2,1,1,6
200700040654,0007-07-21 18:15:00,7,7,21,18,15,520,449,,,,Plein jour,Hors agglomération,Hors intersection,Normale,Autre collision,,,,,,,,,,,1,1,1,1,6
200700040655,0007-07-26 07:30:00,7,7,26,7,30,520,449,,47.838,5.331,Plein jour,Hors agglomération,Hors intersection,Normale,Autre collision,,,,,,,,,,,1,1,1,1,6
200700040656,0007-07-26 11:30:00,7,7,26,11,30,520,269,Avenue Charles de Gaulle,,,Plein jour,En agglomération,Hors intersection,Normale,Autre collision,,,,,,,,,,,1,2,1,1,6
200700040657,0007-07-18 11:40:00,7,7,18,11,40,520,520,CD.268,47.924,5.612,Plein jour,Hors agglomération,Hors intersection,Normale,Deux véhicules - frontale,,,,,,,,,,,1,1,1,1,1
200700040658,0007-07-31 19:30:00,7,7,31,19,30,520,914,PLACE DE VERDUN,,,Plein jour,En agglomération,Place,Normale,Autre collision,,,,,,,,,,,1,2,7,1,6
200700040659,0007-07-13 22:30:00,7,7,13,22,30,520,93,Route de BUSSIERES,,,Nuit avec éclairage allumé,En agglomération,Hors intersection,Normale,Autre collision,,,,,,,,,,,5,2,1,1,6
200700040660,0007-07-28 01:15:00,7,7,28,1,15,520,265,,48.547,5.096,Nuit sans éclairage public,Hors agglomération,Hors intersection,Normale,Autre collision,,,,,,,,,,,3,1,1,1,6
200700040661,0007-07-04 18:45:00,7,7,4,18,45,520,296,,48.438,4.726,Plein jour,Hors agglomération,Hors intersection,Normale,Deux véhicules - frontale,,,,,,,,,,,1,1,1,1,1
200700040662,0007-07-13 11:00:00,7,7,13,11,0,520,550,,,,Plein jour,Hors agglomération,Hors intersection,Normale,Autre collision,,,,,,,,,,,1,1,1,1,6
200700040663,0007-07-22 19:00:00,7,7,22,19,0,520,331,,,,Plein jour,En agglomération,Hors intersection,Normale,Deux véhicules - côté,,,,,,,,,,,1,2,1,1,3
200700040664,0007-07-04 09:55:00,7,7,4,9,55,890,350,"s Lyon/Paris, PK 117+050",48.019,3.147,Plein jour,Hors agglomération,Hors intersection,Normale,Deux véhicules - côté,,,,,,,,,,,1,1,1,1,3
200700040665,0007-07-18 14:15:00,7,7,18,14,15,210,152,,,,Plein jour,Hors agglomération,Hors intersection,Normale,Sans collision,,,,,,,,,,,1,1,1,1,7
200700040666,0007-07-19 01:45:00,7,7,19,1,45,210,642,,47.503,4.111,Nuit sans éclairage public,Hors agglomération,Hors intersection,Normale,Deux véhicules - arrière,,,,,,,,,,,3,1,1,1,2
200700040667,0007-07-25 12:30:00,7,7,25,12,30,210,633,,47.354,4.455,Plein jour,Hors agglomération,Hors intersection,Normale,Autre collision,,,,,,,,,,,1,1,1,1,6
200700040668,0007-07-27 14:45:00,7,7,27,14,45,210,73,,,,Crépuscule ou aube,Hors agglomération,Hors intersection,Normale,Sans collision,,,,,,,,,,,2,1,1,1,7
200700040669,0007-07-25 17:15:00,7,7,25,17,15,210,105,,,,Plein jour,Hors agglomération,Hors intersection,Normale,Deux véhicules - frontale,,,,,,,,,,,1,1,1,1,1
200700040670,0007-07-12 21:15:00,7,7,12,21,15,210,388,28 route d'ECHIGEY,47.211,5.182,Nuit avec éclairage allumé,En agglomération,Hors intersection,Normale,Autre collision,,,,,,,,,,,5,2,1,1,6
200700040671,0007-07-07 19:45:00,7,7,7,19,45,210,442,CD 974,47.198,4.969,Plein jour,En agglomération,Hors intersection,Normale,Deux véhicules - côté,,,,,,,,,,,1,2,1,1,3
200700040672,0007-07-12 19:00:00,7,7,12,19,0,210,601,,47.214,4.859,Plein jour,Hors agglomération,Hors intersection,Normale,Autre collision,,,,,,,,,,,1,1,1,1,6
200700040673,0007-07-28 21:30:00,7,7,28,21,30,210,263,,47.262,5.059,Crépuscule ou aube,Hors agglomération,Intersection en X,Normale,Deux véhicules - côté,,,,,,,,,,,2,1,2,1,3
200700040674,0007-07-03 09:45:00,7,7,3,9,45,210,416,,47.392,5.302,Plein jour,Hors agglomération,Hors intersection,Pluie légère,Deux véhicules - côté,,,,,,,,,,,1,1,1,2,3
200700040675,0007-07-09 17:45:00,7,7,9,17,45,210,416,,47.416,5.305,Plein jour,Hors agglomération,Hors intersection,Pluie forte,Trois véhicules et plus - collisions multiples,,,,,,,,,,,1,1,1,3,5
200700040676,0007-07-19 12:00:00,7,7,19,12,0,210,616,,46.967,4.818,Plein jour,Hors agglomération,Hors intersection,Normale,Deux véhicules - frontale,,,,,,,,,,,1,1,1,1,1
200700040677,0007-07-09 03:00:00,7,7,9,3,0,210,616,,46.969,4.819,Nuit sans éclairage public,Hors agglomération,Hors intersection,Temps couvert,Autre collision,,,,,,,,,,,3,1,1,8,6
200700040678,0007-07-13 14:30:00,7,7,13,14,30,210,360,,47.087,4.671,Plein jour,Hors agglomération,Hors intersection,Normale,Deux véhicules - côté,,,,,,,,,,,1,1,1,1,3
200700040679,0007-07-14 02:30:00,7,7,14,2,30,210,360,RD 970,47.093,4.678,Nuit sans éclairage public,En agglomération,Hors intersection,Normale,Autre collision,,,,,,,,,,,3,2,1,1,6
200700040680,0007-07-20 12:30:00,7,7,20,12,30,210,461,,46.957,4.614,Plein jour,Hors agglomération,Hors intersection,Normale,Deux véhicules - frontale,,,,,,,,,,,1,1,1,1,1
200700040681,0007-07-25 12:15:00,7,7,25,12,15,210,492,,47.021,4.785,Plein jour,Hors agglomération,Intersection en T,Normale,Deux véhicules - côté,,,,,,,,,,,1,1,3,1,3
200700040682,0007-07-27 15:00:00,7,7,27,15,0,210,99,,47.057,4.768,Plein jour,Hors agglomération,Hors intersection,Normale,Sans collision,,,,,,,,,,,1,1,1,1,7
200700040683,0007-07-28 11:30:00,7,7,28,11,30,210,588,,47.077,4.614,Plein jour,Hors agglomération,Hors intersection,Normale,Sans collision,,,,,,,,,,,1,1,1,1,7
200700040684,0007-07-30 16:30:00,7,7,30,16,30,210,387,,47.011,4.954,Plein jour,Hors agglomération,Hors intersection,Normale,Deux véhicules - frontale,,,,,,,,,,,1,1,1,1,1
200700040685,0007-07-02 17:30:00,7,7,2,17,30,210,577,CD 20,,,Plein jour,Hors agglomération,Hors intersection,Normale,Deux véhicules - frontale,,,,,,,,,,,1,1,1,1,1
200700040686,0007-07-19 19:45:00,7,7,19,19,45,210,31,,47.139,5.18,Plein jour,Hors agglomération,Intersection en Y,Pluie légère,Deux véhicules - côté,,,,,,,,,,,1,1,4,2,3
200700040687,0007-07-01 21:30:00,7,7,1,21,30,210,29,,,,Crépuscule ou aube,Hors agglomération,Hors intersection,Normale,Autre collision,,,,,,,,,,,2,1,1,1,6
200700040688,0007-07-13 15:30:00,7,7,13,15,30,210,259,,47.604,4.409,Plein jour,Hors agglomération,Hors intersection,Normale,Deux véhicules - arrière,,,,,,,,,,,1,1,1,1,2
200700040689,0007-07-17 16:00:00,7,7,17,16,0,210,530,,,,Plein jour,Hors agglomération,Hors intersection,Normale,Trois véhicules et plus - collisions multiples,,,,,,,,,,,1,1,1,1,5
200700040690,0007-07-23 07:15:00,7,7,23,7,15,210,413,,,,Plein jour,Hors agglomération,Hors intersection,Temps couvert,Deux véhicules - côté,,,,,,,,,,,1,1,1,8,3
200700040691,0007-07-21 11:00:00,7,7,21,11,0,210,537,,47.388,4.583,Plein jour,Hors agglomération,Intersection en X,Normale,Deux véhicules - frontale,,,,,,,,,,,1,1,2,1,1
200700040692,0007-07-13 07:15:00,7,7,13,7,15,210,505,,47.394,4.308,Plein jour,En agglomération,Intersection en X,Normale,Deux véhicules - côté,,,,,,,,,,,1,2,2,1,3
200700040693,0007-07-22 09:45:00,7,7,22,9,45,210,505,,47.41,4.333,Plein jour,Hors agglomération,Hors intersection,Normale,Deux véhicules - frontale,,,,,,,,,,,1,1,1,1,1
200700040694,0007-07-20 20:30:00,7,7,20,20,30,580,250,ROUTE NATIONALE,,,Plein jour,En agglomération,Hors intersection,Normale,Deux véhicules - frontale,,,,,,,,,,,1,2,1,1,1
200700040695,0007-07-31 17:15:00,7,7,31,17,15,580,118,,46.377,0.617,Plein jour,Hors agglomération,Hors intersection,Normale,Autre collision,,,,,,,,,,,1,1,1,1,6
200700040696,0007-07-29 02:45:00,7,7,29,2,45,580,134,Rue Paul Vaillant Coutur,46.933,3.262,Nuit avec éclairage allumé,En agglomération,Hors intersection,Normale,Autre collision,,,,,,,,,,,5,2,1,1,6
200700040697,0007-07-11 13:15:00,7,7,11,13,15,580,267,,47.134,3.518,Plein jour,Hors agglomération,Hors intersection,Normale,Sans collision,,,,,,,,,,,1,1,1,1,7
200700040698,0007-07-29 11:30:00,7,7,29,11,30,580,202,,47.079,3.71,Plein jour,Hors agglomération,Hors intersection,Normale,Deux véhicules - côté,,,,,,,,,,,1,1,1,1,3
200700040699,0007-07-29 20:30:00,7,7,29,20,30,580,100,,47.264,3.545,Plein jour,Hors agglomération,Hors intersection,Pluie forte,Deux véhicules - frontale,,,,,,,,,,,1,1,1,3,1
200700040700,0007-07-14 15:30:00,7,7,14,15,30,580,182,ROUTE DES LEVEES,46.997,3.816,Plein jour,En agglomération,Hors intersection,Normale,Trois véhicules et plus - en chaîne,,,,,,,,,,,1,2,1,1,4
200700040701,0007-07-30 15:00:00,7,7,30,15,0,580,309,,,,Plein jour,Hors agglomération,Hors intersection,Normale,Autre collision,,,,,,,,,,,1,1,1,1,6
200700040702,0007-07-03 10:00:00,7,7,3,10,0,580,79,Place Sanglé Ferrière,,,Plein jour,En agglomération,Place,Normale,Deux véhicules - frontale,,,,,,,,,,,1,2,7,1,1