accident_id,datetime,annee,mois,jour,heure,minute,departement,commune_insee,adresse,latitude,longitude,luminosite,agglomeration,intersection,meteo,collision,nb_vehicules,nb_usagers,nb_indemnes,nb_tues,nb_blesses_hosp,nb_blesses_legers,age_cond_1,age_cond_2,veh_type_cond_1,veh_type_cond_2,lum_code,agg_code,int_code,atm_code,col_code
200700041127,0007-07-27 17:15:00,7,7,27,17,15,201,212,,,,Plein jour,Hors agglomération,Hors intersection,Normale,Deux véhicules - côté,,,,,,,,,,,1,1,1,1,3
200700041128,0007-07-25 19:30:00,7,7,25,19,30,201,114,,,,Crépuscule ou aube,Hors agglomération,Hors intersection,Normale,Deux véhicules - frontale,,,,,,,,,,,2,1,1,1,1
200700041129,0007-07-29 04:00:00,7,7,29,4,0,201,41,,,,Nuit sans éclairage public,Hors agglomération,Hors intersection,Normale,Autre collision,,,,,,,,,,,3,1,1,1,6
200700041130,0007-07-31 18:15:00,7,7,31,18,15,201,41,,,,Plein jour,Hors agglomération,Hors intersection,Normale,Autre collision,,,,,,,,,,,1,1,1,1,6
200700041131,0007-07-21 12:15:00,7,7,21,12,15,201,272,,41.657,8.931,Plein jour,Hors agglomération,Hors intersection,Normale,Autre collision,,,,,,,,,,,1,1,1,1,6
200700041132,0007-07-11 16:45:00,7,7,11,16,45,201,254,,41.799,9.224,Plein jour,Hors agglomération,Hors intersection,Normale,Deux véhicules - frontale,,,,,,,,,,,1,1,1,1,1
200700041133,0007-07-27 11:45:00,7,7,27,11,45,201,191,,41.673,9.039,Plein jour,Hors agglomération,Hors intersection,Normale,Sans collision,,,,,,,,,,,1,1,1,1,7
200700041134,0007-07-01 10:00:00,7,7,1,10,0,201,71,route du cimetierre,41.755,8.939,Plein jour,En agglomération,Intersection en T,Normale,Deux véhicules - côté,,,,,,,,,,,1,2,3,1,3
200700041135,0007-07-21 08:00:00,7,7,21,8,0,201,249,,,,Plein jour,Hors agglomération,Hors intersection,Normale,Sans collision,,,,,,,,,,,1,1,1,1,7
200700041136,0007-07-03 04:30:00,7,7,3,4,30,202,42,,42.56,9.43,Nuit sans éclairage public,Hors agglomération,Hors intersection,Normale,Deux véhicules - frontale,,,,,,,,,,,3,1,1,1,1
200700041137,0007-07-03 14:15:00,7,7,3,14,15,202,42,LDT PATERNO,42.558,9.443,Plein jour,En agglomération,Intersection en X,Normale,Deux véhicules - frontale,,,,,,,,,,,1,2,2,1,1
200700041138,0007-07-06 05:45:00,7,7,6,5,45,202,350,,,,Nuit sans éclairage public,Hors agglomération,Hors intersection,Normale,Deux véhicules - frontale,,,,,,,,,,,3,1,1,1,1
200700041139,0007-07-13 12:30:00,7,7,13,12,30,202,355,,42.51,9.33,Plein jour,Hors agglomération,Hors intersection,Normale,Trois véhicules et plus - collisions multiples,,,,,,,,,,,1,1,1,1,5
200700041140,0007-07-31 11:45:00,7,7,31,11,45,202,42,,,,Plein jour,En agglomération,Hors intersection,Normale,Deux véhicules - côté,,,,,,,,,,,1,2,1,1,3
200700041141,0007-07-31 12:00:00,7,7,31,12,0,202,46,,42.87,9.47,Plein jour,Hors agglomération,Hors intersection,Normale,Deux véhicules - frontale,,,,,,,,,,,1,1,1,1,1
200700041142,0007-07-27 12:45:00,7,7,27,12,45,202,298,Route de Patrimonio,42.68,9.3,Plein jour,En agglomération,Hors intersection,Normale,Deux véhicules - côté,,,,,,,,,,,1,2,1,1,3
200700041143,0007-07-03 06:00:00,7,7,3,6,0,202,150,,,,Plein jour,Hors agglomération,Hors intersection,Normale,Deux véhicules - arrière,,,,,,,,,,,1,1,1,1,2
200700041144,0007-07-18 23:15:00,7,7,18,23,15,202,34,,42.58,9.01,Nuit sans éclairage public,En agglomération,Hors intersection,Normale,Deux véhicules - frontale,,,,,,,,,,,3,2,1,1,1
200700041145,0007-07-21 16:00:00,7,7,21,16,0,202,93,,42.62,8.89,Plein jour,Hors agglomération,Hors intersection,Normale,Autre collision,,,,,,,,,,,1,1,1,1,6
200700041146,0007-07-30 18:15:00,7,7,30,18,15,202,316,,42.615,8.935,Plein jour,Hors agglomération,Hors intersection,Normale,Sans collision,,,,,,,,,,,1,1,1,1,7
200700041147,0007-07-10 03:00:00,7,7,10,3,0,202,74,,42.272,9.172,Nuit sans éclairage public,Hors agglomération,Hors intersection,Normale,Autre collision,,,,,,,,,,,3,1,1,1,6
200700041148,0007-07-08 15:00:00,7,7,8,15,0,202,79,,,,Plein jour,Hors agglomération,Hors intersection,Normale,Deux véhicules - frontale,,,,,,,,,,,1,1,1,1,1
200700041149,0007-07-14 22:15:00,7,7,14,22,15,202,220,,,,Nuit sans éclairage public,Hors agglomération,Hors intersection,Normale,Autre collision,,,,,,,,,,,3,1,1,1,6
200700041150,0007-07-22 16:30:00,7,7,22,16,30,202,162,,,,Plein jour,Hors agglomération,Hors intersection,Normale,Sans collision,,,,,,,,,,,1,1,1,1,7
200700041151,0007-07-07 02:45:00,7,7,7,2,45,202,123,,42.01,9.424,Nuit sans éclairage public,Hors agglomération,Hors intersection,Normale,Deux véhicules - frontale,,,,,,,,,,,3,1,1,1,1
200700041152,0007-07-14 06:45:00,7,7,14,6,45,202,342,,41.941,9.395,Plein jour,Hors agglomération,Hors intersection,Normale,Autre collision,,,,,,,,,,,1,1,1,1,6
200700041153,0007-07-26 21:00:00,7,7,26,21,0,202,143,,42.216,9.534,Plein jour,Hors agglomération,Hors intersection,Normale,Deux véhicules - frontale,,,,,,,,,,,1,1,1,1,1
200700041154,0007-07-01 15:45:00,7,7,1,15,45,202,87,,,,Plein jour,Hors agglomération,Hors intersection,Normale,Sans collision,,,,,,,,,,,1,1,1,1,7
200700041155,0007-07-28 02:00:00,7,7,28,2,0,202,225,,42.298,9.449,Nuit sans éclairage public,Hors agglomération,Hors intersection,Normale,Autre collision,,,,,,,,,,,3,1,1,1,6
200700041156,0007-07-01 20:30:00,7,7,1,20,30,202,207,,42.472,9.489,Plein jour,Hors agglomération,Hors intersection,Normale,Deux véhicules - côté,,,,,,,,,,,1,1,1,1,3
200700041157,0007-07-15 17:30:00,7,7,15,17,30,202,242,Lieu-dit Alba Serena,42.408,9.532,Plein jour,En agglomération,Hors intersection,Normale,Deux véhicules - arrière,,,,,,,,,,,1,2,1,1,2
200700041158,0007-07-23 01:30:00,7,7,23,1,30,202,77,,42.478,9.51,Nuit sans éclairage public,Hors agglomération,Hors intersection,Normale,Deux véhicules - côté,,,,,,,,,,,3,1,1,1,3
200700041159,0007-07-30 17:30:00,7,7,30,17,30,202,77,,42.47,9.52,Plein jour,Hors agglomération,Hors intersection,Normale,Deux véhicules - frontale,,,,,,,,,,,1,1,1,1,1
200700041160,0007-07-01 18:45:00,7,7,1,18,45,780,90,,48.972,1.904,Plein jour,Hors agglomération,Hors intersection,Normale,Deux véhicules - côté,,,,,,,,,,,1,1,1,1,3
200700041161,0007-07-21 19:15:00,7,7,21,19,15,780,290,14 rue de l'Abbé Grouet,,,Plein jour,En agglomération,Hors intersection,Normale,Deux véhicules - côté,,,,,,,,,,,1,2,1,1,3
200700041162,0007-07-19 06:50:00,7,7,19,6,50,780,557,cd 906,,,Crépuscule ou aube,Hors agglomération,Hors intersection,Normale,Autre collision,,,,,,,,,,,2,1,1,1,6
200700041163,0007-07-06 21:45:00,7,7,6,21,45,780,506,RN 10 - PK 44.900,48.552,1.831,Crépuscule ou aube,Hors agglomération,Hors intersection,Normale,Trois véhicules et plus - collisions multiples,,,,,,,,,,,2,1,1,1,5
200700041164,0007-07-13 14:30:00,7,7,13,14,30,780,3,PK 44 400,48.563,1.833,Plein jour,Hors agglomération,Hors intersection,Normale,Trois véhicules et plus - collisions multiples,,,,,,,,,,,1,1,1,1,5
200700041165,0007-07-16 09:45:00,7,7,16,9,45,780,478,RN 191,48.47,1.877,Plein jour,Hors agglomération,Hors intersection,Normale,Sans collision,,,,,,,,,,,1,1,1,1,7
200700041166,0007-07-15 11:00:00,7,7,15,11,0,780,160,rue de la porte de paris,,,Plein jour,En agglomération,Hors intersection,Normale,Deux véhicules - frontale,,,,,,,,,,,1,2,1,1,1
200700041167,0007-07-22 14:45:00,7,7,22,14,45,780,575,parking de la gare,,,Plein jour,En agglomération,Hors intersection,Normale,Autre collision,,,,,,,,,,,1,2,1,1,6
200700041168,0007-07-10 07:00:00,7,7,10,7,0,780,389,CD 76,48.806,1.815,Plein jour,En agglomération,Giratoire,Pluie légère,Deux véhicules - côté,,,,,,,,,,,1,2,6,2,3
200700041169,0007-07-05 00:45:00,7,7,5,0,45,780,442,RUE DU STADE,48.817,1.911,Nuit sans éclairage public,En agglomération,Hors intersection,Normale,Autre collision,,,,,,,,,,,3,2,1,1,6
200700041170,0007-07-14 17:45:00,7,7,14,17,45,780,442,38 AV DE LA REPUBLIQUE,48.816,1.907,Plein jour,En agglomération,Hors intersection,Normale,Autre collision,,,,,,,,,,,1,2,1,1,6
200700041171,0007-07-04 15:00:00,7,7,4,15,0,780,513,avenue des platanes,,,Plein jour,En agglomération,Hors intersection,Pluie légère,Deux véhicules - côté,,,,,,,,,,,1,2,1,2,3
200700041172,0007-07-12 01:30:00,7,7,12,1,30,780,522,,,,Nuit sans éclairage public,Hors agglomération,Hors intersection,Normale,Autre collision,,,,,,,,,,,3,1,1,1,6
200700041173,0007-07-28 13:20:00,7,7,28,13,20,780,601,"CD 936 PK 30,350",,,Plein jour,Hors agglomération,Hors intersection,Normale,Deux véhicules - frontale,,,,,,,,,,,1,1,1,1,1
200700041174,0007-07-07 09:00:00,7,7,7,9,0,910,235,,48.629,2.384,Plein jour,Hors agglomération,Hors intersection,Normale,Autre collision,,,,,,,,,,,1,1,1,1,6
200700041175,0007-07-23 15:30:00,7,7,23,15,30,910,386,,48.513,2.484,Plein jour,Hors agglomération,Autre intersection,Pluie légère,Autre collision,,,,,,,,,,,1,1,9,2,6
200700041176,0007-07-24 14:45:00,7,7,24,14,45,910,359,GRANDE RUE,,,Plein jour,En agglomération,Intersection en X,Normale,Deux véhicules - côté,,,,,,,,,,,1,2,2,1,3
200700041177,0007-07-30 18:15:00,7,7,30,18,15,910,405,rue du Général Leclerc,,,Plein jour,En agglomération,Hors intersection,Normale,Deux véhicules - côté,,,,,,,,,,,1,2,1,1,3
200700041178,0007-07-25 20:15:00,7,7,25,20,15,910,284,,48.507,2.028,Plein jour,Hors agglomération,Hors intersection,Normale,Deux véhicules - côté,,,,,,,,,,,1,1,1,1,3
200700041179,0007-07-12 22:45:00,7,7,12,22,45,910,226,,,,Nuit sans éclairage public,Hors agglomération,Hors intersection,Normale,Deux véhicules - arrière,,,,,,,,,,,3,1,1,1,2
200700041180,0007-07-17 16:45:00,7,7,17,16,45,910,132,,,,Plein jour,Hors agglomération,Hors intersection,Normale,Trois véhicules et plus - collisions multiples,,,,,,,,,,,1,1,1,1,5
200700041181,0007-07-20 08:30:00,7,7,20,8,30,910,671,,48.469,2.272,Plein jour,Hors agglomération,Hors intersection,Normale,Sans collision,,,,,,,,,,,1,1,1,1,7
200700041182,0007-07-28 16:30:00,7,7,28,16,30,910,47,Intersection RN191/D831,48.493,2.356,Plein jour,En agglomération,Hors intersection,Normale,Deux véhicules - côté,,,,,,,,,,,1,2,1,1,3
200700041183,0007-07-03 13:00:00,7,7,3,13,0,910,540,rue des herbages,48.556,2.128,Plein jour,En agglomération,Hors intersection,Pluie forte,Autre collision,,,,,,,,,,,1,2,1,3,6
200700041184,0007-07-03 09:50:00,7,7,3,9,50,910,666,rue de Saulx,,,Plein jour,Hors agglomération,Hors intersection,Pluie forte,Trois véhicules et plus - collisions multiples,,,,,,,,,,,1,1,1,3,5
200700041185,0007-07-06 18:00:00,7,7,6,18,0,910,207,,48.579,2.232,Plein jour,Hors agglomération,Hors intersection,Normale,Deux véhicules - frontale,,,,,,,,,,,1,1,1,1,1
200700041186,0007-07-13 09:00:00,7,7,13,9,0,910,494,,48.623,2.353,Plein jour,Hors agglomération,Autre intersection,Normale,Trois véhicules et plus - collisions multiples,,,,,,,,,,,1,1,9,1,5
200700041187,0007-07-11 20:15:00,7,7,11,20,15,910,635,route de saclay,48.737,2.201,Crépuscule ou aube,En agglomération,Intersection en T,Normale,Deux véhicules - frontale,,,,,,,,,,,2,2,3,1,1
200700041188,0007-07-06 04:30:00,7,7,6,4,30,910,275,nt de l'ingénieur BERTIN,,,Nuit sans éclairage public,Hors agglomération,Hors intersection,Pluie légère,Deux véhicules - frontale,,,,,,,,,,,3,1,1,2,1
200700041189,0007-07-06 17:00:00,7,7,6,17,0,910,272,avenue général leclerc,,,Plein jour,En agglomération,Hors intersection,Normale,Deux véhicules - arrière,,,,,,,,,,,1,2,1,1,2
200700041190,0007-07-27 16:45:00,7,7,27,16,45,910,275,,,,Plein jour,Hors agglomération,Hors intersection,Normale,Deux véhicules - frontale,,,,,,,,,,,1,1,1,1,1
200700041191,0007-07-16 18:45:00,7,7,16,18,45,950,8,,,,Plein jour,Hors agglomération,Hors intersection,Pluie forte,Autre collision,,,,,,,,,,,1,1,1,3,6
200700041192,0007-07-02 06:30:00,7,7,2,6,30,950,142,CD 915,,,Crépuscule ou aube,Hors agglomération,Hors intersection,Normale,Autre collision,,,,,,,,,,,2,1,1,1,6
200700041193,0007-07-15 13:45:00,7,7,15,13,45,950,23,20 RUE DE NESLES,49.185,2.12,Plein jour,En agglomération,Hors intersection,Normale,Autre collision,,,,,,,,,,,1,2,1,1,6
200700041194,0007-07-27 17:15:00,7,7,27,17,15,950,370,,,,Plein jour,Hors agglomération,Hors intersection,Temps couvert,Trois véhicules et plus - en chaîne,,,,,,,,,,,1,1,1,8,4
200700041195,0007-07-07 21:30:00,7,7,7,21,30,950,39,60 rue Marceau,49.074,2.142,Crépuscule ou aube,En agglomération,Hors intersection,Normale,Deux véhicules - côté,,,,,,,,,,,2,2,1,1,3
200700041196,0007-07-25 17:15:00,7,7,25,17,15,950,535,,,,Plein jour,Hors agglomération,Hors intersection,Normale,Autre collision,,,,,,,,,,,1,1,1,1,6
200700041197,0007-07-03 09:00:00,7,7,3,9,0,950,94,CD10,,,Plein jour,Hors agglomération,Hors intersection,Pluie forte,Deux véhicules - frontale,,,,,,,,,,,1,1,1,3,1
200700041198,0007-07-27 14:30:00,7,7,27,14,30,950,351,Rue de Strasbourg,49.053,2.496,Plein jour,En agglomération,Hors intersection,Normale,Deux véhicules - frontale,,,,,,,,,,,1,2,1,1,1
200700041199,0007-07-13 20:30:00,7,7,13,20,30,770,127,CD 319 PK 9.400,,,Plein jour,Hors agglomération,Hors intersection,Normale,Deux véhicules - frontale,,,,,,,,,,,1,1,1,1,1
200700041200,0007-07-19 03:45:00,7,7,19,3,45,770,252,,,,Nuit sans éclairage public,Hors agglomération,Hors intersection,Normale,Deux véhicules - arrière,,,,,,,,,,,3,1,1,1,2
200700041201,0007-07-12 18:15:00,7,7,12,18,15,770,453,CD 605,48.534,2.749,Plein jour,En agglomération,Autre intersection,Normale,Deux véhicules - frontale,,,,,,,,,,,1,2,9,1,1
200700041202,0007-07-05 12:30:00,7,7,5,12,30,770,493,rue marcel Sembat,,,Plein jour,En agglomération,Intersection en X,Normale,Deux véhicules - côté,,,,,,,,,,,1,2,2,1,3
200700041203,0007-07-12 14:15:00,7,7,12,14,15,770,534,,48.65,2.778,Plein jour,Hors agglomération,Hors intersection,Normale,Deux véhicules - frontale,,,,,,,,,,,1,1,1,1,1
200700041204,0007-07-19 17:40:00,7,7,19,17,40,770,534,ameau de NOGENT SUR AVON,,,Plein jour,Hors agglomération,Hors intersection,Normale,Deux véhicules - arrière,,,,,,,,,,,1,1,1,1,2
200700041205,0007-07-07 09:30:00,7,7,7,9,30,770,270,,48.868,2.992,Plein jour,Hors agglomération,Hors intersection,Normale,Sans collision,,,,,,,,,,,1,1,1,1,7
200700041206,0007-07-15 13:30:00,7,7,15,13,30,770,2,,48.745,3.11,Plein jour,Hors agglomération,Hors intersection,Normale,Deux véhicules - côté,,,,,,,,,,,1,1,1,1,3
200700041207,0007-07-13 19:30:00,7,7,13,19,30,770,183,rue des trois pigeons,,,Plein jour,En agglomération,Hors intersection,Normale,Deux véhicules - frontale,,,,,,,,,,,1,2,1,1,1
200700041208,0007-07-21 06:45:00,7,7,21,6,45,770,388,34 rue du 08 mai 1945,,,Nuit avec éclairage allumé,En agglomération,Intersection en T,Brouillard / fumée,Deux véhicules - côté,,,,,,,,,,,5,2,3,5,3
200700041209,0007-07-03 11:30:00,7,7,3,11,30,770,508,,48.797,2.867,Plein jour,Hors agglomération,Hors intersection,Pluie forte,Trois véhicules et plus - en chaîne,,,,,,,,,,,1,1,1,3,4
200700041210,0007-07-14 00:15:00,7,7,14,0,15,770,224,,48.762,2.973,Nuit sans éclairage public,Hors agglomération,Hors intersection,Normale,Sans collision,,,,,,,,,,,3,1,1,1,7
200700041211,0007-07-05 09:30:00,7,7,5,9,30,770,161,,48.326,2.874,Plein jour,Hors agglomération,Hors intersection,Normale,Autre collision,,,,,,,,,,,1,1,1,1,6
200700041212,0007-07-05 19:15:00,7,7,5,19,15,770,168,rue Jules Jardin,48.182,2.873,Plein jour,En agglomération,Hors intersection,Normale,Deux véhicules - côté,,,,,,,,,,,1,2,1,1,3
200700041213,0007-07-29 17:30:00,7,7,29,17,30,770,340,,48.281,2.761,Plein jour,Hors agglomération,Hors intersection,Normale,Sans collision,,,,,,,,,,,1,1,1,1,7
200700041214,0007-07-31 14:30:00,7,7,31,14,30,770,261,CD218,48.244,2.903,Plein jour,En agglomération,Hors intersection,Normale,Deux véhicules - côté,,,,,,,,,,,1,2,1,1,3
200700041215,0007-07-23 06:00:00,7,7,23,6,0,770,259,chemin des calvettes,,,Nuit sans éclairage public,En agglomération,Hors intersection,Pluie forte,Autre collision,,,,,,,,,,,3,2,1,3,6
200700041216,0007-07-30 18:30:00,7,7,30,18,30,770,511,rue de Paris,,,Plein jour,En agglomération,Hors intersection,Normale,Deux véhicules - côté,,,,,,,,,,,1,2,1,1,3
200700041217,0007-07-27 13:30:00,7,7,27,13,30,770,196,,,,Plein jour,Hors agglomération,Hors intersection,Normale,Deux véhicules - arrière,,,,,,,,,,,1,1,1,1,2
200700041218,0007-07-04 22:45:00,7,7,4,22,45,770,257,,,,Nuit sans éclairage public,Hors agglomération,Hors intersection,Normale,Sans collision,,,,,,,,,,,3,1,1,1,7
200700041219,0007-07-16 07:45:00,7,7,16,7,45,770,23,CD 38,,,Plein jour,En agglomération,Hors intersection,Pluie légère,Deux véhicules - côté,,,,,,,,,,,1,2,1,2,3
200700041220,0007-07-28 10:30:00,7,7,28,10,30,770,66,,48.695,3.342,Plein jour,Hors agglomération,Hors intersection,Pluie légère,Sans collision,,,,,,,,,,,1,1,1,2,7
200700041221,0007-07-12 19:15:00,7,7,12,19,15,770,327,,48.557,3.014,Plein jour,En agglomération,Hors intersection,Normale,Deux véhicules - côté,,,,,,,,,,,1,2,1,1,3
200700041222,0007-07-31 00:15:00,7,7,31,0,15,450,93,,,,Nuit sans éclairage public,Hors agglomération,Hors intersection,Normale,Sans collision,,,,,,,,,,,3,1,1,1,7
200700041223,0007-07-06 17:15:00,7,7,6,17,15,450,82,place de la halle St Pie,,,Plein jour,En agglomération,Hors intersection,Normale,Autre collision,,,,,,,,,,,1,2,1,1,6
200700041224,0007-07-01 04:30:00,7,7,1,4,30,450,146,,47.714,1.963,Nuit sans éclairage public,Hors agglomération,Hors intersection,Normale,Sans collision,,,,,,,,,,,3,1,1,1,7
200700041225,0007-07-15 15:45:00,7,7,15,15,45,450,182,,47.681,1.793,Plein jour,Hors agglomération,Hors intersection,Normale,Sans collision,,,,,,,,,,,1,1,1,1,7
200700041226,0007-07-16 18:15:00,7,7,16,18,15,450,204,,47.802,1.826,Plein jour,Hors agglomération,Hors intersection,Normale,Deux véhicules - frontale,,,,,,,,,,,1,1,1,1,1
200700041227,0007-07-24 09:30:00,7,7,24,9,30,450,146,RUE DE LA CHAVANNERIE,47.732,1.941,Plein jour,En agglomération,Hors intersection,Normale,Deux véhicules - arrière,,,,,,,,,,,1,2,1,1,2
200700041228,0007-07-29 19:45:00,7,7,29,19,45,450,309,,47.711,2.105,Plein jour,Hors agglomération,Hors intersection,Pluie forte,Autre collision,,,,,,,,,,,1,1,1,3,6
200700041229,0007-07-08 05:00:00,7,7,8,5,0,450,123,,,,Crépuscule ou aube,Hors agglomération,Hors intersection,Normale,Sans collision,,,,,,,,,,,2,1,1,1,7
200700041230,0007-07-16 07:00:00,7,7,16,7,0,450,272,,,,Plein jour,Hors agglomération,Hors intersection,Normale,Deux véhicules - frontale,,,,,,,,,,,1,1,1,1,1
200700041231,0007-07-18 17:45:00,7,7,18,17,45,450,67,,,,Plein jour,Hors agglomération,Hors intersection,Normale,Deux véhicules - côté,,,,,,,,,,,1,1,1,1,3
200700041232,0007-07-15 18:30:00,7,7,15,18,30,450,45,,48.09,2.274,Plein jour,Hors agglomération,Hors intersection,Normale,Deux véhicules - frontale,,,,,,,,,,,1,1,1,1,1
200700041233,0007-07-16 19:00:00,7,7,16,19,0,450,9,Rue de Beaumont,,,Plein jour,En agglomération,Hors intersection,Normale,Autre collision,,,,,,,,,,,1,2,1,1,6
200700041234,0007-07-19 11:15:00,7,7,19,11,15,450,333,,47.951,2.066,Plein jour,Hors agglomération,Hors intersection,Normale,Autre collision,,,,,,,,,,,1,1,1,1,6
200700041235,0007-07-28 19:00:00,7,7,28,19,0,450,240,,,,Plein jour,Hors agglomération,Hors intersection,Normale,Deux véhicules - côté,,,,,,,,,,,1,1,1,1,3
200700041236,0007-07-11 11:00:00,7,7,11,11,0,450,254,,,,Plein jour,Hors agglomération,Hors intersection,Normale,Deux véhicules - frontale,,,,,,,,,,,1,1,1,1,1
200700041237,0007-07-18 14:00:00,7,7,18,14,0,450,254,,,,Plein jour,Hors agglomération,Intersection en X,Normale,Deux véhicules - côté,,,,,,,,,,,1,1,2,1,3
200700041238,0007-07-27 11:00:00,7,7,27,11,0,450,7,,,,Plein jour,Hors agglomération,Intersection en X,Normale,Trois véhicules et plus - collisions multiples,,,,,,,,,,,1,1,2,1,5
200700041239,0007-07-22 18:45:00,7,7,22,18,45,450,60,,,,Plein jour,Hors agglomération,Hors intersection,Normale,Sans collision,,,,,,,,,,,1,1,1,1,7
200700041240,0007-07-11 09:00:00,7,7,11,9,0,450,164,,,,Plein jour,Hors agglomération,Hors intersection,Normale,Deux véhicules - arrière,,,,,,,,,,,1,1,1,1,2
200700041241,0007-07-15 20:30:00,7,7,15,20,30,450,184,,,,Plein jour,Hors agglomération,Hors intersection,Normale,Deux véhicules - côté,,,,,,,,,,,1,1,1,1,3
200700041242,0007-07-31 16:30:00,7,7,31,16,30,450,42,40 Route de Sully,,,Plein jour,En agglomération,Hors intersection,Normale,Autre collision,,,,,,,,,,,1,2,1,1,6
200700041243,0007-07-24 17:45:00,7,7,24,17,45,450,104,,48.05,2.7,Plein jour,Hors agglomération,Intersection en X,Normale,Deux véhicules - côté,,,,,,,,,,,1,1,2,1,3
200700041244,0007-07-16 10:30:00,7,7,16,10,30,450,115,,48.054,3.071,Plein jour,Hors agglomération,Hors intersection,Normale,Deux véhicules - frontale,,,,,,,,,,,1,1,1,1,1
200700041245,0007-07-17 12:30:00,7,7,17,12,30,450,115,54 rue de villeuneuve,48.044,3.055,Plein jour,En agglomération,Hors intersection,Normale,Deux véhicules - frontale,,,,,,,,,,,1,2,1,1,1
200700041246,0007-07-30 14:30:00,7,7,30,14,30,450,73,,48.034,2.98,Plein jour,Hors agglomération,Hors intersection,Normale,Sans collision,,,,,,,,,,,1,1,1,1,7
200700041247,0007-07-10 12:45:00,7,7,10,12,45,450,187,,,,Plein jour,Hors agglomération,Hors intersection,Pluie forte,Deux véhicules - arrière,,,,,,,,,,,1,1,1,3,2
200700041248,0007-07-20 05:45:00,7,7,20,5,45,450,78,,48.039,2.572,Nuit sans éclairage public,Hors agglomération,Hors intersection,Pluie légère,Autre collision,,,,,,,,,,,3,1,1,2,6
200700041249,0007-07-21 01:30:00,7,7,21,1,30,450,222,vieux Toury,48.142,2.746,Nuit avec éclairage allumé,En agglomération,Hors intersection,Normale,Autre collision,,,,,,,,,,,5,2,1,1,6
200700041250,0007-07-04 13:45:00,7,7,4,13,45,450,258,rue du 14/07 et rue rena,48.209,2.474,Plein jour,En agglomération,Hors intersection,Normale,Deux véhicules - côté,,,,,,,,,,,1,2,1,1,3
200700041251,0007-07-19 11:00:00,7,7,19,11,0,180,197,av Jean Giraudoux,46.729,2.507,Plein jour,En agglomération,Hors intersection,Normale,Autre collision,,,,,,,,,,,1,2,1,1,6
200700041252,0007-07-15 12:15:00,7,7,15,12,15,180,29,,46.752,2.771,Plein jour,Hors agglomération,Hors intersection,Normale,Autre collision,,,,,,,,,,,1,1,1,1,6
200700041253,0007-07-29 19:00:00,7,7,29,19,0,180,57,20 rue de la libération,,,Plein jour,En agglomération,Intersection en X,Normale,Deux véhicules - frontale,,,,,,,,,,,1,2,2,1,1
200700041254,0007-07-28 00:30:00,7,7,28,0,30,180,204,,46.946,2.512,Nuit sans éclairage public,Hors agglomération,Hors intersection,Normale,Sans collision,,,,,,,,,,,3,1,1,1,7
200700041255,0007-07-04 15:30:00,7,7,4,15,30,180,165,,47.302,2.244,Plein jour,Hors agglomération,Hors intersection,Temps couvert,Autre collision,,,,,,,,,,,1,1,1,8,6
200700041256,0007-07-07 15:30:00,7,7,7,15,30,180,227,,,,Plein jour,Hors agglomération,Hors intersection,Pluie légère,Deux véhicules - côté,,,,,,,,,,,1,1,1,2,3
200700041257,0007-07-16 10:15:00,7,7,16,10,15,180,30,,,,Plein jour,Hors agglomération,Hors intersection,Normale,Deux véhicules - côté,,,,,,,,,,,1,1,1,1,3
200700041258,0007-07-26 09:30:00,7,7,26,9,30,180,219,,,,Plein jour,Hors agglomération,Hors intersection,Normale,Deux véhicules - côté,,,,,,,,,,,1,1,1,1,3
200700041259,0007-07-18 08:00:00,7,7,18,8,0,180,100,,,,Plein jour,Hors agglomération,Hors intersection,Normale,Autre collision,,,,,,,,,,,1,1,1,1,6
200700041260,0007-07-18 23:30:00,7,7,18,23,30,180,190,,,,Nuit sans éclairage public,Hors agglomération,Hors intersection,Normale,Autre collision,,,,,,,,,,,3,1,1,1,6
200700041261,0007-07-21 10:30:00,7,7,21,10,30,180,5,,,,Plein jour,Hors agglomération,Hors intersection,Normale,Sans collision,,,,,,,,,,,1,1,1,1,7
200700041262,0007-07-07 15:30:00,7,7,7,15,30,280,35,,,,Plein jour,Hors agglomération,Intersection en X,Normale,Deux véhicules - côté,,,,,,,,,,,1,1,2,1,3
200700041263,0007-07-08 21:30:00,7,7,8,21,30,280,358,Rue de la République,48.49,1.53,Nuit avec éclairage allumé,En agglomération,Intersection en T,Normale,Deux véhicules - côté,,,,,,,,,,,5,2,3,1,3
200700041264,0007-07-14 19:30:00,7,7,14,19,30,280,218,,,,Plein jour,Hors agglomération,Hors intersection,Normale,Deux véhicules - frontale,,,,,,,,,,,1,1,1,1,1
200700041265,0007-07-22 19:15:00,7,7,22,19,15,280,201,CD6,48.513,1.544,Plein jour,En agglomération,Hors intersection,Normale,Sans collision,,,,,,,,,,,1,2,1,1,7