accident_id,datetime,annee,mois,jour,heure,minute,departement,commune_insee,adresse,latitude,longitude,luminosite,agglomeration,intersection,meteo,collision,nb_vehicules,nb_usagers,nb_indemnes,nb_tues,nb_blesses_hosp,nb_blesses_legers,age_cond_1,age_cond_2,veh_type_cond_1,veh_type_cond_2,lum_code,agg_code,int_code,atm_code,col_code
200700041266,0007-07-25 15:30:00,7,7,25,15,30,280,350,,48.45,1.3,Plein jour,Hors agglomération,Hors intersection,Normale,Trois véhicules et plus - collisions multiples,,,,,,,,,,,1,1,1,1,5
200700041267,0007-07-10 12:45:00,7,7,10,12,45,280,391,,48.219,1.95,Plein jour,Hors agglomération,Hors intersection,Normale,Sans collision,,,,,,,,,,,1,1,1,1,7
200700041268,0007-07-15 18:15:00,7,7,15,18,15,280,334,,48.059,1.3,Plein jour,Hors agglomération,Hors intersection,Normale,Deux véhicules - côté,,,,,,,,,,,1,1,1,1,3
200700041269,0007-07-19 18:45:00,7,7,19,18,45,280,198,rue du 11 novembre,48.078,1.374,Plein jour,En agglomération,Hors intersection,Normale,Deux véhicules - côté,,,,,,,,,,,1,2,1,1,3
200700041270,0007-07-11 16:45:00,7,7,11,16,45,280,356,LIEU DIT CHAMPCHABOT,48.077,1.168,Plein jour,En agglomération,Hors intersection,Normale,Autre collision,,,,,,,,,,,1,2,1,1,6
200700041271,0007-07-23 20:30:00,7,7,23,20,30,280,348,rue de ST REMY SUR AVRE,48.769,1.198,Plein jour,En agglomération,Hors intersection,Pluie légère,Sans collision,,,,,,,,,,,1,2,1,2,7
200700041272,0007-07-26 17:45:00,7,7,26,17,45,280,267,,48.775,1.372,Plein jour,Hors agglomération,Hors intersection,Normale,Deux véhicules - frontale,,,,,,,,,,,1,1,1,1,1
200700041273,0007-07-21 19:00:00,7,7,21,19,0,280,321,,48.82,1.53,Plein jour,Hors agglomération,Hors intersection,Normale,Autre collision,,,,,,,,,,,1,1,1,1,6
200700041274,0007-07-27 17:00:00,7,7,27,17,0,280,118,,48.69,1.518,Plein jour,Hors agglomération,Intersection en Y,Normale,Deux véhicules - côté,,,,,,,,,,,1,1,4,1,3
200700041275,0007-07-25 21:00:00,7,7,25,21,0,280,72,,48.315,0.894,Plein jour,Hors agglomération,Hors intersection,Normale,Deux véhicules - côté,,,,,,,,,,,1,1,1,1,3
200700041276,0007-07-07 15:00:00,7,7,7,15,0,280,71,,,,Plein jour,Hors agglomération,Intersection en Y,Normale,Deux véhicules - côté,,,,,,,,,,,1,1,4,1,3
200700041277,0007-07-15 13:00:00,7,7,15,13,0,280,214,,,,Plein jour,Hors agglomération,Hors intersection,Normale,Deux véhicules - frontale,,,,,,,,,,,1,1,1,1,1
200700041278,0007-07-01 02:00:00,7,7,1,2,0,360,144,,,,Nuit sans éclairage public,Hors agglomération,Hors intersection,Normale,Deux véhicules - frontale,,,,,,,,,,,3,1,1,1,1
200700041279,0007-07-13 15:15:00,7,7,13,15,15,360,241,Rue des échelles,,,Plein jour,En agglomération,Hors intersection,Normale,Deux véhicules - frontale,,,,,,,,,,,1,2,1,1,1
200700041280,0007-07-11 16:15:00,7,7,11,16,15,360,103,,47.116,1.414,Plein jour,Hors agglomération,Hors intersection,Normale,Deux véhicules - frontale,,,,,,,,,,,1,1,1,1,1
200700041281,0007-07-17 11:30:00,7,7,17,11,30,360,34,,47.26,1.674,Crépuscule ou aube,Hors agglomération,Hors intersection,Normale,Autre collision,,,,,,,,,,,2,1,1,1,6
200700041282,0007-07-12 02:30:00,7,7,12,2,30,360,18,,46.665,1.132,Nuit sans éclairage public,Hors agglomération,Hors intersection,Normale,Autre collision,,,,,,,,,,,3,1,1,1,6
200700041283,0007-07-17 18:45:00,7,7,17,18,45,360,105,Route de Douadic,,,Plein jour,Hors agglomération,Hors intersection,Normale,Sans collision,,,,,,,,,,,1,1,1,1,7
200700041284,0007-07-01 10:00:00,7,7,1,10,0,360,88,21 rue F de Lesseps,46.966,1.983,Plein jour,En agglomération,Hors intersection,Autre,Autre collision,,,,,,,,,,,1,2,1,9,6
200700041285,0007-07-16 09:30:00,7,7,16,9,30,360,190,,46.835,1.863,Plein jour,Hors agglomération,Intersection en X,Normale,Trois véhicules et plus - collisions multiples,,,,,,,,,,,1,1,2,1,5
200700041286,0007-07-11 18:00:00,7,7,11,18,0,370,166,,47.528,0.921,Plein jour,Hors agglomération,Hors intersection,Temps couvert,Autre collision,,,,,,,,,,,1,1,1,8,6
200700041287,0007-07-13 16:30:00,7,7,13,16,30,370,185,,47.43,0.995,Plein jour,Hors agglomération,Hors intersection,Normale,Deux véhicules - frontale,,,,,,,,,,,1,1,1,1,1
200700041288,0007-07-16 15:45:00,7,7,16,15,45,370,185,,47.43,0.994,Plein jour,Hors agglomération,Hors intersection,Pluie légère,Deux véhicules - frontale,,,,,,,,,,,1,1,1,2,1
200700041289,0007-07-31 01:45:00,7,7,31,1,45,370,3,,47.426,0.988,Nuit sans éclairage public,Hors agglomération,Hors intersection,Normale,Sans collision,,,,,,,,,,,3,1,1,1,7
200700041290,0007-07-23 18:15:00,7,7,23,18,15,370,109,De Musset / Chaussumiers,,,Plein jour,En agglomération,Hors intersection,Normale,Deux véhicules - frontale,,,,,,,,,,,1,2,1,1,1
200700041291,0007-07-03 14:45:00,7,7,3,14,45,370,41,,47.663,0.58,Nuit sans éclairage public,Hors agglomération,Hors intersection,Normale,Autre collision,,,,,,,,,,,3,1,1,1,6
200700041292,0007-07-09 23:30:00,7,7,9,23,30,370,30,Rue de l'agriculture,47.611,0.857,Nuit sans éclairage public,En agglomération,Hors intersection,Normale,Autre collision,,,,,,,,,,,3,2,1,1,6
200700041293,0007-07-13 19:45:00,7,7,13,19,45,370,270,rue de l'officialité,,,Plein jour,En agglomération,Hors intersection,Normale,Trois véhicules et plus - collisions multiples,,,,,,,,,,,1,2,1,1,5
200700041294,0007-07-27 16:15:00,7,7,27,16,15,370,179,,,,Plein jour,Hors agglomération,Hors intersection,Normale,Autre collision,,,,,,,,,,,1,1,1,1,6
200700041295,0007-07-18 09:00:00,7,7,18,9,0,370,11,rue nationale,,,Nuit avec éclairage allumé,En agglomération,Hors intersection,Normale,Deux véhicules - arrière,,,,,,,,,,,5,2,1,1,2
200700041296,0007-07-07 18:00:00,7,7,7,18,0,370,51,,47.041,0.321,Plein jour,Hors agglomération,Hors intersection,Normale,Deux véhicules - côté,,,,,,,,,,,1,1,1,1,3
200700041297,0007-07-09 16:15:00,7,7,9,16,15,370,196,28 grande rue,,,Plein jour,En agglomération,Hors intersection,Pluie forte,Autre collision,,,,,,,,,,,1,2,1,3,6
200700041298,0007-07-20 20:00:00,7,7,20,20,0,370,40,,,,Plein jour,Hors agglomération,Hors intersection,Normale,Deux véhicules - côté,,,,,,,,,,,1,1,1,1,3
200700041299,0007-07-27 22:45:00,7,7,27,22,45,370,226,,47.144,0.658,Nuit sans éclairage public,Hors agglomération,Hors intersection,Normale,Sans collision,,,,,,,,,,,3,1,1,1,7
200700041300,0007-07-21 16:00:00,7,7,21,16,0,370,108,,,,Plein jour,Hors agglomération,Hors intersection,Normale,Deux véhicules - côté,,,,,,,,,,,1,1,1,1,3
200700041301,0007-07-03 13:30:00,7,7,3,13,30,370,282,,46.794,0.845,Plein jour,Hors agglomération,Hors intersection,Pluie légère,Deux véhicules - frontale,,,,,,,,,,,1,1,1,2,1
200700041302,0007-07-07 14:15:00,7,7,7,14,15,370,28,RUE DU VAL DE CLAISE,46.837,0.968,Plein jour,En agglomération,Hors intersection,Normale,Deux véhicules - côté,,,,,,,,,,,1,2,1,1,3
200700041303,0007-07-25 10:30:00,7,7,25,10,30,370,259,,46.771,0.926,Plein jour,Hors agglomération,Hors intersection,Normale,Deux véhicules - frontale,,,,,,,,,,,1,1,1,1,1
200700041304,0007-07-31 18:45:00,7,7,31,18,45,370,33,,46.838,0.886,Plein jour,Hors agglomération,Hors intersection,Normale,Deux véhicules - côté,,,,,,,,,,,1,1,1,1,3
200700041305,0007-07-13 21:45:00,7,7,13,21,45,370,115,,47.017,0.723,Crépuscule ou aube,Hors agglomération,Hors intersection,Temps couvert,Deux véhicules - frontale,,,,,,,,,,,2,1,1,8,1
200700041306,0007-07-31 19:00:00,7,7,31,19,0,370,159,120 rue du val de l indr,47.279,0.612,Plein jour,En agglomération,Hors intersection,Normale,Deux véhicules - côté,,,,,,,,,,,1,2,1,1,3
200700041307,0007-07-08 14:00:00,7,7,8,14,0,410,93,,,,Plein jour,Hors agglomération,Hors intersection,Normale,Sans collision,,,,,,,,,,,1,1,1,1,7
200700041308,0007-07-18 18:30:00,7,7,18,18,30,410,276,Rue Maurice Pasquier,47.627,1.327,Plein jour,En agglomération,Hors intersection,Normale,Autre collision,,,,,,,,,,,1,2,1,1,6
200700041309,0007-07-27 22:00:00,7,7,27,22,0,410,87,,47.797,0.837,Nuit sans éclairage public,Hors agglomération,Hors intersection,Normale,Autre collision,,,,,,,,,,,3,1,1,1,6
200700041310,0007-07-28 05:30:00,7,7,28,5,30,410,216,,47.979,1.231,Nuit avec éclairage non allumé,Hors agglomération,Hors intersection,Normale,Autre collision,,,,,,,,,,,4,1,1,1,6
200700041311,0007-07-07 17:15:00,7,7,7,17,15,330,528,18 avenue de bordeaux,44.885,-0.986,Plein jour,En agglomération,Hors intersection,Normale,Deux véhicules - arrière,,,,,,,,,,,1,2,1,1,2
200700041312,0007-07-17 19:00:00,7,7,17,19,0,330,214,,45.044,-1.185,Plein jour,Hors agglomération,Hors intersection,Normale,Deux véhicules - arrière,,,,,,,,,,,1,1,1,1,2
200700041313,0007-07-20 13:00:00,7,7,20,13,0,330,97,82 av. de Maubuisson,45.069,-1.137,Plein jour,En agglomération,Hors intersection,Normale,Sans collision,,,,,,,,,,,1,2,1,1,7
200700041314,0007-07-24 13:00:00,7,7,24,13,0,330,214,,45.0,-1.091,Plein jour,En agglomération,Hors intersection,Normale,Deux véhicules - côté,,,,,,,,,,,1,2,1,1,3
200700041315,0007-07-28 19:30:00,7,7,28,19,30,330,97,,45.067,-0.981,Plein jour,Hors agglomération,Hors intersection,Normale,Autre collision,,,,,,,,,,,1,1,1,1,6
200700041316,0007-07-04 12:45:00,7,7,4,12,45,290,233,,47.868,-3.568,Plein jour,Hors agglomération,Hors intersection,Pluie légère,Autre collision,,,,,,,,,,,1,1,1,2,6
200700041317,0007-07-12 18:30:00,7,7,12,18,30,290,233,BOULEVAR DE LA GARE,,,Plein jour,En agglomération,Hors intersection,Pluie légère,Trois véhicules et plus - en chaîne,,,,,,,,,,,1,2,1,2,4
200700041318,0007-07-26 20:00:00,7,7,26,20,0,290,234,rue de rosbigot,,,Plein jour,En agglomération,Hors intersection,Normale,Autre collision,,,,,,,,,,,1,2,1,1,6
200700041319,0007-07-28 12:30:00,7,7,28,12,30,130,33,,,,Plein jour,Hors agglomération,Hors intersection,Normale,Deux véhicules - côté,,,,,,,,,,,1,1,1,1,3
200700041320,0007-07-26 17:15:00,7,7,26,17,15,130,33,,43.374,5.184,Plein jour,Hors agglomération,Hors intersection,Normale,Autre collision,,,,,,,,,,,1,1,1,1,6
200700041321,0007-07-04 19:30:00,7,7,4,19,30,330,199,,,,Plein jour,Hors agglomération,Intersection en T,Normale,Deux véhicules - côté,,,,,,,,,,,1,1,3,1,3
200700041322,0007-07-22 09:00:00,7,7,22,9,0,580,207,,,,Plein jour,Hors agglomération,Hors intersection,Normale,Sans collision,,,,,,,,,,,1,1,1,1,7
200700041323,0007-07-11 13:15:00,7,7,11,13,15,130,40,,43.479,5.528,Plein jour,Hors agglomération,Hors intersection,Normale,Deux véhicules - côté,,,,,,,,,,,1,1,1,1,3
200700041324,0007-07-27 08:45:00,7,7,27,8,45,130,12,CHEMIN DES PLAINES,43.513,5.543,Plein jour,En agglomération,Hors intersection,Normale,Sans collision,,,,,,,,,,,1,2,1,1,7
200700041325,0007-07-05 22:30:00,7,7,5,22,30,470,318,,44.216,0.331,Nuit sans éclairage public,Hors agglomération,Hors intersection,Normale,Sans collision,,,,,,,,,,,3,1,1,1,7
200700041326,0007-07-14 11:30:00,7,7,14,11,30,470,221,,,,Plein jour,Hors agglomération,Hors intersection,Normale,Sans collision,,,,,,,,,,,1,1,1,1,7
200700041327,0007-07-25 20:30:00,7,7,25,20,30,110,202,,,,Plein jour,Hors agglomération,Hors intersection,Normale,Autre collision,,,,,,,,,,,1,1,1,1,6
200700041328,0007-07-17 16:00:00,7,7,17,16,0,570,731,avenue de la liberté,,,Plein jour,En agglomération,Hors intersection,Normale,Autre collision,,,,,,,,,,,1,2,1,1,6
200700041329,0007-07-29 11:15:00,7,7,29,11,15,340,202,,43.582,3.757,Plein jour,Hors agglomération,Hors intersection,Normale,Deux véhicules - frontale,,,,,,,,,,,1,1,1,1,1
200700041330,0007-07-08 06:15:00,7,7,8,6,15,910,319,,48.641,2.15,Plein jour,Hors agglomération,Hors intersection,Normale,Trois véhicules et plus - collisions multiples,,,,,,,,,,,1,1,1,1,5
200700041331,0007-07-17 15:45:00,7,7,17,15,45,780,601,,,,Plein jour,Hors agglomération,Hors intersection,Normale,Deux véhicules - côté,,,,,,,,,,,1,1,1,1,3
200700041332,0007-07-19 10:15:00,7,7,19,10,15,780,537,,48.557,1.932,Plein jour,Hors agglomération,Hors intersection,Normale,Sans collision,,,,,,,,,,,1,1,1,1,7
200700041333,0007-07-23 14:00:00,7,7,23,14,0,780,506,,48.524,1.795,Plein jour,Hors agglomération,Hors intersection,Pluie légère,Deux véhicules - côté,,,,,,,,,,,1,1,1,2,3
200700041334,0007-07-31 16:15:00,7,7,31,16,15,780,9,,,,Plein jour,Hors agglomération,Hors intersection,Temps éblouissant,Deux véhicules - arrière,,,,,,,,,,,1,1,1,7,2
200700041335,0007-07-07 18:30:00,7,7,7,18,30,690,7,ROUTE DE BOUCHAREY,,,Plein jour,En agglomération,Hors intersection,Normale,Deux véhicules - côté,,,,,,,,,,,1,2,1,1,3
200700041336,0007-07-10 21:45:00,7,7,10,21,45,330,5,avenue TALUQUE,44.749,-1.092,Crépuscule ou aube,En agglomération,Hors intersection,Normale,Deux véhicules - frontale,,,,,,,,,,,2,2,1,1,1
200700041337,0007-07-31 07:30:00,7,7,31,7,30,330,229,,,,Plein jour,Hors agglomération,Hors intersection,Normale,Deux véhicules - arrière,,,,,,,,,,,1,1,1,1,2
200700041338,0007-07-09 08:30:00,7,7,9,8,30,600,505,CD 1017 / route de Thier,49.159,2.551,Plein jour,En agglomération,Hors intersection,Pluie légère,Autre collision,,,,,,,,,,,1,2,1,2,6
200700041339,0007-07-15 06:30:00,7,7,15,6,30,600,142,,49.114,2.533,Crépuscule ou aube,Hors agglomération,Hors intersection,Normale,Trois véhicules et plus - collisions multiples,,,,,,,,,,,2,1,1,1,5
200700041340,0007-07-22 00:45:00,7,7,22,0,45,770,185,,48.52,2.56,Nuit avec éclairage allumé,Hors agglomération,Hors intersection,Normale,Deux véhicules - côté,,,,,,,,,,,5,1,1,1,3
200700041341,0007-07-02 06:45:00,7,7,2,6,45,890,330,,,,Plein jour,Hors agglomération,Hors intersection,Normale,Sans collision,,,,,,,,,,,1,1,1,1,7
200700041342,0007-07-06 05:45:00,7,7,6,5,45,890,333,,,,Plein jour,Hors agglomération,Hors intersection,Normale,Deux véhicules - arrière,,,,,,,,,,,1,1,1,1,2
200700041343,0007-07-26 05:30:00,7,7,26,5,30,890,330,,,,Crépuscule ou aube,Hors agglomération,Hors intersection,Normale,Sans collision,,,,,,,,,,,2,1,1,1,7
200700041344,0007-07-02 02:45:00,7,7,2,2,45,800,2,,,,Nuit sans éclairage public,Hors agglomération,Hors intersection,Pluie forte,Autre collision,,,,,,,,,,,3,1,1,3,6
200700041345,0007-07-04 08:00:00,7,7,4,8,0,800,2,,,,Plein jour,Hors agglomération,Hors intersection,Temps couvert,Autre collision,,,,,,,,,,,1,1,1,8,6
200700041346,0007-07-08 15:45:00,7,7,8,15,45,800,33,,,,Plein jour,Hors agglomération,Hors intersection,Pluie forte,Autre collision,,,,,,,,,,,1,1,1,3,6
200700041347,0007-07-11 13:00:00,7,7,11,13,0,800,33,,,,Plein jour,Hors agglomération,Hors intersection,Pluie légère,Autre collision,,,,,,,,,,,1,1,1,2,6
200700041348,0007-07-03 01:15:00,7,7,3,1,15,710,170,,,,Nuit sans éclairage public,Hors agglomération,Hors intersection,Normale,Deux véhicules - arrière,,,,,,,,,,,3,1,1,1,2
200700041349,0007-07-06 15:00:00,7,7,6,15,0,710,475,,,,Plein jour,Hors agglomération,Hors intersection,Normale,Trois véhicules et plus - en chaîne,,,,,,,,,,,1,1,1,1,4
200700041350,0007-07-21 07:15:00,7,7,21,7,15,710,105,,,,Crépuscule ou aube,Hors agglomération,Hors intersection,Normale,Autre collision,,,,,,,,,,,2,1,1,1,6
200700041351,0007-07-22 08:30:00,7,7,22,8,30,710,270,,,,Plein jour,Hors agglomération,Hors intersection,Normale,Deux véhicules - arrière,,,,,,,,,,,1,1,1,1,2
200700041352,0007-07-01 18:45:00,7,7,1,18,45,130,103,,43.63,5.12,Plein jour,Hors agglomération,Hors intersection,Normale,Deux véhicules - arrière,,,,,,,,,,,1,1,1,1,2
200700041353,0007-07-05 06:30:00,7,7,5,6,30,130,18,,,,Plein jour,Hors agglomération,Hors intersection,Normale,Deux véhicules - arrière,,,,,,,,,,,1,1,1,1,2
200700041354,0007-07-06 13:00:00,7,7,6,13,0,130,18,,,,Nuit sans éclairage public,Hors agglomération,Hors intersection,Normale,Deux véhicules - arrière,,,,,,,,,,,3,1,1,1,2
200700041355,0007-07-07 17:30:00,7,7,7,17,30,130,51,,,,Plein jour,Hors agglomération,Hors intersection,Normale,Autre collision,,,,,,,,,,,1,1,1,1,6
200700041356,0007-07-23 22:30:00,7,7,23,22,30,130,1,,,,Nuit sans éclairage public,Hors agglomération,Hors intersection,Normale,Autre collision,,,,,,,,,,,3,1,1,1,6
200700041357,0007-07-18 15:00:00,7,7,18,15,0,130,118,,,,Plein jour,Hors agglomération,Hors intersection,Normale,Deux véhicules - côté,,,,,,,,,,,1,1,1,1,3
200700041358,0007-07-11 14:45:00,7,7,11,14,45,830,54,,43.173,6.051,Plein jour,Hors agglomération,Hors intersection,Normale,Deux véhicules - arrière,,,,,,,,,,,1,1,1,1,2
200700041359,0007-07-07 17:00:00,7,7,7,17,0,600,155,,49.265,2.347,Plein jour,Hors agglomération,Hors intersection,Normale,Autre collision,,,,,,,,,,,1,1,1,1,6
200700041360,0007-07-20 19:00:00,7,7,20,19,0,270,258,,,,Plein jour,Hors agglomération,Hors intersection,Normale,Autre collision,,,,,,,,,,,1,1,1,1,6
200700041361,0007-07-28 09:45:00,7,7,28,9,45,270,518,,49.462,0.517,Plein jour,Hors agglomération,Hors intersection,Normale,Sans collision,,,,,,,,,,,1,1,1,1,7
200700041362,0007-07-03 10:45:00,7,7,3,10,45,270,469,,,,Plein jour,Hors agglomération,Hors intersection,Pluie légère,Deux véhicules - arrière,,,,,,,,,,,1,1,1,2,2
200700041363,0007-07-10 05:00:00,7,7,10,5,0,270,701,,49.253,1.176,Crépuscule ou aube,Hors agglomération,Hors intersection,Normale,Autre collision,,,,,,,,,,,2,1,1,1,6
200700041364,0007-07-15 13:45:00,7,7,15,13,45,270,203,,,,Plein jour,Hors agglomération,Hors intersection,Normale,Deux véhicules - frontale,,,,,,,,,,,1,1,1,1,1
200700041365,0007-07-16 09:00:00,7,7,16,9,0,270,701,,49.253,1.175,Crépuscule ou aube,Hors agglomération,Hors intersection,Normale,Autre collision,,,,,,,,,,,2,1,1,1,6
200700041366,0007-07-19 14:30:00,7,7,19,14,30,270,612,,49.075,1.405,Plein jour,Hors agglomération,Hors intersection,Normale,Deux véhicules - arrière,,,,,,,,,,,1,1,1,1,2
200700041367,0007-07-24 13:45:00,7,7,24,13,45,780,668,,,,Plein jour,Hors agglomération,Hors intersection,Normale,Sans collision,,,,,,,,,,,1,1,1,1,7
200700041368,0007-07-31 07:15:00,7,7,31,7,15,780,668,,49.023,1.529,Crépuscule ou aube,Hors agglomération,Hors intersection,Normale,Deux véhicules - arrière,,,,,,,,,,,2,1,1,1,2
200700041369,0007-07-30 06:00:00,7,7,30,6,0,600,71,,,,Plein jour,Hors agglomération,Hors intersection,Normale,Deux véhicules - arrière,,,,,,,,,,,1,1,1,1,2
200700041370,0007-07-30 06:30:00,7,7,30,6,30,600,475,,,,Crépuscule ou aube,Hors agglomération,Hors intersection,Normale,Deux véhicules - côté,,,,,,,,,,,2,1,1,1,3
200700041371,0007-07-17 17:00:00,7,7,17,17,0,690,206,,,,Plein jour,Hors agglomération,Hors intersection,Normale,Deux véhicules - arrière,,,,,,,,,,,1,1,1,1,2
200700041372,0007-07-26 21:30:00,7,7,26,21,30,690,115,,45.98,4.73,Nuit avec éclairage allumé,Hors agglomération,Hors intersection,Normale,Deux véhicules - côté,,,,,,,,,,,5,1,1,1,3
200700041373,0007-07-07 00:30:00,7,7,7,0,30,380,104,,,,Nuit sans éclairage public,Hors agglomération,Autre intersection,Normale,Deux véhicules - arrière,,,,,,,,,,,3,1,9,1,2
200700041374,0007-07-07 04:15:00,7,7,7,4,15,380,530,,45.627,5.186,Nuit sans éclairage public,Hors agglomération,Hors intersection,Normale,Deux véhicules - arrière,,,,,,,,,,,3,1,1,1,2
200700041375,0007-07-09 08:15:00,7,7,9,8,15,680,118,,47.717,7.453,Plein jour,Hors agglomération,Hors intersection,Normale,Autre collision,,,,,,,,,,,1,1,1,1,6
200700041376,0007-07-26 11:30:00,7,7,26,11,30,530,229,,,,Plein jour,Hors agglomération,Hors intersection,Normale,Deux véhicules - arrière,,,,,,,,,,,1,1,1,1,2
200700041377,0007-07-14 19:00:00,7,7,14,19,0,310,116,,,,Plein jour,En agglomération,Hors intersection,Normale,Deux véhicules - côté,,,,,,,,,,,1,2,1,1,3
200700041378,0007-07-31 20:30:00,7,7,31,20,30,310,410,,43.709,1.459,Plein jour,Hors agglomération,Giratoire,Normale,Autre collision,,,,,,,,,,,1,1,6,1,6
200700041379,0007-07-12 16:15:00,7,7,12,16,15,130,87,,,,Plein jour,Hors agglomération,Hors intersection,Normale,Deux véhicules - arrière,,,,,,,,,,,1,1,1,1,2
200700041380,0007-07-26 17:15:00,7,7,26,17,15,830,116,,,,Plein jour,Hors agglomération,Hors intersection,Normale,Trois véhicules et plus - collisions multiples,,,,,,,,,,,1,1,1,1,5
200700041381,0007-07-23 20:45:00,7,7,23,20,45,410,276,,,,Plein jour,Hors agglomération,Hors intersection,Normale,Sans collision,,,,,,,,,,,1,1,1,1,7
200700041382,0007-07-07 01:00:00,7,7,7,1,0,300,347,,,,Nuit sans éclairage public,Hors agglomération,Hors intersection,Normale,Autre collision,,,,,,,,,,,3,1,1,1,6
200700041383,0007-07-12 17:30:00,7,7,12,17,30,300,189,,,,Plein jour,Hors agglomération,Hors intersection,Normale,Autre collision,,,,,,,,,,,1,1,1,1,6
200700041384,0007-07-26 13:45:00,7,7,26,13,45,300,36,,,,Plein jour,Hors agglomération,Hors intersection,Normale,Autre collision,,,,,,,,,,,1,1,1,1,6
200700041385,0007-07-19 22:15:00,7,7,19,22,15,110,262,,43.162,2.989,Plein jour,Hors agglomération,Hors intersection,Normale,Sans collision,,,,,,,,,,,1,1,1,1,7
200700041386,0007-07-28 21:00:00,7,7,28,21,0,110,203,,43.174,2.75,Plein jour,Hors agglomération,Hors intersection,Normale,Sans collision,,,,,,,,,,,1,1,1,1,7
200700041387,0007-07-08 10:00:00,7,7,8,10,0,370,156,Conneuil - RD  751,,,Plein jour,Hors agglomération,Hors intersection,Normale,Deux véhicules - frontale,,,,,,,,,,,1,1,1,1,1
200700041388,0007-07-10 10:00:00,7,7,10,10,0,370,8,,47.333,0.931,Plein jour,Hors agglomération,Hors intersection,Pluie légère,Deux véhicules - arrière,,,,,,,,,,,1,1,1,2,2
200700041389,0007-07-14 03:00:00,7,7,14,3,0,370,110,,,,Nuit sans éclairage public,Hors agglomération,Hors intersection,Normale,Autre collision,,,,,,,,,,,3,1,1,1,6
200700041390,0007-07-18 20:15:00,7,7,18,20,15,370,27,,,,Plein jour,Hors agglomération,Hors intersection,Normale,Deux véhicules - frontale,,,,,,,,,,,1,1,1,1,1
200700041391,0007-07-06 06:15:00,7,7,6,6,15,280,392,,,,Crépuscule ou aube,Hors agglomération,Hors intersection,Normale,Deux véhicules - arrière,,,,,,,,,,,2,1,1,1,2
200700041392,0007-07-17 11:15:00,7,7,17,11,15,450,24,,,,Plein jour,Hors agglomération,Hors intersection,Normale,Autre collision,,,,,,,,,,,1,1,1,1,6
200700041393,0007-07-17 14:00:00,7,7,17,14,0,280,367,,,,Plein jour,Hors agglomération,Hors intersection,Normale,Autre collision,,,,,,,,,,,1,1,1,1,6
200700041394,0007-07-27 12:15:00,7,7,27,12,15,280,29,,,,Plein jour,Hors agglomération,Hors intersection,Normale,Autre collision,,,,,,,,,,,1,1,1,1,6
200700041395,0007-07-30 12:30:00,7,7,30,12,30,450,203,,,,Plein jour,Hors agglomération,Hors intersection,Normale,Sans collision,,,,,,,,,,,1,1,1,1,7
200700041396,0007-07-09 15:00:00,7,7,9,15,0,730,232,,45.54,6.91,Plein jour,Hors agglomération,Hors intersection,Pluie forte,Autre collision,,,,,,,,,,,1,1,1,3,6
200700041397,0007-07-12 12:30:00,7,7,12,12,30,730,304,,45.423,7.03,Plein jour,Hors agglomération,Hors intersection,Normale,Sans collision,,,,,,,,,,,1,1,1,1,7
200700041398,0007-07-07 04:15:00,7,7,7,4,15,130,112,,43.532,5.237,Nuit sans éclairage public,Hors agglomération,Intersection en X,Normale,Autre collision,,,,,,,,,,,3,1,2,1,6
200700041399,0007-07-15 23:00:00,7,7,15,23,0,130,112,,,,Nuit sans éclairage public,Hors agglomération,Hors intersection,Normale,Autre collision,,,,,,,,,,,3,1,1,1,6
200700041400,0007-07-06 06:45:00,7,7,6,6,45,670,472,,,,Plein jour,Hors agglomération,Hors intersection,Pluie légère,Autre collision,,,,,,,,,,,1,1,1,2,6
200700041401,0007-07-21 10:30:00,7,7,21,10,30,670,106,Rue Beethoven,48.771,7.953,Plein jour,En agglomération,Intersection en X,Temps éblouissant,Deux véhicules - frontale,,,,,,,,,,,1,2,2,7,1
200700041402,0007-07-21 22:00:00,7,7,21,22,0,670,465,,,,Nuit sans éclairage public,Hors agglomération,Hors intersection,Normale,Autre collision,,,,,,,,,,,3,1,1,1,6
200700041403,0007-07-28 07:45:00,7,7,28,7,45,210,606,6+200 sens DIJON/BEAUNE,,,Plein jour,Hors agglomération,Hors intersection,Normale,Trois véhicules et plus - collisions multiples,,,,,,,,,,,1,1,1,1,5
200700041404,0007-07-18 13:45:00,7,7,18,13,45,730,39,,45.577,5.66,Plein jour,Hors agglomération,Hors intersection,Normale,Autre collision,,,,,,,,,,,1,1,1,1,6
200700041405,0007-07-24 07:15:00,7,7,24,7,15,730,158,,45.759,5.947,Crépuscule ou aube,Hors agglomération,Hors intersection,Temps couvert,Deux véhicules - arrière,,,,,,,,,,,2,1,1,8,2
200700041406,0007-07-28 16:00:00,7,7,28,16,0,730,239,,45.788,5.964,Plein jour,Hors agglomération,Hors intersection,Normale,Autre collision,,,,,,,,,,,1,1,1,1,6