accident_id,datetime,annee,mois,jour,heure,minute,departement,commune_insee,adresse,latitude,longitude,luminosite,agglomeration,intersection,meteo,collision,nb_vehicules,nb_usagers,nb_indemnes,nb_tues,nb_blesses_hosp,nb_blesses_legers,age_cond_1,age_cond_2,veh_type_cond_1,veh_type_cond_2,lum_code,agg_code,int_code,atm_code,col_code
200700041407,0007-07-20 16:00:00,7,7,20,16,0,740,93,,45.897,6.086,Plein jour,Hors agglomération,Hors intersection,Normale,Trois véhicules et plus - collisions multiples,,,,,,,,,,,1,1,1,1,5
200700041408,0007-07-24 11:30:00,7,7,24,11,30,380,373,,45.35,5.556,Plein jour,Hors agglomération,Hors intersection,Normale,Deux véhicules - arrière,,,,,,,,,,,1,1,1,1,2
200700041409,0007-07-14 13:15:00,7,7,14,13,15,140,534,,49.268,0.161,Plein jour,Hors agglomération,Hors intersection,Temps éblouissant,Deux véhicules - arrière,,,,,,,,,,,1,1,1,7,2
200700041410,0007-07-14 08:05:00,7,7,14,8,5,140,36,"5+800, sens PARIS - CAEN",,,Plein jour,Hors agglomération,Hors intersection,Normale,Sans collision,,,,,,,,,,,1,1,1,1,7
200700041411,0007-07-19 13:00:00,7,7,19,13,0,140,218,,49.252,0.01,Plein jour,Hors agglomération,Hors intersection,Normale,Sans collision,,,,,,,,,,,1,1,1,1,7
200700041412,0007-07-06 03:45:00,7,7,6,3,45,280,110,,,,Nuit sans éclairage public,Hors agglomération,Hors intersection,Normale,Trois véhicules et plus - collisions multiples,,,,,,,,,,,3,1,1,1,5
200700041413,0007-07-11 04:45:00,7,7,11,4,45,280,161,,,,Nuit sans éclairage public,Hors agglomération,Hors intersection,Normale,Autre collision,,,,,,,,,,,3,1,1,1,6
200700041414,0007-07-09 00:01:00,7,7,9,0,1,410,295,89 route de Chambord,,,Nuit avec éclairage non allumé,En agglomération,Hors intersection,Normale,Autre collision,,,,,,,,,,,4,2,1,1,6
200700041415,0007-07-13 22:00:00,7,7,13,22,0,410,160,2 Route de Dhuizon,47.567,1.603,Crépuscule ou aube,En agglomération,Hors intersection,Normale,Deux véhicules - côté,,,,,,,,,,,2,2,1,1,3
200700041416,0007-07-16 22:30:00,7,7,16,22,30,410,295,,,,Nuit sans éclairage public,En agglomération,Intersection en Y,Pluie légère,Deux véhicules - frontale,,,,,,,,,,,3,2,4,2,1
200700041417,0007-07-09 11:00:00,7,7,9,11,0,690,27,Parking VILLAVERDE,45.677,4.751,Plein jour,En agglomération,Autre intersection,Normale,Autre collision,,,,,,,,,,,1,2,9,1,6
200700041418,0007-07-27 17:15:00,7,7,27,17,15,340,129,,,,Plein jour,Hors agglomération,Hors intersection,Normale,Trois véhicules et plus - en chaîne,,,,,,,,,,,1,1,1,1,4
200700041419,0007-07-23 11:00:00,7,7,23,11,0,310,254,D16 ROUTE DE BAZIEGE,,,Plein jour,En agglomération,Intersection en T,Normale,Trois véhicules et plus - collisions multiples,,,,,,,,,,,1,2,3,1,5
200700041420,0007-07-20 07:00:00,7,7,20,7,0,630,91,,45.411,3.275,Crépuscule ou aube,Hors agglomération,Hors intersection,Autre,Deux véhicules - arrière,,,,,,,,,,,2,1,1,9,2
200700041421,0007-07-22 21:30:00,7,7,22,21,30,630,54,,45.493,3.25,Plein jour,Hors agglomération,Hors intersection,Normale,Deux véhicules - arrière,,,,,,,,,,,1,1,1,1,2
200700041422,0007-07-30 19:30:00,7,7,30,19,30,640,483,,43.405,-1.632,Plein jour,Hors agglomération,Hors intersection,Normale,Trois véhicules et plus - en chaîne,,,,,,,,,,,1,1,1,1,4
200700041423,0007-07-01 23:30:00,7,7,1,23,30,510,428,,49.138,4.223,Nuit sans éclairage public,Hors agglomération,Hors intersection,Normale,Deux véhicules - arrière,,,,,,,,,,,3,1,1,1,2
200700041424,0007-07-22 00:30:00,7,7,22,0,30,380,485,BLD DES FRERES DESAIRE,,,Nuit avec éclairage allumé,En agglomération,Hors intersection,Normale,Autre collision,,,,,,,,,,,5,2,1,1,6
200700041425,0007-07-26 15:15:00,7,7,26,15,15,380,5,CD 526,45.124,6.03,Plein jour,En agglomération,Hors intersection,Normale,Autre collision,,,,,,,,,,,1,2,1,1,6
200700041426,0007-07-09 13:45:00,7,7,9,13,45,510,588,,,,Plein jour,Hors agglomération,Hors intersection,Pluie forte,Sans collision,,,,,,,,,,,1,1,1,3,7
200700041427,0007-07-08 20:30:00,7,7,8,20,30,60,149,,,,Plein jour,Hors agglomération,Hors intersection,Normale,Sans collision,,,,,,,,,,,1,1,1,1,7
200700041428,0007-07-11 17:45:00,7,7,11,17,45,60,88,,,,Plein jour,Hors agglomération,Hors intersection,Normale,Deux véhicules - frontale,,,,,,,,,,,1,1,1,1,1
200700041429,0007-07-11 17:30:00,7,7,11,17,30,60,88,,,,Plein jour,Hors agglomération,Hors intersection,Normale,Trois véhicules et plus - en chaîne,,,,,,,,,,,1,1,1,1,4
200700041430,0007-07-27 14:30:00,7,7,27,14,30,620,479,,50.524,2.581,Plein jour,Hors agglomération,Hors intersection,Normale,Deux véhicules - arrière,,,,,,,,,,,1,1,1,1,2
200700041431,0007-07-31 15:00:00,7,7,31,15,0,620,19,,50.417,2.733,Plein jour,Hors agglomération,Hors intersection,Normale,Autre collision,,,,,,,,,,,1,1,1,1,6
200700041432,0007-07-27 07:30:00,7,7,27,7,30,380,249,"PK 05,100",,,Plein jour,Hors agglomération,Hors intersection,Normale,Sans collision,,,,,,,,,,,1,1,1,1,7
200700041433,0007-07-03 09:00:00,7,7,3,9,0,860,62,""" sens PRO/PA PK 298+300",,,Plein jour,Hors agglomération,Hors intersection,Pluie légère,Autre collision,,,,,,,,,,,1,1,1,2,6
200700041434,0007-07-04 09:00:00,7,7,4,9,0,860,19,284 sens Paris-province,,,Plein jour,Hors agglomération,Hors intersection,Normale,Deux véhicules - côté,,,,,,,,,,,1,1,1,1,3
200700041435,0007-07-20 05:45:00,7,7,20,5,45,860,115,,,,Crépuscule ou aube,Hors agglomération,Hors intersection,Normale,Autre collision,,,,,,,,,,,2,1,1,1,6
200700041436,0007-07-23 16:19:00,7,7,23,16,19,860,174,utoroute A10 PK 282+600,,,Plein jour,Hors agglomération,Hors intersection,Normale,Trois véhicules et plus - collisions multiples,,,,,,,,,,,1,1,1,1,5
200700041437,0007-07-06 06:15:00,7,7,6,6,15,130,1,,,,Plein jour,Hors agglomération,Hors intersection,Normale,Trois véhicules et plus - collisions multiples,,,,,,,,,,,1,1,1,1,5
200700041438,0007-07-01 10:00:00,7,7,1,10,0,60,79,,,,Nuit sans éclairage public,Hors agglomération,Hors intersection,Normale,Autre collision,,,,,,,,,,,3,1,1,1,6
200700041439,0007-07-10 20:00:00,7,7,10,20,0,660,172,ave guynemer,42.715,2.85,Plein jour,En agglomération,Hors intersection,Normale,Deux véhicules - frontale,,,,,,,,,,,1,2,1,1,1
200700041440,0007-07-03 22:45:00,7,7,3,22,45,110,281,,43.265,2.025,Nuit sans éclairage public,Hors agglomération,Hors intersection,Normale,Deux véhicules - arrière,,,,,,,,,,,3,1,1,1,2
200700041441,0007-07-09 10:30:00,7,7,9,10,30,470,156,,,,Plein jour,Hors agglomération,Hors intersection,Pluie forte,Autre collision,,,,,,,,,,,1,1,1,3,6
200700041442,0007-07-15 15:00:00,7,7,15,15,0,470,220,,,,Plein jour,Hors agglomération,Hors intersection,Normale,Autre collision,,,,,,,,,,,1,1,1,1,6
200700041443,0007-07-15 16:00:00,7,7,15,16,0,280,18,,,,Plein jour,Hors agglomération,Hors intersection,Normale,Autre collision,,,,,,,,,,,1,1,1,1,6
200700041444,0007-07-21 12:00:00,7,7,21,12,0,250,147,,47.217,5.911,Plein jour,Hors agglomération,Hors intersection,Normale,Deux véhicules - arrière,,,,,,,,,,,1,1,1,1,2
200700041445,0007-07-04 03:45:00,7,7,4,3,45,90,185,,,,Nuit sans éclairage public,Hors agglomération,Hors intersection,Normale,Autre collision,,,,,,,,,,,3,1,1,1,6
200700041446,0007-07-20 11:15:00,7,7,20,11,15,310,2,,,,Plein jour,Hors agglomération,Hors intersection,Normale,Autre collision,,,,,,,,,,,1,1,1,1,6
200700041447,0007-07-10 15:45:00,7,7,10,15,45,330,122,,44.707,-0.756,Plein jour,Hors agglomération,Hors intersection,Normale,Deux véhicules - arrière,,,,,,,,,,,1,1,1,1,2
200700041448,0007-07-22 08:30:00,7,7,22,8,30,330,122,,44.721,-0.74,Plein jour,Hors agglomération,Hors intersection,Normale,Trois véhicules et plus - en chaîne,,,,,,,,,,,1,1,1,1,4
200700041449,0007-07-31 13:15:00,7,7,31,13,15,330,122,,44.706,-0.758,Plein jour,Hors agglomération,Hors intersection,Normale,Trois véhicules et plus - en chaîne,,,,,,,,,,,1,1,1,1,4
200700041450,0007-07-14 12:35:00,7,7,14,12,35,740,208,RN 205 PK 65+500,45.934,6.742,Plein jour,Hors agglomération,Hors intersection,Normale,Autre collision,,,,,,,,,,,1,1,1,1,6
200700041451,0007-07-14 12:30:00,7,7,14,12,30,470,145,,44.145,0.64,Plein jour,Hors agglomération,Hors intersection,Normale,Sans collision,,,,,,,,,,,1,1,1,1,7
200700041452,0007-07-20 10:30:00,7,7,20,10,30,470,225,,44.186,0.566,Plein jour,Hors agglomération,Hors intersection,Normale,Trois véhicules et plus - collisions multiples,,,,,,,,,,,1,1,1,1,5
200700041453,0007-07-13 12:30:00,7,7,13,12,30,201,65,,,,Plein jour,Hors agglomération,Hors intersection,Normale,Deux véhicules - frontale,,,,,,,,,,,1,1,1,1,1
200700041454,0007-07-23 00:30:00,7,7,23,0,30,201,934,Lieu dit Temuli,42.109,8.706,Nuit sans éclairage public,En agglomération,Hors intersection,Normale,Autre collision,,,,,,,,,,,3,2,1,1,6
200700041455,0007-07-25 04:30:00,7,7,25,4,30,201,65,,42.188,8.619,Nuit sans éclairage public,Hors agglomération,Autre intersection,Normale,Autre collision,,,,,,,,,,,3,1,9,1,6
200700041456,0007-07-19 16:30:00,7,7,19,16,30,201,8,,41.872,8.931,Plein jour,Hors agglomération,Hors intersection,Normale,Deux véhicules - frontale,,,,,,,,,,,1,1,1,1,1
200700041457,0007-07-20 14:45:00,7,7,20,14,45,60,85,avenue du Gal DE GAULLE,,,Plein jour,En agglomération,Hors intersection,Normale,Trois véhicules et plus - collisions multiples,,,,,,,,,,,1,2,1,1,5
200700041458,0007-07-29 08:45:00,7,7,29,8,45,330,122,,,,Plein jour,Hors agglomération,Hors intersection,Pluie légère,Deux véhicules - frontale,,,,,,,,,,,1,1,1,2,1
200700041459,0007-07-28 19:00:00,7,7,28,19,0,670,49,,,,Plein jour,Hors agglomération,Hors intersection,Normale,Trois véhicules et plus - en chaîne,,,,,,,,,,,1,1,1,1,4
200700041460,0007-07-02 23:45:00,7,7,2,23,45,790,137,,46.205,-0.477,Nuit sans éclairage public,Hors agglomération,Hors intersection,Normale,Deux véhicules - arrière,,,,,,,,,,,3,1,1,1,2
200700041461,0007-07-18 12:00:00,7,7,18,12,0,790,201,,,,Plein jour,Hors agglomération,Hors intersection,Normale,Sans collision,,,,,,,,,,,1,1,1,1,7
200700041462,0007-07-28 23:00:00,7,7,28,23,0,860,116,,,,Nuit sans éclairage public,Hors agglomération,Hors intersection,Normale,Deux véhicules - côté,,,,,,,,,,,3,1,1,1,3
200700041463,0007-07-29 15:45:00,7,7,29,15,45,170,181,,,,Plein jour,Hors agglomération,Hors intersection,Normale,Autre collision,,,,,,,,,,,1,1,1,1,6
200700041464,0007-07-21 08:45:00,7,7,21,8,45,170,116,,45.424,-0.602,Plein jour,Hors agglomération,Hors intersection,Normale,Deux véhicules - frontale,,,,,,,,,,,1,1,1,1,1
200700041465,0007-07-03 09:00:00,7,7,3,9,0,220,187,,48.553,-2.794,Plein jour,Hors agglomération,Hors intersection,Temps couvert,Autre collision,,,,,,,,,,,1,1,1,8,6
200700041466,0007-07-27 10:30:00,7,7,27,10,30,220,187,RUE DU VIADUC,48.533,-2.771,Plein jour,En agglomération,Hors intersection,Pluie légère,Deux véhicules - frontale,,,,,,,,,,,1,2,1,2,1
200700041467,0007-07-17 17:15:00,7,7,17,17,15,201,139,,41.691,9.323,Plein jour,Hors agglomération,Hors intersection,Normale,Autre collision,,,,,,,,,,,1,1,1,1,6
200700041468,0007-07-05 17:45:00,7,7,5,17,45,740,272,,45.949,6.073,Plein jour,Hors agglomération,Hors intersection,Normale,Autre collision,,,,,,,,,,,1,1,1,1,6
200700041469,0007-07-18 16:15:00,7,7,18,16,15,740,26,,,,Plein jour,Hors agglomération,Hors intersection,Normale,Trois véhicules et plus - collisions multiples,,,,,,,,,,,1,1,1,1,5
200700041470,0007-07-28 01:45:00,7,7,28,1,45,740,98,,,,Nuit sans éclairage public,Hors agglomération,Hors intersection,Normale,Sans collision,,,,,,,,,,,3,1,1,1,7
200700041471,0007-07-31 13:30:00,7,7,31,13,30,740,202,,45.92,6.01,Plein jour,Hors agglomération,Hors intersection,Normale,Autre collision,,,,,,,,,,,1,1,1,1,6
200700041472,0007-07-03 17:00:00,7,7,3,17,0,10,290,,45.868,5.185,Plein jour,Hors agglomération,Hors intersection,Pluie légère,Deux véhicules - arrière,,,,,,,,,,,1,1,1,2,2
200700041473,0007-07-24 01:15:00,7,7,24,1,15,10,213,,45.918,5.253,Nuit sans éclairage public,Hors agglomération,Hors intersection,Normale,Sans collision,,,,,,,,,,,3,1,1,1,7
200700041474,0007-07-02 14:30:00,7,7,2,14,30,420,279,,45.511,4.267,Plein jour,Hors agglomération,Hors intersection,Normale,Autre collision,,,,,,,,,,,1,1,1,1,6
200700041475,0007-07-03 14:30:00,7,7,3,14,30,510,333,,,,Plein jour,Hors agglomération,Hors intersection,Pluie légère,Sans collision,,,,,,,,,,,1,1,1,2,7
200700041476,0007-07-15 15:45:00,7,7,15,15,45,510,428,GRANDE RUE,49.144,4.225,Plein jour,En agglomération,Hors intersection,Normale,Deux véhicules - arrière,,,,,,,,,,,1,2,1,1,2
200700041477,0007-07-13 14:15:00,7,7,13,14,15,310,157,,43.552,1.351,Plein jour,Hors agglomération,Hors intersection,Normale,Trois véhicules et plus - collisions multiples,,,,,,,,,,,1,1,1,1,5
200700041478,0007-07-16 13:00:00,7,7,16,13,0,60,18,eur du chemin des Cabots,43.625,7.108,Plein jour,Hors agglomération,Hors intersection,Normale,Trois véhicules et plus - collisions multiples,,,,,,,,,,,1,1,1,1,5
200700041479,0007-07-20 11:00:00,7,7,20,11,0,60,18,,43.638,7.071,Plein jour,Hors agglomération,Hors intersection,Normale,Deux véhicules - côté,,,,,,,,,,,1,1,1,1,3
200700041480,0007-07-27 10:45:00,7,7,27,10,45,60,152,,43.648,7.014,Plein jour,Hors agglomération,Hors intersection,Normale,Deux véhicules - côté,,,,,,,,,,,1,1,1,1,3
200700041481,0007-07-27 17:00:00,7,7,27,17,0,60,152,"CD103, route du parc",,,Plein jour,Hors agglomération,Hors intersection,Normale,Deux véhicules - arrière,,,,,,,,,,,1,1,1,1,2
200700041482,0007-07-06 20:15:00,7,7,6,20,15,690,88,32 rue pierre bouvier,45.837,4.853,Plein jour,En agglomération,Hors intersection,Normale,Sans collision,,,,,,,,,,,1,2,1,1,7
200700041483,0007-07-18 16:30:00,7,7,18,16,30,690,88,rue du stade,45.836,4.857,Plein jour,En agglomération,Hors intersection,Normale,Autre collision,,,,,,,,,,,1,2,1,1,6
200700041484,0007-07-09 18:30:00,7,7,9,18,30,380,114,,,,Plein jour,Hors agglomération,Hors intersection,Normale,Deux véhicules - frontale,,,,,,,,,,,1,1,1,1,1
200700041485,0007-07-02 18:00:00,7,7,2,18,0,340,320,PK 19 + 210,,,Plein jour,Hors agglomération,Hors intersection,Normale,Deux véhicules - arrière,,,,,,,,,,,1,1,1,1,2
200700041486,0007-07-20 11:15:00,7,7,20,11,15,340,153,,,,Nuit sans éclairage public,Hors agglomération,Hors intersection,Normale,Autre collision,,,,,,,,,,,3,1,1,1,6
200700041487,0007-07-19 07:45:00,7,7,19,7,45,290,19,BASE NAVALE,,,Plein jour,En agglomération,Hors intersection,Temps éblouissant,Deux véhicules - côté,,,,,,,,,,,1,2,1,7,3
200700041488,0007-07-11 00:45:00,7,7,11,0,45,10,425,,,,Nuit sans éclairage public,Hors agglomération,Hors intersection,Autre,Autre collision,,,,,,,,,,,3,1,1,9,6
200700041489,0007-07-17 14:30:00,7,7,17,14,30,780,196,,48.865,1.969,Plein jour,Hors agglomération,Hors intersection,Normale,Deux véhicules - côté,,,,,,,,,,,1,1,1,1,3
200700041490,0007-07-07 16:45:00,7,7,7,16,45,90,139,,42.608,1.813,Plein jour,Hors agglomération,Hors intersection,Normale,Autre collision,,,,,,,,,,,1,1,1,1,6
200700041491,0007-07-29 11:45:00,7,7,29,11,45,90,32,,42.693,1.824,Plein jour,Hors agglomération,Hors intersection,Normale,Deux véhicules - frontale,,,,,,,,,,,1,1,1,1,1
200700041492,0007-07-06 18:45:00,7,7,6,18,45,760,417,,,,Plein jour,Hors agglomération,Hors intersection,Normale,Autre collision,,,,,,,,,,,1,1,1,1,6
200700041493,0007-07-03 17:00:00,7,7,3,17,0,560,5,Place de l'Eglise,47.555,-2.892,Plein jour,En agglomération,Place,Normale,Deux véhicules - arrière,,,,,,,,,,,1,2,7,1,2
200700041494,0007-07-30 20:10:00,7,7,30,20,10,420,38,ST ETIENNE / CL FERRAND,,,Plein jour,Hors agglomération,Hors intersection,Normale,Trois véhicules et plus - en chaîne,,,,,,,,,,,1,1,1,1,4
200700041495,0007-07-06 16:30:00,7,7,6,16,30,130,48,,,,Plein jour,Hors agglomération,Hors intersection,Normale,Autre collision,,,,,,,,,,,1,1,1,1,6
200700041496,0007-07-09 20:45:00,7,7,9,20,45,130,113,,,,Plein jour,Hors agglomération,Hors intersection,Normale,Deux véhicules - arrière,,,,,,,,,,,1,1,1,1,2
200700041497,0007-07-16 09:15:00,7,7,16,9,15,180,50,,,,Plein jour,Hors agglomération,Hors intersection,Normale,Autre collision,,,,,,,,,,,1,1,1,1,6
200700041498,0007-07-30 15:45:00,7,7,30,15,45,180,50,,,,Plein jour,Hors agglomération,Hors intersection,Normale,Deux véhicules - côté,,,,,,,,,,,1,1,1,1,3
200700041499,0007-07-13 17:30:00,7,7,13,17,30,10,14,A 404 PK 20.500,,,Plein jour,Hors agglomération,Hors intersection,Normale,Autre collision,,,,,,,,,,,1,1,1,1,6
200700041500,0007-07-23 15:30:00,7,7,23,15,30,10,357,,,,Plein jour,Hors agglomération,Hors intersection,Autre,Trois véhicules et plus - collisions multiples,,,,,,,,,,,1,1,1,9,5
200700041501,0007-07-13 13:30:00,7,7,13,13,30,140,400,,49.305,-0.613,Plein jour,Hors agglomération,Hors intersection,Normale,Deux véhicules - frontale,,,,,,,,,,,1,1,1,1,1
200700041502,0007-07-25 08:45:00,7,7,25,8,45,140,318,Interscetion CD514 112C,49.338,-0.471,Plein jour,En agglomération,Hors intersection,Normale,Deux véhicules - côté,,,,,,,,,,,1,2,1,1,3
200700041503,0007-07-06 23:30:00,7,7,6,23,30,130,44,,,,Nuit sans éclairage public,Hors agglomération,Hors intersection,Normale,Deux véhicules - frontale,,,,,,,,,,,3,1,1,1,1
200700041504,0007-07-18 18:15:00,7,7,18,18,15,130,44,,,,Plein jour,Hors agglomération,Hors intersection,Normale,Autre collision,,,,,,,,,,,1,1,1,1,6
200700041505,0007-07-21 09:30:00,7,7,21,9,30,130,69,,,,Plein jour,Hors agglomération,Hors intersection,Temps éblouissant,Deux véhicules - côté,,,,,,,,,,,1,1,1,7,3
200700041506,0007-07-26 19:00:00,7,7,26,19,0,130,8,,,,Plein jour,Hors agglomération,Hors intersection,Normale,Sans collision,,,,,,,,,,,1,1,1,1,7
200700041507,0007-07-14 08:00:00,7,7,14,8,0,30,255,PK 352+700 autoroute A71,46.08,3.12,Plein jour,Hors agglomération,Hors intersection,Normale,Autre collision,,,,,,,,,,,1,1,1,1,6
200700041508,0007-07-16 01:45:00,7,7,16,1,45,30,118,,46.1,3.14,Nuit sans éclairage public,Hors agglomération,Hors intersection,Normale,Deux véhicules - arrière,,,,,,,,,,,3,1,1,1,2
200700041509,0007-07-08 19:30:00,7,7,8,19,30,60,90,avenue de Grasse,43.603,6.933,Plein jour,En agglomération,Intersection en T,Normale,Deux véhicules - côté,,,,,,,,,,,1,2,3,1,3
200700041510,0007-07-02 16:00:00,7,7,2,16,0,670,247,5 rue de la div. Leclerc,48.564,7.587,Plein jour,En agglomération,Hors intersection,Pluie légère,Autre collision,,,,,,,,,,,1,2,1,2,6
200700041511,0007-07-01 11:00:00,7,7,1,11,0,60,105,CD 204route de valbonne,43.669,7.049,Plein jour,En agglomération,Hors intersection,Normale,Deux véhicules - côté,,,,,,,,,,,1,2,1,1,3
200700041512,0007-07-21 15:00:00,7,7,21,15,0,60,10,8 ave Amiral de GRASSE,43.706,6.992,Plein jour,En agglomération,Hors intersection,Normale,Trois véhicules et plus - en chaîne,,,,,,,,,,,1,2,1,1,4
200700041513,0007-07-26 01:00:00,7,7,26,1,0,650,127,,43.114,0.323,Nuit sans éclairage public,Hors agglomération,Hors intersection,Normale,Deux véhicules - arrière,,,,,,,,,,,3,1,1,1,2
200700041514,0007-07-20 06:00:00,7,7,20,6,0,380,530,,45.623,5.182,Crépuscule ou aube,Hors agglomération,Hors intersection,Normale,Sans collision,,,,,,,,,,,2,1,1,1,7
200700041515,0007-07-07 16:45:00,7,7,7,16,45,30,193,,46.516,2.595,Plein jour,Hors agglomération,Hors intersection,Normale,Autre collision,,,,,,,,,,,1,1,1,1,6
200700041516,0007-07-20 14:15:00,7,7,20,14,15,40,209,,,,Plein jour,Hors agglomération,Autre intersection,Normale,Autre collision,,,,,,,,,,,1,1,9,1,6
200700041517,0007-07-14 02:45:00,7,7,14,2,45,100,95,,,,Nuit sans éclairage public,Hors agglomération,Hors intersection,Normale,Sans collision,,,,,,,,,,,3,1,1,1,7
200700041518,0007-07-31 07:45:00,7,7,31,7,45,100,76,PK 175+502 vers PARIS,,,Plein jour,Hors agglomération,Hors intersection,Normale,Deux véhicules - arrière,,,,,,,,,,,1,1,1,1,2
200700041519,0007-07-10 21:00:00,7,7,10,21,0,130,113,,43.582,5.478,Crépuscule ou aube,Hors agglomération,Hors intersection,Temps éblouissant,Deux véhicules - frontale,,,,,,,,,,,2,1,1,7,1
200700041520,0007-07-16 11:45:00,7,7,16,11,45,130,80,,,,Plein jour,Hors agglomération,Hors intersection,Normale,Sans collision,,,,,,,,,,,1,1,1,1,7
200700041521,0007-07-20 17:15:00,7,7,20,17,15,130,113,,,,Plein jour,En agglomération,Hors intersection,Normale,Deux véhicules - côté,,,,,,,,,,,1,2,1,1,3
200700041522,0007-07-21 11:30:00,7,7,21,11,30,350,206,,,,Plein jour,Hors agglomération,Hors intersection,Autre,Sans collision,,,,,,,,,,,1,1,1,9,7
200700041523,0007-07-06 20:15:00,7,7,6,20,15,640,112,,,,Plein jour,Hors agglomération,Hors intersection,Normale,Autre collision,,,,,,,,,,,1,1,1,1,6
200700041524,0007-07-06 16:15:00,7,7,6,16,15,670,194,,,,Plein jour,Hors agglomération,Hors intersection,Normale,Autre collision,,,,,,,,,,,1,1,1,1,6
200700041525,0007-07-28 08:45:00,7,7,28,8,45,670,205,,48.681,7.772,Plein jour,Hors agglomération,Hors intersection,Normale,Deux véhicules - frontale,,,,,,,,,,,1,1,1,1,1
200700041526,0007-07-22 00:30:00,7,7,22,0,30,600,570,,,,Nuit sans éclairage public,Hors agglomération,Hors intersection,Normale,Deux véhicules - arrière,,,,,,,,,,,3,1,1,1,2
200700041527,0007-07-23 17:30:00,7,7,23,17,30,600,692,,,,Plein jour,Hors agglomération,Hors intersection,Pluie forte,Autre collision,,,,,,,,,,,1,1,1,3,6
200700041528,0007-07-16 06:45:00,7,7,16,6,45,890,136,,,,Plein jour,Hors agglomération,Hors intersection,Normale,Autre collision,,,,,,,,,,,1,1,1,1,6
200700041529,0007-07-14 12:30:00,7,7,14,12,30,130,50,,43.676,5.239,Plein jour,Hors agglomération,Hors intersection,Normale,Sans collision,,,,,,,,,,,1,1,1,1,7
200700041530,0007-07-15 18:00:00,7,7,15,18,0,130,91,,43.618,5.321,Plein jour,Hors agglomération,Intersection en X,Normale,Deux véhicules - côté,,,,,,,,,,,1,1,2,1,3
200700041531,0007-07-20 13:15:00,7,7,20,13,15,130,50,,43.653,5.22,Plein jour,Hors agglomération,Hors intersection,Normale,Deux véhicules - côté,,,,,,,,,,,1,1,1,1,3
200700041532,0007-07-31 20:00:00,7,7,31,20,0,310,124,,43.131,0.867,Plein jour,Hors agglomération,Hors intersection,Normale,Sans collision,,,,,,,,,,,1,1,1,1,7
200700041533,0007-07-05 11:00:00,7,7,5,11,0,740,164,,46.104,6.512,Plein jour,Hors agglomération,Hors intersection,Normale,Trois véhicules et plus - collisions multiples,,,,,,,,,,,1,1,1,1,5
200700041534,0007-07-14 06:00:00,7,7,14,6,0,740,312,rte de Genève,,,Crépuscule ou aube,En agglomération,Hors intersection,Normale,Sans collision,,,,,,,,,,,2,2,1,1,7
200700041535,0007-07-22 12:30:00,7,7,22,12,30,740,164,,,,Plein jour,Hors agglomération,Hors intersection,Normale,Autre collision,,,,,,,,,,,1,1,1,1,6
200700041536,0007-07-28 14:00:00,7,7,28,14,0,740,241,,46.202,6.818,Plein jour,Hors agglomération,Hors intersection,Normale,Deux véhicules - côté,,,,,,,,,,,1,1,1,1,3
200700041537,0007-07-10 12:30:00,7,7,10,12,30,800,724,,,,Plein jour,Hors agglomération,Autre intersection,Normale,Deux véhicules - côté,,,,,,,,,,,1,1,9,1,3
200700041538,0007-07-22 15:00:00,7,7,22,15,0,800,793,,50.017,2.195,Plein jour,Hors agglomération,Hors intersection,Normale,Sans collision,,,,,,,,,,,1,1,1,1,7
200700041539,0007-07-23 20:00:00,7,7,23,20,0,800,799,,49.875,2.505,Plein jour,Hors agglomération,Hors intersection,Pluie forte,Autre collision,,,,,,,,,,,1,1,1,3,6
200700041540,0007-07-10 18:15:00,7,7,10,18,15,800,385,,50.13,1.78,Plein jour,Hors agglomération,Hors intersection,Normale,Autre collision,,,,,,,,,,,1,1,1,1,6
200700041541,0007-07-07 07:45:00,7,7,7,7,45,730,252,,45.458,6.291,Plein jour,Hors agglomération,Hors intersection,Normale,Autre collision,,,,,,,,,,,1,1,1,1,6
200700041542,0007-07-29 23:30:00,7,7,29,23,30,620,894,,,,Nuit sans éclairage public,Hors agglomération,Hors intersection,Normale,Deux véhicules - arrière,,,,,,,,,,,3,1,1,1,2
200700041543,0007-07-07 11:15:00,7,7,7,11,15,390,159,,,,Plein jour,Hors agglomération,Hors intersection,Normale,Autre collision,,,,,,,,,,,1,1,1,1,6
200700041544,0007-07-14 12:45:00,7,7,14,12,45,460,118,,44.997,1.528,Plein jour,Hors agglomération,Hors intersection,Normale,Autre collision,,,,,,,,,,,1,1,1,1,6
200700041545,0007-07-01 08:45:00,7,7,1,8,45,220,32,,48.29,-2.21,Plein jour,Hors agglomération,Hors intersection,Pluie légère,Sans collision,,,,,,,,,,,1,1,1,2,7
200700041546,0007-07-06 15:45:00,7,7,6,15,45,190,250,,,,Plein jour,Hors agglomération,Hors intersection,Normale,Autre collision,,,,,,,,,,,1,1,1,1,6