accident_id,datetime,annee,mois,jour,heure,minute,departement,commune_insee,adresse,latitude,longitude,luminosite,agglomeration,intersection,meteo,collision,nb_vehicules,nb_usagers,nb_indemnes,nb_tues,nb_blesses_hosp,nb_blesses_legers,age_cond_1,age_cond_2,veh_type_cond_1,veh_type_cond_2,lum_code,agg_code,int_code,atm_code,col_code
200700041547,0007-07-23 10:15:00,7,7,23,10,15,190,162,,,,Plein jour,Hors agglomération,Hors intersection,Pluie forte,Deux véhicules - arrière,,,,,,,,,,,1,1,1,3,2
200700041548,0007-07-20 17:15:00,7,7,20,17,15,870,119,Les viaducs,,,Plein jour,Hors agglomération,Hors intersection,Normale,Sans collision,,,,,,,,,,,1,1,1,1,7
200700041549,0007-07-04 11:20:00,7,7,4,11,20,870,122,A20 PR155,,,Plein jour,Hors agglomération,Hors intersection,Pluie forte,Autre collision,,,,,,,,,,,1,1,1,3,6
200700041550,0007-07-27 15:30:00,7,7,27,15,30,380,524,,45.084,5.681,Plein jour,Hors agglomération,Hors intersection,Normale,Sans collision,,,,,,,,,,,1,1,1,1,7
200700041551,0007-07-30 12:00:00,7,7,30,12,0,360,57,,46.865,1.71,Plein jour,Hors agglomération,Hors intersection,Normale,Autre collision,,,,,,,,,,,1,1,1,1,6
200700041552,0007-07-08 21:45:00,7,7,8,21,45,480,17,,,,Nuit sans éclairage public,Hors agglomération,Hors intersection,Normale,Autre collision,,,,,,,,,,,3,1,1,1,6
200700041553,0007-07-10 13:45:00,7,7,10,13,45,480,34,,,,Plein jour,Hors agglomération,Hors intersection,Normale,Deux véhicules - arrière,,,,,,,,,,,1,1,1,1,2
200700041554,0007-07-12 07:00:00,7,7,12,7,0,480,183,,,,Plein jour,Hors agglomération,Hors intersection,Normale,Autre collision,,,,,,,,,,,1,1,1,1,6
200700041555,0007-07-31 13:45:00,7,7,31,13,45,480,156,,,,Plein jour,Hors agglomération,Hors intersection,Normale,Sans collision,,,,,,,,,,,1,1,1,1,7
200700041556,0007-07-04 11:00:00,7,7,4,11,0,150,55,,45.091,3.12,Plein jour,Hors agglomération,Hors intersection,Normale,Sans collision,,,,,,,,,,,1,1,1,1,7
200700041557,0007-07-18 11:30:00,7,7,18,11,30,680,113,,,,Plein jour,Hors agglomération,Hors intersection,Normale,Deux véhicules - côté,,,,,,,,,,,1,1,1,1,3
200700041558,0007-07-19 07:45:00,7,7,19,7,45,680,22,,,,Plein jour,Hors agglomération,Hors intersection,Normale,Sans collision,,,,,,,,,,,1,1,1,1,7
200700041559,0007-07-04 08:55:00,7,7,4,8,55,780,356,Carrefour de Buloyer,,,Plein jour,Hors agglomération,Hors intersection,Normale,Deux véhicules - côté,,,,,,,,,,,1,1,1,1,3
200700041560,0007-07-14 08:45:00,7,7,14,8,45,780,143,RD 938 PK 10+20,,,Plein jour,En agglomération,Hors intersection,Normale,Deux véhicules - frontale,,,,,,,,,,,1,2,1,1,1
200700041561,0007-07-28 07:15:00,7,7,28,7,15,720,115,toroute A28 - PK 050+200,,,Plein jour,Hors agglomération,Hors intersection,Normale,Deux véhicules - arrière,,,,,,,,,,,1,1,1,1,2
200700041562,0007-07-13 23:15:00,7,7,13,23,15,720,255,,48.172,-0.148,Nuit sans éclairage public,Hors agglomération,Hors intersection,Normale,Deux véhicules - frontale,,,,,,,,,,,3,1,1,1,1
200700041563,0007-07-23 07:30:00,7,7,23,7,30,580,67,,,,Plein jour,Hors agglomération,Hors intersection,Normale,Autre collision,,,,,,,,,,,1,1,1,1,6
200700041564,0007-07-03 14:45:00,7,7,3,14,45,190,73,,,,Plein jour,Hors agglomération,Intersection en X,Pluie légère,Deux véhicules - côté,,,,,,,,,,,1,1,2,2,3
200700041565,0007-07-15 05:15:00,7,7,15,5,15,670,324,,,,Plein jour,Hors agglomération,Hors intersection,Normale,Sans collision,,,,,,,,,,,1,1,1,1,7
200700041566,0007-07-09 17:30:00,7,7,9,17,30,140,475,,49.134,-0.567,Plein jour,Hors agglomération,Hors intersection,Normale,Deux véhicules - arrière,,,,,,,,,,,1,1,1,1,2
200700041567,0007-07-02 22:45:00,7,7,2,22,45,300,117,,43.703,4.584,Nuit sans éclairage public,Hors agglomération,Hors intersection,Normale,Deux véhicules - frontale,,,,,,,,,,,3,1,1,1,1
200700041568,0007-07-02 18:15:00,7,7,2,18,15,300,47,,43.797,4.43,Plein jour,Hors agglomération,Hors intersection,Normale,Deux véhicules - côté,,,,,,,,,,,1,1,1,1,3
200700041569,0007-07-23 21:50:00,7,7,23,21,50,300,34,rue de beaucaire,,,Nuit avec éclairage allumé,En agglomération,Hors intersection,Pluie légère,Deux véhicules - côté,,,,,,,,,,,5,2,1,2,3
200700041570,0007-07-03 22:00:00,7,7,3,22,0,130,36,route de graveson,43.846,4.833,Crépuscule ou aube,En agglomération,Hors intersection,Normale,Deux véhicules - côté,,,,,,,,,,,2,2,1,1,3
200700041571,0007-07-04 01:00:00,7,7,4,1,0,130,45,,43.871,4.771,Nuit sans éclairage public,Hors agglomération,Hors intersection,Normale,Deux véhicules - frontale,,,,,,,,,,,3,1,1,1,1
200700041572,0007-07-09 12:45:00,7,7,9,12,45,130,83,,43.887,4.79,Plein jour,Hors agglomération,Hors intersection,Normale,Deux véhicules - frontale,,,,,,,,,,,1,1,1,1,1
200700041573,0007-07-11 14:00:00,7,7,11,14,0,760,255,rue des belges,,,Plein jour,En agglomération,Autre intersection,Normale,Deux véhicules - côté,,,,,,,,,,,1,2,9,1,3
200700041574,0007-07-14 03:15:00,7,7,14,3,15,760,442,,,,Nuit sans éclairage public,Hors agglomération,Hors intersection,Normale,Deux véhicules - côté,,,,,,,,,,,3,1,1,1,3
200700041575,0007-07-20 07:45:00,7,7,20,7,45,760,711,,,,Plein jour,Hors agglomération,Hors intersection,Brouillard / fumée,Sans collision,,,,,,,,,,,1,1,1,5,7
200700041576,0007-07-28 18:30:00,7,7,28,18,30,760,255,,,,Plein jour,Hors agglomération,Hors intersection,Normale,Trois véhicules et plus - en chaîne,,,,,,,,,,,1,1,1,1,4
200700041577,0007-07-30 17:15:00,7,7,30,17,15,760,496,,,,Plein jour,Hors agglomération,Hors intersection,Normale,Deux véhicules - frontale,,,,,,,,,,,1,1,1,1,1
200700041578,0007-07-16 05:30:00,7,7,16,5,30,710,204,,,,Crépuscule ou aube,Hors agglomération,Intersection en X,Normale,Deux véhicules - frontale,,,,,,,,,,,2,1,2,1,1
200700041579,0007-07-13 17:00:00,7,7,13,17,0,600,102,,,,Plein jour,Hors agglomération,Hors intersection,Normale,Sans collision,,,,,,,,,,,1,1,1,1,7
200700041580,0007-07-25 15:00:00,7,7,25,15,0,600,50,,,,Plein jour,En agglomération,Hors intersection,Normale,Autre collision,,,,,,,,,,,1,2,1,1,6
200700041581,0007-07-18 13:15:00,7,7,18,13,15,240,19,,,,Plein jour,Hors agglomération,Hors intersection,Normale,Autre collision,,,,,,,,,,,1,1,1,1,6
200700041582,0007-07-10 16:45:00,7,7,10,16,45,950,535,,,,Plein jour,Hors agglomération,Hors intersection,Pluie légère,Sans collision,,,,,,,,,,,1,1,1,2,7
200700041583,0007-07-28 16:15:00,7,7,28,16,15,140,543,,49.201,-0.462,Plein jour,Hors agglomération,Hors intersection,Normale,Deux véhicules - côté,,,,,,,,,,,1,1,1,1,3
200700041584,0007-07-16 08:30:00,7,7,16,8,30,440,9,,,,Plein jour,Hors agglomération,Hors intersection,Normale,Deux véhicules - côté,,,,,,,,,,,1,1,1,1,3
200700041585,0007-07-27 23:45:00,7,7,27,23,45,440,9,,,,Nuit avec éclairage allumé,Hors agglomération,Hors intersection,Pluie légère,Deux véhicules - côté,,,,,,,,,,,5,1,1,2,3
200700041586,0007-07-02 19:00:00,7,7,2,19,0,240,543,,,,Plein jour,Hors agglomération,Hors intersection,Normale,Deux véhicules - arrière,,,,,,,,,,,1,1,1,1,2
200700041587,0007-07-20 17:00:00,7,7,20,17,0,240,312,,,,Plein jour,Hors agglomération,Hors intersection,Normale,Sans collision,,,,,,,,,,,1,1,1,1,7
200700041588,0007-07-11 16:50:00,7,7,11,16,50,340,169,"65, rond point agropolis",,,Plein jour,Hors agglomération,Giratoire,Normale,Deux véhicules - côté,,,,,,,,,,,1,1,6,1,3
200700041589,0007-07-02 10:30:00,7,7,2,10,30,350,152,,48.213,-1.522,Plein jour,Hors agglomération,Giratoire,Normale,Sans collision,,,,,,,,,,,1,1,6,1,7
200700041590,0007-07-16 11:00:00,7,7,16,11,0,500,25,,,,Plein jour,Hors agglomération,Hors intersection,Normale,Autre collision,,,,,,,,,,,1,1,1,1,6
200700041591,0007-07-31 14:15:00,7,7,31,14,15,500,406,,,,Plein jour,Hors agglomération,Hors intersection,Normale,Sans collision,,,,,,,,,,,1,1,1,1,7
200700041592,0007-07-27 11:45:00,7,7,27,11,45,660,186,avenue d'Elne,42.67,2.995,Plein jour,En agglomération,Hors intersection,Normale,Deux véhicules - côté,,,,,,,,,,,1,2,1,1,3
200700041593,0007-07-28 17:45:00,7,7,28,17,45,660,189,Ave. de Perpignan,42.658,2.952,Plein jour,En agglomération,Giratoire,Normale,Deux véhicules - côté,,,,,,,,,,,1,2,6,1,3
200700041594,0007-07-20 21:45:00,7,7,20,21,45,270,74,,,,Crépuscule ou aube,Hors agglomération,Hors intersection,Normale,Autre collision,,,,,,,,,,,2,1,1,1,6
200700041595,0007-07-27 07:45:00,7,7,27,7,45,370,229,,,,Plein jour,Hors agglomération,Hors intersection,Normale,Autre collision,,,,,,,,,,,1,1,1,1,6
200700041596,0007-07-28 17:45:00,7,7,28,17,45,300,76,,,,Plein jour,Hors agglomération,Hors intersection,Normale,Sans collision,,,,,,,,,,,1,1,1,1,7
200700041597,0007-07-18 00:01:00,7,7,18,0,1,830,130,Av du Maréchal Leclec,,,Nuit sans éclairage public,En agglomération,Hors intersection,Normale,Deux véhicules - frontale,,,,,,,,,,,3,2,1,1,1
200700041598,0007-07-02 14:15:00,7,7,2,14,15,500,534,,,,Plein jour,Hors agglomération,Hors intersection,Normale,Deux véhicules - arrière,,,,,,,,,,,1,1,1,1,2
200700041599,0007-07-05 09:30:00,7,7,5,9,30,500,498,,49.535,-1.521,Plein jour,Hors agglomération,Hors intersection,Normale,Sans collision,,,,,,,,,,,1,1,1,1,7
200700041600,0007-07-08 17:00:00,7,7,8,17,0,500,498,,49.536,-1.527,Plein jour,Hors agglomération,Hors intersection,Normale,Autre collision,,,,,,,,,,,1,1,1,1,6
200700041601,0007-07-03 15:40:00,7,7,3,15,40,10,344,"SANS N, TREVOUX (AVENUE",,,Plein jour,En agglomération,Intersection en T,Normale,Deux véhicules - côté,,,,,,,,,,,1,2,3,1,3
200700041602,0007-07-04 07:30:00,7,7,4,7,30,10,451,"sans, RD 975",,,Plein jour,Hors agglomération,Giratoire,Normale,Deux véhicules - côté,,,,,,,,,,,1,1,6,1,3
200700041603,0007-07-04 12:15:00,7,7,4,12,15,10,53,"snr, DE GAULLE ( BD GAL)",,,Plein jour,En agglomération,Intersection en X,Pluie légère,Deux véhicules - côté,,,,,,,,,,,1,2,2,2,3
200700041604,0007-07-05 16:20:00,7,7,5,16,20,10,451,"snr, BRESSE (AVENUE DE )",,,Plein jour,En agglomération,Hors intersection,Normale,Trois véhicules et plus - en chaîne,,,,,,,,,,,1,2,1,1,4
200700041605,0007-07-07 22:50:00,7,7,7,22,50,10,53,"SNR, MERCIER (AVENUE AME",,,Nuit avec éclairage allumé,En agglomération,Intersection en X,Normale,Deux véhicules - côté,,,,,,,,,,,5,2,2,1,3
200700041606,0007-07-08 11:10:00,7,7,8,11,10,10,451,TANVOL (CHEMIN DE),,,Plein jour,Hors agglomération,Giratoire,Pluie légère,Autre collision,,,,,,,,,,,1,1,6,2,6
200700041607,0007-07-08 11:40:00,7,7,8,11,40,10,344,TREVOUX (AVENUE DE),,,Plein jour,En agglomération,Hors intersection,Temps couvert,Autre collision,,,,,,,,,,,1,2,1,8,6
200700041608,0007-07-09 15:35:00,7,7,9,15,35,10,451,"SNR, PARIS (ROUTE DE)",,,Plein jour,Hors agglomération,Giratoire,Pluie légère,Sans collision,,,,,,,,,,,1,1,6,2,7
200700041609,0007-07-10 16:45:00,7,7,10,16,45,10,53,MAGINOT ( AVENUE ) DE 1A,,,Plein jour,En agglomération,Hors intersection,Pluie légère,Deux véhicules - côté,,,,,,,,,,,1,2,1,2,3
200700041610,0007-07-14 12:45:00,7,7,14,12,45,10,53,"snr, PONT DES CHEVRES (",,,Plein jour,En agglomération,Hors intersection,Normale,Autre collision,,,,,,,,,,,1,2,1,1,6
200700041611,0007-07-21 01:25:00,7,7,21,1,25,10,53,"4, LECLERC (BVD  MARECHA",,,Nuit avec éclairage allumé,En agglomération,Hors intersection,Normale,Sans collision,,,,,,,,,,,5,2,1,1,7
200700041612,0007-07-25 10:13:00,7,7,25,10,13,10,53,"snr, LEVRIER (BD ANDRE)",,,Plein jour,En agglomération,Intersection en X,Normale,Autre collision,,,,,,,,,,,1,2,2,1,6
200700041613,0007-07-06 16:50:00,7,7,6,16,50,10,283,"32, TACON",,,Plein jour,En agglomération,Autre intersection,Normale,Deux véhicules - côté,,,,,,,,,,,1,2,9,1,3
200700041614,0007-07-20 16:15:00,7,7,20,16,15,10,283,"9, SONTHONNAX",,,Plein jour,En agglomération,Hors intersection,Normale,Deux véhicules - côté,,,,,,,,,,,1,2,1,1,3
200700041615,0007-07-17 17:15:00,7,7,17,17,15,20,168,SOISSONS (ROUTE DE) RD1,,,Plein jour,En agglomération,Hors intersection,Normale,Autre collision,,,,,,,,,,,1,2,1,1,6
200700041616,0007-07-31 06:50:00,7,7,31,6,50,20,168,SOISSONS (ROUTE DE) RD1,,,Plein jour,Hors agglomération,Giratoire,Normale,Deux véhicules - arrière,,,,,,,,,,,1,1,6,1,2
200700041617,0007-07-16 18:35:00,7,7,16,18,35,20,28,"06, JEAN MOULIN",,,Plein jour,En agglomération,Intersection en T,Pluie légère,Deux véhicules - côté,,,,,,,,,,,1,2,3,2,3
200700041618,0007-07-02 15:20:00,7,7,2,15,20,20,340,":, CHAUNY (ROUTE DE)",,,Plein jour,En agglomération,Hors intersection,Normale,Sans collision,,,,,,,,,,,1,2,1,1,7
200700041619,0007-07-26 10:15:00,7,7,26,10,15,20,691,POMPIDOU DE 1 A 111 (RUE,,,Plein jour,En agglomération,Hors intersection,Normale,Autre collision,,,,,,,,,,,1,2,1,1,6
200700041620,0007-07-01 03:40:00,7,7,1,3,40,20,722,GEORGES MUZART ( RUE ),,,Nuit avec éclairage allumé,Hors agglomération,Intersection en X,Normale,Deux véhicules - côté,,,,,,,,,,,5,1,2,1,3
200700041621,0007-07-08 19:00:00,7,7,8,19,0,20,722,"41, VOLTAIRE ( AVENUE )",,,Plein jour,En agglomération,Hors intersection,Normale,Deux véhicules - arrière,,,,,,,,,,,1,2,1,1,2
200700041622,0007-07-14 14:10:00,7,7,14,14,10,20,258,"1, FAUBOURG ST FIMRIM",,,Plein jour,En agglomération,Hors intersection,Normale,Deux véhicules - côté,,,,,,,,,,,1,2,1,1,3
200700041623,0007-07-02 14:30:00,7,7,2,14,30,30,185,GUESDE ( AVENUE JULES ),,,Plein jour,En agglomération,Intersection en X,Normale,Deux véhicules - côté,,,,,,,,,,,1,2,2,1,3
200700041624,0007-07-05 19:31:00,7,7,5,19,31,30,262,R N 144,,,Plein jour,En agglomération,Intersection en X,Normale,Deux véhicules - côté,,,,,,,,,,,1,2,2,1,3
200700041625,0007-07-13 18:20:00,7,7,13,18,20,30,185,"12, REPUBLIQUE ( AV. DE",,,Plein jour,En agglomération,Hors intersection,Normale,Autre collision,,,,,,,,,,,1,2,1,1,6
200700041626,0007-07-20 10:00:00,7,7,20,10,0,30,185,"28, SEGOND ( RUE DU CAPI",,,Plein jour,En agglomération,Hors intersection,Temps couvert,Autre collision,,,,,,,,,,,1,2,1,8,6
200700041627,0007-07-25 17:40:00,7,7,25,17,40,30,185,"sans, DEPORTATION ( ALLE",,,Plein jour,En agglomération,Hors intersection,Normale,Autre collision,,,,,,,,,,,1,2,1,1,6
200700041628,0007-07-28 18:55:00,7,7,28,18,55,30,185,"9, DAUDET ( RUE ALPHONSE",,,Plein jour,En agglomération,Hors intersection,Normale,Deux véhicules - côté,,,,,,,,,,,1,2,1,1,3
200700041629,0007-07-02 17:30:00,7,7,2,17,30,30,95,"0, CHAMP VINCELET (RUE D",,,Plein jour,En agglomération,Intersection en Y,Temps couvert,Deux véhicules - côté,,,,,,,,,,,1,2,4,8,3
200700041630,0007-07-03 15:40:00,7,7,3,15,40,30,310,PONT DE BELLERIVE (Côté,,,Plein jour,En agglomération,Hors intersection,Pluie forte,Trois véhicules et plus - en chaîne,,,,,,,,,,,1,2,1,3,4
200700041631,0007-07-08 00:35:00,7,7,8,0,35,30,1,"174, GRAVIERS (AVENUE DE",,,Nuit avec éclairage allumé,En agglomération,Hors intersection,Normale,Deux véhicules - frontale,,,,,,,,,,,5,2,1,1,1
200700041632,0007-07-13 17:20:00,7,7,13,17,20,30,23,HAUTERIVE (AVENUE D'),,,Plein jour,Hors agglomération,Hors intersection,Normale,Deux véhicules - côté,,,,,,,,,,,1,1,1,1,3
200700041633,0007-07-13 17:30:00,7,7,13,17,30,30,23,CHARMEIL (ROUTE DE),,,Plein jour,Hors agglomération,Hors intersection,Normale,Deux véhicules - arrière,,,,,,,,,,,1,1,1,1,2
200700041634,0007-07-13 23:30:00,7,7,13,23,30,30,310,PARIS (RUE DE),,,Nuit avec éclairage allumé,En agglomération,Intersection en T,Normale,Deux véhicules - côté,,,,,,,,,,,5,2,3,1,3
200700041635,0007-07-20 18:40:00,7,7,20,18,40,30,23,AUBERGER (AVENUE FERNAND,,,Plein jour,En agglomération,Giratoire,Normale,Deux véhicules - côté,,,,,,,,,,,1,2,6,1,3
200700041636,0007-07-24 08:35:00,7,7,24,8,35,30,23,BOUSSANGES (ROND POINT D,,,Plein jour,En agglomération,Giratoire,Normale,Autre collision,,,,,,,,,,,1,2,6,1,6
200700041637,0007-07-31 12:00:00,7,7,31,12,0,30,95,"22, VICHY (AVENUE DE)",,,Plein jour,En agglomération,Hors intersection,Normale,Deux véhicules - frontale,,,,,,,,,,,1,2,1,1,1
200700041638,0007-07-24 17:28:00,7,7,24,17,28,40,70,"1, BRET (BD MARTIN)",,,Plein jour,En agglomération,Hors intersection,Normale,Autre collision,,,,,,,,,,,1,2,1,1,6
200700041639,0007-07-27 19:20:00,7,7,27,19,20,40,112,"132, COUGOURDELLES (BD.",,,Plein jour,En agglomération,Hors intersection,Normale,Deux véhicules - côté,,,,,,,,,,,1,2,1,1,3
200700041640,0007-07-10 17:07:00,7,7,10,17,7,50,23,DE LATTRE DE TASSIGNY (R,,,Plein jour,En agglomération,Intersection en T,Normale,Deux véhicules - côté,,,,,,,,,,,1,2,3,1,3
200700041641,0007-07-19 18:45:00,7,7,19,18,45,50,23,ITALIE (ROUTE D'),,,Plein jour,En agglomération,Hors intersection,Normale,Deux véhicules - arrière,,,,,,,,,,,1,2,1,1,2
200700041642,0007-07-20 19:10:00,7,7,20,19,10,50,23,"NEANT, POET OLLAGNIER (R",,,Plein jour,Hors agglomération,Hors intersection,Normale,Deux véhicules - frontale,,,,,,,,,,,1,1,1,1,1
200700041643,0007-07-30 19:45:00,7,7,30,19,45,50,23,"2, FINE (RUE ORONCE)",,,Plein jour,En agglomération,Hors intersection,Normale,Autre collision,,,,,,,,,,,1,2,1,1,6
200700041644,0007-07-05 21:00:00,7,7,5,21,0,50,61,EMILE DIDIER ( AV ),,,Crépuscule ou aube,En agglomération,Intersection en T,Normale,Deux véhicules - côté,,,,,,,,,,,2,2,3,1,3
200700041645,0007-07-18 17:15:00,7,7,18,17,15,50,61,MARECHAL FOCH ( AVENUE D,,,Plein jour,En agglomération,Intersection en T,Normale,Deux véhicules - côté,,,,,,,,,,,1,2,3,1,3
200700041646,0007-07-22 18:50:00,7,7,22,18,50,50,61,CHAMPS FORAIN ( CHEMIN D,,,Plein jour,Hors agglomération,Hors intersection,Normale,Deux véhicules - frontale,,,,,,,,,,,1,1,1,1,1
200700041647,0007-07-28 17:50:00,7,7,28,17,50,50,61,LADOUCETTE ( COURS ),,,Plein jour,En agglomération,Hors intersection,Normale,Autre collision,,,,,,,,,,,1,2,1,1,6
200700041648,0007-07-01 12:05:00,7,7,1,12,5,60,4,VALLAURIS CH.DE,,,Plein jour,En agglomération,Intersection en T,Normale,Deux véhicules - côté,,,,,,,,,,,1,2,3,1,3
200700041649,0007-07-03 22:15:00,7,7,3,22,15,60,4,PYLONE AV.DU,,,Nuit avec éclairage allumé,En agglomération,Hors intersection,Normale,Deux véhicules - frontale,,,,,,,,,,,5,2,1,1,1
200700041650,0007-07-04 14:25:00,7,7,4,14,25,60,4,RD6007,,,Plein jour,En agglomération,Intersection en T,Normale,Deux véhicules - côté,,,,,,,,,,,1,2,3,1,3
200700041651,0007-07-04 15:35:00,7,7,4,15,35,60,4,LITTORAL(BDM APRES BIJOU,,,Plein jour,En agglomération,Hors intersection,Normale,Deux véhicules - arrière,,,,,,,,,,,1,2,1,1,2
200700041652,0007-07-10 17:45:00,7,7,10,17,45,60,4,VAUTRIN BD DU GENERAL,,,Plein jour,En agglomération,Hors intersection,Normale,Trois véhicules et plus - collisions multiples,,,,,,,,,,,1,2,1,1,5
200700041653,0007-07-11 18:00:00,7,7,11,18,0,60,4,"959, CONSTANCE CH.DE LA",,,Plein jour,En agglomération,Hors intersection,Normale,Deux véhicules - frontale,,,,,,,,,,,1,2,1,1,1
200700041654,0007-07-14 15:55:00,7,7,14,15,55,60,4,WILSON BD,,,Plein jour,En agglomération,Intersection en X,Normale,Deux véhicules - côté,,,,,,,,,,,1,2,2,1,3
200700041655,0007-07-19 12:20:00,7,7,19,12,20,60,4,", NATIONALE RN 98",,,Plein jour,En agglomération,Hors intersection,Normale,Deux véhicules - côté,,,,,,,,,,,1,2,1,1,3
200700041656,0007-07-21 13:55:00,7,7,21,13,55,60,4,LITTORAL(BDM APRES BIJOU,,,Plein jour,Hors agglomération,Hors intersection,Normale,Deux véhicules - côté,,,,,,,,,,,1,1,1,1,3
200700041657,0007-07-22 20:25:00,7,7,22,20,25,60,4,COURBET AV.AMIRAL,,,Plein jour,En agglomération,Hors intersection,Normale,Deux véhicules - côté,,,,,,,,,,,1,2,1,1,3
200700041658,0007-07-25 04:45:00,7,7,25,4,45,60,4,NICE(RN.7) AV.ET RTE DE,,,Nuit avec éclairage allumé,En agglomération,Intersection en T,Normale,Deux véhicules - côté,,,,,,,,,,,5,2,3,1,3
200700041659,0007-07-28 19:00:00,7,7,28,19,0,60,155,RD6098,,,Plein jour,Hors agglomération,Hors intersection,Normale,Trois véhicules et plus - collisions multiples,,,,,,,,,,,1,1,1,1,5
200700041660,0007-07-01 14:30:00,7,7,1,14,30,60,27,PLAGE BOULEVARD DE LA,,,Plein jour,En agglomération,Hors intersection,Normale,Deux véhicules - arrière,,,,,,,,,,,1,2,1,1,2
200700041661,0007-07-02 16:00:00,7,7,2,16,0,60,123,GROS CHENE RUE DU,,,Plein jour,En agglomération,Intersection en T,Normale,Deux véhicules - côté,,,,,,,,,,,1,2,3,1,3
200700041662,0007-07-05 10:10:00,7,7,5,10,10,60,27,"95, BESSET AVENUE CYRILL",,,Plein jour,En agglomération,Hors intersection,Normale,Autre collision,,,,,,,,,,,1,2,1,1,6
200700041663,0007-07-07 17:45:00,7,7,7,17,45,60,27,"113, PLAGE BOULEVARD DE",,,Plein jour,En agglomération,Hors intersection,Normale,Autre collision,,,,,,,,,,,1,2,1,1,6
200700041664,0007-07-08 00:05:00,7,7,8,0,5,60,27,VAL FLEURI CHEMIN DU,,,Nuit avec éclairage allumé,En agglomération,Hors intersection,Normale,Deux véhicules - côté,,,,,,,,,,,5,2,1,1,3
200700041665,0007-07-09 22:00:00,7,7,9,22,0,60,123,CURIE PIERRE ET MARIE AV,,,Nuit avec éclairage allumé,En agglomération,Hors intersection,Normale,Deux véhicules - côté,,,,,,,,,,,5,2,1,1,3
200700041666,0007-07-10 07:00:00,7,7,10,7,0,60,27,ALPES AVENUE DES,,,Plein jour,En agglomération,Hors intersection,Normale,Autre collision,,,,,,,,,,,1,2,1,1,6
200700041667,0007-07-10 23:20:00,7,7,10,23,20,60,27,NICE AVENUE DE (RN7),,,Nuit avec éclairage allumé,En agglomération,Intersection en X,Normale,Deux véhicules - côté,,,,,,,,,,,5,2,2,1,3
200700041668,0007-07-12 22:20:00,7,7,12,22,20,60,27,"9, KENNEDY BOULEVARD J.F",,,Nuit avec éclairage allumé,En agglomération,Hors intersection,Normale,Deux véhicules - arrière,,,,,,,,,,,5,2,1,1,2
200700041669,0007-07-12 15:00:00,7,7,12,15,0,60,123,"652, VESPINS ROUTE DES",,,Plein jour,En agglomération,Hors intersection,Normale,Deux véhicules - côté,,,,,,,,,,,1,2,1,1,3
200700041670,0007-07-17 19:50:00,7,7,17,19,50,60,123,ST JEANNET ROUTE DE,,,Plein jour,En agglomération,Autre intersection,Normale,Deux véhicules - frontale,,,,,,,,,,,1,2,9,1,1
200700041671,0007-07-17 11:40:00,7,7,17,11,40,60,123,BORD DE MER RN 98,,,Plein jour,En agglomération,Hors intersection,Normale,Deux véhicules - arrière,,,,,,,,,,,1,2,1,1,2
200700041672,0007-07-20 11:15:00,7,7,20,11,15,60,123,COUSTEAU JEAN YVES PROME,,,Plein jour,En agglomération,Hors intersection,Normale,Autre collision,,,,,,,,,,,1,2,1,1,6
200700041673,0007-07-25 13:45:00,7,7,25,13,45,60,27,"59, TUILIERES AVENUE DES",,,Plein jour,En agglomération,Hors intersection,Normale,Autre collision,,,,,,,,,,,1,2,1,1,6
200700041674,0007-07-25 11:05:00,7,7,25,11,5,60,27,"17, KENNEDY BOULEVARD J.",,,Plein jour,En agglomération,Hors intersection,Normale,Autre collision,,,,,,,,,,,1,2,1,1,6
200700041675,0007-07-27 14:15:00,7,7,27,14,15,60,123,"1267, CURIE PIERRE ET MA",,,Plein jour,En agglomération,Hors intersection,Normale,Deux véhicules - arrière,,,,,,,,,,,1,2,1,1,2
200700041676,0007-07-31 11:05:00,7,7,31,11,5,60,27,", GARE AVENUE DE LA",,,Plein jour,En agglomération,Hors intersection,Normale,Deux véhicules - côté,,,,,,,,,,,1,2,1,1,3
200700041677,0007-07-31 17:00:00,7,7,31,17,0,60,27,NICE AVENUE DE (RN7),,,Plein jour,En agglomération,Intersection en X,Normale,Deux véhicules - côté,,,,,,,,,,,1,2,2,1,3
200700041678,0007-07-01 06:00:00,7,7,1,6,0,60,29,"21, FAURE (RUE FELIX)",,,Crépuscule ou aube,En agglomération,Hors intersection,Normale,Autre collision,,,,,,,,,,,2,2,1,1,6
200700041679,0007-07-02 08:59:00,7,7,2,8,59,60,29,"33, JUIN (AVENUE MARECHA",,,Plein jour,En agglomération,Hors intersection,Normale,Deux véhicules - côté,,,,,,,,,,,1,2,1,1,3
200700041680,0007-07-02 12:30:00,7,7,2,12,30,60,29,"109, CARNOT (BOULEVARD)",,,Plein jour,En agglomération,Hors intersection,Normale,Deux véhicules - côté,,,,,,,,,,,1,2,1,1,3
200700041681,0007-07-03 10:58:00,7,7,3,10,58,60,29,"8, CALIFORNIE (AVENUE DE",,,Plein jour,En agglomération,Hors intersection,Normale,Deux véhicules - frontale,,,,,,,,,,,1,2,1,1,1
200700041682,0007-07-03 13:00:00,7,7,3,13,0,60,30,ROOSEVELT (AVENUE FRANKL,,,Plein jour,En agglomération,Hors intersection,Normale,Deux véhicules - frontale,,,,,,,,,,,1,2,1,1,1
200700041683,0007-07-03 16:50:00,7,7,3,16,50,60,29,"13, ORAN (RUE D')",,,Plein jour,En agglomération,Hors intersection,Normale,Sans collision,,,,,,,,,,,1,2,1,1,7
200700041684,0007-07-04 21:30:00,7,7,4,21,30,60,29,"1, HIBERT (BOULEVARD JEA",,,Nuit avec éclairage allumé,En agglomération,Hors intersection,Normale,Deux véhicules - arrière,,,,,,,,,,,5,2,1,1,2
200700041685,0007-07-05 15:54:00,7,7,5,15,54,60,30,MERIMEE (RUE PROSPER),,,Plein jour,En agglomération,Intersection en X,Normale,Autre collision,,,,,,,,,,,1,2,2,1,6