accident_id,datetime,annee,mois,jour,heure,minute,departement,commune_insee,adresse,latitude,longitude,luminosite,agglomeration,intersection,meteo,collision,nb_vehicules,nb_usagers,nb_indemnes,nb_tues,nb_blesses_hosp,nb_blesses_legers,age_cond_1,age_cond_2,veh_type_cond_1,veh_type_cond_2,lum_code,agg_code,int_code,atm_code,col_code
200700041686,0007-07-06 10:30:00,7,7,6,10,30,60,29,"7, ROI ALBERT (RUE DU)",,,Plein jour,En agglomération,Hors intersection,Normale,Autre collision,,,,,,,,,,,1,2,1,1,6
200700041687,0007-07-06 20:15:00,7,7,6,20,15,60,29,CROISETTE (BOULEVARD DE,,,Plein jour,En agglomération,Hors intersection,Normale,Deux véhicules - arrière,,,,,,,,,,,1,2,1,1,2
200700041688,0007-07-07 12:15:00,7,7,7,12,15,60,30,"2, CALMETTE (RUE DU DR)(",,,Plein jour,En agglomération,Hors intersection,Normale,Sans collision,,,,,,,,,,,1,2,1,1,7
200700041689,0007-07-08 12:42:00,7,7,8,12,42,60,30,CAMPELIERES (CHEMIN DES),,,Plein jour,En agglomération,Intersection en X,Normale,Deux véhicules - côté,,,,,,,,,,,1,2,2,1,3
200700041690,0007-07-10 13:15:00,7,7,10,13,15,60,29,"52, CARNOT (BOULEVARD)",,,Plein jour,En agglomération,Hors intersection,Normale,Sans collision,,,,,,,,,,,1,2,1,1,7
200700041691,0007-07-11 09:40:00,7,7,11,9,40,60,29,"244, JOURDAN (AVENUE MIC",,,Plein jour,En agglomération,Hors intersection,Normale,Deux véhicules - arrière,,,,,,,,,,,1,2,1,1,2
200700041692,0007-07-11 14:00:00,7,7,11,14,0,60,30,CARNOT (BOULEVARD),,,Plein jour,En agglomération,Intersection en T,Normale,Deux véhicules - côté,,,,,,,,,,,1,2,3,1,3
200700041693,0007-07-11 17:35:00,7,7,11,17,35,60,29,LAVAL,,,Plein jour,Hors agglomération,Hors intersection,Normale,Deux véhicules - côté,,,,,,,,,,,1,1,1,1,3
200700041694,0007-07-12 16:05:00,7,7,12,16,5,60,29,"54, CARNOT (BOULEVARD)",,,Plein jour,En agglomération,Hors intersection,Normale,Deux véhicules - côté,,,,,,,,,,,1,2,1,1,3
200700041695,0007-07-13 02:50:00,7,7,13,2,50,60,29,"22, NOAILLES (AVENUE JEA",,,Nuit avec éclairage allumé,En agglomération,Hors intersection,Normale,Sans collision,,,,,,,,,,,5,2,1,1,7
200700041696,0007-07-13 00:32:00,7,7,13,0,32,60,29,JUIN (AVENUE MARECHAL),,,Nuit avec éclairage allumé,Hors agglomération,Hors intersection,Normale,Trois véhicules et plus - collisions multiples,,,,,,,,,,,5,1,1,1,5
200700041697,0007-07-12 18:35:00,7,7,12,18,35,60,29,RIVAGE (BOULEVARD DU),,,Plein jour,En agglomération,Hors intersection,Normale,Deux véhicules - côté,,,,,,,,,,,1,2,1,1,3
200700041698,0007-07-05 11:15:00,7,7,5,11,15,60,29,"2, LEGOFF (RUE)",,,Plein jour,En agglomération,Intersection en T,Normale,Deux véhicules - côté,,,,,,,,,,,1,2,3,1,3
200700041699,0007-07-13 12:20:00,7,7,13,12,20,60,29,"74, CARNOT (BOULEVARD)",,,Plein jour,En agglomération,Hors intersection,Normale,Deux véhicules - arrière,,,,,,,,,,,1,2,1,1,2
200700041700,0007-07-13 14:47:00,7,7,13,14,47,60,29,PICAUD (AVENUE DR) BOCCA,,,Plein jour,En agglomération,Hors intersection,Normale,Trois véhicules et plus - collisions multiples,,,,,,,,,,,1,2,1,1,5
200700041701,0007-07-13 15:36:00,7,7,13,15,36,60,29,CARNOT (BOULEVARD),,,Plein jour,En agglomération,Hors intersection,Normale,Deux véhicules - côté,,,,,,,,,,,1,2,1,1,3
200700041702,0007-07-12 17:40:00,7,7,12,17,40,60,29,"163, GRASSE (AVENUE DE)",,,Plein jour,En agglomération,Hors intersection,Normale,Sans collision,,,,,,,,,,,1,2,1,1,7
200700041703,0007-07-16 08:15:00,7,7,16,8,15,60,29,VALLAURIS (AVENUE DE),,,Crépuscule ou aube,En agglomération,Intersection en T,Normale,Deux véhicules - côté,,,,,,,,,,,2,2,3,1,3
200700041704,0007-07-17 15:50:00,7,7,17,15,50,60,30,GARIBONDY (LE CANNET),,,Plein jour,En agglomération,Hors intersection,Normale,Autre collision,,,,,,,,,,,1,2,1,1,6
200700041705,0007-07-17 09:30:00,7,7,17,9,30,60,29,PUGET (RUE PIERRE),,,Plein jour,En agglomération,Hors intersection,Normale,Sans collision,,,,,,,,,,,1,2,1,1,7
200700041706,0007-07-17 15:30:00,7,7,17,15,30,60,29,PANTIERO (PROMENADE DE L,,,Plein jour,En agglomération,Hors intersection,Normale,Deux véhicules - côté,,,,,,,,,,,1,2,1,1,3
200700041707,0007-07-17 16:10:00,7,7,17,16,10,60,29,CARNOT (BOULEVARD),,,Crépuscule ou aube,En agglomération,Hors intersection,Normale,Autre collision,,,,,,,,,,,2,2,1,1,6
200700041708,0007-07-17 20:40:00,7,7,17,20,40,60,29,PANTIERO (PROMENADE DE L,,,Nuit avec éclairage allumé,En agglomération,Hors intersection,Normale,Deux véhicules - côté,,,,,,,,,,,5,2,1,1,3
200700041709,0007-07-18 18:05:00,7,7,18,18,5,60,29,"66, BROUSSAILLES (AVENUE",,,Plein jour,En agglomération,Hors intersection,Normale,Deux véhicules - frontale,,,,,,,,,,,1,2,1,1,1
200700041710,0007-07-20 06:15:00,7,7,20,6,15,60,29,CROISETTE (BOULEVARD DE,,,Crépuscule ou aube,En agglomération,Hors intersection,Normale,Deux véhicules - côté,,,,,,,,,,,2,2,1,1,3
200700041711,0007-07-18 12:30:00,7,7,18,12,30,60,29,CROISETTE (BOULEVARD DE,,,Plein jour,En agglomération,Hors intersection,Normale,Deux véhicules - arrière,,,,,,,,,,,1,2,1,1,2
200700041712,0007-07-20 08:55:00,7,7,20,8,55,60,29,"29, FERRAGE (BOULEVARD D",,,Plein jour,En agglomération,Hors intersection,Normale,Deux véhicules - côté,,,,,,,,,,,1,2,1,1,3
200700041713,0007-07-21 17:50:00,7,7,21,17,50,60,29,"58, PICAUD (AVENUE DR) B",,,Plein jour,En agglomération,Hors intersection,Normale,Trois véhicules et plus - collisions multiples,,,,,,,,,,,1,2,1,1,5
200700041714,0007-07-22 07:44:00,7,7,22,7,44,60,29,"18, RIOUFFE (RUE JEAN DE",,,Plein jour,En agglomération,Hors intersection,Normale,Deux véhicules - côté,,,,,,,,,,,1,2,1,1,3
200700041715,0007-07-22 18:10:00,7,7,22,18,10,60,29,CROISETTE (BOULEVARD DE,,,Plein jour,En agglomération,Hors intersection,Normale,Sans collision,,,,,,,,,,,1,2,1,1,7
200700041716,0007-07-23 01:10:00,7,7,23,1,10,60,29,"6, MIDI (BOULEVARD DU)",,,Nuit avec éclairage allumé,En agglomération,Hors intersection,Normale,Autre collision,,,,,,,,,,,5,2,1,1,6
200700041717,0007-07-23 09:00:00,7,7,23,9,0,60,29,TONNER (AVENUE FRANCIS),,,Crépuscule ou aube,En agglomération,Hors intersection,Pluie légère,Deux véhicules - côté,,,,,,,,,,,2,2,1,2,3
200700041718,0007-07-23 10:50:00,7,7,23,10,50,60,29,PASTEUR (RUE),,,Plein jour,En agglomération,Hors intersection,Normale,Deux véhicules - frontale,,,,,,,,,,,1,2,1,1,1
200700041719,0007-07-23 17:40:00,7,7,23,17,40,60,29,MIDI (BOULEVARD DU),,,Crépuscule ou aube,En agglomération,Hors intersection,Normale,Autre collision,,,,,,,,,,,2,2,1,1,6
200700041720,0007-07-23 11:50:00,7,7,23,11,50,60,29,CROISETTE (BOULEVARD DE,,,Plein jour,En agglomération,Hors intersection,Normale,Deux véhicules - côté,,,,,,,,,,,1,2,1,1,3
200700041721,0007-07-24 11:15:00,7,7,24,11,15,60,29,TONNER (AVENUE FRANCIS),,,Plein jour,Hors agglomération,Hors intersection,Normale,Deux véhicules - côté,,,,,,,,,,,1,1,1,1,3
200700041722,0007-07-24 19:53:00,7,7,24,19,53,60,30,"2, OLIVET (CHEMIN DE L')",,,Plein jour,En agglomération,Hors intersection,Temps éblouissant,Sans collision,,,,,,,,,,,1,2,1,7,7
200700041723,0007-07-24 22:10:00,7,7,24,22,10,60,29,"84, GRASSE (AVENUE DE)",,,Plein jour,En agglomération,Hors intersection,Pluie légère,Autre collision,,,,,,,,,,,1,2,1,2,6
200700041724,0007-07-24 17:20:00,7,7,24,17,20,60,30,"79, VALBONNE (ROUTE  DE)",,,Plein jour,En agglomération,Hors intersection,Normale,Trois véhicules et plus - collisions multiples,,,,,,,,,,,1,2,1,1,5
200700041725,0007-07-25 09:50:00,7,7,25,9,50,60,29,BACHAGA SAID BOUALAM (AV,,,Plein jour,En agglomération,Hors intersection,Normale,Deux véhicules - arrière,,,,,,,,,,,1,2,1,1,2
200700041726,0007-07-26 17:05:00,7,7,26,17,5,60,29,"14, PICAUD (AVENUE DR) B",,,Plein jour,En agglomération,Hors intersection,Normale,Deux véhicules - arrière,,,,,,,,,,,1,2,1,1,2
200700041727,0007-07-26 21:00:00,7,7,26,21,0,60,30,"631, DE GAULE (RUE DU GE",,,Nuit avec éclairage allumé,En agglomération,Hors intersection,Normale,Autre collision,,,,,,,,,,,5,2,1,1,6
200700041728,0007-07-27 02:50:00,7,7,27,2,50,60,29,CROISETTE (BOULEVARD DE,,,Nuit avec éclairage allumé,En agglomération,Hors intersection,Normale,Deux véhicules - côté,,,,,,,,,,,5,2,1,1,3
200700041729,0007-07-26 21:35:00,7,7,26,21,35,60,29,DIX HUIT JUIN (PLACE DU),,,Plein jour,En agglomération,Hors intersection,Pluie légère,Deux véhicules - côté,,,,,,,,,,,1,2,1,2,3
200700041730,0007-07-27 14:30:00,7,7,27,14,30,60,29,"26, JOURDAN (AVENUE MICH",,,Plein jour,En agglomération,Hors intersection,Normale,Deux véhicules - arrière,,,,,,,,,,,1,2,1,1,2
200700041731,0007-07-27 13:50:00,7,7,27,13,50,60,29,"12, MIDI (BOULEVARD DU)",,,Plein jour,En agglomération,Hors intersection,Normale,Trois véhicules et plus - collisions multiples,,,,,,,,,,,1,2,1,1,5
200700041732,0007-07-28 04:30:00,7,7,28,4,30,60,29,ALEXANDRE III (BOULEVARD,,,Nuit avec éclairage allumé,En agglomération,Hors intersection,Normale,Autre collision,,,,,,,,,,,5,2,1,1,6
200700041733,0007-07-28 13:50:00,7,7,28,13,50,60,29,"111, CARNOT (BOULEVARD)",,,Plein jour,En agglomération,Hors intersection,Normale,Deux véhicules - côté,,,,,,,,,,,1,2,1,1,3
200700041734,0007-07-28 18:40:00,7,7,28,18,40,60,29,CARNOT (BOULEVARD),,,Plein jour,En agglomération,Hors intersection,Normale,Deux véhicules - côté,,,,,,,,,,,1,2,1,1,3
200700041735,0007-07-28 18:15:00,7,7,28,18,15,60,29,PERIER (BOULEVARD DU),,,Plein jour,En agglomération,Hors intersection,Normale,Sans collision,,,,,,,,,,,1,2,1,1,7
200700041736,0007-07-26 17:10:00,7,7,26,17,10,60,30,"92, OLIVET (CHEMIN DE L'",,,Plein jour,En agglomération,Hors intersection,Normale,Deux véhicules - frontale,,,,,,,,,,,1,2,1,1,1
200700041737,0007-07-30 12:10:00,7,7,30,12,10,60,29,"16, ANGLAIS (AVENUE DES)",,,Plein jour,En agglomération,Intersection en X,Normale,Deux véhicules - côté,,,,,,,,,,,1,2,2,1,3
200700041738,0007-07-01 19:35:00,7,7,1,19,35,60,69,"x, COPERNIC (AVENUE NICO",,,Plein jour,Hors agglomération,Hors intersection,Normale,Deux véhicules - frontale,,,,,,,,,,,1,1,1,1,1
200700041739,0007-07-02 10:30:00,7,7,2,10,30,60,69,"22, TASSIGNY (AVENUE DEL",,,Plein jour,En agglomération,Hors intersection,Normale,Trois véhicules et plus - en chaîne,,,,,,,,,,,1,2,1,1,4
200700041740,0007-07-02 17:30:00,7,7,2,17,30,60,69,"x, MISTRAL (AVENUE ET PL",,,Plein jour,En agglomération,Hors intersection,Normale,Deux véhicules - frontale,,,,,,,,,,,1,2,1,1,1
200700041741,0007-07-02 18:35:00,7,7,2,18,35,60,69,"52, TASSIGNY (AVENUE DEL",,,Plein jour,En agglomération,Hors intersection,Normale,Trois véhicules et plus - collisions multiples,,,,,,,,,,,1,2,1,1,5
200700041742,0007-07-05 18:30:00,7,7,5,18,30,60,69,"99, SIDI BRAHIM (AVENUE)",,,Plein jour,En agglomération,Hors intersection,Normale,Trois véhicules et plus - en chaîne,,,,,,,,,,,1,2,1,1,4
200700041743,0007-07-06 08:45:00,7,7,6,8,45,60,69,"x, TASSIGNY (AVENUE DELA",,,Plein jour,En agglomération,Intersection en X,Normale,Deux véhicules - côté,,,,,,,,,,,1,2,2,1,3
200700041744,0007-07-07 12:10:00,7,7,7,12,10,60,69,"96, POMPIDOU (AVENUE GEO",,,Plein jour,En agglomération,Hors intersection,Normale,Autre collision,,,,,,,,,,,1,2,1,1,6
200700041745,0007-07-07 13:45:00,7,7,7,13,45,60,69,"62, MAUPASSANT (AVENUE G",,,Plein jour,En agglomération,Hors intersection,Normale,Sans collision,,,,,,,,,,,1,2,1,1,7
200700041746,0007-07-08 18:35:00,7,7,8,18,35,60,69,"x, SANTON (CHEMIN DU)",,,Plein jour,En agglomération,Hors intersection,Normale,Sans collision,,,,,,,,,,,1,2,1,1,7
200700041747,0007-07-09 16:10:00,7,7,9,16,10,60,69,"62, PAOUTE (ROUTE ET TRA",,,Plein jour,En agglomération,Hors intersection,Normale,Deux véhicules - côté,,,,,,,,,,,1,2,1,1,3
200700041748,0007-07-10 23:25:00,7,7,10,23,25,60,69,"44, CROISSET (AVENUE FR.",,,Nuit avec éclairage allumé,En agglomération,Hors intersection,Normale,Sans collision,,,,,,,,,,,5,2,1,1,7
200700041749,0007-07-11 18:00:00,7,7,11,18,0,60,69,"x, SIDI BRAHIM (AVENUE)",,,Plein jour,En agglomération,Giratoire,Normale,Deux véhicules - côté,,,,,,,,,,,1,2,6,1,3
200700041750,0007-07-13 08:10:00,7,7,13,8,10,60,69,"61, MARIGARDE (ROUTE DE",,,Plein jour,En agglomération,Hors intersection,Normale,Deux véhicules - côté,,,,,,,,,,,1,2,1,1,3
200700041751,0007-07-14 12:20:00,7,7,14,12,20,60,69,"107, DRAGUIGNAN (ROUTE D",,,Plein jour,En agglomération,Hors intersection,Normale,Sans collision,,,,,,,,,,,1,2,1,1,7
200700041752,0007-07-15 12:45:00,7,7,15,12,45,60,69,"x, CAPUCINS (CHEMIN ET I",,,Plein jour,En agglomération,Giratoire,Normale,Deux véhicules - côté,,,,,,,,,,,1,2,6,1,3
200700041753,0007-07-17 07:25:00,7,7,17,7,25,60,69,"92, POMPIDOU (AVENUE GEO",,,Plein jour,En agglomération,Hors intersection,Normale,Sans collision,,,,,,,,,,,1,2,1,1,7
200700041754,0007-07-17 12:20:00,7,7,17,12,20,60,69,"x, MISTRAL (AVENUE ET PL",,,Plein jour,En agglomération,Hors intersection,Normale,Deux véhicules - arrière,,,,,,,,,,,1,2,1,1,2
200700041755,0007-07-17 12:55:00,7,7,17,12,55,60,69,FRAGONARD (BOULEVARD ET,,,Plein jour,En agglomération,Hors intersection,Normale,Deux véhicules - frontale,,,,,,,,,,,1,2,1,1,1
200700041756,0007-07-19 20:15:00,7,7,19,20,15,60,69,"31, MISTRAL (AVENUE ET P",,,Plein jour,En agglomération,Hors intersection,Normale,Sans collision,,,,,,,,,,,1,2,1,1,7
200700041757,0007-07-21 10:50:00,7,7,21,10,50,60,69,"107, PLAN (ROUTE DU) -D3",,,Plein jour,En agglomération,Hors intersection,Normale,Sans collision,,,,,,,,,,,1,2,1,1,7
200700041758,0007-07-22 06:55:00,7,7,22,6,55,60,69,"136, CABRIS (ROUTE DE)",,,Crépuscule ou aube,En agglomération,Hors intersection,Normale,Sans collision,,,,,,,,,,,2,2,1,1,7
200700041759,0007-07-23 17:10:00,7,7,23,17,10,60,69,"x, FANTON D'ANDON (ROND-",,,Plein jour,En agglomération,Giratoire,Normale,Deux véhicules - côté,,,,,,,,,,,1,2,6,1,3
200700041760,0007-07-23 18:10:00,7,7,23,18,10,60,69,"x, VICTORIA (AVENUE ET T",,,Plein jour,En agglomération,Intersection en Y,Normale,Deux véhicules - frontale,,,,,,,,,,,1,2,4,1,1
200700041761,0007-07-24 16:20:00,7,7,24,16,20,60,69,"84, CANNES (ROUTE DE)  -",,,Plein jour,En agglomération,Hors intersection,Normale,Autre collision,,,,,,,,,,,1,2,1,1,6
200700041762,0007-07-26 08:00:00,7,7,26,8,0,60,69,"x, CLAVARY (CHEMIN DE)",,,Plein jour,En agglomération,Hors intersection,Normale,Sans collision,,,,,,,,,,,1,2,1,1,7
200700041763,0007-07-27 07:10:00,7,7,27,7,10,60,69,"x, MISTRAL (AVENUE ET PL",,,Plein jour,En agglomération,Hors intersection,Normale,Autre collision,,,,,,,,,,,1,2,1,1,6
200700041764,0007-07-27 16:15:00,7,7,27,16,15,60,69,"x, CANNES (ROUTE DE)  -R",,,Plein jour,En agglomération,Hors intersection,Normale,Trois véhicules et plus - en chaîne,,,,,,,,,,,1,2,1,1,4
200700041765,0007-07-29 12:00:00,7,7,29,12,0,60,69,"x, CHASSEURS ALPINS (RON",,,Plein jour,En agglomération,Hors intersection,Normale,Autre collision,,,,,,,,,,,1,2,1,1,6
200700041766,0007-07-29 22:50:00,7,7,29,22,50,60,69,"x, PAGNOL (BOULEVARD MAR",,,Nuit avec éclairage allumé,En agglomération,Hors intersection,Normale,Sans collision,,,,,,,,,,,5,2,1,1,7
200700041767,0007-07-31 07:50:00,7,7,31,7,50,60,69,"4, CRESP (COURS HONORE)",,,Plein jour,En agglomération,Hors intersection,Normale,Autre collision,,,,,,,,,,,1,2,1,1,6
200700041768,0007-07-03 16:50:00,7,7,3,16,50,60,104,"194, VERDUN (AVENUE DE,",,,Plein jour,En agglomération,Hors intersection,Normale,Autre collision,,,,,,,,,,,1,2,1,1,6
200700041769,0007-07-03 15:45:00,7,7,3,15,45,60,83,"22, REPUBLIQUE (RUE DE L",,,Plein jour,En agglomération,Hors intersection,Normale,Autre collision,,,,,,,,,,,1,2,1,1,6
200700041770,0007-07-08 06:45:00,7,7,8,6,45,60,104,"782, TURBIE (ROUTE DE LA",,,Plein jour,En agglomération,Hors intersection,Normale,Autre collision,,,,,,,,,,,1,2,1,1,6
200700041771,0007-07-09 15:55:00,7,7,9,15,55,60,104,TURBIE (ROUTE DE LA),,,Plein jour,En agglomération,Hors intersection,Normale,Autre collision,,,,,,,,,,,1,2,1,1,6
200700041772,0007-07-14 23:30:00,7,7,14,23,30,60,83,GREVILLE (RUE HENRI),,,Nuit avec éclairage allumé,En agglomération,Intersection en T,Normale,Deux véhicules - côté,,,,,,,,,,,5,2,3,1,3
200700041773,0007-07-09 22:05:00,7,7,9,22,5,60,83,GEORGES V (COURS),,,Nuit avec éclairage allumé,En agglomération,Intersection en T,Normale,Deux véhicules - côté,,,,,,,,,,,5,2,3,1,3
200700041774,0007-07-23 21:10:00,7,7,23,21,10,60,104,"9, MONLEON (AVENUE SYLVI",,,Nuit avec éclairage allumé,En agglomération,Hors intersection,Normale,Trois véhicules et plus - collisions multiples,,,,,,,,,,,5,2,1,1,5
200700041775,0007-07-25 03:05:00,7,7,25,3,5,60,104,CHEMINS (CARREFOUR DES 4,,,Nuit avec éclairage allumé,En agglomération,Intersection en X,Normale,Sans collision,,,,,,,,,,,5,2,2,1,7
200700041776,0007-07-24 17:45:00,7,7,24,17,45,60,12,"27, GUYNEMER (BOULEVARD)",,,Plein jour,En agglomération,Hors intersection,Normale,Sans collision,,,,,,,,,,,1,2,1,1,7
200700041777,0007-07-06 17:40:00,7,7,6,17,40,60,104,FOCH (AVENUE MARECHAL),,,Plein jour,En agglomération,Hors intersection,Normale,Autre collision,,,,,,,,,,,1,2,1,1,6
200700041778,0007-07-14 12:00:00,7,7,14,12,0,60,104,"95, CURIE (AVENUE PIERRE",,,Plein jour,En agglomération,Hors intersection,Normale,Deux véhicules - frontale,,,,,,,,,,,1,2,1,1,1
200700041779,0007-07-22 16:50:00,7,7,22,16,50,60,83,"FRANCE (AVENUE PORTE DE,",,,Plein jour,En agglomération,Hors intersection,Normale,Trois véhicules et plus - en chaîne,,,,,,,,,,,1,2,1,1,4
200700041780,0007-07-29 23:35:00,7,7,29,23,35,60,83,"40, GREVILLE (RUE HENRI)",,,Nuit avec éclairage allumé,En agglomération,Hors intersection,Normale,Autre collision,,,,,,,,,,,5,2,1,1,6
200700041781,0007-07-31 12:30:00,7,7,31,12,30,60,12,"2892, CORNICHE (MOYENNE,",,,Plein jour,En agglomération,Hors intersection,Normale,Autre collision,,,,,,,,,,,1,2,1,1,6
200700041782,0007-07-28 21:45:00,7,7,28,21,45,60,83,MONLEON (QUAI),,,Nuit avec éclairage allumé,En agglomération,Hors intersection,Normale,Autre collision,,,,,,,,,,,5,2,1,1,6
200700041783,0007-07-20 15:27:00,7,7,20,15,27,60,83,"SOLEIL (PROMENADE DU, N°",,,Plein jour,En agglomération,Intersection en T,Normale,Autre collision,,,,,,,,,,,1,2,3,1,6
200700041784,0007-07-29 05:40:00,7,7,29,5,40,60,104,"4, DOUMER (AVENUE PAUL)",,,Nuit avec éclairage allumé,En agglomération,Hors intersection,Normale,Deux véhicules - frontale,,,,,,,,,,,5,2,1,1,1
200700041785,0007-07-20 16:10:00,7,7,20,16,10,60,12,"CORNICHE (MOYENNE, N° 1",,,Plein jour,En agglomération,Intersection en Y,Normale,Deux véhicules - frontale,,,,,,,,,,,1,2,4,1,1
200700041786,0007-07-26 16:55:00,7,7,26,16,55,60,83,"38, ALLIES (AVENUE DES)",,,Plein jour,En agglomération,Hors intersection,Normale,Deux véhicules - côté,,,,,,,,,,,1,2,1,1,3
200700041787,0007-07-28 20:45:00,7,7,28,20,45,60,104,MONNET (AVENUE JEAN),,,Crépuscule ou aube,En agglomération,Hors intersection,Normale,Deux véhicules - frontale,,,,,,,,,,,2,2,1,1,1
200700041788,0007-07-01 01:00:00,7,7,1,1,0,60,88,", JOLY (CORNICHE ANDRE D",,,Nuit avec éclairage allumé,En agglomération,Hors intersection,Normale,Autre collision,,,,,,,,,,,5,2,1,1,6
200700041789,0007-07-01 01:01:00,7,7,1,1,1,60,88,"16, QUINZIEME CORPS (AV.",,,Nuit avec éclairage allumé,En agglomération,Hors intersection,Normale,Autre collision,,,,,,,,,,,5,2,1,1,6
200700041790,0007-07-01 01:10:00,7,7,1,1,10,60,88,"0, EMILIA (AV.)",,,Nuit avec éclairage allumé,En agglomération,Hors intersection,Normale,Sans collision,,,,,,,,,,,5,2,1,1,7
200700041791,0007-07-01 13:10:00,7,7,1,13,10,60,88,"150, ANGLAIS (DU N° 114",,,Plein jour,En agglomération,Intersection en T,Normale,Autre collision,,,,,,,,,,,1,2,3,1,6
200700041792,0007-07-01 18:15:00,7,7,1,18,15,60,88,"20, DAUPHINE (AV.)",,,Plein jour,En agglomération,Hors intersection,Normale,Autre collision,,,,,,,,,,,1,2,1,1,6
200700041793,0007-07-02 10:40:00,7,7,2,10,40,60,88,"0, TOESCA (R. PIE-FRANCO",,,Plein jour,En agglomération,Intersection en T,Normale,Deux véhicules - frontale,,,,,,,,,,,1,2,3,1,1
200700041794,0007-07-02 10:50:00,7,7,2,10,50,60,88,", CHAPEL (RUE GEORGES)",,,Plein jour,En agglomération,Hors intersection,Normale,Deux véhicules - côté,,,,,,,,,,,1,2,1,1,3
200700041795,0007-07-02 11:30:00,7,7,2,11,30,60,88,"1, ALBERTI (RUE)",,,Plein jour,En agglomération,Hors intersection,Normale,Autre collision,,,,,,,,,,,1,2,1,1,6
200700041796,0007-07-02 14:10:00,7,7,2,14,10,60,88,ROLLAND (AV. ROMAIN),,,Plein jour,En agglomération,Hors intersection,Normale,Deux véhicules - arrière,,,,,,,,,,,1,2,1,1,2
200700041797,0007-07-01 19:40:00,7,7,1,19,40,60,88,"3, SORGENTINO (R.)",,,Plein jour,En agglomération,Hors intersection,Normale,Autre collision,,,,,,,,,,,1,2,1,1,6
200700041798,0007-07-03 07:00:00,7,7,3,7,0,60,88,"34, VINAIGRIER (CH. DU)",,,Plein jour,En agglomération,Autre intersection,Normale,Sans collision,,,,,,,,,,,1,2,9,1,7
200700041799,0007-07-03 08:00:00,7,7,3,8,0,60,88,"0, AURIOL (PONT VINCENT)",,,Plein jour,En agglomération,Hors intersection,Normale,Deux véhicules - arrière,,,,,,,,,,,1,2,1,1,2
200700041800,0007-07-03 16:10:00,7,7,3,16,10,60,88,"113, JOLY (CORNICHE ANDR",,,Plein jour,En agglomération,Hors intersection,Normale,Trois véhicules et plus - collisions multiples,,,,,,,,,,,1,2,1,1,5
200700041801,0007-07-03 18:00:00,7,7,3,18,0,60,159,"18, PRINCESSE GRACE DE M",,,Plein jour,En agglomération,Hors intersection,Normale,Autre collision,,,,,,,,,,,1,2,1,1,6
200700041802,0007-07-03 17:40:00,7,7,3,17,40,60,88,"103, DUNANT (AV. HENRI)",,,Plein jour,En agglomération,Hors intersection,Normale,Autre collision,,,,,,,,,,,1,2,1,1,6
200700041803,0007-07-04 07:10:00,7,7,4,7,10,60,88,"0, PAILLON (PROM. DU)",,,Plein jour,En agglomération,Hors intersection,Normale,Deux véhicules - côté,,,,,,,,,,,1,2,1,1,3
200700041804,0007-07-04 10:40:00,7,7,4,10,40,60,88,COMBATTANTS D'AFN (RUE),,,Plein jour,En agglomération,Intersection en X,Normale,Sans collision,,,,,,,,,,,1,2,2,1,7
200700041805,0007-07-04 12:55:00,7,7,4,12,55,60,88,"113, JOLY (CORNICHE ANDR",,,Plein jour,En agglomération,Hors intersection,Normale,Trois véhicules et plus - en chaîne,,,,,,,,,,,1,2,1,1,4
200700041806,0007-07-04 13:00:00,7,7,4,13,0,60,88,"45, VEROLA (AV. AUGUSTE)",,,Plein jour,En agglomération,Hors intersection,Normale,Deux véhicules - côté,,,,,,,,,,,1,2,1,1,3
200700041807,0007-07-04 14:30:00,7,7,4,14,30,60,88,"433, RD 6098",,,Plein jour,En agglomération,Hors intersection,Normale,Trois véhicules et plus - en chaîne,,,,,,,,,,,1,2,1,1,4
200700041808,0007-07-04 15:55:00,7,7,4,15,55,60,88,"0, CASSIN (BD RENE)",,,Plein jour,En agglomération,Hors intersection,Normale,Trois véhicules et plus - en chaîne,,,,,,,,,,,1,2,1,1,4
200700041809,0007-07-04 18:00:00,7,7,4,18,0,60,88,"57, GRENOBLE (ROUTE DE)",,,Plein jour,En agglomération,Hors intersection,Normale,Deux véhicules - côté,,,,,,,,,,,1,2,1,1,3
200700041810,0007-07-05 14:00:00,7,7,5,14,0,60,88,"84, JOLY (CORNICHE ANDRE",,,Plein jour,En agglomération,Hors intersection,Normale,Deux véhicules - côté,,,,,,,,,,,1,2,1,1,3
200700041811,0007-07-05 17:30:00,7,7,5,17,30,60,88,"0, MAHONIAS (R. DES)",,,Plein jour,En agglomération,Intersection en T,Normale,Deux véhicules - côté,,,,,,,,,,,1,2,3,1,3
200700041812,0007-07-05 20:40:00,7,7,5,20,40,60,88,"455, STE-MARGUERITE (AV.",,,Crépuscule ou aube,En agglomération,Hors intersection,Normale,Autre collision,,,,,,,,,,,2,2,1,1,6
200700041813,0007-07-06 00:15:00,7,7,6,0,15,60,88,"0, CASSINI (QUAI)",,,Nuit avec éclairage allumé,En agglomération,Hors intersection,Normale,Autre collision,,,,,,,,,,,5,2,1,1,6
200700041814,0007-07-06 09:55:00,7,7,6,9,55,60,88,"5, CARABACEL (BD)",,,Plein jour,En agglomération,Hors intersection,Normale,Deux véhicules - côté,,,,,,,,,,,1,2,1,1,3
200700041815,0007-07-06 16:00:00,7,7,6,16,0,60,88,RIQUIER (BD DE),,,Plein jour,En agglomération,Intersection en X,Normale,Deux véhicules - côté,,,,,,,,,,,1,2,2,1,3
200700041816,0007-07-06 16:55:00,7,7,6,16,55,60,88,"0, TUNNEL DU PAILLON",,,Plein jour,Hors agglomération,Hors intersection,Normale,Sans collision,,,,,,,,,,,1,1,1,1,7
200700041817,0007-07-06 18:15:00,7,7,6,18,15,60,88,"0, MONT-BORON (BD DU) (A",,,Plein jour,En agglomération,Hors intersection,Normale,Deux véhicules - frontale,,,,,,,,,,,1,2,1,1,1