accident_id,datetime,annee,mois,jour,heure,minute,departement,commune_insee,adresse,latitude,longitude,luminosite,agglomeration,intersection,meteo,collision,nb_vehicules,nb_usagers,nb_indemnes,nb_tues,nb_blesses_hosp,nb_blesses_legers,age_cond_1,age_cond_2,veh_type_cond_1,veh_type_cond_2,lum_code,agg_code,int_code,atm_code,col_code
200700041818,0007-07-07 17:40:00,7,7,7,17,40,60,88,"78, BRAILLE (BD LOUIS)",,,Plein jour,En agglomération,Hors intersection,Normale,Autre collision,,,,,,,,,,,1,2,1,1,6
200700041819,0007-07-07 17:50:00,7,7,7,17,50,60,88,"37, HUGO (BD VICTOR)",,,Plein jour,En agglomération,Intersection en X,Normale,Autre collision,,,,,,,,,,,1,2,2,1,6
200700041820,0007-07-08 15:30:00,7,7,8,15,30,60,88,"0, ANGLAIS (DU N° 114 AU",,,Plein jour,En agglomération,Hors intersection,Normale,Deux véhicules - arrière,,,,,,,,,,,1,2,1,1,2
200700041821,0007-07-09 08:15:00,7,7,9,8,15,60,88,"0, MALRAUX (VOIE ET TUNN",,,Plein jour,En agglomération,Hors intersection,Normale,Trois véhicules et plus - en chaîne,,,,,,,,,,,1,2,1,1,4
200700041822,0007-07-09 08:20:00,7,7,9,8,20,60,88,"56, MONT-BORON (BD DU) (",,,Plein jour,En agglomération,Hors intersection,Pluie légère,Deux véhicules - frontale,,,,,,,,,,,1,2,1,2,1
200700041823,0007-07-09 08:30:00,7,7,9,8,30,60,88,VOIE RAPIDE,,,Crépuscule ou aube,En agglomération,Hors intersection,Pluie légère,Deux véhicules - arrière,,,,,,,,,,,2,2,1,2,2
200700041824,0007-07-09 15:25:00,7,7,9,15,25,60,88,"0, ARSON (RUE)",,,Plein jour,En agglomération,Hors intersection,Normale,Deux véhicules - arrière,,,,,,,,,,,1,2,1,1,2
200700041825,0007-07-10 13:35:00,7,7,10,13,35,60,88,"115, JOLY (CORNICHE ANDR",,,Plein jour,En agglomération,Hors intersection,Normale,Deux véhicules - arrière,,,,,,,,,,,1,2,1,1,2
200700041826,0007-07-10 15:15:00,7,7,10,15,15,60,88,"0, CARABACEL (BD)",,,Plein jour,En agglomération,Hors intersection,Normale,Autre collision,,,,,,,,,,,1,2,1,1,6
200700041827,0007-07-10 16:10:00,7,7,10,16,10,60,88,"2, FOCH (AV. MARECHAL)",,,Plein jour,En agglomération,Hors intersection,Normale,Autre collision,,,,,,,,,,,1,2,1,1,6
200700041828,0007-07-10 17:30:00,7,7,10,17,30,60,88,"0, MAETERLINCK (BD M.)",,,Plein jour,En agglomération,Hors intersection,Vent fort / tempête,Sans collision,,,,,,,,,,,1,2,1,6,7
200700041829,0007-07-10 17:45:00,7,7,10,17,45,60,88,"31, ANGLAIS (DU N° 1 AU",,,Plein jour,En agglomération,Hors intersection,Normale,Trois véhicules et plus - en chaîne,,,,,,,,,,,1,2,1,1,4
200700041830,0007-07-10 19:15:00,7,7,10,19,15,60,88,"0, ANGLAIS PLAGE (DU 265",,,Plein jour,En agglomération,Hors intersection,Normale,Deux véhicules - côté,,,,,,,,,,,1,2,1,1,3
200700041831,0007-07-11 10:10:00,7,7,11,10,10,60,88,"0, CALIFORNIE (AV.) (JUS",,,Plein jour,En agglomération,Hors intersection,Normale,Autre collision,,,,,,,,,,,1,2,1,1,6
200700041832,0007-07-11 11:30:00,7,7,11,11,30,60,88,"12, GUBERNATIS (R.)",,,Plein jour,En agglomération,Hors intersection,Normale,Autre collision,,,,,,,,,,,1,2,1,1,6
200700041833,0007-07-11 13:50:00,7,7,11,13,50,60,88,"39, DEROULEDE (RUE PAUL)",,,Plein jour,En agglomération,Hors intersection,Normale,Trois véhicules et plus - collisions multiples,,,,,,,,,,,1,2,1,1,5
200700041834,0007-07-11 16:42:00,7,7,11,16,42,60,88,"256, CALIFORNIE (AV.) (A",,,Plein jour,En agglomération,Hors intersection,Normale,Autre collision,,,,,,,,,,,1,2,1,1,6
200700041835,0007-07-11 16:52:00,7,7,11,16,52,60,88,"0, ETATS UNIS (QUAI DES)",,,Plein jour,En agglomération,Intersection en X,Normale,Autre collision,,,,,,,,,,,1,2,2,1,6
200700041836,0007-07-11 17:15:00,7,7,11,17,15,60,88,"39, STALINGRAD (BD DE)",,,Plein jour,En agglomération,Hors intersection,Normale,Deux véhicules - côté,,,,,,,,,,,1,2,1,1,3
200700041837,0007-07-11 17:55:00,7,7,11,17,55,60,88,"146, CANTA GALET (RTE DE",,,Plein jour,Hors agglomération,Hors intersection,Normale,Deux véhicules - côté,,,,,,,,,,,1,1,1,1,3
200700041838,0007-07-11 22:00:00,7,7,11,22,0,60,88,"0, GIACOBI (AV.)",,,Nuit avec éclairage allumé,Hors agglomération,Hors intersection,Normale,Autre collision,,,,,,,,,,,5,1,1,1,6
200700041839,0007-07-12 10:55:00,7,7,12,10,55,60,88,"10, MANTEGA-RIGHI (BD)",,,Plein jour,Hors agglomération,Hors intersection,Normale,Deux véhicules - arrière,,,,,,,,,,,1,1,1,1,2
200700041840,0007-07-12 11:50:00,7,7,12,11,50,60,88,GUYNEMER (PL.),,,Plein jour,En agglomération,Hors intersection,Normale,Deux véhicules - côté,,,,,,,,,,,1,2,1,1,3
200700041841,0007-07-12 23:25:00,7,7,12,23,25,60,88,"0, ILE-DE-BEAUTE (PL. DE",,,Nuit avec éclairage allumé,En agglomération,Hors intersection,Normale,Deux véhicules - côté,,,,,,,,,,,5,2,1,1,3
200700041842,0007-07-13 16:45:00,7,7,13,16,45,60,88,"19, RAYNAUD (BD AUGUSTE)",,,Plein jour,En agglomération,Intersection en X,Normale,Autre collision,,,,,,,,,,,1,2,2,1,6
200700041843,0007-07-13 20:00:00,7,7,13,20,0,60,88,"330, MADELEINE (BD DE LA",,,Plein jour,En agglomération,Hors intersection,Normale,Sans collision,,,,,,,,,,,1,2,1,1,7
200700041844,0007-07-14 09:45:00,7,7,14,9,45,60,88,"32, FRANCE (R. DE) DU N°",,,Plein jour,En agglomération,Hors intersection,Normale,Autre collision,,,,,,,,,,,1,2,1,1,6
200700041845,0007-07-14 18:20:00,7,7,14,18,20,60,88,"2, HESPERIDES (AV. DES)",,,Plein jour,En agglomération,Hors intersection,Normale,Deux véhicules - frontale,,,,,,,,,,,1,2,1,1,1
200700041846,0007-07-14 19:45:00,7,7,14,19,45,60,88,"0, GIORDAN (AV. JOSEPH)",,,Plein jour,En agglomération,Hors intersection,Normale,Deux véhicules - frontale,,,,,,,,,,,1,2,1,1,1
200700041847,0007-07-14 22:20:00,7,7,14,22,20,60,88,"107, ETATS UNIS (QUAI DE",,,Nuit avec éclairage allumé,En agglomération,Hors intersection,Normale,Sans collision,,,,,,,,,,,5,2,1,1,7
200700041848,0007-07-15 02:15:00,7,7,15,2,15,60,88,"80, COSTIERE (CH. DE LA)",,,Nuit avec éclairage allumé,En agglomération,Hors intersection,Normale,Autre collision,,,,,,,,,,,5,2,1,1,6
200700041849,0007-07-15 04:00:00,7,7,15,4,0,60,88,"0, SAINT-PHILIPPE (R.)",,,Nuit avec éclairage allumé,En agglomération,Intersection en X,Normale,Deux véhicules - côté,,,,,,,,,,,5,2,2,1,3
200700041850,0007-07-15 05:15:00,7,7,15,5,15,60,88,"0, CASSIN (BD RENE)",,,Nuit avec éclairage allumé,En agglomération,Hors intersection,Normale,Sans collision,,,,,,,,,,,5,2,1,1,7
200700041851,0007-07-15 10:30:00,7,7,15,10,30,60,88,CASTELLANE (AV.),,,Plein jour,En agglomération,Intersection en X,Normale,Deux véhicules - côté,,,,,,,,,,,1,2,2,1,3
200700041852,0007-07-15 10:31:00,7,7,15,10,31,60,88,"85, ANGLAIS PLAGE(DU 45",,,Plein jour,En agglomération,Hors intersection,Normale,Trois véhicules et plus - en chaîne,,,,,,,,,,,1,2,1,1,4
200700041853,0007-07-15 13:00:00,7,7,15,13,0,60,88,"0, BORRIGLIONE (A PARTIR",,,Plein jour,En agglomération,Intersection en X,Normale,Deux véhicules - côté,,,,,,,,,,,1,2,2,1,3
200700041854,0007-07-15 20:30:00,7,7,15,20,30,60,88,"0, SAPPIA (AV. HENRI)",,,Crépuscule ou aube,En agglomération,Hors intersection,Normale,Autre collision,,,,,,,,,,,2,2,1,1,6
200700041855,0007-07-16 07:40:00,7,7,16,7,40,60,88,"0, ANGLAIS (DU N° 265 AU",,,Plein jour,En agglomération,Hors intersection,Normale,Deux véhicules - côté,,,,,,,,,,,1,2,1,1,3
200700041856,0007-07-16 08:35:00,7,7,16,8,35,60,88,"0, GIACOBI (AV.)",,,Plein jour,En agglomération,Intersection en X,Normale,Deux véhicules - côté,,,,,,,,,,,1,2,2,1,3
200700041857,0007-07-16 11:00:00,7,7,16,11,0,60,88,"0, GAMBETTA (A PARTIR DU",,,Plein jour,En agglomération,Intersection en T,Normale,Autre collision,,,,,,,,,,,1,2,3,1,6
200700041858,0007-07-16 15:40:00,7,7,16,15,40,60,88,"71, PESSICART (JUSQU'AU",,,Plein jour,En agglomération,Hors intersection,Normale,Deux véhicules - frontale,,,,,,,,,,,1,2,1,1,1
200700041859,0007-07-16 16:50:00,7,7,16,16,50,60,88,"265, GINESTIERE (CH. DE",,,Plein jour,En agglomération,Hors intersection,Normale,Trois véhicules et plus - collisions multiples,,,,,,,,,,,1,2,1,1,5
200700041860,0007-07-16 19:10:00,7,7,16,19,10,60,88,"8, HUGO (BD VICTOR)",,,Plein jour,En agglomération,Hors intersection,Normale,Autre collision,,,,,,,,,,,1,2,1,1,6
200700041861,0007-07-17 05:00:00,7,7,17,5,0,60,88,"0, ANGLAIS (DU N° 114 AU",,,Plein jour,En agglomération,Hors intersection,Normale,Deux véhicules - arrière,,,,,,,,,,,1,2,1,1,2
200700041862,0007-07-17 11:30:00,7,7,17,11,30,60,88,"0, GRENOBLE (ROUTE DE)",,,Plein jour,Hors agglomération,Hors intersection,Normale,Autre collision,,,,,,,,,,,1,1,1,1,6
200700041863,0007-07-17 11:31:00,7,7,17,11,31,60,88,"152, GINESTIERE (CH. DE",,,Plein jour,En agglomération,Hors intersection,Normale,Autre collision,,,,,,,,,,,1,2,1,1,6
200700041864,0007-07-17 20:30:00,7,7,17,20,30,60,88,"0, ARIANE (BD DE L')",,,Plein jour,En agglomération,Intersection en X,Normale,Deux véhicules - côté,,,,,,,,,,,1,2,2,1,3
200700041865,0007-07-18 01:00:00,7,7,18,1,0,60,88,"127, ANGLAIS (DU N° 114",,,Nuit avec éclairage allumé,En agglomération,Hors intersection,Normale,Deux véhicules - arrière,,,,,,,,,,,5,2,1,1,2
200700041866,0007-07-18 08:20:00,7,7,18,8,20,60,88,"233, GINESTIERE (CH. DE",,,Plein jour,En agglomération,Hors intersection,Normale,Deux véhicules - côté,,,,,,,,,,,1,2,1,1,3
200700041867,0007-07-18 14:30:00,7,7,18,14,30,60,88,CESSOLE (BD DE) (A PARTI,,,Plein jour,En agglomération,Hors intersection,Normale,Autre collision,,,,,,,,,,,1,2,1,1,6
200700041868,0007-07-18 14:50:00,7,7,18,14,50,60,88,RD 6202,,,Plein jour,En agglomération,Hors intersection,Normale,Deux véhicules - côté,,,,,,,,,,,1,2,1,1,3
200700041869,0007-07-18 16:55:00,7,7,18,16,55,60,88,"0, BINET (RUE ALFRED)",,,Plein jour,En agglomération,Intersection en X,Normale,Autre collision,,,,,,,,,,,1,2,2,1,6
200700041870,0007-07-18 19:00:00,7,7,18,19,0,60,88,"0, HOTEL DES POSTES (R.)",,,Plein jour,En agglomération,Hors intersection,Normale,Deux véhicules - côté,,,,,,,,,,,1,2,1,1,3
200700041871,0007-07-18 19:45:00,7,7,18,19,45,60,88,"47, COL DE BAST (CH. DU)",,,Plein jour,Hors agglomération,Hors intersection,Normale,Autre collision,,,,,,,,,,,1,1,1,1,6
200700041872,0007-07-19 10:00:00,7,7,19,10,0,60,88,"1, CANAVESE (RUE JEAN)",,,Plein jour,En agglomération,Hors intersection,Normale,Autre collision,,,,,,,,,,,1,2,1,1,6
200700041873,0007-07-20 07:20:00,7,7,20,7,20,60,88,"4, BINET (RUE ALFRED)",,,Plein jour,En agglomération,Hors intersection,Normale,Deux véhicules - côté,,,,,,,,,,,1,2,1,1,3
200700041874,0007-07-20 09:35:00,7,7,20,9,35,60,88,"N45, CAL DE SPAGNOL SOUB",,,Plein jour,Hors agglomération,Hors intersection,Normale,Deux véhicules - frontale,,,,,,,,,,,1,1,1,1,1
200700041875,0007-07-20 17:40:00,7,7,20,17,40,60,88,CIMIEZ (BD) A PARTIR DU,,,Plein jour,En agglomération,Intersection en Y,Normale,Deux véhicules - côté,,,,,,,,,,,1,2,4,1,3
200700041876,0007-07-20 18:00:00,7,7,20,18,0,60,88,"33, GAL (R. AUGUSTE)",,,Plein jour,En agglomération,Hors intersection,Normale,Deux véhicules - arrière,,,,,,,,,,,1,2,1,1,2
200700041877,0007-07-20 19:00:00,7,7,20,19,0,60,88,"4, DESAMBROIS (AV.)",,,Plein jour,Hors agglomération,Hors intersection,Normale,Deux véhicules - côté,,,,,,,,,,,1,1,1,1,3
200700041878,0007-07-20 20:07:00,7,7,20,20,7,60,88,"0, BARLA (RUE)",,,Plein jour,En agglomération,Hors intersection,Normale,Sans collision,,,,,,,,,,,1,2,1,1,7
200700041879,0007-07-21 01:35:00,7,7,21,1,35,60,88,"19, ANGLAIS (DU N° 1 AU",,,Nuit avec éclairage allumé,En agglomération,Hors intersection,Normale,Deux véhicules - côté,,,,,,,,,,,5,2,1,1,3
200700041880,0007-07-21 06:30:00,7,7,21,6,30,60,88,"157, OLIVIERS (CORNICHE",,,Plein jour,En agglomération,Hors intersection,Normale,Deux véhicules - côté,,,,,,,,,,,1,2,1,1,3
200700041881,0007-07-21 09:40:00,7,7,21,9,40,60,88,"0, BEHRA (BD JEAN)",,,Plein jour,En agglomération,Hors intersection,Normale,Deux véhicules - frontale,,,,,,,,,,,1,2,1,1,1
200700041882,0007-07-21 11:35:00,7,7,21,11,35,60,88,"6, VERNIER (R.)",,,Plein jour,En agglomération,Intersection en X,Normale,Deux véhicules - côté,,,,,,,,,,,1,2,2,1,3
200700041883,0007-07-21 16:30:00,7,7,21,16,30,60,88,"99, QUAI DES ETATS UNIS",,,Plein jour,En agglomération,Hors intersection,Normale,Deux véhicules - arrière,,,,,,,,,,,1,2,1,1,2
200700041884,0007-07-21 20:15:00,7,7,21,20,15,60,88,"0, MONET (TRAV. JEAN)",,,Plein jour,En agglomération,Intersection en T,Normale,Autre collision,,,,,,,,,,,1,2,3,1,6
200700041885,0007-07-22 01:15:00,7,7,22,1,15,60,88,"0, ORESTIS (R. DES)",,,Nuit avec éclairage allumé,En agglomération,Intersection en X,Normale,Autre collision,,,,,,,,,,,5,2,2,1,6
200700041886,0007-07-22 09:40:00,7,7,22,9,40,60,88,RAIMBALDI (BD),,,Plein jour,En agglomération,Intersection en X,Normale,Autre collision,,,,,,,,,,,1,2,2,1,6
200700041887,0007-07-22 18:45:00,7,7,22,18,45,60,88,"0, BANVILLE (RUE THEODOR",,,Plein jour,En agglomération,Intersection en X,Normale,Deux véhicules - côté,,,,,,,,,,,1,2,2,1,3
200700041888,0007-07-22 20:30:00,7,7,22,20,30,60,88,"0, VOIE RAPIDE",,,Plein jour,En agglomération,Hors intersection,Normale,Deux véhicules - côté,,,,,,,,,,,1,2,1,1,3
200700041889,0007-07-22 21:25:00,7,7,22,21,25,60,88,"0, GAMBETTA (A PARTIR DU",,,Crépuscule ou aube,En agglomération,Intersection en X,Normale,Deux véhicules - côté,,,,,,,,,,,2,2,2,1,3
200700041890,0007-07-22 08:45:00,7,7,22,8,45,60,88,"0, TURIN (RTE DE)",,,Plein jour,En agglomération,Intersection en X,Normale,Deux véhicules - côté,,,,,,,,,,,1,2,2,1,3
200700041891,0007-07-23 09:00:00,7,7,23,9,0,60,88,"19, ARIETA (CAMIN DE L')",,,Plein jour,En agglomération,Hors intersection,Normale,Deux véhicules - arrière,,,,,,,,,,,1,2,1,1,2
200700041892,0007-07-23 09:15:00,7,7,23,9,15,60,88,"187, CALIFORNIE (AV.) (D",,,Plein jour,En agglomération,Hors intersection,Normale,Autre collision,,,,,,,,,,,1,2,1,1,6
200700041893,0007-07-23 11:30:00,7,7,23,11,30,60,88,"0, VOIE RAPIDE",,,Plein jour,En agglomération,Hors intersection,Normale,Autre collision,,,,,,,,,,,1,2,1,1,6
200700041894,0007-07-24 11:30:00,7,7,24,11,30,60,88,CALIFORNIE (AV.) (DU 23/,,,Plein jour,En agglomération,Intersection en X,Normale,Deux véhicules - côté,,,,,,,,,,,1,2,2,1,3
200700041895,0007-07-24 11:50:00,7,7,24,11,50,60,88,"0, FABRON (AV. DE) (A PA",,,Plein jour,En agglomération,Hors intersection,Normale,Deux véhicules - arrière,,,,,,,,,,,1,2,1,1,2
200700041896,0007-07-24 20:00:00,7,7,24,20,0,60,88,"0, FAC DE MEDECINE (VALR",,,Plein jour,En agglomération,Hors intersection,Normale,Autre collision,,,,,,,,,,,1,2,1,1,6
200700041897,0007-07-25 11:10:00,7,7,25,11,10,60,88,"0, RAYNAUD (BD AUGUSTE)",,,Plein jour,En agglomération,Hors intersection,Normale,Deux véhicules - côté,,,,,,,,,,,1,2,1,1,3
200700041898,0007-07-25 16:00:00,7,7,25,16,0,60,88,"53, RAY (AV. DU)",,,Plein jour,En agglomération,Hors intersection,Normale,Autre collision,,,,,,,,,,,1,2,1,1,6
200700041899,0007-07-25 19:40:00,7,7,25,19,40,60,88,"69, ROQUEBILLIERE (R. DE",,,Plein jour,En agglomération,Intersection en X,Normale,Deux véhicules - côté,,,,,,,,,,,1,2,2,1,3
200700041900,0007-07-25 20:30:00,7,7,25,20,30,60,88,"0, ANGLAIS PLAGE (DU 114",,,Plein jour,En agglomération,Hors intersection,Normale,Trois véhicules et plus - collisions multiples,,,,,,,,,,,1,2,1,1,5
200700041901,0007-07-26 06:50:00,7,7,26,6,50,60,88,"75, CANTA GALET (RTE DE)",,,Plein jour,Hors agglomération,Hors intersection,Normale,Deux véhicules - côté,,,,,,,,,,,1,1,1,1,3
200700041902,0007-07-26 11:30:00,7,7,26,11,30,60,88,"0, GAL (R. AUGUSTE)",,,Plein jour,En agglomération,Intersection en X,Normale,Autre collision,,,,,,,,,,,1,2,2,1,6
200700041903,0007-07-26 14:00:00,7,7,26,14,0,60,88,"0, CHAPEL (RUE GEORGES)",,,Plein jour,En agglomération,Intersection en X,Normale,Sans collision,,,,,,,,,,,1,2,2,1,7
200700041904,0007-07-26 14:20:00,7,7,26,14,20,60,88,"0, CORNIGLION MOLINIER (",,,Plein jour,En agglomération,Autre intersection,Normale,Deux véhicules - arrière,,,,,,,,,,,1,2,9,1,2
200700041905,0007-07-27 09:10:00,7,7,27,9,10,60,88,"0, AVENUE EMMANUEL PONTR",,,Plein jour,En agglomération,Hors intersection,Normale,Deux véhicules - côté,,,,,,,,,,,1,2,1,1,3
200700041906,0007-07-27 14:05:00,7,7,27,14,5,60,88,"0, CARREFOUR LINGOSTIERE",,,Plein jour,Hors agglomération,Hors intersection,Normale,Deux véhicules - côté,,,,,,,,,,,1,1,1,1,3
200700041907,0007-07-27 14:30:00,7,7,27,14,30,60,88,"0, VEROLA (AV. AUGUSTE)",,,Plein jour,En agglomération,Giratoire,Normale,Deux véhicules - côté,,,,,,,,,,,1,2,6,1,3
200700041908,0007-07-27 16:55:00,7,7,27,16,55,60,88,"19, ROQUEBILLIERE (R. DE",,,Plein jour,En agglomération,Hors intersection,Normale,Deux véhicules - côté,,,,,,,,,,,1,2,1,1,3
200700041909,0007-07-27 21:55:00,7,7,27,21,55,60,88,"0, SLAMA (RUE MAURICE)",,,Nuit avec éclairage allumé,En agglomération,Hors intersection,Normale,Autre collision,,,,,,,,,,,5,2,1,1,6
200700041910,0007-07-28 00:45:00,7,7,28,0,45,60,88,"0, RIMIEZ (AV. DE)",,,Nuit avec éclairage allumé,En agglomération,Hors intersection,Normale,Deux véhicules - côté,,,,,,,,,,,5,2,1,1,3
200700041911,0007-07-25 13:30:00,7,7,25,13,30,60,88,"0, OBSERVATOIRE (R. PRIV",,,Plein jour,En agglomération,Intersection en T,Normale,Deux véhicules - côté,,,,,,,,,,,1,2,3,1,3
200700041912,0007-07-28 19:10:00,7,7,28,19,10,60,88,"56, CESSOLE (BD DE) (JUS",,,Plein jour,En agglomération,Hors intersection,Normale,Autre collision,,,,,,,,,,,1,2,1,1,6
200700041913,0007-07-28 19:15:00,7,7,28,19,15,60,88,"39, CAPPATTI (AV. LOUIS)",,,Plein jour,En agglomération,Hors intersection,Normale,Deux véhicules - frontale,,,,,,,,,,,1,2,1,1,1
200700041914,0007-07-28 20:00:00,7,7,28,20,0,60,88,"0, PEGUY (R. CHARLES)",,,Plein jour,En agglomération,Intersection en X,Normale,Deux véhicules - côté,,,,,,,,,,,1,2,2,1,3
200700041915,0007-07-28 20:10:00,7,7,28,20,10,60,88,"20, QUAI LUNEL",,,Plein jour,En agglomération,Hors intersection,Normale,Deux véhicules - arrière,,,,,,,,,,,1,2,1,1,2
200700041916,0007-07-29 01:35:00,7,7,29,1,35,60,88,"0, CORNIGLION MOLINIER (",,,Nuit avec éclairage allumé,En agglomération,Hors intersection,Normale,Autre collision,,,,,,,,,,,5,2,1,1,6
200700041917,0007-07-29 09:40:00,7,7,29,9,40,60,88,"10, CORNICHE (MOYENNE)",,,Plein jour,En agglomération,Intersection en X,Normale,Deux véhicules - côté,,,,,,,,,,,1,2,2,1,3
200700041918,0007-07-29 15:00:00,7,7,29,15,0,60,88,"0, BIASINI (RD PT S.M.)",,,Plein jour,En agglomération,Intersection en X,Normale,Deux véhicules - côté,,,,,,,,,,,1,2,2,1,3
200700041919,0007-07-30 00:45:00,7,7,30,0,45,60,88,"0, ARSON (RUE)",,,Nuit avec éclairage allumé,En agglomération,Intersection en X,Normale,Deux véhicules - côté,,,,,,,,,,,5,2,2,1,3
200700041920,0007-07-30 03:25:00,7,7,30,3,25,60,88,"0, TUNNEL DU PAILLON",,,Nuit avec éclairage allumé,Hors agglomération,Hors intersection,Normale,Autre collision,,,,,,,,,,,5,1,1,1,6
200700041921,0007-07-30 18:40:00,7,7,30,18,40,60,88,"38, CYRNOS (AV. ET ESC.)",,,Plein jour,En agglomération,Hors intersection,Normale,Autre collision,,,,,,,,,,,1,2,1,1,6
200700041922,0007-07-31 06:10:00,7,7,31,6,10,60,88,"0, ARSON (RUE)",,,Plein jour,En agglomération,Intersection en X,Normale,Deux véhicules - côté,,,,,,,,,,,1,2,2,1,3
200700041923,0007-07-31 09:55:00,7,7,31,9,55,60,88,"0, VOIE RAPIDE",,,Plein jour,En agglomération,Hors intersection,Normale,Deux véhicules - arrière,,,,,,,,,,,1,2,1,1,2
200700041924,0007-07-31 13:45:00,7,7,31,13,45,60,88,"62, BORNALA (AV. DE LA)",,,Plein jour,En agglomération,Hors intersection,Normale,Deux véhicules - côté,,,,,,,,,,,1,2,1,1,3
200700041925,0007-07-31 16:25:00,7,7,31,16,25,60,88,"6, CROTTI (DESCENTE)",,,Plein jour,En agglomération,Hors intersection,Normale,Autre collision,,,,,,,,,,,1,2,1,1,6
200700041926,0007-07-31 16:15:00,7,7,31,16,15,60,88,"0, JOFFRE (R. MARECHAL)",,,Plein jour,En agglomération,Hors intersection,Normale,Deux véhicules - côté,,,,,,,,,,,1,2,1,1,3
200700041927,0007-07-31 17:00:00,7,7,31,17,0,60,88,"0, HANOTAUX (R. GABRIEL)",,,Plein jour,Hors agglomération,Hors intersection,Normale,Autre collision,,,,,,,,,,,1,1,1,1,6
200700041928,0007-07-26 15:50:00,7,7,26,15,50,70,231,104 ( ROUTE DEPÄRTEMENTA,,,Plein jour,Hors agglomération,Hors intersection,Normale,Deux véhicules - frontale,,,,,,,,,,,1,1,1,1,1
200700041929,0007-07-05 19:00:00,7,7,5,19,0,70,186,"22, VANEL (AVENUE DU) DU",,,Plein jour,En agglomération,Hors intersection,Normale,Deux véhicules - arrière,,,,,,,,,,,1,2,1,1,2
200700041930,0007-07-13 23:00:00,7,7,13,23,0,70,186,"29, GARE (AVENUE DE LA)",,,Nuit avec éclairage allumé,En agglomération,Hors intersection,Normale,Deux véhicules - frontale,,,,,,,,,,,5,2,1,1,1
200700041931,0007-07-03 18:25:00,7,7,3,18,25,80,105,"55, RONDE COUTURE",,,Plein jour,En agglomération,Hors intersection,Pluie forte,Autre collision,,,,,,,,,,,1,2,1,3,6
200700041932,0007-07-12 18:20:00,7,7,12,18,20,80,105,"06, VAILLANT J.P.",,,Plein jour,En agglomération,Intersection en T,Pluie légère,Deux véhicules - côté,,,,,,,,,,,1,2,3,2,3
200700041933,0007-07-15 15:05:00,7,7,15,15,5,80,105,FOREST RUE,,,Plein jour,En agglomération,Intersection en X,Normale,Deux véhicules - côté,,,,,,,,,,,1,2,2,1,3
200700041934,0007-07-17 03:55:00,7,7,17,3,55,80,105,HOMME PLACE DES DROITS D,,,Nuit avec éclairage allumé,En agglomération,Intersection à plus de 4 branches,Normale,Deux véhicules - côté,,,,,,,,,,,5,2,5,1,3
200700041935,0007-07-21 18:10:00,7,7,21,18,10,80,105,A203 (DE LA SORTIE PRIX,,,Plein jour,En agglomération,Hors intersection,Normale,Deux véhicules - arrière,,,,,,,,,,,1,2,1,1,2
200700041936,0007-07-15 22:55:00,7,7,15,22,55,80,409,"09, DELAW (BOULEVARD GEO",,,Nuit avec éclairage allumé,En agglomération,Hors intersection,Normale,Autre collision,,,,,,,,,,,5,2,1,1,6
200700041937,0007-07-15 00:15:00,7,7,15,0,15,90,122,LECLERC (AVENUE DU GENER,,,Nuit avec éclairage allumé,Hors agglomération,Hors intersection,Normale,Deux véhicules - côté,,,,,,,,,,,5,1,1,1,3
200700041938,0007-07-07 02:15:00,7,7,7,2,15,90,225,"38, TOULOUSE ROUTE DE",,,Nuit avec éclairage allumé,En agglomération,Hors intersection,Normale,Autre collision,,,,,,,,,,,5,2,1,1,6
200700041939,0007-07-10 08:10:00,7,7,10,8,10,90,225,TUILERIE LIEU DIT LA,,,Plein jour,Hors agglomération,Hors intersection,Normale,Deux véhicules - frontale,,,,,,,,,,,1,1,1,1,1
200700041940,0007-07-31 20:50:00,7,7,31,20,50,90,225,BOURGES CHEMIN DE,,,Plein jour,En agglomération,Intersection en T,Normale,Deux véhicules - côté,,,,,,,,,,,1,2,3,1,3
200700041941,0007-07-03 16:55:00,7,7,3,16,55,100,343,"02, CARNOT (RUE)",,,Plein jour,En agglomération,Intersection en T,Normale,Deux véhicules - côté,,,,,,,,,,,1,2,3,1,3
200700041942,0007-07-01 19:30:00,7,7,1,19,30,100,81,"100, GENERAL SARRAIL (IM",,,Plein jour,En agglomération,Hors intersection,Normale,Autre collision,,,,,,,,,,,1,2,1,1,6
200700041943,0007-07-07 16:30:00,7,7,7,16,30,100,387,"000, GEORGES POMPIDOU (R",,,Plein jour,En agglomération,Hors intersection,Normale,Deux véhicules - arrière,,,,,,,,,,,1,2,1,1,2
200700041944,0007-07-14 17:25:00,7,7,14,17,25,100,387,LOUIS MORIN (RUE),,,Plein jour,En agglomération,Intersection en X,Normale,Deux véhicules - côté,,,,,,,,,,,1,2,2,1,3
200700041945,0007-07-14 08:15:00,7,7,14,8,15,100,81,"000, NECKARBISCHOFSHEIM",,,Plein jour,En agglomération,Hors intersection,Normale,Autre collision,,,,,,,,,,,1,2,1,1,6
200700041946,0007-07-15 10:50:00,7,7,15,10,50,100,60,"80, GENERAL LECLERC (RUE",,,Plein jour,En agglomération,Hors intersection,Normale,Autre collision,,,,,,,,,,,1,2,1,1,6
200700041947,0007-07-15 17:20:00,7,7,15,17,20,100,387,"0, PIERRE BROSSOLETTE (R",,,Plein jour,En agglomération,Intersection en X,Normale,Deux véhicules - côté,,,,,,,,,,,1,2,2,1,3
200700041948,0007-07-31 19:25:00,7,7,31,19,25,100,325,"52, PASTEUR (RUE)",,,Plein jour,En agglomération,Hors intersection,Normale,Autre collision,,,,,,,,,,,1,2,1,1,6
200700041949,0007-07-04 11:05:00,7,7,4,11,5,110,69,"24, VARSOVIE -BD-",,,Plein jour,En agglomération,Hors intersection,Normale,Sans collision,,,,,,,,,,,1,2,1,1,7
200700041950,0007-07-23 10:20:00,7,7,23,10,20,110,69,SAINT SAENS CAMILLE,,,Plein jour,En agglomération,Giratoire,Normale,Sans collision,,,,,,,,,,,1,2,6,1,7
200700041951,0007-07-06 20:40:00,7,7,6,20,40,110,262,"1, AOSTE (RUE D')",,,Plein jour,En agglomération,Hors intersection,Normale,Autre collision,,,,,,,,,,,1,2,1,1,6