accident_id,datetime,annee,mois,jour,heure,minute,departement,commune_insee,adresse,latitude,longitude,luminosite,agglomeration,intersection,meteo,collision,nb_vehicules,nb_usagers,nb_indemnes,nb_tues,nb_blesses_hosp,nb_blesses_legers,age_cond_1,age_cond_2,veh_type_cond_1,veh_type_cond_2,lum_code,agg_code,int_code,atm_code,col_code
200700041952,0007-07-18 15:30:00,7,7,18,15,30,110,262,"55, GAMBETTA (BOULEVARD)",,,Plein jour,En agglomération,Hors intersection,Normale,Autre collision,,,,,,,,,,,1,2,1,1,6
200700041953,0007-07-18 16:45:00,7,7,18,16,45,110,262,MARS (AVENUE DU CHAMP DE,,,Plein jour,En agglomération,Hors intersection,Normale,Autre collision,,,,,,,,,,,1,2,1,1,6
200700041954,0007-07-21 14:05:00,7,7,21,14,5,110,262,"1, TRENET (RUE CHARLES)",,,Plein jour,En agglomération,Hors intersection,Normale,Deux véhicules - arrière,,,,,,,,,,,1,2,1,1,2
200700041955,0007-07-04 09:40:00,7,7,4,9,40,120,145,"25, CAPELLE",,,Plein jour,En agglomération,Hors intersection,Pluie légère,Sans collision,,,,,,,,,,,1,2,1,2,7
200700041956,0007-07-07 00:25:00,7,7,7,0,25,120,202,"17, ESTOURMEL (BOULEVARD",,,Nuit avec éclairage allumé,En agglomération,Hors intersection,Normale,Autre collision,,,,,,,,,,,5,2,1,1,6
200700041957,0007-07-10 18:10:00,7,7,10,18,10,120,176,ROQUETTE (AVENUE DE LA),,,Plein jour,Hors agglomération,Giratoire,Pluie légère,Deux véhicules - arrière,,,,,,,,,,,1,1,6,2,2
200700041958,0007-07-16 12:25:00,7,7,16,12,25,120,176,ESPALION (ROUTE D'),,,Plein jour,Hors agglomération,Hors intersection,Normale,Deux véhicules - frontale,,,,,,,,,,,1,1,1,1,1
200700041959,0007-07-02 10:05:00,7,7,2,10,5,130,1,"1205, FERRINI FORTUNE (A",,,Plein jour,Hors agglomération,Hors intersection,Normale,Autre collision,,,,,,,,,,,1,1,1,1,6
200700041960,0007-07-03 18:25:00,7,7,3,18,25,130,1,ROGNES (RTE DE),,,Plein jour,Hors agglomération,Intersection en T,Normale,Autre collision,,,,,,,,,,,1,1,3,1,6
200700041961,0007-07-04 20:05:00,7,7,4,20,5,130,1,RD9,,,Plein jour,Hors agglomération,Hors intersection,Normale,Autre collision,,,,,,,,,,,1,1,1,1,6
200700041962,0007-07-05 17:30:00,7,7,5,17,30,130,1,RD9,,,Plein jour,Hors agglomération,Hors intersection,Vent fort / tempête,Deux véhicules - arrière,,,,,,,,,,,1,1,1,6,2
200700041963,0007-07-08 14:30:00,7,7,8,14,30,130,1,JUVENAL MAX (AV),,,Plein jour,En agglomération,Hors intersection,Normale,Autre collision,,,,,,,,,,,1,2,1,1,6
200700041964,0007-07-09 08:50:00,7,7,9,8,50,130,1,"10, BRIAND ARISTIDE (BD)",,,Plein jour,En agglomération,Hors intersection,Normale,Autre collision,,,,,,,,,,,1,2,1,1,6
200700041965,0007-07-11 19:10:00,7,7,11,19,10,130,1,MALACRIDA HENRI (AV),,,Plein jour,En agglomération,Hors intersection,Normale,Deux véhicules - arrière,,,,,,,,,,,1,2,1,1,2
200700041966,0007-07-11 19:50:00,7,7,11,19,50,130,1,ITALIE (RUE),,,Plein jour,En agglomération,Intersection en X,Normale,Autre collision,,,,,,,,,,,1,2,2,1,6
200700041967,0007-07-07 10:28:00,7,7,7,10,28,130,1,"15, MOLLE (RUE DE LA)",,,Plein jour,En agglomération,Hors intersection,Normale,Deux véhicules - arrière,,,,,,,,,,,1,2,1,1,2
200700041968,0007-07-11 18:00:00,7,7,11,18,0,130,1,"3110, R.N 7",,,Plein jour,Hors agglomération,Hors intersection,Normale,Trois véhicules et plus - en chaîne,,,,,,,,,,,1,1,1,1,4
200700041969,0007-07-14 05:55:00,7,7,14,5,55,130,1,RN 296,,,Nuit sans éclairage public,En agglomération,Hors intersection,Normale,Deux véhicules - arrière,,,,,,,,,,,3,2,1,1,2
200700041970,0007-07-15 01:20:00,7,7,15,1,20,130,1,R.N 7,,,Nuit avec éclairage allumé,Hors agglomération,Hors intersection,Normale,Deux véhicules - arrière,,,,,,,,,,,5,1,1,1,2
200700041971,0007-07-16 19:50:00,7,7,16,19,50,130,1,GIONO JEAN (AV),,,Plein jour,En agglomération,Hors intersection,Normale,Deux véhicules - côté,,,,,,,,,,,1,2,1,1,3
200700041972,0007-07-17 18:00:00,7,7,17,18,0,130,1,GALICE (RTE DE),,,Plein jour,En agglomération,Hors intersection,Normale,Deux véhicules - côté,,,,,,,,,,,1,2,1,1,3
200700041973,0007-07-18 23:30:00,7,7,18,23,30,130,1,"80, SIMONE (CH DE LA)",,,Nuit sans éclairage public,Hors agglomération,Hors intersection,Normale,Sans collision,,,,,,,,,,,3,1,1,1,7
200700041974,0007-07-26 18:45:00,7,7,26,18,45,130,1,FRANCE ANATOLE (RUE),,,Plein jour,En agglomération,Hors intersection,Normale,Autre collision,,,,,,,,,,,1,2,1,1,6
200700041975,0007-07-28 15:40:00,7,7,28,15,40,130,1,"1, CLUB HIPPIQUE (AV)",,,Plein jour,En agglomération,Hors intersection,Normale,Deux véhicules - arrière,,,,,,,,,,,1,2,1,1,2
200700041976,0007-07-29 05:20:00,7,7,29,5,20,130,1,DALMAS JEAN (RUE),,,Crépuscule ou aube,En agglomération,Hors intersection,Normale,Sans collision,,,,,,,,,,,2,2,1,1,7
200700041977,0007-07-28 20:25:00,7,7,28,20,25,130,1,MONNET JEAN (AV),,,Nuit sans éclairage public,En agglomération,Hors intersection,Normale,Deux véhicules - frontale,,,,,,,,,,,3,2,1,1,1
200700041978,0007-07-25 15:20:00,7,7,25,15,20,130,1,"5, SEXTIUS (COURS)",,,Plein jour,Hors agglomération,Hors intersection,Normale,Autre collision,,,,,,,,,,,1,1,1,1,6
200700041979,0007-07-26 13:15:00,7,7,26,13,15,130,1,ST HILAIRE (CH),,,Plein jour,Hors agglomération,Hors intersection,Normale,Deux véhicules - côté,,,,,,,,,,,1,1,1,1,3
200700041980,0007-07-23 21:30:00,7,7,23,21,30,130,1,ALLUMETTES (RUE DES),,,Crépuscule ou aube,Hors agglomération,Hors intersection,Normale,Deux véhicules - côté,,,,,,,,,,,2,1,1,1,3
200700041981,0007-07-03 08:00:00,7,7,3,8,0,130,4,RN 113,,,Plein jour,Hors agglomération,Autre intersection,Normale,Deux véhicules - côté,,,,,,,,,,,1,1,9,1,3
200700041982,0007-07-03 11:00:00,7,7,3,11,0,130,4,"09, LICES BOULEVARD DES",,,Plein jour,En agglomération,Hors intersection,Normale,Deux véhicules - côté,,,,,,,,,,,1,2,1,1,3
200700041983,0007-07-05 00:15:00,7,7,5,0,15,130,4,R.N.113,,,Nuit sans éclairage public,Hors agglomération,Hors intersection,Normale,Autre collision,,,,,,,,,,,3,1,1,1,6
200700041984,0007-07-04 10:10:00,7,7,4,10,10,130,4,"0, R.D.83 ROUTE D'EYGUIE",,,Plein jour,Hors agglomération,Intersection en T,Vent fort / tempête,Deux véhicules - arrière,,,,,,,,,,,1,1,3,6,2
200700041985,0007-07-10 14:20:00,7,7,10,14,20,130,4,R.D.N33 DE SAINT GABRIEL,,,Plein jour,Hors agglomération,Hors intersection,Normale,Autre collision,,,,,,,,,,,1,1,1,1,6
200700041986,0007-07-12 07:55:00,7,7,12,7,55,130,4,"0, HONGRIE AVENUE DE",,,Plein jour,En agglomération,Intersection en T,Normale,Sans collision,,,,,,,,,,,1,2,3,1,7
200700041987,0007-07-14 09:40:00,7,7,14,9,40,130,4,"0, ROGER REBOUL ROND POI",,,Plein jour,En agglomération,Giratoire,Normale,Deux véhicules - côté,,,,,,,,,,,1,2,6,1,3
200700041988,0007-07-13 16:35:00,7,7,13,16,35,130,4,LAMARTINE PLACE,,,Plein jour,En agglomération,Giratoire,Normale,Deux véhicules - côté,,,,,,,,,,,1,2,6,1,3
200700041989,0007-07-15 17:20:00,7,7,15,17,20,130,4,R.D 570N,,,Plein jour,Hors agglomération,Hors intersection,Normale,Sans collision,,,,,,,,,,,1,1,1,1,7
200700041990,0007-07-20 13:05:00,7,7,20,13,5,130,4,R.D.83 ROUTE D'EYGUIERES,,,Plein jour,Hors agglomération,Hors intersection,Normale,Autre collision,,,,,,,,,,,1,1,1,1,6
200700041991,0007-07-22 09:20:00,7,7,22,9,20,130,4,DOCTEUR JOSEPH IMBERT AV,,,Plein jour,En agglomération,Hors intersection,Normale,Autre collision,,,,,,,,,,,1,2,1,1,6
200700041992,0007-07-25 19:20:00,7,7,25,19,20,130,4,EMILE FASSIN RUE,,,Plein jour,En agglomération,Intersection en T,Normale,Autre collision,,,,,,,,,,,1,2,3,1,6
200700041993,0007-07-25 19:45:00,7,7,25,19,45,130,4,"0, R.D.83 ROUTE D'EYGUIE",,,Plein jour,Hors agglomération,Intersection en T,Normale,Autre collision,,,,,,,,,,,1,1,3,1,6
200700041994,0007-07-28 20:55:00,7,7,28,20,55,130,4,LAMARTINE PLACE,,,Plein jour,En agglomération,Giratoire,Normale,Sans collision,,,,,,,,,,,1,2,6,1,7
200700041995,0007-07-25 10:40:00,7,7,25,10,40,130,4,MURAILLETTES CHEMIN DES,,,Plein jour,En agglomération,Intersection en T,Normale,Autre collision,,,,,,,,,,,1,2,3,1,6
200700041996,0007-07-18 10:55:00,7,7,18,10,55,130,70,"209, VOLTAIRE (BOULEVARD",,,Plein jour,En agglomération,Hors intersection,Normale,Deux véhicules - frontale,,,,,,,,,,,1,2,1,1,1
200700041997,0007-07-14 16:15:00,7,7,14,16,15,130,5,BOYER (AVENUE ANTIDE),,,Plein jour,En agglomération,Hors intersection,Normale,Sans collision,,,,,,,,,,,1,2,1,1,7
200700041998,0007-07-17 12:40:00,7,7,17,12,40,130,5,RD 559 A (ROUTE DE LA BE,,,Plein jour,En agglomération,Hors intersection,Normale,Trois véhicules et plus - collisions multiples,,,,,,,,,,,1,2,1,1,5
200700041999,0007-07-08 21:40:00,7,7,8,21,40,130,28,"6, QUAI GANTEAUME",,,Nuit avec éclairage allumé,En agglomération,Hors intersection,Normale,Autre collision,,,,,,,,,,,5,2,1,1,6
200700042000,0007-07-08 22:35:00,7,7,8,22,35,130,47,RASSUEN ROUTE DE,,,Nuit sans éclairage public,Hors agglomération,Autre intersection,Normale,Autre collision,,,,,,,,,,,3,1,9,1,6
200700042001,0007-07-12 07:15:00,7,7,12,7,15,130,47,RN 1589 LA TRANSHUMANCE,,,Plein jour,Hors agglomération,Autre intersection,Normale,Deux véhicules - côté,,,,,,,,,,,1,1,9,1,3
200700042002,0007-07-13 12:50:00,7,7,13,12,50,130,47,BEL AIR CHEMIN,,,Plein jour,Hors agglomération,Autre intersection,Normale,Deux véhicules - côté,,,,,,,,,,,1,1,9,1,3
200700042003,0007-07-05 12:15:00,7,7,5,12,15,130,47,RN 1569,,,Plein jour,Hors agglomération,Hors intersection,Temps éblouissant,Deux véhicules - arrière,,,,,,,,,,,1,1,1,7,2
200700042004,0007-07-10 11:45:00,7,7,10,11,45,130,63,"1, JEAN MERMOZ AVENUE",,,Plein jour,En agglomération,Intersection en T,Normale,Deux véhicules - côté,,,,,,,,,,,1,2,3,1,3
200700042005,0007-07-13 19:15:00,7,7,13,19,15,130,98,D.5,,,Plein jour,Hors agglomération,Hors intersection,Normale,Deux véhicules - côté,,,,,,,,,,,1,1,1,1,3
200700042006,0007-07-04 18:50:00,7,7,4,18,50,130,63,"1, LEVANT  AVENUE DU",,,Plein jour,En agglomération,Hors intersection,Normale,Autre collision,,,,,,,,,,,1,2,1,1,6
200700042007,0007-07-02 12:00:00,7,7,2,12,0,130,54,MAI-45 AV DU 8,,,Plein jour,En agglomération,Hors intersection,Normale,Trois véhicules et plus - collisions multiples,,,,,,,,,,,1,2,1,1,5
200700042008,0007-07-04 10:20:00,7,7,4,10,20,130,54,MAI-45 AV DU 8,,,Plein jour,En agglomération,Hors intersection,Normale,Trois véhicules et plus - en chaîne,,,,,,,,,,,1,2,1,1,4
200700042009,0007-07-04 12:10:00,7,7,4,12,10,130,43,FRANCOIS MITTERAND  AVEN,,,Plein jour,Hors agglomération,Hors intersection,Normale,Deux véhicules - côté,,,,,,,,,,,1,1,1,1,3
200700042010,0007-07-05 21:45:00,7,7,5,21,45,130,43,ROUTE NATIONALE 568,,,Nuit avec éclairage allumé,En agglomération,Giratoire,Normale,Deux véhicules - arrière,,,,,,,,,,,5,2,6,1,2
200700042011,0007-07-11 17:00:00,7,7,11,17,0,130,54,HUIT MAI 1945  AVE DU,,,Plein jour,En agglomération,Hors intersection,Normale,Trois véhicules et plus - en chaîne,,,,,,,,,,,1,2,1,1,4
200700042012,0007-07-19 20:40:00,7,7,19,20,40,130,54,"10, CD9",,,Nuit sans éclairage public,Hors agglomération,Hors intersection,Normale,Autre collision,,,,,,,,,,,3,1,1,1,6
200700042013,0007-07-27 14:00:00,7,7,27,14,0,130,54,PLAGE  ROUTE DE LA,,,Plein jour,En agglomération,Hors intersection,Normale,Deux véhicules - côté,,,,,,,,,,,1,2,1,1,3
200700042014,0007-07-25 19:15:00,7,7,25,19,15,130,55,BAILLE (BOULEVARD),,,Plein jour,En agglomération,Intersection en X,Normale,Deux véhicules - côté,,,,,,,,,,,1,2,2,1,3
200700042015,0007-07-02 10:00:00,7,7,2,10,0,130,55,DAMES (BOULEVARD DES),,,Plein jour,En agglomération,Intersection en T,Normale,Autre collision,,,,,,,,,,,1,2,3,1,6
200700042016,0007-07-01 14:30:00,7,7,1,14,30,130,55,"284, VALENTINE (ROUTE DE",,,Plein jour,En agglomération,Hors intersection,Normale,Autre collision,,,,,,,,,,,1,2,1,1,6
200700042017,0007-07-01 07:00:00,7,7,1,7,0,130,55,"187, POILUS (AVENUE DES)",,,Plein jour,En agglomération,Intersection en X,Normale,Deux véhicules - côté,,,,,,,,,,,1,2,2,1,3
200700042018,0007-07-03 18:55:00,7,7,3,18,55,130,55,"88, BAUME LOUBI (TRAVERS",,,Plein jour,En agglomération,Hors intersection,Normale,Deux véhicules - frontale,,,,,,,,,,,1,2,1,1,1
200700042019,0007-07-01 20:00:00,7,7,1,20,0,130,2,"634, ETIENNE CUCCA-CD908",,,Nuit avec éclairage allumé,En agglomération,Hors intersection,Normale,Deux véhicules - frontale,,,,,,,,,,,5,2,1,1,1
200700042020,0007-07-01 19:50:00,7,7,1,19,50,130,55,"11, GARLABAN (AVENUE DE)",,,Plein jour,En agglomération,Hors intersection,Normale,Deux véhicules - arrière,,,,,,,,,,,1,2,1,1,2
200700042021,0007-07-05 22:50:00,7,7,5,22,50,130,55,"160, SAINT MARCEL (BOULE",,,Nuit avec éclairage allumé,En agglomération,Hors intersection,Normale,Sans collision,,,,,,,,,,,5,2,1,1,7
200700042022,0007-07-06 15:00:00,7,7,6,15,0,130,55,"0, BOURRELY (CHEMIN DES)",,,Plein jour,En agglomération,Hors intersection,Normale,Deux véhicules - côté,,,,,,,,,,,1,2,1,1,3
200700042023,0007-07-07 17:00:00,7,7,7,17,0,130,55,VISTE (AVENUE DE LA),,,Plein jour,En agglomération,Intersection en T,Normale,Deux véhicules - côté,,,,,,,,,,,1,2,3,1,3
200700042024,0007-07-08 03:00:00,7,7,8,3,0,130,55,"39, SAKAKINI (BOULEVARD)",,,Nuit avec éclairage allumé,En agglomération,Intersection en Y,Normale,Deux véhicules - arrière,,,,,,,,,,,5,2,4,1,2
200700042025,0007-07-06 17:50:00,7,7,6,17,50,130,55,ARNAVON (AVENUE),,,Plein jour,En agglomération,Hors intersection,Normale,Trois véhicules et plus - en chaîne,,,,,,,,,,,1,2,1,1,4
200700042026,0007-07-07 20:50:00,7,7,7,20,50,130,55,"04, KADDOUZ (CHEMIN)",,,Crépuscule ou aube,En agglomération,Hors intersection,Normale,Autre collision,,,,,,,,,,,2,2,1,1,6
200700042027,0007-07-01 05:30:00,7,7,1,5,30,130,55,"56, CORNICHE KENNEDY",,,Crépuscule ou aube,En agglomération,Hors intersection,Normale,Deux véhicules - arrière,,,,,,,,,,,2,2,1,1,2
200700042028,0007-07-06 14:30:00,7,7,6,14,30,130,55,"70, SAINT ELOI (RUE)",,,Plein jour,En agglomération,Hors intersection,Normale,Autre collision,,,,,,,,,,,1,2,1,1,6
200700042029,0007-07-03 17:00:00,7,7,3,17,0,130,55,TROIS LUC (RUE),,,Plein jour,En agglomération,Hors intersection,Normale,Autre collision,,,,,,,,,,,1,2,1,1,6
200700042030,0007-07-08 17:50:00,7,7,8,17,50,130,55,"388, PRADO (AVENUE)",,,Plein jour,En agglomération,Hors intersection,Normale,Autre collision,,,,,,,,,,,1,2,1,1,6
200700042031,0007-07-02 08:40:00,7,7,2,8,40,130,55,", CALLELONGUE (RUE)",,,Plein jour,En agglomération,Hors intersection,Normale,Deux véhicules - arrière,,,,,,,,,,,1,2,1,1,2
200700042032,0007-07-05 19:25:00,7,7,5,19,25,130,55,", MICHELET (BOULEVARD)",,,Plein jour,En agglomération,Hors intersection,Normale,Trois véhicules et plus - collisions multiples,,,,,,,,,,,1,2,1,1,5
200700042033,0007-07-06 13:00:00,7,7,6,13,0,130,55,JEAN MOULIN (BOULEVARD),,,Plein jour,En agglomération,Hors intersection,Normale,Deux véhicules - arrière,,,,,,,,,,,1,2,1,1,2
200700042034,0007-07-02 11:35:00,7,7,2,11,35,130,55,"2, LÉON MEISSEREL (RUE)",,,Plein jour,En agglomération,Hors intersection,Normale,Autre collision,,,,,,,,,,,1,2,1,1,6
200700042035,0007-07-05 10:15:00,7,7,5,10,15,130,55,"110, PONT DE VIVAUX (BOU",,,Plein jour,En agglomération,Hors intersection,Normale,Deux véhicules - côté,,,,,,,,,,,1,2,1,1,3
200700042036,0007-07-06 17:05:00,7,7,6,17,5,130,55,"120, LIEUTAUD (COURS)",,,Plein jour,En agglomération,Hors intersection,Normale,Autre collision,,,,,,,,,,,1,2,1,1,6
200700042037,0007-07-10 14:30:00,7,7,10,14,30,130,55,"4, HOCHE (RUE)",,,Plein jour,En agglomération,Hors intersection,Vent fort / tempête,Autre collision,,,,,,,,,,,1,2,1,6,6
200700042038,0007-07-08 20:40:00,7,7,8,20,40,130,55,MERLAN (AVENUE),,,Plein jour,En agglomération,Intersection en X,Normale,Deux véhicules - côté,,,,,,,,,,,1,2,2,1,3
200700042039,0007-07-05 16:00:00,7,7,5,16,0,130,55,"3, CORDERIE (BOULEVARD D",,,Plein jour,En agglomération,Hors intersection,Normale,Sans collision,,,,,,,,,,,1,2,1,1,7
200700042040,0007-07-03 16:45:00,7,7,3,16,45,130,55,JEAN MOULIN (BOULEVARD),,,Plein jour,En agglomération,Hors intersection,Normale,Deux véhicules - arrière,,,,,,,,,,,1,2,1,1,2
200700042041,0007-07-04 19:30:00,7,7,4,19,30,130,55,SAINT PIERRE (RUE),,,Plein jour,En agglomération,Intersection en T,Normale,Deux véhicules - côté,,,,,,,,,,,1,2,3,1,3
200700042042,0007-07-05 08:50:00,7,7,5,8,50,130,55,MICHELET (BOULEVARD),,,Plein jour,En agglomération,Intersection en T,Normale,Deux véhicules - arrière,,,,,,,,,,,1,2,3,1,2
200700042043,0007-07-05 11:50:00,7,7,5,11,50,130,55,"107, BLANCARDE (BOULEVAR",,,Plein jour,En agglomération,Hors intersection,Normale,Autre collision,,,,,,,,,,,1,2,1,1,6
200700042044,0007-07-05 10:45:00,7,7,5,10,45,130,55,"11, ATHENES (BOULEVARD D",,,Plein jour,En agglomération,Intersection en T,Normale,Deux véhicules - frontale,,,,,,,,,,,1,2,3,1,1
200700042045,0007-07-11 10:15:00,7,7,11,10,15,130,55,CANEBIERE    81 A FIN,,,Plein jour,En agglomération,Hors intersection,Normale,Autre collision,,,,,,,,,,,1,2,1,1,6
200700042046,0007-07-10 15:10:00,7,7,10,15,10,130,55,PARADIS (RUE),,,Plein jour,En agglomération,Intersection en T,Normale,Deux véhicules - côté,,,,,,,,,,,1,2,3,1,3
200700042047,0007-07-06 09:10:00,7,7,6,9,10,130,55,LIEUTAUD (COURS),,,Plein jour,En agglomération,Hors intersection,Normale,Autre collision,,,,,,,,,,,1,2,1,1,6
200700042048,0007-07-02 14:00:00,7,7,2,14,0,130,55,"1, BEAUVAU (RUE)",,,Plein jour,En agglomération,Intersection en T,Normale,Autre collision,,,,,,,,,,,1,2,3,1,6
200700042049,0007-07-02 10:40:00,7,7,2,10,40,130,55,SABLIERE (ROUTE DE LA),,,Plein jour,En agglomération,Giratoire,Normale,Sans collision,,,,,,,,,,,1,2,6,1,7
200700042050,0007-07-05 19:00:00,7,7,5,19,0,130,55,"274, POILUS (AVENUE DES)",,,Plein jour,En agglomération,Hors intersection,Normale,Trois véhicules et plus - collisions multiples,,,,,,,,,,,1,2,1,1,5
200700042051,0007-07-07 05:30:00,7,7,7,5,30,130,55,"81, POMPIDOU (PROMENADE)",,,Nuit avec éclairage allumé,En agglomération,Hors intersection,Normale,Deux véhicules - côté,,,,,,,,,,,5,2,1,1,3
200700042052,0007-07-03 18:00:00,7,7,3,18,0,130,55,POILUS (AVENUE DES),,,Plein jour,En agglomération,Hors intersection,Normale,Trois véhicules et plus - collisions multiples,,,,,,,,,,,1,2,1,1,5
200700042053,0007-07-12 18:50:00,7,7,12,18,50,130,55,"51, LIBERATION (BOULEVAR",,,Plein jour,En agglomération,Hors intersection,Normale,Autre collision,,,,,,,,,,,1,2,1,1,6
200700042054,0007-07-09 16:30:00,7,7,9,16,30,130,55,"48, PLOMBIERES (BOULEVAR",,,Plein jour,En agglomération,Hors intersection,Normale,Deux véhicules - arrière,,,,,,,,,,,1,2,1,1,2
200700042055,0007-07-08 12:20:00,7,7,8,12,20,130,55,JOSEPH AIGUIER (CHEMIN),,,Plein jour,En agglomération,Intersection en T,Normale,Deux véhicules - côté,,,,,,,,,,,1,2,3,1,3
200700042056,0007-07-06 10:50:00,7,7,6,10,50,130,55,CAILLOLS (AVENUE DES),,,Plein jour,En agglomération,Hors intersection,Normale,Autre collision,,,,,,,,,,,1,2,1,1,6
200700042057,0007-07-13 13:55:00,7,7,13,13,55,130,55,MARCHE D'IN (AVENUE),,,Plein jour,En agglomération,Hors intersection,Normale,Deux véhicules - arrière,,,,,,,,,,,1,2,1,1,2
200700042058,0007-07-13 19:45:00,7,7,13,19,45,130,55,POLOGNE (PLACE DE),,,Plein jour,En agglomération,Giratoire,Normale,Deux véhicules - côté,,,,,,,,,,,1,2,6,1,3
200700042059,0007-07-14 14:30:00,7,7,14,14,30,130,55,"136, COMMANDANT ROLLAND",,,Plein jour,En agglomération,Hors intersection,Normale,Autre collision,,,,,,,,,,,1,2,1,1,6
200700042060,0007-07-14 01:00:00,7,7,14,1,0,130,55,MONTRE (TRAVERSE DE LA),,,Nuit avec éclairage allumé,En agglomération,Hors intersection,Normale,Sans collision,,,,,,,,,,,5,2,1,1,7
200700042061,0007-07-10 19:30:00,7,7,10,19,30,130,55,"302, NATIONAL (BOULEVARD",,,Plein jour,En agglomération,Hors intersection,Vent fort / tempête,Deux véhicules - côté,,,,,,,,,,,1,2,1,6,3
200700042062,0007-07-11 18:00:00,7,7,11,18,0,130,55,"134, MIREILLE LAUZE (BOU",,,Plein jour,En agglomération,Hors intersection,Normale,Autre collision,,,,,,,,,,,1,2,1,1,6
200700042063,0007-07-03 16:30:00,7,7,3,16,30,130,55,PRADO (AVENUE DU),,,Plein jour,En agglomération,Intersection en T,Normale,Deux véhicules - côté,,,,,,,,,,,1,2,3,1,3
200700042064,0007-07-07 11:45:00,7,7,7,11,45,130,55,PRADO (AVENUE),,,Plein jour,En agglomération,Intersection en X,Normale,Deux véhicules - côté,,,,,,,,,,,1,2,2,1,3
200700042065,0007-07-07 06:15:00,7,7,7,6,15,130,55,FERDIN FLOTTE (AVENUE),,,Crépuscule ou aube,En agglomération,Hors intersection,Normale,Autre collision,,,,,,,,,,,2,2,1,1,6
200700042066,0007-07-04 10:45:00,7,7,4,10,45,130,55,VITON (AVENUE),,,Plein jour,En agglomération,Hors intersection,Normale,Autre collision,,,,,,,,,,,1,2,1,1,6
200700042067,0007-07-08 04:00:00,7,7,8,4,0,130,55,EUGENE PIERRE (BOULEVARD,,,Nuit avec éclairage allumé,En agglomération,Intersection en X,Normale,Deux véhicules - côté,,,,,,,,,,,5,2,2,1,3
200700042068,0007-07-05 16:45:00,7,7,5,16,45,130,55,"101, LIEUTAUD (COURS)",,,Plein jour,En agglomération,Hors intersection,Normale,Trois véhicules et plus - en chaîne,,,,,,,,,,,1,2,1,1,4
200700042069,0007-07-15 13:45:00,7,7,15,13,45,130,55,PRADEL (TRAVERSE DU),,,Plein jour,En agglomération,Intersection en T,Normale,Deux véhicules - côté,,,,,,,,,,,1,2,3,1,3
200700042070,0007-07-16 18:35:00,7,7,16,18,35,130,55,"91, PLOMBIERES (BOULEVAR",,,Plein jour,En agglomération,Hors intersection,Normale,Deux véhicules - arrière,,,,,,,,,,,1,2,1,1,2
200700042071,0007-07-13 19:00:00,7,7,13,19,0,130,55,"111, CAMOINS (AVENUE DES",,,Plein jour,En agglomération,Hors intersection,Normale,Autre collision,,,,,,,,,,,1,2,1,1,6
200700042072,0007-07-12 14:15:00,7,7,12,14,15,130,55,"68, AUGUSTIN AUBERT (RUE",,,Plein jour,En agglomération,Hors intersection,Normale,Trois véhicules et plus - en chaîne,,,,,,,,,,,1,2,1,1,4
200700042073,0007-07-17 11:35:00,7,7,17,11,35,130,55,SAINT JEAN (CHEMIN),,,Plein jour,En agglomération,Intersection en X,Normale,Deux véhicules - côté,,,,,,,,,,,1,2,2,1,3
200700042074,0007-07-17 08:45:00,7,7,17,8,45,130,55,"27, JEAN MOULIN (BOULEVA",,,Plein jour,En agglomération,Hors intersection,Normale,Autre collision,,,,,,,,,,,1,2,1,1,6
200700042075,0007-07-14 02:00:00,7,7,14,2,0,130,55,"40, ITALIE (RUE D')",,,Nuit avec éclairage allumé,En agglomération,Hors intersection,Normale,Deux véhicules - arrière,,,,,,,,,,,5,2,1,1,2
200700042076,0007-07-01 09:30:00,7,7,1,9,30,130,55,TROIS MAGES (RUE DES),,,Plein jour,En agglomération,Hors intersection,Normale,Sans collision,,,,,,,,,,,1,2,1,1,7
200700042077,0007-07-14 03:15:00,7,7,14,3,15,130,55,PRADO (AVENUE DU),,,Nuit avec éclairage allumé,En agglomération,Hors intersection,Normale,Sans collision,,,,,,,,,,,5,2,1,1,7
200700042078,0007-07-11 16:00:00,7,7,11,16,0,130,55,"111, ALPHONSE DAUDET (RU",,,Plein jour,En agglomération,Hors intersection,Normale,Deux véhicules - côté,,,,,,,,,,,1,2,1,1,3
200700042079,0007-07-06 19:00:00,7,7,6,19,0,130,55,"20, CURIE (RUE)",,,Plein jour,En agglomération,Hors intersection,Normale,Deux véhicules - côté,,,,,,,,,,,1,2,1,1,3
200700042080,0007-07-12 08:20:00,7,7,12,8,20,130,55,GAFFAREL (RUE),,,Plein jour,En agglomération,Hors intersection,Normale,Autre collision,,,,,,,,,,,1,2,1,1,6
200700042081,0007-07-12 16:50:00,7,7,12,16,50,130,55,"358, SAINT ANTOINE (AVEN",,,Plein jour,En agglomération,Hors intersection,Normale,Autre collision,,,,,,,,,,,1,2,1,1,6
200700042082,0007-07-12 16:20:00,7,7,12,16,20,130,55,"46, CANEBIERE     1 A 79",,,Plein jour,En agglomération,Hors intersection,Normale,Autre collision,,,,,,,,,,,1,2,1,1,6
200700042083,0007-07-16 14:00:00,7,7,16,14,0,130,55,"1, SAKAKINI (BOULEVARD)",,,Plein jour,En agglomération,Hors intersection,Normale,Sans collision,,,,,,,,,,,1,2,1,1,7
200700042084,0007-07-05 08:25:00,7,7,5,8,25,130,55,MICHELET (BOULEVARD),,,Plein jour,En agglomération,Hors intersection,Normale,Deux véhicules - côté,,,,,,,,,,,1,2,1,1,3
200700042085,0007-07-17 00:45:00,7,7,17,0,45,130,55,MICHELET (BOULEVARD),,,Nuit avec éclairage allumé,En agglomération,Hors intersection,Normale,Deux véhicules - frontale,,,,,,,,,,,5,2,1,1,1
200700042086,0007-07-02 10:30:00,7,7,2,10,30,130,55,"5, GARIBALDI (BOULEVARD)",,,Plein jour,En agglomération,Hors intersection,Normale,Deux véhicules - arrière,,,,,,,,,,,1,2,1,1,2