accident_id,datetime,annee,mois,jour,heure,minute,departement,commune_insee,adresse,latitude,longitude,luminosite,agglomeration,intersection,meteo,collision,nb_vehicules,nb_usagers,nb_indemnes,nb_tues,nb_blesses_hosp,nb_blesses_legers,age_cond_1,age_cond_2,veh_type_cond_1,veh_type_cond_2,lum_code,agg_code,int_code,atm_code,col_code
200700042087,0007-07-07 14:00:00,7,7,7,14,0,130,55,"111, BLANCARDE (BOULEVAR",,,Plein jour,En agglomération,Hors intersection,Normale,Autre collision,,,,,,,,,,,1,2,1,1,6
200700042088,0007-07-13 16:00:00,7,7,13,16,0,130,55,"2, PROVENCE (RUE DE)",,,Plein jour,En agglomération,Hors intersection,Normale,Autre collision,,,,,,,,,,,1,2,1,1,6
200700042089,0007-07-16 14:01:00,7,7,16,14,1,130,55,"40, CHUTES LAVI (AVENUE)",,,Plein jour,En agglomération,Intersection en X,Normale,Deux véhicules - côté,,,,,,,,,,,1,2,2,1,3
200700042090,0007-07-12 08:00:00,7,7,12,8,0,130,55,MARÉCHAL DE LATTRE (AVEN,,,Plein jour,En agglomération,Autre intersection,Normale,Deux véhicules - arrière,,,,,,,,,,,1,2,9,1,2
200700042091,0007-07-10 18:15:00,7,7,10,18,15,130,55,PRADO (AVENUE),,,Plein jour,En agglomération,Autre intersection,Normale,Deux véhicules - arrière,,,,,,,,,,,1,2,9,1,2
200700042092,0007-07-07 12:15:00,7,7,7,12,15,130,55,PARADE (RUE),,,Plein jour,En agglomération,Hors intersection,Normale,Deux véhicules - côté,,,,,,,,,,,1,2,1,1,3
200700042093,0007-07-12 15:50:00,7,7,12,15,50,130,55,FAUCHIER (RUE),,,Plein jour,En agglomération,Intersection en X,Normale,Deux véhicules - côté,,,,,,,,,,,1,2,2,1,3
200700042094,0007-07-16 18:45:00,7,7,16,18,45,130,55,BASSINS DE RADOUB (BOULE,,,Plein jour,En agglomération,Hors intersection,Normale,Deux véhicules - côté,,,,,,,,,,,1,2,1,1,3
200700042095,0007-07-11 13:15:00,7,7,11,13,15,130,55,"213, MORGIOU (CHEMIN DE)",,,Plein jour,En agglomération,Hors intersection,Normale,Autre collision,,,,,,,,,,,1,2,1,1,6
200700042096,0007-07-07 11:46:00,7,7,7,11,46,130,55,"540, SAINT PIERRE (RUE)",,,Plein jour,En agglomération,Hors intersection,Normale,Deux véhicules - arrière,,,,,,,,,,,1,2,1,1,2
200700042097,0007-07-16 12:50:00,7,7,16,12,50,130,55,"204, MICHELET (BOULEVARD",,,Plein jour,En agglomération,Hors intersection,Normale,Autre collision,,,,,,,,,,,1,2,1,1,6
200700042098,0007-07-21 01:00:00,7,7,21,1,0,130,55,LÉON LACHAMP (ROUTE),,,Nuit sans éclairage public,En agglomération,Hors intersection,Normale,Autre collision,,,,,,,,,,,3,2,1,1,6
200700042099,0007-07-18 12:15:00,7,7,18,12,15,130,55,"137, AYGALADES (AVENUE D",,,Plein jour,En agglomération,Autre intersection,Normale,Deux véhicules - côté,,,,,,,,,,,1,2,9,1,3
200700042100,0007-07-02 02:00:00,7,7,2,2,0,130,55,LA FOURRAGERE (AVENUE),,,Nuit avec éclairage allumé,En agglomération,Hors intersection,Normale,Autre collision,,,,,,,,,,,5,2,1,1,6
200700042101,0007-07-17 17:40:00,7,7,17,17,40,130,55,JACQUES HEBERT (RUE),,,Plein jour,En agglomération,Hors intersection,Temps éblouissant,Autre collision,,,,,,,,,,,1,2,1,7,6
200700042102,0007-07-17 19:00:00,7,7,17,19,0,130,55,"45, FORBIN (RUE DE)",,,Plein jour,En agglomération,Hors intersection,Normale,Autre collision,,,,,,,,,,,1,2,1,1,6
200700042103,0007-07-17 21:10:00,7,7,17,21,10,130,55,SAKAKINI (BOULEVARD),,,Nuit avec éclairage allumé,En agglomération,Hors intersection,Normale,Deux véhicules - arrière,,,,,,,,,,,5,2,1,1,2
200700042104,0007-07-14 12:00:00,7,7,14,12,0,130,55,"38, TROIS ROIS (RUE DES)",,,Plein jour,En agglomération,Hors intersection,Normale,Sans collision,,,,,,,,,,,1,2,1,1,7
200700042105,0007-07-19 02:55:00,7,7,19,2,55,130,55,JEAN MOULIN (BOULEVARD),,,Nuit avec éclairage allumé,En agglomération,Hors intersection,Normale,Sans collision,,,,,,,,,,,5,2,1,1,7
200700042106,0007-07-19 11:15:00,7,7,19,11,15,130,55,"30, JULIEN (COURS)",,,Plein jour,En agglomération,Hors intersection,Normale,Autre collision,,,,,,,,,,,1,2,1,1,6
200700042107,0007-07-12 10:30:00,7,7,12,10,30,130,55,"47, RIVE NEUVE (QUAI)",,,Plein jour,En agglomération,Hors intersection,Normale,Deux véhicules - côté,,,,,,,,,,,1,2,1,1,3
200700042108,0007-07-17 10:20:00,7,7,17,10,20,130,55,CHARLES LIVON (BOULEVARD,,,Plein jour,Hors agglomération,Hors intersection,Normale,Deux véhicules - côté,,,,,,,,,,,1,1,1,1,3
200700042109,0007-07-18 08:00:00,7,7,18,8,0,130,55,"02, FRANCOISE DUPARC (BO",,,Plein jour,En agglomération,Hors intersection,Normale,Sans collision,,,,,,,,,,,1,2,1,1,7
200700042110,0007-07-11 19:50:00,7,7,11,19,50,130,55,OLIVES (AVENUE DES),,,Crépuscule ou aube,En agglomération,Intersection en T,Normale,Deux véhicules - côté,,,,,,,,,,,2,2,3,1,3
200700042111,0007-07-05 09:40:00,7,7,5,9,40,130,55,BELLE DE MAI (RUE),,,Plein jour,En agglomération,Hors intersection,Normale,Autre collision,,,,,,,,,,,1,2,1,1,6
200700042112,0007-07-10 08:20:00,7,7,10,8,20,130,55,FAIENCIERS (TRAVERSE DES,,,Plein jour,En agglomération,Hors intersection,Normale,Autre collision,,,,,,,,,,,1,2,1,1,6
200700042113,0007-07-25 00:20:00,7,7,25,0,20,130,55,"15, 24 AVRIL 15 (AVENUE",,,Nuit avec éclairage allumé,En agglomération,Hors intersection,Normale,Sans collision,,,,,,,,,,,5,2,1,1,7
200700042114,0007-07-24 20:00:00,7,7,24,20,0,130,55,TILLEULS (BOULEVARD),,,Crépuscule ou aube,En agglomération,Hors intersection,Normale,Deux véhicules - arrière,,,,,,,,,,,2,2,1,1,2
200700042115,0007-07-11 09:10:00,7,7,11,9,10,130,55,"137, ROMAIN ROLLAND (BOU",,,Plein jour,En agglomération,Hors intersection,Normale,Trois véhicules et plus - collisions multiples,,,,,,,,,,,1,2,1,1,5
200700042116,0007-07-17 15:10:00,7,7,17,15,10,130,55,"3, BESSONS (CHEMIN DES)",,,Plein jour,En agglomération,Hors intersection,Normale,Deux véhicules - frontale,,,,,,,,,,,1,2,1,1,1
200700042117,0007-07-06 01:30:00,7,7,6,1,30,130,55,"120, COMMANDANT ROLLAND",,,Nuit avec éclairage allumé,En agglomération,Hors intersection,Normale,Sans collision,,,,,,,,,,,5,2,1,1,7
200700042118,0007-07-12 23:00:00,7,7,12,23,0,130,55,"203, MENDES FRANCE (AVEN",,,Nuit avec éclairage allumé,En agglomération,Hors intersection,Normale,Autre collision,,,,,,,,,,,5,2,1,1,6
200700042119,0007-07-21 12:30:00,7,7,21,12,30,130,55,"486, PARADIS (RUE)",,,Plein jour,En agglomération,Hors intersection,Normale,Deux véhicules - côté,,,,,,,,,,,1,2,1,1,3
200700042120,0007-07-03 08:00:00,7,7,3,8,0,130,55,"49, SABLIERE (ROUTE DE L",,,Plein jour,En agglomération,Hors intersection,Normale,Deux véhicules - côté,,,,,,,,,,,1,2,1,1,3
200700042121,0007-07-14 23:15:00,7,7,14,23,15,130,55,"01, NATIONALE (RUE)",,,Nuit avec éclairage allumé,En agglomération,Hors intersection,Normale,Autre collision,,,,,,,,,,,5,2,1,1,6
200700042122,0007-07-17 12:30:00,7,7,17,12,30,130,55,"129, LIEUTAUD (COURS)",,,Plein jour,En agglomération,Hors intersection,Normale,Autre collision,,,,,,,,,,,1,2,1,1,6
200700042123,0007-07-25 12:30:00,7,7,25,12,30,130,55,"39, FLAMMARION (BOULEVAR",,,Plein jour,En agglomération,Hors intersection,Normale,Autre collision,,,,,,,,,,,1,2,1,1,6
200700042124,0007-07-04 15:30:00,7,7,4,15,30,130,55,MERLAN (AVENUE),,,Plein jour,En agglomération,Hors intersection,Normale,Deux véhicules - côté,,,,,,,,,,,1,2,1,1,3
200700042125,0007-07-12 07:30:00,7,7,12,7,30,130,55,SIMON BOLIVAR (BOULEVARD,,,Plein jour,En agglomération,Hors intersection,Normale,Deux véhicules - arrière,,,,,,,,,,,1,2,1,1,2
200700042126,0007-07-25 19:30:00,7,7,25,19,30,130,55,PRADO (AVENUE),,,Plein jour,En agglomération,Hors intersection,Normale,Deux véhicules - côté,,,,,,,,,,,1,2,1,1,3
200700042127,0007-07-25 18:30:00,7,7,25,18,30,130,55,"40, CHUTES LAVIE (AVENUE",,,Plein jour,En agglomération,Intersection en X,Normale,Deux véhicules - côté,,,,,,,,,,,1,2,2,1,3
200700042128,0007-07-13 20:30:00,7,7,13,20,30,130,55,SCHLOESING (BOULEVARD),,,Plein jour,En agglomération,Hors intersection,Normale,Deux véhicules - arrière,,,,,,,,,,,1,2,1,1,2
200700042129,0007-07-16 07:30:00,7,7,16,7,30,130,55,"223, PLOMBIERES (BOULEVA",,,Plein jour,En agglomération,Hors intersection,Normale,Deux véhicules - arrière,,,,,,,,,,,1,2,1,1,2
200700042130,0007-07-16 08:30:00,7,7,16,8,30,130,55,GIBBES (CHEMIN DE),,,Plein jour,En agglomération,Hors intersection,Normale,Deux véhicules - arrière,,,,,,,,,,,1,2,1,1,2
200700042131,0007-07-15 13:50:00,7,7,15,13,50,130,55,CHUTES LAVI (AVENUE),,,Plein jour,En agglomération,Intersection en T,Normale,Deux véhicules - côté,,,,,,,,,,,1,2,3,1,3
200700042132,0007-07-16 13:20:00,7,7,16,13,20,130,55,"60, SAINT JUST (AVENUE D",,,Plein jour,En agglomération,Hors intersection,Normale,Deux véhicules - arrière,,,,,,,,,,,1,2,1,1,2
200700042133,0007-07-09 18:00:00,7,7,9,18,0,130,55,"431, SAINT PIERRE (RUE)",,,Plein jour,En agglomération,Intersection en T,Normale,Deux véhicules - arrière,,,,,,,,,,,1,2,3,1,2
200700042134,0007-07-09 14:25:00,7,7,9,14,25,130,55,"339, CORNICHE KENNEDY",,,Plein jour,En agglomération,Hors intersection,Normale,Deux véhicules - côté,,,,,,,,,,,1,2,1,1,3
200700042135,0007-07-19 03:00:00,7,7,19,3,0,130,55,CAPITAINE GALINAT (RUE),,,Nuit avec éclairage allumé,En agglomération,Hors intersection,Normale,Sans collision,,,,,,,,,,,5,2,1,1,7
200700042136,0007-07-23 01:30:00,7,7,23,1,30,130,55,CAILLOLS (AVENUE DES),,,Nuit avec éclairage allumé,En agglomération,Intersection en X,Normale,Deux véhicules - côté,,,,,,,,,,,5,2,2,1,3
200700042137,0007-07-17 09:05:00,7,7,17,9,5,130,55,"133, MERLAN (AVENUE DU)",,,Plein jour,En agglomération,Hors intersection,Normale,Deux véhicules - arrière,,,,,,,,,,,1,2,1,1,2
200700042138,0007-07-21 15:40:00,7,7,21,15,40,130,55,PORT (QUAI DU),,,Plein jour,En agglomération,Hors intersection,Normale,Sans collision,,,,,,,,,,,1,2,1,1,7
200700042139,0007-07-09 07:30:00,7,7,9,7,30,130,55,"330, SAINTE MARGUERITE (",,,Plein jour,En agglomération,Hors intersection,Pluie légère,Deux véhicules - côté,,,,,,,,,,,1,2,1,2,3
200700042140,0007-07-22 19:30:00,7,7,22,19,30,130,55,"43, MONTREDON (AVENUE DE",,,Nuit avec éclairage allumé,En agglomération,Hors intersection,Normale,Sans collision,,,,,,,,,,,5,2,1,1,7
200700042141,0007-07-10 09:00:00,7,7,10,9,0,130,55,"152, MAZARGUES (AVENUE D",,,Plein jour,En agglomération,Hors intersection,Normale,Deux véhicules - côté,,,,,,,,,,,1,2,1,1,3
200700042142,0007-07-23 07:00:00,7,7,23,7,0,130,55,MICHELET (BOULEVARD),,,Plein jour,En agglomération,Hors intersection,Normale,Deux véhicules - côté,,,,,,,,,,,1,2,1,1,3
200700042143,0007-07-26 04:20:00,7,7,26,4,20,130,55,MONNET (ROND-POINT),,,Nuit avec éclairage allumé,En agglomération,Hors intersection,Normale,Autre collision,,,,,,,,,,,5,2,1,1,6
200700042144,0007-07-23 11:10:00,7,7,23,11,10,130,55,MARCEAU (PLACE),,,Plein jour,En agglomération,Place,Normale,Deux véhicules - côté,,,,,,,,,,,1,2,7,1,3
200700042145,0007-07-19 23:30:00,7,7,19,23,30,130,55,ROSIERS (TRAVERSE DES),,,Nuit avec éclairage allumé,Hors agglomération,Hors intersection,Normale,Sans collision,,,,,,,,,,,5,1,1,1,7
200700042146,0007-07-22 12:30:00,7,7,22,12,30,130,55,"04, LUDOVIC LEGRE (AVENU",,,Plein jour,En agglomération,Hors intersection,Normale,Sans collision,,,,,,,,,,,1,2,1,1,7
200700042147,0007-07-23 17:30:00,7,7,23,17,30,130,55,CORNICHE KENNEDY,,,Plein jour,En agglomération,Hors intersection,Normale,Trois véhicules et plus - collisions multiples,,,,,,,,,,,1,2,1,1,5
200700042148,0007-07-17 13:30:00,7,7,17,13,30,130,55,"24, GARIBALDI (BOULEVARD",,,Plein jour,En agglomération,Hors intersection,Normale,Autre collision,,,,,,,,,,,1,2,1,1,6
200700042149,0007-07-23 23:00:00,7,7,23,23,0,130,55,PIERRE PUGET (COURS),,,Nuit avec éclairage allumé,En agglomération,Intersection en T,Normale,Deux véhicules - côté,,,,,,,,,,,5,2,3,1,3
200700042150,0007-07-24 14:30:00,7,7,24,14,30,130,55,MADRAGUE VILLE (RUE),,,Plein jour,En agglomération,Hors intersection,Normale,Deux véhicules - côté,,,,,,,,,,,1,2,1,1,3
200700042151,0007-07-20 11:15:00,7,7,20,11,15,130,55,PHARO (ANSE DU),,,Plein jour,En agglomération,Hors intersection,Normale,Autre collision,,,,,,,,,,,1,2,1,1,6
200700042152,0007-07-24 15:25:00,7,7,24,15,25,130,55,MENDES FRANCE (AVENUE),,,Plein jour,En agglomération,Hors intersection,Normale,Deux véhicules - côté,,,,,,,,,,,1,2,1,1,3
200700042153,0007-07-17 11:45:00,7,7,17,11,45,130,55,"41, CLOT BEY (AVENUE)",,,Plein jour,En agglomération,Hors intersection,Normale,Trois véhicules et plus - collisions multiples,,,,,,,,,,,1,2,1,1,5
200700042154,0007-07-19 11:00:00,7,7,19,11,0,130,55,GASTON RAMON (BOULEVARD),,,Plein jour,Hors agglomération,Hors intersection,Normale,Deux véhicules - côté,,,,,,,,,,,1,1,1,1,3
200700042155,0007-07-29 10:25:00,7,7,29,10,25,130,55,"36, SAINTE MARGUERITE (B",,,Plein jour,En agglomération,Hors intersection,Normale,Autre collision,,,,,,,,,,,1,2,1,1,6
200700042156,0007-07-28 17:00:00,7,7,28,17,0,130,55,"133, PIERRE DOIZE  (RUE)",,,Plein jour,En agglomération,Hors intersection,Normale,Deux véhicules - arrière,,,,,,,,,,,1,2,1,1,2
200700042157,0007-07-24 09:10:00,7,7,24,9,10,130,55,CORSE (AVENUE DE LA),,,Plein jour,En agglomération,Intersection en X,Normale,Sans collision,,,,,,,,,,,1,2,2,1,7
200700042158,0007-07-24 16:00:00,7,7,24,16,0,130,55,"45, OLIVIER (RUE DE L')",,,Plein jour,En agglomération,Hors intersection,Normale,Autre collision,,,,,,,,,,,1,2,1,1,6
200700042159,0007-07-26 16:05:00,7,7,26,16,5,130,55,ANDRÉ ROUSSIN (AVENUE),,,Plein jour,En agglomération,Hors intersection,Normale,Autre collision,,,,,,,,,,,1,2,1,1,6
200700042160,0007-07-16 16:40:00,7,7,16,16,40,130,55,"40, CAPITAINE GEZE (BOUL",,,Plein jour,En agglomération,Hors intersection,Normale,Deux véhicules - côté,,,,,,,,,,,1,2,1,1,3
200700042161,0007-07-19 12:15:00,7,7,19,12,15,130,55,"187, OLIVES (AVENUE DES)",,,Plein jour,En agglomération,Hors intersection,Normale,Deux véhicules - côté,,,,,,,,,,,1,2,1,1,3
200700042162,0007-07-23 19:30:00,7,7,23,19,30,130,55,BOISERAIE (RUE),,,Plein jour,En agglomération,Hors intersection,Normale,Autre collision,,,,,,,,,,,1,2,1,1,6
200700042163,0007-07-21 17:30:00,7,7,21,17,30,130,55,LÉON BANCAL (RUE),,,Plein jour,En agglomération,Intersection en T,Normale,Autre collision,,,,,,,,,,,1,2,3,1,6
200700042164,0007-07-25 09:00:00,7,7,25,9,0,130,55,SAINT LOUIS (COURS),,,Plein jour,En agglomération,Hors intersection,Normale,Autre collision,,,,,,,,,,,1,2,1,1,6
200700042165,0007-07-24 14:45:00,7,7,24,14,45,130,55,MAZARGUES (AVENUE DE),,,Plein jour,En agglomération,Hors intersection,Normale,Deux véhicules - arrière,,,,,,,,,,,1,2,1,1,2
200700042166,0007-07-23 11:00:00,7,7,23,11,0,130,55,"194, RABATAU (BOULEVARD)",,,Plein jour,En agglomération,Hors intersection,Normale,Deux véhicules - côté,,,,,,,,,,,1,2,1,1,3
200700042167,0007-07-23 18:45:00,7,7,23,18,45,130,55,ROSE (AVENUE DE LA),,,Plein jour,En agglomération,Intersection en X,Normale,Deux véhicules - côté,,,,,,,,,,,1,2,2,1,3
200700042168,0007-07-04 10:00:00,7,7,4,10,0,130,55,SAKAKINI (BOULEVARD),,,Plein jour,En agglomération,Hors intersection,Normale,Autre collision,,,,,,,,,,,1,2,1,1,6
200700042169,0007-07-10 10:35:00,7,7,10,10,35,130,55,ESTRANGIN (PLACE),,,Plein jour,En agglomération,Intersection en Y,Normale,Sans collision,,,,,,,,,,,1,2,4,1,7
200700042170,0007-07-09 15:00:00,7,7,9,15,0,130,55,LIBERTE (BOULEVARD DE LA,,,Plein jour,En agglomération,Intersection en X,Normale,Deux véhicules - frontale,,,,,,,,,,,1,2,2,1,1
200700042171,0007-07-12 12:00:00,7,7,12,12,0,130,55,", CLAIRE (BOULEVARD)",,,Plein jour,En agglomération,Hors intersection,Normale,Deux véhicules - frontale,,,,,,,,,,,1,2,1,1,1
200700042172,0007-07-26 16:15:00,7,7,26,16,15,130,55,"192, ROSE (AVENUE DE LA)",,,Plein jour,En agglomération,Hors intersection,Normale,Autre collision,,,,,,,,,,,1,2,1,1,6
200700042173,0007-07-19 15:10:00,7,7,19,15,10,130,55,", PAUL CLAUDEL (BOULEVAR",,,Plein jour,En agglomération,Intersection en T,Normale,Deux véhicules - côté,,,,,,,,,,,1,2,3,1,3
200700042174,0007-07-18 13:30:00,7,7,18,13,30,130,55,"361, REDON (BOULEVARD DU",,,Plein jour,En agglomération,Hors intersection,Normale,Deux véhicules - arrière,,,,,,,,,,,1,2,1,1,2
200700042175,0007-07-19 12:00:00,7,7,19,12,0,130,55,GUSTAVE GANAY (BOULEVARD,,,Plein jour,En agglomération,Hors intersection,Normale,Deux véhicules - côté,,,,,,,,,,,1,2,1,1,3
200700042176,0007-07-21 21:55:00,7,7,21,21,55,130,55,MENDES FRANCE (AVENUE),,,Nuit avec éclairage allumé,En agglomération,Hors intersection,Normale,Deux véhicules - côté,,,,,,,,,,,5,2,1,1,3
200700042177,0007-07-24 12:20:00,7,7,24,12,20,130,55,"22, FORTUNÉ JOURDAN (RUE",,,Plein jour,En agglomération,Hors intersection,Normale,Autre collision,,,,,,,,,,,1,2,1,1,6
200700042178,0007-07-24 12:30:00,7,7,24,12,30,130,55,MARÉCHAL DE LATTRE (AVEN,,,Plein jour,En agglomération,Intersection en T,Normale,Deux véhicules - côté,,,,,,,,,,,1,2,3,1,3
200700042179,0007-07-28 14:00:00,7,7,28,14,0,130,55,LUMINY (AVENUE DE),,,Plein jour,En agglomération,Autre intersection,Normale,Deux véhicules - côté,,,,,,,,,,,1,2,9,1,3
200700042180,0007-07-28 00:45:00,7,7,28,0,45,130,55,MONTREDON (AVENUE DE),,,Nuit avec éclairage allumé,En agglomération,Hors intersection,Normale,Deux véhicules - côté,,,,,,,,,,,5,2,1,1,3
200700042181,0007-07-27 14:20:00,7,7,27,14,20,130,55,SAINTE (RUE)         1 A,,,Plein jour,En agglomération,Intersection en X,Normale,Deux véhicules - côté,,,,,,,,,,,1,2,2,1,3
200700042182,0007-07-27 16:45:00,7,7,27,16,45,130,55,"341, CORNICHE KENNEDY",,,Plein jour,En agglomération,Hors intersection,Normale,Deux véhicules - arrière,,,,,,,,,,,1,2,1,1,2
200700042183,0007-07-27 13:30:00,7,7,27,13,30,130,55,"57, SAINT JUST (AVENUE D",,,Plein jour,En agglomération,Hors intersection,Normale,Deux véhicules - côté,,,,,,,,,,,1,2,1,1,3
200700042184,0007-07-23 09:40:00,7,7,23,9,40,130,55,"10, MICHELET (BOULEVARD)",,,Plein jour,En agglomération,Hors intersection,Normale,Deux véhicules - arrière,,,,,,,,,,,1,2,1,1,2
200700042185,0007-07-25 01:40:00,7,7,25,1,40,130,55,"137, ROMAIN ROLLAND (BOU",,,Nuit avec éclairage allumé,En agglomération,Hors intersection,Normale,Autre collision,,,,,,,,,,,5,2,1,1,6
200700042186,0007-07-26 06:50:00,7,7,26,6,50,130,55,"204, MADRAGUE VILLE (RUE",,,Plein jour,En agglomération,Hors intersection,Normale,Autre collision,,,,,,,,,,,1,2,1,1,6
200700042187,0007-07-12 20:05:00,7,7,12,20,5,130,55,", CONDORCET (RUE)",,,Plein jour,En agglomération,Hors intersection,Normale,Autre collision,,,,,,,,,,,1,2,1,1,6
200700042188,0007-07-21 23:15:00,7,7,21,23,15,130,55,MARITIME (TRAVERSE),,,Nuit sans éclairage public,En agglomération,Hors intersection,Normale,Autre collision,,,,,,,,,,,3,2,1,1,6
200700042189,0007-07-24 12:00:00,7,7,24,12,0,130,55,SAKAKINI (BOULEVARD),,,Plein jour,En agglomération,Hors intersection,Normale,Trois véhicules et plus - en chaîne,,,,,,,,,,,1,2,1,1,4
200700042190,0007-07-28 20:30:00,7,7,28,20,30,130,55,ANDRE ZENATTI (AVENUE),,,Crépuscule ou aube,En agglomération,Intersection en T,Normale,Deux véhicules - arrière,,,,,,,,,,,2,2,3,1,2
200700042191,0007-07-13 13:50:00,7,7,13,13,50,130,55,", MONTREDON (AVENUE DE)",,,Plein jour,En agglomération,Giratoire,Normale,Deux véhicules - côté,,,,,,,,,,,1,2,6,1,3
200700042192,0007-07-25 18:15:00,7,7,25,18,15,130,55,JULES CANTINI (AVENUE),,,Plein jour,En agglomération,Intersection en T,Normale,Deux véhicules - arrière,,,,,,,,,,,1,2,3,1,2
200700042193,0007-07-27 20:30:00,7,7,27,20,30,130,55,MONTREDON (AVENUE DE),,,Crépuscule ou aube,En agglomération,Hors intersection,Normale,Deux véhicules - côté,,,,,,,,,,,2,2,1,1,3
200700042194,0007-07-28 16:30:00,7,7,28,16,30,130,55,"18, SAINT MENET (AVENUE",,,Plein jour,En agglomération,Hors intersection,Normale,Deux véhicules - arrière,,,,,,,,,,,1,2,1,1,2
200700042195,0007-07-27 09:00:00,7,7,27,9,0,130,55,"218, SAINT LOUP (BOULEVA",,,Plein jour,En agglomération,Hors intersection,Normale,Deux véhicules - côté,,,,,,,,,,,1,2,1,1,3
200700042196,0007-07-15 05:20:00,7,7,15,5,20,130,55,"141, JOSEPH VIDAL (AVENU",,,Crépuscule ou aube,En agglomération,Hors intersection,Normale,Deux véhicules - arrière,,,,,,,,,,,2,2,1,1,2
200700042197,0007-07-02 19:45:00,7,7,2,19,45,130,2,PASQUIERS (RUE DES),,,Plein jour,Hors agglomération,Hors intersection,Normale,Sans collision,,,,,,,,,,,1,1,1,1,7
200700042198,0007-07-25 08:15:00,7,7,25,8,15,130,55,CAILLOLS (AVENUE DES),,,Plein jour,En agglomération,Intersection en X,Normale,Deux véhicules - côté,,,,,,,,,,,1,2,2,1,3
200700042199,0007-07-26 09:00:00,7,7,26,9,0,130,55,"63, JEAN MOULIN (BOULEVA",,,Plein jour,En agglomération,Hors intersection,Normale,Deux véhicules - arrière,,,,,,,,,,,1,2,1,1,2
200700042200,0007-07-18 17:30:00,7,7,18,17,30,130,55,PARETTE (PLACE DE LA),,,Plein jour,En agglomération,Hors intersection,Normale,Sans collision,,,,,,,,,,,1,2,1,1,7
200700042201,0007-07-24 08:20:00,7,7,24,8,20,130,55,"129, GRANIERE (RUE DE LA",,,Plein jour,En agglomération,Hors intersection,Normale,Deux véhicules - arrière,,,,,,,,,,,1,2,1,1,2
200700042202,0007-07-20 00:05:00,7,7,20,0,5,130,55,MERLAN (AVENUE DU),,,Nuit avec éclairage allumé,En agglomération,Hors intersection,Normale,Deux véhicules - côté,,,,,,,,,,,5,2,1,1,3
200700042203,0007-07-13 20:31:00,7,7,13,20,31,130,55,", BERNARD DUBOIS (RUE )",,,Crépuscule ou aube,En agglomération,Hors intersection,Normale,Autre collision,,,,,,,,,,,2,2,1,1,6
200700042204,0007-07-26 17:55:00,7,7,26,17,55,130,55,"121, NATIONAL (BOULEVARD",,,Plein jour,En agglomération,Hors intersection,Normale,Autre collision,,,,,,,,,,,1,2,1,1,6
200700042205,0007-07-18 18:15:00,7,7,18,18,15,130,55,VISTE (AVENUE DE LA),,,Plein jour,En agglomération,Hors intersection,Normale,Deux véhicules - côté,,,,,,,,,,,1,2,1,1,3
200700042206,0007-07-14 20:00:00,7,7,14,20,0,130,55,"29, TOUSSAINT (RUE)",,,Crépuscule ou aube,En agglomération,Hors intersection,Normale,Sans collision,,,,,,,,,,,2,2,1,1,7
200700042207,0007-07-04 10:25:00,7,7,4,10,25,130,55,"243, TERRAIL (RUE DU)",,,Plein jour,En agglomération,Intersection en Y,Normale,Deux véhicules - arrière,,,,,,,,,,,1,2,4,1,2
200700042208,0007-07-02 14:30:00,7,7,2,14,30,130,55,"19, BRETEUIL (RUE)",,,Plein jour,En agglomération,Intersection en X,Normale,Autre collision,,,,,,,,,,,1,2,2,1,6
200700042209,0007-07-29 20:50:00,7,7,29,20,50,130,55,"171, BAILLE (BOULEVARD)",,,Nuit avec éclairage allumé,En agglomération,Intersection en T,Normale,Deux véhicules - côté,,,,,,,,,,,5,2,3,1,3
200700042210,0007-07-07 18:15:00,7,7,7,18,15,130,55,"32, POILUS (AVENUE DES)",,,Plein jour,En agglomération,Hors intersection,Normale,Deux véhicules - arrière,,,,,,,,,,,1,2,1,1,2
200700042211,0007-07-27 15:10:00,7,7,27,15,10,130,55,"30, SAINT LOUP (BOULEVAR",,,Plein jour,En agglomération,Hors intersection,Normale,Deux véhicules - arrière,,,,,,,,,,,1,2,1,1,2
200700042212,0007-07-22 12:40:00,7,7,22,12,40,130,55,LUDOVIC LEGRE (AVENUE),,,Plein jour,En agglomération,Hors intersection,Normale,Sans collision,,,,,,,,,,,1,2,1,1,7
200700042213,0007-07-25 13:50:00,7,7,25,13,50,130,55,"01, SAINT MENET (AVENUE",,,Plein jour,En agglomération,Hors intersection,Normale,Deux véhicules - côté,,,,,,,,,,,1,2,1,1,3
200700042214,0007-07-29 09:20:00,7,7,29,9,20,130,55,POMPIDOU (PROMENADE),,,Plein jour,En agglomération,Hors intersection,Normale,Deux véhicules - côté,,,,,,,,,,,1,2,1,1,3
200700042215,0007-07-28 01:30:00,7,7,28,1,30,130,55,"375, PRADO (AVENUE)",,,Nuit avec éclairage allumé,En agglomération,Hors intersection,Normale,Autre collision,,,,,,,,,,,5,2,1,1,6
200700042216,0007-07-18 08:01:00,7,7,18,8,1,130,55,VALBARELLE (BOULEVARD DE,,,Plein jour,En agglomération,Intersection en T,Normale,Deux véhicules - côté,,,,,,,,,,,1,2,3,1,3
200700042217,0007-07-16 20:45:00,7,7,16,20,45,130,55,MAZARGUES (ROND-POINT),,,Crépuscule ou aube,En agglomération,Giratoire,Normale,Deux véhicules - côté,,,,,,,,,,,2,2,6,1,3
200700042218,0007-07-04 14:15:00,7,7,4,14,15,130,55,MERLAN (AVENUE DU),,,Plein jour,En agglomération,Hors intersection,Normale,Autre collision,,,,,,,,,,,1,2,1,1,6
200700042219,0007-07-11 19:40:00,7,7,11,19,40,130,55,BANDOL (AVENUE DE),,,Plein jour,En agglomération,Hors intersection,Normale,Autre collision,,,,,,,,,,,1,2,1,1,6
200700042220,0007-07-26 16:50:00,7,7,26,16,50,130,2,MARSEILLE (ANCIEN CH DE,,,Plein jour,En agglomération,Intersection en T,Normale,Deux véhicules - côté,,,,,,,,,,,1,2,3,1,3