accident_id,datetime,annee,mois,jour,heure,minute,departement,commune_insee,adresse,latitude,longitude,luminosite,agglomeration,intersection,meteo,collision,nb_vehicules,nb_usagers,nb_indemnes,nb_tues,nb_blesses_hosp,nb_blesses_legers,age_cond_1,age_cond_2,veh_type_cond_1,veh_type_cond_2,lum_code,agg_code,int_code,atm_code,col_code
200700042487,0007-07-29 20:55:00,7,7,29,20,55,240,138,"36, LATTRE DE TASSIGNY (",,,Plein jour,En agglomération,Hors intersection,Normale,Autre collision,,,,,,,,,,,1,2,1,1,6
200700042488,0007-07-30 18:15:00,7,7,30,18,15,240,322,"0, CHANZY (RUE DE)",,,Plein jour,En agglomération,Giratoire,Normale,Deux véhicules - côté,,,,,,,,,,,1,2,6,1,3
200700042489,0007-07-31 18:48:00,7,7,31,18,48,240,322,"2 bis, LAKANAL (BOULEVAR",,,Plein jour,En agglomération,Hors intersection,Normale,Deux véhicules - arrière,,,,,,,,,,,1,2,1,1,2
200700042490,0007-07-31 19:47:00,7,7,31,19,47,240,557,"00, MITTERAND (ROND POIN",,,Plein jour,En agglomération,Intersection en X,Normale,Autre collision,,,,,,,,,,,1,2,2,1,6
200700042491,0007-07-02 22:55:00,7,7,2,22,55,250,56,"8, MARMIER RUE XAVIER",,,Nuit avec éclairage allumé,En agglomération,Hors intersection,Normale,Autre collision,,,,,,,,,,,5,2,1,1,6
200700042492,0007-07-03 08:37:00,7,7,3,8,37,250,56,"01, CORVEE RUE DE LA",,,Plein jour,En agglomération,Hors intersection,Normale,Autre collision,,,,,,,,,,,1,2,1,1,6
200700042493,0007-07-04 12:05:00,7,7,4,12,5,250,56,ORATOIRE RUE DE L',,,Plein jour,En agglomération,Intersection en X,Pluie forte,Deux véhicules - côté,,,,,,,,,,,1,2,2,3,3
200700042494,0007-07-04 17:55:00,7,7,4,17,55,250,56,"3, BELFORT RUE DE <144",,,Plein jour,En agglomération,Hors intersection,Temps couvert,Trois véhicules et plus - en chaîne,,,,,,,,,,,1,2,1,8,4
200700042495,0007-07-05 13:00:00,7,7,5,13,0,250,56,"SANS, JUIN   ESPLANADE M",,,Plein jour,En agglomération,Hors intersection,Normale,Deux véhicules - côté,,,,,,,,,,,1,2,1,1,3
200700042496,0007-07-05 20:34:00,7,7,5,20,34,250,56,CLEMENCEAU AVENUE G.,,,Plein jour,En agglomération,Hors intersection,Normale,Autre collision,,,,,,,,,,,1,2,1,1,6
200700042497,0007-07-05 21:55:00,7,7,5,21,55,250,56,"140, BELFORT RUE DE <144",,,Crépuscule ou aube,En agglomération,Intersection en X,Normale,Sans collision,,,,,,,,,,,2,2,2,1,7
200700042498,0007-07-06 02:57:00,7,7,6,2,57,250,56,"6, MIDOL RUE",,,Nuit avec éclairage allumé,En agglomération,Hors intersection,Normale,Sans collision,,,,,,,,,,,5,2,1,1,7
200700042499,0007-07-06 18:24:00,7,7,6,18,24,250,56,EDISON RUE THOMAS,,,Plein jour,En agglomération,Hors intersection,Normale,Deux véhicules - frontale,,,,,,,,,,,1,2,1,1,1
200700042500,0007-07-09 07:27:00,7,7,9,7,27,250,56,"02, FOCH AVENUE MARECHAL",,,Plein jour,En agglomération,Hors intersection,Normale,Autre collision,,,,,,,,,,,1,2,1,1,6
200700042501,0007-07-09 09:34:00,7,7,9,9,34,250,56,"SANS, RN 1057 (CH. EPITA",,,Plein jour,En agglomération,Hors intersection,Normale,Autre collision,,,,,,,,,,,1,2,1,1,6
200700042502,0007-07-09 12:57:00,7,7,9,12,57,250,56,CHAR  RUE RENE,,,Plein jour,En agglomération,Hors intersection,Normale,Autre collision,,,,,,,,,,,1,2,1,1,6
200700042503,0007-07-09 17:15:00,7,7,9,17,15,250,56,"89, BLUM BOULEVARD LEON",,,Plein jour,En agglomération,Hors intersection,Normale,Deux véhicules - côté,,,,,,,,,,,1,2,1,1,3
200700042504,0007-07-10 16:05:00,7,7,10,16,5,250,56,MITTERAND AVENUE FRANCOI,,,Plein jour,En agglomération,Hors intersection,Normale,Autre collision,,,,,,,,,,,1,2,1,1,6
200700042505,0007-07-11 17:42:00,7,7,11,17,42,250,56,RN 1057 (BD CHURCHIL-ROU,,,Plein jour,Hors agglomération,Hors intersection,Normale,Sans collision,,,,,,,,,,,1,1,1,1,7
200700042506,0007-07-15 00:20:00,7,7,15,0,20,250,56,"SANS, BELFORT RUE DE <14",,,Nuit avec éclairage allumé,En agglomération,Hors intersection,Normale,Deux véhicules - côté,,,,,,,,,,,5,2,1,1,3
200700042507,0007-07-13 11:52:00,7,7,13,11,52,250,56,"sans, KENNEDY  BOULEVARD",,,Plein jour,En agglomération,Giratoire,Normale,Deux véhicules - côté,,,,,,,,,,,1,2,6,1,3
200700042508,0007-07-13 11:57:00,7,7,13,11,57,250,56,"12, OBSERVATOIRE AVENUE",,,Plein jour,En agglomération,Hors intersection,Normale,Autre collision,,,,,,,,,,,1,2,1,1,6
200700042509,0007-07-20 10:30:00,7,7,20,10,30,250,56,BEAUQUIER PLACE,,,Plein jour,En agglomération,Hors intersection,Pluie légère,Sans collision,,,,,,,,,,,1,2,1,2,7
200700042510,0007-07-20 16:00:00,7,7,20,16,0,250,56,"14, CHAMPAGNE RUE DE",,,Plein jour,En agglomération,Hors intersection,Normale,Deux véhicules - côté,,,,,,,,,,,1,2,1,1,3
200700042511,0007-07-22 00:45:00,7,7,22,0,45,250,56,"43 a, CARNOT AVENUE",,,Nuit avec éclairage allumé,En agglomération,Hors intersection,Normale,Autre collision,,,,,,,,,,,5,2,1,1,6
200700042512,0007-07-24 20:00:00,7,7,24,20,0,250,56,RN 1057 (ROUTE DE GRAY-C,,,Plein jour,Hors agglomération,Hors intersection,Normale,Sans collision,,,,,,,,,,,1,1,1,1,7
200700042513,0007-07-26 22:40:00,7,7,26,22,40,250,56,FAURE AVENUE EDGAR,,,Nuit avec éclairage allumé,En agglomération,Intersection en X,Normale,Deux véhicules - côté,,,,,,,,,,,5,2,2,1,3
200700042514,0007-07-27 17:15:00,7,7,27,17,15,250,56,LECLERC   PLACE MARECHAL,,,Plein jour,En agglomération,Intersection en T,Normale,Deux véhicules - côté,,,,,,,,,,,1,2,3,1,3
200700042515,0007-07-28 01:00:00,7,7,28,1,0,250,56,MORRE ROUTE DE,,,Nuit sans éclairage public,Hors agglomération,Hors intersection,Normale,Autre collision,,,,,,,,,,,3,1,1,1,6
200700042516,0007-07-28 10:49:00,7,7,28,10,49,250,56,DOLE RUE DE >82 & <185,,,Plein jour,En agglomération,Hors intersection,Normale,Sans collision,,,,,,,,,,,1,2,1,1,7
200700042517,0007-07-29 11:56:00,7,7,29,11,56,250,56,"23, ILE DE FRANCE AVENUE",,,Plein jour,En agglomération,Hors intersection,Normale,Autre collision,,,,,,,,,,,1,2,1,1,6
200700042518,0007-07-29 18:20:00,7,7,29,18,20,250,56,"144, BELFORT RUE DE BELF",,,Plein jour,En agglomération,Hors intersection,Pluie légère,Deux véhicules - arrière,,,,,,,,,,,1,2,1,2,2
200700042519,0007-07-19 16:20:00,7,7,19,16,20,250,388,"29, BELFORT (RUE DE)",,,Plein jour,En agglomération,Hors intersection,Normale,Autre collision,,,,,,,,,,,1,2,1,1,6
200700042520,0007-07-03 09:03:00,7,7,3,9,3,260,281,SAINT DONAT (AVENUE DE),,,Plein jour,En agglomération,Intersection en X,Normale,Autre collision,,,,,,,,,,,1,2,2,1,6
200700042521,0007-07-05 15:42:00,7,7,5,15,42,260,281,JAURES JEAN (PLACE),,,Plein jour,En agglomération,Intersection en X,Normale,Autre collision,,,,,,,,,,,1,2,2,1,6
200700042522,0007-07-05 20:50:00,7,7,5,20,50,260,281,"NEANT, JAURES JEAN (PLAC",,,Plein jour,En agglomération,Intersection en X,Normale,Autre collision,,,,,,,,,,,1,2,2,1,6
200700042523,0007-07-13 19:15:00,7,7,13,19,15,260,281,DUCHESNE (AVENUE),,,Plein jour,En agglomération,Intersection en T,Normale,Autre collision,,,,,,,,,,,1,2,3,1,6
200700042524,0007-07-19 21:00:00,7,7,19,21,0,260,281,BELLEVUE (RUE DE),,,Plein jour,En agglomération,Hors intersection,Normale,Autre collision,,,,,,,,,,,1,2,1,1,6
200700042525,0007-07-20 20:46:00,7,7,20,20,46,260,281,DUCHESNE (AVENUE),,,Crépuscule ou aube,En agglomération,Intersection en Y,Normale,Autre collision,,,,,,,,,,,2,2,4,1,6
200700042526,0007-07-23 11:40:00,7,7,23,11,40,260,281,BERTHELOT (AVENUE),,,Plein jour,En agglomération,Hors intersection,Normale,Autre collision,,,,,,,,,,,1,2,1,1,6
200700042527,0007-07-31 18:15:00,7,7,31,18,15,260,57,"35, JULLIEN HENRI (RUE)",,,Plein jour,En agglomération,Hors intersection,Normale,Autre collision,,,,,,,,,,,1,2,1,1,6
200700042528,0007-07-07 14:40:00,7,7,7,14,40,260,362,"sans n, KENNEDY BD JOHN",,,Plein jour,En agglomération,Hors intersection,Pluie légère,Deux véhicules - côté,,,,,,,,,,,1,2,1,2,3
200700042529,0007-07-07 18:10:00,7,7,7,18,10,260,362,"sans n, KENNEDY BD JOHN",,,Plein jour,En agglomération,Hors intersection,Normale,Deux véhicules - côté,,,,,,,,,,,1,2,1,1,3
200700042530,0007-07-17 09:05:00,7,7,17,9,5,260,58,"n2, SAINT MARC AVENUE JE",,,Plein jour,En agglomération,Hors intersection,Normale,Deux véhicules - côté,,,,,,,,,,,1,2,1,1,3
200700042531,0007-07-21 15:15:00,7,7,21,15,15,260,362,"sans n, MONTELIER ROUTE",,,Plein jour,Hors agglomération,Hors intersection,Normale,Deux véhicules - côté,,,,,,,,,,,1,1,1,1,3
200700042532,0007-07-14 15:50:00,7,7,14,15,50,260,362,"N°299, CHABEUIL AVENUE D",,,Plein jour,En agglomération,Hors intersection,Normale,Deux véhicules - côté,,,,,,,,,,,1,2,1,1,3
200700042533,0007-07-23 17:55:00,7,7,23,17,55,260,362,"sans n, FORET RUE DE LA",,,Plein jour,Hors agglomération,Hors intersection,Normale,Deux véhicules - côté,,,,,,,,,,,1,1,1,1,3
200700042534,0007-07-23 19:05:00,7,7,23,19,5,260,362,"sans n, ROOSEVELT BOULEV",,,Plein jour,En agglomération,Intersection en T,Pluie forte,Deux véhicules - côté,,,,,,,,,,,1,2,3,3,3
200700042535,0007-07-25 14:40:00,7,7,25,14,40,260,58,"sans n, RN 2007",,,Plein jour,Hors agglomération,Hors intersection,Normale,Deux véhicules - arrière,,,,,,,,,,,1,1,1,1,2
200700042536,0007-07-26 11:15:00,7,7,26,11,15,260,252,"sans n, DESCARTES RUE",,,Plein jour,En agglomération,Intersection en T,Normale,Deux véhicules - côté,,,,,,,,,,,1,2,3,1,3
200700042537,0007-07-26 19:50:00,7,7,26,19,50,260,362,"sans n, CHATEAUVERT RUE",,,Plein jour,En agglomération,Intersection en T,Normale,Deux véhicules - côté,,,,,,,,,,,1,2,3,1,3
200700042538,0007-07-31 11:45:00,7,7,31,11,45,260,362,"sans n, BERTHELOT RUE",,,Plein jour,En agglomération,Hors intersection,Normale,Sans collision,,,,,,,,,,,1,2,1,1,7
200700042539,0007-07-02 08:25:00,7,7,2,8,25,270,229,COCHEREL (RUE DE),,,Plein jour,En agglomération,Giratoire,Normale,Deux véhicules - côté,,,,,,,,,,,1,2,6,1,3
200700042540,0007-07-04 16:20:00,7,7,4,16,20,270,229,"6, DULONG (RUE)",,,Plein jour,En agglomération,Hors intersection,Normale,Autre collision,,,,,,,,,,,1,2,1,1,6
200700042541,0007-07-06 21:15:00,7,7,6,21,15,270,229,"20, CHARTRAINE (RUE)",,,Crépuscule ou aube,En agglomération,Hors intersection,Normale,Deux véhicules - côté,,,,,,,,,,,2,2,1,1,3
200700042542,0007-07-07 15:18:00,7,7,7,15,18,270,229,"177, BRIAND (AVENUE ARIS",,,Plein jour,En agglomération,Hors intersection,Normale,Deux véhicules - côté,,,,,,,,,,,1,2,1,1,3
200700042543,0007-07-21 14:50:00,7,7,21,14,50,270,229,"37, MOULIN (RUE JEAN)",,,Plein jour,En agglomération,Intersection en Y,Normale,Deux véhicules - côté,,,,,,,,,,,1,2,4,1,3
200700042544,0007-07-21 17:10:00,7,7,21,17,10,270,229,"27, QUATORZE JUILLET (BO",,,Plein jour,En agglomération,Hors intersection,Normale,Autre collision,,,,,,,,,,,1,2,1,1,6
200700042545,0007-07-22 05:25:00,7,7,22,5,25,270,229,"11, SAINT LEGER (RUE DU",,,Nuit avec éclairage allumé,En agglomération,Hors intersection,Normale,Sans collision,,,,,,,,,,,5,2,1,1,7
200700042546,0007-07-23 11:45:00,7,7,23,11,45,270,229,CITES UNIES (BOULEVARD D,,,Plein jour,En agglomération,Hors intersection,Normale,Sans collision,,,,,,,,,,,1,2,1,1,7
200700042547,0007-07-07 05:05:00,7,7,7,5,5,270,351,METIERS (AVENUE DES),,,Crépuscule ou aube,En agglomération,Hors intersection,Normale,Sans collision,,,,,,,,,,,2,2,1,1,7
200700042548,0007-07-17 15:15:00,7,7,17,15,15,270,375,CROSNE (BOULEVARD DE),,,Plein jour,En agglomération,Hors intersection,Normale,Sans collision,,,,,,,,,,,1,2,1,1,7
200700042549,0007-07-23 13:30:00,7,7,23,13,30,270,701,RN15,,,Plein jour,En agglomération,Hors intersection,Pluie forte,Deux véhicules - frontale,,,,,,,,,,,1,2,1,3,1
200700042550,0007-07-23 16:15:00,7,7,23,16,15,270,375,"0, CITADELLE (RUE DE LA)",,,Plein jour,En agglomération,Intersection en X,Normale,Deux véhicules - côté,,,,,,,,,,,1,2,2,1,3
200700042551,0007-07-23 12:35:00,7,7,23,12,35,270,375,"0, CHURCHILL (AVENUE WIN",,,Plein jour,En agglomération,Intersection en X,Pluie forte,Deux véhicules - côté,,,,,,,,,,,1,2,2,3,3
200700042552,0007-07-31 20:30:00,7,7,31,20,30,270,375,SAINT GERMAIN (RUE),,,Plein jour,En agglomération,Intersection en X,Normale,Deux véhicules - côté,,,,,,,,,,,1,2,2,1,3
200700042553,0007-07-03 09:45:00,7,7,3,9,45,270,681,IVRY (ROUTE D'),,,Plein jour,En agglomération,Hors intersection,Pluie forte,Autre collision,,,,,,,,,,,1,2,1,3,6
200700042554,0007-07-07 11:30:00,7,7,7,11,30,270,681,AZEMIA (BOULEVARD GEORGE,,,Plein jour,En agglomération,Hors intersection,Normale,Deux véhicules - côté,,,,,,,,,,,1,2,1,1,3
200700042555,0007-07-10 13:55:00,7,7,10,13,55,270,681,VIROLET (RUE DU),,,Plein jour,En agglomération,Hors intersection,Normale,Autre collision,,,,,,,,,,,1,2,1,1,6
200700042556,0007-07-17 11:45:00,7,7,17,11,45,270,681,PARC (RUE DU),,,Plein jour,En agglomération,Intersection en X,Normale,Autre collision,,,,,,,,,,,1,2,2,1,6
200700042557,0007-07-02 08:30:00,7,7,2,8,30,270,681,"6, ARDECHE (AVENUE DE L'",,,Plein jour,En agglomération,Hors intersection,Normale,Deux véhicules - côté,,,,,,,,,,,1,2,1,1,3
200700042558,0007-07-14 19:40:00,7,7,14,19,40,270,681,PARIS (AVENUE DE),,,Plein jour,En agglomération,Intersection en T,Normale,Autre collision,,,,,,,,,,,1,2,3,1,6
200700042559,0007-07-03 13:50:00,7,7,3,13,50,280,85,"sans, SAINTE FOY (PLACE)",,,Plein jour,En agglomération,Hors intersection,Normale,Autre collision,,,,,,,,,,,1,2,1,1,6
200700042560,0007-07-13 08:20:00,7,7,13,8,20,280,229,"SANS, D939",,,Plein jour,Hors agglomération,Hors intersection,Normale,Trois véhicules et plus - en chaîne,,,,,,,,,,,1,1,1,1,4
200700042561,0007-07-21 09:05:00,7,7,21,9,5,280,85,"sans, MERMOZ (RUE JEAN)",,,Plein jour,En agglomération,Hors intersection,Normale,Trois véhicules et plus - en chaîne,,,,,,,,,,,1,2,1,1,4
200700042562,0007-07-27 09:55:00,7,7,27,9,55,280,85,"SANS, POILLOT (RUE EDMON",,,Plein jour,En agglomération,Hors intersection,Normale,Deux véhicules - côté,,,,,,,,,,,1,2,1,1,3
200700042563,0007-07-27 16:15:00,7,7,27,16,15,280,229,"sans, RD 905",,,Plein jour,Hors agglomération,Hors intersection,Normale,Deux véhicules - arrière,,,,,,,,,,,1,1,1,1,2
200700042564,0007-07-31 10:55:00,7,7,31,10,55,280,85,"sans, ETROIT DEGRE (RUE",,,Plein jour,En agglomération,Hors intersection,Normale,Autre collision,,,,,,,,,,,1,2,1,1,6
200700042565,0007-07-06 12:45:00,7,7,6,12,45,280,404,MICHEL (AVENUE LOUISE),,,Plein jour,En agglomération,Intersection en T,Normale,Deux véhicules - arrière,,,,,,,,,,,1,2,3,1,2
200700042566,0007-07-06 17:05:00,7,7,6,17,5,280,404,CHARTRES (AVE DE),,,Plein jour,Hors agglomération,Intersection en T,Normale,Deux véhicules - arrière,,,,,,,,,,,1,1,3,1,2
200700042567,0007-07-11 19:15:00,7,7,11,19,15,280,134,MARCHEBEAUX (RUE DES),,,Plein jour,En agglomération,Hors intersection,Normale,Deux véhicules - arrière,,,,,,,,,,,1,2,1,1,2
200700042568,0007-07-16 14:55:00,7,7,16,14,55,280,134,ISAACS (RUE SAM),,,Plein jour,En agglomération,Intersection en T,Normale,Deux véhicules - côté,,,,,,,,,,,1,2,3,1,3
200700042569,0007-07-27 11:10:00,7,7,27,11,10,280,332,ECLUZELLES (Route d'°,,,Plein jour,En agglomération,Hors intersection,Normale,Autre collision,,,,,,,,,,,1,2,1,1,6
200700042570,0007-07-05 13:50:00,7,7,5,13,50,290,19,"43, CORNICHE (DE 4 A 10",,,Plein jour,En agglomération,Hors intersection,Pluie forte,Autre collision,,,,,,,,,,,1,2,1,3,6
200700042571,0007-07-07 04:45:00,7,7,7,4,45,290,19,"., JAURES JEAN (DE 105 A",,,Nuit avec éclairage allumé,En agglomération,Intersection en X,Normale,Autre collision,,,,,,,,,,,5,2,2,1,6
200700042572,0007-07-06 17:40:00,7,7,6,17,40,290,19,"., HUIT MAI 1945 (DE 2 A",,,Plein jour,En agglomération,Hors intersection,Normale,Deux véhicules - arrière,,,,,,,,,,,1,2,1,1,2
200700042573,0007-07-10 17:20:00,7,7,10,17,20,290,19,"., GAMBETTA (N°3 DORTOIR",,,Plein jour,En agglomération,Intersection en T,Normale,Deux véhicules - arrière,,,,,,,,,,,1,2,3,1,2
200700042574,0007-07-12 07:50:00,7,7,12,7,50,290,19,BOHARS (DE 53 A 123 ET 5,,,Plein jour,En agglomération,Intersection en X,Pluie légère,Deux véhicules - côté,,,,,,,,,,,1,2,2,2,3
200700042575,0007-07-15 11:20:00,7,7,15,11,20,290,19,"., EUSEN VICTOR",,,Plein jour,En agglomération,Intersection en X,Normale,Autre collision,,,,,,,,,,,1,2,2,1,6
200700042576,0007-07-17 08:55:00,7,7,17,8,55,290,19,"., COLBERT",,,Plein jour,En agglomération,Intersection en X,Normale,Autre collision,,,,,,,,,,,1,2,2,1,6
200700042577,0007-07-18 18:45:00,7,7,18,18,45,290,19,"., PREMIERE DFL (AVENUE)",,,Plein jour,En agglomération,Hors intersection,Normale,Autre collision,,,,,,,,,,,1,2,1,1,6
200700042578,0007-07-19 16:10:00,7,7,19,16,10,290,19,"5, LIBERTE PLACE DE LA",,,Plein jour,En agglomération,Intersection en T,Normale,Autre collision,,,,,,,,,,,1,2,3,1,6
200700042579,0007-07-20 15:10:00,7,7,20,15,10,290,19,"., PREMIERE DFL (AVENUE)",,,Plein jour,En agglomération,Hors intersection,Normale,Sans collision,,,,,,,,,,,1,2,1,1,7
200700042580,0007-07-20 19:50:00,7,7,20,19,50,290,19,"72, PORTE (DE 77 A 85 ET",,,Plein jour,En agglomération,Hors intersection,Normale,Deux véhicules - arrière,,,,,,,,,,,1,2,1,1,2
200700042581,0007-07-23 01:30:00,7,7,23,1,30,290,19,"., EUROPE (DE 161 A 199)",,,Nuit avec éclairage allumé,En agglomération,Hors intersection,Pluie forte,Autre collision,,,,,,,,,,,5,2,1,3,6
200700042582,0007-07-24 09:20:00,7,7,24,9,20,290,19,"., VINET (PLACE)",,,Plein jour,En agglomération,Intersection en X,Normale,Autre collision,,,,,,,,,,,1,2,2,1,6
200700042583,0007-07-25 21:00:00,7,7,25,21,0,290,19,"., PEN AR CH'LEUZ (ROND",,,Plein jour,En agglomération,Giratoire,Pluie légère,Sans collision,,,,,,,,,,,1,2,6,2,7
200700042584,0007-07-27 09:20:00,7,7,27,9,20,290,19,"., QUIMPER (154 ET 173 A",,,Plein jour,En agglomération,Hors intersection,Temps couvert,Sans collision,,,,,,,,,,,1,2,1,8,7
200700042585,0007-07-27 15:45:00,7,7,27,15,45,290,19,"., GOUESNOU (DE 43 A 219",,,Plein jour,En agglomération,Hors intersection,Pluie forte,Autre collision,,,,,,,,,,,1,2,1,3,6
200700042586,0007-07-28 08:45:00,7,7,28,8,45,290,19,"., SAINT MARC (DE 64 A 1",,,Plein jour,En agglomération,Intersection en X,Normale,Deux véhicules - côté,,,,,,,,,,,1,2,2,1,3
200700042587,0007-07-27 19:00:00,7,7,27,19,0,290,19,"., MARTIN PIERRE",,,Plein jour,En agglomération,Hors intersection,Normale,Deux véhicules - côté,,,,,,,,,,,1,2,1,1,3
200700042588,0007-07-03 00:30:00,7,7,3,0,30,290,39,"0, KERAMPORIEL ( ROND PO",,,Nuit avec éclairage allumé,En agglomération,Giratoire,Pluie forte,Sans collision,,,,,,,,,,,5,2,6,3,7
200700042589,0007-07-07 15:00:00,7,7,7,15,0,290,39,LANRIEC ( RUE DE ),,,Plein jour,En agglomération,Hors intersection,Normale,Deux véhicules - frontale,,,,,,,,,,,1,2,1,1,1
200700042590,0007-07-07 08:10:00,7,7,7,8,10,290,39,RD 783,,,Plein jour,Hors agglomération,Autre intersection,Normale,Sans collision,,,,,,,,,,,1,1,9,1,7
200700042591,0007-07-15 16:20:00,7,7,15,16,20,290,39,"27, CARNOT ( QUAI)",,,Plein jour,En agglomération,Hors intersection,Pluie légère,Deux véhicules - côté,,,,,,,,,,,1,2,1,2,3
200700042592,0007-07-21 13:40:00,7,7,21,13,40,290,39,BISSON (RUE),,,Plein jour,En agglomération,Intersection en X,Normale,Deux véhicules - côté,,,,,,,,,,,1,2,2,1,3
200700042593,0007-07-21 16:10:00,7,7,21,16,10,290,39,CARNOT ( QUAI),,,Plein jour,En agglomération,Hors intersection,Normale,Deux véhicules - côté,,,,,,,,,,,1,2,1,1,3
200700042594,0007-07-20 15:00:00,7,7,20,15,0,290,254,ROUTE NATIONALE 12,,,Plein jour,Hors agglomération,Hors intersection,Normale,Deux véhicules - arrière,,,,,,,,,,,1,1,1,1,2
200700042595,0007-07-24 11:45:00,7,7,24,11,45,290,151,SAINT-NICOLAS (RAMPE),,,Plein jour,En agglomération,Place,Normale,Deux véhicules - arrière,,,,,,,,,,,1,2,7,1,2
200700042596,0007-07-30 16:05:00,7,7,30,16,5,290,151,PLOUGASNOU Route de,,,Plein jour,Hors agglomération,Hors intersection,Normale,Autre collision,,,,,,,,,,,1,1,1,1,6
200700042597,0007-07-15 19:25:00,7,7,15,19,25,290,51,"45, ROUTE d'ELLIANT",,,Plein jour,Hors agglomération,Hors intersection,Pluie légère,Deux véhicules - frontale,,,,,,,,,,,1,1,1,2,1
200700042598,0007-07-21 16:30:00,7,7,21,16,30,290,232,"53, AMIRAL DE KERGUELEN",,,Plein jour,En agglomération,Hors intersection,Normale,Autre collision,,,,,,,,,,,1,2,1,1,6
200700042599,0007-07-24 16:37:00,7,7,24,16,37,290,51,"0, CORAY ROUTE DE",,,Plein jour,Hors agglomération,Hors intersection,Normale,Deux véhicules - arrière,,,,,,,,,,,1,1,1,1,2
200700042600,0007-07-08 18:00:00,7,7,8,18,0,300,7,"., MONGE (AVENUE)",,,Plein jour,En agglomération,Giratoire,Normale,Deux véhicules - côté,,,,,,,,,,,1,2,6,1,3
200700042601,0007-07-14 16:00:00,7,7,14,16,0,300,28,"1, JAURES (PLACE JEAN)",,,Plein jour,En agglomération,Hors intersection,Normale,Autre collision,,,,,,,,,,,1,2,1,1,6
200700042602,0007-07-28 01:30:00,7,7,28,1,30,300,28,ROUTE DE SAINT GERVAIS,,,Nuit sans éclairage public,Hors agglomération,Hors intersection,Normale,Autre collision,,,,,,,,,,,3,1,1,1,6
200700042603,0007-07-09 22:35:00,7,7,9,22,35,300,28,"1836, PONT SAINT ESPRIT",,,Nuit avec éclairage allumé,En agglomération,Autre intersection,Normale,Deux véhicules - frontale,,,,,,,,,,,5,2,9,1,1
200700042604,0007-07-10 16:50:00,7,7,10,16,50,300,32,ROUTE DE BELLEGARDE (C.D,,,Plein jour,Hors agglomération,Hors intersection,Normale,Deux véhicules - arrière,,,,,,,,,,,1,1,1,1,2
200700042605,0007-07-15 12:55:00,7,7,15,12,55,300,32,BEAUVOIR (chemin de),,,Plein jour,Hors agglomération,Hors intersection,Normale,Sans collision,,,,,,,,,,,1,1,1,1,7
200700042606,0007-07-22 18:15:00,7,7,22,18,15,300,32,"427, TOURTEAU (CHEMIN)",,,Plein jour,En agglomération,Hors intersection,Pluie légère,Autre collision,,,,,,,,,,,1,2,1,2,6
200700042607,0007-07-31 05:40:00,7,7,31,5,40,300,32,ROCADE (DPT90),,,Nuit sans éclairage public,Hors agglomération,Intersection en X,Normale,Deux véhicules - côté,,,,,,,,,,,3,1,2,1,3
200700042608,0007-07-01 20:50:00,7,7,1,20,50,300,189,"..., ESPERENDIEU HENRI (",,,Plein jour,En agglomération,Intersection en X,Normale,Deux véhicules - côté,,,,,,,,,,,1,2,2,1,3
200700042609,0007-07-02 17:42:00,7,7,2,17,42,300,189,"., PERRIER GENERAL (RUE)",,,Plein jour,En agglomération,Hors intersection,Normale,Autre collision,,,,,,,,,,,1,2,1,1,6
200700042610,0007-07-02 17:41:00,7,7,2,17,41,300,189,"1184, MARECHAL JUIN (BOU",43.81922,4.34353,Plein jour,En agglomération,Hors intersection,Normale,Deux véhicules - côté,,,,,,,,,,,1,2,1,1,3
200700042611,0007-07-02 19:19:00,7,7,2,19,19,300,189,"191, MENDES FRANCE PIERR",43.8259,4.37698,Plein jour,En agglomération,Hors intersection,Normale,Deux véhicules - côté,,,,,,,,,,,1,2,1,1,3
200700042612,0007-07-03 12:16:00,7,7,3,12,16,300,189,"25A, TALABOT (BOULEVARD)",43.83639,4.37049,Plein jour,En agglomération,Hors intersection,Normale,Deux véhicules - arrière,,,,,,,,,,,1,2,1,1,2
200700042613,0007-07-05 10:14:00,7,7,5,10,14,300,189,"425, MARECHAL JUIN (BOUL",,,Plein jour,En agglomération,Hors intersection,Normale,Sans collision,,,,,,,,,,,1,2,1,1,7
200700042614,0007-07-05 19:04:00,7,7,5,19,4,300,189,"..., DAUMIER (RUE)",43.82098,4.33185,Plein jour,En agglomération,Hors intersection,Normale,Autre collision,,,,,,,,,,,1,2,1,1,6
200700042615,0007-07-05 23:10:00,7,7,5,23,10,300,189,"1, GAMBETTA (BD)",43.82804,4.35123,Nuit avec éclairage allumé,En agglomération,Hors intersection,Normale,Deux véhicules - côté,,,,,,,,,,,5,2,1,1,3
200700042616,0007-07-07 01:40:00,7,7,7,1,40,300,189,"., BEAUCAIRE (ROUTE)",,,Nuit sans éclairage public,En agglomération,Hors intersection,Normale,Autre collision,,,,,,,,,,,3,2,1,1,6
200700042617,0007-07-06 08:15:00,7,7,6,8,15,300,189,"., MAS DE CHEYLON",,,Plein jour,En agglomération,Hors intersection,Normale,Deux véhicules - arrière,,,,,,,,,,,1,2,1,1,2
200700042618,0007-07-07 09:38:00,7,7,7,9,38,300,189,"., MONNET JEAN (COURS)",43.81623,4.34878,Plein jour,En agglomération,Giratoire,Normale,Deux véhicules - côté,,,,,,,,,,,1,2,6,1,3
200700042619,0007-07-07 19:02:00,7,7,7,19,2,300,189,"., TALABOT (BOULEVARD)",43.85418,4.33904,Plein jour,En agglomération,Hors intersection,Normale,Autre collision,,,,,,,,,,,1,2,1,1,6
200700042620,0007-07-08 05:24:00,7,7,8,5,24,300,189,"., ALLENDE SALVADOR (RUE",43.82403,4.36985,Nuit avec éclairage allumé,En agglomération,Giratoire,Normale,Autre collision,,,,,,,,,,,5,2,6,1,6