accident_id,datetime,annee,mois,jour,heure,minute,departement,commune_insee,adresse,latitude,longitude,luminosite,agglomeration,intersection,meteo,collision,nb_vehicules,nb_usagers,nb_indemnes,nb_tues,nb_blesses_hosp,nb_blesses_legers,age_cond_1,age_cond_2,veh_type_cond_1,veh_type_cond_2,lum_code,agg_code,int_code,atm_code,col_code
200700042753,0007-07-02 16:30:00,7,7,2,16,30,330,529,"., BISCAROSSE (AVE) DUNE",,,Plein jour,Hors agglomération,Hors intersection,Normale,Deux véhicules - arrière,,,,,,,,,,,1,1,1,1,2
200700042754,0007-07-14 02:20:00,7,7,14,2,20,330,529,"321, PARC DES EXPOSITION",,,Nuit avec éclairage allumé,Hors agglomération,Hors intersection,Normale,Deux véhicules - côté,,,,,,,,,,,5,1,1,1,3
200700042755,0007-07-17 19:30:00,7,7,17,19,30,330,529,RD 256,,,Plein jour,Hors agglomération,Hors intersection,Normale,Deux véhicules - côté,,,,,,,,,,,1,1,1,1,3
200700042756,0007-07-18 13:35:00,7,7,18,13,35,330,529,BISCAROSSE (AVE) DUNE VE,,,Plein jour,Hors agglomération,Hors intersection,Normale,Autre collision,,,,,,,,,,,1,1,1,1,6
200700042757,0007-07-19 15:20:00,7,7,19,15,20,330,9,"175, PLAGE (BD DE LA) DU",,,Plein jour,En agglomération,Hors intersection,Normale,Deux véhicules - côté,,,,,,,,,,,1,2,1,1,3
200700042758,0007-07-20 04:30:00,7,7,20,4,30,330,529,"120, BAOU (RUE DU)",,,Nuit avec éclairage allumé,En agglomération,Hors intersection,Temps couvert,Deux véhicules - côté,,,,,,,,,,,5,2,1,8,3
200700042759,0007-07-20 09:30:00,7,7,20,9,30,330,529,"41, EIFFEL (RUE GUSTAVE)",,,Plein jour,Hors agglomération,Hors intersection,Normale,Deux véhicules - côté,,,,,,,,,,,1,1,1,1,3
200700042760,0007-07-23 09:30:00,7,7,23,9,30,330,529,"66, LAGRUA (CH.)",,,Plein jour,En agglomération,Hors intersection,Pluie forte,Deux véhicules - frontale,,,,,,,,,,,1,2,1,3,1
200700042761,0007-07-29 11:50:00,7,7,29,11,50,330,529,LIGNON (BD LOUIS),,,Plein jour,Hors agglomération,Hors intersection,Normale,Deux véhicules - frontale,,,,,,,,,,,1,1,1,1,1
200700042762,0007-07-29 18:25:00,7,7,29,18,25,330,529,RD 256,,,Plein jour,Hors agglomération,Hors intersection,Normale,Trois véhicules et plus - collisions multiples,,,,,,,,,,,1,1,1,1,5
200700042763,0007-07-25 18:15:00,7,7,25,18,15,330,529,"122, DE GAULLE (AVE CHAR",,,Plein jour,En agglomération,Hors intersection,Normale,Autre collision,,,,,,,,,,,1,2,1,1,6
200700042764,0007-07-02 10:45:00,7,7,2,10,45,330,63,BD ALIENOR D'AQUITAINE,,,Plein jour,En agglomération,Hors intersection,Normale,Deux véhicules - côté,,,,,,,,,,,1,2,1,1,3
200700042765,0007-07-02 23:05:00,7,7,2,23,5,330,63,ALL DE TOURNY,,,Nuit avec éclairage allumé,En agglomération,Intersection en T,Normale,Deux véhicules - côté,,,,,,,,,,,5,2,3,1,3
200700042766,0007-07-02 17:15:00,7,7,2,17,15,330,63,RUE AUGUSTE POIRSON,,,Plein jour,En agglomération,Intersection en X,Normale,Deux véhicules - arrière,,,,,,,,,,,1,2,2,1,2
200700042767,0007-07-02 16:30:00,7,7,2,16,30,330,63,"133, RUE STEHELIN CAUD",,,Plein jour,En agglomération,Hors intersection,Normale,Autre collision,,,,,,,,,,,1,2,1,1,6
200700042768,0007-07-03 11:00:00,7,7,3,11,0,330,63,RUE DE BEGLES,,,Plein jour,En agglomération,Intersection en X,Normale,Deux véhicules - frontale,,,,,,,,,,,1,2,2,1,1
200700042769,0007-07-04 11:00:00,7,7,4,11,0,330,63,"30, AVE CHARLES DE GAULL",,,Plein jour,En agglomération,Hors intersection,Normale,Deux véhicules - arrière,,,,,,,,,,,1,2,1,1,2
200700042770,0007-07-03 23:00:00,7,7,3,23,0,330,318,ROC ROCADE SUD-OUEST,,,Nuit avec éclairage allumé,En agglomération,Intersection en X,Normale,Deux véhicules - côté,,,,,,,,,,,5,2,2,1,3
200700042771,0007-07-03 14:20:00,7,7,3,14,20,330,318,"22, BD SAINT MARTIN",,,Plein jour,En agglomération,Hors intersection,Pluie légère,Deux véhicules - côté,,,,,,,,,,,1,2,1,2,3
200700042772,0007-07-05 10:20:00,7,7,5,10,20,330,63,RUE DE L'ECOLE NORMALE C,,,Plein jour,En agglomération,Intersection en X,Normale,Deux véhicules - arrière,,,,,,,,,,,1,2,2,1,2
200700042773,0007-07-05 22:55:00,7,7,5,22,55,330,63,PONT DE PIERRE,,,Nuit avec éclairage allumé,En agglomération,Hors intersection,Normale,Autre collision,,,,,,,,,,,5,2,1,1,6
200700042774,0007-07-03 13:10:00,7,7,3,13,10,330,119,BD ENTRE DEUX MERS,,,Plein jour,En agglomération,Intersection en T,Pluie légère,Deux véhicules - arrière,,,,,,,,,,,1,2,3,2,2
200700042775,0007-07-02 17:15:00,7,7,2,17,15,330,75,ROC ROCADE NORD,,,Plein jour,En agglomération,Intersection à plus de 4 branches,Normale,Deux véhicules - côté,,,,,,,,,,,1,2,5,1,3
200700042776,0007-07-04 14:40:00,7,7,4,14,40,330,318,"28, AVE DU BOURGAILH",,,Plein jour,En agglomération,Hors intersection,Normale,Deux véhicules - arrière,,,,,,,,,,,1,2,1,1,2
200700042777,0007-07-09 00:01:00,7,7,9,0,1,330,63,AVE JEANNE D'ARC,,,Nuit avec éclairage allumé,En agglomération,Hors intersection,Normale,Autre collision,,,,,,,,,,,5,2,1,1,6
200700042778,0007-07-05 23:50:00,7,7,5,23,50,330,318,"141, AVE JEAN CORDIER",,,Nuit avec éclairage allumé,En agglomération,Hors intersection,Normale,Sans collision,,,,,,,,,,,5,2,1,1,7
200700042779,0007-07-03 23:45:00,7,7,3,23,45,330,522,"13/11, AVE DE L'UNIVERSI",,,Nuit avec éclairage allumé,En agglomération,Hors intersection,Normale,Deux véhicules - côté,,,,,,,,,,,5,2,1,1,3
200700042780,0007-07-02 17:15:00,7,7,2,17,15,330,522,RUE ALDONA,,,Plein jour,En agglomération,Intersection en T,Normale,Deux véhicules - frontale,,,,,,,,,,,1,2,3,1,1
200700042781,0007-07-08 22:40:00,7,7,8,22,40,330,63,RUE DOM DEVIENNE,,,Nuit avec éclairage allumé,En agglomération,Intersection en X,Temps couvert,Deux véhicules - côté,,,,,,,,,,,5,2,2,8,3
200700042782,0007-07-06 17:20:00,7,7,6,17,20,330,63,RUE FRANCOIS DE SOURDIS,,,Plein jour,En agglomération,Intersection en X,Normale,Deux véhicules - côté,,,,,,,,,,,1,2,2,1,3
200700042783,0007-07-06 19:50:00,7,7,6,19,50,330,63,RUE LABAT,,,Plein jour,En agglomération,Intersection en X,Normale,Deux véhicules - côté,,,,,,,,,,,1,2,2,1,3
200700042784,0007-07-06 10:15:00,7,7,6,10,15,330,63,"87, CRS BALGUERIE STUTTE",,,Plein jour,En agglomération,Hors intersection,Normale,Deux véhicules - arrière,,,,,,,,,,,1,2,1,1,2
200700042785,0007-07-09 19:00:00,7,7,9,19,0,330,63,"1, PCE DE L'EUROPE",,,Plein jour,En agglomération,Hors intersection,Normale,Deux véhicules - frontale,,,,,,,,,,,1,2,1,1,1
200700042786,0007-07-10 07:40:00,7,7,10,7,40,330,63,AVE DE LABARDE,,,Plein jour,En agglomération,Hors intersection,Normale,Deux véhicules - arrière,,,,,,,,,,,1,2,1,1,2
200700042787,0007-07-10 19:30:00,7,7,10,19,30,330,63,CHEM POMEROL,,,Plein jour,En agglomération,Hors intersection,Pluie légère,Autre collision,,,,,,,,,,,1,2,1,2,6
200700042788,0007-07-11 03:20:00,7,7,11,3,20,330,63,RUE PAULIN,,,Nuit avec éclairage allumé,En agglomération,Intersection en T,Temps couvert,Deux véhicules - côté,,,,,,,,,,,5,2,3,8,3
200700042789,0007-07-11 10:55:00,7,7,11,10,55,330,63,RUE DE PESSAC,,,Plein jour,En agglomération,Intersection en X,Normale,Deux véhicules - côté,,,,,,,,,,,1,2,2,1,3
200700042790,0007-07-09 14:45:00,7,7,9,14,45,330,281,AVE DE MAGUDAS,,,Plein jour,En agglomération,Intersection en X,Pluie légère,Deux véhicules - arrière,,,,,,,,,,,1,2,2,2,2
200700042791,0007-07-09 15:25:00,7,7,9,15,25,330,281,"241, AVE DE LA MARNE",,,Plein jour,En agglomération,Hors intersection,Normale,Deux véhicules - côté,,,,,,,,,,,1,2,1,1,3
200700042792,0007-07-10 13:55:00,7,7,10,13,55,330,281,"61, AVE DE L'YSER",,,Plein jour,En agglomération,Hors intersection,Pluie légère,Trois véhicules et plus - en chaîne,,,,,,,,,,,1,2,1,2,4
200700042793,0007-07-07 11:45:00,7,7,7,11,45,330,63,BD ALBERT BRANDENBURG,,,Plein jour,En agglomération,Giratoire,Normale,Deux véhicules - côté,,,,,,,,,,,1,2,6,1,3
200700042794,0007-07-07 19:25:00,7,7,7,19,25,330,75,BD DU PARC DES EXPOSITIO,,,Plein jour,En agglomération,Hors intersection,Normale,Deux véhicules - arrière,,,,,,,,,,,1,2,1,1,2
200700042795,0007-07-06 09:45:00,7,7,6,9,45,330,318,"30, AVE DU GENERAL LECLE",,,Plein jour,En agglomération,Hors intersection,Normale,Autre collision,,,,,,,,,,,1,2,1,1,6
200700042796,0007-07-07 03:40:00,7,7,7,3,40,330,318,"74, AVE PAUL MONTAGNE",,,Nuit avec éclairage allumé,En agglomération,Hors intersection,Normale,Autre collision,,,,,,,,,,,5,2,1,1,6
200700042797,0007-07-09 16:00:00,7,7,9,16,0,330,281,RUE FARADAY,,,Plein jour,En agglomération,Intersection en X,Normale,Deux véhicules - côté,,,,,,,,,,,1,2,2,1,3
200700042798,0007-07-11 17:45:00,7,7,11,17,45,330,63,AVE DE NONTRASTE,,,Plein jour,En agglomération,Hors intersection,Normale,Deux véhicules - côté,,,,,,,,,,,1,2,1,1,3
200700042799,0007-07-12 14:40:00,7,7,12,14,40,330,63,RUE LUGEOL,,,Plein jour,En agglomération,Intersection à plus de 4 branches,Normale,Deux véhicules - côté,,,,,,,,,,,1,2,5,1,3
200700042800,0007-07-12 17:45:00,7,7,12,17,45,330,63,"5 à 7, BD ANTOINE GAUTIE",,,Plein jour,En agglomération,Hors intersection,Normale,Trois véhicules et plus - en chaîne,,,,,,,,,,,1,2,1,1,4
200700042801,0007-07-13 09:15:00,7,7,13,9,15,330,281,AVE DE LOGNAC,,,Plein jour,En agglomération,Intersection en T,Normale,Deux véhicules - côté,,,,,,,,,,,1,2,3,1,3
200700042802,0007-07-14 15:30:00,7,7,14,15,30,330,63,BD DU PRESIDENT WILSON,,,Plein jour,En agglomération,Intersection en X,Normale,Deux véhicules - côté,,,,,,,,,,,1,2,2,1,3
200700042803,0007-07-14 17:50:00,7,7,14,17,50,330,63,RUE LEBERTHON,,,Plein jour,En agglomération,Intersection en X,Normale,Deux véhicules - côté,,,,,,,,,,,1,2,2,1,3
200700042804,0007-07-14 23:10:00,7,7,14,23,10,330,63,QUAI DES CHARTRONS,,,Nuit avec éclairage allumé,En agglomération,Hors intersection,Temps couvert,Autre collision,,,,,,,,,,,5,2,1,8,6
200700042805,0007-07-14 23:45:00,7,7,14,23,45,330,63,PONT DE PIERRE,,,Nuit avec éclairage allumé,En agglomération,Hors intersection,Normale,Autre collision,,,,,,,,,,,5,2,1,1,6
200700042806,0007-07-15 02:30:00,7,7,15,2,30,330,63,CRS DE LA SOMME,,,Plein jour,En agglomération,Intersection en X,Normale,Deux véhicules - côté,,,,,,,,,,,1,2,2,1,3
200700042807,0007-07-15 01:55:00,7,7,15,1,55,330,69,"147, AVE DE LA LIBERATIO",,,Nuit avec éclairage allumé,En agglomération,Hors intersection,Normale,Deux véhicules - arrière,,,,,,,,,,,5,2,1,1,2
200700042808,0007-07-11 14:30:00,7,7,11,14,30,330,281,AVE DE LA SOMME,,,Plein jour,En agglomération,Hors intersection,Normale,Deux véhicules - côté,,,,,,,,,,,1,2,1,1,3
200700042809,0007-07-16 13:40:00,7,7,16,13,40,330,63,PONT DE PIERRE,,,Plein jour,En agglomération,Hors intersection,Normale,Deux véhicules - arrière,,,,,,,,,,,1,2,1,1,2
200700042810,0007-07-12 15:05:00,7,7,12,15,5,330,281,AVE PIERRE MENDES FRANCE,,,Plein jour,En agglomération,Hors intersection,Normale,Deux véhicules - arrière,,,,,,,,,,,1,2,1,1,2
200700042811,0007-07-13 00:35:00,7,7,13,0,35,330,281,"300, AVE D'ARES",,,Nuit avec éclairage allumé,En agglomération,Hors intersection,Normale,Autre collision,,,,,,,,,,,5,2,1,1,6
200700042812,0007-07-17 11:20:00,7,7,17,11,20,330,63,"37, CRS VICTOR HUGO",,,Plein jour,En agglomération,Hors intersection,Normale,Deux véhicules - frontale,,,,,,,,,,,1,2,1,1,1
200700042813,0007-07-12 17:00:00,7,7,12,17,0,330,281,AVE RENE CASSIN,,,Plein jour,En agglomération,Giratoire,Normale,Deux véhicules - côté,,,,,,,,,,,1,2,6,1,3
200700042814,0007-07-18 13:05:00,7,7,18,13,5,330,63,RUE GENERAL DE LARMINAT,,,Plein jour,En agglomération,Hors intersection,Normale,Deux véhicules - arrière,,,,,,,,,,,1,2,1,1,2
200700042815,0007-07-16 10:00:00,7,7,16,10,0,330,69,RUE BAUDIN,,,Plein jour,En agglomération,Intersection en X,Normale,Deux véhicules - côté,,,,,,,,,,,1,2,2,1,3
200700042816,0007-07-18 20:00:00,7,7,18,20,0,330,63,RUE PROFESSEUR DARGET,,,Plein jour,En agglomération,Intersection en T,Normale,Deux véhicules - côté,,,,,,,,,,,1,2,3,1,3
200700042817,0007-07-18 13:40:00,7,7,18,13,40,330,63,"20, BD ANTOINE GAUTIER",,,Plein jour,En agglomération,Hors intersection,Normale,Deux véhicules - côté,,,,,,,,,,,1,2,1,1,3
200700042818,0007-07-12 12:30:00,7,7,12,12,30,330,281,"36, AVE DE L'ARGONNE",,,Plein jour,En agglomération,Hors intersection,Normale,Deux véhicules - arrière,,,,,,,,,,,1,2,1,1,2
200700042819,0007-07-16 08:15:00,7,7,16,8,15,330,318,ALL DE LA PRINCESSE,,,Plein jour,En agglomération,Intersection en X,Normale,Deux véhicules - côté,,,,,,,,,,,1,2,2,1,3
200700042820,0007-07-08 22:05:00,7,7,8,22,5,330,75,"31, RUE PASCAL TRIAT",,,Crépuscule ou aube,En agglomération,Intersection en T,Normale,Deux véhicules - côté,,,,,,,,,,,2,2,3,1,3
200700042821,0007-07-19 20:20:00,7,7,19,20,20,330,63,AVE DE LABARDE,,,Plein jour,En agglomération,Hors intersection,Normale,Deux véhicules - frontale,,,,,,,,,,,1,2,1,1,1
200700042822,0007-07-16 12:20:00,7,7,16,12,20,330,281,"17, RUE DES VIGNOBLES",,,Plein jour,En agglomération,Hors intersection,Normale,Deux véhicules - côté,,,,,,,,,,,1,2,1,1,3
200700042823,0007-07-20 03:50:00,7,7,20,3,50,330,63,QUAI DE BRIENNE,,,Nuit avec éclairage allumé,En agglomération,Hors intersection,Temps couvert,Deux véhicules - frontale,,,,,,,,,,,5,2,1,8,1
200700042824,0007-07-16 17:15:00,7,7,16,17,15,330,522,AVE ARTHUR RIMBAUD,,,Plein jour,En agglomération,Intersection en T,Normale,Deux véhicules - arrière,,,,,,,,,,,1,2,3,1,2
200700042825,0007-07-19 23:15:00,7,7,19,23,15,330,63,PCE TOURNY,,,Plein jour,En agglomération,Intersection à plus de 4 branches,Normale,Deux véhicules - côté,,,,,,,,,,,1,2,5,1,3
200700042826,0007-07-19 21:00:00,7,7,19,21,0,330,63,"17, ALL DE TOURNY",,,Plein jour,En agglomération,Hors intersection,Normale,Autre collision,,,,,,,,,,,1,2,1,1,6
200700042827,0007-07-19 14:55:00,7,7,19,14,55,330,63,CRS D'ALBRET,,,Plein jour,En agglomération,Intersection en T,Normale,Deux véhicules - côté,,,,,,,,,,,1,2,3,1,3
200700042828,0007-07-19 08:00:00,7,7,19,8,0,330,63,BD DU PRESIDENT WILSON,,,Plein jour,En agglomération,Intersection en X,Normale,Deux véhicules - côté,,,,,,,,,,,1,2,2,1,3
200700042829,0007-07-22 03:45:00,7,7,22,3,45,330,63,CRS DE L'YSER,,,Nuit sans éclairage public,En agglomération,Intersection en X,Normale,Autre collision,,,,,,,,,,,3,2,2,1,6
200700042830,0007-07-17 18:35:00,7,7,17,18,35,330,281,AVE DU TRUC,,,Plein jour,En agglomération,Intersection en X,Normale,Deux véhicules - côté,,,,,,,,,,,1,2,2,1,3
200700042831,0007-07-20 19:35:00,7,7,20,19,35,330,63,RUE JULES FERRY CAUD,,,Plein jour,En agglomération,Intersection en X,Normale,Deux véhicules - arrière,,,,,,,,,,,1,2,2,1,2
200700042832,0007-07-20 14:05:00,7,7,20,14,5,330,63,"473, AVE D'EYSINES CAUD",,,Plein jour,En agglomération,Hors intersection,Normale,Autre collision,,,,,,,,,,,1,2,1,1,6
200700042833,0007-07-20 14:35:00,7,7,20,14,35,330,63,RUE ABBE DE L'EPEE,,,Plein jour,En agglomération,Intersection en X,Normale,Deux véhicules - côté,,,,,,,,,,,1,2,2,1,3
200700042834,0007-07-22 02:31:00,7,7,22,2,31,330,63,RUE JEAN GOUSSEBAIRE,,,Nuit avec éclairage allumé,En agglomération,Hors intersection,Normale,Autre collision,,,,,,,,,,,5,2,1,1,6
200700042835,0007-07-22 09:05:00,7,7,22,9,5,330,63,BD ANTOINE GAUTIER,,,Plein jour,En agglomération,Intersection en X,Normale,Deux véhicules - côté,,,,,,,,,,,1,2,2,1,3
200700042836,0007-07-20 22:30:00,7,7,20,22,30,330,63,"72, CRS DE L'YSER",,,Nuit avec éclairage allumé,En agglomération,Hors intersection,Normale,Deux véhicules - frontale,,,,,,,,,,,5,2,1,1,1
200700042837,0007-07-23 12:25:00,7,7,23,12,25,330,63,ALL DE BRISTOL,,,Plein jour,En agglomération,Hors intersection,Pluie forte,Deux véhicules - côté,,,,,,,,,,,1,2,1,3,3
200700042838,0007-07-23 15:20:00,7,7,23,15,20,330,63,CRS D'ALBRET,,,Plein jour,En agglomération,Intersection en X,Normale,Deux véhicules - côté,,,,,,,,,,,1,2,2,1,3
200700042839,0007-07-23 08:50:00,7,7,23,8,50,330,63,RUE ULYSSE GAYON,,,Plein jour,En agglomération,Intersection en X,Normale,Autre collision,,,,,,,,,,,1,2,2,1,6
200700042840,0007-07-19 11:30:00,7,7,19,11,30,330,167,RUE SALVADOR ALLENDE,,,Plein jour,En agglomération,Hors intersection,Normale,Autre collision,,,,,,,,,,,1,2,1,1,6
200700042841,0007-07-17 15:00:00,7,7,17,15,0,330,522,"64, RUE LAMARTINE",,,Plein jour,En agglomération,Hors intersection,Normale,Deux véhicules - côté,,,,,,,,,,,1,2,1,1,3
200700042842,0007-07-24 14:15:00,7,7,24,14,15,330,63,"5, CRS DE LA MARTINIQUE",,,Plein jour,En agglomération,Hors intersection,Normale,Deux véhicules - côté,,,,,,,,,,,1,2,1,1,3
200700042843,0007-07-10 08:35:00,7,7,10,8,35,330,281,AVE DE L'YSER,,,Plein jour,En agglomération,Intersection en X,Normale,Deux véhicules - côté,,,,,,,,,,,1,2,2,1,3
200700042844,0007-07-25 10:30:00,7,7,25,10,30,330,63,RUE GEORGES BONNAC,,,Plein jour,En agglomération,Intersection en X,Normale,Deux véhicules - côté,,,,,,,,,,,1,2,2,1,3
200700042845,0007-07-24 18:10:00,7,7,24,18,10,330,63,RUE DE PESSAC,,,Plein jour,En agglomération,Intersection en T,Normale,Deux véhicules - côté,,,,,,,,,,,1,2,3,1,3
200700042846,0007-07-23 12:20:00,7,7,23,12,20,330,318,AVE DE LA TUILERANNE,,,Plein jour,En agglomération,Hors intersection,Normale,Trois véhicules et plus - en chaîne,,,,,,,,,,,1,2,1,1,4
200700042847,0007-07-23 11:20:00,7,7,23,11,20,330,39,RUE DES FRERES LUMIERE,,,Plein jour,En agglomération,Hors intersection,Pluie forte,Deux véhicules - côté,,,,,,,,,,,1,2,1,3,3
200700042848,0007-07-27 15:25:00,7,7,27,15,25,330,318,AVE ROGER CHAUMET,,,Plein jour,En agglomération,Hors intersection,Normale,Deux véhicules - côté,,,,,,,,,,,1,2,1,1,3
200700042849,0007-07-28 14:25:00,7,7,28,14,25,330,63,RUE DES VIGNES,,,Plein jour,En agglomération,Intersection en X,Normale,Deux véhicules - côté,,,,,,,,,,,1,2,2,1,3
200700042850,0007-07-28 02:10:00,7,7,28,2,10,330,63,CRS D'ALBRET,,,Nuit avec éclairage allumé,En agglomération,Intersection en T,Normale,Deux véhicules - arrière,,,,,,,,,,,5,2,3,1,2
200700042851,0007-07-27 12:45:00,7,7,27,12,45,330,63,RUE VIRGINIA CAUD,,,Plein jour,En agglomération,Intersection en T,Normale,Deux véhicules - côté,,,,,,,,,,,1,2,3,1,3
200700042852,0007-07-29 11:10:00,7,7,29,11,10,330,63,RUE ANDRE MAGINOT CAUD,,,Plein jour,En agglomération,Hors intersection,Pluie légère,Autre collision,,,,,,,,,,,1,2,1,2,6
200700042853,0007-07-25 10:45:00,7,7,25,10,45,330,281,RUE APOLLO,,,Plein jour,En agglomération,Intersection en X,Normale,Deux véhicules - côté,,,,,,,,,,,1,2,2,1,3
200700042854,0007-07-30 12:15:00,7,7,30,12,15,330,63,CRS VICTOR HUGO,,,Plein jour,En agglomération,Hors intersection,Normale,Autre collision,,,,,,,,,,,1,2,1,1,6
200700042855,0007-07-30 10:55:00,7,7,30,10,55,330,63,RUE MALBEC,,,Plein jour,En agglomération,Intersection en T,Normale,Deux véhicules - côté,,,,,,,,,,,1,2,3,1,3
200700042856,0007-07-30 17:30:00,7,7,30,17,30,330,63,"98, BD MARECHAL LECLERC",,,Plein jour,En agglomération,Hors intersection,Normale,Deux véhicules - côté,,,,,,,,,,,1,2,1,1,3
200700042857,0007-07-30 15:30:00,7,7,30,15,30,330,63,"195, CRS DE LA SOMME",,,Plein jour,En agglomération,Hors intersection,Normale,Deux véhicules - arrière,,,,,,,,,,,1,2,1,1,2
200700042858,0007-07-30 14:00:00,7,7,30,14,0,330,63,CRS D'ALBRET,,,Plein jour,En agglomération,Intersection en X,Temps couvert,Deux véhicules - côté,,,,,,,,,,,1,2,2,8,3
200700042859,0007-07-20 19:18:00,7,7,20,19,18,330,39,RUE DURCY,,,Plein jour,En agglomération,Hors intersection,Normale,Deux véhicules - côté,,,,,,,,,,,1,2,1,1,3
200700042860,0007-07-31 23:00:00,7,7,31,23,0,330,63,"59, QUAI DES CHARTRONS",,,Nuit avec éclairage allumé,En agglomération,Hors intersection,Normale,Autre collision,,,,,,,,,,,5,2,1,1,6
200700042861,0007-07-24 08:15:00,7,7,24,8,15,330,281,"28, RUE FUSTEL DE COULAN",,,Plein jour,En agglomération,Hors intersection,Normale,Autre collision,,,,,,,,,,,1,2,1,1,6
200700042862,0007-07-27 18:05:00,7,7,27,18,5,330,281,"144, AVE ARISTIDE BRIAND",,,Plein jour,En agglomération,Hors intersection,Normale,Sans collision,,,,,,,,,,,1,2,1,1,7
200700042863,0007-07-14 19:20:00,7,7,14,19,20,330,243,"48, ROUDET(AVENUE DE LA)",,,Plein jour,En agglomération,Hors intersection,Normale,Deux véhicules - côté,,,,,,,,,,,1,2,1,1,3
200700042864,0007-07-05 09:36:00,7,7,5,9,36,340,3,D 51 MARSEILLAN (ROUTE D,,,Plein jour,Hors agglomération,Hors intersection,Normale,Deux véhicules - frontale,,,,,,,,,,,1,1,1,1,1
200700042865,0007-07-07 16:35:00,7,7,7,16,35,340,3,ARCHIPEL (K13; Rond Poin,,,Plein jour,En agglomération,Giratoire,Normale,Deux véhicules - arrière,,,,,,,,,,,1,2,6,1,2
200700042866,0007-07-08 01:50:00,7,7,8,1,50,340,3,D 912 VIAS (ROUTE DE),,,Nuit avec éclairage allumé,En agglomération,Giratoire,Normale,Sans collision,,,,,,,,,,,5,2,6,1,7
200700042867,0007-07-08 01:55:00,7,7,8,1,55,340,3,"sans N°, RD612",,,Nuit avec éclairage allumé,En agglomération,Hors intersection,Normale,Sans collision,,,,,,,,,,,5,2,1,1,7
200700042868,0007-07-08 23:24:00,7,7,8,23,24,340,3,"sans N°, NOTRE-DAME A ST",,,Nuit sans éclairage public,Hors agglomération,Intersection en T,Normale,Deux véhicules - côté,,,,,,,,,,,3,1,3,1,3
200700042869,0007-07-20 22:45:00,7,7,20,22,45,340,3,"sans N°, RD612",,,Nuit sans éclairage public,Hors agglomération,Hors intersection,Normale,Deux véhicules - arrière,,,,,,,,,,,3,1,1,1,2
200700042870,0007-07-20 22:25:00,7,7,20,22,25,340,3,GUIRAUDETTE (K13 A V10,,,Nuit avec éclairage allumé,En agglomération,Hors intersection,Normale,Deux véhicules - côté,,,,,,,,,,,5,2,1,1,3
200700042871,0007-07-20 20:10:00,7,7,20,20,10,340,3,GRACE DE MONACO (RUE),,,Plein jour,En agglomération,Hors intersection,Normale,Sans collision,,,,,,,,,,,1,2,1,1,7
200700042872,0007-07-22 06:00:00,7,7,22,6,0,340,3,RD612,,,Crépuscule ou aube,Hors agglomération,Hors intersection,Normale,Sans collision,,,,,,,,,,,2,1,1,1,7
200700042873,0007-07-30 22:10:00,7,7,30,22,10,340,3,NATIONALE 112 (A4 A A7,,,Nuit sans éclairage public,En agglomération,Intersection en T,Normale,Deux véhicules - arrière,,,,,,,,,,,3,2,3,1,2
200700042874,0007-07-31 16:50:00,7,7,31,16,50,340,3,11 NOVEMBRE (F14 F15,,,Plein jour,En agglomération,Intersection en T,Normale,Deux véhicules - côté,,,,,,,,,,,1,2,3,1,3
200700042875,0007-07-31 21:00:00,7,7,31,21,0,340,3,HALLE (E6,,,Nuit avec éclairage allumé,En agglomération,Hors intersection,Normale,Autre collision,,,,,,,,,,,5,2,1,1,6
200700042876,0007-07-01 01:55:00,7,7,1,1,55,340,32,ROUTE DE VILLENEUVE (RD6,,,Nuit avec éclairage allumé,Hors agglomération,Hors intersection,Normale,Sans collision,,,,,,,,,,,5,1,1,1,7
200700042877,0007-07-06 08:45:00,7,7,6,8,45,340,73,ROUTE D'AGDE (RD612),,,Plein jour,Hors agglomération,Hors intersection,Normale,Trois véhicules et plus - en chaîne,,,,,,,,,,,1,1,1,1,4
200700042878,0007-07-02 16:06:00,7,7,2,16,6,340,32,"22, LATTRE DE TASSIGNY M",,,Plein jour,En agglomération,Hors intersection,Autre,Deux véhicules - arrière,,,,,,,,,,,1,2,1,9,2
200700042879,0007-07-04 17:25:00,7,7,4,17,25,340,32,AGDE (AVENUE),,,Plein jour,En agglomération,Autre intersection,Normale,Deux véhicules - arrière,,,,,,,,,,,1,2,9,1,2
200700042880,0007-07-04 21:25:00,7,7,4,21,25,340,32,BEDARD PIERRE JEAN  (RUE,,,Plein jour,En agglomération,Hors intersection,Normale,Sans collision,,,,,,,,,,,1,2,1,1,7
200700042881,0007-07-05 13:00:00,7,7,5,13,0,340,336,"NR, MEDITERRANEE (AVENUE",,,Plein jour,Hors agglomération,Giratoire,Normale,Deux véhicules - arrière,,,,,,,,,,,1,1,6,1,2
200700042882,0007-07-05 20:50:00,7,7,5,20,50,340,32,"08, ALBERTINI AUGUSTE (A",,,Plein jour,En agglomération,Hors intersection,Normale,Deux véhicules - frontale,,,,,,,,,,,1,2,1,1,1
200700042883,0007-07-06 09:10:00,7,7,6,9,10,340,32,ROUTE NATIONALE 9,,,Plein jour,Hors agglomération,Hors intersection,Normale,Deux véhicules - côté,,,,,,,,,,,1,1,1,1,3
200700042884,0007-07-07 15:33:00,7,7,7,15,33,340,32,"1, CLAPAREDE EMILE (AVEN",,,Plein jour,En agglomération,Intersection en T,Normale,Deux véhicules - arrière,,,,,,,,,,,1,2,3,1,2
200700042885,0007-07-08 00:20:00,7,7,8,0,20,340,32,BAGATELLE (RUE DE LA),,,Nuit avec éclairage allumé,En agglomération,Hors intersection,Normale,Sans collision,,,,,,,,,,,5,2,1,1,7
200700042886,0007-07-08 12:59:00,7,7,8,12,59,340,32,FONT-NEUVE (PLACE DE LA),,,Plein jour,En agglomération,Place,Normale,Deux véhicules - côté,,,,,,,,,,,1,2,7,1,3