accident_id,datetime,annee,mois,jour,heure,minute,departement,commune_insee,adresse,latitude,longitude,luminosite,agglomeration,intersection,meteo,collision,nb_vehicules,nb_usagers,nb_indemnes,nb_tues,nb_blesses_hosp,nb_blesses_legers,age_cond_1,age_cond_2,veh_type_cond_1,veh_type_cond_2,lum_code,agg_code,int_code,atm_code,col_code
200700043021,0007-07-04 15:25:00,7,7,4,15,25,380,185,"0, LUCIEN ANDRIEUX (RUE)",,,Plein jour,En agglomération,Hors intersection,Pluie légère,Deux véhicules - frontale,,,,,,,,,,,1,2,1,2,1
200700043022,0007-07-04 16:50:00,7,7,4,16,50,380,185,"0, MARAIS (CHEMIN DU)",,,Plein jour,En agglomération,Intersection en Y,Normale,Autre collision,,,,,,,,,,,1,2,4,1,6
200700043023,0007-07-06 00:12:00,7,7,6,0,12,380,185,"51, CLEMENCEAU (BOULEVAR",,,Nuit avec éclairage allumé,En agglomération,Hors intersection,Normale,Autre collision,,,,,,,,,,,5,2,1,1,6
200700043024,0007-07-06 15:15:00,7,7,6,15,15,380,185,"00, QUATRIEME REGIMENT D",,,Plein jour,En agglomération,Hors intersection,Normale,Autre collision,,,,,,,,,,,1,2,1,1,6
200700043025,0007-07-06 16:45:00,7,7,6,16,45,380,151,ROCADE SUD,,,Plein jour,Hors agglomération,Hors intersection,Normale,Autre collision,,,,,,,,,,,1,1,1,1,6
200700043026,0007-07-06 18:40:00,7,7,6,18,40,380,185,"16, ESPLANADE (BOULEVARD",,,Plein jour,En agglomération,Hors intersection,Normale,Autre collision,,,,,,,,,,,1,2,1,1,6
200700043027,0007-07-09 08:50:00,7,7,9,8,50,380,185,STALINGRAD (RUE DE),,,Plein jour,En agglomération,Hors intersection,Normale,Deux véhicules - côté,,,,,,,,,,,1,2,1,1,3
200700043028,0007-07-09 14:00:00,7,7,9,14,0,380,185,"0, GARE (PLACE DE LA)",,,Plein jour,En agglomération,Hors intersection,Normale,Autre collision,,,,,,,,,,,1,2,1,1,6
200700043029,0007-07-09 15:50:00,7,7,9,15,50,380,185,"00, BERRIAT (COURS)",,,Plein jour,En agglomération,Hors intersection,Normale,Autre collision,,,,,,,,,,,1,2,1,1,6
200700043030,0007-07-09 21:10:00,7,7,9,21,10,380,185,"87, JEAN JAURES (COURS)",,,Plein jour,En agglomération,Hors intersection,Pluie légère,Autre collision,,,,,,,,,,,1,2,1,2,6
200700043031,0007-07-10 21:10:00,7,7,10,21,10,380,185,VICAT (RUE),,,Plein jour,En agglomération,Intersection en X,Pluie légère,Deux véhicules - côté,,,,,,,,,,,1,2,2,2,3
200700043032,0007-07-12 15:00:00,7,7,12,15,0,380,151,"73, JAURES        (COURS",,,Plein jour,En agglomération,Hors intersection,Normale,Autre collision,,,,,,,,,,,1,2,1,1,6
200700043033,0007-07-13 07:15:00,7,7,13,7,15,380,169,"0, MICHELS (RUE CH.)",,,Plein jour,En agglomération,Intersection en X,Normale,Deux véhicules - côté,,,,,,,,,,,1,2,2,1,3
200700043034,0007-07-13 17:45:00,7,7,13,17,45,380,151,GRUGLIASCO (AVENUE DE ),,,Plein jour,En agglomération,Hors intersection,Normale,Deux véhicules - arrière,,,,,,,,,,,1,2,1,1,2
200700043035,0007-07-13 14:50:00,7,7,13,14,50,380,185,"20, EDOUARD REY (BOULEVA",,,Plein jour,En agglomération,Hors intersection,Normale,Deux véhicules - arrière,,,,,,,,,,,1,2,1,1,2
200700043036,0007-07-13 22:45:00,7,7,13,22,45,380,185,"0, GAMBETTA (BOULEVARD)",,,Nuit avec éclairage allumé,En agglomération,Hors intersection,Normale,Autre collision,,,,,,,,,,,5,2,1,1,6
200700043037,0007-07-18 18:00:00,7,7,18,18,0,380,151,"38, JAURES        (COURS",,,Plein jour,En agglomération,Hors intersection,Normale,Autre collision,,,,,,,,,,,1,2,1,1,6
200700043038,0007-07-18 18:50:00,7,7,18,18,50,380,185,ALFRED DE MUSSET (RUE ),,,Plein jour,En agglomération,Intersection en X,Normale,Deux véhicules - frontale,,,,,,,,,,,1,2,2,1,1
200700043039,0007-07-18 22:30:00,7,7,18,22,30,380,179,COMBE (LIEU-DIT LA),,,Nuit sans éclairage public,Hors agglomération,Hors intersection,Normale,Sans collision,,,,,,,,,,,3,1,1,1,7
200700043040,0007-07-19 15:30:00,7,7,19,15,30,380,185,COLONEL DENFERT ROCHEREA,,,Plein jour,En agglomération,Intersection en X,Normale,Deux véhicules - côté,,,,,,,,,,,1,2,2,1,3
200700043041,0007-07-20 11:00:00,7,7,20,11,0,380,185,PIERRE ET MARIE CURIE (R,,,Plein jour,En agglomération,Intersection en X,Normale,Deux véhicules - frontale,,,,,,,,,,,1,2,2,1,1
200700043042,0007-07-21 05:20:00,7,7,21,5,20,380,185,"1, MARECHAL JOFFRE (BOUL",,,Nuit avec éclairage allumé,En agglomération,Intersection en X,Normale,Deux véhicules - côté,,,,,,,,,,,5,2,2,1,3
200700043043,0007-07-21 10:10:00,7,7,21,10,10,380,185,"1, FELIX VIALLET (AVENUE",,,Plein jour,En agglomération,Intersection en X,Normale,Deux véhicules - côté,,,,,,,,,,,1,2,2,1,3
200700043044,0007-07-27 22:15:00,7,7,27,22,15,380,185,"59, BASTILLE (CHEMIN DE",,,Nuit avec éclairage allumé,En agglomération,Hors intersection,Normale,Sans collision,,,,,,,,,,,5,2,1,1,7
200700043045,0007-07-28 23:08:00,7,7,28,23,8,380,185,"51, TEISSEIRE (AVENUE)",,,Nuit avec éclairage allumé,En agglomération,Hors intersection,Normale,Autre collision,,,,,,,,,,,5,2,1,1,6
200700043046,0007-07-30 14:50:00,7,7,30,14,50,380,185,"00, LIBERATION ET DU GEN",,,Plein jour,En agglomération,Intersection en X,Normale,Deux véhicules - côté,,,,,,,,,,,1,2,2,1,3
200700043047,0007-07-30 20:30:00,7,7,30,20,30,380,185,"76, RHIN ET DANUBE (AVEN",,,Crépuscule ou aube,En agglomération,Intersection en X,Normale,Deux véhicules - côté,,,,,,,,,,,2,2,2,1,3
200700043048,0007-07-31 13:10:00,7,7,31,13,10,380,151,"00, COMBOIRE (RUE DE)",,,Plein jour,En agglomération,Hors intersection,Normale,Autre collision,,,,,,,,,,,1,2,1,1,6
200700043049,0007-07-31 14:30:00,7,7,31,14,30,380,185,"13, JULES VALLES (AVENUE",,,Plein jour,En agglomération,Intersection en X,Normale,Deux véhicules - côté,,,,,,,,,,,1,2,2,1,3
200700043050,0007-07-13 18:15:00,7,7,13,18,15,380,544,"17, GENERAL LECLERC(AV)",,,Plein jour,En agglomération,Hors intersection,Normale,Deux véhicules - frontale,,,,,,,,,,,1,2,1,1,1
200700043051,0007-07-01 12:15:00,7,7,1,12,15,380,563,"0000, BRUNETIERE (RUE DE",,,Plein jour,En agglomération,Hors intersection,Normale,Deux véhicules - frontale,,,,,,,,,,,1,2,1,1,1
200700043052,0007-07-23 14:50:00,7,7,23,14,50,380,563,rocade ouest,,,Plein jour,Hors agglomération,Hors intersection,Normale,Trois véhicules et plus - collisions multiples,,,,,,,,,,,1,1,1,1,5
200700043053,0007-07-18 01:05:00,7,7,18,1,5,390,362,CD470,,,Nuit sans éclairage public,Hors agglomération,Hors intersection,Normale,Autre collision,,,,,,,,,,,3,1,1,1,6
200700043054,0007-07-10 12:55:00,7,7,10,12,55,390,300,"320, BESANCON (ROUTE DE)",,,Plein jour,En agglomération,Intersection en X,Pluie légère,Deux véhicules - côté,,,,,,,,,,,1,2,2,2,3
200700043055,0007-07-05 13:57:00,7,7,5,13,57,400,279,SAINT-VINCENT DE PAUL (B,,,Plein jour,En agglomération,Hors intersection,Normale,Deux véhicules - côté,,,,,,,,,,,1,2,1,1,3
200700043056,0007-07-18 18:45:00,7,7,18,18,45,400,88,SAINT-VINCENT DE PAUL (A,,,Plein jour,En agglomération,Hors intersection,Normale,Trois véhicules et plus - collisions multiples,,,,,,,,,,,1,2,1,1,5
200700043057,0007-07-22 00:20:00,7,7,22,0,20,400,279,BORDES (RUE ABBE),,,Nuit avec éclairage allumé,En agglomération,Hors intersection,Normale,Deux véhicules - frontale,,,,,,,,,,,5,2,1,1,1
200700043058,0007-07-27 14:15:00,7,7,27,14,15,400,279,RESISTANCE (AVE DE LA),,,Plein jour,En agglomération,Hors intersection,Normale,Deux véhicules - côté,,,,,,,,,,,1,2,1,1,3
200700043059,0007-07-14 21:40:00,7,7,14,21,40,400,192,"23, BOSQUET (RUE DU MARE",,,Nuit avec éclairage allumé,En agglomération,Hors intersection,Normale,Autre collision,,,,,,,,,,,5,2,1,1,6
200700043060,0007-07-17 23:10:00,7,7,17,23,10,400,281,CANTECOUCUT (RUE),,,Nuit avec éclairage allumé,En agglomération,Intersection en T,Normale,Deux véhicules - frontale,,,,,,,,,,,5,2,3,1,1
200700043061,0007-07-20 17:25:00,7,7,20,17,25,400,281,rue  de l'arrayade,,,Plein jour,En agglomération,Intersection en T,Normale,Deux véhicules - côté,,,,,,,,,,,1,2,3,1,3
200700043062,0007-07-03 16:00:00,7,7,3,16,0,410,18,D174,,,Plein jour,En agglomération,Hors intersection,Normale,Trois véhicules et plus - collisions multiples,,,,,,,,,,,1,2,1,1,5
200700043063,0007-07-10 07:35:00,7,7,10,7,35,410,18,FRANCE (AVENUE DE)  1,,,Plein jour,En agglomération,Hors intersection,Pluie légère,Autre collision,,,,,,,,,,,1,2,1,2,6
200700043064,0007-07-10 11:00:00,7,7,10,11,0,410,18,"45, BESNARD (QUAI ULYSSE",,,Plein jour,En agglomération,Intersection en T,Normale,Deux véhicules - frontale,,,,,,,,,,,1,2,3,1,1
200700043065,0007-07-10 16:15:00,7,7,10,16,15,410,18,SAUSSAYE (QUAI DE LA),,,Plein jour,En agglomération,Hors intersection,Pluie légère,Autre collision,,,,,,,,,,,1,2,1,2,6
200700043066,0007-07-10 10:50:00,7,7,10,10,50,410,18,LATHAM (RUE) N° PAIRS DU,,,Plein jour,En agglomération,Hors intersection,Normale,Deux véhicules - côté,,,,,,,,,,,1,2,1,1,3
200700043067,0007-07-14 00:40:00,7,7,14,0,40,410,212,D 956,,,Nuit sans éclairage public,Hors agglomération,Hors intersection,Normale,Deux véhicules - arrière,,,,,,,,,,,3,1,1,1,2
200700043068,0007-07-16 15:52:00,7,7,16,15,52,410,18,PONT DU GAST (RUE DU),,,Plein jour,En agglomération,Hors intersection,Pluie légère,Autre collision,,,,,,,,,,,1,2,1,2,6
200700043069,0007-07-16 14:00:00,7,7,16,14,0,410,18,CITES UNIES (BOULEVARD D,,,Plein jour,En agglomération,Hors intersection,Pluie légère,Deux véhicules - arrière,,,,,,,,,,,1,2,1,2,2
200700043070,0007-07-08 12:35:00,7,7,8,12,35,410,18,"01, D 956",,,Plein jour,En agglomération,Hors intersection,Normale,Deux véhicules - arrière,,,,,,,,,,,1,2,1,1,2
200700043071,0007-07-25 16:07:00,7,7,25,16,7,410,18,BOULLE (RUE ANDRE),,,Plein jour,En agglomération,Hors intersection,Normale,Deux véhicules - côté,,,,,,,,,,,1,2,1,1,3
200700043072,0007-07-14 18:10:00,7,7,14,18,10,410,194,"114, FORET (RUE DE LA)",,,Plein jour,En agglomération,Intersection en X,Temps éblouissant,Deux véhicules - côté,,,,,,,,,,,1,2,2,7,3
200700043073,0007-07-16 21:15:00,7,7,16,21,15,410,158,"., ROCHAMBEAU (RUE DU MA",,,Plein jour,En agglomération,Hors intersection,Normale,Sans collision,,,,,,,,,,,1,2,1,1,7
200700043074,0007-07-23 19:30:00,7,7,23,19,30,410,158,", ROUTE DEPARTEMENTALE 9",,,Plein jour,Hors agglomération,Intersection en X,Normale,Deux véhicules - côté,,,,,,,,,,,1,1,2,1,3
200700043075,0007-07-01 15:55:00,7,7,1,15,55,420,44,RD 88,,,Plein jour,En agglomération,Hors intersection,Normale,Autre collision,,,,,,,,,,,1,2,1,1,6
200700043076,0007-07-02 18:10:00,7,7,2,18,10,420,44,RD 10-2,,,Plein jour,En agglomération,Hors intersection,Normale,Deux véhicules - arrière,,,,,,,,,,,1,2,1,1,2
200700043077,0007-07-06 16:25:00,7,7,6,16,25,420,44,RD 88-2,,,Plein jour,En agglomération,Hors intersection,Normale,Autre collision,,,,,,,,,,,1,2,1,1,6
200700043078,0007-07-07 21:00:00,7,7,7,21,0,420,44,RD 10-2,,,Plein jour,En agglomération,Hors intersection,Normale,Deux véhicules - côté,,,,,,,,,,,1,2,1,1,3
200700043079,0007-07-18 19:50:00,7,7,18,19,50,420,316,"45, SALENGRO (RUE ROGER)",,,Plein jour,En agglomération,Hors intersection,Normale,Autre collision,,,,,,,,,,,1,2,1,1,6
200700043080,0007-07-22 20:45:00,7,7,22,20,45,420,44,RD 10-2,,,Plein jour,En agglomération,Hors intersection,Normale,Autre collision,,,,,,,,,,,1,2,1,1,6
200700043081,0007-07-23 18:35:00,7,7,23,18,35,420,95,CD 500,,,Plein jour,Hors agglomération,Hors intersection,Normale,Autre collision,,,,,,,,,,,1,1,1,1,6
200700043082,0007-07-24 18:15:00,7,7,24,18,15,420,316,CD 25,,,Plein jour,En agglomération,Hors intersection,Temps éblouissant,Autre collision,,,,,,,,,,,1,2,1,7,6
200700043083,0007-07-28 11:30:00,7,7,28,11,30,420,31,CD 108,,,Plein jour,En agglomération,Hors intersection,Normale,Deux véhicules - côté,,,,,,,,,,,1,2,1,1,3
200700043084,0007-07-06 05:30:00,7,7,6,5,30,420,147,BEAUREGARD (RUE DE),,,Crépuscule ou aube,En agglomération,Autre intersection,Normale,Deux véhicules - côté,,,,,,,,,,,2,2,9,1,3
200700043085,0007-07-06 17:15:00,7,7,6,17,15,420,147,"2, CHAVASSIEU (BOULEVARD",,,Plein jour,En agglomération,Hors intersection,Normale,Autre collision,,,,,,,,,,,1,2,1,1,6
200700043086,0007-07-31 10:13:00,7,7,31,10,13,420,147,LIBERATION  (AVENUE),,,Plein jour,En agglomération,Hors intersection,Normale,Autre collision,,,,,,,,,,,1,2,1,1,6
200700043087,0007-07-06 20:30:00,7,7,6,20,30,420,259,"8, BOURDINIERE HAMEAU DE",,,Plein jour,Hors agglomération,Hors intersection,Normale,Autre collision,,,,,,,,,,,1,1,1,1,6
200700043088,0007-07-10 14:45:00,7,7,10,14,45,420,186,"17, TOCHISSONNE RUE DE",,,Plein jour,En agglomération,Giratoire,Temps couvert,Autre collision,,,,,,,,,,,1,2,6,8,6
200700043089,0007-07-01 12:45:00,7,7,1,12,45,420,187,"18, CUGNOT (RUE NICOLAS)",,,Plein jour,En agglomération,Hors intersection,Pluie forte,Autre collision,,,,,,,,,,,1,2,1,3,6
200700043090,0007-07-03 10:20:00,7,7,3,10,20,420,71,"81, LIBERATION (AVENUE D",,,Plein jour,En agglomération,Hors intersection,Pluie légère,Deux véhicules - côté,,,,,,,,,,,1,2,1,2,3
200700043091,0007-07-03 11:00:00,7,7,3,11,0,420,187,"20, BOCHARD (RUE CLAUDE)",,,Plein jour,En agglomération,Intersection en X,Pluie légère,Deux véhicules - côté,,,,,,,,,,,1,2,2,2,3
200700043092,0007-07-02 13:30:00,7,7,2,13,30,420,187,"1, BARON DU MARAIS (BOUL",,,Plein jour,En agglomération,Giratoire,Normale,Deux véhicules - côté,,,,,,,,,,,1,2,6,1,3
200700043093,0007-07-04 16:10:00,7,7,4,16,10,420,127,DE GAULLE (AVENUE CHARLE,,,Plein jour,Hors agglomération,Hors intersection,Normale,Deux véhicules - côté,,,,,,,,,,,1,1,1,1,3
200700043094,0007-07-05 14:50:00,7,7,5,14,50,420,187,"20, LOIRE (LEVEE DE LA )",,,Plein jour,En agglomération,Hors intersection,Normale,Autre collision,,,,,,,,,,,1,2,1,1,6
200700043095,0007-07-05 17:55:00,7,7,5,17,55,420,187,PARIS (AVENUE DE),,,Plein jour,En agglomération,Intersection en T,Normale,Deux véhicules - côté,,,,,,,,,,,1,2,3,1,3
200700043096,0007-07-06 01:40:00,7,7,6,1,40,420,187,MULSANT (RUE),,,Nuit avec éclairage allumé,En agglomération,Hors intersection,Normale,Sans collision,,,,,,,,,,,5,2,1,1,7
200700043097,0007-07-06 17:10:00,7,7,6,17,10,420,71,"35, LIBERATION (AVENUE D",,,Plein jour,En agglomération,Hors intersection,Normale,Autre collision,,,,,,,,,,,1,2,1,1,6
200700043098,0007-07-08 10:25:00,7,7,8,10,25,420,187,"76, MULSANT (RUE)",,,Plein jour,En agglomération,Hors intersection,Pluie légère,Deux véhicules - arrière,,,,,,,,,,,1,2,1,2,2
200700043099,0007-07-09 17:30:00,7,7,9,17,30,420,71,DE GAULLE (BOULEVARD CHA,,,Plein jour,En agglomération,Giratoire,Normale,Deux véhicules - côté,,,,,,,,,,,1,2,6,1,3
200700043100,0007-07-09 11:40:00,7,7,9,11,40,420,187,"20, PLASSE (RUE GEORGES)",,,Plein jour,En agglomération,Intersection en X,Normale,Autre collision,,,,,,,,,,,1,2,2,1,6
200700043101,0007-07-10 10:53:00,7,7,10,10,53,420,187,"20, CUVIER  (RUE)",,,Plein jour,En agglomération,Intersection en T,Pluie légère,Deux véhicules - côté,,,,,,,,,,,1,2,3,2,3
200700043102,0007-07-13 14:00:00,7,7,13,14,0,420,127,"20, FONTAINE JEAN  (RUE",,,Plein jour,En agglomération,Hors intersection,Normale,Autre collision,,,,,,,,,,,1,2,1,1,6
200700043103,0007-07-14 10:25:00,7,7,14,10,25,420,187,MULSANT (RUE),,,Plein jour,En agglomération,Hors intersection,Normale,Autre collision,,,,,,,,,,,1,2,1,1,6
200700043104,0007-07-18 15:45:00,7,7,18,15,45,420,187,ARISTIDE BRIAND ( PLACE,,,Plein jour,En agglomération,Hors intersection,Normale,Deux véhicules - arrière,,,,,,,,,,,1,2,1,1,2
200700043105,0007-07-19 20:20:00,7,7,19,20,20,420,187,"20, MOLIERE (RUE)",,,Crépuscule ou aube,En agglomération,Intersection en T,Normale,Deux véhicules - frontale,,,,,,,,,,,2,2,3,1,1
200700043106,0007-07-20 15:30:00,7,7,20,15,30,420,187,"20, LIBERTE ( BOULEVARD",,,Plein jour,En agglomération,Hors intersection,Normale,Deux véhicules - côté,,,,,,,,,,,1,2,1,1,3
200700043107,0007-07-22 18:55:00,7,7,22,18,55,420,184,"1479, FOCH MARECHAL (RUE",,,Plein jour,En agglomération,Intersection en T,Normale,Deux véhicules - côté,,,,,,,,,,,1,2,3,1,3
200700043108,0007-07-21 21:20:00,7,7,21,21,20,420,71,"172, LIBERATION (AVENUE",,,Plein jour,En agglomération,Intersection en X,Normale,Deux véhicules - côté,,,,,,,,,,,1,2,2,1,3
200700043109,0007-07-23 15:30:00,7,7,23,15,30,420,184,"01, BURELLIER ANTOINE (R",,,Plein jour,En agglomération,Intersection en T,Normale,Deux véhicules - frontale,,,,,,,,,,,1,2,3,1,1
200700043110,0007-07-28 08:30:00,7,7,28,8,30,420,187,"40, BRANLY (RUE EDOUARD",,,Plein jour,En agglomération,Hors intersection,Normale,Autre collision,,,,,,,,,,,1,2,1,1,6
200700043111,0007-07-04 14:30:00,7,7,4,14,30,420,330,ROCADE OUEST,,,Plein jour,Hors agglomération,Hors intersection,Temps couvert,Deux véhicules - arrière,,,,,,,,,,,1,1,1,8,2
200700043112,0007-07-04 19:00:00,7,7,4,19,0,420,218,"2, BAULIER FRANCIS",,,Plein jour,En agglomération,Intersection en T,Normale,Deux véhicules - côté,,,,,,,,,,,1,2,3,1,3
200700043113,0007-07-05 07:23:00,7,7,5,7,23,420,218,THIERS (BOULEVARD),,,Plein jour,En agglomération,Intersection en X,Normale,Deux véhicules - côté,,,,,,,,,,,1,2,2,1,3
200700043114,0007-07-05 11:11:00,7,7,5,11,11,420,275,"19, TROIS GLORIEUSES",,,Plein jour,En agglomération,Hors intersection,Normale,Deux véhicules - côté,,,,,,,,,,,1,2,1,1,3
200700043115,0007-07-05 15:30:00,7,7,5,15,30,420,218,"00000001, BEAUMARCHAIS J",,,Plein jour,En agglomération,Intersection en X,Normale,Deux véhicules - côté,,,,,,,,,,,1,2,2,1,3
200700043116,0007-07-07 20:20:00,7,7,7,20,20,420,218,FAURIAT (BOULEVARD) A PA,,,Plein jour,En agglomération,Intersection en X,Normale,Deux véhicules - côté,,,,,,,,,,,1,2,2,1,3
200700043117,0007-07-06 08:59:00,7,7,6,8,59,420,218,"14, VERPILLEUX JEAN CLAU",,,Plein jour,En agglomération,Hors intersection,Normale,Deux véhicules - côté,,,,,,,,,,,1,2,1,1,3
200700043118,0007-07-06 16:10:00,7,7,6,16,10,420,218,"53, MARTEL EDOUARD A PAR",,,Plein jour,En agglomération,Intersection en X,Normale,Deux véhicules - côté,,,,,,,,,,,1,2,2,1,3
200700043119,0007-07-09 16:00:00,7,7,9,16,0,420,218,"32, VILLARS (DE)",,,Plein jour,En agglomération,Hors intersection,Normale,Deux véhicules - arrière,,,,,,,,,,,1,2,1,1,2
200700043120,0007-07-10 11:41:00,7,7,10,11,41,420,218,"36, ALLIES JUSQU'AUX N°",,,Plein jour,En agglomération,Hors intersection,Normale,Autre collision,,,,,,,,,,,1,2,1,1,6
200700043121,0007-07-10 13:56:00,7,7,10,13,56,420,218,"125, RICHELANDIERE (DE L",,,Plein jour,En agglomération,Hors intersection,Normale,Deux véhicules - côté,,,,,,,,,,,1,2,1,1,3
200700043122,0007-07-11 12:45:00,7,7,11,12,45,420,218,"9, BORIE",,,Plein jour,En agglomération,Hors intersection,Normale,Autre collision,,,,,,,,,,,1,2,1,1,6
200700043123,0007-07-12 12:25:00,7,7,12,12,25,420,218,"0000000001, CUISSARD ANT",,,Plein jour,En agglomération,Intersection en T,Normale,Deux véhicules - côté,,,,,,,,,,,1,2,3,1,3
200700043124,0007-07-13 15:50:00,7,7,13,15,50,420,218,RICHELANDIERE (DE LA) JU,,,Plein jour,En agglomération,Intersection en T,Normale,Deux véhicules - côté,,,,,,,,,,,1,2,3,1,3
200700043125,0007-07-15 18:10:00,7,7,15,18,10,420,218,CURIE PIERRE ET MARIE,,,Plein jour,En agglomération,Hors intersection,Normale,Trois véhicules et plus - collisions multiples,,,,,,,,,,,1,2,1,1,5
200700043126,0007-07-20 07:20:00,7,7,20,7,20,420,218,"171, ALLIES A PARTIR N°",,,Plein jour,En agglomération,Hors intersection,Normale,Autre collision,,,,,,,,,,,1,2,1,1,6
200700043127,0007-07-22 14:35:00,7,7,22,14,35,420,218,", BEAUBRUN",,,Plein jour,En agglomération,Intersection en X,Normale,Deux véhicules - côté,,,,,,,,,,,1,2,2,1,3
200700043128,0007-07-23 17:30:00,7,7,23,17,30,420,218,"94, PERI GABRIEL A PARTI",,,Plein jour,En agglomération,Intersection en T,Pluie légère,Deux véhicules - frontale,,,,,,,,,,,1,2,3,2,1
200700043129,0007-07-27 02:04:00,7,7,27,2,4,420,218,"74, CHARCOT DOCTEURS JUS",,,Nuit avec éclairage allumé,En agglomération,Intersection en X,Normale,Deux véhicules - côté,,,,,,,,,,,5,2,2,1,3
200700043130,0007-07-07 10:45:00,7,7,7,10,45,430,41,SPORTS (AVENUE DES),,,Plein jour,En agglomération,Hors intersection,Normale,Trois véhicules et plus - en chaîne,,,,,,,,,,,1,2,1,1,4
200700043131,0007-07-10 17:05:00,7,7,10,17,5,430,157,8 MAI 1945 (AVENUE DU),,,Plein jour,En agglomération,Intersection en T,Temps couvert,Deux véhicules - côté,,,,,,,,,,,1,2,3,8,3
200700043132,0007-07-19 15:50:00,7,7,19,15,50,430,157,ST-JEAN (RUE DU FG) (1-5,,,Plein jour,En agglomération,Hors intersection,Normale,Autre collision,,,,,,,,,,,1,2,1,1,6
200700043133,0007-07-23 19:20:00,7,7,23,19,20,430,41,"27, LYON (ROUTE DE)",,,Plein jour,En agglomération,Hors intersection,Pluie légère,Autre collision,,,,,,,,,,,1,2,1,2,6
200700043134,0007-07-31 23:10:00,7,7,31,23,10,430,89,PUY (AVENUE DU),,,Nuit avec éclairage allumé,En agglomération,Hors intersection,Normale,Autre collision,,,,,,,,,,,5,2,1,1,6
200700043135,0007-07-04 17:00:00,7,7,4,17,0,440,135,ATLANTIQUE ( BOULEVARD D,,,Plein jour,En agglomération,Hors intersection,Normale,Sans collision,,,,,,,,,,,1,2,1,1,7
200700043136,0007-07-05 08:00:00,7,7,5,8,0,440,55,BERTHO ( RUE HENRI ),,,Crépuscule ou aube,En agglomération,Hors intersection,Normale,Sans collision,,,,,,,,,,,2,2,1,1,7
200700043137,0007-07-06 17:35:00,7,7,6,17,35,440,55,FORT ( BOULEVARD DE LA,,,Plein jour,Hors agglomération,Hors intersection,Normale,Deux véhicules - arrière,,,,,,,,,,,1,1,1,1,2
200700043138,0007-07-07 08:05:00,7,7,7,8,5,440,55,LILAS ( AVENUE DES ),,,Crépuscule ou aube,En agglomération,Hors intersection,Normale,Sans collision,,,,,,,,,,,2,2,1,1,7
200700043139,0007-07-09 17:40:00,7,7,9,17,40,440,132,GAULLE (AVENUE DU GÉNÉRA,,,Plein jour,En agglomération,Hors intersection,Normale,Deux véhicules - côté,,,,,,,,,,,1,2,1,1,3
200700043140,0007-07-11 17:50:00,7,7,11,17,50,440,55,LILAS ( AVENUE DES ),,,Plein jour,En agglomération,Intersection en X,Normale,Deux véhicules - frontale,,,,,,,,,,,1,2,2,1,1
200700043141,0007-07-14 03:25:00,7,7,14,3,25,440,55,DARLU ( BOULEVARD ),,,Nuit sans éclairage public,En agglomération,Hors intersection,Normale,Autre collision,,,,,,,,,,,3,2,1,1,6
200700043142,0007-07-15 06:15:00,7,7,15,6,15,440,55,"23, LILAS ( AVENUE DES )",,,Crépuscule ou aube,En agglomération,Hors intersection,Normale,Autre collision,,,,,,,,,,,2,2,1,1,6
200700043143,0007-07-15 11:09:00,7,7,15,11,9,440,55,DARLU ( BOULEVARD ),,,Plein jour,En agglomération,Hors intersection,Normale,Deux véhicules - arrière,,,,,,,,,,,1,2,1,1,2
200700043144,0007-07-20 16:09:00,7,7,20,16,9,440,135,"16, ATLANTIQUE ( BOULEVA",,,Plein jour,En agglomération,Hors intersection,Normale,Deux véhicules - arrière,,,,,,,,,,,1,2,1,1,2
200700043145,0007-07-20 18:55:00,7,7,20,18,55,440,55,"36, LAJARRIGE ( AVENUE L",,,Plein jour,En agglomération,Hors intersection,Normale,Autre collision,,,,,,,,,,,1,2,1,1,6
200700043146,0007-07-23 12:50:00,7,7,23,12,50,440,132,LOUISE (AVENUE),,,Plein jour,En agglomération,Hors intersection,Normale,Autre collision,,,,,,,,,,,1,2,1,1,6
200700043147,0007-07-23 15:30:00,7,7,23,15,30,440,55,LATTRE DE TASSIGNY ( AVE,,,Plein jour,En agglomération,Hors intersection,Normale,Deux véhicules - arrière,,,,,,,,,,,1,2,1,1,2
200700043148,0007-07-24 08:40:00,7,7,24,8,40,440,55,VERNE ( AVENUE JULES ),,,Plein jour,En agglomération,Hors intersection,Normale,Autre collision,,,,,,,,,,,1,2,1,1,6
200700043149,0007-07-24 21:15:00,7,7,24,21,15,440,132,"25, OCEANIDES (BOULEVARD",,,Crépuscule ou aube,En agglomération,Hors intersection,Normale,Autre collision,,,,,,,,,,,2,2,1,1,6
200700043150,0007-07-27 20:00:00,7,7,27,20,0,440,55,"125, GAULLE ( AVENUE DU",,,Plein jour,En agglomération,Hors intersection,Normale,Autre collision,,,,,,,,,,,1,2,1,1,6
200700043151,0007-07-03 15:50:00,7,7,3,15,50,440,109,BOULEVARD EMILE GABORY,,,Plein jour,En agglomération,Hors intersection,Normale,Autre collision,,,,,,,,,,,1,2,1,1,6
200700043152,0007-07-01 12:16:00,7,7,1,12,16,440,109,PLACE DE JACKSONVILLE,,,Plein jour,En agglomération,Giratoire,Normale,Deux véhicules - côté,,,,,,,,,,,1,2,6,1,3
200700043153,0007-07-01 20:35:00,7,7,1,20,35,440,114,"0, PERIPHERIQUE ROUTIER",,,Plein jour,Hors agglomération,Hors intersection,Pluie forte,Autre collision,,,,,,,,,,,1,1,1,3,6
200700043154,0007-07-02 17:45:00,7,7,2,17,45,440,109,RUE DE LA COLINIERE,,,Plein jour,En agglomération,Intersection en X,Normale,Deux véhicules - côté,,,,,,,,,,,1,2,2,1,3