accident_id,datetime,annee,mois,jour,heure,minute,departement,commune_insee,adresse,latitude,longitude,luminosite,agglomeration,intersection,meteo,collision,nb_vehicules,nb_usagers,nb_indemnes,nb_tues,nb_blesses_hosp,nb_blesses_legers,age_cond_1,age_cond_2,veh_type_cond_1,veh_type_cond_2,lum_code,agg_code,int_code,atm_code,col_code
200700043289,0007-07-28 02:45:00,7,7,28,2,45,490,267,"0, RD 116",,,Nuit avec éclairage allumé,En agglomération,Hors intersection,Pluie légère,Autre collision,,,,,,,,,,,5,2,1,2,6
200700043290,0007-07-29 18:14:00,7,7,29,18,14,490,7,"1, BRIOLLAY ROUTE",,,Plein jour,En agglomération,Intersection en X,Temps couvert,Autre collision,,,,,,,,,,,1,2,2,8,6
200700043291,0007-07-30 14:05:00,7,7,30,14,5,490,246,"0, HUIT MAI AVENUE",,,Plein jour,En agglomération,Hors intersection,Normale,Autre collision,,,,,,,,,,,1,2,1,1,6
200700043292,0007-07-31 20:34:00,7,7,31,20,34,490,353,"0, VEST FERDINANT",,,Plein jour,En agglomération,Intersection en T,Normale,Deux véhicules - côté,,,,,,,,,,,1,2,3,1,3
200700043293,0007-07-31 17:15:00,7,7,31,17,15,490,7,"0, BOURG LA CROIX PLACE",,,Plein jour,En agglomération,Hors intersection,Normale,Deux véhicules - côté,,,,,,,,,,,1,2,1,1,3
200700043294,0007-07-31 20:10:00,7,7,31,20,10,490,7,"0, EPINARD CHEMIN",,,Plein jour,En agglomération,Hors intersection,Normale,Sans collision,,,,,,,,,,,1,2,1,1,7
200700043295,0007-07-20 15:17:00,7,7,20,15,17,490,99,ANJOU (RUE DE L'),,,Plein jour,En agglomération,Hors intersection,Normale,Autre collision,,,,,,,,,,,1,2,1,1,6
200700043296,0007-07-31 10:20:00,7,7,31,10,20,490,99,"47, DOUMER (RUE DU PRESI",,,Plein jour,En agglomération,Hors intersection,Normale,Deux véhicules - arrière,,,,,,,,,,,1,2,1,1,2
200700043297,0007-07-07 09:05:00,7,7,7,9,5,490,328,"sans, CHEMIN VERT (RUE D",,,Plein jour,En agglomération,Hors intersection,Normale,Deux véhicules - arrière,,,,,,,,,,,1,2,1,1,2
200700043298,0007-07-12 17:50:00,7,7,12,17,50,490,328,"SANS, ROMANS (RUE DES)",,,Plein jour,Hors agglomération,Hors intersection,Normale,Deux véhicules - côté,,,,,,,,,,,1,1,1,1,3
200700043299,0007-07-23 08:10:00,7,7,23,8,10,490,328,", PALUSTRE (RUE LEOPOLD)",,,Plein jour,En agglomération,Hors intersection,Pluie forte,Deux véhicules - côté,,,,,,,,,,,1,2,1,3,3
200700043300,0007-07-31 13:25:00,7,7,31,13,25,490,328,"1, ECURIES (RUE DES)",,,Plein jour,En agglomération,Intersection en T,Normale,Deux véhicules - côté,,,,,,,,,,,1,2,3,1,3
200700043301,0007-07-01 01:35:00,7,7,1,1,35,500,602,"35, GAULLE (RUE DU GENER",,,Nuit avec éclairage allumé,En agglomération,Hors intersection,Pluie légère,Sans collision,,,,,,,,,,,5,2,1,2,7
200700043302,0007-07-02 16:45:00,7,7,2,16,45,500,602,"110, GAMBETTA (RUE)",,,Plein jour,En agglomération,Hors intersection,Normale,Sans collision,,,,,,,,,,,1,2,1,1,7
200700043303,0007-07-08 18:00:00,7,7,8,18,0,500,416,"45, AMFREVILLE (RUE D')",,,Plein jour,Hors agglomération,Hors intersection,Normale,Deux véhicules - frontale,,,,,,,,,,,1,1,1,1,1
200700043304,0007-07-09 17:50:00,7,7,9,17,50,500,173,"95, SURCOUF (RUE)",,,Plein jour,En agglomération,Hors intersection,Normale,Trois véhicules et plus - collisions multiples,,,,,,,,,,,1,2,1,1,5
200700043305,0007-07-13 21:55:00,7,7,13,21,55,500,602,RN 13,,,Plein jour,En agglomération,Hors intersection,Normale,Autre collision,,,,,,,,,,,1,2,1,1,6
200700043306,0007-07-14 01:15:00,7,7,14,1,15,500,203,"0, LANSONNEUR (RUE LOUIS",,,Nuit avec éclairage allumé,En agglomération,Hors intersection,Normale,Autre collision,,,,,,,,,,,5,2,1,1,6
200700043307,0007-07-16 17:10:00,7,7,16,17,10,500,129,VAL DE SAIRE (RUE DU),,,Plein jour,En agglomération,Intersection en X,Normale,Deux véhicules - côté,,,,,,,,,,,1,2,2,1,3
200700043308,0007-07-19 15:45:00,7,7,19,15,45,500,173,"82, FAURE (RUE)",,,Plein jour,En agglomération,Hors intersection,Normale,Deux véhicules - frontale,,,,,,,,,,,1,2,1,1,1
200700043309,0007-07-19 23:50:00,7,7,19,23,50,500,129,"0, FERRY (RUE JULES)",,,Nuit avec éclairage allumé,En agglomération,Hors intersection,Normale,Trois véhicules et plus - en chaîne,,,,,,,,,,,5,2,1,1,4
200700043310,0007-07-21 22:40:00,7,7,21,22,40,500,173,"0, ROND POINT DE CAPEL",,,Nuit avec éclairage allumé,En agglomération,Hors intersection,Pluie forte,Autre collision,,,,,,,,,,,5,2,1,3,6
200700043311,0007-07-23 13:25:00,7,7,23,13,25,500,173,"0, SALINE (BOULEVARD DE",,,Plein jour,En agglomération,Hors intersection,Normale,Deux véhicules - arrière,,,,,,,,,,,1,2,1,1,2
200700043312,0007-07-25 16:50:00,7,7,25,16,50,500,602,"0, COUPLETS (ROUTE DES)",,,Plein jour,En agglomération,Hors intersection,Normale,Autre collision,,,,,,,,,,,1,2,1,1,6
200700043313,0007-07-25 13:55:00,7,7,25,13,55,500,129,"9, CARNOT (AVENUE)",,,Plein jour,En agglomération,Hors intersection,Normale,Deux véhicules - côté,,,,,,,,,,,1,2,1,1,3
200700043314,0007-07-28 23:35:00,7,7,28,23,35,500,129,"0, MILLET (AVENUE JEAN-F",,,Nuit avec éclairage allumé,En agglomération,Hors intersection,Pluie forte,Deux véhicules - arrière,,,,,,,,,,,5,2,1,3,2
200700043315,0007-07-10 18:00:00,7,7,10,18,0,500,532,"0, VIEUX CHATEAU (RUE)",,,Plein jour,En agglomération,Hors intersection,Normale,Deux véhicules - côté,,,,,,,,,,,1,2,1,1,3
200700043316,0007-07-13 14:10:00,7,7,13,14,10,500,218,", VILLEDIEU LES POELES (",,,Plein jour,Hors agglomération,Intersection en T,Normale,Deux véhicules - frontale,,,,,,,,,,,1,1,3,1,1
200700043317,0007-07-16 08:40:00,7,7,16,8,40,500,165,"95, COUTANCES (ROUTE DE)",,,Plein jour,En agglomération,Hors intersection,Normale,Autre collision,,,,,,,,,,,1,2,1,1,6
200700043318,0007-07-18 13:20:00,7,7,18,13,20,500,532,LEZEAUX (ROUTE),,,Plein jour,Hors agglomération,Intersection en X,Normale,Autre collision,,,,,,,,,,,1,1,2,1,6
200700043319,0007-07-21 12:30:00,7,7,21,12,30,500,218,"1, MOULINS (RUE DES)",,,Plein jour,En agglomération,Hors intersection,Autre,Autre collision,,,,,,,,,,,1,2,1,9,6
200700043320,0007-07-26 08:40:00,7,7,26,8,40,510,108,SEMARD (AVE PIERRE),,,Plein jour,En agglomération,Hors intersection,Normale,Autre collision,,,,,,,,,,,1,2,1,1,6
200700043321,0007-07-27 16:13:00,7,7,27,16,13,510,108,"3, FBG SAINT ANTOINE (RU",,,Plein jour,En agglomération,Hors intersection,Normale,Deux véhicules - côté,,,,,,,,,,,1,2,1,1,3
200700043322,0007-07-03 11:40:00,7,7,3,11,40,510,454,KOENIG (RUE DU GENERAL),,,Plein jour,En agglomération,Hors intersection,Pluie légère,Autre collision,,,,,,,,,,,1,2,1,2,6
200700043323,0007-07-04 11:55:00,7,7,4,11,55,510,454,"0, MARS (RUE)",,,Plein jour,En agglomération,Intersection en T,Pluie légère,Deux véhicules - côté,,,,,,,,,,,1,2,3,2,3
200700043324,0007-07-07 10:45:00,7,7,7,10,45,510,573,CARREFOUR (ROUTE DE SOIS,,,Plein jour,En agglomération,Hors intersection,Normale,Deux véhicules - côté,,,,,,,,,,,1,2,1,1,3
200700043325,0007-07-10 10:45:00,7,7,10,10,45,510,454,"49, CAPUCINS (RUE DES)",,,Plein jour,En agglomération,Intersection en X,Normale,Deux véhicules - côté,,,,,,,,,,,1,2,2,1,3
200700043326,0007-07-14 19:50:00,7,7,14,19,50,510,454,"55, PARIS (AVENUE DE) N°",,,Plein jour,En agglomération,Hors intersection,Normale,Deux véhicules - côté,,,,,,,,,,,1,2,1,1,3
200700043327,0007-07-15 18:50:00,7,7,15,18,50,510,55,BERCEAUX (CHEMIN DES),,,Plein jour,En agglomération,Intersection en X,Normale,Autre collision,,,,,,,,,,,1,2,2,1,6
200700043328,0007-07-27 17:40:00,7,7,27,17,40,510,454,JAURES (AVENUE JEAN) DU,,,Plein jour,En agglomération,Intersection en X,Normale,Trois véhicules et plus - collisions multiples,,,,,,,,,,,1,2,2,1,5
200700043329,0007-07-04 08:35:00,7,7,4,8,35,520,121,"0, GIRARDEL (AVENUE PHIL",,,Plein jour,En agglomération,Intersection en X,Normale,Deux véhicules - frontale,,,,,,,,,,,1,2,2,1,1
200700043330,0007-07-23 09:25:00,7,7,23,9,25,520,121,"0, ABATTOIR (RUE DE L')",,,Plein jour,En agglomération,Intersection en Y,Pluie légère,Autre collision,,,,,,,,,,,1,2,4,2,6
200700043331,0007-07-23 12:20:00,7,7,23,12,20,520,121,"35.581, RD 619",,,Plein jour,Hors agglomération,Hors intersection,Pluie légère,Autre collision,,,,,,,,,,,1,1,1,2,6
200700043332,0007-07-26 03:55:00,7,7,26,3,55,520,121,RD 65 A,,,Nuit avec éclairage allumé,Hors agglomération,Hors intersection,Normale,Autre collision,,,,,,,,,,,5,1,1,1,6
200700043333,0007-07-09 18:20:00,7,7,9,18,20,520,121,RD 200,,,Plein jour,Hors agglomération,Hors intersection,Pluie forte,Autre collision,,,,,,,,,,,1,1,1,3,6
200700043334,0007-07-31 16:15:00,7,7,31,16,15,520,121,R.D. 65,,,Plein jour,Hors agglomération,Hors intersection,Normale,Deux véhicules - arrière,,,,,,,,,,,1,1,1,1,2
200700043335,0007-07-10 19:00:00,7,7,10,19,0,520,448,ROLLIN (CARREFOUR HENRI),,,Plein jour,En agglomération,Autre intersection,Temps couvert,Sans collision,,,,,,,,,,,1,2,9,8,7
200700043336,0007-07-12 12:10:00,7,7,12,12,10,520,448,"56, JAURES (RUE JEAN) PA",,,Plein jour,En agglomération,Hors intersection,Normale,Deux véhicules - côté,,,,,,,,,,,1,2,1,1,3
200700043337,0007-07-09 18:15:00,7,7,9,18,15,530,34,RD 57 VERS LE MANS,,,Plein jour,Hors agglomération,Hors intersection,Temps couvert,Deux véhicules - frontale,,,,,,,,,,,1,1,1,8,1
200700043338,0007-07-27 09:55:00,7,7,27,9,55,530,201,RD 500 VERS LAVAL,,,Plein jour,Hors agglomération,Hors intersection,Normale,Deux véhicules - côté,,,,,,,,,,,1,1,1,1,3
200700043339,0007-07-14 16:25:00,7,7,14,16,25,540,99,346 (RD - VERS CH MAILLO,,,Plein jour,Hors agglomération,Hors intersection,Normale,Deux véhicules - côté,,,,,,,,,,,1,1,1,1,3
200700043340,0007-07-22 01:40:00,7,7,22,1,40,540,273,"14, GOUNOD (RUE CHARLES)",,,Nuit avec éclairage allumé,En agglomération,Intersection en Y,Normale,Sans collision,,,,,,,,,,,5,2,4,1,7
200700043341,0007-07-04 18:05:00,7,7,4,18,5,540,159,"4, MEURTHE (RUE DE LA)",,,Plein jour,En agglomération,Autre intersection,Normale,Autre collision,,,,,,,,,,,1,2,9,1,6
200700043342,0007-07-01 10:20:00,7,7,1,10,20,540,304,SAPINIERE (RUE DE LA),,,Plein jour,En agglomération,Hors intersection,Normale,Autre collision,,,,,,,,,,,1,2,1,1,6
200700043343,0007-07-02 09:30:00,7,7,2,9,30,540,395,"74, BOUFFLERS (AV. DE 74",,,Plein jour,En agglomération,Intersection en Y,Normale,Deux véhicules - côté,,,,,,,,,,,1,2,4,1,3
200700043344,0007-07-03 10:00:00,7,7,3,10,0,540,547,"11, PERI (RUE GABRIEL)",,,Plein jour,En agglomération,Intersection en X,Pluie légère,Deux véhicules - côté,,,,,,,,,,,1,2,2,2,3
200700043345,0007-07-04 11:30:00,7,7,4,11,30,540,395,"33, PLACIEUX (RUE DU)",,,Plein jour,En agglomération,Hors intersection,Pluie légère,Autre collision,,,,,,,,,,,1,2,1,2,6
200700043346,0007-07-05 23:30:00,7,7,5,23,30,540,395,"26, SAINT DIZIER (RUE 2",,,Nuit avec éclairage allumé,En agglomération,Intersection en X,Pluie légère,Autre collision,,,,,,,,,,,5,2,2,2,6
200700043347,0007-07-06 08:20:00,7,7,6,8,20,540,304,"1, CURIE (RUE PIERRE)",,,Plein jour,En agglomération,Hors intersection,Normale,Autre collision,,,,,,,,,,,1,2,1,1,6
200700043348,0007-07-06 14:45:00,7,7,6,14,45,540,526,"1, TOLSTOI (BOULEVARD)",,,Plein jour,En agglomération,Intersection en T,Normale,Autre collision,,,,,,,,,,,1,2,3,1,6
200700043349,0007-07-08 05:30:00,7,7,8,5,30,540,395,BATAILLE (QUAI DE LA),,,Crépuscule ou aube,En agglomération,Intersection en X,Normale,Deux véhicules - côté,,,,,,,,,,,2,2,2,1,3
200700043350,0007-07-08 18:25:00,7,7,8,18,25,540,395,"1, GRANDE RUE",,,Plein jour,En agglomération,Intersection en T,Pluie légère,Deux véhicules - arrière,,,,,,,,,,,1,2,3,2,2
200700043351,0007-07-09 21:15:00,7,7,9,21,15,540,395,"1, LOBAU (BOULEVARD)",,,Crépuscule ou aube,En agglomération,Hors intersection,Normale,Autre collision,,,,,,,,,,,2,2,1,1,6
200700043352,0007-07-09 12:55:00,7,7,9,12,55,540,526,"1, RD 2 BIS",,,Plein jour,Hors agglomération,Intersection en X,Normale,Deux véhicules - arrière,,,,,,,,,,,1,1,2,1,2
200700043353,0007-07-06 23:30:00,7,7,6,23,30,540,300,BIZE (RUE GILBERT),,,Nuit avec éclairage allumé,En agglomération,Hors intersection,Normale,Deux véhicules - frontale,,,,,,,,,,,5,2,1,1,1
200700043354,0007-07-10 08:55:00,7,7,10,8,55,540,328,"1541, CURIE (RUE PIERRE",,,Plein jour,En agglomération,Hors intersection,Normale,Deux véhicules - frontale,,,,,,,,,,,1,2,1,1,1
200700043355,0007-07-10 12:30:00,7,7,10,12,30,540,395,BOUDONVILLE (RUE DE),,,Plein jour,En agglomération,Intersection en X,Normale,Autre collision,,,,,,,,,,,1,2,2,1,6
200700043356,0007-07-10 14:00:00,7,7,10,14,0,540,184,"1, BRIGACHTAL (AVENUE DE",,,Plein jour,Hors agglomération,Hors intersection,Normale,Trois véhicules et plus - en chaîne,,,,,,,,,,,1,1,1,1,4
200700043357,0007-07-10 14:40:00,7,7,10,14,40,540,395,"1, LOTHAIRE II (RUE)",,,Plein jour,En agglomération,Intersection en X,Normale,Deux véhicules - côté,,,,,,,,,,,1,2,2,1,3
200700043358,0007-07-11 14:15:00,7,7,11,14,15,540,328,VALIN (RUE EUGENE),,,Plein jour,En agglomération,Intersection en T,Normale,Deux véhicules - frontale,,,,,,,,,,,1,2,3,1,1
200700043359,0007-07-11 17:30:00,7,7,11,17,30,540,547,"1, AMSTERDAM  (RUE D')",,,Plein jour,En agglomération,Intersection en X,Normale,Autre collision,,,,,,,,,,,1,2,2,1,6
200700043360,0007-07-12 08:40:00,7,7,12,8,40,540,395,CLEMENCEAU (BD GEORGES),,,Plein jour,En agglomération,Intersection en X,Normale,Deux véhicules - côté,,,,,,,,,,,1,2,2,1,3
200700043361,0007-07-14 11:10:00,7,7,14,11,10,540,274,"16, DELIBES (RUE LEO)",,,Plein jour,En agglomération,Hors intersection,Normale,Autre collision,,,,,,,,,,,1,2,1,1,6
200700043362,0007-07-14 21:05:00,7,7,14,21,5,540,395,MOULIN (BOULEVARD JEAN),,,Plein jour,En agglomération,Hors intersection,Normale,Autre collision,,,,,,,,,,,1,2,1,1,6
200700043363,0007-07-16 10:40:00,7,7,16,10,40,540,197,CHEMIN DE HALAGE,,,Plein jour,Hors agglomération,Hors intersection,Normale,Deux véhicules - arrière,,,,,,,,,,,1,1,1,1,2
200700043364,0007-07-16 14:15:00,7,7,16,14,15,540,395,"1, PARE (RUE AMBROISE)",,,Plein jour,Hors agglomération,Hors intersection,Normale,Deux véhicules - arrière,,,,,,,,,,,1,1,1,1,2
200700043365,0007-07-18 22:45:00,7,7,18,22,45,540,304,QUATRE VENTS (AVENUE DES,,,Nuit avec éclairage allumé,En agglomération,Hors intersection,Normale,Deux véhicules - frontale,,,,,,,,,,,5,2,1,1,1
200700043366,0007-07-22 19:35:00,7,7,22,19,35,540,395,LOBAU (BOULEVARD),,,Plein jour,En agglomération,Intersection en T,Normale,Deux véhicules - arrière,,,,,,,,,,,1,2,3,1,2
200700043367,0007-07-23 17:15:00,7,7,23,17,15,540,498,"1, DE GAULLE (AVENUE DU",,,Plein jour,En agglomération,Intersection en T,Pluie forte,Deux véhicules - côté,,,,,,,,,,,1,2,3,3,3
200700043368,0007-07-25 07:55:00,7,7,25,7,55,540,395,"1, STRASBOURG (AVENUE DE",,,Plein jour,En agglomération,Intersection en X,Normale,Deux véhicules - arrière,,,,,,,,,,,1,2,2,1,2
200700043369,0007-07-25 08:25:00,7,7,25,8,25,540,304,"76 Bis, POINCARE (RUE RA",,,Plein jour,En agglomération,Hors intersection,Normale,Deux véhicules - côté,,,,,,,,,,,1,2,1,1,3
200700043370,0007-07-25 15:50:00,7,7,25,15,50,540,357,"15, PASTEUR (RUE)",,,Plein jour,En agglomération,Hors intersection,Normale,Autre collision,,,,,,,,,,,1,2,1,1,6
200700043371,0007-07-26 11:15:00,7,7,26,11,15,540,184,"29, FOCH (AVENUE)",,,Plein jour,En agglomération,Hors intersection,Normale,Autre collision,,,,,,,,,,,1,2,1,1,6
200700043372,0007-07-26 14:55:00,7,7,26,14,55,540,395,"1, QUATRE EGLISES (RUE D",,,Plein jour,En agglomération,Intersection en X,Normale,Deux véhicules - côté,,,,,,,,,,,1,2,2,1,3
200700043373,0007-07-26 16:00:00,7,7,26,16,0,540,304,RESISTANCE (AV. DE LA -I,,,Plein jour,En agglomération,Hors intersection,Normale,Deux véhicules - arrière,,,,,,,,,,,1,2,1,1,2
200700043374,0007-07-27 17:05:00,7,7,27,17,5,540,328,"1, CURIE (RUE PIERRE ET",,,Plein jour,En agglomération,Hors intersection,Normale,Deux véhicules - arrière,,,,,,,,,,,1,2,1,1,2
200700043375,0007-07-28 07:50:00,7,7,28,7,50,540,184,"1, SOIXANTE NEUVIEME R.I",,,Plein jour,Hors agglomération,Giratoire,Normale,Deux véhicules - côté,,,,,,,,,,,1,1,6,1,3
200700043376,0007-07-29 17:20:00,7,7,29,17,20,540,395,HAUT-BOURGEOIS (RUE DU),,,Plein jour,En agglomération,Intersection en X,Temps couvert,Autre collision,,,,,,,,,,,1,2,2,8,6
200700043377,0007-07-29 18:20:00,7,7,29,18,20,540,274,RD 674,,,Plein jour,Hors agglomération,Hors intersection,Pluie légère,Autre collision,,,,,,,,,,,1,1,1,2,6
200700043378,0007-07-30 09:00:00,7,7,30,9,0,540,395,"1, LIBERATION (AVENUE DE",,,Plein jour,En agglomération,Intersection en X,Normale,Deux véhicules - côté,,,,,,,,,,,1,2,2,1,3
200700043379,0007-07-30 11:20:00,7,7,30,11,20,540,547,"1, CURIE (RUE PIERRE)",,,Plein jour,En agglomération,Intersection à plus de 4 branches,Normale,Deux véhicules - côté,,,,,,,,,,,1,2,5,1,3
200700043380,0007-07-31 15:20:00,7,7,31,15,20,540,395,"2, SAINT JEAN (RUE)",,,Plein jour,En agglomération,Hors intersection,Normale,Autre collision,,,,,,,,,,,1,2,1,1,6
200700043381,0007-07-10 10:50:00,7,7,10,10,50,540,431,RD 657 CHAMPEY,,,Plein jour,Hors agglomération,Intersection en T,Normale,Deux véhicules - côté,,,,,,,,,,,1,1,3,1,3
200700043382,0007-07-21 18:40:00,7,7,21,18,40,540,431,"15, FABVIER (RUE)",,,Plein jour,En agglomération,Hors intersection,Normale,Autre collision,,,,,,,,,,,1,2,1,1,6
200700043383,0007-07-07 18:12:00,7,7,7,18,12,540,528,"731, GEORGES CLEMENCEAU",,,Plein jour,En agglomération,Hors intersection,Normale,Autre collision,,,,,,,,,,,1,2,1,1,6
200700043384,0007-07-14 23:15:00,7,7,14,23,15,540,528,"81, BRIFFOUX",,,Nuit avec éclairage allumé,En agglomération,Hors intersection,Normale,Autre collision,,,,,,,,,,,5,2,1,1,6
200700043385,0007-07-08 16:55:00,7,7,8,16,55,540,167,HOPITAL JEANNE D'ARC,,,Plein jour,Hors agglomération,Intersection en X,Normale,Deux véhicules - côté,,,,,,,,,,,1,1,2,1,3
200700043386,0007-07-20 17:15:00,7,7,20,17,15,540,521,"7, LANGEVIN PAUL (RUE)",,,Plein jour,En agglomération,Intersection en X,Normale,Deux véhicules - côté,,,,,,,,,,,1,2,2,1,3
200700043387,0007-07-01 05:10:00,7,7,1,5,10,550,302,"23, MORTEAU ( RUE )",,,Crépuscule ou aube,En agglomération,Hors intersection,Normale,Autre collision,,,,,,,,,,,2,2,1,1,6
200700043388,0007-07-07 03:00:00,7,7,7,3,0,550,186,LIBERATION ( AVENUE DE L,,,Nuit avec éclairage allumé,Hors agglomération,Hors intersection,Normale,Autre collision,,,,,,,,,,,5,1,1,1,6
200700043389,0007-07-18 11:30:00,7,7,18,11,30,550,29,"61, BRADFER ( RUE ERNEST",,,Plein jour,En agglomération,Hors intersection,Normale,Deux véhicules - arrière,,,,,,,,,,,1,2,1,1,2
200700043390,0007-07-18 06:45:00,7,7,18,6,45,550,302,RN 1135,,,Plein jour,Hors agglomération,Hors intersection,Normale,Autre collision,,,,,,,,,,,1,1,1,1,6
200700043391,0007-07-23 11:35:00,7,7,23,11,35,550,29,SCHUMAN ( RUE ROBERT ),,,Plein jour,En agglomération,Hors intersection,Normale,Deux véhicules - arrière,,,,,,,,,,,1,2,1,1,2
200700043392,0007-07-27 13:05:00,7,7,27,13,5,550,29,"12, ALLENDE ( RUE SALVAT",,,Plein jour,En agglomération,Hors intersection,Normale,Deux véhicules - arrière,,,,,,,,,,,1,2,1,1,2
200700043393,0007-07-31 10:04:00,7,7,31,10,4,550,186,"38, BEGARENNE ( RUE DE )",,,Plein jour,En agglomération,Hors intersection,Normale,Deux véhicules - côté,,,,,,,,,,,1,2,1,1,3
200700043394,0007-07-02 08:25:00,7,7,2,8,25,560,121,JAURES ( AVE JEAN ),,,Plein jour,En agglomération,Hors intersection,Normale,Deux véhicules - côté,,,,,,,,,,,1,2,1,1,3
200700043395,0007-07-02 18:33:00,7,7,2,18,33,560,98,"228, SAKHAROV (RUE  ANDR",,,Plein jour,En agglomération,Hors intersection,Normale,Deux véhicules - côté,,,,,,,,,,,1,2,1,1,3
200700043396,0007-07-03 08:41:00,7,7,3,8,41,560,107,ROUTE DEPARTEMENTALE 29,,,Plein jour,En agglomération,Hors intersection,Normale,Deux véhicules - côté,,,,,,,,,,,1,2,1,1,3
200700043397,0007-07-03 10:16:00,7,7,3,10,16,560,83,"., ALLENDE ( AV. PRES. S",,,Plein jour,En agglomération,Intersection en T,Pluie légère,Deux véhicules - côté,,,,,,,,,,,1,2,3,2,3
200700043398,0007-07-04 18:15:00,7,7,4,18,15,560,121,KERGROISE ( AVE DE ),,,Plein jour,En agglomération,Hors intersection,Normale,Sans collision,,,,,,,,,,,1,2,1,1,7
200700043399,0007-07-05 13:25:00,7,7,5,13,25,560,121,PIAF (RUE  EDITH ),,,Plein jour,En agglomération,Hors intersection,Normale,Deux véhicules - arrière,,,,,,,,,,,1,2,1,1,2
200700043400,0007-07-05 16:07:00,7,7,5,16,7,560,83,LUMIERE ( AV. DES FRERES,,,Plein jour,En agglomération,Hors intersection,Pluie forte,Sans collision,,,,,,,,,,,1,2,1,3,7
200700043401,0007-07-06 21:47:00,7,7,6,21,47,560,121,PONT CHINOIS ( PL DU ),,,Plein jour,En agglomération,Hors intersection,Normale,Sans collision,,,,,,,,,,,1,2,1,1,7
200700043402,0007-07-07 05:00:00,7,7,7,5,0,560,121,INDES ( QUAI DES ),,,Crépuscule ou aube,En agglomération,Hors intersection,Pluie légère,Sans collision,,,,,,,,,,,2,2,1,2,7
200700043403,0007-07-07 16:15:00,7,7,7,16,15,560,121,"36, CHAZELLES ( COURS LO",,,Plein jour,En agglomération,Hors intersection,Normale,Trois véhicules et plus - en chaîne,,,,,,,,,,,1,2,1,1,4
200700043404,0007-07-07 20:55:00,7,7,7,20,55,560,98,BILLOUX ( AV. FRANCOIS ),,,Plein jour,En agglomération,Hors intersection,Normale,Deux véhicules - côté,,,,,,,,,,,1,2,1,1,3
200700043405,0007-07-08 01:10:00,7,7,8,1,10,560,83,VAILLANT ( AV. EDOUARD ),,,Nuit avec éclairage allumé,En agglomération,Hors intersection,Normale,Sans collision,,,,,,,,,,,5,2,1,1,7
200700043406,0007-07-07 10:50:00,7,7,7,10,50,560,121,"., JAURES ( AVE JEAN )",,,Plein jour,En agglomération,Hors intersection,Normale,Sans collision,,,,,,,,,,,1,2,1,1,7
200700043407,0007-07-06 14:54:00,7,7,6,14,54,560,162,"., KERLAVRET",,,Plein jour,Hors agglomération,Hors intersection,Normale,Sans collision,,,,,,,,,,,1,1,1,1,7
200700043408,0007-07-10 18:15:00,7,7,10,18,15,560,121,"., GUESDE (RUE  JULES )",,,Plein jour,En agglomération,Intersection en T,Normale,Deux véhicules - côté,,,,,,,,,,,1,2,3,1,3
200700043409,0007-07-12 14:13:00,7,7,12,14,13,560,121,"., TOULLEC (RUE  FRANCOI",,,Plein jour,En agglomération,Hors intersection,Normale,Deux véhicules - arrière,,,,,,,,,,,1,2,1,1,2
200700043410,0007-07-13 18:08:00,7,7,13,18,8,560,162,"72, CHASSEURS (RUE DES)",,,Plein jour,En agglomération,Hors intersection,Normale,Sans collision,,,,,,,,,,,1,2,1,1,7
200700043411,0007-07-14 00:25:00,7,7,14,0,25,560,121,"., SAINT CHRISTOPHE (RON",,,Nuit avec éclairage allumé,En agglomération,Hors intersection,Normale,Sans collision,,,,,,,,,,,5,2,1,1,7
200700043412,0007-07-15 15:56:00,7,7,15,15,56,560,162,"., STE ANNE",,,Plein jour,En agglomération,Hors intersection,Normale,Sans collision,,,,,,,,,,,1,2,1,1,7
200700043413,0007-07-15 21:25:00,7,7,15,21,25,560,121,"., MULLER ( DU COLONEL J",,,Crépuscule ou aube,En agglomération,Hors intersection,Normale,Sans collision,,,,,,,,,,,2,2,1,1,7
200700043414,0007-07-18 12:50:00,7,7,18,12,50,560,121,"., SVOB ( BOULEVARD EMMA",,,Plein jour,En agglomération,Intersection en X,Normale,Deux véhicules - côté,,,,,,,,,,,1,2,2,1,3
200700043415,0007-07-19 17:50:00,7,7,19,17,50,560,98,"., BILLOUX ( AV. FRANCOI",,,Plein jour,En agglomération,Giratoire,Pluie légère,Deux véhicules - côté,,,,,,,,,,,1,2,6,2,3
200700043416,0007-07-25 17:30:00,7,7,25,17,30,560,121,"33, CHAZELLES ( COURS LO",,,Plein jour,En agglomération,Hors intersection,Normale,Deux véhicules - arrière,,,,,,,,,,,1,2,1,1,2
200700043417,0007-07-26 18:00:00,7,7,26,18,0,560,107,"., KENNEDY (AVENUE DU PR",,,Plein jour,En agglomération,Hors intersection,Normale,Deux véhicules - arrière,,,,,,,,,,,1,2,1,1,2
200700043418,0007-07-26 19:40:00,7,7,26,19,40,560,83,"71, ALLENDE ( AV. PRES.",,,Plein jour,En agglomération,Hors intersection,Normale,Sans collision,,,,,,,,,,,1,2,1,1,7
200700043419,0007-07-02 18:25:00,7,7,2,18,25,560,260,"79, VERDUN(AVENUE DE)",,,Plein jour,En agglomération,Hors intersection,Normale,Deux véhicules - côté,,,,,,,,,,,1,2,1,1,3
200700043420,0007-07-10 12:05:00,7,7,10,12,5,560,260,"., KERGRAIN(GIRATOIRE DE",,,Plein jour,En agglomération,Hors intersection,Normale,Deux véhicules - arrière,,,,,,,,,,,1,2,1,1,2
200700043421,0007-07-10 18:45:00,7,7,10,18,45,560,260,"48, BRISE(RUE DE LA)",,,Plein jour,En agglomération,Hors intersection,Normale,Deux véhicules - frontale,,,,,,,,,,,1,2,1,1,1
200700043422,0007-07-12 16:00:00,7,7,12,16,0,560,260,RN 165 -SENS NANTES / LO,,,Plein jour,Hors agglomération,Autre intersection,Pluie légère,Deux véhicules - arrière,,,,,,,,,,,1,1,9,2,2