accident_id,datetime,annee,mois,jour,heure,minute,departement,commune_insee,adresse,latitude,longitude,luminosite,agglomeration,intersection,meteo,collision,nb_vehicules,nb_usagers,nb_indemnes,nb_tues,nb_blesses_hosp,nb_blesses_legers,age_cond_1,age_cond_2,veh_type_cond_1,veh_type_cond_2,lum_code,agg_code,int_code,atm_code,col_code
200700043556,0007-07-13 17:45:00,7,7,13,17,45,590,386,"87, FROISSART JEAN RUE",,,Plein jour,En agglomération,Hors intersection,Normale,Autre collision,,,,,,,,,,,1,2,1,1,6
200700043557,0007-07-20 19:00:00,7,7,20,19,0,590,328,"172, BECQUART AVENUE",,,Plein jour,En agglomération,Intersection en T,Temps éblouissant,Autre collision,,,,,,,,,,,1,2,3,7,6
200700043558,0007-07-20 19:05:00,7,7,20,19,5,590,350,SALENGRO ROGER AVENUE,,,Plein jour,En agglomération,Intersection en X,Normale,Autre collision,,,,,,,,,,,1,2,2,1,6
200700043559,0007-07-22 06:15:00,7,7,22,6,15,590,9,CIMAISE RUE DE LA,,,Plein jour,En agglomération,Hors intersection,Normale,Autre collision,,,,,,,,,,,1,2,1,1,6
200700043560,0007-07-23 12:30:00,7,7,23,12,30,590,360,PARE AMBROISE RUE,,,Plein jour,En agglomération,Hors intersection,Normale,Deux véhicules - côté,,,,,,,,,,,1,2,1,1,3
200700043561,0007-07-24 08:00:00,7,7,24,8,0,590,350,"123, NATIONALE RUE N°2 A",,,Plein jour,En agglomération,Hors intersection,Normale,Deux véhicules - côté,,,,,,,,,,,1,2,1,1,3
200700043562,0007-07-24 18:05:00,7,7,24,18,5,590,350,"714, DUNKERQUE AVENUE",,,Plein jour,En agglomération,Intersection en T,Normale,Autre collision,,,,,,,,,,,1,2,3,1,6
200700043563,0007-07-25 12:40:00,7,7,25,12,40,590,350,HUGO VICTOR  BVD N°2 A 1,,,Plein jour,En agglomération,Hors intersection,Normale,Autre collision,,,,,,,,,,,1,2,1,1,6
200700043564,0007-07-17 15:45:00,7,7,17,15,45,590,609,SECLIN RUE DE,,,Plein jour,En agglomération,Intersection en X,Normale,Deux véhicules - côté,,,,,,,,,,,1,2,2,1,3
200700043565,0007-07-27 18:45:00,7,7,27,18,45,590,9,DOUMER PAUL RUE DU PRESI,,,Plein jour,En agglomération,Hors intersection,Normale,Deux véhicules - côté,,,,,,,,,,,1,2,1,1,3
200700043566,0007-07-28 12:15:00,7,7,28,12,15,590,193,"Seclin, rue de",,,Plein jour,En agglomération,Hors intersection,Normale,Autre collision,,,,,,,,,,,1,2,1,1,6
200700043567,0007-07-28 15:50:00,7,7,28,15,50,590,585,"187, DE GAULLE RUE DU GE",,,Plein jour,En agglomération,Autre intersection,Normale,Autre collision,,,,,,,,,,,1,2,9,1,6
200700043568,0007-07-29 20:05:00,7,7,29,20,5,590,648,"43, SAINT EXUPERY RUE",,,Plein jour,En agglomération,Hors intersection,Normale,Deux véhicules - côté,,,,,,,,,,,1,2,1,1,3
200700043569,0007-07-30 17:15:00,7,7,30,17,15,590,328,"9, EIFFEL GUSTAVE RUE",,,Plein jour,En agglomération,Hors intersection,Normale,Deux véhicules - côté,,,,,,,,,,,1,2,1,1,3
200700043570,0007-07-13 19:57:00,7,7,13,19,57,590,230,CLEMENCEAU (AVENUE),,,Plein jour,En agglomération,Hors intersection,Normale,Deux véhicules - arrière,,,,,,,,,,,1,2,1,1,2
200700043571,0007-07-06 14:13:00,7,7,6,14,13,590,392,"45, FRANCE (AVENUE DE)",,,Plein jour,En agglomération,Intersection en T,Normale,Autre collision,,,,,,,,,,,1,2,3,1,6
200700043572,0007-07-02 21:35:00,7,7,2,21,35,590,646,HAUT VINAGE (RUE DU),,,Plein jour,Hors agglomération,Hors intersection,Normale,Autre collision,,,,,,,,,,,1,1,1,1,6
200700043573,0007-07-03 09:00:00,7,7,3,9,0,590,650,MERMOZ (RUE JEAN),,,Plein jour,En agglomération,Intersection en T,Pluie forte,Autre collision,,,,,,,,,,,1,2,3,3,6
200700043574,0007-07-05 16:40:00,7,7,5,16,40,590,512,GRAND PLACE,,,Plein jour,En agglomération,Hors intersection,Normale,Autre collision,,,,,,,,,,,1,2,1,1,6
200700043575,0007-07-08 01:20:00,7,7,8,1,20,590,512,METZ (BOULEVARD DE),,,Nuit avec éclairage allumé,Hors agglomération,Hors intersection,Normale,Sans collision,,,,,,,,,,,5,1,1,1,7
200700043576,0007-07-02 20:30:00,7,7,2,20,30,590,650,MONT A LEUX (RUE DU),,,Plein jour,Hors agglomération,Hors intersection,Normale,Autre collision,,,,,,,,,,,1,1,1,1,6
200700043577,0007-07-02 14:00:00,7,7,2,14,0,590,650,SAPIN VERT (PLACE DU),,,Plein jour,En agglomération,Intersection en X,Normale,Deux véhicules - côté,,,,,,,,,,,1,2,2,1,3
200700043578,0007-07-08 20:00:00,7,7,8,20,0,590,650,FAURE (RUE GABRIEL),,,Plein jour,Hors agglomération,Hors intersection,Normale,Autre collision,,,,,,,,,,,1,1,1,1,6
200700043579,0007-07-11 08:20:00,7,7,11,8,20,590,512,ALGER  (RUE D'),,,Plein jour,Hors agglomération,Intersection en X,Normale,Deux véhicules - côté,,,,,,,,,,,1,1,2,1,3
200700043580,0007-07-10 21:05:00,7,7,10,21,5,590,512,LANNOY (RUE DE),,,Plein jour,En agglomération,Hors intersection,Normale,Deux véhicules - frontale,,,,,,,,,,,1,2,1,1,1
200700043581,0007-07-06 12:50:00,7,7,6,12,50,590,646,GRAND COTTIGNIES (AVENUE,,,Plein jour,Hors agglomération,Hors intersection,Normale,Trois véhicules et plus - en chaîne,,,,,,,,,,,1,1,1,1,4
200700043582,0007-07-15 05:15:00,7,7,15,5,15,590,512,FABRICANTS (RUE DES),,,Crépuscule ou aube,Hors agglomération,Intersection en T,Normale,Deux véhicules - côté,,,,,,,,,,,2,1,3,1,3
200700043583,0007-07-04 14:45:00,7,7,4,14,45,590,512,LANNOY (RUE DE ),,,Plein jour,En agglomération,Hors intersection,Normale,Autre collision,,,,,,,,,,,1,2,1,1,6
200700043584,0007-07-18 16:47:00,7,7,18,16,47,590,512,VAILLANT (RUE EDOUARD),,,Plein jour,En agglomération,Hors intersection,Normale,Deux véhicules - côté,,,,,,,,,,,1,2,1,1,3
200700043585,0007-07-17 18:04:00,7,7,17,18,4,590,598,REPUBLIQUE (PLACE DE LA),,,Plein jour,En agglomération,Hors intersection,Normale,Autre collision,,,,,,,,,,,1,2,1,1,6
200700043586,0007-07-16 08:20:00,7,7,16,8,20,590,512,JAURES (AVENUE JEAN),,,Plein jour,En agglomération,Intersection en X,Pluie forte,Autre collision,,,,,,,,,,,1,2,2,3,6
200700043587,0007-07-11 14:05:00,7,7,11,14,5,590,650,MAGENTA (RUE),,,Plein jour,En agglomération,Intersection en T,Normale,Deux véhicules - frontale,,,,,,,,,,,1,2,3,1,1
200700043588,0007-07-19 08:15:00,7,7,19,8,15,590,512,LECLERC (BOULEVARD DU GE,,,Plein jour,En agglomération,Intersection en T,Normale,Autre collision,,,,,,,,,,,1,2,3,1,6
200700043589,0007-07-20 17:30:00,7,7,20,17,30,590,512,GUESDE (RUE JULES),,,Plein jour,En agglomération,Intersection en T,Normale,Autre collision,,,,,,,,,,,1,2,3,1,6
200700043590,0007-07-21 19:15:00,7,7,21,19,15,590,646,MICHEL (RUE LOUISE),,,Plein jour,En agglomération,Hors intersection,Normale,Autre collision,,,,,,,,,,,1,2,1,1,6
200700043591,0007-07-03 17:40:00,7,7,3,17,40,590,598,ECOLES (RUE DES),,,Plein jour,En agglomération,Hors intersection,Pluie forte,Deux véhicules - côté,,,,,,,,,,,1,2,1,3,3
200700043592,0007-07-21 14:30:00,7,7,21,14,30,590,512,LANNOY (RUE DE ),,,Plein jour,En agglomération,Intersection en T,Normale,Autre collision,,,,,,,,,,,1,2,3,1,6
200700043593,0007-07-21 08:45:00,7,7,21,8,45,590,650,LEPLAT (RUE DU DOCTEUR V,,,Plein jour,En agglomération,Hors intersection,Normale,Autre collision,,,,,,,,,,,1,2,1,1,6
200700043594,0007-07-23 13:30:00,7,7,23,13,30,590,512,GAND (QUAI DE),,,Nuit avec éclairage allumé,Hors agglomération,Intersection en X,Pluie forte,Deux véhicules - côté,,,,,,,,,,,5,1,2,3,3
200700043595,0007-07-23 17:00:00,7,7,23,17,0,590,512,MAUFAIT (RUE DE,,,Plein jour,En agglomération,Intersection en X,Pluie forte,Autre collision,,,,,,,,,,,1,2,2,3,6
200700043596,0007-07-19 15:05:00,7,7,19,15,5,590,512,CROIX (RUE DE),,,Plein jour,Hors agglomération,Intersection en T,Normale,Autre collision,,,,,,,,,,,1,1,3,1,6
200700043597,0007-07-20 12:30:00,7,7,20,12,30,590,512,MONNET (RUE JEAN),,,Plein jour,Hors agglomération,Intersection en X,Normale,Deux véhicules - côté,,,,,,,,,,,1,1,2,1,3
200700043598,0007-07-29 10:35:00,7,7,29,10,35,590,367,JAURES (RUE JEAN),,,Plein jour,En agglomération,Intersection en T,Normale,Deux véhicules - frontale,,,,,,,,,,,1,2,3,1,1
200700043599,0007-07-18 13:10:00,7,7,18,13,10,590,650,VOLTAIRE (RUE),,,Plein jour,En agglomération,Hors intersection,Normale,Autre collision,,,,,,,,,,,1,2,1,1,6
200700043600,0007-07-26 17:40:00,7,7,26,17,40,590,512,NATIONS UNIES (AVENUE DE,,,Plein jour,En agglomération,Intersection en T,Normale,Autre collision,,,,,,,,,,,1,2,3,1,6
200700043601,0007-07-26 16:50:00,7,7,26,16,50,590,512,ORCHIES (RUE D'),,,Plein jour,En agglomération,Intersection en X,Normale,Deux véhicules - côté,,,,,,,,,,,1,2,2,1,3
200700043602,0007-07-27 14:50:00,7,7,27,14,50,590,512,GRANDE RUE,,,Plein jour,En agglomération,Intersection en X,Normale,Deux véhicules - frontale,,,,,,,,,,,1,2,2,1,1
200700043603,0007-07-27 12:30:00,7,7,27,12,30,590,512,JAURES (AVENUE JEAN),,,Plein jour,En agglomération,Intersection en T,Normale,Deux véhicules - côté,,,,,,,,,,,1,2,3,1,3
200700043604,0007-07-30 15:10:00,7,7,30,15,10,590,512,MOUVAUX (RUE DE),,,Plein jour,En agglomération,Hors intersection,Normale,Deux véhicules - côté,,,,,,,,,,,1,2,1,1,3
200700043605,0007-07-30 18:25:00,7,7,30,18,25,590,512,MOTTE (RUE PIERRE),,,Plein jour,En agglomération,Intersection en T,Normale,Deux véhicules - frontale,,,,,,,,,,,1,2,3,1,1
200700043606,0007-07-29 18:35:00,7,7,29,18,35,590,339,HUGO (RUE VICTOR),,,Crépuscule ou aube,En agglomération,Hors intersection,Normale,Deux véhicules - frontale,,,,,,,,,,,2,2,1,1,1
200700043607,0007-07-01 13:00:00,7,7,1,13,0,590,426,"309, TOURCOING (RUE DE)",,,Plein jour,En agglomération,Hors intersection,Normale,Deux véhicules - côté,,,,,,,,,,,1,2,1,1,3
200700043608,0007-07-02 18:10:00,7,7,2,18,10,590,599,"67, SCHWEITZER (RUE DU D",,,Plein jour,En agglomération,Hors intersection,Normale,Deux véhicules - côté,,,,,,,,,,,1,2,1,1,3
200700043609,0007-07-03 18:00:00,7,7,3,18,0,590,599,NATIONALE (RUE),,,Plein jour,En agglomération,Intersection en X,Temps couvert,Deux véhicules - côté,,,,,,,,,,,1,2,2,8,3
200700043610,0007-07-07 05:00:00,7,7,7,5,0,590,352,VISCOURT (RUE),,,Nuit sans éclairage public,En agglomération,Hors intersection,Normale,Autre collision,,,,,,,,,,,3,2,1,1,6
200700043611,0007-07-09 12:20:00,7,7,9,12,20,590,599,PIATS (RUE DES),,,Plein jour,En agglomération,Hors intersection,Normale,Deux véhicules - côté,,,,,,,,,,,1,2,1,1,3
200700043612,0007-07-16 14:40:00,7,7,16,14,40,590,599,"7, SASSELANGE (RUE EDOUA",,,Plein jour,En agglomération,Hors intersection,Normale,Autre collision,,,,,,,,,,,1,2,1,1,6
200700043613,0007-07-17 16:45:00,7,7,17,16,45,590,599,"80, BLANC SEAU (RUE DU)1",,,Plein jour,En agglomération,Hors intersection,Normale,Autre collision,,,,,,,,,,,1,2,1,1,6
200700043614,0007-07-18 23:00:00,7,7,18,23,0,590,599,BOURGOGNE (RUE DE LA),,,Nuit avec éclairage allumé,En agglomération,Intersection en T,Normale,Deux véhicules - côté,,,,,,,,,,,5,2,3,1,3
200700043615,0007-07-23 17:15:00,7,7,23,17,15,590,599,AUSTERLITZ (RUE D'),,,Plein jour,En agglomération,Intersection en T,Pluie forte,Deux véhicules - côté,,,,,,,,,,,1,2,3,3,3
200700043616,0007-07-24 12:30:00,7,7,24,12,30,590,599,"118, ROUBAIX (RUE DE)",,,Plein jour,En agglomération,Intersection en X,Normale,Trois véhicules et plus - collisions multiples,,,,,,,,,,,1,2,2,1,5
200700043617,0007-07-29 21:25:00,7,7,29,21,25,590,426,"16, TRIEZ DES PRÊTRES (S",,,Crépuscule ou aube,En agglomération,Hors intersection,Normale,Autre collision,,,,,,,,,,,2,2,1,1,6
200700043618,0007-07-31 18:30:00,7,7,31,18,30,590,599,"296, ROUGE (RUE DE LA CR",,,Plein jour,En agglomération,Hors intersection,Normale,Deux véhicules - côté,,,,,,,,,,,1,2,1,1,3
200700043619,0007-07-16 16:00:00,7,7,16,16,0,590,606,"00, SALY (BOULEVARD)",,,Plein jour,En agglomération,Intersection en T,Normale,Autre collision,,,,,,,,,,,1,2,3,1,6
200700043620,0007-07-04 07:15:00,7,7,4,7,15,590,491,"28, JAURES (RUE JEAN)",,,Plein jour,En agglomération,Intersection en T,Pluie forte,Deux véhicules - côté,,,,,,,,,,,1,2,3,3,3
200700043621,0007-07-07 22:00:00,7,7,7,22,0,590,491,"63, DURRE (RUE HENRI)",,,Nuit avec éclairage allumé,En agglomération,Intersection en T,Normale,Sans collision,,,,,,,,,,,5,2,3,1,7
200700043622,0007-07-04 17:30:00,7,7,4,17,30,590,606,"89, DENAIN (AVENUE DE)",,,Plein jour,En agglomération,Hors intersection,Normale,Deux véhicules - côté,,,,,,,,,,,1,2,1,1,3
200700043623,0007-07-25 18:30:00,7,7,25,18,30,590,544,RD 75,,,Plein jour,Hors agglomération,Hors intersection,Normale,Deux véhicules - frontale,,,,,,,,,,,1,1,1,1,1
200700043624,0007-07-29 03:55:00,7,7,29,3,55,590,606,ROMAINVILLE (RUE DE),,,Nuit avec éclairage allumé,En agglomération,Hors intersection,Pluie forte,Autre collision,,,,,,,,,,,5,2,1,3,6
200700043625,0007-07-23 19:00:00,7,7,23,19,0,590,603,DRAUX (RUE MARCEL),,,Plein jour,En agglomération,Hors intersection,Normale,Autre collision,,,,,,,,,,,1,2,1,1,6
200700043626,0007-07-20 21:45:00,7,7,20,21,45,590,491,"179, JAURES (RUE JEAN)",,,Nuit avec éclairage allumé,En agglomération,Hors intersection,Normale,Autre collision,,,,,,,,,,,5,2,1,1,6
200700043627,0007-07-31 18:30:00,7,7,31,18,30,590,475,ZONE INDUSTRIELLE,,,Plein jour,Hors agglomération,Hors intersection,Normale,Autre collision,,,,,,,,,,,1,1,1,1,6
200700043628,0007-07-13 18:20:00,7,7,13,18,20,590,606,LIEGE (AVENUE DE),,,Plein jour,En agglomération,Intersection en X,Normale,Autre collision,,,,,,,,,,,1,2,2,1,6
200700043629,0007-07-10 15:20:00,7,7,10,15,20,590,459,dix neuf mars 1962,,,Plein jour,Hors agglomération,Intersection en X,Normale,Autre collision,,,,,,,,,,,1,1,2,1,6
200700043630,0007-07-06 16:20:00,7,7,6,16,20,590,112,"72, BRABANT (RUE MICHEL)",,,Plein jour,En agglomération,Hors intersection,Normale,Deux véhicules - frontale,,,,,,,,,,,1,2,1,1,1
200700043631,0007-07-03 12:25:00,7,7,3,12,25,590,479,JAURES (AVENUE JEAN),,,Plein jour,En agglomération,Intersection en X,Normale,Deux véhicules - côté,,,,,,,,,,,1,2,2,1,3
200700043632,0007-07-02 14:15:00,7,7,2,14,15,590,14,"75, JAURES (RUE JEAN)",,,Plein jour,En agglomération,Hors intersection,Pluie légère,Deux véhicules - côté,,,,,,,,,,,1,2,1,2,3
200700043633,0007-07-14 11:50:00,7,7,14,11,50,590,606,CONDE (AVENUE DE),,,Plein jour,En agglomération,Intersection en X,Normale,Deux véhicules - côté,,,,,,,,,,,1,2,2,1,3
200700043634,0007-07-03 08:20:00,7,7,3,8,20,600,57,SALVATOR ALLENDE (AVENUE,,,Plein jour,En agglomération,Intersection en X,Pluie forte,Trois véhicules et plus - en chaîne,,,,,,,,,,,1,2,2,3,4
200700043635,0007-07-07 16:25:00,7,7,7,16,25,600,57,AMIENS (RUE D') - PAIR-,,,Plein jour,En agglomération,Intersection en X,Normale,Deux véhicules - côté,,,,,,,,,,,1,2,2,1,3
200700043636,0007-07-21 21:00:00,7,7,21,21,0,600,57,"2, JEAN MERMOZ (AVENUE)",,,Plein jour,En agglomération,Intersection en X,Normale,Deux véhicules - côté,,,,,,,,,,,1,2,2,1,3
200700043637,0007-07-13 18:45:00,7,7,13,18,45,600,159,LANDSHUT (AV. DE),,,Plein jour,En agglomération,Hors intersection,Normale,Autre collision,,,,,,,,,,,1,2,1,1,6
200700043638,0007-07-22 12:15:00,7,7,22,12,15,600,159,WEYGAND (AV. DU GENERAL),,,Plein jour,En agglomération,Intersection en X,Normale,Deux véhicules - côté,,,,,,,,,,,1,2,2,1,3
200700043639,0007-07-25 04:30:00,7,7,25,4,30,600,159,RD 932 A,,,Nuit sans éclairage public,En agglomération,Hors intersection,Normale,Autre collision,,,,,,,,,,,3,2,1,1,6
200700043640,0007-07-08 18:00:00,7,7,8,18,0,600,463,PONT ROYAL (RUE DU),,,Plein jour,En agglomération,Hors intersection,Pluie légère,Autre collision,,,,,,,,,,,1,2,1,2,6
200700043641,0007-07-04 20:15:00,7,7,4,20,15,610,1,GENERAL DE GAULLE (PLACE,,,Plein jour,En agglomération,Giratoire,Normale,Autre collision,,,,,,,,,,,1,2,6,1,6
200700043642,0007-07-13 17:50:00,7,7,13,17,50,610,497,RN 138,,,Plein jour,Hors agglomération,Hors intersection,Normale,Autre collision,,,,,,,,,,,1,1,1,1,6
200700043643,0007-07-02 07:54:00,7,7,2,7,54,610,169,POMMERAIE (LA),,,Plein jour,Hors agglomération,Intersection en T,Pluie légère,Deux véhicules - côté,,,,,,,,,,,1,1,3,2,3
200700043644,0007-07-02 09:25:00,7,7,2,9,25,610,391,LA BOURDONNIERE (LIEU-DI,,,Plein jour,Hors agglomération,Intersection en T,Normale,Deux véhicules - côté,,,,,,,,,,,1,1,3,1,3
200700043645,0007-07-15 18:29:00,7,7,15,18,29,610,218,FONTAINE (LIEU-DIT RUE D,,,Plein jour,Hors agglomération,Intersection en X,Normale,Deux véhicules - côté,,,,,,,,,,,1,1,2,1,3
200700043646,0007-07-01 11:35:00,7,7,1,11,35,620,764,"0, RUE DE LA FORGE AU FE",,,Plein jour,En agglomération,Giratoire,Normale,Autre collision,,,,,,,,,,,1,2,6,1,6
200700043647,0007-07-18 07:45:00,7,7,18,7,45,620,41,"0, CARREFOUR BAUDIMONT",,,Plein jour,En agglomération,Intersection à plus de 4 branches,Normale,Autre collision,,,,,,,,,,,1,2,5,1,6
200700043648,0007-07-21 16:25:00,7,7,21,16,25,620,41,"191, WINSTON CHURCHILL (",,,Plein jour,En agglomération,Hors intersection,Normale,Sans collision,,,,,,,,,,,1,2,1,1,7
200700043649,0007-07-27 16:05:00,7,7,27,16,5,620,263,RN 25,,,Plein jour,Hors agglomération,Hors intersection,Normale,Deux véhicules - frontale,,,,,,,,,,,1,1,1,1,1
200700043650,0007-07-29 02:20:00,7,7,29,2,20,620,753,"21, MELLIN (DU DR.)",,,Nuit avec éclairage allumé,En agglomération,Hors intersection,Normale,Autre collision,,,,,,,,,,,5,2,1,1,6
200700043651,0007-07-08 18:30:00,7,7,8,18,30,620,532,CLERY,,,Plein jour,En agglomération,Intersection en T,Normale,Deux véhicules - côté,,,,,,,,,,,1,2,3,1,3
200700043652,0007-07-04 21:25:00,7,7,4,21,25,620,48,"18, ANDRE MALRAUX (RUE)",,,Crépuscule ou aube,En agglomération,Hors intersection,Temps couvert,Deux véhicules - frontale,,,,,,,,,,,2,2,1,8,1
200700043653,0007-07-03 13:47:00,7,7,3,13,47,620,724,"100, BARBUSSE",,,Plein jour,En agglomération,Hors intersection,Normale,Autre collision,,,,,,,,,,,1,2,1,1,6
200700043654,0007-07-05 18:13:00,7,7,5,18,13,620,65,THOREZ  (BD MAURICE),,,Plein jour,En agglomération,Hors intersection,Normale,Autre collision,,,,,,,,,,,1,2,1,1,6
200700043655,0007-07-11 07:35:00,7,7,11,7,35,620,570,CD 40,,,Plein jour,Hors agglomération,Intersection en X,Normale,Deux véhicules - côté,,,,,,,,,,,1,1,2,1,3
200700043656,0007-07-06 07:40:00,7,7,6,7,40,620,277,ARRAS,,,Plein jour,En agglomération,Giratoire,Normale,Sans collision,,,,,,,,,,,1,2,6,1,7
200700043657,0007-07-15 15:10:00,7,7,15,15,10,620,570,CD 40,,,Plein jour,Hors agglomération,Hors intersection,Normale,Sans collision,,,,,,,,,,,1,1,1,1,7
200700043658,0007-07-26 14:30:00,7,7,26,14,30,620,724,"190, DE GAULLE (DU GENER",,,Plein jour,En agglomération,Hors intersection,Normale,Autre collision,,,,,,,,,,,1,2,1,1,6
200700043659,0007-07-21 22:30:00,7,7,21,22,30,620,570,BOCA (CHARLES),,,Nuit avec éclairage allumé,En agglomération,Intersection en Y,Pluie légère,Autre collision,,,,,,,,,,,5,2,4,2,6
200700043660,0007-07-27 02:35:00,7,7,27,2,35,620,108,"24 Bis, DOCTEUR JOSEPH F",,,Nuit avec éclairage allumé,En agglomération,Hors intersection,Normale,Autre collision,,,,,,,,,,,5,2,1,1,6
200700043661,0007-07-05 14:40:00,7,7,5,14,40,620,119,PONT DES DAMES ( AVENUE,,,Plein jour,En agglomération,Intersection en T,Normale,Deux véhicules - côté,,,,,,,,,,,1,2,3,1,3
200700043662,0007-07-07 18:05:00,7,7,7,18,5,620,160,"90, GAMBETTA (Bld Léon)",,,Plein jour,En agglomération,Hors intersection,Normale,Sans collision,,,,,,,,,,,1,2,1,1,7
200700043663,0007-07-11 17:00:00,7,7,11,17,0,620,160,SAINTE BEUVE (Bld),,,Plein jour,En agglomération,Giratoire,Normale,Deux véhicules - côté,,,,,,,,,,,1,2,6,1,3
200700043664,0007-07-22 00:25:00,7,7,22,0,25,620,160,"69, CLOCHEVILLE (Bld de)",,,Nuit avec éclairage allumé,En agglomération,Hors intersection,Pluie légère,Autre collision,,,,,,,,,,,5,2,1,2,6
200700043665,0007-07-18 11:40:00,7,7,18,11,40,620,160,"171, CHEMIN VERT (Rue du",,,Plein jour,En agglomération,Hors intersection,Normale,Autre collision,,,,,,,,,,,1,2,1,1,6
200700043666,0007-07-22 15:00:00,7,7,22,15,0,620,160,"74, BREQUERECQUE (Rue de",,,Plein jour,En agglomération,Hors intersection,Normale,Autre collision,,,,,,,,,,,1,2,1,1,6
200700043667,0007-07-10 10:25:00,7,7,10,10,25,620,270,"22, ZOLA (RUE EMILE)",,,Plein jour,En agglomération,Hors intersection,Normale,Sans collision,,,,,,,,,,,1,2,1,1,7
200700043668,0007-07-06 19:10:00,7,7,6,19,10,620,193,"12, LAMARLE (QUAI G.)",,,Plein jour,En agglomération,Hors intersection,Normale,Deux véhicules - frontale,,,,,,,,,,,1,2,1,1,1
200700043669,0007-07-07 20:20:00,7,7,7,20,20,620,193,LAFAYETTE (BOULEVARD),,,Plein jour,En agglomération,Intersection en T,Normale,Autre collision,,,,,,,,,,,1,2,3,1,6
200700043670,0007-07-13 22:05:00,7,7,13,22,5,620,774,CD 940,,,Nuit sans éclairage public,Hors agglomération,Hors intersection,Normale,Autre collision,,,,,,,,,,,3,1,1,1,6
200700043671,0007-07-13 20:00:00,7,7,13,20,0,620,193,DORET (RUE M.),,,Plein jour,En agglomération,Giratoire,Normale,Autre collision,,,,,,,,,,,1,2,6,1,6
200700043672,0007-07-20 16:30:00,7,7,20,16,30,620,239,CHATAIGNIERS (CHEMIN DES,,,Plein jour,En agglomération,Autre intersection,Normale,Deux véhicules - côté,,,,,,,,,,,1,2,9,1,3
200700043673,0007-07-24 18:00:00,7,7,24,18,0,620,193,GUYNEMER (AVENUE G.),,,Plein jour,En agglomération,Intersection en X,Normale,Autre collision,,,,,,,,,,,1,2,2,1,6
200700043674,0007-07-26 15:40:00,7,7,26,15,40,620,239,FRANCAISE (CHEMIN DE LA),,,Plein jour,Hors agglomération,Hors intersection,Pluie forte,Deux véhicules - frontale,,,,,,,,,,,1,1,1,3,1
200700043675,0007-07-25 23:35:00,7,7,25,23,35,620,193,MOLLIEN,,,Nuit avec éclairage allumé,En agglomération,Intersection en X,Normale,Autre collision,,,,,,,,,,,5,2,2,1,6
200700043676,0007-07-27 20:10:00,7,7,27,20,10,620,193,"68, VENDEE (RUE DE LA)",,,Plein jour,En agglomération,Hors intersection,Normale,Autre collision,,,,,,,,,,,1,2,1,1,6
200700043677,0007-07-09 21:45:00,7,7,9,21,45,620,666,"1 TER, LELEU (R LEON)",,,Crépuscule ou aube,En agglomération,Hors intersection,Normale,Autre collision,,,,,,,,,,,2,2,1,1,6
200700043678,0007-07-14 16:00:00,7,7,14,16,0,620,250,"7, LAMARTINE (R )",,,Plein jour,En agglomération,Hors intersection,Normale,Deux véhicules - côté,,,,,,,,,,,1,2,1,1,3
200700043679,0007-07-14 17:55:00,7,7,14,17,55,620,215,"85, FERRER (R FRANCISCO)",,,Plein jour,En agglomération,Hors intersection,Normale,Deux véhicules - côté,,,,,,,,,,,1,2,1,1,3
200700043680,0007-07-21 03:15:00,7,7,21,3,15,620,250,"SANS, LEPOIVRE (BD. ANDR",,,Nuit avec éclairage allumé,En agglomération,Intersection en X,Normale,Deux véhicules - côté,,,,,,,,,,,5,2,2,1,3
200700043681,0007-07-26 13:05:00,7,7,26,13,5,620,250,BRIQUET (R RAOUL ),,,Plein jour,En agglomération,Hors intersection,Normale,Deux véhicules - frontale,,,,,,,,,,,1,2,1,1,1
200700043682,0007-07-01 19:20:00,7,7,1,19,20,620,427,"1, SCREVE (BD LOUIS)",,,Plein jour,En agglomération,Hors intersection,Normale,Autre collision,,,,,,,,,,,1,2,1,1,6
200700043683,0007-07-06 23:20:00,7,7,6,23,20,620,427,"351, GRUYELLE (R ELIE)",,,Nuit avec éclairage allumé,En agglomération,Hors intersection,Normale,Deux véhicules - côté,,,,,,,,,,,5,2,1,1,3
200700043684,0007-07-13 15:15:00,7,7,13,15,15,620,427,"0, COURRIERES (RTE DE)",,,Plein jour,En agglomération,Hors intersection,Normale,Deux véhicules - arrière,,,,,,,,,,,1,2,1,1,2
200700043685,0007-07-20 08:50:00,7,7,20,8,50,620,249,"0, POPIELUSZKO (R DE L'A",,,Plein jour,En agglomération,Hors intersection,Pluie légère,Deux véhicules - arrière,,,,,,,,,,,1,2,1,2,2
200700043686,0007-07-21 19:50:00,7,7,21,19,50,620,624,"33/34, CENTRE COMMERCIAL",,,Plein jour,Hors agglomération,Hors intersection,Normale,Deux véhicules - côté,,,,,,,,,,,1,1,1,1,3
200700043687,0007-07-20 16:55:00,7,7,20,16,55,620,624,"0, REPUBLIQUE (AVE DE LA",,,Plein jour,En agglomération,Intersection en T,Normale,Trois véhicules et plus - collisions multiples,,,,,,,,,,,1,2,3,1,5
200700043688,0007-07-11 22:30:00,7,7,11,22,30,620,133,EVRARD (R FLORENT),,,Nuit avec éclairage allumé,En agglomération,Intersection en T,Normale,Deux véhicules - côté,,,,,,,,,,,5,2,3,1,3
200700043689,0007-07-23 14:00:00,7,7,23,14,0,620,497,"0, BASLY (R EMILE)",,,Plein jour,Hors agglomération,Hors intersection,Pluie légère,Autre collision,,,,,,,,,,,1,1,1,2,6
200700043690,0007-07-17 00:20:00,7,7,17,0,20,620,427,"0, BUISSE (CHE. DE LA)",,,Nuit avec éclairage allumé,Hors agglomération,Hors intersection,Pluie forte,Autre collision,,,,,,,,,,,5,1,1,3,6
200700043691,0007-07-29 13:55:00,7,7,29,13,55,620,427,BLUM (R LEON),,,Plein jour,En agglomération,Hors intersection,Temps couvert,Autre collision,,,,,,,,,,,1,2,1,8,6