accident_id,datetime,annee,mois,jour,heure,minute,departement,commune_insee,adresse,latitude,longitude,luminosite,agglomeration,intersection,meteo,collision,nb_vehicules,nb_usagers,nb_indemnes,nb_tues,nb_blesses_hosp,nb_blesses_legers,age_cond_1,age_cond_2,veh_type_cond_1,veh_type_cond_2,lum_code,agg_code,int_code,atm_code,col_code
200700043692,0007-07-02 14:30:00,7,7,2,14,30,620,842,"sans, HUIT MAI (R DU)",,,Plein jour,En agglomération,Hors intersection,Normale,Autre collision,,,,,,,,,,,1,2,1,1,6
200700043693,0007-07-06 12:50:00,7,7,6,12,50,620,498,"sans, GAULLE (PL. DU GAL",,,Plein jour,En agglomération,Intersection en X,Normale,Deux véhicules - côté,,,,,,,,,,,1,2,2,1,3
200700043694,0007-07-18 19:30:00,7,7,18,19,30,620,498,"sans, NOTRE DAME DE LORE",,,Plein jour,En agglomération,Intersection en X,Normale,Deux véhicules - côté,,,,,,,,,,,1,2,2,1,3
200700043695,0007-07-26 14:10:00,7,7,26,14,10,620,842,"sans, CENTRE COMMERCIAL",,,Plein jour,Hors agglomération,Hors intersection,Normale,Autre collision,,,,,,,,,,,1,1,1,1,6
200700043696,0007-07-18 18:45:00,7,7,18,18,45,620,771,"sans, VAILLANT (R EDOUAR",,,Plein jour,En agglomération,Hors intersection,Normale,Autre collision,,,,,,,,,,,1,2,1,1,6
200700043697,0007-07-27 19:55:00,7,7,27,19,55,620,628,"sans, LOOS (R DE)",,,Plein jour,En agglomération,Intersection en X,Normale,Deux véhicules - côté,,,,,,,,,,,1,2,2,1,3
200700043698,0007-07-28 17:50:00,7,7,28,17,50,620,498,"sans, BASSEE (RTE DE LA)",,,Plein jour,En agglomération,Intersection en T,Normale,Deux véhicules - côté,,,,,,,,,,,1,2,3,1,3
200700043699,0007-07-14 00:45:00,7,7,14,0,45,620,510,"., LAMPIN (R GUSTAVE)",,,Nuit avec éclairage allumé,En agglomération,Hors intersection,Normale,Autre collision,,,,,,,,,,,5,2,1,1,6
200700043700,0007-07-29 19:45:00,7,7,29,19,45,620,563,"., HUGO (R VICTOR)",,,Crépuscule ou aube,En agglomération,Autre intersection,Normale,Deux véhicules - côté,,,,,,,,,,,2,2,9,1,3
200700043701,0007-07-08 12:00:00,7,7,8,12,0,620,510,DELATTRE DE TASSIGNY,,,Plein jour,En agglomération,Hors intersection,Normale,Deux véhicules - côté,,,,,,,,,,,1,2,1,1,3
200700043702,0007-07-29 05:00:00,7,7,29,5,0,620,617,MAZINGARBE (RUE DE),,,Nuit avec éclairage allumé,En agglomération,Hors intersection,Normale,Autre collision,,,,,,,,,,,5,2,1,1,6
200700043703,0007-07-01 01:25:00,7,7,1,1,25,630,113,"1, POURCHON (BD MAURICE)",,,Nuit avec éclairage allumé,En agglomération,Hors intersection,Normale,Deux véhicules - frontale,,,,,,,,,,,5,2,1,1,1
200700043704,0007-07-03 08:20:00,7,7,3,8,20,630,113,"144, ORADOU (RUE DE L')",,,Plein jour,En agglomération,Hors intersection,Normale,Deux véhicules - arrière,,,,,,,,,,,1,2,1,1,2
200700043705,0007-07-03 18:40:00,7,7,3,18,40,630,75,"4, CLAUSSAT (AVENUE JOSE",,,Plein jour,En agglomération,Hors intersection,Normale,Autre collision,,,,,,,,,,,1,2,1,1,6
200700043706,0007-07-04 07:30:00,7,7,4,7,30,630,113,"-, TORPILLEUR SIROCCO (R",,,Plein jour,En agglomération,Hors intersection,Normale,Autre collision,,,,,,,,,,,1,2,1,1,6
200700043707,0007-07-04 12:30:00,7,7,4,12,30,630,113,BRUGIERE (BD AMBROISE),,,Plein jour,En agglomération,Hors intersection,Normale,Trois véhicules et plus - en chaîne,,,,,,,,,,,1,2,1,1,4
200700043708,0007-07-04 11:45:00,7,7,4,11,45,630,113,"1, REPUBLIQUE (AVENUE DE",,,Plein jour,En agglomération,Hors intersection,Normale,Deux véhicules - côté,,,,,,,,,,,1,2,1,1,3
200700043709,0007-07-05 07:10:00,7,7,5,7,10,630,113,RECLUS (AVENUE ELISEE),,,Plein jour,En agglomération,Hors intersection,Normale,Autre collision,,,,,,,,,,,1,2,1,1,6
200700043710,0007-07-07 13:00:00,7,7,7,13,0,630,32,"6, BECQUEREL (RUE HENRI)",,,Plein jour,En agglomération,Hors intersection,Normale,Autre collision,,,,,,,,,,,1,2,1,1,6
200700043711,0007-07-07 14:13:00,7,7,7,14,13,630,70,"., CLERMONT (AVENUE DE)",,,Plein jour,En agglomération,Hors intersection,Normale,Autre collision,,,,,,,,,,,1,2,1,1,6
200700043712,0007-07-07 19:20:00,7,7,7,19,20,630,113,BINGEN (BD JACQUES),,,Plein jour,En agglomération,Hors intersection,Normale,Autre collision,,,,,,,,,,,1,2,1,1,6
200700043713,0007-07-08 13:00:00,7,7,8,13,0,630,113,"2, DURAND (RUE GILLES)",,,Plein jour,En agglomération,Hors intersection,Pluie légère,Autre collision,,,,,,,,,,,1,2,1,2,6
200700043714,0007-07-09 13:00:00,7,7,9,13,0,630,113,"5, BARBUSSE (RUE HENRI)",,,Plein jour,En agglomération,Hors intersection,Normale,Autre collision,,,,,,,,,,,1,2,1,1,6
200700043715,0007-07-09 13:10:00,7,7,9,13,10,630,113,"., TURGOT (PLACE)",,,Plein jour,En agglomération,Hors intersection,Normale,Deux véhicules - côté,,,,,,,,,,,1,2,1,1,3
200700043716,0007-07-09 22:15:00,7,7,9,22,15,630,113,"., COTE BLATIN (BD)",,,Nuit avec éclairage allumé,En agglomération,Intersection en X,Normale,Autre collision,,,,,,,,,,,5,2,2,1,6
200700043717,0007-07-10 15:40:00,7,7,10,15,40,630,113,"-, PERI (RUE GABRIEL)",,,Plein jour,En agglomération,Hors intersection,Normale,Autre collision,,,,,,,,,,,1,2,1,1,6
200700043718,0007-07-13 09:00:00,7,7,13,9,0,630,113,"-, TORPILLEUR SIROCCO (R",,,Plein jour,En agglomération,Hors intersection,Normale,Autre collision,,,,,,,,,,,1,2,1,1,6
200700043719,0007-07-13 12:20:00,7,7,13,12,20,630,113,"., VIGENAUD (RUE DR)",,,Plein jour,En agglomération,Intersection en X,Normale,Deux véhicules - côté,,,,,,,,,,,1,2,2,1,3
200700043720,0007-07-14 17:30:00,7,7,14,17,30,630,113,"., TORPILLEUR SIROCCO (R",,,Plein jour,En agglomération,Hors intersection,Normale,Autre collision,,,,,,,,,,,1,2,1,1,6
200700043721,0007-07-14 23:40:00,7,7,14,23,40,630,14,"-, CURABET (RUE JEAN)",,,Nuit avec éclairage allumé,En agglomération,Hors intersection,Normale,Autre collision,,,,,,,,,,,5,2,1,1,6
200700043722,0007-07-15 13:45:00,7,7,15,13,45,630,113,"-, DIDEROT (RUE)",,,Plein jour,En agglomération,Hors intersection,Normale,Autre collision,,,,,,,,,,,1,2,1,1,6
200700043723,0007-07-15 19:12:00,7,7,15,19,12,630,113,FLAUBERT (BD GUSTAVE),,,Plein jour,En agglomération,Giratoire,Normale,Deux véhicules - côté,,,,,,,,,,,1,2,6,1,3
200700043724,0007-07-15 20:03:00,7,7,15,20,3,630,113,"68, MICHELIN (AVENUE EDO",,,Plein jour,En agglomération,Autre intersection,Normale,Autre collision,,,,,,,,,,,1,2,9,1,6
200700043725,0007-07-17 20:00:00,7,7,17,20,0,630,113,"55, JAURES (BD JEAN)",,,Plein jour,En agglomération,Hors intersection,Normale,Autre collision,,,,,,,,,,,1,2,1,1,6
200700043726,0007-07-18 12:25:00,7,7,18,12,25,630,113,TORPILLEUR SIROCCO (RUE,,,Plein jour,En agglomération,Hors intersection,Normale,Autre collision,,,,,,,,,,,1,2,1,1,6
200700043727,0007-07-20 08:45:00,7,7,20,8,45,630,113,"., SCHUMAN (BD ROBERT)",,,Plein jour,En agglomération,Hors intersection,Normale,Sans collision,,,,,,,,,,,1,2,1,1,7
200700043728,0007-07-20 10:43:00,7,7,20,10,43,630,113,"99, REPUBLIQUE (AVENUE D",,,Plein jour,En agglomération,Hors intersection,Normale,Autre collision,,,,,,,,,,,1,2,1,1,6
200700043729,0007-07-20 21:20:00,7,7,20,21,20,630,113,CHANTERANNE (RUE DE),,,Crépuscule ou aube,En agglomération,Autre intersection,Normale,Autre collision,,,,,,,,,,,2,2,9,1,6
200700043730,0007-07-21 09:30:00,7,7,21,9,30,630,113,BLANZAT (RUE DE),,,Plein jour,En agglomération,Intersection en X,Normale,Deux véhicules - côté,,,,,,,,,,,1,2,2,1,3
200700043731,0007-07-24 11:45:00,7,7,24,11,45,630,113,"., REPUBLIQUE (AVENUE DE",,,Nuit avec éclairage allumé,En agglomération,Hors intersection,Normale,Autre collision,,,,,,,,,,,5,2,1,1,6
200700043732,0007-07-24 16:40:00,7,7,24,16,40,630,113,"-, AUBRAC (RUE D')",,,Plein jour,En agglomération,Hors intersection,Normale,Deux véhicules - arrière,,,,,,,,,,,1,2,1,1,2
200700043733,0007-07-24 17:20:00,7,7,24,17,20,630,113,"-, PERI (RUE GABRIEL)",,,Plein jour,En agglomération,Hors intersection,Normale,Autre collision,,,,,,,,,,,1,2,1,1,6
200700043734,0007-07-24 17:30:00,7,7,24,17,30,630,113,"13, PLATS (RUE DES)",,,Plein jour,En agglomération,Hors intersection,Normale,Autre collision,,,,,,,,,,,1,2,1,1,6
200700043735,0007-07-24 18:00:00,7,7,24,18,0,630,113,JOUHAUX (BD LEON),,,Plein jour,En agglomération,Hors intersection,Normale,Autre collision,,,,,,,,,,,1,2,1,1,6
200700043736,0007-07-25 05:00:00,7,7,25,5,0,630,113,"-, DEBAY FACY (RUE)",,,Nuit avec éclairage non allumé,En agglomération,Intersection en X,Normale,Autre collision,,,,,,,,,,,4,2,2,1,6
200700043737,0007-07-27 14:20:00,7,7,27,14,20,630,32,"-, RN 189 (ROUTE NATIONA",,,Plein jour,Hors agglomération,Hors intersection,Normale,Sans collision,,,,,,,,,,,1,1,1,1,7
200700043738,0007-07-27 14:40:00,7,7,27,14,40,630,113,"211, MERMOZ (AVENUE JEAN",,,Plein jour,En agglomération,Intersection en T,Normale,Deux véhicules - côté,,,,,,,,,,,1,2,3,1,3
200700043739,0007-07-28 13:30:00,7,7,28,13,30,630,113,"., REPUBLIQUE (AVENUE DE",,,Plein jour,En agglomération,Autre intersection,Pluie légère,Autre collision,,,,,,,,,,,1,2,9,2,6
200700043740,0007-07-29 02:25:00,7,7,29,2,25,630,113,"-, COTE BLATIN (BD)",,,Nuit avec éclairage allumé,En agglomération,Intersection en X,Normale,Autre collision,,,,,,,,,,,5,2,2,1,6
200700043741,0007-07-29 17:40:00,7,7,29,17,40,630,113,QUINET (BD EDGAR),,,Plein jour,En agglomération,Hors intersection,Normale,Deux véhicules - arrière,,,,,,,,,,,1,2,1,1,2
200700043742,0007-07-29 19:00:00,7,7,29,19,0,630,113,"2, PUY DE DOME (AVENUE D",,,Plein jour,En agglomération,Hors intersection,Normale,Deux véhicules - arrière,,,,,,,,,,,1,2,1,1,2
200700043743,0007-07-31 07:30:00,7,7,31,7,30,630,113,"139, MERMOZ (AVENUE JEAN",,,Plein jour,En agglomération,Hors intersection,Normale,Autre collision,,,,,,,,,,,1,2,1,1,6
200700043744,0007-07-31 16:40:00,7,7,31,16,40,630,113,"1, BONNABAUD (RUE)",,,Plein jour,En agglomération,Intersection en T,Normale,Deux véhicules - côté,,,,,,,,,,,1,2,3,1,3
200700043745,0007-07-12 13:40:00,7,7,12,13,40,630,124,GUERY (PLACE DU),,,Plein jour,En agglomération,Hors intersection,Normale,Deux véhicules - frontale,,,,,,,,,,,1,2,1,1,1
200700043746,0007-07-30 18:00:00,7,7,30,18,0,630,193,RD 769,,,Plein jour,Hors agglomération,Hors intersection,Normale,Deux véhicules - côté,,,,,,,,,,,1,1,1,1,3
200700043747,0007-07-28 08:15:00,7,7,28,8,15,630,307,RD 2089,,,Plein jour,Hors agglomération,Hors intersection,Normale,Sans collision,,,,,,,,,,,1,1,1,1,7
200700043748,0007-07-31 22:20:00,7,7,31,22,20,630,124,"2, GARDET (PLACE JOSEPH)",,,Nuit avec éclairage allumé,En agglomération,Intersection en X,Normale,Deux véhicules - côté,,,,,,,,,,,5,2,2,1,3
200700043749,0007-07-17 16:00:00,7,7,17,16,0,630,63,GRILLON (RUE DU),,,Plein jour,En agglomération,Hors intersection,Normale,Autre collision,,,,,,,,,,,1,2,1,1,6
200700043750,0007-07-31 07:15:00,7,7,31,7,15,630,164,"1, CEBAZAT ANCIENNE (ROU",,,Plein jour,En agglomération,Hors intersection,Normale,Deux véhicules - côté,,,,,,,,,,,1,2,1,1,3
200700043751,0007-07-18 18:10:00,7,7,18,18,10,630,164,"44, GUESDE (RUE JULES)",,,Plein jour,En agglomération,Hors intersection,Normale,Deux véhicules - arrière,,,,,,,,,,,1,2,1,1,2
200700043752,0007-07-17 19:15:00,7,7,17,19,15,630,63,"108, REPUBLIQUE (AVENUE",,,Plein jour,En agglomération,Hors intersection,Normale,Deux véhicules - côté,,,,,,,,,,,1,2,1,1,3
200700043753,0007-07-15 16:35:00,7,7,15,16,35,630,224,RD 420,,,Plein jour,Hors agglomération,Autre intersection,Normale,Deux véhicules - côté,,,,,,,,,,,1,1,9,1,3
200700043754,0007-07-28 00:40:00,7,7,28,0,40,630,300,RD 2144,,,Nuit sans éclairage public,Hors agglomération,Hors intersection,Normale,Deux véhicules - arrière,,,,,,,,,,,3,1,1,1,2
200700043755,0007-07-06 02:30:00,7,7,6,2,30,640,102,"19, LESSEPS (QUAI DE)",,,Nuit avec éclairage allumé,En agglomération,Hors intersection,Normale,Autre collision,,,,,,,,,,,5,2,1,1,6
200700043756,0007-07-06 15:32:00,7,7,6,15,32,640,24,LACROIX (ROND POINT DOCT,,,Plein jour,En agglomération,Giratoire,Normale,Deux véhicules - côté,,,,,,,,,,,1,2,6,1,3
200700043757,0007-07-07 09:20:00,7,7,7,9,20,640,102,".., COMPAGNET (CHEMIN DE",,,Plein jour,En agglomération,Giratoire,Normale,Sans collision,,,,,,,,,,,1,2,6,1,7
200700043758,0007-07-13 18:55:00,7,7,13,18,55,640,102,"., MAIGNON (GIRATOIRE DE",,,Plein jour,En agglomération,Giratoire,Normale,Deux véhicules - côté,,,,,,,,,,,1,2,6,1,3
200700043759,0007-07-15 13:15:00,7,7,15,13,15,640,24,"46, CHAMBRE D'AMOUR (AVE",,,Plein jour,En agglomération,Intersection en T,Temps éblouissant,Autre collision,,,,,,,,,,,1,2,3,7,6
200700043760,0007-07-18 22:00:00,7,7,18,22,0,640,24,"., BERNAIN (AVENUE EUGEN",,,Crépuscule ou aube,En agglomération,Intersection en T,Normale,Deux véhicules - côté,,,,,,,,,,,2,2,3,1,3
200700043761,0007-07-19 12:30:00,7,7,19,12,30,640,102,"., DUBOURDIEU (QUAI AMIR",,,Plein jour,En agglomération,Hors intersection,Normale,Autre collision,,,,,,,,,,,1,2,1,1,6
200700043762,0007-07-20 13:35:00,7,7,20,13,35,640,102,"., PONT GRENET",,,Plein jour,En agglomération,Giratoire,Normale,Deux véhicules - arrière,,,,,,,,,,,1,2,6,1,2
200700043763,0007-07-20 17:25:00,7,7,20,17,25,640,102,"., PAMPELUNE (AVENUE DE)",,,Plein jour,En agglomération,Hors intersection,Temps éblouissant,Deux véhicules - frontale,,,,,,,,,,,1,2,1,7,1
200700043764,0007-07-21 04:56:00,7,7,21,4,56,640,24,BAB (BOULEVARD DU),,,Nuit avec éclairage allumé,En agglomération,Hors intersection,Normale,Autre collision,,,,,,,,,,,5,2,1,1,6
200700043765,0007-07-27 14:00:00,7,7,27,14,0,640,102,"., GOMEZ (AVENUE BENJAMI",,,Plein jour,En agglomération,Intersection en Y,Normale,Deux véhicules - côté,,,,,,,,,,,1,2,4,1,3
200700043766,0007-07-27 19:05:00,7,7,27,19,5,640,140,"44, GAULLE (AV CHARLES D",,,Plein jour,En agglomération,Hors intersection,Normale,Deux véhicules - arrière,,,,,,,,,,,1,2,1,1,2
200700043767,0007-07-29 17:42:00,7,7,29,17,42,640,24,LAZARET (RUE DU),,,Plein jour,En agglomération,Hors intersection,Normale,Autre collision,,,,,,,,,,,1,2,1,1,6
200700043768,0007-07-07 16:55:00,7,7,7,16,55,640,122,"., PRINCE DE GALLES (BD",,,Plein jour,En agglomération,Hors intersection,Normale,Autre collision,,,,,,,,,,,1,2,1,1,6
200700043769,0007-07-12 10:10:00,7,7,12,10,10,640,122,"49, REINE VICTORIA (AVEN",,,Plein jour,En agglomération,Hors intersection,Normale,Autre collision,,,,,,,,,,,1,2,1,1,6
200700043770,0007-07-04 07:30:00,7,7,4,7,30,640,269,"1, OUSSERE DE L'",,,Plein jour,En agglomération,Hors intersection,Normale,Deux véhicules - arrière,,,,,,,,,,,1,2,1,1,2
200700043771,0007-07-04 20:55:00,7,7,4,20,55,640,335,EUROPE DE L',,,Nuit avec éclairage allumé,En agglomération,Giratoire,Normale,Deux véhicules - frontale,,,,,,,,,,,5,2,6,1,1
200700043772,0007-07-05 09:47:00,7,7,5,9,47,640,445,"78, ETIGNY D'",,,Plein jour,En agglomération,Hors intersection,Normale,Deux véhicules - côté,,,,,,,,,,,1,2,1,1,3
200700043773,0007-07-05 14:50:00,7,7,5,14,50,640,445,"26, LIEGE DE",,,Plein jour,En agglomération,Hors intersection,Normale,Autre collision,,,,,,,,,,,1,2,1,1,6
200700043774,0007-07-05 22:35:00,7,7,5,22,35,640,445,"1, JEAN REVEIL",,,Nuit avec éclairage allumé,En agglomération,Intersection en X,Normale,Deux véhicules - côté,,,,,,,,,,,5,2,2,1,3
200700043775,0007-07-09 15:35:00,7,7,9,15,35,640,335,SAINTE-CATHERINE,,,Plein jour,En agglomération,Hors intersection,Normale,Autre collision,,,,,,,,,,,1,2,1,1,6
200700043776,0007-07-10 11:25:00,7,7,10,11,25,640,445,CONDORCET,,,Plein jour,En agglomération,Hors intersection,Normale,Autre collision,,,,,,,,,,,1,2,1,1,6
200700043777,0007-07-10 13:45:00,7,7,10,13,45,640,348,SANTONA DE,,,Plein jour,En agglomération,Giratoire,Normale,Deux véhicules - côté,,,,,,,,,,,1,2,6,1,3
200700043778,0007-07-11 07:46:00,7,7,11,7,46,640,335,SANTOS-DUMONT,,,Plein jour,En agglomération,Hors intersection,Pluie légère,Sans collision,,,,,,,,,,,1,2,1,2,7
200700043779,0007-07-10 19:17:00,7,7,10,19,17,640,129,"121, BAYONNE DE",,,Plein jour,En agglomération,Hors intersection,Pluie légère,Deux véhicules - arrière,,,,,,,,,,,1,2,1,2,2
200700043780,0007-07-11 08:40:00,7,7,11,8,40,640,348,"1, ASTRA D'",,,Plein jour,En agglomération,Hors intersection,Pluie légère,Sans collision,,,,,,,,,,,1,2,1,2,7
200700043781,0007-07-11 14:25:00,7,7,11,14,25,640,129,"1, BAYONNE DE",,,Plein jour,En agglomération,Hors intersection,Normale,Autre collision,,,,,,,,,,,1,2,1,1,6
200700043782,0007-07-12 22:00:00,7,7,12,22,0,640,348,MARTYRS DU PONT LONG DES,,,Nuit avec éclairage allumé,En agglomération,Intersection en T,Normale,Deux véhicules - côté,,,,,,,,,,,5,2,3,1,3
200700043783,0007-07-12 09:00:00,7,7,12,9,0,640,445,"1, BUROS DE",,,Plein jour,En agglomération,Hors intersection,Normale,Autre collision,,,,,,,,,,,1,2,1,1,6
200700043784,0007-07-12 14:10:00,7,7,12,14,10,640,445,COMMANDANT RENE MOUCHOTT,,,Plein jour,En agglomération,Hors intersection,Normale,Deux véhicules - côté,,,,,,,,,,,1,2,1,1,3
200700043785,0007-07-12 16:20:00,7,7,12,16,20,640,445,"03, DUFAU",,,Plein jour,En agglomération,Hors intersection,Normale,Deux véhicules - côté,,,,,,,,,,,1,2,1,1,3
200700043786,0007-07-13 10:45:00,7,7,13,10,45,640,445,"15, RHIN ET DANUBE",,,Plein jour,En agglomération,Intersection en T,Normale,Autre collision,,,,,,,,,,,1,2,3,1,6
200700043787,0007-07-17 17:45:00,7,7,17,17,45,640,445,"1, MARTYRS DU PONT LONG",,,Plein jour,En agglomération,Intersection en T,Normale,Deux véhicules - côté,,,,,,,,,,,1,2,3,1,3
200700043788,0007-07-18 11:20:00,7,7,18,11,20,640,445,"9, ALFRED DE LASSENCE",,,Plein jour,En agglomération,Hors intersection,Normale,Autre collision,,,,,,,,,,,1,2,1,1,6
200700043789,0007-07-19 12:00:00,7,7,19,12,0,640,445,JEAN MERMOZ,,,Plein jour,En agglomération,Intersection en X,Normale,Deux véhicules - côté,,,,,,,,,,,1,2,2,1,3
200700043790,0007-07-20 12:40:00,7,7,20,12,40,640,445,"1, ETATS UNIS DES",,,Plein jour,En agglomération,Hors intersection,Normale,Deux véhicules - frontale,,,,,,,,,,,1,2,1,1,1
200700043791,0007-07-25 21:50:00,7,7,25,21,50,640,445,"1, CONDORCET",,,Nuit sans éclairage public,En agglomération,Hors intersection,Normale,Autre collision,,,,,,,,,,,3,2,1,1,6
200700043792,0007-07-26 18:35:00,7,7,26,18,35,640,445,"15, LEON BLUM",,,Plein jour,En agglomération,Hors intersection,Normale,Deux véhicules - côté,,,,,,,,,,,1,2,1,1,3
200700043793,0007-07-21 21:15:00,7,7,21,21,15,640,284,"61, HENRI 4",,,Nuit avec éclairage allumé,En agglomération,Hors intersection,Normale,Deux véhicules - côté,,,,,,,,,,,5,2,1,1,3
200700043794,0007-07-27 18:45:00,7,7,27,18,45,640,445,"1, RENE CHAR",,,Plein jour,En agglomération,Hors intersection,Normale,Autre collision,,,,,,,,,,,1,2,1,1,6
200700043795,0007-07-28 09:35:00,7,7,28,9,35,640,445,"1, CARNOT",,,Plein jour,En agglomération,Hors intersection,Normale,Autre collision,,,,,,,,,,,1,2,1,1,6
200700043796,0007-07-28 13:55:00,7,7,28,13,55,640,335,"1, SAULT DE NAVAILLES DE",,,Plein jour,Hors agglomération,Hors intersection,Normale,Autre collision,,,,,,,,,,,1,1,1,1,6
200700043797,0007-07-29 03:20:00,7,7,29,3,20,640,445,MARTYRS DU PONT LONG DES,,,Nuit avec éclairage allumé,En agglomération,Hors intersection,Normale,Deux véhicules - frontale,,,,,,,,,,,5,2,1,1,1
200700043798,0007-07-30 17:50:00,7,7,30,17,50,640,348,"129bis, CHARLES DE GAULL",,,Plein jour,En agglomération,Hors intersection,Normale,Deux véhicules - côté,,,,,,,,,,,1,2,1,1,3
200700043799,0007-07-24 19:20:00,7,7,24,19,20,640,445,"103, JEAN MERMOZ",,,Plein jour,En agglomération,Intersection en X,Normale,Deux véhicules - côté,,,,,,,,,,,1,2,2,1,3
200700043800,0007-07-05 18:50:00,7,7,5,18,50,640,260,CD 912,,,Plein jour,Hors agglomération,Hors intersection,Normale,Sans collision,,,,,,,,,,,1,1,1,1,7
200700043801,0007-07-09 14:55:00,7,7,9,14,55,640,545,NATIONALE 10,,,Plein jour,Hors agglomération,Hors intersection,Normale,Trois véhicules et plus - collisions multiples,,,,,,,,,,,1,1,1,1,5
200700043802,0007-07-15 11:15:00,7,7,15,11,15,640,260,CD 912,,,Plein jour,En agglomération,Hors intersection,Normale,Deux véhicules - côté,,,,,,,,,,,1,2,1,1,3
200700043803,0007-07-22 09:25:00,7,7,22,9,25,640,260,CD 912,,,Plein jour,Hors agglomération,Hors intersection,Normale,Deux véhicules - côté,,,,,,,,,,,1,1,1,1,3
200700043804,0007-07-23 01:05:00,7,7,23,1,5,640,260,"1, PLAQUEMINIERS (RUE DE",,,Nuit avec éclairage allumé,En agglomération,Intersection en T,Normale,Sans collision,,,,,,,,,,,5,2,3,1,7
200700043805,0007-07-27 10:40:00,7,7,27,10,40,640,260,"1, ALLEES (RUE DES)",,,Plein jour,En agglomération,Intersection en T,Normale,Deux véhicules - côté,,,,,,,,,,,1,2,3,1,3
200700043806,0007-07-31 20:25:00,7,7,31,20,25,640,260,CD 912,,,Crépuscule ou aube,En agglomération,Intersection en T,Normale,Deux véhicules - côté,,,,,,,,,,,2,2,3,1,3
200700043807,0007-07-01 20:11:00,7,7,1,20,11,640,545,IBARDIN (ROUTE D'),,,Crépuscule ou aube,Hors agglomération,Hors intersection,Pluie légère,Sans collision,,,,,,,,,,,2,1,1,2,7
200700043808,0007-07-02 16:50:00,7,7,2,16,50,640,545,RN10,,,Plein jour,En agglomération,Hors intersection,Normale,Trois véhicules et plus - en chaîne,,,,,,,,,,,1,2,1,1,4
200700043809,0007-07-09 10:10:00,7,7,9,10,10,640,189,"1, MASSY ARNAUD ( RUE)",,,Plein jour,En agglomération,Hors intersection,Normale,Autre collision,,,,,,,,,,,1,2,1,1,6
200700043810,0007-07-09 18:40:00,7,7,9,18,40,640,545,"1, PIERRE BOUVET DE THEZ",,,Plein jour,En agglomération,Hors intersection,Normale,Deux véhicules - côté,,,,,,,,,,,1,2,1,1,3
200700043811,0007-07-17 13:10:00,7,7,17,13,10,640,483,"21, ERROMARDIE (CHEMIN D",,,Plein jour,En agglomération,Intersection en T,Normale,Deux véhicules - côté,,,,,,,,,,,1,2,3,1,3
200700043812,0007-07-18 17:25:00,7,7,18,17,25,640,483,"2, HABAS MATHIEU OU PERE",,,Plein jour,En agglomération,Hors intersection,Normale,Autre collision,,,,,,,,,,,1,2,1,1,6
200700043813,0007-07-20 11:35:00,7,7,20,11,35,640,483,"2, LARRAMENDY PIERRE (AV",,,Plein jour,En agglomération,Hors intersection,Normale,Autre collision,,,,,,,,,,,1,2,1,1,6
200700043814,0007-07-23 08:20:00,7,7,23,8,20,640,249,GETARIA(AVENUE),,,Plein jour,Hors agglomération,Intersection en X,Pluie légère,Deux véhicules - côté,,,,,,,,,,,1,1,2,2,3
200700043815,0007-07-25 17:15:00,7,7,25,17,15,640,483,RN10,,,Plein jour,En agglomération,Hors intersection,Normale,Deux véhicules - côté,,,,,,,,,,,1,2,1,1,3
200700043816,0007-07-26 15:05:00,7,7,26,15,5,640,483,RN10,,,Plein jour,En agglomération,Hors intersection,Normale,Deux véhicules - frontale,,,,,,,,,,,1,2,1,1,1
200700043817,0007-07-28 19:10:00,7,7,28,19,10,640,483,"89, RN10",,,Plein jour,En agglomération,Hors intersection,Normale,Deux véhicules - frontale,,,,,,,,,,,1,2,1,1,1
200700043818,0007-07-30 13:15:00,7,7,30,13,15,640,545,RN10,,,Plein jour,Hors agglomération,Hors intersection,Normale,Deux véhicules - arrière,,,,,,,,,,,1,1,1,1,2
200700043819,0007-07-31 16:10:00,7,7,31,16,10,640,189,RAVEL MAURICE (QUA)I,,,Plein jour,En agglomération,Hors intersection,Normale,Autre collision,,,,,,,,,,,1,2,1,1,6
200700043820,0007-07-03 12:00:00,7,7,3,12,0,640,483,RN10,,,Plein jour,Hors agglomération,Hors intersection,Normale,Deux véhicules - côté,,,,,,,,,,,1,1,1,1,3
200700043821,0007-07-08 16:40:00,7,7,8,16,40,640,483,AHETZE (ROUTE D'),,,Plein jour,Hors agglomération,Hors intersection,Normale,Deux véhicules - côté,,,,,,,,,,,1,1,1,1,3
200700043822,0007-07-11 12:00:00,7,7,11,12,0,640,483,RN10,,,Plein jour,Hors agglomération,Hors intersection,Normale,Deux véhicules - côté,,,,,,,,,,,1,1,1,1,3
200700043823,0007-07-12 12:55:00,7,7,12,12,55,640,483,LAHANCHIPIA (AVENUE),,,Plein jour,Hors agglomération,Hors intersection,Normale,Trois véhicules et plus - collisions multiples,,,,,,,,,,,1,1,1,1,5
200700043824,0007-07-11 14:35:00,7,7,11,14,35,640,545,NATIONALE 10,,,Plein jour,Hors agglomération,Hors intersection,Normale,Deux véhicules - côté,,,,,,,,,,,1,1,1,1,3
200700043825,0007-07-10 12:10:00,7,7,10,12,10,640,189,"12, JAURES JEAN  (AVENUE",,,Plein jour,En agglomération,Hors intersection,Normale,Deux véhicules - côté,,,,,,,,,,,1,2,1,1,3
200700043826,0007-07-16 20:55:00,7,7,16,20,55,640,260,CD 912,,,Crépuscule ou aube,Hors agglomération,Hors intersection,Normale,Deux véhicules - côté,,,,,,,,,,,2,1,1,1,3
200700043827,0007-07-18 18:00:00,7,7,18,18,0,640,483,LAYATS (AVENUE DE),,,Plein jour,En agglomération,Hors intersection,Normale,Deux véhicules - côté,,,,,,,,,,,1,2,1,1,3