accident_id,datetime,annee,mois,jour,heure,minute,departement,commune_insee,adresse,latitude,longitude,luminosite,agglomeration,intersection,meteo,collision,nb_vehicules,nb_usagers,nb_indemnes,nb_tues,nb_blesses_hosp,nb_blesses_legers,age_cond_1,age_cond_2,veh_type_cond_1,veh_type_cond_2,lum_code,agg_code,int_code,atm_code,col_code
200700043828,0007-07-23 02:45:00,7,7,23,2,45,640,483,RN10,,,Plein jour,En agglomération,Hors intersection,Normale,Autre collision,,,,,,,,,,,1,2,1,1,6
200700043829,0007-07-23 02:46:00,7,7,23,2,46,640,483,RN10,,,Nuit avec éclairage allumé,Hors agglomération,Hors intersection,Normale,Autre collision,,,,,,,,,,,5,1,1,1,6
200700043830,0007-07-18 05:35:00,7,7,18,5,35,640,483,SENIX (CHEMIN DE),,,Nuit sans éclairage public,Hors agglomération,Hors intersection,Temps couvert,Autre collision,,,,,,,,,,,3,1,1,8,6
200700043831,0007-07-19 16:55:00,7,7,19,16,55,640,260,RN 111,,,Plein jour,En agglomération,Hors intersection,Normale,Deux véhicules - côté,,,,,,,,,,,1,2,1,1,3
200700043832,0007-07-04 15:55:00,7,7,4,15,55,650,286,"04, BEGUERE (AVENUE ANTO",,,Plein jour,En agglomération,Hors intersection,Normale,Autre collision,,,,,,,,,,,1,2,1,1,6
200700043833,0007-07-13 10:00:00,7,7,13,10,0,650,286,"15, MARQUI (AVENUE ALEXA",,,Plein jour,En agglomération,Hors intersection,Normale,Autre collision,,,,,,,,,,,1,2,1,1,6
200700043834,0007-07-26 09:25:00,7,7,26,9,25,650,286,"1, PAU (ROUTE DE)",,,Plein jour,En agglomération,Hors intersection,Normale,Deux véhicules - côté,,,,,,,,,,,1,2,1,1,3
200700043835,0007-07-02 06:05:00,7,7,2,6,5,650,440,"., LIBERATION (AVENUE DE",,,Crépuscule ou aube,En agglomération,Intersection en X,Normale,Deux véhicules - côté,,,,,,,,,,,2,2,2,1,3
200700043836,0007-07-03 08:40:00,7,7,3,8,40,650,440,HOPITAL (ROND POINT DE L,,,Plein jour,En agglomération,Giratoire,Normale,Trois véhicules et plus - en chaîne,,,,,,,,,,,1,2,6,1,4
200700043837,0007-07-03 12:15:00,7,7,3,12,15,650,226,PAU (ROUTE DE),,,Plein jour,Hors agglomération,Intersection en X,Normale,Deux véhicules - côté,,,,,,,,,,,1,1,2,1,3
200700043838,0007-07-03 15:45:00,7,7,3,15,45,650,440,DEBUSSY (BOULEVARD CLAUD,,,Plein jour,En agglomération,Intersection en X,Normale,Deux véhicules - arrière,,,,,,,,,,,1,2,2,1,2
200700043839,0007-07-04 12:45:00,7,7,4,12,45,650,47,"., JAURES (AVE JEAN)",,,Plein jour,En agglomération,Intersection en X,Pluie légère,Deux véhicules - arrière,,,,,,,,,,,1,2,2,2,2
200700043840,0007-07-05 17:10:00,7,7,5,17,10,650,440,"., MAQUIS DE PAYOLLE (RU",,,Plein jour,En agglomération,Intersection en X,Normale,Deux véhicules - frontale,,,,,,,,,,,1,2,2,1,1
200700043841,0007-07-05 19:15:00,7,7,5,19,15,650,440,"., KENNEDY (BOULEVARD DU",,,Plein jour,En agglomération,Hors intersection,Normale,Sans collision,,,,,,,,,,,1,2,1,1,7
200700043842,0007-07-06 14:35:00,7,7,6,14,35,650,440,"30, MARTINET (BOULEVARD",,,Plein jour,En agglomération,Intersection en X,Normale,Deux véhicules - côté,,,,,,,,,,,1,2,2,1,3
200700043843,0007-07-06 21:15:00,7,7,6,21,15,650,440,"., MARQUES (RUE FRANCOIS",,,Crépuscule ou aube,En agglomération,Intersection en X,Normale,Deux véhicules - frontale,,,,,,,,,,,2,2,2,1,1
200700043844,0007-07-07 20:05:00,7,7,7,20,5,650,440,"64, LASSALLE (RUE GEORGE",,,Plein jour,En agglomération,Intersection en T,Normale,Deux véhicules - côté,,,,,,,,,,,1,2,3,1,3
200700043845,0007-07-07 23:35:00,7,7,7,23,35,650,417,"., SPORTS (AVENUE DES)",,,Nuit avec éclairage allumé,En agglomération,Intersection en T,Normale,Autre collision,,,,,,,,,,,5,2,3,1,6
200700043846,0007-07-09 11:55:00,7,7,9,11,55,650,440,"37, VERDUN (PLACE DE)",,,Plein jour,En agglomération,Hors intersection,Normale,Autre collision,,,,,,,,,,,1,2,1,1,6
200700043847,0007-07-12 14:45:00,7,7,12,14,45,650,100,"., KLEBER (RUE PROLONGEE",,,Plein jour,Hors agglomération,Intersection en T,Normale,Deux véhicules - côté,,,,,,,,,,,1,1,3,1,3
200700043848,0007-07-14 16:15:00,7,7,14,16,15,650,433,"., MAUMUS (RUE JEAN)",,,Plein jour,Hors agglomération,Hors intersection,Normale,Sans collision,,,,,,,,,,,1,1,1,1,7
200700043849,0007-07-18 15:50:00,7,7,18,15,50,650,440,SAINT FRAI (ROND POINT),,,Plein jour,En agglomération,Giratoire,Normale,Deux véhicules - côté,,,,,,,,,,,1,2,6,1,3
200700043850,0007-07-19 04:10:00,7,7,19,4,10,650,440,"19, LACAUSSADE (BOULEVAR",,,Nuit avec éclairage allumé,En agglomération,Intersection en T,Normale,Autre collision,,,,,,,,,,,5,2,3,1,6
200700043851,0007-07-19 10:10:00,7,7,19,10,10,650,440,"2, CLAVERIE (PLACE GERMA",,,Plein jour,En agglomération,Hors intersection,Normale,Autre collision,,,,,,,,,,,1,2,1,1,6
200700043852,0007-07-21 10:05:00,7,7,21,10,5,650,440,ALSACE LORRAINE (AVENUE),,,Plein jour,En agglomération,Intersection en X,Pluie légère,Deux véhicules - côté,,,,,,,,,,,1,2,2,2,3
200700043853,0007-07-22 22:20:00,7,7,22,22,20,650,440,"., FOCH (RUE DU MARECHAL",,,Nuit avec éclairage allumé,En agglomération,Intersection en T,Normale,Deux véhicules - côté,,,,,,,,,,,5,2,3,1,3
200700043854,0007-07-23 09:45:00,7,7,23,9,45,650,47,"., NOVEMBRE (RUE DU XI)",,,Plein jour,En agglomération,Intersection en X,Normale,Deux véhicules - côté,,,,,,,,,,,1,2,2,1,3
200700043855,0007-07-27 21:15:00,7,7,27,21,15,650,440,"., LATTRE DE TASSIGNY(BO",,,Nuit avec éclairage allumé,En agglomération,Intersection en T,Normale,Deux véhicules - côté,,,,,,,,,,,5,2,3,1,3
200700043856,0007-07-27 22:25:00,7,7,27,22,25,650,226,PAU (ROUTE DE),,,Nuit sans éclairage public,Hors agglomération,Hors intersection,Normale,Sans collision,,,,,,,,,,,3,1,1,1,7
200700043857,0007-07-29 04:55:00,7,7,29,4,55,650,226,PAU (ROUTE DE),,,Nuit sans éclairage public,Hors agglomération,Hors intersection,Normale,Sans collision,,,,,,,,,,,3,1,1,1,7
200700043858,0007-07-31 13:35:00,7,7,31,13,35,650,440,"., AMSTRONG (RUE NEIL)",,,Plein jour,En agglomération,Intersection en T,Normale,Deux véhicules - côté,,,,,,,,,,,1,2,3,1,3
200700043859,0007-07-02 14:10:00,7,7,2,14,10,660,136,MICHELET (BOULEVARD EDMO,,,Plein jour,En agglomération,Hors intersection,Normale,Deux véhicules - arrière,,,,,,,,,,,1,2,1,1,2
200700043860,0007-07-03 10:50:00,7,7,3,10,50,660,136,ROUDAYRE (AVENUE EMILE),,,Plein jour,En agglomération,Hors intersection,Normale,Deux véhicules - frontale,,,,,,,,,,,1,2,1,1,1
200700043861,0007-07-04 11:00:00,7,7,4,11,0,660,136,"16, BLANC AVENUE ROSETTE",,,Plein jour,En agglomération,Hors intersection,Normale,Deux véhicules - frontale,,,,,,,,,,,1,2,1,1,1
200700043862,0007-07-08 00:45:00,7,7,8,0,45,660,136,Départementale 914,,,Nuit sans éclairage public,Hors agglomération,Hors intersection,Normale,Autre collision,,,,,,,,,,,3,1,1,1,6
200700043863,0007-07-12 14:30:00,7,7,12,14,30,660,136,ARGELES SUR MER AVENUE D,,,Plein jour,En agglomération,Hors intersection,Normale,Trois véhicules et plus - en chaîne,,,,,,,,,,,1,2,1,1,4
200700043864,0007-07-13 19:50:00,7,7,13,19,50,660,136,PALAIS-DES-EXPO (AVENUE,,,Plein jour,En agglomération,Hors intersection,Normale,Deux véhicules - frontale,,,,,,,,,,,1,2,1,1,1
200700043865,0007-07-24 20:15:00,7,7,24,20,15,660,136,"., CLEMENCEAU (BOULEVARD",,,Plein jour,En agglomération,Hors intersection,Normale,Autre collision,,,,,,,,,,,1,2,1,1,6
200700043866,0007-07-31 09:55:00,7,7,31,9,55,660,136,"., PENETRANTE NORD",,,Plein jour,Hors agglomération,Hors intersection,Normale,Deux véhicules - côté,,,,,,,,,,,1,1,1,1,3
200700043867,0007-07-08 01:19:00,7,7,8,1,19,670,462,RD 424,,,Nuit sans éclairage public,Hors agglomération,Hors intersection,Normale,Sans collision,,,,,,,,,,,3,1,1,1,7
200700043868,0007-07-01 21:50:00,7,7,1,21,50,670,482,"0, LANGEVIN (RUE)",,,Plein jour,En agglomération,Intersection en T,Normale,Deux véhicules - côté,,,,,,,,,,,1,2,3,1,3
200700043869,0007-07-03 10:20:00,7,7,3,10,20,670,267,ALFRED KASTLER (RUE),,,Plein jour,En agglomération,Intersection en T,Normale,Autre collision,,,,,,,,,,,1,2,3,1,6
200700043870,0007-07-03 17:55:00,7,7,3,17,55,670,482,"00, RACINE (AVENUE)",,,Plein jour,En agglomération,Intersection en T,Temps couvert,Deux véhicules - arrière,,,,,,,,,,,1,2,3,8,2
200700043871,0007-07-03 18:20:00,7,7,3,18,20,670,482,BORDEAUX (PLACE DE),,,Plein jour,En agglomération,Intersection à plus de 4 branches,Normale,Deux véhicules - côté,,,,,,,,,,,1,2,5,1,3
200700043872,0007-07-04 05:00:00,7,7,4,5,0,670,482,"0, SCHIRMECK (ROUTE DE)",,,Nuit avec éclairage allumé,En agglomération,Hors intersection,Pluie forte,Autre collision,,,,,,,,,,,5,2,1,3,6
200700043873,0007-07-04 15:39:00,7,7,4,15,39,670,447,"0, LOUIS PASTEUR (RUE)",,,Plein jour,Hors agglomération,Intersection en X,Normale,Autre collision,,,,,,,,,,,1,1,2,1,6
200700043874,0007-07-04 22:20:00,7,7,4,22,20,670,482,SEBASTIEN BRANT (PLACE),,,Nuit avec éclairage allumé,En agglomération,Intersection en X,Normale,Deux véhicules - côté,,,,,,,,,,,5,2,2,1,3
200700043875,0007-07-05 08:10:00,7,7,5,8,10,670,482,"0, HOCHFELDEN (RUE DE)",,,Plein jour,En agglomération,Intersection en T,Normale,Autre collision,,,,,,,,,,,1,2,3,1,6
200700043876,0007-07-05 13:55:00,7,7,5,13,55,670,482,HOPITAL (ROUTE DE L ),,,Plein jour,En agglomération,Intersection en X,Pluie légère,Autre collision,,,,,,,,,,,1,2,2,2,6
200700043877,0007-07-07 11:00:00,7,7,7,11,0,670,482,"0, POLYGONE (ROUTE DU)",,,Plein jour,En agglomération,Hors intersection,Normale,Deux véhicules - côté,,,,,,,,,,,1,2,1,1,3
200700043878,0007-07-07 15:15:00,7,7,7,15,15,670,482,RHIN (ROUTE DU),,,Plein jour,En agglomération,Intersection en T,Normale,Autre collision,,,,,,,,,,,1,2,3,1,6
200700043879,0007-07-07 15:30:00,7,7,7,15,30,670,482,GEORGES WODLI (RUE),,,Plein jour,En agglomération,Hors intersection,Normale,Deux véhicules - frontale,,,,,,,,,,,1,2,1,1,1
200700043880,0007-07-07 18:10:00,7,7,7,18,10,670,482,"4, BOUVREUILS (RUE DES)",,,Plein jour,En agglomération,Hors intersection,Normale,Autre collision,,,,,,,,,,,1,2,1,1,6
200700043881,0007-07-07 19:35:00,7,7,7,19,35,670,482,INGOLD (RUE),,,Plein jour,En agglomération,Hors intersection,Normale,Trois véhicules et plus - collisions multiples,,,,,,,,,,,1,2,1,1,5
200700043882,0007-07-08 17:45:00,7,7,8,17,45,670,482,"0, NUEE BLEUE (RUE DE LA",,,Plein jour,En agglomération,Intersection en X,Pluie forte,Deux véhicules - côté,,,,,,,,,,,1,2,2,3,3
200700043883,0007-07-09 17:50:00,7,7,9,17,50,670,482,LAUSANNE (RUE DE),,,Plein jour,En agglomération,Intersection en T,Normale,Deux véhicules - côté,,,,,,,,,,,1,2,3,1,3
200700043884,0007-07-10 01:10:00,7,7,10,1,10,670,482,MOLSHEIM (RUE DE),,,Nuit avec éclairage allumé,En agglomération,Intersection en X,Pluie légère,Deux véhicules - arrière,,,,,,,,,,,5,2,2,2,2
200700043885,0007-07-10 11:50:00,7,7,10,11,50,670,482,COLMAR (AVENUE DE),,,Plein jour,En agglomération,Hors intersection,Normale,Deux véhicules - côté,,,,,,,,,,,1,2,1,1,3
200700043886,0007-07-10 14:30:00,7,7,10,14,30,670,482,"0, LANGUEDOC (RUE DU)",,,Plein jour,En agglomération,Intersection en X,Pluie légère,Deux véhicules - côté,,,,,,,,,,,1,2,2,2,3
200700043887,0007-07-11 12:20:00,7,7,11,12,20,670,482,"00, ALPES (QUAI DES)",,,Plein jour,En agglomération,Hors intersection,Normale,Trois véhicules et plus - en chaîne,,,,,,,,,,,1,2,1,1,4
200700043888,0007-07-13 13:55:00,7,7,13,13,55,670,482,CYGNE (PLACE DU),,,Plein jour,En agglomération,Intersection en X,Normale,Deux véhicules - côté,,,,,,,,,,,1,2,2,1,3
200700043889,0007-07-13 18:00:00,7,7,13,18,0,670,218,PLAINE (RUE DE LA),,,Plein jour,En agglomération,Hors intersection,Normale,Trois véhicules et plus - en chaîne,,,,,,,,,,,1,2,1,1,4
200700043890,0007-07-13 20:50:00,7,7,13,20,50,670,482,"0, SCHNOKELOCH (RUE DU)",,,Plein jour,En agglomération,Intersection en T,Normale,Autre collision,,,,,,,,,,,1,2,3,1,6
200700043891,0007-07-14 18:15:00,7,7,14,18,15,670,482,"103, NEUHOF (ROUTE)",,,Plein jour,En agglomération,Hors intersection,Normale,Autre collision,,,,,,,,,,,1,2,1,1,6
200700043892,0007-07-17 14:46:00,7,7,17,14,46,670,482,"231, OBERHAUSBERGEN (ROU",,,Plein jour,En agglomération,Hors intersection,Normale,Autre collision,,,,,,,,,,,1,2,1,1,6
200700043893,0007-07-17 20:50:00,7,7,17,20,50,670,482,"00, FRANÇOIS MITTERRAND",,,Plein jour,En agglomération,Hors intersection,Normale,Autre collision,,,,,,,,,,,1,2,1,1,6
200700043894,0007-07-18 16:00:00,7,7,18,16,0,670,482,"0, RHIN (ROUTE DU)",,,Plein jour,En agglomération,Hors intersection,Normale,Deux véhicules - arrière,,,,,,,,,,,1,2,1,1,2
200700043895,0007-07-19 12:10:00,7,7,19,12,10,670,482,"0, BERNE (RUE DE)",,,Plein jour,En agglomération,Intersection en X,Normale,Deux véhicules - côté,,,,,,,,,,,1,2,2,1,3
200700043896,0007-07-20 23:10:00,7,7,20,23,10,670,482,"00, GENERAL CONRAD (RUE",,,Nuit avec éclairage allumé,En agglomération,Intersection en T,Normale,Sans collision,,,,,,,,,,,5,2,3,1,7
200700043897,0007-07-24 06:40:00,7,7,24,6,40,670,482,"0, BATELIERS (QUAI DES)",,,Crépuscule ou aube,En agglomération,Intersection en T,Normale,Deux véhicules - côté,,,,,,,,,,,2,2,3,1,3
200700043898,0007-07-24 17:30:00,7,7,24,17,30,670,482,"Face au 12, CANONNIERS (",,,Plein jour,En agglomération,Hors intersection,Normale,Trois véhicules et plus - en chaîne,,,,,,,,,,,1,2,1,1,4
200700043899,0007-07-24 20:35:00,7,7,24,20,35,670,482,"0, THUMENAU (RUE DE LA)",,,Crépuscule ou aube,En agglomération,Intersection en T,Normale,Deux véhicules - côté,,,,,,,,,,,2,2,3,1,3
200700043900,0007-07-25 00:05:00,7,7,25,0,5,670,482,"0, KOENIGSHOFFEN (RUE DE",,,Nuit avec éclairage allumé,En agglomération,Hors intersection,Normale,Autre collision,,,,,,,,,,,5,2,1,1,6
200700043901,0007-07-25 10:00:00,7,7,25,10,0,670,482,"00, EGLISE ROUGE (RUE DE",,,Plein jour,Hors agglomération,Hors intersection,Normale,Deux véhicules - frontale,,,,,,,,,,,1,1,1,1,1
200700043902,0007-07-26 17:45:00,7,7,26,17,45,670,204,TROIS MAIRES (RUE DES),,,Plein jour,En agglomération,Intersection en X,Normale,Deux véhicules - arrière,,,,,,,,,,,1,2,2,1,2
200700043903,0007-07-27 18:30:00,7,7,27,18,30,670,482,"5, TARADE (RUE)",,,Plein jour,En agglomération,Hors intersection,Normale,Deux véhicules - côté,,,,,,,,,,,1,2,1,1,3
200700043904,0007-07-28 17:12:00,7,7,28,17,12,670,267,"0, MOLKENBRONN (RUE DU)",,,Plein jour,En agglomération,Intersection en T,Normale,Deux véhicules - frontale,,,,,,,,,,,1,2,3,1,1
200700043905,0007-07-30 20:30:00,7,7,30,20,30,670,482,"0, FAUBOURG DE SAVERNE (",,,Plein jour,En agglomération,Hors intersection,Normale,Deux véhicules - côté,,,,,,,,,,,1,2,1,1,3
200700043906,0007-07-31 17:05:00,7,7,31,17,5,670,482,"000, SAINT JEAN (QUAI)",,,Plein jour,En agglomération,Hors intersection,Normale,Autre collision,,,,,,,,,,,1,2,1,1,6
200700043907,0007-07-02 16:55:00,7,7,2,16,55,680,66,"9, DE GAULLE (AVENUE DU",,,Plein jour,En agglomération,Hors intersection,Normale,Deux véhicules - arrière,,,,,,,,,,,1,2,1,1,2
200700043908,0007-07-13 01:10:00,7,7,13,1,10,680,66,CD4,,,Nuit sans éclairage public,En agglomération,Hors intersection,Normale,Autre collision,,,,,,,,,,,3,2,1,1,6
200700043909,0007-07-17 18:45:00,7,7,17,18,45,680,66,"67, TROIS CHATEAUX (RUE",,,Plein jour,En agglomération,Intersection en X,Normale,Deux véhicules - côté,,,,,,,,,,,1,2,2,1,3
200700043910,0007-07-20 17:25:00,7,7,20,17,25,680,66,"75, MORAT (RUE)",,,Plein jour,En agglomération,Hors intersection,Normale,Trois véhicules et plus - en chaîne,,,,,,,,,,,1,2,1,1,4
200700043911,0007-07-21 23:10:00,7,7,21,23,10,680,66,"12, SANDHERR (RUE CHARLE",,,Nuit avec éclairage allumé,En agglomération,Intersection en X,Pluie légère,Deux véhicules - côté,,,,,,,,,,,5,2,2,2,3
200700043912,0007-07-28 18:00:00,7,7,28,18,0,680,66,"65, TURCKHEIM (RUE DE)",,,Plein jour,En agglomération,Intersection en T,Normale,Deux véhicules - côté,,,,,,,,,,,1,2,3,1,3
200700043913,0007-07-19 17:15:00,7,7,19,17,15,680,112,"89, DECK, Théodore (rue)",,,Plein jour,En agglomération,Hors intersection,Normale,Sans collision,,,,,,,,,,,1,2,1,1,7
200700043914,0007-07-01 01:10:00,7,7,1,1,10,680,224,VOIE RAPIDE NORD SUD,,,Nuit avec éclairage allumé,Hors agglomération,Intersection en Y,Normale,Autre collision,,,,,,,,,,,5,1,4,1,6
200700043915,0007-07-05 15:50:00,7,7,5,15,50,680,224,"167, SCHUMAN (AVENUE ROB",,,Plein jour,En agglomération,Intersection en X,Normale,Deux véhicules - côté,,,,,,,,,,,1,2,2,1,3
200700043916,0007-07-07 10:20:00,7,7,7,10,20,680,224,", MEUSE (RUE DE LA)",,,Plein jour,En agglomération,Intersection en T,Normale,Deux véhicules - côté,,,,,,,,,,,1,2,3,1,3
200700043917,0007-07-03 18:50:00,7,7,3,18,50,680,224,"5, MANGENEY (RUE DU DOCT",,,Plein jour,En agglomération,Hors intersection,Pluie légère,Deux véhicules - côté,,,,,,,,,,,1,2,1,2,3
200700043918,0007-07-04 15:50:00,7,7,4,15,50,680,271,"98, MODENHEIM (RUE DE)",,,Plein jour,En agglomération,Giratoire,Normale,Deux véhicules - côté,,,,,,,,,,,1,2,6,1,3
200700043919,0007-07-09 18:20:00,7,7,9,18,20,680,224,"03, ROOSEVELT (BOULEVARD",,,Plein jour,En agglomération,Intersection en T,Normale,Deux véhicules - côté,,,,,,,,,,,1,2,3,1,3
200700043920,0007-07-05 07:30:00,7,7,5,7,30,680,224,"10, CORNEILLES (RUE DES)",,,Plein jour,En agglomération,Intersection en X,Normale,Deux véhicules - côté,,,,,,,,,,,1,2,2,1,3
200700043921,0007-07-15 12:30:00,7,7,15,12,30,680,224,"44, FRANKLIN (RUE)",,,Plein jour,En agglomération,Hors intersection,Normale,Autre collision,,,,,,,,,,,1,2,1,1,6
200700043922,0007-07-11 09:35:00,7,7,11,9,35,680,224,"79, ROUFFACH (RUE DE)",,,Plein jour,En agglomération,Intersection en T,Normale,Deux véhicules - côté,,,,,,,,,,,1,2,3,1,3
200700043923,0007-07-06 14:31:00,7,7,6,14,31,680,224,"16, ECLUSE (RUE DE L')",,,Plein jour,En agglomération,Hors intersection,Normale,Deux véhicules - côté,,,,,,,,,,,1,2,1,1,3
200700043924,0007-07-25 18:55:00,7,7,25,18,55,680,224,"1, VAUBAN (RUE)",,,Plein jour,En agglomération,Intersection en X,Normale,Deux véhicules - côté,,,,,,,,,,,1,2,2,1,3
200700043925,0007-07-21 16:50:00,7,7,21,16,50,680,224,"07, SIPHON (RUE DU)",,,Plein jour,En agglomération,Hors intersection,Normale,Deux véhicules - côté,,,,,,,,,,,1,2,1,1,3
200700043926,0007-07-27 18:00:00,7,7,27,18,0,680,224,"41, ALTKIRCH (AVENUE D')",,,Plein jour,En agglomération,Hors intersection,Normale,Deux véhicules - côté,,,,,,,,,,,1,2,1,1,3
200700043927,0007-07-05 18:55:00,7,7,5,18,55,680,224,WERNER (RUE ALFRED),,,Plein jour,En agglomération,Hors intersection,Normale,Deux véhicules - côté,,,,,,,,,,,1,2,1,1,3
200700043928,0007-07-31 14:00:00,7,7,31,14,0,680,224,"123, D.M.C. (AVENUE)",,,Plein jour,En agglomération,Hors intersection,Normale,Autre collision,,,,,,,,,,,1,2,1,1,6
200700043929,0007-07-27 14:00:00,7,7,27,14,0,680,224,"01, SAINT-SAUVEUR (RUE)",,,Plein jour,En agglomération,Intersection en T,Normale,Deux véhicules - côté,,,,,,,,,,,1,2,3,1,3
200700043930,0007-07-29 05:40:00,7,7,29,5,40,680,224,"32, GRAINS (RUE DES)",,,Crépuscule ou aube,En agglomération,Hors intersection,Normale,Sans collision,,,,,,,,,,,2,2,1,1,7
200700043931,0007-07-28 20:00:00,7,7,28,20,0,680,224,"46, ILLZACH (RUE D')",,,Plein jour,En agglomération,Hors intersection,Normale,Deux véhicules - côté,,,,,,,,,,,1,2,1,1,3
200700043932,0007-07-27 21:45:00,7,7,27,21,45,680,224,AUTOROUTE A 36,,,Nuit sans éclairage public,Hors agglomération,Hors intersection,Normale,Deux véhicules - arrière,,,,,,,,,,,3,1,1,1,2
200700043933,0007-07-03 15:40:00,7,7,3,15,40,680,149,ST-LOUIS ( RUE DE ),,,Plein jour,En agglomération,Hors intersection,Pluie forte,Deux véhicules - côté,,,,,,,,,,,1,2,1,3,3
200700043934,0007-07-19 12:20:00,7,7,19,12,20,680,297,"27, STRASBOURG ( RUE DE",,,Plein jour,En agglomération,Hors intersection,Normale,Deux véhicules - côté,,,,,,,,,,,1,2,1,1,3
200700043935,0007-07-24 18:40:00,7,7,24,18,40,680,297,"5, DE GAULLE( AVE DU GLE",,,Crépuscule ou aube,En agglomération,Hors intersection,Pluie forte,Deux véhicules - arrière,,,,,,,,,,,2,2,1,3,2
200700043936,0007-07-24 19:55:00,7,7,24,19,55,680,149,LAVOISIER ( RUE DE ),,,Plein jour,En agglomération,Hors intersection,Normale,Deux véhicules - côté,,,,,,,,,,,1,2,1,1,3
200700043937,0007-07-21 15:40:00,7,7,21,15,40,680,166,", KALIGONE",,,Plein jour,En agglomération,Giratoire,Normale,Deux véhicules - côté,,,,,,,,,,,1,2,6,1,3
200700043938,0007-07-16 17:15:00,7,7,16,17,15,690,29,"123, RUE DE LA PAGERE",,,Plein jour,En agglomération,Hors intersection,Normale,Deux véhicules - côté,,,,,,,,,,,1,2,1,1,3
200700043939,0007-07-12 17:40:00,7,7,12,17,40,690,29,RUE DES ROSES,,,Plein jour,En agglomération,Intersection en X,Autre,Deux véhicules - arrière,,,,,,,,,,,1,2,2,9,2
200700043940,0007-07-07 15:20:00,7,7,7,15,20,690,29,"1, AVENUE PIERRE BROSSOL",,,Plein jour,En agglomération,Intersection en X,Normale,Deux véhicules - arrière,,,,,,,,,,,1,2,2,1,2
200700043941,0007-07-17 16:50:00,7,7,17,16,50,690,34,PLACE GUTENBERG,,,Plein jour,En agglomération,Hors intersection,Normale,Autre collision,,,,,,,,,,,1,2,1,1,6
200700043942,0007-07-19 10:30:00,7,7,19,10,30,690,34,RUE PASTEUR,,,Plein jour,En agglomération,Hors intersection,Normale,Autre collision,,,,,,,,,,,1,2,1,1,6
200700043943,0007-07-15 06:55:00,7,7,15,6,55,690,91,", DOCTEUR ROUX (DU) ( R",,,Crépuscule ou aube,Hors agglomération,Hors intersection,Normale,Sans collision,,,,,,,,,,,2,1,1,1,7
200700043944,0007-07-04 20:40:00,7,7,4,20,40,690,91,MARCEL CACHIN ( R ),,,Crépuscule ou aube,En agglomération,Hors intersection,Normale,Deux véhicules - côté,,,,,,,,,,,2,2,1,1,3
200700043945,0007-07-14 17:25:00,7,7,14,17,25,690,149,"38, JEAN JAURES",,,Plein jour,En agglomération,Place,Normale,Autre collision,,,,,,,,,,,1,2,7,1,6
200700043946,0007-07-16 17:30:00,7,7,16,17,30,690,256,"32, EGALITE (DE L')",,,Plein jour,En agglomération,Intersection en X,Normale,Deux véhicules - côté,,,,,,,,,,,1,2,2,1,3
200700043947,0007-07-12 14:40:00,7,7,12,14,40,690,256,GEORGES ROUGE,,,Plein jour,En agglomération,Intersection en X,Normale,Deux véhicules - côté,,,,,,,,,,,1,2,2,1,3
200700043948,0007-07-05 16:10:00,7,7,5,16,10,690,256,POUDRETTE (DE LA),,,Plein jour,En agglomération,Intersection en T,Normale,Deux véhicules - côté,,,,,,,,,,,1,2,3,1,3
200700043949,0007-07-07 16:15:00,7,7,7,16,15,690,256,BALLAND,,,Plein jour,En agglomération,Hors intersection,Normale,Trois véhicules et plus - en chaîne,,,,,,,,,,,1,2,1,1,4
200700043950,0007-07-12 17:00:00,7,7,12,17,0,690,259,"9, AVENUE MARCEL HOUEL",,,Plein jour,En agglomération,Hors intersection,Normale,Autre collision,,,,,,,,,,,1,2,1,1,6
200700043951,0007-07-11 18:45:00,7,7,11,18,45,690,259,"349, ROUTE DE VIENNE",,,Plein jour,En agglomération,Hors intersection,Normale,Deux véhicules - arrière,,,,,,,,,,,1,2,1,1,2
200700043952,0007-07-24 13:10:00,7,7,24,13,10,690,259,"56, BOULEVARD AMBROISE C",,,Plein jour,En agglomération,Hors intersection,Normale,Autre collision,,,,,,,,,,,1,2,1,1,6
200700043953,0007-07-27 07:30:00,7,7,27,7,30,690,259,"136, AVENUE FRANCIS DE P",,,Plein jour,En agglomération,Intersection en T,Normale,Autre collision,,,,,,,,,,,1,2,3,1,6
200700043954,0007-07-30 19:00:00,7,7,30,19,0,690,199,RUE AUGUSTE ET LOUIS LUM,,,Plein jour,En agglomération,Intersection en X,Normale,Deux véhicules - côté,,,,,,,,,,,1,2,2,1,3
200700043955,0007-07-14 14:45:00,7,7,14,14,45,690,13,LONGSARD (ROUTE DE),,,Plein jour,Hors agglomération,Intersection en X,Normale,Deux véhicules - côté,,,,,,,,,,,1,1,2,1,3
200700043956,0007-07-12 18:45:00,7,7,12,18,45,690,264,GUILLERMET  PIERRE  R,,,Plein jour,En agglomération,Hors intersection,Normale,Autre collision,,,,,,,,,,,1,2,1,1,6
200700043957,0007-07-29 21:50:00,7,7,29,21,50,690,264,MARTINI JEAN-BAPTISTE  R,,,Nuit avec éclairage allumé,En agglomération,Intersection en X,Normale,Deux véhicules - côté,,,,,,,,,,,5,2,2,1,3
200700043958,0007-07-04 17:00:00,7,7,4,17,0,690,264,"160, PIAF EDITH  R",,,Plein jour,En agglomération,Hors intersection,Normale,Deux véhicules - frontale,,,,,,,,,,,1,2,1,1,1
200700043959,0007-07-02 22:20:00,7,7,2,22,20,690,266,"1, BOULEVARD DU 11 NOVEM",,,Nuit avec éclairage allumé,En agglomération,Intersection en X,Normale,Deux véhicules - côté,,,,,,,,,,,5,2,2,1,3
200700043960,0007-07-02 12:40:00,7,7,2,12,40,690,266,"38, RUE LOUIS GUERIN",,,Plein jour,En agglomération,Hors intersection,Temps couvert,Sans collision,,,,,,,,,,,1,2,1,8,7