accident_id,datetime,annee,mois,jour,heure,minute,departement,commune_insee,adresse,latitude,longitude,luminosite,agglomeration,intersection,meteo,collision,nb_vehicules,nb_usagers,nb_indemnes,nb_tues,nb_blesses_hosp,nb_blesses_legers,age_cond_1,age_cond_2,veh_type_cond_1,veh_type_cond_2,lum_code,agg_code,int_code,atm_code,col_code
200700043961,0007-07-02 21:30:00,7,7,2,21,30,690,266,"1, RUE MAGENTA",,,Crépuscule ou aube,En agglomération,Intersection en X,Normale,Deux véhicules - côté,,,,,,,,,,,2,2,2,1,3
200700043962,0007-07-04 05:50:00,7,7,4,5,50,690,266,"1, COURS EMILE ZOLA",,,Crépuscule ou aube,En agglomération,Intersection en T,Pluie légère,Deux véhicules - arrière,,,,,,,,,,,2,2,3,2,2
200700043963,0007-07-05 22:30:00,7,7,5,22,30,690,266,"1, COURS ANDRE PHILIP",,,Nuit avec éclairage allumé,En agglomération,Intersection en X,Normale,Deux véhicules - côté,,,,,,,,,,,5,2,2,1,3
200700043964,0007-07-09 07:50:00,7,7,9,7,50,690,266,"1, PONT DE CROIX LUIZET",,,Plein jour,En agglomération,Hors intersection,Pluie légère,Autre collision,,,,,,,,,,,1,2,1,2,6
200700043965,0007-07-10 06:50:00,7,7,10,6,50,690,266,"192, RUE LEON BLUM",,,Plein jour,En agglomération,Hors intersection,Normale,Autre collision,,,,,,,,,,,1,2,1,1,6
200700043966,0007-07-10 08:10:00,7,7,10,8,10,690,266,"1, RUE GALILEE",,,Plein jour,En agglomération,Intersection en T,Pluie légère,Deux véhicules - côté,,,,,,,,,,,1,2,3,2,3
200700043967,0007-07-03 18:40:00,7,7,3,18,40,690,266,COURS EMILE ZOLA,,,Plein jour,En agglomération,Intersection en X,Normale,Deux véhicules - côté,,,,,,,,,,,1,2,2,1,3
200700043968,0007-07-11 16:35:00,7,7,11,16,35,690,266,"1, RUE PAUL VERLAINE",,,Plein jour,En agglomération,Intersection en X,Normale,Autre collision,,,,,,,,,,,1,2,2,1,6
200700043969,0007-07-13 14:15:00,7,7,13,14,15,690,266,"170, COURS EMILE ZOLA",,,Plein jour,En agglomération,Hors intersection,Normale,Autre collision,,,,,,,,,,,1,2,1,1,6
200700043970,0007-07-16 11:15:00,7,7,16,11,15,690,266,"1, AVENUE GALLINE",,,Plein jour,En agglomération,Intersection en X,Normale,Autre collision,,,,,,,,,,,1,2,2,1,6
200700043971,0007-07-18 11:20:00,7,7,18,11,20,690,266,"1, PLACE JULES GRANDCLEM",,,Plein jour,En agglomération,Hors intersection,Normale,Autre collision,,,,,,,,,,,1,2,1,1,6
200700043972,0007-07-19 19:00:00,7,7,19,19,0,690,266,"105, COURS TOLSTOI",,,Plein jour,En agglomération,Hors intersection,Normale,Autre collision,,,,,,,,,,,1,2,1,1,6
200700043973,0007-07-20 14:00:00,7,7,20,14,0,690,266,"18, AVENUE GENERAL LECLE",,,Plein jour,En agglomération,Hors intersection,Pluie légère,Autre collision,,,,,,,,,,,1,2,1,2,6
200700043974,0007-07-12 07:50:00,7,7,12,7,50,690,275,"107, AVENUE JEAN JAURES",,,Plein jour,En agglomération,Hors intersection,Normale,Deux véhicules - arrière,,,,,,,,,,,1,2,1,1,2
200700043975,0007-07-26 17:20:00,7,7,26,17,20,690,275,"170, AVENUE JEAN JAURES",,,Plein jour,En agglomération,Hors intersection,Normale,Autre collision,,,,,,,,,,,1,2,1,1,6
200700043976,0007-07-29 21:25:00,7,7,29,21,25,690,282,AVENUE DES PLANTEES,,,Plein jour,En agglomération,Intersection en X,Normale,Deux véhicules - côté,,,,,,,,,,,1,2,2,1,3
200700043977,0007-07-05 14:00:00,7,7,5,14,0,690,290,ROUTE DE LYON,,,Plein jour,En agglomération,Hors intersection,Normale,Trois véhicules et plus - en chaîne,,,,,,,,,,,1,2,1,1,4
200700043978,0007-07-09 05:04:00,7,7,9,5,4,690,290,ROUTE DE MIONS,,,Crépuscule ou aube,En agglomération,Autre intersection,Pluie légère,Deux véhicules - arrière,,,,,,,,,,,2,2,9,2,2
200700043979,0007-07-15 20:40:00,7,7,15,20,40,690,290,BOULEVARD DES ROSES,,,Crépuscule ou aube,En agglomération,Hors intersection,Vent fort / tempête,Autre collision,,,,,,,,,,,2,2,1,6,6
200700043980,0007-07-23 17:30:00,7,7,23,17,30,690,290,RUE JULES FERRY,,,Plein jour,En agglomération,Intersection en X,Pluie légère,Deux véhicules - côté,,,,,,,,,,,1,2,2,2,3
200700043981,0007-07-30 19:50:00,7,7,30,19,50,690,290,RUE DE L EGALITE,,,Plein jour,En agglomération,Intersection en X,Normale,Deux véhicules - côté,,,,,,,,,,,1,2,2,1,3
200700043982,0007-07-30 18:40:00,7,7,30,18,40,690,290,AVENUE JEAN JAURES,,,Plein jour,En agglomération,Hors intersection,Normale,Autre collision,,,,,,,,,,,1,2,1,1,6
200700043983,0007-07-31 10:15:00,7,7,31,10,15,690,290,RUE DU DAUPHINE,,,Plein jour,En agglomération,Hors intersection,Normale,Deux véhicules - côté,,,,,,,,,,,1,2,1,1,3
200700043984,0007-07-21 14:55:00,7,7,21,14,55,700,261,RN 57,,,Plein jour,Hors agglomération,Hors intersection,Normale,Trois véhicules et plus - collisions multiples,,,,,,,,,,,1,1,1,1,5
200700043985,0007-07-07 23:47:00,7,7,7,23,47,700,378,"1, ROUX (RUE DU DOCTEUR)",,,Nuit avec éclairage allumé,En agglomération,Hors intersection,Normale,Autre collision,,,,,,,,,,,5,2,1,1,6
200700043986,0007-07-23 16:40:00,7,7,23,16,40,700,550,"69, BRIAND (RUE ARISTIDE",,,Plein jour,En agglomération,Hors intersection,Pluie forte,Deux véhicules - côté,,,,,,,,,,,1,2,1,3,3
200700043987,0007-07-02 14:25:00,7,7,2,14,25,710,475,ROUTE NATIONALE 80,,,Plein jour,Hors agglomération,Autre intersection,Normale,Deux véhicules - côté,,,,,,,,,,,1,1,9,1,3
200700043988,0007-07-04 17:10:00,7,7,4,17,10,710,76,"6, SABATIER (RUE PAUL)",,,Plein jour,En agglomération,Intersection en T,Normale,Deux véhicules - côté,,,,,,,,,,,1,2,3,1,3
200700043989,0007-07-06 20:50:00,7,7,6,20,50,710,445,73,,,Plein jour,Hors agglomération,Hors intersection,Normale,Deux véhicules - côté,,,,,,,,,,,1,1,1,1,3
200700043990,0007-07-07 15:50:00,7,7,7,15,50,710,76,HERRIOT (AVENUE EDOUARD),,,Plein jour,En agglomération,Hors intersection,Normale,Autre collision,,,,,,,,,,,1,2,1,1,6
200700043991,0007-07-13 06:20:00,7,7,13,6,20,710,76,"4, ALLENDE (AVENUE SALVA",,,Plein jour,En agglomération,Hors intersection,Normale,Deux véhicules - côté,,,,,,,,,,,1,2,1,1,3
200700043992,0007-07-13 16:40:00,7,7,13,16,40,710,445,GRANDE RUE,,,Plein jour,En agglomération,Autre intersection,Normale,Deux véhicules - côté,,,,,,,,,,,1,2,9,1,3
200700043993,0007-07-31 22:00:00,7,7,31,22,0,710,76,KENNEDY (AVENUE JOHN FIT,,,Nuit avec éclairage allumé,En agglomération,Autre intersection,Normale,Deux véhicules - arrière,,,,,,,,,,,5,2,9,1,2
200700043994,0007-07-03 13:50:00,7,7,3,13,50,710,540,HUIT MAI (AVENUE DU),,,Plein jour,En agglomération,Hors intersection,Pluie forte,Trois véhicules et plus - en chaîne,,,,,,,,,,,1,2,1,3,4
200700043995,0007-07-07 13:40:00,7,7,7,13,40,710,59,R.D 290,,,Plein jour,Hors agglomération,Hors intersection,Normale,Sans collision,,,,,,,,,,,1,1,1,1,7
200700043996,0007-07-09 11:25:00,7,7,9,11,25,710,153,"84, MARECHAL FOCH (RUE)",,,Plein jour,En agglomération,Hors intersection,Pluie légère,Deux véhicules - arrière,,,,,,,,,,,1,2,1,2,2
200700043997,0007-07-10 14:05:00,7,7,10,14,5,710,153,"119, MONTCENIS (ROUTE DE",,,Plein jour,En agglomération,Hors intersection,Pluie légère,Deux véhicules - frontale,,,,,,,,,,,1,2,1,2,1
200700043998,0007-07-11 13:30:00,7,7,11,13,30,710,153,"., ETANG DE LA FORGE (ru",,,Plein jour,En agglomération,Hors intersection,Normale,Deux véhicules - côté,,,,,,,,,,,1,2,1,1,3
200700043999,0007-07-12 15:17:00,7,7,12,15,17,710,153,MARECHAL FOCH (RUE),,,Plein jour,En agglomération,Intersection en X,Normale,Deux véhicules - côté,,,,,,,,,,,1,2,2,1,3
200700044000,0007-07-17 19:15:00,7,7,17,19,15,710,540,Rond-Point du Vieux Saul,,,Plein jour,Hors agglomération,Giratoire,Normale,Deux véhicules - arrière,,,,,,,,,,,1,1,6,1,2
200700044001,0007-07-22 16:35:00,7,7,22,16,35,710,540,"., BOIS DE BRION (CHEMIN",,,Plein jour,En agglomération,Hors intersection,Normale,Autre collision,,,,,,,,,,,1,2,1,1,6
200700044002,0007-07-22 19:00:00,7,7,22,19,0,710,309,"30, COMBE AUX BEAUTES (R",,,Plein jour,En agglomération,Hors intersection,Normale,Autre collision,,,,,,,,,,,1,2,1,1,6
200700044003,0007-07-31 16:05:00,7,7,31,16,5,710,153,"17, ALLEVARD (RUE D')",,,Plein jour,En agglomération,Hors intersection,Normale,Autre collision,,,,,,,,,,,1,2,1,1,6
200700044004,0007-07-01 21:15:00,7,7,1,21,15,710,270,VINGT-HUIT JUIN 1944 (RU,,,Nuit avec éclairage allumé,En agglomération,Autre intersection,Pluie forte,Autre collision,,,,,,,,,,,5,2,9,3,6
200700044005,0007-07-01 05:00:00,7,7,1,5,0,710,270,Carf quai Lamartine/rue,,,Nuit avec éclairage allumé,En agglomération,Intersection en X,Normale,Deux véhicules - côté,,,,,,,,,,,5,2,2,1,3
200700044006,0007-07-02 12:00:00,7,7,2,12,0,710,270,"NR1, EIFFEL (RUE GUSTAVE",,,Plein jour,En agglomération,Hors intersection,Pluie légère,Deux véhicules - côté,,,,,,,,,,,1,2,1,2,3
200700044007,0007-07-06 10:10:00,7,7,6,10,10,710,105,CROIX MADELEINE (CHEMIN,,,Plein jour,Hors agglomération,Intersection en X,Normale,Trois véhicules et plus - collisions multiples,,,,,,,,,,,1,1,2,1,5
200700044008,0007-07-10 21:05:00,7,7,10,21,5,710,270,SANCE (RUE DE),,,Plein jour,En agglomération,Hors intersection,Pluie légère,Deux véhicules - côté,,,,,,,,,,,1,2,1,2,3
200700044009,0007-07-13 07:50:00,7,7,13,7,50,710,105,Rond-point du Caron/Ch.d,,,Plein jour,Hors agglomération,Giratoire,Normale,Deux véhicules - côté,,,,,,,,,,,1,1,6,1,3
200700044010,0007-07-17 13:25:00,7,7,17,13,25,710,270,"332, DUNANT (BOULEVARD H",,,Plein jour,En agglomération,Hors intersection,Normale,Deux véhicules - côté,,,,,,,,,,,1,2,1,1,3
200700044011,0007-07-18 10:25:00,7,7,18,10,25,710,270,LIBERTE (RUE DE LA),,,Plein jour,En agglomération,Intersection en X,Normale,Autre collision,,,,,,,,,,,1,2,2,1,6
200700044012,0007-07-18 15:20:00,7,7,18,15,20,710,105,COUPEE (GRANDE-RUE DE LA,,,Plein jour,En agglomération,Autre intersection,Normale,Autre collision,,,,,,,,,,,1,2,9,1,6
200700044013,0007-07-18 14:30:00,7,7,18,14,30,710,270,MORACHIN (ROUTE DE),,,Plein jour,Hors agglomération,Hors intersection,Pluie légère,Sans collision,,,,,,,,,,,1,1,1,2,7
200700044014,0007-07-18 04:20:00,7,7,18,4,20,710,270,RN79,,,Nuit avec éclairage allumé,Hors agglomération,Hors intersection,Normale,Autre collision,,,,,,,,,,,5,1,1,1,6
200700044015,0007-07-25 05:40:00,7,7,25,5,40,710,270,LATTRE DE TASSIGNY (QUAI,,,Plein jour,En agglomération,Hors intersection,Normale,Autre collision,,,,,,,,,,,1,2,1,1,6
200700044016,0007-07-25 01:25:00,7,7,25,1,25,710,270,LYON (RUE DE),,,Nuit avec éclairage allumé,En agglomération,Hors intersection,Normale,Autre collision,,,,,,,,,,,5,2,1,1,6
200700044017,0007-07-07 05:30:00,7,7,7,5,30,710,40,RN 70 (ROUTE EXPRESS),,,Nuit sans éclairage public,Hors agglomération,Hors intersection,Normale,Deux véhicules - frontale,,,,,,,,,,,3,1,1,1,1
200700044018,0007-07-27 14:10:00,7,7,27,14,10,710,306,"38, VICTOR HUGO (RUE)",,,Plein jour,En agglomération,Hors intersection,Normale,Sans collision,,,,,,,,,,,1,2,1,1,7
200700044019,0007-07-02 00:35:00,7,7,2,0,35,720,181,"75, RHIN ET DANUBE (AV)",,,Nuit avec éclairage allumé,En agglomération,Hors intersection,Normale,Autre collision,,,,,,,,,,,5,2,1,1,6
200700044020,0007-07-02 08:30:00,7,7,2,8,30,720,181,EPERON (PL DE L') N°  2,,,Plein jour,En agglomération,Hors intersection,Normale,Autre collision,,,,,,,,,,,1,2,1,1,6
200700044021,0007-07-02 20:10:00,7,7,2,20,10,720,181,COURBOULAY PAUL (RUE),,,Plein jour,En agglomération,Hors intersection,Normale,Autre collision,,,,,,,,,,,1,2,1,1,6
200700044022,0007-07-03 12:30:00,7,7,3,12,30,720,181,CHATEAUBRIAND (COURS),,,Plein jour,En agglomération,Hors intersection,Normale,Autre collision,,,,,,,,,,,1,2,1,1,6
200700044023,0007-07-03 18:35:00,7,7,3,18,35,720,181,ANGERS (RTE D'),,,Plein jour,Hors agglomération,Hors intersection,Pluie forte,Autre collision,,,,,,,,,,,1,1,1,3,6
200700044024,0007-07-04 00:10:00,7,7,4,0,10,720,181,TOURS (RTE) LIGNE DROITE,,,Nuit avec éclairage allumé,Hors agglomération,Hors intersection,Pluie légère,Deux véhicules - côté,,,,,,,,,,,5,1,1,2,3
200700044025,0007-07-04 13:35:00,7,7,4,13,35,720,181,SAFFRAY ARMAND (RUE) N°,,,Plein jour,En agglomération,Intersection en X,Normale,Deux véhicules - côté,,,,,,,,,,,1,2,2,1,3
200700044026,0007-07-05 10:35:00,7,7,5,10,35,720,181,PREMARTINE (RUE) N° IMP,,,Plein jour,En agglomération,Hors intersection,Normale,Deux véhicules - côté,,,,,,,,,,,1,2,1,1,3
200700044027,0007-07-05 18:20:00,7,7,5,18,20,720,181,"363, GENESLAY FELIX (AV)",,,Plein jour,En agglomération,Hors intersection,Pluie forte,Deux véhicules - arrière,,,,,,,,,,,1,2,1,3,2
200700044028,0007-07-05 19:25:00,7,7,5,19,25,720,181,TRIGER ROBERT (RUE) N° I,,,Plein jour,En agglomération,Hors intersection,Pluie légère,Autre collision,,,,,,,,,,,1,2,1,2,6
200700044029,0007-07-06 11:30:00,7,7,6,11,30,720,181,POINTE (RUE DE LA),,,Plein jour,En agglomération,Hors intersection,Normale,Autre collision,,,,,,,,,,,1,2,1,1,6
200700044030,0007-07-06 12:10:00,7,7,6,12,10,720,181,TIRONNEAU ADRIEN (PL),,,Plein jour,En agglomération,Hors intersection,Normale,Deux véhicules - arrière,,,,,,,,,,,1,2,1,1,2
200700044031,0007-07-06 17:35:00,7,7,6,17,35,720,181,ROUILLON (RUE DE),,,Plein jour,En agglomération,Hors intersection,Normale,Autre collision,,,,,,,,,,,1,2,1,1,6
200700044032,0007-07-06 23:50:00,7,7,6,23,50,720,181,"8, FERBER CAPITAINE (RUE",,,Nuit avec éclairage allumé,En agglomération,Hors intersection,Normale,Autre collision,,,,,,,,,,,5,2,1,1,6
200700044033,0007-07-11 14:15:00,7,7,11,14,15,720,181,"77, LAMARTINE (BD)",,,Plein jour,En agglomération,Hors intersection,Pluie légère,Autre collision,,,,,,,,,,,1,2,1,2,6
200700044034,0007-07-12 14:45:00,7,7,12,14,45,720,181,DEUX FRERES (RUE DES),,,Plein jour,En agglomération,Intersection en X,Normale,Deux véhicules - arrière,,,,,,,,,,,1,2,2,1,2
200700044035,0007-07-13 07:00:00,7,7,13,7,0,720,181,"442, DURAND GEORGES (AV)",,,Plein jour,En agglomération,Hors intersection,Normale,Deux véhicules - arrière,,,,,,,,,,,1,2,1,1,2
200700044036,0007-07-13 12:40:00,7,7,13,12,40,720,181,"170, RHIN ET DANUBE (AV)",,,Plein jour,En agglomération,Hors intersection,Normale,Autre collision,,,,,,,,,,,1,2,1,1,6
200700044037,0007-07-13 16:00:00,7,7,13,16,0,720,181,TOURS (RTE) LIGNE DROITE,,,Plein jour,Hors agglomération,Hors intersection,Normale,Autre collision,,,,,,,,,,,1,1,1,1,6
200700044038,0007-07-14 20:00:00,7,7,14,20,0,720,181,"11, BLUM LEON (RUE) N° I",,,Plein jour,En agglomération,Hors intersection,Normale,Deux véhicules - côté,,,,,,,,,,,1,2,1,1,3
200700044039,0007-07-17 09:25:00,7,7,17,9,25,720,181,"156, BOLLEE (AV) N° PAIR",,,Plein jour,En agglomération,Hors intersection,Normale,Autre collision,,,,,,,,,,,1,2,1,1,6
200700044040,0007-07-18 15:40:00,7,7,18,15,40,720,181,COLLET ROBERT (RUE),,,Plein jour,En agglomération,Hors intersection,Normale,Autre collision,,,,,,,,,,,1,2,1,1,6
200700044041,0007-07-20 00:30:00,7,7,20,0,30,720,181,CHAMPION HENRI (RUE) N°,,,Nuit avec éclairage allumé,En agglomération,Intersection en X,Pluie forte,Deux véhicules - côté,,,,,,,,,,,5,2,2,3,3
200700044042,0007-07-20 17:25:00,7,7,20,17,25,720,181,MOZART (AV),,,Plein jour,En agglomération,Hors intersection,Normale,Sans collision,,,,,,,,,,,1,2,1,1,7
200700044043,0007-07-22 00:10:00,7,7,22,0,10,720,181,KLOTZ HENRI-PIERRE (AV),,,Nuit avec éclairage allumé,En agglomération,Hors intersection,Normale,Autre collision,,,,,,,,,,,5,2,1,1,6
200700044044,0007-07-22 15:00:00,7,7,22,15,0,720,181,"157, DURAND GEORGES (AV)",,,Plein jour,En agglomération,Hors intersection,Normale,Autre collision,,,,,,,,,,,1,2,1,1,6
200700044045,0007-07-23 11:30:00,7,7,23,11,30,720,181,MESSIAEN OLIVIER (AV) IM,,,Plein jour,Hors agglomération,Hors intersection,Pluie forte,Autre collision,,,,,,,,,,,1,1,1,3,6
200700044046,0007-07-24 07:10:00,7,7,24,7,10,720,181,DEMORIEUX IMP DE ROCADE,,,Plein jour,En agglomération,Hors intersection,Normale,Deux véhicules - côté,,,,,,,,,,,1,2,1,1,3
200700044047,0007-07-25 16:00:00,7,7,25,16,0,720,181,"3, GENESLAY FELIX (AV) N",,,Plein jour,En agglomération,Hors intersection,Normale,Autre collision,,,,,,,,,,,1,2,1,1,6
200700044048,0007-07-27 07:30:00,7,7,27,7,30,720,3,RATERIE (RUE DE LA),,,Plein jour,En agglomération,Hors intersection,Normale,Autre collision,,,,,,,,,,,1,2,1,1,6
200700044049,0007-07-27 19:00:00,7,7,27,19,0,720,181,"10, BARBIER (RUE)",,,Plein jour,En agglomération,Hors intersection,Normale,Autre collision,,,,,,,,,,,1,2,1,1,6
200700044050,0007-07-28 16:05:00,7,7,28,16,5,720,181,"261, DURAND GEORGES (AV)",,,Plein jour,En agglomération,Hors intersection,Normale,Autre collision,,,,,,,,,,,1,2,1,1,6
200700044051,0007-07-29 18:10:00,7,7,29,18,10,720,181,MISSION (RUE DE LA),,,Plein jour,En agglomération,Hors intersection,Normale,Deux véhicules - frontale,,,,,,,,,,,1,2,1,1,1
200700044052,0007-07-29 19:40:00,7,7,29,19,40,720,181,EVENTAIL RUE DE L' N° IM,,,Plein jour,En agglomération,Intersection en X,Pluie légère,Deux véhicules - frontale,,,,,,,,,,,1,2,2,2,1
200700044053,0007-07-29 21:20:00,7,7,29,21,20,720,181,PREMIERE DIVISION FRANCA,,,Plein jour,Hors agglomération,Hors intersection,Normale,Deux véhicules - côté,,,,,,,,,,,1,1,1,1,3
200700044054,0007-07-31 15:30:00,7,7,31,15,30,720,181,"187, GAMBETTA IMP 149 ET",,,Plein jour,En agglomération,Hors intersection,Normale,Autre collision,,,,,,,,,,,1,2,1,1,6
200700044055,0007-07-07 16:15:00,7,7,7,16,15,730,8,GRAND PORT (RONDEAU) AVE,,,Plein jour,En agglomération,Hors intersection,Temps éblouissant,Deux véhicules - frontale,,,,,,,,,,,1,2,1,7,1
200700044056,0007-07-18 04:00:00,7,7,18,4,0,730,65,ROPS DANIEL (AVENUE),,,Nuit avec éclairage allumé,En agglomération,Giratoire,Normale,Autre collision,,,,,,,,,,,5,2,6,1,6
200700044057,0007-07-12 17:50:00,7,7,12,17,50,730,87,LYON (ROUTE DE),,,Plein jour,En agglomération,Hors intersection,Normale,Autre collision,,,,,,,,,,,1,2,1,1,6
200700044058,0007-07-03 13:35:00,7,7,3,13,35,740,10,VOGT MUGNIER (DU DOCTEUR,,,Plein jour,En agglomération,Intersection en T,Pluie légère,Autre collision,,,,,,,,,,,1,2,3,2,6
200700044059,0007-07-17 00:19:00,7,7,17,0,19,740,10,"3, LYCEE (BOULEVARD DU)(",,,Nuit avec éclairage allumé,En agglomération,Hors intersection,Normale,Autre collision,,,,,,,,,,,5,2,1,1,6
200700044060,0007-07-17 09:15:00,7,7,17,9,15,740,10,"., JEAN JAURES",,,Plein jour,En agglomération,Hors intersection,Normale,Sans collision,,,,,,,,,,,1,2,1,1,7
200700044061,0007-07-19 04:20:00,7,7,19,4,20,740,10,BROGNY (AVENUE DE) (SECT,,,Nuit avec éclairage allumé,En agglomération,Hors intersection,Normale,Autre collision,,,,,,,,,,,5,2,1,1,6
200700044062,0007-07-24 17:45:00,7,7,24,17,45,740,10,"60, GENEVE (AVENUE DE)(S",,,Plein jour,En agglomération,Hors intersection,Normale,Autre collision,,,,,,,,,,,1,2,1,1,6
200700044063,0007-07-25 11:14:00,7,7,25,11,14,740,10,ANNEXION,,,Plein jour,En agglomération,Intersection en X,Normale,Autre collision,,,,,,,,,,,1,2,2,1,6
200700044064,0007-07-26 22:13:00,7,7,26,22,13,740,10,LUCIEN BOSCHETTI,,,Nuit avec éclairage allumé,En agglomération,Intersection en Y,Normale,Deux véhicules - côté,,,,,,,,,,,5,2,4,1,3
200700044065,0007-07-12 19:40:00,7,7,12,19,40,740,133,PORTE DE FRANCE (PLACE),,,Plein jour,En agglomération,Hors intersection,Normale,Autre collision,,,,,,,,,,,1,2,1,1,6
200700044066,0007-07-11 22:00:00,7,7,11,22,0,740,12,LEMAN (AVENUE DU),,,Nuit avec éclairage allumé,En agglomération,Hors intersection,Normale,Deux véhicules - côté,,,,,,,,,,,5,2,1,1,3
200700044067,0007-07-07 18:40:00,7,7,7,18,40,740,12,BEULET (RUE DU),,,Plein jour,En agglomération,Intersection en X,Normale,Deux véhicules - côté,,,,,,,,,,,1,2,2,1,3
200700044068,0007-07-16 18:55:00,7,7,16,18,55,740,12,COQUAND (RUE DU DOCTEUR),,,Plein jour,En agglomération,Hors intersection,Normale,Autre collision,,,,,,,,,,,1,2,1,1,6
200700044069,0007-07-12 08:05:00,7,7,12,8,5,740,12,THONON (ROUTE DE),,,Plein jour,En agglomération,Hors intersection,Normale,Deux véhicules - arrière,,,,,,,,,,,1,2,1,1,2
200700044070,0007-07-13 07:50:00,7,7,13,7,50,740,12,BONNEVILLE (ROUTE DE),,,Plein jour,En agglomération,Hors intersection,Normale,Deux véhicules - côté,,,,,,,,,,,1,2,1,1,3
200700044071,0007-07-13 18:05:00,7,7,13,18,5,740,12,THONON (ROUTE DE),,,Plein jour,En agglomération,Hors intersection,Normale,Deux véhicules - côté,,,,,,,,,,,1,2,1,1,3
200700044072,0007-07-29 08:00:00,7,7,29,8,0,740,12,THONON (ROUTE DE),,,Plein jour,Hors agglomération,Hors intersection,Normale,Deux véhicules - côté,,,,,,,,,,,1,1,1,1,3
200700044073,0007-07-26 09:30:00,7,7,26,9,30,740,133,VALLARD (RUE DE),,,Plein jour,En agglomération,Hors intersection,Normale,Deux véhicules - côté,,,,,,,,,,,1,2,1,1,3
200700044074,0007-07-16 13:45:00,7,7,16,13,45,740,133,LIBERATION (RUE DE LA),,,Plein jour,En agglomération,Hors intersection,Normale,Deux véhicules - côté,,,,,,,,,,,1,2,1,1,3
200700044075,0007-07-16 14:50:00,7,7,16,14,50,740,281,THUYSET (AVENUE DE),,,Plein jour,En agglomération,Hors intersection,Normale,Deux véhicules - côté,,,,,,,,,,,1,2,1,1,3
200700044076,0007-07-13 19:45:00,7,7,13,19,45,740,281,PRES VERTS (AVENUE DES),,,Plein jour,En agglomération,Hors intersection,Normale,Deux véhicules - côté,,,,,,,,,,,1,2,1,1,3
200700044077,0007-07-16 21:55:00,7,7,16,21,55,740,200,GALLIA (AVENUE DU),,,Nuit avec éclairage allumé,En agglomération,Giratoire,Normale,Autre collision,,,,,,,,,,,5,2,6,1,6
200700044078,0007-07-09 10:30:00,7,7,9,10,30,760,114,THIERS (RUE),,,Plein jour,En agglomération,Hors intersection,Normale,Autre collision,,,,,,,,,,,1,2,1,1,6
200700044079,0007-07-12 19:20:00,7,7,12,19,20,760,114,"33, DAMBOISE ALCIDE (RUE",,,Plein jour,En agglomération,Hors intersection,Pluie légère,Deux véhicules - frontale,,,,,,,,,,,1,2,1,2,1
200700044080,0007-07-13 17:22:00,7,7,13,17,22,760,114,DEBRAY  LOUIS (AVENUE),,,Plein jour,Hors agglomération,Hors intersection,Normale,Deux véhicules - arrière,,,,,,,,,,,1,1,1,1,2
200700044081,0007-07-16 17:05:00,7,7,16,17,5,760,382,"563, RN 15",,,Plein jour,Hors agglomération,Hors intersection,Normale,Deux véhicules - arrière,,,,,,,,,,,1,1,1,1,2
200700044082,0007-07-02 10:05:00,7,7,2,10,5,760,26,RD 54,,,Plein jour,Hors agglomération,Autre intersection,Normale,Deux véhicules - arrière,,,,,,,,,,,1,1,9,1,2
200700044083,0007-07-06 21:10:00,7,7,6,21,10,760,217,RD 925,,,Crépuscule ou aube,En agglomération,Hors intersection,Normale,Deux véhicules - côté,,,,,,,,,,,2,2,1,1,3
200700044084,0007-07-07 17:20:00,7,7,7,17,20,760,217,"1, Passage de Vancouver",,,Plein jour,Hors agglomération,Hors intersection,Normale,Deux véhicules - frontale,,,,,,,,,,,1,1,1,1,1
200700044085,0007-07-17 08:45:00,7,7,17,8,45,760,414,D 485,,,Plein jour,Hors agglomération,Giratoire,Normale,Sans collision,,,,,,,,,,,1,1,6,1,7
200700044086,0007-07-26 23:20:00,7,7,26,23,20,760,217,RD 925,,,Nuit avec éclairage allumé,En agglomération,Hors intersection,Pluie légère,Autre collision,,,,,,,,,,,5,2,1,2,6
200700044087,0007-07-30 19:36:00,7,7,30,19,36,760,178,"145, BEDANNE. RUE DE",,,Plein jour,En agglomération,Hors intersection,Normale,Autre collision,,,,,,,,,,,1,2,1,1,6
200700044088,0007-07-04 00:55:00,7,7,4,0,55,760,351,LUCIEN CORBEAUX (AVENUE),,,Nuit avec éclairage allumé,En agglomération,Hors intersection,Normale,Sans collision,,,,,,,,,,,5,2,1,1,7
200700044089,0007-07-05 15:00:00,7,7,5,15,0,760,351,WINSTON CHURCHILL,,,Plein jour,En agglomération,Hors intersection,Normale,Autre collision,,,,,,,,,,,1,2,1,1,6
200700044090,0007-07-09 08:20:00,7,7,9,8,20,760,351,"120, TROIS CENT VINGT NE",,,Plein jour,En agglomération,Hors intersection,Normale,Autre collision,,,,,,,,,,,1,2,1,1,6
200700044091,0007-07-13 09:55:00,7,7,13,9,55,760,351,"470, IRENE JOLIOT CURIE",,,Plein jour,En agglomération,Hors intersection,Normale,Deux véhicules - frontale,,,,,,,,,,,1,2,1,1,1
200700044092,0007-07-29 16:50:00,7,7,29,16,50,760,481,"1, RD 147",,,Plein jour,Hors agglomération,Hors intersection,Normale,Autre collision,,,,,,,,,,,1,1,1,1,6
200700044093,0007-07-30 19:10:00,7,7,30,19,10,760,351,"337, JEAN JAURES (AVENUE",,,Plein jour,En agglomération,Hors intersection,Normale,Deux véhicules - côté,,,,,,,,,,,1,2,1,1,3
200700044094,0007-07-31 12:45:00,7,7,31,12,45,760,305,CANAL BOSSIERE (ROUTE DU,,,Plein jour,Hors agglomération,Hors intersection,Normale,Deux véhicules - côté,,,,,,,,,,,1,1,1,1,3