accident_id,datetime,annee,mois,jour,heure,minute,departement,commune_insee,adresse,latitude,longitude,luminosite,agglomeration,intersection,meteo,collision,nb_vehicules,nb_usagers,nb_indemnes,nb_tues,nb_blesses_hosp,nb_blesses_legers,age_cond_1,age_cond_2,veh_type_cond_1,veh_type_cond_2,lum_code,agg_code,int_code,atm_code,col_code
200700044362,0007-07-09 10:10:00,7,7,9,10,10,830,137,"391, HUBA (CHEMIN DE 1 A",,,Plein jour,Hors agglomération,Hors intersection,Normale,Deux véhicules - arrière,,,,,,,,,,,1,1,1,1,2
200700044363,0007-07-10 10:45:00,7,7,10,10,45,830,137,"1800, GASQUET (AVE JOSEP",,,Plein jour,En agglomération,Intersection en T,Normale,Sans collision,,,,,,,,,,,1,2,3,1,7
200700044364,0007-07-08 17:30:00,7,7,8,17,30,830,137,VAL DAIGUE (CHEMIN DU),,,Plein jour,En agglomération,Intersection en T,Normale,Deux véhicules - côté,,,,,,,,,,,1,2,3,1,3
200700044365,0007-07-17 14:30:00,7,7,17,14,30,830,137,"7, STRASBOURG (BD DE )",,,Plein jour,En agglomération,Hors intersection,Normale,Autre collision,,,,,,,,,,,1,2,1,1,6
200700044366,0007-07-18 02:00:00,7,7,18,2,0,830,137,PICOT (AVE DU COLONEL),,,Nuit avec éclairage allumé,En agglomération,Hors intersection,Normale,Deux véhicules - arrière,,,,,,,,,,,5,2,1,1,2
200700044367,0007-07-19 12:45:00,7,7,19,12,45,830,137,"660, MEUNIERS (AVE DES)",,,Plein jour,En agglomération,Hors intersection,Normale,Autre collision,,,,,,,,,,,1,2,1,1,6
200700044368,0007-07-16 09:15:00,7,7,16,9,15,830,90,SEYNE (ROUTE DE LA),,,Plein jour,En agglomération,Hors intersection,Normale,Deux véhicules - arrière,,,,,,,,,,,1,2,1,1,2
200700044369,0007-07-20 19:30:00,7,7,20,19,30,830,137,BRIAND (AVE ARISTIDE DE,,,Plein jour,En agglomération,Hors intersection,Normale,Deux véhicules - côté,,,,,,,,,,,1,2,1,1,3
200700044370,0007-07-24 18:35:00,7,7,24,18,35,830,137,ROOSEVELT (AVE FRANKLIN),,,Plein jour,En agglomération,Hors intersection,Normale,Deux véhicules - arrière,,,,,,,,,,,1,2,1,1,2
200700044371,0007-07-23 13:12:00,7,7,23,13,12,830,137,ESCAILLON (BD DE L'),,,Plein jour,Hors agglomération,Hors intersection,Normale,Deux véhicules - côté,,,,,,,,,,,1,1,1,1,3
200700044372,0007-07-05 14:32:00,7,7,5,14,32,830,90,"2391, MONNET (AVE JEAN)",,,Plein jour,En agglomération,Hors intersection,Normale,Autre collision,,,,,,,,,,,1,2,1,1,6
200700044373,0007-07-24 14:15:00,7,7,24,14,15,830,137,BRIAND (AVE ARISTIDE DE,,,Plein jour,En agglomération,Hors intersection,Vent fort / tempête,Deux véhicules - côté,,,,,,,,,,,1,2,1,6,3
200700044374,0007-07-24 07:50:00,7,7,24,7,50,830,144,LAVOISIER (AVE / IMP),,,Plein jour,En agglomération,Hors intersection,Normale,Deux véhicules - côté,,,,,,,,,,,1,2,1,1,3
200700044375,0007-07-24 11:50:00,7,7,24,11,50,830,137,"470, VALETTE (CHEMIN ANC",,,Plein jour,En agglomération,Hors intersection,Normale,Deux véhicules - côté,,,,,,,,,,,1,2,1,1,3
200700044376,0007-07-23 22:55:00,7,7,23,22,55,830,137,"1341, RESISTANCE (AVE /",,,Nuit avec éclairage allumé,En agglomération,Hors intersection,Normale,Deux véhicules - arrière,,,,,,,,,,,5,2,1,1,2
200700044377,0007-07-29 14:45:00,7,7,29,14,45,830,137,"92, JOFFRE (BD MARECHAL)",,,Plein jour,En agglomération,Hors intersection,Normale,Deux véhicules - arrière,,,,,,,,,,,1,2,1,1,2
200700044378,0007-07-30 23:45:00,7,7,30,23,45,830,137,BRIAND (AVE ARISTIDE DE,,,Nuit avec éclairage allumé,En agglomération,Intersection en X,Normale,Deux véhicules - côté,,,,,,,,,,,5,2,2,1,3
200700044379,0007-07-23 18:55:00,7,7,23,18,55,830,137,JUIN (AVE ALPHONSE),,,Plein jour,Hors agglomération,Hors intersection,Normale,Deux véhicules - arrière,,,,,,,,,,,1,1,1,1,2
200700044380,0007-07-31 14:20:00,7,7,31,14,20,830,137,"409, HERRIOT (AVE EDOUAR",,,Plein jour,En agglomération,Hors intersection,Normale,Deux véhicules - arrière,,,,,,,,,,,1,2,1,1,2
200700044381,0007-07-23 13:50:00,7,7,23,13,50,830,137,CUZIN (AVE FRANCOIS),,,Plein jour,En agglomération,Intersection en T,Normale,Trois véhicules et plus - collisions multiples,,,,,,,,,,,1,2,3,1,5
200700044382,0007-07-28 23:45:00,7,7,28,23,45,830,98,DE LATTRE (BD DE TASSIGN,,,Nuit avec éclairage allumé,En agglomération,Hors intersection,Normale,Autre collision,,,,,,,,,,,5,2,1,1,6
200700044383,0007-07-16 16:15:00,7,7,16,16,15,830,62,"923, DRAGUIGNAN (AVENUE",,,Plein jour,En agglomération,Hors intersection,Normale,Trois véhicules et plus - en chaîne,,,,,,,,,,,1,2,1,1,4
200700044384,0007-07-13 10:55:00,7,7,13,10,55,830,90,MOZART (RUE W. AMADEUS),,,Plein jour,Hors agglomération,Hors intersection,Normale,Deux véhicules - frontale,,,,,,,,,,,1,1,1,1,1
200700044385,0007-07-03 19:25:00,7,7,3,19,25,830,137,CLEMENCEAU (BD GEORGES),,,Plein jour,En agglomération,Intersection en X,Normale,Deux véhicules - côté,,,,,,,,,,,1,2,2,1,3
200700044386,0007-07-26 11:40:00,7,7,26,11,40,830,90,MISTRAL (AVE FREDERIC),,,Plein jour,En agglomération,Hors intersection,Temps éblouissant,Autre collision,,,,,,,,,,,1,2,1,7,6
200700044387,0007-07-02 12:45:00,7,7,2,12,45,840,7,"35, PIERRE SEMARD (avenu",,,Plein jour,En agglomération,Hors intersection,Normale,Trois véhicules et plus - en chaîne,,,,,,,,,,,1,2,1,1,4
200700044388,0007-07-02 15:40:00,7,7,2,15,40,840,7,DOCTEUR PONS (Route tour,,,Plein jour,Hors agglomération,Hors intersection,Normale,Trois véhicules et plus - en chaîne,,,,,,,,,,,1,1,1,1,4
200700044389,0007-07-02 18:25:00,7,7,2,18,25,840,7,SALENGRO (Boulevard Roge,,,Plein jour,En agglomération,Intersection en T,Normale,Deux véhicules - côté,,,,,,,,,,,1,2,3,1,3
200700044390,0007-07-04 20:55:00,7,7,4,20,55,840,7,PIERRE SEMARD (avenue),,,Plein jour,En agglomération,Hors intersection,Normale,Deux véhicules - côté,,,,,,,,,,,1,2,1,1,3
200700044391,0007-07-05 09:10:00,7,7,5,9,10,840,7,FELONS (Chemin des),,,Plein jour,En agglomération,Autre intersection,Normale,Deux véhicules - côté,,,,,,,,,,,1,2,9,1,3
200700044392,0007-07-05 12:30:00,7,7,5,12,30,840,7,FONTCOUVERTE(Avenue de),,,Plein jour,En agglomération,Hors intersection,Normale,Deux véhicules - côté,,,,,,,,,,,1,2,1,1,3
200700044393,0007-07-06 15:30:00,7,7,6,15,30,840,7,PIERRE SEMARD (avenue),,,Plein jour,En agglomération,Intersection en T,Normale,Deux véhicules - côté,,,,,,,,,,,1,2,3,1,3
200700044394,0007-07-10 19:20:00,7,7,10,19,20,840,7,TARASCON,,,Plein jour,En agglomération,Hors intersection,Normale,Autre collision,,,,,,,,,,,1,2,1,1,6
200700044395,0007-07-11 17:25:00,7,7,11,17,25,840,7,SOUSPIROUS (Avenue des ),,,Plein jour,Hors agglomération,Hors intersection,Normale,Deux véhicules - arrière,,,,,,,,,,,1,1,1,1,2
200700044396,0007-07-12 01:55:00,7,7,12,1,55,840,7,OULLE (Allées de l'),,,Nuit avec éclairage allumé,En agglomération,Hors intersection,Normale,Autre collision,,,,,,,,,,,5,2,1,1,6
200700044397,0007-07-17 11:50:00,7,7,17,11,50,840,7,C.De GAULLE (Rocade),,,Plein jour,En agglomération,Hors intersection,Normale,Deux véhicules - arrière,,,,,,,,,,,1,2,1,1,2
200700044398,0007-07-14 03:30:00,7,7,14,3,30,840,7,PIERRE SEMARD (avenue),,,Nuit avec éclairage allumé,En agglomération,Hors intersection,Normale,Sans collision,,,,,,,,,,,5,2,1,1,7
200700044399,0007-07-16 07:55:00,7,7,16,7,55,840,7,LIMBERT (Boulevard),,,Plein jour,En agglomération,Autre intersection,Normale,Trois véhicules et plus - collisions multiples,,,,,,,,,,,1,2,9,1,5
200700044400,0007-07-17 21:05:00,7,7,17,21,5,840,7,"3, PENISCOLA  (rue de)",,,Plein jour,En agglomération,Hors intersection,Normale,Autre collision,,,,,,,,,,,1,2,1,1,6
200700044401,0007-07-21 11:00:00,7,7,21,11,0,840,7,"61, PIERRE SEMARD (avenu",,,Plein jour,En agglomération,Hors intersection,Normale,Trois véhicules et plus - en chaîne,,,,,,,,,,,1,2,1,1,4
200700044402,0007-07-18 02:15:00,7,7,18,2,15,840,7,MORIERES (Route de ),,,Nuit sans éclairage public,Hors agglomération,Autre intersection,Normale,Autre collision,,,,,,,,,,,3,1,9,1,6
200700044403,0007-07-22 09:30:00,7,7,22,9,30,840,7,CHEMIN DE LOPY,,,Plein jour,En agglomération,Intersection en T,Normale,Deux véhicules - côté,,,,,,,,,,,1,2,3,1,3
200700044404,0007-07-25 21:50:00,7,7,25,21,50,840,7,"6, LIMBERT (Boulevard)",,,Crépuscule ou aube,En agglomération,Hors intersection,Normale,Deux véhicules - côté,,,,,,,,,,,2,2,1,1,3
200700044405,0007-07-30 12:15:00,7,7,30,12,15,840,7,MORIERES (Route de ),,,Plein jour,En agglomération,Hors intersection,Normale,Sans collision,,,,,,,,,,,1,2,1,1,7
200700044406,0007-07-31 01:30:00,7,7,31,1,30,840,7,PIERRE SEMARD (avenue),,,Nuit avec éclairage allumé,Hors agglomération,Autre intersection,Normale,Autre collision,,,,,,,,,,,5,1,9,1,6
200700044407,0007-07-08 23:30:00,7,7,8,23,30,840,80,"1341, LORIOL ROUTE DE",,,Nuit sans éclairage public,Hors agglomération,Hors intersection,Pluie légère,Autre collision,,,,,,,,,,,3,1,1,2,6
200700044408,0007-07-10 08:50:00,7,7,10,8,50,840,35,"84, PERI (AVENUE GABRIEL",,,Plein jour,En agglomération,Hors intersection,Normale,Deux véhicules - arrière,,,,,,,,,,,1,2,1,1,2
200700044409,0007-07-18 17:40:00,7,7,18,17,40,840,35,"000, BOSCODOMINI (AVENUE",,,Plein jour,Hors agglomération,Hors intersection,Normale,Deux véhicules - côté,,,,,,,,,,,1,1,1,1,3
200700044410,0007-07-18 20:10:00,7,7,18,20,10,840,35,CONDAMINES (FAUBOURG DES,,,Plein jour,En agglomération,Hors intersection,Normale,Deux véhicules - côté,,,,,,,,,,,1,2,1,1,3
200700044411,0007-07-19 18:25:00,7,7,19,18,25,840,35,ISLE/SORGUE (AVENUE DE L,,,Plein jour,Hors agglomération,Hors intersection,Normale,Deux véhicules - côté,,,,,,,,,,,1,1,1,1,3
200700044412,0007-07-28 05:45:00,7,7,28,5,45,840,89,", MALESPINES (CHEMIN DE)",,,Nuit sans éclairage public,Hors agglomération,Intersection en T,Normale,Autre collision,,,,,,,,,,,3,1,3,1,6
200700044413,0007-07-03 11:30:00,7,7,3,11,30,850,191,"26, BRANLY BOULEVARD EDO",,,Plein jour,En agglomération,Intersection en T,Pluie légère,Deux véhicules - côté,,,,,,,,,,,1,2,3,2,3
200700044414,0007-07-05 08:45:00,7,7,5,8,45,850,191,"1, PALISSY ROND-POINT BE",,,Plein jour,En agglomération,Giratoire,Temps couvert,Deux véhicules - côté,,,,,,,,,,,1,2,6,8,3
200700044415,0007-07-10 17:30:00,7,7,10,17,30,850,191,"aucun, RD 37",,,Plein jour,En agglomération,Intersection en T,Normale,Deux véhicules - côté,,,,,,,,,,,1,2,3,1,3
200700044416,0007-07-13 11:25:00,7,7,13,11,25,850,191,DUCHESNE-DE-DENANT RUE,,,Plein jour,En agglomération,Intersection en T,Normale,Deux véhicules - côté,,,,,,,,,,,1,2,3,1,3
200700044417,0007-07-25 18:40:00,7,7,25,18,40,850,191,"9, BELGES BOULEVARD DES",,,Plein jour,En agglomération,Hors intersection,Normale,Autre collision,,,,,,,,,,,1,2,1,1,6
200700044418,0007-07-27 10:20:00,7,7,27,10,20,850,191,"0, SALENGRO RUE ROGER S.",,,Plein jour,En agglomération,Intersection en X,Normale,Trois véhicules et plus - collisions multiples,,,,,,,,,,,1,2,2,1,5
200700044419,0007-07-31 09:20:00,7,7,31,9,20,850,191,"62, NEY RUE DU MARECHAL",,,Plein jour,En agglomération,Hors intersection,Normale,Deux véhicules - arrière,,,,,,,,,,,1,2,1,1,2
200700044420,0007-07-03 19:15:00,7,7,3,19,15,850,194,ROUSSEAU-MECHIN (QUAI),,,Plein jour,En agglomération,Intersection en X,Normale,Deux véhicules - côté,,,,,,,,,,,1,2,2,1,3
200700044421,0007-07-06 19:15:00,7,7,6,19,15,850,194,VOYER (RUE OCTAVE),,,Plein jour,En agglomération,Giratoire,Normale,Deux véhicules - frontale,,,,,,,,,,,1,2,6,1,1
200700044422,0007-07-07 01:40:00,7,7,7,1,40,850,194,PAS DU BOIS 'AVENUE DU),,,Nuit avec éclairage allumé,En agglomération,Hors intersection,Normale,Sans collision,,,,,,,,,,,5,2,1,1,7
200700044423,0007-07-07 13:40:00,7,7,7,13,40,850,194,NENUPHARS (RUE DES),,,Plein jour,En agglomération,Intersection en X,Normale,Deux véhicules - côté,,,,,,,,,,,1,2,2,1,3
200700044424,0007-07-07 14:20:00,7,7,7,14,20,850,194,ROULIERS (RUE DES),,,Plein jour,En agglomération,Hors intersection,Normale,Sans collision,,,,,,,,,,,1,2,1,1,7
200700044425,0007-07-07 02:30:00,7,7,7,2,30,850,194,"42 bis, CHARCOT (RUE DOC",,,Nuit avec éclairage allumé,En agglomération,Hors intersection,Normale,Autre collision,,,,,,,,,,,5,2,1,1,6
200700044426,0007-07-04 17:45:00,7,7,4,17,45,850,194,RHIN ET DANUBE (AVENUE),,,Plein jour,En agglomération,Hors intersection,Vent fort / tempête,Autre collision,,,,,,,,,,,1,2,1,6,6
200700044427,0007-07-10 18:20:00,7,7,10,18,20,850,194,MARAICHERS (ROUTE DES),,,Plein jour,En agglomération,Hors intersection,Normale,Deux véhicules - arrière,,,,,,,,,,,1,2,1,1,2
200700044428,0007-07-13 19:10:00,7,7,13,19,10,850,194,", GAULLE (RUE CHARLES DE",,,Plein jour,En agglomération,Hors intersection,Normale,Trois véhicules et plus - collisions multiples,,,,,,,,,,,1,2,1,1,5
200700044429,0007-07-09 07:55:00,7,7,9,7,55,850,194,GAULLE (RUE CHARLES DE),,,Plein jour,En agglomération,Hors intersection,Normale,Deux véhicules - côté,,,,,,,,,,,1,2,1,1,3
200700044430,0007-07-12 18:30:00,7,7,12,18,30,850,194,CAYOLA (PROMENADE DE),,,Plein jour,En agglomération,Hors intersection,Normale,Sans collision,,,,,,,,,,,1,2,1,1,7
200700044431,0007-07-21 00:40:00,7,7,21,0,40,850,194,TALMONT (AVENUE DE),,,Nuit avec éclairage allumé,En agglomération,Hors intersection,Normale,Deux véhicules - arrière,,,,,,,,,,,5,2,1,1,2
200700044432,0007-07-23 19:45:00,7,7,23,19,45,850,194,"1, GARNIER (QUAI EMMANUE",,,Plein jour,En agglomération,Hors intersection,Normale,Autre collision,,,,,,,,,,,1,2,1,1,6
200700044433,0007-07-11 02:30:00,7,7,11,2,30,860,66,"3, ROOSEVELT (AVENUE DU",,,Nuit avec éclairage non allumé,En agglomération,Hors intersection,Normale,Sans collision,,,,,,,,,,,4,2,1,1,7
200700044434,0007-07-20 07:30:00,7,7,20,7,30,860,66,", DE LATTRE DE TASSIGNY",,,Plein jour,En agglomération,Intersection en T,Normale,Deux véhicules - côté,,,,,,,,,,,1,2,3,1,3
200700044435,0007-07-03 21:25:00,7,7,3,21,25,860,157,RD.951,,,Crépuscule ou aube,Hors agglomération,Hors intersection,Normale,Sans collision,,,,,,,,,,,2,1,1,1,7
200700044436,0007-07-05 08:00:00,7,7,5,8,0,860,194,RN 147,,,Plein jour,Hors agglomération,Hors intersection,Normale,Deux véhicules - arrière,,,,,,,,,,,1,1,1,1,2
200700044437,0007-07-08 05:10:00,7,7,8,5,10,860,194,"123, JEAN MERMOZ (RUE)",,,Nuit avec éclairage allumé,En agglomération,Hors intersection,Normale,Autre collision,,,,,,,,,,,5,2,1,1,6
200700044438,0007-07-12 17:00:00,7,7,12,17,0,860,194,"360, JACQUES COEUR (AVEN",,,Plein jour,En agglomération,Hors intersection,Normale,Autre collision,,,,,,,,,,,1,2,1,1,6
200700044439,0007-07-13 18:50:00,7,7,13,18,50,860,214,GENCAY (ROUTE DE),,,Plein jour,Hors agglomération,Hors intersection,Normale,Trois véhicules et plus - collisions multiples,,,,,,,,,,,1,1,1,1,5
200700044440,0007-07-16 13:25:00,7,7,16,13,25,860,194,JOHN KENNEDY (AVENUE),,,Plein jour,En agglomération,Intersection en T,Pluie légère,Deux véhicules - côté,,,,,,,,,,,1,2,3,2,3
200700044441,0007-07-18 21:15:00,7,7,18,21,15,860,214,"., HAMEAU DU CHERPE (RUE",,,Plein jour,En agglomération,Intersection en X,Normale,Deux véhicules - frontale,,,,,,,,,,,1,2,2,1,1
200700044442,0007-07-19 08:30:00,7,7,19,8,30,860,194,"158, LIBERATION (AVENUE",,,Plein jour,En agglomération,Hors intersection,Normale,Autre collision,,,,,,,,,,,1,2,1,1,6
200700044443,0007-07-19 11:45:00,7,7,19,11,45,860,194,"33-35, ANATOLE FRANCE (B",,,Plein jour,En agglomération,Hors intersection,Normale,Trois véhicules et plus - en chaîne,,,,,,,,,,,1,2,1,1,4
200700044444,0007-07-19 20:45:00,7,7,19,20,45,860,194,JACQUES COEUR (AVENUE),,,Plein jour,En agglomération,Intersection en X,Normale,Deux véhicules - côté,,,,,,,,,,,1,2,2,1,3
200700044445,0007-07-20 23:15:00,7,7,20,23,15,860,194,"42, LIBERATION (AVENUE D",,,Nuit avec éclairage allumé,En agglomération,Hors intersection,Normale,Deux véhicules - côté,,,,,,,,,,,5,2,1,1,3
200700044446,0007-07-22 10:00:00,7,7,22,10,0,860,194,"274, NANTES (AVENUE DE)",,,Plein jour,En agglomération,Hors intersection,Normale,Deux véhicules - arrière,,,,,,,,,,,1,2,1,1,2
200700044447,0007-07-26 18:05:00,7,7,26,18,5,860,194,"9, NIMEGUE (RUE DE)",,,Plein jour,En agglomération,Hors intersection,Normale,Autre collision,,,,,,,,,,,1,2,1,1,6
200700044448,0007-07-28 09:35:00,7,7,28,9,35,860,194,ROCADE OUEST (RN10),,,Plein jour,En agglomération,Intersection en X,Normale,Deux véhicules - côté,,,,,,,,,,,1,2,2,1,3
200700044449,0007-07-29 01:10:00,7,7,29,1,10,860,194,STADE (ROND POINT DU),,,Nuit avec éclairage allumé,En agglomération,Hors intersection,Normale,Deux véhicules - arrière,,,,,,,,,,,5,2,1,1,2
200700044450,0007-07-02 06:01:00,7,7,2,6,1,870,85,"288, N141",,,Plein jour,En agglomération,Hors intersection,Pluie légère,Trois véhicules et plus - en chaîne,,,,,,,,,,,1,2,1,2,4
200700044451,0007-07-02 17:47:00,7,7,2,17,47,870,85,"5, JAURES (RUE JEAN)",,,Plein jour,En agglomération,Hors intersection,Normale,Sans collision,,,,,,,,,,,1,2,1,1,7
200700044452,0007-07-02 17:07:00,7,7,2,17,7,870,85,"55/57, DUMONT (RUE HENRI",,,Plein jour,En agglomération,Hors intersection,Normale,Deux véhicules - frontale,,,,,,,,,,,1,2,1,1,1
200700044453,0007-07-03 04:04:00,7,7,3,4,4,870,85,"32, PERRIN (RUE FRANCOIS",,,Nuit avec éclairage allumé,En agglomération,Hors intersection,Normale,Autre collision,,,,,,,,,,,5,2,1,1,6
200700044454,0007-07-03 12:05:00,7,7,3,12,5,870,113,"69, GIRAUDOUX (AVENUE JE",,,Plein jour,En agglomération,Giratoire,Pluie légère,Autre collision,,,,,,,,,,,1,2,6,2,6
200700044455,0007-07-03 13:17:00,7,7,3,13,17,870,85,MAS-GIGOU (RUE DU),,,Plein jour,En agglomération,Hors intersection,Pluie forte,Sans collision,,,,,,,,,,,1,2,1,3,7
200700044456,0007-07-03 14:50:00,7,7,3,14,50,870,75,"12, RD79",,,Plein jour,En agglomération,Hors intersection,Pluie légère,Deux véhicules - côté,,,,,,,,,,,1,2,1,2,3
200700044457,0007-07-03 17:24:00,7,7,3,17,24,870,75,RD79,,,Plein jour,En agglomération,Hors intersection,Pluie forte,Deux véhicules - arrière,,,,,,,,,,,1,2,1,3,2
200700044458,0007-07-03 18:23:00,7,7,3,18,23,870,85,AUTOROUTE A20,,,Plein jour,Hors agglomération,Hors intersection,Pluie forte,Autre collision,,,,,,,,,,,1,1,1,3,6
200700044459,0007-07-04 08:03:00,7,7,4,8,3,870,113,ANGUERNAUD,,,Plein jour,Hors agglomération,Hors intersection,Pluie forte,Autre collision,,,,,,,,,,,1,1,1,3,6
200700044460,0007-07-04 12:08:00,7,7,4,12,8,870,85,SAGNES (RUE DES),,,Plein jour,En agglomération,Intersection en T,Normale,Autre collision,,,,,,,,,,,1,2,3,1,6
200700044461,0007-07-04 13:34:00,7,7,4,13,34,870,85,"90, REVOLUTION (AVENUE D",,,Plein jour,En agglomération,Intersection en X,Normale,Deux véhicules - côté,,,,,,,,,,,1,2,2,1,3
200700044462,0007-07-05 18:35:00,7,7,5,18,35,870,85,"38, CERCLER (RUE DU)",,,Plein jour,En agglomération,Hors intersection,Normale,Autre collision,,,,,,,,,,,1,2,1,1,6
200700044463,0007-07-05 01:50:00,7,7,5,1,50,870,50,"51, GARE (AVENUE DE LA)",,,Nuit sans éclairage public,Hors agglomération,Hors intersection,Normale,Sans collision,,,,,,,,,,,3,1,1,1,7
200700044464,0007-07-05 19:10:00,7,7,5,19,10,870,114,"52, CARNOT (AVENUE PRESI",,,Plein jour,En agglomération,Intersection en T,Normale,Deux véhicules - côté,,,,,,,,,,,1,2,3,1,3
200700044465,0007-07-06 00:22:00,7,7,6,0,22,870,85,AUTOROUTE A20,,,Nuit sans éclairage public,Hors agglomération,Hors intersection,Normale,Autre collision,,,,,,,,,,,3,1,1,1,6
200700044466,0007-07-06 10:01:00,7,7,6,10,1,870,85,"38, GARIBALDI (AVENUE)",,,Plein jour,En agglomération,Intersection en T,Pluie légère,Deux véhicules - côté,,,,,,,,,,,1,2,3,2,3
200700044467,0007-07-06 09:29:00,7,7,6,9,29,870,85,"94, VIGENAL (BOULEVARD D",,,Plein jour,En agglomération,Hors intersection,Pluie légère,Trois véhicules et plus - collisions multiples,,,,,,,,,,,1,2,1,2,5
200700044468,0007-07-06 14:35:00,7,7,6,14,35,870,85,"95, FAUGERAS (ALLEE DE)",,,Plein jour,En agglomération,Hors intersection,Pluie légère,Trois véhicules et plus - en chaîne,,,,,,,,,,,1,2,1,2,4
200700044469,0007-07-06 14:25:00,7,7,6,14,25,870,85,KING (AVENUE MARTIN LUTH,,,Plein jour,En agglomération,Hors intersection,Normale,Autre collision,,,,,,,,,,,1,2,1,1,6
200700044470,0007-07-07 03:40:00,7,7,7,3,40,870,85,"23, GARIBALDI (AVENUE)",,,Nuit avec éclairage allumé,En agglomération,Hors intersection,Normale,Autre collision,,,,,,,,,,,5,2,1,1,6
200700044471,0007-07-07 10:58:00,7,7,7,10,58,870,85,"104, ISLE (RUE D')",,,Plein jour,En agglomération,Hors intersection,Normale,Autre collision,,,,,,,,,,,1,2,1,1,6
200700044472,0007-07-08 08:09:00,7,7,8,8,9,870,50,"4, LIMOGES (AVENUE DE)",,,Plein jour,En agglomération,Hors intersection,Pluie légère,Autre collision,,,,,,,,,,,1,2,1,2,6
200700044473,0007-07-08 17:18:00,7,7,8,17,18,870,65,PORTES DE FEYTIAT (RUE D,,,Plein jour,En agglomération,Hors intersection,Pluie légère,Autre collision,,,,,,,,,,,1,2,1,2,6
200700044474,0007-07-08 21:20:00,7,7,8,21,20,870,85,LEGENDRE (RUE CHARLES),,,Plein jour,En agglomération,Hors intersection,Normale,Autre collision,,,,,,,,,,,1,2,1,1,6
200700044475,0007-07-10 15:30:00,7,7,10,15,30,870,85,"27, ARENES (RUE DES)",,,Plein jour,En agglomération,Hors intersection,Pluie légère,Autre collision,,,,,,,,,,,1,2,1,2,6
200700044476,0007-07-11 21:55:00,7,7,11,21,55,870,85,"3, MANET (ALLEE EDOUARD)",,,Plein jour,En agglomération,Intersection en T,Normale,Autre collision,,,,,,,,,,,1,2,3,1,6
200700044477,0007-07-12 07:56:00,7,7,12,7,56,870,85,VANTEAUX (BOULEVARD DE),,,Plein jour,En agglomération,Hors intersection,Normale,Autre collision,,,,,,,,,,,1,2,1,1,6
200700044478,0007-07-11 17:44:00,7,7,11,17,44,870,85,"41, CONQUE (RUE DE LA)",,,Plein jour,En agglomération,Intersection en T,Normale,Deux véhicules - côté,,,,,,,,,,,1,2,3,1,3
200700044479,0007-07-11 21:56:00,7,7,11,21,56,870,85,"17, CARMES (PLACE DES)",,,Nuit avec éclairage allumé,En agglomération,Hors intersection,Normale,Autre collision,,,,,,,,,,,5,2,1,1,6
200700044480,0007-07-13 07:25:00,7,7,13,7,25,870,85,"37, PERRIN (RUE FRANCOIS",,,Plein jour,En agglomération,Hors intersection,Normale,Autre collision,,,,,,,,,,,1,2,1,1,6
200700044481,0007-07-13 10:31:00,7,7,13,10,31,870,85,"2, GIFFARD (RUE HENRI)",,,Plein jour,Hors agglomération,Intersection en T,Normale,Deux véhicules - côté,,,,,,,,,,,1,1,3,1,3
200700044482,0007-07-14 15:00:00,7,7,14,15,0,870,85,BRIQUET (RUE GEORGES),,,Plein jour,En agglomération,Hors intersection,Normale,Deux véhicules - côté,,,,,,,,,,,1,2,1,1,3
200700044483,0007-07-14 20:08:00,7,7,14,20,8,870,85,"9, PERRIN (RUE FRANCOIS)",,,Plein jour,En agglomération,Hors intersection,Normale,Autre collision,,,,,,,,,,,1,2,1,1,6
200700044484,0007-07-15 12:35:00,7,7,15,12,35,870,85,ALLENDE (QUAI SALVADOR),,,Plein jour,En agglomération,Hors intersection,Normale,Autre collision,,,,,,,,,,,1,2,1,1,6
200700044485,0007-07-15 17:46:00,7,7,15,17,46,870,48,PICQ (LIEU DIT LE),,,Plein jour,En agglomération,Hors intersection,Normale,Autre collision,,,,,,,,,,,1,2,1,1,6
200700044486,0007-07-17 15:37:00,7,7,17,15,37,870,85,"5, JAURES (RUE JEAN)",,,Plein jour,En agglomération,Hors intersection,Normale,Deux véhicules - arrière,,,,,,,,,,,1,2,1,1,2
200700044487,0007-07-17 09:20:00,7,7,17,9,20,870,85,"17, RESISTANCE LIMOUSINE",,,Plein jour,En agglomération,Hors intersection,Normale,Autre collision,,,,,,,,,,,1,2,1,1,6
200700044488,0007-07-17 16:10:00,7,7,17,16,10,870,85,"23, ROBERVAL (RUE GILDAS",,,Plein jour,En agglomération,Hors intersection,Normale,Deux véhicules - côté,,,,,,,,,,,1,2,1,1,3
200700044489,0007-07-17 16:20:00,7,7,17,16,20,870,85,ROMANET (RUE DE),,,Plein jour,En agglomération,Intersection en X,Normale,Deux véhicules - côté,,,,,,,,,,,1,2,2,1,3
200700044490,0007-07-20 03:30:00,7,7,20,3,30,870,85,"83, BAC (RUE THEODORE)",,,Nuit avec éclairage allumé,En agglomération,Intersection à plus de 4 branches,Pluie légère,Deux véhicules - côté,,,,,,,,,,,5,2,5,2,3
200700044491,0007-07-21 18:27:00,7,7,21,18,27,870,85,"7, REVOLUTION (AVENUE DE",,,Plein jour,En agglomération,Autre intersection,Normale,Autre collision,,,,,,,,,,,1,2,9,1,6
200700044492,0007-07-21 17:52:00,7,7,21,17,52,870,65,PONTEIX (AVENUE DU),,,Plein jour,En agglomération,Hors intersection,Normale,Sans collision,,,,,,,,,,,1,2,1,1,7
200700044493,0007-07-22 16:00:00,7,7,22,16,0,870,85,"22, BAUDIN (AVENUE)",,,Plein jour,En agglomération,Intersection en X,Normale,Autre collision,,,,,,,,,,,1,2,2,1,6
200700044494,0007-07-23 12:10:00,7,7,23,12,10,870,85,BENEDICTINS (RAMPE DES),,,Plein jour,En agglomération,Hors intersection,Pluie légère,Autre collision,,,,,,,,,,,1,2,1,2,6