accident_id,datetime,annee,mois,jour,heure,minute,departement,commune_insee,adresse,latitude,longitude,luminosite,agglomeration,intersection,meteo,collision,nb_vehicules,nb_usagers,nb_indemnes,nb_tues,nb_blesses_hosp,nb_blesses_legers,age_cond_1,age_cond_2,veh_type_cond_1,veh_type_cond_2,lum_code,agg_code,int_code,atm_code,col_code
200700044495,0007-07-24 18:15:00,7,7,24,18,15,870,65,"29, LEZEAUD (RUE BERNARD",,,Plein jour,En agglomération,Hors intersection,Normale,Autre collision,,,,,,,,,,,1,2,1,1,6
200700044496,0007-07-24 22:06:00,7,7,24,22,6,870,85,"96, LOUYAT (AVENUE DE)",,,Nuit avec éclairage allumé,En agglomération,Intersection en T,Normale,Deux véhicules - côté,,,,,,,,,,,5,2,3,1,3
200700044497,0007-07-25 13:04:00,7,7,25,13,4,870,65,"6, MERMOZ (RUE JEAN-)",,,Plein jour,En agglomération,Intersection en T,Normale,Deux véhicules - côté,,,,,,,,,,,1,2,3,1,3
200700044498,0007-07-26 22:39:00,7,7,26,22,39,870,85,"54, LABUSSIERE (AVENUE E",,,Nuit avec éclairage allumé,En agglomération,Intersection en X,Normale,Autre collision,,,,,,,,,,,5,2,2,1,6
200700044499,0007-07-27 17:50:00,7,7,27,17,50,870,85,"2, SAINT MARTIAL (QUAI)",,,Plein jour,En agglomération,Intersection en X,Normale,Deux véhicules - frontale,,,,,,,,,,,1,2,2,1,1
200700044500,0007-07-28 03:45:00,7,7,28,3,45,870,50,"44, GARE (AVENUE DE LA)",,,Plein jour,En agglomération,Hors intersection,Normale,Autre collision,,,,,,,,,,,1,2,1,1,6
200700044501,0007-07-28 14:56:00,7,7,28,14,56,870,85,AUTOROUTE A20,,,Plein jour,Hors agglomération,Hors intersection,Normale,Deux véhicules - arrière,,,,,,,,,,,1,1,1,1,2
200700044502,0007-07-28 21:36:00,7,7,28,21,36,870,85,"26, DEGAS (RUE)",,,Plein jour,En agglomération,Hors intersection,Normale,Autre collision,,,,,,,,,,,1,2,1,1,6
200700044503,0007-07-29 10:16:00,7,7,29,10,16,870,85,"4, LATTRE-DE-TASSIGNY (A",,,Plein jour,En agglomération,Hors intersection,Normale,Autre collision,,,,,,,,,,,1,2,1,1,6
200700044504,0007-07-31 14:51:00,7,7,31,14,51,870,85,"278, BRIAND (RUE ARISTID",,,Plein jour,En agglomération,Hors intersection,Normale,Sans collision,,,,,,,,,,,1,2,1,1,7
200700044505,0007-07-31 16:50:00,7,7,31,16,50,870,85,RN520,,,Plein jour,Hors agglomération,Hors intersection,Normale,Autre collision,,,,,,,,,,,1,1,1,1,6
200700044506,0007-07-31 17:45:00,7,7,31,17,45,870,85,"50, VELODROME (RUE DU)",,,Plein jour,En agglomération,Intersection en X,Normale,Deux véhicules - côté,,,,,,,,,,,1,2,2,1,3
200700044507,0007-07-25 17:10:00,7,7,25,17,10,880,160,CAMUS (RUE ALBERT-),,,Plein jour,En agglomération,Intersection en T,Normale,Deux véhicules - côté,,,,,,,,,,,1,2,3,1,3
200700044508,0007-07-09 17:55:00,7,7,9,17,55,880,160,"10, FERRY (Q. JULES-)",,,Plein jour,En agglomération,Intersection en T,Normale,Deux véhicules - côté,,,,,,,,,,,1,2,3,1,3
200700044509,0007-07-17 10:50:00,7,7,17,10,50,880,87,FORGES (RUE DES),,,Plein jour,En agglomération,Intersection en Y,Normale,Deux véhicules - côté,,,,,,,,,,,1,2,4,1,3
200700044510,0007-07-30 16:10:00,7,7,30,16,10,880,160,TILLEULS (ALL. DES),,,Plein jour,En agglomération,Intersection en X,Normale,Deux véhicules - côté,,,,,,,,,,,1,2,2,1,3
200700044511,0007-07-21 23:45:00,7,7,21,23,45,880,383,RN 57,,,Nuit sans éclairage public,Hors agglomération,Hors intersection,Pluie forte,Autre collision,,,,,,,,,,,3,1,1,3,6
200700044512,0007-07-09 13:25:00,7,7,9,13,25,880,413,"78, Route de ROBACHE",,,Plein jour,En agglomération,Hors intersection,Normale,Deux véhicules - frontale,,,,,,,,,,,1,2,1,1,1
200700044513,0007-07-07 21:30:00,7,7,7,21,30,890,24,"14, 14 JUILLET (RUE)",,,Plein jour,En agglomération,Intersection en X,Normale,Autre collision,,,,,,,,,,,1,2,2,1,6
200700044514,0007-07-16 18:55:00,7,7,16,18,55,890,24,"00, EGRISELLES (AVENUE D",,,Plein jour,En agglomération,Intersection en T,Normale,Deux véhicules - arrière,,,,,,,,,,,1,2,3,1,2
200700044515,0007-07-20 20:20:00,7,7,20,20,20,890,24,"00, BRAZZA (RUE DE)",,,Plein jour,En agglomération,Intersection en X,Normale,Autre collision,,,,,,,,,,,1,2,2,1,6
200700044516,0007-07-23 19:10:00,7,7,23,19,10,890,387,"13, MARCELIN BERTHELOT (",,,Plein jour,En agglomération,Hors intersection,Normale,Autre collision,,,,,,,,,,,1,2,1,1,6
200700044517,0007-07-02 10:53:00,7,7,2,10,53,900,10,"24, AS DE CARREAU (RUE D",,,Plein jour,En agglomération,Hors intersection,Normale,Autre collision,,,,,,,,,,,1,2,1,1,6
200700044518,0007-07-04 19:10:00,7,7,4,19,10,900,10,LECLERC (AVENUE),,,Plein jour,En agglomération,Intersection en X,Pluie légère,Deux véhicules - côté,,,,,,,,,,,1,2,2,2,3
200700044519,0007-07-06 11:25:00,7,7,6,11,25,900,10,VOLTAIRE (RUE),,,Plein jour,En agglomération,Intersection en T,Pluie légère,Deux véhicules - côté,,,,,,,,,,,1,2,3,2,3
200700044520,0007-07-06 18:40:00,7,7,6,18,40,900,10,FRANCE BOULEVARD ANATOLE,,,Plein jour,En agglomération,Hors intersection,Normale,Deux véhicules - arrière,,,,,,,,,,,1,2,1,1,2
200700044521,0007-07-06 20:20:00,7,7,6,20,20,900,10,"8, SARRAIL (AVENUE)",,,Plein jour,En agglomération,Hors intersection,Normale,Deux véhicules - frontale,,,,,,,,,,,1,2,1,1,1
200700044522,0007-07-09 19:20:00,7,7,9,19,20,900,10,"1, DEFERRE (RUE GASTON)",,,Plein jour,En agglomération,Hors intersection,Normale,Autre collision,,,,,,,,,,,1,2,1,1,6
200700044523,0007-07-13 09:00:00,7,7,13,9,0,900,10,VAUBAN (QUAI),,,Plein jour,En agglomération,Intersection en T,Normale,Deux véhicules - côté,,,,,,,,,,,1,2,3,1,3
200700044524,0007-07-13 20:10:00,7,7,13,20,10,900,10,USINES (AVENUE DES),,,Plein jour,En agglomération,Intersection en T,Normale,Deux véhicules - côté,,,,,,,,,,,1,2,3,1,3
200700044525,0007-07-18 09:25:00,7,7,18,9,25,900,76,"1, MARONNIERS (RUE DES)",,,Plein jour,Hors agglomération,Hors intersection,Pluie légère,Sans collision,,,,,,,,,,,1,1,1,2,7
200700044526,0007-07-18 19:15:00,7,7,18,19,15,900,10,"1, MIELLET (AVENUE)",,,Plein jour,En agglomération,Intersection en X,Normale,Deux véhicules - côté,,,,,,,,,,,1,2,2,1,3
200700044527,0007-07-20 17:40:00,7,7,20,17,40,900,32,"6, BOSMONT (RUE DU)",,,Plein jour,En agglomération,Hors intersection,Normale,Autre collision,,,,,,,,,,,1,2,1,1,6
200700044528,0007-07-22 18:30:00,7,7,22,18,30,900,10,JOFFRE (BOULEVARD MARECH,,,Plein jour,En agglomération,Intersection en X,Normale,Deux véhicules - côté,,,,,,,,,,,1,2,2,1,3
200700044529,0007-07-25 15:10:00,7,7,25,15,10,900,32,DE GAULLE (RUE DU GENERA,,,Plein jour,En agglomération,Hors intersection,Normale,Deux véhicules - côté,,,,,,,,,,,1,2,1,1,3
200700044530,0007-07-26 15:45:00,7,7,26,15,45,900,10,"1, AS DE CARREAU (RUE DE",,,Plein jour,En agglomération,Hors intersection,Normale,Autre collision,,,,,,,,,,,1,2,1,1,6
200700044531,0007-07-27 07:40:00,7,7,27,7,40,900,10,CARNOT (BOULEVARD),,,Plein jour,En agglomération,Intersection en X,Normale,Deux véhicules - côté,,,,,,,,,,,1,2,2,1,3
200700044532,0007-07-27 10:35:00,7,7,27,10,35,900,10,ANCETRES (FAUBOURG DES),,,Plein jour,En agglomération,Hors intersection,Normale,Deux véhicules - côté,,,,,,,,,,,1,2,1,1,3
200700044533,0007-07-27 10:35:00,7,7,27,10,35,900,39,DE GAULLE (RUE DU GENERA,,,Plein jour,En agglomération,Hors intersection,Normale,Autre collision,,,,,,,,,,,1,2,1,1,6
200700044534,0007-07-27 18:28:00,7,7,27,18,28,900,99,CARNOT (RUE),,,Plein jour,En agglomération,Intersection en X,Normale,Deux véhicules - arrière,,,,,,,,,,,1,2,2,1,2
200700044535,0007-07-29 17:50:00,7,7,29,17,50,900,10,"14, QUATORZE JUILLET (RU",,,Plein jour,En agglomération,Hors intersection,Normale,Sans collision,,,,,,,,,,,1,2,1,1,7
200700044536,0007-07-06 09:05:00,7,7,6,9,5,910,339,RN 20,,,Plein jour,Hors agglomération,Hors intersection,Normale,Trois véhicules et plus - en chaîne,,,,,,,,,,,1,1,1,1,4
200700044537,0007-07-14 17:25:00,7,7,14,17,25,910,347,"11, MONTLHERY (ROUTE DE)",,,Plein jour,En agglomération,Intersection en T,Normale,Deux véhicules - côté,,,,,,,,,,,1,2,3,1,3
200700044538,0007-07-13 22:40:00,7,7,13,22,40,910,103,"51, ALLENDE SALVADOR (RU",,,Nuit avec éclairage allumé,En agglomération,Hors intersection,Normale,Deux véhicules - frontale,,,,,,,,,,,5,2,1,1,1
200700044539,0007-07-30 18:35:00,7,7,30,18,35,910,103,"3, PRES D'AULNAY (RUE DE",,,Plein jour,En agglomération,Intersection en X,Normale,Deux véhicules - côté,,,,,,,,,,,1,2,2,1,3
200700044540,0007-07-23 22:10:00,7,7,23,22,10,910,27,"7, MITTERAND (AVENUE FRA",,,Nuit avec éclairage allumé,En agglomération,Hors intersection,Pluie légère,Autre collision,,,,,,,,,,,5,2,1,2,6
200700044541,0007-07-03 13:00:00,7,7,3,13,0,910,114,ROUTE NATIONALE 6,,,Plein jour,En agglomération,Intersection en T,Pluie légère,Deux véhicules - arrière,,,,,,,,,,,1,2,3,2,2
200700044542,0007-07-04 15:25:00,7,7,4,15,25,910,514,CD 33,,,Plein jour,Hors agglomération,Hors intersection,Normale,Deux véhicules - côté,,,,,,,,,,,1,1,1,1,3
200700044543,0007-07-20 19:45:00,7,7,20,19,45,910,114,ROUTE NATIONALE 6,,,Plein jour,En agglomération,Hors intersection,Normale,Deux véhicules - arrière,,,,,,,,,,,1,2,1,1,2
200700044544,0007-07-21 20:50:00,7,7,21,20,50,910,114,ILE DE FRANCE (BOULEVARD,,,Crépuscule ou aube,En agglomération,Hors intersection,Normale,Deux véhicules - frontale,,,,,,,,,,,2,2,1,1,1
200700044545,0007-07-27 05:30:00,7,7,27,5,30,910,114,ROUTE NATIONALE 6,,,Crépuscule ou aube,En agglomération,Hors intersection,Normale,Deux véhicules - côté,,,,,,,,,,,2,2,1,1,3
200700044546,0007-07-01 20:25:00,7,7,1,20,25,910,174,"0, MAINTENANT(RUE PAUL)",,,Plein jour,En agglomération,Intersection en T,Normale,Deux véhicules - côté,,,,,,,,,,,1,2,3,1,3
200700044547,0007-07-04 08:20:00,7,7,4,8,20,910,174,"2, DUNANT ( BD HENRI)",,,Plein jour,En agglomération,Intersection en X,Normale,Autre collision,,,,,,,,,,,1,2,2,1,6
200700044548,0007-07-18 12:00:00,7,7,18,12,0,910,174,"25, JEAN JAURES (BOULEVA",,,Plein jour,En agglomération,Hors intersection,Normale,Deux véhicules - arrière,,,,,,,,,,,1,2,1,1,2
200700044549,0007-07-21 16:10:00,7,7,21,16,10,910,174,"0, CARNOT(AVENUE)",,,Plein jour,En agglomération,Intersection en T,Normale,Deux véhicules - côté,,,,,,,,,,,1,2,3,1,3
200700044550,0007-07-25 09:25:00,7,7,25,9,25,910,174,"0, PARIS (RUE)",,,Plein jour,En agglomération,Intersection en X,Normale,Deux véhicules - côté,,,,,,,,,,,1,2,2,1,3
200700044551,0007-07-06 07:35:00,7,7,6,7,35,910,201,HENRI BARBUSSE(BOULEVARD,,,Plein jour,En agglomération,Hors intersection,Normale,Autre collision,,,,,,,,,,,1,2,1,1,6
200700044552,0007-07-08 12:25:00,7,7,8,12,25,910,657,HENRI BARBUSSE (AVENUE),,,Plein jour,En agglomération,Hors intersection,Normale,Trois véhicules et plus - en chaîne,,,,,,,,,,,1,2,1,1,4
200700044553,0007-07-15 17:30:00,7,7,15,17,30,910,201,HENRI BARBUSSE(BOULEVARD,,,Plein jour,En agglomération,Hors intersection,Normale,Deux véhicules - arrière,,,,,,,,,,,1,2,1,1,2
200700044554,0007-07-24 18:15:00,7,7,24,18,15,910,201,EUROPE(AVENUE DE L'),,,Plein jour,En agglomération,Hors intersection,Normale,Deux véhicules - côté,,,,,,,,,,,1,2,1,1,3
200700044555,0007-07-14 17:20:00,7,7,14,17,20,910,469,D721,,,Plein jour,Hors agglomération,Autre intersection,Normale,Trois véhicules et plus - collisions multiples,,,,,,,,,,,1,1,9,1,5
200700044556,0007-07-04 13:30:00,7,7,4,13,30,910,228,"., EUROPE (BD) N° PAIRS",,,Plein jour,En agglomération,Intersection en T,Normale,Deux véhicules - côté,,,,,,,,,,,1,2,3,1,3
200700044557,0007-07-04 11:15:00,7,7,4,11,15,910,228,"., COQUIBUS(BD)",,,Plein jour,En agglomération,Intersection en T,Pluie légère,Deux véhicules - côté,,,,,,,,,,,1,2,3,2,3
200700044558,0007-07-09 07:00:00,7,7,9,7,0,910,228,MITTERAND (BD FRANCOIS),,,Plein jour,En agglomération,Intersection en X,Normale,Deux véhicules - côté,,,,,,,,,,,1,2,2,1,3
200700044559,0007-07-11 18:00:00,7,7,11,18,0,910,521,MENNECY (ROUTE DE),,,Plein jour,En agglomération,Hors intersection,Normale,Deux véhicules - arrière,,,,,,,,,,,1,2,1,1,2
200700044560,0007-07-23 14:35:00,7,7,23,14,35,910,521,"., RN7",,,Plein jour,En agglomération,Hors intersection,Pluie forte,Deux véhicules - côté,,,,,,,,,,,1,2,1,3,3
200700044561,0007-07-25 13:15:00,7,7,25,13,15,910,521,PASSEREAUX (RUE DES),,,Plein jour,En agglomération,Hors intersection,Normale,Deux véhicules - côté,,,,,,,,,,,1,2,1,1,3
200700044562,0007-07-30 16:00:00,7,7,30,16,0,910,521,"26/28, LORRAINE (RUE DE)",,,Plein jour,En agglomération,Hors intersection,Normale,Autre collision,,,,,,,,,,,1,2,1,1,6
200700044563,0007-07-04 12:35:00,7,7,4,12,35,910,286,"0, PREMIERE ARMEE (AVENU",,,Plein jour,En agglomération,Hors intersection,Temps couvert,Sans collision,,,,,,,,,,,1,2,1,8,7
200700044564,0007-07-04 13:00:00,7,7,4,13,0,910,326,"39, COUR DE FRANCE (AVEN",,,Plein jour,En agglomération,Hors intersection,Pluie légère,Deux véhicules - arrière,,,,,,,,,,,1,2,1,2,2
200700044565,0007-07-27 14:00:00,7,7,27,14,0,910,687,GENERAL DE GAULLE (AVENU,,,Plein jour,En agglomération,Hors intersection,Temps couvert,Trois véhicules et plus - collisions multiples,,,,,,,,,,,1,2,1,8,5
200700044566,0007-07-08 18:25:00,7,7,8,18,25,910,326,"000, COUR DE FRANCE (AVE",,,Plein jour,En agglomération,Intersection en T,Pluie forte,Autre collision,,,,,,,,,,,1,2,3,3,6
200700044567,0007-07-10 17:20:00,7,7,10,17,20,910,161,"41, CHARLES DE GAULLE (A",,,Plein jour,En agglomération,Autre intersection,Autre,Deux véhicules - côté,,,,,,,,,,,1,2,9,9,3
200700044568,0007-07-19 11:15:00,7,7,19,11,15,910,161,"43, CHARLES DE GAULLE (A",,,Plein jour,En agglomération,Hors intersection,Normale,Autre collision,,,,,,,,,,,1,2,1,1,6
200700044569,0007-07-21 11:30:00,7,7,21,11,30,910,377,"sans, CANADIENS (RUE DES",,,Plein jour,En agglomération,Hors intersection,Normale,Autre collision,,,,,,,,,,,1,2,1,1,6
200700044570,0007-07-01 01:40:00,7,7,1,1,40,910,421,NATIONALE 6 (GLACIERE),,,Nuit avec éclairage allumé,Hors agglomération,Hors intersection,Normale,Trois véhicules et plus - en chaîne,,,,,,,,,,,5,1,1,1,4
200700044571,0007-07-03 21:25:00,7,7,3,21,25,910,691,JEAN JAURES(RUE),,,Crépuscule ou aube,En agglomération,Intersection en X,Temps couvert,Deux véhicules - côté,,,,,,,,,,,2,2,2,8,3
200700044572,0007-07-06 08:40:00,7,7,6,8,40,910,421,"0, GUYNEMER (RUE)",,,Plein jour,En agglomération,Hors intersection,Normale,Deux véhicules - frontale,,,,,,,,,,,1,2,1,1,1
200700044573,0007-07-14 17:20:00,7,7,14,17,20,910,421,NATIONALE 6 (GLACIERE),,,Plein jour,Hors agglomération,Hors intersection,Normale,Deux véhicules - arrière,,,,,,,,,,,1,1,1,1,2
200700044574,0007-07-17 18:40:00,7,7,17,18,40,910,691,GAMBETTA(PLACE),,,Plein jour,En agglomération,Giratoire,Normale,Autre collision,,,,,,,,,,,1,2,6,1,6
200700044575,0007-07-22 22:50:00,7,7,22,22,50,910,421,"9, SELLIER (BOULEVARD)",,,Nuit avec éclairage non allumé,En agglomération,Hors intersection,Normale,Deux véhicules - côté,,,,,,,,,,,4,2,1,1,3
200700044576,0007-07-26 16:00:00,7,7,26,16,0,910,421,"00, CHARLES DE GAULLE (A",,,Plein jour,En agglomération,Hors intersection,Normale,Deux véhicules - côté,,,,,,,,,,,1,2,1,1,3
200700044577,0007-07-10 17:40:00,7,7,10,17,40,910,477,CD 36,,,Plein jour,En agglomération,Giratoire,Pluie forte,Deux véhicules - côté,,,,,,,,,,,1,2,6,3,3
200700044578,0007-07-13 18:45:00,7,7,13,18,45,910,477,"71, SAND (RESIDENCE GEOR",,,Plein jour,En agglomération,Hors intersection,Normale,Deux véhicules - arrière,,,,,,,,,,,1,2,1,1,2
200700044579,0007-07-11 17:35:00,7,7,11,17,35,910,549,"2, EPARGNE (RUE DE L')",,,Plein jour,En agglomération,Intersection en X,Normale,Deux véhicules - côté,,,,,,,,,,,1,2,2,1,3
200700044580,0007-07-12 09:00:00,7,7,12,9,0,910,549,"1, FOSSE AUX LEUX (RUE D",,,Plein jour,En agglomération,Hors intersection,Normale,Autre collision,,,,,,,,,,,1,2,1,1,6
200700044581,0007-07-21 18:10:00,7,7,21,18,10,910,570,SAINTE GENEVIEVE (RUE),,,Plein jour,En agglomération,Hors intersection,Normale,Sans collision,,,,,,,,,,,1,2,1,1,7
200700044582,0007-07-14 14:20:00,7,7,14,14,20,910,589,"113, BRIAND (BOULEVARD A",,,Plein jour,En agglomération,Hors intersection,Normale,Deux véhicules - côté,,,,,,,,,,,1,2,1,1,3
200700044583,0007-07-04 11:20:00,7,7,4,11,20,920,2,"., ARISTIDE BRIAND (AVEN",,,Plein jour,En agglomération,Intersection en X,Pluie légère,Deux véhicules - côté,,,,,,,,,,,1,2,2,2,3
200700044584,0007-07-05 10:40:00,7,7,5,10,40,920,14,"., MARECHAL JOFFRE (BD D",,,Plein jour,En agglomération,Place,Normale,Deux véhicules - arrière,,,,,,,,,,,1,2,7,1,2
200700044585,0007-07-16 10:20:00,7,7,16,10,20,920,2,CROIX DE BERNY,,,Plein jour,En agglomération,Place,Normale,Autre collision,,,,,,,,,,,1,2,7,1,6
200700044586,0007-07-26 14:50:00,7,7,26,14,50,920,2,"154, ARISTIDE BRIAND (AV",,,Plein jour,En agglomération,Hors intersection,Normale,Deux véhicules - arrière,,,,,,,,,,,1,2,1,1,2
200700044587,0007-07-29 13:10:00,7,7,29,13,10,920,2,"113, ARISTIDE BRIAND (AV",,,Plein jour,En agglomération,Intersection en T,Pluie légère,Deux véhicules - côté,,,,,,,,,,,1,2,3,2,3
200700044588,0007-07-02 11:20:00,7,7,2,11,20,920,4,"NR, VOLTAIRE ( BD )",,,Plein jour,En agglomération,Intersection en T,Normale,Autre collision,,,,,,,,,,,1,2,3,1,6
200700044589,0007-07-03 07:45:00,7,7,3,7,45,920,4,"81, MARNE   ( AVENUE DE",,,Plein jour,En agglomération,Hors intersection,Pluie légère,Autre collision,,,,,,,,,,,1,2,1,2,6
200700044590,0007-07-05 12:45:00,7,7,5,12,45,920,4,"NR, INTERCOMMUNAL (B)",,,Plein jour,En agglomération,Hors intersection,Normale,Deux véhicules - arrière,,,,,,,,,,,1,2,1,1,2
200700044591,0007-07-07 01:50:00,7,7,7,1,50,920,9,"96, ADOLPHE GUYOT ( RUE",,,Nuit avec éclairage allumé,En agglomération,Hors intersection,Normale,Autre collision,,,,,,,,,,,5,2,1,1,6
200700044592,0007-07-09 01:05:00,7,7,9,1,5,920,4,"NR, GABRIEL PERI (AVE )",,,Nuit avec éclairage allumé,En agglomération,Hors intersection,Pluie légère,Autre collision,,,,,,,,,,,5,2,1,2,6
200700044593,0007-07-11 15:15:00,7,7,11,15,15,920,4,"266, ARGENTEUIL AV D'",,,Plein jour,En agglomération,Hors intersection,Normale,Deux véhicules - côté,,,,,,,,,,,1,2,1,1,3
200700044594,0007-07-14 19:25:00,7,7,14,19,25,920,4,"33, GUILLEMIN  ( AVE )",,,Plein jour,En agglomération,Hors intersection,Normale,Autre collision,,,,,,,,,,,1,2,1,1,6
200700044595,0007-07-16 09:10:00,7,7,16,9,10,920,4,"13, REDOUTE ( AVENUE DE",,,Plein jour,En agglomération,Intersection en X,Normale,Autre collision,,,,,,,,,,,1,2,2,1,6
200700044596,0007-07-17 12:20:00,7,7,17,12,20,920,4,"NR, GRESILLONS ( AVENUE",,,Plein jour,En agglomération,Intersection en T,Normale,Deux véhicules - côté,,,,,,,,,,,1,2,3,1,3
200700044597,0007-07-18 10:55:00,7,7,18,10,55,920,4,"268, ARGENTEUIL AV D'",,,Plein jour,En agglomération,Intersection en T,Normale,Autre collision,,,,,,,,,,,1,2,3,1,6
200700044598,0007-07-22 17:15:00,7,7,22,17,15,920,4,"55, MARNE   ( AVENUE DE",,,Plein jour,En agglomération,Intersection en X,Normale,Autre collision,,,,,,,,,,,1,2,2,1,6
200700044599,0007-07-24 09:45:00,7,7,24,9,45,920,4,GRANDE RUE CHARLES DE GA,,,Plein jour,En agglomération,Hors intersection,Normale,Sans collision,,,,,,,,,,,1,2,1,1,7
200700044600,0007-07-26 10:10:00,7,7,26,10,10,920,4,"5, AULAGNIER ( QUAI )",,,Plein jour,En agglomération,Hors intersection,Normale,Autre collision,,,,,,,,,,,1,2,1,1,6
200700044601,0007-07-26 20:05:00,7,7,26,20,5,920,4,"121, DOCTEUR DERVAUX  (",,,Plein jour,En agglomération,Hors intersection,Normale,Deux véhicules - arrière,,,,,,,,,,,1,2,1,1,2
200700044602,0007-07-03 09:20:00,7,7,3,9,20,920,7,"11, JAURES (AVENUE JEAN)",,,Plein jour,En agglomération,Hors intersection,Pluie forte,Deux véhicules - arrière,,,,,,,,,,,1,2,1,3,2
200700044603,0007-07-03 16:30:00,7,7,3,16,30,920,7,"31, MARIN-NAUDIN (RUE JE",,,Plein jour,En agglomération,Intersection en X,Pluie légère,Deux véhicules - arrière,,,,,,,,,,,1,2,2,2,2
200700044604,0007-07-10 19:00:00,7,7,10,19,0,920,7,"-, DORMOY (AVENUE MARX)",,,Plein jour,En agglomération,Hors intersection,Normale,Autre collision,,,,,,,,,,,1,2,1,1,6
200700044605,0007-07-11 09:05:00,7,7,11,9,5,920,7,"16, HUGO (AVENUE VICTOR)",,,Plein jour,En agglomération,Hors intersection,Normale,Deux véhicules - côté,,,,,,,,,,,1,2,1,1,3
200700044606,0007-07-11 10:00:00,7,7,11,10,0,920,7,"196, RAVERA (AVENUE HENR",,,Plein jour,En agglomération,Hors intersection,Normale,Deux véhicules - côté,,,,,,,,,,,1,2,1,1,3
200700044607,0007-07-17 20:45:00,7,7,17,20,45,920,7,"7, MADELEINE (ALLEE DE L",,,Plein jour,En agglomération,Hors intersection,Normale,Autre collision,,,,,,,,,,,1,2,1,1,6
200700044608,0007-07-01 02:20:00,7,7,1,2,20,920,12,"angle, PIERRE GRENIER (A",,,Nuit avec éclairage allumé,En agglomération,Intersection en X,Normale,Autre collision,,,,,,,,,,,5,2,2,1,6
200700044609,0007-07-05 09:00:00,7,7,5,9,0,920,12,"62, JEAN JAURES (BOULEVA",,,Plein jour,En agglomération,Hors intersection,Normale,Autre collision,,,,,,,,,,,1,2,1,1,6
200700044610,0007-07-06 11:19:00,7,7,6,11,19,920,12,"10, PIERRE GRENIER (AVEN",,,Plein jour,Hors agglomération,Hors intersection,Normale,Autre collision,,,,,,,,,,,1,1,1,1,6
200700044611,0007-07-07 18:05:00,7,7,7,18,5,920,12,"58, REINE (ROUTE DE LA)",,,Plein jour,En agglomération,Intersection en X,Normale,Deux véhicules - arrière,,,,,,,,,,,1,2,2,1,2
200700044612,0007-07-08 04:45:00,7,7,8,4,45,920,12,"42, BILLANCOURT (RUE DE)",,,Nuit avec éclairage allumé,En agglomération,Hors intersection,Pluie légère,Autre collision,,,,,,,,,,,5,2,1,2,6
200700044613,0007-07-09 16:45:00,7,7,9,16,45,920,12,"54, REINE (ROUTE DE LA)",,,Plein jour,En agglomération,Hors intersection,Normale,Autre collision,,,,,,,,,,,1,2,1,1,6
200700044614,0007-07-10 16:40:00,7,7,10,16,40,920,12,"49, REINE (ROUTE DE LA)",,,Plein jour,En agglomération,Intersection en X,Pluie légère,Deux véhicules - arrière,,,,,,,,,,,1,2,2,2,2
200700044615,0007-07-11 08:00:00,7,7,11,8,0,920,12,"56, REINE (ROUTE DE LA)",,,Plein jour,En agglomération,Hors intersection,Normale,Autre collision,,,,,,,,,,,1,2,1,1,6
200700044616,0007-07-12 10:50:00,7,7,12,10,50,920,12,"13, ALPHONSE LE GALLO (Q",,,Plein jour,En agglomération,Hors intersection,Normale,Deux véhicules - côté,,,,,,,,,,,1,2,1,1,3
200700044617,0007-07-21 10:05:00,7,7,21,10,5,920,12,"122, GENERAL LECLERC (AV",,,Plein jour,En agglomération,Hors intersection,Normale,Autre collision,,,,,,,,,,,1,2,1,1,6
200700044618,0007-07-21 18:35:00,7,7,21,18,35,920,12,"ANGLE, ANDRE MORIZET (AV",,,Plein jour,En agglomération,Intersection en X,Normale,Deux véhicules - arrière,,,,,,,,,,,1,2,2,1,2
200700044619,0007-07-23 18:15:00,7,7,23,18,15,920,12,"109, REINE (ROUTE DE LA)",,,Plein jour,En agglomération,Hors intersection,Pluie légère,Deux véhicules - arrière,,,,,,,,,,,1,2,1,2,2
200700044620,0007-07-29 18:00:00,7,7,29,18,0,920,12,"angle, ANDRE MORIZET (AV",,,Plein jour,En agglomération,Intersection en X,Normale,Autre collision,,,,,,,,,,,1,2,2,1,6
200700044621,0007-07-09 15:40:00,7,7,9,15,40,920,19,"359, DIVISION LECLERC (A",,,Plein jour,En agglomération,Hors intersection,Pluie forte,Autre collision,,,,,,,,,,,1,2,1,3,6
200700044622,0007-07-10 14:10:00,7,7,10,14,10,920,71,POINCARRE RAYMOND (RUE),,,Plein jour,En agglomération,Intersection en X,Normale,Deux véhicules - côté,,,,,,,,,,,1,2,2,1,3
200700044623,0007-07-13 19:45:00,7,7,13,19,45,920,32,"19, LANGEVIN PAUL (AVENU",,,Plein jour,En agglomération,Hors intersection,Normale,Deux véhicules - côté,,,,,,,,,,,1,2,1,1,3
200700044624,0007-07-16 19:30:00,7,7,16,19,30,920,32,"102 BIS, PERI GABRIEL (R",,,Plein jour,En agglomération,Intersection en T,Pluie forte,Deux véhicules - côté,,,,,,,,,,,1,2,3,3,3
200700044625,0007-07-17 17:30:00,7,7,17,17,30,920,19,"15, LONGUET CHARLES (RUE",,,Plein jour,En agglomération,Hors intersection,Normale,Autre collision,,,,,,,,,,,1,2,1,1,6
200700044626,0007-07-18 09:00:00,7,7,18,9,0,920,32,"8, DOLIVET J ET M (AVENU",,,Plein jour,En agglomération,Hors intersection,Normale,Deux véhicules - côté,,,,,,,,,,,1,2,1,1,3
200700044627,0007-07-03 09:30:00,7,7,3,9,30,920,23,CLAUDE TREBIGNAUD (AVENU,,,Plein jour,En agglomération,Intersection en T,Pluie légère,Deux véhicules - côté,,,,,,,,,,,1,2,3,2,3
200700044628,0007-07-05 17:00:00,7,7,5,17,0,920,23,GABRIEL PERI (RUE),,,Plein jour,En agglomération,Hors intersection,Normale,Autre collision,,,,,,,,,,,1,2,1,1,6