accident_id,datetime,annee,mois,jour,heure,minute,departement,commune_insee,adresse,latitude,longitude,luminosite,agglomeration,intersection,meteo,collision,nb_vehicules,nb_usagers,nb_indemnes,nb_tues,nb_blesses_hosp,nb_blesses_legers,age_cond_1,age_cond_2,veh_type_cond_1,veh_type_cond_2,lum_code,agg_code,int_code,atm_code,col_code
200700045028,0007-07-31 08:10:00,7,7,31,8,10,940,28,"0, POMPADOUR(CARREFOUR)",,,Plein jour,En agglomération,Hors intersection,Normale,Deux véhicules - arrière,,,,,,,,,,,1,2,1,1,2
200700045029,0007-07-30 10:30:00,7,7,30,10,30,940,28,CHERET(RUE ET IMPASSE),,,Plein jour,En agglomération,Intersection en X,Normale,Sans collision,,,,,,,,,,,1,2,2,1,7
200700045030,0007-07-30 11:20:00,7,7,30,11,20,940,28,HALAGE.(QUAI DE ET PASSE,,,Plein jour,En agglomération,Hors intersection,Normale,Deux véhicules - frontale,,,,,,,,,,,1,2,1,1,1
200700045031,0007-07-02 17:25:00,7,7,2,17,25,940,33,"40, COMMANDANT DUHAIL (R",,,Plein jour,En agglomération,Hors intersection,Pluie légère,Autre collision,,,,,,,,,,,1,2,1,2,6
200700045032,0007-07-03 18:45:00,7,7,3,18,45,940,33,EMILE BOUTRAIS (R),,,Crépuscule ou aube,En agglomération,Hors intersection,Pluie légère,Autre collision,,,,,,,,,,,2,2,1,2,6
200700045033,0007-07-08 05:50:00,7,7,8,5,50,940,33,"54, MARECHAL DE LATTRE D",,,Crépuscule ou aube,En agglomération,Hors intersection,Pluie légère,Autre collision,,,,,,,,,,,2,2,1,2,6
200700045034,0007-07-15 18:05:00,7,7,15,18,5,940,33,CARNOT (R),,,Plein jour,En agglomération,Hors intersection,Normale,Deux véhicules - côté,,,,,,,,,,,1,2,1,1,3
200700045035,0007-07-01 20:00:00,7,7,1,20,0,940,16,"angle, ARISTIDE BRIAND (",,,Plein jour,En agglomération,Hors intersection,Normale,Autre collision,,,,,,,,,,,1,2,1,1,6
200700045036,0007-07-03 16:30:00,7,7,3,16,30,940,43,"28, CHARLES GIDE (AV)",,,Plein jour,En agglomération,Hors intersection,Normale,Deux véhicules - frontale,,,,,,,,,,,1,2,1,1,1
200700045037,0007-07-04 09:15:00,7,7,4,9,15,940,43,"16, CHASTENET DE GERY (B",,,Plein jour,En agglomération,Hors intersection,Normale,Autre collision,,,,,,,,,,,1,2,1,1,6
200700045038,0007-07-05 13:40:00,7,7,5,13,40,940,76,"1, MAXIME GORKI (BD)",,,Plein jour,En agglomération,Intersection en X,Normale,Deux véhicules - côté,,,,,,,,,,,1,2,2,1,3
200700045039,0007-07-06 06:05:00,7,7,6,6,5,940,76,"122, STALINGRAD (AV DE)",,,Crépuscule ou aube,En agglomération,Autre intersection,Normale,Deux véhicules - côté,,,,,,,,,,,2,2,9,1,3
200700045040,0007-07-07 19:50:00,7,7,7,19,50,940,37,"21, RASPAIL (AV)",,,Plein jour,En agglomération,Hors intersection,Normale,Deux véhicules - côté,,,,,,,,,,,1,2,1,1,3
200700045041,0007-07-05 08:05:00,7,7,5,8,5,940,76,"10, LENINE (ALL)",,,Plein jour,En agglomération,Hors intersection,Normale,Deux véhicules - côté,,,,,,,,,,,1,2,1,1,3
200700045042,0007-07-10 22:25:00,7,7,10,22,25,940,3,"angle, PAUL VAILLANT COU",,,Crépuscule ou aube,En agglomération,Hors intersection,Normale,Sans collision,,,,,,,,,,,2,2,1,1,7
200700045043,0007-07-17 17:00:00,7,7,17,17,0,940,43,"135, GABRIEL PERI (R)",,,Plein jour,En agglomération,Hors intersection,Normale,Sans collision,,,,,,,,,,,1,2,1,1,7
200700045044,0007-07-19 03:35:00,7,7,19,3,35,940,76,"1, YOURI GAGARINE (R)",,,Nuit avec éclairage allumé,En agglomération,Intersection en T,Normale,Autre collision,,,,,,,,,,,5,2,3,1,6
200700045045,0007-07-19 00:01:00,7,7,19,0,1,940,43,"94, FONTAINEBLEAU (AV DE",,,Nuit avec éclairage allumé,En agglomération,Hors intersection,Normale,Sans collision,,,,,,,,,,,5,2,1,1,7
200700045046,0007-07-19 19:00:00,7,7,19,19,0,940,43,"78, GENERAL LECLERC (R D",,,Plein jour,En agglomération,Hors intersection,Normale,Sans collision,,,,,,,,,,,1,2,1,1,7
200700045047,0007-07-20 01:40:00,7,7,20,1,40,940,43,"123, FONTAINEBLEAU (AV D",,,Nuit avec éclairage allumé,En agglomération,Hors intersection,Normale,Autre collision,,,,,,,,,,,5,2,1,1,6
200700045048,0007-07-19 19:50:00,7,7,19,19,50,940,76,PRESIDENT ALLENDE (AV DU,,,Plein jour,En agglomération,Hors intersection,Normale,Deux véhicules - arrière,,,,,,,,,,,1,2,1,1,2
200700045049,0007-07-20 21:00:00,7,7,20,21,0,940,76,"66, JEAN JAURES (R)",,,Crépuscule ou aube,En agglomération,Hors intersection,Normale,Autre collision,,,,,,,,,,,2,2,1,1,6
200700045050,0007-07-21 15:05:00,7,7,21,15,5,940,16,ARISTIDE BRIAND (AV),,,Plein jour,En agglomération,Hors intersection,Normale,Autre collision,,,,,,,,,,,1,2,1,1,6
200700045051,0007-07-29 12:20:00,7,7,29,12,20,940,76,"1, KARL MARX (AV)",,,Plein jour,Hors agglomération,Intersection en X,Normale,Sans collision,,,,,,,,,,,1,1,2,1,7
200700045052,0007-07-04 14:45:00,7,7,4,14,45,940,21,"276, STALINGRAD (AV DE)",,,Plein jour,En agglomération,Hors intersection,Pluie légère,Autre collision,,,,,,,,,,,1,2,1,2,6
200700045053,0007-07-03 10:45:00,7,7,3,10,45,940,73,STALINGRAD (BD DE),,,Plein jour,En agglomération,Hors intersection,Pluie légère,Deux véhicules - arrière,,,,,,,,,,,1,2,1,2,2
200700045054,0007-07-11 07:00:00,7,7,11,7,0,940,73,BAS MARIN (R DU),,,Plein jour,En agglomération,Hors intersection,Normale,Deux véhicules - côté,,,,,,,,,,,1,2,1,1,3
200700045055,0007-07-12 13:10:00,7,7,12,13,10,940,21,GEORGES GUYNEMER (AV),,,Plein jour,En agglomération,Hors intersection,Normale,Deux véhicules - frontale,,,,,,,,,,,1,2,1,1,1
200700045056,0007-07-13 17:15:00,7,7,13,17,15,940,34,"9, AUGUSTE DAIX (R)",,,Plein jour,En agglomération,Hors intersection,Normale,Autre collision,,,,,,,,,,,1,2,1,1,6
200700045057,0007-07-12 18:20:00,7,7,12,18,20,940,73,LUXEMBOURG (AV DU),,,Plein jour,En agglomération,Hors intersection,Normale,Deux véhicules - côté,,,,,,,,,,,1,2,1,1,3
200700045058,0007-07-19 10:05:00,7,7,19,10,5,940,21,HENRI DUNANT (R),,,Plein jour,En agglomération,Hors intersection,Normale,Deux véhicules - arrière,,,,,,,,,,,1,2,1,1,2
200700045059,0007-07-22 07:10:00,7,7,22,7,10,940,65,FONTAINEBLEAU (AV DE),,,Plein jour,Hors agglomération,Hors intersection,Normale,Sans collision,,,,,,,,,,,1,1,1,1,7
200700045060,0007-07-21 14:45:00,7,7,21,14,45,940,73,DOCTEUR MARIE (R DU),,,Plein jour,En agglomération,Hors intersection,Normale,Deux véhicules - arrière,,,,,,,,,,,1,2,1,1,2
200700045061,0007-07-21 11:25:00,7,7,21,11,25,940,73,VERSAILLES (AV DE),,,Plein jour,En agglomération,Hors intersection,Normale,Autre collision,,,,,,,,,,,1,2,1,1,6
200700045062,0007-07-23 10:00:00,7,7,23,10,0,940,38,GENERAL DE GAULLE (AV DU,,,Plein jour,En agglomération,Hors intersection,Pluie légère,Sans collision,,,,,,,,,,,1,2,1,2,7
200700045063,0007-07-21 11:15:00,7,7,21,11,15,940,38,"4, CHEVREUL (R)",,,Plein jour,En agglomération,Hors intersection,Normale,Deux véhicules - côté,,,,,,,,,,,1,2,1,1,3
200700045064,0007-07-26 18:55:00,7,7,26,18,55,940,21,"42, GENERAL LECLERC (R D",,,Plein jour,En agglomération,Hors intersection,Normale,Autre collision,,,,,,,,,,,1,2,1,1,6
200700045065,0007-07-13 14:40:00,7,7,13,14,40,940,21,"9, EDISON (R)",,,Plein jour,En agglomération,Hors intersection,Normale,Autre collision,,,,,,,,,,,1,2,1,1,6
200700045066,0007-07-27 16:00:00,7,7,27,16,0,940,73,BAS MARIN (R DU),,,Plein jour,Hors agglomération,Hors intersection,Normale,Deux véhicules - arrière,,,,,,,,,,,1,1,1,1,2
200700045067,0007-07-30 13:30:00,7,7,30,13,30,940,65,TROIS MARCHES (AV) / MIN,,,Plein jour,En agglomération,Hors intersection,Normale,Autre collision,,,,,,,,,,,1,2,1,1,6
200700045068,0007-07-30 16:15:00,7,7,30,16,15,940,38,"151, PAUL HOCHART (R)",,,Plein jour,Hors agglomération,Hors intersection,Normale,Autre collision,,,,,,,,,,,1,1,1,1,6
200700045069,0007-07-31 07:15:00,7,7,31,7,15,940,21,"., GENERAL DE GAULLE (AV",,,Plein jour,En agglomération,Intersection en X,Normale,Autre collision,,,,,,,,,,,1,2,2,1,6
200700045070,0007-07-05 15:50:00,7,7,5,15,50,940,41,"200, MARCEL HARTMANN (R)",,,Plein jour,En agglomération,Hors intersection,Pluie légère,Deux véhicules - côté,,,,,,,,,,,1,2,1,2,3
200700045071,0007-07-07 14:20:00,7,7,7,14,20,940,41,"29, MARCEL BOYER (QU)",,,Plein jour,En agglomération,Hors intersection,Pluie légère,Deux véhicules - côté,,,,,,,,,,,1,2,1,2,3
200700045072,0007-07-05 21:10:00,7,7,5,21,10,940,41,"3, MOLIERE (R)",,,Nuit avec éclairage allumé,En agglomération,Hors intersection,Normale,Sans collision,,,,,,,,,,,5,2,1,1,7
200700045073,0007-07-02 08:30:00,7,7,2,8,30,940,46,"00, PROFESSEUR CADIOT (A",,,Plein jour,En agglomération,Intersection en X,Pluie légère,Deux véhicules - côté,,,,,,,,,,,1,2,2,2,3
200700045074,0007-07-02 09:20:00,7,7,2,9,20,940,46,"00, GENERAL DE GAULLE (A",,,Plein jour,En agglomération,Autre intersection,Normale,Autre collision,,,,,,,,,,,1,2,9,1,6
200700045075,0007-07-11 16:20:00,7,7,11,16,20,940,46,"8, EUGENE RENAULT (R)",,,Plein jour,En agglomération,Hors intersection,Normale,Deux véhicules - côté,,,,,,,,,,,1,2,1,1,3
200700045076,0007-07-21 21:15:00,7,7,21,21,15,940,46,"18, GENERAL DE GAULLE (A",,,Crépuscule ou aube,En agglomération,Intersection en X,Normale,Sans collision,,,,,,,,,,,2,2,2,1,7
200700045077,0007-07-25 19:10:00,7,7,25,19,10,940,46,"00, GENERAL DE GAULLE (A",,,Plein jour,En agglomération,Intersection à plus de 4 branches,Normale,Deux véhicules - côté,,,,,,,,,,,1,2,5,1,3
200700045078,0007-07-26 08:55:00,7,7,26,8,55,940,46,"25, GUY MOCQUET (R)",,,Plein jour,En agglomération,Intersection en T,Normale,Autre collision,,,,,,,,,,,1,2,3,1,6
200700045079,0007-07-27 14:20:00,7,7,27,14,20,940,46,"., JEAN JAURES (R)",,,Plein jour,En agglomération,Intersection en X,Normale,Deux véhicules - arrière,,,,,,,,,,,1,2,2,1,2
200700045080,0007-07-03 13:35:00,7,7,3,13,35,940,58,"40, LEDRU ROLLIN (AV)",,,Plein jour,En agglomération,Hors intersection,Pluie légère,Deux véhicules - frontale,,,,,,,,,,,1,2,1,2,1
200700045081,0007-07-04 08:40:00,7,7,4,8,40,940,42,"49/55, GENERAL GALLIENI",,,Plein jour,En agglomération,Hors intersection,Normale,Deux véhicules - côté,,,,,,,,,,,1,2,1,1,3
200700045082,0007-07-05 23:15:00,7,7,5,23,15,940,42,PRESIDENT WILSON (AV DU),,,Nuit avec éclairage allumé,En agglomération,Hors intersection,Pluie légère,Deux véhicules - côté,,,,,,,,,,,5,2,1,2,3
200700045083,0007-07-09 19:40:00,7,7,9,19,40,940,52,GALLIENI (BD),,,Plein jour,En agglomération,Hors intersection,Normale,Deux véhicules - côté,,,,,,,,,,,1,2,1,1,3
200700045084,0007-07-15 15:20:00,7,7,15,15,20,940,58,"3, GENERAL DE GAULLE (AV",,,Plein jour,En agglomération,Hors intersection,Normale,Deux véhicules - côté,,,,,,,,,,,1,2,1,1,3
200700045085,0007-07-15 16:25:00,7,7,15,16,25,940,52,"nc, JULES FERRY (R)",,,Plein jour,En agglomération,Intersection en X,Normale,Deux véhicules - côté,,,,,,,,,,,1,2,2,1,3
200700045086,0007-07-24 12:35:00,7,7,24,12,35,940,58,"48, GENERAL DE GAULLE (A",,,Plein jour,En agglomération,Intersection en T,Normale,Deux véhicules - côté,,,,,,,,,,,1,2,3,1,3
200700045087,0007-07-02 10:30:00,7,7,2,10,30,940,68,"53, GARIBALDI (R)",,,Plein jour,En agglomération,Intersection en X,Pluie légère,Deux véhicules - frontale,,,,,,,,,,,1,2,2,2,1
200700045088,0007-07-06 06:15:00,7,7,6,6,15,940,78,"43, CHOISY (AV DE)",,,Plein jour,En agglomération,Hors intersection,Autre,Deux véhicules - arrière,,,,,,,,,,,1,2,1,9,2
200700045089,0007-07-06 18:30:00,7,7,6,18,30,940,78,"0, REPUBLIQUE (AV DE LA)",,,Plein jour,En agglomération,Autre intersection,Normale,Autre collision,,,,,,,,,,,1,2,9,1,6
200700045090,0007-07-16 22:30:00,7,7,16,22,30,940,78,PRESIDENT JOHN FITZGERAL,,,Nuit avec éclairage allumé,En agglomération,Hors intersection,Pluie légère,Deux véhicules - arrière,,,,,,,,,,,5,2,1,2,2
200700045091,0007-07-17 08:35:00,7,7,17,8,35,940,78,"1, EUROPE (AV DE L)",,,Plein jour,En agglomération,Hors intersection,Normale,Autre collision,,,,,,,,,,,1,2,1,1,6
200700045092,0007-07-10 08:55:00,7,7,10,8,55,940,78,MELUN (AV DE),,,Plein jour,En agglomération,Hors intersection,Pluie légère,Deux véhicules - arrière,,,,,,,,,,,1,2,1,2,2
200700045093,0007-07-16 19:15:00,7,7,16,19,15,940,77,"22, LE FOLL (AV)",,,Plein jour,En agglomération,Hors intersection,Normale,Autre collision,,,,,,,,,,,1,2,1,1,6
200700045094,0007-07-13 19:35:00,7,7,13,19,35,940,78,PARIS (rue de ),,,Plein jour,En agglomération,Hors intersection,Normale,Autre collision,,,,,,,,,,,1,2,1,1,6
200700045095,0007-07-05 07:40:00,7,7,5,7,40,940,74,"50, CHAMP SAINT-JULIEN (",,,Plein jour,En agglomération,Hors intersection,Normale,Autre collision,,,,,,,,,,,1,2,1,1,6
200700045096,0007-07-10 21:30:00,7,7,10,21,30,940,78,WINSTON CHURCHILL (AV),,,Crépuscule ou aube,En agglomération,Hors intersection,Pluie légère,Autre collision,,,,,,,,,,,2,2,1,2,6
200700045097,0007-07-11 09:20:00,7,7,11,9,20,940,78,"22, JULES FERRY (R)",,,Plein jour,En agglomération,Hors intersection,Normale,Autre collision,,,,,,,,,,,1,2,1,1,6
200700045098,0007-07-06 11:50:00,7,7,6,11,50,940,80,"02, CONDE-SUR-NOIREAU (R",,,Plein jour,En agglomération,Intersection en T,Normale,Autre collision,,,,,,,,,,,1,2,3,1,6
200700045099,0007-07-06 16:25:00,7,7,6,16,25,940,67,"32, GENERAL DE GAULLE (A",,,Plein jour,En agglomération,Intersection en X,Normale,Deux véhicules - côté,,,,,,,,,,,1,2,2,1,3
200700045100,0007-07-14 16:50:00,7,7,14,16,50,940,80,", FONTENAY (R DE)",,,Plein jour,En agglomération,Intersection en T,Normale,Deux véhicules - frontale,,,,,,,,,,,1,2,3,1,1
200700045101,0007-07-17 19:15:00,7,7,17,19,15,940,80,"31, CHARLES SILVESTRI (R",,,Plein jour,En agglomération,Intersection en X,Normale,Deux véhicules - côté,,,,,,,,,,,1,2,2,1,3
200700045102,0007-07-28 23:30:00,7,7,28,23,30,940,67,"70, GENERAL DE GAULLE (A",,,Nuit avec éclairage allumé,En agglomération,Intersection en T,Normale,Deux véhicules - côté,,,,,,,,,,,5,2,3,1,3
200700045103,0007-07-01 19:00:00,7,7,1,19,0,940,81,YOURI GAGARINE (AV),,,Plein jour,En agglomération,Hors intersection,Normale,Autre collision,,,,,,,,,,,1,2,1,1,6
200700045104,0007-07-05 13:00:00,7,7,5,13,0,940,81,"25, MAXIMILIEN ROBESPIER",,,Plein jour,En agglomération,Hors intersection,Normale,Deux véhicules - arrière,,,,,,,,,,,1,2,1,1,2
200700045105,0007-07-10 09:30:00,7,7,10,9,30,940,81,"Angle, GABRIEL PERI (R)",,,Plein jour,En agglomération,Intersection en T,Pluie légère,Autre collision,,,,,,,,,,,1,2,3,2,6
200700045106,0007-07-12 14:15:00,7,7,12,14,15,940,81,"14, ABBE ROGER DERRY (AV",,,Plein jour,En agglomération,Hors intersection,Pluie légère,Autre collision,,,,,,,,,,,1,2,1,2,6
200700045107,0007-07-13 15:30:00,7,7,13,15,30,940,81,"07, ABBE ROGER DERRY (AV",,,Plein jour,En agglomération,Intersection en T,Normale,Autre collision,,,,,,,,,,,1,2,3,1,6
200700045108,0007-07-18 14:30:00,7,7,18,14,30,940,81,"69, JEAN JAURES (AV)",,,Plein jour,En agglomération,Hors intersection,Normale,Autre collision,,,,,,,,,,,1,2,1,1,6
200700045109,0007-07-25 17:20:00,7,7,25,17,20,940,81,"181, STALINGRAD (BD DE)",,,Plein jour,En agglomération,Hors intersection,Normale,Autre collision,,,,,,,,,,,1,2,1,1,6
200700045110,0007-07-03 16:20:00,7,7,3,16,20,950,582,MARECHAL FOCH (RUE DU),,,Plein jour,En agglomération,Intersection en T,Normale,Deux véhicules - côté,,,,,,,,,,,1,2,3,1,3
200700045111,0007-07-08 20:50:00,7,7,8,20,50,950,176,"22, ARGENTEUIL (ROUTE D'",,,Plein jour,En agglomération,Intersection en X,Temps couvert,Deux véhicules - frontale,,,,,,,,,,,1,2,2,8,1
200700045112,0007-07-07 22:45:00,7,7,7,22,45,950,18,LECLERC (BLD DU GENERAL),,,Nuit avec éclairage allumé,En agglomération,Intersection en T,Normale,Sans collision,,,,,,,,,,,5,2,3,1,7
200700045113,0007-07-10 21:25:00,7,7,10,21,25,950,18,AVENUE M. UTRILLO,,,Crépuscule ou aube,En agglomération,Hors intersection,Normale,Autre collision,,,,,,,,,,,2,2,1,1,6
200700045114,0007-07-13 18:30:00,7,7,13,18,30,950,18,CHAPELLE (RUE DE LA),,,Plein jour,En agglomération,Hors intersection,Normale,Sans collision,,,,,,,,,,,1,2,1,1,7
200700045115,0007-07-17 07:55:00,7,7,17,7,55,950,176,CHABRAND (RUE THIBAULT),,,Plein jour,En agglomération,Intersection en T,Normale,Sans collision,,,,,,,,,,,1,2,3,1,7
200700045116,0007-07-19 23:15:00,7,7,19,23,15,950,18,PONTOISE (ROUTE DE),,,Nuit avec éclairage allumé,En agglomération,Hors intersection,Normale,Sans collision,,,,,,,,,,,5,2,1,1,7
200700045117,0007-07-20 14:40:00,7,7,20,14,40,950,582,"108, LIEUTENANT GEOGES K",,,Plein jour,En agglomération,Hors intersection,Normale,Deux véhicules - arrière,,,,,,,,,,,1,2,1,1,2
200700045118,0007-07-20 16:00:00,7,7,20,16,0,950,18,HELOISE (BOULEVARD),,,Plein jour,En agglomération,Intersection en T,Normale,Deux véhicules - arrière,,,,,,,,,,,1,2,3,1,2
200700045119,0007-07-25 17:00:00,7,7,25,17,0,950,18,STALINGRAD (AVENUE DE),,,Plein jour,En agglomération,Intersection en X,Normale,Deux véhicules - côté,,,,,,,,,,,1,2,2,1,3
200700045120,0007-07-26 01:35:00,7,7,26,1,35,950,18,LAGET (RUE MARCELLE),,,Nuit sans éclairage public,En agglomération,Intersection en T,Normale,Sans collision,,,,,,,,,,,3,2,3,1,7
200700045121,0007-07-26 08:30:00,7,7,26,8,30,950,582,ROND POINT DU BIP,,,Plein jour,En agglomération,Giratoire,Normale,Trois véhicules et plus - en chaîne,,,,,,,,,,,1,2,6,1,4
200700045122,0007-07-27 14:30:00,7,7,27,14,30,950,18,"4, ARC (BOULEVARD JEANNE",,,Plein jour,En agglomération,Intersection en T,Normale,Deux véhicules - côté,,,,,,,,,,,1,2,3,1,3
200700045123,0007-07-29 11:25:00,7,7,29,11,25,950,18,BRIAND (RUE RENE),,,Plein jour,En agglomération,Intersection en X,Normale,Deux véhicules - côté,,,,,,,,,,,1,2,2,1,3
200700045124,0007-07-06 08:30:00,7,7,6,8,30,950,63,"12, GABRIEL PERI (AVENUE",,,Plein jour,En agglomération,Hors intersection,Normale,Deux véhicules - arrière,,,,,,,,,,,1,2,1,1,2
200700045125,0007-07-16 18:05:00,7,7,16,18,5,950,63,"30, EMILE ZOLA (RUE-28 A",,,Plein jour,En agglomération,Hors intersection,Pluie légère,Deux véhicules - côté,,,,,,,,,,,1,2,1,2,3
200700045126,0007-07-07 09:15:00,7,7,7,9,15,950,63,"75, EDOUARD VAILLANT (RU",,,Plein jour,En agglomération,Hors intersection,Normale,Deux véhicules - arrière,,,,,,,,,,,1,2,1,1,2
200700045127,0007-07-04 17:30:00,7,7,4,17,30,950,127,"0, HAUTIL (BOULEVARD DE",,,Plein jour,En agglomération,Hors intersection,Normale,Sans collision,,,,,,,,,,,1,2,1,1,7
200700045128,0007-07-15 19:15:00,7,7,15,19,15,950,127,SARDANE (RUE DE LA),,,Plein jour,En agglomération,Hors intersection,Normale,Sans collision,,,,,,,,,,,1,2,1,1,7
200700045129,0007-07-26 16:40:00,7,7,26,16,40,950,572,"23, VERDUN (AVENUE DE)",,,Plein jour,En agglomération,Hors intersection,Normale,Sans collision,,,,,,,,,,,1,2,1,1,7
200700045130,0007-07-17 00:30:00,7,7,17,0,30,950,218,"0, JACQUES DUCLOS (BOULE",,,Nuit avec éclairage allumé,En agglomération,Hors intersection,Normale,Deux véhicules - frontale,,,,,,,,,,,5,2,1,1,1
200700045131,0007-07-09 22:48:00,7,7,9,22,48,950,197,"928, DIVISION LECLERC (A",,,Nuit avec éclairage allumé,En agglomération,Place,Normale,Deux véhicules - côté,,,,,,,,,,,5,2,7,1,3
200700045132,0007-07-09 20:50:00,7,7,9,20,50,950,197,"19, SAINT DENIS (ROUTE D",,,Plein jour,En agglomération,Intersection en T,Normale,Deux véhicules - côté,,,,,,,,,,,1,2,3,1,3
200700045133,0007-07-18 14:15:00,7,7,18,14,15,950,197,"01, SAINT DENIS (ROUTE D",,,Plein jour,En agglomération,Intersection en X,Normale,Autre collision,,,,,,,,,,,1,2,2,1,6
200700045134,0007-07-08 18:10:00,7,7,8,18,10,950,428,RUE DU TEMPLE,,,Plein jour,En agglomération,Hors intersection,Pluie légère,Deux véhicules - côté,,,,,,,,,,,1,2,1,2,3
200700045135,0007-07-02 11:10:00,7,7,2,11,10,950,252,GENERAL LECLERC (RUE DU),,,Plein jour,En agglomération,Hors intersection,Normale,Sans collision,,,,,,,,,,,1,2,1,1,7
200700045136,0007-07-10 16:05:00,7,7,10,16,5,950,252,JULES CESAR (CHAUSSEE),,,Plein jour,En agglomération,Intersection en T,Normale,Deux véhicules - côté,,,,,,,,,,,1,2,3,1,3
200700045137,0007-07-13 12:30:00,7,7,13,12,30,950,252,MAURICE BERTEAUX (BOULEV,,,Plein jour,En agglomération,Hors intersection,Normale,Autre collision,,,,,,,,,,,1,2,1,1,6
200700045138,0007-07-18 18:45:00,7,7,18,18,45,950,203,CALLAIS (RUE DES),,,Plein jour,En agglomération,Hors intersection,Normale,Autre collision,,,,,,,,,,,1,2,1,1,6
200700045139,0007-07-23 14:00:00,7,7,23,14,0,950,219,GRAND GRIL (RUE DU),,,Plein jour,En agglomération,Hors intersection,Normale,Deux véhicules - frontale,,,,,,,,,,,1,2,1,1,1
200700045140,0007-07-24 19:55:00,7,7,24,19,55,950,574,LOUIS ET GERALD DONZELLE,,,Plein jour,En agglomération,Hors intersection,Normale,Deux véhicules - arrière,,,,,,,,,,,1,2,1,1,2
200700045141,0007-07-25 18:20:00,7,7,25,18,20,950,219,AUGUSTE RODIN (PLACE),,,Plein jour,En agglomération,Hors intersection,Normale,Autre collision,,,,,,,,,,,1,2,1,1,6
200700045142,0007-07-27 07:50:00,7,7,27,7,50,950,203,SOISY (RUE DE),,,Plein jour,En agglomération,Intersection en T,Normale,Deux véhicules - côté,,,,,,,,,,,1,2,3,1,3
200700045143,0007-07-28 18:15:00,7,7,28,18,15,950,203,PROUST (RUE STEPHANE),,,Plein jour,En agglomération,Intersection en X,Normale,Autre collision,,,,,,,,,,,1,2,2,1,6
200700045144,0007-07-29 20:05:00,7,7,29,20,5,950,203,PARIS (AVENUE DE),,,Plein jour,En agglomération,Giratoire,Normale,Deux véhicules - côté,,,,,,,,,,,1,2,6,1,3
200700045145,0007-07-01 14:40:00,7,7,1,14,40,950,277,LA FONTAINE CYPIERRE (CA,,,Plein jour,En agglomération,Intersection en X,Normale,Deux véhicules - côté,,,,,,,,,,,1,2,2,1,3
200700045146,0007-07-16 08:35:00,7,7,16,8,35,950,19,"3, LAUGERE JEAN (AVENUE)",,,Plein jour,En agglomération,Hors intersection,Temps couvert,Autre collision,,,,,,,,,,,1,2,1,8,6
200700045147,0007-07-11 07:15:00,7,7,11,7,15,950,277,"22, PERI GABRIEL (AVENUE",,,Crépuscule ou aube,En agglomération,Hors intersection,Temps couvert,Deux véhicules - côté,,,,,,,,,,,2,2,1,8,3
200700045148,0007-07-24 20:00:00,7,7,24,20,0,950,277,"120, PERI GABRIEL (AVENU",,,Plein jour,En agglomération,Hors intersection,Temps éblouissant,Deux véhicules - arrière,,,,,,,,,,,1,2,1,7,2
200700045149,0007-07-03 15:25:00,7,7,3,15,25,950,257,ARGENTEUIL (RUE D'),,,Plein jour,En agglomération,Intersection en T,Temps couvert,Deux véhicules - côté,,,,,,,,,,,1,2,3,8,3
200700045150,0007-07-07 10:40:00,7,7,7,10,40,950,424,"0, VICTOR BORDIER (BOULE",,,Plein jour,En agglomération,Intersection en T,Normale,Autre collision,,,,,,,,,,,1,2,3,1,6
200700045151,0007-07-07 15:25:00,7,7,7,15,25,950,306,HAVRE (BOULEVARD DU),,,Plein jour,En agglomération,Hors intersection,Normale,Deux véhicules - arrière,,,,,,,,,,,1,2,1,1,2
200700045152,0007-07-09 17:40:00,7,7,9,17,40,950,424,"0, GENERAL DE GAULLE (RU",,,Plein jour,En agglomération,Intersection en T,Normale,Deux véhicules - côté,,,,,,,,,,,1,2,3,1,3
200700045153,0007-07-10 15:10:00,7,7,10,15,10,950,424,"130, LIBERATION (AVENUE",,,Plein jour,En agglomération,Hors intersection,Normale,Autre collision,,,,,,,,,,,1,2,1,1,6
200700045154,0007-07-13 10:45:00,7,7,13,10,45,950,306,"0, EDOUARD BRANLY (RUE)",,,Plein jour,En agglomération,Hors intersection,Normale,Sans collision,,,,,,,,,,,1,2,1,1,7
200700045155,0007-07-17 19:25:00,7,7,17,19,25,950,424,"59, HERBLAY (RUE D')",,,Plein jour,En agglomération,Hors intersection,Normale,Autre collision,,,,,,,,,,,1,2,1,1,6
200700045156,0007-07-31 15:54:00,7,7,31,15,54,950,424,"0, VICTOR HUGO (RUE)",,,Plein jour,En agglomération,Hors intersection,Normale,Sans collision,,,,,,,,,,,1,2,1,1,7
200700045157,0007-07-05 18:15:00,7,7,5,18,15,950,52,CD 929,,,Plein jour,Hors agglomération,Intersection en X,Normale,Trois véhicules et plus - en chaîne,,,,,,,,,,,1,1,2,1,4
200700045158,0007-07-17 18:40:00,7,7,17,18,40,950,313,SAINT LAZARE,,,Plein jour,En agglomération,Autre intersection,Normale,Deux véhicules - frontale,,,,,,,,,,,1,2,9,1,1
200700045159,0007-07-11 17:00:00,7,7,11,17,0,950,313,CARRIERES DE CASSAN (AVE,,,Plein jour,En agglomération,Intersection en T,Normale,Autre collision,,,,,,,,,,,1,2,3,1,6
200700045160,0007-07-25 10:30:00,7,7,25,10,30,950,313,TILSIT (BOULEVARD DE),,,Plein jour,En agglomération,Hors intersection,Normale,Deux véhicules - arrière,,,,,,,,,,,1,2,1,1,2
200700045161,0007-07-31 17:30:00,7,7,31,17,30,950,313,MAISON FORESTIERE,,,Plein jour,Hors agglomération,Hors intersection,Normale,Deux véhicules - côté,,,,,,,,,,,1,1,1,1,3