accident_id,datetime,annee,mois,jour,heure,minute,departement,commune_insee,adresse,latitude,longitude,luminosite,agglomeration,intersection,meteo,collision,nb_vehicules,nb_usagers,nb_indemnes,nb_tues,nb_blesses_hosp,nb_blesses_legers,age_cond_1,age_cond_2,veh_type_cond_1,veh_type_cond_2,lum_code,agg_code,int_code,atm_code,col_code
200700045302,0007-07-26 08:15:00,7,7,26,8,15,920,36,AUTOROUTE A15,,,Plein jour,Hors agglomération,Hors intersection,Normale,Autre collision,,,,,,,,,,,1,1,1,1,6
200700045303,0007-07-26 10:00:00,7,7,26,10,0,930,64,AUTOROUTE A86,,,Plein jour,Hors agglomération,Intersection en Y,Normale,Deux véhicules - arrière,,,,,,,,,,,1,1,4,1,2
200700045304,0007-07-26 08:00:00,7,7,26,8,0,600,612,AUTOROUTE A1,,,Plein jour,Hors agglomération,Hors intersection,Normale,Sans collision,,,,,,,,,,,1,1,1,1,7
200700045305,0007-07-26 11:45:00,7,7,26,11,45,950,351,R.D. 104,,,Plein jour,Hors agglomération,Hors intersection,Normale,Deux véhicules - arrière,,,,,,,,,,,1,1,1,1,2
200700045306,0007-07-21 18:50:00,7,7,21,18,50,950,277,RD 170,,,Plein jour,Hors agglomération,Hors intersection,Normale,Autre collision,,,,,,,,,,,1,1,1,1,6
200700045307,0007-07-27 18:30:00,7,7,27,18,30,950,678,R.D. 104,,,Plein jour,Hors agglomération,Hors intersection,Normale,Sans collision,,,,,,,,,,,1,1,1,1,7
200700045308,0007-07-28 21:32:00,7,7,28,21,32,930,53,AUTOROUTE A86,,,Nuit sans éclairage public,Hors agglomération,Hors intersection,Normale,Sans collision,,,,,,,,,,,3,1,1,1,7
200700045309,0007-07-29 12:45:00,7,7,29,12,45,920,36,AUTOROUTE A86,,,Plein jour,Hors agglomération,Hors intersection,Pluie légère,Autre collision,,,,,,,,,,,1,1,1,2,6
200700045310,0007-07-31 11:10:00,7,7,31,11,10,930,64,AUTOROUTE A3,,,Plein jour,Hors agglomération,Hors intersection,Normale,Deux véhicules - côté,,,,,,,,,,,1,1,1,1,3
200700045311,0007-07-05 05:45:00,7,7,5,5,45,920,47,A13,,,Crépuscule ou aube,Hors agglomération,Hors intersection,Normale,Autre collision,,,,,,,,,,,2,1,1,1,6
200700045312,0007-07-22 06:10:00,7,7,22,6,10,920,12,A13,,,Plein jour,Hors agglomération,Hors intersection,Normale,Deux véhicules - arrière,,,,,,,,,,,1,1,1,1,2
200700045313,0007-07-25 17:30:00,7,7,25,17,30,780,140,A13,,,Plein jour,Hors agglomération,Hors intersection,Normale,Deux véhicules - côté,,,,,,,,,,,1,1,1,1,3
200700045314,0007-07-01 02:30:00,7,7,1,2,30,910,434,AUTOROUTE A6,,,Nuit avec éclairage allumé,Hors agglomération,Hors intersection,Normale,Trois véhicules et plus - en chaîne,,,,,,,,,,,5,1,1,1,4
200700045315,0007-07-02 17:15:00,7,7,2,17,15,920,19,RN 385 Extèrieure,,,Plein jour,Hors agglomération,Hors intersection,Normale,Deux véhicules - arrière,,,,,,,,,,,1,1,1,1,2
200700045316,0007-07-02 17:30:00,7,7,2,17,30,910,347,RN 104,,,Plein jour,Hors agglomération,Hors intersection,Normale,Trois véhicules et plus - en chaîne,,,,,,,,,,,1,1,1,1,4
200700045317,0007-07-02 21:20:00,7,7,2,21,20,910,136,RN 188,,,Crépuscule ou aube,Hors agglomération,Hors intersection,Pluie légère,Autre collision,,,,,,,,,,,2,1,1,2,6
200700045318,0007-07-03 08:30:00,7,7,3,8,30,910,103,RN 104,,,Plein jour,Hors agglomération,Hors intersection,Pluie légère,Trois véhicules et plus - en chaîne,,,,,,,,,,,1,1,1,2,4
200700045319,0007-07-03 09:40:00,7,7,3,9,40,910,617,RN 104,,,Plein jour,Hors agglomération,Hors intersection,Pluie légère,Deux véhicules - côté,,,,,,,,,,,1,1,1,2,3
200700045320,0007-07-04 07:31:00,7,7,4,7,31,910,589,AUTOROUTE A6,,,Plein jour,Hors agglomération,Hors intersection,Normale,Deux véhicules - arrière,,,,,,,,,,,1,1,1,1,2
200700045321,0007-07-04 19:40:00,7,7,4,19,40,910,161,AUTOROUTE A126,,,Plein jour,Hors agglomération,Hors intersection,Temps couvert,Deux véhicules - frontale,,,,,,,,,,,1,1,1,8,1
200700045322,0007-07-05 11:25:00,7,7,5,11,25,910,589,AUTOROUTE A6,,,Plein jour,Hors agglomération,Hors intersection,Normale,Deux véhicules - arrière,,,,,,,,,,,1,1,1,1,2
200700045323,0007-07-05 13:54:00,7,7,5,13,54,940,3,AUTOROUTE A6A,,,Plein jour,Hors agglomération,Autre intersection,Normale,Deux véhicules - côté,,,,,,,,,,,1,1,9,1,3
200700045324,0007-07-06 03:15:00,7,7,6,3,15,910,689,AUTOROUTE A6A,,,Nuit sans éclairage public,Hors agglomération,Hors intersection,Pluie légère,Deux véhicules - arrière,,,,,,,,,,,3,1,1,2,2
200700045325,0007-07-06 10:27:00,7,7,6,10,27,940,65,AUTOROUTE A86,,,Plein jour,Hors agglomération,Hors intersection,Normale,Autre collision,,,,,,,,,,,1,1,1,1,6
200700045326,0007-07-07 05:42:00,7,7,7,5,42,910,340,RN 104,,,Crépuscule ou aube,Hors agglomération,Hors intersection,Normale,Sans collision,,,,,,,,,,,2,1,1,1,7
200700045327,0007-07-08 01:19:00,7,7,8,1,19,940,37,AUTOROUTE A6B,,,Nuit avec éclairage allumé,Hors agglomération,Hors intersection,Normale,Autre collision,,,,,,,,,,,5,1,1,1,6
200700045328,0007-07-09 09:10:00,7,7,9,9,10,940,76,AUTOROUTE A6A,,,Plein jour,Hors agglomération,Hors intersection,Normale,Sans collision,,,,,,,,,,,1,1,1,1,7
200700045329,0007-07-09 15:07:00,7,7,9,15,7,910,471,RN 118,,,Plein jour,Hors agglomération,Hors intersection,Pluie légère,Autre collision,,,,,,,,,,,1,1,1,2,6
200700045330,0007-07-10 08:58:00,7,7,10,8,58,940,34,AUTOROUTE A86,,,Plein jour,Hors agglomération,Hors intersection,Pluie légère,Deux véhicules - côté,,,,,,,,,,,1,1,1,2,3
200700045331,0007-07-10 12:23:00,7,7,10,12,23,910,477,AUTOROUTE A126,,,Plein jour,Hors agglomération,Hors intersection,Pluie forte,Trois véhicules et plus - collisions multiples,,,,,,,,,,,1,1,1,3,5
200700045332,0007-07-10 15:20:00,7,7,10,15,20,910,86,RN 104,,,Plein jour,Hors agglomération,Hors intersection,Normale,Autre collision,,,,,,,,,,,1,1,1,1,6
200700045333,0007-07-10 20:55:00,7,7,10,20,55,910,617,AUTOROUTE A5A,,,Crépuscule ou aube,Hors agglomération,Hors intersection,Temps couvert,Sans collision,,,,,,,,,,,2,1,1,8,7
200700045334,0007-07-11 16:20:00,7,7,11,16,20,910,64,RN 118,,,Plein jour,Hors agglomération,Hors intersection,Normale,Trois véhicules et plus - collisions multiples,,,,,,,,,,,1,1,1,1,5
200700045335,0007-07-12 01:00:00,7,7,12,1,0,910,471,RN 188 CHEVREUSE,,,Nuit sans éclairage public,Hors agglomération,Hors intersection,Normale,Autre collision,,,,,,,,,,,3,1,1,1,6
200700045336,0007-07-12 02:40:00,7,7,12,2,40,910,477,AUTOROUTE A10,,,Nuit sans éclairage public,Hors agglomération,Hors intersection,Normale,Sans collision,,,,,,,,,,,3,1,1,1,7
200700045337,0007-07-12 15:45:00,7,7,12,15,45,910,434,AUTOROUTE A6,,,Plein jour,Hors agglomération,Hors intersection,Normale,Trois véhicules et plus - en chaîne,,,,,,,,,,,1,1,1,1,4
200700045338,0007-07-13 14:00:00,7,7,13,14,0,910,659,AUTOROUTE A6,,,Plein jour,Hors agglomération,Hors intersection,Normale,Autre collision,,,,,,,,,,,1,1,1,1,6
200700045339,0007-07-13 15:40:00,7,7,13,15,40,910,161,AUTOROUTE A6,,,Plein jour,Hors agglomération,Hors intersection,Normale,Trois véhicules et plus - en chaîne,,,,,,,,,,,1,1,1,1,4
200700045340,0007-07-13 17:30:00,7,7,13,17,30,910,659,AUTOROUTE A6,,,Plein jour,Hors agglomération,Hors intersection,Normale,Deux véhicules - arrière,,,,,,,,,,,1,1,1,1,2
200700045341,0007-07-14 02:29:00,7,7,14,2,29,910,377,RN20,,,Nuit avec éclairage allumé,Hors agglomération,Hors intersection,Normale,Trois véhicules et plus - collisions multiples,,,,,,,,,,,5,1,1,1,5
200700045342,0007-07-15 03:44:00,7,7,15,3,44,910,182,AUTOROUTE A6,,,Nuit avec éclairage allumé,Hors agglomération,Hors intersection,Normale,Deux véhicules - arrière,,,,,,,,,,,5,1,1,1,2
200700045343,0007-07-15 14:23:00,7,7,15,14,23,910,689,AUTOROUTE A6B,,,Plein jour,Hors agglomération,Hors intersection,Normale,Deux véhicules - arrière,,,,,,,,,,,1,1,1,1,2
200700045344,0007-07-16 06:21:00,7,7,16,6,21,910,471,RN 118,,,Crépuscule ou aube,Hors agglomération,Hors intersection,Temps couvert,Autre collision,,,,,,,,,,,2,1,1,8,6
200700045345,0007-07-16 14:15:00,7,7,16,14,15,910,179,AUTOROUTE A6,,,Plein jour,Hors agglomération,Hors intersection,Normale,Sans collision,,,,,,,,,,,1,1,1,1,7
200700045346,0007-07-16 20:30:00,7,7,16,20,30,910,689,AUTOROUTE A6A,,,Nuit sans éclairage public,Hors agglomération,Hors intersection,Pluie forte,Trois véhicules et plus - en chaîne,,,,,,,,,,,3,1,1,3,4
200700045347,0007-07-16 20:10:00,7,7,16,20,10,910,521,RN 104,,,Nuit avec éclairage allumé,Hors agglomération,Hors intersection,Pluie légère,Autre collision,,,,,,,,,,,5,1,1,2,6
200700045348,0007-07-17 06:25:00,7,7,17,6,25,770,495,AUTOROUTE A5,,,Plein jour,Hors agglomération,Hors intersection,Normale,Autre collision,,,,,,,,,,,1,1,1,1,6
200700045349,0007-07-18 03:50:00,7,7,18,3,50,940,38,AUTOROUTE A6B,,,Nuit avec éclairage allumé,Hors agglomération,Hors intersection,Normale,Autre collision,,,,,,,,,,,5,1,1,1,6
200700045350,0007-07-18 18:45:00,7,7,18,18,45,910,377,RN 188,,,Plein jour,Hors agglomération,Hors intersection,Normale,Deux véhicules - arrière,,,,,,,,,,,1,1,1,1,2
200700045351,0007-07-18 21:00:00,7,7,18,21,0,910,589,AUTOROUTE A6,,,Plein jour,Hors agglomération,Hors intersection,Normale,Trois véhicules et plus - en chaîne,,,,,,,,,,,1,1,1,1,4
200700045352,0007-07-19 17:20:00,7,7,19,17,20,910,553,RN 104,,,Plein jour,Hors agglomération,Hors intersection,Normale,Trois véhicules et plus - en chaîne,,,,,,,,,,,1,1,1,1,4
200700045353,0007-07-19 17:40:00,7,7,19,17,40,910,174,RN 104,,,Plein jour,Hors agglomération,Hors intersection,Normale,Autre collision,,,,,,,,,,,1,1,1,1,6
200700045354,0007-07-21 18:33:00,7,7,21,18,33,910,549,RN 104,,,Plein jour,Hors agglomération,Hors intersection,Normale,Sans collision,,,,,,,,,,,1,1,1,1,7
200700045355,0007-07-21 18:39:00,7,7,21,18,39,910,477,AUTOROUTE A10,,,Plein jour,Hors agglomération,Hors intersection,Normale,Deux véhicules - côté,,,,,,,,,,,1,1,1,1,3
200700045356,0007-07-23 06:26:00,7,7,23,6,26,910,689,AUTOROUTE A6A,,,Plein jour,Hors agglomération,Hors intersection,Pluie légère,Autre collision,,,,,,,,,,,1,1,1,2,6
200700045357,0007-07-23 07:15:00,7,7,23,7,15,910,468,AUTOROUTE A6,,,Plein jour,Hors agglomération,Hors intersection,Pluie forte,Deux véhicules - arrière,,,,,,,,,,,1,1,1,3,2
200700045358,0007-07-23 12:30:00,7,7,23,12,30,910,161,AUTOROUTE A126,,,Plein jour,Hors agglomération,Hors intersection,Pluie forte,Autre collision,,,,,,,,,,,1,1,1,3,6
200700045359,0007-07-23 12:35:00,7,7,23,12,35,940,37,AUTOROUTE A6A,,,Plein jour,Hors agglomération,Hors intersection,Pluie légère,Sans collision,,,,,,,,,,,1,1,1,2,7
200700045360,0007-07-23 13:27:00,7,7,23,13,27,910,235,RN 104,,,Plein jour,Hors agglomération,Hors intersection,Pluie légère,Sans collision,,,,,,,,,,,1,1,1,2,7
200700045361,0007-07-23 20:15:00,7,7,23,20,15,940,37,AUTOROUTE A6A,,,Nuit sans éclairage public,Hors agglomération,Hors intersection,Normale,Sans collision,,,,,,,,,,,3,1,1,1,7
200700045362,0007-07-24 15:10:00,7,7,24,15,10,920,19,RN 385 INT,,,Plein jour,Hors agglomération,Hors intersection,Normale,Sans collision,,,,,,,,,,,1,1,1,1,7
200700045363,0007-07-26 16:15:00,7,7,26,16,15,920,19,RN 385 Extèrieure,,,Plein jour,Hors agglomération,Hors intersection,Normale,Deux véhicules - arrière,,,,,,,,,,,1,1,1,1,2
200700045364,0007-07-26 19:30:00,7,7,26,19,30,910,692,RN 118,,,Plein jour,Hors agglomération,Hors intersection,Normale,Trois véhicules et plus - en chaîne,,,,,,,,,,,1,1,1,1,4
200700045365,0007-07-26 03:42:00,7,7,26,3,42,910,521,RN 104,,,Nuit sans éclairage public,Hors agglomération,Hors intersection,Normale,Sans collision,,,,,,,,,,,3,1,1,1,7
200700045366,0007-07-27 15:20:00,7,7,27,15,20,910,339,RN 104,,,Plein jour,Hors agglomération,Hors intersection,Normale,Deux véhicules - arrière,,,,,,,,,,,1,1,1,1,2
200700045367,0007-07-27 17:42:00,7,7,27,17,42,910,174,AUTOROUTE A6,,,Plein jour,Hors agglomération,Hors intersection,Normale,Autre collision,,,,,,,,,,,1,1,1,1,6
200700045368,0007-07-28 15:39:00,7,7,28,15,39,910,377,RN 444,,,Plein jour,Hors agglomération,Hors intersection,Normale,Sans collision,,,,,,,,,,,1,1,1,1,7
200700045369,0007-07-29 13:37:00,7,7,29,13,37,910,689,AUTOROUTE A6,,,Plein jour,Hors agglomération,Hors intersection,Normale,Trois véhicules et plus - en chaîne,,,,,,,,,,,1,1,1,1,4
200700045370,0007-07-29 14:30:00,7,7,29,14,30,910,312,RN 444,,,Plein jour,Hors agglomération,Hors intersection,Normale,Trois véhicules et plus - collisions multiples,,,,,,,,,,,1,1,1,1,5
200700045371,0007-07-30 18:30:00,7,7,30,18,30,910,235,RN 104,,,Plein jour,Hors agglomération,Hors intersection,Normale,Trois véhicules et plus - en chaîne,,,,,,,,,,,1,1,1,1,4
200700045372,0007-07-02 20:18:00,7,7,2,20,18,202,33,"SANS, 193 - RN",,,Nuit avec éclairage allumé,En agglomération,Hors intersection,Normale,Autre collision,,,,,,,,,,,5,2,1,1,6
200700045373,0007-07-04 20:15:00,7,7,4,20,15,202,37,TOUTES RUES,,,Plein jour,Hors agglomération,Intersection en Y,Normale,Deux véhicules - côté,,,,,,,,,,,1,1,4,1,3
200700045374,0007-07-05 18:35:00,7,7,5,18,35,202,33,"SANS, 193 - RN",,,Plein jour,En agglomération,Hors intersection,Normale,Trois véhicules et plus - en chaîne,,,,,,,,,,,1,2,1,1,4
200700045375,0007-07-06 13:41:00,7,7,6,13,41,202,33,"SANS, TOUTES RUES",,,Plein jour,En agglomération,Hors intersection,Normale,Deux véhicules - frontale,,,,,,,,,,,1,2,1,1,1
200700045376,0007-07-08 13:05:00,7,7,8,13,5,202,33,"SANS, FAVALE - COURS",,,Plein jour,En agglomération,Intersection en Y,Normale,Deux véhicules - frontale,,,,,,,,,,,1,2,4,1,1
200700045377,0007-07-11 12:21:00,7,7,11,12,21,202,33,"sans, AV DE LA LIBERATIO",,,Plein jour,En agglomération,Hors intersection,Normale,Deux véhicules - côté,,,,,,,,,,,1,2,1,1,3
200700045378,0007-07-11 12:30:00,7,7,11,12,30,202,33,"sans, MONTESORO - 4 VOIE",,,Plein jour,En agglomération,Hors intersection,Normale,Deux véhicules - arrière,,,,,,,,,,,1,2,1,1,2
200700045379,0007-07-12 12:26:00,7,7,12,12,26,202,120,"sans, TOUTES RUES",,,Crépuscule ou aube,En agglomération,Hors intersection,Normale,Trois véhicules et plus - en chaîne,,,,,,,,,,,2,2,1,1,4
200700045380,0007-07-14 23:40:00,7,7,14,23,40,202,33,"SANS, AV DE LA LIBERATIO",,,Nuit avec éclairage allumé,En agglomération,Hors intersection,Normale,Deux véhicules - côté,,,,,,,,,,,5,2,1,1,3
200700045381,0007-07-16 14:09:00,7,7,16,14,9,202,33,"SANS, AV DE LA LIBERATIO",,,Plein jour,En agglomération,Hors intersection,Normale,Deux véhicules - côté,,,,,,,,,,,1,2,1,1,3
200700045382,0007-07-16 18:10:00,7,7,16,18,10,202,120,"SANS, TOUTES RUES",,,Plein jour,En agglomération,Hors intersection,Normale,Deux véhicules - frontale,,,,,,,,,,,1,2,1,1,1
200700045383,0007-07-18 13:00:00,7,7,18,13,0,202,37,"SANS, TOUTES RUES",,,Plein jour,Hors agglomération,Hors intersection,Normale,Trois véhicules et plus - en chaîne,,,,,,,,,,,1,1,1,1,4
200700045384,0007-07-19 18:10:00,7,7,19,18,10,202,120,"SANS, TOUTES RUES",,,Plein jour,Hors agglomération,Hors intersection,Normale,Deux véhicules - côté,,,,,,,,,,,1,1,1,1,3
200700045385,0007-07-20 12:27:00,7,7,20,12,27,202,33,"SANS, 193 - RN",,,Plein jour,En agglomération,Hors intersection,Normale,Deux véhicules - arrière,,,,,,,,,,,1,2,1,1,2
200700045386,0007-07-23 19:09:00,7,7,23,19,9,202,33,"SANS, TOUTES RUES",,,Plein jour,En agglomération,Hors intersection,Normale,Autre collision,,,,,,,,,,,1,2,1,1,6
200700045387,0007-07-25 11:48:00,7,7,25,11,48,202,33,"SANS, TOGA",,,Plein jour,Hors agglomération,Hors intersection,Normale,Autre collision,,,,,,,,,,,1,1,1,1,6
200700045388,0007-07-26 12:25:00,7,7,26,12,25,202,33,ROUTE ROYALE,,,Plein jour,En agglomération,Hors intersection,Normale,Deux véhicules - arrière,,,,,,,,,,,1,2,1,1,2
200700045389,0007-07-26 13:30:00,7,7,26,13,30,202,33,TOUTES RUES,,,Plein jour,En agglomération,Hors intersection,Normale,Deux véhicules - côté,,,,,,,,,,,1,2,1,1,3
200700045390,0007-07-26 21:06:00,7,7,26,21,6,202,33,"SANS, 193 - RN",,,Nuit avec éclairage allumé,En agglomération,Hors intersection,Normale,Trois véhicules et plus - collisions multiples,,,,,,,,,,,5,2,1,1,5
200700045391,0007-07-28 05:25:00,7,7,28,5,25,202,33,"SANS, FRONT DE MER - ROU",,,Plein jour,En agglomération,Hors intersection,Normale,Deux véhicules - frontale,,,,,,,,,,,1,2,1,1,1
200700045392,0007-07-28 13:56:00,7,7,28,13,56,202,33,"sans, TOUTES RUES",,,Plein jour,En agglomération,Hors intersection,Normale,Deux véhicules - côté,,,,,,,,,,,1,2,1,1,3
200700045393,0007-07-31 09:13:00,7,7,31,9,13,202,33,"SANS, ROUTE ROYALE",,,Plein jour,En agglomération,Hors intersection,Normale,Deux véhicules - côté,,,,,,,,,,,1,2,1,1,3
200700045394,0007-07-31 15:08:00,7,7,31,15,8,202,33,"sans, FRONT DE MER - ROU",,,Plein jour,En agglomération,Hors intersection,Normale,Trois véhicules et plus - collisions multiples,,,,,,,,,,,1,2,1,1,5
200700045395,0007-07-31 21:42:00,7,7,31,21,42,202,33,"sans, AV DE LA LIBERATIO",,,Nuit avec éclairage allumé,En agglomération,Hors intersection,Normale,Deux véhicules - côté,,,,,,,,,,,5,2,1,1,3
200700045396,0007-07-09 06:10:00,7,7,9,6,10,690,382,TREMIE 6 DU CENTRE D ECH,,,Crépuscule ou aube,En agglomération,Hors intersection,Pluie légère,Autre collision,,,,,,,,,,,2,2,1,2,6
200700045397,0007-07-20 17:40:00,7,7,20,17,40,690,382,RUE VAUBECOUR,,,Plein jour,En agglomération,Intersection en X,Normale,Deux véhicules - côté,,,,,,,,,,,1,2,2,1,3
200700045398,0007-07-02 17:40:00,7,7,2,17,40,690,382,"16, RUE GASPARIN",,,Plein jour,En agglomération,Hors intersection,Normale,Deux véhicules - côté,,,,,,,,,,,1,2,1,1,3
200700045399,0007-07-01 01:35:00,7,7,1,1,35,590,183,AUTOROUTE A16,,,Nuit avec éclairage allumé,Hors agglomération,Hors intersection,Pluie légère,Sans collision,,,,,,,,,,,5,1,1,2,7
200700045400,0007-07-01 16:25:00,7,7,1,16,25,590,378,AUTOROUTE A22,,,Plein jour,Hors agglomération,Hors intersection,Normale,Sans collision,,,,,,,,,,,1,1,1,1,7
200700045401,0007-07-07 16:50:00,7,7,7,16,50,590,462,AUTOROUTE A1,,,Plein jour,Hors agglomération,Hors intersection,Normale,Sans collision,,,,,,,,,,,1,1,1,1,7
200700045402,0007-07-02 08:45:00,7,7,2,8,45,620,498,AUTOROUTE A21,,,Plein jour,Hors agglomération,Hors intersection,Normale,Autre collision,,,,,,,,,,,1,1,1,1,6
200700045403,0007-07-03 08:05:00,7,7,3,8,5,590,383,AUTOROUTE A2,,,Plein jour,Hors agglomération,Hors intersection,Pluie forte,Trois véhicules et plus - en chaîne,,,,,,,,,,,1,1,1,3,4
200700045404,0007-07-03 16:00:00,7,7,3,16,0,590,359,AUTOROUTE A16,,,Plein jour,Hors agglomération,Hors intersection,Pluie légère,Deux véhicules - arrière,,,,,,,,,,,1,1,1,2,2
200700045405,0007-07-03 16:00:00,7,7,3,16,0,620,498,AUTOROUTE A21,,,Plein jour,Hors agglomération,Hors intersection,Pluie légère,Trois véhicules et plus - en chaîne,,,,,,,,,,,1,1,1,2,4
200700045406,0007-07-03 19:00:00,7,7,3,19,0,620,498,AUTOROUTE A21,,,Plein jour,Hors agglomération,Hors intersection,Normale,Deux véhicules - arrière,,,,,,,,,,,1,1,1,1,2
200700045407,0007-07-05 07:50:00,7,7,5,7,50,590,350,ROUTE NATIONALE 356,,,Plein jour,Hors agglomération,Hors intersection,Normale,Deux véhicules - frontale,,,,,,,,,,,1,1,1,1,1
200700045408,0007-07-05 11:40:00,7,7,5,11,40,590,343,AUTOROUTE A1,,,Plein jour,Hors agglomération,Hors intersection,Neige / grêle,Autre collision,,,,,,,,,,,1,1,1,4,6
200700045409,0007-07-06 05:25:00,7,7,6,5,25,590,350,ROUTE NATIONALE 351,,,Crépuscule ou aube,Hors agglomération,Hors intersection,Normale,Autre collision,,,,,,,,,,,2,1,1,1,6
200700045410,0007-07-06 15:30:00,7,7,6,15,30,590,537,ROUTE DEPARTEMENTALE 652,,,Plein jour,Hors agglomération,Hors intersection,Normale,Deux véhicules - côté,,,,,,,,,,,1,1,1,1,3
200700045411,0007-07-07 03:00:00,7,7,7,3,0,620,427,AUTOROUTE A1,,,Nuit avec éclairage allumé,Hors agglomération,Hors intersection,Normale,Deux véhicules - arrière,,,,,,,,,,,5,1,1,1,2
200700045412,0007-07-08 00:40:00,7,7,8,0,40,620,193,AUTOROUTE A16,,,Nuit avec éclairage allumé,Hors agglomération,Hors intersection,Normale,Autre collision,,,,,,,,,,,5,1,1,1,6
200700045413,0007-07-08 09:35:00,7,7,8,9,35,620,249,AUTOROUTE A21,,,Plein jour,Hors agglomération,Hors intersection,Normale,Autre collision,,,,,,,,,,,1,1,1,1,6
200700045414,0007-07-09 15:30:00,7,7,9,15,30,590,560,AUTOROUTE A1,,,Plein jour,Hors agglomération,Hors intersection,Normale,Deux véhicules - côté,,,,,,,,,,,1,1,1,1,3
200700045415,0007-07-09 16:30:00,7,7,9,16,30,620,427,AUTOROUTE A21,,,Plein jour,Hors agglomération,Hors intersection,Normale,Autre collision,,,,,,,,,,,1,1,1,1,6
200700045416,0007-07-09 17:10:00,7,7,9,17,10,590,350,AUTOROUTE A25,,,Plein jour,Hors agglomération,Hors intersection,Normale,Trois véhicules et plus - en chaîne,,,,,,,,,,,1,1,1,1,4
200700045417,0007-07-09 18:20:00,7,7,9,18,20,590,256,AUTOROUTE A23,,,Plein jour,Hors agglomération,Hors intersection,Normale,Sans collision,,,,,,,,,,,1,1,1,1,7
200700045418,0007-07-10 21:00:00,7,7,10,21,0,590,586,AUTOROUTE A23,,,Plein jour,Hors agglomération,Hors intersection,Normale,Autre collision,,,,,,,,,,,1,1,1,1,6
200700045419,0007-07-11 07:25:00,7,7,11,7,25,620,528,AUTOROUTE A21,,,Plein jour,Hors agglomération,Hors intersection,Normale,Deux véhicules - côté,,,,,,,,,,,1,1,1,1,3
200700045420,0007-07-13 05:15:00,7,7,13,5,15,590,260,AUTOROUTE A16,,,Nuit avec éclairage allumé,Hors agglomération,Hors intersection,Normale,Sans collision,,,,,,,,,,,5,1,1,1,7
200700045421,0007-07-13 19:15:00,7,7,13,19,15,590,350,AUTOROUTE A25,,,Plein jour,Hors agglomération,Hors intersection,Normale,Autre collision,,,,,,,,,,,1,1,1,1,6
200700045422,0007-07-13 19:45:00,7,7,13,19,45,590,350,AUTOROUTE A1,,,Plein jour,Hors agglomération,Hors intersection,Normale,Autre collision,,,,,,,,,,,1,1,1,1,6
200700045423,0007-07-13 23:50:00,7,7,13,23,50,590,603,AUTOROUTE A2,,,Nuit avec éclairage allumé,Hors agglomération,Hors intersection,Normale,Autre collision,,,,,,,,,,,5,1,1,1,6
200700045424,0007-07-14 06:25:00,7,7,14,6,25,590,330,AUTOROUTE A23,,,Plein jour,Hors agglomération,Hors intersection,Normale,Autre collision,,,,,,,,,,,1,1,1,1,6
200700045425,0007-07-14 16:10:00,7,7,14,16,10,590,346,AUTOROUTE A22,,,Plein jour,Hors agglomération,Hors intersection,Normale,Autre collision,,,,,,,,,,,1,1,1,1,6
200700045426,0007-07-15 02:50:00,7,7,15,2,50,590,27,AUTOROUTE A23,,,Nuit avec éclairage allumé,Hors agglomération,Hors intersection,Normale,Autre collision,,,,,,,,,,,5,1,1,1,6
200700045427,0007-07-15 16:50:00,7,7,15,16,50,590,9,ROUTE NATIONALE 227,,,Plein jour,Hors agglomération,Hors intersection,Normale,Autre collision,,,,,,,,,,,1,1,1,1,6
200700045428,0007-07-15 19:10:00,7,7,15,19,10,620,427,AUTOROUTE A21,,,Plein jour,Hors agglomération,Hors intersection,Normale,Autre collision,,,,,,,,,,,1,1,1,1,6
200700045429,0007-07-16 07:20:00,7,7,16,7,20,620,498,AUTOROUTE A211,,,Plein jour,Hors agglomération,Hors intersection,Pluie légère,Autre collision,,,,,,,,,,,1,1,1,2,6
200700045430,0007-07-16 13:00:00,7,7,16,13,0,590,9,AUTOROUTE A22,,,Plein jour,Hors agglomération,Hors intersection,Normale,Autre collision,,,,,,,,,,,1,1,1,1,6
200700045431,0007-07-16 16:15:00,7,7,16,16,15,590,155,AUTOROUTE A16,,,Plein jour,Hors agglomération,Hors intersection,Pluie légère,Autre collision,,,,,,,,,,,1,1,1,2,6
200700045432,0007-07-16 18:30:00,7,7,16,18,30,590,386,ROUTE DEPARTEMENTALE 652,,,Plein jour,Hors agglomération,Hors intersection,Pluie légère,Autre collision,,,,,,,,,,,1,1,1,2,6
200700045433,0007-07-16 19:00:00,7,7,16,19,0,590,564,AUTOROUTE A23,,,Plein jour,Hors agglomération,Hors intersection,Pluie légère,Autre collision,,,,,,,,,,,1,1,1,2,6
200700045434,0007-07-16 20:40:00,7,7,16,20,40,590,599,ROUTE NATIONALE 356,,,Plein jour,Hors agglomération,Hors intersection,Pluie légère,Autre collision,,,,,,,,,,,1,1,1,2,6
200700045435,0007-07-17 09:20:00,7,7,17,9,20,590,447,AUTOROUTE A2,,,Plein jour,Hors agglomération,Hors intersection,Normale,Autre collision,,,,,,,,,,,1,1,1,1,6
200700045436,0007-07-18 17:45:00,7,7,18,17,45,590,435,AUTOROUTE A23,,,Plein jour,Hors agglomération,Hors intersection,Normale,Autre collision,,,,,,,,,,,1,1,1,1,6
200700045437,0007-07-18 18:00:00,7,7,18,18,0,590,580,AUTOROUTE A25,,,Plein jour,Hors agglomération,Hors intersection,Normale,Autre collision,,,,,,,,,,,1,1,1,1,6
200700045438,0007-07-19 08:40:00,7,7,19,8,40,620,498,AUTOROUTE A21,,,Plein jour,Hors agglomération,Hors intersection,Normale,Autre collision,,,,,,,,,,,1,1,1,1,6