accident_id,datetime,annee,mois,jour,heure,minute,departement,commune_insee,adresse,latitude,longitude,luminosite,agglomeration,intersection,meteo,collision,nb_vehicules,nb_usagers,nb_indemnes,nb_tues,nb_blesses_hosp,nb_blesses_legers,age_cond_1,age_cond_2,veh_type_cond_1,veh_type_cond_2,lum_code,agg_code,int_code,atm_code,col_code
200700045572,0007-07-15 18:04:00,7,7,15,18,4,690,389,"17, QUAI DU COMMERCE",,,Plein jour,En agglomération,Hors intersection,Normale,Deux véhicules - côté,,,,,,,,,,,1,2,1,1,3
200700045573,0007-07-03 15:00:00,7,7,3,15,0,830,90,A50,,,Plein jour,Hors agglomération,Hors intersection,Normale,Trois véhicules et plus - en chaîne,,,,,,,,,,,1,1,1,1,4
200700045574,0007-07-05 15:25:00,7,7,5,15,25,830,144,A57,,,Plein jour,Hors agglomération,Hors intersection,Normale,Trois véhicules et plus - en chaîne,,,,,,,,,,,1,1,1,1,4
200700045575,0007-07-07 10:33:00,7,7,7,10,33,830,144,A57,,,Plein jour,Hors agglomération,Hors intersection,Normale,Deux véhicules - arrière,,,,,,,,,,,1,1,1,1,2
200700045576,0007-07-08 01:10:00,7,7,8,1,10,130,28,A50,,,Nuit sans éclairage public,Hors agglomération,Hors intersection,Normale,Sans collision,,,,,,,,,,,3,1,1,1,7
200700045577,0007-07-08 08:00:00,7,7,8,8,0,830,144,A57,,,Plein jour,Hors agglomération,Hors intersection,Normale,Deux véhicules - arrière,,,,,,,,,,,1,1,1,1,2
200700045578,0007-07-15 03:40:00,7,7,15,3,40,830,123,A50,,,Nuit sans éclairage public,Hors agglomération,Hors intersection,Normale,Deux véhicules - côté,,,,,,,,,,,3,1,1,1,3
200700045579,0007-07-16 10:40:00,7,7,16,10,40,830,126,A50,,,Plein jour,Hors agglomération,Hors intersection,Normale,Autre collision,,,,,,,,,,,1,1,1,1,6
200700045580,0007-07-17 10:00:00,7,7,17,10,0,830,144,A57,,,Plein jour,Hors agglomération,Hors intersection,Normale,Deux véhicules - arrière,,,,,,,,,,,1,1,1,1,2
200700045581,0007-07-20 07:50:00,7,7,20,7,50,830,144,A57,,,Plein jour,Hors agglomération,Hors intersection,Normale,Sans collision,,,,,,,,,,,1,1,1,1,7
200700045582,0007-07-20 21:50:00,7,7,20,21,50,830,137,A50,,,Nuit avec éclairage allumé,Hors agglomération,Intersection en Y,Normale,Deux véhicules - arrière,,,,,,,,,,,5,1,4,1,2
200700045583,0007-07-01 06:55:00,7,7,1,6,55,130,71,A7-Sens Lyon vers Marsei,,,Plein jour,Hors agglomération,Hors intersection,Normale,Sans collision,,,,,,,,,,,1,1,1,1,7
200700045584,0007-07-01 15:40:00,7,7,1,15,40,130,202,TVPCD-Sens Les Ports ver,,,Plein jour,Hors agglomération,Hors intersection,Pluie légère,Autre collision,,,,,,,,,,,1,1,1,2,6
200700045585,0007-07-02 09:00:00,7,7,2,9,0,130,71,A7-Sens Marseille vers L,,,Plein jour,Hors agglomération,Hors intersection,Normale,Autre collision,,,,,,,,,,,1,1,1,1,6
200700045586,0007-07-02 17:00:00,7,7,2,17,0,130,26,A55-Sens Martigues vers,,,Plein jour,Hors agglomération,Hors intersection,Normale,Sans collision,,,,,,,,,,,1,1,1,1,7
200700045587,0007-07-03 07:15:00,7,7,3,7,15,130,71,A7-Sens Lyon vers Marsei,,,Plein jour,Hors agglomération,Hors intersection,Normale,Autre collision,,,,,,,,,,,1,1,1,1,6
200700045588,0007-07-03 17:45:00,7,7,3,17,45,130,15,A51-Sens Aix en Provence,,,Plein jour,Hors agglomération,Hors intersection,Normale,Autre collision,,,,,,,,,,,1,1,1,1,6
200700045589,0007-07-04 15:45:00,7,7,4,15,45,130,211,A50-Sens Aubagne vers Ma,,,Plein jour,Hors agglomération,Hors intersection,Normale,Sans collision,,,,,,,,,,,1,1,1,1,7
200700045590,0007-07-04 19:45:00,7,7,4,19,45,130,211,A50-Sens Aubagne vers Ma,,,Plein jour,Hors agglomération,Hors intersection,Normale,Trois véhicules et plus - en chaîne,,,,,,,,,,,1,1,1,1,4
200700045591,0007-07-05 15:10:00,7,7,5,15,10,130,71,A7-Sens Marseille vers L,,,Plein jour,Hors agglomération,Hors intersection,Normale,Trois véhicules et plus - en chaîne,,,,,,,,,,,1,1,1,1,4
200700045592,0007-07-05 08:05:00,7,7,5,8,5,130,81,A7-Sens Lyon vers Marsei,,,Plein jour,Hors agglomération,Hors intersection,Normale,Autre collision,,,,,,,,,,,1,1,1,1,6
200700045593,0007-07-05 16:38:00,7,7,5,16,38,130,43,A55-Sens Marseille vers,,,Plein jour,Hors agglomération,Hors intersection,Normale,Deux véhicules - arrière,,,,,,,,,,,1,1,1,1,2
200700045594,0007-07-05 17:30:00,7,7,5,17,30,130,71,A55 - Sens Marseille ver,,,Plein jour,Hors agglomération,Hors intersection,Normale,Deux véhicules - arrière,,,,,,,,,,,1,1,1,1,2
200700045595,0007-07-05 18:15:00,7,7,5,18,15,130,71,A55-Sens Martigues vers,,,Plein jour,Hors agglomération,Intersection en Y,Normale,Deux véhicules - arrière,,,,,,,,,,,1,1,4,1,2
200700045596,0007-07-06 12:45:00,7,7,6,12,45,130,70,A50-Sens Aubagne vers Ma,,,Plein jour,Hors agglomération,Hors intersection,Normale,Trois véhicules et plus - en chaîne,,,,,,,,,,,1,1,1,1,4
200700045597,0007-07-06 14:30:00,7,7,6,14,30,130,215,A7-Sens Marseille vers L,,,Plein jour,Hors agglomération,Hors intersection,Normale,Trois véhicules et plus - en chaîne,,,,,,,,,,,1,1,1,1,4
200700045598,0007-07-09 07:00:00,7,7,9,7,0,130,216,A55-Sens Marseille vers,,,Plein jour,Hors agglomération,Hors intersection,Normale,Autre collision,,,,,,,,,,,1,1,1,1,6
200700045599,0007-07-09 17:58:00,7,7,9,17,58,130,56,A55-Sens Martigues vers,,,Plein jour,Hors agglomération,Hors intersection,Normale,Autre collision,,,,,,,,,,,1,1,1,1,6
200700045600,0007-07-12 07:45:00,7,7,12,7,45,130,71,A7-Sens Marseille vers L,,,Plein jour,Hors agglomération,Hors intersection,Normale,Trois véhicules et plus - en chaîne,,,,,,,,,,,1,1,1,1,4
200700045601,0007-07-12 19:10:00,7,7,12,19,10,130,210,A50-Sens Marseille vers,,,Plein jour,Hors agglomération,Hors intersection,Normale,Trois véhicules et plus - en chaîne,,,,,,,,,,,1,1,1,1,4
200700045602,0007-07-14 06:10:00,7,7,14,6,10,130,19,A51-Sens Aix en Provence,,,Plein jour,Hors agglomération,Hors intersection,Normale,Autre collision,,,,,,,,,,,1,1,1,1,6
200700045603,0007-07-15 00:30:00,7,7,15,0,30,130,56,A55-Sens Martigues vers,,,Nuit sans éclairage public,Hors agglomération,Hors intersection,Normale,Trois véhicules et plus - en chaîne,,,,,,,,,,,3,1,1,1,4
200700045604,0007-07-15 00:40:00,7,7,15,0,40,130,56,A55-Sens Martigues vers,,,Nuit sans éclairage public,Hors agglomération,Hors intersection,Normale,Trois véhicules et plus - collisions multiples,,,,,,,,,,,3,1,1,1,5
200700045605,0007-07-15 15:55:00,7,7,15,15,55,130,106,A51-Sens Aix en Provence,,,Plein jour,Hors agglomération,Hors intersection,Normale,Deux véhicules - frontale,,,,,,,,,,,1,1,1,1,1
200700045606,0007-07-17 16:15:00,7,7,17,16,15,130,215,A7-Sens Lyon vers Marsei,,,Plein jour,Hors agglomération,Hors intersection,Normale,Autre collision,,,,,,,,,,,1,1,1,1,6
200700045607,0007-07-19 14:30:00,7,7,19,14,30,130,214,A7-Sens Lyon vers Marsei,,,Plein jour,Hors agglomération,Hors intersection,Normale,Autre collision,,,,,,,,,,,1,1,1,1,6
200700045608,0007-07-20 07:17:00,7,7,20,7,17,130,215,A7-Sens Lyon vers Marsei,,,Plein jour,Hors agglomération,Hors intersection,Normale,Deux véhicules - arrière,,,,,,,,,,,1,1,1,1,2
200700045609,0007-07-21 05:20:00,7,7,21,5,20,130,1,A51-Sens Aix en Provence,,,Crépuscule ou aube,Hors agglomération,Hors intersection,Normale,Deux véhicules - arrière,,,,,,,,,,,2,1,1,1,2
200700045610,0007-07-22 07:50:00,7,7,22,7,50,130,85,A50-Sens Aubagne vers To,,,Plein jour,Hors agglomération,Hors intersection,Normale,Deux véhicules - arrière,,,,,,,,,,,1,1,1,1,2
200700045611,0007-07-23 16:15:00,7,7,23,16,15,130,88,A55-Sens Martigues vers,,,Plein jour,Hors agglomération,Hors intersection,Normale,Autre collision,,,,,,,,,,,1,1,1,1,6
200700045612,0007-07-24 20:06:00,7,7,24,20,6,130,19,A51-Sens Marseille vers,,,Plein jour,Hors agglomération,Hors intersection,Normale,Sans collision,,,,,,,,,,,1,1,1,1,7
200700045613,0007-07-25 03:55:00,7,7,25,3,55,130,85,A50-Sens Aubagne vers To,,,Nuit sans éclairage public,Hors agglomération,Hors intersection,Normale,Deux véhicules - arrière,,,,,,,,,,,3,1,1,1,2
200700045614,0007-07-25 14:00:00,7,7,25,14,0,130,117,A7-Sens Marseille vers L,,,Plein jour,Hors agglomération,Hors intersection,Normale,Autre collision,,,,,,,,,,,1,1,1,1,6
200700045615,0007-07-25 17:30:00,7,7,25,17,30,130,15,A51-Sens Aix en Provence,,,Plein jour,Hors agglomération,Hors intersection,Normale,Deux véhicules - côté,,,,,,,,,,,1,1,1,1,3
200700045616,0007-07-25 19:10:00,7,7,25,19,10,130,1,A51-Sens Marseille vers,,,Plein jour,Hors agglomération,Hors intersection,Normale,Autre collision,,,,,,,,,,,1,1,1,1,6
200700045617,0007-07-26 08:10:00,7,7,26,8,10,130,56,A55-Sens Martigues vers,,,Plein jour,Hors agglomération,Hors intersection,Normale,Autre collision,,,,,,,,,,,1,1,1,1,6
200700045618,0007-07-26 08:38:00,7,7,26,8,38,130,215,A7-Sens Lyon vers Marsei,,,Plein jour,Hors agglomération,Hors intersection,Normale,Autre collision,,,,,,,,,,,1,1,1,1,6
200700045619,0007-07-27 01:35:00,7,7,27,1,35,130,56,A55-Sens Martigues vers,,,Nuit sans éclairage public,Hors agglomération,Hors intersection,Normale,Autre collision,,,,,,,,,,,3,1,1,1,6
200700045620,0007-07-27 05:40:00,7,7,27,5,40,130,215,A7-Sens Marseille vers L,,,Nuit sans éclairage public,Hors agglomération,Hors intersection,Normale,Sans collision,,,,,,,,,,,3,1,1,1,7
200700045621,0007-07-27 14:25:00,7,7,27,14,25,130,88,A55-Sens Marseille vers,,,Plein jour,Hors agglomération,Hors intersection,Temps éblouissant,Sans collision,,,,,,,,,,,1,1,1,7,7
200700045622,0007-07-27 18:00:00,7,7,27,18,0,130,71,A7-Sens Marseille vers L,,,Plein jour,Hors agglomération,Hors intersection,Normale,Deux véhicules - arrière,,,,,,,,,,,1,1,1,1,2
200700045623,0007-07-28 01:10:00,7,7,28,1,10,130,71,A7-Sens Lyon vers Marsei,,,Nuit sans éclairage public,Hors agglomération,Hors intersection,Normale,Deux véhicules - côté,,,,,,,,,,,3,1,1,1,3
200700045624,0007-07-28 18:20:00,7,7,28,18,20,130,55,A55-Sens Marseille vers,,,Plein jour,Hors agglomération,Hors intersection,Normale,Autre collision,,,,,,,,,,,1,1,1,1,6
200700045625,0007-07-28 12:28:00,7,7,28,12,28,130,117,A7-Sens Lyon vers Marsei,,,Plein jour,Hors agglomération,Hors intersection,Normale,Sans collision,,,,,,,,,,,1,1,1,1,7
200700045626,0007-07-30 16:48:00,7,7,30,16,48,130,1,A51-Sens Aix en Provence,,,Plein jour,Hors agglomération,Hors intersection,Vent fort / tempête,Trois véhicules et plus - en chaîne,,,,,,,,,,,1,1,1,6,4
200700045627,0007-07-30 12:35:00,7,7,30,12,35,130,215,A7-Sens Lyon vers Marsei,,,Plein jour,Hors agglomération,Hors intersection,Vent fort / tempête,Autre collision,,,,,,,,,,,1,1,1,6,6
200700045628,0007-07-31 17:40:00,7,7,31,17,40,130,70,A50-Sens Aubagne vers Ma,,,Plein jour,Hors agglomération,Hors intersection,Normale,Trois véhicules et plus - en chaîne,,,,,,,,,,,1,1,1,1,4
200700045629,0007-07-31 18:20:00,7,7,31,18,20,130,211,A50-Sens Marseille vers,,,Plein jour,Hors agglomération,Hors intersection,Normale,Trois véhicules et plus - collisions multiples,,,,,,,,,,,1,1,1,1,5
200700045630,0007-07-01 18:20:00,7,7,1,18,20,750,101,RUE DE RIVOLI,,,Plein jour,En agglomération,Hors intersection,Normale,Autre collision,,,,,,,,,,,1,2,1,1,6
200700045631,0007-07-02 10:30:00,7,7,2,10,30,750,101,"61, RUE DE RIVOLI",,,Plein jour,En agglomération,Hors intersection,Temps couvert,Autre collision,,,,,,,,,,,1,2,1,8,6
200700045632,0007-07-02 14:05:00,7,7,2,14,5,750,101,RUE SAINT HONORE,,,Plein jour,En agglomération,Intersection en T,Normale,Autre collision,,,,,,,,,,,1,2,3,1,6
200700045633,0007-07-02 17:00:00,7,7,2,17,0,750,101,"162, RUE DE RIVOLI",,,Plein jour,En agglomération,Hors intersection,Normale,Deux véhicules - côté,,,,,,,,,,,1,2,1,1,3
200700045634,0007-07-02 23:10:00,7,7,2,23,10,750,101,RUE DE RIVOLI,,,Nuit avec éclairage allumé,En agglomération,Hors intersection,Normale,Deux véhicules - arrière,,,,,,,,,,,5,2,1,1,2
200700045635,0007-07-03 06:25:00,7,7,3,6,25,750,101,"49, SOUTERRAIN BERGER OU",,,Plein jour,En agglomération,Autre intersection,Pluie forte,Sans collision,,,,,,,,,,,1,2,9,3,7
200700045636,0007-07-03 11:20:00,7,7,3,11,20,750,101,RUE DU MONT THABOR,,,Plein jour,En agglomération,Intersection en T,Pluie légère,Deux véhicules - côté,,,,,,,,,,,1,2,3,2,3
200700045637,0007-07-03 10:45:00,7,7,3,10,45,750,101,"261, RUE SAINT HONORE",,,Plein jour,En agglomération,Hors intersection,Pluie forte,Autre collision,,,,,,,,,,,1,2,1,3,6
200700045638,0007-07-03 18:15:00,7,7,3,18,15,750,101,"192, RUE DE RIVOLI",,,Plein jour,En agglomération,Hors intersection,Temps couvert,Autre collision,,,,,,,,,,,1,2,1,8,6
200700045639,0007-07-08 00:45:00,7,7,8,0,45,750,101,RUE DE RIVOLI,,,Nuit avec éclairage allumé,En agglomération,Intersection à plus de 4 branches,Normale,Deux véhicules - frontale,,,,,,,,,,,5,2,5,1,1
200700045640,0007-07-09 09:45:00,7,7,9,9,45,750,101,"12, AVENUE VICTORIA",,,Plein jour,En agglomération,Intersection en X,Normale,Deux véhicules - côté,,,,,,,,,,,1,2,2,1,3
200700045641,0007-07-10 23:30:00,7,7,10,23,30,750,101,PLACE DU PONT NEUF,,,Nuit avec éclairage allumé,En agglomération,Intersection en T,Normale,Deux véhicules - côté,,,,,,,,,,,5,2,3,1,3
200700045642,0007-07-11 18:05:00,7,7,11,18,5,750,101,"05, RUE COQ HERON",,,Plein jour,En agglomération,Hors intersection,Normale,Autre collision,,,,,,,,,,,1,2,1,1,6
200700045643,0007-07-12 05:30:00,7,7,12,5,30,750,101,"I5395, VOIE GEORGES POMP",,,Plein jour,En agglomération,Hors intersection,Normale,Trois véhicules et plus - collisions multiples,,,,,,,,,,,1,2,1,1,5
200700045644,0007-07-15 05:45:00,7,7,15,5,45,750,101,BOULEVARD DE SEBASTOPOL,,,Crépuscule ou aube,En agglomération,Intersection en T,Normale,Deux véhicules - côté,,,,,,,,,,,2,2,3,1,3
200700045645,0007-07-16 20:20:00,7,7,16,20,20,750,101,"99, RUE DE RIVOLI",,,Nuit avec éclairage non allumé,En agglomération,Hors intersection,Pluie forte,Deux véhicules - arrière,,,,,,,,,,,4,2,1,3,2
200700045646,0007-07-17 19:25:00,7,7,17,19,25,750,101,"170, RUE DE RIVOLI",,,Plein jour,En agglomération,Hors intersection,Normale,Autre collision,,,,,,,,,,,1,2,1,1,6
200700045647,0007-07-18 12:14:00,7,7,18,12,14,750,101,"46, RUE CROIX DES PETITS",,,Plein jour,En agglomération,Hors intersection,Normale,Autre collision,,,,,,,,,,,1,2,1,1,6
200700045648,0007-07-19 01:00:00,7,7,19,1,0,750,101,"5, AVENUE DE L OPERA",,,Nuit avec éclairage allumé,En agglomération,Hors intersection,Normale,Deux véhicules - arrière,,,,,,,,,,,5,2,1,1,2
200700045649,0007-07-19 23:25:00,7,7,19,23,25,750,101,RUE DE RIVOLI,,,Nuit avec éclairage allumé,En agglomération,Intersection en T,Normale,Deux véhicules - côté,,,,,,,,,,,5,2,3,1,3
200700045650,0007-07-21 01:03:00,7,7,21,1,3,750,104,"90, QUAI DE L HOTEL DE V",,,Nuit avec éclairage allumé,En agglomération,Hors intersection,Normale,Deux véhicules - côté,,,,,,,,,,,5,2,1,1,3
200700045651,0007-07-25 10:45:00,7,7,25,10,45,750,101,"07, BOULEVARD DE LA MADE",,,Plein jour,En agglomération,Hors intersection,Normale,Autre collision,,,,,,,,,,,1,2,1,1,6
200700045652,0007-07-31 03:45:00,7,7,31,3,45,750,101,"243, RUE SAINT HONORE",,,Nuit avec éclairage allumé,En agglomération,Hors intersection,Normale,Autre collision,,,,,,,,,,,5,2,1,1,6
200700045653,0007-07-04 09:14:00,7,7,4,9,14,750,102,RUE MONTMARTRE,,,Plein jour,En agglomération,Hors intersection,Normale,Autre collision,,,,,,,,,,,1,2,1,1,6
200700045654,0007-07-12 07:50:00,7,7,12,7,50,750,102,"37, BOULEVARD DE BONNE N",,,Plein jour,En agglomération,Hors intersection,Normale,Autre collision,,,,,,,,,,,1,2,1,1,6
200700045655,0007-07-16 19:00:00,7,7,16,19,0,750,101,"153, RUE SAINT HONORE",,,Crépuscule ou aube,En agglomération,Hors intersection,Pluie légère,Sans collision,,,,,,,,,,,2,2,1,2,7
200700045656,0007-07-17 12:20:00,7,7,17,12,20,750,102,"112, RUE DE RICHELIEU",,,Plein jour,En agglomération,Hors intersection,Normale,Deux véhicules - arrière,,,,,,,,,,,1,2,1,1,2
200700045657,0007-07-18 13:40:00,7,7,18,13,40,750,102,"11, BOULEVARD DES ITALIE",,,Plein jour,En agglomération,Hors intersection,Normale,Deux véhicules - côté,,,,,,,,,,,1,2,1,1,3
200700045658,0007-07-18 14:20:00,7,7,18,14,20,750,102,"61, RUE DE CLERY",,,Plein jour,En agglomération,Intersection en T,Normale,Deux véhicules - côté,,,,,,,,,,,1,2,3,1,3
200700045659,0007-07-15 00:35:00,7,7,15,0,35,750,102,"34, RUE ETIENNE MARCEL",,,Nuit avec éclairage allumé,En agglomération,Hors intersection,Normale,Autre collision,,,,,,,,,,,5,2,1,1,6
200700045660,0007-07-16 11:22:00,7,7,16,11,22,750,102,"20, RUE DES PETITS CHAMP",,,Plein jour,En agglomération,Hors intersection,Normale,Deux véhicules - arrière,,,,,,,,,,,1,2,1,1,2
200700045661,0007-07-21 01:00:00,7,7,21,1,0,750,104,"18, QUAI DE L HOTEL DE V",,,Nuit avec éclairage allumé,En agglomération,Hors intersection,Normale,Deux véhicules - côté,,,,,,,,,,,5,2,1,1,3
200700045662,0007-07-20 12:15:00,7,7,20,12,15,750,102,"070, RUE DE LA PAIX",,,Plein jour,En agglomération,Hors intersection,Normale,Deux véhicules - côté,,,,,,,,,,,1,2,1,1,3
200700045663,0007-07-23 01:15:00,7,7,23,1,15,750,102,BOULEVARD DE SEBASTOPOL,,,Nuit avec éclairage allumé,En agglomération,Hors intersection,Normale,Sans collision,,,,,,,,,,,5,2,1,1,7
200700045664,0007-07-23 19:00:00,7,7,23,19,0,750,102,"15, RUE DE TURBIGO",,,Plein jour,En agglomération,Hors intersection,Normale,Deux véhicules - arrière,,,,,,,,,,,1,2,1,1,2
200700045665,0007-07-26 19:30:00,7,7,26,19,30,750,102,BOULEVARD DES CAPUCINES,,,Plein jour,En agglomération,Hors intersection,Normale,Deux véhicules - arrière,,,,,,,,,,,1,2,1,1,2
200700045666,0007-07-26 14:00:00,7,7,26,14,0,750,102,"7, BOULEVARD DE BONNE NO",,,Plein jour,En agglomération,Hors intersection,Normale,Autre collision,,,,,,,,,,,1,2,1,1,6
200700045667,0007-07-30 12:50:00,7,7,30,12,50,750,102,RUE D ABOUKIR,,,Plein jour,En agglomération,Hors intersection,Normale,Sans collision,,,,,,,,,,,1,2,1,1,7
200700045668,0007-07-16 18:00:00,7,7,16,18,0,750,102,RUE DE LA BANQUE,,,Plein jour,En agglomération,Hors intersection,Normale,Autre collision,,,,,,,,,,,1,2,1,1,6
200700045669,0007-07-02 16:20:00,7,7,2,16,20,750,103,"290, RUE SAINT MARTIN",,,Plein jour,En agglomération,Hors intersection,Normale,Sans collision,,,,,,,,,,,1,2,1,1,7
200700045670,0007-07-03 12:20:00,7,7,3,12,20,750,103,"353, RUE SAINT MARTIN",,,Plein jour,En agglomération,Hors intersection,Pluie légère,Trois véhicules et plus - collisions multiples,,,,,,,,,,,1,2,1,2,5
200700045671,0007-07-04 15:30:00,7,7,4,15,30,750,103,"96, RUE BEAUBOURG",,,Plein jour,En agglomération,Hors intersection,Pluie légère,Autre collision,,,,,,,,,,,1,2,1,2,6
200700045672,0007-07-04 16:10:00,7,7,4,16,10,750,103,"67, RUE DE TURBIGO",,,Plein jour,En agglomération,Intersection en X,Normale,Deux véhicules - côté,,,,,,,,,,,1,2,2,1,3
200700045673,0007-07-06 13:00:00,7,7,6,13,0,750,103,"109, RUE VIEILLE DU TEMP",,,Plein jour,En agglomération,Hors intersection,Normale,Sans collision,,,,,,,,,,,1,2,1,1,7
200700045674,0007-07-08 19:25:00,7,7,8,19,25,750,102,"93, BOULEVARD DE SEBASTO",,,Plein jour,En agglomération,Hors intersection,Pluie légère,Sans collision,,,,,,,,,,,1,2,1,2,7
200700045675,0007-07-10 11:25:00,7,7,10,11,25,750,103,"69, RUE DE BRETAGNE",,,Plein jour,En agglomération,Hors intersection,Pluie légère,Autre collision,,,,,,,,,,,1,2,1,2,6
200700045676,0007-07-19 23:25:00,7,7,19,23,25,750,103,"13, PLACE DE LA REPUBLIQ",,,Nuit avec éclairage allumé,En agglomération,Place,Normale,Deux véhicules - côté,,,,,,,,,,,5,2,7,1,3
200700045677,0007-07-26 12:00:00,7,7,26,12,0,750,103,"177, RUE DU TEMPLE",,,Plein jour,En agglomération,Intersection en T,Normale,Deux véhicules - arrière,,,,,,,,,,,1,2,3,1,2
200700045678,0007-07-27 08:54:00,7,7,27,8,54,750,103,"211, RUE SAINT MARTIN",,,Plein jour,En agglomération,Hors intersection,Normale,Deux véhicules - côté,,,,,,,,,,,1,2,1,1,3
200700045679,0007-07-27 10:30:00,7,7,27,10,30,750,103,RUE REAUMUR,,,Plein jour,En agglomération,Intersection à plus de 4 branches,Pluie légère,Deux véhicules - côté,,,,,,,,,,,1,2,5,2,3
200700045680,0007-07-30 02:15:00,7,7,30,2,15,750,103,"107, RUE DU TEMPLE",,,Nuit avec éclairage allumé,En agglomération,Hors intersection,Normale,Autre collision,,,,,,,,,,,5,2,1,1,6
200700045681,0007-07-01 01:30:00,7,7,1,1,30,750,104,"15, RUE DES ARCHIVES",,,Nuit avec éclairage allumé,En agglomération,Hors intersection,Normale,Autre collision,,,,,,,,,,,5,2,1,1,6
200700045682,0007-07-02 17:35:00,7,7,2,17,35,750,104,VOIE GEORGES POMPIDOU,,,Plein jour,En agglomération,Hors intersection,Normale,Autre collision,,,,,,,,,,,1,2,1,1,6
200700045683,0007-07-04 01:05:00,7,7,4,1,5,750,104,"33, BOULEVARD BOURDON",,,Nuit avec éclairage allumé,En agglomération,Intersection en T,Normale,Sans collision,,,,,,,,,,,5,2,3,1,7
200700045684,0007-07-07 18:20:00,7,7,7,18,20,750,104,"42, QUAI HENRI IV",,,Plein jour,En agglomération,Intersection en T,Normale,Deux véhicules - côté,,,,,,,,,,,1,2,3,1,3
200700045685,0007-07-08 17:45:00,7,7,8,17,45,750,104,"16, QUAI DE GESVRES",,,Plein jour,En agglomération,Hors intersection,Pluie légère,Deux véhicules - côté,,,,,,,,,,,1,2,1,2,3
200700045686,0007-07-10 12:40:00,7,7,10,12,40,750,104,"2, RUE JACQUES COEUR",,,Plein jour,En agglomération,Hors intersection,Pluie légère,Autre collision,,,,,,,,,,,1,2,1,2,6
200700045687,0007-07-11 09:55:00,7,7,11,9,55,750,104,QUAI DE L HOTEL DE VILLE,,,Plein jour,En agglomération,Hors intersection,Normale,Autre collision,,,,,,,,,,,1,2,1,1,6
200700045688,0007-07-12 18:55:00,7,7,12,18,55,750,105,PONT SAINT MICHEL,,,Plein jour,En agglomération,Intersection en X,Temps couvert,Autre collision,,,,,,,,,,,1,2,2,8,6
200700045689,0007-07-13 12:41:00,7,7,13,12,41,750,104,"17, BOULEVARD HENRI IV",,,Plein jour,En agglomération,Hors intersection,Normale,Autre collision,,,,,,,,,,,1,2,1,1,6
200700045690,0007-07-17 19:55:00,7,7,17,19,55,750,101,BOULEVARD DU PALAIS,,,Crépuscule ou aube,En agglomération,Intersection en X,Normale,Sans collision,,,,,,,,,,,2,2,2,1,7
200700045691,0007-07-20 10:20:00,7,7,20,10,20,750,104,"05, RUE GEOFFROY L ANGEV",,,Plein jour,En agglomération,Hors intersection,Normale,Autre collision,,,,,,,,,,,1,2,1,1,6
200700045692,0007-07-20 11:00:00,7,7,20,11,0,750,104,"1, PONT MORLAND",,,Plein jour,En agglomération,Intersection en X,Temps couvert,Deux véhicules - côté,,,,,,,,,,,1,2,2,8,3
200700045693,0007-07-20 17:10:00,7,7,20,17,10,750,104,"IV 1077, QUAI DE L HOTEL",,,Plein jour,En agglomération,Hors intersection,Normale,Deux véhicules - arrière,,,,,,,,,,,1,2,1,1,2
200700045694,0007-07-23 09:30:00,7,7,23,9,30,750,112,PLACE DE LA BASTILLE,,,Plein jour,En agglomération,Giratoire,Pluie forte,Sans collision,,,,,,,,,,,1,2,6,3,7
200700045695,0007-07-24 14:15:00,7,7,24,14,15,750,104,PONT SAINT MICHEL,,,Plein jour,En agglomération,Intersection en X,Normale,Sans collision,,,,,,,,,,,1,2,2,1,7
200700045696,0007-07-26 16:30:00,7,7,26,16,30,750,104,QUAI DE L HOTEL DE VILLE,,,Plein jour,En agglomération,Hors intersection,Normale,Deux véhicules - arrière,,,,,,,,,,,1,2,1,1,2
200700045697,0007-07-30 14:45:00,7,7,30,14,45,750,104,QUAI DE L HOTEL DE VILLE,,,Plein jour,En agglomération,Hors intersection,Normale,Autre collision,,,,,,,,,,,1,2,1,1,6
200700045698,0007-07-30 16:50:00,7,7,30,16,50,750,104,"40, QUAI DES CELESTINS",,,Plein jour,En agglomération,Hors intersection,Normale,Sans collision,,,,,,,,,,,1,2,1,1,7
200700045699,0007-07-30 19:20:00,7,7,30,19,20,750,104,"0, QUAI HENRI IV",,,Plein jour,En agglomération,Intersection en X,Normale,Deux véhicules - côté,,,,,,,,,,,1,2,2,1,3
200700045700,0007-07-30 20:00:00,7,7,30,20,0,750,104,"5, PLACE DE LA BASTILLE",,,Plein jour,En agglomération,Hors intersection,Normale,Deux véhicules - arrière,,,,,,,,,,,1,2,1,1,2
200700045701,0007-07-01 04:00:00,7,7,1,4,0,750,105,RUE DE BAZEILLES,,,Nuit avec éclairage allumé,En agglomération,Giratoire,Temps couvert,Autre collision,,,,,,,,,,,5,2,6,8,6
200700045702,0007-07-02 19:05:00,7,7,2,19,5,750,105,PONT SAINT MICHEL,,,Plein jour,En agglomération,Intersection en X,Normale,Deux véhicules - côté,,,,,,,,,,,1,2,2,1,3
200700045703,0007-07-03 10:25:00,7,7,3,10,25,750,105,"56, RUE SAINT JACQUES",,,Plein jour,En agglomération,Intersection en X,Pluie forte,Deux véhicules - arrière,,,,,,,,,,,1,2,2,3,2
200700045704,0007-07-05 19:55:00,7,7,5,19,55,750,113,BOULEVARD PERIPHERIQUE,,,Plein jour,En agglomération,Hors intersection,Pluie légère,Trois véhicules et plus - collisions multiples,,,,,,,,,,,1,2,1,2,5