accident_id,datetime,annee,mois,jour,heure,minute,departement,commune_insee,adresse,latitude,longitude,luminosite,agglomeration,intersection,meteo,collision,nb_vehicules,nb_usagers,nb_indemnes,nb_tues,nb_blesses_hosp,nb_blesses_legers,age_cond_1,age_cond_2,veh_type_cond_1,veh_type_cond_2,lum_code,agg_code,int_code,atm_code,col_code
200700045705,0007-07-06 10:55:00,7,7,6,10,55,750,105,"180, RUE SAINT JACQUES",,,Plein jour,En agglomération,Hors intersection,Normale,Deux véhicules - côté,,,,,,,,,,,1,2,1,1,3
200700045706,0007-07-07 15:50:00,7,7,7,15,50,750,105,"40, RUE DES BERNARDINS",,,Plein jour,En agglomération,Intersection en X,Normale,Deux véhicules - côté,,,,,,,,,,,1,2,2,1,3
200700045707,0007-07-08 23:47:00,7,7,8,23,47,750,105,BOULEVARD SAINT GERMAIN,,,Nuit avec éclairage allumé,En agglomération,Intersection à plus de 4 branches,Normale,Deux véhicules - côté,,,,,,,,,,,5,2,5,1,3
200700045708,0007-07-09 07:18:00,7,7,9,7,18,750,105,BOULEVARD SAINT MARCEL,,,Plein jour,En agglomération,Hors intersection,Temps couvert,Autre collision,,,,,,,,,,,1,2,1,8,6
200700045709,0007-07-10 05:55:00,7,7,10,5,55,750,105,RUE MOUFFETARD,,,Crépuscule ou aube,En agglomération,Hors intersection,Normale,Autre collision,,,,,,,,,,,2,2,1,1,6
200700045710,0007-07-10 12:10:00,7,7,10,12,10,750,105,QUAI DE LA TOURNELLE,,,Plein jour,En agglomération,Hors intersection,Temps couvert,Deux véhicules - arrière,,,,,,,,,,,1,2,1,8,2
200700045711,0007-07-12 09:50:00,7,7,12,9,50,750,105,QUAI DE LA TOURNELLE,,,Plein jour,En agglomération,Hors intersection,Temps couvert,Deux véhicules - côté,,,,,,,,,,,1,2,1,8,3
200700045712,0007-07-16 18:30:00,7,7,16,18,30,750,105,RUE MONGE,,,Plein jour,En agglomération,Hors intersection,Temps couvert,Deux véhicules - côté,,,,,,,,,,,1,2,1,8,3
200700045713,0007-07-17 18:35:00,7,7,17,18,35,750,105,QUAI DE MONTEBELLO,,,Plein jour,En agglomération,Hors intersection,Normale,Deux véhicules - côté,,,,,,,,,,,1,2,1,1,3
200700045714,0007-07-19 10:58:00,7,7,19,10,58,750,105,"42, RUE GALANDE",,,Plein jour,En agglomération,Hors intersection,Normale,Autre collision,,,,,,,,,,,1,2,1,1,6
200700045715,0007-07-19 08:59:00,7,7,19,8,59,750,105,"34 BIS, RUE GEOFFROY SAI",,,Plein jour,En agglomération,Intersection en X,Normale,Deux véhicules - côté,,,,,,,,,,,1,2,2,1,3
200700045716,0007-07-19 12:15:00,7,7,19,12,15,750,105,"169, RUE SAINT JACQUES",,,Plein jour,En agglomération,Hors intersection,Normale,Autre collision,,,,,,,,,,,1,2,1,1,6
200700045717,0007-07-20 01:15:00,7,7,20,1,15,750,105,PONT D AUSTERLITZ,,,Nuit avec éclairage allumé,En agglomération,Hors intersection,Normale,Deux véhicules - côté,,,,,,,,,,,5,2,1,1,3
200700045718,0007-07-20 16:20:00,7,7,20,16,20,750,105,"77, RUE MONGE",,,Plein jour,En agglomération,Intersection en X,Normale,Autre collision,,,,,,,,,,,1,2,2,1,6
200700045719,0007-07-21 15:45:00,7,7,21,15,45,750,105,"2, BOULEVARD DE L HOPITA",,,Plein jour,En agglomération,Place,Normale,Autre collision,,,,,,,,,,,1,2,7,1,6
200700045720,0007-07-24 01:03:00,7,7,24,1,3,750,113,RUE DE TOLBIAC,,,Nuit avec éclairage allumé,En agglomération,Hors intersection,Temps couvert,Autre collision,,,,,,,,,,,5,2,1,8,6
200700045721,0007-07-24 09:45:00,7,7,24,9,45,750,105,AVENUE DE L OBSERVATOIRE,,,Plein jour,En agglomération,Intersection en X,Pluie légère,Deux véhicules - côté,,,,,,,,,,,1,2,2,2,3
200700045722,0007-07-28 18:08:00,7,7,28,18,8,750,105,RUE POLIVEAU,,,Plein jour,En agglomération,Intersection en X,Normale,Sans collision,,,,,,,,,,,1,2,2,1,7
200700045723,0007-07-30 14:00:00,7,7,30,14,0,750,105,"21, BOULEVARD SAINT GERM",,,Plein jour,En agglomération,Hors intersection,Normale,Deux véhicules - côté,,,,,,,,,,,1,2,1,1,3
200700045724,0007-07-31 00:05:00,7,7,31,0,5,750,105,PLACE VALHUBERT,,,Nuit avec éclairage allumé,En agglomération,Hors intersection,Normale,Sans collision,,,,,,,,,,,5,2,1,1,7
200700045725,0007-07-01 19:00:00,7,7,1,19,0,750,106,"25, QUAI DES GRANDS AUGU",,,Plein jour,En agglomération,Hors intersection,Normale,Deux véhicules - côté,,,,,,,,,,,1,2,1,1,3
200700045726,0007-07-03 20:00:00,7,7,3,20,0,750,106,BOULEVARD DU MONTPARNASS,,,Plein jour,En agglomération,Intersection à plus de 4 branches,Normale,Deux véhicules - côté,,,,,,,,,,,1,2,5,1,3
200700045727,0007-07-04 18:55:00,7,7,4,18,55,750,106,BOULEVARD SAINT MICHEL,,,Plein jour,En agglomération,Hors intersection,Normale,Autre collision,,,,,,,,,,,1,2,1,1,6
200700045728,0007-07-05 22:30:00,7,7,5,22,30,750,106,BOULEVARD SAINT MICHEL,,,Nuit avec éclairage allumé,En agglomération,Intersection en T,Pluie légère,Autre collision,,,,,,,,,,,5,2,3,2,6
200700045729,0007-07-05 22:50:00,7,7,5,22,50,750,106,BOULEVARD SAINT MICHEL,,,Nuit avec éclairage allumé,En agglomération,Hors intersection,Pluie légère,Autre collision,,,,,,,,,,,5,2,1,2,6
200700045730,0007-07-07 02:00:00,7,7,7,2,0,750,106,"88, BOULEVARD SAINT MICH",,,Nuit avec éclairage allumé,En agglomération,Intersection en X,Normale,Deux véhicules - côté,,,,,,,,,,,5,2,2,1,3
200700045731,0007-07-09 15:33:00,7,7,9,15,33,750,106,"1, QUAI DES GRANDS AUGUS",,,Plein jour,En agglomération,Hors intersection,Temps couvert,Deux véhicules - arrière,,,,,,,,,,,1,2,1,8,2
200700045732,0007-07-10 11:25:00,7,7,10,11,25,750,106,RUE DE VAUGIRARD,,,Plein jour,En agglomération,Intersection en X,Pluie légère,Deux véhicules - frontale,,,,,,,,,,,1,2,2,2,1
200700045733,0007-07-12 11:35:00,7,7,12,11,35,750,106,BOULEVARD SAINT MICHEL,,,Plein jour,En agglomération,Hors intersection,Pluie légère,Autre collision,,,,,,,,,,,1,2,1,2,6
200700045734,0007-07-15 04:40:00,7,7,15,4,40,750,106,BOULEVARD RASPAIL,,,Nuit avec éclairage allumé,En agglomération,Intersection en Y,Normale,Deux véhicules - côté,,,,,,,,,,,5,2,4,1,3
200700045735,0007-07-15 18:16:00,7,7,15,18,16,750,106,BOULEVARD DU MONTPARNASS,,,Plein jour,En agglomération,Hors intersection,Normale,Autre collision,,,,,,,,,,,1,2,1,1,6
200700045736,0007-07-18 15:50:00,7,7,18,15,50,750,106,"17BIS, QUAI DES GRANDS A",,,Plein jour,En agglomération,Hors intersection,Normale,Trois véhicules et plus - en chaîne,,,,,,,,,,,1,2,1,1,4
200700045737,0007-07-20 15:15:00,7,7,20,15,15,750,106,AVENUE DE L OBSERVATOIRE,,,Plein jour,En agglomération,Intersection en X,Normale,Deux véhicules - côté,,,,,,,,,,,1,2,2,1,3
200700045738,0007-07-21 12:20:00,7,7,21,12,20,750,106,"22, BOULEVARD SAINT MICH",,,Plein jour,En agglomération,Hors intersection,Normale,Autre collision,,,,,,,,,,,1,2,1,1,6
200700045739,0007-07-23 09:00:00,7,7,23,9,0,750,106,RUE DE RENNES,,,Plein jour,En agglomération,Hors intersection,Pluie légère,Sans collision,,,,,,,,,,,1,2,1,2,7
200700045740,0007-07-23 19:45:00,7,7,23,19,45,750,106,RUE DE TOURNON,,,Plein jour,En agglomération,Intersection en X,Normale,Deux véhicules - côté,,,,,,,,,,,1,2,2,1,3
200700045741,0007-07-24 09:25:00,7,7,24,9,25,750,106,"118, RUE DE VAUGIRARD",,,Plein jour,En agglomération,Hors intersection,Temps couvert,Deux véhicules - arrière,,,,,,,,,,,1,2,1,8,2
200700045742,0007-07-26 01:20:00,7,7,26,1,20,750,106,"66, RUE DE SEINE",,,Nuit avec éclairage allumé,En agglomération,Hors intersection,Normale,Autre collision,,,,,,,,,,,5,2,1,1,6
200700045743,0007-07-26 13:25:00,7,7,26,13,25,750,106,RUE DE L ANCIENNE COMEDI,,,Plein jour,En agglomération,Hors intersection,Normale,Autre collision,,,,,,,,,,,1,2,1,1,6
200700045744,0007-07-28 15:55:00,7,7,28,15,55,750,106,"25, QUAI DE CONTI",,,Plein jour,En agglomération,Hors intersection,Normale,Autre collision,,,,,,,,,,,1,2,1,1,6
200700045745,0007-07-30 15:30:00,7,7,30,15,30,750,106,"17, RUE DE SEVRES",,,Plein jour,En agglomération,Hors intersection,Normale,Deux véhicules - côté,,,,,,,,,,,1,2,1,1,3
200700045746,0007-07-02 12:00:00,7,7,2,12,0,750,107,"75, RUE DE VARENNE",,,Plein jour,En agglomération,Intersection en T,Normale,Autre collision,,,,,,,,,,,1,2,3,1,6
200700045747,0007-07-03 13:20:00,7,7,3,13,20,750,107,"62, BOULEVARD DE LA TOUR",,,Plein jour,En agglomération,Hors intersection,Pluie légère,Autre collision,,,,,,,,,,,1,2,1,2,6
200700045748,0007-07-06 11:35:00,7,7,6,11,35,750,107,"49, BOULEVARD DE LA TOUR",,,Plein jour,En agglomération,Intersection en T,Normale,Autre collision,,,,,,,,,,,1,2,3,1,6
200700045749,0007-07-08 15:30:00,7,7,8,15,30,750,107,"04, AVENUE DE TOURVILLE",,,Plein jour,En agglomération,Intersection en X,Normale,Autre collision,,,,,,,,,,,1,2,2,1,6
200700045750,0007-07-09 08:45:00,7,7,9,8,45,750,107,"27, QUAI VOLTAIRE",,,Plein jour,En agglomération,Intersection en T,Temps couvert,Deux véhicules - côté,,,,,,,,,,,1,2,3,8,3
200700045751,0007-07-12 17:40:00,7,7,12,17,40,750,107,"41, RUE DU BAC",,,Plein jour,En agglomération,Intersection en T,Normale,Deux véhicules - arrière,,,,,,,,,,,1,2,3,1,2
200700045752,0007-07-12 19:45:00,7,7,12,19,45,750,107,"12, BOULEVARD RASPAIL",,,Plein jour,En agglomération,Intersection en X,Normale,Deux véhicules - côté,,,,,,,,,,,1,2,2,1,3
200700045753,0007-07-13 03:25:00,7,7,13,3,25,750,107,VOIE EXPRESS RIVE GAUCHE,,,Nuit avec éclairage allumé,En agglomération,Hors intersection,Normale,Sans collision,,,,,,,,,,,5,2,1,1,7
200700045754,0007-07-13 08:35:00,7,7,13,8,35,750,107,"39, BOULEVARD DES INVALI",,,Plein jour,En agglomération,Hors intersection,Normale,Deux véhicules - arrière,,,,,,,,,,,1,2,1,1,2
200700045755,0007-07-13 16:45:00,7,7,13,16,45,750,107,QUAI BRANLY,,,Plein jour,En agglomération,Hors intersection,Normale,Deux véhicules - arrière,,,,,,,,,,,1,2,1,1,2
200700045756,0007-07-14 19:15:00,7,7,14,19,15,750,107,"6, BOULEVARD DES INVALID",,,Plein jour,En agglomération,Hors intersection,Normale,Deux véhicules - côté,,,,,,,,,,,1,2,1,1,3
200700045757,0007-07-15 14:45:00,7,7,15,14,45,750,107,VOIE EXPRESS RIVE GAUCHE,,,Plein jour,En agglomération,Hors intersection,Normale,Deux véhicules - côté,,,,,,,,,,,1,2,1,1,3
200700045758,0007-07-16 10:25:00,7,7,16,10,25,750,107,PONT DE LA CONCORDE,,,Plein jour,En agglomération,Intersection en X,Normale,Deux véhicules - arrière,,,,,,,,,,,1,2,2,1,2
200700045759,0007-07-16 12:30:00,7,7,16,12,30,750,107,RUE DE GRENELLE,,,Plein jour,En agglomération,Hors intersection,Normale,Autre collision,,,,,,,,,,,1,2,1,1,6
200700045760,0007-07-17 12:00:00,7,7,17,12,0,750,107,"231, BOULEVARD SAINT GER",,,Plein jour,En agglomération,Intersection en X,Normale,Autre collision,,,,,,,,,,,1,2,2,1,6
200700045761,0007-07-17 15:40:00,7,7,17,15,40,750,107,"1, AVENUE JOSEPH BOUVARD",,,Plein jour,En agglomération,Hors intersection,Normale,Deux véhicules - côté,,,,,,,,,,,1,2,1,1,3
200700045762,0007-07-20 18:30:00,7,7,20,18,30,750,107,BOULEVARD DES INVALIDES,,,Plein jour,En agglomération,Hors intersection,Normale,Deux véhicules - arrière,,,,,,,,,,,1,2,1,1,2
200700045763,0007-07-22 23:30:00,7,7,22,23,30,750,107,"170, RUE DE L UNIVERSITE",,,Nuit avec éclairage allumé,En agglomération,Intersection en X,Normale,Deux véhicules - côté,,,,,,,,,,,5,2,2,1,3
200700045764,0007-07-23 09:45:00,7,7,23,9,45,750,107,"42, BOULEVARD RASPAIL",,,Plein jour,En agglomération,Intersection en T,Pluie forte,Autre collision,,,,,,,,,,,1,2,3,3,6
200700045765,0007-07-27 14:40:00,7,7,27,14,40,750,107,"11, QUAI ANATOLE FRANCE",,,Plein jour,En agglomération,Hors intersection,Temps couvert,Autre collision,,,,,,,,,,,1,2,1,8,6
200700045766,0007-07-31 13:25:00,7,7,31,13,25,750,107,"9, RUE DE VILLERSEXEL",,,Plein jour,En agglomération,Hors intersection,Normale,Sans collision,,,,,,,,,,,1,2,1,1,7
200700045767,0007-07-29 20:30:00,7,7,29,20,30,750,108,"nul, PLACE DE LA CONCORD",,,Plein jour,En agglomération,Giratoire,Normale,Autre collision,,,,,,,,,,,1,2,6,1,6
200700045768,0007-07-01 04:02:00,7,7,1,4,2,750,108,"124, RUE LA BOETIE",,,Nuit avec éclairage allumé,En agglomération,Hors intersection,Pluie légère,Autre collision,,,,,,,,,,,5,2,1,2,6
200700045769,0007-07-01 17:40:00,7,7,1,17,40,750,108,"221, RUE DU FAUBOURG SAI",,,Plein jour,En agglomération,Hors intersection,Normale,Autre collision,,,,,,,,,,,1,2,1,1,6
200700045770,0007-07-02 03:05:00,7,7,2,3,5,750,108,"NUL, PLACE DU GENERAL BR",,,Nuit avec éclairage allumé,En agglomération,Intersection en T,Pluie légère,Deux véhicules - côté,,,,,,,,,,,5,2,3,2,3
200700045771,0007-07-02 13:15:00,7,7,2,13,15,750,108,"33, AVENUE DES CHAMPS EL",,,Plein jour,En agglomération,Hors intersection,Normale,Deux véhicules - côté,,,,,,,,,,,1,2,1,1,3
200700045772,0007-07-02 15:30:00,7,7,2,15,30,750,108,"47, AVENUE HOCHE",,,Plein jour,En agglomération,Hors intersection,Normale,Deux véhicules - côté,,,,,,,,,,,1,2,1,1,3
200700045773,0007-07-03 03:35:00,7,7,3,3,35,750,108,"NEANT, ROND POINT CHAMPS",,,Nuit avec éclairage non allumé,En agglomération,Hors intersection,Pluie légère,Deux véhicules - côté,,,,,,,,,,,4,2,1,2,3
200700045774,0007-07-03 09:35:00,7,7,3,9,35,750,108,COURS LA REINE,,,Plein jour,En agglomération,Autre intersection,Pluie légère,Autre collision,,,,,,,,,,,1,2,9,2,6
200700045775,0007-07-03 09:35:00,7,7,3,9,35,750,108,"121, BOULEVARD HAUSSMANN",,,Plein jour,En agglomération,Hors intersection,Pluie forte,Sans collision,,,,,,,,,,,1,2,1,3,7
200700045776,0007-07-03 16:30:00,7,7,3,16,30,750,108,AVENUE DE MARIGNY,,,Plein jour,En agglomération,Intersection en X,Normale,Deux véhicules - côté,,,,,,,,,,,1,2,2,1,3
200700045777,0007-07-04 07:45:00,7,7,4,7,45,750,108,"31, AVENUE GEORGE V",,,Plein jour,En agglomération,Hors intersection,Normale,Deux véhicules - côté,,,,,,,,,,,1,2,1,1,3
200700045778,0007-07-04 09:40:00,7,7,4,9,40,750,108,"136, AVENUE DES CHAMPS E",,,Plein jour,En agglomération,Hors intersection,Normale,Trois véhicules et plus - collisions multiples,,,,,,,,,,,1,2,1,1,5
200700045779,0007-07-05 09:35:00,7,7,5,9,35,750,108,"67, RUE DE COURCELLES",,,Plein jour,En agglomération,Autre intersection,Normale,Deux véhicules - côté,,,,,,,,,,,1,2,9,1,3
200700045780,0007-07-05 12:45:00,7,7,5,12,45,750,108,"50, AVENUE DES CHAMPS EL",,,Plein jour,En agglomération,Intersection en X,Temps couvert,Sans collision,,,,,,,,,,,1,2,2,8,7
200700045781,0007-07-06 06:05:00,7,7,6,6,5,750,108,AVENUE DES CHAMPS ELYSEE,,,Crépuscule ou aube,En agglomération,Intersection en X,Normale,Deux véhicules - côté,,,,,,,,,,,2,2,2,1,3
200700045782,0007-07-08 01:47:00,7,7,8,1,47,750,108,"nul, RUE DE COURCELLES",,,Nuit avec éclairage allumé,En agglomération,Intersection en X,Normale,Deux véhicules - côté,,,,,,,,,,,5,2,2,1,3
200700045783,0007-07-08 15:10:00,7,7,8,15,10,750,108,ROND POINT CHAMPS ELYSEE,,,Plein jour,En agglomération,Intersection à plus de 4 branches,Normale,Trois véhicules et plus - collisions multiples,,,,,,,,,,,1,2,5,1,5
200700045784,0007-07-08 17:20:00,7,7,8,17,20,750,108,"09, PLACE SAINT AUGUSTIN",,,Plein jour,En agglomération,Intersection en X,Pluie légère,Autre collision,,,,,,,,,,,1,2,2,2,6
200700045785,0007-07-08 21:40:00,7,7,8,21,40,750,108,PLACE DE LA CONCORDE,,,Crépuscule ou aube,En agglomération,Intersection en T,Normale,Deux véhicules - côté,,,,,,,,,,,2,2,3,1,3
200700045786,0007-07-09 07:30:00,7,7,9,7,30,750,108,AVENUE DES CHAMPS ELYSEE,,,Plein jour,En agglomération,Hors intersection,Pluie légère,Sans collision,,,,,,,,,,,1,2,1,2,7
200700045787,0007-07-10 01:20:00,7,7,10,1,20,750,108,AVENUE DES CHAMPS ELYSEE,,,Nuit avec éclairage allumé,En agglomération,Hors intersection,Temps couvert,Deux véhicules - arrière,,,,,,,,,,,5,2,1,8,2
200700045788,0007-07-11 19:28:00,7,7,11,19,28,750,108,PLACE DE LA CONCORDE,,,Plein jour,En agglomération,Hors intersection,Normale,Autre collision,,,,,,,,,,,1,2,1,1,6
200700045789,0007-07-12 18:10:00,7,7,12,18,10,750,108,COURS LA REINE,,,Plein jour,En agglomération,Hors intersection,Normale,Trois véhicules et plus - en chaîne,,,,,,,,,,,1,2,1,1,4
200700045790,0007-07-12 19:45:00,7,7,12,19,45,750,108,"47, RUE DE MIROMESNIL",,,Plein jour,En agglomération,Hors intersection,Pluie légère,Sans collision,,,,,,,,,,,1,2,1,2,7
200700045791,0007-07-13 06:50:00,7,7,13,6,50,750,108,"26, AVENUE GABRIEL",,,Plein jour,En agglomération,Hors intersection,Normale,Sans collision,,,,,,,,,,,1,2,1,1,7
200700045792,0007-07-13 20:30:00,7,7,13,20,30,750,108,PLACE DE LA CONCORDE,,,Plein jour,En agglomération,Intersection en X,Normale,Deux véhicules - côté,,,,,,,,,,,1,2,2,1,3
200700045793,0007-07-13 23:30:00,7,7,13,23,30,750,108,COURS LA REINE,,,Nuit avec éclairage allumé,En agglomération,Intersection en X,Normale,Deux véhicules - côté,,,,,,,,,,,5,2,2,1,3
200700045794,0007-07-15 14:55:00,7,7,15,14,55,750,108,"108, RUE DU FAUBOURG SAI",,,Plein jour,En agglomération,Hors intersection,Normale,Deux véhicules - côté,,,,,,,,,,,1,2,1,1,3
200700045795,0007-07-15 17:15:00,7,7,15,17,15,750,108,"40, AVENUE DE WAGRAM",,,Plein jour,En agglomération,Hors intersection,Normale,Deux véhicules - côté,,,,,,,,,,,1,2,1,1,3
200700045796,0007-07-17 09:30:00,7,7,17,9,30,750,108,"128, RUE DU FAUBOURG SAI",,,Plein jour,En agglomération,Hors intersection,Normale,Deux véhicules - côté,,,,,,,,,,,1,2,1,1,3
200700045797,0007-07-17 09:36:00,7,7,17,9,36,750,108,PLACE DE LA CONCORDE,,,Plein jour,En agglomération,Hors intersection,Normale,Deux véhicules - arrière,,,,,,,,,,,1,2,1,1,2
200700045798,0007-07-17 17:15:00,7,7,17,17,15,750,108,AVENUE DES CHAMPS ELYSEE,,,Plein jour,En agglomération,Hors intersection,Normale,Deux véhicules - arrière,,,,,,,,,,,1,2,1,1,2
200700045799,0007-07-18 07:08:00,7,7,18,7,8,750,108,"59, RUE DE ROME",,,Plein jour,En agglomération,Intersection à plus de 4 branches,Normale,Deux véhicules - côté,,,,,,,,,,,1,2,5,1,3
200700045800,0007-07-19 13:10:00,7,7,19,13,10,750,108,"10126, AVENUE DES CHAMPS",,,Plein jour,En agglomération,Hors intersection,Normale,Deux véhicules - côté,,,,,,,,,,,1,2,1,1,3
200700045801,0007-07-20 16:56:00,7,7,20,16,56,750,108,VOIE GEORGES POMPIDOU,,,Crépuscule ou aube,En agglomération,Hors intersection,Normale,Trois véhicules et plus - collisions multiples,,,,,,,,,,,2,2,1,1,5
200700045802,0007-07-21 06:40:00,7,7,21,6,40,750,108,AVENUE DES CHAMPS ELYSEE,,,Plein jour,En agglomération,Hors intersection,Normale,Autre collision,,,,,,,,,,,1,2,1,1,6
200700045803,0007-07-21 07:45:00,7,7,21,7,45,750,108,"35, AVENUE MONTAIGNE",,,Plein jour,En agglomération,Hors intersection,Normale,Autre collision,,,,,,,,,,,1,2,1,1,6
200700045804,0007-07-21 11:20:00,7,7,21,11,20,750,108,AVENUE DES CHAMPS ELYSEE,,,Plein jour,En agglomération,Hors intersection,Normale,Deux véhicules - arrière,,,,,,,,,,,1,2,1,1,2
200700045805,0007-07-21 18:05:00,7,7,21,18,5,750,108,PLACE DE LA CONCORDE,,,Plein jour,En agglomération,Place,Normale,Deux véhicules - arrière,,,,,,,,,,,1,2,7,1,2
200700045806,0007-07-22 01:02:00,7,7,22,1,2,750,108,PLACE SAINT AUGUSTIN,,,Nuit avec éclairage allumé,En agglomération,Intersection en X,Normale,Deux véhicules - côté,,,,,,,,,,,5,2,2,1,3
200700045807,0007-07-22 13:10:00,7,7,22,13,10,750,108,"5, BOULEVARD MALESHERBES",,,Plein jour,En agglomération,Hors intersection,Temps couvert,Autre collision,,,,,,,,,,,1,2,1,8,6
200700045808,0007-07-23 11:30:00,7,7,23,11,30,750,108,RUE ROYALE,,,Plein jour,En agglomération,Place,Pluie légère,Deux véhicules - côté,,,,,,,,,,,1,2,7,2,3
200700045809,0007-07-24 15:30:00,7,7,24,15,30,750,108,COURS ALBERT 1ER,,,Plein jour,En agglomération,Hors intersection,Normale,Deux véhicules - arrière,,,,,,,,,,,1,2,1,1,2
200700045810,0007-07-24 20:00:00,7,7,24,20,0,750,108,PLACE DE LA CONCORDE,,,Plein jour,En agglomération,Hors intersection,Normale,Deux véhicules - arrière,,,,,,,,,,,1,2,1,1,2
200700045811,0007-07-25 09:35:00,7,7,25,9,35,750,108,AVENUE DES CHAMPS ELYSEE,,,Plein jour,En agglomération,Hors intersection,Normale,Deux véhicules - côté,,,,,,,,,,,1,2,1,1,3
200700045812,0007-07-26 03:10:00,7,7,26,3,10,750,108,PLACE DE LA CONCORDE,,,Nuit avec éclairage allumé,En agglomération,Giratoire,Normale,Autre collision,,,,,,,,,,,5,2,6,1,6
200700045813,0007-07-26 11:30:00,7,7,26,11,30,750,108,"124, AVENUE DES CHAMPS E",,,Plein jour,En agglomération,Hors intersection,Normale,Trois véhicules et plus - collisions multiples,,,,,,,,,,,1,2,1,1,5
200700045814,0007-07-26 18:50:00,7,7,26,18,50,750,108,"2, RUE DE L ARCADE",,,Plein jour,En agglomération,Intersection en T,Normale,Deux véhicules - côté,,,,,,,,,,,1,2,3,1,3
200700045815,0007-07-27 04:00:00,7,7,27,4,0,750,108,"79, AVENUE DES CHAMPS EL",,,Nuit avec éclairage allumé,En agglomération,Hors intersection,Normale,Deux véhicules - côté,,,,,,,,,,,5,2,1,1,3
200700045816,0007-07-29 00:20:00,7,7,29,0,20,750,108,", PLACE DE LA MADELEINE",,,Nuit avec éclairage allumé,En agglomération,Intersection en T,Normale,Deux véhicules - côté,,,,,,,,,,,5,2,3,1,3
200700045817,0007-07-30 13:50:00,7,7,30,13,50,750,108,"152, AVENUE DES CHAMPS E",,,Plein jour,En agglomération,Hors intersection,Normale,Deux véhicules - arrière,,,,,,,,,,,1,2,1,1,2
200700045818,0007-07-30 17:10:00,7,7,30,17,10,750,108,"113, BOULEVARD HAUSSMANN",,,Plein jour,En agglomération,Intersection en X,Normale,Autre collision,,,,,,,,,,,1,2,2,1,6
200700045819,0007-07-30 22:00:00,7,7,30,22,0,750,108,RUE DE ROME,,,Nuit avec éclairage allumé,En agglomération,Hors intersection,Normale,Deux véhicules - côté,,,,,,,,,,,5,2,1,1,3
200700045820,0007-07-31 13:25:00,7,7,31,13,25,750,108,AVENUE DES CHAMPS ELYSEE,,,Plein jour,En agglomération,Hors intersection,Normale,Deux véhicules - arrière,,,,,,,,,,,1,2,1,1,2
200700045821,0007-07-31 13:10:00,7,7,31,13,10,750,108,"03, RUE MARBEUF",,,Plein jour,En agglomération,Intersection en X,Temps éblouissant,Sans collision,,,,,,,,,,,1,2,2,7,7
200700045822,0007-07-31 20:30:00,7,7,31,20,30,750,108,"9, BOULEVARD DE COURCELL",,,Plein jour,En agglomération,Place,Normale,Sans collision,,,,,,,,,,,1,2,7,1,7
200700045823,0007-07-03 10:30:00,7,7,3,10,30,750,109,"4, RUE DU HAVRE",,,Plein jour,En agglomération,Place,Pluie forte,Deux véhicules - côté,,,,,,,,,,,1,2,7,3,3
200700045824,0007-07-05 18:35:00,7,7,5,18,35,750,109,"8, RUE HALEVY",,,Plein jour,En agglomération,Hors intersection,Temps couvert,Deux véhicules - arrière,,,,,,,,,,,1,2,1,8,2
200700045825,0007-07-06 13:15:00,7,7,6,13,15,750,109,"38, RUE VIGNON",,,Plein jour,En agglomération,Hors intersection,Normale,Autre collision,,,,,,,,,,,1,2,1,1,6
200700045826,0007-07-07 18:00:00,7,7,7,18,0,750,109,RUE HALEVY,,,Plein jour,En agglomération,Hors intersection,Normale,Sans collision,,,,,,,,,,,1,2,1,1,7
200700045827,0007-07-08 07:20:00,7,7,8,7,20,750,109,"80, RUE DE PROVENCE",,,Crépuscule ou aube,En agglomération,Intersection en X,Normale,Deux véhicules - côté,,,,,,,,,,,2,2,2,1,3
200700045828,0007-07-09 15:25:00,7,7,9,15,25,750,109,"4, RUE PIERRE FONTAINE",,,Plein jour,En agglomération,Hors intersection,Pluie légère,Autre collision,,,,,,,,,,,1,2,1,2,6
200700045829,0007-07-10 08:15:00,7,7,10,8,15,750,109,PLACE DU HAVRE,,,Plein jour,En agglomération,Intersection en X,Pluie légère,Deux véhicules - côté,,,,,,,,,,,1,2,2,2,3
200700045830,0007-07-13 10:05:00,7,7,13,10,5,750,109,"43, BOULEVARD HAUSSMANN",,,Plein jour,En agglomération,Hors intersection,Normale,Deux véhicules - côté,,,,,,,,,,,1,2,1,1,3
200700045831,0007-07-15 20:40:00,7,7,15,20,40,750,109,", BOULEVARD HAUSSMANN",,,Plein jour,En agglomération,Hors intersection,Normale,Deux véhicules - côté,,,,,,,,,,,1,2,1,1,3
200700045832,0007-07-16 09:10:00,7,7,16,9,10,750,109,"20, RUE DE CLICHY",,,Plein jour,En agglomération,Hors intersection,Normale,Deux véhicules - côté,,,,,,,,,,,1,2,1,1,3
200700045833,0007-07-16 17:55:00,7,7,16,17,55,750,109,"58, RUE LA BRUYERE",,,Plein jour,En agglomération,Intersection en X,Temps couvert,Autre collision,,,,,,,,,,,1,2,2,8,6
200700045834,0007-07-17 03:45:00,7,7,17,3,45,750,109,"50, RUE JEAN BAPTISTE PI",,,Nuit avec éclairage allumé,En agglomération,Intersection en X,Normale,Autre collision,,,,,,,,,,,5,2,2,1,6
200700045835,0007-07-17 15:40:00,7,7,17,15,40,750,109,"13, RUE RICHER",,,Plein jour,En agglomération,Hors intersection,Normale,Autre collision,,,,,,,,,,,1,2,1,1,6
200700045836,0007-07-18 10:35:00,7,7,18,10,35,750,109,BOULEVARD DE LA MADELEIN,,,Plein jour,En agglomération,Intersection en T,Normale,Deux véhicules - côté,,,,,,,,,,,1,2,3,1,3