accident_id,datetime,annee,mois,jour,heure,minute,departement,commune_insee,adresse,latitude,longitude,luminosite,agglomeration,intersection,meteo,collision,nb_vehicules,nb_usagers,nb_indemnes,nb_tues,nb_blesses_hosp,nb_blesses_legers,age_cond_1,age_cond_2,veh_type_cond_1,veh_type_cond_2,lum_code,agg_code,int_code,atm_code,col_code
200700045837,0007-07-18 18:15:00,7,7,18,18,15,750,109,"05/07, BOULEVARD HAUSSMA",,,Plein jour,En agglomération,Hors intersection,Normale,Autre collision,,,,,,,,,,,1,2,1,1,6
200700045838,0007-07-19 12:15:00,7,7,19,12,15,750,109,"5, PLACE DE L OPERA",,,Plein jour,En agglomération,Hors intersection,Normale,Deux véhicules - arrière,,,,,,,,,,,1,2,1,1,2
200700045839,0007-07-19 16:50:00,7,7,19,16,50,750,109,"12, RUE AUBER",,,Plein jour,En agglomération,Hors intersection,Normale,Autre collision,,,,,,,,,,,1,2,1,1,6
200700045840,0007-07-20 23:50:00,7,7,20,23,50,750,109,RUE RICHER,,,Nuit avec éclairage allumé,En agglomération,Intersection en T,Normale,Deux véhicules - côté,,,,,,,,,,,5,2,3,1,3
200700045841,0007-07-21 19:05:00,7,7,21,19,5,750,109,"14, BOULEVARD HAUSSMANN",,,Plein jour,En agglomération,Intersection en X,Normale,Deux véhicules - côté,,,,,,,,,,,1,2,2,1,3
200700045842,0007-07-22 08:20:00,7,7,22,8,20,750,109,"4bis, RUE DE CHATEAUDUN",,,Plein jour,En agglomération,Intersection en T,Normale,Autre collision,,,,,,,,,,,1,2,3,1,6
200700045843,0007-07-23 15:10:00,7,7,23,15,10,750,109,"14, RUE HALEVY",,,Plein jour,En agglomération,Hors intersection,Pluie forte,Autre collision,,,,,,,,,,,1,2,1,3,6
200700045844,0007-07-23 17:40:00,7,7,23,17,40,750,109,RUE LA FAYETTE,,,Plein jour,En agglomération,Intersection en Y,Normale,Deux véhicules - côté,,,,,,,,,,,1,2,4,1,3
200700045845,0007-07-24 19:50:00,7,7,24,19,50,750,109,"72, RUE LA FAYETTE",,,Plein jour,En agglomération,Intersection en Y,Normale,Deux véhicules - côté,,,,,,,,,,,1,2,4,1,3
200700045846,0007-07-26 18:45:00,7,7,26,18,45,750,109,"40, BOULEVARD HAUSSMANN",,,Plein jour,En agglomération,Intersection en T,Normale,Autre collision,,,,,,,,,,,1,2,3,1,6
200700045847,0007-07-27 11:50:00,7,7,27,11,50,750,109,"néant, RUE LA FAYETTE",,,Plein jour,En agglomération,Intersection en Y,Normale,Deux véhicules - côté,,,,,,,,,,,1,2,4,1,3
200700045848,0007-07-31 13:15:00,7,7,31,13,15,750,109,"62, RUE DE LA CHAUSSEE D",,,Plein jour,En agglomération,Hors intersection,Normale,Autre collision,,,,,,,,,,,1,2,1,1,6
200700045849,0007-07-31 15:00:00,7,7,31,15,0,750,109,"104, RUE D AMSTERDAM",,,Plein jour,En agglomération,Hors intersection,Normale,Deux véhicules - arrière,,,,,,,,,,,1,2,1,1,2
200700045850,0007-07-01 04:05:00,7,7,1,4,5,750,110,"148, BOULEVARD DE MAGENT",,,Nuit avec éclairage allumé,En agglomération,Hors intersection,Pluie légère,Autre collision,,,,,,,,,,,5,2,1,2,6
200700045851,0007-07-02 10:55:00,7,7,2,10,55,750,110,"151, BOULEVARD DE MAGENT",,,Plein jour,En agglomération,Hors intersection,Normale,Autre collision,,,,,,,,,,,1,2,1,1,6
200700045852,0007-07-03 10:45:00,7,7,3,10,45,750,110,"119, BOULEVARD DE LA VIL",,,Plein jour,En agglomération,Hors intersection,Pluie forte,Autre collision,,,,,,,,,,,1,2,1,3,6
200700045853,0007-07-04 08:05:00,7,7,4,8,5,750,110,"39, BOULEVARD DE LA CHAP",,,Plein jour,En agglomération,Hors intersection,Normale,Deux véhicules - côté,,,,,,,,,,,1,2,1,1,3
200700045854,0007-07-04 19:45:00,7,7,4,19,45,750,110,"108, RUE LA FAYETTE",,,Plein jour,En agglomération,Intersection à plus de 4 branches,Pluie légère,Deux véhicules - côté,,,,,,,,,,,1,2,5,2,3
200700045855,0007-07-05 12:20:00,7,7,5,12,20,750,110,RUE LOUIS BLANC,,,Plein jour,En agglomération,Hors intersection,Normale,Deux véhicules - côté,,,,,,,,,,,1,2,1,1,3
200700045856,0007-07-05 15:10:00,7,7,5,15,10,750,110,"149, BOULEVARD DE MAGENT",,,Plein jour,En agglomération,Hors intersection,Normale,Autre collision,,,,,,,,,,,1,2,1,1,6
200700045857,0007-07-05 21:50:00,7,7,5,21,50,750,110,"77, BOULEVARD DE MAGENTA",,,Nuit avec éclairage allumé,En agglomération,Hors intersection,Pluie légère,Autre collision,,,,,,,,,,,5,2,1,2,6
200700045858,0007-07-06 00:05:00,7,7,6,0,5,750,110,"132, RUE LA FAYETTE",,,Nuit avec éclairage allumé,En agglomération,Hors intersection,Normale,Deux véhicules - côté,,,,,,,,,,,5,2,1,1,3
200700045859,0007-07-06 08:05:00,7,7,6,8,5,750,110,"29, RUE LUCIEN SAMPAIX",,,Plein jour,En agglomération,Hors intersection,Normale,Autre collision,,,,,,,,,,,1,2,1,1,6
200700045860,0007-07-07 17:30:00,7,7,7,17,30,750,110,"42, BOULEVARD DE MAGENTA",,,Plein jour,En agglomération,Hors intersection,Normale,Sans collision,,,,,,,,,,,1,2,1,1,7
200700045861,0007-07-09 13:17:00,7,7,9,13,17,750,110,"30, BOULEVARD DE BONNE N",,,Plein jour,En agglomération,Hors intersection,Normale,Sans collision,,,,,,,,,,,1,2,1,1,7
200700045862,0007-07-10 10:15:00,7,7,10,10,15,750,110,"66, BOULEVARD DE MAGENTA",,,Plein jour,En agglomération,Hors intersection,Pluie légère,Autre collision,,,,,,,,,,,1,2,1,2,6
200700045863,0007-07-11 14:30:00,7,7,11,14,30,750,110,"180, RUE DU FAUBOURG SAI",,,Plein jour,En agglomération,Hors intersection,Normale,Autre collision,,,,,,,,,,,1,2,1,1,6
200700045864,0007-07-15 02:50:00,7,7,15,2,50,750,110,"125, BOULEVARD DE MAGENT",,,Nuit avec éclairage allumé,En agglomération,Hors intersection,Normale,Deux véhicules - côté,,,,,,,,,,,5,2,1,1,3
200700045865,0007-07-15 15:35:00,7,7,15,15,35,750,110,"91, BOULEVARD DE MAGENTA",,,Plein jour,En agglomération,Hors intersection,Normale,Autre collision,,,,,,,,,,,1,2,1,1,6
200700045866,0007-07-16 22:35:00,7,7,16,22,35,750,110,"12, PLACE DE LA REPUBLIQ",,,Nuit avec éclairage allumé,En agglomération,Intersection à plus de 4 branches,Pluie légère,Deux véhicules - côté,,,,,,,,,,,5,2,5,2,3
200700045867,0007-07-17 09:00:00,7,7,17,9,0,750,110,"137, RUE DU FAUBOURG DU",,,Plein jour,En agglomération,Hors intersection,Normale,Sans collision,,,,,,,,,,,1,2,1,1,7
200700045868,0007-07-19 00:30:00,7,7,19,0,30,750,110,"206, RUE LA FAYETTE",,,Nuit avec éclairage allumé,En agglomération,Intersection en X,Normale,Autre collision,,,,,,,,,,,5,2,2,1,6
200700045869,0007-07-20 19:25:00,7,7,20,19,25,750,110,"13, BOULEVARD DE MAGENTA",,,Plein jour,En agglomération,Hors intersection,Normale,Autre collision,,,,,,,,,,,1,2,1,1,6
200700045870,0007-07-20 18:30:00,7,7,20,18,30,750,110,"22, AVENUE CLAUDE VELLEF",,,Plein jour,En agglomération,Hors intersection,Normale,Sans collision,,,,,,,,,,,1,2,1,1,7
200700045871,0007-07-23 13:13:00,7,7,23,13,13,750,110,"75, BOULEVARD DE MAGENTA",,,Plein jour,En agglomération,Hors intersection,Pluie légère,Deux véhicules - côté,,,,,,,,,,,1,2,1,2,3
200700045872,0007-07-24 11:45:00,7,7,24,11,45,750,110,"28, RUE DU FAUBOURG POIS",,,Plein jour,En agglomération,Hors intersection,Normale,Deux véhicules - côté,,,,,,,,,,,1,2,1,1,3
200700045873,0007-07-24 13:40:00,7,7,24,13,40,750,110,RUE D HAUTEVILLE,,,Plein jour,En agglomération,Hors intersection,Normale,Autre collision,,,,,,,,,,,1,2,1,1,6
200700045874,0007-07-24 14:00:00,7,7,24,14,0,750,110,"231, RUE DU FAUBOURG SAI",,,Plein jour,En agglomération,Hors intersection,Normale,Autre collision,,,,,,,,,,,1,2,1,1,6
200700045875,0007-07-25 07:45:00,7,7,25,7,45,750,110,"53, BOULEVARD DE MAGENTA",,,Plein jour,En agglomération,Hors intersection,Normale,Autre collision,,,,,,,,,,,1,2,1,1,6
200700045876,0007-07-25 16:10:00,7,7,25,16,10,750,110,"57, RUE DE CHABROL",,,Plein jour,En agglomération,Intersection en X,Normale,Autre collision,,,,,,,,,,,1,2,2,1,6
200700045877,0007-07-26 23:15:00,7,7,26,23,15,750,119,"5, PLACE ARMAND CARREL",,,Nuit avec éclairage allumé,En agglomération,Hors intersection,Normale,Sans collision,,,,,,,,,,,5,2,1,1,7
200700045878,0007-07-27 10:20:00,7,7,27,10,20,750,110,"169, RUE LA FAYETTE",,,Plein jour,En agglomération,Intersection en X,Pluie légère,Deux véhicules - frontale,,,,,,,,,,,1,2,2,2,1
200700045879,0007-07-28 00:10:00,7,7,28,0,10,750,110,RUE VICQ D AZIR,,,Nuit avec éclairage allumé,En agglomération,Intersection en X,Normale,Deux véhicules - côté,,,,,,,,,,,5,2,2,1,3
200700045880,0007-07-29 00:40:00,7,7,29,0,40,750,110,"66/68, QUAI DE JEMMAPES",,,Nuit avec éclairage allumé,En agglomération,Intersection en X,Normale,Deux véhicules - côté,,,,,,,,,,,5,2,2,1,3
200700045881,0007-07-29 05:50:00,7,7,29,5,50,750,110,"250, RUE DU FAUBOURG SAI",,,Nuit avec éclairage allumé,En agglomération,Hors intersection,Pluie légère,Deux véhicules - côté,,,,,,,,,,,5,2,1,2,3
200700045882,0007-07-29 20:58:00,7,7,29,20,58,750,110,"223, RUE DU FAUBOURG SAI",,,Crépuscule ou aube,En agglomération,Intersection en T,Normale,Deux véhicules - côté,,,,,,,,,,,2,2,3,1,3
200700045883,0007-07-29 22:35:00,7,7,29,22,35,750,110,"69, BOULEVARD DE MAGENTA",,,Nuit avec éclairage allumé,En agglomération,Intersection en X,Normale,Deux véhicules - frontale,,,,,,,,,,,5,2,2,1,1
200700045884,0007-07-30 02:15:00,7,7,30,2,15,750,110,"123, QUAI DE VALMY",,,Nuit avec éclairage allumé,En agglomération,Hors intersection,Normale,Autre collision,,,,,,,,,,,5,2,1,1,6
200700045885,0007-07-30 16:55:00,7,7,30,16,55,750,110,"101, RUE DU FAUBOURG DU",,,Plein jour,En agglomération,Hors intersection,Normale,Autre collision,,,,,,,,,,,1,2,1,1,6
200700045886,0007-07-02 22:02:00,7,7,2,22,2,750,111,"64, RUE DE MONTREUIL",,,Nuit avec éclairage allumé,En agglomération,Intersection en X,Normale,Autre collision,,,,,,,,,,,5,2,2,1,6
200700045887,0007-07-04 15:29:00,7,7,4,15,29,750,111,"29, RUE DE LAPPE",,,Plein jour,En agglomération,Hors intersection,Pluie forte,Autre collision,,,,,,,,,,,1,2,1,3,6
200700045888,0007-07-04 17:01:00,7,7,4,17,1,750,111,"5, PLACE DE LA NATION",,,Plein jour,En agglomération,Hors intersection,Pluie légère,Deux véhicules - côté,,,,,,,,,,,1,2,1,2,3
200700045889,0007-07-04 18:14:00,7,7,4,18,14,750,111,"71, RUE DE LA ROQUETTE",,,Plein jour,En agglomération,Hors intersection,Normale,Sans collision,,,,,,,,,,,1,2,1,1,7
200700045890,0007-07-05 10:25:00,7,7,5,10,25,750,111,"254, BOULEVARD VOLTAIRE",,,Plein jour,En agglomération,Hors intersection,Normale,Deux véhicules - côté,,,,,,,,,,,1,2,1,1,3
200700045891,0007-07-06 09:45:00,7,7,6,9,45,750,111,"2-4, CITE DE PHALSBOURG",,,Plein jour,En agglomération,Hors intersection,Normale,Autre collision,,,,,,,,,,,1,2,1,1,6
200700045892,0007-07-07 04:31:00,7,7,7,4,31,750,111,"40, BOULEVARD VOLTAIRE",,,Nuit avec éclairage allumé,En agglomération,Hors intersection,Normale,Deux véhicules - frontale,,,,,,,,,,,5,2,1,1,1
200700045893,0007-07-07 22:30:00,7,7,7,22,30,750,111,BOULEVARD VOLTAIRE,,,Nuit avec éclairage non allumé,En agglomération,Giratoire,Normale,Deux véhicules - côté,,,,,,,,,,,4,2,6,1,3
200700045894,0007-07-08 02:15:00,7,7,8,2,15,750,111,"50, AVENUE DE LA REPUBLI",,,Nuit avec éclairage allumé,En agglomération,Intersection en X,Normale,Autre collision,,,,,,,,,,,5,2,2,1,6
200700045895,0007-07-08 19:40:00,7,7,8,19,40,750,111,"15, PLACE DE LA NATION",,,Plein jour,En agglomération,Hors intersection,Pluie légère,Deux véhicules - côté,,,,,,,,,,,1,2,1,2,3
200700045896,0007-07-09 04:51:00,7,7,9,4,51,750,111,"60, BOULEVARD VOLTAIRE",,,Nuit avec éclairage allumé,En agglomération,Hors intersection,Normale,Autre collision,,,,,,,,,,,5,2,1,1,6
200700045897,0007-07-09 17:25:00,7,7,9,17,25,750,111,"43, BOULEVARD VOLTAIRE",,,Plein jour,En agglomération,Intersection en X,Temps couvert,Autre collision,,,,,,,,,,,1,2,2,8,6
200700045898,0007-07-09 18:10:00,7,7,9,18,10,750,111,"73, BOULEVARD VOLTAIRE",,,Plein jour,En agglomération,Intersection en Y,Temps couvert,Deux véhicules - côté,,,,,,,,,,,1,2,4,8,3
200700045899,0007-07-10 07:30:00,7,7,10,7,30,750,111,"17, PLACE DE LA NATION",,,Plein jour,En agglomération,Place,Pluie légère,Deux véhicules - côté,,,,,,,,,,,1,2,7,2,3
200700045900,0007-07-10 07:50:00,7,7,10,7,50,750,111,"12, RUE SAINT SABIN",,,Plein jour,En agglomération,Intersection en X,Pluie légère,Sans collision,,,,,,,,,,,1,2,2,2,7
200700045901,0007-07-10 17:30:00,7,7,10,17,30,750,111,AVENUE DE LA REPUBLIQUE,,,Plein jour,En agglomération,Hors intersection,Temps couvert,Deux véhicules - arrière,,,,,,,,,,,1,2,1,8,2
200700045902,0007-07-11 18:40:00,7,7,11,18,40,750,111,"face au 93, RUE DE CHARO",,,Plein jour,En agglomération,Hors intersection,Normale,Autre collision,,,,,,,,,,,1,2,1,1,6
200700045903,0007-07-12 00:55:00,7,7,12,0,55,750,111,"80, RUE DE CHARONNE",,,Nuit avec éclairage allumé,En agglomération,Hors intersection,Normale,Autre collision,,,,,,,,,,,5,2,1,1,6
200700045904,0007-07-12 15:40:00,7,7,12,15,40,750,111,"241, BOULEVARD VOLTAIRE",,,Plein jour,En agglomération,Hors intersection,Normale,Sans collision,,,,,,,,,,,1,2,1,1,7
200700045905,0007-07-14 14:38:00,7,7,14,14,38,750,111,"35, RUE OBERKAMPF",,,Plein jour,En agglomération,Intersection en X,Normale,Deux véhicules - côté,,,,,,,,,,,1,2,2,1,3
200700045906,0007-07-14 17:35:00,7,7,14,17,35,750,111,"2, BOULEVARD RICHARD LEN",,,Plein jour,En agglomération,Hors intersection,Normale,Autre collision,,,,,,,,,,,1,2,1,1,6
200700045907,0007-07-16 17:50:00,7,7,16,17,50,750,111,"112, AVENUE DE LA REPUBL",,,Plein jour,En agglomération,Hors intersection,Pluie légère,Deux véhicules - arrière,,,,,,,,,,,1,2,1,2,2
200700045908,0007-07-16 19:15:00,7,7,16,19,15,750,111,"55, BOULEVARD DE MENILMO",,,Plein jour,En agglomération,Hors intersection,Pluie légère,Autre collision,,,,,,,,,,,1,2,1,2,6
200700045909,0007-07-17 09:50:00,7,7,17,9,50,750,111,"93, AVENUE DE LA REPUBLI",,,Plein jour,En agglomération,Intersection en T,Normale,Deux véhicules - côté,,,,,,,,,,,1,2,3,1,3
200700045910,0007-07-17 22:10:00,7,7,17,22,10,750,111,"45, AVENUE DE LA REPUBLI",,,Nuit avec éclairage allumé,En agglomération,Hors intersection,Normale,Sans collision,,,,,,,,,,,5,2,1,1,7
200700045911,0007-07-17 23:25:00,7,7,17,23,25,750,112,BOULEVARD PONIATOWSKI,,,Nuit avec éclairage allumé,En agglomération,Hors intersection,Normale,Sans collision,,,,,,,,,,,5,2,1,1,7
200700045912,0007-07-19 11:40:00,7,7,19,11,40,750,111,"39, AVENUE PARMENTIER",,,Plein jour,En agglomération,Intersection en T,Normale,Autre collision,,,,,,,,,,,1,2,3,1,6
200700045913,0007-07-19 11:33:00,7,7,19,11,33,750,111,"94, AVENUE LEDRU ROLLIN",,,Plein jour,En agglomération,Hors intersection,Normale,Autre collision,,,,,,,,,,,1,2,1,1,6
200700045914,0007-07-21 07:25:00,7,7,21,7,25,750,111,"166, RUE SAINT MAUR",,,Plein jour,En agglomération,Hors intersection,Normale,Autre collision,,,,,,,,,,,1,2,1,1,6
200700045915,0007-07-21 23:20:00,7,7,21,23,20,750,111,"301, RUE DU FAUBOURG SAI",,,Nuit avec éclairage allumé,En agglomération,Hors intersection,Normale,Deux véhicules - côté,,,,,,,,,,,5,2,1,1,3
200700045916,0007-07-22 19:20:00,7,7,22,19,20,750,111,"51, BOULEVARD VOLTAIRE",,,Plein jour,En agglomération,Hors intersection,Normale,Deux véhicules - côté,,,,,,,,,,,1,2,1,1,3
200700045917,0007-07-23 13:30:00,7,7,23,13,30,750,111,"33, AVENUE DE LA REPUBLI",,,Plein jour,En agglomération,Hors intersection,Pluie forte,Deux véhicules - arrière,,,,,,,,,,,1,2,1,3,2
200700045918,0007-07-25 10:00:00,7,7,25,10,0,750,111,"101, BOULEVARD RICHARD L",,,Plein jour,En agglomération,Intersection en X,Normale,Deux véhicules - côté,,,,,,,,,,,1,2,2,1,3
200700045919,0007-07-25 17:45:00,7,7,25,17,45,750,111,"254, BOULEVARD VOLTAIRE",,,Plein jour,En agglomération,Hors intersection,Normale,Autre collision,,,,,,,,,,,1,2,1,1,6
200700045920,0007-07-27 13:52:00,7,7,27,13,52,750,111,"101, RUE DE CHARONNE",,,Plein jour,En agglomération,Hors intersection,Normale,Autre collision,,,,,,,,,,,1,2,1,1,6
200700045921,0007-07-27 22:50:00,7,7,27,22,50,750,111,"2, BOULEVARD BEAUMARCHAI",,,Nuit avec éclairage allumé,En agglomération,Hors intersection,Normale,Sans collision,,,,,,,,,,,5,2,1,1,7
200700045922,0007-07-27 23:50:00,7,7,27,23,50,750,111,AVENUE DE LA REPUBLIQUE,,,Nuit avec éclairage allumé,En agglomération,Intersection en X,Normale,Deux véhicules - côté,,,,,,,,,,,5,2,2,1,3
200700045923,0007-07-28 02:13:00,7,7,28,2,13,750,111,"77, BOULEVARD VOLTAIRE",,,Nuit avec éclairage allumé,En agglomération,Hors intersection,Normale,Deux véhicules - arrière,,,,,,,,,,,5,2,1,1,2
200700045924,0007-07-28 15:35:00,7,7,28,15,35,750,111,"119, BOULEVARD VOLTAIRE",,,Plein jour,En agglomération,Hors intersection,Normale,Deux véhicules - côté,,,,,,,,,,,1,2,1,1,3
200700045925,0007-07-28 21:45:00,7,7,28,21,45,750,111,"173, RUE DU FAUBOURG SAI",,,Nuit avec éclairage allumé,En agglomération,Hors intersection,Normale,Deux véhicules - côté,,,,,,,,,,,5,2,1,1,3
200700045926,0007-07-31 16:25:00,7,7,31,16,25,750,111,"107, RUE DE CHARONNE",,,Plein jour,En agglomération,Intersection en T,Normale,Deux véhicules - côté,,,,,,,,,,,1,2,3,1,3
200700045927,0007-07-01 18:30:00,7,7,1,18,30,750,112,QUAI DE LA RAPEE,,,Plein jour,En agglomération,Hors intersection,Normale,Deux véhicules - arrière,,,,,,,,,,,1,2,1,1,2
200700045928,0007-07-01 23:25:00,7,7,1,23,25,750,112,"78, COURS DE VINCENNES",,,Nuit avec éclairage allumé,En agglomération,Hors intersection,Normale,Deux véhicules - arrière,,,,,,,,,,,5,2,1,1,2
200700045929,0007-07-02 13:50:00,7,7,2,13,50,750,112,BOULEVARD PERIPHERIQUE,,,Plein jour,En agglomération,Hors intersection,Normale,Deux véhicules - arrière,,,,,,,,,,,1,2,1,1,2
200700045930,0007-07-02 18:35:00,7,7,2,18,35,750,112,BOULEVARD DIDEROT,,,Plein jour,En agglomération,Intersection en T,Normale,Sans collision,,,,,,,,,,,1,2,3,1,7
200700045931,0007-07-02 18:30:00,7,7,2,18,30,750,112,ROUTE DAUPHINE,,,Plein jour,En agglomération,Hors intersection,Temps couvert,Sans collision,,,,,,,,,,,1,2,1,8,7
200700045932,0007-07-03 09:15:00,7,7,3,9,15,750,112,"59, AVENUE LEDRU ROLLIN",,,Plein jour,En agglomération,Hors intersection,Pluie légère,Deux véhicules - arrière,,,,,,,,,,,1,2,1,2,2
200700045933,0007-07-03 09:50:00,7,7,3,9,50,750,112,"48, BOULEVARD DE LA BAST",48.76459,2.23729,Plein jour,En agglomération,Hors intersection,Pluie forte,Sans collision,,,,,,,,,,,1,2,1,3,7
200700045934,0007-07-03 10:36:00,7,7,3,10,36,750,112,"29, BOULEVARD SOULT",,,Plein jour,En agglomération,Hors intersection,Pluie forte,Trois véhicules et plus - en chaîne,,,,,,,,,,,1,2,1,3,4
200700045935,0007-07-03 17:10:00,7,7,3,17,10,750,112,"26, AVENUE DU DOCTEUR AR",,,Plein jour,En agglomération,Intersection en T,Normale,Autre collision,,,,,,,,,,,1,2,3,1,6
200700045936,0007-07-04 15:00:00,7,7,4,15,0,750,112,"S23285, RUE DES MEUNIERS",,,Plein jour,En agglomération,Intersection en T,Pluie légère,Sans collision,,,,,,,,,,,1,2,3,2,7
200700045937,0007-07-05 04:25:00,7,7,5,4,25,750,112,QUAI DE BERCY,,,Nuit avec éclairage allumé,En agglomération,Hors intersection,Normale,Sans collision,,,,,,,,,,,5,2,1,1,7
200700045938,0007-07-05 11:30:00,7,7,5,11,30,750,112,AVENUE DES MINIMES,,,Plein jour,En agglomération,Intersection en T,Normale,Deux véhicules - côté,,,,,,,,,,,1,2,3,1,3
200700045939,0007-07-06 10:20:00,7,7,6,10,20,750,112,"1, RUE DE DIJON",,,Plein jour,En agglomération,Hors intersection,Normale,Autre collision,,,,,,,,,,,1,2,1,1,6
200700045940,0007-07-07 03:15:00,7,7,7,3,15,750,112,"60, BOULEVARD DE REUILLY",,,Nuit avec éclairage allumé,En agglomération,Hors intersection,Normale,Sans collision,,,,,,,,,,,5,2,1,1,7
200700045941,0007-07-07 02:20:00,7,7,7,2,20,750,112,ESPLANADE SAINT LOUIS,,,Nuit avec éclairage allumé,En agglomération,Place,Normale,Deux véhicules - côté,,,,,,,,,,,5,2,7,1,3
200700045942,0007-07-07 14:45:00,7,7,7,14,45,750,112,QUAI DE LA RAPEE,,,Plein jour,En agglomération,Hors intersection,Normale,Deux véhicules - arrière,,,,,,,,,,,1,2,1,1,2
200700045943,0007-07-07 17:25:00,7,7,7,17,25,750,112,"22, COURS DE VINCENNES",,,Plein jour,En agglomération,Hors intersection,Normale,Deux véhicules - côté,,,,,,,,,,,1,2,1,1,3
200700045944,0007-07-07 17:00:00,7,7,7,17,0,750,112,QUAI DE BERCY,,,Plein jour,En agglomération,Hors intersection,Normale,Deux véhicules - arrière,,,,,,,,,,,1,2,1,1,2
200700045945,0007-07-07 17:50:00,7,7,7,17,50,750,112,"1, RUE DE PICPUS",,,Plein jour,En agglomération,Hors intersection,Normale,Autre collision,,,,,,,,,,,1,2,1,1,6
200700045946,0007-07-08 08:15:00,7,7,8,8,15,750,112,AVENUE DES MINIMES,,,Plein jour,En agglomération,Hors intersection,Normale,Autre collision,,,,,,,,,,,1,2,1,1,6
200700045947,0007-07-08 20:25:00,7,7,8,20,25,750,112,"50, AVENUE LEDRU ROLLIN",,,Plein jour,En agglomération,Hors intersection,Normale,Sans collision,,,,,,,,,,,1,2,1,1,7
200700045948,0007-07-08 22:15:00,7,7,8,22,15,750,112,AVENUE COURTELINE,,,Nuit avec éclairage allumé,En agglomération,Intersection en X,Normale,Deux véhicules - côté,,,,,,,,,,,5,2,2,1,3
200700045949,0007-07-09 11:20:00,7,7,9,11,20,750,112,SOUTERRAIN QUAI DE BERCY,,,Plein jour,En agglomération,Hors intersection,Normale,Deux véhicules - côté,,,,,,,,,,,1,2,1,1,3
200700045950,0007-07-09 20:30:00,7,7,9,20,30,750,112,RUE DU FAUBOURG SAINT AN,,,Plein jour,En agglomération,Intersection en X,Temps couvert,Deux véhicules - côté,,,,,,,,,,,1,2,2,8,3
200700045951,0007-07-10 03:35:00,7,7,10,3,35,750,112,AVENUE LEDRU ROLLIN,,,Nuit avec éclairage allumé,En agglomération,Intersection en X,Normale,Deux véhicules - côté,,,,,,,,,,,5,2,2,1,3
200700045952,0007-07-10 19:24:00,7,7,10,19,24,750,112,"2844, PONT D AUSTERLITZ",,,Plein jour,En agglomération,Hors intersection,Pluie légère,Sans collision,,,,,,,,,,,1,2,1,2,7
200700045953,0007-07-10 20:35:00,7,7,10,20,35,750,112,"54, BOULEVARD DIDEROT",,,Plein jour,En agglomération,Intersection en Y,Normale,Deux véhicules - côté,,,,,,,,,,,1,2,4,1,3
200700045954,0007-07-11 08:30:00,7,7,11,8,30,750,112,"20, RUE ERNEST LACOSTE",,,Plein jour,En agglomération,Intersection en T,Temps couvert,Autre collision,,,,,,,,,,,1,2,3,8,6
200700045955,0007-07-11 20:08:00,7,7,11,20,8,750,112,"23, RUE TRAVERSIERE",,,Plein jour,En agglomération,Intersection en X,Normale,Deux véhicules - arrière,,,,,,,,,,,1,2,2,1,2
200700045956,0007-07-12 15:10:00,7,7,12,15,10,750,112,PLACE FELIX EBOUE,,,Plein jour,En agglomération,Place,Pluie légère,Deux véhicules - côté,,,,,,,,,,,1,2,7,2,3
200700045957,0007-07-15 06:30:00,7,7,15,6,30,750,112,AVENUE DE NOGENT,,,Plein jour,En agglomération,Intersection en X,Temps couvert,Deux véhicules - frontale,,,,,,,,,,,1,2,2,8,1
200700045958,0007-07-16 08:56:00,7,7,16,8,56,750,112,", BOULEVARD DIDEROT",,,Plein jour,En agglomération,Intersection en X,Normale,Deux véhicules - côté,,,,,,,,,,,1,2,2,1,3
200700045959,0007-07-16 16:43:00,7,7,16,16,43,750,112,"9, PLACE DE LA BASTILLE",,,Plein jour,En agglomération,Place,Pluie légère,Sans collision,,,,,,,,,,,1,2,7,2,7
200700045960,0007-07-16 17:07:00,7,7,16,17,7,750,112,AVENUE DE GRAVELLE,,,Plein jour,En agglomération,Intersection en T,Pluie légère,Deux véhicules - côté,,,,,,,,,,,1,2,3,2,3
200700045961,0007-07-16 17:50:00,7,7,16,17,50,750,112,QUAI DE LA RAPEE,,,Plein jour,En agglomération,Hors intersection,Pluie légère,Autre collision,,,,,,,,,,,1,2,1,2,6
200700045962,0007-07-17 18:30:00,7,7,17,18,30,750,112,PLACE DE LA BASTILLE,,,Plein jour,En agglomération,Place,Normale,Deux véhicules - côté,,,,,,,,,,,1,2,7,1,3
200700045963,0007-07-18 00:05:00,7,7,18,0,5,750,112,"111, BOULEVARD SOULT",,,Nuit avec éclairage allumé,En agglomération,Hors intersection,Normale,Autre collision,,,,,,,,,,,5,2,1,1,6
200700045964,0007-07-19 19:50:00,7,7,19,19,50,750,112,ROUTE DAUPHINE,,,Plein jour,En agglomération,Hors intersection,Normale,Deux véhicules - côté,,,,,,,,,,,1,2,1,1,3
200700045965,0007-07-20 02:20:00,7,7,20,2,20,750,112,"47, AVENUE DAUMESNIL",,,Nuit avec éclairage non allumé,En agglomération,Hors intersection,Normale,Deux véhicules - côté,,,,,,,,,,,4,2,1,1,3
200700045966,0007-07-21 18:40:00,7,7,21,18,40,750,112,QUAI DE LA RAPEE,,,Plein jour,En agglomération,Hors intersection,Normale,Deux véhicules - côté,,,,,,,,,,,1,2,1,1,3
200700045967,0007-07-23 09:30:00,7,7,23,9,30,750,112,"L XII13578, QUAI DE BERC",,,Plein jour,En agglomération,Hors intersection,Pluie forte,Deux véhicules - arrière,,,,,,,,,,,1,2,1,3,2
200700045968,0007-07-23 14:55:00,7,7,23,14,55,750,112,AVENUE DU TREMBLAY,,,Plein jour,En agglomération,Intersection en T,Pluie légère,Sans collision,,,,,,,,,,,1,2,3,2,7