accident_id,datetime,annee,mois,jour,heure,minute,departement,commune_insee,adresse,latitude,longitude,luminosite,agglomeration,intersection,meteo,collision,nb_vehicules,nb_usagers,nb_indemnes,nb_tues,nb_blesses_hosp,nb_blesses_legers,age_cond_1,age_cond_2,veh_type_cond_1,veh_type_cond_2,lum_code,agg_code,int_code,atm_code,col_code
200700046103,0007-07-23 08:30:00,7,7,23,8,30,750,116,AVENUE FOCH,,,Plein jour,En agglomération,Giratoire,Pluie forte,Sans collision,,,,,,,,,,,1,2,6,3,7
200700046104,0007-07-23 17:20:00,7,7,23,17,20,750,116,RUE SCHEFFER,,,Plein jour,En agglomération,Hors intersection,Normale,Autre collision,,,,,,,,,,,1,2,1,1,6
200700046105,0007-07-24 02:55:00,7,7,24,2,55,750,116,AVENUE DE L HIPPODROME,,,Nuit avec éclairage allumé,En agglomération,Hors intersection,Normale,Sans collision,,,,,,,,,,,5,2,1,1,7
200700046106,0007-07-24 15:25:00,7,7,24,15,25,750,116,"0, RUE RAYNOUARD",,,Plein jour,En agglomération,Intersection en X,Normale,Deux véhicules - côté,,,,,,,,,,,1,2,2,1,3
200700046107,0007-07-24 18:55:00,7,7,24,18,55,750,116,"20, CHAUSSEE LA MUETTE",,,Plein jour,En agglomération,Hors intersection,Normale,Autre collision,,,,,,,,,,,1,2,1,1,6
200700046108,0007-07-25 01:50:00,7,7,25,1,50,750,116,AVENUE DU RANELAGH,,,Nuit avec éclairage allumé,En agglomération,Intersection en Y,Normale,Autre collision,,,,,,,,,,,5,2,4,1,6
200700046109,0007-07-25 12:55:00,7,7,25,12,55,750,116,AVENUE DE VERSAILLES,,,Plein jour,En agglomération,Intersection en X,Normale,Deux véhicules - côté,,,,,,,,,,,1,2,2,1,3
200700046110,0007-07-25 20:00:00,7,7,25,20,0,750,116,PONT DU GARIGLIANO,,,Plein jour,En agglomération,Hors intersection,Normale,Deux véhicules - arrière,,,,,,,,,,,1,2,1,1,2
200700046111,0007-07-25 23:20:00,7,7,25,23,20,750,116,AVENUE DE L HIPPODROME,,,Nuit avec éclairage allumé,En agglomération,Hors intersection,Normale,Autre collision,,,,,,,,,,,5,2,1,1,6
200700046112,0007-07-26 14:00:00,7,7,26,14,0,750,116,PLACE VICTOR HUGO,,,Plein jour,En agglomération,Place,Normale,Deux véhicules - côté,,,,,,,,,,,1,2,7,1,3
200700046113,0007-07-26 23:20:00,7,7,26,23,20,750,116,VOIE GEORGES POMPIDOU,,,Nuit avec éclairage allumé,En agglomération,Hors intersection,Normale,Sans collision,,,,,,,,,,,5,2,1,1,7
200700046114,0007-07-27 21:00:00,7,7,27,21,0,750,116,RUE D AUTEUIL,,,Nuit avec éclairage allumé,En agglomération,Hors intersection,Normale,Deux véhicules - arrière,,,,,,,,,,,5,2,1,1,2
200700046115,0007-07-28 11:50:00,7,7,28,11,50,750,116,"1, RUE CHARLES LAMOUREUX",,,Plein jour,En agglomération,Intersection en T,Normale,Autre collision,,,,,,,,,,,1,2,3,1,6
200700046116,0007-07-30 09:55:00,7,7,30,9,55,750,116,RUE DE LONGCHAMP,,,Plein jour,En agglomération,Autre intersection,Normale,Deux véhicules - côté,,,,,,,,,,,1,2,9,1,3
200700046117,0007-07-30 11:25:00,7,7,30,11,25,750,116,PLACE D IENA,,,Plein jour,En agglomération,Place,Normale,Deux véhicules - côté,,,,,,,,,,,1,2,7,1,3
200700046118,0007-07-29 20:30:00,7,7,29,20,30,750,116,"78, RUE RAYNOUARD",,,Plein jour,En agglomération,Hors intersection,Normale,Sans collision,,,,,,,,,,,1,2,1,1,7
200700046119,0007-07-29 20:30:00,7,7,29,20,30,750,116,PLACE JEAN MONNET,,,Plein jour,En agglomération,Intersection à plus de 4 branches,Normale,Deux véhicules - arrière,,,,,,,,,,,1,2,5,1,2
200700046120,0007-07-31 10:50:00,7,7,31,10,50,750,116,"01, RUE DES BAUCHES",,,Plein jour,En agglomération,Hors intersection,Normale,Autre collision,,,,,,,,,,,1,2,1,1,6
200700046121,0007-07-31 17:00:00,7,7,31,17,0,750,116,AVENUE DE LA GRANDE ARME,,,Plein jour,En agglomération,Place,Normale,Deux véhicules - arrière,,,,,,,,,,,1,2,7,1,2
200700046122,0007-07-31 20:05:00,7,7,31,20,5,750,116,BOULEVARD PERIPHERIQUE E,,,Plein jour,En agglomération,Hors intersection,Normale,Trois véhicules et plus - en chaîne,,,,,,,,,,,1,2,1,1,4
200700046123,0007-07-02 08:05:00,7,7,2,8,5,750,117,"145, RUE DE ROME",,,Plein jour,En agglomération,Hors intersection,Normale,Sans collision,,,,,,,,,,,1,2,1,1,7
200700046124,0007-07-03 08:38:00,7,7,3,8,38,750,117,"104, BOULEVARD DE COURCE",,,Plein jour,En agglomération,Intersection en T,Pluie légère,Deux véhicules - côté,,,,,,,,,,,1,2,3,2,3
200700046125,0007-07-03 12:15:00,7,7,3,12,15,750,117,"6, PLACE GENERAL CATROUX",,,Plein jour,En agglomération,Intersection en T,Pluie légère,Deux véhicules - frontale,,,,,,,,,,,1,2,3,2,1
200700046126,0007-07-04 02:35:00,7,7,4,2,35,750,117,"59, BOULEVARD GOUVION SA",,,Nuit avec éclairage allumé,En agglomération,Hors intersection,Normale,Autre collision,,,,,,,,,,,5,2,1,1,6
200700046127,0007-07-04 08:55:00,7,7,4,8,55,750,117,"11, RUE DE PRONY",,,Plein jour,En agglomération,Hors intersection,Normale,Autre collision,,,,,,,,,,,1,2,1,1,6
200700046128,0007-07-05 14:45:00,7,7,5,14,45,750,117,"02, AVENUE DE LA GRANDE",,,Plein jour,En agglomération,Hors intersection,Temps couvert,Deux véhicules - côté,,,,,,,,,,,1,2,1,8,3
200700046129,0007-07-06 11:35:00,7,7,6,11,35,750,117,"20, AVENUE DES TERNES",,,Plein jour,En agglomération,Hors intersection,Temps couvert,Sans collision,,,,,,,,,,,1,2,1,8,7
200700046130,0007-07-06 20:20:00,7,7,6,20,20,750,117,"59, BOULEVARD BESSIERES",,,Crépuscule ou aube,En agglomération,Hors intersection,Normale,Sans collision,,,,,,,,,,,2,2,1,1,7
200700046131,0007-07-07 01:34:00,7,7,7,1,34,750,117,"142, AVENUE DE VILLIERS",,,Nuit avec éclairage allumé,En agglomération,Intersection en Y,Normale,Deux véhicules - côté,,,,,,,,,,,5,2,4,1,3
200700046132,0007-07-07 15:15:00,7,7,7,15,15,750,117,"62, AVENUE DE CLICHY",,,Plein jour,En agglomération,Hors intersection,Normale,Trois véhicules et plus - collisions multiples,,,,,,,,,,,1,2,1,1,5
200700046133,0007-07-07 18:10:00,7,7,7,18,10,750,117,RUE JOUFFROY D ABBANS,,,Plein jour,En agglomération,Autre intersection,Normale,Deux véhicules - arrière,,,,,,,,,,,1,2,9,1,2
200700046134,0007-07-08 17:20:00,7,7,8,17,20,750,117,"/, BOULEVARD MALESHERBES",,,Plein jour,En agglomération,Intersection en X,Pluie légère,Deux véhicules - côté,,,,,,,,,,,1,2,2,2,3
200700046135,0007-07-10 17:15:00,7,7,10,17,15,750,117,"104, BOULEVARD DE COURCE",,,Plein jour,En agglomération,Hors intersection,Normale,Deux véhicules - arrière,,,,,,,,,,,1,2,1,1,2
200700046136,0007-07-12 15:50:00,7,7,12,15,50,750,117,"57, AVENUE DE SAINT OUEN",,,Plein jour,En agglomération,Hors intersection,Pluie légère,Sans collision,,,,,,,,,,,1,2,1,2,7
200700046137,0007-07-12 18:15:00,7,7,12,18,15,750,117,"2, PLACE DE LA PORTE MAI",,,Plein jour,En agglomération,Giratoire,Pluie légère,Sans collision,,,,,,,,,,,1,2,6,2,7
200700046138,0007-07-13 08:45:00,7,7,13,8,45,750,117,"133, AVENUE DE CLICHY",,,Plein jour,En agglomération,Hors intersection,Normale,Sans collision,,,,,,,,,,,1,2,1,1,7
200700046139,0007-07-14 13:10:00,7,7,14,13,10,750,117,"2, PLACE DE LA PORTE MAI",,,Plein jour,En agglomération,Hors intersection,Normale,Deux véhicules - arrière,,,,,,,,,,,1,2,1,1,2
200700046140,0007-07-16 08:50:00,7,7,16,8,50,750,117,"92, AVENUE DE VILLIERS",,,Crépuscule ou aube,En agglomération,Hors intersection,Pluie légère,Sans collision,,,,,,,,,,,2,2,1,2,7
200700046141,0007-07-16 17:10:00,7,7,16,17,10,750,117,PLACE DE LA PORTE MAILLO,,,Plein jour,En agglomération,Giratoire,Pluie légère,Deux véhicules - arrière,,,,,,,,,,,1,2,6,2,2
200700046142,0007-07-17 11:00:00,7,7,17,11,0,750,117,"77, AVENUE DE CLICHY",,,Plein jour,En agglomération,Hors intersection,Normale,Autre collision,,,,,,,,,,,1,2,1,1,6
200700046143,0007-07-18 09:30:00,7,7,18,9,30,750,117,", AVENUE NIEL",,,Plein jour,En agglomération,Intersection en X,Normale,Deux véhicules - côté,,,,,,,,,,,1,2,2,1,3
200700046144,0007-07-19 07:40:00,7,7,19,7,40,750,117,"47, BOULEVARD BESSIERES",,,Plein jour,En agglomération,Hors intersection,Normale,Deux véhicules - côté,,,,,,,,,,,1,2,1,1,3
200700046145,0007-07-19 23:50:00,7,7,19,23,50,750,117,"127, RUE DE ROME",,,Nuit avec éclairage allumé,En agglomération,Hors intersection,Normale,Autre collision,,,,,,,,,,,5,2,1,1,6
200700046146,0007-07-20 08:40:00,7,7,20,8,40,750,117,"142, AVENUE DE CLICHY",,,Plein jour,En agglomération,Hors intersection,Temps couvert,Sans collision,,,,,,,,,,,1,2,1,8,7
200700046147,0007-07-21 15:50:00,7,7,21,15,50,750,117,"103, RUE DE ROME",,,Plein jour,En agglomération,Hors intersection,Normale,Deux véhicules - côté,,,,,,,,,,,1,2,1,1,3
200700046148,0007-07-23 09:35:00,7,7,23,9,35,750,117,"5, PLACE GENERAL CATROUX",,,Plein jour,En agglomération,Place,Pluie légère,Deux véhicules - côté,,,,,,,,,,,1,2,7,2,3
200700046149,0007-07-23 15:00:00,7,7,23,15,0,750,117,"68, RUE GUY MOQUET",,,Plein jour,En agglomération,Hors intersection,Pluie forte,Sans collision,,,,,,,,,,,1,2,1,3,7
200700046150,0007-07-24 08:39:00,7,7,24,8,39,750,117,"1, PLACE GENERAL CATROUX",,,Plein jour,En agglomération,Intersection en X,Pluie légère,Sans collision,,,,,,,,,,,1,2,2,2,7
200700046151,0007-07-24 16:50:00,7,7,24,16,50,750,117,"180, AVENUE DE CLICHY",,,Plein jour,En agglomération,Hors intersection,Temps couvert,Autre collision,,,,,,,,,,,1,2,1,8,6
200700046152,0007-07-24 21:10:00,7,7,24,21,10,750,117,"80, BOULEVARD DES BATIGN",,,Crépuscule ou aube,En agglomération,Hors intersection,Normale,Autre collision,,,,,,,,,,,2,2,1,1,6
200700046153,0007-07-25 10:00:00,7,7,25,10,0,750,117,"6, RUE DE TILSITT",,,Plein jour,En agglomération,Intersection en X,Normale,Deux véhicules - côté,,,,,,,,,,,1,2,2,1,3
200700046154,0007-07-25 20:00:00,7,7,25,20,0,750,117,BOULEVARD PERIPHERIQUE I,,,Plein jour,En agglomération,Hors intersection,Normale,Deux véhicules - côté,,,,,,,,,,,1,2,1,1,3
200700046155,0007-07-25 21:00:00,7,7,25,21,0,750,117,"01, PLACE PAUL LEAUTAUD",,,Plein jour,En agglomération,Hors intersection,Normale,Deux véhicules - arrière,,,,,,,,,,,1,2,1,1,2
200700046156,0007-07-26 13:15:00,7,7,26,13,15,750,117,AVENUE DE NEUILLY,,,Plein jour,En agglomération,Intersection en T,Normale,Autre collision,,,,,,,,,,,1,2,3,1,6
200700046157,0007-07-27 08:10:00,7,7,27,8,10,750,117,"05, AVENUE DE LA PORTE D",,,Plein jour,En agglomération,Hors intersection,Normale,Deux véhicules - côté,,,,,,,,,,,1,2,1,1,3
200700046158,0007-07-28 13:59:00,7,7,28,13,59,750,117,"0, PLACE DU NICARAGUA",,,Plein jour,En agglomération,Intersection à plus de 4 branches,Normale,Deux véhicules - frontale,,,,,,,,,,,1,2,5,1,1
200700046159,0007-07-29 00:25:00,7,7,29,0,25,750,117,"23, AVENUE NIEL",,,Nuit avec éclairage allumé,En agglomération,Hors intersection,Normale,Deux véhicules - frontale,,,,,,,,,,,5,2,1,1,1
200700046160,0007-07-29 13:35:00,7,7,29,13,35,750,117,"158, RUE DE COURCELLES",,,Plein jour,En agglomération,Hors intersection,Normale,Autre collision,,,,,,,,,,,1,2,1,1,6
200700046161,0007-07-30 00:05:00,7,7,30,0,5,750,117,"49, BOULEVARD GOUVION SA",,,Nuit avec éclairage allumé,En agglomération,Intersection en T,Normale,Deux véhicules - côté,,,,,,,,,,,5,2,3,1,3
200700046162,0007-07-31 18:10:00,7,7,31,18,10,750,117,"91, BOULEVARD BESSIERES",,,Plein jour,En agglomération,Hors intersection,Normale,Autre collision,,,,,,,,,,,1,2,1,1,6
200700046163,0007-07-31 20:55:00,7,7,31,20,55,750,117,"165, BOULEVARD MALESHERB",,,Crépuscule ou aube,En agglomération,Hors intersection,Normale,Deux véhicules - côté,,,,,,,,,,,2,2,1,1,3
200700046164,0007-07-31 22:15:00,7,7,31,22,15,750,117,"179, AVENUE DE CLICHY",,,Nuit avec éclairage allumé,En agglomération,Hors intersection,Normale,Deux véhicules - côté,,,,,,,,,,,5,2,1,1,3
200700046165,0007-07-02 08:00:00,7,7,2,8,0,750,118,"111, RUE DES POISSONNIER",,,Plein jour,En agglomération,Hors intersection,Normale,Autre collision,,,,,,,,,,,1,2,1,1,6
200700046166,0007-07-03 06:50:00,7,7,3,6,50,750,118,PORTE DE CLIGNANCOURT,,,Plein jour,En agglomération,Intersection en Y,Pluie forte,Autre collision,,,,,,,,,,,1,2,4,3,6
200700046167,0007-07-05 15:30:00,7,7,5,15,30,750,118,"06, RUE JEAN HENRI FABRE",,,Plein jour,En agglomération,Intersection en Y,Normale,Autre collision,,,,,,,,,,,1,2,4,1,6
200700046168,0007-07-06 22:35:00,7,7,6,22,35,750,118,"42, BOULEVARD BARBES",,,Nuit avec éclairage allumé,En agglomération,Intersection en X,Normale,Deux véhicules - côté,,,,,,,,,,,5,2,2,1,3
200700046169,0007-07-09 05:10:00,7,7,9,5,10,750,118,PLACE PIGALLE,,,Crépuscule ou aube,En agglomération,Hors intersection,Temps couvert,Trois véhicules et plus - collisions multiples,,,,,,,,,,,2,2,1,8,5
200700046170,0007-07-09 18:25:00,7,7,9,18,25,750,118,"28, BOULEVARD DE LA CHAP",,,Plein jour,En agglomération,Hors intersection,Pluie légère,Autre collision,,,,,,,,,,,1,2,1,2,6
200700046171,0007-07-10 17:30:00,7,7,10,17,30,750,118,"62, BOULEVARD NEY",,,Plein jour,En agglomération,Hors intersection,Pluie légère,Autre collision,,,,,,,,,,,1,2,1,2,6
200700046172,0007-07-11 14:35:00,7,7,11,14,35,750,118,"57, BOULEVARD NEY",,,Plein jour,En agglomération,Hors intersection,Normale,Deux véhicules - côté,,,,,,,,,,,1,2,1,1,3
200700046173,0007-07-12 00:35:00,7,7,12,0,35,750,118,"170, BOULEVARD NEY",,,Nuit avec éclairage allumé,En agglomération,Hors intersection,Normale,Deux véhicules - côté,,,,,,,,,,,5,2,1,1,3
200700046174,0007-07-14 02:40:00,7,7,14,2,40,750,118,"16, BOULEVARD DE CLICHY",,,Nuit avec éclairage allumé,En agglomération,Hors intersection,Normale,Deux véhicules - arrière,,,,,,,,,,,5,2,1,1,2
200700046175,0007-07-15 00:01:00,7,7,15,0,1,750,118,"28, BOULEVARD DE LA CHAP",,,Nuit avec éclairage allumé,En agglomération,Giratoire,Normale,Deux véhicules - côté,,,,,,,,,,,5,2,6,1,3
200700046176,0007-07-15 21:05:00,7,7,15,21,5,750,118,"0, RUE DE STEINKERQUE",,,Plein jour,En agglomération,Intersection en X,Normale,Autre collision,,,,,,,,,,,1,2,2,1,6
200700046177,0007-07-16 08:05:00,7,7,16,8,5,750,118,"9, RUE MARCADET",,,Plein jour,En agglomération,Intersection en X,Pluie légère,Deux véhicules - arrière,,,,,,,,,,,1,2,2,2,2
200700046178,0007-07-18 10:10:00,7,7,18,10,10,750,118,"88, BOULEVARD DE LA CHAP",,,Plein jour,En agglomération,Hors intersection,Normale,Autre collision,,,,,,,,,,,1,2,1,1,6
200700046179,0007-07-19 19:30:00,7,7,19,19,30,750,118,"51, RUE MARX DORMOY",,,Plein jour,En agglomération,Hors intersection,Normale,Sans collision,,,,,,,,,,,1,2,1,1,7
200700046180,0007-07-20 20:00:00,7,7,20,20,0,750,118,"42, RUE MARX DORMOY",,,Plein jour,En agglomération,Autre intersection,Normale,Deux véhicules - frontale,,,,,,,,,,,1,2,9,1,1
200700046181,0007-07-21 09:30:00,7,7,21,9,30,750,118,"2, RUE DUC",,,Plein jour,En agglomération,Intersection en X,Normale,Autre collision,,,,,,,,,,,1,2,2,1,6
200700046182,0007-07-21 13:10:00,7,7,21,13,10,750,118,"82, RUE DE LA CHAPELLE",,,Plein jour,En agglomération,Hors intersection,Normale,Deux véhicules - côté,,,,,,,,,,,1,2,1,1,3
200700046183,0007-07-21 16:30:00,7,7,21,16,30,750,118,"20, PLACE DE LA CHAPELLE",,,Plein jour,En agglomération,Intersection en X,Normale,Deux véhicules - côté,,,,,,,,,,,1,2,2,1,3
200700046184,0007-07-21 08:00:00,7,7,21,8,0,750,118,PLACE DE LA CHAPELLE,,,Plein jour,En agglomération,Intersection en T,Normale,Autre collision,,,,,,,,,,,1,2,3,1,6
200700046185,0007-07-21 20:05:00,7,7,21,20,5,750,118,"94, RUE DAMREMONT",,,Plein jour,En agglomération,Hors intersection,Normale,Deux véhicules - côté,,,,,,,,,,,1,2,1,1,3
200700046186,0007-07-22 05:20:00,7,7,22,5,20,750,118,"20, RUE DE CLIGNANCOURT",,,Nuit avec éclairage allumé,En agglomération,Hors intersection,Normale,Autre collision,,,,,,,,,,,5,2,1,1,6
200700046187,0007-07-22 16:00:00,7,7,22,16,0,750,118,"2, PLACE DE LA CHAPELLE",,,Plein jour,En agglomération,Intersection en X,Normale,Deux véhicules - côté,,,,,,,,,,,1,2,2,1,3
200700046188,0007-07-23 17:25:00,7,7,23,17,25,750,118,"04, BOULEVARD NEY",,,Plein jour,En agglomération,Intersection en X,Normale,Autre collision,,,,,,,,,,,1,2,2,1,6
200700046189,0007-07-23 20:20:00,7,7,23,20,20,750,118,"6, BOULEVARD DE LA CHAPE",,,Plein jour,En agglomération,Hors intersection,Pluie légère,Deux véhicules - côté,,,,,,,,,,,1,2,1,2,3
200700046190,0007-07-25 13:00:00,7,7,25,13,0,750,118,"1, BOULEVARD NEY",,,Plein jour,En agglomération,Intersection en X,Normale,Autre collision,,,,,,,,,,,1,2,2,1,6
200700046191,0007-07-25 18:50:00,7,7,25,18,50,750,118,"74, BOULEVARD NEY",,,Plein jour,En agglomération,Hors intersection,Normale,Sans collision,,,,,,,,,,,1,2,1,1,7
200700046192,0007-07-26 18:50:00,7,7,26,18,50,750,118,"20, RUE DE LA CHAPELLE",,,Plein jour,En agglomération,Hors intersection,Normale,Deux véhicules - côté,,,,,,,,,,,1,2,1,1,3
200700046193,0007-07-27 07:50:00,7,7,27,7,50,750,118,"5, BOULEVARD ORNANO",,,Plein jour,En agglomération,Hors intersection,Normale,Sans collision,,,,,,,,,,,1,2,1,1,7
200700046194,0007-07-27 22:05:00,7,7,27,22,5,750,118,"22, RUE LETORT",,,Nuit avec éclairage allumé,En agglomération,Hors intersection,Normale,Autre collision,,,,,,,,,,,5,2,1,1,6
200700046195,0007-07-29 11:10:00,7,7,29,11,10,750,118,"18, RUE DE LA CHAPELLE",,,Plein jour,En agglomération,Hors intersection,Pluie légère,Sans collision,,,,,,,,,,,1,2,1,2,7
200700046196,0007-07-30 10:50:00,7,7,30,10,50,750,118,"01, BOULEVARD PERIPHERIQ",,,Plein jour,En agglomération,Hors intersection,Normale,Trois véhicules et plus - en chaîne,,,,,,,,,,,1,2,1,1,4
200700046197,0007-07-30 15:13:00,7,7,30,15,13,750,118,RUE CAULAINCOURT,,,Plein jour,En agglomération,Hors intersection,Normale,Autre collision,,,,,,,,,,,1,2,1,1,6
200700046198,0007-07-31 18:00:00,7,7,31,18,0,750,118,"118, BOULEVARD DE CLICHY",,,Plein jour,En agglomération,Hors intersection,Normale,Autre collision,,,,,,,,,,,1,2,1,1,6
200700046199,0007-07-30 18:30:00,7,7,30,18,30,750,119,BOULEVARD MACDONALD,,,Plein jour,En agglomération,Intersection en T,Normale,Deux véhicules - côté,,,,,,,,,,,1,2,3,1,3
200700046200,0007-07-01 09:40:00,7,7,1,9,40,750,119,"221, AVENUE JEAN JAURES",,,Plein jour,En agglomération,Hors intersection,Normale,Autre collision,,,,,,,,,,,1,2,1,1,6
200700046201,0007-07-02 19:30:00,7,7,2,19,30,750,119,"76, RUE MANIN",,,Plein jour,En agglomération,Hors intersection,Normale,Deux véhicules - côté,,,,,,,,,,,1,2,1,1,3
200700046202,0007-07-03 09:30:00,7,7,3,9,30,750,119,"118, AVENUE DE FLANDRE",,,Plein jour,En agglomération,Intersection en X,Pluie légère,Sans collision,,,,,,,,,,,1,2,2,2,7
200700046203,0007-07-03 10:30:00,7,7,3,10,30,750,119,"71, BOULEVARD SERURIER",,,Plein jour,En agglomération,Intersection en Y,Pluie forte,Deux véhicules - côté,,,,,,,,,,,1,2,4,3,3
200700046204,0007-07-05 12:42:00,7,7,5,12,42,750,119,"82, AVENUE DE FLANDRE",,,Plein jour,En agglomération,Hors intersection,Normale,Autre collision,,,,,,,,,,,1,2,1,1,6
200700046205,0007-07-05 14:30:00,7,7,5,14,30,750,119,"180, AVENUE JEAN JAURES",,,Plein jour,En agglomération,Hors intersection,Normale,Deux véhicules - frontale,,,,,,,,,,,1,2,1,1,1
200700046206,0007-07-05 17:30:00,7,7,5,17,30,750,119,"95, RUE MANIN",,,Plein jour,En agglomération,Hors intersection,Normale,Deux véhicules - arrière,,,,,,,,,,,1,2,1,1,2
200700046207,0007-07-05 20:20:00,7,7,5,20,20,750,119,"211, RUE DE BELLEVILLE",,,Crépuscule ou aube,En agglomération,Hors intersection,Pluie légère,Sans collision,,,,,,,,,,,2,2,1,2,7
200700046208,0007-07-07 19:40:00,7,7,7,19,40,750,119,"11, AVENUE CORENTIN CARI",,,Plein jour,En agglomération,Hors intersection,Normale,Deux véhicules - côté,,,,,,,,,,,1,2,1,1,3
200700046209,0007-07-08 07:45:00,7,7,8,7,45,750,119,RUE MANIN,,,Plein jour,En agglomération,Intersection en X,Normale,Deux véhicules - côté,,,,,,,,,,,1,2,2,1,3
200700046210,0007-07-09 15:50:00,7,7,9,15,50,750,119,BOULEVARD PERIPHERIQUE I,,,Plein jour,En agglomération,Hors intersection,Normale,Deux véhicules - arrière,,,,,,,,,,,1,2,1,1,2
200700046211,0007-07-10 11:15:00,7,7,10,11,15,750,119,"115, BOULEVARD MACDONALD",,,Plein jour,En agglomération,Hors intersection,Pluie légère,Deux véhicules - arrière,,,,,,,,,,,1,2,1,2,2
200700046212,0007-07-10 16:20:00,7,7,10,16,20,750,119,"100, AVENUE SIMON BOLIVA",,,Plein jour,En agglomération,Hors intersection,Normale,Deux véhicules - côté,,,,,,,,,,,1,2,1,1,3
200700046213,0007-07-10 17:10:00,7,7,10,17,10,750,119,"52, AVENUE DE FLANDRE",,,Plein jour,En agglomération,Hors intersection,Normale,Autre collision,,,,,,,,,,,1,2,1,1,6
200700046214,0007-07-15 14:00:00,7,7,15,14,0,750,119,"58, RUE DE L OURCQ",,,Plein jour,En agglomération,Intersection en T,Normale,Sans collision,,,,,,,,,,,1,2,3,1,7
200700046215,0007-07-15 15:30:00,7,7,15,15,30,750,119,PLACE AUGUSTE BARON,,,Plein jour,En agglomération,Giratoire,Normale,Trois véhicules et plus - collisions multiples,,,,,,,,,,,1,2,6,1,5
200700046216,0007-07-16 02:00:00,7,7,16,2,0,750,119,BOULEVARD PERIPHERIQUE,,,Nuit avec éclairage allumé,En agglomération,Hors intersection,Normale,Deux véhicules - arrière,,,,,,,,,,,5,2,1,1,2
200700046217,0007-07-16 11:10:00,7,7,16,11,10,750,119,"179, RUE DE CRIMEE",,,Plein jour,En agglomération,Hors intersection,Normale,Autre collision,,,,,,,,,,,1,2,1,1,6
200700046218,0007-07-16 17:15:00,7,7,16,17,15,750,119,AVENUE SIMON BOLIVAR,,,Plein jour,En agglomération,Intersection en T,Pluie légère,Sans collision,,,,,,,,,,,1,2,3,2,7
200700046219,0007-07-16 16:45:00,7,7,16,16,45,750,119,"35, AVENUE CORENTIN CARI",,,Plein jour,En agglomération,Hors intersection,Pluie légère,Trois véhicules et plus - en chaîne,,,,,,,,,,,1,2,1,2,4
200700046220,0007-07-16 20:30:00,7,7,16,20,30,750,119,"0, AVENUE DE LA PORTE DU",,,Nuit avec éclairage allumé,En agglomération,Hors intersection,Pluie forte,Deux véhicules - côté,,,,,,,,,,,5,2,1,3,3
200700046221,0007-07-16 23:50:00,7,7,16,23,50,750,119,"183/185, BOULEVARD MACDO",,,Nuit avec éclairage allumé,En agglomération,Hors intersection,Pluie légère,Trois véhicules et plus - en chaîne,,,,,,,,,,,5,2,1,2,4
200700046222,0007-07-18 01:05:00,7,7,18,1,5,750,119,"08, AVENUE CORENTIN CARI",,,Nuit sans éclairage public,En agglomération,Hors intersection,Normale,Deux véhicules - côté,,,,,,,,,,,3,2,1,1,3
200700046223,0007-07-19 12:10:00,7,7,19,12,10,750,119,BOULEVARD D ALGERIE,,,Plein jour,En agglomération,Hors intersection,Normale,Deux véhicules - arrière,,,,,,,,,,,1,2,1,1,2
200700046224,0007-07-21 03:50:00,7,7,21,3,50,750,119,"21, BOULEVARD D INDOCHIN",,,Nuit avec éclairage allumé,En agglomération,Hors intersection,Normale,Autre collision,,,,,,,,,,,5,2,1,1,6
200700046225,0007-07-21 19:55:00,7,7,21,19,55,750,119,"13, PLACE DES FETES",,,Plein jour,En agglomération,Hors intersection,Normale,Autre collision,,,,,,,,,,,1,2,1,1,6
200700046226,0007-07-22 09:45:00,7,7,22,9,45,750,119,"67, AVENUE DE FLANDRE",,,Plein jour,En agglomération,Intersection en X,Normale,Autre collision,,,,,,,,,,,1,2,2,1,6
200700046227,0007-07-22 16:50:00,7,7,22,16,50,750,119,"56, RUE DU GENERAL BRUNE",,,Plein jour,En agglomération,Hors intersection,Normale,Autre collision,,,,,,,,,,,1,2,1,1,6
200700046228,0007-07-24 10:20:00,7,7,24,10,20,750,119,"24, QUAI DE LA CHARENTE",,,Plein jour,En agglomération,Hors intersection,Normale,Autre collision,,,,,,,,,,,1,2,1,1,6
200700046229,0007-07-24 17:10:00,7,7,24,17,10,750,119,"143, AVENUE JEAN JAURES",,,Plein jour,En agglomération,Hors intersection,Normale,Sans collision,,,,,,,,,,,1,2,1,1,7
200700046230,0007-07-25 06:30:00,7,7,25,6,30,750,119,"140, AVENUE JEAN JAURES",,,Plein jour,En agglomération,Hors intersection,Normale,Sans collision,,,,,,,,,,,1,2,1,1,7
200700046231,0007-07-25 20:10:00,7,7,25,20,10,750,119,"1, RUE DAVID D ANGERS",,,Plein jour,En agglomération,Hors intersection,Normale,Autre collision,,,,,,,,,,,1,2,1,1,6
200700046232,0007-07-26 02:10:00,7,7,26,2,10,750,119,"135, AVENUE DE FLANDRE",,,Nuit avec éclairage allumé,En agglomération,Hors intersection,Normale,Autre collision,,,,,,,,,,,5,2,1,1,6
200700046233,0007-07-26 09:55:00,7,7,26,9,55,750,119,"57, RUE DE BELLEVILLE",,,Plein jour,En agglomération,Hors intersection,Normale,Autre collision,,,,,,,,,,,1,2,1,1,6
200700046234,0007-07-27 17:25:00,7,7,27,17,25,750,119,BOULEVARD MACDONALD,,,Plein jour,En agglomération,Hors intersection,Temps couvert,Autre collision,,,,,,,,,,,1,2,1,8,6
200700046235,0007-07-27 19:35:00,7,7,27,19,35,750,119,"56, BOULEVARD DE LA VILL",,,Plein jour,En agglomération,Hors intersection,Normale,Autre collision,,,,,,,,,,,1,2,1,1,6