accident_id,datetime,annee,mois,jour,heure,minute,departement,commune_insee,adresse,latitude,longitude,luminosite,agglomeration,intersection,meteo,collision,nb_vehicules,nb_usagers,nb_indemnes,nb_tues,nb_blesses_hosp,nb_blesses_legers,age_cond_1,age_cond_2,veh_type_cond_1,veh_type_cond_2,lum_code,agg_code,int_code,atm_code,col_code
200700046236,0007-07-28 20:40:00,7,7,28,20,40,750,119,"30, AVENUE DE FLANDRE",,,Plein jour,En agglomération,Hors intersection,Normale,Autre collision,,,,,,,,,,,1,2,1,1,6
200700046237,0007-07-29 23:20:00,7,7,29,23,20,750,119,"47, RUE ARMAND CARREL",,,Nuit avec éclairage allumé,En agglomération,Intersection en X,Normale,Autre collision,,,,,,,,,,,5,2,2,1,6
200700046238,0007-07-30 17:12:00,7,7,30,17,12,750,119,AVENUE DE LA PORTE DE LA,,,Plein jour,En agglomération,Intersection en X,Normale,Deux véhicules - côté,,,,,,,,,,,1,2,2,1,3
200700046239,0007-07-31 16:05:00,7,7,31,16,5,750,119,"223, AVENUE JEAN JAURES",,,Plein jour,En agglomération,Hors intersection,Normale,Trois véhicules et plus - collisions multiples,,,,,,,,,,,1,2,1,1,5
200700046240,0007-07-01 18:15:00,7,7,1,18,15,750,120,"92, RUE DE BELLEVILLE",,,Plein jour,En agglomération,Hors intersection,Normale,Trois véhicules et plus - collisions multiples,,,,,,,,,,,1,2,1,1,5
200700046241,0007-07-03 08:45:00,7,7,3,8,45,750,120,"27, RUE BELGRAND",,,Plein jour,En agglomération,Hors intersection,Pluie légère,Autre collision,,,,,,,,,,,1,2,1,2,6
200700046242,0007-07-03 19:45:00,7,7,3,19,45,750,120,"46, BOULEVARD DAVOUT",,,Plein jour,En agglomération,Intersection en T,Normale,Deux véhicules - côté,,,,,,,,,,,1,2,3,1,3
200700046243,0007-07-04 04:00:00,7,7,4,4,0,750,120,"36/38, BOULEVARD DAVOUT",,,Nuit avec éclairage allumé,En agglomération,Hors intersection,Normale,Sans collision,,,,,,,,,,,5,2,1,1,7
200700046244,0007-07-04 15:55:00,7,7,4,15,55,750,120,"23, BOULEVARD DAVOUT",,,Plein jour,En agglomération,Hors intersection,Pluie légère,Autre collision,,,,,,,,,,,1,2,1,2,6
200700046245,0007-07-06 17:00:00,7,7,6,17,0,750,120,BOULEVARD DAVOUT,,,Plein jour,En agglomération,Hors intersection,Normale,Sans collision,,,,,,,,,,,1,2,1,1,7
200700046246,0007-07-06 17:45:00,7,7,6,17,45,750,120,"59, BOULEVARD MORTIER",,,Plein jour,En agglomération,Hors intersection,Normale,Trois véhicules et plus - collisions multiples,,,,,,,,,,,1,2,1,1,5
200700046247,0007-07-09 02:59:00,7,7,9,2,59,750,120,"0, RUE DE LAGNY",,,Nuit avec éclairage allumé,En agglomération,Hors intersection,Normale,Deux véhicules - côté,,,,,,,,,,,5,2,1,1,3
200700046248,0007-07-10 10:40:00,7,7,10,10,40,750,120,"79, RUE DE MENILMONTANT",,,Plein jour,En agglomération,Hors intersection,Pluie légère,Autre collision,,,,,,,,,,,1,2,1,2,6
200700046249,0007-07-10 11:05:00,7,7,10,11,5,750,120,"2, RUE DE LA BIDASSOA",,,Plein jour,En agglomération,Intersection en T,Pluie légère,Autre collision,,,,,,,,,,,1,2,3,2,6
200700046250,0007-07-12 15:45:00,7,7,12,15,45,750,120,"60, RUE DES PYRENEES",,,Plein jour,En agglomération,Hors intersection,Pluie légère,Autre collision,,,,,,,,,,,1,2,1,2,6
200700046251,0007-07-12 15:50:00,7,7,12,15,50,750,120,BOULEVARD MORTIER,,,Plein jour,En agglomération,Intersection en X,Pluie légère,Deux véhicules - côté,,,,,,,,,,,1,2,2,2,3
200700046252,0007-07-13 15:10:00,7,7,13,15,10,750,120,RUE DE BELLEVILLE,,,Plein jour,En agglomération,Intersection en T,Normale,Autre collision,,,,,,,,,,,1,2,3,1,6
200700046253,0007-07-14 14:00:00,7,7,14,14,0,750,120,RUE DE LA CHINE,,,Plein jour,En agglomération,Hors intersection,Normale,Autre collision,,,,,,,,,,,1,2,1,1,6
200700046254,0007-07-16 16:50:00,7,7,16,16,50,750,120,"72, BOULEVARD DAVOUT",,,Plein jour,En agglomération,Intersection en X,Pluie forte,Deux véhicules - côté,,,,,,,,,,,1,2,2,3,3
200700046255,0007-07-17 20:35:00,7,7,17,20,35,750,120,RUE DE LA REUNION,,,Plein jour,En agglomération,Hors intersection,Normale,Deux véhicules - arrière,,,,,,,,,,,1,2,1,1,2
200700046256,0007-07-18 16:45:00,7,7,18,16,45,750,120,"139, RUE D AVRON",,,Plein jour,En agglomération,Hors intersection,Normale,Autre collision,,,,,,,,,,,1,2,1,1,6
200700046257,0007-07-20 21:47:00,7,7,20,21,47,750,120,"74, RUE DES PYRENEES",,,Nuit avec éclairage allumé,En agglomération,Hors intersection,Normale,Deux véhicules - frontale,,,,,,,,,,,5,2,1,1,1
200700046258,0007-07-22 16:10:00,7,7,22,16,10,750,120,"42, RUE DES VIGNOLES",,,Plein jour,En agglomération,Intersection en X,Normale,Deux véhicules - côté,,,,,,,,,,,1,2,2,1,3
200700046259,0007-07-23 10:00:00,7,7,23,10,0,750,120,"1, RUE LOUIS LUMIERE",,,Plein jour,En agglomération,Intersection en X,Pluie forte,Sans collision,,,,,,,,,,,1,2,2,3,7
200700046260,0007-07-25 12:30:00,7,7,25,12,30,750,119,"12, RUE DE BELLEVILLE",,,Plein jour,En agglomération,Hors intersection,Normale,Autre collision,,,,,,,,,,,1,2,1,1,6
200700046261,0007-07-26 20:05:00,7,7,26,20,5,750,120,"209, AVENUE GAMBETTA",,,Crépuscule ou aube,En agglomération,Hors intersection,Normale,Autre collision,,,,,,,,,,,2,2,1,1,6
200700046262,0007-07-26 22:10:00,7,7,26,22,10,750,120,"1, RUE DE MENILMONTANT",,,Nuit avec éclairage allumé,En agglomération,Hors intersection,Normale,Sans collision,,,,,,,,,,,5,2,1,1,7
200700046263,0007-07-28 17:40:00,7,7,28,17,40,750,120,"50, AVENUE DU PROFESSEUR",,,Plein jour,En agglomération,Hors intersection,Normale,Sans collision,,,,,,,,,,,1,2,1,1,7
200700046264,0007-07-29 12:10:00,7,7,29,12,10,750,120,"5, RUE DU JOURDAIN",,,Plein jour,En agglomération,Hors intersection,Pluie forte,Autre collision,,,,,,,,,,,1,2,1,3,6
200700046265,0007-07-29 13:50:00,7,7,29,13,50,750,120,"167, BOULEVARD MORTIER",,,Plein jour,En agglomération,Hors intersection,Pluie légère,Sans collision,,,,,,,,,,,1,2,1,2,7
200700046266,0007-07-29 17:00:00,7,7,29,17,0,750,120,"47, BOULEVARD DE MENILMO",,,Plein jour,En agglomération,Hors intersection,Normale,Deux véhicules - arrière,,,,,,,,,,,1,2,1,1,2
200700046267,0007-07-29 19:45:00,7,7,29,19,45,750,120,"81, RUE DES RIGOLES",,,Plein jour,En agglomération,Hors intersection,Normale,Autre collision,,,,,,,,,,,1,2,1,1,6
200700046268,0007-07-30 08:45:00,7,7,30,8,45,750,120,"37, RUE DES PYRENEES",,,Plein jour,En agglomération,Intersection en X,Normale,Deux véhicules - arrière,,,,,,,,,,,1,2,2,1,2
200700046269,0007-07-02 15:25:00,7,7,2,15,25,750,110,QUAI DE VALMY,,,Plein jour,En agglomération,Intersection en X,Normale,Deux véhicules - côté,,,,,,,,,,,1,2,2,1,3
200700046270,0007-07-02 23:40:00,7,7,2,23,40,750,112,"33, RUE DE REUILLY",,,Nuit avec éclairage allumé,En agglomération,Hors intersection,Normale,Deux véhicules - frontale,,,,,,,,,,,5,2,1,1,1
200700046271,0007-07-03 15:30:00,7,7,3,15,30,750,107,"235, BOULEVARD SAINT GER",,,Plein jour,En agglomération,Hors intersection,Temps couvert,Autre collision,,,,,,,,,,,1,2,1,8,6
200700046272,0007-07-04 11:12:00,7,7,4,11,12,750,111,"21, RUE DE MONTREUIL",,,Plein jour,En agglomération,Hors intersection,Normale,Deux véhicules - arrière,,,,,,,,,,,1,2,1,1,2
200700046273,0007-07-04 17:10:00,7,7,4,17,10,750,117,"47, RUE SAUFFROY",,,Plein jour,En agglomération,Hors intersection,Normale,Autre collision,,,,,,,,,,,1,2,1,1,6
200700046274,0007-07-04 21:45:00,7,7,4,21,45,750,116,"37, AVENUE DE LA GRANDE",,,Nuit avec éclairage allumé,En agglomération,Hors intersection,Temps couvert,Deux véhicules - arrière,,,,,,,,,,,5,2,1,8,2
200700046275,0007-07-05 12:50:00,7,7,5,12,50,750,111,"138, BOULEVARD VOLTAIRE",,,Plein jour,En agglomération,Hors intersection,Normale,Deux véhicules - arrière,,,,,,,,,,,1,2,1,1,2
200700046276,0007-07-06 00:20:00,7,7,6,0,20,750,113,QUAI FRANCOIS MAURIAC,,,Nuit avec éclairage allumé,En agglomération,Autre intersection,Normale,Trois véhicules et plus - collisions multiples,,,,,,,,,,,5,2,9,1,5
200700046277,0007-07-05 23:55:00,7,7,5,23,55,750,112,QUAI DE BERCY,,,Nuit avec éclairage allumé,En agglomération,Hors intersection,Temps couvert,Autre collision,,,,,,,,,,,5,2,1,8,6
200700046278,0007-07-07 06:45:00,7,7,7,6,45,750,116,ROUTE DE LA MUETTE A NEU,,,Plein jour,En agglomération,Intersection en X,Temps couvert,Autre collision,,,,,,,,,,,1,2,2,8,6
200700046279,0007-07-07 20:05:00,7,7,7,20,5,750,118,RUE DAMREMONT,,,Plein jour,En agglomération,Intersection en X,Normale,Autre collision,,,,,,,,,,,1,2,2,1,6
200700046280,0007-07-09 15:50:00,7,7,9,15,50,750,113,AVENUE DES GOBELINS,,,Plein jour,En agglomération,Hors intersection,Pluie légère,Deux véhicules - côté,,,,,,,,,,,1,2,1,2,3
200700046281,0007-07-10 00:05:00,7,7,10,0,5,750,113,RUE DE LA COLONIE,,,Nuit avec éclairage allumé,En agglomération,Hors intersection,Normale,Deux véhicules - arrière,,,,,,,,,,,5,2,1,1,2
200700046282,0007-07-10 16:51:00,7,7,10,16,51,750,110,RUE LA FAYETTE,,,Plein jour,En agglomération,Intersection à plus de 4 branches,Temps couvert,Deux véhicules - côté,,,,,,,,,,,1,2,5,8,3
200700046283,0007-07-11 09:15:00,7,7,11,9,15,750,116,ALLEE DE LONGCHAMP,,,Plein jour,En agglomération,Hors intersection,Normale,Deux véhicules - frontale,,,,,,,,,,,1,2,1,1,1
200700046284,0007-07-12 15:00:00,7,7,12,15,0,750,117,"89, BOULEVARD MALESHERBE",,,Plein jour,En agglomération,Hors intersection,Pluie légère,Trois véhicules et plus - collisions multiples,,,,,,,,,,,1,2,1,2,5
200700046285,0007-07-13 17:57:00,7,7,13,17,57,750,114,RUE DE L OUEST,,,Plein jour,En agglomération,Hors intersection,Normale,Autre collision,,,,,,,,,,,1,2,1,1,6
200700046286,0007-07-15 04:30:00,7,7,15,4,30,750,115,"1, PLACE ALFRED DREYFUS",,,Nuit avec éclairage allumé,En agglomération,Hors intersection,Normale,Autre collision,,,,,,,,,,,5,2,1,1,6
200700046287,0007-07-15 07:28:00,7,7,15,7,28,750,109,"37, RUE DE MAUBEUGE",,,Plein jour,En agglomération,Hors intersection,Normale,Deux véhicules - côté,,,,,,,,,,,1,2,1,1,3
200700046288,0007-07-16 17:30:00,7,7,16,17,30,750,111,RUE DU FAUBOURG SAINT AN,,,Plein jour,En agglomération,Hors intersection,Normale,Autre collision,,,,,,,,,,,1,2,1,1,6
200700046289,0007-07-17 08:50:00,7,7,17,8,50,750,110,RUE LEON JOUHAUX,,,Plein jour,En agglomération,Intersection en X,Normale,Autre collision,,,,,,,,,,,1,2,2,1,6
200700046290,0007-07-18 11:00:00,7,7,18,11,0,750,113,"71, BOULEVARD MASSENA",,,Plein jour,En agglomération,Intersection en X,Normale,Deux véhicules - côté,,,,,,,,,,,1,2,2,1,3
200700046291,0007-07-19 04:55:00,7,7,19,4,55,750,114,"00, RUE EMILE RICHARD",,,Nuit avec éclairage allumé,En agglomération,Hors intersection,Normale,Sans collision,,,,,,,,,,,5,2,1,1,7
200700046292,0007-07-19 08:22:00,7,7,19,8,22,750,112,"77, BOULEVARD PONIATOWSK",,,Plein jour,En agglomération,Hors intersection,Normale,Autre collision,,,,,,,,,,,1,2,1,1,6
200700046293,0007-07-20 09:40:00,7,7,20,9,40,750,114,"20, RUE BENARD",,,Plein jour,En agglomération,Intersection en X,Normale,Deux véhicules - côté,,,,,,,,,,,1,2,2,1,3
200700046294,0007-07-20 14:25:00,7,7,20,14,25,750,117,AVENUE DE NEUILLY,,,Plein jour,En agglomération,Intersection en T,Normale,Autre collision,,,,,,,,,,,1,2,3,1,6
200700046295,0007-07-21 00:45:00,7,7,21,0,45,750,112,"18, BOULEVARD DE LA BAST",,,Nuit avec éclairage allumé,En agglomération,Hors intersection,Normale,Deux véhicules - arrière,,,,,,,,,,,5,2,1,1,2
200700046296,0007-07-24 00:40:00,7,7,24,0,40,750,113,"100, AVENUE D ITALIE",,,Nuit avec éclairage allumé,En agglomération,Hors intersection,Normale,Deux véhicules - arrière,,,,,,,,,,,5,2,1,1,2
200700046297,0007-07-24 17:05:00,7,7,24,17,5,750,119,"282, RUE DE BELLEVILLE",,,Plein jour,En agglomération,Hors intersection,Normale,Autre collision,,,,,,,,,,,1,2,1,1,6
200700046298,0007-07-25 19:15:00,7,7,25,19,15,750,115,PORTE DE VERSAILLES,,,Plein jour,En agglomération,Hors intersection,Normale,Autre collision,,,,,,,,,,,1,2,1,1,6
200700046299,0007-07-26 05:10:00,7,7,26,5,10,750,120,BOULEVARD PERIPHERIQUE,,,Nuit avec éclairage allumé,En agglomération,Hors intersection,Normale,Sans collision,,,,,,,,,,,5,2,1,1,7
200700046300,0007-07-26 15:00:00,7,7,26,15,0,750,118,"5, RUE ORDENER",,,Plein jour,En agglomération,Hors intersection,Normale,Autre collision,,,,,,,,,,,1,2,1,1,6
200700046301,0007-07-26 21:53:00,7,7,26,21,53,750,116,AVENUE MARCEAU,,,Nuit avec éclairage allumé,En agglomération,Hors intersection,Normale,Autre collision,,,,,,,,,,,5,2,1,1,6
200700046302,0007-07-27 00:50:00,7,7,27,0,50,750,119,"11, RUE DE THIONVILLE",,,Nuit avec éclairage allumé,En agglomération,Hors intersection,Normale,Deux véhicules - arrière,,,,,,,,,,,5,2,1,1,2
200700046303,0007-07-29 04:15:00,7,7,29,4,15,750,107,"229, BOULEVARD SAINT GER",,,Nuit avec éclairage allumé,En agglomération,Hors intersection,Normale,Sans collision,,,,,,,,,,,5,2,1,1,7
200700046304,0007-07-30 18:00:00,7,7,30,18,0,750,116,ALLEE DE LONGCHAMP,,,Plein jour,En agglomération,Intersection en X,Normale,Deux véhicules - côté,,,,,,,,,,,1,2,2,1,3
200700046305,0007-07-30 18:30:00,7,7,30,18,30,750,117,RUE ALBERT ROUSSEL,,,Plein jour,En agglomération,Intersection en T,Normale,Sans collision,,,,,,,,,,,1,2,3,1,7
200700046306,0007-07-31 09:55:00,7,7,31,9,55,750,113,RUE BOBILLOT,,,Plein jour,En agglomération,Intersection en T,Normale,Autre collision,,,,,,,,,,,1,2,3,1,6
200700046307,0007-07-02 00:15:00,7,7,2,0,15,750,118,ECHANGEUR CHAPELLE,,,Nuit avec éclairage allumé,En agglomération,Intersection en Y,Normale,Sans collision,,,,,,,,,,,5,2,4,1,7
200700046308,0007-07-02 09:30:00,7,7,2,9,30,750,120,PORTE DE BAGNOLET,,,Plein jour,En agglomération,Hors intersection,Normale,Deux véhicules - côté,,,,,,,,,,,1,2,1,1,3
200700046309,0007-07-02 15:00:00,7,7,2,15,0,750,116,PORTE MAILLOT,,,Plein jour,En agglomération,Hors intersection,Normale,Trois véhicules et plus - en chaîne,,,,,,,,,,,1,2,1,1,4
200700046310,0007-07-03 10:25:00,7,7,3,10,25,750,119,PORTE DE PANTIN,,,Plein jour,En agglomération,Hors intersection,Pluie forte,Deux véhicules - arrière,,,,,,,,,,,1,2,1,3,2
200700046311,0007-07-03 16:50:00,7,7,3,16,50,750,119,PORTE D AUBERVILLIERS,,,Plein jour,En agglomération,Hors intersection,Pluie forte,Deux véhicules - arrière,,,,,,,,,,,1,2,1,3,2
200700046312,0007-07-04 08:40:00,7,7,4,8,40,750,116,PORTE D AUTEUIL,,,Plein jour,En agglomération,Hors intersection,Normale,Sans collision,,,,,,,,,,,1,2,1,1,7
200700046313,0007-07-04 16:05:00,7,7,4,16,5,750,112,PORTE DOREE,,,Plein jour,En agglomération,Hors intersection,Normale,Sans collision,,,,,,,,,,,1,2,1,1,7
200700046314,0007-07-04 17:00:00,7,7,4,17,0,750,116,PORTE DE PASSY,,,Plein jour,En agglomération,Hors intersection,Normale,Deux véhicules - côté,,,,,,,,,,,1,2,1,1,3
200700046315,0007-07-06 18:00:00,7,7,6,18,0,750,117,PORTE DE CHAMPERRET,,,Plein jour,En agglomération,Hors intersection,Normale,Deux véhicules - arrière,,,,,,,,,,,1,2,1,1,2
200700046316,0007-07-06 17:55:00,7,7,6,17,55,750,115,PORTE D ISSY,,,Plein jour,En agglomération,Hors intersection,Normale,Autre collision,,,,,,,,,,,1,2,1,1,6
200700046317,0007-07-09 08:50:00,7,7,9,8,50,750,113,PORTE D ITALIE,,,Plein jour,En agglomération,Intersection en Y,Normale,Trois véhicules et plus - collisions multiples,,,,,,,,,,,1,2,4,1,5
200700046318,0007-07-09 12:10:00,7,7,9,12,10,750,112,PORTE DOREE,,,Plein jour,En agglomération,Hors intersection,Normale,Sans collision,,,,,,,,,,,1,2,1,1,7
200700046319,0007-07-09 15:30:00,7,7,9,15,30,750,119,PORTE DE PANTIN,,,Plein jour,En agglomération,Hors intersection,Pluie forte,Trois véhicules et plus - collisions multiples,,,,,,,,,,,1,2,1,3,5
200700046320,0007-07-09 19:15:00,7,7,9,19,15,750,120,PORTE DE BAGNOLET,,,Plein jour,En agglomération,Hors intersection,Normale,Deux véhicules - côté,,,,,,,,,,,1,2,1,1,3
200700046321,0007-07-10 15:40:00,7,7,10,15,40,750,112,ECHANGEUR BERCY,,,Plein jour,En agglomération,Hors intersection,Normale,Deux véhicules - côté,,,,,,,,,,,1,2,1,1,3
200700046322,0007-07-10 16:30:00,7,7,10,16,30,750,118,PORTE DE CLIGNANCOURT,,,Plein jour,En agglomération,Hors intersection,Normale,Trois véhicules et plus - en chaîne,,,,,,,,,,,1,2,1,1,4
200700046323,0007-07-10 18:20:00,7,7,10,18,20,750,120,PORTE DE BAGNOLET,,,Plein jour,En agglomération,Hors intersection,Pluie légère,Deux véhicules - arrière,,,,,,,,,,,1,2,1,2,2
200700046324,0007-07-11 18:10:00,7,7,11,18,10,750,120,PORTE DE BAGNOLET,,,Plein jour,En agglomération,Hors intersection,Normale,Deux véhicules - côté,,,,,,,,,,,1,2,1,1,3
200700046325,0007-07-11 19:10:00,7,7,11,19,10,750,118,PORTE D AUBERVILLIERS,,,Plein jour,En agglomération,Hors intersection,Normale,Trois véhicules et plus - collisions multiples,,,,,,,,,,,1,2,1,1,5
200700046326,0007-07-12 07:30:00,7,7,12,7,30,750,116,PORTE D AUTEUIL,,,Plein jour,En agglomération,Hors intersection,Normale,Deux véhicules - côté,,,,,,,,,,,1,2,1,1,3
200700046327,0007-07-12 18:30:00,7,7,12,18,30,750,116,PORTE DE SAINT CLOUD,,,Plein jour,En agglomération,Hors intersection,Normale,Deux véhicules - côté,,,,,,,,,,,1,2,1,1,3
200700046328,0007-07-12 20:20:00,7,7,12,20,20,750,117,PORTE DE CHAMPERRET,,,Plein jour,En agglomération,Hors intersection,Normale,Deux véhicules - côté,,,,,,,,,,,1,2,1,1,3
200700046329,0007-07-13 13:50:00,7,7,13,13,50,750,113,PORTE D ITALIE,,,Plein jour,En agglomération,Hors intersection,Normale,Deux véhicules - côté,,,,,,,,,,,1,2,1,1,3
200700046330,0007-07-13 16:30:00,7,7,13,16,30,750,113,PORT DE BERCY,,,Plein jour,En agglomération,Hors intersection,Normale,Trois véhicules et plus - en chaîne,,,,,,,,,,,1,2,1,1,4
200700046331,0007-07-13 18:00:00,7,7,13,18,0,750,119,PORTE D AUBERVILLIERS,,,Plein jour,En agglomération,Hors intersection,Normale,Deux véhicules - arrière,,,,,,,,,,,1,2,1,1,2
200700046332,0007-07-15 14:00:00,7,7,15,14,0,750,117,PORTE DE SAINT OUEN,,,Plein jour,En agglomération,Hors intersection,Normale,Deux véhicules - côté,,,,,,,,,,,1,2,1,1,3
200700046333,0007-07-15 17:30:00,7,7,15,17,30,750,114,PORTE DE GENTILLY,,,Plein jour,En agglomération,Hors intersection,Normale,Autre collision,,,,,,,,,,,1,2,1,1,6
200700046334,0007-07-16 18:20:00,7,7,16,18,20,750,114,PORTE DE GENTILLY,,,Plein jour,En agglomération,Hors intersection,Normale,Sans collision,,,,,,,,,,,1,2,1,1,7
200700046335,0007-07-18 08:15:00,7,7,18,8,15,750,112,ECHANGEUR BERCY,,,Plein jour,En agglomération,Hors intersection,Normale,Deux véhicules - côté,,,,,,,,,,,1,2,1,1,3
200700046336,0007-07-18 18:40:00,7,7,18,18,40,750,114,PORTE DE CHATILLON,,,Plein jour,En agglomération,Hors intersection,Normale,Deux véhicules - côté,,,,,,,,,,,1,2,1,1,3
200700046337,0007-07-19 09:10:00,7,7,19,9,10,750,116,PORTE DE SAINT CLOUD,,,Plein jour,En agglomération,Hors intersection,Normale,Deux véhicules - arrière,,,,,,,,,,,1,2,1,1,2
200700046338,0007-07-19 16:20:00,7,7,19,16,20,750,112,PORTE DE CHARENTON,,,Plein jour,En agglomération,Hors intersection,Normale,Sans collision,,,,,,,,,,,1,2,1,1,7
200700046339,0007-07-20 06:20:00,7,7,20,6,20,750,112,ECHANGEUR BERCY,,,Crépuscule ou aube,En agglomération,Hors intersection,Normale,Autre collision,,,,,,,,,,,2,2,1,1,6
200700046340,0007-07-20 10:20:00,7,7,20,10,20,750,120,PORTE DES LILAS,,,Plein jour,En agglomération,Hors intersection,Normale,Trois véhicules et plus - en chaîne,,,,,,,,,,,1,2,1,1,4
200700046341,0007-07-20 15:05:00,7,7,20,15,5,750,113,PORTE D IVRY,,,Plein jour,En agglomération,Hors intersection,Normale,Deux véhicules - arrière,,,,,,,,,,,1,2,1,1,2
200700046342,0007-07-21 12:30:00,7,7,21,12,30,750,115,PORTE DE VERSAILLES,,,Plein jour,En agglomération,Hors intersection,Normale,Trois véhicules et plus - en chaîne,,,,,,,,,,,1,2,1,1,4
200700046343,0007-07-21 14:20:00,7,7,21,14,20,750,117,PORTE DE SAINT OUEN,,,Plein jour,En agglomération,Hors intersection,Normale,Deux véhicules - côté,,,,,,,,,,,1,2,1,1,3
200700046344,0007-07-21 22:40:00,7,7,21,22,40,750,120,BOULEVARD PERIPHERIQUE I,,,Nuit avec éclairage allumé,En agglomération,Intersection en Y,Normale,Trois véhicules et plus - en chaîne,,,,,,,,,,,5,2,4,1,4
200700046345,0007-07-23 03:45:00,7,7,23,3,45,750,120,"Bretelle 2, ECHANGEUR BA",,,Nuit avec éclairage allumé,En agglomération,Hors intersection,Pluie forte,Autre collision,,,,,,,,,,,5,2,1,3,6
200700046346,0007-07-24 08:15:00,7,7,24,8,15,750,120,ECHANGEUR BAGNOLET,,,Plein jour,En agglomération,Hors intersection,Pluie forte,Autre collision,,,,,,,,,,,1,2,1,3,6
200700046347,0007-07-25 17:30:00,7,7,25,17,30,750,118,PORTE DE CLIGNANCOURT,,,Plein jour,En agglomération,Hors intersection,Normale,Sans collision,,,,,,,,,,,1,2,1,1,7
200700046348,0007-07-25 18:45:00,7,7,25,18,45,750,113,PORTE DE GENTILLY,,,Plein jour,En agglomération,Hors intersection,Normale,Deux véhicules - côté,,,,,,,,,,,1,2,1,1,3
200700046349,0007-07-26 16:10:00,7,7,26,16,10,750,117,PORTE DE CHAMPERRET,,,Plein jour,En agglomération,Hors intersection,Normale,Trois véhicules et plus - collisions multiples,,,,,,,,,,,1,2,1,1,5
200700046350,0007-07-26 18:12:00,7,7,26,18,12,750,113,QUAI D IVRY,,,Plein jour,En agglomération,Hors intersection,Normale,Deux véhicules - côté,,,,,,,,,,,1,2,1,1,3
200700046351,0007-07-27 15:40:00,7,7,27,15,40,750,112,PORTE DE CHARENTON,,,Plein jour,En agglomération,Hors intersection,Normale,Deux véhicules - arrière,,,,,,,,,,,1,2,1,1,2
200700046352,0007-07-27 18:25:00,7,7,27,18,25,750,113,PONT DE BERCY,,,Plein jour,En agglomération,Hors intersection,Normale,Deux véhicules - côté,,,,,,,,,,,1,2,1,1,3
200700046353,0007-07-28 05:30:00,7,7,28,5,30,750,120,BOULEVARD PERIPHERIQUE I,,,Nuit avec éclairage allumé,En agglomération,Hors intersection,Normale,Autre collision,,,,,,,,,,,5,2,1,1,6
200700046354,0007-07-28 07:30:00,7,7,28,7,30,750,116,PORTE DAUPHINE,,,Plein jour,En agglomération,Hors intersection,Normale,Trois véhicules et plus - en chaîne,,,,,,,,,,,1,2,1,1,4
200700046355,0007-07-28 10:00:00,7,7,28,10,0,750,114,PORTE D ORLEANS,,,Plein jour,En agglomération,Hors intersection,Normale,Autre collision,,,,,,,,,,,1,2,1,1,6
200700046356,0007-07-28 14:50:00,7,7,28,14,50,750,118,ECHANGEUR CHAPELLE,,,Plein jour,En agglomération,Hors intersection,Normale,Sans collision,,,,,,,,,,,1,2,1,1,7
200700046357,0007-07-31 08:45:00,7,7,31,8,45,750,113,PORTE D ITALIE,,,Plein jour,En agglomération,Hors intersection,Normale,Autre collision,,,,,,,,,,,1,2,1,1,6
200700046358,0007-06-29 14:40:00,7,6,29,14,40,60,123,BORD DE MER RN 98,,,Plein jour,En agglomération,Hors intersection,Normale,Deux véhicules - côté,,,,,,,,,,,1,2,1,1,3
200700046359,0007-07-05 18:10:00,7,7,5,18,10,340,32,"12, FOUCAULT JEAN (AV)",,,Plein jour,En agglomération,Giratoire,Normale,Deux véhicules - arrière,,,,,,,,,,,1,2,6,1,2
200700046360,0007-07-22 00:20:00,7,7,22,0,20,340,32,"NR, ORNANO COLONEL D' (A",,,Nuit avec éclairage allumé,En agglomération,Hors intersection,Normale,Autre collision,,,,,,,,,,,5,2,1,1,6
200700046361,0007-06-25 16:21:00,7,6,25,16,21,420,218,"1, MONTEIL (DE)",,,Plein jour,En agglomération,Intersection en X,Normale,Autre collision,,,,,,,,,,,1,2,2,1,6
200700046362,0007-06-07 14:20:00,7,6,7,14,20,620,737,"129, NATIONALE (ROUTE) C",,,Plein jour,Hors agglomération,Hors intersection,Normale,Trois véhicules et plus - collisions multiples,,,,,,,,,,,1,1,1,1,5
200700046363,0007-07-24 18:55:00,7,7,24,18,55,770,350,CD 471,,,Plein jour,Hors agglomération,Intersection en X,Normale,Trois véhicules et plus - collisions multiples,,,,,,,,,,,1,1,2,1,5
200700046364,0007-07-15 00:05:00,7,7,15,0,5,830,126,ROSTAND (BD JEAN),,,Nuit avec éclairage allumé,En agglomération,Hors intersection,Normale,Deux véhicules - frontale,,,,,,,,,,,5,2,1,1,1
200700046365,0007-07-17 00:10:00,7,7,17,0,10,830,126,"00, JUIN (AV MARECHAL)",,,Nuit avec éclairage allumé,En agglomération,Intersection en X,Normale,Deux véhicules - côté,,,,,,,,,,,5,2,2,1,3
200700046366,0007-07-22 23:10:00,7,7,22,23,10,830,153,"00, JULES GUESDE (QUAI)",,,Nuit avec éclairage allumé,En agglomération,Hors intersection,Normale,Deux véhicules - côté,,,,,,,,,,,5,2,1,1,3
200700046367,0007-07-23 16:05:00,7,7,23,16,5,830,126,"00, BRUN (AV ROBERT)",,,Plein jour,En agglomération,Autre intersection,Normale,Deux véhicules - arrière,,,,,,,,,,,1,2,9,1,2
200700046368,0007-07-24 15:00:00,7,7,24,15,0,830,126,LA SEYNE A OLLIOULES (CH,,,Plein jour,Hors agglomération,Giratoire,Normale,Deux véhicules - côté,,,,,,,,,,,1,1,6,1,3