accident_id,datetime,annee,mois,jour,heure,minute,departement,commune_insee,adresse,latitude,longitude,luminosite,agglomeration,intersection,meteo,collision,nb_vehicules,nb_usagers,nb_indemnes,nb_tues,nb_blesses_hosp,nb_blesses_legers,age_cond_1,age_cond_2,veh_type_cond_1,veh_type_cond_2,lum_code,agg_code,int_code,atm_code,col_code
200700046369,0007-07-25 07:30:00,7,7,25,7,30,830,153,CHARLES DE GAULLE (AV),,,Plein jour,En agglomération,Hors intersection,Normale,Deux véhicules - arrière,,,,,,,,,,,1,2,1,1,2
200700046370,0007-07-25 16:55:00,7,7,25,16,55,830,126,BRUN (AV ROBERT),,,Plein jour,En agglomération,Hors intersection,Normale,Autre collision,,,,,,,,,,,1,2,1,1,6
200700046371,0007-07-27 22:15:00,7,7,27,22,15,830,126,GHIBAUDO (CHEMIN JEAN ),,,Nuit avec éclairage allumé,En agglomération,Hors intersection,Normale,Autre collision,,,,,,,,,,,5,2,1,1,6
200700046372,0007-07-28 12:30:00,7,7,28,12,30,830,126,GAGARINE (AV YOURI),,,Plein jour,En agglomération,Hors intersection,Normale,Trois véhicules et plus - en chaîne,,,,,,,,,,,1,2,1,1,4
200700046373,0007-07-18 12:50:00,7,7,18,12,50,930,66,ELUARD PAUL NR 2 A 36 ET,,,Plein jour,En agglomération,Hors intersection,Normale,Deux véhicules - frontale,,,,,,,,,,,1,2,1,1,1
200700046374,0007-07-22 22:25:00,7,7,22,22,25,930,66,JAURES JEAN,,,Nuit sans éclairage public,En agglomération,Hors intersection,Normale,Autre collision,,,,,,,,,,,3,2,1,1,6
200700046375,0007-07-23 15:00:00,7,7,23,15,0,930,39,"1, MARINE (QUAI DE LA )",,,Plein jour,En agglomération,Intersection en X,Pluie forte,Autre collision,,,,,,,,,,,1,2,2,3,6
200700046376,0007-07-26 10:30:00,7,7,26,10,30,930,66,CHANTILLY,,,Plein jour,En agglomération,Intersection en X,Normale,Deux véhicules - côté,,,,,,,,,,,1,2,2,1,3
200700046377,0007-07-28 16:10:00,7,7,28,16,10,930,66,"4, LELAY DESIRE",,,Plein jour,En agglomération,Hors intersection,Normale,Autre collision,,,,,,,,,,,1,2,1,1,6
200700046378,0007-07-28 16:30:00,7,7,28,16,30,930,66,PORT (QUAI DU),,,Plein jour,En agglomération,Intersection en X,Normale,Deux véhicules - côté,,,,,,,,,,,1,2,2,1,3
200700046379,0007-07-30 08:40:00,7,7,30,8,40,930,66,"58, LENINE (AVENUE) NR 2",,,Plein jour,En agglomération,Hors intersection,Normale,Deux véhicules - arrière,,,,,,,,,,,1,2,1,1,2
200700046380,0007-07-02 09:05:00,7,7,2,9,5,930,73,VILLEPINTE (ROUTE DE),,,Plein jour,En agglomération,Intersection en T,Normale,Trois véhicules et plus - collisions multiples,,,,,,,,,,,1,2,3,1,5
200700046381,0007-07-03 15:35:00,7,7,3,15,35,930,78,PLAINE (AVENUE DE LA),,,Plein jour,En agglomération,Giratoire,Temps couvert,Deux véhicules - côté,,,,,,,,,,,1,2,6,8,3
200700046382,0007-07-04 19:55:00,7,7,4,19,55,930,73,"82, NATIONS (AVENUE DES)",,,Plein jour,En agglomération,Hors intersection,Normale,Autre collision,,,,,,,,,,,1,2,1,1,6
200700046383,0007-07-05 10:15:00,7,7,5,10,15,930,78,BALLANGER (BD ROBERT),,,Plein jour,En agglomération,Giratoire,Normale,Deux véhicules - arrière,,,,,,,,,,,1,2,6,1,2
200700046384,0007-07-08 04:35:00,7,7,8,4,35,930,73,"97, BARBUSSE (RUE HENRI)",,,Nuit avec éclairage allumé,En agglomération,Intersection en X,Normale,Autre collision,,,,,,,,,,,5,2,2,1,6
200700046385,0007-07-12 19:20:00,7,7,12,19,20,930,73,QUATRIEME (AVENUE),,,Plein jour,En agglomération,Hors intersection,Pluie légère,Deux véhicules - arrière,,,,,,,,,,,1,2,1,2,2
200700046386,0007-07-18 18:25:00,7,7,18,18,25,930,78,"05, MUGUET (RUE DU)",,,Plein jour,En agglomération,Intersection en Y,Normale,Deux véhicules - frontale,,,,,,,,,,,1,2,4,1,1
200700046387,0007-07-24 13:00:00,7,7,24,13,0,930,73,PETITS PONTS (ROUTE DES),,,Plein jour,En agglomération,Autre intersection,Normale,Deux véhicules - arrière,,,,,,,,,,,1,2,9,1,2
200700046388,0007-04-11 13:10:00,7,4,11,13,10,940,43,"1, EUGENE THOMAS (AV)",,,Plein jour,En agglomération,Intersection en T,Normale,Deux véhicules - arrière,,,,,,,,,,,1,2,3,1,2
200700046389,0007-06-13 18:50:00,7,6,13,18,50,940,3,"59, LAPLACE (AV)",,,Plein jour,En agglomération,Hors intersection,Normale,Deux véhicules - arrière,,,,,,,,,,,1,2,1,1,2
200700046390,0007-01-17 17:50:00,7,1,17,17,50,950,585,VALERY (AVEUE PAUL),,,Nuit avec éclairage allumé,En agglomération,Hors intersection,Pluie légère,Sans collision,,,,,,,,,,,5,2,1,2,7
200700046391,0007-01-09 06:32:00,7,1,9,6,32,950,585,ESCOUVRIER (RUE DE L'),,,Nuit avec éclairage allumé,En agglomération,Hors intersection,Pluie légère,Deux véhicules - frontale,,,,,,,,,,,5,2,1,2,1
200700046392,0007-06-09 13:55:00,7,6,9,13,55,950,539,ROBERT SCHUMANN (AVENUE,,,Plein jour,En agglomération,Hors intersection,Normale,Trois véhicules et plus - collisions multiples,,,,,,,,,,,1,2,1,1,5
200700046393,0007-04-29 17:10:00,7,4,29,17,10,750,112,A4,,,Plein jour,Hors agglomération,Hors intersection,Normale,Sans collision,,,,,,,,,,,1,1,1,1,7
200700046394,0007-05-02 16:00:00,7,5,2,16,0,940,18,A4,,,Plein jour,Hors agglomération,Hors intersection,Normale,Sans collision,,,,,,,,,,,1,1,1,1,7
200700046395,0007-04-10 12:13:00,7,4,10,12,13,780,490,RN12 ext,,,Plein jour,Hors agglomération,Hors intersection,Normale,Sans collision,,,,,,,,,,,1,1,1,1,7
200700046396,0007-05-20 17:45:00,7,5,20,17,45,690,388,"65, RUE MARYSE BASTIE",,,Plein jour,En agglomération,Intersection en X,Normale,Deux véhicules - côté,,,,,,,,,,,1,2,2,1,3
200700046397,0007-06-04 18:30:00,7,6,4,18,30,690,388,"00, AVENUE ROCKEFELLER",,,Plein jour,En agglomération,Intersection en X,Normale,Deux véhicules - côté,,,,,,,,,,,1,2,2,1,3
200700046398,0007-06-12 09:15:00,7,6,12,9,15,690,388,"00, BOULEVARD PINEL",,,Plein jour,En agglomération,Hors intersection,Normale,Autre collision,,,,,,,,,,,1,2,1,1,6
200700046399,0007-07-21 22:40:00,7,7,21,22,40,690,388,"00, RUE SAINT ROMAIN",,,Nuit avec éclairage allumé,En agglomération,Intersection en X,Pluie légère,Deux véhicules - côté,,,,,,,,,,,5,2,2,2,3
200700046400,0007-02-03 01:30:00,7,2,3,1,30,690,290,A46S   40.883 A 43.680,,,Nuit sans éclairage public,Hors agglomération,Hors intersection,Normale,Autre collision,,,,,,,,,,,3,1,1,1,6
200700046401,0007-03-25 09:00:00,7,3,25,9,0,690,259,BUS (RD301)  2.800 A 4.4,,,Plein jour,Hors agglomération,Hors intersection,Normale,Sans collision,,,,,,,,,,,1,1,1,1,7
200700046402,0007-06-21 09:00:00,7,6,21,9,0,690,256,RN346  N/S  25.736 A 29.,,,Plein jour,Hors agglomération,Hors intersection,Pluie légère,Autre collision,,,,,,,,,,,1,1,1,2,6
200700046403,0007-04-24 22:00:00,7,4,24,22,0,690,389,RUE DU BOURBONNAIS,,,Nuit avec éclairage allumé,En agglomération,Intersection en X,Normale,Deux véhicules - côté,,,,,,,,,,,5,2,2,1,3
200700046404,0007-07-09 07:00:00,7,7,9,7,0,690,389,"4, BOULEVARD DE LA DUCHE",,,Plein jour,En agglomération,Hors intersection,Normale,Autre collision,,,,,,,,,,,1,2,1,1,6
200700046405,0007-07-14 23:45:00,7,7,14,23,45,690,389,"18, QUAI ARLOING",,,Nuit avec éclairage allumé,En agglomération,Hors intersection,Normale,Autre collision,,,,,,,,,,,5,2,1,1,6
200700046406,0007-01-01 21:30:00,7,1,1,21,30,830,126,A50,,,Nuit sans éclairage public,Hors agglomération,Hors intersection,Normale,Autre collision,,,,,,,,,,,3,1,1,1,6
200700046407,0007-01-10 19:05:00,7,1,10,19,5,830,137,A50,,,Nuit avec éclairage allumé,Hors agglomération,Hors intersection,Normale,Trois véhicules et plus - en chaîne,,,,,,,,,,,5,1,1,1,4
200700046408,0007-01-12 12:40:00,7,1,12,12,40,830,137,A57,,,Plein jour,Hors agglomération,Hors intersection,Normale,Deux véhicules - arrière,,,,,,,,,,,1,1,1,1,2
200700046409,0007-01-22 18:00:00,7,1,22,18,0,830,126,A50,,,Crépuscule ou aube,Hors agglomération,Hors intersection,Normale,Trois véhicules et plus - en chaîne,,,,,,,,,,,2,1,1,1,4
200700046410,0007-01-28 20:50:00,7,1,28,20,50,830,137,A57,,,Nuit avec éclairage allumé,Hors agglomération,Hors intersection,Normale,Deux véhicules - arrière,,,,,,,,,,,5,1,1,1,2
200700046411,0007-02-01 14:00:00,7,2,1,14,0,830,137,A57,,,Plein jour,Hors agglomération,Hors intersection,Normale,Deux véhicules - arrière,,,,,,,,,,,1,1,1,1,2
200700046412,0007-02-07 19:00:00,7,2,7,19,0,830,62,A570,,,Nuit sans éclairage public,Hors agglomération,Hors intersection,Normale,Deux véhicules - arrière,,,,,,,,,,,3,1,1,1,2
200700046413,0007-02-16 15:45:00,7,2,16,15,45,830,137,A57,,,Plein jour,Hors agglomération,Hors intersection,Normale,Trois véhicules et plus - en chaîne,,,,,,,,,,,1,1,1,1,4
200700046414,0007-02-18 17:05:00,7,2,18,17,5,830,123,A50,,,Plein jour,Hors agglomération,Hors intersection,Normale,Trois véhicules et plus - collisions multiples,,,,,,,,,,,1,1,1,1,5
200700046415,0007-02-21 21:00:00,7,2,21,21,0,830,137,A50,,,Nuit avec éclairage allumé,Hors agglomération,Hors intersection,Pluie légère,Deux véhicules - arrière,,,,,,,,,,,5,1,1,2,2
200700046416,0007-03-06 00:25:00,7,3,6,0,25,830,144,A57,,,Nuit avec éclairage allumé,Hors agglomération,Hors intersection,Normale,Autre collision,,,,,,,,,,,5,1,1,1,6
200700046417,0007-03-16 04:00:00,7,3,16,4,0,830,137,A57,,,Nuit sans éclairage public,Hors agglomération,Hors intersection,Normale,Autre collision,,,,,,,,,,,3,1,1,1,6
200700046418,0007-04-01 11:40:00,7,4,1,11,40,830,137,A57,,,Plein jour,Hors agglomération,Hors intersection,Pluie légère,Deux véhicules - arrière,,,,,,,,,,,1,1,1,2,2
200700046419,0007-04-09 10:00:00,7,4,9,10,0,830,27,A50,,,Plein jour,Hors agglomération,Hors intersection,Normale,Deux véhicules - arrière,,,,,,,,,,,1,1,1,1,2
200700046420,0007-04-11 16:15:00,7,4,11,16,15,830,137,A57,,,Plein jour,Hors agglomération,Hors intersection,Normale,Deux véhicules - arrière,,,,,,,,,,,1,1,1,1,2
200700046421,0007-04-13 18:30:00,7,4,13,18,30,830,112,A50,,,Plein jour,Hors agglomération,Hors intersection,Normale,Deux véhicules - arrière,,,,,,,,,,,1,1,1,1,2
200700046422,0007-05-03 15:40:00,7,5,3,15,40,830,137,A57,,,Plein jour,Hors agglomération,Hors intersection,Pluie légère,Deux véhicules - arrière,,,,,,,,,,,1,1,1,2,2
200700046423,0007-05-12 12:10:00,7,5,12,12,10,830,137,A57,,,Plein jour,Hors agglomération,Hors intersection,Normale,Deux véhicules - arrière,,,,,,,,,,,1,1,1,1,2
200700046424,0007-05-16 07:30:00,7,5,16,7,30,830,144,A57,,,Plein jour,Hors agglomération,Hors intersection,Normale,Deux véhicules - côté,,,,,,,,,,,1,1,1,1,3
200700046425,0007-06-06 08:20:00,7,6,6,8,20,830,137,A50,,,Plein jour,Hors agglomération,Hors intersection,Normale,Deux véhicules - côté,,,,,,,,,,,1,1,1,1,3
200700046426,0007-06-14 09:05:00,7,6,14,9,5,830,137,A50,,,Plein jour,Hors agglomération,Hors intersection,Normale,Deux véhicules - arrière,,,,,,,,,,,1,1,1,1,2
200700046427,0007-06-14 12:45:00,7,6,14,12,45,830,137,A50,,,Plein jour,Hors agglomération,Hors intersection,Normale,Deux véhicules - arrière,,,,,,,,,,,1,1,1,1,2
200700046428,0007-06-18 09:20:00,7,6,18,9,20,830,90,A50,,,Plein jour,Hors agglomération,Hors intersection,Normale,Autre collision,,,,,,,,,,,1,1,1,1,6
200700046429,0007-06-21 12:20:00,7,6,21,12,20,830,126,A50,,,Plein jour,Hors agglomération,Hors intersection,Normale,Trois véhicules et plus - en chaîne,,,,,,,,,,,1,1,1,1,4
200700046430,0007-06-22 23:20:00,7,6,22,23,20,830,137,A57,,,Nuit avec éclairage allumé,Hors agglomération,Hors intersection,Normale,Sans collision,,,,,,,,,,,5,1,1,1,7
200700046431,0007-07-04 16:15:00,7,7,4,16,15,830,137,A57,,,Plein jour,Hors agglomération,Hors intersection,Normale,Trois véhicules et plus - en chaîne,,,,,,,,,,,1,1,1,1,4
200700046432,0007-07-14 19:40:00,7,7,14,19,40,830,126,A50,,,Plein jour,Hors agglomération,Hors intersection,Normale,Deux véhicules - arrière,,,,,,,,,,,1,1,1,1,2
200700046433,0007-07-21 04:35:00,7,7,21,4,35,830,137,A50,,,Nuit avec éclairage allumé,Hors agglomération,Hors intersection,Normale,Deux véhicules - frontale,,,,,,,,,,,5,1,1,1,1
200700046434,0007-07-27 18:08:00,7,7,27,18,8,830,137,A57,,,Plein jour,Hors agglomération,Hors intersection,Normale,Trois véhicules et plus - en chaîne,,,,,,,,,,,1,1,1,1,4
200700046435,0007-07-28 22:55:00,7,7,28,22,55,830,144,A57,,,Nuit sans éclairage public,Hors agglomération,Hors intersection,Normale,Deux véhicules - arrière,,,,,,,,,,,3,1,1,1,2
200700046436,0007-07-29 13:00:00,7,7,29,13,0,830,137,A50,,,Plein jour,Hors agglomération,Hors intersection,Normale,Deux véhicules - arrière,,,,,,,,,,,1,1,1,1,2
200700046437,0007-07-30 12:11:00,7,7,30,12,11,830,144,A57,,,Plein jour,Hors agglomération,Hors intersection,Normale,Sans collision,,,,,,,,,,,1,1,1,1,7
200700046438,0007-07-31 12:20:00,7,7,31,12,20,830,137,A50,,,Plein jour,Hors agglomération,Hors intersection,Normale,Deux véhicules - côté,,,,,,,,,,,1,1,1,1,3
200700046439,0007-08-04 17:45:00,7,8,4,17,45,590,51,CHEMIN DU HALAGE,50.533,2.811,Plein jour,En agglomération,Hors intersection,Normale,Autre collision,,,,,,,,,,,1,2,1,1,6
200700046440,0007-08-08 16:45:00,7,8,8,16,45,590,51,57 rue d'estaires,50.537,2.803,Plein jour,En agglomération,Hors intersection,Normale,Autre collision,,,,,,,,,,,1,2,1,1,6
200700046441,0007-08-17 05:00:00,7,8,17,5,0,590,388,,50.566,2.89,Nuit sans éclairage public,Hors agglomération,Autre intersection,Normale,Autre collision,,,,,,,,,,,3,1,9,1,6
200700046442,0007-08-21 20:30:00,7,8,21,20,30,590,452,,50.469,3.042,Plein jour,Hors agglomération,Hors intersection,Normale,Autre collision,,,,,,,,,,,1,1,1,1,6
200700046443,0007-08-17 13:30:00,7,8,17,13,30,590,478,,,,Plein jour,Hors agglomération,Hors intersection,Normale,Autre collision,,,,,,,,,,,1,1,1,1,6
200700046444,0007-08-20 15:00:00,7,8,20,15,0,590,665,,,,Plein jour,Hors agglomération,Hors intersection,Pluie légère,Deux véhicules - frontale,,,,,,,,,,,1,1,1,2,1
200700046445,0007-08-23 17:15:00,7,8,23,17,15,590,579,,,,Plein jour,Hors agglomération,Hors intersection,Normale,Autre collision,,,,,,,,,,,1,1,1,1,6
200700046446,0007-08-03 22:45:00,7,8,3,22,45,590,110,Rue Abbé de Béco,50.962,2.296,Nuit avec éclairage allumé,En agglomération,Hors intersection,Normale,Deux véhicules - frontale,,,,,,,,,,,5,2,1,1,1
200700046447,0007-08-04 08:45:00,7,8,4,8,45,590,94,,50.931,2.238,Plein jour,Hors agglomération,Hors intersection,Normale,Deux véhicules - frontale,,,,,,,,,,,1,1,1,1,1
200700046448,0007-08-10 18:00:00,7,8,10,18,0,590,130,,50.9,2.239,Plein jour,Hors agglomération,Intersection en X,Normale,Deux véhicules - frontale,,,,,,,,,,,1,1,2,1,1
200700046449,0007-08-05 15:50:00,7,8,5,15,50,590,499,CD947 route de Bergues,,,Plein jour,Hors agglomération,Hors intersection,Normale,Deux véhicules - frontale,,,,,,,,,,,1,1,1,1,1
200700046450,0007-08-05 11:45:00,7,8,5,11,45,590,577,,50.757,2.456,Plein jour,En agglomération,Hors intersection,Normale,Deux véhicules - frontale,,,,,,,,,,,1,2,1,1,1
200700046451,0007-08-15 09:15:00,7,8,15,9,15,590,308,,,,Plein jour,Hors agglomération,Hors intersection,Normale,Deux véhicules - arrière,,,,,,,,,,,1,1,1,1,2
200700046452,0007-08-07 16:15:00,7,8,7,16,15,590,535,LIEU DIT LE SCHAEXHEN,,,Plein jour,En agglomération,Hors intersection,Normale,Deux véhicules - côté,,,,,,,,,,,1,2,1,1,3
200700046453,0007-08-28 22:45:00,7,8,28,22,45,590,581,,,,Nuit sans éclairage public,Hors agglomération,Hors intersection,Normale,Autre collision,,,,,,,,,,,3,1,1,1,6
200700046454,0007-08-17 12:30:00,7,8,17,12,30,590,88,rue ambroise paree,,,Plein jour,En agglomération,Hors intersection,Normale,Deux véhicules - côté,,,,,,,,,,,1,2,1,1,3
200700046455,0007-08-24 04:45:00,7,8,24,4,45,590,44,,,,Nuit sans éclairage public,Hors agglomération,Hors intersection,Brouillard / fumée,Autre collision,,,,,,,,,,,3,1,1,5,6
200700046456,0007-08-05 08:15:00,7,8,5,8,15,590,482,,50.716,3.005,Plein jour,En agglomération,Hors intersection,Normale,Deux véhicules - côté,,,,,,,,,,,1,2,1,1,3
200700046457,0007-08-11 09:45:00,7,8,11,9,45,590,511,,,,Plein jour,Hors agglomération,Intersection en T,Normale,Deux véhicules - côté,,,,,,,,,,,1,1,3,1,3
200700046458,0007-08-25 21:00:00,7,8,25,21,0,590,434,,,,Crépuscule ou aube,Hors agglomération,Hors intersection,Normale,Deux véhicules - frontale,,,,,,,,,,,2,1,1,1,1
200700046459,0007-08-29 15:45:00,7,8,29,15,45,590,335,,,,Plein jour,Hors agglomération,Hors intersection,Normale,Sans collision,,,,,,,,,,,1,1,1,1,7
200700046460,0007-08-05 21:00:00,7,8,5,21,0,590,406,,50.174,3.873,Plein jour,Hors agglomération,Hors intersection,Normale,Autre collision,,,,,,,,,,,1,1,1,1,6
200700046461,0007-08-26 08:15:00,7,8,26,8,15,590,218,rue delplanche,,,Plein jour,En agglomération,Hors intersection,Normale,Autre collision,,,,,,,,,,,1,2,1,1,6
200700046462,0007-08-26 18:30:00,7,8,26,18,30,590,121,,,,Plein jour,Hors agglomération,Hors intersection,Normale,Deux véhicules - frontale,,,,,,,,,,,1,1,1,1,1
200700046463,0007-08-01 14:00:00,7,8,1,14,0,590,136,Faubourg de CAMBRAI,50.111,3.538,Plein jour,En agglomération,Hors intersection,Normale,Deux véhicules - frontale,,,,,,,,,,,1,2,1,1,1
200700046464,0007-08-09 13:00:00,7,8,9,13,0,590,136,,50.112,3.524,Plein jour,Hors agglomération,Intersection en X,Pluie légère,Deux véhicules - côté,,,,,,,,,,,1,1,2,2,3
200700046465,0007-08-05 04:45:00,7,8,5,4,45,590,481,avenue de la gare,50.251,3.639,Nuit avec éclairage allumé,En agglomération,Intersection en T,Normale,Deux véhicules - côté,,,,,,,,,,,5,2,3,1,3
200700046466,0007-08-15 20:00:00,7,8,15,20,0,590,265,RUE D HITONSART,50.262,3.702,Crépuscule ou aube,En agglomération,Hors intersection,Temps couvert,Deux véhicules - frontale,,,,,,,,,,,2,2,1,8,1
200700046467,0007-08-14 10:30:00,7,8,14,10,30,590,555,,50.169,4.027,Plein jour,En agglomération,Hors intersection,Normale,Autre collision,,,,,,,,,,,1,2,1,1,6
200700046468,0007-08-09 14:15:00,7,8,9,14,15,620,422,,50.135,2.664,Plein jour,Hors agglomération,Hors intersection,Normale,Deux véhicules - côté,,,,,,,,,,,1,1,1,1,3
200700046469,0007-08-13 11:45:00,7,8,13,11,45,620,582,,50.268,2.88,Plein jour,Hors agglomération,Hors intersection,Normale,Deux véhicules - arrière,,,,,,,,,,,1,1,1,1,2
200700046470,0007-08-16 11:45:00,7,8,16,11,45,620,817,,50.279,2.813,Plein jour,Hors agglomération,Hors intersection,Temps couvert,Deux véhicules - frontale,,,,,,,,,,,1,1,1,8,1
200700046471,0007-08-18 17:45:00,7,8,18,17,45,620,75,face au cimetière,50.713,1.687,Plein jour,En agglomération,Hors intersection,Normale,Deux véhicules - frontale,,,,,,,,,,,1,2,1,1,1
200700046472,0007-08-27 12:45:00,7,8,27,12,45,620,235,rue des buissons D119,,,Plein jour,En agglomération,Hors intersection,Normale,Autre collision,,,,,,,,,,,1,2,1,1,6
200700046473,0007-08-04 23:45:00,7,8,4,23,45,620,432,,,,Nuit sans éclairage public,Hors agglomération,Hors intersection,Normale,Autre collision,,,,,,,,,,,3,1,1,1,6
200700046474,0007-08-04 20:45:00,7,8,4,20,45,620,366,Chaussée brunehaut,,,Plein jour,En agglomération,Intersection en X,Temps éblouissant,Deux véhicules - côté,,,,,,,,,,,1,2,2,7,3
200700046475,0007-08-04 15:45:00,7,8,4,15,45,620,463,RD 148,,,Plein jour,En agglomération,Place,Normale,Deux véhicules - frontale,,,,,,,,,,,1,2,7,1,1
200700046476,0007-08-05 18:30:00,7,8,5,18,30,620,550,,,,Plein jour,Hors agglomération,Hors intersection,Normale,Trois véhicules et plus - collisions multiples,,,,,,,,,,,1,1,1,1,5
200700046477,0007-08-07 14:00:00,7,8,7,14,0,620,204,,50.428,1.817,Plein jour,Hors agglomération,Autre intersection,Temps éblouissant,Deux véhicules - côté,,,,,,,,,,,1,1,9,7,3
200700046478,0007-08-09 14:45:00,7,8,9,14,45,620,752,,50.461,1.696,Plein jour,Hors agglomération,Hors intersection,Normale,Sans collision,,,,,,,,,,,1,1,1,1,7
200700046479,0007-08-02 09:15:00,7,8,2,9,15,620,704,,50.556,2.078,Plein jour,Hors agglomération,Hors intersection,Normale,Deux véhicules - frontale,,,,,,,,,,,1,1,1,1,1
200700046480,0007-08-21 18:00:00,7,8,21,18,0,620,36,,50.464,2.238,Plein jour,Hors agglomération,Hors intersection,Normale,Sans collision,,,,,,,,,,,1,1,1,1,7
200700046481,0007-08-22 21:00:00,7,8,22,21,0,620,798,,50.247,2.509,Nuit sans éclairage public,Hors agglomération,Hors intersection,Normale,Autre collision,,,,,,,,,,,3,1,1,1,6
200700046482,0007-08-24 22:45:00,7,8,24,22,45,800,36,,49.901,2.48,Nuit sans éclairage public,Hors agglomération,Hors intersection,Normale,Autre collision,,,,,,,,,,,3,1,1,1,6
200700046483,0007-08-05 17:15:00,7,8,5,17,15,800,718,,,,Plein jour,Hors agglomération,Hors intersection,Normale,Deux véhicules - arrière,,,,,,,,,,,1,1,1,1,2
200700046484,0007-08-01 14:00:00,7,8,1,14,0,800,19,,,,Plein jour,Hors agglomération,Hors intersection,Normale,Deux véhicules - côté,,,,,,,,,,,1,1,1,1,3
200700046485,0007-08-15 21:15:00,7,8,15,21,15,800,200,,,,Crépuscule ou aube,Hors agglomération,Hors intersection,Temps couvert,Sans collision,,,,,,,,,,,2,1,1,8,7
200700046486,0007-08-15 19:30:00,7,8,15,19,30,800,716,"2, rue du Gal de GAULLE",,,Plein jour,En agglomération,Hors intersection,Normale,Autre collision,,,,,,,,,,,1,2,1,1,6
200700046487,0007-08-16 03:00:00,7,8,16,3,0,800,1,,,,Nuit sans éclairage public,Hors agglomération,Hors intersection,Pluie forte,Autre collision,,,,,,,,,,,3,1,1,3,6
200700046488,0007-08-06 16:30:00,7,8,6,16,30,800,148,Rue de l'Eglise D190,,,Plein jour,En agglomération,Hors intersection,Normale,Autre collision,,,,,,,,,,,1,2,1,1,6
200700046489,0007-08-04 14:30:00,7,8,4,14,30,800,713,rue de Forest Montiers,50.284,1.597,Plein jour,En agglomération,Hors intersection,Normale,Autre collision,,,,,,,,,,,1,2,1,1,6
200700046490,0007-08-08 16:45:00,7,8,8,16,45,800,633,,,,Plein jour,Hors agglomération,Hors intersection,Normale,Deux véhicules - côté,,,,,,,,,,,1,1,1,1,3
200700046491,0007-08-11 12:00:00,7,8,11,12,0,800,228,,,,Plein jour,Hors agglomération,Hors intersection,Normale,Trois véhicules et plus - en chaîne,,,,,,,,,,,1,1,1,1,4
200700046492,0007-08-05 19:15:00,7,8,5,19,15,800,545,,49.791,2.571,Plein jour,Hors agglomération,Hors intersection,Normale,Deux véhicules - frontale,,,,,,,,,,,1,1,1,1,1
200700046493,0007-08-06 02:45:00,7,8,6,2,45,800,240,Rue Paul Gamant,49.928,2.965,Nuit avec éclairage non allumé,En agglomération,Hors intersection,Normale,Autre collision,,,,,,,,,,,4,2,1,1,6
200700046494,0007-08-09 14:30:00,7,8,9,14,30,800,620,RUE ST SAUVEUR,49.935,2.938,Plein jour,En agglomération,Hors intersection,Normale,Autre collision,,,,,,,,,,,1,2,1,1,6
200700046495,0007-08-15 19:45:00,7,8,15,19,45,800,15,,,,Plein jour,Hors agglomération,Hors intersection,Normale,Deux véhicules - arrière,,,,,,,,,,,1,1,1,1,2
200700046496,0007-08-20 09:30:00,7,8,20,9,30,800,620,RUE DU FAUBOURG DE BRETA,49.936,2.941,Plein jour,En agglomération,Hors intersection,Normale,Autre collision,,,,,,,,,,,1,2,1,1,6
200700046497,0007-08-04 06:15:00,7,8,4,6,15,800,640,,,,Plein jour,Hors agglomération,Hors intersection,Normale,Deux véhicules - frontale,,,,,,,,,,,1,1,1,1,1
200700046498,0007-08-26 20:00:00,7,8,26,20,0,800,129,rue neuve,50.031,2.609,Plein jour,En agglomération,Hors intersection,Normale,Autre collision,,,,,,,,,,,1,2,1,1,6
200700046499,0007-08-05 20:00:00,7,8,5,20,0,800,572,,49.941,2.643,Plein jour,Hors agglomération,Intersection en X,Normale,Deux véhicules - côté,,,,,,,,,,,1,1,2,1,3
200700046500,0007-08-11 16:45:00,7,8,11,16,45,800,136,Carrefour de la rue Faid,,,Plein jour,En agglomération,Intersection en X,Normale,Deux véhicules - côté,,,,,,,,,,,1,2,2,1,3
200700046501,0007-08-05 15:00:00,7,8,5,15,0,800,585,,,,Plein jour,Hors agglomération,Hors intersection,Normale,Autre collision,,,,,,,,,,,1,1,1,1,6
200700046502,0007-08-27 07:00:00,7,8,27,7,0,800,579,ROUTE DE PARIS,49.733,3.067,Plein jour,En agglomération,Autre intersection,Normale,Deux véhicules - frontale,,,,,,,,,,,1,2,9,1,1
200700046503,0007-08-28 07:15:00,7,8,28,7,15,20,37,RUE DE BESNY,49.615,3.599,Plein jour,En agglomération,Hors intersection,Normale,Autre collision,,,,,,,,,,,1,2,1,1,6
200700046504,0007-08-24 16:00:00,7,8,24,16,0,20,675,,49.489,3.793,Plein jour,Hors agglomération,Hors intersection,Normale,Autre collision,,,,,,,,,,,1,1,1,1,6
200700046505,0007-08-18 16:45:00,7,8,18,16,45,20,347,,,,Plein jour,Hors agglomération,Hors intersection,Normale,Deux véhicules - arrière,,,,,,,,,,,1,1,1,1,2
200700046506,0007-08-26 01:30:00,7,8,26,1,30,20,290,58 route nationale,,,Nuit avec éclairage allumé,En agglomération,Hors intersection,Normale,Autre collision,,,,,,,,,,,5,2,1,1,6