accident_id,datetime,annee,mois,jour,heure,minute,departement,commune_insee,adresse,latitude,longitude,luminosite,agglomeration,intersection,meteo,collision,nb_vehicules,nb_usagers,nb_indemnes,nb_tues,nb_blesses_hosp,nb_blesses_legers,age_cond_1,age_cond_2,veh_type_cond_1,veh_type_cond_2,lum_code,agg_code,int_code,atm_code,col_code
200700046507,0007-08-27 19:00:00,7,8,27,19,0,20,328,Rue des Dimes,49.05,3.479,Plein jour,En agglomération,Hors intersection,Normale,Deux véhicules - côté,,,,,,,,,,,1,2,1,1,3
200700046508,0007-08-05 06:00:00,7,8,5,6,0,20,162,,,,Nuit sans éclairage public,Hors agglomération,Hors intersection,Normale,Deux véhicules - frontale,,,,,,,,,,,3,1,1,1,1
200700046509,0007-08-15 12:45:00,7,8,15,12,45,20,555,,,,Plein jour,Hors agglomération,Hors intersection,Pluie légère,Sans collision,,,,,,,,,,,1,1,1,2,7
200700046510,0007-08-14 09:30:00,7,8,14,9,30,20,662,1 LA FERME AUX FRAISES,49.197,3.293,Plein jour,En agglomération,Hors intersection,Normale,Autre collision,,,,,,,,,,,1,2,1,1,6
200700046511,0007-08-25 07:00:00,7,8,25,7,0,20,712,,49.18,3.561,Crépuscule ou aube,Hors agglomération,Hors intersection,Brouillard / fumée,Sans collision,,,,,,,,,,,2,1,1,5,7
200700046512,0007-08-20 08:30:00,7,8,20,8,30,20,452,,,,Plein jour,Hors agglomération,Hors intersection,Pluie forte,Sans collision,,,,,,,,,,,1,1,1,3,7
200700046513,0007-08-04 14:00:00,7,8,4,14,0,20,334,,49.947,3.417,Plein jour,En agglomération,Hors intersection,Normale,Autre collision,,,,,,,,,,,1,2,1,1,6
200700046514,0007-08-24 15:45:00,7,8,24,15,45,20,709,rue Neuve,,,Plein jour,En agglomération,Hors intersection,Normale,Deux véhicules - frontale,,,,,,,,,,,1,2,1,1,1
200700046515,0007-08-14 19:30:00,7,8,14,19,30,20,721,,49.82,3.455,Plein jour,Hors agglomération,Hors intersection,Temps couvert,Deux véhicules - côté,,,,,,,,,,,1,1,1,8,3
200700046516,0007-08-27 20:30:00,7,8,27,20,30,20,124,rue de RENANSART,49.745,3.384,Crépuscule ou aube,En agglomération,Hors intersection,Normale,Autre collision,,,,,,,,,,,2,2,1,1,6
200700046517,0007-08-25 11:45:00,7,8,25,11,45,20,226,133 alle des platanes,49.353,3.312,Plein jour,En agglomération,Hors intersection,Normale,Autre collision,,,,,,,,,,,1,2,1,1,6
200700046518,0007-08-31 19:30:00,7,8,31,19,30,20,89,,49.373,3.36,Plein jour,Hors agglomération,Autre intersection,Normale,Deux véhicules - arrière,,,,,,,,,,,1,1,9,1,2
200700046519,0007-08-11 20:30:00,7,8,11,20,30,20,795,"3, rue de la maladrerie",,,Crépuscule ou aube,En agglomération,Hors intersection,Normale,Autre collision,,,,,,,,,,,2,2,1,1,6
200700046520,0007-08-19 20:30:00,7,8,19,20,30,20,514,,49.394,3.116,Nuit sans éclairage public,Hors agglomération,Hors intersection,Temps couvert,Autre collision,,,,,,,,,,,3,1,1,8,6
200700046521,0007-08-30 04:30:00,7,8,30,4,30,20,232,rue du vieux château,49.238,3.044,Nuit avec éclairage allumé,En agglomération,Hors intersection,Normale,Autre collision,,,,,,,,,,,5,2,1,1,6
200700046522,0007-08-30 15:00:00,7,8,30,15,0,20,793,,,,Plein jour,Hors agglomération,Hors intersection,Normale,Autre collision,,,,,,,,,,,1,1,1,1,6
200700046523,0007-08-05 21:30:00,7,8,5,21,30,20,789,,,,Crépuscule ou aube,Hors agglomération,Hors intersection,Normale,Autre collision,,,,,,,,,,,2,1,1,1,6
200700046524,0007-08-17 18:45:00,7,8,17,18,45,20,789,,,,Plein jour,Hors agglomération,Hors intersection,Normale,Deux véhicules - frontale,,,,,,,,,,,1,1,1,1,1
200700046525,0007-08-04 21:00:00,7,8,4,21,0,20,668,Carrefour CD26 et CD29,49.83,3.716,Crépuscule ou aube,En agglomération,Intersection en X,Normale,Deux véhicules - frontale,,,,,,,,,,,2,2,2,1,1
200700046526,0007-08-17 09:30:00,7,8,17,9,30,20,135,CD 1029,,,Plein jour,En agglomération,Hors intersection,Normale,Deux véhicules - frontale,,,,,,,,,,,1,2,1,1,1
200700046527,0007-08-15 01:15:00,7,8,15,1,15,20,769,,50.004,3.536,Nuit sans éclairage public,Hors agglomération,Hors intersection,Vent fort / tempête,Deux véhicules - côté,,,,,,,,,,,3,1,1,6,3
200700046528,0007-08-29 19:15:00,7,8,29,19,15,20,450,rue des Patriotes,,,Plein jour,En agglomération,Hors intersection,Normale,Deux véhicules - côté,,,,,,,,,,,1,2,1,1,3
200700046529,0007-08-30 10:45:00,7,8,30,10,45,20,422,,,,Plein jour,Hors agglomération,Hors intersection,Normale,Deux véhicules - frontale,,,,,,,,,,,1,1,1,1,1
200700046530,0007-08-11 09:15:00,7,8,11,9,15,20,470,,,,Plein jour,Hors agglomération,Hors intersection,Normale,Deux véhicules - frontale,,,,,,,,,,,1,1,1,1,1
200700046531,0007-08-22 19:15:00,7,8,22,19,15,20,130,,,,Plein jour,Hors agglomération,Hors intersection,Pluie légère,Deux véhicules - frontale,,,,,,,,,,,1,1,1,2,1
200700046532,0007-08-15 16:00:00,7,8,15,16,0,600,490,,,,Plein jour,Hors agglomération,Hors intersection,Normale,Sans collision,,,,,,,,,,,1,1,1,1,7
200700046533,0007-08-14 17:15:00,7,8,14,17,15,600,333,,,,Plein jour,Hors agglomération,Hors intersection,Normale,Autre collision,,,,,,,,,,,1,1,1,1,6
200700046534,0007-08-23 06:00:00,7,8,23,6,0,600,29,,,,Nuit avec éclairage allumé,Hors agglomération,Hors intersection,Pluie légère,Deux véhicules - arrière,,,,,,,,,,,5,1,1,2,2
200700046535,0007-08-27 00:15:00,7,8,27,0,15,600,331,,,,Nuit sans éclairage public,Hors agglomération,Hors intersection,Normale,Trois véhicules et plus - en chaîne,,,,,,,,,,,3,1,1,1,4
200700046536,0007-08-09 01:45:00,7,8,9,1,45,600,514,,,,Nuit sans éclairage public,Hors agglomération,Hors intersection,Normale,Sans collision,,,,,,,,,,,3,1,1,1,7
200700046537,0007-08-18 12:30:00,7,8,18,12,30,600,407,,,,Plein jour,Hors agglomération,Hors intersection,Normale,Sans collision,,,,,,,,,,,1,1,1,1,7
200700046538,0007-08-24 18:30:00,7,8,24,18,30,600,395,rue louis bloquet,,,Plein jour,En agglomération,Hors intersection,Normale,Deux véhicules - frontale,,,,,,,,,,,1,2,1,1,1
200700046539,0007-08-12 18:00:00,7,8,12,18,0,600,700,,,,Plein jour,Hors agglomération,Hors intersection,Pluie forte,Deux véhicules - côté,,,,,,,,,,,1,1,1,3,3
200700046540,0007-08-16 18:45:00,7,8,16,18,45,600,454,rue du général de gaulle,,,Plein jour,En agglomération,Hors intersection,Normale,Sans collision,,,,,,,,,,,1,2,1,1,7
200700046541,0007-08-17 19:45:00,7,8,17,19,45,600,366,,,,Plein jour,Hors agglomération,Hors intersection,Normale,Autre collision,,,,,,,,,,,1,1,1,1,6
200700046542,0007-08-04 17:00:00,7,8,4,17,0,600,26,,49.569,2.119,Plein jour,Hors agglomération,Hors intersection,Normale,Deux véhicules - frontale,,,,,,,,,,,1,1,1,1,1
200700046543,0007-08-17 09:30:00,7,8,17,9,30,600,199,,49.617,2.164,Plein jour,Hors agglomération,Hors intersection,Normale,Deux véhicules - frontale,,,,,,,,,,,1,1,1,1,1
200700046544,0007-08-18 19:30:00,7,8,18,19,30,600,123,,,,Plein jour,Hors agglomération,Hors intersection,Normale,Autre collision,,,,,,,,,,,1,1,1,1,6
200700046545,0007-08-23 18:45:00,7,8,23,18,45,600,130,,49.38,2.53,Plein jour,Hors agglomération,Hors intersection,Pluie légère,Deux véhicules - côté,,,,,,,,,,,1,1,1,2,3
200700046546,0007-08-29 15:30:00,7,8,29,15,30,600,40,,,,Plein jour,Hors agglomération,Intersection en X,Normale,Deux véhicules - côté,,,,,,,,,,,1,1,2,1,3
200700046547,0007-08-08 12:30:00,7,8,8,12,30,600,439,rue Noël Ruffier,,,Plein jour,En agglomération,Place,Normale,Sans collision,,,,,,,,,,,1,2,7,1,7
200700046548,0007-08-03 14:00:00,7,8,3,14,0,600,643,,,,Plein jour,Hors agglomération,Hors intersection,Normale,Deux véhicules - côté,,,,,,,,,,,1,1,1,1,3
200700046549,0007-08-05 17:00:00,7,8,5,17,0,600,466,chemin du tour de ville,,,Plein jour,En agglomération,Hors intersection,Normale,Autre collision,,,,,,,,,,,1,2,1,1,6
200700046550,0007-08-14 14:45:00,7,8,14,14,45,600,466,,49.448,2.51,Plein jour,Hors agglomération,Hors intersection,Temps couvert,Autre collision,,,,,,,,,,,1,1,1,8,6
200700046551,0007-08-22 21:00:00,7,8,22,21,0,600,581,,49.522,2.443,Nuit sans éclairage public,Hors agglomération,Hors intersection,Pluie légère,Deux véhicules - frontale,,,,,,,,,,,3,1,1,2,1
200700046552,0007-08-23 19:00:00,7,8,23,19,0,600,137,,,,Plein jour,Hors agglomération,Hors intersection,Temps couvert,Deux véhicules - côté,,,,,,,,,,,1,1,1,8,3
200700046553,0007-08-04 11:45:00,7,8,4,11,45,600,392,rue Emerson White,49.498,2.857,Plein jour,En agglomération,Hors intersection,Normale,Deux véhicules - arrière,,,,,,,,,,,1,2,1,1,2
200700046554,0007-08-28 15:30:00,7,8,28,15,30,600,492,291 Rue Robert Delage,49.526,2.946,Plein jour,En agglomération,Hors intersection,Normale,Deux véhicules - arrière,,,,,,,,,,,1,2,1,1,2
200700046555,0007-08-05 22:00:00,7,8,5,22,0,600,369,Passage à niveau SNCF,,,Nuit avec éclairage allumé,En agglomération,Hors intersection,Normale,Deux véhicules - frontale,,,,,,,,,,,5,2,1,1,1
200700046556,0007-08-08 18:15:00,7,8,8,18,15,600,369,,,,Plein jour,Hors agglomération,Hors intersection,Pluie légère,Trois véhicules et plus - collisions multiples,,,,,,,,,,,1,1,1,2,5
200700046557,0007-08-24 06:30:00,7,8,24,6,30,600,531,,,,Crépuscule ou aube,Hors agglomération,Hors intersection,Normale,Deux véhicules - frontale,,,,,,,,,,,2,1,1,1,1
200700046558,0007-08-25 03:30:00,7,8,25,3,30,600,471,rond point de l'Europe,,,Nuit avec éclairage allumé,En agglomération,Giratoire,Temps couvert,Deux véhicules - côté,,,,,,,,,,,5,2,6,8,3
200700046559,0007-08-01 22:30:00,7,8,1,22,30,600,612,rue de la République,49.209,2.588,Nuit avec éclairage allumé,En agglomération,Hors intersection,Normale,Deux véhicules - frontale,,,,,,,,,,,5,2,1,1,1
200700046560,0007-08-03 05:00:00,7,8,3,5,0,600,28,,49.222,2.554,Nuit sans éclairage public,Hors agglomération,Hors intersection,Normale,Deux véhicules - côté,,,,,,,,,,,3,1,1,1,3
200700046561,0007-08-03 15:30:00,7,8,3,15,30,600,612,,49.191,2.608,Plein jour,Hors agglomération,Hors intersection,Normale,Deux véhicules - frontale,,,,,,,,,,,1,1,1,1,1
200700046562,0007-08-09 15:00:00,7,8,9,15,0,600,612,,49.211,2.591,Plein jour,En agglomération,Hors intersection,Normale,Autre collision,,,,,,,,,,,1,2,1,1,6
200700046563,0007-08-07 16:15:00,7,8,7,16,15,600,612,,49.202,2.613,Plein jour,Hors agglomération,Hors intersection,Normale,Deux véhicules - côté,,,,,,,,,,,1,1,1,1,3
200700046564,0007-08-11 15:30:00,7,8,11,15,30,600,138,,49.224,2.607,Plein jour,Hors agglomération,Hors intersection,Normale,Deux véhicules - arrière,,,,,,,,,,,1,1,1,1,2
200700046565,0007-08-23 19:00:00,7,8,23,19,0,600,421,RN330,49.197,2.643,Plein jour,En agglomération,Hors intersection,Pluie légère,Sans collision,,,,,,,,,,,1,2,1,2,7
200700046566,0007-08-11 03:00:00,7,8,11,3,0,600,398,,,,Nuit sans éclairage public,Hors agglomération,Hors intersection,Normale,Autre collision,,,,,,,,,,,3,1,1,1,6
200700046567,0007-08-19 00:15:00,7,8,19,0,15,600,141,,49.196,2.459,Nuit avec éclairage allumé,Hors agglomération,Hors intersection,Normale,Trois véhicules et plus - collisions multiples,,,,,,,,,,,5,1,1,1,5
200700046568,0007-08-28 13:45:00,7,8,28,13,45,600,141,avenue général leclerc,,,Plein jour,En agglomération,Hors intersection,Normale,Deux véhicules - arrière,,,,,,,,,,,1,2,1,1,2
200700046569,0007-08-30 12:45:00,7,8,30,12,45,600,141,RUE D AUMALE,,,Plein jour,En agglomération,Hors intersection,Normale,Autre collision,,,,,,,,,,,1,2,1,1,6
200700046570,0007-08-03 07:30:00,7,8,3,7,30,600,680,,,,Plein jour,Hors agglomération,Hors intersection,Normale,Deux véhicules - frontale,,,,,,,,,,,1,1,1,1,1
200700046571,0007-08-29 16:45:00,7,8,29,16,45,760,354,,49.47,0.959,Plein jour,Hors agglomération,Hors intersection,Normale,Sans collision,,,,,,,,,,,1,1,1,1,7
200700046572,0007-08-22 16:30:00,7,8,22,16,30,760,452,Rue andré Martin,49.551,1.08,Plein jour,En agglomération,Hors intersection,Temps couvert,Autre collision,,,,,,,,,,,1,2,1,8,6
200700046573,0007-08-31 12:00:00,7,8,31,12,0,760,177,,49.604,1.174,Plein jour,Hors agglomération,Hors intersection,Normale,Deux véhicules - arrière,,,,,,,,,,,1,1,1,1,2
200700046574,0007-08-26 01:15:00,7,8,26,1,15,760,81,,49.943,1.181,Nuit sans éclairage public,Hors agglomération,Hors intersection,Brouillard / fumée,Trois véhicules et plus - en chaîne,,,,,,,,,,,3,1,1,5,4
200700046575,0007-08-23 13:45:00,7,8,23,13,45,760,448,,49.416,1.229,Plein jour,Hors agglomération,Hors intersection,Pluie légère,Deux véhicules - frontale,,,,,,,,,,,1,1,1,2,1
200700046576,0007-08-12 04:30:00,7,8,12,4,30,760,750,,,,Nuit sans éclairage public,Hors agglomération,Hors intersection,Normale,Autre collision,,,,,,,,,,,3,1,1,1,6
200700046577,0007-08-16 10:00:00,7,8,16,10,0,760,222,CD 982,,,Plein jour,En agglomération,Hors intersection,Normale,Deux véhicules - côté,,,,,,,,,,,1,2,1,1,3
200700046578,0007-08-24 08:45:00,7,8,24,8,45,760,401,Rue du stade,49.487,0.764,Plein jour,En agglomération,Hors intersection,Normale,Autre collision,,,,,,,,,,,1,2,1,1,6
200700046579,0007-08-25 18:45:00,7,8,25,18,45,760,557,route du havre,49.532,0.666,Plein jour,En agglomération,Hors intersection,Normale,Deux véhicules - frontale,,,,,,,,,,,1,2,1,1,1
200700046580,0007-08-27 18:15:00,7,8,27,18,15,760,164,quai Guilbaut P.K 33+200,49.529,0.724,Plein jour,En agglomération,Hors intersection,Normale,Autre collision,,,,,,,,,,,1,2,1,1,6
200700046581,0007-08-03 07:30:00,7,8,3,7,30,760,196,7 rue des écoles,,,Plein jour,En agglomération,Hors intersection,Temps éblouissant,Deux véhicules - côté,,,,,,,,,,,1,2,1,7,3
200700046582,0007-08-06 19:15:00,7,8,6,19,15,760,615,,,,Plein jour,Hors agglomération,Hors intersection,Normale,Deux véhicules - frontale,,,,,,,,,,,1,1,1,1,1
200700046583,0007-08-15 17:00:00,7,8,15,17,0,760,302,,,,Plein jour,Hors agglomération,Hors intersection,Normale,Deux véhicules - frontale,,,,,,,,,,,1,1,1,1,1
200700046584,0007-08-04 09:00:00,7,8,4,9,0,760,281,,49.53,0.565,Nuit sans éclairage public,Hors agglomération,Hors intersection,Normale,Deux véhicules - côté,,,,,,,,,,,3,1,1,1,3
200700046585,0007-08-31 16:30:00,7,8,31,16,30,760,499,,,,Plein jour,Hors agglomération,Hors intersection,Normale,Deux véhicules - frontale,,,,,,,,,,,1,1,1,1,1
200700046586,0007-08-11 17:30:00,7,8,11,17,30,760,441,,49.974,1.569,Plein jour,Hors agglomération,Hors intersection,Normale,Deux véhicules - frontale,,,,,,,,,,,1,1,1,1,1
200700046587,0007-08-24 19:45:00,7,8,24,19,45,760,278,rue douce / rue national,49.853,1.568,Plein jour,En agglomération,Intersection en X,Normale,Deux véhicules - côté,,,,,,,,,,,1,2,2,1,3
200700046588,0007-08-03 18:00:00,7,8,3,18,0,760,535,,,,Plein jour,Hors agglomération,Hors intersection,Normale,Autre collision,,,,,,,,,,,1,1,1,1,6
200700046589,0007-08-16 14:45:00,7,8,16,14,45,760,276,rue marette,,,Plein jour,En agglomération,Hors intersection,Pluie légère,Deux véhicules - côté,,,,,,,,,,,1,2,1,2,3
200700046590,0007-08-06 08:30:00,7,8,6,8,30,760,463,,49.443,1.719,Plein jour,Hors agglomération,Hors intersection,Pluie légère,Deux véhicules - côté,,,,,,,,,,,1,1,1,2,3
200700046591,0007-08-23 17:15:00,7,8,23,17,15,760,57,,,,Plein jour,Hors agglomération,Hors intersection,Pluie légère,Sans collision,,,,,,,,,,,1,1,1,2,7
200700046592,0007-08-04 21:30:00,7,8,4,21,30,760,156,,49.812,0.596,Plein jour,Hors agglomération,Hors intersection,Normale,Autre collision,,,,,,,,,,,1,1,1,1,6
200700046593,0007-08-12 23:00:00,7,8,12,23,0,760,221,,49.797,0.743,Nuit sans éclairage public,Hors agglomération,Hors intersection,Normale,Autre collision,,,,,,,,,,,3,1,1,1,6
200700046594,0007-08-18 18:15:00,7,8,18,18,15,760,488,,49.787,0.594,Plein jour,En agglomération,Intersection en T,Normale,Deux véhicules - côté,,,,,,,,,,,1,2,3,1,3
200700046595,0007-08-05 22:45:00,7,8,5,22,45,760,291,"D279, route d'YPORT",49.725,0.329,Nuit sans éclairage public,En agglomération,Hors intersection,Normale,Deux véhicules - frontale,,,,,,,,,,,3,2,1,1,1
200700046596,0007-08-17 15:00:00,7,8,17,15,0,760,490,hameau de TORCY,49.728,0.59,Plein jour,En agglomération,Intersection en X,Normale,Deux véhicules - frontale,,,,,,,,,,,1,2,2,1,1
200700046597,0007-08-28 22:00:00,7,8,28,22,0,270,447,98 ALLEE DES PIVERTS,48.948,1.025,Nuit avec éclairage allumé,En agglomération,Hors intersection,Normale,Autre collision,,,,,,,,,,,5,2,1,1,6
200700046598,0007-08-31 10:00:00,7,8,31,10,0,270,165,,,,Plein jour,Hors agglomération,Hors intersection,Normale,Deux véhicules - côté,,,,,,,,,,,1,1,1,1,3
200700046599,0007-08-31 19:15:00,7,8,31,19,15,270,504,CHEMIN DE LA TUILERIE,,,Plein jour,En agglomération,Hors intersection,Normale,Sans collision,,,,,,,,,,,1,2,1,1,7
200700046600,0007-08-09 20:00:00,7,8,9,20,0,270,696,,48.98,1.489,Crépuscule ou aube,Hors agglomération,Hors intersection,Normale,Autre collision,,,,,,,,,,,2,1,1,1,6
200700046601,0007-08-16 19:15:00,7,8,16,19,15,270,448,"RN 13, PK n°5",,,Plein jour,Hors agglomération,Hors intersection,Normale,Deux véhicules - côté,,,,,,,,,,,1,1,1,1,3
200700046602,0007-08-29 12:00:00,7,8,29,12,0,270,510,rue Macel LEDOUX,49.016,1.36,Plein jour,En agglomération,Hors intersection,Normale,Deux véhicules - côté,,,,,,,,,,,1,2,1,1,3
200700046603,0007-08-28 18:15:00,7,8,28,18,15,270,166,route de breteuil,48.846,0.947,Plein jour,En agglomération,Hors intersection,Normale,Deux véhicules - arrière,,,,,,,,,,,1,2,1,1,2
200700046604,0007-08-03 16:30:00,7,8,3,16,30,270,377,,,,Plein jour,Hors agglomération,Hors intersection,Normale,Autre collision,,,,,,,,,,,1,1,1,1,6
200700046605,0007-08-05 08:45:00,7,8,5,8,45,270,284,Rue Pierre Sémard,49.291,1.785,Plein jour,En agglomération,Hors intersection,Normale,Deux véhicules - frontale,,,,,,,,,,,1,2,1,1,1
200700046606,0007-08-19 17:00:00,7,8,19,17,0,270,404,,48.893,0.551,Plein jour,En agglomération,Hors intersection,Temps couvert,Deux véhicules - côté,,,,,,,,,,,1,2,1,8,3
200700046607,0007-08-24 08:00:00,7,8,24,8,0,270,56,,,,Plein jour,Hors agglomération,Hors intersection,Normale,Deux véhicules - frontale,,,,,,,,,,,1,1,1,1,1
200700046608,0007-08-10 01:00:00,7,8,10,1,0,270,253,,,,Nuit sans éclairage public,Hors agglomération,Hors intersection,Normale,Sans collision,,,,,,,,,,,3,1,1,1,7
200700046609,0007-08-22 20:15:00,7,8,22,20,15,270,356,,,,Crépuscule ou aube,Hors agglomération,Hors intersection,Pluie légère,Autre collision,,,,,,,,,,,2,1,1,2,6
200700046610,0007-08-09 19:00:00,7,8,9,19,0,270,332,,49.204,1.233,Plein jour,Hors agglomération,Hors intersection,Normale,Deux véhicules - arrière,,,,,,,,,,,1,1,1,1,2
200700046611,0007-08-29 07:30:00,7,8,29,7,30,270,553,,49.14,1.302,Plein jour,Hors agglomération,Hors intersection,Normale,Autre collision,,,,,,,,,,,1,1,1,1,6
200700046612,0007-08-18 14:30:00,7,8,18,14,30,270,529,,49.261,1.016,Plein jour,Hors agglomération,Hors intersection,Normale,Deux véhicules - frontale,,,,,,,,,,,1,1,1,1,1
200700046613,0007-08-24 12:00:00,7,8,24,12,0,270,428,,49.139,0.917,Crépuscule ou aube,Hors agglomération,Hors intersection,Normale,Autre collision,,,,,,,,,,,2,1,1,1,6
200700046614,0007-08-28 16:45:00,7,8,28,16,45,270,534,,49.242,1.033,Plein jour,Hors agglomération,Hors intersection,Normale,Autre collision,,,,,,,,,,,1,1,1,1,6
200700046615,0007-08-28 10:00:00,7,8,28,10,0,270,192,,49.153,0.931,Plein jour,Hors agglomération,Intersection en X,Normale,Deux véhicules - côté,,,,,,,,,,,1,1,2,1,3
200700046616,0007-08-10 15:45:00,7,8,10,15,45,270,577,,,,Plein jour,Hors agglomération,Hors intersection,Normale,Deux véhicules - frontale,,,,,,,,,,,1,1,1,1,1
200700046617,0007-08-13 16:00:00,7,8,13,16,0,270,467,CD 139,,,Plein jour,En agglomération,Hors intersection,Normale,Deux véhicules - côté,,,,,,,,,,,1,2,1,1,3
200700046618,0007-08-31 11:15:00,7,8,31,11,15,270,597,,49.378,0.371,Plein jour,Hors agglomération,Intersection en X,Normale,Deux véhicules - côté,,,,,,,,,,,1,1,2,1,3
200700046619,0007-08-23 17:15:00,7,8,23,17,15,270,393,,49.333,0.302,Plein jour,Hors agglomération,Hors intersection,Pluie légère,Sans collision,,,,,,,,,,,1,1,1,2,7
200700046620,0007-08-31 16:45:00,7,8,31,16,45,270,393,,,,Plein jour,Hors agglomération,Hors intersection,Normale,Deux véhicules - frontale,,,,,,,,,,,1,1,1,1,1
200700046621,0007-08-03 19:15:00,7,8,3,19,15,270,497,,49.362,0.701,Plein jour,Hors agglomération,Intersection en T,Normale,Trois véhicules et plus - en chaîne,,,,,,,,,,,1,1,3,1,4
200700046622,0007-08-08 09:45:00,7,8,8,9,45,350,193,,48.252,-1.718,Plein jour,Hors agglomération,Intersection en X,Normale,Deux véhicules - côté,,,,,,,,,,,1,1,2,1,3
200700046623,0007-08-11 08:45:00,7,8,11,8,45,350,128,23 rue de la Liberté,48.302,-1.719,Plein jour,En agglomération,Hors intersection,Normale,Deux véhicules - côté,,,,,,,,,,,1,2,1,1,3
200700046624,0007-08-27 11:00:00,7,8,27,11,0,350,326,,48.333,-1.566,Plein jour,Hors agglomération,Hors intersection,Normale,Deux véhicules - frontale,,,,,,,,,,,1,1,1,1,1
200700046625,0007-08-06 06:45:00,7,8,6,6,45,350,184,,48.207,-2.079,Crépuscule ou aube,Hors agglomération,Intersection en X,Pluie légère,Trois véhicules et plus - collisions multiples,,,,,,,,,,,2,1,2,2,5
200700046626,0007-08-22 09:00:00,7,8,22,9,0,350,245,,48.21,-1.88,Plein jour,Hors agglomération,Hors intersection,Temps couvert,Deux véhicules - frontale,,,,,,,,,,,1,1,1,8,1
200700046627,0007-08-12 05:15:00,7,8,12,5,15,350,223,,,,Nuit sans éclairage public,Hors agglomération,Hors intersection,Normale,Autre collision,,,,,,,,,,,3,1,1,1,6
200700046628,0007-08-11 00:01:00,7,8,11,0,1,350,37,,,,Nuit sans éclairage public,Hors agglomération,Hors intersection,Normale,Deux véhicules - côté,,,,,,,,,,,3,1,1,1,3
200700046629,0007-08-25 16:15:00,7,8,25,16,15,350,215,,,,Plein jour,Hors agglomération,Hors intersection,Normale,Deux véhicules - frontale,,,,,,,,,,,1,1,1,1,1
200700046630,0007-08-25 16:00:00,7,8,25,16,0,350,243,,,,Plein jour,Hors agglomération,Hors intersection,Normale,Autre collision,,,,,,,,,,,1,1,1,1,6
200700046631,0007-08-04 13:45:00,7,8,4,13,45,350,253,,48.26,-1.388,Plein jour,Hors agglomération,Hors intersection,Normale,Deux véhicules - frontale,,,,,,,,,,,1,1,1,1,1
200700046632,0007-08-05 18:15:00,7,8,5,18,15,350,19,,48.49,-1.564,Plein jour,Hors agglomération,Hors intersection,Normale,Autre collision,,,,,,,,,,,1,1,1,1,6
200700046633,0007-08-19 11:00:00,7,8,19,11,0,350,236,,47.694,-2.085,Plein jour,Hors agglomération,Intersection en T,Normale,Deux véhicules - côté,,,,,,,,,,,1,1,3,1,3
200700046634,0007-08-23 20:15:00,7,8,23,20,15,350,332,rue de Bain,47.812,-1.541,Crépuscule ou aube,En agglomération,Hors intersection,Normale,Deux véhicules - frontale,,,,,,,,,,,2,2,1,1,1
200700046635,0007-08-01 19:15:00,7,8,1,19,15,350,123,,48.009,-1.849,Plein jour,Hors agglomération,Hors intersection,Normale,Deux véhicules - frontale,,,,,,,,,,,1,1,1,1,1
200700046636,0007-08-05 13:30:00,7,8,5,13,30,350,289,,,,Plein jour,Hors agglomération,Hors intersection,Normale,Autre collision,,,,,,,,,,,1,1,1,1,6
200700046637,0007-08-25 14:30:00,7,8,25,14,30,350,126,,,,Plein jour,Hors agglomération,Hors intersection,Normale,Deux véhicules - frontale,,,,,,,,,,,1,1,1,1,1
200700046638,0007-08-11 16:15:00,7,8,11,16,15,350,122,,,,Plein jour,Hors agglomération,Autre intersection,Normale,Deux véhicules - frontale,,,,,,,,,,,1,1,9,1,1
200700046639,0007-08-15 16:00:00,7,8,15,16,0,350,299,,,,Plein jour,Hors agglomération,Hors intersection,Normale,Deux véhicules - côté,,,,,,,,,,,1,1,1,1,3
200700046640,0007-08-22 09:45:00,7,8,22,9,45,350,299,,48.657,-1.921,Plein jour,Hors agglomération,Hors intersection,Pluie légère,Deux véhicules - côté,,,,,,,,,,,1,1,1,2,3
200700046641,0007-08-05 17:00:00,7,8,5,17,0,350,29,Bourg,48.469,-1.768,Plein jour,En agglomération,Hors intersection,Normale,Deux véhicules - côté,,,,,,,,,,,1,2,1,1,3
200700046642,0007-08-16 14:45:00,7,8,16,14,45,350,95,Rue du Docteur Gringoire,48.554,-1.749,Plein jour,En agglomération,Hors intersection,Normale,Deux véhicules - côté,,,,,,,,,,,1,2,1,1,3
200700046643,0007-08-05 02:30:00,7,8,5,2,30,350,287,,,,Nuit sans éclairage public,Hors agglomération,Hors intersection,Normale,Deux véhicules - côté,,,,,,,,,,,3,1,1,1,3
200700046644,0007-08-07 14:00:00,7,8,7,14,0,350,228,,,,Plein jour,Hors agglomération,Hors intersection,Normale,Deux véhicules - arrière,,,,,,,,,,,1,1,1,1,2
200700046645,0007-08-28 19:00:00,7,8,28,19,0,350,217,,,,Plein jour,Hors agglomération,Hors intersection,Normale,Sans collision,,,,,,,,,,,1,1,1,1,7