accident_id,datetime,annee,mois,jour,heure,minute,departement,commune_insee,adresse,latitude,longitude,luminosite,agglomeration,intersection,meteo,collision,nb_vehicules,nb_usagers,nb_indemnes,nb_tues,nb_blesses_hosp,nb_blesses_legers,age_cond_1,age_cond_2,veh_type_cond_1,veh_type_cond_2,lum_code,agg_code,int_code,atm_code,col_code
200700046646,0007-08-09 12:15:00,7,8,9,12,15,350,125,Faubour de VITRE,,,Plein jour,En agglomération,Hors intersection,Normale,Deux véhicules - arrière,,,,,,,,,,,1,2,1,1,2
200700046647,0007-08-16 15:00:00,7,8,16,15,0,350,136,,,,Plein jour,Hors agglomération,Hors intersection,Normale,Sans collision,,,,,,,,,,,1,1,1,1,7
200700046648,0007-08-24 10:30:00,7,8,24,10,30,350,88,,47.974,-1.602,Plein jour,Hors agglomération,Hors intersection,Normale,Deux véhicules - frontale,,,,,,,,,,,1,1,1,1,1
200700046649,0007-08-04 16:15:00,7,8,4,16,15,220,158,rue du port,48.206,-2.982,Plein jour,En agglomération,Hors intersection,Temps éblouissant,Deux véhicules - côté,,,,,,,,,,,1,2,1,7,3
200700046650,0007-08-13 20:45:00,7,8,13,20,45,220,316,,48.268,-3.024,Crépuscule ou aube,Hors agglomération,Hors intersection,Normale,Sans collision,,,,,,,,,,,2,1,1,1,7
200700046651,0007-08-20 15:45:00,7,8,20,15,45,220,316,,48.269,-3.023,Plein jour,Hors agglomération,Hors intersection,Pluie forte,Trois véhicules et plus - collisions multiples,,,,,,,,,,,1,1,1,3,5
200700046652,0007-08-23 14:30:00,7,8,23,14,30,220,47,,48.314,-3.048,Plein jour,Hors agglomération,Hors intersection,Normale,Autre collision,,,,,,,,,,,1,1,1,1,6
200700046653,0007-08-12 18:00:00,7,8,12,18,0,220,121,,,,Plein jour,Hors agglomération,Hors intersection,Normale,Deux véhicules - arrière,,,,,,,,,,,1,1,1,1,2
200700046654,0007-08-19 10:30:00,7,8,19,10,30,220,214,,48.735,-2.982,Plein jour,Hors agglomération,Hors intersection,Normale,Deux véhicules - frontale,,,,,,,,,,,1,1,1,1,1
200700046655,0007-08-13 12:00:00,7,8,13,12,0,220,54,rue Notre Dame,,,Plein jour,En agglomération,Hors intersection,Normale,Deux véhicules - côté,,,,,,,,,,,1,2,1,1,3
200700046656,0007-08-02 19:15:00,7,8,2,19,15,220,262,AVENUE DU GENERAL DE GAU,48.408,-2.905,Plein jour,En agglomération,Intersection en T,Normale,Deux véhicules - côté,,,,,,,,,,,1,2,3,1,3
200700046657,0007-08-23 17:15:00,7,8,23,17,15,220,176,,48.462,-2.757,Plein jour,Hors agglomération,Hors intersection,Normale,Deux véhicules - côté,,,,,,,,,,,1,1,1,1,3
200700046658,0007-08-08 09:15:00,7,8,8,9,15,220,193,,,,Plein jour,Hors agglomération,Hors intersection,Normale,Sans collision,,,,,,,,,,,1,1,1,1,7
200700046659,0007-08-11 15:45:00,7,8,11,15,45,220,369,,,,Plein jour,Hors agglomération,Hors intersection,Normale,Sans collision,,,,,,,,,,,1,1,1,1,7
200700046660,0007-08-08 15:30:00,7,8,8,15,30,220,49,,,,Plein jour,Hors agglomération,Intersection en T,Normale,Deux véhicules - côté,,,,,,,,,,,1,1,3,1,3
200700046661,0007-08-14 15:00:00,7,8,14,15,0,220,172,,,,Plein jour,Hors agglomération,Hors intersection,Normale,Deux véhicules - frontale,,,,,,,,,,,1,1,1,1,1
200700046662,0007-08-02 18:30:00,7,8,2,18,30,220,91,,48.631,-3.186,Plein jour,Hors agglomération,Hors intersection,Normale,Trois véhicules et plus - en chaîne,,,,,,,,,,,1,1,1,1,4
200700046663,0007-08-21 01:45:00,7,8,21,1,45,220,256,,48.719,-3.087,Nuit sans éclairage public,Hors agglomération,Hors intersection,Normale,Sans collision,,,,,,,,,,,3,1,1,1,7
200700046664,0007-08-04 00:01:00,7,8,4,0,1,220,157,,48.294,-3.468,Nuit sans éclairage public,Hors agglomération,Hors intersection,Normale,Sans collision,,,,,,,,,,,3,1,1,1,7
200700046665,0007-08-05 12:00:00,7,8,5,12,0,220,226,,48.67,-3.5,Plein jour,Hors agglomération,Hors intersection,Normale,Deux véhicules - côté,,,,,,,,,,,1,1,1,1,3
200700046666,0007-08-20 17:45:00,7,8,20,17,45,220,226,,,,Plein jour,Hors agglomération,Hors intersection,Normale,Deux véhicules - frontale,,,,,,,,,,,1,1,1,1,1
200700046667,0007-08-24 17:15:00,7,8,24,17,15,220,227,,48.566,-3.518,Plein jour,Hors agglomération,Hors intersection,Normale,Autre collision,,,,,,,,,,,1,1,1,1,6
200700046668,0007-08-30 19:15:00,7,8,30,19,15,220,211,,48.723,-3.447,Plein jour,Hors agglomération,Hors intersection,Normale,Deux véhicules - frontale,,,,,,,,,,,1,1,1,1,1
200700046669,0007-08-31 19:00:00,7,8,31,19,0,220,353,rue de poul palud,,,Plein jour,En agglomération,Hors intersection,Normale,Autre collision,,,,,,,,,,,1,2,1,1,6
200700046670,0007-08-20 17:00:00,7,8,20,17,0,220,362,rue erwan berthou,,,Plein jour,En agglomération,Hors intersection,Normale,Deux véhicules - arrière,,,,,,,,,,,1,2,1,1,2
200700046671,0007-08-13 14:45:00,7,8,13,14,45,290,145,RUE PENN AR BED,48.055,-4.425,Plein jour,En agglomération,Hors intersection,Pluie légère,Deux véhicules - frontale,,,,,,,,,,,1,2,1,2,1
200700046672,0007-08-19 09:45:00,7,8,19,9,45,290,216,,47.961,-4.17,Crépuscule ou aube,Hors agglomération,Hors intersection,Normale,Autre collision,,,,,,,,,,,2,1,1,1,6
200700046673,0007-08-05 23:15:00,7,8,5,23,15,290,46,rue duguay trouin,,,Nuit avec éclairage allumé,En agglomération,Intersection en T,Pluie légère,Deux véhicules - côté,,,,,,,,,,,5,2,3,2,3
200700046674,0007-08-15 22:30:00,7,8,15,22,30,290,32,,47.894,-4.097,Nuit sans éclairage public,Hors agglomération,Hors intersection,Normale,Deux véhicules - côté,,,,,,,,,,,3,1,1,1,3
200700046675,0007-08-21 15:15:00,7,8,21,15,15,290,58,Route de Ste Anne,47.908,-4.021,Plein jour,En agglomération,Hors intersection,Normale,Deux véhicules - arrière,,,,,,,,,,,1,2,1,1,2
200700046676,0007-08-27 05:30:00,7,8,27,5,30,290,32,,47.887,-4.102,Nuit avec éclairage allumé,Hors agglomération,Hors intersection,Normale,Autre collision,,,,,,,,,,,5,1,1,1,6
200700046677,0007-08-04 20:15:00,7,8,4,20,15,290,135,rue du commandant Carfot,47.838,-4.169,Plein jour,En agglomération,Hors intersection,Normale,Deux véhicules - frontale,,,,,,,,,,,1,2,1,1,1
200700046678,0007-08-11 13:15:00,7,8,11,13,15,290,284,Rue Stang an Dour,47.815,-4.247,Plein jour,En agglomération,Hors intersection,Normale,Deux véhicules - côté,,,,,,,,,,,1,2,1,1,3
200700046679,0007-08-31 14:30:00,7,8,31,14,30,290,37,,47.889,-4.173,Plein jour,Hors agglomération,Hors intersection,Normale,Deux véhicules - côté,,,,,,,,,,,1,1,1,1,3
200700046680,0007-08-23 02:15:00,7,8,23,2,15,290,61,rue de Reischtett,48.454,-4.466,Nuit avec éclairage allumé,En agglomération,Hors intersection,Normale,Sans collision,,,,,,,,,,,5,2,1,1,7
200700046681,0007-08-03 21:15:00,7,8,3,21,15,290,35,,48.495,-4.531,Crépuscule ou aube,Hors agglomération,Hors intersection,Normale,Deux véhicules - frontale,,,,,,,,,,,2,1,1,1,1
200700046682,0007-08-09 18:30:00,7,8,9,18,30,290,101,Prad al lann,48.596,-4.597,Plein jour,En agglomération,Intersection en X,Normale,Deux véhicules - côté,,,,,,,,,,,1,2,2,1,3
200700046683,0007-08-19 18:15:00,7,8,19,18,15,290,160,,48.485,-4.428,Plein jour,Hors agglomération,Hors intersection,Normale,Deux véhicules - côté,,,,,,,,,,,1,1,1,1,3
200700046684,0007-08-31 13:45:00,7,8,31,13,45,290,11,,48.441,-4.489,Plein jour,Hors agglomération,Hors intersection,Normale,Deux véhicules - frontale,,,,,,,,,,,1,1,1,1,1
200700046685,0007-08-15 14:45:00,7,8,15,14,45,290,211,,,,Plein jour,Hors agglomération,Hors intersection,Pluie légère,Deux véhicules - frontale,,,,,,,,,,,1,1,1,2,1
200700046686,0007-08-09 09:00:00,7,8,9,9,0,290,162,,,,Plein jour,Hors agglomération,Hors intersection,Normale,Sans collision,,,,,,,,,,,1,1,1,1,7
200700046687,0007-08-26 02:15:00,7,8,26,2,15,290,106,,,,Nuit sans éclairage public,Hors agglomération,Hors intersection,Normale,Autre collision,,,,,,,,,,,3,1,1,1,6
200700046688,0007-08-03 18:00:00,7,8,3,18,0,290,10,,,,Plein jour,Hors agglomération,Hors intersection,Normale,Deux véhicules - côté,,,,,,,,,,,1,1,1,1,3
200700046689,0007-08-14 14:00:00,7,8,14,14,0,290,259,,,,Plein jour,Hors agglomération,Hors intersection,Normale,Deux véhicules - frontale,,,,,,,,,,,1,1,1,1,1
200700046690,0007-08-25 19:30:00,7,8,25,19,30,290,185,,,,Plein jour,Hors agglomération,Hors intersection,Normale,Sans collision,,,,,,,,,,,1,1,1,1,7
200700046691,0007-08-03 10:30:00,7,8,3,10,30,560,232,,47.68,-2.126,Plein jour,Hors agglomération,Hors intersection,Normale,Deux véhicules - côté,,,,,,,,,,,1,1,1,1,3
200700046692,0007-08-05 06:45:00,7,8,5,6,45,560,23,,47.676,-3.019,Crépuscule ou aube,Hors agglomération,Hors intersection,Normale,Sans collision,,,,,,,,,,,2,1,1,1,7
200700046693,0007-08-25 05:30:00,7,8,25,5,30,560,7,,47.67,-2.97,Nuit sans éclairage public,Hors agglomération,Hors intersection,Normale,Autre collision,,,,,,,,,,,3,1,1,1,6
200700046694,0007-08-07 11:30:00,7,8,7,11,30,560,152,Lot la Grande Prairie,47.344,-3.156,Plein jour,En agglomération,Hors intersection,Normale,Autre collision,,,,,,,,,,,1,2,1,1,6
200700046695,0007-08-11 19:30:00,7,8,11,19,30,560,9,,47.332,-3.194,Plein jour,Hors agglomération,Hors intersection,Normale,Sans collision,,,,,,,,,,,1,1,1,1,7
200700046696,0007-08-05 12:00:00,7,8,5,12,0,560,168,,47.6,-3.132,Plein jour,Hors agglomération,Hors intersection,Temps éblouissant,Deux véhicules - frontale,,,,,,,,,,,1,1,1,7,1
200700046697,0007-08-05 20:00:00,7,8,5,20,0,560,34,,47.641,-3.051,Plein jour,Hors agglomération,Hors intersection,Temps éblouissant,Trois véhicules et plus - collisions multiples,,,,,,,,,,,1,1,1,7,5
200700046698,0007-08-09 18:30:00,7,8,9,18,30,560,258,,47.594,-3.03,Plein jour,En agglomération,Hors intersection,Temps éblouissant,Deux véhicules - côté,,,,,,,,,,,1,2,1,7,3
200700046699,0007-08-12 19:15:00,7,8,12,19,15,560,34,AVENUE DES DRUIDES,47.578,-3.068,Plein jour,En agglomération,Hors intersection,Temps éblouissant,Autre collision,,,,,,,,,,,1,2,1,7,6
200700046700,0007-08-13 20:00:00,7,8,13,20,0,560,34,,47.642,-3.048,Plein jour,Hors agglomération,Hors intersection,Normale,Deux véhicules - côté,,,,,,,,,,,1,1,1,1,3
200700046701,0007-08-23 09:45:00,7,8,23,9,45,560,34,rond point des salines,,,Plein jour,En agglomération,Giratoire,Normale,Deux véhicules - côté,,,,,,,,,,,1,2,6,1,3
200700046702,0007-08-25 22:15:00,7,8,25,22,15,560,258,COURS DES QUAIS,47.595,-3.029,Nuit avec éclairage allumé,En agglomération,Hors intersection,Normale,Deux véhicules - côté,,,,,,,,,,,5,2,1,1,3
200700046703,0007-08-19 19:15:00,7,8,19,19,15,560,185,,,,Plein jour,Hors agglomération,Hors intersection,Normale,Deux véhicules - frontale,,,,,,,,,,,1,1,1,1,1
200700046704,0007-08-29 18:30:00,7,8,29,18,30,560,169,,47.688,-3.232,Plein jour,Hors agglomération,Hors intersection,Normale,Trois véhicules et plus - en chaîne,,,,,,,,,,,1,1,1,1,4
200700046705,0007-08-09 12:50:00,7,8,9,12,50,560,165,et Place Sénéchal Perret,,,Plein jour,En agglomération,Hors intersection,Normale,Deux véhicules - côté,,,,,,,,,,,1,2,1,1,3
200700046706,0007-08-17 18:00:00,7,8,17,18,0,560,133,,47.837,-2.335,Plein jour,Hors agglomération,Hors intersection,Normale,Deux véhicules - côté,,,,,,,,,,,1,1,1,1,3
200700046707,0007-08-10 08:45:00,7,8,10,8,45,560,172,,47.843,-2.614,Plein jour,Hors agglomération,Hors intersection,Normale,Autre collision,,,,,,,,,,,1,1,1,1,6
200700046708,0007-08-11 17:45:00,7,8,11,17,45,560,79,,,,Plein jour,Hors agglomération,Hors intersection,Normale,Deux véhicules - frontale,,,,,,,,,,,1,1,1,1,1
200700046709,0007-08-13 17:30:00,7,8,13,17,30,560,204,,47.901,-2.749,Plein jour,Hors agglomération,Hors intersection,Normale,Trois véhicules et plus - collisions multiples,,,,,,,,,,,1,1,1,1,5
200700046710,0007-08-02 14:30:00,7,8,2,14,30,560,146,,48.12,-2.915,Plein jour,Hors agglomération,Hors intersection,Normale,Deux véhicules - côté,,,,,,,,,,,1,1,1,1,3
200700046711,0007-08-13 21:00:00,7,8,13,21,0,560,146,CD 125,48.133,-2.982,Plein jour,En agglomération,Hors intersection,Normale,Deux véhicules - frontale,,,,,,,,,,,1,2,1,1,1
200700046712,0007-08-25 03:30:00,7,8,25,3,30,560,178,,48.09,-2.994,Nuit avec éclairage allumé,Hors agglomération,Hors intersection,Normale,Autre collision,,,,,,,,,,,5,1,1,1,6
200700046713,0007-08-30 19:15:00,7,8,30,19,15,140,197,17 rue du bac du port,49.294,-0.351,Plein jour,En agglomération,Hors intersection,Normale,Autre collision,,,,,,,,,,,1,2,1,1,6
200700046714,0007-08-07 18:45:00,7,8,7,18,45,140,665,,49.267,-0.226,Plein jour,Hors agglomération,Hors intersection,Normale,Sans collision,,,,,,,,,,,1,1,1,1,7
200700046715,0007-08-23 15:45:00,7,8,23,15,45,140,724,,,,Plein jour,Hors agglomération,Hors intersection,Normale,Deux véhicules - frontale,,,,,,,,,,,1,1,1,1,1
200700046716,0007-08-28 08:30:00,7,8,28,8,30,140,724,RD 513,49.272,-0.157,Plein jour,En agglomération,Hors intersection,Normale,Autre collision,,,,,,,,,,,1,2,1,1,6
200700046717,0007-08-29 08:00:00,7,8,29,8,0,140,657,,,,Plein jour,Hors agglomération,Hors intersection,Normale,Autre collision,,,,,,,,,,,1,1,1,1,6
200700046718,0007-08-31 00:45:00,7,8,31,0,45,140,530,,,,Nuit sans éclairage public,Hors agglomération,Hors intersection,Normale,Sans collision,,,,,,,,,,,3,1,1,1,7
200700046719,0007-08-25 17:00:00,7,8,25,17,0,140,436,,,,Plein jour,Hors agglomération,Hors intersection,Normale,Deux véhicules - arrière,,,,,,,,,,,1,1,1,1,2
200700046720,0007-08-10 15:00:00,7,8,10,15,0,140,342,quai neuf,,,Plein jour,En agglomération,Hors intersection,Normale,Autre collision,,,,,,,,,,,1,2,1,1,6
200700046721,0007-08-11 18:30:00,7,8,11,18,30,140,622,,,,Plein jour,Hors agglomération,Hors intersection,Normale,Deux véhicules - frontale,,,,,,,,,,,1,1,1,1,1
200700046722,0007-08-31 20:30:00,7,8,31,20,30,140,78,,,,Crépuscule ou aube,Hors agglomération,Hors intersection,Normale,Autre collision,,,,,,,,,,,2,1,1,1,6
200700046723,0007-08-02 18:30:00,7,8,2,18,30,140,258,,,,Plein jour,Hors agglomération,Hors intersection,Normale,Deux véhicules - côté,,,,,,,,,,,1,1,1,1,3
200700046724,0007-08-25 08:30:00,7,8,25,8,30,140,258,Avenue d'Hastings,48.905,-0.201,Plein jour,En agglomération,Hors intersection,Normale,Deux véhicules - arrière,,,,,,,,,,,1,2,1,1,2
200700046725,0007-08-13 18:15:00,7,8,13,18,15,140,648,,49.124,0.169,Plein jour,Hors agglomération,Hors intersection,Normale,Deux véhicules - frontale,,,,,,,,,,,1,1,1,1,1
200700046726,0007-08-19 12:15:00,7,8,19,12,15,140,520,,49.149,0.124,Plein jour,Hors agglomération,Hors intersection,Pluie légère,Autre collision,,,,,,,,,,,1,1,1,2,6
200700046727,0007-08-04 12:30:00,7,8,4,12,30,140,371,Route de LISIEUX,49.009,0.147,Plein jour,En agglomération,Hors intersection,Normale,Deux véhicules - côté,,,,,,,,,,,1,2,1,1,3
200700046728,0007-08-13 11:45:00,7,8,13,11,45,140,270,,49.149,0.295,Plein jour,Hors agglomération,Hors intersection,Normale,Trois véhicules et plus - collisions multiples,,,,,,,,,,,1,1,1,1,5
200700046729,0007-08-15 21:30:00,7,8,15,21,30,140,522,,49.084,0.248,Nuit sans éclairage public,Hors agglomération,Hors intersection,Pluie légère,Autre collision,,,,,,,,,,,3,1,1,2,6
200700046730,0007-08-16 08:30:00,7,8,16,8,30,140,524,,49.258,-0.073,Crépuscule ou aube,Hors agglomération,Hors intersection,Pluie légère,Deux véhicules - frontale,,,,,,,,,,,2,1,1,2,1
200700046731,0007-08-09 02:45:00,7,8,9,2,45,140,604,,,,Nuit sans éclairage public,Hors agglomération,Hors intersection,Brouillard / fumée,Autre collision,,,,,,,,,,,3,1,1,5,6
200700046732,0007-08-03 17:15:00,7,8,3,17,15,140,658,CD 524,,,Plein jour,En agglomération,Intersection en X,Normale,Deux véhicules - côté,,,,,,,,,,,1,2,2,1,3
200700046733,0007-08-30 15:00:00,7,8,30,15,0,140,717,le bourg,,,Plein jour,En agglomération,Hors intersection,Normale,Autre collision,,,,,,,,,,,1,2,1,1,6
200700046734,0007-08-27 11:45:00,7,8,27,11,45,140,513,,48.957,-1.035,Plein jour,Hors agglomération,Hors intersection,Normale,Deux véhicules - frontale,,,,,,,,,,,1,1,1,1,1
200700046735,0007-08-12 01:00:00,7,8,12,1,0,140,442,,,,Nuit sans éclairage public,Hors agglomération,Hors intersection,Normale,Autre collision,,,,,,,,,,,3,1,1,1,6
200700046736,0007-08-20 13:30:00,7,8,20,13,30,140,726,,,,Plein jour,Hors agglomération,Hors intersection,Pluie forte,Deux véhicules - frontale,,,,,,,,,,,1,1,1,3,1
200700046737,0007-08-24 15:45:00,7,8,24,15,45,140,413,,48.987,-0.767,Plein jour,Hors agglomération,Hors intersection,Temps couvert,Deux véhicules - frontale,,,,,,,,,,,1,1,1,8,1
200700046738,0007-08-25 10:00:00,7,8,25,10,0,500,99,rue du Gibet,,,Plein jour,En agglomération,Hors intersection,Normale,Autre collision,,,,,,,,,,,1,2,1,1,6
200700046739,0007-08-01 22:30:00,7,8,1,22,30,500,119,,,,Nuit sans éclairage public,Hors agglomération,Hors intersection,Normale,Autre collision,,,,,,,,,,,3,1,1,1,6
200700046740,0007-08-14 14:30:00,7,8,14,14,30,500,139,,49.061,-1.001,Plein jour,Hors agglomération,Hors intersection,Pluie légère,Sans collision,,,,,,,,,,,1,1,1,2,7
200700046741,0007-08-04 10:00:00,7,8,4,10,0,500,531,,48.685,-1.277,Plein jour,Hors agglomération,Hors intersection,Normale,Deux véhicules - côté,,,,,,,,,,,1,1,1,1,3
200700046742,0007-08-10 10:15:00,7,8,10,10,15,500,199,,,,Plein jour,Hors agglomération,Hors intersection,Normale,Deux véhicules - côté,,,,,,,,,,,1,1,1,1,3
200700046743,0007-08-24 15:45:00,7,8,24,15,45,500,526,,,,Plein jour,Hors agglomération,Intersection en X,Normale,Deux véhicules - côté,,,,,,,,,,,1,1,2,1,3
200700046744,0007-08-27 22:00:00,7,8,27,22,0,500,540,,,,Nuit sans éclairage public,Hors agglomération,Hors intersection,Normale,Autre collision,,,,,,,,,,,3,1,1,1,6
200700046745,0007-08-29 21:15:00,7,8,29,21,15,500,639,Rue Carnot,,,Nuit avec éclairage allumé,En agglomération,Hors intersection,Normale,Deux véhicules - côté,,,,,,,,,,,5,2,1,1,3
200700046746,0007-08-03 11:45:00,7,8,3,11,45,500,31,rue Hauvet,,,Plein jour,En agglomération,Hors intersection,Normale,Autre collision,,,,,,,,,,,1,2,1,1,6
200700046747,0007-08-19 19:45:00,7,8,19,19,45,500,31,avenue de la mer,49.381,-1.79,Crépuscule ou aube,En agglomération,Hors intersection,Normale,Deux véhicules - frontale,,,,,,,,,,,2,2,1,1,1
200700046748,0007-08-20 11:45:00,7,8,20,11,45,500,471,,,,Plein jour,Hors agglomération,Hors intersection,Pluie forte,Deux véhicules - côté,,,,,,,,,,,1,1,1,3,3
200700046749,0007-08-02 10:00:00,7,8,2,10,0,500,509,,,,Plein jour,Hors agglomération,Hors intersection,Normale,Deux véhicules - côté,,,,,,,,,,,1,1,1,1,3
200700046750,0007-08-07 15:45:00,7,8,7,15,45,500,507,les gougins cd 421,,,Plein jour,En agglomération,Hors intersection,Normale,Autre collision,,,,,,,,,,,1,2,1,1,6
200700046751,0007-08-21 19:00:00,7,8,21,19,0,500,610,,,,Plein jour,Hors agglomération,Hors intersection,Normale,Autre collision,,,,,,,,,,,1,1,1,1,6
200700046752,0007-08-25 16:30:00,7,8,25,16,30,500,76,Avenue Marland,,,Plein jour,En agglomération,Intersection en T,Normale,Deux véhicules - frontale,,,,,,,,,,,1,2,3,1,1
200700046753,0007-08-14 18:15:00,7,8,14,18,15,500,497,,,,Plein jour,Hors agglomération,Intersection en X,Normale,Deux véhicules - frontale,,,,,,,,,,,1,1,2,1,1
200700046754,0007-08-15 16:30:00,7,8,15,16,30,500,533,,,,Plein jour,Hors agglomération,Hors intersection,Normale,Deux véhicules - arrière,,,,,,,,,,,1,1,1,1,2
200700046755,0007-08-15 19:00:00,7,8,15,19,0,500,405,,,,Plein jour,Hors agglomération,Intersection en T,Pluie légère,Deux véhicules - côté,,,,,,,,,,,1,1,3,2,3
200700046756,0007-08-11 14:30:00,7,8,11,14,30,500,456,,48.665,-0.896,Plein jour,Hors agglomération,Hors intersection,Normale,Deux véhicules - côté,,,,,,,,,,,1,1,1,1,3
200700046757,0007-08-19 04:15:00,7,8,19,4,15,500,90,route de le TEILLEUL,,,Nuit sans éclairage public,En agglomération,Hors intersection,Pluie légère,Autre collision,,,,,,,,,,,3,2,1,2,6
200700046758,0007-08-22 15:45:00,7,8,22,15,45,610,464,rue forton,,,Plein jour,En agglomération,Hors intersection,Pluie légère,Deux véhicules - frontale,,,,,,,,,,,1,2,1,2,1
200700046759,0007-08-22 19:45:00,7,8,22,19,45,610,156,,,,Plein jour,Hors agglomération,Hors intersection,Pluie légère,Sans collision,,,,,,,,,,,1,1,1,2,7
200700046760,0007-08-22 11:30:00,7,8,22,11,30,610,72,,48.961,0.258,Plein jour,Hors agglomération,Hors intersection,Pluie légère,Deux véhicules - frontale,,,,,,,,,,,1,1,1,2,1
200700046761,0007-08-19 00:15:00,7,8,19,0,15,610,385,,,,Nuit sans éclairage public,Hors agglomération,Hors intersection,Pluie légère,Deux véhicules - frontale,,,,,,,,,,,3,1,1,2,1
200700046762,0007-08-18 17:00:00,7,8,18,17,0,610,253,,48.676,0.205,Plein jour,Hors agglomération,Hors intersection,Normale,Deux véhicules - côté,,,,,,,,,,,1,1,1,1,3
200700046763,0007-08-26 17:30:00,7,8,26,17,30,610,167,RUE MESNIL ROUSSET,48.852,0.517,Plein jour,En agglomération,Hors intersection,Normale,Autre collision,,,,,,,,,,,1,2,1,1,6
200700046764,0007-08-13 17:00:00,7,8,13,17,0,610,145,,48.591,-0.663,Plein jour,Hors agglomération,Hors intersection,Normale,Deux véhicules - arrière,,,,,,,,,,,1,1,1,1,2
200700046765,0007-08-29 05:45:00,7,8,29,5,45,610,232,,48.639,-0.699,Nuit sans éclairage public,Hors agglomération,Hors intersection,Normale,Autre collision,,,,,,,,,,,3,1,1,1,6
200700046766,0007-08-17 16:15:00,7,8,17,16,15,610,439,,,,Plein jour,Hors agglomération,Hors intersection,Normale,Autre collision,,,,,,,,,,,1,1,1,1,6
200700046767,0007-08-17 19:30:00,7,8,17,19,30,610,293,,48.522,0.58,Plein jour,Hors agglomération,Hors intersection,Normale,Deux véhicules - frontale,,,,,,,,,,,1,1,1,1,1
200700046768,0007-08-27 11:00:00,7,8,27,11,0,610,118,,,,Plein jour,Hors agglomération,Intersection en X,Normale,Deux véhicules - côté,,,,,,,,,,,1,1,2,1,3
200700046769,0007-08-17 17:00:00,7,8,17,17,0,610,115,,,,Plein jour,Hors agglomération,Hors intersection,Normale,Autre collision,,,,,,,,,,,1,1,1,1,6
200700046770,0007-08-23 18:30:00,7,8,23,18,30,610,337,,,,Plein jour,Hors agglomération,Hors intersection,Pluie légère,Deux véhicules - côté,,,,,,,,,,,1,1,1,2,3
200700046771,0007-08-21 18:45:00,7,8,21,18,45,610,214,RUE LOUIS PASTEUR,48.767,0.626,Plein jour,En agglomération,Hors intersection,Temps couvert,Autre collision,,,,,,,,,,,1,2,1,8,6
200700046772,0007-08-19 07:45:00,7,8,19,7,45,610,50,,,,Plein jour,Hors agglomération,Hors intersection,Pluie légère,Deux véhicules - côté,,,,,,,,,,,1,1,1,2,3
200700046773,0007-08-25 11:45:00,7,8,25,11,45,610,429,,48.651,0.754,Plein jour,Hors agglomération,Hors intersection,Normale,Sans collision,,,,,,,,,,,1,1,1,1,7
200700046774,0007-08-10 10:30:00,7,8,10,10,30,440,204,,,,Plein jour,Hors agglomération,Giratoire,Normale,Deux véhicules - côté,,,,,,,,,,,1,1,6,1,3
200700046775,0007-08-18 20:15:00,7,8,18,20,15,440,188,3 rue bonne fontaine,47.037,-1.644,Plein jour,En agglomération,Hors intersection,Temps couvert,Autre collision,,,,,,,,,,,1,2,1,8,6
200700046776,0007-08-11 13:30:00,7,8,11,13,30,440,215,Bd de l europe,,,Plein jour,En agglomération,Giratoire,Normale,Deux véhicules - côté,,,,,,,,,,,1,2,6,1,3
200700046777,0007-08-01 19:30:00,7,8,1,19,30,440,96,,47.481,-1.228,Plein jour,Hors agglomération,Hors intersection,Normale,Trois véhicules et plus - collisions multiples,,,,,,,,,,,1,1,1,1,5
200700046778,0007-08-19 19:00:00,7,8,19,19,0,440,96,,,,Plein jour,Hors agglomération,Autre intersection,Normale,Autre collision,,,,,,,,,,,1,1,9,1,6
200700046779,0007-08-25 19:30:00,7,8,25,19,30,440,213,,,,Plein jour,Hors agglomération,Hors intersection,Normale,Deux véhicules - frontale,,,,,,,,,,,1,1,1,1,1
200700046780,0007-08-01 08:30:00,7,8,1,8,30,440,77,,47.485,-1.45,Plein jour,Hors agglomération,Intersection en X,Normale,Deux véhicules - côté,,,,,,,,,,,1,1,2,1,3
200700046781,0007-08-04 09:45:00,7,8,4,9,45,440,118,,,,Plein jour,Hors agglomération,Hors intersection,Normale,Deux véhicules - arrière,,,,,,,,,,,1,1,1,1,2
200700046782,0007-08-25 05:45:00,7,8,25,5,45,440,77,,47.527,-1.396,Crépuscule ou aube,Hors agglomération,Hors intersection,Brouillard / fumée,Autre collision,,,,,,,,,,,2,1,1,5,6
200700046783,0007-08-31 06:00:00,7,8,31,6,0,440,28,,47.317,-1.385,Nuit sans éclairage public,Hors agglomération,Hors intersection,Normale,Deux véhicules - frontale,,,,,,,,,,,3,1,1,1,1
200700046784,0007-08-10 17:30:00,7,8,10,17,30,440,73,,47.476,-1.736,Plein jour,Hors agglomération,Hors intersection,Normale,Deux véhicules - frontale,,,,,,,,,,,1,1,1,1,1
200700046785,0007-08-17 23:30:00,7,8,17,23,30,440,51,Place du Bon Accueil,47.672,-1.67,Nuit avec éclairage allumé,En agglomération,Hors intersection,Normale,Deux véhicules - côté,,,,,,,,,,,5,2,1,1,3