accident_id,datetime,annee,mois,jour,heure,minute,departement,commune_insee,adresse,latitude,longitude,luminosite,agglomeration,intersection,meteo,collision,nb_vehicules,nb_usagers,nb_indemnes,nb_tues,nb_blesses_hosp,nb_blesses_legers,age_cond_1,age_cond_2,veh_type_cond_1,veh_type_cond_2,lum_code,agg_code,int_code,atm_code,col_code
200700046926,0007-08-18 07:45:00,7,8,18,7,45,330,305,,44.467,-0.302,Crépuscule ou aube,Hors agglomération,Hors intersection,Normale,Deux véhicules - côté,,,,,,,,,,,2,1,1,1,3
200700046927,0007-08-31 20:45:00,7,8,31,20,45,330,46,,44.39,-0.24,Crépuscule ou aube,Hors agglomération,Hors intersection,Normale,Deux véhicules - frontale,,,,,,,,,,,2,1,1,1,1
200700046928,0007-08-11 11:15:00,7,8,11,11,15,330,484,Cours de Verdun,,,Plein jour,En agglomération,Hors intersection,Normale,Autre collision,,,,,,,,,,,1,2,1,1,6
200700046929,0007-08-10 20:15:00,7,8,10,20,15,330,482,,44.687,-0.119,Crépuscule ou aube,Hors agglomération,Intersection en X,Normale,Deux véhicules - côté,,,,,,,,,,,2,1,2,1,3
200700046930,0007-08-01 19:00:00,7,8,1,19,0,330,128,,45.354,-0.907,Plein jour,Hors agglomération,Hors intersection,Normale,Deux véhicules - côté,,,,,,,,,,,1,1,1,1,3
200700046931,0007-08-02 18:00:00,7,8,2,18,0,330,517,Route des châteaux CD 02,45.061,-0.698,Plein jour,En agglomération,Hors intersection,Normale,Deux véhicules - frontale,,,,,,,,,,,1,2,1,1,1
200700046932,0007-08-08 14:15:00,7,8,8,14,15,330,91,AVE PIERRE CHARDON,45.038,-0.666,Plein jour,En agglomération,Hors intersection,Normale,Deux véhicules - côté,,,,,,,,,,,1,2,1,1,3
200700046933,0007-08-12 12:00:00,7,8,12,12,0,330,12,,44.972,-0.719,Plein jour,Hors agglomération,Hors intersection,Normale,Deux véhicules - frontale,,,,,,,,,,,1,1,1,1,1
200700046934,0007-08-18 18:15:00,7,8,18,18,15,330,322,132 chemin de Morian,44.955,-0.649,Plein jour,En agglomération,Hors intersection,Normale,Autre collision,,,,,,,,,,,1,2,1,1,6
200700046935,0007-08-30 18:00:00,7,8,30,18,0,330,211,LA PRADE,45.027,-0.637,Plein jour,En agglomération,Hors intersection,Normale,Autre collision,,,,,,,,,,,1,2,1,1,6
200700046936,0007-08-17 18:45:00,7,8,17,18,45,330,125,,,,Plein jour,Hors agglomération,Intersection en X,Normale,Deux véhicules - côté,,,,,,,,,,,1,1,2,1,3
200700046937,0007-08-24 17:45:00,7,8,24,17,45,330,125,carrefour des gunes,45.232,-0.846,Plein jour,En agglomération,Hors intersection,Normale,Deux véhicules - frontale,,,,,,,,,,,1,2,1,1,1
200700046938,0007-08-12 03:15:00,7,8,12,3,15,330,540,AVENUE DE L OCEAN,,,Nuit avec éclairage allumé,En agglomération,Hors intersection,Normale,Autre collision,,,,,,,,,,,5,2,1,1,6
200700046939,0007-08-23 00:15:00,7,8,23,0,15,330,514,32 Route des Lacs,,,Nuit avec éclairage allumé,En agglomération,Autre intersection,Temps couvert,Deux véhicules - frontale,,,,,,,,,,,5,2,9,8,1
200700046940,0007-08-30 04:15:00,7,8,30,4,15,330,514,BOULEVARD DE L'AMELIE,45.513,-1.128,Nuit sans éclairage public,En agglomération,Hors intersection,Normale,Autre collision,,,,,,,,,,,3,2,1,1,6
200700046941,0007-08-01 00:45:00,7,8,1,0,45,330,451,Centre Bourg,,,Nuit avec éclairage allumé,En agglomération,Hors intersection,Normale,Sans collision,,,,,,,,,,,5,2,1,1,7
200700046942,0007-08-21 06:45:00,7,8,21,6,45,330,174,,44.924,-0.271,Crépuscule ou aube,Hors agglomération,Hors intersection,Pluie légère,Deux véhicules - frontale,,,,,,,,,,,2,1,1,2,1
200700046943,0007-08-25 22:30:00,7,8,25,22,30,330,407,,45.025,-0.356,Nuit sans éclairage public,Hors agglomération,Hors intersection,Normale,Deux véhicules - frontale,,,,,,,,,,,3,1,1,1,1
200700046944,0007-08-01 21:45:00,7,8,1,21,45,330,480,,44.881,-0.162,Nuit avec éclairage allumé,Hors agglomération,Intersection en X,Pluie forte,Deux véhicules - côté,,,,,,,,,,,5,1,2,3,3
200700046945,0007-08-22 18:45:00,7,8,22,18,45,330,344,,44.814,-0.039,Plein jour,Hors agglomération,Hors intersection,Pluie forte,Deux véhicules - côté,,,,,,,,,,,1,1,1,3,3
200700046946,0007-08-20 17:45:00,7,8,20,17,45,330,480,,,,Plein jour,Hors agglomération,Hors intersection,Pluie forte,Deux véhicules - frontale,,,,,,,,,,,1,1,1,3,1
200700046947,0007-08-31 18:00:00,7,8,31,18,0,330,437,,44.864,-0.056,Plein jour,Hors agglomération,Intersection en X,Normale,Deux véhicules - frontale,,,,,,,,,,,1,1,2,1,1
200700046948,0007-08-03 08:30:00,7,8,3,8,30,330,393,,44.985,-0.208,Plein jour,Hors agglomération,Hors intersection,Normale,Deux véhicules - côté,,,,,,,,,,,1,1,1,1,3
200700046949,0007-08-21 08:45:00,7,8,21,8,45,330,362,,45.024,-0.188,Plein jour,Hors agglomération,Hors intersection,Pluie légère,Trois véhicules et plus - en chaîne,,,,,,,,,,,1,1,1,2,4
200700046950,0007-08-05 19:15:00,7,8,5,19,15,330,468,,,,Plein jour,Hors agglomération,Intersection en X,Normale,Deux véhicules - côté,,,,,,,,,,,1,1,2,1,3
200700046951,0007-08-21 12:30:00,7,8,21,12,30,330,378,LD ST NAZAIRE,44.87,0.268,Plein jour,En agglomération,Intersection en T,Normale,Deux véhicules - frontale,,,,,,,,,,,1,2,3,1,1
200700046952,0007-08-15 22:15:00,7,8,15,22,15,240,156,,,,Nuit sans éclairage public,Hors agglomération,Hors intersection,Pluie forte,Deux véhicules - frontale,,,,,,,,,,,3,1,1,3,1
200700046953,0007-08-22 15:45:00,7,8,22,15,45,240,156,,,,Plein jour,Hors agglomération,Hors intersection,Pluie légère,Deux véhicules - frontale,,,,,,,,,,,1,1,1,2,1
200700046954,0007-08-26 14:30:00,7,8,26,14,30,240,44,,,,Plein jour,Hors agglomération,Hors intersection,Normale,Autre collision,,,,,,,,,,,1,1,1,1,6
200700046955,0007-08-11 01:30:00,7,8,11,1,30,240,64,,,,Nuit sans éclairage public,Hors agglomération,Hors intersection,Normale,Deux véhicules - frontale,,,,,,,,,,,3,1,1,1,1
200700046956,0007-08-12 15:30:00,7,8,12,15,30,240,403,,,,Plein jour,Hors agglomération,Hors intersection,Normale,Deux véhicules - arrière,,,,,,,,,,,1,1,1,1,2
200700046957,0007-08-12 21:00:00,7,8,12,21,0,240,170,,,,Plein jour,Hors agglomération,Hors intersection,Normale,Sans collision,,,,,,,,,,,1,1,1,1,7
200700046958,0007-08-20 20:15:00,7,8,20,20,15,240,372,,,,Crépuscule ou aube,Hors agglomération,Hors intersection,Pluie forte,Autre collision,,,,,,,,,,,2,1,1,3,6
200700046959,0007-08-06 18:00:00,7,8,6,18,0,240,420,,,,Plein jour,Hors agglomération,Hors intersection,Normale,Autre collision,,,,,,,,,,,1,1,1,1,6
200700046960,0007-08-18 17:00:00,7,8,18,17,0,240,77,,,,Plein jour,Hors agglomération,Hors intersection,Normale,Deux véhicules - côté,,,,,,,,,,,1,1,1,1,3
200700046961,0007-08-26 05:45:00,7,8,26,5,45,240,282,,,,Nuit sans éclairage public,Hors agglomération,Hors intersection,Normale,Sans collision,,,,,,,,,,,3,1,1,1,7
200700046962,0007-08-01 01:15:00,7,8,1,1,15,240,370,Les Novettes Nord,,,Nuit sans éclairage public,En agglomération,Hors intersection,Normale,Autre collision,,,,,,,,,,,3,2,1,1,6
200700046963,0007-08-10 23:15:00,7,8,10,23,15,240,297,"le bourg, CD 6089",45.015,0.053,Nuit avec éclairage allumé,En agglomération,Hors intersection,Normale,Autre collision,,,,,,,,,,,5,2,1,1,6
200700046964,0007-08-23 12:15:00,7,8,23,12,15,240,454,,44.966,0.107,Plein jour,Hors agglomération,Hors intersection,Normale,Deux véhicules - arrière,,,,,,,,,,,1,1,1,1,2
200700046965,0007-08-25 03:00:00,7,8,25,3,0,240,568,,,,Nuit sans éclairage public,Hors agglomération,Hors intersection,Normale,Autre collision,,,,,,,,,,,3,1,1,1,6
200700046966,0007-08-01 01:00:00,7,8,1,1,0,240,498,CD 79 LE BOURG,45.548,0.82,Nuit avec éclairage allumé,En agglomération,Hors intersection,Normale,Autre collision,,,,,,,,,,,5,2,1,1,6
200700046967,0007-08-09 09:15:00,7,8,9,9,15,240,528,,45.484,0.662,Plein jour,Hors agglomération,Hors intersection,Normale,Deux véhicules - côté,,,,,,,,,,,1,1,1,1,3
200700046968,0007-08-19 21:00:00,7,8,19,21,0,240,311,Rue du 11 novembre,,,Crépuscule ou aube,En agglomération,Hors intersection,Normale,Autre collision,,,,,,,,,,,2,2,1,1,6
200700046969,0007-08-09 18:45:00,7,8,9,18,45,240,133,rue dolet blanchou CD79,45.548,0.983,Plein jour,En agglomération,Hors intersection,Normale,Deux véhicules - côté,,,,,,,,,,,1,2,1,1,3
200700046970,0007-08-19 03:15:00,7,8,19,3,15,240,227,,,,Nuit sans éclairage public,Hors agglomération,Hors intersection,Pluie légère,Autre collision,,,,,,,,,,,3,1,1,2,6
200700046971,0007-08-26 11:30:00,7,8,26,11,30,240,227,,,,Plein jour,Hors agglomération,Hors intersection,Normale,Deux véhicules - frontale,,,,,,,,,,,1,1,1,1,1
200700046972,0007-08-07 18:45:00,7,8,7,18,45,240,352,,45.252,0.458,Plein jour,Hors agglomération,Hors intersection,Normale,Trois véhicules et plus - collisions multiples,,,,,,,,,,,1,1,1,1,5
200700046973,0007-08-11 22:45:00,7,8,11,22,45,240,586,Le bourg,45.267,0.343,Nuit sans éclairage public,En agglomération,Hors intersection,Normale,Deux véhicules - frontale,,,,,,,,,,,3,2,1,1,1
200700046974,0007-08-26 09:30:00,7,8,26,9,30,240,128,le bourg,45.275,0.29,Plein jour,En agglomération,Hors intersection,Normale,Autre collision,,,,,,,,,,,1,2,1,1,6
200700046975,0007-08-31 18:00:00,7,8,31,18,0,240,586,,45.266,0.35,Plein jour,Hors agglomération,Hors intersection,Normale,Deux véhicules - côté,,,,,,,,,,,1,1,1,1,3
200700046976,0007-08-02 14:45:00,7,8,2,14,45,240,366,,,,Plein jour,Hors agglomération,Hors intersection,Normale,Autre collision,,,,,,,,,,,1,1,1,1,6
200700046977,0007-08-09 15:00:00,7,8,9,15,0,240,520,,,,Plein jour,Hors agglomération,Hors intersection,Normale,Trois véhicules et plus - collisions multiples,,,,,,,,,,,1,1,1,1,5
200700046978,0007-08-16 22:30:00,7,8,16,22,30,240,577,,,,Plein jour,Hors agglomération,Hors intersection,Normale,Sans collision,,,,,,,,,,,1,1,1,1,7
200700046979,0007-08-17 23:45:00,7,8,17,23,45,240,520,Avenue de la Dordogne,,,Nuit avec éclairage allumé,En agglomération,Hors intersection,Normale,Deux véhicules - frontale,,,,,,,,,,,5,2,1,1,1
200700046980,0007-08-22 17:30:00,7,8,22,17,30,240,577,,,,Plein jour,Hors agglomération,Hors intersection,Pluie légère,Deux véhicules - frontale,,,,,,,,,,,1,1,1,2,1
200700046981,0007-08-09 16:30:00,7,8,9,16,30,240,249,,,,Plein jour,Hors agglomération,Hors intersection,Normale,Deux véhicules - frontale,,,,,,,,,,,1,1,1,1,1
200700046982,0007-08-23 18:30:00,7,8,23,18,30,240,117,,45.1,1.343,Plein jour,Hors agglomération,Hors intersection,Temps couvert,Deux véhicules - frontale,,,,,,,,,,,1,1,1,8,1
200700046983,0007-08-05 08:45:00,7,8,5,8,45,400,280,,43.88,-0.567,Plein jour,Hors agglomération,Hors intersection,Normale,Sans collision,,,,,,,,,,,1,1,1,1,7
200700046984,0007-08-13 07:15:00,7,8,13,7,15,400,111,,43.998,-0.607,Crépuscule ou aube,Hors agglomération,Hors intersection,Normale,Deux véhicules - frontale,,,,,,,,,,,2,1,1,1,1
200700046985,0007-08-15 16:30:00,7,8,15,16,30,400,105,,44.065,-0.662,Plein jour,Hors agglomération,Hors intersection,Normale,Deux véhicules - frontale,,,,,,,,,,,1,1,1,1,1
200700046986,0007-08-25 22:30:00,7,8,25,22,30,400,244,,43.701,-1.198,Nuit sans éclairage public,Hors agglomération,Hors intersection,Normale,Autre collision,,,,,,,,,,,3,1,1,1,6
200700046987,0007-08-05 00:45:00,7,8,5,0,45,400,266,,44.086,-1.28,Nuit sans éclairage public,Hors agglomération,Hors intersection,Normale,Autre collision,,,,,,,,,,,3,1,1,1,6
200700046988,0007-08-25 21:15:00,7,8,25,21,15,400,326,,43.954,-1.321,Nuit sans éclairage public,Hors agglomération,Hors intersection,Temps couvert,Autre collision,,,,,,,,,,,3,1,1,8,6
200700046989,0007-08-31 10:30:00,7,8,31,10,30,400,75,RUE ST HELENE,43.885,-1.149,Plein jour,En agglomération,Hors intersection,Normale,Deux véhicules - frontale,,,,,,,,,,,1,2,1,1,1
200700046990,0007-08-04 15:45:00,7,8,4,15,45,400,233,Route de DAX,,,Plein jour,En agglomération,Hors intersection,Normale,Deux véhicules - frontale,,,,,,,,,,,1,2,1,1,1
200700046991,0007-08-04 16:15:00,7,8,4,16,15,400,133,Avenue Charles de GAULLE,,,Plein jour,Hors agglomération,Hors intersection,Normale,Deux véhicules - côté,,,,,,,,,,,1,1,1,1,3
200700046992,0007-08-08 19:45:00,7,8,8,19,45,400,65,Bd Cdt l'Herminier,,,Plein jour,En agglomération,Hors intersection,Temps éblouissant,Deux véhicules - côté,,,,,,,,,,,1,2,1,7,3
200700046993,0007-08-23 13:30:00,7,8,23,13,30,400,284,,,,Plein jour,Hors agglomération,Hors intersection,Pluie légère,Deux véhicules - frontale,,,,,,,,,,,1,1,1,2,1
200700046994,0007-08-26 12:15:00,7,8,26,12,15,400,133,Route de Bayonne,,,Plein jour,En agglomération,Hors intersection,Normale,Deux véhicules - côté,,,,,,,,,,,1,2,1,1,3
200700046995,0007-08-14 16:30:00,7,8,14,16,30,400,284,,,,Plein jour,Hors agglomération,Intersection en T,Normale,Deux véhicules - côté,,,,,,,,,,,1,1,3,1,3
200700046996,0007-08-02 15:30:00,7,8,2,15,30,400,181,,,,Plein jour,Hors agglomération,Hors intersection,Normale,Deux véhicules - frontale,,,,,,,,,,,1,1,1,1,1
200700046997,0007-08-05 18:15:00,7,8,5,18,15,400,304,,,,Plein jour,Hors agglomération,Hors intersection,Normale,Deux véhicules - côté,,,,,,,,,,,1,1,1,1,3
200700046998,0007-08-12 01:15:00,7,8,12,1,15,400,328,AVENUE DE LA LIBERTE,43.792,-1.401,Nuit avec éclairage allumé,En agglomération,Hors intersection,Normale,Autre collision,,,,,,,,,,,5,2,1,1,6
200700046999,0007-08-12 09:30:00,7,8,12,9,30,400,310,,43.772,-1.352,Plein jour,Hors agglomération,Hors intersection,Normale,Autre collision,,,,,,,,,,,1,1,1,1,6
200700047000,0007-08-14 02:30:00,7,8,14,2,30,400,328,Route des lacs,43.775,-1.391,Nuit sans éclairage public,Hors agglomération,Hors intersection,Normale,Deux véhicules - frontale,,,,,,,,,,,3,1,1,1,1
200700047001,0007-08-17 18:30:00,7,8,17,18,30,400,312,CENTRE 2002 RN10,43.538,-1.46,Plein jour,En agglomération,Autre intersection,Normale,Deux véhicules - côté,,,,,,,,,,,1,2,9,1,3
200700047002,0007-08-29 08:00:00,7,8,29,8,0,400,312,1260 RN117,43.523,-1.421,Plein jour,En agglomération,Hors intersection,Normale,Autre collision,,,,,,,,,,,1,2,1,1,6
200700047003,0007-08-07 08:30:00,7,8,7,8,30,400,217,avenue foch,,,Plein jour,En agglomération,Intersection en T,Normale,Deux véhicules - côté,,,,,,,,,,,1,2,3,1,3
200700047004,0007-08-09 16:15:00,7,8,9,16,15,400,217,Allée Malichecq,,,Nuit sans éclairage public,En agglomération,Hors intersection,Normale,Autre collision,,,,,,,,,,,3,2,1,1,6
200700047005,0007-08-10 00:15:00,7,8,10,0,15,400,287,,,,Nuit sans éclairage public,Hors agglomération,Hors intersection,Normale,Trois véhicules et plus - collisions multiples,,,,,,,,,,,3,1,1,1,5
200700047006,0007-08-14 17:45:00,7,8,14,17,45,400,46,ave du maréchal Lyauté,,,Plein jour,En agglomération,Hors intersection,Normale,Deux véhicules - frontale,,,,,,,,,,,1,2,1,1,1
200700047007,0007-08-24 10:00:00,7,8,24,10,0,400,46,,,,Plein jour,Hors agglomération,Hors intersection,Normale,Sans collision,,,,,,,,,,,1,1,1,1,7
200700047008,0007-08-07 18:30:00,7,8,7,18,30,400,333,rue du PIPOT,,,Plein jour,En agglomération,Hors intersection,Normale,Deux véhicules - frontale,,,,,,,,,,,1,2,1,1,1
200700047009,0007-08-07 16:30:00,7,8,7,16,30,400,182,,,,Plein jour,Hors agglomération,Intersection en T,Normale,Deux véhicules - côté,,,,,,,,,,,1,1,3,1,3
200700047010,0007-08-03 01:15:00,7,8,3,1,15,400,282,,,,Nuit avec éclairage allumé,Hors agglomération,Hors intersection,Normale,Autre collision,,,,,,,,,,,5,1,1,1,6
200700047011,0007-08-10 15:45:00,7,8,10,15,45,400,1,RN 134 - Pont de l'ADOUR,,,Plein jour,En agglomération,Hors intersection,Normale,Deux véhicules - frontale,,,,,,,,,,,1,2,1,1,1
200700047012,0007-08-18 18:45:00,7,8,18,18,45,400,25,,,,Plein jour,Hors agglomération,Hors intersection,Normale,Deux véhicules - frontale,,,,,,,,,,,1,1,1,1,1
200700047013,0007-08-20 19:00:00,7,8,20,19,0,470,100,,44.241,0.637,Plein jour,Hors agglomération,Hors intersection,Pluie forte,Deux véhicules - frontale,,,,,,,,,,,1,1,1,3,1
200700047014,0007-08-25 11:45:00,7,8,25,11,45,470,19,,,,Plein jour,Hors agglomération,Hors intersection,Normale,Deux véhicules - côté,,,,,,,,,,,1,1,1,1,3
200700047015,0007-08-12 12:00:00,7,8,12,12,0,470,210,RUE PASTEUR,,,Plein jour,En agglomération,Hors intersection,Normale,Autre collision,,,,,,,,,,,1,2,1,1,6
200700047016,0007-08-18 01:30:00,7,8,18,1,30,470,157,,44.5,0.182,Nuit sans éclairage public,En agglomération,Hors intersection,Normale,Autre collision,,,,,,,,,,,3,2,1,1,6
200700047017,0007-08-19 14:45:00,7,8,19,14,45,470,157,boulevard gambetta,44.508,0.168,Plein jour,En agglomération,Hors intersection,Normale,Deux véhicules - côté,,,,,,,,,,,1,2,1,1,3
200700047018,0007-08-12 04:30:00,7,8,12,4,30,470,204,,44.593,0.346,Nuit sans éclairage public,Hors agglomération,Hors intersection,Normale,Autre collision,,,,,,,,,,,3,1,1,1,6
200700047019,0007-08-07 11:00:00,7,8,7,11,0,470,233,"lieu dit ""Pièce Haute""",,,Plein jour,En agglomération,Hors intersection,Normale,Deux véhicules - côté,,,,,,,,,,,1,2,1,1,3
200700047020,0007-08-26 19:30:00,7,8,26,19,30,470,61,,44.436,0.179,Plein jour,Hors agglomération,Hors intersection,Normale,Sans collision,,,,,,,,,,,1,1,1,1,7
200700047021,0007-08-02 15:00:00,7,8,2,15,0,470,205,,44.257,-0.039,Plein jour,Hors agglomération,Hors intersection,Normale,Autre collision,,,,,,,,,,,1,1,1,1,6
200700047022,0007-08-08 09:15:00,7,8,8,9,15,470,280,,,,Plein jour,Hors agglomération,Hors intersection,Normale,Deux véhicules - frontale,,,,,,,,,,,1,1,1,1,1
200700047023,0007-08-10 14:30:00,7,8,10,14,30,470,161,LACARDAYRE,,,Plein jour,En agglomération,Hors intersection,Normale,Trois véhicules et plus - collisions multiples,,,,,,,,,,,1,2,1,1,5
200700047024,0007-08-26 09:30:00,7,8,26,9,30,470,124,,,,Plein jour,Hors agglomération,Hors intersection,Normale,Autre collision,,,,,,,,,,,1,1,1,1,6
200700047025,0007-08-26 11:15:00,7,8,26,11,15,470,228,,,,Plein jour,Hors agglomération,Hors intersection,Normale,Autre collision,,,,,,,,,,,1,1,1,1,6
200700047026,0007-08-19 00:01:00,7,8,19,0,1,470,57,PLACE DES CORNIERES,44.658,0.591,Nuit avec éclairage allumé,En agglomération,Hors intersection,Normale,Deux véhicules - frontale,,,,,,,,,,,5,2,1,1,1
200700047027,0007-08-03 12:30:00,7,8,3,12,30,470,70,,,,Plein jour,Hors agglomération,Hors intersection,Normale,Autre collision,,,,,,,,,,,1,1,1,1,6
200700047028,0007-08-22 19:15:00,7,8,22,19,15,470,36,,,,Plein jour,Hors agglomération,Hors intersection,Pluie légère,Sans collision,,,,,,,,,,,1,1,1,2,7
200700047029,0007-08-24 19:15:00,7,8,24,19,15,470,70,cazals redouns,,,Plein jour,En agglomération,Hors intersection,Normale,Deux véhicules - côté,,,,,,,,,,,1,2,1,1,3
200700047030,0007-08-29 15:00:00,7,8,29,15,0,470,312,CD 151,,,Plein jour,Hors agglomération,Hors intersection,Pluie légère,Deux véhicules - côté,,,,,,,,,,,1,1,1,2,3
200700047031,0007-08-17 11:00:00,7,8,17,11,0,470,252,PLace Gardette,,,Plein jour,En agglomération,Giratoire,Normale,Autre collision,,,,,,,,,,,1,2,6,1,6
200700047032,0007-08-20 14:45:00,7,8,20,14,45,470,252,Boulevard du nord,,,Plein jour,En agglomération,Hors intersection,Pluie forte,Autre collision,,,,,,,,,,,1,2,1,3,6
200700047033,0007-08-26 16:00:00,7,8,26,16,0,470,99,,44.409,0.526,Plein jour,Hors agglomération,Intersection en X,Normale,Deux véhicules - côté,,,,,,,,,,,1,1,2,1,3
200700047034,0007-08-25 10:45:00,7,8,25,10,45,640,230,,,,Plein jour,Hors agglomération,Hors intersection,Pluie légère,Autre collision,,,,,,,,,,,1,1,1,2,6
200700047035,0007-08-11 15:30:00,7,8,11,15,30,640,311,,,,Plein jour,Hors agglomération,Hors intersection,Normale,Sans collision,,,,,,,,,,,1,1,1,1,7
200700047036,0007-08-01 14:45:00,7,8,1,14,45,640,495,Route du Lac,,,Plein jour,En agglomération,Hors intersection,Normale,Deux véhicules - frontale,,,,,,,,,,,1,2,1,1,1
200700047037,0007-08-10 07:00:00,7,8,10,7,0,640,495,,43.382,-1.59,Plein jour,Hors agglomération,Hors intersection,Normale,Deux véhicules - frontale,,,,,,,,,,,1,1,1,1,1
200700047038,0007-08-09 15:00:00,7,8,9,15,0,640,317,chemin communal loketa,43.359,-1.437,Plein jour,En agglomération,Hors intersection,Normale,Deux véhicules - côté,,,,,,,,,,,1,2,1,1,3
200700047039,0007-08-11 12:00:00,7,8,11,12,0,640,160,CD 918 Avenue de NAVERRE,,,Plein jour,En agglomération,Hors intersection,Normale,Autre collision,,,,,,,,,,,1,2,1,1,6
200700047040,0007-08-16 16:15:00,7,8,16,16,15,640,538,,,,Plein jour,Hors agglomération,Hors intersection,Normale,Trois véhicules et plus - collisions multiples,,,,,,,,,,,1,1,1,1,5
200700047041,0007-08-21 11:30:00,7,8,21,11,30,640,538,Route d'Artneguy CD 933,,,Plein jour,En agglomération,Hors intersection,Pluie forte,Autre collision,,,,,,,,,,,1,2,1,3,6
200700047042,0007-08-09 20:45:00,7,8,9,20,45,640,104,,,,Crépuscule ou aube,Hors agglomération,Hors intersection,Normale,Sans collision,,,,,,,,,,,2,1,1,1,7
200700047043,0007-08-18 14:45:00,7,8,18,14,45,640,320,,,,Plein jour,Hors agglomération,Hors intersection,Normale,Autre collision,,,,,,,,,,,1,1,1,1,6
200700047044,0007-08-18 17:45:00,7,8,18,17,45,640,353,CD 934,43.09,-0.42,Plein jour,En agglomération,Intersection en T,Normale,Deux véhicules - côté,,,,,,,,,,,1,2,3,1,3
200700047045,0007-08-12 15:30:00,7,8,12,15,30,640,416,CD 111,43.328,-0.753,Plein jour,En agglomération,Hors intersection,Normale,Deux véhicules - côté,,,,,,,,,,,1,2,1,1,3
200700047046,0007-08-18 12:30:00,7,8,18,12,30,860,95,avenue du clain,,,Plein jour,En agglomération,Hors intersection,Normale,Deux véhicules - côté,,,,,,,,,,,1,2,1,1,3
200700047047,0007-08-27 19:15:00,7,8,27,19,15,860,95,,,,Plein jour,Hors agglomération,Hors intersection,Normale,Deux véhicules - côté,,,,,,,,,,,1,1,1,1,3
200700047048,0007-08-18 11:15:00,7,8,18,11,15,860,68,,,,Plein jour,Hors agglomération,Hors intersection,Normale,Sans collision,,,,,,,,,,,1,1,1,1,7
200700047049,0007-08-02 18:15:00,7,8,2,18,15,860,160,,,,Plein jour,Hors agglomération,Hors intersection,Normale,Deux véhicules - côté,,,,,,,,,,,1,1,1,1,3
200700047050,0007-08-03 16:00:00,7,8,3,16,0,860,24,,46.575,0.22,Plein jour,Hors agglomération,Hors intersection,Normale,Deux véhicules - frontale,,,,,,,,,,,1,1,1,1,1
200700047051,0007-08-22 16:30:00,7,8,22,16,30,860,294,,,,Plein jour,Hors agglomération,Hors intersection,Pluie forte,Trois véhicules et plus - en chaîne,,,,,,,,,,,1,1,1,3,4
200700047052,0007-08-31 17:00:00,7,8,31,17,0,860,177,Rue Aphonse Plaut PK 35,,,Plein jour,En agglomération,Hors intersection,Normale,Deux véhicules - frontale,,,,,,,,,,,1,2,1,1,1
200700047053,0007-08-31 08:15:00,7,8,31,8,15,860,177,,,,Plein jour,Hors agglomération,Hors intersection,Normale,Sans collision,,,,,,,,,,,1,1,1,1,7
200700047054,0007-08-03 17:45:00,7,8,3,17,45,860,276,,46.289,0.516,Plein jour,Hors agglomération,Hors intersection,Normale,Deux véhicules - arrière,,,,,,,,,,,1,1,1,1,2
200700047055,0007-08-21 11:00:00,7,8,21,11,0,860,276,Place du 08 mai 45,,,Plein jour,En agglomération,Place,Normale,Deux véhicules - côté,,,,,,,,,,,1,2,7,1,3
200700047056,0007-08-29 15:15:00,7,8,29,15,15,860,235,,46.398,0.414,Plein jour,Hors agglomération,Hors intersection,Normale,Sans collision,,,,,,,,,,,1,1,1,1,7
200700047057,0007-08-23 06:30:00,7,8,23,6,30,860,111,,,,Crépuscule ou aube,Hors agglomération,Hors intersection,Pluie légère,Deux véhicules - frontale,,,,,,,,,,,2,1,1,2,1
200700047058,0007-08-04 12:45:00,7,8,4,12,45,860,182,,,,Plein jour,Hors agglomération,Hors intersection,Normale,Autre collision,,,,,,,,,,,1,1,1,1,6
200700047059,0007-08-27 16:45:00,7,8,27,16,45,860,245,,,,Plein jour,Hors agglomération,Hors intersection,Normale,Deux véhicules - frontale,,,,,,,,,,,1,1,1,1,1
200700047060,0007-08-19 18:00:00,7,8,19,18,0,860,140,,46.408,0.713,Plein jour,En agglomération,Hors intersection,Normale,Deux véhicules - frontale,,,,,,,,,,,1,2,1,1,1
200700047061,0007-08-22 13:15:00,7,8,22,13,15,860,190,,46.364,0.777,Plein jour,Hors agglomération,Hors intersection,Normale,Trois véhicules et plus - collisions multiples,,,,,,,,,,,1,1,1,1,5
200700047062,0007-08-23 18:45:00,7,8,23,18,45,860,273,,46.448,1.042,Plein jour,Hors agglomération,Hors intersection,Pluie légère,Autre collision,,,,,,,,,,,1,1,1,2,6
200700047063,0007-08-23 14:45:00,7,8,23,14,45,160,418,,,,Plein jour,Hors agglomération,Hors intersection,Pluie légère,Trois véhicules et plus - en chaîne,,,,,,,,,,,1,1,1,2,4
200700047064,0007-08-28 20:00:00,7,8,28,20,0,160,347,le bourg,,,Plein jour,En agglomération,Hors intersection,Normale,Autre collision,,,,,,,,,,,1,2,1,1,6