accident_id,datetime,annee,mois,jour,heure,minute,departement,commune_insee,adresse,latitude,longitude,luminosite,agglomeration,intersection,meteo,collision,nb_vehicules,nb_usagers,nb_indemnes,nb_tues,nb_blesses_hosp,nb_blesses_legers,age_cond_1,age_cond_2,veh_type_cond_1,veh_type_cond_2,lum_code,agg_code,int_code,atm_code,col_code
200700047065,0007-08-02 06:00:00,7,8,2,6,0,160,56,,,,Crépuscule ou aube,Hors agglomération,Hors intersection,Normale,Autre collision,,,,,,,,,,,2,1,1,1,6
200700047066,0007-08-23 01:00:00,7,8,23,1,0,160,90,,,,Nuit sans éclairage public,Hors agglomération,Hors intersection,Pluie légère,Autre collision,,,,,,,,,,,3,1,1,2,6
200700047067,0007-08-31 16:15:00,7,8,31,16,15,160,308,,45.892,0.476,Plein jour,Hors agglomération,Hors intersection,Normale,Sans collision,,,,,,,,,,,1,1,1,1,7
200700047068,0007-08-17 21:15:00,7,8,17,21,15,160,242,,,,Crépuscule ou aube,Hors agglomération,Hors intersection,Normale,Deux véhicules - frontale,,,,,,,,,,,2,1,1,1,1
200700047069,0007-08-30 16:15:00,7,8,30,16,15,160,2,,,,Plein jour,Hors agglomération,Hors intersection,Normale,Autre collision,,,,,,,,,,,1,1,1,1,6
200700047070,0007-08-01 15:15:00,7,8,1,15,15,160,138,,45.678,0.111,Plein jour,Hors agglomération,Hors intersection,Normale,Autre collision,,,,,,,,,,,1,1,1,1,6
200700047071,0007-08-02 19:30:00,7,8,2,19,30,160,226,,,,Plein jour,Hors agglomération,Hors intersection,Normale,Deux véhicules - frontale,,,,,,,,,,,1,1,1,1,1
200700047072,0007-08-04 20:45:00,7,8,4,20,45,160,232,Le Querroy,,,Plein jour,En agglomération,Intersection en T,Temps éblouissant,Deux véhicules - frontale,,,,,,,,,,,1,2,3,7,1
200700047073,0007-08-10 13:00:00,7,8,10,13,0,160,61,,45.763,0.277,Plein jour,Hors agglomération,Hors intersection,Normale,Autre collision,,,,,,,,,,,1,1,1,1,6
200700047074,0007-08-19 15:15:00,7,8,19,15,15,160,281,boulevard du 08 mai,,,Plein jour,En agglomération,Giratoire,Pluie légère,Sans collision,,,,,,,,,,,1,2,6,2,7
200700047075,0007-08-25 14:45:00,7,8,25,14,45,160,353,LES PERVILLES,45.682,0.445,Plein jour,En agglomération,Intersection en X,Normale,Deux véhicules - côté,,,,,,,,,,,1,2,2,1,3
200700047076,0007-08-28 18:15:00,7,8,28,18,15,160,280,chez SALOT,,,Plein jour,En agglomération,Hors intersection,Normale,Deux véhicules - frontale,,,,,,,,,,,1,2,1,1,1
200700047077,0007-08-18 10:30:00,7,8,18,10,30,160,286,,,,Nuit sans éclairage public,Hors agglomération,Hors intersection,Normale,Deux véhicules - côté,,,,,,,,,,,3,1,1,1,3
200700047078,0007-08-27 16:45:00,7,8,27,16,45,160,286,boulevard de wiesenthied,,,Plein jour,En agglomération,Hors intersection,Normale,Deux véhicules - côté,,,,,,,,,,,1,2,1,1,3
200700047079,0007-08-24 16:00:00,7,8,24,16,0,170,264,rue de lauzieres,,,Plein jour,En agglomération,Hors intersection,Normale,Deux véhicules - arrière,,,,,,,,,,,1,2,1,1,2
200700047080,0007-08-26 01:45:00,7,8,26,1,45,170,407,,46.204,-1.032,Nuit sans éclairage public,Hors agglomération,Hors intersection,Normale,Deux véhicules - frontale,,,,,,,,,,,3,1,1,1,1
200700047081,0007-08-01 14:15:00,7,8,1,14,15,170,420,,,,Plein jour,Hors agglomération,Hors intersection,Normale,Deux véhicules - côté,,,,,,,,,,,1,1,1,1,3
200700047082,0007-08-01 17:30:00,7,8,1,17,30,170,194,Lieu-dit Grolleau,,,Plein jour,En agglomération,Hors intersection,Normale,Deux véhicules - côté,,,,,,,,,,,1,2,1,1,3
200700047083,0007-08-13 11:45:00,7,8,13,11,45,170,373,,,,Plein jour,Hors agglomération,Hors intersection,Normale,Deux véhicules - frontale,,,,,,,,,,,1,1,1,1,1
200700047084,0007-08-07 12:00:00,7,8,7,12,0,170,369,,46.209,-1.372,Plein jour,En agglomération,Hors intersection,Normale,Autre collision,,,,,,,,,,,1,2,1,1,6
200700047085,0007-08-09 17:30:00,7,8,9,17,30,170,51,15 rue de l'église,,,Plein jour,En agglomération,Hors intersection,Normale,Autre collision,,,,,,,,,,,1,2,1,1,6
200700047086,0007-08-04 02:15:00,7,8,4,2,15,170,240,,45.286,-0.423,Nuit avec éclairage allumé,En agglomération,Hors intersection,Normale,Autre collision,,,,,,,,,,,5,2,1,1,6
200700047087,0007-08-23 10:00:00,7,8,23,10,0,170,365,,45.231,-0.209,Plein jour,Hors agglomération,Hors intersection,Pluie légère,Autre collision,,,,,,,,,,,1,1,1,2,6
200700047088,0007-08-26 19:45:00,7,8,26,19,45,170,173,,,,Plein jour,Hors agglomération,Hors intersection,Normale,Sans collision,,,,,,,,,,,1,1,1,1,7
200700047089,0007-08-08 21:45:00,7,8,8,21,45,170,219,"Route de Bourcefranc, La",,,Crépuscule ou aube,En agglomération,Autre intersection,Normale,Deux véhicules - frontale,,,,,,,,,,,2,2,9,1,1
200700047090,0007-08-12 05:40:00,7,8,12,5,40,170,58,"Lieur dit ""La chainade""",,,Nuit sans éclairage public,Hors agglomération,Hors intersection,Normale,Sans collision,,,,,,,,,,,3,1,1,1,7
200700047091,0007-08-24 14:30:00,7,8,24,14,30,170,189,,45.84,-1.01,Plein jour,Hors agglomération,Hors intersection,Normale,Deux véhicules - côté,,,,,,,,,,,1,1,1,1,3
200700047092,0007-08-05 01:45:00,7,8,5,1,45,170,308,,,,Nuit sans éclairage public,Hors agglomération,Hors intersection,Normale,Autre collision,,,,,,,,,,,3,1,1,1,6
200700047093,0007-08-22 12:30:00,7,8,22,12,30,170,146,,,,Plein jour,Hors agglomération,Hors intersection,Normale,Trois véhicules et plus - collisions multiples,,,,,,,,,,,1,1,1,1,5
200700047094,0007-08-23 11:15:00,7,8,23,11,15,170,308,,,,Plein jour,Hors agglomération,Hors intersection,Normale,Deux véhicules - frontale,,,,,,,,,,,1,1,1,1,1
200700047095,0007-08-25 00:30:00,7,8,25,0,30,170,308,,,,Nuit sans éclairage public,Hors agglomération,Hors intersection,Normale,Sans collision,,,,,,,,,,,3,1,1,1,7
200700047096,0007-08-05 14:30:00,7,8,5,14,30,170,385,,,,Plein jour,En agglomération,Hors intersection,Normale,Deux véhicules - frontale,,,,,,,,,,,1,2,1,1,1
200700047097,0007-08-07 19:15:00,7,8,7,19,15,170,140,,,,Crépuscule ou aube,Hors agglomération,Intersection en X,Normale,Deux véhicules - côté,,,,,,,,,,,2,1,2,1,3
200700047098,0007-08-08 12:00:00,7,8,8,12,0,170,93,Rue des Alizés,45.899,-1.213,Plein jour,En agglomération,Hors intersection,Normale,Deux véhicules - côté,,,,,,,,,,,1,2,1,1,3
200700047099,0007-08-10 23:00:00,7,8,10,23,0,170,411,39 avenue des bouillats,,,Nuit avec éclairage allumé,En agglomération,Hors intersection,Normale,Autre collision,,,,,,,,,,,5,2,1,1,6
200700047100,0007-08-22 14:00:00,7,8,22,14,0,170,93,Route des huitres,45.894,-1.195,Plein jour,En agglomération,Hors intersection,Normale,Trois véhicules et plus - collisions multiples,,,,,,,,,,,1,2,1,1,5
200700047101,0007-08-21 17:30:00,7,8,21,17,30,170,93,,45.856,-1.179,Plein jour,Hors agglomération,Hors intersection,Normale,Sans collision,,,,,,,,,,,1,1,1,1,7
200700047102,0007-08-23 03:00:00,7,8,23,3,0,170,140,rue des anciens combatta,,,Nuit sans éclairage public,En agglomération,Hors intersection,Normale,Sans collision,,,,,,,,,,,3,2,1,1,7
200700047103,0007-08-07 11:00:00,7,8,7,11,0,170,225,Face camping Beausoleil,,,Plein jour,En agglomération,Hors intersection,Normale,Deux véhicules - arrière,,,,,,,,,,,1,2,1,1,2
200700047104,0007-08-05 19:00:00,7,8,5,19,0,170,293,,,,Plein jour,En agglomération,Hors intersection,Normale,Deux véhicules - côté,,,,,,,,,,,1,2,1,1,3
200700047105,0007-08-05 03:15:00,7,8,5,3,15,170,387,,45.805,-0.741,Nuit sans éclairage public,Hors agglomération,Hors intersection,Normale,Sans collision,,,,,,,,,,,3,1,1,1,7
200700047106,0007-08-09 21:30:00,7,8,9,21,30,170,143,,45.813,-0.585,Nuit sans éclairage public,Hors agglomération,Hors intersection,Normale,Autre collision,,,,,,,,,,,3,1,1,1,6
200700047107,0007-08-13 20:45:00,7,8,13,20,45,170,354,,45.614,-0.56,Crépuscule ou aube,Hors agglomération,Intersection en T,Normale,Deux véhicules - côté,,,,,,,,,,,2,1,3,1,3
200700047108,0007-08-03 13:30:00,7,8,3,13,30,170,393,,,,Plein jour,Hors agglomération,Hors intersection,Normale,Autre collision,,,,,,,,,,,1,1,1,1,6
200700047109,0007-08-29 20:00:00,7,8,29,20,0,170,347,FAUBOURG NIORT,45.952,-0.52,Plein jour,En agglomération,Hors intersection,Normale,Deux véhicules - côté,,,,,,,,,,,1,2,1,1,3
200700047110,0007-08-01 17:30:00,7,8,1,17,30,170,105,Lieu-dit Vivier Jusseau,45.954,-0.099,Plein jour,En agglomération,Hors intersection,Normale,Deux véhicules - frontale,,,,,,,,,,,1,2,1,1,1
200700047111,0007-08-18 13:45:00,7,8,18,13,45,170,473,,,,Plein jour,Hors agglomération,Intersection en X,Normale,Deux véhicules - côté,,,,,,,,,,,1,1,2,1,3
200700047112,0007-08-06 18:45:00,7,8,6,18,45,790,170,,46.193,-0.671,Plein jour,Hors agglomération,Hors intersection,Normale,Deux véhicules - frontale,,,,,,,,,,,1,1,1,1,1
200700047113,0007-08-19 21:15:00,7,8,19,21,15,790,216,Route de Niort,46.263,-0.343,Nuit avec éclairage allumé,En agglomération,Intersection en X,Normale,Trois véhicules et plus - collisions multiples,,,,,,,,,,,5,2,2,1,5
200700047114,0007-08-27 10:15:00,7,8,27,10,15,790,170,,46.19,-0.646,Plein jour,Hors agglomération,Hors intersection,Normale,Sans collision,,,,,,,,,,,1,1,1,1,7
200700047115,0007-08-11 12:15:00,7,8,11,12,15,790,316,,,,Plein jour,Hors agglomération,Hors intersection,Normale,Sans collision,,,,,,,,,,,1,1,1,1,7
200700047116,0007-08-23 10:30:00,7,8,23,10,30,790,114,Les Grands Ajoncs,46.46,-0.176,Plein jour,En agglomération,Hors intersection,Pluie forte,Autre collision,,,,,,,,,,,1,2,1,3,6
200700047117,0007-08-27 07:45:00,7,8,27,7,45,790,28,,,,Plein jour,Hors agglomération,Hors intersection,Normale,Deux véhicules - frontale,,,,,,,,,,,1,1,1,1,1
200700047118,0007-08-03 17:00:00,7,8,3,17,0,790,242,,46.971,-0.562,Plein jour,Hors agglomération,Hors intersection,Normale,Deux véhicules - frontale,,,,,,,,,,,1,1,1,1,1
200700047119,0007-08-08 17:00:00,7,8,8,17,0,790,157,,,,Plein jour,Hors agglomération,Hors intersection,Normale,Deux véhicules - côté,,,,,,,,,,,1,1,1,1,3
200700047120,0007-08-14 18:15:00,7,8,14,18,15,790,131,rue La Fontaine,,,Plein jour,En agglomération,Hors intersection,Normale,Deux véhicules - côté,,,,,,,,,,,1,2,1,1,3
200700047121,0007-08-27 19:30:00,7,8,27,19,30,790,321,,,,Crépuscule ou aube,Hors agglomération,Hors intersection,Normale,Deux véhicules - frontale,,,,,,,,,,,2,1,1,1,1
200700047122,0007-08-28 11:45:00,7,8,28,11,45,790,63,,47.037,-0.376,Plein jour,Hors agglomération,Hors intersection,Normale,Autre collision,,,,,,,,,,,1,1,1,1,6
200700047123,0007-08-14 18:30:00,7,8,14,18,30,790,48,Rue du Château Bougouin,46.334,-0.308,Plein jour,En agglomération,Hors intersection,Pluie légère,Autre collision,,,,,,,,,,,1,2,1,2,6
200700047124,0007-08-20 12:30:00,7,8,20,12,30,790,148,,,,Plein jour,Hors agglomération,Hors intersection,Pluie légère,Trois véhicules et plus - collisions multiples,,,,,,,,,,,1,1,1,2,5
200700047125,0007-08-27 15:45:00,7,8,27,15,45,790,243,,,,Plein jour,Hors agglomération,Hors intersection,Normale,Deux véhicules - frontale,,,,,,,,,,,1,1,1,1,1
200700047126,0007-08-05 14:00:00,7,8,5,14,0,790,80,,,,Plein jour,Hors agglomération,Hors intersection,Normale,Autre collision,,,,,,,,,,,1,1,1,1,6
200700047127,0007-08-12 07:45:00,7,8,12,7,45,790,92,,46.51,-0.19,Nuit sans éclairage public,Hors agglomération,Hors intersection,Normale,Autre collision,,,,,,,,,,,3,1,1,1,6
200700047128,0007-08-09 11:00:00,7,8,9,11,0,790,5,,46.831,-0.178,Plein jour,Hors agglomération,Intersection en X,Normale,Deux véhicules - côté,,,,,,,,,,,1,1,2,1,3
200700047129,0007-08-18 04:15:00,7,8,18,4,15,870,125,,45.92,1.338,Nuit sans éclairage public,Hors agglomération,Hors intersection,Pluie légère,Autre collision,,,,,,,,,,,3,1,1,2,6
200700047130,0007-08-15 00:01:00,7,8,15,0,1,870,104,,,,Nuit sans éclairage public,Hors agglomération,Hors intersection,Normale,Deux véhicules - frontale,,,,,,,,,,,3,1,1,1,1
200700047131,0007-08-18 10:15:00,7,8,18,10,15,870,17,,46.131,1.091,Plein jour,Hors agglomération,Hors intersection,Normale,Deux véhicules - côté,,,,,,,,,,,1,1,1,1,3
200700047132,0007-08-22 11:15:00,7,8,22,11,15,870,11,9 Avenue Denfert Rochere,46.127,1.05,Plein jour,En agglomération,Hors intersection,Pluie légère,Autre collision,,,,,,,,,,,1,2,1,2,6
200700047133,0007-08-23 19:30:00,7,8,23,19,30,870,33,Moulin de Taillac,,,Crépuscule ou aube,Hors agglomération,Hors intersection,Pluie forte,Deux véhicules - frontale,,,,,,,,,,,2,1,1,3,1
200700047134,0007-08-11 09:00:00,7,8,11,9,0,870,89,,46.218,1.148,Plein jour,Hors agglomération,Hors intersection,Normale,Deux véhicules - côté,,,,,,,,,,,1,1,1,1,3
200700047135,0007-08-27 09:30:00,7,8,27,9,30,870,87,,46.357,1.173,Plein jour,Hors agglomération,Hors intersection,Normale,Autre collision,,,,,,,,,,,1,1,1,1,6
200700047136,0007-08-09 14:30:00,7,8,9,14,30,870,37,,45.624,0.866,Plein jour,Hors agglomération,Hors intersection,Normale,Deux véhicules - côté,,,,,,,,,,,1,1,1,1,3
200700047137,0007-08-12 12:15:00,7,8,12,12,15,870,158,,45.779,0.959,Plein jour,Hors agglomération,Hors intersection,Normale,Sans collision,,,,,,,,,,,1,1,1,1,7
200700047138,0007-08-24 23:45:00,7,8,24,23,45,870,111,,45.729,0.896,Nuit sans éclairage public,Hors agglomération,Hors intersection,Normale,Autre collision,,,,,,,,,,,3,1,1,1,6
200700047139,0007-08-05 23:45:00,7,8,5,23,45,190,41,,45.26,1.802,Nuit sans éclairage public,Hors agglomération,Hors intersection,Normale,Autre collision,,,,,,,,,,,3,1,1,1,6
200700047140,0007-08-27 12:00:00,7,8,27,12,0,190,73,,45.404,2.043,Plein jour,En agglomération,Hors intersection,Normale,Deux véhicules - côté,,,,,,,,,,,1,2,1,1,3
200700047141,0007-08-13 02:15:00,7,8,13,2,15,190,231,,45.281,1.994,Nuit sans éclairage public,Hors agglomération,Hors intersection,Normale,Sans collision,,,,,,,,,,,3,1,1,1,7
200700047142,0007-08-18 11:45:00,7,8,18,11,45,190,183,,45.168,1.955,Plein jour,Hors agglomération,Hors intersection,Normale,Sans collision,,,,,,,,,,,1,1,1,1,7
200700047143,0007-08-05 04:00:00,7,8,5,4,0,190,213,,45.388,1.701,Nuit sans éclairage public,Hors agglomération,Hors intersection,Normale,Sans collision,,,,,,,,,,,3,1,1,1,7
200700047144,0007-08-12 20:30:00,7,8,12,20,30,190,42,,45.3,1.616,Plein jour,Hors agglomération,Hors intersection,Normale,Autre collision,,,,,,,,,,,1,1,1,1,6
200700047145,0007-08-24 09:45:00,7,8,24,9,45,190,276,,45.458,1.564,Plein jour,Hors agglomération,Hors intersection,Normale,Deux véhicules - frontale,,,,,,,,,,,1,1,1,1,1
200700047146,0007-08-16 08:30:00,7,8,16,8,30,190,23,,45.129,1.717,Plein jour,Hors agglomération,Hors intersection,Temps couvert,Deux véhicules - côté,,,,,,,,,,,1,1,1,8,3
200700047147,0007-08-05 19:00:00,7,8,5,19,0,190,11,15 Rue de l'Hermitage,45.4,1.386,Plein jour,En agglomération,Intersection en X,Normale,Deux véhicules - côté,,,,,,,,,,,1,2,2,1,3
200700047148,0007-08-08 13:45:00,7,8,8,13,45,190,11,avenue du midi,45.4,1.38,Plein jour,En agglomération,Hors intersection,Normale,Autre collision,,,,,,,,,,,1,2,1,1,6
200700047149,0007-08-19 05:45:00,7,8,19,5,45,190,25,,,,Crépuscule ou aube,Hors agglomération,Intersection en Y,Brouillard / fumée,Deux véhicules - côté,,,,,,,,,,,2,1,4,5,3
200700047150,0007-08-02 00:30:00,7,8,2,0,30,190,180,,45.515,2.25,Nuit sans éclairage public,Hors agglomération,Hors intersection,Pluie légère,Autre collision,,,,,,,,,,,3,1,1,2,6
200700047151,0007-08-30 14:30:00,7,8,30,14,30,190,136,Chemin du champ peyrat,45.548,2.148,Plein jour,En agglomération,Hors intersection,Normale,Autre collision,,,,,,,,,,,1,2,1,1,6
200700047152,0007-08-03 13:45:00,7,8,3,13,45,230,101,route de chabanne,46.264,1.94,Plein jour,En agglomération,Hors intersection,Normale,Autre collision,,,,,,,,,,,1,2,1,1,6
200700047153,0007-08-30 20:00:00,7,8,30,20,0,230,154,,46.172,2.051,Plein jour,Hors agglomération,Hors intersection,Normale,Autre collision,,,,,,,,,,,1,1,1,1,6
200700047154,0007-08-02 11:45:00,7,8,2,11,45,230,240,,46.337,2.245,Plein jour,Hors agglomération,Hors intersection,Normale,Deux véhicules - côté,,,,,,,,,,,1,1,1,1,3
200700047155,0007-08-12 19:15:00,7,8,12,19,15,230,57,RUE FREMEAUX,46.328,1.903,Plein jour,En agglomération,Hors intersection,Normale,Deux véhicules - frontale,,,,,,,,,,,1,2,1,1,1
200700047156,0007-08-02 08:00:00,7,8,2,8,0,230,247,,46.203,1.759,Plein jour,Hors agglomération,Hors intersection,Normale,Sans collision,,,,,,,,,,,1,1,1,1,7
200700047157,0007-08-03 15:10:00,7,8,3,15,10,230,117,"""la brande"" - le bourg",,,Plein jour,En agglomération,Hors intersection,Normale,Autre collision,,,,,,,,,,,1,2,1,1,6
200700047158,0007-08-16 17:45:00,7,8,16,17,45,230,177,,46.299,1.474,Plein jour,Hors agglomération,Hors intersection,Normale,Trois véhicules et plus - collisions multiples,,,,,,,,,,,1,1,1,1,5
200700047159,0007-08-23 16:00:00,7,8,23,16,0,230,176,,46.261,1.435,Plein jour,Hors agglomération,Hors intersection,Pluie forte,Autre collision,,,,,,,,,,,1,1,1,3,6
200700047160,0007-08-14 14:00:00,7,8,14,14,0,230,246,,,,Plein jour,Hors agglomération,Hors intersection,Normale,Deux véhicules - frontale,,,,,,,,,,,1,1,1,1,1
200700047161,0007-08-06 00:30:00,7,8,6,0,30,230,189,SAINT DIZIER LEYRENNE,46.041,1.709,Nuit sans éclairage public,En agglomération,Hors intersection,Normale,Autre collision,,,,,,,,,,,3,2,1,1,6
200700047162,0007-08-24 04:30:00,7,8,24,4,30,310,35,05 route de narbonne,,,Nuit avec éclairage allumé,En agglomération,Hors intersection,Normale,Deux véhicules - frontale,,,,,,,,,,,5,2,1,1,1
200700047163,0007-08-09 19:15:00,7,8,9,19,15,310,90,,,,Plein jour,Hors agglomération,Hors intersection,Normale,Deux véhicules - côté,,,,,,,,,,,1,1,1,1,3
200700047164,0007-08-16 16:45:00,7,8,16,16,45,310,160,,,,Plein jour,Hors agglomération,Hors intersection,Normale,Deux véhicules - côté,,,,,,,,,,,1,1,1,1,3
200700047165,0007-08-31 13:30:00,7,8,31,13,30,310,341,1465 route d'aussonne,,,Plein jour,En agglomération,Hors intersection,Normale,Autre collision,,,,,,,,,,,1,2,1,1,6
200700047166,0007-08-30 14:30:00,7,8,30,14,30,310,420,"68, route d'Andorre",43.509,1.392,Plein jour,En agglomération,Hors intersection,Normale,Deux véhicules - côté,,,,,,,,,,,1,2,1,1,3
200700047167,0007-08-03 15:00:00,7,8,3,15,0,310,182,Route nationale 20,,,Plein jour,En agglomération,Intersection en X,Normale,Deux véhicules - côté,,,,,,,,,,,1,2,2,1,3
200700047168,0007-08-03 16:15:00,7,8,3,16,15,310,91,A DE TOULOUSE,,,Plein jour,En agglomération,Intersection en X,Normale,Deux véhicules - frontale,,,,,,,,,,,1,2,2,1,1
200700047169,0007-08-08 22:30:00,7,8,8,22,30,310,182,RN 20 - ROUTE DE PARIS,43.671,1.412,Nuit avec éclairage allumé,En agglomération,Hors intersection,Normale,Deux véhicules - frontale,,,,,,,,,,,5,2,1,1,1
200700047170,0007-08-23 17:30:00,7,8,23,17,30,310,182,,43.684,1.408,Plein jour,Hors agglomération,Hors intersection,Normale,Deux véhicules - arrière,,,,,,,,,,,1,1,1,1,2
200700047171,0007-08-25 06:30:00,7,8,25,6,30,310,91,,,,Crépuscule ou aube,Hors agglomération,Hors intersection,Normale,Deux véhicules - frontale,,,,,,,,,,,2,1,1,1,1
200700047172,0007-08-10 19:15:00,7,8,10,19,15,310,111,,43.235,1.31,Plein jour,Hors agglomération,Hors intersection,Normale,Autre collision,,,,,,,,,,,1,1,1,1,6
200700047173,0007-08-12 00:15:00,7,8,12,0,15,310,492,,43.228,1.12,Nuit sans éclairage public,Hors agglomération,Hors intersection,Normale,Deux véhicules - arrière,,,,,,,,,,,3,1,1,1,2
200700047174,0007-08-18 16:00:00,7,8,18,16,0,310,107,24 av. JAILLET,,,Plein jour,En agglomération,Hors intersection,Normale,Deux véhicules - frontale,,,,,,,,,,,1,2,1,1,1
200700047175,0007-08-25 21:15:00,7,8,25,21,15,310,107,,,,Crépuscule ou aube,Hors agglomération,Hors intersection,Normale,Trois véhicules et plus - collisions multiples,,,,,,,,,,,2,1,1,1,5
200700047176,0007-08-05 01:45:00,7,8,5,1,45,310,481,,43.493,1.1,Nuit sans éclairage public,Hors agglomération,Hors intersection,Normale,Deux véhicules - frontale,,,,,,,,,,,3,1,1,1,1
200700047177,0007-08-11 01:15:00,7,8,11,1,15,310,87,,43.487,1.064,Nuit sans éclairage public,Hors agglomération,Hors intersection,Normale,Deux véhicules - frontale,,,,,,,,,,,3,1,1,1,1
200700047178,0007-08-21 18:15:00,7,8,21,18,15,310,499,Avenue de Gascogne,43.518,1.176,Plein jour,En agglomération,Hors intersection,Temps couvert,Autre collision,,,,,,,,,,,1,2,1,8,6
200700047179,0007-08-03 14:45:00,7,8,3,14,45,310,585,,43.12,0.69,Plein jour,Hors agglomération,Hors intersection,Normale,Deux véhicules - côté,,,,,,,,,,,1,1,1,1,3
200700047180,0007-08-12 16:45:00,7,8,12,16,45,310,559,,42.804,0.566,Plein jour,Hors agglomération,Hors intersection,Normale,Deux véhicules - côté,,,,,,,,,,,1,1,1,1,3
200700047181,0007-08-01 18:45:00,7,8,1,18,45,310,278,,,,Plein jour,Hors agglomération,Hors intersection,Normale,Deux véhicules - frontale,,,,,,,,,,,1,1,1,1,1
200700047182,0007-08-04 17:00:00,7,8,4,17,0,310,174,,43.039,0.836,Plein jour,Hors agglomération,Hors intersection,Normale,Deux véhicules - frontale,,,,,,,,,,,1,1,1,1,1
200700047183,0007-08-05 07:00:00,7,8,5,7,0,310,380,,43.352,1.628,Plein jour,Hors agglomération,Hors intersection,Normale,Autre collision,,,,,,,,,,,1,1,1,1,6
200700047184,0007-08-09 17:00:00,7,8,9,17,0,310,582,AVE FONTASSE RN 113,43.4,1.72,Plein jour,En agglomération,Hors intersection,Normale,Sans collision,,,,,,,,,,,1,2,1,1,7
200700047185,0007-08-14 10:30:00,7,8,14,10,30,310,377,,43.421,1.719,Plein jour,Hors agglomération,Hors intersection,Normale,Autre collision,,,,,,,,,,,1,1,1,1,6
200700047186,0007-08-05 12:30:00,7,8,5,12,30,310,570,,43.466,1.824,Plein jour,Hors agglomération,Intersection en T,Normale,Deux véhicules - côté,,,,,,,,,,,1,1,3,1,3
200700047187,0007-08-22 18:15:00,7,8,22,18,15,90,265,,,,Plein jour,En agglomération,Hors intersection,Normale,Deux véhicules - côté,,,,,,,,,,,1,2,1,1,3
200700047188,0007-08-01 11:30:00,7,8,1,11,30,90,261,,42.987,1.149,Plein jour,En agglomération,Hors intersection,Normale,Autre collision,,,,,,,,,,,1,2,1,1,6
200700047189,0007-08-08 14:30:00,7,8,8,14,30,90,82,,42.999,1.319,Plein jour,Hors agglomération,Hors intersection,Normale,Sans collision,,,,,,,,,,,1,1,1,1,7
200700047190,0007-08-10 16:45:00,7,8,10,16,45,90,182,,,,Plein jour,Hors agglomération,Hors intersection,Normale,Sans collision,,,,,,,,,,,1,1,1,1,7
200700047191,0007-08-10 16:15:00,7,8,10,16,15,120,56,RN88 - Le Lac,44.289,2.478,Plein jour,En agglomération,Hors intersection,Normale,Deux véhicules - arrière,,,,,,,,,,,1,2,1,1,2
200700047192,0007-08-10 17:15:00,7,8,10,17,15,120,137,,,,Plein jour,Hors agglomération,Hors intersection,Normale,Deux véhicules - côté,,,,,,,,,,,1,1,1,1,3
200700047193,0007-08-26 07:30:00,7,8,26,7,30,120,56,,44.296,2.414,Plein jour,Hors agglomération,Hors intersection,Normale,Autre collision,,,,,,,,,,,1,1,1,1,6
200700047194,0007-08-07 06:30:00,7,8,7,6,30,120,33,,,,Nuit avec éclairage allumé,Hors agglomération,Hors intersection,Pluie légère,Deux véhicules - frontale,,,,,,,,,,,5,1,1,2,1
200700047195,0007-08-18 20:30:00,7,8,18,20,30,120,131,Lioujas,,,Plein jour,En agglomération,Hors intersection,Normale,Deux véhicules - côté,,,,,,,,,,,1,2,1,1,3
200700047196,0007-08-13 11:00:00,7,8,13,11,0,120,169,,44.199,2.383,Plein jour,Hors agglomération,Hors intersection,Normale,Autre collision,,,,,,,,,,,1,1,1,1,6
200700047197,0007-08-02 12:45:00,7,8,2,12,45,120,218,Le bourg,44.551,2.41,Plein jour,En agglomération,Hors intersection,Normale,Deux véhicules - côté,,,,,,,,,,,1,2,1,1,3
200700047198,0007-08-04 14:00:00,7,8,4,14,0,120,51,CD98,44.842,2.815,Plein jour,En agglomération,Hors intersection,Normale,Deux véhicules - côté,,,,,,,,,,,1,2,1,1,3
200700047199,0007-08-04 13:15:00,7,8,4,13,15,120,168,,,,Plein jour,Hors agglomération,Hors intersection,Normale,Autre collision,,,,,,,,,,,1,1,1,1,6
200700047200,0007-08-11 18:45:00,7,8,11,18,45,120,270,,,,Plein jour,Hors agglomération,Hors intersection,Normale,Autre collision,,,,,,,,,,,1,1,1,1,6
200700047201,0007-08-12 05:15:00,7,8,12,5,15,120,25,,43.824,2.781,Nuit sans éclairage public,Hors agglomération,Hors intersection,Normale,Sans collision,,,,,,,,,,,3,1,1,1,7
200700047202,0007-08-02 17:15:00,7,8,2,17,15,120,109,,43.839,2.916,Plein jour,Hors agglomération,Hors intersection,Normale,Sans collision,,,,,,,,,,,1,1,1,1,7
200700047203,0007-08-10 11:30:00,7,8,10,11,30,120,179,,43.761,2.916,Plein jour,Hors agglomération,Hors intersection,Normale,Sans collision,,,,,,,,,,,1,1,1,1,7