accident_id,datetime,annee,mois,jour,heure,minute,departement,commune_insee,adresse,latitude,longitude,luminosite,agglomeration,intersection,meteo,collision,nb_vehicules,nb_usagers,nb_indemnes,nb_tues,nb_blesses_hosp,nb_blesses_legers,age_cond_1,age_cond_2,veh_type_cond_1,veh_type_cond_2,lum_code,agg_code,int_code,atm_code,col_code
200700047345,0007-08-08 18:00:00,7,8,8,18,0,260,214,,,,Plein jour,Hors agglomération,Hors intersection,Normale,Deux véhicules - frontale,,,,,,,,,,,1,1,1,1,1
200700047346,0007-08-13 19:15:00,7,8,13,19,15,260,108,,44.724,5.014,Plein jour,Hors agglomération,Hors intersection,Normale,Deux véhicules - frontale,,,,,,,,,,,1,1,1,1,1
200700047347,0007-08-16 15:00:00,7,8,16,15,0,260,115,,,,Plein jour,Hors agglomération,Hors intersection,Normale,Deux véhicules - frontale,,,,,,,,,,,1,1,1,1,1
200700047348,0007-08-23 02:00:00,7,8,23,2,0,260,108,Quai Henri Latune,44.735,5.019,Nuit avec éclairage allumé,En agglomération,Hors intersection,Normale,Autre collision,,,,,,,,,,,5,2,1,1,6
200700047349,0007-08-03 11:45:00,7,8,3,11,45,260,6,,44.78,4.912,Plein jour,Hors agglomération,Hors intersection,Normale,Deux véhicules - frontale,,,,,,,,,,,1,1,1,1,1
200700047350,0007-08-18 06:15:00,7,8,18,6,15,260,166,,,,Plein jour,Hors agglomération,Autre intersection,Normale,Autre collision,,,,,,,,,,,1,1,9,1,6
200700047351,0007-08-29 10:30:00,7,8,29,10,30,260,144,,44.757,4.864,Plein jour,Hors agglomération,Hors intersection,Pluie légère,Deux véhicules - côté,,,,,,,,,,,1,1,1,2,3
200700047352,0007-08-26 15:45:00,7,8,26,15,45,260,368,,44.726,5.267,Plein jour,Hors agglomération,Hors intersection,Normale,Deux véhicules - arrière,,,,,,,,,,,1,1,1,1,2
200700047353,0007-08-05 22:15:00,7,8,5,22,15,260,262,,44.662,5.419,Nuit sans éclairage public,Hors agglomération,Hors intersection,Normale,Autre collision,,,,,,,,,,,3,1,1,1,6
200700047354,0007-08-14 12:15:00,7,8,14,12,15,260,31,,,,Plein jour,Hors agglomération,Hors intersection,Normale,Trois véhicules et plus - collisions multiples,,,,,,,,,,,1,1,1,1,5
200700047355,0007-08-03 18:45:00,7,8,3,18,45,260,342,,,,Plein jour,Hors agglomération,Hors intersection,Normale,Autre collision,,,,,,,,,,,1,1,1,1,6
200700047356,0007-08-11 16:30:00,7,8,11,16,30,260,357,cd 94,,,Plein jour,En agglomération,Hors intersection,Normale,Deux véhicules - arrière,,,,,,,,,,,1,2,1,1,2
200700047357,0007-08-14 15:00:00,7,8,14,15,0,260,16,ROUTE DE GAP,,,Plein jour,En agglomération,Hors intersection,Normale,Deux véhicules - frontale,,,,,,,,,,,1,2,1,1,1
200700047358,0007-08-02 15:45:00,7,8,2,15,45,260,26,,44.195,5.488,Plein jour,Hors agglomération,Hors intersection,Normale,Deux véhicules - côté,,,,,,,,,,,1,1,1,1,3
200700047359,0007-08-10 20:30:00,7,8,10,20,30,260,73,,44.42,4.85,Crépuscule ou aube,Hors agglomération,Hors intersection,Normale,Sans collision,,,,,,,,,,,2,1,1,1,7
200700047360,0007-08-21 12:45:00,7,8,21,12,45,260,288,,44.41,5.26,Plein jour,Hors agglomération,Hors intersection,Pluie forte,Autre collision,,,,,,,,,,,1,1,1,3,6
200700047361,0007-08-08 19:15:00,7,8,8,19,15,260,231,,45.122,5.049,Plein jour,Hors agglomération,Hors intersection,Pluie forte,Autre collision,,,,,,,,,,,1,1,1,3,6
200700047362,0007-08-20 18:45:00,7,8,20,18,45,260,295,,,,Plein jour,Hors agglomération,Hors intersection,Normale,Deux véhicules - frontale,,,,,,,,,,,1,1,1,1,1
200700047363,0007-08-19 05:00:00,7,8,19,5,0,260,84,,,,Nuit sans éclairage public,Hors agglomération,Hors intersection,Normale,Autre collision,,,,,,,,,,,3,1,1,1,6
200700047364,0007-08-19 17:45:00,7,8,19,17,45,260,347,,,,Crépuscule ou aube,Hors agglomération,Hors intersection,Normale,Deux véhicules - côté,,,,,,,,,,,2,1,1,1,3
200700047365,0007-08-02 16:15:00,7,8,2,16,15,380,78,,,,Plein jour,Hors agglomération,Hors intersection,Pluie forte,Trois véhicules et plus - collisions multiples,,,,,,,,,,,1,1,1,3,5
200700047366,0007-08-05 10:30:00,7,8,5,10,30,380,6,Bd des anciens d'Algérie,,,Plein jour,En agglomération,Hors intersection,Temps éblouissant,Deux véhicules - frontale,,,,,,,,,,,1,2,1,7,1
200700047367,0007-08-03 13:45:00,7,8,3,13,45,380,501,,,,Plein jour,Hors agglomération,Hors intersection,Normale,Sans collision,,,,,,,,,,,1,1,1,1,7
200700047368,0007-08-24 08:00:00,7,8,24,8,0,380,140,Rue des Bécasses,,,Plein jour,En agglomération,Hors intersection,Normale,Autre collision,,,,,,,,,,,1,2,1,1,6
200700047369,0007-08-19 04:15:00,7,8,19,4,15,380,304,,44.966,5.777,Nuit sans éclairage public,Hors agglomération,Hors intersection,Normale,Autre collision,,,,,,,,,,,3,1,1,1,6
200700047370,0007-08-05 11:30:00,7,8,5,11,30,380,204,,44.754,5.675,Plein jour,Hors agglomération,Hors intersection,Normale,Deux véhicules - côté,,,,,,,,,,,1,1,1,1,3
200700047371,0007-08-06 19:45:00,7,8,6,19,45,380,424,,44.771,5.666,Plein jour,Hors agglomération,Hors intersection,Normale,Deux véhicules - côté,,,,,,,,,,,1,1,1,1,3
200700047372,0007-08-19 16:15:00,7,8,19,16,15,380,212,RD 1091,45.12,5.962,Plein jour,En agglomération,Hors intersection,Normale,Deux véhicules - côté,,,,,,,,,,,1,2,1,1,3
200700047373,0007-08-27 17:00:00,7,8,27,17,0,380,333,,45.082,5.452,Plein jour,Hors agglomération,Hors intersection,Normale,Deux véhicules - frontale,,,,,,,,,,,1,1,1,1,1
200700047374,0007-08-15 15:15:00,7,8,15,15,15,380,105,Route du Bourg,45.422,5.552,Plein jour,En agglomération,Hors intersection,Normale,Deux véhicules - côté,,,,,,,,,,,1,2,1,1,3
200700047375,0007-08-23 15:15:00,7,8,23,15,15,380,84,Chemin de l'égise,45.35,5.531,Plein jour,En agglomération,Hors intersection,Normale,Deux véhicules - côté,,,,,,,,,,,1,2,1,1,3
200700047376,0007-08-01 19:30:00,7,8,1,19,30,380,546,,45.64,5.42,Plein jour,Hors agglomération,Hors intersection,Normale,Deux véhicules - côté,,,,,,,,,,,1,1,1,1,3
200700047377,0007-08-15 11:45:00,7,8,15,11,45,380,261,,45.681,5.452,Plein jour,Hors agglomération,Intersection en X,Normale,Deux véhicules - côté,,,,,,,,,,,1,1,2,1,3
200700047378,0007-08-19 00:15:00,7,8,19,0,15,380,543,route de Morestel,45.669,5.473,Nuit avec éclairage allumé,En agglomération,Hors intersection,Normale,Deux véhicules - côté,,,,,,,,,,,5,2,1,1,3
200700047379,0007-08-18 16:30:00,7,8,18,16,30,380,509,boulevard gambetta,,,Plein jour,En agglomération,Hors intersection,Normale,Trois véhicules et plus - collisions multiples,,,,,,,,,,,1,2,1,1,5
200700047380,0007-08-24 13:15:00,7,8,24,13,15,380,509,Route de Chambéry,,,Plein jour,En agglomération,Hors intersection,Normale,Autre collision,,,,,,,,,,,1,2,1,1,6
200700047381,0007-08-31 17:45:00,7,8,31,17,45,440,35,,,,Plein jour,Hors agglomération,Intersection en X,Normale,Deux véhicules - frontale,,,,,,,,,,,1,1,2,1,1
200700047382,0007-08-05 18:45:00,7,8,5,18,45,380,484,,45.565,4.928,Plein jour,Hors agglomération,Hors intersection,Normale,Deux véhicules - côté,,,,,,,,,,,1,1,1,1,3
200700047383,0007-08-10 14:00:00,7,8,10,14,0,380,160,,45.457,4.996,Plein jour,Hors agglomération,Hors intersection,Pluie légère,Autre collision,,,,,,,,,,,1,1,1,2,6
200700047384,0007-08-12 11:45:00,7,8,12,11,45,380,87,,45.544,4.893,Plein jour,Hors agglomération,Hors intersection,Normale,Autre collision,,,,,,,,,,,1,1,1,1,6
200700047385,0007-08-18 21:00:00,7,8,18,21,0,380,110,,45.599,4.88,Nuit sans éclairage public,Hors agglomération,Hors intersection,Normale,Deux véhicules - frontale,,,,,,,,,,,3,1,1,1,1
200700047386,0007-08-26 21:00:00,7,8,26,21,0,380,336,,45.503,4.852,Nuit sans éclairage public,Hors agglomération,Hors intersection,Normale,Deux véhicules - côté,,,,,,,,,,,3,1,1,1,3
200700047387,0007-08-27 00:01:00,7,8,27,0,1,380,107,,45.464,4.825,Nuit sans éclairage public,Hors agglomération,Hors intersection,Normale,Deux véhicules - côté,,,,,,,,,,,3,1,1,1,3
200700047388,0007-08-30 11:00:00,7,8,30,11,0,380,87,Chemin Laurent DEVALORS,45.584,4.799,Plein jour,En agglomération,Hors intersection,Pluie légère,Deux véhicules - côté,,,,,,,,,,,1,2,1,2,3
200700047389,0007-08-10 15:00:00,7,8,10,15,0,380,34,,,,Plein jour,Hors agglomération,Hors intersection,Temps couvert,Deux véhicules - frontale,,,,,,,,,,,1,1,1,8,1
200700047390,0007-08-26 19:30:00,7,8,26,19,30,380,267,,,,Plein jour,Hors agglomération,Hors intersection,Normale,Deux véhicules - côté,,,,,,,,,,,1,1,1,1,3
200700047391,0007-08-01 17:15:00,7,8,1,17,15,380,152,,45.493,5.304,Plein jour,Hors agglomération,Hors intersection,Normale,Deux véhicules - frontale,,,,,,,,,,,1,1,1,1,1
200700047392,0007-08-10 20:30:00,7,8,10,20,30,380,480,,45.562,4.966,Plein jour,Hors agglomération,Hors intersection,Normale,Sans collision,,,,,,,,,,,1,1,1,1,7
200700047393,0007-08-19 05:45:00,7,8,19,5,45,380,232,,45.476,5.067,Nuit sans éclairage public,Hors agglomération,Hors intersection,Normale,Sans collision,,,,,,,,,,,3,1,1,1,7
200700047394,0007-08-18 18:30:00,7,8,18,18,30,380,97,,45.784,5.174,Plein jour,Hors agglomération,Hors intersection,Normale,Deux véhicules - côté,,,,,,,,,,,1,1,1,1,3
200700047395,0007-08-09 10:45:00,7,8,9,10,45,380,344,rue elsa triollet,45.368,4.802,Plein jour,En agglomération,Hors intersection,Normale,Deux véhicules - frontale,,,,,,,,,,,1,2,1,1,1
200700047396,0007-08-10 01:00:00,7,8,10,1,0,380,468,CD 4,45.359,4.793,Nuit sans éclairage public,En agglomération,Hors intersection,Normale,Sans collision,,,,,,,,,,,3,2,1,1,7
200700047397,0007-08-31 22:45:00,7,8,31,22,45,380,449,,,,Nuit sans éclairage public,Hors agglomération,Hors intersection,Normale,Deux véhicules - frontale,,,,,,,,,,,3,1,1,1,1
200700047398,0007-08-30 14:30:00,7,8,30,14,30,420,328,,,,Plein jour,Hors agglomération,Hors intersection,Normale,Deux véhicules - côté,,,,,,,,,,,1,1,1,1,3
200700047399,0007-08-03 11:00:00,7,8,3,11,0,420,211,rue de la Becque,,,Plein jour,En agglomération,Giratoire,Normale,Deux véhicules - côté,,,,,,,,,,,1,2,6,1,3
200700047400,0007-08-20 10:15:00,7,8,20,10,15,420,159,,,,Plein jour,Hors agglomération,Hors intersection,Normale,Autre collision,,,,,,,,,,,1,1,1,1,6
200700047401,0007-08-26 03:45:00,7,8,26,3,45,420,313,,,,Nuit sans éclairage public,Hors agglomération,Hors intersection,Normale,Autre collision,,,,,,,,,,,3,1,1,1,6
200700047402,0007-08-03 19:30:00,7,8,3,19,30,420,175,,45.801,4.23,Plein jour,Hors agglomération,Hors intersection,Normale,Autre collision,,,,,,,,,,,1,1,1,1,6
200700047403,0007-08-22 14:45:00,7,8,22,14,45,420,88,,45.796,4.21,Plein jour,Hors agglomération,Hors intersection,Normale,Deux véhicules - côté,,,,,,,,,,,1,1,1,1,3
200700047404,0007-08-31 18:30:00,7,8,31,18,30,420,165,,45.787,4.317,Plein jour,Hors agglomération,Intersection en X,Normale,Deux véhicules - côté,,,,,,,,,,,1,1,2,1,3
200700047405,0007-08-08 15:15:00,7,8,8,15,15,420,140,,45.481,4.048,Plein jour,Hors agglomération,Hors intersection,Pluie légère,Autre collision,,,,,,,,,,,1,1,1,2,6
200700047406,0007-08-10 15:30:00,7,8,10,15,30,420,13,,45.649,4.33,Plein jour,Hors agglomération,Hors intersection,Pluie légère,Deux véhicules - frontale,,,,,,,,,,,1,1,1,2,1
200700047407,0007-08-23 10:45:00,7,8,23,10,45,420,149,"route de lyon, CD496",45.748,4.222,Plein jour,En agglomération,Hors intersection,Normale,Autre collision,,,,,,,,,,,1,2,1,1,6
200700047408,0007-08-31 21:45:00,7,8,31,21,45,420,323,AVENUE HENRI PLANCHET,45.569,4.293,Nuit avec éclairage allumé,En agglomération,Hors intersection,Normale,Deux véhicules - frontale,,,,,,,,,,,5,2,1,1,1
200700047409,0007-08-06 02:30:00,7,8,6,2,30,420,132,,45.397,4.745,Nuit sans éclairage public,Hors agglomération,Hors intersection,Normale,Deux véhicules - frontale,,,,,,,,,,,3,1,1,1,1
200700047410,0007-08-25 10:15:00,7,8,25,10,15,420,168,,45.429,4.638,Plein jour,Hors agglomération,Hors intersection,Normale,Deux véhicules - frontale,,,,,,,,,,,1,1,1,1,1
200700047411,0007-08-16 18:30:00,7,8,16,18,30,420,145,,,,Plein jour,Hors agglomération,Hors intersection,Temps éblouissant,Deux véhicules - côté,,,,,,,,,,,1,1,1,7,3
200700047412,0007-08-25 23:00:00,7,8,25,23,0,420,163,,46.18,3.879,Nuit sans éclairage public,Hors agglomération,Hors intersection,Normale,Autre collision,,,,,,,,,,,3,1,1,1,6
200700047413,0007-08-31 11:15:00,7,8,31,11,15,420,157,Le Bourg,46.143,4.013,Plein jour,En agglomération,Hors intersection,Normale,Deux véhicules - côté,,,,,,,,,,,1,2,1,1,3
200700047414,0007-08-07 08:00:00,7,8,7,8,0,420,248,,,,Plein jour,Hors agglomération,Hors intersection,Pluie légère,Autre collision,,,,,,,,,,,1,1,1,2,6
200700047415,0007-08-07 18:00:00,7,8,7,18,0,420,116,,45.878,3.919,Plein jour,Hors agglomération,Hors intersection,Pluie légère,Sans collision,,,,,,,,,,,1,1,1,2,7
200700047416,0007-08-12 11:00:00,7,8,12,11,0,420,4,,45.867,4.039,Plein jour,Hors agglomération,Hors intersection,Normale,Deux véhicules - frontale,,,,,,,,,,,1,1,1,1,1
200700047417,0007-08-23 07:15:00,7,8,23,7,15,730,128,,,,Plein jour,En agglomération,Autre intersection,Normale,Deux véhicules - frontale,,,,,,,,,,,1,2,9,1,1
200700047418,0007-08-25 11:45:00,7,8,25,11,45,730,300,Place Daniel Roops,,,Plein jour,En agglomération,Hors intersection,Normale,Deux véhicules - côté,,,,,,,,,,,1,2,1,1,3
200700047419,0007-08-07 15:00:00,7,8,7,15,0,730,218,,45.855,5.835,Plein jour,Hors agglomération,Hors intersection,Pluie légère,Autre collision,,,,,,,,,,,1,1,1,2,6
200700047420,0007-08-11 16:30:00,7,8,11,16,30,730,85,D 991 -  RIGOLET,45.806,5.858,Plein jour,En agglomération,Hors intersection,Normale,Deux véhicules - frontale,,,,,,,,,,,1,2,1,1,1
200700047421,0007-08-02 17:00:00,7,8,2,17,0,730,171,,45.502,6.043,Plein jour,Hors agglomération,Hors intersection,Normale,Deux véhicules - côté,,,,,,,,,,,1,1,1,1,3
200700047422,0007-08-08 15:30:00,7,8,8,15,30,730,219,,45.566,5.794,Plein jour,Hors agglomération,Hors intersection,Pluie forte,Sans collision,,,,,,,,,,,1,1,1,3,7
200700047423,0007-08-11 10:15:00,7,8,11,10,15,730,100,,45.527,5.699,Plein jour,Hors agglomération,Autre intersection,Normale,Trois véhicules et plus - collisions multiples,,,,,,,,,,,1,1,9,1,5
200700047424,0007-08-18 00:30:00,7,8,18,0,30,730,282,,45.481,5.828,Nuit sans éclairage public,Hors agglomération,Autre intersection,Normale,Sans collision,,,,,,,,,,,3,1,9,1,7
200700047425,0007-08-13 20:45:00,7,8,13,20,45,730,111,,45.473,6.155,Crépuscule ou aube,Hors agglomération,Hors intersection,Normale,Sans collision,,,,,,,,,,,2,1,1,1,7
200700047426,0007-08-11 00:45:00,7,8,11,0,45,730,150,,,,Nuit sans éclairage public,Hors agglomération,Hors intersection,Normale,Sans collision,,,,,,,,,,,3,1,1,1,7
200700047427,0007-08-19 15:45:00,7,8,19,15,45,730,54,,,,Plein jour,Hors agglomération,Hors intersection,Normale,Deux véhicules - frontale,,,,,,,,,,,1,1,1,1,1
200700047428,0007-08-31 16:45:00,7,8,31,16,45,730,54,,,,Plein jour,Hors agglomération,Hors intersection,Normale,Deux véhicules - arrière,,,,,,,,,,,1,1,1,1,2
200700047429,0007-08-01 17:00:00,7,8,1,17,0,730,55,,,,Plein jour,Hors agglomération,Hors intersection,Normale,Deux véhicules - frontale,,,,,,,,,,,1,1,1,1,1
200700047430,0007-08-27 23:00:00,7,8,27,23,0,730,181,AVENUE DE LA LIBERATION,,,Nuit avec éclairage allumé,En agglomération,Hors intersection,Normale,Deux véhicules - frontale,,,,,,,,,,,5,2,1,1,1
200700047431,0007-08-09 15:45:00,7,8,9,15,45,730,261,,,,Plein jour,Hors agglomération,Hors intersection,Normale,Deux véhicules - côté,,,,,,,,,,,1,1,1,1,3
200700047432,0007-08-07 06:15:00,7,8,7,6,15,730,250,,,,Crépuscule ou aube,Hors agglomération,Hors intersection,Pluie forte,Deux véhicules - frontale,,,,,,,,,,,2,1,1,3,1
200700047433,0007-08-30 11:30:00,7,8,30,11,30,730,74,,,,Plein jour,Hors agglomération,Hors intersection,Normale,Deux véhicules - frontale,,,,,,,,,,,1,1,1,1,1
200700047434,0007-08-06 09:15:00,7,8,6,9,15,740,267,route d'Albertville,,,Plein jour,En agglomération,Hors intersection,Normale,Deux véhicules - côté,,,,,,,,,,,1,2,1,1,3
200700047435,0007-08-07 08:00:00,7,8,7,8,0,740,104,Bout du Lac,,,Plein jour,En agglomération,Hors intersection,Pluie légère,Deux véhicules - côté,,,,,,,,,,,1,2,1,2,3
200700047436,0007-08-14 23:30:00,7,8,14,23,30,740,267,Route d'Albertville,,,Nuit avec éclairage allumé,En agglomération,Hors intersection,Normale,Deux véhicules - frontale,,,,,,,,,,,5,2,1,1,1
200700047437,0007-08-23 18:45:00,7,8,23,18,45,740,242,,,,Plein jour,Hors agglomération,Intersection en X,Normale,Deux véhicules - côté,,,,,,,,,,,1,1,2,1,3
200700047438,0007-08-02 01:45:00,7,8,2,1,45,740,165,chef lieu,45.838,5.979,Nuit sans éclairage public,En agglomération,Hors intersection,Normale,Sans collision,,,,,,,,,,,3,2,1,1,7
200700047439,0007-08-03 17:00:00,7,8,3,17,0,740,274,,,,Plein jour,Hors agglomération,Hors intersection,Normale,Sans collision,,,,,,,,,,,1,1,1,1,7
200700047440,0007-08-12 17:30:00,7,8,12,17,30,740,138,,45.787,6.053,Plein jour,Hors agglomération,Hors intersection,Normale,Sans collision,,,,,,,,,,,1,1,1,1,7
200700047441,0007-08-17 15:00:00,7,8,17,15,0,740,161,,,,Plein jour,Hors agglomération,Hors intersection,Normale,Deux véhicules - frontale,,,,,,,,,,,1,1,1,1,1
200700047442,0007-08-24 06:45:00,7,8,24,6,45,740,225,01 avenue gantin,45.867,5.947,Plein jour,En agglomération,Intersection en X,Normale,Deux véhicules - frontale,,,,,,,,,,,1,2,2,1,1
200700047443,0007-08-07 22:00:00,7,8,7,22,0,740,280,,45.891,6.328,Nuit sans éclairage public,Hors agglomération,Hors intersection,Pluie forte,Deux véhicules - frontale,,,,,,,,,,,3,1,1,3,1
200700047444,0007-08-07 19:30:00,7,8,7,19,30,740,302,Lieu dit Carouge-RD 909,45.924,6.391,Plein jour,En agglomération,Hors intersection,Temps couvert,Autre collision,,,,,,,,,,,1,2,1,8,6
200700047445,0007-08-11 15:15:00,7,8,11,15,15,740,265,,,,Plein jour,Hors agglomération,Hors intersection,Normale,Autre collision,,,,,,,,,,,1,1,1,1,6
200700047446,0007-08-26 22:00:00,7,8,26,22,0,740,280,,45.89,6.327,Nuit sans éclairage public,Hors agglomération,Hors intersection,Normale,Deux véhicules - frontale,,,,,,,,,,,3,1,1,1,1
200700047447,0007-08-28 10:00:00,7,8,28,10,0,740,56,rue du lyret,,,Plein jour,En agglomération,Hors intersection,Normale,Autre collision,,,,,,,,,,,1,2,1,1,6
200700047448,0007-08-15 18:15:00,7,8,15,18,15,740,14,633 route de Flaine,,,Plein jour,En agglomération,Hors intersection,Normale,Deux véhicules - côté,,,,,,,,,,,1,2,1,1,3
200700047449,0007-08-01 17:30:00,7,8,1,17,30,740,264,,,,Plein jour,Hors agglomération,Hors intersection,Normale,Sans collision,,,,,,,,,,,1,1,1,1,7
200700047450,0007-08-03 22:45:00,7,8,3,22,45,740,169,,46.07,6.514,Nuit sans éclairage public,Hors agglomération,Hors intersection,Normale,Trois véhicules et plus - collisions multiples,,,,,,,,,,,3,1,1,1,5
200700047451,0007-08-07 20:15:00,7,8,7,20,15,740,159,,46.045,6.609,Plein jour,Hors agglomération,Hors intersection,Pluie légère,Deux véhicules - frontale,,,,,,,,,,,1,1,1,2,1
200700047452,0007-08-25 16:00:00,7,8,25,16,0,740,159,,,,Plein jour,Hors agglomération,Hors intersection,Normale,Deux véhicules - arrière,,,,,,,,,,,1,1,1,1,2
200700047453,0007-08-30 18:30:00,7,8,30,18,30,740,103,ROUTE DU FAYET,,,Plein jour,En agglomération,Hors intersection,Pluie légère,Deux véhicules - arrière,,,,,,,,,,,1,2,1,2,2
200700047454,0007-08-30 14:00:00,7,8,30,14,0,740,208,rond point du PMU -,,,Plein jour,En agglomération,Giratoire,Pluie légère,Deux véhicules - côté,,,,,,,,,,,1,2,6,2,3
200700047455,0007-08-14 16:15:00,7,8,14,16,15,740,183,,,,Plein jour,Hors agglomération,Hors intersection,Normale,Deux véhicules - arrière,,,,,,,,,,,1,1,1,1,2
200700047456,0007-08-13 18:15:00,7,8,13,18,15,740,134,,,,Plein jour,Hors agglomération,Hors intersection,Normale,Deux véhicules - frontale,,,,,,,,,,,1,1,1,1,1
200700047457,0007-08-22 14:15:00,7,8,22,14,15,740,243,,,,Plein jour,Hors agglomération,Hors intersection,Normale,Sans collision,,,,,,,,,,,1,1,1,1,7
200700047458,0007-08-02 12:15:00,7,8,2,12,15,740,94,,46.189,6.3,Plein jour,Hors agglomération,Hors intersection,Pluie forte,Deux véhicules - frontale,,,,,,,,,,,1,1,1,3,1
200700047459,0007-08-11 16:30:00,7,8,11,16,30,740,262,,,,Plein jour,Hors agglomération,Hors intersection,Normale,Sans collision,,,,,,,,,,,1,1,1,1,7
200700047460,0007-08-18 12:00:00,7,8,18,12,0,740,128,,46.158,6.32,Plein jour,Hors agglomération,Hors intersection,Normale,Deux véhicules - arrière,,,,,,,,,,,1,1,1,1,2
200700047461,0007-08-19 14:00:00,7,8,19,14,0,740,220,rue de la Ravoire,46.144,6.279,Plein jour,En agglomération,Hors intersection,Normale,Sans collision,,,,,,,,,,,1,2,1,1,7
200700047462,0007-08-24 03:45:00,7,8,24,3,45,740,128,CD 903 - PR 46+900,,,Nuit sans éclairage public,Hors agglomération,Hors intersection,Normale,Deux véhicules - frontale,,,,,,,,,,,3,1,1,1,1
200700047463,0007-08-27 16:30:00,7,8,27,16,30,740,128,,,,Plein jour,Hors agglomération,Hors intersection,Normale,Deux véhicules - côté,,,,,,,,,,,1,1,1,1,3
200700047464,0007-08-29 20:45:00,7,8,29,20,45,740,94,218 Route de Borly,,,Nuit avec éclairage allumé,En agglomération,Hors intersection,Pluie forte,Autre collision,,,,,,,,,,,5,2,1,3,6
200700047465,0007-08-31 18:00:00,7,8,31,18,0,740,128,137 RUE DU MOLE,46.156,6.345,Plein jour,En agglomération,Hors intersection,Normale,Deux véhicules - frontale,,,,,,,,,,,1,2,1,1,1
200700047466,0007-08-03 18:15:00,7,8,3,18,15,740,88,,46.053,6.089,Plein jour,Hors agglomération,Hors intersection,Normale,Deux véhicules - côté,,,,,,,,,,,1,1,1,1,3
200700047467,0007-08-04 09:00:00,7,8,4,9,0,740,88,,46.061,6.076,Plein jour,Hors agglomération,Hors intersection,Normale,Autre collision,,,,,,,,,,,1,1,1,1,6
200700047468,0007-08-05 06:00:00,7,8,5,6,0,740,195,RD1508,,,Crépuscule ou aube,Hors agglomération,Hors intersection,Normale,Autre collision,,,,,,,,,,,2,1,1,1,6
200700047469,0007-08-18 10:15:00,7,8,18,10,15,740,109,,,,Plein jour,Hors agglomération,Hors intersection,Normale,Deux véhicules - frontale,,,,,,,,,,,1,1,1,1,1
200700047470,0007-08-11 01:15:00,7,8,11,1,15,740,315,,46.36,6.329,Nuit sans éclairage public,Hors agglomération,Hors intersection,Normale,Autre collision,,,,,,,,,,,3,1,1,1,6
200700047471,0007-08-24 10:30:00,7,8,24,10,30,740,263,"605, Route de Perrignier",46.333,6.392,Nuit sans éclairage public,En agglomération,Hors intersection,Normale,Autre collision,,,,,,,,,,,3,2,1,1,6
200700047472,0007-08-05 05:15:00,7,8,5,5,15,740,127,,46.36,6.52,Crépuscule ou aube,Hors agglomération,Hors intersection,Normale,Sans collision,,,,,,,,,,,2,1,1,1,7
200700047473,0007-08-11 14:00:00,7,8,11,14,0,740,238,,,,Plein jour,Hors agglomération,Hors intersection,Temps couvert,Deux véhicules - frontale,,,,,,,,,,,1,1,1,8,1
200700047474,0007-08-22 17:30:00,7,8,22,17,30,740,114,,,,Plein jour,Hors agglomération,Hors intersection,Normale,Sans collision,,,,,,,,,,,1,1,1,1,7
200700047475,0007-08-23 10:45:00,7,8,23,10,45,740,188,,,,Plein jour,Hors agglomération,Hors intersection,Normale,Deux véhicules - arrière,,,,,,,,,,,1,1,1,1,2
200700047476,0007-08-17 14:15:00,7,8,17,14,15,630,40,,,,Plein jour,Hors agglomération,Hors intersection,Normale,Sans collision,,,,,,,,,,,1,1,1,1,7
200700047477,0007-08-15 16:30:00,7,8,15,16,30,630,83,,,,Plein jour,Hors agglomération,Hors intersection,Normale,Sans collision,,,,,,,,,,,1,1,1,1,7
200700047478,0007-08-31 07:45:00,7,8,31,7,45,630,284,94 avenue de Rioml,,,Plein jour,En agglomération,Hors intersection,Normale,Deux véhicules - frontale,,,,,,,,,,,1,2,1,1,1
200700047479,0007-08-01 08:45:00,7,8,1,8,45,630,457,,,,Plein jour,Hors agglomération,Autre intersection,Temps éblouissant,Deux véhicules - frontale,,,,,,,,,,,1,1,9,7,1
200700047480,0007-08-08 11:45:00,7,8,8,11,45,630,211,,,,Plein jour,Hors agglomération,Intersection en X,Normale,Deux véhicules - côté,,,,,,,,,,,1,1,2,1,3
200700047481,0007-08-15 22:00:00,7,8,15,22,0,630,384,,45.68,3.744,Nuit sans éclairage public,Hors agglomération,Hors intersection,Normale,Deux véhicules - frontale,,,,,,,,,,,3,1,1,1,1
200700047482,0007-08-04 18:00:00,7,8,4,18,0,630,412,,45.409,3.884,Plein jour,Hors agglomération,Hors intersection,Normale,Deux véhicules - côté,,,,,,,,,,,1,1,1,1,3
200700047483,0007-08-06 14:30:00,7,8,6,14,30,630,54,,,,Plein jour,Hors agglomération,Intersection en X,Pluie légère,Deux véhicules - côté,,,,,,,,,,,1,1,2,2,3
200700047484,0007-08-25 16:30:00,7,8,25,16,30,630,38,,,,Plein jour,Hors agglomération,Hors intersection,Normale,Sans collision,,,,,,,,,,,1,1,1,1,7