accident_id,datetime,annee,mois,jour,heure,minute,departement,commune_insee,adresse,latitude,longitude,luminosite,agglomeration,intersection,meteo,collision,nb_vehicules,nb_usagers,nb_indemnes,nb_tues,nb_blesses_hosp,nb_blesses_legers,age_cond_1,age_cond_2,veh_type_cond_1,veh_type_cond_2,lum_code,agg_code,int_code,atm_code,col_code
200700047624,0007-08-23 15:15:00,7,8,23,15,15,670,130,rue de la libération,,,Plein jour,En agglomération,Hors intersection,Normale,Deux véhicules - côté,,,,,,,,,,,1,2,1,1,3
200700047625,0007-08-05 03:30:00,7,8,5,3,30,670,248,route d'obernai,48.48,7.566,Nuit avec éclairage allumé,En agglomération,Hors intersection,Normale,Deux véhicules - côté,,,,,,,,,,,5,2,1,1,3
200700047626,0007-08-25 16:45:00,7,8,25,16,45,670,164,,48.433,7.487,Plein jour,Hors agglomération,Hors intersection,Normale,Deux véhicules - arrière,,,,,,,,,,,1,1,1,1,2
200700047627,0007-08-23 13:30:00,7,8,23,13,30,670,523,,48.77,7.786,Plein jour,Hors agglomération,Hors intersection,Normale,Sans collision,,,,,,,,,,,1,1,1,1,7
200700047628,0007-08-27 14:45:00,7,8,27,14,45,670,8,,48.526,7.55,Plein jour,Hors agglomération,Hors intersection,Normale,Deux véhicules - côté,,,,,,,,,,,1,1,1,1,3
200700047629,0007-08-05 22:45:00,7,8,5,22,45,670,424,,48.408,7.156,Nuit avec éclairage allumé,Hors agglomération,Hors intersection,Normale,Deux véhicules - côté,,,,,,,,,,,5,1,1,1,3
200700047630,0007-08-05 10:45:00,7,8,5,10,45,670,342,,48.574,7.265,Plein jour,Hors agglomération,Hors intersection,Normale,Deux véhicules - frontale,,,,,,,,,,,1,1,1,1,1
200700047631,0007-08-17 19:45:00,7,8,17,19,45,670,384,,48.363,7.178,Plein jour,Hors agglomération,Hors intersection,Normale,Autre collision,,,,,,,,,,,1,1,1,1,6
200700047632,0007-08-27 10:30:00,7,8,27,10,30,670,437,rue de l'Orangerie,,,Plein jour,En agglomération,Hors intersection,Normale,Deux véhicules - frontale,,,,,,,,,,,1,2,1,1,1
200700047633,0007-08-08 10:30:00,7,8,8,10,30,670,535,,,,Plein jour,Hors agglomération,Hors intersection,Normale,Deux véhicules - frontale,,,,,,,,,,,1,1,1,1,1
200700047634,0007-08-13 21:30:00,7,8,13,21,30,670,183,,,,Nuit sans éclairage public,Hors agglomération,Hors intersection,Pluie légère,Autre collision,,,,,,,,,,,3,1,1,2,6
200700047635,0007-08-19 15:15:00,7,8,19,15,15,670,133,,,,Plein jour,Hors agglomération,Hors intersection,Normale,Autre collision,,,,,,,,,,,1,1,1,1,6
200700047636,0007-08-28 13:30:00,7,8,28,13,30,670,434,9 Rue Principale,48.876,7.13,Plein jour,En agglomération,Hors intersection,Normale,Autre collision,,,,,,,,,,,1,2,1,1,6
200700047637,0007-08-04 19:30:00,7,8,4,19,30,670,67,,48.748,7.754,Plein jour,Hors agglomération,Hors intersection,Normale,Sans collision,,,,,,,,,,,1,1,1,1,7
200700047638,0007-08-25 08:30:00,7,8,25,8,30,670,202,CD7 PR 24+200,,,Plein jour,En agglomération,Hors intersection,Normale,Sans collision,,,,,,,,,,,1,2,1,1,7
200700047639,0007-08-12 04:15:00,7,8,12,4,15,670,205,,48.71,7.775,Nuit sans éclairage public,Hors agglomération,Hors intersection,Brouillard / fumée,Sans collision,,,,,,,,,,,3,1,1,5,7
200700047640,0007-08-21 10:50:00,7,8,21,10,50,670,115,CD 1083,,,Plein jour,Hors agglomération,Hors intersection,Pluie légère,Deux véhicules - côté,,,,,,,,,,,1,1,1,2,3
200700047641,0007-08-24 13:45:00,7,8,24,13,45,670,125,35 rue des Bergers,48.363,7.469,Plein jour,En agglomération,Hors intersection,Normale,Deux véhicules - frontale,,,,,,,,,,,1,2,1,1,1
200700047642,0007-08-04 18:30:00,7,8,4,18,30,670,479,81 RUE DU MAIRE RUPP,,,Plein jour,En agglomération,Hors intersection,Normale,Deux véhicules - frontale,,,,,,,,,,,1,2,1,1,1
200700047643,0007-08-12 00:30:00,7,8,12,0,30,670,79,,,,Nuit sans éclairage public,Hors agglomération,Hors intersection,Normale,Autre collision,,,,,,,,,,,3,1,1,1,6
200700047644,0007-08-23 11:00:00,7,8,23,11,0,670,25,rue du cimetiere,,,Plein jour,En agglomération,Hors intersection,Normale,Autre collision,,,,,,,,,,,1,2,1,1,6
200700047645,0007-08-31 22:45:00,7,8,31,22,45,670,206,,48.941,7.946,Nuit sans éclairage public,Hors agglomération,Hors intersection,Normale,Sans collision,,,,,,,,,,,3,1,1,1,7
200700047646,0007-08-31 12:00:00,7,8,31,12,0,670,160,,48.974,7.765,Plein jour,Hors agglomération,Autre intersection,Normale,Deux véhicules - frontale,,,,,,,,,,,1,1,9,1,1
200700047647,0007-08-22 23:45:00,7,8,22,23,45,680,145,Grand rue,,,Plein jour,En agglomération,Hors intersection,Normale,Deux véhicules - côté,,,,,,,,,,,1,2,1,1,3
200700047648,0007-08-18 17:15:00,7,8,18,17,15,680,329,,48.072,7.056,Plein jour,Hors agglomération,Hors intersection,Normale,Trois véhicules et plus - collisions multiples,,,,,,,,,,,1,1,1,1,5
200700047649,0007-08-19 18:30:00,7,8,19,18,30,680,329,,,,Plein jour,Hors agglomération,Hors intersection,Autre,Autre collision,,,,,,,,,,,1,1,1,9,6
200700047650,0007-08-17 15:15:00,7,8,17,15,15,680,352,,48.019,7.521,Plein jour,Hors agglomération,Hors intersection,Normale,Deux véhicules - côté,,,,,,,,,,,1,1,1,1,3
200700047651,0007-08-25 14:00:00,7,8,25,14,0,680,143,,48.114,7.4,Plein jour,Hors agglomération,Hors intersection,Normale,Deux véhicules - frontale,,,,,,,,,,,1,1,1,1,1
200700047652,0007-08-03 11:00:00,7,8,3,11,0,680,374,Place des Fêtes,48.077,7.295,Plein jour,En agglomération,Place,Normale,Autre collision,,,,,,,,,,,1,2,7,1,6
200700047653,0007-08-27 14:30:00,7,8,27,14,30,680,374,Rue du Logelbach,48.079,7.296,Plein jour,En agglomération,Giratoire,Normale,Sans collision,,,,,,,,,,,1,2,6,1,7
200700047654,0007-08-28 21:30:00,7,8,28,21,30,680,259,,,,Nuit sans éclairage public,Hors agglomération,Hors intersection,Pluie légère,Autre collision,,,,,,,,,,,3,1,1,2,6
200700047655,0007-08-15 22:15:00,7,8,15,22,15,680,122,,,,Nuit sans éclairage public,Hors agglomération,Hors intersection,Normale,Autre collision,,,,,,,,,,,3,1,1,1,6
200700047656,0007-08-26 18:15:00,7,8,26,18,15,680,381,,47.878,7.199,Plein jour,Hors agglomération,Hors intersection,Normale,Sans collision,,,,,,,,,,,1,1,1,1,7
200700047657,0007-08-25 06:15:00,7,8,25,6,15,680,300,cd 38,,,Plein jour,En agglomération,Hors intersection,Normale,Autre collision,,,,,,,,,,,1,2,1,1,6
200700047658,0007-08-30 18:15:00,7,8,30,18,15,680,300,31 RUE DE MULHOUSE,,,Plein jour,En agglomération,Hors intersection,Normale,Autre collision,,,,,,,,,,,1,2,1,1,6
200700047659,0007-08-12 05:30:00,7,8,12,5,30,680,349,,47.603,7.569,Nuit sans éclairage public,Hors agglomération,Hors intersection,Brouillard / fumée,Autre collision,,,,,,,,,,,3,1,1,5,6
200700047660,0007-08-01 17:00:00,7,8,1,17,0,680,163,"23, rue Foch",,,Plein jour,En agglomération,Hors intersection,Normale,Deux véhicules - côté,,,,,,,,,,,1,2,1,1,3
200700047661,0007-08-31 15:30:00,7,8,31,15,30,680,21,Rue de Blotzheim,,,Plein jour,En agglomération,Hors intersection,Normale,Deux véhicules - côté,,,,,,,,,,,1,2,1,1,3
200700047662,0007-08-31 19:15:00,7,8,31,19,15,680,359,,47.854,7.149,Plein jour,Hors agglomération,Hors intersection,Normale,Sans collision,,,,,,,,,,,1,1,1,1,7
200700047663,0007-08-05 16:30:00,7,8,5,16,30,680,201,rue de Mulhouse,47.778,7.001,Plein jour,En agglomération,Hors intersection,Normale,Deux véhicules - arrière,,,,,,,,,,,1,2,1,1,2
200700047664,0007-08-08 13:30:00,7,8,8,13,30,510,161,,,,Plein jour,Hors agglomération,Hors intersection,Normale,Autre collision,,,,,,,,,,,1,1,1,1,6
200700047665,0007-08-09 21:00:00,7,8,9,21,0,510,476,,49.03,4.415,Crépuscule ou aube,Hors agglomération,Hors intersection,Pluie légère,Deux véhicules - frontale,,,,,,,,,,,2,1,1,2,1
200700047666,0007-08-04 17:00:00,7,8,4,17,0,510,651,,48.896,4.065,Plein jour,Hors agglomération,Hors intersection,Normale,Deux véhicules - frontale,,,,,,,,,,,1,1,1,1,1
200700047667,0007-08-05 18:00:00,7,8,5,18,0,510,360,rue de la grande borne,48.712,3.651,Plein jour,En agglomération,Hors intersection,Normale,Autre collision,,,,,,,,,,,1,2,1,1,6
200700047668,0007-08-09 19:15:00,7,8,9,19,15,510,124,,48.635,3.648,Plein jour,Hors agglomération,Hors intersection,Pluie légère,Deux véhicules - côté,,,,,,,,,,,1,1,1,2,3
200700047669,0007-08-25 07:45:00,7,8,25,7,45,510,324,,48.731,3.867,Plein jour,Hors agglomération,Hors intersection,Normale,Trois véhicules et plus - collisions multiples,,,,,,,,,,,1,1,1,1,5
200700047670,0007-08-10 21:45:00,7,8,10,21,45,510,331,,49.138,4.102,Nuit sans éclairage public,Hors agglomération,Hors intersection,Pluie forte,Deux véhicules - frontale,,,,,,,,,,,3,1,1,3,1
200700047671,0007-08-28 10:00:00,7,8,28,10,0,510,232,,,,Nuit avec éclairage allumé,En agglomération,Hors intersection,Normale,Autre collision,,,,,,,,,,,5,2,1,1,6
200700047672,0007-08-01 22:30:00,7,8,1,22,30,510,557,,,,Crépuscule ou aube,Hors agglomération,Hors intersection,Normale,Autre collision,,,,,,,,,,,2,1,1,1,6
200700047673,0007-08-19 15:45:00,7,8,19,15,45,510,647,,,,Plein jour,Hors agglomération,Hors intersection,Pluie légère,Autre collision,,,,,,,,,,,1,1,1,2,6
200700047674,0007-08-19 15:45:00,7,8,19,15,45,510,647,,,,Plein jour,Hors agglomération,Autre intersection,Normale,Deux véhicules - côté,,,,,,,,,,,1,1,9,1,3
200700047675,0007-08-02 14:45:00,7,8,2,14,45,510,363,,48.768,4.659,Plein jour,Hors agglomération,Hors intersection,Normale,Deux véhicules - frontale,,,,,,,,,,,1,1,1,1,1
200700047676,0007-08-05 11:45:00,7,8,5,11,45,510,531,,48.789,4.911,Plein jour,En agglomération,Hors intersection,Normale,Sans collision,,,,,,,,,,,1,2,1,1,7
200700047677,0007-08-13 19:30:00,7,8,13,19,30,510,224,,48.695,4.696,Plein jour,Hors agglomération,Hors intersection,Normale,Trois véhicules et plus - collisions multiples,,,,,,,,,,,1,1,1,1,5
200700047678,0007-08-29 18:30:00,7,8,29,18,30,80,483,24 RUE DES JARDINS,49.757,4.792,Plein jour,En agglomération,Hors intersection,Normale,Autre collision,,,,,,,,,,,1,2,1,1,6
200700047679,0007-08-04 11:00:00,7,8,4,11,0,80,81,rue de la vallée,49.861,4.766,Plein jour,En agglomération,Hors intersection,Normale,Deux véhicules - frontale,,,,,,,,,,,1,2,1,1,1
200700047680,0007-08-25 15:00:00,7,8,25,15,0,80,188,,,,Nuit sans éclairage public,Hors agglomération,Hors intersection,Brouillard / fumée,Deux véhicules - frontale,,,,,,,,,,,3,1,1,5,1
200700047681,0007-08-04 17:00:00,7,8,4,17,0,80,363,,49.949,4.641,Nuit avec éclairage allumé,Hors agglomération,Hors intersection,Normale,Sans collision,,,,,,,,,,,5,1,1,1,7
200700047682,0007-08-29 17:00:00,7,8,29,17,0,80,185,rue jean jaures,49.99,4.7,Plein jour,En agglomération,Hors intersection,Normale,Deux véhicules - arrière,,,,,,,,,,,1,2,1,1,2
200700047683,0007-08-12 18:15:00,7,8,12,18,15,80,420,,49.899,4.306,Plein jour,Hors agglomération,Hors intersection,Normale,Autre collision,,,,,,,,,,,1,1,1,1,6
200700047684,0007-08-12 07:45:00,7,8,12,7,45,80,189,,,,Plein jour,Hors agglomération,Hors intersection,Brouillard / fumée,Deux véhicules - côté,,,,,,,,,,,1,1,1,5,3
200700047685,0007-08-31 16:30:00,7,8,31,16,30,80,373,RUE PRINCIPALE,49.812,4.271,Plein jour,En agglomération,Hors intersection,Normale,Autre collision,,,,,,,,,,,1,2,1,1,6
200700047686,0007-08-02 15:15:00,7,8,2,15,15,80,55,,,,Plein jour,Hors agglomération,Hors intersection,Normale,Deux véhicules - arrière,,,,,,,,,,,1,1,1,1,2
200700047687,0007-08-02 16:15:00,7,8,2,16,15,80,362,rue du docteur Gobinet,49.522,4.372,Plein jour,En agglomération,Hors intersection,Normale,Autre collision,,,,,,,,,,,1,2,1,1,6
200700047688,0007-08-14 16:30:00,7,8,14,16,30,80,362,Rue Colbert,49.512,4.366,Plein jour,En agglomération,Hors intersection,Normale,Deux véhicules - frontale,,,,,,,,,,,1,2,1,1,1
200700047689,0007-08-19 14:45:00,7,8,19,14,45,100,216,,48.697,4.196,Plein jour,Hors agglomération,Hors intersection,Pluie légère,Deux véhicules - frontale,,,,,,,,,,,1,1,1,2,1
200700047690,0007-08-11 12:00:00,7,8,11,12,0,100,282,,,,Plein jour,Hors agglomération,Intersection en X,Normale,Deux véhicules - côté,,,,,,,,,,,1,1,2,1,3
200700047691,0007-08-14 08:30:00,7,8,14,8,30,100,238,,48.246,4.371,Plein jour,Hors agglomération,Hors intersection,Normale,Deux véhicules - frontale,,,,,,,,,,,1,1,1,1,1
200700047692,0007-08-19 08:45:00,7,8,19,8,45,100,162,,48.212,4.242,Plein jour,Hors agglomération,Hors intersection,Pluie légère,Sans collision,,,,,,,,,,,1,1,1,2,7
200700047693,0007-08-20 11:45:00,7,8,20,11,45,100,210,,48.391,4.224,Plein jour,Hors agglomération,Hors intersection,Pluie légère,Sans collision,,,,,,,,,,,1,1,1,2,7
200700047694,0007-08-07 17:45:00,7,8,7,17,45,100,426,,48.125,4.788,Plein jour,En agglomération,Intersection en X,Normale,Deux véhicules - côté,,,,,,,,,,,1,2,2,1,3
200700047695,0007-08-13 17:45:00,7,8,13,17,45,100,217,,48.256,4.568,Plein jour,Hors agglomération,Hors intersection,Normale,Deux véhicules - frontale,,,,,,,,,,,1,1,1,1,1
200700047696,0007-08-04 05:15:00,7,8,4,5,15,100,437,,48.142,4.321,Crépuscule ou aube,Hors agglomération,Hors intersection,Normale,Autre collision,,,,,,,,,,,2,1,1,1,6
200700047697,0007-08-19 05:15:00,7,8,19,5,15,100,298,54 grande rue,,,Nuit avec éclairage allumé,En agglomération,Hors intersection,Normale,Autre collision,,,,,,,,,,,5,2,1,1,6
200700047698,0007-08-27 06:00:00,7,8,27,6,0,100,323,CarrefourCD 619 / CD 440,48.51,3.72,Nuit avec éclairage allumé,En agglomération,Hors intersection,Normale,Autre collision,,,,,,,,,,,5,2,1,1,6
200700047699,0007-08-28 18:00:00,7,8,28,18,0,100,323,rue Gornet Boivin,,,Plein jour,En agglomération,Hors intersection,Normale,Autre collision,,,,,,,,,,,1,2,1,1,6
200700047700,0007-08-13 02:30:00,7,8,13,2,30,520,535,,,,Nuit sans éclairage public,Hors agglomération,Hors intersection,Normale,Deux véhicules - côté,,,,,,,,,,,3,1,1,1,3
200700047701,0007-08-17 10:30:00,7,8,17,10,30,520,535,,48.101,5.039,Plein jour,Hors agglomération,Hors intersection,Normale,Deux véhicules - frontale,,,,,,,,,,,1,1,1,1,1
200700047702,0007-08-07 18:15:00,7,8,7,18,15,520,269,22 avenue Turenne,47.859,5.334,Plein jour,En agglomération,Hors intersection,Normale,Autre collision,,,,,,,,,,,1,2,1,1,6
200700047703,0007-08-29 19:15:00,7,8,29,19,15,520,270,,,,Plein jour,Hors agglomération,Hors intersection,Normale,Sans collision,,,,,,,,,,,1,1,1,1,7
200700047704,0007-08-01 10:00:00,7,8,1,10,0,520,242,Place Virey - HORTES,47.845,5.552,Plein jour,En agglomération,Place,Normale,Deux véhicules - côté,,,,,,,,,,,1,2,7,1,3
200700047705,0007-08-18 15:30:00,7,8,18,15,30,520,400,,47.974,5.614,Plein jour,Hors agglomération,Intersection en X,Normale,Deux véhicules - côté,,,,,,,,,,,1,1,2,1,3
200700047706,0007-08-21 16:15:00,7,8,21,16,15,520,504,CD14 / Rue ste Barbe,,,Plein jour,En agglomération,Hors intersection,Pluie légère,Autre collision,,,,,,,,,,,1,2,1,2,6
200700047707,0007-08-07 02:00:00,7,8,7,2,0,520,93,supermarché Intermarché,47.809,5.441,Plein jour,En agglomération,Hors intersection,Normale,Sans collision,,,,,,,,,,,1,2,1,1,7
200700047708,0007-08-10 16:30:00,7,8,10,16,30,520,119,,,,Plein jour,Hors agglomération,Hors intersection,Normale,Trois véhicules et plus - en chaîne,,,,,,,,,,,1,1,1,1,4
200700047709,0007-08-06 18:00:00,7,8,6,18,0,520,389,,47.8,5.201,Plein jour,Hors agglomération,Hors intersection,Pluie légère,Deux véhicules - frontale,,,,,,,,,,,1,1,1,2,1
200700047710,0007-08-21 19:00:00,7,8,21,19,0,520,337,,48.458,5.21,Crépuscule ou aube,Hors agglomération,Hors intersection,Pluie légère,Sans collision,,,,,,,,,,,2,1,1,2,7
200700047711,0007-08-03 12:00:00,7,8,3,12,0,520,300,,48.527,5.047,Plein jour,Hors agglomération,Hors intersection,Normale,Autre collision,,,,,,,,,,,1,1,1,1,6
200700047712,0007-08-05 21:45:00,7,8,5,21,45,520,550,,,,Nuit sans éclairage public,Hors agglomération,Hors intersection,Normale,Sans collision,,,,,,,,,,,3,1,1,1,7
200700047713,0007-08-31 04:30:00,7,8,31,4,30,210,292,,47.25,5.202,Nuit sans éclairage public,Hors agglomération,Hors intersection,Normale,Deux véhicules - frontale,,,,,,,,,,,3,1,1,1,1
200700047714,0007-08-16 21:00:00,7,8,16,21,0,210,390,rue du carré,47.28,4.987,Nuit avec éclairage allumé,En agglomération,Hors intersection,Normale,Deux véhicules - côté,,,,,,,,,,,5,2,1,1,3
200700047715,0007-08-02 10:00:00,7,8,2,10,0,210,383,Rue de la Vignotte,47.52,5.13,Plein jour,En agglomération,Hors intersection,Normale,Autre collision,,,,,,,,,,,1,2,1,1,6
200700047716,0007-08-07 11:45:00,7,8,7,11,45,210,127,,47.474,5.08,Plein jour,Hors agglomération,Intersection en X,Normale,Deux véhicules - côté,,,,,,,,,,,1,1,2,1,3
200700047717,0007-08-20 18:15:00,7,8,20,18,15,210,290,,47.464,5.133,Plein jour,Hors agglomération,Hors intersection,Normale,Trois véhicules et plus - en chaîne,,,,,,,,,,,1,1,1,1,4
200700047718,0007-08-06 17:00:00,7,8,6,17,0,210,559,,47.287,4.786,Plein jour,Hors agglomération,Hors intersection,Pluie légère,Deux véhicules - frontale,,,,,,,,,,,1,1,1,2,1
200700047719,0007-08-08 15:45:00,7,8,8,15,45,210,23,,47.139,4.475,Plein jour,Hors agglomération,Hors intersection,Normale,Autre collision,,,,,,,,,,,1,1,1,1,6
200700047720,0007-08-27 13:30:00,7,8,27,13,30,210,249,rue du quartier neuf,47.1,5.229,Plein jour,En agglomération,Hors intersection,Normale,Autre collision,,,,,,,,,,,1,2,1,1,6
200700047721,0007-08-11 09:30:00,7,8,11,9,30,210,519,,47.794,4.839,Plein jour,Hors agglomération,Hors intersection,Temps couvert,Sans collision,,,,,,,,,,,1,1,1,8,7
200700047722,0007-08-19 15:45:00,7,8,19,15,45,210,415,,47.656,4.861,Plein jour,Hors agglomération,Hors intersection,Normale,Trois véhicules et plus - collisions multiples,,,,,,,,,,,1,1,1,1,5
200700047723,0007-08-17 19:45:00,7,8,17,19,45,210,430,,47.43,4.254,Plein jour,Hors agglomération,Hors intersection,Normale,Autre collision,,,,,,,,,,,1,1,1,1,6
200700047724,0007-08-26 07:30:00,7,8,26,7,30,210,678,,47.365,4.34,Plein jour,Hors agglomération,Hors intersection,Normale,Sans collision,,,,,,,,,,,1,1,1,1,7
200700047725,0007-08-13 18:15:00,7,8,13,18,15,580,95,,,,Plein jour,Hors agglomération,Hors intersection,Normale,Autre collision,,,,,,,,,,,1,1,1,1,6
200700047726,0007-08-12 16:45:00,7,8,12,16,45,580,121,rue Jean MOULIN,47.055,3.098,Plein jour,En agglomération,Autre intersection,Normale,Deux véhicules - côté,,,,,,,,,,,1,2,9,1,3
200700047727,0007-08-06 12:45:00,7,8,6,12,45,580,273,,46.985,3.231,Plein jour,Hors agglomération,Hors intersection,Pluie légère,Deux véhicules - côté,,,,,,,,,,,1,1,1,2,3
200700047728,0007-08-19 20:00:00,7,8,19,20,0,580,264,Route de livry,,,Plein jour,En agglomération,Hors intersection,Normale,Deux véhicules - frontale,,,,,,,,,,,1,2,1,1,1
200700047729,0007-08-08 09:45:00,7,8,8,9,45,580,62,,,,Plein jour,Hors agglomération,Hors intersection,Normale,Deux véhicules - frontale,,,,,,,,,,,1,1,1,1,1
200700047730,0007-08-09 17:45:00,7,8,9,17,45,580,142,,,,Plein jour,Hors agglomération,Hors intersection,Temps couvert,Deux véhicules - côté,,,,,,,,,,,1,1,1,8,3
200700047731,0007-08-11 17:00:00,7,8,11,17,0,580,141,,,,Plein jour,Hors agglomération,Hors intersection,Normale,Autre collision,,,,,,,,,,,1,1,1,1,6
200700047732,0007-08-01 14:30:00,7,8,1,14,30,580,79,boulevard Misset,,,Plein jour,En agglomération,Hors intersection,Normale,Autre collision,,,,,,,,,,,1,2,1,1,6
200700047733,0007-08-02 22:30:00,7,8,2,22,30,580,180,Lieu dit La faye,47.199,4.076,Nuit avec éclairage allumé,En agglomération,Hors intersection,Normale,Autre collision,,,,,,,,,,,5,2,1,1,6
200700047734,0007-08-28 15:45:00,7,8,28,15,45,580,218,Route de Varzy,,,Plein jour,En agglomération,Hors intersection,Normale,Deux véhicules - arrière,,,,,,,,,,,1,2,1,1,2
200700047735,0007-08-24 15:30:00,7,8,24,15,30,580,227,,47.558,3.063,Plein jour,Hors agglomération,Hors intersection,Normale,Autre collision,,,,,,,,,,,1,1,1,1,6
200700047736,0007-08-10 12:15:00,7,8,10,12,15,710,556,Route Nationale 6,46.279,4.801,Plein jour,En agglomération,Hors intersection,Normale,Autre collision,,,,,,,,,,,1,2,1,1,6
200700047737,0007-08-26 16:00:00,7,8,26,16,0,710,360,Rue Pierre BALVAY,46.326,4.747,Plein jour,En agglomération,Hors intersection,Normale,Deux véhicules - frontale,,,,,,,,,,,1,2,1,1,1
200700047738,0007-08-14 15:00:00,7,8,14,15,0,710,372,,,,Plein jour,Hors agglomération,Hors intersection,Normale,Autre collision,,,,,,,,,,,1,1,1,1,6
200700047739,0007-08-01 08:45:00,7,8,1,8,45,710,137,ZA du Pré St Germain,46.434,4.654,Plein jour,En agglomération,Intersection en T,Normale,Deux véhicules - frontale,,,,,,,,,,,1,2,3,1,1
200700047740,0007-08-07 13:00:00,7,8,7,13,0,710,195,,46.514,4.917,Plein jour,Hors agglomération,Hors intersection,Temps couvert,Deux véhicules - frontale,,,,,,,,,,,1,1,1,8,1
200700047741,0007-08-18 01:30:00,7,8,18,1,30,710,317,,46.727,4.082,Nuit sans éclairage public,Hors agglomération,Hors intersection,Normale,Autre collision,,,,,,,,,,,3,1,1,1,6
200700047742,0007-08-27 13:00:00,7,8,27,13,0,710,391,,46.833,4.605,Plein jour,Hors agglomération,Hors intersection,Normale,Deux véhicules - arrière,,,,,,,,,,,1,1,1,1,2
200700047743,0007-08-14 22:30:00,7,8,14,22,30,710,221,,,,Nuit sans éclairage public,Hors agglomération,Hors intersection,Normale,Sans collision,,,,,,,,,,,3,1,1,1,7
200700047744,0007-08-25 06:15:00,7,8,25,6,15,710,451,,46.216,4.252,Crépuscule ou aube,Hors agglomération,Hors intersection,Normale,Autre collision,,,,,,,,,,,2,1,1,1,6
200700047745,0007-08-31 12:00:00,7,8,31,12,0,710,176,boulevard des platanes,46.485,3.972,Plein jour,En agglomération,Intersection en X,Normale,Trois véhicules et plus - collisions multiples,,,,,,,,,,,1,2,2,1,5
200700047746,0007-08-18 12:00:00,7,8,18,12,0,710,581,,46.344,4.018,Plein jour,Hors agglomération,Hors intersection,Normale,Deux véhicules - côté,,,,,,,,,,,1,1,1,1,3
200700047747,0007-08-24 22:30:00,7,8,24,22,30,710,434,,46.245,4.17,Nuit sans éclairage public,Hors agglomération,Hors intersection,Normale,Sans collision,,,,,,,,,,,3,1,1,1,7
200700047748,0007-08-06 09:30:00,7,8,6,9,30,710,588,,,,Plein jour,Hors agglomération,Autre intersection,Normale,Trois véhicules et plus - collisions multiples,,,,,,,,,,,1,1,9,1,5
200700047749,0007-08-13 11:45:00,7,8,13,11,45,710,342,Avenue de Chalon,,,Plein jour,En agglomération,Giratoire,Normale,Deux véhicules - côté,,,,,,,,,,,1,2,6,1,3
200700047750,0007-08-29 13:15:00,7,8,29,13,15,710,491,,46.409,4.045,Plein jour,Hors agglomération,Hors intersection,Pluie légère,Autre collision,,,,,,,,,,,1,1,1,2,6
200700047751,0007-08-16 00:45:00,7,8,16,0,45,710,282,,,,Nuit sans éclairage public,Hors agglomération,Hors intersection,Normale,Deux véhicules - côté,,,,,,,,,,,3,1,1,1,3
200700047752,0007-08-24 08:30:00,7,8,24,8,30,710,47,rue du sénateur turlier,,,Plein jour,En agglomération,Hors intersection,Temps éblouissant,Deux véhicules - arrière,,,,,,,,,,,1,2,1,7,2
200700047753,0007-08-19 16:45:00,7,8,19,16,45,710,419,,46.752,5.206,Plein jour,Hors agglomération,Hors intersection,Normale,Autre collision,,,,,,,,,,,1,1,1,1,6
200700047754,0007-08-17 18:15:00,7,8,17,18,15,890,295,,47.829,3.549,Plein jour,Hors agglomération,Hors intersection,Normale,Deux véhicules - frontale,,,,,,,,,,,1,1,1,1,1
200700047755,0007-08-01 18:00:00,7,8,1,18,0,890,237,CD 123,,,Plein jour,Hors agglomération,Hors intersection,Normale,Autre collision,,,,,,,,,,,1,1,1,1,6
200700047756,0007-08-02 16:00:00,7,8,2,16,0,890,199,,,,Plein jour,Hors agglomération,Hors intersection,Normale,Trois véhicules et plus - collisions multiples,,,,,,,,,,,1,1,1,1,5
200700047757,0007-08-05 16:45:00,7,8,5,16,45,890,233,,,,Plein jour,Hors agglomération,Hors intersection,Normale,Deux véhicules - frontale,,,,,,,,,,,1,1,1,1,1
200700047758,0007-08-05 11:00:00,7,8,5,11,0,890,283,,,,Plein jour,Hors agglomération,Hors intersection,Normale,Deux véhicules - frontale,,,,,,,,,,,1,1,1,1,1
200700047759,0007-08-23 07:15:00,7,8,23,7,15,890,125,5 route d'Auxerre,47.62,3.498,Plein jour,En agglomération,Hors intersection,Pluie légère,Autre collision,,,,,,,,,,,1,2,1,2,6
200700047760,0007-08-08 04:45:00,7,8,8,4,45,890,61,,,,Nuit sans éclairage public,Hors agglomération,Hors intersection,Normale,Autre collision,,,,,,,,,,,3,1,1,1,6
200700047761,0007-08-22 20:00:00,7,8,22,20,0,890,345,rue Jules LANCOME,48.006,3.725,Crépuscule ou aube,En agglomération,Hors intersection,Pluie forte,Deux véhicules - côté,,,,,,,,,,,2,2,1,3,3
200700047762,0007-08-18 05:30:00,7,8,18,5,30,890,201,,47.892,3.636,Nuit sans éclairage public,Hors agglomération,Hors intersection,Normale,Autre collision,,,,,,,,,,,3,1,1,1,6