accident_id,datetime,annee,mois,jour,heure,minute,departement,commune_insee,adresse,latitude,longitude,luminosite,agglomeration,intersection,meteo,collision,nb_vehicules,nb_usagers,nb_indemnes,nb_tues,nb_blesses_hosp,nb_blesses_legers,age_cond_1,age_cond_2,veh_type_cond_1,veh_type_cond_2,lum_code,agg_code,int_code,atm_code,col_code
200700047903,0007-08-11 10:15:00,7,8,11,10,15,60,161,"N 7, le Logis de Bonneau",,,Plein jour,Hors agglomération,Hors intersection,Normale,Deux véhicules - frontale,,,,,,,,,,,1,1,1,1,1
200700047904,0007-08-17 17:00:00,7,8,17,17,0,60,161,1191 Chemin des Cabots,,,Plein jour,En agglomération,Hors intersection,Normale,Deux véhicules - frontale,,,,,,,,,,,1,2,1,1,1
200700047905,0007-08-27 11:30:00,7,8,27,11,30,60,44,1193 Route de la Colle,,,Plein jour,En agglomération,Hors intersection,Normale,Deux véhicules - côté,,,,,,,,,,,1,2,1,1,3
200700047906,0007-08-11 21:30:00,7,8,11,21,30,60,79,avenue de Fréjus,43.542,6.936,Nuit avec éclairage allumé,En agglomération,Hors intersection,Normale,Autre collision,,,,,,,,,,,5,2,1,1,6
200700047907,0007-08-02 16:30:00,7,8,2,16,30,60,95,route de Draguignan,,,Plein jour,En agglomération,Hors intersection,Normale,Deux véhicules - frontale,,,,,,,,,,,1,2,1,1,1
200700047908,0007-08-12 20:30:00,7,8,12,20,30,60,130,,,,Plein jour,Hors agglomération,Hors intersection,Normale,Autre collision,,,,,,,,,,,1,1,1,1,6
200700047909,0007-08-20 14:30:00,7,8,20,14,30,60,130,,,,Plein jour,Hors agglomération,Hors intersection,Normale,Sans collision,,,,,,,,,,,1,1,1,1,7
200700047910,0007-08-26 10:15:00,7,8,26,10,15,60,130,,,,Plein jour,Hors agglomération,Hors intersection,Normale,Sans collision,,,,,,,,,,,1,1,1,1,7
200700047911,0007-08-27 19:15:00,7,8,27,19,15,60,134,,,,Plein jour,Hors agglomération,Hors intersection,Normale,Sans collision,,,,,,,,,,,1,1,1,1,7
200700047912,0007-08-29 19:00:00,7,8,29,19,0,60,130,,,,Plein jour,Hors agglomération,Hors intersection,Normale,Deux véhicules - frontale,,,,,,,,,,,1,1,1,1,1
200700047913,0007-08-02 19:00:00,7,8,2,19,0,60,128,,43.677,7.129,Plein jour,Hors agglomération,Hors intersection,Normale,Deux véhicules - arrière,,,,,,,,,,,1,1,1,1,2
200700047914,0007-08-04 18:15:00,7,8,4,18,15,60,128,,,,Plein jour,Hors agglomération,Hors intersection,Normale,Deux véhicules - frontale,,,,,,,,,,,1,1,1,1,1
200700047915,0007-08-23 20:45:00,7,8,23,20,45,60,157,,43.718,7.122,Crépuscule ou aube,Hors agglomération,Hors intersection,Normale,Deux véhicules - côté,,,,,,,,,,,2,1,1,1,3
200700047916,0007-08-23 15:30:00,7,8,23,15,30,60,157,CD2 PK 2+700,43.738,7.107,Plein jour,En agglomération,Hors intersection,Normale,Trois véhicules et plus - collisions multiples,,,,,,,,,,,1,2,1,1,5
200700047917,0007-08-26 16:00:00,7,8,26,16,0,60,23,,43.899,7.53,Plein jour,Hors agglomération,Hors intersection,Normale,Deux véhicules - frontale,,,,,,,,,,,1,1,1,1,1
200700047918,0007-08-01 19:45:00,7,8,1,19,45,60,99,Rd 6202 PK 57+050,43.957,6.886,Plein jour,En agglomération,Hors intersection,Normale,Deux véhicules - côté,,,,,,,,,,,1,2,1,1,3
200700047919,0007-08-05 18:15:00,7,8,5,18,15,60,56,,44.213,6.745,Plein jour,Hors agglomération,Hors intersection,Normale,Deux véhicules - frontale,,,,,,,,,,,1,1,1,1,1
200700047920,0007-08-18 06:00:00,7,8,18,6,0,60,106,Lieu dit Le Ranc,43.862,7.041,Crépuscule ou aube,En agglomération,Hors intersection,Normale,Autre collision,,,,,,,,,,,2,2,1,1,6
200700047921,0007-08-13 14:30:00,7,8,13,14,30,60,42,,43.941,7.169,Plein jour,Hors agglomération,Hors intersection,Pluie légère,Deux véhicules - arrière,,,,,,,,,,,1,1,1,2,2
200700047922,0007-08-20 17:30:00,7,8,20,17,30,60,102,,44.053,7.13,Plein jour,Hors agglomération,Hors intersection,Normale,Sans collision,,,,,,,,,,,1,1,1,1,7
200700047923,0007-08-04 14:00:00,7,8,4,14,0,830,82,,,,Plein jour,Hors agglomération,Hors intersection,Normale,Autre collision,,,,,,,,,,,1,1,1,1,6
200700047924,0007-08-20 12:00:00,7,8,20,12,0,830,28,,,,Plein jour,Hors agglomération,Hors intersection,Normale,Trois véhicules et plus - en chaîne,,,,,,,,,,,1,1,1,1,4
200700047925,0007-08-24 22:45:00,7,8,24,22,45,830,136,,,,Nuit sans éclairage public,Hors agglomération,Hors intersection,Normale,Autre collision,,,,,,,,,,,3,1,1,1,6
200700047926,0007-08-08 22:30:00,7,8,8,22,30,830,75,,,,Nuit sans éclairage public,Hors agglomération,Hors intersection,Normale,Sans collision,,,,,,,,,,,3,1,1,1,7
200700047927,0007-08-13 03:45:00,7,8,13,3,45,830,18,,,,Nuit sans éclairage public,Hors agglomération,Hors intersection,Normale,Sans collision,,,,,,,,,,,3,1,1,1,7
200700047928,0007-08-01 19:00:00,7,8,1,19,0,830,121,,,,Plein jour,Hors agglomération,Hors intersection,Normale,Autre collision,,,,,,,,,,,1,1,1,1,6
200700047929,0007-08-10 10:30:00,7,8,10,10,30,830,23,rue de la république,,,Plein jour,En agglomération,Hors intersection,Normale,Sans collision,,,,,,,,,,,1,2,1,1,7
200700047930,0007-08-22 09:00:00,7,8,22,9,0,830,23,HLM DE NICE,,,Nuit avec éclairage allumé,En agglomération,Hors intersection,Normale,Autre collision,,,,,,,,,,,5,2,1,1,6
200700047931,0007-08-13 17:30:00,7,8,13,17,30,830,46,,43.545,6.15,Plein jour,Hors agglomération,Hors intersection,Pluie forte,Autre collision,,,,,,,,,,,1,1,1,3,6
200700047932,0007-08-01 17:00:00,7,8,1,17,0,830,150,,,,Plein jour,Hors agglomération,Hors intersection,Normale,Deux véhicules - côté,,,,,,,,,,,1,1,1,1,3
200700047933,0007-08-08 12:15:00,7,8,8,12,15,830,104,,,,Plein jour,Hors agglomération,Hors intersection,Normale,Sans collision,,,,,,,,,,,1,1,1,1,7
200700047934,0007-08-26 10:30:00,7,8,26,10,30,830,96,,,,Plein jour,Hors agglomération,Hors intersection,Normale,Deux véhicules - frontale,,,,,,,,,,,1,1,1,1,1
200700047935,0007-08-01 04:30:00,7,8,1,4,30,830,107,QUARTIER SAN PEIRE,,,Nuit avec éclairage allumé,En agglomération,Hors intersection,Normale,Deux véhicules - côté,,,,,,,,,,,5,2,1,1,3
200700047936,0007-08-02 19:00:00,7,8,2,19,0,830,99,Bd H Martinez,,,Plein jour,En agglomération,Hors intersection,Normale,Deux véhicules - arrière,,,,,,,,,,,1,2,1,1,2
200700047937,0007-08-19 13:00:00,7,8,19,13,0,830,107,CD7,,,Plein jour,En agglomération,Hors intersection,Normale,Deux véhicules - côté,,,,,,,,,,,1,2,1,1,3
200700047938,0007-08-03 17:45:00,7,8,3,17,45,830,68,,,,Plein jour,Hors agglomération,Autre intersection,Normale,Deux véhicules - frontale,,,,,,,,,,,1,1,9,1,1
200700047939,0007-08-07 10:00:00,7,8,7,10,0,830,42,,,,Plein jour,Hors agglomération,Hors intersection,Normale,Deux véhicules - côté,,,,,,,,,,,1,1,1,1,3
200700047940,0007-08-08 18:00:00,7,8,8,18,0,830,42,,,,Plein jour,Hors agglomération,Hors intersection,Normale,Deux véhicules - côté,,,,,,,,,,,1,1,1,1,3
200700047941,0007-08-13 19:45:00,7,8,13,19,45,830,63,,,,Plein jour,Hors agglomération,Intersection en X,Normale,Deux véhicules - frontale,,,,,,,,,,,1,1,2,1,1
200700047942,0007-08-20 14:00:00,7,8,20,14,0,830,42,,,,Plein jour,Hors agglomération,Hors intersection,Normale,Deux véhicules - côté,,,,,,,,,,,1,1,1,1,3
200700047943,0007-08-29 07:30:00,7,8,29,7,30,830,68,,,,Plein jour,Hors agglomération,Hors intersection,Normale,Deux véhicules - côté,,,,,,,,,,,1,1,1,1,3
200700047944,0007-08-15 17:00:00,7,8,15,17,0,830,115,AVENUE GEORGES POMPIDOU,,,Plein jour,En agglomération,Hors intersection,Normale,Deux véhicules - côté,,,,,,,,,,,1,2,1,1,3
200700047945,0007-08-02 01:30:00,7,8,2,1,30,830,65,,,,Nuit sans éclairage public,Hors agglomération,Hors intersection,Normale,Deux véhicules - arrière,,,,,,,,,,,3,1,1,1,2
200700047946,0007-08-02 10:45:00,7,8,2,10,45,830,65,,,,Plein jour,Hors agglomération,Hors intersection,Normale,Deux véhicules - côté,,,,,,,,,,,1,1,1,1,3
200700047947,0007-08-03 01:30:00,7,8,3,1,30,830,65,,,,Nuit sans éclairage public,Hors agglomération,Hors intersection,Normale,Deux véhicules - frontale,,,,,,,,,,,3,1,1,1,1
200700047948,0007-08-07 00:30:00,7,8,7,0,30,830,119,cd 98,,,Nuit sans éclairage public,En agglomération,Hors intersection,Normale,Autre collision,,,,,,,,,,,3,2,1,1,6
200700047949,0007-08-07 17:00:00,7,8,7,17,0,830,101,CD 93,,,Plein jour,Hors agglomération,Hors intersection,Normale,Autre collision,,,,,,,,,,,1,1,1,1,6
200700047950,0007-08-10 19:15:00,7,8,10,19,15,830,119,route des plages,,,Plein jour,En agglomération,Hors intersection,Normale,Deux véhicules - côté,,,,,,,,,,,1,2,1,1,3
200700047951,0007-08-29 20:15:00,7,8,29,20,15,830,101,,,,Crépuscule ou aube,Hors agglomération,Hors intersection,Normale,Deux véhicules - côté,,,,,,,,,,,2,1,1,1,3
200700047952,0007-08-20 16:00:00,7,8,20,16,0,830,49,,,,Plein jour,Hors agglomération,Hors intersection,Normale,Autre collision,,,,,,,,,,,1,1,1,1,6
200700047953,0007-08-29 00:15:00,7,8,29,0,15,830,19,,43.153,6.297,Nuit sans éclairage public,Hors agglomération,Hors intersection,Normale,Autre collision,,,,,,,,,,,3,1,1,1,6
200700047954,0007-08-17 11:30:00,7,8,17,11,30,830,27,,,,Plein jour,Hors agglomération,Hors intersection,Normale,Deux véhicules - frontale,,,,,,,,,,,1,1,1,1,1
200700047955,0007-08-27 22:45:00,7,8,27,22,45,830,112,Avenue du Port,43.177,5.696,Nuit avec éclairage allumé,En agglomération,Hors intersection,Normale,Autre collision,,,,,,,,,,,5,2,1,1,6
200700047956,0007-08-09 20:00:00,7,8,9,20,0,840,132,,,,Plein jour,Hors agglomération,Intersection en X,Normale,Deux véhicules - côté,,,,,,,,,,,1,1,2,1,3
200700047957,0007-08-21 16:00:00,7,8,21,16,0,840,99,RUE JEAN JAURES,,,Plein jour,En agglomération,Intersection en X,Normale,Deux véhicules - frontale,,,,,,,,,,,1,2,2,1,1
200700047958,0007-08-16 20:00:00,7,8,16,20,0,840,54,,43.924,5.084,Crépuscule ou aube,Hors agglomération,Hors intersection,Normale,Deux véhicules - frontale,,,,,,,,,,,2,1,1,1,1
200700047959,0007-08-22 17:15:00,7,8,22,17,15,840,54,,,,Plein jour,Hors agglomération,Hors intersection,Normale,Sans collision,,,,,,,,,,,1,1,1,1,7
200700047960,0007-08-22 18:15:00,7,8,22,18,15,840,54,,43.93,5.05,Plein jour,En agglomération,Hors intersection,Normale,Deux véhicules - côté,,,,,,,,,,,1,2,1,1,3
200700047961,0007-08-22 09:45:00,7,8,22,9,45,840,129,,,,Plein jour,Hors agglomération,Hors intersection,Normale,Deux véhicules - côté,,,,,,,,,,,1,1,1,1,3
200700047962,0007-08-31 07:00:00,7,8,31,7,0,840,129,,,,Plein jour,Hors agglomération,Hors intersection,Normale,Autre collision,,,,,,,,,,,1,1,1,1,6
200700047963,0007-08-07 16:45:00,7,8,7,16,45,840,3,AVENUE VICTOR HUGO,,,Plein jour,En agglomération,Hors intersection,Normale,Deux véhicules - frontale,,,,,,,,,,,1,2,1,1,1
200700047964,0007-08-14 18:00:00,7,8,14,18,0,840,103,,43.923,5.486,Plein jour,Hors agglomération,Hors intersection,Normale,Deux véhicules - côté,,,,,,,,,,,1,1,1,1,3
200700047965,0007-08-15 13:30:00,7,8,15,13,30,840,105,,43.884,5.441,Plein jour,Hors agglomération,Hors intersection,Normale,Trois véhicules et plus - collisions multiples,,,,,,,,,,,1,1,1,1,5
200700047966,0007-08-12 11:00:00,7,8,12,11,0,840,42,,,,Plein jour,Hors agglomération,Hors intersection,Normale,Deux véhicules - arrière,,,,,,,,,,,1,1,1,1,2
200700047967,0007-08-22 20:00:00,7,8,22,20,0,840,14,,43.716,5.718,Plein jour,Hors agglomération,Hors intersection,Autre,Trois véhicules et plus - collisions multiples,,,,,,,,,,,1,1,1,9,5
200700047968,0007-08-01 22:15:00,7,8,1,22,15,840,122,,,,Nuit sans éclairage public,Hors agglomération,Hors intersection,Normale,Deux véhicules - côté,,,,,,,,,,,3,1,1,1,3
200700047969,0007-08-10 17:15:00,7,8,10,17,15,840,67,,44.078,5.003,Plein jour,Hors agglomération,Hors intersection,Normale,Deux véhicules - côté,,,,,,,,,,,1,1,1,1,3
200700047970,0007-08-20 13:00:00,7,8,20,13,0,840,122,,,,Plein jour,Hors agglomération,Hors intersection,Normale,Autre collision,,,,,,,,,,,1,1,1,1,6
200700047971,0007-08-10 16:30:00,7,8,10,16,30,840,43,route des Valayans,44.008,4.948,Plein jour,En agglomération,Intersection en T,Normale,Deux véhicules - côté,,,,,,,,,,,1,2,3,1,3
200700047972,0007-08-03 10:45:00,7,8,3,10,45,840,79,,44.097,5.343,Plein jour,Hors agglomération,Hors intersection,Normale,Trois véhicules et plus - collisions multiples,,,,,,,,,,,1,1,1,1,5
200700047973,0007-08-08 14:30:00,7,8,8,14,30,840,142,,,,Plein jour,Hors agglomération,Hors intersection,Normale,Deux véhicules - arrière,,,,,,,,,,,1,1,1,1,2
200700047974,0007-08-24 19:45:00,7,8,24,19,45,840,27,,,,Plein jour,Hors agglomération,Hors intersection,Normale,Deux véhicules - frontale,,,,,,,,,,,1,1,1,1,1
200700047975,0007-08-15 21:00:00,7,8,15,21,0,840,19,Avenue Jean MOULIN,,,Nuit avec éclairage allumé,En agglomération,Giratoire,Normale,Sans collision,,,,,,,,,,,5,2,6,1,7
200700047976,0007-08-26 06:00:00,7,8,26,6,0,840,19,ROUTE DE SUZE LA ROUSSE,44.282,4.77,Crépuscule ou aube,En agglomération,Hors intersection,Normale,Autre collision,,,,,,,,,,,2,2,1,1,6
200700047977,0007-08-02 16:45:00,7,8,2,16,45,840,137,,,,Plein jour,Hors agglomération,Hors intersection,Normale,Deux véhicules - frontale,,,,,,,,,,,1,1,1,1,1
200700047978,0007-08-07 03:45:00,7,8,7,3,45,840,126,,,,Nuit sans éclairage public,Hors agglomération,Hors intersection,Normale,Autre collision,,,,,,,,,,,3,1,1,1,6
200700047979,0007-08-15 10:45:00,7,8,15,10,45,840,94,,,,Plein jour,Hors agglomération,Hors intersection,Normale,Sans collision,,,,,,,,,,,1,1,1,1,7
200700047980,0007-08-16 00:15:00,7,8,16,0,15,840,137,Avenue Martini,,,Nuit avec éclairage allumé,En agglomération,Hors intersection,Normale,Sans collision,,,,,,,,,,,5,2,1,1,7
200700047981,0007-08-18 08:45:00,7,8,18,8,45,840,106,,,,Nuit sans éclairage public,Hors agglomération,Hors intersection,Normale,Autre collision,,,,,,,,,,,3,1,1,1,6
200700047982,0007-08-01 18:30:00,7,8,1,18,30,840,138,Route d'Orange,,,Plein jour,En agglomération,Hors intersection,Normale,Autre collision,,,,,,,,,,,1,2,1,1,6
200700047983,0007-08-04 02:45:00,7,8,4,2,45,340,58,,,,Nuit sans éclairage public,Hors agglomération,Autre intersection,Normale,Deux véhicules - côté,,,,,,,,,,,3,1,9,1,3
200700047984,0007-08-19 01:45:00,7,8,19,1,45,340,22,,,,Nuit sans éclairage public,Hors agglomération,Hors intersection,Normale,Autre collision,,,,,,,,,,,3,1,1,1,6
200700047985,0007-08-14 14:15:00,7,8,14,14,15,340,344,,,,Plein jour,Hors agglomération,Hors intersection,Normale,Deux véhicules - côté,,,,,,,,,,,1,1,1,1,3
200700047986,0007-08-03 04:30:00,7,8,3,4,30,340,145,,,,Nuit sans éclairage public,Hors agglomération,Hors intersection,Normale,Autre collision,,,,,,,,,,,3,1,1,1,6
200700047987,0007-08-07 15:45:00,7,8,7,15,45,340,145,,,,Plein jour,Hors agglomération,Hors intersection,Normale,Autre collision,,,,,,,,,,,1,1,1,1,6
200700047988,0007-08-09 23:15:00,7,8,9,23,15,340,145,,,,Nuit sans éclairage public,Hors agglomération,Hors intersection,Normale,Autre collision,,,,,,,,,,,3,1,1,1,6
200700047989,0007-08-16 15:45:00,7,8,16,15,45,340,145,,,,Plein jour,Hors agglomération,Hors intersection,Normale,Deux véhicules - frontale,,,,,,,,,,,1,1,1,1,1
200700047990,0007-08-25 20:30:00,7,8,25,20,30,340,145,avenue Louis Abric,43.682,4.134,Plein jour,En agglomération,Giratoire,Normale,Deux véhicules - côté,,,,,,,,,,,1,2,6,1,3
200700047991,0007-08-16 20:00:00,7,8,16,20,0,340,127,CD 110,43.65,4.08,Plein jour,En agglomération,Hors intersection,Normale,Sans collision,,,,,,,,,,,1,2,1,1,7
200700047992,0007-08-02 10:00:00,7,8,2,10,0,340,242,,,,Plein jour,Hors agglomération,Hors intersection,Pluie légère,Autre collision,,,,,,,,,,,1,1,1,2,6
200700047993,0007-08-20 23:30:00,7,8,20,23,30,340,126,21 avenue Charcot,,,Nuit avec éclairage allumé,En agglomération,Hors intersection,Pluie légère,Autre collision,,,,,,,,,,,5,2,1,2,6
200700047994,0007-08-24 06:45:00,7,8,24,6,45,340,119,,,,Crépuscule ou aube,Hors agglomération,Hors intersection,Pluie légère,Sans collision,,,,,,,,,,,2,1,1,2,7
200700047995,0007-08-08 14:30:00,7,8,8,14,30,340,183,,,,Plein jour,Hors agglomération,Hors intersection,Normale,Deux véhicules - frontale,,,,,,,,,,,1,1,1,1,1
200700047996,0007-08-15 21:15:00,7,8,15,21,15,340,183,"CD 609, PK 101.300",,,Nuit sans éclairage public,Hors agglomération,Hors intersection,Pluie légère,Deux véhicules - frontale,,,,,,,,,,,3,1,1,2,1
200700047997,0007-08-23 23:45:00,7,8,23,23,45,340,189,,43.291,2.715,Nuit sans éclairage public,Hors agglomération,Hors intersection,Normale,Autre collision,,,,,,,,,,,3,1,1,1,6
200700047998,0007-08-28 19:30:00,7,8,28,19,30,340,97,,43.343,2.61,Plein jour,Hors agglomération,Hors intersection,Normale,Sans collision,,,,,,,,,,,1,1,1,1,7
200700047999,0007-08-29 07:00:00,7,8,29,7,0,340,52,,43.329,3.037,Crépuscule ou aube,Hors agglomération,Hors intersection,Pluie légère,Deux véhicules - côté,,,,,,,,,,,2,1,1,2,3
200700048000,0007-08-31 03:30:00,7,8,31,3,30,340,223,,43.437,3.219,Nuit sans éclairage public,Hors agglomération,Hors intersection,Normale,Autre collision,,,,,,,,,,,3,1,1,1,6
200700048001,0007-08-02 09:30:00,7,8,2,9,30,340,289,,,,Plein jour,Hors agglomération,Hors intersection,Pluie légère,Deux véhicules - côté,,,,,,,,,,,1,1,1,2,3
200700048002,0007-08-17 04:15:00,7,8,17,4,15,340,63,,,,Nuit sans éclairage public,Hors agglomération,Hors intersection,Normale,Autre collision,,,,,,,,,,,3,1,1,1,6
200700048003,0007-08-23 06:45:00,7,8,23,6,45,340,162,,,,Plein jour,En agglomération,Autre intersection,Normale,Sans collision,,,,,,,,,,,1,2,9,1,7
200700048004,0007-08-04 15:00:00,7,8,4,15,0,340,219,CD 908,,,Plein jour,En agglomération,Hors intersection,Normale,Deux véhicules - côté,,,,,,,,,,,1,2,1,1,3
200700048005,0007-08-12 04:00:00,7,8,12,4,0,340,293,,,,Nuit sans éclairage public,Hors agglomération,Hors intersection,Normale,Sans collision,,,,,,,,,,,3,1,1,1,7
200700048006,0007-08-26 14:30:00,7,8,26,14,30,340,229,"- lieu dit ""le cazalet""",,,Plein jour,Hors agglomération,Hors intersection,Normale,Deux véhicules - frontale,,,,,,,,,,,1,1,1,1,1
200700048007,0007-08-27 08:15:00,7,8,27,8,15,340,86,,43.478,2.734,Plein jour,Hors agglomération,Hors intersection,Normale,Deux véhicules - frontale,,,,,,,,,,,1,1,1,1,1
200700048008,0007-08-03 16:30:00,7,8,3,16,30,340,139,,43.424,3.242,Plein jour,Hors agglomération,Hors intersection,Normale,Autre collision,,,,,,,,,,,1,1,1,1,6
200700048009,0007-08-10 09:15:00,7,8,10,9,15,340,300,,43.422,3.308,Plein jour,Hors agglomération,Hors intersection,Normale,Autre collision,,,,,,,,,,,1,1,1,1,6
200700048010,0007-08-30 15:30:00,7,8,30,15,30,340,300,,,,Plein jour,Hors agglomération,Hors intersection,Normale,Deux véhicules - frontale,,,,,,,,,,,1,1,1,1,1
200700048011,0007-08-31 17:45:00,7,8,31,17,45,340,109,route de Montesquieu,43.522,3.27,Plein jour,En agglomération,Hors intersection,Normale,Autre collision,,,,,,,,,,,1,2,1,1,6
200700048012,0007-08-06 03:00:00,7,8,6,3,0,340,209,AVENUE DES TRESSES,43.312,3.337,Nuit sans éclairage public,En agglomération,Hors intersection,Normale,Autre collision,,,,,,,,,,,3,2,1,1,6
200700048013,0007-08-07 07:45:00,7,8,7,7,45,340,299,,43.28,3.322,Plein jour,Hors agglomération,Hors intersection,Normale,Deux véhicules - côté,,,,,,,,,,,1,1,1,1,3
200700048014,0007-08-10 16:15:00,7,8,10,16,15,340,299,,,,Plein jour,Hors agglomération,Hors intersection,Normale,Deux véhicules - frontale,,,,,,,,,,,1,1,1,1,1
200700048015,0007-08-10 17:30:00,7,8,10,17,30,340,209,,43.318,3.348,Plein jour,Hors agglomération,Hors intersection,Normale,Deux véhicules - arrière,,,,,,,,,,,1,1,1,1,2
200700048016,0007-08-10 09:30:00,7,8,10,9,30,340,209,,43.294,3.362,Plein jour,Hors agglomération,Intersection en T,Normale,Deux véhicules - côté,,,,,,,,,,,1,1,3,1,3
200700048017,0007-08-18 09:45:00,7,8,18,9,45,340,209,,43.319,3.316,Plein jour,Hors agglomération,Hors intersection,Normale,Autre collision,,,,,,,,,,,1,1,1,1,6
200700048018,0007-08-18 23:45:00,7,8,18,23,45,340,299,,43.252,3.266,Nuit sans éclairage public,Hors agglomération,Giratoire,Normale,Deux véhicules - frontale,,,,,,,,,,,3,1,6,1,1
200700048019,0007-08-15 17:30:00,7,8,15,17,30,340,47,,43.542,3.485,Plein jour,Hors agglomération,Intersection en X,Normale,Trois véhicules et plus - collisions multiples,,,,,,,,,,,1,1,2,1,5
200700048020,0007-08-28 03:00:00,7,8,28,3,0,340,41,,43.626,3.465,Nuit sans éclairage public,Hors agglomération,Hors intersection,Normale,Autre collision,,,,,,,,,,,3,1,1,1,6
200700048021,0007-08-26 08:45:00,7,8,26,8,45,340,114,,43.648,3.545,Plein jour,Hors agglomération,Hors intersection,Normale,Sans collision,,,,,,,,,,,1,1,1,1,7
200700048022,0007-08-03 16:15:00,7,8,3,16,15,340,101,,,,Plein jour,Hors agglomération,Hors intersection,Normale,Autre collision,,,,,,,,,,,1,1,1,1,6
200700048023,0007-08-13 18:00:00,7,8,13,18,0,340,31,,,,Plein jour,Hors agglomération,Hors intersection,Normale,Trois véhicules et plus - collisions multiples,,,,,,,,,,,1,1,1,1,5
200700048024,0007-08-23 16:30:00,7,8,23,16,30,340,101,RUE DE BADASSAC,,,Plein jour,En agglomération,Hors intersection,Temps éblouissant,Autre collision,,,,,,,,,,,1,2,1,7,6
200700048025,0007-08-26 12:30:00,7,8,26,12,30,340,150,,,,Plein jour,Hors agglomération,Hors intersection,Normale,Deux véhicules - frontale,,,,,,,,,,,1,1,1,1,1
200700048026,0007-08-06 06:45:00,7,8,6,6,45,340,95,avenue Georges Clémencea,,,Plein jour,En agglomération,Hors intersection,Normale,Deux véhicules - arrière,,,,,,,,,,,1,2,1,1,2
200700048027,0007-08-08 16:15:00,7,8,8,16,15,340,23,,43.448,3.717,Plein jour,Hors agglomération,Hors intersection,Normale,Deux véhicules - frontale,,,,,,,,,,,1,1,1,1,1
200700048028,0007-08-23 14:00:00,7,8,23,14,0,340,88,Avenue du docteur ombras,,,Plein jour,En agglomération,Hors intersection,Normale,Sans collision,,,,,,,,,,,1,2,1,1,7
200700048029,0007-08-09 22:30:00,7,8,9,22,30,340,157,,43.416,3.544,Nuit sans éclairage public,Hors agglomération,Hors intersection,Normale,Deux véhicules - côté,,,,,,,,,,,3,1,1,1,3
200700048030,0007-08-18 02:45:00,7,8,18,2,45,340,341,,43.5,3.59,Nuit sans éclairage public,Hors agglomération,Hors intersection,Normale,Sans collision,,,,,,,,,,,3,1,1,1,7
200700048031,0007-08-31 12:45:00,7,8,31,12,45,340,143,,43.446,3.617,Plein jour,Hors agglomération,Autre intersection,Normale,Deux véhicules - côté,,,,,,,,,,,1,1,9,1,3
200700048032,0007-08-04 12:00:00,7,8,4,12,0,110,194,,43.32,2.38,Plein jour,Hors agglomération,Hors intersection,Normale,Deux véhicules - arrière,,,,,,,,,,,1,1,1,1,2
200700048033,0007-08-25 12:45:00,7,8,25,12,45,110,187,,42.962,2.506,Plein jour,Hors agglomération,Hors intersection,Normale,Deux véhicules - frontale,,,,,,,,,,,1,1,1,1,1
200700048034,0007-08-29 13:30:00,7,8,29,13,30,110,187,,42.963,2.5,Plein jour,Hors agglomération,Hors intersection,Normale,Sans collision,,,,,,,,,,,1,1,1,1,7
200700048035,0007-08-25 19:45:00,7,8,25,19,45,110,315,,43.286,2.591,Plein jour,Hors agglomération,Hors intersection,Normale,Autre collision,,,,,,,,,,,1,1,1,1,6
200700048036,0007-08-21 21:45:00,7,8,21,21,45,110,225,,43.342,1.884,Nuit sans éclairage public,Hors agglomération,Intersection en X,Pluie forte,Deux véhicules - côté,,,,,,,,,,,3,1,2,3,3
200700048037,0007-08-15 12:30:00,7,8,15,12,30,110,149,,43.232,1.92,Plein jour,Hors agglomération,Hors intersection,Normale,Sans collision,,,,,,,,,,,1,1,1,1,7
200700048038,0007-08-16 09:30:00,7,8,16,9,30,110,33,Route de PAMIERS,43.203,1.744,Plein jour,En agglomération,Hors intersection,Normale,Deux véhicules - côté,,,,,,,,,,,1,2,1,1,3
200700048039,0007-08-19 04:00:00,7,8,19,4,0,110,33,avenue de Garnac,43.205,1.752,Nuit avec éclairage non allumé,En agglomération,Hors intersection,Normale,Autre collision,,,,,,,,,,,4,2,1,1,6
200700048040,0007-08-24 17:00:00,7,8,24,17,0,110,159,,43.198,1.905,Plein jour,Hors agglomération,Hors intersection,Normale,Deux véhicules - arrière,,,,,,,,,,,1,1,1,1,2
200700048041,0007-08-12 15:30:00,7,8,12,15,30,110,206,,,,Plein jour,Hors agglomération,Hors intersection,Normale,Autre collision,,,,,,,,,,,1,1,1,1,6
200700048042,0007-08-30 16:30:00,7,8,30,16,30,110,206,avenue de catalogne,43.069,2.219,Plein jour,En agglomération,Hors intersection,Normale,Trois véhicules et plus - en chaîne,,,,,,,,,,,1,2,1,1,4
200700048043,0007-08-04 10:00:00,7,8,4,10,0,110,320,,42.832,2.002,Crépuscule ou aube,Hors agglomération,Hors intersection,Normale,Deux véhicules - côté,,,,,,,,,,,2,1,1,1,3