accident_id,datetime,annee,mois,jour,heure,minute,departement,commune_insee,adresse,latitude,longitude,luminosite,agglomeration,intersection,meteo,collision,nb_vehicules,nb_usagers,nb_indemnes,nb_tues,nb_blesses_hosp,nb_blesses_legers,age_cond_1,age_cond_2,veh_type_cond_1,veh_type_cond_2,lum_code,agg_code,int_code,atm_code,col_code
200700048044,0007-08-05 18:00:00,7,8,5,18,0,110,34,Place de la Gare,,,Plein jour,En agglomération,Place,Normale,Autre collision,,,,,,,,,,,1,2,7,1,6
200700048045,0007-08-04 08:45:00,7,8,4,8,45,110,129,AVENUE DE LA GARE,,,Plein jour,En agglomération,Hors intersection,Normale,Autre collision,,,,,,,,,,,1,2,1,1,6
200700048046,0007-08-31 23:45:00,7,8,31,23,45,110,217,Route de Saint Pons,,,Plein jour,En agglomération,Hors intersection,Normale,Autre collision,,,,,,,,,,,1,2,1,1,6
200700048047,0007-08-31 18:00:00,7,8,31,18,0,110,262,,,,Plein jour,Hors agglomération,Hors intersection,Normale,Deux véhicules - arrière,,,,,,,,,,,1,1,1,1,2
200700048048,0007-08-17 14:30:00,7,8,17,14,30,110,170,,,,Plein jour,Hors agglomération,Hors intersection,Normale,Autre collision,,,,,,,,,,,1,1,1,1,6
200700048049,0007-08-18 11:15:00,7,8,18,11,15,110,170,Bvd bois de l'étang,,,Plein jour,En agglomération,Hors intersection,Normale,Trois véhicules et plus - collisions multiples,,,,,,,,,,,1,2,1,1,5
200700048050,0007-08-21 11:30:00,7,8,21,11,30,110,170,,,,Plein jour,Hors agglomération,Hors intersection,Normale,Deux véhicules - frontale,,,,,,,,,,,1,1,1,1,1
200700048051,0007-08-29 23:15:00,7,8,29,23,15,110,170,,,,Nuit sans éclairage public,Hors agglomération,Hors intersection,Normale,Autre collision,,,,,,,,,,,3,1,1,1,6
200700048052,0007-08-04 11:45:00,7,8,4,11,45,110,285,,43.095,2.947,Plein jour,Hors agglomération,Hors intersection,Normale,Deux véhicules - frontale,,,,,,,,,,,1,1,1,1,1
200700048053,0007-08-24 13:15:00,7,8,24,13,15,110,379,,43.033,2.979,Plein jour,Hors agglomération,Hors intersection,Normale,Deux véhicules - côté,,,,,,,,,,,1,1,1,1,3
200700048054,0007-08-02 11:00:00,7,8,2,11,0,300,133,,,,Plein jour,Hors agglomération,Giratoire,Normale,Sans collision,,,,,,,,,,,1,1,6,1,7
200700048055,0007-08-20 13:15:00,7,8,20,13,15,300,133,rue des moussallions,,,Plein jour,En agglomération,Hors intersection,Normale,Autre collision,,,,,,,,,,,1,2,1,1,6
200700048056,0007-08-22 20:00:00,7,8,22,20,0,300,341,,,,Plein jour,Hors agglomération,Hors intersection,Normale,Autre collision,,,,,,,,,,,1,1,1,1,6
200700048057,0007-08-23 13:30:00,7,8,23,13,30,300,133,,,,Plein jour,Hors agglomération,Autre intersection,Normale,Deux véhicules - frontale,,,,,,,,,,,1,1,9,1,1
200700048058,0007-08-26 03:15:00,7,8,26,3,15,300,3,,,,Nuit sans éclairage public,Hors agglomération,Giratoire,Normale,Autre collision,,,,,,,,,,,3,1,6,1,6
200700048059,0007-08-11 04:00:00,7,8,11,4,0,300,245,CD1 - route de Clarensac,,,Nuit sans éclairage public,En agglomération,Hors intersection,Normale,Autre collision,,,,,,,,,,,3,2,1,1,6
200700048060,0007-08-12 11:15:00,7,8,12,11,15,300,62,,43.757,4.206,Plein jour,Hors agglomération,Hors intersection,Normale,Deux véhicules - côté,,,,,,,,,,,1,1,1,1,3
200700048061,0007-08-06 10:00:00,7,8,6,10,0,300,156,,43.857,4.434,Plein jour,Hors agglomération,Hors intersection,Normale,Sans collision,,,,,,,,,,,1,1,1,1,7
200700048062,0007-08-01 09:15:00,7,8,1,9,15,300,258,,,,Plein jour,Hors agglomération,Autre intersection,Normale,Deux véhicules - frontale,,,,,,,,,,,1,1,9,1,1
200700048063,0007-08-11 22:00:00,7,8,11,22,0,300,258,,43.704,4.45,Nuit sans éclairage public,Hors agglomération,Hors intersection,Normale,Sans collision,,,,,,,,,,,3,1,1,1,7
200700048064,0007-08-07 17:30:00,7,8,7,17,30,300,33,48 RUE DE LA GRAILLES,,,Plein jour,En agglomération,Hors intersection,Normale,Autre collision,,,,,,,,,,,1,2,1,1,6
200700048065,0007-08-21 15:00:00,7,8,21,15,0,300,347,,43.736,4.273,Plein jour,Hors agglomération,Hors intersection,Normale,Deux véhicules - frontale,,,,,,,,,,,1,1,1,1,1
200700048066,0007-08-29 10:15:00,7,8,29,10,15,300,20,,43.762,4.314,Plein jour,Hors agglomération,Hors intersection,Autre,Deux véhicules - frontale,,,,,,,,,,,1,1,1,9,1
200700048067,0007-08-02 14:00:00,7,8,2,14,0,300,10,Intersection CD 907/CD50,,,Plein jour,En agglomération,Hors intersection,Normale,Deux véhicules - côté,,,,,,,,,,,1,2,1,1,3
200700048068,0007-08-04 11:15:00,7,8,4,11,15,300,94,,44.078,3.964,Plein jour,Hors agglomération,Hors intersection,Normale,Trois véhicules et plus - collisions multiples,,,,,,,,,,,1,1,1,1,5
200700048069,0007-08-11 15:00:00,7,8,11,15,0,300,269,,,,Plein jour,Hors agglomération,Hors intersection,Normale,Deux véhicules - frontale,,,,,,,,,,,1,1,1,1,1
200700048070,0007-08-21 11:30:00,7,8,21,11,30,300,10,avenue Rollin,44.055,3.986,Plein jour,En agglomération,Hors intersection,Normale,Autre collision,,,,,,,,,,,1,2,1,1,6
200700048071,0007-08-21 23:30:00,7,8,21,23,30,300,132,RUE ANATOLE FRANCE,,,Nuit avec éclairage allumé,En agglomération,Hors intersection,Normale,Autre collision,,,,,,,,,,,5,2,1,1,6
200700048072,0007-08-02 12:00:00,7,8,2,12,0,300,223,,44.19,4.128,Plein jour,Hors agglomération,Hors intersection,Normale,Deux véhicules - côté,,,,,,,,,,,1,1,1,1,3
200700048073,0007-08-04 08:00:00,7,8,4,8,0,300,294,,44.161,4.113,Plein jour,Hors agglomération,Hors intersection,Normale,Deux véhicules - côté,,,,,,,,,,,1,1,1,1,3
200700048074,0007-08-05 22:30:00,7,8,5,22,30,300,284,,44.192,4.084,Nuit sans éclairage public,Hors agglomération,Hors intersection,Normale,Autre collision,,,,,,,,,,,3,1,1,1,6
200700048075,0007-08-12 18:00:00,7,8,12,18,0,300,284,chemin de la draille,44.168,4.094,Plein jour,En agglomération,Hors intersection,Normale,Deux véhicules - arrière,,,,,,,,,,,1,2,1,1,2
200700048076,0007-08-18 18:45:00,7,8,18,18,45,300,173,,44.141,4.176,Plein jour,Hors agglomération,Hors intersection,Normale,Deux véhicules - côté,,,,,,,,,,,1,1,1,1,3
200700048077,0007-08-07 20:15:00,7,8,7,20,15,300,53,RN 106,,,Crépuscule ou aube,En agglomération,Hors intersection,Normale,Autre collision,,,,,,,,,,,2,2,1,1,6
200700048078,0007-08-31 11:00:00,7,8,31,11,0,300,53,,43.998,4.21,Plein jour,Hors agglomération,Hors intersection,Normale,Autre collision,,,,,,,,,,,1,1,1,1,6
200700048079,0007-08-28 15:00:00,7,8,28,15,0,300,90,CD 906 - BEAUSEJOUR,44.389,3.94,Plein jour,En agglomération,Hors intersection,Normale,Sans collision,,,,,,,,,,,1,2,1,1,7
200700048080,0007-08-18 07:15:00,7,8,18,7,15,300,37,,,,Crépuscule ou aube,Hors agglomération,Hors intersection,Normale,Autre collision,,,,,,,,,,,2,1,1,1,6
200700048081,0007-08-25 14:30:00,7,8,25,14,30,300,227,Route D'Uzès - CD 37,,,Plein jour,En agglomération,Hors intersection,Normale,Deux véhicules - côté,,,,,,,,,,,1,2,1,1,3
200700048082,0007-08-09 10:00:00,7,8,9,10,0,300,319,,,,Plein jour,Hors agglomération,Hors intersection,Normale,Deux véhicules - côté,,,,,,,,,,,1,1,1,1,3
200700048083,0007-08-14 09:15:00,7,8,14,9,15,300,14,,,,Plein jour,Hors agglomération,Hors intersection,Normale,Deux véhicules - côté,,,,,,,,,,,1,1,1,1,3
200700048084,0007-08-11 00:01:00,7,8,11,0,1,300,131,,,,Nuit sans éclairage public,Hors agglomération,Hors intersection,Normale,Autre collision,,,,,,,,,,,3,1,1,1,6
200700048085,0007-08-12 15:30:00,7,8,12,15,30,300,175,,,,Plein jour,Hors agglomération,Hors intersection,Normale,Deux véhicules - côté,,,,,,,,,,,1,1,1,1,3
200700048086,0007-08-18 20:00:00,7,8,18,20,0,300,131,,44.223,4.477,Plein jour,Hors agglomération,Hors intersection,Normale,Deux véhicules - côté,,,,,,,,,,,1,1,1,1,3
200700048087,0007-08-15 17:15:00,7,8,15,17,15,300,317,,,,Plein jour,Hors agglomération,Hors intersection,Normale,Deux véhicules - côté,,,,,,,,,,,1,1,1,1,3
200700048088,0007-08-21 22:15:00,7,8,21,22,15,300,12,,43.895,4.682,Nuit avec éclairage allumé,En agglomération,Intersection en T,Normale,Deux véhicules - côté,,,,,,,,,,,5,2,3,1,3
200700048089,0007-08-30 17:45:00,7,8,30,17,45,300,179,,43.873,4.587,Plein jour,Hors agglomération,Intersection en X,Normale,Deux véhicules - côté,,,,,,,,,,,1,1,2,1,3
200700048090,0007-08-22 20:00:00,7,8,22,20,0,300,326,CD 26,,,Plein jour,En agglomération,Hors intersection,Normale,Deux véhicules - frontale,,,,,,,,,,,1,2,1,1,1
200700048091,0007-08-15 17:30:00,7,8,15,17,30,300,184,Route Nationale 106,,,Plein jour,Hors agglomération,Hors intersection,Normale,Deux véhicules - côté,,,,,,,,,,,1,1,1,1,3
200700048092,0007-08-25 02:45:00,7,8,25,2,45,300,241,,,,Nuit sans éclairage public,Hors agglomération,Hors intersection,Normale,Sans collision,,,,,,,,,,,3,1,1,1,7
200700048093,0007-08-29 13:00:00,7,8,29,13,0,300,9,,,,Plein jour,Hors agglomération,Hors intersection,Pluie légère,Autre collision,,,,,,,,,,,1,1,1,2,6
200700048094,0007-08-03 17:15:00,7,8,3,17,15,300,231,,,,Plein jour,Hors agglomération,Hors intersection,Temps éblouissant,Autre collision,,,,,,,,,,,1,1,1,7,6
200700048095,0007-08-05 12:30:00,7,8,5,12,30,300,329,D 907,44.075,3.945,Plein jour,En agglomération,Hors intersection,Normale,Deux véhicules - côté,,,,,,,,,,,1,2,1,1,3
200700048096,0007-08-12 15:15:00,7,8,12,15,15,300,66,,43.927,4.105,Plein jour,Hors agglomération,Hors intersection,Normale,Autre collision,,,,,,,,,,,1,1,1,1,6
200700048097,0007-08-18 18:30:00,7,8,18,18,30,300,210,pont vieux,,,Plein jour,En agglomération,Hors intersection,Normale,Autre collision,,,,,,,,,,,1,2,1,1,6
200700048098,0007-08-03 09:15:00,7,8,3,9,15,300,105,,44.068,3.45,Plein jour,Hors agglomération,Hors intersection,Normale,Deux véhicules - frontale,,,,,,,,,,,1,1,1,1,1
200700048099,0007-08-15 17:30:00,7,8,15,17,30,300,297,,44.11,3.487,Plein jour,Hors agglomération,Hors intersection,Temps couvert,Deux véhicules - frontale,,,,,,,,,,,1,1,1,8,1
200700048100,0007-08-07 17:30:00,7,8,7,17,30,480,29,,44.54,3.607,Plein jour,Hors agglomération,Hors intersection,Pluie légère,Autre collision,,,,,,,,,,,1,1,1,2,6
200700048101,0007-08-20 12:30:00,7,8,20,12,30,480,80,,44.742,3.859,Plein jour,Hors agglomération,Hors intersection,Normale,Sans collision,,,,,,,,,,,1,1,1,1,7
200700048102,0007-08-12 10:30:00,7,8,12,10,30,480,186,LA SALLE PRUNET,,,Plein jour,En agglomération,Hors intersection,Normale,Autre collision,,,,,,,,,,,1,2,1,1,6
200700048103,0007-08-19 03:30:00,7,8,19,3,30,480,116,,,,Nuit sans éclairage public,Hors agglomération,Hors intersection,Normale,Autre collision,,,,,,,,,,,3,1,1,1,6
200700048104,0007-08-03 23:00:00,7,8,3,23,0,480,17,INTERMARCHE,44.44,3.203,Nuit avec éclairage allumé,En agglomération,Hors intersection,Normale,Autre collision,,,,,,,,,,,5,2,1,1,6
200700048105,0007-08-07 14:45:00,7,8,7,14,45,480,92,,,,Crépuscule ou aube,Hors agglomération,Hors intersection,Normale,Sans collision,,,,,,,,,,,2,1,1,1,7
200700048106,0007-08-17 12:00:00,7,8,17,12,0,480,142,,,,Plein jour,Hors agglomération,Hors intersection,Normale,Deux véhicules - côté,,,,,,,,,,,1,1,1,1,3
200700048107,0007-08-15 00:30:00,7,8,15,0,30,660,189,,,,Nuit sans éclairage public,Hors agglomération,Hors intersection,Normale,Deux véhicules - frontale,,,,,,,,,,,3,1,1,1,1
200700048108,0007-08-17 09:00:00,7,8,17,9,0,660,65,Avenue Paul REIG,42.602,2.976,Plein jour,En agglomération,Hors intersection,Normale,Autre collision,,,,,,,,,,,1,2,1,1,6
200700048109,0007-08-12 10:15:00,7,8,12,10,15,660,14,,,,Plein jour,Hors agglomération,Hors intersection,Normale,Deux véhicules - frontale,,,,,,,,,,,1,1,1,1,1
200700048110,0007-08-03 20:00:00,7,8,3,20,0,660,160,,,,Plein jour,Hors agglomération,Hors intersection,Normale,Deux véhicules - côté,,,,,,,,,,,1,1,1,1,3
200700048111,0007-08-05 14:00:00,7,8,5,14,0,660,9,,,,Plein jour,Hors agglomération,Hors intersection,Normale,Autre collision,,,,,,,,,,,1,1,1,1,6
200700048112,0007-08-05 03:30:00,7,8,5,3,30,660,49,,,,Nuit sans éclairage public,Hors agglomération,Hors intersection,Normale,Sans collision,,,,,,,,,,,3,1,1,1,7
200700048113,0007-08-20 15:15:00,7,8,20,15,15,660,49,,,,Plein jour,Hors agglomération,Hors intersection,Normale,Autre collision,,,,,,,,,,,1,1,1,1,6
200700048114,0007-08-14 18:15:00,7,8,14,18,15,660,168,,,,Plein jour,Hors agglomération,Hors intersection,Normale,Deux véhicules - côté,,,,,,,,,,,1,1,1,1,3
200700048115,0007-08-11 21:00:00,7,8,11,21,0,660,137,,,,Nuit sans éclairage public,Hors agglomération,Hors intersection,Normale,Trois véhicules et plus - collisions multiples,,,,,,,,,,,3,1,1,1,5
200700048116,0007-08-02 18:00:00,7,8,2,18,0,660,16,,,,Plein jour,Hors agglomération,Place,Normale,Sans collision,,,,,,,,,,,1,1,7,1,7
200700048117,0007-08-05 12:45:00,7,8,5,12,45,660,148,Quai Pierre Forgas,,,Plein jour,En agglomération,Hors intersection,Normale,Deux véhicules - arrière,,,,,,,,,,,1,2,1,1,2
200700048118,0007-08-07 07:45:00,7,8,7,7,45,660,150,,,,Plein jour,Hors agglomération,Hors intersection,Pluie légère,Autre collision,,,,,,,,,,,1,1,1,2,6
200700048119,0007-08-08 12:15:00,7,8,8,12,15,660,206,,,,Plein jour,Hors agglomération,Hors intersection,Temps couvert,Deux véhicules - frontale,,,,,,,,,,,1,1,1,8,1
200700048120,0007-08-12 10:30:00,7,8,12,10,30,660,146,,,,Plein jour,Hors agglomération,Hors intersection,Normale,Sans collision,,,,,,,,,,,1,1,1,1,7
200700048121,0007-08-20 12:15:00,7,8,20,12,15,660,25,rue des Guinguettes,,,Plein jour,En agglomération,Hors intersection,Normale,Autre collision,,,,,,,,,,,1,2,1,1,6
200700048122,0007-08-08 21:30:00,7,8,8,21,30,660,4,avenue de MONT LOUIS,42.582,2.076,Crépuscule ou aube,En agglomération,Hors intersection,Normale,Sans collision,,,,,,,,,,,2,2,1,1,7
200700048123,0007-08-26 21:45:00,7,8,26,21,45,660,23,,,,Nuit sans éclairage public,Hors agglomération,Giratoire,Normale,Deux véhicules - frontale,,,,,,,,,,,3,1,6,1,1
200700048124,0007-08-24 17:00:00,7,8,24,17,0,201,85,,,,Plein jour,Hors agglomération,Hors intersection,Normale,Deux véhicules - frontale,,,,,,,,,,,1,1,1,1,1
200700048125,0007-08-07 12:45:00,7,8,7,12,45,201,345,,,,Plein jour,Hors agglomération,Hors intersection,Normale,Deux véhicules - côté,,,,,,,,,,,1,1,1,1,3
200700048126,0007-08-10 00:30:00,7,8,10,0,30,201,41,,41.425,9.183,Nuit avec éclairage non allumé,Hors agglomération,Hors intersection,Normale,Sans collision,,,,,,,,,,,4,1,1,1,7
200700048127,0007-08-22 11:30:00,7,8,22,11,30,201,288,,,,Plein jour,Hors agglomération,Hors intersection,Pluie légère,Deux véhicules - frontale,,,,,,,,,,,1,1,1,2,1
200700048128,0007-08-07 14:45:00,7,8,7,14,45,201,247,CD859,,,Plein jour,En agglomération,Hors intersection,Normale,Deux véhicules - côté,,,,,,,,,,,1,2,1,1,3
200700048129,0007-08-28 18:30:00,7,8,28,18,30,201,247,CD 368 - RP COVASINA,,,Plein jour,En agglomération,Giratoire,Normale,Deux véhicules - côté,,,,,,,,,,,1,2,6,1,3
200700048130,0007-08-05 07:00:00,7,8,5,7,0,201,272,,,,Plein jour,Hors agglomération,Hors intersection,Normale,Sans collision,,,,,,,,,,,1,1,1,1,7
200700048131,0007-08-10 14:15:00,7,8,10,14,15,201,272,,,,Plein jour,Hors agglomération,Autre intersection,Normale,Deux véhicules - côté,,,,,,,,,,,1,1,9,1,3
200700048132,0007-08-10 08:45:00,7,8,10,8,45,201,211,,,,Plein jour,Hors agglomération,Hors intersection,Normale,Sans collision,,,,,,,,,,,1,1,1,1,7
200700048133,0007-08-15 21:00:00,7,8,15,21,0,201,249,Montée de la Paratella,,,Nuit avec éclairage non allumé,En agglomération,Hors intersection,Normale,Sans collision,,,,,,,,,,,4,2,1,1,7
200700048134,0007-08-21 11:00:00,7,8,21,11,0,201,249,RUE SORBA,,,Plein jour,En agglomération,Hors intersection,Pluie légère,Deux véhicules - arrière,,,,,,,,,,,1,2,1,2,2
200700048135,0007-08-21 16:00:00,7,8,21,16,0,201,349,,,,Plein jour,Hors agglomération,Hors intersection,Normale,Autre collision,,,,,,,,,,,1,1,1,1,6
200700048136,0007-08-20 14:45:00,7,8,20,14,45,202,42,,,,Plein jour,Hors agglomération,Hors intersection,Normale,Trois véhicules et plus - collisions multiples,,,,,,,,,,,1,1,1,1,5
200700048137,0007-08-27 00:30:00,7,8,27,0,30,202,152,ROUTE DE LICCETU,42.905,9.383,Nuit sans éclairage public,En agglomération,Hors intersection,Normale,Sans collision,,,,,,,,,,,3,2,1,1,7
200700048138,0007-08-30 18:15:00,7,8,30,18,15,202,233,,42.907,9.335,Plein jour,Hors agglomération,Hors intersection,Normale,Deux véhicules - frontale,,,,,,,,,,,1,1,1,1,1
200700048139,0007-08-31 12:00:00,7,8,31,12,0,202,281,,42.802,9.491,Plein jour,Hors agglomération,Hors intersection,Normale,Sans collision,,,,,,,,,,,1,1,1,1,7
200700048140,0007-08-11 07:00:00,7,8,11,7,0,202,185,Route de St Florent,,,Crépuscule ou aube,En agglomération,Hors intersection,Normale,Deux véhicules - frontale,,,,,,,,,,,2,2,1,1,1
200700048141,0007-08-21 14:45:00,7,8,21,14,45,202,29,,42.684,9.382,Plein jour,Hors agglomération,Hors intersection,Pluie légère,Deux véhicules - côté,,,,,,,,,,,1,1,1,2,3
200700048142,0007-08-25 21:30:00,7,8,25,21,30,202,298,,,,Nuit sans éclairage public,Hors agglomération,Hors intersection,Normale,Sans collision,,,,,,,,,,,3,1,1,1,7
200700048143,0007-08-30 12:00:00,7,8,30,12,0,202,314,,42.659,9.191,Plein jour,Hors agglomération,Hors intersection,Normale,Autre collision,,,,,,,,,,,1,1,1,1,6
200700048144,0007-08-03 06:00:00,7,8,3,6,0,202,121,,,,Crépuscule ou aube,Hors agglomération,Hors intersection,Normale,Autre collision,,,,,,,,,,,2,1,1,1,6
200700048145,0007-08-17 09:00:00,7,8,17,9,0,202,50,,,,Plein jour,Hors agglomération,Hors intersection,Normale,Trois véhicules et plus - collisions multiples,,,,,,,,,,,1,1,1,1,5
200700048146,0007-08-31 08:45:00,7,8,31,8,45,202,50,,42.547,8.79,Plein jour,Hors agglomération,Hors intersection,Normale,Deux véhicules - frontale,,,,,,,,,,,1,1,1,1,1
200700048147,0007-08-07 19:00:00,7,8,7,19,0,202,231,,,,Plein jour,Hors agglomération,Hors intersection,Normale,Deux véhicules - frontale,,,,,,,,,,,1,1,1,1,1
200700048148,0007-08-14 16:00:00,7,8,14,16,0,202,134,bd Jean LANCON,42.638,8.936,Plein jour,En agglomération,Hors intersection,Normale,Deux véhicules - frontale,,,,,,,,,,,1,2,1,1,1
200700048149,0007-08-30 08:15:00,7,8,30,8,15,202,168,,42.627,8.952,Plein jour,Hors agglomération,Hors intersection,Normale,Autre collision,,,,,,,,,,,1,1,1,1,6
200700048150,0007-08-04 06:45:00,7,8,4,6,45,202,96,cours paoli,,,Plein jour,En agglomération,Hors intersection,Normale,Deux véhicules - frontale,,,,,,,,,,,1,2,1,1,1
200700048151,0007-08-05 16:15:00,7,8,5,16,15,202,96,,42.318,9.156,Plein jour,Hors agglomération,Hors intersection,Normale,Deux véhicules - arrière,,,,,,,,,,,1,1,1,1,2
200700048152,0007-08-05 19:30:00,7,8,5,19,30,202,171,,42.171,9.183,Plein jour,Hors agglomération,Hors intersection,Normale,Deux véhicules - frontale,,,,,,,,,,,1,1,1,1,1
200700048153,0007-08-21 18:45:00,7,8,21,18,45,202,238,,42.276,9.224,Plein jour,Hors agglomération,Hors intersection,Temps couvert,Sans collision,,,,,,,,,,,1,1,1,8,7
200700048154,0007-08-25 07:45:00,7,8,25,7,45,202,354,,42.159,9.162,Plein jour,Hors agglomération,Hors intersection,Normale,Autre collision,,,,,,,,,,,1,1,1,1,6
200700048155,0007-08-07 18:00:00,7,8,7,18,0,202,169,RN 193 / PONTE-LECCIA,,,Plein jour,En agglomération,Hors intersection,Normale,Deux véhicules - frontale,,,,,,,,,,,1,2,1,1,1
200700048156,0007-08-12 06:45:00,7,8,12,6,45,202,223,,,,Plein jour,Hors agglomération,Hors intersection,Normale,Autre collision,,,,,,,,,,,1,1,1,1,6
200700048157,0007-08-01 09:15:00,7,8,1,9,15,202,277,,,,Plein jour,Hors agglomération,Hors intersection,Normale,Autre collision,,,,,,,,,,,1,1,1,1,6
200700048158,0007-08-06 07:45:00,7,8,6,7,45,202,283,,,,Nuit avec éclairage allumé,Hors agglomération,Hors intersection,Normale,Autre collision,,,,,,,,,,,5,1,1,1,6
200700048159,0007-08-04 08:45:00,7,8,4,8,45,202,143,,42.2,9.532,Plein jour,Hors agglomération,Hors intersection,Normale,Deux véhicules - côté,,,,,,,,,,,1,1,1,1,3
200700048160,0007-08-29 15:00:00,7,8,29,15,0,202,57,,42.245,9.546,Plein jour,Hors agglomération,Hors intersection,Normale,Deux véhicules - frontale,,,,,,,,,,,1,1,1,1,1
200700048161,0007-08-06 08:30:00,7,8,6,8,30,202,77,,42.474,9.488,Plein jour,Hors agglomération,Hors intersection,Normale,Deux véhicules - frontale,,,,,,,,,,,1,1,1,1,1
200700048162,0007-08-13 05:30:00,7,8,13,5,30,202,319,,42.42,9.53,Crépuscule ou aube,Hors agglomération,Hors intersection,Normale,Deux véhicules - frontale,,,,,,,,,,,2,1,1,1,1
200700048163,0007-08-24 04:30:00,7,8,24,4,30,202,207,FOLELLI,42.451,9.508,Nuit sans éclairage public,En agglomération,Hors intersection,Normale,Trois véhicules et plus - collisions multiples,,,,,,,,,,,3,2,1,1,5
200700048164,0007-08-28 08:30:00,7,8,28,8,30,780,206,,48.951,1.92,Plein jour,Hors agglomération,Hors intersection,Normale,Deux véhicules - frontale,,,,,,,,,,,1,1,1,1,1
200700048165,0007-08-07 17:30:00,7,8,7,17,30,780,310,,,,Plein jour,Hors agglomération,Hors intersection,Normale,Deux véhicules - côté,,,,,,,,,,,1,1,1,1,3
200700048166,0007-08-20 08:45:00,7,8,20,8,45,780,380,,,,Plein jour,Hors agglomération,Hors intersection,Temps couvert,Deux véhicules - côté,,,,,,,,,,,1,1,1,8,3
200700048167,0007-08-11 12:45:00,7,8,11,12,45,780,497,,,,Plein jour,Hors agglomération,Hors intersection,Normale,Deux véhicules - frontale,,,,,,,,,,,1,1,1,1,1
200700048168,0007-08-20 06:15:00,7,8,20,6,15,780,9,,,,Crépuscule ou aube,Hors agglomération,Giratoire,Temps couvert,Autre collision,,,,,,,,,,,2,1,6,8,6
200700048169,0007-08-20 17:15:00,7,8,20,17,15,780,3,,48.547,1.83,Plein jour,Hors agglomération,Hors intersection,Normale,Autre collision,,,,,,,,,,,1,1,1,1,6
200700048170,0007-08-27 10:15:00,7,8,27,10,15,780,478,,48.483,1.851,Plein jour,Hors agglomération,Hors intersection,Normale,Autre collision,,,,,,,,,,,1,1,1,1,6
200700048171,0007-08-03 07:45:00,7,8,3,7,45,780,128,CD 906,,,Plein jour,Hors agglomération,Hors intersection,Brouillard / fumée,Autre collision,,,,,,,,,,,1,1,1,5,6
200700048172,0007-08-30 12:00:00,7,8,30,12,0,780,420,rue de la Moutière,48.778,1.809,Plein jour,En agglomération,Hors intersection,Normale,Deux véhicules - côté,,,,,,,,,,,1,2,1,1,3
200700048173,0007-08-16 17:15:00,7,8,16,17,15,780,615,,48.847,1.944,Plein jour,Hors agglomération,Hors intersection,Normale,Autre collision,,,,,,,,,,,1,1,1,1,6
200700048174,0007-08-01 18:30:00,7,8,1,18,30,780,588,,,,Plein jour,Hors agglomération,Hors intersection,Normale,Deux véhicules - côté,,,,,,,,,,,1,1,1,1,3
200700048175,0007-08-26 22:15:00,7,8,26,22,15,910,235,,,,Nuit sans éclairage public,Hors agglomération,Hors intersection,Normale,Deux véhicules - arrière,,,,,,,,,,,3,1,1,1,2
200700048176,0007-08-02 14:15:00,7,8,2,14,15,910,386,BLD CHARLES DE GAULLE,48.571,2.444,Plein jour,En agglomération,Hors intersection,Normale,Trois véhicules et plus - collisions multiples,,,,,,,,,,,1,2,1,1,5
200700048177,0007-08-26 14:15:00,7,8,26,14,15,910,273,,,,Plein jour,Hors agglomération,Hors intersection,Normale,Deux véhicules - frontale,,,,,,,,,,,1,1,1,1,1
200700048178,0007-08-20 19:15:00,7,8,20,19,15,910,547,,48.418,1.966,Plein jour,Hors agglomération,Hors intersection,Normale,Deux véhicules - côté,,,,,,,,,,,1,1,1,1,3
200700048179,0007-08-09 01:45:00,7,8,9,1,45,910,226,,48.502,2.201,Nuit sans éclairage public,Hors agglomération,Hors intersection,Normale,Deux véhicules - arrière,,,,,,,,,,,3,1,1,1,2
200700048180,0007-08-16 15:00:00,7,8,16,15,0,910,132,,48.528,2.206,Plein jour,Hors agglomération,Hors intersection,Normale,Deux véhicules - arrière,,,,,,,,,,,1,1,1,1,2
200700048181,0007-08-01 08:00:00,7,8,1,8,0,910,129,RN191,48.49,2.34,Plein jour,En agglomération,Hors intersection,Normale,Deux véhicules - arrière,,,,,,,,,,,1,2,1,1,2
200700048182,0007-08-14 07:45:00,7,8,14,7,45,910,129,,,,Plein jour,Hors agglomération,Hors intersection,Normale,Sans collision,,,,,,,,,,,1,1,1,1,7
200700048183,0007-08-17 15:30:00,7,8,17,15,30,910,80,,48.482,2.29,Plein jour,Hors agglomération,Hors intersection,Normale,Sans collision,,,,,,,,,,,1,1,1,1,7
200700048184,0007-08-23 10:30:00,7,8,23,10,30,910,100,,48.43,2.285,Plein jour,Hors agglomération,Hors intersection,Autre,Deux véhicules - arrière,,,,,,,,,,,1,1,1,9,2
200700048185,0007-08-26 03:45:00,7,8,26,3,45,910,80,,48.477,2.294,Nuit sans éclairage public,Hors agglomération,Hors intersection,Normale,Autre collision,,,,,,,,,,,3,1,1,1,6
200700048186,0007-08-26 00:45:00,7,8,26,0,45,910,99,30 RUE DE LA FERTE ALAIS,48.442,2.374,Nuit avec éclairage allumé,En agglomération,Hors intersection,Normale,Deux véhicules - arrière,,,,,,,,,,,5,2,1,1,2