accident_id,datetime,annee,mois,jour,heure,minute,departement,commune_insee,adresse,latitude,longitude,luminosite,agglomeration,intersection,meteo,collision,nb_vehicules,nb_usagers,nb_indemnes,nb_tues,nb_blesses_hosp,nb_blesses_legers,age_cond_1,age_cond_2,veh_type_cond_1,veh_type_cond_2,lum_code,agg_code,int_code,atm_code,col_code
200700048187,0007-08-29 17:45:00,7,8,29,17,45,910,47,route de Corbeil,,,Plein jour,En agglomération,Hors intersection,Normale,Deux véhicules - frontale,,,,,,,,,,,1,2,1,1,1
200700048188,0007-08-20 21:30:00,7,8,20,21,30,910,294,,,,Nuit sans éclairage public,Hors agglomération,Hors intersection,Normale,Sans collision,,,,,,,,,,,3,1,1,1,7
200700048189,0007-08-17 16:00:00,7,8,17,16,0,910,534,,,,Plein jour,Hors agglomération,Hors intersection,Normale,Deux véhicules - frontale,,,,,,,,,,,1,1,1,1,1
200700048190,0007-08-08 23:00:00,7,8,8,23,0,950,409,,49.045,2.343,Nuit sans éclairage public,Hors agglomération,Hors intersection,Normale,Deux véhicules - arrière,,,,,,,,,,,3,1,1,1,2
200700048191,0007-08-22 16:00:00,7,8,22,16,0,950,489,,,,Plein jour,Hors agglomération,Hors intersection,Pluie forte,Deux véhicules - côté,,,,,,,,,,,1,1,1,3,3
200700048192,0007-08-07 09:45:00,7,8,7,9,45,950,205,place de la république,,,Plein jour,En agglomération,Place,Normale,Deux véhicules - côté,,,,,,,,,,,1,2,7,1,3
200700048193,0007-08-28 22:45:00,7,8,28,22,45,770,100,33 rue du moulin,48.509,2.796,Nuit avec éclairage allumé,En agglomération,Autre intersection,Normale,Deux véhicules - frontale,,,,,,,,,,,5,2,9,1,1
200700048194,0007-08-27 12:00:00,7,8,27,12,0,770,104,,,,Plein jour,Hors agglomération,Hors intersection,Normale,Sans collision,,,,,,,,,,,1,1,1,1,7
200700048195,0007-08-24 21:00:00,7,8,24,21,0,770,182,rue andré lefevre,,,Nuit avec éclairage allumé,En agglomération,Hors intersection,Normale,Autre collision,,,,,,,,,,,5,2,1,1,6
200700048196,0007-08-31 17:00:00,7,8,31,17,0,770,238,,48.872,3.092,Plein jour,Hors agglomération,Intersection en T,Normale,Deux véhicules - côté,,,,,,,,,,,1,1,3,1,3
200700048197,0007-08-07 18:00:00,7,8,7,18,0,770,360,,48.745,2.995,Plein jour,Hors agglomération,Hors intersection,Normale,Autre collision,,,,,,,,,,,1,1,1,1,6
200700048198,0007-08-26 06:30:00,7,8,26,6,30,770,192,,48.705,2.828,Nuit sans éclairage public,Hors agglomération,Hors intersection,Brouillard / fumée,Deux véhicules - frontale,,,,,,,,,,,3,1,1,5,1
200700048199,0007-08-31 13:30:00,7,8,31,13,30,770,192,,48.69,2.82,Plein jour,Hors agglomération,Hors intersection,Normale,Deux véhicules - côté,,,,,,,,,,,1,1,1,1,3
200700048200,0007-08-26 20:00:00,7,8,26,20,0,770,198,,48.246,2.499,Plein jour,Hors agglomération,Hors intersection,Normale,Sans collision,,,,,,,,,,,1,1,1,1,7
200700048201,0007-08-04 16:15:00,7,8,4,16,15,770,71,,48.192,2.793,Plein jour,Hors agglomération,Hors intersection,Normale,Sans collision,,,,,,,,,,,1,1,1,1,7
200700048202,0007-08-01 15:45:00,7,8,1,15,45,770,5,,,,Plein jour,Hors agglomération,Hors intersection,Normale,Deux véhicules - frontale,,,,,,,,,,,1,1,1,1,1
200700048203,0007-08-11 00:30:00,7,8,11,0,30,770,262,,48.636,3.503,Nuit sans éclairage public,Hors agglomération,Hors intersection,Pluie légère,Autre collision,,,,,,,,,,,3,1,1,2,6
200700048204,0007-08-17 12:15:00,7,8,17,12,15,770,327,,48.555,3.001,Plein jour,Hors agglomération,Hors intersection,Normale,Deux véhicules - frontale,,,,,,,,,,,1,1,1,1,1
200700048205,0007-08-20 10:15:00,7,8,20,10,15,450,82,,,,Plein jour,Hors agglomération,Hors intersection,Normale,Deux véhicules - frontale,,,,,,,,,,,1,1,1,1,1
200700048206,0007-08-22 01:00:00,7,8,22,1,0,450,346,,,,Nuit avec éclairage non allumé,Hors agglomération,Hors intersection,Pluie légère,Autre collision,,,,,,,,,,,4,1,1,2,6
200700048207,0007-08-01 15:30:00,7,8,1,15,30,450,175,,47.773,1.818,Plein jour,Hors agglomération,Hors intersection,Normale,Trois véhicules et plus - collisions multiples,,,,,,,,,,,1,1,1,1,5
200700048208,0007-08-04 22:00:00,7,8,4,22,0,450,146,Rte de Ménestreau,47.716,1.95,Nuit avec éclairage allumé,En agglomération,Autre intersection,Normale,Autre collision,,,,,,,,,,,5,2,9,1,6
200700048209,0007-08-03 18:00:00,7,8,3,18,0,450,272,,,,Plein jour,Hors agglomération,Hors intersection,Normale,Sans collision,,,,,,,,,,,1,1,1,1,7
200700048210,0007-08-08 06:15:00,7,8,8,6,15,450,335,,,,Crépuscule ou aube,Hors agglomération,Hors intersection,Pluie légère,Autre collision,,,,,,,,,,,2,1,1,2,6
200700048211,0007-08-10 18:45:00,7,8,10,18,45,450,344,,47.813,1.588,Plein jour,Hors agglomération,Hors intersection,Normale,Autre collision,,,,,,,,,,,1,1,1,1,6
200700048212,0007-08-31 14:45:00,7,8,31,14,45,450,28,,47.8,1.652,Plein jour,Hors agglomération,Hors intersection,Normale,Deux véhicules - frontale,,,,,,,,,,,1,1,1,1,1
200700048213,0007-08-04 01:00:00,7,8,4,1,0,450,188,avenue du lion d'Or,47.998,2.079,Nuit avec éclairage allumé,En agglomération,Hors intersection,Normale,Deux véhicules - arrière,,,,,,,,,,,5,2,1,1,2
200700048214,0007-08-10 15:30:00,7,8,10,15,30,450,240,,48.216,2.02,Plein jour,Hors agglomération,Hors intersection,Normale,Deux véhicules - frontale,,,,,,,,,,,1,1,1,1,1
200700048215,0007-08-18 15:30:00,7,8,18,15,30,450,188,avenue de Fontainebleau,48.004,2.092,Plein jour,En agglomération,Hors intersection,Normale,Trois véhicules et plus - en chaîne,,,,,,,,,,,1,2,1,1,4
200700048216,0007-08-11 22:15:00,7,8,11,22,15,450,155,,,,Nuit sans éclairage public,Hors agglomération,Hors intersection,Normale,Deux véhicules - frontale,,,,,,,,,,,3,1,1,1,1
200700048217,0007-08-04 18:45:00,7,8,4,18,45,450,53,,47.606,2.767,Plein jour,Hors agglomération,Intersection en X,Normale,Trois véhicules et plus - collisions multiples,,,,,,,,,,,1,1,2,1,5
200700048218,0007-08-01 14:45:00,7,8,1,14,45,450,315,chemin du hameau,,,Plein jour,En agglomération,Giratoire,Normale,Sans collision,,,,,,,,,,,1,2,6,1,7
200700048219,0007-08-20 16:30:00,7,8,20,16,30,450,336,,47.735,2.303,Plein jour,Hors agglomération,Hors intersection,Normale,Deux véhicules - côté,,,,,,,,,,,1,1,1,1,3
200700048220,0007-08-05 05:00:00,7,8,5,5,0,450,205,,,,Crépuscule ou aube,Hors agglomération,Hors intersection,Normale,Deux véhicules - frontale,,,,,,,,,,,2,1,1,1,1
200700048221,0007-08-08 08:15:00,7,8,8,8,15,450,307,,48.056,2.889,Plein jour,Hors agglomération,Hors intersection,Pluie légère,Deux véhicules - frontale,,,,,,,,,,,1,1,1,2,1
200700048222,0007-08-10 18:15:00,7,8,10,18,15,450,115,CD 32 - route de Joigny,48.044,3.064,Plein jour,En agglomération,Hors intersection,Normale,Deux véhicules - frontale,,,,,,,,,,,1,2,1,1,1
200700048223,0007-08-18 07:45:00,7,8,18,7,45,450,332,Route de Montargis,,,Plein jour,En agglomération,Hors intersection,Normale,Sans collision,,,,,,,,,,,1,2,1,1,7
200700048224,0007-08-10 21:45:00,7,8,10,21,45,450,310,route de Malesherbes,,,Nuit avec éclairage allumé,En agglomération,Hors intersection,Normale,Deux véhicules - frontale,,,,,,,,,,,5,2,1,1,1
200700048225,0007-08-10 16:00:00,7,8,10,16,0,180,23,,47.085,2.743,Plein jour,Hors agglomération,Hors intersection,Normale,Autre collision,,,,,,,,,,,1,1,1,1,6
200700048226,0007-08-18 19:15:00,7,8,18,19,15,180,220,,47.129,3.007,Plein jour,Hors agglomération,Hors intersection,Normale,Sans collision,,,,,,,,,,,1,1,1,1,7
200700048227,0007-08-25 17:15:00,7,8,25,17,15,180,246,,,,Plein jour,Hors agglomération,Hors intersection,Normale,Deux véhicules - côté,,,,,,,,,,,1,1,1,1,3
200700048228,0007-08-18 16:00:00,7,8,18,16,0,180,40,,46.913,2.605,Plein jour,Hors agglomération,Hors intersection,Normale,Autre collision,,,,,,,,,,,1,1,1,1,6
200700048229,0007-08-09 15:30:00,7,8,9,15,30,180,275,,46.845,2.915,Plein jour,Hors agglomération,Hors intersection,Temps couvert,Autre collision,,,,,,,,,,,1,1,1,8,6
200700048230,0007-08-11 15:15:00,7,8,11,15,15,180,175,,46.926,2.771,Plein jour,Hors agglomération,Hors intersection,Normale,Autre collision,,,,,,,,,,,1,1,1,1,6
200700048231,0007-08-25 16:45:00,7,8,25,16,45,180,82,,46.955,3.056,Plein jour,Hors agglomération,Hors intersection,Normale,Deux véhicules - arrière,,,,,,,,,,,1,1,1,1,2
200700048232,0007-08-27 14:30:00,7,8,27,14,30,180,48,,,,Plein jour,Hors agglomération,Intersection en T,Normale,Deux véhicules - côté,,,,,,,,,,,1,1,3,1,3
200700048233,0007-08-10 15:15:00,7,8,10,15,15,180,115,,,,Plein jour,Hors agglomération,Hors intersection,Pluie légère,Autre collision,,,,,,,,,,,1,1,1,2,6
200700048234,0007-08-11 01:30:00,7,8,11,1,30,180,37,grande rue,47.57,2.255,Nuit avec éclairage allumé,En agglomération,Hors intersection,Normale,Sans collision,,,,,,,,,,,5,2,1,1,7
200700048235,0007-08-23 10:00:00,7,8,23,10,0,180,115,,,,Plein jour,Hors agglomération,Hors intersection,Pluie forte,Sans collision,,,,,,,,,,,1,1,1,3,7
200700048236,0007-08-26 04:15:00,7,8,26,4,15,180,37,,,,Nuit sans éclairage public,Hors agglomération,Hors intersection,Normale,Autre collision,,,,,,,,,,,3,1,1,1,6
200700048237,0007-08-02 17:30:00,7,8,2,17,30,180,103,,,,Plein jour,Hors agglomération,Hors intersection,Normale,Autre collision,,,,,,,,,,,1,1,1,1,6
200700048238,0007-08-07 17:45:00,7,8,7,17,45,180,100,RUE DU BAS BOURG,,,Plein jour,En agglomération,Hors intersection,Pluie légère,Autre collision,,,,,,,,,,,1,2,1,2,6
200700048239,0007-08-03 18:30:00,7,8,3,18,30,280,122,,48.368,1.465,Plein jour,Hors agglomération,Intersection en X,Normale,Deux véhicules - côté,,,,,,,,,,,1,1,2,1,3
200700048240,0007-08-27 21:30:00,7,8,27,21,30,280,162,,48.309,1.485,Nuit sans éclairage public,Hors agglomération,Hors intersection,Normale,Deux véhicules - côté,,,,,,,,,,,3,1,1,1,3
200700048241,0007-08-04 13:50:00,7,8,4,13,50,280,324,CD24 PK22+950,48.5,1.25,Plein jour,Hors agglomération,Hors intersection,Normale,Autre collision,,,,,,,,,,,1,1,1,1,6
200700048242,0007-08-21 08:15:00,7,8,21,8,15,280,363,,48.434,1.89,Plein jour,Hors agglomération,Intersection en X,Normale,Deux véhicules - frontale,,,,,,,,,,,1,1,2,1,1
200700048243,0007-08-28 19:45:00,7,8,28,19,45,280,39,chemin du portillon,48.44,1.71,Plein jour,En agglomération,Hors intersection,Normale,Deux véhicules - frontale,,,,,,,,,,,1,2,1,1,1
200700048244,0007-08-30 19:30:00,7,8,30,19,30,280,352,,48.618,1.612,Plein jour,En agglomération,Hors intersection,Normale,Deux véhicules - frontale,,,,,,,,,,,1,2,1,1,1
200700048245,0007-08-31 13:45:00,7,8,31,13,45,280,23,,48.537,1.613,Plein jour,Hors agglomération,Hors intersection,Normale,Deux véhicules - côté,,,,,,,,,,,1,1,1,1,3
200700048246,0007-08-02 15:45:00,7,8,2,15,45,280,319,,48.278,1.976,Plein jour,Hors agglomération,Hors intersection,Normale,Deux véhicules - frontale,,,,,,,,,,,1,1,1,1,1
200700048247,0007-08-02 18:45:00,7,8,2,18,45,280,391,,48.206,1.935,Plein jour,Hors agglomération,Intersection en X,Normale,Deux véhicules - côté,,,,,,,,,,,1,1,2,1,3
200700048248,0007-08-04 17:15:00,7,8,4,17,15,280,32,,48.302,1.66,Plein jour,Hors agglomération,Hors intersection,Temps éblouissant,Sans collision,,,,,,,,,,,1,1,1,7,7
200700048249,0007-08-27 19:00:00,7,8,27,19,0,280,246,Place des marroniers,48.284,1.461,Plein jour,En agglomération,Place,Normale,Deux véhicules - frontale,,,,,,,,,,,1,2,7,1,1
200700048250,0007-08-18 19:00:00,7,8,18,19,0,280,127,R.D. 108,48.214,1.29,Plein jour,En agglomération,Intersection en T,Normale,Deux véhicules - frontale,,,,,,,,,,,1,2,3,1,1
200700048251,0007-08-03 21:15:00,7,8,3,21,15,280,267,1 lieu dit Fermaincourt,,,Nuit sans éclairage public,Hors agglomération,Hors intersection,Normale,Autre collision,,,,,,,,,,,3,1,1,1,6
200700048252,0007-08-26 12:00:00,7,8,26,12,0,280,124,,48.775,1.147,Plein jour,Hors agglomération,Intersection en T,Normale,Deux véhicules - côté,,,,,,,,,,,1,1,3,1,3
200700048253,0007-08-22 05:00:00,7,8,22,5,0,280,193,Grande rue,48.792,1.536,Nuit sans éclairage public,En agglomération,Autre intersection,Pluie légère,Autre collision,,,,,,,,,,,3,2,9,2,6
200700048254,0007-08-29 18:00:00,7,8,29,18,0,280,7,ROUTE D OULINS,48.863,1.441,Plein jour,En agglomération,Hors intersection,Normale,Sans collision,,,,,,,,,,,1,2,1,1,7
200700048255,0007-08-01 19:00:00,7,8,1,19,0,360,135,,,,Plein jour,Hors agglomération,Hors intersection,Normale,Sans collision,,,,,,,,,,,1,1,1,1,7
200700048256,0007-08-07 18:00:00,7,8,7,18,0,360,232,,46.827,1.384,Plein jour,Hors agglomération,Hors intersection,Normale,Deux véhicules - arrière,,,,,,,,,,,1,1,1,1,2
200700048257,0007-08-07 07:30:00,7,8,7,7,30,360,139,,,,Crépuscule ou aube,Hors agglomération,Hors intersection,Normale,Autre collision,,,,,,,,,,,2,1,1,1,6
200700048258,0007-08-16 12:30:00,7,8,16,12,30,360,149,,46.925,1.305,Plein jour,Hors agglomération,Hors intersection,Vent fort / tempête,Autre collision,,,,,,,,,,,1,1,1,6,6
200700048259,0007-08-13 15:00:00,7,8,13,15,0,360,4,,47.217,1.804,Plein jour,Hors agglomération,Hors intersection,Normale,Deux véhicules - côté,,,,,,,,,,,1,1,1,1,3
200700048260,0007-08-01 15:00:00,7,8,1,15,0,360,178,,46.637,1.024,Plein jour,Hors agglomération,Hors intersection,Normale,Autre collision,,,,,,,,,,,1,1,1,1,6
200700048261,0007-08-07 19:00:00,7,8,7,19,0,360,18,,46.616,1.128,Plein jour,Hors agglomération,Hors intersection,Normale,Sans collision,,,,,,,,,,,1,1,1,1,7
200700048262,0007-08-17 01:15:00,7,8,17,1,15,360,18,bvd clement laurier,46.633,1.057,Nuit avec éclairage allumé,En agglomération,Hors intersection,Normale,Autre collision,,,,,,,,,,,5,2,1,1,6
200700048263,0007-08-24 22:15:00,7,8,24,22,15,360,18,1 route de La Trimouille,46.633,1.056,Nuit avec éclairage allumé,En agglomération,Hors intersection,Normale,Deux véhicules - arrière,,,,,,,,,,,5,2,1,1,2
200700048264,0007-08-16 08:45:00,7,8,16,8,45,360,221,,46.655,2.068,Plein jour,Hors agglomération,Hors intersection,Normale,Deux véhicules - côté,,,,,,,,,,,1,1,1,1,3
200700048265,0007-08-09 11:45:00,7,8,9,11,45,360,1,26 rue de la république,,,Plein jour,En agglomération,Hors intersection,Normale,Deux véhicules - côté,,,,,,,,,,,1,2,1,1,3
200700048266,0007-08-14 17:15:00,7,8,14,17,15,360,141,,46.602,1.787,Plein jour,Hors agglomération,Intersection en X,Normale,Deux véhicules - côté,,,,,,,,,,,1,1,2,1,3
200700048267,0007-08-10 23:30:00,7,8,10,23,30,360,27,,46.848,1.902,Nuit sans éclairage public,Hors agglomération,Hors intersection,Normale,Sans collision,,,,,,,,,,,3,1,1,1,7
200700048268,0007-08-07 17:00:00,7,8,7,17,0,370,185,,,,Plein jour,Hors agglomération,Hors intersection,Normale,Deux véhicules - arrière,,,,,,,,,,,1,1,1,1,2
200700048269,0007-08-11 05:00:00,7,8,11,5,0,370,163,,47.415,0.954,Nuit sans éclairage public,Hors agglomération,Hors intersection,Normale,Sans collision,,,,,,,,,,,3,1,1,1,7
200700048270,0007-08-30 18:30:00,7,8,30,18,30,370,137,,,,Plein jour,Hors agglomération,Hors intersection,Normale,Sans collision,,,,,,,,,,,1,1,1,1,7
200700048271,0007-08-08 15:45:00,7,8,8,15,45,370,281,CD 47 route de MONNAIE,47.43,0.797,Plein jour,En agglomération,Hors intersection,Normale,Sans collision,,,,,,,,,,,1,2,1,1,7
200700048272,0007-08-12 02:30:00,7,8,12,2,30,370,179,rue de la chanterie,47.447,0.748,Nuit sans éclairage public,En agglomération,Hors intersection,Normale,Sans collision,,,,,,,,,,,3,2,1,1,7
200700048273,0007-08-21 07:15:00,7,8,21,7,15,370,203,,47.411,0.74,Plein jour,Hors agglomération,Hors intersection,Pluie légère,Trois véhicules et plus - collisions multiples,,,,,,,,,,,1,1,1,2,5
200700048274,0007-08-22 18:00:00,7,8,22,18,0,370,11,Rue Nationale,,,Plein jour,En agglomération,Hors intersection,Normale,Autre collision,,,,,,,,,,,1,2,1,1,6
200700048275,0007-08-06 10:45:00,7,8,6,10,45,370,123,57 rue Rabelais,47.336,0.412,Plein jour,En agglomération,Hors intersection,Autre,Deux véhicules - frontale,,,,,,,,,,,1,2,1,9,1
200700048276,0007-08-15 10:30:00,7,8,15,10,30,370,232,,,,Plein jour,Hors agglomération,Hors intersection,Pluie légère,Autre collision,,,,,,,,,,,1,1,1,2,6
200700048277,0007-08-02 08:45:00,7,8,2,8,45,370,90,,47.146,0.473,Plein jour,Hors agglomération,Hors intersection,Normale,Deux véhicules - côté,,,,,,,,,,,1,1,1,1,3
200700048278,0007-08-09 07:30:00,7,8,9,7,30,370,178,,47.144,0.431,Plein jour,Hors agglomération,Hors intersection,Normale,Deux véhicules - côté,,,,,,,,,,,1,1,1,1,3
200700048279,0007-08-09 03:45:00,7,8,9,3,45,370,132,,,,Nuit sans éclairage public,Hors agglomération,Hors intersection,Normale,Sans collision,,,,,,,,,,,3,1,1,1,7
200700048280,0007-08-02 23:15:00,7,8,2,23,15,370,259,Les dordègnes,46.746,0.954,Nuit avec éclairage allumé,En agglomération,Hors intersection,Normale,Deux véhicules - arrière,,,,,,,,,,,5,2,1,1,2
200700048281,0007-08-03 13:45:00,7,8,3,13,45,370,26,,47.003,0.923,Plein jour,Hors agglomération,Hors intersection,Normale,Deux véhicules - côté,,,,,,,,,,,1,1,1,1,3
200700048282,0007-08-14 17:45:00,7,8,14,17,45,370,282,,46.808,0.836,Plein jour,Hors agglomération,Intersection en X,Pluie légère,Deux véhicules - côté,,,,,,,,,,,1,1,2,2,3
200700048283,0007-08-25 12:00:00,7,8,25,12,0,370,115,Av Pierre Mendès France,46.98,0.692,Plein jour,En agglomération,Hors intersection,Normale,Deux véhicules - frontale,,,,,,,,,,,1,2,1,1,1
200700048284,0007-08-15 17:15:00,7,8,15,17,15,370,159,,47.26,0.66,Plein jour,Hors agglomération,Hors intersection,Pluie légère,Deux véhicules - côté,,,,,,,,,,,1,1,1,2,3
200700048285,0007-08-06 08:00:00,7,8,6,8,0,410,230,,,,Plein jour,Hors agglomération,Hors intersection,Pluie légère,Sans collision,,,,,,,,,,,1,1,1,2,7
200700048286,0007-08-11 14:15:00,7,8,11,14,15,410,167,,,,Plein jour,Hors agglomération,Hors intersection,Normale,Deux véhicules - frontale,,,,,,,,,,,1,1,1,1,1
200700048287,0007-08-12 19:45:00,7,8,12,19,45,410,45,,,,Plein jour,Hors agglomération,Hors intersection,Normale,Autre collision,,,,,,,,,,,1,1,1,1,6
200700048288,0007-08-13 11:15:00,7,8,13,11,15,410,142,route d'Herbault,,,Plein jour,En agglomération,Hors intersection,Normale,Deux véhicules - frontale,,,,,,,,,,,1,2,1,1,1
200700048289,0007-08-17 16:45:00,7,8,17,16,45,410,256,,47.295,2.059,Plein jour,Hors agglomération,Intersection en X,Normale,Deux véhicules - côté,,,,,,,,,,,1,1,2,1,3
200700048290,0007-08-22 17:15:00,7,8,22,17,15,410,84,,47.398,1.979,Plein jour,Hors agglomération,Hors intersection,Normale,Deux véhicules - frontale,,,,,,,,,,,1,1,1,1,1
200700048291,0007-08-24 12:00:00,7,8,24,12,0,410,157,,,,Plein jour,Hors agglomération,Hors intersection,Normale,Autre collision,,,,,,,,,,,1,1,1,1,6
200700048292,0007-08-20 17:30:00,7,8,20,17,30,410,87,,,,Plein jour,Hors agglomération,Intersection en T,Pluie forte,Deux véhicules - côté,,,,,,,,,,,1,1,3,3,3
200700048293,0007-08-22 11:30:00,7,8,22,11,30,410,278,,,,Plein jour,Hors agglomération,Hors intersection,Pluie forte,Deux véhicules - frontale,,,,,,,,,,,1,1,1,3,1
200700048294,0007-08-27 12:45:00,7,8,27,12,45,410,215,,47.763,0.789,Plein jour,Hors agglomération,Hors intersection,Normale,Deux véhicules - côté,,,,,,,,,,,1,1,1,1,3
200700048295,0007-08-28 16:15:00,7,8,28,16,15,410,120,,,,Plein jour,Hors agglomération,Intersection en X,Normale,Deux véhicules - côté,,,,,,,,,,,1,1,2,1,3
200700048296,0007-08-16 13:45:00,7,8,16,13,45,410,275,,,,Plein jour,Hors agglomération,Hors intersection,Normale,Deux véhicules - côté,,,,,,,,,,,1,1,1,1,3
200700048297,0007-08-25 07:45:00,7,8,25,7,45,330,97,,45.068,-0.981,Plein jour,Hors agglomération,Hors intersection,Normale,Autre collision,,,,,,,,,,,1,1,1,1,6
200700048298,0007-08-10 22:45:00,7,8,10,22,45,290,233,,,,Nuit avec éclairage allumé,En agglomération,Hors intersection,Normale,Autre collision,,,,,,,,,,,5,2,1,1,6
200700048299,0007-08-17 16:00:00,7,8,17,16,0,290,233,Rue de la Tour d'auvergn,,,Plein jour,En agglomération,Hors intersection,Normale,Deux véhicules - côté,,,,,,,,,,,1,2,1,1,3
200700048300,0007-08-23 00:15:00,7,8,23,0,15,290,233,49 rue d'ARZANO,,,Nuit avec éclairage allumé,En agglomération,Hors intersection,Normale,Sans collision,,,,,,,,,,,5,2,1,1,7
200700048301,0007-08-01 22:15:00,7,8,1,22,15,290,150,D.116,,,Nuit sans éclairage public,Hors agglomération,Hors intersection,Normale,Deux véhicules - côté,,,,,,,,,,,3,1,1,1,3
200700048302,0007-08-15 17:15:00,7,8,15,17,15,290,300,,47.89,-3.651,Plein jour,Hors agglomération,Hors intersection,Normale,Autre collision,,,,,,,,,,,1,1,1,1,6
200700048303,0007-08-09 09:45:00,7,8,9,9,45,130,33,,,,Plein jour,Hors agglomération,Hors intersection,Normale,Deux véhicules - frontale,,,,,,,,,,,1,1,1,1,1
200700048304,0007-08-16 06:00:00,7,8,16,6,0,130,88,,43.376,5.232,Crépuscule ou aube,Hors agglomération,Hors intersection,Temps couvert,Autre collision,,,,,,,,,,,2,1,1,8,6
200700048305,0007-08-31 13:30:00,7,8,31,13,30,950,58,,,,Plein jour,Hors agglomération,Hors intersection,Normale,Deux véhicules - côté,,,,,,,,,,,1,1,1,1,3
200700048306,0007-08-02 08:45:00,7,8,2,8,45,330,199,cours de la marne,,,Plein jour,En agglomération,Intersection en T,Normale,Deux véhicules - côté,,,,,,,,,,,1,2,3,1,3
200700048307,0007-08-03 00:30:00,7,8,3,0,30,330,199,82 COURS DE VERDUN,,,Nuit avec éclairage allumé,En agglomération,Hors intersection,Normale,Autre collision,,,,,,,,,,,5,2,1,1,6
200700048308,0007-08-23 15:00:00,7,8,23,15,0,870,205,,45.754,1.294,Plein jour,Hors agglomération,Hors intersection,Normale,Sans collision,,,,,,,,,,,1,1,1,1,7
200700048309,0007-08-03 21:30:00,7,8,3,21,30,580,212,,47.152,3.255,Plein jour,Hors agglomération,Hors intersection,Normale,Sans collision,,,,,,,,,,,1,1,1,1,7
200700048310,0007-08-24 18:15:00,7,8,24,18,15,580,131,,,,Plein jour,Hors agglomération,Hors intersection,Normale,Deux véhicules - côté,,,,,,,,,,,1,1,1,1,3
200700048311,0007-08-30 18:15:00,7,8,30,18,15,580,303,Rue Louis Bodin,,,Plein jour,En agglomération,Autre intersection,Normale,Deux véhicules - frontale,,,,,,,,,,,1,2,9,1,1
200700048312,0007-08-07 16:45:00,7,8,7,16,45,210,515,boulevard Jean Jaures,47.317,5.093,Plein jour,En agglomération,Hors intersection,Normale,Deux véhicules - arrière,,,,,,,,,,,1,2,1,1,2
200700048313,0007-08-18 16:30:00,7,8,18,16,30,110,202,Rte de leucate-plage,,,Plein jour,En agglomération,Hors intersection,Normale,Deux véhicules - côté,,,,,,,,,,,1,2,1,1,3
200700048314,0007-08-01 17:30:00,7,8,1,17,30,340,270,Rd613,,,Plein jour,En agglomération,Hors intersection,Normale,Deux véhicules - frontale,,,,,,,,,,,1,2,1,1,1
200700048315,0007-08-10 06:45:00,7,8,10,6,45,340,270,,43.56,3.85,Plein jour,Hors agglomération,Hors intersection,Normale,Trois véhicules et plus - collisions multiples,,,,,,,,,,,1,1,1,1,5
200700048316,0007-08-17 04:30:00,7,8,17,4,30,340,270,RD 612,,,Nuit sans éclairage public,En agglomération,Hors intersection,Normale,Deux véhicules - frontale,,,,,,,,,,,3,2,1,1,1
200700048317,0007-08-19 19:15:00,7,8,19,19,15,340,270,95 ROUTE DE LATTES,,,Plein jour,En agglomération,Hors intersection,Normale,Deux véhicules - côté,,,,,,,,,,,1,2,1,1,3
200700048318,0007-08-21 14:30:00,7,8,21,14,30,340,202,CD 5,,,Plein jour,En agglomération,Hors intersection,Normale,Deux véhicules - côté,,,,,,,,,,,1,2,1,1,3
200700048319,0007-08-21 17:30:00,7,8,21,17,30,340,270,CD 612,43.574,3.85,Plein jour,En agglomération,Hors intersection,Normale,Deux véhicules - côté,,,,,,,,,,,1,2,1,1,3
200700048320,0007-08-30 10:15:00,7,8,30,10,15,350,51,,,,Plein jour,Hors agglomération,Hors intersection,Normale,Deux véhicules - arrière,,,,,,,,,,,1,1,1,1,2
200700048321,0007-08-21 12:30:00,7,8,21,12,30,110,248,,43.164,2.458,Plein jour,Hors agglomération,Hors intersection,Pluie légère,Sans collision,,,,,,,,,,,1,1,1,2,7
200700048322,0007-08-01 15:00:00,7,8,1,15,0,230,238,,45.864,2.151,Plein jour,Hors agglomération,Intersection en T,Normale,Deux véhicules - frontale,,,,,,,,,,,1,1,3,1,1
200700048323,0007-08-03 15:30:00,7,8,3,15,30,230,165,,45.849,1.909,Plein jour,Hors agglomération,Hors intersection,Normale,Autre collision,,,,,,,,,,,1,1,1,1,6
200700048324,0007-08-16 00:01:00,7,8,16,0,1,910,17,,48.602,2.053,Nuit sans éclairage public,Hors agglomération,Hors intersection,Pluie légère,Autre collision,,,,,,,,,,,3,1,1,2,6
200700048325,0007-08-11 01:15:00,7,8,11,1,15,510,74,rue de pomacle,,,Nuit avec éclairage allumé,En agglomération,Autre intersection,Normale,Autre collision,,,,,,,,,,,5,2,9,1,6