accident_id,datetime,annee,mois,jour,heure,minute,departement,commune_insee,adresse,latitude,longitude,luminosite,agglomeration,intersection,meteo,collision,nb_vehicules,nb_usagers,nb_indemnes,nb_tues,nb_blesses_hosp,nb_blesses_legers,age_cond_1,age_cond_2,veh_type_cond_1,veh_type_cond_2,lum_code,agg_code,int_code,atm_code,col_code
200700048326,0007-08-19 11:45:00,7,8,19,11,45,890,381,,,,Plein jour,Hors agglomération,Hors intersection,Normale,Autre collision,,,,,,,,,,,1,1,1,1,6
200700048327,0007-08-19 18:30:00,7,8,19,18,30,800,2,,,,Plein jour,Hors agglomération,Hors intersection,Normale,Autre collision,,,,,,,,,,,1,1,1,1,6
200700048328,0007-08-20 12:00:00,7,8,20,12,0,800,708,,,,Plein jour,Hors agglomération,Hors intersection,Normale,Deux véhicules - frontale,,,,,,,,,,,1,1,1,1,1
200700048329,0007-08-20 07:00:00,7,8,20,7,0,800,430,,,,Crépuscule ou aube,Hors agglomération,Hors intersection,Pluie légère,Autre collision,,,,,,,,,,,2,1,1,2,6
200700048330,0007-08-11 12:00:00,7,8,11,12,0,710,444,,,,Plein jour,Hors agglomération,Hors intersection,Normale,Autre collision,,,,,,,,,,,1,1,1,1,6
200700048331,0007-08-15 09:15:00,7,8,15,9,15,710,384,,,,Plein jour,Hors agglomération,Hors intersection,Normale,Autre collision,,,,,,,,,,,1,1,1,1,6
200700048332,0007-08-17 10:15:00,7,8,17,10,15,710,52,,,,Plein jour,Hors agglomération,Hors intersection,Normale,Deux véhicules - côté,,,,,,,,,,,1,1,1,1,3
200700048333,0007-08-04 03:00:00,7,8,4,3,0,710,494,,,,Nuit sans éclairage public,Hors agglomération,Hors intersection,Normale,Trois véhicules et plus - collisions multiples,,,,,,,,,,,3,1,1,1,5
200700048334,0007-08-05 04:00:00,7,8,5,4,0,710,270,,46.376,4.839,Nuit sans éclairage public,Hors agglomération,Hors intersection,Normale,Trois véhicules et plus - collisions multiples,,,,,,,,,,,3,1,1,1,5
200700048335,0007-08-19 12:20:00,7,8,19,12,20,890,484,134+720 - Paris/Lyon -,,,Plein jour,Hors agglomération,Hors intersection,Pluie forte,Autre collision,,,,,,,,,,,1,1,1,3,6
200700048336,0007-08-30 05:45:00,7,8,30,5,45,130,67,,,,Nuit sans éclairage public,Hors agglomération,Hors intersection,Normale,Deux véhicules - arrière,,,,,,,,,,,3,1,1,1,2
200700048337,0007-08-05 04:30:00,7,8,5,4,30,830,67,,43.349,6.325,Nuit sans éclairage public,Hors agglomération,Hors intersection,Normale,Autre collision,,,,,,,,,,,3,1,1,1,6
200700048338,0007-08-17 03:30:00,7,8,17,3,30,830,107,,43.471,6.661,Nuit sans éclairage public,Hors agglomération,Hors intersection,Normale,Autre collision,,,,,,,,,,,3,1,1,1,6
200700048339,0007-08-20 05:30:00,7,8,20,5,30,830,33,,43.281,6.188,Nuit sans éclairage public,Hors agglomération,Hors intersection,Normale,Sans collision,,,,,,,,,,,3,1,1,1,7
200700048340,0007-08-24 21:30:00,7,8,24,21,30,600,686,PLACE MARCEL TERRIEUX,,,Nuit avec éclairage allumé,En agglomération,Hors intersection,Normale,Trois véhicules et plus - collisions multiples,,,,,,,,,,,5,2,1,1,5
200700048341,0007-08-11 07:00:00,7,8,11,7,0,760,705,,49.332,1.091,Plein jour,Hors agglomération,Hors intersection,Normale,Sans collision,,,,,,,,,,,1,1,1,1,7
200700048342,0007-08-07 20:30:00,7,8,7,20,30,270,701,,49.265,1.148,Plein jour,Hors agglomération,Hors intersection,Pluie forte,Sans collision,,,,,,,,,,,1,1,1,3,7
200700048343,0007-08-03 22:30:00,7,8,3,22,30,600,541,,,,Nuit sans éclairage public,Hors agglomération,Hors intersection,Normale,Trois véhicules et plus - en chaîne,,,,,,,,,,,3,1,1,1,4
200700048344,0007-08-31 20:30:00,7,8,31,20,30,210,462,,47.407,5.074,Nuit sans éclairage public,Hors agglomération,Hors intersection,Normale,Sans collision,,,,,,,,,,,3,1,1,1,7
200700048345,0007-08-25 10:15:00,7,8,25,10,15,690,264,,45.988,4.737,Plein jour,Hors agglomération,Hors intersection,Normale,Trois véhicules et plus - en chaîne,,,,,,,,,,,1,1,1,1,4
200700048346,0007-08-30 17:15:00,7,8,30,17,15,690,264,,45.981,4.736,Plein jour,Hors agglomération,Hors intersection,Normale,Autre collision,,,,,,,,,,,1,1,1,1,6
200700048347,0007-08-31 18:30:00,7,8,31,18,30,690,264,,45.984,4.737,Plein jour,Hors agglomération,Hors intersection,Normale,Deux véhicules - côté,,,,,,,,,,,1,1,1,1,3
200700048348,0007-08-17 22:00:00,7,8,17,22,0,620,421,,,,Nuit sans éclairage public,Hors agglomération,Hors intersection,Normale,Autre collision,,,,,,,,,,,3,1,1,1,6
200700048349,0007-08-20 10:00:00,7,8,20,10,0,590,244,,,,Plein jour,Hors agglomération,Hors intersection,Pluie forte,Deux véhicules - frontale,,,,,,,,,,,1,1,1,3,1
200700048350,0007-08-12 17:00:00,7,8,12,17,0,380,348,,45.592,5.303,Plein jour,Hors agglomération,Hors intersection,Normale,Sans collision,,,,,,,,,,,1,1,1,1,7
200700048351,0007-08-29 13:00:00,7,8,29,13,0,530,243,,48.153,-0.871,Plein jour,Hors agglomération,Hors intersection,Normale,Deux véhicules - côté,,,,,,,,,,,1,1,1,1,3
200700048352,0007-08-30 12:15:00,7,8,30,12,15,310,22,143 avenue de Fronton,,,Plein jour,En agglomération,Autre intersection,Normale,Deux véhicules - frontale,,,,,,,,,,,1,2,9,1,1
200700048353,0007-08-01 02:00:00,7,8,1,2,0,830,116,,,,Nuit sans éclairage public,Hors agglomération,Hors intersection,Normale,Deux véhicules - arrière,,,,,,,,,,,3,1,1,1,2
200700048354,0007-08-27 12:45:00,7,8,27,12,45,830,23,,,,Plein jour,Hors agglomération,Hors intersection,Normale,Autre collision,,,,,,,,,,,1,1,1,1,6
200700048355,0007-08-06 03:00:00,7,8,6,3,0,410,223,,47.621,1.215,Nuit sans éclairage public,Hors agglomération,Hors intersection,Normale,Autre collision,,,,,,,,,,,3,1,1,1,6
200700048356,0007-08-13 01:15:00,7,8,13,1,15,410,93,+400-sens Paris Province,,,Nuit sans éclairage public,Hors agglomération,Hors intersection,Normale,Deux véhicules - arrière,,,,,,,,,,,3,1,1,1,2
200700048357,0007-08-31 17:30:00,7,8,31,17,30,300,189,,,,Plein jour,Hors agglomération,Hors intersection,Normale,Deux véhicules - arrière,,,,,,,,,,,1,1,1,1,2
200700048358,0007-08-03 18:00:00,7,8,3,18,0,110,14,,43.19,3.06,Plein jour,Hors agglomération,Hors intersection,Normale,Deux véhicules - frontale,,,,,,,,,,,1,1,1,1,1
200700048359,0007-08-11 18:00:00,7,8,11,18,0,370,27,,,,Plein jour,Hors agglomération,Hors intersection,Normale,Deux véhicules - arrière,,,,,,,,,,,1,1,1,1,2
200700048360,0007-08-16 23:30:00,7,8,16,23,30,370,141,,,,Nuit sans éclairage public,Hors agglomération,Hors intersection,Normale,Deux véhicules - frontale,,,,,,,,,,,3,1,1,1,1
200700048361,0007-08-24 10:00:00,7,8,24,10,0,370,79,,,,Plein jour,Hors agglomération,Hors intersection,Normale,Deux véhicules - frontale,,,,,,,,,,,1,1,1,1,1
200700048362,0007-08-10 20:15:00,7,8,10,20,15,210,590,,,,Plein jour,Hors agglomération,Hors intersection,Pluie légère,Sans collision,,,,,,,,,,,1,1,1,2,7
200700048363,0007-08-22 00:01:00,7,8,22,0,1,730,104,,45.56,5.74,Nuit sans éclairage public,Hors agglomération,Hors intersection,Brouillard / fumée,Deux véhicules - côté,,,,,,,,,,,3,1,1,5,3
200700048364,0007-08-24 17:00:00,7,8,24,17,0,380,565,,45.29,5.62,Plein jour,Hors agglomération,Hors intersection,Normale,Autre collision,,,,,,,,,,,1,1,1,1,6
200700048365,0007-08-14 06:30:00,7,8,14,6,30,130,11,,,,Nuit sans éclairage public,Hors agglomération,Hors intersection,Normale,Autre collision,,,,,,,,,,,3,1,1,1,6
200700048366,0007-08-13 10:30:00,7,8,13,10,30,130,38,,,,Plein jour,Hors agglomération,Hors intersection,Normale,Autre collision,,,,,,,,,,,1,1,1,1,6
200700048367,0007-08-18 05:00:00,7,8,18,5,0,410,204,,47.635,1.412,Nuit sans éclairage public,Hors agglomération,Hors intersection,Normale,Deux véhicules - arrière,,,,,,,,,,,3,1,1,1,2
200700048368,0007-08-25 12:15:00,7,8,25,12,15,410,59,,,,Plein jour,En agglomération,Hors intersection,Normale,Trois véhicules et plus - collisions multiples,,,,,,,,,,,1,2,1,1,5
200700048369,0007-08-31 16:00:00,7,8,31,16,0,690,27,route de LYON,,,Plein jour,En agglomération,Hors intersection,Normale,Trois véhicules et plus - en chaîne,,,,,,,,,,,1,2,1,1,4
200700048370,0007-08-25 08:30:00,7,8,25,8,30,690,43,,,,Plein jour,Hors agglomération,Hors intersection,Normale,Deux véhicules - côté,,,,,,,,,,,1,1,1,1,3
200700048371,0007-08-01 14:30:00,7,8,1,14,30,290,40,route J-F KENNEDY,,,Plein jour,En agglomération,Autre intersection,Normale,Deux véhicules - frontale,,,,,,,,,,,1,2,9,1,1
200700048372,0007-08-29 18:30:00,7,8,29,18,30,290,212,rue Xavier De Langlais,48.387,-4.616,Plein jour,En agglomération,Hors intersection,Normale,Deux véhicules - frontale,,,,,,,,,,,1,2,1,1,1
200700048373,0007-08-20 13:15:00,7,8,20,13,15,340,31,,,,Plein jour,Hors agglomération,Hors intersection,Normale,Deux véhicules - frontale,,,,,,,,,,,1,1,1,1,1
200700048374,0007-08-25 15:30:00,7,8,25,15,30,340,95,,43.549,3.794,Plein jour,Hors agglomération,Autre intersection,Normale,Deux véhicules - arrière,,,,,,,,,,,1,1,9,1,2
200700048375,0007-08-31 05:30:00,7,8,31,5,30,310,254,,,,Nuit sans éclairage public,Hors agglomération,Hors intersection,Normale,Sans collision,,,,,,,,,,,3,1,1,1,7
200700048376,0007-08-15 13:15:00,7,8,15,13,15,630,121,,45.615,3.214,Plein jour,Hors agglomération,Hors intersection,Normale,Autre collision,,,,,,,,,,,1,1,1,1,6
200700048377,0007-08-21 13:30:00,7,8,21,13,30,910,581,D82/ch fontaine,,,Plein jour,En agglomération,Hors intersection,Normale,Deux véhicules - frontale,,,,,,,,,,,1,2,1,1,1
200700048378,0007-08-28 17:45:00,7,8,28,17,45,910,85,,48.558,2.222,Plein jour,Hors agglomération,Hors intersection,Normale,Deux véhicules - arrière,,,,,,,,,,,1,1,1,1,2
200700048379,0007-08-07 02:00:00,7,8,7,2,0,380,433,,,,Nuit sans éclairage public,Hors agglomération,Hors intersection,Normale,Autre collision,,,,,,,,,,,3,1,1,1,6
200700048380,0007-08-20 22:00:00,7,8,20,22,0,20,168,,49.081,3.356,Nuit sans éclairage public,Hors agglomération,Hors intersection,Normale,Sans collision,,,,,,,,,,,3,1,1,1,7
200700048381,0007-08-29 23:45:00,7,8,29,23,45,900,11,,47.588,6.857,Nuit sans éclairage public,Hors agglomération,Hors intersection,Normale,Autre collision,,,,,,,,,,,3,1,1,1,6
200700048382,0007-08-07 17:45:00,7,8,7,17,45,620,369,,50.321,2.89,Plein jour,Hors agglomération,Hors intersection,Normale,Deux véhicules - côté,,,,,,,,,,,1,1,1,1,3
200700048383,0007-08-30 13:45:00,7,8,30,13,45,950,323,boulevard d'écancourt,,,Plein jour,En agglomération,Giratoire,Normale,Sans collision,,,,,,,,,,,1,2,6,1,7
200700048384,0007-08-09 02:15:00,7,8,9,2,15,380,229,,,,Nuit sans éclairage public,Hors agglomération,Hors intersection,Pluie légère,Trois véhicules et plus - en chaîne,,,,,,,,,,,3,1,1,2,4
200700048385,0007-08-15 01:00:00,7,8,15,1,0,380,62,,45.411,5.996,Nuit sans éclairage public,Hors agglomération,Hors intersection,Normale,Autre collision,,,,,,,,,,,3,1,1,1,6
200700048386,0007-08-02 19:30:00,7,8,2,19,30,860,194,,,,Plein jour,Hors agglomération,Hors intersection,Normale,Deux véhicules - arrière,,,,,,,,,,,1,1,1,1,2
200700048387,0007-08-27 12:00:00,7,8,27,12,0,860,275,,,,Plein jour,Hors agglomération,Hors intersection,Normale,Deux véhicules - arrière,,,,,,,,,,,1,1,1,1,2
200700048388,0007-08-29 14:30:00,7,8,29,14,30,860,275,,,,Plein jour,Hors agglomération,Hors intersection,Normale,Autre collision,,,,,,,,,,,1,1,1,1,6
200700048389,0007-08-01 14:45:00,7,8,1,14,45,630,213,,,,Plein jour,Hors agglomération,Hors intersection,Normale,Deux véhicules - arrière,,,,,,,,,,,1,1,1,1,2
200700048390,0007-08-26 02:00:00,7,8,26,2,0,110,418,,,,Nuit sans éclairage public,Hors agglomération,Hors intersection,Normale,Deux véhicules - arrière,,,,,,,,,,,3,1,1,1,2
200700048391,0007-08-02 21:45:00,7,8,2,21,45,590,432,60 GRANDE RUE,50.149,3.261,Nuit avec éclairage allumé,En agglomération,Hors intersection,Normale,Autre collision,,,,,,,,,,,5,2,1,1,6
200700048392,0007-08-07 19:15:00,7,8,7,19,15,590,622,Rue d'avesnes le sec,50.237,3.398,Plein jour,En agglomération,Hors intersection,Normale,Autre collision,,,,,,,,,,,1,2,1,1,6
200700048393,0007-08-30 13:00:00,7,8,30,13,0,910,617,,48.658,2.526,Plein jour,Hors agglomération,Hors intersection,Normale,Deux véhicules - frontale,,,,,,,,,,,1,1,1,1,1
200700048394,0007-08-05 18:45:00,7,8,5,18,45,330,42,,44.516,-0.837,Plein jour,Hors agglomération,Hors intersection,Normale,Deux véhicules - arrière,,,,,,,,,,,1,1,1,1,2
200700048395,0007-08-13 11:30:00,7,8,13,11,30,330,284,,44.643,-0.839,Plein jour,Hors agglomération,Hors intersection,Normale,Sans collision,,,,,,,,,,,1,1,1,1,7
200700048396,0007-08-17 13:00:00,7,8,17,13,0,330,42,,44.49,-0.832,Plein jour,Hors agglomération,Hors intersection,Normale,Sans collision,,,,,,,,,,,1,1,1,1,7
200700048397,0007-08-26 16:30:00,7,8,26,16,30,330,284,,44.647,-0.84,Plein jour,Hors agglomération,Hors intersection,Normale,Trois véhicules et plus - en chaîne,,,,,,,,,,,1,1,1,1,4
200700048398,0007-08-04 16:30:00,7,8,4,16,30,460,299,,44.523,1.728,Plein jour,En agglomération,Hors intersection,Normale,Autre collision,,,,,,,,,,,1,2,1,1,6
200700048399,0007-08-23 13:00:00,7,8,23,13,0,720,360,,48.05,0.118,Plein jour,Hors agglomération,Hors intersection,Normale,Trois véhicules et plus - collisions multiples,,,,,,,,,,,1,1,1,1,5
200700048400,0007-08-25 15:15:00,7,8,25,15,15,720,360,,,,Plein jour,Hors agglomération,Hors intersection,Normale,Deux véhicules - arrière,,,,,,,,,,,1,1,1,1,2
200700048401,0007-08-31 12:15:00,7,8,31,12,15,820,131,,44.227,1.547,Plein jour,Hors agglomération,Hors intersection,Normale,Sans collision,,,,,,,,,,,1,1,1,1,7
200700048402,0007-08-22 16:30:00,7,8,22,16,30,201,348,,42.172,8.813,Plein jour,Hors agglomération,Hors intersection,Normale,Autre collision,,,,,,,,,,,1,1,1,1,6
200700048403,0007-08-17 08:45:00,7,8,17,8,45,201,130,,41.887,8.956,Plein jour,Hors agglomération,Hors intersection,Normale,Deux véhicules - côté,,,,,,,,,,,1,1,1,1,3
200700048404,0007-08-21 14:00:00,7,8,21,14,0,380,471,,,,Plein jour,Hors agglomération,Hors intersection,Pluie forte,Sans collision,,,,,,,,,,,1,1,1,3,7
200700048405,0007-08-03 13:30:00,7,8,3,13,30,60,85,1796 avenue de la borde,,,Plein jour,Hors agglomération,Intersection en X,Normale,Deux véhicules - frontale,,,,,,,,,,,1,1,2,1,1
200700048406,0007-08-16 16:45:00,7,8,16,16,45,780,466,,48.942,1.977,Plein jour,Hors agglomération,Hors intersection,Normale,Deux véhicules - frontale,,,,,,,,,,,1,1,1,1,1
200700048407,0007-08-04 14:00:00,7,8,4,14,0,660,195,RUE DES PALMIERS,,,Plein jour,En agglomération,Hors intersection,Normale,Deux véhicules - côté,,,,,,,,,,,1,2,1,1,3
200700048408,0007-08-10 15:45:00,7,8,10,15,45,660,213,RUE EVEQUE OLIBA,,,Plein jour,En agglomération,Hors intersection,Normale,Sans collision,,,,,,,,,,,1,2,1,1,7
200700048409,0007-08-14 19:45:00,7,8,14,19,45,660,213,avenue père pinya,,,Plein jour,En agglomération,Hors intersection,Normale,Deux véhicules - côté,,,,,,,,,,,1,2,1,1,3
200700048410,0007-08-06 08:30:00,7,8,6,8,30,670,239,,,,Plein jour,Hors agglomération,Hors intersection,Normale,Autre collision,,,,,,,,,,,1,1,1,1,6
200700048411,0007-08-17 14:00:00,7,8,17,14,0,670,49,,,,Plein jour,Hors agglomération,Hors intersection,Normale,Deux véhicules - côté,,,,,,,,,,,1,1,1,1,3
200700048412,0007-08-03 18:15:00,7,8,3,18,15,790,189,,,,Plein jour,Hors agglomération,Hors intersection,Normale,Autre collision,,,,,,,,,,,1,1,1,1,6
200700048413,0007-08-29 02:30:00,7,8,29,2,30,860,83,,,,Nuit sans éclairage public,Hors agglomération,Hors intersection,Normale,Trois véhicules et plus - en chaîne,,,,,,,,,,,3,1,1,1,4
200700048414,0007-08-18 14:00:00,7,8,18,14,0,170,157,,,,Plein jour,Hors agglomération,Autre intersection,Normale,Autre collision,,,,,,,,,,,1,1,9,1,6
200700048415,0007-08-16 08:45:00,7,8,16,8,45,330,267,,45.266,-0.545,Plein jour,Hors agglomération,Hors intersection,Normale,Deux véhicules - frontale,,,,,,,,,,,1,1,1,1,1
200700048416,0007-08-19 10:30:00,7,8,19,10,30,330,382,,45.137,-0.484,Crépuscule ou aube,Hors agglomération,Hors intersection,Normale,Sans collision,,,,,,,,,,,2,1,1,1,7
200700048417,0007-08-25 10:30:00,7,8,25,10,30,330,382,,45.12,-0.483,Plein jour,Hors agglomération,Hors intersection,Normale,Autre collision,,,,,,,,,,,1,1,1,1,6
200700048418,0007-08-20 17:00:00,7,8,20,17,0,220,187,,,,Plein jour,Hors agglomération,Hors intersection,Pluie légère,Deux véhicules - côté,,,,,,,,,,,1,1,1,2,3
200700048419,0007-08-15 09:00:00,7,8,15,9,0,201,362,,41.697,9.359,Plein jour,Hors agglomération,Hors intersection,Normale,Deux véhicules - frontale,,,,,,,,,,,1,1,1,1,1
200700048420,0007-08-01 11:15:00,7,8,1,11,15,740,213,,,,Plein jour,Hors agglomération,Hors intersection,Normale,Deux véhicules - frontale,,,,,,,,,,,1,1,1,1,1
200700048421,0007-08-25 15:45:00,7,8,25,15,45,690,299,,45.712,5.074,Plein jour,Hors agglomération,Hors intersection,Normale,Autre collision,,,,,,,,,,,1,1,1,1,6
200700048422,0007-08-28 16:30:00,7,8,28,16,30,10,142,2 PK 18 sens GENEVE/LYON,,,Plein jour,Hors agglomération,Hors intersection,Normale,Deux véhicules - arrière,,,,,,,,,,,1,1,1,1,2
200700048423,0007-08-05 00:45:00,7,8,5,0,45,420,279,ROUTE DE BONSON,,,Nuit avec éclairage allumé,En agglomération,Hors intersection,Normale,Deux véhicules - côté,,,,,,,,,,,5,2,1,1,3
200700048424,0007-08-13 17:15:00,7,8,13,17,15,510,450,,49.193,4.11,Plein jour,Hors agglomération,Hors intersection,Normale,Autre collision,,,,,,,,,,,1,1,1,1,6
200700048425,0007-08-29 15:15:00,7,8,29,15,15,510,7,,49.081,4.166,Plein jour,Hors agglomération,Hors intersection,Normale,Trois véhicules et plus - en chaîne,,,,,,,,,,,1,1,1,1,4
200700048426,0007-08-04 16:45:00,7,8,4,16,45,620,471,,50.675,2.254,Plein jour,Hors agglomération,Hors intersection,Normale,Autre collision,,,,,,,,,,,1,1,1,1,6
200700048427,0007-08-11 11:00:00,7,8,11,11,0,620,309,,50.717,2.188,Plein jour,Hors agglomération,Hors intersection,Normale,Autre collision,,,,,,,,,,,1,1,1,1,6
200700048428,0007-08-16 18:15:00,7,8,16,18,15,620,622,,50.806,2.102,Plein jour,Hors agglomération,Hors intersection,Normale,Autre collision,,,,,,,,,,,1,1,1,1,6
200700048429,0007-08-06 15:45:00,7,8,6,15,45,620,748,,50.956,2.117,Plein jour,Hors agglomération,Hors intersection,Normale,Autre collision,,,,,,,,,,,1,1,1,1,6
200700048430,0007-08-23 16:00:00,7,8,23,16,0,60,152,35 route de la valmasque,,,Plein jour,Hors agglomération,Hors intersection,Normale,Deux véhicules - frontale,,,,,,,,,,,1,1,1,1,1
200700048431,0007-08-23 12:00:00,7,8,23,12,0,690,244,carrefour de la libérati,,,Plein jour,En agglomération,Hors intersection,Normale,Deux véhicules - côté,,,,,,,,,,,1,2,1,1,3
200700048432,0007-08-25 06:15:00,7,8,25,6,15,740,11,cd1203,,,Crépuscule ou aube,En agglomération,Hors intersection,Normale,Deux véhicules - frontale,,,,,,,,,,,2,2,1,1,1
200700048433,0007-08-09 14:45:00,7,8,9,14,45,340,116,,,,Plein jour,Hors agglomération,Hors intersection,Normale,Autre collision,,,,,,,,,,,1,1,1,1,6
200700048434,0007-08-30 13:45:00,7,8,30,13,45,340,255,,43.711,3.814,Plein jour,Hors agglomération,Hors intersection,Temps éblouissant,Deux véhicules - frontale,,,,,,,,,,,1,1,1,7,1
200700048435,0007-08-15 15:00:00,7,8,15,15,0,10,451,,,,Plein jour,Hors agglomération,Hors intersection,Normale,Sans collision,,,,,,,,,,,1,1,1,1,7
200700048436,0007-08-22 23:15:00,7,8,22,23,15,10,38,,,,Nuit sans éclairage public,Hors agglomération,Hors intersection,Normale,Sans collision,,,,,,,,,,,3,1,1,1,7
200700048437,0007-08-22 17:45:00,7,8,22,17,45,780,43,,48.835,2.068,Plein jour,Hors agglomération,Hors intersection,Pluie forte,Deux véhicules - frontale,,,,,,,,,,,1,1,1,3,1
200700048438,0007-08-01 03:30:00,7,8,1,3,30,130,118,,43.554,5.232,Nuit sans éclairage public,Hors agglomération,Hors intersection,Normale,Autre collision,,,,,,,,,,,3,1,1,1,6
200700048439,0007-08-01 14:30:00,7,8,1,14,30,130,118,,43.552,5.244,Plein jour,Hors agglomération,Hors intersection,Normale,Deux véhicules - frontale,,,,,,,,,,,1,1,1,1,1
200700048440,0007-08-02 18:00:00,7,8,2,18,0,950,353,,,,Plein jour,Hors agglomération,Hors intersection,Normale,Sans collision,,,,,,,,,,,1,1,1,1,7
200700048441,0007-08-04 23:15:00,7,8,4,23,15,950,445,,49.1,2.263,Nuit sans éclairage public,Hors agglomération,Hors intersection,Normale,Deux véhicules - frontale,,,,,,,,,,,3,1,1,1,1
200700048442,0007-08-18 17:00:00,7,8,18,17,0,950,353,,49.089,2.313,Plein jour,Hors agglomération,Hors intersection,Normale,Autre collision,,,,,,,,,,,1,1,1,1,6
200700048443,0007-08-03 00:01:00,7,8,3,0,1,90,32,,42.726,1.838,Nuit sans éclairage public,Hors agglomération,Hors intersection,Normale,Sans collision,,,,,,,,,,,3,1,1,1,7
200700048444,0007-08-26 14:15:00,7,8,26,14,15,90,189,,42.655,1.835,Plein jour,Hors agglomération,Hors intersection,Normale,Deux véhicules - frontale,,,,,,,,,,,1,1,1,1,1
200700048445,0007-08-13 19:15:00,7,8,13,19,15,760,119,,,,Plein jour,Hors agglomération,Hors intersection,Normale,Autre collision,,,,,,,,,,,1,1,1,1,6
200700048446,0007-08-25 13:00:00,7,8,25,13,0,350,131,RUE DE RENNES,,,Plein jour,En agglomération,Hors intersection,Normale,Autre collision,,,,,,,,,,,1,2,1,1,6
200700048447,0007-08-03 14:45:00,7,8,3,14,45,560,5,PARKING Z.C. INTERMARCHE,47.555,-2.895,Plein jour,En agglomération,Hors intersection,Normale,Autre collision,,,,,,,,,,,1,2,1,1,6
200700048448,0007-08-09 01:15:00,7,8,9,1,15,560,240,,47.515,-2.702,Nuit sans éclairage public,Hors agglomération,Hors intersection,Normale,Autre collision,,,,,,,,,,,3,1,1,1,6
200700048449,0007-08-10 10:30:00,7,8,10,10,30,560,243,50 rue de Bellevue,47.624,-2.773,Plein jour,En agglomération,Hors intersection,Normale,Autre collision,,,,,,,,,,,1,2,1,1,6
200700048450,0007-08-11 23:30:00,7,8,11,23,30,560,240,,,,Nuit sans éclairage public,Hors agglomération,Hors intersection,Normale,Deux véhicules - frontale,,,,,,,,,,,3,1,1,1,1
200700048451,0007-08-12 10:15:00,7,8,12,10,15,560,240,,47.547,-2.725,Plein jour,Hors agglomération,Hors intersection,Normale,Deux véhicules - arrière,,,,,,,,,,,1,1,1,1,2
200700048452,0007-08-16 18:15:00,7,8,16,18,15,560,240,,47.522,-2.687,Plein jour,Hors agglomération,Intersection en X,Normale,Deux véhicules - côté,,,,,,,,,,,1,1,2,1,3
200700048453,0007-08-19 11:30:00,7,8,19,11,30,560,214,,47.501,-2.828,Plein jour,Hors agglomération,Hors intersection,Normale,Autre collision,,,,,,,,,,,1,1,1,1,6
200700048454,0007-08-22 14:45:00,7,8,22,14,45,420,324,,,,Plein jour,Hors agglomération,Autre intersection,Normale,Autre collision,,,,,,,,,,,1,1,9,1,6
200700048455,0007-08-19 06:45:00,7,8,19,6,45,880,62,,,,Plein jour,Hors agglomération,Hors intersection,Normale,Deux véhicules - arrière,,,,,,,,,,,1,1,1,1,2
200700048456,0007-08-04 12:45:00,7,8,4,12,45,380,553,boulevard de villefontai,45.61,5.156,Plein jour,En agglomération,Hors intersection,Normale,Deux véhicules - côté,,,,,,,,,,,1,2,1,1,3
200700048457,0007-08-05 00:30:00,7,8,5,0,30,130,113,,,,Nuit sans éclairage public,Hors agglomération,Hors intersection,Normale,Autre collision,,,,,,,,,,,3,1,1,1,6
200700048458,0007-08-01 13:30:00,7,8,1,13,30,410,161,,,,Plein jour,Hors agglomération,Hors intersection,Normale,Autre collision,,,,,,,,,,,1,1,1,1,6
200700048459,0007-08-19 05:30:00,7,8,19,5,30,180,279,,,,Nuit sans éclairage public,Hors agglomération,Hors intersection,Pluie légère,Autre collision,,,,,,,,,,,3,1,1,2,6
200700048460,0007-08-22 07:45:00,7,8,22,7,45,410,256,,,,Plein jour,Hors agglomération,Hors intersection,Pluie forte,Autre collision,,,,,,,,,,,1,1,1,3,6
200700048461,0007-08-11 09:30:00,7,8,11,9,30,10,331,,,,Plein jour,Hors agglomération,Hors intersection,Normale,Autre collision,,,,,,,,,,,1,1,1,1,6
200700048462,0007-08-25 02:00:00,7,8,25,2,0,130,44,,,,Nuit sans éclairage public,Hors agglomération,Hors intersection,Normale,Deux véhicules - côté,,,,,,,,,,,3,1,1,1,3
200700048463,0007-08-11 20:45:00,7,8,11,20,45,60,84,Route de Tiragon.,,,Nuit avec éclairage allumé,En agglomération,Hors intersection,Normale,Deux véhicules - frontale,,,,,,,,,,,5,2,1,1,1
200700048464,0007-08-31 18:00:00,7,8,31,18,0,60,90,,43.604,6.924,Plein jour,En agglomération,Hors intersection,Normale,Deux véhicules - frontale,,,,,,,,,,,1,2,1,1,1
200700048465,0007-08-26 01:45:00,7,8,26,1,45,490,127,,,,Nuit sans éclairage public,Hors agglomération,Hors intersection,Normale,Deux véhicules - arrière,,,,,,,,,,,3,1,1,1,2
200700048466,0007-08-11 06:00:00,7,8,11,6,0,400,94,,,,Plein jour,Hors agglomération,Hors intersection,Normale,Autre collision,,,,,,,,,,,1,1,1,1,6