accident_id,datetime,annee,mois,jour,heure,minute,departement,commune_insee,adresse,latitude,longitude,luminosite,agglomeration,intersection,meteo,collision,nb_vehicules,nb_usagers,nb_indemnes,nb_tues,nb_blesses_hosp,nb_blesses_legers,age_cond_1,age_cond_2,veh_type_cond_1,veh_type_cond_2,lum_code,agg_code,int_code,atm_code,col_code
200700048467,0007-08-06 17:00:00,7,8,6,17,0,670,343,,48.613,7.682,Plein jour,Hors agglomération,Hors intersection,Normale,Trois véhicules et plus - en chaîne,,,,,,,,,,,1,1,1,1,4
200700048468,0007-08-08 10:30:00,7,8,8,10,30,670,471,37 rue du Mal Leclerc,48.639,7.738,Plein jour,En agglomération,Hors intersection,Pluie légère,Autre collision,,,,,,,,,,,1,2,1,2,6
200700048469,0007-08-25 16:00:00,7,8,25,16,0,650,417,,43.222,0.114,Plein jour,Hors agglomération,Hors intersection,Normale,Sans collision,,,,,,,,,,,1,1,1,1,7
200700048470,0007-08-24 18:30:00,7,8,24,18,30,380,530,rue Blaise Pascal,45.619,5.173,Plein jour,En agglomération,Intersection en X,Normale,Deux véhicules - côté,,,,,,,,,,,1,2,2,1,3
200700048471,0007-08-16 06:00:00,7,8,16,6,0,30,256,,46.346,2.879,Crépuscule ou aube,Hors agglomération,Hors intersection,Temps couvert,Autre collision,,,,,,,,,,,2,1,1,8,6
200700048472,0007-08-19 17:30:00,7,8,19,17,30,30,256,,46.334,2.91,Plein jour,Hors agglomération,Hors intersection,Normale,Deux véhicules - arrière,,,,,,,,,,,1,1,1,1,2
200700048473,0007-08-19 07:45:00,7,8,19,7,45,180,209,,46.612,2.509,Plein jour,Hors agglomération,Hors intersection,Pluie légère,Deux véhicules - côté,,,,,,,,,,,1,1,1,2,3
200700048474,0007-08-15 10:30:00,7,8,15,10,30,210,57,,47.251,5.242,Plein jour,Hors agglomération,Hors intersection,Normale,Autre collision,,,,,,,,,,,1,1,1,1,6
200700048475,0007-08-02 17:30:00,7,8,2,17,30,130,113,,,,Plein jour,Hors agglomération,Hors intersection,Normale,Deux véhicules - côté,,,,,,,,,,,1,1,1,1,3
200700048476,0007-08-03 14:45:00,7,8,3,14,45,730,79,,,,Plein jour,Hors agglomération,Hors intersection,Normale,Sans collision,,,,,,,,,,,1,1,1,1,7
200700048477,0007-08-04 19:00:00,7,8,4,19,0,380,495,,,,Plein jour,Hors agglomération,Hors intersection,Normale,Deux véhicules - côté,,,,,,,,,,,1,1,1,1,3
200700048478,0007-08-12 09:45:00,7,8,12,9,45,380,454,,45.16,5.36,Plein jour,Hors agglomération,Hors intersection,Normale,Deux véhicules - arrière,,,,,,,,,,,1,1,1,1,2
200700048479,0007-08-12 22:00:00,7,8,12,22,0,260,57,,45.02,5.07,Nuit sans éclairage public,Hors agglomération,Hors intersection,Normale,Autre collision,,,,,,,,,,,3,1,1,1,6
200700048480,0007-08-26 14:15:00,7,8,26,14,15,380,4,,45.21,5.46,Plein jour,Hors agglomération,Hors intersection,Normale,Deux véhicules - arrière,,,,,,,,,,,1,1,1,1,2
200700048481,0007-08-18 18:00:00,7,8,18,18,0,350,352,,,,Plein jour,Hors agglomération,Hors intersection,Normale,Deux véhicules - frontale,,,,,,,,,,,1,1,1,1,1
200700048482,0007-08-06 04:30:00,7,8,6,4,30,510,99,,,,Nuit sans éclairage public,Hors agglomération,Hors intersection,Normale,Autre collision,,,,,,,,,,,3,1,1,1,6
200700048483,0007-08-29 16:00:00,7,8,29,16,0,620,307,Route de Peuplingues,50.919,1.727,Plein jour,En agglomération,Hors intersection,Normale,Deux véhicules - frontale,,,,,,,,,,,1,2,1,1,1
200700048484,0007-08-03 07:15:00,7,8,3,7,15,310,118,,,,Crépuscule ou aube,Hors agglomération,Hors intersection,Normale,Deux véhicules - arrière,,,,,,,,,,,2,1,1,1,2
200700048485,0007-08-16 20:45:00,7,8,16,20,45,770,279,,48.382,3.014,Crépuscule ou aube,Hors agglomération,Hors intersection,Normale,Deux véhicules - arrière,,,,,,,,,,,2,1,1,1,2
200700048486,0007-08-18 09:30:00,7,8,18,9,30,770,279,,48.382,3.023,Plein jour,Hors agglomération,Hors intersection,Normale,Deux véhicules - frontale,,,,,,,,,,,1,1,1,1,1
200700048487,0007-08-26 14:00:00,7,8,26,14,0,600,10,,,,Plein jour,Hors agglomération,Hors intersection,Normale,Deux véhicules - arrière,,,,,,,,,,,1,1,1,1,2
200700048488,0007-08-04 13:00:00,7,8,4,13,0,850,223,,46.542,-1.08,Plein jour,Hors agglomération,Hors intersection,Normale,Sans collision,,,,,,,,,,,1,1,1,1,7
200700048489,0007-08-27 11:45:00,7,8,27,11,45,310,395,,43.44,1.31,Plein jour,Hors agglomération,Hors intersection,Normale,Autre collision,,,,,,,,,,,1,1,1,1,6
200700048490,0007-08-09 14:45:00,7,8,9,14,45,800,692,,,,Plein jour,Hors agglomération,Hors intersection,Normale,Autre collision,,,,,,,,,,,1,1,1,1,6
200700048491,0007-08-29 20:45:00,7,8,29,20,45,620,156,,,,Crépuscule ou aube,Hors agglomération,Hors intersection,Normale,Sans collision,,,,,,,,,,,2,1,1,1,7
200700048492,0007-08-02 06:00:00,7,8,2,6,0,460,304,,,,Nuit sans éclairage public,Hors agglomération,Hors intersection,Autre,Deux véhicules - arrière,,,,,,,,,,,3,1,1,9,2
200700048493,0007-08-04 23:00:00,7,8,4,23,0,190,72,,,,Nuit sans éclairage public,Hors agglomération,Hors intersection,Normale,Autre collision,,,,,,,,,,,3,1,1,1,6
200700048494,0007-08-03 02:30:00,7,8,3,2,30,450,53,,,,Nuit sans éclairage public,Hors agglomération,Hors intersection,Normale,Sans collision,,,,,,,,,,,3,1,1,1,7
200700048495,0007-08-13 20:30:00,7,8,13,20,30,450,53,,,,Plein jour,Hors agglomération,Hors intersection,Normale,Autre collision,,,,,,,,,,,1,1,1,1,6
200700048496,0007-08-09 23:00:00,7,8,9,23,0,480,99,,44.518,3.254,Nuit sans éclairage public,Hors agglomération,Hors intersection,Normale,Deux véhicules - frontale,,,,,,,,,,,3,1,1,1,1
200700048497,0007-08-18 19:15:00,7,8,18,19,15,480,17,,,,Plein jour,Hors agglomération,Hors intersection,Normale,Autre collision,,,,,,,,,,,1,1,1,1,6
200700048498,0007-08-19 20:30:00,7,8,19,20,30,480,17,,,,Nuit sans éclairage public,Hors agglomération,Hors intersection,Normale,Autre collision,,,,,,,,,,,3,1,1,1,6
200700048499,0007-08-25 13:15:00,7,8,25,13,15,340,239,,43.657,3.522,Plein jour,Hors agglomération,Hors intersection,Normale,Trois véhicules et plus - en chaîne,,,,,,,,,,,1,1,1,1,4
200700048500,0007-08-06 16:45:00,7,8,6,16,45,190,180,,,,Plein jour,Hors agglomération,Hors intersection,Pluie légère,Autre collision,,,,,,,,,,,1,1,1,2,6
200700048501,0007-08-11 18:45:00,7,8,11,18,45,190,130,,,,Plein jour,Hors agglomération,Hors intersection,Normale,Trois véhicules et plus - collisions multiples,,,,,,,,,,,1,1,1,1,5
200700048502,0007-08-04 09:00:00,7,8,4,9,0,150,22,,45.206,3.195,Plein jour,Hors agglomération,Hors intersection,Normale,Deux véhicules - arrière,,,,,,,,,,,1,1,1,1,2
200700048503,0007-08-18 18:20:00,7,8,18,18,20,780,356,HAMEAU DE BULOYER,,,Plein jour,Hors agglomération,Intersection en X,Normale,Deux véhicules - côté,,,,,,,,,,,1,1,2,1,3
200700048504,0007-08-19 18:00:00,7,8,19,18,0,780,356,CD 195 PK 3,48.74,2.06,Plein jour,Hors agglomération,Hors intersection,Normale,Sans collision,,,,,,,,,,,1,1,1,1,7
200700048505,0007-08-14 16:00:00,7,8,14,16,0,720,24,,48.111,0.178,Plein jour,Hors agglomération,Hors intersection,Pluie légère,Deux véhicules - frontale,,,,,,,,,,,1,1,1,2,1
200700048506,0007-08-23 07:45:00,7,8,23,7,45,950,392,,49.088,2.209,Crépuscule ou aube,Hors agglomération,Hors intersection,Pluie légère,Sans collision,,,,,,,,,,,2,1,1,2,7
200700048507,0007-08-14 07:15:00,7,8,14,7,15,460,204,,44.696,1.533,Plein jour,Hors agglomération,Hors intersection,Normale,Sans collision,,,,,,,,,,,1,1,1,1,7
200700048508,0007-08-18 13:15:00,7,8,18,13,15,720,56,,,,Plein jour,Hors agglomération,Hors intersection,Normale,Autre collision,,,,,,,,,,,1,1,1,1,6
200700048509,0007-08-05 12:45:00,7,8,5,12,45,490,92,,,,Plein jour,Hors agglomération,Hors intersection,Normale,Autre collision,,,,,,,,,,,1,1,1,1,6
200700048510,0007-08-09 18:00:00,7,8,9,18,0,850,302,,,,Plein jour,Hors agglomération,Hors intersection,Normale,Autre collision,,,,,,,,,,,1,1,1,1,6
200700048511,0007-08-20 17:00:00,7,8,20,17,0,680,375,rue de Reiningue,47.808,7.238,Plein jour,En agglomération,Hors intersection,Normale,Autre collision,,,,,,,,,,,1,2,1,1,6
200700048512,0007-08-25 20:00:00,7,8,25,20,0,190,146,,45.34,1.79,Plein jour,Hors agglomération,Hors intersection,Normale,Sans collision,,,,,,,,,,,1,1,1,1,7
200700048513,0007-08-11 08:00:00,7,8,11,8,0,140,374,,,,Plein jour,Hors agglomération,Hors intersection,Normale,Deux véhicules - arrière,,,,,,,,,,,1,1,1,1,2
200700048514,0007-08-14 10:00:00,7,8,14,10,0,310,547,,43.488,1.308,Plein jour,Hors agglomération,Hors intersection,Normale,Autre collision,,,,,,,,,,,1,1,1,1,6
200700048515,0007-08-16 11:15:00,7,8,16,11,15,300,47,,43.799,4.423,Plein jour,Hors agglomération,Hors intersection,Normale,Deux véhicules - côté,,,,,,,,,,,1,1,1,1,3
200700048516,0007-08-24 12:15:00,7,8,24,12,15,300,34,,,,Plein jour,Hors agglomération,Hors intersection,Normale,Deux véhicules - frontale,,,,,,,,,,,1,1,1,1,1
200700048517,0007-08-06 15:45:00,7,8,6,15,45,840,137,avenue marcel pagnol,,,Plein jour,En agglomération,Hors intersection,Normale,Deux véhicules - frontale,,,,,,,,,,,1,2,1,1,1
200700048518,0007-08-09 23:15:00,7,8,9,23,15,130,83,RD 570N - RD 35,43.91,4.805,Nuit sans éclairage public,En agglomération,Hors intersection,Normale,Autre collision,,,,,,,,,,,3,2,1,1,6
200700048519,0007-08-08 17:45:00,7,8,8,17,45,340,192,Avenue Abbe Brocardi,43.534,3.931,Plein jour,En agglomération,Intersection en T,Normale,Deux véhicules - côté,,,,,,,,,,,1,2,3,1,3
200700048520,0007-08-26 04:45:00,7,8,26,4,45,340,192,QUAI FRANCOIS VICAL,43.534,3.932,Nuit sans éclairage public,En agglomération,Hors intersection,Normale,Autre collision,,,,,,,,,,,3,2,1,1,6
200700048521,0007-08-22 13:00:00,7,8,22,13,0,760,255,,,,Plein jour,Hors agglomération,Hors intersection,Pluie forte,Deux véhicules - frontale,,,,,,,,,,,1,1,1,3,1
200700048522,0007-08-24 16:30:00,7,8,24,16,30,760,619,,,,Plein jour,Hors agglomération,Hors intersection,Normale,Deux véhicules - frontale,,,,,,,,,,,1,1,1,1,1
200700048523,0007-08-01 15:30:00,7,8,1,15,30,760,673,,49.482,1.26,Plein jour,Hors agglomération,Hors intersection,Normale,Autre collision,,,,,,,,,,,1,1,1,1,6
200700048524,0007-08-18 18:45:00,7,8,18,18,45,310,32,,43.679,1.354,Plein jour,Hors agglomération,Hors intersection,Normale,Deux véhicules - frontale,,,,,,,,,,,1,1,1,1,1
200700048525,0007-08-28 08:45:00,7,8,28,8,45,310,56,RUE DE LA REPUBLIQUE,43.669,1.377,Plein jour,En agglomération,Hors intersection,Normale,Deux véhicules - côté,,,,,,,,,,,1,2,1,1,3
200700048526,0007-08-31 00:45:00,7,8,31,0,45,310,150,Avenue de Latécoère,43.649,1.338,Nuit avec éclairage non allumé,En agglomération,Hors intersection,Normale,Autre collision,,,,,,,,,,,4,2,1,1,6
200700048527,0007-08-04 19:00:00,7,8,4,19,0,250,482,CD 67 PK 3+100,,,Plein jour,Hors agglomération,Hors intersection,Normale,Autre collision,,,,,,,,,,,1,1,1,1,6
200700048528,0007-08-18 13:15:00,7,8,18,13,15,250,317,,,,Plein jour,Hors agglomération,Hors intersection,Normale,Deux véhicules - côté,,,,,,,,,,,1,1,1,1,3
200700048529,0007-08-23 16:00:00,7,8,23,16,0,250,381,,,,Plein jour,Hors agglomération,Hors intersection,Normale,Deux véhicules - côté,,,,,,,,,,,1,1,1,1,3
200700048530,0007-08-08 05:15:00,7,8,8,5,15,950,328,,,,Nuit sans éclairage public,Hors agglomération,Hors intersection,Pluie forte,Deux véhicules - frontale,,,,,,,,,,,3,1,1,3,1
200700048531,0007-08-12 05:30:00,7,8,12,5,30,560,101,,47.811,-3.123,Nuit sans éclairage public,Hors agglomération,Hors intersection,Normale,Autre collision,,,,,,,,,,,3,1,1,1,6
200700048532,0007-08-18 17:45:00,7,8,18,17,45,560,31,,47.863,-3.01,Plein jour,Hors agglomération,Hors intersection,Normale,Deux véhicules - frontale,,,,,,,,,,,1,1,1,1,1
200700048533,0007-08-16 09:30:00,7,8,16,9,30,560,90,QUARTIER JULIEN LEGRAND,,,Plein jour,En agglomération,Hors intersection,Temps éblouissant,Autre collision,,,,,,,,,,,1,2,1,7,6
200700048534,0007-08-23 22:45:00,7,8,23,22,45,350,31,rue Jean-Marie PAVY,,,Nuit sans éclairage public,En agglomération,Autre intersection,Normale,Deux véhicules - frontale,,,,,,,,,,,3,2,9,1,1
200700048535,0007-08-14 12:45:00,7,8,14,12,45,620,43,RD 943,,,Plein jour,En agglomération,Hors intersection,Normale,Deux véhicules - arrière,,,,,,,,,,,1,2,1,1,2
200700048536,0007-08-31 12:45:00,7,8,31,12,45,620,452,,,,Plein jour,Hors agglomération,Hors intersection,Normale,Deux véhicules - frontale,,,,,,,,,,,1,1,1,1,1
200700048537,0007-08-02 17:45:00,7,8,2,17,45,240,139,,,,Plein jour,Hors agglomération,Hors intersection,Normale,Deux véhicules - arrière,,,,,,,,,,,1,1,1,1,2
200700048538,0007-08-24 20:30:00,7,8,24,20,30,340,77,,43.653,3.886,Plein jour,Hors agglomération,Hors intersection,Normale,Deux véhicules - côté,,,,,,,,,,,1,1,1,1,3
200700048539,0007-08-30 21:00:00,7,8,30,21,0,340,77,,43.658,3.876,Nuit sans éclairage public,Hors agglomération,Giratoire,Normale,Deux véhicules - côté,,,,,,,,,,,3,1,6,1,3
200700048540,0007-08-10 09:20:00,7,8,10,9,20,770,425,Intersection CD 50 et CV,48.442,2.561,Plein jour,En agglomération,Intersection en X,Normale,Deux véhicules - côté,,,,,,,,,,,1,2,2,1,3
200700048541,0007-08-26 06:00:00,7,8,26,6,0,770,65,,48.461,2.52,Crépuscule ou aube,Hors agglomération,Hors intersection,Brouillard / fumée,Sans collision,,,,,,,,,,,2,1,1,5,7
200700048542,0007-08-29 12:00:00,7,8,29,12,0,770,22,RUE DU GENERAL DE GAULLE,48.451,2.603,Plein jour,En agglomération,Hors intersection,Temps couvert,Deux véhicules - côté,,,,,,,,,,,1,2,1,8,3
200700048543,0007-08-03 00:30:00,7,8,3,0,30,300,191,,,,Nuit sans éclairage public,Hors agglomération,Autre intersection,Normale,Autre collision,,,,,,,,,,,3,1,9,1,6
200700048544,0007-08-26 19:15:00,7,8,26,19,15,300,92,,,,Plein jour,Hors agglomération,Intersection en X,Normale,Deux véhicules - côté,,,,,,,,,,,1,1,2,1,3
200700048545,0007-08-30 08:30:00,7,8,30,8,30,300,141,,,,Plein jour,Hors agglomération,Giratoire,Normale,Deux véhicules - arrière,,,,,,,,,,,1,1,6,1,2
200700048546,0007-08-10 06:45:00,7,8,10,6,45,220,84,,48.42,-2.31,Crépuscule ou aube,Hors agglomération,Hors intersection,Normale,Sans collision,,,,,,,,,,,2,1,1,1,7
200700048547,0007-08-18 14:30:00,7,8,18,14,30,220,305,,,,Plein jour,Hors agglomération,Hors intersection,Normale,Autre collision,,,,,,,,,,,1,1,1,1,6
200700048548,0007-08-21 00:45:00,7,8,21,0,45,940,54,Route sens P4 vers P7 ha,,,Nuit avec éclairage allumé,Hors agglomération,Hors intersection,Normale,Autre collision,,,,,,,,,,,5,1,1,1,6
200700048549,0007-08-05 19:30:00,7,8,5,19,30,10,53,KENNEDY BVD J  - PAIR ),,,Plein jour,En agglomération,Intersection en X,Normale,Deux véhicules - côté,,,,,,,,,,,1,2,2,1,3
200700048550,0007-08-15 08:20:00,7,8,15,8,20,10,53,"SANS N, SPORTS ((AVENUE",,,Plein jour,En agglomération,Intersection à plus de 4 branches,Normale,Autre collision,,,,,,,,,,,1,2,5,1,6
200700048551,0007-08-26 11:35:00,7,8,26,11,35,10,53,"19, BAUDIN (AVENUE ALPHO",,,Plein jour,En agglomération,Hors intersection,Normale,Autre collision,,,,,,,,,,,1,2,1,1,6
200700048552,0007-08-19 02:40:00,7,8,19,2,40,10,53,JOLIOT CURIE ( BOULEVARD,,,Nuit avec éclairage non allumé,En agglomération,Intersection en X,Normale,Deux véhicules - côté,,,,,,,,,,,4,2,2,1,3
200700048553,0007-08-08 15:47:00,7,8,8,15,47,10,283,"1, MARCHON (ROUTE DE)",,,Plein jour,En agglomération,Intersection en Y,Pluie légère,Deux véhicules - côté,,,,,,,,,,,1,2,4,2,3
200700048554,0007-08-24 15:20:00,7,8,24,15,20,10,14,GENERAL DE GAULLE (RUE),,,Plein jour,En agglomération,Intersection en X,Normale,Deux véhicules - côté,,,,,,,,,,,1,2,2,1,3
200700048555,0007-08-27 19:27:00,7,8,27,19,27,20,157,RN 2,,,Plein jour,Hors agglomération,Hors intersection,Normale,Deux véhicules - frontale,,,,,,,,,,,1,1,1,1,1
200700048556,0007-08-13 19:25:00,7,8,13,19,25,20,691,":, NEUVILLE-ST-AMAND (RT",,,Plein jour,En agglomération,Hors intersection,Normale,Deux véhicules - côté,,,,,,,,,,,1,2,1,1,3
200700048557,0007-08-19 19:05:00,7,8,19,19,5,20,691,":, VERDUN (BD DE)",,,Crépuscule ou aube,En agglomération,Hors intersection,Pluie légère,Deux véhicules - arrière,,,,,,,,,,,2,2,1,2,2
200700048558,0007-08-25 17:25:00,7,8,25,17,25,20,340,R.D 1029,,,Plein jour,Hors agglomération,Hors intersection,Normale,Deux véhicules - frontale,,,,,,,,,,,1,1,1,1,1
200700048559,0007-08-29 14:45:00,7,8,29,14,45,20,691,":, TREPORT (ROUTE DU)",,,Plein jour,En agglomération,Hors intersection,Normale,Deux véhicules - côté,,,,,,,,,,,1,2,1,1,3
200700048560,0007-08-18 17:40:00,7,8,18,17,40,20,691,"10 bis, MULHOUSE DE 8 A",,,Plein jour,En agglomération,Hors intersection,Normale,Autre collision,,,,,,,,,,,1,2,1,1,6
200700048561,0007-08-15 03:25:00,7,8,15,3,25,20,722,"SANS, ROUTE NATIONALE 2",,,Nuit sans éclairage public,Hors agglomération,Intersection en X,Pluie légère,Sans collision,,,,,,,,,,,3,1,2,2,7
200700048562,0007-08-18 19:45:00,7,8,18,19,45,30,13,RN 7,,,Plein jour,En agglomération,Intersection en Y,Normale,Autre collision,,,,,,,,,,,1,2,4,1,6
200700048563,0007-08-04 15:00:00,7,8,4,15,0,30,94,BOURZAT (RUE DE),,,Plein jour,Hors agglomération,Hors intersection,Normale,Trois véhicules et plus - collisions multiples,,,,,,,,,,,1,1,1,1,5
200700048564,0007-08-10 20:00:00,7,8,10,20,0,30,95,BRUYERES (LES  -  LIEU D,,,Plein jour,Hors agglomération,Hors intersection,Pluie légère,Sans collision,,,,,,,,,,,1,1,1,2,7
200700048565,0007-08-24 11:30:00,7,8,24,11,30,30,310,"48, AILES (ALLEE DES)",,,Plein jour,En agglomération,Hors intersection,Normale,Autre collision,,,,,,,,,,,1,2,1,1,6
200700048566,0007-08-31 10:40:00,7,8,31,10,40,30,95,"24, ROUX (AVENUE GILBERT",,,Plein jour,En agglomération,Intersection en T,Normale,Deux véhicules - arrière,,,,,,,,,,,1,2,3,1,2
200700048567,0007-08-09 17:20:00,7,8,9,17,20,40,70,CD 900 A,,,Plein jour,Hors agglomération,Hors intersection,Normale,Sans collision,,,,,,,,,,,1,1,1,1,7
200700048568,0007-08-22 12:40:00,7,8,22,12,40,40,70,GAULLE (PL. DU GAL. DE),,,Plein jour,En agglomération,Hors intersection,Normale,Autre collision,,,,,,,,,,,1,2,1,1,6
200700048569,0007-08-04 12:10:00,7,8,4,12,10,40,112,MORT D'IMBERT (MTE. DE L,,,Plein jour,En agglomération,Hors intersection,Normale,Deux véhicules - côté,,,,,,,,,,,1,2,1,1,3
200700048570,0007-08-13 20:00:00,7,8,13,20,0,40,112,MOULIN (AV. J.),,,Plein jour,En agglomération,Giratoire,Normale,Deux véhicules - côté,,,,,,,,,,,1,2,6,1,3
200700048571,0007-08-28 10:30:00,7,8,28,10,30,40,112,D907,,,Plein jour,Hors agglomération,Intersection en X,Normale,Deux véhicules - côté,,,,,,,,,,,1,1,2,1,3
200700048572,0007-08-16 18:45:00,7,8,16,18,45,50,23,IZOARD (AVENUE DU COL D',,,Plein jour,Hors agglomération,Hors intersection,Normale,Sans collision,,,,,,,,,,,1,1,1,1,7
200700048573,0007-08-01 18:05:00,7,8,1,18,5,50,61,RN 85,,,Plein jour,Hors agglomération,Intersection en T,Normale,Deux véhicules - arrière,,,,,,,,,,,1,1,3,1,2
200700048574,0007-08-02 16:45:00,7,8,2,16,45,50,61,"14, STE MARGUERITE ( ROU",,,Plein jour,En agglomération,Intersection en T,Normale,Deux véhicules - côté,,,,,,,,,,,1,2,3,1,3
200700048575,0007-08-05 05:15:00,7,8,5,5,15,50,61,PLAN DE GAP ( RUE DU ),,,Nuit avec éclairage allumé,En agglomération,Hors intersection,Normale,Sans collision,,,,,,,,,,,5,2,1,1,7
200700048576,0007-08-05 11:40:00,7,8,5,11,40,50,61,PIERRE ET MARIE CURIE (,,,Plein jour,En agglomération,Intersection en T,Normale,Deux véhicules - côté,,,,,,,,,,,1,2,3,1,3
200700048577,0007-08-06 20:02:00,7,8,6,20,2,50,61,D 45,,,Crépuscule ou aube,Hors agglomération,Intersection en T,Normale,Deux véhicules - côté,,,,,,,,,,,2,1,3,1,3
200700048578,0007-08-26 17:45:00,7,8,26,17,45,50,61,GEORGES POMPIDOU ( BD),,,Plein jour,En agglomération,Intersection en T,Normale,Deux véhicules - arrière,,,,,,,,,,,1,2,3,1,2
200700048579,0007-08-27 20:45:00,7,8,27,20,45,50,61,COMMANDANT DUMONT ( AVEN,,,Crépuscule ou aube,En agglomération,Intersection en T,Normale,Deux véhicules - côté,,,,,,,,,,,2,2,3,1,3
200700048580,0007-08-28 16:35:00,7,8,28,16,35,50,61,RN 94,,,Plein jour,Hors agglomération,Intersection en T,Normale,Deux véhicules - côté,,,,,,,,,,,1,1,3,1,3
200700048581,0007-08-29 18:57:00,7,8,29,18,57,50,61,RN 85,,,Plein jour,Hors agglomération,Autre intersection,Normale,Sans collision,,,,,,,,,,,1,1,9,1,7
200700048582,0007-08-01 13:08:00,7,8,1,13,8,60,4,SOLEAU AV.ROBERT,,,Plein jour,En agglomération,Intersection en X,Normale,Deux véhicules - côté,,,,,,,,,,,1,2,2,1,3
200700048583,0007-08-02 13:10:00,7,8,2,13,10,60,4,"252, NICE(RN.7) AV.ET RT",,,Plein jour,En agglomération,Intersection en T,Normale,Deux véhicules - côté,,,,,,,,,,,1,2,3,1,3
200700048584,0007-08-03 04:50:00,7,8,3,4,50,60,4,RD6098,,,Nuit avec éclairage allumé,En agglomération,Hors intersection,Normale,Deux véhicules - côté,,,,,,,,,,,5,2,1,1,3
200700048585,0007-08-04 15:00:00,7,8,4,15,0,60,4,", LECLERC BD MARECHAL",,,Plein jour,En agglomération,Place,Normale,Deux véhicules - frontale,,,,,,,,,,,1,2,7,1,1
200700048586,0007-08-05 02:25:00,7,8,5,2,25,60,4,MEILLAND BD FRANCIS,,,Nuit avec éclairage allumé,En agglomération,Intersection en X,Normale,Autre collision,,,,,,,,,,,5,2,2,1,6
200700048587,0007-08-05 00:54:00,7,8,5,0,54,60,4,"1026, SAINT CLAUDE CH.DE",,,Nuit avec éclairage allumé,En agglomération,Hors intersection,Normale,Autre collision,,,,,,,,,,,5,2,1,1,6
200700048588,0007-08-05 07:55:00,7,8,5,7,55,60,4,CANNES(RN.7) AV.DE,,,Plein jour,En agglomération,Intersection en X,Normale,Deux véhicules - côté,,,,,,,,,,,1,2,2,1,3
200700048589,0007-08-05 19:25:00,7,8,5,19,25,60,4,"19, COURBET AV.AMIRAL",,,Plein jour,En agglomération,Hors intersection,Normale,Trois véhicules et plus - collisions multiples,,,,,,,,,,,1,2,1,1,5
200700048590,0007-08-09 13:25:00,7,8,9,13,25,60,4,SABLES CH.ET ALLEE,,,Plein jour,En agglomération,Giratoire,Normale,Deux véhicules - côté,,,,,,,,,,,1,2,6,1,3
200700048591,0007-08-09 20:00:00,7,8,9,20,0,60,4,"2081, NICE(RN.7) AV.ET R",,,Plein jour,Hors agglomération,Intersection en T,Normale,Deux véhicules - côté,,,,,,,,,,,1,1,3,1,3
200700048592,0007-08-12 19:30:00,7,8,12,19,30,60,4,POINCARE BD RAYMOND,,,Plein jour,En agglomération,Intersection en X,Normale,Deux véhicules - côté,,,,,,,,,,,1,2,2,1,3
200700048593,0007-08-13 17:35:00,7,8,13,17,35,60,4,WILSON BD,,,Plein jour,En agglomération,Hors intersection,Normale,Deux véhicules - arrière,,,,,,,,,,,1,2,1,1,2
200700048594,0007-08-14 08:00:00,7,8,14,8,0,60,4,SOLEAU AV.ROBERT,,,Plein jour,En agglomération,Intersection en X,Normale,Deux véhicules - côté,,,,,,,,,,,1,2,2,1,3
200700048595,0007-08-14 17:55:00,7,8,14,17,55,60,4,RD6007,,,Plein jour,Hors agglomération,Hors intersection,Normale,Deux véhicules - côté,,,,,,,,,,,1,1,1,1,3
200700048596,0007-08-16 13:00:00,7,8,16,13,0,60,4,REIBAUD AV.,,,Plein jour,En agglomération,Intersection en T,Normale,Deux véhicules - côté,,,,,,,,,,,1,2,3,1,3
200700048597,0007-08-17 05:55:00,7,8,17,5,55,60,4,NICE(RN.7) AV.ET RTE DE,,,Crépuscule ou aube,En agglomération,Intersection en X,Normale,Deux véhicules - côté,,,,,,,,,,,2,2,2,1,3
200700048598,0007-08-17 13:00:00,7,8,17,13,0,60,4,CANNES(RN.7) AV.DE,,,Plein jour,En agglomération,Autre intersection,Normale,Deux véhicules - frontale,,,,,,,,,,,1,2,9,1,1
200700048599,0007-08-17 15:20:00,7,8,17,15,20,60,4,REIBAUD AV.,,,Plein jour,En agglomération,Hors intersection,Normale,Trois véhicules et plus - en chaîne,,,,,,,,,,,1,2,1,1,4
200700048600,0007-08-21 14:15:00,7,8,21,14,15,60,4,BIOT (CD.4) RTE DE,,,Plein jour,En agglomération,Hors intersection,Normale,Deux véhicules - arrière,,,,,,,,,,,1,2,1,1,2
200700048601,0007-08-21 14:20:00,7,8,21,14,20,60,4,"45 TER, RD6007",,,Plein jour,En agglomération,Hors intersection,Normale,Trois véhicules et plus - en chaîne,,,,,,,,,,,1,2,1,1,4
200700048602,0007-08-18 00:20:00,7,8,18,0,20,60,155,"1294, RD6098",,,Nuit avec éclairage allumé,En agglomération,Hors intersection,Normale,Deux véhicules - côté,,,,,,,,,,,5,2,1,1,3
200700048603,0007-08-23 07:55:00,7,8,23,7,55,60,4,CHATAIGNIERS AV.DU,,,Plein jour,En agglomération,Hors intersection,Normale,Deux véhicules - arrière,,,,,,,,,,,1,2,1,1,2
200700048604,0007-08-23 16:40:00,7,8,23,16,40,60,4,"247, ORANGERIE CH.DE L'",,,Plein jour,En agglomération,Hors intersection,Normale,Deux véhicules - frontale,,,,,,,,,,,1,2,1,1,1
200700048605,0007-08-24 02:18:00,7,8,24,2,18,60,4,"1791, NICE(RN.7) AV.ET R",,,Nuit sans éclairage public,En agglomération,Hors intersection,Normale,Autre collision,,,,,,,,,,,3,2,1,1,6