accident_id,datetime,annee,mois,jour,heure,minute,departement,commune_insee,adresse,latitude,longitude,luminosite,agglomeration,intersection,meteo,collision,nb_vehicules,nb_usagers,nb_indemnes,nb_tues,nb_blesses_hosp,nb_blesses_legers,age_cond_1,age_cond_2,veh_type_cond_1,veh_type_cond_2,lum_code,agg_code,int_code,atm_code,col_code
200700048606,0007-08-24 22:55:00,7,8,24,22,55,60,4,R.N.98 BORD DE MER SIEST,,,Nuit avec éclairage non allumé,Hors agglomération,Hors intersection,Normale,Deux véhicules - côté,,,,,,,,,,,4,1,1,1,3
200700048607,0007-08-26 20:45:00,7,8,26,20,45,60,4,ALGER AV.D',,,Crépuscule ou aube,En agglomération,Intersection en X,Normale,Deux véhicules - côté,,,,,,,,,,,2,2,2,1,3
200700048608,0007-08-27 19:15:00,7,8,27,19,15,60,4,LECLERC BD MARECHAL,,,Plein jour,En agglomération,Intersection en T,Normale,Autre collision,,,,,,,,,,,1,2,3,1,6
200700048609,0007-08-31 19:30:00,7,8,31,19,30,60,4,RD6098,,,Plein jour,En agglomération,Hors intersection,Normale,Autre collision,,,,,,,,,,,1,2,1,1,6
200700048610,0007-08-01 17:40:00,7,8,1,17,40,60,27,BUGADIERES ALLEE DES,,,Plein jour,En agglomération,Hors intersection,Normale,Autre collision,,,,,,,,,,,1,2,1,1,6
200700048611,0007-08-04 11:10:00,7,8,4,11,10,60,27,"87, NICE AVENUE DE (RN7)",,,Plein jour,En agglomération,Hors intersection,Normale,Autre collision,,,,,,,,,,,1,2,1,1,6
200700048612,0007-08-05 18:50:00,7,8,5,18,50,60,27,CANNES AVENUE DE (RN7),,,Plein jour,En agglomération,Hors intersection,Normale,Deux véhicules - côté,,,,,,,,,,,1,2,1,1,3
200700048613,0007-08-06 12:00:00,7,8,6,12,0,60,27,"46, GRASSE AVENUE DE",,,Plein jour,En agglomération,Intersection en T,Normale,Deux véhicules - côté,,,,,,,,,,,1,2,3,1,3
200700048614,0007-08-06 19:15:00,7,8,6,19,15,60,27,JUIN BOULEVARD MARECHAL,,,Plein jour,En agglomération,Intersection en T,Normale,Deux véhicules - côté,,,,,,,,,,,1,2,3,1,3
200700048615,0007-08-09 15:00:00,7,8,9,15,0,60,27,"73/75, GRASSE AVENUE DE",,,Plein jour,En agglomération,Hors intersection,Normale,Deux véhicules - arrière,,,,,,,,,,,1,2,1,1,2
200700048616,0007-08-09 22:20:00,7,8,9,22,20,60,27,NICE AVENUE DE (RN7),,,Nuit avec éclairage allumé,En agglomération,Hors intersection,Normale,Deux véhicules - arrière,,,,,,,,,,,5,2,1,1,2
200700048617,0007-08-11 14:30:00,7,8,11,14,30,60,27,CANNES AVENUE DE (RN7),,,Plein jour,En agglomération,Intersection en X,Normale,Trois véhicules et plus - collisions multiples,,,,,,,,,,,1,2,2,1,5
200700048618,0007-08-10 18:30:00,7,8,10,18,30,60,123,POMPIDOU GEORGES BOULEVA,,,Plein jour,En agglomération,Giratoire,Normale,Deux véhicules - arrière,,,,,,,,,,,1,2,6,1,2
200700048619,0007-08-14 23:30:00,7,8,14,23,30,60,27,"63, NICE AVENUE DE (RN7)",,,Nuit avec éclairage allumé,En agglomération,Hors intersection,Normale,Trois véhicules et plus - collisions multiples,,,,,,,,,,,5,2,1,1,5
200700048620,0007-08-17 15:00:00,7,8,17,15,0,60,123,"650, DE GAULLE GENERAL A",,,Plein jour,En agglomération,Intersection en T,Normale,Deux véhicules - arrière,,,,,,,,,,,1,2,3,1,2
200700048621,0007-08-18 18:30:00,7,8,18,18,30,60,27,"3, MASSENET CHEMIN DES",,,Plein jour,En agglomération,Hors intersection,Normale,Deux véhicules - côté,,,,,,,,,,,1,2,1,1,3
200700048622,0007-08-20 19:15:00,7,8,20,19,15,60,123,CURIE PIERRE ET MARIE AV,,,Plein jour,En agglomération,Intersection en T,Normale,Deux véhicules - côté,,,,,,,,,,,1,2,3,1,3
200700048623,0007-08-21 13:30:00,7,8,21,13,30,60,123,"86, FRANCE D'OUTRE MER A",,,Plein jour,En agglomération,Hors intersection,Normale,Autre collision,,,,,,,,,,,1,2,1,1,6
200700048624,0007-08-22 09:15:00,7,8,22,9,15,60,27,"13, ST LAURENT CHEMIN DE",,,Plein jour,En agglomération,Hors intersection,Normale,Autre collision,,,,,,,,,,,1,2,1,1,6
200700048625,0007-08-22 23:50:00,7,8,22,23,50,60,27,DRAKKAR ROND POINT,,,Nuit avec éclairage allumé,En agglomération,Giratoire,Normale,Autre collision,,,,,,,,,,,5,2,6,1,6
200700048626,0007-08-23 14:55:00,7,8,23,14,55,60,27,NICE AVENUE DE (RN7),,,Plein jour,En agglomération,Intersection en X,Normale,Deux véhicules - côté,,,,,,,,,,,1,2,2,1,3
200700048627,0007-08-23 18:30:00,7,8,23,18,30,60,27,GRASSE AVENUE DE,,,Plein jour,En agglomération,Hors intersection,Normale,Deux véhicules - côté,,,,,,,,,,,1,2,1,1,3
200700048628,0007-08-26 21:45:00,7,8,26,21,45,60,27,"56, PLAGE BOULEVARD DE L",,,Nuit avec éclairage allumé,En agglomération,Hors intersection,Normale,Trois véhicules et plus - collisions multiples,,,,,,,,,,,5,2,1,1,5
200700048629,0007-08-25 19:30:00,7,8,25,19,30,60,123,"107, PLANTIERS AVENUE DE",,,Plein jour,En agglomération,Hors intersection,Normale,Deux véhicules - frontale,,,,,,,,,,,1,2,1,1,1
200700048630,0007-08-27 17:45:00,7,8,27,17,45,60,27,GARE AVENUE DE LA,,,Plein jour,En agglomération,Intersection en X,Normale,Deux véhicules - côté,,,,,,,,,,,1,2,2,1,3
200700048631,0007-08-28 07:40:00,7,8,28,7,40,60,27,CANNES AVENUE DE (RN7),,,Plein jour,En agglomération,Hors intersection,Normale,Deux véhicules - côté,,,,,,,,,,,1,2,1,1,3
200700048632,0007-08-29 18:20:00,7,8,29,18,20,60,27,"14, TUILIERES AVENUE DES",,,Plein jour,En agglomération,Hors intersection,Normale,Deux véhicules - côté,,,,,,,,,,,1,2,1,1,3
200700048633,0007-08-31 08:50:00,7,8,31,8,50,60,27,PRESSES CHEMIN DES,,,Plein jour,En agglomération,Intersection en T,Normale,Deux véhicules - côté,,,,,,,,,,,1,2,3,1,3
200700048634,0007-08-31 19:10:00,7,8,31,19,10,60,27,"77, BESSET AVENUE CYRILL",,,Plein jour,En agglomération,Hors intersection,Normale,Deux véhicules - côté,,,,,,,,,,,1,2,1,1,3
200700048635,0007-08-01 10:50:00,7,8,1,10,50,60,29,JUIN (AVENUE MARECHAL),,,Plein jour,En agglomération,Hors intersection,Normale,Deux véhicules - arrière,,,,,,,,,,,1,2,1,1,2
200700048636,0007-08-01 15:20:00,7,8,1,15,20,60,30,"19/21, GAMBETTA (BOULEVA",,,Plein jour,En agglomération,Hors intersection,Normale,Deux véhicules - arrière,,,,,,,,,,,1,2,1,1,2
200700048637,0007-08-03 09:33:00,7,8,3,9,33,60,30,GAMBETTA (BOULEVARD),,,Plein jour,En agglomération,Hors intersection,Normale,Autre collision,,,,,,,,,,,1,2,1,1,6
200700048638,0007-08-02 18:45:00,7,8,2,18,45,60,29,MIDI (BOULEVARD DU),,,Plein jour,En agglomération,Hors intersection,Normale,Deux véhicules - côté,,,,,,,,,,,1,2,1,1,3
200700048639,0007-08-03 09:15:00,7,8,3,9,15,60,29,BASTIDE ROUGE,,,Plein jour,En agglomération,Hors intersection,Normale,Deux véhicules - côté,,,,,,,,,,,1,2,1,1,3
200700048640,0007-08-03 14:56:00,7,8,3,14,56,60,30,"20, JEANPIERRE (AVENUE M",,,Plein jour,En agglomération,Hors intersection,Normale,Deux véhicules - côté,,,,,,,,,,,1,2,1,1,3
200700048641,0007-08-03 17:05:00,7,8,3,17,5,60,30,"15bis, COLOMBIER (CHEMIN",,,Plein jour,En agglomération,Hors intersection,Pluie légère,Deux véhicules - côté,,,,,,,,,,,1,2,1,2,3
200700048642,0007-08-03 18:00:00,7,8,3,18,0,60,29,CARNOT (BOULEVARD),,,Plein jour,En agglomération,Hors intersection,Normale,Deux véhicules - côté,,,,,,,,,,,1,2,1,1,3
200700048643,0007-08-03 19:15:00,7,8,3,19,15,60,29,CROISETTE (BOULEVARD DE,,,Plein jour,En agglomération,Hors intersection,Normale,Deux véhicules - côté,,,,,,,,,,,1,2,1,1,3
200700048644,0007-08-05 11:00:00,7,8,5,11,0,60,29,"111, CROISETTE (BOULEVAR",,,Plein jour,En agglomération,Hors intersection,Normale,Sans collision,,,,,,,,,,,1,2,1,1,7
200700048645,0007-08-05 11:30:00,7,8,5,11,30,60,29,COUVERTURE VOIE FERREE,,,Plein jour,En agglomération,Hors intersection,Normale,Deux véhicules - côté,,,,,,,,,,,1,2,1,1,3
200700048646,0007-08-01 18:00:00,7,8,1,18,0,60,29,MIDI (BOULEVARD DU),,,Plein jour,En agglomération,Hors intersection,Normale,Deux véhicules - arrière,,,,,,,,,,,1,2,1,1,2
200700048647,0007-08-02 17:30:00,7,8,2,17,30,60,29,VALLOMBROSA ( PARC),,,Plein jour,En agglomération,Intersection en T,Normale,Deux véhicules - côté,,,,,,,,,,,1,2,3,1,3
200700048648,0007-08-06 10:04:00,7,8,6,10,4,60,29,PASTEUR (RUE),,,Plein jour,En agglomération,Hors intersection,Normale,Autre collision,,,,,,,,,,,1,2,1,1,6
200700048649,0007-08-06 12:17:00,7,8,6,12,17,60,29,TONNER (AVENUE FRANCIS),,,Plein jour,En agglomération,Hors intersection,Normale,Deux véhicules - côté,,,,,,,,,,,1,2,1,1,3
200700048650,0007-08-07 14:06:00,7,8,7,14,6,60,29,JUIN (AVENUE MARECHAL),,,Plein jour,En agglomération,Hors intersection,Pluie légère,Deux véhicules - côté,,,,,,,,,,,1,2,1,2,3
200700048651,0007-08-07 23:40:00,7,8,7,23,40,60,29,CROISETTE (BOULEVARD DE,,,Plein jour,En agglomération,Hors intersection,Normale,Deux véhicules - côté,,,,,,,,,,,1,2,1,1,3
200700048652,0007-08-09 22:00:00,7,8,9,22,0,60,29,RIVAGE (BOULEVARD DU),,,Nuit avec éclairage allumé,En agglomération,Hors intersection,Normale,Autre collision,,,,,,,,,,,5,2,1,1,6
200700048653,0007-08-10 17:00:00,7,8,10,17,0,60,29,CARNOT (BOULEVARD),,,Plein jour,En agglomération,Hors intersection,Normale,Deux véhicules - côté,,,,,,,,,,,1,2,1,1,3
200700048654,0007-08-11 01:00:00,7,8,11,1,0,60,29,JUIN (AVENUE MARECHAL),,,Nuit avec éclairage allumé,En agglomération,Hors intersection,Normale,Sans collision,,,,,,,,,,,5,2,1,1,7
200700048655,0007-08-11 13:55:00,7,8,11,13,55,60,29,JUIN (AVENUE MARECHAL),,,Plein jour,En agglomération,Hors intersection,Normale,Deux véhicules - côté,,,,,,,,,,,1,2,1,1,3
200700048656,0007-08-12 10:00:00,7,8,12,10,0,60,29,PICAUD (AVENUE DR) BOCCA,,,Plein jour,En agglomération,Hors intersection,Normale,Deux véhicules - arrière,,,,,,,,,,,1,2,1,1,2
200700048657,0007-08-13 05:20:00,7,8,13,5,20,60,29,CROISETTE (BOULEVARD DE,,,Crépuscule ou aube,En agglomération,Hors intersection,Normale,Sans collision,,,,,,,,,,,2,2,1,1,7
200700048658,0007-08-13 17:03:00,7,8,13,17,3,60,29,MIDI (BOULEVARD DU),,,Plein jour,En agglomération,Hors intersection,Normale,Deux véhicules - côté,,,,,,,,,,,1,2,1,1,3
200700048659,0007-08-14 09:55:00,7,8,14,9,55,60,30,"05, FADES (CHEMIN DES)",,,Plein jour,En agglomération,Hors intersection,Normale,Autre collision,,,,,,,,,,,1,2,1,1,6
200700048660,0007-08-14 15:40:00,7,8,14,15,40,60,29,TONNER (AVENUE FRANCIS),,,Plein jour,En agglomération,Hors intersection,Normale,Deux véhicules - côté,,,,,,,,,,,1,2,1,1,3
200700048661,0007-08-16 21:20:00,7,8,16,21,20,60,29,"81, CARNOT (BOULEVARD)",,,Nuit avec éclairage allumé,En agglomération,Hors intersection,Normale,Deux véhicules - côté,,,,,,,,,,,5,2,1,1,3
200700048662,0007-08-17 10:05:00,7,8,17,10,5,60,29,"16, CROISETTE (BOULEVARD",,,Plein jour,En agglomération,Hors intersection,Normale,Deux véhicules - côté,,,,,,,,,,,1,2,1,1,3
200700048663,0007-08-17 10:00:00,7,8,17,10,0,60,29,DIX HUIT JUIN (PLACE DU),,,Plein jour,En agglomération,Hors intersection,Normale,Deux véhicules - côté,,,,,,,,,,,1,2,1,1,3
200700048664,0007-08-17 16:35:00,7,8,17,16,35,60,29,MIDI (BOULEVARD DU),,,Plein jour,En agglomération,Hors intersection,Normale,Deux véhicules - arrière,,,,,,,,,,,1,2,1,1,2
200700048665,0007-08-17 22:30:00,7,8,17,22,30,60,29,MIDI (BOULEVARD DU),,,Nuit avec éclairage allumé,En agglomération,Hors intersection,Normale,Deux véhicules - côté,,,,,,,,,,,5,2,1,1,3
200700048666,0007-08-17 20:25:00,7,8,17,20,25,60,29,"2, BORDE (AVENUE DE LA)(",,,Nuit avec éclairage allumé,En agglomération,Intersection en X,Normale,Deux véhicules - côté,,,,,,,,,,,5,2,2,1,3
200700048667,0007-08-20 14:20:00,7,8,20,14,20,60,29,POESIE (AVENUE PIERRE),,,Plein jour,En agglomération,Hors intersection,Normale,Deux véhicules - côté,,,,,,,,,,,1,2,1,1,3
200700048668,0007-08-20 14:40:00,7,8,20,14,40,60,29,"15, VAUTRIN (BOULEVARD D",,,Plein jour,En agglomération,Hors intersection,Normale,Deux véhicules - arrière,,,,,,,,,,,1,2,1,1,2
200700048669,0007-08-19 20:35:00,7,8,19,20,35,60,29,ALSACE ( BOULEVARD D'),,,Nuit avec éclairage allumé,En agglomération,Hors intersection,Normale,Deux véhicules - arrière,,,,,,,,,,,5,2,1,1,2
200700048670,0007-08-21 12:50:00,7,8,21,12,50,60,30,"58, CAMPELIERES (CHEMIN",,,Plein jour,En agglomération,Hors intersection,Normale,Deux véhicules - côté,,,,,,,,,,,1,2,1,1,3
200700048671,0007-08-22 13:00:00,7,8,22,13,0,60,30,CAMPON (RUE,,,Plein jour,En agglomération,Hors intersection,Normale,Trois véhicules et plus - collisions multiples,,,,,,,,,,,1,2,1,1,5
200700048672,0007-08-22 23:00:00,7,8,22,23,0,60,29,"49, ALEXANDRE III (BOULE",,,Nuit avec éclairage allumé,En agglomération,Hors intersection,Normale,Deux véhicules - côté,,,,,,,,,,,5,2,1,1,3
200700048673,0007-08-22 11:30:00,7,8,22,11,30,60,29,"133, ANTIBES (RUE D')",,,Plein jour,En agglomération,Hors intersection,Normale,Deux véhicules - côté,,,,,,,,,,,1,2,1,1,3
200700048674,0007-08-23 07:25:00,7,8,23,7,25,60,29,COTEAUX (AVENUE DES),,,Crépuscule ou aube,En agglomération,Intersection en X,Normale,Deux véhicules - côté,,,,,,,,,,,2,2,2,1,3
200700048675,0007-08-23 10:55:00,7,8,23,10,55,60,29,PRADERIE (RUE DE LA),,,Plein jour,En agglomération,Hors intersection,Normale,Deux véhicules - côté,,,,,,,,,,,1,2,1,1,3
200700048676,0007-08-23 11:20:00,7,8,23,11,20,60,29,"17, VAUTRIN (BOULEVARD D",,,Plein jour,En agglomération,Intersection en X,Normale,Deux véhicules - arrière,,,,,,,,,,,1,2,2,1,2
200700048677,0007-08-23 20:50:00,7,8,23,20,50,60,29,"28, CARNOT (BOULEVARD)",,,Nuit avec éclairage allumé,En agglomération,Hors intersection,Normale,Deux véhicules - arrière,,,,,,,,,,,5,2,1,1,2
200700048678,0007-08-24 21:50:00,7,8,24,21,50,60,29,MIDI (BOULEVARD DU),,,Nuit avec éclairage allumé,En agglomération,Hors intersection,Normale,Sans collision,,,,,,,,,,,5,2,1,1,7
200700048679,0007-08-26 15:55:00,7,8,26,15,55,60,29,CROISETTE (BOULEVARD DE,,,Plein jour,En agglomération,Hors intersection,Normale,Deux véhicules - côté,,,,,,,,,,,1,2,1,1,3
200700048680,0007-08-26 18:07:00,7,8,26,18,7,60,29,"15, HIBERT (BOULEVARD JE",,,Plein jour,En agglomération,Intersection en T,Normale,Deux véhicules - côté,,,,,,,,,,,1,2,3,1,3
200700048681,0007-08-27 13:30:00,7,8,27,13,30,60,29,"23, PRINCE DE GALLES (AV",,,Plein jour,En agglomération,Hors intersection,Normale,Autre collision,,,,,,,,,,,1,2,1,1,6
200700048682,0007-08-29 17:10:00,7,8,29,17,10,60,29,"15 bis, RIOU (BOULEVARD",,,Plein jour,En agglomération,Hors intersection,Normale,Deux véhicules - arrière,,,,,,,,,,,1,2,1,1,2
200700048683,0007-08-29 16:15:00,7,8,29,16,15,60,29,"89, CARNOT (BOULEVARD)",,,Plein jour,En agglomération,Hors intersection,Normale,Deux véhicules - côté,,,,,,,,,,,1,2,1,1,3
200700048684,0007-08-31 17:20:00,7,8,31,17,20,60,29,"28, COUBERTIN (AVENUE PI",,,Plein jour,En agglomération,Hors intersection,Normale,Deux véhicules - arrière,,,,,,,,,,,1,2,1,1,2
200700048685,0007-08-01 12:15:00,7,8,1,12,15,60,69,"42, VICTOR HUGO  (BD)",,,Plein jour,En agglomération,Hors intersection,Normale,Autre collision,,,,,,,,,,,1,2,1,1,6
200700048686,0007-08-01 19:00:00,7,8,1,19,0,60,69,"309, PLASCASSIER (route",,,Plein jour,En agglomération,Hors intersection,Normale,Sans collision,,,,,,,,,,,1,2,1,1,7
200700048687,0007-08-02 17:10:00,7,8,2,17,10,60,69,"x, FANTON D'ANDON (ROND-",,,Plein jour,En agglomération,Giratoire,Normale,Deux véhicules - côté,,,,,,,,,,,1,2,6,1,3
200700048688,0007-08-02 17:45:00,7,8,2,17,45,60,69,"x, PLAN (ROUTE DU) -D304",,,Plein jour,En agglomération,Hors intersection,Normale,Deux véhicules - côté,,,,,,,,,,,1,2,1,1,3
200700048689,0007-08-04 13:00:00,7,8,4,13,0,60,69,"2, GAMBETTA (BOULEVARD E",,,Plein jour,En agglomération,Hors intersection,Normale,Autre collision,,,,,,,,,,,1,2,1,1,6
200700048690,0007-08-05 20:40:00,7,8,5,20,40,60,69,"37, SIDI BRAHIM (AVENUE)",,,Crépuscule ou aube,En agglomération,Hors intersection,Normale,Deux véhicules - côté,,,,,,,,,,,2,2,1,1,3
200700048691,0007-08-06 13:10:00,7,8,6,13,10,60,69,"x, RENOIR (AVENUE AUGUST",,,Plein jour,En agglomération,Hors intersection,Normale,Autre collision,,,,,,,,,,,1,2,1,1,6
200700048692,0007-08-06 15:15:00,7,8,6,15,15,60,69,"213, CANNES (ROUTE DE)",,,Plein jour,En agglomération,Hors intersection,Normale,Sans collision,,,,,,,,,,,1,2,1,1,7
200700048693,0007-08-06 16:15:00,7,8,6,16,15,60,69,"X, PLAN (ROUTE DU) -D304",,,Plein jour,En agglomération,Hors intersection,Normale,Sans collision,,,,,,,,,,,1,2,1,1,7
200700048694,0007-08-08 10:40:00,7,8,8,10,40,60,69,"3, THIERS (AVENUE)",,,Plein jour,En agglomération,Hors intersection,Normale,Autre collision,,,,,,,,,,,1,2,1,1,6
200700048695,0007-08-10 16:10:00,7,8,10,16,10,60,69,"50, CANNES (ROUTE DE)  -",,,Plein jour,En agglomération,Hors intersection,Normale,Sans collision,,,,,,,,,,,1,2,1,1,7
200700048696,0007-08-11 11:00:00,7,8,11,11,0,60,69,"x, BELLETRUD (BOULEVARD",,,Plein jour,Hors agglomération,Hors intersection,Normale,Sans collision,,,,,,,,,,,1,1,1,1,7
200700048697,0007-08-12 05:30:00,7,8,12,5,30,60,69,"50, CANNES (ROUTE DE)  -",,,Crépuscule ou aube,En agglomération,Hors intersection,Normale,Sans collision,,,,,,,,,,,2,2,1,1,7
200700048698,0007-08-14 17:25:00,7,8,14,17,25,60,69,"x, LAC (CHEMIN DU) LE PL",,,Plein jour,En agglomération,Hors intersection,Normale,Sans collision,,,,,,,,,,,1,2,1,1,7
200700048699,0007-08-16 08:45:00,7,8,16,8,45,60,69,"X, SIDI BRAHIM (AVENUE)",,,Plein jour,En agglomération,Hors intersection,Normale,Autre collision,,,,,,,,,,,1,2,1,1,6
200700048700,0007-08-17 08:33:00,7,8,17,8,33,60,69,"x, CANNES (ROUTE DE)  -R",,,Plein jour,En agglomération,Hors intersection,Normale,Sans collision,,,,,,,,,,,1,2,1,1,7
200700048701,0007-08-17 11:00:00,7,8,17,11,0,60,69,"13, COLLET D'ESQUIRP (CH",,,Plein jour,En agglomération,Hors intersection,Normale,Sans collision,,,,,,,,,,,1,2,1,1,7
200700048702,0007-08-17 13:30:00,7,8,17,13,30,60,69,"x, RAYBAUD (AVENUE FELIX",,,Plein jour,En agglomération,Giratoire,Normale,Deux véhicules - arrière,,,,,,,,,,,1,2,6,1,2
200700048703,0007-08-17 17:30:00,7,8,17,17,30,60,69,"x, CANNES (ROUTE DE)  -R",,,Plein jour,En agglomération,Hors intersection,Normale,Sans collision,,,,,,,,,,,1,2,1,1,7
200700048704,0007-08-18 13:30:00,7,8,18,13,30,60,69,"x, PEGOMAS (ROUTE DE)",,,Plein jour,En agglomération,Giratoire,Normale,Deux véhicules - arrière,,,,,,,,,,,1,2,6,1,2
200700048705,0007-08-19 10:30:00,7,8,19,10,30,60,69,"x, POMPIDOU (AVENUE GEOR",,,Plein jour,En agglomération,Hors intersection,Normale,Deux véhicules - arrière,,,,,,,,,,,1,2,1,1,2
200700048706,0007-08-21 07:35:00,7,8,21,7,35,60,69,"95, DRAGUIGNAN (ROUTE DE",,,Plein jour,En agglomération,Hors intersection,Normale,Deux véhicules - frontale,,,,,,,,,,,1,2,1,1,1
200700048707,0007-08-21 07:40:00,7,8,21,7,40,60,69,"x, ROTHSCHILD (BOULEVARD",,,Plein jour,En agglomération,Hors intersection,Pluie légère,Deux véhicules - frontale,,,,,,,,,,,1,2,1,2,1
200700048708,0007-08-21 13:50:00,7,8,21,13,50,60,69,"x, MARIGARDE (ROUTE DE L",,,Plein jour,En agglomération,Hors intersection,Pluie légère,Autre collision,,,,,,,,,,,1,2,1,2,6
200700048709,0007-08-24 15:10:00,7,8,24,15,10,60,69,"15, LECLERC (BOULEVARD D",,,Plein jour,En agglomération,Hors intersection,Normale,Deux véhicules - arrière,,,,,,,,,,,1,2,1,1,2
200700048710,0007-08-25 14:05:00,7,8,25,14,5,60,69,"222, DRAGUIGNAN (ROUTE D",,,Plein jour,En agglomération,Hors intersection,Normale,Sans collision,,,,,,,,,,,1,2,1,1,7
200700048711,0007-08-28 17:40:00,7,8,28,17,40,60,69,"116, CANNES (ROUTE DE)",,,Plein jour,En agglomération,Hors intersection,Normale,Deux véhicules - frontale,,,,,,,,,,,1,2,1,1,1
200700048712,0007-08-23 21:45:00,7,8,23,21,45,60,83,"8, BENETT (QUAI GORDON)",,,Nuit avec éclairage allumé,En agglomération,Hors intersection,Normale,Autre collision,,,,,,,,,,,5,2,1,1,6
200700048713,0007-08-09 13:50:00,7,8,9,13,50,60,83,"1563, SOLEIL (PROMENADE",,,Plein jour,En agglomération,Hors intersection,Normale,Deux véhicules - côté,,,,,,,,,,,1,2,1,1,3
200700048714,0007-08-22 22:25:00,7,8,22,22,25,60,104,PAIX (AVENUE DE LA),,,Nuit avec éclairage allumé,En agglomération,Intersection en T,Normale,Deux véhicules - côté,,,,,,,,,,,5,2,3,1,3
200700048715,0007-08-03 07:10:00,7,8,3,7,10,60,104,"139, VERDUN (AVENUE DE,",,,Plein jour,En agglomération,Hors intersection,Normale,Deux véhicules - frontale,,,,,,,,,,,1,2,1,1,1
200700048716,0007-08-06 03:30:00,7,8,6,3,30,60,104,"204, PASTEUR (AVENUE, N°",,,Nuit avec éclairage allumé,En agglomération,Hors intersection,Normale,Autre collision,,,,,,,,,,,5,2,1,1,6
200700048717,0007-08-09 10:50:00,7,8,9,10,50,60,104,"43, SCHUMANN (PROMENADE",,,Plein jour,En agglomération,Hors intersection,Normale,Sans collision,,,,,,,,,,,1,2,1,1,7
200700048718,0007-08-01 12:50:00,7,8,1,12,50,60,88,"35, CESSOLE (BD DE) (JUS",,,Plein jour,En agglomération,Hors intersection,Normale,Deux véhicules - côté,,,,,,,,,,,1,2,1,1,3
200700048719,0007-08-01 20:00:00,7,8,1,20,0,60,88,"0, VOIE RAPIDE",,,Plein jour,En agglomération,Intersection en Y,Normale,Autre collision,,,,,,,,,,,1,2,4,1,6
200700048720,0007-08-02 15:45:00,7,8,2,15,45,60,88,"124, GAMBETTA (A PARTIR",,,Plein jour,En agglomération,Hors intersection,Normale,Autre collision,,,,,,,,,,,1,2,1,1,6
200700048721,0007-08-02 18:20:00,7,8,2,18,20,60,88,"0, RAY (AV. DU)",,,Plein jour,En agglomération,Intersection en X,Normale,Deux véhicules - côté,,,,,,,,,,,1,2,2,1,3
200700048722,0007-08-03 09:30:00,7,8,3,9,30,60,88,"0, RAIBERTI (R.)",,,Plein jour,En agglomération,Intersection en X,Normale,Deux véhicules - côté,,,,,,,,,,,1,2,2,1,3
200700048723,0007-08-03 16:10:00,7,8,3,16,10,60,88,"9, LYAUTEY (AV. DU MAL)",,,Plein jour,En agglomération,Hors intersection,Normale,Autre collision,,,,,,,,,,,1,2,1,1,6
200700048724,0007-08-03 17:50:00,7,8,3,17,50,60,88,"130, GAMBETTA (A PARTIR",,,Plein jour,En agglomération,Hors intersection,Normale,Deux véhicules - frontale,,,,,,,,,,,1,2,1,1,1
200700048725,0007-08-03 21:00:00,7,8,3,21,0,60,88,"0, TUNNEL DU PAILLON",,,Nuit avec éclairage allumé,En agglomération,Hors intersection,Normale,Autre collision,,,,,,,,,,,5,2,1,1,6
200700048726,0007-08-04 10:50:00,7,8,4,10,50,60,88,"0, VAUBAN (R. MARECHAL)",,,Plein jour,En agglomération,Hors intersection,Normale,Deux véhicules - arrière,,,,,,,,,,,1,2,1,1,2
200700048727,0007-08-04 13:50:00,7,8,4,13,50,60,88,"0, SAINT-LAMBERT (AV.) (",,,Plein jour,En agglomération,Intersection en X,Normale,Deux véhicules - côté,,,,,,,,,,,1,2,2,1,3
200700048728,0007-08-04 18:50:00,7,8,4,18,50,60,88,"0, ARSON (RUE)",,,Plein jour,En agglomération,Hors intersection,Normale,Autre collision,,,,,,,,,,,1,2,1,1,6
200700048729,0007-08-04 20:03:00,7,8,4,20,3,60,88,"14, HUGO (BD VICTOR)",,,Plein jour,En agglomération,Hors intersection,Normale,Deux véhicules - arrière,,,,,,,,,,,1,2,1,1,2
200700048730,0007-08-04 20:25:00,7,8,4,20,25,60,88,"0, CORNIGLION MOLINIER (",,,Plein jour,En agglomération,Hors intersection,Normale,Deux véhicules - arrière,,,,,,,,,,,1,2,1,1,2
200700048731,0007-08-04 22:00:00,7,8,4,22,0,60,88,"0, ASSALIT (RUE)",,,Nuit avec éclairage allumé,En agglomération,Intersection en X,Normale,Deux véhicules - côté,,,,,,,,,,,5,2,2,1,3
200700048732,0007-08-05 08:50:00,7,8,5,8,50,60,88,"99, QUAI DES ETATS UNIS",,,Plein jour,En agglomération,Hors intersection,Normale,Autre collision,,,,,,,,,,,1,2,1,1,6
200700048733,0007-08-05 10:00:00,7,8,5,10,0,60,88,"0, EUCALYPTUS (AV. DES)",,,Plein jour,En agglomération,Intersection en X,Normale,Deux véhicules - côté,,,,,,,,,,,1,2,2,1,3
200700048734,0007-08-05 20:30:00,7,8,5,20,30,60,88,"234, MONT-BORON (BD DU)",,,Nuit avec éclairage allumé,En agglomération,Hors intersection,Normale,Deux véhicules - côté,,,,,,,,,,,5,2,1,1,3
200700048735,0007-08-06 00:30:00,7,8,6,0,30,60,88,"12, MEYERBEER (RUE ET PA",,,Nuit avec éclairage allumé,En agglomération,Hors intersection,Normale,Autre collision,,,,,,,,,,,5,2,1,1,6
200700048736,0007-08-06 08:35:00,7,8,6,8,35,60,88,"0, ALLEGRE (AV. JEAN)",,,Plein jour,En agglomération,Hors intersection,Normale,Deux véhicules - côté,,,,,,,,,,,1,2,1,1,3
200700048737,0007-08-06 12:35:00,7,8,6,12,35,60,88,"10, JOLY (CORNICHE ANDRE",,,Plein jour,En agglomération,Hors intersection,Normale,Deux véhicules - côté,,,,,,,,,,,1,2,1,1,3
200700048738,0007-08-06 13:45:00,7,8,6,13,45,60,88,"0, PESSICART (JUSQU'AU 2",,,Plein jour,En agglomération,Intersection en T,Normale,Deux véhicules - côté,,,,,,,,,,,1,2,3,1,3
200700048739,0007-08-06 14:40:00,7,8,6,14,40,60,88,"1, RAYNAUD (BD AUGUSTE)",,,Plein jour,En agglomération,Intersection en T,Normale,Deux véhicules - arrière,,,,,,,,,,,1,2,3,1,2