accident_id,datetime,annee,mois,jour,heure,minute,departement,commune_insee,adresse,latitude,longitude,luminosite,agglomeration,intersection,meteo,collision,nb_vehicules,nb_usagers,nb_indemnes,nb_tues,nb_blesses_hosp,nb_blesses_legers,age_cond_1,age_cond_2,veh_type_cond_1,veh_type_cond_2,lum_code,agg_code,int_code,atm_code,col_code
200700048874,0007-08-23 10:40:00,7,8,23,10,40,130,1,"10, ROI RENE (BD DU)",,,Plein jour,En agglomération,Hors intersection,Normale,Deux véhicules - arrière,,,,,,,,,,,1,2,1,1,2
200700048875,0007-08-30 14:32:00,7,8,30,14,32,130,1,CARNOT (BD),,,Plein jour,En agglomération,Hors intersection,Normale,Deux véhicules - côté,,,,,,,,,,,1,2,1,1,3
200700048876,0007-08-26 03:55:00,7,8,26,3,55,130,1,"1, DE LATTRE DE TASSIGNY",,,Nuit avec éclairage allumé,En agglomération,Intersection en T,Normale,Deux véhicules - côté,,,,,,,,,,,5,2,3,1,3
200700048877,0007-08-04 20:00:00,7,8,4,20,0,130,4,CRAU ROUTE DE LA,,,Plein jour,En agglomération,Hors intersection,Normale,Deux véhicules - arrière,,,,,,,,,,,1,2,1,1,2
200700048878,0007-08-09 18:15:00,7,8,9,18,15,130,4,"0, MAURICE ETIENNE ROND",,,Plein jour,En agglomération,Giratoire,Vent fort / tempête,Sans collision,,,,,,,,,,,1,2,6,6,7
200700048879,0007-08-10 16:00:00,7,8,10,16,0,130,4,"0, FRANCIS POULENC RUE",,,Plein jour,En agglomération,Hors intersection,Normale,Deux véhicules - côté,,,,,,,,,,,1,2,1,1,3
200700048880,0007-08-19 22:25:00,7,8,19,22,25,130,4,", EMILE COMBES BOULEVARD",,,Nuit avec éclairage allumé,En agglomération,Intersection en T,Normale,Deux véhicules - arrière,,,,,,,,,,,5,2,3,1,2
200700048881,0007-08-23 19:45:00,7,8,23,19,45,130,4,"39, EMILE FASSIN RUE",,,Plein jour,En agglomération,Intersection en T,Normale,Autre collision,,,,,,,,,,,1,2,3,1,6
200700048882,0007-08-08 08:30:00,7,8,8,8,30,130,5,MERMOZ (RUE JEAN),,,Plein jour,En agglomération,Hors intersection,Normale,Deux véhicules - arrière,,,,,,,,,,,1,2,1,1,2
200700048883,0007-08-18 21:50:00,7,8,18,21,50,130,5,RN 396 (ROUTE NATIONALE),,,Nuit avec éclairage allumé,Hors agglomération,Intersection en X,Normale,Deux véhicules - côté,,,,,,,,,,,5,1,2,1,3
200700048884,0007-08-25 20:50:00,7,8,25,20,50,130,5,BOYER (AVENUE ANTIDE),,,Nuit avec éclairage allumé,En agglomération,Hors intersection,Normale,Sans collision,,,,,,,,,,,5,2,1,1,7
200700048885,0007-08-02 19:00:00,7,8,2,19,0,130,28,"17, CLEMENCEAU (BOULEVAR",,,Plein jour,En agglomération,Hors intersection,Normale,Autre collision,,,,,,,,,,,1,2,1,1,6
200700048886,0007-08-16 11:25:00,7,8,16,11,25,130,28,"9, KENNEDY (AVENUE PRESI",,,Plein jour,En agglomération,Hors intersection,Normale,Autre collision,,,,,,,,,,,1,2,1,1,6
200700048887,0007-08-02 14:20:00,7,8,2,14,20,130,63,"1, HUIT MAI 1945 AVENUE",,,Plein jour,En agglomération,Intersection en X,Normale,Deux véhicules - frontale,,,,,,,,,,,1,2,2,1,1
200700048888,0007-08-13 00:01:00,7,8,13,0,1,130,98,D.5,,,Nuit avec éclairage allumé,Hors agglomération,Hors intersection,Normale,Deux véhicules - côté,,,,,,,,,,,5,1,1,1,3
200700048889,0007-08-30 15:00:00,7,8,30,15,0,130,47,"38, FELIX GOUIN AVENUE",,,Plein jour,Hors agglomération,Hors intersection,Normale,Deux véhicules - côté,,,,,,,,,,,1,1,1,1,3
200700048890,0007-08-17 18:20:00,7,8,17,18,20,130,54,"12, EISENHOVER  RUE GENE",,,Plein jour,En agglomération,Intersection en T,Temps éblouissant,Deux véhicules - frontale,,,,,,,,,,,1,2,3,7,1
200700048891,0007-08-27 16:35:00,7,8,27,16,35,130,43,"39, REPUBLIQUE  AVENUE D",,,Plein jour,En agglomération,Hors intersection,Normale,Deux véhicules - frontale,,,,,,,,,,,1,2,1,1,1
200700048892,0007-08-27 18:50:00,7,8,27,18,50,130,102,RICHAUDS  AVENUE DES,,,Plein jour,En agglomération,Intersection en X,Normale,Deux véhicules - côté,,,,,,,,,,,1,2,2,1,3
200700048893,0007-08-21 07:20:00,7,8,21,7,20,130,55,"289, CAPELETTE (AVENUE D",,,Plein jour,En agglomération,Hors intersection,Normale,Deux véhicules - côté,,,,,,,,,,,1,2,1,1,3
200700048894,0007-08-01 08:05:00,7,8,1,8,5,130,55,FÉLIX PYAT (RUE),,,Plein jour,En agglomération,Autre intersection,Normale,Deux véhicules - côté,,,,,,,,,,,1,2,9,1,3
200700048895,0007-08-01 18:30:00,7,8,1,18,30,130,55,"55B, OLIVES (AVENUE DES)",,,Plein jour,En agglomération,Hors intersection,Normale,Deux véhicules - arrière,,,,,,,,,,,1,2,1,1,2
200700048896,0007-08-05 00:35:00,7,8,5,0,35,130,55,RAYMOND TEISSERE (RUE),,,Nuit avec éclairage allumé,En agglomération,Hors intersection,Normale,Sans collision,,,,,,,,,,,5,2,1,1,7
200700048897,0007-08-03 18:15:00,7,8,3,18,15,130,55,"28, MARÉCHAL FOCH (AVENU",,,Plein jour,En agglomération,Hors intersection,Normale,Sans collision,,,,,,,,,,,1,2,1,1,7
200700048898,0007-08-04 14:15:00,7,8,4,14,15,130,55,JULES GUESDE (PLACE),,,Plein jour,En agglomération,Hors intersection,Normale,Trois véhicules et plus - en chaîne,,,,,,,,,,,1,2,1,1,4
200700048899,0007-08-01 20:15:00,7,8,1,20,15,130,55,"89, CLOT BEY (AVENUE)",,,Plein jour,En agglomération,Hors intersection,Normale,Deux véhicules - côté,,,,,,,,,,,1,2,1,1,3
200700048900,0007-08-01 18:31:00,7,8,1,18,31,130,55,DAMES (BOULEVARD DES),,,Plein jour,En agglomération,Intersection en X,Normale,Autre collision,,,,,,,,,,,1,2,2,1,6
200700048901,0007-08-01 20:30:00,7,8,1,20,30,130,55,LYON (RUE DE),,,Plein jour,En agglomération,Hors intersection,Normale,Autre collision,,,,,,,,,,,1,2,1,1,6
200700048902,0007-08-01 08:25:00,7,8,1,8,25,130,55,"08, PONT DE VIVAUX (BOUL",,,Plein jour,En agglomération,Hors intersection,Normale,Sans collision,,,,,,,,,,,1,2,1,1,7
200700048903,0007-08-01 08:15:00,7,8,1,8,15,130,55,"26, LA PUGETTE (BOULEVAR",,,Plein jour,En agglomération,Hors intersection,Normale,Deux véhicules - côté,,,,,,,,,,,1,2,1,1,3
200700048904,0007-08-08 22:30:00,7,8,8,22,30,130,55,"48, SAINT LOUIS (AVENUE",,,Nuit avec éclairage allumé,En agglomération,Hors intersection,Normale,Deux véhicules - frontale,,,,,,,,,,,5,2,1,1,1
200700048905,0007-08-05 20:40:00,7,8,5,20,40,130,55,ROGER SALENGRO (AVENUE),,,Nuit avec éclairage allumé,En agglomération,Intersection en X,Normale,Autre collision,,,,,,,,,,,5,2,2,1,6
200700048906,0007-08-02 16:20:00,7,8,2,16,20,130,55,"31, PLUMIERS (RUE)",,,Plein jour,En agglomération,Hors intersection,Normale,Autre collision,,,,,,,,,,,1,2,1,1,6
200700048907,0007-08-06 07:30:00,7,8,6,7,30,130,55,"face au 19, PONT DE VIVA",,,Plein jour,En agglomération,Hors intersection,Normale,Deux véhicules - côté,,,,,,,,,,,1,2,1,1,3
200700048908,0007-08-03 12:00:00,7,8,3,12,0,130,55,"111, TREILLE (ROUTE DE L",,,Plein jour,En agglomération,Hors intersection,Normale,Trois véhicules et plus - collisions multiples,,,,,,,,,,,1,2,1,1,5
200700048909,0007-08-06 16:30:00,7,8,6,16,30,130,55,"5, VAL DES BOI (ALLEE)",,,Plein jour,En agglomération,Hors intersection,Normale,Autre collision,,,,,,,,,,,1,2,1,1,6
200700048910,0007-08-09 10:30:00,7,8,9,10,30,130,55,"64, LYON (RUE DE)",,,Plein jour,En agglomération,Hors intersection,Normale,Autre collision,,,,,,,,,,,1,2,1,1,6
200700048911,0007-08-05 18:00:00,7,8,5,18,0,130,55,"66, BOMPARD (BOULEVARD)",,,Plein jour,En agglomération,Hors intersection,Normale,Sans collision,,,,,,,,,,,1,2,1,1,7
200700048912,0007-08-10 06:00:00,7,8,10,6,0,130,55,"127-129, CORNICHE KENNED",,,Nuit avec éclairage allumé,En agglomération,Hors intersection,Normale,Autre collision,,,,,,,,,,,5,2,1,1,6
200700048913,0007-08-06 14:15:00,7,8,6,14,15,130,55,"22, SAINT SUFFREN (RUE)",,,Plein jour,En agglomération,Hors intersection,Normale,Deux véhicules - arrière,,,,,,,,,,,1,2,1,1,2
200700048914,0007-08-02 10:30:00,7,8,2,10,30,130,55,CHARTREUX (AVENUE DES),,,Plein jour,En agglomération,Hors intersection,Pluie légère,Deux véhicules - côté,,,,,,,,,,,1,2,1,2,3
200700048915,0007-08-10 09:05:00,7,8,10,9,5,130,55,CORSE (AVENUE DE LA),,,Plein jour,En agglomération,Hors intersection,Normale,Trois véhicules et plus - en chaîne,,,,,,,,,,,1,2,1,1,4
200700048916,0007-08-03 22:45:00,7,8,3,22,45,130,55,"78, ROCHES (AVENUE DES)",,,Nuit avec éclairage allumé,En agglomération,Hors intersection,Normale,Sans collision,,,,,,,,,,,5,2,1,1,7
200700048917,0007-08-11 14:10:00,7,8,11,14,10,130,55,ROSIERS (TRAVERSE DES),,,Plein jour,En agglomération,Hors intersection,Normale,Deux véhicules - frontale,,,,,,,,,,,1,2,1,1,1
200700048918,0007-08-10 22:15:00,7,8,10,22,15,130,55,"98, SAINT JEAN (RUE)",,,Nuit avec éclairage allumé,En agglomération,Hors intersection,Normale,Deux véhicules - arrière,,,,,,,,,,,5,2,1,1,2
200700048919,0007-08-04 15:20:00,7,8,4,15,20,130,55,MAZARGUES (AVENUE DE),,,Plein jour,En agglomération,Hors intersection,Normale,Deux véhicules - côté,,,,,,,,,,,1,2,1,1,3
200700048920,0007-08-04 04:05:00,7,8,4,4,5,130,55,"411, PRADO (AVENUE)",,,Nuit avec éclairage allumé,En agglomération,Hors intersection,Normale,Autre collision,,,,,,,,,,,5,2,1,1,6
200700048921,0007-08-06 14:00:00,7,8,6,14,0,130,55,"58, PORT (QUAI DU)",,,Plein jour,En agglomération,Hors intersection,Normale,Deux véhicules - côté,,,,,,,,,,,1,2,1,1,3
200700048922,0007-08-12 01:55:00,7,8,12,1,55,130,55,"220, ROMAIN ROLLAND (BOU",,,Nuit avec éclairage allumé,En agglomération,Hors intersection,Normale,Autre collision,,,,,,,,,,,5,2,1,1,6
200700048923,0007-08-10 16:00:00,7,8,10,16,0,130,55,DEVILLIERS (RUE),,,Plein jour,En agglomération,Intersection en T,Normale,Trois véhicules et plus - collisions multiples,,,,,,,,,,,1,2,3,1,5
200700048924,0007-08-08 20:40:00,7,8,8,20,40,130,55,"128, SAINT ANTOINE (AVEN",,,Plein jour,En agglomération,Hors intersection,Normale,Deux véhicules - frontale,,,,,,,,,,,1,2,1,1,1
200700048925,0007-08-13 16:00:00,7,8,13,16,0,130,55,"135, ROME (RUE DE)",,,Plein jour,En agglomération,Hors intersection,Normale,Deux véhicules - côté,,,,,,,,,,,1,2,1,1,3
200700048926,0007-08-14 09:00:00,7,8,14,9,0,130,55,CORSE (AVENUE DE LA),,,Plein jour,En agglomération,Intersection en X,Normale,Deux véhicules - côté,,,,,,,,,,,1,2,2,1,3
200700048927,0007-08-14 09:50:00,7,8,14,9,50,130,55,"47, RIVE NEUVE (QUAI)",,,Plein jour,Hors agglomération,Hors intersection,Autre,Deux véhicules - côté,,,,,,,,,,,1,1,1,9,3
200700048928,0007-08-11 14:50:00,7,8,11,14,50,130,55,CHEMIN DU LITTORAL (CHEM,,,Plein jour,En agglomération,Hors intersection,Normale,Deux véhicules - arrière,,,,,,,,,,,1,2,1,1,2
200700048929,0007-08-11 20:30:00,7,8,11,20,30,130,55,CARGO RHIN FIDELI (RUE),,,Crépuscule ou aube,En agglomération,Intersection en T,Normale,Deux véhicules - frontale,,,,,,,,,,,2,2,3,1,1
200700048930,0007-08-09 08:55:00,7,8,9,8,55,130,55,PIERRE DOIZE  (RUE),,,Plein jour,En agglomération,Hors intersection,Normale,Trois véhicules et plus - en chaîne,,,,,,,,,,,1,2,1,1,4
200700048931,0007-08-09 07:50:00,7,8,9,7,50,130,55,"78, MILLIERE (BOULEVARD",,,Plein jour,En agglomération,Hors intersection,Normale,Deux véhicules - côté,,,,,,,,,,,1,2,1,1,3
200700048932,0007-08-11 20:00:00,7,8,11,20,0,130,55,LANCIER (CHEMIN DU),,,Plein jour,En agglomération,Hors intersection,Normale,Deux véhicules - côté,,,,,,,,,,,1,2,1,1,3
200700048933,0007-08-09 11:00:00,7,8,9,11,0,130,75,LIBERATION (BOULEVARD),,,Plein jour,En agglomération,Hors intersection,Normale,Deux véhicules - frontale,,,,,,,,,,,1,2,1,1,1
200700048934,0007-08-08 12:30:00,7,8,8,12,30,130,55,ELLEON (AVENUE),,,Plein jour,En agglomération,Hors intersection,Pluie légère,Deux véhicules - côté,,,,,,,,,,,1,2,1,2,3
200700048935,0007-08-10 18:00:00,7,8,10,18,0,130,55,ALBIN MEYLAN (RUE),,,Plein jour,En agglomération,Hors intersection,Normale,Deux véhicules - arrière,,,,,,,,,,,1,2,1,1,2
200700048936,0007-08-08 09:00:00,7,8,8,9,0,130,55,"150, ROME (RUE DE)",,,Plein jour,En agglomération,Hors intersection,Normale,Sans collision,,,,,,,,,,,1,2,1,1,7
200700048937,0007-08-09 09:40:00,7,8,9,9,40,130,55,BOURRELY (CHEMIN DES),,,Plein jour,En agglomération,Hors intersection,Normale,Sans collision,,,,,,,,,,,1,2,1,1,7
200700048938,0007-08-15 01:20:00,7,8,15,1,20,130,55,", ROBERT SCHUMANN (AVENU",,,Nuit avec éclairage allumé,En agglomération,Intersection en X,Normale,Autre collision,,,,,,,,,,,5,2,2,1,6
200700048939,0007-08-16 17:30:00,7,8,16,17,30,130,55,MONTREDON (AVENUE DE),,,Plein jour,En agglomération,Intersection en T,Normale,Deux véhicules - côté,,,,,,,,,,,1,2,3,1,3
200700048940,0007-08-16 14:05:00,7,8,16,14,5,130,55,RABATAU (BOULEVARD),,,Plein jour,En agglomération,Intersection en T,Normale,Trois véhicules et plus - collisions multiples,,,,,,,,,,,1,2,3,1,5
200700048941,0007-08-18 19:30:00,7,8,18,19,30,130,55,"50, SAINT PAUL (AVENUE)",,,Plein jour,En agglomération,Hors intersection,Normale,Deux véhicules - côté,,,,,,,,,,,1,2,1,1,3
200700048942,0007-08-18 07:00:00,7,8,18,7,0,130,55,SAINT MARCEL (BOULEVARD,,,Plein jour,En agglomération,Intersection en T,Normale,Deux véhicules - côté,,,,,,,,,,,1,2,3,1,3
200700048943,0007-08-07 16:20:00,7,8,7,16,20,130,55,"197, MENDES FRANCE (AVEN",,,Plein jour,En agglomération,Hors intersection,Normale,Autre collision,,,,,,,,,,,1,2,1,1,6
200700048944,0007-08-18 19:40:00,7,8,18,19,40,130,55,"120, BERANGER (IMPASSE)",,,Plein jour,En agglomération,Hors intersection,Normale,Deux véhicules - arrière,,,,,,,,,,,1,2,1,1,2
200700048945,0007-08-17 15:10:00,7,8,17,15,10,130,55,"80, FRANCOISE DUPARC (BO",,,Plein jour,En agglomération,Hors intersection,Normale,Deux véhicules - arrière,,,,,,,,,,,1,2,1,1,2
200700048946,0007-08-18 18:50:00,7,8,18,18,50,130,55,"2, MONTREDON (AVENUE DE)",,,Plein jour,En agglomération,Intersection en T,Normale,Deux véhicules - frontale,,,,,,,,,,,1,2,3,1,1
200700048947,0007-08-15 17:00:00,7,8,15,17,0,130,55,"69, MARÉCHAL DE LATTRE (",,,Plein jour,En agglomération,Intersection en T,Normale,Deux véhicules - côté,,,,,,,,,,,1,2,3,1,3
200700048948,0007-08-17 23:30:00,7,8,17,23,30,130,55,"14, TOULON (AVENUE DE)",,,Nuit avec éclairage allumé,En agglomération,Intersection en T,Normale,Deux véhicules - côté,,,,,,,,,,,5,2,3,1,3
200700048949,0007-08-18 22:20:00,7,8,18,22,20,130,55,"2, BAILLE (BOULEVARD)",,,Nuit avec éclairage allumé,En agglomération,Hors intersection,Normale,Autre collision,,,,,,,,,,,5,2,1,1,6
200700048950,0007-08-07 10:20:00,7,8,7,10,20,130,55,BAILLE (BOULEVARD),,,Plein jour,En agglomération,Hors intersection,Normale,Deux véhicules - côté,,,,,,,,,,,1,2,1,1,3
200700048951,0007-08-16 14:30:00,7,8,16,14,30,130,55,FORT NOTRE DAME (RUE),,,Plein jour,En agglomération,Hors intersection,Normale,Sans collision,,,,,,,,,,,1,2,1,1,7
200700048952,0007-08-02 11:25:00,7,8,2,11,25,130,55,"34, CORSE (AVENUE DE LA)",,,Plein jour,En agglomération,Intersection en T,Normale,Deux véhicules - côté,,,,,,,,,,,1,2,3,1,3
200700048953,0007-08-03 17:00:00,7,8,3,17,0,130,55,CROIX ROUGE (AVENUE),,,Plein jour,En agglomération,Hors intersection,Normale,Trois véhicules et plus - en chaîne,,,,,,,,,,,1,2,1,1,4
200700048954,0007-08-02 15:00:00,7,8,2,15,0,130,55,PONTEVES (RUE DE),,,Plein jour,En agglomération,Hors intersection,Normale,Autre collision,,,,,,,,,,,1,2,1,1,6
200700048955,0007-08-17 20:15:00,7,8,17,20,15,130,55,"78, CORDERIE (BOULEVARD",,,Nuit avec éclairage allumé,En agglomération,Hors intersection,Normale,Sans collision,,,,,,,,,,,5,2,1,1,7
200700048956,0007-08-07 14:00:00,7,8,7,14,0,130,55,LIBERTE (BOULEVARD DE LA,,,Plein jour,En agglomération,Intersection en X,Normale,Deux véhicules - côté,,,,,,,,,,,1,2,2,1,3
200700048957,0007-08-07 15:30:00,7,8,7,15,30,130,55,"141, BRETEUIL (RUE)",,,Plein jour,En agglomération,Hors intersection,Normale,Deux véhicules - arrière,,,,,,,,,,,1,2,1,1,2
200700048958,0007-08-07 19:45:00,7,8,7,19,45,130,55,"000, ROSE (AVENUE DE LA)",,,Plein jour,En agglomération,Hors intersection,Normale,Trois véhicules et plus - collisions multiples,,,,,,,,,,,1,2,1,1,5
200700048959,0007-08-03 12:30:00,7,8,3,12,30,130,55,"490, PARADIS (RUE)",,,Plein jour,En agglomération,Hors intersection,Normale,Deux véhicules - côté,,,,,,,,,,,1,2,1,1,3
200700048960,0007-08-10 17:15:00,7,8,10,17,15,130,55,PLATANES CO (BOULEVARD D,,,Plein jour,En agglomération,Intersection en T,Normale,Deux véhicules - frontale,,,,,,,,,,,1,2,3,1,1
200700048961,0007-08-08 19:20:00,7,8,8,19,20,130,55,"83, REDON (BOULEVARD DU)",,,Plein jour,En agglomération,Giratoire,Normale,Autre collision,,,,,,,,,,,1,2,6,1,6
200700048962,0007-08-07 09:15:00,7,8,7,9,15,130,55,RABATAU (BOULEVARD),,,Plein jour,En agglomération,Hors intersection,Normale,Deux véhicules - arrière,,,,,,,,,,,1,2,1,1,2
200700048963,0007-08-12 02:20:00,7,8,12,2,20,130,55,EDMOND ROSTAND (RUE),,,Nuit avec éclairage allumé,En agglomération,Intersection en X,Normale,Deux véhicules - arrière,,,,,,,,,,,5,2,2,1,2
200700048964,0007-08-09 17:00:00,7,8,9,17,0,130,55,", FRANCOISE DUPARC (BOUL",,,Plein jour,En agglomération,Hors intersection,Normale,Deux véhicules - arrière,,,,,,,,,,,1,2,1,1,2
200700048965,0007-08-05 10:15:00,7,8,5,10,15,130,55,CASTELLANE (PLACE),,,Plein jour,En agglomération,Hors intersection,Normale,Trois véhicules et plus - collisions multiples,,,,,,,,,,,1,2,1,1,5
200700048966,0007-08-08 16:00:00,7,8,8,16,0,130,55,"40, SAINT BAZILE (RUE)",,,Plein jour,En agglomération,Intersection en X,Normale,Deux véhicules - côté,,,,,,,,,,,1,2,2,1,3
200700048967,0007-08-04 11:30:00,7,8,4,11,30,130,55,VALENTINE (ROUTE DE LA),,,Plein jour,Hors agglomération,Hors intersection,Normale,Deux véhicules - côté,,,,,,,,,,,1,1,1,1,3
200700048968,0007-08-13 10:40:00,7,8,13,10,40,130,55,EDMOND ROSTAND (RUE),,,Plein jour,En agglomération,Intersection en T,Normale,Deux véhicules - côté,,,,,,,,,,,1,2,3,1,3
200700048969,0007-08-15 04:15:00,7,8,15,4,15,130,55,ALEX. FLEMING (BOULEVARD,,,Nuit avec éclairage allumé,En agglomération,Hors intersection,Normale,Autre collision,,,,,,,,,,,5,2,1,1,6
200700048970,0007-08-20 20:45:00,7,8,20,20,45,130,55,"56, GILLIBERT (BOULEVARD",,,Crépuscule ou aube,En agglomération,Hors intersection,Normale,Deux véhicules - arrière,,,,,,,,,,,2,2,1,1,2
200700048971,0007-08-21 16:23:00,7,8,21,16,23,130,55,MENDES FRANCE (AVENUE),,,Plein jour,En agglomération,Hors intersection,Normale,Deux véhicules - côté,,,,,,,,,,,1,2,1,1,3
200700048972,0007-08-20 11:25:00,7,8,20,11,25,130,55,"614, PRADO (AVENUE)",,,Plein jour,En agglomération,Hors intersection,Normale,Autre collision,,,,,,,,,,,1,2,1,1,6
200700048973,0007-08-12 16:45:00,7,8,12,16,45,130,55,"149, RABATAU (BOULEVARD)",,,Plein jour,En agglomération,Hors intersection,Normale,Deux véhicules - arrière,,,,,,,,,,,1,2,1,1,2
200700048974,0007-08-14 17:30:00,7,8,14,17,30,130,55,"26, SABLIER (BOULEVARD D",,,Plein jour,En agglomération,Hors intersection,Normale,Autre collision,,,,,,,,,,,1,2,1,1,6
200700048975,0007-08-13 17:30:00,7,8,13,17,30,130,55,GUSTAVES DESPLACES (BOUL,,,Plein jour,En agglomération,Hors intersection,Normale,Deux véhicules - arrière,,,,,,,,,,,1,2,1,1,2
200700048976,0007-08-13 09:15:00,7,8,13,9,15,130,55,EUROPE (ROND POINT DE L',,,Plein jour,En agglomération,Giratoire,Normale,Deux véhicules - côté,,,,,,,,,,,1,2,6,1,3
200700048977,0007-08-13 11:50:00,7,8,13,11,50,130,55,"68, MIREILLE LAUZE (BOUL",,,Plein jour,En agglomération,Hors intersection,Normale,Deux véhicules - côté,,,,,,,,,,,1,2,1,1,3
200700048978,0007-08-14 19:45:00,7,8,14,19,45,130,55,ESTEREL (AVENUE DE L'),,,Plein jour,En agglomération,Intersection en T,Normale,Deux véhicules - frontale,,,,,,,,,,,1,2,3,1,1
200700048979,0007-08-22 16:00:00,7,8,22,16,0,130,55,LIBERTE (BOULEVARD DE LA,,,Plein jour,En agglomération,Intersection en X,Normale,Deux véhicules - côté,,,,,,,,,,,1,2,2,1,3
200700048980,0007-08-17 21:15:00,7,8,17,21,15,130,55,"37, ANDRE ZENATTI (AVENU",,,Plein jour,En agglomération,Hors intersection,Normale,Deux véhicules - frontale,,,,,,,,,,,1,2,1,1,1
200700048981,0007-08-13 15:50:00,7,8,13,15,50,130,55,"63, FERNANDEL (AVENUE)",,,Plein jour,En agglomération,Hors intersection,Normale,Autre collision,,,,,,,,,,,1,2,1,1,6
200700048982,0007-08-14 12:00:00,7,8,14,12,0,130,55,"6, PORT (QUAI DU)",,,Plein jour,En agglomération,Hors intersection,Normale,Deux véhicules - côté,,,,,,,,,,,1,2,1,1,3
200700048983,0007-08-10 07:15:00,7,8,10,7,15,130,55,"141, LOUBON (RUE)",,,Crépuscule ou aube,En agglomération,Hors intersection,Normale,Autre collision,,,,,,,,,,,2,2,1,1,6
200700048984,0007-08-08 17:10:00,7,8,8,17,10,130,55,REVOLUTION (BOULEVARD),,,Plein jour,En agglomération,Intersection en T,Normale,Deux véhicules - côté,,,,,,,,,,,1,2,3,1,3
200700048985,0007-08-02 15:45:00,7,8,2,15,45,130,55,REVOLUTION (BOULEVARD),,,Plein jour,En agglomération,Intersection en T,Normale,Deux véhicules - côté,,,,,,,,,,,1,2,3,1,3
200700048986,0007-08-20 21:40:00,7,8,20,21,40,130,55,NATIONALE (RUE),,,Nuit avec éclairage allumé,En agglomération,Intersection en X,Normale,Deux véhicules - côté,,,,,,,,,,,5,2,2,1,3
200700048987,0007-08-09 11:00:00,7,8,9,11,0,130,55,"125, FRANÇOISE DUPARC (B",,,Plein jour,En agglomération,Hors intersection,Normale,Deux véhicules - côté,,,,,,,,,,,1,2,1,1,3
200700048988,0007-08-10 18:01:00,7,8,10,18,1,130,55,ROME (RUE DE),,,Plein jour,En agglomération,Intersection en X,Normale,Deux véhicules - côté,,,,,,,,,,,1,2,2,1,3
200700048989,0007-08-10 18:02:00,7,8,10,18,2,130,55,SAKAKINI (BOULEVARD),,,Plein jour,En agglomération,Hors intersection,Normale,Deux véhicules - côté,,,,,,,,,,,1,2,1,1,3
200700048990,0007-08-07 18:20:00,7,8,7,18,20,130,55,CATALANS (RUE DES),,,Plein jour,En agglomération,Intersection en Y,Normale,Deux véhicules - arrière,,,,,,,,,,,1,2,4,1,2
200700048991,0007-08-08 11:25:00,7,8,8,11,25,130,55,SAKAKINI (BOULEVARD),,,Plein jour,En agglomération,Hors intersection,Pluie légère,Deux véhicules - arrière,,,,,,,,,,,1,2,1,2,2
200700048992,0007-08-20 02:50:00,7,8,20,2,50,130,55,"98, GRAND CHAPI (IMPASSE",,,Nuit avec éclairage allumé,Hors agglomération,Hors intersection,Normale,Sans collision,,,,,,,,,,,5,1,1,1,7
200700048993,0007-08-24 20:45:00,7,8,24,20,45,130,55,"25, GARNIER  (RUE)",,,Nuit avec éclairage allumé,En agglomération,Hors intersection,Normale,Autre collision,,,,,,,,,,,5,2,1,1,6
200700048994,0007-08-17 12:05:00,7,8,17,12,5,130,55,"397, CORNICHE KENNEDY",,,Plein jour,En agglomération,Hors intersection,Normale,Trois véhicules et plus - en chaîne,,,,,,,,,,,1,2,1,1,4
200700048995,0007-08-17 09:00:00,7,8,17,9,0,130,55,"200, CORNICHE KENNEDY",,,Plein jour,En agglomération,Hors intersection,Normale,Autre collision,,,,,,,,,,,1,2,1,1,6
200700048996,0007-08-17 16:30:00,7,8,17,16,30,130,55,CHARLES LIVON (BOULEVARD,,,Plein jour,En agglomération,Hors intersection,Normale,Deux véhicules - côté,,,,,,,,,,,1,2,1,1,3
200700048997,0007-08-20 15:30:00,7,8,20,15,30,130,55,"73, SAINT MARCEL (BOULEV",,,Plein jour,En agglomération,Hors intersection,Normale,Deux véhicules - arrière,,,,,,,,,,,1,2,1,1,2
200700048998,0007-08-19 19:30:00,7,8,19,19,30,130,55,CAILLOLS (AVENUE DES),,,Plein jour,En agglomération,Hors intersection,Normale,Deux véhicules - frontale,,,,,,,,,,,1,2,1,1,1
200700048999,0007-08-19 15:30:00,7,8,19,15,30,130,55,SAINT MENET (AVENUE DE),,,Plein jour,En agglomération,Intersection en X,Normale,Deux véhicules - frontale,,,,,,,,,,,1,2,2,1,1
200700049000,0007-08-25 23:15:00,7,8,25,23,15,130,55,"324, ROMAIN ROLLAND (BOU",,,Nuit avec éclairage allumé,En agglomération,Hors intersection,Normale,Deux véhicules - frontale,,,,,,,,,,,5,2,1,1,1
200700049001,0007-08-26 19:35:00,7,8,26,19,35,130,55,"10, CORNEILLE (RUE)",,,Crépuscule ou aube,En agglomération,Hors intersection,Normale,Autre collision,,,,,,,,,,,2,2,1,1,6
200700049002,0007-08-24 22:30:00,7,8,24,22,30,130,55,"03, MARJOLAINE (ALLEE DE",,,Nuit avec éclairage allumé,En agglomération,Hors intersection,Normale,Autre collision,,,,,,,,,,,5,2,1,1,6
200700049003,0007-08-22 15:40:00,7,8,22,15,40,130,55,PARIS (BOULEVARD DE),,,Plein jour,En agglomération,Hors intersection,Normale,Deux véhicules - côté,,,,,,,,,,,1,2,1,1,3
200700049004,0007-08-22 19:40:00,7,8,22,19,40,130,55,MIRABEAU (BOULEVARD),,,Plein jour,En agglomération,Hors intersection,Normale,Autre collision,,,,,,,,,,,1,2,1,1,6
200700049005,0007-08-13 12:50:00,7,8,13,12,50,130,55,SAINTE MARTHE (CHEMIN DE,,,Plein jour,En agglomération,Hors intersection,Normale,Deux véhicules - côté,,,,,,,,,,,1,2,1,1,3