accident_id,datetime,annee,mois,jour,heure,minute,departement,commune_insee,adresse,latitude,longitude,luminosite,agglomeration,intersection,meteo,collision,nb_vehicules,nb_usagers,nb_indemnes,nb_tues,nb_blesses_hosp,nb_blesses_legers,age_cond_1,age_cond_2,veh_type_cond_1,veh_type_cond_2,lum_code,agg_code,int_code,atm_code,col_code
200700049006,0007-08-20 18:50:00,7,8,20,18,50,130,55,CHARLES LIVON (BOULEVARD,,,Plein jour,En agglomération,Intersection en T,Normale,Deux véhicules - côté,,,,,,,,,,,1,2,3,1,3
200700049007,0007-08-17 08:30:00,7,8,17,8,30,130,55,ORGUES (RUE DES),,,Plein jour,En agglomération,Hors intersection,Normale,Deux véhicules - côté,,,,,,,,,,,1,2,1,1,3
200700049008,0007-08-22 11:00:00,7,8,22,11,0,130,55,"13, CAPITAINE DESSEMOND",,,Plein jour,En agglomération,Hors intersection,Normale,Autre collision,,,,,,,,,,,1,2,1,1,6
200700049009,0007-08-13 11:30:00,7,8,13,11,30,130,55,"75, CORNICHE KENNEDY",,,Plein jour,En agglomération,Hors intersection,Normale,Deux véhicules - côté,,,,,,,,,,,1,2,1,1,3
200700049010,0007-08-17 10:15:00,7,8,17,10,15,130,55,"6, CORDERIE (BOULEVARD D",,,Plein jour,Hors agglomération,Intersection en T,Normale,Deux véhicules - côté,,,,,,,,,,,1,1,3,1,3
200700049011,0007-08-10 13:15:00,7,8,10,13,15,130,55,ARNAVON (AVENUE),,,Plein jour,En agglomération,Intersection en X,Normale,Deux véhicules - côté,,,,,,,,,,,1,2,2,1,3
200700049012,0007-08-16 12:30:00,7,8,16,12,30,130,55,BERCEAU (RUE),,,Plein jour,En agglomération,Intersection en X,Normale,Deux véhicules - côté,,,,,,,,,,,1,2,2,1,3
200700049013,0007-08-11 20:20:00,7,8,11,20,20,130,55,"88, SAINTE MARGUERITE (B",,,Plein jour,En agglomération,Hors intersection,Normale,Deux véhicules - côté,,,,,,,,,,,1,2,1,1,3
200700049014,0007-08-16 16:30:00,7,8,16,16,30,130,55,MILLIERE (BOULEVARD DE L,,,Plein jour,En agglomération,Hors intersection,Normale,Autre collision,,,,,,,,,,,1,2,1,1,6
200700049015,0007-08-26 06:00:00,7,8,26,6,0,130,55,MARÉCHAL DE LATTRE (AVEN,,,Crépuscule ou aube,En agglomération,Hors intersection,Normale,Autre collision,,,,,,,,,,,2,2,1,1,6
200700049016,0007-08-21 12:00:00,7,8,21,12,0,130,55,REDON (BOULEVARD DU),,,Plein jour,En agglomération,Intersection en T,Normale,Deux véhicules - côté,,,,,,,,,,,1,2,3,1,3
200700049017,0007-08-22 10:10:00,7,8,22,10,10,130,55,"99, CAMOINS (AVENUE DES)",,,Plein jour,En agglomération,Hors intersection,Normale,Deux véhicules - côté,,,,,,,,,,,1,2,1,1,3
200700049018,0007-08-23 23:10:00,7,8,23,23,10,130,55,", LÉON BANCAL (RUE)",,,Nuit avec éclairage allumé,En agglomération,Intersection en T,Normale,Deux véhicules - frontale,,,,,,,,,,,5,2,3,1,1
200700049019,0007-08-24 12:40:00,7,8,24,12,40,130,2,CANTON VERT (AVENUE DU),,,Plein jour,En agglomération,Hors intersection,Normale,Deux véhicules - frontale,,,,,,,,,,,1,2,1,1,1
200700049020,0007-08-17 09:30:00,7,8,17,9,30,130,55,PRADO (AVENUE),,,Plein jour,En agglomération,Intersection en T,Normale,Autre collision,,,,,,,,,,,1,2,3,1,6
200700049021,0007-08-22 19:00:00,7,8,22,19,0,130,55,"30, PINTADE  (TRAVERSE D",,,Plein jour,En agglomération,Hors intersection,Normale,Deux véhicules - côté,,,,,,,,,,,1,2,1,1,3
200700049022,0007-08-13 20:25:00,7,8,13,20,25,130,55,FOURRAGERE (IMPASSE),,,Nuit avec éclairage allumé,En agglomération,Intersection en T,Normale,Deux véhicules - côté,,,,,,,,,,,5,2,3,1,3
200700049023,0007-08-23 16:15:00,7,8,23,16,15,130,55,AUGUSTIN AUBERT (RUE),,,Plein jour,En agglomération,Intersection en X,Normale,Sans collision,,,,,,,,,,,1,2,2,1,7
200700049024,0007-08-25 05:35:00,7,8,25,5,35,130,55,"66, VALBARELLE (BOULEVAR",,,Nuit avec éclairage allumé,En agglomération,Hors intersection,Normale,Autre collision,,,,,,,,,,,5,2,1,1,6
200700049025,0007-08-21 14:20:00,7,8,21,14,20,130,55,PAUL COXE (RUE),,,Plein jour,En agglomération,Hors intersection,Normale,Deux véhicules - arrière,,,,,,,,,,,1,2,1,1,2
200700049026,0007-08-24 17:20:00,7,8,24,17,20,130,55,", CAPELETTE (AVENUE DE L",,,Plein jour,En agglomération,Hors intersection,Temps couvert,Deux véhicules - côté,,,,,,,,,,,1,2,1,8,3
200700049027,0007-08-20 16:00:00,7,8,20,16,0,130,55,JEAN PAUL SARTRE (AVENUE,,,Plein jour,En agglomération,Hors intersection,Normale,Deux véhicules - arrière,,,,,,,,,,,1,2,1,1,2
200700049028,0007-08-22 22:00:00,7,8,22,22,0,130,55,JEAN MOULIN (BOULEVARD),,,Nuit avec éclairage non allumé,En agglomération,Intersection en T,Normale,Sans collision,,,,,,,,,,,4,2,3,1,7
200700049029,0007-08-03 10:00:00,7,8,3,10,0,130,55,GRIGNAN (RUE),,,Plein jour,En agglomération,Hors intersection,Normale,Sans collision,,,,,,,,,,,1,2,1,1,7
200700049030,0007-08-19 19:40:00,7,8,19,19,40,130,55,ROME (RUE DE),,,Crépuscule ou aube,En agglomération,Intersection en X,Normale,Autre collision,,,,,,,,,,,2,2,2,1,6
200700049031,0007-08-07 07:40:00,7,8,7,7,40,130,55,"303, CORNICHE KENNEDY",,,Plein jour,En agglomération,Hors intersection,Normale,Deux véhicules - frontale,,,,,,,,,,,1,2,1,1,1
200700049032,0007-08-26 16:40:00,7,8,26,16,40,130,55,"9, MENDES FRANCE (AVENUE",,,Plein jour,En agglomération,Hors intersection,Normale,Deux véhicules - côté,,,,,,,,,,,1,2,1,1,3
200700049033,0007-08-27 14:10:00,7,8,27,14,10,130,55,"467, PRADO (AVENUE)",,,Plein jour,En agglomération,Intersection en X,Normale,Deux véhicules - arrière,,,,,,,,,,,1,2,2,1,2
200700049034,0007-08-29 07:30:00,7,8,29,7,30,130,55,RABATAU (BOULEVARD),,,Plein jour,En agglomération,Intersection à plus de 4 branches,Normale,Deux véhicules - côté,,,,,,,,,,,1,2,5,1,3
200700049035,0007-08-10 03:45:00,7,8,10,3,45,130,55,MENDES FRANCE (AVENUE),,,Nuit avec éclairage allumé,En agglomération,Hors intersection,Normale,Sans collision,,,,,,,,,,,5,2,1,1,7
200700049036,0007-08-28 17:30:00,7,8,28,17,30,130,55,ALPHONSE DAUDET (RUE),,,Plein jour,En agglomération,Autre intersection,Normale,Deux véhicules - côté,,,,,,,,,,,1,2,9,1,3
200700049037,0007-08-24 02:20:00,7,8,24,2,20,130,55,LANCIER (CHEMIN DU),,,Nuit avec éclairage allumé,En agglomération,Hors intersection,Normale,Autre collision,,,,,,,,,,,5,2,1,1,6
200700049038,0007-08-26 01:45:00,7,8,26,1,45,130,55,"359, MIRELLE LAUZE (BOUL",,,Nuit avec éclairage allumé,En agglomération,Hors intersection,Normale,Autre collision,,,,,,,,,,,5,2,1,1,6
200700049039,0007-08-17 22:15:00,7,8,17,22,15,130,55,PRADO (AVENUE),,,Nuit avec éclairage allumé,En agglomération,Autre intersection,Normale,Autre collision,,,,,,,,,,,5,2,9,1,6
200700049040,0007-08-28 16:10:00,7,8,28,16,10,130,55,"174, PEINTRES ROUX (AVEN",,,Plein jour,En agglomération,Hors intersection,Normale,Deux véhicules - arrière,,,,,,,,,,,1,2,1,1,2
200700049041,0007-08-17 10:30:00,7,8,17,10,30,130,55,JEAN PAUL SARTRE (AVENUE,,,Plein jour,En agglomération,Hors intersection,Normale,Trois véhicules et plus - en chaîne,,,,,,,,,,,1,2,1,1,4
200700049042,0007-08-21 08:20:00,7,8,21,8,20,130,55,"127, SAINT JOSEPH (CHEMI",,,Plein jour,En agglomération,Hors intersection,Normale,Deux véhicules - côté,,,,,,,,,,,1,2,1,1,3
200700049043,0007-08-22 10:00:00,7,8,22,10,0,130,55,"68 Bis, CAPELETTE (AVENU",,,Plein jour,En agglomération,Hors intersection,Normale,Deux véhicules - côté,,,,,,,,,,,1,2,1,1,3
200700049044,0007-08-25 10:00:00,7,8,25,10,0,130,55,SERY (RUE),,,Plein jour,En agglomération,Intersection en T,Normale,Deux véhicules - côté,,,,,,,,,,,1,2,3,1,3
200700049045,0007-08-31 19:30:00,7,8,31,19,30,130,55,", JEAN MOULIN (BOULEVARD",,,Plein jour,En agglomération,Hors intersection,Normale,Deux véhicules - arrière,,,,,,,,,,,1,2,1,1,2
200700049046,0007-08-26 17:00:00,7,8,26,17,0,130,55,FORT NOTRE DAME (RUE),,,Plein jour,En agglomération,Intersection en T,Normale,Deux véhicules - côté,,,,,,,,,,,1,2,3,1,3
200700049047,0007-08-23 14:00:00,7,8,23,14,0,130,55,"212, CHARTREUX (AVENUE D",,,Plein jour,En agglomération,Hors intersection,Normale,Deux véhicules - frontale,,,,,,,,,,,1,2,1,1,1
200700049048,0007-08-28 08:00:00,7,8,28,8,0,130,55,"02, LESSEPS (RUE DE)",,,Plein jour,En agglomération,Hors intersection,Normale,Trois véhicules et plus - en chaîne,,,,,,,,,,,1,2,1,1,4
200700049049,0007-08-28 14:00:00,7,8,28,14,0,130,55,SAINT JOSEPH (CHEMIN DE),,,Plein jour,En agglomération,Hors intersection,Normale,Deux véhicules - côté,,,,,,,,,,,1,2,1,1,3
200700049050,0007-08-18 10:30:00,7,8,18,10,30,130,55,"20, GAROUTTE (BOULEVARD)",,,Plein jour,En agglomération,Hors intersection,Normale,Deux véhicules - côté,,,,,,,,,,,1,2,1,1,3
200700049051,0007-08-19 12:45:00,7,8,19,12,45,130,55,BOISERAIE (RUE),,,Plein jour,En agglomération,Intersection en X,Normale,Deux véhicules - côté,,,,,,,,,,,1,2,2,1,3
200700049052,0007-08-29 00:10:00,7,8,29,0,10,130,55,CANEBIERE    81 A FIN,,,Nuit avec éclairage allumé,En agglomération,Intersection en X,Normale,Deux véhicules - côté,,,,,,,,,,,5,2,2,1,3
200700049053,0007-08-26 20:15:00,7,8,26,20,15,130,55,ALFRED CURTEL (RUE),,,Plein jour,En agglomération,Intersection en X,Normale,Deux véhicules - côté,,,,,,,,,,,1,2,2,1,3
200700049054,0007-08-25 17:30:00,7,8,25,17,30,130,55,"476, PRADO (AVENUE)",,,Plein jour,En agglomération,Hors intersection,Normale,Deux véhicules - côté,,,,,,,,,,,1,2,1,1,3
200700049055,0007-08-27 20:25:00,7,8,27,20,25,130,55,"151/153, RABATAU (BOULEV",,,Crépuscule ou aube,En agglomération,Hors intersection,Normale,Deux véhicules - côté,,,,,,,,,,,2,2,1,1,3
200700049056,0007-08-17 08:20:00,7,8,17,8,20,130,55,JEAN MOULIN (BOULEVARD),,,Plein jour,En agglomération,Hors intersection,Normale,Autre collision,,,,,,,,,,,1,2,1,1,6
200700049057,0007-08-28 18:00:00,7,8,28,18,0,130,55,MIREILLE LAUZE (BOULEVAR,,,Plein jour,En agglomération,Hors intersection,Normale,Deux véhicules - arrière,,,,,,,,,,,1,2,1,1,2
200700049058,0007-08-28 17:15:00,7,8,28,17,15,130,55,ARMENY (RUE D'),,,Plein jour,En agglomération,Hors intersection,Normale,Deux véhicules - côté,,,,,,,,,,,1,2,1,1,3
200700049059,0007-08-29 19:20:00,7,8,29,19,20,130,55,"356, PARADIS (RUE)",,,Plein jour,En agglomération,Hors intersection,Normale,Autre collision,,,,,,,,,,,1,2,1,1,6
200700049060,0007-08-30 06:00:00,7,8,30,6,0,130,55,JEAN COMPADIEU (AVENUE),,,Crépuscule ou aube,En agglomération,Hors intersection,Normale,Autre collision,,,,,,,,,,,2,2,1,1,6
200700049061,0007-08-17 14:45:00,7,8,17,14,45,130,55,VALDONNE (AVENUE DE),,,Plein jour,En agglomération,Intersection en T,Normale,Deux véhicules - côté,,,,,,,,,,,1,2,3,1,3
200700049062,0007-08-29 12:00:00,7,8,29,12,0,130,55,AUGUSTIN ROUX (RUE),,,Plein jour,En agglomération,Hors intersection,Normale,Deux véhicules - frontale,,,,,,,,,,,1,2,1,1,1
200700049063,0007-08-29 03:15:00,7,8,29,3,15,130,55,SCHLOESING (BOULEVARD),,,Nuit avec éclairage allumé,En agglomération,Hors intersection,Normale,Deux véhicules - arrière,,,,,,,,,,,5,2,1,1,2
200700049064,0007-08-25 12:00:00,7,8,25,12,0,130,55,RAMIEL (RUE),,,Plein jour,En agglomération,Hors intersection,Normale,Autre collision,,,,,,,,,,,1,2,1,1,6
200700049065,0007-08-29 09:20:00,7,8,29,9,20,130,55,"239, MORGIOU (CHEMIN DE)",,,Plein jour,En agglomération,Hors intersection,Normale,Autre collision,,,,,,,,,,,1,2,1,1,6
200700049066,0007-08-31 17:30:00,7,8,31,17,30,130,55,"52, BELLE DE MAI (RUE)",,,Plein jour,En agglomération,Hors intersection,Normale,Autre collision,,,,,,,,,,,1,2,1,1,6
200700049067,0007-08-31 19:00:00,7,8,31,19,0,130,55,REIMS (RUE DE),,,Plein jour,En agglomération,Hors intersection,Normale,Deux véhicules - côté,,,,,,,,,,,1,2,1,1,3
200700049068,0007-08-28 11:40:00,7,8,28,11,40,130,55,"77, PARETTE (PLACE DE LA",,,Plein jour,En agglomération,Hors intersection,Normale,Deux véhicules - frontale,,,,,,,,,,,1,2,1,1,1
200700049069,0007-08-22 09:20:00,7,8,22,9,20,130,55,MICHELET (BOULEVARD),,,Plein jour,En agglomération,Intersection en X,Normale,Deux véhicules - côté,,,,,,,,,,,1,2,2,1,3
200700049070,0007-08-31 02:00:00,7,8,31,2,0,130,55,"64, SAINT PIERRE (RUE)",,,Nuit avec éclairage allumé,En agglomération,Hors intersection,Normale,Autre collision,,,,,,,,,,,5,2,1,1,6
200700049071,0007-08-30 14:20:00,7,8,30,14,20,130,55,", CAMOINS ((RUE LES)",,,Plein jour,En agglomération,Hors intersection,Normale,Autre collision,,,,,,,,,,,1,2,1,1,6
200700049072,0007-08-31 07:00:00,7,8,31,7,0,130,55,RABATAU (BOULEVARD),,,Crépuscule ou aube,En agglomération,Hors intersection,Normale,Autre collision,,,,,,,,,,,2,2,1,1,6
200700049073,0007-08-30 16:00:00,7,8,30,16,0,130,55,", JEAN MOULIN (BOULEVARD",,,Plein jour,En agglomération,Hors intersection,Normale,Trois véhicules et plus - collisions multiples,,,,,,,,,,,1,2,1,1,5
200700049074,0007-08-31 15:30:00,7,8,31,15,30,130,55,"184, DOCTEUR CAUVIN (RUE",,,Plein jour,En agglomération,Hors intersection,Normale,Autre collision,,,,,,,,,,,1,2,1,1,6
200700049075,0007-08-31 12:30:00,7,8,31,12,30,130,55,"70, CURIOL (RUE)",,,Plein jour,En agglomération,Hors intersection,Normale,Sans collision,,,,,,,,,,,1,2,1,1,7
200700049076,0007-08-20 01:30:00,7,8,20,1,30,130,55,SAINT LOUIS (AVENUE DE),,,Nuit avec éclairage allumé,En agglomération,Intersection en X,Normale,Deux véhicules - frontale,,,,,,,,,,,5,2,2,1,1
200700049077,0007-08-18 11:30:00,7,8,18,11,30,130,55,"37, SERVIANE (TRAVERSE D",,,Plein jour,En agglomération,Intersection en T,Normale,Deux véhicules - côté,,,,,,,,,,,1,2,3,1,3
200700049078,0007-08-16 15:30:00,7,8,16,15,30,130,55,"126, 24 AVRIL 15 (AVENUE",,,Plein jour,En agglomération,Intersection en T,Normale,Deux véhicules - côté,,,,,,,,,,,1,2,3,1,3
200700049079,0007-08-29 06:30:00,7,8,29,6,30,130,55,"151, MICHELET (BOULEVARD",,,Crépuscule ou aube,En agglomération,Hors intersection,Normale,Deux véhicules - arrière,,,,,,,,,,,2,2,1,1,2
200700049080,0007-08-29 15:00:00,7,8,29,15,0,130,55,JOSEPH AIGUIER (CHEMIN),,,Plein jour,En agglomération,Hors intersection,Pluie légère,Deux véhicules - côté,,,,,,,,,,,1,2,1,2,3
200700049081,0007-08-28 12:00:00,7,8,28,12,0,130,55,"10, GARIBALDI (BOULEVARD",,,Plein jour,En agglomération,Hors intersection,Normale,Deux véhicules - côté,,,,,,,,,,,1,2,1,1,3
200700049082,0007-08-16 11:10:00,7,8,16,11,10,130,55,"34, CAPITAINE GEZE (BOUL",,,Plein jour,En agglomération,Hors intersection,Normale,Trois véhicules et plus - collisions multiples,,,,,,,,,,,1,2,1,1,5
200700049083,0007-08-20 08:20:00,7,8,20,8,20,130,55,GÉNÉRAL BRISSAC (AVENUE),,,Plein jour,En agglomération,Hors intersection,Normale,Deux véhicules - côté,,,,,,,,,,,1,2,1,1,3
200700049084,0007-08-16 15:31:00,7,8,16,15,31,130,55,PLOMBIERES (BOULEVARD DE,,,Plein jour,En agglomération,Hors intersection,Normale,Deux véhicules - arrière,,,,,,,,,,,1,2,1,1,2
200700049085,0007-08-10 08:10:00,7,8,10,8,10,130,55,ALEX. FLEMING (BOULEVARD,,,Plein jour,En agglomération,Hors intersection,Normale,Autre collision,,,,,,,,,,,1,2,1,1,6
200700049086,0007-08-02 07:40:00,7,8,2,7,40,130,55,"139, OLIVES (AVENUE DES)",,,Plein jour,En agglomération,Hors intersection,Normale,Deux véhicules - côté,,,,,,,,,,,1,2,1,1,3
200700049087,0007-08-20 13:00:00,7,8,20,13,0,130,55,JEAN MOULIN (BOULEVARD),,,Plein jour,En agglomération,Hors intersection,Normale,Autre collision,,,,,,,,,,,1,2,1,1,6
200700049088,0007-08-20 17:20:00,7,8,20,17,20,130,55,"23, ROGER BRUN (RUE)",,,Plein jour,En agglomération,Hors intersection,Normale,Trois véhicules et plus - en chaîne,,,,,,,,,,,1,2,1,1,4
200700049089,0007-08-28 15:40:00,7,8,28,15,40,130,55,"132, SAINTE MARTHE (CHEM",,,Plein jour,En agglomération,Hors intersection,Normale,Autre collision,,,,,,,,,,,1,2,1,1,6
200700049090,0007-08-23 16:30:00,7,8,23,16,30,130,55,"77, BOURRELY (CHEMIN DES",,,Plein jour,En agglomération,Hors intersection,Normale,Deux véhicules - arrière,,,,,,,,,,,1,2,1,1,2
200700049091,0007-08-19 14:46:00,7,8,19,14,46,130,55,"105, LIEUTAUD (COURS)",,,Plein jour,En agglomération,Intersection en X,Normale,Deux véhicules - côté,,,,,,,,,,,1,2,2,1,3
200700049092,0007-08-28 08:40:00,7,8,28,8,40,130,55,"79, TOULON (AVENUE DE)",,,Plein jour,En agglomération,Hors intersection,Normale,Deux véhicules - côté,,,,,,,,,,,1,2,1,1,3
200700049093,0007-08-21 09:50:00,7,8,21,9,50,130,55,"108, ROME (RUE DE)",,,Plein jour,En agglomération,Hors intersection,Normale,Autre collision,,,,,,,,,,,1,2,1,1,6
200700049094,0007-08-24 19:45:00,7,8,24,19,45,130,55,SAINTE MARTHE (CHEMIN DE,,,Plein jour,En agglomération,Hors intersection,Normale,Deux véhicules - côté,,,,,,,,,,,1,2,1,1,3
200700049095,0007-08-09 09:41:00,7,8,9,9,41,130,55,"221, DANIEL CASANOVA (BO",,,Plein jour,En agglomération,Hors intersection,Normale,Deux véhicules - côté,,,,,,,,,,,1,2,1,1,3
200700049096,0007-08-21 17:00:00,7,8,21,17,0,130,55,FENELON ROB (RUE),,,Plein jour,En agglomération,Hors intersection,Normale,Sans collision,,,,,,,,,,,1,2,1,1,7
200700049097,0007-08-19 19:15:00,7,8,19,19,15,130,55,SAINTE CECILE (RUE),,,Plein jour,En agglomération,Intersection à plus de 4 branches,Normale,Autre collision,,,,,,,,,,,1,2,5,1,6
200700049098,0007-08-30 14:30:00,7,8,30,14,30,130,55,"111, LIEUTAUD (COURS)",,,Plein jour,En agglomération,Hors intersection,Normale,Autre collision,,,,,,,,,,,1,2,1,1,6
200700049099,0007-08-14 10:45:00,7,8,14,10,45,130,55,"177, CORNICHE KENNEDY",,,Plein jour,En agglomération,Hors intersection,Normale,Deux véhicules - arrière,,,,,,,,,,,1,2,1,1,2
200700049100,0007-08-25 08:00:00,7,8,25,8,0,130,55,"222, MAZARGUES (AVENUE D",,,Plein jour,En agglomération,Hors intersection,Normale,Autre collision,,,,,,,,,,,1,2,1,1,6
200700049101,0007-08-07 16:00:00,7,8,7,16,0,130,55,"76, PALAMA (CHEMIN DE)",,,Plein jour,En agglomération,Hors intersection,Normale,Autre collision,,,,,,,,,,,1,2,1,1,6
200700049102,0007-08-24 18:00:00,7,8,24,18,0,130,55,"269, CORNICHE KENNEDY",,,Plein jour,En agglomération,Intersection en T,Normale,Deux véhicules - côté,,,,,,,,,,,1,2,3,1,3
200700049103,0007-08-27 15:00:00,7,8,27,15,0,130,55,"151 bis, MADRAGUE VILLE",,,Plein jour,En agglomération,Hors intersection,Normale,Deux véhicules - côté,,,,,,,,,,,1,2,1,1,3
200700049104,0007-08-23 06:30:00,7,8,23,6,30,130,55,PIERRE PUGET (COURS),,,Plein jour,En agglomération,Intersection en X,Normale,Deux véhicules - côté,,,,,,,,,,,1,2,2,1,3
200700049105,0007-08-23 13:00:00,7,8,23,13,0,130,55,"9, LINOTS (RUE)",,,Plein jour,En agglomération,Hors intersection,Normale,Deux véhicules - côté,,,,,,,,,,,1,2,1,1,3
200700049106,0007-08-30 08:05:00,7,8,30,8,5,130,55,LIBERTE (BOULEVARD DE LA,,,Plein jour,En agglomération,Intersection en X,Normale,Deux véhicules - côté,,,,,,,,,,,1,2,2,1,3
200700049107,0007-08-31 06:10:00,7,8,31,6,10,130,55,"27, JEAN MOULIN (BOULEVA",,,Nuit avec éclairage allumé,En agglomération,Hors intersection,Normale,Deux véhicules - côté,,,,,,,,,,,5,2,1,1,3
200700049108,0007-08-31 17:50:00,7,8,31,17,50,130,55,"11, SAINT SAVOURNIN (RUE",,,Plein jour,En agglomération,Hors intersection,Normale,Autre collision,,,,,,,,,,,1,2,1,1,6
200700049109,0007-08-15 20:50:00,7,8,15,20,50,130,55,MARRE (CHEMIN DE LA),,,Crépuscule ou aube,En agglomération,Hors intersection,Normale,Deux véhicules - frontale,,,,,,,,,,,2,2,1,1,1
200700049110,0007-08-24 20:20:00,7,8,24,20,20,130,55,"1, ATHENES (BOULEVARD D'",,,Plein jour,En agglomération,Hors intersection,Normale,Deux véhicules - arrière,,,,,,,,,,,1,2,1,1,2
200700049111,0007-08-24 17:00:00,7,8,24,17,0,130,55,BOURRELY (CHEMIN DES),,,Plein jour,En agglomération,Hors intersection,Normale,Deux véhicules - côté,,,,,,,,,,,1,2,1,1,3
200700049112,0007-08-20 08:30:00,7,8,20,8,30,130,55,FRÉDÉRIC MISTRAL (AVENUE,,,Plein jour,En agglomération,Hors intersection,Normale,Deux véhicules - côté,,,,,,,,,,,1,2,1,1,3
200700049113,0007-08-13 17:15:00,7,8,13,17,15,130,55,"93, FRANCOISE DUPARC (BO",,,Plein jour,En agglomération,Hors intersection,Normale,Trois véhicules et plus - en chaîne,,,,,,,,,,,1,2,1,1,4
200700049114,0007-08-02 19:25:00,7,8,2,19,25,130,39,ROUTE NATIONALE 569,,,Plein jour,Hors agglomération,Hors intersection,Normale,Deux véhicules - côté,,,,,,,,,,,1,1,1,1,3
200700049115,0007-08-02 17:30:00,7,8,2,17,30,130,77,"87, THOREZ MAURICE (aven",,,Plein jour,En agglomération,Hors intersection,Normale,Autre collision,,,,,,,,,,,1,2,1,1,6
200700049116,0007-08-01 21:50:00,7,8,1,21,50,130,56,FASCIOLA PLACE JOSEPH,,,Nuit avec éclairage allumé,En agglomération,Hors intersection,Normale,Autre collision,,,,,,,,,,,5,2,1,1,6
200700049117,0007-08-06 12:25:00,7,8,6,12,25,130,39,ROUTE NATIONALE 568,,,Plein jour,En agglomération,Hors intersection,Normale,Deux véhicules - côté,,,,,,,,,,,1,2,1,1,3
200700049118,0007-08-11 00:30:00,7,8,11,0,30,130,39,RN 568,,,Nuit sans éclairage public,Hors agglomération,Hors intersection,Normale,Deux véhicules - arrière,,,,,,,,,,,3,1,1,1,2
200700049119,0007-08-11 21:55:00,7,8,11,21,55,130,26,RN 568,,,Nuit avec éclairage allumé,En agglomération,Hors intersection,Normale,Sans collision,,,,,,,,,,,5,2,1,1,7
200700049120,0007-08-08 11:30:00,7,8,8,11,30,130,56,TURCAN FRANCIS,,,Plein jour,En agglomération,Hors intersection,Normale,Deux véhicules - arrière,,,,,,,,,,,1,2,1,1,2
200700049121,0007-08-12 22:18:00,7,8,12,22,18,130,39,RN 568,,,Nuit sans éclairage public,Hors agglomération,Hors intersection,Normale,Deux véhicules - arrière,,,,,,,,,,,3,1,1,1,2
200700049122,0007-08-07 19:00:00,7,8,7,19,0,130,56,BASTIDES ROUTE DES,,,Plein jour,Hors agglomération,Hors intersection,Normale,Sans collision,,,,,,,,,,,1,1,1,1,7
200700049123,0007-08-18 17:20:00,7,8,18,17,20,130,56,GAULLE AVENUE CHARLES DE,,,Plein jour,En agglomération,Hors intersection,Normale,Deux véhicules - côté,,,,,,,,,,,1,2,1,1,3
200700049124,0007-08-04 10:45:00,7,8,4,10,45,130,56,ROUTE NATIONNALE 568,,,Plein jour,Hors agglomération,Hors intersection,Normale,Autre collision,,,,,,,,,,,1,1,1,1,6
200700049125,0007-08-14 10:30:00,7,8,14,10,30,130,39,RN 568,,,Plein jour,Hors agglomération,Hors intersection,Normale,Autre collision,,,,,,,,,,,1,1,1,1,6
200700049126,0007-08-22 22:50:00,7,8,22,22,50,130,56,SAINT PIERRE CHEMIN,,,Nuit avec éclairage allumé,En agglomération,Hors intersection,Normale,Deux véhicules - arrière,,,,,,,,,,,5,2,1,1,2
200700049127,0007-08-31 08:30:00,7,8,31,8,30,130,39,RN 544,,,Plein jour,Hors agglomération,Hors intersection,Normale,Autre collision,,,,,,,,,,,1,1,1,1,6
200700049128,0007-08-30 15:30:00,7,8,30,15,30,130,39,RN 568,,,Plein jour,Hors agglomération,Hors intersection,Normale,Deux véhicules - arrière,,,,,,,,,,,1,1,1,1,2
200700049129,0007-08-06 15:05:00,7,8,6,15,5,130,78,"3 bis, DANTON (RUE)",,,Plein jour,En agglomération,Hors intersection,Normale,Autre collision,,,,,,,,,,,1,2,1,1,6
200700049130,0007-08-29 16:30:00,7,8,29,16,30,130,78,N268 (ROUTE),,,Plein jour,Hors agglomération,Hors intersection,Normale,Sans collision,,,,,,,,,,,1,1,1,1,7
200700049131,0007-08-30 17:10:00,7,8,30,17,10,130,78,DARSES (ROUTE DES),,,Plein jour,Hors agglomération,Giratoire,Vent fort / tempête,Sans collision,,,,,,,,,,,1,1,6,6,7
200700049132,0007-08-05 01:40:00,7,8,5,1,40,130,103,ROUTE DE JEAN MOULIN-RN,,,Nuit sans éclairage public,Hors agglomération,Hors intersection,Normale,Sans collision,,,,,,,,,,,3,1,1,1,7
200700049133,0007-08-17 15:50:00,7,8,17,15,50,130,103,", RN 113",,,Plein jour,En agglomération,Intersection en T,Normale,Deux véhicules - côté,,,,,,,,,,,1,2,3,1,3
200700049134,0007-08-21 11:35:00,7,8,21,11,35,130,103,"554,  BOULEVARD DANTON",,,Plein jour,En agglomération,Hors intersection,Normale,Deux véhicules - côté,,,,,,,,,,,1,2,1,1,3
200700049135,0007-08-03 14:25:00,7,8,3,14,25,130,108,RD 970 ROUTE D ARLES ),,,Plein jour,Hors agglomération,Intersection en X,Normale,Deux véhicules - côté,,,,,,,,,,,1,1,2,1,3
200700049136,0007-08-11 07:25:00,7,8,11,7,25,130,108,VALLABREGUES ( RD 81 ROU,,,Plein jour,Hors agglomération,Hors intersection,Normale,Sans collision,,,,,,,,,,,1,1,1,1,7
200700049137,0007-08-16 00:55:00,7,8,16,0,55,130,108,D33 ROUTE DE FONTVEILLE,,,Nuit sans éclairage public,Hors agglomération,Intersection à plus de 4 branches,Normale,Autre collision,,,,,,,,,,,3,1,5,1,6
200700049138,0007-08-28 13:30:00,7,8,28,13,30,130,108,ARISTIDE BRIAND (COURS),,,Plein jour,En agglomération,Giratoire,Normale,Deux véhicules - côté,,,,,,,,,,,1,2,6,1,3
200700049139,0007-08-01 12:00:00,7,8,1,12,0,130,117,PASTEUR  (RUE LOUIS ),,,Plein jour,En agglomération,Hors intersection,Normale,Autre collision,,,,,,,,,,,1,2,1,1,6