accident_id,datetime,annee,mois,jour,heure,minute,departement,commune_insee,adresse,latitude,longitude,luminosite,agglomeration,intersection,meteo,collision,nb_vehicules,nb_usagers,nb_indemnes,nb_tues,nb_blesses_hosp,nb_blesses_legers,age_cond_1,age_cond_2,veh_type_cond_1,veh_type_cond_2,lum_code,agg_code,int_code,atm_code,col_code
200700049140,0007-08-02 18:00:00,7,8,2,18,0,130,71,ROUTE NATIONALE 113 - RE,,,Plein jour,En agglomération,Intersection en T,Normale,Deux véhicules - côté,,,,,,,,,,,1,2,3,1,3
200700049141,0007-08-03 17:45:00,7,8,3,17,45,130,117,PADOVANI ( AVE ),,,Plein jour,En agglomération,Hors intersection,Normale,Autre collision,,,,,,,,,,,1,2,1,1,6
200700049142,0007-08-11 17:21:00,7,8,11,17,21,130,71,CD 6,,,Plein jour,En agglomération,Hors intersection,Normale,Deux véhicules - côté,,,,,,,,,,,1,2,1,1,3
200700049143,0007-08-12 16:42:00,7,8,12,16,42,130,117,TAMARIS ( BOULEVARD DES,,,Plein jour,En agglomération,Hors intersection,Normale,Autre collision,,,,,,,,,,,1,2,1,1,6
200700049144,0007-08-12 10:30:00,7,8,12,10,30,130,71,MITTERRAND (AVENUE FRANC,,,Plein jour,En agglomération,Hors intersection,Normale,Autre collision,,,,,,,,,,,1,2,1,1,6
200700049145,0007-08-14 10:00:00,7,8,14,10,0,130,117,", ROND POINT DE PIERRE P",,,Plein jour,En agglomération,Hors intersection,Normale,Deux véhicules - arrière,,,,,,,,,,,1,2,1,1,2
200700049146,0007-08-18 06:20:00,7,8,18,6,20,130,71,"xxxx, ROUTE NATIONALE 11",,,Crépuscule ou aube,En agglomération,Hors intersection,Normale,Deux véhicules - arrière,,,,,,,,,,,2,2,1,1,2
200700049147,0007-08-20 15:05:00,7,8,20,15,5,130,117,SEYSSAUD ( RUE RENE ),,,Plein jour,En agglomération,Intersection en T,Normale,Deux véhicules - côté,,,,,,,,,,,1,2,3,1,3
200700049148,0007-08-28 11:16:00,7,8,28,11,16,130,71,VIRGIN (MAGASIN),,,Plein jour,En agglomération,Hors intersection,Normale,Deux véhicules - frontale,,,,,,,,,,,1,2,1,1,1
200700049149,0007-08-28 17:55:00,7,8,28,17,55,130,117,STADIUM (CD9),,,Plein jour,Hors agglomération,Hors intersection,Normale,Trois véhicules et plus - collisions multiples,,,,,,,,,,,1,1,1,1,5
200700049150,0007-08-28 22:35:00,7,8,28,22,35,130,71,CD 6,,,Nuit avec éclairage allumé,Hors agglomération,Hors intersection,Normale,Deux véhicules - frontale,,,,,,,,,,,5,1,1,1,1
200700049151,0007-08-31 11:40:00,7,8,31,11,40,130,117,ROUTE NATIONALE 113-L'AN,,,Plein jour,Hors agglomération,Hors intersection,Normale,Trois véhicules et plus - en chaîne,,,,,,,,,,,1,1,1,1,4
200700049152,0007-08-09 18:00:00,7,8,9,18,0,140,341,Route Nationale 814,,,Plein jour,Hors agglomération,Hors intersection,Normale,Deux véhicules - côté,,,,,,,,,,,1,1,1,1,3
200700049153,0007-08-12 14:45:00,7,8,12,14,45,140,437,"0, MONTALIVET (COURS)",,,Plein jour,En agglomération,Intersection en T,Normale,Deux véhicules - côté,,,,,,,,,,,1,2,3,1,3
200700049154,0007-08-11 15:00:00,7,8,11,15,0,140,118,"0, SAINT GABRIEL (RUE)",,,Plein jour,En agglomération,Giratoire,Normale,Deux véhicules - côté,,,,,,,,,,,1,2,6,1,3
200700049155,0007-08-13 20:00:00,7,8,13,20,0,140,341,"2, LEGER (RUE FERNAND)",,,Plein jour,En agglomération,Intersection en T,Normale,Deux véhicules - frontale,,,,,,,,,,,1,2,3,1,1
200700049156,0007-08-14 16:45:00,7,8,14,16,45,140,118,", PIGACIERE (RUE DE LA)",,,Plein jour,En agglomération,Hors intersection,Normale,Deux véhicules - arrière,,,,,,,,,,,1,2,1,1,2
200700049157,0007-08-25 05:30:00,7,8,25,5,30,140,137,ROUTE NATIONALE 13,,,Nuit sans éclairage public,Hors agglomération,Hors intersection,Brouillard / fumée,Sans collision,,,,,,,,,,,3,1,1,5,7
200700049158,0007-08-26 13:15:00,7,8,26,13,15,140,118,"0, LIBERATION (AVENUE DE",,,Plein jour,En agglomération,Intersection en X,Normale,Deux véhicules - côté,,,,,,,,,,,1,2,2,1,3
200700049159,0007-08-27 11:00:00,7,8,27,11,0,140,118,RN814,,,Plein jour,Hors agglomération,Hors intersection,Normale,Deux véhicules - arrière,,,,,,,,,,,1,1,1,1,2
200700049160,0007-08-31 21:10:00,7,8,31,21,10,140,118,"0, HARCOURT (AVENUE D')",,,Plein jour,En agglomération,Intersection en X,Normale,Deux véhicules - côté,,,,,,,,,,,1,2,2,1,3
200700049161,0007-08-04 20:32:00,7,8,4,20,32,140,536,QUATRE FRANCS (CARREFOUR,,,Plein jour,En agglomération,Intersection en X,Normale,Deux véhicules - côté,,,,,,,,,,,1,2,2,1,3
200700049162,0007-08-15 19:55:00,7,8,15,19,55,140,366,"12, JEANNE D'ARC (BOULEV",,,Plein jour,En agglomération,Hors intersection,Normale,Deux véhicules - frontale,,,,,,,,,,,1,2,1,1,1
200700049163,0007-08-30 09:55:00,7,8,30,9,55,140,366,"6, JEANNE D'ARC (BOULEVA",,,Plein jour,En agglomération,Giratoire,Normale,Autre collision,,,,,,,,,,,1,2,6,1,6
200700049164,0007-08-04 10:50:00,7,8,4,10,50,140,715,FONTAINE DE CALLENVILLE,,,Plein jour,Hors agglomération,Hors intersection,Normale,Deux véhicules - frontale,,,,,,,,,,,1,1,1,1,1
200700049165,0007-08-12 10:33:00,7,8,12,10,33,160,113,GARE (RUE DE LA),,,Plein jour,En agglomération,Autre intersection,Normale,Deux véhicules - côté,,,,,,,,,,,1,2,9,1,3
200700049166,0007-08-16 01:20:00,7,8,16,1,20,160,113,"0, CENTRE COMMERCIAL AUC",,,Crépuscule ou aube,En agglomération,Hors intersection,Pluie légère,Deux véhicules - frontale,,,,,,,,,,,2,2,1,2,1
200700049167,0007-08-14 15:10:00,7,8,14,15,10,160,113,BORDEAUX RD 910 (ROUTE D,,,Plein jour,En agglomération,Hors intersection,Normale,Deux véhicules - arrière,,,,,,,,,,,1,2,1,1,2
200700049168,0007-08-14 13:50:00,7,8,14,13,50,160,15,"2, BEL AIR A LA MADELEIN",,,Plein jour,En agglomération,Hors intersection,Normale,Autre collision,,,,,,,,,,,1,2,1,1,6
200700049169,0007-08-26 21:18:00,7,8,26,21,18,160,15,"0, BRETAGNE (BOULEVARD D",,,Plein jour,En agglomération,Hors intersection,Normale,Autre collision,,,,,,,,,,,1,2,1,1,6
200700049170,0007-08-23 12:15:00,7,8,23,12,15,160,15,"289, PERIGUEUX (RUE DE N",,,Plein jour,En agglomération,Hors intersection,Pluie légère,Deux véhicules - arrière,,,,,,,,,,,1,2,1,2,2
200700049171,0007-08-27 11:50:00,7,8,27,11,50,160,358,"52, BELLEVUE (RUE DE)",,,Plein jour,En agglomération,Hors intersection,Normale,Deux véhicules - arrière,,,,,,,,,,,1,2,1,1,2
200700049172,0007-08-24 19:45:00,7,8,24,19,45,160,89,BARBEZIEUX (AVENUE DE),,,Plein jour,En agglomération,Hors intersection,Normale,Deux véhicules - côté,,,,,,,,,,,1,2,1,1,3
200700049173,0007-08-03 09:00:00,7,8,3,9,0,170,299,"172990382, MAISON CAMPAG",,,Plein jour,En agglomération,Giratoire,Normale,Deux véhicules - côté,,,,,,,,,,,1,2,6,1,3
200700049174,0007-08-03 22:10:00,7,8,3,22,10,170,449,"174490005, AUNIS AVENUE",,,Nuit avec éclairage allumé,En agglomération,Intersection en T,Normale,Sans collision,,,,,,,,,,,5,2,3,1,7
200700049175,0007-08-04 17:25:00,7,8,4,17,25,170,299,"172990193, HUIT MAI 1945",,,Plein jour,En agglomération,Intersection en T,Normale,Deux véhicules - côté,,,,,,,,,,,1,2,3,1,3
200700049176,0007-08-11 14:30:00,7,8,11,14,30,170,449,"174490025, PONT ROUGE AV",,,Plein jour,En agglomération,Hors intersection,Normale,Deux véhicules - arrière,,,,,,,,,,,1,2,1,1,2
200700049177,0007-08-13 08:55:00,7,8,13,8,55,170,299,"172990024, BACHELARD AVE",,,Plein jour,En agglomération,Intersection en X,Normale,Deux véhicules - arrière,,,,,,,,,,,1,2,2,1,2
200700049178,0007-08-14 09:30:00,7,8,14,9,30,170,449,"174490003, ALSACE LORRAI",,,Plein jour,En agglomération,Giratoire,Normale,Deux véhicules - côté,,,,,,,,,,,1,2,6,1,3
200700049179,0007-08-14 14:50:00,7,8,14,14,50,170,299,"172990080, C.D. 733",,,Plein jour,En agglomération,Hors intersection,Pluie légère,Deux véhicules - arrière,,,,,,,,,,,1,2,1,2,2
200700049180,0007-08-16 00:25:00,7,8,16,0,25,170,299,"172990184, HEBERT RUE GE",,,Nuit avec éclairage non allumé,En agglomération,Hors intersection,Normale,Autre collision,,,,,,,,,,,4,2,1,1,6
200700049181,0007-08-20 20:20:00,7,8,20,20,20,170,449,"174490030, PUYJARREAU RU",,,Plein jour,En agglomération,Intersection en T,Pluie légère,Deux véhicules - frontale,,,,,,,,,,,1,2,3,2,1
200700049182,0007-08-20 22:20:00,7,8,20,22,20,170,299,"172990087, CHANZY RUE",,,Nuit avec éclairage allumé,En agglomération,Intersection en X,Pluie légère,Autre collision,,,,,,,,,,,5,2,2,2,6
200700049183,0007-08-21 14:00:00,7,8,21,14,0,170,299,"172990263, MOULIN DE LA",,,Plein jour,En agglomération,Hors intersection,Normale,Deux véhicules - côté,,,,,,,,,,,1,2,1,1,3
200700049184,0007-08-21 19:00:00,7,8,21,19,0,170,299,"172990063, BRETAGNE RUE",,,Plein jour,En agglomération,Intersection en X,Normale,Deux véhicules - côté,,,,,,,,,,,1,2,2,1,3
200700049185,0007-08-26 16:00:00,7,8,26,16,0,170,299,"172990350, TORRELAVEGA A",,,Plein jour,En agglomération,Hors intersection,Normale,Trois véhicules et plus - en chaîne,,,,,,,,,,,1,2,1,1,4
200700049186,0007-08-01 10:39:00,7,8,1,10,39,170,300,"10, MONNET   AVENUE JEAN",,,Plein jour,En agglomération,Hors intersection,Normale,Autre collision,,,,,,,,,,,1,2,1,1,6
200700049187,0007-08-01 15:40:00,7,8,1,15,40,170,300,"6, NORMANDIN   RUE EMILE",,,Plein jour,En agglomération,Hors intersection,Normale,Deux véhicules - arrière,,,,,,,,,,,1,2,1,1,2
200700049188,0007-08-01 18:43:00,7,8,1,18,43,170,28,"24, GRASSET   AVENUE EDM",,,Plein jour,En agglomération,Hors intersection,Normale,Deux véhicules - frontale,,,,,,,,,,,1,2,1,1,1
200700049189,0007-08-03 19:40:00,7,8,3,19,40,170,200,03 PK RN237 RE MOULIN JU,,,Plein jour,Hors agglomération,Hors intersection,Normale,Deux véhicules - arrière,,,,,,,,,,,1,1,1,1,2
200700049190,0007-08-05 20:30:00,7,8,5,20,30,170,300,"14, SAINT-LOUIS   RUE",,,Plein jour,En agglomération,Intersection en X,Normale,Deux véhicules - côté,,,,,,,,,,,1,2,2,1,3
200700049191,0007-08-06 03:00:00,7,8,6,3,0,170,300,"22, VIELJEUX   RUE LEONC",,,Nuit avec éclairage allumé,En agglomération,Hors intersection,Normale,Autre collision,,,,,,,,,,,5,2,1,1,6
200700049192,0007-08-06 11:35:00,7,8,6,11,35,170,200,HUIT MAI 1945   AVENUE D,,,Plein jour,En agglomération,Hors intersection,Normale,Deux véhicules - arrière,,,,,,,,,,,1,2,1,1,2
200700049193,0007-08-06 12:26:00,7,8,6,12,26,170,300,33 PK RN11 NANTES ROCADE,,,Plein jour,En agglomération,Hors intersection,Normale,Trois véhicules et plus - en chaîne,,,,,,,,,,,1,2,1,1,4
200700049194,0007-08-06 16:15:00,7,8,6,16,15,170,300,"15, GAULLE   AVENUE DU G",,,Plein jour,En agglomération,Hors intersection,Normale,Autre collision,,,,,,,,,,,1,2,1,1,6
200700049195,0007-08-07 07:09:00,7,8,7,7,9,170,300,PALISSY   RUE BERNARD,,,Plein jour,En agglomération,Hors intersection,Normale,Sans collision,,,,,,,,,,,1,2,1,1,7
200700049196,0007-08-07 15:15:00,7,8,7,15,15,170,200,"001, CLAVIER   AVENUE DU",,,Plein jour,En agglomération,Intersection en X,Normale,Deux véhicules - côté,,,,,,,,,,,1,2,2,1,3
200700049197,0007-08-08 03:50:00,7,8,8,3,50,170,300,"3, LAZARET   AVENUE DU",,,Nuit avec éclairage allumé,En agglomération,Hors intersection,Normale,Autre collision,,,,,,,,,,,5,2,1,1,6
200700049198,0007-08-08 08:30:00,7,8,8,8,30,170,300,"104, GUITON   AVENUE JEA",,,Plein jour,En agglomération,Hors intersection,Normale,Deux véhicules - arrière,,,,,,,,,,,1,2,1,1,2
200700049199,0007-08-09 14:15:00,7,8,9,14,15,170,300,"1, LECLERC   AVENUE DU G",,,Plein jour,En agglomération,Hors intersection,Normale,Deux véhicules - arrière,,,,,,,,,,,1,2,1,1,2
200700049200,0007-08-11 19:00:00,7,8,11,19,0,170,291,"12, EUROPE  AVENUE",,,Plein jour,En agglomération,Hors intersection,Normale,Sans collision,,,,,,,,,,,1,2,1,1,7
200700049201,0007-08-11 19:15:00,7,8,11,19,15,170,300,CORSAIRES   AVENUE DES (,,,Plein jour,En agglomération,Hors intersection,Normale,Deux véhicules - arrière,,,,,,,,,,,1,2,1,1,2
200700049202,0007-08-12 06:15:00,7,8,12,6,15,170,291,"133, DESCENDERIE  RUE DE",,,Crépuscule ou aube,En agglomération,Hors intersection,Normale,Autre collision,,,,,,,,,,,2,2,1,1,6
200700049203,0007-08-12 18:57:00,7,8,12,18,57,170,300,ECOLES   RUE DES,,,Plein jour,En agglomération,Intersection en X,Normale,Deux véhicules - côté,,,,,,,,,,,1,2,2,1,3
200700049204,0007-08-13 15:30:00,7,8,13,15,30,170,300,34 PK RN11 NANTES ROCADE,,,Plein jour,Hors agglomération,Hors intersection,Normale,Trois véhicules et plus - en chaîne,,,,,,,,,,,1,1,1,1,4
200700049205,0007-08-14 13:35:00,7,8,14,13,35,170,200,"1, HUIT MAI 1945   AVENU",,,Plein jour,En agglomération,Hors intersection,Pluie forte,Deux véhicules - arrière,,,,,,,,,,,1,2,1,3,2
200700049206,0007-08-14 21:50:00,7,8,14,21,50,170,300,JOFFRE   BOULEVARD (27/7,,,Nuit avec éclairage allumé,En agglomération,Hors intersection,Normale,Deux véhicules - côté,,,,,,,,,,,5,2,1,1,3
200700049207,0007-08-15 08:34:00,7,8,15,8,34,170,300,"10, ATHENES   AVENUE D'",,,Plein jour,En agglomération,Hors intersection,Normale,Deux véhicules - côté,,,,,,,,,,,1,2,1,1,3
200700049208,0007-08-16 10:30:00,7,8,16,10,30,170,300,"372, GUITON   AVENUE JEA",,,Plein jour,En agglomération,Hors intersection,Normale,Deux véhicules - arrière,,,,,,,,,,,1,2,1,1,2
200700049209,0007-08-16 20:15:00,7,8,16,20,15,170,300,"13, MAIL   ALLEE DU",,,Plein jour,En agglomération,Hors intersection,Normale,Autre collision,,,,,,,,,,,1,2,1,1,6
200700049210,0007-08-17 11:55:00,7,8,17,11,55,170,300,KENNEDY   AVENUE DU PRES,,,Plein jour,En agglomération,Hors intersection,Normale,Deux véhicules - arrière,,,,,,,,,,,1,2,1,1,2
200700049211,0007-08-18 05:20:00,7,8,18,5,20,170,300,NORMANDIN   RUE EMILE,,,Nuit avec éclairage allumé,En agglomération,Hors intersection,Normale,Autre collision,,,,,,,,,,,5,2,1,1,6
200700049212,0007-08-20 03:50:00,7,8,20,3,50,170,300,"57, ORBIGNY   RUE ALCIDE",,,Nuit avec éclairage allumé,En agglomération,Hors intersection,Normale,Autre collision,,,,,,,,,,,5,2,1,1,6
200700049213,0007-08-20 10:50:00,7,8,20,10,50,170,274,REPUBLIQUE   ROND-POINT,,,Plein jour,En agglomération,Hors intersection,Normale,Deux véhicules - arrière,,,,,,,,,,,1,2,1,1,2
200700049214,0007-08-20 18:25:00,7,8,20,18,25,170,300,SARTRE   AVENUE JEAN-PAU,,,Plein jour,En agglomération,Hors intersection,Pluie forte,Autre collision,,,,,,,,,,,1,2,1,3,6
200700049215,0007-08-26 17:40:00,7,8,26,17,40,170,300,114 PK RN137 ROCHEFORT J,,,Plein jour,Hors agglomération,Hors intersection,Normale,Sans collision,,,,,,,,,,,1,1,1,1,7
200700049216,0007-08-26 18:00:00,7,8,26,18,0,170,300,115 PK RN137 ROCHEFORT J,,,Plein jour,Hors agglomération,Hors intersection,Normale,Autre collision,,,,,,,,,,,1,1,1,1,6
200700049217,0007-08-29 16:55:00,7,8,29,16,55,170,300,MONNAIE   AVENUE DE LA,,,Plein jour,En agglomération,Intersection en X,Normale,Deux véhicules - côté,,,,,,,,,,,1,2,2,1,3
200700049218,0007-08-30 00:15:00,7,8,30,0,15,170,300,"37, SCIERIE   RUE DE LA",,,Nuit avec éclairage allumé,En agglomération,Hors intersection,Normale,Autre collision,,,,,,,,,,,5,2,1,1,6
200700049219,0007-08-30 18:12:00,7,8,30,18,12,170,274,REPUBLIQUE   ROND-POINT,,,Plein jour,En agglomération,Hors intersection,Normale,Deux véhicules - côté,,,,,,,,,,,1,2,1,1,3
200700049220,0007-08-18 15:00:00,7,8,18,15,0,170,300,"001, CORDOUAN   RUE DU",,,Plein jour,En agglomération,Intersection en X,Normale,Deux véhicules - côté,,,,,,,,,,,1,2,2,1,3
200700049221,0007-08-01 07:45:00,7,8,1,7,45,170,380,"0, EXPRESS (VOIE)",,,Plein jour,En agglomération,Hors intersection,Normale,Deux véhicules - frontale,,,,,,,,,,,1,2,1,1,1
200700049222,0007-08-03 18:06:00,7,8,3,18,6,170,333,"0, TILLEULS (AVENUE DES)",,,Plein jour,En agglomération,Giratoire,Normale,Deux véhicules - côté,,,,,,,,,,,1,2,6,1,3
200700049223,0007-08-05 11:15:00,7,8,5,11,15,170,333,"0, COTE DE BEAUTE (BOULE",,,Plein jour,En agglomération,Hors intersection,Normale,Autre collision,,,,,,,,,,,1,2,1,1,6
200700049224,0007-08-07 23:45:00,7,8,7,23,45,170,333,"0, BETEILLE JOSEPH (AVEN",,,Nuit avec éclairage allumé,En agglomération,Hors intersection,Normale,Sans collision,,,,,,,,,,,5,2,1,1,7
200700049225,0007-08-10 10:30:00,7,8,10,10,30,170,306,"0, 4E ZOUAVE (DU) (AVENU",,,Plein jour,En agglomération,Hors intersection,Normale,Trois véhicules et plus - en chaîne,,,,,,,,,,,1,2,1,1,4
200700049226,0007-08-10 17:59:00,7,8,10,17,59,170,306,"0, LAVOISIER (ANTOINE DE",,,Plein jour,En agglomération,Hors intersection,Normale,Deux véhicules - côté,,,,,,,,,,,1,2,1,1,3
200700049227,0007-08-13 16:00:00,7,8,13,16,0,170,306,"0, AQUITAINE (ALIENOR D'",,,Plein jour,En agglomération,Hors intersection,Normale,Deux véhicules - côté,,,,,,,,,,,1,2,1,1,3
200700049228,0007-08-16 17:47:00,7,8,16,17,47,170,306,"0, CAREL (DU)",,,Plein jour,En agglomération,Hors intersection,Normale,Deux véhicules - arrière,,,,,,,,,,,1,2,1,1,2
200700049229,0007-08-16 22:50:00,7,8,16,22,50,170,306,"0, FONCILLON (FACADE DE)",,,Nuit avec éclairage allumé,En agglomération,Intersection en X,Normale,Autre collision,,,,,,,,,,,5,2,2,1,6
200700049230,0007-08-19 09:00:00,7,8,19,9,0,170,306,"0, REPUBLIQUE (DE LA) (B",,,Plein jour,En agglomération,Hors intersection,Normale,Autre collision,,,,,,,,,,,1,2,1,1,6
200700049231,0007-08-19 12:27:00,7,8,19,12,27,170,380,"0, EXPRESS (VOIE)",,,Plein jour,En agglomération,Intersection en T,Normale,Deux véhicules - côté,,,,,,,,,,,1,2,3,1,3
200700049232,0007-08-21 10:11:00,7,8,21,10,11,170,306,"0, DOUMER PAUL (PARKING)",,,Plein jour,En agglomération,Hors intersection,Normale,Deux véhicules - côté,,,,,,,,,,,1,2,1,1,3
200700049233,0007-08-27 11:12:00,7,8,27,11,12,170,461,"0, GARNIER (AVENUE  FRED",,,Plein jour,En agglomération,Intersection en T,Normale,Deux véhicules - côté,,,,,,,,,,,1,2,3,1,3
200700049234,0007-08-27 15:20:00,7,8,27,15,20,170,306,"0, DE LATTRE DE TASSIGNY",,,Plein jour,En agglomération,Hors intersection,Normale,Deux véhicules - côté,,,,,,,,,,,1,2,1,1,3
200700049235,0007-08-29 17:08:00,7,8,29,17,8,170,306,"0, PONTAILLAC (DE) (AVEN",,,Plein jour,En agglomération,Hors intersection,Normale,Autre collision,,,,,,,,,,,1,2,1,1,6
200700049236,0007-08-30 14:00:00,7,8,30,14,0,170,306,"0, ROCHEFORT (DE)  (AVEN",,,Plein jour,En agglomération,Intersection en T,Normale,Deux véhicules - côté,,,,,,,,,,,1,2,3,1,3
200700049237,0007-08-31 11:43:00,7,8,31,11,43,170,306,"0, MEYER (QUAI DE L'AMIR",,,Plein jour,En agglomération,Hors intersection,Normale,Autre collision,,,,,,,,,,,1,2,1,1,6
200700049238,0007-08-03 18:35:00,7,8,3,18,35,170,415,RETAUD ROUTE DE,,,Plein jour,Hors agglomération,Hors intersection,Normale,Deux véhicules - frontale,,,,,,,,,,,1,1,1,1,1
200700049239,0007-08-07 17:54:00,7,8,7,17,54,170,415,"27, GUILLET MAILLET 1-65",,,Plein jour,En agglomération,Hors intersection,Normale,Deux véhicules - côté,,,,,,,,,,,1,2,1,1,3
200700049240,0007-08-09 11:20:00,7,8,9,11,20,170,415,"2, PRAIRIE CHEMIN DE LA",,,Plein jour,En agglomération,Hors intersection,Normale,Autre collision,,,,,,,,,,,1,2,1,1,6
200700049241,0007-08-11 02:07:00,7,8,11,2,7,170,415,BOIS DES MOUNIERS RUE DU,,,Nuit sans éclairage public,Hors agglomération,Hors intersection,Normale,Sans collision,,,,,,,,,,,3,1,1,1,7
200700049242,0007-08-13 15:15:00,7,8,13,15,15,170,415,"20, REVERSEAUX 2 A 46 ET",,,Plein jour,En agglomération,Hors intersection,Normale,Autre collision,,,,,,,,,,,1,2,1,1,6
200700049243,0007-08-20 17:25:00,7,8,20,17,25,170,415,"62, JOURDAN AVENUE",,,Plein jour,En agglomération,Hors intersection,Pluie légère,Autre collision,,,,,,,,,,,1,2,1,2,6
200700049244,0007-08-22 18:25:00,7,8,22,18,25,170,415,ALLENDE AVENUE DU PRESID,,,Plein jour,En agglomération,Intersection en X,Pluie légère,Deux véhicules - côté,,,,,,,,,,,1,2,2,2,3
200700049245,0007-08-27 20:55:00,7,8,27,20,55,170,415,"21, ALLENDE AVENUE DU PR",,,Plein jour,En agglomération,Intersection en X,Normale,Deux véhicules - frontale,,,,,,,,,,,1,2,2,1,1
200700049246,0007-08-30 10:40:00,7,8,30,10,40,170,415,NATIONAL 1 A 67 ET 2 A 4,,,Plein jour,En agglomération,Intersection en X,Normale,Deux véhicules - côté,,,,,,,,,,,1,2,2,1,3
200700049247,0007-08-09 18:30:00,7,8,9,18,30,180,33,"sans, ROCADE",,,Plein jour,Hors agglomération,Hors intersection,Normale,Deux véhicules - frontale,,,,,,,,,,,1,1,1,1,1
200700049248,0007-08-15 18:30:00,7,8,15,18,30,180,33,"SANS, CHAPELLE (ROUTE DE",,,Plein jour,En agglomération,Hors intersection,Normale,Autre collision,,,,,,,,,,,1,2,1,1,6
200700049249,0007-08-24 13:00:00,7,8,24,13,0,180,33,INDUSTRIE (BOULEVARD DE,,,Plein jour,En agglomération,Intersection en X,Normale,Deux véhicules - côté,,,,,,,,,,,1,2,2,1,3
200700049250,0007-08-27 22:06:00,7,8,27,22,6,180,33,"44, GAMBETTA (BOULEVARD)",,,Nuit avec éclairage allumé,En agglomération,Hors intersection,Normale,Autre collision,,,,,,,,,,,5,2,1,1,6
200700049251,0007-08-28 09:20:00,7,8,28,9,20,180,33,"87, BARBES (RUE)",,,Plein jour,En agglomération,Hors intersection,Normale,Autre collision,,,,,,,,,,,1,2,1,1,6
200700049252,0007-08-31 20:45:00,7,8,31,20,45,180,33,DE GAULLE (AV DU GENERAL,,,Nuit avec éclairage allumé,En agglomération,Intersection en T,Normale,Deux véhicules - frontale,,,,,,,,,,,5,2,3,1,1
200700049253,0007-08-01 07:00:00,7,8,1,7,0,180,279,"25, MANHES (RUE DU COLON",,,Crépuscule ou aube,En agglomération,Hors intersection,Normale,Autre collision,,,,,,,,,,,2,2,1,1,6
200700049254,0007-08-03 22:47:00,7,8,3,22,47,180,279,PERI (PLACE GABRIEL),,,Nuit avec éclairage allumé,En agglomération,Intersection en X,Normale,Deux véhicules - côté,,,,,,,,,,,5,2,2,1,3
200700049255,0007-08-21 17:10:00,7,8,21,17,10,180,279,MASSAY (ROUTE DE ),,,Plein jour,En agglomération,Hors intersection,Pluie légère,Deux véhicules - côté,,,,,,,,,,,1,2,1,2,3
200700049256,0007-08-22 11:05:00,7,8,22,11,5,180,279,CD 926,,,Plein jour,En agglomération,Autre intersection,Pluie légère,Deux véhicules - arrière,,,,,,,,,,,1,2,9,2,2
200700049257,0007-08-22 11:40:00,7,8,22,11,40,180,279,CARROIR AUX AJONCS (CHEM,,,Plein jour,Hors agglomération,Autre intersection,Pluie légère,Deux véhicules - frontale,,,,,,,,,,,1,1,9,2,1
200700049258,0007-08-01 17:25:00,7,8,1,17,25,190,31,MAZAUD (CHEMIN DU),45.14356,4.47592,Plein jour,Hors agglomération,Hors intersection,Normale,Deux véhicules - frontale,,,,,,,,,,,1,1,1,1,1
200700049259,0007-08-01 19:50:00,7,8,1,19,50,190,31,"33, DE MUSSET (AVENUE AL",45.16217,4.52665,Plein jour,En agglomération,Intersection en X,Normale,Deux véhicules - côté,,,,,,,,,,,1,2,2,1,3
200700049260,0007-08-03 16:40:00,7,8,3,16,40,190,31,TURGOT (AVENUE),45.16561,4.51937,Plein jour,En agglomération,Intersection en X,Normale,Deux véhicules - côté,,,,,,,,,,,1,2,2,1,3
200700049261,0007-08-08 14:05:00,7,8,8,14,5,190,31,"77, TURGOT (AVENUE)",,,Plein jour,En agglomération,Intersection en T,Normale,Deux véhicules - côté,,,,,,,,,,,1,2,3,1,3
200700049262,0007-08-10 14:15:00,7,8,10,14,15,190,31,"33, KOENIG (BOULEVARD GE",45.16075,4.53179,Plein jour,En agglomération,Hors intersection,Normale,Deux véhicules - arrière,,,,,,,,,,,1,2,1,1,2
200700049263,0007-08-13 18:30:00,7,8,13,18,30,190,31,"152, KENNEDY (AVENUE JOH",45.16758,4.55175,Plein jour,En agglomération,Hors intersection,Normale,Trois véhicules et plus - collisions multiples,,,,,,,,,,,1,2,1,1,5
200700049264,0007-08-16 15:30:00,7,8,16,15,30,190,31,"12, BRASSAUD (RUE INGENI",45.14992,4.53328,Plein jour,En agglomération,Hors intersection,Normale,Sans collision,,,,,,,,,,,1,2,1,1,7
200700049265,0007-08-18 22:00:00,7,8,18,22,0,190,31,MAILLARD (AVENUE),45.16544,4.53585,Nuit avec éclairage allumé,En agglomération,Intersection en T,Normale,Deux véhicules - côté,,,,,,,,,,,5,2,3,1,3
200700049266,0007-08-21 15:10:00,7,8,21,15,10,190,31,MENDES FRANCE (AVENUE PI,45.14377,4.4725,Plein jour,En agglomération,Hors intersection,Normale,Deux véhicules - arrière,,,,,,,,,,,1,2,1,1,2
200700049267,0007-08-30 10:20:00,7,8,30,10,20,190,31,"03, BUGEAUD (AVENUE MARE",45.16187,4.53931,Plein jour,En agglomération,Intersection en T,Normale,Deux véhicules - côté,,,,,,,,,,,1,2,3,1,3
200700049268,0007-08-31 16:30:00,7,8,31,16,30,190,31,"94, KENNEDY (AVENUE JOHN",45.1664,4.54375,Plein jour,En agglomération,Hors intersection,Normale,Autre collision,,,,,,,,,,,1,2,1,1,6
200700049269,0007-08-31 17:40:00,7,8,31,17,40,190,31,"127, KENNEDY (AVENUE JOH",45.16683,4.54627,Plein jour,En agglomération,Hors intersection,Normale,Trois véhicules et plus - collisions multiples,,,,,,,,,,,1,2,1,1,5
200700049270,0007-08-06 20:45:00,7,8,6,20,45,190,272,ALBERT DE LA PRADEL (AV),,,Nuit avec éclairage allumé,En agglomération,Hors intersection,Pluie légère,Trois véhicules et plus - collisions multiples,,,,,,,,,,,5,2,1,2,5