accident_id,datetime,annee,mois,jour,heure,minute,departement,commune_insee,adresse,latitude,longitude,luminosite,agglomeration,intersection,meteo,collision,nb_vehicules,nb_usagers,nb_indemnes,nb_tues,nb_blesses_hosp,nb_blesses_legers,age_cond_1,age_cond_2,veh_type_cond_1,veh_type_cond_2,lum_code,agg_code,int_code,atm_code,col_code
200700049667,0007-08-02 18:15:00,7,8,2,18,15,340,32,MISTRAL FREDERIC (BD),,,Plein jour,En agglomération,Intersection en T,Normale,Deux véhicules - côté,,,,,,,,,,,1,2,3,1,3
200700049668,0007-08-05 14:40:00,7,8,5,14,40,340,32,ROUTE DEPARTEMENTALE 612,,,Plein jour,Hors agglomération,Hors intersection,Normale,Trois véhicules et plus - collisions multiples,,,,,,,,,,,1,1,1,1,5
200700049669,0007-08-07 08:13:00,7,8,7,8,13,340,32,FOCH MARECHAL FERDINAND,,,Plein jour,En agglomération,Intersection en X,Normale,Deux véhicules - côté,,,,,,,,,,,1,2,2,1,3
200700049670,0007-08-08 12:13:00,7,8,8,12,13,340,32,"04, CENTRE COMMERCIAL BZ",,,Plein jour,En agglomération,Hors intersection,Normale,Deux véhicules - arrière,,,,,,,,,,,1,2,1,1,2
200700049671,0007-08-09 01:10:00,7,8,9,1,10,340,32,RN.113 - 9 (BEZIERS-NARB,,,Nuit sans éclairage public,Hors agglomération,Hors intersection,Normale,Sans collision,,,,,,,,,,,3,1,1,1,7
200700049672,0007-08-09 18:55:00,7,8,9,18,55,340,32,ROUTE DE BEDARIEUX (RD.9,,,Plein jour,Hors agglomération,Hors intersection,Normale,Deux véhicules - frontale,,,,,,,,,,,1,1,1,1,1
200700049673,0007-08-10 21:04:00,7,8,10,21,4,340,32,MISTRAL FREDERIC (BD),,,Crépuscule ou aube,En agglomération,Intersection en X,Normale,Deux véhicules - côté,,,,,,,,,,,2,2,2,1,3
200700049674,0007-08-11 07:45:00,7,8,11,7,45,340,32,ROUTE DE PEZENAS (RN.113,,,Plein jour,En agglomération,Hors intersection,Normale,Deux véhicules - arrière,,,,,,,,,,,1,2,1,1,2
200700049675,0007-08-11 12:05:00,7,8,11,12,5,340,32,RD.64,,,Plein jour,Hors agglomération,Hors intersection,Normale,Sans collision,,,,,,,,,,,1,1,1,1,7
200700049676,0007-08-12 20:02:00,7,8,12,20,2,340,32,ROUTE DEPARTEMENTALE  61,,,Plein jour,Hors agglomération,Hors intersection,Normale,Sans collision,,,,,,,,,,,1,1,1,1,7
200700049677,0007-08-14 18:50:00,7,8,14,18,50,340,32,"46, ORNANO COLONEL D' (A",,,Plein jour,En agglomération,Hors intersection,Normale,Sans collision,,,,,,,,,,,1,2,1,1,7
200700049678,0007-08-15 11:44:00,7,8,15,11,44,340,32,ROUTE DEPARTEMENTALE  61,,,Plein jour,Hors agglomération,Hors intersection,Normale,Sans collision,,,,,,,,,,,1,1,1,1,7
200700049679,0007-08-15 13:20:00,7,8,15,13,20,340,32,ROUTE DEPARTEMENTALE NR.,,,Plein jour,Hors agglomération,Intersection en X,Normale,Deux véhicules - côté,,,,,,,,,,,1,1,2,1,3
200700049680,0007-08-16 13:48:00,7,8,16,13,48,340,32,MOULIN JEAN (AV),,,Plein jour,En agglomération,Intersection en X,Normale,Deux véhicules - côté,,,,,,,,,,,1,2,2,1,3
200700049681,0007-08-17 15:37:00,7,8,17,15,37,340,32,"06, VERDUN (BD DE)",,,Plein jour,En agglomération,Hors intersection,Normale,Autre collision,,,,,,,,,,,1,2,1,1,6
200700049682,0007-08-17 21:00:00,7,8,17,21,0,340,32,HORT DE MONSEIGNEUR (RUE,,,Plein jour,En agglomération,Intersection en X,Normale,Deux véhicules - côté,,,,,,,,,,,1,2,2,1,3
200700049683,0007-08-21 09:44:00,7,8,21,9,44,340,32,"49, ORNANO COLONEL D' (A",,,Plein jour,En agglomération,Hors intersection,Normale,Sans collision,,,,,,,,,,,1,2,1,1,7
200700049684,0007-08-22 17:55:00,7,8,22,17,55,340,32,ERIGNAC CLAUDE (AV),,,Plein jour,En agglomération,Hors intersection,Normale,Deux véhicules - frontale,,,,,,,,,,,1,2,1,1,1
200700049685,0007-08-23 11:45:00,7,8,23,11,45,340,32,BESSAN (ROUTE DE),,,Plein jour,En agglomération,Giratoire,Normale,Deux véhicules - côté,,,,,,,,,,,1,2,6,1,3
200700049686,0007-08-24 08:05:00,7,8,24,8,5,340,32,VICTOIRE (PLACE DE LA),,,Plein jour,En agglomération,Intersection en X,Pluie légère,Sans collision,,,,,,,,,,,1,2,2,2,7
200700049687,0007-08-24 16:10:00,7,8,24,16,10,340,32,", MONTMORENCY (RUE)",,,Plein jour,En agglomération,Hors intersection,Pluie légère,Sans collision,,,,,,,,,,,1,2,1,2,7
200700049688,0007-08-24 19:15:00,7,8,24,19,15,340,32,BESSAN (ROUTE DE),,,Plein jour,Hors agglomération,Hors intersection,Normale,Sans collision,,,,,,,,,,,1,1,1,1,7
200700049689,0007-08-25 00:45:00,7,8,25,0,45,340,32,"N.R, LATTRE DE TASSIGNY",,,Nuit avec éclairage allumé,En agglomération,Intersection en X,Normale,Deux véhicules - côté,,,,,,,,,,,5,2,2,1,3
200700049690,0007-08-25 04:25:00,7,8,25,4,25,340,32,MARTYRS DE LA RESISTANCE,,,Nuit avec éclairage allumé,En agglomération,Hors intersection,Normale,Sans collision,,,,,,,,,,,5,2,1,1,7
200700049691,0007-08-26 14:33:00,7,8,26,14,33,340,32,", LATTRE DE TASSIGNY MAR",,,Plein jour,En agglomération,Intersection en X,Normale,Deux véhicules - côté,,,,,,,,,,,1,2,2,1,3
200700049692,0007-08-27 12:40:00,7,8,27,12,40,340,32,RN.113 - 9 (BEZIERS-PEZE,,,Crépuscule ou aube,Hors agglomération,Hors intersection,Normale,Deux véhicules - arrière,,,,,,,,,,,2,1,1,1,2
200700049693,0007-08-28 09:15:00,7,8,28,9,15,340,32,MISTRAL FREDERIC (BD),,,Plein jour,En agglomération,Intersection en X,Normale,Deux véhicules - côté,,,,,,,,,,,1,2,2,1,3
200700049694,0007-08-28 12:00:00,7,8,28,12,0,340,32,RD.11,,,Plein jour,Hors agglomération,Intersection en T,Normale,Deux véhicules - côté,,,,,,,,,,,1,1,3,1,3
200700049695,0007-08-28 12:20:00,7,8,28,12,20,340,32,PASQUET LIEUTENANT DU (R,,,Plein jour,En agglomération,Intersection en X,Normale,Deux véhicules - côté,,,,,,,,,,,1,2,2,1,3
200700049696,0007-08-29 17:36:00,7,8,29,17,36,340,73,ROUTE D'AGDE (RD612),,,Plein jour,En agglomération,Hors intersection,Normale,Trois véhicules et plus - en chaîne,,,,,,,,,,,1,2,1,1,4
200700049697,0007-08-30 12:26:00,7,8,30,12,26,340,32,MAIL (PROMENADE DU),,,Plein jour,En agglomération,Hors intersection,Normale,Sans collision,,,,,,,,,,,1,2,1,1,7
200700049698,0007-08-31 06:27:00,7,8,31,6,27,340,336,R.D 612,,,Nuit sans éclairage public,Hors agglomération,Hors intersection,Normale,Sans collision,,,,,,,,,,,3,1,1,1,7
200700049699,0007-08-31 17:00:00,7,8,31,17,0,340,32,ROUTE DE SAUVIAN (RD.19),,,Plein jour,Hors agglomération,Hors intersection,Normale,Deux véhicules - arrière,,,,,,,,,,,1,1,1,1,2
200700049700,0007-08-02 08:40:00,7,8,2,8,40,340,172,"sans, RECAMBALE (AVENUE",,,Plein jour,En agglomération,Hors intersection,Pluie légère,Deux véhicules - arrière,,,,,,,,,,,1,2,1,2,2
200700049701,0007-08-02 14:30:00,7,8,2,14,30,340,172,PAVELET (AVENUE DU COLON,,,Plein jour,En agglomération,Intersection en T,Normale,Deux véhicules - côté,,,,,,,,,,,1,2,3,1,3
200700049702,0007-08-03 11:50:00,7,8,3,11,50,340,172,TOULOUSE (AVENUE DE,,,Plein jour,En agglomération,Intersection en T,Normale,Deux véhicules - côté,,,,,,,,,,,1,2,3,1,3
200700049703,0007-08-05 01:35:00,7,8,5,1,35,340,172,"sans, ANTONELLI (AVENUE",,,Nuit avec éclairage allumé,En agglomération,Hors intersection,Normale,Autre collision,,,,,,,,,,,5,2,1,1,6
200700049704,0007-08-03 19:42:00,7,8,3,19,42,340,129,"sans, AGAU (AVENUE DE L'",,,Plein jour,Hors agglomération,Hors intersection,Normale,Sans collision,,,,,,,,,,,1,1,1,1,7
200700049705,0007-08-04 19:00:00,7,8,4,19,0,340,172,"sans, MOULARES (CHEMIN D",,,Plein jour,En agglomération,Intersection en X,Normale,Deux véhicules - arrière,,,,,,,,,,,1,2,2,1,2
200700049706,0007-08-04 20:16:00,7,8,4,20,16,340,129,"sans numer, PALAVAS D986",,,Plein jour,Hors agglomération,Hors intersection,Normale,Sans collision,,,,,,,,,,,1,1,1,1,7
200700049707,0007-08-06 01:50:00,7,8,6,1,50,340,172,LIBERTE (AVENUE DE LA,,,Nuit avec éclairage allumé,En agglomération,Hors intersection,Normale,Autre collision,,,,,,,,,,,5,2,1,1,6
200700049708,0007-08-07 05:15:00,7,8,7,5,15,340,172,"sans, LAVERUNE (ROUTE DE",,,Nuit sans éclairage public,En agglomération,Hors intersection,Pluie légère,Autre collision,,,,,,,,,,,3,2,1,2,6
200700049709,0007-08-08 14:50:00,7,8,8,14,50,340,172,GRANIER (ROND POINT ERNE,,,Plein jour,En agglomération,Autre intersection,Normale,Deux véhicules - côté,,,,,,,,,,,1,2,9,1,3
200700049710,0007-08-08 18:00:00,7,8,8,18,0,340,172,GAMBETTA (COURS),,,Plein jour,En agglomération,Intersection en T,Normale,Deux véhicules - côté,,,,,,,,,,,1,2,3,1,3
200700049711,0007-08-09 10:50:00,7,8,9,10,50,340,172,"7, ETUVES (RUE DES)",,,Plein jour,En agglomération,Hors intersection,Normale,Autre collision,,,,,,,,,,,1,2,1,1,6
200700049712,0007-08-09 16:15:00,7,8,9,16,15,340,172,"SANS, VIEILLE POSTE (RUE",,,Plein jour,En agglomération,Intersection en X,Normale,Sans collision,,,,,,,,,,,1,2,2,1,7
200700049713,0007-08-10 03:50:00,7,8,10,3,50,340,172,"sans, RABELAIS (BOULEVAR",,,Nuit avec éclairage allumé,En agglomération,Intersection en X,Normale,Deux véhicules - côté,,,,,,,,,,,5,2,2,1,3
200700049714,0007-08-10 23:40:00,7,8,10,23,40,340,172,"sans, MAS SAINT PIERRE (",,,Nuit avec éclairage allumé,En agglomération,Hors intersection,Normale,Deux véhicules - frontale,,,,,,,,,,,5,2,1,1,1
200700049715,0007-08-11 00:20:00,7,8,11,0,20,340,172,"32, CLEMENCEAU (AVENUE G",,,Nuit avec éclairage allumé,En agglomération,Hors intersection,Normale,Autre collision,,,,,,,,,,,5,2,1,1,6
200700049716,0007-08-10 23:10:00,7,8,10,23,10,340,172,"sans, LODEVE (AVENUE DE",,,Nuit avec éclairage allumé,En agglomération,Intersection en X,Normale,Autre collision,,,,,,,,,,,5,2,2,1,6
200700049717,0007-08-11 05:52:00,7,8,11,5,52,340,172,"SANS, REPUBLIQUE (RUE DE",,,Nuit avec éclairage allumé,En agglomération,Intersection en X,Normale,Deux véhicules - côté,,,,,,,,,,,5,2,2,1,3
200700049718,0007-08-11 18:25:00,7,8,11,18,25,340,172,"20, MIREUR (RUE FRANCOIS",,,Plein jour,En agglomération,Intersection en T,Normale,Deux véhicules - frontale,,,,,,,,,,,1,2,3,1,1
200700049719,0007-08-14 06:50:00,7,8,14,6,50,340,172,"sans, RENOUVIER (BOULEVA",,,Plein jour,En agglomération,Intersection en T,Normale,Deux véhicules - côté,,,,,,,,,,,1,2,3,1,3
200700049720,0007-08-14 16:10:00,7,8,14,16,10,340,172,MOULARES (CHEMIN DE,,,Plein jour,En agglomération,Intersection en X,Normale,Deux véhicules - côté,,,,,,,,,,,1,2,2,1,3
200700049721,0007-08-15 23:09:00,7,8,15,23,9,340,172,"000, ASSAS (AVENUE D')",,,Nuit avec éclairage allumé,En agglomération,Intersection en X,Normale,Deux véhicules - côté,,,,,,,,,,,5,2,2,1,3
200700049722,0007-08-16 16:53:00,7,8,16,16,53,340,172,"515, INDUSTRIE (RUE DE L",,,Plein jour,En agglomération,Hors intersection,Normale,Deux véhicules - côté,,,,,,,,,,,1,2,1,1,3
200700049723,0007-08-16 20:26:00,7,8,16,20,26,340,172,"509, RIMBAUD (RUE PAUL)",,,Plein jour,En agglomération,Hors intersection,Normale,Sans collision,,,,,,,,,,,1,2,1,1,7
200700049724,0007-08-18 06:49:00,7,8,18,6,49,340,172,"31, BLANC (BOULEVARD LOU",,,Plein jour,En agglomération,Hors intersection,Normale,Sans collision,,,,,,,,,,,1,2,1,1,7
200700049725,0007-08-18 23:15:00,7,8,18,23,15,340,172,AURIOL (AVENUE VINCENT),,,Nuit sans éclairage public,En agglomération,Intersection en T,Normale,Autre collision,,,,,,,,,,,3,2,3,1,6
200700049726,0007-08-18 23:16:00,7,8,18,23,16,340,172,GRAND SAINT JEAN (RUE DU,,,Nuit avec éclairage allumé,En agglomération,Hors intersection,Normale,Deux véhicules - frontale,,,,,,,,,,,5,2,1,1,1
200700049727,0007-08-20 19:55:00,7,8,20,19,55,340,172,"377, PARGUEL (AVENUE ABB",,,Plein jour,En agglomération,Hors intersection,Temps couvert,Autre collision,,,,,,,,,,,1,2,1,8,6
200700049728,0007-08-21 09:55:00,7,8,21,9,55,340,172,FLAHAULT (AVENUE CHARLES,,,Plein jour,En agglomération,Intersection en T,Normale,Autre collision,,,,,,,,,,,1,2,3,1,6
200700049729,0007-08-21 10:05:00,7,8,21,10,5,340,172,"35, UNIVERSITE (RUE DE L",,,Plein jour,En agglomération,Hors intersection,Normale,Autre collision,,,,,,,,,,,1,2,1,1,6
200700049730,0007-08-22 14:20:00,7,8,22,14,20,340,129,"SANS, MONTEIL EGLISE (RU",,,Plein jour,En agglomération,Hors intersection,Normale,Sans collision,,,,,,,,,,,1,2,1,1,7
200700049731,0007-08-22 16:12:00,7,8,22,16,12,340,172,"sans, AVENUE DE BARCELON",,,Plein jour,En agglomération,Intersection en T,Normale,Deux véhicules - côté,,,,,,,,,,,1,2,3,1,3
200700049732,0007-08-23 16:45:00,7,8,23,16,45,340,172,"sans, LYRE (ROND-POINT D",,,Plein jour,En agglomération,Giratoire,Temps couvert,Deux véhicules - côté,,,,,,,,,,,1,2,6,8,3
200700049733,0007-08-24 14:40:00,7,8,24,14,40,340,172,"sans, PINVILLE (RUE DE)",,,Plein jour,En agglomération,Hors intersection,Temps couvert,Deux véhicules - côté,,,,,,,,,,,1,2,1,8,3
200700049734,0007-08-26 09:01:00,7,8,26,9,1,340,172,"65, FAUBOURG FIGUEROLLES",,,Plein jour,En agglomération,Hors intersection,Normale,Autre collision,,,,,,,,,,,1,2,1,1,6
200700049735,0007-08-27 22:50:00,7,8,27,22,50,340,172,"31, ORANGE RAIMBAUD D'",,,Nuit avec éclairage allumé,En agglomération,Intersection en T,Normale,Deux véhicules - côté,,,,,,,,,,,5,2,3,1,3
200700049736,0007-08-28 14:42:00,7,8,28,14,42,340,172,"SANS, MOULINS (AVENUE DE",,,Plein jour,En agglomération,Hors intersection,Normale,Deux véhicules - arrière,,,,,,,,,,,1,2,1,1,2
200700049737,0007-08-28 17:25:00,7,8,28,17,25,340,172,"SANS, ALCO (RUE D'",,,Plein jour,En agglomération,Hors intersection,Normale,Trois véhicules et plus - en chaîne,,,,,,,,,,,1,2,1,1,4
200700049738,0007-08-29 08:55:00,7,8,29,8,55,340,172,"25, CLEMENCEAU (AVENUE G",,,Plein jour,En agglomération,Hors intersection,Pluie légère,Deux véhicules - côté,,,,,,,,,,,1,2,1,2,3
200700049739,0007-08-29 11:23:00,7,8,29,11,23,340,172,"SANS, ALCO (RUE D'",,,Plein jour,En agglomération,Intersection en X,Normale,Deux véhicules - côté,,,,,,,,,,,1,2,2,1,3
200700049740,0007-08-31 15:40:00,7,8,31,15,40,340,172,NIMES (AVENUE DE),,,Plein jour,En agglomération,Intersection en T,Normale,Deux véhicules - côté,,,,,,,,,,,1,2,3,1,3
200700049741,0007-08-31 16:50:00,7,8,31,16,50,340,172,JOUHAUX (AVENUE LEON),43.60361,3.89127,Plein jour,En agglomération,Hors intersection,Normale,Deux véhicules - côté,,,,,,,,,,,1,2,1,1,3
200700049742,0007-08-31 18:00:00,7,8,31,18,0,340,172,"184, LODEVE (AVENUE DE",,,Plein jour,En agglomération,Hors intersection,Normale,Deux véhicules - côté,,,,,,,,,,,1,2,1,1,3
200700049743,0007-08-30 11:56:00,7,8,30,11,56,340,172,"sans, DUNANT (RUE HENRI)",,,Plein jour,En agglomération,Intersection en T,Normale,Deux véhicules - côté,,,,,,,,,,,1,2,3,1,3
200700049744,0007-08-30 11:00:00,7,8,30,11,0,340,172,"SANS, GIMEL (AVENUE DE)",43.63739,3.82266,Plein jour,En agglomération,Intersection en X,Normale,Deux véhicules - côté,,,,,,,,,,,1,2,2,1,3
200700049745,0007-08-01 18:00:00,7,8,1,18,0,340,301,RD2 Route de Balaruc,,,Plein jour,Hors agglomération,Intersection en T,Normale,Deux véhicules - côté,,,,,,,,,,,1,1,3,1,3
200700049746,0007-08-05 22:25:00,7,8,5,22,25,340,108,MAL JUIN (AVENUE DU),,,Nuit avec éclairage allumé,En agglomération,Hors intersection,Normale,Sans collision,,,,,,,,,,,5,2,1,1,7
200700049747,0007-08-07 01:45:00,7,8,7,1,45,340,108,"aucun, VACANCES (AVENUE",,,Nuit avec éclairage allumé,En agglomération,Hors intersection,Normale,Sans collision,,,,,,,,,,,5,2,1,1,7
200700049748,0007-08-08 16:05:00,7,8,8,16,5,340,108,"aucun, RD 612",,,Plein jour,Hors agglomération,Hors intersection,Normale,Deux véhicules - côté,,,,,,,,,,,1,1,1,1,3
200700049749,0007-08-13 20:05:00,7,8,13,20,5,340,108,"aucun, COSTE (LA)",,,Plein jour,En agglomération,Giratoire,Normale,Deux véhicules - côté,,,,,,,,,,,1,2,6,1,3
200700049750,0007-08-14 22:28:00,7,8,14,22,28,340,108,"AUCUN, RD 600",,,Nuit avec éclairage allumé,En agglomération,Hors intersection,Normale,Sans collision,,,,,,,,,,,5,2,1,1,7
200700049751,0007-08-24 15:00:00,7,8,24,15,0,340,301,"AUCUN, BLANC CAMILLE (BO",,,Plein jour,En agglomération,Hors intersection,Normale,Autre collision,,,,,,,,,,,1,2,1,1,6
200700049752,0007-08-27 17:10:00,7,8,27,17,10,340,108,"aucun, MONTPELLIER (ROUT",,,Plein jour,En agglomération,Intersection en T,Normale,Deux véhicules - côté,,,,,,,,,,,1,2,3,1,3
200700049753,0007-08-30 14:25:00,7,8,30,14,25,340,301,"5, VAUBAN (QUAI)",,,Plein jour,En agglomération,Hors intersection,Normale,Deux véhicules - côté,,,,,,,,,,,1,2,1,1,3
200700049754,0007-08-30 17:25:00,7,8,30,17,25,340,108,"aucun, CELESTIN ARNAUD (",,,Plein jour,En agglomération,Hors intersection,Normale,Autre collision,,,,,,,,,,,1,2,1,1,6
200700049755,0007-08-01 10:50:00,7,8,1,10,50,350,238,"58, VILLEBOIS MAREUIL (B",,,Plein jour,En agglomération,Intersection en X,Normale,Deux véhicules - côté,,,,,,,,,,,1,2,2,1,3
200700049756,0007-08-01 13:20:00,7,8,1,13,20,350,238,"00, ROPARTZ (GUY)",,,Plein jour,En agglomération,Intersection en X,Normale,Deux véhicules - frontale,,,,,,,,,,,1,2,2,1,1
200700049757,0007-08-01 17:55:00,7,8,1,17,55,350,238,"00, TROIS CROIX (BD DES)",,,Plein jour,En agglomération,Intersection en X,Normale,Deux véhicules - côté,,,,,,,,,,,1,2,2,1,3
200700049758,0007-08-01 21:35:00,7,8,1,21,35,350,238,"00, JANVIER (AVENUE JEAN",,,Crépuscule ou aube,En agglomération,Intersection en T,Normale,Deux véhicules - côté,,,,,,,,,,,2,2,3,1,3
200700049759,0007-08-02 15:15:00,7,8,2,15,15,350,238,"31, SAINT-HELIER",,,Plein jour,En agglomération,Hors intersection,Normale,Sans collision,,,,,,,,,,,1,2,1,1,7
200700049760,0007-08-02 15:55:00,7,8,2,15,55,350,238,"00, PORTE DE ST MALO",,,Plein jour,Hors agglomération,Autre intersection,Normale,Deux véhicules - arrière,,,,,,,,,,,1,1,9,1,2
200700049761,0007-08-04 11:10:00,7,8,4,11,10,350,238,"254, SAINT-MALO (DE) DE",,,Plein jour,En agglomération,Intersection en X,Normale,Trois véhicules et plus - en chaîne,,,,,,,,,,,1,2,2,1,4
200700049762,0007-08-08 23:00:00,7,8,8,23,0,350,238,"7, ANTRAIN (D') DE 0 A 4",,,Nuit sans éclairage public,En agglomération,Intersection en X,Normale,Deux véhicules - côté,,,,,,,,,,,3,2,2,1,3
200700049763,0007-08-09 19:00:00,7,8,9,19,0,350,238,"00, NICOLET (GAL)",,,Plein jour,En agglomération,Intersection en X,Normale,Deux véhicules - frontale,,,,,,,,,,,1,2,2,1,1
200700049764,0007-08-11 09:45:00,7,8,11,9,45,350,238,ROCADE 10-11,,,Plein jour,Hors agglomération,Hors intersection,Normale,Autre collision,,,,,,,,,,,1,1,1,1,6
200700049765,0007-08-11 10:50:00,7,8,11,10,50,350,238,"5, RIVIERE (AVENUE GEORG",,,Plein jour,En agglomération,Intersection en X,Normale,Autre collision,,,,,,,,,,,1,2,2,1,6
200700049766,0007-08-11 16:45:00,7,8,11,16,45,350,238,"00, LORIENT (DE)",,,Plein jour,En agglomération,Intersection en T,Normale,Trois véhicules et plus - en chaîne,,,,,,,,,,,1,2,3,1,4
200700049767,0007-08-13 10:30:00,7,8,13,10,30,350,278,RN 137,,,Plein jour,Hors agglomération,Hors intersection,Normale,Autre collision,,,,,,,,,,,1,1,1,1,6
200700049768,0007-08-14 04:00:00,7,8,14,4,0,350,238,"41, DE LATTRE DE TASSIGN",,,Nuit sans éclairage public,En agglomération,Intersection en T,Normale,Autre collision,,,,,,,,,,,3,2,3,1,6
200700049769,0007-08-15 01:25:00,7,8,15,1,25,350,238,"270, PATTON (AVENUE DU G",,,Nuit avec éclairage allumé,En agglomération,Hors intersection,Normale,Autre collision,,,,,,,,,,,5,2,1,1,6
200700049770,0007-08-15 14:00:00,7,8,15,14,0,350,238,"00, FOULON (AVENUE PROFE",,,Plein jour,En agglomération,Hors intersection,Normale,Deux véhicules - arrière,,,,,,,,,,,1,2,1,1,2
200700049771,0007-08-18 08:20:00,7,8,18,8,20,350,238,"00, CHATEAUGIRON (DE)",,,Plein jour,En agglomération,Intersection en X,Normale,Deux véhicules - côté,,,,,,,,,,,1,2,2,1,3
200700049772,0007-08-18 19:30:00,7,8,18,19,30,350,238,"34, SAINT-CYR (QUAI)",,,Plein jour,En agglomération,Hors intersection,Normale,Autre collision,,,,,,,,,,,1,2,1,1,6
200700049773,0007-08-20 08:45:00,7,8,20,8,45,350,238,"109, FOUGERES (RUE DE) D",,,Plein jour,En agglomération,Intersection en X,Normale,Deux véhicules - arrière,,,,,,,,,,,1,2,2,1,2
200700049774,0007-08-20 17:05:00,7,8,20,17,5,350,238,"14, DUGUAY TROUIN (QUAI)",,,Plein jour,En agglomération,Autre intersection,Pluie légère,Autre collision,,,,,,,,,,,1,2,9,2,6
200700049775,0007-08-20 17:15:00,7,8,20,17,15,350,238,"00, MOUNIER (BD EMMANUEL",,,Plein jour,En agglomération,Intersection en T,Pluie légère,Deux véhicules - côté,,,,,,,,,,,1,2,3,2,3
200700049776,0007-08-20 19:15:00,7,8,20,19,15,350,238,"00, MAISON BLANCHE (ROND",,,Plein jour,Hors agglomération,Giratoire,Pluie légère,Deux véhicules - arrière,,,,,,,,,,,1,1,6,2,2
200700049777,0007-08-21 09:20:00,7,8,21,9,20,350,238,"00, VILLEBOIS MAREUIL (B",,,Plein jour,En agglomération,Hors intersection,Normale,Autre collision,,,,,,,,,,,1,2,1,1,6
200700049778,0007-08-24 16:50:00,7,8,24,16,50,350,238,"20, DUGUAY TROUIN (QUAI)",,,Plein jour,En agglomération,Intersection en T,Normale,Autre collision,,,,,,,,,,,1,2,3,1,6
200700049779,0007-08-25 13:35:00,7,8,25,13,35,350,238,"168, LORIENT (DE)",,,Plein jour,En agglomération,Intersection en T,Normale,Deux véhicules - côté,,,,,,,,,,,1,2,3,1,3
200700049780,0007-08-26 14:30:00,7,8,26,14,30,350,238,"160, SAINT-HELIER",,,Plein jour,En agglomération,Autre intersection,Normale,Deux véhicules - arrière,,,,,,,,,,,1,2,9,1,2
200700049781,0007-08-27 08:00:00,7,8,27,8,0,350,238,"00, PORTE DU BLOSNE",,,Plein jour,Hors agglomération,Autre intersection,Normale,Sans collision,,,,,,,,,,,1,1,9,1,7
200700049782,0007-08-27 15:00:00,7,8,27,15,0,350,238,"00, BLAVET (DU)",,,Plein jour,En agglomération,Hors intersection,Normale,Sans collision,,,,,,,,,,,1,2,1,1,7
200700049783,0007-08-28 13:50:00,7,8,28,13,50,350,238,"00, PREVALAYE (CHEMIN DE",,,Plein jour,Hors agglomération,Hors intersection,Normale,Trois véhicules et plus - en chaîne,,,,,,,,,,,1,1,1,1,4
200700049784,0007-08-28 16:20:00,7,8,28,16,20,350,238,"262, NANTES (DE)",,,Plein jour,En agglomération,Hors intersection,Temps éblouissant,Autre collision,,,,,,,,,,,1,2,1,7,6
200700049785,0007-08-28 16:15:00,7,8,28,16,15,350,238,"00, VERDUN (BD DE)",,,Plein jour,En agglomération,Intersection en X,Normale,Deux véhicules - côté,,,,,,,,,,,1,2,2,1,3
200700049786,0007-08-28 19:45:00,7,8,28,19,45,350,238,"12, FREVILLE (AVENUE HEN",,,Plein jour,En agglomération,Hors intersection,Normale,Sans collision,,,,,,,,,,,1,2,1,1,7
200700049787,0007-08-29 19:30:00,7,8,29,19,30,350,238,"36, CHEZY (BD DE)",,,Plein jour,En agglomération,Autre intersection,Normale,Trois véhicules et plus - en chaîne,,,,,,,,,,,1,2,9,1,4
200700049788,0007-08-30 07:50:00,7,8,30,7,50,350,238,"68, LE CORFEC (RUE LT)",,,Plein jour,En agglomération,Intersection en T,Normale,Trois véhicules et plus - collisions multiples,,,,,,,,,,,1,2,3,1,5
200700049789,0007-08-12 22:15:00,7,8,12,22,15,350,288,"000, CD168",,,Nuit avec éclairage allumé,En agglomération,Hors intersection,Normale,Trois véhicules et plus - en chaîne,,,,,,,,,,,5,2,1,1,4
200700049790,0007-08-17 00:15:00,7,8,17,0,15,350,288,"000, FLOURIE (LIEU DIT L",,,Nuit sans éclairage public,En agglomération,Hors intersection,Normale,Autre collision,,,,,,,,,,,3,2,1,1,6
200700049791,0007-08-17 18:05:00,7,8,17,18,5,350,288,CROIX DE L'ESPERANCE (LI,,,Plein jour,En agglomération,Giratoire,Normale,Deux véhicules - côté,,,,,,,,,,,1,2,6,1,3
200700049792,0007-08-17 16:40:00,7,8,17,16,40,350,288,"000, TABARLY ERIC  (CHAU",,,Plein jour,En agglomération,Hors intersection,Normale,Deux véhicules - arrière,,,,,,,,,,,1,2,1,1,2
200700049793,0007-08-23 22:00:00,7,8,23,22,0,350,288,"000, CD 4",,,Nuit sans éclairage public,En agglomération,Hors intersection,Normale,Autre collision,,,,,,,,,,,3,2,1,1,6
200700049794,0007-08-24 17:15:00,7,8,24,17,15,350,288,"000, BALUE (RUE DE LA)",,,Plein jour,En agglomération,Intersection en Y,Normale,Deux véhicules - arrière,,,,,,,,,,,1,2,4,1,2
200700049795,0007-08-24 14:40:00,7,8,24,14,40,350,288,"40, BORDERIE (AVENUE DE",,,Plein jour,En agglomération,Hors intersection,Normale,Deux véhicules - frontale,,,,,,,,,,,1,2,1,1,1
200700049796,0007-08-22 20:35:00,7,8,22,20,35,360,44,RICHARD (EDME),,,Plein jour,En agglomération,Intersection en X,Normale,Deux véhicules - côté,,,,,,,,,,,1,2,2,1,3
200700049797,0007-08-31 20:42:00,7,8,31,20,42,360,44,"34, INDRE (DE L')",,,Plein jour,En agglomération,Hors intersection,Normale,Sans collision,,,,,,,,,,,1,2,1,1,7
200700049798,0007-08-24 20:00:00,7,8,24,20,0,360,202,"0, TOURS (ANCIENNE ROUTE",,,Plein jour,Hors agglomération,Hors intersection,Normale,Trois véhicules et plus - collisions multiples,,,,,,,,,,,1,1,1,1,5