accident_id,datetime,annee,mois,jour,heure,minute,departement,commune_insee,adresse,latitude,longitude,luminosite,agglomeration,intersection,meteo,collision,nb_vehicules,nb_usagers,nb_indemnes,nb_tues,nb_blesses_hosp,nb_blesses_legers,age_cond_1,age_cond_2,veh_type_cond_1,veh_type_cond_2,lum_code,agg_code,int_code,atm_code,col_code
200700049799,0007-08-01 10:20:00,7,8,1,10,20,360,44,"0, VACHER (THEODORE)",,,Plein jour,En agglomération,Intersection en T,Normale,Deux véhicules - côté,,,,,,,,,,,1,2,3,1,3
200700049800,0007-08-03 00:05:00,7,8,3,0,5,360,63,"1, BLOIS (ROND POINT DE)",,,Nuit sans éclairage public,Hors agglomération,Giratoire,Normale,Deux véhicules - côté,,,,,,,,,,,3,1,6,1,3
200700049801,0007-08-03 13:23:00,7,8,3,13,23,360,44,DELACROIX (EUGENE),,,Plein jour,En agglomération,Hors intersection,Normale,Sans collision,,,,,,,,,,,1,2,1,1,7
200700049802,0007-08-12 18:40:00,7,8,12,18,40,360,44,"58, CHATRE (AV DE LA) DU",,,Plein jour,En agglomération,Hors intersection,Normale,Deux véhicules - arrière,,,,,,,,,,,1,2,1,1,2
200700049803,0007-08-16 21:50:00,7,8,16,21,50,360,44,"164, LEMOINE (AV MARCEL)",,,Crépuscule ou aube,En agglomération,Intersection en X,Normale,Deux véhicules - côté,,,,,,,,,,,2,2,2,1,3
200700049804,0007-08-22 15:50:00,7,8,22,15,50,360,44,JUSTICE (DU PALAIS DE),,,Plein jour,En agglomération,Hors intersection,Pluie légère,Deux véhicules - côté,,,,,,,,,,,1,2,1,2,3
200700049805,0007-08-24 12:30:00,7,8,24,12,30,360,63,ROUTE DEPARTEMENTALE 925,,,Plein jour,Hors agglomération,Hors intersection,Normale,Deux véhicules - arrière,,,,,,,,,,,1,1,1,1,2
200700049806,0007-08-28 16:45:00,7,8,28,16,45,360,44,LONGCHAMPS (ALL DE),,,Plein jour,En agglomération,Intersection en X,Normale,Deux véhicules - côté,,,,,,,,,,,1,2,2,1,3
200700049807,0007-08-29 15:25:00,7,8,29,15,25,360,44,"2, RUBY (AV DU GENERAL)",,,Plein jour,En agglomération,Hors intersection,Pluie forte,Autre collision,,,,,,,,,,,1,2,1,3,6
200700049808,0007-08-29 18:10:00,7,8,29,18,10,360,63,ROUTE DEPARTEMENTALE 925,,,Plein jour,Hors agglomération,Hors intersection,Normale,Sans collision,,,,,,,,,,,1,1,1,1,7
200700049809,0007-08-30 14:55:00,7,8,30,14,55,360,44,VOLTAIRE (PL),,,Plein jour,En agglomération,Intersection en T,Normale,Deux véhicules - côté,,,,,,,,,,,1,2,3,1,3
200700049810,0007-08-08 12:20:00,7,8,8,12,20,370,261,HEURTELOUP (BOULEVARD),,,Plein jour,En agglomération,Intersection en X,Normale,Deux véhicules - côté,,,,,,,,,,,1,2,2,1,3
200700049811,0007-08-04 05:50:00,7,8,4,5,50,370,122,"38, PONT VOLANT (RUE DU)",,,Crépuscule ou aube,En agglomération,Hors intersection,Normale,Deux véhicules - frontale,,,,,,,,,,,2,2,1,1,1
200700049812,0007-08-11 03:25:00,7,8,11,3,25,370,261,MALRAUX (QUAI ANDRE),,,Nuit avec éclairage allumé,En agglomération,Hors intersection,Normale,Autre collision,,,,,,,,,,,5,2,1,1,6
200700049813,0007-08-03 19:05:00,7,8,3,19,5,370,261,CHOISEUL (PLACE),,,Plein jour,En agglomération,Hors intersection,Normale,Deux véhicules - côté,,,,,,,,,,,1,2,1,1,3
200700049814,0007-08-26 12:20:00,7,8,26,12,20,370,261,FUYE( RUE DE LE ),,,Plein jour,En agglomération,Intersection en X,Normale,Deux véhicules - côté,,,,,,,,,,,1,2,2,1,3
200700049815,0007-08-31 17:10:00,7,8,31,17,10,370,261,", CHURCHILL (BOULEVARD W",,,Plein jour,En agglomération,Hors intersection,Normale,Deux véhicules - côté,,,,,,,,,,,1,2,1,1,3
200700049816,0007-08-31 19:25:00,7,8,31,19,25,370,122,GITONNIERE (RUE DE LA),,,Plein jour,En agglomération,Hors intersection,Normale,Autre collision,,,,,,,,,,,1,2,1,1,6
200700049817,0007-08-31 09:15:00,7,8,31,9,15,370,261,"17, FUYE( RUE DE LE )",,,Plein jour,En agglomération,Intersection en X,Normale,Autre collision,,,,,,,,,,,1,2,2,1,6
200700049818,0007-08-01 09:30:00,7,8,1,9,30,380,421,"00, COMMUNE DE PARIS (AV",,,Plein jour,En agglomération,Hors intersection,Normale,Deux véhicules - côté,,,,,,,,,,,1,2,1,1,3
200700049819,0007-08-01 09:41:00,7,8,1,9,41,380,185,"00, RN 90",,,Plein jour,En agglomération,Hors intersection,Normale,Deux véhicules - arrière,,,,,,,,,,,1,2,1,1,2
200700049820,0007-08-02 07:35:00,7,8,2,7,35,380,151,ROCADE SUD,,,Plein jour,Hors agglomération,Hors intersection,Pluie légère,Deux véhicules - arrière,,,,,,,,,,,1,1,1,2,2
200700049821,0007-08-02 12:30:00,7,8,2,12,30,380,185,"3, GENERAL FERRIE (RUE)",,,Plein jour,En agglomération,Hors intersection,Normale,Autre collision,,,,,,,,,,,1,2,1,1,6
200700049822,0007-08-03 12:45:00,7,8,3,12,45,380,185,"53, JEAN PERROT (AVENUE)",,,Plein jour,En agglomération,Hors intersection,Normale,Autre collision,,,,,,,,,,,1,2,1,1,6
200700049823,0007-08-05 12:15:00,7,8,5,12,15,380,151,"6, LANGEVIN (RUE P.)",,,Plein jour,En agglomération,Hors intersection,Normale,Deux véhicules - côté,,,,,,,,,,,1,2,1,1,3
200700049824,0007-08-07 14:35:00,7,8,7,14,35,380,151,"., COUTURIER (AVENUE P.V",,,Plein jour,En agglomération,Intersection en X,Normale,Deux véhicules - côté,,,,,,,,,,,1,2,2,1,3
200700049825,0007-08-07 21:08:00,7,8,7,21,8,380,151,ROCADE SUD,,,Crépuscule ou aube,Hors agglomération,Hors intersection,Normale,Autre collision,,,,,,,,,,,2,1,1,1,6
200700049826,0007-08-08 01:20:00,7,8,8,1,20,380,151,A.480,,,Nuit avec éclairage allumé,Hors agglomération,Hors intersection,Pluie légère,Sans collision,,,,,,,,,,,5,1,1,2,7
200700049827,0007-08-10 16:15:00,7,8,10,16,15,380,151,piste cyclable du drac,,,Plein jour,Hors agglomération,Hors intersection,Normale,Deux véhicules - côté,,,,,,,,,,,1,1,1,1,3
200700049828,0007-08-11 15:05:00,7,8,11,15,5,380,151,"4, STALINGRAD (RUE DE)",,,Plein jour,En agglomération,Hors intersection,Normale,Autre collision,,,,,,,,,,,1,2,1,1,6
200700049829,0007-08-11 16:40:00,7,8,11,16,40,380,185,"., PHILIS DE LA CHARCE (",,,Plein jour,En agglomération,Hors intersection,Normale,Autre collision,,,,,,,,,,,1,2,1,1,6
200700049830,0007-08-13 21:30:00,7,8,13,21,30,380,185,"., ALLIES (RUE DES)",,,Nuit avec éclairage allumé,En agglomération,Intersection en T,Normale,Deux véhicules - côté,,,,,,,,,,,5,2,3,1,3
200700049831,0007-08-14 15:30:00,7,8,14,15,30,380,185,"2, JOSEPH VALLIER (BOULE",,,Plein jour,En agglomération,Hors intersection,Normale,Autre collision,,,,,,,,,,,1,2,1,1,6
200700049832,0007-08-17 05:35:00,7,8,17,5,35,380,229,AUTOROUTE,,,Nuit avec éclairage allumé,Hors agglomération,Intersection en X,Normale,Autre collision,,,,,,,,,,,5,1,2,1,6
200700049833,0007-08-18 17:40:00,7,8,18,17,40,380,185,"00, GARE (PLACE DE LA)",,,Plein jour,En agglomération,Hors intersection,Normale,Autre collision,,,,,,,,,,,1,2,1,1,6
200700049834,0007-08-20 11:40:00,7,8,20,11,40,380,185,"00, EDMOND ESMONIN (AVEN",,,Plein jour,En agglomération,Hors intersection,Normale,Deux véhicules - côté,,,,,,,,,,,1,2,1,1,3
200700049835,0007-08-23 10:55:00,7,8,23,10,55,380,151,"00, ETATS GENERAUX (AVEN",,,Plein jour,En agglomération,Hors intersection,Normale,Autre collision,,,,,,,,,,,1,2,1,1,6
200700049836,0007-08-27 19:30:00,7,8,27,19,30,380,421,"00, NORMANDIE NIEMEN (RU",,,Plein jour,En agglomération,Hors intersection,Normale,Deux véhicules - côté,,,,,,,,,,,1,2,1,1,3
200700049837,0007-08-30 13:30:00,7,8,30,13,30,380,151,"40, JAURES (COURS J. 1 A",,,Plein jour,En agglomération,Hors intersection,Normale,Deux véhicules - arrière,,,,,,,,,,,1,2,1,1,2
200700049838,0007-08-31 16:50:00,7,8,31,16,50,380,151,"00, DRAC ( RUE DU )",,,Plein jour,En agglomération,Hors intersection,Normale,Autre collision,,,,,,,,,,,1,2,1,1,6
200700049839,0007-08-31 21:30:00,7,8,31,21,30,380,151,"00, JAURES (COURS J. 1 A",,,Plein jour,En agglomération,Hors intersection,Normale,Deux véhicules - côté,,,,,,,,,,,1,2,1,1,3
200700049840,0007-08-31 15:00:00,7,8,31,15,0,380,169,A 480 OUEST RUE DE SASSE,,,Plein jour,En agglomération,Hors intersection,Normale,Deux véhicules - arrière,,,,,,,,,,,1,2,1,1,2
200700049841,0007-08-24 08:15:00,7,8,24,8,15,390,198,"0, RN 73 (DE RD PT COTE",,,Plein jour,En agglomération,Intersection en X,Normale,Autre collision,,,,,,,,,,,1,2,2,1,6
200700049842,0007-08-01 12:20:00,7,8,1,12,20,400,88,CROIX BLANCHE (RUE DE LA,,,Plein jour,En agglomération,Hors intersection,Normale,Deux véhicules - côté,,,,,,,,,,,1,2,1,1,3
200700049843,0007-08-02 16:10:00,7,8,2,16,10,400,279,RESISTANCE (AVE DE LA),,,Plein jour,En agglomération,Hors intersection,Normale,Trois véhicules et plus - en chaîne,,,,,,,,,,,1,2,1,1,4
200700049844,0007-08-16 18:15:00,7,8,16,18,15,400,88,TERCIS (ROUTE DE),,,Plein jour,Hors agglomération,Hors intersection,Normale,Sans collision,,,,,,,,,,,1,1,1,1,7
200700049845,0007-08-17 10:55:00,7,8,17,10,55,400,88,TERCIS (ROUTE DE),,,Plein jour,En agglomération,Hors intersection,Normale,Deux véhicules - arrière,,,,,,,,,,,1,2,1,1,2
200700049846,0007-08-30 16:00:00,7,8,30,16,0,400,279,LIBERTE (AVE DE LA),,,Plein jour,En agglomération,Intersection en T,Normale,Deux véhicules - côté,,,,,,,,,,,1,2,3,1,3
200700049847,0007-08-03 13:00:00,7,8,3,13,0,400,192,ROCADE EST (RD 932 E),,,Plein jour,Hors agglomération,Hors intersection,Normale,Deux véhicules - côté,,,,,,,,,,,1,1,1,1,3
200700049848,0007-08-07 09:41:00,7,8,7,9,41,400,192,"4, ALSACE-LORRAINE (RUE",,,Plein jour,En agglomération,Autre intersection,Normale,Autre collision,,,,,,,,,,,1,2,9,1,6
200700049849,0007-08-20 17:53:00,7,8,20,17,53,400,192,PLACE FRANCIS PLANTE,,,Plein jour,En agglomération,Intersection en Y,Pluie légère,Deux véhicules - côté,,,,,,,,,,,1,2,4,2,3
200700049850,0007-08-28 11:38:00,7,8,28,11,38,400,192,FONTAINEBLEAU (RUE),,,Plein jour,En agglomération,Intersection en T,Normale,Deux véhicules - côté,,,,,,,,,,,1,2,3,1,3
200700049851,0007-08-02 22:10:00,7,8,2,22,10,410,18,"01, PAPIN (RUE DENIS)",,,Nuit avec éclairage allumé,En agglomération,Hors intersection,Normale,Deux véhicules - arrière,,,,,,,,,,,5,2,1,1,2
200700049852,0007-08-01 19:15:00,7,8,1,19,15,410,18,D174,,,Plein jour,Hors agglomération,Hors intersection,Normale,Deux véhicules - côté,,,,,,,,,,,1,1,1,1,3
200700049853,0007-08-04 11:25:00,7,8,4,11,25,410,47,N152,,,Plein jour,Hors agglomération,Hors intersection,Normale,Deux véhicules - arrière,,,,,,,,,,,1,1,1,1,2
200700049854,0007-08-06 10:20:00,7,8,6,10,20,410,18,GENTIL (BOULEVARD RENE),,,Plein jour,En agglomération,Intersection en T,Normale,Deux véhicules - côté,,,,,,,,,,,1,2,3,1,3
200700049855,0007-08-06 10:15:00,7,8,6,10,15,410,18,CITES UNIES (BOULEVARD D,,,Plein jour,En agglomération,Giratoire,Normale,Deux véhicules - côté,,,,,,,,,,,1,2,6,1,3
200700049856,0007-08-15 15:25:00,7,8,15,15,25,410,18,ONZE ARPENTS (RUE DES),,,Plein jour,En agglomération,Intersection en T,Temps couvert,Deux véhicules - côté,,,,,,,,,,,1,2,3,8,3
200700049857,0007-08-18 17:10:00,7,8,18,17,10,410,18,MAZILLE  (RUE BERNARD),,,Plein jour,En agglomération,Intersection en T,Normale,Deux véhicules - côté,,,,,,,,,,,1,2,3,1,3
200700049858,0007-08-23 09:15:00,7,8,23,9,15,410,18,ANGLETERRE (RUE D'),,,Plein jour,En agglomération,Hors intersection,Pluie légère,Sans collision,,,,,,,,,,,1,2,1,2,7
200700049859,0007-08-03 13:10:00,7,8,3,13,10,410,194,TOUR (PLACE DE LA),,,Plein jour,En agglomération,Hors intersection,Normale,Autre collision,,,,,,,,,,,1,2,1,1,6
200700049860,0007-08-05 20:50:00,7,8,5,20,50,410,194,"54, VILLEFRANCHE (ROUTE",,,Plein jour,En agglomération,Hors intersection,Normale,Deux véhicules - côté,,,,,,,,,,,1,2,1,1,3
200700049861,0007-08-19 12:50:00,7,8,19,12,50,410,269,MANS (ROUTE DU),,,Plein jour,En agglomération,Hors intersection,Normale,Trois véhicules et plus - collisions multiples,,,,,,,,,,,1,2,1,1,5
200700049862,0007-08-31 16:05:00,7,8,31,16,5,410,269,"., MANS (ROUTE DU)",,,Plein jour,En agglomération,Intersection en X,Normale,Deux véhicules - côté,,,,,,,,,,,1,2,2,1,3
200700049863,0007-08-01 08:25:00,7,8,1,8,25,420,95,"32, CD 3",,,Plein jour,Hors agglomération,Hors intersection,Normale,Deux véhicules - côté,,,,,,,,,,,1,1,1,1,3
200700049864,0007-08-04 12:00:00,7,8,4,12,0,420,316,"2, CD 3",,,Plein jour,En agglomération,Hors intersection,Normale,Deux véhicules - côté,,,,,,,,,,,1,2,1,1,3
200700049865,0007-08-06 19:15:00,7,8,6,19,15,420,44,"1, SCHUMAN (RUE ROBERT)",,,Plein jour,En agglomération,Intersection en T,Temps couvert,Deux véhicules - côté,,,,,,,,,,,1,2,3,8,3
200700049866,0007-08-08 16:00:00,7,8,8,16,0,420,95,CD 500,,,Plein jour,Hors agglomération,Hors intersection,Pluie légère,Trois véhicules et plus - collisions multiples,,,,,,,,,,,1,1,1,2,5
200700049867,0007-08-10 12:15:00,7,8,10,12,15,420,316,CD 25,,,Plein jour,Hors agglomération,Hors intersection,Temps couvert,Deux véhicules - côté,,,,,,,,,,,1,1,1,8,3
200700049868,0007-08-11 00:20:00,7,8,11,0,20,420,99,"7, GONNIERE (RUE DE LA)",,,Nuit avec éclairage allumé,En agglomération,Hors intersection,Pluie légère,Autre collision,,,,,,,,,,,5,2,1,2,6
200700049869,0007-08-11 08:30:00,7,8,11,8,30,420,31,CD 108,,,Plein jour,En agglomération,Hors intersection,Pluie légère,Autre collision,,,,,,,,,,,1,2,1,2,6
200700049870,0007-08-12 11:30:00,7,8,12,11,30,420,95,INDUSTRIE (RUE DE L'),,,Plein jour,En agglomération,Intersection en T,Normale,Autre collision,,,,,,,,,,,1,2,3,1,6
200700049871,0007-08-16 16:55:00,7,8,16,16,55,420,183,"1, PASTEUR (RUE)",,,Plein jour,En agglomération,Hors intersection,Normale,Deux véhicules - côté,,,,,,,,,,,1,2,1,1,3
200700049872,0007-08-19 16:30:00,7,8,19,16,30,420,316,CD 25,,,Plein jour,En agglomération,Hors intersection,Normale,Sans collision,,,,,,,,,,,1,2,1,1,7
200700049873,0007-08-29 06:55:00,7,8,29,6,55,420,95,CD 3,,,Crépuscule ou aube,Hors agglomération,Hors intersection,Pluie légère,Deux véhicules - frontale,,,,,,,,,,,2,1,1,2,1
200700049874,0007-08-28 18:05:00,7,8,28,18,5,420,44,RD 10,,,Plein jour,Hors agglomération,Hors intersection,Normale,Autre collision,,,,,,,,,,,1,1,1,1,6
200700049875,0007-08-28 19:00:00,7,8,28,19,0,420,44,RD 88,,,Plein jour,En agglomération,Hors intersection,Normale,Deux véhicules - côté,,,,,,,,,,,1,2,1,1,3
200700049876,0007-08-30 19:45:00,7,8,30,19,45,420,44,RD 88,,,Plein jour,En agglomération,Intersection en T,Normale,Deux véhicules - côté,,,,,,,,,,,1,2,3,1,3
200700049877,0007-08-19 15:15:00,7,8,19,15,15,420,147,BEAUREGARD (RUE DE),,,Plein jour,En agglomération,Giratoire,Normale,Deux véhicules - côté,,,,,,,,,,,1,2,6,1,3
200700049878,0007-08-31 14:25:00,7,8,31,14,25,420,103,"43, PASTEUR RUE LOUIS",,,Plein jour,En agglomération,Hors intersection,Normale,Deux véhicules - côté,,,,,,,,,,,1,2,1,1,3
200700049879,0007-08-04 18:50:00,7,8,4,18,50,420,187,"20, CENTRALE (AVENUE)",,,Plein jour,En agglomération,Intersection en X,Normale,Trois véhicules et plus - collisions multiples,,,,,,,,,,,1,2,2,1,5
200700049880,0007-08-04 12:00:00,7,8,4,12,0,420,187,VILLEMONTAIS (RUE DE ),,,Plein jour,En agglomération,Intersection en T,Normale,Deux véhicules - côté,,,,,,,,,,,1,2,3,1,3
200700049881,0007-08-05 14:10:00,7,8,5,14,10,420,184,FOCH MARECHAL (RUE),,,Plein jour,En agglomération,Intersection en X,Normale,Autre collision,,,,,,,,,,,1,2,2,1,6
200700049882,0007-08-07 15:30:00,7,8,7,15,30,420,184,"499, CHARLES DE GAULLE(A",,,Plein jour,En agglomération,Hors intersection,Pluie légère,Deux véhicules - arrière,,,,,,,,,,,1,2,1,2,2
200700049883,0007-08-08 11:30:00,7,8,8,11,30,420,71,"48, LIBERATION (AVENUE D",,,Plein jour,En agglomération,Intersection en X,Normale,Autre collision,,,,,,,,,,,1,2,2,1,6
200700049884,0007-08-09 17:10:00,7,8,9,17,10,420,170,VILLENEUVE (LIEU DIT),,,Plein jour,Hors agglomération,Hors intersection,Pluie légère,Sans collision,,,,,,,,,,,1,1,1,2,7
200700049885,0007-08-11 10:50:00,7,8,11,10,50,420,187,", ARISTIDE BRIAND ( PLAC",,,Plein jour,En agglomération,Giratoire,Pluie légère,Deux véhicules - frontale,,,,,,,,,,,1,2,6,2,1
200700049886,0007-08-11 19:00:00,7,8,11,19,0,420,127,FONTAINE JEAN  (RUE DE L,,,Nuit avec éclairage allumé,En agglomération,Hors intersection,Normale,Deux véhicules - côté,,,,,,,,,,,5,2,1,1,3
200700049887,0007-08-14 17:30:00,7,8,14,17,30,420,187,"20, MOULIN PAILLASSON (R",,,Plein jour,En agglomération,Intersection en X,Normale,Deux véhicules - côté,,,,,,,,,,,1,2,2,1,3
200700049888,0007-08-13 21:30:00,7,8,13,21,30,420,187,"20, PROMENADES POPULLE (",,,Plein jour,En agglomération,Hors intersection,Normale,Deux véhicules - côté,,,,,,,,,,,1,2,1,1,3
200700049889,0007-08-17 15:25:00,7,8,17,15,25,420,187,"6, ALSACE - LORRAINE (RU",,,Plein jour,En agglomération,Hors intersection,Normale,Deux véhicules - arrière,,,,,,,,,,,1,2,1,1,2
200700049890,0007-08-20 11:15:00,7,8,20,11,15,420,187,"1, FUYANT (RUE DU)",,,Plein jour,En agglomération,Giratoire,Normale,Deux véhicules - côté,,,,,,,,,,,1,2,6,1,3
200700049891,0007-08-17 16:30:00,7,8,17,16,30,420,187,MULSANT (RUE),,,Plein jour,En agglomération,Hors intersection,Normale,Autre collision,,,,,,,,,,,1,2,1,1,6
200700049892,0007-08-23 13:50:00,7,8,23,13,50,420,170,LES MURES (LIEU DIT),,,Plein jour,Hors agglomération,Hors intersection,Normale,Deux véhicules - frontale,,,,,,,,,,,1,1,1,1,1
200700049893,0007-08-24 16:05:00,7,8,24,16,5,420,207,"1, PETIN GAUDET RUE",,,Plein jour,En agglomération,Intersection en Y,Normale,Deux véhicules - côté,,,,,,,,,,,1,2,4,1,3
200700049894,0007-08-02 17:09:00,7,8,2,17,9,420,189,"000000030, LECLERC MAREC",,,Plein jour,En agglomération,Hors intersection,Normale,Deux véhicules - arrière,,,,,,,,,,,1,2,1,1,2
200700049895,0007-08-03 15:55:00,7,8,3,15,55,420,218,"29, ROCHE DU GEAI (DE LA",,,Plein jour,En agglomération,Hors intersection,Normale,Autre collision,,,,,,,,,,,1,2,1,1,6
200700049896,0007-08-03 16:17:00,7,8,3,16,17,420,218,FOURNEYRON (PLACE),,,Plein jour,En agglomération,Place,Normale,Autre collision,,,,,,,,,,,1,2,7,1,6
200700049897,0007-08-03 17:10:00,7,8,3,17,10,420,218,"000000001, ROSTAND JEAN",,,Plein jour,En agglomération,Intersection en T,Normale,Deux véhicules - côté,,,,,,,,,,,1,2,3,1,3
200700049898,0007-08-10 15:30:00,7,8,10,15,30,420,218,JANIN JULES (BD) JUSQU'A,,,Plein jour,En agglomération,Intersection en X,Normale,Deux véhicules - arrière,,,,,,,,,,,1,2,2,1,2
200700049899,0007-08-13 09:40:00,7,8,13,9,40,420,218,JANIN JULES (BD) A PARTI,,,Plein jour,En agglomération,Hors intersection,Normale,Deux véhicules - arrière,,,,,,,,,,,1,2,1,1,2
200700049900,0007-08-14 09:44:00,7,8,14,9,44,420,218,FRANCHET D'ESPEREY M. A,41.23456,3.45699,Plein jour,Hors agglomération,Hors intersection,Normale,Deux véhicules - arrière,,,,,,,,,,,1,1,1,1,2
200700049901,0007-08-15 16:00:00,7,8,15,16,0,420,218,RESISTANCE (DE LA),,,Plein jour,En agglomération,Intersection en X,Normale,Deux véhicules - côté,,,,,,,,,,,1,2,2,1,3
200700049902,0007-08-22 21:10:00,7,8,22,21,10,420,218,"000000001, ACIERIES (DES",,,Plein jour,En agglomération,Intersection en X,Normale,Deux véhicules - côté,,,,,,,,,,,1,2,2,1,3
200700049903,0007-08-22 21:00:00,7,8,22,21,0,420,218,THIERS (BOULEVARD),,,Crépuscule ou aube,Hors agglomération,Intersection en Y,Normale,Deux véhicules - côté,,,,,,,,,,,2,1,4,1,3
200700049904,0007-08-23 11:45:00,7,8,23,11,45,420,218,"96, DURAFOUR ANTOINE JUS",,,Plein jour,En agglomération,Hors intersection,Normale,Deux véhicules - côté,,,,,,,,,,,1,2,1,1,3
200700049905,0007-08-23 12:25:00,7,8,23,12,25,420,218,"1, BOIS",,,Plein jour,En agglomération,Hors intersection,Normale,Autre collision,,,,,,,,,,,1,2,1,1,6
200700049906,0007-08-24 09:30:00,7,8,24,9,30,420,218,"000000015, PARE AMBROISE",,,Plein jour,En agglomération,Intersection en X,Normale,Deux véhicules - côté,,,,,,,,,,,1,2,2,1,3
200700049907,0007-08-29 17:48:00,7,8,29,17,48,420,218,"000000001, BERGSON JUSQU",,,Plein jour,En agglomération,Hors intersection,Normale,Autre collision,,,,,,,,,,,1,2,1,1,6
200700049908,0007-08-31 16:44:00,7,8,31,16,44,420,218,"2, CHARCOT DOCTEURS JUSQ",,,Plein jour,En agglomération,Hors intersection,Normale,Deux véhicules - arrière,,,,,,,,,,,1,2,1,1,2
200700049909,0007-08-31 19:42:00,7,8,31,19,42,420,218,POMPIDOU GEORGES (BOULEV,,,Plein jour,En agglomération,Intersection en X,Temps couvert,Deux véhicules - côté,,,,,,,,,,,1,2,2,8,3
200700049910,0007-08-03 20:10:00,7,8,3,20,10,430,2,"13, RODERIE (ROUTE DE)",,,Plein jour,En agglomération,Hors intersection,Normale,Deux véhicules - frontale,,,,,,,,,,,1,2,1,1,1
200700049911,0007-08-20 16:05:00,7,8,20,16,5,430,157,ST-LOUIS (BD),,,Plein jour,En agglomération,Autre intersection,Normale,Autre collision,,,,,,,,,,,1,2,9,1,6
200700049912,0007-08-03 07:30:00,7,8,3,7,30,440,132,GAULLE (AVENUE DU GÉNÉRA,,,Crépuscule ou aube,En agglomération,Hors intersection,Normale,Deux véhicules - côté,,,,,,,,,,,2,2,1,1,3
200700049913,0007-08-04 15:30:00,7,8,4,15,30,440,55,DUBOIS ( BOULEVARD DU DO,,,Plein jour,En agglomération,Intersection en T,Normale,Deux véhicules - côté,,,,,,,,,,,1,2,3,1,3
200700049914,0007-08-04 15:40:00,7,8,4,15,40,440,55,"1, IMPAIRS ( AVENUE DES",,,Plein jour,En agglomération,Hors intersection,Normale,Autre collision,,,,,,,,,,,1,2,1,1,6
200700049915,0007-08-05 20:00:00,7,8,5,20,0,440,132,"159, GAULLE (AVENUE DU G",,,Plein jour,En agglomération,Hors intersection,Normale,Deux véhicules - côté,,,,,,,,,,,1,2,1,1,3
200700049916,0007-08-06 17:20:00,7,8,6,17,20,440,55,GUILLERAIE ( ALLÉE DE LA,,,Plein jour,En agglomération,Hors intersection,Normale,Autre collision,,,,,,,,,,,1,2,1,1,6
200700049917,0007-08-06 20:40:00,7,8,6,20,40,440,132,MARAIS (CHEMIN DU),,,Plein jour,En agglomération,Hors intersection,Normale,Autre collision,,,,,,,,,,,1,2,1,1,6
200700049918,0007-08-10 15:45:00,7,8,10,15,45,440,55,LATTRE DE TASSIGNY ( AVE,,,Plein jour,En agglomération,Intersection en T,Normale,Deux véhicules - côté,,,,,,,,,,,1,2,3,1,3
200700049919,0007-08-10 22:30:00,7,8,10,22,30,440,132,BOIS RENARD (AVENUE DE),,,Nuit avec éclairage allumé,En agglomération,Intersection en X,Normale,Deux véhicules - côté,,,,,,,,,,,5,2,2,1,3
200700049920,0007-08-11 02:13:00,7,8,11,2,13,440,132,BOIS RENARD (AVENUE DE),,,Nuit avec éclairage allumé,En agglomération,Intersection en X,Normale,Deux véhicules - côté,,,,,,,,,,,5,2,2,1,3
200700049921,0007-08-11 03:15:00,7,8,11,3,15,440,55,GAULLE ( AVENUE DU GÉNÉR,,,Nuit avec éclairage non allumé,En agglomération,Hors intersection,Normale,Autre collision,,,,,,,,,,,4,2,1,1,6
200700049922,0007-08-13 16:55:00,7,8,13,16,55,440,55,LATTRE DE TASSIGNY ( AVE,,,Plein jour,En agglomération,Hors intersection,Normale,Deux véhicules - côté,,,,,,,,,,,1,2,1,1,3
200700049923,0007-08-14 13:15:00,7,8,14,13,15,440,55,CAILLAUD ( BOULEVARD AUG,,,Plein jour,En agglomération,Hors intersection,Normale,Deux véhicules - côté,,,,,,,,,,,1,2,1,1,3
200700049924,0007-08-14 13:45:00,7,8,14,13,45,440,55,"208, LATTRE DE TASSIGNY",,,Plein jour,En agglomération,Hors intersection,Normale,Deux véhicules - arrière,,,,,,,,,,,1,2,1,1,2
200700049925,0007-08-16 03:45:00,7,8,16,3,45,440,132,"64, BONNE SOURCE (AVENUE",,,Nuit avec éclairage non allumé,En agglomération,Hors intersection,Normale,Sans collision,,,,,,,,,,,4,2,1,1,7
200700049926,0007-08-18 10:20:00,7,8,18,10,20,440,55,"6, CLEMENCEAU ( AVENUE G",,,Plein jour,En agglomération,Hors intersection,Normale,Autre collision,,,,,,,,,,,1,2,1,1,6
200700049927,0007-08-26 00:45:00,7,8,26,0,45,440,55,LATTRE DE TASSIGNY ( AVE,,,Nuit avec éclairage allumé,En agglomération,Hors intersection,Normale,Deux véhicules - côté,,,,,,,,,,,5,2,1,1,3
200700049928,0007-08-03 01:15:00,7,8,3,1,15,440,55,"13, LAMBARDE ( AVENUE DE",,,Nuit avec éclairage allumé,En agglomération,Hors intersection,Normale,Autre collision,,,,,,,,,,,5,2,1,1,6
200700049929,0007-08-10 14:20:00,7,8,10,14,20,440,55,"130, OCÉAN ( BOULEVARD D",,,Plein jour,En agglomération,Autre intersection,Normale,Deux véhicules - arrière,,,,,,,,,,,1,2,9,1,2
200700049930,0007-08-03 01:32:00,7,8,3,1,32,440,114,"1, RUE SATURNE",,,Nuit avec éclairage allumé,En agglomération,Hors intersection,Normale,Autre collision,,,,,,,,,,,5,2,1,1,6
200700049931,0007-08-03 13:00:00,7,8,3,13,0,440,109,ROUTE DE PARIS,,,Plein jour,Hors agglomération,Autre intersection,Normale,Autre collision,,,,,,,,,,,1,1,9,1,6
200700049932,0007-08-02 17:35:00,7,8,2,17,35,440,162,"12, AVENUE DES THEBAUDIE",,,Plein jour,En agglomération,Hors intersection,Normale,Autre collision,,,,,,,,,,,1,2,1,1,6
200700049933,0007-08-03 15:25:00,7,8,3,15,25,440,109,"Néant, ALLEE DE LA MAISO",,,Plein jour,En agglomération,Intersection en X,Normale,Autre collision,,,,,,,,,,,1,2,2,1,6