accident_id,datetime,annee,mois,jour,heure,minute,departement,commune_insee,adresse,latitude,longitude,luminosite,agglomeration,intersection,meteo,collision,nb_vehicules,nb_usagers,nb_indemnes,nb_tues,nb_blesses_hosp,nb_blesses_legers,age_cond_1,age_cond_2,veh_type_cond_1,veh_type_cond_2,lum_code,agg_code,int_code,atm_code,col_code
200700050068,0007-08-02 12:25:00,7,8,2,12,25,540,526,"1, MAJORELLE (ROND POINT",,,Plein jour,En agglomération,Autre intersection,Normale,Deux véhicules - frontale,,,,,,,,,,,1,2,9,1,1
200700050069,0007-08-04 05:10:00,7,8,4,5,10,540,395,"34, FRANCE (AVENUE ANATO",,,Nuit avec éclairage allumé,En agglomération,Intersection en X,Normale,Deux véhicules - côté,,,,,,,,,,,5,2,2,1,3
200700050070,0007-08-04 10:45:00,7,8,4,10,45,540,357,"1, LAFAYETTE (RUE)",,,Plein jour,En agglomération,Hors intersection,Normale,Deux véhicules - arrière,,,,,,,,,,,1,2,1,1,2
200700050071,0007-08-06 07:35:00,7,8,6,7,35,540,395,"1, STRASBOURG (AVENUE DE",,,Plein jour,En agglomération,Intersection en X,Normale,Deux véhicules - côté,,,,,,,,,,,1,2,2,1,3
200700050072,0007-08-09 22:00:00,7,8,9,22,0,540,395,"1, JAURES (BOULEVARD JEA",,,Nuit avec éclairage allumé,En agglomération,Intersection à plus de 4 branches,Pluie légère,Deux véhicules - côté,,,,,,,,,,,5,2,5,2,3
200700050073,0007-08-10 12:30:00,7,8,10,12,30,540,395,"58, BATAILLE (QUAI DE LA",,,Plein jour,En agglomération,Intersection en X,Pluie légère,Deux véhicules - arrière,,,,,,,,,,,1,2,2,2,2
200700050074,0007-08-11 19:20:00,7,8,11,19,20,540,526,"1, POTIER (RUE EUGENE)",,,Plein jour,En agglomération,Hors intersection,Normale,Autre collision,,,,,,,,,,,1,2,1,1,6
200700050075,0007-08-12 06:00:00,7,8,12,6,0,540,547,"1, MIRECOURT (ROUTE DE)",,,Crépuscule ou aube,En agglomération,Intersection en Y,Normale,Autre collision,,,,,,,,,,,2,2,4,1,6
200700050076,0007-08-13 11:30:00,7,8,13,11,30,540,547,"1, MIRECOURT (ROUTE DE)",,,Plein jour,En agglomération,Hors intersection,Normale,Autre collision,,,,,,,,,,,1,2,1,1,6
200700050077,0007-08-13 13:30:00,7,8,13,13,30,540,357,"48, METZ (ROUTE DE)",,,Plein jour,En agglomération,Intersection en X,Normale,Deux véhicules - arrière,,,,,,,,,,,1,2,2,1,2
200700050078,0007-08-14 17:25:00,7,8,14,17,25,540,547,"1, TURIN (IMPASSE)",,,Plein jour,En agglomération,Hors intersection,Normale,Autre collision,,,,,,,,,,,1,2,1,1,6
200700050079,0007-08-14 22:27:00,7,8,14,22,27,540,395,"1, TIERCELINS (RUE DES)",,,Nuit avec éclairage allumé,En agglomération,Intersection en X,Normale,Deux véhicules - côté,,,,,,,,,,,5,2,2,1,3
200700050080,0007-08-15 09:50:00,7,8,15,9,50,540,395,"1, BERTIN (RUE EMILE)",,,Plein jour,En agglomération,Intersection en X,Normale,Autre collision,,,,,,,,,,,1,2,2,1,6
200700050081,0007-08-17 16:55:00,7,8,17,16,55,540,395,"1, DE LATTRE DE TASSIGNY",,,Plein jour,En agglomération,Intersection en X,Normale,Deux véhicules - côté,,,,,,,,,,,1,2,2,1,3
200700050082,0007-08-18 12:00:00,7,8,18,12,0,540,304,"9, ONZE NOVEMBRE 1918 (R",,,Plein jour,En agglomération,Hors intersection,Normale,Autre collision,,,,,,,,,,,1,2,1,1,6
200700050083,0007-08-18 14:25:00,7,8,18,14,25,540,395,"194, MON DESERT (RUE)",,,Plein jour,En agglomération,Hors intersection,Normale,Deux véhicules - côté,,,,,,,,,,,1,2,1,1,3
200700050084,0007-08-18 17:20:00,7,8,18,17,20,540,395,"21, SAINT DIZIER (RUE 2",,,Plein jour,En agglomération,Hors intersection,Normale,Deux véhicules - côté,,,,,,,,,,,1,2,1,1,3
200700050085,0007-08-20 19:05:00,7,8,20,19,5,540,482,"7, ALEXANDRE 1ER (RUE)",,,Plein jour,En agglomération,Intersection en Y,Normale,Deux véhicules - arrière,,,,,,,,,,,1,2,4,1,2
200700050086,0007-08-21 12:30:00,7,8,21,12,30,540,547,"1, BOURGOGNE (AVENUE DE)",,,Plein jour,En agglomération,Giratoire,Normale,Deux véhicules - côté,,,,,,,,,,,1,2,6,1,3
200700050087,0007-08-18 11:10:00,7,8,18,11,10,540,265,"1, RD 570",,,Plein jour,Hors agglomération,Hors intersection,Normale,Autre collision,,,,,,,,,,,1,1,1,1,6
200700050088,0007-08-22 10:55:00,7,8,22,10,55,540,395,"92, STANISLAS (RUE)",,,Plein jour,En agglomération,Hors intersection,Pluie légère,Autre collision,,,,,,,,,,,1,2,1,2,6
200700050089,0007-08-22 17:00:00,7,8,22,17,0,540,304,"1, EUROPE (AVENUE DE L')",,,Plein jour,En agglomération,Intersection en X,Normale,Deux véhicules - côté,,,,,,,,,,,1,2,2,1,3
200700050090,0007-08-23 11:10:00,7,8,23,11,10,540,184,"1, PATTON (RUE DU GENERA",,,Plein jour,En agglomération,Intersection en Y,Normale,Deux véhicules - côté,,,,,,,,,,,1,2,4,1,3
200700050091,0007-08-25 17:20:00,7,8,25,17,20,540,395,"1, DE LATTRE DE TASSIGNY",,,Plein jour,En agglomération,Intersection en X,Normale,Deux véhicules - côté,,,,,,,,,,,1,2,2,1,3
200700050092,0007-08-26 13:36:00,7,8,26,13,36,540,184,"30, FOCH (AVENUE)",,,Plein jour,En agglomération,Hors intersection,Normale,Deux véhicules - arrière,,,,,,,,,,,1,2,1,1,2
200700050093,0007-08-26 16:40:00,7,8,26,16,40,540,439,"1, RD 83",,,Plein jour,Hors agglomération,Hors intersection,Normale,Deux véhicules - côté,,,,,,,,,,,1,1,1,1,3
200700050094,0007-08-26 21:50:00,7,8,26,21,50,540,257,"1, LEMAIRE (RUE GUSTAVE)",,,Nuit avec éclairage allumé,Hors agglomération,Intersection en T,Normale,Autre collision,,,,,,,,,,,5,1,3,1,6
200700050095,0007-08-27 20:30:00,7,8,27,20,30,540,395,"60, SAINT DIZIER (RUE 2",,,Nuit avec éclairage allumé,En agglomération,Intersection en X,Normale,Deux véhicules - côté,,,,,,,,,,,5,2,2,1,3
200700050096,0007-08-28 16:10:00,7,8,28,16,10,540,547,"1, CARNOT (RUE)",,,Plein jour,En agglomération,Intersection en T,Normale,Deux véhicules - côté,,,,,,,,,,,1,2,3,1,3
200700050097,0007-08-30 05:00:00,7,8,30,5,0,540,578,"1, CATTENOZ (BD DU DOCTE",,,Nuit avec éclairage allumé,En agglomération,Intersection en X,Normale,Deux véhicules - côté,,,,,,,,,,,5,2,2,1,3
200700050098,0007-08-30 15:30:00,7,8,30,15,30,540,578,"1, BAUDRICOURT (BD DE)",,,Plein jour,En agglomération,Intersection en X,Normale,Deux véhicules - côté,,,,,,,,,,,1,2,2,1,3
200700050099,0007-08-30 18:10:00,7,8,30,18,10,540,304,"1, BOIS GRONEE (AVENUE D",,,Plein jour,En agglomération,Hors intersection,Normale,Autre collision,,,,,,,,,,,1,2,1,1,6
200700050100,0007-08-31 11:10:00,7,8,31,11,10,540,439,"1, PARC (RUE DU)",,,Plein jour,En agglomération,Hors intersection,Normale,Autre collision,,,,,,,,,,,1,2,1,1,6
200700050101,0007-08-31 14:25:00,7,8,31,14,25,540,395,"50, OBERLIN (RUE)",,,Plein jour,En agglomération,Hors intersection,Normale,Autre collision,,,,,,,,,,,1,2,1,1,6
200700050102,0007-08-02 18:45:00,7,8,2,18,45,540,528,"169, VICTOR HUGO (AVENUE",,,Plein jour,En agglomération,Hors intersection,Normale,Autre collision,,,,,,,,,,,1,2,1,1,6
200700050103,0007-08-21 15:42:00,7,8,21,15,42,540,528,COLONEL GRANDVAL (AVENUE,,,Plein jour,En agglomération,Intersection en T,Normale,Autre collision,,,,,,,,,,,1,2,3,1,6
200700050104,0007-08-20 08:10:00,7,8,20,8,10,550,29,REPUBLIQUE ( PLACE DE LA,,,Plein jour,En agglomération,Hors intersection,Pluie légère,Deux véhicules - côté,,,,,,,,,,,1,2,1,2,3
200700050105,0007-08-28 11:00:00,7,8,28,11,0,550,29,"01, SAINCERE ( RUE )",,,Plein jour,En agglomération,Hors intersection,Normale,Autre collision,,,,,,,,,,,1,2,1,1,6
200700050106,0007-08-06 16:10:00,7,8,6,16,10,550,545,"7, PARIS ( AVENUE DE )",,,Plein jour,En agglomération,Hors intersection,Pluie légère,Sans collision,,,,,,,,,,,1,2,1,2,7
200700050107,0007-08-07 14:20:00,7,8,7,14,20,550,545,PONT CHAUSSEE,,,Plein jour,En agglomération,Hors intersection,Normale,Sans collision,,,,,,,,,,,1,2,1,1,7
200700050108,0007-08-10 05:25:00,7,8,10,5,25,550,236,CD 903,,,Crépuscule ou aube,Hors agglomération,Hors intersection,Pluie légère,Sans collision,,,,,,,,,,,2,1,1,2,7
200700050109,0007-08-02 15:31:00,7,8,2,15,31,560,121,"., MENDES FRANCE ( BD PI",,,Plein jour,En agglomération,Intersection à plus de 4 branches,Normale,Deux véhicules - côté,,,,,,,,,,,1,2,5,1,3
200700050110,0007-08-04 06:10:00,7,8,4,6,10,560,121,"., LECLERC ( BD GENERAL",,,Crépuscule ou aube,En agglomération,Hors intersection,Normale,Deux véhicules - côté,,,,,,,,,,,2,2,1,1,3
200700050111,0007-08-04 09:45:00,7,8,4,9,45,560,162,"., SAINT MAUDE (RUE DE)",,,Plein jour,En agglomération,Hors intersection,Normale,Sans collision,,,,,,,,,,,1,2,1,1,7
200700050112,0007-08-04 11:55:00,7,8,4,11,55,560,121,"15, LIBERTE ( PLACE DE L",,,Plein jour,En agglomération,Hors intersection,Normale,Autre collision,,,,,,,,,,,1,2,1,1,6
200700050113,0007-08-05 12:40:00,7,8,5,12,40,560,162,"., RAIME (RUE DE)",,,Plein jour,En agglomération,Hors intersection,Normale,Autre collision,,,,,,,,,,,1,2,1,1,6
200700050114,0007-08-06 00:58:00,7,8,6,0,58,560,98,"., LANN-SEVELIN (ROND PO",,,Nuit avec éclairage allumé,En agglomération,Giratoire,Normale,Deux véhicules - côté,,,,,,,,,,,5,2,6,1,3
200700050115,0007-08-06 10:00:00,7,8,6,10,0,560,98,"., FABIEN ( AV. DU COLON",,,Plein jour,En agglomération,Intersection en X,Normale,Deux véhicules - côté,,,,,,,,,,,1,2,2,1,3
200700050116,0007-08-06 14:53:00,7,8,6,14,53,560,121,"., TOULLEC (RUE  FRANCOI",,,Plein jour,En agglomération,Hors intersection,Normale,Sans collision,,,,,,,,,,,1,2,1,1,7
200700050117,0007-08-06 17:41:00,7,8,6,17,41,560,121,"57, CARNEL (RUE  DE )",,,Plein jour,En agglomération,Hors intersection,Normale,Deux véhicules - côté,,,,,,,,,,,1,2,1,1,3
200700050118,0007-08-09 14:10:00,7,8,9,14,10,560,121,"., TOULLEC (RUE  FRANCOI",,,Plein jour,En agglomération,Hors intersection,Normale,Trois véhicules et plus - en chaîne,,,,,,,,,,,1,2,1,1,4
200700050119,0007-08-09 18:10:00,7,8,9,18,10,560,83,"42, VAILLANT ( AV. EDOUA",,,Plein jour,En agglomération,Hors intersection,Normale,Deux véhicules - frontale,,,,,,,,,,,1,2,1,1,1
200700050120,0007-08-10 08:45:00,7,8,10,8,45,560,83,RN 165,,,Plein jour,Hors agglomération,Hors intersection,Normale,Trois véhicules et plus - collisions multiples,,,,,,,,,,,1,1,1,1,5
200700050121,0007-08-10 16:18:00,7,8,10,16,18,560,83,ALLENDE ( AV. PRES. SALV,,,Plein jour,En agglomération,Hors intersection,Normale,Deux véhicules - frontale,,,,,,,,,,,1,2,1,1,1
200700050122,0007-08-11 18:05:00,7,8,11,18,5,560,98,CACHIN (RUE  MARCEL ),,,Plein jour,En agglomération,Intersection en X,Normale,Deux véhicules - côté,,,,,,,,,,,1,2,2,1,3
200700050123,0007-08-12 19:01:00,7,8,12,19,1,560,83,CHATEAUNEUF (LIEU-DIT),,,Plein jour,Hors agglomération,Hors intersection,Normale,Deux véhicules - côté,,,,,,,,,,,1,1,1,1,3
200700050124,0007-08-14 13:05:00,7,8,14,13,5,560,121,MARQUET (RUE  MARY ),,,Plein jour,En agglomération,Hors intersection,Pluie légère,Autre collision,,,,,,,,,,,1,2,1,2,6
200700050125,0007-08-17 22:40:00,7,8,17,22,40,560,121,FAOUEDIC ( AVE DU ),,,Nuit sans éclairage public,En agglomération,Hors intersection,Normale,Deux véhicules - frontale,,,,,,,,,,,3,2,1,1,1
200700050126,0007-08-17 23:30:00,7,8,17,23,30,560,121,CHAZELLES ( COURS LOUIS,,,Nuit avec éclairage allumé,En agglomération,Hors intersection,Normale,Sans collision,,,,,,,,,,,5,2,1,1,7
200700050127,0007-08-18 05:25:00,7,8,18,5,25,560,121,SCORFF ( BD DU ),,,Crépuscule ou aube,En agglomération,Hors intersection,Normale,Sans collision,,,,,,,,,,,2,2,1,1,7
200700050128,0007-08-20 16:20:00,7,8,20,16,20,560,121,"115, CARNOT (RUE  LAZARE",,,Plein jour,En agglomération,Hors intersection,Normale,Deux véhicules - arrière,,,,,,,,,,,1,2,1,1,2
200700050129,0007-08-24 03:56:00,7,8,24,3,56,560,121,LECLERC ( BD GENERAL ),,,Nuit avec éclairage allumé,En agglomération,Hors intersection,Normale,Sans collision,,,,,,,,,,,5,2,1,1,7
200700050130,0007-08-27 12:50:00,7,8,27,12,50,560,83,"53, ALLENDE ( AV. PRES.",,,Plein jour,En agglomération,Hors intersection,Normale,Deux véhicules - arrière,,,,,,,,,,,1,2,1,1,2
200700050131,0007-08-27 22:18:00,7,8,27,22,18,560,107,ROUTE DEPARTEMENTALE 29,,,Nuit avec éclairage allumé,Hors agglomération,Intersection en X,Normale,Deux véhicules - frontale,,,,,,,,,,,5,1,2,1,1
200700050132,0007-08-29 17:03:00,7,8,29,17,3,560,121,COSMAO-DUMANOIR ( BD ),,,Plein jour,En agglomération,Hors intersection,Normale,Sans collision,,,,,,,,,,,1,2,1,1,7
200700050133,0007-08-29 19:37:00,7,8,29,19,37,560,83,JOFFRE (RUE  DU MARECHAL,,,Plein jour,En agglomération,Hors intersection,Normale,Autre collision,,,,,,,,,,,1,2,1,1,6
200700050134,0007-08-30 12:40:00,7,8,30,12,40,560,121,MULLER ( DU COLONEL JEAN,,,Plein jour,En agglomération,Hors intersection,Normale,Sans collision,,,,,,,,,,,1,2,1,1,7
200700050135,0007-08-30 22:07:00,7,8,30,22,7,560,83,POMPIDOU ( AVENUE GEORGE,,,Nuit avec éclairage allumé,En agglomération,Hors intersection,Normale,Sans collision,,,,,,,,,,,5,2,1,1,7
200700050136,0007-08-31 13:20:00,7,8,31,13,20,560,162,MOULIN DU TER,,,Plein jour,Hors agglomération,Hors intersection,Normale,Sans collision,,,,,,,,,,,1,1,1,1,7
200700050137,0007-08-02 10:55:00,7,8,2,10,55,560,260,"., KERLUHERNE(GIRATOIRE",,,Plein jour,Hors agglomération,Giratoire,Normale,Autre collision,,,,,,,,,,,1,1,6,1,6
200700050138,0007-08-09 19:35:00,7,8,9,19,35,560,260,ARCAL(GIRATOIRE D'),,,Plein jour,En agglomération,Giratoire,Normale,Deux véhicules - côté,,,,,,,,,,,1,2,6,1,3
200700050139,0007-08-13 18:20:00,7,8,13,18,20,560,260,"., BEAUPRE(GIRATOIRE DE)",,,Plein jour,En agglomération,Giratoire,Normale,Deux véhicules - frontale,,,,,,,,,,,1,2,6,1,1
200700050140,0007-08-16 12:30:00,7,8,16,12,30,560,260,"., KERVILER(AVENUE RENE",,,Plein jour,En agglomération,Hors intersection,Normale,Trois véhicules et plus - en chaîne,,,,,,,,,,,1,2,1,1,4
200700050141,0007-08-16 10:55:00,7,8,16,10,55,560,260,TREALVE(ROND POINT) ROUT,,,Plein jour,En agglomération,Giratoire,Normale,Deux véhicules - côté,,,,,,,,,,,1,2,6,1,3
200700050142,0007-08-25 19:00:00,7,8,25,19,0,560,260,"130, JUIN(AVENUE DU MARE",,,Plein jour,En agglomération,Hors intersection,Normale,Deux véhicules - arrière,,,,,,,,,,,1,2,1,1,2
200700050143,0007-08-29 12:20:00,7,8,29,12,20,560,260,"2, PORTE POTERNE(RUE)",,,Plein jour,En agglomération,Autre intersection,Normale,Autre collision,,,,,,,,,,,1,2,9,1,6
200700050144,0007-08-14 11:15:00,7,8,14,11,15,560,260,RN 165 -SENS NANTES / LO,,,Plein jour,En agglomération,Hors intersection,Pluie légère,Sans collision,,,,,,,,,,,1,2,1,2,7
200700050145,0007-08-04 11:00:00,7,8,4,11,0,560,260,RN 165 -SENS NANTES / LO,,,Plein jour,Hors agglomération,Autre intersection,Normale,Trois véhicules et plus - en chaîne,,,,,,,,,,,1,1,9,1,4
200700050146,0007-08-23 05:05:00,7,8,23,5,5,560,260,"29, PASTEUR(RUE)",,,Crépuscule ou aube,En agglomération,Autre intersection,Normale,Autre collision,,,,,,,,,,,2,2,9,1,6
200700050147,0007-08-31 18:45:00,7,8,31,18,45,560,260,"., RACKER(GIRATOIRE DU)",,,Plein jour,En agglomération,Giratoire,Normale,Sans collision,,,,,,,,,,,1,2,6,1,7
200700050148,0007-08-01 18:40:00,7,8,1,18,40,570,227,CD31E,,,Plein jour,En agglomération,Hors intersection,Normale,Deux véhicules - arrière,,,,,,,,,,,1,2,1,1,2
200700050149,0007-08-06 17:27:00,7,8,6,17,27,570,227,"15, CAPUCINES(LES)",,,Plein jour,En agglomération,Hors intersection,Normale,Autre collision,,,,,,,,,,,1,2,1,1,6
200700050150,0007-08-14 19:45:00,7,8,14,19,45,570,227,"55, BAUER (RUE)R.DE LA P",,,Plein jour,En agglomération,Hors intersection,Normale,Autre collision,,,,,,,,,,,1,2,1,1,6
200700050151,0007-08-21 12:15:00,7,8,21,12,15,570,660,"7, LIBERATION (AVENUE DE",,,Plein jour,En agglomération,Hors intersection,Normale,Deux véhicules - arrière,,,,,,,,,,,1,2,1,1,2
200700050152,0007-08-27 19:10:00,7,8,27,19,10,570,537,"103, GAULLE(RUE GAL DE)D",,,Plein jour,En agglomération,Hors intersection,Normale,Trois véhicules et plus - en chaîne,,,,,,,,,,,1,2,1,1,4
200700050153,0007-08-13 18:15:00,7,8,13,18,15,570,19,CD 47,,,Plein jour,En agglomération,Hors intersection,Normale,Autre collision,,,,,,,,,,,1,2,1,1,6
200700050154,0007-08-28 17:25:00,7,8,28,17,25,570,597,"1, GARE (RUE DE LA)",,,Plein jour,Hors agglomération,Hors intersection,Normale,Deux véhicules - frontale,,,,,,,,,,,1,1,1,1,1
200700050155,0007-08-06 09:00:00,7,8,6,9,0,570,491,"18, GRAMMONT (RUE)",,,Plein jour,En agglomération,Hors intersection,Normale,Autre collision,,,,,,,,,,,1,2,1,1,6
200700050156,0007-08-01 07:40:00,7,8,1,7,40,570,480,"00, CANAL (RUE DU )",,,Plein jour,En agglomération,Hors intersection,Normale,Deux véhicules - côté,,,,,,,,,,,1,2,1,1,3
200700050157,0007-08-02 16:45:00,7,8,2,16,45,570,463,"00, HILDEGARDE (PROMENAD",,,Plein jour,En agglomération,Hors intersection,Normale,Sans collision,,,,,,,,,,,1,2,1,1,7
200700050158,0007-08-02 17:15:00,7,8,2,17,15,570,463,"00, STRASBOURG (AVENUE D",,,Plein jour,En agglomération,Hors intersection,Normale,Deux véhicules - côté,,,,,,,,,,,1,2,1,1,3
200700050159,0007-08-04 13:40:00,7,8,4,13,40,570,463,"00, HAUTS PEUPLIERS (RUE",,,Plein jour,En agglomération,Intersection en X,Normale,Deux véhicules - côté,,,,,,,,,,,1,2,2,1,3
200700050160,0007-08-07 15:00:00,7,8,7,15,0,570,463,"00, ALLIES (RUE DES)",,,Plein jour,En agglomération,Hors intersection,Normale,Deux véhicules - arrière,,,,,,,,,,,1,2,1,1,2
200700050161,0007-08-11 21:45:00,7,8,11,21,45,570,412,"00, GENERAL DE GAULLE (R",,,Nuit avec éclairage allumé,En agglomération,Intersection en T,Normale,Deux véhicules - arrière,,,,,,,,,,,5,2,3,1,2
200700050162,0007-08-14 16:25:00,7,8,14,16,25,570,480,"197, PONT A MOUSSON (RUE",,,Plein jour,En agglomération,Hors intersection,Normale,Deux véhicules - arrière,,,,,,,,,,,1,2,1,1,2
200700050163,0007-08-17 07:35:00,7,8,17,7,35,570,751,"00, THIONVILLE (AVENUE )",,,Plein jour,Hors agglomération,Hors intersection,Normale,Autre collision,,,,,,,,,,,1,1,1,1,6
200700050164,0007-08-17 22:01:00,7,8,17,22,1,570,463,"05, THEODORE DE GARGAN (",,,Nuit avec éclairage allumé,Hors agglomération,Hors intersection,Normale,Deux véhicules - côté,,,,,,,,,,,5,1,1,1,3
200700050165,0007-08-19 12:45:00,7,8,19,12,45,570,487,"22, CONSTANTINE (RUE DE",,,Plein jour,En agglomération,Intersection en T,Normale,Autre collision,,,,,,,,,,,1,2,3,1,6
200700050166,0007-08-24 15:05:00,7,8,24,15,5,570,463,"00, EUROPE (BOULEVARD DE",,,Plein jour,En agglomération,Intersection en X,Normale,Deux véhicules - côté,,,,,,,,,,,1,2,2,1,3
200700050167,0007-08-29 14:20:00,7,8,29,14,20,570,487,"1, LIBERATION (AVENUE DE",,,Plein jour,En agglomération,Hors intersection,Normale,Deux véhicules - côté,,,,,,,,,,,1,2,1,1,3
200700050168,0007-08-29 18:20:00,7,8,29,18,20,570,447,"60, MAGNY (AVENUE DE)",,,Plein jour,En agglomération,Intersection en T,Normale,Deux véhicules - côté,,,,,,,,,,,1,2,3,1,3
200700050169,0007-08-10 18:00:00,7,8,10,18,0,570,631,"135, BITCHE (RUE DE) DU",,,Plein jour,En agglomération,Hors intersection,Normale,Deux véhicules - côté,,,,,,,,,,,1,2,1,1,3
200700050170,0007-08-22 22:06:00,7,8,22,22,6,570,631,IPPLING (RUE),,,Nuit sans éclairage public,Hors agglomération,Hors intersection,Normale,Deux véhicules - frontale,,,,,,,,,,,3,1,1,1,1
200700050171,0007-08-02 17:00:00,7,8,2,17,0,570,672,"0, BOURGOGNE (RUE DE)",,,Plein jour,En agglomération,Intersection en X,Normale,Deux véhicules - côté,,,,,,,,,,,1,2,2,1,3
200700050172,0007-08-04 14:15:00,7,8,4,14,15,570,672,ARLON (ROUTE D'),,,Plein jour,Hors agglomération,Hors intersection,Normale,Autre collision,,,,,,,,,,,1,1,1,1,6
200700050173,0007-08-05 19:00:00,7,8,5,19,0,570,441,LUXEMBOURG (ROUTE DE),,,Plein jour,En agglomération,Hors intersection,Normale,Sans collision,,,,,,,,,,,1,2,1,1,7
200700050174,0007-08-10 16:10:00,7,8,10,16,10,570,757,"240, ROOSEVELT (RUE DU P",,,Plein jour,En agglomération,Hors intersection,Normale,Deux véhicules - côté,,,,,,,,,,,1,2,1,1,3
200700050175,0007-08-10 14:45:00,7,8,10,14,45,570,672,ARLON (ROUTE D'),,,Plein jour,En agglomération,Giratoire,Normale,Deux véhicules - côté,,,,,,,,,,,1,2,6,1,3
200700050176,0007-08-09 18:30:00,7,8,9,18,30,570,221,CENTRALE (RUE DE LA),,,Plein jour,En agglomération,Hors intersection,Pluie légère,Autre collision,,,,,,,,,,,1,2,1,2,6
200700050177,0007-08-09 11:00:00,7,8,9,11,0,570,221,LONGWY (RUE DE),,,Plein jour,En agglomération,Intersection en X,Pluie forte,Deux véhicules - côté,,,,,,,,,,,1,2,2,3,3
200700050178,0007-08-13 19:00:00,7,8,13,19,0,570,666,"0, 14 JUILLET (AVENUE DU",,,Plein jour,En agglomération,Autre intersection,Normale,Deux véhicules - côté,,,,,,,,,,,1,2,9,1,3
200700050179,0007-08-15 16:05:00,7,8,15,16,5,570,12,CLEMENCEAU (RUE),,,Plein jour,En agglomération,Intersection en X,Normale,Trois véhicules et plus - collisions multiples,,,,,,,,,,,1,2,2,1,5
200700050180,0007-08-21 08:40:00,7,8,21,8,40,570,672,ETOILE (RUE DE L'),,,Plein jour,En agglomération,Intersection en X,Normale,Deux véhicules - côté,,,,,,,,,,,1,2,2,1,3
200700050181,0007-08-20 14:00:00,7,8,20,14,0,570,672,SAINT-MICHEL (MONTEE DU),,,Plein jour,Hors agglomération,Hors intersection,Pluie légère,Autre collision,,,,,,,,,,,1,1,1,2,6
200700050182,0007-08-19 17:05:00,7,8,19,17,5,570,672,"0, GUISE (AVENUE DE) - P",,,Plein jour,En agglomération,Intersection en X,Normale,Deux véhicules - côté,,,,,,,,,,,1,2,2,1,3
200700050183,0007-08-21 10:40:00,7,8,21,10,40,570,672,"0, PAIX (RUE DE LA)",,,Plein jour,En agglomération,Intersection en T,Normale,Deux véhicules - côté,,,,,,,,,,,1,2,3,1,3
200700050184,0007-08-17 23:43:00,7,8,17,23,43,570,306,CLEMENCEAU (RUE),,,Nuit avec éclairage allumé,En agglomération,Intersection en X,Normale,Deux véhicules - côté,,,,,,,,,,,5,2,2,1,3
200700050185,0007-08-23 07:30:00,7,8,23,7,30,570,221,"101, UCKANGE (RUE D')",,,Plein jour,Hors agglomération,Hors intersection,Normale,Deux véhicules - frontale,,,,,,,,,,,1,1,1,1,1
200700050186,0007-08-23 13:30:00,7,8,23,13,30,570,672,"22, SAINT-JEAN BAPTISTE",,,Plein jour,En agglomération,Hors intersection,Normale,Autre collision,,,,,,,,,,,1,2,1,1,6
200700050187,0007-08-24 15:00:00,7,8,24,15,0,570,672,"0, ROMAINS (ROUTE DES)",,,Plein jour,En agglomération,Giratoire,Normale,Autre collision,,,,,,,,,,,1,2,6,1,6
200700050188,0007-08-26 02:35:00,7,8,26,2,35,570,757,Nations (Avenue),,,Nuit avec éclairage allumé,En agglomération,Intersection en T,Normale,Deux véhicules - frontale,,,,,,,,,,,5,2,3,1,1
200700050189,0007-08-26 19:05:00,7,8,26,19,5,570,672,ARLON (ROUTE D'),,,Plein jour,En agglomération,Autre intersection,Normale,Sans collision,,,,,,,,,,,1,2,9,1,7
200700050190,0007-08-21 12:29:00,7,8,21,12,29,570,221,LORRAINE (AVENUE DE),,,Plein jour,En agglomération,Intersection en X,Pluie forte,Deux véhicules - côté,,,,,,,,,,,1,2,2,3,3
200700050191,0007-08-25 19:00:00,7,8,25,19,0,570,306,CLEMENCEAU (RUE),,,Plein jour,En agglomération,Intersection en X,Normale,Deux véhicules - côté,,,,,,,,,,,1,2,2,1,3
200700050192,0007-08-04 10:30:00,7,8,4,10,30,580,194,"24, REPUBLIQUE (BOULEVAR",,,Plein jour,En agglomération,Hors intersection,Normale,Deux véhicules - côté,,,,,,,,,,,1,2,1,1,3
200700050193,0007-08-10 16:00:00,7,8,10,16,0,580,194,"sans, FRANCIS GARNIER",,,Plein jour,En agglomération,Giratoire,Pluie légère,Deux véhicules - côté,,,,,,,,,,,1,2,6,2,3
200700050194,0007-08-10 16:20:00,7,8,10,16,20,580,194,"sans, HENRI BOUQUILLARD",,,Plein jour,En agglomération,Hors intersection,Pluie légère,Deux véhicules - arrière,,,,,,,,,,,1,2,1,2,2
200700050195,0007-08-15 20:50:00,7,8,15,20,50,580,194,"sans, MADEMOISELLE BOURG",,,Crépuscule ou aube,En agglomération,Intersection en X,Normale,Deux véhicules - côté,,,,,,,,,,,2,2,2,1,3
200700050196,0007-08-17 15:20:00,7,8,17,15,20,580,194,"137, MARZY",,,Plein jour,En agglomération,Hors intersection,Normale,Deux véhicules - arrière,,,,,,,,,,,1,2,1,1,2
200700050197,0007-08-19 19:00:00,7,8,19,19,0,580,194,"sans, RAOUL FOLLEREAU",,,Plein jour,En agglomération,Intersection en X,Normale,Deux véhicules - côté,,,,,,,,,,,1,2,2,1,3
200700050198,0007-08-22 14:25:00,7,8,22,14,25,580,194,"SANS, MARZY",,,Plein jour,En agglomération,Hors intersection,Pluie légère,Trois véhicules et plus - en chaîne,,,,,,,,,,,1,2,1,2,4
200700050199,0007-08-23 16:05:00,7,8,23,16,5,580,194,"16, ROTONDE",,,Plein jour,En agglomération,Hors intersection,Pluie légère,Autre collision,,,,,,,,,,,1,2,1,2,6
200700050200,0007-08-25 19:55:00,7,8,25,19,55,580,194,"15, FRANCOIS MITTERAND",,,Plein jour,En agglomération,Hors intersection,Normale,Sans collision,,,,,,,,,,,1,2,1,1,7