accident_id,datetime,annee,mois,jour,heure,minute,departement,commune_insee,adresse,latitude,longitude,luminosite,agglomeration,intersection,meteo,collision,nb_vehicules,nb_usagers,nb_indemnes,nb_tues,nb_blesses_hosp,nb_blesses_legers,age_cond_1,age_cond_2,veh_type_cond_1,veh_type_cond_2,lum_code,agg_code,int_code,atm_code,col_code
200700050336,0007-08-18 01:58:00,7,8,18,1,58,620,178,"686, BASLY ( EMILE )",,,Nuit avec éclairage allumé,En agglomération,Hors intersection,Normale,Autre collision,,,,,,,,,,,5,2,1,1,6
200700050337,0007-08-21 16:50:00,7,8,21,16,50,620,178,"1113, LIBERATION ( AVENU",,,Plein jour,En agglomération,Hors intersection,Normale,Autre collision,,,,,,,,,,,1,2,1,1,6
200700050338,0007-08-04 12:05:00,7,8,4,12,5,620,193,MASSENA,,,Plein jour,En agglomération,Intersection en X,Normale,Deux véhicules - côté,,,,,,,,,,,1,2,2,1,3
200700050339,0007-08-03 09:10:00,7,8,3,9,10,620,193,"77, SAINT EXUPERY (AVENU",,,Plein jour,En agglomération,Hors intersection,Normale,Trois véhicules et plus - en chaîne,,,,,,,,,,,1,2,1,1,4
200700050340,0007-08-07 19:35:00,7,8,7,19,35,620,193,MARTIN (RUE J.),,,Plein jour,En agglomération,Intersection en T,Normale,Deux véhicules - côté,,,,,,,,,,,1,2,3,1,3
200700050341,0007-08-07 18:30:00,7,8,7,18,30,620,193,ONZE NOVEMBRE (RUE DU),,,Plein jour,En agglomération,Intersection en X,Normale,Deux véhicules - côté,,,,,,,,,,,1,2,2,1,3
200700050342,0007-08-06 13:40:00,7,8,6,13,40,620,193,LAFAYETTE (BOULEVARD),,,Plein jour,En agglomération,Hors intersection,Normale,Autre collision,,,,,,,,,,,1,2,1,1,6
200700050343,0007-08-09 15:10:00,7,8,9,15,10,620,193,SAINT EXUPERY (AVENUE. 2,,,Plein jour,En agglomération,Hors intersection,Normale,Autre collision,,,,,,,,,,,1,2,1,1,6
200700050344,0007-08-12 19:25:00,7,8,12,19,25,620,193,ROGER SALENGRO (AVENUE),,,Plein jour,En agglomération,Hors intersection,Normale,Autre collision,,,,,,,,,,,1,2,1,1,6
200700050345,0007-08-14 17:30:00,7,8,14,17,30,620,239,KENT (BOULEVARD DU),,,Plein jour,En agglomération,Hors intersection,Normale,Deux véhicules - arrière,,,,,,,,,,,1,2,1,1,2
200700050346,0007-08-18 13:30:00,7,8,18,13,30,620,193,CASTRES (CHEMIN),,,Plein jour,En agglomération,Hors intersection,Normale,Autre collision,,,,,,,,,,,1,2,1,1,6
200700050347,0007-08-26 14:50:00,7,8,26,14,50,620,193,SAINT EXUPERY (AVENUE. 2,,,Plein jour,En agglomération,Intersection en X,Normale,Deux véhicules - côté,,,,,,,,,,,1,2,2,1,3
200700050348,0007-08-30 00:01:00,7,8,30,0,1,620,193,"51, GAMBETTA (BOULEVARD)",,,Nuit avec éclairage allumé,En agglomération,Hors intersection,Normale,Autre collision,,,,,,,,,,,5,2,1,1,6
200700050349,0007-08-05 20:50:00,7,8,5,20,50,620,215,"sans, COURRIERES (RTE DE",,,Plein jour,En agglomération,Intersection en T,Normale,Deux véhicules - côté,,,,,,,,,,,1,2,3,1,3
200700050350,0007-08-08 08:10:00,7,8,8,8,10,620,907,"20, DELATTRE (R FRANCOIS",,,Plein jour,En agglomération,Hors intersection,Temps couvert,Deux véhicules - côté,,,,,,,,,,,1,2,1,8,3
200700050351,0007-08-04 20:00:00,7,8,4,20,0,620,33,"sans, SAINT AME (R )",,,Plein jour,En agglomération,Intersection en X,Normale,Deux véhicules - côté,,,,,,,,,,,1,2,2,1,3
200700050352,0007-08-19 10:45:00,7,8,19,10,45,620,250,"29, SALENGRO (R ROGER)",,,Plein jour,En agglomération,Hors intersection,Normale,Autre collision,,,,,,,,,,,1,2,1,1,6
200700050353,0007-08-11 16:00:00,7,8,11,16,0,620,413,"12, VARSOVIE (R DE)",,,Plein jour,En agglomération,Hors intersection,Normale,Autre collision,,,,,,,,,,,1,2,1,1,6
200700050354,0007-08-09 16:00:00,7,8,9,16,0,620,587,"0, LIBERATION (R DE LA)",,,Plein jour,En agglomération,Hors intersection,Normale,Autre collision,,,,,,,,,,,1,2,1,1,6
200700050355,0007-08-28 06:30:00,7,8,28,6,30,620,427,"0, DIX MARS 1962 (BD DU)",,,Crépuscule ou aube,Hors agglomération,Hors intersection,Normale,Autre collision,,,,,,,,,,,2,1,1,1,6
200700050356,0007-08-15 18:40:00,7,8,15,18,40,620,427,"0, HARNES (R D')",,,Plein jour,En agglomération,Intersection en X,Pluie légère,Trois véhicules et plus - collisions multiples,,,,,,,,,,,1,2,2,2,5
200700050357,0007-08-11 11:50:00,7,8,11,11,50,620,624,"0, CROIX (CHE DES)",,,Plein jour,En agglomération,Giratoire,Normale,Deux véhicules - côté,,,,,,,,,,,1,2,6,1,3
200700050358,0007-08-20 20:25:00,7,8,20,20,25,620,624,"0, CROIX (CHE DES)",,,Crépuscule ou aube,En agglomération,Giratoire,Normale,Deux véhicules - côté,,,,,,,,,,,2,2,6,1,3
200700050359,0007-08-07 20:00:00,7,8,7,20,0,620,523,"sans, DEVOUGES (R GEORGE",,,Plein jour,En agglomération,Intersection en X,Normale,Deux véhicules - côté,,,,,,,,,,,1,2,2,1,3
200700050360,0007-08-01 16:05:00,7,8,1,16,5,620,628,"sans, DOUVRIN (R DE)",,,Plein jour,En agglomération,Intersection en X,Normale,Deux véhicules - côté,,,,,,,,,,,1,2,2,1,3
200700050361,0007-08-03 19:35:00,7,8,3,19,35,620,771,"29, VAILLANT (R EDOUARD)",,,Plein jour,En agglomération,Hors intersection,Normale,Sans collision,,,,,,,,,,,1,2,1,1,7
200700050362,0007-08-08 06:30:00,7,8,8,6,30,620,523,"sans, LILLE (RTE DE)",,,Crépuscule ou aube,En agglomération,Intersection en X,Normale,Deux véhicules - côté,,,,,,,,,,,2,2,2,1,3
200700050363,0007-08-14 15:45:00,7,8,14,15,45,620,498,"sans, BRIQUET (AV. RAOUL",,,Plein jour,Hors agglomération,Intersection à plus de 4 branches,Normale,Deux véhicules - côté,,,,,,,,,,,1,1,5,1,3
200700050364,0007-08-25 21:02:00,7,8,25,21,2,620,498,"sans, BRIQUET (AV. RAOUL",,,Plein jour,En agglomération,Intersection à plus de 4 branches,Normale,Deux véhicules - côté,,,,,,,,,,,1,2,5,1,3
200700050365,0007-08-26 02:25:00,7,8,26,2,25,620,523,"sans, LENS (R DE)",,,Nuit avec éclairage allumé,En agglomération,Intersection en X,Normale,Deux véhicules - côté,,,,,,,,,,,5,2,2,1,3
200700050366,0007-08-29 22:20:00,7,8,29,22,20,620,498,"sans, BETHUNE (RTE DE)",,,Nuit avec éclairage allumé,En agglomération,Intersection en T,Normale,Deux véhicules - côté,,,,,,,,,,,5,2,3,1,3
200700050367,0007-08-04 10:45:00,7,8,4,10,45,620,498,"39, BROSSOLETTE (R PIERR",,,Plein jour,En agglomération,Hors intersection,Normale,Autre collision,,,,,,,,,,,1,2,1,1,6
200700050368,0007-08-12 23:10:00,7,8,12,23,10,620,498,"63, QUATRE SEPTEMBRE (AV",,,Nuit avec éclairage allumé,En agglomération,Hors intersection,Normale,Autre collision,,,,,,,,,,,5,2,1,1,6
200700050369,0007-08-17 13:50:00,7,8,17,13,50,620,498,"97, BERT (R PAUL)",,,Plein jour,En agglomération,Hors intersection,Normale,Autre collision,,,,,,,,,,,1,2,1,1,6
200700050370,0007-08-18 09:35:00,7,8,18,9,35,620,523,"sans, LILLE (RTE DE)",,,Plein jour,En agglomération,Intersection en X,Normale,Deux véhicules - côté,,,,,,,,,,,1,2,2,1,3
200700050371,0007-08-25 16:05:00,7,8,25,16,5,620,498,"sans, MAES (AV. ALFRED )",,,Plein jour,En agglomération,Hors intersection,Normale,Autre collision,,,,,,,,,,,1,2,1,1,6
200700050372,0007-08-14 19:35:00,7,8,14,19,35,620,510,"., HUGO (R VICTOR)",,,Crépuscule ou aube,En agglomération,Hors intersection,Normale,Deux véhicules - côté,,,,,,,,,,,2,2,1,1,3
200700050373,0007-08-12 14:45:00,7,8,12,14,45,620,386,"., MARCHE (R DE LA)",,,Plein jour,En agglomération,Hors intersection,Normale,Autre collision,,,,,,,,,,,1,2,1,1,6
200700050374,0007-08-09 03:55:00,7,8,9,3,55,620,510,"., JACOB (R FRANCOIS)",,,Nuit avec éclairage allumé,En agglomération,Hors intersection,Normale,Autre collision,,,,,,,,,,,5,2,1,1,6
200700050375,0007-08-25 14:15:00,7,8,25,14,15,620,510,"., BULLY (R DE)",,,Plein jour,En agglomération,Autre intersection,Normale,Autre collision,,,,,,,,,,,1,2,9,1,6
200700050376,0007-08-25 02:10:00,7,8,25,2,10,620,197,GARE ( RUE DE LA ),,,Nuit sans éclairage public,En agglomération,Hors intersection,Temps couvert,Autre collision,,,,,,,,,,,3,2,1,8,6
200700050377,0007-08-08 01:40:00,7,8,8,1,40,620,737,"18, DE VIGNY (RUE ALFRED",,,Nuit avec éclairage allumé,En agglomération,Hors intersection,Normale,Autre collision,,,,,,,,,,,5,2,1,1,6
200700050378,0007-08-05 16:50:00,7,8,5,16,50,620,826,CANCHE (BOULEVARD DE LA),,,Plein jour,En agglomération,Hors intersection,Temps éblouissant,Autre collision,,,,,,,,,,,1,2,1,7,6
200700050379,0007-08-01 09:20:00,7,8,1,9,20,630,113,"., VIGENAUD (RUE DR)",,,Plein jour,En agglomération,Intersection en X,Normale,Deux véhicules - côté,,,,,,,,,,,1,2,2,1,3
200700050380,0007-08-01 10:45:00,7,8,1,10,45,630,113,"., SCHUMAN (BD ROBERT)",,,Plein jour,En agglomération,Hors intersection,Normale,Autre collision,,,,,,,,,,,1,2,1,1,6
200700050381,0007-08-01 12:10:00,7,8,1,12,10,630,113,"1, FLAUBERT (BD GUSTAVE)",,,Plein jour,En agglomération,Hors intersection,Normale,Deux véhicules - côté,,,,,,,,,,,1,2,1,1,3
200700050382,0007-08-01 20:25:00,7,8,1,20,25,630,113,"-, SAINT JEAN (BD)",,,Plein jour,En agglomération,Hors intersection,Normale,Autre collision,,,,,,,,,,,1,2,1,1,6
200700050383,0007-08-01 21:50:00,7,8,1,21,50,630,14,"-, LANDAIS (AVENUE DES)",,,Crépuscule ou aube,En agglomération,Hors intersection,Normale,Autre collision,,,,,,,,,,,2,2,1,1,6
200700050384,0007-08-01 23:45:00,7,8,1,23,45,630,113,"44, JAUDE PLACE DE)",,,Nuit avec éclairage allumé,En agglomération,Hors intersection,Normale,Autre collision,,,,,,,,,,,5,2,1,1,6
200700050385,0007-08-02 19:30:00,7,8,2,19,30,630,113,"-, CRISTAL (AVENUE ERNES",,,Plein jour,En agglomération,Hors intersection,Normale,Autre collision,,,,,,,,,,,1,2,1,1,6
200700050386,0007-08-04 19:05:00,7,8,4,19,5,630,113,"-, BRIAND (BD ARISTIDE)",,,Plein jour,En agglomération,Intersection en X,Normale,Autre collision,,,,,,,,,,,1,2,2,1,6
200700050387,0007-08-05 03:50:00,7,8,5,3,50,630,113,"1, COTE BLATIN (BD)",,,Nuit avec éclairage allumé,En agglomération,Intersection en X,Normale,Deux véhicules - côté,,,,,,,,,,,5,2,2,1,3
200700050388,0007-08-05 18:15:00,7,8,5,18,15,630,113,"-, PUY DE DOME (AVENUE D",,,Plein jour,En agglomération,Autre intersection,Normale,Deux véhicules - côté,,,,,,,,,,,1,2,9,1,3
200700050389,0007-08-06 13:50:00,7,8,6,13,50,630,308,"18, FRANCE (AVENUE ANATO",,,Plein jour,En agglomération,Hors intersection,Normale,Autre collision,,,,,,,,,,,1,2,1,1,6
200700050390,0007-08-07 21:30:00,7,8,7,21,30,630,113,"1, FLAUBERT (BD GUSTAVE)",,,Nuit avec éclairage allumé,En agglomération,Hors intersection,Normale,Deux véhicules - côté,,,,,,,,,,,5,2,1,1,3
200700050391,0007-08-08 14:45:00,7,8,8,14,45,630,113,"-, COTE BLATIN (BD)",,,Plein jour,En agglomération,Intersection en X,Normale,Deux véhicules - côté,,,,,,,,,,,1,2,2,1,3
200700050392,0007-08-08 22:25:00,7,8,8,22,25,630,113,"101 BIS, DORMOY (AVENUE",,,Nuit avec éclairage allumé,En agglomération,Hors intersection,Normale,Autre collision,,,,,,,,,,,5,2,1,1,6
200700050393,0007-08-12 15:20:00,7,8,12,15,20,630,113,"1, BEAULIEU (CHEMIN DE)",,,Plein jour,Hors agglomération,Hors intersection,Normale,Sans collision,,,,,,,,,,,1,1,1,1,7
200700050394,0007-08-13 01:30:00,7,8,13,1,30,630,113,"-, SAINT JEAN (BD)",,,Nuit avec éclairage allumé,En agglomération,Hors intersection,Normale,Autre collision,,,,,,,,,,,5,2,1,1,6
200700050395,0007-08-13 15:15:00,7,8,13,15,15,630,113,"-, SAINT JEAN (BD)",,,Plein jour,En agglomération,Hors intersection,Normale,Autre collision,,,,,,,,,,,1,2,1,1,6
200700050396,0007-08-16 17:50:00,7,8,16,17,50,630,113,"170, MERMOZ (AVENUE JEAN",,,Plein jour,En agglomération,Hors intersection,Normale,Autre collision,,,,,,,,,,,1,2,1,1,6
200700050397,0007-08-17 16:32:00,7,8,17,16,32,630,113,"-, RENON (RUE)",,,Plein jour,En agglomération,Hors intersection,Normale,Autre collision,,,,,,,,,,,1,2,1,1,6
200700050398,0007-08-18 01:50:00,7,8,18,1,50,630,32,"1, POURLIAT (ROND-POINT",,,Nuit avec éclairage allumé,Hors agglomération,Hors intersection,Normale,Sans collision,,,,,,,,,,,5,1,1,1,7
200700050399,0007-08-20 18:40:00,7,8,20,18,40,630,32,"-, ROMAGNAT (ROUTE DE)",,,Plein jour,En agglomération,Autre intersection,Normale,Deux véhicules - arrière,,,,,,,,,,,1,2,9,1,2
200700050400,0007-08-20 21:30:00,7,8,20,21,30,630,113,"46, JOUHAUX (BD LEON)",,,Nuit avec éclairage allumé,En agglomération,Hors intersection,Pluie légère,Autre collision,,,,,,,,,,,5,2,1,2,6
200700050401,0007-08-21 10:50:00,7,8,21,10,50,630,113,"1, POURCHON (BD MAURICE)",,,Plein jour,En agglomération,Hors intersection,Normale,Deux véhicules - côté,,,,,,,,,,,1,2,1,1,3
200700050402,0007-08-21 15:50:00,7,8,21,15,50,630,113,"1, SOLAYER (RUE DU)",,,Plein jour,En agglomération,Intersection en X,Pluie légère,Deux véhicules - côté,,,,,,,,,,,1,2,2,2,3
200700050403,0007-08-21 19:20:00,7,8,21,19,20,630,14,"-, ROUSSILLON (AVENUE DU",,,Plein jour,En agglomération,Hors intersection,Normale,Autre collision,,,,,,,,,,,1,2,1,1,6
200700050404,0007-08-22 08:50:00,7,8,22,8,50,630,113,"1, MEUNIERS (RUE DES)",,,Plein jour,En agglomération,Hors intersection,Normale,Deux véhicules - frontale,,,,,,,,,,,1,2,1,1,1
200700050405,0007-08-22 12:50:00,7,8,22,12,50,630,113,"-, POMPIDOU (BD GEORGES)",,,Plein jour,En agglomération,Hors intersection,Normale,Deux véhicules - côté,,,,,,,,,,,1,2,1,1,3
200700050406,0007-08-22 21:30:00,7,8,22,21,30,630,113,"-, SABLON (COURS)",,,Nuit avec éclairage allumé,En agglomération,Intersection en X,Normale,Autre collision,,,,,,,,,,,5,2,2,1,6
200700050407,0007-08-23 11:10:00,7,8,23,11,10,630,113,"1, PRESSENSE (RUE FRANCI",,,Plein jour,En agglomération,Intersection en X,Normale,Deux véhicules - côté,,,,,,,,,,,1,2,2,1,3
200700050408,0007-08-25 05:10:00,7,8,25,5,10,630,113,"-, CARNOT (AVENUE)",,,Nuit avec éclairage allumé,En agglomération,Hors intersection,Normale,Trois véhicules et plus - en chaîne,,,,,,,,,,,5,2,1,1,4
200700050409,0007-08-25 18:40:00,7,8,25,18,40,630,113,"-, BERTHELOT (BOULEVARD)",,,Plein jour,En agglomération,Intersection en X,Normale,Autre collision,,,,,,,,,,,1,2,2,1,6
200700050410,0007-08-25 20:30:00,7,8,25,20,30,630,113,"103, PUY DE DOME (AVENUE",,,Plein jour,En agglomération,Hors intersection,Normale,Deux véhicules - côté,,,,,,,,,,,1,2,1,1,3
200700050411,0007-08-27 05:35:00,7,8,27,5,35,630,113,"-, BLERIOT (AVENUE LOUIS",,,Nuit avec éclairage allumé,En agglomération,Giratoire,Normale,Deux véhicules - côté,,,,,,,,,,,5,2,6,1,3
200700050412,0007-08-27 14:20:00,7,8,27,14,20,630,113,"61, MONTLOSIER (RUE)",,,Plein jour,En agglomération,Hors intersection,Normale,Autre collision,,,,,,,,,,,1,2,1,1,6
200700050413,0007-08-27 17:50:00,7,8,27,17,50,630,113,"70, PUY DE DOME (AVENUE",,,Plein jour,En agglomération,Hors intersection,Normale,Autre collision,,,,,,,,,,,1,2,1,1,6
200700050414,0007-08-28 13:20:00,7,8,28,13,20,630,113,"18, LAGARLAYE (RUE DE)",,,Plein jour,En agglomération,Hors intersection,Normale,Autre collision,,,,,,,,,,,1,2,1,1,6
200700050415,0007-08-28 15:15:00,7,8,28,15,15,630,113,"-, AUGER (RUE)",,,Plein jour,En agglomération,Hors intersection,Normale,Autre collision,,,,,,,,,,,1,2,1,1,6
200700050416,0007-08-29 08:30:00,7,8,29,8,30,630,14,"., COURNON (AVENUE DE)",,,Plein jour,En agglomération,Hors intersection,Normale,Deux véhicules - arrière,,,,,,,,,,,1,2,1,1,2
200700050417,0007-08-29 10:00:00,7,8,29,10,0,630,113,"-, FRANCE (RUE ANATOLE)",,,Plein jour,En agglomération,Intersection en X,Temps couvert,Deux véhicules - côté,,,,,,,,,,,1,2,2,8,3
200700050418,0007-08-29 07:35:00,7,8,29,7,35,630,113,"1, FOREST (AVENUE FERNAN",,,Crépuscule ou aube,En agglomération,Hors intersection,Temps couvert,Deux véhicules - arrière,,,,,,,,,,,2,2,1,8,2
200700050419,0007-08-31 15:10:00,7,8,31,15,10,630,113,"1, BERTHELOT (BOULEVARD)",,,Plein jour,En agglomération,Hors intersection,Normale,Deux véhicules - côté,,,,,,,,,,,1,2,1,1,3
200700050420,0007-08-07 22:25:00,7,8,7,22,25,630,193,"1, RD 766",,,Nuit avec éclairage allumé,En agglomération,Intersection en X,Normale,Autre collision,,,,,,,,,,,5,2,2,1,6
200700050421,0007-08-16 16:25:00,7,8,16,16,25,630,193,ROCHELLE (RUE DE LA),,,Plein jour,En agglomération,Hors intersection,Normale,Deux véhicules - côté,,,,,,,,,,,1,2,1,1,3
200700050422,0007-08-11 01:25:00,7,8,11,1,25,630,164,"1, MITTERRAND ( Avenue F",,,Nuit avec éclairage non allumé,En agglomération,Hors intersection,Temps couvert,Deux véhicules - frontale,,,,,,,,,,,4,2,1,8,1
200700050423,0007-08-03 18:15:00,7,8,3,18,15,630,164,"58, AUVERGNE (AVENUE D')",,,Plein jour,Hors agglomération,Giratoire,Normale,Deux véhicules - côté,,,,,,,,,,,1,1,6,1,3
200700050424,0007-08-24 00:30:00,7,8,24,0,30,630,164,Malintrat ( route de ),,,Nuit sans éclairage public,Hors agglomération,Hors intersection,Normale,Autre collision,,,,,,,,,,,3,1,1,1,6
200700050425,0007-08-31 14:15:00,7,8,31,14,15,630,245,ROCADE RD 446,,,Plein jour,Hors agglomération,Intersection en X,Normale,Autre collision,,,,,,,,,,,1,1,2,1,6
200700050426,0007-08-01 12:05:00,7,8,1,12,5,640,102,"2, PINEDE (CHEMIN)",,,Plein jour,En agglomération,Hors intersection,Normale,Autre collision,,,,,,,,,,,1,2,1,1,6
200700050427,0007-08-05 10:40:00,7,8,5,10,40,640,24,"., BAYONNE (AVENUE DE)",,,Plein jour,En agglomération,Giratoire,Normale,Deux véhicules - côté,,,,,,,,,,,1,2,6,1,3
200700050428,0007-08-06 18:25:00,7,8,6,18,25,640,24,"., BAB (BOULEVARD DU)",,,Plein jour,En agglomération,Hors intersection,Pluie légère,Sans collision,,,,,,,,,,,1,2,1,2,7
200700050429,0007-08-07 11:25:00,7,8,7,11,25,640,102,", SOULT (AVENUE MARECHAL",,,Plein jour,En agglomération,Hors intersection,Normale,Deux véhicules - côté,,,,,,,,,,,1,2,1,1,3
200700050430,0007-08-07 17:25:00,7,8,7,17,25,640,24,"., SAINT PEE (ROUTE DE)",,,Plein jour,En agglomération,Hors intersection,Normale,Trois véhicules et plus - collisions multiples,,,,,,,,,,,1,2,1,1,5
200700050431,0007-08-14 14:40:00,7,8,14,14,40,640,102,"., BOUFFLERS (ALLEES)",,,Plein jour,En agglomération,Intersection en T,Normale,Deux véhicules - côté,,,,,,,,,,,1,2,3,1,3
200700050432,0007-08-22 14:45:00,7,8,22,14,45,640,102,"., MARINES (AVENUE DES A",,,Plein jour,En agglomération,Hors intersection,Normale,Autre collision,,,,,,,,,,,1,2,1,1,6
200700050433,0007-08-23 03:30:00,7,8,23,3,30,640,102,GRENET (AVENUE HENRI),,,Nuit avec éclairage allumé,En agglomération,Hors intersection,Pluie forte,Autre collision,,,,,,,,,,,5,2,1,3,6
200700050434,0007-08-26 13:35:00,7,8,26,13,35,640,24,"., PLAGES (BOULEVARD DES",,,Plein jour,En agglomération,Hors intersection,Normale,Deux véhicules - côté,,,,,,,,,,,1,2,1,1,3
200700050435,0007-08-26 18:10:00,7,8,26,18,10,640,102,SAINT LEON (ROND POINT),,,Plein jour,En agglomération,Giratoire,Normale,Deux véhicules - côté,,,,,,,,,,,1,2,6,1,3
200700050436,0007-08-27 13:50:00,7,8,27,13,50,640,24,"23, BAB (BOULEVARD DU)",,,Plein jour,En agglomération,Hors intersection,Normale,Deux véhicules - arrière,,,,,,,,,,,1,2,1,1,2
200700050437,0007-08-24 11:22:00,7,8,24,11,22,640,122,"7, LUIS MARIANO (AVENUE-",,,Plein jour,Hors agglomération,Hors intersection,Normale,Deux véhicules - arrière,,,,,,,,,,,1,1,1,1,2
200700050438,0007-08-11 16:10:00,7,8,11,16,10,640,125,CHAPELLE (RUE DE LA ),,,Plein jour,En agglomération,Autre intersection,Normale,Deux véhicules - côté,,,,,,,,,,,1,2,9,1,3
200700050439,0007-08-13 14:00:00,7,8,13,14,0,640,122,"132, ""KENNEDY (AVENUE DU",,,Plein jour,En agglomération,Hors intersection,Normale,Deux véhicules - côté,,,,,,,,,,,1,2,1,1,3
200700050440,0007-08-01 12:45:00,7,8,1,12,45,640,445,DIDIER DAURAT,,,Plein jour,En agglomération,Hors intersection,Normale,Trois véhicules et plus - collisions multiples,,,,,,,,,,,1,2,1,1,5
200700050441,0007-08-02 12:40:00,7,8,2,12,40,640,445,"20, JEAN BAPTISTE CARREA",,,Plein jour,En agglomération,Intersection en T,Normale,Autre collision,,,,,,,,,,,1,2,3,1,6
200700050442,0007-08-06 15:45:00,7,8,6,15,45,640,445,"40, LYAUTEY",,,Plein jour,En agglomération,Intersection en T,Normale,Deux véhicules - arrière,,,,,,,,,,,1,2,3,1,2
200700050443,0007-08-06 13:45:00,7,8,6,13,45,640,284,"5, HENRI 4",,,Plein jour,En agglomération,Autre intersection,Normale,Trois véhicules et plus - collisions multiples,,,,,,,,,,,1,2,9,1,5
200700050444,0007-08-07 11:10:00,7,8,7,11,10,640,237,"1, LOUIS BARTHOU",,,Plein jour,En agglomération,Intersection en T,Normale,Deux véhicules - côté,,,,,,,,,,,1,2,3,1,3
200700050445,0007-08-09 01:05:00,7,8,9,1,5,640,445,UNIVERSITE DE L',,,Nuit avec éclairage allumé,En agglomération,Hors intersection,Normale,Sans collision,,,,,,,,,,,5,2,1,1,7
200700050446,0007-08-10 11:35:00,7,8,10,11,35,640,445,OLOF PALME,,,Plein jour,En agglomération,Hors intersection,Normale,Deux véhicules - arrière,,,,,,,,,,,1,2,1,1,2
200700050447,0007-08-12 20:10:00,7,8,12,20,10,640,445,"138, PAIX",,,Plein jour,En agglomération,Hors intersection,Normale,Deux véhicules - arrière,,,,,,,,,,,1,2,1,1,2
200700050448,0007-08-13 15:35:00,7,8,13,15,35,640,348,CHARLES DE GAULLE,,,Plein jour,En agglomération,Hors intersection,Normale,Deux véhicules - côté,,,,,,,,,,,1,2,1,1,3
200700050449,0007-08-14 11:40:00,7,8,14,11,40,640,445,"1, GRAMONT",,,Plein jour,En agglomération,Hors intersection,Normale,Deux véhicules - arrière,,,,,,,,,,,1,2,1,1,2
200700050450,0007-08-14 14:50:00,7,8,14,14,50,640,335,"1, VERT GALANT DU",,,Plein jour,En agglomération,Hors intersection,Normale,Deux véhicules - côté,,,,,,,,,,,1,2,1,1,3
200700050451,0007-08-15 17:25:00,7,8,15,17,25,640,445,"11, DUFAU",,,Plein jour,En agglomération,Intersection en T,Normale,Deux véhicules - frontale,,,,,,,,,,,1,2,3,1,1
200700050452,0007-08-16 18:30:00,7,8,16,18,30,640,445,"1, ALSACE LORRAINE D'",,,Plein jour,En agglomération,Hors intersection,Normale,Deux véhicules - arrière,,,,,,,,,,,1,2,1,1,2
200700050453,0007-08-17 13:00:00,7,8,17,13,0,640,445,"4, ALFRED NOBEL",,,Plein jour,En agglomération,Hors intersection,Temps éblouissant,Deux véhicules - côté,,,,,,,,,,,1,2,1,7,3
200700050454,0007-08-18 14:35:00,7,8,18,14,35,640,348,"110bis, CHARLES DE GAULL",,,Plein jour,En agglomération,Hors intersection,Normale,Deux véhicules - côté,,,,,,,,,,,1,2,1,1,3
200700050455,0007-08-18 18:55:00,7,8,18,18,55,640,445,"17, ORLEANS D'",,,Plein jour,En agglomération,Hors intersection,Normale,Deux véhicules - frontale,,,,,,,,,,,1,2,1,1,1
200700050456,0007-08-20 20:30:00,7,8,20,20,30,640,445,"1, PERE PARDIES DU",,,Plein jour,En agglomération,Intersection en T,Normale,Deux véhicules - côté,,,,,,,,,,,1,2,3,1,3
200700050457,0007-08-23 13:25:00,7,8,23,13,25,640,129,"18, LONS DE",,,Plein jour,En agglomération,Hors intersection,Normale,Autre collision,,,,,,,,,,,1,2,1,1,6
200700050458,0007-08-25 16:15:00,7,8,25,16,15,640,284,"1, CORPS FRANC POMMIES",,,Plein jour,Hors agglomération,Hors intersection,Normale,Deux véhicules - côté,,,,,,,,,,,1,1,1,1,3
200700050459,0007-08-28 12:30:00,7,8,28,12,30,640,445,"1, PYRENEES DES",,,Plein jour,En agglomération,Hors intersection,Normale,Deux véhicules - côté,,,,,,,,,,,1,2,1,1,3
200700050460,0007-08-30 23:05:00,7,8,30,23,5,640,445,"1, PRESIDENT KENNEDY DU",,,Nuit avec éclairage allumé,En agglomération,Hors intersection,Normale,Deux véhicules - arrière,,,,,,,,,,,5,2,1,1,2
200700050461,0007-08-02 12:25:00,7,8,2,12,25,640,260,"1, RESERVOIRS (RUE DES)",,,Plein jour,En agglomération,Giratoire,Normale,Sans collision,,,,,,,,,,,1,2,6,1,7
200700050462,0007-08-10 15:50:00,7,8,10,15,50,640,545,NATIONALE 10,,,Plein jour,Hors agglomération,Intersection en T,Normale,Deux véhicules - côté,,,,,,,,,,,1,1,3,1,3
200700050463,0007-08-14 09:10:00,7,8,14,9,10,640,260,RN 111,,,Plein jour,Hors agglomération,Hors intersection,Normale,Deux véhicules - arrière,,,,,,,,,,,1,1,1,1,2
200700050464,0007-08-18 09:10:00,7,8,18,9,10,640,260,"1, INDUSTRIE (RUE DE L')",,,Plein jour,Hors agglomération,Hors intersection,Normale,Sans collision,,,,,,,,,,,1,1,1,1,7
200700050465,0007-08-02 09:35:00,7,8,2,9,35,640,545,RN10,,,Plein jour,En agglomération,Hors intersection,Normale,Autre collision,,,,,,,,,,,1,2,1,1,6
200700050466,0007-08-08 15:40:00,7,8,8,15,40,640,483,"1, LOUIS XIV (PLACE)",,,Plein jour,En agglomération,Hors intersection,Normale,Autre collision,,,,,,,,,,,1,2,1,1,6
200700050467,0007-08-13 14:30:00,7,8,13,14,30,640,189,BENOIT PIERRE (BOULEVARD,,,Plein jour,En agglomération,Hors intersection,Normale,Autre collision,,,,,,,,,,,1,2,1,1,6
200700050468,0007-08-17 18:15:00,7,8,17,18,15,640,483,RN10,,,Plein jour,En agglomération,Hors intersection,Normale,Deux véhicules - frontale,,,,,,,,,,,1,2,1,1,1