accident_id,datetime,annee,mois,jour,heure,minute,departement,commune_insee,adresse,latitude,longitude,luminosite,agglomeration,intersection,meteo,collision,nb_vehicules,nb_usagers,nb_indemnes,nb_tues,nb_blesses_hosp,nb_blesses_legers,age_cond_1,age_cond_2,veh_type_cond_1,veh_type_cond_2,lum_code,agg_code,int_code,atm_code,col_code
200700050469,0007-08-17 18:25:00,7,8,17,18,25,640,483,RN10,,,Plein jour,En agglomération,Hors intersection,Normale,Deux véhicules - côté,,,,,,,,,,,1,2,1,1,3
200700050470,0007-08-21 19:20:00,7,8,21,19,20,640,545,RN10,,,Crépuscule ou aube,En agglomération,Hors intersection,Pluie forte,Deux véhicules - arrière,,,,,,,,,,,2,2,1,3,2
200700050471,0007-08-22 21:40:00,7,8,22,21,40,640,483,"35, HUGO VICTOR (BOULEVA",,,Nuit avec éclairage allumé,En agglomération,Hors intersection,Pluie forte,Deux véhicules - côté,,,,,,,,,,,5,2,1,3,3
200700050472,0007-08-23 20:10:00,7,8,23,20,10,640,249,GETARIA(AVENUE),,,Crépuscule ou aube,En agglomération,Hors intersection,Pluie forte,Deux véhicules - frontale,,,,,,,,,,,2,2,1,3,1
200700050473,0007-08-28 22:05:00,7,8,28,22,5,640,189,"2, PALOMBES (RUE DES)",,,Nuit avec éclairage allumé,En agglomération,Hors intersection,Pluie légère,Sans collision,,,,,,,,,,,5,2,1,2,7
200700050474,0007-08-02 05:35:00,7,8,2,5,35,640,483,"2, OCEAN (AVENUE DE L')",,,Nuit avec éclairage allumé,En agglomération,Hors intersection,Normale,Autre collision,,,,,,,,,,,5,2,1,1,6
200700050475,0007-08-02 16:25:00,7,8,2,16,25,640,545,RN10,,,Plein jour,Hors agglomération,Hors intersection,Normale,Autre collision,,,,,,,,,,,1,1,1,1,6
200700050476,0007-08-09 10:10:00,7,8,9,10,10,640,483,RN10,,,Plein jour,Hors agglomération,Hors intersection,Normale,Autre collision,,,,,,,,,,,1,1,1,1,6
200700050477,0007-08-14 18:55:00,7,8,14,18,55,640,189,JAURES JEAN  (AVENUE),,,Plein jour,En agglomération,Hors intersection,Pluie légère,Deux véhicules - côté,,,,,,,,,,,1,2,1,2,3
200700050478,0007-08-21 14:38:00,7,8,21,14,38,640,260,"10, SOPITE (CHEMIN DE)",,,Plein jour,Hors agglomération,Hors intersection,Normale,Deux véhicules - côté,,,,,,,,,,,1,1,1,1,3
200700050479,0007-08-24 16:00:00,7,8,24,16,0,640,483,RN10,,,Plein jour,Hors agglomération,Hors intersection,Normale,Deux véhicules - côté,,,,,,,,,,,1,1,1,1,3
200700050480,0007-08-24 09:28:00,7,8,24,9,28,640,545,NATIONALE 10,,,Plein jour,Hors agglomération,Hors intersection,Normale,Trois véhicules et plus - en chaîne,,,,,,,,,,,1,1,1,1,4
200700050481,0007-08-24 15:18:00,7,8,24,15,18,640,260,"10, TESTAVIN DOMINIQUE (",,,Plein jour,En agglomération,Hors intersection,Normale,Autre collision,,,,,,,,,,,1,2,1,1,6
200700050482,0007-08-28 17:00:00,7,8,28,17,0,640,483,RN10,,,Plein jour,En agglomération,Hors intersection,Normale,Deux véhicules - arrière,,,,,,,,,,,1,2,1,1,2
200700050483,0007-08-27 11:03:00,7,8,27,11,3,640,260,GAULLE CHARLES (RUE DE),,,Plein jour,En agglomération,Giratoire,Normale,Deux véhicules - côté,,,,,,,,,,,1,2,6,1,3
200700050484,0007-08-21 18:55:00,7,8,21,18,55,650,286,"1, ROMAIN (BOULEVARD DU",,,Plein jour,En agglomération,Intersection en T,Pluie légère,Trois véhicules et plus - en chaîne,,,,,,,,,,,1,2,3,2,4
200700050485,0007-08-28 17:55:00,7,8,28,17,55,650,286,"2, BASSE (RUE)",,,Plein jour,En agglomération,Hors intersection,Normale,Autre collision,,,,,,,,,,,1,2,1,1,6
200700050486,0007-08-03 16:00:00,7,8,3,16,0,650,440,"., CRONSTADT (RUE DE)",,,Plein jour,En agglomération,Giratoire,Normale,Deux véhicules - côté,,,,,,,,,,,1,2,6,1,3
200700050487,0007-08-05 20:08:00,7,8,5,20,8,650,440,"., SAINT-JEAN (RUE)",,,Plein jour,En agglomération,Intersection en X,Normale,Deux véhicules - arrière,,,,,,,,,,,1,2,2,1,2
200700050488,0007-08-06 13:25:00,7,8,6,13,25,650,440,LOURDES (ROND-POINT ROUT,,,Plein jour,En agglomération,Giratoire,Pluie légère,Deux véhicules - arrière,,,,,,,,,,,1,2,6,2,2
200700050489,0007-08-06 16:20:00,7,8,6,16,20,650,440,"., DUCLOS (RUE JACQUES)",,,Plein jour,En agglomération,Hors intersection,Pluie légère,Deux véhicules - frontale,,,,,,,,,,,1,2,1,2,1
200700050490,0007-08-06 21:45:00,7,8,6,21,45,650,440,"., PAUL (BOULEVARD JEAN",,,Nuit avec éclairage allumé,En agglomération,Hors intersection,Pluie légère,Autre collision,,,,,,,,,,,5,2,1,2,6
200700050491,0007-08-09 20:17:00,7,8,9,20,17,650,440,"146, REGIMENT DE BIGORRE",,,Plein jour,En agglomération,Hors intersection,Normale,Deux véhicules - côté,,,,,,,,,,,1,2,1,1,3
200700050492,0007-08-13 09:45:00,7,8,13,9,45,650,440,"., JOFFRE (AVENUE DU MAR",,,Plein jour,En agglomération,Intersection en T,Normale,Deux véhicules - côté,,,,,,,,,,,1,2,3,1,3
200700050493,0007-08-20 16:40:00,7,8,20,16,40,650,226,"., CENTRE COMMERCIAL DU",,,Plein jour,Hors agglomération,Hors intersection,Normale,Deux véhicules - arrière,,,,,,,,,,,1,1,1,1,2
200700050494,0007-08-20 21:10:00,7,8,20,21,10,650,440,HOPITAL (ROND POINT DE L,,,Nuit avec éclairage allumé,En agglomération,Giratoire,Pluie légère,Sans collision,,,,,,,,,,,5,2,6,2,7
200700050495,0007-08-23 15:15:00,7,8,23,15,15,650,440,"1 bis, FOIRAIL (RUE DU)",,,Plein jour,En agglomération,Hors intersection,Normale,Deux véhicules - côté,,,,,,,,,,,1,2,1,1,3
200700050496,0007-08-23 15:50:00,7,8,23,15,50,650,226,"30, PAU (ROUTE DE)",,,Plein jour,En agglomération,Hors intersection,Normale,Deux véhicules - côté,,,,,,,,,,,1,2,1,1,3
200700050497,0007-08-27 16:03:00,7,8,27,16,3,650,440,"., BRIAND (AVENUE ARISTI",,,Plein jour,En agglomération,Intersection en X,Normale,Deux véhicules - côté,,,,,,,,,,,1,2,2,1,3
200700050498,0007-08-07 05:28:00,7,8,7,5,28,660,136,"19, MERMOZ (AVENUE JEAN)",,,Nuit avec éclairage allumé,En agglomération,Intersection en X,Normale,Deux véhicules - côté,,,,,,,,,,,5,2,2,1,3
200700050499,0007-08-08 21:18:00,7,8,8,21,18,660,136,PENETRANTE NORD,,,Crépuscule ou aube,Hors agglomération,Hors intersection,Normale,Trois véhicules et plus - en chaîne,,,,,,,,,,,2,1,1,1,4
200700050500,0007-08-14 15:45:00,7,8,14,15,45,660,136,Départementale  617,,,Plein jour,Hors agglomération,Hors intersection,Normale,Deux véhicules - arrière,,,,,,,,,,,1,1,1,1,2
200700050501,0007-08-15 15:45:00,7,8,15,15,45,660,136,"141 bis, JOFFRE (AVENUE",,,Plein jour,En agglomération,Hors intersection,Normale,Deux véhicules - frontale,,,,,,,,,,,1,2,1,1,1
200700050502,0007-08-14 10:05:00,7,8,14,10,5,660,136,"42, JOFFRE (AVENUE DU MA",,,Plein jour,En agglomération,Hors intersection,Normale,Autre collision,,,,,,,,,,,1,2,1,1,6
200700050503,0007-08-29 17:10:00,7,8,29,17,10,660,136,ESPAGNE (ROUTE D'),,,Plein jour,En agglomération,Hors intersection,Normale,Deux véhicules - arrière,,,,,,,,,,,1,2,1,1,2
200700050504,0007-08-21 10:10:00,7,8,21,10,10,660,136,FUSAINS (DES),,,Plein jour,En agglomération,Intersection en X,Normale,Deux véhicules - côté,,,,,,,,,,,1,2,2,1,3
200700050505,0007-08-22 15:40:00,7,8,22,15,40,660,136,D 616,,,Plein jour,Hors agglomération,Hors intersection,Normale,Deux véhicules - côté,,,,,,,,,,,1,1,1,1,3
200700050506,0007-08-02 08:30:00,7,8,2,8,30,660,136,DEPARTEMENTALE  612  A,,,Plein jour,Hors agglomération,Hors intersection,Normale,Deux véhicules - côté,,,,,,,,,,,1,1,1,1,3
200700050507,0007-08-25 14:45:00,7,8,25,14,45,660,136,LASSUS (COURS MARIE-LOUI,,,Plein jour,En agglomération,Intersection en X,Normale,Deux véhicules - côté,,,,,,,,,,,1,2,2,1,3
200700050508,0007-08-30 17:52:00,7,8,30,17,52,660,136,"39, AERODROME AVENUE DE",,,Plein jour,En agglomération,Hors intersection,Normale,Autre collision,,,,,,,,,,,1,2,1,1,6
200700050509,0007-08-27 17:43:00,7,8,27,17,43,660,136,"22, DESNOYE (BOULEVARD D",,,Plein jour,En agglomération,Hors intersection,Normale,Autre collision,,,,,,,,,,,1,2,1,1,6
200700050510,0007-08-30 17:10:00,7,8,30,17,10,670,180,BITCHE (ROUTE DE),,,Plein jour,Hors agglomération,Hors intersection,Normale,Sans collision,,,,,,,,,,,1,1,1,1,7
200700050511,0007-08-01 08:15:00,7,8,1,8,15,670,482,ELISABETH (RUE SAINTE),,,Plein jour,En agglomération,Intersection en T,Normale,Autre collision,,,,,,,,,,,1,2,3,1,6
200700050512,0007-08-01 15:10:00,7,8,1,15,10,670,218,ALSACE (RUE D ),,,Plein jour,En agglomération,Intersection en T,Normale,Autre collision,,,,,,,,,,,1,2,3,1,6
200700050513,0007-08-02 16:15:00,7,8,2,16,15,670,447,"0, ROMANSWILLER (RUE DE)",,,Plein jour,En agglomération,Intersection en T,Normale,Autre collision,,,,,,,,,,,1,2,3,1,6
200700050514,0007-08-03 10:35:00,7,8,3,10,35,670,482,"00, CASTELNAU (RUE DU GE",,,Plein jour,En agglomération,Hors intersection,Pluie légère,Deux véhicules - côté,,,,,,,,,,,1,2,1,2,3
200700050515,0007-08-03 15:00:00,7,8,3,15,0,670,482,GENERAL KOENIG (QUAI DU),,,Plein jour,En agglomération,Intersection en X,Normale,Deux véhicules - côté,,,,,,,,,,,1,2,2,1,3
200700050516,0007-08-03 23:30:00,7,8,3,23,30,670,447,"0, GENERAL DE GAULLE (RO",,,Nuit avec éclairage allumé,En agglomération,Hors intersection,Normale,Deux véhicules - côté,,,,,,,,,,,5,2,1,1,3
200700050517,0007-08-04 21:55:00,7,8,4,21,55,670,482,"37, ZURICH (RUE DE)",,,Nuit avec éclairage non allumé,En agglomération,Hors intersection,Normale,Sans collision,,,,,,,,,,,4,2,1,1,7
200700050518,0007-08-06 14:55:00,7,8,6,14,55,670,482,RHIN TORTU (RUE DU),,,Plein jour,En agglomération,Hors intersection,Normale,Sans collision,,,,,,,,,,,1,2,1,1,7
200700050519,0007-08-07 14:30:00,7,8,7,14,30,670,482,"0, GENERAL DE GAULLE (AV",,,Plein jour,En agglomération,Intersection en T,Pluie légère,Deux véhicules - côté,,,,,,,,,,,1,2,3,2,3
200700050520,0007-08-07 20:10:00,7,8,7,20,10,670,482,"0, FUSTEL DE COULANGES (",,,Plein jour,En agglomération,Intersection en X,Normale,Deux véhicules - côté,,,,,,,,,,,1,2,2,1,3
200700050521,0007-08-09 16:30:00,7,8,9,16,30,670,482,"221, COLMAR (AVENUE DE)",,,Plein jour,Hors agglomération,Hors intersection,Normale,Autre collision,,,,,,,,,,,1,1,1,1,6
200700050522,0007-08-10 08:45:00,7,8,10,8,45,670,482,MOLL (RUE),,,Plein jour,En agglomération,Intersection en X,Normale,Autre collision,,,,,,,,,,,1,2,2,1,6
200700050523,0007-08-10 17:53:00,7,8,10,17,53,670,482,"28, KAGENECK (RUE)",,,Crépuscule ou aube,En agglomération,Hors intersection,Normale,Autre collision,,,,,,,,,,,2,2,1,1,6
200700050524,0007-08-12 18:00:00,7,8,12,18,0,670,482,"0, JACOUTOT (QUAI)",,,Plein jour,En agglomération,Hors intersection,Normale,Autre collision,,,,,,,,,,,1,2,1,1,6
200700050525,0007-08-12 20:19:00,7,8,12,20,19,670,218,"39, ANDRE MALRAUX (AVENU",,,Plein jour,En agglomération,Hors intersection,Normale,Autre collision,,,,,,,,,,,1,2,1,1,6
200700050526,0007-08-14 16:00:00,7,8,14,16,0,670,482,RHIN (ROUTE DU),,,Plein jour,Hors agglomération,Hors intersection,Normale,Autre collision,,,,,,,,,,,1,1,1,1,6
200700050527,0007-08-15 01:20:00,7,8,15,1,20,670,218,VINCENT SCOTTO (RUE),,,Nuit sans éclairage public,En agglomération,Intersection en X,Normale,Autre collision,,,,,,,,,,,3,2,2,1,6
200700050528,0007-08-15 07:45:00,7,8,15,7,45,670,482,"0, COLMAR (AVENUE DE)",,,Plein jour,En agglomération,Hors intersection,Normale,Deux véhicules - arrière,,,,,,,,,,,1,2,1,1,2
200700050529,0007-08-15 09:40:00,7,8,15,9,40,670,447,GENERAL DE GAULLE (ROUTE,,,Plein jour,En agglomération,Intersection en X,Normale,Autre collision,,,,,,,,,,,1,2,2,1,6
200700050530,0007-08-15 20:00:00,7,8,15,20,0,670,482,"8, ARTHUR WEEBER (RUE)",,,Crépuscule ou aube,En agglomération,Hors intersection,Normale,Autre collision,,,,,,,,,,,2,2,1,1,6
200700050531,0007-08-16 20:00:00,7,8,16,20,0,670,482,PROVENCE (RUE DE),,,Plein jour,En agglomération,Intersection en X,Normale,Deux véhicules - côté,,,,,,,,,,,1,2,2,1,3
200700050532,0007-08-17 21:00:00,7,8,17,21,0,670,482,"00, LOUIS PASTEUR (PONT)",,,Nuit avec éclairage allumé,En agglomération,Hors intersection,Normale,Sans collision,,,,,,,,,,,5,2,1,1,7
200700050533,0007-08-18 16:05:00,7,8,18,16,5,670,482,"00, BALZAC (BOULEVARD)",,,Plein jour,En agglomération,Hors intersection,Normale,Autre collision,,,,,,,,,,,1,2,1,1,6
200700050534,0007-08-19 14:50:00,7,8,19,14,50,670,447,"1, KELLERMANN (RUE)",,,Plein jour,En agglomération,Hors intersection,Normale,Autre collision,,,,,,,,,,,1,2,1,1,6
200700050535,0007-08-21 18:05:00,7,8,21,18,5,670,482,NUEE BLEUE (RUE DE LA),,,Plein jour,En agglomération,Intersection en X,Normale,Autre collision,,,,,,,,,,,1,2,2,1,6
200700050536,0007-08-22 10:40:00,7,8,22,10,40,670,482,"1 C, DOUBS (RUE DU)",,,Plein jour,En agglomération,Hors intersection,Normale,Trois véhicules et plus - en chaîne,,,,,,,,,,,1,2,1,1,4
200700050537,0007-08-23 09:10:00,7,8,23,9,10,670,482,WOERTHEL (QUAI DU),,,Plein jour,En agglomération,Hors intersection,Normale,Deux véhicules - côté,,,,,,,,,,,1,2,1,1,3
200700050538,0007-08-24 10:15:00,7,8,24,10,15,670,204,MARAIS (RUE DU),,,Plein jour,En agglomération,Intersection en T,Normale,Deux véhicules - côté,,,,,,,,,,,1,2,3,1,3
200700050539,0007-08-24 00:10:00,7,8,24,0,10,670,482,"0, SCHIRMECK (ROUTE DE)",,,Nuit sans éclairage public,En agglomération,Hors intersection,Normale,Deux véhicules - côté,,,,,,,,,,,3,2,1,1,3
200700050540,0007-08-25 12:25:00,7,8,25,12,25,670,482,"21, ILL (RUE DE L )",,,Plein jour,En agglomération,Hors intersection,Normale,Deux véhicules - arrière,,,,,,,,,,,1,2,1,1,2
200700050541,0007-08-25 12:45:00,7,8,25,12,45,670,447,"0, ERSTEIN (RUE D )",,,Plein jour,En agglomération,Hors intersection,Normale,Deux véhicules - côté,,,,,,,,,,,1,2,1,1,3
200700050542,0007-08-25 13:30:00,7,8,25,13,30,670,482,"62, VOSGES (AVENUE DES)",,,Plein jour,En agglomération,Hors intersection,Normale,Deux véhicules - arrière,,,,,,,,,,,1,2,1,1,2
200700050543,0007-08-25 20:45:00,7,8,25,20,45,670,482,"0, ORANGERIE (BOULEVARD",,,Nuit avec éclairage allumé,En agglomération,Hors intersection,Normale,Autre collision,,,,,,,,,,,5,2,1,1,6
200700050544,0007-08-26 21:40:00,7,8,26,21,40,670,482,"0, RHIN (ROUTE DU)",,,Nuit avec éclairage allumé,En agglomération,Intersection en T,Normale,Deux véhicules - côté,,,,,,,,,,,5,2,3,1,3
200700050545,0007-08-27 13:20:00,7,8,27,13,20,670,482,RHIN (ROUTE DU),,,Plein jour,En agglomération,Intersection en X,Normale,Autre collision,,,,,,,,,,,1,2,2,1,6
200700050546,0007-08-27 15:15:00,7,8,27,15,15,670,482,SCHIRMECK (ROUTE DE),,,Plein jour,En agglomération,Intersection en T,Normale,Autre collision,,,,,,,,,,,1,2,3,1,6
200700050547,0007-08-28 14:50:00,7,8,28,14,50,670,218,"00, STRASBOURG (ROUTE DE",,,Plein jour,Hors agglomération,Intersection en X,Normale,Deux véhicules - côté,,,,,,,,,,,1,1,2,1,3
200700050548,0007-08-28 23:00:00,7,8,28,23,0,670,447,"00, HERRENSCHMIDT (AVENU",,,Nuit avec éclairage allumé,En agglomération,Intersection en X,Normale,Deux véhicules - côté,,,,,,,,,,,5,2,2,1,3
200700050549,0007-08-29 11:40:00,7,8,29,11,40,670,218,FORT UHRICH (ROUTE DU),,,Plein jour,En agglomération,Intersection en X,Normale,Deux véhicules - côté,,,,,,,,,,,1,2,2,1,3
200700050550,0007-08-31 14:35:00,7,8,31,14,35,670,365,"0, 23 NOVEMBRE (RUE DU)",,,Plein jour,En agglomération,Hors intersection,Normale,Deux véhicules - frontale,,,,,,,,,,,1,2,1,1,1
200700050551,0007-08-04 11:25:00,7,8,4,11,25,680,66,"2, POINCARE (AVENUE RAYM",,,Plein jour,En agglomération,Intersection en X,Normale,Trois véhicules et plus - en chaîne,,,,,,,,,,,1,2,2,1,4
200700050552,0007-08-06 16:30:00,7,8,6,16,30,680,66,"9, DE GAULLE (AVENUE DU",,,Plein jour,En agglomération,Intersection en Y,Normale,Deux véhicules - côté,,,,,,,,,,,1,2,4,1,3
200700050553,0007-08-12 19:55:00,7,8,12,19,55,680,66,"10, POUDRIERE (RUE DE LA",,,Plein jour,En agglomération,Intersection en T,Normale,Deux véhicules - côté,,,,,,,,,,,1,2,3,1,3
200700050554,0007-08-15 17:00:00,7,8,15,17,0,680,66,"34, WINTZENHEIM (ROUTE D",,,Plein jour,En agglomération,Hors intersection,Normale,Deux véhicules - côté,,,,,,,,,,,1,2,1,1,3
200700050555,0007-08-15 19:02:00,7,8,15,19,2,680,66,"12, FOIRE AUX VINS (AVEN",,,Plein jour,En agglomération,Intersection en T,Normale,Deux véhicules - côté,,,,,,,,,,,1,2,3,1,3
200700050556,0007-08-22 08:07:00,7,8,22,8,7,680,66,"50, NEUF BRISACH (ROUTE",,,Plein jour,En agglomération,Intersection en X,Normale,Deux véhicules - côté,,,,,,,,,,,1,2,2,1,3
200700050557,0007-08-24 11:35:00,7,8,24,11,35,680,66,"5, CHAMP DE MARS (BLD DU",,,Plein jour,En agglomération,Intersection en Y,Normale,Deux véhicules - côté,,,,,,,,,,,1,2,4,1,3
200700050558,0007-08-01 13:10:00,7,8,1,13,10,680,224,SAINT-NAZAIRE (RUE DE),,,Plein jour,En agglomération,Intersection en T,Normale,Deux véhicules - côté,,,,,,,,,,,1,2,3,1,3
200700050559,0007-08-06 17:35:00,7,8,6,17,35,680,224,"01, HENRIETTE (RUE)",,,Plein jour,En agglomération,Hors intersection,Normale,Autre collision,,,,,,,,,,,1,2,1,1,6
200700050560,0007-08-10 04:55:00,7,8,10,4,55,680,224,", ROMAINS (RUE DES)",,,Nuit avec éclairage allumé,En agglomération,Intersection en X,Normale,Deux véhicules - côté,,,,,,,,,,,5,2,2,1,3
200700050561,0007-08-11 21:55:00,7,8,11,21,55,680,224,"78, ALTKIRCH (AVENUE D')",,,Nuit avec éclairage allumé,En agglomération,Intersection en T,Normale,Deux véhicules - côté,,,,,,,,,,,5,2,3,1,3
200700050562,0007-08-11 04:30:00,7,8,11,4,30,680,224,AUTOROUTE A 36,,,Nuit sans éclairage public,Hors agglomération,Hors intersection,Normale,Sans collision,,,,,,,,,,,3,1,1,1,7
200700050563,0007-08-11 12:25:00,7,8,11,12,25,680,224,"34, REIMS (RUE DE)",,,Plein jour,En agglomération,Giratoire,Normale,Deux véhicules - côté,,,,,,,,,,,1,2,6,1,3
200700050564,0007-08-18 09:35:00,7,8,18,9,35,680,224,"4 Bis, LAVOISIER (RUE)",,,Plein jour,En agglomération,Intersection en X,Normale,Trois véhicules et plus - en chaîne,,,,,,,,,,,1,2,2,1,4
200700050565,0007-08-21 17:05:00,7,8,21,17,5,680,224,BRIAND (AVENUE ARISTIDE),,,Plein jour,En agglomération,Intersection en T,Normale,Deux véhicules - côté,,,,,,,,,,,1,2,3,1,3
200700050566,0007-08-18 14:28:00,7,8,18,14,28,680,224,HOFER (RUE JOSUE),,,Plein jour,En agglomération,Intersection en T,Normale,Deux véhicules - frontale,,,,,,,,,,,1,2,3,1,1
200700050567,0007-08-24 17:34:00,7,8,24,17,34,680,224,STOESSEL (BOULEVARD CHAR,,,Plein jour,En agglomération,Intersection en X,Normale,Deux véhicules - côté,,,,,,,,,,,1,2,2,1,3
200700050568,0007-08-29 10:54:00,7,8,29,10,54,680,224,MANULAINE (RUE),,,Plein jour,En agglomération,Intersection en T,Normale,Deux véhicules - côté,,,,,,,,,,,1,2,3,1,3
200700050569,0007-08-07 02:10:00,7,8,7,2,10,680,297,"44, HUNINGUE ( RUE DE )",,,Nuit avec éclairage non allumé,En agglomération,Hors intersection,Normale,Autre collision,,,,,,,,,,,4,2,1,1,6
200700050570,0007-08-10 00:25:00,7,8,10,0,25,680,166,DEBUSSY (RUE CLAUDE),,,Nuit avec éclairage allumé,En agglomération,Intersection en X,Temps couvert,Deux véhicules - côté,,,,,,,,,,,5,2,2,8,3
200700050571,0007-08-19 16:44:00,7,8,19,16,44,680,376,"0, MINES ANNA (RUE DES)",,,Plein jour,En agglomération,Autre intersection,Normale,Deux véhicules - côté,,,,,,,,,,,1,2,9,1,3
200700050572,0007-08-01 14:35:00,7,8,1,14,35,690,29,"132, AVENUE SAINT EXUPER",,,Plein jour,En agglomération,Hors intersection,Vent fort / tempête,Autre collision,,,,,,,,,,,1,2,1,6,6
200700050573,0007-08-03 19:15:00,7,8,3,19,15,690,29,"10, RUE LOUIS PERGAUD",,,Crépuscule ou aube,En agglomération,Hors intersection,Normale,Autre collision,,,,,,,,,,,2,2,1,1,6
200700050574,0007-08-10 06:30:00,7,8,10,6,30,690,29,"138, AVENUE FRANKLIN ROO",,,Crépuscule ou aube,En agglomération,Hors intersection,Normale,Autre collision,,,,,,,,,,,2,2,1,1,6
200700050575,0007-08-29 14:15:00,7,8,29,14,15,690,29,"1, AVENUE PIERRE MENDES",,,Plein jour,En agglomération,Hors intersection,Pluie forte,Deux véhicules - côté,,,,,,,,,,,1,2,1,3,3
200700050576,0007-08-30 20:25:00,7,8,30,20,25,690,29,"230, AVENUE FRANKLIN ROO",,,Plein jour,En agglomération,Hors intersection,Normale,Deux véhicules - côté,,,,,,,,,,,1,2,1,1,3
200700050577,0007-08-06 14:00:00,7,8,6,14,0,690,256,8 MAI 1945 (DU),,,Plein jour,En agglomération,Intersection en X,Normale,Deux véhicules - côté,,,,,,,,,,,1,2,2,1,3
200700050578,0007-08-05 20:10:00,7,8,5,20,10,690,259,"24, AVENUE DU DOCTEUR GE",,,Plein jour,En agglomération,Autre intersection,Normale,Autre collision,,,,,,,,,,,1,2,9,1,6
200700050579,0007-08-10 19:15:00,7,8,10,19,15,690,259,"136, BOULEVARD IRENE JOL",,,Plein jour,En agglomération,Hors intersection,Normale,Sans collision,,,,,,,,,,,1,2,1,1,7
200700050580,0007-08-12 00:20:00,7,8,12,0,20,690,259,"0, AVENUE FRANCIS DE PRE",,,Nuit avec éclairage allumé,En agglomération,Intersection en T,Normale,Deux véhicules - côté,,,,,,,,,,,5,2,3,1,3
200700050581,0007-08-16 15:35:00,7,8,16,15,35,690,259,BOULEVARD IRENE JOLIOT C,,,Plein jour,En agglomération,Hors intersection,Normale,Autre collision,,,,,,,,,,,1,2,1,1,6
200700050582,0007-08-31 17:00:00,7,8,31,17,0,690,264,"165, RENAN ERNEST  R",,,Plein jour,En agglomération,Hors intersection,Normale,Autre collision,,,,,,,,,,,1,2,1,1,6
200700050583,0007-08-31 19:04:00,7,8,31,19,4,690,264,MEUNIER-VIAL FRANCOIS  R,,,Plein jour,En agglomération,Giratoire,Normale,Deux véhicules - côté,,,,,,,,,,,1,2,6,1,3
200700050584,0007-08-28 16:30:00,7,8,28,16,30,690,13,SAINT JULIEN (ROUTE DE),,,Plein jour,En agglomération,Hors intersection,Normale,Deux véhicules - frontale,,,,,,,,,,,1,2,1,1,1
200700050585,0007-08-01 14:20:00,7,8,1,14,20,690,266,"187, RUE ANATOLE FRANCE",,,Plein jour,En agglomération,Hors intersection,Normale,Autre collision,,,,,,,,,,,1,2,1,1,6
200700050586,0007-08-03 10:00:00,7,8,3,10,0,690,266,"1, COURS EMILE ZOLA",,,Plein jour,En agglomération,Intersection en T,Normale,Deux véhicules - côté,,,,,,,,,,,1,2,3,1,3
200700050587,0007-08-06 17:00:00,7,8,6,17,0,690,266,"1, BOULEVARD LAURENT BON",,,Plein jour,En agglomération,Hors intersection,Normale,Deux véhicules - arrière,,,,,,,,,,,1,2,1,1,2
200700050588,0007-08-08 08:35:00,7,8,8,8,35,690,266,"42, RUE RICHELIEU",,,Plein jour,En agglomération,Giratoire,Normale,Autre collision,,,,,,,,,,,1,2,6,1,6
200700050589,0007-08-03 15:50:00,7,8,3,15,50,690,266,"95, RUE NICOLAS GARNIER",,,Plein jour,En agglomération,Hors intersection,Normale,Autre collision,,,,,,,,,,,1,2,1,1,6
200700050590,0007-08-13 16:20:00,7,8,13,16,20,690,266,"1, COURS ANDRE PHILIP",,,Plein jour,En agglomération,Intersection en X,Normale,Deux véhicules - côté,,,,,,,,,,,1,2,2,1,3
200700050591,0007-08-17 19:45:00,7,8,17,19,45,690,266,"75, RUE HIPPOLYTE KAHN",,,Plein jour,En agglomération,Hors intersection,Normale,Autre collision,,,,,,,,,,,1,2,1,1,6
200700050592,0007-08-25 16:45:00,7,8,25,16,45,690,266,"1, RUE FRANCIS DE PRESSE",,,Plein jour,En agglomération,Intersection en X,Normale,Deux véhicules - frontale,,,,,,,,,,,1,2,2,1,1
200700050593,0007-08-28 20:25:00,7,8,28,20,25,690,266,RUE ANTONIN PERRIN,,,Crépuscule ou aube,En agglomération,Intersection en X,Normale,Autre collision,,,,,,,,,,,2,2,2,1,6
200700050594,0007-08-21 14:00:00,7,8,21,14,0,690,266,"1, RUE BAUDELAIRE",,,Plein jour,En agglomération,Intersection en T,Normale,Deux véhicules - côté,,,,,,,,,,,1,2,3,1,3
200700050595,0007-08-25 16:25:00,7,8,25,16,25,690,266,"1, RUE DE LA FEYSSINE",,,Plein jour,En agglomération,Hors intersection,Normale,Autre collision,,,,,,,,,,,1,2,1,1,6
200700050596,0007-08-30 19:45:00,7,8,30,19,45,690,282,AVENUE DE VERDUN,,,Plein jour,En agglomération,Intersection en T,Normale,Deux véhicules - côté,,,,,,,,,,,1,2,3,1,3
200700050597,0007-08-18 02:30:00,7,8,18,2,30,690,290,"18, ROUTE D HEYRIEUX",,,Nuit avec éclairage allumé,En agglomération,Hors intersection,Normale,Deux véhicules - côté,,,,,,,,,,,5,2,1,1,3
200700050598,0007-08-19 21:15:00,7,8,19,21,15,690,290,ROUTE DE GRENOBLE,,,Nuit avec éclairage allumé,En agglomération,Hors intersection,Pluie légère,Deux véhicules - côté,,,,,,,,,,,5,2,1,2,3
200700050599,0007-08-17 17:25:00,7,8,17,17,25,690,290,"108, ROUTE D HEYRIEUX",,,Plein jour,En agglomération,Hors intersection,Normale,Deux véhicules - côté,,,,,,,,,,,1,2,1,1,3
200700050600,0007-08-26 12:35:00,7,8,26,12,35,690,290,"30, RUE ARISTIDE BRIAND",,,Plein jour,En agglomération,Hors intersection,Temps éblouissant,Autre collision,,,,,,,,,,,1,2,1,7,6
200700050601,0007-08-22 12:30:00,7,8,22,12,30,690,290,"21, RUE ARISTIDE BRIAND",,,Plein jour,En agglomération,Hors intersection,Normale,Autre collision,,,,,,,,,,,1,2,1,1,6