accident_id,datetime,annee,mois,jour,heure,minute,departement,commune_insee,adresse,latitude,longitude,luminosite,agglomeration,intersection,meteo,collision,nb_vehicules,nb_usagers,nb_indemnes,nb_tues,nb_blesses_hosp,nb_blesses_legers,age_cond_1,age_cond_2,veh_type_cond_1,veh_type_cond_2,lum_code,agg_code,int_code,atm_code,col_code
200700050737,0007-08-10 17:45:00,7,8,10,17,45,770,121,MELUN (RUE DE),,,Plein jour,En agglomération,Giratoire,Normale,Deux véhicules - arrière,,,,,,,,,,,1,2,6,1,2
200700050738,0007-08-16 13:10:00,7,8,16,13,10,770,337,SALVADOR ALLENDE (ROND-P,,,Plein jour,En agglomération,Intersection en X,Normale,Autre collision,,,,,,,,,,,1,2,2,1,6
200700050739,0007-08-20 20:40:00,7,8,20,20,40,770,373,MME SANS GENE (RUE),,,Nuit avec éclairage allumé,En agglomération,Intersection en X,Normale,Deux véhicules - côté,,,,,,,,,,,5,2,2,1,3
200700050740,0007-08-06 02:00:00,7,8,6,2,0,770,404,"10, (Libération) avenue",,,Nuit avec éclairage allumé,En agglomération,Hors intersection,Normale,Autre collision,,,,,,,,,,,5,2,1,1,6
200700050741,0007-08-25 09:40:00,7,8,25,9,40,770,379,"27, EDMOND NOCARD (RUE)",,,Plein jour,En agglomération,Hors intersection,Normale,Autre collision,,,,,,,,,,,1,2,1,1,6
200700050742,0007-08-01 15:15:00,7,8,1,15,15,770,514,ROGER SALENGRO (AVENUE),,,Plein jour,En agglomération,Hors intersection,Temps éblouissant,Deux véhicules - côté,,,,,,,,,,,1,2,1,7,3
200700050743,0007-08-23 16:00:00,7,8,23,16,0,780,126,"18, JONCHERE (AVENUE DE",,,Plein jour,En agglomération,Hors intersection,Normale,Autre collision,,,,,,,,,,,1,2,1,1,6
200700050744,0007-08-07 07:35:00,7,8,7,7,35,780,172,"19, ACACIAS (AVENUE DES)",,,Plein jour,En agglomération,Hors intersection,Normale,Autre collision,,,,,,,,,,,1,2,1,1,6
200700050745,0007-08-09 13:05:00,7,8,9,13,5,780,172,"0, BERTEAUX (RUE MAURICE",,,Plein jour,En agglomération,Intersection en T,Normale,Deux véhicules - côté,,,,,,,,,,,1,2,3,1,3
200700050746,0007-08-01 01:10:00,7,8,1,1,10,780,138,"0, LEGRAND (RUE EDOUARD)",,,Nuit avec éclairage allumé,En agglomération,Intersection en X,Normale,Deux véhicules - côté,,,,,,,,,,,5,2,2,1,3
200700050747,0007-08-17 13:00:00,7,8,17,13,0,780,172,"0, MITTERRAND (PROMENADE",,,Plein jour,En agglomération,Hors intersection,Normale,Sans collision,,,,,,,,,,,1,2,1,1,7
200700050748,0007-08-31 10:20:00,7,8,31,10,20,780,5,"0, RD 30",,,Plein jour,En agglomération,Intersection en X,Normale,Deux véhicules - côté,,,,,,,,,,,1,2,2,1,3
200700050749,0007-08-26 10:00:00,7,8,26,10,0,780,172,"8, LIBERTE (PLACE DE LA)",,,Plein jour,En agglomération,Hors intersection,Normale,Sans collision,,,,,,,,,,,1,2,1,1,7
200700050750,0007-08-08 14:45:00,7,8,8,14,45,780,168,NATIONALE 10 (ROUTE),,,Plein jour,En agglomération,Intersection en X,Pluie légère,Trois véhicules et plus - en chaîne,,,,,,,,,,,1,2,2,2,4
200700050751,0007-08-13 20:30:00,7,8,13,20,30,780,383,Laurent SCHWARTZ ( Rond,,,Plein jour,En agglomération,Hors intersection,Normale,Deux véhicules - côté,,,,,,,,,,,1,2,1,1,3
200700050752,0007-08-07 23:50:00,7,8,7,23,50,780,423,KIERSPE (AVENUE DE),,,Nuit avec éclairage allumé,En agglomération,Intersection en X,Pluie forte,Deux véhicules - frontale,,,,,,,,,,,5,2,2,3,1
200700050753,0007-08-10 07:15:00,7,8,10,7,15,780,688,"ignore, RUELLES (CHEMIN",,,Plein jour,En agglomération,Hors intersection,Pluie forte,Deux véhicules - arrière,,,,,,,,,,,1,2,1,3,2
200700050754,0007-08-28 17:30:00,7,8,28,17,30,780,297,JAURES (BOULEVARD JEAN),,,Plein jour,En agglomération,Autre intersection,Normale,Deux véhicules - côté,,,,,,,,,,,1,2,9,1,3
200700050755,0007-08-29 21:40:00,7,8,29,21,40,780,297,"., JAURES (BOULEVARD JEA",,,Crépuscule ou aube,En agglomération,Hors intersection,Normale,Deux véhicules - côté,,,,,,,,,,,2,2,1,1,3
200700050756,0007-08-12 02:05:00,7,8,12,2,5,780,335,ROUTE DE MEULAN,,,Nuit sans éclairage public,En agglomération,Intersection en T,Normale,Deux véhicules - côté,,,,,,,,,,,3,2,3,1,3
200700050757,0007-08-14 00:45:00,7,8,14,0,45,780,314,R.N 190,,,Nuit avec éclairage allumé,Hors agglomération,Intersection en X,Normale,Sans collision,,,,,,,,,,,5,1,2,1,7
200700050758,0007-08-15 22:45:00,7,8,15,22,45,780,362,ROUTE DE HOUDAN,,,Nuit avec éclairage allumé,En agglomération,Hors intersection,Pluie légère,Deux véhicules - arrière,,,,,,,,,,,5,2,1,2,2
200700050759,0007-08-24 22:45:00,7,8,24,22,45,780,361,RUE DES ECOLES,,,Nuit avec éclairage allumé,En agglomération,Giratoire,Temps couvert,Sans collision,,,,,,,,,,,5,2,6,8,7
200700050760,0007-08-03 00:01:00,7,8,3,0,1,780,350,VERSAILLES (ROUTE DE),,,Nuit avec éclairage allumé,En agglomération,Hors intersection,Normale,Sans collision,,,,,,,,,,,5,2,1,1,7
200700050761,0007-08-04 16:50:00,7,8,4,16,50,780,350,"56, VERSAILLES (ROUTE DE",,,Plein jour,En agglomération,Hors intersection,Normale,Trois véhicules et plus - collisions multiples,,,,,,,,,,,1,2,1,1,5
200700050762,0007-08-10 17:35:00,7,8,10,17,35,780,502,ROUTE NATIONALE 13,,,Plein jour,En agglomération,Hors intersection,Normale,Deux véhicules - arrière,,,,,,,,,,,1,2,1,1,2
200700050763,0007-08-06 20:30:00,7,8,6,20,30,780,440,LOUIS BLERIOT (RUE),,,Crépuscule ou aube,En agglomération,Hors intersection,Normale,Autre collision,,,,,,,,,,,2,2,1,1,6
200700050764,0007-08-04 13:25:00,7,8,4,13,25,780,29,AVENUE DE L'UNION,,,Plein jour,En agglomération,Hors intersection,Normale,Deux véhicules - arrière,,,,,,,,,,,1,2,1,1,2
200700050765,0007-08-11 11:00:00,7,8,11,11,0,780,401,"8, ALBERT JOLY (QUAI)",,,Plein jour,En agglomération,Hors intersection,Normale,Sans collision,,,,,,,,,,,1,2,1,1,7
200700050766,0007-08-14 02:55:00,7,8,14,2,55,780,299,"9, MICHELET (BOULEVARD)",,,Nuit avec éclairage allumé,En agglomération,Hors intersection,Normale,Autre collision,,,,,,,,,,,5,2,1,1,6
200700050767,0007-08-15 05:05:00,7,8,15,5,5,780,440,LEVASSOR (RUE),,,Nuit avec éclairage allumé,Hors agglomération,Hors intersection,Pluie légère,Autre collision,,,,,,,,,,,5,1,1,2,6
200700050768,0007-08-16 10:50:00,7,8,16,10,50,780,29,AVENUE DE L'UNION,,,Plein jour,En agglomération,Hors intersection,Normale,Autre collision,,,,,,,,,,,1,2,1,1,6
200700050769,0007-08-19 09:00:00,7,8,19,9,0,780,29,BAZEMONT (RUE DE),,,Plein jour,Hors agglomération,Hors intersection,Pluie légère,Sans collision,,,,,,,,,,,1,1,1,2,7
200700050770,0007-08-27 18:30:00,7,8,27,18,30,780,401,"23, TESSANCOURT (RUE DE)",,,Plein jour,En agglomération,Hors intersection,Normale,Deux véhicules - arrière,,,,,,,,,,,1,2,1,1,2
200700050771,0007-08-02 10:30:00,7,8,2,10,30,780,490,CD 30,,,Plein jour,En agglomération,Hors intersection,Normale,Deux véhicules - côté,,,,,,,,,,,1,2,1,1,3
200700050772,0007-08-15 11:45:00,7,8,15,11,45,780,165,LURCAT (RUE JEAN),,,Plein jour,En agglomération,Intersection en T,Normale,Deux véhicules - côté,,,,,,,,,,,1,2,3,1,3
200700050773,0007-08-17 19:05:00,7,8,17,19,5,780,490,GARE (RUE DE LA),,,Plein jour,En agglomération,Hors intersection,Normale,Autre collision,,,,,,,,,,,1,2,1,1,6
200700050774,0007-08-24 18:15:00,7,8,24,18,15,780,674,"1, PARIS  CD 11 E (COTE",,,Plein jour,Hors agglomération,Hors intersection,Normale,Autre collision,,,,,,,,,,,1,1,1,1,6
200700050775,0007-08-25 18:40:00,7,8,25,18,40,780,490,"1, VALIBOUT (RUE DU)",,,Plein jour,En agglomération,Hors intersection,Normale,Deux véhicules - arrière,,,,,,,,,,,1,2,1,1,2
200700050776,0007-08-28 09:25:00,7,8,28,9,25,780,490,BOISSIERE (RUE DE LA),,,Plein jour,En agglomération,Intersection en X,Normale,Deux véhicules - côté,,,,,,,,,,,1,2,2,1,3
200700050777,0007-08-01 12:35:00,7,8,1,12,35,780,123,EUROPE (RN 190) AVENUE D,,,Plein jour,En agglomération,Intersection en X,Normale,Deux véhicules - frontale,,,,,,,,,,,1,2,2,1,1
200700050778,0007-08-03 20:50:00,7,8,3,20,50,780,498,QUARANTE SOUS ROUTE DE,,,Plein jour,Hors agglomération,Intersection en X,Normale,Deux véhicules - côté,,,,,,,,,,,1,1,2,1,3
200700050779,0007-08-23 18:20:00,7,8,23,18,20,780,498,"8bis, BEAUREGARD RUE DE",,,Plein jour,En agglomération,Hors intersection,Pluie légère,Trois véhicules et plus - collisions multiples,,,,,,,,,,,1,2,1,2,5
200700050780,0007-08-28 17:40:00,7,8,28,17,40,780,498,"159, FOCH AV",,,Plein jour,En agglomération,Intersection en T,Normale,Deux véhicules - côté,,,,,,,,,,,1,2,3,1,3
200700050781,0007-08-31 12:25:00,7,8,31,12,25,780,498,"53, ROBESPIERRE BD",,,Plein jour,En agglomération,Intersection en Y,Normale,Autre collision,,,,,,,,,,,1,2,4,1,6
200700050782,0007-08-07 07:20:00,7,8,7,7,20,780,498,FOCH AV,,,Plein jour,En agglomération,Intersection en Y,Normale,Autre collision,,,,,,,,,,,1,2,4,1,6
200700050783,0007-08-04 03:10:00,7,8,4,3,10,780,269,BRAY (ROUTE DU),,,Nuit sans éclairage public,Hors agglomération,Hors intersection,Normale,Sans collision,,,,,,,,,,,3,1,1,1,7
200700050784,0007-08-05 23:10:00,7,8,5,23,10,780,517,D 150,,,Nuit avec éclairage allumé,En agglomération,Hors intersection,Normale,Sans collision,,,,,,,,,,,5,2,1,1,7
200700050785,0007-08-29 19:35:00,7,8,29,19,35,780,269,"57, D 906",,,Crépuscule ou aube,En agglomération,Hors intersection,Normale,Deux véhicules - côté,,,,,,,,,,,2,2,1,1,3
200700050786,0007-08-29 17:05:00,7,8,29,17,5,780,545,CURIE (AVENUE PIERRE),,,Plein jour,En agglomération,Hors intersection,Normale,Autre collision,,,,,,,,,,,1,2,1,1,6
200700050787,0007-08-30 07:00:00,7,8,30,7,0,780,545,CURIE (AVENUE PIERRE),,,Plein jour,En agglomération,Hors intersection,Normale,Autre collision,,,,,,,,,,,1,2,1,1,6
200700050788,0007-08-16 22:10:00,7,8,16,22,10,780,551,RN 184,,,Nuit avec éclairage allumé,En agglomération,Hors intersection,Normale,Deux véhicules - arrière,,,,,,,,,,,5,2,1,1,2
200700050789,0007-08-31 20:20:00,7,8,31,20,20,780,551,RN 184,,,Plein jour,Hors agglomération,Hors intersection,Normale,Deux véhicules - arrière,,,,,,,,,,,1,1,1,1,2
200700050790,0007-08-04 10:55:00,7,8,4,10,55,780,586,REPUBLIQUE (AVENUE) N° P,,,Plein jour,En agglomération,Hors intersection,Normale,Autre collision,,,,,,,,,,,1,2,1,1,6
200700050791,0007-08-23 18:25:00,7,8,23,18,25,780,586,ROCHEFORT,,,Plein jour,En agglomération,Intersection en X,Pluie légère,Deux véhicules - côté,,,,,,,,,,,1,2,2,2,3
200700050792,0007-08-27 18:25:00,7,8,27,18,25,780,586,"15, MERMOZ (JEAN)",,,Plein jour,En agglomération,Hors intersection,Normale,Autre collision,,,,,,,,,,,1,2,1,1,6
200700050793,0007-08-09 16:25:00,7,8,9,16,25,780,621,POLITZER (AVENUE GEORGES,,,Plein jour,En agglomération,Hors intersection,Normale,Deux véhicules - arrière,,,,,,,,,,,1,2,1,1,2
200700050794,0007-08-24 12:00:00,7,8,24,12,0,780,621,HENNEQUIN (AVENUE ROGER),,,Plein jour,En agglomération,Intersection en X,Pluie légère,Deux véhicules - côté,,,,,,,,,,,1,2,2,2,3
200700050795,0007-08-03 21:50:00,7,8,3,21,50,780,640,LOUIS BREGUET (AVENUE),,,Plein jour,En agglomération,Hors intersection,Normale,Autre collision,,,,,,,,,,,1,2,1,1,6
200700050796,0007-08-22 13:40:00,7,8,22,13,40,780,322,C.D 53,,,Plein jour,Hors agglomération,Hors intersection,Pluie légère,Autre collision,,,,,,,,,,,1,1,1,2,6
200700050797,0007-08-03 14:30:00,7,8,3,14,30,780,646,"0, CHANTIERS (RUE DES)",,,Plein jour,En agglomération,Intersection en X,Normale,Autre collision,,,,,,,,,,,1,2,2,1,6
200700050798,0007-08-16 15:55:00,7,8,16,15,55,780,646,GENERAL DE GAULLE (AVENU,,,Plein jour,En agglomération,Hors intersection,Normale,Deux véhicules - côté,,,,,,,,,,,1,2,1,1,3
200700050799,0007-08-22 12:00:00,7,8,22,12,0,780,646,"26, MARECHAL JOFFRE (RUE",,,Plein jour,En agglomération,Intersection en T,Pluie légère,Deux véhicules - côté,,,,,,,,,,,1,2,3,2,3
200700050800,0007-08-24 09:00:00,7,8,24,9,0,780,646,ROI (BOULEVARD DU),,,Plein jour,En agglomération,Hors intersection,Normale,Deux véhicules - arrière,,,,,,,,,,,1,2,1,1,2
200700050801,0007-08-11 22:38:00,7,8,11,22,38,790,191,NANTES (AVENUE),,,Nuit sans éclairage public,Hors agglomération,Hors intersection,Normale,Deux véhicules - côté,,,,,,,,,,,3,1,1,1,3
200700050802,0007-08-30 22:10:00,7,8,30,22,10,790,81,PARIS (ROUTE DE)     COT,,,Nuit sans éclairage public,Hors agglomération,Hors intersection,Normale,Sans collision,,,,,,,,,,,3,1,1,1,7
200700050803,0007-08-24 20:30:00,7,8,24,20,30,790,329,EMILE ZOLA (AVENUE),,,Plein jour,En agglomération,Hors intersection,Normale,Autre collision,,,,,,,,,,,1,2,1,1,6
200700050804,0007-08-30 22:02:00,7,8,30,22,2,790,329,PUYRAVEAU (ROUTE DE),,,Nuit sans éclairage public,Hors agglomération,Hors intersection,Normale,Autre collision,,,,,,,,,,,3,1,1,1,6
200700050805,0007-08-20 10:25:00,7,8,20,10,25,800,1,"52, VAUBAN",,,Plein jour,En agglomération,Hors intersection,Pluie forte,Deux véhicules - arrière,,,,,,,,,,,1,2,1,3,2
200700050806,0007-08-31 23:00:00,7,8,31,23,0,800,1,PRESIDENT ROBERT SCHUMAN,,,Nuit avec éclairage allumé,En agglomération,Hors intersection,Normale,Deux véhicules - côté,,,,,,,,,,,5,2,1,1,3
200700050807,0007-08-04 17:30:00,7,8,4,17,30,800,725,NORMANDIE (ROUTE DE) RD,,,Plein jour,En agglomération,Hors intersection,Normale,Deux véhicules - côté,,,,,,,,,,,1,2,1,1,3
200700050808,0007-08-05 18:00:00,7,8,5,18,0,800,21,"0, ALSACE LORRAINE (BOUL",,,Plein jour,En agglomération,Intersection en T,Normale,Deux véhicules - côté,,,,,,,,,,,1,2,3,1,3
200700050809,0007-08-05 16:50:00,7,8,5,16,50,800,131,FOUENCAMPS (CHEMIN DE),,,Plein jour,Hors agglomération,Hors intersection,Normale,Sans collision,,,,,,,,,,,1,1,1,1,7
200700050810,0007-08-07 00:01:00,7,8,7,0,1,800,724,"0, GUIGNEMICOURT (CHEMIN",,,Nuit avec éclairage non allumé,Hors agglomération,Hors intersection,Normale,Sans collision,,,,,,,,,,,4,1,1,1,7
200700050811,0007-08-06 07:35:00,7,8,6,7,35,800,21,"0, EUROPE (AVENUE DE L')",,,Plein jour,En agglomération,Intersection en X,Pluie légère,Deux véhicules - côté,,,,,,,,,,,1,2,2,2,3
200700050812,0007-08-06 09:20:00,7,8,6,9,20,800,489,"0, CHEVALIER DE LA BARRE",,,Plein jour,En agglomération,Hors intersection,Pluie légère,Autre collision,,,,,,,,,,,1,2,1,2,6
200700050813,0007-08-06 18:40:00,7,8,6,18,40,800,21,"0, QUATORZE JUILLET 1789",,,Plein jour,En agglomération,Intersection en T,Normale,Deux véhicules - côté,,,,,,,,,,,1,2,3,1,3
200700050814,0007-08-13 14:37:00,7,8,13,14,37,800,21,"0, GENERAL FRERE (RUE DU",,,Plein jour,En agglomération,Hors intersection,Normale,Deux véhicules - côté,,,,,,,,,,,1,2,1,1,3
200700050815,0007-08-15 19:10:00,7,8,15,19,10,800,21,"0, EUROPE (AVENUE DE L')",,,Plein jour,En agglomération,Intersection en X,Normale,Deux véhicules - côté,,,,,,,,,,,1,2,2,1,3
200700050816,0007-08-14 17:15:00,7,8,14,17,15,800,164,"0, CHEVALIER DE LA BARRE",,,Plein jour,En agglomération,Intersection en T,Normale,Deux véhicules - côté,,,,,,,,,,,1,2,3,1,3
200700050817,0007-08-16 21:15:00,7,8,16,21,15,800,21,"0, DENFERT ROCHEREAU (RU",,,Plein jour,En agglomération,Intersection en X,Normale,Sans collision,,,,,,,,,,,1,2,2,1,7
200700050818,0007-08-19 13:05:00,7,8,19,13,5,800,261,"0, AMIENS (ROUTE D')",,,Plein jour,En agglomération,Hors intersection,Normale,Deux véhicules - côté,,,,,,,,,,,1,2,1,1,3
200700050819,0007-08-19 19:50:00,7,8,19,19,50,800,21,"0, PAUL SAUTAI (RUE)",,,Plein jour,En agglomération,Intersection en X,Pluie légère,Deux véhicules - côté,,,,,,,,,,,1,2,2,2,3
200700050820,0007-08-20 12:30:00,7,8,20,12,30,800,160,"0, JEAN MARIE TJIBAOU",,,Plein jour,En agglomération,Hors intersection,Pluie légère,Deux véhicules - arrière,,,,,,,,,,,1,2,1,2,2
200700050821,0007-08-20 16:15:00,7,8,20,16,15,800,21,"0, ALSACE LORRAINE (BOUL",,,Plein jour,En agglomération,Hors intersection,Normale,Deux véhicules - côté,,,,,,,,,,,1,2,1,1,3
200700050822,0007-08-25 19:10:00,7,8,25,19,10,800,21,"433, QUATORZE JUILLET 17",,,Plein jour,En agglomération,Hors intersection,Normale,Trois véhicules et plus - en chaîne,,,,,,,,,,,1,2,1,1,4
200700050823,0007-08-30 08:55:00,7,8,30,8,55,800,21,CD 191,,,Plein jour,Hors agglomération,Giratoire,Normale,Deux véhicules - côté,,,,,,,,,,,1,1,6,1,3
200700050824,0007-08-29 17:00:00,7,8,29,17,0,800,21,ROCADE NORD EST RN 25,,,Plein jour,Hors agglomération,Hors intersection,Normale,Sans collision,,,,,,,,,,,1,1,1,1,7
200700050825,0007-08-30 15:40:00,7,8,30,15,40,800,21,"0, BEAUVILLE NORD (BOULE",,,Plein jour,Hors agglomération,Hors intersection,Normale,Deux véhicules - côté,,,,,,,,,,,1,1,1,1,3
200700050826,0007-08-30 16:05:00,7,8,30,16,5,800,725,"0, JEAN JAURES (AVENUE)",,,Plein jour,En agglomération,Intersection en X,Normale,Deux véhicules - arrière,,,,,,,,,,,1,2,2,1,2
200700050827,0007-08-30 20:50:00,7,8,30,20,50,800,21,"14, MONTAIGNE (RUE)",,,Crépuscule ou aube,En agglomération,Hors intersection,Normale,Autre collision,,,,,,,,,,,2,2,1,1,6
200700050828,0007-08-31 18:00:00,7,8,31,18,0,800,725,RD210,,,Plein jour,Hors agglomération,Hors intersection,Normale,Trois véhicules et plus - collisions multiples,,,,,,,,,,,1,1,1,1,5
200700050829,0007-08-02 14:40:00,7,8,2,14,40,810,65,TOULOUSE RN 126 (RTE DE),,,Plein jour,Hors agglomération,Hors intersection,Normale,Deux véhicules - côté,,,,,,,,,,,1,1,1,1,3
200700050830,0007-08-02 17:00:00,7,8,2,17,0,810,65,GALIBRAN BAS (CR 323 DE),,,Plein jour,En agglomération,Hors intersection,Normale,Sans collision,,,,,,,,,,,1,2,1,1,7
200700050831,0007-08-03 23:30:00,7,8,3,23,30,810,65,LICES (BD. DES),,,Nuit avec éclairage allumé,En agglomération,Intersection en X,Normale,Deux véhicules - côté,,,,,,,,,,,5,2,2,1,3
200700050832,0007-08-04 03:50:00,7,8,4,3,50,810,65,BARQUE ( CHEMIN DE LA ),,,Nuit sans éclairage public,Hors agglomération,Hors intersection,Normale,Sans collision,,,,,,,,,,,3,1,1,1,7
200700050833,0007-08-08 14:30:00,7,8,8,14,30,810,65,"1, GARDIE (LDT LA)",,,Plein jour,Hors agglomération,Hors intersection,Normale,Deux véhicules - côté,,,,,,,,,,,1,1,1,1,3
200700050834,0007-08-13 15:45:00,7,8,13,15,45,810,65,DE GAULLE RD 612 (AV. CH,,,Plein jour,En agglomération,Hors intersection,Normale,Sans collision,,,,,,,,,,,1,2,1,1,7
200700050835,0007-08-16 17:35:00,7,8,16,17,35,810,65,TOULOUSE RN 126 (RTE DE),,,Plein jour,En agglomération,Hors intersection,Normale,Deux véhicules - côté,,,,,,,,,,,1,2,1,1,3
200700050836,0007-08-20 17:15:00,7,8,20,17,15,810,65,"1, ABATTOIR (PLACE DE L'",,,Plein jour,En agglomération,Giratoire,Normale,Deux véhicules - côté,,,,,,,,,,,1,2,6,1,3
200700050837,0007-08-21 10:10:00,7,8,21,10,10,810,65,ALBI (RD612 - RTE D'),,,Plein jour,Hors agglomération,Hors intersection,Pluie légère,Deux véhicules - frontale,,,,,,,,,,,1,1,1,2,1
200700050838,0007-08-21 19:15:00,7,8,21,19,15,810,65,LAUTREC RD 83 ( AVENUE D,,,Plein jour,Hors agglomération,Intersection en T,Pluie légère,Deux véhicules - côté,,,,,,,,,,,1,1,3,2,3
200700050839,0007-08-18 16:05:00,7,8,18,16,5,810,21,LANGUEDOC,,,Plein jour,En agglomération,Intersection en T,Normale,Deux véhicules - côté,,,,,,,,,,,1,2,3,1,3
200700050840,0007-08-09 18:30:00,7,8,9,18,30,820,33,"0, VC 01",,,Plein jour,Hors agglomération,Hors intersection,Normale,Deux véhicules - côté,,,,,,,,,,,1,1,1,1,3
200700050841,0007-08-25 10:05:00,7,8,25,10,5,820,33,"0, BRUN (Léon)",,,Plein jour,En agglomération,Intersection en X,Temps éblouissant,Deux véhicules - côté,,,,,,,,,,,1,2,2,7,3
200700050842,0007-08-29 18:05:00,7,8,29,18,5,820,33,"0, CD 958",,,Plein jour,Hors agglomération,Hors intersection,Normale,Trois véhicules et plus - en chaîne,,,,,,,,,,,1,1,1,1,4
200700050843,0007-08-07 17:40:00,7,8,7,17,40,820,121,"15, JAURES (AVENUE JEAN)",,,Plein jour,En agglomération,Hors intersection,Normale,Deux véhicules - côté,,,,,,,,,,,1,2,1,1,3
200700050844,0007-08-08 17:15:00,7,8,8,17,15,820,121,"0, GAMBETTA (AVENUE)",,,Plein jour,En agglomération,Giratoire,Normale,Autre collision,,,,,,,,,,,1,2,6,1,6
200700050845,0007-08-20 18:05:00,7,8,20,18,5,820,121,"1799, CARREYRAT (CHEMIN",,,Plein jour,Hors agglomération,Hors intersection,Pluie légère,Autre collision,,,,,,,,,,,1,1,1,2,6
200700050846,0007-08-31 04:30:00,7,8,31,4,30,820,121,"0, PARIS (route de)",,,Nuit avec éclairage allumé,En agglomération,Giratoire,Normale,Deux véhicules - côté,,,,,,,,,,,5,2,6,1,3
200700050847,0007-08-08 07:05:00,7,8,8,7,5,830,61,"3022, AVENUE DE LA CORNI",,,Plein jour,En agglomération,Intersection en T,Normale,Deux véhicules - côté,,,,,,,,,,,1,2,3,1,3
200700050848,0007-08-26 00:30:00,7,8,26,0,30,830,61,"1386, AVENUE ANDRE LEOTA",,,Nuit avec éclairage allumé,Hors agglomération,Hors intersection,Normale,Sans collision,,,,,,,,,,,5,1,1,1,7
200700050849,0007-08-20 11:20:00,7,8,20,11,20,830,61,"0, ROND-POINT DE LA GEND",,,Plein jour,En agglomération,Giratoire,Normale,Deux véhicules - arrière,,,,,,,,,,,1,2,6,1,2
200700050850,0007-08-21 19:40:00,7,8,21,19,40,830,61,"0, D7",,,Plein jour,En agglomération,Hors intersection,Normale,Deux véhicules - côté,,,,,,,,,,,1,2,1,1,3
200700050851,0007-08-28 08:05:00,7,8,28,8,5,830,118,"0, BOULEVARD JEAN MOULIN",,,Plein jour,En agglomération,Intersection en Y,Temps éblouissant,Deux véhicules - frontale,,,,,,,,,,,1,2,4,7,1
200700050852,0007-08-27 07:56:00,7,8,27,7,56,830,118,"0, BOULEVARD JEAN MOULIN",,,Plein jour,En agglomération,Hors intersection,Normale,Deux véhicules - frontale,,,,,,,,,,,1,2,1,1,1
200700050853,0007-08-24 15:20:00,7,8,24,15,20,830,61,"0, RUE DU DOCTEUR LOUIS",,,Plein jour,En agglomération,Hors intersection,Normale,Deux véhicules - frontale,,,,,,,,,,,1,2,1,1,1
200700050854,0007-08-06 15:20:00,7,8,6,15,20,830,69,"42, DENIS (AVENUE ALPHON",,,Plein jour,En agglomération,Intersection en T,Normale,Autre collision,,,,,,,,,,,1,2,3,1,6
200700050855,0007-08-03 19:30:00,7,8,3,19,30,830,129,"000, KENNEDY (AVENUE J.)",,,Plein jour,En agglomération,Hors intersection,Normale,Autre collision,,,,,,,,,,,1,2,1,1,6
200700050856,0007-08-04 21:20:00,7,8,4,21,20,830,123,"000, SAINT ROCH (CHEMIN)",,,Nuit avec éclairage allumé,En agglomération,Hors intersection,Normale,Deux véhicules - côté,,,,,,,,,,,5,2,1,1,3
200700050857,0007-08-08 03:30:00,7,8,8,3,30,830,123,"000, GARE (ROUTE)",,,Nuit avec éclairage allumé,Hors agglomération,Hors intersection,Normale,Deux véhicules - côté,,,,,,,,,,,5,1,1,1,3
200700050858,0007-08-04 10:20:00,7,8,4,10,20,830,129,"000, MER (AVENUE DE LA)",,,Plein jour,En agglomération,Intersection en T,Normale,Autre collision,,,,,,,,,,,1,2,3,1,6
200700050859,0007-08-07 17:00:00,7,8,7,17,0,830,9,"000, BEAUSSET (ROUTE DU)",,,Plein jour,Hors agglomération,Autre intersection,Normale,Deux véhicules - côté,,,,,,,,,,,1,1,9,1,3
200700050860,0007-08-12 14:25:00,7,8,12,14,25,830,9,"000, ROUTE NATIONALE 559",,,Plein jour,En agglomération,Hors intersection,Normale,Autre collision,,,,,,,,,,,1,2,1,1,6
200700050861,0007-08-12 18:35:00,7,8,12,18,35,830,9,"000, DEPARTEMENTALE 559",,,Plein jour,En agglomération,Hors intersection,Normale,Deux véhicules - côté,,,,,,,,,,,1,2,1,1,3
200700050862,0007-08-14 00:20:00,7,8,14,0,20,830,129,"0000, ECOLES (BD DES)",,,Nuit avec éclairage allumé,En agglomération,Hors intersection,Normale,Sans collision,,,,,,,,,,,5,2,1,1,7
200700050863,0007-08-06 20:20:00,7,8,6,20,20,830,129,"000, ESTEVE BAS (RUE D')",,,Plein jour,En agglomération,Giratoire,Normale,Deux véhicules - frontale,,,,,,,,,,,1,2,6,1,1
200700050864,0007-08-14 15:15:00,7,8,14,15,15,830,129,"446, ECOLES (BD DES)",,,Plein jour,En agglomération,Intersection en T,Normale,Deux véhicules - côté,,,,,,,,,,,1,2,3,1,3
200700050865,0007-08-18 00:45:00,7,8,18,0,45,830,129,"000, EMMENNINGEN (ROND P",,,Nuit avec éclairage allumé,En agglomération,Giratoire,Normale,Deux véhicules - côté,,,,,,,,,,,5,2,6,1,3
200700050866,0007-08-21 14:35:00,7,8,21,14,35,830,129,"000, MER (AVENUE DE LA)",,,Plein jour,En agglomération,Giratoire,Normale,Deux véhicules - côté,,,,,,,,,,,1,2,6,1,3
200700050867,0007-08-29 10:05:00,7,8,29,10,5,830,129,"000, SABLETTES (ROUTE DE",,,Plein jour,En agglomération,Hors intersection,Normale,Deux véhicules - côté,,,,,,,,,,,1,2,1,1,3
200700050868,0007-08-30 15:00:00,7,8,30,15,0,830,129,"000, AUDIBERT (RUE ET CH",,,Plein jour,En agglomération,Hors intersection,Normale,Deux véhicules - arrière,,,,,,,,,,,1,2,1,1,2
200700050869,0007-08-11 11:25:00,7,8,11,11,25,830,153,"0, ROUGET DE L'ISLE (RUE",,,Plein jour,En agglomération,Hors intersection,Normale,Autre collision,,,,,,,,,,,1,2,1,1,6