accident_id,datetime,annee,mois,jour,heure,minute,departement,commune_insee,adresse,latitude,longitude,luminosite,agglomeration,intersection,meteo,collision,nb_vehicules,nb_usagers,nb_indemnes,nb_tues,nb_blesses_hosp,nb_blesses_legers,age_cond_1,age_cond_2,veh_type_cond_1,veh_type_cond_2,lum_code,agg_code,int_code,atm_code,col_code
200700050870,0007-08-10 20:00:00,7,8,10,20,0,830,126,Pablo Neruda,,,Crépuscule ou aube,En agglomération,Hors intersection,Normale,Autre collision,,,,,,,,,,,2,2,1,1,6
200700050871,0007-08-15 19:20:00,7,8,15,19,20,830,126,IVALDI (AV JEAN BAPTISTE,,,Plein jour,En agglomération,Intersection en T,Normale,Deux véhicules - côté,,,,,,,,,,,1,2,3,1,3
200700050872,0007-08-17 10:45:00,7,8,17,10,45,830,126,"337, VERLAQUE (AV NOEL )",,,Plein jour,En agglomération,Hors intersection,Normale,Autre collision,,,,,,,,,,,1,2,1,1,6
200700050873,0007-08-18 01:20:00,7,8,18,1,20,830,126,KENNEDY (CARREFOUR),,,Nuit avec éclairage allumé,En agglomération,Intersection en T,Normale,Deux véhicules - frontale,,,,,,,,,,,5,2,3,1,1
200700050874,0007-08-02 23:00:00,7,8,2,23,0,830,90,"1500, SANARY (ROUTE DE)",,,Nuit avec éclairage allumé,Hors agglomération,Hors intersection,Normale,Trois véhicules et plus - collisions multiples,,,,,,,,,,,5,1,1,1,5
200700050875,0007-08-03 14:45:00,7,8,3,14,45,830,137,GUILLEMARD (RUE ROBERT),,,Plein jour,En agglomération,Intersection en Y,Normale,Deux véhicules - arrière,,,,,,,,,,,1,2,4,1,2
200700050876,0007-08-05 06:20:00,7,8,5,6,20,830,62,"1589, HOUOT (AVENUE CDT)",,,Crépuscule ou aube,En agglomération,Hors intersection,Normale,Trois véhicules et plus - collisions multiples,,,,,,,,,,,2,2,1,1,5
200700050877,0007-08-04 13:00:00,7,8,4,13,0,830,137,"1710, PICOT (AVE DU COLO",,,Plein jour,En agglomération,Intersection en X,Normale,Deux véhicules - côté,,,,,,,,,,,1,2,2,1,3
200700050878,0007-08-01 19:12:00,7,8,1,19,12,830,62,DRAGUIGNAN (AVENUE DE),,,Plein jour,Hors agglomération,Hors intersection,Normale,Deux véhicules - côté,,,,,,,,,,,1,1,1,1,3
200700050879,0007-08-14 14:35:00,7,8,14,14,35,830,137,MARCHAND (AVE COMMANDANT,,,Plein jour,En agglomération,Hors intersection,Normale,Deux véhicules - arrière,,,,,,,,,,,1,2,1,1,2
200700050880,0007-08-14 18:30:00,7,8,14,18,30,830,137,INFANTERIE DE MARINE (AV,,,Plein jour,En agglomération,Hors intersection,Normale,Deux véhicules - arrière,,,,,,,,,,,1,2,1,1,2
200700050881,0007-08-15 15:30:00,7,8,15,15,30,830,137,DARDANELLES (AVE DES),,,Plein jour,En agglomération,Intersection en X,Normale,Autre collision,,,,,,,,,,,1,2,2,1,6
200700050882,0007-08-06 08:35:00,7,8,6,8,35,830,137,FABIE (RUE / AVE FRANCOI,,,Plein jour,En agglomération,Intersection en X,Normale,Deux véhicules - côté,,,,,,,,,,,1,2,2,1,3
200700050883,0007-08-08 17:15:00,7,8,8,17,15,830,137,STRASBOURG (BD DE ),,,Plein jour,En agglomération,Hors intersection,Temps éblouissant,Deux véhicules - côté,,,,,,,,,,,1,2,1,7,3
200700050884,0007-08-17 18:36:00,7,8,17,18,36,830,137,LICES (AVE DES),,,Plein jour,En agglomération,Hors intersection,Normale,Autre collision,,,,,,,,,,,1,2,1,1,6
200700050885,0007-08-17 20:17:00,7,8,17,20,17,830,137,STRASBOURG (BD DE ),,,Plein jour,En agglomération,Hors intersection,Normale,Autre collision,,,,,,,,,,,1,2,1,1,6
200700050886,0007-08-20 17:00:00,7,8,20,17,0,830,137,RESISTANCE (AVE / IMP DE,,,Plein jour,En agglomération,Hors intersection,Normale,Deux véhicules - côté,,,,,,,,,,,1,2,1,1,3
200700050887,0007-08-20 15:00:00,7,8,20,15,0,830,137,LECLERC (AVE GENERAL),,,Plein jour,En agglomération,Hors intersection,Normale,Autre collision,,,,,,,,,,,1,2,1,1,6
200700050888,0007-08-22 15:40:00,7,8,22,15,40,830,137,"85, RIVIERE (QUAI COMMAN",,,Plein jour,En agglomération,Hors intersection,Normale,Deux véhicules - arrière,,,,,,,,,,,1,2,1,1,2
200700050889,0007-08-24 20:15:00,7,8,24,20,15,830,62,HOUOT (AVENUE CDT),,,Nuit avec éclairage allumé,En agglomération,Hors intersection,Normale,Deux véhicules - côté,,,,,,,,,,,5,2,1,1,3
200700050890,0007-08-25 03:20:00,7,8,25,3,20,830,137,BRIAND (AVE ARISTIDE DE,,,Nuit avec éclairage allumé,En agglomération,Hors intersection,Normale,Autre collision,,,,,,,,,,,5,2,1,1,6
200700050891,0007-08-19 15:23:00,7,8,19,15,23,830,144,NATIONALE 97 (ROUTE),,,Plein jour,Hors agglomération,Hors intersection,Normale,Deux véhicules - côté,,,,,,,,,,,1,1,1,1,3
200700050892,0007-08-29 18:10:00,7,8,29,18,10,830,137,CUZIN (AVE FRANCOIS),,,Plein jour,En agglomération,Intersection en T,Normale,Deux véhicules - côté,,,,,,,,,,,1,2,3,1,3
200700050893,0007-08-25 06:50:00,7,8,25,6,50,830,137,OLIVIERS (AVE DES ),,,Plein jour,En agglomération,Hors intersection,Normale,Deux véhicules - côté,,,,,,,,,,,1,2,1,1,3
200700050894,0007-08-28 10:00:00,7,8,28,10,0,830,62,"500, DIGNE (AVENUE DE )",,,Plein jour,En agglomération,Hors intersection,Normale,Deux véhicules - côté,,,,,,,,,,,1,2,1,1,3
200700050895,0007-08-28 17:25:00,7,8,28,17,25,830,137,JONQUET (CHEMIN / PONT D,,,Plein jour,En agglomération,Giratoire,Normale,Deux véhicules - côté,,,,,,,,,,,1,2,6,1,3
200700050896,0007-08-28 16:30:00,7,8,28,16,30,830,137,AMPERE (AVE ANDRE),,,Plein jour,En agglomération,Intersection en T,Normale,Sans collision,,,,,,,,,,,1,2,3,1,7
200700050897,0007-08-02 11:35:00,7,8,2,11,35,840,7,"151 BIS, TARASCON ( Aven",,,Plein jour,En agglomération,Hors intersection,Normale,Autre collision,,,,,,,,,,,1,2,1,1,6
200700050898,0007-08-03 14:30:00,7,8,3,14,30,840,7,BONO NOUVELLO (Chemin),,,Plein jour,Hors agglomération,Hors intersection,Normale,Deux véhicules - frontale,,,,,,,,,,,1,1,1,1,1
200700050899,0007-08-03 17:00:00,7,8,3,17,0,840,7,COUBERTIN (AV.Pierre de,,,Plein jour,En agglomération,Hors intersection,Normale,Autre collision,,,,,,,,,,,1,2,1,1,6
200700050900,0007-08-04 20:20:00,7,8,4,20,20,840,7,PARKING CAP SUD,,,Plein jour,Hors agglomération,Hors intersection,Normale,Autre collision,,,,,,,,,,,1,1,1,1,6
200700050901,0007-08-06 11:55:00,7,8,6,11,55,840,7,TRILLADE (avenue de la ),,,Plein jour,Hors agglomération,Hors intersection,Normale,Deux véhicules - frontale,,,,,,,,,,,1,1,1,1,1
200700050902,0007-08-10 17:05:00,7,8,10,17,5,840,7,QUAI SAINT LAZARE (Bd du,,,Plein jour,En agglomération,Hors intersection,Normale,Deux véhicules - arrière,,,,,,,,,,,1,2,1,1,2
200700050903,0007-08-10 23:25:00,7,8,10,23,25,840,7,MARSEILLE (Route de ),,,Nuit avec éclairage allumé,En agglomération,Giratoire,Normale,Autre collision,,,,,,,,,,,5,2,6,1,6
200700050904,0007-08-11 21:00:00,7,8,11,21,0,840,7,SAINTE CATHERINE,,,Crépuscule ou aube,Hors agglomération,Hors intersection,Normale,Deux véhicules - arrière,,,,,,,,,,,2,1,1,1,2
200700050905,0007-08-12 21:45:00,7,8,12,21,45,840,7,République (rue de la ),,,Crépuscule ou aube,En agglomération,Hors intersection,Normale,Autre collision,,,,,,,,,,,2,2,1,1,6
200700050906,0007-08-14 17:50:00,7,8,14,17,50,840,7,"648, GRIS VERTS (CHEMIN",,,Plein jour,Hors agglomération,Hors intersection,Normale,Deux véhicules - frontale,,,,,,,,,,,1,1,1,1,1
200700050907,0007-08-14 22:10:00,7,8,14,22,10,840,7,"2, paquerettes (rue des)",,,Plein jour,Hors agglomération,Hors intersection,Normale,Autre collision,,,,,,,,,,,1,1,1,1,6
200700050908,0007-08-17 06:30:00,7,8,17,6,30,840,7,COURTINE (Chemin de),,,Crépuscule ou aube,En agglomération,Hors intersection,Normale,Trois véhicules et plus - collisions multiples,,,,,,,,,,,2,2,1,1,5
200700050909,0007-08-18 17:25:00,7,8,18,17,25,840,7,MORIERES (Route de ),,,Plein jour,Hors agglomération,Intersection en T,Normale,Deux véhicules - côté,,,,,,,,,,,1,1,3,1,3
200700050910,0007-08-20 11:40:00,7,8,20,11,40,840,7,"40 bis, MOULIN NOTRE DAM",,,Plein jour,En agglomération,Hors intersection,Normale,Autre collision,,,,,,,,,,,1,2,1,1,6
200700050911,0007-08-22 09:55:00,7,8,22,9,55,840,7,"59, ARROUSAIRE (avenue d",,,Plein jour,En agglomération,Hors intersection,Normale,Autre collision,,,,,,,,,,,1,2,1,1,6
200700050912,0007-08-23 19:25:00,7,8,23,19,25,840,7,C.De GAULLE (Rocade),,,Crépuscule ou aube,En agglomération,Hors intersection,Normale,Deux véhicules - arrière,,,,,,,,,,,2,2,1,1,2
200700050913,0007-08-24 20:05:00,7,8,24,20,5,840,7,ISLON (Chemin de l'),,,Plein jour,Hors agglomération,Hors intersection,Normale,Deux véhicules - côté,,,,,,,,,,,1,1,1,1,3
200700050914,0007-08-25 05:50:00,7,8,25,5,50,840,7,MORIERES (ROUTE DE),,,Nuit avec éclairage allumé,Hors agglomération,Hors intersection,Normale,Autre collision,,,,,,,,,,,5,1,1,1,6
200700050915,0007-08-29 20:45:00,7,8,29,20,45,840,7,"44, JAURES (Cours Jean)",,,Nuit avec éclairage allumé,En agglomération,Hors intersection,Normale,Autre collision,,,,,,,,,,,5,2,1,1,6
200700050916,0007-08-03 17:10:00,7,8,3,17,10,840,31,EUROPE AVENUE DE L',,,Plein jour,Hors agglomération,Hors intersection,Normale,Deux véhicules - frontale,,,,,,,,,,,1,1,1,1,1
200700050917,0007-08-12 15:00:00,7,8,12,15,0,840,80,VELLERON ROUTE DE,,,Plein jour,Hors agglomération,Hors intersection,Normale,Deux véhicules - côté,,,,,,,,,,,1,1,1,1,3
200700050918,0007-08-17 11:00:00,7,8,17,11,0,840,35,"294, CONDAMINES (FAUBOUR",,,Plein jour,En agglomération,Hors intersection,Normale,Deux véhicules - arrière,,,,,,,,,,,1,2,1,1,2
200700050919,0007-08-31 09:10:00,7,8,31,9,10,840,35,"90, PERI (AVENUE GABRIEL",,,Plein jour,En agglomération,Hors intersection,Normale,Autre collision,,,,,,,,,,,1,2,1,1,6
200700050920,0007-08-06 12:10:00,7,8,6,12,10,840,87,Parking,,,Plein jour,En agglomération,Hors intersection,Normale,Autre collision,,,,,,,,,,,1,2,1,1,6
200700050921,0007-08-17 21:00:00,7,8,17,21,0,840,87,ROUTE DE CAMARET,,,Nuit sans éclairage public,Hors agglomération,Hors intersection,Normale,Deux véhicules - frontale,,,,,,,,,,,3,1,1,1,1
200700050922,0007-08-31 10:55:00,7,8,31,10,55,840,89,"CD956, TOUR (RUE DE LA)",,,Plein jour,En agglomération,Hors intersection,Normale,Deux véhicules - arrière,,,,,,,,,,,1,2,1,1,2
200700050923,0007-08-25 16:05:00,7,8,25,16,5,850,191,D 160 ROCADE NORD,,,Plein jour,Hors agglomération,Hors intersection,Normale,Trois véhicules et plus - en chaîne,,,,,,,,,,,1,1,1,1,4
200700050924,0007-08-06 18:40:00,7,8,6,18,40,850,194,PETIT VERSAILLES (RUE DU,,,Plein jour,En agglomération,Intersection en X,Normale,Deux véhicules - côté,,,,,,,,,,,1,2,2,1,3
200700050925,0007-08-09 13:00:00,7,8,9,13,0,850,194,GRAND CANTON (RUE DU),,,Plein jour,En agglomération,Hors intersection,Normale,Autre collision,,,,,,,,,,,1,2,1,1,6
200700050926,0007-08-10 20:50:00,7,8,10,20,50,850,194,CHATEAUBRIAND (RUE),,,Plein jour,En agglomération,Hors intersection,Normale,Sans collision,,,,,,,,,,,1,2,1,1,7
200700050927,0007-08-17 02:30:00,7,8,17,2,30,850,194,", LATTRE DE TASSIGNY (BO",,,Nuit avec éclairage allumé,En agglomération,Hors intersection,Pluie légère,Deux véhicules - frontale,,,,,,,,,,,5,2,1,2,1
200700050928,0007-08-23 05:15:00,7,8,23,5,15,850,194,AQUITAINE (AVENUE D'),,,Nuit avec éclairage allumé,En agglomération,Giratoire,Normale,Autre collision,,,,,,,,,,,5,2,6,1,6
200700050929,0007-08-17 18:58:00,7,8,17,18,58,850,194,"43, BELLE OLONNAISE (RUE",,,Plein jour,En agglomération,Hors intersection,Normale,Autre collision,,,,,,,,,,,1,2,1,1,6
200700050930,0007-08-13 17:25:00,7,8,13,17,25,850,194,BRETAGNE (AVENUE DE),,,Plein jour,En agglomération,Intersection en X,Normale,Trois véhicules et plus - collisions multiples,,,,,,,,,,,1,2,2,1,5
200700050931,0007-08-27 17:30:00,7,8,27,17,30,850,194,"7, GODET (PROMENADE GEOR",,,Plein jour,En agglomération,Hors intersection,Normale,Deux véhicules - arrière,,,,,,,,,,,1,2,1,1,2
200700050932,0007-08-12 17:05:00,7,8,12,17,5,860,66,MOULIN (AVENUE JEAN),,,Plein jour,En agglomération,Intersection en X,Normale,Deux véhicules - côté,,,,,,,,,,,1,2,2,1,3
200700050933,0007-08-01 12:05:00,7,8,1,12,5,860,133,,,,Plein jour,Hors agglomération,Hors intersection,Normale,Deux véhicules - côté,,,,,,,,,,,1,1,1,1,3
200700050934,0007-08-05 22:05:00,7,8,5,22,5,860,194,PAILLERIE (RUE DE LA),,,Nuit avec éclairage allumé,En agglomération,Intersection en X,Normale,Deux véhicules - côté,,,,,,,,,,,5,2,2,1,3
200700050935,0007-08-08 17:05:00,7,8,8,17,5,860,194,GENCAY (ROUTE DE),,,Plein jour,En agglomération,Intersection en X,Normale,Deux véhicules - côté,,,,,,,,,,,1,2,2,1,3
200700050936,0007-08-13 07:30:00,7,8,13,7,30,860,157,RN.147,,,Plein jour,Hors agglomération,Hors intersection,Normale,Deux véhicules - arrière,,,,,,,,,,,1,1,1,1,2
200700050937,0007-08-18 14:00:00,7,8,18,14,0,860,194,"9, MARECHAL LECLERC (PLA",,,Plein jour,En agglomération,Hors intersection,Normale,Sans collision,,,,,,,,,,,1,2,1,1,7
200700050938,0007-08-20 16:40:00,7,8,20,16,40,860,214,11 NOVEMBRE (AVENUE DU),,,Plein jour,En agglomération,Hors intersection,Pluie légère,Trois véhicules et plus - en chaîne,,,,,,,,,,,1,2,1,2,4
200700050939,0007-08-20 20:35:00,7,8,20,20,35,860,214,ROCADE SUD EST (RD 162),,,Plein jour,En agglomération,Hors intersection,Normale,Sans collision,,,,,,,,,,,1,2,1,1,7
200700050940,0007-08-24 04:10:00,7,8,24,4,10,860,194,"., TISON (BOULEVARD)",,,Nuit avec éclairage allumé,En agglomération,Hors intersection,Normale,Sans collision,,,,,,,,,,,5,2,1,1,7
200700050941,0007-08-25 05:30:00,7,8,25,5,30,860,194,EUROPE (AVENUE DE L'),,,Nuit avec éclairage non allumé,En agglomération,Hors intersection,Normale,Sans collision,,,,,,,,,,,4,2,1,1,7
200700050942,0007-08-27 16:45:00,7,8,27,16,45,860,194,PAILLERIE (RUE DE LA),,,Plein jour,En agglomération,Intersection en X,Normale,Deux véhicules - côté,,,,,,,,,,,1,2,2,1,3
200700050943,0007-08-27 18:05:00,7,8,27,18,5,860,194,RN 147,,,Plein jour,Hors agglomération,Hors intersection,Normale,Deux véhicules - arrière,,,,,,,,,,,1,1,1,1,2
200700050944,0007-08-28 10:05:00,7,8,28,10,5,860,194,"11, LIBERATION (AVENUE D",,,Plein jour,En agglomération,Hors intersection,Normale,Deux véhicules - arrière,,,,,,,,,,,1,2,1,1,2
200700050945,0007-08-28 19:30:00,7,8,28,19,30,860,194,"104, JOACHIM DU BELLAY (",,,Plein jour,En agglomération,Hors intersection,Normale,Autre collision,,,,,,,,,,,1,2,1,1,6
200700050946,0007-08-31 12:00:00,7,8,31,12,0,860,194,"64, FAUBOURG PONT NEUF (",,,Plein jour,En agglomération,Intersection en T,Normale,Deux véhicules - côté,,,,,,,,,,,1,2,3,1,3
200700050947,0007-08-02 21:29:00,7,8,2,21,29,870,85,"37, PENITENTS NOIRS (PAS",,,Crépuscule ou aube,En agglomération,Autre intersection,Normale,Deux véhicules - côté,,,,,,,,,,,2,2,9,1,3
200700050948,0007-08-03 17:16:00,7,8,3,17,16,870,85,"58, SILVESTRE (RUE CHARL",,,Plein jour,En agglomération,Hors intersection,Normale,Deux véhicules - frontale,,,,,,,,,,,1,2,1,1,1
200700050949,0007-08-04 08:13:00,7,8,4,8,13,870,50,TEXONNIERAS (RUE DE),,,Plein jour,Hors agglomération,Hors intersection,Normale,Autre collision,,,,,,,,,,,1,1,1,1,6
200700050950,0007-08-04 19:19:00,7,8,4,19,19,870,50,LAJOUX (LIEU DIT),,,Plein jour,Hors agglomération,Hors intersection,Normale,Autre collision,,,,,,,,,,,1,1,1,1,6
200700050951,0007-08-04 21:15:00,7,8,4,21,15,870,85,"26, GARIBALDI (AVENUE)",,,Plein jour,En agglomération,Hors intersection,Normale,Deux véhicules - frontale,,,,,,,,,,,1,2,1,1,1
200700050952,0007-08-04 22:05:00,7,8,4,22,5,870,48,NEXON (ROUTE DE),,,Nuit sans éclairage public,Hors agglomération,Hors intersection,Normale,Autre collision,,,,,,,,,,,3,1,1,1,6
200700050953,0007-08-06 11:11:00,7,8,6,11,11,870,114,"56, COUTURE CHARBON (LA)",,,Plein jour,En agglomération,Hors intersection,Pluie légère,Deux véhicules - arrière,,,,,,,,,,,1,2,1,2,2
200700050954,0007-08-06 12:05:00,7,8,6,12,5,870,85,RN520,,,Plein jour,Hors agglomération,Hors intersection,Normale,Deux véhicules - frontale,,,,,,,,,,,1,1,1,1,1
200700050955,0007-08-06 16:12:00,7,8,6,16,12,870,65,"D400, PORTES DE FEYTIAT",,,Plein jour,En agglomération,Hors intersection,Pluie légère,Deux véhicules - frontale,,,,,,,,,,,1,2,1,2,1
200700050956,0007-08-06 15:55:00,7,8,6,15,55,870,75,RN 21,,,Plein jour,Hors agglomération,Hors intersection,Pluie forte,Autre collision,,,,,,,,,,,1,1,1,3,6
200700050957,0007-08-06 18:11:00,7,8,6,18,11,870,85,"140, LABUSSIERE (AVENUE",,,Plein jour,En agglomération,Hors intersection,Pluie légère,Trois véhicules et plus - en chaîne,,,,,,,,,,,1,2,1,2,4
200700050958,0007-08-07 16:47:00,7,8,7,16,47,870,85,"0, EUROPE (CARREFOUR DE",,,Plein jour,En agglomération,Hors intersection,Normale,Deux véhicules - arrière,,,,,,,,,,,1,2,1,1,2
200700050959,0007-08-07 18:09:00,7,8,7,18,9,870,85,"157, LANDOUGE (AVENUE DE",,,Plein jour,En agglomération,Hors intersection,Normale,Autre collision,,,,,,,,,,,1,2,1,1,6
200700050960,0007-08-09 20:52:00,7,8,9,20,52,870,85,"49, ISLE (RUE D')",,,Nuit avec éclairage allumé,En agglomération,Hors intersection,Normale,Autre collision,,,,,,,,,,,5,2,1,1,6
200700050961,0007-08-10 15:50:00,7,8,10,15,50,870,85,"422, TOULOUSE (RUE DE)",,,Plein jour,En agglomération,Intersection en X,Normale,Deux véhicules - côté,,,,,,,,,,,1,2,2,1,3
200700050962,0007-08-10 23:35:00,7,8,10,23,35,870,85,ATLANTIS (RUE),,,Nuit avec éclairage allumé,En agglomération,Hors intersection,Normale,Autre collision,,,,,,,,,,,5,2,1,1,6
200700050963,0007-08-12 03:31:00,7,8,12,3,31,870,113,CLEMENCEAU (RUE GEORGES),,,Nuit avec éclairage allumé,En agglomération,Hors intersection,Normale,Autre collision,,,,,,,,,,,5,2,1,1,6
200700050964,0007-08-14 10:06:00,7,8,14,10,6,870,85,"152, CHINCHAUVAUD (RUE D",,,Plein jour,En agglomération,Intersection en X,Normale,Deux véhicules - côté,,,,,,,,,,,1,2,2,1,3
200700050965,0007-08-14 14:28:00,7,8,14,14,28,870,85,"49, BEL AIR (BOULEVARD D",,,Plein jour,En agglomération,Intersection en X,Normale,Deux véhicules - côté,,,,,,,,,,,1,2,2,1,3
200700050966,0007-08-17 12:10:00,7,8,17,12,10,870,85,"7, DE GAULLE (AVENUE DU",,,Plein jour,En agglomération,Hors intersection,Normale,Autre collision,,,,,,,,,,,1,2,1,1,6
200700050967,0007-08-17 14:58:00,7,8,17,14,58,870,85,"7, CEREZ (RUE DU GENERAL",,,Plein jour,En agglomération,Hors intersection,Normale,Autre collision,,,,,,,,,,,1,2,1,1,6
200700050968,0007-08-18 09:10:00,7,8,18,9,10,870,85,"151, BAUDIN (AVENUE)",,,Plein jour,En agglomération,Intersection en X,Normale,Deux véhicules - frontale,,,,,,,,,,,1,2,2,1,1
200700050969,0007-08-18 11:26:00,7,8,18,11,26,870,85,"180, BAUDIN (AVENUE)",,,Plein jour,En agglomération,Autre intersection,Normale,Autre collision,,,,,,,,,,,1,2,9,1,6
200700050970,0007-08-18 20:02:00,7,8,18,20,2,870,85,RD941,,,Plein jour,Hors agglomération,Hors intersection,Normale,Autre collision,,,,,,,,,,,1,1,1,1,6
200700050971,0007-08-19 10:00:00,7,8,19,10,0,870,85,ORADOUR SUR GLANE (CARRE,,,Plein jour,En agglomération,Intersection en X,Normale,Deux véhicules - côté,,,,,,,,,,,1,2,2,1,3
200700050972,0007-08-19 21:44:00,7,8,19,21,44,870,85,BOURNAZEL (RUE HENRI DE),,,Nuit avec éclairage allumé,Hors agglomération,Intersection en X,Normale,Deux véhicules - côté,,,,,,,,,,,5,1,2,1,3
200700050973,0007-08-20 09:16:00,7,8,20,9,16,870,85,PUY REJEAUD (RUE DU),,,Plein jour,En agglomération,Hors intersection,Normale,Autre collision,,,,,,,,,,,1,2,1,1,6
200700050974,0007-08-21 12:02:00,7,8,21,12,2,870,113,"37, MOULIN (AVENUE JEAN)",,,Plein jour,En agglomération,Intersection en X,Pluie légère,Deux véhicules - côté,,,,,,,,,,,1,2,2,2,3
200700050975,0007-08-21 16:05:00,7,8,21,16,5,870,85,AUTOROUTE A20,,,Plein jour,Hors agglomération,Hors intersection,Normale,Deux véhicules - côté,,,,,,,,,,,1,1,1,1,3
200700050976,0007-08-22 12:28:00,7,8,22,12,28,870,65,"19, PLAGNE (RUE DE LA)",,,Plein jour,En agglomération,Hors intersection,Normale,Autre collision,,,,,,,,,,,1,2,1,1,6
200700050977,0007-08-23 13:02:00,7,8,23,13,2,870,75,RD79,,,Plein jour,Hors agglomération,Hors intersection,Pluie légère,Autre collision,,,,,,,,,,,1,1,1,2,6
200700050978,0007-08-23 16:46:00,7,8,23,16,46,870,85,PERRIER (RUE FRANCOIS),,,Plein jour,En agglomération,Hors intersection,Pluie légère,Autre collision,,,,,,,,,,,1,2,1,2,6
200700050979,0007-08-23 18:10:00,7,8,23,18,10,870,114,"38, LEYSSENE (JOSEPH-)",,,Plein jour,En agglomération,Hors intersection,Normale,Deux véhicules - arrière,,,,,,,,,,,1,2,1,1,2
200700050980,0007-08-23 22:43:00,7,8,23,22,43,870,85,"1, STALINGRAD (PLACE)",,,Nuit avec éclairage allumé,En agglomération,Hors intersection,Pluie forte,Autre collision,,,,,,,,,,,5,2,1,3,6
200700050981,0007-08-25 04:52:00,7,8,25,4,52,870,85,"1, FONT-PINOT (RUE DE LA",,,Nuit avec éclairage allumé,En agglomération,Hors intersection,Normale,Autre collision,,,,,,,,,,,5,2,1,1,6
200700050982,0007-08-25 19:49:00,7,8,25,19,49,870,85,"186, TOULOUSE (RUE DE)",,,Plein jour,En agglomération,Hors intersection,Normale,Autre collision,,,,,,,,,,,1,2,1,1,6
200700050983,0007-08-26 21:33:00,7,8,26,21,33,870,114,"70, DE-GAULLE (AVENUE DU",,,Nuit avec éclairage allumé,En agglomération,Intersection en T,Normale,Deux véhicules - côté,,,,,,,,,,,5,2,3,1,3
200700050984,0007-08-28 19:38:00,7,8,28,19,38,870,85,"41, NAUGEAT (AVENUE DE",,,Plein jour,En agglomération,Hors intersection,Normale,Sans collision,,,,,,,,,,,1,2,1,1,7
200700050985,0007-08-29 09:04:00,7,8,29,9,4,870,85,"22, GAMBETTA (BOULEVARD)",,,Plein jour,En agglomération,Hors intersection,Normale,Deux véhicules - côté,,,,,,,,,,,1,2,1,1,3
200700050986,0007-08-29 13:25:00,7,8,29,13,25,870,85,AUTOROUTE A20,,,Plein jour,Hors agglomération,Hors intersection,Pluie forte,Deux véhicules - côté,,,,,,,,,,,1,1,1,3,3
200700050987,0007-08-29 14:42:00,7,8,29,14,42,870,85,"27, REVOLUTION (AVENUE D",,,Plein jour,En agglomération,Hors intersection,Pluie légère,Deux véhicules - côté,,,,,,,,,,,1,2,1,2,3
200700050988,0007-08-29 19:35:00,7,8,29,19,35,870,85,"35 B, GARIBALDI (AVENUE)",,,Plein jour,En agglomération,Hors intersection,Pluie légère,Deux véhicules - arrière,,,,,,,,,,,1,2,1,2,2
200700050989,0007-08-31 10:58:00,7,8,31,10,58,870,85,"54, LABUSSIERE (AVENUE E",,,Plein jour,En agglomération,Intersection en X,Normale,Trois véhicules et plus - collisions multiples,,,,,,,,,,,1,2,2,1,5
200700050990,0007-08-31 15:11:00,7,8,31,15,11,870,85,AUTOROUTE A20,,,Plein jour,Hors agglomération,Hors intersection,Normale,Autre collision,,,,,,,,,,,1,1,1,1,6
200700050991,0007-08-31 18:59:00,7,8,31,18,59,870,85,"35, CHENIEUX (RUE FRANCO",,,Plein jour,En agglomération,Intersection en T,Normale,Deux véhicules - côté,,,,,,,,,,,1,2,3,1,3
200700050992,0007-08-07 10:40:00,7,8,7,10,40,880,160,"10, MUSEE (Q. DU)",,,Plein jour,En agglomération,Intersection en T,Pluie légère,Deux véhicules - côté,,,,,,,,,,,1,2,3,2,3
200700050993,0007-08-20 16:25:00,7,8,20,16,25,880,160,"10, CHENES (ALL. DES)",,,Plein jour,En agglomération,Hors intersection,Normale,Deux véhicules - côté,,,,,,,,,,,1,2,1,1,3
200700050994,0007-08-25 17:25:00,7,8,25,17,25,880,160,"1, route de Gérardmer",,,Plein jour,Hors agglomération,Hors intersection,Normale,Deux véhicules - côté,,,,,,,,,,,1,1,1,1,3
200700050995,0007-08-29 14:50:00,7,8,29,14,50,880,209,MOSELLE (RUE DE LA),,,Plein jour,En agglomération,Intersection en X,Normale,Deux véhicules - côté,,,,,,,,,,,1,2,2,1,3
200700050996,0007-08-15 21:00:00,7,8,15,21,0,880,160,"1, JEUXEY (RTE DE)",,,Crépuscule ou aube,En agglomération,Intersection en X,Normale,Deux véhicules - côté,,,,,,,,,,,2,2,2,1,3
200700050997,0007-08-31 21:25:00,7,8,31,21,25,880,160,"2, VERDUN (RUE DE)",,,Nuit avec éclairage non allumé,En agglomération,Intersection en X,Normale,Deux véhicules - côté,,,,,,,,,,,4,2,2,1,3
200700050998,0007-08-03 17:00:00,7,8,3,17,0,880,413,"1, Travaileurs ( rue des",,,Plein jour,En agglomération,Hors intersection,Normale,Deux véhicules - arrière,,,,,,,,,,,1,2,1,1,2
200700050999,0007-08-04 16:30:00,7,8,4,16,30,880,413,"0, RUE D'AMERIQUE",,,Plein jour,En agglomération,Intersection en X,Normale,Deux véhicules - côté,,,,,,,,,,,1,2,2,1,3
200700051000,0007-08-25 18:40:00,7,8,25,18,40,880,519,"1533, Grand' Rue",,,Plein jour,En agglomération,Hors intersection,Normale,Deux véhicules - arrière,,,,,,,,,,,1,2,1,1,2
200700051001,0007-08-21 16:05:00,7,8,21,16,5,880,413,"0, Leclerc ( Parking du",,,Plein jour,En agglomération,Autre intersection,Normale,Autre collision,,,,,,,,,,,1,2,9,1,6
200700051002,0007-08-25 20:45:00,7,8,25,20,45,880,413,"0, Leclerc ( Quai Maréch",,,Plein jour,En agglomération,Hors intersection,Normale,Deux véhicules - frontale,,,,,,,,,,,1,2,1,1,1