accident_id,datetime,annee,mois,jour,heure,minute,departement,commune_insee,adresse,latitude,longitude,luminosite,agglomeration,intersection,meteo,collision,nb_vehicules,nb_usagers,nb_indemnes,nb_tues,nb_blesses_hosp,nb_blesses_legers,age_cond_1,age_cond_2,veh_type_cond_1,veh_type_cond_2,lum_code,agg_code,int_code,atm_code,col_code
200700051003,0007-08-30 09:55:00,7,8,30,9,55,880,413,"40, Rue de l'Etang Pille",,,Plein jour,En agglomération,Hors intersection,Normale,Autre collision,,,,,,,,,,,1,2,1,1,6
200700051004,0007-08-12 09:55:00,7,8,12,9,55,890,24,"00, DE LATTRE DE TASSIGN",,,Plein jour,En agglomération,Intersection à plus de 4 branches,Normale,Deux véhicules - côté,,,,,,,,,,,1,2,5,1,3
200700051005,0007-08-14 20:20:00,7,8,14,20,20,890,24,"00, R.N.6",,,Plein jour,Hors agglomération,Hors intersection,Pluie légère,Deux véhicules - frontale,,,,,,,,,,,1,1,1,2,1
200700051006,0007-08-10 22:35:00,7,8,10,22,35,890,24,"16, REPUBLIQUE (QUAI DE",,,Nuit avec éclairage allumé,En agglomération,Hors intersection,Pluie légère,Autre collision,,,,,,,,,,,5,2,1,2,6
200700051007,0007-08-17 14:35:00,7,8,17,14,35,890,24,FOURNEAUX (RUE DES),,,Plein jour,En agglomération,Hors intersection,Normale,Deux véhicules - arrière,,,,,,,,,,,1,2,1,1,2
200700051008,0007-08-18 12:55:00,7,8,18,12,55,890,24,"6 bis, JEAN JAURES (AVEN",,,Plein jour,En agglomération,Hors intersection,Normale,Autre collision,,,,,,,,,,,1,2,1,1,6
200700051009,0007-08-20 12:45:00,7,8,20,12,45,890,24,"18, GEORGES MOTHERE (RUE",,,Plein jour,En agglomération,Hors intersection,Pluie forte,Deux véhicules - frontale,,,,,,,,,,,1,2,1,3,1
200700051010,0007-08-05 17:30:00,7,8,5,17,30,890,387,"0, GENERAL DELESTRAINT (",,,Plein jour,En agglomération,Intersection en X,Normale,Deux véhicules - côté,,,,,,,,,,,1,2,2,1,3
200700051011,0007-08-14 16:15:00,7,8,14,16,15,890,387,"0, FOSSE AUX SAUMONS (RU",,,Plein jour,En agglomération,Intersection en T,Normale,Deux véhicules - côté,,,,,,,,,,,1,2,3,1,3
200700051012,0007-08-29 13:00:00,7,8,29,13,0,890,387,"0, BAUDRY(ROND POINT)",,,Plein jour,En agglomération,Giratoire,Normale,Deux véhicules - côté,,,,,,,,,,,1,2,6,1,3
200700051013,0007-08-01 19:35:00,7,8,1,19,35,900,10,STRAUSS (RUE PAUL),,,Plein jour,En agglomération,Place,Normale,Autre collision,,,,,,,,,,,1,2,7,1,6
200700051014,0007-08-02 18:25:00,7,8,2,18,25,900,10,"1, RICHELIEU (BOULEVARD)",,,Plein jour,En agglomération,Giratoire,Normale,Deux véhicules - arrière,,,,,,,,,,,1,2,6,1,2
200700051015,0007-08-10 20:35:00,7,8,10,20,35,900,10,JOFFRE (BOULEVARD MARECH,,,Crépuscule ou aube,En agglomération,Intersection en X,Pluie légère,Deux véhicules - frontale,,,,,,,,,,,2,2,2,2,1
200700051016,0007-08-11 20:45:00,7,8,11,20,45,900,32,"1, DE GAULLE (RUE DU GEN",,,Plein jour,En agglomération,Hors intersection,Normale,Sans collision,,,,,,,,,,,1,2,1,1,7
200700051017,0007-08-12 13:00:00,7,8,12,13,0,900,32,"1, DE GAULLE (RUE DU GEN",,,Plein jour,En agglomération,Intersection en T,Normale,Sans collision,,,,,,,,,,,1,2,3,1,7
200700051018,0007-08-21 14:10:00,7,8,21,14,10,900,10,"07, MICHELET (RUE)",,,Plein jour,En agglomération,Hors intersection,Temps couvert,Trois véhicules et plus - en chaîne,,,,,,,,,,,1,2,1,8,4
200700051019,0007-08-21 15:40:00,7,8,21,15,40,900,75,"19, MIELLET (AVENUE)",,,Plein jour,En agglomération,Hors intersection,Normale,Autre collision,,,,,,,,,,,1,2,1,1,6
200700051020,0007-08-25 20:15:00,7,8,25,20,15,900,10,"14, MULHOUSE (RUE DE)",,,Plein jour,En agglomération,Intersection en T,Normale,Deux véhicules - arrière,,,,,,,,,,,1,2,3,1,2
200700051021,0007-08-29 12:25:00,7,8,29,12,25,900,32,TROIS RESEAUX (RUE DES),,,Plein jour,En agglomération,Hors intersection,Pluie légère,Deux véhicules - frontale,,,,,,,,,,,1,2,1,2,1
200700051022,0007-08-08 11:15:00,7,8,8,11,15,910,425,RN 20,,,Plein jour,En agglomération,Intersection en X,Pluie légère,Trois véhicules et plus - en chaîne,,,,,,,,,,,1,2,2,2,4
200700051023,0007-08-05 10:15:00,7,8,5,10,15,910,103,CD 19,,,Plein jour,Hors agglomération,Giratoire,Normale,Deux véhicules - côté,,,,,,,,,,,1,1,6,1,3
200700051024,0007-08-09 08:45:00,7,8,9,8,45,910,97,CHARLES DE GAULLE(EPINAY,,,Plein jour,En agglomération,Hors intersection,Normale,Deux véhicules - arrière,,,,,,,,,,,1,2,1,1,2
200700051025,0007-08-16 16:35:00,7,8,16,16,35,910,114,ROUTE NATIONALE 6,,,Plein jour,En agglomération,Hors intersection,Normale,Deux véhicules - côté,,,,,,,,,,,1,2,1,1,3
200700051026,0007-08-18 09:45:00,7,8,18,9,45,910,114,WITTLICH (ROND POINT),,,Plein jour,En agglomération,Giratoire,Normale,Deux véhicules - arrière,,,,,,,,,,,1,2,6,1,2
200700051027,0007-08-19 15:25:00,7,8,19,15,25,910,514,ROUTE NATIONALE 6,,,Plein jour,Hors agglomération,Hors intersection,Normale,Deux véhicules - côté,,,,,,,,,,,1,1,1,1,3
200700051028,0007-08-30 14:15:00,7,8,30,14,15,910,215,MARECHAL NEY (RUE DU),,,Plein jour,En agglomération,Intersection en X,Normale,Deux véhicules - frontale,,,,,,,,,,,1,2,2,1,1
200700051029,0007-08-17 11:55:00,7,8,17,11,55,910,174,"0, SAINT NICOLAS",,,Plein jour,En agglomération,Intersection en T,Normale,Autre collision,,,,,,,,,,,1,2,3,1,6
200700051030,0007-08-08 05:00:00,7,8,8,5,0,910,657,PRESIDENT ROBERT LAKOTA,,,Nuit sans éclairage public,En agglomération,Intersection en X,Normale,Deux véhicules - frontale,,,,,,,,,,,3,2,2,1,1
200700051031,0007-08-06 11:20:00,7,8,6,11,20,910,657,TOURELLE (AVENUE DE LA ),,,Plein jour,En agglomération,Intersection en X,Pluie légère,Deux véhicules - côté,,,,,,,,,,,1,2,2,2,3
200700051032,0007-08-06 15:25:00,7,8,6,15,25,910,201,GENERAL DE GAULLE(BOULEV,,,Plein jour,En agglomération,Hors intersection,Pluie légère,Autre collision,,,,,,,,,,,1,2,1,2,6
200700051033,0007-08-06 01:10:00,7,8,6,1,10,910,201,ALPHONSE DAUDET(RUE),,,Nuit sans éclairage public,En agglomération,Hors intersection,Normale,Autre collision,,,,,,,,,,,3,2,1,1,6
200700051034,0007-08-08 05:00:00,7,8,8,5,0,910,201,EUGENE DELACROIX(AVENUE),,,Nuit avec éclairage allumé,En agglomération,Hors intersection,Normale,Sans collision,,,,,,,,,,,5,2,1,1,7
200700051035,0007-08-13 17:20:00,7,8,13,17,20,910,201,GENERAL DE GAULLE(BOULEV,,,Plein jour,En agglomération,Hors intersection,Normale,Sans collision,,,,,,,,,,,1,2,1,1,7
200700051036,0007-08-21 17:45:00,7,8,21,17,45,910,657,GUY DE MAUPASSANT (RUE),,,Plein jour,En agglomération,Hors intersection,Pluie légère,Autre collision,,,,,,,,,,,1,2,1,2,6
200700051037,0007-08-26 18:50:00,7,8,26,18,50,910,657,LONGUERAIE (RUE DE LA ),,,Plein jour,En agglomération,Intersection en X,Normale,Deux véhicules - côté,,,,,,,,,,,1,2,2,1,3
200700051038,0007-08-28 09:20:00,7,8,28,9,20,910,657,TOURELLE (AVENUE DE LA ),,,Plein jour,En agglomération,Hors intersection,Normale,Deux véhicules - arrière,,,,,,,,,,,1,2,1,1,2
200700051039,0007-08-06 12:55:00,7,8,6,12,55,910,223,FARMAN (AVENUE HENRI),,,Plein jour,En agglomération,Hors intersection,Normale,Deux véhicules - côté,,,,,,,,,,,1,2,1,1,3
200700051040,0007-08-12 11:35:00,7,8,12,11,35,910,469,ARTONOU (ROUTE D') CD49,,,Plein jour,Hors agglomération,Hors intersection,Normale,Sans collision,,,,,,,,,,,1,1,1,1,7
200700051041,0007-08-17 01:25:00,7,8,17,1,25,910,223,"01, CORDELIERS (RUE DES)",,,Nuit avec éclairage allumé,En agglomération,Intersection en X,Normale,Deux véhicules - côté,,,,,,,,,,,5,2,2,1,3
200700051042,0007-08-19 17:50:00,7,8,19,17,50,910,223,R.N.20,,,Plein jour,Hors agglomération,Hors intersection,Pluie légère,Sans collision,,,,,,,,,,,1,1,1,2,7
200700051043,0007-08-05 20:00:00,7,8,5,20,0,910,228,DJIBAOU (RUR JEAN MARIE),,,Plein jour,En agglomération,Hors intersection,Normale,Deux véhicules - frontale,,,,,,,,,,,1,2,1,1,1
200700051044,0007-08-16 14:00:00,7,8,16,14,0,910,228,"., COQUIBUS(BD)",,,Plein jour,En agglomération,Hors intersection,Normale,Deux véhicules - arrière,,,,,,,,,,,1,2,1,1,2
200700051045,0007-08-22 17:05:00,7,8,22,17,5,910,228,EUROPE (BD) N) IMPAIR,,,Plein jour,En agglomération,Intersection en X,Pluie forte,Deux véhicules - côté,,,,,,,,,,,1,2,2,3,3
200700051046,0007-08-24 16:30:00,7,8,24,16,30,910,228,"., CHAMPS ELYSEES (BD) N",,,Plein jour,En agglomération,Hors intersection,Normale,Deux véhicules - côté,,,,,,,,,,,1,2,1,1,3
200700051047,0007-08-27 17:50:00,7,8,27,17,50,910,228,"24, PASCAL (COURS BLAISE",,,Plein jour,En agglomération,Hors intersection,Normale,Autre collision,,,,,,,,,,,1,2,1,1,6
200700051048,0007-08-29 17:20:00,7,8,29,17,20,910,228,"., VALLES (RUE JULES)",,,Plein jour,En agglomération,Hors intersection,Normale,Autre collision,,,,,,,,,,,1,2,1,1,6
200700051049,0007-08-04 05:35:00,7,8,4,5,35,910,687,"42-56, RIS (RUE DE)",,,Crépuscule ou aube,En agglomération,Hors intersection,Normale,Sans collision,,,,,,,,,,,2,2,1,1,7
200700051050,0007-08-03 11:05:00,7,8,3,11,5,910,687,"000, DANIELLE CASANOVA (",,,Plein jour,En agglomération,Intersection en T,Normale,Autre collision,,,,,,,,,,,1,2,3,1,6
200700051051,0007-08-27 12:50:00,7,8,27,12,50,910,687,GENERAL DE GAULLE (AVENU,,,Plein jour,En agglomération,Autre intersection,Normale,Deux véhicules - côté,,,,,,,,,,,1,2,9,1,3
200700051052,0007-08-04 02:00:00,7,8,4,2,0,910,689,"SANS, RUE DU PEROU",,,Nuit avec éclairage allumé,Hors agglomération,Intersection en T,Normale,Deux véhicules - côté,,,,,,,,,,,5,1,3,1,3
200700051053,0007-08-16 22:15:00,7,8,16,22,15,910,377,HUIT MAI 1945 (RUE DU),,,Nuit sans éclairage public,En agglomération,Hors intersection,Normale,Deux véhicules - côté,,,,,,,,,,,3,2,1,1,3
200700051054,0007-08-29 06:55:00,7,8,29,6,55,910,377,"NEANT, LECLERC (AVENUE D",,,Plein jour,En agglomération,Autre intersection,Normale,Deux véhicules - côté,,,,,,,,,,,1,2,9,1,3
200700051055,0007-08-08 08:00:00,7,8,8,8,0,910,421,SAINT HUBERT (RUE),,,Plein jour,En agglomération,Hors intersection,Pluie légère,Autre collision,,,,,,,,,,,1,2,1,2,6
200700051056,0007-08-08 17:30:00,7,8,8,17,30,910,191,INVESTISSEURS (RUE DES),,,Plein jour,En agglomération,Hors intersection,Normale,Deux véhicules - frontale,,,,,,,,,,,1,2,1,1,1
200700051057,0007-08-27 08:45:00,7,8,27,8,45,910,471,"0, BLEUETS (AVENUE DES)",,,Plein jour,En agglomération,Intersection en X,Normale,Deux véhicules - côté,,,,,,,,,,,1,2,2,1,3
200700051058,0007-08-22 14:50:00,7,8,22,14,50,910,692,CHAMPAGNE (AVENUE DE),,,Plein jour,En agglomération,Intersection en T,Pluie légère,Deux véhicules - côté,,,,,,,,,,,1,2,3,2,3
200700051059,0007-08-30 14:20:00,7,8,30,14,20,910,645,"0, PRINCES (AVENUE DES)",,,Plein jour,En agglomération,Intersection en T,Normale,Autre collision,,,,,,,,,,,1,2,3,1,6
200700051060,0007-08-21 19:45:00,7,8,21,19,45,910,549,"1, VIEUX PERRAY (RUE DU)",,,Plein jour,En agglomération,Intersection en T,Normale,Deux véhicules - côté,,,,,,,,,,,1,2,3,1,3
200700051061,0007-08-24 15:20:00,7,8,24,15,20,910,549,JACQUES DUCLOS (AVENUE),,,Plein jour,En agglomération,Hors intersection,Normale,Sans collision,,,,,,,,,,,1,2,1,1,7
200700051062,0007-08-29 11:53:00,7,8,29,11,53,910,589,"45, BRIAND (BOULEVARD AR",,,Plein jour,En agglomération,Hors intersection,Normale,Deux véhicules - arrière,,,,,,,,,,,1,2,1,1,2
200700051063,0007-08-03 15:50:00,7,8,3,15,50,920,2,BIEVRE (PASSAGE DE LA),,,Plein jour,En agglomération,Hors intersection,Normale,Autre collision,,,,,,,,,,,1,2,1,1,6
200700051064,0007-08-06 10:05:00,7,8,6,10,5,920,2,", GENERAL DE GAULLE (AVE",,,Plein jour,En agglomération,Intersection en X,Pluie légère,Deux véhicules - arrière,,,,,,,,,,,1,2,2,2,2
200700051065,0007-08-08 12:45:00,7,8,8,12,45,920,2,DIVISION LECLERC (31 A 5,,,Plein jour,En agglomération,Hors intersection,Temps couvert,Autre collision,,,,,,,,,,,1,2,1,8,6
200700051066,0007-08-23 16:39:00,7,8,23,16,39,920,2,"6, THORAIN (VILLA)",,,Plein jour,En agglomération,Hors intersection,Pluie légère,Autre collision,,,,,,,,,,,1,2,1,2,6
200700051067,0007-08-27 15:31:00,7,8,27,15,31,920,14,"61, MARECHAL JOFFRE (BD",,,Plein jour,En agglomération,Hors intersection,Normale,Autre collision,,,,,,,,,,,1,2,1,1,6
200700051068,0007-08-28 10:23:00,7,8,28,10,23,920,2,"28, AUGUSTE MOUNIE (RUE)",,,Plein jour,En agglomération,Hors intersection,Normale,Autre collision,,,,,,,,,,,1,2,1,1,6
200700051069,0007-08-28 15:00:00,7,8,28,15,0,920,14,"9, GENERAL LECLERC (AV.)",,,Plein jour,En agglomération,Intersection en T,Normale,Autre collision,,,,,,,,,,,1,2,3,1,6
200700051070,0007-08-29 17:40:00,7,8,29,17,40,920,2,", ARISTIDE BRIAND (AVENU",,,Plein jour,En agglomération,Intersection en T,Normale,Deux véhicules - côté,,,,,,,,,,,1,2,3,1,3
200700051071,0007-08-03 20:10:00,7,8,3,20,10,920,4,GRESILLONS ( AVENUE DES,,,Crépuscule ou aube,En agglomération,Hors intersection,Normale,Sans collision,,,,,,,,,,,2,2,1,1,7
200700051072,0007-08-04 12:50:00,7,8,4,12,50,920,9,"NR, CHARLES-DE-GAULLE (",,,Plein jour,En agglomération,Intersection en X,Normale,Deux véhicules - côté,,,,,,,,,,,1,2,2,1,3
200700051073,0007-08-11 00:10:00,7,8,11,0,10,920,4,"NR, MARNE   ( AVENUE DE",,,Nuit avec éclairage allumé,En agglomération,Intersection en T,Normale,Autre collision,,,,,,,,,,,5,2,3,1,6
200700051074,0007-08-27 19:40:00,7,8,27,19,40,920,4,"NR, PIERRE BROSSOLETTE",,,Plein jour,En agglomération,Intersection en X,Normale,Autre collision,,,,,,,,,,,1,2,2,1,6
200700051075,0007-08-29 20:00:00,7,8,29,20,0,920,4,"38, GRANDE RUE CHARLES D",,,Nuit avec éclairage allumé,En agglomération,Hors intersection,Normale,Autre collision,,,,,,,,,,,5,2,1,1,6
200700051076,0007-08-29 23:00:00,7,8,29,23,0,920,4,"21, REDOUTE ( AVENUE DE",,,Nuit avec éclairage allumé,En agglomération,Intersection en T,Normale,Autre collision,,,,,,,,,,,5,2,3,1,6
200700051077,0007-08-30 16:40:00,7,8,30,16,40,920,4,"NR, ERNEST BILLET  ( RUE",,,Plein jour,En agglomération,Intersection en X,Normale,Deux véhicules - côté,,,,,,,,,,,1,2,2,1,3
200700051078,0007-08-31 12:40:00,7,8,31,12,40,920,4,"NR, ARGENTEUIL AV D'",,,Plein jour,En agglomération,Intersection en T,Normale,Deux véhicules - côté,,,,,,,,,,,1,2,3,1,3
200700051079,0007-08-03 14:05:00,7,8,3,14,5,920,7,"7, BRANLY (RUE EDOUARD)",,,Plein jour,En agglomération,Intersection en X,Normale,Autre collision,,,,,,,,,,,1,2,2,1,6
200700051080,0007-08-05 18:30:00,7,8,5,18,30,920,7,"10, HUGO (AVENUE VICTOR)",,,Plein jour,En agglomération,Hors intersection,Normale,Deux véhicules - côté,,,,,,,,,,,1,2,1,1,3
200700051081,0007-08-24 15:55:00,7,8,24,15,55,920,7,"-, ALLENDE (RUE SALVATOR",,,Plein jour,En agglomération,Intersection en T,Normale,Autre collision,,,,,,,,,,,1,2,3,1,6
200700051082,0007-08-02 08:20:00,7,8,2,8,20,920,12,"angle, REINE (ROUTE DE L",,,Plein jour,En agglomération,Intersection en X,Normale,Deux véhicules - arrière,,,,,,,,,,,1,2,2,1,2
200700051083,0007-08-09 17:30:00,7,8,9,17,30,920,12,"23, ALPHONSE LE GALLO (Q",,,Plein jour,En agglomération,Hors intersection,Normale,Deux véhicules - frontale,,,,,,,,,,,1,2,1,1,1
200700051084,0007-08-10 15:35:00,7,8,10,15,35,920,12,"95/97, SEVRES (RUE DE) 5",,,Plein jour,En agglomération,Hors intersection,Normale,Autre collision,,,,,,,,,,,1,2,1,1,6
200700051085,0007-08-19 14:55:00,7,8,19,14,55,920,12,", VICTOR HUGO (AVENUE) 4",,,Plein jour,En agglomération,Intersection en X,Normale,Deux véhicules - côté,,,,,,,,,,,1,2,2,1,3
200700051086,0007-08-18 13:50:00,7,8,18,13,50,920,12,"angle, GENERAL LECLERC (",,,Plein jour,En agglomération,Intersection en X,Normale,Autre collision,,,,,,,,,,,1,2,2,1,6
200700051087,0007-08-16 22:30:00,7,8,16,22,30,920,12,"51, AUTEUIL (BOULEVARD D",,,Nuit avec éclairage allumé,En agglomération,Hors intersection,Normale,Deux véhicules - côté,,,,,,,,,,,5,2,1,1,3
200700051088,0007-08-26 16:45:00,7,8,26,16,45,920,12,"125, REINE (ROUTE DE LA)",,,Plein jour,En agglomération,Hors intersection,Normale,Autre collision,,,,,,,,,,,1,2,1,1,6
200700051089,0007-08-31 09:40:00,7,8,31,9,40,920,12,"46 BIS, JEAN JAURES (BOU",,,Plein jour,En agglomération,Hors intersection,Normale,Autre collision,,,,,,,,,,,1,2,1,1,6
200700051090,0007-08-12 00:05:00,7,8,12,0,5,920,19,"25, BRIAND ARISTIDE (RUE",,,Nuit avec éclairage allumé,En agglomération,Hors intersection,Normale,Deux véhicules - frontale,,,,,,,,,,,5,2,1,1,1
200700051091,0007-08-14 11:30:00,7,8,14,11,30,920,71,HOUDAN (RUE),,,Plein jour,En agglomération,Intersection en X,Normale,Deux véhicules - côté,,,,,,,,,,,1,2,2,1,3
200700051092,0007-08-18 07:50:00,7,8,18,7,50,920,19,SULLY PRU'DHOMME (AVENUE,,,Plein jour,Hors agglomération,Hors intersection,Normale,Autre collision,,,,,,,,,,,1,1,1,1,6
200700051093,0007-08-20 09:15:00,7,8,20,9,15,920,19,DIVISION LECLERC (AVENUE,,,Plein jour,Hors agglomération,Hors intersection,Pluie légère,Sans collision,,,,,,,,,,,1,1,1,2,7
200700051094,0007-08-31 08:45:00,7,8,31,8,45,920,32,"17, MOULIN JEAN (AVENUE)",,,Plein jour,En agglomération,Hors intersection,Normale,Deux véhicules - côté,,,,,,,,,,,1,2,1,1,3
200700051095,0007-08-01 20:10:00,7,8,1,20,10,920,60,CHARLES DE GAULLE (AVENU,,,Plein jour,En agglomération,Intersection en T,Normale,Deux véhicules - côté,,,,,,,,,,,1,2,3,1,3
200700051096,0007-08-04 18:40:00,7,8,4,18,40,920,23,DENIS GOGUE (RUE),,,Plein jour,En agglomération,Intersection en X,Normale,Deux véhicules - arrière,,,,,,,,,,,1,2,2,1,2
200700051097,0007-08-14 11:05:00,7,8,14,11,5,920,23,JEAN JAURES (AVENUE) N°5,,,Plein jour,En agglomération,Hors intersection,Normale,Autre collision,,,,,,,,,,,1,2,1,1,6
200700051098,0007-08-18 15:55:00,7,8,18,15,55,920,23,TROSY (RUE DU),,,Plein jour,En agglomération,Hors intersection,Normale,Autre collision,,,,,,,,,,,1,2,1,1,6
200700051099,0007-08-19 19:50:00,7,8,19,19,50,920,23,PAUL VAILLANT COUTURIER,,,Nuit avec éclairage allumé,En agglomération,Intersection en T,Normale,Deux véhicules - frontale,,,,,,,,,,,5,2,3,1,1
200700051100,0007-08-22 15:50:00,7,8,22,15,50,920,23,"05, CLOS MONTHODON (RUE",,,Plein jour,Hors agglomération,Hors intersection,Pluie forte,Autre collision,,,,,,,,,,,1,1,1,3,6
200700051101,0007-08-26 15:32:00,7,8,26,15,32,920,60,RESISTANCE (AVENUE DE LA,,,Plein jour,En agglomération,Hors intersection,Normale,Deux véhicules - arrière,,,,,,,,,,,1,2,1,1,2
200700051102,0007-08-27 10:00:00,7,8,27,10,0,920,23,LACOMBE (RUE),,,Plein jour,En agglomération,Intersection en T,Normale,Deux véhicules - arrière,,,,,,,,,,,1,2,3,1,2
200700051103,0007-08-29 15:05:00,7,8,29,15,5,920,23,PAUL VAILLANT COUTURIER,,,Plein jour,En agglomération,Intersection en X,Normale,Deux véhicules - côté,,,,,,,,,,,1,2,2,1,3
200700051104,0007-08-30 18:20:00,7,8,30,18,20,920,24,ASNIERES (PONT D'),,,Plein jour,En agglomération,Hors intersection,Normale,Deux véhicules - arrière,,,,,,,,,,,1,2,1,1,2
200700051105,0007-08-27 13:40:00,7,8,27,13,40,920,24,"87, HENRI BARBUSSE (RUE)",,,Plein jour,En agglomération,Hors intersection,Normale,Deux véhicules - arrière,,,,,,,,,,,1,2,1,1,2
200700051106,0007-08-26 16:30:00,7,8,26,16,30,920,24,"86, MARTRE (RUE) DE (59",,,Plein jour,En agglomération,Hors intersection,Normale,Deux véhicules - côté,,,,,,,,,,,1,2,1,1,3
200700051107,0007-08-05 14:55:00,7,8,5,14,55,920,24,"90, GENERAL ROGUET (RUE",,,Plein jour,En agglomération,Hors intersection,Temps éblouissant,Trois véhicules et plus - en chaîne,,,,,,,,,,,1,2,1,7,4
200700051108,0007-08-02 18:25:00,7,8,2,18,25,920,24,"05, GUICHET (RUE DU)",,,Plein jour,En agglomération,Hors intersection,Temps couvert,Autre collision,,,,,,,,,,,1,2,1,8,6
200700051109,0007-08-15 18:25:00,7,8,15,18,25,920,24,"01, GUICHET (RUE DU)",,,Plein jour,En agglomération,Hors intersection,Normale,Autre collision,,,,,,,,,,,1,2,1,1,6
200700051110,0007-08-28 12:45:00,7,8,28,12,45,920,24,", HENRI BARBUSSE (RUE) D",,,Plein jour,En agglomération,Intersection en X,Temps éblouissant,Deux véhicules - côté,,,,,,,,,,,1,2,2,7,3
200700051111,0007-08-28 19:35:00,7,8,28,19,35,920,24,"49, GENERAL ROGUET (RUE",,,Plein jour,En agglomération,Hors intersection,Normale,Deux véhicules - côté,,,,,,,,,,,1,2,1,1,3
200700051112,0007-08-31 20:20:00,7,8,31,20,20,920,24,PASSOIR (IMPASSE),,,Plein jour,En agglomération,Hors intersection,Normale,Autre collision,,,,,,,,,,,1,2,1,1,6
200700051113,0007-08-02 18:15:00,7,8,2,18,15,920,24,"52, MARTRE DE (4 A 54)",,,Plein jour,En agglomération,Hors intersection,Normale,Deux véhicules - arrière,,,,,,,,,,,1,2,1,1,2
200700051114,0007-08-02 20:30:00,7,8,2,20,30,920,25,SAINT DENIS (RUE),,,Plein jour,En agglomération,Hors intersection,Normale,Autre collision,,,,,,,,,,,1,2,1,1,6
200700051115,0007-08-05 14:15:00,7,8,5,14,15,920,25,PDT S.ALLENDE<>90 A 276,,,Plein jour,En agglomération,Intersection en T,Normale,Deux véhicules - frontale,,,,,,,,,,,1,2,3,1,1
200700051116,0007-08-09 10:40:00,7,8,9,10,40,920,25,STALINGRAD (AV DE),,,Plein jour,En agglomération,Hors intersection,Normale,Deux véhicules - côté,,,,,,,,,,,1,2,1,1,3
200700051117,0007-08-22 23:45:00,7,8,22,23,45,920,25,PAUL BERT (RUE),,,Nuit avec éclairage allumé,En agglomération,Intersection en X,Pluie légère,Deux véhicules - côté,,,,,,,,,,,5,2,2,2,3
200700051118,0007-08-24 14:25:00,7,8,24,14,25,920,25,STALINGRAD (AV DE),,,Plein jour,En agglomération,Intersection en X,Normale,Deux véhicules - côté,,,,,,,,,,,1,2,2,1,3
200700051119,0007-08-04 10:15:00,7,8,4,10,15,920,26,"24-26, MARCEAU",,,Plein jour,En agglomération,Intersection en X,Normale,Deux véhicules - côté,,,,,,,,,,,1,2,2,1,3
200700051120,0007-08-03 08:00:00,7,8,3,8,0,920,26,"08, LOUIS HUBERT LYAUTEY",,,Plein jour,En agglomération,Hors intersection,Normale,Sans collision,,,,,,,,,,,1,2,1,1,7
200700051121,0007-08-25 15:40:00,7,8,25,15,40,920,26,"49, JOFFRE",,,Plein jour,En agglomération,Hors intersection,Normale,Deux véhicules - côté,,,,,,,,,,,1,2,1,1,3
200700051122,0007-08-31 12:50:00,7,8,31,12,50,920,26,BEZONS  (DE 01 A 22),,,Plein jour,En agglomération,Intersection en X,Normale,Trois véhicules et plus - en chaîne,,,,,,,,,,,1,2,2,1,4
200700051123,0007-08-22 15:30:00,7,8,22,15,30,920,26,VERDUN (DE 01 A 61),,,Plein jour,En agglomération,Intersection en X,Normale,Deux véhicules - arrière,,,,,,,,,,,1,2,2,1,2
200700051124,0007-08-27 21:00:00,7,8,27,21,0,920,26,"63, SAINT DENIS BD (120",,,Crépuscule ou aube,En agglomération,Intersection en X,Normale,Deux véhicules - frontale,,,,,,,,,,,2,2,2,1,1
200700051125,0007-08-28 10:25:00,7,8,28,10,25,920,26,REPUBLIQUE (DE 29 A FIN),,,Plein jour,En agglomération,Intersection en X,Normale,Autre collision,,,,,,,,,,,1,2,2,1,6
200700051126,0007-08-02 18:20:00,7,8,2,18,20,920,35,"12-14, Pasteur ( rue )",,,Plein jour,En agglomération,Intersection en X,Normale,Autre collision,,,,,,,,,,,1,2,2,1,6
200700051127,0007-08-02 23:25:00,7,8,2,23,25,920,35,"52, Sartoris ( rue )",,,Nuit avec éclairage allumé,En agglomération,Intersection en X,Normale,Deux véhicules - côté,,,,,,,,,,,5,2,2,1,3
200700051128,0007-08-02 19:20:00,7,8,2,19,20,920,36,"48, GRESILLONS (AVENUE D",,,Plein jour,En agglomération,Hors intersection,Normale,Deux véhicules - frontale,,,,,,,,,,,1,2,1,1,1
200700051129,0007-08-06 18:50:00,7,8,6,18,50,920,36,"0, BOULEVARD INTERCOMMUN",,,Plein jour,En agglomération,Hors intersection,Normale,Deux véhicules - arrière,,,,,,,,,,,1,2,1,1,2
200700051130,0007-08-09 17:30:00,7,8,9,17,30,920,36,"6, ARSENE HOUSSAYE (RUE)",,,Plein jour,En agglomération,Hors intersection,Normale,Autre collision,,,,,,,,,,,1,2,1,1,6
200700051131,0007-08-10 16:05:00,7,8,10,16,5,920,36,"148, MARCEL PAUL (AVENUE",,,Plein jour,En agglomération,Hors intersection,Normale,Deux véhicules - côté,,,,,,,,,,,1,2,1,1,3
200700051132,0007-08-14 13:10:00,7,8,14,13,10,920,36,"0, ARGENTEUIL (AVENUE D'",,,Plein jour,En agglomération,Intersection en T,Normale,Deux véhicules - côté,,,,,,,,,,,1,2,3,1,3
200700051133,0007-08-26 15:20:00,7,8,26,15,20,920,36,"0, PIERRE TIMBAUD (ROND",,,Plein jour,En agglomération,Giratoire,Normale,Deux véhicules - arrière,,,,,,,,,,,1,2,6,1,2
200700051134,0007-08-27 10:55:00,7,8,27,10,55,920,36,"0, EUGENE VARLIN (RUE) (",,,Plein jour,En agglomération,Autre intersection,Normale,Autre collision,,,,,,,,,,,1,2,9,1,6
200700051135,0007-08-29 19:45:00,7,8,29,19,45,920,36,"0, MARCEL PAUL (AVENUE)",,,Plein jour,En agglomération,Autre intersection,Normale,Deux véhicules - arrière,,,,,,,,,,,1,2,9,1,2
200700051136,0007-08-01 20:00:00,7,8,1,20,0,920,40,"54, RODIN (BOULEVARD)",,,Plein jour,En agglomération,Hors intersection,Normale,Autre collision,,,,,,,,,,,1,2,1,1,6