accident_id,datetime,annee,mois,jour,heure,minute,departement,commune_insee,adresse,latitude,longitude,luminosite,agglomeration,intersection,meteo,collision,nb_vehicules,nb_usagers,nb_indemnes,nb_tues,nb_blesses_hosp,nb_blesses_legers,age_cond_1,age_cond_2,veh_type_cond_1,veh_type_cond_2,lum_code,agg_code,int_code,atm_code,col_code
200700051402,0007-08-06 18:20:00,7,8,6,18,20,940,46,"00, GENERAL LECLERC (AV",,,Plein jour,En agglomération,Hors intersection,Normale,Autre collision,,,,,,,,,,,1,2,1,1,6
200700051403,0007-08-10 09:15:00,7,8,10,9,15,940,46,"67, GUY MOCQUET (R)",,,Plein jour,En agglomération,Intersection en X,Pluie légère,Deux véhicules - côté,,,,,,,,,,,1,2,2,2,3
200700051404,0007-08-21 16:45:00,7,8,21,16,45,940,46,"00, EUGENE RENAULT - CAR",,,Plein jour,En agglomération,Intersection en X,Pluie légère,Deux véhicules - côté,,,,,,,,,,,1,2,2,2,3
200700051405,0007-08-24 20:30:00,7,8,24,20,30,940,46,"., EUGENE RENAULT - CAR",,,Crépuscule ou aube,En agglomération,Intersection à plus de 4 branches,Normale,Deux véhicules - côté,,,,,,,,,,,2,2,5,1,3
200700051406,0007-08-27 02:55:00,7,8,27,2,55,940,46,"110, GENERAL DE GAULLE (",,,Nuit avec éclairage allumé,En agglomération,Hors intersection,Normale,Autre collision,,,,,,,,,,,5,2,1,1,6
200700051407,0007-08-31 19:00:00,7,8,31,19,0,940,46,"162, JEAN JAURES (R)",,,Plein jour,En agglomération,Autre intersection,Normale,Deux véhicules - arrière,,,,,,,,,,,1,2,9,1,2
200700051408,0007-08-10 10:15:00,7,8,10,10,15,940,52,"nc, STRASBOURG (BD DE)",,,Plein jour,En agglomération,Intersection en T,Normale,Deux véhicules - côté,,,,,,,,,,,1,2,3,1,3
200700051409,0007-08-13 15:30:00,7,8,13,15,30,940,42,"NC, GENERAL GALLIENI (AV",,,Plein jour,En agglomération,Hors intersection,Normale,Deux véhicules - arrière,,,,,,,,,,,1,2,1,1,2
200700051410,0007-08-21 18:45:00,7,8,21,18,45,940,52,"112, STRASBOURG (BD DE)",,,Plein jour,En agglomération,Hors intersection,Normale,Deux véhicules - côté,,,,,,,,,,,1,2,1,1,3
200700051411,0007-08-26 20:00:00,7,8,26,20,0,940,52,"NC, HEROS NOGENTAIS (R D",,,Plein jour,En agglomération,Intersection en X,Normale,Deux véhicules - côté,,,,,,,,,,,1,2,2,1,3
200700051412,0007-08-01 13:40:00,7,8,1,13,40,940,68,RABELAIS (BD),,,Plein jour,En agglomération,Intersection en T,Normale,Deux véhicules - côté,,,,,,,,,,,1,2,3,1,3
200700051413,0007-08-02 07:45:00,7,8,2,7,45,940,78,CHOISY (AV DE),,,Plein jour,En agglomération,Autre intersection,Normale,Autre collision,,,,,,,,,,,1,2,9,1,6
200700051414,0007-08-04 17:05:00,7,8,4,17,5,940,78,"02, PIERRE SEMARD (PL)",,,Plein jour,En agglomération,Hors intersection,Normale,Deux véhicules - frontale,,,,,,,,,,,1,2,1,1,1
200700051415,0007-08-10 20:20:00,7,8,10,20,20,940,78,"55, ERNEST RENAN (R)",,,Plein jour,En agglomération,Hors intersection,Normale,Autre collision,,,,,,,,,,,1,2,1,1,6
200700051416,0007-08-14 11:45:00,7,8,14,11,45,940,78,PARIS (R DE),,,Plein jour,En agglomération,Hors intersection,Normale,Trois véhicules et plus - collisions multiples,,,,,,,,,,,1,2,1,1,5
200700051417,0007-08-18 19:35:00,7,8,18,19,35,940,78,"13, THIMONNIER (R)",,,Plein jour,En agglomération,Hors intersection,Normale,Autre collision,,,,,,,,,,,1,2,1,1,6
200700051418,0007-08-21 13:30:00,7,8,21,13,30,940,77,"30, TILLEULS (R DES)",,,Plein jour,En agglomération,Hors intersection,Normale,Deux véhicules - côté,,,,,,,,,,,1,2,1,1,3
200700051419,0007-08-28 08:45:00,7,8,28,8,45,940,78,PARIS (R DE),,,Plein jour,En agglomération,Intersection en X,Normale,Sans collision,,,,,,,,,,,1,2,2,1,7
200700051420,0007-08-30 16:55:00,7,8,30,16,55,940,78,VALENTON (AV DE),,,Plein jour,En agglomération,Intersection en X,Normale,Sans collision,,,,,,,,,,,1,2,2,1,7
200700051421,0007-08-08 11:10:00,7,8,8,11,10,940,78,PARIS (R DE),,,Plein jour,En agglomération,Hors intersection,Pluie légère,Deux véhicules - arrière,,,,,,,,,,,1,2,1,2,2
200700051422,0007-08-02 16:35:00,7,8,2,16,35,940,67,"73, GENERAL DE GAULLE (A",,,Plein jour,En agglomération,Hors intersection,Temps éblouissant,Autre collision,,,,,,,,,,,1,2,1,7,6
200700051423,0007-08-07 12:20:00,7,8,7,12,20,940,80,"44, PARIS (AV DE)",,,Plein jour,En agglomération,Hors intersection,Normale,Autre collision,,,,,,,,,,,1,2,1,1,6
200700051424,0007-08-09 13:55:00,7,8,9,13,55,940,67,"7, CHARLES DIGEON (PL)",,,Plein jour,En agglomération,Intersection en T,Normale,Autre collision,,,,,,,,,,,1,2,3,1,6
200700051425,0007-08-10 15:20:00,7,8,10,15,20,940,80,"., GABRIEL PERI (AV)",,,Plein jour,En agglomération,Hors intersection,Normale,Deux véhicules - arrière,,,,,,,,,,,1,2,1,1,2
200700051426,0007-08-13 22:30:00,7,8,13,22,30,940,80,"144, PARIS (AV DE)",,,Nuit avec éclairage allumé,En agglomération,Intersection à plus de 4 branches,Normale,Sans collision,,,,,,,,,,,5,2,5,1,7
200700051427,0007-08-17 12:40:00,7,8,17,12,40,940,80,"., FRANCE (R DE)",,,Plein jour,En agglomération,Intersection en X,Normale,Deux véhicules - côté,,,,,,,,,,,1,2,2,1,3
200700051428,0007-08-20 11:45:00,7,8,20,11,45,940,67,"01, PASTEUR (AV)",,,Plein jour,En agglomération,Hors intersection,Normale,Sans collision,,,,,,,,,,,1,2,1,1,7
200700051429,0007-08-23 14:35:00,7,8,23,14,35,940,80,"01, PARIS (AV DE)",,,Plein jour,En agglomération,Intersection en X,Pluie légère,Autre collision,,,,,,,,,,,1,2,2,2,6
200700051430,0007-08-26 18:50:00,7,8,26,18,50,940,80,"157, FONTENAY (R DE)",,,Plein jour,En agglomération,Hors intersection,Normale,Deux véhicules - côté,,,,,,,,,,,1,2,1,1,3
200700051431,0007-08-12 15:10:00,7,8,12,15,10,940,81,"65, CONCORDE (R DE LA)",,,Plein jour,En agglomération,Hors intersection,Normale,Autre collision,,,,,,,,,,,1,2,1,1,6
200700051432,0007-08-12 23:20:00,7,8,12,23,20,940,81,ROUGET DE L ISLE (AV),,,Nuit avec éclairage allumé,En agglomération,Hors intersection,Normale,Autre collision,,,,,,,,,,,5,2,1,1,6
200700051433,0007-08-16 09:55:00,7,8,16,9,55,940,81,"Ind, MAXIMILIEN ROBESPIE",,,Plein jour,En agglomération,Hors intersection,Normale,Autre collision,,,,,,,,,,,1,2,1,1,6
200700051434,0007-08-16 19:45:00,7,8,16,19,45,940,81,"ANGLE, ROUGET DE L ISLE",,,Plein jour,En agglomération,Intersection en X,Normale,Deux véhicules - côté,,,,,,,,,,,1,2,2,1,3
200700051435,0007-08-22 19:50:00,7,8,22,19,50,940,81,"angle, DANIELLE CASANOVA",,,Crépuscule ou aube,En agglomération,Hors intersection,Pluie forte,Deux véhicules - frontale,,,,,,,,,,,2,2,1,3,1
200700051436,0007-08-26 20:30:00,7,8,26,20,30,940,81,HENRI BARBUSSE (AV),,,Crépuscule ou aube,En agglomération,Hors intersection,Normale,Autre collision,,,,,,,,,,,2,2,1,1,6
200700051437,0007-08-30 09:45:00,7,8,30,9,45,940,81,GABRIEL PERI (R),,,Plein jour,En agglomération,Hors intersection,Normale,Autre collision,,,,,,,,,,,1,2,1,1,6
200700051438,0007-08-31 10:30:00,7,8,31,10,30,940,81,"20, ABBE ROGER DERRY (AV",,,Plein jour,En agglomération,Hors intersection,Normale,Autre collision,,,,,,,,,,,1,2,1,1,6
200700051439,0007-08-07 20:15:00,7,8,7,20,15,950,176,TRAVERS DES CHAMPS GUILL,,,Crépuscule ou aube,En agglomération,Intersection à plus de 4 branches,Pluie légère,Autre collision,,,,,,,,,,,2,2,5,2,6
200700051440,0007-08-02 07:45:00,7,8,2,7,45,950,176,BATAILLE (RUE DE LA),,,Plein jour,En agglomération,Intersection en T,Normale,Sans collision,,,,,,,,,,,1,2,3,1,7
200700051441,0007-08-10 17:25:00,7,8,10,17,25,950,18,"16, THOREZ (ESPLANADE MA",,,Plein jour,En agglomération,Hors intersection,Normale,Autre collision,,,,,,,,,,,1,2,1,1,6
200700051442,0007-08-06 13:55:00,7,8,6,13,55,950,18,"73, JAURES (AVENUE JEAN)",,,Plein jour,En agglomération,Intersection en T,Temps couvert,Sans collision,,,,,,,,,,,1,2,3,8,7
200700051443,0007-08-08 14:15:00,7,8,8,14,15,950,18,SEMARD (PLACE PIERRE),,,Plein jour,En agglomération,Hors intersection,Normale,Sans collision,,,,,,,,,,,1,2,1,1,7
200700051444,0007-08-23 14:25:00,7,8,23,14,25,950,18,"17 bis, DE GAULLE (AVENU",,,Plein jour,En agglomération,Intersection en X,Normale,Sans collision,,,,,,,,,,,1,2,2,1,7
200700051445,0007-08-25 14:35:00,7,8,25,14,35,950,18,STALINGRAD (AVENUE DE),,,Plein jour,En agglomération,Intersection en T,Normale,Deux véhicules - arrière,,,,,,,,,,,1,2,3,1,2
200700051446,0007-08-26 10:50:00,7,8,26,10,50,950,18,GALLIENI (BOULEVARD),,,Plein jour,En agglomération,Hors intersection,Normale,Sans collision,,,,,,,,,,,1,2,1,1,7
200700051447,0007-08-27 12:50:00,7,8,27,12,50,950,18,CALAIS (RUE DE),,,Plein jour,En agglomération,Intersection en X,Normale,Trois véhicules et plus - collisions multiples,,,,,,,,,,,1,2,2,1,5
200700051448,0007-08-21 15:20:00,7,8,21,15,20,950,18,", PONTOISE (ROUTE DE)",,,Plein jour,En agglomération,Giratoire,Normale,Deux véhicules - côté,,,,,,,,,,,1,2,6,1,3
200700051449,0007-08-25 15:04:00,7,8,25,15,4,950,582,JEAN MERMOZ (SQUARE),,,Plein jour,En agglomération,Autre intersection,Normale,Autre collision,,,,,,,,,,,1,2,9,1,6
200700051450,0007-08-31 16:55:00,7,8,31,16,55,950,18,LECLERC (BLD DU GENERAL),,,Plein jour,En agglomération,Intersection en X,Normale,Deux véhicules - côté,,,,,,,,,,,1,2,2,1,3
200700051451,0007-08-31 15:05:00,7,8,31,15,5,950,176,BROSSOLETTE (RUE PIERRE),,,Plein jour,En agglomération,Intersection en X,Normale,Deux véhicules - arrière,,,,,,,,,,,1,2,2,1,2
200700051452,0007-08-03 20:00:00,7,8,3,20,0,950,63,"133, EDOUARD VAILLANT (R",,,Plein jour,En agglomération,Hors intersection,Normale,Autre collision,,,,,,,,,,,1,2,1,1,6
200700051453,0007-08-30 20:35:00,7,8,30,20,35,950,63,"4, PARMENTIER (RUE-COTE",,,Nuit avec éclairage allumé,Hors agglomération,Hors intersection,Normale,Autre collision,,,,,,,,,,,5,1,1,1,6
200700051454,0007-08-26 00:25:00,7,8,26,0,25,950,500,"0, POTHUIS (QUAI DU)",,,Nuit avec éclairage allumé,En agglomération,Hors intersection,Normale,Deux véhicules - côté,,,,,,,,,,,5,2,1,1,3
200700051455,0007-08-06 20:20:00,7,8,6,20,20,950,598,KELLERMANN    AVENUE,,,Plein jour,En agglomération,Hors intersection,Normale,Autre collision,,,,,,,,,,,1,2,1,1,6
200700051456,0007-08-14 11:50:00,7,8,14,11,50,950,598,"61, PARIS   AVENUE DE",,,Plein jour,En agglomération,Autre intersection,Normale,Deux véhicules - côté,,,,,,,,,,,1,2,9,1,3
200700051457,0007-08-20 16:10:00,7,8,20,16,10,950,428,"33, FERBER",,,Plein jour,En agglomération,Hors intersection,Normale,Autre collision,,,,,,,,,,,1,2,1,1,6
200700051458,0007-08-03 03:45:00,7,8,3,3,45,950,203,"11, MONTLIGNON (ROUTE DE",,,Nuit avec éclairage allumé,En agglomération,Hors intersection,Normale,Autre collision,,,,,,,,,,,5,2,1,1,6
200700051459,0007-08-07 14:40:00,7,8,7,14,40,950,252,MARECHAL FOCH (RUE),,,Plein jour,En agglomération,Hors intersection,Normale,Autre collision,,,,,,,,,,,1,2,1,1,6
200700051460,0007-08-14 18:05:00,7,8,14,18,5,950,203,PREMIERE ARMEE RHIN DANU,,,Plein jour,En agglomération,Giratoire,Normale,Deux véhicules - frontale,,,,,,,,,,,1,2,6,1,1
200700051461,0007-08-17 21:45:00,7,8,17,21,45,950,252,MARAIS (AVENUE DES),,,Nuit avec éclairage allumé,En agglomération,Intersection en X,Normale,Deux véhicules - côté,,,,,,,,,,,5,2,2,1,3
200700051462,0007-08-27 02:45:00,7,8,27,2,45,950,491,PASTEUR (RUE),,,Nuit avec éclairage allumé,En agglomération,Hors intersection,Normale,Autre collision,,,,,,,,,,,5,2,1,1,6
200700051463,0007-08-27 09:30:00,7,8,27,9,30,950,219,STAND (RUE DU),,,Plein jour,En agglomération,Hors intersection,Normale,Deux véhicules - arrière,,,,,,,,,,,1,2,1,1,2
200700051464,0007-08-31 13:40:00,7,8,31,13,40,950,252,BEL-AIR (BOULEVARD DU),,,Plein jour,En agglomération,Intersection en X,Normale,Deux véhicules - côté,,,,,,,,,,,1,2,2,1,3
200700051465,0007-08-09 08:30:00,7,8,9,8,30,950,280,MATHERON CLEMENT,,,Plein jour,En agglomération,Intersection en T,Temps couvert,Autre collision,,,,,,,,,,,1,2,3,8,6
200700051466,0007-08-09 12:40:00,7,8,9,12,40,950,280,"42, CHANTILLY (AVENUE DE",,,Plein jour,En agglomération,Hors intersection,Temps éblouissant,Autre collision,,,,,,,,,,,1,2,1,7,6
200700051467,0007-08-11 15:45:00,7,8,11,15,45,950,306,"0, LIBERATION (AVENUE DE",,,Plein jour,En agglomération,Hors intersection,Normale,Sans collision,,,,,,,,,,,1,2,1,1,7
200700051468,0007-08-23 02:30:00,7,8,23,2,30,950,424,"14, PANORAMA (RUE DU)",,,Nuit sans éclairage public,En agglomération,Hors intersection,Pluie légère,Sans collision,,,,,,,,,,,3,2,1,2,7
200700051469,0007-08-25 00:45:00,7,8,25,0,45,950,306,"0, GROS CHENES (AVENUE D",,,Nuit avec éclairage allumé,Hors agglomération,Hors intersection,Normale,Deux véhicules - frontale,,,,,,,,,,,5,1,1,1,1
200700051470,0007-08-27 19:45:00,7,8,27,19,45,950,424,"0, HORACE VERNET (RUE)",,,Plein jour,En agglomération,Hors intersection,Normale,Deux véhicules - arrière,,,,,,,,,,,1,2,1,1,2
200700051471,0007-08-28 09:10:00,7,8,28,9,10,950,424,"0, ARISTIDE MAILLOL (AVE",,,Plein jour,En agglomération,Hors intersection,Normale,Autre collision,,,,,,,,,,,1,2,1,1,6
200700051472,0007-08-06 09:35:00,7,8,6,9,35,950,527,"L14, ROUTE DU NOYER DU C",,,Plein jour,Hors agglomération,Hors intersection,Pluie forte,Deux véhicules - côté,,,,,,,,,,,1,1,1,3,3
200700051473,0007-08-06 16:50:00,7,8,6,16,50,950,539,LUAT  (CHEMIN  DU ),,,Plein jour,En agglomération,Intersection en T,Normale,Trois véhicules et plus - collisions multiples,,,,,,,,,,,1,2,3,1,5
200700051474,0007-08-29 18:30:00,7,8,29,18,30,950,607,VICTOR BASCH (RUE),,,Plein jour,En agglomération,Intersection en X,Normale,Sans collision,,,,,,,,,,,1,2,2,1,7
200700051475,0007-08-04 13:20:00,7,8,4,13,20,201,4,ILES SANGUINAIRES ROUTE,,,Plein jour,En agglomération,Hors intersection,Normale,Deux véhicules - côté,,,,,,,,,,,1,2,1,1,3
200700051476,0007-08-06 14:32:00,7,8,6,14,32,201,4,SAINTE LUCIE RUE,,,Plein jour,En agglomération,Intersection en Y,Normale,Deux véhicules - côté,,,,,,,,,,,1,2,4,1,3
200700051477,0007-08-06 15:29:00,7,8,6,15,29,201,4,BIANCAMARIA COLONEL ET C,,,Plein jour,En agglomération,Intersection en Y,Normale,Deux véhicules - arrière,,,,,,,,,,,1,2,4,1,2
200700051478,0007-08-08 13:10:00,7,8,8,13,10,201,4,MONTEE SAINT JEAN,,,Plein jour,En agglomération,Hors intersection,Normale,Deux véhicules - arrière,,,,,,,,,,,1,2,1,1,2
200700051479,0007-08-08 14:26:00,7,8,8,14,26,201,4,"SANS, MADAME MERE BD",,,Plein jour,En agglomération,Intersection en T,Normale,Deux véhicules - côté,,,,,,,,,,,1,2,3,1,3
200700051480,0007-08-08 14:40:00,7,8,8,14,40,201,4,PIETRI NICOLAS AVENUE,,,Plein jour,En agglomération,Hors intersection,Normale,Trois véhicules et plus - en chaîne,,,,,,,,,,,1,2,1,1,4
200700051481,0007-08-09 15:08:00,7,8,9,15,8,201,4,NICOLI JEAN COURS,,,Plein jour,En agglomération,Hors intersection,Normale,Deux véhicules - frontale,,,,,,,,,,,1,2,1,1,1
200700051482,0007-08-10 09:23:00,7,8,10,9,23,201,4,"SANS, ILES SANGUINAIRES",,,Plein jour,Hors agglomération,Hors intersection,Normale,Deux véhicules - côté,,,,,,,,,,,1,1,1,1,3
200700051483,0007-08-09 19:15:00,7,8,9,19,15,201,4,"SANS, GRANDE ARMEE AVENU",,,Plein jour,En agglomération,Hors intersection,Normale,Deux véhicules - arrière,,,,,,,,,,,1,2,1,1,2
200700051484,0007-08-14 23:00:00,7,8,14,23,0,201,4,1ER CONSUL AVENUE,,,Nuit avec éclairage allumé,En agglomération,Intersection en Y,Normale,Deux véhicules - frontale,,,,,,,,,,,5,2,4,1,1
200700051485,0007-08-16 19:30:00,7,8,16,19,30,201,4,RD11,,,Plein jour,Hors agglomération,Hors intersection,Normale,Deux véhicules - frontale,,,,,,,,,,,1,1,1,1,1
200700051486,0007-08-19 07:55:00,7,8,19,7,55,201,4,NATIONALE 196,,,Plein jour,Hors agglomération,Hors intersection,Normale,Deux véhicules - côté,,,,,,,,,,,1,1,1,1,3
200700051487,0007-08-20 09:35:00,7,8,20,9,35,201,4,NATIONALE 193,,,Plein jour,En agglomération,Hors intersection,Normale,Deux véhicules - côté,,,,,,,,,,,1,2,1,1,3
200700051488,0007-08-20 12:05:00,7,8,20,12,5,201,4,"SANS, ILES SANGUINAIRES",,,Plein jour,Hors agglomération,Hors intersection,Normale,Deux véhicules - côté,,,,,,,,,,,1,1,1,1,3
200700051489,0007-08-22 01:10:00,7,8,22,1,10,201,4,STILETTO LOT RTE MEZZAVI,,,Nuit avec éclairage allumé,En agglomération,Hors intersection,Normale,Autre collision,,,,,,,,,,,5,2,1,1,6
200700051490,0007-08-23 18:35:00,7,8,23,18,35,201,4,"sans, MARECHAL LYAUTEY A",,,Plein jour,En agglomération,Hors intersection,Normale,Autre collision,,,,,,,,,,,1,2,1,1,6
200700051491,0007-08-24 19:01:00,7,8,24,19,1,201,4,NATIONALE 194,,,Plein jour,En agglomération,Hors intersection,Normale,Deux véhicules - arrière,,,,,,,,,,,1,2,1,1,2
200700051492,0007-08-24 10:05:00,7,8,24,10,5,201,4,NATIONALE 194,,,Plein jour,En agglomération,Hors intersection,Pluie légère,Autre collision,,,,,,,,,,,1,2,1,2,6
200700051493,0007-08-27 15:17:00,7,8,27,15,17,201,4,FRANCHINI NOEL AV DOCTEU,,,Plein jour,En agglomération,Autre intersection,Normale,Deux véhicules - côté,,,,,,,,,,,1,2,9,1,3
200700051494,0007-08-27 17:19:00,7,8,27,17,19,201,4,NAPOLEON COURS APRES BEV,,,Plein jour,En agglomération,Hors intersection,Normale,Deux véhicules - côté,,,,,,,,,,,1,2,1,1,3
200700051495,0007-08-27 12:00:00,7,8,27,12,0,201,4,SEBASTIANU COSTA BD,,,Plein jour,En agglomération,Intersection en Y,Normale,Deux véhicules - côté,,,,,,,,,,,1,2,4,1,3
200700051496,0007-08-28 17:45:00,7,8,28,17,45,201,4,NAPOLEON COURS APRES BEV,,,Plein jour,En agglomération,Hors intersection,Normale,Deux véhicules - côté,,,,,,,,,,,1,2,1,1,3
200700051497,0007-08-30 02:20:00,7,8,30,2,20,201,4,"30, NAPOLEON COURS APRES",,,Nuit avec éclairage allumé,En agglomération,Hors intersection,Normale,Autre collision,,,,,,,,,,,5,2,1,1,6
200700051498,0007-08-31 12:47:00,7,8,31,12,47,201,4,NAPOLEON III AVENUE PAIR,,,Plein jour,En agglomération,Autre intersection,Normale,Deux véhicules - frontale,,,,,,,,,,,1,2,9,1,1
200700051499,0007-08-03 11:45:00,7,8,3,11,45,690,381,"01, RUE LANTERNE",,,Plein jour,En agglomération,Intersection en X,Normale,Autre collision,,,,,,,,,,,1,2,2,1,6
200700051500,0007-08-07 12:20:00,7,8,7,12,20,690,381,"04, RUE COYSEVOX",,,Plein jour,En agglomération,Intersection en X,Normale,Deux véhicules - côté,,,,,,,,,,,1,2,2,1,3
200700051501,0007-08-03 09:45:00,7,8,3,9,45,770,175,A5.B,,,Plein jour,Hors agglomération,Hors intersection,Normale,Sans collision,,,,,,,,,,,1,1,1,1,7
200700051502,0007-08-03 20:10:00,7,8,3,20,10,940,17,A86.INT,,,Plein jour,Hors agglomération,Hors intersection,Normale,Sans collision,,,,,,,,,,,1,1,1,1,7
200700051503,0007-08-05 20:15:00,7,8,5,20,15,770,249,RN104,,,Plein jour,Hors agglomération,Hors intersection,Normale,Autre collision,,,,,,,,,,,1,1,1,1,6
200700051504,0007-08-06 17:05:00,7,8,6,17,5,770,348,A104,,,Plein jour,Hors agglomération,Hors intersection,Pluie légère,Trois véhicules et plus - collisions multiples,,,,,,,,,,,1,1,1,2,5
200700051505,0007-08-08 04:50:00,7,8,8,4,50,770,373,RN104,,,Nuit sans éclairage public,Hors agglomération,Hors intersection,Pluie forte,Sans collision,,,,,,,,,,,3,1,1,3,7
200700051506,0007-08-08 08:30:00,7,8,8,8,30,940,79,A4,,,Plein jour,Hors agglomération,Hors intersection,Pluie forte,Deux véhicules - côté,,,,,,,,,,,1,1,1,3,3
200700051507,0007-08-08 15:00:00,7,8,8,15,0,770,373,RN104,,,Plein jour,Hors agglomération,Hors intersection,Temps couvert,Sans collision,,,,,,,,,,,1,1,1,8,7
200700051508,0007-08-10 08:50:00,7,8,10,8,50,770,468,A104,,,Plein jour,Hors agglomération,Hors intersection,Temps couvert,Deux véhicules - côté,,,,,,,,,,,1,1,1,8,3
200700051509,0007-08-13 19:30:00,7,8,13,19,30,770,181,A4,,,Plein jour,Hors agglomération,Hors intersection,Normale,Autre collision,,,,,,,,,,,1,1,1,1,6
200700051510,0007-08-14 22:35:00,7,8,14,22,35,940,17,A4,,,Nuit avec éclairage allumé,Hors agglomération,Hors intersection,Pluie légère,Sans collision,,,,,,,,,,,5,1,1,2,7
200700051511,0007-08-16 01:50:00,7,8,16,1,50,940,69,A4,,,Nuit avec éclairage allumé,Hors agglomération,Hors intersection,Pluie forte,Autre collision,,,,,,,,,,,5,1,1,3,6
200700051512,0007-08-19 20:10:00,7,8,19,20,10,940,73,A86,,,Plein jour,Hors agglomération,Hors intersection,Normale,Deux véhicules - arrière,,,,,,,,,,,1,1,1,1,2
200700051513,0007-08-20 19:30:00,7,8,20,19,30,940,33,A86.EXT,,,Plein jour,Hors agglomération,Hors intersection,Normale,Autre collision,,,,,,,,,,,1,1,1,1,6
200700051514,0007-08-20 19:34:00,7,8,20,19,34,940,52,A86.EXT,,,Plein jour,Hors agglomération,Hors intersection,Normale,Deux véhicules - côté,,,,,,,,,,,1,1,1,1,3
200700051515,0007-08-21 01:45:00,7,8,21,1,45,940,69,A4,,,Nuit avec éclairage allumé,Hors agglomération,Hors intersection,Normale,Deux véhicules - arrière,,,,,,,,,,,5,1,1,1,2
200700051516,0007-08-22 15:00:00,7,8,22,15,0,770,121,A104,,,Plein jour,Hors agglomération,Hors intersection,Pluie légère,Autre collision,,,,,,,,,,,1,1,1,2,6
200700051517,0007-08-23 05:15:00,7,8,23,5,15,770,175,RN104,,,Nuit sans éclairage public,Hors agglomération,Hors intersection,Pluie légère,Sans collision,,,,,,,,,,,3,1,1,2,7
200700051518,0007-08-23 05:40:00,7,8,23,5,40,770,373,RN104,,,Crépuscule ou aube,Hors agglomération,Intersection en Y,Normale,Autre collision,,,,,,,,,,,2,1,4,1,6
200700051519,0007-08-23 17:45:00,7,8,23,17,45,770,175,RN104,,,Plein jour,Hors agglomération,Hors intersection,Pluie légère,Autre collision,,,,,,,,,,,1,1,1,2,6
200700051520,0007-08-24 06:20:00,7,8,24,6,20,940,73,A86,,,Crépuscule ou aube,Hors agglomération,Hors intersection,Pluie légère,Autre collision,,,,,,,,,,,2,1,1,2,6
200700051521,0007-08-25 08:25:00,7,8,25,8,25,770,249,RN104,,,Plein jour,Hors agglomération,Hors intersection,Normale,Deux véhicules - côté,,,,,,,,,,,1,1,1,1,3
200700051522,0007-08-25 12:40:00,7,8,25,12,40,750,112,A4,,,Plein jour,Hors agglomération,Hors intersection,Normale,Trois véhicules et plus - en chaîne,,,,,,,,,,,1,1,1,1,4
200700051523,0007-08-26 22:40:00,7,8,26,22,40,940,15,A4,,,Nuit sans éclairage public,Hors agglomération,Hors intersection,Normale,Trois véhicules et plus - en chaîne,,,,,,,,,,,3,1,1,1,4
200700051524,0007-08-27 18:50:00,7,8,27,18,50,770,169,A4.Y,,,Plein jour,Hors agglomération,Hors intersection,Normale,Trois véhicules et plus - collisions multiples,,,,,,,,,,,1,1,1,1,5
200700051525,0007-08-27 22:05:00,7,8,27,22,5,940,28,RN406.W,,,Nuit avec éclairage allumé,Hors agglomération,Hors intersection,Normale,Autre collision,,,,,,,,,,,5,1,1,1,6
200700051526,0007-08-30 06:25:00,7,8,30,6,25,770,83,A4.W,,,Crépuscule ou aube,Hors agglomération,Hors intersection,Normale,Trois véhicules et plus - collisions multiples,,,,,,,,,,,2,1,1,1,5
200700051527,0007-08-30 20:00:00,7,8,30,20,0,940,52,A86.EXT,,,Plein jour,Hors agglomération,Hors intersection,Normale,Deux véhicules - côté,,,,,,,,,,,1,1,1,1,3
200700051528,0007-08-31 08:50:00,7,8,31,8,50,940,79,A4,,,Plein jour,Hors agglomération,Hors intersection,Normale,Deux véhicules - côté,,,,,,,,,,,1,1,1,1,3
200700051529,0007-08-31 09:15:00,7,8,31,9,15,770,258,RN104,,,Plein jour,Hors agglomération,Hors intersection,Normale,Trois véhicules et plus - collisions multiples,,,,,,,,,,,1,1,1,1,5
200700051530,0007-08-31 19:00:00,7,8,31,19,0,940,65,A86,,,Plein jour,Hors agglomération,Hors intersection,Normale,Deux véhicules - côté,,,,,,,,,,,1,1,1,1,3
200700051531,0007-08-01 09:15:00,7,8,1,9,15,930,66,AUTOROUTE A1,,,Plein jour,Hors agglomération,Hors intersection,Normale,Trois véhicules et plus - collisions multiples,,,,,,,,,,,1,1,1,1,5
200700051532,0007-08-01 13:05:00,7,8,1,13,5,950,604,AUTOROUTE A1,,,Plein jour,Hors agglomération,Hors intersection,Normale,Autre collision,,,,,,,,,,,1,1,1,1,6
200700051533,0007-08-02 09:15:00,7,8,2,9,15,930,64,AUTOROUTE A86,,,Plein jour,Hors agglomération,Hors intersection,Temps couvert,Deux véhicules - arrière,,,,,,,,,,,1,1,1,8,2
200700051534,0007-08-04 00:30:00,7,8,4,0,30,930,10,AUTOROUTE A3,,,Nuit avec éclairage allumé,Hors agglomération,Hors intersection,Normale,Deux véhicules - arrière,,,,,,,,,,,5,1,1,1,2
200700051535,0007-08-06 01:40:00,7,8,6,1,40,950,580,AUTOROUTE A1,,,Nuit avec éclairage non allumé,Hors agglomération,Hors intersection,Normale,Deux véhicules - arrière,,,,,,,,,,,4,1,1,1,2
200700051536,0007-08-06 12:05:00,7,8,6,12,5,920,36,AUTOROUTE A86,,,Plein jour,Hors agglomération,Hors intersection,Pluie forte,Sans collision,,,,,,,,,,,1,1,1,3,7
200700051537,0007-08-06 13:30:00,7,8,6,13,30,930,78,AUTOROUTE A104,,,Plein jour,Hors agglomération,Hors intersection,Pluie légère,Sans collision,,,,,,,,,,,1,1,1,2,7