accident_id,datetime,annee,mois,jour,heure,minute,departement,commune_insee,adresse,latitude,longitude,luminosite,agglomeration,intersection,meteo,collision,nb_vehicules,nb_usagers,nb_indemnes,nb_tues,nb_blesses_hosp,nb_blesses_legers,age_cond_1,age_cond_2,veh_type_cond_1,veh_type_cond_2,lum_code,agg_code,int_code,atm_code,col_code
200700051813,0007-08-29 14:35:00,7,8,29,14,35,330,192,AUTOROUTE A 63,,,Plein jour,Hors agglomération,Hors intersection,Pluie légère,Trois véhicules et plus - en chaîne,,,,,,,,,,,1,1,1,2,4
200700051814,0007-08-29 15:55:00,7,8,29,15,55,330,39,ROCADE A 631,,,Plein jour,Hors agglomération,Hors intersection,Pluie légère,Sans collision,,,,,,,,,,,1,1,1,2,7
200700051815,0007-08-31 13:30:00,7,8,31,13,30,330,39,ROCADE A 630,,,Plein jour,Hors agglomération,Hors intersection,Normale,Trois véhicules et plus - en chaîne,,,,,,,,,,,1,1,1,1,4
200700051816,0007-08-31 15:10:00,7,8,31,15,10,330,122,AUTOROUTE A 63,,,Plein jour,Hors agglomération,Hors intersection,Normale,Deux véhicules - arrière,,,,,,,,,,,1,1,1,1,2
200700051817,0007-08-11 23:10:00,7,8,11,23,10,690,385,"55, CHEMIN DE CHOULANS",,,Nuit avec éclairage allumé,En agglomération,Hors intersection,Normale,Sans collision,,,,,,,,,,,5,2,1,1,7
200700051818,0007-08-04 23:25:00,7,8,4,23,25,670,152,Route Nationale 83,,,Nuit avec éclairage allumé,Hors agglomération,Hors intersection,Normale,Deux véhicules - côté,,,,,,,,,,,5,1,1,1,3
200700051819,0007-08-22 22:45:00,7,8,22,22,45,670,482,Autoroute A.35,,,Nuit avec éclairage allumé,Hors agglomération,Hors intersection,Normale,Trois véhicules et plus - collisions multiples,,,,,,,,,,,5,1,1,1,5
200700051820,0007-08-31 15:30:00,7,8,31,15,30,670,365,Autoroute A.35,,,Plein jour,Hors agglomération,Hors intersection,Normale,Deux véhicules - côté,,,,,,,,,,,1,1,1,1,3
200700051821,0007-08-10 12:05:00,7,8,10,12,5,540,115,Autoroute A 31,,,Plein jour,Hors agglomération,Hors intersection,Normale,Deux véhicules - arrière,,,,,,,,,,,1,1,1,1,2
200700051822,0007-08-26 02:15:00,7,8,26,2,15,540,557,Autoroute A 31,,,Nuit sans éclairage public,Hors agglomération,Hors intersection,Normale,Deux véhicules - arrière,,,,,,,,,,,3,1,1,1,2
200700051823,0007-08-30 15:30:00,7,8,30,15,30,540,528,Autoroute A 31,,,Plein jour,Hors agglomération,Hors intersection,Normale,Deux véhicules - côté,,,,,,,,,,,1,1,1,1,3
200700051824,0007-08-18 05:23:00,7,8,18,5,23,570,221,Autoroute A31,,,Nuit sans éclairage public,Hors agglomération,Hors intersection,Normale,Sans collision,,,,,,,,,,,3,1,1,1,7
200700051825,0007-08-20 08:25:00,7,8,20,8,25,570,764,Autoroute A31,,,Plein jour,Hors agglomération,Hors intersection,Normale,Deux véhicules - côté,,,,,,,,,,,1,1,1,1,3
200700051826,0007-08-14 14:20:00,7,8,14,14,20,690,387,AVENUE TONY GARNIER,,,Plein jour,En agglomération,Intersection en T,Normale,Deux véhicules - côté,,,,,,,,,,,1,2,3,1,3
200700051827,0007-08-21 17:30:00,7,8,21,17,30,690,387,RUE DE LA THIBAUDIERE,,,Plein jour,En agglomération,Intersection en T,Temps couvert,Autre collision,,,,,,,,,,,1,2,3,8,6
200700051828,0007-08-27 14:45:00,7,8,27,14,45,690,387,RUE D ANVERS,,,Crépuscule ou aube,En agglomération,Intersection en X,Normale,Deux véhicules - côté,,,,,,,,,,,2,2,2,1,3
200700051829,0007-08-03 00:20:00,7,8,3,0,20,690,388,"00, AVENUE BERTHELOT",,,Nuit avec éclairage allumé,En agglomération,Intersection en X,Normale,Deux véhicules - côté,,,,,,,,,,,5,2,2,1,3
200700051830,0007-08-08 20:00:00,7,8,8,20,0,690,388,"00, BOULEVARD DES ETATS",,,Plein jour,En agglomération,Intersection en X,Normale,Deux véhicules - côté,,,,,,,,,,,1,2,2,1,3
200700051831,0007-08-09 17:50:00,7,8,9,17,50,690,388,"00, BOULEVARD DES ETATS",,,Crépuscule ou aube,En agglomération,Hors intersection,Pluie légère,Autre collision,,,,,,,,,,,2,2,1,2,6
200700051832,0007-08-14 12:30:00,7,8,14,12,30,690,388,RUE PAUL CAZENEUVE,,,Plein jour,En agglomération,Hors intersection,Normale,Autre collision,,,,,,,,,,,1,2,1,1,6
200700051833,0007-08-19 20:50:00,7,8,19,20,50,690,388,"00, BOULEVARD JEAN XXIII",,,Nuit avec éclairage allumé,En agglomération,Intersection en X,Normale,Autre collision,,,,,,,,,,,5,2,2,1,6
200700051834,0007-08-14 13:50:00,7,8,14,13,50,690,388,"00, BOULEVARD DES ETATS",,,Plein jour,En agglomération,Intersection en X,Normale,Autre collision,,,,,,,,,,,1,2,2,1,6
200700051835,0007-08-24 11:50:00,7,8,24,11,50,690,388,"357, ROUTE DE VIENNE",,,Plein jour,En agglomération,Hors intersection,Normale,Deux véhicules - arrière,,,,,,,,,,,1,2,1,1,2
200700051836,0007-08-27 20:45:00,7,8,27,20,45,690,388,"00, RUE DENIS",,,Crépuscule ou aube,En agglomération,Intersection en X,Normale,Deux véhicules - côté,,,,,,,,,,,2,2,2,1,3
200700051837,0007-08-30 21:20:00,7,8,30,21,20,690,388,"00, COURS ALBERT THOMAS",,,Nuit sans éclairage public,En agglomération,Intersection en X,Normale,Deux véhicules - côté,,,,,,,,,,,3,2,2,1,3
200700051838,0007-08-01 22:45:00,7,8,1,22,45,690,34,RD383   0.000 A 1.165,,,Nuit avec éclairage allumé,Hors agglomération,Hors intersection,Normale,Deux véhicules - côté,,,,,,,,,,,5,1,1,1,3
200700051839,0007-08-02 11:55:00,7,8,2,11,55,380,336,A7   32.870 A 35.680,,,Plein jour,Hors agglomération,Hors intersection,Normale,Deux véhicules - côté,,,,,,,,,,,1,1,1,1,3
200700051840,0007-08-04 05:10:00,7,8,4,5,10,380,336,A7   32.870 A 35.680,,,Nuit sans éclairage public,Hors agglomération,Hors intersection,Normale,Trois véhicules et plus - collisions multiples,,,,,,,,,,,3,1,1,1,5
200700051841,0007-08-07 15:35:00,7,8,7,15,35,690,199,RD383   14.250 A 18.000,,,Plein jour,Hors agglomération,Autre intersection,Normale,Autre collision,,,,,,,,,,,1,1,9,1,6
200700051842,0007-08-08 20:30:00,7,8,8,20,30,690,142,A7   2.278 A 3.690,,,Crépuscule ou aube,Hors agglomération,Hors intersection,Normale,Autre collision,,,,,,,,,,,2,1,1,1,6
200700051843,0007-08-10 17:25:00,7,8,10,17,25,690,290,A43   3.865 A 9.894,,,Plein jour,Hors agglomération,Hors intersection,Normale,Trois véhicules et plus - en chaîne,,,,,,,,,,,1,1,1,1,4
200700051844,0007-08-10 17:35:00,7,8,10,17,35,690,142,A7   2.278 A 3.690,,,Plein jour,Hors agglomération,Hors intersection,Normale,Trois véhicules et plus - collisions multiples,,,,,,,,,,,1,1,1,1,5
200700051845,0007-08-13 07:50:00,7,8,13,7,50,690,235,A7   27.460 A 28.860,,,Plein jour,Hors agglomération,Hors intersection,Normale,Deux véhicules - arrière,,,,,,,,,,,1,1,1,1,2
200700051846,0007-08-13 20:00:00,7,8,13,20,0,380,544,N407   0.000 A 2.331,,,Plein jour,Hors agglomération,Intersection en X,Normale,Deux véhicules - côté,,,,,,,,,,,1,1,2,1,3
200700051847,0007-08-18 01:20:00,7,8,18,1,20,690,29,RD383   7.640 A 11.044,,,Nuit avec éclairage non allumé,Hors agglomération,Hors intersection,Normale,Autre collision,,,,,,,,,,,4,1,1,1,6
200700051848,0007-08-20 22:25:00,7,8,20,22,25,690,382,A6   455.000 A 455.875,,,Nuit avec éclairage allumé,Hors agglomération,Hors intersection,Pluie forte,Sans collision,,,,,,,,,,,5,1,1,3,7
200700051849,0007-08-22 18:00:00,7,8,22,18,0,690,270,A46S   47.880 A 49.160,,,Plein jour,Hors agglomération,Hors intersection,Normale,Deux véhicules - arrière,,,,,,,,,,,1,1,1,1,2
200700051850,0007-08-24 15:15:00,7,8,24,15,15,690,283,A46S   43.680 A 47.880,,,Plein jour,Hors agglomération,Hors intersection,Normale,Deux véhicules - arrière,,,,,,,,,,,1,1,1,1,2
200700051851,0007-08-28 18:15:00,7,8,28,18,15,690,290,A43   3.865 A 9.894,,,Plein jour,Hors agglomération,Hors intersection,Normale,Trois véhicules et plus - collisions multiples,,,,,,,,,,,1,1,1,1,5
200700051852,0007-08-29 05:45:00,7,8,29,5,45,690,275,RN346   29.300 A 34.350,,,Nuit sans éclairage public,Hors agglomération,Hors intersection,Pluie forte,Deux véhicules - arrière,,,,,,,,,,,3,1,1,3,2
200700051853,0007-08-29 08:30:00,7,8,29,8,30,690,256,RN346  S/N   25.686 A 29,,,Crépuscule ou aube,Hors agglomération,Intersection en X,Temps couvert,Autre collision,,,,,,,,,,,2,1,2,8,6
200700051854,0007-08-29 11:40:00,7,8,29,11,40,690,283,A46S   43.680 A 47.880,,,Plein jour,Hors agglomération,Hors intersection,Pluie légère,Autre collision,,,,,,,,,,,1,1,1,2,6
200700051855,0007-08-31 16:30:00,7,8,31,16,30,690,27,A450   5.100 A 7.285,,,Plein jour,Hors agglomération,Hors intersection,Normale,Deux véhicules - côté,,,,,,,,,,,1,1,1,1,3
200700051856,0007-08-31 16:30:00,7,8,31,16,30,690,81,BPNL   34.000 A 34.614,,,Plein jour,Hors agglomération,Hors intersection,Normale,Deux véhicules - arrière,,,,,,,,,,,1,1,1,1,2
200700051857,0007-08-01 13:30:00,7,8,1,13,30,690,389,"10, QUAI ARLOING",,,Plein jour,En agglomération,Hors intersection,Normale,Deux véhicules - arrière,,,,,,,,,,,1,2,1,1,2
200700051858,0007-08-10 15:20:00,7,8,10,15,20,690,389,"547, RUE DE BEER SHEVA",,,Plein jour,En agglomération,Hors intersection,Normale,Deux véhicules - frontale,,,,,,,,,,,1,2,1,1,1
200700051859,0007-08-11 07:50:00,7,8,11,7,50,690,389,"2, RUE MOUILLARD",,,Plein jour,En agglomération,Hors intersection,Normale,Deux véhicules - côté,,,,,,,,,,,1,2,1,1,3
200700051860,0007-08-19 19:30:00,7,8,19,19,30,690,389,"0, RUE LAURE DIEBOLD",,,Plein jour,En agglomération,Intersection en T,Pluie forte,Deux véhicules - côté,,,,,,,,,,,1,2,3,3,3
200700051861,0007-08-21 22:10:00,7,8,21,22,10,690,389,"1, GRANDE RUE DE VAISE",,,Nuit avec éclairage allumé,En agglomération,Hors intersection,Normale,Autre collision,,,,,,,,,,,5,2,1,1,6
200700051862,0007-08-01 06:50:00,7,8,1,6,50,830,47,A570,,,Plein jour,Hors agglomération,Hors intersection,Normale,Sans collision,,,,,,,,,,,1,1,1,1,7
200700051863,0007-08-06 10:53:00,7,8,6,10,53,830,144,A57,,,Plein jour,Hors agglomération,Hors intersection,Normale,Deux véhicules - côté,,,,,,,,,,,1,1,1,1,3
200700051864,0007-08-09 16:40:00,7,8,9,16,40,830,47,A570,,,Plein jour,Hors agglomération,Hors intersection,Normale,Deux véhicules - côté,,,,,,,,,,,1,1,1,1,3
200700051865,0007-08-17 23:25:00,7,8,17,23,25,830,62,A57,,,Nuit avec éclairage non allumé,Hors agglomération,Hors intersection,Normale,Deux véhicules - côté,,,,,,,,,,,4,1,1,1,3
200700051866,0007-08-23 18:42:00,7,8,23,18,42,830,144,A57,,,Plein jour,Hors agglomération,Hors intersection,Normale,Deux véhicules - arrière,,,,,,,,,,,1,1,1,1,2
200700051867,0007-08-24 04:20:00,7,8,24,4,20,830,144,A57,,,Nuit sans éclairage public,Hors agglomération,Hors intersection,Normale,Autre collision,,,,,,,,,,,3,1,1,1,6
200700051868,0007-08-24 19:10:00,7,8,24,19,10,830,126,A50,,,Plein jour,Hors agglomération,Hors intersection,Normale,Sans collision,,,,,,,,,,,1,1,1,1,7
200700051869,0007-08-25 21:50:00,7,8,25,21,50,830,47,A570,,,Nuit sans éclairage public,Hors agglomération,Hors intersection,Normale,Deux véhicules - arrière,,,,,,,,,,,3,1,1,1,2
200700051870,0007-08-26 12:01:00,7,8,26,12,1,830,27,A50,,,Plein jour,Hors agglomération,Hors intersection,Normale,Deux véhicules - côté,,,,,,,,,,,1,1,1,1,3
200700051871,0007-08-31 12:10:00,7,8,31,12,10,830,137,A50,,,Plein jour,Hors agglomération,Hors intersection,Normale,Deux véhicules - arrière,,,,,,,,,,,1,1,1,1,2
200700051872,0007-08-31 15:48:00,7,8,31,15,48,830,137,A57,,,Plein jour,Hors agglomération,Hors intersection,Normale,Trois véhicules et plus - collisions multiples,,,,,,,,,,,1,1,1,1,5
200700051873,0007-08-01 10:15:00,7,8,1,10,15,130,88,A55-Sens Martigues vers,,,Plein jour,Hors agglomération,Hors intersection,Normale,Autre collision,,,,,,,,,,,1,1,1,1,6
200700051874,0007-08-02 15:00:00,7,8,2,15,0,130,15,A51-Sens Aix en Provence,,,Plein jour,Hors agglomération,Hors intersection,Normale,Autre collision,,,,,,,,,,,1,1,1,1,6
200700051875,0007-08-03 18:55:00,7,8,3,18,55,130,15,A51-Sens Marseille vers,,,Plein jour,Hors agglomération,Hors intersection,Normale,Deux véhicules - côté,,,,,,,,,,,1,1,1,1,3
200700051876,0007-08-03 04:30:00,7,8,3,4,30,130,215,A7-Sens Lyon vers Marsei,,,Nuit sans éclairage public,Hors agglomération,Hors intersection,Normale,Autre collision,,,,,,,,,,,3,1,1,1,6
200700051877,0007-08-03 12:15:00,7,8,3,12,15,130,71,A7-Sens Marseille vers L,,,Nuit avec éclairage non allumé,Hors agglomération,Hors intersection,Normale,Autre collision,,,,,,,,,,,4,1,1,1,6
200700051878,0007-08-03 12:30:00,7,8,3,12,30,130,71,F8-Sens Martigues vers A,,,Plein jour,Hors agglomération,Hors intersection,Normale,Trois véhicules et plus - en chaîne,,,,,,,,,,,1,1,1,1,4
200700051879,0007-08-03 16:00:00,7,8,3,16,0,130,214,A7-Sens Marseille vers L,,,Plein jour,Hors agglomération,Hors intersection,Normale,Trois véhicules et plus - en chaîne,,,,,,,,,,,1,1,1,1,4
200700051880,0007-08-03 17:50:00,7,8,3,17,50,130,71,A7-Sens Marseille vers L,,,Plein jour,Hors agglomération,Hors intersection,Normale,Trois véhicules et plus - en chaîne,,,,,,,,,,,1,1,1,1,4
200700051881,0007-08-05 02:30:00,7,8,5,2,30,130,71,A7-Sens Lyon vers Marsei,,,Nuit sans éclairage public,Hors agglomération,Hors intersection,Normale,Autre collision,,,,,,,,,,,3,1,1,1,6
200700051882,0007-08-05 04:25:00,7,8,5,4,25,130,211,A50-Sens Aubagne vers Ma,,,Nuit avec éclairage non allumé,Hors agglomération,Hors intersection,Normale,Sans collision,,,,,,,,,,,4,1,1,1,7
200700051883,0007-08-05 11:40:00,7,8,5,11,40,130,33,A55-Sens Marseille vers,,,Plein jour,Hors agglomération,Hors intersection,Normale,Deux véhicules - arrière,,,,,,,,,,,1,1,1,1,2
200700051884,0007-08-05 12:15:00,7,8,5,12,15,130,88,A55-Sens Marseille vers,,,Plein jour,Hors agglomération,Hors intersection,Normale,Deux véhicules - arrière,,,,,,,,,,,1,1,1,1,2
200700051885,0007-08-06 19:20:00,7,8,6,19,20,130,1,A51-Sens Aix en Provence,,,Plein jour,Hors agglomération,Hors intersection,Normale,Autre collision,,,,,,,,,,,1,1,1,1,6
200700051886,0007-08-06 21:25:00,7,8,6,21,25,130,71,A55-Sens Martigues vers,,,Nuit sans éclairage public,Hors agglomération,Hors intersection,Normale,Autre collision,,,,,,,,,,,3,1,1,1,6
200700051887,0007-08-07 17:45:00,7,8,7,17,45,130,214,A7-Sens Lyon vers Marsei,,,Plein jour,Hors agglomération,Hors intersection,Normale,Deux véhicules - arrière,,,,,,,,,,,1,1,1,1,2
200700051888,0007-08-08 16:30:00,7,8,8,16,30,130,71,A7-Sens Marseille vers L,,,Plein jour,Hors agglomération,Hors intersection,Normale,Trois véhicules et plus - en chaîne,,,,,,,,,,,1,1,1,1,4
200700051889,0007-08-11 04:40:00,7,8,11,4,40,130,71,A7-Sens Marseille vers L,,,Nuit sans éclairage public,Hors agglomération,Hors intersection,Normale,Autre collision,,,,,,,,,,,3,1,1,1,6
200700051890,0007-08-12 19:50:00,7,8,12,19,50,130,117,A7-Sens Lyon vers Marsei,,,Plein jour,Hors agglomération,Hors intersection,Normale,Autre collision,,,,,,,,,,,1,1,1,1,6
200700051891,0007-08-13 18:00:00,7,8,13,18,0,130,203,A7-Sens Marseille vers L,,,Plein jour,Hors agglomération,Hors intersection,Normale,Deux véhicules - arrière,,,,,,,,,,,1,1,1,1,2
200700051892,0007-08-14 15:55:00,7,8,14,15,55,130,55,A7-Sens Marseille vers L,,,Plein jour,Hors agglomération,Hors intersection,Normale,Deux véhicules - arrière,,,,,,,,,,,1,1,1,1,2
200700051893,0007-08-14 23:48:00,7,8,14,23,48,130,1,A51-Sens Aix en Provence,,,Nuit sans éclairage public,Hors agglomération,Hors intersection,Normale,Sans collision,,,,,,,,,,,3,1,1,1,7
200700051894,0007-08-15 00:40:00,7,8,15,0,40,130,117,A7-Sens Lyon vers Marsei,,,Nuit sans éclairage public,Hors agglomération,Hors intersection,Normale,Autre collision,,,,,,,,,,,3,1,1,1,6
200700051895,0007-08-16 23:00:00,7,8,16,23,0,130,15,A51-Sens Marseille vers,,,Nuit sans éclairage public,Hors agglomération,Hors intersection,Normale,Sans collision,,,,,,,,,,,3,1,1,1,7
200700051896,0007-08-18 04:55:00,7,8,18,4,55,130,216,A55-Sens Marseille vers,,,Nuit sans éclairage public,Hors agglomération,Hors intersection,Normale,Autre collision,,,,,,,,,,,3,1,1,1,6
200700051897,0007-08-19 06:30:00,7,8,19,6,30,130,15,A51-Sens Marseille vers,,,Crépuscule ou aube,Hors agglomération,Hors intersection,Normale,Autre collision,,,,,,,,,,,2,1,1,1,6
200700051898,0007-08-19 16:40:00,7,8,19,16,40,130,81,A7-Sens Lyon vers Marsei,,,Plein jour,Hors agglomération,Hors intersection,Normale,Sans collision,,,,,,,,,,,1,1,1,1,7
200700051899,0007-08-20 00:50:00,7,8,20,0,50,130,70,A50-Sens Aubagne vers Ma,,,Nuit sans éclairage public,Hors agglomération,Hors intersection,Normale,Autre collision,,,,,,,,,,,3,1,1,1,6
200700051900,0007-08-21 15:41:00,7,8,21,15,41,130,71,A51-Sens Marseille vers,,,Plein jour,Hors agglomération,Hors intersection,Normale,Deux véhicules - arrière,,,,,,,,,,,1,1,1,1,2
200700051901,0007-08-21 18:32:00,7,8,21,18,32,130,106,A51-Sens Aix en Provence,,,Plein jour,Hors agglomération,Hors intersection,Normale,Autre collision,,,,,,,,,,,1,1,1,1,6
200700051902,0007-08-22 16:30:00,7,8,22,16,30,130,71,A7-Sens Lyon vers Marsei,,,Plein jour,Hors agglomération,Hors intersection,Normale,Deux véhicules - arrière,,,,,,,,,,,1,1,1,1,2
200700051903,0007-08-23 08:40:00,7,8,23,8,40,130,202,TVPCM-Sens Saint Victor,,,Plein jour,Hors agglomération,Hors intersection,Normale,Trois véhicules et plus - en chaîne,,,,,,,,,,,1,1,1,1,4
200700051904,0007-08-23 17:26:00,7,8,23,17,26,130,214,A7-Sens Marseille vers L,,,Plein jour,Hors agglomération,Hors intersection,Normale,Deux véhicules - arrière,,,,,,,,,,,1,1,1,1,2
200700051905,0007-08-26 11:30:00,7,8,26,11,30,130,43,A55-Sens Martigues vers,,,Plein jour,Hors agglomération,Hors intersection,Normale,Sans collision,,,,,,,,,,,1,1,1,1,7
200700051906,0007-08-26 01:55:00,7,8,26,1,55,130,202,TVPCM-Sens Saint Victor,,,Nuit avec éclairage allumé,Hors agglomération,Hors intersection,Normale,Autre collision,,,,,,,,,,,5,1,1,1,6
200700051907,0007-08-26 11:45:00,7,8,26,11,45,130,88,A55-Sens Marseille vers,,,Plein jour,Hors agglomération,Hors intersection,Normale,Autre collision,,,,,,,,,,,1,1,1,1,6
200700051908,0007-08-26 15:20:00,7,8,26,15,20,130,5,A50-Sens Marseille vers,,,Plein jour,Hors agglomération,Hors intersection,Normale,Sans collision,,,,,,,,,,,1,1,1,1,7
200700051909,0007-08-26 19:20:00,7,8,26,19,20,130,5,A501-Sens Pont de l'Etoi,,,Plein jour,Hors agglomération,Hors intersection,Normale,Sans collision,,,,,,,,,,,1,1,1,1,7
200700051910,0007-08-27 18:57:00,7,8,27,18,57,130,202,A55-Sens Martigues vers,,,Plein jour,Hors agglomération,Hors intersection,Normale,Autre collision,,,,,,,,,,,1,1,1,1,6
200700051911,0007-08-28 09:00:00,7,8,28,9,0,130,71,A7-Sens Lyon vers Marsei,,,Plein jour,Hors agglomération,Hors intersection,Normale,Trois véhicules et plus - en chaîne,,,,,,,,,,,1,1,1,1,4
200700051912,0007-08-28 20:45:00,7,8,28,20,45,130,71,A55-Sens Martigues vers,,,Nuit sans éclairage public,Hors agglomération,Hors intersection,Normale,Trois véhicules et plus - en chaîne,,,,,,,,,,,3,1,1,1,4
200700051913,0007-08-29 06:20:00,7,8,29,6,20,130,81,A7-Sens Lyon vers Marsei,,,Crépuscule ou aube,Hors agglomération,Hors intersection,Normale,Sans collision,,,,,,,,,,,2,1,1,1,7
200700051914,0007-08-29 21:10:00,7,8,29,21,10,130,1,A51-Sens Marseille vers,,,Nuit sans éclairage public,Hors agglomération,Hors intersection,Normale,Deux véhicules - arrière,,,,,,,,,,,3,1,1,1,2
200700051915,0007-08-31 14:20:00,7,8,31,14,20,130,202,TVPCM-Sens Saint Victor,,,Plein jour,Hors agglomération,Hors intersection,Normale,Sans collision,,,,,,,,,,,1,1,1,1,7
200700051916,0007-08-31 17:15:00,7,8,31,17,15,130,211,A50-Sens Marseille vers,,,Plein jour,Hors agglomération,Hors intersection,Normale,Trois véhicules et plus - collisions multiples,,,,,,,,,,,1,1,1,1,5
200700051917,0007-08-01 19:00:00,7,8,1,19,0,750,101,"17, BOULEVARD DE LA MADE",,,Plein jour,En agglomération,Hors intersection,Normale,Sans collision,,,,,,,,,,,1,2,1,1,7
200700051918,0007-08-02 20:55:00,7,8,2,20,55,750,101,"10, QUAI FRANCOIS MITTER",,,Crépuscule ou aube,En agglomération,Hors intersection,Pluie légère,Sans collision,,,,,,,,,,,2,2,1,2,7
200700051919,0007-08-05 15:50:00,7,8,5,15,50,750,104,PONT AU CHANGE,,,Plein jour,En agglomération,Hors intersection,Normale,Deux véhicules - arrière,,,,,,,,,,,1,2,1,1,2
200700051920,0007-08-08 09:30:00,7,8,8,9,30,750,101,"04, BOULEVARD DU PALAIS",,,Plein jour,En agglomération,Hors intersection,Pluie forte,Deux véhicules - côté,,,,,,,,,,,1,2,1,3,3
200700051921,0007-08-11 00:20:00,7,8,11,0,20,750,101,"136, RUE SAINT HONORE",,,Nuit avec éclairage allumé,En agglomération,Hors intersection,Normale,Autre collision,,,,,,,,,,,5,2,1,1,6
200700051922,0007-08-24 21:25:00,7,8,24,21,25,750,101,"206, RUE DE RIVOLI",,,Nuit avec éclairage allumé,En agglomération,Hors intersection,Normale,Sans collision,,,,,,,,,,,5,2,1,1,7
200700051923,0007-08-25 16:55:00,7,8,25,16,55,750,101,RUE DU MARCHE SAINT HONO,,,Plein jour,En agglomération,Hors intersection,Normale,Autre collision,,,,,,,,,,,1,2,1,1,6
200700051924,0007-08-26 01:15:00,7,8,26,1,15,750,101,"0, QUAI FRANCOIS MITTERR",,,Nuit avec éclairage allumé,En agglomération,Hors intersection,Normale,Autre collision,,,,,,,,,,,5,2,1,1,6
200700051925,0007-08-27 11:55:00,7,8,27,11,55,750,101,RUE DU PONT NEUF,,,Plein jour,En agglomération,Intersection en X,Normale,Autre collision,,,,,,,,,,,1,2,2,1,6
200700051926,0007-08-30 00:01:00,7,8,30,0,1,750,101,PONT DU CARROUSEL,,,Nuit avec éclairage allumé,En agglomération,Hors intersection,Normale,Deux véhicules - côté,,,,,,,,,,,5,2,1,1,3
200700051927,0007-08-10 21:20:00,7,8,10,21,20,750,102,"101, BOULEVARD DE SEBAST",,,Nuit avec éclairage allumé,En agglomération,Intersection en X,Temps couvert,Deux véhicules - côté,,,,,,,,,,,5,2,2,8,3
200700051928,0007-08-22 16:20:00,7,8,22,16,20,750,102,"77, BOULEVARD DE SEBASTO",,,Plein jour,En agglomération,Intersection en X,Temps couvert,Autre collision,,,,,,,,,,,1,2,2,8,6
200700051929,0007-08-22 19:30:00,7,8,22,19,30,750,102,"3, RUE DE LA PAIX",,,Plein jour,En agglomération,Hors intersection,Pluie forte,Deux véhicules - côté,,,,,,,,,,,1,2,1,3,3
200700051930,0007-08-30 20:45:00,7,8,30,20,45,750,102,"21, RUE DU QUATRE SEPTEM",,,Nuit avec éclairage allumé,En agglomération,Hors intersection,Normale,Deux véhicules - arrière,,,,,,,,,,,5,2,1,1,2
200700051931,0007-08-03 12:36:00,7,8,3,12,36,750,103,"33, RUE REAUMUR",,,Plein jour,En agglomération,Hors intersection,Normale,Deux véhicules - côté,,,,,,,,,,,1,2,1,1,3
200700051932,0007-08-04 17:50:00,7,8,4,17,50,750,103,"53, RUE DE TURBIGO",,,Plein jour,En agglomération,Hors intersection,Normale,Sans collision,,,,,,,,,,,1,2,1,1,7
200700051933,0007-08-06 16:10:00,7,8,6,16,10,750,103,"205, RUE DU TEMPLE",,,Plein jour,En agglomération,Intersection en T,Normale,Deux véhicules - côté,,,,,,,,,,,1,2,3,1,3
200700051934,0007-08-13 03:20:00,7,8,13,3,20,750,103,"254, RUE SAINT MARTIN",,,Nuit avec éclairage allumé,En agglomération,Intersection en X,Normale,Deux véhicules - côté,,,,,,,,,,,5,2,2,1,3
200700051935,0007-08-25 14:00:00,7,8,25,14,0,750,103,"13, RUE FROISSART",,,Plein jour,En agglomération,Intersection en X,Normale,Deux véhicules - côté,,,,,,,,,,,1,2,2,1,3
200700051936,0007-08-26 15:48:00,7,8,26,15,48,750,103,"28, RUE REAUMUR",,,Plein jour,En agglomération,Hors intersection,Normale,Deux véhicules - côté,,,,,,,,,,,1,2,1,1,3
200700051937,0007-08-02 04:00:00,7,8,2,4,0,750,104,"32, QUAI HENRI IV",,,Nuit avec éclairage allumé,En agglomération,Hors intersection,Normale,Deux véhicules - arrière,,,,,,,,,,,5,2,1,1,2
200700051938,0007-08-09 16:40:00,7,8,9,16,40,750,104,RUE DE RIVOLI,,,Plein jour,En agglomération,Hors intersection,Normale,Autre collision,,,,,,,,,,,1,2,1,1,6
200700051939,0007-08-09 21:30:00,7,8,9,21,30,750,104,"4, RUE DE LOBAU",,,Nuit avec éclairage allumé,En agglomération,Hors intersection,Normale,Deux véhicules - arrière,,,,,,,,,,,5,2,1,1,2
200700051940,0007-08-10 22:00:00,7,8,10,22,0,750,104,"100, RUE SAINT ANTOINE",,,Nuit avec éclairage allumé,En agglomération,Hors intersection,Normale,Deux véhicules - arrière,,,,,,,,,,,5,2,1,1,2
200700051941,0007-08-12 16:50:00,7,8,12,16,50,750,104,"14, QUAI DE GESVRES",,,Plein jour,En agglomération,Hors intersection,Normale,Sans collision,,,,,,,,,,,1,2,1,1,7
200700051942,0007-08-16 11:30:00,7,8,16,11,30,750,104,"5, BOULEVARD HENRI IV",,,Plein jour,En agglomération,Hors intersection,Normale,Deux véhicules - arrière,,,,,,,,,,,1,2,1,1,2
200700051943,0007-08-18 04:35:00,7,8,18,4,35,750,104,"23, RUE DU TEMPLE",,,Nuit avec éclairage allumé,En agglomération,Intersection en X,Normale,Deux véhicules - côté,,,,,,,,,,,5,2,2,1,3