accident_id,datetime,annee,mois,jour,heure,minute,departement,commune_insee,adresse,latitude,longitude,luminosite,agglomeration,intersection,meteo,collision,nb_vehicules,nb_usagers,nb_indemnes,nb_tues,nb_blesses_hosp,nb_blesses_legers,age_cond_1,age_cond_2,veh_type_cond_1,veh_type_cond_2,lum_code,agg_code,int_code,atm_code,col_code
200700052342,0007-08-18 14:28:00,7,8,18,14,28,750,120,"243, RUE DES PYRENEES",,,Plein jour,En agglomération,Hors intersection,Normale,Autre collision,,,,,,,,,,,1,2,1,1,6
200700052343,0007-08-18 20:10:00,7,8,18,20,10,750,120,RUE VITRUVE,,,Plein jour,En agglomération,Intersection en X,Normale,Deux véhicules - côté,,,,,,,,,,,1,2,2,1,3
200700052344,0007-08-21 16:40:00,7,8,21,16,40,750,120,"212, BOULEVARD DE CHARON",,,Plein jour,En agglomération,Hors intersection,Normale,Autre collision,,,,,,,,,,,1,2,1,1,6
200700052345,0007-08-22 08:55:00,7,8,22,8,55,750,120,RUE PELLEPORT,,,Plein jour,En agglomération,Intersection à plus de 4 branches,Pluie légère,Deux véhicules - côté,,,,,,,,,,,1,2,5,2,3
200700052346,0007-08-23 08:55:00,7,8,23,8,55,750,120,"0, BOULEVARD DAVOUT",,,Plein jour,En agglomération,Intersection en X,Pluie légère,Deux véhicules - côté,,,,,,,,,,,1,2,2,2,3
200700052347,0007-08-25 01:50:00,7,8,25,1,50,750,120,"49, RUE BELGRAND",,,Nuit avec éclairage allumé,En agglomération,Hors intersection,Normale,Sans collision,,,,,,,,,,,5,2,1,1,7
200700052348,0007-08-25 14:30:00,7,8,25,14,30,750,120,"75, RUE SAINT BLAISE",,,Plein jour,En agglomération,Hors intersection,Normale,Autre collision,,,,,,,,,,,1,2,1,1,6
200700052349,0007-08-25 16:50:00,7,8,25,16,50,750,120,"17-19, RUE OLIVIER METRA",,,Plein jour,En agglomération,Hors intersection,Normale,Autre collision,,,,,,,,,,,1,2,1,1,6
200700052350,0007-08-26 13:20:00,7,8,26,13,20,750,120,"34, RUE DE BELLEVILLE",,,Plein jour,En agglomération,Hors intersection,Normale,Sans collision,,,,,,,,,,,1,2,1,1,7
200700052351,0007-08-27 23:20:00,7,8,27,23,20,750,112,COURS DE VINCENNES,,,Nuit avec éclairage allumé,En agglomération,Giratoire,Normale,Deux véhicules - côté,,,,,,,,,,,5,2,6,1,3
200700052352,0007-08-28 15:55:00,7,8,28,15,55,750,120,COURS DE VINCENNES,,,Plein jour,En agglomération,Intersection en X,Normale,Deux véhicules - côté,,,,,,,,,,,1,2,2,1,3
200700052353,0007-08-28 17:10:00,7,8,28,17,10,750,120,BOULEVARD DAVOUT,,,Plein jour,En agglomération,Hors intersection,Normale,Autre collision,,,,,,,,,,,1,2,1,1,6
200700052354,0007-08-29 07:25:00,7,8,29,7,25,750,120,"201, AVENUE GAMBETTA",,,Plein jour,En agglomération,Hors intersection,Normale,Autre collision,,,,,,,,,,,1,2,1,1,6
200700052355,0007-08-29 14:45:00,7,8,29,14,45,750,120,BOULEVARD DAVOUT,,,Plein jour,En agglomération,Intersection en X,Normale,Deux véhicules - côté,,,,,,,,,,,1,2,2,1,3
200700052356,0007-08-30 08:12:00,7,8,30,8,12,750,120,"148, BOULEVARD DE CHARON",,,Plein jour,En agglomération,Intersection en X,Normale,Deux véhicules - côté,,,,,,,,,,,1,2,2,1,3
200700052357,0007-08-30 09:30:00,7,8,30,9,30,750,120,"152, BOULEVARD DE MENILM",,,Plein jour,En agglomération,Intersection en T,Normale,Autre collision,,,,,,,,,,,1,2,3,1,6
200700052358,0007-08-30 14:30:00,7,8,30,14,30,750,120,"93, RUE PELLEPORT",,,Plein jour,En agglomération,Hors intersection,Normale,Sans collision,,,,,,,,,,,1,2,1,1,7
200700052359,0007-08-30 23:30:00,7,8,30,23,30,750,120,"69, PLACE DE LA REUNION",,,Nuit avec éclairage allumé,En agglomération,Hors intersection,Normale,Sans collision,,,,,,,,,,,5,2,1,1,7
200700052360,0007-08-02 18:15:00,7,8,2,18,15,750,117,BOULEVARD PERIPHERIQUE E,,,Plein jour,En agglomération,Hors intersection,Normale,Deux véhicules - côté,,,,,,,,,,,1,2,1,1,3
200700052361,0007-08-03 11:00:00,7,8,3,11,0,750,108,"103, AVENUE DES CHAMPS E",,,Plein jour,En agglomération,Hors intersection,Normale,Deux véhicules - arrière,,,,,,,,,,,1,2,1,1,2
200700052362,0007-08-03 11:00:00,7,8,3,11,0,750,110,BOULEVARD DE MAGENTA,,,Plein jour,En agglomération,Intersection en X,Normale,Deux véhicules - côté,,,,,,,,,,,1,2,2,1,3
200700052363,0007-08-03 14:45:00,7,8,3,14,45,750,110,"3, BOULEVARD DE MAGENTA",,,Plein jour,En agglomération,Hors intersection,Normale,Autre collision,,,,,,,,,,,1,2,1,1,6
200700052364,0007-08-03 16:00:00,7,8,3,16,0,750,110,"49, BOULEVARD DE MAGENTA",,,Plein jour,En agglomération,Hors intersection,Normale,Autre collision,,,,,,,,,,,1,2,1,1,6
200700052365,0007-08-04 17:28:00,7,8,4,17,28,750,118,"10, RUE ANDRE DEL SARTE",,,Plein jour,En agglomération,Hors intersection,Normale,Sans collision,,,,,,,,,,,1,2,1,1,7
200700052366,0007-08-08 05:55:00,7,8,8,5,55,750,110,"84, BOULEVARD DE MAGENTA",,,Nuit avec éclairage allumé,En agglomération,Intersection à plus de 4 branches,Pluie forte,Deux véhicules - côté,,,,,,,,,,,5,2,5,3,3
200700052367,0007-08-09 06:00:00,7,8,9,6,0,750,109,PLACE KOSSUTH,,,Crépuscule ou aube,En agglomération,Intersection en T,Normale,Deux véhicules - côté,,,,,,,,,,,2,2,3,1,3
200700052368,0007-08-09 17:50:00,7,8,9,17,50,750,112,ROUTE DAUPHINE,,,Plein jour,En agglomération,Hors intersection,Normale,Autre collision,,,,,,,,,,,1,2,1,1,6
200700052369,0007-08-11 06:10:00,7,8,11,6,10,750,119,"25, AVENUE CORENTIN CARI",,,Crépuscule ou aube,En agglomération,Hors intersection,Normale,Autre collision,,,,,,,,,,,2,2,1,1,6
200700052370,0007-08-11 09:20:00,7,8,11,9,20,750,113,BOULEVARD PERIPHERIQUE I,,,Plein jour,En agglomération,Hors intersection,Temps couvert,Deux véhicules - arrière,,,,,,,,,,,1,2,1,8,2
200700052371,0007-08-12 20:10:00,7,8,12,20,10,750,114,"143, BOULEVARD BRUNE",,,Crépuscule ou aube,En agglomération,Passage à niveau,Temps couvert,Deux véhicules - côté,,,,,,,,,,,2,2,8,8,3
200700052372,0007-08-13 00:40:00,7,8,13,0,40,750,111,BOULEVARD VOLTAIRE,,,Nuit avec éclairage allumé,En agglomération,Intersection en X,Normale,Deux véhicules - côté,,,,,,,,,,,5,2,2,1,3
200700052373,0007-08-13 19:20:00,7,8,13,19,20,750,111,"42, BOULEVARD RICHARD LE",,,Plein jour,En agglomération,Hors intersection,Normale,Deux véhicules - arrière,,,,,,,,,,,1,2,1,1,2
200700052374,0007-08-14 09:50:00,7,8,14,9,50,750,119,"0, BOULEVARD MACDONALD",,,Plein jour,En agglomération,Hors intersection,Normale,Autre collision,,,,,,,,,,,1,2,1,1,6
200700052375,0007-08-14 16:50:00,7,8,14,16,50,750,106,"30, RUE D ASSAS",,,Plein jour,En agglomération,Intersection en X,Normale,Autre collision,,,,,,,,,,,1,2,2,1,6
200700052376,0007-08-15 07:40:00,7,8,15,7,40,750,104,QUAI DES CELESTINS,,,Plein jour,En agglomération,Hors intersection,Pluie légère,Autre collision,,,,,,,,,,,1,2,1,2,6
200700052377,0007-08-17 04:05:00,7,8,17,4,5,750,117,AVENUE DE VILLIERS,,,Nuit avec éclairage allumé,En agglomération,Hors intersection,Normale,Autre collision,,,,,,,,,,,5,2,1,1,6
200700052378,0007-08-17 07:11:00,7,8,17,7,11,750,107,BOULEVARD SAINT GERMAIN,,,Crépuscule ou aube,En agglomération,Intersection en X,Normale,Deux véhicules - côté,,,,,,,,,,,2,2,2,1,3
200700052379,0007-08-18 04:10:00,7,8,18,4,10,750,108,"30, AVENUE PIERRE 1ER DE",,,Nuit avec éclairage allumé,En agglomération,Hors intersection,Normale,Autre collision,,,,,,,,,,,5,2,1,1,6
200700052380,0007-08-18 17:50:00,7,8,18,17,50,750,112,ROUTE DE LA PYRAMIDE,,,Plein jour,En agglomération,Hors intersection,Normale,Autre collision,,,,,,,,,,,1,2,1,1,6
200700052381,0007-08-18 20:50:00,7,8,18,20,50,750,115,"54, RUE DE VOUILLE",,,Crépuscule ou aube,En agglomération,Intersection en X,Normale,Deux véhicules - côté,,,,,,,,,,,2,2,2,1,3
200700052382,0007-08-20 04:30:00,7,8,20,4,30,750,104,"/, QU DES CELESTINS",,,Nuit avec éclairage allumé,En agglomération,Hors intersection,Pluie légère,Deux véhicules - frontale,,,,,,,,,,,5,2,1,2,1
200700052383,0007-08-20 20:25:00,7,8,20,20,25,750,102,BOULEVARD POISSONNIERE,,,Plein jour,En agglomération,Intersection en T,Normale,Deux véhicules - côté,,,,,,,,,,,1,2,3,1,3
200700052384,0007-08-21 17:20:00,7,8,21,17,20,750,114,"0, PLACE DU VINGT CINQ A",,,Plein jour,En agglomération,Place,Normale,Deux véhicules - côté,,,,,,,,,,,1,2,7,1,3
200700052385,0007-08-22 08:55:00,7,8,22,8,55,750,118,"4, PLACE DE CLICHY",,,Plein jour,En agglomération,Place,Pluie légère,Autre collision,,,,,,,,,,,1,2,7,2,6
200700052386,0007-08-22 08:57:00,7,8,22,8,57,750,118,"2, RUE CAULAINCOURT",,,Plein jour,En agglomération,Hors intersection,Pluie légère,Autre collision,,,,,,,,,,,1,2,1,2,6
200700052387,0007-08-23 14:35:00,7,8,23,14,35,750,120,"4, PLACE DE LA PORTE DE",,,Plein jour,En agglomération,Hors intersection,Pluie légère,Sans collision,,,,,,,,,,,1,2,1,2,7
200700052388,0007-08-23 16:20:00,7,8,23,16,20,750,104,PLACE DE LA BASTILLE,,,Plein jour,En agglomération,Hors intersection,Pluie légère,Deux véhicules - côté,,,,,,,,,,,1,2,1,2,3
200700052389,0007-08-25 19:20:00,7,8,25,19,20,750,107,VOIE EXPRESS RIVE GAUCHE,,,Plein jour,En agglomération,Hors intersection,Normale,Autre collision,,,,,,,,,,,1,2,1,1,6
200700052390,0007-08-26 05:50:00,7,8,26,5,50,750,108,AVENUE DES CHAMPS ELYSEE,,,Nuit avec éclairage allumé,En agglomération,Intersection en X,Normale,Deux véhicules - côté,,,,,,,,,,,5,2,2,1,3
200700052391,0007-08-26 19:30:00,7,8,26,19,30,750,111,"184, BOULEVARD VOLTAIRE",,,Plein jour,En agglomération,Intersection en X,Normale,Deux véhicules - côté,,,,,,,,,,,1,2,2,1,3
200700052392,0007-08-27 18:05:00,7,8,27,18,5,750,114,"7, AVENUE MAURICE D OCAG",,,Plein jour,En agglomération,Hors intersection,Normale,Sans collision,,,,,,,,,,,1,2,1,1,7
200700052393,0007-08-30 08:20:00,7,8,30,8,20,750,119,"41, AVENUE CORENTIN CARI",,,Plein jour,En agglomération,Intersection en X,Normale,Autre collision,,,,,,,,,,,1,2,2,1,6
200700052394,0007-08-30 17:40:00,7,8,30,17,40,750,120,"150, RUE PELLEPORT",,,Plein jour,En agglomération,Hors intersection,Normale,Autre collision,,,,,,,,,,,1,2,1,1,6
200700052395,0007-08-31 14:35:00,7,8,31,14,35,750,117,AVENUE PAUL ADAM,,,Plein jour,En agglomération,Hors intersection,Normale,Autre collision,,,,,,,,,,,1,2,1,1,6
200700052396,0007-08-01 09:30:00,7,8,1,9,30,750,113,PORTE D ITALIE,,,Plein jour,En agglomération,Hors intersection,Normale,Autre collision,,,,,,,,,,,1,2,1,1,6
200700052397,0007-08-01 16:40:00,7,8,1,16,40,750,112,"Bretelle12, ECHANGEUR BE",,,Plein jour,En agglomération,Hors intersection,Normale,Sans collision,,,,,,,,,,,1,2,1,1,7
200700052398,0007-08-02 07:35:00,7,8,2,7,35,750,120,PORTE DES LILAS,,,Plein jour,En agglomération,Hors intersection,Pluie légère,Trois véhicules et plus - en chaîne,,,,,,,,,,,1,2,1,2,4
200700052399,0007-08-03 17:50:00,7,8,3,17,50,750,116,PORTE DAUPHINE,,,Plein jour,En agglomération,Hors intersection,Normale,Deux véhicules - côté,,,,,,,,,,,1,2,1,1,3
200700052400,0007-08-04 07:15:00,7,8,4,7,15,750,119,PORTE DE PANTIN,,,Crépuscule ou aube,En agglomération,Hors intersection,Normale,Deux véhicules - arrière,,,,,,,,,,,2,2,1,1,2
200700052401,0007-08-05 21:50:00,7,8,5,21,50,750,112,ECHANGEUR BERCY,,,Nuit avec éclairage allumé,En agglomération,Hors intersection,Normale,Deux véhicules - côté,,,,,,,,,,,5,2,1,1,3
200700052402,0007-08-07 19:30:00,7,8,7,19,30,750,116,PORTE DE PASSY,,,Nuit avec éclairage allumé,En agglomération,Intersection en Y,Pluie légère,Sans collision,,,,,,,,,,,5,2,4,2,7
200700052403,0007-08-04 17:10:00,7,8,4,17,10,750,112,ECHANGEUR BERCY,,,Plein jour,En agglomération,Intersection en Y,Normale,Autre collision,,,,,,,,,,,1,2,4,1,6
200700052404,0007-08-09 07:00:00,7,8,9,7,0,750,117,PORTE DES TERNES,,,Plein jour,En agglomération,Intersection en Y,Normale,Autre collision,,,,,,,,,,,1,2,4,1,6
200700052405,0007-08-10 13:15:00,7,8,10,13,15,750,117,PORTE DE SAINT OUEN,,,Plein jour,En agglomération,Hors intersection,Normale,Deux véhicules - côté,,,,,,,,,,,1,2,1,1,3
200700052406,0007-08-10 19:35:00,7,8,10,19,35,750,114,PORTE D ORLEANS,,,Plein jour,En agglomération,Hors intersection,Normale,Autre collision,,,,,,,,,,,1,2,1,1,6
200700052407,0007-08-11 15:35:00,7,8,11,15,35,750,117,PORTE D ASNIERES,,,Plein jour,En agglomération,Hors intersection,Normale,Autre collision,,,,,,,,,,,1,2,1,1,6
200700052408,0007-08-13 14:15:00,7,8,13,14,15,750,113,QUAI D IVRY,,,Plein jour,En agglomération,Hors intersection,Normale,Trois véhicules et plus - en chaîne,,,,,,,,,,,1,2,1,1,4
200700052409,0007-08-13 17:30:00,7,8,13,17,30,750,117,PORTE DE CHAMPERRET,,,Plein jour,En agglomération,Hors intersection,Normale,Deux véhicules - côté,,,,,,,,,,,1,2,1,1,3
200700052410,0007-08-14 08:15:00,7,8,14,8,15,750,115,PORTE BRANCION,,,Plein jour,En agglomération,Hors intersection,Normale,Deux véhicules - arrière,,,,,,,,,,,1,2,1,1,2
200700052411,0007-08-14 20:15:00,7,8,14,20,15,750,118,ECHANGEUR CHAPELLE,,,Nuit avec éclairage allumé,En agglomération,Hors intersection,Pluie légère,Autre collision,,,,,,,,,,,5,2,1,2,6
200700052412,0007-08-15 17:30:00,7,8,15,17,30,750,120,PORTE DE BAGNOLET,,,Plein jour,En agglomération,Intersection en Y,Pluie légère,Autre collision,,,,,,,,,,,1,2,4,2,6
200700052413,0007-08-15 17:57:00,7,8,15,17,57,750,113,PORTE D ITALIE,,,Plein jour,En agglomération,Hors intersection,Normale,Sans collision,,,,,,,,,,,1,2,1,1,7
200700052414,0007-08-16 11:10:00,7,8,16,11,10,750,116,PORTE MAILLOT,,,Plein jour,En agglomération,Hors intersection,Normale,Autre collision,,,,,,,,,,,1,2,1,1,6
200700052415,0007-08-16 14:40:00,7,8,16,14,40,750,112,PORTE DOREE,,,Plein jour,En agglomération,Intersection en Y,Normale,Deux véhicules - arrière,,,,,,,,,,,1,2,4,1,2
200700052416,0007-08-16 16:50:00,7,8,16,16,50,750,112,PORTE DOREE,,,Plein jour,En agglomération,Hors intersection,Normale,Sans collision,,,,,,,,,,,1,2,1,1,7
200700052417,0007-08-17 12:40:00,7,8,17,12,40,750,114,PORTE DE CHATILLON,,,Plein jour,En agglomération,Hors intersection,Normale,Sans collision,,,,,,,,,,,1,2,1,1,7
200700052418,0007-08-17 21:45:00,7,8,17,21,45,750,118,PORTE DE LA CHAPELLE,,,Nuit avec éclairage allumé,En agglomération,Hors intersection,Normale,Deux véhicules - côté,,,,,,,,,,,5,2,1,1,3
200700052419,0007-08-18 02:34:00,7,8,18,2,34,750,119,"0, BOULEVARD PERIPHERIQU",,,Nuit avec éclairage allumé,En agglomération,Hors intersection,Normale,Deux véhicules - arrière,,,,,,,,,,,5,2,1,1,2
200700052420,0007-08-19 10:00:00,7,8,19,10,0,750,120,PORTE DE BAGNOLET,,,Plein jour,En agglomération,Hors intersection,Pluie légère,Autre collision,,,,,,,,,,,1,2,1,2,6
200700052421,0007-08-20 06:00:00,7,8,20,6,0,750,116,PORTE D AUTEUIL,,,Nuit avec éclairage allumé,En agglomération,Hors intersection,Pluie forte,Autre collision,,,,,,,,,,,5,2,1,3,6
200700052422,0007-08-20 08:30:00,7,8,20,8,30,750,119,PORTE D AUBERVILLIERS,,,Plein jour,En agglomération,Hors intersection,Pluie légère,Deux véhicules - arrière,,,,,,,,,,,1,2,1,2,2
200700052423,0007-08-23 08:40:00,7,8,23,8,40,750,114,PORTE D ORLEANS,,,Plein jour,En agglomération,Intersection en Y,Pluie forte,Autre collision,,,,,,,,,,,1,2,4,3,6
200700052424,0007-08-23 09:40:00,7,8,23,9,40,750,117,PORTE DE CHAMPERRET,,,Plein jour,En agglomération,Hors intersection,Pluie légère,Deux véhicules - arrière,,,,,,,,,,,1,2,1,2,2
200700052425,0007-08-23 20:20:00,7,8,23,20,20,750,117,PORTE MAILLOT,,,Nuit avec éclairage allumé,En agglomération,Intersection en Y,Pluie légère,Deux véhicules - arrière,,,,,,,,,,,5,2,4,2,2
200700052426,0007-08-24 09:50:00,7,8,24,9,50,750,112,PORTE DE CHARENTON,,,Plein jour,En agglomération,Hors intersection,Pluie légère,Deux véhicules - côté,,,,,,,,,,,1,2,1,2,3
200700052427,0007-08-24 09:20:00,7,8,24,9,20,750,120,ECHANGEUR BAGNOLET,,,Plein jour,En agglomération,Hors intersection,Pluie légère,Autre collision,,,,,,,,,,,1,2,1,2,6
200700052428,0007-08-24 10:00:00,7,8,24,10,0,750,113,PORTE D ITALIE,,,Plein jour,En agglomération,Hors intersection,Pluie légère,Autre collision,,,,,,,,,,,1,2,1,2,6
200700052429,0007-08-28 09:45:00,7,8,28,9,45,750,116,PORTE DE PASSY,,,Plein jour,En agglomération,Hors intersection,Normale,Trois véhicules et plus - en chaîne,,,,,,,,,,,1,2,1,1,4
200700052430,0007-08-28 13:25:00,7,8,28,13,25,750,113,PORTE D IVRY,,,Plein jour,En agglomération,Hors intersection,Normale,Deux véhicules - arrière,,,,,,,,,,,1,2,1,1,2
200700052431,0007-08-29 09:05:00,7,8,29,9,5,750,120,PORTE DE MONTREUIL,,,Plein jour,En agglomération,Hors intersection,Normale,Trois véhicules et plus - collisions multiples,,,,,,,,,,,1,2,1,1,5
200700052432,0007-08-30 09:04:00,7,8,30,9,4,750,120,PORTE DES LILAS,,,Plein jour,En agglomération,Hors intersection,Normale,Deux véhicules - arrière,,,,,,,,,,,1,2,1,1,2
200700052433,0007-08-30 17:50:00,7,8,30,17,50,750,113,QUAI D IVRY,,,Plein jour,En agglomération,Hors intersection,Normale,Autre collision,,,,,,,,,,,1,2,1,1,6
200700052434,0007-08-30 21:00:00,7,8,30,21,0,750,120,PORTE DE VINCENNES,,,Nuit avec éclairage allumé,En agglomération,Hors intersection,Normale,Sans collision,,,,,,,,,,,5,2,1,1,7
200700052435,0007-08-31 02:55:00,7,8,31,2,55,750,116,PORTE DE PASSY,,,Nuit avec éclairage allumé,En agglomération,Hors intersection,Normale,Autre collision,,,,,,,,,,,5,2,1,1,6
200700052436,0007-08-31 07:30:00,7,8,31,7,30,750,112,ECHANGEUR BERCY,,,Plein jour,En agglomération,Hors intersection,Normale,Trois véhicules et plus - en chaîne,,,,,,,,,,,1,2,1,1,4
200700052437,0007-08-31 19:45:00,7,8,31,19,45,750,119,PORTE DE PANTIN,,,Crépuscule ou aube,En agglomération,Hors intersection,Normale,Deux véhicules - côté,,,,,,,,,,,2,2,1,1,3
200700052438,0007-08-24 14:30:00,7,8,24,14,30,130,55,BALUSTRES (AVENUE DES),,,Plein jour,En agglomération,Intersection en Y,Normale,Deux véhicules - côté,,,,,,,,,,,1,2,4,1,3
200700052439,0007-07-12 09:30:00,7,7,12,9,30,130,55,"144, ROME (RUE DE)",,,Plein jour,En agglomération,Intersection en X,Normale,Deux véhicules - côté,,,,,,,,,,,1,2,2,1,3
200700052440,0007-07-06 14:50:00,7,7,6,14,50,130,55,"01, PARIS (BOULEVARD DE)",,,Plein jour,En agglomération,Hors intersection,Normale,Autre collision,,,,,,,,,,,1,2,1,1,6
200700052441,0007-07-12 19:05:00,7,7,12,19,5,130,55,"100, LOUBON (RUE)",,,Plein jour,En agglomération,Hors intersection,Normale,Deux véhicules - côté,,,,,,,,,,,1,2,1,1,3
200700052442,0007-07-06 23:00:00,7,7,6,23,0,130,55,CAMILLE PELLETAN (AVENUE,,,Nuit avec éclairage allumé,En agglomération,Hors intersection,Normale,Deux véhicules - côté,,,,,,,,,,,5,2,1,1,3
200700052443,0007-07-09 20:45:00,7,7,9,20,45,130,55,ARNAVON (AVENUE),,,Crépuscule ou aube,En agglomération,Intersection en X,Normale,Deux véhicules - côté,,,,,,,,,,,2,2,2,1,3
200700052444,0007-07-12 07:45:00,7,7,12,7,45,130,55,MIREILLE LAUZE (BOULEVAR,,,Plein jour,En agglomération,Hors intersection,Normale,Deux véhicules - arrière,,,,,,,,,,,1,2,1,1,2
200700052445,0007-07-23 11:40:00,7,7,23,11,40,130,55,"face au 18, CORSE (AVENU",,,Plein jour,En agglomération,Hors intersection,Normale,Deux véhicules - côté,,,,,,,,,,,1,2,1,1,3
200700052446,0007-07-16 13:15:00,7,7,16,13,15,130,55,LIBERTE (BOULEVARD DE LA,,,Plein jour,En agglomération,Hors intersection,Normale,Deux véhicules - frontale,,,,,,,,,,,1,2,1,1,1
200700052447,0007-07-06 13:01:00,7,7,6,13,1,130,55,DESPIEDS (RUE),,,Plein jour,En agglomération,Intersection en X,Normale,Deux véhicules - côté,,,,,,,,,,,1,2,2,1,3
200700052448,0007-07-21 15:50:00,7,7,21,15,50,130,55,"509, PRADO (AVENUE)",,,Plein jour,En agglomération,Hors intersection,Normale,Deux véhicules - côté,,,,,,,,,,,1,2,1,1,3
200700052449,0007-07-12 11:30:00,7,7,12,11,30,130,55,FAIENCIERS (TRAVERSE DES,,,Plein jour,En agglomération,Intersection en T,Normale,Deux véhicules - côté,,,,,,,,,,,1,2,3,1,3
200700052450,0007-07-09 10:20:00,7,7,9,10,20,130,55,RAYMOND TEISSERE (RUE),,,Plein jour,En agglomération,Hors intersection,Normale,Deux véhicules - côté,,,,,,,,,,,1,2,1,1,3
200700052451,0007-07-24 20:45:00,7,7,24,20,45,130,55,LÉON BANCAL (RUE),,,Crépuscule ou aube,En agglomération,Intersection en T,Normale,Autre collision,,,,,,,,,,,2,2,3,1,6
200700052452,0007-07-15 01:00:00,7,7,15,1,0,130,55,SAINT MENET (AVENUE DE),,,Nuit avec éclairage allumé,En agglomération,Hors intersection,Normale,Autre collision,,,,,,,,,,,5,2,1,1,6
200700052453,0007-07-19 17:00:00,7,7,19,17,0,130,55,ROTONDE (RUE DE LA),,,Plein jour,En agglomération,Intersection en X,Normale,Deux véhicules - côté,,,,,,,,,,,1,2,2,1,3
200700052454,0007-07-22 19:00:00,7,7,22,19,0,130,55,PALAMA (CHEMIN DE),,,Plein jour,En agglomération,Hors intersection,Normale,Deux véhicules - côté,,,,,,,,,,,1,2,1,1,3
200700052455,0007-07-21 19:15:00,7,7,21,19,15,130,55,SAINT LOUIS (AVENUE DE),,,Plein jour,En agglomération,Hors intersection,Normale,Deux véhicules - arrière,,,,,,,,,,,1,2,1,1,2
200700052456,0007-07-10 16:30:00,7,7,10,16,30,130,55,"FACE AU 16, MADRAGUE VIL",,,Plein jour,En agglomération,Hors intersection,Normale,Autre collision,,,,,,,,,,,1,2,1,1,6
200700052457,0007-07-17 08:00:00,7,7,17,8,0,130,55,SAINT PIERRE (RUE),,,Plein jour,En agglomération,Hors intersection,Normale,Deux véhicules - côté,,,,,,,,,,,1,2,1,1,3
200700052458,0007-07-26 14:30:00,7,7,26,14,30,130,55,"267, PRADO (AVENUE)",,,Plein jour,En agglomération,Hors intersection,Normale,Autre collision,,,,,,,,,,,1,2,1,1,6
200700052459,0007-07-26 20:15:00,7,7,26,20,15,130,75,ANDRE BAILLET (RUE),,,Plein jour,En agglomération,Hors intersection,Normale,Deux véhicules - frontale,,,,,,,,,,,1,2,1,1,1
200700052460,0007-07-31 15:40:00,7,7,31,15,40,130,55,MAJOR (PLACE DE LA),,,Plein jour,Hors agglomération,Hors intersection,Normale,Autre collision,,,,,,,,,,,1,1,1,1,6
200700052461,0007-07-12 17:30:00,7,7,12,17,30,130,55,"452, LYON (RUE DE)",,,Plein jour,En agglomération,Hors intersection,Normale,Autre collision,,,,,,,,,,,1,2,1,1,6
200700052462,0007-07-30 08:45:00,7,7,30,8,45,130,55,"70, SAINTE MARGUERITE (B",,,Plein jour,En agglomération,Hors intersection,Normale,Deux véhicules - côté,,,,,,,,,,,1,2,1,1,3
200700052463,0007-07-30 15:30:00,7,7,30,15,30,130,55,"11, DUGOMMIER (BOULEVARD",,,Plein jour,En agglomération,Hors intersection,Normale,Autre collision,,,,,,,,,,,1,2,1,1,6
200700052464,0007-07-20 09:20:00,7,7,20,9,20,130,55,PLOMBIERES (BOULEVARD DE,,,Plein jour,En agglomération,Hors intersection,Normale,Sans collision,,,,,,,,,,,1,2,1,1,7
200700052465,0007-07-19 20:00:00,7,7,19,20,0,130,55,SAINTE MARTHE (AVENUE DE,,,Plein jour,En agglomération,Giratoire,Normale,Deux véhicules - côté,,,,,,,,,,,1,2,6,1,3
200700052466,0007-07-31 01:45:00,7,7,31,1,45,130,55,"21, ORANGE (RUE D')",,,Nuit avec éclairage allumé,En agglomération,Hors intersection,Normale,Autre collision,,,,,,,,,,,5,2,1,1,6
200700052467,0007-07-30 20:45:00,7,7,30,20,45,130,55,LÉON PERRIN (PASSAGE),,,Crépuscule ou aube,En agglomération,Hors intersection,Normale,Deux véhicules - côté,,,,,,,,,,,2,2,1,1,3
200700052468,0007-07-26 08:45:00,7,7,26,8,45,130,55,SAINT PIERRE (RUE),,,Plein jour,En agglomération,Hors intersection,Normale,Deux véhicules - frontale,,,,,,,,,,,1,2,1,1,1
200700052469,0007-07-31 11:10:00,7,7,31,11,10,130,55,POMPIDOU (PROMENADE),,,Plein jour,En agglomération,Hors intersection,Normale,Autre collision,,,,,,,,,,,1,2,1,1,6
200700052470,0007-07-30 18:30:00,7,7,30,18,30,130,55,SAINT MENET (AVENUE DE),,,Plein jour,En agglomération,Hors intersection,Normale,Autre collision,,,,,,,,,,,1,2,1,1,6
200700052471,0007-07-30 23:00:00,7,7,30,23,0,130,55,ALAIN SAVARY (ROND-POINT,,,Nuit avec éclairage allumé,En agglomération,Giratoire,Normale,Deux véhicules - côté,,,,,,,,,,,5,2,6,1,3
200700052472,0007-07-30 17:45:00,7,7,30,17,45,130,55,MICHELET (BOULEVARD),,,Plein jour,En agglomération,Intersection en T,Normale,Sans collision,,,,,,,,,,,1,2,3,1,7
200700052473,0007-07-30 15:10:00,7,7,30,15,10,130,55,FONTANGE (RUE),,,Plein jour,En agglomération,Hors intersection,Normale,Autre collision,,,,,,,,,,,1,2,1,1,6
200700052474,0007-07-31 18:00:00,7,7,31,18,0,130,55,"13, LIEUTAUD (COURS)",,,Plein jour,En agglomération,Hors intersection,Normale,Deux véhicules - côté,,,,,,,,,,,1,2,1,1,3
200700052475,0007-07-31 19:50:00,7,7,31,19,50,130,55,"116, LIEUTAUD (COURS)",,,Plein jour,En agglomération,Hors intersection,Normale,Deux véhicules - côté,,,,,,,,,,,1,2,1,1,3
200700052476,0007-07-30 00:10:00,7,7,30,0,10,130,55,"434, PRADO (AVENUE)",,,Nuit avec éclairage allumé,En agglomération,Hors intersection,Normale,Deux véhicules - arrière,,,,,,,,,,,5,2,1,1,2