accident_id,datetime,annee,mois,jour,heure,minute,departement,commune_insee,adresse,latitude,longitude,luminosite,agglomeration,intersection,meteo,collision,nb_vehicules,nb_usagers,nb_indemnes,nb_tues,nb_blesses_hosp,nb_blesses_legers,age_cond_1,age_cond_2,veh_type_cond_1,veh_type_cond_2,lum_code,agg_code,int_code,atm_code,col_code
200700052477,0007-07-31 23:00:00,7,7,31,23,0,130,55,MAZARGUES (AVENUE DE),,,Nuit avec éclairage allumé,En agglomération,Intersection en T,Normale,Deux véhicules - côté,,,,,,,,,,,5,2,3,1,3
200700052478,0007-07-31 14:00:00,7,7,31,14,0,130,55,POMME (BOULEVARD DE LA ),,,Plein jour,En agglomération,Hors intersection,Normale,Deux véhicules - arrière,,,,,,,,,,,1,2,1,1,2
200700052479,0007-07-31 18:01:00,7,7,31,18,1,130,55,JEANNE D'ARC (BOULEVARD),,,Plein jour,En agglomération,Hors intersection,Normale,Autre collision,,,,,,,,,,,1,2,1,1,6
200700052480,0007-07-26 14:31:00,7,7,26,14,31,130,55,"34, JEAN MOULIN (BOULEVA",,,Plein jour,En agglomération,Hors intersection,Normale,Deux véhicules - côté,,,,,,,,,,,1,2,1,1,3
200700052481,0007-07-16 22:00:00,7,7,16,22,0,130,55,CAPELETTE (AVENUE DE LA),,,Nuit avec éclairage allumé,En agglomération,Hors intersection,Normale,Deux véhicules - frontale,,,,,,,,,,,5,2,1,1,1
200700052482,0007-07-27 11:15:00,7,7,27,11,15,130,55,"74, BAILLE (BOULEVARD)",,,Plein jour,En agglomération,Hors intersection,Normale,Deux véhicules - arrière,,,,,,,,,,,1,2,1,1,2
200700052483,0007-07-27 16:30:00,7,7,27,16,30,130,55,SAKAKINI (BOULEVARD),,,Plein jour,En agglomération,Intersection en X,Normale,Deux véhicules - côté,,,,,,,,,,,1,2,2,1,3
200700052484,0007-07-09 23:40:00,7,7,9,23,40,130,55,"198, BRETEUIL (RUE)",,,Nuit avec éclairage allumé,En agglomération,Intersection en Y,Normale,Deux véhicules - côté,,,,,,,,,,,5,2,4,1,3
200700052485,0007-07-31 12:00:00,7,7,31,12,0,130,55,"154, FÉLIX PYAT (RUE)",,,Plein jour,En agglomération,Hors intersection,Normale,Autre collision,,,,,,,,,,,1,2,1,1,6
200700052486,0007-07-18 19:20:00,7,7,18,19,20,130,55,COROT (AVENUE),,,Plein jour,En agglomération,Hors intersection,Normale,Deux véhicules - arrière,,,,,,,,,,,1,2,1,1,2
200700052487,0007-07-28 18:30:00,7,7,28,18,30,130,55,LYON (RUE DE),,,Nuit avec éclairage allumé,En agglomération,Intersection en T,Normale,Deux véhicules - côté,,,,,,,,,,,5,2,3,1,3
200700052488,0007-08-31 18:15:00,7,8,31,18,15,130,75,FRÉDÉRIC CHEVILLON (AVEN,,,Plein jour,En agglomération,Hors intersection,Normale,Autre collision,,,,,,,,,,,1,2,1,1,6
200700052489,0007-08-29 13:45:00,7,8,29,13,45,130,55,ARCADES (TRAVERSE DES),,,Plein jour,En agglomération,Hors intersection,Normale,Autre collision,,,,,,,,,,,1,2,1,1,6
200700052490,0007-07-22 22:00:00,7,7,22,22,0,130,55,"562, LITTORAL (CHEMIN DU",,,Nuit avec éclairage allumé,En agglomération,Hors intersection,Normale,Deux véhicules - côté,,,,,,,,,,,5,2,1,1,3
200700052491,0007-07-31 20:05:00,7,7,31,20,5,130,55,FOURNADE (AVENUE),,,Plein jour,En agglomération,Hors intersection,Normale,Deux véhicules - côté,,,,,,,,,,,1,2,1,1,3
200700052492,0007-07-27 12:50:00,7,7,27,12,50,130,55,"136, CHARTREUX (AVENUE D",,,Plein jour,En agglomération,Intersection en T,Normale,Deux véhicules - frontale,,,,,,,,,,,1,2,3,1,1
200700052493,0007-07-14 15:15:00,7,7,14,15,15,130,55,RODOCANACHI (BOULEVARD),,,Plein jour,En agglomération,Intersection en T,Normale,Deux véhicules - côté,,,,,,,,,,,1,2,3,1,3
200700052494,0007-08-30 18:00:00,7,8,30,18,0,130,55,"77, LOUBON (RUE)",,,Plein jour,En agglomération,Intersection en Y,Normale,Deux véhicules - côté,,,,,,,,,,,1,2,4,1,3
200700052495,0007-08-28 17:25:00,7,8,28,17,25,130,55,COROT (AVENUE),,,Plein jour,En agglomération,Hors intersection,Normale,Deux véhicules - côté,,,,,,,,,,,1,2,1,1,3
200700052496,0007-08-11 10:20:00,7,8,11,10,20,140,225,MARCHE AUX CHEVAUX (PLAC,,,Plein jour,En agglomération,Giratoire,Normale,Deux véhicules - arrière,,,,,,,,,,,1,2,6,1,2
200700052497,0007-07-20 12:55:00,7,7,20,12,55,180,205,"13, MOULON (RUE DU)",,,Plein jour,En agglomération,Hors intersection,Temps couvert,Deux véhicules - côté,,,,,,,,,,,1,2,1,8,3
200700052498,0007-07-22 12:10:00,7,7,22,12,10,180,33,"SANS, CHAILLOUX (RUE DU",,,Plein jour,En agglomération,Hors intersection,Normale,Deux véhicules - arrière,,,,,,,,,,,1,2,1,1,2
200700052499,0007-08-19 09:45:00,7,8,19,9,45,300,28,"215, ROUTE DE PONT SAINT",,,Plein jour,En agglomération,Hors intersection,Normale,Autre collision,,,,,,,,,,,1,2,1,1,6
200700052500,0007-03-02 18:10:00,7,3,2,18,10,310,149,"999, PIBRAC (ROUTE DE)",,,Plein jour,En agglomération,Hors intersection,Normale,Deux véhicules - côté,,,,,,,,,,,1,2,1,1,3
200700052501,0007-03-09 13:58:00,7,3,9,13,58,310,149,"999, SALVETAT (CHEMIN DE",,,Plein jour,En agglomération,Hors intersection,Normale,Trois véhicules et plus - en chaîne,,,,,,,,,,,1,2,1,1,4
200700052502,0007-03-09 14:40:00,7,3,9,14,40,310,149,"999, SALVETAT (CHEMIN DE",,,Plein jour,En agglomération,Hors intersection,Normale,Deux véhicules - côté,,,,,,,,,,,1,2,1,1,3
200700052503,0007-07-14 16:30:00,7,7,14,16,30,310,555,"999, CHE DE FONDEYRE",,,Plein jour,En agglomération,Hors intersection,Normale,Autre collision,,,,,,,,,,,1,2,1,1,6
200700052504,0007-07-13 20:25:00,7,7,13,20,25,310,555,"171, RUE DU FAUBOURG BON",,,Plein jour,En agglomération,Intersection en X,Normale,Deux véhicules - côté,,,,,,,,,,,1,2,2,1,3
200700052505,0007-07-18 01:20:00,7,7,18,1,20,310,555,"88, CHE DE FENOUILLET",,,Nuit avec éclairage allumé,En agglomération,Hors intersection,Normale,Autre collision,,,,,,,,,,,5,2,1,1,6
200700052506,0007-07-21 01:00:00,7,7,21,1,0,310,555,"63, RUE DE BOURRASSOL",,,Nuit avec éclairage allumé,En agglomération,Hors intersection,Normale,Autre collision,,,,,,,,,,,5,2,1,1,6
200700052507,0007-07-31 11:15:00,7,7,31,11,15,310,555,"999, AV DIDIER DAURAT",,,Plein jour,En agglomération,Hors intersection,Normale,Deux véhicules - côté,,,,,,,,,,,1,2,1,1,3
200700052508,0007-08-03 19:10:00,7,8,3,19,10,310,555,"14, BD D ARCOLE",,,Crépuscule ou aube,En agglomération,Hors intersection,Normale,Deux véhicules - côté,,,,,,,,,,,2,2,1,1,3
200700052509,0007-08-08 07:37:00,7,8,8,7,37,310,555,"999, AV DU DR MAURICE GR",,,Plein jour,En agglomération,Hors intersection,Pluie légère,Sans collision,,,,,,,,,,,1,2,1,2,7
200700052510,0007-06-15 23:47:00,7,6,15,23,47,310,555,VA001490 A621,,,Nuit avec éclairage allumé,Hors agglomération,Hors intersection,Normale,Sans collision,,,,,,,,,,,5,1,1,1,7
200700052511,0007-08-11 19:00:00,7,8,11,19,0,310,555,VA007622 RANGUEIL A620 S,,,Plein jour,Hors agglomération,Hors intersection,Normale,Autre collision,,,,,,,,,,,1,1,1,1,6
200700052512,0007-08-11 15:15:00,7,8,11,15,15,310,555,"308, AV DES ETATS UNIS",,,Plein jour,En agglomération,Hors intersection,Normale,Deux véhicules - côté,,,,,,,,,,,1,2,1,1,3
200700052513,0007-08-14 08:25:00,7,8,14,8,25,310,555,"36, AV DES MINIMES",,,Plein jour,En agglomération,Intersection en T,Normale,Autre collision,,,,,,,,,,,1,2,3,1,6
200700052514,0007-02-17 05:25:00,7,2,17,5,25,340,3,NOTRE-DAME A ST-MARTIN (,,,Nuit sans éclairage public,Hors agglomération,Hors intersection,Normale,Sans collision,,,,,,,,,,,3,1,1,1,7
200700052515,0007-07-02 09:35:00,7,7,2,9,35,590,459,MITTERAND (François rue),,,Plein jour,Hors agglomération,Intersection en T,Normale,Deux véhicules - côté,,,,,,,,,,,1,1,3,1,3
200700052516,0007-07-10 09:15:00,7,7,10,9,15,590,606,"103, PARIS (RUE DE)",,,Plein jour,En agglomération,Intersection en X,Normale,Autre collision,,,,,,,,,,,1,2,2,1,6
200700052517,0007-07-07 15:26:00,7,7,7,15,26,590,606,"01, EISEN (BOULEVARD)",,,Plein jour,En agglomération,Intersection en X,Normale,Deux véhicules - côté,,,,,,,,,,,1,2,2,1,3
200700052518,0007-06-08 01:10:00,7,6,8,1,10,830,126,"1022, EVESCAT (CHEMIN DE",,,Nuit avec éclairage allumé,En agglomération,Hors intersection,Normale,Deux véhicules - frontale,,,,,,,,,,,5,2,1,1,1
200700052519,0007-06-04 17:15:00,7,6,4,17,15,830,126,HUIT MAI 1945 ( CARREFOU,,,Plein jour,En agglomération,Intersection à plus de 4 branches,Normale,Deux véhicules - côté,,,,,,,,,,,1,2,5,1,3
200700052520,0007-06-08 09:15:00,7,6,8,9,15,830,126,"0, STALINGRAD (BD)",,,Plein jour,En agglomération,Intersection en T,Normale,Deux véhicules - côté,,,,,,,,,,,1,2,3,1,3
200700052521,0007-06-11 20:00:00,7,6,11,20,0,830,126,JUIN (AV MARECHAL),,,Plein jour,En agglomération,Hors intersection,Normale,Trois véhicules et plus - collisions multiples,,,,,,,,,,,1,2,1,1,5
200700052522,0007-06-12 16:20:00,7,6,12,16,20,830,126,"0, ROME (ALLEE DE)",,,Plein jour,En agglomération,Hors intersection,Normale,Autre collision,,,,,,,,,,,1,2,1,1,6
200700052523,0007-06-12 19:34:00,7,6,12,19,34,830,126,"36, ARMANDO (AV. ESPRIT)",,,Plein jour,En agglomération,Hors intersection,Normale,Autre collision,,,,,,,,,,,1,2,1,1,6
200700052524,0007-06-12 19:40:00,7,6,12,19,40,830,153,"0, MARIE FLICHE BERGIS (",,,Plein jour,En agglomération,Hors intersection,Normale,Deux véhicules - côté,,,,,,,,,,,1,2,1,1,3
200700052525,0007-06-14 18:18:00,7,6,14,18,18,830,126,RENOIR (AV AUGUSTE),,,Plein jour,En agglomération,Intersection en X,Normale,Deux véhicules - côté,,,,,,,,,,,1,2,2,1,3
200700052526,0007-08-18 14:15:00,7,8,18,14,15,920,12,PIERRE GRENIER (AVENUE),,,Plein jour,En agglomération,Intersection en X,Normale,Deux véhicules - côté,,,,,,,,,,,1,2,2,1,3
200700052527,0007-08-29 00:01:00,7,8,29,0,1,920,12,"ANGLE, ANDRE MORIZET (AV",,,Nuit avec éclairage allumé,En agglomération,Intersection en T,Normale,Autre collision,,,,,,,,,,,5,2,3,1,6
200700052528,0007-08-16 10:00:00,7,8,16,10,0,920,63,"NEANT, MONTBRISON (RUE D",,,Plein jour,En agglomération,Giratoire,Normale,Deux véhicules - côté,,,,,,,,,,,1,2,6,1,3
200700052529,0007-08-16 19:40:00,7,8,16,19,40,920,63,"neant, COLMAR (AVENUE DE",,,Plein jour,En agglomération,Hors intersection,Normale,Deux véhicules - côté,,,,,,,,,,,1,2,1,1,3
200700052530,0007-06-06 22:50:00,7,6,6,22,50,930,70,ARDOIN(RUE),,,Nuit avec éclairage non allumé,En agglomération,Intersection en T,Normale,Deux véhicules - frontale,,,,,,,,,,,4,2,3,1,1
200700052531,0007-06-13 13:40:00,7,6,13,13,40,930,70,"35, GABRIEL-PERI (AV)",,,Plein jour,En agglomération,Hors intersection,Normale,Autre collision,,,,,,,,,,,1,2,1,1,6
200700052532,0007-08-14 18:10:00,7,8,14,18,10,930,70,MICHELET(AV):N°1AU 103,,,Plein jour,En agglomération,Intersection à plus de 4 branches,Pluie légère,Deux véhicules - côté,,,,,,,,,,,1,2,5,2,3
200700052533,0007-08-19 07:15:00,7,8,19,7,15,930,70,REPUBLIQUE (PL DE LA),,,Plein jour,En agglomération,Hors intersection,Pluie légère,Autre collision,,,,,,,,,,,1,2,1,2,6
200700052534,0007-08-21 19:20:00,7,8,21,19,20,930,70,GABRIEL-PERI (AV),,,Plein jour,En agglomération,Intersection en T,Normale,Deux véhicules - frontale,,,,,,,,,,,1,2,3,1,1
200700052535,0007-08-22 18:50:00,7,8,22,18,50,930,70,"130, MICHELET(AV):N°1AU",,,Plein jour,En agglomération,Hors intersection,Pluie légère,Deux véhicules - côté,,,,,,,,,,,1,2,1,2,3
200700052536,0007-08-24 11:10:00,7,8,24,11,10,930,70,VICTOR-HUGO (BD),,,Plein jour,En agglomération,Intersection en T,Pluie légère,Deux véhicules - côté,,,,,,,,,,,1,2,3,2,3
200700052537,0007-08-31 00:45:00,7,8,31,0,45,930,70,JEAN-JAURES (BD),,,Nuit avec éclairage allumé,En agglomération,Intersection en X,Normale,Deux véhicules - côté,,,,,,,,,,,5,2,2,1,3
200700052538,0007-07-17 19:45:00,7,7,17,19,45,420,97,A72,,,Plein jour,Hors agglomération,Hors intersection,Normale,Trois véhicules et plus - en chaîne,,,,,,,,,,,1,1,1,1,4
200700052539,0007-07-29 23:20:00,7,7,29,23,20,420,97,A72,,,Nuit sans éclairage public,Hors agglomération,Hors intersection,Normale,Autre collision,,,,,,,,,,,3,1,1,1,6
200700052540,0007-08-30 22:20:00,7,8,30,22,20,420,97,A72,,,Nuit sans éclairage public,Hors agglomération,Hors intersection,Normale,Deux véhicules - arrière,,,,,,,,,,,3,1,1,1,2
200700052541,0007-01-02 12:05:00,7,1,2,12,5,690,290,RN346   38.960 A 40.883,,,Plein jour,Hors agglomération,Hors intersection,Pluie légère,Deux véhicules - côté,,,,,,,,,,,1,1,1,2,3
200700052542,0007-01-08 10:10:00,7,1,8,10,10,690,256,A42     0.560 A 4.020,,,Plein jour,Hors agglomération,Hors intersection,Pluie légère,Autre collision,,,,,,,,,,,1,1,1,2,6
200700052543,0007-01-09 11:40:00,7,1,9,11,40,690,199,BUS (RD301),,,Plein jour,Hors agglomération,Hors intersection,Normale,Sans collision,,,,,,,,,,,1,1,1,1,7
200700052544,0007-01-15 08:50:00,7,1,15,8,50,690,275,RN346   29.300 A 34.350,,,Plein jour,Hors agglomération,Hors intersection,Normale,Deux véhicules - arrière,,,,,,,,,,,1,1,1,1,2
200700052545,0007-01-19 07:00:00,7,1,19,7,0,690,259,RD383   11.0044 A 11.460,,,Nuit avec éclairage non allumé,Hors agglomération,Hors intersection,Normale,Trois véhicules et plus - collisions multiples,,,,,,,,,,,4,1,1,1,5
200700052546,0007-01-20 00:30:00,7,1,20,0,30,690,235,A7   27.460 A 28.860,,,Nuit sans éclairage public,Hors agglomération,Hors intersection,Normale,Sans collision,,,,,,,,,,,3,1,1,1,7
200700052547,0007-01-22 08:30:00,7,1,22,8,30,380,184,A43   15.971 A 18.875,,,Plein jour,Hors agglomération,Hors intersection,Normale,Autre collision,,,,,,,,,,,1,1,1,1,6
200700052548,0007-01-27 05:20:00,7,1,27,5,20,690,271,RD302   0.000 A 0.400,,,Nuit avec éclairage non allumé,Hors agglomération,Hors intersection,Temps couvert,Deux véhicules - arrière,,,,,,,,,,,4,1,1,8,2
200700052549,0007-01-30 18:35:00,7,1,30,18,35,690,81,A6   449.510 A 451.640,,,Nuit avec éclairage allumé,Hors agglomération,Hors intersection,Normale,Deux véhicules - côté,,,,,,,,,,,5,1,1,1,3
200700052550,0007-02-03 19:30:00,7,2,3,19,30,690,29,A43   3.353 A 3.865,,,Nuit avec éclairage allumé,Hors agglomération,Hors intersection,Normale,Deux véhicules - arrière,,,,,,,,,,,5,1,1,1,2
200700052551,0007-02-05 00:15:00,7,2,5,0,15,690,199,RD383   14.250 A 18.000,,,Nuit avec éclairage allumé,Hors agglomération,Hors intersection,Normale,Autre collision,,,,,,,,,,,5,1,1,1,6
200700052552,0007-02-09 16:15:00,7,2,9,16,15,690,266,RD383   3.750 A 7.640,,,Plein jour,Hors agglomération,Hors intersection,Normale,Trois véhicules et plus - en chaîne,,,,,,,,,,,1,1,1,1,4
200700052553,0007-02-16 01:30:00,7,2,16,1,30,690,199,RD383   14.250 A 18.000,,,Nuit avec éclairage allumé,Hors agglomération,Hors intersection,Normale,Sans collision,,,,,,,,,,,5,1,1,1,7
200700052554,0007-02-16 15:04:00,7,2,16,15,4,690,266,RD383   3.750 A 7.640,,,Plein jour,Hors agglomération,Hors intersection,Normale,Autre collision,,,,,,,,,,,1,1,1,1,6
200700052555,0007-02-18 15:10:00,7,2,18,15,10,690,296,A7   10.992 A 13.970,,,Plein jour,Hors agglomération,Hors intersection,Normale,Sans collision,,,,,,,,,,,1,1,1,1,7
200700052556,0007-02-26 10:00:00,7,2,26,10,0,690,276,BUS (RD301)   0.000 A 2.,,,Plein jour,Hors agglomération,Hors intersection,Normale,Autre collision,,,,,,,,,,,1,1,1,1,6
200700052557,0007-03-01 16:40:00,7,3,1,16,40,690,382,A7   0.000 A 2.278,,,Plein jour,Hors agglomération,Hors intersection,Pluie légère,Deux véhicules - arrière,,,,,,,,,,,1,1,1,2,2
200700052558,0007-03-03 10:10:00,7,3,3,10,10,690,389,BPNL   34.614 A 36.285,,,Plein jour,Hors agglomération,Hors intersection,Normale,Autre collision,,,,,,,,,,,1,1,1,1,6
200700052559,0007-03-03 14:50:00,7,3,3,14,50,690,72,A6   445.323 A 447.390,,,Plein jour,Hors agglomération,Hors intersection,Normale,Trois véhicules et plus - collisions multiples,,,,,,,,,,,1,1,1,1,5
200700052560,0007-03-08 17:20:00,7,3,8,17,20,690,297,A47   0.000  A 1.657,,,Plein jour,Hors agglomération,Hors intersection,Normale,Trois véhicules et plus - en chaîne,,,,,,,,,,,1,1,1,1,4
200700052561,0007-03-09 14:55:00,7,3,9,14,55,690,385,A6   453.400 A 455.000,,,Plein jour,Hors agglomération,Hors intersection,Normale,Deux véhicules - côté,,,,,,,,,,,1,1,1,1,3
200700052562,0007-03-09 18:30:00,7,3,9,18,30,690,290,A46S   40.883 A 43.680,,,Nuit sans éclairage public,Hors agglomération,Hors intersection,Pluie légère,Deux véhicules - arrière,,,,,,,,,,,3,1,1,2,2
200700052563,0007-03-10 15:50:00,7,3,10,15,50,380,544,RN7   5.180 A 10.000,,,Plein jour,Hors agglomération,Hors intersection,Normale,Trois véhicules et plus - en chaîne,,,,,,,,,,,1,1,1,1,4
200700052564,0007-03-13 17:45:00,7,3,13,17,45,380,544,RN7   5.180 A 10.000,,,Plein jour,Hors agglomération,Hors intersection,Normale,Deux véhicules - côté,,,,,,,,,,,1,1,1,1,3
200700052565,0007-03-13 20:35:00,7,3,13,20,35,690,276,BUS (RD301)   0.000 A 2.,,,Nuit avec éclairage allumé,Hors agglomération,Hors intersection,Normale,Deux véhicules - côté,,,,,,,,,,,5,1,1,1,3
200700052566,0007-03-14 01:40:00,7,3,14,1,40,10,275,A42   4.353 A 5.760   GE,,,Nuit sans éclairage public,Hors agglomération,Hors intersection,Normale,Autre collision,,,,,,,,,,,3,1,1,1,6
200700052567,0007-03-29 18:00:00,7,3,29,18,0,10,249,A42   6.290 A 8.310,,,Plein jour,Hors agglomération,Hors intersection,Normale,Deux véhicules - arrière,,,,,,,,,,,1,1,1,1,2
200700052568,0007-03-31 23:30:00,7,3,31,23,30,690,199,A7   7.000 A 8.630,,,Nuit avec éclairage allumé,Hors agglomération,Hors intersection,Pluie légère,Sans collision,,,,,,,,,,,5,1,1,2,7
200700052569,0007-04-03 16:05:00,7,4,3,16,5,380,544,RN7   5.180 A 10.000,,,Plein jour,En agglomération,Hors intersection,Normale,Deux véhicules - côté,,,,,,,,,,,1,2,1,1,3
200700052570,0007-04-08 07:15:00,7,4,8,7,15,690,29,RD383   7.640 A 11.044,,,Plein jour,Hors agglomération,Hors intersection,Normale,Deux véhicules - côté,,,,,,,,,,,1,1,1,1,3
200700052571,0007-04-14 15:50:00,7,4,14,15,50,690,388,RD383   11.460 A 11.750,,,Plein jour,Hors agglomération,Hors intersection,Normale,Deux véhicules - côté,,,,,,,,,,,1,1,1,1,3
200700052572,0007-04-15 19:50:00,7,4,15,19,50,690,256,A42     0.560 A 4.020,,,Plein jour,Hors agglomération,Hors intersection,Normale,Trois véhicules et plus - collisions multiples,,,,,,,,,,,1,1,1,1,5
200700052573,0007-04-19 18:50:00,7,4,19,18,50,690,290,A43   3.865 A 9.894,,,Plein jour,Hors agglomération,Hors intersection,Normale,Trois véhicules et plus - en chaîne,,,,,,,,,,,1,1,1,1,4
200700052574,0007-04-19 20:15:00,7,4,19,20,15,690,81,A6   449.510 A 451.640,,,Nuit avec éclairage allumé,Hors agglomération,Hors intersection,Normale,Autre collision,,,,,,,,,,,5,1,1,1,6
200700052575,0007-04-20 18:10:00,7,4,20,18,10,690,142,A7   2.278 A 3.690,,,Plein jour,Hors agglomération,Hors intersection,Normale,Trois véhicules et plus - en chaîne,,,,,,,,,,,1,1,1,1,4
200700052576,0007-04-21 05:40:00,7,4,21,5,40,690,81,A6   449.510 A 451.640,,,Nuit sans éclairage public,Hors agglomération,Hors intersection,Normale,Sans collision,,,,,,,,,,,3,1,1,1,7
200700052577,0007-04-27 09:40:00,7,4,27,9,40,690,142,A7   2.278 A 3.690,,,Plein jour,Hors agglomération,Hors intersection,Normale,Sans collision,,,,,,,,,,,1,1,1,1,7
200700052578,0007-05-04 13:30:00,7,5,4,13,30,380,87,A7   20.110 A 22.950,,,Plein jour,Hors agglomération,Hors intersection,Normale,Autre collision,,,,,,,,,,,1,1,1,1,6
200700052579,0007-05-05 07:20:00,7,5,5,7,20,690,266,RD383   3.750 A 7.640,,,Plein jour,Hors agglomération,Hors intersection,Normale,Sans collision,,,,,,,,,,,1,1,1,1,7
200700052580,0007-05-10 00:05:00,7,5,10,0,5,690,256,RN346  N/S  25.736 A 29.,,,Nuit sans éclairage public,Hors agglomération,Hors intersection,Normale,Deux véhicules - arrière,,,,,,,,,,,3,1,1,1,2
200700052581,0007-05-10 08:25:00,7,5,10,8,25,690,277,RN346   36.215 A 38.000,,,Plein jour,Hors agglomération,Hors intersection,Normale,Deux véhicules - arrière,,,,,,,,,,,1,1,1,1,2
200700052582,0007-05-15 09:00:00,7,5,15,9,0,690,204,A450   1.740 A 5.100,,,Plein jour,Hors agglomération,Hors intersection,Pluie légère,Deux véhicules - arrière,,,,,,,,,,,1,1,1,2,2
200700052583,0007-05-19 01:10:00,7,5,19,1,10,690,270,A46S   47.880 A 49.160,,,Nuit sans éclairage public,Hors agglomération,Hors intersection,Normale,Deux véhicules - frontale,,,,,,,,,,,3,1,1,1,1
200700052584,0007-05-22 16:05:00,7,5,22,16,5,690,290,A43   3.865 A 9.894,,,Plein jour,Hors agglomération,Hors intersection,Normale,Deux véhicules - arrière,,,,,,,,,,,1,1,1,1,2
200700052585,0007-06-04 12:20:00,7,6,4,12,20,690,283,A46S   43.680 A 47.880,,,Plein jour,Hors agglomération,Autre intersection,Normale,Autre collision,,,,,,,,,,,1,1,9,1,6
200700052586,0007-06-07 17:30:00,7,6,7,17,30,690,27,A450   5.100 A 7.285,,,Plein jour,Hors agglomération,Hors intersection,Normale,Deux véhicules - côté,,,,,,,,,,,1,1,1,1,3
200700052587,0007-06-09 14:30:00,7,6,9,14,30,380,544,N407   0.000 A 2.331,,,Plein jour,En agglomération,Intersection en X,Normale,Deux véhicules - côté,,,,,,,,,,,1,2,2,1,3
200700052588,0007-06-10 03:15:00,7,6,10,3,15,690,297,A47,,,Nuit sans éclairage public,Hors agglomération,Hors intersection,Normale,Sans collision,,,,,,,,,,,3,1,1,1,7
200700052589,0007-06-11 11:45:00,7,6,11,11,45,690,297,A7   15.770 A 20.110,,,Plein jour,Hors agglomération,Hors intersection,Pluie forte,Trois véhicules et plus - en chaîne,,,,,,,,,,,1,1,1,3,4
200700052590,0007-06-15 18:40:00,7,6,15,18,40,10,238,A46N   7.065 A 9.020,,,Plein jour,Hors agglomération,Hors intersection,Pluie forte,Autre collision,,,,,,,,,,,1,1,1,3,6
200700052591,0007-06-15 20:00:00,7,6,15,20,0,690,259,RD383   11.0044 A 11.460,,,Plein jour,Hors agglomération,Hors intersection,Normale,Deux véhicules - côté,,,,,,,,,,,1,1,1,1,3
200700052592,0007-04-05 20:00:00,7,4,5,20,0,690,286,A46N   19.955 A 25.180,,,Plein jour,Hors agglomération,Hors intersection,Normale,Deux véhicules - côté,,,,,,,,,,,1,1,1,1,3
200700052593,0007-07-02 07:10:00,7,7,2,7,10,690,286,A46N   19.955 A 25.180,,,Plein jour,Hors agglomération,Hors intersection,Pluie forte,Deux véhicules - frontale,,,,,,,,,,,1,1,1,3,1
200700052594,0007-07-04 08:50:00,7,7,4,8,50,690,277,RN346   36.215 A 38.000,,,Plein jour,Hors agglomération,Hors intersection,Pluie légère,Trois véhicules et plus - en chaîne,,,,,,,,,,,1,1,1,2,4
200700052595,0007-07-04 09:45:00,7,7,4,9,45,690,290,RN346   38.960 A 40.883,,,Plein jour,Hors agglomération,Hors intersection,Normale,Deux véhicules - arrière,,,,,,,,,,,1,1,1,1,2
200700052596,0007-07-04 16:30:00,7,7,4,16,30,690,283,A46S   43.680 A 47.880,,,Plein jour,Hors agglomération,Hors intersection,Normale,Sans collision,,,,,,,,,,,1,1,1,1,7
200700052597,0007-07-06 18:20:00,7,7,6,18,20,690,117,A6   439.400 A 442.500,,,Plein jour,Hors agglomération,Hors intersection,Normale,Autre collision,,,,,,,,,,,1,1,1,1,6
200700052598,0007-07-10 14:00:00,7,7,10,14,0,690,276,BUS (RD301)   0.000 A 2.,,,Plein jour,Hors agglomération,Hors intersection,Pluie légère,Autre collision,,,,,,,,,,,1,1,1,2,6
200700052599,0007-07-13 08:25:00,7,7,13,8,25,690,81,A6   449.510 A 451.640,,,Plein jour,Hors agglomération,Autre intersection,Normale,Deux véhicules - côté,,,,,,,,,,,1,1,9,1,3
200700052600,0007-07-13 12:20:00,7,7,13,12,20,380,544,RN7   5.180 A 10.000,,,Plein jour,Hors agglomération,Intersection en X,Normale,Deux véhicules - côté,,,,,,,,,,,1,1,2,1,3
200700052601,0007-07-15 03:00:00,7,7,15,3,0,690,266,RD383   3.750 A 7.640,,,Nuit avec éclairage allumé,En agglomération,Hors intersection,Normale,Autre collision,,,,,,,,,,,5,2,1,1,6
200700052602,0007-07-20 12:00:00,7,7,20,12,0,690,244,A6   451.640 A 451.790,,,Plein jour,Hors agglomération,Hors intersection,Normale,Trois véhicules et plus - en chaîne,,,,,,,,,,,1,1,1,1,4
200700052603,0007-07-23 04:25:00,7,7,23,4,25,690,189,A7   28.860 A 29.920,,,Nuit sans éclairage public,Hors agglomération,Hors intersection,Normale,Sans collision,,,,,,,,,,,3,1,1,1,7
200700052604,0007-07-29 12:50:00,7,7,29,12,50,690,72,A6   445.323 A 447.390,,,Plein jour,Hors agglomération,Hors intersection,Normale,Autre collision,,,,,,,,,,,1,1,1,1,6
200700052605,0007-07-30 17:30:00,7,7,30,17,30,690,259,RD383   11.750 A 14.250,,,Plein jour,Hors agglomération,Hors intersection,Normale,Deux véhicules - arrière,,,,,,,,,,,1,1,1,1,2
200700052606,0007-08-06 20:30:00,7,8,6,20,30,690,266,RD383   3.750 A 7.640,,,Plein jour,Hors agglomération,Hors intersection,Pluie légère,Autre collision,,,,,,,,,,,1,1,1,2,6
200700052607,0007-08-09 05:30:00,7,8,9,5,30,690,256,RN346  N/S  25.736 A 29.,,,Nuit sans éclairage public,Hors agglomération,Hors intersection,Temps couvert,Trois véhicules et plus - collisions multiples,,,,,,,,,,,3,1,1,8,5