accident_id,datetime,annee,mois,jour,heure,minute,departement,commune_insee,adresse,latitude,longitude,luminosite,agglomeration,intersection,meteo,collision,nb_vehicules,nb_usagers,nb_indemnes,nb_tues,nb_blesses_hosp,nb_blesses_legers,age_cond_1,age_cond_2,veh_type_cond_1,veh_type_cond_2,lum_code,agg_code,int_code,atm_code,col_code
200700052608,0007-08-09 07:45:00,7,8,9,7,45,690,256,RN346  N/S  25.736 A 29.,,,Plein jour,Hors agglomération,Hors intersection,Pluie légère,Autre collision,,,,,,,,,,,1,1,1,2,6
200700052609,0007-08-12 04:50:00,7,8,12,4,50,690,283,A46S   43.680 A 47.880,,,Nuit sans éclairage public,Hors agglomération,Hors intersection,Normale,Autre collision,,,,,,,,,,,3,1,1,1,6
200700052610,0007-08-12 20:50:00,7,8,12,20,50,380,87,A7   20.110 A 22.950,,,Nuit sans éclairage public,Hors agglomération,Hors intersection,Pluie forte,Autre collision,,,,,,,,,,,3,1,1,3,6
200700052611,0007-08-13 00:55:00,7,8,13,0,55,690,273,BUS (RD301)   4.470 A 7.,,,Nuit sans éclairage public,Hors agglomération,Hors intersection,Pluie légère,Autre collision,,,,,,,,,,,3,1,1,2,6
200700052612,0007-08-17 15:30:00,7,8,17,15,30,690,29,RD383   7.640 A 11.044,,,Plein jour,Hors agglomération,Hors intersection,Normale,Deux véhicules - côté,,,,,,,,,,,1,1,1,1,3
200700052613,0007-08-30 20:30:00,7,8,30,20,30,690,199,RD383   14.250 A 18.000,,,Nuit avec éclairage allumé,Hors agglomération,Hors intersection,Normale,Sans collision,,,,,,,,,,,5,1,1,1,7
200700052614,0007-08-31 23:40:00,7,8,31,23,40,690,283,A46S   43.680 A 47.880,,,Nuit sans éclairage public,Hors agglomération,Hors intersection,Normale,Autre collision,,,,,,,,,,,3,1,1,1,6
200700052615,0007-09-30 11:45:00,7,9,30,11,45,590,51,Rue du Général Leclerc,50.535,2.806,Plein jour,En agglomération,Hors intersection,Normale,Deux véhicules - arrière,,,,,,,,,,,1,2,1,1,2
200700052616,0007-09-16 10:45:00,7,9,16,10,45,590,466,,50.526,3.114,Plein jour,En agglomération,Hors intersection,Temps couvert,Deux véhicules - frontale,,,,,,,,,,,1,2,1,8,1
200700052617,0007-09-30 19:15:00,7,9,30,19,15,590,398,300 rue de la Rosière,50.506,3.108,Crépuscule ou aube,En agglomération,Hors intersection,Normale,Autre collision,,,,,,,,,,,2,2,1,1,6
200700052618,0007-09-14 21:15:00,7,9,14,21,15,590,570,,,,Nuit sans éclairage public,Hors agglomération,Hors intersection,Normale,Autre collision,,,,,,,,,,,3,1,1,1,6
200700052619,0007-09-27 08:15:00,7,9,27,8,15,590,82,,,,Plein jour,Hors agglomération,Hors intersection,Normale,Deux véhicules - frontale,,,,,,,,,,,1,1,1,1,1
200700052620,0007-09-30 20:00:00,7,9,30,20,0,590,182,,50.901,2.319,Nuit sans éclairage public,Hors agglomération,Hors intersection,Normale,Autre collision,,,,,,,,,,,3,1,1,1,6
200700052621,0007-09-12 21:30:00,7,9,12,21,30,590,641,,50.946,2.49,Nuit sans éclairage public,Hors agglomération,Hors intersection,Normale,Autre collision,,,,,,,,,,,3,1,1,1,6
200700052622,0007-09-16 16:00:00,7,9,16,16,0,590,107,rue pierre DECOCK,51.068,2.522,Plein jour,En agglomération,Hors intersection,Vent fort / tempête,Deux véhicules - frontale,,,,,,,,,,,1,2,1,6,1
200700052623,0007-09-22 09:15:00,7,9,22,9,15,590,404,,,,Plein jour,Hors agglomération,Hors intersection,Normale,Autre collision,,,,,,,,,,,1,1,1,1,6
200700052624,0007-09-23 17:15:00,7,9,23,17,15,590,663,,,,Plein jour,Hors agglomération,Hors intersection,Normale,Deux véhicules - côté,,,,,,,,,,,1,1,1,1,3
200700052625,0007-09-05 17:45:00,7,9,5,17,45,590,497,,,,Plein jour,Hors agglomération,Hors intersection,Normale,Autre collision,,,,,,,,,,,1,1,1,1,6
200700052626,0007-09-18 07:00:00,7,9,18,7,0,590,212,,50.669,2.72,Crépuscule ou aube,Hors agglomération,Hors intersection,Temps couvert,Autre collision,,,,,,,,,,,2,1,1,8,6
200700052627,0007-09-24 11:00:00,7,9,24,11,0,590,581,,,,Plein jour,Hors agglomération,Hors intersection,Pluie légère,Deux véhicules - frontale,,,,,,,,,,,1,1,1,2,1
200700052628,0007-09-16 13:30:00,7,9,16,13,30,590,135,,,,Plein jour,Hors agglomération,Hors intersection,Normale,Deux véhicules - côté,,,,,,,,,,,1,1,1,1,3
200700052629,0007-09-21 15:15:00,7,9,21,15,15,590,348,,50.275,3.334,Plein jour,Hors agglomération,Hors intersection,Normale,Deux véhicules - côté,,,,,,,,,,,1,1,1,1,3
200700052630,0007-09-07 08:45:00,7,9,7,8,45,590,335,route de roubaix,50.474,3.399,Plein jour,En agglomération,Hors intersection,Normale,Autre collision,,,,,,,,,,,1,2,1,1,6
200700052631,0007-09-14 08:00:00,7,9,14,8,0,590,50,RN 2,50.136,3.94,Plein jour,En agglomération,Hors intersection,Normale,Deux véhicules - côté,,,,,,,,,,,1,2,1,1,3
200700052632,0007-09-09 18:30:00,7,9,9,18,30,590,216,rue du CALVAIRE,,,Plein jour,En agglomération,Hors intersection,Normale,Deux véhicules - côté,,,,,,,,,,,1,2,1,1,3
200700052633,0007-09-28 09:00:00,7,9,28,9,0,590,455,rue d'estrun,50.255,3.301,Plein jour,En agglomération,Hors intersection,Pluie légère,Autre collision,,,,,,,,,,,1,2,1,2,6
200700052634,0007-09-10 17:45:00,7,9,10,17,45,590,623,,50.049,3.151,Plein jour,Hors agglomération,Hors intersection,Normale,Deux véhicules - frontale,,,,,,,,,,,1,1,1,1,1
200700052635,0007-09-28 16:15:00,7,9,28,16,15,590,389,CD 644,,,Plein jour,En agglomération,Hors intersection,Pluie légère,Deux véhicules - frontale,,,,,,,,,,,1,2,1,2,1
200700052636,0007-09-16 06:15:00,7,9,16,6,15,590,435,rue du fourmanoir,,,Nuit avec éclairage allumé,En agglomération,Hors intersection,Normale,Autre collision,,,,,,,,,,,5,2,1,1,6
200700052637,0007-09-18 07:45:00,7,9,18,7,45,590,449,rue Jules Rieux,50.486,3.255,Plein jour,En agglomération,Hors intersection,Normale,Deux véhicules - côté,,,,,,,,,,,1,2,1,1,3
200700052638,0007-09-22 17:00:00,7,9,22,17,0,590,449,22 RUE JULES RIEUX,50.485,3.252,Plein jour,En agglomération,Hors intersection,Normale,Autre collision,,,,,,,,,,,1,2,1,1,6
200700052639,0007-09-01 19:30:00,7,9,1,19,30,590,315,,50.343,3.793,Plein jour,Hors agglomération,Hors intersection,Normale,Deux véhicules - frontale,,,,,,,,,,,1,1,1,1,1
200700052640,0007-09-02 12:00:00,7,9,2,12,0,590,157,Route nationale,50.25,4.153,Plein jour,En agglomération,Hors intersection,Normale,Deux véhicules - côté,,,,,,,,,,,1,2,1,1,3
200700052641,0007-09-22 14:30:00,7,9,22,14,30,620,121,rue de frémicourt,50.133,2.876,Plein jour,En agglomération,Hors intersection,Normale,Deux véhicules - frontale,,,,,,,,,,,1,2,1,1,1
200700052642,0007-09-29 09:30:00,7,9,29,9,30,620,279,,50.3,2.72,Plein jour,Hors agglomération,Hors intersection,Brouillard / fumée,Autre collision,,,,,,,,,,,1,1,1,5,6
200700052643,0007-09-11 19:45:00,7,9,11,19,45,620,810,,50.365,2.799,Plein jour,En agglomération,Intersection en Y,Normale,Deux véhicules - frontale,,,,,,,,,,,1,2,4,1,1
200700052644,0007-09-15 10:15:00,7,9,15,10,15,620,557,Rue d'Etrun,50.32,2.705,Plein jour,En agglomération,Hors intersection,Normale,Deux véhicules - côté,,,,,,,,,,,1,2,1,1,3
200700052645,0007-09-15 19:00:00,7,9,15,19,0,620,369,,50.336,2.902,Plein jour,Hors agglomération,Hors intersection,Temps éblouissant,Autre collision,,,,,,,,,,,1,1,1,7,6
200700052646,0007-09-18 15:45:00,7,9,18,15,45,620,865,RD950,50.337,2.986,Plein jour,En agglomération,Hors intersection,Pluie légère,Deux véhicules - frontale,,,,,,,,,,,1,2,1,2,1
200700052647,0007-09-08 19:45:00,7,9,8,19,45,620,29,,50.539,2.402,Crépuscule ou aube,Hors agglomération,Hors intersection,Normale,Deux véhicules - côté,,,,,,,,,,,2,1,1,1,3
200700052648,0007-09-13 13:15:00,7,9,13,13,15,620,491,65 RUE ROBERT PARFAIT,50.626,2.774,Plein jour,En agglomération,Hors intersection,Normale,Autre collision,,,,,,,,,,,1,2,1,1,6
200700052649,0007-09-16 14:45:00,7,9,16,14,45,620,22,,,,Plein jour,Hors agglomération,Hors intersection,Normale,Sans collision,,,,,,,,,,,1,1,1,1,7
200700052650,0007-09-25 11:00:00,7,9,25,11,0,620,604,RD 901,,,Plein jour,En agglomération,Hors intersection,Pluie légère,Autre collision,,,,,,,,,,,1,2,1,2,6
200700052651,0007-09-09 05:45:00,7,9,9,5,45,620,506,,50.802,1.935,Nuit sans éclairage public,Hors agglomération,Hors intersection,Normale,Autre collision,,,,,,,,,,,3,1,1,1,6
200700052652,0007-09-16 12:00:00,7,9,16,12,0,620,397,,,,Plein jour,Hors agglomération,Hors intersection,Normale,Sans collision,,,,,,,,,,,1,1,1,1,7
200700052653,0007-09-18 10:30:00,7,9,18,10,30,620,31,,50.863,1.897,Plein jour,Hors agglomération,Hors intersection,Normale,Trois véhicules et plus - en chaîne,,,,,,,,,,,1,1,1,1,4
200700052654,0007-09-22 09:30:00,7,9,22,9,30,620,191,,50.843,1.776,Plein jour,Hors agglomération,Passage à niveau,Normale,Autre collision,,,,,,,,,,,1,1,8,1,6
200700052655,0007-09-04 16:30:00,7,9,4,16,30,620,170,,50.439,2.683,Plein jour,Hors agglomération,Hors intersection,Normale,Trois véhicules et plus - collisions multiples,,,,,,,,,,,1,1,1,1,5
200700052656,0007-09-06 11:45:00,7,9,6,11,45,620,44,Route départementale 901,,,Plein jour,En agglomération,Autre intersection,Normale,Deux véhicules - frontale,,,,,,,,,,,1,2,9,1,1
200700052657,0007-09-21 13:00:00,7,9,21,13,0,620,318,route de Boulogne,50.52,1.646,Plein jour,En agglomération,Hors intersection,Normale,Deux véhicules - frontale,,,,,,,,,,,1,2,1,1,1
200700052658,0007-09-29 15:45:00,7,9,29,15,45,620,318,rue général obert,,,Plein jour,En agglomération,Hors intersection,Pluie légère,Autre collision,,,,,,,,,,,1,2,1,2,6
200700052659,0007-09-16 04:30:00,7,9,16,4,30,620,359,,,,Nuit sans éclairage public,Hors agglomération,Hors intersection,Normale,Autre collision,,,,,,,,,,,3,1,1,1,6
200700052660,0007-09-09 12:30:00,7,9,9,12,30,620,261,,50.513,1.627,Plein jour,Hors agglomération,Hors intersection,Normale,Deux véhicules - côté,,,,,,,,,,,1,1,1,1,3
200700052661,0007-09-14 16:45:00,7,9,14,16,45,620,288,,50.678,2.269,Plein jour,Hors agglomération,Hors intersection,Normale,Sans collision,,,,,,,,,,,1,1,1,1,7
200700052662,0007-09-17 21:00:00,7,9,17,21,0,620,14,GRAND PLACE,50.645,2.397,Nuit avec éclairage allumé,En agglomération,Hors intersection,Normale,Deux véhicules - côté,,,,,,,,,,,5,2,1,1,3
200700052663,0007-09-29 22:30:00,7,9,29,22,30,620,14,rue de Constantinople,50.644,2.402,Nuit avec éclairage allumé,En agglomération,Hors intersection,Normale,Deux véhicules - frontale,,,,,,,,,,,5,2,1,1,1
200700052664,0007-09-29 07:30:00,7,9,29,7,30,620,875,,50.698,2.356,Crépuscule ou aube,Hors agglomération,Hors intersection,Pluie légère,Trois véhicules et plus - collisions multiples,,,,,,,,,,,2,1,1,2,5
200700052665,0007-09-23 02:15:00,7,9,23,2,15,620,485,,50.54,2.243,Nuit sans éclairage public,Hors agglomération,Hors intersection,Brouillard / fumée,Sans collision,,,,,,,,,,,3,1,1,5,7
200700052666,0007-09-14 17:45:00,7,9,14,17,45,620,442,"CD343, face au n°37",,,Plein jour,En agglomération,Hors intersection,Normale,Deux véhicules - arrière,,,,,,,,,,,1,2,1,1,2
200700052667,0007-09-13 17:15:00,7,9,13,17,15,620,767,Rue de Béthune,,,Plein jour,En agglomération,Hors intersection,Normale,Autre collision,,,,,,,,,,,1,2,1,1,6
200700052668,0007-09-17 16:00:00,7,9,17,16,0,620,69,,,,Plein jour,Hors agglomération,Hors intersection,Pluie forte,Deux véhicules - frontale,,,,,,,,,,,1,1,1,3,1
200700052669,0007-09-27 10:45:00,7,9,27,10,45,620,767,,,,Plein jour,Hors agglomération,Hors intersection,Pluie légère,Deux véhicules - frontale,,,,,,,,,,,1,1,1,2,1
200700052670,0007-09-12 13:30:00,7,9,12,13,30,620,785,,50.352,2.551,Plein jour,Hors agglomération,Hors intersection,Normale,Deux véhicules - côté,,,,,,,,,,,1,1,1,1,3
200700052671,0007-09-04 21:45:00,7,9,4,21,45,800,212,,,,Nuit sans éclairage public,Hors agglomération,Hors intersection,Normale,Autre collision,,,,,,,,,,,3,1,1,1,6
200700052672,0007-09-13 17:30:00,7,9,13,17,30,800,62,AVENUE DELA LIBERATION,,,Plein jour,En agglomération,Intersection en T,Normale,Deux véhicules - côté,,,,,,,,,,,1,2,3,1,3
200700052673,0007-09-19 12:45:00,7,9,19,12,45,800,456,,,,Plein jour,Hors agglomération,Hors intersection,Normale,Autre collision,,,,,,,,,,,1,1,1,1,6
200700052674,0007-09-28 17:45:00,7,9,28,17,45,800,13,RUELLE MERIN,,,Plein jour,En agglomération,Intersection en T,Normale,Deux véhicules - frontale,,,,,,,,,,,1,2,3,1,1
200700052675,0007-09-14 10:00:00,7,9,14,10,0,800,630,cd 1029,49.78,1.988,Plein jour,En agglomération,Hors intersection,Normale,Sans collision,,,,,,,,,,,1,2,1,1,7
200700052676,0007-09-21 21:15:00,7,9,21,21,15,800,577,,,,Nuit sans éclairage public,Hors agglomération,Hors intersection,Normale,Sans collision,,,,,,,,,,,3,1,1,1,7
200700052677,0007-09-05 18:45:00,7,9,5,18,45,800,208,rue de la gare,,,Plein jour,En agglomération,Autre intersection,Normale,Autre collision,,,,,,,,,,,1,2,9,1,6
200700052678,0007-09-16 18:30:00,7,9,16,18,30,800,716,,50.154,1.948,Plein jour,Hors agglomération,Hors intersection,Normale,Deux véhicules - côté,,,,,,,,,,,1,1,1,1,3
200700052679,0007-09-08 10:30:00,7,9,8,10,30,800,96,Grande rue rue de Gamach,,,Plein jour,En agglomération,Hors intersection,Normale,Deux véhicules - frontale,,,,,,,,,,,1,2,1,1,1
200700052680,0007-09-22 17:30:00,7,9,22,17,30,800,373,rue du 11 novembre cd22,,,Plein jour,En agglomération,Hors intersection,Normale,Deux véhicules - frontale,,,,,,,,,,,1,2,1,1,1
200700052681,0007-09-20 17:30:00,7,9,20,17,30,800,149,,,,Plein jour,Hors agglomération,Hors intersection,Normale,Deux véhicules - arrière,,,,,,,,,,,1,1,1,1,2
200700052682,0007-09-23 20:15:00,7,9,23,20,15,800,222,rue des FUSILLES,,,Nuit avec éclairage allumé,En agglomération,Hors intersection,Normale,Deux véhicules - frontale,,,,,,,,,,,5,2,1,1,1
200700052683,0007-09-23 16:15:00,7,9,23,16,15,800,756,RUE PRINCIPALE,50.13,2.45,Nuit sans éclairage public,En agglomération,Hors intersection,Normale,Autre collision,,,,,,,,,,,3,2,1,1,6
200700052684,0007-09-22 18:15:00,7,9,22,18,15,800,253,,,,Plein jour,Hors agglomération,Autre intersection,Normale,Deux véhicules - côté,,,,,,,,,,,1,1,9,1,3
200700052685,0007-09-16 18:30:00,7,9,16,18,30,800,86,"41, rue du G. J. Crépin",,,Plein jour,En agglomération,Hors intersection,Normale,Deux véhicules - côté,,,,,,,,,,,1,2,1,1,3
200700052686,0007-09-29 19:15:00,7,9,29,19,15,800,168,,50.111,2.263,Crépuscule ou aube,Hors agglomération,Hors intersection,Normale,Autre collision,,,,,,,,,,,2,1,1,1,6
200700052687,0007-09-10 16:45:00,7,9,10,16,45,800,232,,,,Plein jour,Hors agglomération,Hors intersection,Normale,Deux véhicules - frontale,,,,,,,,,,,1,1,1,1,1
200700052688,0007-09-09 18:45:00,7,9,9,18,45,800,545,,,,Plein jour,Hors agglomération,Intersection en X,Normale,Deux véhicules - frontale,,,,,,,,,,,1,1,2,1,1
200700052689,0007-09-08 14:30:00,7,9,8,14,30,800,438,chaussée Brunehaut,,,Plein jour,En agglomération,Hors intersection,Normale,Deux véhicules - côté,,,,,,,,,,,1,2,1,1,3
200700052690,0007-09-22 19:15:00,7,9,22,19,15,800,552,,49.982,2.967,Plein jour,Hors agglomération,Hors intersection,Normale,Deux véhicules - arrière,,,,,,,,,,,1,1,1,1,2
200700052691,0007-09-06 15:45:00,7,9,6,15,45,800,648,route de Cambrai,,,Plein jour,En agglomération,Hors intersection,Normale,Autre collision,,,,,,,,,,,1,2,1,1,6
200700052692,0007-09-20 16:30:00,7,9,20,16,30,800,447,,,,Plein jour,Hors agglomération,Hors intersection,Normale,Deux véhicules - côté,,,,,,,,,,,1,1,1,1,3
200700052693,0007-09-24 09:45:00,7,9,24,9,45,800,288,,,,Plein jour,Hors agglomération,Intersection en X,Normale,Deux véhicules - côté,,,,,,,,,,,1,1,2,1,3
200700052694,0007-09-24 21:00:00,7,9,24,21,0,800,410,Rue de noyon,49.754,3.07,Nuit avec éclairage allumé,En agglomération,Hors intersection,Normale,Deux véhicules - côté,,,,,,,,,,,5,2,1,1,3
200700052695,0007-09-06 14:00:00,7,9,6,14,0,20,294,RUE DE PARIS,49.523,3.584,Plein jour,En agglomération,Hors intersection,Normale,Deux véhicules - frontale,,,,,,,,,,,1,2,1,1,1
200700052696,0007-09-06 09:45:00,7,9,6,9,45,20,716,,,,Plein jour,Hors agglomération,Hors intersection,Normale,Deux véhicules - frontale,,,,,,,,,,,1,1,1,1,1
200700052697,0007-09-23 15:00:00,7,9,23,15,0,20,399,,49.463,3.9,Plein jour,Hors agglomération,Hors intersection,Normale,Autre collision,,,,,,,,,,,1,1,1,1,6
200700052698,0007-09-22 16:20:00,7,9,22,16,20,20,720,,49.561,3.886,Plein jour,Hors agglomération,Hors intersection,Normale,Sans collision,,,,,,,,,,,1,1,1,1,7
200700052699,0007-09-24 13:45:00,7,9,24,13,45,20,720,Rue du 11 novembre 1918,,,Plein jour,En agglomération,Hors intersection,Pluie légère,Autre collision,,,,,,,,,,,1,2,1,2,6
200700052700,0007-09-29 04:15:00,7,9,29,4,15,20,218,,49.569,3.808,Nuit sans éclairage public,Hors agglomération,Hors intersection,Pluie légère,Autre collision,,,,,,,,,,,3,1,1,2,6
200700052701,0007-09-12 13:45:00,7,9,12,13,45,20,781,,,,Plein jour,Hors agglomération,Hors intersection,Normale,Autre collision,,,,,,,,,,,1,1,1,1,6
200700052702,0007-09-30 19:30:00,7,9,30,19,30,20,186,,,,Crépuscule ou aube,Hors agglomération,Hors intersection,Normale,Autre collision,,,,,,,,,,,2,1,1,1,6
200700052703,0007-09-29 15:30:00,7,9,29,15,30,20,127,,49.189,3.453,Plein jour,Hors agglomération,Hors intersection,Normale,Deux véhicules - côté,,,,,,,,,,,1,1,1,1,3
200700052704,0007-09-06 11:45:00,7,9,6,11,45,20,343,,49.818,3.12,Plein jour,Hors agglomération,Hors intersection,Normale,Autre collision,,,,,,,,,,,1,1,1,1,6
200700052705,0007-09-13 18:15:00,7,9,13,18,15,20,32,,49.787,3.125,Plein jour,Hors agglomération,Hors intersection,Normale,Sans collision,,,,,,,,,,,1,1,1,1,7
200700052706,0007-09-29 05:15:00,7,9,29,5,15,20,65,,49.945,3.244,Nuit sans éclairage public,Hors agglomération,Hors intersection,Brouillard / fumée,Deux véhicules - côté,,,,,,,,,,,3,1,1,5,3
200700052707,0007-09-30 20:45:00,7,9,30,20,45,20,539,RUE JOLIOT CURIE,49.955,3.253,Nuit avec éclairage allumé,En agglomération,Hors intersection,Normale,Autre collision,,,,,,,,,,,5,2,1,1,6
200700052708,0007-09-15 19:15:00,7,9,15,19,15,20,639,,,,Plein jour,Hors agglomération,Hors intersection,Normale,Autre collision,,,,,,,,,,,1,1,1,1,6
200700052709,0007-09-01 06:30:00,7,9,1,6,30,20,372,,,,Crépuscule ou aube,Hors agglomération,Hors intersection,Normale,Sans collision,,,,,,,,,,,2,1,1,1,7
200700052710,0007-09-08 11:00:00,7,9,8,11,0,20,89,RN31,49.374,3.361,Plein jour,En agglomération,Hors intersection,Normale,Deux véhicules - côté,,,,,,,,,,,1,2,1,1,3
200700052711,0007-09-26 12:15:00,7,9,26,12,15,20,763,,,,Plein jour,Hors agglomération,Hors intersection,Normale,Deux véhicules - côté,,,,,,,,,,,1,1,1,1,3
200700052712,0007-09-18 17:45:00,7,9,18,17,45,20,514,,,,Plein jour,Hors agglomération,Autre intersection,Pluie légère,Deux véhicules - frontale,,,,,,,,,,,1,1,9,2,1
200700052713,0007-09-27 18:00:00,7,9,27,18,0,20,528,,49.352,3.099,Crépuscule ou aube,Hors agglomération,Hors intersection,Pluie forte,Deux véhicules - côté,,,,,,,,,,,2,1,1,3,3
200700052714,0007-09-28 16:00:00,7,9,28,16,0,20,232,,49.228,2.973,Plein jour,Hors agglomération,Hors intersection,Pluie forte,Deux véhicules - frontale,,,,,,,,,,,1,1,1,3,1
200700052715,0007-09-21 22:15:00,7,9,21,22,15,20,670,,,,Nuit sans éclairage public,Hors agglomération,Hors intersection,Normale,Autre collision,,,,,,,,,,,3,1,1,1,6
200700052716,0007-09-15 05:15:00,7,9,15,5,15,20,67,RD 1043,50.037,3.71,Nuit avec éclairage allumé,En agglomération,Hors intersection,Normale,Deux véhicules - côté,,,,,,,,,,,5,2,1,1,3
200700052717,0007-09-22 23:30:00,7,9,22,23,30,20,629,,49.848,3.638,Nuit sans éclairage public,Hors agglomération,Hors intersection,Normale,Autre collision,,,,,,,,,,,3,1,1,1,6
200700052718,0007-09-08 00:30:00,7,9,8,0,30,20,574,RUE D HIRSON,,,Nuit sans éclairage public,En agglomération,Hors intersection,Normale,Autre collision,,,,,,,,,,,3,2,1,1,6
200700052719,0007-09-16 23:15:00,7,9,16,23,15,600,41,21 Rue du GL de Gaulle,,,Nuit avec éclairage allumé,En agglomération,Hors intersection,Normale,Autre collision,,,,,,,,,,,5,2,1,1,6
200700052720,0007-09-21 19:45:00,7,9,21,19,45,600,355,,,,Crépuscule ou aube,Hors agglomération,Hors intersection,Normale,Deux véhicules - côté,,,,,,,,,,,2,1,1,1,3
200700052721,0007-09-22 18:00:00,7,9,22,18,0,600,703,rue de la mare tacon,,,Plein jour,En agglomération,Intersection en T,Normale,Deux véhicules - frontale,,,,,,,,,,,1,2,3,1,1
200700052722,0007-09-01 19:00:00,7,9,1,19,0,600,29,RUE DES AULNES,,,Plein jour,En agglomération,Hors intersection,Normale,Deux véhicules - côté,,,,,,,,,,,1,2,1,1,3
200700052723,0007-09-06 10:30:00,7,9,6,10,30,600,333,,,,Plein jour,En agglomération,Hors intersection,Normale,Autre collision,,,,,,,,,,,1,2,1,1,6
200700052724,0007-09-17 12:00:00,7,9,17,12,0,600,331,,,,Plein jour,Hors agglomération,Hors intersection,Normale,Deux véhicules - côté,,,,,,,,,,,1,1,1,1,3
200700052725,0007-09-12 08:45:00,7,9,12,8,45,600,532,intersection CD 927-46,,,Plein jour,En agglomération,Intersection en T,Temps éblouissant,Trois véhicules et plus - collisions multiples,,,,,,,,,,,1,2,3,7,5
200700052726,0007-09-04 21:45:00,7,9,4,21,45,600,51,,,,Nuit sans éclairage public,Hors agglomération,Hors intersection,Pluie légère,Autre collision,,,,,,,,,,,3,1,1,2,6
200700052727,0007-09-11 17:30:00,7,9,11,17,30,600,365,,,,Plein jour,Hors agglomération,Hors intersection,Normale,Deux véhicules - côté,,,,,,,,,,,1,1,1,1,3
200700052728,0007-09-19 18:45:00,7,9,19,18,45,600,1,RUE DES ERABLES,,,Plein jour,En agglomération,Hors intersection,Normale,Trois véhicules et plus - collisions multiples,,,,,,,,,,,1,2,1,1,5
200700052729,0007-09-26 08:30:00,7,9,26,8,30,600,286,rue Ferdinand BUISSON,,,Plein jour,En agglomération,Hors intersection,Normale,Autre collision,,,,,,,,,,,1,2,1,1,6
200700052730,0007-09-23 21:00:00,7,9,23,21,0,600,88,,,,Nuit sans éclairage public,Hors agglomération,Hors intersection,Normale,Deux véhicules - frontale,,,,,,,,,,,3,1,1,1,1
200700052731,0007-09-23 03:00:00,7,9,23,3,0,600,135,rue de grimperet,,,Nuit sans éclairage public,En agglomération,Hors intersection,Normale,Autre collision,,,,,,,,,,,3,2,1,1,6
200700052732,0007-09-13 18:15:00,7,9,13,18,15,600,157,rue de St Just CD 916,,,Plein jour,En agglomération,Hors intersection,Normale,Deux véhicules - côté,,,,,,,,,,,1,2,1,1,3
200700052733,0007-09-16 18:15:00,7,9,16,18,15,600,375,1 Rue de l'Ormaie,,,Nuit avec éclairage allumé,En agglomération,Hors intersection,Normale,Autre collision,,,,,,,,,,,5,2,1,1,6
200700052734,0007-09-25 16:45:00,7,9,25,16,45,600,17,chaussee brune haut,,,Plein jour,En agglomération,Hors intersection,Normale,Deux véhicules - frontale,,,,,,,,,,,1,2,1,1,1
200700052735,0007-09-28 13:30:00,7,9,28,13,30,600,524,AXE CD 916,,,Plein jour,En agglomération,Hors intersection,Pluie forte,Deux véhicules - côté,,,,,,,,,,,1,2,1,3,3
200700052736,0007-09-01 20:15:00,7,9,1,20,15,600,574,rue principale,,,Plein jour,En agglomération,Hors intersection,Normale,Autre collision,,,,,,,,,,,1,2,1,1,6
200700052737,0007-09-04 08:30:00,7,9,4,8,30,600,16,,49.355,2.347,Plein jour,Hors agglomération,Hors intersection,Normale,Deux véhicules - frontale,,,,,,,,,,,1,1,1,1,1
200700052738,0007-09-15 14:30:00,7,9,15,14,30,600,116,,,,Plein jour,Hors agglomération,Hors intersection,Normale,Sans collision,,,,,,,,,,,1,1,1,1,7
200700052739,0007-09-09 18:00:00,7,9,9,18,0,600,418,,,,Plein jour,Hors agglomération,Hors intersection,Normale,Deux véhicules - arrière,,,,,,,,,,,1,1,1,1,2
200700052740,0007-09-16 16:15:00,7,9,16,16,15,600,581,,49.522,2.443,Plein jour,Hors agglomération,Hors intersection,Normale,Trois véhicules et plus - collisions multiples,,,,,,,,,,,1,1,1,1,5
200700052741,0007-09-25 15:30:00,7,9,25,15,30,600,581,,,,Plein jour,Hors agglomération,Hors intersection,Pluie légère,Deux véhicules - côté,,,,,,,,,,,1,1,1,2,3
200700052742,0007-09-16 19:45:00,7,9,16,19,45,600,537,,,,Crépuscule ou aube,En agglomération,Hors intersection,Normale,Deux véhicules - côté,,,,,,,,,,,2,2,1,1,3
200700052743,0007-09-18 14:30:00,7,9,18,14,30,600,492,,49.524,2.985,Plein jour,Hors agglomération,Hors intersection,Pluie légère,Autre collision,,,,,,,,,,,1,1,1,2,6
200700052744,0007-09-28 08:00:00,7,9,28,8,0,600,579,,49.353,2.856,Crépuscule ou aube,Hors agglomération,Hors intersection,Pluie légère,Deux véhicules - côté,,,,,,,,,,,2,1,1,2,3
200700052745,0007-09-29 19:15:00,7,9,29,19,15,600,402,,49.361,2.758,Crépuscule ou aube,Hors agglomération,Hors intersection,Normale,Deux véhicules - arrière,,,,,,,,,,,2,1,1,1,2