accident_id,datetime,annee,mois,jour,heure,minute,departement,commune_insee,adresse,latitude,longitude,luminosite,agglomeration,intersection,meteo,collision,nb_vehicules,nb_usagers,nb_indemnes,nb_tues,nb_blesses_hosp,nb_blesses_legers,age_cond_1,age_cond_2,veh_type_cond_1,veh_type_cond_2,lum_code,agg_code,int_code,atm_code,col_code
200700053303,0007-09-09 18:30:00,7,9,9,18,30,320,235,,,,Plein jour,Hors agglomération,Hors intersection,Normale,Deux véhicules - frontale,,,,,,,,,,,1,1,1,1,1
200700053304,0007-09-17 16:15:00,7,9,17,16,15,320,1,,,,Plein jour,Hors agglomération,Hors intersection,Normale,Autre collision,,,,,,,,,,,1,1,1,1,6
200700053305,0007-09-12 08:00:00,7,9,12,8,0,460,202,,44.296,1.489,Plein jour,Hors agglomération,Hors intersection,Temps éblouissant,Autre collision,,,,,,,,,,,1,1,1,7,6
200700053306,0007-09-03 17:30:00,7,9,3,17,30,460,201,,,,Plein jour,Hors agglomération,Hors intersection,Normale,Autre collision,,,,,,,,,,,1,1,1,1,6
200700053307,0007-09-06 11:00:00,7,9,6,11,0,460,263,,44.364,1.247,Plein jour,Hors agglomération,Hors intersection,Normale,Autre collision,,,,,,,,,,,1,1,1,1,6
200700053308,0007-09-29 07:45:00,7,9,29,7,45,460,263,,,,Crépuscule ou aube,Hors agglomération,Hors intersection,Normale,Autre collision,,,,,,,,,,,2,1,1,1,6
200700053309,0007-09-01 01:45:00,7,9,1,1,45,460,251,Avenue de la République,,,Nuit avec éclairage allumé,En agglomération,Hors intersection,Normale,Sans collision,,,,,,,,,,,5,2,1,1,7
200700053310,0007-09-06 10:00:00,7,9,6,10,0,460,11,le bourg CD38,44.856,1.847,Plein jour,En agglomération,Hors intersection,Normale,Autre collision,,,,,,,,,,,1,2,1,1,6
200700053311,0007-09-08 05:15:00,7,9,8,5,15,460,234,,,,Nuit sans éclairage public,Hors agglomération,Hors intersection,Normale,Autre collision,,,,,,,,,,,3,1,1,1,6
200700053312,0007-09-22 11:45:00,7,9,22,11,45,460,127,,44.721,1.361,Plein jour,Hors agglomération,Hors intersection,Normale,Autre collision,,,,,,,,,,,1,1,1,1,6
200700053313,0007-09-12 08:45:00,7,9,12,8,45,650,185,,,,Plein jour,Hors agglomération,Hors intersection,Normale,Deux véhicules - côté,,,,,,,,,,,1,1,1,1,3
200700053314,0007-09-23 16:45:00,7,9,23,16,45,650,369,,,,Plein jour,Hors agglomération,Hors intersection,Normale,Autre collision,,,,,,,,,,,1,1,1,1,6
200700053315,0007-09-10 15:30:00,7,9,10,15,30,650,330,,,,Plein jour,Hors agglomération,Hors intersection,Normale,Deux véhicules - frontale,,,,,,,,,,,1,1,1,1,1
200700053316,0007-09-10 17:30:00,7,9,10,17,30,650,460,,,,Plein jour,Hors agglomération,Hors intersection,Normale,Deux véhicules - côté,,,,,,,,,,,1,1,1,1,3
200700053317,0007-09-07 14:30:00,7,9,7,14,30,650,25,Avenue des Pyrénées,,,Plein jour,En agglomération,Giratoire,Normale,Deux véhicules - côté,,,,,,,,,,,1,2,6,1,3
200700053318,0007-09-13 16:15:00,7,9,13,16,15,650,2,,43.161,-0.019,Plein jour,Hors agglomération,Hors intersection,Normale,Trois véhicules et plus - collisions multiples,,,,,,,,,,,1,1,1,1,5
200700053319,0007-09-17 21:00:00,7,9,17,21,0,650,258,rue des résistants,,,Nuit avec éclairage allumé,En agglomération,Hors intersection,Pluie forte,Sans collision,,,,,,,,,,,5,2,1,3,7
200700053320,0007-09-18 14:15:00,7,9,18,14,15,650,258,CD10   Rue Bellevue,43.119,0.389,Plein jour,En agglomération,Passage à niveau,Normale,Deux véhicules - frontale,,,,,,,,,,,1,2,8,1,1
200700053321,0007-09-25 12:45:00,7,9,25,12,45,650,389,NOUVELLE VOIE,43.082,0.482,Plein jour,En agglomération,Hors intersection,Temps couvert,Autre collision,,,,,,,,,,,1,2,1,8,6
200700053322,0007-09-08 17:45:00,7,9,8,17,45,810,124,09 rue Rné Cassin,43.713,2.687,Plein jour,En agglomération,Hors intersection,Normale,Deux véhicules - côté,,,,,,,,,,,1,2,1,1,3
200700053323,0007-09-15 23:00:00,7,9,15,23,0,810,104,chemin du théron,43.769,1.772,Nuit sans éclairage public,En agglomération,Hors intersection,Normale,Autre collision,,,,,,,,,,,3,2,1,1,6
200700053324,0007-09-07 17:45:00,7,9,7,17,45,810,99,,,,Plein jour,Hors agglomération,Intersection en X,Normale,Deux véhicules - côté,,,,,,,,,,,1,1,2,1,3
200700053325,0007-09-20 07:15:00,7,9,20,7,15,810,99,,43.95,1.884,Crépuscule ou aube,Hors agglomération,Hors intersection,Normale,Deux véhicules - côté,,,,,,,,,,,2,1,1,1,3
200700053326,0007-09-20 14:45:00,7,9,20,14,45,810,112,,43.925,2.021,Plein jour,Hors agglomération,Hors intersection,Normale,Autre collision,,,,,,,,,,,1,1,1,1,6
200700053327,0007-09-25 14:30:00,7,9,25,14,30,810,112,,43.925,2.014,Plein jour,Hors agglomération,Intersection en X,Normale,Deux véhicules - côté,,,,,,,,,,,1,1,2,1,3
200700053328,0007-09-03 14:15:00,7,9,3,14,15,690,89,rue de la table de pierr,,,Plein jour,En agglomération,Hors intersection,Normale,Sans collision,,,,,,,,,,,1,2,1,1,7
200700053329,0007-09-05 12:30:00,7,9,5,12,30,810,209,CD54/RUE DU CHATEAU,43.51,2.403,Plein jour,En agglomération,Hors intersection,Normale,Deux véhicules - côté,,,,,,,,,,,1,2,1,1,3
200700053330,0007-09-12 11:00:00,7,9,12,11,0,810,204,CD 65,43.523,2.359,Plein jour,En agglomération,Intersection en T,Normale,Trois véhicules et plus - collisions multiples,,,,,,,,,,,1,2,3,1,5
200700053331,0007-09-16 20:45:00,7,9,16,20,45,810,289,,,,Nuit sans éclairage public,Hors agglomération,Hors intersection,Normale,Deux véhicules - frontale,,,,,,,,,,,3,1,1,1,1
200700053332,0007-09-19 17:45:00,7,9,19,17,45,810,219,,43.58,2.03,Plein jour,Hors agglomération,Intersection en X,Normale,Deux véhicules - côté,,,,,,,,,,,1,1,2,1,3
200700053333,0007-09-03 10:00:00,7,9,3,10,0,820,131,,,,Plein jour,Hors agglomération,Hors intersection,Normale,Deux véhicules - frontale,,,,,,,,,,,1,1,1,1,1
200700053334,0007-09-13 23:15:00,7,9,13,23,15,820,159,,,,Nuit sans éclairage public,Hors agglomération,Hors intersection,Normale,Sans collision,,,,,,,,,,,3,1,1,1,7
200700053335,0007-09-17 21:15:00,7,9,17,21,15,820,126,,,,Nuit sans éclairage public,Hors agglomération,Hors intersection,Normale,Autre collision,,,,,,,,,,,3,1,1,1,6
200700053336,0007-09-20 10:15:00,7,9,20,10,15,820,87,,44.129,1.308,Plein jour,Hors agglomération,Hors intersection,Normale,Autre collision,,,,,,,,,,,1,1,1,1,6
200700053337,0007-09-30 12:15:00,7,9,30,12,15,820,134,,44.061,1.519,Plein jour,Hors agglomération,Hors intersection,Normale,Sans collision,,,,,,,,,,,1,1,1,1,7
200700053338,0007-09-16 23:00:00,7,9,16,23,0,820,88,Route de pétras,,,Nuit avec éclairage allumé,En agglomération,Hors intersection,Normale,Autre collision,,,,,,,,,,,5,2,1,1,6
200700053339,0007-09-03 12:30:00,7,9,3,12,30,820,136,,,,Plein jour,Hors agglomération,Hors intersection,Normale,Sans collision,,,,,,,,,,,1,1,1,1,7
200700053340,0007-09-16 12:30:00,7,9,16,12,30,820,17,ROUTE DE TOULOUSE,43.88,1.256,Plein jour,En agglomération,Hors intersection,Normale,Deux véhicules - côté,,,,,,,,,,,1,2,1,1,3
200700053341,0007-09-26 14:00:00,7,9,26,14,0,820,75,41 rue darnaud bernard,43.83,1.29,Plein jour,En agglomération,Hors intersection,Normale,Deux véhicules - arrière,,,,,,,,,,,1,2,1,1,2
200700053342,0007-09-08 18:00:00,7,9,8,18,0,820,30,,44.012,1.084,Plein jour,Hors agglomération,Hors intersection,Normale,Trois véhicules et plus - collisions multiples,,,,,,,,,,,1,1,1,1,5
200700053343,0007-09-15 11:00:00,7,9,15,11,0,820,112,,44.303,1.097,Plein jour,Hors agglomération,Hors intersection,Normale,Trois véhicules et plus - en chaîne,,,,,,,,,,,1,1,1,1,4
200700053344,0007-09-09 10:45:00,7,9,9,10,45,820,5,,43.793,1.246,Plein jour,Hors agglomération,Hors intersection,Normale,Deux véhicules - côté,,,,,,,,,,,1,1,1,1,3
200700053345,0007-09-29 03:00:00,7,9,29,3,0,820,123,,43.907,1.267,Nuit sans éclairage public,Hors agglomération,Hors intersection,Normale,Autre collision,,,,,,,,,,,3,1,1,1,6
200700053346,0007-09-24 01:15:00,7,9,24,1,15,820,141,,,,Nuit sans éclairage public,Hors agglomération,Hors intersection,Normale,Autre collision,,,,,,,,,,,3,1,1,1,6
200700053347,0007-09-06 18:30:00,7,9,6,18,30,690,285,,,,Plein jour,Hors agglomération,Hors intersection,Normale,Deux véhicules - frontale,,,,,,,,,,,1,1,1,1,1
200700053348,0007-09-21 09:15:00,7,9,21,9,15,690,277,,,,Plein jour,Hors agglomération,Hors intersection,Normale,Deux véhicules - côté,,,,,,,,,,,1,1,1,1,3
200700053349,0007-09-09 02:30:00,7,9,9,2,30,690,191,ROUTE DE LYON,,,Nuit avec éclairage allumé,En agglomération,Hors intersection,Normale,Deux véhicules - frontale,,,,,,,,,,,5,2,1,1,1
200700053350,0007-09-19 17:00:00,7,9,19,17,0,690,40,61 Avenue LANESSAN,,,Plein jour,En agglomération,Autre intersection,Normale,Autre collision,,,,,,,,,,,1,2,9,1,6
200700053351,0007-09-21 17:00:00,7,9,21,17,0,690,116,,,,Plein jour,Hors agglomération,Hors intersection,Normale,Deux véhicules - frontale,,,,,,,,,,,1,1,1,1,1
200700053352,0007-09-28 16:30:00,7,9,28,16,30,690,163,,,,Plein jour,Hors agglomération,Hors intersection,Normale,Autre collision,,,,,,,,,,,1,1,1,1,6
200700053353,0007-09-29 22:00:00,7,9,29,22,0,690,278,Route de Trévoux,,,Nuit avec éclairage non allumé,En agglomération,Hors intersection,Pluie forte,Autre collision,,,,,,,,,,,4,2,1,3,6
200700053354,0007-09-12 16:30:00,7,9,12,16,30,690,204,6 place jaboulay,,,Plein jour,En agglomération,Hors intersection,Normale,Autre collision,,,,,,,,,,,1,2,1,1,6
200700053355,0007-09-19 18:00:00,7,9,19,18,0,690,204,,,,Plein jour,Hors agglomération,Hors intersection,Normale,Autre collision,,,,,,,,,,,1,1,1,1,6
200700053356,0007-09-12 18:00:00,7,9,12,18,0,690,289,,,,Plein jour,Hors agglomération,Hors intersection,Normale,Deux véhicules - arrière,,,,,,,,,,,1,1,1,1,2
200700053357,0007-09-17 13:00:00,7,9,17,13,0,690,288,Rue Maurice Ravel,,,Plein jour,En agglomération,Hors intersection,Normale,Deux véhicules - côté,,,,,,,,,,,1,2,1,1,3
200700053358,0007-09-17 17:15:00,7,9,17,17,15,690,288,,,,Plein jour,Hors agglomération,Hors intersection,Normale,Deux véhicules - côté,,,,,,,,,,,1,1,1,1,3
200700053359,0007-09-19 19:00:00,7,9,19,19,0,690,287,,,,Plein jour,Hors agglomération,Hors intersection,Normale,Deux véhicules - côté,,,,,,,,,,,1,1,1,1,3
200700053360,0007-09-02 11:00:00,7,9,2,11,0,690,83,Route d'Eveux,,,Plein jour,En agglomération,Hors intersection,Normale,Autre collision,,,,,,,,,,,1,2,1,1,6
200700053361,0007-09-08 16:30:00,7,9,8,16,30,690,10,"143, route de Paris",,,Plein jour,En agglomération,Hors intersection,Normale,Deux véhicules - frontale,,,,,,,,,,,1,2,1,1,1
200700053362,0007-09-30 22:45:00,7,9,30,22,45,690,112,,,,Nuit sans éclairage public,Hors agglomération,Hors intersection,Normale,Deux véhicules - frontale,,,,,,,,,,,3,1,1,1,1
200700053363,0007-09-26 17:30:00,7,9,26,17,30,690,203,,,,Plein jour,Hors agglomération,Hors intersection,Temps couvert,Deux véhicules - frontale,,,,,,,,,,,1,1,1,8,1
200700053364,0007-09-06 19:30:00,7,9,6,19,30,690,238,Rue de Givors,,,Plein jour,En agglomération,Hors intersection,Normale,Autre collision,,,,,,,,,,,1,2,1,1,6
200700053365,0007-09-22 05:30:00,7,9,22,5,30,690,227,,,,Nuit sans éclairage public,Hors agglomération,Hors intersection,Normale,Sans collision,,,,,,,,,,,3,1,1,1,7
200700053366,0007-09-26 14:00:00,7,9,26,14,0,690,227,,,,Plein jour,Hors agglomération,Hors intersection,Pluie légère,Autre collision,,,,,,,,,,,1,1,1,2,6
200700053367,0007-09-29 23:00:00,7,9,29,23,0,690,95,,,,Nuit sans éclairage public,Hors agglomération,Hors intersection,Pluie légère,Autre collision,,,,,,,,,,,3,1,1,2,6
200700053368,0007-09-08 18:45:00,7,9,8,18,45,690,255,CD 50 rue de Lyon,45.74,4.67,Plein jour,En agglomération,Hors intersection,Normale,Sans collision,,,,,,,,,,,1,2,1,1,7
200700053369,0007-09-13 12:00:00,7,9,13,12,0,690,249,,,,Plein jour,Hors agglomération,Hors intersection,Normale,Sans collision,,,,,,,,,,,1,1,1,1,7
200700053370,0007-09-17 14:45:00,7,9,17,14,45,690,190,Rue des combattants,,,Plein jour,En agglomération,Hors intersection,Normale,Autre collision,,,,,,,,,,,1,2,1,1,6
200700053371,0007-09-13 19:00:00,7,9,13,19,0,690,28,,,,Plein jour,Hors agglomération,Hors intersection,Normale,Autre collision,,,,,,,,,,,1,1,1,1,6
200700053372,0007-09-22 15:00:00,7,9,22,15,0,690,190,intersection CD 30  CD99,45.77,4.699,Plein jour,En agglomération,Hors intersection,Normale,Deux véhicules - frontale,,,,,,,,,,,1,2,1,1,1
200700053373,0007-09-25 09:00:00,7,9,25,9,0,690,255,,45.741,4.685,Plein jour,Hors agglomération,Hors intersection,Normale,Deux véhicules - côté,,,,,,,,,,,1,1,1,1,3
200700053374,0007-09-04 18:30:00,7,9,4,18,30,690,272,,,,Plein jour,Hors agglomération,Hors intersection,Normale,Deux véhicules - côté,,,,,,,,,,,1,1,1,1,3
200700053375,0007-09-22 17:30:00,7,9,22,17,30,690,295,CD 156,,,Plein jour,En agglomération,Place,Normale,Autre collision,,,,,,,,,,,1,2,7,1,6
200700053376,0007-09-26 11:00:00,7,9,26,11,0,690,276,AVENUE UPON BARTON,,,Plein jour,En agglomération,Hors intersection,Normale,Deux véhicules - côté,,,,,,,,,,,1,2,1,1,3
200700053377,0007-09-05 07:00:00,7,9,5,7,0,690,228,,,,Plein jour,Hors agglomération,Hors intersection,Normale,Deux véhicules - côté,,,,,,,,,,,1,1,1,1,3
200700053378,0007-09-13 18:15:00,7,9,13,18,15,690,176,,,,Plein jour,Hors agglomération,Hors intersection,Normale,Sans collision,,,,,,,,,,,1,1,1,1,7
200700053379,0007-09-08 18:45:00,7,9,8,18,45,690,172,,,,Plein jour,Hors agglomération,Hors intersection,Normale,Deux véhicules - frontale,,,,,,,,,,,1,1,1,1,1
200700053380,0007-09-15 10:45:00,7,9,15,10,45,690,105,Grand rue,,,Plein jour,En agglomération,Hors intersection,Normale,Deux véhicules - arrière,,,,,,,,,,,1,2,1,1,2
200700053381,0007-09-05 18:30:00,7,9,5,18,30,690,52,,,,Plein jour,Hors agglomération,Hors intersection,Normale,Sans collision,,,,,,,,,,,1,1,1,1,7
200700053382,0007-09-20 17:45:00,7,9,20,17,45,690,121,route de lyon,,,Plein jour,En agglomération,Hors intersection,Normale,Deux véhicules - côté,,,,,,,,,,,1,2,1,1,3
200700053383,0007-09-27 15:00:00,7,9,27,15,0,690,9,,,,Plein jour,Hors agglomération,Hors intersection,Pluie légère,Deux véhicules - frontale,,,,,,,,,,,1,1,1,2,1
200700053384,0007-09-14 00:01:00,7,9,14,0,1,690,162,,46.118,4.608,Nuit sans éclairage public,Hors agglomération,Hors intersection,Normale,Sans collision,,,,,,,,,,,3,1,1,1,7
200700053385,0007-09-03 12:00:00,7,9,3,12,0,690,36,,,,Plein jour,En agglomération,Hors intersection,Normale,Trois véhicules et plus - collisions multiples,,,,,,,,,,,1,2,1,1,5
200700053386,0007-09-04 09:30:00,7,9,4,9,30,690,218,lieu dit La Glacière,46.12,4.655,Plein jour,En agglomération,Hors intersection,Normale,Autre collision,,,,,,,,,,,1,2,1,1,6
200700053387,0007-09-04 17:45:00,7,9,4,17,45,690,197,,46.07,4.664,Plein jour,Hors agglomération,Hors intersection,Normale,Autre collision,,,,,,,,,,,1,1,1,1,6
200700053388,0007-09-14 21:15:00,7,9,14,21,15,690,19,Rue de la République,46.114,4.745,Nuit avec éclairage allumé,En agglomération,Hors intersection,Normale,Deux véhicules - côté,,,,,,,,,,,5,2,1,1,3
200700053389,0007-09-23 00:15:00,7,9,23,0,15,690,19,Chemin de l'abbaye,46.104,4.742,Nuit sans éclairage public,En agglomération,Hors intersection,Pluie légère,Autre collision,,,,,,,,,,,3,2,1,2,6
200700053390,0007-09-23 01:15:00,7,9,23,1,15,690,211,,46.132,4.74,Nuit sans éclairage public,Hors agglomération,Hors intersection,Pluie légère,Deux véhicules - arrière,,,,,,,,,,,3,1,1,2,2
200700053391,0007-09-27 14:45:00,7,9,27,14,45,690,211,,,,Plein jour,Hors agglomération,Autre intersection,Pluie forte,Deux véhicules - frontale,,,,,,,,,,,1,1,9,3,1
200700053392,0007-09-09 16:30:00,7,9,9,16,30,690,111,,,,Plein jour,Hors agglomération,Intersection en T,Normale,Deux véhicules - côté,,,,,,,,,,,1,1,3,1,3
200700053393,0007-09-27 07:30:00,7,9,27,7,30,690,169,,,,Crépuscule ou aube,Hors agglomération,Hors intersection,Pluie forte,Deux véhicules - côté,,,,,,,,,,,2,1,1,3,3
200700053394,0007-09-14 12:30:00,7,9,14,12,30,10,211,,,,Plein jour,Hors agglomération,Hors intersection,Normale,Deux véhicules - frontale,,,,,,,,,,,1,1,1,1,1
200700053395,0007-09-26 22:15:00,7,9,26,22,15,10,369,CD979 CHEMIN LA CHAGNE,,,Nuit avec éclairage allumé,En agglomération,Hors intersection,Normale,Deux véhicules - côté,,,,,,,,,,,5,2,1,1,3
200700053396,0007-09-02 14:15:00,7,9,2,14,15,10,72,Rue Jérôme LALANDE,,,Nuit avec éclairage allumé,En agglomération,Hors intersection,Normale,Sans collision,,,,,,,,,,,5,2,1,1,7
200700053397,0007-09-15 14:30:00,7,9,15,14,30,10,95,,,,Plein jour,Hors agglomération,Hors intersection,Normale,Deux véhicules - frontale,,,,,,,,,,,1,1,1,1,1
200700053398,0007-09-05 14:45:00,7,9,5,14,45,10,115,,,,Plein jour,Hors agglomération,Hors intersection,Normale,Autre collision,,,,,,,,,,,1,1,1,1,6
200700053399,0007-09-23 10:00:00,7,9,23,10,0,10,364,,,,Plein jour,Hors agglomération,Intersection en X,Normale,Deux véhicules - frontale,,,,,,,,,,,1,1,2,1,1
200700053400,0007-09-11 11:45:00,7,9,11,11,45,10,304,,,,Plein jour,Hors agglomération,Hors intersection,Normale,Deux véhicules - côté,,,,,,,,,,,1,1,1,1,3
200700053401,0007-09-25 07:30:00,7,9,25,7,30,10,304,,,,Plein jour,Hors agglomération,Autre intersection,Normale,Trois véhicules et plus - collisions multiples,,,,,,,,,,,1,1,9,1,5
200700053402,0007-09-25 06:45:00,7,9,25,6,45,10,338,,,,Crépuscule ou aube,Hors agglomération,Hors intersection,Pluie légère,Deux véhicules - frontale,,,,,,,,,,,2,1,1,2,1
200700053403,0007-09-27 09:30:00,7,9,27,9,30,10,66,,,,Plein jour,Hors agglomération,Hors intersection,Pluie légère,Sans collision,,,,,,,,,,,1,1,1,2,7
200700053404,0007-09-04 11:15:00,7,9,4,11,15,10,185,,,,Plein jour,Hors agglomération,Hors intersection,Normale,Sans collision,,,,,,,,,,,1,1,1,1,7
200700053405,0007-09-23 17:45:00,7,9,23,17,45,10,213,,,,Plein jour,Hors agglomération,Hors intersection,Normale,Deux véhicules - côté,,,,,,,,,,,1,1,1,1,3
200700053406,0007-09-29 19:45:00,7,9,29,19,45,10,8,,,,Nuit sans éclairage public,Hors agglomération,Intersection en X,Normale,Deux véhicules - côté,,,,,,,,,,,3,1,2,1,3
200700053407,0007-09-30 11:00:00,7,9,30,11,0,10,33,22 rue Joliot Curie,,,Plein jour,En agglomération,Autre intersection,Normale,Autre collision,,,,,,,,,,,1,2,9,1,6
200700053408,0007-09-29 10:00:00,7,9,29,10,0,10,436,,,,Plein jour,Hors agglomération,Hors intersection,Normale,Deux véhicules - frontale,,,,,,,,,,,1,1,1,1,1
200700053409,0007-09-08 06:45:00,7,9,8,6,45,10,354,,,,Plein jour,Hors agglomération,Giratoire,Normale,Autre collision,,,,,,,,,,,1,1,6,1,6
200700053410,0007-09-03 17:30:00,7,9,3,17,30,10,383,,,,Nuit sans éclairage public,Hors agglomération,Hors intersection,Normale,Deux véhicules - frontale,,,,,,,,,,,3,1,1,1,1
200700053411,0007-09-12 11:45:00,7,9,12,11,45,10,92,RD 984,,,Nuit avec éclairage allumé,En agglomération,Hors intersection,Normale,Autre collision,,,,,,,,,,,5,2,1,1,6
200700053412,0007-09-07 12:30:00,7,9,7,12,30,10,272,,,,Plein jour,En agglomération,Hors intersection,Normale,Deux véhicules - côté,,,,,,,,,,,1,2,1,1,3
200700053413,0007-09-14 00:45:00,7,9,14,0,45,10,412,,46.169,4.964,Nuit sans éclairage public,Hors agglomération,Intersection en X,Normale,Deux véhicules - côté,,,,,,,,,,,3,1,2,1,3
200700053414,0007-09-17 01:15:00,7,9,17,1,15,10,93,,,,Nuit sans éclairage public,Hors agglomération,Giratoire,Normale,Autre collision,,,,,,,,,,,3,1,6,1,6
200700053415,0007-09-23 15:30:00,7,9,23,15,30,10,113,,,,Plein jour,Hors agglomération,Intersection en X,Temps éblouissant,Deux véhicules - frontale,,,,,,,,,,,1,1,2,7,1
200700053416,0007-09-13 09:30:00,7,9,13,9,30,10,93,,,,Plein jour,Hors agglomération,Hors intersection,Normale,Sans collision,,,,,,,,,,,1,1,1,1,7
200700053417,0007-09-01 02:00:00,7,9,1,2,0,10,88,,45.89,5.22,Nuit sans éclairage public,Hors agglomération,Hors intersection,Normale,Autre collision,,,,,,,,,,,3,1,1,1,6
200700053418,0007-09-01 16:00:00,7,9,1,16,0,10,450,rue de la gare,,,Plein jour,En agglomération,Hors intersection,Normale,Deux véhicules - frontale,,,,,,,,,,,1,2,1,1,1
200700053419,0007-09-05 07:30:00,7,9,5,7,30,10,450,RUE DE LA GARE,,,Plein jour,En agglomération,Hors intersection,Normale,Deux véhicules - côté,,,,,,,,,,,1,2,1,1,3
200700053420,0007-09-14 18:15:00,7,9,14,18,15,10,244,,45.91,5.227,Plein jour,Hors agglomération,Hors intersection,Normale,Deux véhicules - côté,,,,,,,,,,,1,1,1,1,3
200700053421,0007-09-16 02:30:00,7,9,16,2,30,10,156,,45.925,5.132,Nuit sans éclairage public,Hors agglomération,Hors intersection,Normale,Autre collision,,,,,,,,,,,3,1,1,1,6
200700053422,0007-09-28 09:00:00,7,9,28,9,0,10,325,CHEMIN DE MORILLON,45.945,5.189,Nuit sans éclairage public,En agglomération,Hors intersection,Pluie légère,Deux véhicules - côté,,,,,,,,,,,3,2,1,2,3
200700053423,0007-09-12 18:45:00,7,9,12,18,45,10,105,,,,Plein jour,Hors agglomération,Hors intersection,Normale,Deux véhicules - arrière,,,,,,,,,,,1,1,1,1,2
200700053424,0007-09-06 20:15:00,7,9,6,20,15,10,258,,46.09,4.771,Crépuscule ou aube,Hors agglomération,Hors intersection,Normale,Deux véhicules - arrière,,,,,,,,,,,2,1,1,1,2
200700053425,0007-09-14 12:30:00,7,9,14,12,30,10,263,,46.091,4.77,Plein jour,Hors agglomération,Hors intersection,Normale,Deux véhicules - côté,,,,,,,,,,,1,1,1,1,3
200700053426,0007-09-14 21:00:00,7,9,14,21,0,10,393,,46.043,4.994,Nuit sans éclairage public,Hors agglomération,Hors intersection,Normale,Autre collision,,,,,,,,,,,3,1,1,1,6
200700053427,0007-09-14 18:30:00,7,9,14,18,30,10,263,,46.084,4.76,Plein jour,Hors agglomération,Hors intersection,Normale,Deux véhicules - frontale,,,,,,,,,,,1,1,1,1,1
200700053428,0007-09-17 20:00:00,7,9,17,20,0,10,167,,46.231,4.836,Nuit sans éclairage public,Hors agglomération,Hors intersection,Pluie forte,Autre collision,,,,,,,,,,,3,1,1,3,6
200700053429,0007-09-21 21:45:00,7,9,21,21,45,10,28,,46.115,4.906,Nuit avec éclairage allumé,Hors agglomération,Hors intersection,Normale,Autre collision,,,,,,,,,,,5,1,1,1,6
200700053430,0007-09-24 17:45:00,7,9,24,17,45,10,351,,46.15,4.885,Plein jour,Hors agglomération,Hors intersection,Normale,Sans collision,,,,,,,,,,,1,1,1,1,7
200700053431,0007-09-06 17:00:00,7,9,6,17,0,70,42,AVENUE DU MARECHAL JUIN,,,Plein jour,En agglomération,Hors intersection,Normale,Sans collision,,,,,,,,,,,1,2,1,1,7
200700053432,0007-09-09 17:00:00,7,9,9,17,0,70,319,,44.54,4.687,Plein jour,Hors agglomération,Intersection en Y,Normale,Deux véhicules - côté,,,,,,,,,,,1,1,4,1,3
200700053433,0007-09-18 18:30:00,7,9,18,18,30,70,191,,,,Plein jour,Hors agglomération,Hors intersection,Normale,Deux véhicules - côté,,,,,,,,,,,1,1,1,1,3
200700053434,0007-09-01 10:45:00,7,9,1,10,45,70,330,,44.418,4.374,Plein jour,Hors agglomération,Hors intersection,Normale,Deux véhicules - côté,,,,,,,,,,,1,1,1,1,3
200700053435,0007-09-22 11:30:00,7,9,22,11,30,70,101,,44.396,4.261,Plein jour,Hors agglomération,Hors intersection,Normale,Deux véhicules - arrière,,,,,,,,,,,1,1,1,1,2
200700053436,0007-09-18 08:45:00,7,9,18,8,45,70,197,,,,Plein jour,Hors agglomération,Hors intersection,Pluie forte,Deux véhicules - frontale,,,,,,,,,,,1,1,1,3,1
200700053437,0007-09-02 20:00:00,7,9,2,20,0,70,84,,,,Plein jour,Hors agglomération,Hors intersection,Normale,Sans collision,,,,,,,,,,,1,1,1,1,7
200700053438,0007-09-20 17:30:00,7,9,20,17,30,70,13,,45.18,4.736,Plein jour,Hors agglomération,Hors intersection,Normale,Sans collision,,,,,,,,,,,1,1,1,1,7
200700053439,0007-09-03 06:45:00,7,9,3,6,45,260,144,,44.751,4.888,Crépuscule ou aube,Hors agglomération,Hors intersection,Normale,Deux véhicules - arrière,,,,,,,,,,,2,1,1,1,2
200700053440,0007-09-21 11:00:00,7,9,21,11,0,260,208,,44.807,4.94,Plein jour,Hors agglomération,Intersection en X,Normale,Deux véhicules - côté,,,,,,,,,,,1,1,2,1,3
200700053441,0007-09-28 16:30:00,7,9,28,16,30,260,337,,,,Plein jour,Hors agglomération,Hors intersection,Normale,Autre collision,,,,,,,,,,,1,1,1,1,6
200700053442,0007-09-09 16:45:00,7,9,9,16,45,260,69,,44.825,5.392,Plein jour,Hors agglomération,Hors intersection,Normale,Autre collision,,,,,,,,,,,1,1,1,1,6
200700053443,0007-09-16 15:30:00,7,9,16,15,30,260,19,,44.697,5.283,Plein jour,Hors agglomération,Hors intersection,Normale,Autre collision,,,,,,,,,,,1,1,1,1,6
200700053444,0007-09-15 19:45:00,7,9,15,19,45,260,167,,44.624,5.443,Crépuscule ou aube,Hors agglomération,Hors intersection,Normale,Deux véhicules - côté,,,,,,,,,,,2,1,1,1,3