accident_id,datetime,annee,mois,jour,heure,minute,departement,commune_insee,adresse,latitude,longitude,luminosite,agglomeration,intersection,meteo,collision,nb_vehicules,nb_usagers,nb_indemnes,nb_tues,nb_blesses_hosp,nb_blesses_legers,age_cond_1,age_cond_2,veh_type_cond_1,veh_type_cond_2,lum_code,agg_code,int_code,atm_code,col_code
200700053445,0007-09-15 15:30:00,7,9,15,15,30,260,338,,44.578,4.836,Plein jour,Hors agglomération,Intersection en T,Normale,Deux véhicules - côté,,,,,,,,,,,1,1,3,1,3
200700053446,0007-09-10 19:00:00,7,9,10,19,0,260,235,,,,Plein jour,Hors agglomération,Hors intersection,Normale,Deux véhicules - côté,,,,,,,,,,,1,1,1,1,3
200700053447,0007-09-03 00:01:00,7,9,3,0,1,260,54,,,,Nuit sans éclairage public,Hors agglomération,Hors intersection,Normale,Trois véhicules et plus - collisions multiples,,,,,,,,,,,3,1,1,1,5
200700053448,0007-09-06 18:00:00,7,9,6,18,0,260,360,,44.42,4.8,Plein jour,Hors agglomération,Hors intersection,Normale,Trois véhicules et plus - collisions multiples,,,,,,,,,,,1,1,1,1,5
200700053449,0007-09-15 23:00:00,7,9,15,23,0,260,112,,44.396,5.21,Nuit sans éclairage public,Hors agglomération,Hors intersection,Normale,Sans collision,,,,,,,,,,,3,1,1,1,7
200700053450,0007-09-15 01:30:00,7,9,15,1,30,260,231,,,,Nuit sans éclairage public,Hors agglomération,Hors intersection,Normale,Sans collision,,,,,,,,,,,3,1,1,1,7
200700053451,0007-09-27 18:00:00,7,9,27,18,0,260,213,,45.325,5.012,Plein jour,Hors agglomération,Intersection en X,Pluie légère,Deux véhicules - côté,,,,,,,,,,,1,1,2,2,3
200700053452,0007-09-14 14:30:00,7,9,14,14,30,260,347,Avenue du président Roos,,,Plein jour,En agglomération,Hors intersection,Normale,Autre collision,,,,,,,,,,,1,2,1,1,6
200700053453,0007-09-14 19:15:00,7,9,14,19,15,380,206,,45.229,5.998,Plein jour,Hors agglomération,Hors intersection,Normale,Autre collision,,,,,,,,,,,1,1,1,1,6
200700053454,0007-09-25 21:00:00,7,9,25,21,0,380,422,,,,Nuit avec éclairage allumé,Hors agglomération,Hors intersection,Pluie légère,Deux véhicules - frontale,,,,,,,,,,,5,1,1,2,1
200700053455,0007-09-29 11:45:00,7,9,29,11,45,380,350,,,,Plein jour,En agglomération,Hors intersection,Normale,Deux véhicules - arrière,,,,,,,,,,,1,2,1,1,2
200700053456,0007-09-22 14:00:00,7,9,22,14,0,380,158,av jean jaurès,,,Plein jour,En agglomération,Hors intersection,Normale,Deux véhicules - côté,,,,,,,,,,,1,2,1,1,3
200700053457,0007-09-01 17:30:00,7,9,1,17,30,380,317,ROND POINT PAPETTERIE,45.117,5.707,Plein jour,En agglomération,Giratoire,Normale,Deux véhicules - frontale,,,,,,,,,,,1,2,6,1,1
200700053458,0007-09-07 22:00:00,7,9,7,22,0,380,314,rue des Alpes,,,Nuit avec éclairage allumé,En agglomération,Hors intersection,Normale,Deux véhicules - côté,,,,,,,,,,,5,2,1,1,3
200700053459,0007-09-28 17:45:00,7,9,28,17,45,380,314,,,,Plein jour,Hors agglomération,Hors intersection,Temps couvert,Sans collision,,,,,,,,,,,1,1,1,8,7
200700053460,0007-09-30 19:30:00,7,9,30,19,30,380,439,RUE DE FANTON,,,Plein jour,En agglomération,Hors intersection,Normale,Deux véhicules - frontale,,,,,,,,,,,1,2,1,1,1
200700053461,0007-09-14 14:30:00,7,9,14,14,30,380,382,avenue de San Marino,45.244,5.666,Plein jour,En agglomération,Hors intersection,Normale,Deux véhicules - frontale,,,,,,,,,,,1,2,1,1,1
200700053462,0007-09-16 17:00:00,7,9,16,17,0,380,511,,,,Plein jour,Hors agglomération,Hors intersection,Normale,Deux véhicules - frontale,,,,,,,,,,,1,1,1,1,1
200700053463,0007-09-28 23:15:00,7,9,28,23,15,380,140,811 rue Belledonne,,,Nuit avec éclairage allumé,En agglomération,Hors intersection,Normale,Autre collision,,,,,,,,,,,5,2,1,1,6
200700053464,0007-09-21 13:30:00,7,9,21,13,30,380,407,,45.35,5.668,Plein jour,Hors agglomération,Hors intersection,Normale,Sans collision,,,,,,,,,,,1,1,1,1,7
200700053465,0007-09-28 12:30:00,7,9,28,12,30,380,565,Rue de la gare,45.296,5.631,Plein jour,En agglomération,Hors intersection,Pluie légère,Deux véhicules - arrière,,,,,,,,,,,1,2,1,2,2
200700053466,0007-09-30 16:30:00,7,9,30,16,30,380,565,,45.312,5.623,Plein jour,Hors agglomération,Hors intersection,Normale,Deux véhicules - frontale,,,,,,,,,,,1,1,1,1,1
200700053467,0007-09-01 18:00:00,7,9,1,18,0,380,207,,45.013,5.875,Plein jour,Hors agglomération,Hors intersection,Normale,Sans collision,,,,,,,,,,,1,1,1,1,7
200700053468,0007-09-19 16:00:00,7,9,19,16,0,380,403,,44.877,5.782,Plein jour,Hors agglomération,Hors intersection,Normale,Sans collision,,,,,,,,,,,1,1,1,1,7
200700053469,0007-09-26 17:30:00,7,9,26,17,30,380,562,,45.055,5.789,Plein jour,Hors agglomération,Hors intersection,Pluie forte,Deux véhicules - frontale,,,,,,,,,,,1,1,1,3,1
200700053470,0007-09-05 17:00:00,7,9,5,17,0,380,463,,45.195,5.348,Plein jour,Hors agglomération,Hors intersection,Normale,Trois véhicules et plus - collisions multiples,,,,,,,,,,,1,1,1,1,5
200700053471,0007-09-17 13:15:00,7,9,17,13,15,380,409,,,,Plein jour,Hors agglomération,Hors intersection,Normale,Deux véhicules - côté,,,,,,,,,,,1,1,1,1,3
200700053472,0007-09-18 11:30:00,7,9,18,11,30,380,95,,,,Plein jour,Hors agglomération,Hors intersection,Pluie légère,Deux véhicules - côté,,,,,,,,,,,1,1,1,2,3
200700053473,0007-09-04 14:00:00,7,9,4,14,0,380,337,rue de la république,45.353,5.503,Plein jour,En agglomération,Hors intersection,Normale,Deux véhicules - arrière,,,,,,,,,,,1,2,1,1,2
200700053474,0007-09-19 06:45:00,7,9,19,6,45,380,337,678 av Ch de Gaule,45.361,5.494,Nuit avec éclairage allumé,En agglomération,Hors intersection,Normale,Deux véhicules - frontale,,,,,,,,,,,5,2,1,1,1
200700053475,0007-09-23 03:00:00,7,9,23,3,0,380,30,,45.355,5.461,Nuit sans éclairage public,Hors agglomération,Hors intersection,Normale,Sans collision,,,,,,,,,,,3,1,1,1,7
200700053476,0007-09-27 11:45:00,7,9,27,11,45,380,337,route des bruyères,45.355,5.513,Plein jour,En agglomération,Autre intersection,Pluie légère,Deux véhicules - frontale,,,,,,,,,,,1,2,9,2,1
200700053477,0007-09-03 15:30:00,7,9,3,15,30,380,450,,,,Plein jour,Hors agglomération,Hors intersection,Normale,Deux véhicules - frontale,,,,,,,,,,,1,1,1,1,1
200700053478,0007-09-03 17:30:00,7,9,3,17,30,380,276,avenue des mûriers,,,Plein jour,En agglomération,Hors intersection,Normale,Deux véhicules - frontale,,,,,,,,,,,1,2,1,1,1
200700053479,0007-09-11 19:15:00,7,9,11,19,15,380,230,,45.564,5.286,Plein jour,Hors agglomération,Hors intersection,Normale,Autre collision,,,,,,,,,,,1,1,1,1,6
200700053480,0007-09-18 12:30:00,7,9,18,12,30,380,156,,45.536,5.308,Plein jour,Hors agglomération,Hors intersection,Pluie légère,Autre collision,,,,,,,,,,,1,1,1,2,6
200700053481,0007-09-19 16:15:00,7,9,19,16,15,380,455,,45.633,5.291,Plein jour,Hors agglomération,Hors intersection,Normale,Deux véhicules - arrière,,,,,,,,,,,1,1,1,1,2
200700053482,0007-09-18 08:45:00,7,9,18,8,45,380,494,,,,Plein jour,Hors agglomération,Hors intersection,Pluie légère,Deux véhicules - côté,,,,,,,,,,,1,1,1,2,3
200700053483,0007-09-09 07:00:00,7,9,9,7,0,380,305,,45.478,5.508,Crépuscule ou aube,Hors agglomération,Hors intersection,Brouillard / fumée,Autre collision,,,,,,,,,,,2,1,1,5,6
200700053484,0007-09-10 16:45:00,7,9,10,16,45,380,43,,,,Plein jour,Hors agglomération,Hors intersection,Normale,Deux véhicules - arrière,,,,,,,,,,,1,1,1,1,2
200700053485,0007-09-02 18:00:00,7,9,2,18,0,380,539,,45.878,5.355,Plein jour,Hors agglomération,Hors intersection,Normale,Autre collision,,,,,,,,,,,1,1,1,1,6
200700053486,0007-09-15 09:30:00,7,9,15,9,30,380,26,,45.867,5.344,Nuit sans éclairage public,Hors agglomération,Hors intersection,Normale,Sans collision,,,,,,,,,,,3,1,1,1,7
200700053487,0007-09-17 16:45:00,7,9,17,16,45,440,209,Rue de la Rinçais,47.329,-1.601,Plein jour,En agglomération,Hors intersection,Pluie légère,Deux véhicules - arrière,,,,,,,,,,,1,2,1,2,2
200700053488,0007-09-02 16:00:00,7,9,2,16,0,380,484,,45.559,4.918,Plein jour,Hors agglomération,Hors intersection,Normale,Autre collision,,,,,,,,,,,1,1,1,1,6
200700053489,0007-09-15 18:00:00,7,9,15,18,0,380,110,,,,Plein jour,Hors agglomération,Hors intersection,Normale,Deux véhicules - frontale,,,,,,,,,,,1,1,1,1,1
200700053490,0007-09-27 16:15:00,7,9,27,16,15,380,336,,,,Plein jour,Hors agglomération,Hors intersection,Normale,Deux véhicules - côté,,,,,,,,,,,1,1,1,1,3
200700053491,0007-09-10 06:45:00,7,9,10,6,45,380,288,,,,Crépuscule ou aube,Hors agglomération,Hors intersection,Normale,Autre collision,,,,,,,,,,,2,1,1,1,6
200700053492,0007-09-13 10:30:00,7,9,13,10,30,380,556,,45.37,4.856,Plein jour,Hors agglomération,Hors intersection,Normale,Deux véhicules - arrière,,,,,,,,,,,1,1,1,1,2
200700053493,0007-09-20 13:30:00,7,9,20,13,30,380,349,,45.357,4.79,Plein jour,Hors agglomération,Hors intersection,Normale,Sans collision,,,,,,,,,,,1,1,1,1,7
200700053494,0007-09-16 06:00:00,7,9,16,6,0,380,449,,,,Crépuscule ou aube,Hors agglomération,Hors intersection,Normale,Deux véhicules - côté,,,,,,,,,,,2,1,1,1,3
200700053495,0007-09-26 06:30:00,7,9,26,6,30,380,449,,,,Nuit sans éclairage public,Hors agglomération,Hors intersection,Normale,Deux véhicules - frontale,,,,,,,,,,,3,1,1,1,1
200700053496,0007-09-28 19:30:00,7,9,28,19,30,380,537,rue du stade,,,Crépuscule ou aube,En agglomération,Hors intersection,Normale,Deux véhicules - frontale,,,,,,,,,,,2,2,1,1,1
200700053497,0007-09-22 20:30:00,7,9,22,20,30,420,287,ROUTE DU TRACOL,,,Nuit avec éclairage allumé,En agglomération,Hors intersection,Normale,Autre collision,,,,,,,,,,,5,2,1,1,6
200700053498,0007-09-04 07:15:00,7,9,4,7,15,420,97,,,,Plein jour,Hors agglomération,Hors intersection,Normale,Deux véhicules - frontale,,,,,,,,,,,1,1,1,1,1
200700053499,0007-09-02 18:30:00,7,9,2,18,30,420,5,rue du vivier,,,Plein jour,En agglomération,Hors intersection,Normale,Deux véhicules - côté,,,,,,,,,,,1,2,1,1,3
200700053500,0007-09-16 18:15:00,7,9,16,18,15,420,304,la devala,45.537,4.179,Plein jour,En agglomération,Hors intersection,Normale,Trois véhicules et plus - collisions multiples,,,,,,,,,,,1,2,1,1,5
200700053501,0007-09-05 16:00:00,7,9,5,16,0,420,219,,,,Plein jour,Hors agglomération,Hors intersection,Normale,Deux véhicules - frontale,,,,,,,,,,,1,1,1,1,1
200700053502,0007-09-15 17:45:00,7,9,15,17,45,420,288,LIEU DIT LA FABRIQUE,,,Plein jour,En agglomération,Hors intersection,Normale,Deux véhicules - arrière,,,,,,,,,,,1,2,1,1,2
200700053503,0007-09-26 16:30:00,7,9,26,16,30,420,295,,,,Plein jour,Hors agglomération,Hors intersection,Pluie forte,Deux véhicules - côté,,,,,,,,,,,1,1,1,3,3
200700053504,0007-09-29 18:30:00,7,9,29,18,30,420,291,LE BOURG,45.82,3.874,Plein jour,En agglomération,Hors intersection,Normale,Trois véhicules et plus - collisions multiples,,,,,,,,,,,1,2,1,1,5
200700053505,0007-09-15 16:45:00,7,9,15,16,45,420,296,,45.736,4.304,Plein jour,Hors agglomération,Hors intersection,Normale,Autre collision,,,,,,,,,,,1,1,1,1,6
200700053506,0007-09-30 14:30:00,7,9,30,14,30,420,88,,45.803,4.208,Plein jour,Hors agglomération,Hors intersection,Normale,Sans collision,,,,,,,,,,,1,1,1,1,7
200700053507,0007-09-18 06:00:00,7,9,18,6,0,420,192,,45.384,4.113,Crépuscule ou aube,Hors agglomération,Hors intersection,Brouillard / fumée,Deux véhicules - côté,,,,,,,,,,,2,1,1,5,3
200700053508,0007-09-10 17:15:00,7,9,10,17,15,420,323,,45.561,4.324,Plein jour,Hors agglomération,Hors intersection,Normale,Deux véhicules - côté,,,,,,,,,,,1,1,1,1,3
200700053509,0007-09-01 05:00:00,7,9,1,5,0,420,338,RD482,46.112,4.115,Nuit avec éclairage allumé,En agglomération,Hors intersection,Normale,Sans collision,,,,,,,,,,,5,2,1,1,7
200700053510,0007-09-16 17:15:00,7,9,16,17,15,420,128,,,,Plein jour,Hors agglomération,Hors intersection,Normale,Deux véhicules - frontale,,,,,,,,,,,1,1,1,1,1
200700053511,0007-09-24 16:15:00,7,9,24,16,15,420,11,,,,Plein jour,Hors agglomération,Intersection en T,Normale,Deux véhicules - côté,,,,,,,,,,,1,1,3,1,3
200700053512,0007-09-28 17:45:00,7,9,28,17,45,420,277,,45.922,4.329,Plein jour,Hors agglomération,Hors intersection,Normale,Sans collision,,,,,,,,,,,1,1,1,1,7
200700053513,0007-09-28 20:45:00,7,9,28,20,45,730,85,,45.833,5.823,Nuit sans éclairage public,Hors agglomération,Hors intersection,Normale,Autre collision,,,,,,,,,,,3,1,1,1,6
200700053514,0007-09-08 14:30:00,7,9,8,14,30,730,330,,45.708,5.77,Plein jour,Hors agglomération,Hors intersection,Normale,Autre collision,,,,,,,,,,,1,1,1,1,6
200700053515,0007-09-10 16:45:00,7,9,10,16,45,730,51,lieu dit Les Ravoires,45.654,5.854,Plein jour,En agglomération,Hors intersection,Normale,Deux véhicules - frontale,,,,,,,,,,,1,2,1,1,1
200700053516,0007-09-13 08:00:00,7,9,13,8,0,730,50,,45.667,5.85,Plein jour,Hors agglomération,Hors intersection,Normale,Deux véhicules - frontale,,,,,,,,,,,1,1,1,1,1
200700053517,0007-09-12 15:45:00,7,9,12,15,45,730,100,intersection D38 - D36,45.547,5.703,Plein jour,En agglomération,Hors intersection,Normale,Deux véhicules - côté,,,,,,,,,,,1,2,1,1,3
200700053518,0007-09-24 08:30:00,7,9,24,8,30,730,58,,45.533,5.722,Plein jour,Hors agglomération,Hors intersection,Normale,Deux véhicules - frontale,,,,,,,,,,,1,1,1,1,1
200700053519,0007-09-25 17:00:00,7,9,25,17,0,730,58,D921E,,,Plein jour,En agglomération,Hors intersection,Normale,Deux véhicules - côté,,,,,,,,,,,1,2,1,1,3
200700053520,0007-09-02 15:15:00,7,9,2,15,15,730,215,RD925 / rue du 19 MARS,45.467,6.115,Plein jour,En agglomération,Intersection en X,Normale,Deux véhicules - côté,,,,,,,,,,,1,2,2,1,3
200700053521,0007-09-08 02:15:00,7,9,8,2,15,730,303,,45.76,6.39,Nuit sans éclairage public,Hors agglomération,Hors intersection,Normale,Sans collision,,,,,,,,,,,3,1,1,1,7
200700053522,0007-09-03 18:00:00,7,9,3,18,0,730,232,,,,Plein jour,Hors agglomération,Hors intersection,Normale,Autre collision,,,,,,,,,,,1,1,1,1,6
200700053523,0007-09-07 12:00:00,7,9,7,12,0,730,285,,,,Plein jour,Hors agglomération,Hors intersection,Normale,Sans collision,,,,,,,,,,,1,1,1,1,7
200700053524,0007-09-11 14:45:00,7,9,11,14,45,730,285,,,,Plein jour,En agglomération,Hors intersection,Normale,Deux véhicules - arrière,,,,,,,,,,,1,2,1,1,2
200700053525,0007-09-23 10:45:00,7,9,23,10,45,730,176,,,,Plein jour,Hors agglomération,Hors intersection,Normale,Autre collision,,,,,,,,,,,1,1,1,1,6
200700053526,0007-09-14 10:15:00,7,9,14,10,15,730,227,RUE DU PLANTRET,,,Plein jour,En agglomération,Giratoire,Normale,Autre collision,,,,,,,,,,,1,2,6,1,6
200700053527,0007-09-11 15:00:00,7,9,11,15,0,730,261,Grande Rue,45.225,6.461,Plein jour,En agglomération,Hors intersection,Temps éblouissant,Autre collision,,,,,,,,,,,1,2,1,7,6
200700053528,0007-09-12 11:30:00,7,9,12,11,30,730,306,,45.169,6.436,Plein jour,Hors agglomération,Hors intersection,Normale,Sans collision,,,,,,,,,,,1,1,1,1,7
200700053529,0007-09-18 12:15:00,7,9,18,12,15,730,194,,45.212,6.559,Plein jour,Hors agglomération,Hors intersection,Temps couvert,Deux véhicules - côté,,,,,,,,,,,1,1,1,8,3
200700053530,0007-09-19 23:00:00,7,9,19,23,0,730,248,,45.244,6.318,Nuit sans éclairage public,Hors agglomération,Hors intersection,Normale,Autre collision,,,,,,,,,,,3,1,1,1,6
200700053531,0007-09-07 23:15:00,7,9,7,23,15,730,255,,45.326,6.321,Nuit sans éclairage public,Hors agglomération,Hors intersection,Normale,Deux véhicules - frontale,,,,,,,,,,,3,1,1,1,1
200700053532,0007-09-04 11:15:00,7,9,4,11,15,730,287,,,,Plein jour,Hors agglomération,Hors intersection,Normale,Deux véhicules - frontale,,,,,,,,,,,1,1,1,1,1
200700053533,0007-09-07 17:45:00,7,9,7,17,45,730,143,,45.227,6.97,Plein jour,Hors agglomération,Hors intersection,Normale,Trois véhicules et plus - collisions multiples,,,,,,,,,,,1,1,1,1,5
200700053534,0007-09-13 20:00:00,7,9,13,20,0,730,157,,,,Plein jour,Hors agglomération,Hors intersection,Normale,Autre collision,,,,,,,,,,,1,1,1,1,6
200700053535,0007-09-15 19:45:00,7,9,15,19,45,730,223,,45.205,6.596,Plein jour,Hors agglomération,Hors intersection,Normale,Deux véhicules - côté,,,,,,,,,,,1,1,1,1,3
200700053536,0007-09-08 00:45:00,7,9,8,0,45,740,182,,45.921,6.086,Nuit sans éclairage public,Hors agglomération,Hors intersection,Normale,Sans collision,,,,,,,,,,,3,1,1,1,7
200700053537,0007-09-06 09:00:00,7,9,6,9,0,740,35,RD 240,45.825,5.936,Plein jour,En agglomération,Intersection en T,Normale,Deux véhicules - arrière,,,,,,,,,,,1,2,3,1,2
200700053538,0007-09-07 12:00:00,7,9,7,12,0,740,165,Les Echottiers,45.836,5.98,Plein jour,En agglomération,Hors intersection,Normale,Autre collision,,,,,,,,,,,1,2,1,1,6
200700053539,0007-09-09 21:15:00,7,9,9,21,15,740,255,chemin communal du cimet,45.878,5.958,Nuit sans éclairage public,En agglomération,Hors intersection,Normale,Autre collision,,,,,,,,,,,3,2,1,1,6
200700053540,0007-09-18 21:00:00,7,9,18,21,0,740,97,,45.738,5.964,Nuit sans éclairage public,Hors agglomération,Hors intersection,Normale,Autre collision,,,,,,,,,,,3,1,1,1,6
200700053541,0007-09-14 07:15:00,7,9,14,7,15,740,274,,45.937,5.888,Crépuscule ou aube,Hors agglomération,Hors intersection,Normale,Deux véhicules - frontale,,,,,,,,,,,2,1,1,1,1
200700053542,0007-09-02 08:00:00,7,9,2,8,0,740,79,,,,Plein jour,Hors agglomération,Hors intersection,Normale,Sans collision,,,,,,,,,,,1,1,1,1,7
200700053543,0007-09-08 08:45:00,7,9,8,8,45,740,79,,,,Plein jour,Hors agglomération,Hors intersection,Normale,Autre collision,,,,,,,,,,,1,1,1,1,6
200700053544,0007-09-10 14:00:00,7,9,10,14,0,740,280,,,,Plein jour,Hors agglomération,Hors intersection,Normale,Deux véhicules - côté,,,,,,,,,,,1,1,1,1,3
200700053545,0007-09-12 19:30:00,7,9,12,19,30,740,239,,45.921,6.42,Plein jour,Hors agglomération,Hors intersection,Normale,Trois véhicules et plus - collisions multiples,,,,,,,,,,,1,1,1,1,5
200700053546,0007-09-15 14:15:00,7,9,15,14,15,740,102,,,,Plein jour,Hors agglomération,Hors intersection,Normale,Sans collision,,,,,,,,,,,1,1,1,1,7
200700053547,0007-09-29 19:30:00,7,9,29,19,30,740,24,,46.081,6.428,Nuit sans éclairage public,Hors agglomération,Hors intersection,Normale,Autre collision,,,,,,,,,,,3,1,1,1,6
200700053548,0007-09-01 17:00:00,7,9,1,17,0,740,14,,,,Plein jour,Hors agglomération,Hors intersection,Normale,Sans collision,,,,,,,,,,,1,1,1,1,7
200700053549,0007-09-14 18:45:00,7,9,14,18,45,740,215,RD1212,,,Plein jour,En agglomération,Hors intersection,Normale,Deux véhicules - frontale,,,,,,,,,,,1,2,1,1,1
200700053550,0007-09-15 14:30:00,7,9,15,14,30,740,236,RUE DU STADE,,,Plein jour,En agglomération,Hors intersection,Normale,Deux véhicules - frontale,,,,,,,,,,,1,2,1,1,1
200700053551,0007-09-23 10:00:00,7,9,23,10,0,740,83,,,,Plein jour,Hors agglomération,Hors intersection,Normale,Deux véhicules - frontale,,,,,,,,,,,1,1,1,1,1
200700053552,0007-09-14 18:15:00,7,9,14,18,15,740,116,,,,Plein jour,Hors agglomération,Hors intersection,Temps éblouissant,Sans collision,,,,,,,,,,,1,1,1,7,7
200700053553,0007-09-20 19:00:00,7,9,20,19,0,740,250,,46.039,6.384,Plein jour,Hors agglomération,Hors intersection,Normale,Trois véhicules et plus - collisions multiples,,,,,,,,,,,1,1,1,1,5
200700053554,0007-09-28 08:30:00,7,9,28,8,30,740,116,,,,Plein jour,Hors agglomération,Hors intersection,Pluie légère,Deux véhicules - frontale,,,,,,,,,,,1,1,1,2,1
200700053555,0007-09-10 17:00:00,7,9,10,17,0,740,256,,45.924,6.636,Plein jour,Hors agglomération,Hors intersection,Normale,Deux véhicules - frontale,,,,,,,,,,,1,1,1,1,1
200700053556,0007-09-27 20:15:00,7,9,27,20,15,740,256,,,,Nuit sans éclairage public,Hors agglomération,Hors intersection,Normale,Autre collision,,,,,,,,,,,3,1,1,1,6
200700053557,0007-09-20 07:30:00,7,9,20,7,30,740,276,Rue de la Gare,46.112,6.591,Plein jour,En agglomération,Hors intersection,Normale,Autre collision,,,,,,,,,,,1,2,1,1,6
200700053558,0007-09-04 11:50:00,7,9,4,11,50,740,21,route de pont notre dame,46.164,6.262,Plein jour,En agglomération,Hors intersection,Normale,Deux véhicules - frontale,,,,,,,,,,,1,2,1,1,1
200700053559,0007-09-08 10:30:00,7,9,8,10,30,740,128,,,,Plein jour,Hors agglomération,Hors intersection,Normale,Autre collision,,,,,,,,,,,1,1,1,1,6
200700053560,0007-09-17 14:45:00,7,9,17,14,45,740,128,,46.168,6.366,Plein jour,Hors agglomération,Hors intersection,Normale,Deux véhicules - côté,,,,,,,,,,,1,1,1,1,3
200700053561,0007-09-27 11:00:00,7,9,27,11,0,740,128,,46.183,6.372,Plein jour,Hors agglomération,Hors intersection,Temps couvert,Deux véhicules - côté,,,,,,,,,,,1,1,1,8,3
200700053562,0007-09-16 18:30:00,7,9,16,18,30,740,94,,46.207,6.291,Plein jour,Hors agglomération,Autre intersection,Normale,Trois véhicules et plus - en chaîne,,,,,,,,,,,1,1,9,1,4
200700053563,0007-09-08 14:15:00,7,9,8,14,15,740,309,,,,Nuit sans éclairage public,Hors agglomération,Hors intersection,Normale,Autre collision,,,,,,,,,,,3,1,1,1,6
200700053564,0007-09-26 18:30:00,7,9,26,18,30,740,96,,,,Plein jour,Hors agglomération,Hors intersection,Normale,Deux véhicules - côté,,,,,,,,,,,1,1,1,1,3
200700053565,0007-09-28 08:45:00,7,9,28,8,45,740,269,,,,Plein jour,Hors agglomération,Hors intersection,Normale,Deux véhicules - frontale,,,,,,,,,,,1,1,1,1,1
200700053566,0007-09-28 22:45:00,7,9,28,22,45,740,71,,46.036,5.902,Nuit sans éclairage public,Hors agglomération,Hors intersection,Normale,Deux véhicules - frontale,,,,,,,,,,,3,1,1,1,1
200700053567,0007-09-03 18:30:00,7,9,3,18,30,740,5,,46.328,6.445,Plein jour,Hors agglomération,Hors intersection,Normale,Deux véhicules - côté,,,,,,,,,,,1,1,1,1,3
200700053568,0007-09-15 21:15:00,7,9,15,21,15,740,43,CD 1,46.277,6.345,Nuit sans éclairage public,Hors agglomération,Hors intersection,Normale,Autre collision,,,,,,,,,,,3,1,1,1,6
200700053569,0007-09-24 22:30:00,7,9,24,22,30,740,263,bonnatrait,,,Nuit avec éclairage allumé,En agglomération,Hors intersection,Pluie légère,Deux véhicules - arrière,,,,,,,,,,,5,2,1,2,2
200700053570,0007-09-29 21:30:00,7,9,29,21,30,740,263,,46.339,6.365,Nuit sans éclairage public,Hors agglomération,Hors intersection,Pluie légère,Autre collision,,,,,,,,,,,3,1,1,2,6
200700053571,0007-09-10 20:00:00,7,9,10,20,0,740,63,Route des Freinets,,,Plein jour,En agglomération,Hors intersection,Normale,Autre collision,,,,,,,,,,,1,2,1,1,6
200700053572,0007-09-11 18:15:00,7,9,11,18,15,740,222,,46.316,6.567,Plein jour,Hors agglomération,Hors intersection,Normale,Deux véhicules - frontale,,,,,,,,,,,1,1,1,1,1
200700053573,0007-09-15 11:30:00,7,9,15,11,30,740,127,,,,Plein jour,Hors agglomération,Hors intersection,Normale,Autre collision,,,,,,,,,,,1,1,1,1,6
200700053574,0007-09-05 23:00:00,7,9,5,23,0,630,40,,,,Nuit avec éclairage allumé,En agglomération,Hors intersection,Normale,Autre collision,,,,,,,,,,,5,2,1,1,6
200700053575,0007-09-08 13:00:00,7,9,8,13,0,630,45,,45.772,3.452,Plein jour,Hors agglomération,Intersection en X,Normale,Deux véhicules - côté,,,,,,,,,,,1,1,2,1,3
200700053576,0007-09-29 23:45:00,7,9,29,23,45,630,189,,,,Nuit sans éclairage public,Hors agglomération,Hors intersection,Normale,Deux véhicules - frontale,,,,,,,,,,,3,1,1,1,1
200700053577,0007-09-28 08:45:00,7,9,28,8,45,630,417,,,,Plein jour,Hors agglomération,Hors intersection,Normale,Sans collision,,,,,,,,,,,1,1,1,1,7
200700053578,0007-09-02 06:30:00,7,9,2,6,30,630,386,Prades,45.74,2.81,Crépuscule ou aube,En agglomération,Hors intersection,Normale,Autre collision,,,,,,,,,,,2,2,1,1,6
200700053579,0007-09-02 21:45:00,7,9,2,21,45,630,188,,45.667,3.25,Nuit sans éclairage public,Hors agglomération,Hors intersection,Normale,Sans collision,,,,,,,,,,,3,1,1,1,7
200700053580,0007-09-07 19:00:00,7,9,7,19,0,630,262,,45.704,3.163,Plein jour,Hors agglomération,Intersection en X,Normale,Deux véhicules - côté,,,,,,,,,,,1,1,2,1,3
200700053581,0007-09-15 00:15:00,7,9,15,0,15,630,26,,45.69,3.0,Nuit sans éclairage public,En agglomération,Hors intersection,Normale,Autre collision,,,,,,,,,,,3,2,1,1,6
200700053582,0007-09-13 16:30:00,7,9,13,16,30,630,455,,45.691,3.173,Plein jour,Hors agglomération,Hors intersection,Normale,Deux véhicules - côté,,,,,,,,,,,1,1,1,1,3
200700053583,0007-09-02 15:45:00,7,9,2,15,45,630,139,,,,Plein jour,Hors agglomération,Hors intersection,Normale,Sans collision,,,,,,,,,,,1,1,1,1,7
200700053584,0007-09-05 23:45:00,7,9,5,23,45,630,3,AVENUE DE LA DORE,,,Nuit avec éclairage allumé,En agglomération,Hors intersection,Normale,Autre collision,,,,,,,,,,,5,2,1,1,6