accident_id,datetime,annee,mois,jour,heure,minute,departement,commune_insee,adresse,latitude,longitude,luminosite,agglomeration,intersection,meteo,collision,nb_vehicules,nb_usagers,nb_indemnes,nb_tues,nb_blesses_hosp,nb_blesses_legers,age_cond_1,age_cond_2,veh_type_cond_1,veh_type_cond_2,lum_code,agg_code,int_code,atm_code,col_code
200700053585,0007-09-01 19:45:00,7,9,1,19,45,630,268,rue des écoles,45.567,3.173,Plein jour,En agglomération,Intersection en T,Normale,Deux véhicules - côté,,,,,,,,,,,1,2,3,1,3
200700053586,0007-09-07 16:15:00,7,9,7,16,15,630,178,Boulevard BARRIERE,,,Plein jour,En agglomération,Hors intersection,Normale,Deux véhicules - côté,,,,,,,,,,,1,2,1,1,3
200700053587,0007-09-10 16:15:00,7,9,10,16,15,630,54,,,,Plein jour,Hors agglomération,Hors intersection,Normale,Autre collision,,,,,,,,,,,1,1,1,1,6
200700053588,0007-09-11 01:45:00,7,9,11,1,45,630,275,3 rue de l'orme,45.549,3.2,Nuit avec éclairage allumé,En agglomération,Hors intersection,Normale,Autre collision,,,,,,,,,,,5,2,1,1,6
200700053589,0007-09-14 14:30:00,7,9,14,14,30,630,117,,,,Plein jour,Hors agglomération,Place,Normale,Autre collision,,,,,,,,,,,1,1,7,1,6
200700053590,0007-09-14 11:30:00,7,9,14,11,30,630,22,rue germinal,,,Plein jour,En agglomération,Hors intersection,Normale,Autre collision,,,,,,,,,,,1,2,1,1,6
200700053591,0007-09-22 10:45:00,7,9,22,10,45,630,31,,45.465,3.299,Plein jour,Hors agglomération,Hors intersection,Normale,Deux véhicules - frontale,,,,,,,,,,,1,1,1,1,1
200700053592,0007-09-21 17:30:00,7,9,21,17,30,630,279,,45.464,2.799,Plein jour,Hors agglomération,Hors intersection,Normale,Trois véhicules et plus - collisions multiples,,,,,,,,,,,1,1,1,1,5
200700053593,0007-09-29 20:30:00,7,9,29,20,30,630,470,,,,Nuit sans éclairage public,Hors agglomération,Hors intersection,Pluie légère,Autre collision,,,,,,,,,,,3,1,1,2,6
200700053594,0007-09-21 07:00:00,7,9,21,7,0,630,424,CD210 PK20+978,45.938,3.255,Crépuscule ou aube,En agglomération,Hors intersection,Normale,Autre collision,,,,,,,,,,,2,2,1,1,6
200700053595,0007-09-14 12:45:00,7,9,14,12,45,630,89,,45.86,3.21,Plein jour,Hors agglomération,Hors intersection,Normale,Deux véhicules - frontale,,,,,,,,,,,1,1,1,1,1
200700053596,0007-09-28 10:45:00,7,9,28,10,45,630,338,RUE JEAN JAURES,46.161,2.836,Plein jour,En agglomération,Hors intersection,Normale,Sans collision,,,,,,,,,,,1,2,1,1,7
200700053597,0007-09-03 17:00:00,7,9,3,17,0,630,281,,46.115,2.699,Plein jour,Hors agglomération,Intersection en X,Normale,Deux véhicules - côté,,,,,,,,,,,1,1,2,1,3
200700053598,0007-09-23 01:00:00,7,9,23,1,0,630,354,,46.045,2.807,Nuit sans éclairage public,Hors agglomération,Hors intersection,Pluie légère,Autre collision,,,,,,,,,,,3,1,1,2,6
200700053599,0007-09-09 14:45:00,7,9,9,14,45,630,195,,45.858,3.393,Plein jour,Hors agglomération,Hors intersection,Normale,Deux véhicules - côté,,,,,,,,,,,1,1,1,1,3
200700053600,0007-09-11 19:15:00,7,9,11,19,15,30,184,,,,Crépuscule ou aube,Hors agglomération,Hors intersection,Normale,Deux véhicules - frontale,,,,,,,,,,,2,1,1,1,1
200700053601,0007-09-15 11:45:00,7,9,15,11,45,30,316,,46.69,3.222,Plein jour,Hors agglomération,Hors intersection,Normale,Trois véhicules et plus - en chaîne,,,,,,,,,,,1,1,1,1,4
200700053602,0007-09-17 16:30:00,7,9,17,16,30,30,229,,,,Plein jour,Hors agglomération,Hors intersection,Pluie légère,Sans collision,,,,,,,,,,,1,1,1,2,7
200700053603,0007-09-12 12:30:00,7,9,12,12,30,30,180,intersection D12-D161,46.533,3.493,Plein jour,En agglomération,Intersection en X,Normale,Deux véhicules - côté,,,,,,,,,,,1,2,2,1,3
200700053604,0007-09-27 22:30:00,7,9,27,22,30,30,99,,,,Nuit sans éclairage public,Hors agglomération,Hors intersection,Pluie forte,Deux véhicules - frontale,,,,,,,,,,,3,1,1,3,1
200700053605,0007-09-01 17:30:00,7,9,1,17,30,30,159,RD 37,46.305,2.782,Plein jour,En agglomération,Giratoire,Normale,Autre collision,,,,,,,,,,,1,2,6,1,6
200700053606,0007-09-06 18:30:00,7,9,6,18,30,30,43,,,,Plein jour,Hors agglomération,Hors intersection,Normale,Deux véhicules - côté,,,,,,,,,,,1,1,1,1,3
200700053607,0007-09-01 16:00:00,7,9,1,16,0,30,147,,46.294,3.749,Plein jour,Hors agglomération,Hors intersection,Normale,Deux véhicules - frontale,,,,,,,,,,,1,1,1,1,1
200700053608,0007-09-25 12:15:00,7,9,25,12,15,30,28,,46.22,3.559,Plein jour,Hors agglomération,Hors intersection,Normale,Deux véhicules - côté,,,,,,,,,,,1,1,1,1,3
200700053609,0007-09-11 16:30:00,7,9,11,16,30,30,42,,46.197,3.651,Plein jour,Hors agglomération,Hors intersection,Normale,Deux véhicules - côté,,,,,,,,,,,1,1,1,1,3
200700053610,0007-09-30 21:15:00,7,9,30,21,15,150,222,,44.758,2.413,Nuit sans éclairage public,Hors agglomération,Hors intersection,Normale,Deux véhicules - frontale,,,,,,,,,,,3,1,1,1,1
200700053611,0007-09-23 11:15:00,7,9,23,11,15,150,92,,45.421,2.501,Plein jour,Hors agglomération,Hors intersection,Pluie légère,Sans collision,,,,,,,,,,,1,1,1,2,7
200700053612,0007-09-16 11:30:00,7,9,16,11,30,430,238,,44.961,3.772,Plein jour,Hors agglomération,Hors intersection,Normale,Sans collision,,,,,,,,,,,1,1,1,1,7
200700053613,0007-09-17 12:00:00,7,9,17,12,0,430,241,,44.963,3.854,Plein jour,Hors agglomération,Hors intersection,Temps couvert,Autre collision,,,,,,,,,,,1,1,1,8,6
200700053614,0007-09-24 08:00:00,7,9,24,8,0,430,186,,44.983,4.12,Plein jour,Hors agglomération,Hors intersection,Normale,Deux véhicules - côté,,,,,,,,,,,1,1,1,1,3
200700053615,0007-09-26 15:15:00,7,9,26,15,15,430,230,,,,Plein jour,Hors agglomération,Intersection en T,Normale,Deux véhicules - côté,,,,,,,,,,,1,1,3,1,3
200700053616,0007-09-29 11:45:00,7,9,29,11,45,430,176,,44.988,3.715,Plein jour,Hors agglomération,Hors intersection,Normale,Deux véhicules - frontale,,,,,,,,,,,1,1,1,1,1
200700053617,0007-09-05 15:45:00,7,9,5,15,45,430,108,place du village,45.31,3.791,Plein jour,En agglomération,Hors intersection,Normale,Autre collision,,,,,,,,,,,1,2,1,1,6
200700053618,0007-09-12 15:15:00,7,9,12,15,15,430,152,,45.081,3.84,Plein jour,Hors agglomération,Hors intersection,Normale,Deux véhicules - côté,,,,,,,,,,,1,1,1,1,3
200700053619,0007-09-30 13:30:00,7,9,30,13,30,430,112,Rue Louis Armand,45.11,3.489,Plein jour,En agglomération,Intersection en X,Normale,Deux véhicules - côté,,,,,,,,,,,1,2,2,1,3
200700053620,0007-09-03 15:45:00,7,9,3,15,45,430,67,,45.171,3.563,Plein jour,Hors agglomération,Intersection en X,Normale,Deux véhicules - côté,,,,,,,,,,,1,1,2,1,3
200700053621,0007-09-14 18:30:00,7,9,14,18,30,430,7,,45.087,4.161,Plein jour,Hors agglomération,Hors intersection,Normale,Autre collision,,,,,,,,,,,1,1,1,1,6
200700053622,0007-09-12 19:00:00,7,9,12,19,0,430,268,RUE DU PECHER,,,Plein jour,En agglomération,Hors intersection,Normale,Autre collision,,,,,,,,,,,1,2,1,1,6
200700053623,0007-09-14 18:15:00,7,9,14,18,15,430,7,,45.042,4.174,Plein jour,Hors agglomération,Hors intersection,Normale,Deux véhicules - côté,,,,,,,,,,,1,1,1,1,3
200700053624,0007-09-23 19:00:00,7,9,23,19,0,430,162,,45.238,3.995,Crépuscule ou aube,Hors agglomération,Hors intersection,Pluie forte,Autre collision,,,,,,,,,,,2,1,1,3,6
200700053625,0007-09-02 06:45:00,7,9,2,6,45,430,137,,45.31,4.225,Crépuscule ou aube,Hors agglomération,Hors intersection,Brouillard / fumée,Deux véhicules - côté,,,,,,,,,,,2,1,1,5,3
200700053626,0007-09-11 10:00:00,7,9,11,10,0,430,12,,,,Plein jour,Hors agglomération,Hors intersection,Normale,Sans collision,,,,,,,,,,,1,1,1,1,7
200700053627,0007-09-13 15:00:00,7,9,13,15,0,430,12,,,,Plein jour,Hors agglomération,Hors intersection,Normale,Autre collision,,,,,,,,,,,1,1,1,1,6
200700053628,0007-09-22 16:15:00,7,9,22,16,15,430,137,Av de la libération,,,Plein jour,En agglomération,Hors intersection,Normale,Deux véhicules - côté,,,,,,,,,,,1,2,1,1,3
200700053629,0007-09-16 15:00:00,7,9,16,15,0,430,130,,,,Plein jour,Hors agglomération,Hors intersection,Normale,Deux véhicules - côté,,,,,,,,,,,1,1,1,1,3
200700053630,0007-09-28 10:45:00,7,9,28,10,45,430,141,,45.18,4.338,Plein jour,Hors agglomération,Hors intersection,Pluie légère,Autre collision,,,,,,,,,,,1,1,1,2,6
200700053631,0007-09-15 13:30:00,7,9,15,13,30,570,415,,49.15,6.129,Plein jour,Hors agglomération,Intersection en X,Normale,Deux véhicules - frontale,,,,,,,,,,,1,1,2,1,1
200700053632,0007-09-23 21:00:00,7,9,23,21,0,570,634,54 RUE DE METZ,,,Nuit avec éclairage allumé,En agglomération,Hors intersection,Normale,Deux véhicules - côté,,,,,,,,,,,5,2,1,1,3
200700053633,0007-09-28 11:30:00,7,9,28,11,30,570,415,,49.15,6.128,Plein jour,Hors agglomération,Hors intersection,Normale,Deux véhicules - côté,,,,,,,,,,,1,1,1,1,3
200700053634,0007-09-28 16:15:00,7,9,28,16,15,570,620,,,,Plein jour,Hors agglomération,Hors intersection,Normale,Deux véhicules - frontale,,,,,,,,,,,1,1,1,1,1
200700053635,0007-09-08 17:45:00,7,9,8,17,45,570,256,,,,Plein jour,Hors agglomération,Hors intersection,Normale,Sans collision,,,,,,,,,,,1,1,1,1,7
200700053636,0007-09-21 16:45:00,7,9,21,16,45,570,32,Rue du Bois Le Prêtre,49.078,6.074,Plein jour,En agglomération,Hors intersection,Normale,Autre collision,,,,,,,,,,,1,2,1,1,6
200700053637,0007-09-21 19:45:00,7,9,21,19,45,570,30,,,,Crépuscule ou aube,Hors agglomération,Hors intersection,Normale,Autre collision,,,,,,,,,,,2,1,1,1,6
200700053638,0007-09-23 09:00:00,7,9,23,9,0,570,511,,49.185,6.065,Plein jour,Hors agglomération,Hors intersection,Normale,Deux véhicules - côté,,,,,,,,,,,1,1,1,1,3
200700053639,0007-09-10 07:30:00,7,9,10,7,30,570,656,,49.053,6.318,Plein jour,Hors agglomération,Hors intersection,Normale,Deux véhicules - frontale,,,,,,,,,,,1,1,1,1,1
200700053640,0007-09-01 15:00:00,7,9,1,15,0,570,155,16 allée des écoles,,,Plein jour,En agglomération,Hors intersection,Normale,Deux véhicules - côté,,,,,,,,,,,1,2,1,1,3
200700053641,0007-09-07 22:30:00,7,9,7,22,30,570,31,,,,Nuit sans éclairage public,Hors agglomération,Hors intersection,Normale,Autre collision,,,,,,,,,,,3,1,1,1,6
200700053642,0007-09-22 02:00:00,7,9,22,2,0,570,698,,,,Nuit sans éclairage public,Hors agglomération,Hors intersection,Temps couvert,Sans collision,,,,,,,,,,,3,1,1,8,7
200700053643,0007-09-28 19:00:00,7,9,28,19,0,570,8,,49.014,6.596,Nuit sans éclairage public,Hors agglomération,Hors intersection,Pluie légère,Deux véhicules - arrière,,,,,,,,,,,3,1,1,2,2
200700053644,0007-09-19 07:45:00,7,9,19,7,45,570,202,Rue de Behren,,,Plein jour,En agglomération,Hors intersection,Normale,Autre collision,,,,,,,,,,,1,2,1,1,6
200700053645,0007-09-08 23:00:00,7,9,8,23,0,570,644,rue Nationale,49.121,6.826,Nuit avec éclairage allumé,En agglomération,Hors intersection,Normale,Trois véhicules et plus - collisions multiples,,,,,,,,,,,5,2,1,1,5
200700053646,0007-09-14 09:30:00,7,9,14,9,30,570,123,,49.168,6.706,Plein jour,Hors agglomération,Hors intersection,Normale,Deux véhicules - côté,,,,,,,,,,,1,1,1,1,3
200700053647,0007-09-17 00:15:00,7,9,17,0,15,570,765,"12, rue de Porcelette",49.181,6.683,Plein jour,En agglomération,Hors intersection,Normale,Sans collision,,,,,,,,,,,1,2,1,1,7
200700053648,0007-09-07 13:30:00,7,9,7,13,30,570,493,,48.813,6.687,Plein jour,Hors agglomération,Hors intersection,Normale,Deux véhicules - arrière,,,,,,,,,,,1,1,1,1,2
200700053649,0007-09-30 03:45:00,7,9,30,3,45,570,494,Rue Principale,48.92,6.906,Nuit sans éclairage public,En agglomération,Hors intersection,Brouillard / fumée,Autre collision,,,,,,,,,,,3,2,1,5,6
200700053650,0007-09-30 18:30:00,7,9,30,18,30,570,540,rue de la Liberté,,,Plein jour,En agglomération,Hors intersection,Normale,Deux véhicules - côté,,,,,,,,,,,1,2,1,1,3
200700053651,0007-09-04 14:15:00,7,9,4,14,15,570,590,,49.177,7.429,Plein jour,Hors agglomération,Hors intersection,Normale,Autre collision,,,,,,,,,,,1,1,1,1,6
200700053652,0007-09-06 13:15:00,7,9,6,13,15,570,639,,,,Plein jour,Hors agglomération,Hors intersection,Normale,Deux véhicules - frontale,,,,,,,,,,,1,1,1,1,1
200700053653,0007-09-19 13:30:00,7,9,19,13,30,570,89,,49.07,7.43,Plein jour,Hors agglomération,Hors intersection,Temps éblouissant,Autre collision,,,,,,,,,,,1,1,1,7,6
200700053654,0007-09-23 09:00:00,7,9,23,9,0,570,541,Rue de BAERENTHAL,,,Plein jour,En agglomération,Hors intersection,Normale,Sans collision,,,,,,,,,,,1,2,1,1,7
200700053655,0007-09-03 12:30:00,7,9,3,12,30,570,465,,,,Plein jour,Hors agglomération,Hors intersection,Pluie légère,Trois véhicules et plus - collisions multiples,,,,,,,,,,,1,1,1,2,5
200700053656,0007-09-11 15:00:00,7,9,11,15,0,570,117,RD60,49.338,6.321,Plein jour,En agglomération,Hors intersection,Normale,Deux véhicules - côté,,,,,,,,,,,1,2,1,1,3
200700053657,0007-09-16 12:30:00,7,9,16,12,30,570,370,Place de la Halle,49.4,6.28,Plein jour,En agglomération,Hors intersection,Normale,Autre collision,,,,,,,,,,,1,2,1,1,6
200700053658,0007-09-19 11:30:00,7,9,19,11,30,570,767,,49.34,6.22,Plein jour,Hors agglomération,Hors intersection,Normale,Deux véhicules - frontale,,,,,,,,,,,1,1,1,1,1
200700053659,0007-09-02 16:30:00,7,9,2,16,30,570,650,,49.436,6.365,Plein jour,Hors agglomération,Hors intersection,Normale,Autre collision,,,,,,,,,,,1,1,1,1,6
200700053660,0007-09-09 01:45:00,7,9,9,1,45,540,91,,48.956,6.118,Nuit sans éclairage public,Hors agglomération,Hors intersection,Normale,Sans collision,,,,,,,,,,,3,1,1,1,7
200700053661,0007-09-10 18:30:00,7,9,10,18,30,540,59,,,,Plein jour,Hors agglomération,Hors intersection,Normale,Deux véhicules - frontale,,,,,,,,,,,1,1,1,1,1
200700053662,0007-09-14 22:00:00,7,9,14,22,0,540,400,,48.886,6.227,Nuit sans éclairage public,Hors agglomération,Hors intersection,Normale,Deux véhicules - frontale,,,,,,,,,,,3,1,1,1,1
200700053663,0007-09-23 02:30:00,7,9,23,2,30,540,312,rue Emainville,,,Nuit sans éclairage public,En agglomération,Hors intersection,Normale,Autre collision,,,,,,,,,,,3,2,1,1,6
200700053664,0007-09-12 19:30:00,7,9,12,19,30,540,351,,,,Plein jour,Hors agglomération,Hors intersection,Normale,Sans collision,,,,,,,,,,,1,1,1,1,7
200700053665,0007-09-13 22:15:00,7,9,13,22,15,540,397,carrefour point central,48.62,6.106,Nuit avec éclairage allumé,En agglomération,Hors intersection,Normale,Deux véhicules - côté,,,,,,,,,,,5,2,1,1,3
200700053666,0007-09-14 13:30:00,7,9,14,13,30,540,200,Rue du Jury,,,Plein jour,En agglomération,Hors intersection,Normale,Deux véhicules - côté,,,,,,,,,,,1,2,1,1,3
200700053667,0007-09-06 21:00:00,7,9,6,21,0,540,563,,,,Nuit sans éclairage public,Hors agglomération,Hors intersection,Normale,Autre collision,,,,,,,,,,,3,1,1,1,6
200700053668,0007-09-09 15:30:00,7,9,9,15,30,540,142,,,,Plein jour,Hors agglomération,Hors intersection,Normale,Sans collision,,,,,,,,,,,1,1,1,1,7
200700053669,0007-09-14 05:45:00,7,9,14,5,45,540,109,rd 913 PK36+700,,,Nuit sans éclairage public,En agglomération,Hors intersection,Brouillard / fumée,Autre collision,,,,,,,,,,,3,2,1,5,6
200700053670,0007-09-20 15:45:00,7,9,20,15,45,540,203,,48.459,6.127,Plein jour,Hors agglomération,Hors intersection,Normale,Autre collision,,,,,,,,,,,1,1,1,1,6
200700053671,0007-09-04 07:15:00,7,9,4,7,15,540,112,,49.05,5.917,Plein jour,Hors agglomération,Hors intersection,Normale,Autre collision,,,,,,,,,,,1,1,1,1,6
200700053672,0007-09-09 16:15:00,7,9,9,16,15,540,322,,,,Plein jour,Hors agglomération,Hors intersection,Normale,Sans collision,,,,,,,,,,,1,1,1,1,7
200700053673,0007-09-07 11:30:00,7,9,7,11,30,540,449,,,,Plein jour,Hors agglomération,Hors intersection,Normale,Deux véhicules - arrière,,,,,,,,,,,1,1,1,1,2
200700053674,0007-09-29 18:30:00,7,9,29,18,30,540,269,,,,Plein jour,Hors agglomération,Hors intersection,Normale,Deux véhicules - frontale,,,,,,,,,,,1,1,1,1,1
200700053675,0007-09-15 18:00:00,7,9,15,18,0,540,152,rue de lattre de tassign,,,Plein jour,En agglomération,Hors intersection,Normale,Deux véhicules - côté,,,,,,,,,,,1,2,1,1,3
200700053676,0007-09-17 23:00:00,7,9,17,23,0,540,210,,48.565,6.689,Nuit sans éclairage public,Hors agglomération,Hors intersection,Normale,Sans collision,,,,,,,,,,,3,1,1,1,7
200700053677,0007-09-23 05:15:00,7,9,23,5,15,540,466,,,,Nuit sans éclairage public,Hors agglomération,Hors intersection,Normale,Sans collision,,,,,,,,,,,3,1,1,1,7
200700053678,0007-09-28 10:30:00,7,9,28,10,30,550,271,42 rue du Général Porson,,,Plein jour,En agglomération,Hors intersection,Pluie légère,Autre collision,,,,,,,,,,,1,2,1,2,6
200700053679,0007-09-13 12:15:00,7,9,13,12,15,550,291,,,,Plein jour,Hors agglomération,Hors intersection,Normale,Sans collision,,,,,,,,,,,1,1,1,1,7
200700053680,0007-09-20 15:00:00,7,9,20,15,0,550,122,,48.742,5.557,Plein jour,Hors agglomération,Hors intersection,Normale,Sans collision,,,,,,,,,,,1,1,1,1,7
200700053681,0007-09-07 19:00:00,7,9,7,19,0,550,229,,48.872,5.519,Plein jour,Hors agglomération,Hors intersection,Normale,Trois véhicules et plus - collisions multiples,,,,,,,,,,,1,1,1,1,5
200700053682,0007-09-09 11:00:00,7,9,9,11,0,550,463,rue des Carmes,48.895,5.542,Plein jour,En agglomération,Hors intersection,Normale,Deux véhicules - côté,,,,,,,,,,,1,2,1,1,3
200700053683,0007-09-11 11:00:00,7,9,11,11,0,550,520,,48.69,5.655,Plein jour,Hors agglomération,Hors intersection,Normale,Sans collision,,,,,,,,,,,1,1,1,1,7
200700053684,0007-09-16 12:45:00,7,9,16,12,45,550,533,,,,Plein jour,Hors agglomération,Hors intersection,Normale,Autre collision,,,,,,,,,,,1,1,1,1,6
200700053685,0007-09-30 19:15:00,7,9,30,19,15,550,572,,49.396,5.411,Plein jour,Hors agglomération,Hors intersection,Normale,Sans collision,,,,,,,,,,,1,1,1,1,7
200700053686,0007-09-21 16:00:00,7,9,21,16,0,550,166,,49.125,5.392,Plein jour,Hors agglomération,Hors intersection,Normale,Sans collision,,,,,,,,,,,1,1,1,1,7
200700053687,0007-09-21 20:00:00,7,9,21,20,0,550,545,,49.196,5.382,Nuit sans éclairage public,Hors agglomération,Hors intersection,Normale,Sans collision,,,,,,,,,,,3,1,1,1,7
200700053688,0007-09-02 21:00:00,7,9,2,21,0,550,14,,49.139,5.061,Nuit sans éclairage public,Hors agglomération,Hors intersection,Normale,Autre collision,,,,,,,,,,,3,1,1,1,6
200700053689,0007-09-15 17:45:00,7,9,15,17,45,550,464,,49.374,5.683,Plein jour,Hors agglomération,Hors intersection,Normale,Autre collision,,,,,,,,,,,1,1,1,1,6
200700053690,0007-09-23 11:45:00,7,9,23,11,45,880,253,,48.196,6.477,Plein jour,Hors agglomération,Hors intersection,Normale,Deux véhicules - arrière,,,,,,,,,,,1,1,1,1,2
200700053691,0007-09-18 06:30:00,7,9,18,6,30,880,513,,,,Plein jour,Hors agglomération,Hors intersection,Normale,Sans collision,,,,,,,,,,,1,1,1,1,7
200700053692,0007-09-01 22:30:00,7,9,1,22,30,880,267,,48.141,6.136,Nuit sans éclairage public,Hors agglomération,Hors intersection,Normale,Autre collision,,,,,,,,,,,3,1,1,1,6
200700053693,0007-09-08 12:00:00,7,9,8,12,0,880,360,,48.125,5.974,Plein jour,Hors agglomération,Hors intersection,Normale,Deux véhicules - côté,,,,,,,,,,,1,1,1,1,3
200700053694,0007-09-09 11:00:00,7,9,9,11,0,880,410,,,,Plein jour,Hors agglomération,Hors intersection,Normale,Autre collision,,,,,,,,,,,1,1,1,1,6
200700053695,0007-09-09 05:00:00,7,9,9,5,0,880,327,,48.32,6.368,Nuit sans éclairage public,Hors agglomération,Hors intersection,Normale,Autre collision,,,,,,,,,,,3,1,1,1,6
200700053696,0007-09-09 16:30:00,7,9,9,16,30,880,465,,48.256,6.42,Plein jour,Hors agglomération,Hors intersection,Normale,Autre collision,,,,,,,,,,,1,1,1,1,6
200700053697,0007-09-15 19:15:00,7,9,15,19,15,880,108,,,,Crépuscule ou aube,Hors agglomération,Hors intersection,Normale,Deux véhicules - côté,,,,,,,,,,,2,1,1,1,3
200700053698,0007-09-07 16:15:00,7,9,7,16,15,880,321,rue de 1ère armée franç,,,Plein jour,En agglomération,Hors intersection,Normale,Autre collision,,,,,,,,,,,1,2,1,1,6
200700053699,0007-09-22 13:15:00,7,9,22,13,15,880,290,,48.463,5.812,Plein jour,Hors agglomération,Hors intersection,Normale,Deux véhicules - frontale,,,,,,,,,,,1,1,1,1,1
200700053700,0007-09-25 22:00:00,7,9,25,22,0,880,44,,,,Nuit sans éclairage public,Hors agglomération,Hors intersection,Normale,Deux véhicules - côté,,,,,,,,,,,3,1,1,1,3
200700053701,0007-09-24 10:45:00,7,9,24,10,45,880,401,route départementale,,,Nuit sans éclairage public,En agglomération,Hors intersection,Pluie légère,Autre collision,,,,,,,,,,,3,2,1,2,6
200700053702,0007-09-14 05:00:00,7,9,14,5,0,880,114,RUE DE LORRAINE,,,Crépuscule ou aube,En agglomération,Hors intersection,Normale,Deux véhicules - frontale,,,,,,,,,,,2,2,1,1,1
200700053703,0007-09-20 16:30:00,7,9,20,16,30,880,516,rue de verdun,,,Plein jour,En agglomération,Giratoire,Normale,Autre collision,,,,,,,,,,,1,2,6,1,6
200700053704,0007-09-02 03:00:00,7,9,2,3,0,880,81,,47.878,6.837,Nuit sans éclairage public,Hors agglomération,Hors intersection,Brouillard / fumée,Deux véhicules - frontale,,,,,,,,,,,3,1,1,5,1
200700053705,0007-09-09 17:45:00,7,9,9,17,45,880,284,,48.231,6.974,Plein jour,Hors agglomération,Hors intersection,Normale,Deux véhicules - côté,,,,,,,,,,,1,1,1,1,3
200700053706,0007-09-30 10:15:00,7,9,30,10,15,880,112,,48.334,7.098,Plein jour,Hors agglomération,Hors intersection,Normale,Sans collision,,,,,,,,,,,1,1,1,1,7
200700053707,0007-09-12 16:15:00,7,9,12,16,15,880,531,,,,Plein jour,Hors agglomération,Hors intersection,Normale,Deux véhicules - frontale,,,,,,,,,,,1,1,1,1,1
200700053708,0007-09-23 04:15:00,7,9,23,4,15,880,531,,48.087,6.909,Nuit avec éclairage allumé,Hors agglomération,Hors intersection,Normale,Sans collision,,,,,,,,,,,5,1,1,1,7
200700053709,0007-09-26 16:30:00,7,9,26,16,30,880,196,,,,Plein jour,Hors agglomération,Hors intersection,Normale,Deux véhicules - frontale,,,,,,,,,,,1,1,1,1,1
200700053710,0007-09-30 18:15:00,7,9,30,18,15,670,268,rue de la Gare,48.495,7.674,Plein jour,En agglomération,Hors intersection,Normale,Deux véhicules - arrière,,,,,,,,,,,1,2,1,1,2
200700053711,0007-09-16 16:15:00,7,9,16,16,15,670,130,route de krafft,,,Plein jour,En agglomération,Hors intersection,Normale,Deux véhicules - côté,,,,,,,,,,,1,2,1,1,3
200700053712,0007-09-28 07:00:00,7,9,28,7,0,670,217,,48.487,7.672,Crépuscule ou aube,Hors agglomération,Hors intersection,Brouillard / fumée,Trois véhicules et plus - en chaîne,,,,,,,,,,,2,1,1,5,4
200700053713,0007-09-11 13:30:00,7,9,11,13,30,670,164,,,,Plein jour,Hors agglomération,Hors intersection,Normale,Deux véhicules - frontale,,,,,,,,,,,1,1,1,1,1
200700053714,0007-09-30 16:30:00,7,9,30,16,30,670,458,rue de la Rochette,,,Plein jour,En agglomération,Intersection en X,Normale,Deux véhicules - côté,,,,,,,,,,,1,2,2,1,3
200700053715,0007-09-28 07:15:00,7,9,28,7,15,670,449,RUE PRINCIPALE,48.805,7.901,Crépuscule ou aube,En agglomération,Hors intersection,Normale,Autre collision,,,,,,,,,,,2,2,1,1,6
200700053716,0007-09-11 13:15:00,7,9,11,13,15,670,101,,48.528,7.467,Plein jour,Hors agglomération,Autre intersection,Normale,Trois véhicules et plus - collisions multiples,,,,,,,,,,,1,1,9,1,5
200700053717,0007-09-07 17:30:00,7,9,7,17,30,670,52,rue monseigneur BARTH,48.482,7.442,Plein jour,En agglomération,Hors intersection,Normale,Deux véhicules - côté,,,,,,,,,,,1,2,1,1,3
200700053718,0007-09-12 21:00:00,7,9,12,21,0,670,414,Carr CD 1420 - CD 130,48.461,7.208,Nuit avec éclairage allumé,En agglomération,Hors intersection,Normale,Deux véhicules - côté,,,,,,,,,,,5,2,1,1,3
200700053719,0007-09-16 17:30:00,7,9,16,17,30,670,165,,48.505,7.162,Plein jour,Hors agglomération,Hors intersection,Normale,Sans collision,,,,,,,,,,,1,1,1,1,7
200700053720,0007-09-24 16:00:00,7,9,24,16,0,670,448,Faubourg Saint Sébastien,48.481,7.218,Plein jour,En agglomération,Hors intersection,Normale,Deux véhicules - frontale,,,,,,,,,,,1,2,1,1,1
200700053721,0007-09-30 17:45:00,7,9,30,17,45,670,325,24 rue principale,48.546,7.341,Plein jour,En agglomération,Hors intersection,Normale,Autre collision,,,,,,,,,,,1,2,1,1,6
200700053722,0007-09-06 06:30:00,7,9,6,6,30,670,517,,48.623,7.474,Crépuscule ou aube,Hors agglomération,Hors intersection,Temps couvert,Deux véhicules - frontale,,,,,,,,,,,2,1,1,8,1
200700053723,0007-09-05 05:15:00,7,9,5,5,15,670,517,,48.625,7.473,Nuit sans éclairage public,Hors agglomération,Hors intersection,Normale,Autre collision,,,,,,,,,,,3,1,1,1,6