accident_id,datetime,annee,mois,jour,heure,minute,departement,commune_insee,adresse,latitude,longitude,luminosite,agglomeration,intersection,meteo,collision,nb_vehicules,nb_usagers,nb_indemnes,nb_tues,nb_blesses_hosp,nb_blesses_legers,age_cond_1,age_cond_2,veh_type_cond_1,veh_type_cond_2,lum_code,agg_code,int_code,atm_code,col_code
200700053861,0007-09-14 18:45:00,7,9,14,18,45,710,25,,46.43,4.4,Plein jour,Hors agglomération,Hors intersection,Normale,Deux véhicules - arrière,,,,,,,,,,,1,1,1,1,2
200700053862,0007-09-22 13:15:00,7,9,22,13,15,710,120,,46.199,4.352,Plein jour,Hors agglomération,Hors intersection,Normale,Deux véhicules - frontale,,,,,,,,,,,1,1,1,1,1
200700053863,0007-09-27 20:15:00,7,9,27,20,15,710,238,,,,Nuit sans éclairage public,Hors agglomération,Hors intersection,Pluie forte,Deux véhicules - frontale,,,,,,,,,,,3,1,1,3,1
200700053864,0007-09-14 16:45:00,7,9,14,16,45,710,230,Rond point ATAC,46.595,4.066,Plein jour,En agglomération,Giratoire,Normale,Trois véhicules et plus - en chaîne,,,,,,,,,,,1,2,6,1,4
200700053865,0007-09-27 10:45:00,7,9,27,10,45,710,370,,,,Plein jour,Hors agglomération,Hors intersection,Pluie légère,Autre collision,,,,,,,,,,,1,1,1,2,6
200700053866,0007-09-09 20:15:00,7,9,9,20,15,710,205,,46.72,5.314,Crépuscule ou aube,Hors agglomération,Intersection en X,Normale,Deux véhicules - côté,,,,,,,,,,,2,1,2,1,3
200700053867,0007-09-20 16:45:00,7,9,20,16,45,710,357,Bas de pourlans,,,Plein jour,En agglomération,Hors intersection,Normale,Deux véhicules - côté,,,,,,,,,,,1,2,1,1,3
200700053868,0007-09-23 01:15:00,7,9,23,1,15,710,435,,,,Nuit sans éclairage public,Hors agglomération,Hors intersection,Pluie légère,Sans collision,,,,,,,,,,,3,1,1,2,7
200700053869,0007-09-12 12:00:00,7,9,12,12,0,890,295,,47.838,3.55,Plein jour,Hors agglomération,Hors intersection,Normale,Sans collision,,,,,,,,,,,1,1,1,1,7
200700053870,0007-09-29 08:00:00,7,9,29,8,0,890,102,,47.757,3.465,Plein jour,Hors agglomération,Intersection en X,Normale,Deux véhicules - côté,,,,,,,,,,,1,1,2,1,3
200700053871,0007-09-06 10:30:00,7,9,6,10,30,890,252,,47.66,3.497,Plein jour,Hors agglomération,Hors intersection,Normale,Sans collision,,,,,,,,,,,1,1,1,1,7
200700053872,0007-09-12 17:30:00,7,9,12,17,30,890,345,Avenue du Général Lecler,48.005,3.728,Plein jour,En agglomération,Hors intersection,Normale,Deux véhicules - côté,,,,,,,,,,,1,2,1,1,3
200700053873,0007-09-01 05:00:00,7,9,1,5,0,890,227,,,,Nuit sans éclairage public,Hors agglomération,Hors intersection,Normale,Sans collision,,,,,,,,,,,3,1,1,1,7
200700053874,0007-09-08 23:30:00,7,9,8,23,30,890,198,RUE DES TROIS CAILLOUX,,,Nuit sans éclairage public,En agglomération,Hors intersection,Normale,Deux véhicules - frontale,,,,,,,,,,,3,2,1,1,1
200700053875,0007-09-22 01:15:00,7,9,22,1,15,890,268,36 rue de Paris,47.958,3.624,Nuit avec éclairage non allumé,En agglomération,Hors intersection,Normale,Autre collision,,,,,,,,,,,4,2,1,1,6
200700053876,0007-09-10 15:00:00,7,9,10,15,0,890,21,,,,Plein jour,Hors agglomération,Hors intersection,Normale,Deux véhicules - frontale,,,,,,,,,,,1,1,1,1,1
200700053877,0007-09-20 22:00:00,7,9,20,22,0,890,25,44 ROUTE DE LORMES,,,Nuit avec éclairage allumé,En agglomération,Hors intersection,Normale,Autre collision,,,,,,,,,,,5,2,1,1,6
200700053878,0007-09-29 14:45:00,7,9,29,14,45,890,297,,,,Plein jour,Hors agglomération,Hors intersection,Normale,Sans collision,,,,,,,,,,,1,1,1,1,7
200700053879,0007-09-08 10:45:00,7,9,8,10,45,890,206,50 avenue Gambetta,47.982,3.396,Plein jour,En agglomération,Hors intersection,Normale,Autre collision,,,,,,,,,,,1,2,1,1,6
200700053880,0007-09-17 19:15:00,7,9,17,19,15,890,317,,47.918,3.138,Plein jour,Hors agglomération,Hors intersection,Normale,Autre collision,,,,,,,,,,,1,1,1,1,6
200700053881,0007-09-26 08:00:00,7,9,26,8,0,890,304,08 GRANDE RUE,,,Crépuscule ou aube,En agglomération,Hors intersection,Pluie légère,Autre collision,,,,,,,,,,,2,2,1,2,6
200700053882,0007-09-26 18:00:00,7,9,26,18,0,890,473,,47.895,3.323,Plein jour,Hors agglomération,Hors intersection,Pluie légère,Deux véhicules - frontale,,,,,,,,,,,1,1,1,2,1
200700053883,0007-09-06 22:00:00,7,9,6,22,0,890,218,,,,Nuit sans éclairage public,Hors agglomération,Hors intersection,Normale,Autre collision,,,,,,,,,,,3,1,1,1,6
200700053884,0007-09-04 09:15:00,7,9,4,9,15,890,354,RUE DES CAVES,48.218,3.262,Plein jour,En agglomération,Hors intersection,Normale,Trois véhicules et plus - en chaîne,,,,,,,,,,,1,2,1,1,4
200700053885,0007-09-10 15:45:00,7,9,10,15,45,890,399,route de nogent,48.254,3.328,Plein jour,En agglomération,Hors intersection,Normale,Trois véhicules et plus - collisions multiples,,,,,,,,,,,1,2,1,1,5
200700053886,0007-09-21 08:00:00,7,9,21,8,0,890,264,,48.174,3.03,Plein jour,Hors agglomération,Hors intersection,Normale,Autre collision,,,,,,,,,,,1,1,1,1,6
200700053887,0007-09-21 17:45:00,7,9,21,17,45,890,151,,48.124,3.218,Plein jour,Hors agglomération,Hors intersection,Normale,Autre collision,,,,,,,,,,,1,1,1,1,6
200700053888,0007-09-26 20:30:00,7,9,26,20,30,890,274,,48.228,3.235,Nuit sans éclairage public,Hors agglomération,Hors intersection,Normale,Autre collision,,,,,,,,,,,3,1,1,1,6
200700053889,0007-09-20 07:30:00,7,9,20,7,30,890,137,rue de Paris/Genève,,,Crépuscule ou aube,En agglomération,Intersection en X,Normale,Deux véhicules - côté,,,,,,,,,,,2,2,2,1,3
200700053890,0007-09-04 02:15:00,7,9,4,2,15,250,434,,,,Nuit sans éclairage public,Hors agglomération,Hors intersection,Normale,Sans collision,,,,,,,,,,,3,1,1,1,7
200700053891,0007-09-05 18:30:00,7,9,5,18,30,250,527,4 rue d'Ougney,,,Plein jour,En agglomération,Hors intersection,Normale,Deux véhicules - frontale,,,,,,,,,,,1,2,1,1,1
200700053892,0007-09-22 00:01:00,7,9,22,0,1,250,473,,47.161,6.008,Nuit sans éclairage public,Hors agglomération,Hors intersection,Normale,Sans collision,,,,,,,,,,,3,1,1,1,7
200700053893,0007-09-29 01:15:00,7,9,29,1,15,250,195,,47.199,5.854,Nuit sans éclairage public,Hors agglomération,Hors intersection,Autre,Deux véhicules - frontale,,,,,,,,,,,3,1,1,9,1
200700053894,0007-09-02 19:45:00,7,9,2,19,45,250,224,,,,Plein jour,Hors agglomération,Hors intersection,Normale,Deux véhicules - côté,,,,,,,,,,,1,1,1,1,3
200700053895,0007-09-04 18:15:00,7,9,4,18,15,250,255,,47.18,6.834,Plein jour,Hors agglomération,Hors intersection,Pluie légère,Sans collision,,,,,,,,,,,1,1,1,2,7
200700053896,0007-09-15 15:00:00,7,9,15,15,0,250,248,44 RUE PRINCIPALE,,,Plein jour,En agglomération,Hors intersection,Normale,Deux véhicules - arrière,,,,,,,,,,,1,2,1,1,2
200700053897,0007-09-23 11:15:00,7,9,23,11,15,250,74,Village du haut,,,Plein jour,En agglomération,Hors intersection,Normale,Deux véhicules - frontale,,,,,,,,,,,1,2,1,1,1
200700053898,0007-09-29 11:30:00,7,9,29,11,30,250,512,rue des gentianes,,,Plein jour,En agglomération,Hors intersection,Normale,Autre collision,,,,,,,,,,,1,2,1,1,6
200700053899,0007-09-21 23:45:00,7,9,21,23,45,250,468,CD30 GRANDE RUE,47.333,6.205,Nuit avec éclairage allumé,En agglomération,Hors intersection,Normale,Deux véhicules - côté,,,,,,,,,,,5,2,1,1,3
200700053900,0007-09-29 11:30:00,7,9,29,11,30,250,128,,47.082,6.351,Plein jour,Hors agglomération,Hors intersection,Normale,Deux véhicules - côté,,,,,,,,,,,1,1,1,1,3
200700053901,0007-09-07 20:15:00,7,9,7,20,15,250,259,Place Girod - 25560,,,Nuit avec éclairage allumé,En agglomération,Hors intersection,Normale,Deux véhicules - frontale,,,,,,,,,,,5,2,1,1,1
200700053902,0007-09-19 15:00:00,7,9,19,15,0,250,517,,,,Plein jour,Hors agglomération,Hors intersection,Normale,Deux véhicules - frontale,,,,,,,,,,,1,1,1,1,1
200700053903,0007-09-12 07:00:00,7,9,12,7,0,250,413,,,,Plein jour,Hors agglomération,Hors intersection,Normale,Deux véhicules - côté,,,,,,,,,,,1,1,1,1,3
200700053904,0007-09-21 10:15:00,7,9,21,10,15,390,97,avenue de la république,,,Plein jour,En agglomération,Hors intersection,Normale,Autre collision,,,,,,,,,,,1,2,1,1,6
200700053905,0007-09-28 15:45:00,7,9,28,15,45,390,19,,46.95,5.78,Plein jour,Hors agglomération,Hors intersection,Pluie légère,Trois véhicules et plus - collisions multiples,,,,,,,,,,,1,1,1,2,5
200700053906,0007-09-15 16:30:00,7,9,15,16,30,390,502,17 Route d'ounans,47.025,5.663,Plein jour,En agglomération,Hors intersection,Normale,Deux véhicules - frontale,,,,,,,,,,,1,2,1,1,1
200700053907,0007-09-02 20:30:00,7,9,2,20,30,390,396,72 Avenue de la Républiq,47.152,5.654,Nuit sans éclairage public,En agglomération,Hors intersection,Normale,Deux véhicules - frontale,,,,,,,,,,,3,2,1,1,1
200700053908,0007-09-28 17:15:00,7,9,28,17,15,390,219,,47.178,5.783,Plein jour,Hors agglomération,Hors intersection,Pluie forte,Deux véhicules - frontale,,,,,,,,,,,1,1,1,3,1
200700053909,0007-09-09 12:00:00,7,9,9,12,0,390,232,,46.63,5.954,Plein jour,Hors agglomération,Hors intersection,Normale,Autre collision,,,,,,,,,,,1,1,1,1,6
200700053910,0007-09-06 20:45:00,7,9,6,20,45,700,324,,,,Plein jour,Hors agglomération,Hors intersection,Normale,Deux véhicules - frontale,,,,,,,,,,,1,1,1,1,1
200700053911,0007-09-08 18:30:00,7,9,8,18,30,700,414,,47.779,6.76,Plein jour,Hors agglomération,Hors intersection,Normale,Autre collision,,,,,,,,,,,1,1,1,1,6
200700053912,0007-09-22 19:15:00,7,9,22,19,15,700,63,,47.775,6.614,Plein jour,Hors agglomération,Hors intersection,Normale,Deux véhicules - côté,,,,,,,,,,,1,1,1,1,3
200700053913,0007-09-23 03:30:00,7,9,23,3,30,700,497,,,,Nuit sans éclairage public,Hors agglomération,Hors intersection,Normale,Sans collision,,,,,,,,,,,3,1,1,1,7
200700053914,0007-09-30 13:45:00,7,9,30,13,45,700,312,,47.613,6.697,Plein jour,Hors agglomération,Hors intersection,Normale,Trois véhicules et plus - collisions multiples,,,,,,,,,,,1,1,1,1,5
200700053915,0007-09-21 17:15:00,7,9,21,17,15,700,311,,47.837,6.377,Plein jour,Hors agglomération,Hors intersection,Normale,Deux véhicules - arrière,,,,,,,,,,,1,1,1,1,2
200700053916,0007-09-09 16:15:00,7,9,9,16,15,700,245,,,,Plein jour,Hors agglomération,Hors intersection,Normale,Autre collision,,,,,,,,,,,1,1,1,1,6
200700053917,0007-09-21 13:00:00,7,9,21,13,0,700,198,,47.556,5.676,Plein jour,Hors agglomération,Autre intersection,Normale,Deux véhicules - côté,,,,,,,,,,,1,1,9,1,3
200700053918,0007-09-28 16:15:00,7,9,28,16,15,700,252,,47.576,5.57,Plein jour,Hors agglomération,Hors intersection,Pluie forte,Deux véhicules - frontale,,,,,,,,,,,1,1,1,3,1
200700053919,0007-09-22 15:00:00,7,9,22,15,0,900,42,rue de valdoie,,,Plein jour,En agglomération,Hors intersection,Normale,Deux véhicules - côté,,,,,,,,,,,1,2,1,1,3
200700053920,0007-09-06 12:45:00,7,9,6,12,45,380,72,,,,Plein jour,Hors agglomération,Hors intersection,Normale,Deux véhicules - frontale,,,,,,,,,,,1,1,1,1,1
200700053921,0007-09-03 06:00:00,7,9,3,6,0,260,353,,44.67,4.798,Nuit sans éclairage public,Hors agglomération,Hors intersection,Normale,Deux véhicules - arrière,,,,,,,,,,,3,1,1,1,2
200700053922,0007-09-12 11:30:00,7,9,12,11,30,260,339,,44.586,4.805,Plein jour,Hors agglomération,Hors intersection,Normale,Trois véhicules et plus - collisions multiples,,,,,,,,,,,1,1,1,1,5
200700053923,0007-09-21 17:15:00,7,9,21,17,15,260,339,,,,Plein jour,Hors agglomération,Hors intersection,Normale,Deux véhicules - arrière,,,,,,,,,,,1,1,1,1,2
200700053924,0007-09-22 14:30:00,7,9,22,14,30,260,5,,44.519,4.783,Plein jour,Hors agglomération,Autre intersection,Normale,Deux véhicules - frontale,,,,,,,,,,,1,1,9,1,1
200700053925,0007-09-23 12:15:00,7,9,23,12,15,130,111,,,,Plein jour,Hors agglomération,Hors intersection,Normale,Deux véhicules - frontale,,,,,,,,,,,1,1,1,1,1
200700053926,0007-09-04 18:00:00,7,9,4,18,0,130,60,,,,Plein jour,Hors agglomération,Hors intersection,Normale,Trois véhicules et plus - en chaîne,,,,,,,,,,,1,1,1,1,4
200700053927,0007-09-10 16:30:00,7,9,10,16,30,130,59,,43.633,5.488,Plein jour,Hors agglomération,Hors intersection,Normale,Deux véhicules - côté,,,,,,,,,,,1,1,1,1,3
200700053928,0007-09-16 17:15:00,7,9,16,17,15,130,99,,43.681,5.729,Plein jour,Hors agglomération,Intersection en X,Normale,Deux véhicules - frontale,,,,,,,,,,,1,1,2,1,1
200700053929,0007-09-01 11:15:00,7,9,1,11,15,130,19,,43.425,5.355,Plein jour,Hors agglomération,Hors intersection,Normale,Deux véhicules - frontale,,,,,,,,,,,1,1,1,1,1
200700053930,0007-09-09 17:00:00,7,9,9,17,0,130,19,,43.421,5.361,Plein jour,Hors agglomération,Autre intersection,Normale,Autre collision,,,,,,,,,,,1,1,9,1,6
200700053931,0007-09-16 02:00:00,7,9,16,2,0,130,15,Avenue des chabauds,43.45,5.398,Nuit avec éclairage allumé,En agglomération,Intersection en X,Normale,Deux véhicules - côté,,,,,,,,,,,5,2,2,1,3
200700053932,0007-09-25 17:15:00,7,9,25,17,15,130,15,avenue thiers,43.458,5.403,Plein jour,En agglomération,Hors intersection,Temps éblouissant,Deux véhicules - côté,,,,,,,,,,,1,2,1,7,3
200700053933,0007-09-01 21:45:00,7,9,1,21,45,130,79,,43.516,5.681,Nuit sans éclairage public,Hors agglomération,Hors intersection,Normale,Deux véhicules - frontale,,,,,,,,,,,3,1,1,1,1
200700053934,0007-09-21 11:45:00,7,9,21,11,45,130,79,,43.487,5.687,Plein jour,Hors agglomération,Intersection en X,Normale,Deux véhicules - côté,,,,,,,,,,,1,1,2,1,3
200700053935,0007-09-29 20:15:00,7,9,29,20,15,130,4,,43.644,4.724,Nuit sans éclairage public,Hors agglomération,Hors intersection,Normale,Trois véhicules et plus - en chaîne,,,,,,,,,,,3,1,1,1,4
200700053936,0007-09-13 15:15:00,7,9,13,15,15,130,987,,43.824,4.897,Plein jour,Hors agglomération,Hors intersection,Normale,Deux véhicules - frontale,,,,,,,,,,,1,1,1,1,1
200700053937,0007-09-15 01:00:00,7,9,15,1,0,130,27,La Crau de Châteaurenard,43.868,4.842,Nuit avec éclairage non allumé,En agglomération,Giratoire,Normale,Autre collision,,,,,,,,,,,4,2,6,1,6
200700053938,0007-09-29 11:45:00,7,9,29,11,45,130,27,Rue Jean Mermooz,43.885,4.858,Plein jour,En agglomération,Hors intersection,Normale,Deux véhicules - frontale,,,,,,,,,,,1,2,1,1,1
200700053939,0007-09-01 17:30:00,7,9,1,17,30,130,97,Avenue ST ROCH,43.644,4.805,Plein jour,En agglomération,Hors intersection,Normale,Deux véhicules - arrière,,,,,,,,,,,1,2,1,1,2
200700053940,0007-09-07 14:30:00,7,9,7,14,30,130,100,,,,Plein jour,Hors agglomération,Autre intersection,Normale,Trois véhicules et plus - collisions multiples,,,,,,,,,,,1,1,9,1,5
200700053941,0007-09-28 08:30:00,7,9,28,8,30,130,100,,,,Plein jour,Hors agglomération,Intersection en T,Normale,Deux véhicules - côté,,,,,,,,,,,1,1,3,1,3
200700053942,0007-09-04 10:45:00,7,9,4,10,45,130,20,,,,Plein jour,Hors agglomération,Hors intersection,Normale,Sans collision,,,,,,,,,,,1,1,1,1,7
200700053943,0007-09-13 21:15:00,7,9,13,21,15,130,73,,,,Plein jour,Hors agglomération,Hors intersection,Normale,Deux véhicules - frontale,,,,,,,,,,,1,1,1,1,1
200700053944,0007-09-14 17:00:00,7,9,14,17,0,130,101,,,,Plein jour,Hors agglomération,Hors intersection,Normale,Deux véhicules - frontale,,,,,,,,,,,1,1,1,1,1
200700053945,0007-09-28 20:15:00,7,9,28,20,15,130,14,Avenue Paul Langevin,43.488,5.173,Nuit avec éclairage allumé,En agglomération,Hors intersection,Normale,Deux véhicules - frontale,,,,,,,,,,,5,2,1,1,1
200700053946,0007-09-15 05:00:00,7,9,15,5,0,130,35,quartier st roch,43.695,5.024,Nuit sans éclairage public,En agglomération,Hors intersection,Normale,Deux véhicules - frontale,,,,,,,,,,,3,2,1,1,1
200700053947,0007-09-19 21:45:00,7,9,19,21,45,130,35,AVENUE GABRIEL PERI,,,Nuit avec éclairage allumé,En agglomération,Hors intersection,Normale,Deux véhicules - arrière,,,,,,,,,,,5,2,1,1,2
200700053948,0007-09-12 19:00:00,7,9,12,19,0,130,67,RN7,,,Plein jour,En agglomération,Hors intersection,Normale,Deux véhicules - côté,,,,,,,,,,,1,2,1,1,3
200700053949,0007-09-14 06:45:00,7,9,14,6,45,130,76,,,,Crépuscule ou aube,Hors agglomération,Hors intersection,Normale,Deux véhicules - arrière,,,,,,,,,,,2,1,1,1,2
200700053950,0007-09-09 04:30:00,7,9,9,4,30,40,46,,44.042,6.146,Nuit sans éclairage public,Hors agglomération,Hors intersection,Normale,Sans collision,,,,,,,,,,,3,1,1,1,7
200700053951,0007-09-30 03:00:00,7,9,30,3,0,40,94,,43.783,5.821,Nuit sans éclairage public,Hors agglomération,Hors intersection,Pluie forte,Deux véhicules - frontale,,,,,,,,,,,3,1,1,3,1
200700053952,0007-09-06 18:30:00,7,9,6,18,30,40,41,lieu dit les bachaires,,,Plein jour,En agglomération,Hors intersection,Normale,Deux véhicules - côté,,,,,,,,,,,1,2,1,1,3
200700053953,0007-09-08 09:30:00,7,9,8,9,30,40,108,Rd point de MALIJAI,,,Plein jour,En agglomération,Giratoire,Normale,Deux véhicules - côté,,,,,,,,,,,1,2,6,1,3
200700053954,0007-09-02 04:30:00,7,9,2,4,30,40,203,,44.372,6.32,Nuit sans éclairage public,Hors agglomération,Hors intersection,Normale,Sans collision,,,,,,,,,,,3,1,1,1,7
200700053955,0007-09-05 20:30:00,7,9,5,20,30,40,166,,43.809,6.054,Crépuscule ou aube,Hors agglomération,Hors intersection,Normale,Autre collision,,,,,,,,,,,2,1,1,1,6
200700053956,0007-09-16 18:45:00,7,9,16,18,45,40,104,,,,Plein jour,Hors agglomération,Hors intersection,Normale,Autre collision,,,,,,,,,,,1,1,1,1,6
200700053957,0007-09-06 07:45:00,7,9,6,7,45,40,245,RD4096 - PR 18+600,43.88,5.845,Plein jour,En agglomération,Intersection en T,Normale,Deux véhicules - côté,,,,,,,,,,,1,2,3,1,3
200700053958,0007-09-13 08:15:00,7,9,13,8,15,40,152,,43.82,5.722,Plein jour,Hors agglomération,Hors intersection,Normale,Deux véhicules - frontale,,,,,,,,,,,1,1,1,1,1
200700053959,0007-09-14 18:00:00,7,9,14,18,0,40,197,Avenue de la République,43.791,5.768,Plein jour,En agglomération,Hors intersection,Temps éblouissant,Autre collision,,,,,,,,,,,1,2,1,7,6
200700053960,0007-09-08 04:30:00,7,9,8,4,30,40,209,route de gap,,,Nuit avec éclairage allumé,En agglomération,Hors intersection,Normale,Deux véhicules - côté,,,,,,,,,,,5,2,1,1,3
200700053961,0007-09-28 16:30:00,7,9,28,16,30,40,209,chemin des chaudettes,,,Plein jour,En agglomération,Hors intersection,Normale,Sans collision,,,,,,,,,,,1,2,1,1,7
200700053962,0007-09-29 16:00:00,7,9,29,16,0,40,49,Av du Général de Gaulle,,,Plein jour,En agglomération,Hors intersection,Pluie légère,Deux véhicules - côté,,,,,,,,,,,1,2,1,2,3
200700053963,0007-09-12 12:30:00,7,9,12,12,30,50,53,,44.358,5.767,Plein jour,Hors agglomération,Hors intersection,Normale,Deux véhicules - côté,,,,,,,,,,,1,1,1,1,3
200700053964,0007-09-28 20:45:00,7,9,28,20,45,50,118,,44.2,5.91,Nuit sans éclairage public,Hors agglomération,Hors intersection,Normale,Autre collision,,,,,,,,,,,3,1,1,1,6
200700053965,0007-09-02 20:15:00,7,9,2,20,15,50,170,,44.472,6.034,Plein jour,Hors agglomération,Hors intersection,Normale,Trois véhicules et plus - collisions multiples,,,,,,,,,,,1,1,1,1,5
200700053966,0007-09-21 20:00:00,7,9,21,20,0,50,162,AVENUE DE MARSEILLE,,,Nuit avec éclairage allumé,En agglomération,Intersection en T,Normale,Deux véhicules - côté,,,,,,,,,,,5,2,3,1,3
200700053967,0007-09-29 16:30:00,7,9,29,16,30,50,170,,,,Plein jour,Hors agglomération,Hors intersection,Normale,Deux véhicules - arrière,,,,,,,,,,,1,1,1,1,2
200700053968,0007-09-16 15:30:00,7,9,16,15,30,50,146,,,,Plein jour,Hors agglomération,Hors intersection,Normale,Deux véhicules - frontale,,,,,,,,,,,1,1,1,1,1
200700053969,0007-09-22 17:45:00,7,9,22,17,45,50,63,,,,Plein jour,Hors agglomération,Hors intersection,Normale,Deux véhicules - côté,,,,,,,,,,,1,1,1,1,3
200700053970,0007-09-28 15:30:00,7,9,28,15,30,50,161,Route du bez,,,Plein jour,En agglomération,Hors intersection,Normale,Autre collision,,,,,,,,,,,1,2,1,1,6
200700053971,0007-09-17 07:45:00,7,9,17,7,45,50,46,CENTRE VILLE,,,Plein jour,En agglomération,Hors intersection,Normale,Deux véhicules - frontale,,,,,,,,,,,1,2,1,1,1
200700053972,0007-09-13 18:30:00,7,9,13,18,30,50,17,LE VILLAGE,44.568,6.199,Crépuscule ou aube,En agglomération,Hors intersection,Normale,Autre collision,,,,,,,,,,,2,2,1,1,6
200700053973,0007-09-19 14:05:00,7,9,19,14,5,50,65,CD902,,,Plein jour,Hors agglomération,Hors intersection,Normale,Deux véhicules - frontale,,,,,,,,,,,1,1,1,1,1
200700053974,0007-09-03 16:30:00,7,9,3,16,30,60,92,,43.77,7.36,Plein jour,Hors agglomération,Hors intersection,Normale,Autre collision,,,,,,,,,,,1,1,1,1,6
200700053975,0007-09-29 13:30:00,7,9,29,13,30,60,91,,,,Plein jour,Hors agglomération,Hors intersection,Normale,Autre collision,,,,,,,,,,,1,1,1,1,6
200700053976,0007-09-22 12:00:00,7,9,22,12,0,60,147,,43.801,7.257,Plein jour,Hors agglomération,Hors intersection,Normale,Autre collision,,,,,,,,,,,1,1,1,1,6
200700053977,0007-09-07 17:45:00,7,9,7,17,45,60,20,,,,Plein jour,Hors agglomération,Hors intersection,Normale,Deux véhicules - frontale,,,,,,,,,,,1,1,1,1,1
200700053978,0007-09-25 17:15:00,7,9,25,17,15,60,149,BD RIBA ROUSSA,,,Plein jour,En agglomération,Hors intersection,Normale,Autre collision,,,,,,,,,,,1,2,1,1,6
200700053979,0007-09-01 20:45:00,7,9,1,20,45,60,161,CD 6007,,,Crépuscule ou aube,En agglomération,Hors intersection,Normale,Deux véhicules - côté,,,,,,,,,,,2,2,1,1,3
200700053980,0007-09-04 06:15:00,7,9,4,6,15,60,161,,,,Crépuscule ou aube,Hors agglomération,Hors intersection,Normale,Deux véhicules - frontale,,,,,,,,,,,2,1,1,1,1
200700053981,0007-09-07 17:00:00,7,9,7,17,0,60,161,,,,Plein jour,En agglomération,Hors intersection,Normale,Deux véhicules - arrière,,,,,,,,,,,1,2,1,1,2
200700053982,0007-09-07 07:00:00,7,9,7,7,0,60,44,,,,Crépuscule ou aube,En agglomération,Hors intersection,Normale,Deux véhicules - côté,,,,,,,,,,,2,2,1,1,3
200700053983,0007-09-16 18:00:00,7,9,16,18,0,60,161,RD 6007,,,Plein jour,En agglomération,Autre intersection,Normale,Deux véhicules - côté,,,,,,,,,,,1,2,9,1,3
200700053984,0007-09-28 08:15:00,7,9,28,8,15,60,161,,,,Plein jour,Hors agglomération,Hors intersection,Normale,Deux véhicules - frontale,,,,,,,,,,,1,1,1,1,1
200700053985,0007-09-19 02:45:00,7,9,19,2,45,60,161,RN 6098,,,Nuit avec éclairage allumé,En agglomération,Hors intersection,Normale,Sans collision,,,,,,,,,,,5,2,1,1,7
200700053986,0007-09-30 16:00:00,7,9,30,16,0,60,79,Route du Golf,43.529,6.936,Plein jour,En agglomération,Hors intersection,Normale,Autre collision,,,,,,,,,,,1,2,1,1,6
200700053987,0007-09-08 13:15:00,7,9,8,13,15,60,26,docteur belletrud,,,Plein jour,En agglomération,Hors intersection,Normale,Deux véhicules - frontale,,,,,,,,,,,1,2,1,1,1
200700053988,0007-09-12 10:45:00,7,9,12,10,45,60,130,parking lebon,,,Plein jour,En agglomération,Hors intersection,Normale,Autre collision,,,,,,,,,,,1,2,1,1,6
200700053989,0007-09-23 18:00:00,7,9,23,18,0,60,58,,,,Plein jour,Hors agglomération,Hors intersection,Normale,Sans collision,,,,,,,,,,,1,1,1,1,7
200700053990,0007-09-25 18:15:00,7,9,25,18,15,60,130,AVENUE NICOLAS LOMBARD,,,Plein jour,En agglomération,Hors intersection,Normale,Autre collision,,,,,,,,,,,1,2,1,1,6
200700053991,0007-09-30 01:15:00,7,9,30,1,15,60,140,,,,Nuit sans éclairage public,Hors agglomération,Hors intersection,Normale,Deux véhicules - frontale,,,,,,,,,,,3,1,1,1,1
200700053992,0007-09-01 09:30:00,7,9,1,9,30,60,128,,43.703,7.131,Plein jour,Hors agglomération,Hors intersection,Normale,Deux véhicules - côté,,,,,,,,,,,1,1,1,1,3
200700053993,0007-09-03 12:00:00,7,9,3,12,0,60,128,,43.68,7.125,Plein jour,Hors agglomération,Hors intersection,Normale,Deux véhicules - frontale,,,,,,,,,,,1,1,1,1,1
200700053994,0007-09-01 17:15:00,7,9,1,17,15,60,33,D2210,43.795,7.188,Plein jour,En agglomération,Hors intersection,Normale,Deux véhicules - côté,,,,,,,,,,,1,2,1,1,3
200700053995,0007-09-17 18:00:00,7,9,17,18,0,60,34,,,,Plein jour,Hors agglomération,Hors intersection,Normale,Deux véhicules - côté,,,,,,,,,,,1,1,1,1,3
200700053996,0007-09-20 17:30:00,7,9,20,17,30,60,126,,,,Plein jour,Hors agglomération,Intersection en T,Normale,Deux véhicules - côté,,,,,,,,,,,1,1,3,1,3
200700053997,0007-09-24 17:30:00,7,9,24,17,30,60,33,,,,Plein jour,Hors agglomération,Hors intersection,Normale,Deux véhicules - côté,,,,,,,,,,,1,1,1,1,3
200700053998,0007-09-02 19:00:00,7,9,2,19,0,60,136,,43.854,7.452,Crépuscule ou aube,Hors agglomération,Hors intersection,Normale,Sans collision,,,,,,,,,,,2,1,1,1,7
200700053999,0007-09-08 17:15:00,7,9,8,17,15,60,136,,43.857,7.452,Plein jour,Hors agglomération,Hors intersection,Normale,Autre collision,,,,,,,,,,,1,1,1,1,6