accident_id,datetime,annee,mois,jour,heure,minute,departement,commune_insee,adresse,latitude,longitude,luminosite,agglomeration,intersection,meteo,collision,nb_vehicules,nb_usagers,nb_indemnes,nb_tues,nb_blesses_hosp,nb_blesses_legers,age_cond_1,age_cond_2,veh_type_cond_1,veh_type_cond_2,lum_code,agg_code,int_code,atm_code,col_code
200700054419,0007-09-06 22:15:00,7,9,6,22,15,950,371,,49.074,2.528,Nuit sans éclairage public,Hors agglomération,Hors intersection,Normale,Autre collision,,,,,,,,,,,3,1,1,1,6
200700054420,0007-09-30 05:30:00,7,9,30,5,30,760,517,,49.512,1.183,Nuit sans éclairage public,Hors agglomération,Hors intersection,Brouillard / fumée,Autre collision,,,,,,,,,,,3,1,1,5,6
200700054421,0007-09-13 03:30:00,7,9,13,3,30,410,206,,47.628,1.345,Nuit sans éclairage public,Hors agglomération,Hors intersection,Normale,Deux véhicules - arrière,,,,,,,,,,,3,1,1,1,2
200700054422,0007-09-01 04:00:00,7,9,1,4,0,740,81,,,,Nuit sans éclairage public,Hors agglomération,Hors intersection,Normale,Trois véhicules et plus - collisions multiples,,,,,,,,,,,3,1,1,1,5
200700054423,0007-09-09 21:00:00,7,9,9,21,0,740,81,,,,Nuit avec éclairage allumé,Hors agglomération,Hors intersection,Normale,Autre collision,,,,,,,,,,,5,1,1,1,6
200700054424,0007-09-16 09:45:00,7,9,16,9,45,740,42,,,,Plein jour,Hors agglomération,Hors intersection,Normale,Deux véhicules - arrière,,,,,,,,,,,1,1,1,1,2
200700054425,0007-09-20 18:15:00,7,9,20,18,15,740,133,,,,Plein jour,Hors agglomération,Hors intersection,Normale,Autre collision,,,,,,,,,,,1,1,1,1,6
200700054426,0007-09-17 21:15:00,7,9,17,21,15,300,123,,,,Nuit sans éclairage public,Hors agglomération,Hors intersection,Pluie forte,Deux véhicules - côté,,,,,,,,,,,3,1,1,3,3
200700054427,0007-09-21 13:30:00,7,9,21,13,30,300,189,,,,Plein jour,Hors agglomération,Hors intersection,Normale,Autre collision,,,,,,,,,,,1,1,1,1,6
200700054428,0007-09-11 17:45:00,7,9,11,17,45,340,135,,43.266,3.169,Plein jour,Hors agglomération,Hors intersection,Normale,Deux véhicules - arrière,,,,,,,,,,,1,1,1,1,2
200700054429,0007-09-01 00:30:00,7,9,1,0,30,370,156,AVENUE VICTOR LALOUX,,,Nuit avec éclairage allumé,En agglomération,Giratoire,Normale,Deux véhicules - côté,,,,,,,,,,,5,2,6,1,3
200700054430,0007-09-13 14:00:00,7,9,13,14,0,370,27,,,,Plein jour,Hors agglomération,Hors intersection,Normale,Sans collision,,,,,,,,,,,1,1,1,1,7
200700054431,0007-09-14 15:45:00,7,9,14,15,45,450,344,,,,Plein jour,Hors agglomération,Hors intersection,Normale,Autre collision,,,,,,,,,,,1,1,1,1,6
200700054432,0007-09-23 15:15:00,7,9,23,15,15,280,367,,,,Plein jour,Hors agglomération,Hors intersection,Normale,Autre collision,,,,,,,,,,,1,1,1,1,6
200700054433,0007-09-30 11:30:00,7,9,30,11,30,280,367,,,,Plein jour,Hors agglomération,Hors intersection,Normale,Sans collision,,,,,,,,,,,1,1,1,1,7
200700054434,0007-09-20 17:00:00,7,9,20,17,0,730,296,,,,Plein jour,Hors agglomération,Hors intersection,Normale,Deux véhicules - frontale,,,,,,,,,,,1,1,1,1,1
200700054435,0007-09-01 23:00:00,7,9,1,23,0,130,114,,,,Nuit sans éclairage public,Hors agglomération,Hors intersection,Normale,Deux véhicules - frontale,,,,,,,,,,,3,1,1,1,1
200700054436,0007-09-24 08:15:00,7,9,24,8,15,130,114,,,,Plein jour,Hors agglomération,Hors intersection,Normale,Deux véhicules - frontale,,,,,,,,,,,1,1,1,1,1
200700054437,0007-09-21 17:00:00,7,9,21,17,0,670,140,rue de KOENIGSBRUCK,,,Plein jour,En agglomération,Hors intersection,Normale,Deux véhicules - côté,,,,,,,,,,,1,2,1,1,3
200700054438,0007-09-19 10:45:00,7,9,19,10,45,730,179,,45.609,5.883,Plein jour,Hors agglomération,Hors intersection,Normale,Autre collision,,,,,,,,,,,1,1,1,1,6
200700054439,0007-09-20 14:15:00,7,9,20,14,15,730,25,,45.566,5.692,Plein jour,Hors agglomération,Hors intersection,Normale,Autre collision,,,,,,,,,,,1,1,1,1,6
200700054440,0007-09-23 18:45:00,7,9,23,18,45,730,179,,45.606,5.884,Plein jour,Hors agglomération,Hors intersection,Normale,Autre collision,,,,,,,,,,,1,1,1,1,6
200700054441,0007-09-09 06:15:00,7,9,9,6,15,130,58,,,,Crépuscule ou aube,Hors agglomération,Hors intersection,Normale,Autre collision,,,,,,,,,,,2,1,1,1,6
200700054442,0007-09-11 23:45:00,7,9,11,23,45,130,58,,,,Nuit sans éclairage public,Hors agglomération,Hors intersection,Normale,Deux véhicules - frontale,,,,,,,,,,,3,1,1,1,1
200700054443,0007-09-10 09:45:00,7,9,10,9,45,410,147,,,,Plein jour,En agglomération,Hors intersection,Normale,Autre collision,,,,,,,,,,,1,2,1,1,6
200700054444,0007-09-17 18:15:00,7,9,17,18,15,410,233,,,,Plein jour,En agglomération,Hors intersection,Normale,Autre collision,,,,,,,,,,,1,2,1,1,6
200700054445,0007-09-01 12:00:00,7,9,1,12,0,690,27,rue du général de gaulle,,,Plein jour,En agglomération,Hors intersection,Normale,Autre collision,,,,,,,,,,,1,2,1,1,6
200700054446,0007-09-06 08:15:00,7,9,6,8,15,690,27,Avenue du Gnl de GAULLE,45.679,4.758,Plein jour,En agglomération,Autre intersection,Autre,Autre collision,,,,,,,,,,,1,2,9,9,6
200700054447,0007-09-08 21:45:00,7,9,8,21,45,290,201,,48.402,-4.668,Nuit sans éclairage public,Hors agglomération,Hors intersection,Normale,Deux véhicules - côté,,,,,,,,,,,3,1,1,1,3
200700054448,0007-09-02 21:45:00,7,9,2,21,45,340,101,,43.401,3.469,Crépuscule ou aube,Hors agglomération,Hors intersection,Normale,Deux véhicules - arrière,,,,,,,,,,,2,1,1,1,2
200700054449,0007-09-11 18:15:00,7,9,11,18,15,340,113,,,,Plein jour,Hors agglomération,Hors intersection,Normale,Deux véhicules - frontale,,,,,,,,,,,1,1,1,1,1
200700054450,0007-09-21 12:45:00,7,9,21,12,45,340,31,,43.369,3.383,Plein jour,Hors agglomération,Hors intersection,Normale,Autre collision,,,,,,,,,,,1,1,1,1,6
200700054451,0007-09-25 01:30:00,7,9,25,1,30,340,101,,43.4,3.468,Nuit sans éclairage public,Hors agglomération,Hors intersection,Normale,Deux véhicules - arrière,,,,,,,,,,,3,1,1,1,2
200700054452,0007-09-13 16:30:00,7,9,13,16,30,330,474,,44.677,-0.474,Plein jour,Hors agglomération,Hors intersection,Normale,Sans collision,,,,,,,,,,,1,1,1,1,7
200700054453,0007-09-08 16:30:00,7,9,8,16,30,310,506,1 RUE DU PARTENAIS,,,Plein jour,En agglomération,Hors intersection,Normale,Deux véhicules - frontale,,,,,,,,,,,1,2,1,1,1
200700054454,0007-09-24 09:30:00,7,9,24,9,30,630,126,,,,Plein jour,Hors agglomération,Hors intersection,Normale,Deux véhicules - côté,,,,,,,,,,,1,1,1,1,3
200700054455,0007-09-19 01:30:00,7,9,19,1,30,630,178,,45.512,3.263,Nuit sans éclairage public,Hors agglomération,Hors intersection,Normale,Autre collision,,,,,,,,,,,3,1,1,1,6
200700054456,0007-09-01 22:30:00,7,9,1,22,30,910,85,,,,Plein jour,Hors agglomération,Hors intersection,Normale,Autre collision,,,,,,,,,,,1,1,1,1,6
200700054457,0007-09-06 14:45:00,7,9,6,14,45,910,105,ROUTE D'ARPAJON,48.581,2.193,Plein jour,En agglomération,Hors intersection,Pluie légère,Trois véhicules et plus - collisions multiples,,,,,,,,,,,1,2,1,2,5
200700054458,0007-09-12 20:00:00,7,9,12,20,0,910,85,62 rue de chatres,,,Plein jour,En agglomération,Hors intersection,Normale,Sans collision,,,,,,,,,,,1,2,1,1,7
200700054459,0007-09-29 16:00:00,7,9,29,16,0,910,85,,,,Plein jour,Hors agglomération,Hors intersection,Normale,Autre collision,,,,,,,,,,,1,1,1,1,6
200700054460,0007-09-01 15:45:00,7,9,1,15,45,380,52,,45.063,6.028,Plein jour,Hors agglomération,Hors intersection,Normale,Deux véhicules - arrière,,,,,,,,,,,1,1,1,1,2
200700054461,0007-09-02 17:45:00,7,9,2,17,45,20,85,,49.082,3.39,Plein jour,Hors agglomération,Hors intersection,Normale,Sans collision,,,,,,,,,,,1,1,1,1,7
200700054462,0007-09-29 23:45:00,7,9,29,23,45,680,59,,,,Nuit sans éclairage public,Hors agglomération,Hors intersection,Normale,Autre collision,,,,,,,,,,,3,1,1,1,6
200700054463,0007-09-01 00:45:00,7,9,1,0,45,660,137,,,,Nuit sans éclairage public,Hors agglomération,Hors intersection,Normale,Autre collision,,,,,,,,,,,3,1,1,1,6
200700054464,0007-09-06 19:00:00,7,9,6,19,0,660,137,,,,Plein jour,Hors agglomération,Autre intersection,Normale,Trois véhicules et plus - collisions multiples,,,,,,,,,,,1,1,9,1,5
200700054465,0007-09-23 15:30:00,7,9,23,15,30,660,24,,,,Plein jour,Hors agglomération,Hors intersection,Normale,Deux véhicules - arrière,,,,,,,,,,,1,1,1,1,2
200700054466,0007-09-30 20:15:00,7,9,30,20,15,660,136,,42.672,2.864,Nuit sans éclairage public,Hors agglomération,Hors intersection,Normale,Autre collision,,,,,,,,,,,3,1,1,1,6
200700054467,0007-09-14 17:30:00,7,9,14,17,30,380,150,,45.199,5.822,Plein jour,Hors agglomération,Hors intersection,Normale,Trois véhicules et plus - collisions multiples,,,,,,,,,,,1,1,1,1,5
200700054468,0007-09-24 17:00:00,7,9,24,17,0,380,140,,45.27,5.896,Plein jour,Hors agglomération,Hors intersection,Normale,Deux véhicules - côté,,,,,,,,,,,1,1,1,1,3
200700054469,0007-09-25 08:15:00,7,9,25,8,15,130,109,,,,Plein jour,Hors agglomération,Hors intersection,Normale,Trois véhicules et plus - collisions multiples,,,,,,,,,,,1,1,1,1,5
200700054470,0007-09-13 04:30:00,7,9,13,4,30,60,27,,,,Nuit avec éclairage allumé,Hors agglomération,Hors intersection,Normale,Deux véhicules - arrière,,,,,,,,,,,5,1,1,1,2
200700054471,0007-09-13 11:45:00,7,9,13,11,45,60,27,,,,Plein jour,Hors agglomération,Hors intersection,Normale,Trois véhicules et plus - collisions multiples,,,,,,,,,,,1,1,1,1,5
200700054472,0007-09-30 17:15:00,7,9,30,17,15,60,4,,,,Plein jour,Hors agglomération,Autre intersection,Normale,Deux véhicules - côté,,,,,,,,,,,1,1,9,1,3
200700054473,0007-09-06 17:30:00,7,9,6,17,30,660,12,CD1,,,Plein jour,En agglomération,Hors intersection,Normale,Deux véhicules - frontale,,,,,,,,,,,1,2,1,1,1
200700054474,0007-09-04 22:00:00,7,9,4,22,0,590,485,Rue Roger Salengro,50.171,3.43,Nuit avec éclairage allumé,En agglomération,Hors intersection,Normale,Autre collision,,,,,,,,,,,5,2,1,1,6
200700054475,0007-09-07 14:45:00,7,9,7,14,45,590,528,Rue pasteur,50.211,3.418,Plein jour,En agglomération,Hors intersection,Normale,Deux véhicules - frontale,,,,,,,,,,,1,2,1,1,1
200700054476,0007-09-29 13:15:00,7,9,29,13,15,250,466,,47.219,5.843,Plein jour,Hors agglomération,Hors intersection,Normale,Autre collision,,,,,,,,,,,1,1,1,1,6
200700054477,0007-09-09 11:00:00,7,9,9,11,0,910,577,,48.596,2.506,Plein jour,Hors agglomération,Hors intersection,Normale,Deux véhicules - frontale,,,,,,,,,,,1,1,1,1,1
200700054478,0007-09-08 17:45:00,7,9,8,17,45,330,527,,44.61,-1.03,Plein jour,Hors agglomération,Hors intersection,Normale,Deux véhicules - frontale,,,,,,,,,,,1,1,1,1,1
200700054479,0007-09-25 09:00:00,7,9,25,9,0,330,498,,44.592,-0.84,Plein jour,Hors agglomération,Hors intersection,Pluie légère,Deux véhicules - côté,,,,,,,,,,,1,1,1,2,3
200700054480,0007-09-10 01:15:00,7,9,10,1,15,680,300,,47.792,7.425,Nuit sans éclairage public,Hors agglomération,Hors intersection,Normale,Autre collision,,,,,,,,,,,3,1,1,1,6
200700054481,0007-09-09 23:45:00,7,9,9,23,45,530,34,,,,Nuit sans éclairage public,Hors agglomération,Hors intersection,Normale,Sans collision,,,,,,,,,,,3,1,1,1,7
200700054482,0007-09-22 15:15:00,7,9,22,15,15,440,163,,,,Plein jour,Hors agglomération,Hors intersection,Normale,Sans collision,,,,,,,,,,,1,1,1,1,7
200700054483,0007-09-07 17:00:00,7,9,7,17,0,60,85,332 chemin de la plaine,,,Plein jour,En agglomération,Hors intersection,Normale,Deux véhicules - frontale,,,,,,,,,,,1,2,1,1,1
200700054484,0007-09-01 09:15:00,7,9,1,9,15,780,466,,,,Plein jour,Hors agglomération,Hors intersection,Normale,Deux véhicules - frontale,,,,,,,,,,,1,1,1,1,1
200700054485,0007-09-02 05:00:00,7,9,2,5,0,780,10,,,,Nuit sans éclairage public,Hors agglomération,Hors intersection,Normale,Autre collision,,,,,,,,,,,3,1,1,1,6
200700054486,0007-09-08 08:00:00,7,9,8,8,0,780,189,,48.89,1.89,Plein jour,Hors agglomération,Hors intersection,Normale,Deux véhicules - arrière,,,,,,,,,,,1,1,1,1,2
200700054487,0007-09-08 15:30:00,7,9,8,15,30,780,466,,48.93,1.999,Plein jour,Hors agglomération,Hors intersection,Normale,Deux véhicules - côté,,,,,,,,,,,1,1,1,1,3
200700054488,0007-09-24 08:15:00,7,9,24,8,15,780,466,,48.908,1.946,Plein jour,Hors agglomération,Hors intersection,Normale,Deux véhicules - côté,,,,,,,,,,,1,1,1,1,3
200700054489,0007-09-30 19:30:00,7,9,30,19,30,780,466,,48.93,1.998,Crépuscule ou aube,Hors agglomération,Hors intersection,Normale,Sans collision,,,,,,,,,,,2,1,1,1,7
200700054490,0007-09-06 15:45:00,7,9,6,15,45,660,213,,,,Plein jour,Hors agglomération,Hors intersection,Normale,Autre collision,,,,,,,,,,,1,1,1,1,6
200700054491,0007-09-08 14:30:00,7,9,8,14,30,660,38,Mas Gaffard  66680,,,Plein jour,En agglomération,Hors intersection,Normale,Autre collision,,,,,,,,,,,1,2,1,1,6
200700054492,0007-09-14 17:45:00,7,9,14,17,45,660,213,Avenue du stade,,,Plein jour,En agglomération,Hors intersection,Normale,Deux véhicules - arrière,,,,,,,,,,,1,2,1,1,2
200700054493,0007-09-15 15:00:00,7,9,15,15,0,670,329,,,,Plein jour,Hors agglomération,Hors intersection,Normale,Autre collision,,,,,,,,,,,1,1,1,1,6
200700054494,0007-09-09 22:45:00,7,9,9,22,45,740,44,,46.156,6.163,Nuit sans éclairage public,Hors agglomération,Hors intersection,Normale,Trois véhicules et plus - en chaîne,,,,,,,,,,,3,1,1,1,4
200700054495,0007-09-15 04:00:00,7,9,15,4,0,220,182,,,,Nuit sans éclairage public,Hors agglomération,Hors intersection,Normale,Sans collision,,,,,,,,,,,3,1,1,1,7
200700054496,0007-09-02 16:15:00,7,9,2,16,15,201,362,,41.709,9.37,Plein jour,Hors agglomération,Hors intersection,Normale,Autre collision,,,,,,,,,,,1,1,1,1,6
200700054497,0007-09-24 11:45:00,7,9,24,11,45,740,213,,45.912,6.087,Plein jour,Hors agglomération,Hors intersection,Normale,Trois véhicules et plus - collisions multiples,,,,,,,,,,,1,1,1,1,5
200700054498,0007-09-02 20:00:00,7,9,2,20,0,10,89,,45.989,5.313,Plein jour,Hors agglomération,Hors intersection,Normale,Sans collision,,,,,,,,,,,1,1,1,1,7
200700054499,0007-09-11 03:30:00,7,9,11,3,30,420,279,RUE DU GRAND PORT,45.502,4.256,Nuit avec éclairage allumé,En agglomération,Hors intersection,Normale,Autre collision,,,,,,,,,,,5,2,1,1,6
200700054500,0007-09-30 06:45:00,7,9,30,6,45,910,244,,48.553,2.409,Nuit sans éclairage public,Hors agglomération,Autre intersection,Autre,Sans collision,,,,,,,,,,,3,1,9,9,7
200700054501,0007-09-04 21:45:00,7,9,4,21,45,510,428,,,,Nuit sans éclairage public,Hors agglomération,Hors intersection,Normale,Deux véhicules - frontale,,,,,,,,,,,3,1,1,1,1
200700054502,0007-09-03 00:01:00,7,9,3,0,1,510,530,,49.122,4.25,Nuit sans éclairage public,Hors agglomération,Hors intersection,Normale,Deux véhicules - arrière,,,,,,,,,,,3,1,1,1,2
200700054503,0007-09-01 05:30:00,7,9,1,5,30,620,621,,50.873,2.017,Nuit sans éclairage public,Hors agglomération,Hors intersection,Normale,Autre collision,,,,,,,,,,,3,1,1,1,6
200700054504,0007-09-14 00:15:00,7,9,14,0,15,620,766,,,,Nuit sans éclairage public,Hors agglomération,Hors intersection,Brouillard / fumée,Autre collision,,,,,,,,,,,3,1,1,5,6
200700054505,0007-09-01 23:15:00,7,9,1,23,15,60,18,,,,Nuit sans éclairage public,Hors agglomération,Hors intersection,Normale,Deux véhicules - frontale,,,,,,,,,,,3,1,1,1,1
200700054506,0007-09-04 09:30:00,7,9,4,9,30,60,18,,,,Plein jour,Hors agglomération,Giratoire,Normale,Deux véhicules - côté,,,,,,,,,,,1,1,6,1,3
200700054507,0007-09-11 17:45:00,7,9,11,17,45,60,18,rte d'antibes au CD 504,,,Plein jour,En agglomération,Hors intersection,Normale,Deux véhicules - frontale,,,,,,,,,,,1,2,1,1,1
200700054508,0007-09-14 12:15:00,7,9,14,12,15,60,152,,,,Plein jour,Hors agglomération,Hors intersection,Normale,Deux véhicules - côté,,,,,,,,,,,1,1,1,1,3
200700054509,0007-09-15 00:01:00,7,9,15,0,1,60,152,,,,Nuit sans éclairage public,Hors agglomération,Hors intersection,Normale,Autre collision,,,,,,,,,,,3,1,1,1,6
200700054510,0007-09-16 01:30:00,7,9,16,1,30,60,152,,,,Nuit avec éclairage allumé,Hors agglomération,Hors intersection,Normale,Autre collision,,,,,,,,,,,5,1,1,1,6
200700054511,0007-09-15 21:30:00,7,9,15,21,30,690,168,Rue Henri Bouchard,,,Nuit avec éclairage allumé,En agglomération,Hors intersection,Normale,Deux véhicules - côté,,,,,,,,,,,5,2,1,1,3
200700054512,0007-09-22 02:30:00,7,9,22,2,30,690,63,,,,Nuit sans éclairage public,Hors agglomération,Hors intersection,Normale,Autre collision,,,,,,,,,,,3,1,1,1,6
200700054513,0007-09-28 16:45:00,7,9,28,16,45,690,88,QUAI JB SIMON,,,Plein jour,En agglomération,Hors intersection,Pluie légère,Autre collision,,,,,,,,,,,1,2,1,2,6
200700054514,0007-09-11 16:30:00,7,9,11,16,30,690,244,Avenue Charles de Gaulle,,,Plein jour,En agglomération,Hors intersection,Normale,Deux véhicules - arrière,,,,,,,,,,,1,2,1,1,2
200700054515,0007-09-25 14:45:00,7,9,25,14,45,690,244,AV CHARLES DE GAULLE,,,Plein jour,En agglomération,Hors intersection,Normale,Deux véhicules - côté,,,,,,,,,,,1,2,1,1,3
200700054516,0007-09-10 08:45:00,7,9,10,8,45,740,307,,,,Plein jour,Hors agglomération,Hors intersection,Normale,Deux véhicules - arrière,,,,,,,,,,,1,1,1,1,2
200700054517,0007-09-23 13:00:00,7,9,23,13,0,90,70,,,,Plein jour,Hors agglomération,Hors intersection,Normale,Sans collision,,,,,,,,,,,1,1,1,1,7
200700054518,0007-09-11 20:45:00,7,9,11,20,45,350,210,,,,Crépuscule ou aube,Hors agglomération,Hors intersection,Normale,Deux véhicules - frontale,,,,,,,,,,,2,1,1,1,1
200700054519,0007-09-11 18:30:00,7,9,11,18,30,350,353,,,,Plein jour,Hors agglomération,Hors intersection,Normale,Sans collision,,,,,,,,,,,1,1,1,1,7
200700054520,0007-09-14 17:30:00,7,9,14,17,30,560,243,Rue Cousteau,47.652,-2.72,Plein jour,En agglomération,Intersection en T,Normale,Deux véhicules - côté,,,,,,,,,,,1,2,3,1,3
200700054521,0007-09-12 12:45:00,7,9,12,12,45,630,66,,45.876,3.65,Plein jour,Hors agglomération,Hors intersection,Normale,Trois véhicules et plus - collisions multiples,,,,,,,,,,,1,1,1,1,5
200700054522,0007-09-15 16:30:00,7,9,15,16,30,420,159,,45.856,3.768,Plein jour,Hors agglomération,Hors intersection,Normale,Autre collision,,,,,,,,,,,1,1,1,1,6
200700054523,0007-09-22 12:30:00,7,9,22,12,30,540,500,,,,Plein jour,Hors agglomération,Hors intersection,Normale,Deux véhicules - côté,,,,,,,,,,,1,1,1,1,3
200700054524,0007-09-14 06:15:00,7,9,14,6,15,130,113,,,,Nuit sans éclairage public,Hors agglomération,Hors intersection,Normale,Sans collision,,,,,,,,,,,3,1,1,1,7
200700054525,0007-09-29 02:45:00,7,9,29,2,45,180,138,,,,Nuit sans éclairage public,Hors agglomération,Hors intersection,Normale,Autre collision,,,,,,,,,,,3,1,1,1,6
200700054526,0007-09-27 17:30:00,7,9,27,17,30,10,283,,46.279,5.655,Plein jour,Hors agglomération,Hors intersection,Pluie forte,Sans collision,,,,,,,,,,,1,1,1,3,7
200700054527,0007-09-24 15:30:00,7,9,24,15,30,30,277,,46.296,3.041,Plein jour,Hors agglomération,Hors intersection,Normale,Sans collision,,,,,,,,,,,1,1,1,1,7
200700054528,0007-09-04 10:00:00,7,9,4,10,0,630,278,,,,Plein jour,Hors agglomération,Hors intersection,Normale,Autre collision,,,,,,,,,,,1,1,1,1,6
200700054529,0007-09-16 16:30:00,7,9,16,16,30,630,300,,,,Plein jour,Hors agglomération,Hors intersection,Normale,Autre collision,,,,,,,,,,,1,1,1,1,6
200700054530,0007-09-25 01:50:00,7,9,25,1,50,400,303,ne / bordeaux PR 31+ 650,,,Nuit sans éclairage public,Hors agglomération,Hors intersection,Normale,Sans collision,,,,,,,,,,,3,1,1,1,7
200700054531,0007-09-08 19:00:00,7,9,8,19,0,670,108,36 rue de la chapelle,48.533,7.594,Plein jour,En agglomération,Hors intersection,Normale,Autre collision,,,,,,,,,,,1,2,1,1,6
200700054532,0007-09-21 19:15:00,7,9,21,19,15,670,108,4 riute de schirmeck,48.531,7.599,Plein jour,En agglomération,Hors intersection,Normale,Deux véhicules - côté,,,,,,,,,,,1,2,1,1,3
200700054533,0007-09-29 08:45:00,7,9,29,8,45,670,152,Rue des suédois,48.527,7.683,Plein jour,En agglomération,Hors intersection,Normale,Deux véhicules - côté,,,,,,,,,,,1,2,1,1,3
200700054534,0007-09-19 17:00:00,7,9,19,17,0,670,296,rue Principale CD 63,48.618,7.692,Plein jour,En agglomération,Hors intersection,Temps éblouissant,Deux véhicules - frontale,,,,,,,,,,,1,2,1,7,1
200700054535,0007-09-20 10:30:00,7,9,20,10,30,670,296,,,,Plein jour,Hors agglomération,Hors intersection,Temps éblouissant,Deux véhicules - côté,,,,,,,,,,,1,1,1,7,3
200700054536,0007-09-25 10:45:00,7,9,25,10,45,670,296,,48.616,7.704,Plein jour,Hors agglomération,Hors intersection,Normale,Deux véhicules - frontale,,,,,,,,,,,1,1,1,1,1
200700054537,0007-09-28 20:30:00,7,9,28,20,30,670,471,route de Brumath,48.64,7.728,Nuit avec éclairage allumé,En agglomération,Hors intersection,Temps couvert,Deux véhicules - côté,,,,,,,,,,,5,2,1,8,3
200700054538,0007-09-17 00:05:00,7,9,17,0,5,20,211,,,,Nuit sans éclairage public,Hors agglomération,Hors intersection,Normale,Trois véhicules et plus - en chaîne,,,,,,,,,,,3,1,1,1,4
200700054539,0007-09-07 00:15:00,7,9,7,0,15,210,183,,47.232,5.281,Nuit sans éclairage public,Hors agglomération,Hors intersection,Temps couvert,Trois véhicules et plus - en chaîne,,,,,,,,,,,3,1,1,8,4
200700054540,0007-09-21 16:30:00,7,9,21,16,30,100,76,,,,Plein jour,Hors agglomération,Hors intersection,Normale,Deux véhicules - arrière,,,,,,,,,,,1,1,1,1,2
200700054541,0007-09-13 13:30:00,7,9,13,13,30,380,310,,45.281,5.522,Plein jour,Hors agglomération,Hors intersection,Normale,Deux véhicules - arrière,,,,,,,,,,,1,1,1,1,2
200700054542,0007-09-08 20:00:00,7,9,8,20,0,350,206,rue des pottiers,,,Plein jour,En agglomération,Giratoire,Normale,Deux véhicules - côté,,,,,,,,,,,1,2,6,1,3
200700054543,0007-09-05 12:30:00,7,9,5,12,30,770,453,,48.536,2.807,Plein jour,Hors agglomération,Hors intersection,Normale,Deux véhicules - arrière,,,,,,,,,,,1,1,1,1,2
200700054544,0007-09-08 16:45:00,7,9,8,16,45,770,164,,48.448,2.907,Plein jour,Hors agglomération,Hors intersection,Normale,Deux véhicules - côté,,,,,,,,,,,1,1,1,1,3
200700054545,0007-09-29 15:00:00,7,9,29,15,0,770,34,,48.563,2.769,Plein jour,Hors agglomération,Hors intersection,Normale,Autre collision,,,,,,,,,,,1,1,1,1,6
200700054546,0007-09-15 10:45:00,7,9,15,10,45,130,50,,43.654,5.255,Plein jour,Hors agglomération,Hors intersection,Normale,Deux véhicules - arrière,,,,,,,,,,,1,1,1,1,2
200700054547,0007-09-20 20:45:00,7,9,20,20,45,130,50,,43.653,5.22,Nuit sans éclairage public,Hors agglomération,Hors intersection,Normale,Deux véhicules - frontale,,,,,,,,,,,3,1,1,1,1
200700054548,0007-09-10 05:45:00,7,9,10,5,45,850,223,,46.574,-1.114,Nuit sans éclairage public,Hors agglomération,Hors intersection,Normale,Autre collision,,,,,,,,,,,3,1,1,1,6
200700054549,0007-09-18 20:45:00,7,9,18,20,45,850,223,,46.556,-1.064,Nuit sans éclairage public,Hors agglomération,Hors intersection,Normale,Sans collision,,,,,,,,,,,3,1,1,1,7
200700054550,0007-09-07 05:45:00,7,9,7,5,45,310,395,,43.422,1.3,Nuit sans éclairage public,Hors agglomération,Hors intersection,Normale,Deux véhicules - arrière,,,,,,,,,,,3,1,1,1,2
200700054551,0007-09-21 04:30:00,7,9,21,4,30,310,181,,43.4,1.29,Nuit sans éclairage public,Hors agglomération,Hors intersection,Normale,Trois véhicules et plus - collisions multiples,,,,,,,,,,,3,1,1,1,5
200700054552,0007-09-05 16:15:00,7,9,5,16,15,490,30,,,,Plein jour,Hors agglomération,Hors intersection,Normale,Autre collision,,,,,,,,,,,1,1,1,1,6
200700054553,0007-09-23 10:00:00,7,9,23,10,0,490,41,,,,Plein jour,Hors agglomération,Hors intersection,Normale,Autre collision,,,,,,,,,,,1,1,1,1,6
200700054554,0007-09-28 23:30:00,7,9,28,23,30,740,284,,46.135,6.433,Nuit sans éclairage public,Hors agglomération,Hors intersection,Pluie légère,Autre collision,,,,,,,,,,,3,1,1,2,6
200700054555,0007-09-12 07:30:00,7,9,12,7,30,800,385,,,,Plein jour,Hors agglomération,Hors intersection,Normale,Autre collision,,,,,,,,,,,1,1,1,1,6
200700054556,0007-09-13 09:45:00,7,9,13,9,45,800,692,,,,Plein jour,Hors agglomération,Hors intersection,Normale,Deux véhicules - frontale,,,,,,,,,,,1,1,1,1,1
200700054557,0007-09-07 08:45:00,7,9,7,8,45,190,178,,,,Plein jour,Hors agglomération,Hors intersection,Normale,Deux véhicules - frontale,,,,,,,,,,,1,1,1,1,1
200700054558,0007-09-10 06:30:00,7,9,10,6,30,360,101,,,,Crépuscule ou aube,Hors agglomération,Hors intersection,Normale,Deux véhicules - arrière,,,,,,,,,,,2,1,1,1,2
200700054559,0007-09-02 06:00:00,7,9,2,6,0,340,36,,43.685,3.379,Nuit sans éclairage public,Hors agglomération,Hors intersection,Normale,Autre collision,,,,,,,,,,,3,1,1,1,6