accident_id,datetime,annee,mois,jour,heure,minute,departement,commune_insee,adresse,latitude,longitude,luminosite,agglomeration,intersection,meteo,collision,nb_vehicules,nb_usagers,nb_indemnes,nb_tues,nb_blesses_hosp,nb_blesses_legers,age_cond_1,age_cond_2,veh_type_cond_1,veh_type_cond_2,lum_code,agg_code,int_code,atm_code,col_code
200700054695,0007-09-17 10:45:00,7,9,17,10,45,60,123,"284, FAHNESTOCK G. CORNI",,,Plein jour,En agglomération,Hors intersection,Normale,Autre collision,,,,,,,,,,,1,2,1,1,6
200700054696,0007-09-19 11:20:00,7,9,19,11,20,60,27,TUILIERES AVENUE DES,,,Plein jour,En agglomération,Intersection en T,Normale,Deux véhicules - côté,,,,,,,,,,,1,2,3,1,3
200700054697,0007-09-24 22:50:00,7,9,24,22,50,60,123,BORD DE MER RN 98,,,Nuit avec éclairage allumé,En agglomération,Hors intersection,Normale,Deux véhicules - côté,,,,,,,,,,,5,2,1,1,3
200700054698,0007-09-29 12:30:00,7,9,29,12,30,60,27,"51 bis, GRANGE RIMADE RU",,,Plein jour,En agglomération,Hors intersection,Normale,Autre collision,,,,,,,,,,,1,2,1,1,6
200700054699,0007-09-29 15:55:00,7,9,29,15,55,60,123,AICARD AVENUE,,,Plein jour,En agglomération,Intersection en T,Pluie légère,Deux véhicules - côté,,,,,,,,,,,1,2,3,2,3
200700054700,0007-09-01 15:20:00,7,9,1,15,20,60,29,"113, PICAUD (AVENUE DR)",,,Plein jour,En agglomération,Hors intersection,Normale,Deux véhicules - côté,,,,,,,,,,,1,2,1,1,3
200700054701,0007-09-02 01:00:00,7,9,2,1,0,60,29,PICAUD (AVENUE DR) BOCCA,,,Nuit avec éclairage allumé,En agglomération,Hors intersection,Normale,Autre collision,,,,,,,,,,,5,2,1,1,6
200700054702,0007-09-03 09:00:00,7,9,3,9,0,60,29,"04, ALEXANDRE III (BOULE",,,Plein jour,En agglomération,Hors intersection,Normale,Autre collision,,,,,,,,,,,1,2,1,1,6
200700054703,0007-09-04 13:30:00,7,9,4,13,30,60,29,MAUBERT (RONT POINT GAL),,,Plein jour,En agglomération,Hors intersection,Normale,Deux véhicules - côté,,,,,,,,,,,1,2,1,1,3
200700054704,0007-09-03 17:10:00,7,9,3,17,10,60,30,REPUBLIQUE (RUE DE LA),,,Plein jour,En agglomération,Hors intersection,Normale,Autre collision,,,,,,,,,,,1,2,1,1,6
200700054705,0007-09-04 17:27:00,7,9,4,17,27,60,29,PICAUD (AVENUE DR) BOCCA,,,Plein jour,En agglomération,Hors intersection,Normale,Deux véhicules - côté,,,,,,,,,,,1,2,1,1,3
200700054706,0007-09-04 10:40:00,7,9,4,10,40,60,29,"78, REPUBLIQUE (BOULEVAR",,,Plein jour,En agglomération,Hors intersection,Normale,Deux véhicules - arrière,,,,,,,,,,,1,2,1,1,2
200700054707,0007-09-06 15:30:00,7,9,6,15,30,60,29,MIDI (BOULEVARD DU),,,Plein jour,En agglomération,Hors intersection,Normale,Deux véhicules - côté,,,,,,,,,,,1,2,1,1,3
200700054708,0007-09-10 09:10:00,7,9,10,9,10,60,29,"39, SUISSES (RUE DES)",,,Plein jour,En agglomération,Hors intersection,Normale,Deux véhicules - frontale,,,,,,,,,,,1,2,1,1,1
200700054709,0007-09-09 14:40:00,7,9,9,14,40,60,29,TONNER (AVENUE FRANCIS),,,Plein jour,En agglomération,Hors intersection,Autre,Autre collision,,,,,,,,,,,1,2,1,9,6
200700054710,0007-09-09 17:30:00,7,9,9,17,30,60,30,POMPIDOU (AVENUE GEORGES,,,Plein jour,En agglomération,Hors intersection,Normale,Deux véhicules - frontale,,,,,,,,,,,1,2,1,1,1
200700054711,0007-09-08 03:30:00,7,9,8,3,30,60,30,CARNOT (BOULEVARD),,,Nuit avec éclairage allumé,En agglomération,Hors intersection,Normale,Trois véhicules et plus - en chaîne,,,,,,,,,,,5,2,1,1,4
200700054712,0007-09-10 16:55:00,7,9,10,16,55,60,30,"71, CHEVAL M",,,Plein jour,En agglomération,Hors intersection,Normale,Deux véhicules - côté,,,,,,,,,,,1,2,1,1,3
200700054713,0007-09-04 10:41:00,7,9,4,10,41,60,29,"14, FRAYERE (CHEMIN DE L",,,Plein jour,En agglomération,Hors intersection,Normale,Deux véhicules - côté,,,,,,,,,,,1,2,1,1,3
200700054714,0007-09-11 12:51:00,7,9,11,12,51,60,29,"108, CARNOT (BOULEVARD)",,,Plein jour,En agglomération,Hors intersection,Normale,Sans collision,,,,,,,,,,,1,2,1,1,7
200700054715,0007-09-12 15:42:00,7,9,12,15,42,60,30,CARNOT (BOULEVARD),,,Plein jour,En agglomération,Hors intersection,Normale,Deux véhicules - côté,,,,,,,,,,,1,2,1,1,3
200700054716,0007-09-12 17:30:00,7,9,12,17,30,60,30,"64, BROUSSAILLES (AVENUE",,,Plein jour,En agglomération,Hors intersection,Normale,Deux véhicules - arrière,,,,,,,,,,,1,2,1,1,2
200700054717,0007-09-12 15:30:00,7,9,12,15,30,60,30,DOUMER (BOULEVARD PAUL),,,Plein jour,En agglomération,Hors intersection,Normale,Trois véhicules et plus - en chaîne,,,,,,,,,,,1,2,1,1,4
200700054718,0007-09-14 15:30:00,7,9,14,15,30,60,29,BACHAGA SAID BOUALAM (AV,,,Plein jour,En agglomération,Hors intersection,Normale,Deux véhicules - côté,,,,,,,,,,,1,2,1,1,3
200700054719,0007-09-14 18:20:00,7,9,14,18,20,60,29,PICAUD (AVENUE DR) BOCCA,,,Plein jour,En agglomération,Hors intersection,Normale,Sans collision,,,,,,,,,,,1,2,1,1,7
200700054720,0007-09-15 01:05:00,7,9,15,1,5,60,29,CROISETTE (BOULEVARD DE,,,Nuit avec éclairage allumé,En agglomération,Hors intersection,Normale,Autre collision,,,,,,,,,,,5,2,1,1,6
200700054721,0007-09-15 05:35:00,7,9,15,5,35,60,29,BACHAGA SAID BOUALAM (AV,,,Crépuscule ou aube,En agglomération,Hors intersection,Normale,Sans collision,,,,,,,,,,,2,2,1,1,7
200700054722,0007-09-16 14:15:00,7,9,16,14,15,60,29,"102, TONNER (AVENUE FRAN",,,Plein jour,En agglomération,Hors intersection,Normale,Deux véhicules - côté,,,,,,,,,,,1,2,1,1,3
200700054723,0007-09-14 17:45:00,7,9,14,17,45,60,29,MIDI (BOULEVARD DU),,,Plein jour,En agglomération,Hors intersection,Normale,Deux véhicules - côté,,,,,,,,,,,1,2,1,1,3
200700054724,0007-09-17 15:00:00,7,9,17,15,0,60,30,CAMPELIERES (CHEMIN DES),,,Plein jour,En agglomération,Hors intersection,Normale,Trois véhicules et plus - en chaîne,,,,,,,,,,,1,2,1,1,4
200700054725,0007-09-19 14:15:00,7,9,19,14,15,60,29,JOURDAN (AVENUE MICHEL),,,Plein jour,En agglomération,Hors intersection,Normale,Sans collision,,,,,,,,,,,1,2,1,1,7
200700054726,0007-09-19 13:55:00,7,9,19,13,55,60,29,"99, PICAUD (AVENUE DR) B",,,Plein jour,En agglomération,Hors intersection,Normale,Autre collision,,,,,,,,,,,1,2,1,1,6
200700054727,0007-09-19 16:40:00,7,9,19,16,40,60,29,"101, CARNOT (BOULEVARD)",,,Plein jour,En agglomération,Hors intersection,Normale,Trois véhicules et plus - collisions multiples,,,,,,,,,,,1,2,1,1,5
200700054728,0007-09-20 07:10:00,7,9,20,7,10,60,29,"01, PICAUD (AVENUE DR) B",,,Plein jour,En agglomération,Hors intersection,Normale,Deux véhicules - côté,,,,,,,,,,,1,2,1,1,3
200700054729,0007-09-22 16:50:00,7,9,22,16,50,60,29,"55, PICAUD (AVENUE DU DO",,,Plein jour,En agglomération,Hors intersection,Normale,Deux véhicules - côté,,,,,,,,,,,1,2,1,1,3
200700054730,0007-09-23 12:10:00,7,9,23,12,10,60,30,FERRY (RUE JULES),,,Plein jour,En agglomération,Hors intersection,Normale,Deux véhicules - côté,,,,,,,,,,,1,2,1,1,3
200700054731,0007-09-23 14:10:00,7,9,23,14,10,60,29,"29, PICAUD (AVENUE DU DO",,,Plein jour,En agglomération,Hors intersection,Normale,Deux véhicules - arrière,,,,,,,,,,,1,2,1,1,2
200700054732,0007-09-20 07:50:00,7,9,20,7,50,60,29,MIDI (BOULEVARD DU),,,Plein jour,En agglomération,Hors intersection,Normale,Deux véhicules - côté,,,,,,,,,,,1,2,1,1,3
200700054733,0007-09-25 19:25:00,7,9,25,19,25,60,29,"103, REPUBLIQUE (BOULEVA",,,Plein jour,En agglomération,Hors intersection,Normale,Sans collision,,,,,,,,,,,1,2,1,1,7
200700054734,0007-09-25 22:10:00,7,9,25,22,10,60,29,"50, CROISETTE (BOULEVARD",,,Plein jour,En agglomération,Hors intersection,Normale,Autre collision,,,,,,,,,,,1,2,1,1,6
200700054735,0007-09-27 13:15:00,7,9,27,13,15,60,29,ANGLAIS (AVENUE DES),,,Plein jour,En agglomération,Intersection en X,Pluie forte,Autre collision,,,,,,,,,,,1,2,2,3,6
200700054736,0007-09-27 12:10:00,7,9,27,12,10,60,29,TONNER (AVENUE FRANCIS),,,Plein jour,En agglomération,Hors intersection,Normale,Trois véhicules et plus - en chaîne,,,,,,,,,,,1,2,1,1,4
200700054737,0007-09-28 17:45:00,7,9,28,17,45,60,29,PICAUD (AVENUE DR) BOCCA,,,Plein jour,En agglomération,Hors intersection,Normale,Deux véhicules - côté,,,,,,,,,,,1,2,1,1,3
200700054738,0007-09-28 20:20:00,7,9,28,20,20,60,30,MIGRANIERS (CHEMIN DES),,,Crépuscule ou aube,En agglomération,Hors intersection,Normale,Deux véhicules - côté,,,,,,,,,,,2,2,1,1,3
200700054739,0007-09-30 12:15:00,7,9,30,12,15,60,29,CIGALES (AVENUE DES),,,Plein jour,En agglomération,Hors intersection,Normale,Deux véhicules - côté,,,,,,,,,,,1,2,1,1,3
200700054740,0007-09-30 19:00:00,7,9,30,19,0,60,29,GRASSE (AVENUE DE),,,Plein jour,En agglomération,Hors intersection,Normale,Sans collision,,,,,,,,,,,1,2,1,1,7
200700054741,0007-09-28 15:55:00,7,9,28,15,55,60,30,CAMPELIERES (CHEMIN DES),,,Plein jour,En agglomération,Hors intersection,Normale,Deux véhicules - côté,,,,,,,,,,,1,2,1,1,3
200700054742,0007-09-19 18:17:00,7,9,19,18,17,60,29,HADDAD SIMON (RUE),,,Plein jour,En agglomération,Hors intersection,Normale,Deux véhicules - arrière,,,,,,,,,,,1,2,1,1,2
200700054743,0007-09-01 01:00:00,7,9,1,1,0,60,69,"75, LIBERATION (AVENUE D",,,Nuit avec éclairage allumé,En agglomération,Hors intersection,Normale,Sans collision,,,,,,,,,,,5,2,1,1,7
200700054744,0007-09-01 15:45:00,7,9,1,15,45,60,69,"x, CARNOT (BOULEVARD ET",,,Plein jour,En agglomération,Hors intersection,Normale,Sans collision,,,,,,,,,,,1,2,1,1,7
200700054745,0007-09-01 17:45:00,7,9,1,17,45,60,69,"x, CARNOT (BOULEVARD ET",,,Plein jour,En agglomération,Intersection en T,Normale,Deux véhicules - côté,,,,,,,,,,,1,2,3,1,3
200700054746,0007-09-03 18:00:00,7,9,3,18,0,60,69,"x, SEMARD (AVENUE PIERRE",,,Plein jour,En agglomération,Hors intersection,Normale,Deux véhicules - arrière,,,,,,,,,,,1,2,1,1,2
200700054747,0007-09-04 17:45:00,7,9,4,17,45,60,69,"x, BLUMENTHAL (CHEMIN DE",,,Plein jour,En agglomération,Hors intersection,Normale,Sans collision,,,,,,,,,,,1,2,1,1,7
200700054748,0007-09-05 07:45:00,7,9,5,7,45,60,69,"x, SAINTE MARGUERITE (CH",,,Plein jour,En agglomération,Hors intersection,Normale,Autre collision,,,,,,,,,,,1,2,1,1,6
200700054749,0007-09-05 20:30:00,7,9,5,20,30,60,69,"x, ROUQUIER (BOULEVARD E",,,Crépuscule ou aube,En agglomération,Hors intersection,Normale,Sans collision,,,,,,,,,,,2,2,1,1,7
200700054750,0007-09-07 17:35:00,7,9,7,17,35,60,69,"39, SIDI BRAHIM (AVENUE)",,,Plein jour,En agglomération,Hors intersection,Normale,Deux véhicules - côté,,,,,,,,,,,1,2,1,1,3
200700054751,0007-09-07 20:10:00,7,9,7,20,10,60,69,"25, PASTEUR (BOULEVARD)",,,Crépuscule ou aube,En agglomération,Hors intersection,Normale,Deux véhicules - côté,,,,,,,,,,,2,2,1,1,3
200700054752,0007-09-08 13:10:00,7,9,8,13,10,60,69,"28-30, ROURE DE LA GACHE",,,Plein jour,En agglomération,Hors intersection,Normale,Deux véhicules - frontale,,,,,,,,,,,1,2,1,1,1
200700054753,0007-09-08 18:45:00,7,9,8,18,45,60,69,"22 bis, LIBERATION (AVEN",,,Plein jour,En agglomération,Hors intersection,Normale,Deux véhicules - arrière,,,,,,,,,,,1,2,1,1,2
200700054754,0007-09-09 12:35:00,7,9,9,12,35,60,69,"x, Rd point des Quatre C",,,Plein jour,En agglomération,Hors intersection,Normale,Deux véhicules - arrière,,,,,,,,,,,1,2,1,1,2
200700054755,0007-09-10 09:20:00,7,9,10,9,20,60,69,"223, PEGOMAS (ROUTE DE)",,,Plein jour,Hors agglomération,Hors intersection,Normale,Deux véhicules - arrière,,,,,,,,,,,1,1,1,1,2
200700054756,0007-09-11 10:55:00,7,9,11,10,55,60,69,"x, FRAGONARD (BOULEVARD",,,Plein jour,En agglomération,Hors intersection,Normale,Deux véhicules - arrière,,,,,,,,,,,1,2,1,1,2
200700054757,0007-09-12 15:10:00,7,9,12,15,10,60,69,"X, ROUQUIER (BOULEVARD E",,,Plein jour,Hors agglomération,Intersection en T,Normale,Deux véhicules - côté,,,,,,,,,,,1,1,3,1,3
200700054758,0007-09-13 07:35:00,7,9,13,7,35,60,69,"56, CASTORS (CHEMIN DES)",,,Plein jour,En agglomération,Hors intersection,Normale,Deux véhicules - arrière,,,,,,,,,,,1,2,1,1,2
200700054759,0007-09-14 17:05:00,7,9,14,17,5,60,69,"66, VICTOR HUGO  (BD)",,,Plein jour,En agglomération,Hors intersection,Normale,Deux véhicules - côté,,,,,,,,,,,1,2,1,1,3
200700054760,0007-09-14 18:00:00,7,9,14,18,0,60,69,"320, DRAGUIGNAN (ROUTE D",,,Plein jour,En agglomération,Hors intersection,Normale,Autre collision,,,,,,,,,,,1,2,1,1,6
200700054761,0007-09-16 17:50:00,7,9,16,17,50,60,69,"89, ROUQUIER (BOULEVARD",,,Plein jour,En agglomération,Hors intersection,Normale,Deux véhicules - arrière,,,,,,,,,,,1,2,1,1,2
200700054762,0007-09-17 17:00:00,7,9,17,17,0,60,69,"X, PLAN (ROUTE DU) -D304",,,Plein jour,En agglomération,Hors intersection,Normale,Autre collision,,,,,,,,,,,1,2,1,1,6
200700054763,0007-09-17 17:05:00,7,9,17,17,5,60,69,"x, ONZE NOVEMBRE (RUE DU",,,Plein jour,En agglomération,Hors intersection,Normale,Deux véhicules - frontale,,,,,,,,,,,1,2,1,1,1
200700054764,0007-09-17 19:55:00,7,9,17,19,55,60,69,NAPOLEON (ROUTE),,,Crépuscule ou aube,Hors agglomération,Hors intersection,Normale,Deux véhicules - frontale,,,,,,,,,,,2,1,1,1,1
200700054765,0007-09-18 11:15:00,7,9,18,11,15,60,69,"55, BASTIDES (CHEMIN DES",,,Plein jour,En agglomération,Hors intersection,Normale,Deux véhicules - frontale,,,,,,,,,,,1,2,1,1,1
200700054766,0007-09-19 12:03:00,7,9,19,12,3,60,69,"x, DUVAL (AVENUE MATHIAS",,,Plein jour,En agglomération,Hors intersection,Normale,Deux véhicules - frontale,,,,,,,,,,,1,2,1,1,1
200700054767,0007-09-19 13:45:00,7,9,19,13,45,60,69,"23, PEGOMAS (ROUTE DE)",,,Plein jour,En agglomération,Hors intersection,Normale,Deux véhicules - côté,,,,,,,,,,,1,2,1,1,3
200700054768,0007-09-20 12:15:00,7,9,20,12,15,60,69,"25, DRAGUIGNAN (ROUTE DE",,,Plein jour,En agglomération,Intersection en Y,Normale,Deux véhicules - frontale,,,,,,,,,,,1,2,4,1,1
200700054769,0007-09-21 08:40:00,7,9,21,8,40,60,69,"29, CANNES (ROUTE DE)  -",,,Plein jour,En agglomération,Hors intersection,Normale,Deux véhicules - côté,,,,,,,,,,,1,2,1,1,3
200700054770,0007-09-22 11:50:00,7,9,22,11,50,60,69,"x, CHIRIS (BOULEVARD EMI",,,Plein jour,En agglomération,Intersection en T,Normale,Deux véhicules - frontale,,,,,,,,,,,1,2,3,1,1
200700054771,0007-09-22 18:50:00,7,9,22,18,50,60,69,"x, CANNES (ROUTE DE)  -R",,,Plein jour,En agglomération,Hors intersection,Normale,Deux véhicules - arrière,,,,,,,,,,,1,2,1,1,2
200700054772,0007-09-22 19:10:00,7,9,22,19,10,60,69,"6, BLUMENTHAL (CHEMIN DE",,,Crépuscule ou aube,En agglomération,Hors intersection,Normale,Sans collision,,,,,,,,,,,2,2,1,1,7
200700054773,0007-09-23 10:00:00,7,9,23,10,0,60,69,"x, SAINT MATHIEU (ROUTE",,,Plein jour,En agglomération,Hors intersection,Normale,Autre collision,,,,,,,,,,,1,2,1,1,6
200700054774,0007-09-23 15:05:00,7,9,23,15,5,60,69,"67, LIBERATION (AVENUE D",,,Plein jour,En agglomération,Hors intersection,Normale,Autre collision,,,,,,,,,,,1,2,1,1,6
200700054775,0007-09-08 19:45:00,7,9,8,19,45,60,104,"118, AZUR (AVENUE DE LA",,,Crépuscule ou aube,En agglomération,Hors intersection,Normale,Trois véhicules et plus - collisions multiples,,,,,,,,,,,2,2,1,1,5
200700054776,0007-09-02 08:55:00,7,9,2,8,55,60,104,"35, PROFONDEVILLE (AVENU",,,Plein jour,En agglomération,Hors intersection,Normale,Deux véhicules - arrière,,,,,,,,,,,1,2,1,1,2
200700054777,0007-09-04 18:00:00,7,9,4,18,0,60,104,"131, VERDUN (AVENUE DE,",,,Plein jour,En agglomération,Hors intersection,Normale,Sans collision,,,,,,,,,,,1,2,1,1,7
200700054778,0007-09-06 08:38:00,7,9,6,8,38,60,83,"15, CERNUSCHI (AVENUE)",,,Plein jour,En agglomération,Hors intersection,Normale,Autre collision,,,,,,,,,,,1,2,1,1,6
200700054779,0007-09-06 03:30:00,7,9,6,3,30,60,104,"72, JAURES (AVENUE JEAN)",,,Nuit avec éclairage allumé,En agglomération,Hors intersection,Normale,Deux véhicules - côté,,,,,,,,,,,5,2,1,1,3
200700054780,0007-09-06 14:30:00,7,9,6,14,30,60,104,JAURES (AVENUE JEAN),,,Plein jour,En agglomération,Intersection en X,Normale,Deux véhicules - côté,,,,,,,,,,,1,2,2,1,3
200700054781,0007-09-13 12:22:00,7,9,13,12,22,60,12,"30, HUGO (RUE VICTOR)",,,Plein jour,En agglomération,Intersection en T,Normale,Deux véhicules - côté,,,,,,,,,,,1,2,3,1,3
200700054782,0007-09-14 07:43:00,7,9,14,7,43,60,12,"4, LANGEVIN (AVENUE PROF",,,Plein jour,En agglomération,Hors intersection,Normale,Autre collision,,,,,,,,,,,1,2,1,1,6
200700054783,0007-09-28 16:10:00,7,9,28,16,10,60,83,"13, DE GAULLE (AVENUE GE",,,Plein jour,En agglomération,Intersection en T,Normale,Deux véhicules - côté,,,,,,,,,,,1,2,3,1,3
200700054784,0007-09-15 01:05:00,7,9,15,1,5,60,104,"47, SCHUMANN (PROMENADE",,,Nuit avec éclairage allumé,En agglomération,Hors intersection,Normale,Autre collision,,,,,,,,,,,5,2,1,1,6
200700054785,0007-09-01 12:00:00,7,9,1,12,0,60,88,"52, CALIFORNIE (AV.) (DU",,,Plein jour,En agglomération,Hors intersection,Normale,Autre collision,,,,,,,,,,,1,2,1,1,6
200700054786,0007-09-01 12:01:00,7,9,1,12,1,60,88,"0, SAINT-SYLVESTRE (AV.",,,Plein jour,En agglomération,Intersection en X,Normale,Deux véhicules - côté,,,,,,,,,,,1,2,2,1,3
200700054787,0007-09-01 18:15:00,7,9,1,18,15,60,88,"0, MATISSE (AV. HENRI)",,,Plein jour,En agglomération,Hors intersection,Normale,Deux véhicules - côté,,,,,,,,,,,1,2,1,1,3
200700054788,0007-09-01 21:00:00,7,9,1,21,0,60,88,"37, RIQUIER (BD DE)",,,Nuit avec éclairage allumé,En agglomération,Hors intersection,Normale,Deux véhicules - arrière,,,,,,,,,,,5,2,1,1,2
200700054789,0007-09-01 23:35:00,7,9,1,23,35,60,88,"0, CASSIN (BD RENE)",,,Nuit avec éclairage allumé,En agglomération,Intersection en X,Normale,Deux véhicules - côté,,,,,,,,,,,5,2,2,1,3
200700054790,0007-09-02 02:30:00,7,9,2,2,30,60,88,"9, BATTERIE RUSSE (CH. D",,,Nuit sans éclairage public,En agglomération,Hors intersection,Normale,Autre collision,,,,,,,,,,,3,2,1,1,6
200700054791,0007-09-02 04:30:00,7,9,2,4,30,60,88,"6, GLORIA (AV.)",,,Nuit avec éclairage allumé,En agglomération,Hors intersection,Normale,Autre collision,,,,,,,,,,,5,2,1,1,6
200700054792,0007-09-02 05:20:00,7,9,2,5,20,60,88,"75, ANGLAIS (DU N° 45 AU",,,Nuit avec éclairage allumé,En agglomération,Hors intersection,Normale,Deux véhicules - arrière,,,,,,,,,,,5,2,1,1,2
200700054793,0007-09-02 10:30:00,7,9,2,10,30,60,88,"0, ARSON (RUE)",,,Plein jour,En agglomération,Intersection en X,Normale,Deux véhicules - côté,,,,,,,,,,,1,2,2,1,3
200700054794,0007-09-02 10:45:00,7,9,2,10,45,60,88,"0, GIORDAN (AV. JOSEPH)",,,Plein jour,En agglomération,Intersection en T,Normale,Deux véhicules - côté,,,,,,,,,,,1,2,3,1,3
200700054795,0007-09-02 11:20:00,7,9,2,11,20,60,88,"0, SAINT-JEAN BAPTISTE (",,,Plein jour,En agglomération,Hors intersection,Normale,Autre collision,,,,,,,,,,,1,2,1,1,6
200700054796,0007-09-02 23:15:00,7,9,2,23,15,60,88,"0, COMBOUL (AV. RAYMOND)",,,Plein jour,En agglomération,Hors intersection,Normale,Deux véhicules - côté,,,,,,,,,,,1,2,1,1,3
200700054797,0007-09-03 08:45:00,7,9,3,8,45,60,88,"0, JAURES (BD JEAN)",,,Plein jour,En agglomération,Intersection en X,Normale,Autre collision,,,,,,,,,,,1,2,2,1,6
200700054798,0007-09-03 15:35:00,7,9,3,15,35,60,88,"0, GEROME (PL. CDT)",,,Plein jour,En agglomération,Giratoire,Normale,Deux véhicules - côté,,,,,,,,,,,1,2,6,1,3
200700054799,0007-09-03 17:00:00,7,9,3,17,0,60,88,"7, ANGLAIS PLAGE (N°1 AU",,,Plein jour,En agglomération,Hors intersection,Normale,Autre collision,,,,,,,,,,,1,2,1,1,6
200700054800,0007-09-03 18:15:00,7,9,3,18,15,60,88,"270, TURIN (RTE DE)",,,Plein jour,En agglomération,Hors intersection,Normale,Deux véhicules - côté,,,,,,,,,,,1,2,1,1,3
200700054801,0007-09-04 08:40:00,7,9,4,8,40,60,88,"0, CHAPELLE DU TEMPLE (R",,,Plein jour,En agglomération,Intersection en X,Normale,Deux véhicules - côté,,,,,,,,,,,1,2,2,1,3
200700054802,0007-09-04 09:40:00,7,9,4,9,40,60,88,"0, FRANCE (R. DE) DU N°",,,Plein jour,En agglomération,Hors intersection,Normale,Deux véhicules - côté,,,,,,,,,,,1,2,1,1,3
200700054803,0007-09-04 11:45:00,7,9,4,11,45,60,88,"0, GAMBETTA (JUSQU'AU N°",,,Plein jour,En agglomération,Intersection en T,Normale,Deux véhicules - côté,,,,,,,,,,,1,2,3,1,3
200700054804,0007-09-05 08:30:00,7,9,5,8,30,60,88,"0, SAINT-MAURICE (AV.)",,,Plein jour,En agglomération,Hors intersection,Normale,Autre collision,,,,,,,,,,,1,2,1,1,6
200700054805,0007-09-05 11:00:00,7,9,5,11,0,60,88,"0, RAIBERTI (R.)",,,Plein jour,En agglomération,Hors intersection,Normale,Deux véhicules - côté,,,,,,,,,,,1,2,1,1,3
200700054806,0007-09-05 13:05:00,7,9,5,13,5,60,88,"0, CALIFORNIE (AV.) (A P",,,Plein jour,En agglomération,Hors intersection,Normale,Deux véhicules - côté,,,,,,,,,,,1,2,1,1,3
200700054807,0007-09-05 14:00:00,7,9,5,14,0,60,88,"0, ROASSAL (R. CLEMENT)",,,Plein jour,En agglomération,Intersection en X,Normale,Deux véhicules - arrière,,,,,,,,,,,1,2,2,1,2
200700054808,0007-09-05 14:15:00,7,9,5,14,15,60,88,"0, VOIE RAPIDE",,,Plein jour,En agglomération,Autre intersection,Normale,Deux véhicules - arrière,,,,,,,,,,,1,2,9,1,2
200700054809,0007-09-05 17:45:00,7,9,5,17,45,60,88,"247, ANGLAIS (DU N° 114",,,Plein jour,En agglomération,Hors intersection,Normale,Deux véhicules - côté,,,,,,,,,,,1,2,1,1,3
200700054810,0007-09-05 18:15:00,7,9,5,18,15,60,88,"0, JOLY (CORNICHE ANDRE",,,Plein jour,En agglomération,Intersection en X,Normale,Deux véhicules - frontale,,,,,,,,,,,1,2,2,1,1
200700054811,0007-09-05 18:30:00,7,9,5,18,30,60,88,"0, TURIN (RTE DE)",,,Plein jour,En agglomération,Hors intersection,Normale,Deux véhicules - côté,,,,,,,,,,,1,2,1,1,3
200700054812,0007-09-05 22:55:00,7,9,5,22,55,60,88,"329, ANGLAIS (DU N° 265",,,Nuit avec éclairage allumé,En agglomération,Hors intersection,Normale,Autre collision,,,,,,,,,,,5,2,1,1,6
200700054813,0007-09-06 04:45:00,7,9,6,4,45,60,88,"0, BAREL (PLACE MAX)",,,Nuit avec éclairage allumé,En agglomération,Intersection à plus de 4 branches,Normale,Deux véhicules - côté,,,,,,,,,,,5,2,5,1,3
200700054814,0007-09-06 08:15:00,7,9,6,8,15,60,88,"3, RAYNAUD (BD AUGUSTE)",,,Plein jour,En agglomération,Hors intersection,Normale,Autre collision,,,,,,,,,,,1,2,1,1,6
200700054815,0007-09-06 13:30:00,7,9,6,13,30,60,88,"0, GROSSO (A PARTIR DU N",,,Plein jour,En agglomération,Intersection en X,Normale,Deux véhicules - côté,,,,,,,,,,,1,2,2,1,3
200700054816,0007-09-06 15:00:00,7,9,6,15,0,60,88,"0, CALIFORNIE (AV.) (DU",,,Plein jour,En agglomération,Intersection en T,Normale,Deux véhicules - côté,,,,,,,,,,,1,2,3,1,3
200700054817,0007-09-07 06:20:00,7,9,7,6,20,60,88,"0, BRANCOLAR (AV.) (A PA",,,Crépuscule ou aube,En agglomération,Hors intersection,Normale,Autre collision,,,,,,,,,,,2,2,1,1,6
200700054818,0007-09-07 11:00:00,7,9,7,11,0,60,88,"0, VERANY (BD J.B.)",,,Plein jour,En agglomération,Intersection en X,Normale,Deux véhicules - frontale,,,,,,,,,,,1,2,2,1,1
200700054819,0007-09-07 11:35:00,7,9,7,11,35,60,88,"0, RIQUIER (BD DE)",,,Plein jour,En agglomération,Intersection en X,Normale,Deux véhicules - côté,,,,,,,,,,,1,2,2,1,3
200700054820,0007-09-07 17:30:00,7,9,7,17,30,60,88,GARIBALDI (TRAV.),,,Plein jour,En agglomération,Intersection en X,Normale,Deux véhicules - côté,,,,,,,,,,,1,2,2,1,3
200700054821,0007-09-07 19:45:00,7,9,7,19,45,60,88,"0, DIGUE DES FRANCAIS (T",,,Crépuscule ou aube,En agglomération,Hors intersection,Normale,Deux véhicules - frontale,,,,,,,,,,,2,2,1,1,1
200700054822,0007-09-07 22:20:00,7,9,7,22,20,60,88,"254, CALIFORNIE (AV.) (A",,,Nuit avec éclairage allumé,En agglomération,Hors intersection,Normale,Sans collision,,,,,,,,,,,5,2,1,1,7
200700054823,0007-09-08 01:20:00,7,9,8,1,20,60,88,"8, MALAUSSENA (AV.)",,,Nuit avec éclairage allumé,En agglomération,Hors intersection,Normale,Sans collision,,,,,,,,,,,5,2,1,1,7
200700054824,0007-09-08 14:35:00,7,9,8,14,35,60,88,"0, CARABACEL (BD)",,,Plein jour,En agglomération,Hors intersection,Normale,Deux véhicules - côté,,,,,,,,,,,1,2,1,1,3
200700054825,0007-09-08 16:05:00,7,9,8,16,5,60,88,"0, CLEMENCEAU (AV. GEORG",,,Plein jour,En agglomération,Intersection en X,Normale,Deux véhicules - côté,,,,,,,,,,,1,2,2,1,3
200700054826,0007-09-09 05:20:00,7,9,9,5,20,60,88,"81, ANGLAIS (DU N° 45 AU",,,Nuit avec éclairage non allumé,En agglomération,Hors intersection,Normale,Deux véhicules - arrière,,,,,,,,,,,4,2,1,1,2
200700054827,0007-09-09 15:00:00,7,9,9,15,0,60,88,"0, PONCHETTES (R. DES)",,,Plein jour,En agglomération,Hors intersection,Normale,Autre collision,,,,,,,,,,,1,2,1,1,6
200700054828,0007-09-09 18:15:00,7,9,9,18,15,60,88,"11, FONTAN (R.)",,,Plein jour,En agglomération,Hors intersection,Normale,Autre collision,,,,,,,,,,,1,2,1,1,6