accident_id,datetime,annee,mois,jour,heure,minute,departement,commune_insee,adresse,latitude,longitude,luminosite,agglomeration,intersection,meteo,collision,nb_vehicules,nb_usagers,nb_indemnes,nb_tues,nb_blesses_hosp,nb_blesses_legers,age_cond_1,age_cond_2,veh_type_cond_1,veh_type_cond_2,lum_code,agg_code,int_code,atm_code,col_code
200700054962,0007-09-19 08:50:00,7,9,19,8,50,100,387,"000, MAROTS (RUE DES)",,,Plein jour,En agglomération,Intersection en T,Normale,Autre collision,,,,,,,,,,,1,2,3,1,6
200700054963,0007-09-22 19:30:00,7,9,22,19,30,100,387,"000, MARECHAL DE LATTRE",,,Plein jour,En agglomération,Intersection en T,Normale,Deux véhicules - côté,,,,,,,,,,,1,2,3,1,3
200700054964,0007-09-14 12:05:00,7,9,14,12,5,100,387,MAJOR GENERAL VANIER,,,Plein jour,En agglomération,Intersection en X,Normale,Deux véhicules - côté,,,,,,,,,,,1,2,2,1,3
200700054965,0007-09-23 17:40:00,7,9,23,17,40,100,387,"0, MARECHAL DE LATTRE DE",,,Crépuscule ou aube,En agglomération,Intersection en T,Normale,Deux véhicules - côté,,,,,,,,,,,2,2,3,1,3
200700054966,0007-09-24 06:50:00,7,9,24,6,50,100,387,MARECHAL DE LATTRE DE TA,,,Crépuscule ou aube,En agglomération,Intersection en X,Normale,Deux véhicules - arrière,,,,,,,,,,,2,2,2,1,2
200700054967,0007-09-28 22:50:00,7,9,28,22,50,100,387,"000, MARIE DE CHAMPAGNE",,,Nuit avec éclairage allumé,En agglomération,Hors intersection,Normale,Sans collision,,,,,,,,,,,5,2,1,1,7
200700054968,0007-09-03 05:00:00,7,9,3,5,0,110,69,ROCADE SUD RD 342,,,Nuit sans éclairage public,Hors agglomération,Hors intersection,Normale,Deux véhicules - frontale,,,,,,,,,,,3,1,1,1,1
200700054969,0007-09-20 07:28:00,7,9,20,7,28,110,69,"164, LECLERC AV. DU GENE",,,Crépuscule ou aube,En agglomération,Intersection en T,Normale,Deux véhicules - côté,,,,,,,,,,,2,2,3,1,3
200700054970,0007-09-21 06:30:00,7,9,21,6,30,110,69,MONTREAL -ROUTE DE -,,,Nuit sans éclairage public,Hors agglomération,Intersection en X,Normale,Deux véhicules - côté,,,,,,,,,,,3,1,2,1,3
200700054971,0007-09-17 09:35:00,7,9,17,9,35,110,76,"44, DUNKERQUE (RUE DE)",,,Plein jour,En agglomération,Hors intersection,Normale,Autre collision,,,,,,,,,,,1,2,1,1,6
200700054972,0007-09-19 17:25:00,7,9,19,17,25,110,76,ROUTE DE FENDEILLE,,,Plein jour,Hors agglomération,Intersection en T,Normale,Deux véhicules - côté,,,,,,,,,,,1,1,3,1,3
200700054973,0007-09-23 17:25:00,7,9,23,17,25,110,76,"1, GAULLE (AVENUE DU GEN",,,Plein jour,En agglomération,Intersection en X,Normale,Autre collision,,,,,,,,,,,1,2,2,1,6
200700054974,0007-09-15 17:40:00,7,9,15,17,40,110,262,"35, GAMBETTA (BOULEVARD)",,,Plein jour,En agglomération,Hors intersection,Normale,Deux véhicules - arrière,,,,,,,,,,,1,2,1,1,2
200700054975,0007-09-30 10:15:00,7,9,30,10,15,110,262,"1, JOFFRE (BOULEVARD MAR",,,Plein jour,En agglomération,Hors intersection,Normale,Autre collision,,,,,,,,,,,1,2,1,1,6
200700054976,0007-09-23 14:45:00,7,9,23,14,45,120,13,"53, MOULIN JEAN",,,Plein jour,En agglomération,Intersection en X,Pluie légère,Deux véhicules - côté,,,,,,,,,,,1,2,2,2,3
200700054977,0007-09-19 17:00:00,7,9,19,17,0,120,305,"2, GRANGE ADAM (AVENUE)",,,Plein jour,En agglomération,Intersection en T,Normale,Deux véhicules - frontale,,,,,,,,,,,1,2,3,1,1
200700054978,0007-09-07 11:00:00,7,9,7,11,0,120,89,PLATEAU SUPERIEUR,,,Plein jour,En agglomération,Hors intersection,Normale,Autre collision,,,,,,,,,,,1,2,1,1,6
200700054979,0007-09-23 10:40:00,7,9,23,10,40,120,145,GUYENNE (AVENUE DE),,,Plein jour,En agglomération,Hors intersection,Normale,Autre collision,,,,,,,,,,,1,2,1,1,6
200700054980,0007-09-18 21:35:00,7,9,18,21,35,120,145,BARRY,,,Nuit avec éclairage allumé,En agglomération,Intersection en X,Normale,Deux véhicules - côté,,,,,,,,,,,5,2,2,1,3
200700054981,0007-09-20 20:45:00,7,9,20,20,45,120,202,"37, 122IEME R.I. (BOULEV",,,Nuit avec éclairage allumé,En agglomération,Hors intersection,Normale,Autre collision,,,,,,,,,,,5,2,1,1,6
200700054982,0007-09-09 16:20:00,7,9,9,16,20,130,1,"18, AUBEPINES (CHEMIN DE",,,Plein jour,En agglomération,Intersection en T,Normale,Autre collision,,,,,,,,,,,1,2,3,1,6
200700054983,0007-09-12 13:07:00,7,9,12,13,7,130,1,"425, GARDANNE (ROUTE DE",,,Plein jour,Hors agglomération,Hors intersection,Normale,Deux véhicules - côté,,,,,,,,,,,1,1,1,1,3
200700054984,0007-09-05 21:30:00,7,9,5,21,30,130,1,"38, BRUNET (CH)",,,Nuit avec éclairage allumé,En agglomération,Autre intersection,Normale,Deux véhicules - côté,,,,,,,,,,,5,2,9,1,3
200700054985,0007-09-05 17:39:00,7,9,5,17,39,130,1,"1, GALICE (RTE DE)",,,Plein jour,En agglomération,Hors intersection,Normale,Deux véhicules - arrière,,,,,,,,,,,1,2,1,1,2
200700054986,0007-09-04 17:30:00,7,9,4,17,30,130,1,LOQUI (ROUTE DE),,,Plein jour,En agglomération,Hors intersection,Normale,Deux véhicules - côté,,,,,,,,,,,1,2,1,1,3
200700054987,0007-09-06 00:35:00,7,9,6,0,35,130,1,VAL FLEURY (AV),,,Nuit sans éclairage public,En agglomération,Hors intersection,Normale,Deux véhicules - arrière,,,,,,,,,,,3,2,1,1,2
200700054988,0007-09-14 18:40:00,7,9,14,18,40,130,1,"1, GIONO JEAN (AV)",,,Plein jour,En agglomération,Intersection en T,Normale,Deux véhicules - côté,,,,,,,,,,,1,2,3,1,3
200700054989,0007-09-17 21:15:00,7,9,17,21,15,130,1,DE LATTRE DE TASSIGNY (A,,,Nuit avec éclairage allumé,En agglomération,Hors intersection,Normale,Deux véhicules - arrière,,,,,,,,,,,5,2,1,1,2
200700054990,0007-09-16 22:45:00,7,9,16,22,45,130,1,DE LATTRE DE TASSIGNY (A,,,Nuit avec éclairage allumé,En agglomération,Hors intersection,Normale,Deux véhicules - frontale,,,,,,,,,,,5,2,1,1,1
200700054991,0007-09-04 15:40:00,7,9,4,15,40,130,1,BERRE (ROUTE DE),,,Plein jour,En agglomération,Hors intersection,Normale,Deux véhicules - arrière,,,,,,,,,,,1,2,1,1,2
200700054992,0007-09-11 19:08:00,7,9,11,19,8,130,1,MALACRIDA HENRI (AV),,,Plein jour,En agglomération,Autre intersection,Normale,Deux véhicules - côté,,,,,,,,,,,1,2,9,1,3
200700054993,0007-09-18 14:30:00,7,9,18,14,30,130,1,EUROPE (AV ),,,Plein jour,En agglomération,Hors intersection,Normale,Deux véhicules - arrière,,,,,,,,,,,1,2,1,1,2
200700054994,0007-09-15 13:50:00,7,9,15,13,50,130,1,"1330, BOUENHOURE (CH DE)",,,Plein jour,En agglomération,Hors intersection,Normale,Deux véhicules - frontale,,,,,,,,,,,1,2,1,1,1
200700054995,0007-09-21 14:30:00,7,9,21,14,30,130,1,MIRABEAU (COURS),,,Plein jour,En agglomération,Hors intersection,Normale,Deux véhicules - côté,,,,,,,,,,,1,2,1,1,3
200700054996,0007-09-20 16:30:00,7,9,20,16,30,130,1,"1, LEDOUX CLAUDE NICOLAS",,,Plein jour,En agglomération,Intersection en T,Normale,Deux véhicules - côté,,,,,,,,,,,1,2,3,1,3
200700054997,0007-09-22 12:30:00,7,9,22,12,30,130,1,JUVENAL MAX (AV),,,Plein jour,En agglomération,Giratoire,Normale,Deux véhicules - côté,,,,,,,,,,,1,2,6,1,3
200700054998,0007-09-17 17:09:00,7,9,17,17,9,130,1,"528, BROSSOLETTE PIERRE",,,Plein jour,En agglomération,Hors intersection,Normale,Deux véhicules - côté,,,,,,,,,,,1,2,1,1,3
200700054999,0007-09-01 16:45:00,7,9,1,16,45,130,4,JOSEPH SEGUIN RUE,,,Plein jour,En agglomération,Hors intersection,Normale,Autre collision,,,,,,,,,,,1,2,1,1,6
200700055000,0007-09-07 08:35:00,7,9,7,8,35,130,4,"1, DE LATTRE DE TASSIGNY",,,Plein jour,En agglomération,Hors intersection,Vent fort / tempête,Autre collision,,,,,,,,,,,1,2,1,6,6
200700055001,0007-09-10 08:55:00,7,9,10,8,55,130,4,"17, VICTOR HUGO AVENUE",,,Plein jour,En agglomération,Hors intersection,Normale,Deux véhicules - arrière,,,,,,,,,,,1,2,1,1,2
200700055002,0007-09-19 16:15:00,7,9,19,16,15,130,4,"59, V.C.N42 DITE CHEMIN",,,Plein jour,En agglomération,Hors intersection,Normale,Sans collision,,,,,,,,,,,1,2,1,1,7
200700055003,0007-09-19 15:50:00,7,9,19,15,50,130,4,"19, STALINGRAD AVENUE DE",,,Plein jour,En agglomération,Hors intersection,Vent fort / tempête,Deux véhicules - arrière,,,,,,,,,,,1,2,1,6,2
200700055004,0007-09-21 07:50:00,7,9,21,7,50,130,4,MARIUS ALLARD RUE,,,Plein jour,En agglomération,Hors intersection,Normale,Deux véhicules - côté,,,,,,,,,,,1,2,1,1,3
200700055005,0007-09-22 01:20:00,7,9,22,1,20,130,4,RN 453,,,Nuit sans éclairage public,Hors agglomération,Hors intersection,Normale,Autre collision,,,,,,,,,,,3,1,1,1,6
200700055006,0007-09-27 06:05:00,7,9,27,6,5,130,4,STALINGRAD AVENUE DE,,,Nuit avec éclairage allumé,En agglomération,Intersection en T,Normale,Autre collision,,,,,,,,,,,5,2,3,1,6
200700055007,0007-09-27 12:45:00,7,9,27,12,45,130,4,RN 113,,,Plein jour,Hors agglomération,Hors intersection,Pluie légère,Autre collision,,,,,,,,,,,1,1,1,2,6
200700055008,0007-09-09 19:55:00,7,9,9,19,55,130,5,LOUVE (CHEMIN DE LA),,,Plein jour,En agglomération,Hors intersection,Normale,Deux véhicules - frontale,,,,,,,,,,,1,2,1,1,1
200700055009,0007-09-16 18:35:00,7,9,16,18,35,130,28,CD.559,,,Plein jour,En agglomération,Hors intersection,Normale,Autre collision,,,,,,,,,,,1,2,1,1,6
200700055010,0007-09-24 15:43:00,7,9,24,15,43,130,28,"27, PUITS DE BRUNET (CHE",,,Plein jour,En agglomération,Hors intersection,Normale,Autre collision,,,,,,,,,,,1,2,1,1,6
200700055011,0007-09-24 20:49:00,7,9,24,20,49,130,28,BODIN (AVENUE EMILE),,,Crépuscule ou aube,En agglomération,Intersection en X,Normale,Deux véhicules - côté,,,,,,,,,,,2,2,2,1,3
200700055012,0007-09-25 17:02:00,7,9,25,17,2,130,28,BODIN (AVENUE EMILE),,,Plein jour,Hors agglomération,Hors intersection,Normale,Deux véhicules - frontale,,,,,,,,,,,1,1,1,1,1
200700055013,0007-09-04 10:30:00,7,9,4,10,30,130,47,FELIX GOUIN AVENUE,,,Plein jour,En agglomération,Giratoire,Normale,Sans collision,,,,,,,,,,,1,2,6,1,7
200700055014,0007-09-13 13:20:00,7,9,13,13,20,130,63,"1, ANCIENS COMBATTANTS A",,,Plein jour,En agglomération,Hors intersection,Normale,Autre collision,,,,,,,,,,,1,2,1,1,6
200700055015,0007-09-24 21:00:00,7,9,24,21,0,130,47,RN 1589 LA TRANSHUMANCE,,,Nuit sans éclairage public,Hors agglomération,Hors intersection,Normale,Autre collision,,,,,,,,,,,3,1,1,1,6
200700055016,0007-09-24 22:15:00,7,9,24,22,15,130,63,ARISTIDE BRIAND BOULEVAR,,,Nuit avec éclairage allumé,En agglomération,Intersection en X,Normale,Deux véhicules - côté,,,,,,,,,,,5,2,2,1,3
200700055017,0007-09-28 13:30:00,7,9,28,13,30,130,47,"1, FELIX GOUIN AVENUE",,,Plein jour,En agglomération,Autre intersection,Normale,Trois véhicules et plus - collisions multiples,,,,,,,,,,,1,2,9,1,5
200700055018,0007-09-05 17:20:00,7,9,5,17,20,130,54,SALAN  AVE GENERAL,,,Plein jour,En agglomération,Intersection en X,Normale,Deux véhicules - côté,,,,,,,,,,,1,2,2,1,3
200700055019,0007-09-11 11:00:00,7,9,11,11,0,130,54,", FIGUERAS  RUE DE",,,Plein jour,En agglomération,Intersection en X,Normale,Autre collision,,,,,,,,,,,1,2,2,1,6
200700055020,0007-09-11 11:00:00,7,9,11,11,0,130,43,ROUTE NATIONALE 568,,,Plein jour,Hors agglomération,Intersection à plus de 4 branches,Normale,Deux véhicules - côté,,,,,,,,,,,1,1,5,1,3
200700055021,0007-09-12 07:55:00,7,9,12,7,55,130,54,LIBERATION  AVE DE LA,,,Plein jour,En agglomération,Hors intersection,Normale,Autre collision,,,,,,,,,,,1,2,1,1,6
200700055022,0007-09-13 14:00:00,7,9,13,14,0,130,54,"39, JUIN  AVE MARECHAL",,,Plein jour,En agglomération,Hors intersection,Normale,Trois véhicules et plus - collisions multiples,,,,,,,,,,,1,2,1,1,5
200700055023,0007-09-14 08:30:00,7,9,14,8,30,130,43,RN 368,,,Plein jour,Hors agglomération,Hors intersection,Normale,Deux véhicules - frontale,,,,,,,,,,,1,1,1,1,1
200700055024,0007-09-15 10:35:00,7,9,15,10,35,130,43,RN 368,,,Plein jour,En agglomération,Intersection en T,Normale,Deux véhicules - côté,,,,,,,,,,,1,2,3,1,3
200700055025,0007-09-17 21:00:00,7,9,17,21,0,130,43,PASTEUR  AVENUE,,,Nuit avec éclairage allumé,En agglomération,Intersection en X,Normale,Autre collision,,,,,,,,,,,5,2,2,1,6
200700055026,0007-09-19 09:40:00,7,9,19,9,40,130,54,"15, DUBOS  RUE RENE",,,Plein jour,En agglomération,Hors intersection,Normale,Sans collision,,,,,,,,,,,1,2,1,1,7
200700055027,0007-09-22 14:15:00,7,9,22,14,15,130,54,LIBERATION  AVE DE LA,,,Plein jour,En agglomération,Intersection en X,Normale,Deux véhicules - côté,,,,,,,,,,,1,2,2,1,3
200700055028,0007-09-22 16:40:00,7,9,22,16,40,130,43,ROUTE NATIONALE 568,,,Plein jour,Hors agglomération,Intersection en T,Normale,Deux véhicules - arrière,,,,,,,,,,,1,1,3,1,2
200700055029,0007-09-28 09:53:00,7,9,28,9,53,130,102,FERRISSE  BLD ROBERT,,,Plein jour,En agglomération,Intersection en T,Normale,Deux véhicules - côté,,,,,,,,,,,1,2,3,1,3
200700055030,0007-09-08 15:40:00,7,9,8,15,40,130,55,"303, NATIONAL (BOULEVARD",,,Plein jour,En agglomération,Hors intersection,Normale,Deux véhicules - côté,,,,,,,,,,,1,2,1,1,3
200700055031,0007-09-04 08:00:00,7,9,4,8,0,130,55,", MERLAN (AVENUE)",,,Crépuscule ou aube,En agglomération,Hors intersection,Normale,Deux véhicules - côté,,,,,,,,,,,2,2,1,1,3
200700055032,0007-09-14 18:50:00,7,9,14,18,50,130,55,"456, SAINT ANTOINE (AVEN",,,Plein jour,En agglomération,Hors intersection,Normale,Deux véhicules - côté,,,,,,,,,,,1,2,1,1,3
200700055033,0007-09-12 16:40:00,7,9,12,16,40,130,55,GRIVES (CHEMIN DES),,,Plein jour,En agglomération,Hors intersection,Normale,Deux véhicules - arrière,,,,,,,,,,,1,2,1,1,2
200700055034,0007-09-23 14:30:00,7,9,23,14,30,130,55,", PRADO (AVENUE DU)",,,Plein jour,En agglomération,Hors intersection,Normale,Sans collision,,,,,,,,,,,1,2,1,1,7
200700055035,0007-09-01 18:30:00,7,9,1,18,30,130,55,"16, BELLE DE MAI (RUE)",,,Plein jour,En agglomération,Hors intersection,Normale,Autre collision,,,,,,,,,,,1,2,1,1,6
200700055036,0007-09-02 14:45:00,7,9,2,14,45,130,55,ALEX ANSALDI (RUE),,,Plein jour,En agglomération,Hors intersection,Normale,Autre collision,,,,,,,,,,,1,2,1,1,6
200700055037,0007-09-01 15:50:00,7,9,1,15,50,130,55,RABATAU (BOULEVARD),,,Plein jour,En agglomération,Intersection en X,Normale,Deux véhicules - côté,,,,,,,,,,,1,2,2,1,3
200700055038,0007-09-08 22:00:00,7,9,8,22,0,130,55,RABATAU (BOULEVARD),,,Nuit avec éclairage allumé,En agglomération,Hors intersection,Normale,Autre collision,,,,,,,,,,,5,2,1,1,6
200700055039,0007-09-01 08:15:00,7,9,1,8,15,130,55,"50, CAILLOLS (AVENUE DES",,,Plein jour,En agglomération,Hors intersection,Normale,Autre collision,,,,,,,,,,,1,2,1,1,6
200700055040,0007-09-04 18:30:00,7,9,4,18,30,130,55,MAGUY ROUBAUD (RUE),,,Plein jour,En agglomération,Intersection en T,Normale,Deux véhicules - côté,,,,,,,,,,,1,2,3,1,3
200700055041,0007-09-04 19:20:00,7,9,4,19,20,130,55,"31, PLOMBIERES (BOULEVAR",,,Plein jour,En agglomération,Hors intersection,Normale,Autre collision,,,,,,,,,,,1,2,1,1,6
200700055042,0007-09-05 11:55:00,7,9,5,11,55,130,55,"325, ROMAIN ROLLAND (BOU",,,Plein jour,En agglomération,Hors intersection,Normale,Deux véhicules - côté,,,,,,,,,,,1,2,1,1,3
200700055043,0007-09-05 13:45:00,7,9,5,13,45,130,55,SAINT PIERRE (RUE),,,Crépuscule ou aube,En agglomération,Hors intersection,Pluie légère,Autre collision,,,,,,,,,,,2,2,1,2,6
200700055044,0007-09-06 00:01:00,7,9,6,0,1,130,55,"38, LYON (RUE DE)",,,Nuit avec éclairage allumé,En agglomération,Hors intersection,Normale,Deux véhicules - arrière,,,,,,,,,,,5,2,1,1,2
200700055045,0007-09-06 21:15:00,7,9,6,21,15,130,55,"10, SAKAKINI (BOULEVARD)",,,Nuit avec éclairage allumé,En agglomération,Intersection en X,Normale,Deux véhicules - côté,,,,,,,,,,,5,2,2,1,3
200700055046,0007-09-06 14:55:00,7,9,6,14,55,130,55,CANET (TRAVERSE DU),,,Plein jour,En agglomération,Intersection en T,Normale,Trois véhicules et plus - collisions multiples,,,,,,,,,,,1,2,3,1,5
200700055047,0007-09-07 03:50:00,7,9,7,3,50,130,55,"169, RABATAU (BOULEVARD)",,,Nuit avec éclairage allumé,En agglomération,Hors intersection,Normale,Autre collision,,,,,,,,,,,5,2,1,1,6
200700055048,0007-09-09 19:35:00,7,9,9,19,35,130,55,"24, MARÉCHAL DE LATTRE (",,,Plein jour,En agglomération,Hors intersection,Normale,Autre collision,,,,,,,,,,,1,2,1,1,6
200700055049,0007-09-03 16:48:00,7,9,3,16,48,130,55,LYON (RUE DE),,,Plein jour,En agglomération,Intersection en T,Normale,Autre collision,,,,,,,,,,,1,2,3,1,6
200700055050,0007-09-04 12:10:00,7,9,4,12,10,130,55,"12, PERAS (RUE DU)",,,Plein jour,En agglomération,Hors intersection,Normale,Deux véhicules - arrière,,,,,,,,,,,1,2,1,1,2
200700055051,0007-09-10 09:40:00,7,9,10,9,40,130,55,TERRUSSE (RUE),,,Plein jour,En agglomération,Hors intersection,Normale,Autre collision,,,,,,,,,,,1,2,1,1,6
200700055052,0007-09-03 08:30:00,7,9,3,8,30,130,55,VALENTINE (ROUTE DE LA),,,Plein jour,En agglomération,Hors intersection,Normale,Autre collision,,,,,,,,,,,1,2,1,1,6
200700055053,0007-09-03 11:30:00,7,9,3,11,30,130,55,"247, MICHELET (BOULEVARD",,,Plein jour,En agglomération,Intersection en Y,Normale,Deux véhicules - côté,,,,,,,,,,,1,2,4,1,3
200700055054,0007-09-04 15:05:00,7,9,4,15,5,130,55,MERLAN (AVENUE DU),,,Plein jour,En agglomération,Hors intersection,Normale,Deux véhicules - côté,,,,,,,,,,,1,2,1,1,3
200700055055,0007-09-01 07:25:00,7,9,1,7,25,130,55,"108, AYGALADES (AVENUE D",,,Plein jour,En agglomération,Hors intersection,Normale,Deux véhicules - côté,,,,,,,,,,,1,2,1,1,3
200700055056,0007-09-01 18:25:00,7,9,1,18,25,130,55,"420, ROUCAS BLAN (CHEMIN",,,Plein jour,En agglomération,Hors intersection,Normale,Sans collision,,,,,,,,,,,1,2,1,1,7
200700055057,0007-09-11 17:30:00,7,9,11,17,30,130,55,JEAN PAUL SARTRE (AVENUE,,,Plein jour,En agglomération,Hors intersection,Normale,Deux véhicules - arrière,,,,,,,,,,,1,2,1,1,2
200700055058,0007-09-06 20:20:00,7,9,6,20,20,130,55,MARÉCHAL DE LATTRE (AVEN,,,Nuit avec éclairage allumé,En agglomération,Hors intersection,Normale,Deux véhicules - côté,,,,,,,,,,,5,2,1,1,3
200700055059,0007-09-03 08:25:00,7,9,3,8,25,130,55,MICHELET (BOULEVARD),,,Plein jour,En agglomération,Hors intersection,Normale,Deux véhicules - côté,,,,,,,,,,,1,2,1,1,3
200700055060,0007-09-02 10:30:00,7,9,2,10,30,130,55,PLOMBIERES (BOULEVARD DE,,,Plein jour,En agglomération,Hors intersection,Normale,Deux véhicules - arrière,,,,,,,,,,,1,2,1,1,2
200700055061,0007-09-05 17:10:00,7,9,5,17,10,130,55,"147, NOTRE DAME (CHEMIN)",,,Plein jour,En agglomération,Hors intersection,Normale,Trois véhicules et plus - collisions multiples,,,,,,,,,,,1,2,1,1,5
200700055062,0007-09-12 23:30:00,7,9,12,23,30,130,55,JEAN QUEILLAU (RUE),,,Nuit avec éclairage allumé,En agglomération,Intersection en X,Normale,Deux véhicules - frontale,,,,,,,,,,,5,2,2,1,1
200700055063,0007-09-13 11:30:00,7,9,13,11,30,130,55,"85, CAMILLE PELLETAN (AV",,,Plein jour,En agglomération,Hors intersection,Normale,Autre collision,,,,,,,,,,,1,2,1,1,6
200700055064,0007-09-01 14:15:00,7,9,1,14,15,130,55,CROIX ROUGE (AVENUE),,,Plein jour,Hors agglomération,Hors intersection,Normale,Deux véhicules - frontale,,,,,,,,,,,1,1,1,1,1
200700055065,0007-09-06 08:30:00,7,9,6,8,30,130,55,MIREILLE LAUZE (BOULEVAR,,,Plein jour,En agglomération,Hors intersection,Normale,Deux véhicules - côté,,,,,,,,,,,1,2,1,1,3
200700055066,0007-09-09 18:30:00,7,9,9,18,30,130,55,PINATEL (BOULEVARD),,,Crépuscule ou aube,En agglomération,Giratoire,Normale,Deux véhicules - côté,,,,,,,,,,,2,2,6,1,3
200700055067,0007-09-05 18:30:00,7,9,5,18,30,130,2,LEI RIMA (AVENUE),,,Plein jour,En agglomération,Hors intersection,Normale,Autre collision,,,,,,,,,,,1,2,1,1,6
200700055068,0007-09-09 01:30:00,7,9,9,1,30,130,55,G. CHARMASSON (CHEMIN),,,Nuit avec éclairage allumé,En agglomération,Intersection en X,Normale,Deux véhicules - côté,,,,,,,,,,,5,2,2,1,3
200700055069,0007-09-10 16:50:00,7,9,10,16,50,130,55,"16, MICHELET (BOULEVARD)",,,Plein jour,En agglomération,Hors intersection,Normale,Deux véhicules - côté,,,,,,,,,,,1,2,1,1,3
200700055070,0007-09-06 12:10:00,7,9,6,12,10,130,55,"49, CLOT BEY (AVENUE)",,,Plein jour,En agglomération,Hors intersection,Normale,Deux véhicules - côté,,,,,,,,,,,1,2,1,1,3
200700055071,0007-09-13 13:30:00,7,9,13,13,30,130,55,"54, SAINT PAUL (AVENUE)",,,Plein jour,En agglomération,Hors intersection,Normale,Autre collision,,,,,,,,,,,1,2,1,1,6
200700055072,0007-09-05 18:30:00,7,9,5,18,30,130,55,ALEX. FLEMING (BOULEVARD,,,Plein jour,En agglomération,Hors intersection,Normale,Trois véhicules et plus - en chaîne,,,,,,,,,,,1,2,1,1,4
200700055073,0007-09-02 09:30:00,7,9,2,9,30,130,55,CATALANS (RUE DES),,,Plein jour,En agglomération,Hors intersection,Normale,Autre collision,,,,,,,,,,,1,2,1,1,6
200700055074,0007-09-05 11:56:00,7,9,5,11,56,130,55,JULES GUESDE (PLACE),,,Plein jour,En agglomération,Giratoire,Normale,Deux véhicules - côté,,,,,,,,,,,1,2,6,1,3
200700055075,0007-09-06 09:15:00,7,9,6,9,15,130,55,"7, ORANGE (RUE D')",,,Plein jour,En agglomération,Hors intersection,Normale,Deux véhicules - côté,,,,,,,,,,,1,2,1,1,3
200700055076,0007-09-05 19:15:00,7,9,5,19,15,130,55,"195, SAINT MARCEL (BOULE",,,Plein jour,En agglomération,Intersection en T,Normale,Deux véhicules - arrière,,,,,,,,,,,1,2,3,1,2
200700055077,0007-09-06 13:55:00,7,9,6,13,55,130,55,SAINT MARCEL (BOULEVARD,,,Plein jour,En agglomération,Intersection en T,Normale,Deux véhicules - arrière,,,,,,,,,,,1,2,3,1,2
200700055078,0007-09-11 07:15:00,7,9,11,7,15,130,55,"157, WILLIAM BOOTH (AVEN",,,Plein jour,En agglomération,Hors intersection,Normale,Deux véhicules - côté,,,,,,,,,,,1,2,1,1,3
200700055079,0007-09-23 17:30:00,7,9,23,17,30,130,55,"8, CATALANS (RUE DES)",,,Plein jour,En agglomération,Hors intersection,Normale,Autre collision,,,,,,,,,,,1,2,1,1,6
200700055080,0007-09-19 13:00:00,7,9,19,13,0,130,55,BUTRIS (TRAVERSE DES),,,Plein jour,En agglomération,Hors intersection,Normale,Autre collision,,,,,,,,,,,1,2,1,1,6
200700055081,0007-09-27 12:15:00,7,9,27,12,15,130,55,"216, PRADO (AVENUE)",,,Plein jour,En agglomération,Hors intersection,Normale,Deux véhicules - arrière,,,,,,,,,,,1,2,1,1,2
200700055082,0007-09-19 12:30:00,7,9,19,12,30,130,55,MARCEL ACHILLE (BOULEVAR,,,Plein jour,En agglomération,Hors intersection,Normale,Autre collision,,,,,,,,,,,1,2,1,1,6
200700055083,0007-09-13 00:30:00,7,9,13,0,30,130,55,", HENRI FRENAY (ROND-POI",,,Nuit avec éclairage allumé,En agglomération,Giratoire,Normale,Sans collision,,,,,,,,,,,5,2,6,1,7
200700055084,0007-09-17 13:35:00,7,9,17,13,35,130,55,PEINTRES ROUX (AVENUE DE,,,Plein jour,En agglomération,Hors intersection,Normale,Deux véhicules - arrière,,,,,,,,,,,1,2,1,1,2
200700055085,0007-09-01 06:00:00,7,9,1,6,0,130,55,"23, ELZÉAR ROUGIER (RUE)",,,Nuit avec éclairage allumé,En agglomération,Hors intersection,Normale,Deux véhicules - frontale,,,,,,,,,,,5,2,1,1,1
200700055086,0007-09-13 21:30:00,7,9,13,21,30,130,55,SABLIERE (ROUTE DE LA),,,Nuit avec éclairage allumé,En agglomération,Hors intersection,Normale,Autre collision,,,,,,,,,,,5,2,1,1,6
200700055087,0007-09-13 13:31:00,7,9,13,13,31,130,55,MARÉCHAL JUIN (BOULEVARD,,,Plein jour,En agglomération,Hors intersection,Normale,Autre collision,,,,,,,,,,,1,2,1,1,6
200700055088,0007-09-18 16:40:00,7,9,18,16,40,130,55,"15, SAINT ANTOINE (AVENU",,,Plein jour,En agglomération,Hors intersection,Normale,Autre collision,,,,,,,,,,,1,2,1,1,6
200700055089,0007-09-12 15:09:00,7,9,12,15,9,130,55,SAINT MICHEL (RUE),,,Plein jour,En agglomération,Autre intersection,Normale,Autre collision,,,,,,,,,,,1,2,9,1,6
200700055090,0007-09-14 02:50:00,7,9,14,2,50,130,55,BRETEUIL (RUE),,,Nuit avec éclairage allumé,En agglomération,Intersection en X,Normale,Deux véhicules - arrière,,,,,,,,,,,5,2,2,1,2
200700055091,0007-09-08 11:50:00,7,9,8,11,50,130,55,BALTHAZAR BLANC (BOULEVA,,,Plein jour,En agglomération,Intersection en T,Normale,Trois véhicules et plus - collisions multiples,,,,,,,,,,,1,2,3,1,5
200700055092,0007-09-11 18:10:00,7,9,11,18,10,130,55,GRIVES (CHEMIN DES),,,Plein jour,En agglomération,Hors intersection,Normale,Deux véhicules - côté,,,,,,,,,,,1,2,1,1,3
200700055093,0007-09-04 12:15:00,7,9,4,12,15,130,55,CLOT BEY (AVENUE),,,Plein jour,En agglomération,Place,Normale,Deux véhicules - côté,,,,,,,,,,,1,2,7,1,3
200700055094,0007-09-16 08:55:00,7,9,16,8,55,130,55,"18, MONTE CRISTO (RUE)",,,Plein jour,En agglomération,Hors intersection,Normale,Deux véhicules - frontale,,,,,,,,,,,1,2,1,1,1
200700055095,0007-09-07 18:00:00,7,9,7,18,0,130,55,ROUET (RUE DU),,,Plein jour,En agglomération,Intersection en X,Normale,Autre collision,,,,,,,,,,,1,2,2,1,6