accident_id,datetime,annee,mois,jour,heure,minute,departement,commune_insee,adresse,latitude,longitude,luminosite,agglomeration,intersection,meteo,collision,nb_vehicules,nb_usagers,nb_indemnes,nb_tues,nb_blesses_hosp,nb_blesses_legers,age_cond_1,age_cond_2,veh_type_cond_1,veh_type_cond_2,lum_code,agg_code,int_code,atm_code,col_code
200700055096,0007-09-10 08:00:00,7,9,10,8,0,130,55,FRANÇOISE DUPARC (BOULEV,,,Plein jour,En agglomération,Intersection en X,Normale,Deux véhicules - arrière,,,,,,,,,,,1,2,2,1,2
200700055097,0007-09-01 14:00:00,7,9,1,14,0,130,55,CANEBIERE     1 A 79,,,Plein jour,En agglomération,Hors intersection,Normale,Autre collision,,,,,,,,,,,1,2,1,1,6
200700055098,0007-09-01 18:50:00,7,9,1,18,50,130,55,CORSE (AVENUE DE LA),,,Plein jour,En agglomération,Hors intersection,Normale,Deux véhicules - côté,,,,,,,,,,,1,2,1,1,3
200700055099,0007-09-21 15:10:00,7,9,21,15,10,130,55,"283, MONTOLIVET (AVENUE",,,Plein jour,En agglomération,Hors intersection,Normale,Deux véhicules - côté,,,,,,,,,,,1,2,1,1,3
200700055100,0007-09-05 11:35:00,7,9,5,11,35,130,55,SAINT JEAN (RUE),,,Plein jour,En agglomération,Hors intersection,Normale,Autre collision,,,,,,,,,,,1,2,1,1,6
200700055101,0007-09-18 08:20:00,7,9,18,8,20,130,55,"8, OCTROI (PLACE GARE DE",,,Plein jour,En agglomération,Hors intersection,Normale,Deux véhicules - côté,,,,,,,,,,,1,2,1,1,3
200700055102,0007-09-21 18:00:00,7,9,21,18,0,130,55,VALENTINE (ROUTE DE LA),,,Crépuscule ou aube,En agglomération,Intersection en T,Normale,Deux véhicules - côté,,,,,,,,,,,2,2,3,1,3
200700055103,0007-09-16 17:45:00,7,9,16,17,45,130,55,GÉNÉRAL FERRIE (PLACE),,,Plein jour,En agglomération,Intersection à plus de 4 branches,Normale,Autre collision,,,,,,,,,,,1,2,5,1,6
200700055104,0007-09-21 16:25:00,7,9,21,16,25,130,55,MARÉCHAL DE LATTRE (AVEN,,,Plein jour,En agglomération,Hors intersection,Normale,Deux véhicules - arrière,,,,,,,,,,,1,2,1,1,2
200700055105,0007-09-25 18:30:00,7,9,25,18,30,130,55,PARIS (BOULEVARD DE),,,Plein jour,En agglomération,Hors intersection,Normale,Deux véhicules - côté,,,,,,,,,,,1,2,1,1,3
200700055106,0007-09-25 14:10:00,7,9,25,14,10,130,55,"151, PRADO (AVENUE DU)",,,Plein jour,En agglomération,Hors intersection,Normale,Sans collision,,,,,,,,,,,1,2,1,1,7
200700055107,0007-09-18 18:20:00,7,9,18,18,20,130,55,"70, SAINT MARCEL (BOULEV",,,Plein jour,En agglomération,Hors intersection,Normale,Autre collision,,,,,,,,,,,1,2,1,1,6
200700055108,0007-09-21 07:45:00,7,9,21,7,45,130,55,SAINT LOUIS (AVENUE DE),,,Plein jour,En agglomération,Hors intersection,Normale,Autre collision,,,,,,,,,,,1,2,1,1,6
200700055109,0007-09-13 18:30:00,7,9,13,18,30,130,55,MICHELET (BOULEVARD),,,Plein jour,En agglomération,Hors intersection,Normale,Deux véhicules - côté,,,,,,,,,,,1,2,1,1,3
200700055110,0007-09-14 18:00:00,7,9,14,18,0,130,55,SAINT MITRE (CHEMIN DE),,,Plein jour,En agglomération,Hors intersection,Normale,Deux véhicules - côté,,,,,,,,,,,1,2,1,1,3
200700055111,0007-09-23 10:50:00,7,9,23,10,50,130,55,"88, SAINT ANTOINE (AVENU",,,Plein jour,En agglomération,Intersection en X,Normale,Deux véhicules - côté,,,,,,,,,,,1,2,2,1,3
200700055112,0007-09-22 23:55:00,7,9,22,23,55,130,55,"83, CORSE (AVENUE DE LA)",,,Nuit avec éclairage allumé,En agglomération,Place,Normale,Deux véhicules - côté,,,,,,,,,,,5,2,7,1,3
200700055113,0007-09-21 21:00:00,7,9,21,21,0,130,55,LIEUTAUD (COURS),,,Nuit avec éclairage allumé,En agglomération,Intersection en X,Normale,Deux véhicules - côté,,,,,,,,,,,5,2,2,1,3
200700055114,0007-09-26 18:00:00,7,9,26,18,0,130,55,GRANDE ARMEE (RUE DE LA),,,Plein jour,En agglomération,Intersection à plus de 4 branches,Normale,Autre collision,,,,,,,,,,,1,2,5,1,6
200700055115,0007-09-21 07:20:00,7,9,21,7,20,130,55,BOURGADE (RUE DE LA),,,Plein jour,En agglomération,Intersection en T,Normale,Deux véhicules - frontale,,,,,,,,,,,1,2,3,1,1
200700055116,0007-09-07 07:50:00,7,9,7,7,50,130,55,"111, LOUIS BOTINELLY (RU",,,Plein jour,En agglomération,Hors intersection,Normale,Deux véhicules - côté,,,,,,,,,,,1,2,1,1,3
200700055117,0007-09-21 16:50:00,7,9,21,16,50,130,55,"191, LIBERATION (BOULEVA",,,Plein jour,En agglomération,Intersection en X,Normale,Autre collision,,,,,,,,,,,1,2,2,1,6
200700055118,0007-09-11 07:20:00,7,9,11,7,20,130,55,SAINT PIERRE (RUE),,,Crépuscule ou aube,En agglomération,Intersection en X,Normale,Deux véhicules - arrière,,,,,,,,,,,2,2,2,1,2
200700055119,0007-09-24 21:00:00,7,9,24,21,0,130,55,"35, RAYMOND TEISSERE (RU",,,Nuit avec éclairage non allumé,En agglomération,Hors intersection,Normale,Sans collision,,,,,,,,,,,4,2,1,1,7
200700055120,0007-09-24 13:30:00,7,9,24,13,30,130,55,"13, MAZARGUES (AVENUE DE",,,Plein jour,En agglomération,Hors intersection,Normale,Autre collision,,,,,,,,,,,1,2,1,1,6
200700055121,0007-09-17 15:10:00,7,9,17,15,10,130,55,SABLIERE (ROUTE DE LA),,,Plein jour,En agglomération,Hors intersection,Normale,Deux véhicules - arrière,,,,,,,,,,,1,2,1,1,2
200700055122,0007-09-16 08:20:00,7,9,16,8,20,130,55,HENRI COCHET (RUE),,,Plein jour,En agglomération,Hors intersection,Normale,Autre collision,,,,,,,,,,,1,2,1,1,6
200700055123,0007-09-14 16:50:00,7,9,14,16,50,130,55,SAINT PIERRE (RUE),,,Plein jour,En agglomération,Hors intersection,Normale,Deux véhicules - côté,,,,,,,,,,,1,2,1,1,3
200700055124,0007-09-25 14:05:00,7,9,25,14,5,130,55,LOUIS REGE (RUE),,,Plein jour,En agglomération,Intersection en T,Normale,Deux véhicules - côté,,,,,,,,,,,1,2,3,1,3
200700055125,0007-09-19 20:20:00,7,9,19,20,20,130,55,PRADO (ROND-POINT),,,Nuit avec éclairage allumé,En agglomération,Hors intersection,Normale,Deux véhicules - côté,,,,,,,,,,,5,2,1,1,3
200700055126,0007-09-23 13:20:00,7,9,23,13,20,130,55,MENDES FRANCE (AVENUE),,,Plein jour,En agglomération,Hors intersection,Normale,Autre collision,,,,,,,,,,,1,2,1,1,6
200700055127,0007-09-21 10:15:00,7,9,21,10,15,130,55,MAZARGUES (AVENUE DE),,,Plein jour,En agglomération,Hors intersection,Normale,Autre collision,,,,,,,,,,,1,2,1,1,6
200700055128,0007-09-18 10:30:00,7,9,18,10,30,130,55,LYON (RUE DE),,,Plein jour,En agglomération,Hors intersection,Normale,Deux véhicules - côté,,,,,,,,,,,1,2,1,1,3
200700055129,0007-09-12 17:30:00,7,9,12,17,30,130,55,CAPITAINE GEZE (BOULEVAR,,,Plein jour,En agglomération,Hors intersection,Normale,Deux véhicules - côté,,,,,,,,,,,1,2,1,1,3
200700055130,0007-09-25 12:00:00,7,9,25,12,0,130,55,"197, SAINT LOUIS (AVENUE",,,Plein jour,En agglomération,Hors intersection,Normale,Deux véhicules - arrière,,,,,,,,,,,1,2,1,1,2
200700055131,0007-09-04 08:40:00,7,9,4,8,40,130,55,"139, BAILLE (BOULEVARD)",,,Plein jour,En agglomération,Intersection en X,Normale,Autre collision,,,,,,,,,,,1,2,2,1,6
200700055132,0007-09-13 16:00:00,7,9,13,16,0,130,55,FLAMMARION (BOULEVARD),,,Plein jour,En agglomération,Hors intersection,Normale,Autre collision,,,,,,,,,,,1,2,1,1,6
200700055133,0007-09-10 09:00:00,7,9,10,9,0,130,55,PINATEL (BOULEVARD),,,Plein jour,En agglomération,Intersection en X,Normale,Autre collision,,,,,,,,,,,1,2,2,1,6
200700055134,0007-09-30 15:00:00,7,9,30,15,0,130,55,"70, AUGUSTIN AUBERT (RUE",,,Plein jour,En agglomération,Hors intersection,Normale,Deux véhicules - côté,,,,,,,,,,,1,2,1,1,3
200700055135,0007-09-28 21:00:00,7,9,28,21,0,130,55,"2, RIMAS (RUE DES)",,,Nuit avec éclairage allumé,En agglomération,Hors intersection,Normale,Autre collision,,,,,,,,,,,5,2,1,1,6
200700055136,0007-09-05 11:10:00,7,9,5,11,10,130,55,"25, LAROUSSE (BOULEVARD)",,,Plein jour,En agglomération,Hors intersection,Normale,Sans collision,,,,,,,,,,,1,2,1,1,7
200700055137,0007-09-25 11:00:00,7,9,25,11,0,130,55,"39, ENJOLRAS (AVENUE)",,,Plein jour,En agglomération,Hors intersection,Normale,Trois véhicules et plus - collisions multiples,,,,,,,,,,,1,2,1,1,5
200700055138,0007-09-15 09:45:00,7,9,15,9,45,130,55,"28, SAINT GABRI (RUE)",,,Plein jour,En agglomération,Hors intersection,Normale,Autre collision,,,,,,,,,,,1,2,1,1,6
200700055139,0007-09-15 16:00:00,7,9,15,16,0,130,55,"64, LYON (RUE DE)",,,Plein jour,En agglomération,Hors intersection,Normale,Deux véhicules - arrière,,,,,,,,,,,1,2,1,1,2
200700055140,0007-09-10 17:40:00,7,9,10,17,40,130,55,ALBERT EINSTEIN (RUE),,,Plein jour,En agglomération,Hors intersection,Normale,Deux véhicules - côté,,,,,,,,,,,1,2,1,1,3
200700055141,0007-09-20 14:30:00,7,9,20,14,30,130,55,PORT (QUAI DU),,,Plein jour,En agglomération,Hors intersection,Normale,Deux véhicules - frontale,,,,,,,,,,,1,2,1,1,1
200700055142,0007-09-20 20:00:00,7,9,20,20,0,130,55,"117, BAILLE (BOULEVARD)",,,Nuit avec éclairage allumé,En agglomération,Intersection en X,Normale,Deux véhicules - côté,,,,,,,,,,,5,2,2,1,3
200700055143,0007-09-14 12:45:00,7,9,14,12,45,130,55,RABATAU (BOULEVARD),,,Plein jour,En agglomération,Hors intersection,Normale,Deux véhicules - côté,,,,,,,,,,,1,2,1,1,3
200700055144,0007-09-02 14:40:00,7,9,2,14,40,130,55,CORSE (AVENUE DE LA),,,Plein jour,En agglomération,Intersection en X,Normale,Deux véhicules - côté,,,,,,,,,,,1,2,2,1,3
200700055145,0007-09-21 13:05:00,7,9,21,13,5,130,55,ESTAQUE PLAGE,,,Plein jour,En agglomération,Hors intersection,Normale,Deux véhicules - côté,,,,,,,,,,,1,2,1,1,3
200700055146,0007-09-01 16:20:00,7,9,1,16,20,130,55,BAILLE (BOULEVARD),,,Plein jour,En agglomération,Intersection en X,Normale,Deux véhicules - côté,,,,,,,,,,,1,2,2,1,3
200700055147,0007-09-20 21:00:00,7,9,20,21,0,130,55,JEANNE D'ARC (BOULEVARD),,,Nuit avec éclairage allumé,En agglomération,Intersection en X,Normale,Deux véhicules - côté,,,,,,,,,,,5,2,2,1,3
200700055148,0007-09-26 20:30:00,7,9,26,20,30,130,55,"9, MALAVAL (RUE)",,,Plein jour,En agglomération,Intersection en X,Normale,Deux véhicules - côté,,,,,,,,,,,1,2,2,1,3
200700055149,0007-09-26 10:15:00,7,9,26,10,15,130,55,MICHELET (BOULEVARD),,,Plein jour,En agglomération,Hors intersection,Normale,Autre collision,,,,,,,,,,,1,2,1,1,6
200700055150,0007-09-26 08:45:00,7,9,26,8,45,130,55,"300, SAINTE MARGUERITE (",,,Plein jour,En agglomération,Intersection en T,Normale,Deux véhicules - côté,,,,,,,,,,,1,2,3,1,3
200700055151,0007-09-29 09:10:00,7,9,29,9,10,130,55,SAINT MARCEL (BOULEVARD,,,Plein jour,En agglomération,Intersection en T,Normale,Autre collision,,,,,,,,,,,1,2,3,1,6
200700055152,0007-09-28 13:50:00,7,9,28,13,50,130,55,", CAPELETTE (AVENUE DE L",,,Plein jour,En agglomération,Hors intersection,Normale,Deux véhicules - côté,,,,,,,,,,,1,2,1,1,3
200700055153,0007-09-29 20:00:00,7,9,29,20,0,130,55,"148, SAINT LOUP (BOULEVA",,,Nuit avec éclairage non allumé,En agglomération,Hors intersection,Normale,Deux véhicules - frontale,,,,,,,,,,,4,2,1,1,1
200700055154,0007-09-24 10:45:00,7,9,24,10,45,130,55,"391, PARADIS (RUE)",,,Plein jour,En agglomération,Hors intersection,Normale,Sans collision,,,,,,,,,,,1,2,1,1,7
200700055155,0007-09-29 17:35:00,7,9,29,17,35,130,55,"262, TOULON (AVENUE DE)",,,Plein jour,Hors agglomération,Hors intersection,Normale,Autre collision,,,,,,,,,,,1,1,1,1,6
200700055156,0007-09-26 18:15:00,7,9,26,18,15,130,55,LANCIER (CHEMIN DU),,,Crépuscule ou aube,En agglomération,Hors intersection,Normale,Deux véhicules - arrière,,,,,,,,,,,2,2,1,1,2
200700055157,0007-09-21 16:35:00,7,9,21,16,35,130,55,"779, MAZARGUES (AVENUE D",,,Plein jour,En agglomération,Hors intersection,Normale,Deux véhicules - côté,,,,,,,,,,,1,2,1,1,3
200700055158,0007-09-25 10:05:00,7,9,25,10,5,130,55,CAILLOLS (AVENUE DES),,,Plein jour,En agglomération,Intersection en X,Normale,Deux véhicules - côté,,,,,,,,,,,1,2,2,1,3
200700055159,0007-09-25 15:30:00,7,9,25,15,30,130,55,SAINT JEROME (AVENUE DE),,,Plein jour,En agglomération,Intersection en T,Normale,Deux véhicules - côté,,,,,,,,,,,1,2,3,1,3
200700055160,0007-09-27 09:45:00,7,9,27,9,45,130,55,SAINT ANTOINE (CHEMIN DE,,,Plein jour,En agglomération,Hors intersection,Normale,Trois véhicules et plus - en chaîne,,,,,,,,,,,1,2,1,1,4
200700055161,0007-09-16 18:45:00,7,9,16,18,45,130,55,CROZE MAGNAN (BOULEVARD),,,Plein jour,En agglomération,Intersection en T,Normale,Deux véhicules - côté,,,,,,,,,,,1,2,3,1,3
200700055162,0007-09-29 23:00:00,7,9,29,23,0,130,55,PRADO (ROND-POINT),,,Nuit avec éclairage allumé,En agglomération,Hors intersection,Normale,Deux véhicules - arrière,,,,,,,,,,,5,2,1,1,2
200700055163,0007-09-12 13:10:00,7,9,12,13,10,130,55,PONT DE VIVAUX (BOULEVAR,,,Plein jour,En agglomération,Hors intersection,Normale,Autre collision,,,,,,,,,,,1,2,1,1,6
200700055164,0007-09-19 18:40:00,7,9,19,18,40,130,55,PIERRE GUERRE (ROND-POIN,,,Crépuscule ou aube,En agglomération,Giratoire,Normale,Deux véhicules - arrière,,,,,,,,,,,2,2,6,1,2
200700055165,0007-09-19 10:17:00,7,9,19,10,17,130,55,PRADO (AVENUE),,,Plein jour,En agglomération,Hors intersection,Normale,Autre collision,,,,,,,,,,,1,2,1,1,6
200700055166,0007-09-20 19:10:00,7,9,20,19,10,130,55,ELSA TRIOLET (AVENUE),,,Plein jour,En agglomération,Hors intersection,Normale,Deux véhicules - côté,,,,,,,,,,,1,2,1,1,3
200700055167,0007-09-15 16:55:00,7,9,15,16,55,130,55,"21, MERLAN (AVENUE)",,,Plein jour,En agglomération,Hors intersection,Normale,Deux véhicules - côté,,,,,,,,,,,1,2,1,1,3
200700055168,0007-09-24 12:40:00,7,9,24,12,40,130,2,GENERAL LECLERC (AVENUE,,,Plein jour,En agglomération,Giratoire,Normale,Autre collision,,,,,,,,,,,1,2,6,1,6
200700055169,0007-09-25 11:15:00,7,9,25,11,15,130,55,CORNICHE KENNEDY,,,Plein jour,En agglomération,Hors intersection,Normale,Autre collision,,,,,,,,,,,1,2,1,1,6
200700055170,0007-09-25 20:45:00,7,9,25,20,45,130,55,"149, RABATAU (BOULEVARD)",,,Nuit avec éclairage non allumé,En agglomération,Hors intersection,Normale,Sans collision,,,,,,,,,,,4,2,1,1,7
200700055171,0007-09-21 13:15:00,7,9,21,13,15,130,55,WILLIAM BOOTH (AVENUE),,,Plein jour,En agglomération,Autre intersection,Normale,Autre collision,,,,,,,,,,,1,2,9,1,6
200700055172,0007-09-18 11:55:00,7,9,18,11,55,130,55,TOULON (AVENUE DE),,,Plein jour,En agglomération,Hors intersection,Normale,Autre collision,,,,,,,,,,,1,2,1,1,6
200700055173,0007-09-26 13:45:00,7,9,26,13,45,130,55,TRINITAIRES (BOULEVARD D,,,Plein jour,En agglomération,Hors intersection,Normale,Autre collision,,,,,,,,,,,1,2,1,1,6
200700055174,0007-09-23 00:01:00,7,9,23,0,1,130,55,SAINTE MARTHE (CHEMIN DE,,,Nuit avec éclairage allumé,En agglomération,Hors intersection,Normale,Deux véhicules - frontale,,,,,,,,,,,5,2,1,1,1
200700055175,0007-09-22 15:00:00,7,9,22,15,0,130,55,COMMANDERIE (CHEMIN),,,Plein jour,En agglomération,Hors intersection,Normale,Sans collision,,,,,,,,,,,1,2,1,1,7
200700055176,0007-09-09 16:25:00,7,9,9,16,25,130,55,SAVINE (BOULEVARD DE LA),,,Plein jour,En agglomération,Hors intersection,Normale,Deux véhicules - frontale,,,,,,,,,,,1,2,1,1,1
200700055177,0007-09-17 09:00:00,7,9,17,9,0,130,55,"55, SAKAKINI (BOULEVARD)",,,Plein jour,En agglomération,Hors intersection,Normale,Deux véhicules - côté,,,,,,,,,,,1,2,1,1,3
200700055178,0007-09-22 10:40:00,7,9,22,10,40,130,55,PINS (ALLEE DES),,,Plein jour,En agglomération,Hors intersection,Normale,Deux véhicules - côté,,,,,,,,,,,1,2,1,1,3
200700055179,0007-09-21 22:00:00,7,9,21,22,0,130,55,"105 bis, ROME (RUE DE)",,,Nuit avec éclairage allumé,En agglomération,Intersection en X,Normale,Deux véhicules - arrière,,,,,,,,,,,5,2,2,1,2
200700055180,0007-09-25 09:20:00,7,9,25,9,20,130,55,"65, FRANCOISE DUPARC (BO",,,Plein jour,En agglomération,Intersection en X,Normale,Deux véhicules - côté,,,,,,,,,,,1,2,2,1,3
200700055181,0007-09-30 08:10:00,7,9,30,8,10,130,55,"18, AUBAGNE (RUE D')",,,Plein jour,En agglomération,Hors intersection,Normale,Sans collision,,,,,,,,,,,1,2,1,1,7
200700055182,0007-09-22 12:45:00,7,9,22,12,45,130,55,"141, BOISSON (BOULEVARD)",,,Plein jour,En agglomération,Hors intersection,Normale,Autre collision,,,,,,,,,,,1,2,1,1,6
200700055183,0007-09-27 07:15:00,7,9,27,7,15,130,55,", FLAMMARION (BOULEVARD)",,,Crépuscule ou aube,En agglomération,Hors intersection,Normale,Deux véhicules - arrière,,,,,,,,,,,2,2,1,1,2
200700055184,0007-09-20 19:00:00,7,9,20,19,0,130,55,"21, L ARMEE D AFRIQUE (C",,,Plein jour,En agglomération,Hors intersection,Normale,Deux véhicules - côté,,,,,,,,,,,1,2,1,1,3
200700055185,0007-09-25 18:50:00,7,9,25,18,50,130,55,LOUIS MALOSSE (AVENUE),,,Plein jour,En agglomération,Intersection en T,Normale,Deux véhicules - côté,,,,,,,,,,,1,2,3,1,3
200700055186,0007-09-22 20:35:00,7,9,22,20,35,130,55,"132, JOSEPH VIDAL (AVENU",,,Nuit avec éclairage allumé,En agglomération,Hors intersection,Normale,Deux véhicules - côté,,,,,,,,,,,5,2,1,1,3
200700055187,0007-09-06 12:45:00,7,9,6,12,45,130,55,", LIBERTE (BOULEVARD DE",,,Plein jour,En agglomération,Autre intersection,Normale,Autre collision,,,,,,,,,,,1,2,9,1,6
200700055188,0007-09-27 05:20:00,7,9,27,5,20,130,55,VALENTINE (ROUTE DE LA),,,Nuit avec éclairage allumé,En agglomération,Hors intersection,Normale,Sans collision,,,,,,,,,,,5,2,1,1,7
200700055189,0007-09-01 12:30:00,7,9,1,12,30,130,55,BOURRELY (CHEMIN DES),,,Plein jour,En agglomération,Hors intersection,Normale,Autre collision,,,,,,,,,,,1,2,1,1,6
200700055190,0007-09-03 08:31:00,7,9,3,8,31,130,55,MORETTI (BOULEVARD),,,Plein jour,En agglomération,Intersection en T,Normale,Deux véhicules - côté,,,,,,,,,,,1,2,3,1,3
200700055191,0007-09-27 08:00:00,7,9,27,8,0,130,55,MONNET (ROND-POINT),,,Plein jour,En agglomération,Giratoire,Normale,Deux véhicules - côté,,,,,,,,,,,1,2,6,1,3
200700055192,0007-09-28 07:00:00,7,9,28,7,0,130,55,LYON (RUE DE),,,Plein jour,En agglomération,Intersection en X,Normale,Deux véhicules - côté,,,,,,,,,,,1,2,2,1,3
200700055193,0007-09-28 12:50:00,7,9,28,12,50,130,55,"397, CORNICHE KENNEDY",,,Plein jour,En agglomération,Hors intersection,Normale,Trois véhicules et plus - en chaîne,,,,,,,,,,,1,2,1,1,4
200700055194,0007-09-22 11:55:00,7,9,22,11,55,130,55,PEINTRES RO (RUE),,,Plein jour,En agglomération,Hors intersection,Normale,Trois véhicules et plus - en chaîne,,,,,,,,,,,1,2,1,1,4
200700055195,0007-09-28 18:00:00,7,9,28,18,0,130,55,JULES CANTINI (AVENUE),,,Plein jour,En agglomération,Hors intersection,Normale,Deux véhicules - côté,,,,,,,,,,,1,2,1,1,3
200700055196,0007-09-21 14:00:00,7,9,21,14,0,130,55,MAZARGUES (AVENUE DE),,,Plein jour,En agglomération,Hors intersection,Normale,Deux véhicules - frontale,,,,,,,,,,,1,2,1,1,1
200700055197,0007-09-22 18:20:00,7,9,22,18,20,130,55,LÉON LACHAMP (ROUTE),,,Crépuscule ou aube,En agglomération,Hors intersection,Normale,Trois véhicules et plus - en chaîne,,,,,,,,,,,2,2,1,1,4
200700055198,0007-09-12 19:45:00,7,9,12,19,45,130,55,SCHLOESING (BOULEVARD),,,Nuit avec éclairage allumé,En agglomération,Hors intersection,Normale,Deux véhicules - côté,,,,,,,,,,,5,2,1,1,3
200700055199,0007-09-29 10:40:00,7,9,29,10,40,130,55,CONSTANTIN (PLACE),,,Plein jour,En agglomération,Intersection en T,Temps couvert,Autre collision,,,,,,,,,,,1,2,3,8,6
200700055200,0007-09-24 19:00:00,7,9,24,19,0,130,55,CENTRAL (BOULEVARD),,,Plein jour,En agglomération,Intersection en X,Normale,Deux véhicules - côté,,,,,,,,,,,1,2,2,1,3
200700055201,0007-09-19 19:43:00,7,9,19,19,43,130,55,"48, ENCO DE BOT (ROUTE)",,,Nuit avec éclairage allumé,En agglomération,Intersection en T,Normale,Deux véhicules - côté,,,,,,,,,,,5,2,3,1,3
200700055202,0007-09-27 19:30:00,7,9,27,19,30,130,55,"1, MARÉCHAL DE LATTRE (A",,,Nuit avec éclairage allumé,En agglomération,Hors intersection,Normale,Deux véhicules - côté,,,,,,,,,,,5,2,1,1,3
200700055203,0007-09-17 08:30:00,7,9,17,8,30,130,55,ALPES (BOULEVARD DES),,,Plein jour,Hors agglomération,Intersection en T,Normale,Autre collision,,,,,,,,,,,1,1,3,1,6
200700055204,0007-09-21 12:00:00,7,9,21,12,0,130,55,ROGER BRUN (RUE),,,Plein jour,En agglomération,Hors intersection,Normale,Deux véhicules - côté,,,,,,,,,,,1,2,1,1,3
200700055205,0007-09-19 16:30:00,7,9,19,16,30,130,55,BRETEUIL (RUE),,,Plein jour,En agglomération,Hors intersection,Normale,Deux véhicules - arrière,,,,,,,,,,,1,2,1,1,2
200700055206,0007-09-21 14:35:00,7,9,21,14,35,130,55,BOISSON (BOULEVARD),,,Plein jour,En agglomération,Hors intersection,Normale,Deux véhicules - côté,,,,,,,,,,,1,2,1,1,3
200700055207,0007-09-27 11:50:00,7,9,27,11,50,130,55,JEAN PAUL SARTRE (AVENUE,,,Plein jour,En agglomération,Hors intersection,Normale,Deux véhicules - côté,,,,,,,,,,,1,2,1,1,3
200700055208,0007-09-10 11:30:00,7,9,10,11,30,130,55,LYON (RUE DE),,,Plein jour,En agglomération,Hors intersection,Normale,Deux véhicules - frontale,,,,,,,,,,,1,2,1,1,1
200700055209,0007-09-28 05:10:00,7,9,28,5,10,130,55,CHARLES HUMEL (ROND-POIN,,,Nuit avec éclairage allumé,En agglomération,Hors intersection,Normale,Autre collision,,,,,,,,,,,5,2,1,1,6
200700055210,0007-09-14 12:50:00,7,9,14,12,50,130,55,MAZARGUES (ROND-POINT),,,Plein jour,En agglomération,Giratoire,Normale,Deux véhicules - côté,,,,,,,,,,,1,2,6,1,3
200700055211,0007-09-18 07:45:00,7,9,18,7,45,130,55,ALEX ANSALDI (RUE),,,Plein jour,En agglomération,Intersection en T,Normale,Deux véhicules - côté,,,,,,,,,,,1,2,3,1,3
200700055212,0007-09-28 16:00:00,7,9,28,16,0,130,55,PRADO (ROND-POINT),,,Plein jour,En agglomération,Hors intersection,Normale,Deux véhicules - arrière,,,,,,,,,,,1,2,1,1,2
200700055213,0007-09-27 19:00:00,7,9,27,19,0,130,55,LIBERATION (BOULEVARD),,,Plein jour,En agglomération,Hors intersection,Normale,Deux véhicules - côté,,,,,,,,,,,1,2,1,1,3
200700055214,0007-09-28 20:20:00,7,9,28,20,20,130,55,ALEX. FLEMING (BOULEVARD,,,Nuit avec éclairage allumé,En agglomération,Hors intersection,Normale,Autre collision,,,,,,,,,,,5,2,1,1,6
200700055215,0007-09-29 16:50:00,7,9,29,16,50,130,55,CORNICHE KENNEDY,,,Plein jour,En agglomération,Hors intersection,Normale,Deux véhicules - arrière,,,,,,,,,,,1,2,1,1,2
200700055216,0007-09-06 17:00:00,7,9,6,17,0,130,55,ROME (RUE DE),,,Plein jour,En agglomération,Hors intersection,Normale,Autre collision,,,,,,,,,,,1,2,1,1,6
200700055217,0007-09-25 10:00:00,7,9,25,10,0,130,55,FERNAND SARDOU (AVENUE),,,Plein jour,En agglomération,Hors intersection,Normale,Trois véhicules et plus - en chaîne,,,,,,,,,,,1,2,1,1,4
200700055218,0007-09-10 08:01:00,7,9,10,8,1,130,55,CAPELETTE (AVENUE DE LA),,,Plein jour,En agglomération,Intersection en T,Normale,Deux véhicules - côté,,,,,,,,,,,1,2,3,1,3
200700055219,0007-09-28 09:45:00,7,9,28,9,45,130,55,"60, VALBARELLE (CHEMIN D",,,Plein jour,En agglomération,Hors intersection,Normale,Deux véhicules - arrière,,,,,,,,,,,1,2,1,1,2
200700055220,0007-09-24 17:10:00,7,9,24,17,10,130,55,"144, VALENTINE (ROUTE DE",,,Plein jour,En agglomération,Hors intersection,Normale,Deux véhicules - côté,,,,,,,,,,,1,2,1,1,3
200700055221,0007-09-19 12:31:00,7,9,19,12,31,130,55,"608, MAZARGUES (AVENUE D",,,Plein jour,En agglomération,Hors intersection,Normale,Deux véhicules - côté,,,,,,,,,,,1,2,1,1,3
200700055222,0007-09-25 08:20:00,7,9,25,8,20,130,55,"102, FRANCOISE DUPARC (B",,,Plein jour,En agglomération,Hors intersection,Normale,Autre collision,,,,,,,,,,,1,2,1,1,6
200700055223,0007-09-25 08:30:00,7,9,25,8,30,130,55,BASILE BARRELIER (BOULEV,,,Plein jour,En agglomération,Intersection en T,Normale,Deux véhicules - côté,,,,,,,,,,,1,2,3,1,3
200700055224,0007-09-28 13:00:00,7,9,28,13,0,130,55,CORNICHE KENNEDY,,,Plein jour,En agglomération,Hors intersection,Normale,Deux véhicules - arrière,,,,,,,,,,,1,2,1,1,2
200700055225,0007-09-26 14:30:00,7,9,26,14,30,130,55,ALEX. FLEMING (BOULEVARD,,,Plein jour,En agglomération,Hors intersection,Normale,Deux véhicules - arrière,,,,,,,,,,,1,2,1,1,2
200700055226,0007-09-19 20:10:00,7,9,19,20,10,130,55,JEAN MOULIN (BOULEVARD),,,Nuit avec éclairage allumé,En agglomération,Hors intersection,Normale,Deux véhicules - arrière,,,,,,,,,,,5,2,1,1,2
200700055227,0007-09-23 05:30:00,7,9,23,5,30,130,55,SAKAKINI (BOULEVARD),,,Nuit avec éclairage allumé,En agglomération,Intersection en X,Normale,Deux véhicules - côté,,,,,,,,,,,5,2,2,1,3
200700055228,0007-09-25 00:05:00,7,9,25,0,5,130,55,MENDES FRANCE (AVENUE),,,Nuit avec éclairage allumé,En agglomération,Hors intersection,Normale,Deux véhicules - arrière,,,,,,,,,,,5,2,1,1,2
200700055229,0007-09-30 11:00:00,7,9,30,11,0,130,55,GILLIBERT (BOULEVARD),,,Plein jour,En agglomération,Hors intersection,Normale,Autre collision,,,,,,,,,,,1,2,1,1,6