accident_id,datetime,annee,mois,jour,heure,minute,departement,commune_insee,adresse,latitude,longitude,luminosite,agglomeration,intersection,meteo,collision,nb_vehicules,nb_usagers,nb_indemnes,nb_tues,nb_blesses_hosp,nb_blesses_legers,age_cond_1,age_cond_2,veh_type_cond_1,veh_type_cond_2,lum_code,agg_code,int_code,atm_code,col_code
200700056559,0007-09-28 14:00:00,7,9,28,14,0,520,121,"0, COTE CRILLEE (RUE DE",,,Plein jour,En agglomération,Intersection en T,Pluie légère,Deux véhicules - côté,,,,,,,,,,,1,2,3,2,3
200700056560,0007-09-05 14:20:00,7,9,5,14,20,520,121,"26, BOURGOGNE (RUE DE)",,,Plein jour,En agglomération,Hors intersection,Normale,Deux véhicules - frontale,,,,,,,,,,,1,2,1,1,1
200700056561,0007-09-07 17:15:00,7,9,7,17,15,520,121,"63, VICTOIRE DE LA MARNE",,,Plein jour,En agglomération,Intersection en X,Normale,Autre collision,,,,,,,,,,,1,2,2,1,6
200700056562,0007-09-18 20:09:00,7,9,18,20,9,520,121,"1, VICTOIRE DE LA MARNE",,,Crépuscule ou aube,En agglomération,Hors intersection,Normale,Autre collision,,,,,,,,,,,2,2,1,1,6
200700056563,0007-09-20 17:40:00,7,9,20,17,40,520,121,"0, GAGARINE (RUE YOURI)",,,Plein jour,En agglomération,Intersection en T,Normale,Deux véhicules - côté,,,,,,,,,,,1,2,3,1,3
200700056564,0007-09-24 08:35:00,7,9,24,8,35,520,121,"0, GIRARDEL (AVENUE PHIL",,,Plein jour,En agglomération,Intersection en X,Normale,Deux véhicules - côté,,,,,,,,,,,1,2,2,1,3
200700056565,0007-09-04 14:50:00,7,9,4,14,50,520,448,"23, LOYES (RUE DES)",,,Plein jour,Hors agglomération,Hors intersection,Normale,Deux véhicules - arrière,,,,,,,,,,,1,1,1,1,2
200700056566,0007-09-05 07:35:00,7,9,5,7,35,520,448,VERGY (RUE DE),,,Crépuscule ou aube,En agglomération,Intersection en X,Normale,Sans collision,,,,,,,,,,,2,2,2,1,7
200700056567,0007-09-06 04:15:00,7,9,6,4,15,520,448,"130, BEREGOVOY (AVENUE P",,,Nuit avec éclairage allumé,En agglomération,Hors intersection,Normale,Deux véhicules - côté,,,,,,,,,,,5,2,1,1,3
200700056568,0007-09-07 17:10:00,7,9,7,17,10,520,448,"1, RN35",,,Plein jour,En agglomération,Intersection en T,Normale,Deux véhicules - côté,,,,,,,,,,,1,2,3,1,3
200700056569,0007-09-08 17:10:00,7,9,8,17,10,520,448,"1, DUNANT (BOULEVARD HEN",,,Plein jour,En agglomération,Intersection en X,Normale,Deux véhicules - côté,,,,,,,,,,,1,2,2,1,3
200700056570,0007-09-12 10:58:00,7,9,12,10,58,520,448,"17, FRACHON (AVENUE BENO",,,Plein jour,En agglomération,Hors intersection,Normale,Deux véhicules - côté,,,,,,,,,,,1,2,1,1,3
200700056571,0007-09-12 17:35:00,7,9,12,17,35,520,448,8 MAI 1945 (PLACE DU),,,Plein jour,En agglomération,Giratoire,Normale,Deux véhicules - côté,,,,,,,,,,,1,2,6,1,3
200700056572,0007-09-14 11:09:00,7,9,14,11,9,520,448,RN 4,,,Plein jour,Hors agglomération,Hors intersection,Normale,Deux véhicules - côté,,,,,,,,,,,1,1,1,1,3
200700056573,0007-09-19 06:45:00,7,9,19,6,45,520,448,"32, RN 4",,,Crépuscule ou aube,En agglomération,Intersection en X,Normale,Deux véhicules - côté,,,,,,,,,,,2,2,2,1,3
200700056574,0007-09-19 14:10:00,7,9,19,14,10,520,448,"7, EON (RUE DU CAPITAINE",,,Plein jour,En agglomération,Hors intersection,Normale,Sans collision,,,,,,,,,,,1,2,1,1,7
200700056575,0007-09-13 08:20:00,7,9,13,8,20,530,201,RD 57 VERS LAVAL,,,Plein jour,En agglomération,Hors intersection,Normale,Deux véhicules - arrière,,,,,,,,,,,1,2,1,1,2
200700056576,0007-09-19 17:20:00,7,9,19,17,20,530,130,"41, STADE ( RUE DE )",,,Plein jour,En agglomération,Hors intersection,Normale,Deux véhicules - frontale,,,,,,,,,,,1,2,1,1,1
200700056577,0007-09-19 18:55:00,7,9,19,18,55,530,130,"73, BOIS DE L' HUISSERIE",,,Plein jour,En agglomération,Hors intersection,Normale,Autre collision,,,,,,,,,,,1,2,1,1,6
200700056578,0007-09-26 08:00:00,7,9,26,8,0,530,130,"77, BECQUEREL ( BOULEVAR",,,Crépuscule ou aube,En agglomération,Giratoire,Normale,Deux véhicules - côté,,,,,,,,,,,2,2,6,1,3
200700056579,0007-09-27 15:15:00,7,9,27,15,15,530,130,"49, FRANCHE COMTE ( RUE",,,Plein jour,En agglomération,Hors intersection,Pluie légère,Autre collision,,,,,,,,,,,1,2,1,2,6
200700056580,0007-09-03 10:00:00,7,9,3,10,0,540,28,136 (RD),,,Plein jour,Hors agglomération,Hors intersection,Normale,Deux véhicules - frontale,,,,,,,,,,,1,1,1,1,1
200700056581,0007-09-16 04:45:00,7,9,16,4,45,540,227,TICHEMONT,,,Nuit avec éclairage allumé,En agglomération,Hors intersection,Normale,Trois véhicules et plus - collisions multiples,,,,,,,,,,,5,2,1,1,5
200700056582,0007-09-12 17:10:00,7,9,12,17,10,540,367,"1, NATIONALE (RUE)",,,Plein jour,En agglomération,Intersection en X,Normale,Deux véhicules - frontale,,,,,,,,,,,1,2,2,1,1
200700056583,0007-09-09 02:45:00,7,9,9,2,45,540,323,"0, RAYMOND POINCARE (AVE",,,Nuit avec éclairage allumé,En agglomération,Hors intersection,Normale,Deux véhicules - frontale,,,,,,,,,,,5,2,1,1,1
200700056584,0007-09-05 16:00:00,7,9,5,16,0,540,373,RUE LAVOISIER,,,Plein jour,En agglomération,Hors intersection,Normale,Deux véhicules - côté,,,,,,,,,,,1,2,1,1,3
200700056585,0007-09-01 04:50:00,7,9,1,4,50,540,395,"184, ARC (RUE JEANNE D'",,,Nuit avec éclairage allumé,En agglomération,Intersection en X,Normale,Deux véhicules - côté,,,,,,,,,,,5,2,2,1,3
200700056586,0007-09-01 14:10:00,7,9,1,14,10,540,395,"12, CARNOT (PLACE)",,,Plein jour,En agglomération,Intersection en T,Normale,Deux véhicules - côté,,,,,,,,,,,1,2,3,1,3
200700056587,0007-09-02 10:45:00,7,9,2,10,45,540,395,"1, BLANDAN (IMPASSE ET R",,,Plein jour,En agglomération,Intersection en X,Normale,Autre collision,,,,,,,,,,,1,2,2,1,6
200700056588,0007-09-03 12:00:00,7,9,3,12,0,540,395,VILLERS (RUE DE),,,Plein jour,En agglomération,Hors intersection,Normale,Trois véhicules et plus - collisions multiples,,,,,,,,,,,1,2,1,1,5
200700056589,0007-09-04 08:50:00,7,9,4,8,50,540,395,"1, BOUDONVILLE (RUE DE)",,,Plein jour,En agglomération,Intersection en T,Normale,Deux véhicules - côté,,,,,,,,,,,1,2,3,1,3
200700056590,0007-09-06 14:05:00,7,9,6,14,5,540,526,"20, REPUBLIQUE (AVENUE D",,,Plein jour,En agglomération,Hors intersection,Normale,Deux véhicules - côté,,,,,,,,,,,1,2,1,1,3
200700056591,0007-09-04 14:05:00,7,9,4,14,5,540,526,"1, POTIER (RUE EUGENE)",,,Plein jour,En agglomération,Intersection en T,Normale,Deux véhicules - côté,,,,,,,,,,,1,2,3,1,3
200700056592,0007-09-05 18:30:00,7,9,5,18,30,540,184,"81, FOCH (AVENUE)",,,Plein jour,En agglomération,Hors intersection,Normale,Deux véhicules - côté,,,,,,,,,,,1,2,1,1,3
200700056593,0007-09-06 10:45:00,7,9,6,10,45,540,395,SAINT DIZIER (RUE 2 A 80,,,Plein jour,En agglomération,Hors intersection,Normale,Autre collision,,,,,,,,,,,1,2,1,1,6
200700056594,0007-09-06 18:10:00,7,9,6,18,10,540,395,"1, MOTHE (RUE DE LA)",,,Plein jour,En agglomération,Intersection en X,Pluie légère,Deux véhicules - côté,,,,,,,,,,,1,2,2,2,3
200700056595,0007-09-07 13:00:00,7,9,7,13,0,540,304,"2, RESISTANCE (AV. DE LA",,,Plein jour,En agglomération,Hors intersection,Normale,Autre collision,,,,,,,,,,,1,2,1,1,6
200700056596,0007-09-07 17:50:00,7,9,7,17,50,540,395,"64, VERDUN (RUE DE)",,,Plein jour,En agglomération,Intersection en X,Normale,Trois véhicules et plus - collisions multiples,,,,,,,,,,,1,2,2,1,5
200700056597,0007-09-08 01:40:00,7,9,8,1,40,540,328,"1, GARE (RUE DE LA)",,,Plein jour,En agglomération,Hors intersection,Normale,Autre collision,,,,,,,,,,,1,2,1,1,6
200700056598,0007-09-08 11:00:00,7,9,8,11,0,540,526,"1, VOLTAIRE (RUE)",,,Plein jour,En agglomération,Intersection en X,Normale,Deux véhicules - côté,,,,,,,,,,,1,2,2,1,3
200700056599,0007-09-10 15:40:00,7,9,10,15,40,540,547,"1, MALINES (RUE DE)",,,Plein jour,En agglomération,Hors intersection,Normale,Deux véhicules - côté,,,,,,,,,,,1,2,1,1,3
200700056600,0007-09-12 15:45:00,7,9,12,15,45,540,395,"1, CUGNOT (QUAI/RUE JOSE",,,Plein jour,En agglomération,Hors intersection,Normale,Autre collision,,,,,,,,,,,1,2,1,1,6
200700056601,0007-09-12 17:40:00,7,9,12,17,40,540,395,"24, MON DESERT (RUE)",,,Plein jour,En agglomération,Intersection en T,Normale,Deux véhicules - arrière,,,,,,,,,,,1,2,3,1,2
200700056602,0007-09-13 06:30:00,7,9,13,6,30,540,184,RD 674,,,Crépuscule ou aube,Hors agglomération,Giratoire,Normale,Autre collision,,,,,,,,,,,2,1,6,1,6
200700056603,0007-09-13 07:40:00,7,9,13,7,40,540,526,FRATERNITE (RUE DE LA),,,Plein jour,En agglomération,Hors intersection,Normale,Deux véhicules - côté,,,,,,,,,,,1,2,1,1,3
200700056604,0007-09-14 05:20:00,7,9,14,5,20,540,482,"2, BARROIS (PLACE GERARD",,,Nuit avec éclairage allumé,En agglomération,Intersection en X,Normale,Deux véhicules - côté,,,,,,,,,,,5,2,2,1,3
200700056605,0007-09-14 08:40:00,7,9,14,8,40,540,357,"151, METZ (ROUTE DE)",,,Plein jour,En agglomération,Hors intersection,Normale,Deux véhicules - arrière,,,,,,,,,,,1,2,1,1,2
200700056606,0007-09-14 15:20:00,7,9,14,15,20,540,395,"1, CARNOT (PLACE)",,,Plein jour,En agglomération,Intersection en Y,Normale,Deux véhicules - côté,,,,,,,,,,,1,2,4,1,3
200700056607,0007-09-14 19:00:00,7,9,14,19,0,540,395,"1, COUPERIN (RUE FRANCOI",,,Plein jour,En agglomération,Hors intersection,Normale,Autre collision,,,,,,,,,,,1,2,1,1,6
200700056608,0007-09-14 22:35:00,7,9,14,22,35,540,304,"1, RESISTANCE (AV. DE LA",,,Nuit avec éclairage allumé,En agglomération,Intersection en X,Normale,Deux véhicules - côté,,,,,,,,,,,5,2,2,1,3
200700056609,0007-09-15 22:10:00,7,9,15,22,10,540,328,"44, BRANLY (RUE EDOUARD)",,,Nuit avec éclairage allumé,En agglomération,Hors intersection,Normale,Autre collision,,,,,,,,,,,5,2,1,1,6
200700056610,0007-09-16 12:40:00,7,9,16,12,40,540,395,STANISLAS (RUE),,,Plein jour,En agglomération,Intersection en X,Normale,Deux véhicules - côté,,,,,,,,,,,1,2,2,1,3
200700056611,0007-09-16 16:30:00,7,9,16,16,30,540,547,"31, LORRAINE (RUE DE)",,,Plein jour,En agglomération,Intersection en X,Normale,Deux véhicules - côté,,,,,,,,,,,1,2,2,1,3
200700056612,0007-09-17 15:25:00,7,9,17,15,25,540,304,"1, SAPINIERE (RUE DE LA)",,,Plein jour,En agglomération,Intersection en X,Pluie légère,Deux véhicules - arrière,,,,,,,,,,,1,2,2,2,2
200700056613,0007-09-18 07:50:00,7,9,18,7,50,540,304,"1, SAPINIERE (RUE DE LA)",,,Plein jour,En agglomération,Intersection en X,Normale,Deux véhicules - côté,,,,,,,,,,,1,2,2,1,3
200700056614,0007-09-18 12:50:00,7,9,18,12,50,540,395,"1, RAVINELLE (RUE DE LA)",,,Plein jour,En agglomération,Hors intersection,Normale,Deux véhicules - côté,,,,,,,,,,,1,2,1,1,3
200700056615,0007-09-19 10:15:00,7,9,19,10,15,540,395,"1, CHALIGNY (RUE DES)",,,Plein jour,En agglomération,Intersection en T,Normale,Deux véhicules - côté,,,,,,,,,,,1,2,3,1,3
200700056616,0007-09-19 13:40:00,7,9,19,13,40,540,357,LAFAYETTE (RUE),,,Plein jour,En agglomération,Intersection en T,Normale,Deux véhicules - arrière,,,,,,,,,,,1,2,3,1,2
200700056617,0007-09-19 13:42:00,7,9,19,13,42,540,395,"1, MARIN (VIADUC LOUIS)",,,Plein jour,En agglomération,Hors intersection,Normale,Autre collision,,,,,,,,,,,1,2,1,1,6
200700056618,0007-09-20 08:10:00,7,9,20,8,10,540,395,"35, METZ (RUE DE)",,,Plein jour,En agglomération,Hors intersection,Normale,Autre collision,,,,,,,,,,,1,2,1,1,6
200700056619,0007-09-20 14:25:00,7,9,20,14,25,540,547,"1, BELGIQUE (RUE DE)",,,Plein jour,En agglomération,Intersection en T,Normale,Deux véhicules - côté,,,,,,,,,,,1,2,3,1,3
200700056620,0007-09-20 14:35:00,7,9,20,14,35,540,274,"1, FAURE (RUE GABRIEL)",,,Plein jour,En agglomération,Intersection en T,Normale,Autre collision,,,,,,,,,,,1,2,3,1,6
200700056621,0007-09-20 16:25:00,7,9,20,16,25,540,578,"1, ESSARTS (BD DES)",,,Plein jour,En agglomération,Intersection en T,Normale,Sans collision,,,,,,,,,,,1,2,3,1,7
200700056622,0007-09-21 08:30:00,7,9,21,8,30,540,395,"1, BONSECOURS (RUE DE)",,,Plein jour,En agglomération,Intersection en T,Normale,Deux véhicules - côté,,,,,,,,,,,1,2,3,1,3
200700056623,0007-09-21 12:00:00,7,9,21,12,0,540,304,FOCH (BOULEVARD MARECHAL,,,Plein jour,En agglomération,Intersection en X,Normale,Autre collision,,,,,,,,,,,1,2,2,1,6
200700056624,0007-09-21 14:49:00,7,9,21,14,49,540,357,"18, METZ (ROUTE DE)",,,Plein jour,En agglomération,Hors intersection,Normale,Trois véhicules et plus - collisions multiples,,,,,,,,,,,1,2,1,1,5
200700056625,0007-09-22 12:15:00,7,9,22,12,15,540,395,"1, GARENNE (ALLEE ET AVE",,,Plein jour,En agglomération,Intersection en X,Normale,Deux véhicules - côté,,,,,,,,,,,1,2,2,1,3
200700056626,0007-09-22 19:55:00,7,9,22,19,55,540,395,"312, LECLERC (AV DU GENE",,,Nuit avec éclairage allumé,En agglomération,Hors intersection,Normale,Autre collision,,,,,,,,,,,5,2,1,1,6
200700056627,0007-09-23 02:13:00,7,9,23,2,13,540,395,"1, CASSIN (RUE RENE)",,,Nuit avec éclairage allumé,En agglomération,Intersection en X,Normale,Deux véhicules - frontale,,,,,,,,,,,5,2,2,1,1
200700056628,0007-09-23 07:25:00,7,9,23,7,25,540,184,EUROPE (AVENUE DE L'),,,Crépuscule ou aube,En agglomération,Hors intersection,Normale,Autre collision,,,,,,,,,,,2,2,1,1,6
200700056629,0007-09-23 07:45:00,7,9,23,7,45,540,395,"3, BRACONNOT (RUE)",,,Plein jour,En agglomération,Intersection en X,Normale,Autre collision,,,,,,,,,,,1,2,2,1,6
200700056630,0007-09-23 17:15:00,7,9,23,17,15,540,395,"91, POINCARE (RUE RAYMON",,,Plein jour,En agglomération,Intersection en Y,Normale,Deux véhicules - côté,,,,,,,,,,,1,2,4,1,3
200700056631,0007-09-23 19:30:00,7,9,23,19,30,540,395,"1, LAVIGERIE (RUE)",,,Crépuscule ou aube,Hors agglomération,Intersection en X,Normale,Autre collision,,,,,,,,,,,2,1,2,1,6
200700056632,0007-09-24 12:00:00,7,9,24,12,0,540,304,"1, EUROPE (AVENUE DE L')",,,Plein jour,En agglomération,Intersection en T,Normale,Autre collision,,,,,,,,,,,1,2,3,1,6
200700056633,0007-09-25 06:00:00,7,9,25,6,0,540,578,"16, LIBERATION (RUE DE L",,,Crépuscule ou aube,En agglomération,Hors intersection,Normale,Autre collision,,,,,,,,,,,2,2,1,1,6
200700056634,0007-09-25 09:25:00,7,9,25,9,25,540,395,"10, LOBAU (BOULEVARD)",,,Plein jour,En agglomération,Hors intersection,Normale,Deux véhicules - côté,,,,,,,,,,,1,2,1,1,3
200700056635,0007-09-26 12:00:00,7,9,26,12,0,540,547,"1, CHARMOIS (AVENUE DU)",,,Plein jour,En agglomération,Intersection en T,Temps couvert,Deux véhicules - arrière,,,,,,,,,,,1,2,3,8,2
200700056636,0007-09-26 16:10:00,7,9,26,16,10,540,328,"1, SECOURS (RUE DU)",,,Plein jour,En agglomération,Intersection en T,Normale,Autre collision,,,,,,,,,,,1,2,3,1,6
200700056637,0007-09-27 13:15:00,7,9,27,13,15,540,304,"1, MOSELLE (RUE DE LA)",,,Plein jour,En agglomération,Intersection en T,Pluie légère,Deux véhicules - côté,,,,,,,,,,,1,2,3,2,3
200700056638,0007-09-25 15:00:00,7,9,25,15,0,540,547,"1, ITALIE (RUE D')",,,Plein jour,En agglomération,Hors intersection,Normale,Deux véhicules - côté,,,,,,,,,,,1,2,1,1,3
200700056639,0007-09-29 04:10:00,7,9,29,4,10,540,395,", POINCARE (RUE RAYMOND",,,Nuit avec éclairage allumé,En agglomération,Intersection en X,Normale,Deux véhicules - côté,,,,,,,,,,,5,2,2,1,3
200700056640,0007-09-29 19:00:00,7,9,29,19,0,540,547,"1, HUITIEME REGIMENT D'A",,,Plein jour,En agglomération,Hors intersection,Normale,Autre collision,,,,,,,,,,,1,2,1,1,6
200700056641,0007-09-29 22:50:00,7,9,29,22,50,540,395,"93 Bis, QUATRE EGLISES (",,,Nuit avec éclairage allumé,En agglomération,Hors intersection,Normale,Autre collision,,,,,,,,,,,5,2,1,1,6
200700056642,0007-09-21 13:20:00,7,9,21,13,20,540,431,GUYNEMER (AVENUE GEORGES,,,Plein jour,En agglomération,Intersection en T,Normale,Deux véhicules - côté,,,,,,,,,,,1,2,3,1,3
200700056643,0007-09-21 07:53:00,7,9,21,7,53,540,528,GENERAL BIGEARD (AVENUE),,,Plein jour,Hors agglomération,Hors intersection,Normale,Autre collision,,,,,,,,,,,1,1,1,1,6
200700056644,0007-09-08 13:50:00,7,9,8,13,50,540,580,DEPARTEMENTALE 57 (ROUTE,,,Plein jour,Hors agglomération,Hors intersection,Normale,Trois véhicules et plus - en chaîne,,,,,,,,,,,1,1,1,1,4
200700056645,0007-09-05 16:20:00,7,9,5,16,20,550,29,"1, VOSGES ( ALLEE DES )",,,Plein jour,En agglomération,Hors intersection,Normale,Autre collision,,,,,,,,,,,1,2,1,1,6
200700056646,0007-09-08 04:50:00,7,9,8,4,50,550,29,RN 1135,,,Nuit avec éclairage non allumé,En agglomération,Hors intersection,Normale,Sans collision,,,,,,,,,,,4,2,1,1,7
200700056647,0007-09-10 19:20:00,7,9,10,19,20,550,186,LIBERATION ( AVENUE DE L,,,Plein jour,En agglomération,Hors intersection,Normale,Sans collision,,,,,,,,,,,1,2,1,1,7
200700056648,0007-09-02 05:00:00,7,9,2,5,0,550,236,CD 964,,,Crépuscule ou aube,Hors agglomération,Hors intersection,Normale,Sans collision,,,,,,,,,,,2,1,1,1,7
200700056649,0007-09-12 20:40:00,7,9,12,20,40,550,545,"4, SAINT LOUIS",,,Nuit avec éclairage allumé,En agglomération,Hors intersection,Normale,Sans collision,,,,,,,,,,,5,2,1,1,7
200700056650,0007-09-13 12:00:00,7,9,13,12,0,550,505,"126, PIERRE GOUBET ET JE",,,Plein jour,En agglomération,Hors intersection,Normale,Deux véhicules - arrière,,,,,,,,,,,1,2,1,1,2
200700056651,0007-09-02 17:49:00,7,9,2,17,49,560,162,BALZAC ( RUE HONORE DE ),,,Plein jour,En agglomération,Hors intersection,Normale,Deux véhicules - côté,,,,,,,,,,,1,2,1,1,3
200700056652,0007-09-04 10:20:00,7,9,4,10,20,560,121,MANCEL (RUE),,,Plein jour,En agglomération,Hors intersection,Normale,Sans collision,,,,,,,,,,,1,2,1,1,7
200700056653,0007-09-04 15:28:00,7,9,4,15,28,560,98,CROIZAT ( AVE AMBROISE ),,,Plein jour,En agglomération,Hors intersection,Normale,Deux véhicules - côté,,,,,,,,,,,1,2,1,1,3
200700056654,0007-09-04 18:14:00,7,9,4,18,14,560,121,"0, CHAZELLES ( COURS LOU",,,Plein jour,En agglomération,Hors intersection,Normale,Sans collision,,,,,,,,,,,1,2,1,1,7
200700056655,0007-09-05 02:43:00,7,9,5,2,43,560,98,LENINE ( AV. ),,,Nuit avec éclairage allumé,En agglomération,Hors intersection,Normale,Sans collision,,,,,,,,,,,5,2,1,1,7
200700056656,0007-09-06 13:59:00,7,9,6,13,59,560,98,"122, JAURES (RUE  JEAN )",,,Plein jour,En agglomération,Hors intersection,Normale,Deux véhicules - arrière,,,,,,,,,,,1,2,1,1,2
200700056657,0007-09-07 08:58:00,7,9,7,8,58,560,121,CHENAILLER DIT COLONEL M,,,Plein jour,En agglomération,Autre intersection,Normale,Deux véhicules - arrière,,,,,,,,,,,1,2,9,1,2
200700056658,0007-09-08 18:40:00,7,9,8,18,40,560,98,MARAT (RUE JEAN PAUL),,,Plein jour,En agglomération,Hors intersection,Normale,Sans collision,,,,,,,,,,,1,2,1,1,7
200700056659,0007-09-09 02:43:00,7,9,9,2,43,560,121,POISSONNIERE (RUE),,,Nuit avec éclairage allumé,En agglomération,Hors intersection,Normale,Sans collision,,,,,,,,,,,5,2,1,1,7
200700056660,0007-09-11 13:35:00,7,9,11,13,35,560,98,JAURES (RUE  JEAN ),,,Plein jour,En agglomération,Hors intersection,Normale,Deux véhicules - côté,,,,,,,,,,,1,2,1,1,3
200700056661,0007-09-11 19:50:00,7,9,11,19,50,560,107,"0, ROUTE DEPARTEMENTALE",,,Plein jour,Hors agglomération,Hors intersection,Normale,Sans collision,,,,,,,,,,,1,1,1,1,7
200700056662,0007-09-12 07:48:00,7,9,12,7,48,560,121,"223, BELGIQUE (PONT DE)",,,Plein jour,En agglomération,Hors intersection,Normale,Deux véhicules - arrière,,,,,,,,,,,1,2,1,1,2
200700056663,0007-09-13 20:00:00,7,9,13,20,0,560,98,"0, JAURES (RUE  JEAN )",,,Plein jour,En agglomération,Hors intersection,Normale,Deux véhicules - arrière,,,,,,,,,,,1,2,1,1,2
200700056664,0007-09-14 21:40:00,7,9,14,21,40,560,121,BELGIQUE (RUE  DE ),,,Nuit avec éclairage allumé,En agglomération,Hors intersection,Normale,Deux véhicules - côté,,,,,,,,,,,5,2,1,1,3
200700056665,0007-09-16 18:30:00,7,9,16,18,30,560,98,KESLER-DEVILLERS ( AV. ),,,Plein jour,En agglomération,Hors intersection,Normale,Deux véhicules - côté,,,,,,,,,,,1,2,1,1,3
200700056666,0007-09-16 19:00:00,7,9,16,19,0,560,107,ROUTE DEPARTEMENTALE 29,,,Plein jour,En agglomération,Hors intersection,Normale,Trois véhicules et plus - en chaîne,,,,,,,,,,,1,2,1,1,4
200700056667,0007-09-17 10:30:00,7,9,17,10,30,560,121,"1, KERGUESTENEN (RUE  DE",,,Plein jour,En agglomération,Hors intersection,Pluie légère,Sans collision,,,,,,,,,,,1,2,1,2,7
200700056668,0007-09-17 12:54:00,7,9,17,12,54,560,121,DE GAULLE ( AVE DU GENER,,,Plein jour,En agglomération,Hors intersection,Pluie légère,Sans collision,,,,,,,,,,,1,2,1,2,7
200700056669,0007-09-18 12:05:00,7,9,18,12,5,560,83,TABARLY (RUE  ERIC ),,,Plein jour,En agglomération,Hors intersection,Normale,Deux véhicules - arrière,,,,,,,,,,,1,2,1,1,2
200700056670,0007-09-19 19:10:00,7,9,19,19,10,560,83,POMPIDOU ( AVENUE GEORGE,,,Plein jour,En agglomération,Intersection en X,Normale,Deux véhicules - côté,,,,,,,,,,,1,2,2,1,3
200700056671,0007-09-20 17:20:00,7,9,20,17,20,560,121,"3, NORMANDIE ( BD ET IMP",,,Plein jour,En agglomération,Hors intersection,Normale,Deux véhicules - côté,,,,,,,,,,,1,2,1,1,3
200700056672,0007-09-21 12:56:00,7,9,21,12,56,560,121,LE CAPITAINE (RUE  JEAN,,,Plein jour,En agglomération,Hors intersection,Normale,Deux véhicules - côté,,,,,,,,,,,1,2,1,1,3
200700056673,0007-09-21 13:06:00,7,9,21,13,6,560,121,FRANCE ( AVE ANATOLE ),,,Plein jour,En agglomération,Hors intersection,Normale,Deux véhicules - côté,,,,,,,,,,,1,2,1,1,3
200700056674,0007-09-21 18:00:00,7,9,21,18,0,560,98,ROUTE NATIONALE 165,,,Plein jour,Hors agglomération,Hors intersection,Normale,Trois véhicules et plus - en chaîne,,,,,,,,,,,1,1,1,1,4
200700056675,0007-09-21 18:27:00,7,9,21,18,27,560,83,JAURES ( AV. JEAN ),,,Plein jour,En agglomération,Hors intersection,Normale,Deux véhicules - côté,,,,,,,,,,,1,2,1,1,3
200700056676,0007-09-22 12:25:00,7,9,22,12,25,560,162,ALLIES (RUE DES ),,,Plein jour,En agglomération,Hors intersection,Normale,Deux véhicules - côté,,,,,,,,,,,1,2,1,1,3
200700056677,0007-09-22 19:50:00,7,9,22,19,50,560,98,"1, KESLER-DEVILLERS ( AV",,,Crépuscule ou aube,En agglomération,Hors intersection,Normale,Deux véhicules - côté,,,,,,,,,,,2,2,1,1,3
200700056678,0007-09-25 21:23:00,7,9,25,21,23,560,98,MALACHAPPE (LIEU-DIT),,,Nuit sans éclairage public,Hors agglomération,Hors intersection,Normale,Sans collision,,,,,,,,,,,3,1,1,1,7
200700056679,0007-09-26 13:44:00,7,9,26,13,44,560,121,MONISTROL (RUE),,,Plein jour,En agglomération,Hors intersection,Normale,Deux véhicules - côté,,,,,,,,,,,1,2,1,1,3
200700056680,0007-09-27 09:45:00,7,9,27,9,45,560,98,"1, CROIZAT ( AVE AMBROIS",,,Plein jour,En agglomération,Hors intersection,Normale,Trois véhicules et plus - en chaîne,,,,,,,,,,,1,2,1,1,4
200700056681,0007-09-28 12:00:00,7,9,28,12,0,560,121,NAYEL ( ET PLACE AUGUSTE,,,Plein jour,En agglomération,Hors intersection,Normale,Sans collision,,,,,,,,,,,1,2,1,1,7
200700056682,0007-09-08 19:10:00,7,9,8,19,10,560,260,"., REPUBLIQUE(PLACE DE L",,,Plein jour,En agglomération,Intersection en T,Normale,Deux véhicules - côté,,,,,,,,,,,1,2,3,1,3
200700056683,0007-09-14 20:25:00,7,9,14,20,25,560,260,"., GARE(GIRATOIRE DE LA)",,,Crépuscule ou aube,En agglomération,Giratoire,Normale,Deux véhicules - côté,,,,,,,,,,,2,2,6,1,3
200700056684,0007-09-27 07:55:00,7,9,27,7,55,560,260,"., ILES(BOULEVARD DES)",,,Plein jour,En agglomération,Intersection en T,Normale,Deux véhicules - côté,,,,,,,,,,,1,2,3,1,3
200700056685,0007-09-10 17:30:00,7,9,10,17,30,560,260,"., REMY(BOULEVARD DU COL",,,Plein jour,En agglomération,Intersection en T,Normale,Deux véhicules - côté,,,,,,,,,,,1,2,3,1,3
200700056686,0007-09-16 20:50:00,7,9,16,20,50,560,260,"., DE LATTRE DE TASSIGNY",,,Crépuscule ou aube,En agglomération,Intersection en T,Normale,Sans collision,,,,,,,,,,,2,2,3,1,7
200700056687,0007-09-20 16:30:00,7,9,20,16,30,570,537,LIEUTENANT NAU(RUE),,,Plein jour,En agglomération,Intersection en T,Normale,Deux véhicules - frontale,,,,,,,,,,,1,2,3,1,1
200700056688,0007-09-21 20:25:00,7,9,21,20,25,570,660,NATIONALE(RUE)R.SCHOENEC,,,Nuit avec éclairage allumé,En agglomération,Autre intersection,Normale,Trois véhicules et plus - en chaîne,,,,,,,,,,,5,2,9,1,4
200700056689,0007-09-23 20:05:00,7,9,23,20,5,570,660,NATONALE(RUE)DE LA R.ST,,,Crépuscule ou aube,En agglomération,Hors intersection,Normale,Deux véhicules - côté,,,,,,,,,,,2,2,1,1,3
200700056690,0007-09-05 04:35:00,7,9,5,4,35,570,332,RN 3  - RUE NATIONALE,,,Nuit sans éclairage public,Hors agglomération,Hors intersection,Normale,Autre collision,,,,,,,,,,,3,1,1,1,6
200700056691,0007-09-30 14:55:00,7,9,30,14,55,570,240,CD 26,,,Plein jour,Hors agglomération,Hors intersection,Normale,Deux véhicules - frontale,,,,,,,,,,,1,1,1,1,1