accident_id,datetime,annee,mois,jour,heure,minute,departement,commune_insee,adresse,latitude,longitude,luminosite,agglomeration,intersection,meteo,collision,nb_vehicules,nb_usagers,nb_indemnes,nb_tues,nb_blesses_hosp,nb_blesses_legers,age_cond_1,age_cond_2,veh_type_cond_1,veh_type_cond_2,lum_code,agg_code,int_code,atm_code,col_code
200700056692,0007-09-01 05:10:00,7,9,1,5,10,570,591,"2A, MONDON (RUE)",,,Nuit avec éclairage allumé,En agglomération,Hors intersection,Normale,Deux véhicules - frontale,,,,,,,,,,,5,2,1,1,1
200700056693,0007-09-13 15:30:00,7,9,13,15,30,570,253,VERDUN (RUE DE),,,Plein jour,En agglomération,Giratoire,Normale,Deux véhicules - côté,,,,,,,,,,,1,2,6,1,3
200700056694,0007-09-28 16:20:00,7,9,28,16,20,570,143,"97, FOCH (RUE)",,,Plein jour,En agglomération,Hors intersection,Normale,Deux véhicules - arrière,,,,,,,,,,,1,2,1,1,2
200700056695,0007-09-21 14:55:00,7,9,21,14,55,570,19,CD 47,,,Plein jour,En agglomération,Hors intersection,Normale,Deux véhicules - arrière,,,,,,,,,,,1,2,1,1,2
200700056696,0007-09-01 11:25:00,7,9,1,11,25,570,447,"00, LONG PREY (AVENUE DE",,,Plein jour,En agglomération,Hors intersection,Normale,Autre collision,,,,,,,,,,,1,2,1,1,6
200700056697,0007-09-01 20:10:00,7,9,1,20,10,570,463,"00, GENERAL METMAN",,,Crépuscule ou aube,En agglomération,Intersection en X,Normale,Deux véhicules - côté,,,,,,,,,,,2,2,2,1,3
200700056698,0007-09-05 16:30:00,7,9,5,16,30,570,463,"29, MARNE (RUE DE LA )",,,Plein jour,En agglomération,Intersection en T,Normale,Deux véhicules - côté,,,,,,,,,,,1,2,3,1,3
200700056699,0007-09-13 15:55:00,7,9,13,15,55,570,480,PHILIPPE COLSON (RUE ),,,Plein jour,En agglomération,Giratoire,Normale,Deux véhicules - côté,,,,,,,,,,,1,2,6,1,3
200700056700,0007-09-14 17:55:00,7,9,14,17,55,570,487,RD 157B,,,Plein jour,Hors agglomération,Hors intersection,Normale,Deux véhicules - côté,,,,,,,,,,,1,1,1,1,3
200700056701,0007-09-13 21:15:00,7,9,13,21,15,570,463,"124, CASTELNAU (RUE )",,,Nuit avec éclairage allumé,En agglomération,Intersection en T,Normale,Autre collision,,,,,,,,,,,5,2,3,1,6
200700056702,0007-09-16 17:40:00,7,9,16,17,40,570,480,"32, FRESCATY (ALLEE DE )",,,Plein jour,En agglomération,Intersection en T,Normale,Deux véhicules - frontale,,,,,,,,,,,1,2,3,1,1
200700056703,0007-09-17 19:35:00,7,9,17,19,35,570,463,"00, PONT DES MORTS (RUE",,,Crépuscule ou aube,En agglomération,Hors intersection,Pluie légère,Deux véhicules - frontale,,,,,,,,,,,2,2,1,2,1
200700056704,0007-09-18 07:55:00,7,9,18,7,55,570,463,"40, CLAUDE BERNARD (RUE",,,Plein jour,En agglomération,Hors intersection,Normale,Autre collision,,,,,,,,,,,1,2,1,1,6
200700056705,0007-09-18 17:40:00,7,9,18,17,40,570,642,"3, LIBERTE (VOIE DE LA)",,,Plein jour,En agglomération,Intersection en X,Normale,Deux véhicules - côté,,,,,,,,,,,1,2,2,1,3
200700056706,0007-09-19 14:10:00,7,9,19,14,10,570,480,"00, GENERAL FRANIATTE (R",,,Plein jour,En agglomération,Intersection en T,Normale,Deux véhicules - côté,,,,,,,,,,,1,2,3,1,3
200700056707,0007-09-19 21:35:00,7,9,19,21,35,570,463,"00, MOYEN PONT (LE )",,,Nuit avec éclairage allumé,En agglomération,Hors intersection,Normale,Trois véhicules et plus - collisions multiples,,,,,,,,,,,5,2,1,1,5
200700056708,0007-09-20 09:15:00,7,9,20,9,15,570,642,"9, CRIMEE (RUE DE)",,,Plein jour,En agglomération,Hors intersection,Normale,Autre collision,,,,,,,,,,,1,2,1,1,6
200700056709,0007-09-20 18:00:00,7,9,20,18,0,570,463,"00, LOTHAIRE (PONT )",,,Plein jour,En agglomération,Hors intersection,Normale,Deux véhicules - arrière,,,,,,,,,,,1,2,1,1,2
200700056710,0007-09-21 08:45:00,7,9,21,8,45,570,463,"3, THOMAS EDISON (RUE )",,,Plein jour,En agglomération,Hors intersection,Normale,Autre collision,,,,,,,,,,,1,2,1,1,6
200700056711,0007-09-22 16:45:00,7,9,22,16,45,570,447,"00, AEROGARE (RUE DE L')",,,Plein jour,En agglomération,Intersection en X,Temps éblouissant,Deux véhicules - côté,,,,,,,,,,,1,2,2,7,3
200700056712,0007-09-24 11:55:00,7,9,24,11,55,570,480,"00, DOCTEUR BARDOT (RUE",,,Plein jour,En agglomération,Hors intersection,Normale,Autre collision,,,,,,,,,,,1,2,1,1,6
200700056713,0007-09-24 17:20:00,7,9,24,17,20,570,463,"66, EUROPE (BOULEVARD DE",,,Plein jour,En agglomération,Hors intersection,Normale,Deux véhicules - côté,,,,,,,,,,,1,2,1,1,3
200700056714,0007-09-25 12:15:00,7,9,25,12,15,570,487,"00, JOUY (ROUTE DE )",,,Plein jour,En agglomération,Hors intersection,Normale,Autre collision,,,,,,,,,,,1,2,1,1,6
200700056715,0007-09-26 08:45:00,7,9,26,8,45,570,463,"104, THIONVILLE (ROUTE D",,,Plein jour,En agglomération,Hors intersection,Normale,Deux véhicules - côté,,,,,,,,,,,1,2,1,1,3
200700056716,0007-09-27 13:25:00,7,9,27,13,25,570,463,", PROVENCE (BOULEVARD DE",,,Plein jour,En agglomération,Intersection en X,Pluie légère,Autre collision,,,,,,,,,,,1,2,2,2,6
200700056717,0007-09-30 10:10:00,7,9,30,10,10,570,463,"130, STRASBOURG (AVENUE",,,Plein jour,En agglomération,Intersection en X,Normale,Deux véhicules - côté,,,,,,,,,,,1,2,2,1,3
200700056718,0007-09-29 18:40:00,7,9,29,18,40,570,630,ARC (JEANNE D'),,,Plein jour,En agglomération,Hors intersection,Normale,Deux véhicules - côté,,,,,,,,,,,1,2,1,1,3
200700056719,0007-09-15 02:30:00,7,9,15,2,30,570,631,"275, MONTAGNE (RUE DE LA",,,Nuit avec éclairage allumé,En agglomération,Intersection en T,Normale,Deux véhicules - côté,,,,,,,,,,,5,2,3,1,3
200700056720,0007-09-24 16:15:00,7,9,24,16,15,570,631,"8, STEINBACH (RUE DE)",,,Plein jour,En agglomération,Hors intersection,Normale,Deux véhicules - côté,,,,,,,,,,,1,2,1,1,3
200700056721,0007-09-30 17:40:00,7,9,30,17,40,570,631,", MONTAGNE (RUE DE LA)",,,Plein jour,En agglomération,Intersection en X,Normale,Deux véhicules - côté,,,,,,,,,,,1,2,2,1,3
200700056722,0007-09-06 15:45:00,7,9,6,15,45,570,672,"0, COLBERT (IMPASSE)",,,Plein jour,En agglomération,Hors intersection,Temps couvert,Autre collision,,,,,,,,,,,1,2,1,8,6
200700056723,0007-09-06 22:45:00,7,9,6,22,45,570,672,SAINT-MICHEL (MONTEE DU),,,Nuit sans éclairage public,Hors agglomération,Hors intersection,Normale,Autre collision,,,,,,,,,,,3,1,1,1,6
200700056724,0007-09-10 13:35:00,7,9,10,13,35,570,672,"34, ALBERT 1ER (AVENUE)",,,Plein jour,En agglomération,Hors intersection,Normale,Deux véhicules - arrière,,,,,,,,,,,1,2,1,1,2
200700056725,0007-09-07 11:45:00,7,9,7,11,45,570,672,"23, VERDUN (RUE DE)",,,Plein jour,En agglomération,Hors intersection,Normale,Autre collision,,,,,,,,,,,1,2,1,1,6
200700056726,0007-09-08 17:55:00,7,9,8,17,55,570,12,"37, BURGER (RUE JEAN)",,,Plein jour,En agglomération,Hors intersection,Normale,Deux véhicules - arrière,,,,,,,,,,,1,2,1,1,2
200700056727,0007-09-12 07:35:00,7,9,12,7,35,570,12,"31, BURGER (RUE JEAN)",,,Plein jour,En agglomération,Intersection en X,Normale,Deux véhicules - côté,,,,,,,,,,,1,2,2,1,3
200700056728,0007-09-13 09:50:00,7,9,13,9,50,570,221,"1, LAVOISIER (RUE)",,,Plein jour,En agglomération,Hors intersection,Normale,Deux véhicules - côté,,,,,,,,,,,1,2,1,1,3
200700056729,0007-09-12 15:30:00,7,9,12,15,30,570,672,"0, LINKLING (RUE DU )",,,Plein jour,En agglomération,Hors intersection,Normale,Deux véhicules - côté,,,,,,,,,,,1,2,1,1,3
200700056730,0007-09-12 15:00:00,7,9,12,15,0,570,221,"83, GRAND'RUE",,,Plein jour,Hors agglomération,Hors intersection,Normale,Deux véhicules - côté,,,,,,,,,,,1,1,1,1,3
200700056731,0007-09-14 16:30:00,7,9,14,16,30,570,221,"01, JARDINS (RUE DES)",,,Plein jour,En agglomération,Intersection en X,Normale,Autre collision,,,,,,,,,,,1,2,2,1,6
200700056732,0007-09-16 14:55:00,7,9,16,14,55,570,672,"0, ARLON (ROUTE D')",,,Plein jour,Hors agglomération,Hors intersection,Normale,Sans collision,,,,,,,,,,,1,1,1,1,7
200700056733,0007-09-20 11:00:00,7,9,20,11,0,570,672,"1, BOIS (PLACE AU)",,,Plein jour,En agglomération,Hors intersection,Normale,Autre collision,,,,,,,,,,,1,2,1,1,6
200700056734,0007-09-21 14:50:00,7,9,21,14,50,570,672,"0, MARECHAL JOFFRE (RUE)",,,Plein jour,En agglomération,Intersection en X,Normale,Deux véhicules - côté,,,,,,,,,,,1,2,2,1,3
200700056735,0007-09-20 18:25:00,7,9,20,18,25,570,757,Nations (Avenue),,,Plein jour,Hors agglomération,Giratoire,Normale,Deux véhicules - côté,,,,,,,,,,,1,1,6,1,3
200700056736,0007-09-23 16:55:00,7,9,23,16,55,570,666,"28, VERDUN (ROUTE DE)",,,Plein jour,En agglomération,Hors intersection,Normale,Deux véhicules - côté,,,,,,,,,,,1,2,1,1,3
200700056737,0007-09-22 22:45:00,7,9,22,22,45,570,672,"39, CHARDON (RUE DU)",,,Nuit avec éclairage allumé,En agglomération,Hors intersection,Normale,Autre collision,,,,,,,,,,,5,2,1,1,6
200700056738,0007-09-25 14:20:00,7,9,25,14,20,570,672,"0, PAUL ALBERT (RUE) - I",,,Plein jour,En agglomération,Hors intersection,Normale,Deux véhicules - arrière,,,,,,,,,,,1,2,1,1,2
200700056739,0007-09-26 07:53:00,7,9,26,7,53,570,672,"23, CLEMENCEAU (AVENUE)",,,Crépuscule ou aube,En agglomération,Intersection en X,Temps couvert,Autre collision,,,,,,,,,,,2,2,2,8,6
200700056740,0007-09-26 17:00:00,7,9,26,17,0,570,672,"0, ESCH SUR ALZETTE (ROU",,,Plein jour,En agglomération,Hors intersection,Normale,Deux véhicules - arrière,,,,,,,,,,,1,2,1,1,2
200700056741,0007-09-27 14:25:00,7,9,27,14,25,570,672,"65, FOCH (BOULEVARD)",,,Plein jour,En agglomération,Hors intersection,Pluie légère,Autre collision,,,,,,,,,,,1,2,1,2,6
200700056742,0007-09-29 15:50:00,7,9,29,15,50,570,672,"0, ESCH SUR ALZETTE (ROU",,,Plein jour,En agglomération,Hors intersection,Normale,Deux véhicules - arrière,,,,,,,,,,,1,2,1,1,2
200700056743,0007-09-28 06:40:00,7,9,28,6,40,570,221,ETOILE (RUE DE L'),,,Nuit sans éclairage public,Hors agglomération,Hors intersection,Pluie légère,Deux véhicules - frontale,,,,,,,,,,,3,1,1,2,1
200700056744,0007-09-30 18:15:00,7,9,30,18,15,570,306,"35, MENDES FRANCE (RUE P",,,Plein jour,En agglomération,Hors intersection,Normale,Deux véhicules - frontale,,,,,,,,,,,1,2,1,1,1
200700056745,0007-09-17 12:40:00,7,9,17,12,40,580,194,"sans, CHARLEVILLE",,,Plein jour,En agglomération,Hors intersection,Pluie légère,Sans collision,,,,,,,,,,,1,2,1,2,7
200700056746,0007-09-05 16:05:00,7,9,5,16,5,580,194,"19ter, COLBERT",,,Plein jour,En agglomération,Hors intersection,Normale,Autre collision,,,,,,,,,,,1,2,1,1,6
200700056747,0007-09-08 14:30:00,7,9,8,14,30,580,194,"sans, PIERRE DE COUBERTI",,,Plein jour,En agglomération,Hors intersection,Normale,Autre collision,,,,,,,,,,,1,2,1,1,6
200700056748,0007-09-10 07:00:00,7,9,10,7,0,580,194,"sans, GRAND MOUESSE (FAU",,,Plein jour,En agglomération,Hors intersection,Normale,Autre collision,,,,,,,,,,,1,2,1,1,6
200700056749,0007-09-13 12:15:00,7,9,13,12,15,580,194,"sans, BANLAY",,,Plein jour,En agglomération,Hors intersection,Normale,Deux véhicules - côté,,,,,,,,,,,1,2,1,1,3
200700056750,0007-09-19 15:15:00,7,9,19,15,15,580,194,"SANS, JEAN MOULIN",,,Plein jour,En agglomération,Hors intersection,Normale,Deux véhicules - côté,,,,,,,,,,,1,2,1,1,3
200700056751,0007-09-20 17:55:00,7,9,20,17,55,580,194,"sans, PRE PLANTIN (BOULE",,,Plein jour,En agglomération,Hors intersection,Normale,Deux véhicules - côté,,,,,,,,,,,1,2,1,1,3
200700056752,0007-09-25 14:10:00,7,9,25,14,10,580,194,"sans, GENERAL DE GAULLE",,,Plein jour,En agglomération,Hors intersection,Normale,Autre collision,,,,,,,,,,,1,2,1,1,6
200700056753,0007-09-29 11:00:00,7,9,29,11,0,580,194,"sans, JEROME TRESAGUET",,,Plein jour,En agglomération,Hors intersection,Normale,Deux véhicules - côté,,,,,,,,,,,1,2,1,1,3
200700056754,0007-09-10 03:55:00,7,9,10,3,55,590,17,RESISTANTS (RUE DES ),,,Nuit avec éclairage allumé,En agglomération,Giratoire,Normale,Autre collision,,,,,,,,,,,5,2,6,1,6
200700056755,0007-09-02 17:00:00,7,9,2,17,0,590,143,LILLE (SENTIER),,,Plein jour,En agglomération,Hors intersection,Normale,Sans collision,,,,,,,,,,,1,2,1,1,7
200700056756,0007-09-18 17:35:00,7,9,18,17,35,590,17,VICTOIRE (RUE DE LA ),,,Plein jour,En agglomération,Intersection en X,Pluie légère,Deux véhicules - côté,,,,,,,,,,,1,2,2,2,3
200700056757,0007-09-25 16:55:00,7,9,25,16,55,590,43,"12, CASSEL (RUE DE)",,,Plein jour,En agglomération,Hors intersection,Normale,Deux véhicules - arrière,,,,,,,,,,,1,2,1,1,2
200700056758,0007-09-22 15:00:00,7,9,22,15,0,590,43,MONT NOIR ( ROUTE DU),,,Plein jour,Hors agglomération,Hors intersection,Normale,Deux véhicules - arrière,,,,,,,,,,,1,1,1,1,2
200700056759,0007-09-02 15:09:00,7,9,2,15,9,590,122,CAUDRY (RUE DE),,,Plein jour,En agglomération,Hors intersection,Normale,Autre collision,,,,,,,,,,,1,2,1,1,6
200700056760,0007-09-15 00:55:00,7,9,15,0,55,590,122,PARIS (AVENUE DE),,,Nuit avec éclairage allumé,En agglomération,Intersection en X,Normale,Autre collision,,,,,,,,,,,5,2,2,1,6
200700056761,0007-09-12 19:20:00,7,9,12,19,20,590,122,"53, ESNES (RUE D')",,,Plein jour,En agglomération,Hors intersection,Normale,Autre collision,,,,,,,,,,,1,2,1,1,6
200700056762,0007-09-28 16:40:00,7,9,28,16,40,590,206,NAVES (ROUTE DE) OU DEPA,,,Plein jour,Hors agglomération,Hors intersection,Normale,Deux véhicules - frontale,,,,,,,,,,,1,1,1,1,1
200700056763,0007-09-11 17:30:00,7,9,11,17,30,590,153,"0, LIBERTE (BOULEVARD DE",,,Plein jour,En agglomération,Intersection en T,Normale,Autre collision,,,,,,,,,,,1,2,3,1,6
200700056764,0007-09-22 20:45:00,7,9,22,20,45,590,253,"1379, LOUBRY (RUE EDGARD",,,Nuit avec éclairage allumé,En agglomération,Hors intersection,Normale,Deux véhicules - côté,,,,,,,,,,,5,2,1,1,3
200700056765,0007-09-01 13:00:00,7,9,1,13,0,590,172,";, OISY (RTE)",,,Plein jour,En agglomération,Hors intersection,Normale,Deux véhicules - frontale,,,,,,,,,,,1,2,1,1,1
200700056766,0007-09-05 10:00:00,7,9,5,10,0,590,172,"4, TRARIEUX (R. LUDOVIC)",,,Plein jour,En agglomération,Hors intersection,Normale,Autre collision,,,,,,,,,,,1,2,1,1,6
200700056767,0007-09-13 13:15:00,7,9,13,13,15,590,654,HUGO (RUE VICTOR),,,Plein jour,En agglomération,Hors intersection,Normale,Deux véhicules - arrière,,,,,,,,,,,1,2,1,1,2
200700056768,0007-09-04 10:00:00,7,9,4,10,0,590,183,"., HUGO VICTOR - BOULEVA",,,Plein jour,En agglomération,Intersection en X,Pluie légère,Deux véhicules - côté,,,,,,,,,,,1,2,2,2,3
200700056769,0007-09-03 17:30:00,7,9,3,17,30,590,183,"., PORT - ENTREE",,,Plein jour,En agglomération,Hors intersection,Normale,Autre collision,,,,,,,,,,,1,2,1,1,6
200700056770,0007-09-04 13:05:00,7,9,4,13,5,590,183,"0.000, 11 NOVEMBRE - RUE",,,Plein jour,En agglomération,Autre intersection,Normale,Deux véhicules - côté,,,,,,,,,,,1,2,9,1,3
200700056771,0007-09-04 19:40:00,7,9,4,19,40,590,183,"., CHURCHILL WINSTON",,,Plein jour,En agglomération,Intersection en X,Normale,Deux véhicules - côté,,,,,,,,,,,1,2,2,1,3
200700056772,0007-09-06 07:35:00,7,9,6,7,35,590,183,SAINTE BARBE - BOULEVARD,,,Plein jour,En agglomération,Autre intersection,Normale,Deux véhicules - côté,,,,,,,,,,,1,2,9,1,3
200700056773,0007-09-08 18:55:00,7,9,8,18,55,590,155,"183, VAUBAN - BOULEVARD",,,Plein jour,En agglomération,Hors intersection,Normale,Autre collision,,,,,,,,,,,1,2,1,1,6
200700056774,0007-09-09 09:00:00,7,9,9,9,0,590,183,"0.000, LEUGHENAER",,,Plein jour,En agglomération,Intersection en X,Normale,Deux véhicules - côté,,,,,,,,,,,1,2,2,1,3
200700056775,0007-09-15 21:05:00,7,9,15,21,5,590,183,"01, PLAGE",,,Nuit avec éclairage allumé,En agglomération,Hors intersection,Normale,Autre collision,,,,,,,,,,,5,2,1,1,6
200700056776,0007-09-17 22:45:00,7,9,17,22,45,590,183,HERBEAUX LOUIS - AVENUE,,,Nuit avec éclairage allumé,En agglomération,Intersection en X,Pluie légère,Deux véhicules - côté,,,,,,,,,,,5,2,2,2,3
200700056777,0007-09-16 19:00:00,7,9,16,19,0,590,271,"11, PROVENCE",,,Plein jour,En agglomération,Hors intersection,Normale,Autre collision,,,,,,,,,,,1,2,1,1,6
200700056778,0007-09-20 19:50:00,7,9,20,19,50,590,271,"47, FRANCE ANATOLE",,,Nuit avec éclairage allumé,En agglomération,Hors intersection,Pluie légère,Autre collision,,,,,,,,,,,5,2,1,2,6
200700056779,0007-09-17 12:15:00,7,9,17,12,15,590,183,"65, CHURCHILL WINSTON",,,Plein jour,En agglomération,Hors intersection,Normale,Deux véhicules - arrière,,,,,,,,,,,1,2,1,1,2
200700056780,0007-09-21 08:55:00,7,9,21,8,55,590,183,"157, HOTEL DE VILLE",,,Plein jour,En agglomération,Hors intersection,Normale,Autre collision,,,,,,,,,,,1,2,1,1,6
200700056781,0007-09-27 01:25:00,7,9,27,1,25,590,155,"0.000, FURNES - ROUTE",,,Nuit avec éclairage non allumé,En agglomération,Intersection en X,Pluie forte,Deux véhicules - côté,,,,,,,,,,,4,2,2,3,3
200700056782,0007-09-28 08:40:00,7,9,28,8,40,590,131,"000, BERGUES CD 916 - RO",,,Plein jour,En agglomération,Intersection en T,Pluie légère,Deux véhicules - côté,,,,,,,,,,,1,2,3,2,3
200700056783,0007-09-25 10:15:00,7,9,25,10,15,590,249,ZOLA EMILE (RUE),,,Plein jour,En agglomération,Hors intersection,Normale,Autre collision,,,,,,,,,,,1,2,1,1,6
200700056784,0007-09-01 13:15:00,7,9,1,13,15,590,636,YPRES RUE D,,,Plein jour,En agglomération,Hors intersection,Normale,Autre collision,,,,,,,,,,,1,2,1,1,6
200700056785,0007-09-01 20:10:00,7,9,1,20,10,590,350,ARMENTIERE RUE D   RESTE,,,Plein jour,En agglomération,Hors intersection,Normale,Autre collision,,,,,,,,,,,1,2,1,1,6
200700056786,0007-09-01 08:10:00,7,9,1,8,10,590,350,"00, PORTE D'ARRAS  METRO",,,Plein jour,En agglomération,Hors intersection,Normale,Autre collision,,,,,,,,,,,1,2,1,1,6
200700056787,0007-09-02 20:05:00,7,9,2,20,5,590,560,"00, AVELIN ROUTE D",,,Plein jour,Hors agglomération,Intersection en X,Normale,Autre collision,,,,,,,,,,,1,1,2,1,6
200700056788,0007-09-03 10:00:00,7,9,3,10,0,590,360,KUHLMANN AVENUE,,,Plein jour,Hors agglomération,Intersection en X,Normale,Deux véhicules - arrière,,,,,,,,,,,1,1,2,1,2
200700056789,0007-09-04 19:55:00,7,9,4,19,55,590,368,KLEBER RUE,,,Plein jour,En agglomération,Hors intersection,Normale,Autre collision,,,,,,,,,,,1,2,1,1,6
200700056790,0007-09-05 18:30:00,7,9,5,18,30,590,9,"01, CRECHE ALLEE DE LA",,,Plein jour,En agglomération,Intersection en Y,Normale,Autre collision,,,,,,,,,,,1,2,4,1,6
200700056791,0007-09-06 22:20:00,7,9,6,22,20,590,9,"4, FLANDRE AVENUEE DE",,,Nuit avec éclairage non allumé,En agglomération,Hors intersection,Normale,Autre collision,,,,,,,,,,,4,2,1,1,6
200700056792,0007-09-07 08:40:00,7,9,7,8,40,590,328,"17, BECQUART AVENUE",,,Plein jour,En agglomération,Hors intersection,Normale,Deux véhicules - côté,,,,,,,,,,,1,2,1,1,3
200700056793,0007-09-07 13:40:00,7,9,7,13,40,590,350,"001, OLLIVIER RUE",,,Plein jour,En agglomération,Intersection en X,Normale,Deux véhicules - côté,,,,,,,,,,,1,2,2,1,3
200700056794,0007-09-07 13:30:00,7,9,7,13,30,590,328,AMPERE RUE,,,Plein jour,En agglomération,Intersection en X,Normale,Deux véhicules - côté,,,,,,,,,,,1,2,2,1,3
200700056795,0007-09-07 14:20:00,7,9,7,14,20,590,378,"79, MARNE AVENUE DE LA",,,Plein jour,En agglomération,Hors intersection,Normale,Deux véhicules - côté,,,,,,,,,,,1,2,1,1,3
200700056796,0007-09-07 17:20:00,7,9,7,17,20,590,350,"92, MOLINEL RUE N°PAIRS",,,Plein jour,En agglomération,Hors intersection,Normale,Autre collision,,,,,,,,,,,1,2,1,1,6
200700056797,0007-09-08 13:00:00,7,9,8,13,0,590,350,CARREL ARMAND RUE,,,Plein jour,En agglomération,Hors intersection,Normale,Deux véhicules - côté,,,,,,,,,,,1,2,1,1,3
200700056798,0007-09-08 15:30:00,7,9,8,15,30,590,378,REPUBLIQUE AV DE LA (N°8,,,Plein jour,En agglomération,Hors intersection,Normale,Deux véhicules - côté,,,,,,,,,,,1,2,1,1,3
200700056799,0007-09-08 17:00:00,7,9,8,17,0,590,368,"159, BALLON RUE DU",,,Plein jour,Hors agglomération,Hors intersection,Normale,Deux véhicules - frontale,,,,,,,,,,,1,1,1,1,1
200700056800,0007-09-09 19:00:00,7,9,9,19,0,590,328,"00, BONTE AUGUSTE RUE",,,Plein jour,En agglomération,Intersection en X,Normale,Autre collision,,,,,,,,,,,1,2,2,1,6
200700056801,0007-09-10 13:30:00,7,9,10,13,30,590,350,"39, VAUBAN BOULEVARD N°2",,,Plein jour,En agglomération,Hors intersection,Pluie légère,Autre collision,,,,,,,,,,,1,2,1,2,6
200700056802,0007-09-10 19:15:00,7,9,10,19,15,590,350,"29, BIGO DANEL BOULEVARD",,,Plein jour,En agglomération,Hors intersection,Normale,Deux véhicules - côté,,,,,,,,,,,1,2,1,1,3
200700056803,0007-09-10 23:40:00,7,9,10,23,40,590,350,SOLFERINO RUE N°110 A 20,,,Nuit avec éclairage allumé,En agglomération,Hors intersection,Normale,Deux véhicules - côté,,,,,,,,,,,5,2,1,1,3
200700056804,0007-09-08 12:30:00,7,9,8,12,30,590,378,MENIN RUE DE,,,Plein jour,En agglomération,Hors intersection,Normale,Deux véhicules - arrière,,,,,,,,,,,1,2,1,1,2
200700056805,0007-09-11 17:50:00,7,9,11,17,50,590,220,"45bis, BARBUSSE HENRI RU",,,Plein jour,En agglomération,Intersection en T,Normale,Autre collision,,,,,,,,,,,1,2,3,1,6
200700056806,0007-09-11 13:50:00,7,9,11,13,50,590,368,CONDE RUE DE,,,Plein jour,En agglomération,Hors intersection,Normale,Deux véhicules - arrière,,,,,,,,,,,1,2,1,1,2
200700056807,0007-09-12 12:30:00,7,9,12,12,30,590,328,"101, CARNOY RUE DE LA N°",,,Plein jour,En agglomération,Hors intersection,Normale,Deux véhicules - côté,,,,,,,,,,,1,2,1,1,3
200700056808,0007-09-12 13:00:00,7,9,12,13,0,590,343,JAURES JEAN RUE,,,Plein jour,Hors agglomération,Hors intersection,Normale,Deux véhicules - côté,,,,,,,,,,,1,1,1,1,3
200700056809,0007-09-13 11:05:00,7,9,13,11,5,590,350,"60, ABELARD RUE",,,Plein jour,En agglomération,Hors intersection,Temps couvert,Deux véhicules - côté,,,,,,,,,,,1,2,1,8,3
200700056810,0007-09-13 18:10:00,7,9,13,18,10,590,350,"001, CHURCHILL WINSTON A",,,Plein jour,En agglomération,Intersection en Y,Normale,Deux véhicules - côté,,,,,,,,,,,1,2,4,1,3
200700056811,0007-09-13 14:45:00,7,9,13,14,45,590,350,"76, LIBERTE BVD N°2 A 90",,,Plein jour,En agglomération,Intersection en T,Normale,Autre collision,,,,,,,,,,,1,2,3,1,6
200700056812,0007-09-14 18:20:00,7,9,14,18,20,590,378,DERAIN RUE RAYMOND N°2-5,,,Plein jour,En agglomération,Intersection en T,Normale,Deux véhicules - côté,,,,,,,,,,,1,2,3,1,3
200700056813,0007-09-15 01:55:00,7,9,15,1,55,590,350,"001, PERRIN JEAN RUE",,,Plein jour,En agglomération,Hors intersection,Pluie légère,Autre collision,,,,,,,,,,,1,2,1,2,6
200700056814,0007-09-16 10:00:00,7,9,16,10,0,590,378,RIANDERIE RUE DE LA,,,Plein jour,En agglomération,Giratoire,Normale,Sans collision,,,,,,,,,,,1,2,6,1,7
200700056815,0007-09-17 12:30:00,7,9,17,12,30,590,560,EPINETTE ROND POINT DE L,,,Plein jour,En agglomération,Giratoire,Pluie légère,Sans collision,,,,,,,,,,,1,2,6,2,7
200700056816,0007-09-14 18:00:00,7,9,14,18,0,590,316,"499, SALENGRO ROGER RUE",,,Plein jour,En agglomération,Hors intersection,Normale,Autre collision,,,,,,,,,,,1,2,1,1,6
200700056817,0007-09-17 19:45:00,7,9,17,19,45,590,350,METIERS RUE,,,Nuit avec éclairage allumé,En agglomération,Intersection en X,Pluie légère,Autre collision,,,,,,,,,,,5,2,2,2,6
200700056818,0007-09-17 19:35:00,7,9,17,19,35,590,378,"0, DOMINIAL (127 AV. DE",,,Nuit avec éclairage allumé,En agglomération,Intersection en X,Pluie légère,Trois véhicules et plus - collisions multiples,,,,,,,,,,,5,2,2,2,5
200700056819,0007-09-18 08:45:00,7,9,18,8,45,590,350,LANNOY RUE,,,Plein jour,En agglomération,Hors intersection,Pluie légère,Deux véhicules - arrière,,,,,,,,,,,1,2,1,2,2
200700056820,0007-09-18 09:50:00,7,9,18,9,50,590,350,"273, SALENGRO ROGER RUE",,,Plein jour,En agglomération,Hors intersection,Pluie légère,Deux véhicules - arrière,,,,,,,,,,,1,2,1,2,2
200700056821,0007-09-17 19:30:00,7,9,17,19,30,590,378,COUTURE RUE DE LA,,,Crépuscule ou aube,En agglomération,Hors intersection,Pluie légère,Autre collision,,,,,,,,,,,2,2,1,2,6
200700056822,0007-09-19 08:05:00,7,9,19,8,5,590,9,SAINT GHISLAIN ROND POIN,,,Plein jour,En agglomération,Hors intersection,Normale,Autre collision,,,,,,,,,,,1,2,1,1,6
200700056823,0007-09-19 14:00:00,7,9,19,14,0,590,350,"61, ISLY RUE",,,Plein jour,En agglomération,Intersection en Y,Normale,Autre collision,,,,,,,,,,,1,2,4,1,6
200700056824,0007-09-19 18:40:00,7,9,19,18,40,590,350,FAUBOURG DES POSTES RUE,,,Plein jour,En agglomération,Hors intersection,Normale,Deux véhicules - côté,,,,,,,,,,,1,2,1,1,3
200700056825,0007-09-20 08:05:00,7,9,20,8,5,590,378,"00, BAILLY ALBERT RUE",,,Plein jour,En agglomération,Intersection en X,Normale,Autre collision,,,,,,,,,,,1,2,2,1,6