accident_id,datetime,annee,mois,jour,heure,minute,departement,commune_insee,adresse,latitude,longitude,luminosite,agglomeration,intersection,meteo,collision,nb_vehicules,nb_usagers,nb_indemnes,nb_tues,nb_blesses_hosp,nb_blesses_legers,age_cond_1,age_cond_2,veh_type_cond_1,veh_type_cond_2,lum_code,agg_code,int_code,atm_code,col_code
200700056960,0007-09-01 23:50:00,7,9,1,23,50,620,277,"000, PLACE DES MINES",,,Nuit avec éclairage allumé,En agglomération,Hors intersection,Normale,Autre collision,,,,,,,,,,,5,2,1,1,6
200700056961,0007-09-03 11:00:00,7,9,3,11,0,620,65,"66, HUGO VICTOR",,,Plein jour,En agglomération,Hors intersection,Normale,Autre collision,,,,,,,,,,,1,2,1,1,6
200700056962,0007-09-08 00:50:00,7,9,8,0,50,620,65,MEYER (GEORGES),,,Nuit avec éclairage allumé,En agglomération,Intersection en X,Normale,Sans collision,,,,,,,,,,,5,2,2,1,7
200700056963,0007-09-09 20:30:00,7,9,9,20,30,620,65,RN 17,,,Crépuscule ou aube,Hors agglomération,Hors intersection,Normale,Autre collision,,,,,,,,,,,2,1,1,1,6
200700056964,0007-09-03 09:15:00,7,9,3,9,15,620,570,"00, LEGRAND (AUGUSTIN)",,,Plein jour,En agglomération,Intersection en X,Normale,Deux véhicules - côté,,,,,,,,,,,1,2,2,1,3
200700056965,0007-09-20 12:20:00,7,9,20,12,20,620,65,"14, WIENER JEAN",,,Plein jour,En agglomération,Hors intersection,Normale,Autre collision,,,,,,,,,,,1,2,1,1,6
200700056966,0007-09-25 17:00:00,7,9,25,17,0,620,724,"254, FOSSE DEUX ( BOULEV",,,Plein jour,En agglomération,Hors intersection,Normale,Deux véhicules - côté,,,,,,,,,,,1,2,1,1,3
200700056967,0007-09-26 22:25:00,7,9,26,22,25,620,65,LEFEBVRE (JOSEPH),,,Nuit avec éclairage allumé,En agglomération,Intersection en X,Pluie légère,Deux véhicules - côté,,,,,,,,,,,5,2,2,2,3
200700056968,0007-09-30 11:30:00,7,9,30,11,30,620,724,"38, DE GAULLE (DU GENERA",,,Plein jour,En agglomération,Hors intersection,Normale,Sans collision,,,,,,,,,,,1,2,1,1,7
200700056969,0007-09-15 12:50:00,7,9,15,12,50,620,688,"2089, MERLIMONT (ROUTE D",,,Plein jour,Hors agglomération,Hors intersection,Normale,Autre collision,,,,,,,,,,,1,1,1,1,6
200700056970,0007-09-01 21:45:00,7,9,1,21,45,620,119,SULLY ( AVENUE ),,,Nuit avec éclairage allumé,En agglomération,Intersection en T,Normale,Deux véhicules - côté,,,,,,,,,,,5,2,3,1,3
200700056971,0007-09-02 00:40:00,7,9,2,0,40,620,35,COUSSETTE ( RUE DU CAPIT,,,Nuit avec éclairage allumé,En agglomération,Giratoire,Normale,Deux véhicules - côté,,,,,,,,,,,5,2,6,1,3
200700056972,0007-09-11 17:15:00,7,9,11,17,15,620,480,"6, CD 943",,,Plein jour,En agglomération,Intersection en T,Normale,Deux véhicules - côté,,,,,,,,,,,1,2,3,1,3
200700056973,0007-09-04 19:55:00,7,9,4,19,55,620,119,MENDES FRANCE ( RUE ),,,Plein jour,En agglomération,Hors intersection,Normale,Autre collision,,,,,,,,,,,1,2,1,1,6
200700056974,0007-09-30 18:05:00,7,9,30,18,5,620,119,"1, HUGO ( RUE VICTOR )",,,Plein jour,En agglomération,Intersection en X,Normale,Deux véhicules - côté,,,,,,,,,,,1,2,2,1,3
200700056975,0007-09-03 21:45:00,7,9,3,21,45,620,400,"23 A, LIBERATION ( DE LA",,,Nuit avec éclairage allumé,En agglomération,Intersection en T,Normale,Deux véhicules - côté,,,,,,,,,,,5,2,3,1,3
200700056976,0007-09-15 17:40:00,7,9,15,17,40,620,445,"8, REPUBLIQUE ( DE LA )",,,Plein jour,En agglomération,Intersection en T,Normale,Deux véhicules - côté,,,,,,,,,,,1,2,3,1,3
200700056977,0007-09-16 17:55:00,7,9,16,17,55,620,270,"134, CARON (RUE DES FRER",,,Plein jour,En agglomération,Hors intersection,Normale,Deux véhicules - arrière,,,,,,,,,,,1,2,1,1,2
200700056978,0007-09-12 14:35:00,7,9,12,14,35,620,193,WAROCQUIER (RUE CL.),,,Plein jour,En agglomération,Hors intersection,Normale,Autre collision,,,,,,,,,,,1,2,1,1,6
200700056979,0007-09-15 16:30:00,7,9,15,16,30,620,193,EGALITE (BOULEVARD DE L',,,Plein jour,En agglomération,Hors intersection,Normale,Autre collision,,,,,,,,,,,1,2,1,1,6
200700056980,0007-09-17 19:45:00,7,9,17,19,45,620,193,"150, MOLLIEN",,,Crépuscule ou aube,En agglomération,Hors intersection,Pluie forte,Autre collision,,,,,,,,,,,2,2,1,3,6
200700056981,0007-09-14 09:55:00,7,9,14,9,55,620,193,GAMBETTA (BOULEVARD),,,Plein jour,En agglomération,Hors intersection,Normale,Autre collision,,,,,,,,,,,1,2,1,1,6
200700056982,0007-09-25 16:55:00,7,9,25,16,55,620,193,GUYNEMER (AVENUE G.),,,Plein jour,En agglomération,Hors intersection,Normale,Autre collision,,,,,,,,,,,1,2,1,1,6
200700056983,0007-09-13 12:20:00,7,9,13,12,20,620,250,"9, LAMENDIN (R ARTHUR)",,,Plein jour,En agglomération,Hors intersection,Normale,Deux véhicules - côté,,,,,,,,,,,1,2,1,1,3
200700056984,0007-09-19 19:00:00,7,9,19,19,0,620,215,"sans, COURRIERES (RTE DE",,,Plein jour,En agglomération,Hors intersection,Normale,Deux véhicules - frontale,,,,,,,,,,,1,2,1,1,1
200700056985,0007-09-18 16:30:00,7,9,18,16,30,620,215,"sans, MEURCHIN (RTE DE)",,,Plein jour,Hors agglomération,Hors intersection,Temps couvert,Deux véhicules - côté,,,,,,,,,,,1,1,1,8,3
200700056986,0007-09-22 08:50:00,7,9,22,8,50,620,215,"sans, POSTES (CHEMIN  DE",,,Plein jour,Hors agglomération,Intersection en T,Normale,Deux véhicules - côté,,,,,,,,,,,1,1,3,1,3
200700056987,0007-09-06 19:50:00,7,9,6,19,50,620,427,"0, DELORY (R GUSTAVE )",,,Plein jour,En agglomération,Hors intersection,Normale,Autre collision,,,,,,,,,,,1,2,1,1,6
200700056988,0007-09-01 19:15:00,7,9,1,19,15,620,249,"0, BRIQUET (R RAOUL)",,,Plein jour,En agglomération,Hors intersection,Normale,Autre collision,,,,,,,,,,,1,2,1,1,6
200700056989,0007-09-30 13:40:00,7,9,30,13,40,620,133,"36, REPUBLIQUE (AV. DE L",,,Plein jour,En agglomération,Hors intersection,Normale,Autre collision,,,,,,,,,,,1,2,1,1,6
200700056990,0007-09-24 18:40:00,7,9,24,18,40,620,427,"722, BROSSOLETTE (R PIER",,,Plein jour,En agglomération,Hors intersection,Normale,Autre collision,,,,,,,,,,,1,2,1,1,6
200700056991,0007-09-21 12:20:00,7,9,21,12,20,620,427,"0, CASSIN (R RENE)",,,Plein jour,En agglomération,Hors intersection,Normale,Trois véhicules et plus - collisions multiples,,,,,,,,,,,1,2,1,1,5
200700056992,0007-09-16 14:30:00,7,9,16,14,30,620,133,"10, DIJON (R DE)",,,Plein jour,En agglomération,Hors intersection,Normale,Deux véhicules - frontale,,,,,,,,,,,1,2,1,1,1
200700056993,0007-09-17 14:00:00,7,9,17,14,0,620,427,"0, DEPORTES (AV. DES )",,,Plein jour,En agglomération,Hors intersection,Normale,Deux véhicules - frontale,,,,,,,,,,,1,2,1,1,1
200700056994,0007-09-13 16:00:00,7,9,13,16,0,620,624,"0, CENTRE COMMERCIAL AUC",,,Plein jour,Hors agglomération,Hors intersection,Normale,Deux véhicules - côté,,,,,,,,,,,1,1,1,1,3
200700056995,0007-09-21 07:15:00,7,9,21,7,15,620,587,"0, CHEMIN DEPARTEMENTAL",,,Crépuscule ou aube,Hors agglomération,Hors intersection,Normale,Deux véhicules - arrière,,,,,,,,,,,2,1,1,1,2
200700056996,0007-09-21 14:55:00,7,9,21,14,55,620,427,"0, CASSIN (R RENE)",,,Plein jour,En agglomération,Hors intersection,Normale,Autre collision,,,,,,,,,,,1,2,1,1,6
200700056997,0007-09-23 17:40:00,7,9,23,17,40,620,427,"0, AYLE (R ROBERT)",,,Plein jour,En agglomération,Intersection en T,Normale,Deux véhicules - côté,,,,,,,,,,,1,2,3,1,3
200700056998,0007-09-13 17:25:00,7,9,13,17,25,620,523,"79, HARNES (RTE D')",,,Plein jour,En agglomération,Hors intersection,Normale,Trois véhicules et plus - en chaîne,,,,,,,,,,,1,2,1,1,4
200700056999,0007-09-13 20:15:00,7,9,13,20,15,620,895,"46, COUPIGNIES (R DE LA)",,,Nuit avec éclairage allumé,En agglomération,Hors intersection,Normale,Autre collision,,,,,,,,,,,5,2,1,1,6
200700057000,0007-09-30 19:00:00,7,9,30,19,0,620,842,"sans, CALMETTE",,,Crépuscule ou aube,En agglomération,Hors intersection,Normale,Autre collision,,,,,,,,,,,2,2,1,1,6
200700057001,0007-09-20 17:00:00,7,9,20,17,0,620,498,"sans, BASSEE (RTE DE LA)",,,Plein jour,En agglomération,Intersection en X,Normale,Deux véhicules - côté,,,,,,,,,,,1,2,2,1,3
200700057002,0007-09-12 20:15:00,7,9,12,20,15,620,628,"sans, GAMBETTA (R LEON)",,,Nuit avec éclairage allumé,En agglomération,Intersection en T,Normale,Deux véhicules - côté,,,,,,,,,,,5,2,3,1,3
200700057003,0007-09-29 19:02:00,7,9,29,19,2,620,842,"02, BRANLY (R)",,,Crépuscule ou aube,En agglomération,Intersection en X,Normale,Autre collision,,,,,,,,,,,2,2,2,1,6
200700057004,0007-09-26 21:50:00,7,9,26,21,50,620,498,"sans, BETHUNE (RTE DE)",,,Nuit avec éclairage allumé,En agglomération,Hors intersection,Pluie forte,Autre collision,,,,,,,,,,,5,2,1,3,6
200700057005,0007-09-30 14:15:00,7,9,30,14,15,620,498,"sans, LANOY (R RENE)",,,Plein jour,En agglomération,Intersection en X,Normale,Deux véhicules - côté,,,,,,,,,,,1,2,2,1,3
200700057006,0007-09-02 21:21:00,7,9,2,21,21,620,186,"., DEBEAUMONT ( RUE EDMO",,,Crépuscule ou aube,En agglomération,Hors intersection,Normale,Autre collision,,,,,,,,,,,2,2,1,1,6
200700057007,0007-09-18 08:15:00,7,9,18,8,15,620,19,"., ARRAS (RTE D')",,,Plein jour,Hors agglomération,Hors intersection,Normale,Trois véhicules et plus - collisions multiples,,,,,,,,,,,1,1,1,1,5
200700057008,0007-09-13 17:00:00,7,9,13,17,0,620,510,"., FERRY (R JULES)",,,Plein jour,En agglomération,Hors intersection,Normale,Deux véhicules - arrière,,,,,,,,,,,1,2,1,1,2
200700057009,0007-09-09 15:01:00,7,9,9,15,1,620,32,"., SALENGRO (R ROGER)",,,Plein jour,En agglomération,Giratoire,Normale,Deux véhicules - côté,,,,,,,,,,,1,2,6,1,3
200700057010,0007-09-10 13:38:00,7,9,10,13,38,620,386,"., ANNAM (R DE L')",,,Plein jour,En agglomération,Hors intersection,Normale,Deux véhicules - côté,,,,,,,,,,,1,2,1,1,3
200700057011,0007-09-12 16:00:00,7,9,12,16,0,620,186,BEUGNET (R CASIMIR),,,Plein jour,En agglomération,Hors intersection,Normale,Deux véhicules - côté,,,,,,,,,,,1,2,1,1,3
200700057012,0007-09-29 15:05:00,7,9,29,15,5,620,510,"., DEFERNEZ (R JEAN BAPT",,,Plein jour,En agglomération,Passage à niveau,Normale,Autre collision,,,,,,,,,,,1,2,8,1,6
200700057013,0007-09-08 18:05:00,7,9,8,18,5,620,386,"., GUESDE (R JULES)",,,Plein jour,En agglomération,Intersection en X,Normale,Trois véhicules et plus - collisions multiples,,,,,,,,,,,1,2,2,1,5
200700057014,0007-09-01 22:40:00,7,9,1,22,40,620,224,RD 943,,,Nuit avec éclairage allumé,Hors agglomération,Hors intersection,Normale,Deux véhicules - arrière,,,,,,,,,,,5,1,1,1,2
200700057015,0007-09-14 13:30:00,7,9,14,13,30,620,479,FONTENELLES (RUE DE),,,Plein jour,Hors agglomération,Hors intersection,Normale,Sans collision,,,,,,,,,,,1,1,1,1,7
200700057016,0007-09-12 16:40:00,7,9,12,16,40,620,737,"1, TOULON (RUE DE )",,,Plein jour,En agglomération,Intersection en T,Normale,Deux véhicules - côté,,,,,,,,,,,1,2,3,1,3
200700057017,0007-09-08 17:55:00,7,9,8,17,55,620,617,VERTE (PLACE),,,Plein jour,En agglomération,Giratoire,Normale,Deux véhicules - côté,,,,,,,,,,,1,2,6,1,3
200700057018,0007-09-13 12:20:00,7,9,13,12,20,620,617,GARE (SENTIER DE LA),,,Plein jour,En agglomération,Intersection en T,Normale,Deux véhicules - côté,,,,,,,,,,,1,2,3,1,3
200700057019,0007-09-21 22:20:00,7,9,21,22,20,620,737,"82, JAURES (RUE JEAN)",,,Nuit avec éclairage allumé,En agglomération,Intersection en X,Normale,Deux véhicules - côté,,,,,,,,,,,5,2,2,1,3
200700057020,0007-09-03 00:25:00,7,9,3,0,25,620,765,"., VAUBAN (BD.........)",,,Nuit avec éclairage allumé,En agglomération,Hors intersection,Normale,Sans collision,,,,,,,,,,,5,2,1,1,7
200700057021,0007-09-02 07:11:00,7,9,2,7,11,630,32,RESISTANCE (RUE DE LA),,,Plein jour,En agglomération,Hors intersection,Normale,Autre collision,,,,,,,,,,,1,2,1,1,6
200700057022,0007-09-02 12:00:00,7,9,2,12,0,630,113,JAURES (BD JEAN),,,Plein jour,En agglomération,Intersection en X,Normale,Autre collision,,,,,,,,,,,1,2,2,1,6
200700057023,0007-09-04 11:10:00,7,9,4,11,10,630,113,"68, ORADOU (RUE DE L')",,,Plein jour,En agglomération,Hors intersection,Normale,Autre collision,,,,,,,,,,,1,2,1,1,6
200700057024,0007-09-04 17:58:00,7,9,4,17,58,630,113,"128, CLEMENTEL (BD ETIEN",,,Plein jour,En agglomération,Hors intersection,Normale,Trois véhicules et plus - en chaîne,,,,,,,,,,,1,2,1,1,4
200700057025,0007-09-04 18:50:00,7,9,4,18,50,630,113,RECLUS (AVENUE ELISEE),,,Plein jour,En agglomération,Giratoire,Normale,Autre collision,,,,,,,,,,,1,2,6,1,6
200700057026,0007-09-05 19:52:00,7,9,5,19,52,630,113,"22, BLUM (AVENUE LEON)",,,Plein jour,En agglomération,Hors intersection,Normale,Sans collision,,,,,,,,,,,1,2,1,1,7
200700057027,0007-09-06 17:40:00,7,9,6,17,40,630,14,SAUZETTES (RUE DES),,,Plein jour,En agglomération,Hors intersection,Normale,Autre collision,,,,,,,,,,,1,2,1,1,6
200700057028,0007-09-08 09:50:00,7,9,8,9,50,630,113,"25, BRUGIERE (BD AMBROIS",,,Plein jour,En agglomération,Hors intersection,Normale,Deux véhicules - côté,,,,,,,,,,,1,2,1,1,3
200700057029,0007-09-09 01:00:00,7,9,9,1,0,630,113,"., EMINEE (RUE DE L')",,,Nuit avec éclairage allumé,En agglomération,Hors intersection,Normale,Deux véhicules - arrière,,,,,,,,,,,5,2,1,1,2
200700057030,0007-09-09 14:00:00,7,9,9,14,0,630,113,"., GRAS (RUE DES)",,,Plein jour,En agglomération,Autre intersection,Normale,Autre collision,,,,,,,,,,,1,2,9,1,6
200700057031,0007-09-09 20:00:00,7,9,9,20,0,630,113,"1, CLOS NOTRE DAME (RUE",,,Plein jour,En agglomération,Intersection en X,Normale,Deux véhicules - côté,,,,,,,,,,,1,2,2,1,3
200700057032,0007-09-10 12:25:00,7,9,10,12,25,630,113,CHEVAL (RUE DU),,,Plein jour,En agglomération,Intersection en T,Normale,Deux véhicules - côté,,,,,,,,,,,1,2,3,1,3
200700057033,0007-09-10 13:40:00,7,9,10,13,40,630,113,POMPIDOU (BD GEORGES),,,Plein jour,En agglomération,Autre intersection,Normale,Autre collision,,,,,,,,,,,1,2,9,1,6
200700057034,0007-09-10 18:00:00,7,9,10,18,0,630,32,"1, GRAND CHAMP (RUE DU)",,,Plein jour,En agglomération,Hors intersection,Normale,Autre collision,,,,,,,,,,,1,2,1,1,6
200700057035,0007-09-11 10:10:00,7,9,11,10,10,630,113,"., ETATS-UNIS (AVENUE DE",,,Plein jour,En agglomération,Hors intersection,Normale,Autre collision,,,,,,,,,,,1,2,1,1,6
200700057036,0007-09-11 11:55:00,7,9,11,11,55,630,113,DUMAS (BD J.BAPTISTE),,,Plein jour,En agglomération,Intersection en X,Normale,Autre collision,,,,,,,,,,,1,2,2,1,6
200700057037,0007-09-12 12:00:00,7,9,12,12,0,630,113,"1, CARMES DECHAUX (PLACE",,,Plein jour,En agglomération,Intersection en X,Normale,Deux véhicules - frontale,,,,,,,,,,,1,2,2,1,1
200700057038,0007-09-12 17:50:00,7,9,12,17,50,630,113,"., UNION SOVIETIQUE (AVE",,,Plein jour,En agglomération,Hors intersection,Normale,Trois véhicules et plus - en chaîne,,,,,,,,,,,1,2,1,1,4
200700057039,0007-09-13 09:50:00,7,9,13,9,50,630,113,KENNEDY (BD J.F.),,,Plein jour,En agglomération,Intersection en X,Normale,Autre collision,,,,,,,,,,,1,2,2,1,6
200700057040,0007-09-13 17:30:00,7,9,13,17,30,630,113,"1, DAUDET (RUE ALPHONSE)",,,Plein jour,En agglomération,Hors intersection,Normale,Deux véhicules - arrière,,,,,,,,,,,1,2,1,1,2
200700057041,0007-09-13 19:09:00,7,9,13,19,9,630,14,"., MOULINS (RUE DES)",,,Plein jour,En agglomération,Intersection en T,Normale,Deux véhicules - côté,,,,,,,,,,,1,2,3,1,3
200700057042,0007-09-13 20:15:00,7,9,13,20,15,630,113,CHANTERANNE (RUE DE),,,Crépuscule ou aube,En agglomération,Hors intersection,Normale,Autre collision,,,,,,,,,,,2,2,1,1,6
200700057043,0007-09-13 21:10:00,7,9,13,21,10,630,113,"4, FLAMINA (RUE DE)",,,Nuit avec éclairage allumé,En agglomération,Hors intersection,Normale,Deux véhicules - côté,,,,,,,,,,,5,2,1,1,3
200700057044,0007-09-14 10:54:00,7,9,14,10,54,630,113,MOULIN (BD JEAN),,,Plein jour,En agglomération,Intersection en Y,Normale,Deux véhicules - arrière,,,,,,,,,,,1,2,4,1,2
200700057045,0007-09-14 17:00:00,7,9,14,17,0,630,113,"66 BIS, LAFAYETTE (BD)",,,Plein jour,En agglomération,Hors intersection,Normale,Sans collision,,,,,,,,,,,1,2,1,1,7
200700057046,0007-09-14 18:40:00,7,9,14,18,40,630,32,"1, SAINT-EXUPERY (RUE DE",,,Plein jour,En agglomération,Intersection en T,Normale,Deux véhicules - côté,,,,,,,,,,,1,2,3,1,3
200700057047,0007-09-15 20:34:00,7,9,15,20,34,630,113,"108, CLEMENTEL (BD ETIEN",,,Nuit avec éclairage allumé,En agglomération,Hors intersection,Normale,Sans collision,,,,,,,,,,,5,2,1,1,7
200700057048,0007-09-16 10:55:00,7,9,16,10,55,630,70,"., MONTROGNON (RUE DE)",,,Plein jour,En agglomération,Hors intersection,Normale,Sans collision,,,,,,,,,,,1,2,1,1,7
200700057049,0007-09-17 09:00:00,7,9,17,9,0,630,113,"19, VERNE (RUE JULES)",,,Plein jour,En agglomération,Hors intersection,Temps couvert,Sans collision,,,,,,,,,,,1,2,1,8,7
200700057050,0007-09-17 09:47:00,7,9,17,9,47,630,113,"11, BERNARD (BOULEVARD C",,,Plein jour,En agglomération,Hors intersection,Normale,Autre collision,,,,,,,,,,,1,2,1,1,6
200700057051,0007-09-17 10:30:00,7,9,17,10,30,630,113,COTE BLATIN (BD),,,Plein jour,En agglomération,Intersection en X,Normale,Autre collision,,,,,,,,,,,1,2,2,1,6
200700057052,0007-09-17 16:15:00,7,9,17,16,15,630,113,"1, JOUHAUX (BD LEON)",,,Plein jour,En agglomération,Hors intersection,Normale,Deux véhicules - côté,,,,,,,,,,,1,2,1,1,3
200700057053,0007-09-19 08:15:00,7,9,19,8,15,630,14,ROUSSILLON (AVENUE DU),,,Plein jour,Hors agglomération,Hors intersection,Normale,Deux véhicules - arrière,,,,,,,,,,,1,1,1,1,2
200700057054,0007-09-19 12:30:00,7,9,19,12,30,630,113,BRUGIERE (BD AMBROISE),,,Plein jour,En agglomération,Hors intersection,Normale,Autre collision,,,,,,,,,,,1,2,1,1,6
200700057055,0007-09-19 15:05:00,7,9,19,15,5,630,113,"15, DUCLAUX (BD)",,,Plein jour,En agglomération,Hors intersection,Normale,Trois véhicules et plus - en chaîne,,,,,,,,,,,1,2,1,1,4
200700057056,0007-09-20 10:00:00,7,9,20,10,0,630,113,POURCHON (BD MAURICE),,,Plein jour,En agglomération,Giratoire,Normale,Autre collision,,,,,,,,,,,1,2,6,1,6
200700057057,0007-09-20 15:50:00,7,9,20,15,50,630,113,"-, PERI (RUE GABRIEL)",,,Plein jour,En agglomération,Hors intersection,Normale,Autre collision,,,,,,,,,,,1,2,1,1,6
200700057058,0007-09-21 08:55:00,7,9,21,8,55,630,308,"., ALLARD (PLACE)",,,Plein jour,En agglomération,Hors intersection,Normale,Autre collision,,,,,,,,,,,1,2,1,1,6
200700057059,0007-09-21 14:25:00,7,9,21,14,25,630,14,"., FOISSES (RUE DES)",,,Plein jour,En agglomération,Hors intersection,Normale,Deux véhicules - arrière,,,,,,,,,,,1,2,1,1,2
200700057060,0007-09-21 17:20:00,7,9,21,17,20,630,113,"-, NIEL (RUE)",,,Plein jour,En agglomération,Intersection en T,Normale,Autre collision,,,,,,,,,,,1,2,3,1,6
200700057061,0007-09-22 20:45:00,7,9,22,20,45,630,113,"44, ITALIE (AVENUE DE L'",,,Nuit avec éclairage allumé,En agglomération,Hors intersection,Normale,Autre collision,,,,,,,,,,,5,2,1,1,6
200700057062,0007-09-23 18:10:00,7,9,23,18,10,630,113,FONTAINE DU BAC (RUE DE,,,Plein jour,Hors agglomération,Hors intersection,Normale,Autre collision,,,,,,,,,,,1,1,1,1,6
200700057063,0007-09-26 15:50:00,7,9,26,15,50,630,113,"57, COTE BLATIN (BD)",,,Plein jour,En agglomération,Hors intersection,Temps couvert,Autre collision,,,,,,,,,,,1,2,1,8,6
200700057064,0007-09-27 12:50:00,7,9,27,12,50,630,113,"101, LAVOISIERS (BD)",,,Plein jour,En agglomération,Hors intersection,Normale,Sans collision,,,,,,,,,,,1,2,1,1,7
200700057065,0007-09-28 18:45:00,7,9,28,18,45,630,113,FLAUBERT (BD GUSTAVE),,,Crépuscule ou aube,En agglomération,Hors intersection,Normale,Autre collision,,,,,,,,,,,2,2,1,1,6
200700057066,0007-09-29 15:10:00,7,9,29,15,10,630,113,"77, FRANCE (RUE ANATOLE)",,,Plein jour,En agglomération,Hors intersection,Normale,Autre collision,,,,,,,,,,,1,2,1,1,6
200700057067,0007-09-29 18:00:00,7,9,29,18,0,630,113,"1, GOMEL (RUE DE)",,,Plein jour,En agglomération,Intersection en T,Normale,Deux véhicules - côté,,,,,,,,,,,1,2,3,1,3
200700057068,0007-09-05 17:40:00,7,9,5,17,40,630,124,FOCH (AVENUE MARECHAL),,,Plein jour,En agglomération,Hors intersection,Normale,Deux véhicules - côté,,,,,,,,,,,1,2,1,1,3
200700057069,0007-09-28 08:15:00,7,9,28,8,15,630,124,"6, PASTEUR (BOULEVARD)",,,Plein jour,En agglomération,Hors intersection,Normale,Sans collision,,,,,,,,,,,1,2,1,1,7
200700057070,0007-09-29 16:40:00,7,9,29,16,40,630,193,PISCINE (RUE DE LA),,,Plein jour,En agglomération,Intersection en T,Normale,Deux véhicules - côté,,,,,,,,,,,1,2,3,1,3
200700057071,0007-09-11 07:15:00,7,9,11,7,15,630,63,"1, RD 2009",,,Crépuscule ou aube,Hors agglomération,Hors intersection,Normale,Deux véhicules - côté,,,,,,,,,,,2,1,1,1,3
200700057072,0007-09-10 17:00:00,7,9,10,17,0,630,164,"1, CHARMETS (CHEMIN DES)",,,Plein jour,Hors agglomération,Intersection en X,Normale,Deux véhicules - côté,,,,,,,,,,,1,1,2,1,3
200700057073,0007-09-06 13:15:00,7,9,6,13,15,630,99,RN9 (PONPIGNAT),,,Plein jour,Hors agglomération,Hors intersection,Normale,Deux véhicules - arrière,,,,,,,,,,,1,1,1,1,2
200700057074,0007-09-06 15:15:00,7,9,6,15,15,640,102,"., LECLERC (AVENUE DU MA",,,Plein jour,En agglomération,Hors intersection,Normale,Deux véhicules - arrière,,,,,,,,,,,1,2,1,1,2
200700057075,0007-09-10 17:36:00,7,9,10,17,36,640,24,"., BAHINOS (ROND POINT D",,,Plein jour,En agglomération,Giratoire,Normale,Deux véhicules - côté,,,,,,,,,,,1,2,6,1,3
200700057076,0007-09-12 17:45:00,7,9,12,17,45,640,24,"25, CANTONS (RUE DES QUA",,,Plein jour,En agglomération,Intersection en X,Normale,Deux véhicules - côté,,,,,,,,,,,1,2,2,1,3
200700057077,0007-09-12 20:00:00,7,9,12,20,0,640,24,"14, MONTBRUN (AVENUE DE)",,,Plein jour,En agglomération,Hors intersection,Normale,Deux véhicules - côté,,,,,,,,,,,1,2,1,1,3
200700057078,0007-09-13 09:50:00,7,9,13,9,50,640,102,"., SAINT LEON (ROND POIN",,,Plein jour,En agglomération,Giratoire,Normale,Deux véhicules - côté,,,,,,,,,,,1,2,6,1,3
200700057079,0007-09-20 16:10:00,7,9,20,16,10,640,102,"., LESPES (QUAI AMIRAL)",,,Plein jour,En agglomération,Hors intersection,Normale,Deux véhicules - côté,,,,,,,,,,,1,2,1,1,3
200700057080,0007-09-21 10:15:00,7,9,21,10,15,640,102,";, BARTHES (CHEMIN DES)",,,Plein jour,En agglomération,Hors intersection,Normale,Deux véhicules - arrière,,,,,,,,,,,1,2,1,1,2
200700057081,0007-09-26 12:40:00,7,9,26,12,40,640,102,"12, MOUNEDE (AVENUE DE)",,,Plein jour,En agglomération,Hors intersection,Normale,Autre collision,,,,,,,,,,,1,2,1,1,6
200700057082,0007-09-27 17:25:00,7,9,27,17,25,640,102,"54, SOULT (AVENUE MARECH",,,Plein jour,En agglomération,Hors intersection,Normale,Trois véhicules et plus - en chaîne,,,,,,,,,,,1,2,1,1,4
200700057083,0007-09-02 18:30:00,7,9,2,18,30,640,122,"97, VERDUN (AVENUE DE)",,,Plein jour,En agglomération,Hors intersection,Normale,Deux véhicules - côté,,,,,,,,,,,1,2,1,1,3
200700057084,0007-09-03 14:30:00,7,9,3,14,30,640,122,"18, ""FOCH (AV, DU MARECH",,,Plein jour,En agglomération,Hors intersection,Normale,Deux véhicules - côté,,,,,,,,,,,1,2,1,1,3
200700057085,0007-09-19 18:25:00,7,9,19,18,25,640,125,CHABADENIA (AVENUE),,,Plein jour,En agglomération,Hors intersection,Normale,Deux véhicules - côté,,,,,,,,,,,1,2,1,1,3
200700057086,0007-09-20 08:45:00,7,9,20,8,45,640,122,"35, ESPAGNE (RUE D')",,,Plein jour,En agglomération,Intersection en T,Normale,Deux véhicules - côté,,,,,,,,,,,1,2,3,1,3
200700057087,0007-09-23 23:50:00,7,9,23,23,50,640,122,"7, REPUBLIQUE (AVENUE DE",,,Nuit avec éclairage allumé,En agglomération,Intersection en X,Normale,Deux véhicules - côté,,,,,,,,,,,5,2,2,1,3
200700057088,0007-09-26 07:10:00,7,9,26,7,10,640,122,"., ROND POINT DE L EUROP",,,Plein jour,En agglomération,Giratoire,Normale,Deux véhicules - côté,,,,,,,,,,,1,2,6,1,3
200700057089,0007-09-26 17:20:00,7,9,26,17,20,640,122,"3, ""FOCH (AV, DU MARECHA",,,Plein jour,En agglomération,Hors intersection,Pluie légère,Autre collision,,,,,,,,,,,1,2,1,2,6
200700057090,0007-09-27 17:40:00,7,9,27,17,40,640,122,"""KENNEDY (AVENUE DU PRES",,,Plein jour,En agglomération,Hors intersection,Normale,Deux véhicules - arrière,,,,,,,,,,,1,2,1,1,2
200700057091,0007-09-02 09:50:00,7,9,2,9,50,640,445,TOURASSE,,,Plein jour,En agglomération,Giratoire,Normale,Deux véhicules - côté,,,,,,,,,,,1,2,6,1,3
200700057092,0007-09-02 05:20:00,7,9,2,5,20,640,348,"42, ERCKMAN CHATRIAN",,,Nuit avec éclairage allumé,En agglomération,Hors intersection,Normale,Deux véhicules - arrière,,,,,,,,,,,5,2,1,1,2