accident_id,datetime,annee,mois,jour,heure,minute,departement,commune_insee,adresse,latitude,longitude,luminosite,agglomeration,intersection,meteo,collision,nb_vehicules,nb_usagers,nb_indemnes,nb_tues,nb_blesses_hosp,nb_blesses_legers,age_cond_1,age_cond_2,veh_type_cond_1,veh_type_cond_2,lum_code,agg_code,int_code,atm_code,col_code
200700057093,0007-09-03 19:20:00,7,9,3,19,20,640,445,"1, TILLEULS DES",,,Plein jour,En agglomération,Hors intersection,Normale,Deux véhicules - côté,,,,,,,,,,,1,2,1,1,3
200700057094,0007-09-04 09:00:00,7,9,4,9,0,640,445,"FACE 21/23, FOUCHET",,,Plein jour,En agglomération,Hors intersection,Normale,Deux véhicules - arrière,,,,,,,,,,,1,2,1,1,2
200700057095,0007-09-04 13:00:00,7,9,4,13,0,640,348,FRERES WRIGHT DES,,,Plein jour,En agglomération,Hors intersection,Normale,Autre collision,,,,,,,,,,,1,2,1,1,6
200700057096,0007-09-04 18:40:00,7,9,4,18,40,640,132,COMMANDANT RENE MOUCHOTT,,,Plein jour,En agglomération,Hors intersection,Normale,Deux véhicules - arrière,,,,,,,,,,,1,2,1,1,2
200700057097,0007-09-06 15:43:00,7,9,6,15,43,640,445,"FACE 8, MARCA",,,Plein jour,En agglomération,Hors intersection,Normale,Autre collision,,,,,,,,,,,1,2,1,1,6
200700057098,0007-09-09 05:55:00,7,9,9,5,55,640,445,"16, LEON BLUM",,,Nuit avec éclairage allumé,En agglomération,Hors intersection,Normale,Sans collision,,,,,,,,,,,5,2,1,1,7
200700057099,0007-09-11 15:30:00,7,9,11,15,30,640,445,"3, EMILE GARET",,,Plein jour,En agglomération,Hors intersection,Normale,Deux véhicules - côté,,,,,,,,,,,1,2,1,1,3
200700057100,0007-09-11 17:00:00,7,9,11,17,0,640,445,"5, ALLEES DE MORLAAS DES",,,Plein jour,En agglomération,Hors intersection,Normale,Autre collision,,,,,,,,,,,1,2,1,1,6
200700057101,0007-09-17 12:15:00,7,9,17,12,15,640,335,"15, MARGUERITE DE NAVARR",,,Plein jour,En agglomération,Hors intersection,Normale,Deux véhicules - arrière,,,,,,,,,,,1,2,1,1,2
200700057102,0007-09-18 15:55:00,7,9,18,15,55,640,445,"7, RENE CASSAGNE",,,Plein jour,En agglomération,Hors intersection,Normale,Autre collision,,,,,,,,,,,1,2,1,1,6
200700057103,0007-09-19 11:50:00,7,9,19,11,50,640,445,"0, ALSACE LORRAINE D'",,,Plein jour,En agglomération,Hors intersection,Normale,Deux véhicules - côté,,,,,,,,,,,1,2,1,1,3
200700057104,0007-09-19 18:10:00,7,9,19,18,10,640,129,"05, BAYONNE DE",,,Plein jour,En agglomération,Hors intersection,Normale,Autre collision,,,,,,,,,,,1,2,1,1,6
200700057105,0007-09-20 07:50:00,7,9,20,7,50,640,445,"1, DOYEN ROBERT POPLAWSK",,,Plein jour,En agglomération,Hors intersection,Normale,Autre collision,,,,,,,,,,,1,2,1,1,6
200700057106,0007-09-21 17:55:00,7,9,21,17,55,640,335,"26, CARREROT",,,Plein jour,En agglomération,Hors intersection,Normale,Deux véhicules - arrière,,,,,,,,,,,1,2,1,1,2
200700057107,0007-09-25 20:50:00,7,9,25,20,50,640,445,"0, ALSACE LORRAINE D'",,,Nuit avec éclairage allumé,En agglomération,Intersection en X,Pluie légère,Deux véhicules - côté,,,,,,,,,,,5,2,2,2,3
200700057108,0007-09-25 17:30:00,7,9,25,17,30,640,445,"22, GASTON LACOSTE",,,Plein jour,En agglomération,Hors intersection,Normale,Deux véhicules - côté,,,,,,,,,,,1,2,1,1,3
200700057109,0007-09-26 10:50:00,7,9,26,10,50,640,129,"1, TONKIN DU",,,Plein jour,En agglomération,Intersection en X,Normale,Deux véhicules - côté,,,,,,,,,,,1,2,2,1,3
200700057110,0007-09-26 15:25:00,7,9,26,15,25,640,445,"0, CAMI SALIE DU",,,Plein jour,En agglomération,Intersection en X,Pluie légère,Deux véhicules - côté,,,,,,,,,,,1,2,2,2,3
200700057111,0007-09-26 15:40:00,7,9,26,15,40,640,348,"., CHARLES DE GAULLE",,,Plein jour,En agglomération,Hors intersection,Pluie légère,Deux véhicules - arrière,,,,,,,,,,,1,2,1,2,2
200700057112,0007-09-26 18:00:00,7,9,26,18,0,640,445,TRESPOEY,,,Plein jour,En agglomération,Hors intersection,Normale,Autre collision,,,,,,,,,,,1,2,1,1,6
200700057113,0007-09-27 16:25:00,7,9,27,16,25,640,445,"193, JEAN MERMOZ",,,Plein jour,En agglomération,Hors intersection,Normale,Deux véhicules - côté,,,,,,,,,,,1,2,1,1,3
200700057114,0007-09-27 08:15:00,7,9,27,8,15,640,445,ATTIGNY D',,,Plein jour,En agglomération,Intersection en T,Normale,Deux véhicules - côté,,,,,,,,,,,1,2,3,1,3
200700057115,0007-09-28 22:50:00,7,9,28,22,50,640,445,BACHAGA BOUALAN,,,Nuit avec éclairage allumé,En agglomération,Hors intersection,Normale,Autre collision,,,,,,,,,,,5,2,1,1,6
200700057116,0007-09-29 04:45:00,7,9,29,4,45,640,445,"58, ETIGNY D'",,,Nuit avec éclairage allumé,En agglomération,Hors intersection,Normale,Autre collision,,,,,,,,,,,5,2,1,1,6
200700057117,0007-09-30 05:45:00,7,9,30,5,45,640,445,"1, NAPOLEON BONAPARTE",,,Nuit avec éclairage allumé,En agglomération,Hors intersection,Normale,Autre collision,,,,,,,,,,,5,2,1,1,6
200700057118,0007-09-01 11:08:00,7,9,1,11,8,640,260,LECLERC (BOULEVARD DU GE,,,Plein jour,En agglomération,Hors intersection,Normale,Autre collision,,,,,,,,,,,1,2,1,1,6
200700057119,0007-09-15 21:40:00,7,9,15,21,40,640,260,EMPEREUR (BOULEVARD DE ),,,Nuit avec éclairage allumé,En agglomération,Hors intersection,Normale,Deux véhicules - côté,,,,,,,,,,,5,2,1,1,3
200700057120,0007-09-30 17:50:00,7,9,30,17,50,640,545,CD 658,,,Plein jour,Hors agglomération,Hors intersection,Normale,Deux véhicules - côté,,,,,,,,,,,1,1,1,1,3
200700057121,0007-09-04 16:10:00,7,9,4,16,10,640,483,SAINT PEE (VIEILLE ROUTE,,,Plein jour,En agglomération,Hors intersection,Normale,Deux véhicules - frontale,,,,,,,,,,,1,2,1,1,1
200700057122,0007-09-04 18:20:00,7,9,4,18,20,640,483,RN10,,,Plein jour,En agglomération,Hors intersection,Normale,Trois véhicules et plus - en chaîne,,,,,,,,,,,1,2,1,1,4
200700057123,0007-09-13 17:15:00,7,9,13,17,15,640,483,CHANTACO (AVENUE DE ),,,Plein jour,En agglomération,Hors intersection,Normale,Trois véhicules et plus - en chaîne,,,,,,,,,,,1,2,1,1,4
200700057124,0007-09-14 19:05:00,7,9,14,19,5,640,545,"10, DONGAITZ ANAIAK (RUE",,,Plein jour,En agglomération,Hors intersection,Normale,Deux véhicules - côté,,,,,,,,,,,1,2,1,1,3
200700057125,0007-09-03 18:45:00,7,9,3,18,45,640,260,"41, RICHELIEU (RUE)",,,Plein jour,En agglomération,Hors intersection,Normale,Deux véhicules - côté,,,,,,,,,,,1,2,1,1,3
200700057126,0007-09-05 20:55:00,7,9,5,20,55,640,483,RN10,,,Nuit avec éclairage allumé,En agglomération,Hors intersection,Normale,Deux véhicules - côté,,,,,,,,,,,5,2,1,1,3
200700057127,0007-09-16 18:25:00,7,9,16,18,25,640,483,RN10,,,Plein jour,En agglomération,Hors intersection,Normale,Deux véhicules - côté,,,,,,,,,,,1,2,1,1,3
200700057128,0007-09-09 05:10:00,7,9,9,5,10,650,286,MARQUI (AVENUE ALEXANDRE,,,Nuit avec éclairage allumé,En agglomération,Giratoire,Normale,Autre collision,,,,,,,,,,,5,2,6,1,6
200700057129,0007-09-13 19:25:00,7,9,13,19,25,650,286,"1, MARQUI (AVENUE ALEXAN",,,Plein jour,En agglomération,Hors intersection,Normale,Deux véhicules - arrière,,,,,,,,,,,1,2,1,1,2
200700057130,0007-09-20 16:39:00,7,9,20,16,39,650,286,"07, JEAN PRAT(AVENUE)",,,Plein jour,En agglomération,Intersection en T,Normale,Trois véhicules et plus - en chaîne,,,,,,,,,,,1,2,3,1,4
200700057131,0007-09-25 13:50:00,7,9,25,13,50,650,286,"7, FOCH (AVENUE MARECHAL",,,Plein jour,En agglomération,Intersection en T,Normale,Autre collision,,,,,,,,,,,1,2,3,1,6
200700057132,0007-09-03 12:20:00,7,9,3,12,20,650,440,"., MARTINET (BOULEVARD D",,,Plein jour,En agglomération,Intersection en X,Normale,Deux véhicules - côté,,,,,,,,,,,1,2,2,1,3
200700057133,0007-09-04 19:35:00,7,9,4,19,35,650,440,"., CRONSTADT (RUE DE)",,,Plein jour,En agglomération,Intersection en Y,Normale,Deux véhicules - côté,,,,,,,,,,,1,2,4,1,3
200700057134,0007-09-07 08:10:00,7,9,7,8,10,650,440,"., AZEREIX (AVENUE D')",,,Plein jour,En agglomération,Intersection en Y,Normale,Deux véhicules - côté,,,,,,,,,,,1,2,4,1,3
200700057135,0007-09-07 08:30:00,7,9,7,8,30,650,440,"., AZEREIX (AVENUE D')",,,Plein jour,En agglomération,Hors intersection,Normale,Deux véhicules - côté,,,,,,,,,,,1,2,1,1,3
200700057136,0007-09-09 11:50:00,7,9,9,11,50,650,440,"19, MAQUIS DE PAYOLLE (R",,,Plein jour,En agglomération,Hors intersection,Normale,Deux véhicules - frontale,,,,,,,,,,,1,2,1,1,1
200700057137,0007-09-10 20:55:00,7,9,10,20,55,650,440,DEBUSSY (BOULEVARD CLAUD,,,Nuit avec éclairage allumé,En agglomération,Intersection en X,Normale,Autre collision,,,,,,,,,,,5,2,2,1,6
200700057138,0007-09-11 14:40:00,7,9,11,14,40,650,440,"124, REGIMENT DE BIGORRE",,,Plein jour,En agglomération,Hors intersection,Normale,Autre collision,,,,,,,,,,,1,2,1,1,6
200700057139,0007-09-11 14:45:00,7,9,11,14,45,650,440,"., ALTENKIRCHEN (AVENUE",,,Plein jour,En agglomération,Giratoire,Normale,Autre collision,,,,,,,,,,,1,2,6,1,6
200700057140,0007-09-12 18:00:00,7,9,12,18,0,650,251,"., FONTAINE (RUE DE LA)",,,Plein jour,En agglomération,Hors intersection,Normale,Autre collision,,,,,,,,,,,1,2,1,1,6
200700057141,0007-09-13 17:45:00,7,9,13,17,45,650,440,"., MERMOZ (AVENUE JEAN)",,,Plein jour,En agglomération,Intersection en X,Normale,Deux véhicules - côté,,,,,,,,,,,1,2,2,1,3
200700057142,0007-09-14 07:35:00,7,9,14,7,35,650,440,"., MARNE (AVENUE DE LA)",,,Crépuscule ou aube,En agglomération,Intersection en X,Normale,Deux véhicules - côté,,,,,,,,,,,2,2,2,1,3
200700057143,0007-09-14 12:57:00,7,9,14,12,57,650,440,UNIVERSITE (ROND POINT D,,,Plein jour,En agglomération,Giratoire,Normale,Deux véhicules - côté,,,,,,,,,,,1,2,6,1,3
200700057144,0007-09-16 12:10:00,7,9,16,12,10,650,47,"., CASTORS (AVE DES)",,,Plein jour,En agglomération,Giratoire,Normale,Deux véhicules - côté,,,,,,,,,,,1,2,6,1,3
200700057145,0007-09-16 23:15:00,7,9,16,23,15,650,440,"., VOSGES (AVENUE DES)",,,Nuit avec éclairage allumé,En agglomération,Intersection en T,Normale,Sans collision,,,,,,,,,,,5,2,3,1,7
200700057146,0007-09-17 16:40:00,7,9,17,16,40,650,226,"., BAGNERES (CHEMIN DU)",,,Plein jour,Hors agglomération,Hors intersection,Pluie forte,Deux véhicules - frontale,,,,,,,,,,,1,1,1,3,1
200700057147,0007-09-19 16:20:00,7,9,19,16,20,650,331,LOURDES (AVENUE DE),,,Plein jour,En agglomération,Hors intersection,Normale,Deux véhicules - côté,,,,,,,,,,,1,2,1,1,3
200700057148,0007-09-20 08:25:00,7,9,20,8,25,650,440,"8bis, CRONSTADT (RUE DE)",,,Plein jour,En agglomération,Hors intersection,Normale,Deux véhicules - arrière,,,,,,,,,,,1,2,1,1,2
200700057149,0007-09-21 02:55:00,7,9,21,2,55,650,440,"19, GUYNEMER (RUE GEORGE",,,Nuit avec éclairage allumé,En agglomération,Hors intersection,Normale,Autre collision,,,,,,,,,,,5,2,1,1,6
200700057150,0007-09-21 07:40:00,7,9,21,7,40,650,440,LATTRE DE TASSIGNY(BOULE,,,Plein jour,En agglomération,Autre intersection,Normale,Deux véhicules - côté,,,,,,,,,,,1,2,9,1,3
200700057151,0007-09-22 21:00:00,7,9,22,21,0,650,417,"., SPORTS (AVENUE DES)",,,Nuit avec éclairage allumé,En agglomération,Hors intersection,Pluie légère,Autre collision,,,,,,,,,,,5,2,1,2,6
200700057152,0007-09-23 04:35:00,7,9,23,4,35,650,440,DEBUSSY (BOULEVARD CLAUD,,,Nuit avec éclairage allumé,En agglomération,Intersection en X,Normale,Deux véhicules - côté,,,,,,,,,,,5,2,2,1,3
200700057153,0007-09-24 16:00:00,7,9,24,16,0,650,440,"., PAUL (BOULEVARD JEAN",,,Plein jour,En agglomération,Hors intersection,Normale,Autre collision,,,,,,,,,,,1,2,1,1,6
200700057154,0007-09-25 08:50:00,7,9,25,8,50,650,440,"., BERT (RUE PAUL)",,,Plein jour,En agglomération,Intersection en X,Pluie légère,Deux véhicules - côté,,,,,,,,,,,1,2,2,2,3
200700057155,0007-09-28 23:10:00,7,9,28,23,10,650,440,"., LATTRE DE TASSIGNY(BO",,,Nuit avec éclairage allumé,En agglomération,Intersection en X,Normale,Deux véhicules - côté,,,,,,,,,,,5,2,2,1,3
200700057156,0007-09-29 11:40:00,7,9,29,11,40,650,100,"1, MOLIERE (RUE)",,,Plein jour,En agglomération,Intersection en Y,Pluie légère,Autre collision,,,,,,,,,,,1,2,4,2,6
200700057157,0007-09-30 15:00:00,7,9,30,15,0,650,440,"., SAINT FRAI (ROND POIN",,,Plein jour,En agglomération,Giratoire,Normale,Autre collision,,,,,,,,,,,1,2,6,1,6
200700057158,0007-09-01 10:35:00,7,9,1,10,35,660,136,"17, CLEMENCEAU (BOULEVAR",,,Plein jour,En agglomération,Hors intersection,Normale,Autre collision,,,,,,,,,,,1,2,1,1,6
200700057159,0007-09-03 15:15:00,7,9,3,15,15,660,136,ARGELES SUR MER AVENUE D,,,Plein jour,Hors agglomération,Hors intersection,Normale,Deux véhicules - frontale,,,,,,,,,,,1,1,1,1,1
200700057160,0007-09-07 19:50:00,7,9,7,19,50,660,136,"57, MERCADER (BOULEVARD",,,Nuit avec éclairage allumé,En agglomération,Hors intersection,Normale,Deux véhicules - côté,,,,,,,,,,,5,2,1,1,3
200700057161,0007-09-09 15:20:00,7,9,9,15,20,660,136,"97, DALBIEZ (AVENUE VICT",,,Plein jour,En agglomération,Hors intersection,Normale,Deux véhicules - côté,,,,,,,,,,,1,2,1,1,3
200700057162,0007-09-08 01:45:00,7,9,8,1,45,660,136,"45, RABELAIS (FRANCOIS)",,,Nuit avec éclairage allumé,En agglomération,Hors intersection,Normale,Autre collision,,,,,,,,,,,5,2,1,1,6
200700057163,0007-09-17 14:50:00,7,9,17,14,50,660,136,"., GILLES (AVENUE GENERA",,,Plein jour,En agglomération,Hors intersection,Temps couvert,Autre collision,,,,,,,,,,,1,2,1,8,6
200700057164,0007-09-24 15:30:00,7,9,24,15,30,660,136,"96, TORCATIS (AVENUE LOU",,,Plein jour,En agglomération,Hors intersection,Normale,Autre collision,,,,,,,,,,,1,2,1,1,6
200700057165,0007-09-25 08:50:00,7,9,25,8,50,660,136,"., R D  91",,,Plein jour,Hors agglomération,Hors intersection,Normale,Deux véhicules - frontale,,,,,,,,,,,1,1,1,1,1
200700057166,0007-09-24 17:52:00,7,9,24,17,52,660,136,"96, TORCATIS (AVENUE LOU",,,Plein jour,En agglomération,Hors intersection,Normale,Autre collision,,,,,,,,,,,1,2,1,1,6
200700057167,0007-09-30 04:58:00,7,9,30,4,58,660,136,DOMBASLE (MATHIEU DE),,,Nuit avec éclairage allumé,En agglomération,Hors intersection,Normale,Deux véhicules - côté,,,,,,,,,,,5,2,1,1,3
200700057168,0007-09-06 17:35:00,7,9,6,17,35,670,180,BISCHWILLER (ROUTE DE),,,Plein jour,Hors agglomération,Hors intersection,Pluie légère,Deux véhicules - côté,,,,,,,,,,,1,1,1,2,3
200700057169,0007-09-08 09:40:00,7,9,8,9,40,670,180,BISCHWILLER (ROUTE DE),,,Plein jour,En agglomération,Intersection en T,Normale,Deux véhicules - côté,,,,,,,,,,,1,2,3,1,3
200700057170,0007-09-22 04:00:00,7,9,22,4,0,670,180,SOUFFLENHEIM (ROUTE DE),,,Crépuscule ou aube,Hors agglomération,Hors intersection,Normale,Autre collision,,,,,,,,,,,2,1,1,1,6
200700057171,0007-09-01 22:00:00,7,9,1,22,0,670,482,", SCHIRMECK (ROUTE DE)",,,Nuit avec éclairage allumé,En agglomération,Hors intersection,Normale,Autre collision,,,,,,,,,,,5,2,1,1,6
200700057172,0007-09-01 17:45:00,7,9,1,17,45,670,482,HERRENWASSER (PISTE DU),,,Plein jour,En agglomération,Hors intersection,Normale,Deux véhicules - frontale,,,,,,,,,,,1,2,1,1,1
200700057173,0007-09-03 11:45:00,7,9,3,11,45,670,482,"00, RENE CASSIN (ALLEE)",,,Plein jour,En agglomération,Hors intersection,Normale,Deux véhicules - côté,,,,,,,,,,,1,2,1,1,3
200700057174,0007-09-03 13:25:00,7,9,3,13,25,670,482,"00, REMPART (RUE DU)",,,Plein jour,En agglomération,Hors intersection,Pluie forte,Deux véhicules - côté,,,,,,,,,,,1,2,1,3,3
200700057175,0007-09-04 14:10:00,7,9,4,14,10,670,482,EUROPE (AVENUE DE L ),,,Plein jour,En agglomération,Hors intersection,Pluie légère,Deux véhicules - côté,,,,,,,,,,,1,2,1,2,3
200700057176,0007-09-04 16:30:00,7,9,4,16,30,670,482,POLYGONE (ROUTE DU),,,Plein jour,En agglomération,Intersection en X,Normale,Autre collision,,,,,,,,,,,1,2,2,1,6
200700057177,0007-09-04 17:10:00,7,9,4,17,10,670,482,"0, MULHOUSE (RUE DE)",,,Plein jour,En agglomération,Hors intersection,Normale,Deux véhicules - côté,,,,,,,,,,,1,2,1,1,3
200700057178,0007-09-05 15:45:00,7,9,5,15,45,670,482,"33, RATHSAMSHAUSEN (RUE",,,Plein jour,En agglomération,Intersection en X,Normale,Autre collision,,,,,,,,,,,1,2,2,1,6
200700057179,0007-09-06 17:35:00,7,9,6,17,35,670,482,"0, CHRISTIAN PFISTER (AV",,,Plein jour,En agglomération,Intersection en X,Pluie légère,Deux véhicules - côté,,,,,,,,,,,1,2,2,2,3
200700057180,0007-09-06 22:05:00,7,9,6,22,5,670,482,VOSGES (AVENUE DES),,,Nuit avec éclairage allumé,En agglomération,Intersection en X,Pluie légère,Autre collision,,,,,,,,,,,5,2,2,2,6
200700057181,0007-09-07 06:20:00,7,9,7,6,20,670,482,"0, MOLSHEIM (RUE DE)",,,Nuit avec éclairage allumé,En agglomération,Hors intersection,Normale,Deux véhicules - arrière,,,,,,,,,,,5,2,1,1,2
200700057182,0007-09-07 08:50:00,7,9,7,8,50,670,482,"36, MULHOUSE (RUE DE)",,,Plein jour,En agglomération,Intersection en X,Normale,Deux véhicules - côté,,,,,,,,,,,1,2,2,1,3
200700057183,0007-09-07 16:25:00,7,9,7,16,25,670,482,"58 A, SAINT DIE (RUE DE)",,,Plein jour,En agglomération,Intersection en T,Normale,Autre collision,,,,,,,,,,,1,2,3,1,6
200700057184,0007-09-08 03:00:00,7,9,8,3,0,670,482,"0, NANCY (BOULEVARD DE)",,,Nuit avec éclairage allumé,En agglomération,Intersection en X,Normale,Deux véhicules - côté,,,,,,,,,,,5,2,2,1,3
200700057185,0007-09-08 20:35:00,7,9,8,20,35,670,482,MATHIAS GRUNEWALD (RUE),,,Nuit avec éclairage allumé,En agglomération,Hors intersection,Normale,Autre collision,,,,,,,,,,,5,2,1,1,6
200700057186,0007-09-10 16:30:00,7,9,10,16,30,670,482,JACQUES PREISS (BOULEVAR,,,Plein jour,En agglomération,Intersection en T,Normale,Deux véhicules - côté,,,,,,,,,,,1,2,3,1,3
200700057187,0007-09-11 14:20:00,7,9,11,14,20,670,482,"0, PETIT RHIN (ROUTE DU)",,,Plein jour,En agglomération,Hors intersection,Normale,Trois véhicules et plus - en chaîne,,,,,,,,,,,1,2,1,1,4
200700057188,0007-09-11 16:40:00,7,9,11,16,40,670,267,"2A, HIRONDELLES (RUE DES",,,Plein jour,En agglomération,Hors intersection,Normale,Autre collision,,,,,,,,,,,1,2,1,1,6
200700057189,0007-09-11 17:00:00,7,9,11,17,0,670,482,"0, PAIX (AVENUE DE LA)",,,Plein jour,En agglomération,Hors intersection,Normale,Autre collision,,,,,,,,,,,1,2,1,1,6
200700057190,0007-09-12 00:30:00,7,9,12,0,30,670,482,ANKARA (RUE D ),,,Nuit avec éclairage allumé,En agglomération,Intersection en X,Normale,Deux véhicules - côté,,,,,,,,,,,5,2,2,1,3
200700057191,0007-09-12 18:20:00,7,9,12,18,20,670,365,"0, ETTORE BUGATTI (RUE)",,,Plein jour,En agglomération,Intersection en X,Normale,Deux véhicules - côté,,,,,,,,,,,1,2,2,1,3
200700057192,0007-09-13 16:00:00,7,9,13,16,0,670,482,GENERAL OFFENSTEIN (RUE,,,Plein jour,En agglomération,Intersection en X,Normale,Deux véhicules - côté,,,,,,,,,,,1,2,2,1,3
200700057193,0007-09-13 17:15:00,7,9,13,17,15,670,482,CANARDIERE (RUE DE LA),,,Plein jour,En agglomération,Intersection en X,Normale,Deux véhicules - côté,,,,,,,,,,,1,2,2,1,3
200700057194,0007-09-13 22:50:00,7,9,13,22,50,670,482,ALTENHEIM (ROUTE D ),,,Plein jour,En agglomération,Intersection en T,Normale,Deux véhicules - côté,,,,,,,,,,,1,2,3,1,3
200700057195,0007-09-14 13:48:00,7,9,14,13,48,670,482,"0, MONTAGNE VERTE (RUE D",,,Plein jour,En agglomération,Hors intersection,Normale,Trois véhicules et plus - collisions multiples,,,,,,,,,,,1,2,1,1,5
200700057196,0007-09-14 16:30:00,7,9,14,16,30,670,482,SHAKESPEARE (AVENUE),,,Plein jour,En agglomération,Hors intersection,Temps éblouissant,Autre collision,,,,,,,,,,,1,2,1,7,6
200700057197,0007-09-14 23:00:00,7,9,14,23,0,670,482,HOCHFELDEN (RUE DE),,,Nuit avec éclairage allumé,En agglomération,Hors intersection,Normale,Sans collision,,,,,,,,,,,5,2,1,1,7
200700057198,0007-09-17 00:01:00,7,9,17,0,1,670,482,"0, LOUIS PASTEUR (QUAI)",,,Nuit avec éclairage allumé,En agglomération,Intersection en X,Normale,Deux véhicules - côté,,,,,,,,,,,5,2,2,1,3
200700057199,0007-09-18 21:15:00,7,9,18,21,15,670,482,KLEBSAU (RUE DE LA),,,Nuit avec éclairage allumé,En agglomération,Intersection en X,Normale,Deux véhicules - côté,,,,,,,,,,,5,2,2,1,3
200700057200,0007-09-20 06:55:00,7,9,20,6,55,670,482,HAGUENAU (PLACE DE),,,Plein jour,En agglomération,Intersection en T,Normale,Deux véhicules - côté,,,,,,,,,,,1,2,3,1,3
200700057201,0007-09-20 12:20:00,7,9,20,12,20,670,482,"3a, ANVERS (BOULEVARD D",,,Plein jour,En agglomération,Hors intersection,Normale,Deux véhicules - arrière,,,,,,,,,,,1,2,1,1,2
200700057202,0007-09-20 17:25:00,7,9,20,17,25,670,482,"2, LAUSANNE (RUE DE)",,,Plein jour,En agglomération,Hors intersection,Normale,Autre collision,,,,,,,,,,,1,2,1,1,6
200700057203,0007-09-21 07:00:00,7,9,21,7,0,670,218,"00, CEINTURE (RUE DE LA)",,,Plein jour,En agglomération,Intersection en X,Normale,Deux véhicules - côté,,,,,,,,,,,1,2,2,1,3
200700057204,0007-09-21 07:40:00,7,9,21,7,40,670,447,"16, GENERAL DE GAULLE (R",,,Plein jour,En agglomération,Hors intersection,Normale,Deux véhicules - frontale,,,,,,,,,,,1,2,1,1,1
200700057205,0007-09-21 11:30:00,7,9,21,11,30,670,218,"0, BURKEL (ROUTE)",,,Plein jour,En agglomération,Intersection en T,Normale,Deux véhicules - côté,,,,,,,,,,,1,2,3,1,3
200700057206,0007-09-21 15:19:00,7,9,21,15,19,670,482,ROMAINS (ROUTE DES),,,Plein jour,En agglomération,Hors intersection,Normale,Trois véhicules et plus - collisions multiples,,,,,,,,,,,1,2,1,1,5
200700057207,0007-09-21 20:53:00,7,9,21,20,53,670,218,"00, VINGT TROIS NOVEMBRE",,,Nuit avec éclairage allumé,En agglomération,Hors intersection,Normale,Autre collision,,,,,,,,,,,5,2,1,1,6
200700057208,0007-09-22 00:30:00,7,9,22,0,30,670,482,"00, HIMMERICH (RUE)",,,Nuit avec éclairage allumé,En agglomération,Hors intersection,Normale,Autre collision,,,,,,,,,,,5,2,1,1,6
200700057209,0007-09-22 06:50:00,7,9,22,6,50,670,482,"00, RIETH (RUE DU)",,,Nuit avec éclairage non allumé,En agglomération,Intersection en X,Normale,Deux véhicules - côté,,,,,,,,,,,4,2,2,1,3
200700057210,0007-09-23 06:25:00,7,9,23,6,25,670,482,LOUIS PASTEUR (QUAI),,,Crépuscule ou aube,En agglomération,Intersection en X,Normale,Autre collision,,,,,,,,,,,2,2,2,1,6
200700057211,0007-09-24 10:02:00,7,9,24,10,2,670,365,"0, 23 NOVEMBRE (RUE DU)",,,Plein jour,En agglomération,Intersection en T,Normale,Deux véhicules - arrière,,,,,,,,,,,1,2,3,1,2
200700057212,0007-09-24 12:50:00,7,9,24,12,50,670,482,"253, OBERHAUSBERGEN (ROU",,,Plein jour,En agglomération,Hors intersection,Normale,Deux véhicules - côté,,,,,,,,,,,1,2,1,1,3
200700057213,0007-09-24 15:50:00,7,9,24,15,50,670,482,"99, COLMAR (AVENUE DE)",,,Plein jour,En agglomération,Hors intersection,Normale,Deux véhicules - arrière,,,,,,,,,,,1,2,1,1,2
200700057214,0007-09-25 11:00:00,7,9,25,11,0,670,482,"34, SOULTZ (RUE DE)",,,Plein jour,En agglomération,Hors intersection,Normale,Autre collision,,,,,,,,,,,1,2,1,1,6
200700057215,0007-09-25 19:20:00,7,9,25,19,20,670,447,GENERAL DE GAULLE (ROUTE,,,Nuit avec éclairage non allumé,En agglomération,Intersection en T,Normale,Deux véhicules - arrière,,,,,,,,,,,4,2,3,1,2
200700057216,0007-09-26 17:45:00,7,9,26,17,45,670,447,"0, CONTADES (RUE DES)",,,Crépuscule ou aube,En agglomération,Intersection en Y,Pluie légère,Deux véhicules - côté,,,,,,,,,,,2,2,4,2,3
200700057217,0007-09-26 19:30:00,7,9,26,19,30,670,447,GENERAL DE GAULLE (ROUTE,,,Nuit avec éclairage allumé,En agglomération,Intersection en X,Pluie légère,Deux véhicules - côté,,,,,,,,,,,5,2,2,2,3
200700057218,0007-09-27 18:00:00,7,9,27,18,0,670,482,"11, GENERAL GOURAUD (RUE",,,Plein jour,En agglomération,Hors intersection,Normale,Deux véhicules - côté,,,,,,,,,,,1,2,1,1,3
200700057219,0007-09-28 00:05:00,7,9,28,0,5,670,482,"000, DIVISION LECLERC (R",,,Nuit avec éclairage allumé,En agglomération,Intersection en T,Normale,Deux véhicules - côté,,,,,,,,,,,5,2,3,1,3
200700057220,0007-09-28 14:20:00,7,9,28,14,20,670,482,CHARMILLE (RUE DE LA),,,Plein jour,En agglomération,Intersection en T,Normale,Autre collision,,,,,,,,,,,1,2,3,1,6
200700057221,0007-09-28 18:25:00,7,9,28,18,25,670,482,"3, PRESIDENT WILSON (BOU",,,Plein jour,En agglomération,Hors intersection,Normale,Autre collision,,,,,,,,,,,1,2,1,1,6
200700057222,0007-09-29 15:45:00,7,9,29,15,45,670,482,INGOLD (RUE),,,Plein jour,En agglomération,Intersection en X,Normale,Autre collision,,,,,,,,,,,1,2,2,1,6
200700057223,0007-09-29 19:10:00,7,9,29,19,10,670,482,ERNEST MUNCH (RUE),,,Nuit sans éclairage public,En agglomération,Intersection en T,Normale,Autre collision,,,,,,,,,,,3,2,3,1,6
200700057224,0007-09-30 17:00:00,7,9,30,17,0,670,218,"0, LIXENBUHL (RUE)",,,Plein jour,En agglomération,Intersection en T,Normale,Deux véhicules - côté,,,,,,,,,,,1,2,3,1,3