accident_id,datetime,annee,mois,jour,heure,minute,departement,commune_insee,adresse,latitude,longitude,luminosite,agglomeration,intersection,meteo,collision,nb_vehicules,nb_usagers,nb_indemnes,nb_tues,nb_blesses_hosp,nb_blesses_legers,age_cond_1,age_cond_2,veh_type_cond_1,veh_type_cond_2,lum_code,agg_code,int_code,atm_code,col_code
200700057225,0007-09-05 10:00:00,7,9,5,10,0,680,66,"11, CLEMENCEAU (AVENUE G",,,Plein jour,En agglomération,Hors intersection,Normale,Deux véhicules - côté,,,,,,,,,,,1,2,1,1,3
200700057226,0007-09-06 12:07:00,7,9,6,12,7,680,66,STANISLAS (RUE),,,Plein jour,En agglomération,Intersection en X,Normale,Autre collision,,,,,,,,,,,1,2,2,1,6
200700057227,0007-09-08 07:20:00,7,9,8,7,20,680,66,"47, GRILLENBREIT (RUE DU",,,Plein jour,En agglomération,Hors intersection,Normale,Autre collision,,,,,,,,,,,1,2,1,1,6
200700057228,0007-09-10 17:23:00,7,9,10,17,23,680,66,"14, PAPETERIES (RUE DES)",,,Plein jour,En agglomération,Hors intersection,Normale,Deux véhicules - arrière,,,,,,,,,,,1,2,1,1,2
200700057229,0007-09-10 08:05:00,7,9,10,8,5,680,66,INGERSHEIM (ROUTE D'),,,Plein jour,En agglomération,Intersection en Y,Normale,Deux véhicules - côté,,,,,,,,,,,1,2,4,1,3
200700057230,0007-09-20 17:15:00,7,9,20,17,15,680,66,"5, MESSIMY (RUE)",,,Plein jour,En agglomération,Intersection en T,Normale,Deux véhicules - côté,,,,,,,,,,,1,2,3,1,3
200700057231,0007-09-20 13:03:00,7,9,20,13,3,680,66,C.D.13,,,Plein jour,En agglomération,Intersection en Y,Normale,Deux véhicules - côté,,,,,,,,,,,1,2,4,1,3
200700057232,0007-09-18 13:56:00,7,9,18,13,56,680,66,"32, SCHWEITZER (RUE DU D",,,Plein jour,En agglomération,Hors intersection,Normale,Autre collision,,,,,,,,,,,1,2,1,1,6
200700057233,0007-09-20 17:16:00,7,9,20,17,16,680,66,DE GAULLE (AVENUE DU GEN,,,Plein jour,En agglomération,Giratoire,Normale,Deux véhicules - côté,,,,,,,,,,,1,2,6,1,3
200700057234,0007-09-21 10:22:00,7,9,21,10,22,680,66,"11, BRASSERIES (RUE DES)",,,Plein jour,En agglomération,Hors intersection,Normale,Autre collision,,,,,,,,,,,1,2,1,1,6
200700057235,0007-09-22 15:47:00,7,9,22,15,47,680,66,"78, NEUF BRISACH (ROUTE",,,Plein jour,En agglomération,Hors intersection,Normale,Autre collision,,,,,,,,,,,1,2,1,1,6
200700057236,0007-09-27 07:35:00,7,9,27,7,35,680,66,REPUBLIQUE (AVENUE DE LA,,,Plein jour,En agglomération,Intersection en X,Normale,Autre collision,,,,,,,,,,,1,2,2,1,6
200700057237,0007-09-20 18:10:00,7,9,20,18,10,680,66,"10, KIENER (RUE ANDRE)",,,Plein jour,En agglomération,Giratoire,Normale,Deux véhicules - côté,,,,,,,,,,,1,2,6,1,3
200700057238,0007-09-26 22:35:00,7,9,26,22,35,680,112,"1, MARECHAL FOCH (AVENUE",,,Nuit avec éclairage allumé,En agglomération,Hors intersection,Pluie légère,Deux véhicules - côté,,,,,,,,,,,5,2,1,2,3
200700057239,0007-09-04 14:15:00,7,9,4,14,15,680,224,"110, ILLZACH (RUE D')",,,Plein jour,En agglomération,Hors intersection,Normale,Autre collision,,,,,,,,,,,1,2,1,1,6
200700057240,0007-09-03 00:15:00,7,9,3,0,15,680,224,"115, BALE (RUE DE)",,,Nuit avec éclairage allumé,En agglomération,Intersection en T,Normale,Deux véhicules - côté,,,,,,,,,,,5,2,3,1,3
200700057241,0007-09-04 18:45:00,7,9,4,18,45,680,224,"35, MACHINES (RUE DES)",,,Plein jour,En agglomération,Hors intersection,Pluie légère,Autre collision,,,,,,,,,,,1,2,1,2,6
200700057242,0007-09-06 19:25:00,7,9,6,19,25,680,56,"272, ALTKIRCH (AVENUE D'",,,Plein jour,En agglomération,Hors intersection,Normale,Deux véhicules - côté,,,,,,,,,,,1,2,1,1,3
200700057243,0007-09-15 22:05:00,7,9,15,22,5,680,224,"165, ILE NAPOLEON (RUE D",,,Nuit avec éclairage allumé,En agglomération,Hors intersection,Normale,Deux véhicules - frontale,,,,,,,,,,,5,2,1,1,1
200700057244,0007-09-05 18:30:00,7,9,5,18,30,680,224,"53, THIERSTEIN (RUE)",,,Plein jour,En agglomération,Intersection en X,Normale,Deux véhicules - côté,,,,,,,,,,,1,2,2,1,3
200700057245,0007-09-19 19:50:00,7,9,19,19,50,680,224,ILE NAPOLEON (RUE DE L'),,,Nuit avec éclairage allumé,En agglomération,Hors intersection,Normale,Autre collision,,,,,,,,,,,5,2,1,1,6
200700057246,0007-09-19 15:10:00,7,9,19,15,10,680,224,"13, DE LATTRE DE TASSIGN",,,Plein jour,En agglomération,Hors intersection,Normale,Autre collision,,,,,,,,,,,1,2,1,1,6
200700057247,0007-09-06 08:10:00,7,9,6,8,10,680,224,AUTOROUTE A 36,,,Plein jour,Hors agglomération,Hors intersection,Normale,Trois véhicules et plus - en chaîne,,,,,,,,,,,1,1,1,1,4
200700057248,0007-09-15 16:00:00,7,9,15,16,0,680,271,"55, BOIS (RUE DES)",,,Plein jour,Hors agglomération,Hors intersection,Normale,Deux véhicules - arrière,,,,,,,,,,,1,1,1,1,2
200700057249,0007-09-12 18:15:00,7,9,12,18,15,680,224,"72, BRIAND (AVENUE ARIST",,,Plein jour,En agglomération,Hors intersection,Normale,Autre collision,,,,,,,,,,,1,2,1,1,6
200700057250,0007-09-21 10:15:00,7,9,21,10,15,680,224,"23, FRANKLIN (RUE)",,,Plein jour,En agglomération,Hors intersection,Normale,Trois véhicules et plus - en chaîne,,,,,,,,,,,1,2,1,1,4
200700057251,0007-09-22 19:00:00,7,9,22,19,0,680,224,"28, HERICOURT (RUE DE)",,,Crépuscule ou aube,En agglomération,Hors intersection,Normale,Autre collision,,,,,,,,,,,2,2,1,1,6
200700057252,0007-09-26 05:57:00,7,9,26,5,57,680,224,"55, ROOSEVELT (BOULEVARD",,,Nuit avec éclairage allumé,En agglomération,Intersection en X,Normale,Deux véhicules - côté,,,,,,,,,,,5,2,2,1,3
200700057253,0007-09-25 14:40:00,7,9,25,14,40,680,224,"02, GAULLE (PLACE DU GEN",,,Plein jour,En agglomération,Hors intersection,Normale,Autre collision,,,,,,,,,,,1,2,1,1,6
200700057254,0007-09-16 19:35:00,7,9,16,19,35,680,224,"44, ZILLISHEIM (RUE DE)",,,Plein jour,En agglomération,Hors intersection,Normale,Autre collision,,,,,,,,,,,1,2,1,1,6
200700057255,0007-09-24 12:08:00,7,9,24,12,8,680,224,"27, WALLACH (BOULEVARD A",,,Plein jour,En agglomération,Hors intersection,Normale,Autre collision,,,,,,,,,,,1,2,1,1,6
200700057256,0007-09-09 20:15:00,7,9,9,20,15,680,297,"01, SEVILLE ( RUE DE )",,,Nuit avec éclairage allumé,Hors agglomération,Hors intersection,Normale,Deux véhicules - côté,,,,,,,,,,,5,1,1,1,3
200700057257,0007-09-21 11:55:00,7,9,21,11,55,680,376,MARKSTEIN (RUE DU),,,Plein jour,En agglomération,Intersection en T,Normale,Autre collision,,,,,,,,,,,1,2,3,1,6
200700057258,0007-09-08 16:10:00,7,9,8,16,10,690,29,BOULEVARD DES DROITS DE,,,Plein jour,Hors agglomération,Hors intersection,Normale,Deux véhicules - côté,,,,,,,,,,,1,1,1,1,3
200700057259,0007-09-12 16:36:00,7,9,12,16,36,690,29,", AVENUE LOUIS MOUILLARD",,,Plein jour,En agglomération,Hors intersection,Normale,Autre collision,,,,,,,,,,,1,2,1,1,6
200700057260,0007-09-18 06:10:00,7,9,18,6,10,690,29,AVENUE FRANCOIS MITTERRA,,,Crépuscule ou aube,En agglomération,Intersection en X,Pluie légère,Deux véhicules - côté,,,,,,,,,,,2,2,2,2,3
200700057261,0007-09-03 10:45:00,7,9,3,10,45,690,34,CHEMIN DE CREPIEUX,,,Plein jour,En agglomération,Intersection en X,Normale,Autre collision,,,,,,,,,,,1,2,2,1,6
200700057262,0007-09-11 08:45:00,7,9,11,8,45,690,34,"67, QUAI CLEMENCEAU",,,Plein jour,En agglomération,Hors intersection,Normale,Autre collision,,,,,,,,,,,1,2,1,1,6
200700057263,0007-09-13 07:15:00,7,9,13,7,15,690,34,"53, ROUTE DE STRASBOURG",,,Plein jour,En agglomération,Hors intersection,Normale,Autre collision,,,,,,,,,,,1,2,1,1,6
200700057264,0007-09-17 18:20:00,7,9,17,18,20,690,34,"20, ROUTE DE STRASBOURG",,,Plein jour,Hors agglomération,Hors intersection,Normale,Autre collision,,,,,,,,,,,1,1,1,1,6
200700057265,0007-09-22 14:15:00,7,9,22,14,15,690,34,"104, QUAI CLEMENCEAU",,,Plein jour,En agglomération,Hors intersection,Normale,Autre collision,,,,,,,,,,,1,2,1,1,6
200700057266,0007-09-14 11:45:00,7,9,14,11,45,690,91,"1, VICTOR HUGO ( R )",,,Plein jour,En agglomération,Hors intersection,Normale,Sans collision,,,,,,,,,,,1,2,1,1,7
200700057267,0007-09-14 14:30:00,7,9,14,14,30,690,91,"x, HONORE PETETIN ( R )",,,Plein jour,En agglomération,Intersection en T,Normale,Deux véhicules - côté,,,,,,,,,,,1,2,3,1,3
200700057268,0007-09-16 18:45:00,7,9,16,18,45,690,91,"41, GAGARINE (AV)",,,Crépuscule ou aube,En agglomération,Hors intersection,Normale,Deux véhicules - côté,,,,,,,,,,,2,2,1,1,3
200700057269,0007-09-12 07:55:00,7,9,12,7,55,690,91,"SANS, DEMOCRATIE (DE LA)",,,Crépuscule ou aube,Hors agglomération,Hors intersection,Normale,Sans collision,,,,,,,,,,,2,1,1,1,7
200700057270,0007-09-18 18:59:00,7,9,18,18,59,690,142,JEAN JACQUES ROUSSEAU,,,Plein jour,En agglomération,Hors intersection,Normale,Deux véhicules - côté,,,,,,,,,,,1,2,1,1,3
200700057271,0007-09-10 18:00:00,7,9,10,18,0,690,149,", JEAN JAURES",,,Plein jour,En agglomération,Intersection en T,Normale,Deux véhicules - côté,,,,,,,,,,,1,2,3,1,3
200700057272,0007-09-24 14:10:00,7,9,24,14,10,690,152,EUROPE (DE L'),,,Plein jour,En agglomération,Intersection en X,Normale,Autre collision,,,,,,,,,,,1,2,2,1,6
200700057273,0007-09-09 10:25:00,7,9,9,10,25,690,256,"110, 8 MAI 1945 (DU)",,,Plein jour,En agglomération,Hors intersection,Normale,Autre collision,,,,,,,,,,,1,2,1,1,6
200700057274,0007-09-03 14:40:00,7,9,3,14,40,690,256,"55, ALEXANDRE DUMAS",,,Plein jour,En agglomération,Hors intersection,Normale,Deux véhicules - côté,,,,,,,,,,,1,2,1,1,3
200700057275,0007-09-18 07:30:00,7,9,18,7,30,690,256,ROGER SALENGRO,,,Plein jour,En agglomération,Intersection en T,Pluie légère,Deux véhicules - frontale,,,,,,,,,,,1,2,3,2,1
200700057276,0007-09-18 15:20:00,7,9,18,15,20,690,256,"154, GABRIEL PERI",,,Plein jour,En agglomération,Hors intersection,Normale,Sans collision,,,,,,,,,,,1,2,1,1,7
200700057277,0007-09-25 18:54:00,7,9,25,18,54,690,256,ROGER SALENGRO,,,Crépuscule ou aube,En agglomération,Hors intersection,Normale,Deux véhicules - côté,,,,,,,,,,,2,2,1,1,3
200700057278,0007-09-23 15:25:00,7,9,23,15,25,690,256,GEORGES ROUGE,,,Plein jour,En agglomération,Intersection en X,Normale,Deux véhicules - côté,,,,,,,,,,,1,2,2,1,3
200700057279,0007-09-02 17:00:00,7,9,2,17,0,690,259,"0, RUE DU PROFESSEUR ROU",,,Plein jour,En agglomération,Intersection en X,Normale,Deux véhicules - côté,,,,,,,,,,,1,2,2,1,3
200700057280,0007-09-07 21:20:00,7,9,7,21,20,690,259,"0, RUE DU CLOS VERGER",,,Nuit avec éclairage allumé,En agglomération,Intersection en X,Normale,Deux véhicules - côté,,,,,,,,,,,5,2,2,1,3
200700057281,0007-09-02 15:25:00,7,9,2,15,25,690,259,RUE PRESIDENT EDOUARD HE,,,Plein jour,En agglomération,Intersection en T,Normale,Deux véhicules - côté,,,,,,,,,,,1,2,3,1,3
200700057282,0007-09-08 18:00:00,7,9,8,18,0,690,259,"0, BOULEVARD DU STADE",,,Plein jour,En agglomération,Autre intersection,Normale,Autre collision,,,,,,,,,,,1,2,9,1,6
200700057283,0007-09-10 14:50:00,7,9,10,14,50,690,259,RUE EMILE ZOLA,,,Plein jour,En agglomération,Giratoire,Normale,Autre collision,,,,,,,,,,,1,2,6,1,6
200700057284,0007-09-13 14:40:00,7,9,13,14,40,690,199,"14, CARNOT",,,Plein jour,En agglomération,Hors intersection,Normale,Deux véhicules - arrière,,,,,,,,,,,1,2,1,1,2
200700057285,0007-09-20 13:40:00,7,9,20,13,40,690,259,"0, AVENUE JULES GUESDE",,,Plein jour,En agglomération,Intersection en X,Normale,Deux véhicules - côté,,,,,,,,,,,1,2,2,1,3
200700057286,0007-09-27 14:00:00,7,9,27,14,0,690,259,"85, FRANCIS DE PRESSENSE",,,Plein jour,En agglomération,Hors intersection,Pluie légère,Deux véhicules - côté,,,,,,,,,,,1,2,1,2,3
200700057287,0007-09-28 15:10:00,7,9,28,15,10,690,259,"2, RUE LOUIS JOUVET",,,Plein jour,En agglomération,Hors intersection,Pluie légère,Deux véhicules - côté,,,,,,,,,,,1,2,1,2,3
200700057288,0007-09-15 12:32:00,7,9,15,12,32,690,264,"193, QUARANTAINE  RUE DE",,,Plein jour,En agglomération,Intersection en T,Normale,Deux véhicules - frontale,,,,,,,,,,,1,2,3,1,1
200700057289,0007-09-15 19:05:00,7,9,15,19,5,690,92,", EPINAY (ROUTE D')",,,Plein jour,Hors agglomération,Hors intersection,Normale,Deux véhicules - arrière,,,,,,,,,,,1,1,1,1,2
200700057290,0007-09-03 15:00:00,7,9,3,15,0,690,266,"1, RUE BURAIS",,,Plein jour,En agglomération,Intersection en X,Normale,Autre collision,,,,,,,,,,,1,2,2,1,6
200700057291,0007-09-03 15:30:00,7,9,3,15,30,690,266,"1, RUE FLORIAN",,,Plein jour,En agglomération,Intersection en X,Normale,Deux véhicules - côté,,,,,,,,,,,1,2,2,1,3
200700057292,0007-09-12 13:50:00,7,9,12,13,50,690,266,"111, autre",,,Plein jour,En agglomération,Hors intersection,Normale,Autre collision,,,,,,,,,,,1,2,1,1,6
200700057293,0007-09-13 11:10:00,7,9,13,11,10,690,266,"1, RUE DU 8 MAI 1945",,,Plein jour,En agglomération,Giratoire,Normale,Autre collision,,,,,,,,,,,1,2,6,1,6
200700057294,0007-09-15 20:30:00,7,9,15,20,30,690,266,"1, RUE DE LA SOIE",,,Nuit avec éclairage allumé,En agglomération,Hors intersection,Normale,Autre collision,,,,,,,,,,,5,2,1,1,6
200700057295,0007-09-18 09:45:00,7,9,18,9,45,690,266,"1, PONT RAYMOND POINCARE",,,Plein jour,En agglomération,Hors intersection,Pluie légère,Autre collision,,,,,,,,,,,1,2,1,2,6
200700057296,0007-09-21 23:00:00,7,9,21,23,0,690,266,"1, ROUTE DE GENAS",,,Nuit avec éclairage non allumé,En agglomération,Intersection en X,Normale,Deux véhicules - côté,,,,,,,,,,,4,2,2,1,3
200700057297,0007-09-22 23:40:00,7,9,22,23,40,690,266,"1, COURS ANDRE PHILIP",,,Nuit avec éclairage allumé,En agglomération,Hors intersection,Normale,Autre collision,,,,,,,,,,,5,2,1,1,6
200700057298,0007-09-28 08:30:00,7,9,28,8,30,690,266,"1, AVENUE ROGER SALENGRO",,,Plein jour,En agglomération,Hors intersection,Pluie légère,Autre collision,,,,,,,,,,,1,2,1,2,6
200700057299,0007-09-18 17:40:00,7,9,18,17,40,690,275,"374, AVENUE JEAN JAURES",,,Plein jour,En agglomération,Autre intersection,Normale,Deux véhicules - côté,,,,,,,,,,,1,2,9,1,3
200700057300,0007-09-27 15:45:00,7,9,27,15,45,690,275,"256, AVENUE JEAN JAURES",,,Plein jour,En agglomération,Intersection en T,Pluie légère,Trois véhicules et plus - collisions multiples,,,,,,,,,,,1,2,3,2,5
200700057301,0007-09-07 18:20:00,7,9,7,18,20,690,282,AVENUE DE VERDUN,,,Plein jour,En agglomération,Intersection en T,Normale,Deux véhicules - côté,,,,,,,,,,,1,2,3,1,3
200700057302,0007-09-17 12:08:00,7,9,17,12,8,690,282,"3, RUE RENE FUSIER",,,Plein jour,En agglomération,Intersection en X,Normale,Autre collision,,,,,,,,,,,1,2,2,1,6
200700057303,0007-09-20 09:40:00,7,9,20,9,40,690,282,"40, RUE DE LA REPUBLIQUE",,,Plein jour,En agglomération,Hors intersection,Normale,Deux véhicules - côté,,,,,,,,,,,1,2,1,1,3
200700057304,0007-09-03 13:25:00,7,9,3,13,25,690,290,"0, ROUTE DE GRENOBLE",,,Plein jour,En agglomération,Intersection en X,Normale,Deux véhicules - côté,,,,,,,,,,,1,2,2,1,3
200700057305,0007-09-05 15:20:00,7,9,5,15,20,690,290,"0, RUE HENRI MARECHAL",,,Plein jour,En agglomération,Intersection en T,Normale,Trois véhicules et plus - en chaîne,,,,,,,,,,,1,2,3,1,4
200700057306,0007-09-08 17:00:00,7,9,8,17,0,700,285,"SANS, 11 NOVEMBRE (RUE D",,,Plein jour,En agglomération,Hors intersection,Normale,Autre collision,,,,,,,,,,,1,2,1,1,6
200700057307,0007-09-26 17:20:00,7,9,26,17,20,700,285,"51, LEON JOUHAUX (AVENUE",,,Plein jour,En agglomération,Intersection en X,Normale,Trois véhicules et plus - collisions multiples,,,,,,,,,,,1,2,2,1,5
200700057308,0007-09-13 19:30:00,7,9,13,19,30,700,378,"18, LECLERC (RUE GENERAL",,,Plein jour,En agglomération,Hors intersection,Normale,Autre collision,,,,,,,,,,,1,2,1,1,6
200700057309,0007-09-23 17:22:00,7,9,23,17,22,700,550,"33, PONTARCHER (RUE DE)",,,Plein jour,En agglomération,Hors intersection,Normale,Autre collision,,,,,,,,,,,1,2,1,1,6
200700057310,0007-09-25 13:10:00,7,9,25,13,10,700,513,RIVES DEU LAC (AVENUE DE,,,Plein jour,Hors agglomération,Hors intersection,Normale,Deux véhicules - côté,,,,,,,,,,,1,1,1,1,3
200700057311,0007-09-27 10:35:00,7,9,27,10,35,700,550,"2, GARE (AVENUE DE LA)",,,Plein jour,En agglomération,Hors intersection,Pluie forte,Deux véhicules - arrière,,,,,,,,,,,1,2,1,3,2
200700057312,0007-09-04 17:35:00,7,9,4,17,35,710,76,"10, REPUBLIQUE (BOULEVAR",,,Plein jour,En agglomération,Hors intersection,Normale,Autre collision,,,,,,,,,,,1,2,1,1,6
200700057313,0007-09-13 15:15:00,7,9,13,15,15,710,76,HUIT MAI 1945 (AVENUE),,,Plein jour,En agglomération,Hors intersection,Normale,Autre collision,,,,,,,,,,,1,2,1,1,6
200700057314,0007-09-27 17:00:00,7,9,27,17,0,710,76,PONT DE BOURGOGNE (AVENU,,,Plein jour,En agglomération,Hors intersection,Pluie forte,Trois véhicules et plus - collisions multiples,,,,,,,,,,,1,2,1,3,5
200700057315,0007-09-29 14:10:00,7,9,29,14,10,710,76,"8, LECLERC (RUE GENERAL)",,,Plein jour,En agglomération,Hors intersection,Normale,Deux véhicules - arrière,,,,,,,,,,,1,2,1,1,2
200700057316,0007-09-29 14:25:00,7,9,29,14,25,710,76,"40, PARIS (AVENUE DE)",,,Plein jour,En agglomération,Intersection en T,Normale,Deux véhicules - côté,,,,,,,,,,,1,2,3,1,3
200700057317,0007-09-01 11:20:00,7,9,1,11,20,710,153,8 MAI 1945 (CARREFOUR DU,,,Plein jour,En agglomération,Intersection en X,Pluie légère,Deux véhicules - côté,,,,,,,,,,,1,2,2,2,3
200700057318,0007-09-08 10:40:00,7,9,8,10,40,710,153,"55, FRANCE (RUE ANATOLE)",,,Plein jour,En agglomération,Hors intersection,Normale,Deux véhicules - côté,,,,,,,,,,,1,2,1,1,3
200700057319,0007-09-11 07:20:00,7,9,11,7,20,710,153,8 MAI 1945 (CARREFOUR DU,,,Plein jour,En agglomération,Intersection en X,Normale,Deux véhicules - côté,,,,,,,,,,,1,2,2,1,3
200700057320,0007-09-11 16:55:00,7,9,11,16,55,710,540,R.N.80,,,Plein jour,Hors agglomération,Intersection en T,Normale,Deux véhicules - côté,,,,,,,,,,,1,1,3,1,3
200700057321,0007-09-14 21:50:00,7,9,14,21,50,710,153,"., SCHNEIDER (BOULEVARD",,,Nuit avec éclairage allumé,En agglomération,Intersection en X,Normale,Deux véhicules - côté,,,,,,,,,,,5,2,2,1,3
200700057322,0007-09-14 14:35:00,7,9,14,14,35,710,153,"36, CAVELL (RUE EDITH)",,,Plein jour,En agglomération,Hors intersection,Normale,Autre collision,,,,,,,,,,,1,2,1,1,6
200700057323,0007-09-19 08:00:00,7,9,19,8,0,710,153,"33, MONTCENIS (ROUTE DE)",,,Plein jour,En agglomération,Hors intersection,Normale,Trois véhicules et plus - collisions multiples,,,,,,,,,,,1,2,1,1,5
200700057324,0007-09-20 16:30:00,7,9,20,16,30,710,153,avenue de la Paix,,,Plein jour,En agglomération,Hors intersection,Normale,Deux véhicules - frontale,,,,,,,,,,,1,2,1,1,1
200700057325,0007-09-26 18:20:00,7,9,26,18,20,710,540,R.N.80,,,Plein jour,Hors agglomération,Intersection en X,Pluie légère,Deux véhicules - frontale,,,,,,,,,,,1,1,2,2,1
200700057326,0007-09-28 17:40:00,7,9,28,17,40,710,153,"56, SAINT SERNIN (ROUTE",,,Plein jour,Hors agglomération,Hors intersection,Pluie légère,Deux véhicules - côté,,,,,,,,,,,1,1,1,2,3
200700057327,0007-09-29 18:30:00,7,9,29,18,30,710,153,"22, HOCHE",,,Plein jour,En agglomération,Intersection en X,Normale,Deux véhicules - côté,,,,,,,,,,,1,2,2,1,3
200700057328,0007-09-03 19:25:00,7,9,3,19,25,710,270,"1, BIGONNET (RUE)",,,Plein jour,En agglomération,Hors intersection,Normale,Autre collision,,,,,,,,,,,1,2,1,1,6
200700057329,0007-09-10 00:15:00,7,9,10,0,15,710,270,RN 6 (ROUTE NATIONALE),,,Nuit avec éclairage allumé,En agglomération,Hors intersection,Normale,Autre collision,,,,,,,,,,,5,2,1,1,6
200700057330,0007-09-07 19:25:00,7,9,7,19,25,710,270,"1, Avenue de la Gare",,,Plein jour,En agglomération,Hors intersection,Normale,Deux véhicules - côté,,,,,,,,,,,1,2,1,1,3
200700057331,0007-09-11 07:35:00,7,9,11,7,35,710,270,Rue de Lyon/rue de l'Eur,,,Crépuscule ou aube,En agglomération,Intersection en X,Normale,Deux véhicules - côté,,,,,,,,,,,2,2,2,1,3
200700057332,0007-09-11 19:00:00,7,9,11,19,0,710,270,"113, RAMBUTEAU (RUE)",,,Plein jour,En agglomération,Hors intersection,Normale,Trois véhicules et plus - en chaîne,,,,,,,,,,,1,2,1,1,4
200700057333,0007-09-12 17:35:00,7,9,12,17,35,710,270,"1, Rue du Beaujolais/rue",,,Plein jour,En agglomération,Intersection en X,Normale,Deux véhicules - côté,,,,,,,,,,,1,2,2,1,3
200700057334,0007-09-21 15:45:00,7,9,21,15,45,710,270,"8, MERMOZ (RUE JEAN)",,,Plein jour,En agglomération,Hors intersection,Normale,Deux véhicules - arrière,,,,,,,,,,,1,2,1,1,2
200700057335,0007-09-18 21:10:00,7,9,18,21,10,710,270,"1367, SANCE (RUE DE)",,,Crépuscule ou aube,En agglomération,Hors intersection,Normale,Autre collision,,,,,,,,,,,2,2,1,1,6
200700057336,0007-09-19 15:45:00,7,9,19,15,45,710,306,"32, EMILE ZOLA (RUE)",,,Plein jour,En agglomération,Intersection en T,Normale,Deux véhicules - côté,,,,,,,,,,,1,2,3,1,3
200700057337,0007-09-24 16:25:00,7,9,24,16,25,710,486,"27, CHAVANNES (RUE DES)",,,Plein jour,En agglomération,Intersection en X,Normale,Deux véhicules - arrière,,,,,,,,,,,1,2,2,1,2
200700057338,0007-09-25 19:15:00,7,9,25,19,15,710,486,"61, WALDECK ROCHET (AVEN",,,Crépuscule ou aube,En agglomération,Intersection en T,Normale,Deux véhicules - arrière,,,,,,,,,,,2,2,3,1,2
200700057339,0007-09-01 14:05:00,7,9,1,14,5,720,181,MAC JEAN (AV) N° IMP 107,,,Plein jour,En agglomération,Intersection en X,Normale,Deux véhicules - côté,,,,,,,,,,,1,2,2,1,3
200700057340,0007-09-01 22:25:00,7,9,1,22,25,720,181,SARGE (RUE) N° PAIRS,,,Nuit avec éclairage allumé,En agglomération,Intersection en T,Normale,Autre collision,,,,,,,,,,,5,2,3,1,6
200700057341,0007-09-02 04:40:00,7,9,2,4,40,720,181,"18, ARNAGE (RUE D') N° P",,,Nuit avec éclairage allumé,En agglomération,Hors intersection,Normale,Autre collision,,,,,,,,,,,5,2,1,1,6
200700057342,0007-09-04 08:30:00,7,9,4,8,30,720,181,"128, CHAMPION HENRI (RUE",,,Plein jour,En agglomération,Hors intersection,Normale,Deux véhicules - côté,,,,,,,,,,,1,2,1,1,3
200700057343,0007-09-04 16:00:00,7,9,4,16,0,720,181,"221, BOLLEE (AV) N° IMP",,,Plein jour,En agglomération,Hors intersection,Normale,Deux véhicules - arrière,,,,,,,,,,,1,2,1,1,2
200700057344,0007-09-05 07:30:00,7,9,5,7,30,720,181,PIFFAULT PIERRE (AV) BES,,,Plein jour,En agglomération,Hors intersection,Normale,Sans collision,,,,,,,,,,,1,2,1,1,7
200700057345,0007-09-06 18:03:00,7,9,6,18,3,720,181,ALLONNES PONT ROUGE (RTE,,,Plein jour,En agglomération,Intersection en X,Normale,Deux véhicules - côté,,,,,,,,,,,1,2,2,1,3
200700057346,0007-09-07 08:50:00,7,9,7,8,50,720,181,"206, DURAND GEORGES (AV)",,,Plein jour,En agglomération,Hors intersection,Normale,Deux véhicules - côté,,,,,,,,,,,1,2,1,1,3
200700057347,0007-09-07 23:05:00,7,9,7,23,5,720,3,EPINETTES (ALL DES),,,Nuit avec éclairage allumé,En agglomération,Intersection en X,Normale,Deux véhicules - côté,,,,,,,,,,,5,2,2,1,3
200700057348,0007-09-09 04:15:00,7,9,9,4,15,720,181,"20, VILLARET (RUE DU) N°",,,Nuit avec éclairage allumé,En agglomération,Hors intersection,Normale,Sans collision,,,,,,,,,,,5,2,1,1,7
200700057349,0007-09-10 13:20:00,7,9,10,13,20,720,181,"104, GENESLAY FELIX (AV)",,,Plein jour,En agglomération,Intersection en T,Normale,Deux véhicules - côté,,,,,,,,,,,1,2,3,1,3
200700057350,0007-09-10 15:25:00,7,9,10,15,25,720,181,"34, ANATOLE FRANCE (BD )",,,Plein jour,En agglomération,Hors intersection,Normale,Autre collision,,,,,,,,,,,1,2,1,1,6
200700057351,0007-09-11 20:05:00,7,9,11,20,5,720,181,CROCHARDIERE (RUE),,,Plein jour,En agglomération,Hors intersection,Normale,Autre collision,,,,,,,,,,,1,2,1,1,6
200700057352,0007-09-12 07:20:00,7,9,12,7,20,720,181,CHATEAUBRIAND (COURS),,,Plein jour,En agglomération,Hors intersection,Normale,Autre collision,,,,,,,,,,,1,2,1,1,6
200700057353,0007-09-12 12:50:00,7,9,12,12,50,720,181,JAURES JEAN (AV) N° IMP,,,Plein jour,En agglomération,Hors intersection,Normale,Deux véhicules - côté,,,,,,,,,,,1,2,1,1,3
200700057354,0007-09-12 17:20:00,7,9,12,17,20,720,181,"183, DEMORIEUX (BD) ENTR",,,Plein jour,En agglomération,Hors intersection,Normale,Autre collision,,,,,,,,,,,1,2,1,1,6
200700057355,0007-09-13 07:50:00,7,9,13,7,50,720,181,"14, BARCELONE (RUE DE)",,,Plein jour,En agglomération,Hors intersection,Normale,Deux véhicules - arrière,,,,,,,,,,,1,2,1,1,2
200700057356,0007-09-13 16:25:00,7,9,13,16,25,720,181,"13/15, GARE (BD DE LA)",,,Plein jour,En agglomération,Hors intersection,Normale,Autre collision,,,,,,,,,,,1,2,1,1,6
200700057357,0007-09-13 17:30:00,7,9,13,17,30,720,181,"62, GENESLAY FELIX (AV)",,,Plein jour,En agglomération,Hors intersection,Normale,Deux véhicules - arrière,,,,,,,,,,,1,2,1,1,2
200700057358,0007-09-13 18:00:00,7,9,13,18,0,720,3,VENDEE (BD DE),,,Plein jour,En agglomération,Intersection en X,Normale,Deux véhicules - côté,,,,,,,,,,,1,2,2,1,3