accident_id,datetime,annee,mois,jour,heure,minute,departement,commune_insee,adresse,latitude,longitude,luminosite,agglomeration,intersection,meteo,collision,nb_vehicules,nb_usagers,nb_indemnes,nb_tues,nb_blesses_hosp,nb_blesses_legers,age_cond_1,age_cond_2,veh_type_cond_1,veh_type_cond_2,lum_code,agg_code,int_code,atm_code,col_code
200700057758,0007-09-25 09:10:00,7,9,25,9,10,830,123,"000, ESTIENNE D'ORVES (B",,,Plein jour,En agglomération,Hors intersection,Temps éblouissant,Autre collision,,,,,,,,,,,1,2,1,7,6
200700057759,0007-09-26 00:40:00,7,9,26,0,40,830,129,"000, PLAYES (ROCADE DES)",,,Nuit avec éclairage allumé,En agglomération,Hors intersection,Normale,Sans collision,,,,,,,,,,,5,2,1,1,7
200700057760,0007-09-15 13:10:00,7,9,15,13,10,830,9,"240, LIBERATION (AVENUE",,,Plein jour,En agglomération,Hors intersection,Normale,Deux véhicules - côté,,,,,,,,,,,1,2,1,1,3
200700057761,0007-09-27 08:45:00,7,9,27,8,45,830,123,"000, ESTIENNE D'ORVES (B",,,Plein jour,En agglomération,Hors intersection,Normale,Autre collision,,,,,,,,,,,1,2,1,1,6
200700057762,0007-09-04 13:00:00,7,9,4,13,0,830,126,"453, VERLAQUE (AV NOEL )",,,Plein jour,En agglomération,Hors intersection,Normale,Deux véhicules - côté,,,,,,,,,,,1,2,1,1,3
200700057763,0007-09-06 19:20:00,7,9,6,19,20,830,126,GAGARINE (AV YOURI),,,Plein jour,En agglomération,Hors intersection,Normale,Deux véhicules - arrière,,,,,,,,,,,1,2,1,1,2
200700057764,0007-09-10 13:40:00,7,9,10,13,40,830,126,ALLENDE (AV. SALVADOR),,,Plein jour,En agglomération,Intersection en X,Normale,Deux véhicules - côté,,,,,,,,,,,1,2,2,1,3
200700057765,0007-09-16 13:10:00,7,9,16,13,10,830,126,", ALLENDE (AV. SALVADOR)",,,Plein jour,En agglomération,Intersection en T,Normale,Deux véhicules - côté,,,,,,,,,,,1,2,3,1,3
200700057766,0007-09-16 17:15:00,7,9,16,17,15,830,126,"0, EUROPE (BD DE L')",,,Plein jour,En agglomération,Hors intersection,Normale,Autre collision,,,,,,,,,,,1,2,1,1,6
200700057767,0007-09-18 11:45:00,7,9,18,11,45,830,126,"0, GIOVANNINI (CORNICHE",,,Plein jour,En agglomération,Hors intersection,Normale,Deux véhicules - arrière,,,,,,,,,,,1,2,1,1,2
200700057768,0007-09-27 16:20:00,7,9,27,16,20,830,126,"0, MISTRAL (AV FREDERIC)",,,Plein jour,En agglomération,Intersection en T,Normale,Deux véhicules - côté,,,,,,,,,,,1,2,3,1,3
200700057769,0007-09-28 18:35:00,7,9,28,18,35,830,126,"0, LA SEYNE A BASTIAN (C",,,Plein jour,En agglomération,Intersection en T,Normale,Deux véhicules - côté,,,,,,,,,,,1,2,3,1,3
200700057770,0007-09-01 01:10:00,7,9,1,1,10,830,137,DE LATTRE DE TASSIGNY (A,,,Nuit avec éclairage allumé,En agglomération,Hors intersection,Normale,Deux véhicules - arrière,,,,,,,,,,,5,2,1,1,2
200700057771,0007-09-01 19:45:00,7,9,1,19,45,830,137,ESCAILLON (BD DE L'),,,Plein jour,En agglomération,Intersection en T,Normale,Autre collision,,,,,,,,,,,1,2,3,1,6
200700057772,0007-09-07 23:25:00,7,9,7,23,25,830,137,"79, BAZEILLES (BD / ROND",,,Nuit avec éclairage allumé,En agglomération,Hors intersection,Normale,Autre collision,,,,,,,,,,,5,2,1,1,6
200700057773,0007-09-04 21:00:00,7,9,4,21,0,830,137,CUZIN (AVE FRANCOIS),,,Nuit avec éclairage allumé,En agglomération,Intersection en T,Normale,Deux véhicules - frontale,,,,,,,,,,,5,2,3,1,1
200700057774,0007-09-07 18:15:00,7,9,7,18,15,830,137,BAZEILLES (BD / ROND POI,,,Plein jour,En agglomération,Hors intersection,Normale,Autre collision,,,,,,,,,,,1,2,1,1,6
200700057775,0007-09-10 06:35:00,7,9,10,6,35,830,137,BAZEILLES (BD / ROND POI,,,Nuit avec éclairage allumé,En agglomération,Intersection à plus de 4 branches,Normale,Deux véhicules - côté,,,,,,,,,,,5,2,5,1,3
200700057776,0007-09-06 06:40:00,7,9,6,6,40,830,137,BRIAND (AVE ARISTIDE DE,,,Plein jour,En agglomération,Hors intersection,Normale,Deux véhicules - côté,,,,,,,,,,,1,2,1,1,3
200700057777,0007-09-06 16:40:00,7,9,6,16,40,830,62,"309, HUIT MAI 1945 (AVEN",,,Plein jour,En agglomération,Autre intersection,Normale,Autre collision,,,,,,,,,,,1,2,9,1,6
200700057778,0007-09-10 16:00:00,7,9,10,16,0,830,137,"1279, BRIAND (AVE ARISTI",,,Plein jour,En agglomération,Hors intersection,Normale,Deux véhicules - arrière,,,,,,,,,,,1,2,1,1,2
200700057779,0007-09-12 18:30:00,7,9,12,18,30,830,137,LYAUTEY (AVE MARECHAL),,,Plein jour,En agglomération,Intersection en X,Normale,Deux véhicules - côté,,,,,,,,,,,1,2,2,1,3
200700057780,0007-09-07 16:00:00,7,9,7,16,0,830,137,"401, 15EME CORPS (AVE DU",,,Plein jour,En agglomération,Hors intersection,Normale,Deux véhicules - arrière,,,,,,,,,,,1,2,1,1,2
200700057781,0007-09-13 16:15:00,7,9,13,16,15,830,137,MARSEILLE (ROUTE DE),,,Plein jour,En agglomération,Hors intersection,Normale,Autre collision,,,,,,,,,,,1,2,1,1,6
200700057782,0007-09-10 20:35:00,7,9,10,20,35,830,137,CLEMENCEAU (BD GEORGES),,,Nuit avec éclairage allumé,En agglomération,Hors intersection,Normale,Deux véhicules - côté,,,,,,,,,,,5,2,1,1,3
200700057783,0007-09-08 22:00:00,7,9,8,22,0,830,137,GOURAUD (AVE GENERAL),,,Nuit avec éclairage allumé,En agglomération,Hors intersection,Normale,Deux véhicules - arrière,,,,,,,,,,,5,2,1,1,2
200700057784,0007-09-12 15:40:00,7,9,12,15,40,830,62,"435, DUCLOS (AVENUE JACQ",,,Plein jour,En agglomération,Hors intersection,Normale,Autre collision,,,,,,,,,,,1,2,1,1,6
200700057785,0007-09-13 18:00:00,7,9,13,18,0,830,137,INFANTERIE DE MARINE (AV,,,Plein jour,Hors agglomération,Hors intersection,Normale,Autre collision,,,,,,,,,,,1,1,1,1,6
200700057786,0007-09-11 17:30:00,7,9,11,17,30,830,137,CD 46 (DEBUT TLN A ARTHE,,,Plein jour,Hors agglomération,Hors intersection,Normale,Autre collision,,,,,,,,,,,1,1,1,1,6
200700057787,0007-09-15 04:19:00,7,9,15,4,19,830,62,DE LATTRE DE TASSIGNY (A,,,Nuit avec éclairage allumé,En agglomération,Hors intersection,Normale,Autre collision,,,,,,,,,,,5,2,1,1,6
200700057788,0007-09-17 10:20:00,7,9,17,10,20,830,144,PICASSO (AVE PABLO),,,Plein jour,En agglomération,Intersection en X,Normale,Deux véhicules - arrière,,,,,,,,,,,1,2,2,1,2
200700057789,0007-09-12 10:35:00,7,9,12,10,35,830,137,"440, JOFFRE (BD MARECHAL",,,Plein jour,En agglomération,Intersection en T,Normale,Autre collision,,,,,,,,,,,1,2,3,1,6
200700057790,0007-09-18 21:15:00,7,9,18,21,15,830,137,BRIAND (AVE ARISTIDE DE,,,Nuit avec éclairage allumé,En agglomération,Place,Normale,Deux véhicules - côté,,,,,,,,,,,5,2,7,1,3
200700057791,0007-09-19 13:30:00,7,9,19,13,30,830,90,"622, GORGES (ROUTE DES)",,,Plein jour,Hors agglomération,Intersection en T,Normale,Deux véhicules - côté,,,,,,,,,,,1,1,3,1,3
200700057792,0007-09-20 19:00:00,7,9,20,19,0,830,137,GUIOL (RUE ADOLPHE),,,Plein jour,En agglomération,Intersection en X,Normale,Autre collision,,,,,,,,,,,1,2,2,1,6
200700057793,0007-09-18 07:50:00,7,9,18,7,50,830,137,ROUTES (AVE DES),,,Plein jour,En agglomération,Intersection en Y,Normale,Autre collision,,,,,,,,,,,1,2,4,1,6
200700057794,0007-09-11 09:00:00,7,9,11,9,0,830,137,EUGOUTIER (QUAI DE L'),,,Plein jour,En agglomération,Hors intersection,Normale,Autre collision,,,,,,,,,,,1,2,1,1,6
200700057795,0007-09-18 13:10:00,7,9,18,13,10,830,144,PICASSO (AVE PABLO),,,Plein jour,En agglomération,Hors intersection,Normale,Autre collision,,,,,,,,,,,1,2,1,1,6
200700057796,0007-09-25 17:00:00,7,9,25,17,0,830,137,BALLES (PLACE MAITRE GUS,,,Plein jour,En agglomération,Hors intersection,Normale,Autre collision,,,,,,,,,,,1,2,1,1,6
200700057797,0007-09-22 15:05:00,7,9,22,15,5,830,137,FOCH (AVE DU MARECHAL),,,Plein jour,En agglomération,Intersection en T,Normale,Deux véhicules - côté,,,,,,,,,,,1,2,3,1,3
200700057798,0007-09-26 07:55:00,7,9,26,7,55,830,90,SEYNE (ROUTE DE LA),,,Plein jour,En agglomération,Hors intersection,Normale,Deux véhicules - côté,,,,,,,,,,,1,2,1,1,3
200700057799,0007-09-24 15:15:00,7,9,24,15,15,830,144,"1, CHAR VERDUN (AVE DU)",,,Plein jour,En agglomération,Hors intersection,Normale,Autre collision,,,,,,,,,,,1,2,1,1,6
200700057800,0007-09-24 18:15:00,7,9,24,18,15,830,144,"NEANT, UNIVERSITE",,,Plein jour,Hors agglomération,Hors intersection,Normale,Autre collision,,,,,,,,,,,1,1,1,1,6
200700057801,0007-09-24 10:00:00,7,9,24,10,0,830,137,TIRAILLEURS ALGERIENS (A,,,Plein jour,En agglomération,Hors intersection,Normale,Deux véhicules - côté,,,,,,,,,,,1,2,1,1,3
200700057802,0007-09-28 17:45:00,7,9,28,17,45,830,137,PICON (BD LOUIS),,,Plein jour,En agglomération,Intersection en X,Normale,Deux véhicules - côté,,,,,,,,,,,1,2,2,1,3
200700057803,0007-09-20 12:10:00,7,9,20,12,10,830,90,FAVEYROLLES (ROUTE DE),,,Plein jour,Hors agglomération,Intersection en T,Normale,Trois véhicules et plus - collisions multiples,,,,,,,,,,,1,1,3,1,5
200700057804,0007-09-19 09:40:00,7,9,19,9,40,830,137,CD 46 DE 1930 A FIN (VAL,,,Plein jour,Hors agglomération,Hors intersection,Normale,Deux véhicules - côté,,,,,,,,,,,1,1,1,1,3
200700057805,0007-09-29 18:00:00,7,9,29,18,0,830,144,UNIVERSITE (AVE DE L'),,,Plein jour,En agglomération,Autre intersection,Normale,Deux véhicules - côté,,,,,,,,,,,1,2,9,1,3
200700057806,0007-09-30 11:45:00,7,9,30,11,45,830,137,FORGENTIER (CHEMIN DE),,,Plein jour,En agglomération,Hors intersection,Normale,Deux véhicules - côté,,,,,,,,,,,1,2,1,1,3
200700057807,0007-09-24 08:50:00,7,9,24,8,50,830,137,"0, DARDANELLES (AVE DES)",,,Plein jour,En agglomération,Intersection en X,Normale,Autre collision,,,,,,,,,,,1,2,2,1,6
200700057808,0007-09-02 19:40:00,7,9,2,19,40,830,144,NATIONALE 97 (ROUTE),,,Plein jour,Hors agglomération,Hors intersection,Normale,Deux véhicules - frontale,,,,,,,,,,,1,1,1,1,1
200700057809,0007-09-13 17:35:00,7,9,13,17,35,830,137,ROOSEVELT (AVE FRANKLIN),,,Plein jour,En agglomération,Intersection en T,Normale,Deux véhicules - côté,,,,,,,,,,,1,2,3,1,3
200700057810,0007-09-06 11:59:00,7,9,6,11,59,830,62,BARBUSSE (AVENUE HENRI),,,Plein jour,En agglomération,Hors intersection,Temps éblouissant,Autre collision,,,,,,,,,,,1,2,1,7,6
200700057811,0007-09-19 12:45:00,7,9,19,12,45,830,137,GOURAUD (AVE GENERAL),,,Plein jour,En agglomération,Intersection en T,Normale,Deux véhicules - côté,,,,,,,,,,,1,2,3,1,3
200700057812,0007-09-14 15:00:00,7,9,14,15,0,830,137,BLACHE (PLACE NOEL),,,Plein jour,En agglomération,Hors intersection,Normale,Deux véhicules - côté,,,,,,,,,,,1,2,1,1,3
200700057813,0007-09-27 17:50:00,7,9,27,17,50,830,137,PICOT (AVE DU COLONEL),,,Plein jour,En agglomération,Hors intersection,Normale,Trois véhicules et plus - en chaîne,,,,,,,,,,,1,2,1,1,4
200700057814,0007-09-25 07:55:00,7,9,25,7,55,830,137,CAMUS (AVE ALBERT),,,Plein jour,En agglomération,Hors intersection,Normale,Autre collision,,,,,,,,,,,1,2,1,1,6
200700057815,0007-09-02 02:20:00,7,9,2,2,20,840,7,C.De GAULLE (Rocade),,,Nuit avec éclairage allumé,En agglomération,Intersection en T,Normale,Autre collision,,,,,,,,,,,5,2,3,1,6
200700057816,0007-09-08 09:00:00,7,9,8,9,0,840,7,MONTFAVET (Route),,,Plein jour,En agglomération,Hors intersection,Normale,Deux véhicules - côté,,,,,,,,,,,1,2,1,1,3
200700057817,0007-09-08 14:00:00,7,9,8,14,0,840,7,C.De GAULLE (Rocade),,,Plein jour,En agglomération,Hors intersection,Normale,Deux véhicules - côté,,,,,,,,,,,1,2,1,1,3
200700057818,0007-09-09 06:25:00,7,9,9,6,25,840,7,"28, SAINT MICHEL (Boulev",,,Nuit avec éclairage allumé,En agglomération,Hors intersection,Normale,Autre collision,,,,,,,,,,,5,2,1,1,6
200700057819,0007-09-11 12:35:00,7,9,11,12,35,840,7,C.De GAULLE (Rocade),,,Plein jour,En agglomération,Hors intersection,Normale,Autre collision,,,,,,,,,,,1,2,1,1,6
200700057820,0007-09-10 18:30:00,7,9,10,18,30,840,7,TARASCON ( Avenue de),,,Plein jour,En agglomération,Intersection en X,Normale,Deux véhicules - côté,,,,,,,,,,,1,2,2,1,3
200700057821,0007-09-12 15:30:00,7,9,12,15,30,840,7,C.De GAULLE (Rocade),,,Plein jour,En agglomération,Hors intersection,Normale,Deux véhicules - côté,,,,,,,,,,,1,2,1,1,3
200700057822,0007-09-13 15:50:00,7,9,13,15,50,840,7,"2, LIMBERT (Boulevard)",,,Plein jour,Hors agglomération,Hors intersection,Normale,Deux véhicules - côté,,,,,,,,,,,1,1,1,1,3
200700057823,0007-09-14 17:20:00,7,9,14,17,20,840,7,"42, SAINT MICHEL (Boulev",,,Plein jour,En agglomération,Hors intersection,Normale,Autre collision,,,,,,,,,,,1,2,1,1,6
200700057824,0007-09-15 14:50:00,7,9,15,14,50,840,7,OULLE (Allées de l'),,,Plein jour,En agglomération,Hors intersection,Normale,Autre collision,,,,,,,,,,,1,2,1,1,6
200700057825,0007-09-18 20:30:00,7,9,18,20,30,840,7,"11, SOULIER (BD Denis)",,,Nuit avec éclairage allumé,En agglomération,Hors intersection,Normale,Deux véhicules - côté,,,,,,,,,,,5,2,1,1,3
200700057826,0007-09-21 11:20:00,7,9,21,11,20,840,7,"11, RASPAIL (boulevard)",,,Plein jour,En agglomération,Hors intersection,Normale,Deux véhicules - côté,,,,,,,,,,,1,2,1,1,3
200700057827,0007-09-24 18:30:00,7,9,24,18,30,840,7,"968, AMANDIER (Avenue de",,,Plein jour,En agglomération,Hors intersection,Normale,Deux véhicules - frontale,,,,,,,,,,,1,2,1,1,1
200700057828,0007-09-27 08:00:00,7,9,27,8,0,840,7,REALPANIER (Rond point d,,,Plein jour,En agglomération,Hors intersection,Normale,Deux véhicules - côté,,,,,,,,,,,1,2,1,1,3
200700057829,0007-09-28 23:15:00,7,9,28,23,15,840,7,"74, SAINT RUF (Avenue)",,,Nuit avec éclairage non allumé,En agglomération,Hors intersection,Normale,Autre collision,,,,,,,,,,,4,2,1,1,6
200700057830,0007-09-29 14:55:00,7,9,29,14,55,840,7,SAINT MICHEL (Boulevard),,,Plein jour,En agglomération,Autre intersection,Normale,Autre collision,,,,,,,,,,,1,2,9,1,6
200700057831,0007-09-30 08:35:00,7,9,30,8,35,840,7,TARASCON ( Avenue de),,,Plein jour,En agglomération,Hors intersection,Normale,Sans collision,,,,,,,,,,,1,2,1,1,7
200700057832,0007-09-03 11:15:00,7,9,3,11,15,840,35,"000, GAMBETTA (COURS LEO",,,Plein jour,En agglomération,Intersection en X,Normale,Deux véhicules - côté,,,,,,,,,,,1,2,2,1,3
200700057833,0007-09-06 23:10:00,7,9,6,23,10,840,35,"1962, RD.22",,,Nuit sans éclairage public,Hors agglomération,Hors intersection,Normale,Deux véhicules - frontale,,,,,,,,,,,3,1,1,1,1
200700057834,0007-09-12 09:25:00,7,9,12,9,25,840,35,RD.22,,,Plein jour,Hors agglomération,Hors intersection,Normale,Deux véhicules - côté,,,,,,,,,,,1,1,1,1,3
200700057835,0007-09-26 12:20:00,7,9,26,12,20,840,35,"1, FOLLEREAU (AVENUE RAO",,,Plein jour,En agglomération,Intersection à plus de 4 branches,Normale,Deux véhicules - frontale,,,,,,,,,,,1,2,5,1,1
200700057836,0007-09-19 15:15:00,7,9,19,15,15,840,87,ROUTE DE ROQUEMAURE,,,Plein jour,Hors agglomération,Intersection en T,Normale,Deux véhicules - frontale,,,,,,,,,,,1,1,3,1,1
200700057837,0007-09-21 17:20:00,7,9,21,17,20,840,87,"469, FOCH (AVENUE MARECH",,,Plein jour,En agglomération,Hors intersection,Normale,Sans collision,,,,,,,,,,,1,2,1,1,7
200700057838,0007-09-20 11:35:00,7,9,20,11,35,840,87,"539, TASSIGNY (AVENUE DE",,,Plein jour,En agglomération,Hors intersection,Normale,Deux véhicules - côté,,,,,,,,,,,1,2,1,1,3
200700057839,0007-09-22 12:25:00,7,9,22,12,25,840,87,", BRIAND (COURS ARISTIDE",,,Plein jour,En agglomération,Place,Normale,Deux véhicules - côté,,,,,,,,,,,1,2,7,1,3
200700057840,0007-09-26 10:00:00,7,9,26,10,0,840,87,"1, GAULLE (AVENUE CHARLE",,,Plein jour,En agglomération,Intersection en X,Normale,Autre collision,,,,,,,,,,,1,2,2,1,6
200700057841,0007-09-27 04:20:00,7,9,27,4,20,840,87,", ROUTE DE CADEROUSSE",,,Nuit sans éclairage public,Hors agglomération,Hors intersection,Normale,Autre collision,,,,,,,,,,,3,1,1,1,6
200700057842,0007-09-18 21:35:00,7,9,18,21,35,840,89,"1, 973 (CHEMIN DEPARTEME",,,Nuit sans éclairage public,Hors agglomération,Hors intersection,Normale,Deux véhicules - côté,,,,,,,,,,,3,1,1,1,3
200700057843,0007-09-15 12:20:00,7,9,15,12,20,850,191,"1, FLANERIES ROND-POINT",,,Plein jour,En agglomération,Hors intersection,Normale,Deux véhicules - arrière,,,,,,,,,,,1,2,1,1,2
200700057844,0007-09-25 08:10:00,7,9,25,8,10,850,191,BRANLY BOULEVARD EDOUARD,,,Plein jour,En agglomération,Hors intersection,Normale,Autre collision,,,,,,,,,,,1,2,1,1,6
200700057845,0007-09-29 15:32:00,7,9,29,15,32,850,191,"0, MARTIN BOULEVARD LEON",,,Plein jour,En agglomération,Hors intersection,Normale,Sans collision,,,,,,,,,,,1,2,1,1,7
200700057846,0007-09-07 07:50:00,7,9,7,7,50,850,194,LANDRIEAU (RUE ERNEST),,,Plein jour,En agglomération,Giratoire,Normale,Sans collision,,,,,,,,,,,1,2,6,1,7
200700057847,0007-09-07 10:15:00,7,9,7,10,15,850,194,TABARLY (BOULEVARD ERIC),,,Plein jour,En agglomération,Hors intersection,Normale,Trois véhicules et plus - en chaîne,,,,,,,,,,,1,2,1,1,4
200700057848,0007-09-12 21:00:00,7,9,12,21,0,850,194,CASTELNEAU (BOULEVARD DE,,,Nuit avec éclairage allumé,En agglomération,Intersection en X,Normale,Deux véhicules - côté,,,,,,,,,,,5,2,2,1,3
200700057849,0007-09-18 22:15:00,7,9,18,22,15,850,194,SCHWEITZER (RUE DU DOCTE,,,Nuit avec éclairage allumé,En agglomération,Intersection en X,Normale,Deux véhicules - côté,,,,,,,,,,,5,2,2,1,3
200700057850,0007-09-19 00:30:00,7,9,19,0,30,850,194,RD 949,,,Nuit sans éclairage public,En agglomération,Hors intersection,Normale,Autre collision,,,,,,,,,,,3,2,1,1,6
200700057851,0007-09-19 19:50:00,7,9,19,19,50,850,194,"225, TALMONT (AVENUE DE)",,,Plein jour,En agglomération,Hors intersection,Normale,Deux véhicules - côté,,,,,,,,,,,1,2,1,1,3
200700057852,0007-09-21 16:10:00,7,9,21,16,10,850,194,"39, COLBERT (AVENUE)",,,Plein jour,En agglomération,Hors intersection,Normale,Deux véhicules - côté,,,,,,,,,,,1,2,1,1,3
200700057853,0007-09-21 16:45:00,7,9,21,16,45,850,194,BONNE VIERGE (RUE DE LA),,,Plein jour,En agglomération,Hors intersection,Normale,Deux véhicules - frontale,,,,,,,,,,,1,2,1,1,1
200700057854,0007-09-26 16:05:00,7,9,26,16,5,850,194,"10, VIVIER (RUE DU)",,,Plein jour,En agglomération,Hors intersection,Normale,Deux véhicules - côté,,,,,,,,,,,1,2,1,1,3
200700057855,0007-09-28 17:00:00,7,9,28,17,0,850,194,"11, GAULLE (RUE CHARLES",,,Plein jour,En agglomération,Hors intersection,Normale,Deux véhicules - côté,,,,,,,,,,,1,2,1,1,3
200700057856,0007-09-29 09:15:00,7,9,29,9,15,850,194,JAURES (AVENUE JEAN),,,Plein jour,En agglomération,Intersection en X,Normale,Deux véhicules - côté,,,,,,,,,,,1,2,2,1,3
200700057857,0007-09-02 23:05:00,7,9,2,23,5,860,194,"., JEAN RICHARD BLOCH (R",,,Nuit avec éclairage allumé,En agglomération,Intersection en X,Normale,Deux véhicules - côté,,,,,,,,,,,5,2,2,1,3
200700057858,0007-09-03 11:43:00,7,9,3,11,43,860,194,"37, GIBAUDERIE (RUE DE L",,,Plein jour,En agglomération,Hors intersection,Normale,Autre collision,,,,,,,,,,,1,2,1,1,6
200700057859,0007-09-06 13:10:00,7,9,6,13,10,860,214,11 NOVEMBRE (AVENUE DU),,,Plein jour,En agglomération,Hors intersection,Normale,Trois véhicules et plus - en chaîne,,,,,,,,,,,1,2,1,1,4
200700057860,0007-09-08 15:20:00,7,9,8,15,20,860,158,RD 347,,,Plein jour,Hors agglomération,Hors intersection,Normale,Trois véhicules et plus - en chaîne,,,,,,,,,,,1,1,1,1,4
200700057861,0007-09-08 15:50:00,7,9,8,15,50,860,194,"29, JONCS (RUE DES)",,,Plein jour,En agglomération,Hors intersection,Normale,Trois véhicules et plus - en chaîne,,,,,,,,,,,1,2,1,1,4
200700057862,0007-09-10 18:55:00,7,9,10,18,55,860,194,RN 147,,,Plein jour,Hors agglomération,Intersection en X,Normale,Deux véhicules - côté,,,,,,,,,,,1,1,2,1,3
200700057863,0007-09-11 15:55:00,7,9,11,15,55,860,194,"58, PONT JOUBERT (BOULEV",,,Plein jour,En agglomération,Hors intersection,Normale,Deux véhicules - arrière,,,,,,,,,,,1,2,1,1,2
200700057864,0007-09-11 22:45:00,7,9,11,22,45,860,194,"75/77, LIBERATION (AVENU",,,Nuit avec éclairage allumé,En agglomération,Intersection en T,Normale,Deux véhicules - côté,,,,,,,,,,,5,2,3,1,3
200700057865,0007-09-13 11:50:00,7,9,13,11,50,860,194,ROCADE EST (RD 162),,,Plein jour,En agglomération,Hors intersection,Normale,Deux véhicules - côté,,,,,,,,,,,1,2,1,1,3
200700057866,0007-09-13 14:50:00,7,9,13,14,50,860,194,"., NIMEGUE (RUE DE)",,,Plein jour,En agglomération,Intersection en X,Normale,Deux véhicules - côté,,,,,,,,,,,1,2,2,1,3
200700057867,0007-09-14 10:50:00,7,9,14,10,50,860,194,8 MAI 1945 (AVENUE DU),,,Plein jour,En agglomération,Hors intersection,Normale,Autre collision,,,,,,,,,,,1,2,1,1,6
200700057868,0007-09-15 18:00:00,7,9,15,18,0,860,194,"44, WINSTON CHURCHILL (A",,,Plein jour,En agglomération,Hors intersection,Normale,Autre collision,,,,,,,,,,,1,2,1,1,6
200700057869,0007-09-21 04:10:00,7,9,21,4,10,860,194,"56 bis, GENCAY (ROUTE DE",,,Nuit avec éclairage allumé,En agglomération,Hors intersection,Normale,Deux véhicules - côté,,,,,,,,,,,5,2,1,1,3
200700057870,0007-09-24 10:15:00,7,9,24,10,15,860,194,"., RENE CASSIN (BOULEVAR",,,Plein jour,En agglomération,Intersection en T,Normale,Deux véhicules - côté,,,,,,,,,,,1,2,3,1,3
200700057871,0007-09-24 12:15:00,7,9,24,12,15,860,194,"., PARTHENAY (Rte de) (R",,,Plein jour,En agglomération,Hors intersection,Pluie légère,Deux véhicules - côté,,,,,,,,,,,1,2,1,2,3
200700057872,0007-09-24 14:10:00,7,9,24,14,10,860,88,RN.10,,,Plein jour,Hors agglomération,Hors intersection,Pluie légère,Deux véhicules - arrière,,,,,,,,,,,1,1,1,2,2
200700057873,0007-09-25 13:50:00,7,9,25,13,50,860,194,"35, RECTEUR PINEAU (AVEN",,,Plein jour,En agglomération,Hors intersection,Normale,Sans collision,,,,,,,,,,,1,2,1,1,7
200700057874,0007-09-26 17:10:00,7,9,26,17,10,860,194,"9, NORTHAMPTON (AVENUE D",,,Plein jour,En agglomération,Hors intersection,Pluie légère,Deux véhicules - arrière,,,,,,,,,,,1,2,1,2,2
200700057875,0007-09-29 05:10:00,7,9,29,5,10,860,194,"46, ANATOLE FRANCE (BOUL",,,Nuit avec éclairage allumé,En agglomération,Hors intersection,Normale,Deux véhicules - arrière,,,,,,,,,,,5,2,1,1,2
200700057876,0007-09-29 05:20:00,7,9,29,5,20,860,158,POITIERS (RUE DE),,,Nuit avec éclairage allumé,En agglomération,Intersection en X,Normale,Autre collision,,,,,,,,,,,5,2,2,1,6
200700057877,0007-09-29 21:00:00,7,9,29,21,0,860,194,ROCADE OUEST (RN10),,,Nuit avec éclairage allumé,En agglomération,Intersection en X,Normale,Deux véhicules - côté,,,,,,,,,,,5,2,2,1,3
200700057878,0007-09-01 18:50:00,7,9,1,18,50,870,50,GARDE (LIEU DIT LA),,,Plein jour,En agglomération,Hors intersection,Normale,Deux véhicules - côté,,,,,,,,,,,1,2,1,1,3
200700057879,0007-09-01 21:59:00,7,9,1,21,59,870,85,"6, LAGRANGE (RUE LOUIS)",,,Nuit avec éclairage non allumé,En agglomération,Hors intersection,Normale,Autre collision,,,,,,,,,,,4,2,1,1,6
200700057880,0007-09-04 13:55:00,7,9,4,13,55,870,85,"33, ROUSSILLON (AVENUE D",,,Plein jour,En agglomération,Hors intersection,Normale,Autre collision,,,,,,,,,,,1,2,1,1,6
200700057881,0007-09-05 14:24:00,7,9,5,14,24,870,85,"8, LOUVRIER DE LAJOLAIS",,,Plein jour,En agglomération,Hors intersection,Normale,Autre collision,,,,,,,,,,,1,2,1,1,6
200700057882,0007-09-06 11:51:00,7,9,6,11,51,870,114,"6, AURIOL (AVENUE DU PDT",,,Plein jour,En agglomération,Hors intersection,Normale,Deux véhicules - arrière,,,,,,,,,,,1,2,1,1,2
200700057883,0007-09-06 17:06:00,7,9,6,17,6,870,85,"126, LABUSSIERE (AVENUE",,,Plein jour,En agglomération,Hors intersection,Normale,Autre collision,,,,,,,,,,,1,2,1,1,6
200700057884,0007-09-07 23:11:00,7,9,7,23,11,870,85,"16, DELESCLUZE (RUE)",,,Nuit avec éclairage allumé,En agglomération,Hors intersection,Normale,Autre collision,,,,,,,,,,,5,2,1,1,6
200700057885,0007-09-08 04:04:00,7,9,8,4,4,870,85,"9, CITE (BOULEVARD)",,,Nuit avec éclairage allumé,En agglomération,Hors intersection,Normale,Deux véhicules - côté,,,,,,,,,,,5,2,1,1,3
200700057886,0007-09-08 11:53:00,7,9,8,11,53,870,85,"31, LATTRE-DE-TASSIGNY (",,,Plein jour,En agglomération,Hors intersection,Normale,Sans collision,,,,,,,,,,,1,2,1,1,7
200700057887,0007-09-08 17:22:00,7,9,8,17,22,870,85,"17, GARIBALDI (AVENUE)",,,Plein jour,En agglomération,Hors intersection,Normale,Deux véhicules - arrière,,,,,,,,,,,1,2,1,1,2
200700057888,0007-09-09 05:56:00,7,9,9,5,56,870,85,"1, GOUJAUD (QUAI LOUIS)",,,Nuit avec éclairage non allumé,En agglomération,Intersection en T,Normale,Deux véhicules - côté,,,,,,,,,,,4,2,3,1,3
200700057889,0007-09-11 17:44:00,7,9,11,17,44,870,85,"102, SAINTE CLAIRE (RUE)",,,Plein jour,En agglomération,Intersection en X,Normale,Deux véhicules - côté,,,,,,,,,,,1,2,2,1,3