accident_id,datetime,annee,mois,jour,heure,minute,departement,commune_insee,adresse,latitude,longitude,luminosite,agglomeration,intersection,meteo,collision,nb_vehicules,nb_usagers,nb_indemnes,nb_tues,nb_blesses_hosp,nb_blesses_legers,age_cond_1,age_cond_2,veh_type_cond_1,veh_type_cond_2,lum_code,agg_code,int_code,atm_code,col_code
200700057890,0007-09-11 18:07:00,7,9,11,18,7,870,85,"13, DUMAS (AVENUE GEORGE",,,Plein jour,En agglomération,Hors intersection,Normale,Deux véhicules - frontale,,,,,,,,,,,1,2,1,1,1
200700057891,0007-09-11 18:51:00,7,9,11,18,51,870,85,"15, ISLY (RUE D')",,,Plein jour,En agglomération,Hors intersection,Normale,Deux véhicules - côté,,,,,,,,,,,1,2,1,1,3
200700057892,0007-09-11 19:55:00,7,9,11,19,55,870,85,RD941,,,Plein jour,Hors agglomération,Hors intersection,Normale,Trois véhicules et plus - collisions multiples,,,,,,,,,,,1,1,1,1,5
200700057893,0007-09-12 05:35:00,7,9,12,5,35,870,85,"16, DOMNOLET LAFARGE (RU",,,Nuit avec éclairage allumé,En agglomération,Hors intersection,Normale,Sans collision,,,,,,,,,,,5,2,1,1,7
200700057894,0007-09-12 16:47:00,7,9,12,16,47,870,85,"116, TOULOUSE (RUE DE)",,,Plein jour,En agglomération,Hors intersection,Normale,Autre collision,,,,,,,,,,,1,2,1,1,6
200700057895,0007-09-13 12:01:00,7,9,13,12,1,870,85,"16, NAVEIX (RUE DU)",,,Plein jour,En agglomération,Hors intersection,Normale,Sans collision,,,,,,,,,,,1,2,1,1,7
200700057896,0007-09-14 12:24:00,7,9,14,12,24,870,85,"70, SILVESTRE (RUE CHARL",,,Plein jour,En agglomération,Hors intersection,Normale,Autre collision,,,,,,,,,,,1,2,1,1,6
200700057897,0007-09-14 16:32:00,7,9,14,16,32,870,85,"44, BOURNEVILLE (RUE DE)",,,Plein jour,En agglomération,Hors intersection,Normale,Deux véhicules - côté,,,,,,,,,,,1,2,1,1,3
200700057898,0007-09-14 16:12:00,7,9,14,16,12,870,85,"35, HOCHE (RUE)",,,Plein jour,En agglomération,Intersection en T,Normale,Autre collision,,,,,,,,,,,1,2,3,1,6
200700057899,0007-09-17 10:00:00,7,9,17,10,0,870,85,"226, VANTEAUX (BOULEVARD",,,Plein jour,En agglomération,Hors intersection,Pluie légère,Trois véhicules et plus - en chaîne,,,,,,,,,,,1,2,1,2,4
200700057900,0007-09-18 07:38:00,7,9,18,7,38,870,75,"0, BABLET (RUE ANDRE)",,,Plein jour,En agglomération,Hors intersection,Pluie légère,Sans collision,,,,,,,,,,,1,2,1,2,7
200700057901,0007-09-18 22:21:00,7,9,18,22,21,870,85,"288, MAS-BOUYOL  (CITE E",,,Nuit avec éclairage allumé,En agglomération,Intersection en X,Normale,Deux véhicules - côté,,,,,,,,,,,5,2,2,1,3
200700057902,0007-09-19 08:44:00,7,9,19,8,44,870,85,"23, DUMAS (AVENUE GEORGE",,,Plein jour,En agglomération,Hors intersection,Normale,Autre collision,,,,,,,,,,,1,2,1,1,6
200700057903,0007-09-19 16:56:00,7,9,19,16,56,870,85,"4, BEAUBLANC (BOULEVARD",,,Plein jour,En agglomération,Hors intersection,Normale,Deux véhicules - arrière,,,,,,,,,,,1,2,1,1,2
200700057904,0007-09-19 20:25:00,7,9,19,20,25,870,85,"138, SAINT GENCE (RUE DE",,,Nuit avec éclairage allumé,En agglomération,Hors intersection,Normale,Autre collision,,,,,,,,,,,5,2,1,1,6
200700057905,0007-09-20 17:41:00,7,9,20,17,41,870,85,"56, JUIN (RUE DU MARECHA",,,Plein jour,En agglomération,Hors intersection,Normale,Sans collision,,,,,,,,,,,1,2,1,1,7
200700057906,0007-09-21 01:46:00,7,9,21,1,46,870,75,RD79,,,Nuit sans éclairage public,Hors agglomération,Hors intersection,Normale,Autre collision,,,,,,,,,,,3,1,1,1,6
200700057907,0007-09-21 07:39:00,7,9,21,7,39,870,50,"28, ROUZEIX ( route du)",,,Plein jour,Hors agglomération,Hors intersection,Normale,Deux véhicules - frontale,,,,,,,,,,,1,1,1,1,1
200700057908,0007-09-21 07:46:00,7,9,21,7,46,870,85,VALOINE (BOULEVARD DE LA,,,Plein jour,Hors agglomération,Hors intersection,Normale,Sans collision,,,,,,,,,,,1,1,1,1,7
200700057909,0007-09-21 07:53:00,7,9,21,7,53,870,85,"39, GAMBETTA (BOULEVARD)",,,Plein jour,En agglomération,Hors intersection,Normale,Deux véhicules - côté,,,,,,,,,,,1,2,1,1,3
200700057910,0007-09-21 12:44:00,7,9,21,12,44,870,85,"1, TOURNY (CARREFOUR)",,,Plein jour,En agglomération,Autre intersection,Normale,Autre collision,,,,,,,,,,,1,2,9,1,6
200700057911,0007-09-22 07:45:00,7,9,22,7,45,870,85,", DUTREIX (RUE ARMAND)",,,Plein jour,En agglomération,Hors intersection,Pluie forte,Trois véhicules et plus - collisions multiples,,,,,,,,,,,1,2,1,3,5
200700057912,0007-09-22 16:33:00,7,9,22,16,33,870,50,RD947,,,Plein jour,Hors agglomération,Hors intersection,Pluie forte,Autre collision,,,,,,,,,,,1,1,1,3,6
200700057913,0007-09-22 17:30:00,7,9,22,17,30,870,85,"2, JOFFRE (RUE DU MARECH",,,Plein jour,En agglomération,Intersection en T,Pluie légère,Deux véhicules - côté,,,,,,,,,,,1,2,3,2,3
200700057914,0007-09-22 18:10:00,7,9,22,18,10,870,75,RD79,,,Plein jour,Hors agglomération,Hors intersection,Pluie forte,Autre collision,,,,,,,,,,,1,1,1,3,6
200700057915,0007-09-21 18:10:00,7,9,21,18,10,870,85,CASSEAUX (ECHANGEUR),,,Plein jour,En agglomération,Hors intersection,Normale,Autre collision,,,,,,,,,,,1,2,1,1,6
200700057916,0007-09-23 01:00:00,7,9,23,1,0,870,75,RD79,,,Nuit sans éclairage public,Hors agglomération,Hors intersection,Normale,Autre collision,,,,,,,,,,,3,1,1,1,6
200700057917,0007-09-23 02:17:00,7,9,23,2,17,870,114,"51, PRESSEMANE (AVENUE A",,,Nuit avec éclairage allumé,Hors agglomération,Hors intersection,Pluie légère,Autre collision,,,,,,,,,,,5,1,1,2,6
200700057918,0007-09-23 18:56:00,7,9,23,18,56,870,85,"4, LE BAIL (RUE JEAN)",,,Plein jour,En agglomération,Hors intersection,Normale,Deux véhicules - côté,,,,,,,,,,,1,2,1,1,3
200700057919,0007-09-24 17:01:00,7,9,24,17,1,870,85,"78, SAINT MARTIAL (QUAI)",,,Plein jour,En agglomération,Intersection en X,Pluie légère,Autre collision,,,,,,,,,,,1,2,2,2,6
200700057920,0007-09-25 07:17:00,7,9,25,7,17,870,85,"9, SAINTE CLAIRE (RUE)",,,Plein jour,En agglomération,Hors intersection,Normale,Deux véhicules - côté,,,,,,,,,,,1,2,1,1,3
200700057921,0007-09-25 16:20:00,7,9,25,16,20,870,85,"32, DUMAS (AVENUE GEORGE",,,Plein jour,En agglomération,Hors intersection,Pluie légère,Deux véhicules - arrière,,,,,,,,,,,1,2,1,2,2
200700057922,0007-09-25 17:25:00,7,9,25,17,25,870,85,"3, PERRIN (RUE FRANCOIS)",,,Plein jour,En agglomération,Hors intersection,Normale,Autre collision,,,,,,,,,,,1,2,1,1,6
200700057923,0007-09-26 02:31:00,7,9,26,2,31,870,85,"404, TOULOUSE (RUE DE)",,,Nuit avec éclairage allumé,En agglomération,Hors intersection,Normale,Autre collision,,,,,,,,,,,5,2,1,1,6
200700057924,0007-09-27 08:25:00,7,9,27,8,25,870,85,RD941,,,Plein jour,En agglomération,Hors intersection,Normale,Deux véhicules - arrière,,,,,,,,,,,1,2,1,1,2
200700057925,0007-09-28 09:35:00,7,9,28,9,35,870,85,"44, FUSTEL DE COULANGES",,,Plein jour,En agglomération,Intersection en T,Normale,Autre collision,,,,,,,,,,,1,2,3,1,6
200700057926,0007-09-28 07:47:00,7,9,28,7,47,870,85,RD941,,,Plein jour,En agglomération,Hors intersection,Normale,Deux véhicules - arrière,,,,,,,,,,,1,2,1,1,2
200700057927,0007-09-28 08:34:00,7,9,28,8,34,870,85,RD941,,,Plein jour,En agglomération,Hors intersection,Normale,Deux véhicules - arrière,,,,,,,,,,,1,2,1,1,2
200700057928,0007-09-28 14:03:00,7,9,28,14,3,870,85,"10, LILAS (BOULEVARD DES",,,Plein jour,En agglomération,Hors intersection,Normale,Deux véhicules - côté,,,,,,,,,,,1,2,1,1,3
200700057929,0007-09-28 19:01:00,7,9,28,19,1,870,85,"10, SOIXANTE ET ONZIEME",,,Plein jour,En agglomération,Intersection en X,Normale,Deux véhicules - frontale,,,,,,,,,,,1,2,2,1,1
200700057930,0007-09-29 19:14:00,7,9,29,19,14,870,85,BEAUBLANC (BOULEVARD DE),,,Plein jour,En agglomération,Intersection en T,Normale,Deux véhicules - côté,,,,,,,,,,,1,2,3,1,3
200700057931,0007-09-29 19:00:00,7,9,29,19,0,870,65,EYJEAUX (RUE D'),,,Plein jour,En agglomération,Hors intersection,Pluie légère,Autre collision,,,,,,,,,,,1,2,1,2,6
200700057932,0007-09-02 20:50:00,7,9,2,20,50,880,160,"43, SAINT-MICHEL (RUE)",,,Nuit avec éclairage allumé,En agglomération,Hors intersection,Normale,Deux véhicules - arrière,,,,,,,,,,,5,2,1,1,2
200700057933,0007-09-03 21:10:00,7,9,3,21,10,880,209,"0, LOUIS ARMAND (RUE)",,,Nuit avec éclairage allumé,En agglomération,Intersection en X,Pluie légère,Deux véhicules - côté,,,,,,,,,,,5,2,2,2,3
200700057934,0007-09-13 16:05:00,7,9,13,16,5,880,87,"46, PLEIN-SOLEIL (RESID.",,,Plein jour,En agglomération,Intersection en T,Normale,Deux véhicules - côté,,,,,,,,,,,1,2,3,1,3
200700057935,0007-09-14 12:45:00,7,9,14,12,45,880,160,Tranchée de Docelles,,,Plein jour,Hors agglomération,Hors intersection,Normale,Deux véhicules - côté,,,,,,,,,,,1,1,1,1,3
200700057936,0007-09-20 16:40:00,7,9,20,16,40,880,209,"00, JEAN-JACQUES ROUSSEA",,,Plein jour,En agglomération,Intersection en X,Normale,Deux véhicules - côté,,,,,,,,,,,1,2,2,1,3
200700057937,0007-09-26 07:55:00,7,9,26,7,55,880,209,"0, MOSELLE (RUE DE LA)",,,Plein jour,En agglomération,Hors intersection,Pluie légère,Deux véhicules - arrière,,,,,,,,,,,1,2,1,2,2
200700057938,0007-09-04 17:00:00,7,9,4,17,0,880,160,"45, LOGE-BLANCHE (AV. DE",,,Plein jour,En agglomération,Hors intersection,Normale,Deux véhicules - arrière,,,,,,,,,,,1,2,1,1,2
200700057939,0007-09-03 13:30:00,7,9,3,13,30,880,160,"08, BONS-ENFANTS (Q. DES",,,Plein jour,En agglomération,Hors intersection,Pluie légère,Autre collision,,,,,,,,,,,1,2,1,2,6
200700057940,0007-09-13 15:05:00,7,9,13,15,5,880,160,"0, Tranchée de Docelles",,,Plein jour,Hors agglomération,Hors intersection,Normale,Deux véhicules - arrière,,,,,,,,,,,1,1,1,1,2
200700057941,0007-09-17 07:30:00,7,9,17,7,30,880,209,"81, LECLERC ( RUE GENERA",,,Plein jour,En agglomération,Hors intersection,Normale,Deux véhicules - frontale,,,,,,,,,,,1,2,1,1,1
200700057942,0007-09-19 08:40:00,7,9,19,8,40,880,160,"6, GEORGES DE LA TOUR (R",,,Plein jour,En agglomération,Intersection en T,Normale,Deux véhicules - côté,,,,,,,,,,,1,2,3,1,3
200700057943,0007-09-11 08:40:00,7,9,11,8,40,880,409,CD 417,,,Plein jour,Hors agglomération,Hors intersection,Normale,Deux véhicules - frontale,,,,,,,,,,,1,1,1,1,1
200700057944,0007-09-22 15:45:00,7,9,22,15,45,880,429,"1, Rue du Rond Pré",,,Plein jour,En agglomération,Intersection en T,Normale,Deux véhicules - arrière,,,,,,,,,,,1,2,3,1,2
200700057945,0007-09-04 09:05:00,7,9,4,9,5,880,424,"882, Alsace ( Rue d ' )",,,Plein jour,En agglomération,Hors intersection,Normale,Autre collision,,,,,,,,,,,1,2,1,1,6
200700057946,0007-09-08 02:15:00,7,9,8,2,15,880,424,"706, Alsace ( Rue d ' )",,,Nuit avec éclairage allumé,En agglomération,Hors intersection,Brouillard / fumée,Autre collision,,,,,,,,,,,5,2,1,5,6
200700057947,0007-09-17 20:20:00,7,9,17,20,20,880,413,RN 59,,,Nuit sans éclairage public,Hors agglomération,Hors intersection,Pluie légère,Autre collision,,,,,,,,,,,3,1,1,2,6
200700057948,0007-09-27 15:45:00,7,9,27,15,45,880,413,Rond point Georges SAND,,,Plein jour,En agglomération,Hors intersection,Pluie légère,Deux véhicules - côté,,,,,,,,,,,1,2,1,2,3
200700057949,0007-09-18 02:25:00,7,9,18,2,25,890,24,"00, MONETEAU (ROUTE DE)",,,Nuit avec éclairage allumé,En agglomération,Giratoire,Pluie légère,Autre collision,,,,,,,,,,,5,2,6,2,6
200700057950,0007-09-18 15:45:00,7,9,18,15,45,890,24,FAIDHERBE (RUE),,,Plein jour,En agglomération,Hors intersection,Normale,Autre collision,,,,,,,,,,,1,2,1,1,6
200700057951,0007-09-30 16:35:00,7,9,30,16,35,890,346,"00, AUXERRE ( AVENUE D)",,,Plein jour,En agglomération,Giratoire,Normale,Trois véhicules et plus - collisions multiples,,,,,,,,,,,1,2,6,1,5
200700057952,0007-09-04 09:55:00,7,9,4,9,55,890,24,"12, BRICHERES (AVENUE DE",,,Plein jour,En agglomération,Hors intersection,Normale,Deux véhicules - côté,,,,,,,,,,,1,2,1,1,3
200700057953,0007-09-06 22:48:00,7,9,6,22,48,890,387,"0, SENIGALLIA (AVENUE DE",,,Nuit avec éclairage allumé,En agglomération,Hors intersection,Normale,Sans collision,,,,,,,,,,,5,2,1,1,7
200700057954,0007-09-05 14:47:00,7,9,5,14,47,890,287,"0, ARISTIDE BRIAND (RUE)",,,Plein jour,En agglomération,Intersection en X,Normale,Autre collision,,,,,,,,,,,1,2,2,1,6
200700057955,0007-09-20 22:00:00,7,9,20,22,0,890,287,"0, STADE (RUE DU)",,,Nuit sans éclairage public,En agglomération,Hors intersection,Normale,Autre collision,,,,,,,,,,,3,2,1,1,6
200700057956,0007-09-01 15:30:00,7,9,1,15,30,900,1,"1, DOUCE (HAMEAU DE LA)",,,Plein jour,En agglomération,Hors intersection,Normale,Deux véhicules - frontale,,,,,,,,,,,1,2,1,1,1
200700057957,0007-09-06 19:45:00,7,9,6,19,45,900,99,"50, TURENNE (RUE DE)",,,Plein jour,En agglomération,Intersection en X,Normale,Deux véhicules - côté,,,,,,,,,,,1,2,2,1,3
200700057958,0007-09-08 14:50:00,7,9,8,14,50,900,10,"26, STRASBOURG (RUE DE)",,,Plein jour,En agglomération,Hors intersection,Normale,Autre collision,,,,,,,,,,,1,2,1,1,6
200700057959,0007-09-13 12:35:00,7,9,13,12,35,900,10,"1, BRIAND (RUE ARISTIDE)",,,Plein jour,En agglomération,Intersection en T,Normale,Autre collision,,,,,,,,,,,1,2,3,1,6
200700057960,0007-09-18 19:40:00,7,9,18,19,40,900,39,R.D.16,,,Plein jour,En agglomération,Hors intersection,Pluie légère,Deux véhicules - arrière,,,,,,,,,,,1,2,1,2,2
200700057961,0007-09-20 12:40:00,7,9,20,12,40,900,10,"1, JUIN (AVENUE DU MAREC",,,Plein jour,En agglomération,Hors intersection,Normale,Deux véhicules - côté,,,,,,,,,,,1,2,1,1,3
200700057962,0007-09-20 17:45:00,7,9,20,17,45,900,10,"09, FONTAINE (RUE JEAN D",,,Plein jour,En agglomération,Hors intersection,Normale,Autre collision,,,,,,,,,,,1,2,1,1,6
200700057963,0007-09-22 18:45:00,7,9,22,18,45,900,10,JAURES (AVENUE JEAN) A 1,,,Plein jour,En agglomération,Autre intersection,Normale,Deux véhicules - côté,,,,,,,,,,,1,2,9,1,3
200700057964,0007-09-25 08:50:00,7,9,25,8,50,900,8,"31, BELFORT (RUE DE)",,,Plein jour,En agglomération,Hors intersection,Normale,Deux véhicules - côté,,,,,,,,,,,1,2,1,1,3
200700057965,0007-09-26 12:10:00,7,9,26,12,10,900,29,"1, R.D.16",,,Plein jour,Hors agglomération,Hors intersection,Normale,Deux véhicules - côté,,,,,,,,,,,1,1,1,1,3
200700057966,0007-09-26 19:00:00,7,9,26,19,0,900,10,"27, JAURES (AVENUE JEAN)",,,Crépuscule ou aube,Hors agglomération,Hors intersection,Normale,Deux véhicules - arrière,,,,,,,,,,,2,1,1,1,2
200700057967,0007-09-30 20:00:00,7,9,30,20,0,900,10,"9, KOECHLIN (RUE)",,,Nuit avec éclairage allumé,En agglomération,Hors intersection,Normale,Autre collision,,,,,,,,,,,5,2,1,1,6
200700057968,0007-09-09 20:20:00,7,9,9,20,20,910,479,"1, FONTAINEBLEAU (BOULEV",,,Crépuscule ou aube,Hors agglomération,Hors intersection,Normale,Deux véhicules - arrière,,,,,,,,,,,2,1,1,1,2
200700057969,0007-09-04 17:10:00,7,9,4,17,10,910,114,PETIT CHATEAU (AVENUE DU,,,Plein jour,En agglomération,Hors intersection,Normale,Deux véhicules - arrière,,,,,,,,,,,1,2,1,1,2
200700057970,0007-09-04 18:25:00,7,9,4,18,25,910,114,GABRIELLE (RUE),,,Plein jour,En agglomération,Hors intersection,Normale,Deux véhicules - arrière,,,,,,,,,,,1,2,1,1,2
200700057971,0007-09-14 09:40:00,7,9,14,9,40,910,114,GENERAL DE GAULLE (BOULE,,,Plein jour,En agglomération,Hors intersection,Normale,Deux véhicules - côté,,,,,,,,,,,1,2,1,1,3
200700057972,0007-09-15 17:20:00,7,9,15,17,20,910,114,"153, BRIE (ROUTE DE)",,,Plein jour,En agglomération,Hors intersection,Normale,Deux véhicules - côté,,,,,,,,,,,1,2,1,1,3
200700057973,0007-09-19 12:15:00,7,9,19,12,15,910,514,"14, BOISSY (RUE DE)",,,Plein jour,En agglomération,Hors intersection,Normale,Autre collision,,,,,,,,,,,1,2,1,1,6
200700057974,0007-09-25 15:00:00,7,9,25,15,0,910,514,CD 33,,,Plein jour,Hors agglomération,Hors intersection,Normale,Sans collision,,,,,,,,,,,1,1,1,1,7
200700057975,0007-09-26 10:45:00,7,9,26,10,45,910,215,HUIT MAI QUARANTE CINQ (,,,Plein jour,En agglomération,Hors intersection,Normale,Autre collision,,,,,,,,,,,1,2,1,1,6
200700057976,0007-09-12 15:35:00,7,9,12,15,35,910,174,"21-96, DUNANT ( BD HENRI",,,Plein jour,En agglomération,Intersection en T,Normale,Trois véhicules et plus - collisions multiples,,,,,,,,,,,1,2,3,1,5
200700057977,0007-09-03 13:00:00,7,9,3,13,0,910,201,PIERRE BROSSOLETTE (RUE),,,Plein jour,En agglomération,Hors intersection,Normale,Autre collision,,,,,,,,,,,1,2,1,1,6
200700057978,0007-09-05 08:20:00,7,9,5,8,20,910,201,SABLES DE ROUVRES (AVENU,,,Plein jour,En agglomération,Hors intersection,Normale,Autre collision,,,,,,,,,,,1,2,1,1,6
200700057979,0007-09-09 20:50:00,7,9,9,20,50,910,201,HENRI BARBUSSE(BOULEVARD,,,Plein jour,En agglomération,Hors intersection,Normale,Deux véhicules - côté,,,,,,,,,,,1,2,1,1,3
200700057980,0007-09-24 08:35:00,7,9,24,8,35,910,201,GENERAL DE GAULLE(BOULEV,,,Plein jour,En agglomération,Hors intersection,Normale,Deux véhicules - arrière,,,,,,,,,,,1,2,1,1,2
200700057981,0007-09-24 18:15:00,7,9,24,18,15,910,201,GENERAL DE GAULLE(BOULEV,,,Plein jour,En agglomération,Hors intersection,Normale,Deux véhicules - arrière,,,,,,,,,,,1,2,1,1,2
200700057982,0007-09-06 14:25:00,7,9,6,14,25,910,433,"34, R.N. 20",,,Plein jour,Hors agglomération,Hors intersection,Normale,Sans collision,,,,,,,,,,,1,1,1,1,7
200700057983,0007-09-08 12:10:00,7,9,8,12,10,910,223,"56, CROIX DE VERNAILLES",,,Plein jour,En agglomération,Hors intersection,Normale,Autre collision,,,,,,,,,,,1,2,1,1,6
200700057984,0007-09-13 09:55:00,7,9,13,9,55,910,223,R.D.721,,,Plein jour,Hors agglomération,Intersection en X,Normale,Deux véhicules - côté,,,,,,,,,,,1,1,2,1,3
200700057985,0007-09-15 12:20:00,7,9,15,12,20,910,223,"16, VICTOIRE (ALLEE DE L",,,Plein jour,En agglomération,Hors intersection,Normale,Deux véhicules - arrière,,,,,,,,,,,1,2,1,1,2
200700057986,0007-09-17 17:20:00,7,9,17,17,20,910,433,RN 191,,,Plein jour,Hors agglomération,Hors intersection,Normale,Sans collision,,,,,,,,,,,1,1,1,1,7
200700057987,0007-09-26 16:20:00,7,9,26,16,20,910,223,"05, GEROFOSSE (RUE DE)",,,Plein jour,En agglomération,Hors intersection,Pluie légère,Sans collision,,,,,,,,,,,1,2,1,2,7
200700057988,0007-09-04 08:45:00,7,9,4,8,45,910,228,"., MARECHAL DE LATTRE DE",,,Plein jour,En agglomération,Intersection en X,Normale,Deux véhicules - côté,,,,,,,,,,,1,2,2,1,3
200700057989,0007-09-04 18:25:00,7,9,4,18,25,910,521,"., REMY (RUE ALBERT)",,,Plein jour,En agglomération,Hors intersection,Normale,Deux véhicules - côté,,,,,,,,,,,1,2,1,1,3
200700057990,0007-09-10 05:55:00,7,9,10,5,55,910,182,"., TRAITE DE ROME (ROND-",,,Nuit avec éclairage allumé,En agglomération,Giratoire,Normale,Deux véhicules - arrière,,,,,,,,,,,5,2,6,1,2
200700057991,0007-09-11 14:20:00,7,9,11,14,20,910,228,"., COQUIBUS(BD)",,,Plein jour,En agglomération,Hors intersection,Normale,Deux véhicules - arrière,,,,,,,,,,,1,2,1,1,2
200700057992,0007-09-13 20:00:00,7,9,13,20,0,910,521,"., MENNECY (ROUTE DE)",,,Nuit avec éclairage allumé,En agglomération,Intersection en X,Normale,Deux véhicules - frontale,,,,,,,,,,,5,2,2,1,1
200700057993,0007-09-14 20:55:00,7,9,14,20,55,910,228,MONTESPAN (RUE),,,Nuit avec éclairage allumé,En agglomération,Intersection en X,Normale,Deux véhicules - côté,,,,,,,,,,,5,2,2,1,3
200700057994,0007-09-18 14:08:00,7,9,18,14,8,910,228,"., BRAS DE FER (RUE DU)",,,Plein jour,En agglomération,Hors intersection,Normale,Deux véhicules - côté,,,,,,,,,,,1,2,1,1,3
200700057995,0007-09-19 13:30:00,7,9,19,13,30,910,228,"., BOIS SAUVAGE (RUE DU)",,,Plein jour,En agglomération,Hors intersection,Normale,Autre collision,,,,,,,,,,,1,2,1,1,6
200700057996,0007-09-21 15:55:00,7,9,21,15,55,910,521,"., REMY (RUE ALBERT)",,,Plein jour,En agglomération,Hors intersection,Normale,Autre collision,,,,,,,,,,,1,2,1,1,6
200700057997,0007-09-22 09:30:00,7,9,22,9,30,910,228,"., GENERAL PATTON (AVENU",,,Plein jour,En agglomération,Intersection en X,Normale,Deux véhicules - arrière,,,,,,,,,,,1,2,2,1,2
200700057998,0007-09-25 23:10:00,7,9,25,23,10,910,521,"., REMY (RUE ALBERT)",,,Nuit avec éclairage allumé,En agglomération,Intersection en X,Normale,Deux véhicules - côté,,,,,,,,,,,5,2,2,1,3
200700057999,0007-09-28 14:50:00,7,9,28,14,50,910,182,"., PARLEMENT EUROPEEN (R",,,Plein jour,En agglomération,Hors intersection,Pluie légère,Sans collision,,,,,,,,,,,1,2,1,2,7
200700058000,0007-09-18 08:15:00,7,9,18,8,15,910,687,PASSERELLE (AVENUE DE LA,,,Plein jour,En agglomération,Intersection en X,Normale,Deux véhicules - côté,,,,,,,,,,,1,2,2,1,3
200700058001,0007-09-19 13:45:00,7,9,19,13,45,910,345,"16, MARECHAL LECLERC (AV",,,Plein jour,En agglomération,Hors intersection,Normale,Deux véhicules - arrière,,,,,,,,,,,1,2,1,1,2
200700058002,0007-09-19 15:47:00,7,9,19,15,47,910,161,"01, PIERRE BROSSOLETTE (",,,Plein jour,En agglomération,Intersection à plus de 4 branches,Normale,Trois véhicules et plus - en chaîne,,,,,,,,,,,1,2,5,1,4
200700058003,0007-09-19 09:15:00,7,9,19,9,15,910,377,ROME (RUE DE),,,Plein jour,En agglomération,Hors intersection,Normale,Deux véhicules - côté,,,,,,,,,,,1,2,1,1,3
200700058004,0007-09-15 00:25:00,7,9,15,0,25,910,689,RUE DU PEROU,,,Nuit avec éclairage allumé,En agglomération,Hors intersection,Normale,Autre collision,,,,,,,,,,,5,2,1,1,6
200700058005,0007-09-25 11:15:00,7,9,25,11,15,910,377,VALLEE DE LA BIEVRE (VOI,,,Plein jour,En agglomération,Hors intersection,Normale,Autre collision,,,,,,,,,,,1,2,1,1,6
200700058006,0007-09-02 02:30:00,7,9,2,2,30,910,691,"00, PIERRE DE COUBERTIN(",,,Nuit avec éclairage allumé,En agglomération,Hors intersection,Normale,Deux véhicules - frontale,,,,,,,,,,,5,2,1,1,1
200700058007,0007-09-09 01:00:00,7,9,9,1,0,910,421,NATIONALE 6 (GLACIERE),,,Nuit sans éclairage public,Hors agglomération,Hors intersection,Normale,Trois véhicules et plus - collisions multiples,,,,,,,,,,,3,1,1,1,5
200700058008,0007-09-08 02:10:00,7,9,8,2,10,910,421,"24, PIERRE BROSSOLETTE (",,,Nuit avec éclairage allumé,En agglomération,Hors intersection,Normale,Sans collision,,,,,,,,,,,5,2,1,1,7
200700058009,0007-09-08 11:00:00,7,9,8,11,0,910,691,"00, ABBE MOREAU(RUE)",,,Plein jour,En agglomération,Hors intersection,Normale,Autre collision,,,,,,,,,,,1,2,1,1,6
200700058010,0007-09-17 06:20:00,7,9,17,6,20,910,421,"0, NATIONALE 6 (GLACIERE",,,Nuit avec éclairage allumé,Hors agglomération,Hors intersection,Normale,Sans collision,,,,,,,,,,,5,1,1,1,7
200700058011,0007-09-19 16:25:00,7,9,19,16,25,910,421,"0, CHARLES DE GAULLE (AV",,,Plein jour,En agglomération,Hors intersection,Normale,Deux véhicules - arrière,,,,,,,,,,,1,2,1,1,2
200700058012,0007-09-28 11:40:00,7,9,28,11,40,910,691,CARNOT(RUE),,,Plein jour,En agglomération,Intersection en X,Pluie légère,Autre collision,,,,,,,,,,,1,2,2,2,6
200700058013,0007-09-29 12:15:00,7,9,29,12,15,910,421,CHARLES DE GAULLE (AVENU,,,Plein jour,En agglomération,Intersection en X,Temps couvert,Deux véhicules - côté,,,,,,,,,,,1,2,2,8,3
200700058014,0007-09-29 15:10:00,7,9,29,15,10,910,191,"03, JEAN JAURES (AVENUE)",,,Plein jour,En agglomération,Hors intersection,Temps couvert,Sans collision,,,,,,,,,,,1,2,1,8,7
200700058015,0007-09-22 17:00:00,7,9,22,17,0,910,692,"0, CENTRE COMMERCIAL ULI",,,Plein jour,En agglomération,Hors intersection,Normale,Deux véhicules - frontale,,,,,,,,,,,1,2,1,1,1
200700058016,0007-09-04 13:30:00,7,9,4,13,30,910,692,BERRY (AVENUE DU),,,Plein jour,En agglomération,Hors intersection,Normale,Sans collision,,,,,,,,,,,1,2,1,1,7
200700058017,0007-09-08 16:15:00,7,9,8,16,15,910,477,"149, PARIS (RUE DE)",,,Plein jour,En agglomération,Hors intersection,Normale,Deux véhicules - arrière,,,,,,,,,,,1,2,1,1,2
200700058018,0007-09-18 16:25:00,7,9,18,16,25,910,471,"7BIS, ERNEST LAURIAT (RU",,,Plein jour,En agglomération,Hors intersection,Normale,Sans collision,,,,,,,,,,,1,2,1,1,7
200700058019,0007-09-04 16:45:00,7,9,4,16,45,910,692,"12, BOURGOGNE (AVENUE DE",,,Plein jour,En agglomération,Hors intersection,Normale,Deux véhicules - arrière,,,,,,,,,,,1,2,1,1,2
200700058020,0007-09-01 22:35:00,7,9,1,22,35,910,549,"1, DOCTEUR PHILLIPE PINE",,,Nuit avec éclairage allumé,En agglomération,Hors intersection,Normale,Deux véhicules - frontale,,,,,,,,,,,5,2,1,1,1
200700058021,0007-09-03 08:35:00,7,9,3,8,35,910,589,"7, DAVOUT (PLACE)",,,Plein jour,En agglomération,Hors intersection,Pluie légère,Deux véhicules - arrière,,,,,,,,,,,1,2,1,2,2
200700058022,0007-09-14 12:30:00,7,9,14,12,30,910,589,"38, JUVISY COTTAGES (AVE",,,Plein jour,En agglomération,Intersection en X,Normale,Deux véhicules - côté,,,,,,,,,,,1,2,2,1,3