accident_id,datetime,annee,mois,jour,heure,minute,departement,commune_insee,adresse,latitude,longitude,luminosite,agglomeration,intersection,meteo,collision,nb_vehicules,nb_usagers,nb_indemnes,nb_tues,nb_blesses_hosp,nb_blesses_legers,age_cond_1,age_cond_2,veh_type_cond_1,veh_type_cond_2,lum_code,agg_code,int_code,atm_code,col_code
200700058023,0007-09-04 13:00:00,7,9,4,13,0,920,2,", LEON BLUM (AVENUE)",,,Plein jour,En agglomération,Intersection en X,Normale,Deux véhicules - côté,,,,,,,,,,,1,2,2,1,3
200700058024,0007-09-11 18:20:00,7,9,11,18,20,920,2,", DIVISION LECLERC (53 A",,,Plein jour,En agglomération,Hors intersection,Normale,Deux véhicules - arrière,,,,,,,,,,,1,2,1,1,2
200700058025,0007-09-20 18:20:00,7,9,20,18,20,920,2,GARENNES (RUE DES),,,Plein jour,En agglomération,Intersection en X,Normale,Autre collision,,,,,,,,,,,1,2,2,1,6
200700058026,0007-09-28 12:50:00,7,9,28,12,50,920,14,"107, GENERAL LECLERC (AV",,,Plein jour,En agglomération,Autre intersection,Pluie légère,Autre collision,,,,,,,,,,,1,2,9,2,6
200700058027,0007-09-08 11:25:00,7,9,8,11,25,920,9,"NR, CHEVREUL ( AVENUE )",,,Plein jour,En agglomération,Intersection en T,Normale,Deux véhicules - côté,,,,,,,,,,,1,2,3,1,3
200700058028,0007-09-10 19:25:00,7,9,10,19,25,920,9,"213, ARGENTEUIL ( AVENUE",,,Plein jour,En agglomération,Intersection en T,Normale,Deux véhicules - arrière,,,,,,,,,,,1,2,3,1,2
200700058029,0007-09-17 07:50:00,7,9,17,7,50,920,4,"NR, PAUL BERT",,,Plein jour,En agglomération,Intersection en X,Normale,Deux véhicules - arrière,,,,,,,,,,,1,2,2,1,2
200700058030,0007-09-17 13:30:00,7,9,17,13,30,920,9,"62, PAUL DEROULEDE ( RUE",,,Plein jour,En agglomération,Hors intersection,Normale,Autre collision,,,,,,,,,,,1,2,1,1,6
200700058031,0007-09-18 09:30:00,7,9,18,9,30,920,4,"NR, ALBERT 1ER",,,Plein jour,En agglomération,Intersection en X,Normale,Deux véhicules - côté,,,,,,,,,,,1,2,2,1,3
200700058032,0007-09-18 22:45:00,7,9,18,22,45,920,4,"63, DOCTEUR DERVAUX  ( Q",,,Nuit avec éclairage allumé,En agglomération,Hors intersection,Normale,Deux véhicules - arrière,,,,,,,,,,,5,2,1,1,2
200700058033,0007-09-20 11:05:00,7,9,20,11,5,920,4,"176, VOLTAIRE ( BD )",,,Plein jour,En agglomération,Hors intersection,Normale,Autre collision,,,,,,,,,,,1,2,1,1,6
200700058034,0007-09-24 07:40:00,7,9,24,7,40,920,4,"34, MARNE   ( AVENUE DE",,,Plein jour,En agglomération,Intersection en X,Normale,Deux véhicules - côté,,,,,,,,,,,1,2,2,1,3
200700058035,0007-09-27 08:25:00,7,9,27,8,25,920,9,"51, CHARLES CHEFSON ( RU",,,Plein jour,En agglomération,Intersection en T,Normale,Autre collision,,,,,,,,,,,1,2,3,1,6
200700058036,0007-09-27 13:35:00,7,9,27,13,35,920,4,"4, ROBERT LAVERGNE ( RUE",,,Plein jour,En agglomération,Intersection en T,Normale,Autre collision,,,,,,,,,,,1,2,3,1,6
200700058037,0007-09-26 08:55:00,7,9,26,8,55,920,7,"-, BARBUSSE (AVENUE HENR",,,Plein jour,En agglomération,Intersection en T,Normale,Deux véhicules - côté,,,,,,,,,,,1,2,3,1,3
200700058038,0007-09-27 12:25:00,7,9,27,12,25,920,7,BARBUSSE (AVENUE HENRI),,,Plein jour,En agglomération,Intersection en X,Normale,Autre collision,,,,,,,,,,,1,2,2,1,6
200700058039,0007-09-01 08:30:00,7,9,1,8,30,920,12,"ANGLE, GENERAL LECLERC (",,,Plein jour,En agglomération,Intersection en X,Normale,Trois véhicules et plus - collisions multiples,,,,,,,,,,,1,2,2,1,5
200700058040,0007-09-06 08:35:00,7,9,6,8,35,920,12,GEORGES SOREL (RUE),,,Plein jour,En agglomération,Intersection en X,Normale,Autre collision,,,,,,,,,,,1,2,2,1,6
200700058041,0007-09-06 12:40:00,7,9,6,12,40,920,12,PONT DE SEVRES (METRO),,,Plein jour,Hors agglomération,Hors intersection,Normale,Deux véhicules - arrière,,,,,,,,,,,1,1,1,1,2
200700058042,0007-09-12 14:24:00,7,9,12,14,24,920,12,ANCIENS COMBATTANT (ROND,,,Plein jour,En agglomération,Giratoire,Normale,Deux véhicules - arrière,,,,,,,,,,,1,2,6,1,2
200700058043,0007-09-10 08:10:00,7,9,10,8,10,920,12,"94, EDOUARD VAILLANT (AV",,,Plein jour,En agglomération,Hors intersection,Normale,Deux véhicules - arrière,,,,,,,,,,,1,2,1,1,2
200700058044,0007-09-12 13:40:00,7,9,12,13,40,920,12,"46, ALPHONSE LE GALLO (Q",,,Plein jour,En agglomération,Hors intersection,Normale,Deux véhicules - arrière,,,,,,,,,,,1,2,1,1,2
200700058045,0007-09-11 08:13:00,7,9,11,8,13,920,12,"ANGLE, JEAN JAURES (BOUL",,,Plein jour,En agglomération,Intersection en X,Normale,Autre collision,,,,,,,,,,,1,2,2,1,6
200700058046,0007-09-16 12:40:00,7,9,16,12,40,920,12,"14, VANVES (RUE DE)",,,Plein jour,En agglomération,Hors intersection,Normale,Autre collision,,,,,,,,,,,1,2,1,1,6
200700058047,0007-09-17 17:00:00,7,9,17,17,0,920,12,"130, CHATEAU (RUE DU) 1/",,,Plein jour,En agglomération,Hors intersection,Normale,Autre collision,,,,,,,,,,,1,2,1,1,6
200700058048,0007-09-19 09:20:00,7,9,19,9,20,920,12,"31, REPUBLIQUE (BOULEVAR",,,Plein jour,En agglomération,Hors intersection,Normale,Autre collision,,,,,,,,,,,1,2,1,1,6
200700058049,0007-09-14 10:15:00,7,9,14,10,15,920,12,EDOUARD VAILLANT (AVENUE,,,Plein jour,En agglomération,Hors intersection,Normale,Deux véhicules - arrière,,,,,,,,,,,1,2,1,1,2
200700058050,0007-09-20 10:25:00,7,9,20,10,25,920,12,"54, STALINGRAD (QUAI DE)",,,Plein jour,En agglomération,Hors intersection,Normale,Autre collision,,,,,,,,,,,1,2,1,1,6
200700058051,0007-09-21 00:15:00,7,9,21,0,15,920,12,"ANGLE, ANDRE MORIZET (AV",,,Nuit avec éclairage allumé,En agglomération,Intersection en X,Normale,Deux véhicules - côté,,,,,,,,,,,5,2,2,1,3
200700058052,0007-09-20 18:40:00,7,9,20,18,40,920,12,"182, PARIS (RUE DE) 97BI",,,Crépuscule ou aube,En agglomération,Hors intersection,Normale,Autre collision,,,,,,,,,,,2,2,1,1,6
200700058053,0007-09-21 15:10:00,7,9,21,15,10,920,12,"86, JEAN BAPTISTE CLEMEN",,,Plein jour,En agglomération,Hors intersection,Normale,Autre collision,,,,,,,,,,,1,2,1,1,6
200700058054,0007-09-21 11:23:00,7,9,21,11,23,920,12,"31, REINE (ROUTE DE LA)",,,Plein jour,En agglomération,Hors intersection,Normale,Deux véhicules - frontale,,,,,,,,,,,1,2,1,1,1
200700058055,0007-09-21 08:50:00,7,9,21,8,50,920,12,"24, ANDRE MORIZET (AVENU",,,Plein jour,En agglomération,Intersection en X,Normale,Deux véhicules - côté,,,,,,,,,,,1,2,2,1,3
200700058056,0007-09-26 09:00:00,7,9,26,9,0,920,12,"48, REPUBLIQUE (BOULEVAR",,,Plein jour,En agglomération,Intersection en X,Normale,Deux véhicules - frontale,,,,,,,,,,,1,2,2,1,1
200700058057,0007-09-27 09:10:00,7,9,27,9,10,920,12,"53, POINT DU JOUR (QUAI",,,Plein jour,En agglomération,Hors intersection,Normale,Autre collision,,,,,,,,,,,1,2,1,1,6
200700058058,0007-09-27 19:55:00,7,9,27,19,55,920,12,"1, REINE (ROUTE DE LA) 8",,,Crépuscule ou aube,En agglomération,Intersection en X,Pluie légère,Deux véhicules - côté,,,,,,,,,,,2,2,2,2,3
200700058059,0007-09-29 13:00:00,7,9,29,13,0,920,12,"ANGLE, GEORGES SOREL (RU",,,Plein jour,En agglomération,Intersection en X,Normale,Deux véhicules - arrière,,,,,,,,,,,1,2,2,1,2
200700058060,0007-09-28 19:50:00,7,9,28,19,50,920,12,"51, REINE (ROUTE DE LA)",,,Crépuscule ou aube,En agglomération,Intersection en X,Normale,Deux véhicules - frontale,,,,,,,,,,,2,2,2,1,1
200700058061,0007-09-25 18:30:00,7,9,25,18,30,920,12,GENERAL LECLERC (AVENUE,,,Crépuscule ou aube,En agglomération,Hors intersection,Normale,Autre collision,,,,,,,,,,,2,2,1,1,6
200700058062,0007-09-04 12:10:00,7,9,4,12,10,920,71,HOUDAN (RUE),,,Plein jour,En agglomération,Intersection en X,Normale,Autre collision,,,,,,,,,,,1,2,2,1,6
200700058063,0007-09-11 08:55:00,7,9,11,8,55,920,71,"03, ROOSEVELT PRESIDENT",,,Plein jour,En agglomération,Hors intersection,Normale,Autre collision,,,,,,,,,,,1,2,1,1,6
200700058064,0007-09-18 08:50:00,7,9,18,8,50,920,19,"000, DIVISION LECLERC (A",,,Plein jour,En agglomération,Intersection en X,Normale,Deux véhicules - côté,,,,,,,,,,,1,2,2,1,3
200700058065,0007-09-19 08:55:00,7,9,19,8,55,920,19,"000, DEPREUX EDOUARD (RU",,,Plein jour,En agglomération,Intersection en X,Normale,Deux véhicules - côté,,,,,,,,,,,1,2,2,1,3
200700058066,0007-09-25 17:17:00,7,9,25,17,17,920,71,"114, HOUDAN (RUE)",,,Plein jour,En agglomération,Hors intersection,Normale,Autre collision,,,,,,,,,,,1,2,1,1,6
200700058067,0007-09-08 20:30:00,7,9,8,20,30,920,23,"192, GENERAL DE GAULLE (",,,Crépuscule ou aube,En agglomération,Intersection en T,Normale,Deux véhicules - côté,,,,,,,,,,,2,2,3,1,3
200700058068,0007-09-25 10:45:00,7,9,25,10,45,920,60,PAUL LANGEVIN (AVENUE) (,,,Plein jour,En agglomération,Intersection en X,Normale,Deux véhicules - frontale,,,,,,,,,,,1,2,2,1,1
200700058069,0007-09-25 19:50:00,7,9,25,19,50,920,23,FEUILLANTS (RUE DES),,,Crépuscule ou aube,En agglomération,Intersection en T,Normale,Deux véhicules - côté,,,,,,,,,,,2,2,3,1,3
200700058070,0007-09-25 18:35:00,7,9,25,18,35,920,23,ILE DE FRANCE (RUE DE L',,,Plein jour,En agglomération,Intersection en T,Pluie forte,Autre collision,,,,,,,,,,,1,2,3,3,6
200700058071,0007-09-26 18:00:00,7,9,26,18,0,920,23,"2, PAUL VAILLANT COUTURI",,,Crépuscule ou aube,En agglomération,Hors intersection,Pluie forte,Sans collision,,,,,,,,,,,2,2,1,3,7
200700058072,0007-09-26 17:40:00,7,9,26,17,40,920,23,"71, PAVE BLANC (ROUTE DU",,,Crépuscule ou aube,En agglomération,Hors intersection,Pluie forte,Sans collision,,,,,,,,,,,2,2,1,3,7
200700058073,0007-09-08 02:20:00,7,9,8,2,20,920,24,"38, ASNIERES (ROUTE D')",,,Nuit avec éclairage allumé,En agglomération,Hors intersection,Normale,Deux véhicules - arrière,,,,,,,,,,,5,2,1,1,2
200700058074,0007-09-26 15:45:00,7,9,26,15,45,920,24,"49, GENERAL ROGUET (RUE",,,Plein jour,En agglomération,Hors intersection,Pluie légère,Deux véhicules - côté,,,,,,,,,,,1,2,1,2,3
200700058075,0007-09-25 18:20:00,7,9,25,18,20,920,24,"9, GENERAL LECLERC (BD D",,,Plein jour,En agglomération,Intersection en T,Pluie légère,Deux véhicules - côté,,,,,,,,,,,1,2,3,2,3
200700058076,0007-09-08 10:50:00,7,9,8,10,50,920,24,"81, JEAN JAURES (BD) DE",,,Plein jour,En agglomération,Hors intersection,Normale,Autre collision,,,,,,,,,,,1,2,1,1,6
200700058077,0007-09-18 11:20:00,7,9,18,11,20,920,24,"104, CLICHY (QUAI DE) DE",,,Plein jour,En agglomération,Hors intersection,Normale,Deux véhicules - arrière,,,,,,,,,,,1,2,1,1,2
200700058078,0007-09-21 08:55:00,7,9,21,8,55,920,24,"78, MARTRE (RUE) DE (59",,,Plein jour,En agglomération,Hors intersection,Normale,Autre collision,,,,,,,,,,,1,2,1,1,6
200700058079,0007-09-30 10:00:00,7,9,30,10,0,920,24,"56, MARTRE DE (4 A 54)",,,Plein jour,En agglomération,Intersection en X,Normale,Deux véhicules - côté,,,,,,,,,,,1,2,2,1,3
200700058080,0007-09-27 13:20:00,7,9,27,13,20,920,24,", CHARLES ET RENE AUFFRA",,,Plein jour,En agglomération,Intersection en X,Normale,Autre collision,,,,,,,,,,,1,2,2,1,6
200700058081,0007-09-01 10:50:00,7,9,1,10,50,920,25,STALINGRAD (AV DE),,,Plein jour,En agglomération,Intersection en T,Normale,Deux véhicules - côté,,,,,,,,,,,1,2,3,1,3
200700058082,0007-09-01 20:45:00,7,9,1,20,45,920,25,CHARLES DE GAULLE (BD),,,Nuit avec éclairage allumé,En agglomération,Intersection à plus de 4 branches,Normale,Deux véhicules - côté,,,,,,,,,,,5,2,5,1,3
200700058083,0007-09-08 15:40:00,7,9,8,15,40,920,25,PONT DE BEZONS,,,Plein jour,En agglomération,Hors intersection,Normale,Trois véhicules et plus - en chaîne,,,,,,,,,,,1,2,1,1,4
200700058084,0007-09-12 14:37:00,7,9,12,14,37,920,25,"458, GABRIEL PERI (RUE)",,,Plein jour,En agglomération,Hors intersection,Normale,Autre collision,,,,,,,,,,,1,2,1,1,6
200700058085,0007-09-14 20:15:00,7,9,14,20,15,920,25,"43, AGENT SARRE (AV DE L",,,Nuit avec éclairage allumé,En agglomération,Hors intersection,Normale,Deux véhicules - côté,,,,,,,,,,,5,2,1,1,3
200700058086,0007-09-19 13:50:00,7,9,19,13,50,920,25,"0, A86",,,Plein jour,En agglomération,Intersection en X,Normale,Trois véhicules et plus - en chaîne,,,,,,,,,,,1,2,2,1,4
200700058087,0007-09-21 07:45:00,7,9,21,7,45,920,25,PAUL BERT (RUE),,,Plein jour,En agglomération,Intersection à plus de 4 branches,Normale,Deux véhicules - côté,,,,,,,,,,,1,2,5,1,3
200700058088,0007-09-24 09:15:00,7,9,24,9,15,920,25,"14, ARTS (RUE DES)",,,Plein jour,En agglomération,Hors intersection,Normale,Autre collision,,,,,,,,,,,1,2,1,1,6
200700058089,0007-09-26 16:30:00,7,9,26,16,30,920,25,"505, GABRIEL PERI (RUE)",,,Plein jour,En agglomération,Hors intersection,Normale,Autre collision,,,,,,,,,,,1,2,1,1,6
200700058090,0007-09-04 09:40:00,7,9,4,9,40,920,26,PAUL DOUMER,,,Plein jour,En agglomération,Hors intersection,Normale,Deux véhicules - arrière,,,,,,,,,,,1,2,1,1,2
200700058091,0007-09-03 08:10:00,7,9,3,8,10,920,26,"29-31, GEORGES CLEMENCEA",,,Plein jour,En agglomération,Hors intersection,Pluie légère,Deux véhicules - arrière,,,,,,,,,,,1,2,1,2,2
200700058092,0007-09-11 09:15:00,7,9,11,9,15,920,26,VERDUN (DE 62 A FIN),,,Plein jour,En agglomération,Intersection en T,Normale,Deux véhicules - côté,,,,,,,,,,,1,2,3,1,3
200700058093,0007-09-04 15:30:00,7,9,4,15,30,920,26,"56, MISSION MARCHAND (CO",,,Plein jour,En agglomération,Intersection en X,Normale,Deux véhicules - côté,,,,,,,,,,,1,2,2,1,3
200700058094,0007-09-28 13:10:00,7,9,28,13,10,920,26,"32, VERDUN (DE 01 A 61)",,,Plein jour,En agglomération,Hors intersection,Pluie légère,Autre collision,,,,,,,,,,,1,2,1,2,6
200700058095,0007-09-24 10:05:00,7,9,24,10,5,920,26,"16, VERDUN (DE 01 A 61)",,,Plein jour,En agglomération,Hors intersection,Normale,Deux véhicules - côté,,,,,,,,,,,1,2,1,1,3
200700058096,0007-09-20 19:05:00,7,9,20,19,5,920,26,"14, VERDUN (DE 01 A 61)",,,Plein jour,En agglomération,Hors intersection,Normale,Deux véhicules - côté,,,,,,,,,,,1,2,1,1,3
200700058097,0007-09-17 14:20:00,7,9,17,14,20,920,26,VERDUN (DE 01 A 61),,,Plein jour,En agglomération,Intersection en T,Normale,Deux véhicules - frontale,,,,,,,,,,,1,2,3,1,1
200700058098,0007-09-16 21:10:00,7,9,16,21,10,920,26,VERDUN (DE 01 A 61),,,Nuit avec éclairage allumé,En agglomération,Intersection en X,Normale,Deux véhicules - côté,,,,,,,,,,,5,2,2,1,3
200700058099,0007-09-12 15:40:00,7,9,12,15,40,920,26,"133, VERDUN (DE 62 A FIN",,,Plein jour,En agglomération,Hors intersection,Normale,Deux véhicules - côté,,,,,,,,,,,1,2,1,1,3
200700058100,0007-09-07 10:10:00,7,9,7,10,10,920,26,COLOMBES,,,Plein jour,En agglomération,Intersection en T,Normale,Autre collision,,,,,,,,,,,1,2,3,1,6
200700058101,0007-09-29 20:30:00,7,9,29,20,30,920,26,VERDUN 1916 ( AVENUE DE,,,Nuit avec éclairage allumé,En agglomération,Intersection en T,Normale,Deux véhicules - côté,,,,,,,,,,,5,2,3,1,3
200700058102,0007-09-12 19:50:00,7,9,12,19,50,920,35,"1 bis, Glacière ( rue de",,,Plein jour,En agglomération,Intersection en T,Normale,Autre collision,,,,,,,,,,,1,2,3,1,6
200700058103,0007-09-18 08:20:00,7,9,18,8,20,920,35,"40, République ( bouleva",,,Plein jour,En agglomération,Intersection en Y,Normale,Deux véhicules - frontale,,,,,,,,,,,1,2,4,1,1
200700058104,0007-09-28 17:30:00,7,9,28,17,30,920,35,"44, National ( boulevard",,,Plein jour,En agglomération,Intersection en X,Pluie légère,Deux véhicules - côté,,,,,,,,,,,1,2,2,2,3
200700058105,0007-09-02 13:50:00,7,9,2,13,50,920,36,"0, LOUIS CALMEL (RUE) (2",,,Plein jour,En agglomération,Autre intersection,Normale,Autre collision,,,,,,,,,,,1,2,9,1,6
200700058106,0007-09-06 09:10:00,7,9,6,9,10,920,36,"36/42, LOUISE MICHEL (PA",,,Plein jour,En agglomération,Intersection en T,Normale,Deux véhicules - côté,,,,,,,,,,,1,2,3,1,3
200700058107,0007-09-07 10:55:00,7,9,7,10,55,920,36,"143, MARCEL PAUL (AVENUE",,,Plein jour,En agglomération,Hors intersection,Normale,Autre collision,,,,,,,,,,,1,2,1,1,6
200700058108,0007-09-10 21:45:00,7,9,10,21,45,920,36,"0, JEAN JAURES (RUE) (2)",,,Nuit avec éclairage allumé,En agglomération,Autre intersection,Normale,Deux véhicules - frontale,,,,,,,,,,,5,2,9,1,1
200700058109,0007-09-16 19:10:00,7,9,16,19,10,920,36,"0, DIX NEUF  MARS 1962 (",,,Plein jour,En agglomération,Autre intersection,Normale,Deux véhicules - côté,,,,,,,,,,,1,2,9,1,3
200700058110,0007-09-17 00:05:00,7,9,17,0,5,920,36,"252, LAURENT CELY (AVENU",,,Nuit avec éclairage allumé,En agglomération,Hors intersection,Normale,Deux véhicules - arrière,,,,,,,,,,,5,2,1,1,2
200700058111,0007-09-18 14:20:00,7,9,18,14,20,920,36,"12, NOELS (RUE DES)",,,Plein jour,En agglomération,Hors intersection,Normale,Deux véhicules - côté,,,,,,,,,,,1,2,1,1,3
200700058112,0007-09-20 16:35:00,7,9,20,16,35,920,36,"40, JEAN JAURES (RUE) (2",,,Plein jour,En agglomération,Hors intersection,Normale,Autre collision,,,,,,,,,,,1,2,1,1,6
200700058113,0007-09-21 17:15:00,7,9,21,17,15,920,36,"0, GABRIEL PERI (AVENUE)",,,Plein jour,En agglomération,Intersection en T,Normale,Deux véhicules - côté,,,,,,,,,,,1,2,3,1,3
200700058114,0007-09-22 06:55:00,7,9,22,6,55,920,36,"167/189, GRESILLONS (AVE",,,Crépuscule ou aube,En agglomération,Hors intersection,Normale,Deux véhicules - côté,,,,,,,,,,,2,2,1,1,3
200700058115,0007-09-23 20:35:00,7,9,23,20,35,920,36,"96, GABRIEL PERI (AVENUE",,,Nuit avec éclairage allumé,En agglomération,Intersection en T,Normale,Deux véhicules - côté,,,,,,,,,,,5,2,3,1,3
200700058116,0007-09-25 09:20:00,7,9,25,9,20,920,36,"0, LAURENT CELY (AVENUE)",,,Plein jour,En agglomération,Intersection en X,Normale,Autre collision,,,,,,,,,,,1,2,2,1,6
200700058117,0007-09-29 16:15:00,7,9,29,16,15,920,36,"111, GABRIEL PERI (AVENU",,,Plein jour,En agglomération,Intersection en T,Normale,Deux véhicules - côté,,,,,,,,,,,1,2,3,1,3
200700058118,0007-09-05 08:50:00,7,9,5,8,50,920,40,"25, SEVERINE",,,Plein jour,En agglomération,Intersection en T,Normale,Deux véhicules - arrière,,,,,,,,,,,1,2,3,1,2
200700058119,0007-09-21 20:10:00,7,9,21,20,10,920,40,"03, JEAN-PIERRE TIMBAUD",,,Nuit sans éclairage public,En agglomération,Hors intersection,Normale,Autre collision,,,,,,,,,,,3,2,1,1,6
200700058120,0007-09-26 21:50:00,7,9,26,21,50,920,40,"192, STALINGRAD (QUAI DE",,,Nuit avec éclairage allumé,En agglomération,Hors intersection,Normale,Deux véhicules - frontale,,,,,,,,,,,5,2,1,1,1
200700058121,0007-09-28 11:35:00,7,9,28,11,35,920,40,"143, VERDUN (AVENUE DE)",,,Plein jour,En agglomération,Intersection en T,Pluie légère,Deux véhicules - côté,,,,,,,,,,,1,2,3,2,3
200700058122,0007-09-28 12:40:00,7,9,28,12,40,920,40,"99, PDT ROOSEVELT (QUAI",,,Plein jour,En agglomération,Hors intersection,Pluie légère,Deux véhicules - côté,,,,,,,,,,,1,2,1,2,3
200700058123,0007-09-07 08:50:00,7,9,7,8,50,920,44,"135, VIC. HUGO(RUE)115A1",,,Plein jour,En agglomération,Hors intersection,Normale,Deux véhicules - frontale,,,,,,,,,,,1,2,1,1,1
200700058124,0007-09-16 19:45:00,7,9,16,19,45,920,44,ARISTIDE BRIAND(RUE)1A49,,,Plein jour,En agglomération,Intersection en X,Normale,Deux véhicules - côté,,,,,,,,,,,1,2,2,1,3
200700058125,0007-09-17 20:30:00,7,9,17,20,30,920,44,"6, VIC. HUGO(RUE)001A067",,,Nuit avec éclairage allumé,En agglomération,Intersection en X,Pluie légère,Deux véhicules - arrière,,,,,,,,,,,5,2,2,2,2
200700058126,0007-09-28 09:15:00,7,9,28,9,15,920,44,ANA.FRANCE(RUE) 141+ ET,,,Plein jour,En agglomération,Hors intersection,Pluie légère,Deux véhicules - arrière,,,,,,,,,,,1,2,1,2,2
200700058127,0007-09-11 09:00:00,7,9,11,9,0,920,48,"., JACQUEMINOT (AVENUE)",,,Plein jour,En agglomération,Intersection en X,Normale,Deux véhicules - côté,,,,,,,,,,,1,2,2,1,3
200700058128,0007-09-12 22:30:00,7,9,12,22,30,920,48,"., MAL DE LATTRE DE TASS",,,Nuit avec éclairage allumé,En agglomération,Intersection en T,Normale,Deux véhicules - côté,,,,,,,,,,,5,2,3,1,3
200700058129,0007-09-22 01:20:00,7,9,22,1,20,920,48,"., GARDES (ROUTE DES) N°",,,Nuit avec éclairage allumé,En agglomération,Intersection en T,Normale,Sans collision,,,,,,,,,,,5,2,3,1,7
200700058130,0007-09-22 18:15:00,7,9,22,18,15,920,48,"., ARTHELON (ROND-POINT)",,,Plein jour,En agglomération,Intersection en T,Normale,Autre collision,,,,,,,,,,,1,2,3,1,6
200700058131,0007-09-03 19:00:00,7,9,3,19,0,920,49,"28 bis, BARBES RUE",,,Plein jour,En agglomération,Hors intersection,Normale,Autre collision,,,,,,,,,,,1,2,1,1,6
200700058132,0007-09-08 06:15:00,7,9,8,6,15,920,20,"166, REPUBLIQUE AV. N°27",,,Nuit sans éclairage public,En agglomération,Hors intersection,Normale,Autre collision,,,,,,,,,,,3,2,1,1,6
200700058133,0007-09-11 08:20:00,7,9,11,8,20,920,49,"205, BROSSOLETTE AVENUE",,,Plein jour,En agglomération,Hors intersection,Normale,Sans collision,,,,,,,,,,,1,2,1,1,7
200700058134,0007-09-14 16:30:00,7,9,14,16,30,920,20,"117, VANVES BOULEVARD N°",,,Plein jour,En agglomération,Hors intersection,Normale,Deux véhicules - côté,,,,,,,,,,,1,2,1,1,3
200700058135,0007-09-14 23:40:00,7,9,14,23,40,920,20,"54, PARIS AVENUE DE N° I",,,Nuit avec éclairage allumé,En agglomération,Hors intersection,Normale,Deux véhicules - côté,,,,,,,,,,,5,2,1,1,3
200700058136,0007-09-19 12:45:00,7,9,19,12,45,920,49,DORMOY AVENUE MARX N°2 A,,,Plein jour,En agglomération,Hors intersection,Normale,Autre collision,,,,,,,,,,,1,2,1,1,6
200700058137,0007-09-23 06:30:00,7,9,23,6,30,920,20,"25, BLANCHARD RUE",,,Nuit avec éclairage allumé,En agglomération,Hors intersection,Normale,Autre collision,,,,,,,,,,,5,2,1,1,6
200700058138,0007-09-25 22:50:00,7,9,25,22,50,920,20,"179, PARIS AVENUE DE N°",,,Nuit avec éclairage allumé,En agglomération,Hors intersection,Normale,Deux véhicules - côté,,,,,,,,,,,5,2,1,1,3
200700058139,0007-09-27 13:30:00,7,9,27,13,30,920,20,"43, PARIS AVENUE DE N° I",,,Plein jour,En agglomération,Hors intersection,Normale,Deux véhicules - arrière,,,,,,,,,,,1,2,1,1,2
200700058140,0007-09-28 09:15:00,7,9,28,9,15,920,20,BLANCHARD RUE,,,Plein jour,En agglomération,Intersection en T,Pluie légère,Deux véhicules - côté,,,,,,,,,,,1,2,3,2,3
200700058141,0007-09-28 08:00:00,7,9,28,8,0,920,20,"151, REPUBLIQUE AV. AUTR",,,Plein jour,En agglomération,Hors intersection,Pluie légère,Autre collision,,,,,,,,,,,1,2,1,2,6
200700058142,0007-09-04 16:25:00,7,9,4,16,25,920,50,BOUVETS BOULEVARD DES,,,Plein jour,En agglomération,Intersection en T,Normale,Deux véhicules - côté,,,,,,,,,,,1,2,3,1,3
200700058143,0007-09-06 13:50:00,7,9,6,13,50,920,50,CASTEL MARLY RUE DU,,,Plein jour,En agglomération,Intersection en X,Normale,Autre collision,,,,,,,,,,,1,2,2,1,6
200700058144,0007-09-06 07:30:00,7,9,6,7,30,920,50,ARAGO FRANCOIS AVENUE,,,Crépuscule ou aube,En agglomération,Hors intersection,Normale,Deux véhicules - arrière,,,,,,,,,,,2,2,1,1,2
200700058145,0007-09-07 15:10:00,7,9,7,15,10,920,50,PREMIER MAI RUE DU,,,Plein jour,En agglomération,Hors intersection,Normale,Sans collision,,,,,,,,,,,1,2,1,1,7
200700058146,0007-09-20 08:10:00,7,9,20,8,10,920,50,LENINE VLADIMIR ILITCH A,,,Plein jour,En agglomération,Hors intersection,Normale,Sans collision,,,,,,,,,,,1,2,1,1,7
200700058147,0007-09-25 15:30:00,7,9,25,15,30,920,50,"188, REPUBLIQUE AVENUE D",,,Plein jour,En agglomération,Hors intersection,Normale,Sans collision,,,,,,,,,,,1,2,1,1,7
200700058148,0007-09-04 09:00:00,7,9,4,9,0,920,50,GAUTIER JULES RUE,,,Plein jour,En agglomération,Hors intersection,Normale,Autre collision,,,,,,,,,,,1,2,1,1,6
200700058149,0007-09-26 20:52:00,7,9,26,20,52,920,50,FOCH MARECHAL PLACE DU,,,Crépuscule ou aube,En agglomération,Giratoire,Normale,Autre collision,,,,,,,,,,,2,2,6,1,6
200700058150,0007-09-10 08:00:00,7,9,10,8,0,920,50,PROVINCES FRANCAISES BD,,,Plein jour,En agglomération,Hors intersection,Normale,Deux véhicules - côté,,,,,,,,,,,1,2,1,1,3
200700058151,0007-09-26 12:30:00,7,9,26,12,30,920,50,CLEMENCEAU GEORGES AVENU,,,Plein jour,En agglomération,Hors intersection,Normale,Deux véhicules - arrière,,,,,,,,,,,1,2,1,1,2
200700058152,0007-09-01 23:08:00,7,9,1,23,8,920,51,GENERAL LECLERC (BOULEVA,,,Nuit avec éclairage allumé,En agglomération,Intersection en X,Normale,Trois véhicules et plus - en chaîne,,,,,,,,,,,5,2,2,1,4
200700058153,0007-09-19 08:05:00,7,9,19,8,5,920,51,"221, CHARLES DE GAULLE (",,,Plein jour,En agglomération,Hors intersection,Normale,Deux véhicules - arrière,,,,,,,,,,,1,2,1,1,2
200700058154,0007-09-19 11:55:00,7,9,19,11,55,920,51,"BINEAU (BOULEVARD, N°53",,,Plein jour,En agglomération,Intersection en X,Normale,Deux véhicules - côté,,,,,,,,,,,1,2,2,1,3