accident_id,datetime,annee,mois,jour,heure,minute,departement,commune_insee,adresse,latitude,longitude,luminosite,agglomeration,intersection,meteo,collision,nb_vehicules,nb_usagers,nb_indemnes,nb_tues,nb_blesses_hosp,nb_blesses_legers,age_cond_1,age_cond_2,veh_type_cond_1,veh_type_cond_2,lum_code,agg_code,int_code,atm_code,col_code
200700058155,0007-09-19 09:30:00,7,9,19,9,30,920,51,"204, BINEAU (BOULEVARD,",,,Plein jour,En agglomération,Hors intersection,Pluie légère,Autre collision,,,,,,,,,,,1,2,1,2,6
200700058156,0007-09-20 13:30:00,7,9,20,13,30,920,51,"95, CHARLES DE GAULLE (A",,,Plein jour,En agglomération,Hors intersection,Normale,Deux véhicules - arrière,,,,,,,,,,,1,2,1,1,2
200700058157,0007-09-21 09:00:00,7,9,21,9,0,920,51,"107, CHARLES DE GAULLE (",,,Plein jour,En agglomération,Hors intersection,Normale,Deux véhicules - arrière,,,,,,,,,,,1,2,1,1,2
200700058158,0007-09-22 12:20:00,7,9,22,12,20,920,51,"75, CHARLES DE GAULLE (A",,,Plein jour,Hors agglomération,Hors intersection,Normale,Trois véhicules et plus - en chaîne,,,,,,,,,,,1,1,1,1,4
200700058159,0007-09-12 15:15:00,7,9,12,15,15,920,51,"CHEZY (RUE DE, N° 21 A 9",,,Plein jour,En agglomération,Hors intersection,Normale,Autre collision,,,,,,,,,,,1,2,1,1,6
200700058160,0007-09-28 16:20:00,7,9,28,16,20,920,51,"79, BINEAU (BOULEVARD, N",,,Plein jour,En agglomération,Hors intersection,Pluie légère,Autre collision,,,,,,,,,,,1,2,1,2,6
200700058161,0007-09-12 09:14:00,7,9,12,9,14,920,62,"29, BAS-ROGERS (RUE DES)",,,Plein jour,En agglomération,Hors intersection,Normale,Deux véhicules - frontale,,,,,,,,,,,1,2,1,1,1
200700058162,0007-09-14 09:15:00,7,9,14,9,15,920,62,"34/36, DE DION BOUTON (Q",,,Plein jour,En agglomération,Hors intersection,Normale,Deux véhicules - côté,,,,,,,,,,,1,2,1,1,3
200700058163,0007-09-21 12:30:00,7,9,21,12,30,920,62,BELLINI (RUE),,,Plein jour,En agglomération,Intersection en Y,Normale,Autre collision,,,,,,,,,,,1,2,4,1,6
200700058164,0007-09-22 15:20:00,7,9,22,15,20,920,62,"00, REPUBLIQUE (RUE DE L",,,Plein jour,En agglomération,Intersection en T,Normale,Deux véhicules - côté,,,,,,,,,,,1,2,3,1,3
200700058165,0007-09-05 10:25:00,7,9,5,10,25,920,63,"2, LATTRE DE TASSIGNY (A",,,Plein jour,En agglomération,Hors intersection,Normale,Autre collision,,,,,,,,,,,1,2,1,1,6
200700058166,0007-09-09 18:00:00,7,9,9,18,0,920,63,"113, DIX-HUIT JUIN 1940",,,Plein jour,En agglomération,Hors intersection,Normale,Deux véhicules - arrière,,,,,,,,,,,1,2,1,1,2
200700058167,0007-09-16 17:55:00,7,9,16,17,55,920,63,"2, CARREY DE BELLEMARE (",,,Plein jour,En agglomération,Hors intersection,Normale,Autre collision,,,,,,,,,,,1,2,1,1,6
200700058168,0007-09-18 09:40:00,7,9,18,9,40,920,63,"neant, HOPITAL STELL (BO",,,Plein jour,En agglomération,Hors intersection,Normale,Autre collision,,,,,,,,,,,1,2,1,1,6
200700058169,0007-09-19 07:50:00,7,9,19,7,50,920,63,HOPITAL STELL (BOULEVARD,,,Plein jour,En agglomération,Hors intersection,Normale,Deux véhicules - frontale,,,,,,,,,,,1,2,1,1,1
200700058170,0007-09-22 11:25:00,7,9,22,11,25,920,63,"70, BROSSOLETTE (RUE PIE",,,Plein jour,En agglomération,Autre intersection,Normale,Autre collision,,,,,,,,,,,1,2,9,1,6
200700058171,0007-09-22 15:20:00,7,9,22,15,20,920,63,"66, MONT VALERIEN (AVENU",,,Plein jour,En agglomération,Hors intersection,Normale,Deux véhicules - arrière,,,,,,,,,,,1,2,1,1,2
200700058172,0007-09-24 13:15:00,7,9,24,13,15,920,63,DOUMER (AVENUE PAUL) EST,,,Plein jour,En agglomération,Intersection en T,Normale,Deux véhicules - arrière,,,,,,,,,,,1,2,3,1,2
200700058173,0007-09-25 21:20:00,7,9,25,21,20,920,63,COLMAR (AVENUE DE),,,Crépuscule ou aube,En agglomération,Hors intersection,Temps couvert,Deux véhicules - arrière,,,,,,,,,,,2,2,1,8,2
200700058174,0007-09-25 18:40:00,7,9,25,18,40,920,63,DANTON (RUE),,,Plein jour,En agglomération,Intersection en T,Pluie légère,Deux véhicules - côté,,,,,,,,,,,1,2,3,2,3
200700058175,0007-09-27 18:10:00,7,9,27,18,10,920,63,"44, BONS RAISINS (RUE DE",,,Plein jour,En agglomération,Hors intersection,Normale,Autre collision,,,,,,,,,,,1,2,1,1,6
200700058176,0007-09-01 16:20:00,7,9,1,16,20,920,47,"03, RAYMOND POINCARE",,,Plein jour,En agglomération,Hors intersection,Normale,Deux véhicules - arrière,,,,,,,,,,,1,2,1,1,2
200700058177,0007-09-03 14:10:00,7,9,3,14,10,920,33,DIX NEUF JANVIER,,,Plein jour,En agglomération,Intersection en T,Normale,Deux véhicules - arrière,,,,,,,,,,,1,2,3,1,2
200700058178,0007-09-04 13:55:00,7,9,4,13,55,920,64,MONT VALERIEN,,,Plein jour,En agglomération,Intersection en T,Normale,Deux véhicules - côté,,,,,,,,,,,1,2,3,1,3
200700058179,0007-09-07 11:15:00,7,9,7,11,15,920,64,REPUBLIQUE,,,Plein jour,En agglomération,Intersection en T,Normale,Deux véhicules - côté,,,,,,,,,,,1,2,3,1,3
200700058180,0007-09-08 18:00:00,7,9,8,18,0,920,33,GARE,,,Plein jour,En agglomération,Autre intersection,Normale,Autre collision,,,,,,,,,,,1,2,9,1,6
200700058181,0007-09-12 17:25:00,7,9,12,17,25,920,64,"78, MARCEL DASSAULT",,,Plein jour,En agglomération,Hors intersection,Normale,Trois véhicules et plus - en chaîne,,,,,,,,,,,1,2,1,1,4
200700058182,0007-09-17 10:45:00,7,9,17,10,45,920,33,"10, SURESNES",,,Plein jour,En agglomération,Hors intersection,Normale,Autre collision,,,,,,,,,,,1,2,1,1,6
200700058183,0007-09-19 07:40:00,7,9,19,7,40,920,76,ETOILE ROND POINT,,,Crépuscule ou aube,En agglomération,Hors intersection,Normale,Sans collision,,,,,,,,,,,2,2,1,1,7
200700058184,0007-09-24 17:18:00,7,9,24,17,18,920,64,"12 bis, DAILLY",,,Plein jour,En agglomération,Hors intersection,Normale,Deux véhicules - côté,,,,,,,,,,,1,2,1,1,3
200700058185,0007-09-24 19:03:00,7,9,24,19,3,920,64,"853, CARNOT",,,Plein jour,En agglomération,Hors intersection,Normale,Deux véhicules - côté,,,,,,,,,,,1,2,1,1,3
200700058186,0007-09-28 12:10:00,7,9,28,12,10,920,64,"27, DAILLY",,,Plein jour,En agglomération,Hors intersection,Pluie légère,Deux véhicules - côté,,,,,,,,,,,1,2,1,2,3
200700058187,0007-09-14 23:17:00,7,9,14,23,17,920,72,"16, RENAN (RUE ERNEST)",,,Nuit avec éclairage allumé,En agglomération,Hors intersection,Normale,Deux véhicules - frontale,,,,,,,,,,,5,2,1,1,1
200700058188,0007-09-18 00:35:00,7,9,18,0,35,920,22,"., PAVE DES GARDES (ROUT",,,Nuit avec éclairage allumé,En agglomération,Hors intersection,Pluie légère,Autre collision,,,,,,,,,,,5,2,1,2,6
200700058189,0007-09-15 23:50:00,7,9,15,23,50,920,77,"95, VERSAILLES (RUE DE)",,,Nuit avec éclairage allumé,En agglomération,Hors intersection,Normale,Sans collision,,,,,,,,,,,5,2,1,1,7
200700058190,0007-09-20 09:00:00,7,9,20,9,0,920,72,"01, REGNAULT (AVENUE HEN",,,Plein jour,En agglomération,Hors intersection,Normale,Autre collision,,,,,,,,,,,1,2,1,1,6
200700058191,0007-09-20 18:10:00,7,9,20,18,10,920,72,"36, GRANDE RUE",,,Plein jour,En agglomération,Hors intersection,Normale,Autre collision,,,,,,,,,,,1,2,1,1,6
200700058192,0007-09-26 20:50:00,7,9,26,20,50,920,72,"., PAVE DES GARDES (ROUT",,,Nuit avec éclairage allumé,En agglomération,Intersection en T,Pluie légère,Deux véhicules - côté,,,,,,,,,,,5,2,3,2,3
200700058193,0007-09-28 08:10:00,7,9,28,8,10,920,22,"., PAVE DE MEUDON (ROUTE",,,Plein jour,En agglomération,Hors intersection,Pluie légère,Sans collision,,,,,,,,,,,1,2,1,2,7
200700058194,0007-09-28 10:32:00,7,9,28,10,32,920,72,"., MANUFACTURE NATIONALE",,,Plein jour,En agglomération,Hors intersection,Pluie légère,Deux véhicules - arrière,,,,,,,,,,,1,2,1,2,2
200700058195,0007-09-29 15:00:00,7,9,29,15,0,920,22,"231, SALENGRO (AVENUE RO",,,Plein jour,En agglomération,Hors intersection,Normale,Autre collision,,,,,,,,,,,1,2,1,1,6
200700058196,0007-09-28 17:45:00,7,9,28,17,45,920,22,"., JOUY (RUE DE)",,,Plein jour,En agglomération,Intersection en X,Pluie légère,Deux véhicules - côté,,,,,,,,,,,1,2,2,2,3
200700058197,0007-09-01 10:30:00,7,9,1,10,30,920,73,"2, BLUM (QUAI LEON)",,,Plein jour,En agglomération,Intersection en T,Normale,Deux véhicules - côté,,,,,,,,,,,1,2,3,1,3
200700058198,0007-09-08 10:45:00,7,9,8,10,45,920,73,"22, VAILLANT (AVENUE EDO",,,Plein jour,En agglomération,Hors intersection,Normale,Autre collision,,,,,,,,,,,1,2,1,1,6
200700058199,0007-09-12 13:12:00,7,9,12,13,12,920,73,SELLIER (BOULEVARD HENRI,,,Plein jour,En agglomération,Autre intersection,Normale,Sans collision,,,,,,,,,,,1,2,9,1,7
200700058200,0007-09-17 10:25:00,7,9,17,10,25,920,73,BAS ROGERS (RUE DES),,,Plein jour,En agglomération,Autre intersection,Normale,Sans collision,,,,,,,,,,,1,2,9,1,7
200700058201,0007-09-19 19:30:00,7,9,19,19,30,920,73,"2, CARNOT (RUE)",,,Plein jour,En agglomération,Intersection en X,Normale,Deux véhicules - côté,,,,,,,,,,,1,2,2,1,3
200700058202,0007-09-20 14:20:00,7,9,20,14,20,920,73,"40, ROOSVELT (AVENUE FRA",,,Plein jour,En agglomération,Intersection en X,Normale,Autre collision,,,,,,,,,,,1,2,2,1,6
200700058203,0007-09-26 16:55:00,7,9,26,16,55,920,73,"16, LECLERC (PLACE DU GE",,,Plein jour,En agglomération,Hors intersection,Pluie légère,Autre collision,,,,,,,,,,,1,2,1,2,6
200700058204,0007-09-12 08:10:00,7,9,12,8,10,920,46,"-, PIERRE BROSSOLETTE",,,Plein jour,En agglomération,Intersection en T,Normale,Autre collision,,,,,,,,,,,1,2,3,1,6
200700058205,0007-09-14 20:00:00,7,9,14,20,0,920,46,"115, GABRIEL PERI",,,Crépuscule ou aube,En agglomération,Hors intersection,Normale,Autre collision,,,,,,,,,,,2,2,1,1,6
200700058206,0007-09-20 18:45:00,7,9,20,18,45,920,46,Charles de gaulle,,,Plein jour,En agglomération,Intersection en T,Normale,Deux véhicules - côté,,,,,,,,,,,1,2,3,1,3
200700058207,0007-09-24 20:25:00,7,9,24,20,25,920,46,PIERRE BROSSOLETTE,,,Nuit avec éclairage allumé,En agglomération,Intersection en T,Normale,Autre collision,,,,,,,,,,,5,2,3,1,6
200700058208,0007-09-24 18:20:00,7,9,24,18,20,920,75,"103, VICTOR HUGO (RUE)",,,Crépuscule ou aube,En agglomération,Hors intersection,Normale,Sans collision,,,,,,,,,,,2,2,1,1,7
200700058209,0007-09-15 20:50:00,7,9,15,20,50,920,78,VERDUN (AVENUE) (PAIRS 9,,,Nuit avec éclairage allumé,En agglomération,Autre intersection,Normale,Autre collision,,,,,,,,,,,5,2,9,1,6
200700058210,0007-09-20 13:30:00,7,9,20,13,30,920,78,GALLIENI (BD) (154 ET 21,,,Plein jour,En agglomération,Intersection en T,Normale,Autre collision,,,,,,,,,,,1,2,3,1,6
200700058211,0007-09-21 15:50:00,7,9,21,15,50,920,26,"0.1, avenue de l'arche",,,Plein jour,En agglomération,Intersection en Y,Normale,Deux véhicules - côté,,,,,,,,,,,1,2,4,1,3
200700058212,0007-09-03 16:45:00,7,9,3,16,45,930,1,"77, VICTOR HUGO (AVE)  N",,,Plein jour,En agglomération,Hors intersection,Normale,Deux véhicules - côté,,,,,,,,,,,1,2,1,1,3
200700058213,0007-09-03 17:55:00,7,9,3,17,55,930,1,"52, SAINT-DENIS (RUE DE)",,,Plein jour,En agglomération,Hors intersection,Normale,Autre collision,,,,,,,,,,,1,2,1,1,6
200700058214,0007-09-06 20:30:00,7,9,6,20,30,930,1,"23, REPUBLIQUE (AVE DE L",,,Plein jour,En agglomération,Hors intersection,Normale,Deux véhicules - côté,,,,,,,,,,,1,2,1,1,3
200700058215,0007-09-10 16:20:00,7,9,10,16,20,930,1,"213, JEAN JAURES  (AVE)",,,Plein jour,En agglomération,Hors intersection,Normale,Deux véhicules - côté,,,,,,,,,,,1,2,1,1,3
200700058216,0007-09-11 12:20:00,7,9,11,12,20,930,1,"50, HEMET (RUE) (PAIR)",,,Plein jour,En agglomération,Hors intersection,Normale,Deux véhicules - frontale,,,,,,,,,,,1,2,1,1,1
200700058217,0007-09-12 12:35:00,7,9,12,12,35,930,1,MAGASINS GENERAUX (AVENU,,,Plein jour,En agglomération,Hors intersection,Normale,Deux véhicules - côté,,,,,,,,,,,1,2,1,1,3
200700058218,0007-09-14 15:50:00,7,9,14,15,50,930,1,"08, MOUTIER (RUE DU)  =>",,,Plein jour,En agglomération,Intersection en T,Normale,Autre collision,,,,,,,,,,,1,2,3,1,6
200700058219,0007-09-15 16:25:00,7,9,15,16,25,930,1,"189, VICTOR HUGO (AVE)",,,Plein jour,En agglomération,Hors intersection,Normale,Deux véhicules - côté,,,,,,,,,,,1,2,1,1,3
200700058220,0007-09-18 20:00:00,7,9,18,20,0,930,1,JEAN JAURES (AVE) 55 A 1,,,Plein jour,En agglomération,Hors intersection,Normale,Autre collision,,,,,,,,,,,1,2,1,1,6
200700058221,0007-09-28 00:50:00,7,9,28,0,50,930,1,VICTOR HUGO (AVE)  => 12,,,Nuit avec éclairage allumé,En agglomération,Intersection en X,Pluie légère,Deux véhicules - arrière,,,,,,,,,,,5,2,2,2,2
200700058222,0007-09-28 20:25:00,7,9,28,20,25,930,1,PRESIDENT ROOSEVELT (AVE,,,Nuit sans éclairage public,En agglomération,Intersection en X,Pluie légère,Autre collision,,,,,,,,,,,3,2,2,2,6
200700058223,0007-09-29 22:45:00,7,9,29,22,45,930,1,ADRIEN AGNES (QUAI),,,Nuit avec éclairage allumé,En agglomération,Intersection en X,Pluie légère,Trois véhicules et plus - collisions multiples,,,,,,,,,,,5,2,2,2,5
200700058224,0007-09-01 18:00:00,7,9,1,18,0,930,5,MITRY [CD115] (ROUTE DE),,,Plein jour,En agglomération,Intersection en X,Normale,Deux véhicules - côté,,,,,,,,,,,1,2,2,1,3
200700058225,0007-09-06 16:10:00,7,9,6,16,10,930,5,"neant, RAOUL DUFY (AVENU",,,Plein jour,En agglomération,Intersection en T,Normale,Deux véhicules - arrière,,,,,,,,,,,1,2,3,1,2
200700058226,0007-09-06 11:00:00,7,9,6,11,0,930,5,PARINOR,,,Plein jour,En agglomération,Hors intersection,Normale,Autre collision,,,,,,,,,,,1,2,1,1,6
200700058227,0007-09-13 18:35:00,7,9,13,18,35,930,5,MITRY [CD115] (RUE DE),,,Plein jour,En agglomération,Hors intersection,Normale,Deux véhicules - arrière,,,,,,,,,,,1,2,1,1,2
200700058228,0007-09-13 19:50:00,7,9,13,19,50,930,5,JACQUES DUCLOS [CD44] (R,,,Plein jour,En agglomération,Hors intersection,Normale,Deux véhicules - arrière,,,,,,,,,,,1,2,1,1,2
200700058229,0007-09-16 10:00:00,7,9,16,10,0,930,5,PETITS PONTS (ROUTE DES),,,Plein jour,En agglomération,Hors intersection,Normale,Sans collision,,,,,,,,,,,1,2,1,1,7
200700058230,0007-09-17 17:30:00,7,9,17,17,30,930,5,MITRY [CD115] (RUE DE),,,Plein jour,En agglomération,Hors intersection,Normale,Autre collision,,,,,,,,,,,1,2,1,1,6
200700058231,0007-09-20 11:15:00,7,9,20,11,15,930,5,ANTOINE BOURDELLE (AVENU,,,Plein jour,En agglomération,Hors intersection,Normale,Autre collision,,,,,,,,,,,1,2,1,1,6
200700058232,0007-09-22 10:35:00,7,9,22,10,35,930,5,"NEANT, GARONOR",,,Plein jour,Hors agglomération,Hors intersection,Normale,Deux véhicules - frontale,,,,,,,,,,,1,1,1,1,1
200700058233,0007-09-22 20:15:00,7,9,22,20,15,930,5,ANATOLE FRANCE (AVENUE),,,Nuit sans éclairage public,En agglomération,Hors intersection,Autre,Deux véhicules - côté,,,,,,,,,,,3,2,1,9,3
200700058234,0007-09-10 21:03:00,7,9,10,21,3,930,7,"0.000, ""HENRI BARBUSSE (",,,Nuit avec éclairage allumé,En agglomération,Hors intersection,Normale,Autre collision,,,,,,,,,,,5,2,1,1,6
200700058235,0007-09-15 02:35:00,7,9,15,2,35,930,7,DIVISION LECLERC (AVENUE,,,Nuit avec éclairage allumé,En agglomération,Hors intersection,Normale,Autre collision,,,,,,,,,,,5,2,1,1,6
200700058236,0007-09-21 20:10:00,7,9,21,20,10,930,7,CHARLES FLOQUET (AVENUE),,,Nuit avec éclairage allumé,En agglomération,Hors intersection,Normale,Deux véhicules - côté,,,,,,,,,,,5,2,1,1,3
200700058237,0007-09-22 21:45:00,7,9,22,21,45,930,7,8 MAI 45 (AVENUE DU 184,,,Nuit avec éclairage allumé,En agglomération,Intersection en T,Normale,Deux véhicules - côté,,,,,,,,,,,5,2,3,1,3
200700058238,0007-09-30 18:15:00,7,9,30,18,15,930,7,VLADIMIR I. LENINE (DU 5,,,Plein jour,En agglomération,Intersection en T,Normale,Deux véhicules - côté,,,,,,,,,,,1,2,3,1,3
200700058239,0007-09-03 18:30:00,7,9,3,18,30,930,8,"29, VAILLANT (AVENUE EDO",,,Plein jour,En agglomération,Hors intersection,Normale,Autre collision,,,,,,,,,,,1,2,1,1,6
200700058240,0007-09-06 19:23:00,7,9,6,19,23,930,8,"5, PARIS (RUE DE)",,,Plein jour,En agglomération,Hors intersection,Pluie légère,Autre collision,,,,,,,,,,,1,2,1,2,6
200700058241,0007-09-12 08:40:00,7,9,12,8,40,930,8,"2bis, REPUBLIQUE (RUE DE",,,Plein jour,En agglomération,Hors intersection,Normale,Deux véhicules - côté,,,,,,,,,,,1,2,1,1,3
200700058242,0007-09-12 12:30:00,7,9,12,12,30,930,8,VAILLANT COUTURIER (AVEN,,,Plein jour,En agglomération,Intersection en Y,Normale,Deux véhicules - côté,,,,,,,,,,,1,2,4,1,3
200700058243,0007-09-14 13:20:00,7,9,14,13,20,930,8,FRACHON (RUE BENOIT),,,Plein jour,En agglomération,Intersection en T,Normale,Deux véhicules - arrière,,,,,,,,,,,1,2,3,1,2
200700058244,0007-09-20 16:00:00,7,9,20,16,0,930,8,"38, BERLIOZ (RUE HECTOR)",,,Plein jour,En agglomération,Passage à niveau,Normale,Deux véhicules - côté,,,,,,,,,,,1,2,8,1,3
200700058245,0007-09-21 14:30:00,7,9,21,14,30,930,8,EINSTEIN (RUE ALBERT),,,Plein jour,En agglomération,Hors intersection,Normale,Deux véhicules - côté,,,,,,,,,,,1,2,1,1,3
200700058246,0007-09-27 09:30:00,7,9,27,9,30,930,8,PICASSO (RUE PABLO),,,Plein jour,En agglomération,Intersection en T,Normale,Sans collision,,,,,,,,,,,1,2,3,1,7
200700058247,0007-09-17 21:35:00,7,9,17,21,35,930,10,"181, ROSNY (AV. DE)",,,Nuit avec éclairage allumé,En agglomération,Hors intersection,Pluie légère,Deux véhicules - arrière,,,,,,,,,,,5,2,1,2,2
200700058248,0007-09-02 18:35:00,7,9,2,18,35,930,57,"IGNORE, BRIAND ( AV. ARI",,,Plein jour,En agglomération,Hors intersection,Normale,Autre collision,,,,,,,,,,,1,2,1,1,6
200700058249,0007-09-04 22:40:00,7,9,4,22,40,930,10,"IGNORE, GALLIENI (AV.) D",,,Nuit avec éclairage allumé,En agglomération,Intersection en T,Normale,Deux véhicules - côté,,,,,,,,,,,5,2,3,1,3
200700058250,0007-09-05 16:20:00,7,9,5,16,20,930,10,"12, VERGER (RUE DU)",,,Plein jour,En agglomération,Giratoire,Normale,Deux véhicules - côté,,,,,,,,,,,1,2,6,1,3
200700058251,0007-09-10 06:30:00,7,9,10,6,30,930,10,"ING, GALLIENI (AV.) DE 1",,,Crépuscule ou aube,En agglomération,Hors intersection,Normale,Deux véhicules - arrière,,,,,,,,,,,2,2,1,1,2
200700058252,0007-09-10 18:50:00,7,9,10,18,50,930,57,"31, LECLERC (AV. DU GENE",,,Plein jour,En agglomération,Hors intersection,Normale,Autre collision,,,,,,,,,,,1,2,1,1,6
200700058253,0007-09-12 17:00:00,7,9,12,17,0,930,10,"24, ETOILE (AL. DE L')",,,Plein jour,En agglomération,Intersection en T,Normale,Deux véhicules - côté,,,,,,,,,,,1,2,3,1,3
200700058254,0007-09-14 09:00:00,7,9,14,9,0,930,10,"59, GUESDES (RUE JULES)",,,Plein jour,En agglomération,Hors intersection,Normale,Deux véhicules - côté,,,,,,,,,,,1,2,1,1,3
200700058255,0007-09-14 13:50:00,7,9,14,13,50,930,10,"28, PROMENADE (VOIE)",,,Plein jour,En agglomération,Hors intersection,Normale,Sans collision,,,,,,,,,,,1,2,1,1,7
200700058256,0007-09-18 20:15:00,7,9,18,20,15,930,57,"31, BRIAND ( AV. ARISTID",,,Nuit avec éclairage allumé,En agglomération,Hors intersection,Normale,Autre collision,,,,,,,,,,,5,2,1,1,6
200700058257,0007-09-25 10:20:00,7,9,25,10,20,930,10,"IGNORE, AULNAY (ROUTE) C",,,Plein jour,En agglomération,Autre intersection,Normale,Autre collision,,,,,,,,,,,1,2,9,1,6
200700058258,0007-09-26 11:40:00,7,9,26,11,40,930,57,"68, BROSSOLETTE (AL. PIE",,,Plein jour,En agglomération,Intersection en X,Normale,Deux véhicules - côté,,,,,,,,,,,1,2,2,1,3
200700058259,0007-09-20 15:30:00,7,9,20,15,30,930,30,"00, HUIT-MAI-1945 (AVENU",,,Plein jour,En agglomération,Intersection en T,Normale,Deux véhicules - côté,,,,,,,,,,,1,2,3,1,3
200700058260,0007-09-12 17:05:00,7,9,12,17,5,930,13,"64/66, LECLERC (AVENU DE",,,Plein jour,En agglomération,Intersection en T,Normale,Sans collision,,,,,,,,,,,1,2,3,1,7
200700058261,0007-09-28 15:05:00,7,9,28,15,5,930,27,SAINT-DENIS (RUE DE),,,Plein jour,En agglomération,Hors intersection,Pluie forte,Deux véhicules - côté,,,,,,,,,,,1,2,1,3,3
200700058262,0007-09-04 18:00:00,7,9,4,18,0,930,27,"44, QUINET (RUE EDGAR)",,,Plein jour,En agglomération,Hors intersection,Normale,Deux véhicules - arrière,,,,,,,,,,,1,2,1,1,2
200700058263,0007-09-15 16:20:00,7,9,15,16,20,930,27,PASTEUR (BOULEVARD) DE 1,,,Plein jour,En agglomération,Hors intersection,Normale,Trois véhicules et plus - collisions multiples,,,,,,,,,,,1,2,1,1,5
200700058264,0007-09-16 01:30:00,7,9,16,1,30,930,27,"02, VAILLANT-COUTURIER (",,,Nuit avec éclairage allumé,En agglomération,Intersection en T,Normale,Autre collision,,,,,,,,,,,5,2,3,1,6
200700058265,0007-09-22 17:30:00,7,9,22,17,30,930,27,"10, ROCHET (RUE WALDECK)",,,Plein jour,En agglomération,Intersection en X,Normale,Deux véhicules - côté,,,,,,,,,,,1,2,2,1,3
200700058266,0007-09-27 22:50:00,7,9,27,22,50,930,13,"5, VAILLANT (RUE EDOUARD",,,Nuit avec éclairage allumé,En agglomération,Hors intersection,Pluie forte,Deux véhicules - côté,,,,,,,,,,,5,2,1,3,3
200700058267,0007-09-28 12:10:00,7,9,28,12,10,930,30,"00, GUYNEMERS (RUE GEORG",,,Plein jour,En agglomération,Passage à niveau,Pluie légère,Sans collision,,,,,,,,,,,1,2,8,2,7
200700058268,0007-09-07 07:55:00,7,9,7,7,55,930,29,SADI CARNOT,,,Plein jour,En agglomération,Intersection en X,Normale,Deux véhicules - arrière,,,,,,,,,,,1,2,2,1,2
200700058269,0007-09-15 21:00:00,7,9,15,21,0,930,29,"130, STALINGRAD (DE)",,,Nuit avec éclairage allumé,En agglomération,Hors intersection,Normale,Autre collision,,,,,,,,,,,5,2,1,1,6
200700058270,0007-09-16 19:05:00,7,9,16,19,5,930,29,"54, REPUBLIQUE (DE LA) N",,,Plein jour,En agglomération,Intersection en X,Normale,Deux véhicules - côté,,,,,,,,,,,1,2,2,1,3
200700058271,0007-09-22 11:30:00,7,9,22,11,30,930,29,"280, JEAN JAURES (AVENUE",,,Plein jour,En agglomération,Hors intersection,Normale,Deux véhicules - arrière,,,,,,,,,,,1,2,1,1,2
200700058272,0007-09-23 18:15:00,7,9,23,18,15,930,29,"60, AUGUSTE BLANQUI",,,Plein jour,En agglomération,Hors intersection,Normale,Autre collision,,,,,,,,,,,1,2,1,1,6
200700058273,0007-09-26 22:15:00,7,9,26,22,15,930,29,"81, SADI CARNOT",,,Nuit avec éclairage allumé,En agglomération,Hors intersection,Pluie légère,Deux véhicules - côté,,,,,,,,,,,5,2,1,2,3
200700058274,0007-09-05 12:55:00,7,9,5,12,55,930,31,"0, JOFFRE (AVENUE)",,,Plein jour,En agglomération,Intersection en X,Normale,Deux véhicules - côté,,,,,,,,,,,1,2,2,1,3
200700058275,0007-09-07 23:30:00,7,9,7,23,30,930,31,"0, CYGNE D'ENGHIEN",,,Nuit avec éclairage allumé,En agglomération,Giratoire,Normale,Deux véhicules - côté,,,,,,,,,,,5,2,6,1,3
200700058276,0007-09-10 12:15:00,7,9,10,12,15,930,79,"114, SAINT LEU (ROUTE)",,,Plein jour,En agglomération,Hors intersection,Normale,Autre collision,,,,,,,,,,,1,2,1,1,6
200700058277,0007-09-15 14:00:00,7,9,15,14,0,930,31,"128, JOFFRE (AVENUE)",,,Plein jour,En agglomération,Hors intersection,Normale,Autre collision,,,,,,,,,,,1,2,1,1,6
200700058278,0007-09-17 20:05:00,7,9,17,20,5,930,31,"76, GALLIENI (AVENUE)",,,Nuit avec éclairage allumé,En agglomération,Hors intersection,Pluie légère,Autre collision,,,,,,,,,,,5,2,1,2,6
200700058279,0007-09-18 16:25:00,7,9,18,16,25,930,31,"52, FOCH (BOULEVARD)",,,Plein jour,En agglomération,Hors intersection,Normale,Deux véhicules - côté,,,,,,,,,,,1,2,1,1,3
200700058280,0007-09-24 12:35:00,7,9,24,12,35,930,31,"34, FELIX MERLIN",,,Plein jour,En agglomération,Hors intersection,Normale,Deux véhicules - côté,,,,,,,,,,,1,2,1,1,3
200700058281,0007-09-28 10:30:00,7,9,28,10,30,930,79,"99, UNIVERSITE",,,Plein jour,En agglomération,Hors intersection,Pluie légère,Deux véhicules - arrière,,,,,,,,,,,1,2,1,2,2
200700058282,0007-09-01 11:00:00,7,9,1,11,0,930,32,"2, FONTAINE VARENNE",,,Plein jour,En agglomération,Intersection en T,Normale,Autre collision,,,,,,,,,,,1,2,3,1,6
200700058283,0007-09-02 17:40:00,7,9,2,17,40,930,47,UTRILLO  (RUE),,,Plein jour,En agglomération,Intersection en T,Normale,Deux véhicules - frontale,,,,,,,,,,,1,2,3,1,1
200700058284,0007-09-08 15:30:00,7,9,8,15,30,930,32,FOCH   (PLACE),,,Plein jour,En agglomération,Hors intersection,Normale,Autre collision,,,,,,,,,,,1,2,1,1,6
200700058285,0007-09-12 09:00:00,7,9,12,9,0,930,32,PAUL VAILLANT COUTURIER,,,Plein jour,En agglomération,Hors intersection,Normale,Autre collision,,,,,,,,,,,1,2,1,1,6
200700058286,0007-09-15 11:15:00,7,9,15,11,15,930,32,"2, EMILE  COSSONNEAU  (A",,,Plein jour,En agglomération,Hors intersection,Normale,Autre collision,,,,,,,,,,,1,2,1,1,6
200700058287,0007-09-20 18:35:00,7,9,20,18,35,930,32,"39, CHEMIN DE FER   (RUE",,,Plein jour,En agglomération,Hors intersection,Normale,Autre collision,,,,,,,,,,,1,2,1,1,6
200700058288,0007-09-21 22:15:00,7,9,21,22,15,930,47,EUROPE (BOULEVARD DE L'),,,Nuit avec éclairage allumé,En agglomération,Giratoire,Normale,Sans collision,,,,,,,,,,,5,2,6,1,7