accident_id,datetime,annee,mois,jour,heure,minute,departement,commune_insee,adresse,latitude,longitude,luminosite,agglomeration,intersection,meteo,collision,nb_vehicules,nb_usagers,nb_indemnes,nb_tues,nb_blesses_hosp,nb_blesses_legers,age_cond_1,age_cond_2,veh_type_cond_1,veh_type_cond_2,lum_code,agg_code,int_code,atm_code,col_code
200700058289,0007-09-25 11:55:00,7,9,25,11,55,930,47,JEAN JAURES (AVENUE),,,Plein jour,En agglomération,Intersection en Y,Temps éblouissant,Deux véhicules - côté,,,,,,,,,,,1,2,4,7,3
200700058290,0007-09-25 19:45:00,7,9,25,19,45,930,32,PAUL VAILLANT COUTURIER,,,Nuit avec éclairage allumé,En agglomération,Intersection en Y,Pluie légère,Deux véhicules - côté,,,,,,,,,,,5,2,4,2,3
200700058291,0007-09-26 15:00:00,7,9,26,15,0,930,32,PAUL VAILLANT COUTURIER,,,Plein jour,En agglomération,Intersection en T,Pluie forte,Deux véhicules - côté,,,,,,,,,,,1,2,3,3,3
200700058292,0007-09-30 21:15:00,7,9,30,21,15,930,32,DAHLIAS (RUE DES),,,Nuit avec éclairage non allumé,En agglomération,Intersection en Y,Normale,Deux véhicules - côté,,,,,,,,,,,4,2,4,1,3
200700058293,0007-09-01 12:15:00,7,9,1,12,15,930,61,"17, PERI GABRIEL RUE",,,Plein jour,En agglomération,Hors intersection,Temps couvert,Autre collision,,,,,,,,,,,1,2,1,8,6
200700058294,0007-09-01 22:30:00,7,9,1,22,30,930,45,"2, PARIS RUE DE",,,Nuit avec éclairage allumé,En agglomération,Intersection en X,Normale,Deux véhicules - côté,,,,,,,,,,,5,2,2,1,3
200700058295,0007-09-03 19:25:00,7,9,3,19,25,930,6,REPUBLIQUE AVENUE DE LA,,,Plein jour,En agglomération,Hors intersection,Normale,Deux véhicules - arrière,,,,,,,,,,,1,2,1,1,2
200700058296,0007-09-05 19:15:00,7,9,5,19,15,930,6,LENINE RUE,,,Plein jour,En agglomération,Intersection en T,Normale,Deux véhicules - côté,,,,,,,,,,,1,2,3,1,3
200700058297,0007-09-09 19:15:00,7,9,9,19,15,930,45,"55-57, DECROS EUGENE BOU",,,Plein jour,En agglomération,Intersection en T,Normale,Deux véhicules - côté,,,,,,,,,,,1,2,3,1,3
200700058298,0007-09-10 13:05:00,7,9,10,13,5,930,61,"76, JOINEAU ANDRE RUE",,,Plein jour,En agglomération,Intersection en T,Normale,Autre collision,,,,,,,,,,,1,2,3,1,6
200700058299,0007-09-11 09:00:00,7,9,11,9,0,930,63,"12, BRANLY BD EDOUARD",,,Plein jour,En agglomération,Hors intersection,Normale,Deux véhicules - arrière,,,,,,,,,,,1,2,1,1,2
200700058300,0007-09-12 19:30:00,7,9,12,19,30,930,63,"88, KERAUTRET AVENUE PIE",,,Nuit avec éclairage allumé,En agglomération,Hors intersection,Normale,Deux véhicules - côté,,,,,,,,,,,5,2,1,1,3
200700058301,0007-09-13 18:00:00,7,9,13,18,0,930,63,METZ AVENUE DE,,,Plein jour,En agglomération,Autre intersection,Normale,Autre collision,,,,,,,,,,,1,2,9,1,6
200700058302,0007-09-14 15:20:00,7,9,14,15,20,930,6,MALMAISON RUE,,,Plein jour,En agglomération,Hors intersection,Normale,Autre collision,,,,,,,,,,,1,2,1,1,6
200700058303,0007-09-15 14:00:00,7,9,15,14,0,930,63,VERDUN AVENUE DE,,,Plein jour,En agglomération,Autre intersection,Normale,Autre collision,,,,,,,,,,,1,2,9,1,6
200700058304,0007-09-15 16:45:00,7,9,15,16,45,930,6,"16bis, FLOREAL RUE",,,Plein jour,En agglomération,Hors intersection,Normale,Autre collision,,,,,,,,,,,1,2,1,1,6
200700058305,0007-09-15 16:40:00,7,9,15,16,40,930,45,"1, ROLLAND ROMAIN RUE",,,Plein jour,En agglomération,Hors intersection,Normale,Autre collision,,,,,,,,,,,1,2,1,1,6
200700058306,0007-09-16 13:35:00,7,9,16,13,35,930,63,"9, BENFLEET RUE DE",,,Plein jour,En agglomération,Hors intersection,Normale,Deux véhicules - côté,,,,,,,,,,,1,2,1,1,3
200700058307,0007-09-18 17:25:00,7,9,18,17,25,930,45,"41, BRUYERES RUE DES",,,Plein jour,En agglomération,Hors intersection,Pluie légère,Sans collision,,,,,,,,,,,1,2,1,2,7
200700058308,0007-09-20 11:15:00,7,9,20,11,15,930,63,NOISY ROUTE DE,,,Plein jour,En agglomération,Hors intersection,Normale,Autre collision,,,,,,,,,,,1,2,1,1,6
200700058309,0007-09-21 22:15:00,7,9,21,22,15,930,45,"51, LIBERTE BD DE LA",,,Nuit avec éclairage allumé,En agglomération,Hors intersection,Normale,Deux véhicules - côté,,,,,,,,,,,5,2,1,1,3
200700058310,0007-09-24 14:25:00,7,9,24,14,25,930,63,"159, NOISY ROUTE DE",,,Plein jour,En agglomération,Hors intersection,Temps couvert,Deux véhicules - côté,,,,,,,,,,,1,2,1,8,3
200700058311,0007-09-26 14:25:00,7,9,26,14,25,930,61,FAIDHERBE AVENUE,,,Plein jour,En agglomération,Intersection en X,Pluie légère,Deux véhicules - côté,,,,,,,,,,,1,2,2,2,3
200700058312,0007-09-27 10:30:00,7,9,27,10,30,930,6,"sans objet, DHUYS AV DE",,,Plein jour,Hors agglomération,Hors intersection,Normale,Autre collision,,,,,,,,,,,1,1,1,1,6
200700058313,0007-09-29 17:00:00,7,9,29,17,0,930,61,"8, JAURES AVENUE JEAN",,,Plein jour,En agglomération,Intersection en X,Normale,Deux véhicules - côté,,,,,,,,,,,1,2,2,1,3
200700058314,0007-09-29 20:05:00,7,9,29,20,5,930,6,"35, REPUBLIQUE AVENUE DE",,,Nuit avec éclairage allumé,En agglomération,Intersection en X,Normale,Autre collision,,,,,,,,,,,5,2,2,1,6
200700058315,0007-09-02 18:25:00,7,9,2,18,25,930,46,LIEGEARD AVENUE,,,Plein jour,En agglomération,Intersection en T,Normale,Deux véhicules - côté,,,,,,,,,,,1,2,3,1,3
200700058316,0007-09-04 07:20:00,7,9,4,7,20,930,46,JEAN MOULIN BOULEVARD,,,Plein jour,En agglomération,Intersection en T,Normale,Deux véhicules - côté,,,,,,,,,,,1,2,3,1,3
200700058317,0007-09-04 08:50:00,7,9,4,8,50,930,46,MARECHAL LECLERC AVENUE,,,Plein jour,En agglomération,Hors intersection,Normale,Deux véhicules - côté,,,,,,,,,,,1,2,1,1,3
200700058318,0007-09-13 20:00:00,7,9,13,20,0,930,46,CHARLES HIVER RUE,,,Nuit avec éclairage allumé,En agglomération,Hors intersection,Normale,Autre collision,,,,,,,,,,,5,2,1,1,6
200700058319,0007-09-14 16:50:00,7,9,14,16,50,930,46,CAMILLE DESMOULINS AVENU,,,Plein jour,En agglomération,Intersection en X,Normale,Deux véhicules - frontale,,,,,,,,,,,1,2,2,1,1
200700058320,0007-09-15 18:20:00,7,9,15,18,20,930,74,LATTRE DE TASSIGNY AVENU,,,Plein jour,En agglomération,Hors intersection,Normale,Deux véhicules - côté,,,,,,,,,,,1,2,1,1,3
200700058321,0007-09-16 11:30:00,7,9,16,11,30,930,46,"3, GUTEMBERG BOULEVARD",,,Plein jour,En agglomération,Intersection en T,Normale,Deux véhicules - côté,,,,,,,,,,,1,2,3,1,3
200700058322,0007-09-17 13:20:00,7,9,17,13,20,930,46,"77, CONSUL GENERAL NORDL",,,Plein jour,En agglomération,Intersection en X,Normale,Deux véhicules - côté,,,,,,,,,,,1,2,2,1,3
200700058323,0007-09-18 19:00:00,7,9,18,19,0,930,46,LEON LUM AVENUE,,,Plein jour,En agglomération,Hors intersection,Temps couvert,Trois véhicules et plus - en chaîne,,,,,,,,,,,1,2,1,8,4
200700058324,0007-09-19 08:10:00,7,9,19,8,10,930,15,BOIS DE BERNOUILLE ROUTE,,,Crépuscule ou aube,Hors agglomération,Hors intersection,Normale,Sans collision,,,,,,,,,,,2,1,1,1,7
200700058325,0007-09-23 03:20:00,7,9,23,3,20,930,74,MEAUX RUE DE,,,Nuit avec éclairage allumé,En agglomération,Intersection en X,Normale,Deux véhicules - côté,,,,,,,,,,,5,2,2,1,3
200700058326,0007-09-23 16:20:00,7,9,23,16,20,930,46,LEON BLUM CITE,,,Plein jour,En agglomération,Hors intersection,Normale,Trois véhicules et plus - en chaîne,,,,,,,,,,,1,2,1,1,4
200700058327,0007-09-25 08:50:00,7,9,25,8,50,930,74,BOUCHER RUE ALEXANDRE,,,Plein jour,En agglomération,Intersection en T,Normale,Deux véhicules - côté,,,,,,,,,,,1,2,3,1,3
200700058328,0007-09-25 21:10:00,7,9,25,21,10,930,46,JULES GUESDES AVENUE,,,Nuit avec éclairage allumé,En agglomération,Intersection en X,Pluie légère,Trois véhicules et plus - collisions multiples,,,,,,,,,,,5,2,2,2,5
200700058329,0007-09-04 13:10:00,7,9,4,13,10,930,48,"3, 18 AOUT (RUE DU)",,,Plein jour,En agglomération,Hors intersection,Normale,Deux véhicules - arrière,,,,,,,,,,,1,2,1,1,2
200700058330,0007-09-05 09:30:00,7,9,5,9,30,930,48,GABRIEL PERI (AVENUE),,,Plein jour,En agglomération,Intersection en X,Normale,Deux véhicules - côté,,,,,,,,,,,1,2,2,1,3
200700058331,0007-09-08 15:05:00,7,9,8,15,5,930,48,"99, PARIS (RUE DE)",,,Plein jour,En agglomération,Intersection en T,Normale,Deux véhicules - côté,,,,,,,,,,,1,2,3,1,3
200700058332,0007-09-12 09:45:00,7,9,12,9,45,930,48,"44, PRESIDENT WILSON (AV",,,Plein jour,En agglomération,Hors intersection,Normale,Autre collision,,,,,,,,,,,1,2,1,1,6
200700058333,0007-09-15 00:55:00,7,9,15,0,55,930,48,"240, PARIS (RUE DE)",,,Nuit avec éclairage allumé,En agglomération,Intersection à plus de 4 branches,Normale,Deux véhicules - côté,,,,,,,,,,,5,2,5,1,3
200700058334,0007-09-19 00:05:00,7,9,19,0,5,930,48,"123, ARISTIDE BRIAND (BO",,,Nuit avec éclairage allumé,En agglomération,Hors intersection,Normale,Autre collision,,,,,,,,,,,5,2,1,1,6
200700058335,0007-09-21 19:30:00,7,9,21,19,30,930,48,"1, RAPATEL (RUE)",,,Plein jour,En agglomération,Intersection en X,Normale,Deux véhicules - côté,,,,,,,,,,,1,2,2,1,3
200700058336,0007-09-24 01:55:00,7,9,24,1,55,930,48,"63, ROMAINVILLE (RUE DE)",,,Nuit avec éclairage allumé,En agglomération,Autre intersection,Normale,Autre collision,,,,,,,,,,,5,2,9,1,6
200700058337,0007-09-24 20:25:00,7,9,24,20,25,930,48,"80, PARIS (RUE DE)",,,Nuit avec éclairage allumé,En agglomération,Hors intersection,Normale,Autre collision,,,,,,,,,,,5,2,1,1,6
200700058338,0007-09-27 08:30:00,7,9,27,8,30,930,48,"134, NOUVELLE FRANCE (RU",,,Plein jour,En agglomération,Intersection en T,Normale,Deux véhicules - côté,,,,,,,,,,,1,2,3,1,3
200700058339,0007-09-28 18:35:00,7,9,28,18,35,930,48,"1, DIDIER DAURAT (RUE)",,,Plein jour,En agglomération,Intersection en T,Pluie légère,Deux véhicules - côté,,,,,,,,,,,1,2,3,2,3
200700058340,0007-09-18 22:00:00,7,9,18,22,0,930,50,MARX DORMOY (RUE),,,Nuit avec éclairage allumé,En agglomération,Hors intersection,Normale,Deux véhicules - côté,,,,,,,,,,,5,2,1,1,3
200700058341,0007-09-28 22:46:00,7,9,28,22,46,930,50,"14, GENRAL SCHMITZ (RUE)",,,Nuit avec éclairage allumé,En agglomération,Intersection en X,Pluie légère,Deux véhicules - côté,,,,,,,,,,,5,2,2,2,3
200700058342,0007-09-03 19:00:00,7,9,3,19,0,930,51,MEDERIC (AVENUE),,,Plein jour,En agglomération,Intersection en X,Normale,Deux véhicules - côté,,,,,,,,,,,1,2,2,1,3
200700058343,0007-09-07 17:30:00,7,9,7,17,30,930,51,MEDERIC (AVENUE),,,Plein jour,En agglomération,Intersection en X,Normale,Deux véhicules - côté,,,,,,,,,,,1,2,2,1,3
200700058344,0007-09-11 13:15:00,7,9,11,13,15,930,51,"31/61, UNIVERSITE",,,Plein jour,En agglomération,Intersection en X,Normale,Trois véhicules et plus - collisions multiples,,,,,,,,,,,1,2,2,1,5
200700058345,0007-09-15 20:35:00,7,9,15,20,35,930,33,", HERMANN REGNIER",,,Nuit sans éclairage public,En agglomération,Hors intersection,Normale,Deux véhicules - frontale,,,,,,,,,,,3,2,1,1,1
200700058346,0007-09-17 20:30:00,7,9,17,20,30,930,51,MONT D'EST (BD),,,Nuit avec éclairage allumé,En agglomération,Intersection en T,Pluie légère,Deux véhicules - côté,,,,,,,,,,,5,2,3,2,3
200700058347,0007-09-25 18:20:00,7,9,25,18,20,930,51,"14, CENTRE",,,Plein jour,En agglomération,Intersection en T,Pluie légère,Trois véhicules et plus - en chaîne,,,,,,,,,,,1,2,3,2,4
200700058348,0007-09-27 08:50:00,7,9,27,8,50,930,51,"68, PAUL PAMBRUN (BOULEV",,,Plein jour,En agglomération,Intersection en T,Normale,Deux véhicules - côté,,,,,,,,,,,1,2,3,1,3
200700058349,0007-09-28 16:55:00,7,9,28,16,55,930,51,AUGUSTE RODIN (ALLEE),,,Plein jour,En agglomération,Hors intersection,Pluie légère,Trois véhicules et plus - en chaîne,,,,,,,,,,,1,2,1,2,4
200700058350,0007-09-29 13:15:00,7,9,29,13,15,930,51,MARNE (ALLEE),,,Plein jour,En agglomération,Hors intersection,Normale,Autre collision,,,,,,,,,,,1,2,1,1,6
200700058351,0007-09-08 15:05:00,7,9,8,15,5,930,53,"19, VAILLANT COUTURIER (",,,Plein jour,En agglomération,Hors intersection,Temps éblouissant,Deux véhicules - côté,,,,,,,,,,,1,2,1,7,3
200700058352,0007-09-20 17:00:00,7,9,20,17,0,930,53,JEAN JAURES (RUE),,,Plein jour,En agglomération,Intersection en T,Normale,Deux véhicules - arrière,,,,,,,,,,,1,2,3,1,2
200700058353,0007-09-21 18:25:00,7,9,21,18,25,930,53,"02, RAMEAU (ALLEE)",,,Plein jour,En agglomération,Hors intersection,Normale,Autre collision,,,,,,,,,,,1,2,1,1,6
200700058354,0007-09-12 13:55:00,7,9,12,13,55,930,55,"24, VAUCANSON",,,Plein jour,En agglomération,Hors intersection,Normale,Autre collision,,,,,,,,,,,1,2,1,1,6
200700058355,0007-09-24 15:30:00,7,9,24,15,30,930,55,"60, JEAN LOLIVE (AVENUE)",,,Plein jour,En agglomération,Hors intersection,Pluie légère,Deux véhicules - côté,,,,,,,,,,,1,2,1,2,3
200700058356,0007-09-26 09:15:00,7,9,26,9,15,930,55,"69, GENERAL LECLERC (AVE",,,Plein jour,En agglomération,Hors intersection,Pluie légère,Deux véhicules - côté,,,,,,,,,,,1,2,1,2,3
200700058357,0007-09-26 18:00:00,7,9,26,18,0,930,55,"110 BIS, GENERAL LECLERC",,,Plein jour,En agglomération,Hors intersection,Normale,Autre collision,,,,,,,,,,,1,2,1,1,6
200700058358,0007-09-28 13:55:00,7,9,28,13,55,930,55,"231, JEAN LOLIVE (AVENUE",,,Plein jour,En agglomération,Hors intersection,Pluie légère,Deux véhicules - arrière,,,,,,,,,,,1,2,1,2,2
200700058359,0007-09-03 10:05:00,7,9,3,10,5,930,14,CHENE POINTU (ALLEE DU),,,Plein jour,En agglomération,Intersection à plus de 4 branches,Pluie légère,Deux véhicules - côté,,,,,,,,,,,1,2,5,2,3
200700058360,0007-09-12 20:40:00,7,9,12,20,40,930,62,"151, MONTFERMEIL (ALLEE",,,Nuit avec éclairage allumé,En agglomération,Intersection en T,Normale,Deux véhicules - arrière,,,,,,,,,,,5,2,3,1,2
200700058361,0007-09-15 11:05:00,7,9,15,11,5,930,14,MAURICE AUDIN (ALLEE)  S,,,Plein jour,En agglomération,Hors intersection,Temps couvert,Autre collision,,,,,,,,,,,1,2,1,8,6
200700058362,0007-09-16 17:46:00,7,9,16,17,46,930,14,"0, GAGARINE (BOULEVARD)",,,Plein jour,En agglomération,Hors intersection,Normale,Autre collision,,,,,,,,,,,1,2,1,1,6
200700058363,0007-09-16 18:00:00,7,9,16,18,0,930,14,EMILE ZOLA (BOULEVARD),,,Plein jour,En agglomération,Intersection en X,Normale,Deux véhicules - frontale,,,,,,,,,,,1,2,2,1,1
200700058364,0007-09-16 19:00:00,7,9,16,19,0,930,14,"0, SEVIGNE (AVENUE DE)",,,Plein jour,En agglomération,Hors intersection,Normale,Autre collision,,,,,,,,,,,1,2,1,1,6
200700058365,0007-09-18 18:00:00,7,9,18,18,0,930,62,"103, RESISTANCE (AVENUE",,,Plein jour,En agglomération,Hors intersection,Pluie légère,Trois véhicules et plus - collisions multiples,,,,,,,,,,,1,2,1,2,5
200700058366,0007-09-18 18:30:00,7,9,18,18,30,930,14,"3, VICTOR HUGO (ALLEE)",,,Plein jour,En agglomération,Hors intersection,Pluie légère,Autre collision,,,,,,,,,,,1,2,1,2,6
200700058367,0007-09-18 19:15:00,7,9,18,19,15,930,14,"0, STRATEGIQUE (ROUTE)",,,Plein jour,En agglomération,Hors intersection,Autre,Sans collision,,,,,,,,,,,1,2,1,9,7
200700058368,0007-09-21 18:05:00,7,9,21,18,5,930,14,VEUVE LINDET GIRARD (ALL,,,Plein jour,En agglomération,Hors intersection,Normale,Autre collision,,,,,,,,,,,1,2,1,1,6
200700058369,0007-09-05 13:30:00,7,9,5,13,30,930,64,"00, BLUM (RUE LEON)",,,Plein jour,En agglomération,Hors intersection,Normale,Sans collision,,,,,,,,,,,1,2,1,1,7
200700058370,0007-09-07 10:40:00,7,9,7,10,40,930,77,"168, GRANDE RUE  18 / FI",,,Plein jour,En agglomération,Hors intersection,Normale,Sans collision,,,,,,,,,,,1,2,1,1,7
200700058371,0007-09-10 16:50:00,7,9,10,16,50,930,64,"00, BEAULIEU (RUE EDOUAR",,,Plein jour,En agglomération,Intersection en T,Normale,Deux véhicules - côté,,,,,,,,,,,1,2,3,1,3
200700058372,0007-09-10 20:15:00,7,9,10,20,15,930,64,"00, BLUM (RUE LEON)",,,Plein jour,En agglomération,Autre intersection,Normale,Deux véhicules - côté,,,,,,,,,,,1,2,9,1,3
200700058373,0007-09-28 12:00:00,7,9,28,12,0,930,77,"00, GARENNE (RUE DE LA)",,,Plein jour,En agglomération,Intersection en T,Normale,Sans collision,,,,,,,,,,,1,2,3,1,7
200700058374,0007-09-08 20:30:00,7,9,8,20,30,930,66,"8, OWENS JESSE",,,Plein jour,En agglomération,Hors intersection,Normale,Autre collision,,,,,,,,,,,1,2,1,1,6
200700058375,0007-09-10 17:15:00,7,9,10,17,15,930,66,"57, WILSON (AVENUE DU PR",,,Plein jour,En agglomération,Hors intersection,Normale,Deux véhicules - côté,,,,,,,,,,,1,2,1,1,3
200700058376,0007-09-11 19:30:00,7,9,11,19,30,930,66,"76, WILSON (AVENUE DU PR",,,Plein jour,En agglomération,Hors intersection,Normale,Autre collision,,,,,,,,,,,1,2,1,1,6
200700058377,0007-09-15 14:22:00,7,9,15,14,22,930,66,"167, FRANCE ANATOLE (BOU",,,Plein jour,En agglomération,Hors intersection,Normale,Deux véhicules - frontale,,,,,,,,,,,1,2,1,1,1
200700058378,0007-09-17 23:50:00,7,9,17,23,50,930,66,"42, WILSON (AVENUE DU PR",,,Nuit avec éclairage allumé,En agglomération,Intersection en X,Pluie légère,Deux véhicules - côté,,,,,,,,,,,5,2,2,2,3
200700058379,0007-09-21 17:30:00,7,9,21,17,30,930,66,FRANCE ANATOLE (BOULEVAR,,,Plein jour,En agglomération,Intersection en T,Normale,Autre collision,,,,,,,,,,,1,2,3,1,6
200700058380,0007-09-26 14:40:00,7,9,26,14,40,930,66,"205, WILSON (AVENUE DU P",,,Plein jour,En agglomération,Hors intersection,Pluie légère,Trois véhicules et plus - collisions multiples,,,,,,,,,,,1,2,1,2,5
200700058381,0007-09-01 00:40:00,7,9,1,0,40,930,66,LENINE (AVENUE) NR 28 A,,,Nuit avec éclairage allumé,En agglomération,Intersection en T,Normale,Autre collision,,,,,,,,,,,5,2,3,1,6
200700058382,0007-09-04 08:45:00,7,9,4,8,45,930,39,CHATELIER (QUAI DU ),,,Plein jour,En agglomération,Intersection en T,Normale,Deux véhicules - arrière,,,,,,,,,,,1,2,3,1,2
200700058383,0007-09-09 17:10:00,7,9,9,17,10,930,66,"25, LEGION D'HONNEUR",,,Plein jour,En agglomération,Hors intersection,Normale,Autre collision,,,,,,,,,,,1,2,1,1,6
200700058384,0007-09-14 17:15:00,7,9,14,17,15,930,39,"72, JOLIOT CURIE IRENE E",,,Plein jour,En agglomération,Intersection en Y,Normale,Deux véhicules - frontale,,,,,,,,,,,1,2,4,1,1
200700058385,0007-09-17 19:30:00,7,9,17,19,30,930,66,LIBERATION RD14 (BOULEVA,,,Plein jour,En agglomération,Hors intersection,Pluie légère,Deux véhicules - arrière,,,,,,,,,,,1,2,1,2,2
200700058386,0007-09-17 19:45:00,7,9,17,19,45,930,66,LE ROY DES BARRES,,,Crépuscule ou aube,En agglomération,Hors intersection,Pluie légère,Autre collision,,,,,,,,,,,2,2,1,2,6
200700058387,0007-09-24 13:45:00,7,9,24,13,45,930,66,ELUARD PAUL NR 2 A 36 ET,,,Plein jour,En agglomération,Hors intersection,Pluie légère,Autre collision,,,,,,,,,,,1,2,1,2,6
200700058388,0007-09-26 08:50:00,7,9,26,8,50,930,66,"46, SEMAT ROGER",,,Plein jour,En agglomération,Hors intersection,Temps couvert,Autre collision,,,,,,,,,,,1,2,1,8,6
200700058389,0007-09-26 14:35:00,7,9,26,14,35,930,66,"15, LENINE (AVENUE) NR 2",,,Plein jour,En agglomération,Intersection en X,Pluie légère,Deux véhicules - arrière,,,,,,,,,,,1,2,2,2,2
200700058390,0007-09-28 09:05:00,7,9,28,9,5,930,66,CACHIN MARCEL (AVENUE),,,Plein jour,En agglomération,Hors intersection,Pluie légère,Autre collision,,,,,,,,,,,1,2,1,2,6
200700058391,0007-09-20 19:00:00,7,9,20,19,0,930,66,SEVRAN,,,Crépuscule ou aube,Hors agglomération,Intersection en T,Normale,Sans collision,,,,,,,,,,,2,1,3,1,7
200700058392,0007-09-30 00:55:00,7,9,30,0,55,930,66,VAILLANT EDOUARD,,,Nuit avec éclairage allumé,En agglomération,Hors intersection,Normale,Autre collision,,,,,,,,,,,5,2,1,1,6
200700058393,0007-09-04 15:50:00,7,9,4,15,50,930,70,CHARLES SCHMIDT(RUE) : A,,,Plein jour,En agglomération,Intersection en X,Normale,Deux véhicules - côté,,,,,,,,,,,1,2,2,1,3
200700058394,0007-09-07 19:50:00,7,9,7,19,50,930,70,MICHELET (AVE) : DU 1 AU,,,Plein jour,En agglomération,Intersection en X,Normale,Deux véhicules - frontale,,,,,,,,,,,1,2,2,1,1
200700058395,0007-09-07 22:15:00,7,9,7,22,15,930,70,MICHELET (AVE) : DU 1 AU,,,Nuit avec éclairage allumé,En agglomération,Intersection à plus de 4 branches,Normale,Deux véhicules - frontale,,,,,,,,,,,5,2,5,1,1
200700058396,0007-09-08 21:26:00,7,9,8,21,26,930,70,"02, AMPERE(RUE)",,,Nuit avec éclairage allumé,En agglomération,Hors intersection,Normale,Autre collision,,,,,,,,,,,5,2,1,1,6
200700058397,0007-09-10 14:10:00,7,9,10,14,10,930,70,DOCTEUR BAUER(RUE DU) :N,,,Plein jour,En agglomération,Hors intersection,Normale,Deux véhicules - arrière,,,,,,,,,,,1,2,1,1,2
200700058398,0007-09-14 11:10:00,7,9,14,11,10,930,70,"117, MICHELET(AV):N°1AU",,,Plein jour,En agglomération,Hors intersection,Normale,Deux véhicules - côté,,,,,,,,,,,1,2,1,1,3
200700058399,0007-09-15 23:45:00,7,9,15,23,45,930,70,"71, MICHELET (AVE) : DU",,,Nuit avec éclairage allumé,En agglomération,Intersection en T,Normale,Deux véhicules - côté,,,,,,,,,,,5,2,3,1,3
200700058400,0007-09-19 09:15:00,7,9,19,9,15,930,70,"106, GABRIEL-PERI (AV)",,,Plein jour,En agglomération,Autre intersection,Normale,Sans collision,,,,,,,,,,,1,2,9,1,7
200700058401,0007-09-20 14:49:00,7,9,20,14,49,930,70,"57, CHARLES SCHMIDT(RUE)",,,Plein jour,En agglomération,Hors intersection,Normale,Deux véhicules - arrière,,,,,,,,,,,1,2,1,1,2
200700058402,0007-09-22 12:00:00,7,9,22,12,0,930,70,", GABRIEL-PERI (AV)",,,Plein jour,En agglomération,Intersection en T,Temps couvert,Deux véhicules - côté,,,,,,,,,,,1,2,3,8,3
200700058403,0007-09-24 15:15:00,7,9,24,15,15,930,70,"107, MICHELET(AV):N°1AU",,,Plein jour,En agglomération,Hors intersection,Normale,Autre collision,,,,,,,,,,,1,2,1,1,6
200700058404,0007-09-25 17:45:00,7,9,25,17,45,930,70,MARTYRS DES DEPORTATIONS,,,Plein jour,En agglomération,Intersection en T,Normale,Autre collision,,,,,,,,,,,1,2,3,1,6
200700058405,0007-09-26 12:05:00,7,9,26,12,5,930,70,"120, VICTOR-HUGO (BD)",,,Plein jour,En agglomération,Hors intersection,Normale,Autre collision,,,,,,,,,,,1,2,1,1,6
200700058406,0007-09-11 23:15:00,7,9,11,23,15,930,71,JOHN F. KENNEDY (AVENUE),,,Nuit avec éclairage allumé,En agglomération,Hors intersection,Normale,Trois véhicules et plus - en chaîne,,,,,,,,,,,5,2,1,1,4
200700058407,0007-09-14 14:55:00,7,9,14,14,55,930,71,HENRI DUNANT (AVENUE),,,Plein jour,En agglomération,Intersection en T,Normale,Deux véhicules - arrière,,,,,,,,,,,1,2,3,1,2
200700058408,0007-09-14 18:45:00,7,9,14,18,45,930,71,JOHN F. KENNEDY (AVENUE),,,Plein jour,En agglomération,Intersection en T,Normale,Deux véhicules - frontale,,,,,,,,,,,1,2,3,1,1
200700058409,0007-09-19 19:20:00,7,9,19,19,20,930,71,"NEANT, MARAIS (AVENUE DE",,,Crépuscule ou aube,En agglomération,Hors intersection,Normale,Deux véhicules - côté,,,,,,,,,,,2,2,1,1,3
200700058410,0007-09-20 18:20:00,7,9,20,18,20,930,72,"80, ROGER SALENGRO (RUE)",,,Plein jour,En agglomération,Intersection en T,Normale,Autre collision,,,,,,,,,,,1,2,3,1,6
200700058411,0007-09-20 17:30:00,7,9,20,17,30,930,72,"00, STALINGRAD (AVENUE D",,,Plein jour,En agglomération,Intersection en X,Normale,Sans collision,,,,,,,,,,,1,2,2,1,7
200700058412,0007-09-06 18:00:00,7,9,6,18,0,930,59,"24, JONCHEROLLES (VILLA",,,Plein jour,En agglomération,Hors intersection,Pluie légère,Autre collision,,,,,,,,,,,1,2,1,2,6
200700058413,0007-09-14 16:35:00,7,9,14,16,35,930,59,"2, JEAN MERMOZ (BOULEVAR",,,Plein jour,En agglomération,Hors intersection,Normale,Autre collision,,,,,,,,,,,1,2,1,1,6
200700058414,0007-09-24 14:30:00,7,9,24,14,30,930,59,LENINE (AVENUE) N°36 AU,,,Plein jour,En agglomération,Intersection en X,Normale,Autre collision,,,,,,,,,,,1,2,2,1,6
200700058415,0007-09-25 16:45:00,7,9,25,16,45,930,72,"18, THEOPHILE GAUTIER (R",,,Plein jour,En agglomération,Hors intersection,Normale,Autre collision,,,,,,,,,,,1,2,1,1,6
200700058416,0007-09-28 22:50:00,7,9,28,22,50,930,59,"54, EMILE ZOLA (AVENUE)",,,Nuit avec éclairage allumé,En agglomération,Hors intersection,Pluie légère,Autre collision,,,,,,,,,,,5,2,1,2,6
200700058417,0007-09-21 10:45:00,7,9,21,10,45,930,72,SALVADOR ALLENDE (RUE),,,Plein jour,En agglomération,Passage à niveau,Normale,Autre collision,,,,,,,,,,,1,2,8,1,6
200700058418,0007-09-04 06:10:00,7,9,4,6,10,930,73,PETITS PONTS (ROUTE DES),,,Crépuscule ou aube,En agglomération,Intersection en X,Normale,Deux véhicules - arrière,,,,,,,,,,,2,2,2,1,2
200700058419,0007-09-08 22:55:00,7,9,8,22,55,930,78,BALLANGER (BD ROBERT),,,Nuit avec éclairage allumé,En agglomération,Intersection en X,Normale,Autre collision,,,,,,,,,,,5,2,2,1,6