accident_id,datetime,annee,mois,jour,heure,minute,departement,commune_insee,adresse,latitude,longitude,luminosite,agglomeration,intersection,meteo,collision,nb_vehicules,nb_usagers,nb_indemnes,nb_tues,nb_blesses_hosp,nb_blesses_legers,age_cond_1,age_cond_2,veh_type_cond_1,veh_type_cond_2,lum_code,agg_code,int_code,atm_code,col_code
200700058828,0007-09-05 23:55:00,7,9,5,23,55,910,86,RN 104,,,Nuit avec éclairage allumé,Hors agglomération,Hors intersection,Normale,Deux véhicules - arrière,,,,,,,,,,,5,1,1,1,2
200700058829,0007-09-03 21:25:00,7,9,3,21,25,910,471,RN 118,,,Crépuscule ou aube,Hors agglomération,Hors intersection,Normale,Deux véhicules - arrière,,,,,,,,,,,2,1,1,1,2
200700058830,0007-09-07 07:05:00,7,9,7,7,5,910,235,RN 104,,,Plein jour,Hors agglomération,Hors intersection,Temps couvert,Autre collision,,,,,,,,,,,1,1,1,8,6
200700058831,0007-09-07 07:20:00,7,9,7,7,20,910,64,RN 118,,,Plein jour,Hors agglomération,Hors intersection,Normale,Deux véhicules - arrière,,,,,,,,,,,1,1,1,1,2
200700058832,0007-09-07 11:00:00,7,9,7,11,0,910,689,AUTOROUTE A6,,,Plein jour,Hors agglomération,Hors intersection,Temps couvert,Sans collision,,,,,,,,,,,1,1,1,8,7
200700058833,0007-09-08 06:23:00,7,9,8,6,23,910,432,AUTOROUTE A6,,,Crépuscule ou aube,Hors agglomération,Hors intersection,Normale,Deux véhicules - côté,,,,,,,,,,,2,1,1,1,3
200700058834,0007-09-08 14:25:00,7,9,8,14,25,910,689,AUTOROUTE A6B,,,Plein jour,Hors agglomération,Hors intersection,Normale,Trois véhicules et plus - collisions multiples,,,,,,,,,,,1,1,1,1,5
200700058835,0007-09-08 14:57:00,7,9,8,14,57,910,689,AUTOROUTE A6B,,,Plein jour,Hors agglomération,Hors intersection,Normale,Deux véhicules - arrière,,,,,,,,,,,1,1,1,1,2
200700058836,0007-09-08 21:45:00,7,9,8,21,45,910,161,AUTOROUTE A6,,,Nuit sans éclairage public,Hors agglomération,Hors intersection,Normale,Sans collision,,,,,,,,,,,3,1,1,1,7
200700058837,0007-09-09 21:40:00,7,9,9,21,40,910,521,AUTOROUTE A6,,,Nuit sans éclairage public,Hors agglomération,Hors intersection,Normale,Deux véhicules - côté,,,,,,,,,,,3,1,1,1,3
200700058838,0007-09-10 22:15:00,7,9,10,22,15,910,161,AUTOROUTE A6,,,Nuit avec éclairage allumé,Hors agglomération,Hors intersection,Normale,Autre collision,,,,,,,,,,,5,1,1,1,6
200700058839,0007-09-11 08:20:00,7,9,11,8,20,910,182,AUTOROUTE A6,,,Plein jour,Hors agglomération,Hors intersection,Normale,Deux véhicules - arrière,,,,,,,,,,,1,1,1,1,2
200700058840,0007-09-11 08:50:00,7,9,11,8,50,910,434,AUTOROUTE A6,,,Plein jour,Hors agglomération,Hors intersection,Normale,Trois véhicules et plus - collisions multiples,,,,,,,,,,,1,1,1,1,5
200700058841,0007-09-11 09:17:00,7,9,11,9,17,910,617,AUTOROUTE A5A,,,Plein jour,Hors agglomération,Hors intersection,Normale,Deux véhicules - côté,,,,,,,,,,,1,1,1,1,3
200700058842,0007-09-11 16:25:00,7,9,11,16,25,940,38,AUTOROUTE A6B,,,Plein jour,Hors agglomération,Hors intersection,Normale,Autre collision,,,,,,,,,,,1,1,1,1,6
200700058843,0007-09-12 08:20:00,7,9,12,8,20,940,34,AUTOROUTE A86,,,Plein jour,Hors agglomération,Hors intersection,Normale,Trois véhicules et plus - collisions multiples,,,,,,,,,,,1,1,1,1,5
200700058844,0007-09-13 10:00:00,7,9,13,10,0,910,161,AUTOROUTE A6,,,Plein jour,Hors agglomération,Hors intersection,Normale,Deux véhicules - arrière,,,,,,,,,,,1,1,1,1,2
200700058845,0007-09-13 15:24:00,7,9,13,15,24,910,235,RN 104,,,Plein jour,Hors agglomération,Hors intersection,Normale,Sans collision,,,,,,,,,,,1,1,1,1,7
200700058846,0007-09-13 17:28:00,7,9,13,17,28,910,689,AUTOROUTE A6,,,Plein jour,Hors agglomération,Hors intersection,Normale,Trois véhicules et plus - collisions multiples,,,,,,,,,,,1,1,1,1,5
200700058847,0007-09-14 07:19:00,7,9,14,7,19,940,76,AUTOROUTE A6B,,,Crépuscule ou aube,Hors agglomération,Hors intersection,Normale,Autre collision,,,,,,,,,,,2,1,1,1,6
200700058848,0007-09-14 08:57:00,7,9,14,8,57,910,216,AUTOROUTE A6,,,Plein jour,Hors agglomération,Hors intersection,Normale,Deux véhicules - arrière,,,,,,,,,,,1,1,1,1,2
200700058849,0007-09-14 17:46:00,7,9,14,17,46,910,235,RN 104,,,Plein jour,Hors agglomération,Hors intersection,Normale,Deux véhicules - arrière,,,,,,,,,,,1,1,1,1,2
200700058850,0007-09-14 17:43:00,7,9,14,17,43,910,661,AUTOROUTE A10,,,Plein jour,Hors agglomération,Hors intersection,Normale,Deux véhicules - arrière,,,,,,,,,,,1,1,1,1,2
200700058851,0007-09-15 02:40:00,7,9,15,2,40,940,65,AUTOROUTE A86,,,Nuit sans éclairage public,Hors agglomération,Hors intersection,Normale,Sans collision,,,,,,,,,,,3,1,1,1,7
200700058852,0007-09-18 10:40:00,7,9,18,10,40,910,161,AUTOROUTE A6,,,Plein jour,Hors agglomération,Hors intersection,Normale,Deux véhicules - côté,,,,,,,,,,,1,1,1,1,3
200700058853,0007-09-18 13:45:00,7,9,18,13,45,910,216,AUTOROUTE A6,,,Plein jour,Hors agglomération,Hors intersection,Normale,Trois véhicules et plus - collisions multiples,,,,,,,,,,,1,1,1,1,5
200700058854,0007-09-18 22:46:00,7,9,18,22,46,940,37,AUTOROUTE A6B,,,Nuit avec éclairage allumé,Hors agglomération,Hors intersection,Normale,Sans collision,,,,,,,,,,,5,1,1,1,7
200700058855,0007-09-19 00:56:00,7,9,19,0,56,910,235,RN 104,,,Nuit sans éclairage public,Hors agglomération,Hors intersection,Normale,Deux véhicules - arrière,,,,,,,,,,,3,1,1,1,2
200700058856,0007-09-19 08:15:00,7,9,19,8,15,910,312,RN 444,,,Plein jour,Hors agglomération,Hors intersection,Normale,Deux véhicules - arrière,,,,,,,,,,,1,1,1,1,2
200700058857,0007-09-19 17:11:00,7,9,19,17,11,910,549,RN 104,,,Plein jour,Hors agglomération,Hors intersection,Normale,Deux véhicules - côté,,,,,,,,,,,1,1,1,1,3
200700058858,0007-09-23 08:34:00,7,9,23,8,34,910,377,AUTOROUTE A10,,,Plein jour,Hors agglomération,Hors intersection,Normale,Deux véhicules - côté,,,,,,,,,,,1,1,1,1,3
200700058859,0007-09-20 09:12:00,7,9,20,9,12,920,2,RN 385,,,Plein jour,Hors agglomération,Hors intersection,Normale,Deux véhicules - côté,,,,,,,,,,,1,1,1,1,3
200700058860,0007-09-20 09:13:00,7,9,20,9,13,920,2,RN 385 INT,,,Plein jour,Hors agglomération,Hors intersection,Normale,Deux véhicules - arrière,,,,,,,,,,,1,1,1,1,2
200700058861,0007-09-20 18:16:00,7,9,20,18,16,910,339,RN 104,,,Plein jour,Hors agglomération,Hors intersection,Normale,Deux véhicules - arrière,,,,,,,,,,,1,1,1,1,2
200700058862,0007-09-21 09:32:00,7,9,21,9,32,910,174,RN 104,,,Plein jour,Hors agglomération,Hors intersection,Normale,Deux véhicules - côté,,,,,,,,,,,1,1,1,1,3
200700058863,0007-09-21 18:53:00,7,9,21,18,53,940,37,AUTOROUTE A6B,,,Plein jour,Hors agglomération,Hors intersection,Normale,Sans collision,,,,,,,,,,,1,1,1,1,7
200700058864,0007-09-23 00:10:00,7,9,23,0,10,910,339,RN 104,,,Nuit sans éclairage public,Hors agglomération,Hors intersection,Normale,Autre collision,,,,,,,,,,,3,1,1,1,6
200700058865,0007-09-23 21:36:00,7,9,23,21,36,910,363,AUTOROUTE A10,,,Nuit sans éclairage public,Hors agglomération,Hors intersection,Normale,Deux véhicules - arrière,,,,,,,,,,,3,1,1,1,2
200700058866,0007-09-24 07:20:00,7,9,24,7,20,910,553,RN 104,,,Plein jour,Hors agglomération,Hors intersection,Normale,Trois véhicules et plus - en chaîne,,,,,,,,,,,1,1,1,1,4
200700058867,0007-09-24 22:26:00,7,9,24,22,26,910,377,RN 444,,,Plein jour,Hors agglomération,Hors intersection,Normale,Autre collision,,,,,,,,,,,1,1,1,1,6
200700058868,0007-09-25 10:00:00,7,9,25,10,0,910,174,AUTOROUTE A6,,,Plein jour,Hors agglomération,Hors intersection,Normale,Deux véhicules - côté,,,,,,,,,,,1,1,1,1,3
200700058869,0007-09-26 10:47:00,7,9,26,10,47,910,347,RN 104,,,Plein jour,Hors agglomération,Hors intersection,Temps couvert,Trois véhicules et plus - en chaîne,,,,,,,,,,,1,1,1,8,4
200700058870,0007-09-26 16:12:00,7,9,26,16,12,910,64,RN 118,,,Plein jour,Hors agglomération,Hors intersection,Pluie légère,Sans collision,,,,,,,,,,,1,1,1,2,7
200700058871,0007-09-26 17:07:00,7,9,26,17,7,940,34,AUTOROUTE A6B,,,Plein jour,Hors agglomération,Hors intersection,Pluie légère,Sans collision,,,,,,,,,,,1,1,1,2,7
200700058872,0007-09-26 18:30:00,7,9,26,18,30,770,251,AUTOROUTE A5A,,,Plein jour,Hors agglomération,Hors intersection,Temps couvert,Deux véhicules - arrière,,,,,,,,,,,1,1,1,8,2
200700058873,0007-09-26 19:05:00,7,9,26,19,5,910,161,AUTOROUTE A6,,,Nuit sans éclairage public,Hors agglomération,Hors intersection,Pluie légère,Sans collision,,,,,,,,,,,3,1,1,2,7
200700058874,0007-09-26 19:34:00,7,9,26,19,34,940,65,AUTOROUTE A106,,,Crépuscule ou aube,Hors agglomération,Hors intersection,Normale,Sans collision,,,,,,,,,,,2,1,1,1,7
200700058875,0007-09-27 08:22:00,7,9,27,8,22,940,38,AUTOROUTE A6B,,,Plein jour,Hors agglomération,Hors intersection,Pluie forte,Sans collision,,,,,,,,,,,1,1,1,3,7
200700058876,0007-09-28 00:21:00,7,9,28,0,21,940,3,AUTOROUTE A6A,,,Nuit avec éclairage allumé,Hors agglomération,Hors intersection,Pluie légère,Autre collision,,,,,,,,,,,5,1,1,2,6
200700058877,0007-09-28 08:55:00,7,9,28,8,55,910,377,RN20,,,Plein jour,Hors agglomération,Hors intersection,Pluie légère,Autre collision,,,,,,,,,,,1,1,1,2,6
200700058878,0007-09-28 12:00:00,7,9,28,12,0,910,363,RN 104,,,Plein jour,Hors agglomération,Hors intersection,Pluie légère,Deux véhicules - côté,,,,,,,,,,,1,1,1,2,3
200700058879,0007-09-28 14:32:00,7,9,28,14,32,910,161,AUTOROUTE A6,,,Plein jour,Hors agglomération,Hors intersection,Pluie légère,Deux véhicules - côté,,,,,,,,,,,1,1,1,2,3
200700058880,0007-09-28 15:15:00,7,9,28,15,15,910,64,RN 118,,,Plein jour,Hors agglomération,Hors intersection,Pluie légère,Autre collision,,,,,,,,,,,1,1,1,2,6
200700058881,0007-09-28 19:25:00,7,9,28,19,25,910,182,RN 104,,,Crépuscule ou aube,Hors agglomération,Hors intersection,Normale,Autre collision,,,,,,,,,,,2,1,1,1,6
200700058882,0007-09-28 20:20:00,7,9,28,20,20,910,182,AUTOROUTE A6,,,Nuit sans éclairage public,Hors agglomération,Hors intersection,Temps couvert,Sans collision,,,,,,,,,,,3,1,1,8,7
200700058883,0007-09-01 17:28:00,7,9,1,17,28,202,37,"SANS, TOUTES RUES",,,Plein jour,Hors agglomération,Hors intersection,Normale,Autre collision,,,,,,,,,,,1,1,1,1,6
200700058884,0007-09-02 10:00:00,7,9,2,10,0,202,120,"SANS, TOUTES RUES",,,Plein jour,En agglomération,Hors intersection,Normale,Autre collision,,,,,,,,,,,1,2,1,1,6
200700058885,0007-09-04 18:35:00,7,9,4,18,35,202,120,"SANS, TOUTES RUES",,,Plein jour,Hors agglomération,Hors intersection,Normale,Deux véhicules - arrière,,,,,,,,,,,1,1,1,1,2
200700058886,0007-09-06 19:03:00,7,9,6,19,3,202,33,"SANS, AV DE LA LIBERATIO",,,Plein jour,En agglomération,Hors intersection,Normale,Deux véhicules - arrière,,,,,,,,,,,1,2,1,1,2
200700058887,0007-09-07 09:10:00,7,9,7,9,10,202,37,"SANS, TOUTES RUES",,,Plein jour,En agglomération,Hors intersection,Normale,Deux véhicules - côté,,,,,,,,,,,1,2,1,1,3
200700058888,0007-09-07 13:56:00,7,9,7,13,56,202,120,"SANS, TOUTES RUES",,,Plein jour,En agglomération,Hors intersection,Normale,Autre collision,,,,,,,,,,,1,2,1,1,6
200700058889,0007-09-08 06:20:00,7,9,8,6,20,202,120,"SANS, TOUTES RUES",,,Nuit avec éclairage allumé,En agglomération,Hors intersection,Normale,Deux véhicules - arrière,,,,,,,,,,,5,2,1,1,2
200700058890,0007-09-06 18:28:00,7,9,6,18,28,202,120,"SANS, TOUTES RUES",,,Plein jour,En agglomération,Hors intersection,Normale,Trois véhicules et plus - en chaîne,,,,,,,,,,,1,2,1,1,4
200700058891,0007-09-09 12:06:00,7,9,9,12,6,202,33,"SANS, ROUTE ROYALE",,,Plein jour,Hors agglomération,Hors intersection,Normale,Deux véhicules - frontale,,,,,,,,,,,1,1,1,1,1
200700058892,0007-09-13 08:20:00,7,9,13,8,20,202,33,"SANS, TOUTES RUES",,,Plein jour,En agglomération,Hors intersection,Normale,Deux véhicules - côté,,,,,,,,,,,1,2,1,1,3
200700058893,0007-09-14 16:27:00,7,9,14,16,27,202,353,"SANS, TOUTES RUES",,,Plein jour,En agglomération,Intersection en T,Normale,Deux véhicules - côté,,,,,,,,,,,1,2,3,1,3
200700058894,0007-09-18 18:55:00,7,9,18,18,55,202,33,"SANS, TOUTES RUES",,,Plein jour,En agglomération,Hors intersection,Normale,Deux véhicules - côté,,,,,,,,,,,1,2,1,1,3
200700058895,0007-09-24 17:25:00,7,9,24,17,25,202,33,"SANS, TOUTES RUES",,,Plein jour,En agglomération,Hors intersection,Pluie légère,Deux véhicules - frontale,,,,,,,,,,,1,2,1,2,1
200700058896,0007-09-26 16:33:00,7,9,26,16,33,202,33,"SANS, TOUTES RUES",,,Plein jour,En agglomération,Giratoire,Normale,Deux véhicules - côté,,,,,,,,,,,1,2,6,1,3
200700058897,0007-09-28 10:49:00,7,9,28,10,49,202,33,"SANS, FRONT DE MER - ROU",,,Plein jour,En agglomération,Hors intersection,Normale,Trois véhicules et plus - collisions multiples,,,,,,,,,,,1,2,1,1,5
200700058898,0007-09-29 04:53:00,7,9,29,4,53,202,33,"SANS, TOUTES RUES",,,Nuit avec éclairage allumé,Hors agglomération,Hors intersection,Normale,Autre collision,,,,,,,,,,,5,1,1,1,6
200700058899,0007-09-29 16:25:00,7,9,29,16,25,202,33,"sans, 193 - RN",,,Plein jour,En agglomération,Hors intersection,Normale,Deux véhicules - arrière,,,,,,,,,,,1,2,1,1,2
200700058900,0007-09-05 15:20:00,7,9,5,15,20,690,382,SQUARE JULIEN GRAS,,,Plein jour,En agglomération,Hors intersection,Normale,Deux véhicules - arrière,,,,,,,,,,,1,2,1,1,2
200700058901,0007-09-08 22:07:00,7,9,8,22,7,690,382,"26, QUAI SAINT ANTOINE",,,Nuit avec éclairage allumé,En agglomération,Hors intersection,Normale,Deux véhicules - côté,,,,,,,,,,,5,2,1,1,3
200700058902,0007-09-04 10:00:00,7,9,4,10,0,690,382,"82, QUAI PERRACHE",,,Plein jour,En agglomération,Hors intersection,Normale,Deux véhicules - côté,,,,,,,,,,,1,2,1,1,3
200700058903,0007-09-04 08:14:00,7,9,4,8,14,690,382,"24, QUAI PERRACHE",,,Plein jour,En agglomération,Hors intersection,Normale,Autre collision,,,,,,,,,,,1,2,1,1,6
200700058904,0007-09-14 12:15:00,7,9,14,12,15,690,382,"69, RUE PRESIDENT EDOUAR",,,Plein jour,En agglomération,Hors intersection,Normale,Deux véhicules - arrière,,,,,,,,,,,1,2,1,1,2
200700058905,0007-09-20 14:20:00,7,9,20,14,20,690,382,"114, RUE DE LA BARRE",,,Plein jour,En agglomération,Hors intersection,Normale,Autre collision,,,,,,,,,,,1,2,1,1,6
200700058906,0007-09-24 16:35:00,7,9,24,16,35,690,382,"60, QUAI PERRACHE",,,Plein jour,En agglomération,Hors intersection,Normale,Trois véhicules et plus - collisions multiples,,,,,,,,,,,1,2,1,1,5
200700058907,0007-09-27 12:50:00,7,9,27,12,50,690,382,"26, QUAI DOCTEUR GAILLET",,,Plein jour,En agglomération,Intersection en T,Pluie légère,Deux véhicules - côté,,,,,,,,,,,1,2,3,2,3
200700058908,0007-09-21 15:45:00,7,9,21,15,45,690,382,"24, QUAI DOCTEUR GAILLET",,,Plein jour,En agglomération,Hors intersection,Normale,Deux véhicules - arrière,,,,,,,,,,,1,2,1,1,2
200700058909,0007-09-17 08:25:00,7,9,17,8,25,690,382,RUE VICTOR HUGO,,,Plein jour,En agglomération,Intersection en X,Normale,Deux véhicules - côté,,,,,,,,,,,1,2,2,1,3
200700058910,0007-09-03 22:20:00,7,9,3,22,20,590,9,AUTOROUTE A22,,,Nuit avec éclairage allumé,Hors agglomération,Hors intersection,Normale,Deux véhicules - côté,,,,,,,,,,,5,1,1,1,3
200700058911,0007-09-04 16:30:00,7,9,4,16,30,590,350,AUTOROUTE A1,,,Plein jour,Hors agglomération,Hors intersection,Normale,Autre collision,,,,,,,,,,,1,1,1,1,6
200700058912,0007-09-05 10:10:00,7,9,5,10,10,590,9,ROUTE NATIONALE 227,,,Plein jour,Hors agglomération,Hors intersection,Normale,Autre collision,,,,,,,,,,,1,1,1,1,6
200700058913,0007-09-07 18:20:00,7,9,7,18,20,590,350,ROUTE NATIONALE 356,,,Plein jour,Hors agglomération,Hors intersection,Normale,Autre collision,,,,,,,,,,,1,1,1,1,6
200700058914,0007-09-08 19:30:00,7,9,8,19,30,590,410,ROUTE NATIONALE 356,,,Plein jour,Hors agglomération,Hors intersection,Normale,Deux véhicules - arrière,,,,,,,,,,,1,1,1,1,2
200700058915,0007-09-09 05:45:00,7,9,9,5,45,590,636,ROUTE DEPARTEMENTALE 652,,,Plein jour,Hors agglomération,Hors intersection,Normale,Deux véhicules - frontale,,,,,,,,,,,1,1,1,1,1
200700058916,0007-09-11 00:45:00,7,9,11,0,45,590,523,AUTOROUTE A23,,,Nuit sans éclairage public,Hors agglomération,Hors intersection,Normale,Autre collision,,,,,,,,,,,3,1,1,1,6
200700058917,0007-09-12 11:40:00,7,9,12,11,40,590,143,AUTOROUTE A25,,,Plein jour,Hors agglomération,Hors intersection,Normale,Deux véhicules - arrière,,,,,,,,,,,1,1,1,1,2
200700058918,0007-09-13 17:35:00,7,9,13,17,35,590,359,AUTOROUTE A16,,,Plein jour,Hors agglomération,Hors intersection,Pluie forte,Sans collision,,,,,,,,,,,1,1,1,3,7
200700058919,0007-09-13 19:00:00,7,9,13,19,0,590,196,AUTOROUTE A25,,,Plein jour,Hors agglomération,Hors intersection,Normale,Deux véhicules - côté,,,,,,,,,,,1,1,1,1,3
200700058920,0007-09-15 11:46:00,7,9,15,11,46,590,271,AUTOROUTE A16,,,Plein jour,Hors agglomération,Hors intersection,Normale,Trois véhicules et plus - en chaîne,,,,,,,,,,,1,1,1,1,4
200700058921,0007-09-16 00:30:00,7,9,16,0,30,590,383,AUTOROUTE A2,,,Nuit avec éclairage allumé,Hors agglomération,Hors intersection,Normale,Sans collision,,,,,,,,,,,5,1,1,1,7
200700058922,0007-09-17 16:10:00,7,9,17,16,10,620,907,AUTOROUTE A1,,,Plein jour,Hors agglomération,Hors intersection,Pluie légère,Deux véhicules - côté,,,,,,,,,,,1,1,1,2,3
200700058923,0007-09-17 16:50:00,7,9,17,16,50,620,907,AUTOROUTE A1,,,Plein jour,Hors agglomération,Hors intersection,Pluie légère,Sans collision,,,,,,,,,,,1,1,1,2,7
200700058924,0007-09-18 03:00:00,7,9,18,3,0,590,588,AUTOROUTE A16,,,Nuit avec éclairage allumé,Hors agglomération,Hors intersection,Normale,Autre collision,,,,,,,,,,,5,1,1,1,6
200700058925,0007-09-18 11:30:00,7,9,18,11,30,590,350,AUTOROUTE A25,,,Plein jour,Hors agglomération,Hors intersection,Pluie forte,Autre collision,,,,,,,,,,,1,1,1,3,6
200700058926,0007-09-18 14:45:00,7,9,18,14,45,620,498,AUTOROUTE A21,,,Plein jour,Hors agglomération,Hors intersection,Normale,Autre collision,,,,,,,,,,,1,1,1,1,6
200700058927,0007-09-19 18:20:00,7,9,19,18,20,590,378,ROUTE DEPARTEMENTALE 652,,,Plein jour,Hors agglomération,Hors intersection,Normale,Trois véhicules et plus - en chaîne,,,,,,,,,,,1,1,1,1,4
200700058928,0007-09-20 08:15:00,7,9,20,8,15,620,193,AUTOROUTE A16,,,Plein jour,Hors agglomération,Hors intersection,Pluie légère,Deux véhicules - arrière,,,,,,,,,,,1,1,1,2,2
200700058929,0007-09-20 17:40:00,7,9,20,17,40,590,328,ROUTE DEPARTEMENTALE 652,,,Plein jour,Hors agglomération,Hors intersection,Normale,Deux véhicules - arrière,,,,,,,,,,,1,1,1,1,2
200700058930,0007-09-21 08:30:00,7,9,21,8,30,620,771,AUTOROUTE A21,,,Plein jour,Hors agglomération,Hors intersection,Normale,Autre collision,,,,,,,,,,,1,1,1,1,6
200700058931,0007-09-21 16:20:00,7,9,21,16,20,590,350,AUTOROUTE A25,,,Plein jour,Hors agglomération,Hors intersection,Normale,Autre collision,,,,,,,,,,,1,1,1,1,6
200700058932,0007-09-22 12:40:00,7,9,22,12,40,620,427,AUTOROUTE A1,,,Plein jour,Hors agglomération,Hors intersection,Normale,Deux véhicules - côté,,,,,,,,,,,1,1,1,1,3
200700058933,0007-09-22 14:00:00,7,9,22,14,0,590,350,AUTOROUTE A25,,,Plein jour,Hors agglomération,Hors intersection,Normale,Trois véhicules et plus - collisions multiples,,,,,,,,,,,1,1,1,1,5
200700058934,0007-09-22 15:00:00,7,9,22,15,0,620,771,AUTOROUTE A21,,,Plein jour,Hors agglomération,Hors intersection,Normale,Autre collision,,,,,,,,,,,1,1,1,1,6
200700058935,0007-09-22 20:20:00,7,9,22,20,20,620,624,AUTOROUTE A1,,,Nuit avec éclairage allumé,Hors agglomération,Hors intersection,Normale,Trois véhicules et plus - collisions multiples,,,,,,,,,,,5,1,1,1,5
200700058936,0007-09-23 19:00:00,7,9,23,19,0,590,202,AUTOROUTE A25,,,Plein jour,Hors agglomération,Hors intersection,Normale,Deux véhicules - arrière,,,,,,,,,,,1,1,1,1,2
200700058937,0007-09-25 21:23:00,7,9,25,21,23,620,193,AUTOROUTE A16,,,Nuit avec éclairage allumé,Hors agglomération,Hors intersection,Pluie légère,Autre collision,,,,,,,,,,,5,1,1,2,6
200700058938,0007-09-26 08:50:00,7,9,26,8,50,590,9,ROUTE NATIONALE 227,,,Plein jour,Hors agglomération,Hors intersection,Normale,Deux véhicules - arrière,,,,,,,,,,,1,1,1,1,2
200700058939,0007-09-26 08:15:00,7,9,26,8,15,590,196,AUTOROUTE A25,,,Plein jour,Hors agglomération,Hors intersection,Pluie légère,Trois véhicules et plus - collisions multiples,,,,,,,,,,,1,1,1,2,5
200700058940,0007-09-26 19:50:00,7,9,26,19,50,590,195,AUTOROUTE A25,,,Nuit avec éclairage allumé,Hors agglomération,Hors intersection,Pluie légère,Sans collision,,,,,,,,,,,5,1,1,2,7
200700058941,0007-09-28 02:45:00,7,9,28,2,45,590,90,ROUTE DEPARTEMENTALE 652,,,Nuit avec éclairage allumé,Hors agglomération,Hors intersection,Normale,Autre collision,,,,,,,,,,,5,1,1,1,6
200700058942,0007-09-28 13:30:00,7,9,28,13,30,590,646,ROUTE NATIONALE 356,,,Plein jour,Hors agglomération,Hors intersection,Pluie légère,Autre collision,,,,,,,,,,,1,1,1,2,6
200700058943,0007-09-29 12:40:00,7,9,29,12,40,620,498,AUTOROUTE A21,,,Plein jour,Hors agglomération,Hors intersection,Pluie légère,Autre collision,,,,,,,,,,,1,1,1,2,6
200700058944,0007-09-29 15:00:00,7,9,29,15,0,590,606,AUTOROUTE A2,,,Plein jour,Hors agglomération,Hors intersection,Pluie légère,Autre collision,,,,,,,,,,,1,1,1,2,6
200700058945,0007-09-29 19:20:00,7,9,29,19,20,590,350,AUTOROUTE A25,,,Plein jour,Hors agglomération,Hors intersection,Pluie légère,Sans collision,,,,,,,,,,,1,1,1,2,7
200700058946,0007-09-30 07:15:00,7,9,30,7,15,590,350,ROUTE NATIONALE 356,,,Plein jour,Hors agglomération,Hors intersection,Brouillard / fumée,Sans collision,,,,,,,,,,,1,1,1,5,7
200700058947,0007-09-30 16:30:00,7,9,30,16,30,590,560,AUTOROUTE A1,,,Plein jour,Hors agglomération,Hors intersection,Pluie légère,Deux véhicules - côté,,,,,,,,,,,1,1,1,2,3
200700058948,0007-09-05 08:00:00,7,9,5,8,0,690,386,RUE CUVIER,,,Plein jour,En agglomération,Intersection en X,Normale,Autre collision,,,,,,,,,,,1,2,2,1,6
200700058949,0007-09-05 12:40:00,7,9,5,12,40,690,383,"27, AVENUE ROCKEFELLER",,,Plein jour,En agglomération,Hors intersection,Normale,Deux véhicules - arrière,,,,,,,,,,,1,2,1,1,2
200700058950,0007-09-07 08:05:00,7,9,7,8,5,690,386,RUE DE SEZE,,,Plein jour,En agglomération,Intersection en X,Normale,Autre collision,,,,,,,,,,,1,2,2,1,6
200700058951,0007-09-06 10:45:00,7,9,6,10,45,690,386,RUE MOLIERE,,,Plein jour,En agglomération,Intersection en X,Normale,Deux véhicules - côté,,,,,,,,,,,1,2,2,1,3
200700058952,0007-09-08 21:10:00,7,9,8,21,10,690,383,"129, RUE SERVIENT",,,Nuit avec éclairage allumé,En agglomération,Hors intersection,Normale,Deux véhicules - côté,,,,,,,,,,,5,2,1,1,3
200700058953,0007-09-09 01:40:00,7,9,9,1,40,690,383,PONT WILSON,,,Nuit avec éclairage allumé,En agglomération,Hors intersection,Normale,Autre collision,,,,,,,,,,,5,2,1,1,6
200700058954,0007-09-09 05:30:00,7,9,9,5,30,690,383,COURS GAMBETTA,,,Crépuscule ou aube,En agglomération,Intersection en X,Normale,Deux véhicules - frontale,,,,,,,,,,,2,2,2,1,1
200700058955,0007-09-08 16:15:00,7,9,8,16,15,690,386,QUAI DE SERBIE,,,Plein jour,En agglomération,Intersection en X,Normale,Deux véhicules - côté,,,,,,,,,,,1,2,2,1,3
200700058956,0007-09-10 16:15:00,7,9,10,16,15,690,383,COURS GAMBETTA,,,Plein jour,En agglomération,Intersection en X,Normale,Deux véhicules - arrière,,,,,,,,,,,1,2,2,1,2
200700058957,0007-09-05 01:00:00,7,9,5,1,0,690,386,RUE VAUBAN,,,Nuit avec éclairage allumé,En agglomération,Intersection en X,Normale,Deux véhicules - côté,,,,,,,,,,,5,2,2,1,3
200700058958,0007-09-05 19:30:00,7,9,5,19,30,690,386,"23, BOULEVARD DES BELGES",,,Crépuscule ou aube,En agglomération,Hors intersection,Normale,Autre collision,,,,,,,,,,,2,2,1,1,6
200700058959,0007-09-11 20:00:00,7,9,11,20,0,690,386,RUE GARIBALDI,,,Plein jour,En agglomération,Intersection en X,Normale,Deux véhicules - frontale,,,,,,,,,,,1,2,2,1,1
200700058960,0007-09-12 13:40:00,7,9,12,13,40,690,383,"177, AVENUE FELIX FAURE",,,Plein jour,En agglomération,Hors intersection,Normale,Deux véhicules - côté,,,,,,,,,,,1,2,1,1,3
200700058961,0007-09-13 11:30:00,7,9,13,11,30,690,383,"245, RUE GARIBALDI",,,Plein jour,En agglomération,Hors intersection,Normale,Deux véhicules - côté,,,,,,,,,,,1,2,1,1,3
200700058962,0007-09-14 08:05:00,7,9,14,8,5,690,383,BOULEVARD MARIUS VIVIER,,,Plein jour,En agglomération,Hors intersection,Normale,Autre collision,,,,,,,,,,,1,2,1,1,6