accident_id,datetime,annee,mois,jour,heure,minute,departement,commune_insee,adresse,latitude,longitude,luminosite,agglomeration,intersection,meteo,collision,nb_vehicules,nb_usagers,nb_indemnes,nb_tues,nb_blesses_hosp,nb_blesses_legers,age_cond_1,age_cond_2,veh_type_cond_1,veh_type_cond_2,lum_code,agg_code,int_code,atm_code,col_code
200700059228,0007-09-16 17:10:00,7,9,16,17,10,750,105,QUAI DE LA TOURNELLE,,,Plein jour,En agglomération,Intersection en T,Normale,Autre collision,,,,,,,,,,,1,2,3,1,6
200700059229,0007-09-17 14:00:00,7,9,17,14,0,750,105,"82, RUE MONGE",,,Plein jour,En agglomération,Hors intersection,Normale,Autre collision,,,,,,,,,,,1,2,1,1,6
200700059230,0007-09-18 07:45:00,7,9,18,7,45,750,105,BOULEVARD DE PORT ROYAL,,,Plein jour,En agglomération,Hors intersection,Normale,Deux véhicules - côté,,,,,,,,,,,1,2,1,1,3
200700059231,0007-09-18 13:30:00,7,9,18,13,30,750,105,RUE MONGE,,,Plein jour,En agglomération,Hors intersection,Normale,Deux véhicules - côté,,,,,,,,,,,1,2,1,1,3
200700059232,0007-09-18 20:10:00,7,9,18,20,10,750,105,PONT DE SULLY,,,Nuit avec éclairage allumé,En agglomération,Hors intersection,Normale,Deux véhicules - frontale,,,,,,,,,,,5,2,1,1,1
200700059233,0007-09-20 13:05:00,7,9,20,13,5,750,105,RUE SAINT JACQUES,,,Plein jour,En agglomération,Hors intersection,Normale,Sans collision,,,,,,,,,,,1,2,1,1,7
200700059234,0007-09-22 01:03:00,7,9,22,1,3,750,105,RUE GEOFFROY SAINT HILAI,,,Nuit sans éclairage public,En agglomération,Hors intersection,Normale,Autre collision,,,,,,,,,,,3,2,1,1,6
200700059235,0007-09-24 21:00:00,7,9,24,21,0,750,105,BOULEVARD DE L HOPITAL,,,Nuit avec éclairage allumé,En agglomération,Intersection en X,Normale,Deux véhicules - côté,,,,,,,,,,,5,2,2,1,3
200700059236,0007-09-26 08:46:00,7,9,26,8,46,750,105,"98, RUE MONGE",,,Plein jour,En agglomération,Hors intersection,Pluie légère,Autre collision,,,,,,,,,,,1,2,1,2,6
200700059237,0007-09-26 18:10:00,7,9,26,18,10,750,105,RUE GEOFFROY SAINT HILAI,,,Plein jour,En agglomération,Hors intersection,Pluie légère,Autre collision,,,,,,,,,,,1,2,1,2,6
200700059238,0007-09-26 19:25:00,7,9,26,19,25,750,105,PLACE DU PANTHEON,,,Crépuscule ou aube,En agglomération,Hors intersection,Pluie légère,Sans collision,,,,,,,,,,,2,2,1,2,7
200700059239,0007-09-27 09:15:00,7,9,27,9,15,750,105,RUE SOUFFLOT,,,Plein jour,En agglomération,Intersection en X,Normale,Deux véhicules - côté,,,,,,,,,,,1,2,2,1,3
200700059240,0007-09-27 20:25:00,7,9,27,20,25,750,105,RUE DES FOSSES SAINT JAC,,,Nuit avec éclairage allumé,En agglomération,Intersection en T,Pluie légère,Sans collision,,,,,,,,,,,5,2,3,2,7
200700059241,0007-09-29 15:32:00,7,9,29,15,32,750,105,RUE SAINT JACQUES,,,Plein jour,En agglomération,Hors intersection,Normale,Sans collision,,,,,,,,,,,1,2,1,1,7
200700059242,0007-09-01 16:55:00,7,9,1,16,55,750,106,"23, QUAI DE CONTI",,,Plein jour,En agglomération,Hors intersection,Normale,Deux véhicules - côté,,,,,,,,,,,1,2,1,1,3
200700059243,0007-09-03 18:40:00,7,9,3,18,40,750,106,BOULEVARD RASPAIL,,,Plein jour,En agglomération,Hors intersection,Normale,Deux véhicules - côté,,,,,,,,,,,1,2,1,1,3
200700059244,0007-09-04 14:15:00,7,9,4,14,15,750,106,RUE DE RENNES,,,Plein jour,En agglomération,Hors intersection,Normale,Autre collision,,,,,,,,,,,1,2,1,1,6
200700059245,0007-09-05 23:10:00,7,9,5,23,10,750,106,"102, RUE DE VAUGIRARD",,,Nuit avec éclairage allumé,En agglomération,Intersection en T,Normale,Sans collision,,,,,,,,,,,5,2,3,1,7
200700059246,0007-09-07 20:10:00,7,9,7,20,10,750,106,"43, RUE DE VAUGIRARD",,,Crépuscule ou aube,En agglomération,Intersection en X,Normale,Autre collision,,,,,,,,,,,2,2,2,1,6
200700059247,0007-09-09 18:45:00,7,9,9,18,45,750,106,"13, RUE MABILLON",,,Plein jour,En agglomération,Hors intersection,Normale,Autre collision,,,,,,,,,,,1,2,1,1,6
200700059248,0007-09-12 16:35:00,7,9,12,16,35,750,106,"09, PLACE SAINT ANDRE DE",,,Plein jour,En agglomération,Hors intersection,Normale,Sans collision,,,,,,,,,,,1,2,1,1,7
200700059249,0007-09-12 16:20:00,7,9,12,16,20,750,106,"96, RUE DE RENNES",,,Plein jour,En agglomération,Hors intersection,Normale,Autre collision,,,,,,,,,,,1,2,1,1,6
200700059250,0007-09-12 23:50:00,7,9,12,23,50,750,106,"57, RUE NOTRE DAME DES C",,,Nuit avec éclairage allumé,En agglomération,Hors intersection,Normale,Autre collision,,,,,,,,,,,5,2,1,1,6
200700059251,0007-09-13 12:00:00,7,9,13,12,0,750,106,"5, BOULEVARD DU MONTPARN",,,Plein jour,En agglomération,Hors intersection,Normale,Trois véhicules et plus - en chaîne,,,,,,,,,,,1,2,1,1,4
200700059252,0007-09-14 09:05:00,7,9,14,9,5,750,106,RUE DE VAUGIRARD,,,Plein jour,En agglomération,Intersection en X,Normale,Sans collision,,,,,,,,,,,1,2,2,1,7
200700059253,0007-09-16 15:40:00,7,9,16,15,40,750,106,BOULEVARD DU MONTPARNASS,,,Plein jour,En agglomération,Hors intersection,Normale,Autre collision,,,,,,,,,,,1,2,1,1,6
200700059254,0007-09-17 16:36:00,7,9,17,16,36,750,106,PLACE SAINT MICHEL,,,Plein jour,En agglomération,Hors intersection,Normale,Autre collision,,,,,,,,,,,1,2,1,1,6
200700059255,0007-09-20 08:25:00,7,9,20,8,25,750,106,"87, BOULEVARD DU MONTPAR",,,Plein jour,En agglomération,Hors intersection,Normale,Autre collision,,,,,,,,,,,1,2,1,1,6
200700059256,0007-09-24 16:05:00,7,9,24,16,5,750,106,"40, RUE D ASSAS",,,Plein jour,En agglomération,Hors intersection,Normale,Deux véhicules - côté,,,,,,,,,,,1,2,1,1,3
200700059257,0007-09-25 08:50:00,7,9,25,8,50,750,106,QUAI DES GRANDS AUGUSTIN,,,Plein jour,En agglomération,Hors intersection,Normale,Deux véhicules - côté,,,,,,,,,,,1,2,1,1,3
200700059258,0007-09-26 18:00:00,7,9,26,18,0,750,106,BOULEVARD RASPAIL,,,Crépuscule ou aube,En agglomération,Intersection en X,Pluie légère,Deux véhicules - frontale,,,,,,,,,,,2,2,2,2,1
200700059259,0007-09-28 10:45:00,7,9,28,10,45,750,106,"139, BOULEVARD RASPAIL",,,Plein jour,En agglomération,Hors intersection,Pluie légère,Sans collision,,,,,,,,,,,1,2,1,2,7
200700059260,0007-09-28 14:17:00,7,9,28,14,17,750,106,"89, BOULEVARD RASPAIL",,,Plein jour,En agglomération,Hors intersection,Pluie légère,Sans collision,,,,,,,,,,,1,2,1,2,7
200700059261,0007-09-28 23:30:00,7,9,28,23,30,750,106,RUE CHRISTINE,,,Nuit avec éclairage allumé,En agglomération,Hors intersection,Pluie légère,Deux véhicules - frontale,,,,,,,,,,,5,2,1,2,1
200700059262,0007-09-29 12:35:00,7,9,29,12,35,750,106,"24, RUE DE CONDE",,,Plein jour,En agglomération,Hors intersection,Normale,Deux véhicules - côté,,,,,,,,,,,1,2,1,1,3
200700059263,0007-09-30 01:30:00,7,9,30,1,30,750,114,"57, RUE DU FAUBOURG SAIN",,,Nuit avec éclairage allumé,En agglomération,Hors intersection,Normale,Autre collision,,,,,,,,,,,5,2,1,1,6
200700059264,0007-09-02 03:15:00,7,9,2,3,15,750,107,QUAI D ORSAY,,,Nuit avec éclairage allumé,En agglomération,Intersection en X,Normale,Sans collision,,,,,,,,,,,5,2,2,1,7
200700059265,0007-09-03 10:45:00,7,9,3,10,45,750,107,"10, BOULEVARD RASPAIL",,,Plein jour,En agglomération,Hors intersection,Pluie légère,Deux véhicules - arrière,,,,,,,,,,,1,2,1,2,2
200700059266,0007-09-04 09:50:00,7,9,4,9,50,750,107,"27, BOULEVARD DE LA TOUR",,,Plein jour,En agglomération,Intersection en X,Normale,Deux véhicules - côté,,,,,,,,,,,1,2,2,1,3
200700059267,0007-09-05 10:20:00,7,9,5,10,20,750,107,"75, QUAI D ORSAY",,,Plein jour,En agglomération,Hors intersection,Normale,Deux véhicules - côté,,,,,,,,,,,1,2,1,1,3
200700059268,0007-09-05 18:50:00,7,9,5,18,50,750,107,"1, PLACE DE L ECOLE MILI",,,Plein jour,En agglomération,Intersection en X,Normale,Deux véhicules - côté,,,,,,,,,,,1,2,2,1,3
200700059269,0007-09-06 16:10:00,7,9,6,16,10,750,107,"26, RUE DE SEVRES",,,Plein jour,En agglomération,Hors intersection,Normale,Autre collision,,,,,,,,,,,1,2,1,1,6
200700059270,0007-09-07 08:00:00,7,9,7,8,0,750,107,"39, AVENUE DE BRETEUIL",,,Plein jour,En agglomération,Hors intersection,Normale,Deux véhicules - côté,,,,,,,,,,,1,2,1,1,3
200700059271,0007-09-08 11:30:00,7,9,8,11,30,750,107,"5, PLACE DU PRESIDENT MI",,,Plein jour,En agglomération,Hors intersection,Normale,Deux véhicules - côté,,,,,,,,,,,1,2,1,1,3
200700059272,0007-09-08 17:00:00,7,9,8,17,0,750,107,"12, BOULEVARD RASPAIL",,,Plein jour,En agglomération,Intersection en X,Normale,Deux véhicules - côté,,,,,,,,,,,1,2,2,1,3
200700059273,0007-09-13 16:45:00,7,9,13,16,45,750,107,"18, AVENUE DE VILLARS",,,Plein jour,En agglomération,Hors intersection,Normale,Autre collision,,,,,,,,,,,1,2,1,1,6
200700059274,0007-09-14 12:45:00,7,9,14,12,45,750,107,"83, AVENUE BOSQUET",,,Plein jour,En agglomération,Hors intersection,Normale,Deux véhicules - côté,,,,,,,,,,,1,2,1,1,3
200700059275,0007-09-14 20:00:00,7,9,14,20,0,750,107,"15, RUE DU BAC",,,Nuit avec éclairage allumé,En agglomération,Hors intersection,Normale,Autre collision,,,,,,,,,,,5,2,1,1,6
200700059276,0007-09-15 23:30:00,7,9,15,23,30,750,107,"13, BOULEVARD DES INVALI",,,Nuit avec éclairage allumé,En agglomération,Hors intersection,Normale,Sans collision,,,,,,,,,,,5,2,1,1,7
200700059277,0007-09-16 17:05:00,7,9,16,17,5,750,107,BOULEVARD DE LA TOUR MAU,,,Plein jour,En agglomération,Intersection en X,Normale,Deux véhicules - côté,,,,,,,,,,,1,2,2,1,3
200700059278,0007-09-17 19:20:00,7,9,17,19,20,750,107,VOIE EXPRESS RIVE GAUCHE,,,Crépuscule ou aube,En agglomération,Hors intersection,Pluie légère,Autre collision,,,,,,,,,,,2,2,1,2,6
200700059279,0007-09-18 08:40:00,7,9,18,8,40,750,107,"79, RUE DE LILLE",,,Plein jour,En agglomération,Hors intersection,Normale,Deux véhicules - arrière,,,,,,,,,,,1,2,1,1,2
200700059280,0007-09-21 08:10:00,7,9,21,8,10,750,107,"27, BOULEVARD RASPAIL",,,Plein jour,En agglomération,Hors intersection,Normale,Deux véhicules - côté,,,,,,,,,,,1,2,1,1,3
200700059281,0007-09-21 12:15:00,7,9,21,12,15,750,107,"40, BOULEVARD RASPAIL",,,Plein jour,En agglomération,Hors intersection,Normale,Autre collision,,,,,,,,,,,1,2,1,1,6
200700059282,0007-09-22 15:25:00,7,9,22,15,25,750,107,"40, AVENUE DE LA BOURDON",,,Plein jour,En agglomération,Hors intersection,Normale,Deux véhicules - arrière,,,,,,,,,,,1,2,1,1,2
200700059283,0007-09-24 13:15:00,7,9,24,13,15,750,107,"12, AVENUE BOSQUET",,,Plein jour,En agglomération,Hors intersection,Normale,Autre collision,,,,,,,,,,,1,2,1,1,6
200700059284,0007-09-25 18:20:00,7,9,25,18,20,750,107,"129, RUE DE GRENELLE",,,Plein jour,En agglomération,Giratoire,Temps couvert,Deux véhicules - côté,,,,,,,,,,,1,2,6,8,3
200700059285,0007-09-28 13:20:00,7,9,28,13,20,750,107,"42, RUE DE SEVRES",,,Plein jour,En agglomération,Hors intersection,Pluie légère,Autre collision,,,,,,,,,,,1,2,1,2,6
200700059286,0007-09-28 15:10:00,7,9,28,15,10,750,107,"23, QUAI VOLTAIRE",,,Plein jour,En agglomération,Hors intersection,Pluie forte,Sans collision,,,,,,,,,,,1,2,1,3,7
200700059287,0007-09-30 22:40:00,7,9,30,22,40,750,107,RUE SAINT DOMINIQUE,,,Nuit avec éclairage allumé,En agglomération,Intersection en X,Normale,Sans collision,,,,,,,,,,,5,2,2,1,7
200700059288,0007-09-25 09:50:00,7,9,25,9,50,750,108,PLACE CLEMENCEAU,,,Plein jour,En agglomération,Hors intersection,Normale,Deux véhicules - arrière,,,,,,,,,,,1,2,1,1,2
200700059289,0007-09-03 15:25:00,7,9,3,15,25,750,108,"152, SOUTERRAIN ETOILE",,,Plein jour,En agglomération,Hors intersection,Normale,Autre collision,,,,,,,,,,,1,2,1,1,6
200700059290,0007-09-04 09:35:00,7,9,4,9,35,750,108,AVENUE DES CHAMPS ELYSEE,,,Plein jour,En agglomération,Intersection en Y,Normale,Deux véhicules - côté,,,,,,,,,,,1,2,4,1,3
200700059291,0007-09-04 09:50:00,7,9,4,9,50,750,108,"26, RUE DU GENERAL FOY",,,Plein jour,En agglomération,Hors intersection,Normale,Autre collision,,,,,,,,,,,1,2,1,1,6
200700059292,0007-09-04 16:20:00,7,9,4,16,20,750,108,"4, PLACE DE LA CONCORDE",,,Plein jour,En agglomération,Intersection en X,Normale,Deux véhicules - côté,,,,,,,,,,,1,2,2,1,3
200700059293,0007-09-04 16:50:00,7,9,4,16,50,750,108,"46, AVENUE MARCEAU",,,Plein jour,En agglomération,Hors intersection,Normale,Autre collision,,,,,,,,,,,1,2,1,1,6
200700059294,0007-09-04 19:20:00,7,9,4,19,20,750,108,"40, AVENUE DE FRIEDLAND",,,Plein jour,En agglomération,Hors intersection,Normale,Autre collision,,,,,,,,,,,1,2,1,1,6
200700059295,0007-09-08 15:45:00,7,9,8,15,45,750,108,RUE MARBEUF,,,Plein jour,En agglomération,Hors intersection,Normale,Autre collision,,,,,,,,,,,1,2,1,1,6
200700059296,0007-09-09 11:30:00,7,9,9,11,30,750,108,AVENUE DES CHAMPS ELYSEE,,,Plein jour,En agglomération,Intersection à plus de 4 branches,Normale,Deux véhicules - côté,,,,,,,,,,,1,2,5,1,3
200700059297,0007-09-09 17:50:00,7,9,9,17,50,750,108,"10, RUE DE MIROMESNIL",,,Plein jour,En agglomération,Hors intersection,Normale,Deux véhicules - côté,,,,,,,,,,,1,2,1,1,3
200700059298,0007-09-10 13:35:00,7,9,10,13,35,750,108,"93, RUE DU FAUBOURG SAIN",,,Plein jour,En agglomération,Hors intersection,Normale,Deux véhicules - côté,,,,,,,,,,,1,2,1,1,3
200700059299,0007-09-11 23:05:00,7,9,11,23,5,750,108,"63, AVENUE DES CHAMPS EL",,,Nuit avec éclairage allumé,En agglomération,Hors intersection,Normale,Autre collision,,,,,,,,,,,5,2,1,1,6
200700059300,0007-09-12 01:15:00,7,9,12,1,15,750,108,"12, AVENUE PERCIER",,,Nuit avec éclairage allumé,En agglomération,Hors intersection,Normale,Sans collision,,,,,,,,,,,5,2,1,1,7
200700059301,0007-09-12 18:35:00,7,9,12,18,35,750,108,AVENUE DES CHAMPS ELYSEE,,,Plein jour,En agglomération,Intersection en T,Normale,Autre collision,,,,,,,,,,,1,2,3,1,6
200700059302,0007-09-13 21:15:00,7,9,13,21,15,750,108,PLACE CHARLES DE GAULLE,,,Nuit avec éclairage allumé,En agglomération,Hors intersection,Normale,Deux véhicules - côté,,,,,,,,,,,5,2,1,1,3
200700059303,0007-09-14 13:55:00,7,9,14,13,55,750,108,"17, BOULEVARD DES BATIGN",,,Plein jour,En agglomération,Hors intersection,Normale,Deux véhicules - arrière,,,,,,,,,,,1,2,1,1,2
200700059304,0007-09-14 22:00:00,7,9,14,22,0,750,108,"3, ROND POINT CHAMPS ELY",,,Nuit avec éclairage allumé,En agglomération,Hors intersection,Normale,Autre collision,,,,,,,,,,,5,2,1,1,6
200700059305,0007-09-16 03:25:00,7,9,16,3,25,750,108,"09, PLACE SAINT AUGUSTIN",,,Nuit avec éclairage allumé,En agglomération,Hors intersection,Normale,Autre collision,,,,,,,,,,,5,2,1,1,6
200700059306,0007-09-17 11:15:00,7,9,17,11,15,750,108,"0, AVENUE DES CHAMPS ELY",,,Plein jour,En agglomération,Hors intersection,Normale,Deux véhicules - arrière,,,,,,,,,,,1,2,1,1,2
200700059307,0007-09-18 14:00:00,7,9,18,14,0,750,108,"9, PLACE SAINT AUGUSTIN",,,Plein jour,En agglomération,Hors intersection,Normale,Sans collision,,,,,,,,,,,1,2,1,1,7
200700059308,0007-09-18 16:10:00,7,9,18,16,10,750,108,"124, AVENUE DES CHAMPS E",,,Plein jour,En agglomération,Hors intersection,Temps couvert,Deux véhicules - arrière,,,,,,,,,,,1,2,1,8,2
200700059309,0007-09-18 20:35:00,7,9,18,20,35,750,108,PLACE DE LA CONCORDE,,,Nuit avec éclairage allumé,En agglomération,Hors intersection,Temps couvert,Deux véhicules - arrière,,,,,,,,,,,5,2,1,8,2
200700059310,0007-09-19 16:50:00,7,9,19,16,50,750,108,"8, RUE DE PONTHIEU",,,Plein jour,En agglomération,Intersection en X,Normale,Deux véhicules - côté,,,,,,,,,,,1,2,2,1,3
200700059311,0007-09-20 20:30:00,7,9,20,20,30,750,108,"10, AVENUE DES CHAMPS EL",,,Nuit avec éclairage allumé,En agglomération,Hors intersection,Normale,Autre collision,,,,,,,,,,,5,2,1,1,6
200700059312,0007-09-22 01:25:00,7,9,22,1,25,750,108,PLACE CHARLES DE GAULLE,,,Nuit avec éclairage allumé,En agglomération,Intersection à plus de 4 branches,Normale,Autre collision,,,,,,,,,,,5,2,5,1,6
200700059313,0007-09-22 14:25:00,7,9,22,14,25,750,108,AVENUE DES CHAMPS ELYSEE,,,Plein jour,En agglomération,Intersection en T,Normale,Deux véhicules - côté,,,,,,,,,,,1,2,3,1,3
200700059314,0007-09-23 15:15:00,7,9,23,15,15,750,108,"59, RUE D AMSTERDAM",,,Plein jour,En agglomération,Hors intersection,Normale,Autre collision,,,,,,,,,,,1,2,1,1,6
200700059315,0007-09-23 21:25:00,7,9,23,21,25,750,108,"128, RUE DU FAUBOURG SAI",,,Nuit avec éclairage allumé,En agglomération,Intersection en T,Normale,Autre collision,,,,,,,,,,,5,2,3,1,6
200700059316,0007-09-24 09:25:00,7,9,24,9,25,750,108,"18, AVENUE HOCHE",,,Plein jour,En agglomération,Hors intersection,Normale,Deux véhicules - côté,,,,,,,,,,,1,2,1,1,3
200700059317,0007-09-25 14:50:00,7,9,25,14,50,750,108,COURS ALBERT 1ER,,,Plein jour,En agglomération,Hors intersection,Normale,Sans collision,,,,,,,,,,,1,2,1,1,7
200700059318,0007-09-25 18:45:00,7,9,25,18,45,750,108,"16, RUE DES SAUSSAIES",,,Plein jour,En agglomération,Hors intersection,Pluie légère,Sans collision,,,,,,,,,,,1,2,1,2,7
200700059319,0007-09-25 19:30:00,7,9,25,19,30,750,108,"95, AVENUE DES CHAMPS EL",,,Crépuscule ou aube,En agglomération,Hors intersection,Pluie légère,Sans collision,,,,,,,,,,,2,2,1,2,7
200700059320,0007-09-26 17:40:00,7,9,26,17,40,750,108,"136, AVENUE DES CHAMPS E",,,Plein jour,En agglomération,Intersection à plus de 4 branches,Pluie légère,Deux véhicules - côté,,,,,,,,,,,1,2,5,2,3
200700059321,0007-09-26 20:00:00,7,9,26,20,0,750,108,"50, BOULEVARD MALESHERBE",,,Nuit avec éclairage allumé,En agglomération,Hors intersection,Pluie légère,Sans collision,,,,,,,,,,,5,2,1,2,7
200700059322,0007-09-27 12:30:00,7,9,27,12,30,750,108,"11, RUE DU HAVRE",,,Plein jour,En agglomération,Hors intersection,Temps couvert,Autre collision,,,,,,,,,,,1,2,1,8,6
200700059323,0007-09-27 13:10:00,7,9,27,13,10,750,108,"39, RUE FRANCOIS 1ER",,,Plein jour,En agglomération,Hors intersection,Normale,Autre collision,,,,,,,,,,,1,2,1,1,6
200700059324,0007-09-27 16:40:00,7,9,27,16,40,750,108,"14, BOULEVARD DE LA MADE",,,Plein jour,En agglomération,Intersection en T,Temps couvert,Deux véhicules - côté,,,,,,,,,,,1,2,3,8,3
200700059325,0007-09-28 09:11:00,7,9,28,9,11,750,108,"47, AVENUE HOCHE",,,Plein jour,En agglomération,Hors intersection,Pluie légère,Sans collision,,,,,,,,,,,1,2,1,2,7
200700059326,0007-09-30 04:35:00,7,9,30,4,35,750,108,"5, AVENUE MATIGNON",,,Nuit avec éclairage allumé,En agglomération,Hors intersection,Normale,Autre collision,,,,,,,,,,,5,2,1,1,6
200700059327,0007-09-30 17:30:00,7,9,30,17,30,750,108,"25, RUE CLAPEYRON",,,Plein jour,En agglomération,Intersection en X,Normale,Sans collision,,,,,,,,,,,1,2,2,1,7
200700059328,0007-09-01 04:30:00,7,9,1,4,30,750,109,BOULEVARD DE CLICHY,,,Nuit avec éclairage allumé,En agglomération,Place,Normale,Deux véhicules - côté,,,,,,,,,,,5,2,7,1,3
200700059329,0007-09-04 09:10:00,7,9,4,9,10,750,109,"9, RUE DE MOGADOR",,,Plein jour,En agglomération,Hors intersection,Normale,Autre collision,,,,,,,,,,,1,2,1,1,6
200700059330,0007-09-04 13:40:00,7,9,4,13,40,750,109,"76, RUE DE ROCHECHOUART",,,Plein jour,En agglomération,Intersection en X,Normale,Trois véhicules et plus - collisions multiples,,,,,,,,,,,1,2,2,1,5
200700059331,0007-09-04 13:20:00,7,9,4,13,20,750,109,"2, RUE DU HAVRE",,,Plein jour,En agglomération,Intersection en X,Normale,Autre collision,,,,,,,,,,,1,2,2,1,6
200700059332,0007-09-05 12:45:00,7,9,5,12,45,750,109,"41 bis, RUE CONDORCET",,,Plein jour,En agglomération,Hors intersection,Normale,Deux véhicules - arrière,,,,,,,,,,,1,2,1,1,2
200700059333,0007-09-06 14:15:00,7,9,6,14,15,750,109,"30, RUE DE LONDRES",,,Plein jour,En agglomération,Hors intersection,Normale,Deux véhicules - côté,,,,,,,,,,,1,2,1,1,3
200700059334,0007-09-06 19:15:00,7,9,6,19,15,750,109,"1, BOULEVARD HAUSSMANN",,,Crépuscule ou aube,En agglomération,Hors intersection,Pluie légère,Sans collision,,,,,,,,,,,2,2,1,2,7
200700059335,0007-09-07 09:15:00,7,9,7,9,15,750,109,"36, RUE DE CHATEAUDUN",,,Plein jour,En agglomération,Hors intersection,Normale,Deux véhicules - arrière,,,,,,,,,,,1,2,1,1,2
200700059336,0007-09-08 02:50:00,7,9,8,2,50,750,109,"06, RUE BLANCHE",,,Nuit avec éclairage allumé,En agglomération,Hors intersection,Normale,Autre collision,,,,,,,,,,,5,2,1,1,6
200700059337,0007-09-08 06:30:00,7,9,8,6,30,750,109,"1, BOULEVARD HAUSSMANN",,,Crépuscule ou aube,En agglomération,Intersection en X,Normale,Autre collision,,,,,,,,,,,2,2,2,1,6
200700059338,0007-09-14 13:25:00,7,9,14,13,25,750,109,"26, BOULEVARD DES ITALIE",,,Plein jour,En agglomération,Hors intersection,Normale,Autre collision,,,,,,,,,,,1,2,1,1,6
200700059339,0007-09-17 11:55:00,7,9,17,11,55,750,109,"32, AVENUE TRUDAINE",,,Plein jour,En agglomération,Intersection en T,Normale,Sans collision,,,,,,,,,,,1,2,3,1,7
200700059340,0007-09-17 14:30:00,7,9,17,14,30,750,109,"33, BOULEVARD HAUSSMANN",,,Plein jour,En agglomération,Intersection en X,Temps couvert,Autre collision,,,,,,,,,,,1,2,2,8,6
200700059341,0007-09-17 18:40:00,7,9,17,18,40,750,109,"39, RUE DE DOUAI",,,Plein jour,En agglomération,Hors intersection,Temps couvert,Autre collision,,,,,,,,,,,1,2,1,8,6
200700059342,0007-09-18 00:59:00,7,9,18,0,59,750,117,PLACE DE LA PORTE MAILLO,,,Nuit avec éclairage allumé,En agglomération,Intersection en X,Pluie légère,Deux véhicules - côté,,,,,,,,,,,5,2,2,2,3
200700059343,0007-09-17 17:30:00,7,9,17,17,30,750,109,"2, BOULEVARD POISSONNIER",,,Plein jour,En agglomération,Intersection en X,Normale,Autre collision,,,,,,,,,,,1,2,2,1,6
200700059344,0007-09-18 12:00:00,7,9,18,12,0,750,109,"55, RUE DE LA CHAUSSEE D",,,Plein jour,En agglomération,Hors intersection,Normale,Autre collision,,,,,,,,,,,1,2,1,1,6
200700059345,0007-09-19 17:45:00,7,9,19,17,45,750,109,"2, RUE AUBER",,,Plein jour,En agglomération,Intersection en X,Normale,Autre collision,,,,,,,,,,,1,2,2,1,6
200700059346,0007-09-21 00:40:00,7,9,21,0,40,750,109,"02, PLACE D ESTIENNE D O",,,Nuit avec éclairage allumé,En agglomération,Hors intersection,Normale,Deux véhicules - arrière,,,,,,,,,,,5,2,1,1,2
200700059347,0007-09-21 16:00:00,7,9,21,16,0,750,109,"49, BOULEVARD DE ROCHECH",,,Plein jour,En agglomération,Hors intersection,Normale,Autre collision,,,,,,,,,,,1,2,1,1,6
200700059348,0007-09-24 20:25:00,7,9,24,20,25,750,109,"69, RUE LA FAYETTE",,,Nuit avec éclairage allumé,En agglomération,Hors intersection,Normale,Autre collision,,,,,,,,,,,5,2,1,1,6
200700059349,0007-09-26 17:35:00,7,9,26,17,35,750,109,"13, RUE DE CHATEAUDUN",,,Plein jour,En agglomération,Hors intersection,Pluie forte,Sans collision,,,,,,,,,,,1,2,1,3,7
200700059350,0007-09-28 07:30:00,7,9,28,7,30,750,109,"2, BOULEVARD HAUSSMANN",,,Crépuscule ou aube,Hors agglomération,Intersection en Y,Pluie légère,Trois véhicules et plus - en chaîne,,,,,,,,,,,2,1,4,2,4
200700059351,0007-09-28 17:30:00,7,9,28,17,30,750,109,"47, BOULEVARD DE ROCHECH",,,Plein jour,En agglomération,Hors intersection,Pluie légère,Autre collision,,,,,,,,,,,1,2,1,2,6
200700059352,0007-09-30 00:55:00,7,9,30,0,55,750,109,"17, RUE DU FAUBOURG MONT",,,Nuit avec éclairage allumé,En agglomération,Hors intersection,Normale,Sans collision,,,,,,,,,,,5,2,1,1,7
200700059353,0007-09-01 10:50:00,7,9,1,10,50,750,110,"14, BOULEVARD SAINT DENI",,,Plein jour,En agglomération,Intersection en X,Normale,Deux véhicules - côté,,,,,,,,,,,1,2,2,1,3
200700059354,0007-09-01 17:45:00,7,9,1,17,45,750,110,"3, BOULEVARD DE MAGENTA",,,Plein jour,En agglomération,Hors intersection,Normale,Deux véhicules - côté,,,,,,,,,,,1,2,1,1,3
200700059355,0007-09-01 21:00:00,7,9,1,21,0,750,110,"12, BOULEVARD DE STRASBO",,,Nuit avec éclairage allumé,En agglomération,Hors intersection,Normale,Deux véhicules - côté,,,,,,,,,,,5,2,1,1,3
200700059356,0007-09-01 22:00:00,7,9,1,22,0,750,110,"156, RUE DU FAUBOURG SAI",,,Nuit avec éclairage allumé,En agglomération,Hors intersection,Normale,Autre collision,,,,,,,,,,,5,2,1,1,6
200700059357,0007-09-03 07:45:00,7,9,3,7,45,750,110,"141, BOULEVARD DE MAGENT",,,Plein jour,En agglomération,Hors intersection,Temps couvert,Autre collision,,,,,,,,,,,1,2,1,8,6
200700059358,0007-09-05 09:30:00,7,9,5,9,30,750,110,"125, RUE DU FAUBOURG SAI",,,Plein jour,En agglomération,Intersection en X,Normale,Deux véhicules - côté,,,,,,,,,,,1,2,2,1,3
200700059359,0007-09-06 16:26:00,7,9,6,16,26,750,110,"96, RUE LA FAYETTE",,,Plein jour,En agglomération,Hors intersection,Normale,Autre collision,,,,,,,,,,,1,2,1,1,6
200700059360,0007-09-07 15:15:00,7,9,7,15,15,750,110,"140, RUE LA FAYETTE",,,Plein jour,En agglomération,Hors intersection,Normale,Deux véhicules - côté,,,,,,,,,,,1,2,1,1,3