accident_id,datetime,annee,mois,jour,heure,minute,departement,commune_insee,adresse,latitude,longitude,luminosite,agglomeration,intersection,meteo,collision,nb_vehicules,nb_usagers,nb_indemnes,nb_tues,nb_blesses_hosp,nb_blesses_legers,age_cond_1,age_cond_2,veh_type_cond_1,veh_type_cond_2,lum_code,agg_code,int_code,atm_code,col_code
200700059361,0007-09-08 14:50:00,7,9,8,14,50,750,110,"108, QUAI DE JEMMAPES",,,Plein jour,En agglomération,Intersection en T,Normale,Deux véhicules - côté,,,,,,,,,,,1,2,3,1,3
200700059362,0007-09-08 16:10:00,7,9,8,16,10,750,110,"135, BOULEVARD DE LA VIL",,,Plein jour,En agglomération,Hors intersection,Normale,Deux véhicules - côté,,,,,,,,,,,1,2,1,1,3
200700059363,0007-09-09 00:15:00,7,9,9,0,15,750,110,"21, BOULEVARD DE LA CHAP",,,Nuit avec éclairage allumé,En agglomération,Hors intersection,Normale,Sans collision,,,,,,,,,,,5,2,1,1,7
200700059364,0007-09-10 03:15:00,7,9,10,3,15,750,110,"13, BOULEVARD DE MAGENTA",,,Nuit avec éclairage allumé,En agglomération,Hors intersection,Normale,Autre collision,,,,,,,,,,,5,2,1,1,6
200700059365,0007-09-11 00:20:00,7,9,11,0,20,750,110,"137, RUE DU FAUBOURG DU",,,Nuit avec éclairage allumé,En agglomération,Hors intersection,Normale,Deux véhicules - côté,,,,,,,,,,,5,2,1,1,3
200700059366,0007-09-12 14:25:00,7,9,12,14,25,750,110,"68, BOULEVARD DE STRASBO",,,Plein jour,En agglomération,Hors intersection,Normale,Deux véhicules - côté,,,,,,,,,,,1,2,1,1,3
200700059367,0007-09-12 19:00:00,7,9,12,19,0,750,110,PLACE DE LA REPUBLIQUE,,,Plein jour,En agglomération,Hors intersection,Normale,Sans collision,,,,,,,,,,,1,2,1,1,7
200700059368,0007-09-13 03:05:00,7,9,13,3,5,750,110,"119, BOULEVARD DE MAGENT",,,Nuit avec éclairage allumé,En agglomération,Hors intersection,Normale,Autre collision,,,,,,,,,,,5,2,1,1,6
200700059369,0007-09-13 18:20:00,7,9,13,18,20,750,110,"9, BOULEVARD DE LA CHAPE",,,Plein jour,En agglomération,Hors intersection,Normale,Autre collision,,,,,,,,,,,1,2,1,1,6
200700059370,0007-09-14 12:45:00,7,9,14,12,45,750,110,"132, BOULEVARD DE MAGENT",,,Plein jour,En agglomération,Hors intersection,Normale,Deux véhicules - côté,,,,,,,,,,,1,2,1,1,3
200700059371,0007-09-14 20:55:00,7,9,14,20,55,750,110,"114, QUAI DE JEMMAPES",,,Nuit avec éclairage allumé,En agglomération,Hors intersection,Normale,Sans collision,,,,,,,,,,,5,2,1,1,7
200700059372,0007-09-15 09:40:00,7,9,15,9,40,750,110,"189, RUE SAINT MAUR",,,Plein jour,En agglomération,Hors intersection,Normale,Sans collision,,,,,,,,,,,1,2,1,1,7
200700059373,0007-09-16 14:05:00,7,9,16,14,5,750,110,"12, PLACE DE LA REPUBLIQ",,,Plein jour,En agglomération,Giratoire,Normale,Deux véhicules - côté,,,,,,,,,,,1,2,6,1,3
200700059374,0007-09-17 10:00:00,7,9,17,10,0,750,110,"151, BOULEVARD DE MAGENT",,,Plein jour,En agglomération,Hors intersection,Temps couvert,Autre collision,,,,,,,,,,,1,2,1,8,6
200700059375,0007-09-17 22:00:00,7,9,17,22,0,750,110,"63, RUE DU FAUBOURG SAIN",,,Nuit avec éclairage allumé,En agglomération,Hors intersection,Pluie légère,Sans collision,,,,,,,,,,,5,2,1,2,7
200700059376,0007-09-17 23:25:00,7,9,17,23,25,750,110,"2, BOULEVARD DE MAGENTA",,,Nuit avec éclairage allumé,En agglomération,Hors intersection,Pluie légère,Autre collision,,,,,,,,,,,5,2,1,2,6
200700059377,0007-09-18 09:20:00,7,9,18,9,20,750,110,"17, AVENUE CLAUDE VELLEF",,,Plein jour,En agglomération,Intersection en X,Normale,Deux véhicules - côté,,,,,,,,,,,1,2,2,1,3
200700059378,0007-09-18 14:15:00,7,9,18,14,15,750,110,"99, RUE LA FAYETTE",,,Plein jour,En agglomération,Hors intersection,Normale,Deux véhicules - côté,,,,,,,,,,,1,2,1,1,3
200700059379,0007-09-19 08:12:00,7,9,19,8,12,750,110,"12, PLACE DE LA REPUBLIQ",,,Plein jour,En agglomération,Place,Normale,Sans collision,,,,,,,,,,,1,2,7,1,7
200700059380,0007-09-20 17:10:00,7,9,20,17,10,750,110,"266, RUE DU FAUBOURG SAI",,,Plein jour,En agglomération,Hors intersection,Normale,Deux véhicules - côté,,,,,,,,,,,1,2,1,1,3
200700059381,0007-09-20 22:00:00,7,9,20,22,0,750,110,"18, RUE DE DUNKERQUE",,,Nuit avec éclairage allumé,En agglomération,Hors intersection,Normale,Autre collision,,,,,,,,,,,5,2,1,1,6
200700059382,0007-09-20 23:30:00,7,9,20,23,30,750,110,"155, RUE LA FAYETTE",,,Nuit avec éclairage allumé,En agglomération,Intersection en X,Normale,Deux véhicules - côté,,,,,,,,,,,5,2,2,1,3
200700059383,0007-09-23 17:50:00,7,9,23,17,50,750,110,"156, AVENUE PARMENTIER",,,Plein jour,En agglomération,Hors intersection,Normale,Deux véhicules - côté,,,,,,,,,,,1,2,1,1,3
200700059384,0007-09-24 15:10:00,7,9,24,15,10,750,110,"117, QUAI DE VALMY",,,Plein jour,En agglomération,Hors intersection,Normale,Autre collision,,,,,,,,,,,1,2,1,1,6
200700059385,0007-09-26 07:30:00,7,9,26,7,30,750,110,"24, BOULEVARD DE MAGENTA",,,Plein jour,En agglomération,Hors intersection,Pluie légère,Autre collision,,,,,,,,,,,1,2,1,2,6
200700059386,0007-09-26 10:10:00,7,9,26,10,10,750,110,"139, BOULEVARD DE MAGENT",,,Plein jour,En agglomération,Hors intersection,Normale,Autre collision,,,,,,,,,,,1,2,1,1,6
200700059387,0007-09-26 20:00:00,7,9,26,20,0,750,110,"64, BOULEVARD DE STRASBO",,,Nuit avec éclairage allumé,En agglomération,Hors intersection,Temps couvert,Deux véhicules - côté,,,,,,,,,,,5,2,1,8,3
200700059388,0007-09-27 08:00:00,7,9,27,8,0,750,110,"77, BOULEVARD DE MAGENTA",,,Plein jour,En agglomération,Hors intersection,Normale,Autre collision,,,,,,,,,,,1,2,1,1,6
200700059389,0007-09-27 17:25:00,7,9,27,17,25,750,110,"168, RUE DU FAUBOURG SAI",,,Plein jour,En agglomération,Hors intersection,Temps couvert,Deux véhicules - côté,,,,,,,,,,,1,2,1,8,3
200700059390,0007-09-27 17:00:00,7,9,27,17,0,750,110,"89, RUE DU FAUBOURG SAIN",,,Plein jour,En agglomération,Hors intersection,Normale,Deux véhicules - côté,,,,,,,,,,,1,2,1,1,3
200700059391,0007-09-29 03:15:00,7,9,29,3,15,750,102,"19, BOULEVARD SAINT DENI",,,Nuit avec éclairage allumé,En agglomération,Hors intersection,Normale,Deux véhicules - arrière,,,,,,,,,,,5,2,1,1,2
200700059392,0007-09-29 18:10:00,7,9,29,18,10,750,110,"127, BOULEVARD DE LA VIL",,,Plein jour,En agglomération,Hors intersection,Normale,Deux véhicules - côté,,,,,,,,,,,1,2,1,1,3
200700059393,0007-09-30 12:00:00,7,9,30,12,0,750,110,"19, BOULEVARD DE MAGENTA",,,Plein jour,En agglomération,Intersection en X,Normale,Trois véhicules et plus - en chaîne,,,,,,,,,,,1,2,2,1,4
200700059394,0007-09-01 06:30:00,7,9,1,6,30,750,111,"290, BOULEVARD VOLTAIRE",,,Crépuscule ou aube,En agglomération,Hors intersection,Normale,Autre collision,,,,,,,,,,,2,2,1,1,6
200700059395,0007-09-01 10:55:00,7,9,1,10,55,750,111,"90, BOULEVARD RICHARD LE",,,Plein jour,En agglomération,Intersection en T,Normale,Deux véhicules - côté,,,,,,,,,,,1,2,3,1,3
200700059396,0007-09-03 11:50:00,7,9,3,11,50,750,111,"127, BOULEVARD VOLTAIRE",,,Plein jour,Hors agglomération,Hors intersection,Temps couvert,Deux véhicules - frontale,,,,,,,,,,,1,1,1,8,1
200700059397,0007-09-03 12:45:00,7,9,3,12,45,750,111,"88 bis, AVENUE PARMENTIE",,,Plein jour,En agglomération,Hors intersection,Temps couvert,Deux véhicules - côté,,,,,,,,,,,1,2,1,8,3
200700059398,0007-09-04 09:15:00,7,9,4,9,15,750,111,"101, AVENUE DE LA REPUBL",,,Plein jour,En agglomération,Intersection en Y,Normale,Autre collision,,,,,,,,,,,1,2,4,1,6
200700059399,0007-09-04 11:20:00,7,9,4,11,20,750,111,"124, AVENUE DE LA REPUBL",,,Plein jour,En agglomération,Intersection en T,Normale,Autre collision,,,,,,,,,,,1,2,3,1,6
200700059400,0007-09-05 15:30:00,7,9,5,15,30,750,111,"215, BOULEVARD VOLTAIRE",,,Plein jour,En agglomération,Hors intersection,Normale,Deux véhicules - côté,,,,,,,,,,,1,2,1,1,3
200700059401,0007-09-05 17:35:00,7,9,5,17,35,750,111,"155, RUE DE LA ROQUETTE",,,Plein jour,En agglomération,Hors intersection,Normale,Autre collision,,,,,,,,,,,1,2,1,1,6
200700059402,0007-09-05 17:20:00,7,9,5,17,20,750,111,"132, BOULEVARD RICHARD L",,,Plein jour,En agglomération,Intersection en X,Normale,Deux véhicules - côté,,,,,,,,,,,1,2,2,1,3
200700059403,0007-09-06 08:00:00,7,9,6,8,0,750,111,"49, AVENUE PARMENTIER",,,Crépuscule ou aube,En agglomération,Intersection en T,Normale,Deux véhicules - côté,,,,,,,,,,,2,2,3,1,3
200700059404,0007-09-07 15:40:00,7,9,7,15,40,750,111,"134, RUE DU CHEMIN VERT",,,Plein jour,En agglomération,Hors intersection,Normale,Autre collision,,,,,,,,,,,1,2,1,1,6
200700059405,0007-09-07 17:45:00,7,9,7,17,45,750,111,"94, BOULEVARD VOLTAIRE",,,Plein jour,En agglomération,Hors intersection,Normale,Trois véhicules et plus - en chaîne,,,,,,,,,,,1,2,1,1,4
200700059406,0007-09-07 20:50:00,7,9,7,20,50,750,111,"2, AVENUE DE LA REPUBLIQ",,,Nuit avec éclairage allumé,En agglomération,Intersection à plus de 4 branches,Normale,Sans collision,,,,,,,,,,,5,2,5,1,7
200700059407,0007-09-10 08:45:00,7,9,10,8,45,750,111,"4, AVENUE DE TAILLEBOURG",,,Plein jour,En agglomération,Hors intersection,Normale,Deux véhicules - côté,,,,,,,,,,,1,2,1,1,3
200700059408,0007-09-10 23:05:00,7,9,10,23,5,750,112,"78, QUAI DE LA RAPEE",,,Nuit avec éclairage allumé,En agglomération,Hors intersection,Normale,Autre collision,,,,,,,,,,,5,2,1,1,6
200700059409,0007-09-11 09:55:00,7,9,11,9,55,750,111,"09, RUE DU FAUBOURG SAIN",,,Plein jour,En agglomération,Hors intersection,Normale,Autre collision,,,,,,,,,,,1,2,1,1,6
200700059410,0007-09-13 09:25:00,7,9,13,9,25,750,111,"38, RUE SAINT MAUR",,,Plein jour,En agglomération,Intersection en T,Normale,Deux véhicules - côté,,,,,,,,,,,1,2,3,1,3
200700059411,0007-09-14 14:25:00,7,9,14,14,25,750,111,"68, AVENUE PARMENTIER",,,Plein jour,En agglomération,Hors intersection,Normale,Deux véhicules - côté,,,,,,,,,,,1,2,1,1,3
200700059412,0007-09-14 20:00:00,7,9,14,20,0,750,111,"86, BOULEVARD BEAUMARCHA",,,Nuit avec éclairage allumé,En agglomération,Hors intersection,Normale,Deux véhicules - côté,,,,,,,,,,,5,2,1,1,3
200700059413,0007-09-14 21:10:00,7,9,14,21,10,750,111,"155, RUE DE CHARONNE",,,Nuit avec éclairage allumé,En agglomération,Hors intersection,Normale,Deux véhicules - côté,,,,,,,,,,,5,2,1,1,3
200700059414,0007-09-14 23:45:00,7,9,14,23,45,750,111,"68, BOULEVARD VOLTAIRE",,,Nuit avec éclairage allumé,En agglomération,Hors intersection,Normale,Deux véhicules - côté,,,,,,,,,,,5,2,1,1,3
200700059415,0007-09-17 12:15:00,7,9,17,12,15,750,111,"100, AVENUE PHILIPPE AUG",,,Plein jour,En agglomération,Hors intersection,Normale,Deux véhicules - côté,,,,,,,,,,,1,2,1,1,3
200700059416,0007-09-18 08:55:00,7,9,18,8,55,750,111,"35, RUE LEON FROT",,,Plein jour,En agglomération,Hors intersection,Normale,Sans collision,,,,,,,,,,,1,2,1,1,7
200700059417,0007-09-18 20:35:00,7,9,18,20,35,750,111,"113, AVENUE LEDRU ROLLIN",,,Nuit avec éclairage allumé,En agglomération,Intersection en T,Normale,Autre collision,,,,,,,,,,,5,2,3,1,6
200700059418,0007-09-19 13:30:00,7,9,19,13,30,750,111,"52, BOULEVARD VOLTAIRE",,,Plein jour,En agglomération,Hors intersection,Normale,Deux véhicules - arrière,,,,,,,,,,,1,2,1,1,2
200700059419,0007-09-19 17:30:00,7,9,19,17,30,750,111,"170, RUE DE LA ROQUETTE",,,Plein jour,En agglomération,Intersection en T,Normale,Autre collision,,,,,,,,,,,1,2,3,1,6
200700059420,0007-09-19 19:00:00,7,9,19,19,0,750,111,"44, RUE SEDAINE",,,Plein jour,En agglomération,Hors intersection,Normale,Deux véhicules - côté,,,,,,,,,,,1,2,1,1,3
200700059421,0007-09-20 10:46:00,7,9,20,10,46,750,111,"92, RUE SAINT MAUR",,,Plein jour,En agglomération,Hors intersection,Normale,Deux véhicules - côté,,,,,,,,,,,1,2,1,1,3
200700059422,0007-09-20 13:20:00,7,9,20,13,20,750,111,"107, BOULEVARD VOLTAIRE",,,Plein jour,En agglomération,Hors intersection,Normale,Deux véhicules - arrière,,,,,,,,,,,1,2,1,1,2
200700059423,0007-09-21 01:44:00,7,9,21,1,44,750,111,PLACE LEON BLUM,,,Nuit avec éclairage allumé,En agglomération,Hors intersection,Normale,Sans collision,,,,,,,,,,,5,2,1,1,7
200700059424,0007-09-23 10:40:00,7,9,23,10,40,750,111,"88, BOULEVARD VOLTAIRE",,,Plein jour,En agglomération,Hors intersection,Normale,Autre collision,,,,,,,,,,,1,2,1,1,6
200700059425,0007-09-23 12:00:00,7,9,23,12,0,750,111,"53, BOULEVARD DE BELLEVI",,,Plein jour,En agglomération,Hors intersection,Normale,Autre collision,,,,,,,,,,,1,2,1,1,6
200700059426,0007-09-23 13:12:00,7,9,23,13,12,750,111,"127, AVENUE PARMENTIER",,,Plein jour,En agglomération,Intersection en T,Normale,Deux véhicules - côté,,,,,,,,,,,1,2,3,1,3
200700059427,0007-09-24 16:30:00,7,9,24,16,30,750,111,"131, BOULEVARD RICHARD L",,,Plein jour,En agglomération,Intersection en X,Normale,Deux véhicules - côté,,,,,,,,,,,1,2,2,1,3
200700059428,0007-09-24 16:00:00,7,9,24,16,0,750,111,"87, AVENUE PARMENTIER",,,Plein jour,En agglomération,Hors intersection,Normale,Autre collision,,,,,,,,,,,1,2,1,1,6
200700059429,0007-09-24 17:00:00,7,9,24,17,0,750,111,"21, RUE AMELOT",,,Plein jour,En agglomération,Intersection en X,Normale,Deux véhicules - côté,,,,,,,,,,,1,2,2,1,3
200700059430,0007-09-24 20:03:00,7,9,24,20,3,750,111,"171, AVENUE LEDRU ROLLIN",,,Nuit avec éclairage allumé,En agglomération,Hors intersection,Normale,Deux véhicules - arrière,,,,,,,,,,,5,2,1,1,2
200700059431,0007-09-25 08:50:00,7,9,25,8,50,750,111,"52, AVENUE DE LA REPUBLI",,,Plein jour,En agglomération,Intersection en T,Normale,Autre collision,,,,,,,,,,,1,2,3,1,6
200700059432,0007-09-25 09:45:00,7,9,25,9,45,750,111,"10, PLACE DE LA BASTILLE",,,Plein jour,En agglomération,Hors intersection,Normale,Deux véhicules - côté,,,,,,,,,,,1,2,1,1,3
200700059433,0007-09-26 15:20:00,7,9,26,15,20,750,111,"105, BOULEVARD VOLTAIRE",,,Plein jour,En agglomération,Hors intersection,Pluie légère,Autre collision,,,,,,,,,,,1,2,1,2,6
200700059434,0007-09-28 09:20:00,7,9,28,9,20,750,111,"75, AVENUE DE LA REPUBLI",,,Plein jour,En agglomération,Hors intersection,Pluie légère,Deux véhicules - côté,,,,,,,,,,,1,2,1,2,3
200700059435,0007-09-29 22:45:00,7,9,29,22,45,750,111,"128, AVENUE DE LA REPUBL",,,Nuit avec éclairage allumé,En agglomération,Hors intersection,Normale,Deux véhicules - arrière,,,,,,,,,,,5,2,1,1,2
200700059436,0007-09-30 01:25:00,7,9,30,1,25,750,111,"125, AVENUE PARMENTIER",,,Nuit avec éclairage allumé,En agglomération,Hors intersection,Normale,Sans collision,,,,,,,,,,,5,2,1,1,7
200700059437,0007-09-30 18:05:00,7,9,30,18,5,750,111,BOULEVARD DE MENILMONTAN,,,Plein jour,En agglomération,Intersection en T,Normale,Autre collision,,,,,,,,,,,1,2,3,1,6
200700059438,0007-09-02 14:15:00,7,9,2,14,15,750,112,RUE GEORGE GERSHWIN,,,Plein jour,En agglomération,Intersection en T,Normale,Deux véhicules - côté,,,,,,,,,,,1,2,3,1,3
200700059439,0007-09-03 12:45:00,7,9,3,12,45,750,112,"274, RUE DU FAUBOURG SAI",,,Plein jour,En agglomération,Hors intersection,Normale,Autre collision,,,,,,,,,,,1,2,1,1,6
200700059440,0007-09-03 16:50:00,7,9,3,16,50,750,112,QUAI DE BERCY,,,Plein jour,En agglomération,Hors intersection,Normale,Deux véhicules - arrière,,,,,,,,,,,1,2,1,1,2
200700059441,0007-09-03 19:20:00,7,9,3,19,20,750,112,ROUTE DE LA FALUERE,,,Plein jour,En agglomération,Hors intersection,Normale,Sans collision,,,,,,,,,,,1,2,1,1,7
200700059442,0007-09-04 09:20:00,7,9,4,9,20,750,112,ROUTE DE LA PYRAMIDE,,,Plein jour,En agglomération,Intersection en T,Normale,Autre collision,,,,,,,,,,,1,2,3,1,6
200700059443,0007-09-04 11:30:00,7,9,4,11,30,750,112,"11, PASSAGE DU GENIE",,,Plein jour,En agglomération,Hors intersection,Normale,Sans collision,,,,,,,,,,,1,2,1,1,7
200700059444,0007-09-04 11:45:00,7,9,4,11,45,750,112,BOULEVARD PONIATOWSKI,,,Plein jour,En agglomération,Intersection en X,Normale,Deux véhicules - côté,,,,,,,,,,,1,2,2,1,3
200700059445,0007-09-04 17:00:00,7,9,4,17,0,750,112,QUAI DE LA RAPEE,,,Plein jour,En agglomération,Hors intersection,Normale,Sans collision,,,,,,,,,,,1,2,1,1,7
200700059446,0007-09-05 14:00:00,7,9,5,14,0,750,112,"10, RUE DE LYON",,,Plein jour,En agglomération,Intersection en X,Normale,Trois véhicules et plus - en chaîne,,,,,,,,,,,1,2,2,1,4
200700059447,0007-09-05 18:50:00,7,9,5,18,50,750,112,"127, RUE DU FAUBOURG SAI",,,Plein jour,En agglomération,Hors intersection,Normale,Autre collision,,,,,,,,,,,1,2,1,1,6
200700059448,0007-09-06 15:10:00,7,9,6,15,10,750,112,"45, AVENUE DU GENERAL MI",,,Plein jour,En agglomération,Intersection en X,Temps couvert,Deux véhicules - côté,,,,,,,,,,,1,2,2,8,3
200700059449,0007-09-07 07:15:00,7,9,7,7,15,750,112,COURS DE VINCENNES,,,Plein jour,En agglomération,Intersection en X,Normale,Deux véhicules - côté,,,,,,,,,,,1,2,2,1,3
200700059450,0007-09-08 14:35:00,7,9,8,14,35,750,112,ROUTE DE LA PYRAMIDE,,,Plein jour,En agglomération,Hors intersection,Normale,Deux véhicules - côté,,,,,,,,,,,1,2,1,1,3
200700059451,0007-09-08 17:40:00,7,9,8,17,40,750,112,"55, RUE DE LYON",,,Plein jour,En agglomération,Hors intersection,Normale,Sans collision,,,,,,,,,,,1,2,1,1,7
200700059452,0007-09-09 23:40:00,7,9,9,23,40,750,112,"1, PLACE LOUIS ARMAND",,,Nuit avec éclairage allumé,En agglomération,Hors intersection,Normale,Deux véhicules - côté,,,,,,,,,,,5,2,1,1,3
200700059453,0007-09-10 18:00:00,7,9,10,18,0,750,112,QUAI DE BERCY,,,Plein jour,En agglomération,Hors intersection,Normale,Deux véhicules - arrière,,,,,,,,,,,1,2,1,1,2
200700059454,0007-09-11 09:45:00,7,9,11,9,45,750,112,PLACE FELIX EBOUE,,,Plein jour,En agglomération,Intersection en X,Normale,Deux véhicules - côté,,,,,,,,,,,1,2,2,1,3
200700059455,0007-09-12 08:35:00,7,9,12,8,35,750,112,RUE ROBERT ETLIN,,,Plein jour,En agglomération,Hors intersection,Normale,Sans collision,,,,,,,,,,,1,2,1,1,7
200700059456,0007-09-13 08:30:00,7,9,13,8,30,750,112,QUAI DE BERCY,,,Plein jour,En agglomération,Hors intersection,Normale,Deux véhicules - côté,,,,,,,,,,,1,2,1,1,3
200700059457,0007-09-13 10:15:00,7,9,13,10,15,750,112,AVENUE DE NOGENT,,,Plein jour,En agglomération,Intersection en Y,Normale,Deux véhicules - côté,,,,,,,,,,,1,2,4,1,3
200700059458,0007-09-13 22:55:00,7,9,13,22,55,750,112,"99, AVENUE DAUMESNIL",,,Nuit avec éclairage allumé,En agglomération,Hors intersection,Normale,Sans collision,,,,,,,,,,,5,2,1,1,7
200700059459,0007-09-14 16:15:00,7,9,14,16,15,750,112,AVENUE DE LA PORTE DE VI,,,Plein jour,En agglomération,Giratoire,Normale,Deux véhicules - arrière,,,,,,,,,,,1,2,6,1,2
200700059460,0007-09-14 17:05:00,7,9,14,17,5,750,112,QUAI DE BERCY,,,Plein jour,En agglomération,Hors intersection,Normale,Deux véhicules - côté,,,,,,,,,,,1,2,1,1,3
200700059461,0007-09-15 13:20:00,7,9,15,13,20,750,112,"70, AVENUE DAUMESNIL",,,Plein jour,En agglomération,Intersection en T,Normale,Deux véhicules - frontale,,,,,,,,,,,1,2,3,1,1
200700059462,0007-09-15 13:50:00,7,9,15,13,50,750,112,PONT MORLAND,,,Plein jour,En agglomération,Hors intersection,Normale,Sans collision,,,,,,,,,,,1,2,1,1,7
200700059463,0007-09-15 15:55:00,7,9,15,15,55,750,112,"10, RUE PARROT",,,Plein jour,En agglomération,Hors intersection,Normale,Autre collision,,,,,,,,,,,1,2,1,1,6
200700059464,0007-09-16 02:30:00,7,9,16,2,30,750,112,BOULEVARD PONIATOWSKI,,,Nuit avec éclairage allumé,En agglomération,Hors intersection,Normale,Autre collision,,,,,,,,,,,5,2,1,1,6
200700059465,0007-09-16 12:00:00,7,9,16,12,0,750,112,"00, ROUTE DAUPHINE",,,Plein jour,Hors agglomération,Hors intersection,Normale,Autre collision,,,,,,,,,,,1,1,1,1,6
200700059466,0007-09-17 19:55:00,7,9,17,19,55,750,112,AVENUE LEDRU ROLLIN,,,Nuit avec éclairage allumé,En agglomération,Hors intersection,Pluie légère,Deux véhicules - côté,,,,,,,,,,,5,2,1,2,3
200700059467,0007-09-17 23:30:00,7,9,17,23,30,750,112,"1, BOULEVARD PONIATOWSKI",,,Nuit avec éclairage allumé,En agglomération,Intersection à plus de 4 branches,Pluie légère,Deux véhicules - côté,,,,,,,,,,,5,2,5,2,3
200700059468,0007-09-18 11:50:00,7,9,18,11,50,750,112,ROUTE DE LA FERME,,,Plein jour,En agglomération,Hors intersection,Normale,Autre collision,,,,,,,,,,,1,2,1,1,6
200700059469,0007-09-20 09:55:00,7,9,20,9,55,750,112,"42, AVENUE DAUMESNIL",,,Plein jour,En agglomération,Intersection en X,Normale,Autre collision,,,,,,,,,,,1,2,2,1,6
200700059470,0007-09-20 12:30:00,7,9,20,12,30,750,112,"256, AVENUE DAUMESNIL",,,Plein jour,En agglomération,Intersection en X,Normale,Deux véhicules - côté,,,,,,,,,,,1,2,2,1,3
200700059471,0007-09-21 17:25:00,7,9,21,17,25,750,112,RUE DU SERGENT BAUCHAT,,,Plein jour,En agglomération,Intersection en T,Normale,Autre collision,,,,,,,,,,,1,2,3,1,6
200700059472,0007-09-23 14:00:00,7,9,23,14,0,750,112,PORT DE BERCY,,,Plein jour,En agglomération,Hors intersection,Normale,Deux véhicules - côté,,,,,,,,,,,1,2,1,1,3
200700059473,0007-09-23 16:25:00,7,9,23,16,25,750,112,RUE PROUDHON,,,Plein jour,En agglomération,Intersection en X,Normale,Deux véhicules - arrière,,,,,,,,,,,1,2,2,1,2
200700059474,0007-09-23 17:20:00,7,9,23,17,20,750,112,"0, ROUTE DE BOURDON",,,Plein jour,En agglomération,Hors intersection,Normale,Deux véhicules - arrière,,,,,,,,,,,1,2,1,1,2
200700059475,0007-09-24 19:05:00,7,9,24,19,5,750,112,BOULEVARD DIDEROT,,,Crépuscule ou aube,En agglomération,Intersection à plus de 4 branches,Normale,Deux véhicules - côté,,,,,,,,,,,2,2,5,1,3
200700059476,0007-09-25 09:45:00,7,9,25,9,45,750,112,"42, BOULEVARD DIDEROT",,,Plein jour,En agglomération,Intersection en X,Normale,Autre collision,,,,,,,,,,,1,2,2,1,6
200700059477,0007-09-25 18:30:00,7,9,25,18,30,750,112,"34, QUAI DE LA RAPEE",,,Plein jour,En agglomération,Hors intersection,Pluie légère,Trois véhicules et plus - collisions multiples,,,,,,,,,,,1,2,1,2,5
200700059478,0007-09-26 18:00:00,7,9,26,18,0,750,112,BOULEVARD PONIATOWSKI,,,Plein jour,En agglomération,Hors intersection,Pluie légère,Deux véhicules - arrière,,,,,,,,,,,1,2,1,2,2
200700059479,0007-09-27 21:10:00,7,9,27,21,10,750,112,"17, RUE D ALIGRE",,,Nuit avec éclairage allumé,En agglomération,Hors intersection,Pluie légère,Deux véhicules - frontale,,,,,,,,,,,5,2,1,2,1
200700059480,0007-09-28 09:00:00,7,9,28,9,0,750,112,RUE DE BERCY,,,Plein jour,En agglomération,Intersection en X,Pluie légère,Deux véhicules - côté,,,,,,,,,,,1,2,2,2,3
200700059481,0007-09-30 10:00:00,7,9,30,10,0,750,112,PONT D AUSTERLITZ,,,Plein jour,En agglomération,Hors intersection,Normale,Deux véhicules - côté,,,,,,,,,,,1,2,1,1,3
200700059482,0007-09-02 04:15:00,7,9,2,4,15,750,113,BOULEVARD VINCENT AURIOL,,,Nuit avec éclairage allumé,En agglomération,Hors intersection,Normale,Autre collision,,,,,,,,,,,5,2,1,1,6
200700059483,0007-09-02 15:25:00,7,9,2,15,25,750,113,"1, BOULEVARD DE L HOPITA",,,Plein jour,En agglomération,Hors intersection,Normale,Autre collision,,,,,,,,,,,1,2,1,1,6
200700059484,0007-09-03 07:20:00,7,9,3,7,20,750,113,PORTE D ITALIE,,,Plein jour,En agglomération,Hors intersection,Normale,Deux véhicules - côté,,,,,,,,,,,1,2,1,1,3
200700059485,0007-09-03 18:00:00,7,9,3,18,0,750,113,PONT DE TOLBIAC,,,Plein jour,En agglomération,Intersection en T,Normale,Deux véhicules - côté,,,,,,,,,,,1,2,3,1,3
200700059486,0007-09-04 10:00:00,7,9,4,10,0,750,113,"131, AVENUE D ITALIE",,,Plein jour,En agglomération,Hors intersection,Normale,Deux véhicules - côté,,,,,,,,,,,1,2,1,1,3
200700059487,0007-09-04 23:30:00,7,9,4,23,30,750,112,QUAI DE LA RAPEE,,,Nuit avec éclairage allumé,En agglomération,Hors intersection,Normale,Autre collision,,,,,,,,,,,5,2,1,1,6
200700059488,0007-09-05 15:15:00,7,9,5,15,15,750,113,"1, BOULEVARD SAINT MARCE",,,Plein jour,En agglomération,Hors intersection,Normale,Autre collision,,,,,,,,,,,1,2,1,1,6
200700059489,0007-09-06 11:25:00,7,9,6,11,25,750,113,"77, RUE BOBILLOT",,,Plein jour,En agglomération,Intersection à plus de 4 branches,Temps couvert,Deux véhicules - frontale,,,,,,,,,,,1,2,5,8,1
200700059490,0007-09-06 17:22:00,7,9,6,17,22,750,113,"37, AVENUE DES GOBELINS",,,Plein jour,En agglomération,Hors intersection,Pluie légère,Autre collision,,,,,,,,,,,1,2,1,2,6
200700059491,0007-09-07 09:50:00,7,9,7,9,50,750,113,"96, BOULEVARD DE L HOPIT",,,Plein jour,En agglomération,Intersection en X,Normale,Deux véhicules - arrière,,,,,,,,,,,1,2,2,1,2
200700059492,0007-09-08 11:15:00,7,9,8,11,15,750,105,"74, BOULEVARD DE PORT RO",,,Plein jour,En agglomération,Hors intersection,Normale,Deux véhicules - côté,,,,,,,,,,,1,2,1,1,3