accident_id,datetime,annee,mois,jour,heure,minute,departement,commune_insee,adresse,latitude,longitude,luminosite,agglomeration,intersection,meteo,collision,nb_vehicules,nb_usagers,nb_indemnes,nb_tues,nb_blesses_hosp,nb_blesses_legers,age_cond_1,age_cond_2,veh_type_cond_1,veh_type_cond_2,lum_code,agg_code,int_code,atm_code,col_code
200700059493,0007-09-09 12:40:00,7,9,9,12,40,750,113,"27, RUE DU CHAMP DE L AL",,,Plein jour,En agglomération,Hors intersection,Normale,Autre collision,,,,,,,,,,,1,2,1,1,6
200700059494,0007-09-10 14:45:00,7,9,10,14,45,750,113,"41, BOULEVARD SAINT MARC",,,Plein jour,En agglomération,Hors intersection,Temps couvert,Autre collision,,,,,,,,,,,1,2,1,8,6
200700059495,0007-09-11 08:20:00,7,9,11,8,20,750,113,"133, AVENUE D ITALIE",,,Plein jour,En agglomération,Hors intersection,Normale,Deux véhicules - côté,,,,,,,,,,,1,2,1,1,3
200700059496,0007-09-12 20:45:00,7,9,12,20,45,750,113,"89, RUE JEANNE D ARC",,,Crépuscule ou aube,En agglomération,Intersection en T,Normale,Autre collision,,,,,,,,,,,2,2,3,1,6
200700059497,0007-09-13 03:45:00,7,9,13,3,45,750,105,"73, BOULEVARD SAINT MARC",,,Nuit avec éclairage allumé,En agglomération,Hors intersection,Normale,Sans collision,,,,,,,,,,,5,2,1,1,7
200700059498,0007-09-13 06:55:00,7,9,13,6,55,750,113,"178 bis, AVENUE D ITALIE",,,Plein jour,En agglomération,Hors intersection,Normale,Autre collision,,,,,,,,,,,1,2,1,1,6
200700059499,0007-09-14 16:35:00,7,9,14,16,35,750,113,"149 bis, RUE NATIONALE",,,Plein jour,En agglomération,Hors intersection,Normale,Autre collision,,,,,,,,,,,1,2,1,1,6
200700059500,0007-09-18 13:40:00,7,9,18,13,40,750,113,"45, QUAI D AUSTERLITZ",,,Plein jour,En agglomération,Hors intersection,Normale,Sans collision,,,,,,,,,,,1,2,1,1,7
200700059501,0007-09-20 15:00:00,7,9,20,15,0,750,113,"1, RUE JEAN BAPTISTE BER",,,Plein jour,En agglomération,Hors intersection,Normale,Deux véhicules - côté,,,,,,,,,,,1,2,1,1,3
200700059502,0007-09-21 19:18:00,7,9,21,19,18,750,113,RUE JEAN BAPTISTE BERLIE,,,Plein jour,En agglomération,Hors intersection,Normale,Deux véhicules - arrière,,,,,,,,,,,1,2,1,1,2
200700059503,0007-09-22 17:35:00,7,9,22,17,35,750,113,AVENUE DE CHOISY,,,Plein jour,En agglomération,Hors intersection,Normale,Autre collision,,,,,,,,,,,1,2,1,1,6
200700059504,0007-09-24 10:50:00,7,9,24,10,50,750,113,"04, AVENUE D ITALIE",,,Plein jour,En agglomération,Hors intersection,Pluie légère,Sans collision,,,,,,,,,,,1,2,1,2,7
200700059505,0007-09-25 09:00:00,7,9,25,9,0,750,113,RUE JACQUES DESTREE,,,Plein jour,En agglomération,Intersection en X,Normale,Sans collision,,,,,,,,,,,1,2,2,1,7
200700059506,0007-09-25 14:10:00,7,9,25,14,10,750,113,"55/57, AVENUE D ITALIE",,,Plein jour,En agglomération,Intersection en X,Pluie légère,Deux véhicules - côté,,,,,,,,,,,1,2,2,2,3
200700059507,0007-09-25 18:10:00,7,9,25,18,10,750,113,"0, RUE DE TOLBIAC",,,Plein jour,En agglomération,Hors intersection,Normale,Deux véhicules - côté,,,,,,,,,,,1,2,1,1,3
200700059508,0007-09-26 09:20:00,7,9,26,9,20,750,113,"55, AVENUE D ITALIE",,,Plein jour,En agglomération,Intersection en X,Temps couvert,Deux véhicules - côté,,,,,,,,,,,1,2,2,8,3
200700059509,0007-09-26 11:40:00,7,9,26,11,40,750,113,"31, AVENUE PIERRE DE COU",,,Plein jour,En agglomération,Hors intersection,Normale,Sans collision,,,,,,,,,,,1,2,1,1,7
200700059510,0007-09-26 12:50:00,7,9,26,12,50,750,113,"0, BOULEVARD VINCENT AUR",,,Plein jour,En agglomération,Hors intersection,Normale,Autre collision,,,,,,,,,,,1,2,1,1,6
200700059511,0007-09-27 20:00:00,7,9,27,20,0,750,113,BOULEVARD VINCENT AURIOL,,,Nuit avec éclairage allumé,En agglomération,Hors intersection,Pluie légère,Deux véhicules - arrière,,,,,,,,,,,5,2,1,2,2
200700059512,0007-09-27 22:50:00,7,9,27,22,50,750,113,RUE ALBERT,,,Nuit avec éclairage allumé,En agglomération,Hors intersection,Pluie légère,Autre collision,,,,,,,,,,,5,2,1,2,6
200700059513,0007-09-28 15:40:00,7,9,28,15,40,750,113,"73, BOULEVARD SAINT MARC",,,Plein jour,En agglomération,Hors intersection,Pluie légère,Autre collision,,,,,,,,,,,1,2,1,2,6
200700059514,0007-09-29 17:30:00,7,9,29,17,30,750,113,"60, RUE CHARLES MOUREU",,,Plein jour,En agglomération,Intersection à plus de 4 branches,Normale,Deux véhicules - côté,,,,,,,,,,,1,2,5,1,3
200700059515,0007-09-30 20:05:00,7,9,30,20,5,750,113,"145, BOULEVARD VINCENT A",,,Nuit avec éclairage allumé,En agglomération,Intersection en X,Normale,Deux véhicules - côté,,,,,,,,,,,5,2,2,1,3
200700059516,0007-09-04 09:59:00,7,9,4,9,59,750,114,AVENUE LUCIEN DESCAVES,,,Plein jour,En agglomération,Intersection en T,Normale,Sans collision,,,,,,,,,,,1,2,3,1,7
200700059517,0007-09-04 13:30:00,7,9,4,13,30,750,114,AVENUE DE LA PORTE DE CH,,,Plein jour,En agglomération,Intersection en X,Normale,Deux véhicules - côté,,,,,,,,,,,1,2,2,1,3
200700059518,0007-09-05 13:45:00,7,9,5,13,45,750,114,"192, AVENUE DU MAINE",,,Plein jour,En agglomération,Hors intersection,Normale,Autre collision,,,,,,,,,,,1,2,1,1,6
200700059519,0007-09-08 00:20:00,7,9,8,0,20,750,114,"194/196, AVENUE DU MAINE",,,Nuit avec éclairage allumé,En agglomération,Hors intersection,Normale,Autre collision,,,,,,,,,,,5,2,1,1,6
200700059520,0007-09-10 14:15:00,7,9,10,14,15,750,114,"86, BOULEVARD DU MONTPAR",,,Plein jour,En agglomération,Intersection en T,Normale,Deux véhicules - côté,,,,,,,,,,,1,2,3,1,3
200700059521,0007-09-10 17:15:00,7,9,10,17,15,750,114,"156, RUE DU CHATEAU",,,Plein jour,En agglomération,Hors intersection,Normale,Deux véhicules - côté,,,,,,,,,,,1,2,1,1,3
200700059522,0007-09-11 12:50:00,7,9,11,12,50,750,114,"118, AVENUE DU GENERAL L",,,Plein jour,En agglomération,Hors intersection,Normale,Sans collision,,,,,,,,,,,1,2,1,1,7
200700059523,0007-09-11 14:38:00,7,9,11,14,38,750,114,AVENUE DE LA PORTE DE CH,,,Plein jour,En agglomération,Hors intersection,Normale,Autre collision,,,,,,,,,,,1,2,1,1,6
200700059524,0007-09-12 18:00:00,7,9,12,18,0,750,114,"30, AVENUE DU GENERAL LE",,,Plein jour,En agglomération,Hors intersection,Normale,Autre collision,,,,,,,,,,,1,2,1,1,6
200700059525,0007-09-14 16:20:00,7,9,14,16,20,750,114,"0, BOULEVARD DE PORT ROY",,,Plein jour,En agglomération,Intersection à plus de 4 branches,Normale,Deux véhicules - côté,,,,,,,,,,,1,2,5,1,3
200700059526,0007-09-15 15:50:00,7,9,15,15,50,750,114,RUE D ALESIA,,,Plein jour,En agglomération,Hors intersection,Normale,Deux véhicules - arrière,,,,,,,,,,,1,2,1,1,2
200700059527,0007-09-15 19:00:00,7,9,15,19,0,750,114,BOULEVARD BRUNE,,,Plein jour,En agglomération,Intersection en X,Normale,Deux véhicules - côté,,,,,,,,,,,1,2,2,1,3
200700059528,0007-09-16 10:00:00,7,9,16,10,0,750,114,BOULEVARD ROMAIN ROLLAND,,,Plein jour,En agglomération,Intersection en X,Normale,Deux véhicules - côté,,,,,,,,,,,1,2,2,1,3
200700059529,0007-09-16 19:50:00,7,9,16,19,50,750,114,RUE VERCINGETORIX,,,Nuit avec éclairage allumé,En agglomération,Hors intersection,Normale,Autre collision,,,,,,,,,,,5,2,1,1,6
200700059530,0007-09-17 10:10:00,7,9,17,10,10,750,114,"8 bis, AVENUE RENE COTY",,,Plein jour,En agglomération,Hors intersection,Normale,Autre collision,,,,,,,,,,,1,2,1,1,6
200700059531,0007-09-19 08:00:00,7,9,19,8,0,750,114,PLACE VICTOR ET HELENE B,,,Plein jour,En agglomération,Giratoire,Normale,Deux véhicules - côté,,,,,,,,,,,1,2,6,1,3
200700059532,0007-09-19 09:35:00,7,9,19,9,35,750,114,"44, BOULEVARD JOURDAN",,,Plein jour,En agglomération,Hors intersection,Normale,Autre collision,,,,,,,,,,,1,2,1,1,6
200700059533,0007-09-19 10:15:00,7,9,19,10,15,750,114,PLACE DENFERT ROCHEREAU,,,Plein jour,En agglomération,Intersection en T,Normale,Deux véhicules - arrière,,,,,,,,,,,1,2,3,1,2
200700059534,0007-09-19 18:00:00,7,9,19,18,0,750,114,"71, RUE D ALESIA",,,Plein jour,En agglomération,Intersection en X,Normale,Autre collision,,,,,,,,,,,1,2,2,1,6
200700059535,0007-09-20 15:30:00,7,9,20,15,30,750,114,"25, AVENUE ERNEST REYER",,,Plein jour,En agglomération,Intersection en T,Normale,Deux véhicules - arrière,,,,,,,,,,,1,2,3,1,2
200700059536,0007-09-21 00:40:00,7,9,21,0,40,750,114,"111, RUE RAYMOND LOSSERA",,,Nuit avec éclairage allumé,En agglomération,Hors intersection,Normale,Deux véhicules - arrière,,,,,,,,,,,5,2,1,1,2
200700059537,0007-09-22 08:05:00,7,9,22,8,5,750,114,"119, AVENUE DU GENERAL L",,,Plein jour,En agglomération,Hors intersection,Normale,Deux véhicules - côté,,,,,,,,,,,1,2,1,1,3
200700059538,0007-09-23 19:48:00,7,9,23,19,48,750,114,"50, AVENUE DU MAINE",,,Nuit avec éclairage allumé,En agglomération,Hors intersection,Normale,Deux véhicules - côté,,,,,,,,,,,5,2,1,1,3
200700059539,0007-09-24 09:20:00,7,9,24,9,20,750,114,"130bis, AVENUE DU GENERA",,,Plein jour,En agglomération,Hors intersection,Normale,Autre collision,,,,,,,,,,,1,2,1,1,6
200700059540,0007-09-24 15:00:00,7,9,24,15,0,750,114,"72, AVENUE DENFERT ROCHE",,,Plein jour,En agglomération,Hors intersection,Autre,Autre collision,,,,,,,,,,,1,2,1,9,6
200700059541,0007-09-24 16:10:00,7,9,24,16,10,750,114,RUE D ALESIA,,,Plein jour,En agglomération,Hors intersection,Normale,Deux véhicules - côté,,,,,,,,,,,1,2,1,1,3
200700059542,0007-09-24 23:20:00,7,9,24,23,20,750,114,"174, AVENUE DU MAINE",,,Nuit avec éclairage allumé,En agglomération,Intersection en Y,Normale,Deux véhicules - côté,,,,,,,,,,,5,2,4,1,3
200700059543,0007-09-25 13:10:00,7,9,25,13,10,750,114,"72, RUE D ALESIA",,,Plein jour,En agglomération,Hors intersection,Normale,Deux véhicules - côté,,,,,,,,,,,1,2,1,1,3
200700059544,0007-09-26 07:50:00,7,9,26,7,50,750,114,"angle, PLACE DENFERT ROC",,,Plein jour,En agglomération,Intersection en T,Pluie légère,Deux véhicules - frontale,,,,,,,,,,,1,2,3,2,1
200700059545,0007-09-26 13:40:00,7,9,26,13,40,750,114,"16, AVENUE DU GENERAL LE",,,Plein jour,En agglomération,Hors intersection,Normale,Trois véhicules et plus - collisions multiples,,,,,,,,,,,1,2,1,1,5
200700059546,0007-09-29 23:30:00,7,9,29,23,30,750,114,RUE JEAN ZAY,,,Nuit avec éclairage allumé,En agglomération,Hors intersection,Normale,Autre collision,,,,,,,,,,,5,2,1,1,6
200700059547,0007-09-01 11:50:00,7,9,1,11,50,750,115,"27, BOULEVARD VICTOR",,,Plein jour,En agglomération,Intersection en X,Temps couvert,Deux véhicules - côté,,,,,,,,,,,1,2,2,8,3
200700059548,0007-09-03 19:30:00,7,9,3,19,30,750,115,"124, RUE SAINT CHARLES",,,Plein jour,En agglomération,Hors intersection,Normale,Deux véhicules - arrière,,,,,,,,,,,1,2,1,1,2
200700059549,0007-09-04 10:15:00,7,9,4,10,15,750,115,"62, AVENUE DE SUFFREN",,,Plein jour,En agglomération,Hors intersection,Normale,Deux véhicules - côté,,,,,,,,,,,1,2,1,1,3
200700059550,0007-09-05 11:00:00,7,9,5,11,0,750,115,"54, RUE OLIVIER DE SERRE",,,Plein jour,En agglomération,Intersection en X,Normale,Autre collision,,,,,,,,,,,1,2,2,1,6
200700059551,0007-09-07 09:15:00,7,9,7,9,15,750,115,"26, RUE DES VOLONTAIRES",,,Plein jour,En agglomération,Intersection en X,Normale,Autre collision,,,,,,,,,,,1,2,2,1,6
200700059552,0007-09-07 12:45:00,7,9,7,12,45,750,115,"22, RUE EUGENE MILLON",,,Plein jour,En agglomération,Hors intersection,Normale,Autre collision,,,,,,,,,,,1,2,1,1,6
200700059553,0007-09-07 23:50:00,7,9,7,23,50,750,115,RUE HENRY FARMAN,,,Nuit avec éclairage allumé,En agglomération,Intersection en Y,Normale,Autre collision,,,,,,,,,,,5,2,4,1,6
200700059554,0007-09-08 21:00:00,7,9,8,21,0,750,115,"87, RUE DE LOURMEL",,,Nuit avec éclairage allumé,En agglomération,Intersection en X,Normale,Autre collision,,,,,,,,,,,5,2,2,1,6
200700059555,0007-09-09 19:15:00,7,9,9,19,15,750,115,"FACE N2, RUE DE L ARMORI",,,Plein jour,En agglomération,Hors intersection,Normale,Trois véhicules et plus - en chaîne,,,,,,,,,,,1,2,1,1,4
200700059556,0007-09-11 09:05:00,7,9,11,9,5,750,115,"94, BOULEVARD LEFEBVRE",,,Plein jour,En agglomération,Intersection en X,Normale,Autre collision,,,,,,,,,,,1,2,2,1,6
200700059557,0007-09-11 17:15:00,7,9,11,17,15,750,115,"11, RUE DE VOUILLE",,,Plein jour,En agglomération,Hors intersection,Normale,Deux véhicules - côté,,,,,,,,,,,1,2,1,1,3
200700059558,0007-09-12 08:05:00,7,9,12,8,5,750,115,"130, BOULEVARD DE GRENEL",,,Plein jour,En agglomération,Intersection en X,Normale,Deux véhicules - côté,,,,,,,,,,,1,2,2,1,3
200700059559,0007-09-12 13:10:00,7,9,12,13,10,750,115,"53, BOULEVARD DE GRENELL",,,Plein jour,En agglomération,Intersection en Y,Normale,Deux véhicules - côté,,,,,,,,,,,1,2,4,1,3
200700059560,0007-09-12 15:05:00,7,9,12,15,5,750,115,"127, BOULEVARD DE GRENEL",,,Plein jour,En agglomération,Hors intersection,Normale,Autre collision,,,,,,,,,,,1,2,1,1,6
200700059561,0007-09-12 16:25:00,7,9,12,16,25,750,115,"14, RUE DU COMMERCE",,,Plein jour,En agglomération,Hors intersection,Normale,Sans collision,,,,,,,,,,,1,2,1,1,7
200700059562,0007-09-13 10:50:00,7,9,13,10,50,750,115,"31, RUE DES MORILLONS",,,Plein jour,En agglomération,Intersection en X,Normale,Deux véhicules - côté,,,,,,,,,,,1,2,2,1,3
200700059563,0007-09-13 16:30:00,7,9,13,16,30,750,115,"18, BOULEVARD GARIBALDI",,,Plein jour,En agglomération,Hors intersection,Normale,Autre collision,,,,,,,,,,,1,2,1,1,6
200700059564,0007-09-13 18:15:00,7,9,13,18,15,750,115,"71, BOULEVARD PASTEUR",,,Plein jour,En agglomération,Intersection en X,Normale,Autre collision,,,,,,,,,,,1,2,2,1,6
200700059565,0007-09-14 09:05:00,7,9,14,9,5,750,115,"42, RUE BLOMET",,,Plein jour,En agglomération,Hors intersection,Normale,Autre collision,,,,,,,,,,,1,2,1,1,6
200700059566,0007-09-15 05:09:00,7,9,15,5,9,750,115,BOULEVARD GARIBALDI,,,Nuit avec éclairage allumé,En agglomération,Hors intersection,Normale,Deux véhicules - arrière,,,,,,,,,,,5,2,1,1,2
200700059567,0007-09-15 14:45:00,7,9,15,14,45,750,115,"66, BOULEVARD DU MONTPAR",,,Plein jour,En agglomération,Hors intersection,Normale,Autre collision,,,,,,,,,,,1,2,1,1,6
200700059568,0007-09-15 18:40:00,7,9,15,18,40,750,115,"169bis, BOULEVARD LEFEBV",,,Plein jour,En agglomération,Intersection en X,Normale,Deux véhicules - frontale,,,,,,,,,,,1,2,2,1,1
200700059569,0007-09-17 19:40:00,7,9,17,19,40,750,115,"2, BOULEVARD PASTEUR",,,Nuit avec éclairage allumé,En agglomération,Hors intersection,Pluie légère,Autre collision,,,,,,,,,,,5,2,1,2,6
200700059570,0007-09-17 20:45:00,7,9,17,20,45,750,115,PONT DE GRENELLE,,,Nuit avec éclairage allumé,En agglomération,Hors intersection,Pluie légère,Autre collision,,,,,,,,,,,5,2,1,2,6
200700059571,0007-09-19 15:50:00,7,9,19,15,50,750,115,"64, BOULEVARD DU MONTPAR",,,Plein jour,En agglomération,Hors intersection,Normale,Deux véhicules - côté,,,,,,,,,,,1,2,1,1,3
200700059572,0007-09-19 23:20:00,7,9,19,23,20,750,115,BOULEVARD LEFEBVRE,,,Nuit avec éclairage non allumé,En agglomération,Intersection en X,Normale,Deux véhicules - côté,,,,,,,,,,,4,2,2,1,3
200700059573,0007-09-23 14:45:00,7,9,23,14,45,750,115,"4, RUE LOUIS ARMAND",,,Plein jour,En agglomération,Hors intersection,Normale,Autre collision,,,,,,,,,,,1,2,1,1,6
200700059574,0007-09-25 16:45:00,7,9,25,16,45,750,115,"127, BOULEVARD DE GRENEL",,,Plein jour,En agglomération,Hors intersection,Normale,Deux véhicules - arrière,,,,,,,,,,,1,2,1,1,2
200700059575,0007-09-26 11:30:00,7,9,26,11,30,750,115,"38, BOULEVARD LEFEBVRE",,,Plein jour,En agglomération,Intersection en X,Normale,Deux véhicules - côté,,,,,,,,,,,1,2,2,1,3
200700059576,0007-09-28 21:55:00,7,9,28,21,55,750,115,"8, AVENUE EMILE ZOLA",,,Nuit avec éclairage allumé,En agglomération,Hors intersection,Pluie légère,Deux véhicules - côté,,,,,,,,,,,5,2,1,2,3
200700059577,0007-09-29 12:45:00,7,9,29,12,45,750,115,"38, RUE DES ENTREPRENEUR",,,Plein jour,En agglomération,Intersection en X,Normale,Deux véhicules - côté,,,,,,,,,,,1,2,2,1,3
200700059578,0007-09-29 16:10:00,7,9,29,16,10,750,115,"58, RUE DE LA CONVENTION",,,Plein jour,En agglomération,Hors intersection,Normale,Deux véhicules - côté,,,,,,,,,,,1,2,1,1,3
200700059579,0007-09-30 03:00:00,7,9,30,3,0,750,116,ROUTE DE LA PTE DAUPHINE,,,Nuit sans éclairage public,Hors agglomération,Hors intersection,Normale,Sans collision,,,,,,,,,,,3,1,1,1,7
200700059580,0007-09-30 17:50:00,7,9,30,17,50,750,115,PLACE DES MARTYRS JUIFS,,,Plein jour,En agglomération,Intersection en X,Normale,Autre collision,,,,,,,,,,,1,2,2,1,6
200700059581,0007-09-30 19:15:00,7,9,30,19,15,750,115,"11, BOULEVARD GENERAL MA",,,Nuit avec éclairage allumé,En agglomération,Hors intersection,Normale,Deux véhicules - arrière,,,,,,,,,,,5,2,1,1,2
200700059582,0007-09-02 09:40:00,7,9,2,9,40,750,116,PLACE DU DOCTEUR PAUL MI,,,Plein jour,En agglomération,Place,Normale,Autre collision,,,,,,,,,,,1,2,7,1,6
200700059583,0007-09-02 12:30:00,7,9,2,12,30,750,116,CARREFOUR DE NORVEGE,,,Plein jour,En agglomération,Hors intersection,Normale,Sans collision,,,,,,,,,,,1,2,1,1,7
200700059584,0007-09-03 15:05:00,7,9,3,15,5,750,116,"31, AVENUE KLEBER",,,Plein jour,En agglomération,Hors intersection,Normale,Deux véhicules - côté,,,,,,,,,,,1,2,1,1,3
200700059585,0007-09-04 11:40:00,7,9,4,11,40,750,116,AVENUE GEORGES LAFONT,,,Plein jour,En agglomération,Hors intersection,Normale,Autre collision,,,,,,,,,,,1,2,1,1,6
200700059586,0007-09-06 10:55:00,7,9,6,10,55,750,116,AVENUE DE NEW YORK,,,Plein jour,En agglomération,Hors intersection,Normale,Deux véhicules - arrière,,,,,,,,,,,1,2,1,1,2
200700059587,0007-09-07 15:40:00,7,9,7,15,40,750,116,QUAI SAINT EXUPERY,,,Plein jour,En agglomération,Intersection en T,Normale,Deux véhicules - arrière,,,,,,,,,,,1,2,3,1,2
200700059588,0007-09-08 21:45:00,7,9,8,21,45,750,116,BOULEVARD MURAT,,,Nuit avec éclairage allumé,En agglomération,Intersection en X,Normale,Deux véhicules - côté,,,,,,,,,,,5,2,2,1,3
200700059589,0007-09-09 11:00:00,7,9,9,11,0,750,116,"lampadaire, ROUTE DES TR",,,Plein jour,Hors agglomération,Hors intersection,Normale,Autre collision,,,,,,,,,,,1,1,1,1,6
200700059590,0007-09-09 14:47:00,7,9,9,14,47,750,116,"82, AVENUE GEORGES LAFON",,,Plein jour,En agglomération,Intersection en X,Normale,Deux véhicules - côté,,,,,,,,,,,1,2,2,1,3
200700059591,0007-09-09 20:45:00,7,9,9,20,45,750,116,AVENUE PAUL DOUMER,,,Nuit avec éclairage allumé,En agglomération,Hors intersection,Normale,Autre collision,,,,,,,,,,,5,2,1,1,6
200700059592,0007-09-10 09:55:00,7,9,10,9,55,750,116,AVENUE MARCEL DORET,,,Plein jour,En agglomération,Intersection en X,Normale,Deux véhicules - côté,,,,,,,,,,,1,2,2,1,3
200700059593,0007-09-10 20:10:00,7,9,10,20,10,750,116,ALLEE DE LA REINE MARGUE,,,Nuit avec éclairage allumé,Hors agglomération,Hors intersection,Normale,Deux véhicules - arrière,,,,,,,,,,,5,1,1,1,2
200700059594,0007-09-11 21:40:00,7,9,11,21,40,750,116,AVENUE FOCH,,,Nuit avec éclairage allumé,En agglomération,Hors intersection,Normale,Sans collision,,,,,,,,,,,5,2,1,1,7
200700059595,0007-09-13 13:00:00,7,9,13,13,0,750,116,"63, AVENUE KLEBER",,,Plein jour,En agglomération,Hors intersection,Normale,Deux véhicules - côté,,,,,,,,,,,1,2,1,1,3
200700059596,0007-09-13 12:00:00,7,9,13,12,0,750,116,AVENUE FOCH,,,Plein jour,En agglomération,Intersection en X,Normale,Deux véhicules - côté,,,,,,,,,,,1,2,2,1,3
200700059597,0007-09-14 08:20:00,7,9,14,8,20,750,116,CARREFOUR DES CASCADES,,,Plein jour,En agglomération,Intersection à plus de 4 branches,Normale,Trois véhicules et plus - collisions multiples,,,,,,,,,,,1,2,5,1,5
200700059598,0007-09-14 12:45:00,7,9,14,12,45,750,116,"53, AVENUE D IENA",,,Plein jour,En agglomération,Hors intersection,Normale,Autre collision,,,,,,,,,,,1,2,1,1,6
200700059599,0007-09-14 12:35:00,7,9,14,12,35,750,116,"40, AVENUE DU PRESIDENT",,,Plein jour,En agglomération,Hors intersection,Normale,Autre collision,,,,,,,,,,,1,2,1,1,6
200700059600,0007-09-14 16:00:00,7,9,14,16,0,750,116,"21, QUAI LOUIS BLERIOT",,,Plein jour,En agglomération,Hors intersection,Normale,Deux véhicules - arrière,,,,,,,,,,,1,2,1,1,2
200700059601,0007-09-14 21:20:00,7,9,14,21,20,750,116,"3, AVENUE D EYLAU",,,Nuit avec éclairage allumé,En agglomération,Hors intersection,Normale,Deux véhicules - côté,,,,,,,,,,,5,2,1,1,3
200700059602,0007-09-17 06:12:00,7,9,17,6,12,750,116,ROUTE DE SURESNES,,,Nuit avec éclairage allumé,Hors agglomération,Hors intersection,Normale,Autre collision,,,,,,,,,,,5,1,1,1,6
200700059603,0007-09-17 08:20:00,7,9,17,8,20,750,116,"34, AVENUE RAYMOND POINC",,,Plein jour,En agglomération,Hors intersection,Normale,Autre collision,,,,,,,,,,,1,2,1,1,6
200700059604,0007-09-17 08:40:00,7,9,17,8,40,750,116,"69, AVENUE KLEBER",,,Plein jour,En agglomération,Hors intersection,Normale,Deux véhicules - côté,,,,,,,,,,,1,2,1,1,3
200700059605,0007-09-17 12:10:00,7,9,17,12,10,750,116,AVENUE VICTOR HUGO,,,Plein jour,En agglomération,Intersection en T,Normale,Deux véhicules - côté,,,,,,,,,,,1,2,3,1,3
200700059606,0007-09-18 01:26:00,7,9,18,1,26,750,109,"4, RUE HALEVY",,,Nuit avec éclairage allumé,En agglomération,Hors intersection,Pluie légère,Autre collision,,,,,,,,,,,5,2,1,2,6
200700059607,0007-09-18 12:45:00,7,9,18,12,45,750,116,AVENUE MOZART,,,Plein jour,En agglomération,Hors intersection,Normale,Autre collision,,,,,,,,,,,1,2,1,1,6
200700059608,0007-09-19 16:15:00,7,9,19,16,15,750,116,ALLEE DE LONGCHAMP,,,Plein jour,En agglomération,Hors intersection,Normale,Autre collision,,,,,,,,,,,1,2,1,1,6
200700059609,0007-09-20 17:15:00,7,9,20,17,15,750,116,PLACE DU TROCADERO,,,Plein jour,En agglomération,Hors intersection,Normale,Deux véhicules - côté,,,,,,,,,,,1,2,1,1,3
200700059610,0007-09-21 04:10:00,7,9,21,4,10,750,116,AVENUE DE LA PORTE D AUT,,,Nuit avec éclairage allumé,En agglomération,Hors intersection,Normale,Autre collision,,,,,,,,,,,5,2,1,1,6
200700059611,0007-09-21 20:25:00,7,9,21,20,25,750,116,BOULEVARD DE BEAUSEJOUR,,,Nuit avec éclairage allumé,En agglomération,Hors intersection,Normale,Deux véhicules - côté,,,,,,,,,,,5,2,1,1,3
200700059612,0007-09-22 01:15:00,7,9,22,1,15,750,116,PLACE D IENA,,,Nuit avec éclairage allumé,En agglomération,Intersection à plus de 4 branches,Normale,Deux véhicules - côté,,,,,,,,,,,5,2,5,1,3
200700059613,0007-09-22 01:58:00,7,9,22,1,58,750,116,BOULEVARD MURAT,,,Nuit avec éclairage allumé,En agglomération,Hors intersection,Normale,Sans collision,,,,,,,,,,,5,2,1,1,7
200700059614,0007-09-22 16:05:00,7,9,22,16,5,750,116,"75, AVENUE DE LA GRANDE",,,Plein jour,En agglomération,Hors intersection,Normale,Deux véhicules - côté,,,,,,,,,,,1,2,1,1,3
200700059615,0007-09-22 19:15:00,7,9,22,19,15,750,116,"13, AVENUE PAUL DOUMER",,,Plein jour,En agglomération,Hors intersection,Normale,Deux véhicules - côté,,,,,,,,,,,1,2,1,1,3
200700059616,0007-09-23 02:35:00,7,9,23,2,35,750,116,"21, RUE DE PRESBOURG",,,Nuit avec éclairage allumé,En agglomération,Hors intersection,Normale,Autre collision,,,,,,,,,,,5,2,1,1,6
200700059617,0007-09-24 08:30:00,7,9,24,8,30,750,116,RUE SPONTINI,,,Plein jour,En agglomération,Hors intersection,Normale,Autre collision,,,,,,,,,,,1,2,1,1,6
200700059618,0007-09-24 19:59:00,7,9,24,19,59,750,116,PLACE DE LA PORTE MAILLO,,,Nuit avec éclairage allumé,En agglomération,Hors intersection,Normale,Deux véhicules - côté,,,,,,,,,,,5,2,1,1,3
200700059619,0007-09-24 21:50:00,7,9,24,21,50,750,116,"97, AVENUE DE VERSAILLES",,,Nuit avec éclairage allumé,En agglomération,Hors intersection,Normale,Deux véhicules - côté,,,,,,,,,,,5,2,1,1,3
200700059620,0007-09-25 17:30:00,7,9,25,17,30,750,116,AVENUE DU PRESIDENT KENN,,,Plein jour,En agglomération,Hors intersection,Normale,Deux véhicules - côté,,,,,,,,,,,1,2,1,1,3
200700059621,0007-09-26 08:30:00,7,9,26,8,30,750,116,ALLEE DE LA REINE MARGUE,,,Plein jour,En agglomération,Hors intersection,Pluie légère,Autre collision,,,,,,,,,,,1,2,1,2,6
200700059622,0007-09-26 08:50:00,7,9,26,8,50,750,116,ALLEE DE LONGCHAMP,,,Plein jour,En agglomération,Intersection en T,Normale,Deux véhicules - côté,,,,,,,,,,,1,2,3,1,3
200700059623,0007-09-26 10:30:00,7,9,26,10,30,750,116,"128, AVENUE DE VERSAILLE",,,Plein jour,En agglomération,Hors intersection,Pluie légère,Deux véhicules - arrière,,,,,,,,,,,1,2,1,2,2
200700059624,0007-09-26 19:35:00,7,9,26,19,35,750,116,PORTE DE PASSY,,,Nuit avec éclairage allumé,En agglomération,Intersection en X,Pluie légère,Deux véhicules - côté,,,,,,,,,,,5,2,2,2,3
200700059625,0007-09-27 18:30:00,7,9,27,18,30,750,116,AVENUE KLEBER,,,Plein jour,En agglomération,Intersection en T,Normale,Deux véhicules - arrière,,,,,,,,,,,1,2,3,1,2