accident_id,datetime,annee,mois,jour,heure,minute,departement,commune_insee,adresse,latitude,longitude,luminosite,agglomeration,intersection,meteo,collision,nb_vehicules,nb_usagers,nb_indemnes,nb_tues,nb_blesses_hosp,nb_blesses_legers,age_cond_1,age_cond_2,veh_type_cond_1,veh_type_cond_2,lum_code,agg_code,int_code,atm_code,col_code
200700059626,0007-09-27 23:20:00,7,9,27,23,20,750,116,PLACE CLEMENT ADER,,,Nuit avec éclairage allumé,En agglomération,Intersection en Y,Pluie légère,Deux véhicules - côté,,,,,,,,,,,5,2,4,2,3
200700059627,0007-09-28 19:50:00,7,9,28,19,50,750,116,BOULEVARD DELESSERT,,,Nuit avec éclairage allumé,En agglomération,Intersection en T,Pluie légère,Deux véhicules - côté,,,,,,,,,,,5,2,3,2,3
200700059628,0007-09-28 22:30:00,7,9,28,22,30,750,116,AVENUE RAYMOND POINCARE,,,Nuit avec éclairage allumé,En agglomération,Hors intersection,Pluie légère,Sans collision,,,,,,,,,,,5,2,1,2,7
200700059629,0007-09-29 18:50:00,7,9,29,18,50,750,116,"116, AVENUE KLEBER",,,Plein jour,En agglomération,Hors intersection,Normale,Sans collision,,,,,,,,,,,1,2,1,1,7
200700059630,0007-09-03 10:36:00,7,9,3,10,36,750,117,"5, AVENUE DE VILLIERS",,,Plein jour,En agglomération,Hors intersection,Pluie légère,Sans collision,,,,,,,,,,,1,2,1,2,7
200700059631,0007-09-03 12:15:00,7,9,3,12,15,750,117,"50 bis, AVENUE DE LA GRA",,,Plein jour,En agglomération,Hors intersection,Temps couvert,Deux véhicules - arrière,,,,,,,,,,,1,2,1,8,2
200700059632,0007-09-03 19:40:00,7,9,3,19,40,750,117,"14, RUE LAUGIER",,,Plein jour,En agglomération,Intersection en X,Normale,Deux véhicules - côté,,,,,,,,,,,1,2,2,1,3
200700059633,0007-09-05 08:30:00,7,9,5,8,30,750,117,"143, AVENUE DE WAGRAM",,,Plein jour,En agglomération,Hors intersection,Normale,Autre collision,,,,,,,,,,,1,2,1,1,6
200700059634,0007-09-05 11:15:00,7,9,5,11,15,750,117,"122, AVENUE DE WAGRAM",,,Plein jour,En agglomération,Hors intersection,Normale,Deux véhicules - arrière,,,,,,,,,,,1,2,1,1,2
200700059635,0007-09-05 12:00:00,7,9,5,12,0,750,117,"23, RUE SAUFFROY",,,Plein jour,En agglomération,Hors intersection,Normale,Sans collision,,,,,,,,,,,1,2,1,1,7
200700059636,0007-09-05 13:10:00,7,9,5,13,10,750,117,"40, AVENUE DE LA GRANDE",,,Plein jour,En agglomération,Hors intersection,Normale,Deux véhicules - côté,,,,,,,,,,,1,2,1,1,3
200700059637,0007-09-06 02:15:00,7,9,6,2,15,750,117,"6, BOULEVARD PERSHING",,,Nuit avec éclairage allumé,En agglomération,Intersection en Y,Normale,Deux véhicules - côté,,,,,,,,,,,5,2,4,1,3
200700059638,0007-09-06 08:45:00,7,9,6,8,45,750,117,"60, BOULEVARD DES BATIGN",,,Plein jour,En agglomération,Hors intersection,Normale,Autre collision,,,,,,,,,,,1,2,1,1,6
200700059639,0007-09-06 17:35:00,7,9,6,17,35,750,117,"22, RUE FOURCROY",,,Plein jour,En agglomération,Hors intersection,Temps couvert,Autre collision,,,,,,,,,,,1,2,1,8,6
200700059640,0007-09-06 18:35:00,7,9,6,18,35,750,117,"107, BOULEVARD BESSIERES",,,Plein jour,En agglomération,Hors intersection,Normale,Deux véhicules - arrière,,,,,,,,,,,1,2,1,1,2
200700059641,0007-09-07 10:45:00,7,9,7,10,45,750,117,"115, RUE LEGENDRE",,,Plein jour,En agglomération,Intersection en X,Normale,Deux véhicules - côté,,,,,,,,,,,1,2,2,1,3
200700059642,0007-09-11 14:35:00,7,9,11,14,35,750,117,"41, RUE BAYEN",,,Plein jour,En agglomération,Intersection en X,Normale,Deux véhicules - côté,,,,,,,,,,,1,2,2,1,3
200700059643,0007-09-11 20:20:00,7,9,11,20,20,750,117,"71, BOULEVARD BERTHIER",,,Nuit avec éclairage allumé,En agglomération,Hors intersection,Normale,Autre collision,,,,,,,,,,,5,2,1,1,6
200700059644,0007-09-12 17:10:00,7,9,12,17,10,750,117,PLACE PAUL LEAUTAUD,,,Plein jour,En agglomération,Intersection en X,Normale,Autre collision,,,,,,,,,,,1,2,2,1,6
200700059645,0007-09-15 13:25:00,7,9,15,13,25,750,117,RUE LEBON,,,Plein jour,En agglomération,Hors intersection,Normale,Autre collision,,,,,,,,,,,1,2,1,1,6
200700059646,0007-09-16 11:50:00,7,9,16,11,50,750,117,"75, RUE DE ROME",,,Plein jour,En agglomération,Intersection en X,Normale,Autre collision,,,,,,,,,,,1,2,2,1,6
200700059647,0007-09-16 16:26:00,7,9,16,16,26,750,117,BOULEVARD PEREIRE,,,Plein jour,En agglomération,Hors intersection,Normale,Autre collision,,,,,,,,,,,1,2,1,1,6
200700059648,0007-09-17 12:25:00,7,9,17,12,25,750,117,"42, BOULEVARD DES BATIGN",,,Plein jour,En agglomération,Hors intersection,Normale,Autre collision,,,,,,,,,,,1,2,1,1,6
200700059649,0007-09-17 12:00:00,7,9,17,12,0,750,117,"IGNORE, BOULEVARD D AURE",,,Plein jour,En agglomération,Intersection en X,Normale,Deux véhicules - côté,,,,,,,,,,,1,2,2,1,3
200700059650,0007-09-17 12:41:00,7,9,17,12,41,750,117,"89,91, BOULEVARD GOUVION",,,Plein jour,En agglomération,Hors intersection,Normale,Deux véhicules - arrière,,,,,,,,,,,1,2,1,1,2
200700059651,0007-09-18 00:15:00,7,9,18,0,15,750,117,"96, BOULEVARD BESSIERES",,,Nuit avec éclairage allumé,En agglomération,Hors intersection,Pluie légère,Deux véhicules - arrière,,,,,,,,,,,5,2,1,2,2
200700059652,0007-09-18 09:45:00,7,9,18,9,45,750,117,"222, RUE DE COURCELLES",,,Plein jour,En agglomération,Intersection en T,Normale,Deux véhicules - côté,,,,,,,,,,,1,2,3,1,3
200700059653,0007-09-19 23:15:00,7,9,19,23,15,750,117,AVENUE DE CLICHY,,,Nuit avec éclairage allumé,En agglomération,Intersection en T,Normale,Deux véhicules - côté,,,,,,,,,,,5,2,3,1,3
200700059654,0007-09-19 07:35:00,7,9,19,7,35,750,117,BOULEVARD DU BOIS LE PRE,,,Plein jour,En agglomération,Hors intersection,Normale,Deux véhicules - côté,,,,,,,,,,,1,2,1,1,3
200700059655,0007-09-19 17:40:00,7,9,19,17,40,750,117,"88, RUE DES DAMES",,,Plein jour,En agglomération,Hors intersection,Normale,Autre collision,,,,,,,,,,,1,2,1,1,6
200700059656,0007-09-19 22:30:00,7,9,19,22,30,750,117,"10, AVENUE DE LA PORTE D",,,Nuit avec éclairage allumé,En agglomération,Hors intersection,Normale,Deux véhicules - côté,,,,,,,,,,,5,2,1,1,3
200700059657,0007-09-20 05:00:00,7,9,20,5,0,750,117,RUE VERNIER,,,Nuit avec éclairage allumé,En agglomération,Intersection en X,Normale,Deux véhicules - côté,,,,,,,,,,,5,2,2,1,3
200700059658,0007-09-19 13:55:00,7,9,19,13,55,750,117,"73, AVENUE NIEL",,,Plein jour,En agglomération,Hors intersection,Normale,Deux véhicules - côté,,,,,,,,,,,1,2,1,1,3
200700059659,0007-09-20 12:30:00,7,9,20,12,30,750,117,"145, RUE CARDINET",,,Plein jour,En agglomération,Hors intersection,Normale,Deux véhicules - côté,,,,,,,,,,,1,2,1,1,3
200700059660,0007-09-20 23:15:00,7,9,20,23,15,750,117,"142, RUE DE SAUSSURE",,,Nuit avec éclairage allumé,En agglomération,Hors intersection,Normale,Deux véhicules - côté,,,,,,,,,,,5,2,1,1,3
200700059661,0007-09-21 07:00:00,7,9,21,7,0,750,117,"74, RUE TRUFFAUT",,,Nuit avec éclairage allumé,En agglomération,Intersection en X,Normale,Deux véhicules - côté,,,,,,,,,,,5,2,2,1,3
200700059662,0007-09-21 08:45:00,7,9,21,8,45,750,117,"138, BOULEVARD BERTHIER",,,Plein jour,En agglomération,Hors intersection,Normale,Deux véhicules - côté,,,,,,,,,,,1,2,1,1,3
200700059663,0007-09-21 11:55:00,7,9,21,11,55,750,117,"12, AVENUE STEPHANE MALL",,,Plein jour,En agglomération,Hors intersection,Normale,Deux véhicules - côté,,,,,,,,,,,1,2,1,1,3
200700059664,0007-09-21 18:20:00,7,9,21,18,20,750,117,"36, BOULEVARD DE COURCEL",,,Plein jour,En agglomération,Hors intersection,Normale,Trois véhicules et plus - en chaîne,,,,,,,,,,,1,2,1,1,4
200700059665,0007-09-21 19:35:00,7,9,21,19,35,750,117,"91, RUE DE ROME",,,Crépuscule ou aube,En agglomération,Hors intersection,Normale,Deux véhicules - côté,,,,,,,,,,,2,2,1,1,3
200700059666,0007-09-25 09:05:00,7,9,25,9,5,750,117,"178, AVENUE DE CLICHY",,,Plein jour,En agglomération,Hors intersection,Normale,Autre collision,,,,,,,,,,,1,2,1,1,6
200700059667,0007-09-25 08:30:00,7,9,25,8,30,750,117,"02, PLACE DE LA PORTE MA",,,Plein jour,En agglomération,Hors intersection,Normale,Deux véhicules - côté,,,,,,,,,,,1,2,1,1,3
200700059668,0007-09-25 11:15:00,7,9,25,11,15,750,117,"02, PORTE MAILLOT",,,Plein jour,En agglomération,Hors intersection,Normale,Deux véhicules - arrière,,,,,,,,,,,1,2,1,1,2
200700059669,0007-09-25 12:19:00,7,9,25,12,19,750,117,"53 VIS à V, RUE DE PRONY",,,Plein jour,En agglomération,Hors intersection,Normale,Autre collision,,,,,,,,,,,1,2,1,1,6
200700059670,0007-09-25 11:27:00,7,9,25,11,27,750,117,"128, AVENUE DE VILLIERS",,,Plein jour,En agglomération,Hors intersection,Normale,Deux véhicules - côté,,,,,,,,,,,1,2,1,1,3
200700059671,0007-09-25 16:25:00,7,9,25,16,25,750,117,"6/8, AVENUE DE LA PORTE",,,Plein jour,En agglomération,Hors intersection,Pluie légère,Deux véhicules - côté,,,,,,,,,,,1,2,1,2,3
200700059672,0007-09-26 07:30:00,7,9,26,7,30,750,117,PLACE DE CLICHY,,,Crépuscule ou aube,En agglomération,Hors intersection,Pluie légère,Deux véhicules - côté,,,,,,,,,,,2,2,1,2,3
200700059673,0007-09-26 10:30:00,7,9,26,10,30,750,117,"27, RUE LA CONDAMINE",,,Plein jour,En agglomération,Hors intersection,Normale,Autre collision,,,,,,,,,,,1,2,1,1,6
200700059674,0007-09-26 23:06:00,7,9,26,23,6,750,117,AVENUE DE LA PORTE DE CL,,,Nuit avec éclairage allumé,En agglomération,Hors intersection,Normale,Deux véhicules - côté,,,,,,,,,,,5,2,1,1,3
200700059675,0007-09-27 14:45:00,7,9,27,14,45,750,117,"21, AVENUE NIEL",,,Plein jour,En agglomération,Hors intersection,Normale,Deux véhicules - côté,,,,,,,,,,,1,2,1,1,3
200700059676,0007-09-28 17:20:00,7,9,28,17,20,750,117,"173, AVENUE DE CLICHY",,,Plein jour,En agglomération,Hors intersection,Pluie légère,Autre collision,,,,,,,,,,,1,2,1,2,6
200700059677,0007-09-28 17:25:00,7,9,28,17,25,750,117,"2, AVENUE DE LA PORTE DE",,,Plein jour,En agglomération,Hors intersection,Pluie légère,Autre collision,,,,,,,,,,,1,2,1,2,6
200700059678,0007-09-30 16:35:00,7,9,30,16,35,750,117,"71, RUE POUCHET",,,Plein jour,En agglomération,Intersection en X,Normale,Autre collision,,,,,,,,,,,1,2,2,1,6
200700059679,0007-09-03 01:40:00,7,9,3,1,40,750,118,"14, PLACE DE CLICHY",,,Nuit avec éclairage allumé,En agglomération,Intersection en X,Normale,Autre collision,,,,,,,,,,,5,2,2,1,6
200700059680,0007-09-03 11:22:00,7,9,3,11,22,750,118,RUE DES SAULES,,,Plein jour,En agglomération,Hors intersection,Normale,Autre collision,,,,,,,,,,,1,2,1,1,6
200700059681,0007-09-04 20:30:00,7,9,4,20,30,750,118,"88, RUE DE LA CHAPELLE",,,Nuit avec éclairage allumé,En agglomération,Hors intersection,Normale,Deux véhicules - côté,,,,,,,,,,,5,2,1,1,3
200700059682,0007-09-05 01:00:00,7,9,5,1,0,750,118,BOULEVARD NEY,,,Nuit avec éclairage allumé,En agglomération,Hors intersection,Normale,Autre collision,,,,,,,,,,,5,2,1,1,6
200700059683,0007-09-05 15:00:00,7,9,5,15,0,750,118,RUE CHAMPIONNET,,,Plein jour,En agglomération,Intersection à plus de 4 branches,Normale,Deux véhicules - côté,,,,,,,,,,,1,2,5,1,3
200700059684,0007-09-07 19:45:00,7,9,7,19,45,750,118,PORTE DE LA CHAPELLE,,,Plein jour,En agglomération,Intersection en X,Normale,Autre collision,,,,,,,,,,,1,2,2,1,6
200700059685,0007-09-08 02:12:00,7,9,8,2,12,750,118,"93, RUE CAULAINCOURT",,,Nuit avec éclairage allumé,En agglomération,Hors intersection,Normale,Autre collision,,,,,,,,,,,5,2,1,1,6
200700059686,0007-09-08 10:30:00,7,9,8,10,30,750,118,BOULEVARD BARBES,,,Plein jour,En agglomération,Intersection en X,Normale,Deux véhicules - côté,,,,,,,,,,,1,2,2,1,3
200700059687,0007-09-08 17:00:00,7,9,8,17,0,750,118,"19, BOULEVARD BARBES",,,Plein jour,En agglomération,Hors intersection,Normale,Autre collision,,,,,,,,,,,1,2,1,1,6
200700059688,0007-09-08 18:15:00,7,9,8,18,15,750,118,RUE DE LA CHAPELLE,,,Plein jour,En agglomération,Hors intersection,Normale,Sans collision,,,,,,,,,,,1,2,1,1,7
200700059689,0007-09-12 10:15:00,7,9,12,10,15,750,118,RUE ORDENER,,,Plein jour,En agglomération,Intersection en X,Normale,Deux véhicules - côté,,,,,,,,,,,1,2,2,1,3
200700059690,0007-09-14 00:10:00,7,9,14,0,10,750,118,RUE DAMREMONT,,,Nuit avec éclairage allumé,En agglomération,Intersection en X,Normale,Deux véhicules - côté,,,,,,,,,,,5,2,2,1,3
200700059691,0007-09-14 08:05:00,7,9,14,8,5,750,118,"51, RUE CUSTINE",,,Plein jour,En agglomération,Intersection en T,Normale,Autre collision,,,,,,,,,,,1,2,3,1,6
200700059692,0007-09-17 17:25:00,7,9,17,17,25,750,118,RUE ORDENER,,,Plein jour,En agglomération,Intersection en X,Normale,Deux véhicules - côté,,,,,,,,,,,1,2,2,1,3
200700059693,0007-09-18 08:50:00,7,9,18,8,50,750,118,BOULEVARD DE LA CHAPELLE,,,Plein jour,En agglomération,Intersection en Y,Normale,Deux véhicules - arrière,,,,,,,,,,,1,2,4,1,2
200700059694,0007-09-18 09:56:00,7,9,18,9,56,750,118,"120, RUE CHAMPIONNET",,,Plein jour,En agglomération,Intersection en X,Normale,Deux véhicules - côté,,,,,,,,,,,1,2,2,1,3
200700059695,0007-09-19 07:50:00,7,9,19,7,50,750,118,"1, RUE D AUBERVILLIERS",,,Plein jour,En agglomération,Intersection en X,Normale,Sans collision,,,,,,,,,,,1,2,2,1,7
200700059696,0007-09-19 10:17:00,7,9,19,10,17,750,118,"104, RUE CAULAINCOURT",,,Plein jour,En agglomération,Intersection en T,Normale,Deux véhicules - côté,,,,,,,,,,,1,2,3,1,3
200700059697,0007-09-22 12:55:00,7,9,22,12,55,750,118,"67, BOULEVARD NEY",,,Plein jour,En agglomération,Hors intersection,Normale,Autre collision,,,,,,,,,,,1,2,1,1,6
200700059698,0007-09-22 22:15:00,7,9,22,22,15,750,118,AVENUE DE SAINT OUEN,,,Nuit avec éclairage allumé,En agglomération,Intersection en T,Normale,Deux véhicules - côté,,,,,,,,,,,5,2,3,1,3
200700059699,0007-09-24 23:40:00,7,9,24,23,40,750,118,"68, AVENUE DE SAINT OUEN",,,Nuit avec éclairage allumé,En agglomération,Hors intersection,Normale,Deux véhicules - côté,,,,,,,,,,,5,2,1,1,3
200700059700,0007-09-25 09:20:00,7,9,25,9,20,750,118,"86, AVENUE DE LA PORTE D",,,Plein jour,En agglomération,Hors intersection,Normale,Deux véhicules - côté,,,,,,,,,,,1,2,1,1,3
200700059701,0007-09-28 09:10:00,7,9,28,9,10,750,118,"73, RUE DE LA CHAPELLE",,,Plein jour,En agglomération,Intersection à plus de 4 branches,Pluie légère,Deux véhicules - arrière,,,,,,,,,,,1,2,5,2,2
200700059702,0007-09-28 09:05:00,7,9,28,9,5,750,118,RUE MARCADET,,,Plein jour,En agglomération,Intersection en X,Pluie légère,Autre collision,,,,,,,,,,,1,2,2,2,6
200700059703,0007-09-28 09:50:00,7,9,28,9,50,750,118,"66, RUE DE LA CHAPELLE",,,Plein jour,En agglomération,Intersection en X,Pluie forte,Autre collision,,,,,,,,,,,1,2,2,3,6
200700059704,0007-09-28 14:00:00,7,9,28,14,0,750,118,"30, AVENUE DE LA PORTE D",,,Plein jour,En agglomération,Hors intersection,Pluie légère,Autre collision,,,,,,,,,,,1,2,1,2,6
200700059705,0007-09-29 17:45:00,7,9,29,17,45,750,118,"14, RUE GERARD DE NERVAL",,,Plein jour,En agglomération,Hors intersection,Normale,Autre collision,,,,,,,,,,,1,2,1,1,6
200700059706,0007-09-29 19:50:00,7,9,29,19,50,750,118,"33, RUE DE LA CHAPELLE",,,Crépuscule ou aube,En agglomération,Hors intersection,Normale,Autre collision,,,,,,,,,,,2,2,1,1,6
200700059707,0007-09-30 21:00:00,7,9,30,21,0,750,118,BOULEVARD NEY,,,Nuit avec éclairage allumé,En agglomération,Hors intersection,Normale,Sans collision,,,,,,,,,,,5,2,1,1,7
200700059708,0007-09-03 10:15:00,7,9,3,10,15,750,119,"24, AVENUE MATHURIN MORE",,,Plein jour,En agglomération,Intersection en X,Pluie légère,Deux véhicules - côté,,,,,,,,,,,1,2,2,2,3
200700059709,0007-09-07 13:30:00,7,9,7,13,30,750,119,"46, BOULEVARD SERURIER",,,Plein jour,En agglomération,Intersection en T,Normale,Deux véhicules - côté,,,,,,,,,,,1,2,3,1,3
200700059710,0007-09-08 11:00:00,7,9,8,11,0,750,119,PLACE AUGUSTE BARON,,,Plein jour,En agglomération,Intersection en X,Normale,Deux véhicules - côté,,,,,,,,,,,1,2,2,1,3
200700059711,0007-09-09 18:45:00,7,9,9,18,45,750,119,"105, RUE CURIAL",,,Plein jour,En agglomération,Hors intersection,Normale,Autre collision,,,,,,,,,,,1,2,1,1,6
200700059712,0007-09-11 19:45:00,7,9,11,19,45,750,119,RUE MANIN,,,Plein jour,En agglomération,Intersection en T,Normale,Deux véhicules - côté,,,,,,,,,,,1,2,3,1,3
200700059713,0007-09-14 16:25:00,7,9,14,16,25,750,119,"19, QUAI DE LA LOIRE",,,Plein jour,En agglomération,Hors intersection,Normale,Sans collision,,,,,,,,,,,1,2,1,1,7
200700059714,0007-09-16 06:15:00,7,9,16,6,15,750,119,BOULEVARD MACDONALD,,,Nuit avec éclairage allumé,En agglomération,Hors intersection,Normale,Autre collision,,,,,,,,,,,5,2,1,1,6
200700059715,0007-09-17 12:20:00,7,9,17,12,20,750,119,BOULEVARD PERIPHERIQUE E,,,Plein jour,En agglomération,Hors intersection,Normale,Sans collision,,,,,,,,,,,1,2,1,1,7
200700059716,0007-09-17 20:25:00,7,9,17,20,25,750,119,"91, RUE MANIN",,,Nuit avec éclairage allumé,En agglomération,Hors intersection,Pluie légère,Deux véhicules - arrière,,,,,,,,,,,5,2,1,2,2
200700059717,0007-09-19 05:35:00,7,9,19,5,35,750,119,"63, RUE DE BELLEVILLE",,,Nuit avec éclairage allumé,En agglomération,Hors intersection,Normale,Deux véhicules - frontale,,,,,,,,,,,5,2,1,1,1
200700059718,0007-09-19 18:00:00,7,9,19,18,0,750,119,"38  bis, RUE MANIN",,,Plein jour,En agglomération,Hors intersection,Normale,Sans collision,,,,,,,,,,,1,2,1,1,7
200700059719,0007-09-20 08:40:00,7,9,20,8,40,750,119,RUE ALPHONSE AULARD,,,Plein jour,En agglomération,Intersection à plus de 4 branches,Normale,Deux véhicules - côté,,,,,,,,,,,1,2,5,1,3
200700059720,0007-09-20 16:00:00,7,9,20,16,0,750,119,"01, PLACE DE LA PORTE DE",,,Plein jour,En agglomération,Hors intersection,Normale,Deux véhicules - côté,,,,,,,,,,,1,2,1,1,3
200700059721,0007-09-20 17:15:00,7,9,20,17,15,750,119,"33, AVENUE SIMON BOLIVAR",,,Plein jour,En agglomération,Hors intersection,Normale,Deux véhicules - côté,,,,,,,,,,,1,2,1,1,3
200700059722,0007-09-23 14:05:00,7,9,23,14,5,750,119,AVENUE JEAN JAURES,,,Plein jour,En agglomération,Intersection en T,Normale,Autre collision,,,,,,,,,,,1,2,3,1,6
200700059723,0007-09-23 23:10:00,7,9,23,23,10,750,119,ECHANGEUR VILLETTE,,,Nuit avec éclairage allumé,En agglomération,Hors intersection,Normale,Autre collision,,,,,,,,,,,5,2,1,1,6
200700059724,0007-09-24 09:55:00,7,9,24,9,55,750,119,RUE DAVID D ANGERS,,,Plein jour,En agglomération,Hors intersection,Normale,Trois véhicules et plus - en chaîne,,,,,,,,,,,1,2,1,1,4
200700059725,0007-09-24 11:00:00,7,9,24,11,0,750,119,"3, RUE DU PLATEAU",,,Plein jour,En agglomération,Hors intersection,Normale,Autre collision,,,,,,,,,,,1,2,1,1,6
200700059726,0007-09-24 12:20:00,7,9,24,12,20,750,119,"2, ROUTE DES PETITS PONT",,,Plein jour,En agglomération,Hors intersection,Normale,Deux véhicules - arrière,,,,,,,,,,,1,2,1,1,2
200700059727,0007-09-24 18:35:00,7,9,24,18,35,750,119,"54, RUE BOTZARIS",,,Crépuscule ou aube,En agglomération,Intersection en Y,Normale,Autre collision,,,,,,,,,,,2,2,4,1,6
200700059728,0007-09-25 17:15:00,7,9,25,17,15,750,119,"64, AVENUE JEAN JAURES",,,Plein jour,En agglomération,Hors intersection,Normale,Sans collision,,,,,,,,,,,1,2,1,1,7
200700059729,0007-09-26 12:25:00,7,9,26,12,25,750,119,"56, AVENUE DE FLANDRE",,,Plein jour,En agglomération,Hors intersection,Normale,Autre collision,,,,,,,,,,,1,2,1,1,6
200700059730,0007-09-26 15:45:00,7,9,26,15,45,750,119,"9, BOULEVARD D ALGERIE",,,Plein jour,En agglomération,Hors intersection,Pluie légère,Autre collision,,,,,,,,,,,1,2,1,2,6
200700059731,0007-09-26 19:15:00,7,9,26,19,15,750,119,", AVENUE SIMON BOLIVAR",,,Crépuscule ou aube,En agglomération,Intersection en T,Pluie légère,Deux véhicules - arrière,,,,,,,,,,,2,2,3,2,2
200700059732,0007-09-27 20:20:00,7,9,27,20,20,750,119,"5, AVENUE JEAN JAURES",,,Nuit avec éclairage allumé,En agglomération,Intersection en Y,Normale,Deux véhicules - côté,,,,,,,,,,,5,2,4,1,3
200700059733,0007-09-28 07:00:00,7,9,28,7,0,750,119,"05, RUE DE SOISSONS",,,Crépuscule ou aube,En agglomération,Hors intersection,Normale,Deux véhicules - côté,,,,,,,,,,,2,2,1,1,3
200700059734,0007-09-28 21:55:00,7,9,28,21,55,750,119,PLACE AUGUSTE BARON,,,Nuit avec éclairage allumé,En agglomération,Hors intersection,Pluie forte,Autre collision,,,,,,,,,,,5,2,1,3,6
200700059735,0007-09-28 13:50:00,7,9,28,13,50,750,119,"65, AVENUE DE FLANDRE",,,Plein jour,En agglomération,Intersection en T,Pluie légère,Autre collision,,,,,,,,,,,1,2,3,2,6
200700059736,0007-09-29 17:30:00,7,9,29,17,30,750,119,"162, AVENUE JEAN JAURES",,,Plein jour,En agglomération,Hors intersection,Normale,Deux véhicules - côté,,,,,,,,,,,1,2,1,1,3
200700059737,0007-09-30 18:30:00,7,9,30,18,30,750,119,"17, AVENUE CORENTIN CARI",,,Crépuscule ou aube,Hors agglomération,Hors intersection,Normale,Deux véhicules - arrière,,,,,,,,,,,2,1,1,1,2
200700059738,0007-09-02 16:55:00,7,9,2,16,55,750,120,"1, RUE DES CENDRIERS",,,Plein jour,En agglomération,Intersection en T,Normale,Deux véhicules - côté,,,,,,,,,,,1,2,3,1,3
200700059739,0007-09-02 20:27:00,7,9,2,20,27,750,120,RUE DE BAGNOLET,,,Nuit avec éclairage non allumé,En agglomération,Hors intersection,Normale,Deux véhicules - arrière,,,,,,,,,,,4,2,1,1,2
200700059740,0007-09-04 06:30:00,7,9,4,6,30,750,120,RUE BELGRAND,,,Nuit avec éclairage allumé,En agglomération,Intersection en T,Normale,Deux véhicules - côté,,,,,,,,,,,5,2,3,1,3
200700059741,0007-09-04 09:30:00,7,9,4,9,30,750,120,"125, AVENUE GAMBETTA",,,Plein jour,En agglomération,Hors intersection,Normale,Deux véhicules - arrière,,,,,,,,,,,1,2,1,1,2
200700059742,0007-09-05 08:45:00,7,9,5,8,45,750,120,"22, RUE DE BELLEVILLE",,,Plein jour,En agglomération,Hors intersection,Normale,Autre collision,,,,,,,,,,,1,2,1,1,6
200700059743,0007-09-05 16:10:00,7,9,5,16,10,750,120,AVENUE CARTELLIER,,,Plein jour,En agglomération,Hors intersection,Normale,Deux véhicules - arrière,,,,,,,,,,,1,2,1,1,2
200700059744,0007-09-05 18:20:00,7,9,5,18,20,750,120,"23, RUE DES PYRENEES",,,Plein jour,En agglomération,Intersection en X,Normale,Deux véhicules - arrière,,,,,,,,,,,1,2,2,1,2
200700059745,0007-09-05 23:00:00,7,9,5,23,0,750,120,"17, RUE HELENE JAKUBOWIC",,,Nuit avec éclairage allumé,En agglomération,Hors intersection,Normale,Autre collision,,,,,,,,,,,5,2,1,1,6
200700059746,0007-09-06 08:45:00,7,9,6,8,45,750,120,"8, RUE D AVRON",,,Plein jour,En agglomération,Intersection en T,Normale,Deux véhicules - frontale,,,,,,,,,,,1,2,3,1,1
200700059747,0007-09-07 11:10:00,7,9,7,11,10,750,120,"20, RUE BELGRAND",,,Plein jour,En agglomération,Hors intersection,Normale,Autre collision,,,,,,,,,,,1,2,1,1,6
200700059748,0007-09-07 19:00:00,7,9,7,19,0,750,120,"2, RUE EUGENE REISZ",,,Plein jour,En agglomération,Hors intersection,Normale,Autre collision,,,,,,,,,,,1,2,1,1,6
200700059749,0007-09-08 15:45:00,7,9,8,15,45,750,120,"122, BOULEVARD DE MENILM",,,Plein jour,En agglomération,Hors intersection,Normale,Deux véhicules - côté,,,,,,,,,,,1,2,1,1,3
200700059750,0007-09-09 00:40:00,7,9,9,0,40,750,120,RUE DES FRERES FLAVIEN,,,Nuit sans éclairage public,En agglomération,Intersection en X,Normale,Deux véhicules - côté,,,,,,,,,,,3,2,2,1,3
200700059751,0007-09-09 18:50:00,7,9,9,18,50,750,120,"0, BOULEVARD PERIPHERIQU",,,Plein jour,En agglomération,Hors intersection,Normale,Deux véhicules - arrière,,,,,,,,,,,1,2,1,1,2
200700059752,0007-09-11 18:24:00,7,9,11,18,24,750,120,"12, BOULEVARD DE CHARONN",,,Plein jour,En agglomération,Hors intersection,Normale,Autre collision,,,,,,,,,,,1,2,1,1,6
200700059753,0007-09-12 16:55:00,7,9,12,16,55,750,120,"31 BIS, BOULEVARD DAVOUT",,,Plein jour,En agglomération,Hors intersection,Normale,Deux véhicules - côté,,,,,,,,,,,1,2,1,1,3
200700059754,0007-09-12 15:30:00,7,9,12,15,30,750,120,"10, RUE BELGRAND",,,Plein jour,En agglomération,Hors intersection,Normale,Sans collision,,,,,,,,,,,1,2,1,1,7
200700059755,0007-09-13 11:25:00,7,9,13,11,25,750,120,COURS DE VINCENNES,,,Plein jour,En agglomération,Hors intersection,Normale,Trois véhicules et plus - en chaîne,,,,,,,,,,,1,2,1,1,4
200700059756,0007-09-13 13:50:00,7,9,13,13,50,750,120,"4, RUE DE LA CHINE",,,Plein jour,En agglomération,Intersection en X,Normale,Deux véhicules - côté,,,,,,,,,,,1,2,2,1,3
200700059757,0007-09-13 17:50:00,7,9,13,17,50,750,120,"2, RUE DE BAGNOLET",,,Plein jour,En agglomération,Hors intersection,Normale,Autre collision,,,,,,,,,,,1,2,1,1,6
200700059758,0007-09-13 18:07:00,7,9,13,18,7,750,120,"97, RUE ORFILA",,,Plein jour,En agglomération,Intersection en X,Temps éblouissant,Autre collision,,,,,,,,,,,1,2,2,7,6