accident_id,datetime,annee,mois,jour,heure,minute,departement,commune_insee,adresse,latitude,longitude,luminosite,agglomeration,intersection,meteo,collision,nb_vehicules,nb_usagers,nb_indemnes,nb_tues,nb_blesses_hosp,nb_blesses_legers,age_cond_1,age_cond_2,veh_type_cond_1,veh_type_cond_2,lum_code,agg_code,int_code,atm_code,col_code
200700059759,0007-09-14 09:05:00,7,9,14,9,5,750,120,"65, RUE DES PYRENEES",,,Plein jour,En agglomération,Intersection en T,Normale,Deux véhicules - frontale,,,,,,,,,,,1,2,3,1,1
200700059760,0007-09-15 06:10:00,7,9,15,6,10,750,120,"04, RUE DU LIBAN",,,Nuit avec éclairage allumé,En agglomération,Hors intersection,Normale,Sans collision,,,,,,,,,,,5,2,1,1,7
200700059761,0007-09-15 13:05:00,7,9,15,13,5,750,120,"118, RUE D AVRON",,,Plein jour,En agglomération,Hors intersection,Normale,Autre collision,,,,,,,,,,,1,2,1,1,6
200700059762,0007-09-16 13:40:00,7,9,16,13,40,750,120,"12, AVENUE LEON GAUMONT",,,Plein jour,En agglomération,Hors intersection,Normale,Deux véhicules - côté,,,,,,,,,,,1,2,1,1,3
200700059763,0007-09-18 16:15:00,7,9,18,16,15,750,120,"68, RUE DE BELLEVILLE",,,Plein jour,En agglomération,Hors intersection,Pluie légère,Deux véhicules - frontale,,,,,,,,,,,1,2,1,2,1
200700059764,0007-09-18 16:40:00,7,9,18,16,40,750,120,"154, BOULEVARD DAVOUT",,,Plein jour,En agglomération,Hors intersection,Temps couvert,Sans collision,,,,,,,,,,,1,2,1,8,7
200700059765,0007-09-20 09:00:00,7,9,20,9,0,750,120,"46, AVENUE GAMBETTA",,,Plein jour,En agglomération,Intersection en T,Normale,Deux véhicules - côté,,,,,,,,,,,1,2,3,1,3
200700059766,0007-09-20 11:25:00,7,9,20,11,25,750,120,"90, RUE PELLEPORT",,,Plein jour,En agglomération,Hors intersection,Normale,Autre collision,,,,,,,,,,,1,2,1,1,6
200700059767,0007-09-20 14:30:00,7,9,20,14,30,750,120,"110, BOULEVARD MORTIER",,,Plein jour,En agglomération,Hors intersection,Normale,Autre collision,,,,,,,,,,,1,2,1,1,6
200700059768,0007-09-21 01:28:00,7,9,21,1,28,750,120,"124, RUE DE BAGNOLET",,,Nuit avec éclairage allumé,En agglomération,Hors intersection,Normale,Autre collision,,,,,,,,,,,5,2,1,1,6
200700059769,0007-09-21 13:40:00,7,9,21,13,40,750,120,BOULEVARD PERIPHERIQUE,,,Plein jour,Hors agglomération,Hors intersection,Normale,Deux véhicules - côté,,,,,,,,,,,1,1,1,1,3
200700059770,0007-09-23 14:55:00,7,9,23,14,55,750,120,"21, AVENUE GAMBETTA",,,Plein jour,En agglomération,Hors intersection,Normale,Deux véhicules - côté,,,,,,,,,,,1,2,1,1,3
200700059771,0007-09-23 20:30:00,7,9,23,20,30,750,120,BOULEVARD DAVOUT,,,Nuit avec éclairage allumé,En agglomération,Hors intersection,Normale,Sans collision,,,,,,,,,,,5,2,1,1,7
200700059772,0007-09-24 19:00:00,7,9,24,19,0,750,120,RUE BELGRAND,,,Plein jour,En agglomération,Hors intersection,Normale,Autre collision,,,,,,,,,,,1,2,1,1,6
200700059773,0007-09-25 11:25:00,7,9,25,11,25,750,120,"207, RUE DES PYRENEES",,,Plein jour,En agglomération,Hors intersection,Normale,Deux véhicules - côté,,,,,,,,,,,1,2,1,1,3
200700059774,0007-09-25 14:40:00,7,9,25,14,40,750,120,"4, RUE DE LA CHINE",,,Plein jour,En agglomération,Intersection en X,Normale,Autre collision,,,,,,,,,,,1,2,2,1,6
200700059775,0007-09-26 09:00:00,7,9,26,9,0,750,120,"168, RUE DES PYRENEES",,,Plein jour,En agglomération,Hors intersection,Normale,Sans collision,,,,,,,,,,,1,2,1,1,7
200700059776,0007-09-27 21:15:00,7,9,27,21,15,750,120,"132, BOULEVARD DE BELLEV",,,Nuit avec éclairage allumé,En agglomération,Intersection en X,Pluie légère,Deux véhicules - côté,,,,,,,,,,,5,2,2,2,3
200700059777,0007-09-30 05:45:00,7,9,30,5,45,750,120,"0, RUE DES PYRENEES",,,Nuit sans éclairage public,En agglomération,Intersection en X,Normale,Deux véhicules - côté,,,,,,,,,,,3,2,2,1,3
200700059778,0007-09-30 23:47:00,7,9,30,23,47,750,120,"346, RUE DES PYRENEES",,,Nuit avec éclairage allumé,En agglomération,Intersection en T,Normale,Deux véhicules - côté,,,,,,,,,,,5,2,3,1,3
200700059779,0007-09-01 02:35:00,7,9,1,2,35,750,103,"/, RUE REAUMUR",,,Nuit avec éclairage allumé,En agglomération,Intersection en X,Normale,Deux véhicules - côté,,,,,,,,,,,5,2,2,1,3
200700059780,0007-09-01 21:15:00,7,9,1,21,15,750,119,"79, RUE DE L OURCQ",,,Nuit avec éclairage allumé,En agglomération,Hors intersection,Normale,Deux véhicules - côté,,,,,,,,,,,5,2,1,1,3
200700059781,0007-09-03 15:30:00,7,9,3,15,30,750,116,AVENUE MARCEAU,,,Plein jour,En agglomération,Intersection en X,Normale,Deux véhicules - côté,,,,,,,,,,,1,2,2,1,3
200700059782,0007-09-04 14:50:00,7,9,4,14,50,750,106,"84, BOULEVARD SAINT MICH",,,Plein jour,En agglomération,Hors intersection,Normale,Autre collision,,,,,,,,,,,1,2,1,1,6
200700059783,0007-09-05 19:10:00,7,9,5,19,10,750,116,ROUTE DE SEVRES A NEUILL,,,Plein jour,En agglomération,Hors intersection,Normale,Trois véhicules et plus - en chaîne,,,,,,,,,,,1,2,1,1,4
200700059784,0007-09-06 11:30:00,7,9,6,11,30,750,107,BOULEVARD SAINT GERMAIN,,,Plein jour,En agglomération,Intersection en X,Pluie légère,Autre collision,,,,,,,,,,,1,2,2,2,6
200700059785,0007-09-06 16:25:00,7,9,6,16,25,750,114,BOULEVARD PERIPHERIQUE E,,,Plein jour,En agglomération,Hors intersection,Normale,Sans collision,,,,,,,,,,,1,2,1,1,7
200700059786,0007-09-06 17:06:00,7,9,6,17,6,750,117,BOULEVARD PERIPHERIQUE I,,,Plein jour,Hors agglomération,Hors intersection,Normale,Trois véhicules et plus - collisions multiples,,,,,,,,,,,1,1,1,1,5
200700059787,0007-09-08 11:10:00,7,9,8,11,10,750,105,RUE BERTHOLLET,,,Plein jour,En agglomération,Hors intersection,Normale,Autre collision,,,,,,,,,,,1,2,1,1,6
200700059788,0007-09-09 14:15:00,7,9,9,14,15,750,105,", BOULEVARD SAINT MICHEL",,,Plein jour,En agglomération,Intersection en X,Normale,Deux véhicules - côté,,,,,,,,,,,1,2,2,1,3
200700059789,0007-09-12 11:15:00,7,9,12,11,15,750,110,QUAI DE VALMY,,,Plein jour,En agglomération,Intersection en X,Normale,Autre collision,,,,,,,,,,,1,2,2,1,6
200700059790,0007-09-12 18:20:00,7,9,12,18,20,750,110,"264, RUE DU FAUBOURG SAI",,,Plein jour,En agglomération,Hors intersection,Normale,Deux véhicules - côté,,,,,,,,,,,1,2,1,1,3
200700059791,0007-09-13 12:55:00,7,9,13,12,55,750,112,QUAI DE LA RAPEE,,,Plein jour,En agglomération,Hors intersection,Normale,Trois véhicules et plus - en chaîne,,,,,,,,,,,1,2,1,1,4
200700059792,0007-09-13 21:30:00,7,9,13,21,30,750,114,"152, AVENUE PAUL VAILLAN",,,Nuit avec éclairage allumé,En agglomération,Hors intersection,Normale,Autre collision,,,,,,,,,,,5,2,1,1,6
200700059793,0007-09-14 13:00:00,7,9,14,13,0,750,113,BOULEVARD DE L HOPITAL,,,Plein jour,En agglomération,Hors intersection,Normale,Deux véhicules - arrière,,,,,,,,,,,1,2,1,1,2
200700059794,0007-09-14 16:30:00,7,9,14,16,30,750,102,RUE DE TURBIGO,,,Plein jour,En agglomération,Hors intersection,Normale,Autre collision,,,,,,,,,,,1,2,1,1,6
200700059795,0007-09-14 17:55:00,7,9,14,17,55,750,112,"36, RUE CORIOLIS",,,Plein jour,En agglomération,Hors intersection,Normale,Autre collision,,,,,,,,,,,1,2,1,1,6
200700059796,0007-09-14 17:20:00,7,9,14,17,20,750,103,"74, RUE DES ARCHIVES",,,Plein jour,En agglomération,Intersection en X,Normale,Autre collision,,,,,,,,,,,1,2,2,1,6
200700059797,0007-09-17 16:50:00,7,9,17,16,50,750,112,RUE DE CHARENTON,,,Plein jour,En agglomération,Giratoire,Normale,Autre collision,,,,,,,,,,,1,2,6,1,6
200700059798,0007-09-17 19:45:00,7,9,17,19,45,750,117,"73, AVENUE DE CLICHY",,,Nuit avec éclairage allumé,En agglomération,Hors intersection,Pluie légère,Autre collision,,,,,,,,,,,5,2,1,2,6
200700059799,0007-09-19 06:35:00,7,9,19,6,35,750,113,RUE NEUVE TOLBIAC,,,Crépuscule ou aube,En agglomération,Intersection en X,Normale,Deux véhicules - côté,,,,,,,,,,,2,2,2,1,3
200700059800,0007-09-19 14:00:00,7,9,19,14,0,750,115,"/, RUE DE L ARMORIQUE",,,Plein jour,En agglomération,Intersection en X,Normale,Deux véhicules - côté,,,,,,,,,,,1,2,2,1,3
200700059801,0007-09-19 14:20:00,7,9,19,14,20,750,116,RUE SPONTINI,,,Plein jour,En agglomération,Hors intersection,Normale,Autre collision,,,,,,,,,,,1,2,1,1,6
200700059802,0007-09-19 17:45:00,7,9,19,17,45,750,108,"43bis, BOULEVARD DES BAT",,,Plein jour,En agglomération,Hors intersection,Normale,Autre collision,,,,,,,,,,,1,2,1,1,6
200700059803,0007-09-21 13:25:00,7,9,21,13,25,750,106,"2, BOULEVARD SAINT MICHE",,,Plein jour,En agglomération,Hors intersection,Normale,Autre collision,,,,,,,,,,,1,2,1,1,6
200700059804,0007-09-21 22:50:00,7,9,21,22,50,750,120,RUE PIERRE SOULIE,,,Nuit avec éclairage allumé,En agglomération,Intersection en T,Normale,Sans collision,,,,,,,,,,,5,2,3,1,7
200700059805,0007-09-22 05:50:00,7,9,22,5,50,750,116,"116, AVENUE DU PRESIDENT",,,Nuit avec éclairage allumé,En agglomération,Hors intersection,Normale,Autre collision,,,,,,,,,,,5,2,1,1,6
200700059806,0007-09-23 01:40:00,7,9,23,1,40,750,118,PORTE DE LA CHAPELLE,,,Nuit avec éclairage allumé,En agglomération,Hors intersection,Normale,Autre collision,,,,,,,,,,,5,2,1,1,6
200700059807,0007-09-23 05:45:00,7,9,23,5,45,750,110,RUE LA FAYETTE,,,Nuit avec éclairage allumé,En agglomération,Hors intersection,Normale,Autre collision,,,,,,,,,,,5,2,1,1,6
200700059808,0007-09-24 06:45:00,7,9,24,6,45,750,117,AVENUE DE WAGRAM,,,Plein jour,En agglomération,Intersection en X,Normale,Deux véhicules - côté,,,,,,,,,,,1,2,2,1,3
200700059809,0007-09-24 10:10:00,7,9,24,10,10,750,119,BOULEVARD PERIPHERIQUE E,,,Plein jour,En agglomération,Hors intersection,Normale,Trois véhicules et plus - en chaîne,,,,,,,,,,,1,2,1,1,4
200700059810,0007-09-24 18:30:00,7,9,24,18,30,750,110,RUE D HAUTEVILLE,,,Plein jour,En agglomération,Hors intersection,Normale,Sans collision,,,,,,,,,,,1,2,1,1,7
200700059811,0007-09-25 05:25:00,7,9,25,5,25,750,116,"/, BOULEVARD MURAT",,,Nuit avec éclairage allumé,En agglomération,Hors intersection,Normale,Sans collision,,,,,,,,,,,5,2,1,1,7
200700059812,0007-09-25 13:40:00,7,9,25,13,40,750,120,"vis/vis 4, RUE BELGRAND",,,Plein jour,En agglomération,Hors intersection,Normale,Autre collision,,,,,,,,,,,1,2,1,1,6
200700059813,0007-09-26 12:00:00,7,9,26,12,0,750,117,AVENUE DE LA GRANDE ARME,,,Plein jour,En agglomération,Hors intersection,Normale,Deux véhicules - frontale,,,,,,,,,,,1,2,1,1,1
200700059814,0007-09-26 19:00:00,7,9,26,19,0,750,103,BOULEVARD DE SEBASTOPOL,,,Nuit avec éclairage allumé,En agglomération,Intersection en T,Normale,Deux véhicules - côté,,,,,,,,,,,5,2,3,1,3
200700059815,0007-09-28 11:10:00,7,9,28,11,10,750,116,"35, BOULEVARD MURAT",,,Plein jour,En agglomération,Hors intersection,Pluie légère,Deux véhicules - côté,,,,,,,,,,,1,2,1,2,3
200700059816,0007-09-29 20:20:00,7,9,29,20,20,750,119,ROUTE DES PETITS PONTS,,,Plein jour,En agglomération,Hors intersection,Normale,Deux véhicules - côté,,,,,,,,,,,1,2,1,1,3
200700059817,0007-09-30 16:00:00,7,9,30,16,0,750,115,AVENUE ALBERT BARTHOLOME,,,Plein jour,En agglomération,Hors intersection,Normale,Trois véhicules et plus - en chaîne,,,,,,,,,,,1,2,1,1,4
200700059818,0007-09-04 09:10:00,7,9,4,9,10,750,112,PORTE DE SAINT MANDE,,,Plein jour,En agglomération,Hors intersection,Normale,Deux véhicules - côté,,,,,,,,,,,1,2,1,1,3
200700059819,0007-09-04 12:35:00,7,9,4,12,35,750,120,PORTE DE BAGNOLET,,,Plein jour,En agglomération,Intersection en Y,Normale,Deux véhicules - côté,,,,,,,,,,,1,2,4,1,3
200700059820,0007-09-05 07:50:00,7,9,5,7,50,750,120,PORTE DE MONTREUIL,,,Plein jour,En agglomération,Hors intersection,Normale,Autre collision,,,,,,,,,,,1,2,1,1,6
200700059821,0007-09-05 18:20:00,7,9,5,18,20,750,116,ECHANGEUR MAILLOT,,,Plein jour,En agglomération,Hors intersection,Normale,Deux véhicules - côté,,,,,,,,,,,1,2,1,1,3
200700059822,0007-09-07 07:40:00,7,9,7,7,40,750,113,QUAI D IVRY,,,Plein jour,En agglomération,Hors intersection,Normale,Deux véhicules - côté,,,,,,,,,,,1,2,1,1,3
200700059823,0007-09-07 10:00:00,7,9,7,10,0,750,115,PORTE D ISSY,,,Plein jour,En agglomération,Hors intersection,Normale,Deux véhicules - arrière,,,,,,,,,,,1,2,1,1,2
200700059824,0007-09-07 13:10:00,7,9,7,13,10,750,118,PORTE D AUBERVILLIERS,,,Plein jour,En agglomération,Hors intersection,Normale,Trois véhicules et plus - en chaîne,,,,,,,,,,,1,2,1,1,4
200700059825,0007-09-07 15:10:00,7,9,7,15,10,750,116,PORTE D AUTEUIL,,,Plein jour,En agglomération,Hors intersection,Normale,Autre collision,,,,,,,,,,,1,2,1,1,6
200700059826,0007-09-08 12:50:00,7,9,8,12,50,750,120,PORTE DE BAGNOLET,,,Plein jour,En agglomération,Hors intersection,Normale,Deux véhicules - côté,,,,,,,,,,,1,2,1,1,3
200700059827,0007-09-08 17:45:00,7,9,8,17,45,750,119,PORTE DE CLIGNANCOURT,,,Plein jour,En agglomération,Hors intersection,Normale,Autre collision,,,,,,,,,,,1,2,1,1,6
200700059828,0007-09-08 18:15:00,7,9,8,18,15,750,117,PORTE DE CLICHY,,,Plein jour,En agglomération,Hors intersection,Temps éblouissant,Deux véhicules - côté,,,,,,,,,,,1,2,1,7,3
200700059829,0007-09-09 17:35:00,7,9,9,17,35,750,112,ECHANGEUR BERCY,,,Plein jour,En agglomération,Intersection en Y,Normale,Deux véhicules - arrière,,,,,,,,,,,1,2,4,1,2
200700059830,0007-09-10 09:20:00,7,9,10,9,20,750,120,PORTE DE BAGNOLET,,,Plein jour,En agglomération,Hors intersection,Normale,Sans collision,,,,,,,,,,,1,2,1,1,7
200700059831,0007-09-10 09:10:00,7,9,10,9,10,750,116,PORTE D AUTEUIL,,,Plein jour,En agglomération,Hors intersection,Normale,Deux véhicules - côté,,,,,,,,,,,1,2,1,1,3
200700059832,0007-09-10 18:00:00,7,9,10,18,0,750,120,ECHANGEUR BAGNOLET,,,Plein jour,En agglomération,Hors intersection,Normale,Deux véhicules - côté,,,,,,,,,,,1,2,1,1,3
200700059833,0007-09-10 17:45:00,7,9,10,17,45,750,117,PORTE MAILLOT,,,Plein jour,En agglomération,Hors intersection,Normale,Deux véhicules - arrière,,,,,,,,,,,1,2,1,1,2
200700059834,0007-09-10 22:50:00,7,9,10,22,50,750,112,"b8, ECHANGEUR BERCY",,,Nuit avec éclairage allumé,Hors agglomération,Hors intersection,Normale,Deux véhicules - côté,,,,,,,,,,,5,1,1,1,3
200700059835,0007-09-11 02:25:00,7,9,11,2,25,750,119,PORTE D AUBERVILLIERS,,,Nuit avec éclairage non allumé,En agglomération,Hors intersection,Normale,Autre collision,,,,,,,,,,,4,2,1,1,6
200700059836,0007-09-11 15:50:00,7,9,11,15,50,750,116,PORTE MAILLOT,,,Plein jour,En agglomération,Hors intersection,Normale,Trois véhicules et plus - en chaîne,,,,,,,,,,,1,2,1,1,4
200700059837,0007-09-11 17:15:00,7,9,11,17,15,750,120,PORTE DE BAGNOLET,,,Plein jour,En agglomération,Hors intersection,Normale,Deux véhicules - arrière,,,,,,,,,,,1,2,1,1,2
200700059838,0007-09-12 13:10:00,7,9,12,13,10,750,119,PORTE DES LILAS,,,Plein jour,En agglomération,Hors intersection,Normale,Autre collision,,,,,,,,,,,1,2,1,1,6
200700059839,0007-09-12 17:45:00,7,9,12,17,45,750,119,PORTE DE PANTIN,,,Plein jour,En agglomération,Hors intersection,Normale,Deux véhicules - côté,,,,,,,,,,,1,2,1,1,3
200700059840,0007-09-12 19:05:00,7,9,12,19,5,750,117,PORTE DE CLICHY,,,Plein jour,En agglomération,Hors intersection,Normale,Deux véhicules - côté,,,,,,,,,,,1,2,1,1,3
200700059841,0007-09-13 07:00:00,7,9,13,7,0,750,112,ECHANGEUR BERCY,,,Plein jour,En agglomération,Hors intersection,Normale,Deux véhicules - côté,,,,,,,,,,,1,2,1,1,3
200700059842,0007-09-13 06:45:00,7,9,13,6,45,750,115,PORTE DE SEVRES,,,Nuit avec éclairage allumé,En agglomération,Intersection en Y,Normale,Deux véhicules - côté,,,,,,,,,,,5,2,4,1,3
200700059843,0007-09-13 14:10:00,7,9,13,14,10,750,116,PORTE MAILLOT,,,Plein jour,En agglomération,Hors intersection,Normale,Deux véhicules - côté,,,,,,,,,,,1,2,1,1,3
200700059844,0007-09-13 17:30:00,7,9,13,17,30,750,117,PORTE DE CLICHY,,,Plein jour,En agglomération,Hors intersection,Normale,Sans collision,,,,,,,,,,,1,2,1,1,7
200700059845,0007-09-14 11:08:00,7,9,14,11,8,750,118,PORTE DE LA CHAPELLE,,,Plein jour,En agglomération,Hors intersection,Normale,Deux véhicules - arrière,,,,,,,,,,,1,2,1,1,2
200700059846,0007-09-14 09:15:00,7,9,14,9,15,750,116,PORTE MAILLOT,,,Plein jour,En agglomération,Hors intersection,Normale,Trois véhicules et plus - collisions multiples,,,,,,,,,,,1,2,1,1,5
200700059847,0007-09-14 14:00:00,7,9,14,14,0,750,112,PORTE DE CHARENTON,,,Plein jour,En agglomération,Hors intersection,Normale,Deux véhicules - arrière,,,,,,,,,,,1,2,1,1,2
200700059848,0007-09-14 17:15:00,7,9,14,17,15,750,120,ECHANGEUR BAGNOLET,,,Plein jour,En agglomération,Hors intersection,Normale,Sans collision,,,,,,,,,,,1,2,1,1,7
200700059849,0007-09-15 18:15:00,7,9,15,18,15,750,114,ECHANGEUR ORLEANS,,,Plein jour,En agglomération,Hors intersection,Normale,Deux véhicules - arrière,,,,,,,,,,,1,2,1,1,2
200700059850,0007-09-15 21:20:00,7,9,15,21,20,750,118,PORTE DE CLIGNANCOURT,,,Nuit avec éclairage allumé,En agglomération,Hors intersection,Normale,Deux véhicules - arrière,,,,,,,,,,,5,2,1,1,2
200700059851,0007-09-16 07:45:00,7,9,16,7,45,750,118,PORTE DE CLIGNANCOURT,,,Plein jour,En agglomération,Hors intersection,Normale,Autre collision,,,,,,,,,,,1,2,1,1,6
200700059852,0007-09-16 09:00:00,7,9,16,9,0,750,120,PORTE DE BAGNOLET,,,Plein jour,En agglomération,Hors intersection,Normale,Autre collision,,,,,,,,,,,1,2,1,1,6
200700059853,0007-09-16 13:50:00,7,9,16,13,50,750,113,PORTE D ITALIE,,,Plein jour,En agglomération,Intersection en Y,Normale,Deux véhicules - arrière,,,,,,,,,,,1,2,4,1,2
200700059854,0007-09-17 09:00:00,7,9,17,9,0,750,112,PORTE DE VINCENNES,,,Plein jour,En agglomération,Intersection en Y,Normale,Deux véhicules - arrière,,,,,,,,,,,1,2,4,1,2
200700059855,0007-09-18 12:30:00,7,9,18,12,30,750,116,ECHANGEUR MAILLOT,,,Plein jour,En agglomération,Intersection en Y,Normale,Autre collision,,,,,,,,,,,1,2,4,1,6
200700059856,0007-09-19 10:10:00,7,9,19,10,10,750,120,PORTE DE BAGNOLET,,,Plein jour,En agglomération,Hors intersection,Normale,Trois véhicules et plus - en chaîne,,,,,,,,,,,1,2,1,1,4
200700059857,0007-09-19 14:55:00,7,9,19,14,55,750,120,PORTE DE BAGNOLET,,,Plein jour,En agglomération,Hors intersection,Normale,Trois véhicules et plus - en chaîne,,,,,,,,,,,1,2,1,1,4
200700059858,0007-09-20 08:30:00,7,9,20,8,30,750,116,PORTE DAUPHINE,,,Plein jour,En agglomération,Hors intersection,Normale,Trois véhicules et plus - en chaîne,,,,,,,,,,,1,2,1,1,4
200700059859,0007-09-20 07:50:00,7,9,20,7,50,750,113,PORTE D ITALIE,,,Plein jour,En agglomération,Hors intersection,Normale,Trois véhicules et plus - en chaîne,,,,,,,,,,,1,2,1,1,4
200700059860,0007-09-20 09:10:00,7,9,20,9,10,750,116,PORTE D AUTEUIL,,,Plein jour,En agglomération,Hors intersection,Normale,Sans collision,,,,,,,,,,,1,2,1,1,7
200700059861,0007-09-21 11:50:00,7,9,21,11,50,750,115,PORTE DE SEVRES,,,Plein jour,En agglomération,Hors intersection,Normale,Sans collision,,,,,,,,,,,1,2,1,1,7
200700059862,0007-09-21 12:25:00,7,9,21,12,25,750,120,PORTE DE BAGNOLET,,,Plein jour,En agglomération,Hors intersection,Normale,Deux véhicules - arrière,,,,,,,,,,,1,2,1,1,2
200700059863,0007-09-21 15:45:00,7,9,21,15,45,750,119,PORTE D AUBERVILLIERS,,,Plein jour,En agglomération,Hors intersection,Normale,Deux véhicules - arrière,,,,,,,,,,,1,2,1,1,2
200700059864,0007-09-21 17:30:00,7,9,21,17,30,750,114,PORTE BRANCION,,,Crépuscule ou aube,En agglomération,Hors intersection,Normale,Deux véhicules - arrière,,,,,,,,,,,2,2,1,1,2
200700059865,0007-09-22 14:00:00,7,9,22,14,0,750,115,PORTE DE SEVRES,,,Plein jour,En agglomération,Hors intersection,Normale,Deux véhicules - côté,,,,,,,,,,,1,2,1,1,3
200700059866,0007-09-23 04:15:00,7,9,23,4,15,750,112,ECHANGEUR BERCY,,,Nuit avec éclairage allumé,En agglomération,Hors intersection,Normale,Autre collision,,,,,,,,,,,5,2,1,1,6
200700059867,0007-09-23 08:05:00,7,9,23,8,5,750,116,BOULEVARD PERIPHERIQUE E,,,Plein jour,En agglomération,Hors intersection,Normale,Autre collision,,,,,,,,,,,1,2,1,1,6
200700059868,0007-09-23 21:50:00,7,9,23,21,50,750,114,PORTE D ORLEANS,,,Nuit avec éclairage allumé,En agglomération,Hors intersection,Normale,Deux véhicules - côté,,,,,,,,,,,5,2,1,1,3
200700059869,0007-09-24 13:00:00,7,9,24,13,0,750,117,PORTE D ASNIERES,,,Plein jour,En agglomération,Hors intersection,Pluie légère,Autre collision,,,,,,,,,,,1,2,1,2,6
200700059870,0007-09-24 19:10:00,7,9,24,19,10,750,112,PORTE DOREE,,,Plein jour,En agglomération,Hors intersection,Normale,Trois véhicules et plus - en chaîne,,,,,,,,,,,1,2,1,1,4
200700059871,0007-09-24 18:55:00,7,9,24,18,55,750,116,PORTE DAUPHINE,,,Plein jour,En agglomération,Hors intersection,Normale,Trois véhicules et plus - en chaîne,,,,,,,,,,,1,2,1,1,4
200700059872,0007-09-25 07:15:00,7,9,25,7,15,750,117,ECHANGEUR MAILLOT,,,Crépuscule ou aube,En agglomération,Hors intersection,Normale,Autre collision,,,,,,,,,,,2,2,1,1,6
200700059873,0007-09-25 20:00:00,7,9,25,20,0,750,117,PORTE DE CHAMPERRET,,,Nuit avec éclairage allumé,En agglomération,Hors intersection,Normale,Deux véhicules - arrière,,,,,,,,,,,5,2,1,1,2
200700059874,0007-09-26 15:00:00,7,9,26,15,0,750,115,PORTE D ISSY,,,Plein jour,En agglomération,Hors intersection,Pluie forte,Autre collision,,,,,,,,,,,1,2,1,3,6
200700059875,0007-09-26 17:35:00,7,9,26,17,35,750,112,ECHANGEUR BERCY,,,Plein jour,En agglomération,Intersection en Y,Pluie forte,Sans collision,,,,,,,,,,,1,2,4,3,7
200700059876,0007-09-26 15:00:00,7,9,26,15,0,750,114,PORTE D ORLEANS,,,Plein jour,En agglomération,Intersection en Y,Pluie légère,Trois véhicules et plus - collisions multiples,,,,,,,,,,,1,2,4,2,5
200700059877,0007-09-27 08:50:00,7,9,27,8,50,750,120,PORTE DE BAGNOLET,,,Plein jour,En agglomération,Hors intersection,Normale,Deux véhicules - arrière,,,,,,,,,,,1,2,1,1,2
200700059878,0007-09-27 08:00:00,7,9,27,8,0,750,118,PORTE DE LA CHAPELLE,,,Plein jour,En agglomération,Hors intersection,Normale,Deux véhicules - arrière,,,,,,,,,,,1,2,1,1,2
200700059879,0007-09-27 20:30:00,7,9,27,20,30,750,119,PORTE DE PANTIN,,,Nuit avec éclairage allumé,En agglomération,Hors intersection,Pluie légère,Deux véhicules - côté,,,,,,,,,,,5,2,1,2,3
200700059880,0007-09-28 08:55:00,7,9,28,8,55,750,113,PORTE D ITALIE,,,Plein jour,En agglomération,Hors intersection,Pluie légère,Sans collision,,,,,,,,,,,1,2,1,2,7
200700059881,0007-09-28 13:08:00,7,9,28,13,8,750,118,PORTE D AUBERVILLIERS,,,Plein jour,En agglomération,Hors intersection,Pluie légère,Autre collision,,,,,,,,,,,1,2,1,2,6
200700059882,0007-09-28 16:40:00,7,9,28,16,40,750,116,PORTE DE PASSY,,,Plein jour,En agglomération,Hors intersection,Pluie légère,Deux véhicules - côté,,,,,,,,,,,1,2,1,2,3
200700059883,0007-09-28 19:45:00,7,9,28,19,45,750,117,PORTE MAILLOT,,,Nuit avec éclairage allumé,En agglomération,Hors intersection,Pluie légère,Sans collision,,,,,,,,,,,5,2,1,2,7
200700059884,0007-09-29 11:30:00,7,9,29,11,30,750,119,PORTE DE PANTIN,,,Plein jour,En agglomération,Hors intersection,Normale,Autre collision,,,,,,,,,,,1,2,1,1,6
200700059885,0007-09-29 13:00:00,7,9,29,13,0,750,115,PORTE DE SEVRES,,,Plein jour,Hors agglomération,Hors intersection,Vent fort / tempête,Autre collision,,,,,,,,,,,1,1,1,6,6
200700059886,0007-09-29 20:20:00,7,9,29,20,20,750,120,ECHANGEUR BAGNOLET,,,Nuit avec éclairage allumé,En agglomération,Hors intersection,Normale,Autre collision,,,,,,,,,,,5,2,1,1,6
200700059887,0007-06-11 17:30:00,7,6,11,17,30,600,175,RN 330_BRETELLE RN330_AC,,,Plein jour,Hors agglomération,Hors intersection,Normale,Deux véhicules - côté,,,,,,,,,,,1,1,1,1,3
200700059888,0007-07-24 08:35:00,7,7,24,8,35,600,175,RN16_CHANTILLY_CENTRE DE,,,Plein jour,Hors agglomération,Autre intersection,Pluie légère,Trois véhicules et plus - collisions multiples,,,,,,,,,,,1,1,9,2,5
200700059889,0007-08-29 21:20:00,7,8,29,21,20,740,12,GENEVE (RUE DE),,,Nuit avec éclairage allumé,En agglomération,Giratoire,Pluie forte,Deux véhicules - arrière,,,,,,,,,,,5,2,6,3,2
200700059890,0007-08-31 15:55:00,7,8,31,15,55,740,298,BONNEVILLE (ROUTE DE ),,,Plein jour,En agglomération,Hors intersection,Normale,Autre collision,,,,,,,,,,,1,2,1,1,6
200700059891,0007-08-30 10:03:00,7,8,30,10,3,740,133,PAIX (RUE DE LA),,,Plein jour,En agglomération,Giratoire,Pluie forte,Deux véhicules - côté,,,,,,,,,,,1,2,6,3,3
200700059892,0007-09-12 18:00:00,7,9,12,18,0,740,118,DE GAULLE (RUE CHARLES),,,Plein jour,En agglomération,Intersection en Y,Normale,Autre collision,,,,,,,,,,,1,2,4,1,6