accident_id,datetime,annee,mois,jour,heure,minute,departement,commune_insee,adresse,latitude,longitude,luminosite,agglomeration,intersection,meteo,collision,nb_vehicules,nb_usagers,nb_indemnes,nb_tues,nb_blesses_hosp,nb_blesses_legers,age_cond_1,age_cond_2,veh_type_cond_1,veh_type_cond_2,lum_code,agg_code,int_code,atm_code,col_code
200700059893,0007-08-30 09:27:00,7,8,30,9,27,740,12,VERDUN (AVENUE DE),,,Plein jour,En agglomération,Intersection en T,Temps couvert,Deux véhicules - côté,,,,,,,,,,,1,2,3,8,3
200700059894,0007-08-16 10:35:00,7,8,16,10,35,740,12,VALLEES (ROUTE DES),,,Plein jour,En agglomération,Intersection en X,Temps couvert,Deux véhicules - côté,,,,,,,,,,,1,2,2,8,3
200700059895,0007-09-25 13:25:00,7,9,25,13,25,740,12,ARVE (QUAI D'),,,Plein jour,En agglomération,Intersection en T,Normale,Deux véhicules - côté,,,,,,,,,,,1,2,3,1,3
200700059896,0007-09-26 06:50:00,7,9,26,6,50,740,118,LIBERATION (ROUTE DE LA),,,Crépuscule ou aube,En agglomération,Intersection à plus de 4 branches,Normale,Deux véhicules - côté,,,,,,,,,,,2,2,5,1,3
200700059897,0007-07-26 16:50:00,7,7,26,16,50,920,63,"132, MONTBRISON (RUE DU",,,Plein jour,En agglomération,Hors intersection,Normale,Autre collision,,,,,,,,,,,1,2,1,1,6
200700059898,0007-08-08 08:45:00,7,8,8,8,45,920,63,"neant, MONIER (RUE JOSEP",,,Plein jour,En agglomération,Hors intersection,Pluie légère,Autre collision,,,,,,,,,,,1,2,1,2,6
200700059899,0007-08-09 09:10:00,7,8,9,9,10,920,63,"183, EMPEREUR (ROUTE DE",,,Plein jour,En agglomération,Giratoire,Normale,Sans collision,,,,,,,,,,,1,2,6,1,7
200700059900,0007-07-17 09:45:00,7,7,17,9,45,940,68,VASSAL (R),,,Plein jour,En agglomération,Intersection en X,Normale,Deux véhicules - côté,,,,,,,,,,,1,2,2,1,3
200700059901,0007-07-24 12:40:00,7,7,24,12,40,940,68,"44, ANGLAIS (PROM DES)",,,Plein jour,En agglomération,Hors intersection,Normale,Autre collision,,,,,,,,,,,1,2,1,1,6
200700059902,0007-07-27 19:10:00,7,7,27,19,10,940,68,PONT DE CRETEIL (R DU),,,Plein jour,En agglomération,Autre intersection,Normale,Trois véhicules et plus - collisions multiples,,,,,,,,,,,1,2,9,1,5
200700059903,0007-08-03 10:10:00,7,8,3,10,10,940,68,"02, CHAMPIGNY (BD DE)",,,Plein jour,En agglomération,Hors intersection,Normale,Autre collision,,,,,,,,,,,1,2,1,1,6
200700059904,0007-09-02 16:50:00,7,9,2,16,50,940,68,FOCH (AV),,,Plein jour,En agglomération,Hors intersection,Normale,Deux véhicules - arrière,,,,,,,,,,,1,2,1,1,2
200700059905,0007-09-03 01:00:00,7,9,3,1,0,940,68,BAC (AV DU),,,Nuit avec éclairage allumé,En agglomération,Hors intersection,Normale,Deux véhicules - côté,,,,,,,,,,,5,2,1,1,3
200700059906,0007-09-04 16:40:00,7,9,4,16,40,940,68,BELLECHASSE (BD DE),,,Plein jour,En agglomération,Hors intersection,Normale,Deux véhicules - arrière,,,,,,,,,,,1,2,1,1,2
200700059907,0007-09-07 10:00:00,7,9,7,10,0,940,68,MAURICE BERTEAUX (BD),,,Plein jour,En agglomération,Intersection en X,Normale,Deux véhicules - côté,,,,,,,,,,,1,2,2,1,3
200700059908,0007-09-10 08:35:00,7,9,10,8,35,940,68,CHAMPIGNY (BD DE),,,Plein jour,En agglomération,Hors intersection,Normale,Autre collision,,,,,,,,,,,1,2,1,1,6
200700059909,0007-09-12 18:45:00,7,9,12,18,45,940,68,CRETEIL (BD DE),,,Plein jour,En agglomération,Intersection en X,Normale,Deux véhicules - côté,,,,,,,,,,,1,2,2,1,3
200700059910,0007-09-13 18:05:00,7,9,13,18,5,940,68,CRETEIL (BD DE),,,Plein jour,En agglomération,Hors intersection,Temps éblouissant,Autre collision,,,,,,,,,,,1,2,1,7,6
200700059911,0007-09-21 11:25:00,7,9,21,11,25,940,68,CRETEIL (BD DE),,,Plein jour,En agglomération,Hors intersection,Normale,Deux véhicules - frontale,,,,,,,,,,,1,2,1,1,1
200700059912,0007-09-25 10:10:00,7,9,25,10,10,940,68,PONT DE CRETEIL (R DU),,,Plein jour,En agglomération,Intersection en T,Normale,Deux véhicules - côté,,,,,,,,,,,1,2,3,1,3
200700059913,0007-09-26 08:00:00,7,9,26,8,0,940,68,LOUIS BLANC (AV),,,Plein jour,En agglomération,Intersection en T,Normale,Deux véhicules - côté,,,,,,,,,,,1,2,3,1,3
200700059914,0007-09-28 06:51:00,7,9,28,6,51,201,4,"SANS, COLONNA D'ORNANO C",,,Crépuscule ou aube,En agglomération,Intersection en X,Pluie légère,Deux véhicules - côté,,,,,,,,,,,2,2,2,2,3
200700059915,0007-09-29 11:35:00,7,9,29,11,35,201,4,BENIELLI NONCE RUE,,,Plein jour,En agglomération,Hors intersection,Normale,Autre collision,,,,,,,,,,,1,2,1,1,6
200700059916,0007-09-30 13:59:00,7,9,30,13,59,201,4,"13, EUGENIE IMPERATRICE",,,Plein jour,En agglomération,Hors intersection,Normale,Autre collision,,,,,,,,,,,1,2,1,1,6
200700059917,0007-04-09 16:30:00,7,4,9,16,30,690,256,A42     0.560 A 4.020,,,Plein jour,Hors agglomération,Hors intersection,Normale,Trois véhicules et plus - en chaîne,,,,,,,,,,,1,1,1,1,4
200700059918,0007-06-27 18:00:00,7,6,27,18,0,690,29,A43   0.550 A 3.353,,,Plein jour,Hors agglomération,Hors intersection,Normale,Trois véhicules et plus - en chaîne,,,,,,,,,,,1,1,1,1,4
200700059919,0007-10-26 14:15:00,7,10,26,14,15,590,477,rue gambetta,50.518,2.909,Plein jour,En agglomération,Hors intersection,Normale,Deux véhicules - frontale,,,,,,,,,,,1,2,1,1,1
200700059920,0007-10-02 13:45:00,7,10,2,13,45,590,653,127 rue koenig,50.571,2.931,Plein jour,En agglomération,Hors intersection,Normale,Deux véhicules - côté,,,,,,,,,,,1,2,1,1,3
200700059921,0007-10-16 08:00:00,7,10,16,8,0,590,653,,50.597,2.931,Crépuscule ou aube,Hors agglomération,Hors intersection,Normale,Deux véhicules - arrière,,,,,,,,,,,2,1,1,1,2
200700059922,0007-10-22 07:15:00,7,10,22,7,15,590,653,50 rue koenig,50.576,2.937,Nuit avec éclairage allumé,En agglomération,Hors intersection,Normale,Deux véhicules - frontale,,,,,,,,,,,5,2,1,1,1
200700059923,0007-10-23 06:45:00,7,10,23,6,45,590,278,,50.616,2.95,Crépuscule ou aube,Hors agglomération,Hors intersection,Normale,Deux véhicules - côté,,,,,,,,,,,2,1,1,1,3
200700059924,0007-10-18 17:00:00,7,10,18,17,0,590,256,,50.567,3.126,Plein jour,Hors agglomération,Hors intersection,Normale,Deux véhicules - frontale,,,,,,,,,,,1,1,1,1,1
200700059925,0007-10-18 22:45:00,7,10,18,22,45,590,466,RUE NATIONALE,50.522,3.117,Nuit avec éclairage allumé,En agglomération,Hors intersection,Normale,Autre collision,,,,,,,,,,,5,2,1,1,6
200700059926,0007-10-22 07:45:00,7,10,22,7,45,590,452,,50.458,3.036,Crépuscule ou aube,En agglomération,Hors intersection,Normale,Deux véhicules - frontale,,,,,,,,,,,2,2,1,1,1
200700059927,0007-10-06 00:30:00,7,10,6,0,30,590,663,ROUTE DE BERGUES,50.89,2.467,Nuit avec éclairage allumé,En agglomération,Hors intersection,Normale,Autre collision,,,,,,,,,,,5,2,1,1,6
200700059928,0007-10-07 18:30:00,7,10,7,18,30,590,293,,,,Plein jour,Hors agglomération,Intersection en X,Normale,Deux véhicules - côté,,,,,,,,,,,1,1,2,1,3
200700059929,0007-10-23 14:00:00,7,10,23,14,0,590,419,,,,Plein jour,Hors agglomération,Intersection en T,Normale,Deux véhicules - côté,,,,,,,,,,,1,1,3,1,3
200700059930,0007-10-15 07:45:00,7,10,15,7,45,590,50,route de maubeuge,50.133,3.938,Crépuscule ou aube,En agglomération,Hors intersection,Normale,Deux véhicules - côté,,,,,,,,,,,2,2,1,1,3
200700059931,0007-10-05 09:15:00,7,10,5,9,15,590,331,boulevard des résistants,,,Plein jour,En agglomération,Hors intersection,Normale,Deux véhicules - côté,,,,,,,,,,,1,2,1,1,3
200700059932,0007-10-29 16:00:00,7,10,29,16,0,590,474,,50.077,3.771,Plein jour,Hors agglomération,Hors intersection,Normale,Deux véhicules - frontale,,,,,,,,,,,1,1,1,1,1
200700059933,0007-10-14 12:00:00,7,10,14,12,0,590,139,route nationale 43,50.137,3.418,Plein jour,En agglomération,Hors intersection,Normale,Deux véhicules - côté,,,,,,,,,,,1,2,1,1,3
200700059934,0007-10-18 19:30:00,7,10,18,19,30,590,389,rue de Rumilly-face n°36,50.121,3.215,Nuit avec éclairage allumé,En agglomération,Hors intersection,Normale,Autre collision,,,,,,,,,,,5,2,1,1,6
200700059935,0007-10-30 15:30:00,7,10,30,15,30,590,125,,,,Plein jour,Hors agglomération,Hors intersection,Temps couvert,Deux véhicules - frontale,,,,,,,,,,,1,1,1,8,1
200700059936,0007-10-04 22:45:00,7,10,4,22,45,590,26,,50.266,3.179,Nuit sans éclairage public,Hors agglomération,Hors intersection,Normale,Sans collision,,,,,,,,,,,3,1,1,1,7
200700059937,0007-10-06 08:15:00,7,10,6,8,15,590,158,,,,Plein jour,Hors agglomération,Hors intersection,Normale,Deux véhicules - frontale,,,,,,,,,,,1,1,1,1,1
200700059938,0007-10-20 11:45:00,7,10,20,11,45,590,310,,50.327,3.795,Plein jour,Hors agglomération,Hors intersection,Normale,Deux véhicules - frontale,,,,,,,,,,,1,1,1,1,1
200700059939,0007-10-21 09:00:00,7,10,21,9,0,620,112,,50.21,2.653,Plein jour,Hors agglomération,Hors intersection,Temps couvert,Sans collision,,,,,,,,,,,1,1,1,8,7
200700059940,0007-10-01 08:15:00,7,10,1,8,15,620,861,,50.377,2.799,Plein jour,En agglomération,Hors intersection,Normale,Trois véhicules et plus - collisions multiples,,,,,,,,,,,1,2,1,1,5
200700059941,0007-10-08 11:45:00,7,10,8,11,45,620,557,,50.335,2.719,Plein jour,Hors agglomération,Intersection en X,Normale,Deux véhicules - côté,,,,,,,,,,,1,1,2,1,3
200700059942,0007-10-08 09:15:00,7,10,8,9,15,620,331,,50.276,2.85,Plein jour,Hors agglomération,Hors intersection,Brouillard / fumée,Deux véhicules - frontale,,,,,,,,,,,1,1,1,5,1
200700059943,0007-10-15 15:45:00,7,10,15,15,45,620,559,,50.205,3.127,Plein jour,Hors agglomération,Hors intersection,Normale,Deux véhicules - arrière,,,,,,,,,,,1,1,1,1,2
200700059944,0007-10-26 09:30:00,7,10,26,9,30,620,486,CD 943,50.623,2.396,Plein jour,En agglomération,Intersection en T,Normale,Deux véhicules - côté,,,,,,,,,,,1,2,3,1,3
200700059945,0007-10-04 08:15:00,7,10,4,8,15,620,491,,50.616,2.782,Plein jour,Hors agglomération,Intersection en X,Temps couvert,Deux véhicules - côté,,,,,,,,,,,1,1,2,8,3
200700059946,0007-10-09 09:00:00,7,10,9,9,0,620,268,rue de l'église,50.67,1.83,Plein jour,En agglomération,Hors intersection,Normale,Autre collision,,,,,,,,,,,1,2,1,1,6
200700059947,0007-10-16 19:00:00,7,10,16,19,0,620,230,Ancienne route Nationale,,,Crépuscule ou aube,En agglomération,Hors intersection,Normale,Deux véhicules - côté,,,,,,,,,,,2,2,1,1,3
200700059948,0007-10-24 05:45:00,7,10,24,5,45,620,773,CARREFOUR RD901/CD52,50.644,1.742,Nuit avec éclairage allumé,En agglomération,Hors intersection,Normale,Deux véhicules - côté,,,,,,,,,,,5,2,1,1,3
200700059949,0007-10-13 17:15:00,7,10,13,17,15,620,334,,50.843,1.833,Plein jour,Hors agglomération,Hors intersection,Normale,Autre collision,,,,,,,,,,,1,1,1,1,6
200700059950,0007-10-21 03:30:00,7,10,21,3,30,620,443,,,,Nuit sans éclairage public,En agglomération,Hors intersection,Normale,Deux véhicules - frontale,,,,,,,,,,,3,2,1,1,1
200700059951,0007-10-19 15:30:00,7,10,19,15,30,620,44,CD901,,,Plein jour,En agglomération,Hors intersection,Normale,Deux véhicules - côté,,,,,,,,,,,1,2,1,1,3
200700059952,0007-10-31 23:45:00,7,10,31,23,45,620,799,,,,Nuit sans éclairage public,Hors agglomération,Hors intersection,Normale,Autre collision,,,,,,,,,,,3,1,1,1,6
200700059953,0007-10-26 16:30:00,7,10,26,16,30,620,318,bd impératrice,50.518,1.636,Plein jour,En agglomération,Hors intersection,Normale,Autre collision,,,,,,,,,,,1,2,1,1,6
200700059954,0007-10-14 17:15:00,7,10,14,17,15,620,14,Rue St Martin,50.649,2.394,Plein jour,En agglomération,Passage à niveau,Temps éblouissant,Autre collision,,,,,,,,,,,1,2,8,7,6
200700059955,0007-10-16 17:30:00,7,10,16,17,30,620,14,D 186 E,,,Crépuscule ou aube,En agglomération,Hors intersection,Normale,Deux véhicules - frontale,,,,,,,,,,,2,2,1,1,1
200700059956,0007-10-22 17:15:00,7,10,22,17,15,620,618,,,,Crépuscule ou aube,En agglomération,Hors intersection,Pluie légère,Autre collision,,,,,,,,,,,2,2,1,2,6
200700059957,0007-10-27 18:15:00,7,10,27,18,15,620,906,,50.854,2.03,Plein jour,Hors agglomération,Intersection en X,Normale,Deux véhicules - côté,,,,,,,,,,,1,1,2,1,3
200700059958,0007-10-02 13:15:00,7,10,2,13,15,620,485,,50.536,2.259,Plein jour,Hors agglomération,Hors intersection,Normale,Deux véhicules - côté,,,,,,,,,,,1,1,1,1,3
200700059959,0007-10-08 17:45:00,7,10,8,17,45,620,149,,,,Plein jour,Hors agglomération,Hors intersection,Normale,Autre collision,,,,,,,,,,,1,1,1,1,6
200700059960,0007-10-26 20:15:00,7,10,26,20,15,620,495,,50.648,1.978,Nuit sans éclairage public,Hors agglomération,Hors intersection,Normale,Autre collision,,,,,,,,,,,3,1,1,1,6
200700059961,0007-10-28 16:45:00,7,10,28,16,45,620,199,,50.368,2.653,Plein jour,Hors agglomération,Hors intersection,Normale,Deux véhicules - côté,,,,,,,,,,,1,1,1,1,3
200700059962,0007-10-28 17:45:00,7,10,28,17,45,620,651,,50.34,2.489,Nuit sans éclairage public,Hors agglomération,Hors intersection,Normale,Sans collision,,,,,,,,,,,3,1,1,1,7
200700059963,0007-10-06 19:15:00,7,10,6,19,15,800,456,Montmarquet CD1015,,,Crépuscule ou aube,En agglomération,Hors intersection,Normale,Sans collision,,,,,,,,,,,2,2,1,1,7
200700059964,0007-10-09 08:45:00,7,10,9,8,45,800,356,,,,Plein jour,Hors agglomération,Hors intersection,Normale,Autre collision,,,,,,,,,,,1,1,1,1,6
200700059965,0007-10-03 14:45:00,7,10,3,14,45,800,761,,49.763,2.172,Plein jour,Hors agglomération,Hors intersection,Normale,Autre collision,,,,,,,,,,,1,1,1,1,6
200700059966,0007-10-18 16:30:00,7,10,18,16,30,800,639,1 rue de BEAUQUESNE,49.955,2.315,Plein jour,En agglomération,Hors intersection,Normale,Deux véhicules - côté,,,,,,,,,,,1,2,1,1,3
200700059967,0007-10-30 16:45:00,7,10,30,16,45,800,92,,49.969,2.274,Plein jour,Hors agglomération,Hors intersection,Normale,Sans collision,,,,,,,,,,,1,1,1,1,7
200700059968,0007-10-19 09:45:00,7,10,19,9,45,800,533,Av Pierre et Marie Curie,50.071,1.387,Crépuscule ou aube,En agglomération,Hors intersection,Temps couvert,Deux véhicules - côté,,,,,,,,,,,2,2,1,8,3
200700059969,0007-10-01 06:30:00,7,10,1,6,30,800,440,rue principale,50.198,2.074,Nuit avec éclairage non allumé,En agglomération,Hors intersection,Pluie forte,Autre collision,,,,,,,,,,,4,2,1,3,6
200700059970,0007-10-09 19:15:00,7,10,9,19,15,800,423,rue de la carrière,50.04,2.23,Crépuscule ou aube,En agglomération,Hors intersection,Pluie forte,Autre collision,,,,,,,,,,,2,2,1,3,6
200700059971,0007-10-06 22:45:00,7,10,6,22,45,800,241,,50.07,2.133,Nuit sans éclairage public,Hors agglomération,Hors intersection,Temps couvert,Deux véhicules - arrière,,,,,,,,,,,3,1,1,8,2
200700059972,0007-10-09 15:30:00,7,10,9,15,30,800,439,,50.178,2.167,Plein jour,Hors agglomération,Hors intersection,Normale,Sans collision,,,,,,,,,,,1,1,1,1,7
200700059973,0007-10-10 10:30:00,7,10,10,10,30,800,685,,,,Plein jour,Hors agglomération,Hors intersection,Brouillard / fumée,Trois véhicules et plus - collisions multiples,,,,,,,,,,,1,1,1,5,5
200700059974,0007-10-20 23:15:00,7,10,20,23,15,800,595,,,,Nuit sans éclairage public,Hors agglomération,Hors intersection,Normale,Autre collision,,,,,,,,,,,3,1,1,1,6
200700059975,0007-10-10 16:30:00,7,10,10,16,30,800,620,,,,Plein jour,Hors agglomération,Hors intersection,Normale,Deux véhicules - côté,,,,,,,,,,,1,1,1,1,3
200700059976,0007-10-11 18:15:00,7,10,11,18,15,800,17,,49.972,2.829,Plein jour,Hors agglomération,Hors intersection,Normale,Trois véhicules et plus - collisions multiples,,,,,,,,,,,1,1,1,1,5
200700059977,0007-10-13 16:00:00,7,10,13,16,0,800,601,,,,Plein jour,Hors agglomération,Autre intersection,Normale,Deux véhicules - arrière,,,,,,,,,,,1,1,9,1,2
200700059978,0007-10-13 20:30:00,7,10,13,20,30,800,536,,,,Nuit sans éclairage public,Hors agglomération,Hors intersection,Normale,Deux véhicules - côté,,,,,,,,,,,3,1,1,1,3
200700059979,0007-10-17 08:00:00,7,10,17,8,0,800,481,CD 337,49.828,2.766,Plein jour,En agglomération,Hors intersection,Normale,Deux véhicules - frontale,,,,,,,,,,,1,2,1,1,1
200700059980,0007-10-08 17:30:00,7,10,8,17,30,20,493,,,,Plein jour,Hors agglomération,Hors intersection,Normale,Deux véhicules - côté,,,,,,,,,,,1,1,1,1,3
200700059981,0007-10-26 03:00:00,7,10,26,3,0,20,238,,,,Nuit avec éclairage allumé,Hors agglomération,Hors intersection,Normale,Deux véhicules - côté,,,,,,,,,,,5,1,1,1,3
200700059982,0007-10-23 11:00:00,7,10,23,11,0,20,336,,,,Plein jour,Hors agglomération,Hors intersection,Normale,Autre collision,,,,,,,,,,,1,1,1,1,6
200700059983,0007-10-13 13:30:00,7,10,13,13,30,20,755,,,,Plein jour,Hors agglomération,Hors intersection,Normale,Deux véhicules - côté,,,,,,,,,,,1,1,1,1,3
200700059984,0007-10-26 06:30:00,7,10,26,6,30,20,217,,,,Nuit sans éclairage public,Hors agglomération,Hors intersection,Normale,Deux véhicules - côté,,,,,,,,,,,3,1,1,1,3
200700059985,0007-10-12 05:15:00,7,10,12,5,15,20,399,,49.426,3.875,Nuit sans éclairage public,Hors agglomération,Hors intersection,Brouillard / fumée,Deux véhicules - frontale,,,,,,,,,,,3,1,1,5,1
200700059986,0007-10-28 18:30:00,7,10,28,18,30,20,218,,,,Nuit sans éclairage public,Hors agglomération,Hors intersection,Normale,Deux véhicules - frontale,,,,,,,,,,,3,1,1,1,1
200700059987,0007-10-28 02:00:00,7,10,28,2,0,20,114,PLACE DE LA MAIRIE,,,Nuit avec éclairage allumé,En agglomération,Hors intersection,Normale,Autre collision,,,,,,,,,,,5,2,1,1,6
200700059988,0007-10-28 08:45:00,7,10,28,8,45,20,554,,,,Plein jour,Hors agglomération,Hors intersection,Pluie légère,Sans collision,,,,,,,,,,,1,1,1,2,7
200700059989,0007-10-21 06:00:00,7,10,21,6,0,20,83,,49.144,3.487,Nuit sans éclairage public,Hors agglomération,Hors intersection,Normale,Autre collision,,,,,,,,,,,3,1,1,1,6
200700059990,0007-10-10 10:30:00,7,10,10,10,30,20,420,,,,Plein jour,Hors agglomération,Hors intersection,Temps couvert,Sans collision,,,,,,,,,,,1,1,1,8,7
200700059991,0007-10-23 10:55:00,7,10,23,10,55,20,303,Rue Pasteur,,,Plein jour,En agglomération,Hors intersection,Normale,Autre collision,,,,,,,,,,,1,2,1,1,6
200700059992,0007-10-29 11:40:00,7,10,29,11,40,20,694,,49.745,3.173,Plein jour,Hors agglomération,Autre intersection,Pluie forte,Autre collision,,,,,,,,,,,1,1,9,3,6
200700059993,0007-10-07 17:15:00,7,10,7,17,15,20,323,,49.923,3.359,Plein jour,Hors agglomération,Hors intersection,Normale,Trois véhicules et plus - collisions multiples,,,,,,,,,,,1,1,1,1,5
200700059994,0007-10-20 17:45:00,7,10,20,17,45,20,322,,49.88,3.425,Plein jour,Hors agglomération,Hors intersection,Normale,Deux véhicules - frontale,,,,,,,,,,,1,1,1,1,1
200700059995,0007-10-05 14:30:00,7,10,5,14,30,20,648,72 rue blondel,,,Plein jour,En agglomération,Hors intersection,Temps éblouissant,Autre collision,,,,,,,,,,,1,2,1,7,6
200700059996,0007-10-21 20:25:00,7,10,21,20,25,20,581,,,,Nuit sans éclairage public,Hors agglomération,Hors intersection,Normale,Autre collision,,,,,,,,,,,3,1,1,1,6
200700059997,0007-10-25 05:45:00,7,10,25,5,45,20,810,,,,Nuit sans éclairage public,Hors agglomération,Hors intersection,Normale,Deux véhicules - frontale,,,,,,,,,,,3,1,1,1,1
200700059998,0007-10-28 15:00:00,7,10,28,15,0,20,232,,49.233,2.979,Plein jour,Hors agglomération,Hors intersection,Normale,Trois véhicules et plus - collisions multiples,,,,,,,,,,,1,1,1,1,5
200700059999,0007-10-20 22:00:00,7,10,20,22,0,20,405,,49.883,4.029,Nuit sans éclairage public,Hors agglomération,Hors intersection,Normale,Sans collision,,,,,,,,,,,3,1,1,1,7
200700060000,0007-10-31 15:00:00,7,10,31,15,0,20,495,,49.961,4.042,Plein jour,Hors agglomération,Hors intersection,Normale,Deux véhicules - côté,,,,,,,,,,,1,1,1,1,3
200700060001,0007-10-15 08:00:00,7,10,15,8,0,600,339,,,,Plein jour,Hors agglomération,Hors intersection,Normale,Sans collision,,,,,,,,,,,1,1,1,1,7
200700060002,0007-10-28 17:00:00,7,10,28,17,0,600,628,,,,Nuit sans éclairage public,Hors agglomération,Hors intersection,Normale,Deux véhicules - frontale,,,,,,,,,,,3,1,1,1,1
200700060003,0007-10-03 09:45:00,7,10,3,9,45,600,30,,,,Plein jour,Hors agglomération,Hors intersection,Pluie légère,Deux véhicules - frontale,,,,,,,,,,,1,1,1,2,1
200700060004,0007-10-11 12:30:00,7,10,11,12,30,600,187,,,,Plein jour,Hors agglomération,Hors intersection,Normale,Deux véhicules - côté,,,,,,,,,,,1,1,1,1,3
200700060005,0007-10-16 23:00:00,7,10,16,23,0,600,29,,,,Nuit sans éclairage public,Hors agglomération,Hors intersection,Normale,Autre collision,,,,,,,,,,,3,1,1,1,6
200700060006,0007-10-22 09:30:00,7,10,22,9,30,600,29,,,,Plein jour,Hors agglomération,Hors intersection,Normale,Deux véhicules - frontale,,,,,,,,,,,1,1,1,1,1
200700060007,0007-10-23 08:30:00,7,10,23,8,30,600,30,,49.328,2.094,Plein jour,Hors agglomération,Hors intersection,Temps couvert,Autre collision,,,,,,,,,,,1,1,1,8,6
200700060008,0007-10-27 11:00:00,7,10,27,11,0,600,477,,,,Plein jour,Hors agglomération,Intersection en T,Normale,Deux véhicules - côté,,,,,,,,,,,1,1,3,1,3
200700060009,0007-10-27 17:15:00,7,10,27,17,15,600,187,01 rue du Calimont,,,Plein jour,En agglomération,Hors intersection,Normale,Deux véhicules - côté,,,,,,,,,,,1,2,1,1,3
200700060010,0007-10-04 22:00:00,7,10,4,22,0,600,143,RUE SADI CARNOT,,,Nuit avec éclairage allumé,En agglomération,Hors intersection,Normale,Deux véhicules - frontale,,,,,,,,,,,5,2,1,1,1
200700060011,0007-10-08 21:30:00,7,10,8,21,30,600,89,,,,Nuit sans éclairage public,Hors agglomération,Hors intersection,Normale,Sans collision,,,,,,,,,,,3,1,1,1,7
200700060012,0007-10-08 18:15:00,7,10,8,18,15,600,95,,,,Plein jour,Hors agglomération,Hors intersection,Normale,Deux véhicules - frontale,,,,,,,,,,,1,1,1,1,1
200700060013,0007-10-18 18:00:00,7,10,18,18,0,600,140,,,,Plein jour,Hors agglomération,Hors intersection,Normale,Deux véhicules - arrière,,,,,,,,,,,1,1,1,1,2
200700060014,0007-10-26 15:15:00,7,10,26,15,15,600,321,RUE DES TEMPLIERS - PK21,,,Plein jour,En agglomération,Hors intersection,Normale,Autre collision,,,,,,,,,,,1,2,1,1,6
200700060015,0007-10-31 16:15:00,7,10,31,16,15,600,570,,,,Plein jour,Hors agglomération,Hors intersection,Normale,Deux véhicules - côté,,,,,,,,,,,1,1,1,1,3
200700060016,0007-10-31 18:30:00,7,10,31,18,30,600,570,Rue du Général de Gaulle,,,Plein jour,En agglomération,Hors intersection,Normale,Autre collision,,,,,,,,,,,1,2,1,1,6
200700060017,0007-10-18 15:30:00,7,10,18,15,30,600,233,rue marcel dassault,,,Plein jour,En agglomération,Hors intersection,Normale,Deux véhicules - frontale,,,,,,,,,,,1,2,1,1,1
200700060018,0007-10-18 08:30:00,7,10,18,8,30,600,286,Route de Cempuis,,,Plein jour,En agglomération,Hors intersection,Temps éblouissant,Deux véhicules - côté,,,,,,,,,,,1,2,1,7,3
200700060019,0007-10-03 16:00:00,7,10,3,16,0,600,88,rue pasteur,,,Plein jour,En agglomération,Hors intersection,Normale,Deux véhicules - côté,,,,,,,,,,,1,2,1,1,3
200700060020,0007-10-06 11:45:00,7,10,6,11,45,600,598,,49.338,2.115,Plein jour,Hors agglomération,Hors intersection,Normale,Deux véhicules - côté,,,,,,,,,,,1,1,1,1,3
200700060021,0007-10-31 15:15:00,7,10,31,15,15,600,106,RN31,,,Plein jour,En agglomération,Hors intersection,Normale,Deux véhicules - frontale,,,,,,,,,,,1,2,1,1,1
200700060022,0007-10-12 16:15:00,7,10,12,16,15,600,372,,,,Plein jour,Hors agglomération,Hors intersection,Temps couvert,Deux véhicules - arrière,,,,,,,,,,,1,1,1,8,2
200700060023,0007-10-01 20:00:00,7,10,1,20,0,600,40,,,,Nuit sans éclairage public,Hors agglomération,Intersection en T,Brouillard / fumée,Deux véhicules - côté,,,,,,,,,,,3,1,3,5,3
200700060024,0007-10-03 20:30:00,7,10,3,20,30,600,116,Carrefour CD137 et CD12.,,,Nuit sans éclairage public,En agglomération,Intersection en T,Normale,Deux véhicules - côté,,,,,,,,,,,3,2,3,1,3
200700060025,0007-10-06 14:00:00,7,10,6,14,0,600,16,,49.366,2.365,Plein jour,Hors agglomération,Hors intersection,Normale,Deux véhicules - frontale,,,,,,,,,,,1,1,1,1,1
200700060026,0007-10-30 12:00:00,7,10,30,12,0,600,439,Intersection CD137 CD12,,,Plein jour,En agglomération,Intersection en X,Normale,Deux véhicules - côté,,,,,,,,,,,1,2,2,1,3
200700060027,0007-10-30 17:15:00,7,10,30,17,15,600,574,,,,Plein jour,Hors agglomération,Hors intersection,Normale,Deux véhicules - frontale,,,,,,,,,,,1,1,1,1,1
200700060028,0007-10-29 20:45:00,7,10,29,20,45,600,581,,49.532,2.401,Nuit sans éclairage public,Hors agglomération,Hors intersection,Pluie légère,Autre collision,,,,,,,,,,,3,1,1,2,6
200700060029,0007-10-07 15:45:00,7,10,7,15,45,600,25,rue dela fontaine aubier,,,Plein jour,En agglomération,Hors intersection,Normale,Deux véhicules - frontale,,,,,,,,,,,1,2,1,1,1