accident_id,datetime,annee,mois,jour,heure,minute,departement,commune_insee,adresse,latitude,longitude,luminosite,agglomeration,intersection,meteo,collision,nb_vehicules,nb_usagers,nb_indemnes,nb_tues,nb_blesses_hosp,nb_blesses_legers,age_cond_1,age_cond_2,veh_type_cond_1,veh_type_cond_2,lum_code,agg_code,int_code,atm_code,col_code
200700060166,0007-10-19 08:30:00,7,10,19,8,30,560,244,,47.888,-2.564,Nuit sans éclairage public,Hors agglomération,Hors intersection,Autre,Autre collision,,,,,,,,,,,3,1,1,9,6
200700060167,0007-10-05 19:00:00,7,10,5,19,0,560,160,,,,Plein jour,Hors agglomération,Hors intersection,Normale,Deux véhicules - frontale,,,,,,,,,,,1,1,1,1,1
200700060168,0007-10-04 18:45:00,7,10,4,18,45,560,41,,48.141,-3.069,Plein jour,Hors agglomération,Hors intersection,Normale,Deux véhicules - côté,,,,,,,,,,,1,1,1,1,3
200700060169,0007-10-12 16:45:00,7,10,12,16,45,560,140,Rue de la Madeline,,,Plein jour,En agglomération,Hors intersection,Normale,Deux véhicules - côté,,,,,,,,,,,1,2,1,1,3
200700060170,0007-10-20 15:30:00,7,10,20,15,30,560,74,,47.927,-2.991,Plein jour,Hors agglomération,Hors intersection,Normale,Deux véhicules - frontale,,,,,,,,,,,1,1,1,1,1
200700060171,0007-10-06 17:45:00,7,10,6,17,45,140,257,,49.098,-0.497,Plein jour,Hors agglomération,Hors intersection,Normale,Deux véhicules - frontale,,,,,,,,,,,1,1,1,1,1
200700060172,0007-10-10 16:00:00,7,10,10,16,0,140,455,,49.002,-0.362,Plein jour,Hors agglomération,Hors intersection,Normale,Sans collision,,,,,,,,,,,1,1,1,1,7
200700060173,0007-10-27 16:30:00,7,10,27,16,30,140,310,,,,Plein jour,Hors agglomération,Intersection en T,Normale,Deux véhicules - frontale,,,,,,,,,,,1,1,3,1,1
200700060174,0007-10-30 16:15:00,7,10,30,16,15,140,20,route de TROARN,49.133,-0.163,Plein jour,En agglomération,Intersection en T,Normale,Deux véhicules - côté,,,,,,,,,,,1,2,3,1,3
200700060175,0007-10-05 11:15:00,7,10,5,11,15,140,365,rue CARNOT - CD 514,49.301,-0.305,Plein jour,En agglomération,Hors intersection,Normale,Autre collision,,,,,,,,,,,1,2,1,1,6
200700060176,0007-10-12 18:45:00,7,10,12,18,45,140,76,RUE JACQUES DUCLOS,49.234,-0.298,Crépuscule ou aube,En agglomération,Hors intersection,Normale,Deux véhicules - frontale,,,,,,,,,,,2,2,1,1,1
200700060177,0007-10-12 19:45:00,7,10,12,19,45,140,712,"23, rue du bois",49.187,-0.187,Crépuscule ou aube,En agglomération,Hors intersection,Normale,Trois véhicules et plus - collisions multiples,,,,,,,,,,,2,2,1,1,5
200700060178,0007-10-14 15:00:00,7,10,14,15,0,140,370,,,,Plein jour,Hors agglomération,Hors intersection,Normale,Deux véhicules - côté,,,,,,,,,,,1,1,1,1,3
200700060179,0007-10-16 16:30:00,7,10,16,16,30,140,82,,49.133,0.108,Plein jour,Hors agglomération,Hors intersection,Normale,Deux véhicules - frontale,,,,,,,,,,,1,1,1,1,1
200700060180,0007-10-31 14:15:00,7,10,31,14,15,140,82,,49.139,0.138,Plein jour,Hors agglomération,Hors intersection,Normale,Sans collision,,,,,,,,,,,1,1,1,1,7
200700060181,0007-10-15 15:00:00,7,10,15,15,0,140,595,,49.096,0.229,Plein jour,Hors agglomération,Hors intersection,Normale,Deux véhicules - frontale,,,,,,,,,,,1,1,1,1,1
200700060182,0007-10-09 20:00:00,7,10,9,20,0,140,32,,49.303,0.278,Nuit sans éclairage public,Hors agglomération,Hors intersection,Pluie légère,Deux véhicules - arrière,,,,,,,,,,,3,1,1,2,2
200700060183,0007-10-21 16:45:00,7,10,21,16,45,140,682,,49.303,0.208,Plein jour,Hors agglomération,Hors intersection,Normale,Deux véhicules - côté,,,,,,,,,,,1,1,1,1,3
200700060184,0007-10-30 18:30:00,7,10,30,18,30,140,706,,49.322,0.189,Nuit sans éclairage public,Hors agglomération,Hors intersection,Normale,Trois véhicules et plus - en chaîne,,,,,,,,,,,3,1,1,1,4
200700060185,0007-10-01 18:00:00,7,10,1,18,0,140,762,rue de la sorrière,48.841,-0.891,Plein jour,En agglomération,Hors intersection,Normale,Deux véhicules - côté,,,,,,,,,,,1,2,1,1,3
200700060186,0007-10-07 09:00:00,7,10,7,9,0,140,762,rue St Martin,48.849,-0.901,Plein jour,En agglomération,Hors intersection,Normale,Autre collision,,,,,,,,,,,1,2,1,1,6
200700060187,0007-10-24 17:00:00,7,10,24,17,0,500,601,45 rue danican,49.042,-0.973,Plein jour,En agglomération,Hors intersection,Normale,Deux véhicules - frontale,,,,,,,,,,,1,2,1,1,1
200700060188,0007-10-10 10:30:00,7,10,10,10,30,500,25,Avenue de la Division Le,,,Plein jour,En agglomération,Hors intersection,Normale,Autre collision,,,,,,,,,,,1,2,1,1,6
200700060189,0007-10-02 12:45:00,7,10,2,12,45,500,102,7 rue des genets,,,Plein jour,En agglomération,Hors intersection,Normale,Autre collision,,,,,,,,,,,1,2,1,1,6
200700060190,0007-10-21 10:15:00,7,10,21,10,15,500,541,,,,Plein jour,Hors agglomération,Hors intersection,Normale,Deux véhicules - frontale,,,,,,,,,,,1,1,1,1,1
200700060191,0007-10-30 13:45:00,7,10,30,13,45,500,154,Le bourg,48.552,-1.382,Plein jour,En agglomération,Intersection en T,Temps éblouissant,Deux véhicules - côté,,,,,,,,,,,1,2,3,7,3
200700060192,0007-10-12 20:30:00,7,10,12,20,30,500,460,,,,Nuit sans éclairage public,Hors agglomération,Hors intersection,Normale,Deux véhicules - arrière,,,,,,,,,,,3,1,1,1,2
200700060193,0007-10-21 02:30:00,7,10,21,2,30,500,230,,,,Nuit sans éclairage public,Hors agglomération,Hors intersection,Normale,Autre collision,,,,,,,,,,,3,1,1,1,6
200700060194,0007-10-03 13:00:00,7,10,3,13,0,500,222,,49.512,-1.747,Plein jour,Hors agglomération,Hors intersection,Normale,Deux véhicules - frontale,,,,,,,,,,,1,1,1,1,1
200700060195,0007-10-08 18:00:00,7,10,8,18,0,500,31,,,,Plein jour,Hors agglomération,Hors intersection,Normale,Trois véhicules et plus - collisions multiples,,,,,,,,,,,1,1,1,1,5
200700060196,0007-10-17 17:30:00,7,10,17,17,30,500,454,,49.561,-1.749,Plein jour,Hors agglomération,Hors intersection,Normale,Deux véhicules - frontale,,,,,,,,,,,1,1,1,1,1
200700060197,0007-10-19 18:15:00,7,10,19,18,15,500,31,,49.393,-1.754,Plein jour,Hors agglomération,Hors intersection,Normale,Deux véhicules - côté,,,,,,,,,,,1,1,1,1,3
200700060198,0007-10-05 18:00:00,7,10,5,18,0,500,610,,,,Plein jour,Hors agglomération,Hors intersection,Normale,Deux véhicules - côté,,,,,,,,,,,1,1,1,1,3
200700060199,0007-10-23 08:00:00,7,10,23,8,0,500,567,,49.576,-1.461,Plein jour,Hors agglomération,Hors intersection,Normale,Deux véhicules - côté,,,,,,,,,,,1,1,1,1,3
200700060200,0007-10-05 13:45:00,7,10,5,13,45,500,93,,49.092,-1.267,Plein jour,Hors agglomération,Hors intersection,Normale,Deux véhicules - côté,,,,,,,,,,,1,1,1,1,3
200700060201,0007-10-13 11:15:00,7,10,13,11,15,500,58,Route de la louverie,49.071,-1.583,Plein jour,En agglomération,Intersection en X,Normale,Deux véhicules - côté,,,,,,,,,,,1,2,2,1,3
200700060202,0007-10-27 22:15:00,7,10,27,22,15,500,58,,,,Nuit sans éclairage public,Hors agglomération,Hors intersection,Normale,Autre collision,,,,,,,,,,,3,1,1,1,6
200700060203,0007-10-01 18:30:00,7,10,1,18,30,500,266,,,,Plein jour,Hors agglomération,Hors intersection,Normale,Autre collision,,,,,,,,,,,1,1,1,1,6
200700060204,0007-10-02 19:00:00,7,10,2,19,0,500,419,,48.98,-1.468,Crépuscule ou aube,Hors agglomération,Autre intersection,Normale,Deux véhicules - arrière,,,,,,,,,,,2,1,9,1,2
200700060205,0007-10-01 10:30:00,7,10,1,10,30,500,322,,48.597,-1.164,Plein jour,Hors agglomération,Hors intersection,Temps couvert,Deux véhicules - frontale,,,,,,,,,,,1,1,1,8,1
200700060206,0007-10-24 12:00:00,7,10,24,12,0,610,234,,48.452,0.042,Plein jour,Hors agglomération,Intersection en X,Normale,Deux véhicules - côté,,,,,,,,,,,1,1,2,1,3
200700060207,0007-10-12 23:30:00,7,10,12,23,30,610,464,Rue de fleurs 61500 SEES,,,Nuit sans éclairage public,En agglomération,Hors intersection,Normale,Sans collision,,,,,,,,,,,3,2,1,1,7
200700060208,0007-10-20 07:45:00,7,10,20,7,45,610,485,,48.915,0.246,Plein jour,Hors agglomération,Hors intersection,Normale,Sans collision,,,,,,,,,,,1,1,1,1,7
200700060209,0007-10-07 22:30:00,7,10,7,22,30,610,145,la raterie,,,Nuit avec éclairage allumé,En agglomération,Hors intersection,Normale,Sans collision,,,,,,,,,,,5,2,1,1,7
200700060210,0007-10-14 09:15:00,7,10,14,9,15,610,145,,,,Nuit sans éclairage public,Hors agglomération,Hors intersection,Normale,Autre collision,,,,,,,,,,,3,1,1,1,6
200700060211,0007-10-23 09:15:00,7,10,23,9,15,610,487,,,,Plein jour,Hors agglomération,Hors intersection,Normale,Autre collision,,,,,,,,,,,1,1,1,1,6
200700060212,0007-10-25 19:45:00,7,10,25,19,45,610,200,Le Bourg,,,Nuit avec éclairage allumé,En agglomération,Hors intersection,Normale,Deux véhicules - côté,,,,,,,,,,,5,2,1,1,3
200700060213,0007-10-23 21:15:00,7,10,23,21,15,610,7,,,,Nuit sans éclairage public,Hors agglomération,Hors intersection,Normale,Deux véhicules - frontale,,,,,,,,,,,3,1,1,1,1
200700060214,0007-10-29 20:00:00,7,10,29,20,0,610,44,,48.861,-0.486,Nuit sans éclairage public,Hors agglomération,Hors intersection,Pluie légère,Autre collision,,,,,,,,,,,3,1,1,2,6
200700060215,0007-10-06 17:45:00,7,10,6,17,45,610,5,,,,Plein jour,Hors agglomération,Hors intersection,Normale,Deux véhicules - frontale,,,,,,,,,,,1,1,1,1,1
200700060216,0007-10-07 16:30:00,7,10,7,16,30,610,471,,48.381,0.594,Nuit sans éclairage public,Hors agglomération,Hors intersection,Normale,Autre collision,,,,,,,,,,,3,1,1,1,6
200700060217,0007-10-06 14:45:00,7,10,6,14,45,610,8,ROUTE DE PARIS,48.744,0.547,Nuit sans éclairage public,En agglomération,Hors intersection,Normale,Autre collision,,,,,,,,,,,3,2,1,1,6
200700060218,0007-10-14 01:45:00,7,10,14,1,45,610,230,Rue du Port Mahon,,,Nuit sans éclairage public,En agglomération,Hors intersection,Normale,Sans collision,,,,,,,,,,,3,2,1,1,7
200700060219,0007-10-16 20:15:00,7,10,16,20,15,440,26,,,,Nuit avec éclairage allumé,Hors agglomération,Hors intersection,Normale,Deux véhicules - côté,,,,,,,,,,,5,1,1,1,3
200700060220,0007-10-22 07:30:00,7,10,22,7,30,440,26,,,,Nuit sans éclairage public,Hors agglomération,Hors intersection,Normale,Autre collision,,,,,,,,,,,3,1,1,1,6
200700060221,0007-10-16 20:00:00,7,10,16,20,0,440,155,,47.03,-1.57,Nuit sans éclairage public,Hors agglomération,Hors intersection,Brouillard / fumée,Deux véhicules - frontale,,,,,,,,,,,3,1,1,5,1
200700060222,0007-10-18 18:15:00,7,10,18,18,15,440,215,voie de l'hameçon,,,Plein jour,En agglomération,Giratoire,Normale,Autre collision,,,,,,,,,,,1,2,6,1,6
200700060223,0007-10-21 10:15:00,7,10,21,10,15,440,215,route de la fontenelle,,,Plein jour,En agglomération,Hors intersection,Normale,Autre collision,,,,,,,,,,,1,2,1,1,6
200700060224,0007-10-01 19:15:00,7,10,1,19,15,440,3,RUE RENE URIEN,,,Plein jour,En agglomération,Hors intersection,Normale,Autre collision,,,,,,,,,,,1,2,1,1,6
200700060225,0007-10-04 10:00:00,7,10,4,10,0,440,3,,,,Nuit avec éclairage allumé,En agglomération,Hors intersection,Normale,Autre collision,,,,,,,,,,,5,2,1,1,6
200700060226,0007-10-05 20:00:00,7,10,5,20,0,440,213,,,,Nuit sans éclairage public,Hors agglomération,Hors intersection,Normale,Trois véhicules et plus - collisions multiples,,,,,,,,,,,3,1,1,1,5
200700060227,0007-10-10 11:30:00,7,10,10,11,30,440,160,,,,Plein jour,Hors agglomération,Hors intersection,Pluie légère,Deux véhicules - frontale,,,,,,,,,,,1,1,1,2,1
200700060228,0007-10-28 21:30:00,7,10,28,21,30,440,60,,47.414,-0.935,Nuit sans éclairage public,Hors agglomération,Intersection en T,Normale,Deux véhicules - côté,,,,,,,,,,,3,1,3,1,3
200700060229,0007-10-30 18:30:00,7,10,30,18,30,440,199,,,,Crépuscule ou aube,Hors agglomération,Hors intersection,Normale,Deux véhicules - frontale,,,,,,,,,,,2,1,1,1,1
200700060230,0007-10-05 22:00:00,7,10,5,22,0,440,15,INTER RUE FORET 11 NOVEM,47.481,-1.765,Nuit avec éclairage allumé,En agglomération,Intersection en X,Normale,Deux véhicules - côté,,,,,,,,,,,5,2,2,1,3
200700060231,0007-10-14 17:15:00,7,10,14,17,15,440,23,,47.424,-1.87,Plein jour,Hors agglomération,Hors intersection,Normale,Deux véhicules - frontale,,,,,,,,,,,1,1,1,1,1
200700060232,0007-10-20 05:00:00,7,10,20,5,0,440,128,,47.565,-1.965,Nuit sans éclairage public,Hors agglomération,Hors intersection,Normale,Trois véhicules et plus - collisions multiples,,,,,,,,,,,3,1,1,1,5
200700060233,0007-10-23 17:45:00,7,10,23,17,45,440,15,,47.482,-1.716,Plein jour,Hors agglomération,Hors intersection,Normale,Deux véhicules - côté,,,,,,,,,,,1,1,1,1,3
200700060234,0007-10-28 19:30:00,7,10,28,19,30,440,7,,47.644,-2.013,Nuit sans éclairage public,Hors agglomération,Hors intersection,Normale,Trois véhicules et plus - collisions multiples,,,,,,,,,,,3,1,1,1,5
200700060235,0007-10-19 12:30:00,7,10,19,12,30,440,205,,,,Plein jour,En agglomération,Hors intersection,Normale,Deux véhicules - frontale,,,,,,,,,,,1,2,1,1,1
200700060236,0007-10-24 16:45:00,7,10,24,16,45,440,122,Rue de Nantes,47.4,-1.454,Plein jour,En agglomération,Hors intersection,Normale,Autre collision,,,,,,,,,,,1,2,1,1,6
200700060237,0007-10-29 19:15:00,7,10,29,19,15,440,113,,47.548,-1.574,Nuit sans éclairage public,Hors agglomération,Hors intersection,Normale,Sans collision,,,,,,,,,,,3,1,1,1,7
200700060238,0007-10-21 05:45:00,7,10,21,5,45,440,106,,47.069,-1.984,Nuit sans éclairage public,Hors agglomération,Hors intersection,Normale,Deux véhicules - frontale,,,,,,,,,,,3,1,1,1,1
200700060239,0007-10-31 18:30:00,7,10,31,18,30,440,187,,47.205,-2.038,Nuit avec éclairage allumé,Hors agglomération,Hors intersection,Normale,Deux véhicules - côté,,,,,,,,,,,5,1,1,1,3
200700060240,0007-10-07 12:45:00,7,10,7,12,45,440,74,Quai Brunais,,,Plein jour,En agglomération,Hors intersection,Normale,Deux véhicules - côté,,,,,,,,,,,1,2,1,1,3
200700060241,0007-10-21 16:45:00,7,10,21,16,45,440,69,44 route de Bissin,,,Plein jour,En agglomération,Hors intersection,Normale,Sans collision,,,,,,,,,,,1,2,1,1,7
200700060242,0007-10-05 14:15:00,7,10,5,14,15,440,103,,,,Plein jour,Hors agglomération,Hors intersection,Temps éblouissant,Deux véhicules - côté,,,,,,,,,,,1,1,1,7,3
200700060243,0007-10-20 15:15:00,7,10,20,15,15,440,161,,,,Plein jour,Hors agglomération,Hors intersection,Normale,Deux véhicules - frontale,,,,,,,,,,,1,1,1,1,1
200700060244,0007-10-19 10:30:00,7,10,19,10,30,440,158,boulevard villeneuve,47.266,-1.78,Plein jour,En agglomération,Hors intersection,Temps éblouissant,Autre collision,,,,,,,,,,,1,2,1,7,6
200700060245,0007-10-05 21:15:00,7,10,5,21,15,490,138,,47.459,-0.163,Nuit sans éclairage public,Hors agglomération,Hors intersection,Normale,Sans collision,,,,,,,,,,,3,1,1,1,7
200700060246,0007-10-02 19:15:00,7,10,2,19,15,490,86,,47.308,-0.442,Plein jour,Hors agglomération,Hors intersection,Normale,Deux véhicules - côté,,,,,,,,,,,1,1,1,1,3
200700060247,0007-10-03 17:15:00,7,10,3,17,15,490,222,,47.374,-0.56,Plein jour,Hors agglomération,Hors intersection,Normale,Deux véhicules - frontale,,,,,,,,,,,1,1,1,1,1
200700060248,0007-10-06 21:15:00,7,10,6,21,15,490,223,parking HYPER U,47.403,-0.55,Nuit avec éclairage allumé,En agglomération,Hors intersection,Normale,Sans collision,,,,,,,,,,,5,2,1,1,7
200700060249,0007-10-27 15:30:00,7,10,27,15,30,490,134,,47.31,-0.54,Plein jour,Hors agglomération,Hors intersection,Normale,Sans collision,,,,,,,,,,,1,1,1,1,7
200700060250,0007-10-20 09:15:00,7,10,20,9,15,490,323,le bon puits,,,Plein jour,En agglomération,Hors intersection,Normale,Deux véhicules - arrière,,,,,,,,,,,1,2,1,1,2
200700060251,0007-10-04 17:30:00,7,10,4,17,30,490,289,,47.459,-0.668,Plein jour,Hors agglomération,Hors intersection,Normale,Deux véhicules - côté,,,,,,,,,,,1,1,1,1,3
200700060252,0007-10-15 17:15:00,7,10,15,17,15,490,289,,47.458,-0.668,Plein jour,Hors agglomération,Hors intersection,Normale,Deux véhicules - côté,,,,,,,,,,,1,1,1,1,3
200700060253,0007-10-01 13:45:00,7,10,1,13,45,490,119,,,,Plein jour,Hors agglomération,Hors intersection,Normale,Autre collision,,,,,,,,,,,1,1,1,1,6
200700060254,0007-10-03 17:15:00,7,10,3,17,15,490,127,,,,Plein jour,Hors agglomération,Hors intersection,Normale,Deux véhicules - côté,,,,,,,,,,,1,1,1,1,3
200700060255,0007-10-26 15:00:00,7,10,26,15,0,490,163,,,,Plein jour,Hors agglomération,Hors intersection,Normale,Deux véhicules - côté,,,,,,,,,,,1,1,1,1,3
200700060256,0007-10-27 09:30:00,7,10,27,9,30,490,110,,47.565,-0.388,Plein jour,Hors agglomération,Hors intersection,Normale,Sans collision,,,,,,,,,,,1,1,1,1,7
200700060257,0007-10-02 08:45:00,7,10,2,8,45,490,231,RUE DE LA LIBERATION,47.1,-0.793,Plein jour,En agglomération,Intersection en T,Normale,Deux véhicules - frontale,,,,,,,,,,,1,2,3,1,1
200700060258,0007-10-30 18:45:00,7,10,30,18,45,490,332,,,,Nuit avec éclairage allumé,Hors agglomération,Hors intersection,Normale,Deux véhicules - côté,,,,,,,,,,,5,1,1,1,3
200700060259,0007-10-09 20:30:00,7,10,9,20,30,490,24,rue des landes,47.322,-0.929,Nuit avec éclairage allumé,En agglomération,Hors intersection,Pluie légère,Deux véhicules - frontale,,,,,,,,,,,5,2,1,2,1
200700060260,0007-10-19 19:00:00,7,10,19,19,0,490,380,,,,Nuit sans éclairage public,Hors agglomération,Hors intersection,Normale,Deux véhicules - côté,,,,,,,,,,,3,1,1,1,3
200700060261,0007-10-14 10:30:00,7,10,14,10,30,490,191,,,,Plein jour,Hors agglomération,Hors intersection,Brouillard / fumée,Deux véhicules - côté,,,,,,,,,,,1,1,1,5,3
200700060262,0007-10-14 16:45:00,7,10,14,16,45,490,211,,,,Plein jour,Hors agglomération,Hors intersection,Normale,Sans collision,,,,,,,,,,,1,1,1,1,7
200700060263,0007-10-12 10:15:00,7,10,12,10,15,490,277,PARKING MAGASIN LECLERC,,,Plein jour,En agglomération,Hors intersection,Normale,Autre collision,,,,,,,,,,,1,2,1,1,6
200700060264,0007-10-15 07:45:00,7,10,15,7,45,490,331,Giratoire renaissance,,,Crépuscule ou aube,En agglomération,Giratoire,Normale,Deux véhicules - côté,,,,,,,,,,,2,2,6,1,3
200700060265,0007-10-15 15:00:00,7,10,15,15,0,490,54,,,,Plein jour,Hors agglomération,Hors intersection,Normale,Autre collision,,,,,,,,,,,1,1,1,1,6
200700060266,0007-10-20 21:00:00,7,10,20,21,0,490,77,,,,Nuit sans éclairage public,Hors agglomération,Hors intersection,Normale,Autre collision,,,,,,,,,,,3,1,1,1,6
200700060267,0007-10-21 17:00:00,7,10,21,17,0,490,103,"2, rue Baraize",47.718,-0.996,Plein jour,En agglomération,Hors intersection,Temps éblouissant,Deux véhicules - frontale,,,,,,,,,,,1,2,1,7,1
200700060268,0007-10-23 08:45:00,7,10,23,8,45,490,233,,,,Plein jour,Hors agglomération,Hors intersection,Normale,Autre collision,,,,,,,,,,,1,1,1,1,6
200700060269,0007-10-25 00:15:00,7,10,25,0,15,490,305,ROUTE DE CHAMBELLAY,,,Nuit avec éclairage non allumé,En agglomération,Hors intersection,Normale,Sans collision,,,,,,,,,,,4,2,1,1,7
200700060270,0007-10-02 12:00:00,7,10,2,12,0,490,347,rue d'Anjou,,,Plein jour,En agglomération,Hors intersection,Normale,Autre collision,,,,,,,,,,,1,2,1,1,6
200700060271,0007-10-25 18:00:00,7,10,25,18,0,490,80,,,,Crépuscule ou aube,Hors agglomération,Hors intersection,Normale,Deux véhicules - arrière,,,,,,,,,,,2,1,1,1,2
200700060272,0007-10-26 11:45:00,7,10,26,11,45,490,335,,47.744,-0.622,Plein jour,Hors agglomération,Hors intersection,Normale,Deux véhicules - côté,,,,,,,,,,,1,1,1,1,3
200700060273,0007-10-15 14:00:00,7,10,15,14,0,530,150,,,,Plein jour,Hors agglomération,Hors intersection,Normale,Deux véhicules - côté,,,,,,,,,,,1,1,1,1,3
200700060274,0007-10-12 14:45:00,7,10,12,14,45,530,12,,47.877,-0.941,Plein jour,Hors agglomération,Hors intersection,Normale,Deux véhicules - frontale,,,,,,,,,,,1,1,1,1,1
200700060275,0007-10-09 09:30:00,7,10,9,9,30,530,113,,48.27,-0.39,Plein jour,Hors agglomération,Hors intersection,Normale,Autre collision,,,,,,,,,,,1,1,1,1,6
200700060276,0007-10-19 10:45:00,7,10,19,10,45,530,147,Boulevard de l'Europe,,,Plein jour,En agglomération,Hors intersection,Normale,Autre collision,,,,,,,,,,,1,2,1,1,6
200700060277,0007-10-03 19:15:00,7,10,3,19,15,530,51,,48.354,-0.504,Crépuscule ou aube,Hors agglomération,Hors intersection,Normale,Sans collision,,,,,,,,,,,2,1,1,1,7
200700060278,0007-10-08 21:15:00,7,10,8,21,15,530,55,,48.416,-0.585,Nuit sans éclairage public,Hors agglomération,Hors intersection,Normale,Autre collision,,,,,,,,,,,3,1,1,1,6
200700060279,0007-10-18 15:45:00,7,10,18,15,45,530,80,,48.497,-0.278,Plein jour,Hors agglomération,Hors intersection,Normale,Deux véhicules - frontale,,,,,,,,,,,1,1,1,1,1
200700060280,0007-10-01 17:45:00,7,10,1,17,45,720,8,,,,Plein jour,Hors agglomération,Hors intersection,Normale,Trois véhicules et plus - collisions multiples,,,,,,,,,,,1,1,1,1,5
200700060281,0007-10-02 14:15:00,7,10,2,14,15,720,8,,,,Plein jour,Hors agglomération,Hors intersection,Pluie légère,Sans collision,,,,,,,,,,,1,1,1,2,7
200700060282,0007-10-31 23:45:00,7,10,31,23,45,720,287,,47.882,0.194,Nuit sans éclairage public,Hors agglomération,Hors intersection,Normale,Deux véhicules - frontale,,,,,,,,,,,3,1,1,1,1
200700060283,0007-10-28 12:00:00,7,10,28,12,0,720,87,,47.943,0.751,Plein jour,Hors agglomération,Hors intersection,Normale,Deux véhicules - frontale,,,,,,,,,,,1,1,1,1,1
200700060284,0007-10-07 21:30:00,7,10,7,21,30,720,386,,,,Nuit sans éclairage public,Hors agglomération,Hors intersection,Normale,Sans collision,,,,,,,,,,,3,1,1,1,7
200700060285,0007-10-05 20:00:00,7,10,5,20,0,720,149,,48.04,-0.209,Nuit sans éclairage public,Hors agglomération,Hors intersection,Normale,Autre collision,,,,,,,,,,,3,1,1,1,6
200700060286,0007-10-09 19:15:00,7,10,9,19,15,720,253,,47.901,0.085,Crépuscule ou aube,Hors agglomération,Hors intersection,Pluie légère,Deux véhicules - frontale,,,,,,,,,,,2,1,1,2,1
200700060287,0007-10-10 18:30:00,7,10,10,18,30,720,113,,,,Plein jour,Hors agglomération,Hors intersection,Normale,Sans collision,,,,,,,,,,,1,1,1,1,7
200700060288,0007-10-09 19:45:00,7,10,9,19,45,720,154,,,,Nuit sans éclairage public,Hors agglomération,Hors intersection,Pluie légère,Deux véhicules - frontale,,,,,,,,,,,3,1,1,2,1
200700060289,0007-10-12 20:45:00,7,10,12,20,45,720,143,RUE SAINTE FACILE/CD304,47.872,0.473,Nuit avec éclairage allumé,En agglomération,Intersection en T,Normale,Deux véhicules - côté,,,,,,,,,,,5,2,3,1,3
200700060290,0007-10-27 21:00:00,7,10,27,21,0,720,191,,,,Nuit avec éclairage allumé,En agglomération,Hors intersection,Normale,Deux véhicules - côté,,,,,,,,,,,5,2,1,1,3
200700060291,0007-10-02 19:15:00,7,10,2,19,15,720,220,,48.255,0.536,Nuit sans éclairage public,Hors agglomération,Hors intersection,Brouillard / fumée,Sans collision,,,,,,,,,,,3,1,1,5,7
200700060292,0007-10-02 19:30:00,7,10,2,19,30,720,172,,48.079,0.584,Nuit sans éclairage public,Hors agglomération,Hors intersection,Pluie légère,Deux véhicules - frontale,,,,,,,,,,,3,1,1,2,1
200700060293,0007-10-13 13:45:00,7,10,13,13,45,720,246,,,,Plein jour,Hors agglomération,Hors intersection,Normale,Sans collision,,,,,,,,,,,1,1,1,1,7
200700060294,0007-10-27 11:00:00,7,10,27,11,0,720,132,Place Ledru Rollin,,,Plein jour,En agglomération,Place,Normale,Deux véhicules - côté,,,,,,,,,,,1,2,7,1,3
200700060295,0007-10-29 12:15:00,7,10,29,12,15,720,132,rue voltaire,48.19,0.643,Plein jour,En agglomération,Hors intersection,Pluie légère,Deux véhicules - frontale,,,,,,,,,,,1,2,1,2,1
200700060296,0007-10-03 12:45:00,7,10,3,12,45,720,318,,48.41,0.16,Plein jour,Hors agglomération,Hors intersection,Temps couvert,Autre collision,,,,,,,,,,,1,1,1,8,6
200700060297,0007-10-25 08:45:00,7,10,25,8,45,720,6,route du mans,,,Plein jour,En agglomération,Hors intersection,Normale,Autre collision,,,,,,,,,,,1,2,1,1,6
200700060298,0007-10-24 18:30:00,7,10,24,18,30,850,135,,,,Crépuscule ou aube,Hors agglomération,Intersection en X,Normale,Deux véhicules - côté,,,,,,,,,,,2,1,2,1,3
200700060299,0007-10-17 10:15:00,7,10,17,10,15,850,246,,,,Plein jour,Hors agglomération,Intersection en X,Temps éblouissant,Deux véhicules - frontale,,,,,,,,,,,1,1,2,7,1
200700060300,0007-10-22 13:00:00,7,10,22,13,0,850,109,,46.871,-1.089,Plein jour,Hors agglomération,Hors intersection,Normale,Deux véhicules - côté,,,,,,,,,,,1,1,1,1,3
200700060301,0007-10-10 17:30:00,7,10,10,17,30,850,178,,46.702,-1.518,Plein jour,Hors agglomération,Hors intersection,Normale,Deux véhicules - frontale,,,,,,,,,,,1,1,1,1,1
200700060302,0007-10-15 01:15:00,7,10,15,1,15,850,300,,,,Nuit sans éclairage public,Hors agglomération,Hors intersection,Brouillard / fumée,Sans collision,,,,,,,,,,,3,1,1,5,7