accident_id,datetime,annee,mois,jour,heure,minute,departement,commune_insee,adresse,latitude,longitude,luminosite,agglomeration,intersection,meteo,collision,nb_vehicules,nb_usagers,nb_indemnes,nb_tues,nb_blesses_hosp,nb_blesses_legers,age_cond_1,age_cond_2,veh_type_cond_1,veh_type_cond_2,lum_code,agg_code,int_code,atm_code,col_code
200700060441,0007-10-10 19:30:00,7,10,10,19,30,170,406,,,,Crépuscule ou aube,Hors agglomération,Hors intersection,Normale,Deux véhicules - côté,,,,,,,,,,,2,1,1,1,3
200700060442,0007-10-04 11:15:00,7,10,4,11,15,170,93,,,,Plein jour,Hors agglomération,Hors intersection,Normale,Deux véhicules - côté,,,,,,,,,,,1,1,1,1,3
200700060443,0007-10-02 14:30:00,7,10,2,14,30,170,452,,45.726,-1.225,Plein jour,Hors agglomération,Hors intersection,Normale,Deux véhicules - frontale,,,,,,,,,,,1,1,1,1,1
200700060444,0007-10-01 08:30:00,7,10,1,8,30,170,346,,45.896,-0.868,Plein jour,Hors agglomération,Hors intersection,Normale,Trois véhicules et plus - collisions multiples,,,,,,,,,,,1,1,1,1,5
200700060445,0007-10-13 21:00:00,7,10,13,21,0,170,272,,,,Nuit sans éclairage public,Hors agglomération,Hors intersection,Normale,Autre collision,,,,,,,,,,,3,1,1,1,6
200700060446,0007-10-28 08:30:00,7,10,28,8,30,170,107,,,,Plein jour,Hors agglomération,Hors intersection,Normale,Autre collision,,,,,,,,,,,1,1,1,1,6
200700060447,0007-10-16 12:00:00,7,10,16,12,0,170,289,,45.69,-0.607,Nuit sans éclairage public,Hors agglomération,Intersection en X,Normale,Deux véhicules - côté,,,,,,,,,,,3,1,2,1,3
200700060448,0007-10-05 08:15:00,7,10,5,8,15,170,220,,45.526,-0.469,Plein jour,Hors agglomération,Hors intersection,Normale,Autre collision,,,,,,,,,,,1,1,1,1,6
200700060449,0007-10-20 05:30:00,7,10,20,5,30,170,27,,45.553,-0.499,Nuit sans éclairage public,Hors agglomération,Hors intersection,Normale,Autre collision,,,,,,,,,,,3,1,1,1,6
200700060450,0007-10-29 18:30:00,7,10,29,18,30,170,448,Grande rue,,,Nuit avec éclairage allumé,En agglomération,Hors intersection,Normale,Deux véhicules - côté,,,,,,,,,,,5,2,1,1,3
200700060451,0007-10-26 21:30:00,7,10,26,21,30,170,70,,,,Nuit sans éclairage public,Hors agglomération,Hors intersection,Normale,Autre collision,,,,,,,,,,,3,1,1,1,6
200700060452,0007-10-14 19:45:00,7,10,14,19,45,790,66,place du chanp de foire,46.489,-0.404,Nuit avec éclairage allumé,En agglomération,Hors intersection,Normale,Autre collision,,,,,,,,,,,5,2,1,1,6
200700060453,0007-10-25 09:00:00,7,10,25,9,0,790,3,,46.26,-0.407,Plein jour,Hors agglomération,Intersection en X,Normale,Deux véhicules - côté,,,,,,,,,,,1,1,2,1,3
200700060454,0007-10-03 15:00:00,7,10,3,15,0,790,23,,46.383,-0.017,Plein jour,Hors agglomération,Hors intersection,Normale,Deux véhicules - frontale,,,,,,,,,,,1,1,1,1,1
200700060455,0007-10-27 19:45:00,7,10,27,19,45,790,115,,,,Nuit sans éclairage public,Hors agglomération,Hors intersection,Normale,Deux véhicules - côté,,,,,,,,,,,3,1,1,1,3
200700060456,0007-10-31 17:15:00,7,10,31,17,15,790,270,Av De Lattre De Tassigny,46.416,-0.211,Plein jour,En agglomération,Hors intersection,Temps éblouissant,Autre collision,,,,,,,,,,,1,2,1,7,6
200700060457,0007-10-29 16:45:00,7,10,29,16,45,790,201,,,,Plein jour,Hors agglomération,Hors intersection,Normale,Deux véhicules - côté,,,,,,,,,,,1,1,1,1,3
200700060458,0007-10-25 07:45:00,7,10,25,7,45,790,88,,,,Crépuscule ou aube,Hors agglomération,Hors intersection,Normale,Trois véhicules et plus - collisions multiples,,,,,,,,,,,2,1,1,1,5
200700060459,0007-10-26 23:00:00,7,10,26,23,0,790,324,,,,Nuit sans éclairage public,Hors agglomération,Hors intersection,Normale,Sans collision,,,,,,,,,,,3,1,1,1,7
200700060460,0007-10-08 14:30:00,7,10,8,14,30,790,103,,46.792,-0.612,Plein jour,Hors agglomération,Hors intersection,Normale,Deux véhicules - frontale,,,,,,,,,,,1,1,1,1,1
200700060461,0007-10-07 16:30:00,7,10,7,16,30,790,14,,47.083,-0.236,Plein jour,Hors agglomération,Hors intersection,Normale,Sans collision,,,,,,,,,,,1,1,1,1,7
200700060462,0007-10-24 20:30:00,7,10,24,20,30,790,292,,,,Nuit sans éclairage public,Hors agglomération,Hors intersection,Normale,Deux véhicules - frontale,,,,,,,,,,,3,1,1,1,1
200700060463,0007-10-06 15:30:00,7,10,6,15,30,790,310,,46.162,-0.305,Plein jour,Hors agglomération,Hors intersection,Normale,Deux véhicules - frontale,,,,,,,,,,,1,1,1,1,1
200700060464,0007-10-10 09:00:00,7,10,10,9,0,790,173,,,,Plein jour,Hors agglomération,Intersection en T,Normale,Deux véhicules - côté,,,,,,,,,,,1,1,3,1,3
200700060465,0007-10-08 17:30:00,7,10,8,17,30,790,175,,46.121,-0.009,Plein jour,Hors agglomération,Hors intersection,Normale,Deux véhicules - frontale,,,,,,,,,,,1,1,1,1,1
200700060466,0007-10-17 14:00:00,7,10,17,14,0,790,202,AVENUE ALBERT CAMUS,46.647,-0.248,Plein jour,En agglomération,Giratoire,Normale,Deux véhicules - côté,,,,,,,,,,,1,2,6,1,3
200700060467,0007-10-18 21:00:00,7,10,18,21,0,790,80,,46.664,-0.254,Nuit sans éclairage public,Hors agglomération,Hors intersection,Normale,Sans collision,,,,,,,,,,,3,1,1,1,7
200700060468,0007-10-27 15:45:00,7,10,27,15,45,790,325,,46.831,-0.214,Plein jour,Hors agglomération,Hors intersection,Normale,Deux véhicules - frontale,,,,,,,,,,,1,1,1,1,1
200700060469,0007-10-17 18:45:00,7,10,17,18,45,790,239,,46.647,-0.341,Plein jour,Hors agglomération,Hors intersection,Normale,Deux véhicules - frontale,,,,,,,,,,,1,1,1,1,1
200700060470,0007-10-21 14:45:00,7,10,21,14,45,790,147,,46.704,-0.552,Plein jour,Hors agglomération,Hors intersection,Normale,Deux véhicules - frontale,,,,,,,,,,,1,1,1,1,1
200700060471,0007-10-26 20:15:00,7,10,26,20,15,790,25,,46.614,-0.332,Nuit sans éclairage public,Hors agglomération,Hors intersection,Normale,Deux véhicules - frontale,,,,,,,,,,,3,1,1,1,1
200700060472,0007-10-14 00:15:00,7,10,14,0,15,870,117,"RUE DE LA TUILERIE,RD940",45.815,1.768,Nuit avec éclairage allumé,En agglomération,Hors intersection,Normale,Deux véhicules - côté,,,,,,,,,,,5,2,1,1,3
200700060473,0007-10-02 08:45:00,7,10,2,8,45,870,156,,45.852,1.384,Crépuscule ou aube,Hors agglomération,Hors intersection,Temps éblouissant,Deux véhicules - frontale,,,,,,,,,,,2,1,1,7,1
200700060474,0007-10-03 13:45:00,7,10,3,13,45,870,32,RUE DES SALARDINE,,,Plein jour,En agglomération,Hors intersection,Normale,Deux véhicules - frontale,,,,,,,,,,,1,2,1,1,1
200700060475,0007-10-13 17:15:00,7,10,13,17,15,870,71,,,,Plein jour,Hors agglomération,Hors intersection,Normale,Deux véhicules - côté,,,,,,,,,,,1,1,1,1,3
200700060476,0007-10-10 15:45:00,7,10,10,15,45,870,180,,46.199,1.297,Plein jour,Hors agglomération,Hors intersection,Temps couvert,Sans collision,,,,,,,,,,,1,1,1,8,7
200700060477,0007-10-03 08:15:00,7,10,3,8,15,190,255,,,,Plein jour,Hors agglomération,Intersection en X,Normale,Trois véhicules et plus - en chaîne,,,,,,,,,,,1,1,2,1,4
200700060478,0007-10-16 09:15:00,7,10,16,9,15,190,278,89 Avenue Edmond Michele,45.201,1.446,Plein jour,En agglomération,Hors intersection,Normale,Deux véhicules - frontale,,,,,,,,,,,1,2,1,1,1
200700060479,0007-10-28 18:15:00,7,10,28,18,15,190,278,Le Burg,45.222,1.431,Nuit avec éclairage non allumé,En agglomération,Hors intersection,Normale,Deux véhicules - frontale,,,,,,,,,,,4,2,1,1,1
200700060480,0007-10-14 04:30:00,7,10,14,4,30,190,121,,45.468,1.416,Nuit sans éclairage public,Hors agglomération,Hors intersection,Normale,Sans collision,,,,,,,,,,,3,1,1,1,7
200700060481,0007-10-31 18:15:00,7,10,31,18,15,230,68,,,,Nuit sans éclairage public,Hors agglomération,Hors intersection,Pluie légère,Autre collision,,,,,,,,,,,3,1,1,2,6
200700060482,0007-10-20 09:30:00,7,10,20,9,30,230,93,route de chenerailles,46.193,2.239,Plein jour,En agglomération,Hors intersection,Normale,Sans collision,,,,,,,,,,,1,2,1,1,7
200700060483,0007-10-21 17:15:00,7,10,21,17,15,230,229,,46.097,2.145,Plein jour,Hors agglomération,Hors intersection,Normale,Autre collision,,,,,,,,,,,1,1,1,1,6
200700060484,0007-10-28 12:15:00,7,10,28,12,15,310,44,6 chemin de la manne,,,Plein jour,En agglomération,Hors intersection,Normale,Deux véhicules - côté,,,,,,,,,,,1,2,1,1,3
200700060485,0007-10-01 21:15:00,7,10,1,21,15,310,148,carrefour RN20/D68E,,,Nuit avec éclairage allumé,En agglomération,Giratoire,Normale,Autre collision,,,,,,,,,,,5,2,6,1,6
200700060486,0007-10-09 18:15:00,7,10,9,18,15,310,113,Route de Labège,,,Plein jour,En agglomération,Hors intersection,Normale,Deux véhicules - arrière,,,,,,,,,,,1,2,1,1,2
200700060487,0007-10-03 16:45:00,7,10,3,16,45,310,202,,,,Plein jour,Hors agglomération,Hors intersection,Normale,Deux véhicules - frontale,,,,,,,,,,,1,1,1,1,1
200700060488,0007-10-09 14:30:00,7,10,9,14,30,310,587,,,,Plein jour,Hors agglomération,Intersection en T,Normale,Deux véhicules - côté,,,,,,,,,,,1,1,3,1,3
200700060489,0007-10-14 22:30:00,7,10,14,22,30,310,579,315 route de BESSIERES,,,Nuit sans éclairage public,En agglomération,Hors intersection,Normale,Autre collision,,,,,,,,,,,3,2,1,1,6
200700060490,0007-10-26 21:15:00,7,10,26,21,15,310,587,,,,Nuit avec éclairage allumé,Hors agglomération,Intersection en X,Normale,Deux véhicules - frontale,,,,,,,,,,,5,1,2,1,1
200700060491,0007-10-28 14:30:00,7,10,28,14,30,310,489,,,,Plein jour,Hors agglomération,Hors intersection,Normale,Sans collision,,,,,,,,,,,1,1,1,1,7
200700060492,0007-10-12 08:15:00,7,10,12,8,15,310,232,6Av du président Kennedy,,,Plein jour,En agglomération,Hors intersection,Normale,Deux véhicules - côté,,,,,,,,,,,1,2,1,1,3
200700060493,0007-10-27 18:15:00,7,10,27,18,15,310,341,,,,Plein jour,Hors agglomération,Hors intersection,Normale,Deux véhicules - côté,,,,,,,,,,,1,1,1,1,3
200700060494,0007-10-28 11:00:00,7,10,28,11,0,310,356,,,,Plein jour,Hors agglomération,Intersection en T,Normale,Deux véhicules - côté,,,,,,,,,,,1,1,3,1,3
200700060495,0007-10-08 08:00:00,7,10,8,8,0,310,424,Route de Coilomiers,43.594,1.284,Crépuscule ou aube,En agglomération,Hors intersection,Temps couvert,Deux véhicules - frontale,,,,,,,,,,,2,2,1,8,1
200700060496,0007-10-08 17:45:00,7,10,8,17,45,310,88,30 Chemin de la Chauge,43.619,1.248,Plein jour,En agglomération,Hors intersection,Pluie légère,Autre collision,,,,,,,,,,,1,2,1,2,6
200700060497,0007-10-18 08:30:00,7,10,18,8,30,310,424,,,,Plein jour,En agglomération,Hors intersection,Normale,Deux véhicules - frontale,,,,,,,,,,,1,2,1,1,1
200700060498,0007-10-25 08:00:00,7,10,25,8,0,310,526,D 82 - Rue de taure,43.587,1.279,Crépuscule ou aube,En agglomération,Intersection en Y,Temps couvert,Deux véhicules - côté,,,,,,,,,,,2,2,4,8,3
200700060499,0007-10-31 18:15:00,7,10,31,18,15,310,297,,43.649,1.219,Nuit sans éclairage public,Hors agglomération,Hors intersection,Normale,Autre collision,,,,,,,,,,,3,1,1,1,6
200700060500,0007-10-01 17:30:00,7,10,1,17,30,310,446,,,,Plein jour,Hors agglomération,Hors intersection,Normale,Trois véhicules et plus - collisions multiples,,,,,,,,,,,1,1,1,1,5
200700060501,0007-10-22 20:30:00,7,10,22,20,30,310,488,rn88,43.663,1.488,Nuit avec éclairage allumé,En agglomération,Hors intersection,Normale,Deux véhicules - frontale,,,,,,,,,,,5,2,1,1,1
200700060502,0007-10-22 08:00:00,7,10,22,8,0,310,395,60 Avenue des Pyrénées,43.455,1.322,Crépuscule ou aube,En agglomération,Autre intersection,Normale,Deux véhicules - frontale,,,,,,,,,,,2,2,9,1,1
200700060503,0007-10-29 18:30:00,7,10,29,18,30,310,165,avenue de la mairie,43.429,1.357,Nuit avec éclairage allumé,En agglomération,Hors intersection,Pluie légère,Deux véhicules - côté,,,,,,,,,,,5,2,1,2,3
200700060504,0007-10-30 00:30:00,7,10,30,0,30,310,52,,43.391,1.35,Nuit avec éclairage allumé,Hors agglomération,Hors intersection,Normale,Autre collision,,,,,,,,,,,5,1,1,1,6
200700060505,0007-10-11 07:30:00,7,10,11,7,30,310,111,,43.232,1.35,Crépuscule ou aube,Hors agglomération,Hors intersection,Pluie légère,Autre collision,,,,,,,,,,,2,1,1,2,6
200700060506,0007-10-20 05:15:00,7,10,20,5,15,310,324,,43.211,1.037,Nuit sans éclairage public,Hors agglomération,Hors intersection,Normale,Sans collision,,,,,,,,,,,3,1,1,1,7
200700060507,0007-10-01 02:30:00,7,10,1,2,30,310,188,,43.554,1.212,Nuit sans éclairage public,Hors agglomération,Hors intersection,Normale,Autre collision,,,,,,,,,,,3,1,1,1,6
200700060508,0007-10-01 18:00:00,7,10,1,18,0,310,454,,43.413,1.136,Plein jour,Hors agglomération,Hors intersection,Normale,Autre collision,,,,,,,,,,,1,1,1,1,6
200700060509,0007-10-16 09:00:00,7,10,16,9,0,310,188,Lieu dit BERDOULET N°155,,,Plein jour,En agglomération,Hors intersection,Normale,Sans collision,,,,,,,,,,,1,2,1,1,7
200700060510,0007-10-28 18:30:00,7,10,28,18,30,310,435,,43.448,1.181,Nuit sans éclairage public,Hors agglomération,Hors intersection,Normale,Trois véhicules et plus - collisions multiples,,,,,,,,,,,3,1,1,1,5
200700060511,0007-10-13 09:00:00,7,10,13,9,0,310,390,RN125 avenue de luchon,,,Plein jour,En agglomération,Place,Normale,Deux véhicules - frontale,,,,,,,,,,,1,2,7,1,1
200700060512,0007-10-25 12:15:00,7,10,25,12,15,310,143,,,,Plein jour,Hors agglomération,Hors intersection,Pluie légère,Deux véhicules - frontale,,,,,,,,,,,1,1,1,2,1
200700060513,0007-10-28 03:30:00,7,10,28,3,30,310,42,Avenue de Vénasque,,,Nuit avec éclairage allumé,En agglomération,Hors intersection,Normale,Sans collision,,,,,,,,,,,5,2,1,1,7
200700060514,0007-10-01 03:15:00,7,10,1,3,15,310,239,Route d'Espaon,,,Nuit sans éclairage public,En agglomération,Hors intersection,Normale,Autre collision,,,,,,,,,,,3,2,1,1,6
200700060515,0007-10-20 12:15:00,7,10,20,12,15,310,28,rue de la Fontaine Vieil,,,Plein jour,En agglomération,Hors intersection,Normale,Sans collision,,,,,,,,,,,1,2,1,1,7
200700060516,0007-10-15 18:00:00,7,10,15,18,0,310,451,route de Castelnaudary,43.46,1.999,Plein jour,En agglomération,Intersection en X,Normale,Deux véhicules - côté,,,,,,,,,,,1,2,2,1,3
200700060517,0007-10-17 14:45:00,7,10,17,14,45,310,451,Boulevard Carnot,,,Plein jour,En agglomération,Hors intersection,Normale,Deux véhicules - frontale,,,,,,,,,,,1,2,1,1,1
200700060518,0007-10-27 09:45:00,7,10,27,9,45,90,203,,,,Plein jour,Hors agglomération,Hors intersection,Temps éblouissant,Deux véhicules - arrière,,,,,,,,,,,1,1,1,7,2
200700060519,0007-10-05 07:45:00,7,10,5,7,45,90,160,rue du 08 mai 1945,42.934,1.853,Crépuscule ou aube,En agglomération,Hors intersection,Temps couvert,Deux véhicules - côté,,,,,,,,,,,2,2,1,8,3
200700060520,0007-10-19 15:15:00,7,10,19,15,15,90,177,,43.112,1.548,Plein jour,Hors agglomération,Intersection en Y,Normale,Deux véhicules - côté,,,,,,,,,,,1,1,4,1,3
200700060521,0007-10-31 19:15:00,7,10,31,19,15,90,194,,43.09,1.867,Nuit sans éclairage public,Hors agglomération,Hors intersection,Normale,Autre collision,,,,,,,,,,,3,1,1,1,6
200700060522,0007-10-02 11:45:00,7,10,2,11,45,90,261,21 avenue aristide BERGE,42.993,1.14,Plein jour,En agglomération,Hors intersection,Normale,Autre collision,,,,,,,,,,,1,2,1,1,6
200700060523,0007-10-05 10:45:00,7,10,5,10,45,90,268,Pont de ST LIZIER,43.004,1.135,Plein jour,En agglomération,Intersection en T,Normale,Deux véhicules - côté,,,,,,,,,,,1,2,3,1,3
200700060524,0007-10-11 11:45:00,7,10,11,11,45,90,261,rue de la mairie,42.989,1.148,Plein jour,En agglomération,Place,Normale,Autre collision,,,,,,,,,,,1,2,7,1,6
200700060525,0007-10-22 12:00:00,7,10,22,12,0,90,261,BOULEVARD F. ARNAUD,,,Plein jour,En agglomération,Hors intersection,Normale,Autre collision,,,,,,,,,,,1,2,1,1,6
200700060526,0007-10-23 16:30:00,7,10,23,16,30,90,285,,42.876,1.207,Plein jour,Hors agglomération,Hors intersection,Normale,Sans collision,,,,,,,,,,,1,1,1,1,7
200700060527,0007-10-05 07:00:00,7,10,5,7,0,120,133,Avenue de Toulouse,44.296,2.558,Nuit avec éclairage allumé,En agglomération,Hors intersection,Normale,Deux véhicules - frontale,,,,,,,,,,,5,2,1,1,1
200700060528,0007-10-26 06:30:00,7,10,26,6,30,120,96,,44.507,2.742,Nuit sans éclairage public,Hors agglomération,Autre intersection,Normale,Sans collision,,,,,,,,,,,3,1,9,1,7
200700060529,0007-10-07 16:15:00,7,10,7,16,15,120,195,,43.882,2.785,Plein jour,Hors agglomération,Hors intersection,Normale,Deux véhicules - côté,,,,,,,,,,,1,1,1,1,3
200700060530,0007-10-31 22:00:00,7,10,31,22,0,120,195,,43.879,2.658,Nuit sans éclairage public,Hors agglomération,Hors intersection,Normale,Sans collision,,,,,,,,,,,3,1,1,1,7
200700060531,0007-10-12 08:00:00,7,10,12,8,0,120,300,6 ALLEES ARISTIDE BRIAND,44.356,2.04,Crépuscule ou aube,En agglomération,Hors intersection,Normale,Deux véhicules - côté,,,,,,,,,,,2,2,1,1,3
200700060532,0007-10-25 07:45:00,7,10,25,7,45,120,52,86 AVENUE ALBERT THOMAS,,,Crépuscule ou aube,En agglomération,Hors intersection,Normale,Deux véhicules - frontale,,,,,,,,,,,2,2,1,1,1
200700060533,0007-10-10 14:30:00,7,10,10,14,30,320,147,,,,Plein jour,Hors agglomération,Hors intersection,Pluie légère,Sans collision,,,,,,,,,,,1,1,1,2,7
200700060534,0007-10-18 18:30:00,7,10,18,18,30,320,148,,,,Plein jour,Hors agglomération,Hors intersection,Normale,Deux véhicules - côté,,,,,,,,,,,1,1,1,1,3
200700060535,0007-10-08 17:30:00,7,10,8,17,30,320,334,,,,Plein jour,Hors agglomération,Hors intersection,Normale,Sans collision,,,,,,,,,,,1,1,1,1,7
200700060536,0007-10-03 11:15:00,7,10,3,11,15,320,462,,43.753,0.323,Plein jour,Hors agglomération,Hors intersection,Normale,Deux véhicules - frontale,,,,,,,,,,,1,1,1,1,1
200700060537,0007-10-05 17:00:00,7,10,5,17,0,320,162,,43.778,0.464,Plein jour,Hors agglomération,Hors intersection,Normale,Deux véhicules - frontale,,,,,,,,,,,1,1,1,1,1
200700060538,0007-10-08 08:15:00,7,10,8,8,15,320,382,,43.755,0.376,Plein jour,Hors agglomération,Hors intersection,Normale,Autre collision,,,,,,,,,,,1,1,1,1,6
200700060539,0007-10-10 14:45:00,7,10,10,14,45,320,54,,,,Plein jour,Hors agglomération,Hors intersection,Normale,Sans collision,,,,,,,,,,,1,1,1,1,7
200700060540,0007-10-27 16:00:00,7,10,27,16,0,320,44,,43.935,0.402,Plein jour,Hors agglomération,Intersection en T,Normale,Deux véhicules - côté,,,,,,,,,,,1,1,3,1,3
200700060541,0007-10-29 20:00:00,7,10,29,20,0,320,107,,43.947,0.374,Nuit sans éclairage public,Hors agglomération,Hors intersection,Normale,Autre collision,,,,,,,,,,,3,1,1,1,6
200700060542,0007-10-31 12:15:00,7,10,31,12,15,320,211,,43.871,-0.075,Plein jour,Hors agglomération,Hors intersection,Brouillard / fumée,Autre collision,,,,,,,,,,,1,1,1,5,6
200700060543,0007-10-15 07:15:00,7,10,15,7,15,320,27,,43.696,-0.194,Nuit sans éclairage public,Hors agglomération,Intersection en T,Normale,Deux véhicules - côté,,,,,,,,,,,3,1,3,1,3
200700060544,0007-10-02 08:45:00,7,10,2,8,45,460,80,,44.528,1.352,Plein jour,Hors agglomération,Hors intersection,Normale,Deux véhicules - frontale,,,,,,,,,,,1,1,1,1,1
200700060545,0007-10-15 12:15:00,7,10,15,12,15,460,172,,44.343,1.458,Plein jour,Hors agglomération,Hors intersection,Normale,Deux véhicules - frontale,,,,,,,,,,,1,1,1,1,1
200700060546,0007-10-14 19:45:00,7,10,14,19,45,460,217,,44.33,1.46,Crépuscule ou aube,Hors agglomération,Hors intersection,Normale,Autre collision,,,,,,,,,,,2,1,1,1,6
200700060547,0007-10-03 23:00:00,7,10,3,23,0,460,88,,44.475,1.357,Nuit sans éclairage public,Hors agglomération,Hors intersection,Normale,Autre collision,,,,,,,,,,,3,1,1,1,6
200700060548,0007-10-08 08:30:00,7,10,8,8,30,460,102,,44.612,2.025,Plein jour,Hors agglomération,Hors intersection,Normale,Deux véhicules - côté,,,,,,,,,,,1,1,1,1,3
200700060549,0007-10-24 11:00:00,7,10,24,11,0,460,15,,44.674,2.172,Plein jour,Hors agglomération,Hors intersection,Normale,Deux véhicules - frontale,,,,,,,,,,,1,1,1,1,1
200700060550,0007-10-28 19:30:00,7,10,28,19,30,460,339,,,,Nuit sans éclairage public,Hors agglomération,Hors intersection,Normale,Deux véhicules - frontale,,,,,,,,,,,3,1,1,1,1
200700060551,0007-10-06 20:15:00,7,10,6,20,15,460,38,Avenue de la libération,44.919,1.841,Nuit avec éclairage allumé,En agglomération,Hors intersection,Normale,Sans collision,,,,,,,,,,,5,2,1,1,7
200700060552,0007-10-14 15:00:00,7,10,14,15,0,460,58,,44.922,1.746,Crépuscule ou aube,Hors agglomération,Hors intersection,Brouillard / fumée,Autre collision,,,,,,,,,,,2,1,1,5,6
200700060553,0007-10-01 16:00:00,7,10,1,16,0,460,309,avenue Martin Malvy,44.901,1.474,Plein jour,En agglomération,Hors intersection,Normale,Deux véhicules - côté,,,,,,,,,,,1,2,1,1,3
200700060554,0007-10-31 18:45:00,7,10,31,18,45,460,153,,44.863,1.483,Nuit sans éclairage public,Hors agglomération,Hors intersection,Normale,Sans collision,,,,,,,,,,,3,1,1,1,7
200700060555,0007-10-13 13:45:00,7,10,13,13,45,650,396,,42.985,-0.092,Plein jour,Hors agglomération,Hors intersection,Normale,Deux véhicules - côté,,,,,,,,,,,1,1,1,1,3
200700060556,0007-10-21 18:15:00,7,10,21,18,15,650,175,,42.954,0.53,Crépuscule ou aube,Hors agglomération,Hors intersection,Normale,Sans collision,,,,,,,,,,,2,1,1,1,7
200700060557,0007-10-23 16:45:00,7,10,23,16,45,810,139,,43.725,2.145,Plein jour,Hors agglomération,Hors intersection,Normale,Autre collision,,,,,,,,,,,1,1,1,1,6
200700060558,0007-10-31 19:15:00,7,10,31,19,15,810,286,,43.657,2.035,Nuit sans éclairage public,Hors agglomération,Hors intersection,Normale,Deux véhicules - frontale,,,,,,,,,,,3,1,1,1,1
200700060559,0007-10-14 18:30:00,7,10,14,18,30,810,192,Lotissement La Prairie,,,Plein jour,En agglomération,Hors intersection,Normale,Deux véhicules - frontale,,,,,,,,,,,1,2,1,1,1
200700060560,0007-10-25 15:00:00,7,10,25,15,0,810,124,,43.697,2.676,Plein jour,Hors agglomération,Hors intersection,Pluie légère,Autre collision,,,,,,,,,,,1,1,1,2,6
200700060561,0007-10-20 21:15:00,7,10,20,21,15,810,140,,43.704,1.807,Nuit sans éclairage public,Hors agglomération,Hors intersection,Normale,Autre collision,,,,,,,,,,,3,1,1,1,6
200700060562,0007-10-13 06:45:00,7,10,13,6,45,810,38,,,,Crépuscule ou aube,En agglomération,Hors intersection,Brouillard / fumée,Autre collision,,,,,,,,,,,2,2,1,5,6
200700060563,0007-10-25 16:30:00,7,10,25,16,30,690,89,chemin des hermières,45.743,4.771,Plein jour,En agglomération,Hors intersection,Normale,Deux véhicules - frontale,,,,,,,,,,,1,2,1,1,1
200700060564,0007-10-14 19:45:00,7,10,14,19,45,810,70,,43.808,1.747,Nuit sans éclairage public,Hors agglomération,Hors intersection,Normale,Sans collision,,,,,,,,,,,3,1,1,1,7
200700060565,0007-10-19 17:30:00,7,10,19,17,30,810,238,,,,Plein jour,Hors agglomération,Intersection en T,Normale,Deux véhicules - côté,,,,,,,,,,,1,1,3,1,3
200700060566,0007-10-16 12:15:00,7,10,16,12,15,810,242,,43.526,2.135,Plein jour,Hors agglomération,Hors intersection,Normale,Deux véhicules - arrière,,,,,,,,,,,1,1,1,1,2
200700060567,0007-10-22 17:45:00,7,10,22,17,45,810,307,,43.57,2.319,Plein jour,Hors agglomération,Hors intersection,Normale,Deux véhicules - côté,,,,,,,,,,,1,1,1,1,3
200700060568,0007-10-24 12:00:00,7,10,24,12,0,810,237,,,,Plein jour,Hors agglomération,Hors intersection,Normale,Deux véhicules - frontale,,,,,,,,,,,1,1,1,1,1
200700060569,0007-10-25 11:15:00,7,10,25,11,15,810,288,Rue Balette,43.457,2.066,Plein jour,En agglomération,Hors intersection,Normale,Autre collision,,,,,,,,,,,1,2,1,1,6
200700060570,0007-10-08 12:45:00,7,10,8,12,45,810,142,,43.53,2.094,Plein jour,Hors agglomération,Hors intersection,Pluie légère,Autre collision,,,,,,,,,,,1,1,1,2,6
200700060571,0007-10-23 18:15:00,7,10,23,18,15,820,37,rue des Récollets,,,Plein jour,En agglomération,Hors intersection,Normale,Autre collision,,,,,,,,,,,1,2,1,1,6
200700060572,0007-10-25 11:30:00,7,10,25,11,30,820,38,,,,Plein jour,Hors agglomération,Hors intersection,Normale,Autre collision,,,,,,,,,,,1,1,1,1,6
200700060573,0007-10-29 07:30:00,7,10,29,7,30,820,68,Le bourg - CD 928,43.853,0.94,Plein jour,En agglomération,Hors intersection,Normale,Autre collision,,,,,,,,,,,1,2,1,1,6
200700060574,0007-10-06 07:30:00,7,10,6,7,30,820,17,249 ROUTE DE TOULOUSE,43.88,1.26,Crépuscule ou aube,En agglomération,Hors intersection,Normale,Trois véhicules et plus - collisions multiples,,,,,,,,,,,2,2,1,1,5
200700060575,0007-10-06 05:30:00,7,10,6,5,30,820,135,,43.88,1.42,Crépuscule ou aube,Hors agglomération,Hors intersection,Normale,Autre collision,,,,,,,,,,,2,1,1,1,6
200700060576,0007-10-14 06:15:00,7,10,14,6,15,820,28,,43.85,1.29,Nuit sans éclairage public,Hors agglomération,Hors intersection,Brouillard / fumée,Deux véhicules - frontale,,,,,,,,,,,3,1,1,5,1