accident_id,datetime,annee,mois,jour,heure,minute,departement,commune_insee,adresse,latitude,longitude,luminosite,agglomeration,intersection,meteo,collision,nb_vehicules,nb_usagers,nb_indemnes,nb_tues,nb_blesses_hosp,nb_blesses_legers,age_cond_1,age_cond_2,veh_type_cond_1,veh_type_cond_2,lum_code,agg_code,int_code,atm_code,col_code
200700060577,0007-10-25 15:00:00,7,10,25,15,0,820,94,rue de la mairie,44.263,1.138,Plein jour,En agglomération,Hors intersection,Normale,Sans collision,,,,,,,,,,,1,2,1,1,7
200700060578,0007-10-07 00:30:00,7,10,7,0,30,820,99,,,,Nuit sans éclairage public,Hors agglomération,Hors intersection,Normale,Autre collision,,,,,,,,,,,3,1,1,1,6
200700060579,0007-10-19 18:45:00,7,10,19,18,45,820,5,,43.811,1.208,Crépuscule ou aube,Hors agglomération,Hors intersection,Normale,Autre collision,,,,,,,,,,,2,1,1,1,6
200700060580,0007-10-04 08:00:00,7,10,4,8,0,820,141,,44.103,0.937,Plein jour,Hors agglomération,Hors intersection,Normale,Deux véhicules - côté,,,,,,,,,,,1,1,1,1,3
200700060581,0007-10-19 19:15:00,7,10,19,19,15,820,141,"LDT ""Pont de pichon""",44.103,0.936,Nuit avec éclairage allumé,En agglomération,Hors intersection,Normale,Autre collision,,,,,,,,,,,5,2,1,1,6
200700060582,0007-10-20 02:30:00,7,10,20,2,30,820,186,2063 avenue du Quercy,44.122,0.908,Nuit avec éclairage allumé,En agglomération,Hors intersection,Normale,Autre collision,,,,,,,,,,,5,2,1,1,6
200700060583,0007-10-01 17:45:00,7,10,1,17,45,690,72,26 route d'Ecully,,,Plein jour,En agglomération,Hors intersection,Normale,Autre collision,,,,,,,,,,,1,2,1,1,6
200700060584,0007-10-05 15:45:00,7,10,5,15,45,690,72,5 route du perollier,,,Plein jour,En agglomération,Hors intersection,Normale,Deux véhicules - côté,,,,,,,,,,,1,2,1,1,3
200700060585,0007-10-18 08:30:00,7,10,18,8,30,690,72,3/ 5  chemin de ronde,,,Crépuscule ou aube,En agglomération,Autre intersection,Normale,Autre collision,,,,,,,,,,,2,2,9,1,6
200700060586,0007-10-26 13:45:00,7,10,26,13,45,690,72,Chemin du DODIN,,,Plein jour,En agglomération,Hors intersection,Normale,Deux véhicules - frontale,,,,,,,,,,,1,2,1,1,1
200700060587,0007-10-05 20:00:00,7,10,5,20,0,690,40,avenue lanessan,,,Nuit avec éclairage allumé,En agglomération,Hors intersection,Normale,Deux véhicules - frontale,,,,,,,,,,,5,2,1,1,1
200700060588,0007-10-23 22:00:00,7,10,23,22,0,690,116,RD306 ch st andre,,,Nuit avec éclairage allumé,En agglomération,Hors intersection,Normale,Deux véhicules - côté,,,,,,,,,,,5,2,1,1,3
200700060589,0007-10-25 18:45:00,7,10,25,18,45,690,40,52 Avenu LANESSAN,,,Nuit avec éclairage allumé,En agglomération,Hors intersection,Normale,Autre collision,,,,,,,,,,,5,2,1,1,6
200700060590,0007-10-19 14:00:00,7,10,19,14,0,690,85,RUE JABOURET,,,Plein jour,En agglomération,Hors intersection,Normale,Deux véhicules - côté,,,,,,,,,,,1,2,1,1,3
200700060591,0007-10-19 16:15:00,7,10,19,16,15,690,286,CD483 RT DE STRASBOURG,,,Plein jour,En agglomération,Hors intersection,Normale,Deux véhicules - côté,,,,,,,,,,,1,2,1,1,3
200700060592,0007-10-31 21:30:00,7,10,31,21,30,690,286,30 avenue de l'Europe,,,Nuit avec éclairage allumé,En agglomération,Hors intersection,Normale,Autre collision,,,,,,,,,,,5,2,1,1,6
200700060593,0007-10-01 07:30:00,7,10,1,7,30,690,204,Avenue CLEMENCEAU,,,Crépuscule ou aube,En agglomération,Hors intersection,Normale,Deux véhicules - frontale,,,,,,,,,,,2,2,1,1,1
200700060594,0007-10-11 07:30:00,7,10,11,7,30,690,288,RD 306 face à ESSO,45.695,5.037,Crépuscule ou aube,En agglomération,Hors intersection,Normale,Deux véhicules - côté,,,,,,,,,,,2,2,1,1,3
200700060595,0007-10-13 16:15:00,7,10,13,16,15,690,288,,45.691,5.09,Plein jour,Hors agglomération,Hors intersection,Normale,Autre collision,,,,,,,,,,,1,1,1,1,6
200700060596,0007-10-05 09:45:00,7,10,5,9,45,690,283,50 rue de la libération,,,Nuit avec éclairage allumé,En agglomération,Hors intersection,Normale,Deux véhicules - frontale,,,,,,,,,,,5,2,1,1,1
200700060597,0007-10-29 22:15:00,7,10,29,22,15,690,179,,,,Nuit sans éclairage public,Hors agglomération,Hors intersection,Pluie légère,Sans collision,,,,,,,,,,,3,1,1,2,7
200700060598,0007-10-14 17:45:00,7,10,14,17,45,690,112,,,,Nuit sans éclairage public,Hors agglomération,Hors intersection,Brouillard / fumée,Sans collision,,,,,,,,,,,3,1,1,5,7
200700060599,0007-10-11 17:30:00,7,10,11,17,30,690,10,rue Jean moulin,,,Plein jour,En agglomération,Hors intersection,Normale,Deux véhicules - côté,,,,,,,,,,,1,2,1,1,3
200700060600,0007-10-18 07:00:00,7,10,18,7,0,690,10,,,,Nuit sans éclairage public,Hors agglomération,Hors intersection,Normale,Trois véhicules et plus - collisions multiples,,,,,,,,,,,3,1,1,1,5
200700060601,0007-10-18 08:00:00,7,10,18,8,0,690,32,,,,Plein jour,Hors agglomération,Hors intersection,Normale,Deux véhicules - côté,,,,,,,,,,,1,1,1,1,3
200700060602,0007-10-19 17:00:00,7,10,19,17,0,690,21,,,,Plein jour,En agglomération,Hors intersection,Normale,Autre collision,,,,,,,,,,,1,2,1,1,6
200700060603,0007-10-28 14:00:00,7,10,28,14,0,690,112,,,,Plein jour,En agglomération,Hors intersection,Normale,Deux véhicules - côté,,,,,,,,,,,1,2,1,1,3
200700060604,0007-10-31 12:45:00,7,10,31,12,45,690,171,,,,Plein jour,Hors agglomération,Hors intersection,Normale,Trois véhicules et plus - en chaîne,,,,,,,,,,,1,1,1,1,4
200700060605,0007-10-02 15:30:00,7,10,2,15,30,690,227,,,,Plein jour,Hors agglomération,Hors intersection,Normale,Sans collision,,,,,,,,,,,1,1,1,1,7
200700060606,0007-10-23 17:00:00,7,10,23,17,0,690,227,,,,Plein jour,Hors agglomération,Hors intersection,Normale,Autre collision,,,,,,,,,,,1,1,1,1,6
200700060607,0007-10-14 14:30:00,7,10,14,14,30,690,131,,,,Plein jour,Hors agglomération,Hors intersection,Normale,Autre collision,,,,,,,,,,,1,1,1,1,6
200700060608,0007-10-05 21:30:00,7,10,5,21,30,690,295,RUE DE LA RANCOULIERE,,,Nuit sans éclairage public,En agglomération,Hors intersection,Pluie légère,Sans collision,,,,,,,,,,,3,2,1,2,7
200700060609,0007-10-06 16:45:00,7,10,6,16,45,690,291,,,,Plein jour,Hors agglomération,Hors intersection,Normale,Deux véhicules - côté,,,,,,,,,,,1,1,1,1,3
200700060610,0007-10-25 10:15:00,7,10,25,10,15,690,295,RUE DE LA FONDERIE,,,Plein jour,En agglomération,Hors intersection,Normale,Deux véhicules - frontale,,,,,,,,,,,1,2,1,1,1
200700060611,0007-10-25 15:30:00,7,10,25,15,30,690,276,CD307 sens Vienne/Lyon,,,Plein jour,En agglomération,Hors intersection,Normale,Autre collision,,,,,,,,,,,1,2,1,1,6
200700060612,0007-10-20 09:30:00,7,10,20,9,30,690,122,395 ROUTE DE MORANCE,45.912,4.701,Plein jour,En agglomération,Hors intersection,Normale,Deux véhicules - côté,,,,,,,,,,,1,2,1,1,3
200700060613,0007-10-09 15:00:00,7,10,9,15,0,690,108,,46.175,4.735,Plein jour,Hors agglomération,Hors intersection,Normale,Deux véhicules - côté,,,,,,,,,,,1,1,1,1,3
200700060614,0007-10-12 17:15:00,7,10,12,17,15,690,150,,46.233,4.595,Plein jour,Hors agglomération,Hors intersection,Normale,Deux véhicules - frontale,,,,,,,,,,,1,1,1,1,1
200700060615,0007-10-18 14:15:00,7,10,18,14,15,690,224,,46.244,4.572,Plein jour,Hors agglomération,Hors intersection,Normale,Deux véhicules - frontale,,,,,,,,,,,1,1,1,1,1
200700060616,0007-10-26 18:45:00,7,10,26,18,45,690,196,ST DIDIER SUR BEAUJEU,46.168,4.569,Nuit avec éclairage allumé,En agglomération,Hors intersection,Normale,Deux véhicules - arrière,,,,,,,,,,,5,2,1,1,2
200700060617,0007-10-05 03:15:00,7,10,5,3,15,690,206,,46.053,4.723,Nuit avec éclairage allumé,Hors agglomération,Hors intersection,Brouillard / fumée,Autre collision,,,,,,,,,,,5,1,1,5,6
200700060618,0007-10-13 17:00:00,7,10,13,17,0,690,19,169 rue de la république,,,Plein jour,En agglomération,Hors intersection,Normale,Deux véhicules - frontale,,,,,,,,,,,1,2,1,1,1
200700060619,0007-10-25 17:30:00,7,10,25,17,30,690,197,,,,Plein jour,Hors agglomération,Hors intersection,Normale,Autre collision,,,,,,,,,,,1,1,1,1,6
200700060620,0007-10-26 18:00:00,7,10,26,18,0,690,19,place de  la gare,46.115,4.731,Plein jour,En agglomération,Hors intersection,Normale,Deux véhicules - côté,,,,,,,,,,,1,2,1,1,3
200700060621,0007-10-27 04:30:00,7,10,27,4,30,690,206,,46.049,4.72,Nuit sans éclairage public,Hors agglomération,Hors intersection,Pluie légère,Autre collision,,,,,,,,,,,3,1,1,2,6
200700060622,0007-10-26 20:30:00,7,10,26,20,30,690,50,,,,Nuit avec éclairage allumé,Hors agglomération,Hors intersection,Normale,Autre collision,,,,,,,,,,,5,1,1,1,6
200700060623,0007-10-08 13:15:00,7,10,8,13,15,690,243,rue Pêcherie,45.9,4.43,Plein jour,En agglomération,Hors intersection,Normale,Autre collision,,,,,,,,,,,1,2,1,1,6
200700060624,0007-10-18 17:30:00,7,10,18,17,30,690,54,Le bourg,46.173,4.492,Plein jour,En agglomération,Hors intersection,Temps éblouissant,Autre collision,,,,,,,,,,,1,2,1,7,6
200700060625,0007-10-05 16:00:00,7,10,5,16,0,690,248,Lieu-dit la Carrière,,,Plein jour,En agglomération,Hors intersection,Normale,Sans collision,,,,,,,,,,,1,2,1,1,7
200700060626,0007-10-07 19:15:00,7,10,7,19,15,690,70,,,,Crépuscule ou aube,Hors agglomération,Hors intersection,Normale,Deux véhicules - frontale,,,,,,,,,,,2,1,1,1,1
200700060627,0007-10-16 07:30:00,7,10,16,7,30,10,254,,,,Plein jour,Hors agglomération,Hors intersection,Normale,Trois véhicules et plus - en chaîne,,,,,,,,,,,1,1,1,1,4
200700060628,0007-10-11 08:30:00,7,10,11,8,30,10,301,,,,Plein jour,Hors agglomération,Hors intersection,Normale,Trois véhicules et plus - collisions multiples,,,,,,,,,,,1,1,1,1,5
200700060629,0007-10-26 16:15:00,7,10,26,16,15,10,196,,46.368,5.123,Plein jour,Hors agglomération,Intersection en X,Normale,Deux véhicules - côté,,,,,,,,,,,1,1,2,1,3
200700060630,0007-10-08 06:15:00,7,10,8,6,15,10,68,,,,Nuit sans éclairage public,Hors agglomération,Hors intersection,Brouillard / fumée,Deux véhicules - frontale,,,,,,,,,,,3,1,1,5,1
200700060631,0007-10-07 16:45:00,7,10,7,16,45,10,338,LE BOURG,,,Plein jour,En agglomération,Hors intersection,Normale,Autre collision,,,,,,,,,,,1,2,1,1,6
200700060632,0007-10-31 17:15:00,7,10,31,17,15,10,66,,45.854,5.552,Crépuscule ou aube,Hors agglomération,Hors intersection,Normale,Trois véhicules et plus - collisions multiples,,,,,,,,,,,2,1,1,1,5
200700060633,0007-10-08 10:45:00,7,10,8,10,45,10,185,rue de la république,,,Plein jour,En agglomération,Hors intersection,Temps éblouissant,Deux véhicules - côté,,,,,,,,,,,1,2,1,7,3
200700060634,0007-10-11 16:00:00,7,10,11,16,0,10,191,,,,Plein jour,Hors agglomération,Hors intersection,Normale,Sans collision,,,,,,,,,,,1,1,1,1,7
200700060635,0007-10-15 18:45:00,7,10,15,18,45,10,384,,,,Nuit sans éclairage public,Hors agglomération,Hors intersection,Normale,Autre collision,,,,,,,,,,,3,1,1,1,6
200700060636,0007-10-27 14:30:00,7,10,27,14,30,10,89,Lieu-dit LES RAVINELLES,,,Plein jour,En agglomération,Giratoire,Normale,Deux véhicules - frontale,,,,,,,,,,,1,2,6,1,1
200700060637,0007-10-15 07:45:00,7,10,15,7,45,10,269,rue du docteur Mercier,,,Plein jour,En agglomération,Hors intersection,Normale,Deux véhicules - côté,,,,,,,,,,,1,2,1,1,3
200700060638,0007-10-26 07:15:00,7,10,26,7,15,10,33,,,,Nuit sans éclairage public,Hors agglomération,Hors intersection,Normale,Autre collision,,,,,,,,,,,3,1,1,1,6
200700060639,0007-10-16 11:15:00,7,10,16,11,15,10,160,,,,Plein jour,En agglomération,Hors intersection,Normale,Deux véhicules - frontale,,,,,,,,,,,1,2,1,1,1
200700060640,0007-10-02 17:30:00,7,10,2,17,30,10,354,,,,Plein jour,Hors agglomération,Giratoire,Normale,Deux véhicules - côté,,,,,,,,,,,1,1,6,1,3
200700060641,0007-10-11 16:45:00,7,10,11,16,45,10,427,RUE DU 1 ER R.F.M.,,,Plein jour,En agglomération,Giratoire,Normale,Deux véhicules - côté,,,,,,,,,,,1,2,6,1,3
200700060642,0007-10-28 19:00:00,7,10,28,19,0,10,93,,46.126,4.938,Nuit sans éclairage public,Hors agglomération,Hors intersection,Normale,Autre collision,,,,,,,,,,,3,1,1,1,6
200700060643,0007-10-31 20:30:00,7,10,31,20,30,10,244,Rue de genève,45.909,5.19,Nuit avec éclairage allumé,En agglomération,Hors intersection,Normale,Deux véhicules - côté,,,,,,,,,,,5,2,1,1,3
200700060644,0007-10-31 22:15:00,7,10,31,22,15,10,49,RD1084,,,Nuit avec éclairage allumé,En agglomération,Hors intersection,Normale,Deux véhicules - frontale,,,,,,,,,,,5,2,1,1,1
200700060645,0007-10-05 23:00:00,7,10,5,23,0,10,166,rue du creuzat,,,Nuit avec éclairage allumé,En agglomération,Hors intersection,Pluie légère,Deux véhicules - frontale,,,,,,,,,,,5,2,1,2,1
200700060646,0007-10-14 22:00:00,7,10,14,22,0,10,248,,,,Nuit sans éclairage public,Hors agglomération,Hors intersection,Normale,Deux véhicules - côté,,,,,,,,,,,3,1,1,1,3
200700060647,0007-10-20 19:00:00,7,10,20,19,0,10,166,,45.99,4.781,Nuit sans éclairage public,Hors agglomération,Intersection en X,Normale,Deux véhicules - côté,,,,,,,,,,,3,1,2,1,3
200700060648,0007-10-17 17:15:00,7,10,17,17,15,10,83,,46.101,4.85,Plein jour,Hors agglomération,Hors intersection,Normale,Deux véhicules - côté,,,,,,,,,,,1,1,1,1,3
200700060649,0007-10-24 06:45:00,7,10,24,6,45,10,389,,46.094,4.901,Nuit sans éclairage public,Hors agglomération,Hors intersection,Normale,Deux véhicules - côté,,,,,,,,,,,3,1,1,1,3
200700060650,0007-10-24 11:45:00,7,10,24,11,45,70,296,,,,Plein jour,Hors agglomération,Autre intersection,Normale,Deux véhicules - côté,,,,,,,,,,,1,1,9,1,3
200700060651,0007-10-29 09:45:00,7,10,29,9,45,70,254,,,,Plein jour,Hors agglomération,Hors intersection,Normale,Deux véhicules - frontale,,,,,,,,,,,1,1,1,1,1
200700060652,0007-10-03 19:30:00,7,10,3,19,30,70,264,,,,Plein jour,Hors agglomération,Hors intersection,Normale,Deux véhicules - frontale,,,,,,,,,,,1,1,1,1,1
200700060653,0007-10-04 16:00:00,7,10,4,16,0,70,42,,,,Plein jour,Hors agglomération,Hors intersection,Normale,Autre collision,,,,,,,,,,,1,1,1,1,6
200700060654,0007-10-25 09:45:00,7,10,25,9,45,70,191,,44.587,4.701,Plein jour,Hors agglomération,Hors intersection,Pluie légère,Sans collision,,,,,,,,,,,1,1,1,2,7
200700060655,0007-10-17 13:30:00,7,10,17,13,30,70,349,,44.796,4.775,Plein jour,Hors agglomération,Hors intersection,Normale,Deux véhicules - arrière,,,,,,,,,,,1,1,1,1,2
200700060656,0007-10-22 07:15:00,7,10,22,7,15,70,237,,,,Nuit sans éclairage public,Hors agglomération,Hors intersection,Normale,Sans collision,,,,,,,,,,,3,1,1,1,7
200700060657,0007-10-25 13:15:00,7,10,25,13,15,70,198,,,,Plein jour,Hors agglomération,Hors intersection,Normale,Deux véhicules - côté,,,,,,,,,,,1,1,1,1,3
200700060658,0007-10-03 17:00:00,7,10,3,17,0,70,117,,44.437,4.191,Plein jour,Hors agglomération,Hors intersection,Pluie légère,Sans collision,,,,,,,,,,,1,1,1,2,7
200700060659,0007-10-14 13:45:00,7,10,14,13,45,70,153,,44.681,4.099,Plein jour,Hors agglomération,Hors intersection,Normale,Autre collision,,,,,,,,,,,1,1,1,1,6
200700060660,0007-10-20 07:30:00,7,10,20,7,30,70,227,,,,Crépuscule ou aube,Hors agglomération,Hors intersection,Normale,Autre collision,,,,,,,,,,,2,1,1,1,6
200700060661,0007-10-06 01:00:00,7,10,6,1,0,70,212,,45.14,4.393,Nuit sans éclairage public,Hors agglomération,Hors intersection,Temps couvert,Autre collision,,,,,,,,,,,3,1,1,8,6
200700060662,0007-10-11 14:15:00,7,10,11,14,15,70,64,4 route de LAMASTRE,44.91,4.425,Plein jour,En agglomération,Hors intersection,Normale,Autre collision,,,,,,,,,,,1,2,1,1,6
200700060663,0007-10-21 07:15:00,7,10,21,7,15,70,1,Lieu dit BROLLES,44.896,4.398,Crépuscule ou aube,En agglomération,Hors intersection,Normale,Autre collision,,,,,,,,,,,2,2,1,1,6
200700060664,0007-10-19 13:45:00,7,10,19,13,45,70,301,CD 532,45.105,4.674,Plein jour,En agglomération,Hors intersection,Normale,Deux véhicules - frontale,,,,,,,,,,,1,2,1,1,1
200700060665,0007-10-12 16:15:00,7,10,12,16,15,260,108,quai des marronniers,,,Plein jour,En agglomération,Hors intersection,Normale,Deux véhicules - côté,,,,,,,,,,,1,2,1,1,3
200700060666,0007-10-19 19:00:00,7,10,19,19,0,260,108,,44.724,5.002,Plein jour,Hors agglomération,Hors intersection,Normale,Deux véhicules - frontale,,,,,,,,,,,1,1,1,1,1
200700060667,0007-10-07 08:45:00,7,10,7,8,45,260,144,,,,Plein jour,Hors agglomération,Hors intersection,Normale,Autre collision,,,,,,,,,,,1,1,1,1,6
200700060668,0007-10-23 16:15:00,7,10,23,16,15,260,144,,44.73,4.927,Plein jour,Hors agglomération,Hors intersection,Normale,Deux véhicules - frontale,,,,,,,,,,,1,1,1,1,1
200700060669,0007-10-06 17:00:00,7,10,6,17,0,260,40,,44.564,5.574,Plein jour,Hors agglomération,Hors intersection,Normale,Sans collision,,,,,,,,,,,1,1,1,1,7
200700060670,0007-10-21 17:45:00,7,10,21,17,45,260,339,,,,Plein jour,Hors agglomération,Hors intersection,Normale,Deux véhicules - côté,,,,,,,,,,,1,1,1,1,3
200700060671,0007-10-04 17:45:00,7,10,4,17,45,260,235,,,,Plein jour,Hors agglomération,Hors intersection,Normale,Deux véhicules - côté,,,,,,,,,,,1,1,1,1,3
200700060672,0007-10-27 07:00:00,7,10,27,7,0,260,220,,,,Crépuscule ou aube,Hors agglomération,Hors intersection,Normale,Sans collision,,,,,,,,,,,2,1,1,1,7
200700060673,0007-10-24 12:45:00,7,10,24,12,45,260,226,,44.429,5.039,Plein jour,Hors agglomération,Hors intersection,Normale,Deux véhicules - côté,,,,,,,,,,,1,1,1,1,3
200700060674,0007-10-17 11:30:00,7,10,17,11,30,260,376,,44.432,5.28,Plein jour,Hors agglomération,Hors intersection,Normale,Autre collision,,,,,,,,,,,1,1,1,1,6
200700060675,0007-10-19 08:15:00,7,10,19,8,15,260,323,,45.067,5.139,Plein jour,Hors agglomération,Hors intersection,Normale,Deux véhicules - frontale,,,,,,,,,,,1,1,1,1,1
200700060676,0007-10-02 18:15:00,7,10,2,18,15,260,143,,,,Plein jour,Hors agglomération,Hors intersection,Normale,Deux véhicules - frontale,,,,,,,,,,,1,1,1,1,1
200700060677,0007-10-18 16:30:00,7,10,18,16,30,260,213,,,,Plein jour,Hors agglomération,Hors intersection,Normale,Deux véhicules - frontale,,,,,,,,,,,1,1,1,1,1
200700060678,0007-10-01 18:15:00,7,10,1,18,15,260,325,,45.31,4.854,Plein jour,Hors agglomération,Hors intersection,Normale,Deux véhicules - côté,,,,,,,,,,,1,1,1,1,3
200700060679,0007-10-02 09:15:00,7,10,2,9,15,260,271,,,,Plein jour,Hors agglomération,Hors intersection,Normale,Autre collision,,,,,,,,,,,1,1,1,1,6
200700060680,0007-10-06 10:15:00,7,10,6,10,15,260,347,Avenue du Vercors,,,Plein jour,En agglomération,Hors intersection,Pluie légère,Autre collision,,,,,,,,,,,1,2,1,2,6
200700060681,0007-10-09 19:30:00,7,10,9,19,30,380,27,,,,Crépuscule ou aube,Hors agglomération,Hors intersection,Normale,Deux véhicules - côté,,,,,,,,,,,2,1,1,1,3
200700060682,0007-10-16 17:00:00,7,10,16,17,0,380,6,10 BOULEVARD JULES FERRY,,,Plein jour,En agglomération,Hors intersection,Normale,Autre collision,,,,,,,,,,,1,2,1,1,6
200700060683,0007-10-02 05:45:00,7,10,2,5,45,380,511,,,,Nuit avec éclairage allumé,Hors agglomération,Hors intersection,Brouillard / fumée,Deux véhicules - frontale,,,,,,,,,,,5,1,1,5,1
200700060684,0007-10-19 11:30:00,7,10,19,11,30,380,503,,,,Plein jour,Hors agglomération,Hors intersection,Normale,Deux véhicules - côté,,,,,,,,,,,1,1,1,1,3
200700060685,0007-10-17 19:00:00,7,10,17,19,0,380,565,rue Stalingrad,,,Crépuscule ou aube,En agglomération,Hors intersection,Normale,Deux véhicules - côté,,,,,,,,,,,2,2,1,1,3
200700060686,0007-10-03 12:15:00,7,10,3,12,15,380,269,avenue de la république,44.906,5.788,Plein jour,En agglomération,Hors intersection,Normale,Deux véhicules - côté,,,,,,,,,,,1,2,1,1,3
200700060687,0007-10-20 04:30:00,7,10,20,4,30,380,304,,,,Nuit sans éclairage public,Hors agglomération,Hors intersection,Normale,Autre collision,,,,,,,,,,,3,1,1,1,6
200700060688,0007-10-02 08:30:00,7,10,2,8,30,380,59,,,,Plein jour,Hors agglomération,Hors intersection,Normale,Autre collision,,,,,,,,,,,1,1,1,1,6
200700060689,0007-10-02 20:30:00,7,10,2,20,30,380,95,RD 1092,,,Nuit avec éclairage allumé,En agglomération,Hors intersection,Normale,Sans collision,,,,,,,,,,,5,2,1,1,7
200700060690,0007-10-24 07:45:00,7,10,24,7,45,380,416,Rue Brenier de MONTMORAN,,,Plein jour,En agglomération,Hors intersection,Normale,Autre collision,,,,,,,,,,,1,2,1,1,6
200700060691,0007-10-31 18:30:00,7,10,31,18,30,380,416,"RD1092, PK17+200",45.158,5.325,Crépuscule ou aube,En agglomération,Hors intersection,Normale,Autre collision,,,,,,,,,,,2,2,1,1,6
200700060692,0007-10-31 21:15:00,7,10,31,21,15,380,416,,45.084,5.29,Nuit sans éclairage public,Hors agglomération,Hors intersection,Normale,Autre collision,,,,,,,,,,,3,1,1,1,6
200700060693,0007-10-02 14:00:00,7,10,2,14,0,380,239,30 route de Grenoble,45.33,5.584,Plein jour,En agglomération,Hors intersection,Normale,Deux véhicules - arrière,,,,,,,,,,,1,2,1,1,2
200700060694,0007-10-17 08:00:00,7,10,17,8,0,380,30,,,,Plein jour,Hors agglomération,Intersection en T,Normale,Deux véhicules - côté,,,,,,,,,,,1,1,3,1,3
200700060695,0007-10-17 18:00:00,7,10,17,18,0,380,30,ROUTE DU BAIN,45.347,5.47,Plein jour,En agglomération,Hors intersection,Normale,Deux véhicules - arrière,,,,,,,,,,,1,2,1,1,2
200700060696,0007-10-15 08:00:00,7,10,15,8,0,380,223,890 rte des léchères,45.581,5.251,Plein jour,En agglomération,Hors intersection,Normale,Autre collision,,,,,,,,,,,1,2,1,1,6
200700060697,0007-10-07 16:45:00,7,10,7,16,45,380,247,,45.813,5.401,Plein jour,En agglomération,Hors intersection,Normale,Deux véhicules - frontale,,,,,,,,,,,1,2,1,1,1
200700060698,0007-10-27 14:00:00,7,10,27,14,0,380,320,,45.82,5.379,Plein jour,Hors agglomération,Hors intersection,Normale,Sans collision,,,,,,,,,,,1,1,1,1,7
200700060699,0007-10-24 10:45:00,7,10,24,10,45,380,541,"D 1075, LIEU DIT THUELLI",,,Crépuscule ou aube,En agglomération,Hors intersection,Normale,Autre collision,,,,,,,,,,,2,2,1,1,6
200700060700,0007-10-25 08:30:00,7,10,25,8,30,380,261,avenue pré du roi,,,Plein jour,En agglomération,Hors intersection,Normale,Deux véhicules - frontale,,,,,,,,,,,1,2,1,1,1
200700060701,0007-10-10 19:30:00,7,10,10,19,30,380,76,,,,Crépuscule ou aube,Hors agglomération,Hors intersection,Normale,Sans collision,,,,,,,,,,,2,1,1,1,7
200700060702,0007-10-13 18:15:00,7,10,13,18,15,380,509,rue pierre vincendon,,,Plein jour,En agglomération,Place,Normale,Deux véhicules - frontale,,,,,,,,,,,1,2,7,1,1
200700060703,0007-10-20 21:30:00,7,10,20,21,30,380,76,LIEU DIT LES PALLETEAUX,,,Nuit sans éclairage public,En agglomération,Hors intersection,Normale,Deux véhicules - frontale,,,,,,,,,,,3,2,1,1,1
200700060704,0007-10-24 16:30:00,7,10,24,16,30,380,509,Impasse des Lavendières,,,Plein jour,En agglomération,Hors intersection,Normale,Autre collision,,,,,,,,,,,1,2,1,1,6
200700060705,0007-10-18 07:45:00,7,10,18,7,45,440,35,,47.284,-1.548,Crépuscule ou aube,Hors agglomération,Hors intersection,Normale,Autre collision,,,,,,,,,,,2,1,1,1,6
200700060706,0007-10-06 16:30:00,7,10,6,16,30,380,558,,45.592,4.926,Plein jour,Hors agglomération,Hors intersection,Normale,Deux véhicules - frontale,,,,,,,,,,,1,1,1,1,1
200700060707,0007-10-12 19:30:00,7,10,12,19,30,380,558,,45.588,4.917,Nuit avec éclairage allumé,Hors agglomération,Hors intersection,Normale,Deux véhicules - frontale,,,,,,,,,,,5,1,1,1,1
200700060708,0007-10-22 18:15:00,7,10,22,18,15,380,134,,,,Crépuscule ou aube,Hors agglomération,Hors intersection,Normale,Deux véhicules - côté,,,,,,,,,,,2,1,1,1,3
200700060709,0007-10-30 07:00:00,7,10,30,7,0,380,161,,,,Nuit sans éclairage public,Hors agglomération,Hors intersection,Pluie forte,Deux véhicules - frontale,,,,,,,,,,,3,1,1,3,1
200700060710,0007-10-30 11:00:00,7,10,30,11,0,380,34,avenue Louis Michel vill,,,Plein jour,En agglomération,Hors intersection,Normale,Deux véhicules - côté,,,,,,,,,,,1,2,1,1,3
200700060711,0007-10-10 17:45:00,7,10,10,17,45,380,81,carrefour CD53 et CD53B,,,Plein jour,En agglomération,Hors intersection,Normale,Deux véhicules - frontale,,,,,,,,,,,1,2,1,1,1
200700060712,0007-10-15 16:45:00,7,10,15,16,45,380,519,PK 2.400 CD53,,,Plein jour,En agglomération,Hors intersection,Normale,Autre collision,,,,,,,,,,,1,2,1,1,6
200700060713,0007-10-19 08:00:00,7,10,19,8,0,380,389,,,,Plein jour,Hors agglomération,Hors intersection,Normale,Trois véhicules et plus - en chaîne,,,,,,,,,,,1,1,1,1,4
200700060714,0007-10-22 12:30:00,7,10,22,12,30,380,189,rue du colombier,,,Plein jour,En agglomération,Hors intersection,Normale,Sans collision,,,,,,,,,,,1,2,1,1,7