accident_id,datetime,annee,mois,jour,heure,minute,departement,commune_insee,adresse,latitude,longitude,luminosite,agglomeration,intersection,meteo,collision,nb_vehicules,nb_usagers,nb_indemnes,nb_tues,nb_blesses_hosp,nb_blesses_legers,age_cond_1,age_cond_2,veh_type_cond_1,veh_type_cond_2,lum_code,agg_code,int_code,atm_code,col_code
200700060715,0007-10-22 13:15:00,7,10,22,13,15,380,346,,,,Plein jour,Hors agglomération,Intersection en X,Normale,Deux véhicules - côté,,,,,,,,,,,1,1,2,1,3
200700060716,0007-10-01 08:30:00,7,10,1,8,30,380,316,Rue de la république,45.754,5.175,Plein jour,En agglomération,Hors intersection,Normale,Deux véhicules - frontale,,,,,,,,,,,1,2,1,1,1
200700060717,0007-10-04 19:15:00,7,10,4,19,15,380,468,,45.343,4.821,Crépuscule ou aube,Hors agglomération,Hors intersection,Normale,Sans collision,,,,,,,,,,,2,1,1,1,7
200700060718,0007-10-10 07:30:00,7,10,10,7,30,380,349,30 route des Alpes,45.323,4.771,Crépuscule ou aube,En agglomération,Hors intersection,Pluie légère,Deux véhicules - côté,,,,,,,,,,,2,2,1,2,3
200700060719,0007-10-07 10:15:00,7,10,7,10,15,420,23,,45.311,4.543,Plein jour,Hors agglomération,Hors intersection,Normale,Deux véhicules - côté,,,,,,,,,,,1,1,1,1,3
200700060720,0007-10-28 17:00:00,7,10,28,17,0,420,285,,,,Plein jour,Hors agglomération,Hors intersection,Normale,Deux véhicules - frontale,,,,,,,,,,,1,1,1,1,1
200700060721,0007-10-30 17:45:00,7,10,30,17,45,420,37,,,,Crépuscule ou aube,Hors agglomération,Hors intersection,Normale,Sans collision,,,,,,,,,,,2,1,1,1,7
200700060722,0007-10-22 20:00:00,7,10,22,20,0,420,5,Rue de la Chaux,,,Nuit avec éclairage allumé,En agglomération,Hors intersection,Normale,Deux véhicules - côté,,,,,,,,,,,5,2,1,1,3
200700060723,0007-10-30 14:00:00,7,10,30,14,0,420,30,,,,Plein jour,Hors agglomération,Intersection en X,Normale,Deux véhicules - côté,,,,,,,,,,,1,1,2,1,3
200700060724,0007-10-17 15:15:00,7,10,17,15,15,420,73,,,,Plein jour,Hors agglomération,Hors intersection,Normale,Deux véhicules - côté,,,,,,,,,,,1,1,1,1,3
200700060725,0007-10-16 12:15:00,7,10,16,12,15,420,149,avenue du Pont,,,Plein jour,En agglomération,Hors intersection,Normale,Autre collision,,,,,,,,,,,1,2,1,1,6
200700060726,0007-10-25 10:45:00,7,10,25,10,45,420,323,RD1082,45.573,4.276,Plein jour,En agglomération,Hors intersection,Normale,Deux véhicules - arrière,,,,,,,,,,,1,2,1,1,2
200700060727,0007-10-06 01:45:00,7,10,6,1,45,420,201,,45.355,4.635,Nuit sans éclairage public,Hors agglomération,Hors intersection,Normale,Sans collision,,,,,,,,,,,3,1,1,1,7
200700060728,0007-10-03 09:45:00,7,10,3,9,45,420,120,rue de Villemontais,,,Plein jour,En agglomération,Hors intersection,Pluie légère,Sans collision,,,,,,,,,,,1,2,1,2,7
200700060729,0007-10-22 18:15:00,7,10,22,18,15,420,239,,,,Plein jour,Hors agglomération,Hors intersection,Normale,Deux véhicules - frontale,,,,,,,,,,,1,1,1,1,1
200700060730,0007-10-23 10:15:00,7,10,23,10,15,420,289,RN 81,45.952,4.214,Plein jour,En agglomération,Hors intersection,Temps couvert,Autre collision,,,,,,,,,,,1,2,1,8,6
200700060731,0007-10-13 15:00:00,7,10,13,15,0,420,152,,,,Plein jour,Hors agglomération,Autre intersection,Normale,Deux véhicules - frontale,,,,,,,,,,,1,1,9,1,1
200700060732,0007-10-20 08:30:00,7,10,20,8,30,420,152,,,,Plein jour,Hors agglomération,Hors intersection,Normale,Sans collision,,,,,,,,,,,1,1,1,1,7
200700060733,0007-10-30 15:00:00,7,10,30,15,0,420,52,,,,Plein jour,Hors agglomération,Hors intersection,Normale,Sans collision,,,,,,,,,,,1,1,1,1,7
200700060734,0007-10-26 18:15:00,7,10,26,18,15,420,78,,46.176,3.832,Plein jour,Hors agglomération,Hors intersection,Normale,Autre collision,,,,,,,,,,,1,1,1,1,6
200700060735,0007-10-03 14:45:00,7,10,3,14,45,420,116,,,,Plein jour,Hors agglomération,Hors intersection,Normale,Sans collision,,,,,,,,,,,1,1,1,1,7
200700060736,0007-10-05 06:45:00,7,10,5,6,45,730,329,route des bouvards,,,Crépuscule ou aube,En agglomération,Hors intersection,Normale,Deux véhicules - côté,,,,,,,,,,,2,2,1,1,3
200700060737,0007-10-09 18:15:00,7,10,9,18,15,730,247,chef lieu,45.556,6.127,Plein jour,En agglomération,Hors intersection,Normale,Sans collision,,,,,,,,,,,1,2,1,1,7
200700060738,0007-10-10 12:15:00,7,10,10,12,15,730,179,,,,Plein jour,Hors agglomération,Hors intersection,Normale,Deux véhicules - côté,,,,,,,,,,,1,1,1,1,3
200700060739,0007-10-29 20:15:00,7,10,29,20,15,730,99,,45.445,6.097,Nuit sans éclairage public,Hors agglomération,Hors intersection,Normale,Deux véhicules - frontale,,,,,,,,,,,3,1,1,1,1
200700060740,0007-10-12 08:00:00,7,10,12,8,0,730,150,RdPt MACOT,,,Crépuscule ou aube,En agglomération,Giratoire,Normale,Deux véhicules - frontale,,,,,,,,,,,2,2,6,1,1
200700060741,0007-10-15 14:30:00,7,10,15,14,30,730,38,,,,Plein jour,Hors agglomération,Hors intersection,Normale,Deux véhicules - côté,,,,,,,,,,,1,1,1,1,3
200700060742,0007-10-14 17:45:00,7,10,14,17,45,730,161,,,,Nuit sans éclairage public,Hors agglomération,Hors intersection,Normale,Sans collision,,,,,,,,,,,3,1,1,1,7
200700060743,0007-10-13 04:15:00,7,10,13,4,15,730,181,,45.488,6.524,Nuit avec éclairage allumé,Hors agglomération,Hors intersection,Normale,Deux véhicules - frontale,,,,,,,,,,,5,1,1,1,1
200700060744,0007-10-25 22:45:00,7,10,25,22,45,730,2,,45.526,6.312,Nuit sans éclairage public,Hors agglomération,Hors intersection,Normale,Sans collision,,,,,,,,,,,3,1,1,1,7
200700060745,0007-10-22 13:00:00,7,10,22,13,0,730,157,,45.183,6.667,Plein jour,Hors agglomération,Hors intersection,Normale,Deux véhicules - frontale,,,,,,,,,,,1,1,1,1,1
200700060746,0007-10-06 14:30:00,7,10,6,14,30,740,182,5 bis route de frangy,45.917,6.095,Plein jour,En agglomération,Hors intersection,Normale,Sans collision,,,,,,,,,,,1,2,1,1,7
200700060747,0007-10-09 21:45:00,7,10,9,21,45,740,182,chemin de la fruitière,45.924,6.096,Nuit avec éclairage allumé,En agglomération,Hors intersection,Normale,Deux véhicules - côté,,,,,,,,,,,5,2,1,1,3
200700060748,0007-10-11 17:00:00,7,10,11,17,0,740,182,13 Avenue du Stade,,,Plein jour,En agglomération,Hors intersection,Normale,Deux véhicules - frontale,,,,,,,,,,,1,2,1,1,1
200700060749,0007-10-07 05:45:00,7,10,7,5,45,740,267,,,,Nuit avec éclairage allumé,En agglomération,Hors intersection,Normale,Autre collision,,,,,,,,,,,5,2,1,1,6
200700060750,0007-10-19 09:00:00,7,10,19,9,0,740,225,,,,Plein jour,Hors agglomération,Hors intersection,Normale,Autre collision,,,,,,,,,,,1,1,1,1,6
200700060751,0007-10-27 16:30:00,7,10,27,16,30,740,142,,,,Plein jour,Hors agglomération,Hors intersection,Normale,Deux véhicules - frontale,,,,,,,,,,,1,1,1,1,1
200700060752,0007-10-08 16:45:00,7,10,8,16,45,740,302,chef lieu,,,Plein jour,En agglomération,Hors intersection,Normale,Deux véhicules - frontale,,,,,,,,,,,1,2,1,1,1
200700060753,0007-10-17 06:15:00,7,10,17,6,15,740,3,,,,Nuit sans éclairage public,Hors agglomération,Hors intersection,Normale,Deux véhicules - frontale,,,,,,,,,,,3,1,1,1,1
200700060754,0007-10-06 20:00:00,7,10,6,20,0,740,87,,46.136,6.338,Nuit avec éclairage allumé,Hors agglomération,Hors intersection,Normale,Sans collision,,,,,,,,,,,5,1,1,1,7
200700060755,0007-10-05 16:00:00,7,10,5,16,0,740,159,,46.03,6.61,Plein jour,Hors agglomération,Hors intersection,Normale,Trois véhicules et plus - collisions multiples,,,,,,,,,,,1,1,1,1,5
200700060756,0007-10-02 15:30:00,7,10,2,15,30,740,236,,,,Plein jour,Hors agglomération,Hors intersection,Normale,Deux véhicules - arrière,,,,,,,,,,,1,1,1,1,2
200700060757,0007-10-02 16:45:00,7,10,2,16,45,740,256,,,,Plein jour,Hors agglomération,Hors intersection,Normale,Autre collision,,,,,,,,,,,1,1,1,1,6
200700060758,0007-10-31 20:15:00,7,10,31,20,15,740,256,Avenue de Genève,45.94,6.632,Nuit avec éclairage allumé,En agglomération,Hors intersection,Normale,Trois véhicules et plus - en chaîne,,,,,,,,,,,5,2,1,1,4
200700060759,0007-10-31 18:30:00,7,10,31,18,30,740,208,,45.921,6.696,Nuit avec éclairage allumé,Hors agglomération,Hors intersection,Normale,Deux véhicules - frontale,,,,,,,,,,,5,1,1,1,1
200700060760,0007-10-13 01:45:00,7,10,13,1,45,740,258,,46.093,6.688,Nuit sans éclairage public,Hors agglomération,Hors intersection,Normale,Autre collision,,,,,,,,,,,3,1,1,1,6
200700060761,0007-10-29 19:45:00,7,10,29,19,45,740,243,route de genève,,,Nuit avec éclairage allumé,En agglomération,Hors intersection,Normale,Deux véhicules - côté,,,,,,,,,,,5,2,1,1,3
200700060762,0007-10-03 06:45:00,7,10,3,6,45,740,262,,,,Nuit sans éclairage public,Hors agglomération,Autre intersection,Brouillard / fumée,Deux véhicules - arrière,,,,,,,,,,,3,1,9,5,2
200700060763,0007-10-06 06:00:00,7,10,6,6,0,740,220,,46.166,6.243,Nuit avec éclairage allumé,Hors agglomération,Hors intersection,Normale,Deux véhicules - frontale,,,,,,,,,,,5,1,1,1,1
200700060764,0007-10-07 16:30:00,7,10,7,16,30,740,128,,46.162,6.316,Plein jour,Hors agglomération,Hors intersection,Normale,Deux véhicules - frontale,,,,,,,,,,,1,1,1,1,1
200700060765,0007-10-09 07:45:00,7,10,9,7,45,740,220,,,,Crépuscule ou aube,Hors agglomération,Intersection en X,Brouillard / fumée,Deux véhicules - frontale,,,,,,,,,,,2,1,2,5,1
200700060766,0007-10-21 06:45:00,7,10,21,6,45,740,220,route de l'Eculaz,,,Nuit avec éclairage allumé,En agglomération,Hors intersection,Normale,Deux véhicules - côté,,,,,,,,,,,5,2,1,1,3
200700060767,0007-10-22 17:30:00,7,10,22,17,30,740,229,,,,Plein jour,Hors agglomération,Hors intersection,Normale,Trois véhicules et plus - collisions multiples,,,,,,,,,,,1,1,1,1,5
200700060768,0007-10-30 10:15:00,7,10,30,10,15,740,220,,,,Plein jour,Hors agglomération,Hors intersection,Pluie légère,Deux véhicules - frontale,,,,,,,,,,,1,1,1,2,1
200700060769,0007-10-20 05:00:00,7,10,20,5,0,740,195,route de Serrasson,,,Nuit sans éclairage public,En agglomération,Hors intersection,Normale,Autre collision,,,,,,,,,,,3,2,1,1,6
200700060770,0007-10-25 08:00:00,7,10,25,8,0,740,168,,46.026,6.012,Plein jour,Hors agglomération,Hors intersection,Temps couvert,Deux véhicules - frontale,,,,,,,,,,,1,1,1,8,1
200700060771,0007-10-07 18:30:00,7,10,7,18,30,740,105,Avenue du stade,,,Plein jour,En agglomération,Hors intersection,Normale,Autre collision,,,,,,,,,,,1,2,1,1,6
200700060772,0007-10-24 17:30:00,7,10,24,17,30,740,263,,46.33,6.357,Plein jour,Hors agglomération,Hors intersection,Normale,Autre collision,,,,,,,,,,,1,1,1,1,6
200700060773,0007-10-03 13:30:00,7,10,3,13,30,740,249,,46.377,6.642,Plein jour,Hors agglomération,Intersection en X,Normale,Deux véhicules - côté,,,,,,,,,,,1,1,2,1,3
200700060774,0007-10-31 15:30:00,7,10,31,15,30,740,127,,,,Plein jour,Hors agglomération,Hors intersection,Normale,Autre collision,,,,,,,,,,,1,1,1,1,6
200700060775,0007-10-12 15:30:00,7,10,12,15,30,740,34,,,,Plein jour,Hors agglomération,Hors intersection,Normale,Deux véhicules - frontale,,,,,,,,,,,1,1,1,1,1
200700060776,0007-10-21 12:30:00,7,10,21,12,30,630,345,Fontfreyde,45.71,3.005,Plein jour,En agglomération,Hors intersection,Normale,Sans collision,,,,,,,,,,,1,2,1,1,7
200700060777,0007-10-28 17:30:00,7,10,28,17,30,630,84,,45.594,3.125,Crépuscule ou aube,Hors agglomération,Hors intersection,Normale,Sans collision,,,,,,,,,,,2,1,1,1,7
200700060778,0007-10-24 16:00:00,7,10,24,16,0,630,3,,,,Plein jour,Hors agglomération,Hors intersection,Normale,Deux véhicules - frontale,,,,,,,,,,,1,1,1,1,1
200700060779,0007-10-28 13:30:00,7,10,28,13,30,630,412,,45.399,3.869,Plein jour,Hors agglomération,Hors intersection,Normale,Autre collision,,,,,,,,,,,1,1,1,1,6
200700060780,0007-10-02 11:30:00,7,10,2,11,30,630,178,Place de la République,,,Plein jour,En agglomération,Hors intersection,Normale,Autre collision,,,,,,,,,,,1,2,1,1,6
200700060781,0007-10-14 20:30:00,7,10,14,20,30,630,222,,45.556,3.158,Plein jour,Hors agglomération,Hors intersection,Normale,Sans collision,,,,,,,,,,,1,1,1,1,7
200700060782,0007-10-20 20:15:00,7,10,20,20,15,630,178,Route d'orbeil,,,Nuit sans éclairage public,En agglomération,Hors intersection,Normale,Deux véhicules - frontale,,,,,,,,,,,3,2,1,1,1
200700060783,0007-10-30 16:15:00,7,10,30,16,15,630,422,,45.529,3.218,Plein jour,Hors agglomération,Hors intersection,Pluie légère,Deux véhicules - côté,,,,,,,,,,,1,1,1,2,3
200700060784,0007-10-21 14:15:00,7,10,21,14,15,630,117,,,,Plein jour,Hors agglomération,Hors intersection,Normale,Deux véhicules - frontale,,,,,,,,,,,1,1,1,1,1
200700060785,0007-10-29 17:30:00,7,10,29,17,30,630,28,,45.49,2.59,Crépuscule ou aube,Hors agglomération,Hors intersection,Pluie légère,Sans collision,,,,,,,,,,,2,1,1,2,7
200700060786,0007-10-14 15:00:00,7,10,14,15,0,630,446,,46.054,3.209,Plein jour,Hors agglomération,Hors intersection,Normale,Autre collision,,,,,,,,,,,1,1,1,1,6
200700060787,0007-10-14 16:00:00,7,10,14,16,0,630,89,,45.87,3.229,Plein jour,Hors agglomération,Hors intersection,Normale,Sans collision,,,,,,,,,,,1,1,1,1,7
200700060788,0007-10-14 05:15:00,7,10,14,5,15,630,186,,,,Nuit sans éclairage public,Hors agglomération,Hors intersection,Brouillard / fumée,Autre collision,,,,,,,,,,,3,1,1,5,6
200700060789,0007-10-20 18:00:00,7,10,20,18,0,630,233,,46.19,2.802,Plein jour,Hors agglomération,Hors intersection,Temps éblouissant,Deux véhicules - côté,,,,,,,,,,,1,1,1,7,3
200700060790,0007-10-06 01:45:00,7,10,6,1,45,630,131,,45.86,3.347,Nuit sans éclairage public,Hors agglomération,Autre intersection,Normale,Autre collision,,,,,,,,,,,3,1,9,1,6
200700060791,0007-10-13 01:45:00,7,10,13,1,45,630,196,,45.968,3.424,Nuit sans éclairage public,Hors agglomération,Autre intersection,Normale,Autre collision,,,,,,,,,,,3,1,9,1,6
200700060792,0007-10-21 18:15:00,7,10,21,18,15,30,316,Route de Bagneux,46.666,3.245,Plein jour,En agglomération,Intersection en Y,Temps éblouissant,Deux véhicules - frontale,,,,,,,,,,,1,2,4,7,1
200700060793,0007-10-15 16:00:00,7,10,15,16,0,30,197,,46.443,3.48,Plein jour,Hors agglomération,Hors intersection,Normale,Autre collision,,,,,,,,,,,1,1,1,1,6
200700060794,0007-10-08 10:15:00,7,10,8,10,15,30,18,,,,Plein jour,Hors agglomération,Hors intersection,Normale,Deux véhicules - frontale,,,,,,,,,,,1,1,1,1,1
200700060795,0007-10-16 17:45:00,7,10,16,17,45,30,247,,,,Plein jour,Hors agglomération,Hors intersection,Normale,Autre collision,,,,,,,,,,,1,1,1,1,6
200700060796,0007-10-05 20:30:00,7,10,5,20,30,30,217,,46.343,2.646,Nuit sans éclairage public,Hors agglomération,Hors intersection,Pluie légère,Sans collision,,,,,,,,,,,3,1,1,2,7
200700060797,0007-10-08 23:15:00,7,10,8,23,15,30,136,,46.309,2.444,Nuit sans éclairage public,Hors agglomération,Hors intersection,Normale,Sans collision,,,,,,,,,,,3,1,1,1,7
200700060798,0007-10-07 05:00:00,7,10,7,5,0,30,158,,,,Nuit sans éclairage public,Hors agglomération,Hors intersection,Normale,Sans collision,,,,,,,,,,,3,1,1,1,7
200700060799,0007-10-07 03:00:00,7,10,7,3,0,30,82,rue Henri Ribière,,,Nuit avec éclairage allumé,En agglomération,Hors intersection,Normale,Sans collision,,,,,,,,,,,5,2,1,1,7
200700060800,0007-10-09 06:30:00,7,10,9,6,30,30,80,,46.11,3.3,Nuit sans éclairage public,Hors agglomération,Hors intersection,Normale,Deux véhicules - frontale,,,,,,,,,,,3,1,1,1,1
200700060801,0007-10-14 14:15:00,7,10,14,14,15,30,113,,46.024,3.649,Plein jour,Hors agglomération,Hors intersection,Normale,Deux véhicules - frontale,,,,,,,,,,,1,1,1,1,1
200700060802,0007-10-28 17:30:00,7,10,28,17,30,30,131,,46.167,3.62,Plein jour,Hors agglomération,Hors intersection,Normale,Sans collision,,,,,,,,,,,1,1,1,1,7
200700060803,0007-10-28 20:15:00,7,10,28,20,15,30,248,place du bourg,46.065,3.782,Nuit avec éclairage allumé,En agglomération,Place,Normale,Sans collision,,,,,,,,,,,5,2,7,1,7
200700060804,0007-10-08 20:00:00,7,10,8,20,0,30,298,,,,Nuit sans éclairage public,Hors agglomération,Hors intersection,Normale,Deux véhicules - arrière,,,,,,,,,,,3,1,1,1,2
200700060805,0007-10-21 03:00:00,7,10,21,3,0,150,269,,,,Nuit sans éclairage public,Hors agglomération,Hors intersection,Normale,Sans collision,,,,,,,,,,,3,1,1,1,7
200700060806,0007-10-23 16:30:00,7,10,23,16,30,150,181,,44.695,2.226,Plein jour,Hors agglomération,Hors intersection,Normale,Deux véhicules - côté,,,,,,,,,,,1,1,1,1,3
200700060807,0007-10-20 17:00:00,7,10,20,17,0,150,28,,44.892,2.558,Plein jour,Hors agglomération,Hors intersection,Normale,Autre collision,,,,,,,,,,,1,1,1,1,6
200700060808,0007-10-12 21:15:00,7,10,12,21,15,150,38,,45.398,2.536,Nuit sans éclairage public,Hors agglomération,Hors intersection,Normale,Deux véhicules - frontale,,,,,,,,,,,3,1,1,1,1
200700060809,0007-10-20 17:30:00,7,10,20,17,30,150,265,,45.354,2.455,Plein jour,Hors agglomération,Hors intersection,Normale,Deux véhicules - frontale,,,,,,,,,,,1,1,1,1,1
200700060810,0007-10-28 18:00:00,7,10,28,18,0,150,187,ave de verdun,,,Plein jour,En agglomération,Hors intersection,Temps éblouissant,Deux véhicules - frontale,,,,,,,,,,,1,2,1,7,1
200700060811,0007-10-27 15:15:00,7,10,27,15,15,150,119,67 Av  Général de Gaull,45.259,3.198,Plein jour,En agglomération,Hors intersection,Temps éblouissant,Deux véhicules - côté,,,,,,,,,,,1,2,1,7,3
200700060812,0007-10-17 08:45:00,7,10,17,8,45,430,174,,45.026,3.843,Plein jour,Hors agglomération,Hors intersection,Normale,Sans collision,,,,,,,,,,,1,1,1,1,7
200700060813,0007-10-06 08:45:00,7,10,6,8,45,430,111,,44.854,3.852,Plein jour,Hors agglomération,Autre intersection,Brouillard / fumée,Deux véhicules - côté,,,,,,,,,,,1,1,9,5,3
200700060814,0007-10-09 22:00:00,7,10,9,22,0,430,111,,,,Nuit sans éclairage public,Hors agglomération,Hors intersection,Pluie légère,Autre collision,,,,,,,,,,,3,1,1,2,6
200700060815,0007-10-13 14:00:00,7,10,13,14,0,430,42,,44.937,3.822,Plein jour,Hors agglomération,Hors intersection,Normale,Deux véhicules - frontale,,,,,,,,,,,1,1,1,1,1
200700060816,0007-10-10 19:30:00,7,10,10,19,30,430,61,,45.081,3.965,Nuit sans éclairage public,Hors agglomération,Hors intersection,Normale,Autre collision,,,,,,,,,,,3,1,1,1,6
200700060817,0007-10-12 16:45:00,7,10,12,16,45,430,165,,45.134,3.976,Plein jour,Hors agglomération,Hors intersection,Normale,Deux véhicules - frontale,,,,,,,,,,,1,1,1,1,1
200700060818,0007-10-08 15:30:00,7,10,8,15,30,430,113,,45.001,3.994,Plein jour,Hors agglomération,Hors intersection,Normale,Deux véhicules - frontale,,,,,,,,,,,1,1,1,1,1
200700060819,0007-10-06 15:30:00,7,10,6,15,30,430,43,,45.214,3.774,Plein jour,Hors agglomération,Hors intersection,Normale,Autre collision,,,,,,,,,,,1,1,1,1,6
200700060820,0007-10-25 15:30:00,7,10,25,15,30,430,152,,45.078,3.864,Plein jour,Hors agglomération,Hors intersection,Normale,Deux véhicules - côté,,,,,,,,,,,1,1,1,1,3
200700060821,0007-10-20 17:30:00,7,10,20,17,30,430,110,,45.308,3.408,Plein jour,Hors agglomération,Giratoire,Normale,Deux véhicules - frontale,,,,,,,,,,,1,1,6,1,1
200700060822,0007-10-17 18:00:00,7,10,17,18,0,430,170,,45.286,3.266,Crépuscule ou aube,Hors agglomération,Hors intersection,Normale,Deux véhicules - frontale,,,,,,,,,,,2,1,1,1,1
200700060823,0007-10-06 10:45:00,7,10,6,10,45,430,268,,45.121,4.181,Plein jour,Hors agglomération,Hors intersection,Pluie légère,Sans collision,,,,,,,,,,,1,1,1,2,7
200700060824,0007-10-08 08:30:00,7,10,8,8,30,430,268,Parking SUPER U,45.161,4.134,Plein jour,En agglomération,Hors intersection,Normale,Autre collision,,,,,,,,,,,1,2,1,1,6
200700060825,0007-10-06 16:45:00,7,10,6,16,45,430,203,,,,Plein jour,Hors agglomération,Hors intersection,Normale,Sans collision,,,,,,,,,,,1,1,1,1,7
200700060826,0007-10-24 16:45:00,7,10,24,16,45,430,268,rue Louis Pasteur,45.147,4.122,Plein jour,En agglomération,Hors intersection,Normale,Deux véhicules - frontale,,,,,,,,,,,1,2,1,1,1
200700060827,0007-10-20 19:00:00,7,10,20,19,0,430,20,,45.3,4.117,Crépuscule ou aube,Hors agglomération,Intersection en T,Normale,Deux véhicules - frontale,,,,,,,,,,,2,1,3,1,1
200700060828,0007-10-24 08:30:00,7,10,24,8,30,430,137,La côte du prince,,,Crépuscule ou aube,En agglomération,Hors intersection,Pluie légère,Deux véhicules - côté,,,,,,,,,,,2,2,1,2,3
200700060829,0007-10-05 11:00:00,7,10,5,11,0,430,177,,45.319,4.28,Plein jour,Hors agglomération,Hors intersection,Normale,Sans collision,,,,,,,,,,,1,1,1,1,7
200700060830,0007-10-11 10:45:00,7,10,11,10,45,430,163,,,,Plein jour,Hors agglomération,Hors intersection,Normale,Deux véhicules - frontale,,,,,,,,,,,1,1,1,1,1
200700060831,0007-10-10 06:15:00,7,10,10,6,15,570,481,20 RUE DU GENERAL KOENIG,49.218,6.03,Plein jour,En agglomération,Hors intersection,Normale,Deux véhicules - arrière,,,,,,,,,,,1,2,1,1,2
200700060832,0007-10-09 12:15:00,7,10,9,12,15,570,707,,49.154,6.008,Plein jour,Hors agglomération,Hors intersection,Normale,Deux véhicules - frontale,,,,,,,,,,,1,1,1,1,1
200700060833,0007-10-03 15:15:00,7,10,3,15,15,570,663,,,,Plein jour,Hors agglomération,Hors intersection,Normale,Deux véhicules - frontale,,,,,,,,,,,1,1,1,1,1
200700060834,0007-10-01 07:15:00,7,10,1,7,15,570,553,,,,Crépuscule ou aube,Hors agglomération,Hors intersection,Normale,Deux véhicules - arrière,,,,,,,,,,,2,1,1,1,2
200700060835,0007-10-05 08:15:00,7,10,5,8,15,570,572,15 rue de metz,,,Plein jour,En agglomération,Hors intersection,Normale,Deux véhicules - arrière,,,,,,,,,,,1,2,1,1,2
200700060836,0007-10-01 14:45:00,7,10,1,14,45,570,204,,,,Plein jour,Hors agglomération,Hors intersection,Normale,Trois véhicules et plus - collisions multiples,,,,,,,,,,,1,1,1,1,5
200700060837,0007-10-18 21:15:00,7,10,18,21,15,570,449,,49.106,6.307,Nuit sans éclairage public,Hors agglomération,Hors intersection,Normale,Deux véhicules - arrière,,,,,,,,,,,3,1,1,1,2
200700060838,0007-10-08 18:00:00,7,10,8,18,0,570,205,RUE PRINCIPALE,,,Plein jour,En agglomération,Hors intersection,Normale,Deux véhicules - côté,,,,,,,,,,,1,2,1,1,3
200700060839,0007-10-27 20:45:00,7,10,27,20,45,570,397,rue principale,,,Nuit avec éclairage allumé,En agglomération,Hors intersection,Normale,Autre collision,,,,,,,,,,,5,2,1,1,6
200700060840,0007-10-31 16:45:00,7,10,31,16,45,570,490,rue de Vic,,,Plein jour,En agglomération,Hors intersection,Normale,Autre collision,,,,,,,,,,,1,2,1,1,6
200700060841,0007-10-25 13:30:00,7,10,25,13,30,570,58,,,,Plein jour,Hors agglomération,Autre intersection,Normale,Trois véhicules et plus - collisions multiples,,,,,,,,,,,1,1,9,1,5
200700060842,0007-10-07 18:15:00,7,10,7,18,15,570,684,,,,Plein jour,Hors agglomération,Hors intersection,Normale,Autre collision,,,,,,,,,,,1,1,1,1,6
200700060843,0007-10-12 20:15:00,7,10,12,20,15,570,428,,,,Nuit sans éclairage public,Hors agglomération,Hors intersection,Normale,Trois véhicules et plus - en chaîne,,,,,,,,,,,3,1,1,1,4
200700060844,0007-10-14 08:45:00,7,10,14,8,45,570,224,29 rue Principale,,,Nuit avec éclairage allumé,En agglomération,Hors intersection,Normale,Autre collision,,,,,,,,,,,5,2,1,1,6
200700060845,0007-10-29 15:00:00,7,10,29,15,0,570,615,,49.025,6.888,Plein jour,Hors agglomération,Hors intersection,Temps couvert,Autre collision,,,,,,,,,,,1,1,1,8,6
200700060846,0007-10-17 20:45:00,7,10,17,20,45,570,321,,48.688,7.072,Nuit sans éclairage public,Hors agglomération,Hors intersection,Pluie légère,Autre collision,,,,,,,,,,,3,1,1,2,6
200700060847,0007-10-01 08:15:00,7,10,1,8,15,570,506,,48.868,7.028,Plein jour,Hors agglomération,Hors intersection,Normale,Deux véhicules - frontale,,,,,,,,,,,1,1,1,1,1
200700060848,0007-10-10 12:30:00,7,10,10,12,30,570,86,,48.795,6.908,Plein jour,Hors agglomération,Hors intersection,Normale,Sans collision,,,,,,,,,,,1,1,1,1,7
200700060849,0007-10-16 07:00:00,7,10,16,7,0,570,629,5 RUE DE FENTRANGE,,,Crépuscule ou aube,En agglomération,Hors intersection,Brouillard / fumée,Autre collision,,,,,,,,,,,2,2,1,5,6
200700060850,0007-10-19 17:30:00,7,10,19,17,30,570,561,,49.017,7.242,Plein jour,Hors agglomération,Hors intersection,Temps couvert,Deux véhicules - côté,,,,,,,,,,,1,1,1,8,3
200700060851,0007-10-03 06:30:00,7,10,3,6,30,570,242,,49.281,6.143,Nuit sans éclairage public,Hors agglomération,Hors intersection,Brouillard / fumée,Deux véhicules - arrière,,,,,,,,,,,3,1,1,5,2
200700060852,0007-10-06 12:15:00,7,10,6,12,15,570,206,ROUTE DE RANGUEVAUX,,,Plein jour,En agglomération,Hors intersection,Normale,Autre collision,,,,,,,,,,,1,2,1,1,6