accident_id,datetime,annee,mois,jour,heure,minute,departement,commune_insee,adresse,latitude,longitude,luminosite,agglomeration,intersection,meteo,collision,nb_vehicules,nb_usagers,nb_indemnes,nb_tues,nb_blesses_hosp,nb_blesses_legers,age_cond_1,age_cond_2,veh_type_cond_1,veh_type_cond_2,lum_code,agg_code,int_code,atm_code,col_code
200700061402,0007-10-08 13:30:00,7,10,8,13,30,450,127,,48.165,2.76,Plein jour,Hors agglomération,Hors intersection,Normale,Sans collision,,,,,,,,,,,1,1,1,1,7
200700061403,0007-10-10 07:45:00,7,10,10,7,45,450,265,,,,Crépuscule ou aube,En agglomération,Autre intersection,Brouillard / fumée,Autre collision,,,,,,,,,,,2,2,9,5,6
200700061404,0007-10-14 05:30:00,7,10,14,5,30,450,222,,48.112,2.768,Nuit avec éclairage non allumé,Hors agglomération,Hors intersection,Normale,Deux véhicules - côté,,,,,,,,,,,4,1,1,1,3
200700061405,0007-10-07 18:30:00,7,10,7,18,30,450,192,,48.239,2.358,Plein jour,Hors agglomération,Hors intersection,Normale,Autre collision,,,,,,,,,,,1,1,1,1,6
200700061406,0007-10-20 17:45:00,7,10,20,17,45,450,192,rue du Méridien,48.243,2.338,Plein jour,En agglomération,Autre intersection,Normale,Autre collision,,,,,,,,,,,1,2,9,1,6
200700061407,0007-10-21 10:00:00,7,10,21,10,0,450,191,rd pt de la gare,48.298,2.402,Plein jour,En agglomération,Giratoire,Normale,Deux véhicules - côté,,,,,,,,,,,1,2,6,1,3
200700061408,0007-10-06 18:00:00,7,10,6,18,0,450,14,,48.207,2.393,Plein jour,Hors agglomération,Hors intersection,Normale,Deux véhicules - arrière,,,,,,,,,,,1,1,1,1,2
200700061409,0007-10-03 07:45:00,7,10,3,7,45,180,241,,,,Crépuscule ou aube,Hors agglomération,Hors intersection,Brouillard / fumée,Deux véhicules - côté,,,,,,,,,,,2,1,1,5,3
200700061410,0007-10-13 13:00:00,7,10,13,13,0,180,241,,,,Plein jour,Hors agglomération,Hors intersection,Normale,Deux véhicules - frontale,,,,,,,,,,,1,1,1,1,1
200700061411,0007-10-17 08:45:00,7,10,17,8,45,180,197,AVENUE DU GENERAL DE GAU,,,Plein jour,En agglomération,Hors intersection,Normale,Deux véhicules - côté,,,,,,,,,,,1,2,1,1,3
200700061412,0007-10-12 19:30:00,7,10,12,19,30,180,83,01 RUE GRANDE RUE,,,Nuit avec éclairage allumé,En agglomération,Hors intersection,Normale,Autre collision,,,,,,,,,,,5,2,1,1,6
200700061413,0007-10-07 02:30:00,7,10,7,2,30,180,222,,46.918,2.344,Nuit sans éclairage public,Hors agglomération,Hors intersection,Normale,Autre collision,,,,,,,,,,,3,1,1,1,6
200700061414,0007-10-13 08:15:00,7,10,13,8,15,180,165,,,,Plein jour,Hors agglomération,Hors intersection,Normale,Deux véhicules - côté,,,,,,,,,,,1,1,1,1,3
200700061415,0007-10-18 11:30:00,7,10,18,11,30,180,15,intersection CD923 et CD,,,Plein jour,En agglomération,Hors intersection,Pluie légère,Deux véhicules - côté,,,,,,,,,,,1,2,1,2,3
200700061416,0007-10-17 11:45:00,7,10,17,11,45,180,4,,47.205,2.287,Plein jour,Hors agglomération,Intersection en X,Temps couvert,Deux véhicules - côté,,,,,,,,,,,1,1,2,8,3
200700061417,0007-10-29 16:15:00,7,10,29,16,15,180,149,,47.319,2.429,Plein jour,Hors agglomération,Hors intersection,Normale,Sans collision,,,,,,,,,,,1,1,1,1,7
200700061418,0007-10-01 07:15:00,7,10,1,7,15,180,140,face au 42 rue Gourdon,,,Plein jour,En agglomération,Hors intersection,Normale,Autre collision,,,,,,,,,,,1,2,1,1,6
200700061419,0007-10-06 02:15:00,7,10,6,2,15,180,150,,,,Nuit sans éclairage public,Hors agglomération,Hors intersection,Temps couvert,Autre collision,,,,,,,,,,,3,1,1,8,6
200700061420,0007-10-08 14:15:00,7,10,8,14,15,180,207,Rue Jules Ferry,46.999,2.256,Plein jour,En agglomération,Hors intersection,Normale,Autre collision,,,,,,,,,,,1,2,1,1,6
200700061421,0007-10-14 02:00:00,7,10,14,2,0,180,3,,,,Nuit sans éclairage public,Hors agglomération,Hors intersection,Normale,Deux véhicules - frontale,,,,,,,,,,,3,1,1,1,1
200700061422,0007-10-18 17:30:00,7,10,18,17,30,180,3,,,,Plein jour,Hors agglomération,Hors intersection,Normale,Autre collision,,,,,,,,,,,1,1,1,1,6
200700061423,0007-10-05 15:00:00,7,10,5,15,0,280,388,,48.393,1.451,Plein jour,Hors agglomération,Hors intersection,Normale,Deux véhicules - côté,,,,,,,,,,,1,1,1,1,3
200700061424,0007-10-18 13:30:00,7,10,18,13,30,280,403,,48.403,1.477,Plein jour,Hors agglomération,Hors intersection,Normale,Deux véhicules - côté,,,,,,,,,,,1,1,1,1,3
200700061425,0007-10-29 06:45:00,7,10,29,6,45,280,309,,48.37,1.609,Nuit sans éclairage public,Hors agglomération,Hors intersection,Pluie forte,Deux véhicules - frontale,,,,,,,,,,,3,1,1,3,1
200700061426,0007-10-19 19:15:00,7,10,19,19,15,280,99,D 103 et D 108,48.452,1.208,Nuit avec éclairage allumé,En agglomération,Hors intersection,Normale,Deux véhicules - côté,,,,,,,,,,,5,2,1,1,3
200700061427,0007-10-20 19:45:00,7,10,20,19,45,280,21,,48.358,1.31,Nuit sans éclairage public,Hors agglomération,Hors intersection,Normale,Sans collision,,,,,,,,,,,3,1,1,1,7
200700061428,0007-10-23 18:30:00,7,10,23,18,30,280,357,,48.55,1.584,Plein jour,Hors agglomération,Hors intersection,Normale,Deux véhicules - côté,,,,,,,,,,,1,1,1,1,3
200700061429,0007-10-24 18:45:00,7,10,24,18,45,280,194,,48.442,1.654,Crépuscule ou aube,Hors agglomération,Hors intersection,Normale,Deux véhicules - arrière,,,,,,,,,,,2,1,1,1,2
200700061430,0007-10-31 11:00:00,7,10,31,11,0,280,317,,48.436,1.745,Plein jour,Hors agglomération,Hors intersection,Normale,Deux véhicules - frontale,,,,,,,,,,,1,1,1,1,1
200700061431,0007-10-02 09:00:00,7,10,2,9,0,280,319,,48.296,1.962,Plein jour,Hors agglomération,Hors intersection,Brouillard / fumée,Deux véhicules - frontale,,,,,,,,,,,1,1,1,5,1
200700061432,0007-10-13 18:30:00,7,10,13,18,30,280,416,,48.282,1.585,Nuit sans éclairage public,Hors agglomération,Hors intersection,Normale,Sans collision,,,,,,,,,,,3,1,1,1,7
200700061433,0007-10-27 06:30:00,7,10,27,6,30,280,4,,48.341,1.65,Nuit sans éclairage public,Hors agglomération,Hors intersection,Normale,Deux véhicules - frontale,,,,,,,,,,,3,1,1,1,1
200700061434,0007-10-20 08:30:00,7,10,20,8,30,280,88,,48.094,1.308,Nuit sans éclairage public,Hors agglomération,Hors intersection,Normale,Deux véhicules - arrière,,,,,,,,,,,3,1,1,1,2
200700061435,0007-10-10 12:30:00,7,10,10,12,30,280,133,,48.05,1.263,Plein jour,Hors agglomération,Hors intersection,Normale,Autre collision,,,,,,,,,,,1,1,1,1,6
200700061436,0007-10-14 06:15:00,7,10,14,6,15,280,103,,47.984,1.237,Nuit sans éclairage public,Hors agglomération,Hors intersection,Brouillard / fumée,Autre collision,,,,,,,,,,,3,1,1,5,6
200700061437,0007-10-30 18:45:00,7,10,30,18,45,280,61,avenue pont mousson,48.218,1.179,Nuit avec éclairage allumé,En agglomération,Hors intersection,Normale,Autre collision,,,,,,,,,,,5,2,1,1,6
200700061438,0007-10-05 12:45:00,7,10,5,12,45,280,369,,48.644,1.278,Plein jour,Hors agglomération,Hors intersection,Normale,Deux véhicules - arrière,,,,,,,,,,,1,1,1,1,2
200700061439,0007-10-07 10:15:00,7,10,7,10,15,280,216,Route d'Allainville,48.735,1.29,Plein jour,En agglomération,Hors intersection,Brouillard / fumée,Autre collision,,,,,,,,,,,1,2,1,5,6
200700061440,0007-10-25 13:30:00,7,10,25,13,30,280,359,D.152 -rue de Nonancourt,,,Plein jour,En agglomération,Hors intersection,Normale,Deux véhicules - côté,,,,,,,,,,,1,2,1,1,3
200700061441,0007-10-07 21:30:00,7,10,7,21,30,280,7,,48.85,1.41,Nuit sans éclairage public,Hors agglomération,Hors intersection,Normale,Sans collision,,,,,,,,,,,3,1,1,1,7
200700061442,0007-10-20 17:15:00,7,10,20,17,15,280,308,,48.722,1.147,Plein jour,Hors agglomération,Hors intersection,Normale,Sans collision,,,,,,,,,,,1,1,1,1,7
200700061443,0007-10-29 02:00:00,7,10,29,2,0,280,386,,48.567,1.254,Nuit sans éclairage public,Hors agglomération,Hors intersection,Pluie légère,Autre collision,,,,,,,,,,,3,1,1,2,6
200700061444,0007-10-28 10:15:00,7,10,28,10,15,280,387,,,,Nuit sans éclairage public,Hors agglomération,Hors intersection,Normale,Autre collision,,,,,,,,,,,3,1,1,1,6
200700061445,0007-10-28 16:30:00,7,10,28,16,30,360,5,,46.745,1.828,Plein jour,Hors agglomération,Hors intersection,Normale,Sans collision,,,,,,,,,,,1,1,1,1,7
200700061446,0007-10-27 16:45:00,7,10,27,16,45,360,131,,,,Plein jour,Hors agglomération,Hors intersection,Normale,Deux véhicules - frontale,,,,,,,,,,,1,1,1,1,1
200700061447,0007-10-26 20:00:00,7,10,26,20,0,360,194,rue de la brigaudière,46.933,1.342,Nuit avec éclairage allumé,En agglomération,Hors intersection,Normale,Deux véhicules - côté,,,,,,,,,,,5,2,1,1,3
200700061448,0007-10-05 08:00:00,7,10,5,8,0,360,77,,47.222,1.538,Plein jour,Hors agglomération,Hors intersection,Brouillard / fumée,Deux véhicules - arrière,,,,,,,,,,,1,1,1,5,2
200700061449,0007-10-14 09:15:00,7,10,14,9,15,360,228,,,,Plein jour,Hors agglomération,Hors intersection,Normale,Sans collision,,,,,,,,,,,1,1,1,1,7
200700061450,0007-10-28 17:30:00,7,10,28,17,30,360,85,,47.077,1.773,Plein jour,Hors agglomération,Hors intersection,Normale,Sans collision,,,,,,,,,,,1,1,1,1,7
200700061451,0007-10-18 12:30:00,7,10,18,12,30,360,18,30 rue d ela Guignière,46.62,1.07,Plein jour,En agglomération,Hors intersection,Normale,Deux véhicules - frontale,,,,,,,,,,,1,2,1,1,1
200700061452,0007-10-28 15:00:00,7,10,28,15,0,360,123,,46.822,1.267,Plein jour,Hors agglomération,Hors intersection,Normale,Autre collision,,,,,,,,,,,1,1,1,1,6
200700061453,0007-10-21 20:15:00,7,10,21,20,15,360,43,,,,Nuit sans éclairage public,Hors agglomération,Intersection en X,Normale,Deux véhicules - côté,,,,,,,,,,,3,1,2,1,3
200700061454,0007-10-12 13:30:00,7,10,12,13,30,360,88,CHEMIN DE LA LIMOISE,46.956,2.0,Plein jour,En agglomération,Hors intersection,Normale,Deux véhicules - côté,,,,,,,,,,,1,2,1,1,3
200700061455,0007-10-27 14:45:00,7,10,27,14,45,360,3,,46.814,1.955,Plein jour,Hors agglomération,Intersection en X,Normale,Deux véhicules - côté,,,,,,,,,,,1,1,2,1,3
200700061456,0007-10-30 18:15:00,7,10,30,18,15,360,88,Boulevard Marx Dormoy,46.954,1.992,Nuit avec éclairage allumé,En agglomération,Hors intersection,Normale,Autre collision,,,,,,,,,,,5,2,1,1,6
200700061457,0007-10-04 14:30:00,7,10,4,14,30,370,3,rue de Mosny,,,Plein jour,En agglomération,Hors intersection,Normale,Deux véhicules - frontale,,,,,,,,,,,1,2,1,1,1
200700061458,0007-10-10 21:15:00,7,10,10,21,15,370,185,19 Route de la Gare,47.428,0.984,Nuit avec éclairage allumé,En agglomération,Hors intersection,Normale,Autre collision,,,,,,,,,,,5,2,1,1,6
200700061459,0007-10-20 07:45:00,7,10,20,7,45,370,171,,47.409,0.898,Crépuscule ou aube,Hors agglomération,Hors intersection,Normale,Deux véhicules - frontale,,,,,,,,,,,2,1,1,1,1
200700061460,0007-10-21 14:45:00,7,10,21,14,45,370,117,,,,Plein jour,Hors agglomération,Hors intersection,Normale,Deux véhicules - côté,,,,,,,,,,,1,1,1,1,3
200700061461,0007-10-03 07:15:00,7,10,3,7,15,370,204,Place de la république,47.522,0.647,Crépuscule ou aube,En agglomération,Place,Brouillard / fumée,Autre collision,,,,,,,,,,,2,2,7,5,6
200700061462,0007-10-15 14:30:00,7,10,15,14,30,370,59,,47.463,0.58,Plein jour,Hors agglomération,Hors intersection,Normale,Deux véhicules - frontale,,,,,,,,,,,1,1,1,1,1
200700061463,0007-10-16 15:15:00,7,10,16,15,15,370,54,,47.474,0.669,Plein jour,Hors agglomération,Hors intersection,Normale,Deux véhicules - côté,,,,,,,,,,,1,1,1,1,3
200700061464,0007-10-21 21:30:00,7,10,21,21,30,370,240,,,,Nuit sans éclairage public,Hors agglomération,Hors intersection,Normale,Deux véhicules - frontale,,,,,,,,,,,3,1,1,1,1
200700061465,0007-10-05 16:00:00,7,10,5,16,0,370,112,,47.372,0.196,Plein jour,Hors agglomération,Hors intersection,Normale,Deux véhicules - frontale,,,,,,,,,,,1,1,1,1,1
200700061466,0007-10-18 18:15:00,7,10,18,18,15,370,14,,47.325,0.466,Plein jour,Hors agglomération,Hors intersection,Normale,Autre collision,,,,,,,,,,,1,1,1,1,6
200700061467,0007-10-15 15:00:00,7,10,15,15,0,370,65,,47.039,0.363,Plein jour,Hors agglomération,Intersection en Y,Normale,Deux véhicules - côté,,,,,,,,,,,1,1,4,1,3
200700061468,0007-10-31 14:30:00,7,10,31,14,30,370,65,RD757 Carref INTERMARCHE,47.021,0.329,Plein jour,En agglomération,Hors intersection,Normale,Deux véhicules - côté,,,,,,,,,,,1,2,1,1,3
200700061469,0007-10-28 15:00:00,7,10,28,15,0,370,132,,,,Plein jour,Hors agglomération,Hors intersection,Normale,Deux véhicules - côté,,,,,,,,,,,1,1,1,1,3
200700061470,0007-10-02 16:15:00,7,10,2,16,15,370,254,,,,Plein jour,Hors agglomération,Hors intersection,Pluie légère,Deux véhicules - côté,,,,,,,,,,,1,1,1,2,3
200700061471,0007-10-11 13:00:00,7,10,11,13,0,410,9,,,,Plein jour,Hors agglomération,Hors intersection,Normale,Trois véhicules et plus - collisions multiples,,,,,,,,,,,1,1,1,1,5
200700061472,0007-10-03 05:00:00,7,10,3,5,0,410,17,Place St Maurice,47.909,1.465,Nuit avec éclairage allumé,En agglomération,Hors intersection,Brouillard / fumée,Autre collision,,,,,,,,,,,5,2,1,5,6
200700061473,0007-10-03 17:45:00,7,10,3,17,45,410,63,,47.253,1.454,Plein jour,Hors agglomération,Hors intersection,Temps couvert,Deux véhicules - côté,,,,,,,,,,,1,1,1,8,3
200700061474,0007-10-09 13:30:00,7,10,9,13,30,410,239,RUE DES GÄTINES,47.269,1.386,Plein jour,En agglomération,Hors intersection,Normale,Deux véhicules - frontale,,,,,,,,,,,1,2,1,1,1
200700061475,0007-10-25 20:45:00,7,10,25,20,45,410,296,,,,Nuit sans éclairage public,Hors agglomération,Hors intersection,Normale,Autre collision,,,,,,,,,,,3,1,1,1,6
200700061476,0007-10-30 14:30:00,7,10,30,14,30,410,44,,,,Plein jour,Hors agglomération,Hors intersection,Normale,Autre collision,,,,,,,,,,,1,1,1,1,6
200700061477,0007-10-21 15:45:00,7,10,21,15,45,410,225,,47.754,0.807,Plein jour,Hors agglomération,Hors intersection,Normale,Deux véhicules - côté,,,,,,,,,,,1,1,1,1,3
200700061478,0007-10-07 03:00:00,7,10,7,3,0,290,2,,,,Nuit sans éclairage public,Hors agglomération,Hors intersection,Normale,Autre collision,,,,,,,,,,,3,1,1,1,6
200700061479,0007-10-25 12:30:00,7,10,25,12,30,290,234,,,,Plein jour,Hors agglomération,Hors intersection,Normale,Trois véhicules et plus - collisions multiples,,,,,,,,,,,1,1,1,1,5
200700061480,0007-10-20 01:15:00,7,10,20,1,15,290,293,,,,Nuit sans éclairage public,Hors agglomération,Hors intersection,Normale,Autre collision,,,,,,,,,,,3,1,1,1,6
200700061481,0007-10-01 16:30:00,7,10,1,16,30,290,49,,,,Crépuscule ou aube,Hors agglomération,Hors intersection,Normale,Sans collision,,,,,,,,,,,2,1,1,1,7
200700061482,0007-10-31 07:30:00,7,10,31,7,30,290,146,,,,Crépuscule ou aube,Hors agglomération,Hors intersection,Normale,Deux véhicules - frontale,,,,,,,,,,,2,1,1,1,1
200700061483,0007-10-05 01:00:00,7,10,5,1,0,130,88,,43.369,5.265,Nuit sans éclairage public,Hors agglomération,Hors intersection,Normale,Autre collision,,,,,,,,,,,3,1,1,1,6
200700061484,0007-10-10 17:00:00,7,10,10,17,0,130,88,,,,Plein jour,Hors agglomération,Hors intersection,Normale,Sans collision,,,,,,,,,,,1,1,1,1,7
200700061485,0007-10-17 00:15:00,7,10,17,0,15,130,104,,,,Nuit sans éclairage public,Hors agglomération,Hors intersection,Normale,Deux véhicules - frontale,,,,,,,,,,,3,1,1,1,1
200700061486,0007-10-15 02:30:00,7,10,15,2,30,950,365,,,,Nuit sans éclairage public,Hors agglomération,Hors intersection,Normale,Sans collision,,,,,,,,,,,3,1,1,1,7
200700061487,0007-10-13 23:45:00,7,10,13,23,45,440,20,,,,Nuit avec éclairage non allumé,Hors agglomération,Hors intersection,Normale,Deux véhicules - frontale,,,,,,,,,,,4,1,1,1,1
200700061488,0007-10-30 20:00:00,7,10,30,20,0,330,199,COURS DE LA REPUBLIQUE,,,Nuit avec éclairage allumé,En agglomération,Hors intersection,Normale,Deux véhicules - frontale,,,,,,,,,,,5,2,1,1,1
200700061489,0007-10-21 16:00:00,7,10,21,16,0,870,81,,45.722,1.223,Plein jour,Hors agglomération,Hors intersection,Normale,Autre collision,,,,,,,,,,,1,1,1,1,6
200700061490,0007-10-29 19:15:00,7,10,29,19,15,670,283,,48.688,7.384,Nuit sans éclairage public,Hors agglomération,Hors intersection,Pluie légère,Trois véhicules et plus - collisions multiples,,,,,,,,,,,3,1,1,2,5
200700061491,0007-10-08 08:00:00,7,10,8,8,0,330,118,,44.795,-0.451,Plein jour,Hors agglomération,Hors intersection,Normale,Deux véhicules - frontale,,,,,,,,,,,1,1,1,1,1
200700061492,0007-10-16 11:45:00,7,10,16,11,45,580,303,Bld Camille Dagonneau,,,Plein jour,En agglomération,Giratoire,Normale,Deux véhicules - frontale,,,,,,,,,,,1,2,6,1,1
200700061493,0007-10-09 17:00:00,7,10,9,17,0,470,143,Place du foirail,44.184,0.302,Plein jour,En agglomération,Hors intersection,Normale,Deux véhicules - côté,,,,,,,,,,,1,2,1,1,3
200700061494,0007-10-15 13:30:00,7,10,15,13,30,470,41,,,,Plein jour,Hors agglomération,Intersection en X,Normale,Deux véhicules - frontale,,,,,,,,,,,1,1,2,1,1
200700061495,0007-10-26 08:30:00,7,10,26,8,30,110,86,,,,Plein jour,Hors agglomération,Hors intersection,Pluie forte,Deux véhicules - côté,,,,,,,,,,,1,1,1,3,3
200700061496,0007-10-12 17:45:00,7,10,12,17,45,570,41,,49.418,5.933,Crépuscule ou aube,Hors agglomération,Hors intersection,Normale,Deux véhicules - côté,,,,,,,,,,,2,1,1,1,3
200700061497,0007-10-19 13:30:00,7,10,19,13,30,340,270,Route de Montpellier,43.58,3.832,Plein jour,En agglomération,Hors intersection,Normale,Deux véhicules - côté,,,,,,,,,,,1,2,1,1,3
200700061498,0007-10-12 18:30:00,7,10,12,18,30,350,51,,,,Plein jour,Hors agglomération,Giratoire,Normale,Deux véhicules - côté,,,,,,,,,,,1,1,6,1,3
200700061499,0007-10-15 11:45:00,7,10,15,11,45,350,51,,48.105,-1.565,Plein jour,Hors agglomération,Intersection en X,Normale,Deux véhicules - côté,,,,,,,,,,,1,1,2,1,3
200700061500,0007-10-29 17:30:00,7,10,29,17,30,350,51,Mail de Bourgchevreuil,,,Plein jour,En agglomération,Giratoire,Normale,Deux véhicules - côté,,,,,,,,,,,1,2,6,1,3
200700061501,0007-10-31 10:45:00,7,10,31,10,45,350,51,,,,Plein jour,Hors agglomération,Hors intersection,Normale,Deux véhicules - côté,,,,,,,,,,,1,1,1,1,3
200700061502,0007-10-31 14:00:00,7,10,31,14,0,110,397,Avenue Général DE GAULLE,,,Plein jour,En agglomération,Hors intersection,Normale,Autre collision,,,,,,,,,,,1,2,1,1,6
200700061503,0007-10-05 18:15:00,7,10,5,18,15,510,518,,49.313,3.984,Plein jour,Hors agglomération,Intersection en X,Normale,Deux véhicules - côté,,,,,,,,,,,1,1,2,1,3
200700061504,0007-10-11 14:45:00,7,10,11,14,45,510,454,,49.27,4.062,Plein jour,Hors agglomération,Hors intersection,Normale,Autre collision,,,,,,,,,,,1,1,1,1,6
200700061505,0007-10-31 16:15:00,7,10,31,16,15,510,662,5 RUE DE CREPY,49.293,4.116,Plein jour,En agglomération,Hors intersection,Normale,Deux véhicules - côté,,,,,,,,,,,1,2,1,1,3
200700061506,0007-10-31 17:30:00,7,10,31,17,30,510,105,,49.241,4.109,Plein jour,Hors agglomération,Hors intersection,Temps couvert,Deux véhicules - frontale,,,,,,,,,,,1,1,1,8,1
200700061507,0007-10-13 10:45:00,7,10,13,10,45,330,5,Allée Mondésir,44.742,-1.092,Nuit avec éclairage allumé,En agglomération,Intersection à plus de 4 branches,Normale,Deux véhicules - côté,,,,,,,,,,,5,2,5,1,3
200700061508,0007-10-08 05:45:00,7,10,8,5,45,890,415,,,,Nuit sans éclairage public,Hors agglomération,Hors intersection,Normale,Sans collision,,,,,,,,,,,3,1,1,1,7
200700061509,0007-10-09 08:00:00,7,10,9,8,0,890,441,,,,Plein jour,Hors agglomération,Hors intersection,Normale,Autre collision,,,,,,,,,,,1,1,1,1,6
200700061510,0007-10-14 01:45:00,7,10,14,1,45,800,555,,,,Nuit sans éclairage public,Hors agglomération,Hors intersection,Normale,Autre collision,,,,,,,,,,,3,1,1,1,6
200700061511,0007-10-14 20:15:00,7,10,14,20,15,710,384,,,,Nuit sans éclairage public,Hors agglomération,Hors intersection,Normale,Deux véhicules - arrière,,,,,,,,,,,3,1,1,1,2
200700061512,0007-10-02 05:00:00,7,10,2,5,0,840,91,,,,Nuit sans éclairage public,Hors agglomération,Hors intersection,Normale,Autre collision,,,,,,,,,,,3,1,1,1,6
200700061513,0007-10-05 18:00:00,7,10,5,18,0,840,83,,,,Plein jour,Hors agglomération,Hors intersection,Normale,Autre collision,,,,,,,,,,,1,1,1,1,6
200700061514,0007-10-07 07:00:00,7,10,7,7,0,830,107,,43.46,6.67,Nuit sans éclairage public,Hors agglomération,Hors intersection,Normale,Trois véhicules et plus - collisions multiples,,,,,,,,,,,3,1,1,1,5
200700061515,0007-10-15 16:45:00,7,10,15,16,45,830,61,,43.476,6.735,Plein jour,Hors agglomération,Hors intersection,Normale,Autre collision,,,,,,,,,,,1,1,1,1,6
200700061516,0007-10-26 13:45:00,7,10,26,13,45,830,86,,43.464,6.602,Plein jour,Hors agglomération,Hors intersection,Normale,Deux véhicules - arrière,,,,,,,,,,,1,1,1,1,2
200700061517,0007-10-01 09:00:00,7,10,1,9,0,600,391,CD 12,,,Plein jour,En agglomération,Hors intersection,Pluie légère,Autre collision,,,,,,,,,,,1,2,1,2,6
200700061518,0007-10-07 11:45:00,7,10,7,11,45,600,185,ROUTE DE PRECY,,,Plein jour,En agglomération,Hors intersection,Normale,Trois véhicules et plus - collisions multiples,,,,,,,,,,,1,2,1,1,5
200700061519,0007-10-10 16:00:00,7,10,10,16,0,600,686,,,,Plein jour,Hors agglomération,Hors intersection,Normale,Deux véhicules - frontale,,,,,,,,,,,1,1,1,1,1
200700061520,0007-10-16 08:15:00,7,10,16,8,15,600,584,,,,Plein jour,Hors agglomération,Hors intersection,Normale,Autre collision,,,,,,,,,,,1,1,1,1,6
200700061521,0007-10-22 15:15:00,7,10,22,15,15,600,531,,,,Plein jour,Hors agglomération,Hors intersection,Normale,Deux véhicules - côté,,,,,,,,,,,1,1,1,1,3
200700061522,0007-10-05 08:30:00,7,10,5,8,30,210,561,,47.436,4.814,Plein jour,Hors agglomération,Hors intersection,Brouillard / fumée,Trois véhicules et plus - collisions multiples,,,,,,,,,,,1,1,1,5,5
200700061523,0007-10-05 00:30:00,7,10,5,0,30,690,19,,46.098,4.748,Nuit sans éclairage public,Hors agglomération,Hors intersection,Brouillard / fumée,Sans collision,,,,,,,,,,,3,1,1,5,7
200700061524,0007-10-29 20:30:00,7,10,29,20,30,690,206,,46.087,4.744,Nuit sans éclairage public,Hors agglomération,Hors intersection,Normale,Trois véhicules et plus - collisions multiples,,,,,,,,,,,3,1,1,1,5
200700061525,0007-10-03 17:15:00,7,10,3,17,15,950,250,rue du Val de Loire,,,Plein jour,En agglomération,Hors intersection,Normale,Autre collision,,,,,,,,,,,1,2,1,1,6
200700061526,0007-10-25 12:15:00,7,10,25,12,15,950,371,,,,Plein jour,Hors agglomération,Hors intersection,Normale,Deux véhicules - côté,,,,,,,,,,,1,1,1,1,3
200700061527,0007-10-27 17:00:00,7,10,27,17,0,950,580,,49.095,2.528,Plein jour,Hors agglomération,Hors intersection,Normale,Deux véhicules - arrière,,,,,,,,,,,1,1,1,1,2
200700061528,0007-10-29 19:45:00,7,10,29,19,45,950,250,Avenue de Beaumont,,,Nuit avec éclairage allumé,En agglomération,Hors intersection,Pluie légère,Autre collision,,,,,,,,,,,5,2,1,2,6
200700061529,0007-10-31 10:45:00,7,10,31,10,45,310,467,place du marche,43.7,1.413,Plein jour,En agglomération,Hors intersection,Normale,Autre collision,,,,,,,,,,,1,2,1,1,6
200700061530,0007-10-02 07:15:00,7,10,2,7,15,410,234,,47.599,1.095,Crépuscule ou aube,Hors agglomération,Hors intersection,Normale,Deux véhicules - arrière,,,,,,,,,,,2,1,1,1,2
200700061531,0007-10-06 17:45:00,7,10,6,17,45,410,223,,,,Plein jour,Hors agglomération,Hors intersection,Normale,Deux véhicules - arrière,,,,,,,,,,,1,1,1,1,2
200700061532,0007-10-31 20:30:00,7,10,31,20,30,410,206,,47.629,1.345,Nuit sans éclairage public,Hors agglomération,Hors intersection,Normale,Deux véhicules - côté,,,,,,,,,,,3,1,1,1,3
200700061533,0007-10-26 22:30:00,7,10,26,22,30,340,256,,,,Nuit sans éclairage public,Hors agglomération,Hors intersection,Normale,Autre collision,,,,,,,,,,,3,1,1,1,6
200700061534,0007-10-29 20:00:00,7,10,29,20,0,300,4,,,,Nuit sans éclairage public,Hors agglomération,Hors intersection,Normale,Deux véhicules - côté,,,,,,,,,,,3,1,1,1,3
200700061535,0007-10-31 21:45:00,7,10,31,21,45,340,256,,,,Nuit sans éclairage public,Hors agglomération,Hors intersection,Normale,Trois véhicules et plus - en chaîne,,,,,,,,,,,3,1,1,1,4
200700061536,0007-10-25 19:30:00,7,10,25,19,30,110,262,,,,Nuit sans éclairage public,Hors agglomération,Hors intersection,Temps couvert,Deux véhicules - côté,,,,,,,,,,,3,1,1,8,3
200700061537,0007-10-29 01:00:00,7,10,29,1,0,110,145,,43.239,3.136,Nuit sans éclairage public,Hors agglomération,Hors intersection,Normale,Deux véhicules - arrière,,,,,,,,,,,3,1,1,1,2