accident_id,datetime,annee,mois,jour,heure,minute,departement,commune_insee,adresse,latitude,longitude,luminosite,agglomeration,intersection,meteo,collision,nb_vehicules,nb_usagers,nb_indemnes,nb_tues,nb_blesses_hosp,nb_blesses_legers,age_cond_1,age_cond_2,veh_type_cond_1,veh_type_cond_2,lum_code,agg_code,int_code,atm_code,col_code
200700061538,0007-10-02 18:00:00,7,10,2,18,0,370,273,,47.386,0.762,Plein jour,Hors agglomération,Hors intersection,Normale,Deux véhicules - côté,,,,,,,,,,,1,1,1,1,3
200700061539,0007-10-11 14:00:00,7,10,11,14,0,370,79,,47.327,1.029,Plein jour,Hors agglomération,Hors intersection,Normale,Deux véhicules - arrière,,,,,,,,,,,1,1,1,1,2
200700061540,0007-10-22 08:15:00,7,10,22,8,15,370,15,RD 976,47.352,0.844,Crépuscule ou aube,En agglomération,Hors intersection,Normale,Deux véhicules - côté,,,,,,,,,,,2,2,1,1,3
200700061541,0007-10-30 23:30:00,7,10,30,23,30,370,8,,,,Nuit sans éclairage public,Hors agglomération,Hors intersection,Normale,Autre collision,,,,,,,,,,,3,1,1,1,6
200700061542,0007-10-11 10:15:00,7,10,11,10,15,450,302,,,,Plein jour,Hors agglomération,Hors intersection,Normale,Deux véhicules - arrière,,,,,,,,,,,1,1,1,1,2
200700061543,0007-10-11 10:30:00,7,10,11,10,30,450,154,,,,Plein jour,Hors agglomération,Hors intersection,Normale,Deux véhicules - arrière,,,,,,,,,,,1,1,1,1,2
200700061544,0007-10-16 14:30:00,7,10,16,14,30,450,93,,,,Plein jour,Hors agglomération,Hors intersection,Normale,Autre collision,,,,,,,,,,,1,1,1,1,6
200700061545,0007-10-21 15:45:00,7,10,21,15,45,280,29,,,,Plein jour,Hors agglomération,Hors intersection,Normale,Sans collision,,,,,,,,,,,1,1,1,1,7
200700061546,0007-10-19 16:15:00,7,10,19,16,15,450,20,,,,Plein jour,Hors agglomération,Hors intersection,Normale,Autre collision,,,,,,,,,,,1,1,1,1,6
200700061547,0007-10-13 12:00:00,7,10,13,12,0,730,232,,,,Plein jour,Hors agglomération,Hors intersection,Normale,Deux véhicules - frontale,,,,,,,,,,,1,1,1,1,1
200700061548,0007-10-21 15:45:00,7,10,21,15,45,130,114,,,,Plein jour,Hors agglomération,Hors intersection,Normale,Autre collision,,,,,,,,,,,1,1,1,1,6
200700061549,0007-10-31 08:45:00,7,10,31,8,45,130,114,avenue Charles de Gaulle,,,Plein jour,En agglomération,Hors intersection,Normale,Deux véhicules - frontale,,,,,,,,,,,1,2,1,1,1
200700061550,0007-10-31 10:30:00,7,10,31,10,30,130,32,RUE DU GRAND LOGIS,,,Plein jour,En agglomération,Hors intersection,Normale,Autre collision,,,,,,,,,,,1,2,1,1,6
200700061551,0007-10-16 11:30:00,7,10,16,11,30,670,405,3 rue principale,48.829,8.034,Plein jour,En agglomération,Hors intersection,Normale,Deux véhicules - côté,,,,,,,,,,,1,2,1,1,3
200700061552,0007-10-17 18:00:00,7,10,17,18,0,670,465,,48.802,7.998,Crépuscule ou aube,Hors agglomération,Hors intersection,Pluie légère,Deux véhicules - frontale,,,,,,,,,,,2,1,1,2,1
200700061553,0007-10-21 16:30:00,7,10,21,16,30,740,2,,,,Plein jour,Hors agglomération,Hors intersection,Normale,Autre collision,,,,,,,,,,,1,1,1,1,6
200700061554,0007-10-15 07:30:00,7,10,15,7,30,380,13,,45.378,5.486,Plein jour,Hors agglomération,Hors intersection,Normale,Autre collision,,,,,,,,,,,1,1,1,1,6
200700061555,0007-10-06 19:30:00,7,10,6,19,30,280,141,,,,Crépuscule ou aube,Hors agglomération,Hors intersection,Normale,Autre collision,,,,,,,,,,,2,1,1,1,6
200700061556,0007-10-15 20:15:00,7,10,15,20,15,280,196,,,,Nuit sans éclairage public,Hors agglomération,Hors intersection,Normale,Trois véhicules et plus - collisions multiples,,,,,,,,,,,3,1,1,1,5
200700061557,0007-10-02 18:00:00,7,10,2,18,0,410,147,,47.516,1.323,Plein jour,Hors agglomération,Hors intersection,Normale,Deux véhicules - côté,,,,,,,,,,,1,1,1,1,3
200700061558,0007-10-18 17:00:00,7,10,18,17,0,410,54,,,,Plein jour,Hors agglomération,Intersection en X,Normale,Deux véhicules - frontale,,,,,,,,,,,1,1,2,1,1
200700061559,0007-10-27 22:15:00,7,10,27,22,15,410,145,,47.455,1.297,Nuit sans éclairage public,Hors agglomération,Hors intersection,Normale,Autre collision,,,,,,,,,,,3,1,1,1,6
200700061560,0007-10-30 19:15:00,7,10,30,19,15,410,61,,,,Nuit sans éclairage public,Hors agglomération,Hors intersection,Normale,Autre collision,,,,,,,,,,,3,1,1,1,6
200700061561,0007-10-29 19:15:00,7,10,29,19,15,410,295,,47.601,1.378,Nuit sans éclairage public,Hors agglomération,Hors intersection,Pluie légère,Sans collision,,,,,,,,,,,3,1,1,2,7
200700061562,0007-10-26 12:30:00,7,10,26,12,30,690,27,6 chemin de chiradie,,,Plein jour,En agglomération,Hors intersection,Normale,Autre collision,,,,,,,,,,,1,2,1,1,6
200700061563,0007-10-14 07:45:00,7,10,14,7,45,340,95,,43.557,3.818,Plein jour,Hors agglomération,Hors intersection,Normale,Autre collision,,,,,,,,,,,1,1,1,1,6
200700061564,0007-10-08 05:30:00,7,10,8,5,30,330,552,,44.635,-0.409,Nuit sans éclairage public,Hors agglomération,Hors intersection,Normale,Deux véhicules - arrière,,,,,,,,,,,3,1,1,1,2
200700061565,0007-10-29 14:00:00,7,10,29,14,0,310,254,,,,Plein jour,Hors agglomération,Hors intersection,Normale,Deux véhicules - côté,,,,,,,,,,,1,1,1,1,3
200700061566,0007-10-08 15:30:00,7,10,8,15,30,630,178,,45.54,3.259,Plein jour,Hors agglomération,Hors intersection,Normale,Autre collision,,,,,,,,,,,1,1,1,1,6
200700061567,0007-10-26 10:45:00,7,10,26,10,45,630,178,,45.556,3.269,Plein jour,Hors agglomération,Hors intersection,Normale,Sans collision,,,,,,,,,,,1,1,1,1,7
200700061568,0007-10-02 10:15:00,7,10,2,10,15,550,236,,,,Plein jour,Hors agglomération,Hors intersection,Normale,Autre collision,,,,,,,,,,,1,1,1,1,6
200700061569,0007-10-28 18:45:00,7,10,28,18,45,550,317,,,,Nuit sans éclairage public,Hors agglomération,Autre intersection,Normale,Autre collision,,,,,,,,,,,3,1,9,1,6
200700061570,0007-10-29 12:00:00,7,10,29,12,0,510,571,,49.172,4.183,Plein jour,Hors agglomération,Hors intersection,Pluie forte,Deux véhicules - arrière,,,,,,,,,,,1,1,1,3,2
200700061571,0007-10-04 14:00:00,7,10,4,14,0,570,467,,,,Plein jour,Hors agglomération,Hors intersection,Normale,Autre collision,,,,,,,,,,,1,1,1,1,6
200700061572,0007-10-08 09:30:00,7,10,8,9,30,670,67,,,,Plein jour,Hors agglomération,Hors intersection,Normale,Deux véhicules - arrière,,,,,,,,,,,1,1,1,1,2
200700061573,0007-10-08 15:00:00,7,10,8,15,0,130,5,,,,Plein jour,Hors agglomération,Hors intersection,Normale,Autre collision,,,,,,,,,,,1,1,1,1,6
200700061574,0007-10-22 17:15:00,7,10,22,17,15,130,73,,,,Plein jour,Hors agglomération,Hors intersection,Normale,Deux véhicules - arrière,,,,,,,,,,,1,1,1,1,2
200700061575,0007-10-26 14:30:00,7,10,26,14,30,130,1,,43.519,5.433,Plein jour,Hors agglomération,Autre intersection,Normale,Deux véhicules - côté,,,,,,,,,,,1,1,9,1,3
200700061576,0007-10-04 19:00:00,7,10,4,19,0,60,4,,,,Plein jour,Hors agglomération,Hors intersection,Normale,Deux véhicules - côté,,,,,,,,,,,1,1,1,1,3
200700061577,0007-10-12 07:45:00,7,10,12,7,45,60,123,,,,Plein jour,Hors agglomération,Hors intersection,Normale,Trois véhicules et plus - collisions multiples,,,,,,,,,,,1,1,1,1,5
200700061578,0007-10-19 23:30:00,7,10,19,23,30,830,1,,43.55,6.831,Nuit sans éclairage public,Hors agglomération,Hors intersection,Normale,Autre collision,,,,,,,,,,,3,1,1,1,6
200700061579,0007-10-28 02:45:00,7,10,28,2,45,830,1,,,,Nuit sans éclairage public,Hors agglomération,Hors intersection,Normale,Autre collision,,,,,,,,,,,3,1,1,1,6
200700061580,0007-10-05 17:15:00,7,10,5,17,15,110,95,,,,Plein jour,Hors agglomération,Hors intersection,Normale,Autre collision,,,,,,,,,,,1,1,1,1,6
200700061581,0007-10-18 22:00:00,7,10,18,22,0,110,272,,,,Nuit sans éclairage public,Hors agglomération,Hors intersection,Normale,Trois véhicules et plus - collisions multiples,,,,,,,,,,,3,1,1,1,5
200700061582,0007-10-30 13:00:00,7,10,30,13,0,720,328,,,,Plein jour,Hors agglomération,Hors intersection,Normale,Autre collision,,,,,,,,,,,1,1,1,1,6
200700061583,0007-10-12 16:45:00,7,10,12,16,45,910,225,,48.668,2.513,Plein jour,Hors agglomération,Hors intersection,Normale,Deux véhicules - côté,,,,,,,,,,,1,1,1,1,3
200700061584,0007-10-05 15:30:00,7,10,5,15,30,110,225,,,,Plein jour,Hors agglomération,Hors intersection,Normale,Autre collision,,,,,,,,,,,1,1,1,1,6
200700061585,0007-10-18 15:30:00,7,10,18,15,30,110,225,,,,Plein jour,Hors agglomération,Autre intersection,Normale,Sans collision,,,,,,,,,,,1,1,9,1,7
200700061586,0007-10-25 23:45:00,7,10,25,23,45,330,260,,44.504,-0.838,Nuit sans éclairage public,Hors agglomération,Hors intersection,Normale,Deux véhicules - côté,,,,,,,,,,,3,1,1,1,3
200700061587,0007-10-23 08:00:00,7,10,23,8,0,740,208,,45.93,6.753,Crépuscule ou aube,Hors agglomération,Hors intersection,Normale,Autre collision,,,,,,,,,,,2,1,1,1,6
200700061588,0007-10-05 10:00:00,7,10,5,10,0,720,320,,,,Plein jour,Hors agglomération,Hors intersection,Normale,Deux véhicules - frontale,,,,,,,,,,,1,1,1,1,1
200700061589,0007-10-03 08:30:00,7,10,3,8,30,680,42,,,,Plein jour,Hors agglomération,Hors intersection,Normale,Trois véhicules et plus - en chaîne,,,,,,,,,,,1,1,1,1,4
200700061590,0007-10-01 09:15:00,7,10,1,9,15,530,267,,,,Plein jour,Hors agglomération,Hors intersection,Temps couvert,Autre collision,,,,,,,,,,,1,1,1,8,6
200700061591,0007-10-29 08:30:00,7,10,29,8,30,530,7,,,,Plein jour,Hors agglomération,Hors intersection,Temps couvert,Autre collision,,,,,,,,,,,1,1,1,8,6
200700061592,0007-10-24 15:45:00,7,10,24,15,45,440,60,,,,Plein jour,Hors agglomération,Hors intersection,Normale,Sans collision,,,,,,,,,,,1,1,1,1,7
200700061593,0007-10-27 11:45:00,7,10,27,11,45,201,270,,,,Plein jour,En agglomération,Hors intersection,Normale,Deux véhicules - frontale,,,,,,,,,,,1,2,1,1,1
200700061594,0007-10-14 16:30:00,7,10,14,16,30,380,229,87 AVENUE DU GRESIVAUDAN,,,Plein jour,En agglomération,Hors intersection,Normale,Deux véhicules - frontale,,,,,,,,,,,1,2,1,1,1
200700061595,0007-10-19 16:45:00,7,10,19,16,45,380,126,avenue de l'eygala,,,Plein jour,En agglomération,Hors intersection,Normale,Deux véhicules - arrière,,,,,,,,,,,1,2,1,1,2
200700061596,0007-10-22 17:30:00,7,10,22,17,30,380,126,avenue de l'Eygala,45.215,5.753,Plein jour,En agglomération,Hors intersection,Normale,Deux véhicules - côté,,,,,,,,,,,1,2,1,1,3
200700061597,0007-10-23 18:00:00,7,10,23,18,0,380,471,,,,Crépuscule ou aube,En agglomération,Hors intersection,Normale,Sans collision,,,,,,,,,,,2,2,1,1,7
200700061598,0007-10-22 14:00:00,7,10,22,14,0,380,229,avenue de Verdun,45.208,5.761,Plein jour,En agglomération,Hors intersection,Normale,Deux véhicules - côté,,,,,,,,,,,1,2,1,1,3
200700061599,0007-10-18 15:45:00,7,10,18,15,45,60,85,chemin de carimaï,,,Plein jour,En agglomération,Hors intersection,Normale,Deux véhicules - côté,,,,,,,,,,,1,2,1,1,3
200700061600,0007-10-20 20:00:00,7,10,20,20,0,780,466,,48.941,1.976,Nuit avec éclairage non allumé,Hors agglomération,Hors intersection,Normale,Deux véhicules - côté,,,,,,,,,,,4,1,1,1,3
200700061601,0007-10-31 23:45:00,7,10,31,23,45,780,466,,48.943,1.977,Nuit avec éclairage allumé,Hors agglomération,Hors intersection,Normale,Deux véhicules - côté,,,,,,,,,,,5,1,1,1,3
200700061602,0007-10-15 17:30:00,7,10,15,17,30,330,90,rue du 20 août 1949,,,Plein jour,En agglomération,Hors intersection,Normale,Deux véhicules - arrière,,,,,,,,,,,1,2,1,1,2
200700061603,0007-10-04 16:30:00,7,10,4,16,30,790,249,,,,Plein jour,Hors agglomération,Hors intersection,Temps couvert,Sans collision,,,,,,,,,,,1,1,1,8,7
200700061604,0007-10-05 16:30:00,7,10,5,16,30,220,116,,,,Plein jour,Hors agglomération,Hors intersection,Normale,Deux véhicules - côté,,,,,,,,,,,1,1,1,1,3
200700061605,0007-10-05 12:30:00,7,10,5,12,30,740,213,carref. CD14/voie rapide,45.924,6.081,Plein jour,En agglomération,Intersection en X,Normale,Deux véhicules - côté,,,,,,,,,,,1,2,2,1,3
200700061606,0007-10-08 15:30:00,7,10,8,15,30,740,292,,45.916,6.006,Plein jour,Hors agglomération,Hors intersection,Normale,Deux véhicules - frontale,,,,,,,,,,,1,1,1,1,1
200700061607,0007-10-13 17:30:00,7,10,13,17,30,740,213,,,,Plein jour,Hors agglomération,Autre intersection,Normale,Deux véhicules - côté,,,,,,,,,,,1,1,9,1,3
200700061608,0007-10-14 12:30:00,7,10,14,12,30,740,112,Avenue du centre,,,Plein jour,En agglomération,Hors intersection,Normale,Deux véhicules - côté,,,,,,,,,,,1,2,1,1,3
200700061609,0007-10-01 15:45:00,7,10,1,15,45,10,43,,45.825,4.996,Crépuscule ou aube,Hors agglomération,Hors intersection,Normale,Autre collision,,,,,,,,,,,2,1,1,1,6
200700061610,0007-10-01 17:15:00,7,10,1,17,15,10,142,,45.854,5.085,Plein jour,Hors agglomération,Hors intersection,Normale,Deux véhicules - arrière,,,,,,,,,,,1,1,1,1,2
200700061611,0007-10-16 13:00:00,7,10,16,13,0,10,7,,,,Crépuscule ou aube,Hors agglomération,Hors intersection,Normale,Deux véhicules - arrière,,,,,,,,,,,2,1,1,1,2
200700061612,0007-10-18 05:15:00,7,10,18,5,15,380,557,,45.796,5.079,Nuit sans éclairage public,Hors agglomération,Hors intersection,Pluie légère,Autre collision,,,,,,,,,,,3,1,1,2,6
200700061613,0007-10-26 05:45:00,7,10,26,5,45,10,142,,45.849,5.07,Nuit sans éclairage public,Hors agglomération,Hors intersection,Normale,Trois véhicules et plus - collisions multiples,,,,,,,,,,,3,1,1,1,5
200700061614,0007-10-04 18:30:00,7,10,4,18,30,420,279,route de st marcellin,45.504,4.24,Plein jour,En agglomération,Hors intersection,Temps éblouissant,Deux véhicules - frontale,,,,,,,,,,,1,2,1,7,1
200700061615,0007-10-07 20:00:00,7,10,7,20,0,420,279,boulevard Jean JAURES,45.51,4.264,Nuit avec éclairage allumé,En agglomération,Hors intersection,Normale,Deux véhicules - côté,,,,,,,,,,,5,2,1,1,3
200700061616,0007-10-11 08:15:00,7,10,11,8,15,420,279,,45.475,4.314,Plein jour,Hors agglomération,Hors intersection,Temps couvert,Deux véhicules - frontale,,,,,,,,,,,1,1,1,8,1
200700061617,0007-10-12 11:00:00,7,10,12,11,0,420,256,route de Bonson,45.505,4.171,Plein jour,En agglomération,Hors intersection,Normale,Deux véhicules - côté,,,,,,,,,,,1,2,1,1,3
200700061618,0007-10-14 18:00:00,7,10,14,18,0,420,279,Avenue des Barques,45.504,4.246,Plein jour,En agglomération,Hors intersection,Normale,Deux véhicules - frontale,,,,,,,,,,,1,2,1,1,1
200700061619,0007-10-04 08:15:00,7,10,4,8,15,910,45,,,,Plein jour,En agglomération,Giratoire,Normale,Deux véhicules - arrière,,,,,,,,,,,1,2,6,1,2
200700061620,0007-10-07 06:20:00,7,10,7,6,20,910,45,,48.525,2.392,Nuit sans éclairage public,Hors agglomération,Hors intersection,Brouillard / fumée,Autre collision,,,,,,,,,,,3,1,1,5,6
200700061621,0007-10-16 17:00:00,7,10,16,17,0,910,648,,48.574,2.365,Plein jour,Hors agglomération,Hors intersection,Normale,Deux véhicules - arrière,,,,,,,,,,,1,1,1,1,2
200700061622,0007-10-19 09:15:00,7,10,19,9,15,910,648,,48.602,2.373,Plein jour,Hors agglomération,Hors intersection,Normale,Autre collision,,,,,,,,,,,1,1,1,1,6
200700061623,0007-10-04 17:00:00,7,10,4,17,0,510,44,route nationale,49.176,4.187,Plein jour,En agglomération,Hors intersection,Normale,Trois véhicules et plus - en chaîne,,,,,,,,,,,1,2,1,1,4
200700061624,0007-10-19 17:15:00,7,10,19,17,15,510,629,,49.171,4.013,Plein jour,Hors agglomération,Hors intersection,Normale,Trois véhicules et plus - en chaîne,,,,,,,,,,,1,1,1,1,4
200700061625,0007-10-07 21:30:00,7,10,7,21,30,520,207,,47.963,5.453,Nuit sans éclairage public,Hors agglomération,Hors intersection,Normale,Autre collision,,,,,,,,,,,3,1,1,1,6
200700061626,0007-10-22 09:30:00,7,10,22,9,30,520,432,,47.958,5.364,Plein jour,Hors agglomération,Hors intersection,Normale,Autre collision,,,,,,,,,,,1,1,1,1,6
200700061627,0007-10-14 03:45:00,7,10,14,3,45,310,157,CD 15 - Rond point Lycée,43.533,1.352,Nuit avec éclairage allumé,En agglomération,Giratoire,Normale,Sans collision,,,,,,,,,,,5,2,6,1,7
200700061628,0007-10-14 18:30:00,7,10,14,18,30,310,157,avenue de toulouse,,,Plein jour,En agglomération,Hors intersection,Normale,Deux véhicules - côté,,,,,,,,,,,1,2,1,1,3
200700061629,0007-10-19 12:30:00,7,10,19,12,30,310,588,CD 15 - AVENUE DE FRANCA,43.526,1.343,Plein jour,En agglomération,Hors intersection,Normale,Deux véhicules - côté,,,,,,,,,,,1,2,1,1,3
200700061630,0007-10-29 13:45:00,7,10,29,13,45,310,588,AVENUE DE FRANCAZAL,43.538,1.345,Plein jour,En agglomération,Hors intersection,Normale,Deux véhicules - côté,,,,,,,,,,,1,2,1,1,3
200700061631,0007-10-04 17:30:00,7,10,4,17,30,60,152,,,,Plein jour,En agglomération,Hors intersection,Normale,Autre collision,,,,,,,,,,,1,2,1,1,6
200700061632,0007-10-16 13:15:00,7,10,16,13,15,60,152,,43.638,7.051,Plein jour,Hors agglomération,Hors intersection,Normale,Sans collision,,,,,,,,,,,1,1,1,1,7
200700061633,0007-10-18 12:45:00,7,10,18,12,45,60,18,,,,Plein jour,En agglomération,Hors intersection,Normale,Deux véhicules - côté,,,,,,,,,,,1,2,1,1,3
200700061634,0007-10-18 19:00:00,7,10,18,19,0,60,152,,,,Plein jour,Hors agglomération,Autre intersection,Normale,Deux véhicules - frontale,,,,,,,,,,,1,1,9,1,1
200700061635,0007-10-20 17:30:00,7,10,20,17,30,60,152,117 route d'ANTIBES,43.628,7.0,Plein jour,En agglomération,Hors intersection,Normale,Deux véhicules - arrière,,,,,,,,,,,1,2,1,1,2
200700061636,0007-10-25 13:15:00,7,10,25,13,15,60,152,,43.61,7.054,Plein jour,Hors agglomération,Hors intersection,Pluie forte,Deux véhicules - frontale,,,,,,,,,,,1,1,1,3,1
200700061637,0007-10-01 12:15:00,7,10,1,12,15,60,152,D4 rte de valbonne  BIOT,43.632,7.097,Plein jour,En agglomération,Hors intersection,Normale,Sans collision,,,,,,,,,,,1,2,1,1,7
200700061638,0007-10-09 08:15:00,7,10,9,8,15,690,168,PK 8+121 - rd 433,45.853,4.838,Plein jour,En agglomération,Hors intersection,Normale,Deux véhicules - côté,,,,,,,,,,,1,2,1,1,3
200700061639,0007-10-26 15:45:00,7,10,26,15,45,690,244,Avenue Victor Hugo,,,Plein jour,En agglomération,Hors intersection,Normale,Deux véhicules - côté,,,,,,,,,,,1,2,1,1,3
200700061640,0007-10-05 17:00:00,7,10,5,17,0,740,282,,,,Plein jour,Hors agglomération,Hors intersection,Temps couvert,Deux véhicules - frontale,,,,,,,,,,,1,1,1,8,1
200700061641,0007-10-01 22:30:00,7,10,1,22,30,20,747,,,,Nuit sans éclairage public,Hors agglomération,Hors intersection,Pluie forte,Sans collision,,,,,,,,,,,3,1,1,3,7
200700061642,0007-10-06 06:30:00,7,10,6,6,30,90,283,RN 20,42.733,1.816,Nuit avec éclairage allumé,En agglomération,Hors intersection,Temps couvert,Autre collision,,,,,,,,,,,5,2,1,8,6
200700061643,0007-10-20 15:00:00,7,10,20,15,0,90,139,,42.579,1.791,Plein jour,Hors agglomération,Hors intersection,Normale,Autre collision,,,,,,,,,,,1,1,1,1,6
200700061644,0007-10-05 11:45:00,7,10,5,11,45,760,278,,,,Plein jour,Hors agglomération,Hors intersection,Normale,Autre collision,,,,,,,,,,,1,1,1,1,6
200700061645,0007-10-23 16:45:00,7,10,23,16,45,760,372,,49.753,1.644,Plein jour,Hors agglomération,Hors intersection,Normale,Deux véhicules - frontale,,,,,,,,,,,1,1,1,1,1
200700061646,0007-10-06 17:00:00,7,10,6,17,0,350,189,,,,Plein jour,Hors agglomération,Intersection en X,Normale,Deux véhicules - côté,,,,,,,,,,,1,1,2,1,3
200700061647,0007-10-19 18:30:00,7,10,19,18,30,350,210,,,,Plein jour,Hors agglomération,Hors intersection,Normale,Trois véhicules et plus - collisions multiples,,,,,,,,,,,1,1,1,1,5
200700061648,0007-10-14 18:30:00,7,10,14,18,30,560,5,Port du Crouesty,47.549,-2.894,Plein jour,En agglomération,Giratoire,Normale,Deux véhicules - frontale,,,,,,,,,,,1,2,6,1,1
200700061649,0007-10-17 16:00:00,7,10,17,16,0,560,243,16 Route de Nantes,47.658,-2.737,Plein jour,En agglomération,Hors intersection,Normale,Deux véhicules - frontale,,,,,,,,,,,1,2,1,1,1
200700061650,0007-10-24 08:00:00,7,10,24,8,0,560,240,,47.545,-2.731,Nuit sans éclairage public,Hors agglomération,Hors intersection,Normale,Deux véhicules - côté,,,,,,,,,,,3,1,1,1,3
200700061651,0007-10-07 15:45:00,7,10,7,15,45,420,155,,45.82,4.117,Plein jour,Hors agglomération,Hors intersection,Normale,Deux véhicules - arrière,,,,,,,,,,,1,1,1,1,2
200700061652,0007-10-03 11:30:00,7,10,3,11,30,880,324,,,,Plein jour,Hors agglomération,Hors intersection,Normale,Autre collision,,,,,,,,,,,1,1,1,1,6
200700061653,0007-10-07 13:00:00,7,10,7,13,0,880,430,,,,Plein jour,Hors agglomération,Hors intersection,Normale,Sans collision,,,,,,,,,,,1,1,1,1,7
200700061654,0007-10-25 06:15:00,7,10,25,6,15,880,79,,,,Nuit sans éclairage public,Hors agglomération,Hors intersection,Normale,Deux véhicules - arrière,,,,,,,,,,,3,1,1,1,2
200700061655,0007-10-07 18:45:00,7,10,7,18,45,130,113,,,,Crépuscule ou aube,Hors agglomération,Hors intersection,Normale,Deux véhicules - côté,,,,,,,,,,,2,1,1,1,3
200700061656,0007-10-29 14:00:00,7,10,29,14,0,130,1,,,,Plein jour,Hors agglomération,Hors intersection,Normale,Deux véhicules - arrière,,,,,,,,,,,1,1,1,1,2
200700061657,0007-10-30 07:30:00,7,10,30,7,30,130,74,,,,Crépuscule ou aube,Hors agglomération,Hors intersection,Normale,Autre collision,,,,,,,,,,,2,1,1,1,6
200700061658,0007-10-20 07:45:00,7,10,20,7,45,410,106,,,,Crépuscule ou aube,Hors agglomération,Hors intersection,Normale,Sans collision,,,,,,,,,,,2,1,1,1,7
200700061659,0007-10-06 16:30:00,7,10,6,16,30,340,337,,43.542,3.865,Plein jour,Hors agglomération,Hors intersection,Normale,Deux véhicules - côté,,,,,,,,,,,1,1,1,1,3
200700061660,0007-10-14 12:45:00,7,10,14,12,45,340,333,,,,Plein jour,Hors agglomération,Hors intersection,Normale,Deux véhicules - frontale,,,,,,,,,,,1,1,1,1,1
200700061661,0007-10-12 19:45:00,7,10,12,19,45,10,331,,46.11,5.456,Nuit sans éclairage public,Hors agglomération,Hors intersection,Normale,Deux véhicules - arrière,,,,,,,,,,,3,1,1,1,2
200700061662,0007-10-26 17:00:00,7,10,26,17,0,10,31,,,,Plein jour,Hors agglomération,Hors intersection,Normale,Autre collision,,,,,,,,,,,1,1,1,1,6
200700061663,0007-10-07 01:45:00,7,10,7,1,45,130,69,,,,Nuit sans éclairage public,Hors agglomération,Hors intersection,Normale,Autre collision,,,,,,,,,,,3,1,1,1,6
200700061664,0007-10-09 19:00:00,7,10,9,19,0,130,44,,,,Plein jour,Hors agglomération,Hors intersection,Normale,Trois véhicules et plus - en chaîne,,,,,,,,,,,1,1,1,1,4
200700061665,0007-10-12 15:45:00,7,10,12,15,45,130,51,,,,Plein jour,Hors agglomération,Hors intersection,Normale,Deux véhicules - frontale,,,,,,,,,,,1,1,1,1,1
200700061666,0007-10-27 20:45:00,7,10,27,20,45,130,44,,,,Nuit sans éclairage public,Hors agglomération,Hors intersection,Normale,Autre collision,,,,,,,,,,,3,1,1,1,6
200700061667,0007-10-07 08:00:00,7,10,7,8,0,30,118,,,,Plein jour,Hors agglomération,Hors intersection,Normale,Deux véhicules - arrière,,,,,,,,,,,1,1,1,1,2
200700061668,0007-10-22 06:15:00,7,10,22,6,15,720,237,,,,Nuit sans éclairage public,Hors agglomération,Hors intersection,Normale,Deux véhicules - arrière,,,,,,,,,,,3,1,1,1,2
200700061669,0007-10-23 09:00:00,7,10,23,9,0,670,152,,48.535,7.691,Plein jour,Hors agglomération,Giratoire,Normale,Deux véhicules - côté,,,,,,,,,,,1,1,6,1,3
200700061670,0007-10-04 07:30:00,7,10,4,7,30,670,343,Rue marcel Pagnol,48.608,7.694,Crépuscule ou aube,En agglomération,Hors intersection,Normale,Deux véhicules - côté,,,,,,,,,,,2,2,1,1,3
200700061671,0007-10-04 16:30:00,7,10,4,16,30,60,10,Avenue Amiral de Grasse,43.702,6.986,Plein jour,En agglomération,Hors intersection,Normale,Deux véhicules - arrière,,,,,,,,,,,1,2,1,1,2
200700061672,0007-10-10 14:45:00,7,10,10,14,45,650,226,,43.222,0.019,Plein jour,Hors agglomération,Autre intersection,Pluie forte,Deux véhicules - frontale,,,,,,,,,,,1,1,9,3,1
200700061673,0007-10-25 15:00:00,7,10,25,15,0,650,353,,43.169,0.255,Plein jour,Hors agglomération,Hors intersection,Temps couvert,Autre collision,,,,,,,,,,,1,1,1,8,6
200700061674,0007-10-24 14:45:00,7,10,24,14,45,130,80,,43.631,5.427,Plein jour,Hors agglomération,Hors intersection,Normale,Deux véhicules - frontale,,,,,,,,,,,1,1,1,1,1
200700061675,0007-10-16 08:30:00,7,10,16,8,30,380,450,,45.298,5.541,Crépuscule ou aube,Hors agglomération,Hors intersection,Normale,Autre collision,,,,,,,,,,,2,1,1,1,6
200700061676,0007-10-04 05:00:00,7,10,4,5,0,670,315,,,,Nuit sans éclairage public,Hors agglomération,Hors intersection,Brouillard / fumée,Autre collision,,,,,,,,,,,3,1,1,5,6
200700061677,0007-10-27 05:00:00,7,10,27,5,0,670,463,,,,Nuit sans éclairage public,Hors agglomération,Hors intersection,Normale,Autre collision,,,,,,,,,,,3,1,1,1,6