accident_id,datetime,annee,mois,jour,heure,minute,departement,commune_insee,adresse,latitude,longitude,luminosite,agglomeration,intersection,meteo,collision,nb_vehicules,nb_usagers,nb_indemnes,nb_tues,nb_blesses_hosp,nb_blesses_legers,age_cond_1,age_cond_2,veh_type_cond_1,veh_type_cond_2,lum_code,agg_code,int_code,atm_code,col_code
200700061678,0007-10-28 08:30:00,7,10,28,8,30,670,106,,48.759,7.922,Plein jour,Hors agglomération,Hors intersection,Normale,Autre collision,,,,,,,,,,,1,1,1,1,6
200700061679,0007-10-08 12:45:00,7,10,8,12,45,310,91,,,,Plein jour,Hors agglomération,Hors intersection,Pluie forte,Autre collision,,,,,,,,,,,1,1,1,3,6
200700061680,0007-10-01 17:15:00,7,10,1,17,15,600,9,,,,Plein jour,Hors agglomération,Hors intersection,Normale,Deux véhicules - arrière,,,,,,,,,,,1,1,1,1,2
200700061681,0007-10-18 07:45:00,7,10,18,7,45,600,370,,,,Plein jour,Hors agglomération,Hors intersection,Normale,Trois véhicules et plus - collisions multiples,,,,,,,,,,,1,1,1,1,5
200700061682,0007-10-01 18:00:00,7,10,1,18,0,130,50,,,,Plein jour,Hors agglomération,Hors intersection,Normale,Deux véhicules - côté,,,,,,,,,,,1,1,1,1,3
200700061683,0007-10-05 16:45:00,7,10,5,16,45,130,91,,43.617,5.321,Plein jour,Hors agglomération,Hors intersection,Normale,Deux véhicules - frontale,,,,,,,,,,,1,1,1,1,1
200700061684,0007-10-19 13:15:00,7,10,19,13,15,310,395,,43.421,1.299,Plein jour,Hors agglomération,Hors intersection,Normale,Trois véhicules et plus - collisions multiples,,,,,,,,,,,1,1,1,1,5
200700061685,0007-10-19 19:30:00,7,10,19,19,30,310,399,,43.356,1.267,Nuit sans éclairage public,Hors agglomération,Hors intersection,Normale,Deux véhicules - arrière,,,,,,,,,,,3,1,1,1,2
200700061686,0007-10-15 16:15:00,7,10,15,16,15,760,684,,49.48,0.461,Plein jour,Hors agglomération,Hors intersection,Normale,Autre collision,,,,,,,,,,,1,1,1,1,6
200700061687,0007-10-05 18:00:00,7,10,5,18,0,490,378,,,,Plein jour,Hors agglomération,Hors intersection,Temps couvert,Autre collision,,,,,,,,,,,1,1,1,8,6
200700061688,0007-10-12 07:00:00,7,10,12,7,0,490,110,,,,Crépuscule ou aube,Hors agglomération,Hors intersection,Brouillard / fumée,Autre collision,,,,,,,,,,,2,1,1,5,6
200700061689,0007-10-21 00:01:00,7,10,21,0,1,740,164,,46.076,6.469,Nuit sans éclairage public,Hors agglomération,Hors intersection,Normale,Autre collision,,,,,,,,,,,3,1,1,1,6
200700061690,0007-10-16 18:00:00,7,10,16,18,0,190,276,,,,Plein jour,Hors agglomération,Hors intersection,Normale,Deux véhicules - arrière,,,,,,,,,,,1,1,1,1,2
200700061691,0007-10-12 07:30:00,7,10,12,7,30,870,88,PR 211,,,Crépuscule ou aube,Hors agglomération,Hors intersection,Brouillard / fumée,Autre collision,,,,,,,,,,,2,1,1,5,6
200700061692,0007-10-16 02:15:00,7,10,16,2,15,870,203,,,,Nuit sans éclairage public,Hors agglomération,Hors intersection,Normale,Trois véhicules et plus - en chaîne,,,,,,,,,,,3,1,1,1,4
200700061693,0007-10-17 02:30:00,7,10,17,2,30,380,524,,,,Nuit avec éclairage allumé,Hors agglomération,Autre intersection,Normale,Autre collision,,,,,,,,,,,5,1,9,1,6
200700061694,0007-10-31 06:45:00,7,10,31,6,45,360,219,,,,Nuit sans éclairage public,Hors agglomération,Hors intersection,Normale,Autre collision,,,,,,,,,,,3,1,1,1,6
200700061695,0007-10-01 09:00:00,7,10,1,9,0,340,79,,43.808,3.329,Plein jour,Hors agglomération,Hors intersection,Pluie légère,Autre collision,,,,,,,,,,,1,1,1,2,6
200700061696,0007-10-22 16:00:00,7,10,22,16,0,340,254,,,,Plein jour,Hors agglomération,Hors intersection,Normale,Trois véhicules et plus - collisions multiples,,,,,,,,,,,1,1,1,1,5
200700061697,0007-10-27 00:15:00,7,10,27,0,15,340,36,,,,Nuit sans éclairage public,Hors agglomération,Hors intersection,Pluie légère,Deux véhicules - côté,,,,,,,,,,,3,1,1,2,3
200700061698,0007-10-13 14:00:00,7,10,13,14,0,150,119,,45.272,3.201,Nuit sans éclairage public,Hors agglomération,Hors intersection,Normale,Autre collision,,,,,,,,,,,3,1,1,1,6
200700061699,0007-10-04 14:30:00,7,10,4,14,30,680,66,,,,Plein jour,Hors agglomération,Autre intersection,Normale,Autre collision,,,,,,,,,,,1,1,9,1,6
200700061700,0007-10-07 16:30:00,7,10,7,16,30,780,143,,48.747,2.063,Plein jour,Hors agglomération,Hors intersection,Normale,Sans collision,,,,,,,,,,,1,1,1,1,7
200700061701,0007-10-09 18:30:00,7,10,9,18,30,780,143,,48.744,2.096,Plein jour,Hors agglomération,Giratoire,Normale,Deux véhicules - côté,,,,,,,,,,,1,1,6,1,3
200700061702,0007-10-27 16:30:00,7,10,27,16,30,780,620,,48.749,2.106,Plein jour,Hors agglomération,Autre intersection,Normale,Deux véhicules - frontale,,,,,,,,,,,1,1,9,1,1
200700061703,0007-10-05 17:00:00,7,10,5,17,0,720,89,,48.124,-0.012,Plein jour,Hors agglomération,Hors intersection,Normale,Trois véhicules et plus - collisions multiples,,,,,,,,,,,1,1,1,1,5
200700061704,0007-10-18 08:30:00,7,10,18,8,30,950,394,avenue marcel perrin,,,Plein jour,En agglomération,Hors intersection,Normale,Deux véhicules - frontale,,,,,,,,,,,1,2,1,1,1
200700061705,0007-10-04 06:15:00,7,10,4,6,15,580,155,,,,Nuit sans éclairage public,Hors agglomération,Hors intersection,Normale,Autre collision,,,,,,,,,,,3,1,1,1,6
200700061706,0007-10-11 16:30:00,7,10,11,16,30,190,176,,,,Plein jour,Hors agglomération,Hors intersection,Normale,Autre collision,,,,,,,,,,,1,1,1,1,6
200700061707,0007-10-15 06:45:00,7,10,15,6,45,190,287,,,,Nuit sans éclairage public,Hors agglomération,Hors intersection,Autre,Deux véhicules - frontale,,,,,,,,,,,3,1,1,9,1
200700061708,0007-10-20 16:45:00,7,10,20,16,45,670,388,RUE SAINTE ODILE,48.936,7.673,Plein jour,En agglomération,Hors intersection,Normale,Deux véhicules - frontale,,,,,,,,,,,1,2,1,1,1
200700061709,0007-10-05 07:45:00,7,10,5,7,45,310,547,,43.492,1.276,Crépuscule ou aube,Hors agglomération,Hors intersection,Normale,Deux véhicules - frontale,,,,,,,,,,,2,1,1,1,1
200700061710,0007-10-13 14:15:00,7,10,13,14,15,300,60,cd 42,,,Plein jour,En agglomération,Giratoire,Normale,Autre collision,,,,,,,,,,,1,2,6,1,6
200700061711,0007-10-10 10:15:00,7,10,10,10,15,130,36,avenue Henrie Barbusse,43.844,4.842,Plein jour,En agglomération,Hors intersection,Normale,Autre collision,,,,,,,,,,,1,2,1,1,6
200700061712,0007-10-05 07:30:00,7,10,5,7,30,760,266,,,,Crépuscule ou aube,Hors agglomération,Hors intersection,Brouillard / fumée,Deux véhicules - frontale,,,,,,,,,,,2,1,1,5,1
200700061713,0007-10-16 05:15:00,7,10,16,5,15,760,358,,49.485,1.407,Nuit sans éclairage public,Hors agglomération,Hors intersection,Brouillard / fumée,Autre collision,,,,,,,,,,,3,1,1,5,6
200700061714,0007-10-29 13:15:00,7,10,29,13,15,600,154,,49.372,2.408,Plein jour,Hors agglomération,Hors intersection,Pluie forte,Deux véhicules - frontale,,,,,,,,,,,1,1,1,3,1
200700061715,0007-10-10 16:15:00,7,10,10,16,15,310,150,rue du casse,,,Plein jour,En agglomération,Hors intersection,Temps couvert,Deux véhicules - côté,,,,,,,,,,,1,2,1,8,3
200700061716,0007-10-07 00:01:00,7,10,7,0,1,250,136,CD 8,,,Nuit avec éclairage allumé,En agglomération,Intersection en T,Normale,Deux véhicules - frontale,,,,,,,,,,,5,2,3,1,1
200700061717,0007-10-16 10:45:00,7,10,16,10,45,250,482,,47.277,5.833,Nuit sans éclairage public,Hors agglomération,Intersection en T,Normale,Deux véhicules - frontale,,,,,,,,,,,3,1,3,1,1
200700061718,0007-10-29 09:45:00,7,10,29,9,45,250,381,RUE DE L ANCIEN COUVENT,,,Plein jour,En agglomération,Hors intersection,Normale,Deux véhicules - côté,,,,,,,,,,,1,2,1,1,3
200700061719,0007-10-21 09:45:00,7,10,21,9,45,950,183,boulevard de la crête,,,Plein jour,En agglomération,Hors intersection,Normale,Deux véhicules - frontale,,,,,,,,,,,1,2,1,1,1
200700061720,0007-10-27 15:45:00,7,10,27,15,45,950,183,Rond point RD 38 et V51,,,Plein jour,En agglomération,Giratoire,Normale,Deux véhicules - côté,,,,,,,,,,,1,2,6,1,3
200700061721,0007-10-13 15:00:00,7,10,13,15,0,560,177,,47.775,-3.077,Plein jour,Hors agglomération,Hors intersection,Normale,Autre collision,,,,,,,,,,,1,1,1,1,6
200700061722,0007-10-02 18:00:00,7,10,2,18,0,350,154,,,,Plein jour,Hors agglomération,Hors intersection,Autre,Deux véhicules - frontale,,,,,,,,,,,1,1,1,9,1
200700061723,0007-10-15 07:45:00,7,10,15,7,45,440,9,,,,Plein jour,Hors agglomération,Hors intersection,Normale,Deux véhicules - arrière,,,,,,,,,,,1,1,1,1,2
200700061724,0007-10-14 15:30:00,7,10,14,15,30,620,548,RUE CALMETTE,,,Plein jour,En agglomération,Hors intersection,Normale,Deux véhicules - frontale,,,,,,,,,,,1,2,1,1,1
200700061725,0007-10-16 08:30:00,7,10,16,8,30,240,442,,,,Plein jour,Hors agglomération,Hors intersection,Normale,Autre collision,,,,,,,,,,,1,1,1,1,6
200700061726,0007-10-06 18:15:00,7,10,6,18,15,690,260,route de LYON,,,Plein jour,En agglomération,Hors intersection,Temps couvert,Deux véhicules - côté,,,,,,,,,,,1,2,1,8,3
200700061727,0007-10-15 15:15:00,7,10,15,15,15,690,100,intersection rue Chanter,,,Plein jour,En agglomération,Hors intersection,Normale,Deux véhicules - frontale,,,,,,,,,,,1,2,1,1,1
200700061728,0007-10-14 01:45:00,7,10,14,1,45,660,189,,42.665,2.929,Nuit sans éclairage public,Hors agglomération,Hors intersection,Normale,Sans collision,,,,,,,,,,,3,1,1,1,7
200700061729,0007-10-03 11:00:00,7,10,3,11,0,270,74,,,,Plein jour,Hors agglomération,Hors intersection,Brouillard / fumée,Autre collision,,,,,,,,,,,1,1,1,5,6
200700061730,0007-10-05 13:30:00,7,10,5,13,30,300,225,,,,Plein jour,Hors agglomération,Hors intersection,Normale,Deux véhicules - frontale,,,,,,,,,,,1,1,1,1,1
200700061731,0007-10-16 20:00:00,7,10,16,20,0,300,331,,,,Nuit sans éclairage public,Hors agglomération,Hors intersection,Normale,Autre collision,,,,,,,,,,,3,1,1,1,6
200700061732,0007-10-25 18:15:00,7,10,25,18,15,300,302,impasse aure bonne,44.066,4.644,Crépuscule ou aube,En agglomération,Hors intersection,Temps couvert,Deux véhicules - frontale,,,,,,,,,,,2,2,1,8,1
200700061733,0007-10-21 06:30:00,7,10,21,6,30,500,599,,49.597,-1.596,Nuit sans éclairage public,Hors agglomération,Hors intersection,Normale,Autre collision,,,,,,,,,,,3,1,1,1,6
200700061734,0007-10-26 17:30:00,7,10,26,17,30,500,631,,49.311,-1.185,Plein jour,Hors agglomération,Hors intersection,Normale,Deux véhicules - arrière,,,,,,,,,,,1,1,1,1,2
200700061735,0007-10-27 17:00:00,7,10,27,17,0,500,458,,,,Plein jour,Hors agglomération,Hors intersection,Normale,Deux véhicules - arrière,,,,,,,,,,,1,1,1,1,2
200700061736,0007-10-03 13:15:00,7,10,3,13,15,220,160,,,,Plein jour,Hors agglomération,Hors intersection,Normale,Autre collision,,,,,,,,,,,1,1,1,1,6
200700061737,0007-10-02 17:00:00,7,10,2,17,0,10,344,"305, TREVOUX (AVENUE DE)",,,Plein jour,En agglomération,Hors intersection,Normale,Deux véhicules - côté,,,,,,,,,,,1,2,1,1,3
200700061738,0007-10-03 19:15:00,7,10,3,19,15,10,53,"snr, SAINT ROCH (RUE)",,,Nuit avec éclairage allumé,En agglomération,Giratoire,Pluie légère,Deux véhicules - côté,,,,,,,,,,,5,2,6,2,3
200700061739,0007-10-05 17:30:00,7,10,5,17,30,10,289,"snr, ROCADE (LA) COTE OU",,,Plein jour,Hors agglomération,Intersection en X,Normale,Deux véhicules - côté,,,,,,,,,,,1,1,2,1,3
200700061740,0007-10-07 19:10:00,7,10,7,19,10,10,451,ROCADE NORD,,,Crépuscule ou aube,En agglomération,Hors intersection,Normale,Trois véhicules et plus - en chaîne,,,,,,,,,,,2,2,1,1,4
200700061741,0007-10-17 19:35:00,7,10,17,19,35,10,53,"20, VALERY ( BD PAUL ) I",,,Crépuscule ou aube,En agglomération,Hors intersection,Pluie légère,Deux véhicules - côté,,,,,,,,,,,2,2,1,2,3
200700061742,0007-10-18 12:20:00,7,10,18,12,20,10,289,"SNR, LENT ( ROUTE DE )",,,Plein jour,Hors agglomération,Intersection en X,Normale,Deux véhicules - côté,,,,,,,,,,,1,1,2,1,3
200700061743,0007-10-23 18:05:00,7,10,23,18,5,10,451,"376, PROSPER CONVERT (RU",,,Plein jour,En agglomération,Intersection en T,Normale,Deux véhicules - côté,,,,,,,,,,,1,2,3,1,3
200700061744,0007-10-24 12:50:00,7,10,24,12,50,10,53,HUIT MAI 1945 ( BD DU) P,,,Plein jour,En agglomération,Giratoire,Normale,Deux véhicules - côté,,,,,,,,,,,1,2,6,1,3
200700061745,0007-10-12 14:35:00,7,10,12,14,35,10,283,"30, GUYNEMER",,,Plein jour,En agglomération,Hors intersection,Normale,Autre collision,,,,,,,,,,,1,2,1,1,6
200700061746,0007-10-15 17:30:00,7,10,15,17,30,10,283,"12, ROUSSEAU (JEAN JACQU",,,Plein jour,En agglomération,Hors intersection,Normale,Deux véhicules - côté,,,,,,,,,,,1,2,1,1,3
200700061747,0007-10-19 14:00:00,7,10,19,14,0,10,283,"91, VERDUN (COURS DE DU",,,Plein jour,En agglomération,Hors intersection,Normale,Autre collision,,,,,,,,,,,1,2,1,1,6
200700061748,0007-10-18 14:00:00,7,10,18,14,0,10,31,"3 b, HOTEL DE VILLE ( PL",,,Plein jour,En agglomération,Hors intersection,Normale,Autre collision,,,,,,,,,,,1,2,1,1,6
200700061749,0007-10-25 15:50:00,7,10,25,15,50,10,283,"29, GUYNEMER",,,Plein jour,En agglomération,Hors intersection,Normale,Deux véhicules - côté,,,,,,,,,,,1,2,1,1,3
200700061750,0007-10-31 15:50:00,7,10,31,15,50,10,14,"12, GENERAL DE GAULLE (R",,,Plein jour,En agglomération,Hors intersection,Normale,Autre collision,,,,,,,,,,,1,2,1,1,6
200700061751,0007-10-04 11:28:00,7,10,4,11,28,20,168,EXPRESS (VOIE) 04,,,Plein jour,En agglomération,Hors intersection,Normale,Deux véhicules - côté,,,,,,,,,,,1,2,1,1,3
200700061752,0007-10-17 13:25:00,7,10,17,13,25,20,168,SOISSONS (ROUTE DE) D1,,,Plein jour,Hors agglomération,Hors intersection,Pluie légère,Deux véhicules - côté,,,,,,,,,,,1,1,1,2,3
200700061753,0007-10-19 06:59:00,7,10,19,6,59,20,168,RN- 3,,,Nuit avec éclairage allumé,Hors agglomération,Intersection en X,Normale,Deux véhicules - côté,,,,,,,,,,,5,1,2,1,3
200700061754,0007-10-03 20:00:00,7,10,3,20,0,20,691,"1, LECLERC (RUE DU GL)",,,Crépuscule ou aube,En agglomération,Hors intersection,Normale,Deux véhicules - frontale,,,,,,,,,,,2,2,1,1,1
200700061755,0007-10-04 17:45:00,7,10,4,17,45,20,691,"17, LIBERGIER (RUE)",,,Plein jour,En agglomération,Intersection en X,Normale,Deux véhicules - côté,,,,,,,,,,,1,2,2,1,3
200700061756,0007-10-09 16:40:00,7,10,9,16,40,20,691,"12, BASILIQUE (PLACE DE",,,Plein jour,En agglomération,Hors intersection,Normale,Autre collision,,,,,,,,,,,1,2,1,1,6
200700061757,0007-10-16 20:55:00,7,10,16,20,55,20,691,BOUIN DE 1 A 84 (BD JEAN,,,Nuit avec éclairage allumé,En agglomération,Intersection en T,Normale,Deux véhicules - côté,,,,,,,,,,,5,2,3,1,3
200700061758,0007-10-05 20:10:00,7,10,5,20,10,20,691,"., BUGAIN (RUE MARCEL)",,,Nuit avec éclairage allumé,En agglomération,Hors intersection,Normale,Autre collision,,,,,,,,,,,5,2,1,1,6
200700061759,0007-10-18 19:45:00,7,10,18,19,45,20,691,"32, RICHELIEU (BD)",,,Crépuscule ou aube,En agglomération,Hors intersection,Normale,Autre collision,,,,,,,,,,,2,2,1,1,6
200700061760,0007-10-19 19:40:00,7,10,19,19,40,20,691,"01, SCHWEITZER (BD DU DO",,,Nuit avec éclairage allumé,En agglomération,Hors intersection,Normale,Deux véhicules - côté,,,,,,,,,,,5,2,1,1,3
200700061761,0007-10-09 21:45:00,7,10,9,21,45,20,722,"SANS, PASLY ( AVENUE DE",,,Nuit avec éclairage allumé,Hors agglomération,Hors intersection,Normale,Deux véhicules - frontale,,,,,,,,,,,5,1,1,1,1
200700061762,0007-10-31 16:15:00,7,10,31,16,15,20,258,"5, ALLIES (AVENUE DES)",,,Plein jour,En agglomération,Intersection en X,Temps éblouissant,Deux véhicules - côté,,,,,,,,,,,1,2,2,7,3
200700061763,0007-10-10 09:10:00,7,10,10,9,10,30,101,RN 145,,,Plein jour,Hors agglomération,Hors intersection,Normale,Deux véhicules - frontale,,,,,,,,,,,1,1,1,1,1
200700061764,0007-10-12 22:45:00,7,10,12,22,45,30,101,"55, GIVRETTE ( RUE DE )",,,Nuit avec éclairage allumé,En agglomération,Hors intersection,Normale,Autre collision,,,,,,,,,,,5,2,1,1,6
200700061765,0007-10-22 13:35:00,7,10,22,13,35,30,262,"SANS, C D 301",,,Plein jour,Hors agglomération,Intersection en X,Normale,Deux véhicules - côté,,,,,,,,,,,1,1,2,1,3
200700061766,0007-10-25 18:00:00,7,10,25,18,0,30,101,"92, LIBERATION ( RUE DE",,,Plein jour,Hors agglomération,Intersection en X,Normale,Deux véhicules - côté,,,,,,,,,,,1,1,2,1,3
200700061767,0007-10-02 18:00:00,7,10,2,18,0,30,1,"21, THIERS (AVENUE DE)",,,Plein jour,En agglomération,Hors intersection,Normale,Autre collision,,,,,,,,,,,1,2,1,1,6
200700061768,0007-10-03 08:00:00,7,10,3,8,0,30,95,"21,230, REPUBLIQUE (RUE",,,Plein jour,En agglomération,Intersection en X,Normale,Deux véhicules - côté,,,,,,,,,,,1,2,2,1,3
200700061769,0007-10-04 12:30:00,7,10,4,12,30,30,95,"0, CHARMEIL (ROUTE DE)",,,Plein jour,En agglomération,Intersection en X,Normale,Deux véhicules - arrière,,,,,,,,,,,1,2,2,1,2
200700061770,0007-10-08 11:30:00,7,10,8,11,30,30,95,"0, GAMBETTA (RUE)",,,Plein jour,En agglomération,Hors intersection,Normale,Autre collision,,,,,,,,,,,1,2,1,1,6
200700061771,0007-10-09 07:50:00,7,10,9,7,50,30,95,"0, HUIT MAI 1945 (BOULEV",,,Plein jour,En agglomération,Hors intersection,Temps couvert,Deux véhicules - côté,,,,,,,,,,,1,2,1,8,3
200700061772,0007-10-13 21:10:00,7,10,13,21,10,30,310,"0, GARE (PLACE DE LA)",,,Nuit avec éclairage allumé,En agglomération,Hors intersection,Normale,Autre collision,,,,,,,,,,,5,2,1,1,6
200700061773,0007-10-14 04:15:00,7,10,14,4,15,30,310,GRAMONT (AVENUE DE),,,Nuit avec éclairage allumé,Hors agglomération,Hors intersection,Normale,Autre collision,,,,,,,,,,,5,1,1,1,6
200700061774,0007-10-16 17:15:00,7,10,16,17,15,30,95,"135, CHASSIGNOL (ROUTE D",,,Plein jour,En agglomération,Hors intersection,Normale,Deux véhicules - arrière,,,,,,,,,,,1,2,1,1,2
200700061775,0007-10-17 15:25:00,7,10,17,15,25,30,310,"31, GAMBETTA (BOULEVARD)",,,Plein jour,En agglomération,Hors intersection,Normale,Autre collision,,,,,,,,,,,1,2,1,1,6
200700061776,0007-10-17 15:26:00,7,10,17,15,26,30,310,PARIS (RUE DE),,,Plein jour,En agglomération,Hors intersection,Normale,Autre collision,,,,,,,,,,,1,2,1,1,6
200700061777,0007-10-18 15:30:00,7,10,18,15,30,30,310,"0, EPINAT (PLACE JEAN)",,,Plein jour,En agglomération,Hors intersection,Pluie légère,Autre collision,,,,,,,,,,,1,2,1,2,6
200700061778,0007-10-20 21:45:00,7,10,20,21,45,30,23,CHARMEIL (ROUTE DE),,,Nuit avec éclairage allumé,En agglomération,Hors intersection,Normale,Autre collision,,,,,,,,,,,5,2,1,1,6
200700061779,0007-10-22 14:35:00,7,10,22,14,35,30,310,"1, MUTUALITE (BOULEVARD",,,Plein jour,En agglomération,Hors intersection,Normale,Autre collision,,,,,,,,,,,1,2,1,1,6
200700061780,0007-10-23 08:50:00,7,10,23,8,50,30,310,"10, THIERS (RUE DE)",,,Plein jour,En agglomération,Hors intersection,Normale,Autre collision,,,,,,,,,,,1,2,1,1,6
200700061781,0007-10-23 09:45:00,7,10,23,9,45,30,23,AUBERGER (AVENUE FERNAND,,,Plein jour,En agglomération,Giratoire,Normale,Deux véhicules - arrière,,,,,,,,,,,1,2,6,1,2
200700061782,0007-10-26 07:50:00,7,10,26,7,50,30,310,"10, THIERS (RUE DE)",,,Nuit avec éclairage allumé,En agglomération,Hors intersection,Normale,Autre collision,,,,,,,,,,,5,2,1,1,6
200700061783,0007-10-31 19:10:00,7,10,31,19,10,30,310,"0, AILES (ALLEE DES)",,,Nuit avec éclairage allumé,En agglomération,Hors intersection,Normale,Trois véhicules et plus - en chaîne,,,,,,,,,,,5,2,1,1,4
200700061784,0007-10-27 17:50:00,7,10,27,17,50,40,112,"34, BOURGES (BD. E.)",,,Plein jour,En agglomération,Hors intersection,Normale,Autre collision,,,,,,,,,,,1,2,1,1,6
200700061785,0007-10-01 18:25:00,7,10,1,18,25,50,23,SAVOIE (AVENUE DE),,,Plein jour,En agglomération,Hors intersection,Normale,Deux véhicules - frontale,,,,,,,,,,,1,2,1,1,1
200700061786,0007-10-27 19:20:00,7,10,27,19,20,50,23,GRENOBLE (ROUTE DE),,,Nuit avec éclairage allumé,En agglomération,Intersection en Y,Normale,Deux véhicules - côté,,,,,,,,,,,5,2,4,1,3
200700061787,0007-10-01 21:15:00,7,10,1,21,15,50,61,STE MARGUERITE ( ROUTE D,,,Nuit avec éclairage allumé,En agglomération,Hors intersection,Normale,Autre collision,,,,,,,,,,,5,2,1,1,6
200700061788,0007-10-03 17:10:00,7,10,3,17,10,50,61,JEAN JAURES ( AVENUE ),,,Plein jour,En agglomération,Hors intersection,Normale,Autre collision,,,,,,,,,,,1,2,1,1,6
200700061789,0007-10-07 10:00:00,7,10,7,10,0,50,61,LES SERIGUES,,,Plein jour,Hors agglomération,Hors intersection,Normale,Sans collision,,,,,,,,,,,1,1,1,1,7
200700061790,0007-10-14 06:45:00,7,10,14,6,45,50,61,STE MARTHE ( CHEMIN ),,,Crépuscule ou aube,Hors agglomération,Hors intersection,Normale,Deux véhicules - frontale,,,,,,,,,,,2,1,1,1,1
200700061791,0007-10-13 16:25:00,7,10,13,16,25,50,61,"11, TERRASSES (CHEMIN DE",,,Plein jour,Hors agglomération,Hors intersection,Normale,Deux véhicules - frontale,,,,,,,,,,,1,1,1,1,1
200700061792,0007-10-20 10:05:00,7,10,20,10,5,50,61,VEYNES ( ROUTE DE ),,,Plein jour,En agglomération,Intersection en T,Normale,Deux véhicules - côté,,,,,,,,,,,1,2,3,1,3
200700061793,0007-10-26 07:50:00,7,10,26,7,50,50,61,EYSSAGNIERES ( ROUTE DE,,,Crépuscule ou aube,En agglomération,Intersection en T,Normale,Deux véhicules - côté,,,,,,,,,,,2,2,3,1,3
200700061794,0007-10-31 14:59:00,7,10,31,14,59,50,61,JEAN JAURES ( AVENUE ),,,Plein jour,En agglomération,Hors intersection,Temps éblouissant,Autre collision,,,,,,,,,,,1,2,1,7,6
200700061795,0007-10-02 17:15:00,7,10,2,17,15,60,4,SAINT CLAUDE CH.DE,,,Plein jour,En agglomération,Autre intersection,Normale,Deux véhicules - côté,,,,,,,,,,,1,2,9,1,3
200700061796,0007-10-08 13:35:00,7,10,8,13,35,60,4,"2203, SAINT CLAUDE CH.DE",,,Plein jour,Hors agglomération,Intersection en T,Normale,Deux véhicules - côté,,,,,,,,,,,1,1,3,1,3
200700061797,0007-10-08 17:40:00,7,10,8,17,40,60,155,RD6007,,,Plein jour,En agglomération,Hors intersection,Normale,Trois véhicules et plus - collisions multiples,,,,,,,,,,,1,2,1,1,5
200700061798,0007-10-09 10:00:00,7,10,9,10,0,60,4,"31, NICE(RN.7) AV.ET RTE",,,Plein jour,En agglomération,Intersection en X,Normale,Deux véhicules - côté,,,,,,,,,,,1,2,2,1,3
200700061799,0007-10-10 09:15:00,7,10,10,9,15,60,4,"2203, SAINT CLAUDE CH.DE",,,Plein jour,En agglomération,Hors intersection,Normale,Deux véhicules - frontale,,,,,,,,,,,1,2,1,1,1
200700061800,0007-10-11 17:30:00,7,10,11,17,30,60,4,R.N.98 BORD DE MER SIEST,,,Plein jour,En agglomération,Hors intersection,Normale,Deux véhicules - côté,,,,,,,,,,,1,2,1,1,3
200700061801,0007-10-13 18:55:00,7,10,13,18,55,60,4,"952, AMES DU PURGATOIRE",,,Plein jour,En agglomération,Hors intersection,Normale,Deux véhicules - arrière,,,,,,,,,,,1,2,1,1,2
200700061802,0007-10-16 14:15:00,7,10,16,14,15,60,4,"52, REIBAUD AV.",,,Plein jour,En agglomération,Hors intersection,Normale,Deux véhicules - côté,,,,,,,,,,,1,2,1,1,3
200700061803,0007-10-21 11:30:00,7,10,21,11,30,60,4,POINCARE BD RAYMOND.,,,Plein jour,En agglomération,Hors intersection,Normale,Deux véhicules - côté,,,,,,,,,,,1,2,1,1,3
200700061804,0007-10-21 11:33:00,7,10,21,11,33,60,155,ROUVIER BD MAURICE,,,Plein jour,En agglomération,Passage à niveau,Normale,Autre collision,,,,,,,,,,,1,2,8,1,6
200700061805,0007-10-25 15:30:00,7,10,25,15,30,60,4,"36, WILSON BD",,,Plein jour,En agglomération,Hors intersection,Pluie légère,Autre collision,,,,,,,,,,,1,2,1,2,6
200700061806,0007-10-28 16:00:00,7,10,28,16,0,60,4,SAINT CLAUDE CH.DE,,,Plein jour,En agglomération,Hors intersection,Normale,Deux véhicules - frontale,,,,,,,,,,,1,2,1,1,1
200700061807,0007-10-28 20:06:00,7,10,28,20,6,60,155,MASSIER AV.ET IMP.CLEMEN,,,Nuit avec éclairage allumé,En agglomération,Hors intersection,Normale,Deux véhicules - côté,,,,,,,,,,,5,2,1,1,3
200700061808,0007-10-31 10:00:00,7,10,31,10,0,60,4,"19, MAUPASSANT-ANTIBES(L",,,Plein jour,En agglomération,Hors intersection,Normale,Autre collision,,,,,,,,,,,1,2,1,1,6
200700061809,0007-10-02 19:15:00,7,10,2,19,15,60,27,GARE AVENUE DE LA,,,Crépuscule ou aube,En agglomération,Intersection en T,Normale,Autre collision,,,,,,,,,,,2,2,3,1,6
200700061810,0007-10-04 18:20:00,7,10,4,18,20,60,27,"37, PLAGE BOULEVARD DE L",,,Plein jour,En agglomération,Hors intersection,Normale,Deux véhicules - arrière,,,,,,,,,,,1,2,1,1,2
200700061811,0007-10-04 19:45:00,7,10,4,19,45,60,27,"3, PLAGE BOULEVARD DE LA",,,Nuit avec éclairage allumé,En agglomération,Hors intersection,Normale,Autre collision,,,,,,,,,,,5,2,1,1,6
200700061812,0007-10-06 09:00:00,7,10,6,9,0,60,27,BOUCHER RUE HELENE,,,Plein jour,En agglomération,Intersection en X,Normale,Autre collision,,,,,,,,,,,1,2,2,1,6
200700061813,0007-10-07 11:50:00,7,10,7,11,50,60,27,PRESSES CHEMIN DES,,,Plein jour,En agglomération,Intersection en T,Normale,Deux véhicules - côté,,,,,,,,,,,1,2,3,1,3