accident_id,datetime,annee,mois,jour,heure,minute,departement,commune_insee,adresse,latitude,longitude,luminosite,agglomeration,intersection,meteo,collision,nb_vehicules,nb_usagers,nb_indemnes,nb_tues,nb_blesses_hosp,nb_blesses_legers,age_cond_1,age_cond_2,veh_type_cond_1,veh_type_cond_2,lum_code,agg_code,int_code,atm_code,col_code
200700061814,0007-10-09 01:05:00,7,10,9,1,5,60,123,BORD DE MER RN 98,,,Nuit avec éclairage allumé,En agglomération,Hors intersection,Normale,Autre collision,,,,,,,,,,,5,2,1,1,6
200700061815,0007-10-12 10:30:00,7,10,12,10,30,60,27,RENOIR AVENUE AUGUSTE,,,Plein jour,En agglomération,Intersection en Y,Normale,Deux véhicules - arrière,,,,,,,,,,,1,2,4,1,2
200700061816,0007-10-12 12:00:00,7,10,12,12,0,60,123,DE GAULLE GENERAL AVENUE,,,Plein jour,En agglomération,Hors intersection,Normale,Deux véhicules - côté,,,,,,,,,,,1,2,1,1,3
200700061817,0007-10-13 09:55:00,7,10,13,9,55,60,27,PLAGE BOULEVARD DE LA,,,Plein jour,En agglomération,Intersection en T,Normale,Deux véhicules - côté,,,,,,,,,,,1,2,3,1,3
200700061818,0007-10-16 16:20:00,7,10,16,16,20,60,123,ISCLES CHEMIN DES,,,Plein jour,En agglomération,Hors intersection,Normale,Deux véhicules - frontale,,,,,,,,,,,1,2,1,1,1
200700061819,0007-10-17 08:55:00,7,10,17,8,55,60,27,"166, NICE AVENUE DE (RN7",,,Plein jour,En agglomération,Hors intersection,Normale,Deux véhicules - côté,,,,,,,,,,,1,2,1,1,3
200700061820,0007-10-18 10:40:00,7,10,18,10,40,60,27,CANNES AVENUE DE (RN7),,,Plein jour,En agglomération,Hors intersection,Normale,Trois véhicules et plus - collisions multiples,,,,,,,,,,,1,2,1,1,5
200700061821,0007-10-18 21:15:00,7,10,18,21,15,60,27,"19, VAL FLEURI CHEMIN DU",,,Nuit avec éclairage allumé,En agglomération,Hors intersection,Normale,Deux véhicules - côté,,,,,,,,,,,5,2,1,1,3
200700061822,0007-10-19 18:10:00,7,10,19,18,10,60,123,"47, DE GAULLE GENERAL AV",,,Crépuscule ou aube,En agglomération,Hors intersection,Normale,Autre collision,,,,,,,,,,,2,2,1,1,6
200700061823,0007-10-19 07:35:00,7,10,19,7,35,60,123,"1009, BARONNE ROUTE DE L",,,Crépuscule ou aube,En agglomération,Hors intersection,Normale,Deux véhicules - côté,,,,,,,,,,,2,2,1,1,3
200700061824,0007-10-19 10:00:00,7,10,19,10,0,60,123,DIGUE CHEMIN DE LA,,,Plein jour,En agglomération,Intersection en T,Normale,Deux véhicules - arrière,,,,,,,,,,,1,2,3,1,2
200700061825,0007-10-18 14:00:00,7,10,18,14,0,60,123,"649, CURIE PIERRE ET MAR",,,Plein jour,En agglomération,Hors intersection,Normale,Deux véhicules - côté,,,,,,,,,,,1,2,1,1,3
200700061826,0007-10-21 20:45:00,7,10,21,20,45,60,27,PLAGE BOULEVARD DE LA,,,Nuit avec éclairage allumé,En agglomération,Intersection en T,Normale,Deux véhicules - arrière,,,,,,,,,,,5,2,3,1,2
200700061827,0007-10-22 07:35:00,7,10,22,7,35,60,123,"412, GARE ROUTE DE LA",,,Crépuscule ou aube,En agglomération,Intersection en T,Normale,Deux véhicules - côté,,,,,,,,,,,2,2,3,1,3
200700061828,0007-10-24 08:15:00,7,10,24,8,15,60,27,NICE AVENUE DE (RN7),,,Plein jour,En agglomération,Intersection en T,Normale,Deux véhicules - côté,,,,,,,,,,,1,2,3,1,3
200700061829,0007-10-24 12:15:00,7,10,24,12,15,60,27,"50, VAL FLEURI CHEMIN DU",,,Plein jour,En agglomération,Hors intersection,Normale,Deux véhicules - côté,,,,,,,,,,,1,2,1,1,3
200700061830,0007-10-23 17:10:00,7,10,23,17,10,60,27,"12, LECLERCAVENUE GENERA",,,Plein jour,En agglomération,Intersection en T,Normale,Autre collision,,,,,,,,,,,1,2,3,1,6
200700061831,0007-10-23 18:50:00,7,10,23,18,50,60,123,DAUDET ALPHONSE RUE,,,Nuit avec éclairage allumé,En agglomération,Intersection en T,Normale,Autre collision,,,,,,,,,,,5,2,3,1,6
200700061832,0007-10-24 08:10:00,7,10,24,8,10,60,123,"2, ST JEANNET ROUTE DE",,,Plein jour,En agglomération,Hors intersection,Normale,Deux véhicules - arrière,,,,,,,,,,,1,2,1,1,2
200700061833,0007-10-26 16:30:00,7,10,26,16,30,60,123,"2088, ST JEANNET ROUTE D",,,Plein jour,En agglomération,Intersection en T,Normale,Deux véhicules - arrière,,,,,,,,,,,1,2,3,1,2
200700061834,0007-10-01 17:00:00,7,10,1,17,0,60,30,"107, DOUMER (BOULEVARD P",,,Plein jour,En agglomération,Hors intersection,Normale,Autre collision,,,,,,,,,,,1,2,1,1,6
200700061835,0007-10-02 17:00:00,7,10,2,17,0,60,29,"16, PICAUD (AVENUE DU DO",,,Plein jour,En agglomération,Intersection en T,Normale,Trois véhicules et plus - collisions multiples,,,,,,,,,,,1,2,3,1,5
200700061836,0007-10-03 21:35:00,7,10,3,21,35,60,29,MIMONT (RUE DE),,,Nuit avec éclairage allumé,En agglomération,Hors intersection,Normale,Autre collision,,,,,,,,,,,5,2,1,1,6
200700061837,0007-10-04 17:30:00,7,10,4,17,30,60,29,OXFORD (BOULEVARD D'),,,Plein jour,En agglomération,Hors intersection,Normale,Deux véhicules - arrière,,,,,,,,,,,1,2,1,1,2
200700061838,0007-10-05 10:00:00,7,10,5,10,0,60,29,ROUBINE (AVENUE DE LA),,,Plein jour,En agglomération,Hors intersection,Normale,Deux véhicules - côté,,,,,,,,,,,1,2,1,1,3
200700061839,0007-10-05 15:30:00,7,10,5,15,30,60,29,BERGIA (PLACE HENRI),,,Plein jour,En agglomération,Hors intersection,Pluie légère,Deux véhicules - côté,,,,,,,,,,,1,2,1,2,3
200700061840,0007-10-05 14:04:00,7,10,5,14,4,60,30,"82, ROOSEVELT (AVENUE FR",,,Plein jour,En agglomération,Hors intersection,Normale,Sans collision,,,,,,,,,,,1,2,1,1,7
200700061841,0007-10-05 18:50:00,7,10,5,18,50,60,29,"17, PETIT JUAS (AVENUE D",,,Plein jour,En agglomération,Hors intersection,Normale,Sans collision,,,,,,,,,,,1,2,1,1,7
200700061842,0007-10-08 14:25:00,7,10,8,14,25,60,29,"31 bis, PICAUD (AVENUE D",,,Plein jour,En agglomération,Hors intersection,Normale,Autre collision,,,,,,,,,,,1,2,1,1,6
200700061843,0007-10-08 05:55:00,7,10,8,5,55,60,29,RIOU (BOULEVARD DU),,,Crépuscule ou aube,En agglomération,Hors intersection,Normale,Autre collision,,,,,,,,,,,2,2,1,1,6
200700061844,0007-10-09 08:50:00,7,10,9,8,50,60,29,"54, CANNES (RUE DE)(BOCC",,,Plein jour,En agglomération,Hors intersection,Normale,Deux véhicules - côté,,,,,,,,,,,1,2,1,1,3
200700061845,0007-10-09 11:00:00,7,10,9,11,0,60,30,ROOSEVELT (AVENUE FRANKL,,,Plein jour,En agglomération,Hors intersection,Normale,Deux véhicules - côté,,,,,,,,,,,1,2,1,1,3
200700061846,0007-10-01 09:30:00,7,10,1,9,30,60,29,MONTROSE (AVENUE),,,Plein jour,En agglomération,Hors intersection,Normale,Sans collision,,,,,,,,,,,1,2,1,1,7
200700061847,0007-10-09 20:50:00,7,10,9,20,50,60,29,"00, CARNOT (BOULEVARD)",,,Nuit avec éclairage allumé,En agglomération,Hors intersection,Normale,Deux véhicules - arrière,,,,,,,,,,,5,2,1,1,2
200700061848,0007-10-10 15:20:00,7,10,10,15,20,60,29,"157/159, TONNER (AVENUE",,,Plein jour,En agglomération,Hors intersection,Normale,Deux véhicules - arrière,,,,,,,,,,,1,2,1,1,2
200700061849,0007-10-12 09:49:00,7,10,12,9,49,60,29,BROUSSAILLES (AVENUE DES,,,Plein jour,En agglomération,Hors intersection,Normale,Deux véhicules - arrière,,,,,,,,,,,1,2,1,1,2
200700061850,0007-10-12 17:59:00,7,10,12,17,59,60,29,ALEXANDRE III (BOULEVARD,,,Plein jour,En agglomération,Hors intersection,Normale,Deux véhicules - côté,,,,,,,,,,,1,2,1,1,3
200700061851,0007-10-13 23:51:00,7,10,13,23,51,60,29,ANTIBES (RUE D'),,,Nuit avec éclairage allumé,En agglomération,Hors intersection,Normale,Sans collision,,,,,,,,,,,5,2,1,1,7
200700061852,0007-10-19 22:55:00,7,10,19,22,55,60,30,"108, OLIVET (CHEMIN DE L",,,Nuit avec éclairage allumé,En agglomération,Hors intersection,Normale,Autre collision,,,,,,,,,,,5,2,1,1,6
200700061853,0007-10-19 14:35:00,7,10,19,14,35,60,30,"2, MASSENA (RUE) CANNET",,,Plein jour,En agglomération,Hors intersection,Normale,Trois véhicules et plus - collisions multiples,,,,,,,,,,,1,2,1,1,5
200700061854,0007-10-21 03:00:00,7,10,21,3,0,60,29,TONNER (AVENUE FRANCIS),,,Nuit avec éclairage allumé,En agglomération,Hors intersection,Normale,Deux véhicules - côté,,,,,,,,,,,5,2,1,1,3
200700061855,0007-10-21 15:30:00,7,10,21,15,30,60,29,"151, JUIN (AVENUE MARECH",,,Plein jour,En agglomération,Hors intersection,Normale,Deux véhicules - arrière,,,,,,,,,,,1,2,1,1,2
200700061856,0007-10-21 16:30:00,7,10,21,16,30,60,30,"67, SADI CARNOT (BOULEVA",,,Plein jour,En agglomération,Hors intersection,Normale,Deux véhicules - côté,,,,,,,,,,,1,2,1,1,3
200700061857,0007-10-22 11:20:00,7,10,22,11,20,60,29,GABRES (PONT DES),,,Plein jour,En agglomération,Giratoire,Normale,Deux véhicules - côté,,,,,,,,,,,1,2,6,1,3
200700061858,0007-10-22 17:33:00,7,10,22,17,33,60,30,CARNOT (BOULEVARD),,,Plein jour,En agglomération,Hors intersection,Normale,Deux véhicules - arrière,,,,,,,,,,,1,2,1,1,2
200700061859,0007-10-23 18:06:00,7,10,23,18,6,60,29,"55, PICAUD (AVENUE DU DO",,,Plein jour,En agglomération,Hors intersection,Normale,Deux véhicules - côté,,,,,,,,,,,1,2,1,1,3
200700061860,0007-10-23 21:25:00,7,10,23,21,25,60,29,CAMP LONG (AVENUE DU),,,Nuit avec éclairage allumé,En agglomération,Hors intersection,Normale,Deux véhicules - arrière,,,,,,,,,,,5,2,1,1,2
200700061861,0007-10-24 14:00:00,7,10,24,14,0,60,30,"2, REPUBLIQUE (RUE DE LA",,,Plein jour,En agglomération,Intersection en T,Normale,Deux véhicules - côté,,,,,,,,,,,1,2,3,1,3
200700061862,0007-10-24 17:40:00,7,10,24,17,40,60,30,"115, CARNOT (BOULEVARD)",,,Plein jour,En agglomération,Hors intersection,Normale,Deux véhicules - côté,,,,,,,,,,,1,2,1,1,3
200700061863,0007-10-24 23:15:00,7,10,24,23,15,60,29,CROISETTE (BOULEVARD DE,,,Nuit avec éclairage allumé,En agglomération,Hors intersection,Normale,Deux véhicules - arrière,,,,,,,,,,,5,2,1,1,2
200700061864,0007-10-27 00:14:00,7,10,27,0,14,60,29,ST NICOLAS (AVENUE),,,Nuit avec éclairage allumé,En agglomération,Intersection en X,Normale,Autre collision,,,,,,,,,,,5,2,2,1,6
200700061865,0007-10-27 19:13:00,7,10,27,19,13,60,29,"22, MIDI (BOULEVARD DU)",,,Plein jour,En agglomération,Hors intersection,Normale,Sans collision,,,,,,,,,,,1,2,1,1,7
200700061866,0007-10-30 11:10:00,7,10,30,11,10,60,29,REPUBLIQUE (BOULEVARD DE,,,Plein jour,En agglomération,Hors intersection,Normale,Sans collision,,,,,,,,,,,1,2,1,1,7
200700061867,0007-10-31 15:55:00,7,10,31,15,55,60,30,"69, SADI CARNOT (BOULEVA",,,Plein jour,En agglomération,Hors intersection,Normale,Deux véhicules - frontale,,,,,,,,,,,1,2,1,1,1
200700061868,0007-10-01 17:25:00,7,10,1,17,25,60,69,"47, TASSIGNY (AVENUE DEL",,,Plein jour,En agglomération,Hors intersection,Normale,Deux véhicules - côté,,,,,,,,,,,1,2,1,1,3
200700061869,0007-10-01 18:50:00,7,10,1,18,50,60,69,"25, PAOUTE (ROUTE ET TRA",,,Plein jour,En agglomération,Intersection en T,Normale,Deux véhicules - côté,,,,,,,,,,,1,2,3,1,3
200700061870,0007-10-02 09:30:00,7,10,2,9,30,60,69,"80, PAOUTE (ROUTE ET TRA",,,Plein jour,Hors agglomération,Hors intersection,Normale,Trois véhicules et plus - collisions multiples,,,,,,,,,,,1,1,1,1,5
200700061871,0007-10-04 13:50:00,7,10,4,13,50,60,69,"51, TOURACHE (CHEMIN DE",,,Plein jour,En agglomération,Hors intersection,Normale,Deux véhicules - côté,,,,,,,,,,,1,2,1,1,3
200700061872,0007-10-04 18:10:00,7,10,4,18,10,60,69,"17, SANTON (CHEMIN DU)",,,Plein jour,En agglomération,Hors intersection,Normale,Deux véhicules - arrière,,,,,,,,,,,1,2,1,1,2
200700061873,0007-10-09 15:55:00,7,10,9,15,55,60,69,"115, CANNES (ROUTE DE)",,,Plein jour,En agglomération,Hors intersection,Normale,Trois véhicules et plus - en chaîne,,,,,,,,,,,1,2,1,1,4
200700061874,0007-10-09 18:25:00,7,10,9,18,25,60,69,"x, CHENES (CHEMIN DES)",,,Crépuscule ou aube,En agglomération,Hors intersection,Normale,Deux véhicules - frontale,,,,,,,,,,,2,2,1,1,1
200700061875,0007-10-10 07:35:00,7,10,10,7,35,60,69,"37, SIDI BRAHIM (AVENUE)",,,Plein jour,En agglomération,Hors intersection,Normale,Deux véhicules - côté,,,,,,,,,,,1,2,1,1,3
200700061876,0007-10-11 17:00:00,7,10,11,17,0,60,69,"9, CHAPELLE SAINT ANTOIN",,,Plein jour,En agglomération,Hors intersection,Normale,Deux véhicules - frontale,,,,,,,,,,,1,2,1,1,1
200700061877,0007-10-12 09:30:00,7,10,12,9,30,60,69,"89, LIBERATION (AVENUE D",,,Plein jour,En agglomération,Intersection en T,Normale,Deux véhicules - côté,,,,,,,,,,,1,2,3,1,3
200700061878,0007-10-14 13:00:00,7,10,14,13,0,60,69,"x, BELLETRUD (BOULEVARD",,,Plein jour,Hors agglomération,Hors intersection,Normale,Deux véhicules - arrière,,,,,,,,,,,1,1,1,1,2
200700061879,0007-10-14 22:50:00,7,10,14,22,50,60,69,"67, HUGO (BOULEVARD ET T",,,Nuit avec éclairage allumé,En agglomération,Hors intersection,Normale,Deux véhicules - côté,,,,,,,,,,,5,2,1,1,3
200700061880,0007-10-15 13:00:00,7,10,15,13,0,60,69,"x, SIDI BRAHIM (AVENUE)",,,Plein jour,En agglomération,Hors intersection,Normale,Deux véhicules - arrière,,,,,,,,,,,1,2,1,1,2
200700061881,0007-10-17 11:30:00,7,10,17,11,30,60,69,"108, PASTEUR (BOULEVARD)",,,Plein jour,Hors agglomération,Hors intersection,Normale,Deux véhicules - arrière,,,,,,,,,,,1,1,1,1,2
200700061882,0007-10-17 13:15:00,7,10,17,13,15,60,69,"20, PLAN (ROUTE DU) -D30",,,Plein jour,En agglomération,Hors intersection,Normale,Deux véhicules - côté,,,,,,,,,,,1,2,1,1,3
200700061883,0007-10-18 17:30:00,7,10,18,17,30,60,69,"123, CANNES (ROUTE DE)",,,Plein jour,En agglomération,Hors intersection,Normale,Deux véhicules - côté,,,,,,,,,,,1,2,1,1,3
200700061884,0007-10-18 14:00:00,7,10,18,14,0,60,69,"54, LIBERATION (AVENUE D",,,Plein jour,En agglomération,Hors intersection,Normale,Deux véhicules - arrière,,,,,,,,,,,1,2,1,1,2
200700061885,0007-10-18 17:25:00,7,10,18,17,25,60,69,"x, PROVENCE (AVENUE DE)",,,Plein jour,En agglomération,Hors intersection,Normale,Trois véhicules et plus - en chaîne,,,,,,,,,,,1,2,1,1,4
200700061886,0007-10-19 05:40:00,7,10,19,5,40,60,69,"x, NAPOLEON (ROUTE)",,,Nuit avec éclairage allumé,Hors agglomération,Hors intersection,Normale,Autre collision,,,,,,,,,,,5,1,1,1,6
200700061887,0007-10-21 11:30:00,7,10,21,11,30,60,69,"140, RENOIR (AVENUE AUGU",,,Plein jour,En agglomération,Hors intersection,Normale,Autre collision,,,,,,,,,,,1,2,1,1,6
200700061888,0007-10-22 08:40:00,7,10,22,8,40,60,69,"250, PLASCASSIER (route",,,Plein jour,En agglomération,Hors intersection,Normale,Sans collision,,,,,,,,,,,1,2,1,1,7
200700061889,0007-10-22 13:50:00,7,10,22,13,50,60,69,"203, RENOIR (AVENUE AUGU",,,Plein jour,En agglomération,Hors intersection,Normale,Deux véhicules - arrière,,,,,,,,,,,1,2,1,1,2
200700061890,0007-10-22 17:35:00,7,10,22,17,35,60,69,"x, ARENE (AVENUE PAUL )",,,Plein jour,En agglomération,Hors intersection,Temps éblouissant,Autre collision,,,,,,,,,,,1,2,1,7,6
200700061891,0007-10-23 01:10:00,7,10,23,1,10,60,69,"222, DRAGUIGNAN (ROUTE D",,,Nuit avec éclairage allumé,En agglomération,Hors intersection,Normale,Sans collision,,,,,,,,,,,5,2,1,1,7
200700061892,0007-10-23 09:50:00,7,10,23,9,50,60,69,"x, SIDI BRAHIM (AVENUE E",,,Plein jour,En agglomération,Hors intersection,Normale,Deux véhicules - côté,,,,,,,,,,,1,2,1,1,3
200700061893,0007-10-25 13:20:00,7,10,25,13,20,60,69,"102, DRAGUIGNAN (ROUTE D",,,Plein jour,En agglomération,Hors intersection,Pluie légère,Autre collision,,,,,,,,,,,1,2,1,2,6
200700061894,0007-10-25 17:10:00,7,10,25,17,10,60,69,"x, CANNES (ROUTE DE)  -R",,,Plein jour,En agglomération,Hors intersection,Pluie légère,Deux véhicules - côté,,,,,,,,,,,1,2,1,2,3
200700061895,0007-10-25 17:45:00,7,10,25,17,45,60,69,"X, SAINT EXUPERY (AVENUE",,,Plein jour,En agglomération,Hors intersection,Pluie forte,Deux véhicules - arrière,,,,,,,,,,,1,2,1,3,2
200700061896,0007-10-25 17:55:00,7,10,25,17,55,60,69,"x, DE GAULLE (AVENUE DU",,,Plein jour,En agglomération,Hors intersection,Pluie forte,Deux véhicules - arrière,,,,,,,,,,,1,2,1,3,2
200700061897,0007-10-26 07:30:00,7,10,26,7,30,60,69,"39, CHENES (CHEMIN DES)",,,Crépuscule ou aube,En agglomération,Hors intersection,Pluie légère,Deux véhicules - côté,,,,,,,,,,,2,2,1,2,3
200700061898,0007-10-26 08:40:00,7,10,26,8,40,60,69,"92, KENNEDY (BOULEVARD D",,,Plein jour,En agglomération,Hors intersection,Pluie légère,Sans collision,,,,,,,,,,,1,2,1,2,7
200700061899,0007-10-26 16:10:00,7,10,26,16,10,60,69,"102, TOURACHE (CHEMIN DE",,,Plein jour,En agglomération,Hors intersection,Normale,Deux véhicules - arrière,,,,,,,,,,,1,2,1,1,2
200700061900,0007-10-26 18:00:00,7,10,26,18,0,60,69,"135, ROTHSCHILD (BOULEVA",,,Nuit avec éclairage allumé,Hors agglomération,Hors intersection,Normale,Deux véhicules - frontale,,,,,,,,,,,5,1,1,1,1
200700061901,0007-10-27 01:30:00,7,10,27,1,30,60,69,"82, DRAGUIGNAN (ROUTE DE",,,Nuit avec éclairage allumé,Hors agglomération,Hors intersection,Normale,Autre collision,,,,,,,,,,,5,1,1,1,6
200700061902,0007-10-27 20:45:00,7,10,27,20,45,60,69,"x, VICTORIA (AVENUE ET T",,,Nuit avec éclairage allumé,En agglomération,Intersection en Y,Normale,Deux véhicules - côté,,,,,,,,,,,5,2,4,1,3
200700061903,0007-10-29 12:15:00,7,10,29,12,15,60,69,"x, MADELEINE",,,Plein jour,En agglomération,Hors intersection,Normale,Deux véhicules - frontale,,,,,,,,,,,1,2,1,1,1
200700061904,0007-10-30 10:45:00,7,10,30,10,45,60,69,"x, PEGOMAS (ROUTE DE)",,,Plein jour,En agglomération,Hors intersection,Normale,Sans collision,,,,,,,,,,,1,2,1,1,7
200700061905,0007-10-31 09:10:00,7,10,31,9,10,60,69,"x, MISTRAL (AVENUE ET PL",,,Plein jour,En agglomération,Hors intersection,Normale,Sans collision,,,,,,,,,,,1,2,1,1,7
200700061906,0007-10-31 12:30:00,7,10,31,12,30,60,69,"x, CHENES (CHEMIN DES)",,,Plein jour,En agglomération,Intersection en T,Normale,Deux véhicules - côté,,,,,,,,,,,1,2,3,1,3
200700061907,0007-10-06 12:15:00,7,10,6,12,15,60,12,"1, LECLERC (BOULEVARD GE",,,Plein jour,En agglomération,Intersection en T,Normale,Autre collision,,,,,,,,,,,1,2,3,1,6
200700061908,0007-10-13 09:45:00,7,10,13,9,45,60,83,"39, MENTON (PDE DU VAL D",,,Plein jour,En agglomération,Intersection en X,Normale,Deux véhicules - frontale,,,,,,,,,,,1,2,2,1,1
200700061909,0007-10-14 18:35:00,7,10,14,18,35,60,104,CHEMINS (CARREFOUR DES 4,,,Crépuscule ou aube,En agglomération,Intersection en X,Normale,Deux véhicules - côté,,,,,,,,,,,2,2,2,1,3
200700061910,0007-10-17 18:15:00,7,10,17,18,15,60,83,"30 Bis, CASTELLAR (ROUTE",,,Plein jour,En agglomération,Hors intersection,Normale,Autre collision,,,,,,,,,,,1,2,1,1,6
200700061911,0007-10-24 16:50:00,7,10,24,16,50,60,104,"VERDUN (AVENUE DE, N° 13",,,Plein jour,En agglomération,Hors intersection,Normale,Autre collision,,,,,,,,,,,1,2,1,1,6
200700061912,0007-10-26 03:28:00,7,10,26,3,28,60,104,JAURES (AVENUE JEAN),,,Nuit avec éclairage allumé,En agglomération,Intersection en X,Normale,Deux véhicules - frontale,,,,,,,,,,,5,2,2,1,1
200700061913,0007-10-22 16:05:00,7,10,22,16,5,60,104,"20, FRANCE (AVENUE DE)",,,Plein jour,En agglomération,Hors intersection,Normale,Autre collision,,,,,,,,,,,1,2,1,1,6
200700061914,0007-10-30 16:00:00,7,10,30,16,0,60,104,AZUR (AVENUE DE LA COTE,,,Plein jour,En agglomération,Intersection en Y,Normale,Deux véhicules - arrière,,,,,,,,,,,1,2,4,1,2
200700061915,0007-10-01 12:00:00,7,10,1,12,0,60,88,"91, ANGLAIS (DU N° 45 AU",,,Plein jour,En agglomération,Hors intersection,Normale,Deux véhicules - arrière,,,,,,,,,,,1,2,1,1,2
200700061916,0007-10-01 15:30:00,7,10,1,15,30,60,88,"8, VERANY (BD J.B.)",,,Plein jour,En agglomération,Hors intersection,Normale,Deux véhicules - arrière,,,,,,,,,,,1,2,1,1,2
200700061917,0007-10-01 19:30:00,7,10,1,19,30,60,88,"18, FLIREY (AV. DE)",,,Nuit avec éclairage allumé,En agglomération,Hors intersection,Normale,Deux véhicules - côté,,,,,,,,,,,5,2,1,1,3
200700061918,0007-10-01 18:20:00,7,10,1,18,20,60,88,"0, THIERS (AV.)",,,Plein jour,En agglomération,Intersection en T,Normale,Deux véhicules - côté,,,,,,,,,,,1,2,3,1,3
200700061919,0007-10-02 13:50:00,7,10,2,13,50,60,88,"52, SEMERIA (AV. DENIS)",,,Plein jour,En agglomération,Hors intersection,Normale,Autre collision,,,,,,,,,,,1,2,1,1,6
200700061920,0007-10-02 19:05:00,7,10,2,19,5,60,88,"1, VILLENEUVE (R. DE)",,,Plein jour,En agglomération,Hors intersection,Normale,Autre collision,,,,,,,,,,,1,2,1,1,6
200700061921,0007-10-02 19:20:00,7,10,2,19,20,60,88,"18, SAINT-JEAN BAPTISTE",,,Crépuscule ou aube,En agglomération,Hors intersection,Normale,Deux véhicules - arrière,,,,,,,,,,,2,2,1,1,2
200700061922,0007-10-02 19:00:00,7,10,2,19,0,60,88,MENDIGUREN (AV. DE),,,Plein jour,En agglomération,Intersection en X,Normale,Deux véhicules - côté,,,,,,,,,,,1,2,2,1,3
200700061923,0007-10-03 08:45:00,7,10,3,8,45,60,88,ANGLAIS (DU N° 265 AU N°,,,Plein jour,En agglomération,Hors intersection,Normale,Deux véhicules - arrière,,,,,,,,,,,1,2,1,1,2
200700061924,0007-10-04 07:00:00,7,10,4,7,0,60,88,"0, JOLY (CORNICHE ANDRE",,,Crépuscule ou aube,En agglomération,Hors intersection,Normale,Deux véhicules - côté,,,,,,,,,,,2,2,1,1,3
200700061925,0007-10-04 09:15:00,7,10,4,9,15,60,88,"0, RD 6202",,,Plein jour,Hors agglomération,Autre intersection,Normale,Deux véhicules - arrière,,,,,,,,,,,1,1,9,1,2
200700061926,0007-10-04 11:00:00,7,10,4,11,0,60,88,"100, SAINT-LAMBERT (AV.)",,,Plein jour,En agglomération,Hors intersection,Normale,Autre collision,,,,,,,,,,,1,2,1,1,6
200700061927,0007-10-04 11:25:00,7,10,4,11,25,60,88,"5, VON-DERWEIS (R.)",,,Plein jour,En agglomération,Hors intersection,Normale,Autre collision,,,,,,,,,,,1,2,1,1,6
200700061928,0007-10-04 13:55:00,7,10,4,13,55,60,88,"0, ESTIENNE -D'ORVES (AV",,,Plein jour,En agglomération,Hors intersection,Normale,Autre collision,,,,,,,,,,,1,2,1,1,6
200700061929,0007-10-05 07:50:00,7,10,5,7,50,60,88,"0, SAINT-LAMBERT (AV.) (",,,Plein jour,En agglomération,Hors intersection,Normale,Autre collision,,,,,,,,,,,1,2,1,1,6
200700061930,0007-10-05 09:30:00,7,10,5,9,30,60,88,", LYAUTEY (AV. DU MAL)",,,Plein jour,En agglomération,Hors intersection,Normale,Deux véhicules - arrière,,,,,,,,,,,1,2,1,1,2
200700061931,0007-10-05 13:20:00,7,10,5,13,20,60,88,"0, CORNIGLION MOLINIER (",,,Plein jour,En agglomération,Hors intersection,Normale,Autre collision,,,,,,,,,,,1,2,1,1,6
200700061932,0007-10-05 16:35:00,7,10,5,16,35,60,88,"0, MONTEL (BD PAUL)",,,Plein jour,En agglomération,Hors intersection,Normale,Deux véhicules - arrière,,,,,,,,,,,1,2,1,1,2
200700061933,0007-10-05 17:20:00,7,10,5,17,20,60,88,"0, ANGLAIS (DU N° 265 AU",,,Plein jour,Hors agglomération,Hors intersection,Normale,Trois véhicules et plus - en chaîne,,,,,,,,,,,1,1,1,1,4
200700061934,0007-10-05 21:15:00,7,10,5,21,15,60,88,ANGLAIS (DU N° 1 AU N° 4,,,Crépuscule ou aube,En agglomération,Hors intersection,Normale,Deux véhicules - côté,,,,,,,,,,,2,2,1,1,3
200700061935,0007-10-06 20:50:00,7,10,6,20,50,60,88,"0, DEVOLUY (RUE PIERRE)",,,Nuit avec éclairage allumé,En agglomération,Hors intersection,Normale,Autre collision,,,,,,,,,,,5,2,1,1,6
200700061936,0007-10-06 00:01:00,7,10,6,0,1,60,88,"31, GAMBETTA (JUSQU'AU N",,,Nuit avec éclairage allumé,En agglomération,Hors intersection,Normale,Deux véhicules - côté,,,,,,,,,,,5,2,1,1,3
200700061937,0007-10-06 05:40:00,7,10,6,5,40,60,159,"54, PRINCESSE GRACE DE M",,,Nuit avec éclairage allumé,En agglomération,Hors intersection,Normale,Deux véhicules - frontale,,,,,,,,,,,5,2,1,1,1
200700061938,0007-10-06 14:00:00,7,10,6,14,0,60,88,"0, GRENOBLE (ROUTE DE)",,,Plein jour,En agglomération,Hors intersection,Normale,Deux véhicules - frontale,,,,,,,,,,,1,2,1,1,1
200700061939,0007-10-06 15:20:00,7,10,6,15,20,60,88,"0, MONT-BORON (BD DU) (J",,,Plein jour,En agglomération,Hors intersection,Normale,Autre collision,,,,,,,,,,,1,2,1,1,6
200700061940,0007-10-06 16:50:00,7,10,6,16,50,60,88,"0, PASTORELLI (R.)",,,Plein jour,En agglomération,Hors intersection,Normale,Autre collision,,,,,,,,,,,1,2,1,1,6
200700061941,0007-10-06 18:00:00,7,10,6,18,0,60,88,"2, GUIGLIA (R.)",,,Plein jour,En agglomération,Hors intersection,Normale,Trois véhicules et plus - collisions multiples,,,,,,,,,,,1,2,1,1,5
200700061942,0007-10-07 07:15:00,7,10,7,7,15,60,88,"0, STE MARGUERITE (AV.)",,,Crépuscule ou aube,En agglomération,Intersection en T,Normale,Deux véhicules - côté,,,,,,,,,,,2,2,3,1,3
200700061943,0007-10-07 09:10:00,7,10,7,9,10,60,88,"0, SAINT-JEAN BAPTISTE (",,,Plein jour,En agglomération,Hors intersection,Normale,Deux véhicules - arrière,,,,,,,,,,,1,2,1,1,2