accident_id,datetime,annee,mois,jour,heure,minute,departement,commune_insee,adresse,latitude,longitude,luminosite,agglomeration,intersection,meteo,collision,nb_vehicules,nb_usagers,nb_indemnes,nb_tues,nb_blesses_hosp,nb_blesses_legers,age_cond_1,age_cond_2,veh_type_cond_1,veh_type_cond_2,lum_code,agg_code,int_code,atm_code,col_code
200700062209,0007-10-06 15:30:00,7,10,6,15,30,130,55,PRADO (AVENUE DU),,,Plein jour,En agglomération,Intersection en X,Normale,Autre collision,,,,,,,,,,,1,2,2,1,6
200700062210,0007-10-06 07:30:00,7,10,6,7,30,130,55,SAINT PIERRE (RUE),,,Crépuscule ou aube,En agglomération,Hors intersection,Normale,Deux véhicules - côté,,,,,,,,,,,2,2,1,1,3
200700062211,0007-10-05 17:40:00,7,10,5,17,40,130,55,OCTROI (BOULEVARD DE L'),,,Plein jour,En agglomération,Intersection en X,Normale,Deux véhicules - côté,,,,,,,,,,,1,2,2,1,3
200700062212,0007-10-03 13:55:00,7,10,3,13,55,130,55,"10, GAYE (TRAVERSE DE LA",,,Plein jour,En agglomération,Hors intersection,Temps couvert,Autre collision,,,,,,,,,,,1,2,1,8,6
200700062213,0007-10-01 13:50:00,7,10,1,13,50,130,55,"94, L ARMEE D AFRIQUE (C",,,Plein jour,En agglomération,Hors intersection,Temps éblouissant,Trois véhicules et plus - en chaîne,,,,,,,,,,,1,2,1,7,4
200700062214,0007-10-04 19:10:00,7,10,4,19,10,130,55,"380, SAINT PIERRE (RUE)",,,Nuit avec éclairage allumé,En agglomération,Hors intersection,Normale,Deux véhicules - arrière,,,,,,,,,,,5,2,1,1,2
200700062215,0007-10-07 18:25:00,7,10,7,18,25,130,55,"13, AUGUSTIN ROUX (RUE)",,,Plein jour,En agglomération,Hors intersection,Normale,Deux véhicules - frontale,,,,,,,,,,,1,2,1,1,1
200700062216,0007-10-08 15:15:00,7,10,8,15,15,130,55,"87, FORT SAINT JEAN (DIG",,,Plein jour,En agglomération,Hors intersection,Normale,Deux véhicules - côté,,,,,,,,,,,1,2,1,1,3
200700062217,0007-10-07 14:15:00,7,10,7,14,15,130,55,"283, MICHELET (BOULEVARD",,,Plein jour,En agglomération,Hors intersection,Normale,Sans collision,,,,,,,,,,,1,2,1,1,7
200700062218,0007-10-04 20:21:00,7,10,4,20,21,130,55,LOUVAIN (BOULEVARD DE),,,Nuit avec éclairage allumé,En agglomération,Intersection en X,Normale,Deux véhicules - côté,,,,,,,,,,,5,2,2,1,3
200700062219,0007-10-04 12:00:00,7,10,4,12,0,130,55,"21, GASTON CREMIEUX (RUE",,,Plein jour,En agglomération,Hors intersection,Normale,Autre collision,,,,,,,,,,,1,2,1,1,6
200700062220,0007-10-05 16:30:00,7,10,5,16,30,130,55,"111, SAINT ANTOINE (AVEN",,,Plein jour,En agglomération,Hors intersection,Normale,Deux véhicules - côté,,,,,,,,,,,1,2,1,1,3
200700062221,0007-10-07 17:30:00,7,10,7,17,30,130,55,"36, SAINT JEROME (AVENUE",,,Plein jour,En agglomération,Hors intersection,Normale,Deux véhicules - côté,,,,,,,,,,,1,2,1,1,3
200700062222,0007-10-01 13:20:00,7,10,1,13,20,130,55,"388, LYON (RUE DE)",,,Plein jour,En agglomération,Hors intersection,Normale,Deux véhicules - côté,,,,,,,,,,,1,2,1,1,3
200700062223,0007-10-08 15:45:00,7,10,8,15,45,130,55,METRO (BOULEVARD DU),,,Plein jour,En agglomération,Autre intersection,Normale,Deux véhicules - côté,,,,,,,,,,,1,2,9,1,3
200700062224,0007-10-02 08:45:00,7,10,2,8,45,130,55,PLOMBIERES (BOULEVARD DE,,,Plein jour,En agglomération,Hors intersection,Normale,Deux véhicules - arrière,,,,,,,,,,,1,2,1,1,2
200700062225,0007-10-29 20:00:00,7,10,29,20,0,130,55,BOURRELY (BOULEVARD),,,Nuit avec éclairage allumé,En agglomération,Intersection en T,Normale,Autre collision,,,,,,,,,,,5,2,3,1,6
200700062226,0007-10-11 15:50:00,7,10,11,15,50,130,55,"15, GOUFFE (COURS)",,,Plein jour,En agglomération,Intersection en X,Normale,Deux véhicules - arrière,,,,,,,,,,,1,2,2,1,2
200700062227,0007-10-09 13:15:00,7,10,9,13,15,130,55,CAILLOLS (AVENUE DES),,,Plein jour,En agglomération,Intersection en X,Normale,Deux véhicules - côté,,,,,,,,,,,1,2,2,1,3
200700062228,0007-10-07 05:50:00,7,10,7,5,50,130,55,BONNEVEINE (AVENUE),,,Nuit avec éclairage allumé,En agglomération,Hors intersection,Normale,Autre collision,,,,,,,,,,,5,2,1,1,6
200700062229,0007-10-03 12:15:00,7,10,3,12,15,130,55,SIAM (RUE DE),,,Plein jour,En agglomération,Hors intersection,Temps couvert,Autre collision,,,,,,,,,,,1,2,1,8,6
200700062230,0007-10-08 14:50:00,7,10,8,14,50,130,55,FRANCOIS CHARNIGNY (AVEN,,,Plein jour,En agglomération,Hors intersection,Normale,Trois véhicules et plus - en chaîne,,,,,,,,,,,1,2,1,1,4
200700062231,0007-10-08 17:30:00,7,10,8,17,30,130,55,"334, POILUS (AVENUE DES)",,,Plein jour,En agglomération,Hors intersection,Normale,Deux véhicules - côté,,,,,,,,,,,1,2,1,1,3
200700062232,0007-10-09 14:10:00,7,10,9,14,10,130,55,WILLIAM BOOTH (AVENUE),,,Plein jour,En agglomération,Giratoire,Normale,Autre collision,,,,,,,,,,,1,2,6,1,6
200700062233,0007-10-08 18:05:00,7,10,8,18,5,130,55,"397, CORNICHE KENNEDY",,,Plein jour,En agglomération,Hors intersection,Normale,Deux véhicules - arrière,,,,,,,,,,,1,2,1,1,2
200700062234,0007-10-04 11:15:00,7,10,4,11,15,130,55,PARADIS (RUE),,,Plein jour,En agglomération,Hors intersection,Normale,Deux véhicules - arrière,,,,,,,,,,,1,2,1,1,2
200700062235,0007-10-03 15:10:00,7,10,3,15,10,130,55,"19, LIEUTAUD (COURS)",,,Plein jour,En agglomération,Hors intersection,Normale,Autre collision,,,,,,,,,,,1,2,1,1,6
200700062236,0007-10-16 19:45:00,7,10,16,19,45,130,55,"69, HAIFA (AVENUE)",,,Crépuscule ou aube,En agglomération,Hors intersection,Normale,Deux véhicules - côté,,,,,,,,,,,2,2,1,1,3
200700062237,0007-10-04 09:00:00,7,10,4,9,0,130,55,"90, BLANCARDE (BOULEVARD",,,Plein jour,En agglomération,Hors intersection,Normale,Autre collision,,,,,,,,,,,1,2,1,1,6
200700062238,0007-10-07 19:45:00,7,10,7,19,45,130,55,TILSIT (RUE),,,Nuit sans éclairage public,En agglomération,Intersection en X,Normale,Autre collision,,,,,,,,,,,3,2,2,1,6
200700062239,0007-10-07 17:40:00,7,10,7,17,40,130,55,MADRAGUE VILLE (RUE),,,Plein jour,En agglomération,Hors intersection,Normale,Autre collision,,,,,,,,,,,1,2,1,1,6
200700062240,0007-10-13 18:30:00,7,10,13,18,30,130,55,PEINTRES ROUX (AVENUE DE,,,Crépuscule ou aube,En agglomération,Hors intersection,Normale,Deux véhicules - arrière,,,,,,,,,,,2,2,1,1,2
200700062241,0007-10-04 17:45:00,7,10,4,17,45,130,55,"135, PARADIS (RUE)",,,Plein jour,En agglomération,Intersection en X,Normale,Autre collision,,,,,,,,,,,1,2,2,1,6
200700062242,0007-10-08 08:20:00,7,10,8,8,20,130,55,"20, VALBARELLE (BOULEVAR",,,Plein jour,En agglomération,Hors intersection,Normale,Autre collision,,,,,,,,,,,1,2,1,1,6
200700062243,0007-10-06 12:15:00,7,10,6,12,15,130,55,MICHELET (BOULEVARD),,,Plein jour,En agglomération,Intersection en T,Normale,Deux véhicules - côté,,,,,,,,,,,1,2,3,1,3
200700062244,0007-10-10 13:00:00,7,10,10,13,0,130,55,JULES CANTINI (AVENUE),,,Plein jour,En agglomération,Hors intersection,Normale,Deux véhicules - arrière,,,,,,,,,,,1,2,1,1,2
200700062245,0007-10-05 10:30:00,7,10,5,10,30,130,55,"156, RABATAU (BOULEVARD)",,,Plein jour,En agglomération,Hors intersection,Normale,Deux véhicules - côté,,,,,,,,,,,1,2,1,1,3
200700062246,0007-10-04 18:00:00,7,10,4,18,0,130,55,PARIS (BOULEVARD DE),,,Plein jour,En agglomération,Intersection en X,Normale,Deux véhicules - côté,,,,,,,,,,,1,2,2,1,3
200700062247,0007-10-04 17:30:00,7,10,4,17,30,130,55,", BONNETERIE (RUE)",,,Plein jour,En agglomération,Hors intersection,Normale,Autre collision,,,,,,,,,,,1,2,1,1,6
200700062248,0007-10-09 10:00:00,7,10,9,10,0,130,55,"181, LYON (RUE DE)",,,Plein jour,En agglomération,Intersection en T,Normale,Deux véhicules - côté,,,,,,,,,,,1,2,3,1,3
200700062249,0007-10-03 16:45:00,7,10,3,16,45,130,55,"5, SAINT LOUIS (COURS)",,,Plein jour,En agglomération,Hors intersection,Normale,Autre collision,,,,,,,,,,,1,2,1,1,6
200700062250,0007-10-08 14:00:00,7,10,8,14,0,130,55,"57, MERLAN (AVENUE)",,,Plein jour,En agglomération,Hors intersection,Normale,Trois véhicules et plus - en chaîne,,,,,,,,,,,1,2,1,1,4
200700062251,0007-10-13 21:50:00,7,10,13,21,50,130,55,ALEX ANSALDI (RUE),,,Nuit avec éclairage allumé,En agglomération,Hors intersection,Normale,Deux véhicules - côté,,,,,,,,,,,5,2,1,1,3
200700062252,0007-10-15 17:45:00,7,10,15,17,45,130,55,BESSONS (CHEMIN DES),,,Plein jour,En agglomération,Hors intersection,Normale,Deux véhicules - frontale,,,,,,,,,,,1,2,1,1,1
200700062253,0007-10-05 18:15:00,7,10,5,18,15,130,55,"58, ANTOINE DEL BELLO (R",,,Plein jour,En agglomération,Intersection en T,Normale,Deux véhicules - côté,,,,,,,,,,,1,2,3,1,3
200700062254,0007-10-03 13:35:00,7,10,3,13,35,130,55,AVIATEUR LE BRIX (RUE),,,Plein jour,En agglomération,Giratoire,Normale,Autre collision,,,,,,,,,,,1,2,6,1,6
200700062255,0007-10-10 17:30:00,7,10,10,17,30,130,55,"138, CAILLOLS (AVENUE DE",,,Plein jour,En agglomération,Hors intersection,Normale,Deux véhicules - côté,,,,,,,,,,,1,2,1,1,3
200700062256,0007-10-12 07:15:00,7,10,12,7,15,130,55,"70, PEINTRES ROUX (AVENU",,,Plein jour,En agglomération,Hors intersection,Normale,Deux véhicules - côté,,,,,,,,,,,1,2,1,1,3
200700062257,0007-10-15 19:00:00,7,10,15,19,0,130,55,"25, BRIANCON (BOULEVARD)",,,Nuit avec éclairage allumé,En agglomération,Hors intersection,Normale,Autre collision,,,,,,,,,,,5,2,1,1,6
200700062258,0007-10-04 09:01:00,7,10,4,9,1,130,55,"16, MICHELET (BOULEVARD)",,,Plein jour,En agglomération,Hors intersection,Normale,Autre collision,,,,,,,,,,,1,2,1,1,6
200700062259,0007-10-08 08:00:00,7,10,8,8,0,130,55,MILLIERE (BOULEVARD DE L,,,Plein jour,En agglomération,Intersection en T,Normale,Deux véhicules - côté,,,,,,,,,,,1,2,3,1,3
200700062260,0007-10-16 12:55:00,7,10,16,12,55,130,55,"112, JOSEPH AIGUIER (CHE",,,Plein jour,En agglomération,Hors intersection,Normale,Deux véhicules - frontale,,,,,,,,,,,1,2,1,1,1
200700062261,0007-10-16 13:30:00,7,10,16,13,30,130,55,", PERAS (RUE DU)",,,Plein jour,En agglomération,Intersection en T,Normale,Autre collision,,,,,,,,,,,1,2,3,1,6
200700062262,0007-10-15 16:05:00,7,10,15,16,5,130,55,ROMAIN ROLLAND (BOULEVAR,,,Plein jour,En agglomération,Hors intersection,Normale,Deux véhicules - frontale,,,,,,,,,,,1,2,1,1,1
200700062263,0007-10-11 23:00:00,7,10,11,23,0,130,55,LÉON GAMBETTA (ALLEE),,,Nuit avec éclairage allumé,En agglomération,Intersection en T,Normale,Deux véhicules - frontale,,,,,,,,,,,5,2,3,1,1
200700062264,0007-10-07 12:30:00,7,10,7,12,30,130,55,"37, JULES CANTINI (AVENU",,,Plein jour,En agglomération,Hors intersection,Normale,Autre collision,,,,,,,,,,,1,2,1,1,6
200700062265,0007-10-08 10:50:00,7,10,8,10,50,130,55,CROIX ROUGE (AVENUE),,,Plein jour,En agglomération,Hors intersection,Normale,Deux véhicules - côté,,,,,,,,,,,1,2,1,1,3
200700062266,0007-10-12 08:00:00,7,10,12,8,0,130,55,"10, TILLEULS (BOULEVARD)",,,Plein jour,En agglomération,Hors intersection,Normale,Deux véhicules - côté,,,,,,,,,,,1,2,1,1,3
200700062267,0007-10-11 09:00:00,7,10,11,9,0,130,55,SAINT JEROME (AVENUE DE),,,Plein jour,En agglomération,Hors intersection,Normale,Deux véhicules - arrière,,,,,,,,,,,1,2,1,1,2
200700062268,0007-10-11 16:30:00,7,10,11,16,30,130,55,"555, SAINT PIERRE (RUE)",,,Plein jour,En agglomération,Hors intersection,Normale,Deux véhicules - côté,,,,,,,,,,,1,2,1,1,3
200700062269,0007-10-12 23:00:00,7,10,12,23,0,130,75,FRÉDÉRIC CHEVILLON (AVEN,,,Nuit avec éclairage allumé,En agglomération,Hors intersection,Normale,Deux véhicules - frontale,,,,,,,,,,,5,2,1,1,1
200700062270,0007-10-10 19:50:00,7,10,10,19,50,130,55,LE MEE (TRAVERSE),,,Crépuscule ou aube,En agglomération,Intersection en T,Normale,Deux véhicules - frontale,,,,,,,,,,,2,2,3,1,1
200700062271,0007-10-14 19:35:00,7,10,14,19,35,130,55,"290, VALENTINE (ROUTE DE",,,Nuit avec éclairage allumé,En agglomération,Hors intersection,Normale,Autre collision,,,,,,,,,,,5,2,1,1,6
200700062272,0007-10-17 12:45:00,7,10,17,12,45,130,55,FRÉDÉRIC MISTRAL (AVENUE,,,Plein jour,En agglomération,Hors intersection,Normale,Deux véhicules - côté,,,,,,,,,,,1,2,1,1,3
200700062273,0007-10-13 18:31:00,7,10,13,18,31,130,55,"46, LIBERATEURS (BOULEVA",,,Plein jour,En agglomération,Hors intersection,Normale,Autre collision,,,,,,,,,,,1,2,1,1,6
200700062274,0007-10-15 20:40:00,7,10,15,20,40,130,55,POMME (BOULEVARD DE LA ),,,Nuit avec éclairage allumé,En agglomération,Intersection en T,Normale,Deux véhicules - côté,,,,,,,,,,,5,2,3,1,3
200700062275,0007-10-10 14:35:00,7,10,10,14,35,130,55,"10, GAYE (TRAVERSE DE LA",,,Plein jour,En agglomération,Intersection en T,Normale,Deux véhicules - côté,,,,,,,,,,,1,2,3,1,3
200700062276,0007-10-12 18:55:00,7,10,12,18,55,130,55,JEAN QUEILLAU (RUE),,,Crépuscule ou aube,En agglomération,Intersection en T,Normale,Deux véhicules - côté,,,,,,,,,,,2,2,3,1,3
200700062277,0007-10-13 10:50:00,7,10,13,10,50,130,55,JOURDAN (BOULEVARD),,,Plein jour,En agglomération,Hors intersection,Normale,Autre collision,,,,,,,,,,,1,2,1,1,6
200700062278,0007-10-14 21:45:00,7,10,14,21,45,130,55,DOMINICAINES (RUE DES),,,Nuit avec éclairage allumé,En agglomération,Hors intersection,Normale,Deux véhicules - côté,,,,,,,,,,,5,2,1,1,3
200700062279,0007-10-12 08:30:00,7,10,12,8,30,130,55,"161, NATIONAL (BOULEVARD",,,Plein jour,En agglomération,Hors intersection,Normale,Autre collision,,,,,,,,,,,1,2,1,1,6
200700062280,0007-10-11 18:30:00,7,10,11,18,30,130,55,"282, OLIVES (AVENUE DES)",,,Plein jour,En agglomération,Hors intersection,Normale,Deux véhicules - côté,,,,,,,,,,,1,2,1,1,3
200700062281,0007-10-06 10:30:00,7,10,6,10,30,130,55,PARIS (BOULEVARD DE),,,Plein jour,En agglomération,Hors intersection,Normale,Trois véhicules et plus - en chaîne,,,,,,,,,,,1,2,1,1,4
200700062282,0007-10-11 20:30:00,7,10,11,20,30,130,55,"5, BERTHELOT (RUE)",,,Nuit sans éclairage public,En agglomération,Hors intersection,Normale,Deux véhicules - arrière,,,,,,,,,,,3,2,1,1,2
200700062283,0007-10-10 18:05:00,7,10,10,18,5,130,55,"26, SARETTE (RUE DE LA)",,,Plein jour,En agglomération,Hors intersection,Normale,Autre collision,,,,,,,,,,,1,2,1,1,6
200700062284,0007-10-15 07:15:00,7,10,15,7,15,130,55,"2, REDON (BOULEVARD DU)",,,Crépuscule ou aube,En agglomération,Hors intersection,Normale,Autre collision,,,,,,,,,,,2,2,1,1,6
200700062285,0007-10-06 10:40:00,7,10,6,10,40,130,55,"78, LIBERATEURS (BOULEVA",,,Plein jour,En agglomération,Hors intersection,Normale,Sans collision,,,,,,,,,,,1,2,1,1,7
200700062286,0007-10-04 14:30:00,7,10,4,14,30,130,55,MENARD (PIERRE) (BOULEVA,,,Plein jour,En agglomération,Hors intersection,Normale,Deux véhicules - côté,,,,,,,,,,,1,2,1,1,3
200700062287,0007-10-18 15:20:00,7,10,18,15,20,130,55,"87, AYGALADES (AVENUE DE",,,Plein jour,En agglomération,Hors intersection,Normale,Deux véhicules - arrière,,,,,,,,,,,1,2,1,1,2
200700062288,0007-10-18 15:50:00,7,10,18,15,50,130,55,ANDRE ZENATTI (AVENUE),,,Plein jour,En agglomération,Hors intersection,Normale,Deux véhicules - arrière,,,,,,,,,,,1,2,1,1,2
200700062289,0007-10-12 18:45:00,7,10,12,18,45,130,55,"133, CAPELETTE (AVENUE D",,,Nuit avec éclairage allumé,En agglomération,Hors intersection,Normale,Autre collision,,,,,,,,,,,5,2,1,1,6
200700062290,0007-10-10 07:45:00,7,10,10,7,45,130,55,SAINT BAZILE (RUE),,,Plein jour,En agglomération,Hors intersection,Normale,Sans collision,,,,,,,,,,,1,2,1,1,7
200700062291,0007-10-10 12:30:00,7,10,10,12,30,130,55,"FACE AU 06, DUGOMMIER (B",,,Plein jour,En agglomération,Hors intersection,Normale,Deux véhicules - arrière,,,,,,,,,,,1,2,1,1,2
200700062292,0007-10-14 14:45:00,7,10,14,14,45,130,55,PARDIGON (BOULEVARD),,,Plein jour,En agglomération,Hors intersection,Normale,Deux véhicules - côté,,,,,,,,,,,1,2,1,1,3
200700062293,0007-10-03 21:20:00,7,10,3,21,20,130,55,BAILLE (BOULEVARD),,,Nuit avec éclairage allumé,En agglomération,Intersection en X,Normale,Sans collision,,,,,,,,,,,5,2,2,1,7
200700062294,0007-10-20 23:10:00,7,10,20,23,10,130,55,"61, SAINTE CECILE (RUE)",,,Nuit avec éclairage allumé,En agglomération,Intersection en T,Normale,Autre collision,,,,,,,,,,,5,2,3,1,6
200700062295,0007-10-20 04:50:00,7,10,20,4,50,130,55,NATIONAL (BOULEVARD),,,Nuit avec éclairage allumé,En agglomération,Intersection en X,Normale,Deux véhicules - côté,,,,,,,,,,,5,2,2,1,3
200700062296,0007-10-21 00:30:00,7,10,21,0,30,130,55,"259, DANIEL CASANOVA (BO",,,Nuit avec éclairage allumé,En agglomération,Intersection en T,Normale,Trois véhicules et plus - en chaîne,,,,,,,,,,,5,2,3,1,4
200700062297,0007-10-17 14:10:00,7,10,17,14,10,130,55,AUBEPINES (ALLÉE DES),,,Plein jour,En agglomération,Intersection en X,Normale,Sans collision,,,,,,,,,,,1,2,2,1,7
200700062298,0007-10-02 09:00:00,7,10,2,9,0,130,55,SAINT MARCEL (BOULEVARD,,,Plein jour,En agglomération,Hors intersection,Normale,Sans collision,,,,,,,,,,,1,2,1,1,7
200700062299,0007-10-11 19:15:00,7,10,11,19,15,130,55,GRANIERE (RUE DE LA),,,Crépuscule ou aube,En agglomération,Hors intersection,Normale,Autre collision,,,,,,,,,,,2,2,1,1,6
200700062300,0007-10-15 11:15:00,7,10,15,11,15,130,75,FRÉDÉRIC CHEVILLON (AVEN,,,Plein jour,En agglomération,Intersection en T,Normale,Deux véhicules - côté,,,,,,,,,,,1,2,3,1,3
200700062301,0007-10-02 07:15:00,7,10,2,7,15,130,55,LIBERATION (BOULEVARD),,,Plein jour,En agglomération,Intersection en T,Normale,Deux véhicules - côté,,,,,,,,,,,1,2,3,1,3
200700062302,0007-10-17 07:00:00,7,10,17,7,0,130,2,7EME TIRAILLEURS ALGERIE,,,Nuit avec éclairage allumé,En agglomération,Giratoire,Normale,Autre collision,,,,,,,,,,,5,2,6,1,6
200700062303,0007-10-05 07:30:00,7,10,5,7,30,130,55,"120, MONTOLIVET (AVENUE",,,Plein jour,En agglomération,Hors intersection,Normale,Autre collision,,,,,,,,,,,1,2,1,1,6
200700062304,0007-10-15 15:00:00,7,10,15,15,0,130,55,"7, BOURDET (MAURICE) (BO",,,Plein jour,En agglomération,Hors intersection,Normale,Sans collision,,,,,,,,,,,1,2,1,1,7
200700062305,0007-10-16 16:45:00,7,10,16,16,45,130,55,JEAN QUEILLAU (RUE),,,Plein jour,En agglomération,Hors intersection,Normale,Deux véhicules - arrière,,,,,,,,,,,1,2,1,1,2
200700062306,0007-10-15 15:01:00,7,10,15,15,1,130,55,"54, LIANDIER (RUE)",,,Plein jour,En agglomération,Hors intersection,Normale,Autre collision,,,,,,,,,,,1,2,1,1,6
200700062307,0007-10-18 08:40:00,7,10,18,8,40,130,55,"16, RIVE NEUVE (QUAI DE)",,,Plein jour,En agglomération,Hors intersection,Normale,Deux véhicules - arrière,,,,,,,,,,,1,2,1,1,2
200700062308,0007-10-08 14:01:00,7,10,8,14,1,130,55,LOUIS REGE (RUE),,,Plein jour,En agglomération,Intersection en Y,Normale,Deux véhicules - côté,,,,,,,,,,,1,2,4,1,3
200700062309,0007-10-17 13:40:00,7,10,17,13,40,130,55,"333, CAPELETTE (AVENUE D",,,Plein jour,En agglomération,Hors intersection,Normale,Deux véhicules - côté,,,,,,,,,,,1,2,1,1,3
200700062310,0007-10-17 17:45:00,7,10,17,17,45,130,55,WILLIAM BOOTH (AVENUE),,,Plein jour,En agglomération,Hors intersection,Normale,Deux véhicules - arrière,,,,,,,,,,,1,2,1,1,2
200700062311,0007-10-18 18:00:00,7,10,18,18,0,130,55,SAINT MENET (AVENUE DE),,,Nuit avec éclairage allumé,En agglomération,Giratoire,Normale,Deux véhicules - côté,,,,,,,,,,,5,2,6,1,3
200700062312,0007-10-12 09:00:00,7,10,12,9,0,130,2,PROVENCE (AVENUE DE),,,Plein jour,Hors agglomération,Hors intersection,Normale,Autre collision,,,,,,,,,,,1,1,1,1,6
200700062313,0007-10-12 17:00:00,7,10,12,17,0,130,55,CAPELETTE (AVENUE DE LA),,,Plein jour,En agglomération,Intersection en T,Normale,Sans collision,,,,,,,,,,,1,2,3,1,7
200700062314,0007-10-16 11:15:00,7,10,16,11,15,130,55,"11, 24 AVRIL 15 (AVENUE",,,Plein jour,En agglomération,Hors intersection,Normale,Deux véhicules - arrière,,,,,,,,,,,1,2,1,1,2
200700062315,0007-10-19 08:30:00,7,10,19,8,30,130,55,"15, KALLISTE (AVENUE DE)",,,Plein jour,En agglomération,Hors intersection,Normale,Autre collision,,,,,,,,,,,1,2,1,1,6
200700062316,0007-10-11 12:50:00,7,10,11,12,50,130,55,"187, SAINTE MARGUERITE (",,,Plein jour,En agglomération,Intersection en T,Normale,Deux véhicules - côté,,,,,,,,,,,1,2,3,1,3
200700062317,0007-10-01 18:30:00,7,10,1,18,30,130,55,MIREILLE LAUZE (BOULEVAR,,,Crépuscule ou aube,En agglomération,Hors intersection,Normale,Trois véhicules et plus - en chaîne,,,,,,,,,,,2,2,1,1,4
200700062318,0007-10-16 13:00:00,7,10,16,13,0,130,55,"196, CAPELETTE (AVENUE D",,,Plein jour,En agglomération,Hors intersection,Normale,Deux véhicules - côté,,,,,,,,,,,1,2,1,1,3
200700062319,0007-10-04 12:13:00,7,10,4,12,13,130,55,"76, JEAN LOMBARD (AVENUE",,,Plein jour,En agglomération,Hors intersection,Normale,Deux véhicules - côté,,,,,,,,,,,1,2,1,1,3
200700062320,0007-10-10 02:45:00,7,10,10,2,45,130,55,JEAN LOMBARD (AVENUE),,,Nuit avec éclairage allumé,En agglomération,Hors intersection,Autre,Deux véhicules - arrière,,,,,,,,,,,5,2,1,9,2
200700062321,0007-10-11 07:30:00,7,10,11,7,30,130,55,RIVE NEUVE (QUAI DE),,,Plein jour,En agglomération,Autre intersection,Normale,Sans collision,,,,,,,,,,,1,2,9,1,7
200700062322,0007-10-08 07:40:00,7,10,8,7,40,130,55,"47, LODI (RUE DE)",,,Plein jour,En agglomération,Intersection en T,Normale,Deux véhicules - côté,,,,,,,,,,,1,2,3,1,3
200700062323,0007-10-13 08:53:00,7,10,13,8,53,130,55,"146, ROME (RUE DE)",,,Plein jour,En agglomération,Hors intersection,Normale,Deux véhicules - côté,,,,,,,,,,,1,2,1,1,3
200700062324,0007-10-10 16:30:00,7,10,10,16,30,130,55,PRADO (AVENUE DU),,,Plein jour,En agglomération,Hors intersection,Normale,Deux véhicules - côté,,,,,,,,,,,1,2,1,1,3
200700062325,0007-10-10 12:31:00,7,10,10,12,31,130,55,"31, PRADO (AVENUE DU)",,,Plein jour,En agglomération,Hors intersection,Normale,Autre collision,,,,,,,,,,,1,2,1,1,6
200700062326,0007-10-13 20:00:00,7,10,13,20,0,130,55,COLGATE (TRAVERSE),,,Nuit avec éclairage allumé,En agglomération,Hors intersection,Normale,Deux véhicules - frontale,,,,,,,,,,,5,2,1,1,1
200700062327,0007-10-16 13:01:00,7,10,16,13,1,130,55,"411, PRADO (AVENUE)",,,Plein jour,En agglomération,Hors intersection,Normale,Autre collision,,,,,,,,,,,1,2,1,1,6
200700062328,0007-10-16 18:55:00,7,10,16,18,55,130,55,"283, PRADO (AVENUE)",,,Plein jour,En agglomération,Hors intersection,Normale,Autre collision,,,,,,,,,,,1,2,1,1,6
200700062329,0007-10-17 09:30:00,7,10,17,9,30,130,55,VALENTINE (ROUTE DE LA),,,Plein jour,En agglomération,Intersection en T,Normale,Deux véhicules - côté,,,,,,,,,,,1,2,3,1,3
200700062330,0007-10-17 14:00:00,7,10,17,14,0,130,55,SAINT ELOI (RUE),,,Plein jour,En agglomération,Hors intersection,Normale,Autre collision,,,,,,,,,,,1,2,1,1,6
200700062331,0007-10-19 13:30:00,7,10,19,13,30,130,55,PARADIS (RUE),,,Plein jour,En agglomération,Intersection en T,Normale,Deux véhicules - côté,,,,,,,,,,,1,2,3,1,3
200700062332,0007-10-21 05:25:00,7,10,21,5,25,130,55,"247, MICHELET (BOULEVARD",,,Nuit avec éclairage allumé,En agglomération,Hors intersection,Normale,Autre collision,,,,,,,,,,,5,2,1,1,6
200700062333,0007-10-22 17:30:00,7,10,22,17,30,130,55,"116, CAILLOLS (AVENUE DE",,,Plein jour,En agglomération,Hors intersection,Normale,Deux véhicules - côté,,,,,,,,,,,1,2,1,1,3
200700062334,0007-10-20 17:00:00,7,10,20,17,0,130,55,L ARMEE D AFRIQUE (CHEMI,,,Plein jour,En agglomération,Hors intersection,Pluie légère,Sans collision,,,,,,,,,,,1,2,1,2,7
200700062335,0007-10-10 12:00:00,7,10,10,12,0,130,55,"54, STANISLAS TORRENTS (",,,Plein jour,En agglomération,Hors intersection,Normale,Autre collision,,,,,,,,,,,1,2,1,1,6
200700062336,0007-10-16 13:05:00,7,10,16,13,5,130,55,"36, PIERRE PUGET (COURS)",,,Plein jour,En agglomération,Intersection en T,Normale,Trois véhicules et plus - en chaîne,,,,,,,,,,,1,2,3,1,4
200700062337,0007-10-16 10:00:00,7,10,16,10,0,130,55,"9, SAKAKINI (BOULEVARD)",,,Plein jour,En agglomération,Intersection en X,Normale,Sans collision,,,,,,,,,,,1,2,2,1,7
200700062338,0007-10-15 07:30:00,7,10,15,7,30,130,55,"27, PRADO (AVENUE DU)",,,Plein jour,En agglomération,Hors intersection,Normale,Autre collision,,,,,,,,,,,1,2,1,1,6
200700062339,0007-10-20 20:00:00,7,10,20,20,0,130,55,"269, CORNICHE KENNEDY",,,Nuit avec éclairage allumé,En agglomération,Hors intersection,Normale,Deux véhicules - côté,,,,,,,,,,,5,2,1,1,3
200700062340,0007-10-14 00:30:00,7,10,14,0,30,130,55,MONTRICHER (BOULEVARD),,,Nuit avec éclairage allumé,En agglomération,Intersection en T,Normale,Deux véhicules - côté,,,,,,,,,,,5,2,3,1,3