accident_id,datetime,annee,mois,jour,heure,minute,departement,commune_insee,adresse,latitude,longitude,luminosite,agglomeration,intersection,meteo,collision,nb_vehicules,nb_usagers,nb_indemnes,nb_tues,nb_blesses_hosp,nb_blesses_legers,age_cond_1,age_cond_2,veh_type_cond_1,veh_type_cond_2,lum_code,agg_code,int_code,atm_code,col_code
200700062341,0007-10-18 07:25:00,7,10,18,7,25,130,55,"17, ROLAND DORGELES (BOU",,,Plein jour,En agglomération,Hors intersection,Normale,Deux véhicules - côté,,,,,,,,,,,1,2,1,1,3
200700062342,0007-10-06 11:30:00,7,10,6,11,30,130,55,", MAURELLE (RUE DE LA)",,,Plein jour,En agglomération,Intersection en X,Normale,Deux véhicules - côté,,,,,,,,,,,1,2,2,1,3
200700062343,0007-10-21 02:30:00,7,10,21,2,30,130,55,PLOMBIERES (BOULEVARD DE,,,Nuit avec éclairage allumé,En agglomération,Intersection en X,Normale,Deux véhicules - arrière,,,,,,,,,,,5,2,2,1,2
200700062344,0007-10-10 17:31:00,7,10,10,17,31,130,55,DOCTEUR LÉON PERRIN (RUE,,,Plein jour,En agglomération,Hors intersection,Normale,Autre collision,,,,,,,,,,,1,2,1,1,6
200700062345,0007-10-25 19:30:00,7,10,25,19,30,130,55,GUADELOUPE (IMPASSE DE L,,,Nuit sans éclairage public,En agglomération,Hors intersection,Pluie légère,Autre collision,,,,,,,,,,,3,2,1,2,6
200700062346,0007-10-28 22:15:00,7,10,28,22,15,130,55,MONTRICHER (BOULEVARD),,,Nuit avec éclairage allumé,En agglomération,Intersection en T,Normale,Deux véhicules - côté,,,,,,,,,,,5,2,3,1,3
200700062347,0007-10-17 17:00:00,7,10,17,17,0,130,55,"540, PRADO (AVENUE)",,,Plein jour,En agglomération,Intersection en T,Normale,Deux véhicules - côté,,,,,,,,,,,1,2,3,1,3
200700062348,0007-10-27 00:10:00,7,10,27,0,10,130,55,"32, JEAN LOMBARD (AVENUE",,,Nuit avec éclairage allumé,En agglomération,Hors intersection,Normale,Deux véhicules - côté,,,,,,,,,,,5,2,1,1,3
200700062349,0007-10-12 14:00:00,7,10,12,14,0,130,55,JULES GUESDE (PLACE),,,Plein jour,En agglomération,Hors intersection,Normale,Deux véhicules - arrière,,,,,,,,,,,1,2,1,1,2
200700062350,0007-10-18 04:40:00,7,10,18,4,40,130,55,CANEBIERE     1 A 79,,,Nuit avec éclairage allumé,En agglomération,Hors intersection,Normale,Autre collision,,,,,,,,,,,5,2,1,1,6
200700062351,0007-10-19 23:15:00,7,10,19,23,15,130,55,"30, CHARLES LIVON (BOULE",,,Nuit avec éclairage allumé,En agglomération,Hors intersection,Normale,Deux véhicules - arrière,,,,,,,,,,,5,2,1,1,2
200700062352,0007-10-26 11:20:00,7,10,26,11,20,130,55,AVIATEUR LE BRIX (RUE),,,Plein jour,En agglomération,Giratoire,Normale,Deux véhicules - arrière,,,,,,,,,,,1,2,6,1,2
200700062353,0007-10-20 16:30:00,7,10,20,16,30,130,55,SAINT PONS (TRAVERSE DE),,,Plein jour,En agglomération,Intersection en T,Pluie légère,Deux véhicules - côté,,,,,,,,,,,1,2,3,2,3
200700062354,0007-10-03 08:20:00,7,10,3,8,20,130,55,PIERRE PUGET (COURS),,,Plein jour,En agglomération,Intersection en X,Normale,Deux véhicules - côté,,,,,,,,,,,1,2,2,1,3
200700062355,0007-10-12 17:40:00,7,10,12,17,40,130,55,LIBERATION (BOULEVARD),,,Plein jour,En agglomération,Hors intersection,Normale,Sans collision,,,,,,,,,,,1,2,1,1,7
200700062356,0007-10-17 20:50:00,7,10,17,20,50,130,55,FIGUIERE (BOULEVARD),,,Nuit avec éclairage non allumé,En agglomération,Intersection en X,Normale,Deux véhicules - arrière,,,,,,,,,,,4,2,2,1,2
200700062357,0007-10-08 10:10:00,7,10,8,10,10,130,55,CAPITAINE DESSEMOND (RUE,,,Plein jour,En agglomération,Intersection en X,Normale,Deux véhicules - côté,,,,,,,,,,,1,2,2,1,3
200700062358,0007-10-04 15:20:00,7,10,4,15,20,130,55,"80, ALBE (RUE)",,,Plein jour,En agglomération,Hors intersection,Normale,Deux véhicules - côté,,,,,,,,,,,1,2,1,1,3
200700062359,0007-10-10 16:05:00,7,10,10,16,5,130,55,MARÉCHAL JUIN (BOULEVARD,,,Plein jour,En agglomération,Intersection en X,Normale,Deux véhicules - côté,,,,,,,,,,,1,2,2,1,3
200700062360,0007-10-08 10:30:00,7,10,8,10,30,130,55,LANCIER (CHEMIN DU),,,Plein jour,En agglomération,Hors intersection,Normale,Deux véhicules - arrière,,,,,,,,,,,1,2,1,1,2
200700062361,0007-10-19 08:50:00,7,10,19,8,50,130,55,"v à v  73, SAKAKINI (BOU",,,Plein jour,En agglomération,Hors intersection,Normale,Sans collision,,,,,,,,,,,1,2,1,1,7
200700062362,0007-10-25 16:05:00,7,10,25,16,5,130,55,"251, CAPELETTE (AVENUE D",,,Plein jour,En agglomération,Hors intersection,Pluie légère,Deux véhicules - côté,,,,,,,,,,,1,2,1,2,3
200700062363,0007-10-10 15:00:00,7,10,10,15,0,130,55,"362, PRADO (AVENUE)",,,Plein jour,En agglomération,Hors intersection,Normale,Deux véhicules - arrière,,,,,,,,,,,1,2,1,1,2
200700062364,0007-10-18 20:30:00,7,10,18,20,30,130,55,GUSTAVE GANAY (BOULEVARD,,,Nuit avec éclairage allumé,En agglomération,Autre intersection,Normale,Deux véhicules - côté,,,,,,,,,,,5,2,9,1,3
200700062365,0007-10-23 16:45:00,7,10,23,16,45,130,55,"18, JEAN LOMBARD (AVENUE",,,Plein jour,En agglomération,Hors intersection,Normale,Deux véhicules - arrière,,,,,,,,,,,1,2,1,1,2
200700062366,0007-10-22 15:45:00,7,10,22,15,45,130,55,ALAIN SAVARY (ROND-POINT,,,Plein jour,En agglomération,Giratoire,Normale,Deux véhicules - côté,,,,,,,,,,,1,2,6,1,3
200700062367,0007-10-02 12:20:00,7,10,2,12,20,130,55,AYGALADES (AVENUE DES),,,Plein jour,En agglomération,Hors intersection,Normale,Deux véhicules - côté,,,,,,,,,,,1,2,1,1,3
200700062368,0007-10-04 20:35:00,7,10,4,20,35,130,55,FIGONE (AVENUE DE LA),,,Nuit avec éclairage allumé,En agglomération,Intersection en T,Normale,Deux véhicules - côté,,,,,,,,,,,5,2,3,1,3
200700062369,0007-10-13 14:00:00,7,10,13,14,0,130,55,SAINT MARCEL (BOULEVARD,,,Plein jour,En agglomération,Intersection en T,Normale,Deux véhicules - côté,,,,,,,,,,,1,2,3,1,3
200700062370,0007-10-10 08:15:00,7,10,10,8,15,130,55,GAVOTY (BOULEVARD),,,Plein jour,En agglomération,Hors intersection,Normale,Deux véhicules - côté,,,,,,,,,,,1,2,1,1,3
200700062371,0007-10-25 15:15:00,7,10,25,15,15,130,55,GAY LUSSAC (BOULEVARD),,,Plein jour,En agglomération,Hors intersection,Pluie légère,Autre collision,,,,,,,,,,,1,2,1,2,6
200700062372,0007-10-21 10:45:00,7,10,21,10,45,130,55,SALVADOR ALLENDE (RUE),,,Plein jour,En agglomération,Hors intersection,Normale,Deux véhicules - côté,,,,,,,,,,,1,2,1,1,3
200700062373,0007-10-21 21:10:00,7,10,21,21,10,130,55,"17, CAMILLE PELLETAN (AV",,,Nuit avec éclairage allumé,En agglomération,Hors intersection,Normale,Deux véhicules - arrière,,,,,,,,,,,5,2,1,1,2
200700062374,0007-10-19 18:10:00,7,10,19,18,10,130,55,CHANTERAC (RUE DE),,,Plein jour,En agglomération,Intersection en X,Normale,Deux véhicules - côté,,,,,,,,,,,1,2,2,1,3
200700062375,0007-10-25 21:30:00,7,10,25,21,30,130,55,ALEX. FLEMING (BOULEVARD,,,Nuit avec éclairage allumé,En agglomération,Hors intersection,Pluie forte,Deux véhicules - côté,,,,,,,,,,,5,2,1,3,3
200700062376,0007-10-28 21:30:00,7,10,28,21,30,130,55,"86, SAINT MARCEL (BOULEV",,,Nuit avec éclairage allumé,En agglomération,Intersection en T,Normale,Deux véhicules - arrière,,,,,,,,,,,5,2,3,1,2
200700062377,0007-10-27 11:10:00,7,10,27,11,10,130,55,VALENTINE (ROUTE DE LA),,,Plein jour,En agglomération,Giratoire,Normale,Deux véhicules - côté,,,,,,,,,,,1,2,6,1,3
200700062378,0007-10-19 16:30:00,7,10,19,16,30,130,55,"6, PRADO (AVENUE DU)",,,Plein jour,En agglomération,Hors intersection,Normale,Deux véhicules - côté,,,,,,,,,,,1,2,1,1,3
200700062379,0007-10-18 20:20:00,7,10,18,20,20,130,55,FRANCOISE DUPARC (BOULEV,,,Nuit avec éclairage allumé,En agglomération,Intersection en X,Normale,Deux véhicules - côté,,,,,,,,,,,5,2,2,1,3
200700062380,0007-10-11 18:10:00,7,10,11,18,10,130,55,"70, CHARLES LIVON (BOULE",,,Plein jour,En agglomération,Hors intersection,Normale,Deux véhicules - côté,,,,,,,,,,,1,2,1,1,3
200700062381,0007-10-07 18:30:00,7,10,7,18,30,130,55,"337, CORNICHE KENNEDY",,,Plein jour,En agglomération,Hors intersection,Normale,Deux véhicules - côté,,,,,,,,,,,1,2,1,1,3
200700062382,0007-10-12 07:50:00,7,10,12,7,50,130,55,STRASBOURG (BOULEVARD),,,Plein jour,En agglomération,Hors intersection,Normale,Deux véhicules - frontale,,,,,,,,,,,1,2,1,1,1
200700062383,0007-10-25 17:30:00,7,10,25,17,30,130,55,BERNARD DUBOIS (RUE ),,,Plein jour,En agglomération,Hors intersection,Pluie légère,Autre collision,,,,,,,,,,,1,2,1,2,6
200700062384,0007-10-25 15:30:00,7,10,25,15,30,130,55,", BOURDET (MAURICE) (BOU",,,Plein jour,En agglomération,Hors intersection,Pluie légère,Autre collision,,,,,,,,,,,1,2,1,2,6
200700062385,0007-10-28 02:10:00,7,10,28,2,10,130,55,CORDERIE (BOULEVARD DE L,,,Nuit avec éclairage allumé,En agglomération,Intersection en Y,Normale,Autre collision,,,,,,,,,,,5,2,4,1,6
200700062386,0007-10-25 07:20:00,7,10,25,7,20,130,55,"129, FRANCOISE DUPARC (B",,,Nuit avec éclairage allumé,En agglomération,Hors intersection,Normale,Deux véhicules - côté,,,,,,,,,,,5,2,1,1,3
200700062387,0007-10-18 16:00:00,7,10,18,16,0,130,55,RIVE NEUVE (QUAI),,,Plein jour,En agglomération,Hors intersection,Normale,Deux véhicules - arrière,,,,,,,,,,,1,2,1,1,2
200700062388,0007-10-07 10:40:00,7,10,7,10,40,130,55,PRADO (AVENUE),,,Plein jour,En agglomération,Hors intersection,Normale,Autre collision,,,,,,,,,,,1,2,1,1,6
200700062389,0007-10-23 12:00:00,7,10,23,12,0,130,55,"37, JULES CANTINI (AVENU",,,Plein jour,En agglomération,Hors intersection,Normale,Deux véhicules - arrière,,,,,,,,,,,1,2,1,1,2
200700062390,0007-10-09 13:45:00,7,10,9,13,45,130,55,BOISSON (BOULEVARD),,,Plein jour,En agglomération,Intersection en X,Normale,Deux véhicules - côté,,,,,,,,,,,1,2,2,1,3
200700062391,0007-10-19 21:00:00,7,10,19,21,0,130,2,"242, ANGE MARTIN  (BOULE",,,Nuit avec éclairage allumé,En agglomération,Hors intersection,Normale,Deux véhicules - côté,,,,,,,,,,,5,2,1,1,3
200700062392,0007-10-23 16:20:00,7,10,23,16,20,130,55,"46, AMARYLLIS (CHEMIN DE",,,Plein jour,En agglomération,Hors intersection,Normale,Trois véhicules et plus - en chaîne,,,,,,,,,,,1,2,1,1,4
200700062393,0007-10-24 16:20:00,7,10,24,16,20,130,55,POMPIDOU (PROMENADE),,,Plein jour,En agglomération,Hors intersection,Normale,Deux véhicules - arrière,,,,,,,,,,,1,2,1,1,2
200700062394,0007-10-20 18:30:00,7,10,20,18,30,130,55,"119, TREILLE (ROUTE DE L",,,Crépuscule ou aube,En agglomération,Hors intersection,Pluie légère,Autre collision,,,,,,,,,,,2,2,1,2,6
200700062395,0007-10-19 19:50:00,7,10,19,19,50,130,55,GUIBAL (RUE),,,Nuit avec éclairage allumé,En agglomération,Intersection en X,Normale,Deux véhicules - côté,,,,,,,,,,,5,2,2,1,3
200700062396,0007-10-12 20:50:00,7,10,12,20,50,130,55,"21, LONGCHAMP (BOULEVARD",,,Nuit avec éclairage allumé,En agglomération,Hors intersection,Normale,Autre collision,,,,,,,,,,,5,2,1,1,6
200700062397,0007-10-27 05:30:00,7,10,27,5,30,130,55,CORDERIE (BOULEVARD DE L,,,Nuit avec éclairage allumé,En agglomération,Intersection en T,Normale,Deux véhicules - côté,,,,,,,,,,,5,2,3,1,3
200700062398,0007-10-18 17:30:00,7,10,18,17,30,130,55,"03, HOCHE (RUE)",,,Plein jour,En agglomération,Hors intersection,Normale,Autre collision,,,,,,,,,,,1,2,1,1,6
200700062399,0007-10-23 17:50:00,7,10,23,17,50,130,55,ALBERT EINSTEIN (RUE),,,Plein jour,En agglomération,Hors intersection,Normale,Deux véhicules - frontale,,,,,,,,,,,1,2,1,1,1
200700062400,0007-10-24 10:35:00,7,10,24,10,35,130,55,"55, COROT (AVENUE)",,,Plein jour,En agglomération,Hors intersection,Normale,Deux véhicules - côté,,,,,,,,,,,1,2,1,1,3
200700062401,0007-10-23 07:45:00,7,10,23,7,45,130,55,AIGUILLETTE (RUE DE L'),,,Plein jour,En agglomération,Intersection en T,Normale,Deux véhicules - frontale,,,,,,,,,,,1,2,3,1,1
200700062402,0007-10-30 06:40:00,7,10,30,6,40,130,55,FRAIS VALLON (AVENUE),,,Crépuscule ou aube,En agglomération,Intersection à plus de 4 branches,Normale,Deux véhicules - côté,,,,,,,,,,,2,2,5,1,3
200700062403,0007-10-01 16:00:00,7,10,1,16,0,130,55,LESSEPS (RUE DE),,,Plein jour,En agglomération,Hors intersection,Normale,Autre collision,,,,,,,,,,,1,2,1,1,6
200700062404,0007-10-26 06:15:00,7,10,26,6,15,130,55,"191, VALBARELLE (BOULEVA",,,Plein jour,En agglomération,Hors intersection,Normale,Deux véhicules - arrière,,,,,,,,,,,1,2,1,1,2
200700062405,0007-10-16 08:05:00,7,10,16,8,5,130,55,MARÉCHAL DE LATTRE (AVEN,,,Plein jour,En agglomération,Hors intersection,Normale,Autre collision,,,,,,,,,,,1,2,1,1,6
200700062406,0007-10-10 08:00:00,7,10,10,8,0,130,55,MARÉCHAL DE LATTRE (AVEN,,,Plein jour,En agglomération,Hors intersection,Normale,Deux véhicules - côté,,,,,,,,,,,1,2,1,1,3
200700062407,0007-10-27 18:00:00,7,10,27,18,0,130,55,"16, MICHELET (BOULEVARD)",,,Plein jour,En agglomération,Hors intersection,Normale,Autre collision,,,,,,,,,,,1,2,1,1,6
200700062408,0007-10-22 07:00:00,7,10,22,7,0,130,55,", SAINT PIERRE (RUE)",,,Plein jour,En agglomération,Hors intersection,Normale,Deux véhicules - arrière,,,,,,,,,,,1,2,1,1,2
200700062409,0007-10-26 19:30:00,7,10,26,19,30,130,55,"370, PRADO (AVENUE)",,,Nuit avec éclairage allumé,En agglomération,Intersection en T,Normale,Deux véhicules - arrière,,,,,,,,,,,5,2,3,1,2
200700062410,0007-10-26 15:20:00,7,10,26,15,20,130,55,TIMONE (AVENUE DE LA),,,Plein jour,En agglomération,Hors intersection,Normale,Autre collision,,,,,,,,,,,1,2,1,1,6
200700062411,0007-10-26 10:00:00,7,10,26,10,0,130,55,"16, SAINT ELOI (RUE)",,,Plein jour,En agglomération,Hors intersection,Normale,Deux véhicules - arrière,,,,,,,,,,,1,2,1,1,2
200700062412,0007-10-25 15:50:00,7,10,25,15,50,130,55,"440, PRADO (AVENUE)",,,Plein jour,En agglomération,Hors intersection,Pluie forte,Deux véhicules - côté,,,,,,,,,,,1,2,1,3,3
200700062413,0007-10-17 13:50:00,7,10,17,13,50,130,55,"22, MISSION (RUE DE LA)",,,Plein jour,En agglomération,Hors intersection,Normale,Autre collision,,,,,,,,,,,1,2,1,1,6
200700062414,0007-10-26 14:00:00,7,10,26,14,0,130,55,HENRI BARNIER (BOULEVARD,,,Plein jour,En agglomération,Hors intersection,Normale,Deux véhicules - arrière,,,,,,,,,,,1,2,1,1,2
200700062415,0007-10-30 09:00:00,7,10,30,9,0,130,55,SANTI (TRAVERSE),,,Plein jour,Hors agglomération,Hors intersection,Normale,Autre collision,,,,,,,,,,,1,1,1,1,6
200700062416,0007-10-26 08:30:00,7,10,26,8,30,130,2,ETIENNE CUCCA-CD908 (AVE,,,Plein jour,Hors agglomération,Hors intersection,Normale,Trois véhicules et plus - en chaîne,,,,,,,,,,,1,1,1,1,4
200700062417,0007-10-23 12:01:00,7,10,23,12,1,130,55,CANEBIERE    81 A FIN,,,Plein jour,En agglomération,Hors intersection,Normale,Deux véhicules - côté,,,,,,,,,,,1,2,1,1,3
200700062418,0007-10-28 06:00:00,7,10,28,6,0,130,55,MORGIOU (CHEMIN DE),,,Nuit avec éclairage allumé,En agglomération,Intersection en T,Normale,Deux véhicules - côté,,,,,,,,,,,5,2,3,1,3
200700062419,0007-10-14 12:40:00,7,10,14,12,40,130,55,MAZENODE (AVENUE),,,Plein jour,En agglomération,Intersection en T,Normale,Deux véhicules - frontale,,,,,,,,,,,1,2,3,1,1
200700062420,0007-10-31 06:30:00,7,10,31,6,30,130,55,"32, CROIX ROUGE (AVENUE)",,,Nuit avec éclairage allumé,En agglomération,Hors intersection,Normale,Deux véhicules - côté,,,,,,,,,,,5,2,1,1,3
200700062421,0007-10-27 14:50:00,7,10,27,14,50,130,2,ALLAUCH A PICHAURIS (CHE,,,Plein jour,Hors agglomération,Hors intersection,Normale,Trois véhicules et plus - collisions multiples,,,,,,,,,,,1,1,1,1,5
200700062422,0007-10-24 11:05:00,7,10,24,11,5,130,55,SAINT SEBASTIEN (RUE),,,Plein jour,En agglomération,Hors intersection,Normale,Autre collision,,,,,,,,,,,1,2,1,1,6
200700062423,0007-10-29 11:55:00,7,10,29,11,55,130,2,CANTON VERT (AVENUE DU),,,Plein jour,En agglomération,Hors intersection,Normale,Trois véhicules et plus - en chaîne,,,,,,,,,,,1,2,1,1,4
200700062424,0007-10-25 16:35:00,7,10,25,16,35,130,55,ROLAND DORGELES (BOULEVA,,,Plein jour,En agglomération,Hors intersection,Normale,Trois véhicules et plus - en chaîne,,,,,,,,,,,1,2,1,1,4
200700062425,0007-10-20 08:30:00,7,10,20,8,30,130,55,"280, SAINT ANTOINE (AVEN",,,Plein jour,En agglomération,Hors intersection,Normale,Deux véhicules - frontale,,,,,,,,,,,1,2,1,1,1
200700062426,0007-10-31 06:31:00,7,10,31,6,31,130,55,ESTAQUE PLAGE,,,Crépuscule ou aube,En agglomération,Hors intersection,Pluie légère,Deux véhicules - arrière,,,,,,,,,,,2,2,1,2,2
200700062427,0007-10-25 18:20:00,7,10,25,18,20,130,55,"278, OLIVES (AVENUE DES)",,,Nuit sans éclairage public,En agglomération,Hors intersection,Normale,Deux véhicules - côté,,,,,,,,,,,3,2,1,1,3
200700062428,0007-10-31 11:45:00,7,10,31,11,45,130,55,HENRI BARNIER (BOULEVARD,,,Plein jour,En agglomération,Hors intersection,Normale,Sans collision,,,,,,,,,,,1,2,1,1,7
200700062429,0007-10-03 12:16:00,7,10,3,12,16,130,55,"111, AUGUSTE BLANQUI (RU",,,Plein jour,En agglomération,Intersection en T,Normale,Deux véhicules - arrière,,,,,,,,,,,1,2,3,1,2
200700062430,0007-10-21 16:00:00,7,10,21,16,0,130,55,"366, POILUS (AVENUE DES)",,,Plein jour,En agglomération,Hors intersection,Normale,Deux véhicules - arrière,,,,,,,,,,,1,2,1,1,2
200700062431,0007-10-27 15:40:00,7,10,27,15,40,130,55,"87, CAMAS (RUE DU)",,,Plein jour,En agglomération,Intersection en X,Normale,Deux véhicules - côté,,,,,,,,,,,1,2,2,1,3
200700062432,0007-10-22 16:40:00,7,10,22,16,40,130,55,GÉNÉRAL LECLERC (RUE),,,Plein jour,En agglomération,Intersection en T,Normale,Deux véhicules - côté,,,,,,,,,,,1,2,3,1,3
200700062433,0007-10-18 07:50:00,7,10,18,7,50,130,55,MONTOLIVET (AVENUE DE),,,Plein jour,En agglomération,Autre intersection,Normale,Deux véhicules - arrière,,,,,,,,,,,1,2,9,1,2
200700062434,0007-10-26 16:20:00,7,10,26,16,20,130,55,PARADIS (RUE)       1 A,,,Plein jour,En agglomération,Intersection en T,Normale,Deux véhicules - côté,,,,,,,,,,,1,2,3,1,3
200700062435,0007-10-31 00:10:00,7,10,31,0,10,130,55,"31, SCHLOESING (BOULEVAR",,,Nuit avec éclairage allumé,En agglomération,Hors intersection,Normale,Autre collision,,,,,,,,,,,5,2,1,1,6
200700062436,0007-10-26 19:45:00,7,10,26,19,45,130,55,CORSE (AVENUE DE LA),,,Crépuscule ou aube,En agglomération,Hors intersection,Normale,Deux véhicules - arrière,,,,,,,,,,,2,2,1,1,2
200700062437,0007-10-25 19:20:00,7,10,25,19,20,130,55,"61, DRAGON (RUE)",,,Nuit avec éclairage allumé,En agglomération,Hors intersection,Pluie légère,Deux véhicules - côté,,,,,,,,,,,5,2,1,2,3
200700062438,0007-10-12 12:45:00,7,10,12,12,45,130,55,"68, FRÉDÉRIC MISTRAL (AV",,,Plein jour,En agglomération,Intersection en X,Normale,Deux véhicules - côté,,,,,,,,,,,1,2,2,1,3
200700062439,0007-10-24 08:30:00,7,10,24,8,30,130,55,"81, PRADO (AVENUE DU)",,,Plein jour,En agglomération,Hors intersection,Normale,Autre collision,,,,,,,,,,,1,2,1,1,6
200700062440,0007-10-15 19:45:00,7,10,15,19,45,130,55,ALEX. FLEMING (BOULEVARD,,,Nuit avec éclairage allumé,En agglomération,Hors intersection,Normale,Sans collision,,,,,,,,,,,5,2,1,1,7
200700062441,0007-10-24 17:50:00,7,10,24,17,50,130,55,"108, CORDERIE (BOULEVARD",,,Plein jour,En agglomération,Hors intersection,Normale,Deux véhicules - frontale,,,,,,,,,,,1,2,1,1,1
200700062442,0007-10-11 07:40:00,7,10,11,7,40,130,55,CORNICHE KENNEDY,,,Plein jour,En agglomération,Hors intersection,Normale,Deux véhicules - arrière,,,,,,,,,,,1,2,1,1,2
200700062443,0007-10-30 19:45:00,7,10,30,19,45,130,55,"94, LIEUTAUD (COURS)",,,Nuit avec éclairage allumé,En agglomération,Intersection en Y,Normale,Deux véhicules - côté,,,,,,,,,,,5,2,4,1,3
200700062444,0007-10-31 12:00:00,7,10,31,12,0,130,55,"80, ADOLPHE THIERS (RUE)",,,Plein jour,En agglomération,Hors intersection,Normale,Autre collision,,,,,,,,,,,1,2,1,1,6
200700062445,0007-10-07 19:40:00,7,10,7,19,40,130,55,"40, SAINT JUST (AVENUE D",,,Nuit avec éclairage allumé,En agglomération,Hors intersection,Normale,Autre collision,,,,,,,,,,,5,2,1,1,6
200700062446,0007-10-29 17:30:00,7,10,29,17,30,130,55,HUVEAUNE (BOULEVARD DE),,,Plein jour,En agglomération,Hors intersection,Normale,Autre collision,,,,,,,,,,,1,2,1,1,6
200700062447,0007-10-08 13:10:00,7,10,8,13,10,130,55,GAFFAREL (RUE),,,Plein jour,En agglomération,Giratoire,Normale,Deux véhicules - frontale,,,,,,,,,,,1,2,6,1,1
200700062448,0007-10-03 10:35:00,7,10,3,10,35,130,55,GUEIDON (BOULEVARD),,,Plein jour,En agglomération,Hors intersection,Normale,Deux véhicules - côté,,,,,,,,,,,1,2,1,1,3
200700062449,0007-10-11 08:30:00,7,10,11,8,30,130,55,SALVADOR ALLENDE (RUE),,,Plein jour,En agglomération,Hors intersection,Normale,Deux véhicules - côté,,,,,,,,,,,1,2,1,1,3
200700062450,0007-10-25 07:50:00,7,10,25,7,50,130,55,CROIX ROUGE (AVENUE),,,Nuit avec éclairage allumé,En agglomération,Intersection en T,Normale,Deux véhicules - côté,,,,,,,,,,,5,2,3,1,3
200700062451,0007-10-24 12:15:00,7,10,24,12,15,130,55,"2, LESSEPS (RUE DE)",,,Plein jour,En agglomération,Hors intersection,Normale,Autre collision,,,,,,,,,,,1,2,1,1,6
200700062452,0007-10-26 06:30:00,7,10,26,6,30,130,55,"142, VISTE (AVENUE DE LA",,,Nuit avec éclairage allumé,En agglomération,Hors intersection,Pluie légère,Autre collision,,,,,,,,,,,5,2,1,2,6
200700062453,0007-10-25 17:20:00,7,10,25,17,20,130,55,JEAN PAUL SARTRE (AVENUE,,,Crépuscule ou aube,En agglomération,Hors intersection,Pluie légère,Deux véhicules - arrière,,,,,,,,,,,2,2,1,2,2
200700062454,0007-10-17 11:00:00,7,10,17,11,0,130,55,"138, SAINT LOUIS (AVENUE",,,Plein jour,En agglomération,Hors intersection,Normale,Autre collision,,,,,,,,,,,1,2,1,1,6
200700062455,0007-10-11 17:30:00,7,10,11,17,30,130,55,"108, CORDERIE (BOULEVARD",,,Plein jour,En agglomération,Intersection en T,Normale,Deux véhicules - côté,,,,,,,,,,,1,2,3,1,3
200700062456,0007-10-11 17:15:00,7,10,11,17,15,130,55,MENARD (PIERRE) (BOULEVA,,,Plein jour,En agglomération,Hors intersection,Normale,Deux véhicules - arrière,,,,,,,,,,,1,2,1,1,2
200700062457,0007-10-21 12:00:00,7,10,21,12,0,130,55,LA PUGETTE (BOULEVARD),,,Plein jour,En agglomération,Hors intersection,Normale,Deux véhicules - arrière,,,,,,,,,,,1,2,1,1,2
200700062458,0007-10-23 10:00:00,7,10,23,10,0,130,55,"56, DAMES (BOULEVARD DES",,,Plein jour,En agglomération,Hors intersection,Normale,Autre collision,,,,,,,,,,,1,2,1,1,6
200700062459,0007-10-30 18:45:00,7,10,30,18,45,130,55,", VISTE (AVENUE DE LA)",,,Crépuscule ou aube,En agglomération,Intersection en T,Normale,Deux véhicules - côté,,,,,,,,,,,2,2,3,1,3
200700062460,0007-10-26 14:01:00,7,10,26,14,1,130,55,"79, CAPELETTE (AVENUE DE",,,Plein jour,En agglomération,Hors intersection,Normale,Autre collision,,,,,,,,,,,1,2,1,1,6
200700062461,0007-10-22 08:45:00,7,10,22,8,45,130,55,BELLE OMBRE (RUE),,,Plein jour,En agglomération,Hors intersection,Normale,Deux véhicules - côté,,,,,,,,,,,1,2,1,1,3
200700062462,0007-10-27 15:30:00,7,10,27,15,30,130,55,PAUL CLAUDEL (BOULEVARD),,,Plein jour,En agglomération,Hors intersection,Normale,Deux véhicules - côté,,,,,,,,,,,1,2,1,1,3
200700062463,0007-10-31 09:30:00,7,10,31,9,30,130,2,"667, SALVATORE ALLENDE (",,,Plein jour,En agglomération,Hors intersection,Normale,Autre collision,,,,,,,,,,,1,2,1,1,6
200700062464,0007-10-10 12:01:00,7,10,10,12,1,130,55,JARRET (RUE DU),,,Plein jour,En agglomération,Intersection en T,Normale,Deux véhicules - côté,,,,,,,,,,,1,2,3,1,3
200700062465,0007-10-14 11:00:00,7,10,14,11,0,130,55,"1, CHARTREUX (AVENUE DES",,,Plein jour,En agglomération,Hors intersection,Normale,Autre collision,,,,,,,,,,,1,2,1,1,6
200700062466,0007-10-30 12:20:00,7,10,30,12,20,130,55,CAMOINS ((RUE LES),,,Plein jour,En agglomération,Hors intersection,Normale,Trois véhicules et plus - en chaîne,,,,,,,,,,,1,2,1,1,4
200700062467,0007-10-24 13:00:00,7,10,24,13,0,130,55,HENRI MARTINET (ROND POI,,,Plein jour,En agglomération,Giratoire,Temps couvert,Deux véhicules - arrière,,,,,,,,,,,1,2,6,8,2
200700062468,0007-10-30 12:30:00,7,10,30,12,30,130,55,LIEUTAUD (COURS),,,Plein jour,En agglomération,Hors intersection,Normale,Deux véhicules - frontale,,,,,,,,,,,1,2,1,1,1
200700062469,0007-10-23 18:00:00,7,10,23,18,0,130,55,"184, RABATAU (BOULEVARD)",,,Plein jour,En agglomération,Hors intersection,Normale,Deux véhicules - côté,,,,,,,,,,,1,2,1,1,3
200700062470,0007-10-31 12:01:00,7,10,31,12,1,130,55,"168, PEINTRES ROUX (AVEN",,,Plein jour,En agglomération,Hors intersection,Normale,Trois véhicules et plus - en chaîne,,,,,,,,,,,1,2,1,1,4
200700062471,0007-10-05 09:40:00,7,10,5,9,40,130,55,"97, OLIVES (AVENUE DES)",,,Plein jour,En agglomération,Hors intersection,Normale,Autre collision,,,,,,,,,,,1,2,1,1,6