accident_id,datetime,annee,mois,jour,heure,minute,departement,commune_insee,adresse,latitude,longitude,luminosite,agglomeration,intersection,meteo,collision,nb_vehicules,nb_usagers,nb_indemnes,nb_tues,nb_blesses_hosp,nb_blesses_legers,age_cond_1,age_cond_2,veh_type_cond_1,veh_type_cond_2,lum_code,agg_code,int_code,atm_code,col_code
200700062472,0007-10-22 18:30:00,7,10,22,18,30,130,55,PALAMA (CHEMIN DE),,,Crépuscule ou aube,En agglomération,Intersection en T,Normale,Deux véhicules - arrière,,,,,,,,,,,2,2,3,1,2
200700062473,0007-10-31 08:00:00,7,10,31,8,0,130,55,"4, GUILLERMIN (RUE)",,,Plein jour,En agglomération,Hors intersection,Normale,Deux véhicules - arrière,,,,,,,,,,,1,2,1,1,2
200700062474,0007-10-30 15:50:00,7,10,30,15,50,130,55,PLOMBIERES (BOULEVARD DE,,,Plein jour,En agglomération,Hors intersection,Normale,Deux véhicules - arrière,,,,,,,,,,,1,2,1,1,2
200700062475,0007-10-31 15:50:00,7,10,31,15,50,130,55,"03, AGUILLON (BOULEVARD)",,,Plein jour,En agglomération,Hors intersection,Pluie légère,Deux véhicules - frontale,,,,,,,,,,,1,2,1,2,1
200700062476,0007-10-29 10:50:00,7,10,29,10,50,130,55,"233, LIBERATION (BOULEVA",,,Plein jour,En agglomération,Intersection en T,Normale,Deux véhicules - côté,,,,,,,,,,,1,2,3,1,3
200700062477,0007-10-20 17:01:00,7,10,20,17,1,130,55,"24, ROME (RUE DE)",,,Plein jour,En agglomération,Hors intersection,Normale,Autre collision,,,,,,,,,,,1,2,1,1,6
200700062478,0007-10-24 16:00:00,7,10,24,16,0,130,55,"19, HENRI BARBUSSE (RUE)",,,Plein jour,En agglomération,Hors intersection,Normale,Sans collision,,,,,,,,,,,1,2,1,1,7
200700062479,0007-10-30 14:02:00,7,10,30,14,2,130,55,MAZARGUES (AVENUE DE),,,Plein jour,En agglomération,Intersection en T,Normale,Autre collision,,,,,,,,,,,1,2,3,1,6
200700062480,0007-10-15 17:15:00,7,10,15,17,15,130,55,MICHELET (BOULEVARD),,,Plein jour,En agglomération,Intersection en Y,Normale,Deux véhicules - côté,,,,,,,,,,,1,2,4,1,3
200700062481,0007-10-31 10:30:00,7,10,31,10,30,130,55,"529, MADRAGUE VILLE (RUE",,,Plein jour,En agglomération,Hors intersection,Normale,Autre collision,,,,,,,,,,,1,2,1,1,6
200700062482,0007-10-30 19:20:00,7,10,30,19,20,130,55,"81, LIEUTAUD (COURS)",,,Crépuscule ou aube,En agglomération,Intersection en T,Normale,Trois véhicules et plus - collisions multiples,,,,,,,,,,,2,2,3,1,5
200700062483,0007-10-31 17:00:00,7,10,31,17,0,130,55,"122, VISTE (AVENUE DE LA",,,Crépuscule ou aube,En agglomération,Intersection en T,Normale,Trois véhicules et plus - collisions multiples,,,,,,,,,,,2,2,3,1,5
200700062484,0007-10-11 15:10:00,7,10,11,15,10,130,55,CLAIRE (BOULEVARD),,,Plein jour,En agglomération,Intersection en X,Normale,Deux véhicules - côté,,,,,,,,,,,1,2,2,1,3
200700062485,0007-10-22 12:30:00,7,10,22,12,30,130,55,"165, AYGALADES (AVENUE D",,,Plein jour,En agglomération,Hors intersection,Normale,Trois véhicules et plus - en chaîne,,,,,,,,,,,1,2,1,1,4
200700062486,0007-10-26 20:30:00,7,10,26,20,30,130,55,JULES CANTINI (AVENUE),,,Nuit avec éclairage non allumé,En agglomération,Hors intersection,Normale,Deux véhicules - côté,,,,,,,,,,,4,2,1,1,3
200700062487,0007-10-06 23:40:00,7,10,6,23,40,130,55,BLANCARDE (BOULEVARD),,,Nuit avec éclairage allumé,En agglomération,Hors intersection,Normale,Autre collision,,,,,,,,,,,5,2,1,1,6
200700062488,0007-10-30 14:03:00,7,10,30,14,3,130,55,"43, RABATAU (BOULEVARD)",,,Plein jour,En agglomération,Hors intersection,Normale,Deux véhicules - arrière,,,,,,,,,,,1,2,1,1,2
200700062489,0007-10-10 22:30:00,7,10,10,22,30,130,55,LIBERATION (BOULEVARD),,,Nuit avec éclairage allumé,En agglomération,Intersection en X,Normale,Deux véhicules - côté,,,,,,,,,,,5,2,2,1,3
200700062490,0007-10-17 08:00:00,7,10,17,8,0,130,55,RIVE NEUVE (QUAI),,,Plein jour,En agglomération,Hors intersection,Normale,Autre collision,,,,,,,,,,,1,2,1,1,6
200700062491,0007-10-30 07:00:00,7,10,30,7,0,130,55,", SEBASTOPOL (PLACE)",,,Crépuscule ou aube,En agglomération,Hors intersection,Normale,Autre collision,,,,,,,,,,,2,2,1,1,6
200700062492,0007-10-22 08:10:00,7,10,22,8,10,130,55,CORNICHE KENNEDY,,,Plein jour,En agglomération,Intersection en T,Normale,Deux véhicules - côté,,,,,,,,,,,1,2,3,1,3
200700062493,0007-10-15 17:16:00,7,10,15,17,16,130,55,MICHELET (BOULEVARD),,,Plein jour,En agglomération,Intersection en Y,Normale,Deux véhicules - côté,,,,,,,,,,,1,2,4,1,3
200700062494,0007-10-25 06:40:00,7,10,25,6,40,130,55,MICHELET (BOULEVARD),,,Nuit avec éclairage allumé,En agglomération,Intersection en T,Normale,Autre collision,,,,,,,,,,,5,2,3,1,6
200700062495,0007-10-24 12:40:00,7,10,24,12,40,130,55,VINCENT DELPUECH (BOULEV,,,Plein jour,En agglomération,Hors intersection,Normale,Deux véhicules - arrière,,,,,,,,,,,1,2,1,1,2
200700062496,0007-10-17 10:45:00,7,10,17,10,45,130,55,PRADO (AVENUE DU),,,Plein jour,En agglomération,Hors intersection,Normale,Autre collision,,,,,,,,,,,1,2,1,1,6
200700062497,0007-10-11 16:31:00,7,10,11,16,31,130,55,"504, PARADIS (RUE)",,,Plein jour,En agglomération,Hors intersection,Normale,Deux véhicules - côté,,,,,,,,,,,1,2,1,1,3
200700062498,0007-10-21 15:45:00,7,10,21,15,45,130,55,ALEX DELABRE (BOULEVARD),,,Plein jour,En agglomération,Hors intersection,Normale,Autre collision,,,,,,,,,,,1,2,1,1,6
200700062499,0007-10-24 08:20:00,7,10,24,8,20,130,55,SCHLOESING (BOULEVARD),,,Plein jour,En agglomération,Hors intersection,Normale,Deux véhicules - côté,,,,,,,,,,,1,2,1,1,3
200700062500,0007-10-31 13:00:00,7,10,31,13,0,130,55,PRADO (ROND-POINT),,,Plein jour,En agglomération,Hors intersection,Normale,Deux véhicules - côté,,,,,,,,,,,1,2,1,1,3
200700062501,0007-10-05 19:50:00,7,10,5,19,50,130,55,ANTHOINE (RUE D'),,,Nuit avec éclairage allumé,En agglomération,Hors intersection,Normale,Deux véhicules - côté,,,,,,,,,,,5,2,1,1,3
200700062502,0007-10-05 17:45:00,7,10,5,17,45,130,55,JEAN PAUL SARTRE (AVENUE,,,Plein jour,En agglomération,Hors intersection,Normale,Deux véhicules - côté,,,,,,,,,,,1,2,1,1,3
200700062503,0007-10-30 14:15:00,7,10,30,14,15,130,55,MENDES FRANCE (AVENUE),,,Plein jour,En agglomération,Hors intersection,Normale,Deux véhicules - arrière,,,,,,,,,,,1,2,1,1,2
200700062504,0007-10-26 15:55:00,7,10,26,15,55,130,55,TURBINE (RUE DE LA),,,Plein jour,En agglomération,Hors intersection,Temps couvert,Deux véhicules - arrière,,,,,,,,,,,1,2,1,8,2
200700062505,0007-10-22 11:00:00,7,10,22,11,0,130,55,"58, COMMANDERIE (CHEMIN)",,,Plein jour,En agglomération,Hors intersection,Normale,Trois véhicules et plus - collisions multiples,,,,,,,,,,,1,2,1,1,5
200700062506,0007-10-14 18:45:00,7,10,14,18,45,130,55,"36, LOUBON (RUE)",,,Crépuscule ou aube,En agglomération,Hors intersection,Normale,Autre collision,,,,,,,,,,,2,2,1,1,6
200700062507,0007-10-11 20:20:00,7,10,11,20,20,130,55,JARRET (RUE DU),,,Nuit avec éclairage allumé,En agglomération,Hors intersection,Normale,Deux véhicules - arrière,,,,,,,,,,,5,2,1,1,2
200700062508,0007-10-29 17:05:00,7,10,29,17,5,130,55,SAINT SYLVESTRE (RUE),,,Crépuscule ou aube,En agglomération,Hors intersection,Normale,Autre collision,,,,,,,,,,,2,2,1,1,6
200700062509,0007-10-30 20:00:00,7,10,30,20,0,130,55,"130, CHAVE (BOULEVARD)",,,Nuit avec éclairage allumé,En agglomération,Hors intersection,Normale,Autre collision,,,,,,,,,,,5,2,1,1,6
200700062510,0007-10-20 01:15:00,7,10,20,1,15,130,55,"38, FORTUNÉ JOURDAN (RUE",,,Nuit avec éclairage allumé,En agglomération,Intersection en X,Normale,Deux véhicules - côté,,,,,,,,,,,5,2,2,1,3
200700062511,0007-10-21 00:31:00,7,10,21,0,31,130,55,"86, BAILLE (BOULEVARD)",,,Nuit avec éclairage allumé,En agglomération,Intersection en X,Normale,Trois véhicules et plus - en chaîne,,,,,,,,,,,5,2,2,1,4
200700062512,0007-10-06 18:10:00,7,10,6,18,10,130,55,"14, MARCEL SEMBAT (RUE)",,,Plein jour,En agglomération,Hors intersection,Normale,Autre collision,,,,,,,,,,,1,2,1,1,6
200700062513,0007-10-24 12:05:00,7,10,24,12,5,130,55,CHAVE (BOULEVARD),,,Plein jour,En agglomération,Intersection en X,Normale,Deux véhicules - côté,,,,,,,,,,,1,2,2,1,3
200700062514,0007-10-10 10:10:00,7,10,10,10,10,130,55,"21, POMPIDOU (PROMENADE)",,,Plein jour,En agglomération,Hors intersection,Normale,Trois véhicules et plus - collisions multiples,,,,,,,,,,,1,2,1,1,5
200700062515,0007-10-25 09:10:00,7,10,25,9,10,130,55,"188, BAILLE (BOULEVARD)",,,Plein jour,En agglomération,Hors intersection,Normale,Sans collision,,,,,,,,,,,1,2,1,1,7
200700062516,0007-10-27 08:35:00,7,10,27,8,35,130,55,"430, MARÉCHAL DE LATTRE",,,Plein jour,En agglomération,Hors intersection,Normale,Deux véhicules - côté,,,,,,,,,,,1,2,1,1,3
200700062517,0007-10-13 14:01:00,7,10,13,14,1,130,55,PIERRE DOIZE  (RUE),,,Plein jour,En agglomération,Hors intersection,Normale,Deux véhicules - côté,,,,,,,,,,,1,2,1,1,3
200700062518,0007-10-06 17:40:00,7,10,6,17,40,130,55,PRADO (AVENUE),,,Plein jour,En agglomération,Hors intersection,Normale,Deux véhicules - arrière,,,,,,,,,,,1,2,1,1,2
200700062519,0007-10-27 16:30:00,7,10,27,16,30,130,55,"37, CHUTES LAVIE (AVENUE",,,Plein jour,En agglomération,Hors intersection,Normale,Autre collision,,,,,,,,,,,1,2,1,1,6
200700062520,0007-10-17 16:15:00,7,10,17,16,15,130,55,SAINTE MARTHE (CHEMIN DE,,,Plein jour,En agglomération,Intersection en T,Normale,Deux véhicules - côté,,,,,,,,,,,1,2,3,1,3
200700062521,0007-10-31 11:10:00,7,10,31,11,10,130,55,ALBE (RUE),,,Plein jour,En agglomération,Hors intersection,Normale,Sans collision,,,,,,,,,,,1,2,1,1,7
200700062522,0007-10-23 14:15:00,7,10,23,14,15,130,55,JEAN MOULIN (BOULEVARD),,,Plein jour,En agglomération,Hors intersection,Normale,Deux véhicules - arrière,,,,,,,,,,,1,2,1,1,2
200700062523,0007-10-30 18:46:00,7,10,30,18,46,130,55,ANATOLE DE LA FORGE (BOU,,,Plein jour,En agglomération,Hors intersection,Normale,Deux véhicules - côté,,,,,,,,,,,1,2,1,1,3
200700062524,0007-10-02 17:30:00,7,10,2,17,30,130,55,"10, AMPERE (BOULEVARD)",,,Plein jour,En agglomération,Hors intersection,Normale,Deux véhicules - côté,,,,,,,,,,,1,2,1,1,3
200700062525,0007-10-09 08:45:00,7,10,9,8,45,130,55,"164, JONQUILLES (CHEMIN",,,Plein jour,En agglomération,Hors intersection,Normale,Trois véhicules et plus - en chaîne,,,,,,,,,,,1,2,1,1,4
200700062526,0007-10-15 08:37:00,7,10,15,8,37,130,55,SAINTE MARTHE (CHEMIN DE,,,Plein jour,En agglomération,Hors intersection,Normale,Deux véhicules - côté,,,,,,,,,,,1,2,1,1,3
200700062527,0007-10-25 15:16:00,7,10,25,15,16,130,55,"46, CHATEAU GOMBERT (AVE",,,Plein jour,En agglomération,Hors intersection,Pluie légère,Deux véhicules - frontale,,,,,,,,,,,1,2,1,2,1
200700062528,0007-10-12 19:30:00,7,10,12,19,30,130,55,"77, FRANÇOISE DUPARC (BO",,,Nuit avec éclairage allumé,En agglomération,Hors intersection,Normale,Trois véhicules et plus - collisions multiples,,,,,,,,,,,5,2,1,1,5
200700062529,0007-10-29 13:00:00,7,10,29,13,0,130,55,"157, CHAVE (BOULEVARD)",,,Plein jour,En agglomération,Hors intersection,Normale,Autre collision,,,,,,,,,,,1,2,1,1,6
200700062530,0007-10-15 13:40:00,7,10,15,13,40,130,55,BARASSE,,,Plein jour,En agglomération,Hors intersection,Normale,Deux véhicules - côté,,,,,,,,,,,1,2,1,1,3
200700062531,0007-10-06 16:08:00,7,10,6,16,8,130,77,D 50,,,Plein jour,Hors agglomération,Hors intersection,Normale,Autre collision,,,,,,,,,,,1,1,1,1,6
200700062532,0007-10-06 18:30:00,7,10,6,18,30,130,77,VELLA PAUL (rue),,,Plein jour,En agglomération,Hors intersection,Normale,Deux véhicules - côté,,,,,,,,,,,1,2,1,1,3
200700062533,0007-10-04 00:01:00,7,10,4,0,1,130,26,VIEUX MOULIN (rue du),,,Nuit avec éclairage allumé,En agglomération,Hors intersection,Normale,Deux véhicules - frontale,,,,,,,,,,,5,2,1,1,1
200700062534,0007-10-09 16:15:00,7,10,9,16,15,130,77,D 50,,,Plein jour,Hors agglomération,Hors intersection,Normale,Autre collision,,,,,,,,,,,1,1,1,1,6
200700062535,0007-10-09 20:25:00,7,10,9,20,25,130,56,MARITIME BOULEVARD,,,Nuit sans éclairage public,En agglomération,Hors intersection,Normale,Autre collision,,,,,,,,,,,3,2,1,1,6
200700062536,0007-10-05 08:45:00,7,10,5,8,45,130,56,KLEBER QUAI JEAN BAPTIST,,,Plein jour,En agglomération,Hors intersection,Normale,Sans collision,,,,,,,,,,,1,2,1,1,7
200700062537,0007-10-11 13:55:00,7,10,11,13,55,130,26,"17, AUDIBERT (bld Armand",,,Plein jour,En agglomération,Intersection en T,Normale,Deux véhicules - côté,,,,,,,,,,,1,2,3,1,3
200700062538,0007-10-15 16:20:00,7,10,15,16,20,130,39,RN 545,,,Plein jour,Hors agglomération,Hors intersection,Normale,Autre collision,,,,,,,,,,,1,1,1,1,6
200700062539,0007-10-14 11:45:00,7,10,14,11,45,130,56,TOULMOND LUCIEN,,,Plein jour,En agglomération,Hors intersection,Normale,Deux véhicules - côté,,,,,,,,,,,1,2,1,1,3
200700062540,0007-10-14 15:25:00,7,10,14,15,25,130,56,FLEMING AVENUE DU ALEXAN,,,Plein jour,En agglomération,Intersection en T,Normale,Deux véhicules - côté,,,,,,,,,,,1,2,3,1,3
200700062541,0007-10-22 16:07:00,7,10,22,16,7,130,56,PORT DE BOUC ROUTE DE,,,Plein jour,En agglomération,Hors intersection,Normale,Deux véhicules - frontale,,,,,,,,,,,1,2,1,1,1
200700062542,0007-10-26 16:50:00,7,10,26,16,50,130,77,RN 568,,,Plein jour,En agglomération,Hors intersection,Pluie légère,Deux véhicules - arrière,,,,,,,,,,,1,2,1,2,2
200700062543,0007-10-29 15:40:00,7,10,29,15,40,130,39,FOSSETTE (Rond-point de,,,Plein jour,Hors agglomération,Hors intersection,Normale,Deux véhicules - côté,,,,,,,,,,,1,1,1,1,3
200700062544,0007-10-24 07:25:00,7,10,24,7,25,130,39,FOSSETTE (Rond-point de,,,Nuit sans éclairage public,Hors agglomération,Hors intersection,Normale,Deux véhicules - côté,,,,,,,,,,,3,1,1,1,3
200700062545,0007-10-11 18:50:00,7,10,11,18,50,130,26,FERRY (rue Jules),,,Nuit avec éclairage allumé,En agglomération,Hors intersection,Normale,Deux véhicules - côté,,,,,,,,,,,5,2,1,1,3
200700062546,0007-10-26 07:35:00,7,10,26,7,35,130,39,RN 268 (PR 11),,,Crépuscule ou aube,Hors agglomération,Hors intersection,Pluie légère,Deux véhicules - frontale,,,,,,,,,,,2,1,1,2,1
200700062547,0007-10-19 17:15:00,7,10,19,17,15,130,78,"22, BAUDIN MARCEL (RUE)",,,Plein jour,En agglomération,Intersection en T,Normale,Deux véhicules - côté,,,,,,,,,,,1,2,3,1,3
200700062548,0007-10-26 13:45:00,7,10,26,13,45,130,78,DARSES (ROUTE DES),,,Plein jour,Hors agglomération,Hors intersection,Pluie légère,Deux véhicules - frontale,,,,,,,,,,,1,1,1,2,1
200700062549,0007-10-07 00:15:00,7,10,7,0,15,130,103,RN 113,,,Nuit sans éclairage public,Hors agglomération,Hors intersection,Normale,Autre collision,,,,,,,,,,,3,1,1,1,6
200700062550,0007-10-09 00:05:00,7,10,9,0,5,130,103,"327, AVENUE DE LATTRE DE",,,Nuit avec éclairage allumé,En agglomération,Hors intersection,Normale,Sans collision,,,,,,,,,,,5,2,1,1,7
200700062551,0007-10-12 19:25:00,7,10,12,19,25,130,103,AVENUE DE L' EUROPE,,,Nuit avec éclairage allumé,En agglomération,Hors intersection,Normale,Deux véhicules - arrière,,,,,,,,,,,5,2,1,1,2
200700062552,0007-10-14 11:42:00,7,10,14,11,42,130,103,AVENUE CHABAN DELMAS -JA,,,Plein jour,En agglomération,Hors intersection,Normale,Trois véhicules et plus - en chaîne,,,,,,,,,,,1,2,1,1,4
200700062553,0007-10-26 09:05:00,7,10,26,9,5,130,103,"39, AVENUE MOULIN -JEAN-",,,Plein jour,En agglomération,Hors intersection,Temps couvert,Deux véhicules - côté,,,,,,,,,,,1,2,1,8,3
200700062554,0007-10-03 22:15:00,7,10,3,22,15,130,108,1ERE D.F.L (ROND POINT D,,,Nuit avec éclairage allumé,En agglomération,Hors intersection,Pluie légère,Sans collision,,,,,,,,,,,5,2,1,2,7
200700062555,0007-10-05 08:15:00,7,10,5,8,15,130,108,RD 570 ROUTE D'AVIGNON,,,Plein jour,Hors agglomération,Giratoire,Normale,Autre collision,,,,,,,,,,,1,1,6,1,6
200700062556,0007-10-05 16:25:00,7,10,5,16,25,130,108,CD 35 ROUTE DE BOULBON,,,Plein jour,En agglomération,Hors intersection,Normale,Sans collision,,,,,,,,,,,1,2,1,1,7
200700062557,0007-10-10 17:40:00,7,10,10,17,40,130,108,"20, ITAM (BOULEVARD)",,,Plein jour,En agglomération,Hors intersection,Normale,Autre collision,,,,,,,,,,,1,2,1,1,6
200700062558,0007-10-27 13:15:00,7,10,27,13,15,130,108,"55, REVOLUTION (RUE)",,,Plein jour,En agglomération,Hors intersection,Normale,Autre collision,,,,,,,,,,,1,2,1,1,6
200700062559,0007-10-27 12:15:00,7,10,27,12,15,130,108,"491, PROSPER MERIME (AVE",,,Plein jour,En agglomération,Hors intersection,Normale,Autre collision,,,,,,,,,,,1,2,1,1,6
200700062560,0007-10-01 09:30:00,7,10,1,9,30,130,71,MITTERRAND (AVENUE FRANC,,,Plein jour,En agglomération,Hors intersection,Normale,Deux véhicules - côté,,,,,,,,,,,1,2,1,1,3
200700062561,0007-10-02 08:50:00,7,10,2,8,50,130,71,"xxxx, VERSAILLES (ROND P",,,Plein jour,En agglomération,Giratoire,Normale,Trois véhicules et plus - collisions multiples,,,,,,,,,,,1,2,6,1,5
200700062562,0007-10-06 09:50:00,7,10,6,9,50,130,71,MITTERRAND (AVENUE FRANC,,,Plein jour,En agglomération,Hors intersection,Temps éblouissant,Autre collision,,,,,,,,,,,1,2,1,7,6
200700062563,0007-10-10 14:05:00,7,10,10,14,5,130,117,SALYENS ( AVENUE DES ),,,Plein jour,En agglomération,Hors intersection,Normale,Deux véhicules - côté,,,,,,,,,,,1,2,1,1,3
200700062564,0007-10-10 20:30:00,7,10,10,20,30,130,117,"xxxx, CHEMIN DEPARTEMENT",,,Nuit sans éclairage public,Hors agglomération,Hors intersection,Normale,Deux véhicules - côté,,,,,,,,,,,3,1,1,1,3
200700062565,0007-10-13 12:40:00,7,10,13,12,40,130,117,DROITS DE L'HOMME (AVENU,,,Plein jour,En agglomération,Hors intersection,Normale,Deux véhicules - frontale,,,,,,,,,,,1,2,1,1,1
200700062566,0007-10-12 13:05:00,7,10,12,13,5,130,117,PADOVANI ( AVE ),,,Plein jour,En agglomération,Intersection en T,Normale,Deux véhicules - frontale,,,,,,,,,,,1,2,3,1,1
200700062567,0007-10-12 15:40:00,7,10,12,15,40,130,71,VERSAILLES (ROND POINT D,,,Plein jour,Hors agglomération,Giratoire,Normale,Deux véhicules - arrière,,,,,,,,,,,1,1,6,1,2
200700062568,0007-10-12 21:05:00,7,10,12,21,5,130,117,MONNET (AVENUE JEAN),,,Nuit avec éclairage non allumé,En agglomération,Hors intersection,Normale,Deux véhicules - frontale,,,,,,,,,,,4,2,1,1,1
200700062569,0007-10-15 03:00:00,7,10,15,3,0,130,71,VERSAILLES (QUARTIER DE),,,Nuit avec éclairage allumé,Hors agglomération,Autre intersection,Normale,Autre collision,,,,,,,,,,,5,1,9,1,6
200700062570,0007-10-17 13:00:00,7,10,17,13,0,130,117,RUE DE FONTBLANCHE,,,Plein jour,En agglomération,Intersection en X,Normale,Deux véhicules - côté,,,,,,,,,,,1,2,2,1,3
200700062571,0007-10-13 12:41:00,7,10,13,12,41,130,117,MONNET (AVENUE JEAN),,,Plein jour,En agglomération,Hors intersection,Normale,Autre collision,,,,,,,,,,,1,2,1,1,6
200700062572,0007-10-19 20:05:00,7,10,19,20,5,130,117,CHEMIN DEPARTEMENTAL 9 (,,,Nuit avec éclairage allumé,Hors agglomération,Intersection en X,Normale,Deux véhicules - côté,,,,,,,,,,,5,1,2,1,3
200700062573,0007-10-23 07:45:00,7,10,23,7,45,130,71,MONNET (AVENUE JEAN),,,Crépuscule ou aube,En agglomération,Hors intersection,Normale,Deux véhicules - côté,,,,,,,,,,,2,2,1,1,3
200700062574,0007-10-23 15:27:00,7,10,23,15,27,130,117,MONNET ( AVENUE JEAN ),,,Plein jour,En agglomération,Giratoire,Normale,Deux véhicules - côté,,,,,,,,,,,1,2,6,1,3
200700062575,0007-10-23 19:40:00,7,10,23,19,40,130,117,"45, MARSEILLE ( AVENUE D",,,Nuit avec éclairage allumé,En agglomération,Intersection en T,Normale,Deux véhicules - côté,,,,,,,,,,,5,2,3,1,3
200700062576,0007-10-24 07:45:00,7,10,24,7,45,130,71,ROUTE NATIONALE 368 (VIL,,,Crépuscule ou aube,En agglomération,Hors intersection,Normale,Deux véhicules - côté,,,,,,,,,,,2,2,1,1,3
200700062577,0007-10-24 20:05:00,7,10,24,20,5,130,117,SALYENS ( AVENUE DES ),,,Nuit avec éclairage allumé,En agglomération,Intersection en X,Normale,Deux véhicules - côté,,,,,,,,,,,5,2,2,1,3
200700062578,0007-10-24 19:15:00,7,10,24,19,15,130,71,ROUTE NATIONALE 113 - GA,,,Nuit avec éclairage allumé,En agglomération,Intersection en X,Normale,Deux véhicules - côté,,,,,,,,,,,5,2,2,1,3
200700062579,0007-10-29 17:00:00,7,10,29,17,0,130,71,"XXXX, ROUTE NATIONALE 11",,,Plein jour,Hors agglomération,Hors intersection,Normale,Deux véhicules - arrière,,,,,,,,,,,1,1,1,1,2
200700062580,0007-10-31 10:50:00,7,10,31,10,50,130,117,RABIN ( AVENUE YITZHAK ),,,Plein jour,Hors agglomération,Hors intersection,Normale,Autre collision,,,,,,,,,,,1,1,1,1,6
200700062581,0007-10-03 14:20:00,7,10,3,14,20,140,118,"33, TROUVILLE (AVENUE DE",,,Plein jour,En agglomération,Hors intersection,Normale,Autre collision,,,,,,,,,,,1,2,1,1,6
200700062582,0007-10-07 16:45:00,7,10,7,16,45,140,118,"0, MONTALIVET (COURS)",,,Plein jour,En agglomération,Hors intersection,Normale,Deux véhicules - côté,,,,,,,,,,,1,2,1,1,3
200700062583,0007-10-07 20:35:00,7,10,7,20,35,140,118,"0, CROIX GUERIN (AVENUE)",,,Plein jour,En agglomération,Intersection en X,Normale,Deux véhicules - côté,,,,,,,,,,,1,2,2,1,3
200700062584,0007-10-07 09:00:00,7,10,7,9,0,140,118,"0, GENEVE (RUE)",,,Plein jour,En agglomération,Hors intersection,Normale,Deux véhicules - côté,,,,,,,,,,,1,2,1,1,3
200700062585,0007-10-13 15:00:00,7,10,13,15,0,140,437,"0, ECHANGEUR N° 01 ( POR",,,Plein jour,Hors agglomération,Hors intersection,Normale,Autre collision,,,,,,,,,,,1,1,1,1,6
200700062586,0007-10-14 00:05:00,7,10,14,0,5,140,118,"0, SAINT JEAN (RUE (DE 3",,,Nuit sans éclairage public,En agglomération,Intersection en X,Normale,Trois véhicules et plus - collisions multiples,,,,,,,,,,,3,2,2,1,5
200700062587,0007-10-13 17:30:00,7,10,13,17,30,140,437,"40, PARIS (ROUTE DE)",,,Plein jour,En agglomération,Hors intersection,Normale,Trois véhicules et plus - collisions multiples,,,,,,,,,,,1,2,1,1,5
200700062588,0007-10-11 18:00:00,7,10,11,18,0,140,327,"0, PAIX (BOULEVARD DE LA",,,Plein jour,En agglomération,Hors intersection,Normale,Autre collision,,,,,,,,,,,1,2,1,1,6
200700062589,0007-10-16 18:10:00,7,10,16,18,10,140,118,ADAM (RUE MONSEIGNEUR),,,Plein jour,En agglomération,Intersection en X,Normale,Autre collision,,,,,,,,,,,1,2,2,1,6
200700062590,0007-10-16 09:05:00,7,10,16,9,5,140,118,"0, SOREL (AVENUE ALBERT)",,,Plein jour,En agglomération,Hors intersection,Normale,Sans collision,,,,,,,,,,,1,2,1,1,7
200700062591,0007-10-19 18:10:00,7,10,19,18,10,140,118,"06, LEMAITRE (RUE CHARLE",,,Plein jour,En agglomération,Intersection en T,Normale,Deux véhicules - frontale,,,,,,,,,,,1,2,3,1,1
200700062592,0007-10-25 07:45:00,7,10,25,7,45,140,118,"0, WEYGAND (BOULEVARD DU",,,Nuit avec éclairage allumé,En agglomération,Intersection en T,Normale,Autre collision,,,,,,,,,,,5,2,3,1,6
200700062593,0007-10-26 09:15:00,7,10,26,9,15,140,118,"35, LENOIR (RUE RICHARD)",,,Plein jour,En agglomération,Hors intersection,Normale,Deux véhicules - côté,,,,,,,,,,,1,2,1,1,3
200700062594,0007-10-27 01:36:00,7,10,27,1,36,140,341,Route Nationale 814,,,Nuit avec éclairage allumé,Hors agglomération,Hors intersection,Normale,Sans collision,,,,,,,,,,,5,1,1,1,7
200700062595,0007-10-28 11:15:00,7,10,28,11,15,140,242,"0, RD 117 (RUE DE COUVRE",,,Plein jour,En agglomération,Hors intersection,Normale,Autre collision,,,,,,,,,,,1,2,1,1,6
200700062596,0007-10-11 10:00:00,7,10,11,10,0,140,117,"1, GENERAL LECLERC (AVEN",,,Plein jour,En agglomération,Giratoire,Normale,Deux véhicules - arrière,,,,,,,,,,,1,2,6,1,2
200700062597,0007-10-04 20:35:00,7,10,4,20,35,140,536,FRANCS (RUE DES 4),,,Nuit avec éclairage allumé,En agglomération,Intersection en X,Normale,Autre collision,,,,,,,,,,,5,2,2,1,6
200700062598,0007-10-10 08:35:00,7,10,10,8,35,140,366,"22, CARNOT (BOULEVARD)",,,Crépuscule ou aube,En agglomération,Hors intersection,Pluie forte,Autre collision,,,,,,,,,,,2,2,1,3,6
200700062599,0007-10-30 21:30:00,7,10,30,21,30,140,366,ROGER AINI (RUE),,,Nuit avec éclairage allumé,En agglomération,Hors intersection,Normale,Deux véhicules - frontale,,,,,,,,,,,5,2,1,1,1
200700062600,0007-10-11 16:45:00,7,10,11,16,45,150,14,SANSAC R.N. 122 (ROUTE D,,,Plein jour,Hors agglomération,Hors intersection,Temps éblouissant,Trois véhicules et plus - collisions multiples,,,,,,,,,,,1,1,1,7,5
200700062601,0007-10-17 12:30:00,7,10,17,12,30,150,14,"64, GAULLE (AVENUE CHARL",,,Plein jour,En agglomération,Hors intersection,Normale,Autre collision,,,,,,,,,,,1,2,1,1,6
200700062602,0007-10-26 09:45:00,7,10,26,9,45,150,14,"84, LECLERC (AVENUE DU G",,,Plein jour,En agglomération,Hors intersection,Normale,Autre collision,,,,,,,,,,,1,2,1,1,6