accident_id,datetime,annee,mois,jour,heure,minute,departement,commune_insee,adresse,latitude,longitude,luminosite,agglomeration,intersection,meteo,collision,nb_vehicules,nb_usagers,nb_indemnes,nb_tues,nb_blesses_hosp,nb_blesses_legers,age_cond_1,age_cond_2,veh_type_cond_1,veh_type_cond_2,lum_code,agg_code,int_code,atm_code,col_code
200700062603,0007-10-17 19:55:00,7,10,17,19,55,160,358,"98, SAINT-JEAN-D'ANGELY",,,Nuit avec éclairage allumé,En agglomération,Hors intersection,Pluie légère,Deux véhicules - côté,,,,,,,,,,,5,2,1,2,3
200700062604,0007-10-26 12:00:00,7,10,26,12,0,160,15,"24, GAMBETTA (AVENUE)",,,Plein jour,En agglomération,Hors intersection,Normale,Autre collision,,,,,,,,,,,1,2,1,1,6
200700062605,0007-10-22 16:45:00,7,10,22,16,45,160,15,"446, NAVARRE (AVENUE DE)",,,Plein jour,En agglomération,Hors intersection,Normale,Deux véhicules - arrière,,,,,,,,,,,1,2,1,1,2
200700062606,0007-10-13 15:30:00,7,10,13,15,30,160,15,"191, BORDEAUX (RUE DE N°",,,Plein jour,En agglomération,Hors intersection,Normale,Deux véhicules - côté,,,,,,,,,,,1,2,1,1,3
200700062607,0007-10-26 08:00:00,7,10,26,8,0,160,15,"187, MONTMOREAU (RUE DE",,,Crépuscule ou aube,En agglomération,Hors intersection,Normale,Deux véhicules - côté,,,,,,,,,,,2,2,1,1,3
200700062608,0007-10-31 14:45:00,7,10,31,14,45,160,15,BORDEAUX (ROUTE DE N° PA,,,Plein jour,Hors agglomération,Hors intersection,Normale,Autre collision,,,,,,,,,,,1,1,1,1,6
200700062609,0007-10-16 14:25:00,7,10,16,14,25,160,102,"01, CHATENAY (BOULEVARD",,,Plein jour,En agglomération,Intersection en X,Normale,Deux véhicules - côté,,,,,,,,,,,1,2,2,1,3
200700062610,0007-10-05 17:00:00,7,10,5,17,0,170,449,"174490005, AUNIS AVENUE",,,Plein jour,En agglomération,Hors intersection,Normale,Deux véhicules - arrière,,,,,,,,,,,1,2,1,1,2
200700062611,0007-10-06 15:20:00,7,10,6,15,20,170,299,"172990043, BENES RUE",,,Plein jour,En agglomération,Hors intersection,Normale,Trois véhicules et plus - collisions multiples,,,,,,,,,,,1,2,1,1,5
200700062612,0007-10-07 02:00:00,7,10,7,2,0,170,299,"172990368, VIADUC DE ROC",,,Nuit avec éclairage allumé,Hors agglomération,Hors intersection,Normale,Autre collision,,,,,,,,,,,5,1,1,1,6
200700062613,0007-10-09 07:30:00,7,10,9,7,30,170,299,"172990004, AIGREFEUILLE",,,Nuit avec éclairage allumé,En agglomération,Giratoire,Normale,Deux véhicules - arrière,,,,,,,,,,,5,2,6,1,2
200700062614,0007-10-17 13:50:00,7,10,17,13,50,170,299,"172990125, DENFERT ROCHE",,,Plein jour,En agglomération,Intersection en X,Normale,Deux véhicules - côté,,,,,,,,,,,1,2,2,1,3
200700062615,0007-10-29 13:15:00,7,10,29,13,15,170,299,"172990385, DE TRAVERSAY",,,Plein jour,En agglomération,Hors intersection,Normale,Autre collision,,,,,,,,,,,1,2,1,1,6
200700062616,0007-10-30 15:40:00,7,10,30,15,40,170,299,"172990270, ONZE NOVEMBRE",,,Plein jour,En agglomération,Intersection en X,Normale,Sans collision,,,,,,,,,,,1,2,2,1,7
200700062617,0007-10-02 08:00:00,7,10,2,8,0,170,300,"15, TROMPETTE   RUE DE L",,,Plein jour,En agglomération,Intersection en T,Normale,Deux véhicules - côté,,,,,,,,,,,1,2,3,1,3
200700062618,0007-10-02 09:15:00,7,10,2,9,15,170,300,"001, GRASSET   AVENUE ED",,,Plein jour,En agglomération,Intersection en X,Normale,Deux véhicules - côté,,,,,,,,,,,1,2,2,1,3
200700062619,0007-10-03 08:15:00,7,10,3,8,15,170,300,D 106,,,Plein jour,Hors agglomération,Hors intersection,Pluie légère,Trois véhicules et plus - collisions multiples,,,,,,,,,,,1,1,1,2,5
200700062620,0007-10-03 10:10:00,7,10,3,10,10,170,300,"2, ROBINET   AVENUE LEOP",,,Plein jour,En agglomération,Hors intersection,Pluie légère,Deux véhicules - arrière,,,,,,,,,,,1,2,1,2,2
200700062621,0007-10-03 14:20:00,7,10,3,14,20,170,300,"10, LAUBAT   RUE CHASSEL",,,Plein jour,En agglomération,Hors intersection,Normale,Deux véhicules - arrière,,,,,,,,,,,1,2,1,1,2
200700062622,0007-10-03 18:04:00,7,10,3,18,4,170,291,LA ROCHELLE   ROUTE DE,,,Plein jour,En agglomération,Hors intersection,Normale,Deux véhicules - arrière,,,,,,,,,,,1,2,1,1,2
200700062623,0007-10-03 18:10:00,7,10,3,18,10,170,300,"001, REMPARTS   CHEMIN D",,,Plein jour,En agglomération,Hors intersection,Normale,Autre collision,,,,,,,,,,,1,2,1,1,6
200700062624,0007-10-04 05:45:00,7,10,4,5,45,170,28,"64, SALENGRO   AVENUE RO",,,Nuit avec éclairage allumé,En agglomération,Hors intersection,Normale,Deux véhicules - côté,,,,,,,,,,,5,2,1,1,3
200700062625,0007-10-04 18:40:00,7,10,4,18,40,170,300,112 PK RN137 ROCHEFORT J,,,Plein jour,Hors agglomération,Hors intersection,Normale,Autre collision,,,,,,,,,,,1,1,1,1,6
200700062626,0007-10-05 08:40:00,7,10,5,8,40,170,28,"76, GRASSET   AVENUE EDM",,,Plein jour,En agglomération,Hors intersection,Normale,Deux véhicules - côté,,,,,,,,,,,1,2,1,1,3
200700062627,0007-10-08 16:50:00,7,10,8,16,50,170,300,"32, STADE   RUE DU",,,Plein jour,En agglomération,Intersection en X,Normale,Deux véhicules - côté,,,,,,,,,,,1,2,2,1,3
200700062628,0007-10-09 17:35:00,7,10,9,17,35,170,300,"001, SCIERIE   RUE DE LA",,,Plein jour,En agglomération,Intersection en X,Normale,Deux véhicules - côté,,,,,,,,,,,1,2,2,1,3
200700062629,0007-10-10 15:30:00,7,10,10,15,30,170,300,MOULIN   PONT JEAN,,,Plein jour,En agglomération,Hors intersection,Pluie légère,Deux véhicules - arrière,,,,,,,,,,,1,2,1,2,2
200700062630,0007-10-11 16:25:00,7,10,11,16,25,170,300,"79, GUITON   AVENUE JEAN",,,Plein jour,En agglomération,Hors intersection,Normale,Deux véhicules - côté,,,,,,,,,,,1,2,1,1,3
200700062631,0007-10-12 08:35:00,7,10,12,8,35,170,300,"75, ROMPSAY   AVENUE DE",,,Plein jour,En agglomération,Intersection en X,Normale,Deux véhicules - côté,,,,,,,,,,,1,2,2,1,3
200700062632,0007-10-12 14:05:00,7,10,12,14,5,170,300,MAUBEC   QUAI,,,Plein jour,En agglomération,Hors intersection,Normale,Deux véhicules - côté,,,,,,,,,,,1,2,1,1,3
200700062633,0007-10-12 15:35:00,7,10,12,15,35,170,300,"001, LECLERC   AVENUE DU",,,Plein jour,En agglomération,Hors intersection,Normale,Autre collision,,,,,,,,,,,1,2,1,1,6
200700062634,0007-10-14 17:25:00,7,10,14,17,25,170,300,537 RN ECHANGEUR LA PALL,,,Plein jour,Hors agglomération,Hors intersection,Normale,Autre collision,,,,,,,,,,,1,1,1,1,6
200700062635,0007-10-15 11:25:00,7,10,15,11,25,170,300,"35, AMERIQUES   AVENUE D",,,Plein jour,En agglomération,Hors intersection,Normale,Autre collision,,,,,,,,,,,1,2,1,1,6
200700062636,0007-10-16 10:10:00,7,10,16,10,10,170,300,FOLLETIER  RUE FRANÇOIS,,,Plein jour,En agglomération,Hors intersection,Normale,Autre collision,,,,,,,,,,,1,2,1,1,6
200700062637,0007-10-18 07:50:00,7,10,18,7,50,170,300,CIMETIERE   AVENUE DU,,,Nuit avec éclairage allumé,En agglomération,Giratoire,Normale,Autre collision,,,,,,,,,,,5,2,6,1,6
200700062638,0007-10-18 12:25:00,7,10,18,12,25,170,300,"001, CARNOT   AVENUE",,,Plein jour,En agglomération,Intersection en T,Normale,Deux véhicules - frontale,,,,,,,,,,,1,2,3,1,1
200700062639,0007-10-18 17:00:00,7,10,18,17,0,170,300,"35, VIELJEUX   RUE LEONC",,,Plein jour,En agglomération,Hors intersection,Normale,Deux véhicules - côté,,,,,,,,,,,1,2,1,1,3
200700062640,0007-10-19 16:10:00,7,10,19,16,10,170,300,"34, DURAND   QUAI LOUIS",,,Plein jour,En agglomération,Intersection en X,Normale,Trois véhicules et plus - collisions multiples,,,,,,,,,,,1,2,2,1,5
200700062641,0007-10-19 16:27:00,7,10,19,16,27,170,300,"1, EGLANTIERS   RUE DES",,,Plein jour,En agglomération,Intersection en T,Normale,Deux véhicules - côté,,,,,,,,,,,1,2,3,1,3
200700062642,0007-10-19 17:30:00,7,10,19,17,30,170,300,"209, PERIGNY   RUE DE",,,Plein jour,En agglomération,Hors intersection,Normale,Deux véhicules - côté,,,,,,,,,,,1,2,1,1,3
200700062643,0007-10-19 17:30:00,7,10,19,17,30,170,274,BERGES   RUE ARISTIDE,,,Plein jour,En agglomération,Intersection en T,Normale,Deux véhicules - côté,,,,,,,,,,,1,2,3,1,3
200700062644,0007-10-20 23:35:00,7,10,20,23,35,170,300,SALENGRO   AVENUE ROGER,,,Nuit avec éclairage allumé,En agglomération,Intersection en X,Normale,Deux véhicules - côté,,,,,,,,,,,5,2,2,1,3
200700062645,0007-10-21 14:40:00,7,10,21,14,40,170,300,"34, MONTREAL   RUE DE",,,Plein jour,En agglomération,Hors intersection,Normale,Autre collision,,,,,,,,,,,1,2,1,1,6
200700062646,0007-10-21 17:00:00,7,10,21,17,0,170,300,REMPARTS   CHEMIN DES,,,Plein jour,En agglomération,Hors intersection,Normale,Deux véhicules - côté,,,,,,,,,,,1,2,1,1,3
200700062647,0007-10-21 17:55:00,7,10,21,17,55,170,300,"10, PARIS   AVENUE DE",,,Plein jour,En agglomération,Hors intersection,Normale,Sans collision,,,,,,,,,,,1,2,1,1,7
200700062648,0007-10-22 08:10:00,7,10,22,8,10,170,300,"17, GAULLE   AVENUE DU G",,,Crépuscule ou aube,En agglomération,Hors intersection,Normale,Deux véhicules - côté,,,,,,,,,,,2,2,1,1,3
200700062649,0007-10-22 12:59:00,7,10,22,12,59,170,300,D 106,,,Plein jour,Hors agglomération,Hors intersection,Normale,Sans collision,,,,,,,,,,,1,1,1,1,7
200700062650,0007-10-22 16:58:00,7,10,22,16,58,170,300,CHAMP DE MARS   AVENUE D,,,Plein jour,En agglomération,Hors intersection,Normale,Deux véhicules - côté,,,,,,,,,,,1,2,1,1,3
200700062651,0007-10-25 08:00:00,7,10,25,8,0,170,300,"117, PERIGNY   RUE DE",,,Crépuscule ou aube,En agglomération,Hors intersection,Normale,Deux véhicules - arrière,,,,,,,,,,,2,2,1,1,2
200700062652,0007-10-25 12:11:00,7,10,25,12,11,170,200,VENDOME   RUE DU MOULIN,,,Plein jour,En agglomération,Hors intersection,Normale,Deux véhicules - arrière,,,,,,,,,,,1,2,1,1,2
200700062653,0007-10-25 14:25:00,7,10,25,14,25,170,300,"25, FOLLETIER   RUE FRAN",,,Plein jour,En agglomération,Hors intersection,Normale,Deux véhicules - frontale,,,,,,,,,,,1,2,1,1,1
200700062654,0007-10-27 19:30:00,7,10,27,19,30,170,300,LOTI   AVENUE PIERRE,,,Nuit avec éclairage allumé,Hors agglomération,Hors intersection,Normale,Deux véhicules - frontale,,,,,,,,,,,5,1,1,1,1
200700062655,0007-10-29 21:15:00,7,10,29,21,15,170,300,CORSAIRES   AVENUE DES (,,,Nuit avec éclairage allumé,En agglomération,Hors intersection,Normale,Sans collision,,,,,,,,,,,5,2,1,1,7
200700062656,0007-10-29 21:45:00,7,10,29,21,45,170,300,"87, GUITON   AVENUE JEAN",,,Nuit avec éclairage allumé,En agglomération,Hors intersection,Normale,Deux véhicules - frontale,,,,,,,,,,,5,2,1,1,1
200700062657,0007-10-30 15:05:00,7,10,30,15,5,170,300,"25, ALBERT IER   RUE",,,Plein jour,En agglomération,Hors intersection,Normale,Deux véhicules - frontale,,,,,,,,,,,1,2,1,1,1
200700062658,0007-10-31 07:20:00,7,10,31,7,20,170,300,"3, DAUPHINE   AVENUE DE",,,Nuit avec éclairage allumé,En agglomération,Intersection en X,Normale,Deux véhicules - côté,,,,,,,,,,,5,2,2,1,3
200700062659,0007-10-16 17:20:00,7,10,16,17,20,170,380,"0, EXPRESS (VOIE)",,,Plein jour,En agglomération,Hors intersection,Normale,Autre collision,,,,,,,,,,,1,2,1,1,6
200700062660,0007-10-02 20:35:00,7,10,2,20,35,170,306,"0, EXPRESS (VOIE)",,,Nuit sans éclairage public,Hors agglomération,Hors intersection,Normale,Deux véhicules - arrière,,,,,,,,,,,3,1,1,1,2
200700062661,0007-10-05 12:20:00,7,10,5,12,20,170,306,"0, AMPERE",,,Plein jour,En agglomération,Hors intersection,Normale,Deux véhicules - côté,,,,,,,,,,,1,2,1,1,3
200700062662,0007-10-09 15:42:00,7,10,9,15,42,170,306,"0, REPUBLIQUE (DE LA) (B",,,Plein jour,En agglomération,Hors intersection,Normale,Deux véhicules - arrière,,,,,,,,,,,1,2,1,1,2
200700062663,0007-10-18 17:10:00,7,10,18,17,10,170,333,"0, MEDIS  (DE)",,,Plein jour,Hors agglomération,Hors intersection,Normale,Sans collision,,,,,,,,,,,1,1,1,1,7
200700062664,0007-10-18 18:20:00,7,10,18,18,20,170,306,"0, LOTI PIERRE",,,Plein jour,En agglomération,Hors intersection,Normale,Autre collision,,,,,,,,,,,1,2,1,1,6
200700062665,0007-10-22 18:20:00,7,10,22,18,20,170,306,"0, ARTS",,,Plein jour,En agglomération,Hors intersection,Normale,Deux véhicules - côté,,,,,,,,,,,1,2,1,1,3
200700062666,0007-10-26 16:20:00,7,10,26,16,20,170,306,"0, FRONT DE MER (PROMENA",,,Plein jour,En agglomération,Hors intersection,Normale,Deux véhicules - côté,,,,,,,,,,,1,2,1,1,3
200700062667,0007-10-27 15:20:00,7,10,27,15,20,170,306,"0, 4E ZOUAVE (DU) (AVENU",,,Plein jour,En agglomération,Hors intersection,Normale,Deux véhicules - arrière,,,,,,,,,,,1,2,1,1,2
200700062668,0007-10-07 11:40:00,7,10,7,11,40,170,415,"66, SAINT PALLAIS 31 A 1",,,Plein jour,En agglomération,Hors intersection,Normale,Deux véhicules - arrière,,,,,,,,,,,1,2,1,1,2
200700062669,0007-10-10 09:55:00,7,10,10,9,55,170,415,COUMAILLAUD RUE ROGER,,,Plein jour,En agglomération,Intersection en X,Pluie légère,Deux véhicules - côté,,,,,,,,,,,1,2,2,2,3
200700062670,0007-10-12 18:04:00,7,10,12,18,4,170,415,BASSOMPIERE PLACE,,,Plein jour,En agglomération,Intersection en X,Normale,Autre collision,,,,,,,,,,,1,2,2,1,6
200700062671,0007-10-13 16:05:00,7,10,13,16,5,170,415,DUFAURE AVENUE JULES,,,Plein jour,En agglomération,Hors intersection,Normale,Deux véhicules - côté,,,,,,,,,,,1,2,1,1,3
200700062672,0007-10-14 11:20:00,7,10,14,11,20,170,415,"35, KENNEDY AVENUE JOHN",,,Plein jour,En agglomération,Hors intersection,Normale,Deux véhicules - arrière,,,,,,,,,,,1,2,1,1,2
200700062673,0007-10-14 17:25:00,7,10,14,17,25,170,415,GAMBETTA 74 A 162 ET 29,,,Plein jour,En agglomération,Intersection en X,Normale,Deux véhicules - côté,,,,,,,,,,,1,2,2,1,3
200700062674,0007-10-26 16:45:00,7,10,26,16,45,170,415,PORT D'ENVAUX ROUTE DE,,,Plein jour,Hors agglomération,Hors intersection,Normale,Sans collision,,,,,,,,,,,1,1,1,1,7
200700062675,0007-10-26 18:45:00,7,10,26,18,45,170,415,GASCOGNE RUE DE,,,Plein jour,En agglomération,Intersection en X,Normale,Deux véhicules - côté,,,,,,,,,,,1,2,2,1,3
200700062676,0007-10-27 08:30:00,7,10,27,8,30,170,415,VARZAY ROUTE DE,,,Plein jour,Hors agglomération,Hors intersection,Normale,Sans collision,,,,,,,,,,,1,1,1,1,7
200700062677,0007-10-29 17:40:00,7,10,29,17,40,170,415,VARZAY ROUTE DE,,,Plein jour,Hors agglomération,Hors intersection,Normale,Sans collision,,,,,,,,,,,1,1,1,1,7
200700062678,0007-10-03 18:45:00,7,10,3,18,45,180,33,"11 bis, CLEMENCEAU (BOUL",,,Plein jour,En agglomération,Hors intersection,Normale,Deux véhicules - côté,,,,,,,,,,,1,2,1,1,3
200700062679,0007-10-04 07:40:00,7,10,4,7,40,180,33,SAINT-MICHEL (ROUTE DE),,,Plein jour,En agglomération,Hors intersection,Normale,Deux véhicules - arrière,,,,,,,,,,,1,2,1,1,2
200700062680,0007-10-04 07:30:00,7,10,4,7,30,180,33,"38, BAFFIER (RUE JEAN)",,,Crépuscule ou aube,En agglomération,Hors intersection,Normale,Autre collision,,,,,,,,,,,2,2,1,1,6
200700062681,0007-10-04 18:25:00,7,10,4,18,25,180,33,"113, RENAN (AVENUE ERNES",,,Plein jour,En agglomération,Hors intersection,Normale,Deux véhicules - arrière,,,,,,,,,,,1,2,1,1,2
200700062682,0007-10-05 12:55:00,7,10,5,12,55,180,33,JURANVILLE (BOULEVARD),,,Plein jour,En agglomération,Hors intersection,Normale,Deux véhicules - côté,,,,,,,,,,,1,2,1,1,3
200700062683,0007-10-05 16:00:00,7,10,5,16,0,180,33,"sans, MARCEAU (RAMPE)",,,Plein jour,En agglomération,Hors intersection,Normale,Sans collision,,,,,,,,,,,1,2,1,1,7
200700062684,0007-10-11 17:00:00,7,10,11,17,0,180,255,"SANS, RN 151",,,Plein jour,Hors agglomération,Hors intersection,Normale,Trois véhicules et plus - en chaîne,,,,,,,,,,,1,1,1,1,4
200700062685,0007-10-12 17:45:00,7,10,12,17,45,180,205,MALITORNE (RUE DE),,,Plein jour,En agglomération,Hors intersection,Normale,Deux véhicules - côté,,,,,,,,,,,1,2,1,1,3
200700062686,0007-10-16 07:05:00,7,10,16,7,5,180,33,"SANS, INDUSTRIE (BOULEVA",,,Crépuscule ou aube,En agglomération,Hors intersection,Normale,Trois véhicules et plus - collisions multiples,,,,,,,,,,,2,2,1,1,5
200700062687,0007-10-16 07:55:00,7,10,16,7,55,180,33,"SANS, TURLY (RUE DE)",,,Plein jour,En agglomération,Hors intersection,Normale,Deux véhicules - côté,,,,,,,,,,,1,2,1,1,3
200700062688,0007-10-17 12:20:00,7,10,17,12,20,180,33,"SANS, MARCEAU (RAMPE)",,,Plein jour,En agglomération,Hors intersection,Pluie légère,Autre collision,,,,,,,,,,,1,2,1,2,6
200700062689,0007-10-23 13:22:00,7,10,23,13,22,180,33,"12, LIBERATION (AVENUE D",,,Plein jour,En agglomération,Hors intersection,Normale,Deux véhicules - côté,,,,,,,,,,,1,2,1,1,3
200700062690,0007-10-26 17:40:00,7,10,26,17,40,180,213,"SANS, CHARITE (ROUTE DE",,,Plein jour,Hors agglomération,Hors intersection,Normale,Trois véhicules et plus - collisions multiples,,,,,,,,,,,1,1,1,1,5
200700062691,0007-10-27 10:58:00,7,10,27,10,58,180,205,REPUBLIQUE (AVENUE DE LA,,,Plein jour,En agglomération,Giratoire,Temps couvert,Deux véhicules - côté,,,,,,,,,,,1,2,6,8,3
200700062692,0007-10-03 13:00:00,7,10,3,13,0,180,279,VIEUX DOMAINE (ROUTE DU),,,Plein jour,En agglomération,Hors intersection,Normale,Deux véhicules - côté,,,,,,,,,,,1,2,1,1,3
200700062693,0007-10-03 16:50:00,7,10,3,16,50,180,279,RESISTANCE (PLACE DE LA,,,Plein jour,En agglomération,Intersection en X,Normale,Deux véhicules - côté,,,,,,,,,,,1,2,2,1,3
200700062694,0007-10-18 10:45:00,7,10,18,10,45,180,279,"1, VOLTAIRE ( RUE )",,,Plein jour,Hors agglomération,Hors intersection,Pluie légère,Autre collision,,,,,,,,,,,1,1,1,2,6
200700062695,0007-10-19 18:20:00,7,10,19,18,20,180,279,GAGARINE (RUE ),,,Crépuscule ou aube,En agglomération,Hors intersection,Normale,Sans collision,,,,,,,,,,,2,2,1,1,7
200700062696,0007-10-20 19:20:00,7,10,20,19,20,180,279,GOURDON (RUE),,,Nuit avec éclairage allumé,En agglomération,Intersection en X,Normale,Deux véhicules - côté,,,,,,,,,,,5,2,2,1,3
200700062697,0007-10-04 17:25:00,7,10,4,17,25,190,31,"0, ROBESPIERRE (RUE MAXI",45.15725,4.50619,Plein jour,En agglomération,Hors intersection,Normale,Autre collision,,,,,,,,,,,1,2,1,1,6
200700062698,0007-10-07 15:20:00,7,10,7,15,20,190,31,", CHAUMEIL (IMPASSE PIER",45.15484,4.49885,Plein jour,En agglomération,Intersection en T,Pluie légère,Autre collision,,,,,,,,,,,1,2,3,2,6
200700062699,0007-10-12 17:10:00,7,10,12,17,10,190,31,"15, SAND (RUE GEORGE)",,,Plein jour,En agglomération,Intersection en T,Normale,Deux véhicules - côté,,,,,,,,,,,1,2,3,1,3
200700062700,0007-10-12 20:50:00,7,10,12,20,50,190,31,QUINZE AOUT 1944 (COURS,45.16033,4.53026,Nuit avec éclairage allumé,En agglomération,Hors intersection,Normale,Autre collision,,,,,,,,,,,5,2,1,1,6
200700062701,0007-10-16 15:15:00,7,10,16,15,15,190,31,RIVET (AVENUE JEAN CHARL,45.15061,4.49809,Plein jour,En agglomération,Intersection en T,Normale,Autre collision,,,,,,,,,,,1,2,3,1,6
200700062702,0007-10-17 13:15:00,7,10,17,13,15,190,31,ALSACE LORRAINE (AVENUE),45.15407,4.53318,Plein jour,En agglomération,Intersection en X,Normale,Deux véhicules - côté,,,,,,,,,,,1,2,2,1,3
200700062703,0007-10-17 20:50:00,7,10,17,20,50,190,31,"03, ALVITRE (AVENUE ABBE",45.15473,4.51364,Nuit avec éclairage allumé,En agglomération,Hors intersection,Normale,Autre collision,,,,,,,,,,,5,2,1,1,6
200700062704,0007-10-19 21:15:00,7,10,19,21,15,190,31,MAZAUD (LIEU-DIT),45.14534,4.48138,Nuit avec éclairage allumé,En agglomération,Intersection en T,Normale,Deux véhicules - côté,,,,,,,,,,,5,2,3,1,3
200700062705,0007-10-20 03:10:00,7,10,20,3,10,190,31,"6, LACHAUD (BOULEVARD ED",45.15678,4.53106,Nuit avec éclairage allumé,En agglomération,Hors intersection,Normale,Autre collision,,,,,,,,,,,5,2,1,1,6
200700062706,0007-10-22 05:50:00,7,10,22,5,50,190,31,GERMAIN (BOULEVARD DU CO,45.1572,4.52378,Nuit avec éclairage allumé,En agglomération,Intersection en X,Normale,Deux véhicules - côté,,,,,,,,,,,5,2,2,1,3
200700062707,0007-10-24 08:50:00,7,10,24,8,50,190,31,"42, ALVITRE (AVENUE ABBE",45.15348,4.50889,Plein jour,En agglomération,Hors intersection,Normale,Autre collision,,,,,,,,,,,1,2,1,1,6
200700062708,0007-10-24 11:25:00,7,10,24,11,25,190,31,BLANC (BOULEVARD LOUIS),45.15573,4.52432,Plein jour,En agglomération,Hors intersection,Normale,Trois véhicules et plus - collisions multiples,,,,,,,,,,,1,2,1,1,5
200700062709,0007-10-26 13:40:00,7,10,26,13,40,190,31,"""MOULIN (BOULEVARD JEAN)",45.16058,4.53451,Plein jour,En agglomération,Hors intersection,Normale,Deux véhicules - côté,,,,,,,,,,,1,2,1,1,3
200700062710,0007-10-26 13:55:00,7,10,26,13,55,190,31,"2, TURGOT (AVENUE)",45.16133,4.5029,Plein jour,En agglomération,Hors intersection,Normale,Autre collision,,,,,,,,,,,1,2,1,1,6
200700062711,0007-10-29 13:10:00,7,10,29,13,10,190,31,"12, SEMARD (AVENUE PIERR",45.15689,4.52299,Plein jour,En agglomération,Hors intersection,Pluie légère,Deux véhicules - côté,,,,,,,,,,,1,2,1,2,3
200700062712,0007-10-29 13:55:00,7,10,29,13,55,190,31,SIGRIST (RUE ALPHONSE),45.16523,4.53177,Plein jour,En agglomération,Intersection en X,Pluie légère,Deux véhicules - côté,,,,,,,,,,,1,2,2,2,3
200700062713,0007-10-29 15:15:00,7,10,29,15,15,190,31,POMPIDOU (AVENUE GEORGES,45.15676,4.53106,Plein jour,En agglomération,Intersection en X,Pluie légère,Deux véhicules - arrière,,,,,,,,,,,1,2,2,2,2
200700062714,0007-10-30 11:30:00,7,10,30,11,30,190,31,LACHAUD (BOULEVARD EDOUA,45.15508,4.51207,Plein jour,En agglomération,Hors intersection,Normale,Autre collision,,,,,,,,,,,1,2,1,1,6
200700062715,0007-10-15 09:25:00,7,10,15,9,25,190,275,GARENNE (BOULEVARD DE LA,45.55522,4.306,Plein jour,En agglomération,Hors intersection,Normale,Autre collision,,,,,,,,,,,1,2,1,1,6
200700062716,0007-10-21 05:25:00,7,10,21,5,25,190,275,PONTY (ROUTE DE),,,Nuit sans éclairage public,Hors agglomération,Hors intersection,Normale,Sans collision,,,,,,,,,,,3,1,1,1,7
200700062717,0007-10-24 17:30:00,7,10,24,17,30,190,275,CHATEAU D'EAU (RUE DU),45.55353,4.30298,Plein jour,En agglomération,Hors intersection,Temps couvert,Deux véhicules - côté,,,,,,,,,,,1,2,1,8,3
200700062718,0007-10-04 15:40:00,7,10,4,15,40,210,54,SEURRE (ROUTE DE),,,Plein jour,En agglomération,Giratoire,Normale,Autre collision,,,,,,,,,,,1,2,6,1,6
200700062719,0007-10-18 12:05:00,7,10,18,12,5,210,54,CHOREY (RUE DE),,,Plein jour,En agglomération,Hors intersection,Normale,Autre collision,,,,,,,,,,,1,2,1,1,6
200700062720,0007-10-04 18:14:00,7,10,4,18,14,210,231,"3, VOLTAIRE (BOULEVARD)",,,Plein jour,En agglomération,Hors intersection,Normale,Deux véhicules - côté,,,,,,,,,,,1,2,1,1,3
200700062721,0007-10-04 20:24:00,7,10,4,20,24,210,231,TRANSVAAL (DU) (RUE),,,Nuit avec éclairage allumé,En agglomération,Place,Normale,Deux véhicules - frontale,,,,,,,,,,,5,2,7,1,1
200700062722,0007-10-06 20:38:00,7,10,6,20,38,210,231,"51, DRAPEAU (DU) (AVENUE",,,Nuit avec éclairage allumé,En agglomération,Intersection en T,Normale,Autre collision,,,,,,,,,,,5,2,3,1,6
200700062723,0007-10-07 03:48:00,7,10,7,3,48,210,231,"13, DEVOSGE (RUE)",,,Nuit avec éclairage allumé,En agglomération,Hors intersection,Normale,Autre collision,,,,,,,,,,,5,2,1,1,6
200700062724,0007-10-08 13:49:00,7,10,8,13,49,210,231,"6, STRASBOURG (DE) (BOUL",,,Plein jour,En agglomération,Intersection en T,Normale,Deux véhicules - arrière,,,,,,,,,,,1,2,3,1,2
200700062725,0007-10-08 11:45:00,7,10,8,11,45,210,231,"82, AUXONNE (D') (RUE)",,,Plein jour,En agglomération,Hors intersection,Normale,Autre collision,,,,,,,,,,,1,2,1,1,6
200700062726,0007-10-09 14:58:00,7,10,9,14,58,210,231,"4, SAINT BENIGNE (PLACE)",,,Plein jour,En agglomération,Place,Normale,Autre collision,,,,,,,,,,,1,2,7,1,6
200700062727,0007-10-09 17:28:00,7,10,9,17,28,210,355,"26, DIJON (DE) (ROUTE)",,,Plein jour,En agglomération,Intersection en T,Normale,Deux véhicules - côté,,,,,,,,,,,1,2,3,1,3
200700062728,0007-10-10 08:15:00,7,10,10,8,15,210,231,VICTOR HUGO (AVENUE),,,Crépuscule ou aube,En agglomération,Intersection en T,Pluie forte,Deux véhicules - côté,,,,,,,,,,,2,2,3,3,3
200700062729,0007-10-10 09:44:00,7,10,10,9,44,210,231,"16, DRAPEAU (DU) (AVENUE",,,Plein jour,En agglomération,Hors intersection,Pluie légère,Deux véhicules - côté,,,,,,,,,,,1,2,1,2,3
200700062730,0007-10-10 10:47:00,7,10,10,10,47,210,166,"8 bis, PAUL LANGEVIN (RU",,,Plein jour,En agglomération,Hors intersection,Normale,Deux véhicules - frontale,,,,,,,,,,,1,2,1,1,1
200700062731,0007-10-11 10:09:00,7,10,11,10,9,210,231,DALLAS (DE) (AVENUE),,,Plein jour,En agglomération,Intersection en X,Normale,Deux véhicules - côté,,,,,,,,,,,1,2,2,1,3
200700062732,0007-10-11 12:48:00,7,10,11,12,48,210,231,PARMENTIER (RUE),,,Plein jour,En agglomération,Intersection en T,Normale,Deux véhicules - côté,,,,,,,,,,,1,2,3,1,3