accident_id,datetime,annee,mois,jour,heure,minute,departement,commune_insee,adresse,latitude,longitude,luminosite,agglomeration,intersection,meteo,collision,nb_vehicules,nb_usagers,nb_indemnes,nb_tues,nb_blesses_hosp,nb_blesses_legers,age_cond_1,age_cond_2,veh_type_cond_1,veh_type_cond_2,lum_code,agg_code,int_code,atm_code,col_code
200700062993,0007-10-23 13:00:00,7,10,23,13,0,310,69,"56, GRENADE (ROUTE DE)",,,Plein jour,En agglomération,Intersection en X,Normale,Deux véhicules - côté,,,,,,,,,,,1,2,2,1,3
200700062994,0007-10-29 15:00:00,7,10,29,15,0,310,69,"22, MONTAIGNE (RUE)",,,Plein jour,En agglomération,Hors intersection,Pluie légère,Deux véhicules - côté,,,,,,,,,,,1,2,1,2,3
200700062995,0007-10-02 17:05:00,7,10,2,17,5,310,149,"999, VIGNY (RUE ALFRED D",,,Plein jour,En agglomération,Hors intersection,Normale,Autre collision,,,,,,,,,,,1,2,1,1,6
200700062996,0007-10-13 15:20:00,7,10,13,15,20,310,149,"999, BOULEVARD VICTOR HU",,,Plein jour,En agglomération,Hors intersection,Normale,Deux véhicules - arrière,,,,,,,,,,,1,2,1,1,2
200700062997,0007-10-18 04:00:00,7,10,18,4,0,310,149,"999, SALVETAT (CHEMIN DE",,,Nuit avec éclairage allumé,En agglomération,Hors intersection,Normale,Sans collision,,,,,,,,,,,5,2,1,1,7
200700062998,0007-10-23 08:17:00,7,10,23,8,17,310,149,"9, PIBRAC (ROUTE DE)",,,Plein jour,En agglomération,Hors intersection,Normale,Autre collision,,,,,,,,,,,1,2,1,1,6
200700062999,0007-10-26 12:10:00,7,10,26,12,10,310,149,"999, GILET (RUE)",,,Plein jour,En agglomération,Intersection en T,Normale,Deux véhicules - côté,,,,,,,,,,,1,2,3,1,3
200700063000,0007-10-08 17:35:00,7,10,8,17,35,310,483,"D39, ARRIEU ANSELME (AVE",,,Plein jour,En agglomération,Intersection en T,Normale,Deux véhicules - côté,,,,,,,,,,,1,2,3,1,3
200700063001,0007-10-17 14:30:00,7,10,17,14,30,310,483,"0, LECLERC (RUE DU GENER",,,Plein jour,En agglomération,Hors intersection,Normale,Deux véhicules - arrière,,,,,,,,,,,1,2,1,1,2
200700063002,0007-10-01 11:14:00,7,10,1,11,14,310,555,"6, RUE DES SAULES",,,Plein jour,En agglomération,Hors intersection,Normale,Deux véhicules - côté,,,,,,,,,,,1,2,1,1,3
200700063003,0007-10-01 14:25:00,7,10,1,14,25,310,555,"26, RUE DES FRERES LION",,,Plein jour,En agglomération,Hors intersection,Normale,Autre collision,,,,,,,,,,,1,2,1,1,6
200700063004,0007-10-02 08:40:00,7,10,2,8,40,310,555,"288, AV DE FRONTON",,,Plein jour,En agglomération,Hors intersection,Normale,Deux véhicules - arrière,,,,,,,,,,,1,2,1,1,2
200700063005,0007-10-02 18:30:00,7,10,2,18,30,310,555,"999, RUE JEAN JACQUES BE",,,Plein jour,En agglomération,Intersection en T,Normale,Deux véhicules - côté,,,,,,,,,,,1,2,3,1,3
200700063006,0007-10-02 18:45:00,7,10,2,18,45,310,555,VA007418 PONT JUMEAUX A6,,,Plein jour,Hors agglomération,Hors intersection,Normale,Deux véhicules - arrière,,,,,,,,,,,1,1,1,1,2
200700063007,0007-10-03 03:25:00,7,10,3,3,25,310,555,"999, RUE ANDRE CHAMSON",,,Nuit avec éclairage allumé,En agglomération,Hors intersection,Normale,Deux véhicules - côté,,,,,,,,,,,5,2,1,1,3
200700063008,0007-10-03 17:35:00,7,10,3,17,35,310,555,"39, AV DE CASTRES",,,Plein jour,En agglomération,Hors intersection,Normale,Deux véhicules - côté,,,,,,,,,,,1,2,1,1,3
200700063009,0007-10-04 11:00:00,7,10,4,11,0,310,555,"316, RTE DE BAYONNE",,,Plein jour,En agglomération,Hors intersection,Normale,Autre collision,,,,,,,,,,,1,2,1,1,6
200700063010,0007-10-04 17:30:00,7,10,4,17,30,310,555,VA007333 LA FAOURETTE A6,,,Plein jour,Hors agglomération,Hors intersection,Normale,Autre collision,,,,,,,,,,,1,1,1,1,6
200700063011,0007-10-04 23:25:00,7,10,4,23,25,310,555,"7 BIS, RTE DE SEYSSES",,,Nuit avec éclairage allumé,En agglomération,Hors intersection,Normale,Autre collision,,,,,,,,,,,5,2,1,1,6
200700063012,0007-10-05 19:00:00,7,10,5,19,0,310,555,"999, RUE VELASQUEZ",,,Plein jour,En agglomération,Hors intersection,Normale,Autre collision,,,,,,,,,,,1,2,1,1,6
200700063013,0007-10-05 09:00:00,7,10,5,9,0,310,555,VA007355 PURPAN A620 Sor,,,Plein jour,Hors agglomération,Hors intersection,Normale,Trois véhicules et plus - collisions multiples,,,,,,,,,,,1,1,1,1,5
200700063014,0007-10-05 10:15:00,7,10,5,10,15,310,555,"999, BD SILVIO TRENTIN",,,Plein jour,En agglomération,Intersection en X,Pluie légère,Deux véhicules - frontale,,,,,,,,,,,1,2,2,2,1
200700063015,0007-10-05 11:55:00,7,10,5,11,55,310,555,"71, RUE ARISTIDE MAILLOL",,,Plein jour,En agglomération,Hors intersection,Temps couvert,Autre collision,,,,,,,,,,,1,2,1,8,6
200700063016,0007-10-05 12:15:00,7,10,5,12,15,310,555,VA007440 LES MINIMES A62,,,Plein jour,Hors agglomération,Hors intersection,Normale,Deux véhicules - arrière,,,,,,,,,,,1,1,1,1,2
200700063017,0007-10-05 14:00:00,7,10,5,14,0,310,555,"26, ALL JULES GUESDE",,,Plein jour,En agglomération,Hors intersection,Normale,Trois véhicules et plus - en chaîne,,,,,,,,,,,1,2,1,1,4
200700063018,0007-10-05 16:30:00,7,10,5,16,30,310,555,"999, BD LAZARE CARNOT",,,Plein jour,En agglomération,Hors intersection,Normale,Deux véhicules - côté,,,,,,,,,,,1,2,1,1,3
200700063019,0007-10-05 18:20:00,7,10,5,18,20,310,555,"999, RUE DU POLE",,,Plein jour,Hors agglomération,Hors intersection,Normale,Deux véhicules - frontale,,,,,,,,,,,1,1,1,1,1
200700063020,0007-10-06 06:20:00,7,10,6,6,20,310,555,"31 bis, RUE SAINT ROCH",,,Nuit avec éclairage allumé,En agglomération,Hors intersection,Normale,Autre collision,,,,,,,,,,,5,2,1,1,6
200700063021,0007-10-06 16:55:00,7,10,6,16,55,310,555,VA007440 LES MINIMES A62,,,Plein jour,Hors agglomération,Hors intersection,Temps couvert,Autre collision,,,,,,,,,,,1,1,1,8,6
200700063022,0007-10-06 19:20:00,7,10,6,19,20,310,555,"999, RUE DE REMUSAT",,,Crépuscule ou aube,En agglomération,Hors intersection,Normale,Autre collision,,,,,,,,,,,2,2,1,1,6
200700063023,0007-10-06 19:30:00,7,10,6,19,30,310,555,"999, AV D ATLANTA",,,Crépuscule ou aube,En agglomération,Hors intersection,Normale,Autre collision,,,,,,,,,,,2,2,1,1,6
200700063024,0007-10-07 05:10:00,7,10,7,5,10,310,555,"30, RTE DE LABEGE",,,Nuit avec éclairage allumé,En agglomération,Hors intersection,Pluie forte,Autre collision,,,,,,,,,,,5,2,1,3,6
200700063025,0007-10-07 09:10:00,7,10,7,9,10,310,149,ECHANGEUR ST MARTIN (A62,,,Plein jour,Hors agglomération,Hors intersection,Temps couvert,Deux véhicules - arrière,,,,,,,,,,,1,1,1,8,2
200700063026,0007-10-07 09:25:00,7,10,7,9,25,310,149,ECHANGEUR ST MARTIN (A62,,,Plein jour,Hors agglomération,Hors intersection,Pluie légère,Autre collision,,,,,,,,,,,1,1,1,2,6
200700063027,0007-10-07 06:05:00,7,10,7,6,5,310,555,"4, BD DE BONREPOS",,,Nuit avec éclairage allumé,En agglomération,Hors intersection,Pluie légère,Autre collision,,,,,,,,,,,5,2,1,2,6
200700063028,0007-10-08 20:25:00,7,10,8,20,25,310,555,"999, AV JEAN RIEUX",,,Nuit avec éclairage allumé,En agglomération,Intersection en T,Pluie légère,Deux véhicules - côté,,,,,,,,,,,5,2,3,2,3
200700063029,0007-10-08 13:30:00,7,10,8,13,30,310,555,"118, RTE DE NARBONNE",,,Plein jour,En agglomération,Hors intersection,Pluie légère,Autre collision,,,,,,,,,,,1,2,1,2,6
200700063030,0007-10-08 15:40:00,7,10,8,15,40,310,555,"120, AV DE MURET",,,Plein jour,En agglomération,Hors intersection,Pluie légère,Autre collision,,,,,,,,,,,1,2,1,2,6
200700063031,0007-10-08 17:20:00,7,10,8,17,20,310,555,", PONT SAINT PIERRE",,,Plein jour,En agglomération,Hors intersection,Pluie légère,Deux véhicules - arrière,,,,,,,,,,,1,2,1,2,2
200700063032,0007-10-08 17:25:00,7,10,8,17,25,310,555,VA007342 LA CEPIERE  A62,,,Plein jour,Hors agglomération,Hors intersection,Pluie légère,Autre collision,,,,,,,,,,,1,1,1,2,6
200700063033,0007-10-08 18:15:00,7,10,8,18,15,310,555,"72, AV DE GRANDE BRETAGN",,,Plein jour,En agglomération,Hors intersection,Pluie légère,Deux véhicules - côté,,,,,,,,,,,1,2,1,2,3
200700063034,0007-10-08 18:10:00,7,10,8,18,10,310,555,"153 BIS, AV DE LARDENNE",,,Plein jour,En agglomération,Hors intersection,Pluie légère,Deux véhicules - côté,,,,,,,,,,,1,2,1,2,3
200700063035,0007-10-09 12:45:00,7,10,9,12,45,310,555,"999, RTE DE REVEL",,,Plein jour,En agglomération,Hors intersection,Normale,Autre collision,,,,,,,,,,,1,2,1,1,6
200700063036,0007-10-09 13:50:00,7,10,9,13,50,310,555,"10., BD DES RECOLLETS",,,Plein jour,En agglomération,Hors intersection,Normale,Deux véhicules - côté,,,,,,,,,,,1,2,1,1,3
200700063037,0007-10-09 17:40:00,7,10,9,17,40,310,555,"999, AV DE GRANDE BRETAG",,,Plein jour,En agglomération,Intersection en X,Normale,Deux véhicules - côté,,,,,,,,,,,1,2,2,1,3
200700063038,0007-10-06 18:20:00,7,10,6,18,20,310,555,"999, BD PIERRE SEMARD",,,Plein jour,En agglomération,Hors intersection,Normale,Autre collision,,,,,,,,,,,1,2,1,1,6
200700063039,0007-10-10 09:45:00,7,10,10,9,45,310,555,"999, BD DE STRASBOURG",,,Plein jour,En agglomération,Hors intersection,Pluie légère,Deux véhicules - arrière,,,,,,,,,,,1,2,1,2,2
200700063040,0007-10-10 17:00:00,7,10,10,17,0,310,555,"999, PONT SAINT MICHEL",,,Plein jour,En agglomération,Hors intersection,Normale,Deux véhicules - arrière,,,,,,,,,,,1,2,1,1,2
200700063041,0007-10-11 07:52:00,7,10,11,7,52,310,555,"5, CHE CASSAING",,,Plein jour,En agglomération,Hors intersection,Normale,Autre collision,,,,,,,,,,,1,2,1,1,6
200700063042,0007-10-11 12:25:00,7,10,11,12,25,310,555,"999, AV DU GENERAL EISEN",,,Plein jour,En agglomération,Hors intersection,Normale,Deux véhicules - arrière,,,,,,,,,,,1,2,1,1,2
200700063043,0007-10-11 17:40:00,7,10,11,17,40,310,555,"25, RUE DU LANGUEDOC",,,Plein jour,En agglomération,Hors intersection,Normale,Autre collision,,,,,,,,,,,1,2,1,1,6
200700063044,0007-10-11 17:41:00,7,10,11,17,41,310,555,"16, RUE DE SEBASTOPOL",,,Plein jour,En agglomération,Intersection en T,Normale,Autre collision,,,,,,,,,,,1,2,3,1,6
200700063045,0007-10-11 20:40:00,7,10,11,20,40,310,555,VA007644 EMPALOT A620 So,,,Nuit avec éclairage allumé,Hors agglomération,Hors intersection,Normale,Autre collision,,,,,,,,,,,5,1,1,1,6
200700063046,0007-10-12 02:15:00,7,10,12,2,15,310,555,"134, RUE DU FAUBOURG BON",,,Nuit avec éclairage allumé,En agglomération,Hors intersection,Normale,Autre collision,,,,,,,,,,,5,2,1,1,6
200700063047,0007-10-12 19:10:00,7,10,12,19,10,310,555,"999, RUE THEODORE OZENNE",,,Plein jour,En agglomération,Hors intersection,Normale,Deux véhicules - côté,,,,,,,,,,,1,2,1,1,3
200700063048,0007-10-12 16:20:00,7,10,12,16,20,310,555,"224, AV DES ETATS UNIS",,,Plein jour,En agglomération,Hors intersection,Normale,Deux véhicules - côté,,,,,,,,,,,1,2,1,1,3
200700063049,0007-10-12 18:10:00,7,10,12,18,10,310,555,"999, BD GABRIEL KOENIGS",,,Plein jour,En agglomération,Hors intersection,Normale,Autre collision,,,,,,,,,,,1,2,1,1,6
200700063050,0007-10-12 20:10:00,7,10,12,20,10,310,555,"999, PONT PIERRE DE COUB",,,Nuit avec éclairage allumé,En agglomération,Hors intersection,Normale,Deux véhicules - côté,,,,,,,,,,,5,2,1,1,3
200700063051,0007-10-16 18:45:00,7,10,16,18,45,310,555,"999, RTE DE SEYSSES",,,Crépuscule ou aube,En agglomération,Hors intersection,Normale,Trois véhicules et plus - collisions multiples,,,,,,,,,,,2,2,1,1,5
200700063052,0007-10-13 23:45:00,7,10,13,23,45,310,555,"44, PORT SAINT SAUVEUR",,,Nuit avec éclairage allumé,En agglomération,Hors intersection,Normale,Autre collision,,,,,,,,,,,5,2,1,1,6
200700063053,0007-10-14 06:50:00,7,10,14,6,50,310,555,"135, RUE DU FAUBOURG BON",,,Nuit avec éclairage allumé,Hors agglomération,Intersection en T,Normale,Deux véhicules - côté,,,,,,,,,,,5,1,3,1,3
200700063054,0007-10-14 17:43:00,7,10,14,17,43,310,555,VA007333 LA FAOURETTE A6,,,Plein jour,Hors agglomération,Hors intersection,Normale,Autre collision,,,,,,,,,,,1,1,1,1,6
200700063055,0007-10-15 14:15:00,7,10,15,14,15,310,555,VA007418 PONT JUMEAUX A6,,,Plein jour,Hors agglomération,Hors intersection,Normale,Deux véhicules - arrière,,,,,,,,,,,1,1,1,1,2
200700063056,0007-10-15 15:05:00,7,10,15,15,5,310,555,VA007418 PONT JUMEAUX A6,,,Plein jour,Hors agglomération,Hors intersection,Normale,Trois véhicules et plus - collisions multiples,,,,,,,,,,,1,1,1,1,5
200700063057,0007-10-15 17:40:00,7,10,15,17,40,310,555,CHE VIREBENT,,,Plein jour,En agglomération,Hors intersection,Normale,Trois véhicules et plus - en chaîne,,,,,,,,,,,1,2,1,1,4
200700063058,0007-10-15 19:55:00,7,10,15,19,55,310,555,VA001490 A621,,,Nuit avec éclairage allumé,Hors agglomération,Hors intersection,Normale,Autre collision,,,,,,,,,,,5,1,1,1,6
200700063059,0007-10-15 20:55:00,7,10,15,20,55,310,555,"999, RTE DE LAUNAGUET",,,Nuit avec éclairage allumé,En agglomération,Hors intersection,Normale,Autre collision,,,,,,,,,,,5,2,1,1,6
200700063060,0007-10-16 08:15:00,7,10,16,8,15,310,555,"999, CHE DE TUCAUT",,,Crépuscule ou aube,En agglomération,Hors intersection,Normale,Deux véhicules - côté,,,,,,,,,,,2,2,1,1,3
200700063061,0007-10-16 08:30:00,7,10,16,8,30,310,555,"224, AV DE LARDENNE",,,Plein jour,En agglomération,Hors intersection,Normale,Autre collision,,,,,,,,,,,1,2,1,1,6
200700063062,0007-10-16 12:05:00,7,10,16,12,5,310,555,"35, RUE BOULBONNE",,,Plein jour,En agglomération,Hors intersection,Normale,Autre collision,,,,,,,,,,,1,2,1,1,6
200700063063,0007-10-16 18:05:00,7,10,16,18,5,310,555,"999, ALL MARC SAINT SAEN",,,Plein jour,En agglomération,Hors intersection,Normale,Deux véhicules - côté,,,,,,,,,,,1,2,1,1,3
200700063064,0007-10-17 13:15:00,7,10,17,13,15,310,555,"999, RTE DE LAUNAGUET",,,Plein jour,En agglomération,Hors intersection,Normale,Autre collision,,,,,,,,,,,1,2,1,1,6
200700063065,0007-10-17 13:05:00,7,10,17,13,5,310,555,"999, IMP DE CANDIE",,,Plein jour,En agglomération,Intersection en T,Normale,Deux véhicules - côté,,,,,,,,,,,1,2,3,1,3
200700063066,0007-10-17 18:50:00,7,10,17,18,50,310,555,"999, RUE LOUIS MARC DEMO",,,Plein jour,En agglomération,Intersection en T,Normale,Deux véhicules - côté,,,,,,,,,,,1,2,3,1,3
200700063067,0007-10-17 16:45:00,7,10,17,16,45,310,555,"255, RTE DE SEYSSES",,,Plein jour,En agglomération,Hors intersection,Normale,Deux véhicules - côté,,,,,,,,,,,1,2,1,1,3
200700063068,0007-10-18 07:55:00,7,10,18,7,55,310,555,"158, BD DE SUISSE",,,Crépuscule ou aube,En agglomération,Hors intersection,Normale,Deux véhicules - frontale,,,,,,,,,,,2,2,1,1,1
200700063069,0007-10-12 11:50:00,7,10,12,11,50,310,555,"999, AV D ATLANTA",,,Plein jour,En agglomération,Hors intersection,Normale,Deux véhicules - frontale,,,,,,,,,,,1,2,1,1,1
200700063070,0007-10-19 10:00:00,7,10,19,10,0,310,555,"82, RUE MATABIAU",,,Plein jour,En agglomération,Hors intersection,Normale,Autre collision,,,,,,,,,,,1,2,1,1,6
200700063071,0007-10-19 11:40:00,7,10,19,11,40,310,555,"265, RTE DE SEYSSES",,,Plein jour,En agglomération,Hors intersection,Normale,Autre collision,,,,,,,,,,,1,2,1,1,6
200700063072,0007-10-19 14:20:00,7,10,19,14,20,310,555,"163, BD DES MINIMES",,,Plein jour,En agglomération,Hors intersection,Normale,Autre collision,,,,,,,,,,,1,2,1,1,6
200700063073,0007-10-19 22:05:00,7,10,19,22,5,310,555,"116, AV JEAN CHAUBET",,,Nuit avec éclairage allumé,En agglomération,Hors intersection,Normale,Deux véhicules - côté,,,,,,,,,,,5,2,1,1,3
200700063074,0007-10-20 18:00:00,7,10,20,18,0,310,555,"19, ALL JEAN JAURES",,,Plein jour,En agglomération,Hors intersection,Normale,Autre collision,,,,,,,,,,,1,2,1,1,6
200700063075,0007-10-20 16:25:00,7,10,20,16,25,310,555,"999, BD LASCROSSES",,,Plein jour,En agglomération,Hors intersection,Normale,Deux véhicules - arrière,,,,,,,,,,,1,2,1,1,2
200700063076,0007-10-21 20:37:00,7,10,21,20,37,310,555,"73, RTE DE NARBONNE",,,Nuit avec éclairage allumé,En agglomération,Hors intersection,Normale,Autre collision,,,,,,,,,,,5,2,1,1,6
200700063077,0007-10-22 07:50:00,7,10,22,7,50,310,555,VA007622 RANGUEIL A620 S,,,Crépuscule ou aube,Hors agglomération,Hors intersection,Normale,Trois véhicules et plus - collisions multiples,,,,,,,,,,,2,1,1,1,5
200700063078,0007-10-22 13:46:00,7,10,22,13,46,310,555,"999, RTE D ESPAGNE",,,Plein jour,En agglomération,Hors intersection,Normale,Autre collision,,,,,,,,,,,1,2,1,1,6
200700063079,0007-10-22 11:25:00,7,10,22,11,25,310,555,"20bis, AV ANTOINE DE ST",,,Plein jour,En agglomération,Hors intersection,Normale,Deux véhicules - arrière,,,,,,,,,,,1,2,1,1,2
200700063080,0007-10-22 17:10:00,7,10,22,17,10,310,555,"999, BD DES RECOLLETS",,,Plein jour,En agglomération,Intersection en X,Normale,Trois véhicules et plus - en chaîne,,,,,,,,,,,1,2,2,1,4
200700063081,0007-10-23 00:40:00,7,10,23,0,40,310,555,"999, CHE DES IZARDS",,,Nuit avec éclairage allumé,En agglomération,Hors intersection,Normale,Autre collision,,,,,,,,,,,5,2,1,1,6
200700063082,0007-10-21 07:50:00,7,10,21,7,50,310,555,"221, AV DE LARDENNE",,,Crépuscule ou aube,En agglomération,Hors intersection,Normale,Deux véhicules - côté,,,,,,,,,,,2,2,1,1,3
200700063083,0007-10-23 07:30:00,7,10,23,7,30,310,555,"999, ROND POINT DE LA CA",,,Nuit avec éclairage allumé,En agglomération,Hors intersection,Normale,Autre collision,,,,,,,,,,,5,2,1,1,6
200700063084,0007-10-23 18:20:00,7,10,23,18,20,310,555,"85, BD DEODAT DE SEVERAC",,,Plein jour,En agglomération,Hors intersection,Normale,Trois véhicules et plus - en chaîne,,,,,,,,,,,1,2,1,1,4
200700063085,0007-10-23 08:20:00,7,10,23,8,20,310,555,"999, RTE DE SAINT SIMON",,,Plein jour,En agglomération,Hors intersection,Normale,Deux véhicules - côté,,,,,,,,,,,1,2,1,1,3
200700063086,0007-10-23 11:10:00,7,10,23,11,10,310,555,"999, AV DE LAVAUR",,,Plein jour,En agglomération,Hors intersection,Normale,Deux véhicules - côté,,,,,,,,,,,1,2,1,1,3
200700063087,0007-10-23 14:10:00,7,10,23,14,10,310,555,VA007553 A61,,,Plein jour,Hors agglomération,Hors intersection,Normale,Autre collision,,,,,,,,,,,1,1,1,1,6
200700063088,0007-10-23 16:30:00,7,10,23,16,30,310,555,VA007553 A61,,,Plein jour,Hors agglomération,Hors intersection,Normale,Autre collision,,,,,,,,,,,1,1,1,1,6
200700063089,0007-10-24 08:40:00,7,10,24,8,40,310,555,VA007386 Fil d'Ariane A6,,,Plein jour,Hors agglomération,Hors intersection,Normale,Deux véhicules - côté,,,,,,,,,,,1,1,1,1,3
200700063090,0007-10-24 12:20:00,7,10,24,12,20,310,555,"28, RUE MATABIAU",,,Plein jour,En agglomération,Hors intersection,Normale,Deux véhicules - côté,,,,,,,,,,,1,2,1,1,3
200700063091,0007-10-24 12:20:00,7,10,24,12,20,310,69,FIL D'ARIANE (RD902),,,Plein jour,Hors agglomération,Hors intersection,Normale,Deux véhicules - arrière,,,,,,,,,,,1,1,1,1,2
200700063092,0007-10-24 12:35:00,7,10,24,12,35,310,555,"12, AV DE LYON",,,Plein jour,En agglomération,Hors intersection,Normale,Autre collision,,,,,,,,,,,1,2,1,1,6
200700063093,0007-10-24 12:30:00,7,10,24,12,30,310,555,"999, ALL DES DEMOISELLES",,,Plein jour,En agglomération,Intersection en Y,Normale,Deux véhicules - côté,,,,,,,,,,,1,2,4,1,3
200700063094,0007-10-24 15:58:00,7,10,24,15,58,310,555,VA007553 A61,,,Plein jour,Hors agglomération,Hors intersection,Normale,Trois véhicules et plus - collisions multiples,,,,,,,,,,,1,1,1,1,5
200700063095,0007-10-24 16:45:00,7,10,24,16,45,310,555,"999, RTE D ESPAGNE",,,Plein jour,En agglomération,Hors intersection,Normale,Deux véhicules - arrière,,,,,,,,,,,1,2,1,1,2
200700063096,0007-10-25 01:25:00,7,10,25,1,25,310,555,"63, GRANDE RUE SAINT MIC",,,Nuit avec éclairage allumé,En agglomération,Hors intersection,Normale,Autre collision,,,,,,,,,,,5,2,1,1,6
200700063097,0007-10-26 03:20:00,7,10,26,3,20,310,555,"354, AV DE FRONTON",,,Nuit avec éclairage allumé,En agglomération,Giratoire,Normale,Autre collision,,,,,,,,,,,5,2,6,1,6
200700063098,0007-10-25 10:50:00,7,10,25,10,50,310,555,"999, CHEMINEMENT HENRI B",,,Plein jour,En agglomération,Intersection en T,Normale,Autre collision,,,,,,,,,,,1,2,3,1,6
200700063099,0007-10-25 18:10:00,7,10,25,18,10,310,555,"52, RUE D ALSACE LORRAIN",,,Plein jour,En agglomération,Hors intersection,Normale,Autre collision,,,,,,,,,,,1,2,1,1,6
200700063100,0007-10-26 02:40:00,7,10,26,2,40,310,555,"62, ALL DES DEMOISELLES",,,Nuit avec éclairage allumé,En agglomération,Hors intersection,Normale,Autre collision,,,,,,,,,,,5,2,1,1,6
200700063101,0007-10-28 04:00:00,7,10,28,4,0,310,555,"97, RTE DE LABEGE",,,Nuit avec éclairage allumé,En agglomération,Hors intersection,Normale,Autre collision,,,,,,,,,,,5,2,1,1,6
200700063102,0007-10-26 16:45:00,7,10,26,16,45,310,555,VA001490 A621,,,Plein jour,Hors agglomération,Hors intersection,Normale,Autre collision,,,,,,,,,,,1,1,1,1,6
200700063103,0007-10-26 18:20:00,7,10,26,18,20,310,555,"175, RTE DE LAUNAGUET",,,Plein jour,En agglomération,Hors intersection,Normale,Autre collision,,,,,,,,,,,1,2,1,1,6
200700063104,0007-10-26 21:10:00,7,10,26,21,10,310,555,"999, AV DE CASTRES",,,Nuit avec éclairage allumé,En agglomération,Hors intersection,Normale,Deux véhicules - frontale,,,,,,,,,,,5,2,1,1,1
200700063105,0007-10-26 17:00:00,7,10,26,17,0,310,555,"353, AV DES ETATS UNIS",,,Plein jour,En agglomération,Hors intersection,Normale,Deux véhicules - arrière,,,,,,,,,,,1,2,1,1,2
200700063106,0007-10-27 06:30:00,7,10,27,6,30,310,555,"999, RUE MATABIAU",,,Nuit avec éclairage allumé,En agglomération,Hors intersection,Normale,Deux véhicules - frontale,,,,,,,,,,,5,2,1,1,1
200700063107,0007-10-27 06:35:00,7,10,27,6,35,310,555,VA007554 LASBORDES A61 S,,,Nuit avec éclairage allumé,Hors agglomération,Hors intersection,Temps couvert,Autre collision,,,,,,,,,,,5,1,1,8,6
200700063108,0007-10-29 08:15:00,7,10,29,8,15,310,555,"66, BD SILVIO TRENTIN",,,Plein jour,En agglomération,Hors intersection,Normale,Deux véhicules - arrière,,,,,,,,,,,1,2,1,1,2
200700063109,0007-10-27 17:20:00,7,10,27,17,20,310,555,"2, ALL CHARLES DE FITTE",,,Plein jour,En agglomération,Giratoire,Normale,Autre collision,,,,,,,,,,,1,2,6,1,6
200700063110,0007-10-28 13:01:00,7,10,28,13,1,310,555,"80, RTE DE NARBONNE",,,Plein jour,En agglomération,Hors intersection,Normale,Deux véhicules - arrière,,,,,,,,,,,1,2,1,1,2
200700063111,0007-10-30 06:25:00,7,10,30,6,25,310,555,"76 bis, RTE DE NARBONNE",,,Nuit avec éclairage allumé,En agglomération,Hors intersection,Normale,Autre collision,,,,,,,,,,,5,2,1,1,6
200700063112,0007-10-28 17:15:00,7,10,28,17,15,310,555,"999, AV HENRI GUILLAUMET",,,Plein jour,En agglomération,Intersection en T,Normale,Deux véhicules - côté,,,,,,,,,,,1,2,3,1,3
200700063113,0007-10-29 15:40:00,7,10,29,15,40,310,555,"24, BD DE STRASBOURG",,,Plein jour,En agglomération,Hors intersection,Pluie légère,Autre collision,,,,,,,,,,,1,2,1,2,6
200700063114,0007-10-29 17:00:00,7,10,29,17,0,310,555,"999, BD LAZARE CARNOT",,,Plein jour,En agglomération,Hors intersection,Pluie légère,Deux véhicules - frontale,,,,,,,,,,,1,2,1,2,1
200700063115,0007-10-29 18:15:00,7,10,29,18,15,310,555,"19, BD DE LA GARE",,,Nuit avec éclairage allumé,En agglomération,Hors intersection,Pluie légère,Autre collision,,,,,,,,,,,5,2,1,2,6
200700063116,0007-10-29 20:55:00,7,10,29,20,55,310,555,"9, CHE RAYNAL",,,Nuit avec éclairage allumé,En agglomération,Hors intersection,Normale,Autre collision,,,,,,,,,,,5,2,1,1,6
200700063117,0007-10-29 12:55:00,7,10,29,12,55,310,555,"69, AV JULES JULIEN",,,Plein jour,En agglomération,Hors intersection,Normale,Deux véhicules - arrière,,,,,,,,,,,1,2,1,1,2
200700063118,0007-10-30 10:00:00,7,10,30,10,0,310,555,"999, R-PT LOUIS IZAR",,,Plein jour,En agglomération,Giratoire,Normale,Deux véhicules - arrière,,,,,,,,,,,1,2,6,1,2
200700063119,0007-10-30 12:00:00,7,10,30,12,0,310,555,"999, RTE DE SAINT SIMON",,,Plein jour,En agglomération,Hors intersection,Normale,Deux véhicules - arrière,,,,,,,,,,,1,2,1,1,2
200700063120,0007-10-30 15:25:00,7,10,30,15,25,310,555,"95, RTE DE BLAGNAC",,,Plein jour,En agglomération,Hors intersection,Temps couvert,Deux véhicules - arrière,,,,,,,,,,,1,2,1,8,2
200700063121,0007-10-30 16:30:00,7,10,30,16,30,310,555,"4, IMP MADER",,,Plein jour,En agglomération,Hors intersection,Normale,Autre collision,,,,,,,,,,,1,2,1,1,6
200700063122,0007-10-30 18:40:00,7,10,30,18,40,310,555,"999, PONT DES CATALANS",,,Nuit avec éclairage allumé,En agglomération,Hors intersection,Pluie forte,Deux véhicules - arrière,,,,,,,,,,,5,2,1,3,2
200700063123,0007-10-30 18:55:00,7,10,30,18,55,310,555,"7, ALL DE BRIENNE",,,Nuit avec éclairage allumé,En agglomération,Hors intersection,Pluie forte,Autre collision,,,,,,,,,,,5,2,1,3,6