accident_id,datetime,annee,mois,jour,heure,minute,departement,commune_insee,adresse,latitude,longitude,luminosite,agglomeration,intersection,meteo,collision,nb_vehicules,nb_usagers,nb_indemnes,nb_tues,nb_blesses_hosp,nb_blesses_legers,age_cond_1,age_cond_2,veh_type_cond_1,veh_type_cond_2,lum_code,agg_code,int_code,atm_code,col_code
200700063259,0007-10-30 11:15:00,7,10,30,11,15,330,63,"19, BD GODARD",,,Plein jour,En agglomération,Hors intersection,Normale,Autre collision,,,,,,,,,,,1,2,1,1,6
200700063260,0007-10-30 10:55:00,7,10,30,10,55,330,63,RUE DE LA BENAUGE,,,Plein jour,En agglomération,Intersection en T,Normale,Autre collision,,,,,,,,,,,1,2,3,1,6
200700063261,0007-10-24 13:17:00,7,10,24,13,17,330,192,RUE NAUDET,,,Plein jour,En agglomération,Hors intersection,Normale,Autre collision,,,,,,,,,,,1,2,1,1,6
200700063262,0007-10-27 18:30:00,7,10,27,18,30,330,281,RUE PABLO CASALS,,,Plein jour,En agglomération,Intersection en T,Normale,Deux véhicules - côté,,,,,,,,,,,1,2,3,1,3
200700063263,0007-10-25 08:45:00,7,10,25,8,45,330,63,BD ALFRED DANEY,,,Plein jour,En agglomération,Hors intersection,Normale,Autre collision,,,,,,,,,,,1,2,1,1,6
200700063264,0007-10-28 17:55:00,7,10,28,17,55,330,281,"70-72, AVE VICTOR HUGO",,,Crépuscule ou aube,En agglomération,Hors intersection,Normale,Autre collision,,,,,,,,,,,2,2,1,1,6
200700063265,0007-10-29 18:45:00,7,10,29,18,45,330,192,CRS DU GENERAL DE GAULLE,,,Nuit avec éclairage allumé,En agglomération,Intersection en T,Normale,Deux véhicules - côté,,,,,,,,,,,5,2,3,1,3
200700063266,0007-10-30 18:45:00,7,10,30,18,45,330,281,ALL PRESIDENT RENE COTY,,,Nuit avec éclairage allumé,En agglomération,Intersection en T,Normale,Deux véhicules - côté,,,,,,,,,,,5,2,3,1,3
200700063267,0007-10-30 17:36:00,7,10,30,17,36,330,192,"329, CRS DU GENERAL DE G",,,Plein jour,En agglomération,Hors intersection,Normale,Deux véhicules - côté,,,,,,,,,,,1,2,1,1,3
200700063268,0007-10-31 13:30:00,7,10,31,13,30,330,69,"66, RUE RIGAL",,,Plein jour,En agglomération,Hors intersection,Normale,Deux véhicules - côté,,,,,,,,,,,1,2,1,1,3
200700063269,0007-10-31 16:55:00,7,10,31,16,55,330,550,RUE JEAN PAGES,,,Plein jour,En agglomération,Hors intersection,Normale,Deux véhicules - côté,,,,,,,,,,,1,2,1,1,3
200700063270,0007-10-13 12:15:00,7,10,13,12,15,330,243,"117, POMPIDOU(AVENUE GEO",,,Plein jour,En agglomération,Hors intersection,Normale,Deux véhicules - arrière,,,,,,,,,,,1,2,1,1,2
200700063271,0007-10-12 16:10:00,7,10,12,16,10,340,3,POMPIDOU (H12 A 14,,,Plein jour,En agglomération,Intersection en X,Normale,Deux véhicules - côté,,,,,,,,,,,1,2,2,1,3
200700063272,0007-10-01 10:30:00,7,10,1,10,30,340,32,ROUTE DE MARAUSSAN (RD.1,,,Plein jour,Hors agglomération,Intersection en X,Pluie légère,Deux véhicules - côté,,,,,,,,,,,1,1,2,2,3
200700063273,0007-10-01 14:05:00,7,10,1,14,5,340,336,MEDITERRANEE (ROND POINT,,,Plein jour,En agglomération,Giratoire,Normale,Deux véhicules - côté,,,,,,,,,,,1,2,6,1,3
200700063274,0007-10-02 07:52:00,7,10,2,7,52,340,32,"NR, FOCH MARECHAL FERDIN",,,Plein jour,En agglomération,Hors intersection,Normale,Autre collision,,,,,,,,,,,1,2,1,1,6
200700063275,0007-10-02 18:05:00,7,10,2,18,5,340,32,"93, MOULIN JEAN (AV)",,,Crépuscule ou aube,En agglomération,Intersection en T,Normale,Sans collision,,,,,,,,,,,2,2,3,1,7
200700063276,0007-10-03 09:00:00,7,10,3,9,0,340,32,ROUTE DEPARTEMENTALE  61,,,Plein jour,Hors agglomération,Hors intersection,Normale,Deux véhicules - côté,,,,,,,,,,,1,1,1,1,3
200700063277,0007-10-03 19:53:00,7,10,3,19,53,340,32,FONT-NEUVE (AV DE LA),,,Nuit avec éclairage allumé,En agglomération,Intersection en T,Normale,Deux véhicules - frontale,,,,,,,,,,,5,2,3,1,1
200700063278,0007-10-04 15:26:00,7,10,4,15,26,340,32,CLEMENCEAU GEORGES (AVEN,,,Plein jour,En agglomération,Hors intersection,Normale,Sans collision,,,,,,,,,,,1,2,1,1,7
200700063279,0007-10-06 12:09:00,7,10,6,12,9,340,32,LECLERC MARECHAL (BD),,,Plein jour,En agglomération,Intersection en X,Normale,Trois véhicules et plus - collisions multiples,,,,,,,,,,,1,2,2,1,5
200700063280,0007-10-07 21:25:00,7,10,7,21,25,340,32,"nr, FOCH MARECHAL FERDIN",,,Nuit avec éclairage allumé,En agglomération,Intersection en X,Normale,Deux véhicules - frontale,,,,,,,,,,,5,2,2,1,1
200700063281,0007-10-08 09:03:00,7,10,8,9,3,340,32,ROUTE DEPARTEMENTALE  61,,,Plein jour,Hors agglomération,Hors intersection,Normale,Deux véhicules - côté,,,,,,,,,,,1,1,1,1,3
200700063282,0007-10-09 12:40:00,7,10,9,12,40,340,32,ROUTE DEPARTEMENTALE  61,,,Plein jour,Hors agglomération,Hors intersection,Normale,Deux véhicules - arrière,,,,,,,,,,,1,1,1,1,2
200700063283,0007-10-10 14:29:00,7,10,10,14,29,340,32,"36B, DIDEROT DENIS (IMP",,,Plein jour,En agglomération,Intersection en X,Normale,Deux véhicules - côté,,,,,,,,,,,1,2,2,1,3
200700063284,0007-10-10 18:51:00,7,10,10,18,51,340,32,RD.14,,,Nuit sans éclairage public,Hors agglomération,Hors intersection,Normale,Deux véhicules - frontale,,,,,,,,,,,3,1,1,1,1
200700063285,0007-10-12 11:28:00,7,10,12,11,28,340,32,"69, CLEMENCEAU GEORGES (",,,Plein jour,En agglomération,Hors intersection,Normale,Sans collision,,,,,,,,,,,1,2,1,1,7
200700063286,0007-10-13 01:35:00,7,10,13,1,35,340,336,MEDITERRANEE (ROND POINT,,,Nuit sans éclairage public,Hors agglomération,Giratoire,Normale,Sans collision,,,,,,,,,,,3,1,6,1,7
200700063287,0007-10-14 02:22:00,7,10,14,2,22,340,32,"NR, CADENAT JULES (BD)",,,Nuit avec éclairage allumé,En agglomération,Hors intersection,Normale,Sans collision,,,,,,,,,,,5,2,1,1,7
200700063288,0007-10-19 09:04:00,7,10,19,9,4,340,32,FRANCE ANATOLE (RUE),,,Plein jour,En agglomération,Intersection en T,Normale,Deux véhicules - côté,,,,,,,,,,,1,2,3,1,3
200700063289,0007-10-19 04:00:00,7,10,19,4,0,340,32,DARDE PAUL (RUE),,,Plein jour,En agglomération,Hors intersection,Normale,Sans collision,,,,,,,,,,,1,2,1,1,7
200700063290,0007-10-19 12:02:00,7,10,19,12,2,340,32,", PASTEUR LOUIS (RUE)",,,Plein jour,En agglomération,Hors intersection,Normale,Sans collision,,,,,,,,,,,1,2,1,1,7
200700063291,0007-10-20 18:05:00,7,10,20,18,5,340,32,"82, RHIN ET DANUBE (AV.)",,,Plein jour,En agglomération,Hors intersection,Normale,Deux véhicules - côté,,,,,,,,,,,1,2,1,1,3
200700063292,0007-10-21 13:00:00,7,10,21,13,0,340,336,BEREGOVOY (AVENUE PIERRE,43.32131,3.45699,Plein jour,En agglomération,Hors intersection,Normale,Deux véhicules - arrière,,,,,,,,,,,1,2,1,1,2
200700063293,0007-10-21 15:00:00,7,10,21,15,0,340,32,ROUTE DE BEDARIEUX (RD.9,,,Plein jour,Hors agglomération,Hors intersection,Normale,Sans collision,,,,,,,,,,,1,1,1,1,7
200700063294,0007-10-22 18:25:00,7,10,22,18,25,340,32,"N.R, FABRE (AV.DU DOCTEU",,,Plein jour,En agglomération,Hors intersection,Normale,Deux véhicules - arrière,,,,,,,,,,,1,2,1,1,2
200700063295,0007-10-23 07:47:00,7,10,23,7,47,340,32,PICARDAN (RUE),,,Plein jour,En agglomération,Intersection en X,Normale,Deux véhicules - côté,,,,,,,,,,,1,2,2,1,3
200700063296,0007-10-26 16:00:00,7,10,26,16,0,340,32,ROUTE DEPARTEMENTALE  61,,,Plein jour,Hors agglomération,Hors intersection,Normale,Sans collision,,,,,,,,,,,1,1,1,1,7
200700063297,0007-10-26 16:40:00,7,10,26,16,40,340,32,", BESSAN (ROUTE DE)",,,Plein jour,Hors agglomération,Hors intersection,Normale,Sans collision,,,,,,,,,,,1,1,1,1,7
200700063298,0007-10-26 18:20:00,7,10,26,18,20,340,32,"15, ESPAGNE (ROUTE D')",,,Plein jour,En agglomération,Hors intersection,Pluie légère,Deux véhicules - frontale,,,,,,,,,,,1,2,1,2,1
200700063299,0007-10-27 16:30:00,7,10,27,16,30,340,32,ROUTE DE BEDARIEUX (RD.9,,,Plein jour,Hors agglomération,Hors intersection,Normale,Sans collision,,,,,,,,,,,1,1,1,1,7
200700063300,0007-10-28 14:10:00,7,10,28,14,10,340,32,"NR, MARNE (AV DE LA)",,,Plein jour,En agglomération,Intersection en T,Normale,Deux véhicules - arrière,,,,,,,,,,,1,2,3,1,2
200700063301,0007-10-29 14:44:00,7,10,29,14,44,340,32,BERARD FREDERIC (RUE),,,Plein jour,En agglomération,Giratoire,Normale,Deux véhicules - côté,,,,,,,,,,,1,2,6,1,3
200700063302,0007-10-29 14:53:00,7,10,29,14,53,340,32,GAUSSELET (CARREFOUR DU),,,Plein jour,En agglomération,Intersection en X,Normale,Deux véhicules - côté,,,,,,,,,,,1,2,2,1,3
200700063303,0007-10-30 17:55:00,7,10,30,17,55,340,32,FOCH MARECHAL FERDINAND,,,Plein jour,En agglomération,Intersection en X,Normale,Deux véhicules - frontale,,,,,,,,,,,1,2,2,1,1
200700063304,0007-10-17 19:06:00,7,10,17,19,6,340,32,"NR, CLEMENCEAU GEORGES (",,,Nuit avec éclairage allumé,En agglomération,Intersection en X,Normale,Deux véhicules - côté,,,,,,,,,,,5,2,2,1,3
200700063305,0007-10-18 08:30:00,7,10,18,8,30,340,32,MISTRAL FREDERIC (BD),,,Plein jour,En agglomération,Intersection en X,Normale,Deux véhicules - côté,,,,,,,,,,,1,2,2,1,3
200700063306,0007-10-01 19:20:00,7,10,1,19,20,340,172,TOULOUSE (AVENUE DE,,,Plein jour,En agglomération,Intersection en X,Temps couvert,Deux véhicules - frontale,,,,,,,,,,,1,2,2,8,1
200700063307,0007-10-02 08:10:00,7,10,2,8,10,340,172,"11, COMTE DE MELGUEIL (R",,,Plein jour,En agglomération,Hors intersection,Normale,Deux véhicules - arrière,,,,,,,,,,,1,2,1,1,2
200700063308,0007-10-02 16:40:00,7,10,2,16,40,340,172,"23, GAMBETTA (COURS)",,,Plein jour,En agglomération,Hors intersection,Normale,Sans collision,,,,,,,,,,,1,2,1,1,7
200700063309,0007-10-04 02:53:00,7,10,4,2,53,340,172,CORUM (TUNNEL DU),,,Nuit avec éclairage allumé,En agglomération,Hors intersection,Pluie forte,Autre collision,,,,,,,,,,,5,2,1,3,6
200700063310,0007-10-04 08:03:00,7,10,4,8,3,340,172,"SANS, CORUM (TUNNEL DU)",,,Plein jour,En agglomération,Hors intersection,Temps couvert,Sans collision,,,,,,,,,,,1,2,1,8,7
200700063311,0007-10-05 07:33:00,7,10,5,7,33,340,172,"sans, LIBERTE (AVENUE DE",43.60911,3.85632,Plein jour,En agglomération,Hors intersection,Pluie légère,Trois véhicules et plus - en chaîne,,,,,,,,,,,1,2,1,2,4
200700063312,0007-10-06 13:10:00,7,10,6,13,10,340,172,"59, JANVIER (RUE GUILLAU",,,Plein jour,En agglomération,Hors intersection,Normale,Deux véhicules - côté,,,,,,,,,,,1,2,1,1,3
200700063313,0007-10-06 17:45:00,7,10,6,17,45,340,172,"3, FLAHAULT (AVENUE CHAR",,,Plein jour,En agglomération,Hors intersection,Normale,Deux véhicules - côté,,,,,,,,,,,1,2,1,1,3
200700063314,0007-10-08 02:20:00,7,10,8,2,20,340,172,CORINTHE (RUE DE),,,Nuit avec éclairage allumé,En agglomération,Hors intersection,Normale,Deux véhicules - arrière,,,,,,,,,,,5,2,1,1,2
200700063315,0007-10-08 09:10:00,7,10,8,9,10,340,172,"628, PIOCH DE BOUTONNET",,,Plein jour,En agglomération,Hors intersection,Normale,Deux véhicules - côté,,,,,,,,,,,1,2,1,1,3
200700063316,0007-10-09 10:00:00,7,10,9,10,0,340,172,"31, CLEMENCEAU (AVENUE G",43.60316,3.87193,Plein jour,En agglomération,Hors intersection,Normale,Autre collision,,,,,,,,,,,1,2,1,1,6
200700063317,0007-10-09 18:15:00,7,10,9,18,15,340,129,"sans, CD21-CD58 (ROND-PO",,,Plein jour,En agglomération,Hors intersection,Normale,Trois véhicules et plus - collisions multiples,,,,,,,,,,,1,2,1,1,5
200700063318,0007-10-08 14:50:00,7,10,8,14,50,340,172,"339, MENDE (ROUTE DE)",,,Plein jour,En agglomération,Hors intersection,Normale,Sans collision,,,,,,,,,,,1,2,1,1,7
200700063319,0007-10-08 17:40:00,7,10,8,17,40,340,172,"sans, BOUISSES (RUE DES)",,,Plein jour,En agglomération,Hors intersection,Normale,Deux véhicules - côté,,,,,,,,,,,1,2,1,1,3
200700063320,0007-10-08 16:20:00,7,10,8,16,20,340,172,"38, DUBOUT (AVENUE ALBER",43.59696,3.88083,Plein jour,En agglomération,Hors intersection,Normale,Trois véhicules et plus - collisions multiples,,,,,,,,,,,1,2,1,1,5
200700063321,0007-10-09 18:30:00,7,10,9,18,30,340,172,"SANS, EUROPE (AVENUE DE",,,Plein jour,En agglomération,Hors intersection,Normale,Deux véhicules - arrière,,,,,,,,,,,1,2,1,1,2
200700063322,0007-10-10 19:45:00,7,10,10,19,45,340,172,"2, HUGO (BOULEVARD VICTO",,,Nuit avec éclairage allumé,En agglomération,Hors intersection,Temps couvert,Autre collision,,,,,,,,,,,5,2,1,8,6
200700063323,0007-10-11 14:05:00,7,10,11,14,5,340,172,"278, ALCO (RUE D'",43.61454,3.84336,Plein jour,En agglomération,Hors intersection,Normale,Deux véhicules - côté,,,,,,,,,,,1,2,1,1,3
200700063324,0007-10-11 19:30:00,7,10,11,19,30,340,172,"sans, GALOT (PLACE MARCE",,,Nuit avec éclairage allumé,En agglomération,Giratoire,Normale,Deux véhicules - arrière,,,,,,,,,,,5,2,6,1,2
200700063325,0007-10-12 07:50:00,7,10,12,7,50,340,172,"80, LODEVE (ROUTE DE)",43.61523,3.82244,Plein jour,En agglomération,Hors intersection,Normale,Deux véhicules - côté,,,,,,,,,,,1,2,1,1,3
200700063326,0007-10-12 20:45:00,7,10,12,20,45,340,172,DELMAS (RUE),,,Nuit avec éclairage allumé,En agglomération,Hors intersection,Normale,Autre collision,,,,,,,,,,,5,2,1,1,6
200700063327,0007-10-12 11:58:00,7,10,12,11,58,340,172,"216, LOUISVILLE (AVENUE",,,Plein jour,En agglomération,Hors intersection,Normale,Autre collision,,,,,,,,,,,1,2,1,1,6
200700063328,0007-10-12 18:40:00,7,10,12,18,40,340,172,"1115, PIC SAINT LOUP (AV",,,Plein jour,En agglomération,Hors intersection,Normale,Deux véhicules - côté,,,,,,,,,,,1,2,1,1,3
200700063329,0007-10-14 21:50:00,7,10,14,21,50,340,172,LIBERTE (AVENUE DE LA,,,Nuit avec éclairage non allumé,En agglomération,Hors intersection,Normale,Autre collision,,,,,,,,,,,4,2,1,1,6
200700063330,0007-10-16 02:15:00,7,10,16,2,15,340,172,"SANS, ORIENT (BOULEVARD",43.60201,3.88529,Nuit avec éclairage allumé,En agglomération,Hors intersection,Normale,Sans collision,,,,,,,,,,,5,2,1,1,7
200700063331,0007-10-16 02:08:00,7,10,16,2,8,340,172,"276, PORTALIERE DES MASQ",,,Nuit avec éclairage allumé,En agglomération,Hors intersection,Normale,Autre collision,,,,,,,,,,,5,2,1,1,6
200700063332,0007-10-11 07:20:00,7,10,11,7,20,340,172,"sans, ALCO (RUE D'",,,Plein jour,En agglomération,Hors intersection,Normale,Deux véhicules - côté,,,,,,,,,,,1,2,1,1,3
200700063333,0007-10-14 19:38:00,7,10,14,19,38,340,172,"sans, ALCO (RUE D'",,,Nuit avec éclairage allumé,En agglomération,Hors intersection,Normale,Deux véhicules - côté,,,,,,,,,,,5,2,1,1,3
200700063334,0007-10-14 19:10:00,7,10,14,19,10,340,172,"sans, BRET (ROND-POINT P",,,Crépuscule ou aube,En agglomération,Hors intersection,Normale,Sans collision,,,,,,,,,,,2,2,1,1,7
200700063335,0007-10-15 15:31:00,7,10,15,15,31,340,172,"sans, LODEVE (AVENUE DE",,,Plein jour,En agglomération,Hors intersection,Normale,Deux véhicules - côté,,,,,,,,,,,1,2,1,1,3
200700063336,0007-10-22 17:24:00,7,10,22,17,24,340,172,"SANS, GRABELS (ROUTE DE)",,,Plein jour,En agglomération,Hors intersection,Normale,Deux véhicules - côté,,,,,,,,,,,1,2,1,1,3
200700063337,0007-10-10 19:51:00,7,10,10,19,51,340,172,"sans, APOTHICAIRES (AVEN",,,Nuit avec éclairage allumé,En agglomération,Hors intersection,Temps couvert,Deux véhicules - côté,,,,,,,,,,,5,2,1,8,3
200700063338,0007-10-18 16:30:00,7,10,18,16,30,340,172,BRUEYS (RUE),,,Plein jour,En agglomération,Intersection en X,Normale,Deux véhicules - côté,,,,,,,,,,,1,2,2,1,3
200700063339,0007-10-19 11:35:00,7,10,19,11,35,340,172,"216, LODEVE (AVENUE DE",,,Plein jour,En agglomération,Hors intersection,Normale,Autre collision,,,,,,,,,,,1,2,1,1,6
200700063340,0007-10-19 15:30:00,7,10,19,15,30,340,172,MONTELS-EGLISE (RUE DE),43.58023,3.8799,Plein jour,En agglomération,Hors intersection,Normale,Deux véhicules - côté,,,,,,,,,,,1,2,1,1,3
200700063341,0007-10-20 08:50:00,7,10,20,8,50,340,172,"3, CASTELNAU (AVENUE DE)",43.61901,3.87934,Plein jour,En agglomération,Hors intersection,Normale,Deux véhicules - côté,,,,,,,,,,,1,2,1,1,3
200700063342,0007-10-20 22:58:00,7,10,20,22,58,340,172,FONTANON (RUE),,,Nuit avec éclairage allumé,En agglomération,Intersection en T,Normale,Sans collision,,,,,,,,,,,5,2,3,1,7
200700063343,0007-10-21 05:30:00,7,10,21,5,30,340,172,"., MER (AVENUE DE LA)",,,Nuit avec éclairage allumé,En agglomération,Hors intersection,Normale,Deux véhicules - arrière,,,,,,,,,,,5,2,1,1,2
200700063344,0007-10-20 13:59:00,7,10,20,13,59,340,172,"SANS, FLAHAULT (AVENUE C",,,Plein jour,En agglomération,Intersection en X,Normale,Deux véhicules - côté,,,,,,,,,,,1,2,2,1,3
200700063345,0007-10-22 03:00:00,7,10,22,3,0,340,172,"626, BOUNIN (RUE JACQUES",43.58884,3.86407,Nuit avec éclairage allumé,En agglomération,Intersection en T,Normale,Autre collision,,,,,,,,,,,5,2,3,1,6
200700063346,0007-10-20 13:30:00,7,10,20,13,30,340,198,"sans, BIR-HAKEIM (AVENUE",,,Plein jour,Hors agglomération,Hors intersection,Normale,Sans collision,,,,,,,,,,,1,1,1,1,7
200700063347,0007-10-23 13:15:00,7,10,23,13,15,340,172,"sans, MOULINS (AVENUE DE",,,Plein jour,En agglomération,Hors intersection,Normale,Deux véhicules - côté,,,,,,,,,,,1,2,1,1,3
200700063348,0007-10-23 09:15:00,7,10,23,9,15,340,172,"sans, ETATS DU LANGUEDOC",,,Plein jour,En agglomération,Hors intersection,Normale,Sans collision,,,,,,,,,,,1,2,1,1,7
200700063349,0007-10-23 09:30:00,7,10,23,9,30,340,172,"sans, BLAYAC (RUE DU PRO",,,Plein jour,En agglomération,Hors intersection,Normale,Deux véhicules - frontale,,,,,,,,,,,1,2,1,1,1
200700063350,0007-10-23 16:10:00,7,10,23,16,10,340,172,"770, MOULARES (CHEMIN DE",,,Plein jour,En agglomération,Intersection en X,Normale,Deux véhicules - frontale,,,,,,,,,,,1,2,2,1,1
200700063351,0007-10-23 21:25:00,7,10,23,21,25,340,172,FLAHAULT (AVENUE CHARLES,,,Nuit avec éclairage allumé,En agglomération,Intersection en X,Normale,Deux véhicules - côté,,,,,,,,,,,5,2,2,1,3
200700063352,0007-10-25 10:40:00,7,10,25,10,40,340,172,"3, BRUEYS (RUE)",,,Plein jour,En agglomération,Hors intersection,Normale,Autre collision,,,,,,,,,,,1,2,1,1,6
200700063353,0007-10-25 14:38:00,7,10,25,14,38,340,172,BRET (ROND POINT PAUL LO,,,Plein jour,En agglomération,Autre intersection,Temps couvert,Trois véhicules et plus - en chaîne,,,,,,,,,,,1,2,9,8,4
200700063354,0007-10-25 17:45:00,7,10,25,17,45,340,172,"98, LODEVE (AVENUE DE",,,Plein jour,En agglomération,Hors intersection,Normale,Deux véhicules - côté,,,,,,,,,,,1,2,1,1,3
200700063355,0007-10-25 19:30:00,7,10,25,19,30,340,172,DEZEUZE (RUE FRANCOIS),,,Nuit avec éclairage allumé,En agglomération,Intersection en X,Normale,Deux véhicules - frontale,,,,,,,,,,,5,2,2,1,1
200700063356,0007-10-26 07:30:00,7,10,26,7,30,340,172,"181, GARE MARCHE",,,Nuit avec éclairage allumé,En agglomération,Autre intersection,Pluie forte,Deux véhicules - côté,,,,,,,,,,,5,2,9,3,3
200700063357,0007-10-27 21:35:00,7,10,27,21,35,340,172,ALIZES (CARREFOUR DES),,,Nuit avec éclairage allumé,En agglomération,Intersection en X,Normale,Trois véhicules et plus - en chaîne,,,,,,,,,,,5,2,2,1,4
200700063358,0007-10-26 10:00:00,7,10,26,10,0,340,172,LIBERTE (AVENUE DE LA,,,Plein jour,En agglomération,Hors intersection,Pluie forte,Autre collision,,,,,,,,,,,1,2,1,3,6
200700063359,0007-10-27 16:20:00,7,10,27,16,20,340,129,"sans, MONTEIL EGLISE (RU",,,Plein jour,En agglomération,Hors intersection,Normale,Sans collision,,,,,,,,,,,1,2,1,1,7
200700063360,0007-10-27 16:45:00,7,10,27,16,45,340,172,"sans, VILLENEUVE-ANGOULE",,,Plein jour,En agglomération,Intersection en X,Normale,Deux véhicules - côté,,,,,,,,,,,1,2,2,1,3
200700063361,0007-10-28 11:15:00,7,10,28,11,15,340,172,"sans, ALIZES (CARREFOUR",,,Plein jour,En agglomération,Intersection à plus de 4 branches,Normale,Deux véhicules - côté,,,,,,,,,,,1,2,5,1,3
200700063362,0007-10-29 16:45:00,7,10,29,16,45,340,172,"sans, LAVERUNE (ROUTE DE",43.59852,3.84168,Crépuscule ou aube,En agglomération,Hors intersection,Normale,Deux véhicules - frontale,,,,,,,,,,,2,2,1,1,1
200700063363,0007-10-26 10:16:00,7,10,26,10,16,340,172,"01, BROUSSONNET (RUE AUG",,,Plein jour,En agglomération,Hors intersection,Pluie légère,Autre collision,,,,,,,,,,,1,2,1,2,6
200700063364,0007-10-30 09:04:00,7,10,30,9,4,340,172,"309, OXFORD (RUE D')",,,Plein jour,En agglomération,Hors intersection,Normale,Sans collision,,,,,,,,,,,1,2,1,1,7
200700063365,0007-10-30 11:00:00,7,10,30,11,0,340,172,"14, BOUSCHET DE BERNARD",,,Plein jour,En agglomération,Hors intersection,Normale,Deux véhicules - côté,,,,,,,,,,,1,2,1,1,3
200700063366,0007-10-31 11:45:00,7,10,31,11,45,340,172,"13, MAGUELONE (RUE DE)",,,Plein jour,En agglomération,Hors intersection,Normale,Autre collision,,,,,,,,,,,1,2,1,1,6
200700063367,0007-10-31 17:20:00,7,10,31,17,20,340,172,PALAVAS (AVENUE DE),,,Plein jour,En agglomération,Intersection en X,Normale,Trois véhicules et plus - collisions multiples,,,,,,,,,,,1,2,2,1,5
200700063368,0007-10-31 17:35:00,7,10,31,17,35,340,172,"697, PAS DU LOUP (RUE DU",,,Plein jour,En agglomération,Hors intersection,Normale,Deux véhicules - côté,,,,,,,,,,,1,2,1,1,3
200700063369,0007-10-07 02:50:00,7,10,7,2,50,340,108,"AUCUN, RD 612",,,Nuit sans éclairage public,Hors agglomération,Hors intersection,Normale,Deux véhicules - arrière,,,,,,,,,,,3,1,1,1,2
200700063370,0007-10-07 13:55:00,7,10,7,13,55,340,301,"9, CORMORANS (RUE DES)",,,Plein jour,En agglomération,Hors intersection,Normale,Sans collision,,,,,,,,,,,1,2,1,1,7
200700063371,0007-10-12 21:20:00,7,10,12,21,20,340,108,"aucun, VIGNERONS (AVENUE",,,Nuit avec éclairage allumé,En agglomération,Hors intersection,Normale,Deux véhicules - côté,,,,,,,,,,,5,2,1,1,3
200700063372,0007-10-23 17:05:00,7,10,23,17,5,340,301,"aucun, CANARIS (RUE DES)",,,Plein jour,En agglomération,Hors intersection,Normale,Deux véhicules - côté,,,,,,,,,,,1,2,1,1,3
200700063373,0007-10-23 22:30:00,7,10,23,22,30,340,301,"5, CLERVILLE CHEVALIER D",,,Nuit avec éclairage allumé,En agglomération,Hors intersection,Normale,Autre collision,,,,,,,,,,,5,2,1,1,6
200700063374,0007-10-26 21:20:00,7,10,26,21,20,340,108,"aucun, VIGNAUX (CHEMIN D",,,Nuit sans éclairage public,Hors agglomération,Hors intersection,Pluie forte,Deux véhicules - frontale,,,,,,,,,,,3,1,1,3,1
200700063375,0007-10-23 10:00:00,7,10,23,10,0,340,301,"aucun, PERI GABRIEL (RUE",,,Plein jour,En agglomération,Hors intersection,Normale,Autre collision,,,,,,,,,,,1,2,1,1,6
200700063376,0007-10-13 21:40:00,7,10,13,21,40,350,115,PRES (RUE DES),,,Nuit avec éclairage allumé,En agglomération,Giratoire,Normale,Deux véhicules - côté,,,,,,,,,,,5,2,6,1,3
200700063377,0007-10-23 18:40:00,7,10,23,18,40,350,115,"04, MALARD (RUE CHARLES)",,,Plein jour,En agglomération,Hors intersection,Normale,Autre collision,,,,,,,,,,,1,2,1,1,6
200700063378,0007-10-02 08:20:00,7,10,2,8,20,350,238,PORTE DE BREQUIGNY,,,Plein jour,Hors agglomération,Hors intersection,Temps couvert,Autre collision,,,,,,,,,,,1,1,1,8,6
200700063379,0007-10-02 09:20:00,7,10,2,9,20,350,238,"00, CHATEAUGIRON (DE)",,,Plein jour,En agglomération,Intersection en X,Normale,Deux véhicules - arrière,,,,,,,,,,,1,2,2,1,2
200700063380,0007-10-03 14:05:00,7,10,3,14,5,350,238,"00, PORTE DE NANTES",,,Plein jour,En agglomération,Intersection en T,Normale,Deux véhicules - arrière,,,,,,,,,,,1,2,3,1,2
200700063381,0007-10-04 16:30:00,7,10,4,16,30,350,238,"111, CHATILLON (DE)",,,Plein jour,En agglomération,Intersection en T,Normale,Deux véhicules - côté,,,,,,,,,,,1,2,3,1,3
200700063382,0007-10-04 19:30:00,7,10,4,19,30,350,238,"12, LAENNEC (BD RENE)",,,Plein jour,En agglomération,Intersection en T,Normale,Sans collision,,,,,,,,,,,1,2,3,1,7
200700063383,0007-10-05 11:20:00,7,10,5,11,20,350,238,"00, FORCES FRANCAISES DE",,,Plein jour,En agglomération,Giratoire,Normale,Deux véhicules - côté,,,,,,,,,,,1,2,6,1,3
200700063384,0007-10-06 16:35:00,7,10,6,16,35,350,238,"00, ISLY (RUE D')",,,Plein jour,En agglomération,Hors intersection,Normale,Deux véhicules - côté,,,,,,,,,,,1,2,1,1,3
200700063385,0007-10-06 16:00:00,7,10,6,16,0,350,238,"00, ANTRAIN (D') DE 0 A",,,Plein jour,En agglomération,Intersection en X,Normale,Autre collision,,,,,,,,,,,1,2,2,1,6
200700063386,0007-10-08 06:55:00,7,10,8,6,55,350,238,ROCADE 10-11,,,Crépuscule ou aube,Hors agglomération,Hors intersection,Brouillard / fumée,Trois véhicules et plus - collisions multiples,,,,,,,,,,,2,1,1,5,5
200700063387,0007-10-08 09:35:00,7,10,8,9,35,350,238,ROBIQUETTE ( BOULEVARD D,,,Plein jour,En agglomération,Hors intersection,Normale,Deux véhicules - côté,,,,,,,,,,,1,2,1,1,3