accident_id,datetime,annee,mois,jour,heure,minute,departement,commune_insee,adresse,latitude,longitude,luminosite,agglomeration,intersection,meteo,collision,nb_vehicules,nb_usagers,nb_indemnes,nb_tues,nb_blesses_hosp,nb_blesses_legers,age_cond_1,age_cond_2,veh_type_cond_1,veh_type_cond_2,lum_code,agg_code,int_code,atm_code,col_code
200700063388,0007-10-08 09:10:00,7,10,8,9,10,350,238,PORTE DE MAUREPAS,,,Crépuscule ou aube,Hors agglomération,Hors intersection,Brouillard / fumée,Trois véhicules et plus - collisions multiples,,,,,,,,,,,2,1,1,5,5
200700063389,0007-10-09 08:15:00,7,10,9,8,15,350,238,"00, COETLOGON (DE)",,,Crépuscule ou aube,En agglomération,Intersection en T,Brouillard / fumée,Autre collision,,,,,,,,,,,2,2,3,5,6
200700063390,0007-10-10 08:00:00,7,10,10,8,0,350,238,"02, BONNE NOUVELLE (DE)",,,Crépuscule ou aube,En agglomération,Intersection en T,Normale,Autre collision,,,,,,,,,,,2,2,3,1,6
200700063391,0007-10-11 01:45:00,7,10,11,1,45,350,238,"00, POMPIDOU ( BD GEORGE",,,Nuit sans éclairage public,En agglomération,Intersection en X,Normale,Autre collision,,,,,,,,,,,3,2,2,1,6
200700063392,0007-10-11 10:25:00,7,10,11,10,25,350,238,PORTE DE MAUREPAS,,,Plein jour,Hors agglomération,Hors intersection,Normale,Autre collision,,,,,,,,,,,1,1,1,1,6
200700063393,0007-10-11 17:25:00,7,10,11,17,25,350,238,PORTE DE ST MALO,,,Plein jour,Hors agglomération,Autre intersection,Normale,Deux véhicules - frontale,,,,,,,,,,,1,1,9,1,1
200700063394,0007-10-12 17:15:00,7,10,12,17,15,350,238,PORTE DE LORIENT,,,Plein jour,Hors agglomération,Hors intersection,Normale,Trois véhicules et plus - en chaîne,,,,,,,,,,,1,1,1,1,4
200700063395,0007-10-13 16:20:00,7,10,13,16,20,350,238,"29, MANOIR DE SERVIGNE (",,,Plein jour,En agglomération,Hors intersection,Normale,Deux véhicules - arrière,,,,,,,,,,,1,2,1,1,2
200700063396,0007-10-13 16:00:00,7,10,13,16,0,350,238,PORTE DE BREST,,,Plein jour,Hors agglomération,Hors intersection,Normale,Deux véhicules - arrière,,,,,,,,,,,1,1,1,1,2
200700063397,0007-10-14 12:20:00,7,10,14,12,20,350,238,"00, SAINT-HELIER",,,Plein jour,En agglomération,Intersection en X,Normale,Trois véhicules et plus - collisions multiples,,,,,,,,,,,1,2,2,1,5
200700063398,0007-10-16 14:05:00,7,10,16,14,5,350,238,"00, TILLON (AVENUE CHARL",,,Plein jour,En agglomération,Hors intersection,Normale,Deux véhicules - arrière,,,,,,,,,,,1,2,1,1,2
200700063399,0007-10-19 07:50:00,7,10,19,7,50,350,238,"00, LEGRAVEREND",,,Crépuscule ou aube,En agglomération,Intersection en X,Normale,Deux véhicules - côté,,,,,,,,,,,2,2,2,1,3
200700063400,0007-10-19 07:15:00,7,10,19,7,15,350,238,"00, SEVIGNE (BD DE)",,,Nuit avec éclairage allumé,En agglomération,Intersection en X,Normale,Deux véhicules - côté,,,,,,,,,,,5,2,2,1,3
200700063401,0007-10-19 10:55:00,7,10,19,10,55,350,281,"00, CD 634",,,Plein jour,Hors agglomération,Intersection en X,Normale,Deux véhicules - arrière,,,,,,,,,,,1,1,2,1,2
200700063402,0007-10-19 18:00:00,7,10,19,18,0,350,238,"00, JANVIER (AVENUE JEAN",,,Plein jour,En agglomération,Intersection en T,Normale,Deux véhicules - côté,,,,,,,,,,,1,2,3,1,3
200700063403,0007-10-20 04:00:00,7,10,20,4,0,350,238,"00, NANTES (DE)",,,Nuit avec éclairage allumé,En agglomération,Hors intersection,Normale,Deux véhicules - arrière,,,,,,,,,,,5,2,1,1,2
200700063404,0007-10-20 15:05:00,7,10,20,15,5,350,238,ROCADE 10-11,,,Plein jour,En agglomération,Hors intersection,Normale,Trois véhicules et plus - collisions multiples,,,,,,,,,,,1,2,1,1,5
200700063405,0007-10-21 21:30:00,7,10,21,21,30,350,238,"00, ROCHESTER (AVENUE DE",,,Nuit avec éclairage allumé,En agglomération,Intersection en X,Normale,Deux véhicules - côté,,,,,,,,,,,5,2,2,1,3
200700063406,0007-10-22 11:25:00,7,10,22,11,25,350,238,"00, GUEHENNO (JEAN)",,,Plein jour,En agglomération,Intersection en X,Normale,Sans collision,,,,,,,,,,,1,2,2,1,7
200700063407,0007-10-23 13:20:00,7,10,23,13,20,350,238,"00, RAULT (VICTOR)",,,Plein jour,En agglomération,Intersection en T,Normale,Autre collision,,,,,,,,,,,1,2,3,1,6
200700063408,0007-10-24 15:35:00,7,10,24,15,35,350,238,"00, COCHARDIERE (DE LA)",,,Plein jour,En agglomération,Autre intersection,Normale,Sans collision,,,,,,,,,,,1,2,9,1,7
200700063409,0007-10-23 12:20:00,7,10,23,12,20,350,238,"00, PAVIE (AUGUSTE)",,,Plein jour,En agglomération,Hors intersection,Normale,Sans collision,,,,,,,,,,,1,2,1,1,7
200700063410,0007-10-24 17:55:00,7,10,24,17,55,350,238,PORTE DE BREQUIGNY,,,Plein jour,Hors agglomération,Hors intersection,Normale,Autre collision,,,,,,,,,,,1,1,1,1,6
200700063411,0007-10-25 08:55:00,7,10,25,8,55,350,238,"4, FEVAL (PAUL)",,,Plein jour,En agglomération,Hors intersection,Normale,Deux véhicules - côté,,,,,,,,,,,1,2,1,1,3
200700063412,0007-10-25 08:25:00,7,10,25,8,25,350,238,"00, ISLY (RUE D')",,,Plein jour,En agglomération,Intersection en T,Normale,Autre collision,,,,,,,,,,,1,2,3,1,6
200700063413,0007-10-18 19:30:00,7,10,18,19,30,350,238,"37, SOLFERINO (BD)",,,Plein jour,En agglomération,Hors intersection,Normale,Sans collision,,,,,,,,,,,1,2,1,1,7
200700063414,0007-10-26 08:10:00,7,10,26,8,10,350,238,"00, RN136",,,Crépuscule ou aube,Hors agglomération,Hors intersection,Normale,Deux véhicules - arrière,,,,,,,,,,,2,1,1,1,2
200700063415,0007-10-26 18:45:00,7,10,26,18,45,350,238,"00, PORTE DE LORIENT",,,Nuit sans éclairage public,Hors agglomération,Autre intersection,Normale,Trois véhicules et plus - collisions multiples,,,,,,,,,,,3,1,9,1,5
200700063416,0007-10-26 17:52:00,7,10,26,17,52,350,238,"00, TILLON (AVENUE CHARL",,,Plein jour,En agglomération,Intersection en X,Normale,Deux véhicules - côté,,,,,,,,,,,1,2,2,1,3
200700063417,0007-10-27 17:20:00,7,10,27,17,20,350,238,"00, ALMA (DE L')",,,Plein jour,En agglomération,Giratoire,Normale,Deux véhicules - frontale,,,,,,,,,,,1,2,6,1,1
200700063418,0007-10-27 18:15:00,7,10,27,18,15,350,238,"00, ROCHESTER (AVENUE DE",,,Plein jour,En agglomération,Intersection en X,Normale,Deux véhicules - côté,,,,,,,,,,,1,2,2,1,3
200700063419,0007-10-27 18:16:00,7,10,27,18,16,350,238,"11, PORTUGAL (BD DU)",,,Plein jour,En agglomération,Hors intersection,Temps couvert,Deux véhicules - arrière,,,,,,,,,,,1,2,1,8,2
200700063420,0007-10-27 20:40:00,7,10,27,20,40,350,238,"00, UKRAINE (ALLEE D')",,,Nuit avec éclairage allumé,En agglomération,Intersection en X,Normale,Deux véhicules - côté,,,,,,,,,,,5,2,2,1,3
200700063421,0007-10-28 14:00:00,7,10,28,14,0,350,238,"00, DINAN (DE)",,,Plein jour,En agglomération,Intersection en T,Normale,Deux véhicules - arrière,,,,,,,,,,,1,2,3,1,2
200700063422,0007-10-28 19:00:00,7,10,28,19,0,350,238,"00, DODIN (AVENUE ROGER)",,,Nuit sans éclairage public,En agglomération,Hors intersection,Normale,Sans collision,,,,,,,,,,,3,2,1,1,7
200700063423,0007-10-29 09:00:00,7,10,29,9,0,350,238,ROCADE 7-8,,,Plein jour,Hors agglomération,Hors intersection,Pluie légère,Autre collision,,,,,,,,,,,1,1,1,2,6
200700063424,0007-10-29 10:00:00,7,10,29,10,0,350,238,"00, MITTERAND (MAIL FRAN",,,Plein jour,En agglomération,Intersection en T,Normale,Deux véhicules - arrière,,,,,,,,,,,1,2,3,1,2
200700063425,0007-10-29 18:14:00,7,10,29,18,14,350,238,"2, MONNAIE ( DE LA)",,,Crépuscule ou aube,En agglomération,Hors intersection,Normale,Autre collision,,,,,,,,,,,2,2,1,1,6
200700063426,0007-10-30 13:10:00,7,10,30,13,10,350,238,"00, NICOLET (GAL)",,,Plein jour,En agglomération,Intersection en X,Normale,Deux véhicules - côté,,,,,,,,,,,1,2,2,1,3
200700063427,0007-10-30 02:45:00,7,10,30,2,45,350,238,"00, MOUNIER (BD EMMANUEL",,,Nuit avec éclairage allumé,En agglomération,Hors intersection,Normale,Autre collision,,,,,,,,,,,5,2,1,1,6
200700063428,0007-10-31 07:20:00,7,10,31,7,20,350,238,"99, MITTERAND (MAIL FRAN",,,Crépuscule ou aube,En agglomération,Intersection en T,Normale,Autre collision,,,,,,,,,,,2,2,3,1,6
200700063429,0007-10-29 11:30:00,7,10,29,11,30,350,238,"00, CHESNAIS BEAUREGARD",,,Plein jour,En agglomération,Giratoire,Normale,Autre collision,,,,,,,,,,,1,2,6,1,6
200700063430,0007-10-31 20:30:00,7,10,31,20,30,350,238,"00, PARKING CENTRE COMME",,,Nuit avec éclairage allumé,En agglomération,Autre intersection,Normale,Deux véhicules - côté,,,,,,,,,,,5,2,9,1,3
200700063431,0007-10-31 00:45:00,7,10,31,0,45,350,238,"00, VERN (DE)",,,Nuit avec éclairage allumé,Hors agglomération,Giratoire,Normale,Autre collision,,,,,,,,,,,5,1,6,1,6
200700063432,0007-10-13 05:30:00,7,10,13,5,30,350,288,"00, MARVILLE (AVENUE DE)",,,Nuit avec éclairage allumé,En agglomération,Intersection en T,Normale,Deux véhicules - côté,,,,,,,,,,,5,2,3,1,3
200700063433,0007-10-20 15:10:00,7,10,20,15,10,350,288,GUYMAUVIERE (RUE DE LA ),,,Plein jour,En agglomération,Hors intersection,Normale,Autre collision,,,,,,,,,,,1,2,1,1,6
200700063434,0007-10-28 17:20:00,7,10,28,17,20,350,352,BARRAGE DE LA RANCE,,,Plein jour,En agglomération,Hors intersection,Normale,Sans collision,,,,,,,,,,,1,2,1,1,7
200700063435,0007-10-03 12:05:00,7,10,3,12,5,360,44,"66, VAUGIRARD (DE)",,,Plein jour,En agglomération,Hors intersection,Normale,Deux véhicules - côté,,,,,,,,,,,1,2,1,1,3
200700063436,0007-10-06 09:00:00,7,10,6,9,0,360,44,ROUTE DEPARTEMENTALE 925,,,Plein jour,Hors agglomération,Hors intersection,Autre,Deux véhicules - côté,,,,,,,,,,,1,1,1,9,3
200700063437,0007-10-14 19:55:00,7,10,14,19,55,360,44,"0, DESCHIZEAUX (ROND POI",,,Nuit avec éclairage allumé,En agglomération,Hors intersection,Normale,Autre collision,,,,,,,,,,,5,2,1,1,6
200700063438,0007-10-28 03:30:00,7,10,28,3,30,360,44,"31, 1945 (DU 8 MAI)",,,Nuit avec éclairage allumé,En agglomération,Hors intersection,Normale,Autre collision,,,,,,,,,,,5,2,1,1,6
200700063439,0007-10-01 17:25:00,7,10,1,17,25,360,63,"0, ISSOUDUN (RTE D')",,,Plein jour,Hors agglomération,Hors intersection,Pluie forte,Deux véhicules - arrière,,,,,,,,,,,1,1,1,3,2
200700063440,0007-10-03 16:13:00,7,10,3,16,13,360,44,MONTAIGNE,,,Plein jour,En agglomération,Hors intersection,Normale,Deux véhicules - côté,,,,,,,,,,,1,2,1,1,3
200700063441,0007-10-09 12:00:00,7,10,9,12,0,360,44,"9, COLOMBIER (DU)",,,Plein jour,En agglomération,Hors intersection,Normale,Deux véhicules - côté,,,,,,,,,,,1,2,1,1,3
200700063442,0007-10-09 15:36:00,7,10,9,15,36,360,44,"30, LESSEPS (FERDINAND D",,,Plein jour,En agglomération,Intersection en X,Normale,Deux véhicules - côté,,,,,,,,,,,1,2,2,1,3
200700063443,0007-10-10 12:16:00,7,10,10,12,16,360,202,OCCITANIE (AVENUE DE ),,,Plein jour,Hors agglomération,Hors intersection,Normale,Sans collision,,,,,,,,,,,1,1,1,1,7
200700063444,0007-10-11 08:48:00,7,10,11,8,48,360,44,"153, LEMOINE (AV MARCEL)",,,Plein jour,En agglomération,Hors intersection,Normale,Autre collision,,,,,,,,,,,1,2,1,1,6
200700063445,0007-10-12 11:15:00,7,10,12,11,15,360,63,"2, GENERAL DE GAULLE (AV",,,Plein jour,En agglomération,Hors intersection,Normale,Deux véhicules - arrière,,,,,,,,,,,1,2,1,1,2
200700063446,0007-10-14 15:35:00,7,10,14,15,35,360,202,ROUTE DEPARTEMENTALE 920,,,Plein jour,Hors agglomération,Hors intersection,Normale,Sans collision,,,,,,,,,,,1,1,1,1,7
200700063447,0007-10-15 08:13:00,7,10,15,8,13,360,159,FORET (AVENUE DE LA) R.D,,,Crépuscule ou aube,Hors agglomération,Hors intersection,Normale,Sans collision,,,,,,,,,,,2,1,1,1,7
200700063448,0007-10-15 12:13:00,7,10,15,12,13,360,44,"1, CHATRE (AV DE LA) DU",,,Plein jour,En agglomération,Intersection en X,Normale,Deux véhicules - côté,,,,,,,,,,,1,2,2,1,3
200700063449,0007-10-18 09:20:00,7,10,18,9,20,360,44,1945 (DU 8 MAI),,,Plein jour,En agglomération,Hors intersection,Normale,Deux véhicules - côté,,,,,,,,,,,1,2,1,1,3
200700063450,0007-10-18 11:40:00,7,10,18,11,40,360,63,"1, ROUTE DEPARTEMENTALE",,,Plein jour,En agglomération,Autre intersection,Normale,Deux véhicules - côté,,,,,,,,,,,1,2,9,1,3
200700063451,0007-10-19 17:35:00,7,10,19,17,35,360,44,"1, BLOIS (AV DE)",,,Plein jour,En agglomération,Hors intersection,Normale,Deux véhicules - arrière,,,,,,,,,,,1,2,1,1,2
200700063452,0007-10-20 19:00:00,7,10,20,19,0,360,44,"0, DAUPHINE",,,Nuit avec éclairage allumé,En agglomération,Intersection en X,Normale,Deux véhicules - côté,,,,,,,,,,,5,2,2,1,3
200700063453,0007-10-24 07:48:00,7,10,24,7,48,360,44,"5, SEGUR (COMTESSE DE)",,,Crépuscule ou aube,En agglomération,Hors intersection,Pluie légère,Sans collision,,,,,,,,,,,2,2,1,2,7
200700063454,0007-10-25 07:10:00,7,10,25,7,10,360,44,"0, DUCHATEAU (GEDEON DU)",,,Nuit avec éclairage allumé,En agglomération,Hors intersection,Normale,Sans collision,,,,,,,,,,,5,2,1,1,7
200700063455,0007-10-26 18:54:00,7,10,26,18,54,360,202,OCCITANIE (AVENUE DE ),,,Nuit avec éclairage allumé,En agglomération,Hors intersection,Temps couvert,Deux véhicules - côté,,,,,,,,,,,5,2,1,8,3
200700063456,0007-10-28 12:20:00,7,10,28,12,20,360,44,"0, ARGENTON (AV D')",,,Plein jour,En agglomération,Hors intersection,Normale,Sans collision,,,,,,,,,,,1,2,1,1,7
200700063457,0007-10-29 16:50:00,7,10,29,16,50,360,63,ROUTE DEPARTEMENTALE 920,,,Plein jour,Hors agglomération,Hors intersection,Pluie légère,Deux véhicules - frontale,,,,,,,,,,,1,1,1,2,1
200700063458,0007-10-29 17:45:00,7,10,29,17,45,360,44,"87, LEMOINE (AV MARCEL)",,,Crépuscule ou aube,En agglomération,Hors intersection,Normale,Autre collision,,,,,,,,,,,2,2,1,1,6
200700063459,0007-10-22 17:33:00,7,10,22,17,33,370,122,AMANDIERS (RUE DES),,,Plein jour,En agglomération,Hors intersection,Normale,Deux véhicules - côté,,,,,,,,,,,1,2,1,1,3
200700063460,0007-10-03 16:45:00,7,10,3,16,45,370,122,BOIS DE TAILHAR (ALLEE D,,,Plein jour,Hors agglomération,Hors intersection,Normale,Autre collision,,,,,,,,,,,1,1,1,1,6
200700063461,0007-10-11 17:05:00,7,10,11,17,5,370,261,MARIGNAN (RUE),,,Plein jour,En agglomération,Intersection en T,Normale,Deux véhicules - côté,,,,,,,,,,,1,2,3,1,3
200700063462,0007-10-03 12:15:00,7,10,3,12,15,370,233,"37, RABATERIE (RUE DE LA",,,Plein jour,En agglomération,Intersection en T,Normale,Autre collision,,,,,,,,,,,1,2,3,1,6
200700063463,0007-10-04 07:35:00,7,10,4,7,35,370,261,"32 BIS, SUEDE (RUE DE)",,,Crépuscule ou aube,En agglomération,Hors intersection,Normale,Autre collision,,,,,,,,,,,2,2,1,1,6
200700063464,0007-10-03 13:30:00,7,10,3,13,30,370,261,PARCAY (RUE DE),,,Plein jour,Hors agglomération,Hors intersection,Normale,Deux véhicules - frontale,,,,,,,,,,,1,1,1,1,1
200700063465,0007-10-19 15:50:00,7,10,19,15,50,370,122,VERDUN (RUE DE),,,Plein jour,En agglomération,Giratoire,Normale,Deux véhicules - côté,,,,,,,,,,,1,2,6,1,3
200700063466,0007-10-21 16:45:00,7,10,21,16,45,370,261,FLORENCE (PROMENADE DE),,,Plein jour,En agglomération,Hors intersection,Normale,Autre collision,,,,,,,,,,,1,2,1,1,6
200700063467,0007-10-01 11:00:00,7,10,1,11,0,370,261,HEURTELOUP (BOULEVARD),,,Plein jour,En agglomération,Intersection en X,Normale,Deux véhicules - côté,,,,,,,,,,,1,2,2,1,3
200700063468,0007-10-31 08:15:00,7,10,31,8,15,370,261,"06, MANS (AVENUE DU)",,,Plein jour,En agglomération,Intersection en T,Temps éblouissant,Autre collision,,,,,,,,,,,1,2,3,7,6
200700063469,0007-10-16 11:55:00,7,10,16,11,55,370,261,"37, MAINE (RUE DU)",,,Plein jour,En agglomération,Hors intersection,Normale,Autre collision,,,,,,,,,,,1,2,1,1,6
200700063470,0007-10-03 16:28:00,7,10,3,16,28,380,53,"17, GAMBETTA (AVE)",,,Plein jour,En agglomération,Intersection en X,Normale,Deux véhicules - côté,,,,,,,,,,,1,2,2,1,3
200700063471,0007-10-03 07:50:00,7,10,3,7,50,380,185,"00, JEAN JAURES (COURS)",,,Plein jour,En agglomération,Hors intersection,Normale,Deux véhicules - côté,,,,,,,,,,,1,2,1,1,3
200700063472,0007-10-03 07:55:00,7,10,3,7,55,380,421,"13, BARNAVE (RUE)",,,Plein jour,En agglomération,Hors intersection,Normale,Deux véhicules - arrière,,,,,,,,,,,1,2,1,1,2
200700063473,0007-10-04 17:25:00,7,10,4,17,25,380,151,"00, DUCLOS (ROND POINT J",,,Plein jour,En agglomération,Autre intersection,Normale,Deux véhicules - côté,,,,,,,,,,,1,2,9,1,3
200700063474,0007-10-05 21:35:00,7,10,5,21,35,380,151,"00, CHARLES (RUE GEO)",,,Nuit avec éclairage allumé,En agglomération,Hors intersection,Autre,Deux véhicules - frontale,,,,,,,,,,,5,2,1,9,1
200700063475,0007-10-08 23:43:00,7,10,8,23,43,380,179,COMBE (LIEU-DIT LA),,,Nuit sans éclairage public,Hors agglomération,Hors intersection,Normale,Autre collision,,,,,,,,,,,3,1,1,1,6
200700063476,0007-10-09 20:40:00,7,10,9,20,40,380,421,"0, CROIZAT ( AV. A.VALMY",,,Nuit avec éclairage allumé,En agglomération,Hors intersection,Normale,Deux véhicules - côté,,,,,,,,,,,5,2,1,1,3
200700063477,0007-10-11 15:07:00,7,10,11,15,7,380,421,"00, CROIZAT (AV. A.)(CAY",,,Plein jour,En agglomération,Hors intersection,Normale,Autre collision,,,,,,,,,,,1,2,1,1,6
200700063478,0007-10-12 07:00:00,7,10,12,7,0,380,185,"72, MARTYRS (RUE DES)",,,Plein jour,En agglomération,Hors intersection,Normale,Autre collision,,,,,,,,,,,1,2,1,1,6
200700063479,0007-10-12 07:15:00,7,10,12,7,15,380,423,"49, RESISTANCE (RUE DE L",,,Plein jour,En agglomération,Hors intersection,Normale,Deux véhicules - côté,,,,,,,,,,,1,2,1,1,3
200700063480,0007-10-12 14:10:00,7,10,12,14,10,380,185,"00, MARIE REYNOARD (AVEN",,,Plein jour,En agglomération,Hors intersection,Normale,Deux véhicules - côté,,,,,,,,,,,1,2,1,1,3
200700063481,0007-10-15 01:30:00,7,10,15,1,30,380,185,CLAUDE BROSSE (QUAI),,,Nuit avec éclairage allumé,En agglomération,Intersection en X,Normale,Deux véhicules - côté,,,,,,,,,,,5,2,2,1,3
200700063482,0007-10-15 12:15:00,7,10,15,12,15,380,185,"2, JEAN JAURES (COURS)",,,Plein jour,En agglomération,Hors intersection,Normale,Autre collision,,,,,,,,,,,1,2,1,1,6
200700063483,0007-10-16 14:30:00,7,10,16,14,30,380,151,"00, KIMBERLEY (AVENUE DE",,,Plein jour,En agglomération,Hors intersection,Normale,Deux véhicules - côté,,,,,,,,,,,1,2,1,1,3
200700063484,0007-10-16 16:00:00,7,10,16,16,0,380,185,"00, INNSBRUK (AVENUE D'",,,Plein jour,En agglomération,Hors intersection,Normale,Deux véhicules - côté,,,,,,,,,,,1,2,1,1,3
200700063485,0007-10-15 10:20:00,7,10,15,10,20,380,185,"00, EAUX CLAIRES (RUE DE",,,Plein jour,En agglomération,Hors intersection,Normale,Deux véhicules - côté,,,,,,,,,,,1,2,1,1,3
200700063486,0007-10-17 15:50:00,7,10,17,15,50,380,151,"24, STALINGRAD (RUE DE)",,,Plein jour,En agglomération,Intersection en T,Normale,Deux véhicules - côté,,,,,,,,,,,1,2,3,1,3
200700063487,0007-10-18 00:45:00,7,10,18,0,45,380,185,"110, LEON BLUM (AVENUE)",,,Nuit avec éclairage allumé,En agglomération,Hors intersection,Normale,Autre collision,,,,,,,,,,,5,2,1,1,6
200700063488,0007-10-18 10:30:00,7,10,18,10,30,380,185,"95, JULES VALLES (AVENUE",,,Plein jour,En agglomération,Hors intersection,Pluie légère,Autre collision,,,,,,,,,,,1,2,1,2,6
200700063489,0007-10-18 21:30:00,7,10,18,21,30,380,185,"00, CONSTANTINE (AVENUE",,,Nuit avec éclairage allumé,En agglomération,Intersection en X,Normale,Deux véhicules - côté,,,,,,,,,,,5,2,2,1,3
200700063490,0007-10-19 06:50:00,7,10,19,6,50,380,421,"00, LANGEVIN (RUE P.)",,,Nuit avec éclairage non allumé,En agglomération,Hors intersection,Normale,Deux véhicules - côté,,,,,,,,,,,4,2,1,1,3
200700063491,0007-10-19 07:40:00,7,10,19,7,40,380,185,"26, LIBERATION ET DU GEN",,,Plein jour,En agglomération,Hors intersection,Normale,Deux véhicules - côté,,,,,,,,,,,1,2,1,1,3
200700063492,0007-10-19 08:15:00,7,10,19,8,15,380,185,"26, VALMY (AVENUE DE)",,,Plein jour,En agglomération,Hors intersection,Normale,Autre collision,,,,,,,,,,,1,2,1,1,6
200700063493,0007-10-22 12:10:00,7,10,22,12,10,380,169,"00, VERCORS (AVENUE DU)",,,Plein jour,En agglomération,Hors intersection,Normale,Deux véhicules - côté,,,,,,,,,,,1,2,1,1,3
200700063494,0007-10-22 19:00:00,7,10,22,19,0,380,169,"40, LIBERTE (RUE DE LA)",,,Nuit avec éclairage allumé,En agglomération,Hors intersection,Normale,Autre collision,,,,,,,,,,,5,2,1,1,6
200700063495,0007-10-22 19:30:00,7,10,22,19,30,380,151,"00, ETATS GENERAUX (AVEN",,,Nuit avec éclairage allumé,En agglomération,Hors intersection,Normale,Trois véhicules et plus - en chaîne,,,,,,,,,,,5,2,1,1,4
200700063496,0007-10-23 08:15:00,7,10,23,8,15,380,185,"00, CLEMENCEAU (BOULEVAR",,,Plein jour,En agglomération,Hors intersection,Normale,Autre collision,,,,,,,,,,,1,2,1,1,6
200700063497,0007-10-24 12:15:00,7,10,24,12,15,380,169,"00, CROIZAT (AVENUE A.)",,,Plein jour,En agglomération,Hors intersection,Normale,Autre collision,,,,,,,,,,,1,2,1,1,6
200700063498,0007-10-25 07:30:00,7,10,25,7,30,380,185,AUTOROUTE A 480,,,Nuit sans éclairage public,Hors agglomération,Hors intersection,Normale,Trois véhicules et plus - en chaîne,,,,,,,,,,,3,1,1,1,4
200700063499,0007-10-25 09:30:00,7,10,25,9,30,380,185,"00, SAINTE URSULE (RUE)",,,Plein jour,En agglomération,Intersection en X,Normale,Deux véhicules - côté,,,,,,,,,,,1,2,2,1,3
200700063500,0007-10-26 00:12:00,7,10,26,0,12,380,185,"00, BERRIAT (COURS)",,,Nuit avec éclairage allumé,En agglomération,Hors intersection,Normale,Deux véhicules - côté,,,,,,,,,,,5,2,1,1,3
200700063501,0007-10-27 09:30:00,7,10,27,9,30,380,185,"00, LESDIGUIERES (RUE)",,,Plein jour,En agglomération,Intersection en X,Normale,Deux véhicules - côté,,,,,,,,,,,1,2,2,1,3
200700063502,0007-10-27 20:20:00,7,10,27,20,20,380,185,"0, DEPORTES DU 11 NOVEMB",,,Nuit avec éclairage allumé,En agglomération,Hors intersection,Normale,Deux véhicules - côté,,,,,,,,,,,5,2,1,1,3
200700063503,0007-10-28 01:40:00,7,10,28,1,40,380,185,"00, JEAN PAIN (BOULEVARD",,,Nuit avec éclairage allumé,En agglomération,Hors intersection,Normale,Deux véhicules - côté,,,,,,,,,,,5,2,1,1,3
200700063504,0007-10-28 10:55:00,7,10,28,10,55,380,516,"0, VERDUN (AV. DE)OUEST",,,Plein jour,Hors agglomération,Hors intersection,Normale,Sans collision,,,,,,,,,,,1,1,1,1,7
200700063505,0007-10-20 15:40:00,7,10,20,15,40,380,185,"44, MARECHAL FOCH (BOULE",,,Plein jour,En agglomération,Hors intersection,Normale,Deux véhicules - côté,,,,,,,,,,,1,2,1,1,3
200700063506,0007-10-29 06:05:00,7,10,29,6,5,380,169,"00, DRAC (QUAI DU)",,,Nuit avec éclairage allumé,En agglomération,Intersection en T,Normale,Autre collision,,,,,,,,,,,5,2,3,1,6
200700063507,0007-10-31 18:22:00,7,10,31,18,22,380,423,"00, BRETTERODE (RUE DE)",,,Nuit avec éclairage allumé,En agglomération,Hors intersection,Normale,Deux véhicules - frontale,,,,,,,,,,,5,2,1,1,1
200700063508,0007-10-31 21:36:00,7,10,31,21,36,380,185,"16, PAUL COCAT (AVENUE)",,,Nuit avec éclairage non allumé,En agglomération,Hors intersection,Normale,Deux véhicules - côté,,,,,,,,,,,4,2,1,1,3
200700063509,0007-10-30 14:20:00,7,10,30,14,20,380,563,"9, RAVAT (RUE J.)",,,Plein jour,En agglomération,Hors intersection,Pluie légère,Deux véhicules - arrière,,,,,,,,,,,1,2,1,2,2
200700063510,0007-10-05 17:15:00,7,10,5,17,15,390,300,"25, PASCAL (RUE BLAISE)",,,Plein jour,En agglomération,Intersection en X,Normale,Deux véhicules - côté,,,,,,,,,,,1,2,2,1,3
200700063511,0007-10-09 13:10:00,7,10,9,13,10,390,300,"50, ROLLAND (RUE RAYMOND",,,Plein jour,En agglomération,Hors intersection,Normale,Deux véhicules - côté,,,,,,,,,,,1,2,1,1,3
200700063512,0007-10-06 14:25:00,7,10,6,14,25,400,279,RESISTANCE (AVE DE LA),,,Plein jour,En agglomération,Hors intersection,Normale,Deux véhicules - côté,,,,,,,,,,,1,2,1,1,3
200700063513,0007-10-13 18:55:00,7,10,13,18,55,400,88,HUGO (AVENUE VICTOR),,,Plein jour,En agglomération,Hors intersection,Normale,Deux véhicules - côté,,,,,,,,,,,1,2,1,1,3
200700063514,0007-10-09 16:30:00,7,10,9,16,30,400,88,GALLIENI (COURS),,,Plein jour,En agglomération,Hors intersection,Normale,Autre collision,,,,,,,,,,,1,2,1,1,6
200700063515,0007-10-21 12:00:00,7,10,21,12,0,400,88,SAINT-PIERRE (COURS),,,Plein jour,En agglomération,Intersection en T,Normale,Deux véhicules - côté,,,,,,,,,,,1,2,3,1,3
200700063516,0007-10-26 15:05:00,7,10,26,15,5,400,88,VERDUN (COURS DE),,,Plein jour,En agglomération,Hors intersection,Normale,Deux véhicules - côté,,,,,,,,,,,1,2,1,1,3
200700063517,0007-10-30 17:12:00,7,10,30,17,12,400,88,FOCH (COURS DU MARECHAL),,,Plein jour,En agglomération,Hors intersection,Normale,Deux véhicules - frontale,,,,,,,,,,,1,2,1,1,1
200700063518,0007-10-04 22:45:00,7,10,4,22,45,400,192,"435, JUIN (V DU MARECHAL",,,Nuit avec éclairage allumé,En agglomération,Hors intersection,Normale,Autre collision,,,,,,,,,,,5,2,1,1,6