accident_id,datetime,annee,mois,jour,heure,minute,departement,commune_insee,adresse,latitude,longitude,luminosite,agglomeration,intersection,meteo,collision,nb_vehicules,nb_usagers,nb_indemnes,nb_tues,nb_blesses_hosp,nb_blesses_legers,age_cond_1,age_cond_2,veh_type_cond_1,veh_type_cond_2,lum_code,agg_code,int_code,atm_code,col_code
200700063650,0007-10-24 12:25:00,7,10,24,12,25,440,109,"11, BOULEVARD GABRIEL LA",,,Plein jour,En agglomération,Hors intersection,Normale,Deux véhicules - côté,,,,,,,,,,,1,2,1,1,3
200700063651,0007-10-25 20:15:00,7,10,25,20,15,440,109,"., COURS JOHN KENNEDY",,,Nuit avec éclairage allumé,En agglomération,Hors intersection,Temps couvert,Autre collision,,,,,,,,,,,5,2,1,8,6
200700063652,0007-10-27 06:15:00,7,10,27,6,15,440,109,BOULEVARD ALLARD,,,Nuit avec éclairage allumé,En agglomération,Intersection en X,Normale,Autre collision,,,,,,,,,,,5,2,2,1,6
200700063653,0007-10-28 02:10:00,7,10,28,2,10,440,109,BOULEVARD DE LA PRAIRIE,,,Nuit sans éclairage public,En agglomération,Hors intersection,Normale,Deux véhicules - frontale,,,,,,,,,,,3,2,1,1,1
200700063654,0007-10-28 05:00:00,7,10,28,5,0,440,109,BOULEVARD GENERAL DE GAU,,,Nuit avec éclairage allumé,Hors agglomération,Intersection en X,Normale,Deux véhicules - côté,,,,,,,,,,,5,1,2,1,3
200700063655,0007-10-29 09:50:00,7,10,29,9,50,440,109,"., RUE URBAIN LE VERRIER",,,Plein jour,En agglomération,Intersection en X,Normale,Sans collision,,,,,,,,,,,1,2,2,1,7
200700063656,0007-10-30 07:50:00,7,10,30,7,50,440,109,"., BOULEVARD DE LAUNAY",,,Plein jour,En agglomération,Intersection en X,Normale,Deux véhicules - côté,,,,,,,,,,,1,2,2,1,3
200700063657,0007-10-30 19:35:00,7,10,30,19,35,440,109,"64, BOULEVARD DES BELGES",,,Nuit avec éclairage allumé,En agglomération,Hors intersection,Normale,Autre collision,,,,,,,,,,,5,2,1,1,6
200700063658,0007-10-31 04:20:00,7,10,31,4,20,440,143,"19, ORDRONNEAU (RUE RENE",,,Nuit avec éclairage allumé,En agglomération,Hors intersection,Normale,Autre collision,,,,,,,,,,,5,2,1,1,6
200700063659,0007-10-31 14:10:00,7,10,31,14,10,440,109,QUAI PRESIDENT WILSON,,,Plein jour,En agglomération,Hors intersection,Temps éblouissant,Deux véhicules - frontale,,,,,,,,,,,1,2,1,7,1
200700063660,0007-10-31 13:15:00,7,10,31,13,15,440,109,"1, PLACE DE LA PETITE HO",,,Plein jour,En agglomération,Hors intersection,Normale,Autre collision,,,,,,,,,,,1,2,1,1,6
200700063661,0007-10-31 15:30:00,7,10,31,15,30,440,190,RUE JEAN MACE,,,Plein jour,En agglomération,Intersection en X,Normale,Autre collision,,,,,,,,,,,1,2,2,1,6
200700063662,0007-10-31 16:00:00,7,10,31,16,0,440,143,"1, PLACE SAINT PIERRE",,,Plein jour,En agglomération,Hors intersection,Normale,Deux véhicules - côté,,,,,,,,,,,1,2,1,1,3
200700063663,0007-10-31 19:55:00,7,10,31,19,55,440,109,PERIPHERIQUE,,,Nuit sans éclairage public,Hors agglomération,Hors intersection,Normale,Autre collision,,,,,,,,,,,3,1,1,1,6
200700063664,0007-10-01 16:45:00,7,10,1,16,45,440,184,VERT (CHEMIN),,,Plein jour,En agglomération,Hors intersection,Normale,Deux véhicules - côté,,,,,,,,,,,1,2,1,1,3
200700063665,0007-10-05 10:20:00,7,10,5,10,20,440,184,TRÉBALE (ROUTE DE),,,Plein jour,En agglomération,Intersection en X,Normale,Deux véhicules - côté,,,,,,,,,,,1,2,2,1,3
200700063666,0007-10-11 16:20:00,7,10,11,16,20,440,184,RD 492 DU RP OCÉANIS AU,,,Plein jour,En agglomération,Hors intersection,Normale,Sans collision,,,,,,,,,,,1,2,1,1,7
200700063667,0007-10-11 21:00:00,7,10,11,21,0,440,184,LEFERME (BOULEVARD PAUL),,,Nuit avec éclairage allumé,En agglomération,Intersection en T,Normale,Deux véhicules - côté,,,,,,,,,,,5,2,3,1,3
200700063668,0007-10-12 10:00:00,7,10,12,10,0,440,184,BEAUMARCHAIS (RUE PIERRE,,,Plein jour,En agglomération,Intersection en X,Normale,Deux véhicules - côté,,,,,,,,,,,1,2,2,1,3
200700063669,0007-10-18 17:45:00,7,10,18,17,45,440,184,RD 492 DU RP OCÉANIS AU,,,Plein jour,En agglomération,Hors intersection,Normale,Trois véhicules et plus - en chaîne,,,,,,,,,,,1,2,1,1,4
200700063670,0007-10-18 23:20:00,7,10,18,23,20,440,184,"122, LAENNEC (BD DU DR R",,,Nuit avec éclairage allumé,En agglomération,Hors intersection,Normale,Autre collision,,,,,,,,,,,5,2,1,1,6
200700063671,0007-10-19 07:10:00,7,10,19,7,10,440,184,PENHOET (AVENUE DE),,,Nuit avec éclairage allumé,En agglomération,Intersection en T,Normale,Deux véhicules - arrière,,,,,,,,,,,5,2,3,1,2
200700063672,0007-10-22 12:15:00,7,10,22,12,15,440,184,CHÂTEAU DE BEAUREGARD (R,,,Plein jour,En agglomération,Intersection en X,Normale,Deux véhicules - arrière,,,,,,,,,,,1,2,2,1,2
200700063673,0007-10-23 13:30:00,7,10,23,13,30,440,184,"02, LAENNEC (BD DU DR RE",,,Plein jour,En agglomération,Intersection en X,Normale,Deux véhicules - arrière,,,,,,,,,,,1,2,2,1,2
200700063674,0007-10-24 09:35:00,7,10,24,9,35,440,184,PARMENTIER (RUE ANTOINE),,,Plein jour,En agglomération,Intersection en X,Normale,Sans collision,,,,,,,,,,,1,2,2,1,7
200700063675,0007-10-25 13:55:00,7,10,25,13,55,440,184,BOIS SAVARY (RUE DU),,,Plein jour,En agglomération,Intersection en X,Normale,Deux véhicules - côté,,,,,,,,,,,1,2,2,1,3
200700063676,0007-10-25 17:53:00,7,10,25,17,53,440,184,"61, MERMOZ (BOULEVARD JE",,,Plein jour,En agglomération,Hors intersection,Normale,Sans collision,,,,,,,,,,,1,2,1,1,7
200700063677,0007-10-26 20:25:00,7,10,26,20,25,440,184,"50, MAUPERTUIS (BD DE) D",,,Nuit sans éclairage public,En agglomération,Hors intersection,Normale,Deux véhicules - frontale,,,,,,,,,,,3,2,1,1,1
200700063678,0007-10-30 06:55:00,7,10,30,6,55,440,184,"50, PORNICHET (RUE DE) D",,,Crépuscule ou aube,En agglomération,Hors intersection,Normale,Autre collision,,,,,,,,,,,2,2,1,1,6
200700063679,0007-10-30 18:50:00,7,10,30,18,50,440,184,"20, COUBERTIN (AVENUE PI",,,Nuit avec éclairage allumé,En agglomération,Hors intersection,Normale,Autre collision,,,,,,,,,,,5,2,1,1,6
200700063680,0007-10-05 06:43:00,7,10,5,6,43,450,4,RN60,,,Crépuscule ou aube,Hors agglomération,Hors intersection,Normale,Deux véhicules - frontale,,,,,,,,,,,2,1,1,1,1
200700063681,0007-10-14 17:58:00,7,10,14,17,58,450,338,LIBERATION (RUE DE LA),,,Plein jour,En agglomération,Intersection en T,Normale,Deux véhicules - côté,,,,,,,,,,,1,2,3,1,3
200700063682,0007-10-15 17:15:00,7,10,15,17,15,450,4,RN7 Carrières ROLAND,,,Plein jour,Hors agglomération,Hors intersection,Normale,Trois véhicules et plus - collisions multiples,,,,,,,,,,,1,1,1,1,5
200700063683,0007-10-21 16:50:00,7,10,21,16,50,450,4,COULEVREUX (RUE DE),,,Plein jour,Hors agglomération,Autre intersection,Normale,Deux véhicules - côté,,,,,,,,,,,1,1,9,1,3
200700063684,0007-10-01 12:40:00,7,10,1,12,40,450,285,MENDES FRANCE (AVENUE PI,,,Plein jour,En agglomération,Hors intersection,Pluie légère,Autre collision,,,,,,,,,,,1,2,1,2,6
200700063685,0007-10-02 18:55:00,7,10,2,18,55,450,234,"82, CARMES (RUE DES)",,,Crépuscule ou aube,En agglomération,Intersection en X,Pluie légère,Autre collision,,,,,,,,,,,2,2,2,2,6
200700063686,0007-10-03 19:45:00,7,10,3,19,45,450,235,VARENNES (RU DES),47.90308,3.45699,Nuit avec éclairage allumé,En agglomération,Hors intersection,Normale,Deux véhicules - côté,,,,,,,,,,,5,2,1,1,3
200700063687,0007-10-03 20:45:00,7,10,3,20,45,450,234,MADELEINE (QUAI DE LA MA,,,Nuit avec éclairage allumé,En agglomération,Hors intersection,Normale,Deux véhicules - frontale,,,,,,,,,,,5,2,1,1,1
200700063688,0007-10-04 13:20:00,7,10,4,13,20,450,75,"04, BAS CHAMPS (RUE DES",,,Plein jour,En agglomération,Hors intersection,Normale,Autre collision,,,,,,,,,,,1,2,1,1,6
200700063689,0007-10-04 17:42:00,7,10,4,17,42,450,234,"17, LIBERATION (AVENUE D",,,Plein jour,En agglomération,Hors intersection,Normale,Deux véhicules - côté,,,,,,,,,,,1,2,1,1,3
200700063690,0007-10-11 17:00:00,7,10,11,17,0,450,234,"5, CHEVAL ROUGE (RUE DU",,,Plein jour,En agglomération,Hors intersection,Normale,Autre collision,,,,,,,,,,,1,2,1,1,6
200700063691,0007-10-13 11:45:00,7,10,13,11,45,450,234,"1, PRESIDENT KENNEDY (AV",,,Plein jour,En agglomération,Intersection en X,Normale,Autre collision,,,,,,,,,,,1,2,2,1,6
200700063692,0007-10-16 23:45:00,7,10,16,23,45,450,75,NATIONALE (ROUTE),,,Nuit avec éclairage allumé,En agglomération,Intersection en X,Normale,Deux véhicules - côté,,,,,,,,,,,5,2,2,1,3
200700063693,0007-10-17 19:58:00,7,10,17,19,58,450,232,"1, SOURCE (RUE DE LA)",,,Nuit avec éclairage allumé,En agglomération,Intersection en T,Normale,Autre collision,,,,,,,,,,,5,2,3,1,6
200700063694,0007-10-17 10:06:00,7,10,17,10,6,450,234,CHOLLET (RUE THEOPHILE),,,Plein jour,En agglomération,Hors intersection,Pluie légère,Deux véhicules - arrière,,,,,,,,,,,1,2,1,2,2
200700063695,0007-10-17 20:00:00,7,10,17,20,0,450,234,PETIT PONT (RUE DU ),,,Nuit sans éclairage public,En agglomération,Giratoire,Normale,Deux véhicules - côté,,,,,,,,,,,3,2,6,1,3
200700063696,0007-10-18 21:00:00,7,10,18,21,0,450,75,"17, BREDAUCHE (RUE DE LA",,,Nuit avec éclairage allumé,En agglomération,Hors intersection,Normale,Autre collision,,,,,,,,,,,5,2,1,1,6
200700063697,0007-10-17 11:48:00,7,10,17,11,48,450,232,SOLOGNE (AVENUE DE),,,Plein jour,Hors agglomération,Hors intersection,Normale,Trois véhicules et plus - en chaîne,,,,,,,,,,,1,1,1,1,4
200700063698,0007-10-19 07:00:00,7,10,19,7,0,450,234,"18, NECOTIN (RUE DU)",,,Crépuscule ou aube,En agglomération,Intersection en X,Normale,Deux véhicules - côté,,,,,,,,,,,2,2,2,1,3
200700063699,0007-10-19 21:10:00,7,10,19,21,10,450,234,PAIX (RUE DE LA PAIX),,,Crépuscule ou aube,En agglomération,Hors intersection,Normale,Autre collision,,,,,,,,,,,2,2,1,1,6
200700063700,0007-10-20 10:55:00,7,10,20,10,55,450,234,"01, SAINT LAURENT (QUAI",,,Plein jour,En agglomération,Intersection en Y,Normale,Deux véhicules - arrière,,,,,,,,,,,1,2,4,1,2
200700063701,0007-10-23 12:20:00,7,10,23,12,20,450,284,"27, PERGAUD (RUE LOUIS)",,,Plein jour,En agglomération,Intersection en T,Normale,Deux véhicules - côté,,,,,,,,,,,1,2,3,1,3
200700063702,0007-10-23 16:05:00,7,10,23,16,5,450,274,"800, PUCELLE  (RUE DE LA",,,Plein jour,En agglomération,Intersection en T,Normale,Deux véhicules - côté,,,,,,,,,,,1,2,3,1,3
200700063703,0007-10-26 03:45:00,7,10,26,3,45,450,232,R.N. 271,,,Nuit avec éclairage allumé,Hors agglomération,Intersection en X,Normale,Deux véhicules - côté,,,,,,,,,,,5,1,2,1,3
200700063704,0007-10-25 12:00:00,7,10,25,12,0,450,234,"07, PRAGUE (QUAI DE)",,,Plein jour,En agglomération,Intersection en T,Normale,Deux véhicules - arrière,,,,,,,,,,,1,2,3,1,2
200700063705,0007-10-26 03:15:00,7,10,26,3,15,450,232,R.N. 271,,,Nuit avec éclairage allumé,En agglomération,Hors intersection,Normale,Deux véhicules - frontale,,,,,,,,,,,5,2,1,1,1
200700063706,0007-10-26 12:10:00,7,10,26,12,10,450,234,"135, FAUBOURG BANNIER (R",,,Plein jour,En agglomération,Hors intersection,Normale,Deux véhicules - côté,,,,,,,,,,,1,2,1,1,3
200700063707,0007-10-29 07:15:00,7,10,29,7,15,450,234,"50, MONTEES (RUE DES)",47.91723,3.45699,Crépuscule ou aube,En agglomération,Hors intersection,Pluie légère,Deux véhicules - frontale,,,,,,,,,,,2,2,1,2,1
200700063708,0007-10-29 18:00:00,7,10,29,18,0,450,285,RN 60,,,Nuit avec éclairage allumé,En agglomération,Hors intersection,Normale,Deux véhicules - côté,,,,,,,,,,,5,2,1,1,3
200700063709,0007-10-30 16:25:00,7,10,30,16,25,450,302,"598, MONTARAN (RUE DE)",,,Plein jour,En agglomération,Hors intersection,Normale,Autre collision,,,,,,,,,,,1,2,1,1,6
200700063710,0007-10-30 18:20:00,7,10,30,18,20,450,147,"103, DESSAUX (RUE ANDRE",,,Nuit avec éclairage allumé,En agglomération,Hors intersection,Normale,Trois véhicules et plus - en chaîne,,,,,,,,,,,5,2,1,1,4
200700063711,0007-10-03 10:34:00,7,10,3,10,34,470,31,"3, JEAN JAURES(rue)",,,Plein jour,En agglomération,Hors intersection,Normale,Deux véhicules - côté,,,,,,,,,,,1,2,1,1,3
200700063712,0007-10-15 20:50:00,7,10,15,20,50,470,201,GASCOGNE (AVENUE DE),,,Nuit avec éclairage allumé,En agglomération,Hors intersection,Normale,Trois véhicules et plus - collisions multiples,,,,,,,,,,,5,2,1,1,5
200700063713,0007-10-16 21:30:00,7,10,16,21,30,470,1,"2, RIQUET (RUE PIERRE-PA",,,Nuit avec éclairage allumé,En agglomération,Intersection en T,Normale,Deux véhicules - frontale,,,,,,,,,,,5,2,3,1,1
200700063714,0007-10-23 18:21:00,7,10,23,18,21,470,1,"40, JAURES (AV. JEAN)",,,Plein jour,En agglomération,Hors intersection,Normale,Deux véhicules - côté,,,,,,,,,,,1,2,1,1,3
200700063715,0007-10-27 03:10:00,7,10,27,3,10,470,201,"9 B, MARNE (AV. DE LA)",,,Nuit avec éclairage allumé,En agglomération,Hors intersection,Normale,Autre collision,,,,,,,,,,,5,2,1,1,6
200700063716,0007-10-27 12:55:00,7,10,27,12,55,470,1,"97, JAURES (AV. JEAN)",,,Plein jour,En agglomération,Hors intersection,Normale,Deux véhicules - côté,,,,,,,,,,,1,2,1,1,3
200700063717,0007-10-28 02:10:00,7,10,28,2,10,470,1,LACOUR (BD EDOUARD),,,Nuit avec éclairage allumé,En agglomération,Hors intersection,Normale,Deux véhicules - côté,,,,,,,,,,,5,2,1,1,3
200700063718,0007-10-07 02:13:00,7,10,7,2,13,470,323,FALGUEYRAS (SUD),,,Nuit sans éclairage public,Hors agglomération,Hors intersection,Normale,Autre collision,,,,,,,,,,,3,1,1,1,6
200700063719,0007-10-08 07:50:00,7,10,8,7,50,470,323,REVOLUTION (PLACE DE LA),,,Plein jour,En agglomération,Giratoire,Temps couvert,Autre collision,,,,,,,,,,,1,2,6,8,6
200700063720,0007-10-01 18:08:00,7,10,1,18,8,490,7,"0, BEDIER BOULEVARD",,,Plein jour,En agglomération,Hors intersection,Normale,Autre collision,,,,,,,,,,,1,2,1,1,6
200700063721,0007-10-03 19:11:00,7,10,3,19,11,490,15,"0, ROCHERS ALLEE DES",,,Plein jour,En agglomération,Hors intersection,Normale,Autre collision,,,,,,,,,,,1,2,1,1,6
200700063722,0007-10-04 07:23:00,7,10,4,7,23,490,7,"0, AYRAULT",,,Nuit avec éclairage allumé,En agglomération,Hors intersection,Normale,Trois véhicules et plus - en chaîne,,,,,,,,,,,5,2,1,1,4
200700063723,0007-10-04 17:03:00,7,10,4,17,3,490,7,"121, SAUMUROISE IMPASSE",,,Plein jour,En agglomération,Hors intersection,Normale,Autre collision,,,,,,,,,,,1,2,1,1,6
200700063724,0007-10-04 07:39:00,7,10,4,7,39,490,7,"0, PAPIN",,,Nuit avec éclairage allumé,En agglomération,Giratoire,Normale,Autre collision,,,,,,,,,,,5,2,6,1,6
200700063725,0007-10-04 16:58:00,7,10,4,16,58,490,7,"0, CHATENAY AVENUE VICTO",,,Plein jour,En agglomération,Intersection en T,Normale,Autre collision,,,,,,,,,,,1,2,3,1,6
200700063726,0007-10-05 03:02:00,7,10,5,3,2,490,246,"0, SAINTE GEMMES ROUTE",,,Nuit avec éclairage non allumé,En agglomération,Hors intersection,Pluie légère,Sans collision,,,,,,,,,,,4,2,1,2,7
200700063727,0007-10-04 19:01:00,7,10,4,19,1,490,7,"0, BEDIER BOULEVARD",,,Nuit avec éclairage allumé,En agglomération,Hors intersection,Normale,Deux véhicules - arrière,,,,,,,,,,,5,2,1,1,2
200700063728,0007-10-05 22:00:00,7,10,5,22,0,490,7,"0, RABELAIS",,,Nuit avec éclairage allumé,En agglomération,Hors intersection,Normale,Deux véhicules - arrière,,,,,,,,,,,5,2,1,1,2
200700063729,0007-10-06 08:07:00,7,10,6,8,7,490,7,"0, FOCH BOULEVARD",,,Plein jour,En agglomération,Intersection en X,Normale,Deux véhicules - côté,,,,,,,,,,,1,2,2,1,3
200700063730,0007-10-07 07:03:00,7,10,7,7,3,490,7,"0, DE LATTRE DE TASSIGNY",,,Nuit avec éclairage non allumé,Hors agglomération,Hors intersection,Normale,Sans collision,,,,,,,,,,,4,1,1,1,7
200700063731,0007-10-07 20:08:00,7,10,7,20,8,490,7,"67, RECOUVREUR",,,Nuit avec éclairage allumé,En agglomération,Hors intersection,Normale,Deux véhicules - arrière,,,,,,,,,,,5,2,1,1,2
200700063732,0007-10-06 00:17:00,7,10,6,0,17,490,267,"0, CHANTERIE",,,Nuit avec éclairage allumé,En agglomération,Giratoire,Normale,Sans collision,,,,,,,,,,,5,2,6,1,7
200700063733,0007-10-08 13:49:00,7,10,8,13,49,490,7,"28 BIS, ROI RENE BOULEVA",,,Plein jour,En agglomération,Hors intersection,Normale,Sans collision,,,,,,,,,,,1,2,1,1,7
200700063734,0007-10-08 20:33:00,7,10,8,20,33,490,7,"9, PONCHON",,,Nuit avec éclairage allumé,En agglomération,Hors intersection,Normale,Autre collision,,,,,,,,,,,5,2,1,1,6
200700063735,0007-10-08 20:39:00,7,10,8,20,39,490,7,"7, GARDOT",,,Nuit avec éclairage allumé,En agglomération,Hors intersection,Normale,Autre collision,,,,,,,,,,,5,2,1,1,6
200700063736,0007-10-10 16:24:00,7,10,10,16,24,490,7,"0, COUBERTIN BOULEVARD",,,Plein jour,En agglomération,Hors intersection,Normale,Deux véhicules - côté,,,,,,,,,,,1,2,1,1,3
200700063737,0007-10-10 18:45:00,7,10,10,18,45,490,7,"0, CHURCHILL AVENUE ET S",,,Plein jour,En agglomération,Hors intersection,Normale,Deux véhicules - côté,,,,,,,,,,,1,2,1,1,3
200700063738,0007-10-11 08:51:00,7,10,11,8,51,490,7,"0, PONTS DE CE",,,Plein jour,En agglomération,Hors intersection,Normale,Autre collision,,,,,,,,,,,1,2,1,1,6
200700063739,0007-10-11 09:04:00,7,10,11,9,4,490,7,"0, RALLIEMENT PLACE",,,Plein jour,En agglomération,Hors intersection,Normale,Autre collision,,,,,,,,,,,1,2,1,1,6
200700063740,0007-10-11 11:17:00,7,10,11,11,17,490,353,"192, JEAN JAURES RUE",,,Plein jour,En agglomération,Hors intersection,Normale,Autre collision,,,,,,,,,,,1,2,1,1,6
200700063741,0007-10-11 18:39:00,7,10,11,18,39,490,267,"24, CHAMP DE LA LOUVE",,,Plein jour,En agglomération,Hors intersection,Normale,Sans collision,,,,,,,,,,,1,2,1,1,7
200700063742,0007-10-13 22:09:00,7,10,13,22,9,490,7,"0, LETANDUERE",,,Nuit avec éclairage allumé,En agglomération,Hors intersection,Normale,Sans collision,,,,,,,,,,,5,2,1,1,7
200700063743,0007-10-13 11:13:00,7,10,13,11,13,490,7,"0, DAGUENET",,,Plein jour,En agglomération,Intersection en X,Normale,Sans collision,,,,,,,,,,,1,2,2,1,7
200700063744,0007-10-12 23:00:00,7,10,12,23,0,490,7,"0, DEUX CROIX BOULEVARD",,,Nuit avec éclairage allumé,En agglomération,Hors intersection,Normale,Autre collision,,,,,,,,,,,5,2,1,1,6
200700063745,0007-10-14 13:49:00,7,10,14,13,49,490,7,"0, DUNANT BOULEVARD",,,Plein jour,En agglomération,Intersection en X,Normale,Autre collision,,,,,,,,,,,1,2,2,1,6
200700063746,0007-10-12 08:15:00,7,10,12,8,15,490,7,"0, ARAGON AVENUE",,,Crépuscule ou aube,En agglomération,Intersection en T,Normale,Deux véhicules - côté,,,,,,,,,,,2,2,3,1,3
200700063747,0007-10-12 14:08:00,7,10,12,14,8,490,15,"0, DE GAULLE AVENUE DU G",,,Plein jour,En agglomération,Intersection en T,Normale,Autre collision,,,,,,,,,,,1,2,3,1,6
200700063748,0007-10-14 20:02:00,7,10,14,20,2,490,353,"0, VEST FERDINANT",,,Nuit avec éclairage allumé,En agglomération,Hors intersection,Normale,Trois véhicules et plus - en chaîne,,,,,,,,,,,5,2,1,1,4
200700063749,0007-10-08 20:30:00,7,10,8,20,30,490,7,"07, GARDOT",,,Nuit sans éclairage public,En agglomération,Hors intersection,Normale,Autre collision,,,,,,,,,,,3,2,1,1,6
200700063750,0007-10-15 16:43:00,7,10,15,16,43,490,7,"56, COUBERTIN BOULEVARD",,,Plein jour,En agglomération,Hors intersection,Normale,Deux véhicules - côté,,,,,,,,,,,1,2,1,1,3
200700063751,0007-10-16 17:00:00,7,10,16,17,0,490,7,"0, DAGUENET",,,Plein jour,En agglomération,Intersection en T,Normale,Deux véhicules - côté,,,,,,,,,,,1,2,3,1,3
200700063752,0007-10-17 06:45:00,7,10,17,6,45,490,7,"95, PYRAMIDE ROUTE",,,Nuit avec éclairage allumé,En agglomération,Hors intersection,Pluie légère,Autre collision,,,,,,,,,,,5,2,1,2,6
200700063753,0007-10-17 10:15:00,7,10,17,10,15,490,7,"0, HAUTE CHAINE PORTE",,,Plein jour,En agglomération,Intersection en T,Normale,Autre collision,,,,,,,,,,,1,2,3,1,6
200700063754,0007-10-17 23:20:00,7,10,17,23,20,490,7,"0, MONPLAISIR BOULEVARD",,,Nuit avec éclairage allumé,En agglomération,Intersection en T,Normale,Autre collision,,,,,,,,,,,5,2,3,1,6
200700063755,0007-10-17 18:50:00,7,10,17,18,50,490,7,"0, VOIE DES BERGES",,,Crépuscule ou aube,En agglomération,Hors intersection,Normale,Trois véhicules et plus - en chaîne,,,,,,,,,,,2,2,1,1,4
200700063756,0007-10-18 08:44:00,7,10,18,8,44,490,7,"0, CHALOUERE",,,Plein jour,En agglomération,Hors intersection,Normale,Autre collision,,,,,,,,,,,1,2,1,1,6
200700063757,0007-10-18 09:16:00,7,10,18,9,16,490,7,"0, TROIS PAROISSES CHEMI",,,Plein jour,En agglomération,Intersection en T,Normale,Deux véhicules - arrière,,,,,,,,,,,1,2,3,1,2
200700063758,0007-10-20 22:50:00,7,10,20,22,50,490,7,"0, GAUTIER RUE ET SQUARE",,,Nuit avec éclairage allumé,En agglomération,Hors intersection,Normale,Sans collision,,,,,,,,,,,5,2,1,1,7
200700063759,0007-10-19 18:05:00,7,10,19,18,5,490,7,"0, GASNIER AVENUE",,,Plein jour,En agglomération,Intersection en T,Normale,Autre collision,,,,,,,,,,,1,2,3,1,6
200700063760,0007-10-19 16:44:00,7,10,19,16,44,490,7,"0, ARAGO BOULEVARD",,,Plein jour,En agglomération,Hors intersection,Normale,Autre collision,,,,,,,,,,,1,2,1,1,6
200700063761,0007-10-19 18:10:00,7,10,19,18,10,490,7,"0, DEUX CROIX BOULEVARD",,,Plein jour,En agglomération,Hors intersection,Normale,Autre collision,,,,,,,,,,,1,2,1,1,6
200700063762,0007-10-20 08:05:00,7,10,20,8,5,490,267,"0, ANGERS ROUTE",,,Plein jour,En agglomération,Intersection en T,Normale,Deux véhicules - côté,,,,,,,,,,,1,2,3,1,3
200700063763,0007-10-19 20:08:00,7,10,19,20,8,490,353,"11, PASTEUR",,,Nuit avec éclairage allumé,En agglomération,Hors intersection,Normale,Deux véhicules - frontale,,,,,,,,,,,5,2,1,1,1
200700063764,0007-10-19 16:15:00,7,10,19,16,15,490,7,"0, DEUX CROIX BOULEVARD",,,Plein jour,En agglomération,Hors intersection,Normale,Deux véhicules - arrière,,,,,,,,,,,1,2,1,1,2
200700063765,0007-10-22 16:38:00,7,10,22,16,38,490,7,"0, FREMOND",,,Plein jour,En agglomération,Intersection en X,Normale,Deux véhicules - côté,,,,,,,,,,,1,2,2,1,3
200700063766,0007-10-20 18:34:00,7,10,20,18,34,490,7,"0, BAUMETTE PROMENADE",,,Plein jour,En agglomération,Hors intersection,Normale,Autre collision,,,,,,,,,,,1,2,1,1,6
200700063767,0007-10-24 11:00:00,7,10,24,11,0,490,246,"0, MOULIN MARCILLE CHEMI",,,Plein jour,Hors agglomération,Hors intersection,Normale,Autre collision,,,,,,,,,,,1,1,1,1,6
200700063768,0007-10-24 17:22:00,7,10,24,17,22,490,353,"0, PASTEUR",,,Plein jour,En agglomération,Hors intersection,Normale,Deux véhicules - côté,,,,,,,,,,,1,2,1,1,3
200700063769,0007-10-26 08:55:00,7,10,26,8,55,490,7,"0, ARBRISSEL",,,Plein jour,En agglomération,Hors intersection,Normale,Autre collision,,,,,,,,,,,1,2,1,1,6
200700063770,0007-10-26 07:45:00,7,10,26,7,45,490,7,"0, SAINT EXUPERY",,,Crépuscule ou aube,En agglomération,Intersection en T,Normale,Autre collision,,,,,,,,,,,2,2,3,1,6
200700063771,0007-10-26 10:09:00,7,10,26,10,9,490,7,"14, VILLEMORGE",,,Plein jour,En agglomération,Hors intersection,Normale,Autre collision,,,,,,,,,,,1,2,1,1,6
200700063772,0007-10-27 19:34:00,7,10,27,19,34,490,267,"0, RN 260",,,Nuit avec éclairage allumé,En agglomération,Hors intersection,Normale,Autre collision,,,,,,,,,,,5,2,1,1,6
200700063773,0007-10-28 03:50:00,7,10,28,3,50,490,246,"0, ROUGET DE L'ISLE",,,Nuit avec éclairage allumé,En agglomération,Hors intersection,Normale,Sans collision,,,,,,,,,,,5,2,1,1,7
200700063774,0007-10-26 16:36:00,7,10,26,16,36,490,7,"78, VOLNEY",,,Plein jour,En agglomération,Hors intersection,Normale,Autre collision,,,,,,,,,,,1,2,1,1,6
200700063775,0007-10-26 12:12:00,7,10,26,12,12,490,7,"40, PASTEUR AVENUE",,,Plein jour,En agglomération,Hors intersection,Normale,Deux véhicules - côté,,,,,,,,,,,1,2,1,1,3
200700063776,0007-10-26 16:05:00,7,10,26,16,5,490,7,"0, RECOUVREUR",,,Plein jour,En agglomération,Hors intersection,Normale,Autre collision,,,,,,,,,,,1,2,1,1,6
200700063777,0007-10-29 09:06:00,7,10,29,9,6,490,7,"0, GRAND MONTREJEAU",,,Plein jour,En agglomération,Hors intersection,Normale,Sans collision,,,,,,,,,,,1,2,1,1,7
200700063778,0007-10-29 09:59:00,7,10,29,9,59,490,15,"0, CROIX CADEAU LIEU DIT",,,Plein jour,En agglomération,Giratoire,Autre,Sans collision,,,,,,,,,,,1,2,6,9,7
200700063779,0007-10-30 11:15:00,7,10,30,11,15,490,7,"39, ROI RENE BOULEVARD",,,Plein jour,En agglomération,Hors intersection,Normale,Autre collision,,,,,,,,,,,1,2,1,1,6
200700063780,0007-10-30 17:41:00,7,10,30,17,41,490,7,"0, GRAND MONTREJEAU",,,Plein jour,En agglomération,Intersection en T,Normale,Deux véhicules - arrière,,,,,,,,,,,1,2,3,1,2
200700063781,0007-10-27 14:45:00,7,10,27,14,45,490,99,TURBAUDIERES (BOULEVARD,,,Plein jour,En agglomération,Intersection en X,Normale,Deux véhicules - côté,,,,,,,,,,,1,2,2,1,3