accident_id,datetime,annee,mois,jour,heure,minute,departement,commune_insee,adresse,latitude,longitude,luminosite,agglomeration,intersection,meteo,collision,nb_vehicules,nb_usagers,nb_indemnes,nb_tues,nb_blesses_hosp,nb_blesses_legers,age_cond_1,age_cond_2,veh_type_cond_1,veh_type_cond_2,lum_code,agg_code,int_code,atm_code,col_code
200700064044,0007-10-04 16:00:00,7,10,4,16,0,590,350,"150, HUGO VICTOR  BVD N°",,,Plein jour,En agglomération,Hors intersection,Normale,Deux véhicules - arrière,,,,,,,,,,,1,2,1,1,2
200700064045,0007-10-04 19:30:00,7,10,4,19,30,590,350,"61, FAUBOURG DE DOUAI N°",,,Nuit avec éclairage allumé,En agglomération,Hors intersection,Normale,Autre collision,,,,,,,,,,,5,2,1,1,6
200700064046,0007-10-05 12:20:00,7,10,5,12,20,590,350,"78, BUISSON FERDINAND RU",,,Plein jour,En agglomération,Hors intersection,Normale,Deux véhicules - arrière,,,,,,,,,,,1,2,1,1,2
200700064047,0007-10-05 07:10:00,7,10,5,7,10,590,328,"169, HIPPODROME AV DE L",,,Plein jour,En agglomération,Intersection en X,Normale,Deux véhicules - côté,,,,,,,,,,,1,2,2,1,3
200700064048,0007-10-04 19:35:00,7,10,4,19,35,590,220,PONT RUE DU,,,Nuit avec éclairage allumé,En agglomération,Hors intersection,Normale,Autre collision,,,,,,,,,,,5,2,1,1,6
200700064049,0007-10-05 17:40:00,7,10,5,17,40,590,350,"4, HUGO VICTOR  BVD N°2",,,Plein jour,En agglomération,Hors intersection,Normale,Autre collision,,,,,,,,,,,1,2,1,1,6
200700064050,0007-10-06 20:20:00,7,10,6,20,20,590,9,"155, JAURES JEAN RUE",,,Nuit sans éclairage public,En agglomération,Intersection en X,Normale,Deux véhicules - côté,,,,,,,,,,,3,2,2,1,3
200700064051,0007-10-07 06:30:00,7,10,7,6,30,590,386,"35, LILAS RUE DES",,,Nuit avec éclairage allumé,En agglomération,Hors intersection,Normale,Autre collision,,,,,,,,,,,5,2,1,1,6
200700064052,0007-10-07 00:30:00,7,10,7,0,30,590,350,"12, TREVISE RUE",,,Nuit avec éclairage allumé,En agglomération,Hors intersection,Normale,Deux véhicules - côté,,,,,,,,,,,5,2,1,1,3
200700064053,0007-10-10 10:25:00,7,10,10,10,25,590,410,"148, BECQUEREL RUE DU",,,Plein jour,En agglomération,Intersection en X,Normale,Deux véhicules - côté,,,,,,,,,,,1,2,2,1,3
200700064054,0007-10-10 14:35:00,7,10,10,14,35,590,378,"549, BAILLY ALBERT RUE",,,Plein jour,En agglomération,Intersection en T,Normale,Deux véhicules - côté,,,,,,,,,,,1,2,3,1,3
200700064055,0007-10-10 18:30:00,7,10,10,18,30,590,350,"51, GUESDE JULES RUE",,,Plein jour,En agglomération,Hors intersection,Normale,Autre collision,,,,,,,,,,,1,2,1,1,6
200700064056,0007-10-10 16:35:00,7,10,10,16,35,590,350,"59, PLAINE RUE",,,Plein jour,En agglomération,Intersection en X,Normale,Deux véhicules - côté,,,,,,,,,,,1,2,2,1,3
200700064057,0007-10-10 15:39:00,7,10,10,15,39,590,350,"5, BLUM LEON RUE",,,Plein jour,En agglomération,Hors intersection,Normale,Autre collision,,,,,,,,,,,1,2,1,1,6
200700064058,0007-10-11 16:55:00,7,10,11,16,55,590,350,DELORY GUSTAVE RUE,,,Plein jour,En agglomération,Hors intersection,Normale,Deux véhicules - côté,,,,,,,,,,,1,2,1,1,3
200700064059,0007-10-12 07:35:00,7,10,12,7,35,590,378,FOCH AVENUE N°2-130,,,Crépuscule ou aube,En agglomération,Intersection en T,Brouillard / fumée,Deux véhicules - côté,,,,,,,,,,,2,2,3,5,3
200700064060,0007-10-12 08:00:00,7,10,12,8,0,590,9,OUEST BOULEVARD DE L,,,Plein jour,En agglomération,Intersection en T,Normale,Deux véhicules - côté,,,,,,,,,,,1,2,3,1,3
200700064061,0007-10-14 01:20:00,7,10,14,1,20,590,350,AGACHES RUE 7,,,Nuit avec éclairage allumé,En agglomération,Intersection en X,Normale,Autre collision,,,,,,,,,,,5,2,2,1,6
200700064062,0007-10-14 17:30:00,7,10,14,17,30,590,350,"52, ESPLANADE FACADE",,,Plein jour,En agglomération,Hors intersection,Normale,Deux véhicules - arrière,,,,,,,,,,,1,2,1,1,2
200700064063,0007-10-14 18:45:00,7,10,14,18,45,590,378,COUTURE RUE DE LA,,,Nuit avec éclairage non allumé,En agglomération,Hors intersection,Normale,Deux véhicules - côté,,,,,,,,,,,4,2,1,1,3
200700064064,0007-10-15 07:40:00,7,10,15,7,40,590,350,LAGUESSE RUE PROFESSEUR,,,Plein jour,En agglomération,Hors intersection,Normale,Deux véhicules - côté,,,,,,,,,,,1,2,1,1,3
200700064065,0007-10-15 17:00:00,7,10,15,17,0,590,350,"Sans Objet, CABANIS RUE",,,Plein jour,En agglomération,Intersection en X,Normale,Deux véhicules - côté,,,,,,,,,,,1,2,2,1,3
200700064066,0007-10-12 12:25:00,7,10,12,12,25,590,350,"001, PARIS RUE N° RESTE",,,Plein jour,En agglomération,Intersection en T,Normale,Deux véhicules - côté,,,,,,,,,,,1,2,3,1,3
200700064067,0007-10-12 19:00:00,7,10,12,19,0,590,350,GUESDE JULES RUE,,,Plein jour,En agglomération,Hors intersection,Normale,Sans collision,,,,,,,,,,,1,2,1,1,7
200700064068,0007-10-17 11:00:00,7,10,17,11,0,590,360,PARE AMBROISE RUE,,,Plein jour,En agglomération,Intersection en X,Pluie légère,Deux véhicules - côté,,,,,,,,,,,1,2,2,2,3
200700064069,0007-10-17 14:00:00,7,10,17,14,0,590,560,"99, BOUVRY ROGER RUE",,,Plein jour,En agglomération,Hors intersection,Pluie légère,Autre collision,,,,,,,,,,,1,2,1,2,6
200700064070,0007-10-18 07:20:00,7,10,18,7,20,590,350,"9, LORRAINE BOULEVARD",,,Crépuscule ou aube,En agglomération,Hors intersection,Pluie légère,Autre collision,,,,,,,,,,,2,2,1,2,6
200700064071,0007-10-18 08:55:00,7,10,18,8,55,590,378,"001, COLLEGE RUE DU",,,Plein jour,En agglomération,Hors intersection,Pluie légère,Deux véhicules - côté,,,,,,,,,,,1,2,1,2,3
200700064072,0007-10-06 19:00:00,7,10,6,19,0,590,350,DUNKERQUE AVENUE DE,,,Plein jour,En agglomération,Hors intersection,Normale,Deux véhicules - côté,,,,,,,,,,,1,2,1,1,3
200700064073,0007-10-12 16:30:00,7,10,12,16,30,590,360,"00, SEQUEDIN ROUTE DE",,,Plein jour,En agglomération,Intersection en T,Normale,Autre collision,,,,,,,,,,,1,2,3,1,6
200700064074,0007-10-16 16:55:00,7,10,16,16,55,590,9,"225, GUESDE JULES RUE",,,Plein jour,En agglomération,Hors intersection,Normale,Autre collision,,,,,,,,,,,1,2,1,1,6
200700064075,0007-10-18 11:10:00,7,10,18,11,10,590,316,LAMPIN GEORGES RUE,,,Plein jour,En agglomération,Hors intersection,Normale,Deux véhicules - frontale,,,,,,,,,,,1,2,1,1,1
200700064076,0007-10-18 17:30:00,7,10,18,17,30,590,378,"837, REPUBLIQUE AV DE LA",,,Plein jour,En agglomération,Hors intersection,Normale,Autre collision,,,,,,,,,,,1,2,1,1,6
200700064077,0007-10-18 16:15:00,7,10,18,16,15,590,368,"220, REPUBLIQUE AVENUE D",,,Plein jour,En agglomération,Hors intersection,Temps couvert,Deux véhicules - arrière,,,,,,,,,,,1,2,1,8,2
200700064078,0007-10-18 08:50:00,7,10,18,8,50,590,343,"00, JAURES JEAN RUE",,,Plein jour,En agglomération,Intersection en T,Normale,Autre collision,,,,,,,,,,,1,2,3,1,6
200700064079,0007-10-19 12:00:00,7,10,19,12,0,590,328,COLISEE AVENUE DU,,,Plein jour,En agglomération,Intersection en X,Normale,Autre collision,,,,,,,,,,,1,2,2,1,6
200700064080,0007-10-19 16:10:00,7,10,19,16,10,590,350,"88, LIBERTE BVD N°147 A",,,Plein jour,En agglomération,Intersection en X,Normale,Deux véhicules - côté,,,,,,,,,,,1,2,2,1,3
200700064081,0007-10-19 16:00:00,7,10,19,16,0,590,378,"157, MARNE AVENUE DE LA",,,Plein jour,Hors agglomération,Hors intersection,Normale,Autre collision,,,,,,,,,,,1,1,1,1,6
200700064082,0007-10-21 15:00:00,7,10,21,15,0,590,350,"149 bis, JACQUARD RUE",,,Plein jour,En agglomération,Hors intersection,Normale,Autre collision,,,,,,,,,,,1,2,1,1,6
200700064083,0007-10-21 19:32:00,7,10,21,19,32,590,378,"133, CLEMENCEAU BLVD (N°",,,Nuit avec éclairage allumé,En agglomération,Hors intersection,Normale,Deux véhicules - côté,,,,,,,,,,,5,2,1,1,3
200700064084,0007-10-20 22:25:00,7,10,20,22,25,590,350,"243, NATIONALE RUE N°2 A",,,Plein jour,En agglomération,Intersection en X,Normale,Deux véhicules - côté,,,,,,,,,,,1,2,2,1,3
200700064085,0007-10-22 17:00:00,7,10,22,17,0,590,378,"200, CLEMENCEAU BLVD (N°",,,Plein jour,En agglomération,Hors intersection,Normale,Deux véhicules - côté,,,,,,,,,,,1,2,1,1,3
200700064086,0007-10-10 20:30:00,7,10,10,20,30,590,9,ALBERT 1ER BOULEVARD,,,Nuit avec éclairage allumé,En agglomération,Giratoire,Normale,Sans collision,,,,,,,,,,,5,2,6,1,7
200700064087,0007-10-22 18:45:00,7,10,22,18,45,590,220,"83, ARRAS ROUTE D     N°",,,Nuit avec éclairage allumé,En agglomération,Hors intersection,Normale,Trois véhicules et plus - collisions multiples,,,,,,,,,,,5,2,1,1,5
200700064088,0007-10-23 08:10:00,7,10,23,8,10,590,378,"18, BAILLY ALBERT RUE",,,Plein jour,En agglomération,Hors intersection,Normale,Autre collision,,,,,,,,,,,1,2,1,1,6
200700064089,0007-10-23 08:30:00,7,10,23,8,30,590,585,"19, DE GAULLE RUE DU GEN",,,Plein jour,En agglomération,Hors intersection,Normale,Deux véhicules - côté,,,,,,,,,,,1,2,1,1,3
200700064090,0007-10-23 12:30:00,7,10,23,12,30,590,343,JAURES JEAN RUE,,,Plein jour,En agglomération,Intersection en T,Normale,Deux véhicules - côté,,,,,,,,,,,1,2,3,1,3
200700064091,0007-10-23 11:35:00,7,10,23,11,35,590,9,"001, TOURNAI BOULEVARD D",,,Plein jour,En agglomération,Intersection en X,Normale,Deux véhicules - côté,,,,,,,,,,,1,2,2,1,3
200700064092,0007-10-24 04:50:00,7,10,24,4,50,590,350,"001, LEZENNES BOULEVARD",,,Nuit avec éclairage allumé,En agglomération,Hors intersection,Normale,Deux véhicules - côté,,,,,,,,,,,5,2,1,1,3
200700064093,0007-10-24 15:20:00,7,10,24,15,20,590,350,"13, VALLES JULES RUE",,,Plein jour,En agglomération,Intersection en Y,Normale,Deux véhicules - arrière,,,,,,,,,,,1,2,4,1,2
200700064094,0007-10-24 19:45:00,7,10,24,19,45,590,9,"04, MONS BOULEVARD DE",,,Nuit avec éclairage allumé,En agglomération,Autre intersection,Normale,Autre collision,,,,,,,,,,,5,2,9,1,6
200700064095,0007-10-23 18:40:00,7,10,23,18,40,590,350,VERDUN BVD N°  RESTE,,,Plein jour,En agglomération,Intersection en X,Normale,Deux véhicules - côté,,,,,,,,,,,1,2,2,1,3
200700064096,0007-10-23 13:20:00,7,10,23,13,20,590,350,"20, ESQUERMES RUE D N° P",,,Plein jour,En agglomération,Hors intersection,Normale,Autre collision,,,,,,,,,,,1,2,1,1,6
200700064097,0007-10-25 08:25:00,7,10,25,8,25,590,350,"139, LIBERTE BVD N°2 A 9",,,Plein jour,En agglomération,Intersection en X,Normale,Autre collision,,,,,,,,,,,1,2,2,1,6
200700064098,0007-10-25 12:45:00,7,10,25,12,45,590,350,DORMOY MARX AVENUE,,,Plein jour,En agglomération,Hors intersection,Normale,Deux véhicules - arrière,,,,,,,,,,,1,2,1,1,2
200700064099,0007-10-27 11:00:00,7,10,27,11,0,590,636,"161, MAIRE-CATTEAU AVENU",,,Plein jour,En agglomération,Hors intersection,Normale,Autre collision,,,,,,,,,,,1,2,1,1,6
200700064100,0007-10-27 19:00:00,7,10,27,19,0,590,350,RIHOUR PLACE,,,Nuit avec éclairage allumé,En agglomération,Hors intersection,Pluie légère,Autre collision,,,,,,,,,,,5,2,1,2,6
200700064101,0007-10-27 16:20:00,7,10,27,16,20,590,368,"139, SALENGRO ROGER RUE",,,Plein jour,En agglomération,Hors intersection,Normale,Deux véhicules - arrière,,,,,,,,,,,1,2,1,1,2
200700064102,0007-10-28 19:45:00,7,10,28,19,45,590,350,"02 BIS, MICHELET PLACE",,,Nuit avec éclairage allumé,En agglomération,Hors intersection,Normale,Autre collision,,,,,,,,,,,5,2,1,1,6
200700064103,0007-10-29 19:30:00,7,10,29,19,30,590,386,"24, WAMBRECHIES RUE DE",,,Nuit avec éclairage allumé,En agglomération,Intersection en T,Pluie légère,Autre collision,,,,,,,,,,,5,2,3,2,6
200700064104,0007-10-31 07:50:00,7,10,31,7,50,590,360,"001, MOCQUET GUY RUE",,,Plein jour,En agglomération,Hors intersection,Normale,Deux véhicules - frontale,,,,,,,,,,,1,2,1,1,1
200700064105,0007-10-31 11:45:00,7,10,31,11,45,590,507,"4, CLEMENCEAU RUE",,,Plein jour,En agglomération,Hors intersection,Normale,Autre collision,,,,,,,,,,,1,2,1,1,6
200700064106,0007-10-31 13:20:00,7,10,31,13,20,590,378,"0, CLEMENCEAU BLVD (N°16",,,Plein jour,En agglomération,Intersection en X,Normale,Autre collision,,,,,,,,,,,1,2,2,1,6
200700064107,0007-10-31 18:30:00,7,10,31,18,30,590,350,"330, SALENGRO ROGER RUE",,,Crépuscule ou aube,En agglomération,Hors intersection,Normale,Sans collision,,,,,,,,,,,2,2,1,1,7
200700064108,0007-10-31 19:30:00,7,10,31,19,30,590,360,REPUBLIQUE BOULEVARD DE,,,Nuit avec éclairage allumé,En agglomération,Intersection en T,Normale,Deux véhicules - côté,,,,,,,,,,,5,2,3,1,3
200700064109,0007-10-24 09:35:00,7,10,24,9,35,590,350,"13, MOSELLE BOULEVARD N°",,,Plein jour,En agglomération,Hors intersection,Normale,Autre collision,,,,,,,,,,,1,2,1,1,6
200700064110,0007-10-31 05:30:00,7,10,31,5,30,590,386,"17, INDUSTRIELLE AVENUE",,,Nuit avec éclairage allumé,En agglomération,Hors intersection,Normale,Deux véhicules - arrière,,,,,,,,,,,5,2,1,1,2
200700064111,0007-10-18 07:00:00,7,10,18,7,0,590,350,"33, FUSILLES RUE DES",,,Nuit avec éclairage allumé,En agglomération,Hors intersection,Pluie légère,Autre collision,,,,,,,,,,,5,2,1,2,6
200700064112,0007-10-24 08:05:00,7,10,24,8,5,590,9,PERRIN JEAN  AVENUE,,,Plein jour,En agglomération,Hors intersection,Normale,Autre collision,,,,,,,,,,,1,2,1,1,6
200700064113,0007-10-07 17:20:00,7,10,7,17,20,590,291,MAUBEUGE (RUE DE),,,Plein jour,En agglomération,Hors intersection,Normale,Autre collision,,,,,,,,,,,1,2,1,1,6
200700064114,0007-10-15 09:30:00,7,10,15,9,30,590,230,"66, CLEMENCEAU (AVENUE)",,,Plein jour,En agglomération,Hors intersection,Normale,Sans collision,,,,,,,,,,,1,2,1,1,7
200700064115,0007-10-27 21:50:00,7,10,27,21,50,590,365,"95, JULES GALLOIS (RUE)",,,Nuit avec éclairage allumé,En agglomération,Hors intersection,Normale,Deux véhicules - côté,,,,,,,,,,,5,2,1,1,3
200700064116,0007-10-01 17:53:00,7,10,1,17,53,590,365,JULES GALLOIS (RUE),,,Plein jour,Hors agglomération,Hors intersection,Pluie légère,Deux véhicules - arrière,,,,,,,,,,,1,1,1,2,2
200700064117,0007-10-03 13:40:00,7,10,3,13,40,590,650,FAIDHERBE (RUE),,,Plein jour,En agglomération,Intersection en T,Pluie forte,Autre collision,,,,,,,,,,,1,2,3,3,6
200700064118,0007-10-05 13:25:00,7,10,5,13,25,590,512,LINNE ( AVENUE),,,Plein jour,En agglomération,Intersection en T,Normale,Deux véhicules - arrière,,,,,,,,,,,1,2,3,1,2
200700064119,0007-10-04 07:20:00,7,10,4,7,20,590,512,EPINOY (RUE D'),,,Nuit avec éclairage allumé,En agglomération,Intersection en X,Normale,Autre collision,,,,,,,,,,,5,2,2,1,6
200700064120,0007-10-03 18:20:00,7,10,3,18,20,590,650,CARNOT (RUE),,,Nuit avec éclairage allumé,En agglomération,Hors intersection,Pluie forte,Autre collision,,,,,,,,,,,5,2,1,3,6
200700064121,0007-10-06 16:50:00,7,10,6,16,50,590,512,CONDE (RUE DE),,,Plein jour,En agglomération,Intersection en X,Normale,Deux véhicules - côté,,,,,,,,,,,1,2,2,1,3
200700064122,0007-10-05 21:10:00,7,10,5,21,10,590,367,LEBAS (RUE JEAN BAPTISTE,,,Nuit avec éclairage allumé,En agglomération,Intersection en X,Normale,Deux véhicules - côté,,,,,,,,,,,5,2,2,1,3
200700064123,0007-10-08 17:55:00,7,10,8,17,55,590,512,TOURCOING (RUE DE),,,Plein jour,En agglomération,Hors intersection,Normale,Autre collision,,,,,,,,,,,1,2,1,1,6
200700064124,0007-10-04 14:10:00,7,10,4,14,10,590,650,FAIDHERBE (RUE),,,Plein jour,En agglomération,Intersection en X,Normale,Deux véhicules - côté,,,,,,,,,,,1,2,2,1,3
200700064125,0007-10-06 13:26:00,7,10,6,13,26,590,512,VIGNE (RUE DE LA),,,Plein jour,En agglomération,Intersection en X,Normale,Deux véhicules - côté,,,,,,,,,,,1,2,2,1,3
200700064126,0007-10-07 15:55:00,7,10,7,15,55,590,512,CAMBRAI (BOULEVARD DE),,,Plein jour,En agglomération,Intersection en X,Normale,Autre collision,,,,,,,,,,,1,2,2,1,6
200700064127,0007-10-03 15:00:00,7,10,3,15,0,590,512,GRANDE RUE,,,Plein jour,En agglomération,Intersection en X,Normale,Autre collision,,,,,,,,,,,1,2,2,1,6
200700064128,0007-10-15 19:10:00,7,10,15,19,10,590,512,SOUBISE (RUE DE),,,Nuit avec éclairage allumé,Hors agglomération,Intersection en X,Normale,Autre collision,,,,,,,,,,,5,1,2,1,6
200700064129,0007-10-15 13:50:00,7,10,15,13,50,590,512,NATIONS UNIES (AVENUE DE,,,Plein jour,En agglomération,Intersection en X,Normale,Deux véhicules - côté,,,,,,,,,,,1,2,2,1,3
200700064130,0007-10-15 08:05:00,7,10,15,8,5,590,332,TOURNAI (RUE DE),,,Nuit avec éclairage allumé,En agglomération,Hors intersection,Normale,Autre collision,,,,,,,,,,,5,2,1,1,6
200700064131,0007-10-21 12:15:00,7,10,21,12,15,590,512,VERDUN (AVENUE DE),,,Plein jour,En agglomération,Hors intersection,Normale,Deux véhicules - frontale,,,,,,,,,,,1,2,1,1,1
200700064132,0007-10-18 18:15:00,7,10,18,18,15,590,299,MARNE (AVENUE DE),,,Plein jour,En agglomération,Intersection en X,Normale,Deux véhicules - frontale,,,,,,,,,,,1,2,2,1,1
200700064133,0007-10-22 10:45:00,7,10,22,10,45,590,512,LIMITE (RUE DE LA),,,Plein jour,En agglomération,Hors intersection,Normale,Autre collision,,,,,,,,,,,1,2,1,1,6
200700064134,0007-10-06 09:05:00,7,10,6,9,5,590,512,BELFORT (BOULEVARD DE),,,Plein jour,En agglomération,Intersection en T,Normale,Autre collision,,,,,,,,,,,1,2,3,1,6
200700064135,0007-10-10 18:20:00,7,10,10,18,20,590,367,LECLERC (RUE DU GENERAL),,,Plein jour,En agglomération,Intersection en X,Normale,Deux véhicules - frontale,,,,,,,,,,,1,2,2,1,1
200700064136,0007-10-19 17:32:00,7,10,19,17,32,590,650,MOUSCRON (RUE DE),,,Plein jour,En agglomération,Hors intersection,Normale,Deux véhicules - arrière,,,,,,,,,,,1,2,1,1,2
200700064137,0007-10-31 10:20:00,7,10,31,10,20,590,512,FOURMIES (BOULEVARD DE),,,Plein jour,Hors agglomération,Hors intersection,Normale,Deux véhicules - arrière,,,,,,,,,,,1,1,1,1,2
200700064138,0007-10-30 15:40:00,7,10,30,15,40,590,163,CURIE (RUE PIERRE),,,Plein jour,En agglomération,Giratoire,Normale,Deux véhicules - côté,,,,,,,,,,,1,2,6,1,3
200700064139,0007-10-28 11:10:00,7,10,28,11,10,590,512,ARTS  (RUE DES),,,Plein jour,En agglomération,Hors intersection,Normale,Autre collision,,,,,,,,,,,1,2,1,1,6
200700064140,0007-10-28 09:18:00,7,10,28,9,18,590,512,NATIONS UNIES (AVENUE DE,,,Plein jour,En agglomération,Intersection en X,Normale,Deux véhicules - côté,,,,,,,,,,,1,2,2,1,3
200700064141,0007-10-28 08:28:00,7,10,28,8,28,590,512,STRASBOURG (BOULEVARD DE,,,Plein jour,En agglomération,Hors intersection,Normale,Autre collision,,,,,,,,,,,1,2,1,1,6
200700064142,0007-10-27 09:45:00,7,10,27,9,45,590,367,MEUNIER (RUE),,,Plein jour,En agglomération,Autre intersection,Normale,Deux véhicules - côté,,,,,,,,,,,1,2,9,1,3
200700064143,0007-10-27 09:10:00,7,10,27,9,10,590,512,INKERMAN (RUE D'),,,Plein jour,En agglomération,Intersection en X,Temps couvert,Deux véhicules - frontale,,,,,,,,,,,1,2,2,8,1
200700064144,0007-10-26 15:20:00,7,10,26,15,20,590,512,LACORDAIRE,,,Plein jour,En agglomération,Hors intersection,Normale,Autre collision,,,,,,,,,,,1,2,1,1,6
200700064145,0007-10-25 19:15:00,7,10,25,19,15,590,512,ANTOING (RUE D'),,,Nuit avec éclairage allumé,En agglomération,Intersection en T,Normale,Deux véhicules - côté,,,,,,,,,,,5,2,3,1,3
200700064146,0007-10-25 08:20:00,7,10,25,8,20,590,512,DELORY  (AVENUE GUSTAVE),,,Plein jour,En agglomération,Hors intersection,Normale,Deux véhicules - arrière,,,,,,,,,,,1,2,1,1,2
200700064147,0007-10-25 07:45:00,7,10,25,7,45,590,512,DUNANT (RUE HENRI),,,Nuit avec éclairage allumé,En agglomération,Hors intersection,Pluie forte,Sans collision,,,,,,,,,,,5,2,1,3,7
200700064148,0007-10-25 07:50:00,7,10,25,7,50,590,512,DELORY  (AVENUE GUSTAVE),,,Crépuscule ou aube,En agglomération,Intersection en T,Normale,Deux véhicules - frontale,,,,,,,,,,,2,2,3,1,1
200700064149,0007-10-23 12:30:00,7,10,23,12,30,590,512,COQ FRANCAIS (RUE DU),,,Plein jour,En agglomération,Giratoire,Normale,Autre collision,,,,,,,,,,,1,2,6,1,6
200700064150,0007-10-10 08:10:00,7,10,10,8,10,590,163,GARE (RUE DE LA),,,Plein jour,En agglomération,Intersection en X,Pluie légère,Deux véhicules - côté,,,,,,,,,,,1,2,2,2,3
200700064151,0007-10-24 12:30:00,7,10,24,12,30,590,646,WASTYN (RUE JEAN),,,Plein jour,En agglomération,Intersection en X,Normale,Deux véhicules - côté,,,,,,,,,,,1,2,2,1,3
200700064152,0007-10-17 09:25:00,7,10,17,9,25,590,646,PASTEUR (RUE),,,Plein jour,En agglomération,Hors intersection,Pluie forte,Autre collision,,,,,,,,,,,1,2,1,3,6
200700064153,0007-10-31 10:35:00,7,10,31,10,35,590,512,BOUCICAUT (RUE),,,Plein jour,Hors agglomération,Intersection en T,Normale,Deux véhicules - côté,,,,,,,,,,,1,1,3,1,3
200700064154,0007-10-11 06:00:00,7,10,11,6,0,590,526,DE NIVELLE,,,Nuit avec éclairage allumé,En agglomération,Giratoire,Brouillard / fumée,Deux véhicules - côté,,,,,,,,,,,5,2,6,5,3
200700064155,0007-10-18 17:30:00,7,10,18,17,30,590,526,"40, AV DU CLOS",,,Plein jour,En agglomération,Intersection en X,Normale,Deux véhicules - côté,,,,,,,,,,,1,2,2,1,3
200700064156,0007-10-31 09:35:00,7,10,31,9,35,590,526,HENRI DURRE,,,Plein jour,En agglomération,Hors intersection,Normale,Autre collision,,,,,,,,,,,1,2,1,1,6
200700064157,0007-10-07 23:00:00,7,10,7,23,0,590,599,TOUQUET (RUE DU),,,Nuit avec éclairage allumé,En agglomération,Intersection en X,Normale,Deux véhicules - côté,,,,,,,,,,,5,2,2,1,3
200700064158,0007-10-08 10:05:00,7,10,8,10,5,590,599,"565, GAND (RUE DE)",,,Plein jour,En agglomération,Hors intersection,Normale,Autre collision,,,,,,,,,,,1,2,1,1,6
200700064159,0007-10-09 10:00:00,7,10,9,10,0,590,352,ROUBAIX (RUE DE),,,Plein jour,En agglomération,Giratoire,Normale,Autre collision,,,,,,,,,,,1,2,6,1,6
200700064160,0007-10-10 17:15:00,7,10,10,17,15,590,508,"4, CHARPENTIER (RUE GUST",,,Plein jour,En agglomération,Hors intersection,Normale,Autre collision,,,,,,,,,,,1,2,1,1,6
200700064161,0007-10-11 10:00:00,7,10,11,10,0,590,279,LINSELLES (ROUTE DE),,,Plein jour,Hors agglomération,Hors intersection,Brouillard / fumée,Deux véhicules - côté,,,,,,,,,,,1,1,1,5,3
200700064162,0007-10-12 06:00:00,7,10,12,6,0,590,508,", FLANDRES (RESIDENCE DE",,,Nuit avec éclairage allumé,En agglomération,Hors intersection,Brouillard / fumée,Sans collision,,,,,,,,,,,5,2,1,5,7
200700064163,0007-10-14 02:25:00,7,10,14,2,25,590,599,"1, HAVRE (QUAI DU)",,,Nuit avec éclairage allumé,En agglomération,Hors intersection,Normale,Autre collision,,,,,,,,,,,5,2,1,1,6
200700064164,0007-10-14 01:35:00,7,10,14,1,35,590,599,"110, COLBERT (RUE)",,,Nuit avec éclairage allumé,En agglomération,Hors intersection,Normale,Sans collision,,,,,,,,,,,5,2,1,1,7
200700064165,0007-10-16 16:50:00,7,10,16,16,50,590,279,"83, LILLE (RUE DE)",,,Plein jour,En agglomération,Hors intersection,Normale,Autre collision,,,,,,,,,,,1,2,1,1,6
200700064166,0007-10-16 17:30:00,7,10,16,17,30,590,508,"AUCUN, THOREZ (RUE MAURI",,,Plein jour,En agglomération,Hors intersection,Normale,Deux véhicules - arrière,,,,,,,,,,,1,2,1,1,2
200700064167,0007-10-16 19:20:00,7,10,16,19,20,590,599,SASSELANGE (RUE EDOUARD),,,Nuit avec éclairage allumé,En agglomération,Hors intersection,Normale,Deux véhicules - côté,,,,,,,,,,,5,2,1,1,3
200700064168,0007-10-17 21:40:00,7,10,17,21,40,590,279,"316, LILLE (RUE DE)",,,Nuit avec éclairage allumé,En agglomération,Hors intersection,Normale,Autre collision,,,,,,,,,,,5,2,1,1,6
200700064169,0007-10-17 17:35:00,7,10,17,17,35,590,599,"365, MALCENSE (RUE DE LA",,,Plein jour,En agglomération,Hors intersection,Normale,Autre collision,,,,,,,,,,,1,2,1,1,6
200700064170,0007-10-18 17:45:00,7,10,18,17,45,590,599,"183, INGRES (RUE)",,,Plein jour,En agglomération,Hors intersection,Normale,Autre collision,,,,,,,,,,,1,2,1,1,6
200700064171,0007-10-20 17:10:00,7,10,20,17,10,590,599,"261, PARIS (RUE DE)",,,Plein jour,En agglomération,Hors intersection,Temps éblouissant,Deux véhicules - côté,,,,,,,,,,,1,2,1,7,3
200700064172,0007-10-23 15:40:00,7,10,23,15,40,590,599,LEVANT (RUE DU),,,Plein jour,En agglomération,Hors intersection,Normale,Deux véhicules - côté,,,,,,,,,,,1,2,1,1,3
200700064173,0007-10-14 12:00:00,7,10,14,12,0,590,599,"76, INDUSTRIE (RUE DE L'",,,Plein jour,En agglomération,Hors intersection,Normale,Deux véhicules - frontale,,,,,,,,,,,1,2,1,1,1
200700064174,0007-10-25 18:35:00,7,10,25,18,35,590,508,"353, LILLE (RUE DE)LATER",,,Crépuscule ou aube,En agglomération,Intersection en T,Normale,Autre collision,,,,,,,,,,,2,2,3,1,6
200700064175,0007-10-26 00:30:00,7,10,26,0,30,590,599,PERI (RUE GABRIEL),,,Nuit avec éclairage allumé,En agglomération,Hors intersection,Normale,Autre collision,,,,,,,,,,,5,2,1,1,6
200700064176,0007-10-27 11:15:00,7,10,27,11,15,590,599,INGRES (RUE),,,Plein jour,En agglomération,Intersection en T,Normale,Autre collision,,,,,,,,,,,1,2,3,1,6