accident_id,datetime,annee,mois,jour,heure,minute,departement,commune_insee,adresse,latitude,longitude,luminosite,agglomeration,intersection,meteo,collision,nb_vehicules,nb_usagers,nb_indemnes,nb_tues,nb_blesses_hosp,nb_blesses_legers,age_cond_1,age_cond_2,veh_type_cond_1,veh_type_cond_2,lum_code,agg_code,int_code,atm_code,col_code
200700064177,0007-10-30 08:00:00,7,10,30,8,0,590,279,"215, NEUVILLE (ROUTE DE)",,,Plein jour,En agglomération,Hors intersection,Normale,Sans collision,,,,,,,,,,,1,2,1,1,7
200700064178,0007-10-29 17:25:00,7,10,29,17,25,590,599,"165, CARLIERS (RUE DES)",,,Crépuscule ou aube,En agglomération,Intersection en X,Normale,Autre collision,,,,,,,,,,,2,2,2,1,6
200700064179,0007-10-23 15:30:00,7,10,23,15,30,590,606,"117, DAMPIERRE (AVENUE)",,,Plein jour,En agglomération,Intersection en T,Normale,Autre collision,,,,,,,,,,,1,2,3,1,6
200700064180,0007-10-01 10:00:00,7,10,1,10,0,590,112,"00, JAURES (RUE JEAN)",,,Plein jour,En agglomération,Hors intersection,Pluie forte,Deux véhicules - côté,,,,,,,,,,,1,2,1,3,3
200700064181,0007-10-06 18:30:00,7,10,6,18,30,590,564,"00, JAURES (AVENUE JEAN)",,,Plein jour,En agglomération,Hors intersection,Normale,Autre collision,,,,,,,,,,,1,2,1,1,6
200700064182,0007-10-06 23:20:00,7,10,6,23,20,590,606,MONS (RUE DE),,,Nuit avec éclairage allumé,En agglomération,Hors intersection,Normale,Deux véhicules - arrière,,,,,,,,,,,5,2,1,1,2
200700064183,0007-10-05 04:30:00,7,10,5,4,30,590,491,"00, CUVELLIER (RUE PIERR",,,Nuit sans éclairage public,Hors agglomération,Hors intersection,Brouillard / fumée,Autre collision,,,,,,,,,,,3,1,1,5,6
200700064184,0007-10-06 20:20:00,7,10,6,20,20,590,606,"193, LIEGE (AVENUE DE)",,,Nuit avec éclairage allumé,En agglomération,Hors intersection,Normale,Deux véhicules - côté,,,,,,,,,,,5,2,1,1,3
200700064185,0007-10-09 14:45:00,7,10,9,14,45,590,112,"89, JAURES (RUE JEAN)",,,Plein jour,En agglomération,Hors intersection,Normale,Deux véhicules - arrière,,,,,,,,,,,1,2,1,1,2
200700064186,0007-10-19 19:00:00,7,10,19,19,0,590,606,REPUBLIQUE (PLACE DE LA),,,Nuit avec éclairage allumé,En agglomération,Intersection en X,Normale,Deux véhicules - côté,,,,,,,,,,,5,2,2,1,3
200700064187,0007-10-25 12:55:00,7,10,25,12,55,590,112,"25, JAURES (RUE JEAN)",,,Plein jour,En agglomération,Hors intersection,Normale,Autre collision,,,,,,,,,,,1,2,1,1,6
200700064188,0007-10-28 00:20:00,7,10,28,0,20,590,613,RD 50,,,Nuit sans éclairage public,Hors agglomération,Intersection en T,Normale,Deux véhicules - côté,,,,,,,,,,,3,1,3,1,3
200700064189,0007-10-17 15:05:00,7,10,17,15,5,590,606,"209, DENAIN (AVENUE DE)",,,Plein jour,En agglomération,Hors intersection,Normale,Trois véhicules et plus - collisions multiples,,,,,,,,,,,1,2,1,1,5
200700064190,0007-10-31 12:00:00,7,10,31,12,0,590,112,"52, JAURES (RUE JEAN)",,,Plein jour,En agglomération,Hors intersection,Normale,Autre collision,,,,,,,,,,,1,2,1,1,6
200700064191,0007-10-02 08:30:00,7,10,2,8,30,590,14,"13, BEAULIEUX (RUE DU SO",,,Plein jour,En agglomération,Intersection en T,Normale,Autre collision,,,,,,,,,,,1,2,3,1,6
200700064192,0007-10-08 08:51:00,7,10,8,8,51,590,606,"218, DESANDROUIN (AV) -",,,Plein jour,En agglomération,Intersection en T,Normale,Autre collision,,,,,,,,,,,1,2,3,1,6
200700064193,0007-10-19 08:00:00,7,10,19,8,0,590,606,"20, PATER (BOULEVARD)",,,Plein jour,En agglomération,Hors intersection,Normale,Autre collision,,,,,,,,,,,1,2,1,1,6
200700064194,0007-10-13 20:50:00,7,10,13,20,50,600,57,TAPISSERIE (RUE DE LA),,,Nuit avec éclairage allumé,En agglomération,Hors intersection,Normale,Deux véhicules - arrière,,,,,,,,,,,5,2,1,1,2
200700064195,0007-10-11 20:15:00,7,10,11,20,15,600,57,"83, JEAN MERMOZ (AVENUE)",,,Nuit avec éclairage allumé,En agglomération,Intersection en X,Normale,Deux véhicules - côté,,,,,,,,,,,5,2,2,1,3
200700064196,0007-10-06 10:00:00,7,10,6,10,0,600,159,VIVENEL,,,Plein jour,En agglomération,Hors intersection,Normale,Autre collision,,,,,,,,,,,1,2,1,1,6
200700064197,0007-10-19 10:00:00,7,10,19,10,0,600,159,RN 131,,,Plein jour,Hors agglomération,Giratoire,Normale,Autre collision,,,,,,,,,,,1,1,6,1,6
200700064198,0007-10-21 19:30:00,7,10,21,19,30,600,159,BERTHELOT (AV. MARCELIN),,,Nuit avec éclairage allumé,Hors agglomération,Giratoire,Normale,Autre collision,,,,,,,,,,,5,1,6,1,6
200700064199,0007-10-23 11:45:00,7,10,23,11,45,600,159,HUY (AV. DE),,,Plein jour,En agglomération,Intersection en T,Normale,Deux véhicules - côté,,,,,,,,,,,1,2,3,1,3
200700064200,0007-10-31 22:15:00,7,10,31,22,15,600,159,SOLFERINO,,,Nuit avec éclairage allumé,En agglomération,Intersection en T,Normale,Deux véhicules - côté,,,,,,,,,,,5,2,3,1,3
200700064201,0007-10-08 18:00:00,7,10,8,18,0,600,175,MONCHY (RUE DE),,,Plein jour,En agglomération,Intersection en T,Normale,Deux véhicules - côté,,,,,,,,,,,1,2,3,1,3
200700064202,0007-10-26 06:25:00,7,10,26,6,25,600,175,RD 201_SORTIE 201_ACCES,,,Nuit sans éclairage public,Hors agglomération,Hors intersection,Normale,Deux véhicules - frontale,,,,,,,,,,,3,1,1,1,1
200700064203,0007-10-19 15:10:00,7,10,19,15,10,610,1,KOUTIALA (AVENUE DE,,,Plein jour,En agglomération,Intersection en X,Normale,Deux véhicules - côté,,,,,,,,,,,1,2,2,1,3
200700064204,0007-10-08 19:30:00,7,10,8,19,30,610,6,"aucun, REPUBLIQUE (RUE D",,,Crépuscule ou aube,En agglomération,Intersection en X,Normale,Deux véhicules - côté,,,,,,,,,,,2,2,2,1,3
200700064205,0007-10-13 16:25:00,7,10,13,16,25,610,6,MAISONS BRUNEAUX (RUE DE,,,Plein jour,En agglomération,Hors intersection,Normale,Deux véhicules - côté,,,,,,,,,,,1,2,1,1,3
200700064206,0007-10-26 15:55:00,7,10,26,15,55,610,169,"13, PONT FERON (RUE DU)",,,Plein jour,En agglomération,Hors intersection,Normale,Deux véhicules - frontale,,,,,,,,,,,1,2,1,1,1
200700064207,0007-10-10 08:00:00,7,10,10,8,0,610,169,"22, BOULE (RUE DE LA)",,,Plein jour,En agglomération,Intersection en X,Pluie légère,Deux véhicules - côté,,,,,,,,,,,1,2,2,2,3
200700064208,0007-10-08 18:30:00,7,10,8,18,30,620,99,D 60,,,Plein jour,En agglomération,Intersection en T,Normale,Deux véhicules - côté,,,,,,,,,,,1,2,3,1,3
200700064209,0007-10-17 00:15:00,7,10,17,0,15,620,764,"24, RUE DE LA FORGE AU F",,,Nuit avec éclairage allumé,En agglomération,Intersection en T,Normale,Autre collision,,,,,,,,,,,5,2,3,1,6
200700064210,0007-10-17 15:35:00,7,10,17,15,35,620,4,"16, 19 MARS 1962 ( DU )",,,Plein jour,En agglomération,Hors intersection,Normale,Deux véhicules - côté,,,,,,,,,,,1,2,1,1,3
200700064211,0007-10-24 12:45:00,7,10,24,12,45,620,41,"0, TURENNE ( DE )",,,Plein jour,Hors agglomération,Intersection à plus de 4 branches,Normale,Autre collision,,,,,,,,,,,1,1,5,1,6
200700064212,0007-10-27 02:45:00,7,10,27,2,45,620,41,"27, LIBERTE ( BD DE LA )",,,Nuit avec éclairage allumé,En agglomération,Hors intersection,Normale,Autre collision,,,,,,,,,,,5,2,1,1,6
200700064213,0007-10-27 19:15:00,7,10,27,19,15,620,41,"0, AVENUE FERNAND LOBBED",,,Nuit avec éclairage allumé,En agglomération,Intersection en T,Normale,Deux véhicules - côté,,,,,,,,,,,5,2,3,1,3
200700064214,0007-10-25 15:00:00,7,10,25,15,0,620,516,CIRCONSCRIPTION,,,Plein jour,En agglomération,Intersection en X,Normale,Deux véhicules - côté,,,,,,,,,,,1,2,2,1,3
200700064215,0007-10-04 17:20:00,7,10,4,17,20,620,65,"0, BOVE ALEXANDRE",,,Plein jour,En agglomération,Intersection en X,Normale,Deux véhicules - côté,,,,,,,,,,,1,2,2,1,3
200700064216,0007-10-18 01:50:00,7,10,18,1,50,620,724,SAINT ARNOULD,,,Nuit avec éclairage allumé,En agglomération,Hors intersection,Normale,Autre collision,,,,,,,,,,,5,2,1,1,6
200700064217,0007-10-17 17:30:00,7,10,17,17,30,620,570,DOUAUMONT,,,Plein jour,En agglomération,Intersection en X,Normale,Autre collision,,,,,,,,,,,1,2,2,1,6
200700064218,0007-10-29 14:10:00,7,10,29,14,10,620,570,"49, SIMON (PIERRE)",,,Plein jour,En agglomération,Hors intersection,Pluie légère,Sans collision,,,,,,,,,,,1,2,1,2,7
200700064219,0007-10-31 14:50:00,7,10,31,14,50,620,65,SALINGUE PERE ET FILS (A,,,Plein jour,En agglomération,Intersection en X,Normale,Deux véhicules - côté,,,,,,,,,,,1,2,2,1,3
200700064220,0007-10-02 17:50:00,7,10,2,17,50,620,119,"1, FAIENCERIE ( RUE DE L",,,Plein jour,En agglomération,Intersection en T,Temps couvert,Autre collision,,,,,,,,,,,1,2,3,8,6
200700064221,0007-10-04 13:15:00,7,10,4,13,15,620,119,DOUMER ( RUE ),,,Plein jour,En agglomération,Hors intersection,Normale,Autre collision,,,,,,,,,,,1,2,1,1,6
200700064222,0007-10-25 07:30:00,7,10,25,7,30,620,846,EVRARD FLORENT ( RUE ),,,Nuit avec éclairage allumé,En agglomération,Intersection en T,Normale,Deux véhicules - côté,,,,,,,,,,,5,2,3,1,3
200700064223,0007-10-09 12:40:00,7,10,9,12,40,620,126,"1, NATIONALE  ( ROUTE )",,,Plein jour,En agglomération,Intersection en X,Normale,Deux véhicules - côté,,,,,,,,,,,1,2,2,1,3
200700064224,0007-10-05 17:30:00,7,10,5,17,30,620,160,CALVAIRE (Rue du),,,Plein jour,En agglomération,Hors intersection,Normale,Deux véhicules - côté,,,,,,,,,,,1,2,1,1,3
200700064225,0007-10-17 20:20:00,7,10,17,20,20,620,160,"30, COLONNE (Rue de la )",,,Nuit avec éclairage allumé,En agglomération,Hors intersection,Normale,Deux véhicules - frontale,,,,,,,,,,,5,2,1,1,1
200700064226,0007-10-21 17:50:00,7,10,21,17,50,620,160,"0, THIERS (Rue Adolphe)",,,Plein jour,En agglomération,Intersection en T,Normale,Autre collision,,,,,,,,,,,1,2,3,1,6
200700064227,0007-10-04 14:20:00,7,10,4,14,20,620,270,"22, JAURES( RUE)",,,Plein jour,En agglomération,Hors intersection,Normale,Deux véhicules - frontale,,,,,,,,,,,1,2,1,1,1
200700064228,0007-10-04 20:00:00,7,10,4,20,0,620,193,"1841, ROGER SALENGRO (AV",,,Nuit avec éclairage allumé,En agglomération,Hors intersection,Normale,Autre collision,,,,,,,,,,,5,2,1,1,6
200700064229,0007-10-06 14:05:00,7,10,6,14,5,620,193,"600, ROGER SALENGRO (AVE",,,Plein jour,En agglomération,Hors intersection,Normale,Autre collision,,,,,,,,,,,1,2,1,1,6
200700064230,0007-10-14 12:45:00,7,10,14,12,45,620,244,RN43,,,Plein jour,En agglomération,Hors intersection,Normale,Deux véhicules - arrière,,,,,,,,,,,1,2,1,1,2
200700064231,0007-10-21 04:55:00,7,10,21,4,55,620,193,JACQUARD (BOULEVARD),,,Crépuscule ou aube,En agglomération,Hors intersection,Normale,Deux véhicules - côté,,,,,,,,,,,2,2,1,1,3
200700064232,0007-10-23 10:45:00,7,10,23,10,45,620,193,VERDUN (RUE DE),,,Plein jour,En agglomération,Hors intersection,Normale,Autre collision,,,,,,,,,,,1,2,1,1,6
200700064233,0007-10-29 11:05:00,7,10,29,11,5,620,193,COSTES ET BELLONTE,,,Plein jour,En agglomération,Hors intersection,Pluie légère,Autre collision,,,,,,,,,,,1,2,1,2,6
200700064234,0007-10-06 12:20:00,7,10,6,12,20,620,215,"SANS, MONTAIGNE (AV. MIC",,,Plein jour,En agglomération,Hors intersection,Normale,Deux véhicules - arrière,,,,,,,,,,,1,2,1,1,2
200700064235,0007-10-01 07:40:00,7,10,1,7,40,620,413,"58, LENS (RTE DE)",,,Crépuscule ou aube,En agglomération,Hors intersection,Pluie forte,Autre collision,,,,,,,,,,,2,2,1,3,6
200700064236,0007-10-02 21:50:00,7,10,2,21,50,620,215,"sans, COURRIERES (RTE DE",,,Nuit avec éclairage allumé,En agglomération,Intersection en T,Normale,Deux véhicules - côté,,,,,,,,,,,5,2,3,1,3
200700064237,0007-10-14 00:15:00,7,10,14,0,15,620,907,"SANS, RD 160",,,Nuit avec éclairage allumé,Hors agglomération,Hors intersection,Normale,Deux véhicules - frontale,,,,,,,,,,,5,1,1,1,1
200700064238,0007-10-28 16:25:00,7,10,28,16,25,620,637,"12, RENAN (R ERNEST)",,,Plein jour,En agglomération,Hors intersection,Normale,Deux véhicules - côté,,,,,,,,,,,1,2,1,1,3
200700064239,0007-10-13 14:05:00,7,10,13,14,5,620,413,"sans, VALOIS (CHE.)",,,Plein jour,En agglomération,Intersection en X,Normale,Deux véhicules - côté,,,,,,,,,,,1,2,2,1,3
200700064240,0007-10-06 23:25:00,7,10,6,23,25,620,427,DOURGES (R DE),,,Nuit avec éclairage allumé,En agglomération,Intersection en Y,Normale,Deux véhicules - côté,,,,,,,,,,,5,2,4,1,3
200700064241,0007-10-15 21:50:00,7,10,15,21,50,620,133,"9, MERICOURT (RTE DE)",,,Nuit avec éclairage allumé,En agglomération,Hors intersection,Normale,Deux véhicules - côté,,,,,,,,,,,5,2,1,1,3
200700064242,0007-10-19 11:00:00,7,10,19,11,0,620,427,"161, CURIE (R PIERRE)",,,Plein jour,En agglomération,Hors intersection,Normale,Deux véhicules - côté,,,,,,,,,,,1,2,1,1,3
200700064243,0007-10-29 21:35:00,7,10,29,21,35,620,427,"0, ABBAYE (R DE L' )",,,Nuit avec éclairage allumé,En agglomération,Intersection en T,Pluie légère,Deux véhicules - côté,,,,,,,,,,,5,2,3,2,3
200700064244,0007-10-03 19:00:00,7,10,3,19,0,620,464,"42, RAYERE (R DE LA)",,,Nuit avec éclairage allumé,En agglomération,Hors intersection,Normale,Deux véhicules - arrière,,,,,,,,,,,5,2,1,1,2
200700064245,0007-10-04 20:10:00,7,10,4,20,10,620,895,"sans, PERI (R GABRIEL)",,,Crépuscule ou aube,En agglomération,Intersection en T,Normale,Deux véhicules - arrière,,,,,,,,,,,2,2,3,1,2
200700064246,0007-10-05 09:10:00,7,10,5,9,10,620,498,"220, LONDRES (R DE)",,,Plein jour,En agglomération,Hors intersection,Normale,Autre collision,,,,,,,,,,,1,2,1,1,6
200700064247,0007-10-18 11:50:00,7,10,18,11,50,620,895,"sans, DOUVES (R DES)",,,Plein jour,En agglomération,Intersection en T,Pluie légère,Deux véhicules - côté,,,,,,,,,,,1,2,3,2,3
200700064248,0007-10-18 12:10:00,7,10,18,12,10,620,498,"sans, BASSEE (RTE DE LA)",,,Plein jour,En agglomération,Intersection en X,Normale,Deux véhicules - côté,,,,,,,,,,,1,2,2,1,3
200700064249,0007-10-19 18:50:00,7,10,19,18,50,620,842,"sans, HUIT MAI (R DU)",,,Plein jour,En agglomération,Giratoire,Normale,Autre collision,,,,,,,,,,,1,2,6,1,6
200700064250,0007-10-21 20:20:00,7,10,21,20,20,620,842,"sans, ST NAZAIRE N° 107",,,Nuit avec éclairage allumé,Hors agglomération,Hors intersection,Normale,Sans collision,,,,,,,,,,,5,1,1,1,7
200700064251,0007-10-11 17:50:00,7,10,11,17,50,620,523,"17, LILLE (RTE DE)",,,Plein jour,En agglomération,Hors intersection,Normale,Autre collision,,,,,,,,,,,1,2,1,1,6
200700064252,0007-10-13 00:01:00,7,10,13,0,1,620,498,"sans, LILLE (RTE DE)  RN",,,Nuit avec éclairage allumé,En agglomération,Hors intersection,Normale,Autre collision,,,,,,,,,,,5,2,1,1,6
200700064253,0007-10-25 19:20:00,7,10,25,19,20,620,498,"sans, LONDRES (R DE)",,,Nuit avec éclairage allumé,En agglomération,Intersection en T,Normale,Deux véhicules - côté,,,,,,,,,,,5,2,3,1,3
200700064254,0007-10-12 17:50:00,7,10,12,17,50,620,218,"sans, COURTAIGNE (R DE)",,,Plein jour,En agglomération,Intersection en T,Normale,Deux véhicules - côté,,,,,,,,,,,1,2,3,1,3
200700064255,0007-10-07 18:40:00,7,10,7,18,40,620,186,"., BEUGNET (R CASIMIR)",,,Crépuscule ou aube,En agglomération,Intersection en X,Normale,Deux véhicules - côté,,,,,,,,,,,2,2,2,1,3
200700064256,0007-10-14 17:36:00,7,10,14,17,36,620,510,"., ABREGAIN (R DE)",,,Plein jour,En agglomération,Intersection en X,Normale,Deux véhicules - côté,,,,,,,,,,,1,2,2,1,3
200700064257,0007-10-25 16:50:00,7,10,25,16,50,620,510,"., DERNONCOURT (R HENRI)",,,Plein jour,Hors agglomération,Hors intersection,Normale,Deux véhicules - arrière,,,,,,,,,,,1,1,1,1,2
200700064258,0007-10-24 08:00:00,7,10,24,8,0,620,563,"., LAMARTINE (R )",,,Crépuscule ou aube,En agglomération,Hors intersection,Pluie légère,Deux véhicules - frontale,,,,,,,,,,,2,2,1,2,1
200700064259,0007-10-06 23:00:00,7,10,6,23,0,620,510,"., JAURES (AV JEAN )",,,Nuit avec éclairage allumé,En agglomération,Hors intersection,Normale,Deux véhicules - côté,,,,,,,,,,,5,2,1,1,3
200700064260,0007-10-04 17:35:00,7,10,4,17,35,620,525,"., BLUM (AVE LEON....DE",,,Plein jour,En agglomération,Giratoire,Normale,Autre collision,,,,,,,,,,,1,2,6,1,6
200700064261,0007-10-27 02:42:00,7,10,27,2,42,620,902,"., BLUM (RUE LEON .....N",,,Nuit avec éclairage allumé,En agglomération,Intersection en T,Normale,Deux véhicules - côté,,,,,,,,,,,5,2,3,1,3
200700064262,0007-10-01 07:43:00,7,10,1,7,43,630,113,"., VINCI (AVENUE LEONARD",,,Plein jour,En agglomération,Hors intersection,Normale,Sans collision,,,,,,,,,,,1,2,1,1,7
200700064263,0007-10-01 16:05:00,7,10,1,16,5,630,113,"15, AUDOLLENT (RUE AUGUS",,,Plein jour,Hors agglomération,Hors intersection,Normale,Autre collision,,,,,,,,,,,1,1,1,1,6
200700064264,0007-10-03 19:30:00,7,10,3,19,30,630,113,"-, RECLUS (AVENUE ELISEE",,,Plein jour,En agglomération,Hors intersection,Normale,Autre collision,,,,,,,,,,,1,2,1,1,6
200700064265,0007-10-04 06:50:00,7,10,4,6,50,630,113,"46, VIVIANI (RUE)",,,Nuit avec éclairage allumé,En agglomération,Hors intersection,Normale,Deux véhicules - côté,,,,,,,,,,,5,2,1,1,3
200700064266,0007-10-05 08:24:00,7,10,5,8,24,630,113,"42, DIOMEDE (RUE PAUL)",,,Plein jour,En agglomération,Intersection en T,Normale,Deux véhicules - côté,,,,,,,,,,,1,2,3,1,3
200700064267,0007-10-06 13:10:00,7,10,6,13,10,630,113,CARMES DECHAUX (PLACE),,,Plein jour,En agglomération,Intersection à plus de 4 branches,Normale,Autre collision,,,,,,,,,,,1,2,5,1,6
200700064268,0007-10-06 15:00:00,7,10,6,15,0,630,113,"-, BLERIOT (AVENUE LOUIS",,,Plein jour,En agglomération,Intersection à plus de 4 branches,Normale,Autre collision,,,,,,,,,,,1,2,5,1,6
200700064269,0007-10-06 17:20:00,7,10,6,17,20,630,113,"1, CUGNOT (RUE NICOLAS-J",,,Plein jour,En agglomération,Hors intersection,Normale,Deux véhicules - côté,,,,,,,,,,,1,2,1,1,3
200700064270,0007-10-06 22:08:00,7,10,6,22,8,630,113,"5, DUCLAUX (BD)",,,Nuit avec éclairage allumé,En agglomération,Autre intersection,Normale,Autre collision,,,,,,,,,,,5,2,9,1,6
200700064271,0007-10-07 00:15:00,7,10,7,0,15,630,113,CHANCROLE (RUE DE),,,Nuit avec éclairage allumé,En agglomération,Intersection en X,Normale,Autre collision,,,,,,,,,,,5,2,2,1,6
200700064272,0007-10-09 12:15:00,7,10,9,12,15,630,113,"1, SAINT ANDRE (RUE)",,,Plein jour,En agglomération,Hors intersection,Normale,Deux véhicules - côté,,,,,,,,,,,1,2,1,1,3
200700064273,0007-10-09 16:40:00,7,10,9,16,40,630,113,"., VIVIANI (RUE)",,,Plein jour,En agglomération,Intersection en T,Normale,Deux véhicules - côté,,,,,,,,,,,1,2,3,1,3
200700064274,0007-10-10 11:40:00,7,10,10,11,40,630,113,BRUGIERE (BD AMBROISE),,,Plein jour,En agglomération,Hors intersection,Normale,Autre collision,,,,,,,,,,,1,2,1,1,6
200700064275,0007-10-10 12:45:00,7,10,10,12,45,630,113,"-, POURCHON (BD MAURICE)",,,Plein jour,En agglomération,Hors intersection,Pluie forte,Autre collision,,,,,,,,,,,1,2,1,3,6
200700064276,0007-10-10 20:50:00,7,10,10,20,50,630,113,"1, CLEMENTEL (BD ETIENNE",,,Nuit avec éclairage allumé,En agglomération,Hors intersection,Normale,Deux véhicules - arrière,,,,,,,,,,,5,2,1,1,2
200700064277,0007-10-12 15:20:00,7,10,12,15,20,630,113,FLAUBERT (BD GUSTAVE),,,Plein jour,En agglomération,Hors intersection,Normale,Autre collision,,,,,,,,,,,1,2,1,1,6
200700064278,0007-10-12 14:20:00,7,10,12,14,20,630,113,"., POURCHON (BD MAURICE)",,,Plein jour,En agglomération,Intersection en X,Normale,Deux véhicules - côté,,,,,,,,,,,1,2,2,1,3
200700064279,0007-10-12 22:50:00,7,10,12,22,50,630,113,"51, ETATS-UNIS (AVENUE D",,,Nuit avec éclairage allumé,En agglomération,Hors intersection,Normale,Autre collision,,,,,,,,,,,5,2,1,1,6
200700064280,0007-10-13 20:50:00,7,10,13,20,50,630,113,"8, BERTHELOT (BOULEVARD)",,,Nuit avec éclairage allumé,En agglomération,Hors intersection,Normale,Deux véhicules - arrière,,,,,,,,,,,5,2,1,1,2
200700064281,0007-10-13 23:50:00,7,10,13,23,50,630,113,"193, MERMOZ (AVENUE JEAN",,,Nuit avec éclairage allumé,En agglomération,Hors intersection,Normale,Sans collision,,,,,,,,,,,5,2,1,1,7
200700064282,0007-10-14 12:40:00,7,10,14,12,40,630,113,"., DRELON (RUE)",,,Plein jour,En agglomération,Intersection en X,Normale,Autre collision,,,,,,,,,,,1,2,2,1,6
200700064283,0007-10-14 14:00:00,7,10,14,14,0,630,113,"-, NIEL (RUE)",,,Plein jour,En agglomération,Intersection en T,Normale,Autre collision,,,,,,,,,,,1,2,3,1,6
200700064284,0007-10-14 17:00:00,7,10,14,17,0,630,113,"1, REPUBLIQUE (AVENUE DE",,,Plein jour,En agglomération,Hors intersection,Normale,Deux véhicules - côté,,,,,,,,,,,1,2,1,1,3
200700064285,0007-10-15 07:37:00,7,10,15,7,37,630,113,"14, LIERRES (RUE DES)",,,Plein jour,En agglomération,Hors intersection,Normale,Autre collision,,,,,,,,,,,1,2,1,1,6
200700064286,0007-10-15 16:35:00,7,10,15,16,35,630,113,"-, ROTONDE (RUE DE LA)",,,Plein jour,En agglomération,Hors intersection,Normale,Autre collision,,,,,,,,,,,1,2,1,1,6
200700064287,0007-10-16 08:40:00,7,10,16,8,40,630,14,"1, COURNON (AVENUE DE)",,,Plein jour,En agglomération,Intersection en X,Normale,Deux véhicules - côté,,,,,,,,,,,1,2,2,1,3
200700064288,0007-10-17 12:22:00,7,10,17,12,22,630,113,"7, OVIEDO (RUE D')",,,Plein jour,En agglomération,Hors intersection,Normale,Sans collision,,,,,,,,,,,1,2,1,1,7
200700064289,0007-10-17 18:40:00,7,10,17,18,40,630,308,"., NATIONALE (RUE)",,,Nuit avec éclairage allumé,En agglomération,Hors intersection,Normale,Autre collision,,,,,,,,,,,5,2,1,1,6
200700064290,0007-10-17 20:25:00,7,10,17,20,25,630,113,"-, EST (ALLEE DE L')",,,Nuit avec éclairage allumé,En agglomération,Intersection en T,Normale,Autre collision,,,,,,,,,,,5,2,3,1,6
200700064291,0007-10-18 07:40:00,7,10,18,7,40,630,113,"1, MEUNIERS (RUE DES)",,,Nuit avec éclairage allumé,En agglomération,Hors intersection,Temps couvert,Autre collision,,,,,,,,,,,5,2,1,8,6
200700064292,0007-10-18 11:25:00,7,10,18,11,25,630,113,"25, BENNETT (RUE GORDON)",,,Plein jour,En agglomération,Hors intersection,Normale,Autre collision,,,,,,,,,,,1,2,1,1,6
200700064293,0007-10-19 03:20:00,7,10,19,3,20,630,113,"58, ORADOU (IMPASSE DE L",,,Nuit avec éclairage allumé,En agglomération,Hors intersection,Normale,Autre collision,,,,,,,,,,,5,2,1,1,6
200700064294,0007-10-19 07:30:00,7,10,19,7,30,630,113,"-, NIEL (RUE)",,,Nuit avec éclairage allumé,En agglomération,Hors intersection,Normale,Autre collision,,,,,,,,,,,5,2,1,1,6
200700064295,0007-10-19 10:00:00,7,10,19,10,0,630,113,"1, PASTEUR (BD)",,,Plein jour,En agglomération,Hors intersection,Normale,Deux véhicules - côté,,,,,,,,,,,1,2,1,1,3
200700064296,0007-10-20 03:10:00,7,10,20,3,10,630,113,"-, PRE LA REINE (RUE DU)",,,Nuit avec éclairage allumé,En agglomération,Hors intersection,Normale,Autre collision,,,,,,,,,,,5,2,1,1,6
200700064297,0007-10-20 18:15:00,7,10,20,18,15,630,113,"4, PONT SAINT JACQUES (R",,,Plein jour,En agglomération,Hors intersection,Normale,Autre collision,,,,,,,,,,,1,2,1,1,6
200700064298,0007-10-21 17:30:00,7,10,21,17,30,630,32,"., MONT-DORE (AVENUE DU)",,,Plein jour,En agglomération,Intersection en X,Normale,Autre collision,,,,,,,,,,,1,2,2,1,6
200700064299,0007-10-22 14:50:00,7,10,22,14,50,630,113,"-, LAVOISIERS (BD)",,,Plein jour,En agglomération,Hors intersection,Normale,Autre collision,,,,,,,,,,,1,2,1,1,6
200700064300,0007-10-22 14:40:00,7,10,22,14,40,630,113,"1, CHAMBON (RUE DE)",,,Plein jour,En agglomération,Hors intersection,Normale,Deux véhicules - côté,,,,,,,,,,,1,2,1,1,3
200700064301,0007-10-23 14:49:00,7,10,23,14,49,630,113,"., PRISON (RUE DE LA)",,,Plein jour,En agglomération,Hors intersection,Normale,Autre collision,,,,,,,,,,,1,2,1,1,6
200700064302,0007-10-25 16:15:00,7,10,25,16,15,630,113,"2, GAILLARD (PLACE GILBE",,,Plein jour,En agglomération,Hors intersection,Normale,Autre collision,,,,,,,,,,,1,2,1,1,6
200700064303,0007-10-25 16:45:00,7,10,25,16,45,630,113,"-, MOULIN (BD JEAN)",,,Plein jour,En agglomération,Hors intersection,Normale,Autre collision,,,,,,,,,,,1,2,1,1,6
200700064304,0007-10-26 00:10:00,7,10,26,0,10,630,113,"65, BLUM (AVENUE LEON)",,,Nuit avec éclairage allumé,En agglomération,Hors intersection,Normale,Deux véhicules - frontale,,,,,,,,,,,5,2,1,1,1
200700064305,0007-10-26 14:55:00,7,10,26,14,55,630,113,SAINT JEAN (BD),,,Plein jour,En agglomération,Hors intersection,Normale,Autre collision,,,,,,,,,,,1,2,1,1,6
200700064306,0007-10-26 17:35:00,7,10,26,17,35,630,14,ROUSSILLON (AVENUE DU),,,Plein jour,En agglomération,Hors intersection,Normale,Autre collision,,,,,,,,,,,1,2,1,1,6
200700064307,0007-10-26 19:30:00,7,10,26,19,30,630,14,"-, CURABET (RUE JEAN)",,,Nuit avec éclairage allumé,En agglomération,Hors intersection,Normale,Autre collision,,,,,,,,,,,5,2,1,1,6