accident_id,datetime,annee,mois,jour,heure,minute,departement,commune_insee,adresse,latitude,longitude,luminosite,agglomeration,intersection,meteo,collision,nb_vehicules,nb_usagers,nb_indemnes,nb_tues,nb_blesses_hosp,nb_blesses_legers,age_cond_1,age_cond_2,veh_type_cond_1,veh_type_cond_2,lum_code,agg_code,int_code,atm_code,col_code
200700064308,0007-10-26 23:56:00,7,10,26,23,56,630,113,FLAUBERT (BD GUSTAVE),,,Nuit avec éclairage allumé,En agglomération,Intersection en X,Normale,Deux véhicules - côté,,,,,,,,,,,5,2,2,1,3
200700064309,0007-10-27 18:55:00,7,10,27,18,55,630,113,"15, SIMONNET (RUE HENRI)",,,Nuit sans éclairage public,En agglomération,Hors intersection,Normale,Autre collision,,,,,,,,,,,3,2,1,1,6
200700064310,0007-10-28 19:35:00,7,10,28,19,35,630,113,POCHET LAGAYE (BD PAUL),,,Nuit avec éclairage allumé,En agglomération,Intersection en X,Normale,Deux véhicules - côté,,,,,,,,,,,5,2,2,1,3
200700064311,0007-10-29 09:25:00,7,10,29,9,25,630,113,BELLOY (RUE DU),,,Plein jour,En agglomération,Autre intersection,Normale,Autre collision,,,,,,,,,,,1,2,9,1,6
200700064312,0007-10-30 14:30:00,7,10,30,14,30,630,14,"96, CRISTAL (AVENUE ERNE",,,Plein jour,En agglomération,Hors intersection,Normale,Deux véhicules - côté,,,,,,,,,,,1,2,1,1,3
200700064313,0007-10-23 06:00:00,7,10,23,6,0,630,124,LIBERATION (AV. DE LA),,,Nuit avec éclairage allumé,En agglomération,Intersection en X,Normale,Deux véhicules - côté,,,,,,,,,,,5,2,2,1,3
200700064314,0007-10-30 16:45:00,7,10,30,16,45,630,193,"1, SAINT-EXUPERY (RUE AN",,,Plein jour,En agglomération,Intersection en X,Normale,Deux véhicules - côté,,,,,,,,,,,1,2,2,1,3
200700064315,0007-10-26 16:20:00,7,10,26,16,20,630,63,BLEUE (RUE),,,Plein jour,En agglomération,Intersection en X,Normale,Deux véhicules - côté,,,,,,,,,,,1,2,2,1,3
200700064316,0007-10-15 17:40:00,7,10,15,17,40,630,300,RD 2029,,,Plein jour,En agglomération,Intersection en X,Normale,Trois véhicules et plus - collisions multiples,,,,,,,,,,,1,2,2,1,5
200700064317,0007-10-30 17:30:00,7,10,30,17,30,630,300,"., ZOLA EMILE (AVENUE)",,,Plein jour,En agglomération,Hors intersection,Normale,Autre collision,,,,,,,,,,,1,2,1,1,6
200700064318,0007-10-01 13:40:00,7,10,1,13,40,640,24,"1, BRUNAUD (ALLEE YVES)",,,Plein jour,En agglomération,Hors intersection,Pluie légère,Deux véhicules - arrière,,,,,,,,,,,1,2,1,2,2
200700064319,0007-10-02 22:12:00,7,10,2,22,12,640,102,"30, SALIE (RUE DE LA)",,,Nuit avec éclairage allumé,En agglomération,Intersection en X,Normale,Deux véhicules - côté,,,,,,,,,,,5,2,2,1,3
200700064320,0007-10-02 17:00:00,7,10,2,17,0,640,102,"., RESPLANDY (AVENUE DU",,,Plein jour,En agglomération,Hors intersection,Normale,Deux véhicules - côté,,,,,,,,,,,1,2,1,1,3
200700064321,0007-10-03 16:00:00,7,10,3,16,0,640,102,"., PAULMY (AVENUE DES AL",,,Plein jour,En agglomération,Hors intersection,Pluie légère,Autre collision,,,,,,,,,,,1,2,1,2,6
200700064322,0007-10-03 16:59:00,7,10,3,16,59,640,102,"., AVRIL (AVENUE DU 14)",,,Plein jour,En agglomération,Hors intersection,Pluie légère,Trois véhicules et plus - en chaîne,,,,,,,,,,,1,2,1,2,4
200700064323,0007-10-05 16:00:00,7,10,5,16,0,640,102,"., SOULT (AVENUE MARECHA",,,Plein jour,En agglomération,Intersection en T,Pluie légère,Deux véhicules - côté,,,,,,,,,,,1,2,3,2,3
200700064324,0007-10-06 09:15:00,7,10,6,9,15,640,24,"1, LAPORTE (AVENUE JEAN",,,Plein jour,En agglomération,Intersection en X,Pluie légère,Autre collision,,,,,,,,,,,1,2,2,2,6
200700064325,0007-10-07 04:25:00,7,10,7,4,25,640,24,BAB (BOULEVARD DU),,,Nuit avec éclairage allumé,En agglomération,Hors intersection,Normale,Autre collision,,,,,,,,,,,5,2,1,1,6
200700064326,0007-10-08 16:51:00,7,10,8,16,51,640,102,DUBROCQ (AVENUE),,,Plein jour,En agglomération,Intersection en X,Normale,Deux véhicules - arrière,,,,,,,,,,,1,2,2,1,2
200700064327,0007-10-09 17:55:00,7,10,9,17,55,640,24,LABASTE (RUE EUGENE),,,Plein jour,En agglomération,Intersection en T,Normale,Sans collision,,,,,,,,,,,1,2,3,1,7
200700064328,0007-10-11 13:12:00,7,10,11,13,12,640,24,BARTHES (RUE DES),,,Plein jour,En agglomération,Hors intersection,Normale,Deux véhicules - côté,,,,,,,,,,,1,2,1,1,3
200700064329,0007-10-11 15:10:00,7,10,11,15,10,640,24,"1, BERNAIN (ROND POINT)",,,Plein jour,En agglomération,Hors intersection,Normale,Deux véhicules - arrière,,,,,,,,,,,1,2,1,1,2
200700064330,0007-10-12 21:40:00,7,10,12,21,40,640,102,AQUITAINE (AVENUE DE L'),,,Nuit avec éclairage allumé,En agglomération,Hors intersection,Normale,Deux véhicules - côté,,,,,,,,,,,5,2,1,1,3
200700064331,0007-10-13 11:50:00,7,10,13,11,50,640,102,MAUBEC (RUE),,,Plein jour,En agglomération,Intersection en T,Normale,Sans collision,,,,,,,,,,,1,2,3,1,7
200700064332,0007-10-14 20:10:00,7,10,14,20,10,640,102,"17, MARINES (AVENUE DES",,,Nuit avec éclairage allumé,En agglomération,Intersection en Y,Normale,Deux véhicules - côté,,,,,,,,,,,5,2,4,1,3
200700064333,0007-10-17 23:15:00,7,10,17,23,15,640,102,SOULT (AVENUE MARECHAL),,,Nuit avec éclairage allumé,En agglomération,Hors intersection,Normale,Deux véhicules - arrière,,,,,,,,,,,5,2,1,1,2
200700064334,0007-10-18 16:55:00,7,10,18,16,55,640,24,"65, BAYONNE (AVENUE DE)",,,Plein jour,En agglomération,Hors intersection,Normale,Autre collision,,,,,,,,,,,1,2,1,1,6
200700064335,0007-10-18 17:48:00,7,10,18,17,48,640,102,DUVERGIER DE HAURANNE (A,,,Plein jour,En agglomération,Hors intersection,Normale,Trois véhicules et plus - collisions multiples,,,,,,,,,,,1,2,1,1,5
200700064336,0007-10-18 19:08:00,7,10,18,19,8,640,102,"54, MAI 1S33 (AVENUE DU",,,Plein jour,En agglomération,Hors intersection,Normale,Deux véhicules - arrière,,,,,,,,,,,1,2,1,1,2
200700064337,0007-10-19 09:05:00,7,10,19,9,5,640,102,"4, DE LATTRE DE TASSIGNY",,,Plein jour,En agglomération,Hors intersection,Normale,Autre collision,,,,,,,,,,,1,2,1,1,6
200700064338,0007-10-19 16:20:00,7,10,19,16,20,640,102,"., PRATS (AVENUE DU CAMP",,,Plein jour,En agglomération,Hors intersection,Normale,Deux véhicules - arrière,,,,,,,,,,,1,2,1,1,2
200700064339,0007-10-23 16:50:00,7,10,23,16,50,640,24,BIARRITZ (AVENUE DE),,,Plein jour,En agglomération,Intersection en X,Normale,Deux véhicules - côté,,,,,,,,,,,1,2,2,1,3
200700064340,0007-10-24 12:45:00,7,10,24,12,45,640,24,"., MAIGNON (ROUTE DE)",,,Plein jour,En agglomération,Hors intersection,Normale,Deux véhicules - arrière,,,,,,,,,,,1,2,1,1,2
200700064341,0007-10-25 23:05:00,7,10,25,23,5,640,102,"54, RESPLANDY (AVENUE DU",,,Nuit avec éclairage allumé,En agglomération,Hors intersection,Normale,Deux véhicules - côté,,,,,,,,,,,5,2,1,1,3
200700064342,0007-10-26 21:15:00,7,10,26,21,15,640,24,"0, BAB (BOULEVARD DU)",,,Nuit avec éclairage allumé,Hors agglomération,Intersection en X,Normale,Trois véhicules et plus - collisions multiples,,,,,,,,,,,5,1,2,1,5
200700064343,0007-10-27 20:10:00,7,10,27,20,10,640,102,"6, PAULMY (AVENUE DES AL",,,Nuit avec éclairage allumé,En agglomération,Hors intersection,Normale,Deux véhicules - côté,,,,,,,,,,,5,2,1,1,3
200700064344,0007-10-11 13:35:00,7,10,11,13,35,640,122,"68, MARNE (AVENUE DE LA)",,,Plein jour,En agglomération,Hors intersection,Normale,Deux véhicules - côté,,,,,,,,,,,1,2,1,1,3
200700064345,0007-10-18 17:10:00,7,10,18,17,10,640,122,"27, ""KENNEDY (AVENUE DU",,,Plein jour,En agglomération,Hors intersection,Pluie légère,Sans collision,,,,,,,,,,,1,2,1,2,7
200700064346,0007-10-19 17:05:00,7,10,19,17,5,640,122,MAC CROSKEY ( AVENUE DU,,,Plein jour,En agglomération,Autre intersection,Normale,Deux véhicules - côté,,,,,,,,,,,1,2,9,1,3
200700064347,0007-10-24 09:00:00,7,10,24,9,0,640,122,"17, ANGLET (AVENUE D')",,,Plein jour,En agglomération,Intersection en T,Normale,Deux véhicules - côté,,,,,,,,,,,1,2,3,1,3
200700064348,0007-10-26 07:15:00,7,10,26,7,15,640,125,PLATEAU (AVENUE DU),,,Nuit avec éclairage allumé,Hors agglomération,Hors intersection,Normale,Deux véhicules - arrière,,,,,,,,,,,5,1,1,1,2
200700064349,0007-10-01 18:00:00,7,10,1,18,0,640,445,"., DOYEN ROBERT POPLAWSK",,,Plein jour,En agglomération,Hors intersection,Normale,Deux véhicules - arrière,,,,,,,,,,,1,2,1,1,2
200700064350,0007-10-04 08:40:00,7,10,4,8,40,640,132,"., FONTAINE TRESPOEY",,,Plein jour,En agglomération,Intersection en X,Normale,Deux véhicules - côté,,,,,,,,,,,1,2,2,1,3
200700064351,0007-10-03 04:55:00,7,10,3,4,55,640,445,"207, BUROS DE",,,Nuit sans éclairage public,En agglomération,Hors intersection,Normale,Autre collision,,,,,,,,,,,3,2,1,1,6
200700064352,0007-10-04 09:10:00,7,10,4,9,10,640,445,"., PAIX",,,Plein jour,En agglomération,Intersection en X,Normale,Deux véhicules - frontale,,,,,,,,,,,1,2,2,1,1
200700064353,0007-10-06 11:30:00,7,10,6,11,30,640,445,MONTPENSIER,,,Plein jour,En agglomération,Intersection en X,Pluie légère,Trois véhicules et plus - collisions multiples,,,,,,,,,,,1,2,2,2,5
200700064354,0007-10-08 17:00:00,7,10,8,17,0,640,445,"13, DOYEN ROBERT POPLAWS",,,Plein jour,En agglomération,Hors intersection,Normale,Deux véhicules - côté,,,,,,,,,,,1,2,1,1,3
200700064355,0007-10-09 08:10:00,7,10,9,8,10,640,445,"103, ALSACE LORRAINE D'",,,Crépuscule ou aube,En agglomération,Intersection en X,Normale,Autre collision,,,,,,,,,,,2,2,2,1,6
200700064356,0007-10-10 19:35:00,7,10,10,19,35,640,445,"., LOUP DU",,,Plein jour,En agglomération,Hors intersection,Normale,Autre collision,,,,,,,,,,,1,2,1,1,6
200700064357,0007-10-10 17:25:00,7,10,10,17,25,640,348,"0, CHENES DES",,,Plein jour,En agglomération,Intersection en X,Pluie forte,Deux véhicules - côté,,,,,,,,,,,1,2,2,3,3
200700064358,0007-10-12 08:50:00,7,10,12,8,50,640,445,"., ORLEANS D'",,,Plein jour,En agglomération,Intersection en X,Normale,Deux véhicules - côté,,,,,,,,,,,1,2,2,1,3
200700064359,0007-10-12 22:20:00,7,10,12,22,20,640,445,"1, MARCA",,,Nuit avec éclairage allumé,En agglomération,Hors intersection,Normale,Deux véhicules - côté,,,,,,,,,,,5,2,1,1,3
200700064360,0007-10-13 09:45:00,7,10,13,9,45,640,445,"0, ALSACE LORRAINE D'",,,Plein jour,En agglomération,Hors intersection,Normale,Deux véhicules - côté,,,,,,,,,,,1,2,1,1,3
200700064361,0007-10-13 18:40:00,7,10,13,18,40,640,348,"., DIDIER DAURAT",,,Plein jour,En agglomération,Intersection en X,Normale,Deux véhicules - côté,,,,,,,,,,,1,2,2,1,3
200700064362,0007-10-15 08:00:00,7,10,15,8,0,640,445,"54, ALSACE LORRAINE D'",,,Plein jour,En agglomération,Hors intersection,Normale,Deux véhicules - côté,,,,,,,,,,,1,2,1,1,3
200700064363,0007-10-15 10:50:00,7,10,15,10,50,640,445,"28, TOURASSE",,,Plein jour,En agglomération,Hors intersection,Normale,Deux véhicules - arrière,,,,,,,,,,,1,2,1,1,2
200700064364,0007-10-15 17:40:00,7,10,15,17,40,640,445,"., LOUP DU",,,Plein jour,En agglomération,Intersection en X,Normale,Deux véhicules - côté,,,,,,,,,,,1,2,2,1,3
200700064365,0007-10-18 16:40:00,7,10,18,16,40,640,445,"., MARECHAL LECLERC DU",,,Plein jour,En agglomération,Hors intersection,Normale,Deux véhicules - côté,,,,,,,,,,,1,2,1,1,3
200700064366,0007-10-18 15:30:00,7,10,18,15,30,640,348,"75, CHARLES DE GAULLE",,,Plein jour,En agglomération,Hors intersection,Normale,Trois véhicules et plus - collisions multiples,,,,,,,,,,,1,2,1,1,5
200700064367,0007-10-19 16:45:00,7,10,19,16,45,640,445,"., 14 JUILLET DU",,,Plein jour,En agglomération,Intersection en X,Normale,Trois véhicules et plus - collisions multiples,,,,,,,,,,,1,2,2,1,5
200700064368,0007-10-19 21:25:00,7,10,19,21,25,640,445,"11, GEN DE GAULLE DU",,,Nuit avec éclairage allumé,En agglomération,Hors intersection,Normale,Deux véhicules - arrière,,,,,,,,,,,5,2,1,1,2
200700064369,0007-10-20 09:15:00,7,10,20,9,15,640,445,"1, LEON BERARD",,,Plein jour,En agglomération,Giratoire,Normale,Deux véhicules - côté,,,,,,,,,,,1,2,6,1,3
200700064370,0007-10-22 11:25:00,7,10,22,11,25,640,445,"0, GENERAL DE GAULLE DU",,,Plein jour,En agglomération,Hors intersection,Normale,Deux véhicules - côté,,,,,,,,,,,1,2,1,1,3
200700064371,0007-10-24 12:25:00,7,10,24,12,25,640,445,"41, JEAN MERMOZ",,,Plein jour,En agglomération,Hors intersection,Normale,Trois véhicules et plus - collisions multiples,,,,,,,,,,,1,2,1,1,5
200700064372,0007-10-24 14:55:00,7,10,24,14,55,640,445,"1, BIZANOS DE",,,Plein jour,En agglomération,Hors intersection,Normale,Autre collision,,,,,,,,,,,1,2,1,1,6
200700064373,0007-10-24 18:15:00,7,10,24,18,15,640,445,"0, RICHELIEU",,,Plein jour,En agglomération,Hors intersection,Normale,Deux véhicules - côté,,,,,,,,,,,1,2,1,1,3
200700064374,0007-10-27 19:00:00,7,10,27,19,0,640,445,"., LOUP DU",,,Nuit avec éclairage allumé,En agglomération,Hors intersection,Normale,Deux véhicules - côté,,,,,,,,,,,5,2,1,1,3
200700064375,0007-10-28 03:35:00,7,10,28,3,35,640,445,"1, EMILE GUICHENNE",,,Nuit avec éclairage allumé,En agglomération,Intersection en X,Normale,Deux véhicules - côté,,,,,,,,,,,5,2,2,1,3
200700064376,0007-10-29 06:45:00,7,10,29,6,45,640,335,"1, D289",,,Nuit sans éclairage public,Hors agglomération,Hors intersection,Normale,Deux véhicules - frontale,,,,,,,,,,,3,1,1,1,1
200700064377,0007-10-31 18:05:00,7,10,31,18,5,640,445,"1, JEAN MONNET",,,Nuit avec éclairage allumé,En agglomération,Hors intersection,Normale,Deux véhicules - côté,,,,,,,,,,,5,2,1,1,3
200700064378,0007-10-31 18:15:00,7,10,31,18,15,640,348,"91, CHARLES DE GAULLE",,,Nuit avec éclairage allumé,En agglomération,Hors intersection,Normale,Deux véhicules - côté,,,,,,,,,,,5,2,1,1,3
200700064379,0007-10-25 11:45:00,7,10,25,11,45,640,445,"105, LOUP DU",,,Plein jour,En agglomération,Hors intersection,Normale,Deux véhicules - côté,,,,,,,,,,,1,2,1,1,3
200700064380,0007-10-14 19:05:00,7,10,14,19,5,640,260,CD 912,,,Plein jour,Hors agglomération,Hors intersection,Normale,Deux véhicules - arrière,,,,,,,,,,,1,1,1,1,2
200700064381,0007-10-05 15:40:00,7,10,5,15,40,640,249,GETARIA(AVENUE),,,Plein jour,En agglomération,Hors intersection,Pluie forte,Sans collision,,,,,,,,,,,1,2,1,3,7
200700064382,0007-10-13 18:00:00,7,10,13,18,0,640,545,RN10,,,Plein jour,Hors agglomération,Hors intersection,Normale,Trois véhicules et plus - en chaîne,,,,,,,,,,,1,1,1,1,4
200700064383,0007-10-21 16:30:00,7,10,21,16,30,640,545,route d'Ibardin,,,Plein jour,Hors agglomération,Hors intersection,Normale,Deux véhicules - côté,,,,,,,,,,,1,1,1,1,3
200700064384,0007-10-22 08:35:00,7,10,22,8,35,640,483,"22, HABAS MATHIEU OU PER",,,Plein jour,En agglomération,Hors intersection,Normale,Deux véhicules - côté,,,,,,,,,,,1,2,1,1,3
200700064385,0007-10-23 13:25:00,7,10,23,13,25,640,483,PASSICOT JEAN MARTIN (BD,,,Plein jour,En agglomération,Hors intersection,Pluie légère,Deux véhicules - arrière,,,,,,,,,,,1,2,1,2,2
200700064386,0007-10-27 11:00:00,7,10,27,11,0,640,483,RN10,,,Plein jour,Hors agglomération,Hors intersection,Normale,Sans collision,,,,,,,,,,,1,1,1,1,7
200700064387,0007-10-28 10:40:00,7,10,28,10,40,640,189,BRETELLE DE SOCOA RD 913,,,Plein jour,Hors agglomération,Hors intersection,Normale,Deux véhicules - côté,,,,,,,,,,,1,1,1,1,3
200700064388,0007-10-20 10:30:00,7,10,20,10,30,640,260,CD 912,,,Plein jour,En agglomération,Hors intersection,Normale,Deux véhicules - arrière,,,,,,,,,,,1,2,1,1,2
200700064389,0007-10-08 13:15:00,7,10,8,13,15,650,286,"1, MICHELET (RUE EDMOND)",,,Plein jour,En agglomération,Hors intersection,Temps couvert,Deux véhicules - côté,,,,,,,,,,,1,2,1,8,3
200700064390,0007-10-01 11:05:00,7,10,1,11,5,650,433,"., CURIE (BOULEVARD JOLI",,,Plein jour,Hors agglomération,Intersection en T,Normale,Deux véhicules - côté,,,,,,,,,,,1,1,3,1,3
200700064391,0007-10-02 10:30:00,7,10,2,10,30,650,100,"15, CROIZAT (RUE A.)",,,Plein jour,En agglomération,Intersection en T,Normale,Deux véhicules - arrière,,,,,,,,,,,1,2,3,1,2
200700064392,0007-10-03 12:10:00,7,10,3,12,10,650,440,"., MOULIN (BOULEVARD JEA",,,Plein jour,En agglomération,Intersection en T,Pluie légère,Deux véhicules - côté,,,,,,,,,,,1,2,3,2,3
200700064393,0007-10-04 14:15:00,7,10,4,14,15,650,226,PAU (ROUTE DE),,,Plein jour,Hors agglomération,Intersection en X,Normale,Sans collision,,,,,,,,,,,1,1,2,1,7
200700064394,0007-10-05 13:45:00,7,10,5,13,45,650,440,"., FOULON (RUE DU)",,,Plein jour,En agglomération,Intersection en X,Normale,Autre collision,,,,,,,,,,,1,2,2,1,6
200700064395,0007-10-07 03:00:00,7,10,7,3,0,650,440,"11, TENOT (RUE EUGENE)",,,Nuit avec éclairage allumé,En agglomération,Hors intersection,Pluie légère,Autre collision,,,,,,,,,,,5,2,1,2,6
200700064396,0007-10-10 10:45:00,7,10,10,10,45,650,440,"., LACAUSSADE (BOULEVARD",,,Plein jour,En agglomération,Intersection en X,Normale,Deux véhicules - côté,,,,,,,,,,,1,2,2,1,3
200700064397,0007-10-11 19:10:00,7,10,11,19,10,650,440,"., SEPTEMBRE (RUE DU IV)",,,Crépuscule ou aube,En agglomération,Intersection en X,Normale,Autre collision,,,,,,,,,,,2,2,2,1,6
200700064398,0007-10-11 21:25:00,7,10,11,21,25,650,47,"., SALLES (RUE EMILE)",,,Nuit avec éclairage allumé,En agglomération,Intersection en X,Normale,Deux véhicules - côté,,,,,,,,,,,5,2,2,1,3
200700064399,0007-10-13 14:40:00,7,10,13,14,40,650,433,"18, LIBERATION (AVENUE D",,,Plein jour,En agglomération,Intersection en T,Normale,Deux véhicules - arrière,,,,,,,,,,,1,2,3,1,2
200700064400,0007-10-15 17:05:00,7,10,15,17,5,650,440,"., SEPTEMBRE (RUE DU IV)",,,Plein jour,En agglomération,Giratoire,Normale,Deux véhicules - côté,,,,,,,,,,,1,2,6,1,3
200700064401,0007-10-15 18:20:00,7,10,15,18,20,650,440,"., AZEREIX (AVENUE D')",,,Plein jour,En agglomération,Intersection en T,Normale,Deux véhicules - côté,,,,,,,,,,,1,2,3,1,3
200700064402,0007-10-16 11:50:00,7,10,16,11,50,650,433,"61, BARBUSSE (AVENUE HEN",,,Plein jour,En agglomération,Hors intersection,Normale,Autre collision,,,,,,,,,,,1,2,1,1,6
200700064403,0007-10-16 17:10:00,7,10,16,17,10,650,440,"., LACAUSSADE (BOULEVARD",,,Plein jour,En agglomération,Intersection en T,Normale,Deux véhicules - arrière,,,,,,,,,,,1,2,3,1,2
200700064404,0007-10-17 15:15:00,7,10,17,15,15,650,433,"., R.D. 92",,,Plein jour,Hors agglomération,Hors intersection,Normale,Deux véhicules - frontale,,,,,,,,,,,1,1,1,1,1
200700064405,0007-10-21 06:10:00,7,10,21,6,10,650,226,PAU (ROUTE DE),,,Nuit sans éclairage public,Hors agglomération,Hors intersection,Normale,Sans collision,,,,,,,,,,,3,1,1,1,7
200700064406,0007-10-21 12:50:00,7,10,21,12,50,650,331,"., JUILLAN (ROUTE DE)",,,Plein jour,Hors agglomération,Hors intersection,Normale,Sans collision,,,,,,,,,,,1,1,1,1,7
200700064407,0007-10-22 13:15:00,7,10,22,13,15,650,47,MAI (RUE DU 8),,,Plein jour,En agglomération,Intersection en X,Normale,Deux véhicules - côté,,,,,,,,,,,1,2,2,1,3
200700064408,0007-10-23 14:55:00,7,10,23,14,55,650,251,"33, MARECHAL FOCH (RUE D",,,Plein jour,En agglomération,Intersection en T,Normale,Deux véhicules - arrière,,,,,,,,,,,1,2,3,1,2
200700064409,0007-10-26 09:10:00,7,10,26,9,10,650,440,"., CORPS FRANC POMMIES (",,,Plein jour,En agglomération,Intersection en X,Normale,Deux véhicules - côté,,,,,,,,,,,1,2,2,1,3
200700064410,0007-10-26 17:55:00,7,10,26,17,55,650,440,"., SEDE (ROND-POINT DE L",,,Plein jour,En agglomération,Giratoire,Normale,Deux véhicules - côté,,,,,,,,,,,1,2,6,1,3
200700064411,0007-10-29 15:15:00,7,10,29,15,15,650,47,"52, JAURES (AVE JEAN)",,,Plein jour,En agglomération,Hors intersection,Pluie légère,Autre collision,,,,,,,,,,,1,2,1,2,6
200700064412,0007-10-29 16:55:00,7,10,29,16,55,650,417,"., GUINIER (RUE DU DOCTE",,,Plein jour,En agglomération,Hors intersection,Pluie légère,Autre collision,,,,,,,,,,,1,2,1,2,6
200700064413,0007-10-01 13:54:00,7,10,1,13,54,660,136,"., JULIEN PANCHOT (AVENU",,,Plein jour,En agglomération,Intersection en X,Normale,Deux véhicules - frontale,,,,,,,,,,,1,2,2,1,1
200700064414,0007-10-05 22:40:00,7,10,5,22,40,660,136,ANCIEN CHEMIN DE BOMPAS,,,Nuit sans éclairage public,Hors agglomération,Hors intersection,Normale,Deux véhicules - frontale,,,,,,,,,,,3,1,1,1,1
200700064415,0007-10-15 18:30:00,7,10,15,18,30,660,136,"1238, FAUCEILLE (CHEMIN",,,Plein jour,Hors agglomération,Hors intersection,Normale,Deux véhicules - frontale,,,,,,,,,,,1,1,1,1,1
200700064416,0007-10-15 18:05:00,7,10,15,18,5,660,136,PRADES (AVENUE DE),,,Plein jour,Hors agglomération,Hors intersection,Normale,Autre collision,,,,,,,,,,,1,1,1,1,6
200700064417,0007-10-15 13:50:00,7,10,15,13,50,660,136,"27, GUILLAUD (AVENUE GEN",,,Plein jour,En agglomération,Hors intersection,Normale,Deux véhicules - arrière,,,,,,,,,,,1,2,1,1,2
200700064418,0007-10-17 07:30:00,7,10,17,7,30,660,136,"31, CLEMENCEAU (BOULEVAR",,,Nuit avec éclairage allumé,En agglomération,Hors intersection,Normale,Autre collision,,,,,,,,,,,5,2,1,1,6
200700064419,0007-10-08 13:45:00,7,10,8,13,45,660,136,MICHELET (BOULEVARD EDMO,,,Plein jour,En agglomération,Hors intersection,Normale,Deux véhicules - arrière,,,,,,,,,,,1,2,1,1,2
200700064420,0007-10-25 17:15:00,7,10,25,17,15,660,136,"., ROUDAYRE (AVENUE EMIL",,,Plein jour,En agglomération,Hors intersection,Normale,Deux véhicules - frontale,,,,,,,,,,,1,2,1,1,1
200700064421,0007-10-30 10:00:00,7,10,30,10,0,660,136,ROTTERDAM (ROND POINT DE,,,Plein jour,En agglomération,Hors intersection,Normale,Deux véhicules - arrière,,,,,,,,,,,1,2,1,1,2
200700064422,0007-10-05 08:55:00,7,10,5,8,55,670,180,SOUFFLENHEIM (ROUTE DE),,,Plein jour,Hors agglomération,Hors intersection,Normale,Trois véhicules et plus - collisions multiples,,,,,,,,,,,1,1,1,1,5
200700064423,0007-10-12 17:25:00,7,10,12,17,25,670,180,BISCHWILLER (ROUTE DE),,,Plein jour,En agglomération,Intersection en T,Normale,Deux véhicules - côté,,,,,,,,,,,1,2,3,1,3
200700064424,0007-10-06 04:40:00,7,10,6,4,40,670,462,"57, EBERSHEIM (RUE D)",,,Nuit avec éclairage allumé,En agglomération,Hors intersection,Normale,Deux véhicules - frontale,,,,,,,,,,,5,2,1,1,1
200700064425,0007-10-30 13:55:00,7,10,30,13,55,670,462,"23, COLMAR (ROUTE DE)",,,Plein jour,En agglomération,Hors intersection,Normale,Deux véhicules - frontale,,,,,,,,,,,1,2,1,1,1
200700064426,0007-10-01 11:50:00,7,10,1,11,50,670,482,DORDOGNE (BOULEVARD DE L,,,Plein jour,En agglomération,Hors intersection,Normale,Autre collision,,,,,,,,,,,1,2,1,1,6
200700064427,0007-10-01 13:50:00,7,10,1,13,50,670,482,"0, POLYGONE (ROUTE DU)",,,Plein jour,En agglomération,Intersection en T,Normale,Deux véhicules - côté,,,,,,,,,,,1,2,3,1,3
200700064428,0007-10-01 18:05:00,7,10,1,18,5,670,482,"0, VOSGES (AVENUE DES)",,,Plein jour,En agglomération,Hors intersection,Normale,Autre collision,,,,,,,,,,,1,2,1,1,6
200700064429,0007-10-01 18:50:00,7,10,1,18,50,670,482,"0, CANONNIERS (RUE DES)",,,Crépuscule ou aube,En agglomération,Hors intersection,Normale,Deux véhicules - arrière,,,,,,,,,,,2,2,1,1,2
200700064430,0007-10-03 00:15:00,7,10,3,0,15,670,482,"136, LYON (BOULEVARD DE)",,,Nuit avec éclairage allumé,En agglomération,Hors intersection,Pluie légère,Autre collision,,,,,,,,,,,5,2,1,2,6
200700064431,0007-10-03 14:30:00,7,10,3,14,30,670,482,INGOLD (RUE),,,Plein jour,En agglomération,Intersection en X,Normale,Deux véhicules - arrière,,,,,,,,,,,1,2,2,1,2
200700064432,0007-10-03 15:50:00,7,10,3,15,50,670,482,", RHIN NAPOLEON (RUE DU)",,,Plein jour,En agglomération,Intersection en T,Normale,Deux véhicules - côté,,,,,,,,,,,1,2,3,1,3
200700064433,0007-10-03 15:15:00,7,10,3,15,15,670,482,RHIN (ROUTE DU),,,Plein jour,En agglomération,Hors intersection,Normale,Trois véhicules et plus - en chaîne,,,,,,,,,,,1,2,1,1,4
200700064434,0007-10-04 12:15:00,7,10,4,12,15,670,482,MITTELHAUSBERGEN (ROUTE,,,Plein jour,En agglomération,Intersection en T,Normale,Autre collision,,,,,,,,,,,1,2,3,1,6
200700064435,0007-10-04 16:45:00,7,10,4,16,45,670,482,"00, CERVANTES (AVENUE)",,,Plein jour,En agglomération,Hors intersection,Normale,Autre collision,,,,,,,,,,,1,2,1,1,6
200700064436,0007-10-05 09:45:00,7,10,5,9,45,670,482,"0, HAGUENAU (PLACE DE)",,,Plein jour,En agglomération,Intersection en T,Normale,Deux véhicules - côté,,,,,,,,,,,1,2,3,1,3
200700064437,0007-10-06 15:55:00,7,10,6,15,55,670,43,"0, SAPINS (RUE DES)",,,Plein jour,En agglomération,Giratoire,Normale,Deux véhicules - côté,,,,,,,,,,,1,2,6,1,3
200700064438,0007-10-06 23:00:00,7,10,6,23,0,670,482,"0, LOUIS PASTEUR (QUAI)",,,Nuit avec éclairage allumé,En agglomération,Intersection en X,Normale,Deux véhicules - côté,,,,,,,,,,,5,2,2,1,3