accident_id,datetime,annee,mois,jour,heure,minute,departement,commune_insee,adresse,latitude,longitude,luminosite,agglomeration,intersection,meteo,collision,nb_vehicules,nb_usagers,nb_indemnes,nb_tues,nb_blesses_hosp,nb_blesses_legers,age_cond_1,age_cond_2,veh_type_cond_1,veh_type_cond_2,lum_code,agg_code,int_code,atm_code,col_code
200700064439,0007-10-08 18:30:00,7,10,8,18,30,670,482,"0, GARE (PLACE DE LA)",,,Plein jour,En agglomération,Intersection en X,Normale,Deux véhicules - arrière,,,,,,,,,,,1,2,2,1,2
200700064440,0007-10-09 07:20:00,7,10,9,7,20,670,482,MITTELHAUSBERGEN (ROUTE,,,Plein jour,En agglomération,Intersection en X,Normale,Deux véhicules - côté,,,,,,,,,,,1,2,2,1,3
200700064441,0007-10-09 09:45:00,7,10,9,9,45,670,482,KOENIGSHOFFEN (RUE DE),,,Plein jour,En agglomération,Hors intersection,Normale,Trois véhicules et plus - en chaîne,,,,,,,,,,,1,2,1,1,4
200700064442,0007-10-09 10:00:00,7,10,9,10,0,670,267,"162, MARECHAL FOCH (RUE",,,Plein jour,En agglomération,Hors intersection,Normale,Deux véhicules - côté,,,,,,,,,,,1,2,1,1,3
200700064443,0007-10-10 08:03:00,7,10,10,8,3,670,482,"0, MATHISS (QUAI)",,,Plein jour,En agglomération,Intersection en T,Normale,Deux véhicules - côté,,,,,,,,,,,1,2,3,1,3
200700064444,0007-10-11 08:40:00,7,10,11,8,40,670,204,"0, REPUBLIQUE (RUE DE LA",,,Plein jour,En agglomération,Intersection en T,Normale,Deux véhicules - côté,,,,,,,,,,,1,2,3,1,3
200700064445,0007-10-12 10:00:00,7,10,12,10,0,670,482,RHIN (ROUTE DU),,,Plein jour,En agglomération,Intersection en X,Normale,Deux véhicules - côté,,,,,,,,,,,1,2,2,1,3
200700064446,0007-10-11 15:55:00,7,10,11,15,55,670,482,RHIN (ROUTE DU),,,Plein jour,En agglomération,Intersection en X,Normale,Trois véhicules et plus - collisions multiples,,,,,,,,,,,1,2,2,1,5
200700064447,0007-10-12 09:40:00,7,10,12,9,40,670,482,ROBERTSAU (ALLEE DE LA),,,Plein jour,En agglomération,Intersection en T,Normale,Deux véhicules - côté,,,,,,,,,,,1,2,3,1,3
200700064448,0007-10-13 19:45:00,7,10,13,19,45,670,447,"00, HAUSBERGEN (ROUTE DE",,,Nuit avec éclairage allumé,En agglomération,Intersection en X,Normale,Deux véhicules - côté,,,,,,,,,,,5,2,2,1,3
200700064449,0007-10-14 12:07:00,7,10,14,12,7,670,482,"00, SCHIRMECK (ROUTE DE)",,,Plein jour,En agglomération,Intersection en T,Normale,Deux véhicules - côté,,,,,,,,,,,1,2,3,1,3
200700064450,0007-10-14 14:45:00,7,10,14,14,45,670,482,VOSGES (AVENUE DES),,,Plein jour,En agglomération,Intersection en X,Normale,Deux véhicules - côté,,,,,,,,,,,1,2,2,1,3
200700064451,0007-10-13 22:54:00,7,10,13,22,54,670,482,LANGUEDOC (RUE DU),,,Nuit avec éclairage allumé,En agglomération,Hors intersection,Normale,Autre collision,,,,,,,,,,,5,2,1,1,6
200700064452,0007-10-15 12:10:00,7,10,15,12,10,670,482,LOUIS PASTEUR (QUAI),,,Plein jour,En agglomération,Intersection en X,Normale,Autre collision,,,,,,,,,,,1,2,2,1,6
200700064453,0007-10-16 14:10:00,7,10,16,14,10,670,482,"9, VAUBAN (RUE)",,,Plein jour,En agglomération,Hors intersection,Normale,Autre collision,,,,,,,,,,,1,2,1,1,6
200700064454,0007-10-16 18:15:00,7,10,16,18,15,670,447,"0, MALTERIES (RUE DES)",,,Crépuscule ou aube,En agglomération,Hors intersection,Normale,Autre collision,,,,,,,,,,,2,2,1,1,6
200700064455,0007-10-16 18:35:00,7,10,16,18,35,670,482,"0, OBERHAUSBERGEN (ROUTE",,,Plein jour,En agglomération,Intersection en X,Normale,Autre collision,,,,,,,,,,,1,2,2,1,6
200700064456,0007-10-17 07:25:00,7,10,17,7,25,670,482,"00, LOUIS PASTEUR (QUAI)",,,Crépuscule ou aube,En agglomération,Hors intersection,Normale,Deux véhicules - côté,,,,,,,,,,,2,2,1,1,3
200700064457,0007-10-17 17:20:00,7,10,17,17,20,670,267,"0, GRAFFENSTADEN (RUE DE",,,Plein jour,En agglomération,Hors intersection,Normale,Autre collision,,,,,,,,,,,1,2,1,1,6
200700064458,0007-10-18 12:25:00,7,10,18,12,25,670,482,"00, JACQUES STURM (QUAI)",,,Plein jour,En agglomération,Intersection en T,Normale,Deux véhicules - côté,,,,,,,,,,,1,2,3,1,3
200700064459,0007-10-18 13:15:00,7,10,18,13,15,670,447,"00, BISCHWILLER (ROUTE D",,,Plein jour,En agglomération,Hors intersection,Normale,Deux véhicules - arrière,,,,,,,,,,,1,2,1,1,2
200700064460,0007-10-19 15:35:00,7,10,19,15,35,670,482,"00, LYON (BOULEVARD DE)",,,Plein jour,En agglomération,Intersection en X,Normale,Deux véhicules - côté,,,,,,,,,,,1,2,2,1,3
200700064461,0007-10-19 17:20:00,7,10,19,17,20,670,482,"18, LICHTENBERG (RUE DU)",,,Plein jour,En agglomération,Hors intersection,Normale,Deux véhicules - côté,,,,,,,,,,,1,2,1,1,3
200700064462,0007-10-19 19:00:00,7,10,19,19,0,670,482,OBERHAUSBERGEN (ROUTE D,,,Nuit avec éclairage allumé,En agglomération,Hors intersection,Normale,Deux véhicules - côté,,,,,,,,,,,5,2,1,1,3
200700064463,0007-10-20 08:40:00,7,10,20,8,40,670,204,"00, ELECTRICITE (RUE DE",,,Plein jour,En agglomération,Intersection en X,Normale,Deux véhicules - côté,,,,,,,,,,,1,2,2,1,3
200700064464,0007-10-22 08:05:00,7,10,22,8,5,670,365,"30, LINGOLSHEIM (RUE DE)",,,Crépuscule ou aube,En agglomération,Hors intersection,Pluie légère,Autre collision,,,,,,,,,,,2,2,1,2,6
200700064465,0007-10-23 08:10:00,7,10,23,8,10,670,218,"141, LYON (RTE DE)",,,Plein jour,En agglomération,Hors intersection,Normale,Deux véhicules - côté,,,,,,,,,,,1,2,1,1,3
200700064466,0007-10-23 08:25:00,7,10,23,8,25,670,482,PORTE DE L HOPITAL (RUE,,,Plein jour,En agglomération,Intersection en X,Normale,Deux véhicules - côté,,,,,,,,,,,1,2,2,1,3
200700064467,0007-10-24 12:05:00,7,10,24,12,5,670,482,"0, DUCS (RUE DES)",,,Plein jour,En agglomération,Intersection en Y,Normale,Deux véhicules - côté,,,,,,,,,,,1,2,4,1,3
200700064468,0007-10-24 15:35:00,7,10,24,15,35,670,482,"116, POLYGONE (ROUTE DU)",,,Plein jour,En agglomération,Hors intersection,Normale,Deux véhicules - côté,,,,,,,,,,,1,2,1,1,3
200700064469,0007-10-24 18:15:00,7,10,24,18,15,670,482,"0, PASTEUR (QUAI LOUIS)",,,Plein jour,En agglomération,Hors intersection,Normale,Trois véhicules et plus - en chaîne,,,,,,,,,,,1,2,1,1,4
200700064470,0007-10-24 19:00:00,7,10,24,19,0,670,482,REMPART (RUE DU),,,Nuit avec éclairage allumé,En agglomération,Intersection en X,Normale,Deux véhicules - côté,,,,,,,,,,,5,2,2,1,3
200700064471,0007-10-24 21:10:00,7,10,24,21,10,670,482,"0, SOULTZ (RUE DE)",,,Nuit avec éclairage allumé,En agglomération,Hors intersection,Normale,Sans collision,,,,,,,,,,,5,2,1,1,7
200700064472,0007-10-25 11:55:00,7,10,25,11,55,670,482,"0, ERNEST BEVIN (QUAI)",,,Plein jour,En agglomération,Hors intersection,Normale,Deux véhicules - côté,,,,,,,,,,,1,2,1,1,3
200700064473,0007-10-25 20:05:00,7,10,25,20,5,670,482,"0, ILL (RUE DE L )",,,Nuit avec éclairage non allumé,En agglomération,Intersection en T,Normale,Deux véhicules - côté,,,,,,,,,,,4,2,3,1,3
200700064474,0007-10-26 01:55:00,7,10,26,1,55,670,482,"0, JACOUTOT (QUAI)",,,Nuit avec éclairage non allumé,En agglomération,Hors intersection,Normale,Autre collision,,,,,,,,,,,4,2,1,1,6
200700064475,0007-10-26 17:20:00,7,10,26,17,20,670,43,"4, CHARLES DE GAULLE (AV",,,Crépuscule ou aube,En agglomération,Hors intersection,Normale,Autre collision,,,,,,,,,,,2,2,1,1,6
200700064476,0007-10-26 21:15:00,7,10,26,21,15,670,482,"0, WINSTON CHURCHILL (PO",,,Nuit avec éclairage allumé,En agglomération,Hors intersection,Normale,Autre collision,,,,,,,,,,,5,2,1,1,6
200700064477,0007-10-28 01:45:00,7,10,28,1,45,670,482,"01, POLYGONE (ROUTE DU)",,,Nuit avec éclairage allumé,En agglomération,Hors intersection,Normale,Deux véhicules - arrière,,,,,,,,,,,5,2,1,1,2
200700064478,0007-10-30 13:25:00,7,10,30,13,25,670,482,THIERGARTEN (RUE DU),,,Plein jour,Hors agglomération,Intersection en X,Normale,Deux véhicules - côté,,,,,,,,,,,1,1,2,1,3
200700064479,0007-10-30 15:25:00,7,10,30,15,25,670,482,"0, MARAIS VERT (RUE DU)",,,Plein jour,En agglomération,Intersection en X,Normale,Deux véhicules - côté,,,,,,,,,,,1,2,2,1,3
200700064480,0007-10-30 16:00:00,7,10,30,16,0,670,482,", BOECKLIN (RUE)",,,Plein jour,En agglomération,Hors intersection,Normale,Deux véhicules - arrière,,,,,,,,,,,1,2,1,1,2
200700064481,0007-10-02 12:30:00,7,10,2,12,30,680,66,STRASBOURG (ROUTE DE),,,Plein jour,En agglomération,Giratoire,Normale,Deux véhicules - côté,,,,,,,,,,,1,2,6,1,3
200700064482,0007-10-04 15:43:00,7,10,4,15,43,680,66,"4, MADRID (RUE DE)",,,Plein jour,En agglomération,Hors intersection,Normale,Deux véhicules - côté,,,,,,,,,,,1,2,1,1,3
200700064483,0007-10-05 16:42:00,7,10,5,16,42,680,66,"12, PREMIERE ARMEE FRANC",,,Plein jour,En agglomération,Intersection en T,Normale,Autre collision,,,,,,,,,,,1,2,3,1,6
200700064484,0007-10-10 11:20:00,7,10,10,11,20,680,66,"6, OBERHOH-WEG (CHEMIN D",,,Plein jour,En agglomération,Hors intersection,Normale,Autre collision,,,,,,,,,,,1,2,1,1,6
200700064485,0007-10-17 12:51:00,7,10,17,12,51,680,66,"11, JOFFRE (AVENUE)",,,Plein jour,En agglomération,Hors intersection,Normale,Deux véhicules - frontale,,,,,,,,,,,1,2,1,1,1
200700064486,0007-10-29 20:17:00,7,10,29,20,17,680,66,"7, PREMIERE ARMEE FRANCA",,,Nuit avec éclairage allumé,En agglomération,Intersection en T,Normale,Autre collision,,,,,,,,,,,5,2,3,1,6
200700064487,0007-10-30 19:00:00,7,10,30,19,0,680,66,INGERSHEIM (ROUTE D'),,,Nuit avec éclairage allumé,En agglomération,Intersection en X,Normale,Deux véhicules - côté,,,,,,,,,,,5,2,2,1,3
200700064488,0007-10-30 20:16:00,7,10,30,20,16,680,66,"32, WINTZENHEIM (ROUTE D",,,Nuit avec éclairage allumé,En agglomération,Hors intersection,Normale,Deux véhicules - arrière,,,,,,,,,,,5,2,1,1,2
200700064489,0007-10-07 15:30:00,7,10,7,15,30,680,112,"1, NOIR (CHEMIN)",,,Plein jour,En agglomération,Intersection en T,Normale,Deux véhicules - côté,,,,,,,,,,,1,2,3,1,3
200700064490,0007-10-14 17:50:00,7,10,14,17,50,680,112,"253, REPUBLIQUE (RUE DE",,,Plein jour,En agglomération,Hors intersection,Normale,Sans collision,,,,,,,,,,,1,2,1,1,7
200700064491,0007-10-16 16:05:00,7,10,16,16,5,680,112,"20, GENERAL DE GAULLE (R",,,Plein jour,En agglomération,Intersection en X,Normale,Deux véhicules - côté,,,,,,,,,,,1,2,2,1,3
200700064492,0007-10-01 18:35:00,7,10,1,18,35,680,224,KATZ (ALLEE NATHAN),,,Plein jour,En agglomération,Hors intersection,Normale,Deux véhicules - arrière,,,,,,,,,,,1,2,1,1,2
200700064493,0007-10-02 13:15:00,7,10,2,13,15,680,224,"57, SALENGRO (AVENUE ROG",,,Plein jour,En agglomération,Intersection en T,Normale,Deux véhicules - côté,,,,,,,,,,,1,2,3,1,3
200700064494,0007-10-02 18:50:00,7,10,2,18,50,680,224,"47, BRUNSTATT (RUE DE)",,,Plein jour,En agglomération,Hors intersection,Normale,Autre collision,,,,,,,,,,,1,2,1,1,6
200700064495,0007-10-10 14:45:00,7,10,10,14,45,680,224,"98, COLMAR (AVENUE DE)",,,Plein jour,En agglomération,Intersection en T,Normale,Autre collision,,,,,,,,,,,1,2,3,1,6
200700064496,0007-10-06 13:10:00,7,10,6,13,10,680,224,HEILMANN (RUE JOSUE),,,Plein jour,En agglomération,Intersection en X,Normale,Deux véhicules - côté,,,,,,,,,,,1,2,2,1,3
200700064497,0007-10-05 13:55:00,7,10,5,13,55,680,224,"92, ALTKIRCH (AVENUE D')",,,Plein jour,En agglomération,Hors intersection,Normale,Deux véhicules - côté,,,,,,,,,,,1,2,1,1,3
200700064498,0007-10-09 12:10:00,7,10,9,12,10,680,224,NATIONS (BOULEVARD DES),,,Plein jour,En agglomération,Giratoire,Normale,Deux véhicules - côté,,,,,,,,,,,1,2,6,1,3
200700064499,0007-10-13 20:10:00,7,10,13,20,10,680,224,VOIE RAPIDE NORD SUD,,,Nuit avec éclairage allumé,Hors agglomération,Hors intersection,Normale,Sans collision,,,,,,,,,,,5,1,1,1,7
200700064500,0007-10-10 14:40:00,7,10,10,14,40,680,224,"17, ROOSEVELT (BOULEVARD",,,Plein jour,En agglomération,Hors intersection,Normale,Deux véhicules - arrière,,,,,,,,,,,1,2,1,1,2
200700064501,0007-10-19 07:42:00,7,10,19,7,42,680,224,STOESSEL (BOULEVARD CHAR,,,Plein jour,En agglomération,Autre intersection,Normale,Autre collision,,,,,,,,,,,1,2,9,1,6
200700064502,0007-10-20 19:00:00,7,10,20,19,0,680,224,BALLON (RUE DU),,,Nuit avec éclairage allumé,En agglomération,Intersection en T,Normale,Deux véhicules - côté,,,,,,,,,,,5,2,3,1,3
200700064503,0007-10-23 14:19:00,7,10,23,14,19,680,224,"2, MITTELWIHR (RUE DE)",,,Plein jour,En agglomération,Hors intersection,Normale,Autre collision,,,,,,,,,,,1,2,1,1,6
200700064504,0007-10-26 11:59:00,7,10,26,11,59,680,224,"145, NATIONS (BOULEVARD",,,Plein jour,En agglomération,Hors intersection,Normale,Deux véhicules - côté,,,,,,,,,,,1,2,1,1,3
200700064505,0007-10-27 09:11:00,7,10,27,9,11,680,224,"64, BALE (RUE DE)",,,Plein jour,En agglomération,Hors intersection,Normale,Deux véhicules - arrière,,,,,,,,,,,1,2,1,1,2
200700064506,0007-10-26 13:10:00,7,10,26,13,10,680,224,"45, MERTZAU (RUE DE LA)",,,Plein jour,En agglomération,Hors intersection,Normale,Deux véhicules - côté,,,,,,,,,,,1,2,1,1,3
200700064507,0007-10-22 18:20:00,7,10,22,18,20,680,224,", LECLERC (AVENUE DU GEN",,,Crépuscule ou aube,En agglomération,Hors intersection,Normale,Sans collision,,,,,,,,,,,2,2,1,1,7
200700064508,0007-10-29 17:45:00,7,10,29,17,45,680,224,"33, ORAN (QUAI D')",,,Nuit avec éclairage allumé,En agglomération,Hors intersection,Normale,Autre collision,,,,,,,,,,,5,2,1,1,6
200700064509,0007-10-30 17:30:00,7,10,30,17,30,680,224,"10, DUNKERQUE (RUE DE)",,,Crépuscule ou aube,En agglomération,Hors intersection,Normale,Deux véhicules - arrière,,,,,,,,,,,2,2,1,1,2
200700064510,0007-10-29 17:35:00,7,10,29,17,35,680,271,"24b, GAULLE (RUE DU GENE",,,Nuit avec éclairage allumé,En agglomération,Hors intersection,Normale,Autre collision,,,,,,,,,,,5,2,1,1,6
200700064511,0007-10-10 18:25:00,7,10,10,18,25,680,224,"117, KINGERSHEIM (RUE DE",,,Plein jour,En agglomération,Hors intersection,Normale,Autre collision,,,,,,,,,,,1,2,1,1,6
200700064512,0007-10-23 17:30:00,7,10,23,17,30,680,224,"26, MERTZAU (RUE DE LA)",,,Plein jour,En agglomération,Intersection en T,Normale,Deux véhicules - côté,,,,,,,,,,,1,2,3,1,3
200700064513,0007-10-22 15:08:00,7,10,22,15,8,690,29,"1, ALLEE DE VERDUN",,,Plein jour,En agglomération,Intersection en T,Temps éblouissant,Autre collision,,,,,,,,,,,1,2,3,7,6
200700064514,0007-10-25 18:50:00,7,10,25,18,50,690,29,"1, RUE DU 35EME REGIMENT",,,Nuit avec éclairage allumé,En agglomération,Hors intersection,Normale,Deux véhicules - frontale,,,,,,,,,,,5,2,1,1,1
200700064515,0007-10-08 09:30:00,7,10,8,9,30,690,34,MONTEE DES SOLDATS,,,Plein jour,Hors agglomération,Intersection en X,Normale,Deux véhicules - côté,,,,,,,,,,,1,1,2,1,3
200700064516,0007-10-13 11:55:00,7,10,13,11,55,690,34,"2 bis, CHEMIN DE CREPIEU",,,Plein jour,En agglomération,Hors intersection,Normale,Autre collision,,,,,,,,,,,1,2,1,1,6
200700064517,0007-10-21 16:27:00,7,10,21,16,27,690,34,"7, GRANDE RUE DE SAINT C",,,Plein jour,En agglomération,Hors intersection,Normale,Autre collision,,,,,,,,,,,1,2,1,1,6
200700064518,0007-10-24 16:30:00,7,10,24,16,30,690,34,"78, QUAI CLEMENCEAU",,,Plein jour,En agglomération,Hors intersection,Normale,Autre collision,,,,,,,,,,,1,2,1,1,6
200700064519,0007-10-19 14:10:00,7,10,19,14,10,690,34,"31, CHEMIN DE CREPIEUX",,,Plein jour,En agglomération,Hors intersection,Normale,Deux véhicules - arrière,,,,,,,,,,,1,2,1,1,2
200700064520,0007-10-25 16:30:00,7,10,25,16,30,690,34,AVENUE GENERAL LECLERC,,,Plein jour,En agglomération,Intersection en X,Normale,Autre collision,,,,,,,,,,,1,2,2,1,6
200700064521,0007-10-27 17:20:00,7,10,27,17,20,690,34,"56, RUE PASTEUR",,,Plein jour,En agglomération,Hors intersection,Normale,Autre collision,,,,,,,,,,,1,2,1,1,6
200700064522,0007-10-30 10:20:00,7,10,30,10,20,690,34,"9, MONTEE DE LA SOEUR VI",,,Plein jour,En agglomération,Hors intersection,Normale,Autre collision,,,,,,,,,,,1,2,1,1,6
200700064523,0007-10-10 16:30:00,7,10,10,16,30,690,91,", PAIX (DE LA) ( R )",,,Plein jour,En agglomération,Hors intersection,Normale,Autre collision,,,,,,,,,,,1,2,1,1,6
200700064524,0007-10-13 22:15:00,7,10,13,22,15,690,91,"x, JOSEPH LIAUTHAUD ( R",,,Nuit avec éclairage allumé,En agglomération,Intersection en T,Normale,Deux véhicules - côté,,,,,,,,,,,5,2,3,1,3
200700064525,0007-10-22 17:00:00,7,10,22,17,0,690,91,"39, JEAN LIGONNET ( R )",,,Plein jour,En agglomération,Hors intersection,Normale,Autre collision,,,,,,,,,,,1,2,1,1,6
200700064526,0007-10-27 19:05:00,7,10,27,19,5,690,91,"60, ROGER SALENGRO ( R )",,,Nuit avec éclairage allumé,En agglomération,Hors intersection,Normale,Deux véhicules - côté,,,,,,,,,,,5,2,1,1,3
200700064527,0007-10-10 14:00:00,7,10,10,14,0,690,152,MURIERS (DES),,,Plein jour,En agglomération,Hors intersection,Normale,Deux véhicules - arrière,,,,,,,,,,,1,2,1,1,2
200700064528,0007-10-29 17:40:00,7,10,29,17,40,690,202,"0, PAUL DAILLY",,,Crépuscule ou aube,Hors agglomération,Autre intersection,Normale,Trois véhicules et plus - en chaîne,,,,,,,,,,,2,1,9,1,4
200700064529,0007-10-17 15:00:00,7,10,17,15,0,690,256,GEORGES DIMITROV,,,Plein jour,En agglomération,Hors intersection,Normale,Deux véhicules - côté,,,,,,,,,,,1,2,1,1,3
200700064530,0007-10-02 13:32:00,7,10,2,13,32,690,256,"29, EMILE ZOLA",,,Plein jour,En agglomération,Hors intersection,Normale,Sans collision,,,,,,,,,,,1,2,1,1,7
200700064531,0007-10-16 15:45:00,7,10,16,15,45,690,256,MAURICE THOREZ,,,Plein jour,En agglomération,Intersection en T,Normale,Deux véhicules - arrière,,,,,,,,,,,1,2,3,1,2
200700064532,0007-10-22 13:30:00,7,10,22,13,30,690,256,HO CHI MINH,,,Plein jour,En agglomération,Intersection en T,Normale,Autre collision,,,,,,,,,,,1,2,3,1,6
200700064533,0007-10-31 12:20:00,7,10,31,12,20,690,256,"19, ROGER SALENGRO",,,Plein jour,En agglomération,Hors intersection,Normale,Deux véhicules - arrière,,,,,,,,,,,1,2,1,1,2
200700064534,0007-10-04 09:10:00,7,10,4,9,10,690,290,MONTEE DU LYONNAIS,,,Nuit avec éclairage non allumé,Hors agglomération,Intersection en T,Pluie forte,Deux véhicules - côté,,,,,,,,,,,4,1,3,3,3
200700064535,0007-10-04 17:25:00,7,10,4,17,25,690,259,"69, RUE ANDRE SENTUC",,,Plein jour,En agglomération,Hors intersection,Normale,Trois véhicules et plus - en chaîne,,,,,,,,,,,1,2,1,1,4
200700064536,0007-10-05 22:45:00,7,10,5,22,45,690,259,"1/13, BOULEVARD IRENE JO",,,Nuit avec éclairage allumé,En agglomération,Hors intersection,Pluie légère,Autre collision,,,,,,,,,,,5,2,1,2,6
200700064537,0007-10-10 08:55:00,7,10,10,8,55,690,259,"0, BOULEVARD DE JODINO",,,Plein jour,En agglomération,Hors intersection,Pluie légère,Deux véhicules - arrière,,,,,,,,,,,1,2,1,2,2
200700064538,0007-10-12 17:35:00,7,10,12,17,35,690,199,RUE DE LA TANNERIE,,,Plein jour,En agglomération,Intersection en X,Normale,Deux véhicules - côté,,,,,,,,,,,1,2,2,1,3
200700064539,0007-10-14 16:30:00,7,10,14,16,30,690,259,"0, AVENUE CHARLES DE GAU",,,Plein jour,En agglomération,Intersection en T,Normale,Deux véhicules - côté,,,,,,,,,,,1,2,3,1,3
200700064540,0007-10-20 11:45:00,7,10,20,11,45,690,259,"Face 277, ROUTE DE VIENN",,,Plein jour,En agglomération,Hors intersection,Normale,Trois véhicules et plus - en chaîne,,,,,,,,,,,1,2,1,1,4
200700064541,0007-10-21 16:30:00,7,10,21,16,30,690,259,"0, FRANCIS DE PRESSENSE",,,Plein jour,En agglomération,Intersection en T,Normale,Deux véhicules - côté,,,,,,,,,,,1,2,3,1,3
200700064542,0007-10-27 13:00:00,7,10,27,13,0,690,259,"0, AVENUE CHARLES DE GAU",,,Plein jour,En agglomération,Intersection en X,Normale,Deux véhicules - côté,,,,,,,,,,,1,2,2,1,3
200700064543,0007-10-29 19:25:00,7,10,29,19,25,690,199,"24, RUE CARNOT",,,Nuit avec éclairage allumé,En agglomération,Hors intersection,Pluie légère,Autre collision,,,,,,,,,,,5,2,1,2,6
200700064544,0007-10-29 12:30:00,7,10,29,12,30,690,259,"0, RUE FRANCISQUE AYNARD",,,Plein jour,En agglomération,Intersection en T,Normale,Deux véhicules - côté,,,,,,,,,,,1,2,3,1,3
200700064545,0007-10-12 09:20:00,7,10,12,9,20,690,115,ROUTE NATIONALE 6,,,Plein jour,Hors agglomération,Hors intersection,Normale,Deux véhicules - frontale,,,,,,,,,,,1,1,1,1,1
200700064546,0007-10-23 15:50:00,7,10,23,15,50,690,264,JAURES JEAN  BD,,,Plein jour,En agglomération,Hors intersection,Normale,Autre collision,,,,,,,,,,,1,2,1,1,6
200700064547,0007-10-20 19:20:00,7,10,20,19,20,690,264,LECLERC GENERAL  BD,,,Nuit avec éclairage allumé,En agglomération,Hors intersection,Normale,Autre collision,,,,,,,,,,,5,2,1,1,6
200700064548,0007-10-28 04:40:00,7,10,28,4,40,690,264,"2412, RIOTTIER  ROUTE DE",,,Nuit avec éclairage allumé,En agglomération,Hors intersection,Brouillard / fumée,Autre collision,,,,,,,,,,,5,2,1,5,6
200700064549,0007-10-10 04:10:00,7,10,10,4,10,690,266,"137, COURS TOLSTOI",,,Nuit avec éclairage allumé,En agglomération,Intersection en X,Pluie légère,Deux véhicules - côté,,,,,,,,,,,5,2,2,2,3
200700064550,0007-10-03 17:55:00,7,10,3,17,55,690,266,"1, BRETELLE 6 PORTE DE C",,,Plein jour,En agglomération,Hors intersection,Pluie forte,Autre collision,,,,,,,,,,,1,2,1,3,6
200700064551,0007-10-09 17:55:00,7,10,9,17,55,690,266,"1, RUE MICHEL DUPEUBLE",,,Plein jour,En agglomération,Giratoire,Normale,Deux véhicules - côté,,,,,,,,,,,1,2,6,1,3
200700064552,0007-10-10 14:15:00,7,10,10,14,15,690,266,"1, RUE EUGENE FOURNIERE",,,Plein jour,En agglomération,Intersection en T,Normale,Deux véhicules - côté,,,,,,,,,,,1,2,3,1,3
200700064553,0007-10-13 01:00:00,7,10,13,1,0,690,266,"375, COURS EMILE ZOLA",,,Nuit avec éclairage allumé,En agglomération,Hors intersection,Normale,Autre collision,,,,,,,,,,,5,2,1,1,6
200700064554,0007-10-25 16:15:00,7,10,25,16,15,690,266,"48, RUE DU 8 MAI 1945",,,Plein jour,En agglomération,Intersection en T,Normale,Autre collision,,,,,,,,,,,1,2,3,1,6
200700064555,0007-10-06 11:50:00,7,10,6,11,50,690,266,"1, RUE ANTONIN PERRIN",,,Plein jour,En agglomération,Intersection en X,Normale,Autre collision,,,,,,,,,,,1,2,2,1,6
200700064556,0007-10-15 13:30:00,7,10,15,13,30,690,266,"402, COURS EMILE ZOLA",,,Plein jour,En agglomération,Hors intersection,Normale,Autre collision,,,,,,,,,,,1,2,1,1,6
200700064557,0007-10-15 13:45:00,7,10,15,13,45,690,266,"01, COURS ANDRE PHILIP",,,Plein jour,En agglomération,Hors intersection,Normale,Deux véhicules - côté,,,,,,,,,,,1,2,1,1,3
200700064558,0007-10-18 07:35:00,7,10,18,7,35,690,266,"1, RUE DE LA BOUBE",,,Plein jour,En agglomération,Intersection en T,Normale,Deux véhicules - côté,,,,,,,,,,,1,2,3,1,3
200700064559,0007-10-22 20:30:00,7,10,22,20,30,690,266,"1, RUE FREDERIC PASSY",,,Nuit avec éclairage allumé,En agglomération,Intersection en X,Normale,Autre collision,,,,,,,,,,,5,2,2,1,6
200700064560,0007-10-25 12:15:00,7,10,25,12,15,690,266,"50, RUE DU CANAL",,,Plein jour,En agglomération,Intersection en T,Normale,Autre collision,,,,,,,,,,,1,2,3,1,6
200700064561,0007-10-25 17:00:00,7,10,25,17,0,690,275,RUE PAUL CEZANNE,,,Plein jour,En agglomération,Hors intersection,Normale,Deux véhicules - côté,,,,,,,,,,,1,2,1,1,3
200700064562,0007-10-03 13:30:00,7,10,3,13,30,690,282,AVENUE DE VERDUN,,,Plein jour,En agglomération,Intersection en X,Normale,Deux véhicules - frontale,,,,,,,,,,,1,2,2,1,1
200700064563,0007-10-29 20:00:00,7,10,29,20,0,690,282,AVENUE DU CARREAU,,,Nuit avec éclairage allumé,En agglomération,Intersection en T,Pluie légère,Deux véhicules - côté,,,,,,,,,,,5,2,3,2,3
200700064564,0007-10-06 17:15:00,7,10,6,17,15,690,290,RUE DU DOCTEUR GALLAVARD,,,Plein jour,En agglomération,Intersection en X,Normale,Deux véhicules - côté,,,,,,,,,,,1,2,2,1,3
200700064565,0007-10-08 09:50:00,7,10,8,9,50,690,290,"24, RUE COLETTE",,,Plein jour,En agglomération,Hors intersection,Normale,Autre collision,,,,,,,,,,,1,2,1,1,6
200700064566,0007-10-09 08:45:00,7,10,9,8,45,690,290,ROUTE DE LYON,,,Plein jour,Hors agglomération,Intersection en X,Normale,Deux véhicules - côté,,,,,,,,,,,1,1,2,1,3
200700064567,0007-10-26 23:50:00,7,10,26,23,50,690,290,"0, CHEMIN DU LORTARET",,,Nuit sans éclairage public,En agglomération,Hors intersection,Normale,Autre collision,,,,,,,,,,,3,2,1,1,6
200700064568,0007-10-31 13:45:00,7,10,31,13,45,690,290,BOULEVARD DES ROSES,,,Plein jour,En agglomération,Intersection en X,Normale,Trois véhicules et plus - collisions multiples,,,,,,,,,,,1,2,2,1,5
200700064569,0007-10-31 14:55:00,7,10,31,14,55,690,290,"6, RUE ROBESPIERRE",,,Plein jour,En agglomération,Hors intersection,Normale,Autre collision,,,,,,,,,,,1,2,1,1,6