accident_id,datetime,annee,mois,jour,heure,minute,departement,commune_insee,adresse,latitude,longitude,luminosite,agglomeration,intersection,meteo,collision,nb_vehicules,nb_usagers,nb_indemnes,nb_tues,nb_blesses_hosp,nb_blesses_legers,age_cond_1,age_cond_2,veh_type_cond_1,veh_type_cond_2,lum_code,agg_code,int_code,atm_code,col_code
200700064570,0007-10-25 08:25:00,7,10,25,8,25,700,285,"0, VYANS (ROUTE DE)",,,Plein jour,En agglomération,Intersection en T,Normale,Autre collision,,,,,,,,,,,1,2,3,1,6
200700064571,0007-10-03 12:50:00,7,10,3,12,50,700,388,"20, ORY Noel (RUE)",,,Plein jour,En agglomération,Hors intersection,Normale,Deux véhicules - côté,,,,,,,,,,,1,2,1,1,3
200700064572,0007-10-05 22:20:00,7,10,5,22,20,700,550,"1, GERLINGEN (RUE DE)",,,Nuit avec éclairage allumé,En agglomération,Hors intersection,Normale,Deux véhicules - arrière,,,,,,,,,,,5,2,1,1,2
200700064573,0007-10-10 19:50:00,7,10,10,19,50,700,550,"87, BRIAND (RUE ARISTIDE",,,Nuit avec éclairage allumé,En agglomération,Hors intersection,Normale,Deux véhicules - arrière,,,,,,,,,,,5,2,1,1,2
200700064574,0007-10-13 12:15:00,7,10,13,12,15,700,207,"64, PASTEUR (AVENUE)",,,Plein jour,En agglomération,Hors intersection,Temps éblouissant,Deux véhicules - arrière,,,,,,,,,,,1,2,1,7,2
200700064575,0007-10-16 21:45:00,7,10,16,21,45,700,378,"48, CURIE (RUE PIERRE MA",,,Nuit avec éclairage allumé,En agglomération,Hors intersection,Normale,Deux véhicules - côté,,,,,,,,,,,5,2,1,1,3
200700064576,0007-10-03 14:10:00,7,10,3,14,10,710,81,RN6,,,Plein jour,Hors agglomération,Hors intersection,Normale,Deux véhicules - frontale,,,,,,,,,,,1,1,1,1,1
200700064577,0007-10-11 20:30:00,7,10,11,20,30,710,76,PARIS (AVENUE DE),,,Nuit avec éclairage allumé,En agglomération,Intersection en X,Normale,Deux véhicules - côté,,,,,,,,,,,5,2,2,1,3
200700064578,0007-10-22 07:45:00,7,10,22,7,45,710,76,"1, PONT DE FER (RUE DU)",,,Crépuscule ou aube,En agglomération,Intersection en T,Normale,Autre collision,,,,,,,,,,,2,2,3,1,6
200700064579,0007-10-23 19:02:00,7,10,23,19,2,710,475,LYON (ROUTE DE ),,,Nuit avec éclairage allumé,En agglomération,Hors intersection,Normale,Deux véhicules - côté,,,,,,,,,,,5,2,1,1,3
200700064580,0007-10-01 11:30:00,7,10,1,11,30,710,153,"., PUDDLEURS (RUE DES)",,,Plein jour,En agglomération,Intersection en T,Normale,Deux véhicules - côté,,,,,,,,,,,1,2,3,1,3
200700064581,0007-10-03 16:15:00,7,10,3,16,15,710,153,"., ABBE PERROT (RUE DE L",,,Plein jour,En agglomération,Intersection en X,Normale,Deux véhicules - côté,,,,,,,,,,,1,2,2,1,3
200700064582,0007-10-03 16:40:00,7,10,3,16,40,710,540,R.D 290,,,Plein jour,Hors agglomération,Intersection en T,Normale,Deux véhicules - côté,,,,,,,,,,,1,1,3,1,3
200700064583,0007-10-10 12:35:00,7,10,10,12,35,710,153,"2, SAINT ANTOINE (BOULEV",,,Plein jour,En agglomération,Hors intersection,Normale,Autre collision,,,,,,,,,,,1,2,1,1,6
200700064584,0007-10-12 12:00:00,7,10,12,12,0,710,153,"62, LAVOISIER (RUE)",,,Plein jour,En agglomération,Hors intersection,Normale,Deux véhicules - côté,,,,,,,,,,,1,2,1,1,3
200700064585,0007-10-12 13:50:00,7,10,12,13,50,710,153,"., MONTALVIN (AVENUE DE)",,,Plein jour,En agglomération,Hors intersection,Normale,Deux véhicules - côté,,,,,,,,,,,1,2,1,1,3
200700064586,0007-10-16 07:05:00,7,10,16,7,5,710,153,MARCEAU (RUE),,,Nuit avec éclairage allumé,En agglomération,Intersection en X,Normale,Deux véhicules - côté,,,,,,,,,,,5,2,2,1,3
200700064587,0007-10-17 15:40:00,7,10,17,15,40,710,153,MARECHAL FOCH (RUE),,,Plein jour,En agglomération,Intersection en X,Normale,Deux véhicules - côté,,,,,,,,,,,1,2,2,1,3
200700064588,0007-10-27 17:05:00,7,10,27,17,5,710,153,"., BARRE (RUE DE LA)",,,Plein jour,En agglomération,Intersection en T,Normale,Deux véhicules - côté,,,,,,,,,,,1,2,3,1,3
200700064589,0007-10-30 11:10:00,7,10,30,11,10,710,153,"., CHANZY (RUE DE)",,,Plein jour,En agglomération,Intersection en X,Normale,Deux véhicules - côté,,,,,,,,,,,1,2,2,1,3
200700064590,0007-10-06 02:00:00,7,10,6,2,0,710,270,HERRIOT (AVENUE EDOUARD),,,Nuit avec éclairage allumé,En agglomération,Hors intersection,Normale,Autre collision,,,,,,,,,,,5,2,1,1,6
200700064591,0007-10-05 13:55:00,7,10,5,13,55,710,270,"2, BARRE (RUE DE LA)",,,Plein jour,En agglomération,Hors intersection,Normale,Autre collision,,,,,,,,,,,1,2,1,1,6
200700064592,0007-10-09 22:26:00,7,10,9,22,26,710,270,HERRIOT (AVENUE EDOUARD),,,Nuit avec éclairage allumé,En agglomération,Hors intersection,Normale,Autre collision,,,,,,,,,,,5,2,1,1,6
200700064593,0007-10-10 12:10:00,7,10,10,12,10,710,270,"1, VALLON (RUE DU)",,,Plein jour,En agglomération,Hors intersection,Temps couvert,Autre collision,,,,,,,,,,,1,2,1,8,6
200700064594,0007-10-10 09:25:00,7,10,10,9,25,710,105,COUPEE (GRANDE-RUE DE LA,,,Plein jour,En agglomération,Hors intersection,Temps couvert,Autre collision,,,,,,,,,,,1,2,1,8,6
200700064595,0007-10-13 18:05:00,7,10,13,18,5,710,270,"1, LIBERTE (BOULEVARD DE",,,Plein jour,En agglomération,Intersection en X,Normale,Deux véhicules - côté,,,,,,,,,,,1,2,2,1,3
200700064596,0007-10-17 12:15:00,7,10,17,12,15,710,270,"1, SAINT-EXUPERY (RUE)",,,Plein jour,Hors agglomération,Intersection en T,Normale,Deux véhicules - côté,,,,,,,,,,,1,1,3,1,3
200700064597,0007-10-22 17:10:00,7,10,22,17,10,710,260,"1, CHARRIERE (ROUTE DE L",,,Plein jour,Hors agglomération,Intersection en X,Pluie légère,Trois véhicules et plus - collisions multiples,,,,,,,,,,,1,1,2,2,5
200700064598,0007-10-26 09:05:00,7,10,26,9,5,710,270,EUROPE (CARREFOUR DE L'),,,Plein jour,Hors agglomération,Giratoire,Normale,Deux véhicules - côté,,,,,,,,,,,1,1,6,1,3
200700064599,0007-10-29 18:25:00,7,10,29,18,25,710,511,RD 205 - ROUTE DE ST MAR,,,Plein jour,Hors agglomération,Hors intersection,Normale,Sans collision,,,,,,,,,,,1,1,1,1,7
200700064600,0007-10-29 18:25:00,7,10,29,18,25,710,270,PREMIERE ARMEE (CARREFOU,,,Nuit avec éclairage allumé,Hors agglomération,Hors intersection,Pluie forte,Sans collision,,,,,,,,,,,5,1,1,3,7
200700064601,0007-10-29 19:00:00,7,10,29,19,0,710,497,GENERAL DE GAULLE (BOULE,,,Nuit avec éclairage allumé,Hors agglomération,Hors intersection,Pluie forte,Sans collision,,,,,,,,,,,5,1,1,3,7
200700064602,0007-10-30 13:55:00,7,10,30,13,55,710,497,"1, BOURG (RUE DU)",,,Plein jour,Hors agglomération,Intersection en X,Normale,Deux véhicules - côté,,,,,,,,,,,1,1,2,1,3
200700064603,0007-10-15 20:15:00,7,10,15,20,15,710,486,"99, JEAN JAURES (AVENUE)",,,Nuit avec éclairage allumé,En agglomération,Intersection en X,Normale,Deux véhicules - côté,,,,,,,,,,,5,2,2,1,3
200700064604,0007-10-16 02:05:00,7,10,16,2,5,710,306,DE LATTRE DE TASSIGNY (B,,,Nuit avec éclairage allumé,En agglomération,Intersection à plus de 4 branches,Normale,Sans collision,,,,,,,,,,,5,2,5,1,7
200700064605,0007-10-01 07:30:00,7,10,1,7,30,720,181,DURAND GEORGES (AV) N° I,,,Plein jour,En agglomération,Hors intersection,Pluie légère,Autre collision,,,,,,,,,,,1,2,1,2,6
200700064606,0007-10-01 08:25:00,7,10,1,8,25,720,95,SAINT NICOLAS (BD),,,Plein jour,En agglomération,Hors intersection,Pluie légère,Autre collision,,,,,,,,,,,1,2,1,2,6
200700064607,0007-10-02 17:20:00,7,10,2,17,20,720,181,JAURES JEAN (AV) N° PAIR,,,Plein jour,En agglomération,Hors intersection,Normale,Deux véhicules - côté,,,,,,,,,,,1,2,1,1,3
200700064608,0007-10-02 18:00:00,7,10,2,18,0,720,181,PATTON GENERAL RTE ST-AU,,,Plein jour,Hors agglomération,Hors intersection,Pluie légère,Deux véhicules - côté,,,,,,,,,,,1,1,1,2,3
200700064609,0007-10-04 15:30:00,7,10,4,15,30,720,181,DURAND GEORGES (AV) N° I,,,Plein jour,En agglomération,Hors intersection,Normale,Deux véhicules - côté,,,,,,,,,,,1,2,1,1,3
200700064610,0007-10-05 18:20:00,7,10,5,18,20,720,181,"65, PORT A L'ABBESSE (RU",,,Plein jour,En agglomération,Hors intersection,Normale,Deux véhicules - côté,,,,,,,,,,,1,2,1,1,3
200700064611,0007-10-06 01:40:00,7,10,6,1,40,720,181,HUGO VICTOR (RUE) HORS J,,,Nuit avec éclairage allumé,En agglomération,Intersection en X,Normale,Deux véhicules - frontale,,,,,,,,,,,5,2,2,1,1
200700064612,0007-10-06 15:20:00,7,10,6,15,20,720,181,JAURES CHURCHILL (ECHANG,,,Plein jour,En agglomération,Hors intersection,Normale,Autre collision,,,,,,,,,,,1,2,1,1,6
200700064613,0007-10-08 09:50:00,7,10,8,9,50,720,181,KLOTZ HENRI-PIERRE (AV),,,Plein jour,En agglomération,Hors intersection,Normale,Deux véhicules - côté,,,,,,,,,,,1,2,1,1,3
200700064614,0007-10-08 12:00:00,7,10,8,12,0,720,181,ROOSEVELT FRANKLIN (PL),,,Plein jour,En agglomération,Hors intersection,Normale,Sans collision,,,,,,,,,,,1,2,1,1,7
200700064615,0007-10-09 17:00:00,7,10,9,17,0,720,3,ANJOU (BD D'),,,Plein jour,En agglomération,Hors intersection,Normale,Deux véhicules - arrière,,,,,,,,,,,1,2,1,1,2
200700064616,0007-10-09 19:35:00,7,10,9,19,35,720,181,JAURES JEAN (AV) N° IMP,,,Plein jour,En agglomération,Hors intersection,Normale,Sans collision,,,,,,,,,,,1,2,1,1,7
200700064617,0007-10-10 18:40:00,7,10,10,18,40,720,181,PREMARTINE (RUE) N° IMP,,,Plein jour,En agglomération,Hors intersection,Normale,Autre collision,,,,,,,,,,,1,2,1,1,6
200700064618,0007-10-12 10:15:00,7,10,12,10,15,720,181,MISSION (RUE DE LA),,,Plein jour,En agglomération,Hors intersection,Normale,Deux véhicules - côté,,,,,,,,,,,1,2,1,1,3
200700064619,0007-10-12 12:35:00,7,10,12,12,35,720,181,LEDRU ROLLIN QUAI N° 1 A,,,Plein jour,En agglomération,Hors intersection,Normale,Autre collision,,,,,,,,,,,1,2,1,1,6
200700064620,0007-10-13 13:00:00,7,10,13,13,0,720,181,PATTON GENERAL RTE ST-AU,,,Plein jour,Hors agglomération,Hors intersection,Normale,Deux véhicules - côté,,,,,,,,,,,1,1,1,1,3
200700064621,0007-10-13 15:00:00,7,10,13,15,0,720,181,MONTHEARD (RUE DE),,,Plein jour,En agglomération,Intersection en T,Normale,Deux véhicules - côté,,,,,,,,,,,1,2,3,1,3
200700064622,0007-10-13 15:35:00,7,10,13,15,35,720,181,PIFFAULT PIERRE (AV) BES,,,Plein jour,En agglomération,Hors intersection,Normale,Deux véhicules - côté,,,,,,,,,,,1,2,1,1,3
200700064623,0007-10-13 17:20:00,7,10,13,17,20,720,181,DEMORIEUX IMP DE ROCADE,,,Plein jour,En agglomération,Hors intersection,Normale,Deux véhicules - arrière,,,,,,,,,,,1,2,1,1,2
200700064624,0007-10-14 17:00:00,7,10,14,17,0,720,181,LE VERRIER (RUE),,,Plein jour,En agglomération,Hors intersection,Normale,Autre collision,,,,,,,,,,,1,2,1,1,6
200700064625,0007-10-15 15:50:00,7,10,15,15,50,720,181,"35 BIS, MANGEARD (RUE) N",,,Plein jour,En agglomération,Hors intersection,Normale,Autre collision,,,,,,,,,,,1,2,1,1,6
200700064626,0007-10-16 12:30:00,7,10,16,12,30,720,181,"101, GENESLAY FELIX (AV)",,,Plein jour,En agglomération,Hors intersection,Normale,Deux véhicules - frontale,,,,,,,,,,,1,2,1,1,1
200700064627,0007-10-17 17:20:00,7,10,17,17,20,720,181,"99, HEUZE OLIVIER (AV) N",,,Plein jour,En agglomération,Hors intersection,Normale,Deux véhicules - arrière,,,,,,,,,,,1,2,1,1,2
200700064628,0007-10-16 20:35:00,7,10,16,20,35,720,181,GENESLAY FELIX (AV) N° I,,,Nuit avec éclairage allumé,En agglomération,Hors intersection,Normale,Autre collision,,,,,,,,,,,5,2,1,1,6
200700064629,0007-10-17 08:50:00,7,10,17,8,50,720,181,JAURES CHURCHILL (ECHANG,,,Plein jour,En agglomération,Hors intersection,Normale,Deux véhicules - frontale,,,,,,,,,,,1,2,1,1,1
200700064630,0007-10-17 09:00:00,7,10,17,9,0,720,181,CIRQUE (RUE DU),,,Plein jour,En agglomération,Hors intersection,Normale,Autre collision,,,,,,,,,,,1,2,1,1,6
200700064631,0007-10-17 10:00:00,7,10,17,10,0,720,181,PATTON GENERAL RTE ST-AU,,,Plein jour,Hors agglomération,Hors intersection,Normale,Trois véhicules et plus - en chaîne,,,,,,,,,,,1,1,1,1,4
200700064632,0007-10-17 18:10:00,7,10,17,18,10,720,181,PATTON GENERAL RTE ST-AU,,,Plein jour,Hors agglomération,Hors intersection,Normale,Trois véhicules et plus - en chaîne,,,,,,,,,,,1,1,1,1,4
200700064633,0007-10-18 11:00:00,7,10,18,11,0,720,181,FLORE (RUE DE) N° IMP 1,,,Plein jour,En agglomération,Hors intersection,Normale,Deux véhicules - arrière,,,,,,,,,,,1,2,1,1,2
200700064634,0007-10-18 15:26:00,7,10,18,15,26,720,181,WASHINGTON GEORGES (PL),,,Plein jour,En agglomération,Hors intersection,Normale,Autre collision,,,,,,,,,,,1,2,1,1,6
200700064635,0007-10-19 10:40:00,7,10,19,10,40,720,181,MENDES FRANCE PIERRE (AV,,,Plein jour,En agglomération,Hors intersection,Normale,Deux véhicules - côté,,,,,,,,,,,1,2,1,1,3
200700064636,0007-10-19 12:10:00,7,10,19,12,10,720,181,JACOBINS (PL DES),,,Plein jour,En agglomération,Hors intersection,Normale,Autre collision,,,,,,,,,,,1,2,1,1,6
200700064637,0007-10-19 14:50:00,7,10,19,14,50,720,181,LEFAUCHEUX PIERRE (BD),,,Plein jour,En agglomération,Intersection en X,Normale,Deux véhicules - côté,,,,,,,,,,,1,2,2,1,3
200700064638,0007-10-22 14:05:00,7,10,22,14,5,720,181,"3, MOZART (AV)",,,Plein jour,En agglomération,Hors intersection,Normale,Autre collision,,,,,,,,,,,1,2,1,1,6
200700064639,0007-10-24 08:10:00,7,10,24,8,10,720,181,LAVAL (RTE DE) PAIRS,,,Plein jour,En agglomération,Hors intersection,Normale,Trois véhicules et plus - en chaîne,,,,,,,,,,,1,2,1,1,4
200700064640,0007-10-24 16:20:00,7,10,24,16,20,720,181,"315, RUAUDIN (RUE) N° IM",,,Plein jour,En agglomération,Hors intersection,Normale,Deux véhicules - frontale,,,,,,,,,,,1,2,1,1,1
200700064641,0007-10-24 16:15:00,7,10,24,16,15,720,181,RIVIERE (RUE DE LA)  N°,,,Plein jour,En agglomération,Hors intersection,Normale,Deux véhicules - côté,,,,,,,,,,,1,2,1,1,3
200700064642,0007-10-24 17:25:00,7,10,24,17,25,720,181,CROCHARDIERE (RUE),,,Plein jour,En agglomération,Intersection en X,Normale,Deux véhicules - côté,,,,,,,,,,,1,2,2,1,3
200700064643,0007-10-24 17:30:00,7,10,24,17,30,720,181,"31, CHAMPION HENRI (RUE)",,,Plein jour,En agglomération,Hors intersection,Normale,Autre collision,,,,,,,,,,,1,2,1,1,6
200700064644,0007-10-24 19:30:00,7,10,24,19,30,720,181,EPERON (PL DE L') N°  2,,,Nuit avec éclairage allumé,En agglomération,Hors intersection,Normale,Deux véhicules - arrière,,,,,,,,,,,5,2,1,1,2
200700064645,0007-10-24 19:31:00,7,10,24,19,31,720,181,LAIGNE RUE DE N° IMP 157,,,Nuit avec éclairage allumé,En agglomération,Hors intersection,Normale,Deux véhicules - côté,,,,,,,,,,,5,2,1,1,3
200700064646,0007-10-25 22:50:00,7,10,25,22,50,720,181,"70, MAILLETS (RUE DES) N",,,Nuit avec éclairage allumé,En agglomération,Hors intersection,Normale,Autre collision,,,,,,,,,,,5,2,1,1,6
200700064647,0007-10-26 17:35:00,7,10,26,17,35,720,181,MAC JEAN (AV) N° IMP 1 A,,,Plein jour,En agglomération,Intersection en T,Normale,Deux véhicules - arrière,,,,,,,,,,,1,2,3,1,2
200700064648,0007-10-27 14:30:00,7,10,27,14,30,720,181,"305, BOLLEE (AV) N° IMP",,,Plein jour,En agglomération,Hors intersection,Normale,Autre collision,,,,,,,,,,,1,2,1,1,6
200700064649,0007-10-27 20:35:00,7,10,27,20,35,720,3,GAULLE CHARLES DE (AV),,,Nuit avec éclairage allumé,En agglomération,Hors intersection,Normale,Autre collision,,,,,,,,,,,5,2,1,1,6
200700064650,0007-10-30 19:20:00,7,10,30,19,20,720,181,"26, COURBOULAY PAUL (RUE",,,Nuit avec éclairage allumé,En agglomération,Hors intersection,Normale,Autre collision,,,,,,,,,,,5,2,1,1,6
200700064651,0007-10-02 17:05:00,7,10,2,17,5,730,8,"2, GRAND PORT (JUSQU'A L",,,Plein jour,En agglomération,Hors intersection,Normale,Deux véhicules - arrière,,,,,,,,,,,1,2,1,1,2
200700064652,0007-10-09 17:25:00,7,10,9,17,25,730,8,GOLF AVENUE DU,,,Plein jour,En agglomération,Hors intersection,Normale,Deux véhicules - côté,,,,,,,,,,,1,2,1,1,3
200700064653,0007-10-17 12:20:00,7,10,17,12,20,730,8,"49, ANGLAIS BOULEVARD DE",,,Plein jour,En agglomération,Intersection en Y,Normale,Deux véhicules - frontale,,,,,,,,,,,1,2,4,1,1
200700064654,0007-10-10 20:20:00,7,10,10,20,20,730,65,JAURES JEAN (AVENUE),,,Nuit avec éclairage allumé,En agglomération,Hors intersection,Normale,Autre collision,,,,,,,,,,,5,2,1,1,6
200700064655,0007-10-15 13:53:00,7,10,15,13,53,730,29,CARLE FRANCOIS (RUE),,,Plein jour,En agglomération,Hors intersection,Normale,Autre collision,,,,,,,,,,,1,2,1,1,6
200700064656,0007-10-03 07:55:00,7,10,3,7,55,740,10,THONES (DE),,,Plein jour,En agglomération,Intersection en X,Normale,Autre collision,,,,,,,,,,,1,2,2,1,6
200700064657,0007-10-11 06:35:00,7,10,11,6,35,740,10,"., INDUSTRIE (RUE DE L')",,,Crépuscule ou aube,En agglomération,Intersection en X,Normale,Autre collision,,,,,,,,,,,2,2,2,1,6
200700064658,0007-10-19 19:25:00,7,10,19,19,25,740,10,"48, ILES (AVENUE DES)(SE",,,Nuit sans éclairage public,En agglomération,Hors intersection,Normale,Autre collision,,,,,,,,,,,3,2,1,1,6
200700064659,0007-10-26 16:45:00,7,10,26,16,45,740,10,"09, VIGNIERES (PASSAGE D",,,Plein jour,En agglomération,Hors intersection,Normale,Autre collision,,,,,,,,,,,1,2,1,1,6
200700064660,0007-10-26 17:00:00,7,10,26,17,0,740,10,ROCADE (BOULEVARD DE LA),,,Plein jour,En agglomération,Hors intersection,Normale,Deux véhicules - arrière,,,,,,,,,,,1,2,1,1,2
200700064661,0007-10-26 20:05:00,7,10,26,20,5,740,93,PRELEVET (AVENUE DE),,,Nuit avec éclairage allumé,En agglomération,Intersection en T,Normale,Deux véhicules - côté,,,,,,,,,,,5,2,3,1,3
200700064662,0007-10-08 13:00:00,7,10,8,13,0,740,12,THONON (ROUTE DE),,,Plein jour,En agglomération,Intersection en X,Normale,Deux véhicules - côté,,,,,,,,,,,1,2,2,1,3
200700064663,0007-10-25 02:10:00,7,10,25,2,10,740,12,"85, BONNEVILLE (ROUTE DE",,,Nuit avec éclairage allumé,En agglomération,Intersection en X,Normale,Deux véhicules - côté,,,,,,,,,,,5,2,2,1,3
200700064664,0007-10-14 17:30:00,7,10,14,17,30,740,119,PORT (PLACE DU),,,Plein jour,En agglomération,Intersection en T,Normale,Deux véhicules - côté,,,,,,,,,,,1,2,3,1,3
200700064665,0007-10-21 14:15:00,7,10,21,14,15,740,218,GOLF (BOULEVARD DU),,,Plein jour,En agglomération,Intersection en T,Normale,Deux véhicules - côté,,,,,,,,,,,1,2,3,1,3
200700064666,0007-10-29 18:00:00,7,10,29,18,0,740,281,FERRY (AV JULES) JUSQU'A,,,Nuit avec éclairage allumé,En agglomération,Intersection en X,Normale,Deux véhicules - frontale,,,,,,,,,,,5,2,2,1,1
200700064667,0007-10-11 17:55:00,7,10,11,17,55,760,217,"1, CLEMENCEAU (BOULEVARD",,,Plein jour,En agglomération,Hors intersection,Normale,Deux véhicules - côté,,,,,,,,,,,1,2,1,1,3
200700064668,0007-10-13 19:35:00,7,10,13,19,35,760,545,RD 154,,,Nuit avec éclairage allumé,En agglomération,Hors intersection,Normale,Deux véhicules - côté,,,,,,,,,,,5,2,1,1,3
200700064669,0007-10-17 00:25:00,7,10,17,0,25,760,217,"5, POISSONNERIE (ARCADES",,,Nuit avec éclairage allumé,En agglomération,Hors intersection,Normale,Sans collision,,,,,,,,,,,5,2,1,1,7
200700064670,0007-10-24 08:09:00,7,10,24,8,9,760,26,RD 54B,,,Plein jour,Hors agglomération,Intersection en Y,Normale,Deux véhicules - arrière,,,,,,,,,,,1,1,4,1,2
200700064671,0007-10-25 11:50:00,7,10,25,11,50,760,217,"27, VERDUN (BOULEVARD DE",,,Plein jour,En agglomération,Hors intersection,Normale,Deux véhicules - côté,,,,,,,,,,,1,2,1,1,3
200700064672,0007-10-26 13:15:00,7,10,26,13,15,760,217,David Miffant (rue),,,Plein jour,En agglomération,Intersection en X,Normale,Deux véhicules - côté,,,,,,,,,,,1,2,2,1,3
200700064673,0007-10-28 21:05:00,7,10,28,21,5,760,545,Route du Vallon,,,Nuit sans éclairage public,En agglomération,Hors intersection,Temps couvert,Sans collision,,,,,,,,,,,3,2,1,8,7
200700064674,0007-10-30 20:55:00,7,10,30,20,55,760,217,RD 925,,,Nuit avec éclairage allumé,En agglomération,Intersection en X,Normale,Deux véhicules - côté,,,,,,,,,,,5,2,2,1,3
200700064675,0007-10-19 17:00:00,7,10,19,17,0,760,231,MARTYRS. RUE DES,,,Plein jour,En agglomération,Hors intersection,Normale,Autre collision,,,,,,,,,,,1,2,1,1,6
200700064676,0007-10-23 12:00:00,7,10,23,12,0,760,165,"57, HUGO. RUE VICTOR",,,Plein jour,En agglomération,Intersection en X,Normale,Deux véhicules - côté,,,,,,,,,,,1,2,2,1,3
200700064677,0007-10-02 21:18:00,7,10,2,21,18,760,305,"0, INDUSTRIELLE (ROUTE)",,,Nuit avec éclairage allumé,Hors agglomération,Hors intersection,Normale,Autre collision,,,,,,,,,,,5,1,1,1,6
200700064678,0007-10-04 00:05:00,7,10,4,0,5,760,305,"3, LENINE (AVENUE)",,,Nuit avec éclairage allumé,En agglomération,Autre intersection,Normale,Autre collision,,,,,,,,,,,5,2,9,1,6
200700064679,0007-10-03 23:50:00,7,10,3,23,50,760,351,GEORGES LAFAURIE,,,Nuit avec éclairage allumé,En agglomération,Autre intersection,Normale,Autre collision,,,,,,,,,,,5,2,9,1,6
200700064680,0007-10-14 17:40:00,7,10,14,17,40,760,351,"0, Michel DUBOSC",,,Plein jour,En agglomération,Hors intersection,Normale,Autre collision,,,,,,,,,,,1,2,1,1,6
200700064681,0007-10-24 09:40:00,7,10,24,9,40,760,351,"11, WINSTON CHURCHILL",,,Plein jour,En agglomération,Hors intersection,Normale,Autre collision,,,,,,,,,,,1,2,1,1,6
200700064682,0007-10-31 12:05:00,7,10,31,12,5,760,552,"57 Ter, GENERAL DE GAULL",,,Plein jour,En agglomération,Hors intersection,Normale,Autre collision,,,,,,,,,,,1,2,1,1,6
200700064683,0007-10-07 15:45:00,7,10,7,15,45,760,474,"1, LIBERTE. RUE DE LA",,,Plein jour,En agglomération,Hors intersection,Normale,Autre collision,,,,,,,,,,,1,2,1,1,6
200700064684,0007-10-05 07:40:00,7,10,5,7,40,760,216,"49, REPUBLIQUE. RUE DE L",,,Plein jour,En agglomération,Hors intersection,Normale,Deux véhicules - arrière,,,,,,,,,,,1,2,1,1,2
200700064685,0007-10-06 13:05:00,7,10,6,13,5,760,681,"1, KAHN. RUE EMILE",,,Plein jour,En agglomération,Hors intersection,Normale,Deux véhicules - côté,,,,,,,,,,,1,2,1,1,3
200700064686,0007-10-08 15:25:00,7,10,8,15,25,760,322,EXPOSITIONS. PARC DES,,,Plein jour,Hors agglomération,Hors intersection,Normale,Deux véhicules - côté,,,,,,,,,,,1,1,1,1,3
200700064687,0007-10-09 07:45:00,7,10,9,7,45,760,497,RN 338 (VOIE RAPIDE SUD,,,Crépuscule ou aube,Hors agglomération,Hors intersection,Normale,Sans collision,,,,,,,,,,,2,1,1,1,7
200700064688,0007-10-09 14:15:00,7,10,9,14,15,760,540,"1, CLEMENCEAU. COURS",,,Plein jour,En agglomération,Intersection en T,Normale,Autre collision,,,,,,,,,,,1,2,3,1,6
200700064689,0007-10-09 20:10:00,7,10,9,20,10,760,322,"1, ROOSEVELT. AVENUE FRA",,,Nuit avec éclairage allumé,En agglomération,Giratoire,Pluie forte,Deux véhicules - côté,,,,,,,,,,,5,2,6,3,3
200700064690,0007-10-11 17:40:00,7,10,11,17,40,760,540,"1, LEDRU ROLLIN. RUE",,,Plein jour,En agglomération,Hors intersection,Normale,Autre collision,,,,,,,,,,,1,2,1,1,6
200700064691,0007-10-11 07:50:00,7,10,11,7,50,760,540,"1, BESSELIEVRE. RUE CHAR",,,Crépuscule ou aube,En agglomération,Hors intersection,Normale,Deux véhicules - côté,,,,,,,,,,,2,2,1,1,3
200700064692,0007-10-11 08:30:00,7,10,11,8,30,760,540,"4, CONTRAT SOCIAL. RUE D",,,Plein jour,En agglomération,Hors intersection,Normale,Deux véhicules - arrière,,,,,,,,,,,1,2,1,1,2
200700064693,0007-10-12 16:50:00,7,10,12,16,50,760,540,"187, YSER. BOULEVARD DE",,,Plein jour,En agglomération,Autre intersection,Normale,Autre collision,,,,,,,,,,,1,2,9,1,6
200700064694,0007-10-12 21:30:00,7,10,12,21,30,760,681,"1, DEPORTES. RUE DES",,,Nuit avec éclairage allumé,En agglomération,Hors intersection,Normale,Deux véhicules - côté,,,,,,,,,,,5,2,1,1,3
200700064695,0007-10-15 13:45:00,7,10,15,13,45,760,540,LYONS LA FORET. ROUTE DE,,,Plein jour,En agglomération,Hors intersection,Normale,Deux véhicules - côté,,,,,,,,,,,1,2,1,1,3
200700064696,0007-10-15 17:00:00,7,10,15,17,0,760,410,"24bis, REPUBLIQUE. RUE D",,,Plein jour,En agglomération,Intersection en T,Temps couvert,Deux véhicules - côté,,,,,,,,,,,1,2,3,8,3
200700064697,0007-10-16 11:16:00,7,10,16,11,16,760,681,INDUSTRIEL. BOULEVARD (C,,,Plein jour,Hors agglomération,Hors intersection,Normale,Trois véhicules et plus - en chaîne,,,,,,,,,,,1,1,1,1,4
200700064698,0007-10-16 13:00:00,7,10,16,13,0,760,575,"1, SEMARD. PLACE PIERRE",,,Plein jour,En agglomération,Autre intersection,Normale,Deux véhicules - arrière,,,,,,,,,,,1,2,9,1,2
200700064699,0007-10-16 13:35:00,7,10,16,13,35,760,575,"34, HARTMANN. RUE RENE",,,Plein jour,En agglomération,Hors intersection,Normale,Sans collision,,,,,,,,,,,1,2,1,1,7
200700064700,0007-10-16 16:45:00,7,10,16,16,45,760,108,"1, CLERES. CHEMIN DE",,,Plein jour,En agglomération,Hors intersection,Normale,Deux véhicules - côté,,,,,,,,,,,1,2,1,1,3
200700064701,0007-10-17 14:40:00,7,10,17,14,40,760,498,RN 338,,,Plein jour,En agglomération,Autre intersection,Temps couvert,Sans collision,,,,,,,,,,,1,2,9,8,7