accident_id,datetime,annee,mois,jour,heure,minute,departement,commune_insee,adresse,latitude,longitude,luminosite,agglomeration,intersection,meteo,collision,nb_vehicules,nb_usagers,nb_indemnes,nb_tues,nb_blesses_hosp,nb_blesses_legers,age_cond_1,age_cond_2,veh_type_cond_1,veh_type_cond_2,lum_code,agg_code,int_code,atm_code,col_code
200700064834,0007-10-20 20:05:00,7,10,20,20,5,780,299,"59, MICHELET (BOULEVARD)",,,Nuit avec éclairage allumé,En agglomération,Hors intersection,Normale,Deux véhicules - côté,,,,,,,,,,,5,2,1,1,3
200700064835,0007-10-24 08:10:00,7,10,24,8,10,780,401,MARECHAL JOFFRE (AVENUE,,,Plein jour,En agglomération,Intersection en Y,Normale,Autre collision,,,,,,,,,,,1,2,4,1,6
200700064836,0007-10-27 00:30:00,7,10,27,0,30,780,401,CD 28,,,Nuit avec éclairage allumé,Hors agglomération,Intersection en X,Normale,Deux véhicules - côté,,,,,,,,,,,5,1,2,1,3
200700064837,0007-10-24 13:00:00,7,10,24,13,0,780,238,RENAULT (ROUTE DE),,,Plein jour,Hors agglomération,Hors intersection,Temps éblouissant,Deux véhicules - côté,,,,,,,,,,,1,1,1,7,3
200700064838,0007-10-29 21:30:00,7,10,29,21,30,780,609,CD 28,,,Nuit avec éclairage allumé,Hors agglomération,Intersection en X,Pluie légère,Deux véhicules - côté,,,,,,,,,,,5,1,2,2,3
200700064839,0007-10-29 13:00:00,7,10,29,13,0,780,238,CD 14,,,Plein jour,Hors agglomération,Hors intersection,Normale,Deux véhicules - arrière,,,,,,,,,,,1,1,1,1,2
200700064840,0007-10-29 17:25:00,7,10,29,17,25,780,440,LOUIS BLERIOT (RUE),,,Crépuscule ou aube,En agglomération,Intersection en T,Pluie légère,Deux véhicules - côté,,,,,,,,,,,2,2,3,2,3
200700064841,0007-10-26 17:05:00,7,10,26,17,5,780,638,CHERBOURG (AVENUE DE),,,Plein jour,En agglomération,Intersection en X,Normale,Deux véhicules - côté,,,,,,,,,,,1,2,2,1,3
200700064842,0007-10-26 12:20:00,7,10,26,12,20,780,401,RHIN ET DANUBE (PONT),,,Plein jour,En agglomération,Hors intersection,Normale,Deux véhicules - arrière,,,,,,,,,,,1,2,1,1,2
200700064843,0007-10-23 08:25:00,7,10,23,8,25,780,401,PONTOISE (ROUTE DE ),,,Plein jour,En agglomération,Intersection en T,Normale,Deux véhicules - côté,,,,,,,,,,,1,2,3,1,3
200700064844,0007-10-03 11:00:00,7,10,3,11,0,780,490,CD 30,,,Plein jour,Hors agglomération,Giratoire,Normale,Deux véhicules - arrière,,,,,,,,,,,1,1,6,1,2
200700064845,0007-10-02 08:00:00,7,10,2,8,0,780,490,GARE (RUE DE LA),,,Plein jour,En agglomération,Intersection en T,Brouillard / fumée,Deux véhicules - côté,,,,,,,,,,,1,2,3,5,3
200700064846,0007-10-03 18:30:00,7,10,3,18,30,780,490,SAINTE APOLLINE (AVENUE,,,Plein jour,En agglomération,Intersection en T,Normale,Deux véhicules - arrière,,,,,,,,,,,1,2,3,1,2
200700064847,0007-10-06 14:30:00,7,10,6,14,30,780,165,MASSENET (RUE),,,Plein jour,En agglomération,Giratoire,Normale,Deux véhicules - arrière,,,,,,,,,,,1,2,6,1,2
200700064848,0007-10-14 09:10:00,7,10,14,9,10,780,490,"1, PRESSOIR (AVENUE DU)",,,Plein jour,En agglomération,Hors intersection,Normale,Deux véhicules - côté,,,,,,,,,,,1,2,1,1,3
200700064849,0007-10-20 18:30:00,7,10,20,18,30,780,490,DEUX PLATEAUX (ROUTE DES,,,Nuit sans éclairage public,Hors agglomération,Hors intersection,Normale,Sans collision,,,,,,,,,,,3,1,1,1,7
200700064850,0007-10-22 12:05:00,7,10,22,12,5,780,165,BARBUSSE (AVENUE HENRY),,,Plein jour,En agglomération,Giratoire,Normale,Deux véhicules - côté,,,,,,,,,,,1,2,6,1,3
200700064851,0007-10-24 06:50:00,7,10,24,6,50,780,490,CURIE (RUE PIERRE),,,Nuit avec éclairage non allumé,En agglomération,Hors intersection,Normale,Deux véhicules - côté,,,,,,,,,,,4,2,1,1,3
200700064852,0007-10-25 07:45:00,7,10,25,7,45,780,490,MANSART (RUE),,,Plein jour,En agglomération,Intersection en T,Normale,Deux véhicules - côté,,,,,,,,,,,1,2,3,1,3
200700064853,0007-10-31 05:50:00,7,10,31,5,50,780,490,BOISSIERE (RUE DE LA),,,Nuit avec éclairage allumé,En agglomération,Intersection en X,Normale,Deux véhicules - côté,,,,,,,,,,,5,2,2,1,3
200700064854,0007-10-16 13:05:00,7,10,16,13,5,780,498,PLACE VERTE,,,Plein jour,En agglomération,Giratoire,Normale,Autre collision,,,,,,,,,,,1,2,6,1,6
200700064855,0007-10-19 08:00:00,7,10,19,8,0,780,498,EUROPE BD DE L',,,Plein jour,En agglomération,Giratoire,Normale,Autre collision,,,,,,,,,,,1,2,6,1,6
200700064856,0007-10-22 08:40:00,7,10,22,8,40,780,642,BAZINCOURT RUE DE,,,Plein jour,En agglomération,Intersection en T,Normale,Deux véhicules - frontale,,,,,,,,,,,1,2,3,1,1
200700064857,0007-10-26 09:00:00,7,10,26,9,0,780,498,SAINT SEBASTIEN RUE,,,Plein jour,En agglomération,Autre intersection,Temps couvert,Deux véhicules - côté,,,,,,,,,,,1,2,9,8,3
200700064858,0007-10-29 21:20:00,7,10,29,21,20,780,498,PONTOISE AV DE,,,Nuit avec éclairage allumé,Hors agglomération,Hors intersection,Pluie légère,Autre collision,,,,,,,,,,,5,1,1,2,6
200700064859,0007-10-31 12:23:00,7,10,31,12,23,780,498,"37, ROSE BD",,,Plein jour,En agglomération,Hors intersection,Normale,Autre collision,,,,,,,,,,,1,2,1,1,6
200700064860,0007-10-29 09:10:00,7,10,29,9,10,780,643,RD1,,,Crépuscule ou aube,Hors agglomération,Hors intersection,Pluie forte,Autre collision,,,,,,,,,,,2,1,1,3,6
200700064861,0007-10-29 11:50:00,7,10,29,11,50,780,498,MALADRERIE AV DE LA,,,Plein jour,En agglomération,Giratoire,Normale,Autre collision,,,,,,,,,,,1,2,6,1,6
200700064862,0007-10-29 09:25:00,7,10,29,9,25,780,643,EUROPE BD DE L',,,Plein jour,En agglomération,Giratoire,Pluie forte,Trois véhicules et plus - en chaîne,,,,,,,,,,,1,2,6,3,4
200700064863,0007-10-12 10:45:00,7,10,12,10,45,780,123,BERTAUX RUE MAURICE,,,Plein jour,En agglomération,Intersection en X,Normale,Deux véhicules - côté,,,,,,,,,,,1,2,2,1,3
200700064864,0007-10-12 23:30:00,7,10,12,23,30,780,498,RD30,,,Nuit avec éclairage allumé,Hors agglomération,Hors intersection,Pluie légère,Autre collision,,,,,,,,,,,5,1,1,2,6
200700064865,0007-10-11 20:00:00,7,10,11,20,0,780,220,RN 10,,,Plein jour,Hors agglomération,Hors intersection,Normale,Deux véhicules - arrière,,,,,,,,,,,1,1,1,1,2
200700064866,0007-10-19 12:00:00,7,10,19,12,0,780,517,SADI CARNOT (RUE),,,Plein jour,En agglomération,Intersection en X,Normale,Sans collision,,,,,,,,,,,1,2,2,1,7
200700064867,0007-10-26 11:35:00,7,10,26,11,35,780,517,ORPHIN (RUE D'),,,Plein jour,En agglomération,Giratoire,Normale,Deux véhicules - côté,,,,,,,,,,,1,2,6,1,3
200700064868,0007-10-28 17:45:00,7,10,28,17,45,780,517,ETANG DE LA TOUR (RUE DE,,,Crépuscule ou aube,En agglomération,Intersection en X,Normale,Deux véhicules - côté,,,,,,,,,,,2,2,2,1,3
200700064869,0007-10-30 11:45:00,7,10,30,11,45,780,517,"3, AMPERE ANDRE (RUE)",,,Plein jour,En agglomération,Hors intersection,Normale,Deux véhicules - côté,,,,,,,,,,,1,2,1,1,3
200700064870,0007-10-22 08:00:00,7,10,22,8,0,780,73,TURPAULT (RUE ALEXANDRE),,,Crépuscule ou aube,En agglomération,Hors intersection,Normale,Autre collision,,,,,,,,,,,2,2,1,1,6
200700064871,0007-10-19 17:30:00,7,10,19,17,30,780,545,VAILLANT (RUE DU DOCTEUR,,,Plein jour,En agglomération,Intersection en X,Temps couvert,Autre collision,,,,,,,,,,,1,2,2,8,6
200700064872,0007-10-06 01:00:00,7,10,6,1,0,780,551,RD 308,,,Nuit avec éclairage allumé,Hors agglomération,Hors intersection,Normale,Trois véhicules et plus - collisions multiples,,,,,,,,,,,5,1,1,1,5
200700064873,0007-10-14 11:10:00,7,10,14,11,10,780,133,RN.13,,,Plein jour,En agglomération,Hors intersection,Normale,Deux véhicules - arrière,,,,,,,,,,,1,2,1,1,2
200700064874,0007-10-26 10:10:00,7,10,26,10,10,780,551,RD 308,,,Plein jour,Hors agglomération,Hors intersection,Normale,Deux véhicules - côté,,,,,,,,,,,1,1,1,1,3
200700064875,0007-10-01 17:57:00,7,10,1,17,57,780,586,GALOIS (EVARISTE),,,Plein jour,En agglomération,Hors intersection,Normale,Autre collision,,,,,,,,,,,1,2,1,1,6
200700064876,0007-10-05 13:35:00,7,10,5,13,35,780,586,"51, LAKANAL",,,Plein jour,En agglomération,Hors intersection,Normale,Deux véhicules - côté,,,,,,,,,,,1,2,1,1,3
200700064877,0007-10-14 16:55:00,7,10,14,16,55,780,586,VILLOING (ROBERT) N°1 A,,,Plein jour,En agglomération,Intersection en X,Normale,Deux véhicules - côté,,,,,,,,,,,1,2,2,1,3
200700064878,0007-10-19 09:10:00,7,10,19,9,10,780,586,"1, CONVENTION N° IMPAIR",,,Plein jour,En agglomération,Hors intersection,Normale,Autre collision,,,,,,,,,,,1,2,1,1,6
200700064879,0007-10-28 18:15:00,7,10,28,18,15,780,586,SCHUMAN (ROBERT),,,Nuit avec éclairage allumé,En agglomération,Hors intersection,Normale,Sans collision,,,,,,,,,,,5,2,1,1,7
200700064880,0007-10-29 13:25:00,7,10,29,13,25,780,586,BERTEAUX (MAURICE) N°44,,,Plein jour,En agglomération,Intersection en X,Pluie légère,Autre collision,,,,,,,,,,,1,2,2,2,6
200700064881,0007-10-29 17:50:00,7,10,29,17,50,780,586,EXPRESS (VOIE),,,Nuit avec éclairage allumé,En agglomération,Hors intersection,Pluie légère,Autre collision,,,,,,,,,,,5,2,1,2,6
200700064882,0007-10-02 07:55:00,7,10,2,7,55,780,621,DEPARTEMENTALE 912 (ROUT,,,Crépuscule ou aube,Hors agglomération,Hors intersection,Brouillard / fumée,Autre collision,,,,,,,,,,,2,1,1,5,6
200700064883,0007-10-16 17:25:00,7,10,16,17,25,780,621,PHILIPPE (RUE GERARD),,,Plein jour,En agglomération,Hors intersection,Normale,Autre collision,,,,,,,,,,,1,2,1,1,6
200700064884,0007-10-20 18:30:00,7,10,20,18,30,780,621,"24, LANGEVIN (SQUARE PAU",,,Plein jour,En agglomération,Autre intersection,Normale,Autre collision,,,,,,,,,,,1,2,9,1,6
200700064885,0007-10-19 11:25:00,7,10,19,11,25,780,621,FRERES LUMIERE (AVENUE D,,,Plein jour,Hors agglomération,Hors intersection,Normale,Autre collision,,,,,,,,,,,1,1,1,1,6
200700064886,0007-10-28 18:00:00,7,10,28,18,0,780,621,DEPARTEMENTALE 36 (RD),,,Nuit avec éclairage non allumé,Hors agglomération,Hors intersection,Normale,Sans collision,,,,,,,,,,,4,1,1,1,7
200700064887,0007-10-18 08:50:00,7,10,18,8,50,780,640,MORANE-SAULNIER (AVENUE),,,Plein jour,En agglomération,Intersection en T,Normale,Deux véhicules - côté,,,,,,,,,,,1,2,3,1,3
200700064888,0007-10-21 12:15:00,7,10,21,12,15,780,322,PETIT ROBINSON (RUE DU),,,Plein jour,En agglomération,Hors intersection,Normale,Autre collision,,,,,,,,,,,1,2,1,1,6
200700064889,0007-10-30 09:45:00,7,10,30,9,45,780,686,"33, GENERAL LECLERC (AVE",,,Plein jour,En agglomération,Intersection en T,Temps couvert,Deux véhicules - côté,,,,,,,,,,,1,2,3,8,3
200700064890,0007-10-09 08:15:00,7,10,9,8,15,780,158,"0, BRETECHE (AVENUE DE L",,,Plein jour,En agglomération,Intersection en X,Normale,Trois véhicules et plus - collisions multiples,,,,,,,,,,,1,2,2,1,5
200700064891,0007-10-09 18:50:00,7,10,9,18,50,780,646,"91, REINE (BOULEVARD DE",,,Plein jour,En agglomération,Hors intersection,Normale,Deux véhicules - arrière,,,,,,,,,,,1,2,1,1,2
200700064892,0007-10-10 07:50:00,7,10,10,7,50,780,646,PONT COLBERT (RUE DU),,,Crépuscule ou aube,En agglomération,Hors intersection,Temps couvert,Autre collision,,,,,,,,,,,2,2,1,8,6
200700064893,0007-10-10 13:30:00,7,10,10,13,30,780,646,"15, PARIS (AVENUE DE)",,,Plein jour,En agglomération,Hors intersection,Normale,Autre collision,,,,,,,,,,,1,2,1,1,6
200700064894,0007-10-14 20:10:00,7,10,14,20,10,780,524,"Néant, L'HORLOGE (RUE DE",,,Nuit avec éclairage allumé,En agglomération,Hors intersection,Normale,Deux véhicules - arrière,,,,,,,,,,,5,2,1,1,2
200700064895,0007-10-14 17:50:00,7,10,14,17,50,780,646,CLEMENT ADER (AVENUE),,,Plein jour,En agglomération,Hors intersection,Temps éblouissant,Deux véhicules - côté,,,,,,,,,,,1,2,1,7,3
200700064896,0007-10-15 07:20:00,7,10,15,7,20,780,646,"76, CHANTIERS (RUE DES)",,,Crépuscule ou aube,En agglomération,Hors intersection,Normale,Deux véhicules - côté,,,,,,,,,,,2,2,1,1,3
200700064897,0007-10-23 14:00:00,7,10,23,14,0,780,646,"Néant, ALBERT SARRAULT (",,,Plein jour,En agglomération,Intersection en T,Temps éblouissant,Autre collision,,,,,,,,,,,1,2,3,7,6
200700064898,0007-10-19 07:50:00,7,10,19,7,50,780,646,"Néant, ROYALE (RUE)",,,Nuit avec éclairage allumé,En agglomération,Hors intersection,Normale,Autre collision,,,,,,,,,,,5,2,1,1,6
200700064899,0007-10-17 19:30:00,7,10,17,19,30,780,646,"Néant, MARTINIERE RUE DE",,,Nuit avec éclairage allumé,En agglomération,Hors intersection,Normale,Deux véhicules - côté,,,,,,,,,,,5,2,1,1,3
200700064900,0007-10-26 17:45:00,7,10,26,17,45,780,646,"0, GENERAL DE GAULLE (AV",,,Crépuscule ou aube,En agglomération,Intersection en X,Normale,Deux véhicules - côté,,,,,,,,,,,2,2,2,1,3
200700064901,0007-10-07 16:50:00,7,10,7,16,50,780,646,ETATS UNIS (AVENUE DES),,,Plein jour,En agglomération,Hors intersection,Normale,Sans collision,,,,,,,,,,,1,2,1,1,7
200700064902,0007-10-30 15:50:00,7,10,30,15,50,780,646,"Néant, YVES LE COZ RUE)",,,Plein jour,En agglomération,Intersection en X,Normale,Autre collision,,,,,,,,,,,1,2,2,1,6
200700064903,0007-10-31 14:00:00,7,10,31,14,0,780,158,RENE MOUCHOTTE (IMPASSE),,,Plein jour,En agglomération,Hors intersection,Normale,Autre collision,,,,,,,,,,,1,2,1,1,6
200700064904,0007-10-31 15:30:00,7,10,31,15,30,780,158,"0, CHARLES DE GAULLE (AV",,,Plein jour,En agglomération,Intersection en X,Normale,Autre collision,,,,,,,,,,,1,2,2,1,6
200700064905,0007-10-07 15:30:00,7,10,7,15,30,780,158,ROCQUENCOURT (AVENUE DE),,,Plein jour,En agglomération,Hors intersection,Normale,Deux véhicules - arrière,,,,,,,,,,,1,2,1,1,2
200700064906,0007-10-09 18:50:00,7,10,9,18,50,790,81,"47, VALLEE (RUE DE LA )",,,Plein jour,En agglomération,Hors intersection,Normale,Deux véhicules - frontale,,,,,,,,,,,1,2,1,1,1
200700064907,0007-10-16 15:30:00,7,10,16,15,30,790,191,LIMOGES (AVENUE DE) DE 4,,,Plein jour,En agglomération,Intersection en X,Normale,Deux véhicules - frontale,,,,,,,,,,,1,2,2,1,1
200700064908,0007-10-22 18:45:00,7,10,22,18,45,790,191,MARECHAL LECLERC,,,Crépuscule ou aube,En agglomération,Intersection en X,Normale,Deux véhicules - côté,,,,,,,,,,,2,2,2,1,3
200700064909,0007-10-11 16:05:00,7,10,11,16,5,790,329,"39, REPUBLIQUE (BOULEVAR",,,Plein jour,En agglomération,Hors intersection,Normale,Deux véhicules - arrière,,,,,,,,,,,1,2,1,1,2
200700064910,0007-10-18 19:30:00,7,10,18,19,30,790,329,Z.I. MOTTE DE JUSTICE,,,Nuit sans éclairage public,Hors agglomération,Hors intersection,Normale,Autre collision,,,,,,,,,,,3,1,1,1,6
200700064911,0007-10-19 09:05:00,7,10,19,9,5,790,329,"34, ERNEST RENAN (BOULEV",,,Plein jour,En agglomération,Hors intersection,Normale,Autre collision,,,,,,,,,,,1,2,1,1,6
200700064912,0007-10-01 08:00:00,7,10,1,8,0,800,21,ROCADE NORD EST RN 25,,,Plein jour,Hors agglomération,Hors intersection,Pluie forte,Autre collision,,,,,,,,,,,1,1,1,3,6
200700064913,0007-10-02 08:50:00,7,10,2,8,50,800,21,"0, DEPORTES (RUE DES)",,,Plein jour,En agglomération,Hors intersection,Normale,Deux véhicules - côté,,,,,,,,,,,1,2,1,1,3
200700064914,0007-10-02 13:15:00,7,10,2,13,15,800,21,"0, DEUXIEME DB (RUE DE L",,,Plein jour,En agglomération,Hors intersection,Normale,Autre collision,,,,,,,,,,,1,2,1,1,6
200700064915,0007-10-02 18:05:00,7,10,2,18,5,800,489,"37, TILLEULS (ALLEE DES)",,,Crépuscule ou aube,En agglomération,Hors intersection,Autre,Sans collision,,,,,,,,,,,2,2,1,9,7
200700064916,0007-10-03 17:00:00,7,10,3,17,0,800,21,"0, FRANCS MURIERS (RUE D",,,Plein jour,En agglomération,Hors intersection,Normale,Deux véhicules - côté,,,,,,,,,,,1,2,1,1,3
200700064917,0007-10-03 18:10:00,7,10,3,18,10,800,21,"6, DELIVRANCE (RUE DE LA",,,Plein jour,En agglomération,Hors intersection,Normale,Autre collision,,,,,,,,,,,1,2,1,1,6
200700064918,0007-10-03 13:00:00,7,10,3,13,0,800,21,"0, CLOITRE DE LA BARGE (",,,Plein jour,En agglomération,Hors intersection,Pluie légère,Deux véhicules - arrière,,,,,,,,,,,1,2,1,2,2
200700064919,0007-10-04 09:10:00,7,10,4,9,10,800,21,"0, CHAMP PILLARD (RUE DU",,,Plein jour,Hors agglomération,Hors intersection,Normale,Deux véhicules - frontale,,,,,,,,,,,1,1,1,1,1
200700064920,0007-10-04 09:12:00,7,10,4,9,12,800,21,"321, JULES BARNI (RUE)",,,Plein jour,En agglomération,Hors intersection,Normale,Autre collision,,,,,,,,,,,1,2,1,1,6
200700064921,0007-10-05 14:15:00,7,10,5,14,15,800,21,"0, ALSACE LORRAINE (BOUL",,,Plein jour,En agglomération,Hors intersection,Normale,Deux véhicules - côté,,,,,,,,,,,1,2,1,1,3
200700064922,0007-10-05 19:20:00,7,10,5,19,20,800,724,"0, DURY (ROUTE DE)",,,Nuit sans éclairage public,Hors agglomération,Hors intersection,Normale,Sans collision,,,,,,,,,,,3,1,1,1,7
200700064923,0007-10-04 16:25:00,7,10,4,16,25,800,131,CD116,,,Plein jour,Hors agglomération,Hors intersection,Normale,Deux véhicules - frontale,,,,,,,,,,,1,1,1,1,1
200700064924,0007-10-03 12:30:00,7,10,3,12,30,800,21,"0, PHILEAS LEBESGUE (RUE",,,Plein jour,En agglomération,Intersection en T,Normale,Deux véhicules - côté,,,,,,,,,,,1,2,3,1,3
200700064925,0007-10-11 07:35:00,7,10,11,7,35,800,489,"125, HENRI BARBUSSE (RUE",,,Crépuscule ou aube,En agglomération,Hors intersection,Normale,Autre collision,,,,,,,,,,,2,2,1,1,6
200700064926,0007-10-10 06:05:00,7,10,10,6,5,800,164,"0, DEPORTES (RUE DES)",,,Nuit avec éclairage allumé,En agglomération,Intersection en T,Normale,Deux véhicules - côté,,,,,,,,,,,5,2,3,1,3
200700064927,0007-10-10 13:25:00,7,10,10,13,25,800,21,"0, VALENTIN HAUY (RUE)",,,Plein jour,En agglomération,Hors intersection,Normale,Autre collision,,,,,,,,,,,1,2,1,1,6
200700064928,0007-10-12 11:45:00,7,10,12,11,45,800,21,"0, CHATEAUDUN (BOULEVARD",,,Plein jour,En agglomération,Intersection en X,Normale,Deux véhicules - côté,,,,,,,,,,,1,2,2,1,3
200700064929,0007-10-13 18:00:00,7,10,13,18,0,800,21,"0, GEORGES GUYNEMER (RUE",,,Plein jour,En agglomération,Hors intersection,Normale,Deux véhicules - côté,,,,,,,,,,,1,2,1,1,3
200700064930,0007-10-14 19:07:00,7,10,14,19,7,800,21,"0, FAIDHERBE (BOULEVARD)",,,Plein jour,En agglomération,Hors intersection,Normale,Autre collision,,,,,,,,,,,1,2,1,1,6
200700064931,0007-10-16 11:05:00,7,10,16,11,5,800,21,"0, CHATEAU MILAN (RUE DU",,,Plein jour,En agglomération,Hors intersection,Normale,Deux véhicules - côté,,,,,,,,,,,1,2,1,1,3
200700064932,0007-10-18 12:15:00,7,10,18,12,15,800,21,"0, PARIS (RUE DE)",,,Plein jour,En agglomération,Hors intersection,Normale,Deux véhicules - côté,,,,,,,,,,,1,2,1,1,3
200700064933,0007-10-19 12:00:00,7,10,19,12,0,800,21,"0, DURY (BOULEVARD DE)",,,Plein jour,En agglomération,Intersection en X,Normale,Deux véhicules - côté,,,,,,,,,,,1,2,2,1,3
200700064934,0007-10-21 05:20:00,7,10,21,5,20,800,21,"263, VULFRAN WARME (RUE)",,,Nuit avec éclairage allumé,En agglomération,Hors intersection,Normale,Sans collision,,,,,,,,,,,5,2,1,1,7
200700064935,0007-10-22 17:00:00,7,10,22,17,0,800,674,"106, DEFENSE PASSIVE (AV",,,Plein jour,En agglomération,Hors intersection,Normale,Deux véhicules - côté,,,,,,,,,,,1,2,1,1,3
200700064936,0007-10-22 22:05:00,7,10,22,22,5,800,725,NORMANDIE (ROUTE DE) RD,,,Nuit avec éclairage allumé,En agglomération,Hors intersection,Normale,Sans collision,,,,,,,,,,,5,2,1,1,7
200700064937,0007-10-23 15:05:00,7,10,23,15,5,800,674,"42, BAUDREZ (RUE)",,,Plein jour,En agglomération,Hors intersection,Normale,Deux véhicules - frontale,,,,,,,,,,,1,2,1,1,1
200700064938,0007-10-24 07:50:00,7,10,24,7,50,800,21,"11, MARC SANGNIER (RUE)",,,Plein jour,En agglomération,Hors intersection,Normale,Deux véhicules - côté,,,,,,,,,,,1,2,1,1,3
200700064939,0007-10-24 08:55:00,7,10,24,8,55,800,632,RD 405,,,Plein jour,Hors agglomération,Intersection en X,Normale,Deux véhicules - côté,,,,,,,,,,,1,1,2,1,3
200700064940,0007-10-24 13:35:00,7,10,24,13,35,800,21,"36, VANMARCKE (RUE)",,,Plein jour,En agglomération,Hors intersection,Normale,Autre collision,,,,,,,,,,,1,2,1,1,6
200700064941,0007-10-25 19:50:00,7,10,25,19,50,800,21,ABBEVILLE (RUE D'),,,Nuit avec éclairage allumé,En agglomération,Hors intersection,Normale,Deux véhicules - côté,,,,,,,,,,,5,2,1,1,3
200700064942,0007-10-26 19:04:00,7,10,26,19,4,800,21,ROGER ONFRAY (RUE),,,Nuit avec éclairage allumé,En agglomération,Hors intersection,Normale,Deux véhicules - arrière,,,,,,,,,,,5,2,1,1,2
200700064943,0007-10-26 17:40:00,7,10,26,17,40,800,21,"0, GEORGES POMPIDOU (AVE",,,Plein jour,En agglomération,Intersection en X,Normale,Deux véhicules - côté,,,,,,,,,,,1,2,2,1,3
200700064944,0007-10-26 17:41:00,7,10,26,17,41,800,21,"0, ALBERT 1ER (MAIL)",,,Plein jour,En agglomération,Hors intersection,Normale,Deux véhicules - côté,,,,,,,,,,,1,2,1,1,3
200700064945,0007-10-28 18:25:00,7,10,28,18,25,800,21,BRETELLE DE SORTIE 9025,,,Nuit sans éclairage public,Hors agglomération,Intersection en X,Normale,Deux véhicules - côté,,,,,,,,,,,3,1,2,1,3
200700064946,0007-10-29 17:50:00,7,10,29,17,50,800,21,"0, COMMUNE DE PARIS (AVE",,,Nuit avec éclairage allumé,En agglomération,Hors intersection,Pluie légère,Autre collision,,,,,,,,,,,5,2,1,2,6
200700064947,0007-10-31 14:50:00,7,10,31,14,50,800,261,RD 1001,,,Plein jour,Hors agglomération,Hors intersection,Normale,Deux véhicules - frontale,,,,,,,,,,,1,1,1,1,1
200700064948,0007-10-29 14:20:00,7,10,29,14,20,800,21,"0, COLBERT (RUE )",,,Plein jour,En agglomération,Hors intersection,Pluie légère,Deux véhicules - arrière,,,,,,,,,,,1,2,1,2,2
200700064949,0007-10-29 18:55:00,7,10,29,18,55,800,21,"78, GAUTHIER DE RUMILLY",,,Nuit avec éclairage allumé,En agglomération,Hors intersection,Temps couvert,Autre collision,,,,,,,,,,,5,2,1,8,6
200700064950,0007-10-29 09:30:00,7,10,29,9,30,800,21,"0, QUATORZE JUILLET 1789",,,Plein jour,En agglomération,Hors intersection,Pluie légère,Sans collision,,,,,,,,,,,1,2,1,2,7
200700064951,0007-10-31 21:50:00,7,10,31,21,50,800,21,"0, CHATEAUDUN (BOULEVARD",,,Nuit avec éclairage allumé,En agglomération,Hors intersection,Normale,Deux véhicules - arrière,,,,,,,,,,,5,2,1,1,2
200700064952,0007-10-31 19:35:00,7,10,31,19,35,800,724,"89, JEAN CATELAS (RUE)",,,Nuit avec éclairage allumé,En agglomération,Hors intersection,Normale,Deux véhicules - côté,,,,,,,,,,,5,2,1,1,3
200700064953,0007-10-31 10:00:00,7,10,31,10,0,800,21,"0, PAIX (AVENUE DE LA)",,,Plein jour,En agglomération,Hors intersection,Normale,Autre collision,,,,,,,,,,,1,2,1,1,6
200700064954,0007-10-31 19:35:00,7,10,31,19,35,800,21,"0, ALBERT 1ER (MAIL)",,,Nuit avec éclairage allumé,En agglomération,Intersection en X,Normale,Deux véhicules - côté,,,,,,,,,,,5,2,2,1,3
200700064955,0007-10-06 22:05:00,7,10,6,22,5,810,65,FOCH (BD.MARECHAL),,,Nuit avec éclairage allumé,En agglomération,Hors intersection,Normale,Sans collision,,,,,,,,,,,5,2,1,1,7
200700064956,0007-10-08 17:45:00,7,10,8,17,45,810,65,LAVAUR RD 112 (RTE DE),,,Plein jour,Hors agglomération,Intersection en T,Pluie légère,Deux véhicules - frontale,,,,,,,,,,,1,1,3,2,1
200700064957,0007-10-12 10:55:00,7,10,12,10,55,810,65,"59, VITTOZ (BD.RAYMOND)",,,Plein jour,En agglomération,Hors intersection,Normale,Deux véhicules - côté,,,,,,,,,,,1,2,1,1,3
200700064958,0007-10-12 17:30:00,7,10,12,17,30,810,65,ALBI (RD612 - RTE D'),,,Plein jour,Hors agglomération,Hors intersection,Normale,Trois véhicules et plus - collisions multiples,,,,,,,,,,,1,1,1,1,5
200700064959,0007-10-15 18:30:00,7,10,15,18,30,810,65,GAMBETTA (RUE),,,Plein jour,En agglomération,Intersection en X,Normale,Deux véhicules - côté,,,,,,,,,,,1,2,2,1,3
200700064960,0007-10-16 12:05:00,7,10,16,12,5,810,65,PENCHENERY (CH.DE),,,Plein jour,En agglomération,Intersection en T,Normale,Deux véhicules - frontale,,,,,,,,,,,1,2,3,1,1
200700064961,0007-10-20 15:15:00,7,10,20,15,15,810,65,MONTREVEIL (CHE.DE),,,Plein jour,En agglomération,Hors intersection,Normale,Deux véhicules - côté,,,,,,,,,,,1,2,1,1,3
200700064962,0007-10-20 15:50:00,7,10,20,15,50,810,65,"25, DESPLATS (AV. LT. JA",,,Plein jour,En agglomération,Hors intersection,Normale,Sans collision,,,,,,,,,,,1,2,1,1,7
200700064963,0007-10-21 14:45:00,7,10,21,14,45,810,65,SIDOBRE RD 622 (AV. DU),,,Plein jour,En agglomération,Intersection en T,Normale,Deux véhicules - côté,,,,,,,,,,,1,2,3,1,3
200700064964,0007-10-27 12:00:00,7,10,27,12,0,810,65,SIDOBRE RD 622 (AV. DU),,,Plein jour,En agglomération,Intersection en T,Normale,Deux véhicules - frontale,,,,,,,,,,,1,2,3,1,1
200700064965,0007-10-28 16:30:00,7,10,28,16,30,810,65,VOIE COMMUNALE 25,,,Plein jour,Hors agglomération,Hors intersection,Normale,Sans collision,,,,,,,,,,,1,1,1,1,7