accident_id,datetime,annee,mois,jour,heure,minute,departement,commune_insee,adresse,latitude,longitude,luminosite,agglomeration,intersection,meteo,collision,nb_vehicules,nb_usagers,nb_indemnes,nb_tues,nb_blesses_hosp,nb_blesses_legers,age_cond_1,age_cond_2,veh_type_cond_1,veh_type_cond_2,lum_code,agg_code,int_code,atm_code,col_code
200700064966,0007-10-31 00:30:00,7,10,31,0,30,810,65,LAUTREC RD 83 (RTE DE),,,Nuit sans éclairage public,Hors agglomération,Hors intersection,Temps couvert,Sans collision,,,,,,,,,,,3,1,1,8,7
200700064967,0007-10-19 19:20:00,7,10,19,19,20,810,105,HUGO (AVENUE VICTOR),,,Plein jour,En agglomération,Intersection en X,Normale,Deux véhicules - côté,,,,,,,,,,,1,2,2,1,3
200700064968,0007-10-05 11:40:00,7,10,5,11,40,810,163,CORMOULS-HOULES (GASTON),,,Plein jour,Hors agglomération,Intersection en T,Normale,Deux véhicules - côté,,,,,,,,,,,1,1,3,1,3
200700064969,0007-10-08 14:30:00,7,10,8,14,30,820,33,"0, CD 958",,,Plein jour,Hors agglomération,Hors intersection,Pluie légère,Sans collision,,,,,,,,,,,1,1,1,2,7
200700064970,0007-10-12 07:10:00,7,10,12,7,10,820,33,"0, RD 12",,,Nuit sans éclairage public,Hors agglomération,Hors intersection,Brouillard / fumée,Deux véhicules - frontale,,,,,,,,,,,3,1,1,5,1
200700064971,0007-10-23 21:20:00,7,10,23,21,20,820,33,"0, CD 813",,,Nuit sans éclairage public,Hors agglomération,Hors intersection,Normale,Deux véhicules - arrière,,,,,,,,,,,3,1,1,1,2
200700064972,0007-10-31 15:00:00,7,10,31,15,0,820,33,"0, CD 958",,,Plein jour,Hors agglomération,Hors intersection,Normale,Deux véhicules - côté,,,,,,,,,,,1,1,1,1,3
200700064973,0007-10-10 17:50:00,7,10,10,17,50,820,121,"4310, MOLIERES (ROUTE DE",,,Plein jour,Hors agglomération,Hors intersection,Temps couvert,Autre collision,,,,,,,,,,,1,1,1,8,6
200700064974,0007-10-18 07:45:00,7,10,18,7,45,820,121,"78, GAMBETTA (AVENUE)",,,Crépuscule ou aube,En agglomération,Hors intersection,Normale,Deux véhicules - côté,,,,,,,,,,,2,2,1,1,3
200700064975,0007-10-02 21:10:00,7,10,2,21,10,820,121,"0, GAMBETTA (AVENUE)",,,Nuit avec éclairage allumé,En agglomération,Giratoire,Normale,Deux véhicules - côté,,,,,,,,,,,5,2,6,1,3
200700064976,0007-10-23 23:37:00,7,10,23,23,37,820,121,"3600, AUCH (ROUTE D')",,,Nuit sans éclairage public,Hors agglomération,Hors intersection,Normale,Trois véhicules et plus - collisions multiples,,,,,,,,,,,3,1,1,1,5
200700064977,0007-10-19 16:20:00,7,10,19,16,20,820,121,"0, COS (AVENUE DE)",,,Plein jour,En agglomération,Intersection en X,Normale,Trois véhicules et plus - collisions multiples,,,,,,,,,,,1,2,2,1,5
200700064978,0007-10-05 18:45:00,7,10,5,18,45,820,121,"0, SAINT-MARTIAL (ROUTE",,,Plein jour,Hors agglomération,Intersection en X,Normale,Autre collision,,,,,,,,,,,1,1,2,1,6
200700064979,0007-10-31 19:54:00,7,10,31,19,54,820,121,"4850, ROUTE DE BORDEAUX",,,Nuit sans éclairage public,Hors agglomération,Hors intersection,Normale,Deux véhicules - côté,,,,,,,,,,,3,1,1,1,3
200700064980,0007-10-06 16:05:00,7,10,6,16,5,830,50,DE GAULLE(AVENUE CHARLES,,,Plein jour,Hors agglomération,Intersection en Y,Normale,Autre collision,,,,,,,,,,,1,1,4,1,6
200700064981,0007-10-06 17:00:00,7,10,6,17,0,830,61,"0, RN7",,,Plein jour,Hors agglomération,Hors intersection,Normale,Sans collision,,,,,,,,,,,1,1,1,1,7
200700064982,0007-10-09 21:25:00,7,10,9,21,25,830,61,"0, AVENUE DE L'AGACHON",,,Nuit avec éclairage allumé,En agglomération,Autre intersection,Normale,Autre collision,,,,,,,,,,,5,2,9,1,6
200700064983,0007-10-06 07:30:00,7,10,6,7,30,830,118,"0, AVENUE DE VALESCURE",,,Nuit avec éclairage allumé,En agglomération,Intersection en T,Normale,Deux véhicules - côté,,,,,,,,,,,5,2,3,1,3
200700064984,0007-10-10 10:44:00,7,10,10,10,44,830,61,"1781, D4",,,Plein jour,Hors agglomération,Hors intersection,Normale,Autre collision,,,,,,,,,,,1,1,1,1,6
200700064985,0007-10-28 13:06:00,7,10,28,13,6,830,61,"0, RN7",,,Plein jour,Hors agglomération,Autre intersection,Normale,Sans collision,,,,,,,,,,,1,1,9,1,7
200700064986,0007-10-22 17:10:00,7,10,22,17,10,830,61,"0, AVENUE DE PROVENCE",,,Plein jour,En agglomération,Hors intersection,Normale,Autre collision,,,,,,,,,,,1,2,1,1,6
200700064987,0007-10-18 18:30:00,7,10,18,18,30,830,61,"159, AVENUE VICTOR HUGO",,,Plein jour,En agglomération,Hors intersection,Normale,Deux véhicules - frontale,,,,,,,,,,,1,2,1,1,1
200700064988,0007-10-15 13:25:00,7,10,15,13,25,830,69,"68, VILETTE (CHEMIN DE L",,,Plein jour,En agglomération,Hors intersection,Normale,Deux véhicules - côté,,,,,,,,,,,1,2,1,1,3
200700064989,0007-10-23 08:45:00,7,10,23,8,45,830,34,"20, CD559",,,Plein jour,En agglomération,Hors intersection,Normale,Autre collision,,,,,,,,,,,1,2,1,1,6
200700064990,0007-10-01 08:00:00,7,10,1,8,0,830,123,"157, GARE (ROUTE)",,,Plein jour,En agglomération,Hors intersection,Normale,Deux véhicules - arrière,,,,,,,,,,,1,2,1,1,2
200700064991,0007-10-05 11:05:00,7,10,5,11,5,830,129,"904, ECOLES (BD DES)",,,Plein jour,En agglomération,Hors intersection,Normale,Autre collision,,,,,,,,,,,1,2,1,1,6
200700064992,0007-10-06 23:45:00,7,10,6,23,45,830,123,"000, DE GAULLE (QUAI)",,,Nuit avec éclairage allumé,En agglomération,Hors intersection,Normale,Autre collision,,,,,,,,,,,5,2,1,1,6
200700064993,0007-10-10 19:30:00,7,10,10,19,30,830,123,"2152, BANDOL (ROUTE)N° I",,,Nuit avec éclairage allumé,En agglomération,Hors intersection,Normale,Deux véhicules - frontale,,,,,,,,,,,5,2,1,1,1
200700064994,0007-10-12 11:00:00,7,10,12,11,0,830,123,"000, AUDIFFREN (BD JOSEP",,,Plein jour,En agglomération,Hors intersection,Normale,Autre collision,,,,,,,,,,,1,2,1,1,6
200700064995,0007-10-24 14:30:00,7,10,24,14,30,830,123,"000, BANDOL (ROUTE)N° PA",,,Plein jour,En agglomération,Hors intersection,Normale,Autre collision,,,,,,,,,,,1,2,1,1,6
200700064996,0007-10-22 08:45:00,7,10,22,8,45,830,129,"572, PALMIERS (AVENUE DE",,,Plein jour,En agglomération,Hors intersection,Normale,Deux véhicules - côté,,,,,,,,,,,1,2,1,1,3
200700064997,0007-10-02 20:30:00,7,10,2,20,30,830,126,"0, JAURES (BD JEAN)",,,Nuit avec éclairage allumé,En agglomération,Hors intersection,Normale,Sans collision,,,,,,,,,,,5,2,1,1,7
200700064998,0007-10-05 14:00:00,7,10,5,14,0,830,126,"0, MERLE (BD TOUSSAINT)",,,Plein jour,En agglomération,Hors intersection,Normale,Autre collision,,,,,,,,,,,1,2,1,1,6
200700064999,0007-10-15 15:45:00,7,10,15,15,45,830,126,"0, EUROPE (BD DE L')",,,Plein jour,Hors agglomération,Giratoire,Normale,Deux véhicules - arrière,,,,,,,,,,,1,1,6,1,2
200700065000,0007-10-16 19:45:00,7,10,16,19,45,830,126,MAZEN (AV DU DOCTEUR),,,Nuit avec éclairage allumé,En agglomération,Intersection en T,Normale,Deux véhicules - frontale,,,,,,,,,,,5,2,3,1,1
200700065001,0007-10-19 06:55:00,7,10,19,6,55,830,126,"0, DE LATTRE DE TASSIGNY",,,Nuit avec éclairage allumé,En agglomération,Intersection à plus de 4 branches,Normale,Deux véhicules - côté,,,,,,,,,,,5,2,5,1,3
200700065002,0007-10-27 07:25:00,7,10,27,7,25,830,126,"1911, POMPIDOU (CORNICHE",,,Nuit avec éclairage non allumé,En agglomération,Hors intersection,Normale,Deux véhicules - frontale,,,,,,,,,,,4,2,1,1,1
200700065003,0007-10-27 10:10:00,7,10,27,10,10,830,126,"38, DASSAULT (AV MARCEL)",,,Plein jour,En agglomération,Hors intersection,Normale,Autre collision,,,,,,,,,,,1,2,1,1,6
200700065004,0007-10-01 07:40:00,7,10,1,7,40,830,137,FONTAN (AVE DU DOCTEUR),,,Plein jour,En agglomération,Intersection en T,Normale,Deux véhicules - arrière,,,,,,,,,,,1,2,3,1,2
200700065005,0007-10-06 14:45:00,7,10,6,14,45,830,62,"1360, DE LATTRE DE TASSI",,,Plein jour,En agglomération,Hors intersection,Normale,Autre collision,,,,,,,,,,,1,2,1,1,6
200700065006,0007-10-05 13:40:00,7,10,5,13,40,830,137,15EME CORPS (AVE DU),,,Plein jour,En agglomération,Hors intersection,Normale,Autre collision,,,,,,,,,,,1,2,1,1,6
200700065007,0007-10-03 20:12:00,7,10,3,20,12,830,137,PICON (BD LOUIS),,,Nuit avec éclairage allumé,En agglomération,Hors intersection,Pluie légère,Autre collision,,,,,,,,,,,5,2,1,2,6
200700065008,0007-10-08 09:30:00,7,10,8,9,30,830,137,"0, BLERIOT (AVE LOUIS)",,,Plein jour,En agglomération,Hors intersection,Normale,Autre collision,,,,,,,,,,,1,2,1,1,6
200700065009,0007-10-12 17:00:00,7,10,12,17,0,830,137,BRIAND (AVE ARISTIDE DE,,,Plein jour,En agglomération,Hors intersection,Normale,Deux véhicules - arrière,,,,,,,,,,,1,2,1,1,2
200700065010,0007-10-12 15:15:00,7,10,12,15,15,830,137,CARNOT (AVE LAZARE),,,Plein jour,En agglomération,Hors intersection,Normale,Deux véhicules - côté,,,,,,,,,,,1,2,1,1,3
200700065011,0007-10-02 11:45:00,7,10,2,11,45,830,137,INFANTERIE DE MARINE (AV,,,Plein jour,En agglomération,Intersection en T,Normale,Deux véhicules - côté,,,,,,,,,,,1,2,3,1,3
200700065012,0007-10-12 20:32:00,7,10,12,20,32,830,137,BROSSET (BD GENERAL),,,Nuit avec éclairage allumé,En agglomération,Hors intersection,Normale,Autre collision,,,,,,,,,,,5,2,1,1,6
200700065013,0007-10-15 17:20:00,7,10,15,17,20,830,137,"89, RAMEAU (RUE JP)",,,Plein jour,En agglomération,Hors intersection,Normale,Deux véhicules - arrière,,,,,,,,,,,1,2,1,1,2
200700065014,0007-10-10 18:00:00,7,10,10,18,0,830,137,ANNAM (RUE D'),,,Plein jour,En agglomération,Hors intersection,Normale,Autre collision,,,,,,,,,,,1,2,1,1,6
200700065015,0007-10-07 15:00:00,7,10,7,15,0,830,90,"1500, SANARY (ROUTE DE)",,,Plein jour,En agglomération,Hors intersection,Normale,Trois véhicules et plus - collisions multiples,,,,,,,,,,,1,2,1,1,5
200700065016,0007-10-17 19:30:00,7,10,17,19,30,830,90,"0, SANARY (ROUTE DE)",,,Crépuscule ou aube,Hors agglomération,Hors intersection,Normale,Deux véhicules - arrière,,,,,,,,,,,2,1,1,1,2
200700065017,0007-10-17 17:15:00,7,10,17,17,15,830,90,NATIONALE 8 (ROUTE),,,Plein jour,En agglomération,Intersection en T,Normale,Deux véhicules - côté,,,,,,,,,,,1,2,3,1,3
200700065018,0007-10-20 16:20:00,7,10,20,16,20,830,137,"970, PICOT (AVE DU COLON",,,Plein jour,En agglomération,Intersection en T,Pluie légère,Autre collision,,,,,,,,,,,1,2,3,2,6
200700065019,0007-10-15 13:45:00,7,10,15,13,45,830,90,MONNET (AVE JEAN),,,Plein jour,Hors agglomération,Hors intersection,Normale,Deux véhicules - côté,,,,,,,,,,,1,1,1,1,3
200700065020,0007-10-12 09:00:00,7,10,12,9,0,830,144,", MIRASOULEOU (AVE)",,,Plein jour,En agglomération,Hors intersection,Normale,Deux véhicules - côté,,,,,,,,,,,1,2,1,1,3
200700065021,0007-10-23 19:03:00,7,10,23,19,3,830,137,"330, BROSSET (BD GENERAL",,,Nuit avec éclairage allumé,En agglomération,Hors intersection,Normale,Autre collision,,,,,,,,,,,5,2,1,1,6
200700065022,0007-10-12 12:00:00,7,10,12,12,0,830,137,VAUBAN (AVE),,,Plein jour,En agglomération,Hors intersection,Normale,Autre collision,,,,,,,,,,,1,2,1,1,6
200700065023,0007-10-12 07:25:00,7,10,12,7,25,830,137,GOURAUD (AVE GENERAL),,,Crépuscule ou aube,En agglomération,Hors intersection,Normale,Autre collision,,,,,,,,,,,2,2,1,1,6
200700065024,0007-10-12 20:50:00,7,10,12,20,50,830,137,MONTSERRAT (RUE / LOT DE,,,Crépuscule ou aube,En agglomération,Hors intersection,Normale,Autre collision,,,,,,,,,,,2,2,1,1,6
200700065025,0007-10-11 14:05:00,7,10,11,14,5,830,137,"13, STRASBOURG (BD DE )",,,Plein jour,En agglomération,Hors intersection,Normale,Autre collision,,,,,,,,,,,1,2,1,1,6
200700065026,0007-10-08 11:20:00,7,10,8,11,20,830,137,DE LATTRE DE TASSIGNY (A,,,Plein jour,En agglomération,Intersection en T,Normale,Deux véhicules - frontale,,,,,,,,,,,1,2,3,1,1
200700065027,0007-10-25 08:20:00,7,10,25,8,20,830,90,CLOS DU HAUT (CHEMIN LE),,,Plein jour,En agglomération,Hors intersection,Normale,Sans collision,,,,,,,,,,,1,2,1,1,7
200700065028,0007-10-18 09:45:00,7,10,18,9,45,830,137,RESISTANCE (AVE / IMP DE,,,Plein jour,En agglomération,Hors intersection,Normale,Deux véhicules - arrière,,,,,,,,,,,1,2,1,1,2
200700065029,0007-10-01 14:00:00,7,10,1,14,0,830,137,NOGUES (AVE DU GENERAL),,,Plein jour,En agglomération,Intersection à plus de 4 branches,Normale,Autre collision,,,,,,,,,,,1,2,5,1,6
200700065030,0007-10-18 10:30:00,7,10,18,10,30,830,137,REPUBLIQUE (AVE DE LA),,,Plein jour,En agglomération,Hors intersection,Normale,Deux véhicules - arrière,,,,,,,,,,,1,2,1,1,2
200700065031,0007-10-15 13:05:00,7,10,15,13,5,830,137,HERRIOT (AVE EDOUARD),,,Plein jour,En agglomération,Intersection en T,Normale,Deux véhicules - frontale,,,,,,,,,,,1,2,3,1,1
200700065032,0007-10-15 16:46:00,7,10,15,16,46,830,137,RIVIERE (QUAI COMMANDANT,,,Plein jour,En agglomération,Autre intersection,Normale,Deux véhicules - côté,,,,,,,,,,,1,2,9,1,3
200700065033,0007-10-17 15:40:00,7,10,17,15,40,830,137,PUY (RUE DOCTEUR LOUIS),,,Plein jour,En agglomération,Hors intersection,Normale,Deux véhicules - côté,,,,,,,,,,,1,2,1,1,3
200700065034,0007-10-31 21:25:00,7,10,31,21,25,830,137,MISTRAL (ALLEE / LITTORA,,,Nuit avec éclairage allumé,En agglomération,Autre intersection,Normale,Deux véhicules - côté,,,,,,,,,,,5,2,9,1,3
200700065035,0007-10-11 08:30:00,7,10,11,8,30,830,137,COLLINES (BD / IMP DES),,,Plein jour,En agglomération,Intersection en T,Normale,Trois véhicules et plus - collisions multiples,,,,,,,,,,,1,2,3,1,5
200700065036,0007-10-30 18:00:00,7,10,30,18,0,830,90,SEYNE (ROUTE DE LA),,,Nuit avec éclairage allumé,En agglomération,Hors intersection,Normale,Trois véhicules et plus - en chaîne,,,,,,,,,,,5,2,1,1,4
200700065037,0007-10-15 18:22:00,7,10,15,18,22,830,137,GROIGNARD (AVE),,,Crépuscule ou aube,En agglomération,Hors intersection,Normale,Deux véhicules - côté,,,,,,,,,,,2,2,1,1,3
200700065038,0007-10-16 12:25:00,7,10,16,12,25,830,137,CUZIN (AVE FRANCOIS),,,Plein jour,En agglomération,Hors intersection,Normale,Deux véhicules - frontale,,,,,,,,,,,1,2,1,1,1
200700065039,0007-10-01 20:40:00,7,10,1,20,40,840,7,TARASCON ( Avenue de),,,Plein jour,En agglomération,Hors intersection,Normale,Deux véhicules - côté,,,,,,,,,,,1,2,1,1,3
200700065040,0007-10-02 16:30:00,7,10,2,16,30,840,7,C.De GAULLE (Rocade),,,Plein jour,En agglomération,Hors intersection,Normale,Deux véhicules - côté,,,,,,,,,,,1,2,1,1,3
200700065041,0007-10-04 11:20:00,7,10,4,11,20,840,7,ITALIENS (avenue des ),,,Plein jour,En agglomération,Hors intersection,Pluie légère,Deux véhicules - côté,,,,,,,,,,,1,2,1,2,3
200700065042,0007-10-04 21:40:00,7,10,4,21,40,840,7,DIOURBEL (rue),,,Nuit avec éclairage allumé,En agglomération,Intersection en T,Normale,Deux véhicules - arrière,,,,,,,,,,,5,2,3,1,2
200700065043,0007-10-05 13:25:00,7,10,5,13,25,840,7,COURTINE (Chemin de),,,Plein jour,En agglomération,Intersection en X,Normale,Deux véhicules - côté,,,,,,,,,,,1,2,2,1,3
200700065044,0007-10-06 16:55:00,7,10,6,16,55,840,7,CARDINAL BERTRAND (Cours,,,Plein jour,En agglomération,Intersection en T,Normale,Deux véhicules - frontale,,,,,,,,,,,1,2,3,1,1
200700065045,0007-10-08 07:20:00,7,10,8,7,20,840,7,TARASCON,,,Plein jour,En agglomération,Hors intersection,Normale,Deux véhicules - côté,,,,,,,,,,,1,2,1,1,3
200700065046,0007-10-08 08:45:00,7,10,8,8,45,840,7,SAINT ROCH (Boulevard),,,Plein jour,Hors agglomération,Hors intersection,Normale,Trois véhicules et plus - en chaîne,,,,,,,,,,,1,1,1,1,4
200700065047,0007-10-08 18:50:00,7,10,8,18,50,840,7,LIMBERT (Boulevard),,,Plein jour,En agglomération,Hors intersection,Normale,Autre collision,,,,,,,,,,,1,2,1,1,6
200700065048,0007-10-11 17:30:00,7,10,11,17,30,840,7,PIERRE SEMARD (avenue),,,Plein jour,En agglomération,Hors intersection,Normale,Deux véhicules - côté,,,,,,,,,,,1,2,1,1,3
200700065049,0007-10-12 18:55:00,7,10,12,18,55,840,7,MAGNANARELLES (Avenue de,,,Plein jour,En agglomération,Hors intersection,Normale,Autre collision,,,,,,,,,,,1,2,1,1,6
200700065050,0007-10-12 20:50:00,7,10,12,20,50,840,7,MONCLAR (Avenue),,,Nuit avec éclairage allumé,En agglomération,Hors intersection,Normale,Autre collision,,,,,,,,,,,5,2,1,1,6
200700065051,0007-10-18 09:00:00,7,10,18,9,0,840,7,OULLE (Allées de l'),,,Plein jour,En agglomération,Hors intersection,Normale,Deux véhicules - arrière,,,,,,,,,,,1,2,1,1,2
200700065052,0007-10-19 11:15:00,7,10,19,11,15,840,7,C.De GAULLE (Rocade),,,Plein jour,En agglomération,Intersection en X,Normale,Autre collision,,,,,,,,,,,1,2,2,1,6
200700065053,0007-10-21 16:30:00,7,10,21,16,30,840,7,"18, SAINT MICHEL (Boulev",,,Plein jour,En agglomération,Hors intersection,Normale,Deux véhicules - arrière,,,,,,,,,,,1,2,1,1,2
200700065054,0007-10-21 18:55:00,7,10,21,18,55,840,7,LIMBERT (Boulevard),,,Plein jour,Hors agglomération,Hors intersection,Normale,Autre collision,,,,,,,,,,,1,1,1,1,6
200700065055,0007-10-22 10:20:00,7,10,22,10,20,840,7,TARASCON ( Avenue de),,,Plein jour,En agglomération,Intersection en X,Normale,Deux véhicules - côté,,,,,,,,,,,1,2,2,1,3
200700065056,0007-10-25 13:55:00,7,10,25,13,55,840,7,PIERRE SEMARD (avenue),,,Plein jour,En agglomération,Intersection en T,Normale,Deux véhicules - côté,,,,,,,,,,,1,2,3,1,3
200700065057,0007-10-31 15:00:00,7,10,31,15,0,840,7,TARASCON ( Avenue de),,,Plein jour,En agglomération,Hors intersection,Normale,Autre collision,,,,,,,,,,,1,2,1,1,6
200700065058,0007-10-02 07:50:00,7,10,2,7,50,840,31,MARCHES AVENUE DES,,,Plein jour,En agglomération,Hors intersection,Normale,Deux véhicules - côté,,,,,,,,,,,1,2,1,1,3
200700065059,0007-10-10 20:00:00,7,10,10,20,0,840,31,CAROMB ROUTE,,,Nuit sans éclairage public,Hors agglomération,Intersection en X,Normale,Deux véhicules - côté,,,,,,,,,,,3,1,2,1,3
200700065060,0007-10-27 07:30:00,7,10,27,7,30,840,80,"22, VERDUN BOULEVARD DE",,,Nuit avec éclairage allumé,En agglomération,Hors intersection,Normale,Autre collision,,,,,,,,,,,5,2,1,1,6
200700065061,0007-10-30 08:30:00,7,10,30,8,30,840,31,COMTAT VENAISSIN,,,Plein jour,En agglomération,Hors intersection,Normale,Autre collision,,,,,,,,,,,1,2,1,1,6
200700065062,0007-10-15 21:20:00,7,10,15,21,20,840,35,PONT (AVENUE DU),,,Nuit avec éclairage allumé,Hors agglomération,Hors intersection,Normale,Deux véhicules - frontale,,,,,,,,,,,5,1,1,1,1
200700065063,0007-10-16 12:50:00,7,10,16,12,50,840,35,AVIGNON (AVENUE D'),,,Plein jour,Hors agglomération,Hors intersection,Normale,Deux véhicules - côté,,,,,,,,,,,1,1,1,1,3
200700065064,0007-10-03 08:15:00,7,10,3,8,15,840,87,ROUTE DE ROQUEMAURE,,,Plein jour,Hors agglomération,Intersection en X,Normale,Deux véhicules - côté,,,,,,,,,,,1,1,2,1,3
200700065065,0007-10-08 17:30:00,7,10,8,17,30,840,87,ROUTE DE CHATEAUNEUF OUE,,,Plein jour,Hors agglomération,Hors intersection,Vent fort / tempête,Sans collision,,,,,,,,,,,1,1,1,6,7
200700065066,0007-10-31 22:05:00,7,10,31,22,5,840,87,"1118, LYON (ROUTE DE)",,,Nuit sans éclairage public,Hors agglomération,Hors intersection,Normale,Sans collision,,,,,,,,,,,3,1,1,1,7
200700065067,0007-10-19 10:30:00,7,10,19,10,30,840,89,ARNOUX (RUE LEON),,,Plein jour,En agglomération,Hors intersection,Normale,Deux véhicules - arrière,,,,,,,,,,,1,2,1,1,2
200700065068,0007-10-27 19:10:00,7,10,27,19,10,840,89,"956, TOUR (RUE DE LA)",,,Nuit sans éclairage public,Hors agglomération,Intersection en X,Normale,Deux véhicules - côté,,,,,,,,,,,3,1,2,1,3
200700065069,0007-10-25 11:55:00,7,10,25,11,55,850,191,"2, BENJAMIN FRANKLIN",,,Plein jour,En agglomération,Intersection en Y,Normale,Deux véhicules - frontale,,,,,,,,,,,1,2,4,1,1
200700065070,0007-10-07 18:00:00,7,10,7,18,0,850,191,"9, GENUER RUE LUCIEN",,,Plein jour,En agglomération,Hors intersection,Normale,Autre collision,,,,,,,,,,,1,2,1,1,6
200700065071,0007-10-17 17:55:00,7,10,17,17,55,850,191,"1, BROSSARDIERE RUE DE L",,,Plein jour,En agglomération,Hors intersection,Normale,Autre collision,,,,,,,,,,,1,2,1,1,6
200700065072,0007-10-19 10:00:00,7,10,19,10,0,850,191,"sans, GABORY RUE EMILE",,,Plein jour,En agglomération,Hors intersection,Normale,Autre collision,,,,,,,,,,,1,2,1,1,6
200700065073,0007-10-03 20:50:00,7,10,3,20,50,850,194,RD 949,,,Nuit sans éclairage public,En agglomération,Hors intersection,Normale,Trois véhicules et plus - en chaîne,,,,,,,,,,,3,2,1,1,4
200700065074,0007-10-10 17:35:00,7,10,10,17,35,850,194,"44, CLEMENCEAU (PROMENAD",,,Plein jour,En agglomération,Hors intersection,Normale,Autre collision,,,,,,,,,,,1,2,1,1,6
200700065075,0007-10-20 18:05:00,7,10,20,18,5,850,194,"33bis, CASTELNEAU (BOULE",,,Plein jour,En agglomération,Hors intersection,Normale,Autre collision,,,,,,,,,,,1,2,1,1,6
200700065076,0007-10-20 16:40:00,7,10,20,16,40,850,194,PIECES FRANCHES (RUE DES,,,Plein jour,En agglomération,Intersection en X,Normale,Deux véhicules - côté,,,,,,,,,,,1,2,2,1,3
200700065077,0007-10-24 02:30:00,7,10,24,2,30,850,194,"284, MITTERAND (AVENUE F",,,Nuit avec éclairage non allumé,En agglomération,Hors intersection,Normale,Autre collision,,,,,,,,,,,4,2,1,1,6
200700065078,0007-10-24 07:50:00,7,10,24,7,50,850,194,LAENNEC (RUE DU DOCTEUR,,,Nuit avec éclairage allumé,En agglomération,Intersection en X,Normale,Deux véhicules - frontale,,,,,,,,,,,5,2,2,1,1
200700065079,0007-10-30 22:20:00,7,10,30,22,20,850,194,"34, GAULLE (RUE CHARLES",,,Nuit avec éclairage allumé,En agglomération,Hors intersection,Normale,Autre collision,,,,,,,,,,,5,2,1,1,6
200700065080,0007-10-03 13:30:00,7,10,3,13,30,860,66,PILA (ROND POINT DE),,,Plein jour,Hors agglomération,Giratoire,Pluie légère,Deux véhicules - côté,,,,,,,,,,,1,1,6,2,3
200700065081,0007-10-19 21:08:00,7,10,19,21,8,860,66,RD 161 - ROCADE EST,,,Nuit avec éclairage allumé,En agglomération,Hors intersection,Normale,Deux véhicules - frontale,,,,,,,,,,,5,2,1,1,1
200700065082,0007-10-20 18:00:00,7,10,20,18,0,860,66,BLOSSAC (BOULEVARD DE),,,Plein jour,En agglomération,Place,Normale,Autre collision,,,,,,,,,,,1,2,7,1,6
200700065083,0007-10-03 10:00:00,7,10,3,10,0,860,194,"., RENE CASSIN (BOULEVAR",,,Plein jour,En agglomération,Hors intersection,Normale,Autre collision,,,,,,,,,,,1,2,1,1,6
200700065084,0007-10-03 17:15:00,7,10,3,17,15,860,194,"3, LIBERATION (AVENUE DE",,,Plein jour,En agglomération,Hors intersection,Normale,Deux véhicules - arrière,,,,,,,,,,,1,2,1,1,2
200700065085,0007-10-05 17:20:00,7,10,5,17,20,860,194,JOHN KENNEDY (AVENUE),,,Plein jour,En agglomération,Hors intersection,Normale,Autre collision,,,,,,,,,,,1,2,1,1,6
200700065086,0007-10-06 01:55:00,7,10,6,1,55,860,41,"76, PLANTY (RUE DU)",,,Nuit avec éclairage non allumé,En agglomération,Hors intersection,Normale,Autre collision,,,,,,,,,,,4,2,1,1,6
200700065087,0007-10-06 04:55:00,7,10,6,4,55,860,158,"4, RICHELIEU (RUE DE)",,,Nuit avec éclairage allumé,En agglomération,Hors intersection,Normale,Autre collision,,,,,,,,,,,5,2,1,1,6
200700065088,0007-10-07 21:00:00,7,10,7,21,0,860,194,"., MARECHAL LECLERC (PLA",,,Nuit avec éclairage allumé,En agglomération,Hors intersection,Normale,Autre collision,,,,,,,,,,,5,2,1,1,6
200700065089,0007-10-07 11:05:00,7,10,7,11,5,860,194,FAUBOURG PONT NEUF (RUE,,,Plein jour,En agglomération,Giratoire,Normale,Deux véhicules - côté,,,,,,,,,,,1,2,6,1,3
200700065090,0007-10-08 17:45:00,7,10,8,17,45,860,41,AMANDIERS (AVENUE DES),,,Plein jour,En agglomération,Intersection en X,Normale,Trois véhicules et plus - collisions multiples,,,,,,,,,,,1,2,2,1,5
200700065091,0007-10-09 06:50:00,7,10,9,6,50,860,194,EUROPE (AVENUE DE L'),,,Nuit sans éclairage public,En agglomération,Intersection en T,Normale,Deux véhicules - côté,,,,,,,,,,,3,2,3,1,3
200700065092,0007-10-12 10:40:00,7,10,12,10,40,860,194,"93, GENCAY (ROUTE DE)",,,Plein jour,En agglomération,Hors intersection,Normale,Deux véhicules - côté,,,,,,,,,,,1,2,1,1,3
200700065093,0007-10-13 12:10:00,7,10,13,12,10,860,194,"11, HENRI DUNANT (RUE)",,,Plein jour,En agglomération,Intersection en X,Normale,Deux véhicules - côté,,,,,,,,,,,1,2,2,1,3
200700065094,0007-10-19 15:15:00,7,10,19,15,15,860,194,"183, FAUBOURG PONT NEUF",,,Plein jour,En agglomération,Hors intersection,Normale,Deux véhicules - arrière,,,,,,,,,,,1,2,1,1,2
200700065095,0007-10-22 14:05:00,7,10,22,14,5,860,194,"62, ANATOLE FRANCE (BOUL",,,Plein jour,En agglomération,Hors intersection,Normale,Autre collision,,,,,,,,,,,1,2,1,1,6
200700065096,0007-10-23 07:50:00,7,10,23,7,50,860,158,RD 910,,,Crépuscule ou aube,Hors agglomération,Hors intersection,Normale,Deux véhicules - côté,,,,,,,,,,,2,1,1,1,3
200700065097,0007-10-24 14:45:00,7,10,24,14,45,860,214,11 NOVEMBRE (AVENUE DU),,,Plein jour,En agglomération,Intersection en X,Normale,Deux véhicules - côté,,,,,,,,,,,1,2,2,1,3