accident_id,datetime,annee,mois,jour,heure,minute,departement,commune_insee,adresse,latitude,longitude,luminosite,agglomeration,intersection,meteo,collision,nb_vehicules,nb_usagers,nb_indemnes,nb_tues,nb_blesses_hosp,nb_blesses_legers,age_cond_1,age_cond_2,veh_type_cond_1,veh_type_cond_2,lum_code,agg_code,int_code,atm_code,col_code
200700065098,0007-10-24 20:25:00,7,10,24,20,25,860,158,MOULINET (RUE DE),,,Nuit sans éclairage public,Hors agglomération,Hors intersection,Normale,Deux véhicules - arrière,,,,,,,,,,,3,1,1,1,2
200700065099,0007-10-27 18:30:00,7,10,27,18,30,860,194,PLATEAU DES GLIERES (AVE,,,Plein jour,En agglomération,Intersection en X,Normale,Deux véhicules - côté,,,,,,,,,,,1,2,2,1,3
200700065100,0007-10-29 13:20:00,7,10,29,13,20,860,133,POITIERS (AVENUE DE),,,Plein jour,Hors agglomération,Hors intersection,Normale,Deux véhicules - frontale,,,,,,,,,,,1,1,1,1,1
200700065101,0007-10-29 15:05:00,7,10,29,15,5,860,157,RN 147,,,Plein jour,En agglomération,Intersection en T,Pluie légère,Deux véhicules - côté,,,,,,,,,,,1,2,3,2,3
200700065102,0007-10-30 12:15:00,7,10,30,12,15,860,194,ROBERT SCHUMAN (AVENUE),,,Plein jour,En agglomération,Intersection en X,Normale,Deux véhicules - côté,,,,,,,,,,,1,2,2,1,3
200700065103,0007-10-31 14:50:00,7,10,31,14,50,860,194,"13-15, VERDUN (BOULEVARD",,,Plein jour,En agglomération,Hors intersection,Normale,Deux véhicules - côté,,,,,,,,,,,1,2,1,1,3
200700065104,0007-10-01 14:48:00,7,10,1,14,48,870,85,"1, PECHIERAS (RUE RENE)",,,Plein jour,En agglomération,Hors intersection,Normale,Deux véhicules - arrière,,,,,,,,,,,1,2,1,1,2
200700065105,0007-10-02 07:52:00,7,10,2,7,52,870,85,"110, LECLERC (AVENUE DU",,,Plein jour,En agglomération,Hors intersection,Pluie légère,Deux véhicules - côté,,,,,,,,,,,1,2,1,2,3
200700065106,0007-10-02 16:46:00,7,10,2,16,46,870,50,RD125,,,Plein jour,En agglomération,Hors intersection,Normale,Sans collision,,,,,,,,,,,1,2,1,1,7
200700065107,0007-10-03 07:42:00,7,10,3,7,42,870,50,"172, LIMOGES (AVENUE DE)",,,Plein jour,En agglomération,Hors intersection,Normale,Autre collision,,,,,,,,,,,1,2,1,1,6
200700065108,0007-10-03 15:12:00,7,10,3,15,12,870,114,PUY MOULINIER - LIEU DIT,,,Plein jour,Hors agglomération,Hors intersection,Normale,Autre collision,,,,,,,,,,,1,1,1,1,6
200700065109,0007-10-03 15:49:00,7,10,3,15,49,870,85,"0, BEAUBREUIL (PLACE DE)",,,Plein jour,En agglomération,Hors intersection,Normale,Deux véhicules - arrière,,,,,,,,,,,1,2,1,1,2
200700065110,0007-10-04 12:38:00,7,10,4,12,38,870,85,"33, COMBES (RUE DES)",,,Plein jour,En agglomération,Hors intersection,Normale,Autre collision,,,,,,,,,,,1,2,1,1,6
200700065111,0007-10-04 13:17:00,7,10,4,13,17,870,85,"32, BUISSON (RUE FERDINA",,,Plein jour,En agglomération,Hors intersection,Normale,Deux véhicules - côté,,,,,,,,,,,1,2,1,1,3
200700065112,0007-10-04 18:00:00,7,10,4,18,0,870,85,"102, MONTJOVIS (AVENUE)",,,Plein jour,En agglomération,Hors intersection,Normale,Deux véhicules - arrière,,,,,,,,,,,1,2,1,1,2
200700065113,0007-10-05 14:19:00,7,10,5,14,19,870,85,"18, FAURE (RUE HYACINTHE",,,Plein jour,En agglomération,Intersection en X,Normale,Deux véhicules - côté,,,,,,,,,,,1,2,2,1,3
200700065114,0007-10-05 16:26:00,7,10,5,16,26,870,85,"90, SAINT MARTIAL (QUAI)",,,Plein jour,En agglomération,Intersection en X,Normale,Deux véhicules - côté,,,,,,,,,,,1,2,2,1,3
200700065115,0007-10-05 18:48:00,7,10,5,18,48,870,75,"47, ISLE (RUE D')",,,Plein jour,En agglomération,Intersection en X,Normale,Deux véhicules - côté,,,,,,,,,,,1,2,2,1,3
200700065116,0007-10-06 08:00:00,7,10,6,8,0,870,65,"2, LIBERATION (AVENUE DE",,,Plein jour,En agglomération,Hors intersection,Normale,Trois véhicules et plus - collisions multiples,,,,,,,,,,,1,2,1,1,5
200700065117,0007-10-08 15:28:00,7,10,8,15,28,870,85,"15, SABINES (RUE DES)",,,Plein jour,En agglomération,Intersection en T,Normale,Deux véhicules - côté,,,,,,,,,,,1,2,3,1,3
200700065118,0007-10-09 12:30:00,7,10,9,12,30,870,85,"1, BELLAC (RUE DE)",,,Plein jour,En agglomération,Intersection en X,Normale,Deux véhicules - côté,,,,,,,,,,,1,2,2,1,3
200700065119,0007-10-10 09:40:00,7,10,10,9,40,870,85,LARREY (AVENUE DOMINIQUE,,,Plein jour,En agglomération,Hors intersection,Pluie légère,Deux véhicules - arrière,,,,,,,,,,,1,2,1,2,2
200700065120,0007-10-10 09:52:00,7,10,10,9,52,870,85,AUTOROUTE A20,,,Plein jour,Hors agglomération,Hors intersection,Pluie légère,Autre collision,,,,,,,,,,,1,1,1,2,6
200700065121,0007-10-10 10:40:00,7,10,10,10,40,870,75,RD79,,,Plein jour,En agglomération,Intersection en T,Pluie légère,Trois véhicules et plus - en chaîne,,,,,,,,,,,1,2,3,2,4
200700065122,0007-10-10 16:35:00,7,10,10,16,35,870,85,"6, COOPERATEURS (RUE DES",,,Plein jour,En agglomération,Intersection en T,Normale,Autre collision,,,,,,,,,,,1,2,3,1,6
200700065123,0007-10-11 17:13:00,7,10,11,17,13,870,85,"51, DOMNOLET LAFARGE (RU",,,Plein jour,En agglomération,Hors intersection,Normale,Autre collision,,,,,,,,,,,1,2,1,1,6
200700065124,0007-10-11 18:22:00,7,10,11,18,22,870,65,"0, PORTES DE FEYTIAT (RU",,,Plein jour,En agglomération,Giratoire,Normale,Deux véhicules - arrière,,,,,,,,,,,1,2,6,1,2
200700065125,0007-10-11 12:26:00,7,10,11,12,26,870,85,"19, RUCHOUX (AVENUE DES)",,,Plein jour,En agglomération,Hors intersection,Normale,Deux véhicules - arrière,,,,,,,,,,,1,2,1,1,2
200700065126,0007-10-12 10:25:00,7,10,12,10,25,870,75,RN 21,,,Plein jour,En agglomération,Hors intersection,Normale,Deux véhicules - frontale,,,,,,,,,,,1,2,1,1,1
200700065127,0007-10-12 18:36:00,7,10,12,18,36,870,85,"21, GAMBETTA (BOULEVARD)",,,Plein jour,En agglomération,Intersection en X,Normale,Deux véhicules - côté,,,,,,,,,,,1,2,2,1,3
200700065128,0007-10-12 21:06:00,7,10,12,21,6,870,85,"93, Georges GUINGOUIN(ru",,,Nuit avec éclairage allumé,En agglomération,Hors intersection,Normale,Autre collision,,,,,,,,,,,5,2,1,1,6
200700065129,0007-10-13 16:18:00,7,10,13,16,18,870,113,"36, CHATENET (RUE DU)",,,Plein jour,En agglomération,Hors intersection,Normale,Deux véhicules - frontale,,,,,,,,,,,1,2,1,1,1
200700065130,0007-10-13 21:16:00,7,10,13,21,16,870,85,FRACHON ( rue Benoit),,,Nuit avec éclairage allumé,En agglomération,Hors intersection,Normale,Autre collision,,,,,,,,,,,5,2,1,1,6
200700065131,0007-10-14 10:39:00,7,10,14,10,39,870,85,"65, LATTRE-DE-TASSIGNY (",,,Plein jour,En agglomération,Hors intersection,Normale,Trois véhicules et plus - collisions multiples,,,,,,,,,,,1,2,1,1,5
200700065132,0007-10-14 20:44:00,7,10,14,20,44,870,85,"33, BLANC LOUIS (BOULEVA",,,Nuit avec éclairage allumé,En agglomération,Hors intersection,Normale,Deux véhicules - côté,,,,,,,,,,,5,2,1,1,3
200700065133,0007-10-16 20:21:00,7,10,16,20,21,870,85,"38, PETINIAUD BEAUPEYRAT",,,Nuit avec éclairage non allumé,En agglomération,Hors intersection,Normale,Deux véhicules - côté,,,,,,,,,,,4,2,1,1,3
200700065134,0007-10-17 07:48:00,7,10,17,7,48,870,85,MAS-LOUBIER (RUE DU),,,Nuit avec éclairage allumé,En agglomération,Hors intersection,Normale,Deux véhicules - côté,,,,,,,,,,,5,2,1,1,3
200700065135,0007-10-17 08:10:00,7,10,17,8,10,870,114,"6, AURIOL (AVENUE DU PDT",,,Plein jour,En agglomération,Hors intersection,Normale,Autre collision,,,,,,,,,,,1,2,1,1,6
200700065136,0007-10-17 16:00:00,7,10,17,16,0,870,85,"75, CHENIEUX (RUE FRANCO",,,Plein jour,En agglomération,Hors intersection,Normale,Deux véhicules - arrière,,,,,,,,,,,1,2,1,1,2
200700065137,0007-10-17 17:51:00,7,10,17,17,51,870,85,"53, REVOLUTION (AVENUE D",,,Plein jour,En agglomération,Hors intersection,Normale,Autre collision,,,,,,,,,,,1,2,1,1,6
200700065138,0007-10-17 19:31:00,7,10,17,19,31,870,85,"0, PARBELLE (PLACE PAUL)",,,Nuit avec éclairage allumé,En agglomération,Hors intersection,Normale,Deux véhicules - arrière,,,,,,,,,,,5,2,1,1,2
200700065139,0007-10-17 20:36:00,7,10,17,20,36,870,85,GRODNO  (AVENUE DE),,,Nuit avec éclairage allumé,En agglomération,Hors intersection,Pluie légère,Autre collision,,,,,,,,,,,5,2,1,2,6
200700065140,0007-10-17 21:09:00,7,10,17,21,9,870,85,"7, BERTHELOT (AVENUE)",,,Nuit avec éclairage allumé,En agglomération,Intersection en X,Pluie légère,Autre collision,,,,,,,,,,,5,2,2,2,6
200700065141,0007-10-18 01:17:00,7,10,18,1,17,870,85,DE GAULLE (AVENUE DU GEN,,,Nuit avec éclairage allumé,En agglomération,Giratoire,Pluie légère,Autre collision,,,,,,,,,,,5,2,6,2,6
200700065142,0007-10-18 06:02:00,7,10,18,6,2,870,85,RD39,,,Nuit sans éclairage public,Hors agglomération,Hors intersection,Normale,Autre collision,,,,,,,,,,,3,1,1,1,6
200700065143,0007-10-17 16:30:00,7,10,17,16,30,870,85,FRACHON ( rue Benoit),,,Plein jour,En agglomération,Intersection en X,Normale,Deux véhicules - côté,,,,,,,,,,,1,2,2,1,3
200700065144,0007-10-18 08:31:00,7,10,18,8,31,870,85,"17, LABUSSIERE (AVENUE E",,,Plein jour,En agglomération,Intersection en X,Normale,Deux véhicules - côté,,,,,,,,,,,1,2,2,1,3
200700065145,0007-10-18 10:20:00,7,10,18,10,20,870,85,"2, ROMANET (RUE DE)",,,Plein jour,En agglomération,Hors intersection,Normale,Autre collision,,,,,,,,,,,1,2,1,1,6
200700065146,0007-10-18 10:37:00,7,10,18,10,37,870,85,"4, DOUAI (RUE DE)",,,Plein jour,En agglomération,Hors intersection,Normale,Autre collision,,,,,,,,,,,1,2,1,1,6
200700065147,0007-10-18 13:50:00,7,10,18,13,50,870,85,"105, LOUYAT (AVENUE DE)",,,Plein jour,En agglomération,Hors intersection,Normale,Deux véhicules - arrière,,,,,,,,,,,1,2,1,1,2
200700065148,0007-10-20 17:40:00,7,10,20,17,40,870,85,VIGENAL (BOULEVARD DU),,,Plein jour,En agglomération,Intersection en X,Normale,Deux véhicules - côté,,,,,,,,,,,1,2,2,1,3
200700065149,0007-10-21 19:36:00,7,10,21,19,36,870,85,"363, PERRIN (RUE FRANCOI",,,Nuit avec éclairage allumé,En agglomération,Hors intersection,Normale,Autre collision,,,,,,,,,,,5,2,1,1,6
200700065150,0007-10-22 09:21:00,7,10,22,9,21,870,85,CHURCHILL WINSTON (PLACE,,,Plein jour,En agglomération,Intersection en X,Normale,Deux véhicules - côté,,,,,,,,,,,1,2,2,1,3
200700065151,0007-10-22 07:27:00,7,10,22,7,27,870,48,"5, NEXON (ROUTE DE)",,,Crépuscule ou aube,En agglomération,Hors intersection,Neige / grêle,Autre collision,,,,,,,,,,,2,2,1,4,6
200700065152,0007-10-22 15:30:00,7,10,22,15,30,870,85,"39, HORTICULTEURS (RUE D",,,Plein jour,En agglomération,Intersection en T,Normale,Deux véhicules - côté,,,,,,,,,,,1,2,3,1,3
200700065153,0007-10-23 17:15:00,7,10,23,17,15,870,85,"5, MAUPAS (RUE DU)",,,Plein jour,En agglomération,Hors intersection,Normale,Deux véhicules - côté,,,,,,,,,,,1,2,1,1,3
200700065154,0007-10-24 19:12:00,7,10,24,19,12,870,85,"63, MONTJOVIS (AVENUE)",,,Nuit avec éclairage allumé,En agglomération,Intersection en X,Normale,Deux véhicules - côté,,,,,,,,,,,5,2,2,1,3
200700065155,0007-10-25 09:04:00,7,10,25,9,4,870,85,"1, DUMAS (AVENUE GEORGES",,,Plein jour,En agglomération,Hors intersection,Normale,Deux véhicules - arrière,,,,,,,,,,,1,2,1,1,2
200700065156,0007-10-25 13:48:00,7,10,25,13,48,870,75,RN 21,,,Plein jour,En agglomération,Hors intersection,Normale,Deux véhicules - arrière,,,,,,,,,,,1,2,1,1,2
200700065157,0007-10-26 16:05:00,7,10,26,16,5,870,85,RD941,,,Plein jour,Hors agglomération,Hors intersection,Normale,Autre collision,,,,,,,,,,,1,1,1,1,6
200700065158,0007-10-27 11:56:00,7,10,27,11,56,870,85,CHURCHILL WINSTON (PLACE,,,Plein jour,En agglomération,Hors intersection,Normale,Autre collision,,,,,,,,,,,1,2,1,1,6
200700065159,0007-10-27 16:40:00,7,10,27,16,40,870,85,GAGNANT (AVENUE JEAN),,,Plein jour,En agglomération,Hors intersection,Normale,Deux véhicules - arrière,,,,,,,,,,,1,2,1,1,2
200700065160,0007-10-27 14:21:00,7,10,27,14,21,870,75,RN 21,,,Plein jour,Hors agglomération,Hors intersection,Normale,Autre collision,,,,,,,,,,,1,1,1,1,6
200700065161,0007-10-27 20:18:00,7,10,27,20,18,870,75,RN 21,,,Nuit sans éclairage public,Hors agglomération,Intersection en T,Normale,Deux véhicules - côté,,,,,,,,,,,3,1,3,1,3
200700065162,0007-10-29 12:25:00,7,10,29,12,25,870,85,"48, REVOLUTION (AVENUE D",,,Plein jour,En agglomération,Hors intersection,Pluie légère,Autre collision,,,,,,,,,,,1,2,1,2,6
200700065163,0007-10-29 16:43:00,7,10,29,16,43,870,85,"50, LECLERC (AVENUE DU G",,,Plein jour,En agglomération,Hors intersection,Pluie légère,Deux véhicules - arrière,,,,,,,,,,,1,2,1,2,2
200700065164,0007-10-30 18:14:00,7,10,30,18,14,870,85,"21, SAINT GENCE (RUE DE)",,,Crépuscule ou aube,En agglomération,Intersection en X,Pluie légère,Deux véhicules - côté,,,,,,,,,,,2,2,2,2,3
200700065165,0007-10-30 18:00:00,7,10,30,18,0,870,85,GAUTIER (RUE THEOPHILE),,,Nuit avec éclairage allumé,En agglomération,Hors intersection,Pluie légère,Sans collision,,,,,,,,,,,5,2,1,2,7
200700065166,0007-10-30 18:38:00,7,10,30,18,38,870,85,"17, FONDERIE (RUE DE LA)",,,Nuit avec éclairage allumé,En agglomération,Hors intersection,Pluie légère,Trois véhicules et plus - en chaîne,,,,,,,,,,,5,2,1,2,4
200700065167,0007-10-31 16:58:00,7,10,31,16,58,870,85,"8, PALISSY (RUE BERNARD)",,,Plein jour,En agglomération,Hors intersection,Normale,Deux véhicules - frontale,,,,,,,,,,,1,2,1,1,1
200700065168,0007-10-19 19:15:00,7,10,19,19,15,880,209,"34, EPINAL (RUE D')",,,Crépuscule ou aube,En agglomération,Hors intersection,Normale,Deux véhicules - côté,,,,,,,,,,,2,2,1,1,3
200700065169,0007-10-31 15:20:00,7,10,31,15,20,880,160,"83, NOTRE-DAME-DE LORETT",,,Plein jour,En agglomération,Hors intersection,Normale,Autre collision,,,,,,,,,,,1,2,1,1,6
200700065170,0007-10-03 11:15:00,7,10,3,11,15,880,160,"00, CHAT-BOTTE (RUE DU)",,,Plein jour,En agglomération,Intersection en X,Normale,Deux véhicules - côté,,,,,,,,,,,1,2,2,1,3
200700065171,0007-10-22 15:05:00,7,10,22,15,5,880,209,"12, BOULAY (RUE)",,,Plein jour,En agglomération,Intersection en X,Normale,Deux véhicules - côté,,,,,,,,,,,1,2,2,1,3
200700065172,0007-10-30 17:55:00,7,10,30,17,55,880,429,"15, Rue des Frères Bexon",,,Nuit avec éclairage allumé,En agglomération,Autre intersection,Normale,Autre collision,,,,,,,,,,,5,2,9,1,6
200700065173,0007-10-04 19:15:00,7,10,4,19,15,880,413,", Place DE GAULLE",,,Nuit sans éclairage public,En agglomération,Hors intersection,Normale,Autre collision,,,,,,,,,,,3,2,1,1,6
200700065174,0007-10-11 13:30:00,7,10,11,13,30,880,413,"35, Rue de L'ORME",,,Plein jour,En agglomération,Intersection en T,Normale,Deux véhicules - côté,,,,,,,,,,,1,2,3,1,3
200700065175,0007-10-12 11:50:00,7,10,12,11,50,880,413,"6, Rue André COLIN",,,Plein jour,En agglomération,Hors intersection,Normale,Autre collision,,,,,,,,,,,1,2,1,1,6
200700065176,0007-10-25 10:00:00,7,10,25,10,0,880,413,"111, Rue d'ALSACE",,,Plein jour,En agglomération,Hors intersection,Normale,Autre collision,,,,,,,,,,,1,2,1,1,6
200700065177,0007-10-27 10:50:00,7,10,27,10,50,880,413,"15, Rue de Baldensperger",,,Plein jour,En agglomération,Hors intersection,Normale,Deux véhicules - frontale,,,,,,,,,,,1,2,1,1,1
200700065178,0007-10-07 15:05:00,7,10,7,15,5,890,24,"00, DE LATTRE DE TASSIGN",,,Plein jour,En agglomération,Intersection en X,Normale,Deux véhicules - côté,,,,,,,,,,,1,2,2,1,3
200700065179,0007-10-14 05:00:00,7,10,14,5,0,890,24,"00, JEAN MERMOZ (AVENUE)",,,Nuit avec éclairage allumé,En agglomération,Hors intersection,Normale,Sans collision,,,,,,,,,,,5,2,1,1,7
200700065180,0007-10-17 07:50:00,7,10,17,7,50,890,387,"0, PUITS DE LA CHAINE (R",,,Crépuscule ou aube,En agglomération,Hors intersection,Normale,Autre collision,,,,,,,,,,,2,2,1,1,6
200700065181,0007-10-11 17:27:00,7,10,11,17,27,890,387,"0, QUATORZE JUILLET (BOU",,,Plein jour,En agglomération,Hors intersection,Normale,Autre collision,,,,,,,,,,,1,2,1,1,6
200700065182,0007-10-10 14:10:00,7,10,10,14,10,890,338,"0, REPUBLIQUE (RUE DE LA",,,Plein jour,En agglomération,Intersection en X,Normale,Deux véhicules - côté,,,,,,,,,,,1,2,2,1,3
200700065183,0007-10-11 20:32:00,7,10,11,20,32,890,387,"0, DIX NEUF MARS 1962 (R",,,Nuit avec éclairage allumé,En agglomération,Intersection en X,Normale,Deux véhicules - côté,,,,,,,,,,,5,2,2,1,3
200700065184,0007-10-29 15:20:00,7,10,29,15,20,890,387,"0, ROUTE NATIONALE 6",,,Plein jour,Hors agglomération,Hors intersection,Pluie légère,Autre collision,,,,,,,,,,,1,1,1,2,6
200700065185,0007-10-26 14:45:00,7,10,26,14,45,890,387,"0, TARBE (COURS)",,,Plein jour,En agglomération,Hors intersection,Normale,Deux véhicules - arrière,,,,,,,,,,,1,2,1,1,2
200700065186,0007-10-01 14:05:00,7,10,1,14,5,900,32,"1, CHARMEUSE (RUE DE LA)",,,Plein jour,En agglomération,Hors intersection,Normale,Trois véhicules et plus - collisions multiples,,,,,,,,,,,1,2,1,1,5
200700065187,0007-10-02 16:05:00,7,10,2,16,5,900,10,"17, DUNANT (BOULEVARD HE",,,Plein jour,En agglomération,Hors intersection,Normale,Deux véhicules - arrière,,,,,,,,,,,1,2,1,1,2
200700065188,0007-10-03 10:40:00,7,10,3,10,40,900,10,"1, ALTKIRCH (AVENUE)",,,Plein jour,En agglomération,Hors intersection,Normale,Autre collision,,,,,,,,,,,1,2,1,1,6
200700065189,0007-10-08 09:20:00,7,10,8,9,20,900,10,MONTBELIARD (FAUBOURG DE,,,Plein jour,En agglomération,Hors intersection,Normale,Sans collision,,,,,,,,,,,1,2,1,1,7
200700065190,0007-10-08 14:10:00,7,10,8,14,10,900,75,"55 BIS, BRIAND (RUE ARIS",,,Plein jour,En agglomération,Hors intersection,Normale,Deux véhicules - frontale,,,,,,,,,,,1,2,1,1,1
200700065191,0007-10-10 14:40:00,7,10,10,14,40,900,10,"23, DUNANT (BOULEVARD HE",,,Plein jour,En agglomération,Hors intersection,Normale,Deux véhicules - côté,,,,,,,,,,,1,2,1,1,3
200700065192,0007-10-12 08:04:00,7,10,12,8,4,900,10,"1, MAGASIN (RUE DU)",,,Plein jour,En agglomération,Intersection en T,Normale,Deux véhicules - côté,,,,,,,,,,,1,2,3,1,3
200700065193,0007-10-12 13:25:00,7,10,12,13,25,900,10,"7, GEHANT (RUE)",,,Plein jour,En agglomération,Hors intersection,Normale,Autre collision,,,,,,,,,,,1,2,1,1,6
200700065194,0007-10-12 16:50:00,7,10,12,16,50,900,10,"1, GROS (RUE ENGEL)",,,Plein jour,En agglomération,Hors intersection,Normale,Deux véhicules - arrière,,,,,,,,,,,1,2,1,1,2
200700065195,0007-10-15 09:35:00,7,10,15,9,35,900,10,"15, WILSON (AVENUE)",,,Plein jour,En agglomération,Hors intersection,Normale,Deux véhicules - arrière,,,,,,,,,,,1,2,1,1,2
200700065196,0007-10-15 17:00:00,7,10,15,17,0,900,99,TURENNE (RUE DE),,,Plein jour,En agglomération,Hors intersection,Normale,Deux véhicules - arrière,,,,,,,,,,,1,2,1,1,2
200700065197,0007-10-16 15:21:00,7,10,16,15,21,900,8,BELFORT (RUE DE),,,Plein jour,En agglomération,Hors intersection,Temps éblouissant,Deux véhicules - arrière,,,,,,,,,,,1,2,1,7,2
200700065198,0007-10-17 12:40:00,7,10,17,12,40,900,10,"4, MALBRANCHE (RUE DE LA",,,Plein jour,En agglomération,Hors intersection,Normale,Autre collision,,,,,,,,,,,1,2,1,1,6
200700065199,0007-10-17 18:00:00,7,10,17,18,0,900,8,"1, CRAVANCHE (RUE DE)",,,Crépuscule ou aube,En agglomération,Hors intersection,Pluie forte,Deux véhicules - arrière,,,,,,,,,,,2,2,1,3,2
200700065200,0007-10-19 13:10:00,7,10,19,13,10,900,10,"08, WILSON (AVENUE)",,,Plein jour,En agglomération,Hors intersection,Normale,Deux véhicules - arrière,,,,,,,,,,,1,2,1,1,2
200700065201,0007-10-19 14:35:00,7,10,19,14,35,900,8,GRAND'RUE,,,Plein jour,En agglomération,Hors intersection,Normale,Deux véhicules - côté,,,,,,,,,,,1,2,1,1,3
200700065202,0007-10-19 19:00:00,7,10,19,19,0,900,1,"18, MONTBELIARD (ROUTE D",,,Nuit avec éclairage allumé,En agglomération,Hors intersection,Normale,Deux véhicules - arrière,,,,,,,,,,,5,2,1,1,2
200700065203,0007-10-20 18:20:00,7,10,20,18,20,900,39,DE GAULLE (RUE DU GENERA,,,Plein jour,En agglomération,Intersection en T,Normale,Deux véhicules - côté,,,,,,,,,,,1,2,3,1,3
200700065204,0007-10-22 16:10:00,7,10,22,16,10,900,10,"12, ANCETRES (FAUBOURG D",,,Plein jour,En agglomération,Hors intersection,Normale,Autre collision,,,,,,,,,,,1,2,1,1,6
200700065205,0007-10-24 07:38:00,7,10,24,7,38,900,10,JUIN (AVENUE DU MARECHAL,,,Nuit avec éclairage allumé,En agglomération,Hors intersection,Normale,Deux véhicules - côté,,,,,,,,,,,5,2,1,1,3
200700065206,0007-10-26 09:05:00,7,10,26,9,5,900,10,"1, TROIS CHENES (AVENUE",,,Plein jour,En agglomération,Intersection en X,Normale,Deux véhicules - frontale,,,,,,,,,,,1,2,2,1,1
200700065207,0007-10-29 11:50:00,7,10,29,11,50,900,10,"132, JAURES (AVENUE JEAN",,,Plein jour,En agglomération,Hors intersection,Normale,Trois véhicules et plus - en chaîne,,,,,,,,,,,1,2,1,1,4
200700065208,0007-10-31 08:30:00,7,10,31,8,30,900,10,LECLERC (AVENUE),,,Plein jour,En agglomération,Hors intersection,Normale,Autre collision,,,,,,,,,,,1,2,1,1,6
200700065209,0007-10-31 20:05:00,7,10,31,20,5,900,32,"1, TROIS RESEAUX (RUE DE",,,Nuit avec éclairage non allumé,En agglomération,Hors intersection,Normale,Deux véhicules - frontale,,,,,,,,,,,4,2,1,1,1
200700065210,0007-10-08 14:00:00,7,10,8,14,0,910,21,"11, HOCHE (AVENUE)",,,Plein jour,En agglomération,Hors intersection,Normale,Deux véhicules - côté,,,,,,,,,,,1,2,1,1,3
200700065211,0007-10-15 07:50:00,7,10,15,7,50,910,21,"X, BRIAND ARISTIDE (RUE)",,,Plein jour,En agglomération,Hors intersection,Normale,Autre collision,,,,,,,,,,,1,2,1,1,6
200700065212,0007-10-24 08:50:00,7,10,24,8,50,910,103,CD 19,,,Plein jour,Hors agglomération,Hors intersection,Normale,Deux véhicules - frontale,,,,,,,,,,,1,1,1,1,1
200700065213,0007-10-20 00:40:00,7,10,20,0,40,910,552,"83, NATIONALE 20 (ROUTE)",,,Nuit avec éclairage allumé,Hors agglomération,Hors intersection,Normale,Deux véhicules - arrière,,,,,,,,,,,5,1,1,1,2
200700065214,0007-10-26 13:10:00,7,10,26,13,10,910,552,"5Bis, LEUVILLE (ROUTE DE",,,Plein jour,En agglomération,Hors intersection,Normale,Trois véhicules et plus - collisions multiples,,,,,,,,,,,1,2,1,1,5
200700065215,0007-10-29 16:45:00,7,10,29,16,45,910,103,"25, COMMUNE DE PARIS (RU",,,Crépuscule ou aube,En agglomération,Hors intersection,Pluie forte,Deux véhicules - côté,,,,,,,,,,,2,2,1,3,3
200700065216,0007-10-06 17:35:00,7,10,6,17,35,910,479,GAULLE (AVENUE DU GENERA,,,Plein jour,En agglomération,Intersection en X,Normale,Deux véhicules - côté,,,,,,,,,,,1,2,2,1,3
200700065217,0007-10-11 12:52:00,7,10,11,12,52,910,27,MITTERAND (AVENUE FRANCO,,,Plein jour,En agglomération,Autre intersection,Normale,Autre collision,,,,,,,,,,,1,2,9,1,6
200700065218,0007-10-20 07:30:00,7,10,20,7,30,910,479,GAULLE (AVENUE DU GENERA,,,Nuit avec éclairage allumé,En agglomération,Hors intersection,Normale,Deux véhicules - frontale,,,,,,,,,,,5,2,1,1,1
200700065219,0007-10-09 12:25:00,7,10,9,12,25,910,114,WITTLICH (ROND POINT),,,Plein jour,En agglomération,Giratoire,Normale,Deux véhicules - côté,,,,,,,,,,,1,2,6,1,3
200700065220,0007-10-10 11:30:00,7,10,10,11,30,910,114,BRIE (ROUTE DE),,,Plein jour,En agglomération,Hors intersection,Normale,Deux véhicules - frontale,,,,,,,,,,,1,2,1,1,1
200700065221,0007-10-10 17:00:00,7,10,10,17,0,910,514,"2,00, BRUNOY (RUE DE)",,,Plein jour,En agglomération,Giratoire,Normale,Deux véhicules - côté,,,,,,,,,,,1,2,6,1,3
200700065222,0007-10-16 14:00:00,7,10,16,14,0,910,114,CYGNES (AVENUE DES),,,Plein jour,En agglomération,Intersection en X,Normale,Deux véhicules - côté,,,,,,,,,,,1,2,2,1,3
200700065223,0007-10-15 19:00:00,7,10,15,19,0,910,114,MONTGERON (RUE DE),,,Crépuscule ou aube,En agglomération,Hors intersection,Normale,Deux véhicules - côté,,,,,,,,,,,2,2,1,1,3
200700065224,0007-10-25 08:25:00,7,10,25,8,25,910,114,"51, GENERAL LECLERC (AVE",,,Plein jour,En agglomération,Intersection en T,Normale,Autre collision,,,,,,,,,,,1,2,3,1,6
200700065225,0007-10-27 20:50:00,7,10,27,20,50,910,114,"94, CHATAIGNERAIE (AVENU",,,Nuit avec éclairage allumé,En agglomération,Hors intersection,Normale,Autre collision,,,,,,,,,,,5,2,1,1,6
200700065226,0007-10-31 11:35:00,7,10,31,11,35,910,114,TALMA (RUE),,,Plein jour,En agglomération,Hors intersection,Normale,Deux véhicules - arrière,,,,,,,,,,,1,2,1,1,2
200700065227,0007-10-08 13:30:00,7,10,8,13,30,910,174,"41, JEAN JAURES (BOULEVA",,,Plein jour,En agglomération,Hors intersection,Normale,Deux véhicules - côté,,,,,,,,,,,1,2,1,1,3
200700065228,0007-10-13 14:30:00,7,10,13,14,30,910,174,"0, 08 MAI 1945 (AVENUE)",,,Plein jour,En agglomération,Hors intersection,Normale,Deux véhicules - côté,,,,,,,,,,,1,2,1,1,3