accident_id,datetime,annee,mois,jour,heure,minute,departement,commune_insee,adresse,latitude,longitude,luminosite,agglomeration,intersection,meteo,collision,nb_vehicules,nb_usagers,nb_indemnes,nb_tues,nb_blesses_hosp,nb_blesses_legers,age_cond_1,age_cond_2,veh_type_cond_1,veh_type_cond_2,lum_code,agg_code,int_code,atm_code,col_code
200700065491,0007-10-18 19:30:00,7,10,18,19,30,920,63,"néant, JUIN (AVENUE DU M",,,Nuit avec éclairage allumé,En agglomération,Hors intersection,Normale,Deux véhicules - côté,,,,,,,,,,,5,2,1,1,3
200700065492,0007-10-08 09:05:00,7,10,8,9,5,920,64,"11, GENERAL LECLERC",,,Plein jour,En agglomération,Hors intersection,Normale,Autre collision,,,,,,,,,,,1,2,1,1,6
200700065493,0007-10-15 20:35:00,7,10,15,20,35,920,76,"01 BIS, REPUBLIQUE",,,Nuit avec éclairage allumé,En agglomération,Hors intersection,Normale,Deux véhicules - arrière,,,,,,,,,,,5,2,1,1,2
200700065494,0007-10-17 08:10:00,7,10,17,8,10,920,64,GOUNOD,,,Plein jour,Hors agglomération,Intersection en T,Pluie légère,Deux véhicules - arrière,,,,,,,,,,,1,1,3,2,2
200700065495,0007-10-21 14:08:00,7,10,21,14,8,920,64,GENERAL LECLERC,,,Plein jour,En agglomération,Hors intersection,Normale,Sans collision,,,,,,,,,,,1,2,1,1,7
200700065496,0007-10-22 17:10:00,7,10,22,17,10,920,76,"20, REPUBLIQUE",,,Plein jour,En agglomération,Hors intersection,Normale,Autre collision,,,,,,,,,,,1,2,1,1,6
200700065497,0007-10-24 11:40:00,7,10,24,11,40,920,64,"108, REPUBLIQUE",,,Plein jour,En agglomération,Hors intersection,Normale,Deux véhicules - côté,,,,,,,,,,,1,2,1,1,3
200700065498,0007-10-26 17:30:00,7,10,26,17,30,920,64,"FACE 28BIS, CARNOT",,,Plein jour,En agglomération,Hors intersection,Normale,Deux véhicules - arrière,,,,,,,,,,,1,2,1,1,2
200700065499,0007-10-27 18:15:00,7,10,27,18,15,920,47,HARAS DE JARDY,,,Crépuscule ou aube,Hors agglomération,Autre intersection,Normale,Autre collision,,,,,,,,,,,2,1,9,1,6
200700065500,0007-10-31 10:25:00,7,10,31,10,25,920,64,"191, REPUBLIQUE",,,Plein jour,En agglomération,Autre intersection,Normale,Autre collision,,,,,,,,,,,1,2,9,1,6
200700065501,0007-10-01 09:50:00,7,10,1,9,50,920,77,"., SEVRES (RUE DE)",,,Plein jour,En agglomération,Hors intersection,Normale,Deux véhicules - côté,,,,,,,,,,,1,2,1,1,3
200700065502,0007-10-06 11:55:00,7,10,6,11,55,920,22,"1846, SALENGRO (AVENUE R",,,Plein jour,En agglomération,Hors intersection,Normale,Deux véhicules - côté,,,,,,,,,,,1,2,1,1,3
200700065503,0007-10-01 20:50:00,7,10,1,20,50,920,22,"368, SALENGRO (AVENUE RO",,,Nuit avec éclairage allumé,En agglomération,Hors intersection,Pluie forte,Sans collision,,,,,,,,,,,5,2,1,3,7
200700065504,0007-10-14 14:20:00,7,10,14,14,20,920,22,"., SALENGRO (AVENUE ROGE",,,Plein jour,En agglomération,Hors intersection,Normale,Deux véhicules - côté,,,,,,,,,,,1,2,1,1,3
200700065505,0007-10-13 15:20:00,7,10,13,15,20,920,72,"19, EUROPE (AVENUE DE L'",,,Plein jour,En agglomération,Hors intersection,Normale,Deux véhicules - côté,,,,,,,,,,,1,2,1,1,3
200700065506,0007-10-15 21:15:00,7,10,15,21,15,920,77,"13, ST CLOUD (RUE DE)",,,Nuit avec éclairage allumé,En agglomération,Hors intersection,Normale,Autre collision,,,,,,,,,,,5,2,1,1,6
200700065507,0007-10-20 15:40:00,7,10,20,15,40,920,72,"., LECLERC (AVENUE DE LA",,,Plein jour,En agglomération,Intersection en T,Normale,Deux véhicules - côté,,,,,,,,,,,1,2,3,1,3
200700065508,0007-10-26 23:40:00,7,10,26,23,40,920,72,"., SEVRES (PONT DE)",,,Nuit avec éclairage allumé,En agglomération,Hors intersection,Normale,Sans collision,,,,,,,,,,,5,2,1,1,7
200700065509,0007-10-31 16:30:00,7,10,31,16,30,920,22,"., SALENGRO (AVENUE ROGE",,,Plein jour,En agglomération,Intersection à plus de 4 branches,Normale,Deux véhicules - côté,,,,,,,,,,,1,2,5,1,3
200700065510,0007-10-11 15:05:00,7,10,11,15,5,920,73,"24, COLIN (RUE EMILIEN)",,,Plein jour,En agglomération,Hors intersection,Normale,Autre collision,,,,,,,,,,,1,2,1,1,6
200700065511,0007-10-18 17:45:00,7,10,18,17,45,920,73,"17, ROOSVELT (AVENUE FRA",,,Plein jour,En agglomération,Intersection en T,Normale,Deux véhicules - arrière,,,,,,,,,,,1,2,3,1,2
200700065512,0007-10-20 13:50:00,7,10,20,13,50,920,73,"17, SELLIER (BOULEVARD H",,,Plein jour,En agglomération,Hors intersection,Normale,Autre collision,,,,,,,,,,,1,2,1,1,6
200700065513,0007-10-24 17:55:00,7,10,24,17,55,920,73,"104, LAKANAL (RUE)",,,Crépuscule ou aube,En agglomération,Intersection en T,Normale,Deux véhicules - côté,,,,,,,,,,,2,2,3,1,3
200700065514,0007-10-29 14:30:00,7,10,29,14,30,920,73,"5, DASSAULT (QUAI MARCEL",,,Plein jour,En agglomération,Hors intersection,Normale,Deux véhicules - frontale,,,,,,,,,,,1,2,1,1,1
200700065515,0007-10-30 18:30:00,7,10,30,18,30,920,73,"84, BAS ROGERS (RUE DES)",,,Nuit avec éclairage allumé,En agglomération,Intersection en X,Normale,Autre collision,,,,,,,,,,,5,2,2,1,6
200700065516,0007-10-01 11:55:00,7,10,1,11,55,920,75,"71, JEAN JAURES (RUE)",,,Plein jour,En agglomération,Hors intersection,Pluie légère,Autre collision,,,,,,,,,,,1,2,1,2,6
200700065517,0007-10-04 17:10:00,7,10,4,17,10,920,46,PIERRE BROSSOLETTE,,,Plein jour,En agglomération,Intersection en T,Normale,Deux véhicules - côté,,,,,,,,,,,1,2,3,1,3
200700065518,0007-10-04 10:35:00,7,10,4,10,35,920,46,AVAULEE (RUE),,,Plein jour,En agglomération,Intersection en X,Normale,Deux véhicules - côté,,,,,,,,,,,1,2,2,1,3
200700065519,0007-10-05 08:35:00,7,10,5,8,35,920,46,DE STALINGRAD,,,Plein jour,En agglomération,Giratoire,Normale,Autre collision,,,,,,,,,,,1,2,6,1,6
200700065520,0007-10-06 23:34:00,7,10,6,23,34,920,75,"21-23, LYCEE (BOULEVARD",,,Nuit avec éclairage allumé,En agglomération,Hors intersection,Normale,Deux véhicules - frontale,,,,,,,,,,,5,2,1,1,1
200700065521,0007-10-09 16:45:00,7,10,9,16,45,920,46,"87, rue guy moquet",,,Plein jour,En agglomération,Hors intersection,Normale,Deux véhicules - arrière,,,,,,,,,,,1,2,1,1,2
200700065522,0007-10-05 18:45:00,7,10,5,18,45,920,46,CAMELINAT,,,Plein jour,En agglomération,Hors intersection,Normale,Autre collision,,,,,,,,,,,1,2,1,1,6
200700065523,0007-10-13 10:30:00,7,10,13,10,30,920,75,"3, FRANCOIS 1ER (RUE)",,,Plein jour,En agglomération,Hors intersection,Normale,Deux véhicules - côté,,,,,,,,,,,1,2,1,1,3
200700065524,0007-10-18 12:25:00,7,10,18,12,25,920,46,"19, bld du Colonel Fabie",,,Plein jour,En agglomération,Hors intersection,Normale,Trois véhicules et plus - en chaîne,,,,,,,,,,,1,2,1,1,4
200700065525,0007-10-22 09:30:00,7,10,22,9,30,920,46,HENRI BARBUSSE (BOULEVAR,,,Plein jour,En agglomération,Intersection en T,Normale,Autre collision,,,,,,,,,,,1,2,3,1,6
200700065526,0007-10-29 20:00:00,7,10,29,20,0,920,75,LYCEE (BOULEVARD DU),,,Nuit avec éclairage allumé,En agglomération,Intersection en X,Pluie légère,Autre collision,,,,,,,,,,,5,2,2,2,6
200700065527,0007-10-29 23:00:00,7,10,29,23,0,920,46,PIERRE BROSSOLETTE,,,Nuit avec éclairage allumé,En agglomération,Intersection en T,Normale,Sans collision,,,,,,,,,,,5,2,3,1,7
200700065528,0007-10-24 20:10:00,7,10,24,20,10,920,46,"2, PIERRE BROSSOLETTE",,,Nuit avec éclairage allumé,En agglomération,Hors intersection,Normale,Autre collision,,,,,,,,,,,5,2,1,1,6
200700065529,0007-10-02 19:00:00,7,10,2,19,0,920,62,"1, Rue Félix EBOUE",,,Crépuscule ou aube,En agglomération,Hors intersection,Pluie légère,Autre collision,,,,,,,,,,,2,2,1,2,6
200700065530,0007-10-03 14:00:00,7,10,3,14,0,920,62,"13 et 15, Voie VALMY",,,Plein jour,En agglomération,Hors intersection,Normale,Deux véhicules - côté,,,,,,,,,,,1,2,1,1,3
200700065531,0007-10-15 21:45:00,7,10,15,21,45,920,62,"1, GENERAL DE GAULLE (AV",,,Nuit avec éclairage allumé,En agglomération,Intersection en Y,Normale,Deux véhicules - arrière,,,,,,,,,,,5,2,4,1,2
200700065532,0007-10-18 20:50:00,7,10,18,20,50,920,62,"1, JEAN MOULIN (AVENUE)",,,Crépuscule ou aube,En agglomération,Hors intersection,Normale,Deux véhicules - arrière,,,,,,,,,,,2,2,1,1,2
200700065533,0007-10-19 16:10:00,7,10,19,16,10,920,62,"1, DEMI-LUNE (ROUTE DE L",,,Plein jour,En agglomération,Hors intersection,Normale,Sans collision,,,,,,,,,,,1,2,1,1,7
200700065534,0007-10-26 07:30:00,7,10,26,7,30,920,62,"1, GENERAL DE GAULLE (AV",,,Crépuscule ou aube,En agglomération,Intersection en X,Normale,Sans collision,,,,,,,,,,,2,2,2,1,7
200700065535,0007-10-29 08:40:00,7,10,29,8,40,920,26,"1, ALBERT GLEIZES (AVENU",,,Plein jour,En agglomération,Intersection en Y,Pluie forte,Sans collision,,,,,,,,,,,1,2,4,3,7
200700065536,0007-10-02 22:05:00,7,10,2,22,5,930,1,"206, JEAN JAURES  (AVE)",,,Nuit avec éclairage allumé,En agglomération,Hors intersection,Pluie légère,Deux véhicules - côté,,,,,,,,,,,5,2,1,2,3
200700065537,0007-10-04 16:45:00,7,10,4,16,45,930,1,VICTOR HUGO (AVE)  131 A,,,Plein jour,En agglomération,Intersection en T,Normale,Deux véhicules - arrière,,,,,,,,,,,1,2,3,1,2
200700065538,0007-10-10 23:35:00,7,10,10,23,35,930,1,VICTOR HUGO (AVE)  N° 12,,,Nuit avec éclairage allumé,En agglomération,Intersection en X,Normale,Deux véhicules - côté,,,,,,,,,,,5,2,2,1,3
200700065539,0007-10-15 19:50:00,7,10,15,19,50,930,1,SAINT GOBAIN (RUE DE),,,Nuit avec éclairage allumé,En agglomération,Hors intersection,Normale,Deux véhicules - côté,,,,,,,,,,,5,2,1,1,3
200700065540,0007-10-16 12:40:00,7,10,16,12,40,930,1,"10, SADI CARNOT (RUE)  (",,,Plein jour,En agglomération,Intersection en X,Normale,Autre collision,,,,,,,,,,,1,2,2,1,6
200700065541,0007-10-18 20:40:00,7,10,18,20,40,930,1,"211, JEAN JAURES  (AVE)",,,Nuit avec éclairage allumé,En agglomération,Hors intersection,Normale,Deux véhicules - arrière,,,,,,,,,,,5,2,1,1,2
200700065542,0007-10-19 16:00:00,7,10,19,16,0,930,1,"156, DANIELLE CASANOVA (",,,Plein jour,En agglomération,Hors intersection,Normale,Autre collision,,,,,,,,,,,1,2,1,1,6
200700065543,0007-10-22 14:40:00,7,10,22,14,40,930,1,"7, CHARRON (RUE)",,,Plein jour,En agglomération,Hors intersection,Normale,Autre collision,,,,,,,,,,,1,2,1,1,6
200700065544,0007-10-21 12:55:00,7,10,21,12,55,930,1,"x, DANIELLE CASANOVA (RU",,,Plein jour,En agglomération,Intersection en T,Normale,Deux véhicules - côté,,,,,,,,,,,1,2,3,1,3
200700065545,0007-10-24 08:50:00,7,10,24,8,50,930,1,"22, NOYERS (RUE DES)  =>",,,Plein jour,En agglomération,Hors intersection,Normale,Autre collision,,,,,,,,,,,1,2,1,1,6
200700065546,0007-10-25 15:30:00,7,10,25,15,30,930,1,"161, VICTOR HUGO (AVE)",,,Plein jour,En agglomération,Intersection en T,Temps couvert,Deux véhicules - côté,,,,,,,,,,,1,2,3,8,3
200700065547,0007-10-29 09:22:00,7,10,29,9,22,930,1,VICTOR HUGO (AVE)  131 A,,,Plein jour,En agglomération,Hors intersection,Pluie forte,Autre collision,,,,,,,,,,,1,2,1,3,6
200700065548,0007-10-30 08:40:00,7,10,30,8,40,930,1,"46, ANATOLE FRANCE (BLD)",,,Plein jour,En agglomération,Hors intersection,Temps couvert,Sans collision,,,,,,,,,,,1,2,1,8,7
200700065549,0007-10-02 16:10:00,7,10,2,16,10,930,5,"22, DUMONT (AVENUE)",,,Plein jour,En agglomération,Hors intersection,Normale,Autre collision,,,,,,,,,,,1,2,1,1,6
200700065550,0007-10-05 08:00:00,7,10,5,8,0,930,5,"NR, JEAN JACQUES ROUSSEA",,,Crépuscule ou aube,En agglomération,Intersection en X,Normale,Deux véhicules - côté,,,,,,,,,,,2,2,2,1,3
200700065551,0007-10-07 21:00:00,7,10,7,21,0,930,5,"160, BONDY (ROUTE DE)",,,Nuit avec éclairage allumé,En agglomération,Hors intersection,Normale,Autre collision,,,,,,,,,,,5,2,1,1,6
200700065552,0007-10-15 16:00:00,7,10,15,16,0,930,5,MARECHAL JUIN (AVENUE DU,,,Plein jour,En agglomération,Intersection en T,Normale,Deux véhicules - côté,,,,,,,,,,,1,2,3,1,3
200700065553,0007-10-20 13:30:00,7,10,20,13,30,930,5,"00, EUROPE (CARREFOUR DE",,,Plein jour,En agglomération,Giratoire,Normale,Deux véhicules - côté,,,,,,,,,,,1,2,6,1,3
200700065554,0007-10-23 14:25:00,7,10,23,14,25,930,5,"02, MERISIER (ALLEE DU)",,,Plein jour,En agglomération,Hors intersection,Normale,Autre collision,,,,,,,,,,,1,2,1,1,6
200700065555,0007-10-26 19:35:00,7,10,26,19,35,930,5,DIDEROT (RUE),,,Nuit avec éclairage allumé,En agglomération,Intersection en X,Normale,Deux véhicules - côté,,,,,,,,,,,5,2,2,1,3
200700065556,0007-10-29 13:30:00,7,10,29,13,30,930,5,JACQUES DUCLOS [CD44] (R,,,Plein jour,En agglomération,Intersection en T,Pluie légère,Deux véhicules - côté,,,,,,,,,,,1,2,3,2,3
200700065557,0007-10-11 12:15:00,7,10,11,12,15,930,7,JULIEN GRIMAU (RUE),,,Plein jour,En agglomération,Intersection en T,Normale,Deux véhicules - côté,,,,,,,,,,,1,2,3,1,3
200700065558,0007-10-14 14:00:00,7,10,14,14,0,930,7,CAPITAINE FONK (AVENUE),,,Plein jour,En agglomération,Hors intersection,Normale,Deux véhicules - côté,,,,,,,,,,,1,2,1,1,3
200700065559,0007-10-16 15:35:00,7,10,16,15,35,930,7,VLADIMIR I. LENINE (DU 5,,,Plein jour,En agglomération,Hors intersection,Normale,Deux véhicules - arrière,,,,,,,,,,,1,2,1,1,2
200700065560,0007-10-21 03:30:00,7,10,21,3,30,930,7,PABLO NERUDA (ROND-POINT,,,Nuit avec éclairage allumé,En agglomération,Giratoire,Normale,Deux véhicules - côté,,,,,,,,,,,5,2,6,1,3
200700065561,0007-10-25 13:50:00,7,10,25,13,50,930,7,"10, MAURICE AUDIN (RUE)",,,Plein jour,En agglomération,Hors intersection,Normale,Autre collision,,,,,,,,,,,1,2,1,1,6
200700065562,0007-10-01 16:25:00,7,10,1,16,25,930,8,"23, STALINGRAD (IMPASSE",,,Plein jour,En agglomération,Intersection en T,Normale,Deux véhicules - frontale,,,,,,,,,,,1,2,3,1,1
200700065563,0007-10-04 10:30:00,7,10,4,10,30,930,8,"151, PARIS (RUE DE)",,,Plein jour,En agglomération,Hors intersection,Normale,Deux véhicules - arrière,,,,,,,,,,,1,2,1,1,2
200700065564,0007-10-22 09:35:00,7,10,22,9,35,930,8,VAILLANT COUTURIER (AVEN,,,Plein jour,En agglomération,Intersection en T,Normale,Deux véhicules - arrière,,,,,,,,,,,1,2,3,1,2
200700065565,0007-10-22 13:40:00,7,10,22,13,40,930,8,ALLENDE (AVE DU P. SALVA,,,Plein jour,En agglomération,Hors intersection,Normale,Deux véhicules - arrière,,,,,,,,,,,1,2,1,1,2
200700065566,0007-10-22 18:00:00,7,10,22,18,0,930,8,SEMARD (RUE PIERRE),,,Plein jour,En agglomération,Hors intersection,Normale,Autre collision,,,,,,,,,,,1,2,1,1,6
200700065567,0007-10-23 13:00:00,7,10,23,13,0,930,8,", BELWO (RUE PAUL)",,,Plein jour,En agglomération,Intersection en X,Normale,Deux véhicules - côté,,,,,,,,,,,1,2,2,1,3
200700065568,0007-10-23 16:50:00,7,10,23,16,50,930,8,"23, ALLENDE (AVE DU P. S",,,Plein jour,En agglomération,Hors intersection,Normale,Autre collision,,,,,,,,,,,1,2,1,1,6
200700065569,0007-10-25 13:15:00,7,10,25,13,15,930,8,"angle, VAILLANT (AVENUE",,,Plein jour,En agglomération,Intersection en X,Normale,Autre collision,,,,,,,,,,,1,2,2,1,6
200700065570,0007-10-25 15:30:00,7,10,25,15,30,930,8,ESTIENNE D'ORVES (RUE D',,,Plein jour,En agglomération,Giratoire,Normale,Deux véhicules - côté,,,,,,,,,,,1,2,6,1,3
200700065571,0007-10-28 16:05:00,7,10,28,16,5,930,8,"16, SEMARD (AVENUE PIERR",,,Plein jour,En agglomération,Autre intersection,Normale,Autre collision,,,,,,,,,,,1,2,9,1,6
200700065572,0007-10-29 22:10:00,7,10,29,22,10,930,8,VAILLANT COUTURIER (AVEN,,,Nuit avec éclairage allumé,En agglomération,Hors intersection,Pluie légère,Autre collision,,,,,,,,,,,5,2,1,2,6
200700065573,0007-10-01 16:10:00,7,10,1,16,10,930,10,"175, GALLIENI (AV.) DE 1",,,Plein jour,En agglomération,Hors intersection,Normale,Deux véhicules - côté,,,,,,,,,,,1,2,1,1,3
200700065574,0007-10-08 19:15:00,7,10,8,19,15,930,10,"ignore, GALLIENI (AV.) D",,,Nuit avec éclairage allumé,En agglomération,Hors intersection,Normale,Deux véhicules - arrière,,,,,,,,,,,5,2,1,1,2
200700065575,0007-10-09 19:50:00,7,10,9,19,50,930,10,"ignore, GALLIENI (AV.) D",,,Nuit avec éclairage allumé,En agglomération,Hors intersection,Pluie légère,Autre collision,,,,,,,,,,,5,2,1,2,6
200700065576,0007-10-16 15:30:00,7,10,16,15,30,930,10,"176, BARBUSSE (AV. HENRI",,,Plein jour,En agglomération,Hors intersection,Normale,Autre collision,,,,,,,,,,,1,2,1,1,6
200700065577,0007-10-16 17:00:00,7,10,16,17,0,930,10,"150, GALLIENI (AV.) DE 1",,,Plein jour,En agglomération,Hors intersection,Normale,Deux véhicules - arrière,,,,,,,,,,,1,2,1,1,2
200700065578,0007-10-17 17:55:00,7,10,17,17,55,930,57,"ignore, BRIAND ( AV. ARI",,,Plein jour,En agglomération,Intersection en X,Normale,Autre collision,,,,,,,,,,,1,2,2,1,6
200700065579,0007-10-21 16:20:00,7,10,21,16,20,930,10,"------, STAINS (RTE DE)",,,Plein jour,En agglomération,Place,Normale,Deux véhicules - arrière,,,,,,,,,,,1,2,7,1,2
200700065580,0007-10-23 00:30:00,7,10,23,0,30,930,10,"ignore, GALLIENI (AV.) D",,,Nuit avec éclairage allumé,En agglomération,Autre intersection,Normale,Deux véhicules - arrière,,,,,,,,,,,5,2,9,1,2
200700065581,0007-10-24 11:20:00,7,10,24,11,20,930,10,"2, BLANQUI (R. LOUIS-AUG",,,Plein jour,En agglomération,Hors intersection,Normale,Autre collision,,,,,,,,,,,1,2,1,1,6
200700065582,0007-10-25 08:05:00,7,10,25,8,5,930,10,"40, SAKHAROV (RUE ANDREI",,,Plein jour,En agglomération,Hors intersection,Normale,Deux véhicules - côté,,,,,,,,,,,1,2,1,1,3
200700065583,0007-10-27 13:45:00,7,10,27,13,45,930,10,"ignore, DASSAULT (RUE MA",,,Plein jour,En agglomération,Hors intersection,Normale,Deux véhicules - frontale,,,,,,,,,,,1,2,1,1,1
200700065584,0007-10-30 08:10:00,7,10,30,8,10,930,57,"ignore, BRIAND ( AV. ARI",,,Plein jour,En agglomération,Hors intersection,Normale,Deux véhicules - côté,,,,,,,,,,,1,2,1,1,3
200700065585,0007-10-31 10:10:00,7,10,31,10,10,930,57,"ignore, JAURES (AV. JEAN",,,Plein jour,En agglomération,Hors intersection,Normale,Autre collision,,,,,,,,,,,1,2,1,1,6
200700065586,0007-10-04 17:00:00,7,10,4,17,0,930,27,PRESOV (AVENUE DE),,,Plein jour,En agglomération,Hors intersection,Normale,Deux véhicules - côté,,,,,,,,,,,1,2,1,1,3
200700065587,0007-10-18 19:30:00,7,10,18,19,30,930,13,"00, JAURES (AVENUE JEAN)",,,Nuit avec éclairage allumé,En agglomération,Hors intersection,Normale,Deux véhicules - côté,,,,,,,,,,,5,2,1,1,3
200700065588,0007-10-01 17:45:00,7,10,1,17,45,930,30,", LARIVIERE (RUE LOUIS)",,,Plein jour,En agglomération,Hors intersection,Normale,Sans collision,,,,,,,,,,,1,2,1,1,7
200700065589,0007-10-05 14:00:00,7,10,5,14,0,930,27,"174, VAILLANT-COUTURIER",,,Plein jour,En agglomération,Hors intersection,Normale,Autre collision,,,,,,,,,,,1,2,1,1,6
200700065590,0007-10-08 15:20:00,7,10,8,15,20,930,27,JAURES (AVENUE JEAN),,,Plein jour,En agglomération,Hors intersection,Normale,Deux véhicules - côté,,,,,,,,,,,1,2,1,1,3
200700065591,0007-10-12 08:35:00,7,10,12,8,35,930,27,"7, HUGO (AVENUE VICTOR)",,,Plein jour,En agglomération,Hors intersection,Normale,Autre collision,,,,,,,,,,,1,2,1,1,6
200700065592,0007-10-13 19:20:00,7,10,13,19,20,930,27,"41, VAILLANT-COUTURIER (",,,Nuit avec éclairage non allumé,En agglomération,Hors intersection,Normale,Autre collision,,,,,,,,,,,4,2,1,1,6
200700065593,0007-10-14 16:20:00,7,10,14,16,20,930,27,"3, BRAQUE (PLACE GEORGES",,,Plein jour,En agglomération,Hors intersection,Normale,Autre collision,,,,,,,,,,,1,2,1,1,6
200700065594,0007-10-15 08:39:00,7,10,15,8,39,930,27,"66, PASTEUR (BOULEVARD)",,,Plein jour,En agglomération,Hors intersection,Normale,Autre collision,,,,,,,,,,,1,2,1,1,6
200700065595,0007-10-18 11:50:00,7,10,18,11,50,930,30,", DE GAULLE (AVENUE DU G",,,Plein jour,En agglomération,Hors intersection,Normale,Deux véhicules - arrière,,,,,,,,,,,1,2,1,1,2
200700065596,0007-10-18 12:31:00,7,10,18,12,31,930,27,"132, VAILLANT-COUTURIER",,,Plein jour,En agglomération,Intersection en X,Normale,Deux véhicules - côté,,,,,,,,,,,1,2,2,1,3
200700065597,0007-10-19 07:15:00,7,10,19,7,15,930,27,ROCHET (RUE WALDECK),,,Nuit avec éclairage allumé,En agglomération,Hors intersection,Normale,Autre collision,,,,,,,,,,,5,2,1,1,6
200700065598,0007-10-20 00:35:00,7,10,20,0,35,930,30,HUIT-MAI-1945 (AVENUE DU,,,Nuit avec éclairage allumé,En agglomération,Hors intersection,Normale,Deux véhicules - côté,,,,,,,,,,,5,2,1,1,3
200700065599,0007-10-29 16:20:00,7,10,29,16,20,930,27,"122, VAILLANT-COUTURIER",,,Plein jour,En agglomération,Hors intersection,Pluie forte,Deux véhicules - côté,,,,,,,,,,,1,2,1,3,3
200700065600,0007-10-05 13:10:00,7,10,5,13,10,930,29,"115, HENRI BARBUSSE (AVE",,,Plein jour,En agglomération,Hors intersection,Normale,Deux véhicules - côté,,,,,,,,,,,1,2,1,1,3
200700065601,0007-10-14 01:10:00,7,10,14,1,10,930,29,"05, STATION PROLONGEE (D",,,Nuit avec éclairage allumé,En agglomération,Hors intersection,Normale,Autre collision,,,,,,,,,,,5,2,1,1,6
200700065602,0007-10-14 17:30:00,7,10,14,17,30,930,29,"113, HENRI BARBUSSE (AVE",,,Plein jour,En agglomération,Hors intersection,Normale,Autre collision,,,,,,,,,,,1,2,1,1,6
200700065603,0007-10-25 16:45:00,7,10,25,16,45,930,29,"124, ANATOLE FRANCE",,,Plein jour,En agglomération,Hors intersection,Normale,Deux véhicules - côté,,,,,,,,,,,1,2,1,1,3
200700065604,0007-10-28 11:45:00,7,10,28,11,45,930,29,"68, FAIDHERBE N°",,,Plein jour,En agglomération,Intersection en X,Normale,Deux véhicules - côté,,,,,,,,,,,1,2,2,1,3
200700065605,0007-10-28 18:40:00,7,10,28,18,40,930,29,STATION (DE LA),,,Plein jour,En agglomération,Hors intersection,Normale,Deux véhicules - arrière,,,,,,,,,,,1,2,1,1,2
200700065606,0007-10-30 07:25:00,7,10,30,7,25,930,29,SADI CARNOT,,,Nuit avec éclairage allumé,En agglomération,Intersection en X,Pluie légère,Deux véhicules - côté,,,,,,,,,,,5,2,2,2,3
200700065607,0007-10-02 12:50:00,7,10,2,12,50,930,79,"133, SAINT LEU (ROUTE)",,,Plein jour,En agglomération,Hors intersection,Normale,Trois véhicules et plus - en chaîne,,,,,,,,,,,1,2,1,1,4
200700065608,0007-10-04 19:05:00,7,10,4,19,5,930,79,"0, SAINT LEU (ROUTE)",,,Nuit avec éclairage allumé,En agglomération,Hors intersection,Normale,Deux véhicules - côté,,,,,,,,,,,5,2,1,1,3
200700065609,0007-10-05 08:30:00,7,10,5,8,30,930,31,"57, ARGENTEUIL (ROUTE D'",,,Plein jour,En agglomération,Hors intersection,Normale,Deux véhicules - côté,,,,,,,,,,,1,2,1,1,3
200700065610,0007-10-05 15:50:00,7,10,5,15,50,930,31,"0, FOCH (BOULEVARD)",,,Plein jour,En agglomération,Intersection en T,Normale,Deux véhicules - côté,,,,,,,,,,,1,2,3,1,3
200700065611,0007-10-12 15:50:00,7,10,12,15,50,930,31,"16, REPUBLIQUE (AVENUE)",,,Plein jour,En agglomération,Hors intersection,Normale,Deux véhicules - arrière,,,,,,,,,,,1,2,1,1,2
200700065612,0007-10-16 10:50:00,7,10,16,10,50,930,79,"99, SAINT LEU (ROUTE)",,,Plein jour,En agglomération,Hors intersection,Normale,Deux véhicules - côté,,,,,,,,,,,1,2,1,1,3
200700065613,0007-10-18 19:25:00,7,10,18,19,25,930,31,"10, FOCH (BOULEVARD)",,,Nuit avec éclairage non allumé,En agglomération,Intersection en T,Normale,Deux véhicules - côté,,,,,,,,,,,4,2,3,1,3
200700065614,0007-10-26 18:40:00,7,10,26,18,40,930,31,"0, REPUBLIQUE (AVENUE)",,,Nuit avec éclairage allumé,En agglomération,Hors intersection,Normale,Autre collision,,,,,,,,,,,5,2,1,1,6
200700065615,0007-10-03 16:10:00,7,10,3,16,10,930,47,CLICHY (AVENUE DE),,,Plein jour,En agglomération,Hors intersection,Normale,Trois véhicules et plus - en chaîne,,,,,,,,,,,1,2,1,1,4
200700065616,0007-10-05 17:35:00,7,10,5,17,35,930,32,"29, MONTGUICHET  (CHEMIN",,,Plein jour,En agglomération,Hors intersection,Normale,Trois véhicules et plus - collisions multiples,,,,,,,,,,,1,2,1,1,5
200700065617,0007-10-10 22:40:00,7,10,10,22,40,930,32,"JULES GUESDES  (RUE,A PA",,,Nuit avec éclairage allumé,En agglomération,Intersection en X,Pluie forte,Sans collision,,,,,,,,,,,5,2,2,3,7
200700065618,0007-10-10 20:35:00,7,10,10,20,35,930,47,PASCAL  (AVENUE),,,Nuit avec éclairage allumé,En agglomération,Intersection en T,Normale,Deux véhicules - côté,,,,,,,,,,,5,2,3,1,3
200700065619,0007-10-11 20:15:00,7,10,11,20,15,930,32,"0, PAUL VAILLANT COUTURI",,,Nuit avec éclairage non allumé,En agglomération,Intersection en X,Normale,Deux véhicules - côté,,,,,,,,,,,4,2,2,1,3
200700065620,0007-10-14 01:20:00,7,10,14,1,20,930,47,JEAN JAURES (AVENUE),,,Nuit avec éclairage allumé,En agglomération,Intersection à plus de 4 branches,Normale,Deux véhicules - côté,,,,,,,,,,,5,2,5,1,3
200700065621,0007-10-15 20:05:00,7,10,15,20,5,930,47,"31, HARDY  (BOULEVARD)",,,Nuit avec éclairage non allumé,En agglomération,Hors intersection,Normale,Trois véhicules et plus - collisions multiples,,,,,,,,,,,4,2,1,1,5