accident_id,datetime,annee,mois,jour,heure,minute,departement,commune_insee,adresse,latitude,longitude,luminosite,agglomeration,intersection,meteo,collision,nb_vehicules,nb_usagers,nb_indemnes,nb_tues,nb_blesses_hosp,nb_blesses_legers,age_cond_1,age_cond_2,veh_type_cond_1,veh_type_cond_2,lum_code,agg_code,int_code,atm_code,col_code
200700065622,0007-10-16 12:15:00,7,10,16,12,15,930,47,"109, DANIEL PERDRIGE  (A",,,Plein jour,En agglomération,Hors intersection,Normale,Deux véhicules - côté,,,,,,,,,,,1,2,1,1,3
200700065623,0007-10-16 16:35:00,7,10,16,16,35,930,47,"141, EUROPE (BOULEVARD D",,,Plein jour,En agglomération,Hors intersection,Normale,Autre collision,,,,,,,,,,,1,2,1,1,6
200700065624,0007-10-22 00:40:00,7,10,22,0,40,930,32,"50, DHUYS   (ALLEE DE LA",,,Nuit avec éclairage allumé,En agglomération,Hors intersection,Normale,Autre collision,,,,,,,,,,,5,2,1,1,6
200700065625,0007-10-24 20:00:00,7,10,24,20,0,930,32,"126, HIPPOLYTE  PINA  (R",,,Nuit sans éclairage public,En agglomération,Hors intersection,Normale,Deux véhicules - côté,,,,,,,,,,,3,2,1,1,3
200700065626,0007-10-22 21:00:00,7,10,22,21,0,930,47,"116, SCIENCES   (AVENUE",,,Nuit avec éclairage allumé,En agglomération,Intersection en T,Normale,Deux véhicules - frontale,,,,,,,,,,,5,2,3,1,1
200700065627,0007-10-28 15:35:00,7,10,28,15,35,930,47,PICASSO  (AVENUE),,,Plein jour,En agglomération,Intersection en X,Normale,Deux véhicules - côté,,,,,,,,,,,1,2,2,1,3
200700065628,0007-10-28 16:40:00,7,10,28,16,40,930,47,DENIS PAPIN  (AVENUE),,,Plein jour,En agglomération,Intersection en X,Normale,Deux véhicules - côté,,,,,,,,,,,1,2,2,1,3
200700065629,0007-10-29 06:20:00,7,10,29,6,20,930,47,CLICHY (AVENUE DE),,,Nuit avec éclairage non allumé,En agglomération,Intersection en Y,Pluie forte,Deux véhicules - frontale,,,,,,,,,,,4,2,4,3,1
200700065630,0007-10-01 10:40:00,7,10,1,10,40,930,6,"sans objet, GAL LECLERC",,,Plein jour,En agglomération,Hors intersection,Temps couvert,Autre collision,,,,,,,,,,,1,2,1,8,6
200700065631,0007-10-01 17:05:00,7,10,1,17,5,930,6,"103, STALINGRAD AV.",,,Plein jour,En agglomération,Hors intersection,Normale,Deux véhicules - côté,,,,,,,,,,,1,2,1,1,3
200700065632,0007-10-01 20:15:00,7,10,1,20,15,930,45,"73, PARIS RUE DE",,,Nuit avec éclairage allumé,En agglomération,Hors intersection,Pluie légère,Deux véhicules - arrière,,,,,,,,,,,5,2,1,2,2
200700065633,0007-10-12 12:25:00,7,10,12,12,25,930,63,"2, VAILLANT-COUTURIER AV",,,Plein jour,En agglomération,Hors intersection,Normale,Autre collision,,,,,,,,,,,1,2,1,1,6
200700065634,0007-10-12 21:18:00,7,10,12,21,18,930,61,"76, JOINEAU ANDRE RUE",,,Nuit avec éclairage allumé,En agglomération,Intersection en T,Pluie légère,Trois véhicules et plus - en chaîne,,,,,,,,,,,5,2,3,2,4
200700065635,0007-10-13 20:45:00,7,10,13,20,45,930,6,"sans objet, STALINGRAD A",,,Nuit avec éclairage allumé,En agglomération,Intersection en X,Normale,Deux véhicules - côté,,,,,,,,,,,5,2,2,1,3
200700065636,0007-10-16 22:50:00,7,10,16,22,50,930,6,CARNOT RUE SADI,,,Nuit avec éclairage allumé,En agglomération,Intersection en X,Normale,Deux véhicules - côté,,,,,,,,,,,5,2,2,1,3
200700065637,0007-10-17 08:05:00,7,10,17,8,5,930,6,"89, REPUBLIQUE AVENUE DE",,,Crépuscule ou aube,En agglomération,Intersection en X,Pluie légère,Autre collision,,,,,,,,,,,2,2,2,2,6
200700065638,0007-10-18 21:00:00,7,10,18,21,0,930,6,"sans objet, STALINGRAD A",,,Nuit avec éclairage allumé,En agglomération,Intersection en T,Normale,Deux véhicules - côté,,,,,,,,,,,5,2,3,1,3
200700065639,0007-10-22 12:00:00,7,10,22,12,0,930,45,"188, PARIS RUE DE",,,Plein jour,En agglomération,Giratoire,Normale,Deux véhicules - frontale,,,,,,,,,,,1,2,6,1,1
200700065640,0007-10-31 17:15:00,7,10,31,17,15,930,63,"53, VERDUN AVENUE DE",,,Crépuscule ou aube,En agglomération,Place,Normale,Autre collision,,,,,,,,,,,2,2,7,1,6
200700065641,0007-10-31 23:00:00,7,10,31,23,0,930,61,VAILLANT AVENUE EDOUARD,,,Nuit avec éclairage allumé,En agglomération,Giratoire,Normale,Autre collision,,,,,,,,,,,5,2,6,1,6
200700065642,0007-10-06 17:15:00,7,10,6,17,15,930,46,EST ALLEE DE L',,,Plein jour,En agglomération,Hors intersection,Normale,Deux véhicules - frontale,,,,,,,,,,,1,2,1,1,1
200700065643,0007-10-07 16:00:00,7,10,7,16,0,930,46,"24, WINSTON CHURCHILL AV",,,Plein jour,En agglomération,Hors intersection,Normale,Deux véhicules - côté,,,,,,,,,,,1,2,1,1,3
200700065644,0007-10-08 07:45:00,7,10,8,7,45,930,46,EUROPE BOULEVARD DE L',,,Plein jour,Hors agglomération,Hors intersection,Normale,Sans collision,,,,,,,,,,,1,1,1,1,7
200700065645,0007-10-08 19:35:00,7,10,8,19,35,930,74,BOUCHER RUE ALEXANDRE,,,Nuit avec éclairage allumé,En agglomération,Intersection à plus de 4 branches,Normale,Deux véhicules - côté,,,,,,,,,,,5,2,5,1,3
200700065646,0007-10-09 14:00:00,7,10,9,14,0,930,74,RN 3,,,Plein jour,En agglomération,Hors intersection,Normale,Autre collision,,,,,,,,,,,1,2,1,1,6
200700065647,0007-10-09 16:15:00,7,10,9,16,15,930,46,BOSQUETS ROND POINT DES,,,Plein jour,En agglomération,Giratoire,Temps couvert,Sans collision,,,,,,,,,,,1,2,6,8,7
200700065648,0007-10-10 16:45:00,7,10,10,16,45,930,46,MAURICE BERTHEAUX ALLEE,,,Plein jour,En agglomération,Hors intersection,Normale,Autre collision,,,,,,,,,,,1,2,1,1,6
200700065649,0007-10-09 18:15:00,7,10,9,18,15,930,46,"4, WINSTON CHURCHILL AVE",,,Crépuscule ou aube,En agglomération,Intersection en X,Temps couvert,Autre collision,,,,,,,,,,,2,2,2,8,6
200700065650,0007-10-12 20:45:00,7,10,12,20,45,930,46,"61, MARCEL SEMBAT AVENUE",,,Nuit avec éclairage allumé,En agglomération,Intersection en X,Normale,Autre collision,,,,,,,,,,,5,2,2,1,6
200700065651,0007-10-14 16:30:00,7,10,14,16,30,930,46,REPUBLIQUE AVENUE DE LA,,,Plein jour,En agglomération,Hors intersection,Normale,Autre collision,,,,,,,,,,,1,2,1,1,6
200700065652,0007-10-18 07:35:00,7,10,18,7,35,930,46,"4, KENNEDY AVENUE DU PRE",,,Crépuscule ou aube,En agglomération,Intersection en X,Normale,Autre collision,,,,,,,,,,,2,2,2,1,6
200700065653,0007-10-18 08:45:00,7,10,18,8,45,930,46,", JEAN JAURES BOULEVARD",,,Plein jour,En agglomération,Intersection en X,Normale,Deux véhicules - frontale,,,,,,,,,,,1,2,2,1,1
200700065654,0007-10-18 11:30:00,7,10,18,11,30,930,46,ARISTIDE BRIAND AVENUE,,,Plein jour,En agglomération,Intersection en X,Normale,Deux véhicules - côté,,,,,,,,,,,1,2,2,1,3
200700065655,0007-10-20 17:00:00,7,10,20,17,0,930,46,ARISTIDE BRIAND AVENUE,,,Plein jour,En agglomération,Intersection en T,Normale,Deux véhicules - frontale,,,,,,,,,,,1,2,3,1,1
200700065656,0007-10-22 15:35:00,7,10,22,15,35,930,46,"35, CESAR COLLAVERI AVEN",,,Plein jour,En agglomération,Hors intersection,Normale,Sans collision,,,,,,,,,,,1,2,1,1,7
200700065657,0007-10-23 20:00:00,7,10,23,20,0,930,46,"23, MONTGOLFIER AVENUE",,,Nuit avec éclairage allumé,En agglomération,Hors intersection,Normale,Sans collision,,,,,,,,,,,5,2,1,1,7
200700065658,0007-10-30 05:20:00,7,10,30,5,20,930,46,"14, ROGER SALENGRO BOULE",,,Nuit avec éclairage allumé,En agglomération,Hors intersection,Normale,Deux véhicules - frontale,,,,,,,,,,,5,2,1,1,1
200700065659,0007-10-30 19:10:00,7,10,30,19,10,930,74,"32, ILE DE FRANCE RUE DE",,,Nuit avec éclairage allumé,En agglomération,Intersection en T,Temps couvert,Deux véhicules - côté,,,,,,,,,,,5,2,3,8,3
200700065660,0007-10-31 16:30:00,7,10,31,16,30,930,46,"17, ROBERT SCHUMANN BOUL",,,Plein jour,En agglomération,Hors intersection,Normale,Deux véhicules - frontale,,,,,,,,,,,1,2,1,1,1
200700065661,0007-10-02 19:20:00,7,10,2,19,20,930,48,"1, RAPATEL (RUE)",,,Nuit avec éclairage allumé,En agglomération,Intersection en X,Pluie légère,Deux véhicules - côté,,,,,,,,,,,5,2,2,2,3
200700065662,0007-10-09 19:48:00,7,10,9,19,48,930,48,"1, EPERNONS (RUE DES)",,,Nuit avec éclairage allumé,En agglomération,Intersection en X,Pluie légère,Autre collision,,,,,,,,,,,5,2,2,2,6
200700065663,0007-10-10 18:35:00,7,10,10,18,35,930,48,"1, PASTEUR S2  (AVENUE)",,,Plein jour,En agglomération,Intersection en X,Temps couvert,Deux véhicules - côté,,,,,,,,,,,1,2,2,8,3
200700065664,0007-10-11 14:45:00,7,10,11,14,45,930,48,"1, PARIS (RUE DE)",,,Plein jour,En agglomération,Intersection en X,Normale,Deux véhicules - côté,,,,,,,,,,,1,2,2,1,3
200700065665,0007-10-15 08:35:00,7,10,15,8,35,930,48,"1, ROSNY (RUE DE)",,,Plein jour,En agglomération,Intersection en X,Normale,Deux véhicules - côté,,,,,,,,,,,1,2,2,1,3
200700065666,0007-10-16 14:45:00,7,10,16,14,45,930,48,"251, BOISSIERE (BOULEVAR",,,Plein jour,En agglomération,Hors intersection,Normale,Sans collision,,,,,,,,,,,1,2,1,1,7
200700065667,0007-10-16 20:25:00,7,10,16,20,25,930,48,"199, THEOPHILE SUEUR (BO",,,Nuit avec éclairage allumé,En agglomération,Hors intersection,Normale,Deux véhicules - côté,,,,,,,,,,,5,2,1,1,3
200700065668,0007-10-18 10:00:00,7,10,18,10,0,930,48,"24, GASTON LAURIAU (RUE)",,,Plein jour,En agglomération,Intersection en T,Normale,Deux véhicules - côté,,,,,,,,,,,1,2,3,1,3
200700065669,0007-10-19 16:00:00,7,10,19,16,0,930,48,"1, GAMBETTA (RUE)",,,Plein jour,En agglomération,Intersection en X,Normale,Deux véhicules - côté,,,,,,,,,,,1,2,2,1,3
200700065670,0007-10-20 21:30:00,7,10,20,21,30,930,48,"18, LAGNY (RUE DE)",,,Nuit avec éclairage allumé,En agglomération,Hors intersection,Normale,Autre collision,,,,,,,,,,,5,2,1,1,6
200700065671,0007-10-24 08:15:00,7,10,24,8,15,930,48,STALINGRAD (RUE DE),,,Plein jour,En agglomération,Intersection en X,Normale,Deux véhicules - côté,,,,,,,,,,,1,2,2,1,3
200700065672,0007-10-27 18:15:00,7,10,27,18,15,930,48,"105, PARIS (RUE DE)",,,Plein jour,En agglomération,Hors intersection,Normale,Autre collision,,,,,,,,,,,1,2,1,1,6
200700065673,0007-10-29 19:00:00,7,10,29,19,0,930,48,"1, JACQUES DUCLOS (RUE)",,,Nuit avec éclairage allumé,En agglomération,Hors intersection,Pluie légère,Autre collision,,,,,,,,,,,5,2,1,2,6
200700065674,0007-10-01 11:20:00,7,10,1,11,20,930,50,RESISTANCE (PLACE),,,Plein jour,En agglomération,Intersection en X,Normale,Deux véhicules - côté,,,,,,,,,,,1,2,2,1,3
200700065675,0007-10-03 15:10:00,7,10,3,15,10,930,50,LEON BLUM (AVENUE),,,Plein jour,En agglomération,Hors intersection,Normale,Autre collision,,,,,,,,,,,1,2,1,1,6
200700065676,0007-10-04 07:15:00,7,10,4,7,15,930,50,REPUBLIQUE (BOULEVARD),,,Crépuscule ou aube,En agglomération,Hors intersection,Normale,Autre collision,,,,,,,,,,,2,2,1,1,6
200700065677,0007-10-06 14:20:00,7,10,6,14,20,930,49,"119, MARECHAL FOCH (AVEN",,,Plein jour,En agglomération,Hors intersection,Normale,Deux véhicules - arrière,,,,,,,,,,,1,2,1,1,2
200700065678,0007-10-08 20:35:00,7,10,8,20,35,930,50,"63, PAUL DOUMER (RUE)",,,Nuit avec éclairage allumé,En agglomération,Hors intersection,Normale,Autre collision,,,,,,,,,,,5,2,1,1,6
200700065679,0007-10-17 08:15:00,7,10,17,8,15,930,49,"81, MARECHAL FOCH (AVENU",,,Crépuscule ou aube,En agglomération,Hors intersection,Pluie légère,Autre collision,,,,,,,,,,,2,2,1,2,6
200700065680,0007-10-26 16:15:00,7,10,26,16,15,930,50,"460, HUIT MAI 1945",,,Plein jour,En agglomération,Hors intersection,Normale,Trois véhicules et plus - collisions multiples,,,,,,,,,,,1,2,1,1,5
200700065681,0007-10-29 19:10:00,7,10,29,19,10,930,50,MARX DORMOY (RUE),,,Nuit avec éclairage allumé,En agglomération,Hors intersection,Pluie légère,Autre collision,,,,,,,,,,,5,2,1,2,6
200700065682,0007-10-03 10:35:00,7,10,3,10,35,930,51,"02, REPUBLIQUE",,,Plein jour,En agglomération,Intersection en T,Normale,Autre collision,,,,,,,,,,,1,2,3,1,6
200700065683,0007-10-08 16:30:00,7,10,8,16,30,930,51,"23, MONT D'EST (BD)",,,Plein jour,En agglomération,Hors intersection,Normale,Deux véhicules - arrière,,,,,,,,,,,1,2,1,1,2
200700065684,0007-10-17 11:40:00,7,10,17,11,40,930,51,ARISTIDE BRIAND (AVENUE),,,Plein jour,En agglomération,Intersection en T,Normale,Autre collision,,,,,,,,,,,1,2,3,1,6
200700065685,0007-10-27 17:35:00,7,10,27,17,35,930,51,NEUILLY  (AVE),,,Plein jour,En agglomération,Hors intersection,Temps couvert,Deux véhicules - côté,,,,,,,,,,,1,2,1,8,3
200700065686,0007-10-03 14:50:00,7,10,3,14,50,930,53,"01, ELSA TRIOLET (RUE)",,,Plein jour,En agglomération,Hors intersection,Normale,Autre collision,,,,,,,,,,,1,2,1,1,6
200700065687,0007-10-06 09:10:00,7,10,6,9,10,930,53,ANATOLE FRANCE (RUE),,,Plein jour,En agglomération,Hors intersection,Normale,Deux véhicules - côté,,,,,,,,,,,1,2,1,1,3
200700065688,0007-10-15 17:10:00,7,10,15,17,10,930,53,JEAN JAURES (RUE),,,Plein jour,En agglomération,Hors intersection,Normale,Deux véhicules - côté,,,,,,,,,,,1,2,1,1,3
200700065689,0007-10-16 07:50:00,7,10,16,7,50,930,53,"86-80, ROSNY (AVENUE DE)",,,Plein jour,En agglomération,Hors intersection,Normale,Autre collision,,,,,,,,,,,1,2,1,1,6
200700065690,0007-10-18 15:15:00,7,10,18,15,15,930,53,"72, MICHELET (BLD) N° 2",,,Plein jour,En agglomération,Intersection en X,Normale,Autre collision,,,,,,,,,,,1,2,2,1,6
200700065691,0007-10-19 12:05:00,7,10,19,12,5,930,53,"54, REPUBLIQUE (BLD DE L",,,Plein jour,En agglomération,Intersection en T,Normale,Deux véhicules - côté,,,,,,,,,,,1,2,3,1,3
200700065692,0007-10-29 21:00:00,7,10,29,21,0,930,53,VAILLANT COUTURIER (RUE),,,Nuit avec éclairage allumé,En agglomération,Intersection en X,Pluie légère,Deux véhicules - frontale,,,,,,,,,,,5,2,2,2,1
200700065693,0007-10-30 17:30:00,7,10,30,17,30,930,53,"9999999999, PIERRE KERAU",,,Crépuscule ou aube,En agglomération,Intersection en T,Normale,Deux véhicules - côté,,,,,,,,,,,2,2,3,1,3
200700065694,0007-10-01 07:40:00,7,10,1,7,40,930,55,DIVISION LECLERC (AVE DE,,,Plein jour,En agglomération,Intersection en T,Temps couvert,Deux véhicules - côté,,,,,,,,,,,1,2,3,8,3
200700065695,0007-10-07 21:40:00,7,10,7,21,40,930,55,"110 BIS, GENERAL LECLERC",,,Nuit avec éclairage allumé,En agglomération,Hors intersection,Normale,Deux véhicules - côté,,,,,,,,,,,5,2,1,1,3
200700065696,0007-10-10 16:50:00,7,10,10,16,50,930,55,"23, ANATOLE FRANCE (AVEN",,,Plein jour,En agglomération,Hors intersection,Normale,Autre collision,,,,,,,,,,,1,2,1,1,6
200700065697,0007-10-13 18:00:00,7,10,13,18,0,930,55,COURTILLIERES(PARC),,,Plein jour,En agglomération,Hors intersection,Normale,Autre collision,,,,,,,,,,,1,2,1,1,6
200700065698,0007-10-16 18:50:00,7,10,16,18,50,930,55,"22, GABRIELLE JOSSERAND",,,Plein jour,En agglomération,Intersection en X,Normale,Autre collision,,,,,,,,,,,1,2,2,1,6
200700065699,0007-10-22 14:25:00,7,10,22,14,25,930,55,JEAN JAURES (AVENUE) (76,,,Plein jour,En agglomération,Hors intersection,Normale,Deux véhicules - côté,,,,,,,,,,,1,2,1,1,3
200700065700,0007-10-23 13:00:00,7,10,23,13,0,930,55,"24, ONZE NOVEMBRE 1918 (",,,Plein jour,En agglomération,Hors intersection,Normale,Autre collision,,,,,,,,,,,1,2,1,1,6
200700065701,0007-10-25 06:15:00,7,10,25,6,15,930,55,", REPUBLIQUE (AVENUE DE",,,Nuit avec éclairage allumé,En agglomération,Hors intersection,Normale,Deux véhicules - arrière,,,,,,,,,,,5,2,1,1,2
200700065702,0007-10-05 19:05:00,7,10,5,19,5,930,14,"15, COUBRON (ALLEE DE)",,,Nuit avec éclairage allumé,En agglomération,Intersection en Y,Normale,Deux véhicules - arrière,,,,,,,,,,,5,2,4,1,2
200700065703,0007-10-18 23:20:00,7,10,18,23,20,930,14,"1, VEUVE LINDET GIRARD (",,,Nuit avec éclairage allumé,En agglomération,Intersection en T,Normale,Deux véhicules - côté,,,,,,,,,,,5,2,3,1,3
200700065704,0007-10-20 00:40:00,7,10,20,0,40,930,14,VEUVE LINDET GIRARD (ALL,,,Nuit avec éclairage allumé,En agglomération,Hors intersection,Normale,Deux véhicules - côté,,,,,,,,,,,5,2,1,1,3
200700065705,0007-10-22 16:35:00,7,10,22,16,35,930,62,", LIVRY (AVENUE DE)",,,Plein jour,En agglomération,Intersection en X,Normale,Deux véhicules - côté,,,,,,,,,,,1,2,2,1,3
200700065706,0007-10-23 18:00:00,7,10,23,18,0,930,62,"1, NORD (BOULEVARD DU)",,,Plein jour,En agglomération,Hors intersection,Normale,Autre collision,,,,,,,,,,,1,2,1,1,6
200700065707,0007-10-26 20:10:00,7,10,26,20,10,930,62,RESISTANCE (AVENUE DE LA,,,Nuit avec éclairage allumé,En agglomération,Autre intersection,Normale,Deux véhicules - côté,,,,,,,,,,,5,2,9,1,3
200700065708,0007-10-29 12:30:00,7,10,29,12,30,930,14,", MAURICE AUDIN (ALLEE)",,,Plein jour,En agglomération,Intersection en T,Pluie légère,Deux véhicules - côté,,,,,,,,,,,1,2,3,2,3
200700065709,0007-10-03 12:15:00,7,10,3,12,15,930,77,"00, RAINCY (AVENUE DU)",,,Plein jour,En agglomération,Hors intersection,Normale,Deux véhicules - côté,,,,,,,,,,,1,2,1,1,3
200700065710,0007-10-15 08:30:00,7,10,15,8,30,930,77,"00, MONTAGNE SAVART (RUE",,,Plein jour,En agglomération,Intersection en X,Normale,Deux véhicules - côté,,,,,,,,,,,1,2,2,1,3
200700065711,0007-10-19 19:58:00,7,10,19,19,58,930,64,"00, LAENNEC (RUE)",,,Crépuscule ou aube,En agglomération,Intersection en T,Normale,Autre collision,,,,,,,,,,,2,2,3,1,6
200700065712,0007-10-21 09:00:00,7,10,21,9,0,930,64,"56, REPUBLIQUE (AVENUE D",,,Plein jour,En agglomération,Hors intersection,Normale,Sans collision,,,,,,,,,,,1,2,1,1,7
200700065713,0007-10-16 23:45:00,7,10,16,23,45,930,77,"00, FOSSE AUX BERGERS (R",,,Nuit avec éclairage allumé,En agglomération,Intersection en X,Normale,Deux véhicules - frontale,,,,,,,,,,,5,2,2,1,1
200700065714,0007-10-21 00:10:00,7,10,21,0,10,930,64,"00, DE GAULLE (AV DU GEN",,,Nuit avec éclairage allumé,En agglomération,Hors intersection,Normale,Deux véhicules - côté,,,,,,,,,,,5,2,1,1,3
200700065715,0007-10-22 11:45:00,7,10,22,11,45,930,77,"40, FOSSE AUX BERGERS (R",,,Plein jour,En agglomération,Hors intersection,Normale,Sans collision,,,,,,,,,,,1,2,1,1,7
200700065716,0007-10-24 14:15:00,7,10,24,14,15,930,77,"00, DUNANT (AVENUE HENRY",,,Plein jour,En agglomération,Hors intersection,Normale,Deux véhicules - arrière,,,,,,,,,,,1,2,1,1,2
200700065717,0007-10-28 17:00:00,7,10,28,17,0,930,64,"00, BLUM (RUE LEON)",,,Plein jour,En agglomération,Hors intersection,Normale,Sans collision,,,,,,,,,,,1,2,1,1,7
200700065718,0007-10-31 12:40:00,7,10,31,12,40,930,64,"22, REPUBLIQUE (AVENUE D",,,Plein jour,En agglomération,Hors intersection,Normale,Deux véhicules - côté,,,,,,,,,,,1,2,1,1,3
200700065719,0007-10-02 22:55:00,7,10,2,22,55,930,66,DELAUNAY JULES,,,Nuit avec éclairage allumé,En agglomération,Hors intersection,Pluie légère,Sans collision,,,,,,,,,,,5,2,1,2,7
200700065720,0007-10-06 11:30:00,7,10,6,11,30,930,66,"31, FRANCE ANATOLE ENTRE",,,Plein jour,En agglomération,Hors intersection,Normale,Deux véhicules - arrière,,,,,,,,,,,1,2,1,1,2
200700065721,0007-10-12 14:10:00,7,10,12,14,10,930,66,LIBERATION RD14 (BOULEVA,,,Plein jour,En agglomération,Hors intersection,Normale,Deux véhicules - côté,,,,,,,,,,,1,2,1,1,3
200700065722,0007-10-16 13:55:00,7,10,16,13,55,930,66,LIBERATION RD14 (BOULEVA,,,Plein jour,En agglomération,Intersection en T,Normale,Autre collision,,,,,,,,,,,1,2,3,1,6
200700065723,0007-10-18 20:10:00,7,10,18,20,10,930,66,STADE DE FRANCE (AVENUE,,,Nuit avec éclairage allumé,En agglomération,Intersection en T,Normale,Autre collision,,,,,,,,,,,5,2,3,1,6
200700065724,0007-10-20 20:50:00,7,10,20,20,50,930,66,GENERAL DE GAULLE,,,Nuit avec éclairage allumé,Hors agglomération,Hors intersection,Autre,Autre collision,,,,,,,,,,,5,1,1,9,6
200700065725,0007-10-25 07:20:00,7,10,25,7,20,930,66,METALLURGIE (AVENUE),,,Nuit avec éclairage allumé,En agglomération,Intersection en X,Normale,Deux véhicules - côté,,,,,,,,,,,5,2,2,1,3
200700065726,0007-10-28 14:10:00,7,10,28,14,10,930,66,"8, PROUDHON",,,Plein jour,En agglomération,Hors intersection,Normale,Autre collision,,,,,,,,,,,1,2,1,1,6
200700065727,0007-10-02 09:20:00,7,10,2,9,20,930,66,STADE DE FRANCE (AVENUE,,,Plein jour,En agglomération,Hors intersection,Pluie légère,Autre collision,,,,,,,,,,,1,2,1,2,6
200700065728,0007-10-06 00:50:00,7,10,6,0,50,930,66,SAINT REMY (AVENUE),,,Nuit avec éclairage allumé,En agglomération,Hors intersection,Normale,Autre collision,,,,,,,,,,,5,2,1,1,6
200700065729,0007-10-06 12:30:00,7,10,6,12,30,930,66,DIX NEUF MARS 1962,,,Plein jour,En agglomération,Intersection en X,Normale,Autre collision,,,,,,,,,,,1,2,2,1,6
200700065730,0007-10-07 19:10:00,7,10,7,19,10,930,66,"54, CASANOVA DANIELLE NR",,,Plein jour,En agglomération,Place,Normale,Autre collision,,,,,,,,,,,1,2,7,1,6
200700065731,0007-10-09 14:10:00,7,10,9,14,10,930,66,LENINE (AVENUE) NR 2 A 2,,,Plein jour,En agglomération,Hors intersection,Normale,Trois véhicules et plus - en chaîne,,,,,,,,,,,1,2,1,1,4
200700065732,0007-10-09 19:35:00,7,10,9,19,35,930,39,MARINE (QUAI DE LA ),,,Nuit sans éclairage public,En agglomération,Hors intersection,Pluie légère,Deux véhicules - côté,,,,,,,,,,,3,2,1,2,3
200700065733,0007-10-11 17:45:00,7,10,11,17,45,930,66,CROISAT AMBROISE RD 29 B,,,Plein jour,En agglomération,Hors intersection,Normale,Deux véhicules - côté,,,,,,,,,,,1,2,1,1,3
200700065734,0007-10-11 21:35:00,7,10,11,21,35,930,66,JOLIOT CURIE IRENE ET FR,,,Nuit avec éclairage allumé,En agglomération,Hors intersection,Normale,Sans collision,,,,,,,,,,,5,2,1,1,7
200700065735,0007-10-13 20:30:00,7,10,13,20,30,930,66,ELUARD PAUL NR 2 A 36 ET,,,Nuit avec éclairage allumé,En agglomération,Intersection en X,Normale,Sans collision,,,,,,,,,,,5,2,2,1,7
200700065736,0007-10-14 12:45:00,7,10,14,12,45,930,66,"""PERI GABRIEL, NR 2  A 1",,,Plein jour,En agglomération,Intersection en T,Normale,Deux véhicules - côté,,,,,,,,,,,1,2,3,1,3
200700065737,0007-10-14 16:00:00,7,10,14,16,0,930,66,"19, LENINE (AVENUE) NR 2",,,Plein jour,En agglomération,Hors intersection,Normale,Deux véhicules - arrière,,,,,,,,,,,1,2,1,1,2
200700065738,0007-10-17 19:35:00,7,10,17,19,35,930,66,"3, VEDRINES JULES",,,Nuit avec éclairage allumé,En agglomération,Hors intersection,Normale,Autre collision,,,,,,,,,,,5,2,1,1,6
200700065739,0007-10-18 18:18:00,7,10,18,18,18,930,39,MECHIN,,,Plein jour,En agglomération,Intersection en T,Normale,Deux véhicules - côté,,,,,,,,,,,1,2,3,1,3
200700065740,0007-10-19 12:30:00,7,10,19,12,30,930,66,"45, LIBERATION RD14 (BOU",,,Plein jour,En agglomération,Hors intersection,Normale,Deux véhicules - arrière,,,,,,,,,,,1,2,1,1,2
200700065741,0007-10-21 15:45:00,7,10,21,15,45,930,39,SEINE (QUAI DE ),,,Plein jour,En agglomération,Hors intersection,Normale,Autre collision,,,,,,,,,,,1,2,1,1,6
200700065742,0007-10-27 16:50:00,7,10,27,16,50,930,66,PARIS (PORTE),,,Plein jour,En agglomération,Hors intersection,Normale,Autre collision,,,,,,,,,,,1,2,1,1,6
200700065743,0007-10-29 15:40:00,7,10,29,15,40,930,66,VAILLANT COUTURIER PAUL,,,Plein jour,En agglomération,Giratoire,Pluie légère,Deux véhicules - arrière,,,,,,,,,,,1,2,6,2,2
200700065744,0007-10-31 23:45:00,7,10,31,23,45,930,66,"51, ""SEMBAT MARCEL (BD),",,,Nuit avec éclairage allumé,En agglomération,Intersection en X,Normale,Deux véhicules - frontale,,,,,,,,,,,5,2,2,1,1
200700065745,0007-10-01 14:20:00,7,10,1,14,20,930,70,"122, MICHELET(AV):N°1AU",,,Plein jour,En agglomération,Intersection en T,Temps couvert,Deux véhicules - frontale,,,,,,,,,,,1,2,3,8,1
200700065746,0007-10-03 08:40:00,7,10,3,8,40,930,70,"16, GABRIEL-PERI (AV)",,,Plein jour,En agglomération,Intersection en T,Normale,Autre collision,,,,,,,,,,,1,2,3,1,6
200700065747,0007-10-06 19:30:00,7,10,6,19,30,930,70,", JEAN-JAURES (PL)",,,Nuit avec éclairage allumé,En agglomération,Intersection en X,Normale,Deux véhicules - côté,,,,,,,,,,,5,2,2,1,3
200700065748,0007-10-16 10:25:00,7,10,16,10,25,930,70,"146, GABRIEL-PERI (AV)",,,Plein jour,En agglomération,Hors intersection,Normale,Autre collision,,,,,,,,,,,1,2,1,1,6
200700065749,0007-10-19 13:25:00,7,10,19,13,25,930,70,"50, ARDOIN(RUE)",,,Plein jour,En agglomération,Hors intersection,Normale,Deux véhicules - frontale,,,,,,,,,,,1,2,1,1,1
200700065750,0007-10-20 17:40:00,7,10,20,17,40,930,70,"30, VICTOR-HUGO (BD)",,,Plein jour,En agglomération,Hors intersection,Normale,Trois véhicules et plus - collisions multiples,,,,,,,,,,,1,2,1,1,5
200700065751,0007-10-23 18:40:00,7,10,23,18,40,930,70,"137, GABRIEL-PERI (AV)",,,Plein jour,En agglomération,Hors intersection,Normale,Autre collision,,,,,,,,,,,1,2,1,1,6
200700065752,0007-10-30 07:45:00,7,10,30,7,45,930,70,"25/33, MICHELET (AVE) :",,,Plein jour,En agglomération,Hors intersection,Normale,Deux véhicules - côté,,,,,,,,,,,1,2,1,1,3