accident_id,datetime,annee,mois,jour,heure,minute,departement,commune_insee,adresse,latitude,longitude,luminosite,agglomeration,intersection,meteo,collision,nb_vehicules,nb_usagers,nb_indemnes,nb_tues,nb_blesses_hosp,nb_blesses_legers,age_cond_1,age_cond_2,veh_type_cond_1,veh_type_cond_2,lum_code,agg_code,int_code,atm_code,col_code
200700065753,0007-10-31 10:20:00,7,10,31,10,20,930,70,ALBERT-DHALENNE (RUE),,,Plein jour,En agglomération,Intersection en X,Normale,Autre collision,,,,,,,,,,,1,2,2,1,6
200700065754,0007-10-02 19:15:00,7,10,2,19,15,930,71,"NEANT, LEON JOUHAUX (AVE",,,Nuit avec éclairage allumé,En agglomération,Hors intersection,Pluie légère,Autre collision,,,,,,,,,,,5,2,1,2,6
200700065755,0007-10-05 09:10:00,7,10,5,9,10,930,71,PAUL FORT (ALLEE),,,Plein jour,En agglomération,Autre intersection,Normale,Autre collision,,,,,,,,,,,1,2,9,1,6
200700065756,0007-10-18 17:00:00,7,10,18,17,0,930,71,LEON JOUHAUX (AVENUE),,,Plein jour,En agglomération,Giratoire,Normale,Deux véhicules - frontale,,,,,,,,,,,1,2,6,1,1
200700065757,0007-10-31 11:35:00,7,10,31,11,35,930,71,"NEANT, MARNE (RUE DE LA)",,,Plein jour,En agglomération,Intersection en X,Normale,Deux véhicules - côté,,,,,,,,,,,1,2,2,1,3
200700065758,0007-10-22 19:00:00,7,10,22,19,0,930,72,"70, AMIENS (RUE D') COTE",,,Crépuscule ou aube,En agglomération,Intersection en T,Normale,Deux véhicules - côté,,,,,,,,,,,2,2,3,1,3
200700065759,0007-10-22 12:20:00,7,10,22,12,20,930,59,"164, ELYSEE RECLUS (AVEN",,,Plein jour,En agglomération,Intersection en T,Normale,Trois véhicules et plus - en chaîne,,,,,,,,,,,1,2,3,1,4
200700065760,0007-10-13 18:15:00,7,10,13,18,15,930,72,"99, JEAN JAURES (IMPASSE",,,Plein jour,En agglomération,Hors intersection,Normale,Deux véhicules - arrière,,,,,,,,,,,1,2,1,1,2
200700065761,0007-10-07 14:45:00,7,10,7,14,45,930,72,"103, MAXIME GORKI (BOULE",,,Plein jour,En agglomération,Hors intersection,Normale,Deux véhicules - arrière,,,,,,,,,,,1,2,1,1,2
200700065762,0007-10-23 08:10:00,7,10,23,8,10,930,72,ARISTIDE BRIAND (AVENUE),,,Plein jour,En agglomération,Giratoire,Normale,Deux véhicules - côté,,,,,,,,,,,1,2,6,1,3
200700065763,0007-10-23 19:10:00,7,10,23,19,10,930,59,"66, AMIENS (RUE D') N° 0",,,Crépuscule ou aube,En agglomération,Intersection en T,Normale,Deux véhicules - côté,,,,,,,,,,,2,2,3,1,3
200700065764,0007-10-19 13:25:00,7,10,19,13,25,930,72,"06, PIERRE PIERRON (AVEN",,,Plein jour,En agglomération,Hors intersection,Normale,Sans collision,,,,,,,,,,,1,2,1,1,7
200700065765,0007-10-24 09:00:00,7,10,24,9,0,930,59,"99, LENINE (AVENUE) N°36",,,Plein jour,En agglomération,Hors intersection,Normale,Deux véhicules - côté,,,,,,,,,,,1,2,1,1,3
200700065766,0007-10-04 11:50:00,7,10,4,11,50,930,78,"06, MAURIAC (RUE FRANCOI",,,Plein jour,En agglomération,Hors intersection,Normale,Autre collision,,,,,,,,,,,1,2,1,1,6
200700065767,0007-10-07 09:10:00,7,10,7,9,10,930,78,", AUTOROUTE A 104",,,Plein jour,Hors agglomération,Giratoire,Normale,Deux véhicules - arrière,,,,,,,,,,,1,1,6,1,2
200700065768,0007-10-10 20:05:00,7,10,10,20,5,930,78,NYMPHES (AVENUE DES),,,Nuit avec éclairage allumé,En agglomération,Intersection en X,Normale,Deux véhicules - côté,,,,,,,,,,,5,2,2,1,3
200700065769,0007-10-16 20:20:00,7,10,16,20,20,930,78,DAMBEL (AVENUE EMILE),,,Nuit avec éclairage allumé,En agglomération,Hors intersection,Normale,Deux véhicules - côté,,,,,,,,,,,5,2,1,1,3
200700065770,0007-10-21 17:55:00,7,10,21,17,55,930,78,"02, ALLENDE (AVENUE SALV",,,Plein jour,En agglomération,Hors intersection,Normale,Sans collision,,,,,,,,,,,1,2,1,1,7
200700065771,0007-10-22 17:05:00,7,10,22,17,5,930,73,"36, ROISSY (ROUTE DE)",,,Plein jour,En agglomération,Hors intersection,Normale,Deux véhicules - côté,,,,,,,,,,,1,2,1,1,3
200700065772,0007-10-24 17:05:00,7,10,24,17,5,930,78,BALLANGER (BD ROBERT),,,Plein jour,En agglomération,Hors intersection,Normale,Deux véhicules - côté,,,,,,,,,,,1,2,1,1,3
200700065773,0007-10-25 11:00:00,7,10,25,11,0,930,73,BROSSOLETTE (RUE PIERRE),,,Plein jour,En agglomération,Hors intersection,Normale,Deux véhicules - côté,,,,,,,,,,,1,2,1,1,3
200700065774,0007-10-11 08:30:00,7,10,11,8,30,930,78,PARC EXPO,,,Plein jour,Hors agglomération,Hors intersection,Temps couvert,Deux véhicules - frontale,,,,,,,,,,,1,1,1,8,1
200700065775,0007-10-19 17:45:00,7,10,19,17,45,930,78,BALLANGER (BD ROBERT),,,Plein jour,En agglomération,Hors intersection,Normale,Autre collision,,,,,,,,,,,1,2,1,1,6
200700065776,0007-10-22 13:40:00,7,10,22,13,40,930,73,BERGER (RUE GILBERT),,,Plein jour,En agglomération,Intersection en X,Normale,Deux véhicules - côté,,,,,,,,,,,1,2,2,1,3
200700065777,0007-10-27 10:50:00,7,10,27,10,50,930,73,ESCHARD (RUE LOUIS),,,Plein jour,En agglomération,Hors intersection,Normale,Autre collision,,,,,,,,,,,1,2,1,1,6
200700065778,0007-10-30 10:05:00,7,10,30,10,5,930,73,"09, PAIX (AVENUE DE LA)",,,Plein jour,En agglomération,Hors intersection,Normale,Deux véhicules - frontale,,,,,,,,,,,1,2,1,1,1
200700065779,0007-10-03 21:40:00,7,10,3,21,40,940,2,"70, LOUIS BLANC (R)",,,Nuit avec éclairage allumé,En agglomération,Hors intersection,Normale,Deux véhicules - côté,,,,,,,,,,,5,2,1,1,3
200700065780,0007-10-05 10:20:00,7,10,5,10,20,940,2,EMILE ZOLA (R),,,Plein jour,En agglomération,Intersection en T,Normale,Sans collision,,,,,,,,,,,1,2,3,1,7
200700065781,0007-10-08 20:10:00,7,10,8,20,10,940,2,"113, VAILLANT COUTURIER",,,Nuit avec éclairage non allumé,En agglomération,Hors intersection,Normale,Trois véhicules et plus - en chaîne,,,,,,,,,,,4,2,1,1,4
200700065782,0007-10-11 11:20:00,7,10,11,11,20,940,2,HUIT MAI 1945 (ALL DU),,,Plein jour,En agglomération,Hors intersection,Normale,Sans collision,,,,,,,,,,,1,2,1,1,7
200700065783,0007-10-22 10:00:00,7,10,22,10,0,940,2,OEILLETS (R DES),,,Plein jour,En agglomération,Intersection en X,Normale,Deux véhicules - côté,,,,,,,,,,,1,2,2,1,3
200700065784,0007-10-09 15:15:00,7,10,9,15,15,940,2,"0, BLANQUI (QU)",,,Plein jour,En agglomération,Intersection en T,Normale,Deux véhicules - côté,,,,,,,,,,,1,2,3,1,3
200700065785,0007-10-28 01:45:00,7,10,28,1,45,940,2,"0, VAILLANT COUTURIER (R",,,Nuit avec éclairage allumé,En agglomération,Intersection en X,Normale,Deux véhicules - côté,,,,,,,,,,,5,2,2,1,3
200700065786,0007-10-31 18:50:00,7,10,31,18,50,940,2,CONSTANTINOPLE (R DE),,,Nuit avec éclairage allumé,En agglomération,Hors intersection,Normale,Deux véhicules - arrière,,,,,,,,,,,5,2,1,1,2
200700065787,0007-10-01 10:50:00,7,10,1,10,50,940,70,PARIS (RTE DE),,,Plein jour,En agglomération,Hors intersection,Temps couvert,Deux véhicules - côté,,,,,,,,,,,1,2,1,8,3
200700065788,0007-10-04 07:50:00,7,10,4,7,50,940,44,DESCARTES (AV),,,Crépuscule ou aube,En agglomération,Hors intersection,Autre,Deux véhicules - frontale,,,,,,,,,,,2,2,1,9,1
200700065789,0007-10-09 14:05:00,7,10,9,14,5,940,4,TRAVERSIERE (R),,,Plein jour,En agglomération,Autre intersection,Normale,Deux véhicules - arrière,,,,,,,,,,,1,2,9,1,2
200700065790,0007-10-10 08:55:00,7,10,10,8,55,940,71,GEORGES POMPIDOU (AV),,,Plein jour,En agglomération,Hors intersection,Normale,Trois véhicules et plus - en chaîne,,,,,,,,,,,1,2,1,1,4
200700065791,0007-10-11 18:45:00,7,10,11,18,45,940,75,"13, LATTRE DE TASSIGNY (",,,Plein jour,En agglomération,Hors intersection,Normale,Deux véhicules - arrière,,,,,,,,,,,1,2,1,1,2
200700065792,0007-10-15 11:10:00,7,10,15,11,10,940,71,GENERAL LECLERC (R DU),,,Plein jour,En agglomération,Hors intersection,Normale,Deux véhicules - arrière,,,,,,,,,,,1,2,1,1,2
200700065793,0007-10-15 13:15:00,7,10,15,13,15,940,75,ETOILE (R DE L),,,Plein jour,En agglomération,Intersection en X,Normale,Deux véhicules - côté,,,,,,,,,,,1,2,2,1,3
200700065794,0007-10-19 09:15:00,7,10,19,9,15,940,44,VERDUN (AV DE),,,Plein jour,En agglomération,Intersection en T,Normale,Deux véhicules - côté,,,,,,,,,,,1,2,3,1,3
200700065795,0007-10-17 21:30:00,7,10,17,21,30,940,44,VERDUN (AV DE),,,Nuit avec éclairage allumé,En agglomération,Intersection en T,Normale,Deux véhicules - côté,,,,,,,,,,,5,2,3,1,3
200700065796,0007-10-22 17:39:00,7,10,22,17,39,940,70,PARIS (RTE DE),,,Plein jour,En agglomération,Intersection en X,Normale,Deux véhicules - arrière,,,,,,,,,,,1,2,2,1,2
200700065797,0007-10-09 21:10:00,7,10,9,21,10,940,17,LOUIS TALAMONI (R),,,Nuit avec éclairage allumé,Hors agglomération,Hors intersection,Normale,Deux véhicules - arrière,,,,,,,,,,,5,1,1,1,2
200700065798,0007-10-10 09:15:00,7,10,10,9,15,940,17,STALINGRAD (BD DE),,,Plein jour,En agglomération,Intersection en X,Temps couvert,Deux véhicules - côté,,,,,,,,,,,1,2,2,8,3
200700065799,0007-10-11 20:00:00,7,10,11,20,0,940,17,GENERAL DE GAULLE (AV DU,,,Nuit avec éclairage allumé,En agglomération,Intersection en T,Normale,Deux véhicules - côté,,,,,,,,,,,5,2,3,1,3
200700065800,0007-10-15 20:15:00,7,10,15,20,15,940,17,"52, ROGER SALENGRO (AV)",,,Nuit avec éclairage allumé,En agglomération,Hors intersection,Normale,Autre collision,,,,,,,,,,,5,2,1,1,6
200700065801,0007-10-19 14:00:00,7,10,19,14,0,940,17,"0, AMBROISE CROIZAT (AV)",,,Plein jour,En agglomération,Giratoire,Normale,Deux véhicules - frontale,,,,,,,,,,,1,2,6,1,1
200700065802,0007-10-19 17:25:00,7,10,19,17,25,940,17,ROGER SALENGRO (AV),,,Plein jour,En agglomération,Hors intersection,Normale,Deux véhicules - côté,,,,,,,,,,,1,2,1,1,3
200700065803,0007-10-20 17:10:00,7,10,20,17,10,940,17,MAURICE THOREZ (AV),,,Plein jour,En agglomération,Hors intersection,Normale,Deux véhicules - côté,,,,,,,,,,,1,2,1,1,3
200700065804,0007-10-21 12:40:00,7,10,21,12,40,940,17,GENERAL DE GAULLE (AV DU,,,Plein jour,En agglomération,Hors intersection,Normale,Deux véhicules - côté,,,,,,,,,,,1,2,1,1,3
200700065805,0007-10-23 08:50:00,7,10,23,8,50,940,17,"36, JEAN JAURES (R)",,,Plein jour,En agglomération,Autre intersection,Normale,Autre collision,,,,,,,,,,,1,2,9,1,6
200700065806,0007-10-23 21:10:00,7,10,23,21,10,940,17,"10, D'AUVERGNE (R)",,,Nuit avec éclairage allumé,En agglomération,Hors intersection,Normale,Deux véhicules - côté,,,,,,,,,,,5,2,1,1,3
200700065807,0007-10-23 10:05:00,7,10,23,10,5,940,17,"247, GENERAL DE GAULLE (",,,Plein jour,En agglomération,Hors intersection,Normale,Deux véhicules - côté,,,,,,,,,,,1,2,1,1,3
200700065808,0007-10-26 20:40:00,7,10,26,20,40,940,17,MARX DORMOY (AV),,,Nuit avec éclairage allumé,En agglomération,Intersection en Y,Normale,Deux véhicules - arrière,,,,,,,,,,,5,2,4,1,2
200700065809,0007-10-28 17:35:00,7,10,28,17,35,940,17,"85, REPUBLIQUE (AV DE LA",,,Crépuscule ou aube,En agglomération,Hors intersection,Normale,Autre collision,,,,,,,,,,,2,2,1,1,6
200700065810,0007-10-31 16:50:00,7,10,31,16,50,940,17,"5, REPUBLIQUE (AV DE LA)",,,Plein jour,En agglomération,Hors intersection,Normale,Autre collision,,,,,,,,,,,1,2,1,1,6
200700065811,0007-10-05 16:50:00,7,10,5,16,50,940,18,", ARCADE (R DE L)",,,Plein jour,En agglomération,Hors intersection,Normale,Autre collision,,,,,,,,,,,1,2,1,1,6
200700065812,0007-10-17 13:45:00,7,10,17,13,45,940,18,BERCY (QU DE),,,Plein jour,En agglomération,Intersection en T,Normale,Deux véhicules - côté,,,,,,,,,,,1,2,3,1,3
200700065813,0007-10-16 08:45:00,7,10,16,8,45,940,18,"33, CARRIERES (QU DES)",,,Plein jour,En agglomération,Hors intersection,Normale,Autre collision,,,,,,,,,,,1,2,1,1,6
200700065814,0007-10-30 16:15:00,7,10,30,16,15,940,18,PONT (R DU),,,Plein jour,En agglomération,Intersection en X,Normale,Deux véhicules - côté,,,,,,,,,,,1,2,2,1,3
200700065815,0007-10-03 14:45:00,7,10,3,14,45,940,18,"40, CARRIERES (QU DES)",,,Plein jour,En agglomération,Hors intersection,Normale,Autre collision,,,,,,,,,,,1,2,1,1,6
200700065816,0007-10-13 19:20:00,7,10,13,19,20,940,69,"56 BIS, MARECHAL DE LATT",,,Nuit avec éclairage allumé,En agglomération,Hors intersection,Normale,Autre collision,,,,,,,,,,,5,2,1,1,6
200700065817,0007-10-01 18:45:00,7,10,1,18,45,940,19,"00, SUCY (R DE)",,,Plein jour,En agglomération,Intersection en X,Pluie légère,Deux véhicules - côté,,,,,,,,,,,1,2,2,2,3
200700065818,0007-10-07 14:10:00,7,10,7,14,10,940,59,"0, JEAN CHARCOT (AV)",,,Plein jour,En agglomération,Hors intersection,Normale,Deux véhicules - côté,,,,,,,,,,,1,2,1,1,3
200700065819,0007-10-01 18:10:00,7,10,1,18,10,940,53,"00, PRESIDENT ALLENDE (R",,,Plein jour,Hors agglomération,Hors intersection,Normale,Deux véhicules - frontale,,,,,,,,,,,1,1,1,1,1
200700065820,0007-10-09 08:20:00,7,10,9,8,20,940,59,"0, ARDOUIN (AV)",,,Plein jour,En agglomération,Hors intersection,Normale,Autre collision,,,,,,,,,,,1,2,1,1,6
200700065821,0007-10-10 12:00:00,7,10,10,12,0,940,19,"0, PONT (R DU)",,,Plein jour,En agglomération,Hors intersection,Normale,Trois véhicules et plus - collisions multiples,,,,,,,,,,,1,2,1,1,5
200700065822,0007-10-13 12:15:00,7,10,13,12,15,940,60,"0, COMBAULT (RTE DE)",,,Plein jour,En agglomération,Hors intersection,Normale,Deux véhicules - côté,,,,,,,,,,,1,2,1,1,3
200700065823,0007-10-22 10:05:00,7,10,22,10,5,940,59,"00, Andre Rouy (AV)",,,Plein jour,En agglomération,Intersection en X,Normale,Deux véhicules - côté,,,,,,,,,,,1,2,2,1,3
200700065824,0007-10-22 18:40:00,7,10,22,18,40,940,59,"46, Andre Rouy (AV)",,,Plein jour,En agglomération,Hors intersection,Normale,Autre collision,,,,,,,,,,,1,2,1,1,6
200700065825,0007-10-23 12:35:00,7,10,23,12,35,940,19,"5, CONDORCET (R)",,,Plein jour,En agglomération,Hors intersection,Normale,Autre collision,,,,,,,,,,,1,2,1,1,6
200700065826,0007-10-23 17:20:00,7,10,23,17,20,940,19,"0, GENERAL DE GAULLE (R",,,Plein jour,En agglomération,Hors intersection,Normale,Deux véhicules - côté,,,,,,,,,,,1,2,1,1,3
200700065827,0007-10-23 21:40:00,7,10,23,21,40,940,59,"00, MARECHALE (AV DE LA)",,,Crépuscule ou aube,En agglomération,Intersection en X,Normale,Autre collision,,,,,,,,,,,2,2,2,1,6
200700065828,0007-10-23 17:00:00,7,10,23,17,0,940,55,"0, JEANNE (R)",,,Plein jour,En agglomération,Hors intersection,Normale,Deux véhicules - côté,,,,,,,,,,,1,2,1,1,3
200700065829,0007-10-26 10:45:00,7,10,26,10,45,940,19,"00, D'AMBOILE (R)",,,Plein jour,Hors agglomération,Intersection en X,Normale,Deux véhicules - côté,,,,,,,,,,,1,1,2,1,3
200700065830,0007-10-04 18:00:00,7,10,4,18,0,940,22,VINGT CINQ AOUT 1944 (AV,,,Plein jour,En agglomération,Intersection en T,Normale,Sans collision,,,,,,,,,,,1,2,3,1,7
200700065831,0007-10-05 18:00:00,7,10,5,18,0,940,54,"0, MARTYRS DE CHATEAUBRI",,,Crépuscule ou aube,En agglomération,Intersection en T,Normale,Deux véhicules - côté,,,,,,,,,,,2,2,3,1,3
200700065832,0007-10-07 17:00:00,7,10,7,17,0,940,54,HAUTES BORNES (R DES),,,Plein jour,En agglomération,Intersection en T,Normale,Deux véhicules - arrière,,,,,,,,,,,1,2,3,1,2
200700065833,0007-10-08 22:00:00,7,10,8,22,0,940,22,"02, STALINGRAD (BD DE)",,,Nuit avec éclairage allumé,En agglomération,Hors intersection,Normale,Autre collision,,,,,,,,,,,5,2,1,1,6
200700065834,0007-10-12 00:45:00,7,10,12,0,45,940,54,CHARLES TILLON (route),,,Nuit avec éclairage allumé,En agglomération,Hors intersection,Normale,Sans collision,,,,,,,,,,,5,2,1,1,7
200700065835,0007-10-30 14:00:00,7,10,30,14,0,940,54,"83, MARTYRS DE CHATEAUBR",,,Plein jour,En agglomération,Hors intersection,Normale,Deux véhicules - arrière,,,,,,,,,,,1,2,1,1,2
200700065836,0007-10-02 16:45:00,7,10,2,16,45,940,28,"21 bis, TASSIGNY(AVE DU",,,Plein jour,En agglomération,Hors intersection,Normale,Deux véhicules - arrière,,,,,,,,,,,1,2,1,1,2
200700065837,0007-10-02 18:45:00,7,10,2,18,45,940,11,"0, STAINS(ROUTE DE)",,,Plein jour,En agglomération,Hors intersection,Pluie légère,Autre collision,,,,,,,,,,,1,2,1,2,6
200700065838,0007-10-04 08:30:00,7,10,4,8,30,940,28,"0, CHOISY(ROUTE DE)",,,Plein jour,En agglomération,Intersection en X,Normale,Autre collision,,,,,,,,,,,1,2,2,1,6
200700065839,0007-10-05 08:30:00,7,10,5,8,30,940,28,"0, POMPADOUR(CARREFOUR)",,,Plein jour,En agglomération,Hors intersection,Normale,Sans collision,,,,,,,,,,,1,2,1,1,7
200700065840,0007-10-06 18:40:00,7,10,6,18,40,940,28,"0, BOULLE.(RUE ANDRE)",,,Plein jour,En agglomération,Hors intersection,Normale,Autre collision,,,,,,,,,,,1,2,1,1,6
200700065841,0007-10-05 16:40:00,7,10,5,16,40,940,28,"0, POUSSIN(RUE NICOLAS)",,,Plein jour,En agglomération,Hors intersection,Normale,Autre collision,,,,,,,,,,,1,2,1,1,6
200700065842,0007-10-06 11:00:00,7,10,6,11,0,940,28,"0, VERDUN.(AVENUE DE)",,,Plein jour,En agglomération,Hors intersection,Normale,Autre collision,,,,,,,,,,,1,2,1,1,6
200700065843,0007-10-08 07:00:00,7,10,8,7,0,940,28,DUVAUCHEL(STADE),,,Crépuscule ou aube,En agglomération,Hors intersection,Normale,Sans collision,,,,,,,,,,,2,2,1,1,7
200700065844,0007-10-08 07:55:00,7,10,8,7,55,940,28,VERDUN.(AVENUE DE),,,Crépuscule ou aube,En agglomération,Hors intersection,Normale,Deux véhicules - arrière,,,,,,,,,,,2,2,1,1,2
200700065845,0007-10-08 15:00:00,7,10,8,15,0,940,11,PARIS(AVENUE DE),,,Plein jour,En agglomération,Hors intersection,Normale,Deux véhicules - côté,,,,,,,,,,,1,2,1,1,3
200700065846,0007-10-09 15:45:00,7,10,9,15,45,940,11,"0, CHOISY.(AVENUE DE)",,,Plein jour,En agglomération,Hors intersection,Normale,Autre collision,,,,,,,,,,,1,2,1,1,6
200700065847,0007-10-11 18:00:00,7,10,11,18,0,940,28,ARCOS.(RUE RENE),,,Plein jour,En agglomération,Hors intersection,Normale,Sans collision,,,,,,,,,,,1,2,1,1,7
200700065848,0007-10-11 18:15:00,7,10,11,18,15,940,28,MAURIAC.(RUE FRANCOIS),,,Plein jour,En agglomération,Hors intersection,Normale,Deux véhicules - côté,,,,,,,,,,,1,2,1,1,3
200700065849,0007-10-12 13:30:00,7,10,12,13,30,940,28,"0, MARAIS(CHEMIN DES)",,,Plein jour,En agglomération,Hors intersection,Normale,Deux véhicules - côté,,,,,,,,,,,1,2,1,1,3
200700065850,0007-10-14 15:30:00,7,10,14,15,30,940,28,"0, POMPADOUR(CARREFOUR)",,,Plein jour,En agglomération,Hors intersection,Normale,Autre collision,,,,,,,,,,,1,2,1,1,6
200700065851,0007-10-12 13:55:00,7,10,12,13,55,940,28,"80, BROSSOLETTE(AVENUE P",,,Plein jour,En agglomération,Hors intersection,Normale,Autre collision,,,,,,,,,,,1,2,1,1,6
200700065852,0007-10-14 22:45:00,7,10,14,22,45,940,28,"0, CHOISY(ROUTE DE)",,,Nuit avec éclairage allumé,En agglomération,Hors intersection,Normale,Autre collision,,,,,,,,,,,5,2,1,1,6
200700065853,0007-10-15 15:20:00,7,10,15,15,20,940,28,"0, HALPERN.(AVENUE BERNA",,,Plein jour,En agglomération,Hors intersection,Normale,Sans collision,,,,,,,,,,,1,2,1,1,7
200700065854,0007-10-18 18:45:00,7,10,18,18,45,940,11,"0, D'ORVES (rue D'Estien",,,Plein jour,En agglomération,Hors intersection,Normale,Deux véhicules - frontale,,,,,,,,,,,1,2,1,1,1
200700065855,0007-10-18 19:30:00,7,10,18,19,30,940,11,RN 406,,,Crépuscule ou aube,Hors agglomération,Hors intersection,Normale,Deux véhicules - côté,,,,,,,,,,,2,1,1,1,3
200700065856,0007-10-21 17:30:00,7,10,21,17,30,940,28,"71, MESLY.(RUE DE)",,,Plein jour,En agglomération,Hors intersection,Normale,Deux véhicules - côté,,,,,,,,,,,1,2,1,1,3
200700065857,0007-10-20 16:30:00,7,10,20,16,30,940,28,"35, JOLY(RUE DE)",,,Plein jour,En agglomération,Hors intersection,Normale,Sans collision,,,,,,,,,,,1,2,1,1,7
200700065858,0007-10-21 01:55:00,7,10,21,1,55,940,11,"0, CHOISY.(AVENUE DE)",,,Nuit avec éclairage allumé,En agglomération,Hors intersection,Normale,Deux véhicules - côté,,,,,,,,,,,5,2,1,1,3
200700065859,0007-10-25 12:45:00,7,10,25,12,45,940,28,HALPERN.(AVENUE BERNARD),,,Plein jour,En agglomération,Hors intersection,Normale,Autre collision,,,,,,,,,,,1,2,1,1,6
200700065860,0007-10-27 23:50:00,7,10,27,23,50,940,11,"0, GAULLE(CARREFOUR CHAR",,,Nuit avec éclairage allumé,En agglomération,Hors intersection,Normale,Deux véhicules - côté,,,,,,,,,,,5,2,1,1,3
200700065861,0007-10-28 07:30:00,7,10,28,7,30,940,28,"23, MECHES.(RUE DES)",,,Plein jour,En agglomération,Hors intersection,Normale,Deux véhicules - côté,,,,,,,,,,,1,2,1,1,3
200700065862,0007-10-29 15:45:00,7,10,29,15,45,940,28,"0, ARCOS.(RUE RENE)",,,Plein jour,En agglomération,Hors intersection,Normale,Deux véhicules - arrière,,,,,,,,,,,1,2,1,1,2
200700065863,0007-10-30 17:25:00,7,10,30,17,25,940,28,"64, BROSSOLETTE(AVENUE P",,,Plein jour,En agglomération,Hors intersection,Normale,Autre collision,,,,,,,,,,,1,2,1,1,6
200700065864,0007-10-30 20:10:00,7,10,30,20,10,940,28,"0, PARIS.(RUE DE)",,,Nuit avec éclairage allumé,En agglomération,Hors intersection,Normale,Autre collision,,,,,,,,,,,5,2,1,1,6
200700065865,0007-10-31 19:30:00,7,10,31,19,30,940,11,"0, espérance (rue de l')",,,Nuit avec éclairage allumé,En agglomération,Hors intersection,Normale,Autre collision,,,,,,,,,,,5,2,1,1,6
200700065866,0007-10-28 12:15:00,7,10,28,12,15,940,33,VERDUN (BD DE),,,Plein jour,En agglomération,Hors intersection,Normale,Deux véhicules - frontale,,,,,,,,,,,1,2,1,1,1
200700065867,0007-10-03 18:20:00,7,10,3,18,20,940,33,ROGER SALENGRO (R),,,Plein jour,En agglomération,Hors intersection,Normale,Autre collision,,,,,,,,,,,1,2,1,1,6
200700065868,0007-10-08 17:50:00,7,10,8,17,50,940,33,MARECHAL DE LATTRE DE TA,,,Plein jour,En agglomération,Hors intersection,Normale,Autre collision,,,,,,,,,,,1,2,1,1,6
200700065869,0007-10-13 16:45:00,7,10,13,16,45,940,33,NEUILLY (AV DE),,,Plein jour,En agglomération,Intersection en X,Normale,Deux véhicules - côté,,,,,,,,,,,1,2,2,1,3
200700065870,0007-10-19 05:50:00,7,10,19,5,50,940,33,REPUBLIQUE (AV DE LA),,,Crépuscule ou aube,En agglomération,Hors intersection,Normale,Deux véhicules - côté,,,,,,,,,,,2,2,1,1,3
200700065871,0007-10-31 14:50:00,7,10,31,14,50,940,33,"80, MARECHAL DE LATTRE D",,,Plein jour,En agglomération,Hors intersection,Normale,Autre collision,,,,,,,,,,,1,2,1,1,6
200700065872,0007-10-03 19:05:00,7,10,3,19,5,940,76,"1, PAUL VAILLANT COUTURI",,,Crépuscule ou aube,En agglomération,Intersection en X,Normale,Sans collision,,,,,,,,,,,2,2,2,1,7
200700065873,0007-10-04 08:10:00,7,10,4,8,10,940,76,"1, REPUBLIQUE (AV DE LA)",,,Crépuscule ou aube,En agglomération,Intersection en T,Normale,Deux véhicules - côté,,,,,,,,,,,2,2,3,1,3
200700065874,0007-10-01 13:30:00,7,10,1,13,30,940,76,"56, AUGUSTE DELAUNE (R)",,,Plein jour,En agglomération,Hors intersection,Normale,Autre collision,,,,,,,,,,,1,2,1,1,6
200700065875,0007-10-05 18:55:00,7,10,5,18,55,940,37,"6, EMILE BOUGARD (R)",,,Crépuscule ou aube,En agglomération,Hors intersection,Normale,Autre collision,,,,,,,,,,,2,2,1,1,6
200700065876,0007-10-05 07:30:00,7,10,5,7,30,940,3,"131, ARISTIDE BRIAND (AV",,,Crépuscule ou aube,En agglomération,Hors intersection,Normale,Autre collision,,,,,,,,,,,2,2,1,1,6
200700065877,0007-10-09 08:05:00,7,10,9,8,5,940,3,FRANCOIS VINCENT RASPAIL,,,Crépuscule ou aube,En agglomération,Intersection en X,Normale,Deux véhicules - côté,,,,,,,,,,,2,2,2,1,3
200700065878,0007-10-11 14:05:00,7,10,11,14,5,940,3,"125, ARISTIDE BRIAND (AV",,,Plein jour,En agglomération,Intersection en T,Normale,Deux véhicules - arrière,,,,,,,,,,,1,2,3,1,2
200700065879,0007-10-12 19:30:00,7,10,12,19,30,940,76,"70, MAXIME GORKI (BD)",,,Nuit avec éclairage allumé,En agglomération,Hors intersection,Normale,Deux véhicules - arrière,,,,,,,,,,,5,2,1,1,2
200700065880,0007-10-14 18:00:00,7,10,14,18,0,940,43,"39, FONTAINEBLEAU (AV DE",,,Crépuscule ou aube,En agglomération,Intersection en T,Normale,Deux véhicules - côté,,,,,,,,,,,2,2,3,1,3
200700065881,0007-10-12 21:15:00,7,10,12,21,15,940,43,"1, EMILE ZOLA (IMP)",,,Nuit avec éclairage allumé,En agglomération,Intersection en X,Normale,Deux véhicules - côté,,,,,,,,,,,5,2,2,1,3
200700065882,0007-10-15 16:10:00,7,10,15,16,10,940,76,"42, PARIS (AV DE)",,,Plein jour,En agglomération,Hors intersection,Normale,Deux véhicules - côté,,,,,,,,,,,1,2,1,1,3
200700065883,0007-10-19 14:00:00,7,10,19,14,0,940,3,"1, GENERAL MALLERET JOIN",,,Plein jour,En agglomération,Hors intersection,Normale,Deux véhicules - arrière,,,,,,,,,,,1,2,1,1,2
200700065884,0007-10-20 00:55:00,7,10,20,0,55,940,37,"13, VAL DE MARNE (R DU)",,,Nuit avec éclairage allumé,En agglomération,Hors intersection,Normale,Autre collision,,,,,,,,,,,5,2,1,1,6
200700065885,0007-10-20 21:20:00,7,10,20,21,20,940,43,"19, CONVENTION (R DE LA)",,,Nuit avec éclairage allumé,En agglomération,Hors intersection,Normale,Autre collision,,,,,,,,,,,5,2,1,1,6