accident_id,datetime,annee,mois,jour,heure,minute,departement,commune_insee,adresse,latitude,longitude,luminosite,agglomeration,intersection,meteo,collision,nb_vehicules,nb_usagers,nb_indemnes,nb_tues,nb_blesses_hosp,nb_blesses_legers,age_cond_1,age_cond_2,veh_type_cond_1,veh_type_cond_2,lum_code,agg_code,int_code,atm_code,col_code
200700065886,0007-10-22 09:20:00,7,10,22,9,20,940,76,GRIFFUELHES (R),,,Plein jour,En agglomération,Hors intersection,Normale,Sans collision,,,,,,,,,,,1,2,1,1,7
200700065887,0007-10-26 09:20:00,7,10,26,9,20,940,16,"1, ARISTIDE BRIAND (AV)",,,Plein jour,En agglomération,Hors intersection,Normale,Deux véhicules - côté,,,,,,,,,,,1,2,1,1,3
200700065888,0007-10-29 09:05:00,7,10,29,9,5,940,16,"20, ARISTIDE BRIAND (AV)",,,Plein jour,En agglomération,Hors intersection,Normale,Trois véhicules et plus - en chaîne,,,,,,,,,,,1,2,1,1,4
200700065889,0007-10-04 21:30:00,7,10,4,21,30,940,73,"17, RENE PANHARD (AV)",,,Nuit avec éclairage allumé,En agglomération,Hors intersection,Normale,Deux véhicules - côté,,,,,,,,,,,5,2,1,1,3
200700065890,0007-10-05 12:45:00,7,10,5,12,45,940,73,GENERAL DE GAULLE (AV DU,,,Plein jour,En agglomération,Hors intersection,Normale,Deux véhicules - côté,,,,,,,,,,,1,2,1,1,3
200700065891,0007-10-09 19:51:00,7,10,9,19,51,940,73,STALINGRAD (BD DE),,,Nuit avec éclairage allumé,En agglomération,Hors intersection,Pluie légère,Autre collision,,,,,,,,,,,5,2,1,2,6
200700065892,0007-10-11 09:00:00,7,10,11,9,0,940,34,"37, JEAN JAURES (BD)",,,Plein jour,En agglomération,Hors intersection,Temps couvert,Sans collision,,,,,,,,,,,1,2,1,8,7
200700065893,0007-10-11 21:30:00,7,10,11,21,30,940,34,CERISAIE (AV DE LA),,,Nuit avec éclairage allumé,En agglomération,Hors intersection,Normale,Autre collision,,,,,,,,,,,5,2,1,1,6
200700065894,0007-10-14 17:35:00,7,10,14,17,35,940,21,RUE PAUL HOCHART,,,Plein jour,En agglomération,Intersection en T,Normale,Deux véhicules - côté,,,,,,,,,,,1,2,3,1,3
200700065895,0007-10-16 13:25:00,7,10,16,13,25,940,21,"126, JEAN MERMOZ (BD)",,,Plein jour,En agglomération,Hors intersection,Normale,Deux véhicules - côté,,,,,,,,,,,1,2,1,1,3
200700065896,0007-10-16 15:05:00,7,10,16,15,5,940,65,SOLETS (R DES),,,Plein jour,En agglomération,Intersection en T,Normale,Deux véhicules - côté,,,,,,,,,,,1,2,3,1,3
200700065897,0007-10-18 08:00:00,7,10,18,8,0,940,38,GABRIEL PERI (R),,,Plein jour,En agglomération,Hors intersection,Normale,Sans collision,,,,,,,,,,,1,2,1,1,7
200700065898,0007-10-07 19:45:00,7,10,7,19,45,940,38,SAINTE COLOMBE (R),,,Crépuscule ou aube,En agglomération,Hors intersection,Normale,Sans collision,,,,,,,,,,,2,2,1,1,7
200700065899,0007-10-21 11:05:00,7,10,21,11,5,940,34,", JEAN JAURES (BD)",,,Plein jour,En agglomération,Hors intersection,Normale,Deux véhicules - arrière,,,,,,,,,,,1,2,1,1,2
200700065900,0007-10-22 13:45:00,7,10,22,13,45,940,73,FONTAINEBLEAU (AV DE),,,Plein jour,En agglomération,Intersection en T,Normale,Deux véhicules - côté,,,,,,,,,,,1,2,3,1,3
200700065901,0007-10-22 13:00:00,7,10,22,13,0,940,38,ARISTIDE BRIAND (AV),,,Plein jour,En agglomération,Hors intersection,Normale,Deux véhicules - côté,,,,,,,,,,,1,2,1,1,3
200700065902,0007-10-23 14:40:00,7,10,23,14,40,940,38,JEAN JAURES (R),,,Plein jour,En agglomération,Hors intersection,Normale,Trois véhicules et plus - en chaîne,,,,,,,,,,,1,2,1,1,4
200700065903,0007-10-06 13:10:00,7,10,6,13,10,940,38,"25, SAINTE COLOMBE (R)",,,Plein jour,En agglomération,Hors intersection,Normale,Deux véhicules - côté,,,,,,,,,,,1,2,1,1,3
200700065904,0007-10-26 17:00:00,7,10,26,17,0,940,65,Route nationale 186,,,Plein jour,Hors agglomération,Hors intersection,Normale,Deux véhicules - côté,,,,,,,,,,,1,1,1,1,3
200700065905,0007-10-27 14:30:00,7,10,27,14,30,940,65,EUROPE (AV DE L),,,Plein jour,En agglomération,Giratoire,Normale,Sans collision,,,,,,,,,,,1,2,6,1,7
200700065906,0007-10-29 16:35:00,7,10,29,16,35,940,65,rue du viaduc,,,Plein jour,En agglomération,Autre intersection,Pluie légère,Deux véhicules - côté,,,,,,,,,,,1,2,9,2,3
200700065907,0007-10-06 15:40:00,7,10,6,15,40,940,41,"05, PIERRE SEMARD (AV)",,,Plein jour,En agglomération,Hors intersection,Normale,Sans collision,,,,,,,,,,,1,2,1,1,7
200700065908,0007-10-11 16:30:00,7,10,11,16,30,940,41,MAURICE GUNSBOURG (R),,,Plein jour,En agglomération,Hors intersection,Normale,Autre collision,,,,,,,,,,,1,2,1,1,6
200700065909,0007-10-16 12:45:00,7,10,16,12,45,940,41,"30, PAUL VAILLANT COUTUR",,,Plein jour,En agglomération,Hors intersection,Normale,Sans collision,,,,,,,,,,,1,2,1,1,7
200700065910,0007-10-23 10:35:00,7,10,23,10,35,940,41,"3, LENINE (R)",,,Plein jour,En agglomération,Hors intersection,Normale,Deux véhicules - côté,,,,,,,,,,,1,2,1,1,3
200700065911,0007-10-08 12:00:00,7,10,8,12,0,940,41,"54, GABRIEL PERI (R)",,,Plein jour,En agglomération,Hors intersection,Normale,Sans collision,,,,,,,,,,,1,2,1,1,7
200700065912,0007-10-15 17:20:00,7,10,15,17,20,940,41,AUGUSTE DESHAIES (QU),,,Plein jour,En agglomération,Hors intersection,Normale,Deux véhicules - arrière,,,,,,,,,,,1,2,1,1,2
200700065913,0007-10-21 19:40:00,7,10,21,19,40,940,41,PAUL VAILLANT COUTURIER,,,Nuit avec éclairage allumé,En agglomération,Autre intersection,Normale,Deux véhicules - côté,,,,,,,,,,,5,2,9,1,3
200700065914,0007-10-23 08:50:00,7,10,23,8,50,940,41,"97, VERDUN (AV DE)",,,Plein jour,En agglomération,Hors intersection,Normale,Autre collision,,,,,,,,,,,1,2,1,1,6
200700065915,0007-10-06 18:30:00,7,10,6,18,30,940,46,"12, REPUBLIQUE (AV DE LA",,,Plein jour,En agglomération,Hors intersection,Normale,Deux véhicules - arrière,,,,,,,,,,,1,2,1,1,2
200700065916,0007-10-06 13:00:00,7,10,6,13,0,940,46,"13, GENERAL DE GAULLE (A",,,Plein jour,En agglomération,Autre intersection,Normale,Deux véhicules - côté,,,,,,,,,,,1,2,9,1,3
200700065917,0007-10-09 21:20:00,7,10,9,21,20,940,46,"., REPUBLIQUE (AV DE LA)",,,Nuit avec éclairage non allumé,En agglomération,Hors intersection,Pluie forte,Deux véhicules - frontale,,,,,,,,,,,4,2,1,3,1
200700065918,0007-10-04 17:15:00,7,10,4,17,15,940,46,"28, PROFESSEUR CADIOT (A",,,Plein jour,En agglomération,Hors intersection,Normale,Autre collision,,,,,,,,,,,1,2,1,1,6
200700065919,0007-10-11 16:35:00,7,10,11,16,35,940,46,"00, LEON BLUM (AV)",,,Plein jour,En agglomération,Hors intersection,Normale,Deux véhicules - arrière,,,,,,,,,,,1,2,1,1,2
200700065920,0007-10-16 07:30:00,7,10,16,7,30,940,46,"., REPUBLIQUE (AV DE LA)",,,Crépuscule ou aube,En agglomération,Hors intersection,Normale,Deux véhicules - arrière,,,,,,,,,,,2,2,1,1,2
200700065921,0007-10-20 08:30:00,7,10,20,8,30,940,46,"17, GENERAL LECLERC (AV",,,Plein jour,En agglomération,Hors intersection,Normale,Autre collision,,,,,,,,,,,1,2,1,1,6
200700065922,0007-10-22 07:30:00,7,10,22,7,30,940,46,"149, REPUBLIQUE (AV DE L",,,Crépuscule ou aube,En agglomération,Autre intersection,Normale,Deux véhicules - côté,,,,,,,,,,,2,2,9,1,3
200700065923,0007-10-03 15:55:00,7,10,3,15,55,940,58,"71, LEDRU ROLLIN (AV)",,,Plein jour,En agglomération,Hors intersection,Normale,Deux véhicules - arrière,,,,,,,,,,,1,2,1,1,2
200700065924,0007-10-19 02:15:00,7,10,19,2,15,940,58,"08, LEDRU ROLLIN (AV)",,,Nuit avec éclairage allumé,En agglomération,Hors intersection,Normale,Deux véhicules - arrière,,,,,,,,,,,5,2,1,1,2
200700065925,0007-10-23 12:10:00,7,10,23,12,10,940,42,"NC, CANADIENS (AV DES)",,,Plein jour,En agglomération,Hors intersection,Normale,Deux véhicules - frontale,,,,,,,,,,,1,2,1,1,1
200700065926,0007-10-27 15:50:00,7,10,27,15,50,940,52,"23, STRASBOURG (BD DE)",,,Plein jour,En agglomération,Hors intersection,Normale,Trois véhicules et plus - collisions multiples,,,,,,,,,,,1,2,1,1,5
200700065927,0007-10-29 23:20:00,7,10,29,23,20,940,42,MARCEAU (AV),,,Nuit avec éclairage allumé,En agglomération,Hors intersection,Temps couvert,Deux véhicules - côté,,,,,,,,,,,5,2,1,8,3
200700065928,0007-10-31 18:30:00,7,10,31,18,30,940,58,"NC, LEDRU ROLLIN (AV)",,,Crépuscule ou aube,En agglomération,Hors intersection,Normale,Autre collision,,,,,,,,,,,2,2,1,1,6
200700065929,0007-10-25 10:40:00,7,10,25,10,40,940,52,"NC, GALLIENI (BD)",,,Plein jour,En agglomération,Hors intersection,Normale,Autre collision,,,,,,,,,,,1,2,1,1,6
200700065930,0007-10-03 12:20:00,7,10,3,12,20,940,68,"21, MAURICE BERTEAUX (BD",,,Plein jour,En agglomération,Hors intersection,Normale,Deux véhicules - arrière,,,,,,,,,,,1,2,1,1,2
200700065931,0007-10-03 19:30:00,7,10,3,19,30,940,68,"64, LOUIS BLANC (AV)",,,Nuit avec éclairage allumé,En agglomération,Hors intersection,Normale,Deux véhicules - côté,,,,,,,,,,,5,2,1,1,3
200700065932,0007-10-06 20:45:00,7,10,6,20,45,940,68,BAC - PONT DE CHENNEVIER,,,Nuit avec éclairage allumé,En agglomération,Intersection en X,Normale,Deux véhicules - côté,,,,,,,,,,,5,2,2,1,3
200700065933,0007-10-08 11:15:00,7,10,8,11,15,940,68,RABELAIS (BD),,,Plein jour,En agglomération,Hors intersection,Normale,Autre collision,,,,,,,,,,,1,2,1,1,6
200700065934,0007-10-09 14:00:00,7,10,9,14,0,940,68,PORT AU FOUARRE (QU DU),,,Plein jour,En agglomération,Autre intersection,Normale,Deux véhicules - côté,,,,,,,,,,,1,2,9,1,3
200700065935,0007-10-05 17:55:00,7,10,5,17,55,940,68,PONT DE CRETEIL (R DU),,,Plein jour,En agglomération,Hors intersection,Normale,Autre collision,,,,,,,,,,,1,2,1,1,6
200700065936,0007-10-11 14:50:00,7,10,11,14,50,940,68,"121, BAC (AV DU)",,,Plein jour,En agglomération,Hors intersection,Normale,Autre collision,,,,,,,,,,,1,2,1,1,6
200700065937,0007-10-11 09:00:00,7,10,11,9,0,940,68,BAC (AV DU),,,Plein jour,En agglomération,Intersection en X,Normale,Deux véhicules - côté,,,,,,,,,,,1,2,2,1,3
200700065938,0007-10-14 08:55:00,7,10,14,8,55,940,68,CONDE (AV DE),,,Plein jour,En agglomération,Intersection en T,Normale,Deux véhicules - côté,,,,,,,,,,,1,2,3,1,3
200700065939,0007-10-14 10:45:00,7,10,14,10,45,940,68,KLEBER (R),,,Plein jour,En agglomération,Intersection en X,Normale,Deux véhicules - côté,,,,,,,,,,,1,2,2,1,3
200700065940,0007-10-12 12:30:00,7,10,12,12,30,940,68,"48, PONT DE CRETEIL (R D",,,Plein jour,En agglomération,Hors intersection,Normale,Autre collision,,,,,,,,,,,1,2,1,1,6
200700065941,0007-10-16 15:50:00,7,10,16,15,50,940,68,RASPAIL (AV),,,Plein jour,En agglomération,Intersection en X,Normale,Deux véhicules - côté,,,,,,,,,,,1,2,2,1,3
200700065942,0007-10-18 05:20:00,7,10,18,5,20,940,68,REPUBLIQUE (AV DE LA),,,Nuit avec éclairage allumé,En agglomération,Intersection en X,Normale,Deux véhicules - côté,,,,,,,,,,,5,2,2,1,3
200700065943,0007-10-29 07:15:00,7,10,29,7,15,940,68,RIMINI (PL DE),,,Nuit avec éclairage non allumé,En agglomération,Hors intersection,Pluie forte,Autre collision,,,,,,,,,,,4,2,1,3,6
200700065944,0007-10-14 16:50:00,7,10,14,16,50,940,74,"0, DIVISION GENERAL LECL",,,Plein jour,En agglomération,Hors intersection,Normale,Sans collision,,,,,,,,,,,1,2,1,1,7
200700065945,0007-10-19 19:10:00,7,10,19,19,10,940,77,"0, ALICE (R)",,,Crépuscule ou aube,En agglomération,Hors intersection,Normale,Autre collision,,,,,,,,,,,2,2,1,1,6
200700065946,0007-10-17 18:30:00,7,10,17,18,30,940,78,", BEAUREGARD (R DE)",,,Plein jour,En agglomération,Intersection en X,Normale,Deux véhicules - côté,,,,,,,,,,,1,2,2,1,3
200700065947,0007-10-25 15:00:00,7,10,25,15,0,940,78,PARIS (R DE),,,Plein jour,En agglomération,Hors intersection,Normale,Deux véhicules - côté,,,,,,,,,,,1,2,1,1,3
200700065948,0007-10-07 07:30:00,7,10,7,7,30,940,78,PARIS (R DE),,,Plein jour,En agglomération,Hors intersection,Normale,Autre collision,,,,,,,,,,,1,2,1,1,6
200700065949,0007-10-29 19:20:00,7,10,29,19,20,940,78,"8, PIERRE SEMARD (PL)",,,Nuit avec éclairage allumé,En agglomération,Place,Pluie légère,Autre collision,,,,,,,,,,,5,2,7,2,6
200700065950,0007-10-28 18:05:00,7,10,28,18,5,940,78,"1, LEO LAGRANGE (R)",,,Nuit avec éclairage allumé,En agglomération,Hors intersection,Normale,Sans collision,,,,,,,,,,,5,2,1,1,7
200700065951,0007-10-02 09:05:00,7,10,2,9,5,940,77,"1, DIDIER DAURAT (rue)",,,Plein jour,En agglomération,Hors intersection,Temps couvert,Deux véhicules - arrière,,,,,,,,,,,1,2,1,8,2
200700065952,0007-10-11 12:00:00,7,10,11,12,0,940,77,"1, LE FOLL (AV)",,,Plein jour,En agglomération,Hors intersection,Normale,Deux véhicules - arrière,,,,,,,,,,,1,2,1,1,2
200700065953,0007-10-01 19:15:00,7,10,1,19,15,940,1,"0, VICTOIRE (place de la",,,Crépuscule ou aube,En agglomération,Hors intersection,Pluie légère,Autre collision,,,,,,,,,,,2,2,1,2,6
200700065954,0007-10-22 08:35:00,7,10,22,8,35,940,78,"1, CROSNES (R DE)",,,Plein jour,En agglomération,Hors intersection,Normale,Deux véhicules - côté,,,,,,,,,,,1,2,1,1,3
200700065955,0007-10-06 19:45:00,7,10,6,19,45,940,80,"62, MINIMES (AV DES)",,,Crépuscule ou aube,En agglomération,Intersection en T,Normale,Deux véhicules - côté,,,,,,,,,,,2,2,3,1,3
200700065956,0007-10-07 17:00:00,7,10,7,17,0,940,67,"08, FOCH (AV)",,,Plein jour,En agglomération,Hors intersection,Normale,Deux véhicules - côté,,,,,,,,,,,1,2,1,1,3
200700065957,0007-10-09 12:10:00,7,10,9,12,10,940,67,"23, JEANNE D'ARC (R)",,,Plein jour,En agglomération,Intersection en X,Normale,Deux véhicules - côté,,,,,,,,,,,1,2,2,1,3
200700065958,0007-10-10 15:35:00,7,10,10,15,35,940,67,"10, JOFFRE (AV)",,,Plein jour,En agglomération,Hors intersection,Normale,Autre collision,,,,,,,,,,,1,2,1,1,6
200700065959,0007-10-11 09:45:00,7,10,11,9,45,940,67,"3, GAMBETTA (AV)",,,Plein jour,En agglomération,Intersection en Y,Normale,Sans collision,,,,,,,,,,,1,2,4,1,7
200700065960,0007-10-13 20:45:00,7,10,13,20,45,940,67,"64, GENERAL DE GAULLE (A",,,Nuit avec éclairage allumé,En agglomération,Intersection en T,Normale,Autre collision,,,,,,,,,,,5,2,3,1,6
200700065961,0007-10-16 14:00:00,7,10,16,14,0,940,80,"37, PARIS (AV DE)",,,Plein jour,En agglomération,Hors intersection,Normale,Deux véhicules - arrière,,,,,,,,,,,1,2,1,1,2
200700065962,0007-10-25 20:10:00,7,10,25,20,10,940,80,"200, FONTENAY (R DE)",,,Nuit avec éclairage allumé,En agglomération,Intersection en X,Normale,Deux véhicules - côté,,,,,,,,,,,5,2,2,1,3
200700065963,0007-10-28 14:20:00,7,10,28,14,20,940,80,CHATEAU (AV DU),,,Plein jour,En agglomération,Intersection en X,Normale,Deux véhicules - côté,,,,,,,,,,,1,2,2,1,3
200700065964,0007-10-04 13:40:00,7,10,4,13,40,940,81,"14, LUCIEN FRANCAIS (AV)",,,Plein jour,En agglomération,Hors intersection,Normale,Autre collision,,,,,,,,,,,1,2,1,1,6
200700065965,0007-10-09 14:30:00,7,10,9,14,30,940,81,"Angle, HENRI BARBUSSE -",,,Plein jour,En agglomération,Intersection en T,Normale,Autre collision,,,,,,,,,,,1,2,3,1,6
200700065966,0007-10-06 21:50:00,7,10,6,21,50,940,81,ROUGET DE L ISLE (AV),,,Nuit sans éclairage public,En agglomération,Hors intersection,Normale,Deux véhicules - arrière,,,,,,,,,,,3,2,1,1,2
200700065967,0007-10-08 08:15:00,7,10,8,8,15,940,81,"angle, PAUL VAILLANT COU",,,Plein jour,En agglomération,Intersection en X,Normale,Autre collision,,,,,,,,,,,1,2,2,1,6
200700065968,0007-10-09 08:25:00,7,10,9,8,25,940,81,"angle, JEAN JAURES (AV)",,,Crépuscule ou aube,En agglomération,Intersection en X,Normale,Autre collision,,,,,,,,,,,2,2,2,1,6
200700065969,0007-10-15 16:05:00,7,10,15,16,5,940,81,"angle, ROUGET DE L ISLE",,,Plein jour,En agglomération,Intersection en X,Normale,Autre collision,,,,,,,,,,,1,2,2,1,6
200700065970,0007-10-16 12:20:00,7,10,16,12,20,940,81,"60, ROUGET DE L ISLE (AV",,,Plein jour,En agglomération,Hors intersection,Normale,Autre collision,,,,,,,,,,,1,2,1,1,6
200700065971,0007-10-25 15:45:00,7,10,25,15,45,940,81,PIERRE SEMARD (R),,,Plein jour,En agglomération,Autre intersection,Normale,Deux véhicules - côté,,,,,,,,,,,1,2,9,1,3
200700065972,0007-10-29 18:30:00,7,10,29,18,30,940,81,PAUL ARMANGOT (R),,,Nuit avec éclairage allumé,En agglomération,Intersection à plus de 4 branches,Normale,Deux véhicules - côté,,,,,,,,,,,5,2,5,1,3
200700065973,0007-10-26 19:20:00,7,10,26,19,20,940,81,LUCIEN FRANCAIS (AV),,,Nuit avec éclairage allumé,En agglomération,Hors intersection,Normale,Autre collision,,,,,,,,,,,5,2,1,1,6
200700065974,0007-10-03 17:45:00,7,10,3,17,45,950,18,"338, ENGHIEN (ROUTE D' )",,,Plein jour,En agglomération,Hors intersection,Normale,Deux véhicules - côté,,,,,,,,,,,1,2,1,1,3
200700065975,0007-10-05 18:55:00,7,10,5,18,55,950,18,"15, CALAIS (RUE DE)",,,Plein jour,En agglomération,Intersection en T,Normale,Autre collision,,,,,,,,,,,1,2,3,1,6
200700065976,0007-10-07 17:05:00,7,10,7,17,5,950,18,MAUPASSANT (ALLEE GUY DE,,,Plein jour,En agglomération,Intersection en X,Normale,Deux véhicules - côté,,,,,,,,,,,1,2,2,1,3
200700065977,0007-10-05 14:20:00,7,10,5,14,20,950,582,PUITS GOHIER,,,Plein jour,En agglomération,Hors intersection,Normale,Deux véhicules - côté,,,,,,,,,,,1,2,1,1,3
200700065978,0007-10-07 15:20:00,7,10,7,15,20,950,18,HELOISE (BOULEVARD),,,Plein jour,En agglomération,Intersection en X,Normale,Deux véhicules - côté,,,,,,,,,,,1,2,2,1,3
200700065979,0007-10-09 08:25:00,7,10,9,8,25,950,18,"27, ALLEMANE (BOULEVARD",,,Plein jour,En agglomération,Hors intersection,Normale,Deux véhicules - côté,,,,,,,,,,,1,2,1,1,3
200700065980,0007-10-10 13:20:00,7,10,10,13,20,950,18,JAURES (AVENUE JEAN),,,Plein jour,En agglomération,Intersection en X,Normale,Deux véhicules - côté,,,,,,,,,,,1,2,2,1,3
200700065981,0007-10-12 11:55:00,7,10,12,11,55,950,18,"60, NONNAISE (RUE DE LA)",,,Plein jour,En agglomération,Hors intersection,Normale,Sans collision,,,,,,,,,,,1,2,1,1,7
200700065982,0007-10-13 02:50:00,7,10,13,2,50,950,18,"11, JUSTICE (RUE DE LA)",,,Nuit avec éclairage non allumé,En agglomération,Hors intersection,Normale,Autre collision,,,,,,,,,,,4,2,1,1,6
200700065983,0007-10-13 22:25:00,7,10,13,22,25,950,18,DIX NEUF MARS 1962 (RUE,,,Nuit avec éclairage allumé,En agglomération,Giratoire,Normale,Deux véhicules - côté,,,,,,,,,,,5,2,6,1,3
200700065984,0007-10-12 18:50:00,7,10,12,18,50,950,18,STALINGRAD (AVENUE DE),,,Plein jour,En agglomération,Intersection en Y,Normale,Deux véhicules - arrière,,,,,,,,,,,1,2,4,1,2
200700065985,0007-10-18 21:45:00,7,10,18,21,45,950,176,EMY-LES-PRES (RUE),,,Nuit avec éclairage allumé,En agglomération,Hors intersection,Normale,Sans collision,,,,,,,,,,,5,2,1,1,7
200700065986,0007-10-17 10:45:00,7,10,17,10,45,950,18,PERI (AVENUE GABRIEL),,,Plein jour,En agglomération,Intersection en X,Normale,Sans collision,,,,,,,,,,,1,2,2,1,7
200700065987,0007-10-19 08:50:00,7,10,19,8,50,950,18,JAURES (AVENUE JEAN),,,Plein jour,En agglomération,Intersection en T,Normale,Deux véhicules - côté,,,,,,,,,,,1,2,3,1,3
200700065988,0007-10-22 17:50:00,7,10,22,17,50,950,176,"65, JOFFRE (BOULEVARD)",,,Plein jour,En agglomération,Hors intersection,Normale,Deux véhicules - frontale,,,,,,,,,,,1,2,1,1,1
200700065989,0007-10-23 11:00:00,7,10,23,11,0,950,176,CLEMENCEAU (BOULEVARD GE,,,Plein jour,En agglomération,Intersection en X,Normale,Sans collision,,,,,,,,,,,1,2,2,1,7
200700065990,0007-10-25 23:45:00,7,10,25,23,45,950,18,DIX NEUF MARS 1962 (RUE,,,Nuit avec éclairage allumé,En agglomération,Hors intersection,Normale,Autre collision,,,,,,,,,,,5,2,1,1,6
200700065991,0007-10-26 07:55:00,7,10,26,7,55,950,18,DE GAULLE (AVENUE DU GEN,,,Crépuscule ou aube,En agglomération,Intersection en X,Normale,Sans collision,,,,,,,,,,,2,2,2,1,7
200700065992,0007-10-26 09:30:00,7,10,26,9,30,950,18,ENGHIEN (ROUTE D' ),,,Plein jour,En agglomération,Intersection en T,Normale,Deux véhicules - côté,,,,,,,,,,,1,2,3,1,3
200700065993,0007-10-27 21:25:00,7,10,27,21,25,950,18,ALLEMANE (BOULEVARD JEAN,,,Nuit avec éclairage allumé,En agglomération,Intersection en T,Normale,Autre collision,,,,,,,,,,,5,2,3,1,6
200700065994,0007-10-28 22:23:00,7,10,28,22,23,950,18,RD 311,,,Nuit avec éclairage non allumé,En agglomération,Intersection en T,Normale,Deux véhicules - frontale,,,,,,,,,,,4,2,3,1,1
200700065995,0007-10-29 13:55:00,7,10,29,13,55,950,18,"15/17, GRANDE CEINTURE (",,,Plein jour,En agglomération,Hors intersection,Pluie légère,Deux véhicules - frontale,,,,,,,,,,,1,2,1,2,1
200700065996,0007-10-30 08:25:00,7,10,30,8,25,950,63,JULIUS ET ETHEL ROSENBER,,,Plein jour,Hors agglomération,Hors intersection,Normale,Autre collision,,,,,,,,,,,1,1,1,1,6
200700065997,0007-10-08 04:38:00,7,10,8,4,38,950,127,"0, RN 14 (PROLONGEMENT A",,,Nuit avec éclairage non allumé,Hors agglomération,Hors intersection,Brouillard / fumée,Trois véhicules et plus - en chaîne,,,,,,,,,,,4,1,1,5,4
200700065998,0007-10-01 08:30:00,7,10,1,8,30,950,218,"2, RAYES BRUNES (ALLEE D",,,Nuit avec éclairage allumé,En agglomération,Hors intersection,Pluie légère,Sans collision,,,,,,,,,,,5,2,1,2,7
200700065999,0007-10-29 17:45:00,7,10,29,17,45,950,572,"0, FOND DE VAUX (AVENUE",,,Plein jour,Hors agglomération,Hors intersection,Normale,Deux véhicules - côté,,,,,,,,,,,1,1,1,1,3
200700066000,0007-10-22 07:00:00,7,10,22,7,0,950,218,"0, PIERRELAYE (RUE DE)",,,Nuit avec éclairage allumé,En agglomération,Intersection en X,Normale,Deux véhicules - côté,,,,,,,,,,,5,2,2,1,3
200700066001,0007-10-21 09:30:00,7,10,21,9,30,950,127,"33, VAUREAL (RUE DE)",,,Plein jour,En agglomération,Hors intersection,Normale,Sans collision,,,,,,,,,,,1,2,1,1,7
200700066002,0007-10-27 15:25:00,7,10,27,15,25,950,127,"0, VIOSNE (BOULEVARD DE",,,Plein jour,Hors agglomération,Intersection en T,Normale,Sans collision,,,,,,,,,,,1,1,3,1,7
200700066003,0007-10-26 15:52:00,7,10,26,15,52,950,488,PARC (CHEMIN DU),,,Plein jour,Hors agglomération,Intersection en T,Normale,Deux véhicules - côté,,,,,,,,,,,1,1,3,1,3
200700066004,0007-10-23 14:20:00,7,10,23,14,20,950,197,"15, MOUTIER (RUE DU)",,,Plein jour,En agglomération,Intersection en X,Normale,Deux véhicules - arrière,,,,,,,,,,,1,2,2,1,2
200700066005,0007-10-14 19:50:00,7,10,14,19,50,950,428,"64, GALLERANDS",,,Nuit avec éclairage allumé,En agglomération,Autre intersection,Normale,Deux véhicules - côté,,,,,,,,,,,5,2,9,1,3
200700066006,0007-10-15 14:00:00,7,10,15,14,0,950,210,MALLEVILLE (RUE DE),,,Plein jour,En agglomération,Intersection en X,Normale,Deux véhicules - côté,,,,,,,,,,,1,2,2,1,3
200700066007,0007-10-15 17:15:00,7,10,15,17,15,950,555,PICOLO (RUE DU),,,Plein jour,En agglomération,Intersection en X,Normale,Deux véhicules - côté,,,,,,,,,,,1,2,2,1,3
200700066008,0007-10-16 10:00:00,7,10,16,10,0,950,598,ANDILLY      RUE D',,,Plein jour,En agglomération,Hors intersection,Normale,Sans collision,,,,,,,,,,,1,2,1,1,7
200700066009,0007-10-18 17:30:00,7,10,18,17,30,950,598,"96, MONTMORENCY   RUE DE",,,Plein jour,En agglomération,Hors intersection,Normale,Deux véhicules - côté,,,,,,,,,,,1,2,1,1,3
200700066010,0007-10-29 12:05:00,7,10,29,12,5,950,555,ALBRECHT (RUE BERTHIE),,,Plein jour,En agglomération,Autre intersection,Pluie légère,Autre collision,,,,,,,,,,,1,2,9,2,6
200700066011,0007-10-29 18:00:00,7,10,29,18,0,950,428,DE LA FONTAINE,,,Crépuscule ou aube,En agglomération,Hors intersection,Normale,Deux véhicules - côté,,,,,,,,,,,2,2,1,1,3
200700066012,0007-10-05 15:05:00,7,10,5,15,5,950,203,REPUBLIQUE (BOULEVARD DE,,,Plein jour,En agglomération,Intersection en X,Normale,Deux véhicules - côté,,,,,,,,,,,1,2,2,1,3
200700066013,0007-10-07 19:50:00,7,10,7,19,50,950,252,ROMME ET DU BOIS DES POU,,,Nuit sans éclairage public,Hors agglomération,Autre intersection,Normale,Deux véhicules - frontale,,,,,,,,,,,3,1,9,1,1
200700066014,0007-10-09 18:32:00,7,10,9,18,32,950,203,ANDILLY (RUE D'),,,Plein jour,En agglomération,Intersection en Y,Normale,Deux véhicules - côté,,,,,,,,,,,1,2,4,1,3
200700066015,0007-10-09 20:05:00,7,10,9,20,5,950,219,DEGAS (RUE),,,Nuit avec éclairage allumé,En agglomération,Hors intersection,Pluie légère,Autre collision,,,,,,,,,,,5,2,1,2,6
200700066016,0007-10-13 16:50:00,7,10,13,16,50,950,252,GENERAL LECLERC (RUE DU),,,Plein jour,En agglomération,Hors intersection,Normale,Autre collision,,,,,,,,,,,1,2,1,1,6
200700066017,0007-10-16 07:55:00,7,10,16,7,55,950,252,"55, PARIS (RUE DE)",,,Crépuscule ou aube,En agglomération,Hors intersection,Normale,Autre collision,,,,,,,,,,,2,2,1,1,6