accident_id,datetime,annee,mois,jour,heure,minute,departement,commune_insee,adresse,latitude,longitude,luminosite,agglomeration,intersection,meteo,collision,nb_vehicules,nb_usagers,nb_indemnes,nb_tues,nb_blesses_hosp,nb_blesses_legers,age_cond_1,age_cond_2,veh_type_cond_1,veh_type_cond_2,lum_code,agg_code,int_code,atm_code,col_code
200700066423,0007-10-23 07:50:00,7,10,23,7,50,590,350,AUTOROUTE A25,,,Plein jour,Hors agglomération,Hors intersection,Normale,Trois véhicules et plus - en chaîne,,,,,,,,,,,1,1,1,1,4
200700066424,0007-10-23 08:15:00,7,10,23,8,15,620,637,AUTOROUTE A1,,,Plein jour,Hors agglomération,Hors intersection,Normale,Autre collision,,,,,,,,,,,1,1,1,1,6
200700066425,0007-10-23 09:20:00,7,10,23,9,20,590,581,AUTOROUTE A25,,,Plein jour,Hors agglomération,Hors intersection,Normale,Trois véhicules et plus - en chaîne,,,,,,,,,,,1,1,1,1,4
200700066426,0007-10-25 09:45:00,7,10,25,9,45,620,351,AUTOROUTE A21,,,Plein jour,Hors agglomération,Hors intersection,Normale,Deux véhicules - arrière,,,,,,,,,,,1,1,1,1,2
200700066427,0007-10-25 14:50:00,7,10,25,14,50,590,350,AUTOROUTE A25,,,Plein jour,Hors agglomération,Hors intersection,Normale,Autre collision,,,,,,,,,,,1,1,1,1,6
200700066428,0007-10-25 10:25:00,7,10,25,10,25,620,528,AUTOROUTE A21,,,Plein jour,Hors agglomération,Hors intersection,Normale,Autre collision,,,,,,,,,,,1,1,1,1,6
200700066429,0007-10-26 01:30:00,7,10,26,1,30,620,274,AUTOROUTE A21,,,Nuit avec éclairage allumé,Hors agglomération,Hors intersection,Normale,Autre collision,,,,,,,,,,,5,1,1,1,6
200700066430,0007-10-26 02:55:00,7,10,26,2,55,590,196,ROUTE DEPARTEMENTALE 652,,,Nuit avec éclairage allumé,Hors agglomération,Hors intersection,Normale,Autre collision,,,,,,,,,,,5,1,1,1,6
200700066431,0007-10-29 18:30:00,7,10,29,18,30,620,274,AUTOROUTE A1,,,Nuit avec éclairage allumé,Hors agglomération,Hors intersection,Pluie légère,Autre collision,,,,,,,,,,,5,1,1,2,6
200700066432,0007-10-29 19:00:00,7,10,29,19,0,590,350,ROUTE NATIONALE 356,,,Nuit avec éclairage allumé,Hors agglomération,Hors intersection,Pluie légère,Autre collision,,,,,,,,,,,5,1,1,2,6
200700066433,0007-10-29 21:05:00,7,10,29,21,5,590,9,AUTOROUTE A22,,,Nuit avec éclairage allumé,Hors agglomération,Hors intersection,Pluie légère,Autre collision,,,,,,,,,,,5,1,1,2,6
200700066434,0007-10-29 22:37:00,7,10,29,22,37,590,350,ROUTE NATIONALE 356,,,Nuit avec éclairage allumé,Hors agglomération,Hors intersection,Pluie légère,Autre collision,,,,,,,,,,,5,1,1,2,6
200700066435,0007-10-30 10:40:00,7,10,30,10,40,590,507,AUTOROUTE A1,,,Plein jour,Hors agglomération,Hors intersection,Pluie légère,Autre collision,,,,,,,,,,,1,1,1,2,6
200700066436,0007-10-30 17:30:00,7,10,30,17,30,620,528,AUTOROUTE A21,,,Plein jour,Hors agglomération,Hors intersection,Normale,Deux véhicules - arrière,,,,,,,,,,,1,1,1,1,2
200700066437,0007-10-31 22:50:00,7,10,31,22,50,620,498,AUTOROUTE A21,,,Nuit avec éclairage allumé,Hors agglomération,Hors intersection,Normale,Autre collision,,,,,,,,,,,5,1,1,1,6
200700066438,0007-10-31 12:30:00,7,10,31,12,30,590,9,ROUTE NATIONALE 227,,,Plein jour,Hors agglomération,Hors intersection,Normale,Deux véhicules - arrière,,,,,,,,,,,1,1,1,1,2
200700066439,0007-10-31 13:17:00,7,10,31,13,17,620,274,AUTOROUTE A1,,,Plein jour,Hors agglomération,Hors intersection,Normale,Deux véhicules - côté,,,,,,,,,,,1,1,1,1,3
200700066440,0007-10-31 19:40:00,7,10,31,19,40,590,462,AUTOROUTE A1,,,Nuit avec éclairage allumé,Hors agglomération,Hors intersection,Normale,Autre collision,,,,,,,,,,,5,1,1,1,6
200700066441,0007-10-01 08:45:00,7,10,1,8,45,690,383,"287, RUE ANDRE PHILIP",,,Plein jour,En agglomération,Hors intersection,Normale,Trois véhicules et plus - collisions multiples,,,,,,,,,,,1,2,1,1,5
200700066442,0007-10-01 20:05:00,7,10,1,20,5,690,383,"163, AVENUE MARECHAL DE",,,Nuit avec éclairage allumé,En agglomération,Hors intersection,Normale,Autre collision,,,,,,,,,,,5,2,1,1,6
200700066443,0007-10-06 17:30:00,7,10,6,17,30,690,383,RUE LEON JOUHAUX,,,Plein jour,En agglomération,Intersection en X,Normale,Deux véhicules - côté,,,,,,,,,,,1,2,2,1,3
200700066444,0007-10-08 19:37:00,7,10,8,19,37,690,386,"8, COURS FRANKLIN ROOSEV",,,Nuit avec éclairage allumé,En agglomération,Hors intersection,Normale,Sans collision,,,,,,,,,,,5,2,1,1,7
200700066445,0007-10-10 18:25:00,7,10,10,18,25,690,383,"27, AVENUE ROCKEFELLER",,,Plein jour,En agglomération,Hors intersection,Normale,Autre collision,,,,,,,,,,,1,2,1,1,6
200700066446,0007-10-10 14:15:00,7,10,10,14,15,690,386,AVENUE THIERS,,,Plein jour,En agglomération,Hors intersection,Normale,Autre collision,,,,,,,,,,,1,2,1,1,6
200700066447,0007-10-02 18:45:00,7,10,2,18,45,690,383,"116, RUE ANTOINE CHARIAL",,,Crépuscule ou aube,En agglomération,Hors intersection,Normale,Deux véhicules - côté,,,,,,,,,,,2,2,1,1,3
200700066448,0007-10-11 11:00:00,7,10,11,11,0,690,386,BOULEVARD DES BELGES,,,Plein jour,En agglomération,Intersection en X,Normale,Deux véhicules - côté,,,,,,,,,,,1,2,2,1,3
200700066449,0007-10-11 18:00:00,7,10,11,18,0,690,386,"26-30, AVENUE MARECHAL F",,,Crépuscule ou aube,En agglomération,Hors intersection,Normale,Trois véhicules et plus - en chaîne,,,,,,,,,,,2,2,1,1,4
200700066450,0007-10-12 18:15:00,7,10,12,18,15,690,383,AVENUE ROCKEFELLER,,,Plein jour,En agglomération,Intersection en X,Normale,Deux véhicules - côté,,,,,,,,,,,1,2,2,1,3
200700066451,0007-10-18 17:18:00,7,10,18,17,18,690,383,"42-44, AVENUE LACASSAGNE",,,Plein jour,En agglomération,Hors intersection,Normale,Autre collision,,,,,,,,,,,1,2,1,1,6
200700066452,0007-10-19 12:30:00,7,10,19,12,30,690,386,RUE DES EMERAUDES,,,Plein jour,En agglomération,Intersection en X,Normale,Autre collision,,,,,,,,,,,1,2,2,1,6
200700066453,0007-10-19 17:20:00,7,10,19,17,20,690,383,RUE PIERRE CORNEILLE,,,Plein jour,En agglomération,Intersection en X,Normale,Deux véhicules - côté,,,,,,,,,,,1,2,2,1,3
200700066454,0007-10-20 16:30:00,7,10,20,16,30,690,383,RUE VILLEBOIS MAREUIL,,,Plein jour,En agglomération,Intersection en X,Normale,Deux véhicules - côté,,,,,,,,,,,1,2,2,1,3
200700066455,0007-10-21 13:50:00,7,10,21,13,50,690,383,RUE ETIENNE RICHERAND,,,Plein jour,En agglomération,Intersection en X,Normale,Deux véhicules - côté,,,,,,,,,,,1,2,2,1,3
200700066456,0007-10-23 11:55:00,7,10,23,11,55,690,383,RUE LOUIS,,,Plein jour,En agglomération,Intersection en X,Normale,Deux véhicules - côté,,,,,,,,,,,1,2,2,1,3
200700066457,0007-10-25 13:50:00,7,10,25,13,50,690,386,"200, QUAI CHARLES DE GAU",,,Plein jour,En agglomération,Hors intersection,Normale,Deux véhicules - arrière,,,,,,,,,,,1,2,1,1,2
200700066458,0007-10-26 13:10:00,7,10,26,13,10,690,383,RUE VENDOME,,,Plein jour,En agglomération,Intersection en X,Normale,Deux véhicules - côté,,,,,,,,,,,1,2,2,1,3
200700066459,0007-10-26 18:20:00,7,10,26,18,20,690,386,"92, COURS VITTON",,,Crépuscule ou aube,En agglomération,Hors intersection,Normale,Autre collision,,,,,,,,,,,2,2,1,1,6
200700066460,0007-10-26 19:40:00,7,10,26,19,40,690,383,"77, RUE DU DAUPHINE",,,Nuit avec éclairage allumé,En agglomération,Hors intersection,Normale,Deux véhicules - frontale,,,,,,,,,,,5,2,1,1,1
200700066461,0007-10-27 00:30:00,7,10,27,0,30,690,383,"197, AVENUE LACASSAGNE",,,Nuit avec éclairage allumé,En agglomération,Intersection en X,Normale,Deux véhicules - côté,,,,,,,,,,,5,2,2,1,3
200700066462,0007-10-27 15:10:00,7,10,27,15,10,690,383,RUE D ARMENIE,,,Plein jour,En agglomération,Intersection en X,Normale,Deux véhicules - côté,,,,,,,,,,,1,2,2,1,3
200700066463,0007-10-03 20:55:00,7,10,3,20,55,690,384,"1, COURS D HERBOUVILLE",,,Nuit avec éclairage allumé,En agglomération,Hors intersection,Pluie légère,Deux véhicules - arrière,,,,,,,,,,,5,2,1,2,2
200700066464,0007-10-18 23:20:00,7,10,18,23,20,690,384,"22bis, RUE DE BELFORT",,,Nuit avec éclairage allumé,En agglomération,Intersection en X,Normale,Deux véhicules - côté,,,,,,,,,,,5,2,2,1,3
200700066465,0007-10-02 06:25:00,7,10,2,6,25,330,249,ROUTE NATIONALE 230,,,Crépuscule ou aube,Hors agglomération,Hors intersection,Pluie légère,Autre collision,,,,,,,,,,,2,1,1,2,6
200700066466,0007-10-05 07:40:00,7,10,5,7,40,330,249,ROCADE A 630,,,Plein jour,Hors agglomération,Hors intersection,Pluie légère,Autre collision,,,,,,,,,,,1,1,1,2,6
200700066467,0007-10-05 12:15:00,7,10,5,12,15,330,167,ROUTE NATIONALE 230,,,Plein jour,Hors agglomération,Hors intersection,Pluie forte,Deux véhicules - côté,,,,,,,,,,,1,1,1,3,3
200700066468,0007-10-05 19:00:00,7,10,5,19,0,330,318,ROCADE A 630,,,Plein jour,Hors agglomération,Hors intersection,Pluie légère,Trois véhicules et plus - en chaîne,,,,,,,,,,,1,1,1,2,4
200700066469,0007-10-08 01:10:00,7,10,8,1,10,330,162,ROCADE A 630,,,Nuit avec éclairage allumé,Hors agglomération,Hors intersection,Normale,Sans collision,,,,,,,,,,,5,1,1,1,7
200700066470,0007-10-10 04:25:00,7,10,10,4,25,330,192,AUTOROUTE A 63,,,Nuit avec éclairage allumé,Hors agglomération,Hors intersection,Pluie légère,Deux véhicules - côté,,,,,,,,,,,5,1,1,2,3
200700066471,0007-10-10 06:17:00,7,10,10,6,17,330,96,AUTOROUTE A 10,,,Crépuscule ou aube,Hors agglomération,Hors intersection,Pluie légère,Autre collision,,,,,,,,,,,2,1,1,2,6
200700066472,0007-10-10 09:25:00,7,10,10,9,25,330,143,AUTOROUTE A 10,,,Plein jour,Hors agglomération,Hors intersection,Pluie forte,Autre collision,,,,,,,,,,,1,1,1,3,6
200700066473,0007-10-10 10:10:00,7,10,10,10,10,330,96,AUTOROUTE A 10,,,Plein jour,Hors agglomération,Hors intersection,Pluie légère,Deux véhicules - côté,,,,,,,,,,,1,1,1,2,3
200700066474,0007-10-10 11:15:00,7,10,10,11,15,330,63,ROCADE A 630,,,Plein jour,Hors agglomération,Hors intersection,Pluie légère,Deux véhicules - côté,,,,,,,,,,,1,1,1,2,3
200700066475,0007-10-11 07:25:00,7,10,11,7,25,330,13,ROUTE NATIONALE 230,,,Nuit avec éclairage allumé,Hors agglomération,Hors intersection,Normale,Sans collision,,,,,,,,,,,5,1,1,1,7
200700066476,0007-10-11 08:30:00,7,10,11,8,30,330,162,ROCADE A 630,,,Plein jour,Hors agglomération,Hors intersection,Normale,Deux véhicules - arrière,,,,,,,,,,,1,1,1,1,2
200700066477,0007-10-12 16:25:00,7,10,12,16,25,330,249,ROCADE A 630,,,Plein jour,Hors agglomération,Hors intersection,Normale,Trois véhicules et plus - en chaîne,,,,,,,,,,,1,1,1,1,4
200700066478,0007-10-15 16:45:00,7,10,15,16,45,330,39,ROCADE A 630,,,Plein jour,Hors agglomération,Hors intersection,Normale,Deux véhicules - arrière,,,,,,,,,,,1,1,1,1,2
200700066479,0007-10-16 09:55:00,7,10,16,9,55,330,39,ROUTE NATIONALE 230,,,Plein jour,Hors agglomération,Hors intersection,Normale,Autre collision,,,,,,,,,,,1,1,1,1,6
200700066480,0007-10-17 10:50:00,7,10,17,10,50,330,550,ROCADE A 630,,,Plein jour,Hors agglomération,Hors intersection,Normale,Autre collision,,,,,,,,,,,1,1,1,1,6
200700066481,0007-10-18 07:55:00,7,10,18,7,55,330,69,ROUTE NATIONALE 230,,,Plein jour,Hors agglomération,Hors intersection,Normale,Trois véhicules et plus - collisions multiples,,,,,,,,,,,1,1,1,1,5
200700066482,0007-10-18 08:00:00,7,10,18,8,0,330,39,ROCADE A 631,,,Plein jour,Hors agglomération,Hors intersection,Normale,Deux véhicules - arrière,,,,,,,,,,,1,1,1,1,2
200700066483,0007-10-18 12:10:00,7,10,18,12,10,330,39,ROCADE A 630,,,Plein jour,Hors agglomération,Hors intersection,Normale,Deux véhicules - côté,,,,,,,,,,,1,1,1,1,3
200700066484,0007-10-19 06:20:00,7,10,19,6,20,330,550,ROCADE A 630,,,Nuit avec éclairage allumé,Hors agglomération,Hors intersection,Normale,Sans collision,,,,,,,,,,,5,1,1,1,7
200700066485,0007-10-19 07:50:00,7,10,19,7,50,330,162,ROCADE A 630,,,Nuit avec éclairage allumé,Hors agglomération,Hors intersection,Normale,Deux véhicules - arrière,,,,,,,,,,,5,1,1,1,2
200700066486,0007-10-22 08:30:00,7,10,22,8,30,330,550,ROCADE A 630,,,Plein jour,Hors agglomération,Hors intersection,Normale,Deux véhicules - côté,,,,,,,,,,,1,1,1,1,3
200700066487,0007-10-24 07:25:00,7,10,24,7,25,330,162,ROCADE A 630,,,Plein jour,Hors agglomération,Hors intersection,Normale,Deux véhicules - côté,,,,,,,,,,,1,1,1,1,3
200700066488,0007-10-24 17:20:00,7,10,24,17,20,330,63,ROCADE A 630,,,Plein jour,Hors agglomération,Hors intersection,Normale,Deux véhicules - côté,,,,,,,,,,,1,1,1,1,3
200700066489,0007-10-25 06:35:00,7,10,25,6,35,330,39,ROCADE A 630,,,Plein jour,Hors agglomération,Hors intersection,Normale,Deux véhicules - arrière,,,,,,,,,,,1,1,1,1,2
200700066490,0007-10-26 07:50:00,7,10,26,7,50,330,249,ROUTE NATIONALE 230,,,Plein jour,Hors agglomération,Hors intersection,Brouillard / fumée,Trois véhicules et plus - en chaîne,,,,,,,,,,,1,1,1,5,4
200700066491,0007-10-29 13:15:00,7,10,29,13,15,330,550,ROCADE A 630,,,Plein jour,Hors agglomération,Hors intersection,Pluie légère,Autre collision,,,,,,,,,,,1,1,1,2,6
200700066492,0007-10-29 14:45:00,7,10,29,14,45,330,90,AUTOROUTE A 63,,,Plein jour,Hors agglomération,Hors intersection,Normale,Trois véhicules et plus - collisions multiples,,,,,,,,,,,1,1,1,1,5
200700066493,0007-10-29 14:20:00,7,10,29,14,20,330,96,AUTOROUTE A 10,,,Plein jour,Hors agglomération,Hors intersection,Temps couvert,Trois véhicules et plus - collisions multiples,,,,,,,,,,,1,1,1,8,5
200700066494,0007-10-30 13:25:00,7,10,30,13,25,330,397,AUTOROUTE A 10,,,Plein jour,Hors agglomération,Hors intersection,Normale,Deux véhicules - côté,,,,,,,,,,,1,1,1,1,3
200700066495,0007-10-31 10:00:00,7,10,31,10,0,330,69,ROUTE NATIONALE 230,,,Plein jour,Hors agglomération,Hors intersection,Normale,Deux véhicules - arrière,,,,,,,,,,,1,1,1,1,2
200700066496,0007-10-06 11:30:00,7,10,6,11,30,690,385,"7, RUE DES AQUEDUCS",,,Plein jour,En agglomération,Hors intersection,Normale,Sans collision,,,,,,,,,,,1,2,1,1,7
200700066497,0007-10-09 16:40:00,7,10,9,16,40,670,482,Autoroute A.35,,,Plein jour,Hors agglomération,Hors intersection,Normale,Trois véhicules et plus - en chaîne,,,,,,,,,,,1,1,1,1,4
200700066498,0007-10-14 19:45:00,7,10,14,19,45,670,152,Route Nationale 83,,,Nuit avec éclairage allumé,Hors agglomération,Hors intersection,Normale,Trois véhicules et plus - en chaîne,,,,,,,,,,,5,1,1,1,4
200700066499,0007-10-06 15:47:00,7,10,6,15,47,540,115,Autoroute A 31,,,Plein jour,Hors agglomération,Hors intersection,Normale,Trois véhicules et plus - collisions multiples,,,,,,,,,,,1,1,1,1,5
200700066500,0007-10-16 16:00:00,7,10,16,16,0,540,528,Autoroute A 31,,,Plein jour,Hors agglomération,Hors intersection,Normale,Trois véhicules et plus - collisions multiples,,,,,,,,,,,1,1,1,1,5
200700066501,0007-10-21 20:05:00,7,10,21,20,5,540,159,Autoroute A 33,,,Nuit sans éclairage public,Hors agglomération,Hors intersection,Pluie légère,Deux véhicules - côté,,,,,,,,,,,3,1,1,2,3
200700066502,0007-10-28 23:35:00,7,10,28,23,35,540,320,Autoroute A 31,,,Nuit sans éclairage public,Hors agglomération,Hors intersection,Normale,Deux véhicules - arrière,,,,,,,,,,,3,1,1,1,2
200700066503,0007-10-29 17:40:00,7,10,29,17,40,540,483,Autoroute A 33,,,Nuit sans éclairage public,Hors agglomération,Hors intersection,Pluie légère,Deux véhicules - côté,,,,,,,,,,,3,1,1,2,3
200700066504,0007-10-08 16:48:00,7,10,8,16,48,570,582,Autoroute A31,,,Plein jour,Hors agglomération,Hors intersection,Normale,Deux véhicules - côté,,,,,,,,,,,1,1,1,1,3
200700066505,0007-10-11 06:25:00,7,10,11,6,25,570,672,Autoroute A31,,,Crépuscule ou aube,Hors agglomération,Hors intersection,Normale,Trois véhicules et plus - collisions multiples,,,,,,,,,,,2,1,1,1,5
200700066506,0007-10-15 07:50:00,7,10,15,7,50,570,356,Autoroute A31,,,Plein jour,Hors agglomération,Hors intersection,Normale,Deux véhicules - côté,,,,,,,,,,,1,1,1,1,3
200700066507,0007-10-18 15:43:00,7,10,18,15,43,570,663,Autoroute A31,,,Plein jour,Hors agglomération,Hors intersection,Normale,Deux véhicules - côté,,,,,,,,,,,1,1,1,1,3
200700066508,0007-10-05 09:00:00,7,10,5,9,0,690,387,RUE CHEVREUL,,,Plein jour,En agglomération,Intersection en X,Normale,Autre collision,,,,,,,,,,,1,2,2,1,6
200700066509,0007-10-03 18:15:00,7,10,3,18,15,690,387,", AVENUE DEBOURG",,,Plein jour,En agglomération,Intersection en X,Pluie légère,Autre collision,,,,,,,,,,,1,2,2,2,6
200700066510,0007-10-06 00:30:00,7,10,6,0,30,690,387,"50, RUE DU REPOS",,,Nuit avec éclairage allumé,En agglomération,Hors intersection,Pluie légère,Deux véhicules - frontale,,,,,,,,,,,5,2,1,2,1
200700066511,0007-10-10 20:15:00,7,10,10,20,15,690,387,"2, ROUTE DE VIENNE",,,Nuit avec éclairage allumé,En agglomération,Hors intersection,Normale,Autre collision,,,,,,,,,,,5,2,1,1,6
200700066512,0007-10-14 17:00:00,7,10,14,17,0,690,387,"25, RUE DES TROIS ROIS",,,Plein jour,En agglomération,Hors intersection,Normale,Autre collision,,,,,,,,,,,1,2,1,1,6
200700066513,0007-10-15 18:50:00,7,10,15,18,50,690,387,RUE DE LA MADELEINE,,,Nuit avec éclairage allumé,En agglomération,Intersection en X,Normale,Autre collision,,,,,,,,,,,5,2,2,1,6
200700066514,0007-10-18 07:50:00,7,10,18,7,50,690,387,AVENUE DEBOURG,,,Plein jour,En agglomération,Intersection en T,Normale,Autre collision,,,,,,,,,,,1,2,3,1,6
200700066515,0007-10-28 15:10:00,7,10,28,15,10,690,387,"54, COURS GAMBETTA",,,Plein jour,En agglomération,Hors intersection,Normale,Autre collision,,,,,,,,,,,1,2,1,1,6
200700066516,0007-10-29 17:20:00,7,10,29,17,20,690,387,AVENUE TONY GARNIER,,,Plein jour,En agglomération,Intersection en X,Normale,Deux véhicules - côté,,,,,,,,,,,1,2,2,1,3
200700066517,0007-10-31 13:45:00,7,10,31,13,45,690,387,RUE DES GIRONDINS,,,Plein jour,En agglomération,Intersection en X,Normale,Deux véhicules - côté,,,,,,,,,,,1,2,2,1,3
200700066518,0007-10-02 10:50:00,7,10,2,10,50,690,388,"00, RUE SAINT GERVAIS",,,Plein jour,En agglomération,Intersection en X,Normale,Autre collision,,,,,,,,,,,1,2,2,1,6
200700066519,0007-10-01 11:00:00,7,10,1,11,0,690,388,RUE PROFESSEUR BEAUVISAG,,,Plein jour,En agglomération,Intersection en X,Normale,Autre collision,,,,,,,,,,,1,2,2,1,6
200700066520,0007-10-02 17:30:00,7,10,2,17,30,690,388,AVENUE GENERAL FRERE,,,Plein jour,En agglomération,Intersection en X,Normale,Deux véhicules - côté,,,,,,,,,,,1,2,2,1,3
200700066521,0007-10-03 18:25:00,7,10,3,18,25,690,388,"148, RUE PROFESSEUR BEAU",,,Plein jour,En agglomération,Hors intersection,Pluie légère,Autre collision,,,,,,,,,,,1,2,1,2,6
200700066522,0007-10-13 19:30:00,7,10,13,19,30,690,388,"13, PLACE DU 11 NOVEMBRE",,,Nuit avec éclairage allumé,En agglomération,Hors intersection,Pluie forte,Autre collision,,,,,,,,,,,5,2,1,3,6
200700066523,0007-10-04 19:10:00,7,10,4,19,10,690,388,RUE PROFESSEUR BEAUVISAG,,,Crépuscule ou aube,En agglomération,Intersection en X,Pluie légère,Autre collision,,,,,,,,,,,2,2,2,2,6
200700066524,0007-10-08 17:35:00,7,10,8,17,35,690,388,"158, ROUTE DE VIENNE",,,Plein jour,En agglomération,Hors intersection,Normale,Autre collision,,,,,,,,,,,1,2,1,1,6
200700066525,0007-10-09 17:45:00,7,10,9,17,45,690,388,"47, RUE MARYSE BASTIE",,,Plein jour,En agglomération,Hors intersection,Normale,Autre collision,,,,,,,,,,,1,2,1,1,6
200700066526,0007-10-09 18:50:00,7,10,9,18,50,690,388,"55, RUE PIERRE DELORE",,,Crépuscule ou aube,En agglomération,Hors intersection,Normale,Autre collision,,,,,,,,,,,2,2,1,1,6
200700066527,0007-10-02 07:00:00,7,10,2,7,0,690,388,"141, RUE PROFESSEUR BEAU",,,Nuit avec éclairage allumé,En agglomération,Hors intersection,Normale,Autre collision,,,,,,,,,,,5,2,1,1,6
200700066528,0007-10-12 18:50:00,7,10,12,18,50,690,388,"172, RUE PROFESSEUR BEAU",,,Nuit avec éclairage allumé,En agglomération,Hors intersection,Normale,Autre collision,,,,,,,,,,,5,2,1,1,6
200700066529,0007-10-11 17:15:00,7,10,11,17,15,690,388,"00, AVENUE GENERAL FRERE",,,Plein jour,En agglomération,Intersection en X,Normale,Deux véhicules - côté,,,,,,,,,,,1,2,2,1,3
200700066530,0007-10-17 16:55:00,7,10,17,16,55,690,388,"114, COURS ALBERT THOMAS",,,Plein jour,En agglomération,Hors intersection,Normale,Autre collision,,,,,,,,,,,1,2,1,1,6
200700066531,0007-10-21 19:50:00,7,10,21,19,50,690,388,RUE SAINT ROMAIN,,,Crépuscule ou aube,En agglomération,Intersection en X,Normale,Autre collision,,,,,,,,,,,2,2,2,1,6
200700066532,0007-10-22 12:25:00,7,10,22,12,25,690,388,COURS ALBERT THOMAS,,,Plein jour,En agglomération,Hors intersection,Normale,Autre collision,,,,,,,,,,,1,2,1,1,6
200700066533,0007-10-23 18:10:00,7,10,23,18,10,690,388,RUE MARIUS BERLIET,,,Nuit avec éclairage allumé,En agglomération,Hors intersection,Normale,Autre collision,,,,,,,,,,,5,2,1,1,6
200700066534,0007-10-26 13:00:00,7,10,26,13,0,690,388,"67, RUE PHILIPPE FABIA",,,Plein jour,En agglomération,Hors intersection,Normale,Autre collision,,,,,,,,,,,1,2,1,1,6
200700066535,0007-10-29 19:30:00,7,10,29,19,30,690,388,"00, AVENUE BERTHELOT",,,Nuit avec éclairage allumé,En agglomération,Intersection en X,Normale,Deux véhicules - côté,,,,,,,,,,,5,2,2,1,3
200700066536,0007-10-29 07:50:00,7,10,29,7,50,690,388,"00, RUE ROCHAMBEAU",,,Plein jour,En agglomération,Intersection en X,Normale,Autre collision,,,,,,,,,,,1,2,2,1,6
200700066537,0007-10-30 23:30:00,7,10,30,23,30,690,388,"00, RUE PAUL CAZENEUVE",,,Nuit avec éclairage allumé,En agglomération,Intersection en X,Normale,Deux véhicules - frontale,,,,,,,,,,,5,2,2,1,1
200700066538,0007-10-03 07:45:00,7,10,3,7,45,420,218,RN88,,,Crépuscule ou aube,Hors agglomération,Hors intersection,Normale,Trois véhicules et plus - en chaîne,,,,,,,,,,,2,1,1,1,4
200700066539,0007-10-20 04:45:00,7,10,20,4,45,420,207,RN88 DECROISSANT,,,Nuit avec éclairage allumé,Hors agglomération,Hors intersection,Normale,Sans collision,,,,,,,,,,,5,1,1,1,7
200700066540,0007-10-18 07:15:00,7,10,18,7,15,420,237,RN88,,,Crépuscule ou aube,Hors agglomération,Hors intersection,Pluie légère,Autre collision,,,,,,,,,,,2,1,1,2,6
200700066541,0007-10-25 03:20:00,7,10,25,3,20,420,237,RN88,,,Nuit sans éclairage public,Hors agglomération,Hors intersection,Normale,Sans collision,,,,,,,,,,,3,1,1,1,7
200700066542,0007-10-01 22:40:00,7,10,1,22,40,690,290,A43   3.865 A 9.894,,,Nuit avec éclairage allumé,Hors agglomération,Hors intersection,Normale,Deux véhicules - côté,,,,,,,,,,,5,1,1,1,3
200700066543,0007-10-02 14:00:00,7,10,2,14,0,10,275,A42   4.353 A 5.760   GE,,,Plein jour,Hors agglomération,Hors intersection,Normale,Deux véhicules - arrière,,,,,,,,,,,1,1,1,1,2
200700066544,0007-10-03 06:45:00,7,10,3,6,45,380,336,RN7   10.000 A 10.310,,,Nuit sans éclairage public,Hors agglomération,Hors intersection,Normale,Sans collision,,,,,,,,,,,3,1,1,1,7
200700066545,0007-10-03 18:35:00,7,10,3,18,35,690,142,A7   2.278 A 3.690,,,Crépuscule ou aube,Hors agglomération,Hors intersection,Pluie légère,Deux véhicules - côté,,,,,,,,,,,2,1,1,2,3
200700066546,0007-10-04 14:40:00,7,10,4,14,40,690,256,A42     0.560 A 4.020,,,Plein jour,Hors agglomération,Hors intersection,Temps couvert,Deux véhicules - arrière,,,,,,,,,,,1,1,1,8,2
200700066547,0007-10-07 04:30:00,7,10,7,4,30,690,276,A7   8.630 A 10.992,,,Nuit avec éclairage allumé,Hors agglomération,Hors intersection,Normale,Deux véhicules - arrière,,,,,,,,,,,5,1,1,1,2
200700066548,0007-10-07 07:00:00,7,10,7,7,0,690,290,A43   3.865 A 9.894,,,Nuit sans éclairage public,Hors agglomération,Hors intersection,Normale,Deux véhicules - arrière,,,,,,,,,,,3,1,1,1,2
200700066549,0007-10-07 15:50:00,7,10,7,15,50,690,199,A7   7.000 A 8.630,,,Plein jour,Hors agglomération,Hors intersection,Normale,Sans collision,,,,,,,,,,,1,1,1,1,7
200700066550,0007-10-09 08:40:00,7,10,9,8,40,690,275,RN346   29.300 A 34.350,,,Plein jour,Hors agglomération,Hors intersection,Normale,Trois véhicules et plus - en chaîne,,,,,,,,,,,1,1,1,1,4
200700066551,0007-10-09 19:10:00,7,10,9,19,10,690,27,A450   5.100 A 7.285,,,Nuit sans éclairage public,Hors agglomération,Hors intersection,Normale,Deux véhicules - arrière,,,,,,,,,,,3,1,1,1,2
200700066552,0007-10-11 07:30:00,7,10,11,7,30,10,275,A42   4.353 A 5.760   GE,,,Crépuscule ou aube,Hors agglomération,Hors intersection,Normale,Trois véhicules et plus - collisions multiples,,,,,,,,,,,2,1,1,1,5
200700066553,0007-10-12 07:25:00,7,10,12,7,25,690,283,A46S   43.680 A 47.880,,,Plein jour,Hors agglomération,Hors intersection,Temps couvert,Deux véhicules - arrière,,,,,,,,,,,1,1,1,8,2