accident_id,datetime,annee,mois,jour,heure,minute,departement,commune_insee,adresse,latitude,longitude,luminosite,agglomeration,intersection,meteo,collision,nb_vehicules,nb_usagers,nb_indemnes,nb_tues,nb_blesses_hosp,nb_blesses_legers,age_cond_1,age_cond_2,veh_type_cond_1,veh_type_cond_2,lum_code,agg_code,int_code,atm_code,col_code
200700067077,0007-10-22 15:10:00,7,10,22,15,10,750,114,"51, AVENUE DE L OBSERVAT",,,Plein jour,En agglomération,Hors intersection,Normale,Deux véhicules - côté,,,,,,,,,,,1,2,1,1,3
200700067078,0007-10-22 16:38:00,7,10,22,16,38,750,114,"51, AVENUE DE L OBSERVAT",,,Plein jour,En agglomération,Hors intersection,Normale,Autre collision,,,,,,,,,,,1,2,1,1,6
200700067079,0007-10-25 09:05:00,7,10,25,9,5,750,114,"28, AVENUE DE LA PORTE D",,,Plein jour,En agglomération,Hors intersection,Normale,Autre collision,,,,,,,,,,,1,2,1,1,6
200700067080,0007-10-26 11:50:00,7,10,26,11,50,750,114,"1, BOULEVARD BRUNE",,,Plein jour,En agglomération,Intersection en X,Normale,Deux véhicules - côté,,,,,,,,,,,1,2,2,1,3
200700067081,0007-10-26 14:50:00,7,10,26,14,50,750,114,AVENUE DE LA PORTE D ORL,,,Plein jour,En agglomération,Intersection en T,Normale,Sans collision,,,,,,,,,,,1,2,3,1,7
200700067082,0007-10-29 07:15:00,7,10,29,7,15,750,114,"91, RUE D ALESIA",,,Crépuscule ou aube,En agglomération,Intersection en X,Pluie forte,Autre collision,,,,,,,,,,,2,2,2,3,6
200700067083,0007-10-31 21:25:00,7,10,31,21,25,750,114,"94, AVENUE DU MAINE",,,Nuit avec éclairage allumé,En agglomération,Intersection en X,Normale,Deux véhicules - côté,,,,,,,,,,,5,2,2,1,3
200700067084,0007-10-01 20:08:00,7,10,1,20,8,750,115,"52, AVENUE DE LA MOTTE P",,,Nuit avec éclairage allumé,En agglomération,Hors intersection,Pluie forte,Deux véhicules - arrière,,,,,,,,,,,5,2,1,3,2
200700067085,0007-10-03 08:20:00,7,10,3,8,20,750,115,"40, RUE DESAIX",,,Plein jour,En agglomération,Hors intersection,Normale,Deux véhicules - côté,,,,,,,,,,,1,2,1,1,3
200700067086,0007-10-04 14:30:00,7,10,4,14,30,750,115,"4, RUE DE LA PORTE D ISS",,,Plein jour,En agglomération,Hors intersection,Normale,Autre collision,,,,,,,,,,,1,2,1,1,6
200700067087,0007-10-04 19:20:00,7,10,4,19,20,750,115,", PLACE DU MOULIN DE JAV",,,Nuit avec éclairage allumé,En agglomération,Giratoire,Normale,Deux véhicules - arrière,,,,,,,,,,,5,2,6,1,2
200700067088,0007-10-04 20:10:00,7,10,4,20,10,750,115,"49, RUE DESNOUETTES",,,Nuit avec éclairage allumé,En agglomération,Hors intersection,Normale,Trois véhicules et plus - collisions multiples,,,,,,,,,,,5,2,1,1,5
200700067089,0007-10-05 10:55:00,7,10,5,10,55,750,115,"44, RUE CAMBRONNE",,,Plein jour,En agglomération,Hors intersection,Normale,Deux véhicules - arrière,,,,,,,,,,,1,2,1,1,2
200700067090,0007-10-05 12:40:00,7,10,5,12,40,750,115,"20, BOULEVARD PASTEUR",,,Plein jour,En agglomération,Intersection en X,Normale,Deux véhicules - côté,,,,,,,,,,,1,2,2,1,3
200700067091,0007-10-05 16:20:00,7,10,5,16,20,750,115,"25, METRO VOLONTAIRES",,,Plein jour,En agglomération,Hors intersection,Normale,Sans collision,,,,,,,,,,,1,2,1,1,7
200700067092,0007-10-07 14:30:00,7,10,7,14,30,750,115,"19, QUAI DE GRENELLE",,,Plein jour,En agglomération,Hors intersection,Normale,Deux véhicules - côté,,,,,,,,,,,1,2,1,1,3
200700067093,0007-10-08 05:20:00,7,10,8,5,20,750,115,"88, RUE CASTAGNARY",,,Nuit avec éclairage allumé,En agglomération,Intersection en T,Normale,Deux véhicules - arrière,,,,,,,,,,,5,2,3,1,2
200700067094,0007-10-08 14:40:00,7,10,8,14,40,750,115,"10, RUE DES QUATRE FRERE",,,Plein jour,En agglomération,Hors intersection,Normale,Deux véhicules - côté,,,,,,,,,,,1,2,1,1,3
200700067095,0007-10-10 23:00:00,7,10,10,23,0,750,115,PLACE FERNAND FOREST,,,Nuit sans éclairage public,En agglomération,Intersection en X,Normale,Deux véhicules - côté,,,,,,,,,,,3,2,2,1,3
200700067096,0007-10-11 16:30:00,7,10,11,16,30,750,115,"339, RUE LECOURBE",,,Plein jour,En agglomération,Hors intersection,Normale,Deux véhicules - côté,,,,,,,,,,,1,2,1,1,3
200700067097,0007-10-13 06:10:00,7,10,13,6,10,750,115,PORTE D ISSY,,,Nuit avec éclairage allumé,En agglomération,Hors intersection,Normale,Autre collision,,,,,,,,,,,5,2,1,1,6
200700067098,0007-10-13 14:10:00,7,10,13,14,10,750,115,"111-113, AVENUE FELIX FA",,,Plein jour,En agglomération,Intersection en X,Normale,Deux véhicules - côté,,,,,,,,,,,1,2,2,1,3
200700067099,0007-10-14 02:20:00,7,10,14,2,20,750,115,"4, BOULEVARD GARIBALDI",,,Nuit avec éclairage allumé,En agglomération,Hors intersection,Normale,Autre collision,,,,,,,,,,,5,2,1,1,6
200700067100,0007-10-14 15:23:00,7,10,14,15,23,750,115,"150, RUE DE LA CONVENTIO",,,Plein jour,En agglomération,Hors intersection,Normale,Autre collision,,,,,,,,,,,1,2,1,1,6
200700067101,0007-10-15 11:45:00,7,10,15,11,45,750,115,RUE FREMICOURT,,,Plein jour,En agglomération,Hors intersection,Normale,Sans collision,,,,,,,,,,,1,2,1,1,7
200700067102,0007-10-15 15:50:00,7,10,15,15,50,750,115,"177, RUE DE LA CONVENTIO",,,Plein jour,En agglomération,Hors intersection,Normale,Deux véhicules - côté,,,,,,,,,,,1,2,1,1,3
200700067103,0007-10-16 08:10:00,7,10,16,8,10,750,115,"140, AVENUE EMILE ZOLA",,,Plein jour,En agglomération,Hors intersection,Normale,Deux véhicules - côté,,,,,,,,,,,1,2,1,1,3
200700067104,0007-10-17 20:30:00,7,10,17,20,30,750,115,"66, RUE LECOURBE",,,Nuit avec éclairage allumé,En agglomération,Hors intersection,Normale,Autre collision,,,,,,,,,,,5,2,1,1,6
200700067105,0007-10-18 10:30:00,7,10,18,10,30,750,115,"39, RUE BALARD",,,Plein jour,En agglomération,Hors intersection,Normale,Deux véhicules - arrière,,,,,,,,,,,1,2,1,1,2
200700067106,0007-10-18 14:15:00,7,10,18,14,15,750,115,"13, RUE DE VOUILLE",,,Plein jour,En agglomération,Hors intersection,Normale,Autre collision,,,,,,,,,,,1,2,1,1,6
200700067107,0007-10-19 09:10:00,7,10,19,9,10,750,115,"69, RUE SAINT CHARLES",,,Plein jour,En agglomération,Intersection en X,Normale,Deux véhicules - côté,,,,,,,,,,,1,2,2,1,3
200700067108,0007-10-19 11:10:00,7,10,19,11,10,750,115,"24, RUE DE VOUILLE",,,Plein jour,En agglomération,Intersection en X,Normale,Deux véhicules - côté,,,,,,,,,,,1,2,2,1,3
200700067109,0007-10-19 21:20:00,7,10,19,21,20,750,115,"46 bis, BOULEVARD DU MON",,,Nuit sans éclairage public,En agglomération,Hors intersection,Normale,Deux véhicules - arrière,,,,,,,,,,,3,2,1,1,2
200700067110,0007-10-20 15:15:00,7,10,20,15,15,750,115,"45, RUE CAMBRONNE",,,Plein jour,En agglomération,Hors intersection,Normale,Deux véhicules - côté,,,,,,,,,,,1,2,1,1,3
200700067111,0007-10-21 07:30:00,7,10,21,7,30,750,115,RUE DE VOUILLE,,,Crépuscule ou aube,En agglomération,Intersection en X,Normale,Deux véhicules - côté,,,,,,,,,,,2,2,2,1,3
200700067112,0007-10-21 15:25:00,7,10,21,15,25,750,115,"198, RUE DE LA CONVENTIO",,,Plein jour,En agglomération,Hors intersection,Normale,Deux véhicules - frontale,,,,,,,,,,,1,2,1,1,1
200700067113,0007-10-22 12:30:00,7,10,22,12,30,750,115,"72, RUE DE L EGLISE",,,Plein jour,En agglomération,Hors intersection,Normale,Autre collision,,,,,,,,,,,1,2,1,1,6
200700067114,0007-10-22 19:50:00,7,10,22,19,50,750,115,"124, AVENUE EMILE ZOLA",,,Nuit avec éclairage allumé,En agglomération,Hors intersection,Normale,Autre collision,,,,,,,,,,,5,2,1,1,6
200700067115,0007-10-23 08:35:00,7,10,23,8,35,750,115,"170, RUE DE LA CONVENTIO",,,Plein jour,En agglomération,Hors intersection,Normale,Sans collision,,,,,,,,,,,1,2,1,1,7
200700067116,0007-10-23 14:00:00,7,10,23,14,0,750,115,"63, RUE LECOURBE",,,Plein jour,En agglomération,Hors intersection,Normale,Autre collision,,,,,,,,,,,1,2,1,1,6
200700067117,0007-10-24 11:00:00,7,10,24,11,0,750,115,"32, PORTE D ISSY",,,Plein jour,En agglomération,Intersection en T,Normale,Deux véhicules - côté,,,,,,,,,,,1,2,3,1,3
200700067118,0007-10-24 16:50:00,7,10,24,16,50,750,115,"350, RUE LECOURBE",,,Plein jour,En agglomération,Hors intersection,Normale,Deux véhicules - arrière,,,,,,,,,,,1,2,1,1,2
200700067119,0007-10-25 18:50:00,7,10,25,18,50,750,115,"0, QUAI BRANLY",,,Nuit avec éclairage allumé,En agglomération,Hors intersection,Normale,Autre collision,,,,,,,,,,,5,2,1,1,6
200700067120,0007-10-25 21:52:00,7,10,25,21,52,750,115,"258, RUE DE VAUGIRARD",,,Nuit avec éclairage allumé,En agglomération,Intersection en X,Normale,Deux véhicules - côté,,,,,,,,,,,5,2,2,1,3
200700067121,0007-10-26 19:45:00,7,10,26,19,45,750,115,PONT DE GRENELLE,,,Nuit avec éclairage allumé,En agglomération,Hors intersection,Normale,Trois véhicules et plus - en chaîne,,,,,,,,,,,5,2,1,1,4
200700067122,0007-10-28 02:30:00,7,10,28,2,30,750,115,SOU MAINE,,,Nuit avec éclairage allumé,En agglomération,Hors intersection,Normale,Sans collision,,,,,,,,,,,5,2,1,1,7
200700067123,0007-10-28 13:00:00,7,10,28,13,0,750,115,"néant, RUE BALARD",,,Plein jour,En agglomération,Intersection à plus de 4 branches,Normale,Deux véhicules - côté,,,,,,,,,,,1,2,5,1,3
200700067124,0007-10-29 19:00:00,7,10,29,19,0,750,115,"168, RUE DE LA CONVENTIO",,,Nuit avec éclairage allumé,En agglomération,Hors intersection,Pluie légère,Trois véhicules et plus - en chaîne,,,,,,,,,,,5,2,1,2,4
200700067125,0007-10-29 23:35:00,7,10,29,23,35,750,115,QUAI ANDRE CITROEN,,,Nuit avec éclairage allumé,En agglomération,Hors intersection,Pluie légère,Deux véhicules - arrière,,,,,,,,,,,5,2,1,2,2
200700067126,0007-10-31 09:50:00,7,10,31,9,50,750,115,"47, RUE DE VOUILLE",,,Plein jour,En agglomération,Hors intersection,Normale,Deux véhicules - côté,,,,,,,,,,,1,2,1,1,3
200700067127,0007-10-31 09:25:00,7,10,31,9,25,750,115,"107, RUE DE LA CONVENTIO",,,Plein jour,En agglomération,Hors intersection,Normale,Autre collision,,,,,,,,,,,1,2,1,1,6
200700067128,0007-10-31 13:20:00,7,10,31,13,20,750,115,"72, RUE DUTOT",,,Plein jour,En agglomération,Intersection en X,Normale,Sans collision,,,,,,,,,,,1,2,2,1,7
200700067129,0007-10-31 20:05:00,7,10,31,20,5,750,115,QUAI BRANLY,,,Nuit avec éclairage allumé,En agglomération,Intersection en T,Normale,Deux véhicules - côté,,,,,,,,,,,5,2,3,1,3
200700067130,0007-10-01 11:30:00,7,10,1,11,30,750,116,"5, AVENUE THEODORE ROUSS",,,Plein jour,En agglomération,Hors intersection,Pluie légère,Autre collision,,,,,,,,,,,1,2,1,2,6
200700067131,0007-10-02 12:30:00,7,10,2,12,30,750,116,PLACE DE LA PORTE D AUTE,,,Plein jour,En agglomération,Hors intersection,Normale,Deux véhicules - arrière,,,,,,,,,,,1,2,1,1,2
200700067132,0007-10-03 09:30:00,7,10,3,9,30,750,116,PONT DE SURESNES,,,Plein jour,En agglomération,Intersection en X,Normale,Autre collision,,,,,,,,,,,1,2,2,1,6
200700067133,0007-10-03 17:05:00,7,10,3,17,5,750,116,"42, RUE DE BOULAINVILLIE",,,Plein jour,En agglomération,Hors intersection,Normale,Deux véhicules - arrière,,,,,,,,,,,1,2,1,1,2
200700067134,0007-10-03 18:45:00,7,10,3,18,45,750,116,AVENUE KLEBER,,,Plein jour,En agglomération,Hors intersection,Normale,Deux véhicules - côté,,,,,,,,,,,1,2,1,1,3
200700067135,0007-10-05 01:00:00,7,10,5,1,0,750,116,"93, AVENUE VICTOR HUGO",,,Nuit avec éclairage allumé,En agglomération,Giratoire,Normale,Deux véhicules - arrière,,,,,,,,,,,5,2,6,1,2
200700067136,0007-10-05 03:00:00,7,10,5,3,0,750,116,"18, AVENUE KLEBER",,,Nuit avec éclairage allumé,En agglomération,Intersection en T,Normale,Autre collision,,,,,,,,,,,5,2,3,1,6
200700067137,0007-10-05 07:00:00,7,10,5,7,0,750,116,ALLEE DE LA REINE MARGUE,,,Nuit sans éclairage public,En agglomération,Hors intersection,Normale,Deux véhicules - côté,,,,,,,,,,,3,2,1,1,3
200700067138,0007-10-05 12:28:00,7,10,5,12,28,750,116,"19, RUE DE PASSY",,,Plein jour,En agglomération,Hors intersection,Normale,Autre collision,,,,,,,,,,,1,2,1,1,6
200700067139,0007-10-05 16:30:00,7,10,5,16,30,750,116,"1, AVENUE DE LA GRANDE A",,,Plein jour,En agglomération,Hors intersection,Normale,Trois véhicules et plus - en chaîne,,,,,,,,,,,1,2,1,1,4
200700067140,0007-10-05 21:50:00,7,10,5,21,50,750,116,AVENUE DU PRESIDENT KENN,,,Nuit avec éclairage allumé,En agglomération,Hors intersection,Normale,Autre collision,,,,,,,,,,,5,2,1,1,6
200700067141,0007-10-07 00:10:00,7,10,7,0,10,750,116,AVENUE MARCEAU,,,Nuit avec éclairage allumé,En agglomération,Hors intersection,Normale,Autre collision,,,,,,,,,,,5,2,1,1,6
200700067142,0007-10-07 11:35:00,7,10,7,11,35,750,116,ROUTE DE LONGCHAMP AU BO,,,Plein jour,En agglomération,Hors intersection,Normale,Sans collision,,,,,,,,,,,1,2,1,1,7
200700067143,0007-10-08 10:25:00,7,10,8,10,25,750,116,RUE BENJAMIN FRANKLIN,,,Plein jour,En agglomération,Intersection en X,Normale,Autre collision,,,,,,,,,,,1,2,2,1,6
200700067144,0007-10-08 11:45:00,7,10,8,11,45,750,116,"43, RUE MICHEL ANGE",,,Plein jour,En agglomération,Hors intersection,Normale,Autre collision,,,,,,,,,,,1,2,1,1,6
200700067145,0007-10-09 08:15:00,7,10,9,8,15,750,116,"15, AVENUE DE LA GRANDE",,,Plein jour,En agglomération,Hors intersection,Normale,Autre collision,,,,,,,,,,,1,2,1,1,6
200700067146,0007-10-09 12:50:00,7,10,9,12,50,750,116,AVENUE EDOUARD VAILLANT,,,Plein jour,En agglomération,Intersection en X,Normale,Sans collision,,,,,,,,,,,1,2,2,1,7
200700067147,0007-10-09 16:15:00,7,10,9,16,15,750,116,AVENUE DU PRESIDENT WILS,,,Plein jour,En agglomération,Hors intersection,Normale,Sans collision,,,,,,,,,,,1,2,1,1,7
200700067148,0007-10-09 18:10:00,7,10,9,18,10,750,116,"114, AVENUE DE VERSAILLE",,,Plein jour,En agglomération,Hors intersection,Normale,Autre collision,,,,,,,,,,,1,2,1,1,6
200700067149,0007-10-10 14:20:00,7,10,10,14,20,750,116,PLACE CHARLES DE GAULLE,,,Plein jour,En agglomération,Giratoire,Normale,Deux véhicules - côté,,,,,,,,,,,1,2,6,1,3
200700067150,0007-10-10 16:50:00,7,10,10,16,50,750,116,CHEMIN DE CEINTURE DU LA,,,Plein jour,En agglomération,Hors intersection,Normale,Autre collision,,,,,,,,,,,1,2,1,1,6
200700067151,0007-10-10 18:15:00,7,10,10,18,15,750,116,"6, AVENUE DU MAHATMA GAN",,,Plein jour,En agglomération,Hors intersection,Normale,Autre collision,,,,,,,,,,,1,2,1,1,6
200700067152,0007-10-10 20:10:00,7,10,10,20,10,750,116,ROUTE DE LA MUETTE A NEU,,,Nuit sans éclairage public,En agglomération,Hors intersection,Normale,Deux véhicules - frontale,,,,,,,,,,,3,2,1,1,1
200700067153,0007-10-10 23:10:00,7,10,10,23,10,750,116,"0, ROUTE DE LA MUETTE A",,,Nuit avec éclairage allumé,En agglomération,Hors intersection,Normale,Autre collision,,,,,,,,,,,5,2,1,1,6
200700067154,0007-10-11 10:25:00,7,10,11,10,25,750,116,"71, AVENUE MARCEAU",,,Plein jour,En agglomération,Hors intersection,Normale,Deux véhicules - côté,,,,,,,,,,,1,2,1,1,3
200700067155,0007-10-12 13:40:00,7,10,12,13,40,750,116,AVENUE DE NEW YORK,,,Plein jour,En agglomération,Hors intersection,Normale,Deux véhicules - arrière,,,,,,,,,,,1,2,1,1,2
200700067156,0007-10-13 11:10:00,7,10,13,11,10,750,116,"57, RUE DU DOCTEUR BLANC",,,Plein jour,En agglomération,Intersection en X,Normale,Autre collision,,,,,,,,,,,1,2,2,1,6
200700067157,0007-10-13 17:55:00,7,10,13,17,55,750,116,PLACE AMIRAL DE GRASSE,,,Plein jour,En agglomération,Intersection en X,Normale,Deux véhicules - côté,,,,,,,,,,,1,2,2,1,3
200700067158,0007-10-13 19:55:00,7,10,13,19,55,750,116,"99, BOULEVARD EXELMANS",,,Nuit avec éclairage allumé,En agglomération,Hors intersection,Normale,Autre collision,,,,,,,,,,,5,2,1,1,6
200700067159,0007-10-14 21:40:00,7,10,14,21,40,750,116,"06, RUE DE LA MISSION MA",,,Nuit avec éclairage allumé,En agglomération,Hors intersection,Normale,Autre collision,,,,,,,,,,,5,2,1,1,6
200700067160,0007-10-15 07:15:00,7,10,15,7,15,750,116,VOIE GEORGES POMPIDOU,,,Plein jour,En agglomération,Hors intersection,Normale,Deux véhicules - arrière,,,,,,,,,,,1,2,1,1,2
200700067161,0007-10-13 10:45:00,7,10,13,10,45,750,116,PLACE CHARLES DE GAULLE,,,Plein jour,En agglomération,Intersection à plus de 4 branches,Normale,Deux véhicules - côté,,,,,,,,,,,1,2,5,1,3
200700067162,0007-10-15 13:25:00,7,10,15,13,25,750,116,"37, RUE RAFFET",,,Plein jour,En agglomération,Intersection en T,Normale,Autre collision,,,,,,,,,,,1,2,3,1,6
200700067163,0007-10-15 19:00:00,7,10,15,19,0,750,116,AVENUE DE LA GRANDE ARME,,,Crépuscule ou aube,En agglomération,Hors intersection,Normale,Deux véhicules - côté,,,,,,,,,,,2,2,1,1,3
200700067164,0007-10-16 08:30:00,7,10,16,8,30,750,116,AVENUE VICTOR HUGO,,,Plein jour,En agglomération,Hors intersection,Normale,Deux véhicules - côté,,,,,,,,,,,1,2,1,1,3
200700067165,0007-10-17 06:55:00,7,10,17,6,55,750,116,CARREFOUR DES CASCADES,,,Nuit avec éclairage allumé,En agglomération,Intersection en T,Pluie légère,Deux véhicules - côté,,,,,,,,,,,5,2,3,2,3
200700067166,0007-10-17 09:25:00,7,10,17,9,25,750,116,AVENUE INGRES,,,Plein jour,En agglomération,Hors intersection,Pluie légère,Deux véhicules - côté,,,,,,,,,,,1,2,1,2,3
200700067167,0007-10-17 11:25:00,7,10,17,11,25,750,116,"13, BOULEVARD SUCHET",,,Plein jour,En agglomération,Hors intersection,Normale,Deux véhicules - arrière,,,,,,,,,,,1,2,1,1,2
200700067168,0007-10-17 12:45:00,7,10,17,12,45,750,116,"42, RUE DE BOULAINVILLIE",,,Plein jour,En agglomération,Hors intersection,Normale,Autre collision,,,,,,,,,,,1,2,1,1,6
200700067169,0007-10-17 16:00:00,7,10,17,16,0,750,116,RUE HENRY DE LA VAULX,,,Plein jour,En agglomération,Hors intersection,Normale,Autre collision,,,,,,,,,,,1,2,1,1,6
200700067170,0007-10-17 18:35:00,7,10,17,18,35,750,116,"108, AVENUE VICTOR HUGO",,,Crépuscule ou aube,En agglomération,Hors intersection,Normale,Deux véhicules - côté,,,,,,,,,,,2,2,1,1,3
200700067171,0007-10-18 09:45:00,7,10,18,9,45,750,116,PLACE DE LA PORTE MAILLO,,,Plein jour,En agglomération,Intersection à plus de 4 branches,Normale,Deux véhicules - côté,,,,,,,,,,,1,2,5,1,3
200700067172,0007-10-18 15:55:00,7,10,18,15,55,750,116,"36, RUE LAURISTON",,,Plein jour,En agglomération,Hors intersection,Normale,Sans collision,,,,,,,,,,,1,2,1,1,7
200700067173,0007-10-19 03:15:00,7,10,19,3,15,750,116,AVENUE DE NEW YORK,,,Nuit avec éclairage allumé,En agglomération,Hors intersection,Normale,Deux véhicules - frontale,,,,,,,,,,,5,2,1,1,1
200700067174,0007-10-19 14:50:00,7,10,19,14,50,750,116,RUE DE BOULAINVILLIERS,,,Plein jour,En agglomération,Intersection en Y,Temps couvert,Autre collision,,,,,,,,,,,1,2,4,8,6
200700067175,0007-10-20 00:15:00,7,10,20,0,15,750,116,"64, AVENUE DE NEW YORK",,,Nuit avec éclairage allumé,En agglomération,Hors intersection,Normale,Deux véhicules - côté,,,,,,,,,,,5,2,1,1,3
200700067176,0007-10-20 15:00:00,7,10,20,15,0,750,115,QUAI ANDRE CITROEN,,,Plein jour,En agglomération,Hors intersection,Normale,Deux véhicules - arrière,,,,,,,,,,,1,2,1,1,2
200700067177,0007-10-21 13:35:00,7,10,21,13,35,750,116,AVENUE PAUL DOUMER,,,Plein jour,En agglomération,Intersection en T,Normale,Deux véhicules - arrière,,,,,,,,,,,1,2,3,1,2
200700067178,0007-10-21 12:40:00,7,10,21,12,40,750,116,"1, RUE DES SABLONS",,,Plein jour,En agglomération,Hors intersection,Normale,Autre collision,,,,,,,,,,,1,2,1,1,6
200700067179,0007-10-21 17:00:00,7,10,21,17,0,750,116,AVENUE FOCH,,,Plein jour,En agglomération,Hors intersection,Normale,Deux véhicules - arrière,,,,,,,,,,,1,2,1,1,2
200700067180,0007-10-24 09:20:00,7,10,24,9,20,750,116,RUE DE BOULAINVILLIERS,,,Plein jour,En agglomération,Hors intersection,Normale,Sans collision,,,,,,,,,,,1,2,1,1,7
200700067181,0007-10-24 15:55:00,7,10,24,15,55,750,116,"23, RUE BENJAMIN FRANKLI",,,Plein jour,En agglomération,Intersection en T,Normale,Autre collision,,,,,,,,,,,1,2,3,1,6
200700067182,0007-10-25 14:30:00,7,10,25,14,30,750,116,ROUTE DE LA GRANDE CASCA,,,Plein jour,En agglomération,Hors intersection,Temps couvert,Autre collision,,,,,,,,,,,1,2,1,8,6
200700067183,0007-10-25 20:00:00,7,10,25,20,0,750,116,"60, AVENUE RAYMOND POINC",,,Nuit avec éclairage allumé,En agglomération,Hors intersection,Normale,Deux véhicules - côté,,,,,,,,,,,5,2,1,1,3
200700067184,0007-10-25 20:25:00,7,10,25,20,25,750,116,"105, BOULEVARD MURAT",,,Nuit avec éclairage allumé,En agglomération,Intersection en X,Normale,Deux véhicules - côté,,,,,,,,,,,5,2,2,1,3
200700067185,0007-10-26 09:20:00,7,10,26,9,20,750,116,ROUTE DES LACS A PASSY,,,Plein jour,En agglomération,Intersection en X,Temps couvert,Deux véhicules - côté,,,,,,,,,,,1,2,2,8,3
200700067186,0007-10-26 13:06:00,7,10,26,13,6,750,116,AVENUE DU PRESIDENT KENN,,,Plein jour,En agglomération,Hors intersection,Normale,Autre collision,,,,,,,,,,,1,2,1,1,6
200700067187,0007-10-26 14:40:00,7,10,26,14,40,750,116,RUE D AUTEUIL,,,Plein jour,En agglomération,Hors intersection,Normale,Autre collision,,,,,,,,,,,1,2,1,1,6
200700067188,0007-10-26 19:15:00,7,10,26,19,15,750,116,BOULEVARD SUCHET,,,Nuit avec éclairage allumé,En agglomération,Hors intersection,Normale,Deux véhicules - côté,,,,,,,,,,,5,2,1,1,3
200700067189,0007-10-28 18:25:00,7,10,28,18,25,750,116,CARREFOUR DU BOUT DES LA,,,Nuit avec éclairage allumé,En agglomération,Hors intersection,Normale,Autre collision,,,,,,,,,,,5,2,1,1,6
200700067190,0007-10-28 20:10:00,7,10,28,20,10,750,116,"156, AVENUE DE VERSAILLE",,,Nuit avec éclairage allumé,En agglomération,Hors intersection,Normale,Deux véhicules - côté,,,,,,,,,,,5,2,1,1,3
200700067191,0007-10-29 12:10:00,7,10,29,12,10,750,116,PLACE DE LA PORTE DE SAI,,,Plein jour,En agglomération,Giratoire,Pluie légère,Sans collision,,,,,,,,,,,1,2,6,2,7
200700067192,0007-10-29 14:10:00,7,10,29,14,10,750,116,AVENUE FOCH,,,Plein jour,En agglomération,Intersection en X,Pluie légère,Deux véhicules - arrière,,,,,,,,,,,1,2,2,2,2
200700067193,0007-10-30 19:50:00,7,10,30,19,50,750,116,AVENUE HENRI MARTIN,,,Nuit avec éclairage allumé,En agglomération,Intersection en X,Normale,Autre collision,,,,,,,,,,,5,2,2,1,6
200700067194,0007-10-30 19:50:00,7,10,30,19,50,750,116,"30, AVENUE D IENA",,,Nuit avec éclairage allumé,En agglomération,Hors intersection,Temps couvert,Deux véhicules - arrière,,,,,,,,,,,5,2,1,8,2
200700067195,0007-10-31 09:00:00,7,10,31,9,0,750,116,"58, AVENUE KLEBER",,,Plein jour,En agglomération,Hors intersection,Normale,Deux véhicules - côté,,,,,,,,,,,1,2,1,1,3
200700067196,0007-10-31 15:35:00,7,10,31,15,35,750,116,AVENUE GEORGES LAFONT,,,Plein jour,En agglomération,Hors intersection,Normale,Deux véhicules - côté,,,,,,,,,,,1,2,1,1,3
200700067197,0007-10-31 16:30:00,7,10,31,16,30,750,116,"19, PLACE DES ETATS UNIS",,,Plein jour,En agglomération,Intersection en Y,Normale,Autre collision,,,,,,,,,,,1,2,4,1,6
200700067198,0007-10-31 17:55:00,7,10,31,17,55,750,116,PLACE DE LA PORTE DE SAI,,,Nuit avec éclairage allumé,En agglomération,Intersection en X,Normale,Sans collision,,,,,,,,,,,5,2,2,1,7
200700067199,0007-10-31 18:20:00,7,10,31,18,20,750,116,"70, AVENUE KLEBER",,,Nuit avec éclairage allumé,En agglomération,Hors intersection,Normale,Deux véhicules - arrière,,,,,,,,,,,5,2,1,1,2
200700067200,0007-10-31 20:25:00,7,10,31,20,25,750,116,RUE JEAN DE LA FONTAINE,,,Nuit avec éclairage allumé,En agglomération,Intersection en X,Normale,Deux véhicules - côté,,,,,,,,,,,5,2,2,1,3
200700067201,0007-10-01 10:05:00,7,10,1,10,5,750,117,BOULEVARD DU BOIS LE PRE,,,Plein jour,En agglomération,Intersection en X,Pluie légère,Deux véhicules - arrière,,,,,,,,,,,1,2,2,2,2
200700067202,0007-10-02 01:05:00,7,10,2,1,5,750,117,PLACE DU GENERAL KOENIG,,,Nuit avec éclairage allumé,En agglomération,Intersection à plus de 4 branches,Pluie légère,Deux véhicules - côté,,,,,,,,,,,5,2,5,2,3
200700067203,0007-10-02 12:10:00,7,10,2,12,10,750,117,"184, AVENUE DE CLICHY",,,Plein jour,En agglomération,Hors intersection,Normale,Autre collision,,,,,,,,,,,1,2,1,1,6
200700067204,0007-10-03 16:25:00,7,10,3,16,25,750,117,"/, PLACE GENERAL CATROUX",,,Plein jour,En agglomération,Intersection en Y,Temps couvert,Deux véhicules - côté,,,,,,,,,,,1,2,4,8,3
200700067205,0007-10-03 17:50:00,7,10,3,17,50,750,117,"1, AVENUE PAUL ADAM",,,Crépuscule ou aube,En agglomération,Hors intersection,Normale,Sans collision,,,,,,,,,,,2,2,1,1,7
200700067206,0007-10-04 17:45:00,7,10,4,17,45,750,116,"63, AVENUE DE LA GRANDE",,,Plein jour,En agglomération,Hors intersection,Normale,Autre collision,,,,,,,,,,,1,2,1,1,6
200700067207,0007-10-05 18:30:00,7,10,5,18,30,750,117,"84, AVENUE DES TERNES",,,Crépuscule ou aube,En agglomération,Hors intersection,Normale,Autre collision,,,,,,,,,,,2,2,1,1,6