accident_id,datetime,annee,mois,jour,heure,minute,departement,commune_insee,adresse,latitude,longitude,luminosite,agglomeration,intersection,meteo,collision,nb_vehicules,nb_usagers,nb_indemnes,nb_tues,nb_blesses_hosp,nb_blesses_legers,age_cond_1,age_cond_2,veh_type_cond_1,veh_type_cond_2,lum_code,agg_code,int_code,atm_code,col_code
200700067338,0007-10-26 18:10:00,7,10,26,18,10,750,119,"28, AVENUE SECRETAN",,,Crépuscule ou aube,En agglomération,Hors intersection,Normale,Deux véhicules - côté,,,,,,,,,,,2,2,1,1,3
200700067339,0007-10-26 20:30:00,7,10,26,20,30,750,119,"45, PLACE ARMAND CARREL",,,Nuit avec éclairage allumé,En agglomération,Hors intersection,Normale,Deux véhicules - arrière,,,,,,,,,,,5,2,1,1,2
200700067340,0007-10-27 14:45:00,7,10,27,14,45,750,119,"0, PLACE DE LA BATAILLE",,,Plein jour,En agglomération,Hors intersection,Temps couvert,Deux véhicules - côté,,,,,,,,,,,1,2,1,8,3
200700067341,0007-10-27 19:10:00,7,10,27,19,10,750,119,"132, AVENUE JEAN JAURES",,,Nuit avec éclairage allumé,En agglomération,Hors intersection,Normale,Autre collision,,,,,,,,,,,5,2,1,1,6
200700067342,0007-10-28 20:10:00,7,10,28,20,10,750,119,"33, RUE MANIN",,,Nuit avec éclairage allumé,En agglomération,Hors intersection,Normale,Deux véhicules - côté,,,,,,,,,,,5,2,1,1,3
200700067343,0007-10-30 13:45:00,7,10,30,13,45,750,119,BOULEVARD MACDONALD,,,Plein jour,En agglomération,Hors intersection,Pluie légère,Autre collision,,,,,,,,,,,1,2,1,2,6
200700067344,0007-10-30 14:15:00,7,10,30,14,15,750,119,"66, BOULEVARD DE LA VILL",,,Plein jour,En agglomération,Hors intersection,Normale,Autre collision,,,,,,,,,,,1,2,1,1,6
200700067345,0007-10-30 19:15:00,7,10,30,19,15,750,119,"122, AVENUE SIMON BOLIVA",,,Nuit avec éclairage allumé,En agglomération,Hors intersection,Normale,Deux véhicules - côté,,,,,,,,,,,5,2,1,1,3
200700067346,0007-10-31 13:20:00,7,10,31,13,20,750,119,"181, BOULEVARD SERURIER",,,Plein jour,En agglomération,Hors intersection,Normale,Sans collision,,,,,,,,,,,1,2,1,1,7
200700067347,0007-10-01 11:45:00,7,10,1,11,45,750,120,AVENUE GAMBETTA,,,Plein jour,En agglomération,Intersection en T,Pluie légère,Deux véhicules - côté,,,,,,,,,,,1,2,3,2,3
200700067348,0007-10-01 14:20:00,7,10,1,14,20,750,120,"27, RUE DE BAGNOLET",,,Plein jour,En agglomération,Hors intersection,Pluie légère,Deux véhicules - côté,,,,,,,,,,,1,2,1,2,3
200700067349,0007-10-01 17:39:00,7,10,1,17,39,750,120,"191, RUE DES PYRENEES",,,Plein jour,En agglomération,Hors intersection,Normale,Trois véhicules et plus - en chaîne,,,,,,,,,,,1,2,1,1,4
200700067350,0007-10-01 18:02:00,7,10,1,18,2,750,120,"12, RUE DE NOISY LE SEC",,,Plein jour,En agglomération,Hors intersection,Pluie légère,Deux véhicules - arrière,,,,,,,,,,,1,2,1,2,2
200700067351,0007-10-03 15:10:00,7,10,3,15,10,750,120,PLACE DU MAQUIS DU VERCO,,,Plein jour,En agglomération,Giratoire,Normale,Deux véhicules - côté,,,,,,,,,,,1,2,6,1,3
200700067352,0007-10-03 19:50:00,7,10,3,19,50,750,120,"2, BOULEVARD DAVOUT",,,Nuit avec éclairage allumé,En agglomération,Hors intersection,Normale,Deux véhicules - côté,,,,,,,,,,,5,2,1,1,3
200700067353,0007-10-04 08:25:00,7,10,4,8,25,750,120,"100, BOULEVARD DE MENILM",,,Plein jour,En agglomération,Hors intersection,Brouillard / fumée,Autre collision,,,,,,,,,,,1,2,1,5,6
200700067354,0007-10-04 07:55:00,7,10,4,7,55,750,120,RUE BELGRAND,,,Plein jour,En agglomération,Intersection en Y,Pluie légère,Deux véhicules - frontale,,,,,,,,,,,1,2,4,2,1
200700067355,0007-10-04 08:45:00,7,10,4,8,45,750,120,"73, RUE LOUIS LUMIERE",,,Plein jour,En agglomération,Intersection en T,Normale,Autre collision,,,,,,,,,,,1,2,3,1,6
200700067356,0007-10-04 17:00:00,7,10,4,17,0,750,120,"1, AVENUE DE LA PORTE DE",,,Plein jour,En agglomération,Intersection en T,Normale,Autre collision,,,,,,,,,,,1,2,3,1,6
200700067357,0007-10-04 17:40:00,7,10,4,17,40,750,120,"24, RUE PELLEPORT",,,Plein jour,En agglomération,Intersection en T,Normale,Deux véhicules - côté,,,,,,,,,,,1,2,3,1,3
200700067358,0007-10-05 08:15:00,7,10,5,8,15,750,120,"87, AVENUE GAMBETTA",,,Plein jour,En agglomération,Hors intersection,Normale,Autre collision,,,,,,,,,,,1,2,1,1,6
200700067359,0007-10-05 13:35:00,7,10,5,13,35,750,120,"271, RUE DES PYRENEES",,,Plein jour,En agglomération,Intersection en T,Normale,Deux véhicules - côté,,,,,,,,,,,1,2,3,1,3
200700067360,0007-10-05 14:40:00,7,10,5,14,40,750,120,"12, RUE COURAT",,,Plein jour,En agglomération,Hors intersection,Normale,Autre collision,,,,,,,,,,,1,2,1,1,6
200700067361,0007-10-07 03:35:00,7,10,7,3,35,750,112,PONT D AUSTERLITZ,,,Nuit avec éclairage allumé,En agglomération,Hors intersection,Normale,Deux véhicules - frontale,,,,,,,,,,,5,2,1,1,1
200700067362,0007-10-08 15:50:00,7,10,8,15,50,750,120,"6, RUE DES FRERES FLAVIE",,,Plein jour,En agglomération,Hors intersection,Normale,Deux véhicules - frontale,,,,,,,,,,,1,2,1,1,1
200700067363,0007-10-08 20:20:00,7,10,8,20,20,750,120,BOULEVARD PERIPHERIQUE E,,,Nuit avec éclairage allumé,En agglomération,Hors intersection,Normale,Deux véhicules - côté,,,,,,,,,,,5,2,1,1,3
200700067364,0007-10-09 17:15:00,7,10,9,17,15,750,120,"41, RUE DES PYRENEES",,,Plein jour,En agglomération,Hors intersection,Normale,Autre collision,,,,,,,,,,,1,2,1,1,6
200700067365,0007-10-10 20:10:00,7,10,10,20,10,750,120,"139, RUE D AVRON",,,Nuit avec éclairage allumé,En agglomération,Hors intersection,Normale,Autre collision,,,,,,,,,,,5,2,1,1,6
200700067366,0007-10-11 06:00:00,7,10,11,6,0,750,120,"100, RUE PELLEPORT",,,Nuit sans éclairage public,En agglomération,Intersection en X,Normale,Autre collision,,,,,,,,,,,3,2,2,1,6
200700067367,0007-10-11 09:27:00,7,10,11,9,27,750,120,"115 BIS, RUE DES PYRENEE",,,Plein jour,En agglomération,Hors intersection,Temps couvert,Deux véhicules - côté,,,,,,,,,,,1,2,1,8,3
200700067368,0007-10-11 13:10:00,7,10,11,13,10,750,120,"30, BOULEVARD DE MENILMO",,,Plein jour,En agglomération,Intersection à plus de 4 branches,Normale,Deux véhicules - côté,,,,,,,,,,,1,2,5,1,3
200700067369,0007-10-11 15:35:00,7,10,11,15,35,750,120,PLACE DE LA PORTE DE MON,,,Plein jour,En agglomération,Hors intersection,Normale,Sans collision,,,,,,,,,,,1,2,1,1,7
200700067370,0007-10-12 08:10:00,7,10,12,8,10,750,120,"17, AVENUE GAMBETTA",,,Plein jour,En agglomération,Hors intersection,Normale,Trois véhicules et plus - en chaîne,,,,,,,,,,,1,2,1,1,4
200700067371,0007-10-13 09:30:00,7,10,13,9,30,750,120,"98, RUE DES ORTEAUX",,,Plein jour,En agglomération,Hors intersection,Normale,Autre collision,,,,,,,,,,,1,2,1,1,6
200700067372,0007-10-15 20:30:00,7,10,15,20,30,750,120,"61, BOULEVARD MORTIER",,,Crépuscule ou aube,En agglomération,Hors intersection,Normale,Autre collision,,,,,,,,,,,2,2,1,1,6
200700067373,0007-10-17 11:35:00,7,10,17,11,35,750,120,"53, RUE OLIVIER METRA",,,Plein jour,En agglomération,Hors intersection,Normale,Autre collision,,,,,,,,,,,1,2,1,1,6
200700067374,0007-10-17 16:10:00,7,10,17,16,10,750,120,"38, AVENUE GAMBETTA",,,Plein jour,En agglomération,Hors intersection,Pluie légère,Autre collision,,,,,,,,,,,1,2,1,2,6
200700067375,0007-10-19 09:30:00,7,10,19,9,30,750,120,"61, BOULEVARD MORTIER",,,Plein jour,En agglomération,Intersection en X,Normale,Deux véhicules - côté,,,,,,,,,,,1,2,2,1,3
200700067376,0007-10-19 22:10:00,7,10,19,22,10,750,120,"118, BOULEVARD DAVOUT",,,Nuit avec éclairage allumé,En agglomération,Hors intersection,Normale,Deux véhicules - côté,,,,,,,,,,,5,2,1,1,3
200700067377,0007-10-20 13:10:00,7,10,20,13,10,750,120,"22, BOULEVARD DE BELLEVI",,,Plein jour,En agglomération,Hors intersection,Normale,Autre collision,,,,,,,,,,,1,2,1,1,6
200700067378,0007-10-20 20:40:00,7,10,20,20,40,750,120,"40, RUE DES PYRENEES",,,Nuit avec éclairage allumé,En agglomération,Hors intersection,Normale,Deux véhicules - côté,,,,,,,,,,,5,2,1,1,3
200700067379,0007-10-20 21:40:00,7,10,20,21,40,750,120,RUE DES PYRENEES,,,Nuit avec éclairage allumé,En agglomération,Intersection en X,Normale,Deux véhicules - frontale,,,,,,,,,,,5,2,2,1,1
200700067380,0007-10-22 16:28:00,7,10,22,16,28,750,120,"47, RUE SAINT FARGEAU",,,Plein jour,En agglomération,Hors intersection,Normale,Autre collision,,,,,,,,,,,1,2,1,1,6
200700067381,0007-10-24 09:35:00,7,10,24,9,35,750,120,"114, AVENUE GAMBETTA",,,Plein jour,En agglomération,Hors intersection,Normale,Autre collision,,,,,,,,,,,1,2,1,1,6
200700067382,0007-10-25 09:30:00,7,10,25,9,30,750,120,"4, RUE DE LA CHINE",,,Plein jour,En agglomération,Hors intersection,Normale,Deux véhicules - côté,,,,,,,,,,,1,2,1,1,3
200700067383,0007-10-26 14:45:00,7,10,26,14,45,750,120,"30, RUE LOUIS LUMIERE",,,Plein jour,En agglomération,Intersection en T,Normale,Autre collision,,,,,,,,,,,1,2,3,1,6
200700067384,0007-10-27 02:00:00,7,10,27,2,0,750,120,AVENUE DU DOCTEUR GLEY,,,Nuit avec éclairage non allumé,En agglomération,Hors intersection,Normale,Autre collision,,,,,,,,,,,4,2,1,1,6
200700067385,0007-10-27 03:30:00,7,10,27,3,30,750,120,BOULEVARD DE BELLEVILLE,,,Nuit avec éclairage allumé,En agglomération,Hors intersection,Normale,Deux véhicules - arrière,,,,,,,,,,,5,2,1,1,2
200700067386,0007-10-27 23:36:00,7,10,27,23,36,750,120,"130, RUE DE BAGNOLET",,,Nuit avec éclairage allumé,En agglomération,Intersection en X,Normale,Deux véhicules - frontale,,,,,,,,,,,5,2,2,1,1
200700067387,0007-10-28 04:55:00,7,10,28,4,55,750,120,PLACE DE LA PORTE DE BAG,,,Nuit avec éclairage allumé,En agglomération,Hors intersection,Normale,Sans collision,,,,,,,,,,,5,2,1,1,7
200700067388,0007-10-28 13:00:00,7,10,28,13,0,750,120,"67, COURS DE VINCENNES",,,Plein jour,En agglomération,Hors intersection,Normale,Autre collision,,,,,,,,,,,1,2,1,1,6
200700067389,0007-10-28 21:20:00,7,10,28,21,20,750,120,"142, RUE D AVRON",,,Nuit avec éclairage allumé,En agglomération,Hors intersection,Normale,Deux véhicules - côté,,,,,,,,,,,5,2,1,1,3
200700067390,0007-10-29 19:00:00,7,10,29,19,0,750,120,"215, RUE DES PYRENEES",,,Nuit avec éclairage allumé,En agglomération,Hors intersection,Temps couvert,Sans collision,,,,,,,,,,,5,2,1,8,7
200700067391,0007-10-30 10:12:00,7,10,30,10,12,750,120,PLACE DE LA PORTE DE BAG,,,Plein jour,En agglomération,Intersection à plus de 4 branches,Normale,Autre collision,,,,,,,,,,,1,2,5,1,6
200700067392,0007-10-31 12:22:00,7,10,31,12,22,750,120,"13, RUE DE BAGNOLET",,,Plein jour,En agglomération,Hors intersection,Normale,Autre collision,,,,,,,,,,,1,2,1,1,6
200700067393,0007-10-01 18:45:00,7,10,1,18,45,750,117,"39, RUE PIERRE REBIERE",,,Crépuscule ou aube,En agglomération,Hors intersection,Temps couvert,Deux véhicules - côté,,,,,,,,,,,2,2,1,8,3
200700067394,0007-10-03 05:00:00,7,10,3,5,0,750,120,BOULEVARD DAVOUT,,,Nuit avec éclairage allumé,En agglomération,Hors intersection,Normale,Deux véhicules - frontale,,,,,,,,,,,5,2,1,1,1
200700067395,0007-10-03 10:50:00,7,10,3,10,50,750,115,"143, BOULEVARD LEFEBVRE",,,Plein jour,En agglomération,Hors intersection,Normale,Sans collision,,,,,,,,,,,1,2,1,1,7
200700067396,0007-10-03 12:25:00,7,10,3,12,25,750,111,"71, BOULEVARD VOLTAIRE",,,Plein jour,En agglomération,Hors intersection,Normale,Autre collision,,,,,,,,,,,1,2,1,1,6
200700067397,0007-10-03 14:35:00,7,10,3,14,35,750,107,QUAI BRANLY,,,Plein jour,En agglomération,Hors intersection,Normale,Autre collision,,,,,,,,,,,1,2,1,1,6
200700067398,0007-10-05 02:40:00,7,10,5,2,40,750,101,"00000, VOIE GEORGES POMP",,,Nuit avec éclairage allumé,En agglomération,Hors intersection,Normale,Sans collision,,,,,,,,,,,5,2,1,1,7
200700067399,0007-10-05 11:25:00,7,10,5,11,25,750,114,"57, AVENUE DENFERT ROCHE",,,Plein jour,En agglomération,Hors intersection,Normale,Autre collision,,,,,,,,,,,1,2,1,1,6
200700067400,0007-10-06 17:35:00,7,10,6,17,35,750,103,PLACE DE LA REPUBLIQUE,,,Plein jour,En agglomération,Hors intersection,Normale,Autre collision,,,,,,,,,,,1,2,1,1,6
200700067401,0007-10-07 00:30:00,7,10,7,0,30,750,118,"115, BOULEVARD NEY",,,Nuit avec éclairage allumé,En agglomération,Hors intersection,Normale,Sans collision,,,,,,,,,,,5,2,1,1,7
200700067402,0007-10-07 00:59:00,7,10,7,0,59,750,113,QUAI FRANCOIS MAURIAC,,,Nuit avec éclairage allumé,En agglomération,Hors intersection,Normale,Autre collision,,,,,,,,,,,5,2,1,1,6
200700067403,0007-10-07 01:35:00,7,10,7,1,35,750,110,"69, BOULEVARD DE MAGENTA",,,Nuit avec éclairage allumé,En agglomération,Hors intersection,Normale,Autre collision,,,,,,,,,,,5,2,1,1,6
200700067404,0007-10-07 04:30:00,7,10,7,4,30,750,118,"11, RUE RAVIGNAN",,,Nuit avec éclairage allumé,En agglomération,Hors intersection,Normale,Autre collision,,,,,,,,,,,5,2,1,1,6
200700067405,0007-10-08 14:40:00,7,10,8,14,40,750,119,"19, AVENUE CORENTIN CARI",,,Plein jour,En agglomération,Hors intersection,Normale,Autre collision,,,,,,,,,,,1,2,1,1,6
200700067406,0007-10-08 19:45:00,7,10,8,19,45,750,111,"46, AVENUE DE LA REPUBLI",,,Nuit avec éclairage allumé,En agglomération,Hors intersection,Normale,Autre collision,,,,,,,,,,,5,2,1,1,6
200700067407,0007-10-09 07:40:00,7,10,9,7,40,750,113,BOULEVARD MASSENA,,,Plein jour,En agglomération,Hors intersection,Temps couvert,Autre collision,,,,,,,,,,,1,2,1,8,6
200700067408,0007-10-09 22:30:00,7,10,9,22,30,750,101,QUAI DES TUILERIES,,,Nuit avec éclairage allumé,En agglomération,Hors intersection,Temps couvert,Autre collision,,,,,,,,,,,5,2,1,8,6
200700067409,0007-10-10 13:20:00,7,10,10,13,20,750,109,"37, RUE DE MAUBEUGE",,,Plein jour,En agglomération,Hors intersection,Normale,Autre collision,,,,,,,,,,,1,2,1,1,6
200700067410,0007-10-10 14:25:00,7,10,10,14,25,750,119,"43, AVENUE SIMON BOLIVAR",,,Plein jour,En agglomération,Hors intersection,Normale,Sans collision,,,,,,,,,,,1,2,1,1,7
200700067411,0007-10-10 21:23:00,7,10,10,21,23,750,102,"104, RUE MONTMARTRE",,,Nuit avec éclairage allumé,En agglomération,Intersection en T,Normale,Sans collision,,,,,,,,,,,5,2,3,1,7
200700067412,0007-10-11 14:00:00,7,10,11,14,0,750,112,"04, BOULEVARD SOULT",,,Plein jour,En agglomération,Hors intersection,Normale,Autre collision,,,,,,,,,,,1,2,1,1,6
200700067413,0007-10-11 14:00:00,7,10,11,14,0,750,104,VOIE GEORGES POMPIDOU,,,Plein jour,En agglomération,Hors intersection,Normale,Autre collision,,,,,,,,,,,1,2,1,1,6
200700067414,0007-10-11 15:45:00,7,10,11,15,45,750,120,RUE PELLEPORT,,,Plein jour,En agglomération,Hors intersection,Normale,Deux véhicules - côté,,,,,,,,,,,1,2,1,1,3
200700067415,0007-10-11 19:00:00,7,10,11,19,0,750,110,"202, RUE LA FAYETTE",,,Plein jour,En agglomération,Hors intersection,Normale,Autre collision,,,,,,,,,,,1,2,1,1,6
200700067416,0007-10-11 22:15:00,7,10,11,22,15,750,117,"113, AVENUE DE SAINT OUE",,,Nuit avec éclairage allumé,En agglomération,Intersection en X,Normale,Autre collision,,,,,,,,,,,5,2,2,1,6
200700067417,0007-10-12 21:30:00,7,10,12,21,30,750,115,"1, PLACE BALARD",,,Nuit avec éclairage allumé,En agglomération,Hors intersection,Pluie légère,Deux véhicules - côté,,,,,,,,,,,5,2,1,2,3
200700067418,0007-10-12 22:20:00,7,10,12,22,20,750,112,"100, BOULEVARD DE PICPUS",,,Nuit avec éclairage allumé,En agglomération,Hors intersection,Pluie légère,Deux véhicules - côté,,,,,,,,,,,5,2,1,2,3
200700067419,0007-10-14 04:35:00,7,10,14,4,35,750,119,RUE MANIN,,,Nuit avec éclairage allumé,En agglomération,Intersection en X,Normale,Deux véhicules - côté,,,,,,,,,,,5,2,2,1,3
200700067420,0007-10-14 08:45:00,7,10,14,8,45,750,109,RUE DE LA CHAUSSEE D ANT,,,Plein jour,En agglomération,Intersection à plus de 4 branches,Normale,Deux véhicules - côté,,,,,,,,,,,1,2,5,1,3
200700067421,0007-10-14 13:05:00,7,10,14,13,5,750,119,"109, RUE DE CRIMEE",,,Plein jour,En agglomération,Hors intersection,Normale,Autre collision,,,,,,,,,,,1,2,1,1,6
200700067422,0007-10-15 23:05:00,7,10,15,23,5,750,107,"33, AVENUE DUQUESNE",,,Nuit avec éclairage allumé,En agglomération,Hors intersection,Normale,Deux véhicules - côté,,,,,,,,,,,5,2,1,1,3
200700067423,0007-10-16 09:26:00,7,10,16,9,26,750,116,AVENUE VICTOR HUGO,,,Plein jour,En agglomération,Hors intersection,Normale,Autre collision,,,,,,,,,,,1,2,1,1,6
200700067424,0007-10-16 10:35:00,7,10,16,10,35,750,108,"106bis, RUE SAINT LAZARE",,,Plein jour,En agglomération,Hors intersection,Normale,Autre collision,,,,,,,,,,,1,2,1,1,6
200700067425,0007-10-17 20:55:00,7,10,17,20,55,750,117,BOULEVARD PERIPHERIQUE,,,Nuit avec éclairage allumé,En agglomération,Hors intersection,Normale,Deux véhicules - arrière,,,,,,,,,,,5,2,1,1,2
200700067426,0007-10-18 04:10:00,7,10,18,4,10,750,112,QUAI DE LA RAPEE,,,Nuit avec éclairage allumé,En agglomération,Hors intersection,Normale,Autre collision,,,,,,,,,,,5,2,1,1,6
200700067427,0007-10-18 12:45:00,7,10,18,12,45,750,112,QUAI DE LA RAPEE,,,Plein jour,En agglomération,Intersection en Y,Normale,Deux véhicules - côté,,,,,,,,,,,1,2,4,1,3
200700067428,0007-10-18 13:50:00,7,10,18,13,50,750,113,BOULEVARD MASSENA,,,Plein jour,En agglomération,Hors intersection,Normale,Autre collision,,,,,,,,,,,1,2,1,1,6
200700067429,0007-10-18 22:25:00,7,10,18,22,25,750,105,"38, RUE GEOFFROY SAINT H",,,Nuit avec éclairage allumé,En agglomération,Hors intersection,Normale,Autre collision,,,,,,,,,,,5,2,1,1,6
200700067430,0007-10-19 06:55:00,7,10,19,6,55,750,113,"/, AVENUE D ITALIE",,,Nuit avec éclairage allumé,En agglomération,Intersection en T,Normale,Deux véhicules - côté,,,,,,,,,,,5,2,3,1,3
200700067431,0007-10-25 12:55:00,7,10,25,12,55,750,116,"6, AVENUE KLEBER",,,Crépuscule ou aube,En agglomération,Hors intersection,Normale,Deux véhicules - côté,,,,,,,,,,,2,2,1,1,3
200700067432,0007-10-21 02:45:00,7,10,21,2,45,750,113,BOULEVARD MASSENA,,,Nuit avec éclairage allumé,En agglomération,Hors intersection,Normale,Autre collision,,,,,,,,,,,5,2,1,1,6
200700067433,0007-10-21 04:30:00,7,10,21,4,30,750,112,QUAI DE LA RAPEE,,,Nuit avec éclairage allumé,En agglomération,Hors intersection,Normale,Trois véhicules et plus - en chaîne,,,,,,,,,,,5,2,1,1,4
200700067434,0007-10-21 06:44:00,7,10,21,6,44,750,113,"93, QUAI PANHARD ET LEVA",,,Nuit avec éclairage allumé,En agglomération,Hors intersection,Normale,Autre collision,,,,,,,,,,,5,2,1,1,6
200700067435,0007-10-22 10:25:00,7,10,22,10,25,750,108,"135, AVENUE DES CHAMPS E",,,Plein jour,En agglomération,Hors intersection,Normale,Autre collision,,,,,,,,,,,1,2,1,1,6
200700067436,0007-10-23 17:10:00,7,10,23,17,10,750,111,", BOULEVARD VOLTAIRE",,,Plein jour,En agglomération,Intersection en X,Normale,Deux véhicules - arrière,,,,,,,,,,,1,2,2,1,2
200700067437,0007-10-25 08:46:00,7,10,25,8,46,750,119,"face 71, BOULEVARD MACDO",,,Plein jour,En agglomération,Hors intersection,Normale,Deux véhicules - côté,,,,,,,,,,,1,2,1,1,3
200700067438,0007-10-25 16:40:00,7,10,25,16,40,750,107,"/, QUAI D ORSAY",,,Plein jour,En agglomération,Intersection en T,Normale,Deux véhicules - arrière,,,,,,,,,,,1,2,3,1,2
200700067439,0007-10-26 22:25:00,7,10,26,22,25,750,106,"18, RUE DE L ANCIENNE CO",,,Nuit avec éclairage allumé,En agglomération,Hors intersection,Normale,Deux véhicules - côté,,,,,,,,,,,5,2,1,1,3
200700067440,0007-10-25 23:25:00,7,10,25,23,25,750,112,RUE DE REUILLY,,,Nuit avec éclairage allumé,En agglomération,Intersection en X,Normale,Deux véhicules - côté,,,,,,,,,,,5,2,2,1,3
200700067441,0007-10-26 18:05:00,7,10,26,18,5,750,104,"16, QUAI DE GESVRES",,,Nuit avec éclairage allumé,En agglomération,Hors intersection,Normale,Autre collision,,,,,,,,,,,5,2,1,1,6
200700067442,0007-10-27 12:00:00,7,10,27,12,0,750,109,RUE DE LA CHAUSSEE D ANT,,,Plein jour,En agglomération,Intersection en X,Normale,Deux véhicules - côté,,,,,,,,,,,1,2,2,1,3
200700067443,0007-10-27 12:15:00,7,10,27,12,15,750,120,"73, RUE LOUIS LUMIERE",,,Plein jour,En agglomération,Hors intersection,Normale,Autre collision,,,,,,,,,,,1,2,1,1,6
200700067444,0007-10-27 21:00:00,7,10,27,21,0,750,108,PLACE DE LA CONCORDE,,,Nuit avec éclairage allumé,En agglomération,Place,Normale,Autre collision,,,,,,,,,,,5,2,7,1,6
200700067445,0007-10-30 11:35:00,7,10,30,11,35,750,107,PLACE VAUBAN,,,Plein jour,En agglomération,Intersection à plus de 4 branches,Normale,Deux véhicules - côté,,,,,,,,,,,1,2,5,1,3
200700067446,0007-10-30 15:30:00,7,10,30,15,30,750,120,"79, BOULEVARD DAVOUT",,,Plein jour,En agglomération,Hors intersection,Normale,Autre collision,,,,,,,,,,,1,2,1,1,6
200700067447,0007-10-30 16:40:00,7,10,30,16,40,750,108,"5, RUE ROYALE",,,Plein jour,En agglomération,Hors intersection,Pluie forte,Autre collision,,,,,,,,,,,1,2,1,3,6
200700067448,0007-10-30 20:45:00,7,10,30,20,45,750,120,"351, RUE DES PYRENEES",,,Nuit avec éclairage allumé,En agglomération,Hors intersection,Normale,Deux véhicules - côté,,,,,,,,,,,5,2,1,1,3
200700067449,0007-10-31 20:50:00,7,10,31,20,50,750,111,"06, RUE DE BELFORT",,,Nuit avec éclairage allumé,En agglomération,Hors intersection,Normale,Autre collision,,,,,,,,,,,5,2,1,1,6
200700067450,0007-10-31 21:50:00,7,10,31,21,50,750,113,RUE DE LA GLACIERE,,,Nuit avec éclairage allumé,En agglomération,Intersection en X,Normale,Autre collision,,,,,,,,,,,5,2,2,1,6
200700067451,0007-10-01 19:15:00,7,10,1,19,15,750,116,PORTE DAUPHINE,,,Nuit avec éclairage allumé,En agglomération,Hors intersection,Normale,Deux véhicules - côté,,,,,,,,,,,5,2,1,1,3
200700067452,0007-10-02 09:10:00,7,10,2,9,10,750,118,PORTE DE SAINT OUEN,,,Plein jour,En agglomération,Hors intersection,Normale,Deux véhicules - côté,,,,,,,,,,,1,2,1,1,3
200700067453,0007-10-02 16:55:00,7,10,2,16,55,750,117,PORTE DE CHAMPERRET,,,Plein jour,En agglomération,Hors intersection,Normale,Trois véhicules et plus - en chaîne,,,,,,,,,,,1,2,1,1,4
200700067454,0007-10-03 16:50:00,7,10,3,16,50,750,116,PORTE DE SAINT CLOUD,,,Plein jour,En agglomération,Hors intersection,Normale,Trois véhicules et plus - collisions multiples,,,,,,,,,,,1,2,1,1,5
200700067455,0007-10-04 09:00:00,7,10,4,9,0,750,113,PORTE DE GENTILLY,,,Plein jour,En agglomération,Hors intersection,Normale,Trois véhicules et plus - collisions multiples,,,,,,,,,,,1,2,1,1,5
200700067456,0007-10-04 18:00:00,7,10,4,18,0,750,114,PORTE BRANCION,,,Plein jour,En agglomération,Hors intersection,Normale,Deux véhicules - côté,,,,,,,,,,,1,2,1,1,3
200700067457,0007-10-04 19:25:00,7,10,4,19,25,750,116,ECHANGEUR MUETTE,,,Nuit sans éclairage public,En agglomération,Hors intersection,Pluie légère,Deux véhicules - arrière,,,,,,,,,,,3,2,1,2,2
200700067458,0007-10-04 18:40:00,7,10,4,18,40,750,116,PORTE DAUPHINE,,,Plein jour,En agglomération,Hors intersection,Normale,Deux véhicules - arrière,,,,,,,,,,,1,2,1,1,2
200700067459,0007-10-05 17:20:00,7,10,5,17,20,750,120,PORTE DES LILAS,,,Plein jour,En agglomération,Hors intersection,Normale,Deux véhicules - arrière,,,,,,,,,,,1,2,1,1,2
200700067460,0007-10-05 19:45:00,7,10,5,19,45,750,115,PORTE BRANCION,,,Nuit avec éclairage allumé,En agglomération,Hors intersection,Normale,Sans collision,,,,,,,,,,,5,2,1,1,7
200700067461,0007-10-05 20:55:00,7,10,5,20,55,750,112,ECHANGEUR BERCY,,,Nuit avec éclairage allumé,En agglomération,Hors intersection,Normale,Sans collision,,,,,,,,,,,5,2,1,1,7
200700067462,0007-10-05 23:20:00,7,10,5,23,20,750,120,PORTE DE MONTREUIL,,,Nuit avec éclairage allumé,En agglomération,Hors intersection,Normale,Trois véhicules et plus - collisions multiples,,,,,,,,,,,5,2,1,1,5
200700067463,0007-10-06 09:00:00,7,10,6,9,0,750,120,PORTE DE BAGNOLET,,,Plein jour,En agglomération,Hors intersection,Normale,Autre collision,,,,,,,,,,,1,2,1,1,6
200700067464,0007-10-06 12:15:00,7,10,6,12,15,750,113,QUAI D IVRY,,,Plein jour,En agglomération,Hors intersection,Normale,Deux véhicules - arrière,,,,,,,,,,,1,2,1,1,2
200700067465,0007-10-06 18:10:00,7,10,6,18,10,750,116,PORTE D AUTEUIL,,,Plein jour,En agglomération,Hors intersection,Normale,Sans collision,,,,,,,,,,,1,2,1,1,7
200700067466,0007-10-06 19:20:00,7,10,6,19,20,750,117,PORTE DE CHAMPERRET,,,Nuit avec éclairage allumé,En agglomération,Hors intersection,Normale,Deux véhicules - arrière,,,,,,,,,,,5,2,1,1,2
200700067467,0007-10-07 01:00:00,7,10,7,1,0,750,119,BOULEVARD PERIPHERIQUE E,,,Nuit avec éclairage allumé,En agglomération,Hors intersection,Normale,Deux véhicules - côté,,,,,,,,,,,5,2,1,1,3