accident_id,datetime,annee,mois,jour,heure,minute,departement,commune_insee,adresse,latitude,longitude,luminosite,agglomeration,intersection,meteo,collision,nb_vehicules,nb_usagers,nb_indemnes,nb_tues,nb_blesses_hosp,nb_blesses_legers,age_cond_1,age_cond_2,veh_type_cond_1,veh_type_cond_2,lum_code,agg_code,int_code,atm_code,col_code
200700067468,0007-10-07 12:45:00,7,10,7,12,45,750,113,PORTE D ITALIE,,,Plein jour,En agglomération,Hors intersection,Normale,Deux véhicules - côté,,,,,,,,,,,1,2,1,1,3
200700067469,0007-10-07 17:45:00,7,10,7,17,45,750,113,PORTE D IVRY,,,Plein jour,En agglomération,Intersection en Y,Normale,Trois véhicules et plus - en chaîne,,,,,,,,,,,1,2,4,1,4
200700067470,0007-10-08 07:50:00,7,10,8,7,50,750,112,PORTE DOREE,,,Plein jour,En agglomération,Hors intersection,Normale,Deux véhicules - côté,,,,,,,,,,,1,2,1,1,3
200700067471,0007-10-08 08:00:00,7,10,8,8,0,750,120,PORTE DE BAGNOLET,,,Plein jour,En agglomération,Hors intersection,Normale,Trois véhicules et plus - en chaîne,,,,,,,,,,,1,2,1,1,4
200700067472,0007-10-08 16:55:00,7,10,8,16,55,750,113,PORTE D ITALIE,,,Plein jour,En agglomération,Hors intersection,Normale,Deux véhicules - arrière,,,,,,,,,,,1,2,1,1,2
200700067473,0007-10-08 21:37:00,7,10,8,21,37,750,112,ECHANGEUR BERCY,,,Nuit avec éclairage allumé,En agglomération,Hors intersection,Normale,Autre collision,,,,,,,,,,,5,2,1,1,6
200700067474,0007-10-09 12:00:00,7,10,9,12,0,750,120,PORTE DE MONTREUIL,,,Plein jour,En agglomération,Hors intersection,Normale,Deux véhicules - côté,,,,,,,,,,,1,2,1,1,3
200700067475,0007-10-10 12:30:00,7,10,10,12,30,750,116,PORTE DE SAINT CLOUD,,,Plein jour,En agglomération,Intersection en Y,Normale,Autre collision,,,,,,,,,,,1,2,4,1,6
200700067476,0007-10-10 15:50:00,7,10,10,15,50,750,116,PORTE DE PASSY,,,Plein jour,En agglomération,Hors intersection,Normale,Deux véhicules - côté,,,,,,,,,,,1,2,1,1,3
200700067477,0007-10-11 07:20:00,7,10,11,7,20,750,117,PORTE DE CLICHY,,,Plein jour,En agglomération,Hors intersection,Normale,Sans collision,,,,,,,,,,,1,2,1,1,7
200700067478,0007-10-11 08:55:00,7,10,11,8,55,750,118,PORTE DE LA CHAPELLE,,,Plein jour,En agglomération,Hors intersection,Normale,Deux véhicules - arrière,,,,,,,,,,,1,2,1,1,2
200700067479,0007-10-11 20:25:00,7,10,11,20,25,750,112,PORTE DOREE,,,Nuit avec éclairage allumé,En agglomération,Hors intersection,Normale,Autre collision,,,,,,,,,,,5,2,1,1,6
200700067480,0007-10-12 17:30:00,7,10,12,17,30,750,119,PORTE D AUBERVILLIERS,,,Plein jour,En agglomération,Hors intersection,Normale,Deux véhicules - côté,,,,,,,,,,,1,2,1,1,3
200700067481,0007-10-13 17:00:00,7,10,13,17,0,750,114,PORTE D ORLEANS,,,Plein jour,En agglomération,Hors intersection,Normale,Deux véhicules - arrière,,,,,,,,,,,1,2,1,1,2
200700067482,0007-10-13 19:10:00,7,10,13,19,10,750,117,PORTE DE SAINT OUEN,,,Plein jour,En agglomération,Hors intersection,Normale,Sans collision,,,,,,,,,,,1,2,1,1,7
200700067483,0007-10-15 09:50:00,7,10,15,9,50,750,112,PORTE DE CHARENTON,,,Plein jour,En agglomération,Hors intersection,Normale,Deux véhicules - côté,,,,,,,,,,,1,2,1,1,3
200700067484,0007-10-15 10:50:00,7,10,15,10,50,750,120,PORTE DE BAGNOLET,,,Plein jour,En agglomération,Hors intersection,Normale,Trois véhicules et plus - en chaîne,,,,,,,,,,,1,2,1,1,4
200700067485,0007-10-16 11:20:00,7,10,16,11,20,750,117,ECHANGEUR MAILLOT,,,Plein jour,En agglomération,Hors intersection,Normale,Autre collision,,,,,,,,,,,1,2,1,1,6
200700067486,0007-10-16 17:00:00,7,10,16,17,0,750,115,PORTE DE SEVRES,,,Plein jour,En agglomération,Hors intersection,Normale,Deux véhicules - côté,,,,,,,,,,,1,2,1,1,3
200700067487,0007-10-16 17:20:00,7,10,16,17,20,750,116,ECHANGEUR MUETTE,,,Plein jour,En agglomération,Hors intersection,Normale,Deux véhicules - arrière,,,,,,,,,,,1,2,1,1,2
200700067488,0007-10-17 09:30:00,7,10,17,9,30,750,112,ECHANGEUR BERCY,,,Plein jour,En agglomération,Hors intersection,Pluie légère,Deux véhicules - côté,,,,,,,,,,,1,2,1,2,3
200700067489,0007-10-17 16:35:00,7,10,17,16,35,750,116,PORTE DAUPHINE,,,Plein jour,En agglomération,Hors intersection,Normale,Deux véhicules - arrière,,,,,,,,,,,1,2,1,1,2
200700067490,0007-10-18 09:30:00,7,10,18,9,30,750,113,PORTE D ITALIE,,,Plein jour,En agglomération,Hors intersection,Normale,Autre collision,,,,,,,,,,,1,2,1,1,6
200700067491,0007-10-18 12:40:00,7,10,18,12,40,750,120,PORTE DE MONTREUIL,,,Plein jour,En agglomération,Hors intersection,Normale,Deux véhicules - côté,,,,,,,,,,,1,2,1,1,3
200700067492,0007-10-18 13:40:00,7,10,18,13,40,750,112,PORTE DE CHARENTON,,,Plein jour,En agglomération,Hors intersection,Normale,Trois véhicules et plus - en chaîne,,,,,,,,,,,1,2,1,1,4
200700067493,0007-10-18 17:30:00,7,10,18,17,30,750,119,BOULEVARD PERIPHERIQUE I,,,Plein jour,En agglomération,Hors intersection,Normale,Trois véhicules et plus - en chaîne,,,,,,,,,,,1,2,1,1,4
200700067494,0007-10-18 17:45:00,7,10,18,17,45,750,117,PORTE MAILLOT,,,Plein jour,En agglomération,Hors intersection,Normale,Trois véhicules et plus - en chaîne,,,,,,,,,,,1,2,1,1,4
200700067495,0007-10-19 20:45:00,7,10,19,20,45,750,119,BOULEVARD PERIPHERIQUE E,,,Nuit avec éclairage allumé,En agglomération,Hors intersection,Normale,Trois véhicules et plus - en chaîne,,,,,,,,,,,5,2,1,1,4
200700067496,0007-10-20 03:05:00,7,10,20,3,5,750,120,PORTE DE BAGNOLET,,,Nuit avec éclairage allumé,En agglomération,Intersection en Y,Normale,Deux véhicules - côté,,,,,,,,,,,5,2,4,1,3
200700067497,0007-10-20 16:52:00,7,10,20,16,52,750,113,PORTE D IVRY,,,Plein jour,En agglomération,Hors intersection,Normale,Deux véhicules - arrière,,,,,,,,,,,1,2,1,1,2
200700067498,0007-10-20 19:10:00,7,10,20,19,10,750,120,PORTE DE BAGNOLET,,,Nuit avec éclairage allumé,En agglomération,Hors intersection,Normale,Deux véhicules - côté,,,,,,,,,,,5,2,1,1,3
200700067499,0007-10-20 20:00:00,7,10,20,20,0,750,113,PORTE D ITALIE,,,Nuit avec éclairage allumé,En agglomération,Hors intersection,Normale,Deux véhicules - côté,,,,,,,,,,,5,2,1,1,3
200700067500,0007-10-21 06:20:00,7,10,21,6,20,750,114,ECHANGEUR VANVES,,,Nuit avec éclairage allumé,En agglomération,Hors intersection,Normale,Deux véhicules - arrière,,,,,,,,,,,5,2,1,1,2
200700067501,0007-10-21 12:50:00,7,10,21,12,50,750,119,PORTE DE PANTIN,,,Plein jour,En agglomération,Hors intersection,Normale,Deux véhicules - côté,,,,,,,,,,,1,2,1,1,3
200700067502,0007-10-21 17:20:00,7,10,21,17,20,750,120,PORTE DE MONTREUIL,,,Plein jour,En agglomération,Hors intersection,Normale,Deux véhicules - côté,,,,,,,,,,,1,2,1,1,3
200700067503,0007-10-21 18:14:00,7,10,21,18,14,750,113,ECHANGEUR ITALIE,,,Plein jour,En agglomération,Hors intersection,Normale,Deux véhicules - côté,,,,,,,,,,,1,2,1,1,3
200700067504,0007-10-22 08:00:00,7,10,22,8,0,750,119,PORTE DU PRE SAINT GERVA,,,Plein jour,En agglomération,Hors intersection,Normale,Trois véhicules et plus - en chaîne,,,,,,,,,,,1,2,1,1,4
200700067505,0007-10-22 20:00:00,7,10,22,20,0,750,119,PORTE DE PANTIN,,,Nuit avec éclairage allumé,En agglomération,Hors intersection,Normale,Sans collision,,,,,,,,,,,5,2,1,1,7
200700067506,0007-10-23 11:00:00,7,10,23,11,0,750,118,ECHANGEUR CHAPELLE,,,Plein jour,En agglomération,Intersection en Y,Normale,Deux véhicules - côté,,,,,,,,,,,1,2,4,1,3
200700067507,0007-10-23 13:10:00,7,10,23,13,10,750,119,PORTE DE PANTIN,,,Plein jour,En agglomération,Hors intersection,Normale,Trois véhicules et plus - en chaîne,,,,,,,,,,,1,2,1,1,4
200700067508,0007-10-23 18:55:00,7,10,23,18,55,750,118,PORTE DE LA CHAPELLE,,,Nuit avec éclairage allumé,En agglomération,Hors intersection,Normale,Sans collision,,,,,,,,,,,5,2,1,1,7
200700067509,0007-10-23 18:30:00,7,10,23,18,30,750,116,PORTE D AUTEUIL,,,Plein jour,En agglomération,Hors intersection,Normale,Deux véhicules - côté,,,,,,,,,,,1,2,1,1,3
200700067510,0007-10-24 12:40:00,7,10,24,12,40,750,112,PORTE DE VINCENNES,,,Plein jour,En agglomération,Hors intersection,Normale,Trois véhicules et plus - collisions multiples,,,,,,,,,,,1,2,1,1,5
200700067511,0007-10-24 13:45:00,7,10,24,13,45,750,116,PORTE DE SAINT CLOUD,,,Plein jour,En agglomération,Hors intersection,Normale,Trois véhicules et plus - collisions multiples,,,,,,,,,,,1,2,1,1,5
200700067512,0007-10-24 19:25:00,7,10,24,19,25,750,119,PORTE DE PANTIN,,,Nuit avec éclairage allumé,En agglomération,Hors intersection,Normale,Autre collision,,,,,,,,,,,5,2,1,1,6
200700067513,0007-10-25 09:30:00,7,10,25,9,30,750,112,PORTE DE VINCENNES,,,Plein jour,En agglomération,Hors intersection,Normale,Deux véhicules - côté,,,,,,,,,,,1,2,1,1,3
200700067514,0007-10-25 15:30:00,7,10,25,15,30,750,117,PORTE MAILLOT,,,Plein jour,En agglomération,Hors intersection,Normale,Deux véhicules - côté,,,,,,,,,,,1,2,1,1,3
200700067515,0007-10-25 17:30:00,7,10,25,17,30,750,117,PORTE DES TERNES,,,Crépuscule ou aube,En agglomération,Hors intersection,Normale,Trois véhicules et plus - en chaîne,,,,,,,,,,,2,2,1,1,4
200700067516,0007-10-26 19:05:00,7,10,26,19,5,750,116,PORTE MAILLOT,,,Nuit avec éclairage allumé,En agglomération,Hors intersection,Normale,Autre collision,,,,,,,,,,,5,2,1,1,6
200700067517,0007-10-27 22:15:00,7,10,27,22,15,750,118,BOULEVARD PERIPHERIQUE I,,,Nuit avec éclairage allumé,En agglomération,Hors intersection,Normale,Trois véhicules et plus - collisions multiples,,,,,,,,,,,5,2,1,1,5
200700067518,0007-10-29 09:15:00,7,10,29,9,15,750,116,PORTE D AUTEUIL,,,Plein jour,En agglomération,Hors intersection,Pluie forte,Deux véhicules - arrière,,,,,,,,,,,1,2,1,3,2
200700067519,0007-10-29 09:55:00,7,10,29,9,55,750,118,PORTE DE LA CHAPELLE,,,Plein jour,En agglomération,Hors intersection,Pluie légère,Deux véhicules - côté,,,,,,,,,,,1,2,1,2,3
200700067520,0007-10-29 15:30:00,7,10,29,15,30,750,113,PORTE D ITALIE,,,Plein jour,En agglomération,Intersection en Y,Pluie légère,Deux véhicules - côté,,,,,,,,,,,1,2,4,2,3
200700067521,0007-10-30 09:20:00,7,10,30,9,20,750,116,PORTE DE SAINT CLOUD,,,Plein jour,En agglomération,Hors intersection,Normale,Deux véhicules - arrière,,,,,,,,,,,1,2,1,1,2
200700067522,0007-10-30 08:40:00,7,10,30,8,40,750,115,QUAI D ISSY LES MOULINEA,,,Plein jour,En agglomération,Intersection en Y,Normale,Autre collision,,,,,,,,,,,1,2,4,1,6
200700067523,0007-10-30 17:40:00,7,10,30,17,40,750,119,PORTE D AUBERVILLIERS,,,Nuit avec éclairage allumé,En agglomération,Hors intersection,Normale,Deux véhicules - arrière,,,,,,,,,,,5,2,1,1,2
200700067524,0007-10-31 15:00:00,7,10,31,15,0,750,119,PORTE DE PANTIN,,,Plein jour,En agglomération,Hors intersection,Normale,Trois véhicules et plus - en chaîne,,,,,,,,,,,1,2,1,1,4
200700067525,0007-10-31 20:50:00,7,10,31,20,50,750,112,PORTE DOREE,,,Nuit sans éclairage public,En agglomération,Hors intersection,Normale,Deux véhicules - côté,,,,,,,,,,,3,2,1,1,3
200700067526,0007-10-31 20:30:00,7,10,31,20,30,750,118,PORTE DE CLIGNANCOURT,,,Nuit avec éclairage allumé,En agglomération,Hors intersection,Normale,Trois véhicules et plus - collisions multiples,,,,,,,,,,,5,2,1,1,5
200700067527,0007-10-25 21:30:00,7,10,25,21,30,780,401,RHIN ET DANUBE (PONT),,,Nuit avec éclairage allumé,En agglomération,Intersection en X,Normale,Deux véhicules - côté,,,,,,,,,,,5,2,2,1,3
200700067528,0007-06-09 09:00:00,7,6,9,9,0,780,158,SAINT ANTOINE (BOULEVARD,,,Plein jour,En agglomération,Hors intersection,Normale,Autre collision,,,,,,,,,,,1,2,1,1,6
200700067529,0007-06-24 22:20:00,7,6,24,22,20,780,158,"0, VERSAILLES (RUE DE)",,,Nuit avec éclairage allumé,En agglomération,Giratoire,Normale,Deux véhicules - côté,,,,,,,,,,,5,2,6,1,3
200700067530,0007-06-26 16:40:00,7,6,26,16,40,780,646,EUROPE (AVENUE DE L'),,,Plein jour,En agglomération,Hors intersection,Normale,Autre collision,,,,,,,,,,,1,2,1,1,6
200700067531,0007-07-03 20:10:00,7,7,3,20,10,780,646,"54, ETATS UNIS (AVENUE D",,,Plein jour,En agglomération,Hors intersection,Normale,Deux véhicules - côté,,,,,,,,,,,1,2,1,1,3
200700067532,0007-07-16 07:10:00,7,7,16,7,10,780,646,"0, REINE (BOULEVARD DE L",,,Crépuscule ou aube,En agglomération,Intersection en X,Pluie légère,Deux véhicules - côté,,,,,,,,,,,2,2,2,2,3
200700067533,0007-07-27 17:05:00,7,7,27,17,5,780,646,"20, CHANTIERS (RUE DES)",,,Plein jour,En agglomération,Hors intersection,Normale,Autre collision,,,,,,,,,,,1,2,1,1,6
200700067534,0007-07-31 13:05:00,7,7,31,13,5,780,646,"NEANT, GENERAL LECLERC (",,,Plein jour,En agglomération,Intersection en X,Normale,Deux véhicules - côté,,,,,,,,,,,1,2,2,1,3
200700067535,0007-08-08 11:05:00,7,8,8,11,5,780,646,"147, YVES LE COZ RUE)",,,Plein jour,En agglomération,Hors intersection,Pluie forte,Deux véhicules - frontale,,,,,,,,,,,1,2,1,3,1
200700067536,0007-08-17 16:20:00,7,8,17,16,20,780,646,"NEANT, ROCKFELLER (AVENU",,,Plein jour,En agglomération,Intersection en T,Normale,Autre collision,,,,,,,,,,,1,2,3,1,6
200700067537,0007-08-23 01:35:00,7,8,23,1,35,780,646,PARIS (AVENUE DE),,,Nuit avec éclairage allumé,En agglomération,Hors intersection,Pluie légère,Autre collision,,,,,,,,,,,5,2,1,2,6
200700067538,0007-08-28 17:05:00,7,8,28,17,5,780,646,CARNOT (RUE),,,Plein jour,En agglomération,Place,Normale,Autre collision,,,,,,,,,,,1,2,7,1,6
200700067539,0007-09-04 16:50:00,7,9,4,16,50,780,646,"NEANT, PONT COLBERT (RUE",,,Plein jour,En agglomération,Intersection en T,Normale,Trois véhicules et plus - en chaîne,,,,,,,,,,,1,2,3,1,4
200700067540,0007-09-14 23:45:00,7,9,14,23,45,780,646,CEINTURE (RUE DE LA),,,Nuit avec éclairage allumé,En agglomération,Giratoire,Normale,Deux véhicules - côté,,,,,,,,,,,5,2,6,1,3
200700067541,0007-09-19 16:55:00,7,9,19,16,55,780,343,"NEANT, RUE DE LA FERME D",,,Plein jour,Hors agglomération,Giratoire,Normale,Deux véhicules - côté,,,,,,,,,,,1,1,6,1,3
200700067542,0007-09-26 16:15:00,7,9,26,16,15,780,646,PARIS (AVENUE DE),,,Plein jour,En agglomération,Intersection en T,Pluie légère,Autre collision,,,,,,,,,,,1,2,3,2,6
200700067543,0007-10-09 18:00:00,7,10,9,18,0,780,646,"NEANT, LOUVOIS (AVENUE)",,,Plein jour,En agglomération,Intersection en T,Normale,Deux véhicules - côté,,,,,,,,,,,1,2,3,1,3
200700067544,0007-10-16 15:25:00,7,10,16,15,25,780,158,"87 bis, VERSAILLES (RUE",,,Plein jour,En agglomération,Hors intersection,Normale,Deux véhicules - côté,,,,,,,,,,,1,2,1,1,3
200700067545,0007-10-13 14:10:00,7,10,13,14,10,780,646,"NEANT, MARECHAL GALLIENI",,,Plein jour,En agglomération,Intersection en T,Normale,Autre collision,,,,,,,,,,,1,2,3,1,6
200700067546,0007-10-19 08:25:00,7,10,19,8,25,780,158,"2 et 4, REINE AMELIE (AV",,,Plein jour,En agglomération,Hors intersection,Normale,Deux véhicules - frontale,,,,,,,,,,,1,2,1,1,1
200700067547,0007-08-13 15:40:00,7,8,13,15,40,900,10,KENNEDY (BOULEVARD),,,Plein jour,En agglomération,Hors intersection,Normale,Autre collision,,,,,,,,,,,1,2,1,1,6
200700067548,0007-09-28 10:55:00,7,9,28,10,55,900,10,JAURES (AVENUE JEAN) A 1,,,Plein jour,En agglomération,Intersection en T,Pluie légère,Deux véhicules - côté,,,,,,,,,,,1,2,3,2,3
200700067549,0007-10-31 23:45:00,7,10,31,23,45,930,70,"136, MICHELET(AV):N°1AU",,,Nuit avec éclairage allumé,En agglomération,Hors intersection,Normale,Deux véhicules - frontale,,,,,,,,,,,5,2,1,1,1
200700067550,0007-05-30 16:15:00,7,5,30,16,15,920,63,A86,,,Plein jour,Hors agglomération,Hors intersection,Normale,Autre collision,,,,,,,,,,,1,1,1,1,6
200700067551,0007-09-28 17:20:00,7,9,28,17,20,690,29,A43   3.353 A 3.865,,,Plein jour,Hors agglomération,Hors intersection,Temps couvert,Deux véhicules - arrière,,,,,,,,,,,1,1,1,8,2
200700067552,0007-11-09 07:00:00,7,11,9,7,0,10,53,"SNR, DE GAULLE ( BD GAL)",,,Crépuscule ou aube,En agglomération,Intersection en X,Pluie légère,Deux véhicules - arrière,,,,,,,,,,,2,2,2,2,2
200700067553,0007-11-14 12:50:00,7,11,14,12,50,10,53,"01, MOULIN  (RUE JEAN)",,,Plein jour,En agglomération,Hors intersection,Temps couvert,Deux véhicules - côté,,,,,,,,,,,1,2,1,8,3
200700067554,0007-11-16 06:50:00,7,11,16,6,50,10,451,BAISSES ( CHEMIN DES ),,,Nuit sans éclairage public,Hors agglomération,Intersection en T,Normale,Deux véhicules - côté,,,,,,,,,,,3,1,3,1,3
200700067555,0007-11-18 17:05:00,7,11,18,17,5,10,53,"SNR, HERRIOT ( BOULEVARD",,,Crépuscule ou aube,En agglomération,Intersection en X,Normale,Deux véhicules - côté,,,,,,,,,,,2,2,2,1,3
200700067556,0007-11-27 17:20:00,7,11,27,17,20,10,53,"snr, BLANCHISSERIES ( RU",,,Crépuscule ou aube,En agglomération,Intersection en T,Normale,Deux véhicules - côté,,,,,,,,,,,2,2,3,1,3
200700067557,0007-11-30 15:00:00,7,11,30,15,0,10,451,POLLIAT (ROUTE DE) PAIR,,,Plein jour,Hors agglomération,Intersection en T,Normale,Deux véhicules - côté,,,,,,,,,,,1,1,3,1,3
200700067558,0007-11-28 12:30:00,7,11,28,12,30,10,53,"8bis, ANCIENS COMBATTANT",,,Plein jour,Hors agglomération,Hors intersection,Normale,Autre collision,,,,,,,,,,,1,1,1,1,6
200700067559,0007-11-30 07:50:00,7,11,30,7,50,10,53,"snr, KENNEDY BVD J  - PA",,,Plein jour,En agglomération,Intersection en T,Pluie légère,Trois véhicules et plus - collisions multiples,,,,,,,,,,,1,2,3,2,5
200700067560,0007-11-17 18:25:00,7,11,17,18,25,10,283,MURET (RUE DU),,,Nuit avec éclairage allumé,En agglomération,Giratoire,Normale,Autre collision,,,,,,,,,,,5,2,6,1,6
200700067561,0007-11-28 20:00:00,7,11,28,20,0,20,408,TARPIN (RUE DANIEL),,,Nuit avec éclairage allumé,En agglomération,Intersection à plus de 4 branches,Normale,Deux véhicules - frontale,,,,,,,,,,,5,2,5,1,1
200700067562,0007-11-06 18:15:00,7,11,6,18,15,20,691,LE TAC (RUE),,,Nuit avec éclairage allumé,En agglomération,Intersection en X,Normale,Autre collision,,,,,,,,,,,5,2,2,1,6
200700067563,0007-11-08 18:00:00,7,11,8,18,0,20,691,"14, RESISTANCE (AV. DE L",,,Nuit avec éclairage allumé,En agglomération,Hors intersection,Pluie légère,Autre collision,,,,,,,,,,,5,2,1,2,6
200700067564,0007-11-17 19:00:00,7,11,17,19,0,20,722,"sans, MARECHAL DE LATTRE",,,Nuit avec éclairage allumé,En agglomération,Giratoire,Normale,Deux véhicules - côté,,,,,,,,,,,5,2,6,1,3
200700067565,0007-11-21 15:10:00,7,11,21,15,10,20,722,"sans, JEAN DE DORMANTS (",,,Plein jour,En agglomération,Autre intersection,Normale,Autre collision,,,,,,,,,,,1,2,9,1,6
200700067566,0007-11-09 01:05:00,7,11,9,1,5,30,185,"sans, ILES ( PONT DES )",,,Nuit avec éclairage allumé,En agglomération,Autre intersection,Pluie légère,Sans collision,,,,,,,,,,,5,2,9,2,7
200700067567,0007-11-17 13:50:00,7,11,17,13,50,30,185,"26, VILLEBRET ( ROUTE DE",,,Plein jour,En agglomération,Intersection en X,Normale,Trois véhicules et plus - collisions multiples,,,,,,,,,,,1,2,2,1,5
200700067568,0007-11-18 07:05:00,7,11,18,7,5,30,185,"156, REPUBLIQUE ( AV. DE",,,Nuit avec éclairage allumé,En agglomération,Hors intersection,Normale,Autre collision,,,,,,,,,,,5,2,1,1,6
200700067569,0007-11-21 21:10:00,7,11,21,21,10,30,262,"sans, C D 301",,,Nuit avec éclairage allumé,En agglomération,Hors intersection,Normale,Autre collision,,,,,,,,,,,5,2,1,1,6
200700067570,0007-11-05 06:00:00,7,11,5,6,0,30,321,DECIZE (ROUTE DE),,,Crépuscule ou aube,Hors agglomération,Intersection en T,Brouillard / fumée,Autre collision,,,,,,,,,,,2,1,3,5,6
200700067571,0007-11-19 11:57:00,7,11,19,11,57,30,190,"54, MATHE (RUE FELIX)",,,Plein jour,En agglomération,Hors intersection,Pluie légère,Autre collision,,,,,,,,,,,1,2,1,2,6
200700067572,0007-11-21 09:30:00,7,11,21,9,30,30,321,"132, RD 779",,,Plein jour,Hors agglomération,Hors intersection,Pluie légère,Deux véhicules - frontale,,,,,,,,,,,1,1,1,2,1
200700067573,0007-11-22 11:50:00,7,11,22,11,50,30,321,D12,,,Plein jour,Hors agglomération,Hors intersection,Pluie légère,Deux véhicules - côté,,,,,,,,,,,1,1,1,2,3
200700067574,0007-11-05 14:20:00,7,11,5,14,20,30,23,"0, BURLOT (RUE JEAN-BAPT",,,Plein jour,En agglomération,Giratoire,Normale,Deux véhicules - côté,,,,,,,,,,,1,2,6,1,3
200700067575,0007-11-05 17:00:00,7,11,5,17,0,30,95,"0, PEUPLIERS (RUE DES)",,,Plein jour,En agglomération,Hors intersection,Normale,Autre collision,,,,,,,,,,,1,2,1,1,6
200700067576,0007-11-09 13:55:00,7,11,9,13,55,30,310,"1, CASCADE (RUE DE LA)",,,Plein jour,En agglomération,Intersection en Y,Normale,Deux véhicules - côté,,,,,,,,,,,1,2,4,1,3
200700067577,0007-11-09 20:47:00,7,11,9,20,47,30,310,"1, AILES (ALLEE DES)",,,Nuit avec éclairage allumé,En agglomération,Hors intersection,Pluie légère,Autre collision,,,,,,,,,,,5,2,1,2,6
200700067578,0007-11-10 11:50:00,7,11,10,11,50,30,95,"0, EUROPE (AVENUE DE L')",,,Plein jour,En agglomération,Hors intersection,Normale,Deux véhicules - côté,,,,,,,,,,,1,2,1,1,3
200700067579,0007-11-10 21:45:00,7,11,10,21,45,30,310,"0, VERNET (RUE DU)",,,Nuit avec éclairage allumé,En agglomération,Hors intersection,Temps couvert,Autre collision,,,,,,,,,,,5,2,1,8,6
200700067580,0007-11-12 09:45:00,7,11,12,9,45,30,310,"0, CREUZIER (RUE DE)",,,Plein jour,En agglomération,Hors intersection,Normale,Deux véhicules - frontale,,,,,,,,,,,1,2,1,1,1
200700067581,0007-11-15 14:30:00,7,11,15,14,30,30,23,VICHY (AVENUE DE),,,Plein jour,En agglomération,Hors intersection,Normale,Deux véhicules - arrière,,,,,,,,,,,1,2,1,1,2
200700067582,0007-11-19 10:45:00,7,11,19,10,45,30,310,"0, METZ (RUE DE)",,,Plein jour,En agglomération,Intersection en X,Pluie légère,Deux véhicules - côté,,,,,,,,,,,1,2,2,2,3
200700067583,0007-11-19 16:30:00,7,11,19,16,30,30,310,"0, MUTUALITE (BOULEVARD",,,Plein jour,En agglomération,Hors intersection,Normale,Trois véhicules et plus - collisions multiples,,,,,,,,,,,1,2,1,1,5
200700067584,0007-11-21 17:30:00,7,11,21,17,30,30,23,AUBERGER (AVENUE FERNAND,,,Nuit avec éclairage allumé,En agglomération,Giratoire,Pluie légère,Autre collision,,,,,,,,,,,5,2,6,2,6
200700067585,0007-11-21 18:40:00,7,11,21,18,40,30,310,"111, ETATS-UNIS (BOULEVA",,,Nuit avec éclairage allumé,En agglomération,Hors intersection,Pluie forte,Deux véhicules - arrière,,,,,,,,,,,5,2,1,3,2
200700067586,0007-11-23 14:00:00,7,11,23,14,0,30,310,"1, DOUMER (AVENUE DU PRE",,,Plein jour,En agglomération,Intersection en T,Temps couvert,Autre collision,,,,,,,,,,,1,2,3,8,6
200700067587,0007-11-24 14:15:00,7,11,24,14,15,30,95,"0, RD 906B",,,Plein jour,Hors agglomération,Hors intersection,Temps couvert,Deux véhicules - frontale,,,,,,,,,,,1,1,1,8,1
200700067588,0007-11-30 04:45:00,7,11,30,4,45,30,95,"0, AMPERE (RUE)",,,Nuit avec éclairage allumé,En agglomération,Intersection en X,Pluie légère,Deux véhicules - côté,,,,,,,,,,,5,2,2,2,3
200700067589,0007-11-23 23:00:00,7,11,23,23,0,40,70,"87, VERDUN (AV. DE)",,,Nuit avec éclairage allumé,En agglomération,Hors intersection,Normale,Autre collision,,,,,,,,,,,5,2,1,1,6
200700067590,0007-11-09 16:10:00,7,11,9,16,10,50,23,FROGER (RUE RENE),,,Plein jour,En agglomération,Intersection en Y,Normale,Sans collision,,,,,,,,,,,1,2,4,1,7
200700067591,0007-11-01 11:14:00,7,11,1,11,14,50,61,"26, VALSERRES ( RUE DE )",,,Plein jour,En agglomération,Intersection en T,Normale,Deux véhicules - côté,,,,,,,,,,,1,2,3,1,3
200700067592,0007-11-02 18:45:00,7,11,2,18,45,50,61,"25, GEORGES POMPIDOU ( B",,,Nuit avec éclairage allumé,En agglomération,Hors intersection,Normale,Deux véhicules - frontale,,,,,,,,,,,5,2,1,1,1
200700067593,0007-11-06 08:00:00,7,11,6,8,0,50,61,FAURE DU  SERRE ( RUE ),,,Crépuscule ou aube,En agglomération,Hors intersection,Normale,Autre collision,,,,,,,,,,,2,2,1,1,6
200700067594,0007-11-09 18:20:00,7,11,9,18,20,50,61,RN 85,,,Nuit avec éclairage allumé,Hors agglomération,Hors intersection,Normale,Trois véhicules et plus - collisions multiples,,,,,,,,,,,5,1,1,1,5
200700067595,0007-11-01 04:55:00,7,11,1,4,55,60,155,"10, LIBERTE AV.DE LA",,,Nuit avec éclairage allumé,En agglomération,Hors intersection,Normale,Autre collision,,,,,,,,,,,5,2,1,1,6
200700067596,0007-11-02 13:00:00,7,11,2,13,0,60,4,"357, SARRAZINE AV.DE LA",,,Plein jour,En agglomération,Hors intersection,Normale,Deux véhicules - frontale,,,,,,,,,,,1,2,1,1,1
200700067597,0007-11-06 16:35:00,7,11,6,16,35,60,4,GRASSE RTE DE,,,Plein jour,En agglomération,Hors intersection,Pluie légère,Deux véhicules - arrière,,,,,,,,,,,1,2,1,2,2
200700067598,0007-11-08 19:20:00,7,11,8,19,20,60,4,"35, CANNES(RN.7) AV.DE",,,Nuit avec éclairage non allumé,En agglomération,Hors intersection,Normale,Deux véhicules - côté,,,,,,,,,,,4,2,1,1,3