accident_id,datetime,annee,mois,jour,heure,minute,departement,commune_insee,adresse,latitude,longitude,luminosite,agglomeration,intersection,meteo,collision,nb_vehicules,nb_usagers,nb_indemnes,nb_tues,nb_blesses_hosp,nb_blesses_legers,age_cond_1,age_cond_2,veh_type_cond_1,veh_type_cond_2,lum_code,agg_code,int_code,atm_code,col_code
200700067730,0007-11-07 07:30:00,7,11,7,7,30,60,88,"1, STE MARGUERITE (AV.)",,,Plein jour,En agglomération,Hors intersection,Normale,Deux véhicules - côté,,,,,,,,,,,1,2,1,1,3
200700067731,0007-11-07 08:15:00,7,11,7,8,15,60,88,VOIE RAPIDE,,,Plein jour,En agglomération,Hors intersection,Normale,Deux véhicules - côté,,,,,,,,,,,1,2,1,1,3
200700067732,0007-11-07 09:30:00,7,11,7,9,30,60,88,"0, ARENE (AV. PAUL)",,,Plein jour,Hors agglomération,Hors intersection,Normale,Deux véhicules - arrière,,,,,,,,,,,1,1,1,1,2
200700067733,0007-11-07 16:45:00,7,11,7,16,45,60,88,"0, GARE ST ROCH",,,Plein jour,En agglomération,Hors intersection,Normale,Deux véhicules - arrière,,,,,,,,,,,1,2,1,1,2
200700067734,0007-11-07 19:25:00,7,11,7,19,25,60,88,"23, DUNANT (AV. HENRI)",,,Nuit avec éclairage allumé,En agglomération,Hors intersection,Normale,Deux véhicules - arrière,,,,,,,,,,,5,2,1,1,2
200700067735,0007-11-08 00:30:00,7,11,8,0,30,60,88,"0, DESAMBROIS (AV.)",,,Nuit avec éclairage allumé,En agglomération,Hors intersection,Normale,Deux véhicules - arrière,,,,,,,,,,,5,2,1,1,2
200700067736,0007-11-08 06:40:00,7,11,8,6,40,60,88,"0, GOUNOD (RUE)",,,Nuit avec éclairage allumé,En agglomération,Intersection en X,Normale,Deux véhicules - côté,,,,,,,,,,,5,2,2,1,3
200700067737,0007-11-08 07:45:00,7,11,8,7,45,60,88,"27, CAPPATTI (AV. LOUIS)",,,Plein jour,En agglomération,Hors intersection,Normale,Deux véhicules - côté,,,,,,,,,,,1,2,1,1,3
200700067738,0007-11-08 08:45:00,7,11,8,8,45,60,88,"15, PESSICART (JUSQU'AU",,,Plein jour,En agglomération,Intersection en Y,Normale,Deux véhicules - arrière,,,,,,,,,,,1,2,4,1,2
200700067739,0007-11-08 08:50:00,7,11,8,8,50,60,88,"0, HUGO (BD VICTOR)",,,Plein jour,En agglomération,Intersection en X,Normale,Deux véhicules - côté,,,,,,,,,,,1,2,2,1,3
200700067740,0007-11-08 11:15:00,7,11,8,11,15,60,88,"0, RD 6202",,,Plein jour,Hors agglomération,Hors intersection,Normale,Autre collision,,,,,,,,,,,1,1,1,1,6
200700067741,0007-11-08 11:30:00,7,11,8,11,30,60,88,"0, GEROME (PL. CDT)",,,Plein jour,Hors agglomération,Intersection en X,Normale,Deux véhicules - frontale,,,,,,,,,,,1,1,2,1,1
200700067742,0007-11-08 11:55:00,7,11,8,11,55,60,88,"0, RD 6202",,,Plein jour,Hors agglomération,Hors intersection,Normale,Deux véhicules - côté,,,,,,,,,,,1,1,1,1,3
200700067743,0007-11-08 18:20:00,7,11,8,18,20,60,88,"0, FRANKLIN (PL.)",,,Nuit avec éclairage allumé,En agglomération,Hors intersection,Normale,Deux véhicules - côté,,,,,,,,,,,5,2,1,1,3
200700067744,0007-11-08 20:00:00,7,11,8,20,0,60,88,"276, MADELEINE (BD DE LA",,,Nuit avec éclairage allumé,En agglomération,Hors intersection,Normale,Deux véhicules - arrière,,,,,,,,,,,5,2,1,1,2
200700067745,0007-11-08 21:00:00,7,11,8,21,0,60,88,"0, CASSIN (BD RENE)",,,Nuit avec éclairage allumé,En agglomération,Intersection en X,Normale,Deux véhicules - côté,,,,,,,,,,,5,2,2,1,3
200700067746,0007-11-09 03:30:00,7,11,9,3,30,60,88,"55, GAMBETTA (JUSQU'AU N",,,Nuit avec éclairage allumé,En agglomération,Hors intersection,Normale,Autre collision,,,,,,,,,,,5,2,1,1,6
200700067747,0007-11-09 07:45:00,7,11,9,7,45,60,88,"358, STE MARGUERITE (AV.",,,Plein jour,En agglomération,Hors intersection,Normale,Deux véhicules - côté,,,,,,,,,,,1,2,1,1,3
200700067748,0007-11-09 08:20:00,7,11,9,8,20,60,88,"0, VALOMBROSE (AV. DE)",,,Plein jour,En agglomération,Hors intersection,Normale,Sans collision,,,,,,,,,,,1,2,1,1,7
200700067749,0007-11-09 10:05:00,7,11,9,10,5,60,88,"32, GALLIENI (AV.)",,,Plein jour,En agglomération,Hors intersection,Normale,Deux véhicules - arrière,,,,,,,,,,,1,2,1,1,2
200700067750,0007-11-09 13:10:00,7,11,9,13,10,60,88,"45, MADELEINE (BD DE LA)",,,Plein jour,En agglomération,Hors intersection,Normale,Trois véhicules et plus - collisions multiples,,,,,,,,,,,1,2,1,1,5
200700067751,0007-11-09 15:00:00,7,11,9,15,0,60,88,"0, ARMEE DES ALPES (BD D",,,Plein jour,En agglomération,Intersection à plus de 4 branches,Normale,Deux véhicules - côté,,,,,,,,,,,1,2,5,1,3
200700067752,0007-11-09 17:15:00,7,11,9,17,15,60,88,"0, ANGLAIS (DU N° 45 AU",,,Nuit avec éclairage allumé,Hors agglomération,Hors intersection,Normale,Deux véhicules - arrière,,,,,,,,,,,5,1,1,1,2
200700067753,0007-11-09 17:43:00,7,11,9,17,43,60,88,"0, RAY (AV. DU)",,,Nuit avec éclairage allumé,En agglomération,Hors intersection,Normale,Autre collision,,,,,,,,,,,5,2,1,1,6
200700067754,0007-11-09 21:30:00,7,11,9,21,30,60,88,"0, DESAMBROIS (AV.)",,,Nuit avec éclairage allumé,En agglomération,Hors intersection,Normale,Deux véhicules - côté,,,,,,,,,,,5,2,1,1,3
200700067755,0007-11-10 15:45:00,7,11,10,15,45,60,88,CARNOT (BD),,,Plein jour,En agglomération,Hors intersection,Normale,Deux véhicules - frontale,,,,,,,,,,,1,2,1,1,1
200700067756,0007-11-10 16:15:00,7,11,10,16,15,60,88,"0, ANGLAIS (A PARTIR DU",,,Plein jour,En agglomération,Hors intersection,Normale,Deux véhicules - arrière,,,,,,,,,,,1,2,1,1,2
200700067757,0007-11-10 18:00:00,7,11,10,18,0,60,88,"0, GRENOBLE (ROUTE DE)",,,Nuit avec éclairage allumé,En agglomération,Hors intersection,Normale,Trois véhicules et plus - en chaîne,,,,,,,,,,,5,2,1,1,4
200700067758,0007-11-10 19:30:00,7,11,10,19,30,60,88,BUFFA (RUE DE LA),,,Crépuscule ou aube,En agglomération,Hors intersection,Normale,Autre collision,,,,,,,,,,,2,2,1,1,6
200700067759,0007-11-10 22:30:00,7,11,10,22,30,60,88,"1, CASSIN (BD RENE)",,,Nuit avec éclairage non allumé,En agglomération,Hors intersection,Normale,Autre collision,,,,,,,,,,,4,2,1,1,6
200700067760,0007-11-11 02:35:00,7,11,11,2,35,60,88,"75, CALIFORNIE (AV.) (DU",,,Nuit avec éclairage allumé,En agglomération,Hors intersection,Normale,Deux véhicules - arrière,,,,,,,,,,,5,2,1,1,2
200700067761,0007-11-11 12:15:00,7,11,11,12,15,60,88,"35, THIERS (AV.)",,,Plein jour,En agglomération,Hors intersection,Normale,Autre collision,,,,,,,,,,,1,2,1,1,6
200700067762,0007-11-11 14:46:00,7,11,11,14,46,60,88,"212, GINESTIERE (CH. DE",,,Plein jour,En agglomération,Hors intersection,Normale,Deux véhicules - côté,,,,,,,,,,,1,2,1,1,3
200700067763,0007-11-11 17:20:00,7,11,11,17,20,60,88,"13, PASTORELLI (R.)",,,Crépuscule ou aube,En agglomération,Hors intersection,Normale,Deux véhicules - côté,,,,,,,,,,,2,2,1,1,3
200700067764,0007-11-12 14:45:00,7,11,12,14,45,60,88,"81, DEUX CORNICHES (BD D",,,Plein jour,En agglomération,Hors intersection,Normale,Deux véhicules - côté,,,,,,,,,,,1,2,1,1,3
200700067765,0007-11-12 19:40:00,7,11,12,19,40,60,88,"19, ALPHONSE 1ER (RUE)",,,Nuit avec éclairage allumé,En agglomération,Hors intersection,Normale,Deux véhicules - frontale,,,,,,,,,,,5,2,1,1,1
200700067766,0007-11-13 08:25:00,7,11,13,8,25,60,88,"10, FAURE (AV. FELIX)",,,Plein jour,En agglomération,Hors intersection,Normale,Autre collision,,,,,,,,,,,1,2,1,1,6
200700067767,0007-11-13 12:35:00,7,11,13,12,35,60,88,"0, GRENOBLE (ROUTE DE)",,,Plein jour,En agglomération,Intersection en T,Normale,Deux véhicules - frontale,,,,,,,,,,,1,2,3,1,1
200700067768,0007-11-13 15:30:00,7,11,13,15,30,60,88,"0, PENETRANTE DU PAILLON",,,Plein jour,En agglomération,Hors intersection,Normale,Deux véhicules - frontale,,,,,,,,,,,1,2,1,1,1
200700067769,0007-11-13 17:15:00,7,11,13,17,15,60,88,"0, SAINT-JEAN BAPTISTE (",,,Plein jour,En agglomération,Hors intersection,Normale,Autre collision,,,,,,,,,,,1,2,1,1,6
200700067770,0007-11-14 10:00:00,7,11,14,10,0,60,88,"0, EL-NOUZAH (RUE)",,,Plein jour,En agglomération,Hors intersection,Normale,Deux véhicules - côté,,,,,,,,,,,1,2,1,1,3
200700067771,0007-11-14 11:50:00,7,11,14,11,50,60,88,"0, CALIFORNIE (AV.) (A P",,,Plein jour,En agglomération,Hors intersection,Normale,Autre collision,,,,,,,,,,,1,2,1,1,6
200700067772,0007-11-14 12:05:00,7,11,14,12,5,60,88,"0, VEROLA (AV. AUGUSTE)",,,Plein jour,En agglomération,Hors intersection,Normale,Deux véhicules - côté,,,,,,,,,,,1,2,1,1,3
200700067773,0007-11-14 12:06:00,7,11,14,12,6,60,88,"0, ANGLAIS (DU N° 45 AU",,,Plein jour,En agglomération,Intersection en T,Normale,Trois véhicules et plus - collisions multiples,,,,,,,,,,,1,2,3,1,5
200700067774,0007-11-14 15:30:00,7,11,14,15,30,60,88,"0, ANGLAIS (DU N° 114 AU",,,Plein jour,En agglomération,Hors intersection,Normale,Trois véhicules et plus - collisions multiples,,,,,,,,,,,1,2,1,1,5
200700067775,0007-11-15 08:30:00,7,11,15,8,30,60,88,"118, CESSOLE (BD DE) (A",,,Plein jour,En agglomération,Hors intersection,Pluie légère,Deux véhicules - côté,,,,,,,,,,,1,2,1,2,3
200700067776,0007-11-15 09:45:00,7,11,15,9,45,60,88,"40, RIBOTTI (R.)",,,Plein jour,En agglomération,Hors intersection,Normale,Autre collision,,,,,,,,,,,1,2,1,1,6
200700067777,0007-11-15 13:35:00,7,11,15,13,35,60,88,"93, CESSOLE (BD DE) (JUS",,,Plein jour,En agglomération,Hors intersection,Normale,Deux véhicules - arrière,,,,,,,,,,,1,2,1,1,2
200700067778,0007-11-15 15:45:00,7,11,15,15,45,60,88,"0, DESAMBROIS (AV.)",,,Plein jour,En agglomération,Hors intersection,Normale,Trois véhicules et plus - collisions multiples,,,,,,,,,,,1,2,1,1,5
200700067779,0007-11-15 18:00:00,7,11,15,18,0,60,88,"61, CESSOLE (BD DE) (JUS",,,Nuit avec éclairage allumé,En agglomération,Hors intersection,Normale,Autre collision,,,,,,,,,,,5,2,1,1,6
200700067780,0007-11-15 19:00:00,7,11,15,19,0,60,88,"0, RUSSIE (R. DE)",,,Nuit avec éclairage allumé,En agglomération,Intersection en X,Normale,Autre collision,,,,,,,,,,,5,2,2,1,6
200700067781,0007-11-15 19:20:00,7,11,15,19,20,60,88,"4, CIMIEZ (BD) JUSQU'AU",,,Nuit avec éclairage allumé,En agglomération,Hors intersection,Normale,Deux véhicules - côté,,,,,,,,,,,5,2,1,1,3
200700067782,0007-11-16 04:40:00,7,11,16,4,40,60,88,"0, GAMBETTA (A PARTIR DU",,,Nuit avec éclairage allumé,En agglomération,Intersection en X,Normale,Deux véhicules - côté,,,,,,,,,,,5,2,2,1,3
200700067783,0007-11-16 11:00:00,7,11,16,11,0,60,88,"7, MIOLLIS (R.)",,,Plein jour,En agglomération,Hors intersection,Normale,Deux véhicules - côté,,,,,,,,,,,1,2,1,1,3
200700067784,0007-11-16 15:45:00,7,11,16,15,45,60,88,"0, MONTREAL (BD DE)",,,Plein jour,En agglomération,Hors intersection,Normale,Deux véhicules - côté,,,,,,,,,,,1,2,1,1,3
200700067785,0007-11-16 16:00:00,7,11,16,16,0,60,88,"0, SAINT-JEAN BAPTISTE (",,,Plein jour,En agglomération,Hors intersection,Normale,Autre collision,,,,,,,,,,,1,2,1,1,6
200700067786,0007-11-16 16:30:00,7,11,16,16,30,60,88,"0, WEYGAND (AV. GAL)",,,Plein jour,En agglomération,Hors intersection,Normale,Deux véhicules - côté,,,,,,,,,,,1,2,1,1,3
200700067787,0007-11-16 16:55:00,7,11,16,16,55,60,88,"0, RD 6007",,,Plein jour,En agglomération,Hors intersection,Normale,Trois véhicules et plus - en chaîne,,,,,,,,,,,1,2,1,1,4
200700067788,0007-11-16 20:30:00,7,11,16,20,30,60,88,"44, MONTEL (BD PAUL)",,,Nuit avec éclairage allumé,En agglomération,Hors intersection,Normale,Deux véhicules - côté,,,,,,,,,,,5,2,1,1,3
200700067789,0007-11-16 19:30:00,7,11,16,19,30,60,88,"64, BAREL (BD VIRGILE)",,,Nuit avec éclairage allumé,En agglomération,Hors intersection,Normale,Autre collision,,,,,,,,,,,5,2,1,1,6
200700067790,0007-11-17 06:30:00,7,11,17,6,30,60,88,"99, STE-MARGUERITE (AV.)",,,Nuit avec éclairage allumé,En agglomération,Hors intersection,Normale,Deux véhicules - côté,,,,,,,,,,,5,2,1,1,3
200700067791,0007-11-17 13:40:00,7,11,17,13,40,60,88,"0, RD 6202",,,Plein jour,Hors agglomération,Hors intersection,Normale,Deux véhicules - côté,,,,,,,,,,,1,1,1,1,3
200700067792,0007-11-17 16:45:00,7,11,17,16,45,60,88,"0, STALINGRAD (BD DE)",,,Plein jour,En agglomération,Hors intersection,Autre,Autre collision,,,,,,,,,,,1,2,1,9,6
200700067793,0007-11-17 18:30:00,7,11,17,18,30,60,88,"87, SAINT-LAMBERT (AV.)",,,Nuit avec éclairage allumé,En agglomération,Hors intersection,Normale,Autre collision,,,,,,,,,,,5,2,1,1,6
200700067794,0007-11-19 09:45:00,7,11,19,9,45,60,88,"0, CORNICHE (MOYENNE)",,,Plein jour,En agglomération,Intersection en T,Normale,Deux véhicules - frontale,,,,,,,,,,,1,2,3,1,1
200700067795,0007-11-19 16:50:00,7,11,19,16,50,60,88,"0, PERTINAX (R.)",,,Plein jour,En agglomération,Intersection en X,Normale,Deux véhicules - côté,,,,,,,,,,,1,2,2,1,3
200700067796,0007-11-19 20:50:00,7,11,19,20,50,60,88,"228, TURIN (RTE DE)",,,Nuit avec éclairage allumé,En agglomération,Hors intersection,Normale,Deux véhicules - côté,,,,,,,,,,,5,2,1,1,3
200700067797,0007-11-20 08:40:00,7,11,20,8,40,60,88,"47, JOFFRE (R. MARECHAL)",,,Plein jour,En agglomération,Hors intersection,Normale,Deux véhicules - arrière,,,,,,,,,,,1,2,1,1,2
200700067798,0007-11-20 09:45:00,7,11,20,9,45,60,88,"46, CIMIEZ (BD) A PARTIR",,,Plein jour,En agglomération,Hors intersection,Normale,Autre collision,,,,,,,,,,,1,2,1,1,6
200700067799,0007-11-20 10:00:00,7,11,20,10,0,60,88,"0, SAINT-LAMBERT (AV.) (",,,Plein jour,En agglomération,Hors intersection,Normale,Deux véhicules - côté,,,,,,,,,,,1,2,1,1,3
200700067800,0007-11-20 10:40:00,7,11,20,10,40,60,88,"0, GAMBETTA (A PARTIR DU",,,Plein jour,En agglomération,Hors intersection,Normale,Deux véhicules - côté,,,,,,,,,,,1,2,1,1,3
200700067801,0007-11-20 21:30:00,7,11,20,21,30,60,88,"0, VERDI (R.)",,,Nuit avec éclairage allumé,En agglomération,Intersection en X,Normale,Autre collision,,,,,,,,,,,5,2,2,1,6
200700067802,0007-11-21 09:40:00,7,11,21,9,40,60,88,THIERS (AV.),,,Plein jour,Hors agglomération,Hors intersection,Pluie légère,Autre collision,,,,,,,,,,,1,1,1,2,6
200700067803,0007-11-21 09:50:00,7,11,21,9,50,60,88,"0, BELLA VISTA (AV.)",,,Plein jour,Hors agglomération,Hors intersection,Pluie légère,Autre collision,,,,,,,,,,,1,1,1,2,6
200700067804,0007-11-21 11:30:00,7,11,21,11,30,60,88,"9, MADELEINE (BD DE LA)",,,Plein jour,En agglomération,Hors intersection,Pluie légère,Deux véhicules - arrière,,,,,,,,,,,1,2,1,2,2
200700067805,0007-11-21 11:43:00,7,11,21,11,43,60,88,"0, PETIT-PARC (PASS. DU)",,,Plein jour,En agglomération,Hors intersection,Pluie légère,Autre collision,,,,,,,,,,,1,2,1,2,6
200700067806,0007-11-21 12:49:00,7,11,21,12,49,60,88,"0, VOIE RAPIDE",,,Plein jour,En agglomération,Hors intersection,Pluie légère,Sans collision,,,,,,,,,,,1,2,1,2,7
200700067807,0007-11-21 13:40:00,7,11,21,13,40,60,88,"96, CASSIN (BD RENE)",,,Plein jour,En agglomération,Hors intersection,Pluie légère,Deux véhicules - arrière,,,,,,,,,,,1,2,1,2,2
200700067808,0007-11-21 15:30:00,7,11,21,15,30,60,88,"15, DIABLES BLEUS (AV. D",,,Plein jour,En agglomération,Intersection en T,Pluie légère,Deux véhicules - côté,,,,,,,,,,,1,2,3,2,3
200700067809,0007-11-21 21:50:00,7,11,21,21,50,60,88,PONT DU LION,,,Nuit avec éclairage allumé,En agglomération,Hors intersection,Normale,Autre collision,,,,,,,,,,,5,2,1,1,6
200700067810,0007-11-22 07:40:00,7,11,22,7,40,60,88,"36, BORNALA (AV. DE LA)",,,Plein jour,En agglomération,Hors intersection,Pluie légère,Deux véhicules - côté,,,,,,,,,,,1,2,1,2,3
200700067811,0007-11-22 10:00:00,7,11,22,10,0,60,88,"0, ARIANE (BD DE L')",,,Plein jour,En agglomération,Hors intersection,Pluie forte,Deux véhicules - côté,,,,,,,,,,,1,2,1,3,3
200700067812,0007-11-22 10:45:00,7,11,22,10,45,60,88,"0, CHENES BLANCS (CH. DE",,,Plein jour,En agglomération,Intersection en T,Normale,Deux véhicules - côté,,,,,,,,,,,1,2,3,1,3
200700067813,0007-11-22 12:40:00,7,11,22,12,40,60,88,"136, JARDINIERS (BD DES)",,,Plein jour,Hors agglomération,Hors intersection,Pluie légère,Deux véhicules - arrière,,,,,,,,,,,1,1,1,2,2
200700067814,0007-11-22 14:50:00,7,11,22,14,50,60,88,"08, ARENE (AV. PAUL)",,,Plein jour,En agglomération,Hors intersection,Pluie forte,Deux véhicules - arrière,,,,,,,,,,,1,2,1,3,2
200700067815,0007-11-22 15:00:00,7,11,22,15,0,60,88,"52, MATISSE (AV. HENRI)",,,Plein jour,En agglomération,Hors intersection,Pluie forte,Deux véhicules - côté,,,,,,,,,,,1,2,1,3,3
200700067816,0007-11-22 17:25:00,7,11,22,17,25,60,88,"10, CARLONE (BD)",,,Nuit avec éclairage allumé,En agglomération,Hors intersection,Pluie légère,Autre collision,,,,,,,,,,,5,2,1,2,6
200700067817,0007-11-22 17:30:00,7,11,22,17,30,60,88,"1548, SLAMA (RUE MAURICE",,,Nuit avec éclairage allumé,En agglomération,Hors intersection,Pluie forte,Trois véhicules et plus - en chaîne,,,,,,,,,,,5,2,1,3,4
200700067818,0007-11-22 20:00:00,7,11,22,20,0,60,88,"0, STE MARGUERITE (AV.)",,,Nuit avec éclairage allumé,En agglomération,Intersection en T,Pluie légère,Trois véhicules et plus - en chaîne,,,,,,,,,,,5,2,3,2,4
200700067819,0007-11-22 22:25:00,7,11,22,22,25,60,88,"166, SAINT-LAMBERT (AV.)",,,Nuit avec éclairage allumé,En agglomération,Hors intersection,Normale,Autre collision,,,,,,,,,,,5,2,1,1,6
200700067820,0007-11-23 08:30:00,7,11,23,8,30,60,88,"0, GUYNEMER (PL.)",,,Plein jour,En agglomération,Intersection en Y,Pluie légère,Deux véhicules - côté,,,,,,,,,,,1,2,4,2,3
200700067821,0007-11-23 18:15:00,7,11,23,18,15,60,88,"255, COLOMARS (ROUTE DE)",,,Nuit avec éclairage allumé,En agglomération,Hors intersection,Normale,Autre collision,,,,,,,,,,,5,2,1,1,6
200700067822,0007-11-23 18:45:00,7,11,23,18,45,60,88,"0, BERI (RUE EDOUARD)",,,Nuit avec éclairage allumé,En agglomération,Intersection en X,Normale,Deux véhicules - côté,,,,,,,,,,,5,2,2,1,3
200700067823,0007-11-24 00:30:00,7,11,24,0,30,60,159,"5, PRINCESSE GRACE DE MO",,,Nuit avec éclairage allumé,En agglomération,Hors intersection,Pluie forte,Trois véhicules et plus - collisions multiples,,,,,,,,,,,5,2,1,3,5
200700067824,0007-11-24 05:55:00,7,11,24,5,55,60,88,"140, CALIFORNIE (AV.) (D",,,Nuit avec éclairage allumé,En agglomération,Hors intersection,Normale,Deux véhicules - arrière,,,,,,,,,,,5,2,1,1,2
200700067825,0007-11-24 12:30:00,7,11,24,12,30,60,88,"0, CIAUDO (RUE DU DOCTEU",,,Plein jour,En agglomération,Hors intersection,Normale,Deux véhicules - côté,,,,,,,,,,,1,2,1,1,3
200700067826,0007-11-24 14:00:00,7,11,24,14,0,60,88,"20, CALIFORNIE (AV.) (JU",,,Plein jour,En agglomération,Hors intersection,Pluie légère,Deux véhicules - côté,,,,,,,,,,,1,2,1,2,3
200700067827,0007-11-24 17:40:00,7,11,24,17,40,60,88,"0, VERANY (BD J.B.)",,,Nuit avec éclairage allumé,En agglomération,Hors intersection,Pluie légère,Autre collision,,,,,,,,,,,5,2,1,2,6
200700067828,0007-11-25 00:30:00,7,11,25,0,30,60,88,"0, DELFINO (BD GENERAL)",,,Nuit avec éclairage allumé,En agglomération,Intersection en X,Autre,Deux véhicules - côté,,,,,,,,,,,5,2,2,9,3
200700067829,0007-11-25 14:40:00,7,11,25,14,40,60,88,"94, GAMBETTA (A PARTIR D",,,Plein jour,En agglomération,Hors intersection,Normale,Autre collision,,,,,,,,,,,1,2,1,1,6
200700067830,0007-11-26 09:15:00,7,11,26,9,15,60,88,"62, CASSIN (BD RENE)",,,Plein jour,En agglomération,Hors intersection,Normale,Autre collision,,,,,,,,,,,1,2,1,1,6
200700067831,0007-11-26 16:10:00,7,11,26,16,10,60,88,"1, DAUPHINE (AV.)",,,Plein jour,En agglomération,Hors intersection,Normale,Autre collision,,,,,,,,,,,1,2,1,1,6
200700067832,0007-11-26 17:30:00,7,11,26,17,30,60,88,"0, SOLA (BD PIERRE)",,,Nuit avec éclairage allumé,En agglomération,Intersection en X,Normale,Deux véhicules - côté,,,,,,,,,,,5,2,2,1,3
200700067833,0007-11-26 18:35:00,7,11,26,18,35,60,88,"70, GROSSO (A PARTIR DU",,,Nuit avec éclairage allumé,En agglomération,Hors intersection,Normale,Trois véhicules et plus - en chaîne,,,,,,,,,,,5,2,1,1,4
200700067834,0007-11-26 21:30:00,7,11,26,21,30,60,88,"03, CIMIEZ (BD) JUSQU'AU",,,Nuit avec éclairage allumé,En agglomération,Hors intersection,Normale,Deux véhicules - frontale,,,,,,,,,,,5,2,1,1,1
200700067835,0007-11-27 08:45:00,7,11,27,8,45,60,88,"0, CIMIEZ (BD) A PARTIR",,,Plein jour,En agglomération,Hors intersection,Normale,Deux véhicules - côté,,,,,,,,,,,1,2,1,1,3
200700067836,0007-11-27 17:30:00,7,11,27,17,30,60,88,"32, PASTEUR (BD)",,,Nuit avec éclairage allumé,En agglomération,Hors intersection,Normale,Autre collision,,,,,,,,,,,5,2,1,1,6
200700067837,0007-11-27 17:35:00,7,11,27,17,35,60,88,"89, ANGLAIS PLAGE(DU 45",,,Nuit avec éclairage allumé,En agglomération,Hors intersection,Normale,Trois véhicules et plus - en chaîne,,,,,,,,,,,5,2,1,1,4
200700067838,0007-11-27 17:40:00,7,11,27,17,40,60,88,"0, ACCHIARDI DE ST LEGER",,,Nuit avec éclairage allumé,En agglomération,Hors intersection,Normale,Autre collision,,,,,,,,,,,5,2,1,1,6
200700067839,0007-11-27 18:30:00,7,11,27,18,30,60,88,"0, CENTRAL DU VAR (BD)",,,Nuit avec éclairage allumé,En agglomération,Hors intersection,Normale,Deux véhicules - côté,,,,,,,,,,,5,2,1,1,3
200700067840,0007-11-28 17:35:00,7,11,28,17,35,60,88,VOIE RAPIDE,,,Nuit avec éclairage allumé,En agglomération,Hors intersection,Normale,Trois véhicules et plus - en chaîne,,,,,,,,,,,5,2,1,1,4
200700067841,0007-11-29 07:30:00,7,11,29,7,30,60,88,"81, PASTEUR (BD)",,,Plein jour,En agglomération,Hors intersection,Normale,Deux véhicules - arrière,,,,,,,,,,,1,2,1,1,2
200700067842,0007-11-29 11:30:00,7,11,29,11,30,60,88,"244, CALIFORNIE (AV.) (A",,,Plein jour,En agglomération,Hors intersection,Normale,Autre collision,,,,,,,,,,,1,2,1,1,6
200700067843,0007-11-29 11:25:00,7,11,29,11,25,60,88,"0, ANGLAIS (DU N° 114 AU",,,Plein jour,En agglomération,Hors intersection,Normale,Deux véhicules - côté,,,,,,,,,,,1,2,1,1,3
200700067844,0007-11-30 00:50:00,7,11,30,0,50,60,88,"0, SANTOLINE (R. DE LA)",,,Nuit avec éclairage allumé,En agglomération,Autre intersection,Normale,Autre collision,,,,,,,,,,,5,2,9,1,6
200700067845,0007-11-30 07:45:00,7,11,30,7,45,60,88,"16, GALLIENI (AV.)",,,Plein jour,En agglomération,Hors intersection,Normale,Sans collision,,,,,,,,,,,1,2,1,1,7
200700067846,0007-11-30 13:10:00,7,11,30,13,10,60,88,"0, CASSIN (BD RENE)",,,Plein jour,En agglomération,Intersection en T,Normale,Deux véhicules - côté,,,,,,,,,,,1,2,3,1,3
200700067847,0007-11-30 18:05:00,7,11,30,18,5,60,88,"7, ARBORAS (TRAV. DES)",,,Nuit sans éclairage public,En agglomération,Hors intersection,Normale,Deux véhicules - côté,,,,,,,,,,,3,2,1,1,3
200700067848,0007-11-30 19:45:00,7,11,30,19,45,60,88,"0, LEPANTE (R. DE)",,,Nuit avec éclairage allumé,En agglomération,Intersection en X,Normale,Deux véhicules - arrière,,,,,,,,,,,5,2,2,1,2
200700067849,0007-11-02 19:40:00,7,11,2,19,40,70,231,104 ( ROUTE DEPÄRTEMENTA,,,Nuit sans éclairage public,Hors agglomération,Hors intersection,Normale,Sans collision,,,,,,,,,,,3,1,1,1,7
200700067850,0007-11-28 15:55:00,7,11,28,15,55,70,229,"1, RN102",,,Plein jour,Hors agglomération,Hors intersection,Normale,Sans collision,,,,,,,,,,,1,1,1,1,7
200700067851,0007-11-24 10:05:00,7,11,24,10,5,70,316,"1085, LYON (ROUTE DE)",,,Plein jour,Hors agglomération,Hors intersection,Temps couvert,Sans collision,,,,,,,,,,,1,1,1,8,7
200700067852,0007-11-25 06:30:00,7,11,25,6,30,70,102,"97, MISTRAL (PONT FREDER",,,Nuit avec éclairage allumé,En agglomération,Hors intersection,Normale,Deux véhicules - côté,,,,,,,,,,,5,2,1,1,3
200700067853,0007-11-03 13:10:00,7,11,3,13,10,70,340,"633, ARGEVILLIERES",,,Plein jour,En agglomération,Hors intersection,Normale,Deux véhicules - frontale,,,,,,,,,,,1,2,1,1,1
200700067854,0007-11-13 17:00:00,7,11,13,17,0,80,105,"20, NOEL",,,Crépuscule ou aube,En agglomération,Hors intersection,Pluie forte,Autre collision,,,,,,,,,,,2,2,1,3,6
200700067855,0007-11-20 07:45:00,7,11,20,7,45,80,105,"01, THEATRE RUE",,,Crépuscule ou aube,En agglomération,Intersection en X,Pluie légère,Autre collision,,,,,,,,,,,2,2,2,2,6
200700067856,0007-11-24 11:15:00,7,11,24,11,15,80,105,"53, CARNOT AVENUE",,,Plein jour,En agglomération,Hors intersection,Normale,Deux véhicules - côté,,,,,,,,,,,1,2,1,1,3
200700067857,0007-11-28 03:10:00,7,11,28,3,10,80,105,"18, MONGE",,,Plein jour,En agglomération,Hors intersection,Normale,Autre collision,,,,,,,,,,,1,2,1,1,6
200700067858,0007-11-29 12:15:00,7,11,29,12,15,80,105,AURIOL PRESIDENT (AVENUE,,,Plein jour,En agglomération,Intersection en T,Normale,Deux véhicules - côté,,,,,,,,,,,1,2,3,1,3
200700067859,0007-11-04 19:10:00,7,11,4,19,10,80,409,"20, MARTYRS DE LA RESIST",,,Nuit avec éclairage allumé,En agglomération,Intersection en T,Normale,Deux véhicules - côté,,,,,,,,,,,5,2,3,1,3