accident_id,datetime,annee,mois,jour,heure,minute,departement,commune_insee,adresse,latitude,longitude,luminosite,agglomeration,intersection,meteo,collision,nb_vehicules,nb_usagers,nb_indemnes,nb_tues,nb_blesses_hosp,nb_blesses_legers,age_cond_1,age_cond_2,veh_type_cond_1,veh_type_cond_2,lum_code,agg_code,int_code,atm_code,col_code
200700068121,0007-11-16 08:30:00,7,11,16,8,30,130,55,"207, SAINTE MARGUERITE (",,,Plein jour,En agglomération,Hors intersection,Normale,Deux véhicules - côté,,,,,,,,,,,1,2,1,1,3
200700068122,0007-11-19 19:45:00,7,11,19,19,45,130,55,"339, PARADIS (RUE)",,,Nuit avec éclairage allumé,En agglomération,Hors intersection,Normale,Deux véhicules - côté,,,,,,,,,,,5,2,1,1,3
200700068123,0007-11-15 11:56:00,7,11,15,11,56,130,55,"2, HAIFA (AVENUE)",,,Plein jour,En agglomération,Hors intersection,Vent fort / tempête,Autre collision,,,,,,,,,,,1,2,1,6,6
200700068124,0007-11-20 10:01:00,7,11,20,10,1,130,55,FRANCOISE DUPARC (BOULEV,,,Plein jour,En agglomération,Intersection en T,Normale,Deux véhicules - côté,,,,,,,,,,,1,2,3,1,3
200700068125,0007-11-24 19:15:00,7,11,24,19,15,130,55,"8, PORT (QUAI DU)",,,Nuit avec éclairage allumé,En agglomération,Hors intersection,Pluie légère,Deux véhicules - côté,,,,,,,,,,,5,2,1,2,3
200700068126,0007-11-29 18:45:00,7,11,29,18,45,130,55,MORGIOU (CHEMIN DE),,,Nuit avec éclairage allumé,En agglomération,Hors intersection,Normale,Deux véhicules - frontale,,,,,,,,,,,5,2,1,1,1
200700068127,0007-11-29 09:15:00,7,11,29,9,15,130,55,"23, BLANCARDE (BOULEVARD",,,Plein jour,En agglomération,Intersection en T,Normale,Sans collision,,,,,,,,,,,1,2,3,1,7
200700068128,0007-11-20 15:00:00,7,11,20,15,0,130,55,"162, PLOMBIERES (BOULEVA",,,Plein jour,En agglomération,Hors intersection,Normale,Autre collision,,,,,,,,,,,1,2,1,1,6
200700068129,0007-11-23 13:30:00,7,11,23,13,30,130,55,"04, LITTORAL (CHEMIN DU)",,,Plein jour,En agglomération,Autre intersection,Normale,Deux véhicules - côté,,,,,,,,,,,1,2,9,1,3
200700068130,0007-11-22 12:20:00,7,11,22,12,20,130,55,ALBERT EINSTEIN (RUE),,,Plein jour,En agglomération,Intersection en X,Normale,Deux véhicules - côté,,,,,,,,,,,1,2,2,1,3
200700068131,0007-11-16 08:50:00,7,11,16,8,50,130,55,"248, MICHELET (BOULEVARD",,,Plein jour,En agglomération,Hors intersection,Normale,Autre collision,,,,,,,,,,,1,2,1,1,6
200700068132,0007-11-27 20:25:00,7,11,27,20,25,130,55,"300, MICHELET (BOULEVARD",,,Nuit avec éclairage allumé,En agglomération,Hors intersection,Normale,Autre collision,,,,,,,,,,,5,2,1,1,6
200700068133,0007-11-26 08:50:00,7,11,26,8,50,130,55,"360, ROMAIN ROLLAND (BOU",,,Plein jour,En agglomération,Hors intersection,Normale,Deux véhicules - côté,,,,,,,,,,,1,2,1,1,3
200700068134,0007-11-21 14:15:00,7,11,21,14,15,130,55,"129, CAPELETTE (AVENUE D",,,Plein jour,En agglomération,Hors intersection,Normale,Autre collision,,,,,,,,,,,1,2,1,1,6
200700068135,0007-11-20 20:30:00,7,11,20,20,30,130,55,ROMAIN ROLLAND (BOULEVAR,,,Nuit avec éclairage allumé,En agglomération,Hors intersection,Normale,Deux véhicules - frontale,,,,,,,,,,,5,2,1,1,1
200700068136,0007-11-05 06:50:00,7,11,5,6,50,130,55,LIBERATION (BOULEVARD),,,Crépuscule ou aube,En agglomération,Hors intersection,Normale,Deux véhicules - côté,,,,,,,,,,,2,2,1,1,3
200700068137,0007-11-26 08:00:00,7,11,26,8,0,130,55,"25, AMEDEE AUTRAN (BOULE",,,Plein jour,En agglomération,Hors intersection,Normale,Deux véhicules - frontale,,,,,,,,,,,1,2,1,1,1
200700068138,0007-11-26 20:55:00,7,11,26,20,55,130,55,BOIS SACRE (AVENUE DU),,,Nuit avec éclairage allumé,En agglomération,Hors intersection,Pluie légère,Deux véhicules - côté,,,,,,,,,,,5,2,1,2,3
200700068139,0007-11-30 15:00:00,7,11,30,15,0,130,55,FALAISE (RUE DE LA),,,Plein jour,En agglomération,Hors intersection,Normale,Deux véhicules - frontale,,,,,,,,,,,1,2,1,1,1
200700068140,0007-11-23 20:10:00,7,11,23,20,10,130,55,ROMAIN ROLLAND (BOULEVAR,,,Nuit avec éclairage allumé,En agglomération,Hors intersection,Pluie légère,Deux véhicules - côté,,,,,,,,,,,5,2,1,2,3
200700068141,0007-11-09 16:30:00,7,11,9,16,30,130,55,JEAN MOULIN (BOULEVARD),,,Plein jour,En agglomération,Intersection en T,Normale,Deux véhicules - côté,,,,,,,,,,,1,2,3,1,3
200700068142,0007-11-23 06:00:00,7,11,23,6,0,130,55,FRANCOISE DUPARC (BOULEV,,,Nuit avec éclairage allumé,En agglomération,Intersection en X,Pluie légère,Deux véhicules - côté,,,,,,,,,,,5,2,2,2,3
200700068143,0007-11-22 13:40:00,7,11,22,13,40,130,55,SAINT ANTOINE (CHEMIN DE,,,Plein jour,En agglomération,Hors intersection,Normale,Deux véhicules - frontale,,,,,,,,,,,1,2,1,1,1
200700068144,0007-11-14 11:14:00,7,11,14,11,14,130,55,"06, HUSSARDS (TRAVERSE D",,,Plein jour,En agglomération,Hors intersection,Normale,Autre collision,,,,,,,,,,,1,2,1,1,6
200700068145,0007-11-26 17:15:00,7,11,26,17,15,130,55,VALENTINE (ROUTE DE LA),,,Crépuscule ou aube,En agglomération,Hors intersection,Normale,Deux véhicules - arrière,,,,,,,,,,,2,2,1,1,2
200700068146,0007-11-21 17:40:00,7,11,21,17,40,130,55,MAZARGUES (AVENUE DE),,,Nuit sans éclairage public,En agglomération,Hors intersection,Vent fort / tempête,Deux véhicules - côté,,,,,,,,,,,3,2,1,6,3
200700068147,0007-11-21 15:25:00,7,11,21,15,25,130,55,PRADO (AVENUE),,,Plein jour,En agglomération,Hors intersection,Vent fort / tempête,Deux véhicules - côté,,,,,,,,,,,1,2,1,6,3
200700068148,0007-11-30 20:35:00,7,11,30,20,35,130,55,"191, VALBARELLE (BOULEVA",,,Nuit sans éclairage public,En agglomération,Hors intersection,Normale,Autre collision,,,,,,,,,,,3,2,1,1,6
200700068149,0007-11-30 08:05:00,7,11,30,8,5,130,2,CANTON VERT (AVENUE DU),,,Plein jour,En agglomération,Hors intersection,Autre,Deux véhicules - arrière,,,,,,,,,,,1,2,1,9,2
200700068150,0007-11-28 11:20:00,7,11,28,11,20,130,55,MIREILLE LAUZE (BOULEVAR,,,Plein jour,En agglomération,Hors intersection,Normale,Autre collision,,,,,,,,,,,1,2,1,1,6
200700068151,0007-11-27 18:00:00,7,11,27,18,0,130,55,SAINTE MARTHE (CHEMIN DE,,,Nuit avec éclairage allumé,En agglomération,Intersection en T,Normale,Deux véhicules - côté,,,,,,,,,,,5,2,3,1,3
200700068152,0007-11-26 18:55:00,7,11,26,18,55,130,55,"148, FRANÇOISE DUPARC (B",,,Nuit avec éclairage allumé,En agglomération,Hors intersection,Normale,Deux véhicules - arrière,,,,,,,,,,,5,2,1,1,2
200700068153,0007-11-26 18:00:00,7,11,26,18,0,130,55,"151, CROIX ROUGE (AVENUE",,,Nuit avec éclairage allumé,En agglomération,Intersection en T,Normale,Deux véhicules - côté,,,,,,,,,,,5,2,3,1,3
200700068154,0007-11-20 12:15:00,7,11,20,12,15,130,55,"273, CORNICHE KENNEDY",,,Plein jour,En agglomération,Hors intersection,Temps couvert,Deux véhicules - côté,,,,,,,,,,,1,2,1,8,3
200700068155,0007-11-27 17:45:00,7,11,27,17,45,130,55,PARADIS (RUE),,,Crépuscule ou aube,En agglomération,Hors intersection,Normale,Deux véhicules - côté,,,,,,,,,,,2,2,1,1,3
200700068156,0007-11-28 12:30:00,7,11,28,12,30,130,55,"52, CAMILLE PELLETAN (AV",,,Plein jour,En agglomération,Hors intersection,Normale,Deux véhicules - frontale,,,,,,,,,,,1,2,1,1,1
200700068157,0007-11-21 18:20:00,7,11,21,18,20,130,55,"169, CORNICHE KENNEDY",,,Crépuscule ou aube,En agglomération,Hors intersection,Normale,Deux véhicules - arrière,,,,,,,,,,,2,2,1,1,2
200700068158,0007-11-30 22:45:00,7,11,30,22,45,130,55,"345, CORNICHE KENNEDY",,,Nuit avec éclairage allumé,En agglomération,Hors intersection,Normale,Autre collision,,,,,,,,,,,5,2,1,1,6
200700068159,0007-11-30 12:40:00,7,11,30,12,40,130,55,GUIBAL (RUE),,,Plein jour,En agglomération,Intersection en X,Normale,Deux véhicules - frontale,,,,,,,,,,,1,2,2,1,1
200700068160,0007-11-30 18:10:00,7,11,30,18,10,130,55,SAINTE MARTHE (CHEMIN DE,,,Nuit avec éclairage allumé,En agglomération,Hors intersection,Normale,Deux véhicules - côté,,,,,,,,,,,5,2,1,1,3
200700068161,0007-11-26 21:00:00,7,11,26,21,0,130,55,"37, EMMANUEL ALLARD (RUE",,,Nuit avec éclairage allumé,En agglomération,Hors intersection,Normale,Deux véhicules - arrière,,,,,,,,,,,5,2,1,1,2
200700068162,0007-11-13 07:20:00,7,11,13,7,20,130,55,"69, HAIFA (AVENUE)",,,Plein jour,En agglomération,Intersection en Y,Normale,Deux véhicules - côté,,,,,,,,,,,1,2,4,1,3
200700068163,0007-11-22 14:15:00,7,11,22,14,15,130,55,"7, RIVE NEUVE (QUAI DE)",,,Plein jour,En agglomération,Hors intersection,Pluie légère,Deux véhicules - côté,,,,,,,,,,,1,2,1,2,3
200700068164,0007-11-16 18:11:00,7,11,16,18,11,130,55,ALEX. FLEMING (BOULEVARD,,,Nuit sans éclairage public,En agglomération,Hors intersection,Normale,Trois véhicules et plus - en chaîne,,,,,,,,,,,3,2,1,1,4
200700068165,0007-11-22 19:00:00,7,11,22,19,0,130,55,FRAIS VALLON (AVENUE),,,Nuit avec éclairage allumé,En agglomération,Hors intersection,Pluie forte,Autre collision,,,,,,,,,,,5,2,1,3,6
200700068166,0007-11-29 10:30:00,7,11,29,10,30,130,55,CAPELETTE (AVENUE DE LA),,,Plein jour,En agglomération,Intersection en T,Normale,Deux véhicules - côté,,,,,,,,,,,1,2,3,1,3
200700068167,0007-11-30 21:55:00,7,11,30,21,55,130,55,"149, PRADO (AVENUE)",,,Nuit avec éclairage allumé,En agglomération,Autre intersection,Normale,Deux véhicules - côté,,,,,,,,,,,5,2,9,1,3
200700068168,0007-11-16 19:35:00,7,11,16,19,35,130,55,"128, AUGUSTIN AUBERT (RU",,,Nuit avec éclairage allumé,En agglomération,Hors intersection,Pluie légère,Deux véhicules - côté,,,,,,,,,,,5,2,1,2,3
200700068169,0007-11-23 16:35:00,7,11,23,16,35,130,55,"33, FIFI TURIN (RUE)",,,Plein jour,En agglomération,Hors intersection,Normale,Deux véhicules - arrière,,,,,,,,,,,1,2,1,1,2
200700068170,0007-11-26 16:15:00,7,11,26,16,15,130,55,"74, SAINT LOUP (BOULEVAR",,,Plein jour,En agglomération,Hors intersection,Normale,Autre collision,,,,,,,,,,,1,2,1,1,6
200700068171,0007-11-09 19:10:00,7,11,9,19,10,130,55,"141, 24 AVRIL 15 (AVENUE",,,Nuit avec éclairage allumé,En agglomération,Intersection en X,Normale,Deux véhicules - côté,,,,,,,,,,,5,2,2,1,3
200700068172,0007-11-06 22:30:00,7,11,6,22,30,130,55,FRANCOISE DUPARC (BOULEV,,,Nuit avec éclairage allumé,En agglomération,Intersection en X,Normale,Autre collision,,,,,,,,,,,5,2,2,1,6
200700068173,0007-11-25 10:10:00,7,11,25,10,10,130,55,SAINT ANTOINE (AVENUE DE,,,Plein jour,En agglomération,Hors intersection,Normale,Autre collision,,,,,,,,,,,1,2,1,1,6
200700068174,0007-11-17 20:30:00,7,11,17,20,30,130,55,"08, ROLAND DORGELES (BOU",,,Nuit avec éclairage allumé,En agglomération,Hors intersection,Normale,Deux véhicules - côté,,,,,,,,,,,5,2,1,1,3
200700068175,0007-11-10 21:15:00,7,11,10,21,15,130,55,"274, ROGER SALENGRO (AVE",,,Nuit avec éclairage allumé,En agglomération,Intersection en T,Normale,Deux véhicules - côté,,,,,,,,,,,5,2,3,1,3
200700068176,0007-11-28 11:15:00,7,11,28,11,15,130,55,HENRI MARTINET (ROND POI,,,Plein jour,En agglomération,Autre intersection,Normale,Deux véhicules - côté,,,,,,,,,,,1,2,9,1,3
200700068177,0007-11-11 21:40:00,7,11,11,21,40,130,55,ALBERT EINSTEIN (RUE),,,Nuit avec éclairage allumé,En agglomération,Intersection en T,Normale,Deux véhicules - côté,,,,,,,,,,,5,2,3,1,3
200700068178,0007-11-13 16:31:00,7,11,13,16,31,130,55,MERLAN (AVENUE),,,Plein jour,En agglomération,Hors intersection,Normale,Deux véhicules - côté,,,,,,,,,,,1,2,1,1,3
200700068179,0007-11-12 14:00:00,7,11,12,14,0,130,55,"250, MIREILLE LAUZE (BOU",,,Plein jour,En agglomération,Hors intersection,Vent fort / tempête,Deux véhicules - arrière,,,,,,,,,,,1,2,1,6,2
200700068180,0007-11-02 22:00:00,7,11,2,22,0,130,55,"46, MARÉCHAL FOCH (AVENU",,,Nuit avec éclairage allumé,En agglomération,Hors intersection,Normale,Autre collision,,,,,,,,,,,5,2,1,1,6
200700068181,0007-11-27 12:05:00,7,11,27,12,5,130,55,SAINT MENET (AVENUE DE),,,Plein jour,En agglomération,Hors intersection,Normale,Deux véhicules - arrière,,,,,,,,,,,1,2,1,1,2
200700068182,0007-11-25 10:40:00,7,11,25,10,40,130,55,TROIS LUCS (AVENUE DES),,,Plein jour,En agglomération,Intersection en X,Normale,Deux véhicules - côté,,,,,,,,,,,1,2,2,1,3
200700068183,0007-11-10 17:00:00,7,11,10,17,0,130,55,L ARMEE D AFRIQUE (CHEMI,,,Plein jour,En agglomération,Intersection en X,Normale,Deux véhicules - côté,,,,,,,,,,,1,2,2,1,3
200700068184,0007-11-24 23:40:00,7,11,24,23,40,130,55,PRADO (AVENUE),,,Nuit avec éclairage allumé,En agglomération,Hors intersection,Temps couvert,Trois véhicules et plus - collisions multiples,,,,,,,,,,,5,2,1,8,5
200700068185,0007-11-23 15:00:00,7,11,23,15,0,130,55,ALEX. FLEMING (BOULEVARD,,,Plein jour,En agglomération,Hors intersection,Normale,Deux véhicules - arrière,,,,,,,,,,,1,2,1,1,2
200700068186,0007-11-29 07:40:00,7,11,29,7,40,130,55,SAINT JEAN (AVENUE),,,Crépuscule ou aube,En agglomération,Intersection en T,Normale,Deux véhicules - côté,,,,,,,,,,,2,2,3,1,3
200700068187,0007-11-27 12:50:00,7,11,27,12,50,130,55,MONTREDON (AVENUE DE),,,Plein jour,En agglomération,Intersection en X,Normale,Autre collision,,,,,,,,,,,1,2,2,1,6
200700068188,0007-11-02 15:46:00,7,11,2,15,46,130,55,CAPITAINE GEZE (BOULEVAR,,,Plein jour,En agglomération,Intersection en T,Normale,Deux véhicules - côté,,,,,,,,,,,1,2,3,1,3
200700068189,0007-11-15 07:45:00,7,11,15,7,45,130,55,PLOMBIERES (BOULEVARD DE,,,Plein jour,En agglomération,Hors intersection,Normale,Autre collision,,,,,,,,,,,1,2,1,1,6
200700068190,0007-11-14 10:30:00,7,11,14,10,30,130,55,ALPHONSE DAUDET (RUE),,,Plein jour,En agglomération,Hors intersection,Normale,Deux véhicules - côté,,,,,,,,,,,1,2,1,1,3
200700068191,0007-11-20 15:30:00,7,11,20,15,30,130,55,"90, ROSE (AVENUE DE LA)",,,Plein jour,En agglomération,Intersection en X,Normale,Autre collision,,,,,,,,,,,1,2,2,1,6
200700068192,0007-11-08 09:15:00,7,11,8,9,15,130,55,SAKAKINI (BOULEVARD),,,Plein jour,En agglomération,Hors intersection,Normale,Autre collision,,,,,,,,,,,1,2,1,1,6
200700068193,0007-11-27 10:30:00,7,11,27,10,30,130,55,SAKAKINI (BOULEVARD),,,Plein jour,En agglomération,Hors intersection,Normale,Autre collision,,,,,,,,,,,1,2,1,1,6
200700068194,0007-11-29 13:45:00,7,11,29,13,45,130,55,"467, LITTORAL (CHEMIN DU",,,Plein jour,En agglomération,Hors intersection,Normale,Autre collision,,,,,,,,,,,1,2,1,1,6
200700068195,0007-11-21 06:50:00,7,11,21,6,50,130,55,PIERRE DOIZE  (RUE),,,Crépuscule ou aube,En agglomération,Intersection en X,Normale,Deux véhicules - côté,,,,,,,,,,,2,2,2,1,3
200700068196,0007-11-21 09:00:00,7,11,21,9,0,130,55,"87, SAINT BARNABE (AVENU",,,Plein jour,En agglomération,Hors intersection,Normale,Deux véhicules - côté,,,,,,,,,,,1,2,1,1,3
200700068197,0007-11-30 10:30:00,7,11,30,10,30,130,55,"123, SAINTE JULIE (AVENU",,,Plein jour,En agglomération,Place,Normale,Deux véhicules - arrière,,,,,,,,,,,1,2,7,1,2
200700068198,0007-11-26 17:00:00,7,11,26,17,0,130,55,SAINT LOUIS (COURS),,,Plein jour,En agglomération,Hors intersection,Normale,Deux véhicules - arrière,,,,,,,,,,,1,2,1,1,2
200700068199,0007-11-28 13:00:00,7,11,28,13,0,130,55,"11, ROME (RUE DE)",,,Plein jour,En agglomération,Hors intersection,Normale,Autre collision,,,,,,,,,,,1,2,1,1,6
200700068200,0007-11-15 10:10:00,7,11,15,10,10,130,55,BAILLE (BOULEVARD),,,Plein jour,En agglomération,Intersection en X,Normale,Deux véhicules - côté,,,,,,,,,,,1,2,2,1,3
200700068201,0007-11-07 19:01:00,7,11,7,19,1,130,55,"17, REPUBLIQUE (RUE DE L",,,Plein jour,En agglomération,Hors intersection,Normale,Deux véhicules - frontale,,,,,,,,,,,1,2,1,1,1
200700068202,0007-11-24 17:45:00,7,11,24,17,45,130,55,"96, SAINT LOUIS (AVENUE",,,Nuit avec éclairage allumé,En agglomération,Hors intersection,Pluie légère,Trois véhicules et plus - en chaîne,,,,,,,,,,,5,2,1,2,4
200700068203,0007-11-30 15:20:00,7,11,30,15,20,130,55,AVIATEUR LE BRIX (RUE),,,Plein jour,En agglomération,Intersection en T,Normale,Trois véhicules et plus - en chaîne,,,,,,,,,,,1,2,3,1,4
200700068204,0007-11-12 20:00:00,7,11,12,20,0,130,55,"162, TIMONE (AVENUE DE L",,,Nuit avec éclairage allumé,En agglomération,Hors intersection,Normale,Deux véhicules - frontale,,,,,,,,,,,5,2,1,1,1
200700068205,0007-11-29 08:00:00,7,11,29,8,0,130,55,"88, CAMOINS (AVENUE DES)",,,Plein jour,En agglomération,Autre intersection,Normale,Deux véhicules - côté,,,,,,,,,,,1,2,9,1,3
200700068206,0007-11-19 17:00:00,7,11,19,17,0,130,55,ABBE DE L'E (RUE),,,Plein jour,Hors agglomération,Hors intersection,Normale,Sans collision,,,,,,,,,,,1,1,1,1,7
200700068207,0007-11-11 19:46:00,7,11,11,19,46,130,55,"50, JEAN ANDRE (TRAVERSE",,,Nuit avec éclairage allumé,En agglomération,Hors intersection,Pluie légère,Deux véhicules - frontale,,,,,,,,,,,5,2,1,2,1
200700068208,0007-11-07 19:55:00,7,11,7,19,55,130,55,MADRAGUE VILLE (CHEMIN D,,,Nuit avec éclairage allumé,En agglomération,Intersection en T,Normale,Deux véhicules - côté,,,,,,,,,,,5,2,3,1,3
200700068209,0007-11-24 19:30:00,7,11,24,19,30,130,55,MISSIRI (RUE),,,Nuit avec éclairage allumé,En agglomération,Hors intersection,Normale,Autre collision,,,,,,,,,,,5,2,1,1,6
200700068210,0007-11-24 14:15:00,7,11,24,14,15,130,55,"12, GUSTAVES DESPLACES (",,,Plein jour,En agglomération,Hors intersection,Normale,Autre collision,,,,,,,,,,,1,2,1,1,6
200700068211,0007-11-28 19:00:00,7,11,28,19,0,130,55,LYON (RUE DE),,,Crépuscule ou aube,En agglomération,Hors intersection,Normale,Autre collision,,,,,,,,,,,2,2,1,1,6
200700068212,0007-11-06 06:35:00,7,11,6,6,35,130,55,"22, JEAN MOULIN (BOULEVA",,,Crépuscule ou aube,En agglomération,Hors intersection,Normale,Deux véhicules - arrière,,,,,,,,,,,2,2,1,1,2
200700068213,0007-11-27 10:50:00,7,11,27,10,50,130,55,JEAN JAURES (PLACE),,,Plein jour,En agglomération,Hors intersection,Normale,Autre collision,,,,,,,,,,,1,2,1,1,6
200700068214,0007-11-22 12:00:00,7,11,22,12,0,130,55,JEAN MOULIN (BOULEVARD),,,Plein jour,En agglomération,Hors intersection,Normale,Trois véhicules et plus - collisions multiples,,,,,,,,,,,1,2,1,1,5
200700068215,0007-11-09 14:15:00,7,11,9,14,15,130,55,SAINT PIERRE (RUE),,,Plein jour,En agglomération,Hors intersection,Normale,Deux véhicules - arrière,,,,,,,,,,,1,2,1,1,2
200700068216,0007-11-13 12:00:00,7,11,13,12,0,130,55,ALPHONSE CANOVAS (PLACE),,,Plein jour,En agglomération,Hors intersection,Normale,Deux véhicules - arrière,,,,,,,,,,,1,2,1,1,2
200700068217,0007-11-30 16:30:00,7,11,30,16,30,130,55,CHAPE (RUE),,,Plein jour,En agglomération,Hors intersection,Normale,Autre collision,,,,,,,,,,,1,2,1,1,6
200700068218,0007-11-29 15:00:00,7,11,29,15,0,130,55,"8, LÉON GAMBETTA (ALLEE)",,,Plein jour,En agglomération,Intersection en T,Normale,Deux véhicules - frontale,,,,,,,,,,,1,2,3,1,1
200700068219,0007-11-28 17:30:00,7,11,28,17,30,130,55,"280, CORNICHE KENNEDY",,,Plein jour,En agglomération,Hors intersection,Normale,Deux véhicules - arrière,,,,,,,,,,,1,2,1,1,2
200700068220,0007-11-28 13:30:00,7,11,28,13,30,130,55,"26, PRADO (AVENUE DU)",,,Plein jour,En agglomération,Intersection en X,Normale,Deux véhicules - côté,,,,,,,,,,,1,2,2,1,3
200700068221,0007-11-07 14:00:00,7,11,7,14,0,130,55,GUIBAL (RUE),,,Plein jour,En agglomération,Hors intersection,Normale,Deux véhicules - côté,,,,,,,,,,,1,2,1,1,3
200700068222,0007-11-27 17:30:00,7,11,27,17,30,130,55,REPUBLIQUE (RUE DE LA),,,Crépuscule ou aube,En agglomération,Hors intersection,Normale,Autre collision,,,,,,,,,,,2,2,1,1,6
200700068223,0007-11-06 10:15:00,7,11,6,10,15,130,55,MONTE CRISTO (RUE),,,Plein jour,En agglomération,Hors intersection,Normale,Deux véhicules - arrière,,,,,,,,,,,1,2,1,1,2
200700068224,0007-11-13 19:20:00,7,11,13,19,20,130,55,BLANCARDE (BOULEVARD),,,Nuit avec éclairage allumé,En agglomération,Intersection en X,Normale,Deux véhicules - côté,,,,,,,,,,,5,2,2,1,3
200700068225,0007-11-26 07:40:00,7,11,26,7,40,130,55,"173, LYON (RUE DE)",,,Plein jour,En agglomération,Hors intersection,Temps couvert,Deux véhicules - arrière,,,,,,,,,,,1,2,1,8,2
200700068226,0007-11-26 19:05:00,7,11,26,19,5,130,55,"487, MAZARGUES (AVENUE D",,,Nuit avec éclairage allumé,En agglomération,Intersection en T,Normale,Deux véhicules - côté,,,,,,,,,,,5,2,3,1,3
200700068227,0007-11-21 16:40:00,7,11,21,16,40,130,55,CAPITAINE GEZE (BOULEVAR,,,Plein jour,En agglomération,Hors intersection,Normale,Sans collision,,,,,,,,,,,1,2,1,1,7
200700068228,0007-11-14 12:15:00,7,11,14,12,15,130,55,HENRI BARNIER (BOULEVARD,,,Plein jour,En agglomération,Hors intersection,Normale,Autre collision,,,,,,,,,,,1,2,1,1,6
200700068229,0007-11-23 18:50:00,7,11,23,18,50,130,55,BAILLE (BOULEVARD),,,Nuit avec éclairage allumé,En agglomération,Intersection en X,Normale,Deux véhicules - arrière,,,,,,,,,,,5,2,2,1,2
200700068230,0007-11-28 16:45:00,7,11,28,16,45,130,55,"2 bis, AMEDEE PALMIERI (",,,Plein jour,En agglomération,Intersection en T,Normale,Deux véhicules - côté,,,,,,,,,,,1,2,3,1,3
200700068231,0007-11-29 17:45:00,7,11,29,17,45,130,55,CORSE (AVENUE DE LA),,,Nuit avec éclairage allumé,En agglomération,Hors intersection,Normale,Autre collision,,,,,,,,,,,5,2,1,1,6
200700068232,0007-11-06 11:55:00,7,11,6,11,55,130,55,OLIVIER (RUE DE L'),,,Plein jour,En agglomération,Intersection en X,Normale,Deux véhicules - côté,,,,,,,,,,,1,2,2,1,3
200700068233,0007-11-12 08:10:00,7,11,12,8,10,130,55,", CHARLES SUSINI (TRAVER",,,Plein jour,En agglomération,Intersection en T,Normale,Deux véhicules - côté,,,,,,,,,,,1,2,3,1,3
200700068234,0007-11-13 10:30:00,7,11,13,10,30,130,55,"143, GIBBES (CHEMIN DE)",,,Plein jour,En agglomération,Hors intersection,Normale,Autre collision,,,,,,,,,,,1,2,1,1,6
200700068235,0007-11-17 13:00:00,7,11,17,13,0,130,55,"44, COROT (AVENUE)",,,Plein jour,En agglomération,Hors intersection,Normale,Deux véhicules - côté,,,,,,,,,,,1,2,1,1,3
200700068236,0007-11-26 06:30:00,7,11,26,6,30,130,55,PLOMBIERES (BOULEVARD DE,,,Nuit avec éclairage allumé,En agglomération,Hors intersection,Normale,Deux véhicules - côté,,,,,,,,,,,5,2,1,1,3
200700068237,0007-11-11 17:10:00,7,11,11,17,10,130,56,"88, SAUSSET",,,Crépuscule ou aube,En agglomération,Hors intersection,Normale,Trois véhicules et plus - collisions multiples,,,,,,,,,,,2,2,1,1,5
200700068238,0007-11-10 08:00:00,7,11,10,8,0,130,56,TURCAN FRANCIS,,,Plein jour,En agglomération,Hors intersection,Normale,Autre collision,,,,,,,,,,,1,2,1,1,6
200700068239,0007-11-18 02:40:00,7,11,18,2,40,130,39,ROUTE NATIONALE 569,,,Nuit sans éclairage public,Hors agglomération,Hors intersection,Normale,Deux véhicules - frontale,,,,,,,,,,,3,1,1,1,1
200700068240,0007-11-13 10:15:00,7,11,13,10,15,130,39,RN 268 (PR 7.100),,,Plein jour,Hors agglomération,Hors intersection,Normale,Sans collision,,,,,,,,,,,1,1,1,1,7
200700068241,0007-11-18 19:00:00,7,11,18,19,0,130,56,APPOLINAIRE RUE GUILLAUM,,,Nuit avec éclairage allumé,En agglomération,Hors intersection,Normale,Autre collision,,,,,,,,,,,5,2,1,1,6
200700068242,0007-11-20 08:25:00,7,11,20,8,25,130,77,GRIMAU JULIAN (rue),,,Plein jour,En agglomération,Hors intersection,Normale,Autre collision,,,,,,,,,,,1,2,1,1,6
200700068243,0007-11-23 16:40:00,7,11,23,16,40,130,56,SAINT MACAIRE (chemin),,,Plein jour,En agglomération,Hors intersection,Normale,Deux véhicules - arrière,,,,,,,,,,,1,2,1,1,2
200700068244,0007-11-19 10:15:00,7,11,19,10,15,130,56,CD 49,,,Plein jour,Hors agglomération,Hors intersection,Normale,Deux véhicules - côté,,,,,,,,,,,1,1,1,1,3
200700068245,0007-11-20 12:40:00,7,11,20,12,40,130,26,RN 568 CLM,,,Plein jour,Hors agglomération,Hors intersection,Normale,Trois véhicules et plus - en chaîne,,,,,,,,,,,1,1,1,1,4
200700068246,0007-11-29 13:50:00,7,11,29,13,50,130,56,COLLINE ROUTE DE LA,,,Plein jour,En agglomération,Hors intersection,Normale,Deux véhicules - frontale,,,,,,,,,,,1,2,1,1,1
200700068247,0007-11-14 16:15:00,7,11,14,16,15,130,56,FLEMING AVENUE DU ALEXAN,,,Plein jour,En agglomération,Hors intersection,Normale,Deux véhicules - côté,,,,,,,,,,,1,2,1,1,3
200700068248,0007-11-25 12:40:00,7,11,25,12,40,130,77,D 50,,,Plein jour,Hors agglomération,Hors intersection,Normale,Deux véhicules - frontale,,,,,,,,,,,1,1,1,1,1
200700068249,0007-11-07 15:15:00,7,11,7,15,15,130,103,AVENUE CHABAN DELMAS -JA,,,Plein jour,En agglomération,Hors intersection,Normale,Trois véhicules et plus - en chaîne,,,,,,,,,,,1,2,1,1,4
200700068250,0007-11-27 07:05:00,7,11,27,7,5,130,103,ROUTE DE JEAN MOULIN-RN,,,Crépuscule ou aube,Hors agglomération,Hors intersection,Normale,Trois véhicules et plus - collisions multiples,,,,,,,,,,,2,1,1,1,5