accident_id,datetime,annee,mois,jour,heure,minute,departement,commune_insee,adresse,latitude,longitude,luminosite,agglomeration,intersection,meteo,collision,nb_vehicules,nb_usagers,nb_indemnes,nb_tues,nb_blesses_hosp,nb_blesses_legers,age_cond_1,age_cond_2,veh_type_cond_1,veh_type_cond_2,lum_code,agg_code,int_code,atm_code,col_code
200700068251,0007-11-27 14:25:00,7,11,27,14,25,130,103,BOULEVARD FOCH-MARECHAL,,,Plein jour,En agglomération,Hors intersection,Normale,Deux véhicules - côté,,,,,,,,,,,1,2,1,1,3
200700068252,0007-11-04 10:20:00,7,11,4,10,20,130,108,D33 ROUTE DE FONTVEILLE,,,Plein jour,Hors agglomération,Hors intersection,Normale,Deux véhicules - côté,,,,,,,,,,,1,1,1,1,3
200700068253,0007-11-08 20:50:00,7,11,8,20,50,130,108,CD 8O ROUTE DE GRAVESON,,,Nuit sans éclairage public,Hors agglomération,Hors intersection,Normale,Sans collision,,,,,,,,,,,3,1,1,1,7
200700068254,0007-11-10 17:45:00,7,11,10,17,45,130,108,CD 35 ROUTE DE BOULBON,,,Crépuscule ou aube,Hors agglomération,Hors intersection,Normale,Deux véhicules - arrière,,,,,,,,,,,2,1,1,1,2
200700068255,0007-11-28 17:00:00,7,11,28,17,0,130,108,GAMBETTA (BOULEVARD),,,Crépuscule ou aube,En agglomération,Intersection en T,Normale,Deux véhicules - côté,,,,,,,,,,,2,2,3,1,3
200700068256,0007-11-04 03:50:00,7,11,4,3,50,130,71,ROUTE NATIONALE 113 - RE,,,Nuit sans éclairage public,En agglomération,Hors intersection,Normale,Autre collision,,,,,,,,,,,3,2,1,1,6
200700068257,0007-11-08 17:45:00,7,11,8,17,45,130,117,ROUTE NATIONALE 113 - CA,,,Nuit sans éclairage public,Hors agglomération,Hors intersection,Normale,Deux véhicules - arrière,,,,,,,,,,,3,1,1,1,2
200700068258,0007-11-09 15:15:00,7,11,9,15,15,130,117,COURSON ( ARCADES COLONE,,,Plein jour,En agglomération,Autre intersection,Normale,Deux véhicules - côté,,,,,,,,,,,1,2,9,1,3
200700068259,0007-11-12 17:40:00,7,11,12,17,40,130,117,BAOU (QUARTIER DU PONT D,,,Crépuscule ou aube,Hors agglomération,Intersection en T,Temps couvert,Deux véhicules - côté,,,,,,,,,,,2,1,3,8,3
200700068260,0007-11-13 15:05:00,7,11,13,15,5,130,71,PLAN DE CAMPAGNE,,,Plein jour,En agglomération,Hors intersection,Normale,Autre collision,,,,,,,,,,,1,2,1,1,6
200700068261,0007-11-14 07:50:00,7,11,14,7,50,130,117,STADIUM (CD9),,,Plein jour,Hors agglomération,Hors intersection,Normale,Deux véhicules - côté,,,,,,,,,,,1,1,1,1,3
200700068262,0007-11-16 18:55:00,7,11,16,18,55,130,117,ROUTE NATIONALE 113 - LA,,,Nuit sans éclairage public,Hors agglomération,Intersection en X,Normale,Trois véhicules et plus - collisions multiples,,,,,,,,,,,3,1,2,1,5
200700068263,0007-11-17 00:05:00,7,11,17,0,5,130,117,"XXXX, ROUTE NATIONALE 11",,,Nuit avec éclairage allumé,Hors agglomération,Hors intersection,Normale,Deux véhicules - frontale,,,,,,,,,,,5,1,1,1,1
200700068264,0007-11-17 17:15:00,7,11,17,17,15,130,71,"XXXX, ROUTE NATIONALE 36",,,Crépuscule ou aube,Hors agglomération,Intersection en X,Normale,Deux véhicules - côté,,,,,,,,,,,2,1,2,1,3
200700068265,0007-11-17 14:50:00,7,11,17,14,50,130,71,"xxxx, COCA COLA (ROND PO",,,Plein jour,En agglomération,Hors intersection,Normale,Deux véhicules - frontale,,,,,,,,,,,1,2,1,1,1
200700068266,0007-11-18 20:45:00,7,11,18,20,45,130,71,ROUTE NATIONALE 113 - MO,,,Nuit avec éclairage allumé,Hors agglomération,Hors intersection,Normale,Autre collision,,,,,,,,,,,5,1,1,1,6
200700068267,0007-11-20 23:40:00,7,11,20,23,40,130,117,GRIFFON ( ECHANGEUR DU ),,,Nuit sans éclairage public,Hors agglomération,Hors intersection,Pluie légère,Sans collision,,,,,,,,,,,3,1,1,2,7
200700068268,0007-11-23 08:50:00,7,11,23,8,50,130,117,MARSEILLE ( AVENUE DE ),,,Plein jour,En agglomération,Hors intersection,Pluie légère,Deux véhicules - côté,,,,,,,,,,,1,2,1,2,3
200700068269,0007-11-23 11:05:00,7,11,23,11,5,130,117,ROUTE NATIONALE 113 - LA,,,Plein jour,En agglomération,Hors intersection,Normale,Autre collision,,,,,,,,,,,1,2,1,1,6
200700068270,0007-11-25 06:15:00,7,11,25,6,15,130,117,CHEMIN DEPARTEMENTAL 9 (,,,Nuit sans éclairage public,Hors agglomération,Hors intersection,Normale,Sans collision,,,,,,,,,,,3,1,1,1,7
200700068271,0007-11-27 10:50:00,7,11,27,10,50,130,71,"39, VIEILLE ROUTE DE LA",,,Plein jour,En agglomération,Intersection en T,Normale,Deux véhicules - côté,,,,,,,,,,,1,2,3,1,3
200700068272,0007-11-29 17:05:00,7,11,29,17,5,130,71,CAPITAINE DE CORVETTE P.,,,Plein jour,En agglomération,Intersection en Y,Normale,Autre collision,,,,,,,,,,,1,2,4,1,6
200700068273,0007-11-30 09:35:00,7,11,30,9,35,130,71,"13 bis, MITTERRAND (AVEN",,,Plein jour,En agglomération,Hors intersection,Normale,Autre collision,,,,,,,,,,,1,2,1,1,6
200700068274,0007-11-08 08:45:00,7,11,8,8,45,140,118,"0, JEAN BAPTISTE COLBERT",,,Plein jour,En agglomération,Hors intersection,Temps couvert,Deux véhicules - arrière,,,,,,,,,,,1,2,1,8,2
200700068275,0007-11-10 18:30:00,7,11,10,18,30,140,118,"0, LECLERC (BOULEVARD MA",,,Nuit avec éclairage allumé,En agglomération,Hors intersection,Normale,Sans collision,,,,,,,,,,,5,2,1,1,7
200700068276,0007-11-14 21:40:00,7,11,14,21,40,140,327,"11, GRANDE CAVEE (AVENUE",,,Nuit avec éclairage allumé,En agglomération,Hors intersection,Normale,Autre collision,,,,,,,,,,,5,2,1,1,6
200700068277,0007-11-14 19:10:00,7,11,14,19,10,140,118,DETOLLE (BOULEVARD ANDRE,,,Nuit avec éclairage allumé,En agglomération,Intersection en X,Normale,Deux véhicules - côté,,,,,,,,,,,5,2,2,1,3
200700068278,0007-11-16 19:40:00,7,11,16,19,40,140,383,R.D. 405,,,Nuit sans éclairage public,Hors agglomération,Hors intersection,Normale,Trois véhicules et plus - en chaîne,,,,,,,,,,,3,1,1,1,4
200700068279,0007-11-18 07:45:00,7,11,18,7,45,140,118,"0, AUGE (RUE D')",,,Nuit avec éclairage allumé,En agglomération,Hors intersection,Normale,Sans collision,,,,,,,,,,,5,2,1,1,7
200700068280,0007-11-18 01:25:00,7,11,18,1,25,140,118,"0, FOUCAULD (AVENUE PERE",,,Nuit sans éclairage public,En agglomération,Hors intersection,Pluie légère,Autre collision,,,,,,,,,,,3,2,1,2,6
200700068281,0007-11-17 16:00:00,7,11,17,16,0,140,118,"0, RUE DE CAEN",,,Plein jour,En agglomération,Intersection en X,Temps couvert,Deux véhicules - côté,,,,,,,,,,,1,2,2,8,3
200700068282,0007-11-19 18:15:00,7,11,19,18,15,140,327,"0, CD N° 226 A",,,Nuit sans éclairage public,Hors agglomération,Hors intersection,Pluie légère,Deux véhicules - côté,,,,,,,,,,,3,1,1,2,3
200700068283,0007-11-20 18:25:00,7,11,20,18,25,140,167,"0, PRESSENCE (RUE DE)",,,Nuit sans éclairage public,Hors agglomération,Hors intersection,Pluie légère,Deux véhicules - arrière,,,,,,,,,,,3,1,1,2,2
200700068284,0007-11-21 16:30:00,7,11,21,16,30,140,118,"2, CALIX (RUE DE)",,,Plein jour,En agglomération,Hors intersection,Normale,Autre collision,,,,,,,,,,,1,2,1,1,6
200700068285,0007-11-21 15:45:00,7,11,21,15,45,140,341,"73, FALAISE (ROUTE DE)",,,Plein jour,En agglomération,Hors intersection,Temps couvert,Deux véhicules - arrière,,,,,,,,,,,1,2,1,8,2
200700068286,0007-11-21 19:40:00,7,11,21,19,40,140,118,"0, TOURVILLE (AVENUE DE)",,,Nuit avec éclairage allumé,En agglomération,Hors intersection,Temps couvert,Deux véhicules - côté,,,,,,,,,,,5,2,1,8,3
200700068287,0007-11-26 21:40:00,7,11,26,21,40,140,271,"0, FLEURY/ORNE (QUARTIER",,,Nuit avec éclairage allumé,Hors agglomération,Intersection en X,Pluie légère,Trois véhicules et plus - collisions multiples,,,,,,,,,,,5,1,2,2,5
200700068288,0007-11-26 18:00:00,7,11,26,18,0,140,327,"1607, GRANDE DELLE (BOUL",,,Nuit avec éclairage allumé,En agglomération,Place,Pluie légère,Autre collision,,,,,,,,,,,5,2,7,2,6
200700068289,0007-11-28 16:10:00,7,11,28,16,10,140,437,Voie de desserte Centre,,,Plein jour,En agglomération,Hors intersection,Temps couvert,Deux véhicules - frontale,,,,,,,,,,,1,2,1,8,1
200700068290,0007-11-10 21:00:00,7,11,10,21,0,140,271,HARCOURT (ROUTE D'),,,Nuit avec éclairage allumé,En agglomération,Hors intersection,Normale,Autre collision,,,,,,,,,,,5,2,1,1,6
200700068291,0007-11-16 13:30:00,7,11,16,13,30,140,225,LIBERTE (AVENUE DE LA),,,Plein jour,En agglomération,Intersection en T,Normale,Deux véhicules - côté,,,,,,,,,,,1,2,3,1,3
200700068292,0007-11-19 23:17:00,7,11,19,23,17,140,333,"73, VARETS (CHEMIN DES)",,,Nuit avec éclairage allumé,Hors agglomération,Hors intersection,Normale,Sans collision,,,,,,,,,,,5,1,1,1,7
200700068293,0007-11-03 11:40:00,7,11,3,11,40,140,366,", JEAN XXIII (AVENUE)",,,Plein jour,En agglomération,Intersection en T,Normale,Deux véhicules - côté,,,,,,,,,,,1,2,3,1,3
200700068294,0007-11-29 22:00:00,7,11,29,22,0,140,69,", VALLEE BARRE (CHEMIN D",,,Nuit sans éclairage public,Hors agglomération,Intersection en T,Normale,Deux véhicules - frontale,,,,,,,,,,,3,1,3,1,1
200700068295,0007-11-14 07:15:00,7,11,14,7,15,150,12,PLANIERES (LIEU-DIT LES),,,Nuit avec éclairage allumé,En agglomération,Hors intersection,Pluie légère,Autre collision,,,,,,,,,,,5,2,1,2,6
200700068296,0007-11-24 16:30:00,7,11,24,16,30,150,14,"44, FIRMINY (RUE DE)",,,Plein jour,En agglomération,Hors intersection,Normale,Deux véhicules - côté,,,,,,,,,,,1,2,1,1,3
200700068297,0007-11-26 16:30:00,7,11,26,16,30,150,14,POMPIDOU (AVENUE GEORGES,,,Plein jour,En agglomération,Giratoire,Temps éblouissant,Autre collision,,,,,,,,,,,1,2,6,7,6
200700068298,0007-11-21 06:35:00,7,11,21,6,35,160,291,LAGRANGE (RUE LEO),,,Nuit avec éclairage allumé,En agglomération,Hors intersection,Normale,Deux véhicules - frontale,,,,,,,,,,,5,2,1,1,1
200700068299,0007-11-21 18:00:00,7,11,21,18,0,160,154,PARIS (ROUTE DE),,,Nuit avec éclairage non allumé,En agglomération,Hors intersection,Normale,Deux véhicules - côté,,,,,,,,,,,4,2,1,1,3
200700068300,0007-11-16 12:20:00,7,11,16,12,20,160,15,"324, MONTMOREAU (RUE DE",,,Plein jour,En agglomération,Hors intersection,Normale,Deux véhicules - côté,,,,,,,,,,,1,2,1,1,3
200700068301,0007-11-08 20:40:00,7,11,8,20,40,160,102,HUGO (AVENUE VICTOR),,,Nuit avec éclairage allumé,En agglomération,Hors intersection,Pluie légère,Deux véhicules - côté,,,,,,,,,,,5,2,1,2,3
200700068302,0007-11-10 11:05:00,7,11,10,11,5,160,102,"01, DENFERT ROCHEREAU (B",,,Plein jour,En agglomération,Intersection en T,Normale,Autre collision,,,,,,,,,,,1,2,3,1,6
200700068303,0007-11-08 19:15:00,7,11,8,19,15,170,449,"174490105, GAULLE AVENUE",,,Nuit avec éclairage allumé,En agglomération,Intersection en T,Normale,Deux véhicules - côté,,,,,,,,,,,5,2,3,1,3
200700068304,0007-11-15 17:50:00,7,11,15,17,50,170,299,"172990033, BAUDIN IMPASS",,,Crépuscule ou aube,En agglomération,Hors intersection,Normale,Sans collision,,,,,,,,,,,2,2,1,1,7
200700068305,0007-11-16 08:10:00,7,11,16,8,10,170,299,"172990226, LOTI RUE PIER",,,Crépuscule ou aube,En agglomération,Intersection en X,Normale,Sans collision,,,,,,,,,,,2,2,2,1,7
200700068306,0007-11-16 15:55:00,7,11,16,15,55,170,299,TROISIEME R.I.C.,,,Plein jour,En agglomération,Intersection en T,Normale,Sans collision,,,,,,,,,,,1,2,3,1,7
200700068307,0007-11-16 17:50:00,7,11,16,17,50,170,449,"174490034, R.D. 137 (TON",,,Crépuscule ou aube,Hors agglomération,Hors intersection,Normale,Sans collision,,,,,,,,,,,2,1,1,1,7
200700068308,0007-11-19 10:15:00,7,11,19,10,15,170,299,"172990121, DE GAULLE AVE",,,Plein jour,En agglomération,Intersection en X,Pluie légère,Deux véhicules - côté,,,,,,,,,,,1,2,2,2,3
200700068309,0007-11-20 16:15:00,7,11,20,16,15,170,299,"172990128, DIERAS AVENUE",,,Plein jour,En agglomération,Hors intersection,Pluie forte,Deux véhicules - côté,,,,,,,,,,,1,2,1,3,3
200700068310,0007-11-23 04:35:00,7,11,23,4,35,170,449,"174490052, R.D. 911",,,Nuit sans éclairage public,Hors agglomération,Hors intersection,Pluie légère,Sans collision,,,,,,,,,,,3,1,1,2,7
200700068311,0007-11-28 15:25:00,7,11,28,15,25,170,299,"172990197, JAURES RUE JE",,,Plein jour,En agglomération,Hors intersection,Normale,Autre collision,,,,,,,,,,,1,2,1,1,6
200700068312,0007-11-29 04:45:00,7,11,29,4,45,170,299,"172990065, BRIAND BOULEV",,,Nuit avec éclairage allumé,En agglomération,Hors intersection,Normale,Autre collision,,,,,,,,,,,5,2,1,1,6
200700068313,0007-11-01 17:10:00,7,11,1,17,10,170,300,MAUBEC   QUAI,,,Plein jour,En agglomération,Hors intersection,Normale,Autre collision,,,,,,,,,,,1,2,1,1,6
200700068314,0007-11-02 20:40:00,7,11,2,20,40,170,300,"20, DURAND   QUAI LOUIS",,,Nuit avec éclairage allumé,En agglomération,Hors intersection,Normale,Deux véhicules - côté,,,,,,,,,,,5,2,1,1,3
200700068315,0007-11-05 16:48:00,7,11,5,16,48,170,300,COUREILLES   RUE DE,,,Plein jour,En agglomération,Intersection en X,Normale,Autre collision,,,,,,,,,,,1,2,2,1,6
200700068316,0007-11-06 16:15:00,7,11,6,16,15,170,291,E.D.F.   RUE DE L',,,Plein jour,Hors agglomération,Hors intersection,Normale,Deux véhicules - frontale,,,,,,,,,,,1,1,1,1,1
200700068317,0007-11-06 18:30:00,7,11,6,18,30,170,300,"001, SAUTEL  BOULEVARD A",,,Crépuscule ou aube,En agglomération,Intersection en T,Normale,Deux véhicules - côté,,,,,,,,,,,2,2,3,1,3
200700068318,0007-11-09 20:44:00,7,11,9,20,44,170,291,01 PK RN237 RE MOULIN JU,,,Nuit sans éclairage public,Hors agglomération,Hors intersection,Normale,Sans collision,,,,,,,,,,,3,1,1,1,7
200700068319,0007-11-10 05:45:00,7,11,10,5,45,170,300,"02, DUPERRE   QUAI",,,Nuit avec éclairage allumé,En agglomération,Hors intersection,Normale,Deux véhicules - frontale,,,,,,,,,,,5,2,1,1,1
200700068320,0007-11-12 08:35:00,7,11,12,8,35,170,300,"7, ROBINET   AVENUE LEOP",,,Plein jour,En agglomération,Hors intersection,Pluie légère,Deux véhicules - frontale,,,,,,,,,,,1,2,1,2,1
200700068321,0007-11-13 08:05:00,7,11,13,8,5,170,300,REPUBLIQUE   BOULEVARD D,,,Crépuscule ou aube,En agglomération,Hors intersection,Normale,Autre collision,,,,,,,,,,,2,2,1,1,6
200700068322,0007-11-13 16:00:00,7,11,13,16,0,170,300,CHEF DE VILLE   RUE,,,Plein jour,En agglomération,Intersection en T,Normale,Deux véhicules - frontale,,,,,,,,,,,1,2,3,1,1
200700068323,0007-11-14 17:30:00,7,11,14,17,30,170,300,"41, COURBE   RUE DE LA P",,,Crépuscule ou aube,En agglomération,Hors intersection,Normale,Deux véhicules - frontale,,,,,,,,,,,2,2,1,1,1
200700068324,0007-11-15 02:55:00,7,11,15,2,55,170,300,"142, NORMANDIN   RUE EMI",,,Nuit avec éclairage allumé,En agglomération,Hors intersection,Normale,Autre collision,,,,,,,,,,,5,2,1,1,6
200700068325,0007-11-15 07:55:00,7,11,15,7,55,170,300,SARTRE   AVENUE JEAN-PAU,,,Crépuscule ou aube,En agglomération,Hors intersection,Normale,Deux véhicules - arrière,,,,,,,,,,,2,2,1,1,2
200700068326,0007-11-16 12:05:00,7,11,16,12,5,170,300,ROYALE   AVENUE DE LA PO,,,Plein jour,En agglomération,Giratoire,Normale,Deux véhicules - côté,,,,,,,,,,,1,2,6,1,3
200700068327,0007-11-16 13:45:00,7,11,16,13,45,170,300,QUATORZE JUILLET   AVENU,,,Plein jour,En agglomération,Hors intersection,Normale,Deux véhicules - arrière,,,,,,,,,,,1,2,1,1,2
200700068328,0007-11-16 15:40:00,7,11,16,15,40,170,300,GUITON   AVENUE JEAN (16,,,Plein jour,En agglomération,Giratoire,Normale,Deux véhicules - côté,,,,,,,,,,,1,2,6,1,3
200700068329,0007-11-17 18:10:00,7,11,17,18,10,170,300,SCHWEITZER   RUE DU DOCT,,,Nuit avec éclairage allumé,En agglomération,Hors intersection,Normale,Deux véhicules - côté,,,,,,,,,,,5,2,1,1,3
200700068330,0007-11-20 18:20:00,7,11,20,18,20,170,300,LACROIX   RUE MARIUS,,,Crépuscule ou aube,En agglomération,Hors intersection,Normale,Autre collision,,,,,,,,,,,2,2,1,1,6
200700068331,0007-11-21 12:35:00,7,11,21,12,35,170,300,"37, NORMANDIN   RUE EMIL",,,Plein jour,En agglomération,Hors intersection,Normale,Deux véhicules - côté,,,,,,,,,,,1,2,1,1,3
200700068332,0007-11-22 14:00:00,7,11,22,14,0,170,291,0 PK RN237 RE MOULIN DE,,,Plein jour,Hors agglomération,Hors intersection,Normale,Trois véhicules et plus - en chaîne,,,,,,,,,,,1,1,1,1,4
200700068333,0007-11-22 15:21:00,7,11,22,15,21,170,291,0 PK RN237 RE MOULIN DE,,,Plein jour,Hors agglomération,Hors intersection,Pluie légère,Trois véhicules et plus - collisions multiples,,,,,,,,,,,1,1,1,2,5
200700068334,0007-11-22 17:55:00,7,11,22,17,55,170,300,"165, GRASSET   AVENUE ED",,,Plein jour,En agglomération,Hors intersection,Normale,Deux véhicules - arrière,,,,,,,,,,,1,2,1,1,2
200700068335,0007-11-22 19:20:00,7,11,22,19,20,170,300,DAUPHINE  AVENUE DE LA P,,,Nuit avec éclairage allumé,En agglomération,Hors intersection,Normale,Autre collision,,,,,,,,,,,5,2,1,1,6
200700068336,0007-11-22 22:20:00,7,11,22,22,20,170,300,"164, JOFFRE   BOULEVARD",,,Nuit avec éclairage allumé,En agglomération,Hors intersection,Normale,Autre collision,,,,,,,,,,,5,2,1,1,6
200700068337,0007-11-23 18:15:00,7,11,23,18,15,170,300,"001, CRAPAUDIERES   AVEN",,,Nuit avec éclairage allumé,En agglomération,Intersection en X,Pluie légère,Deux véhicules - côté,,,,,,,,,,,5,2,2,2,3
200700068338,0007-11-23 18:40:00,7,11,23,18,40,170,300,GERANIUMS   RUE DES,,,Nuit avec éclairage allumé,En agglomération,Intersection en X,Normale,Deux véhicules - côté,,,,,,,,,,,5,2,2,1,3
200700068339,0007-11-23 21:45:00,7,11,23,21,45,170,300,GAULLE   AVENUE DU GENER,,,Nuit avec éclairage allumé,En agglomération,Intersection en X,Normale,Deux véhicules - côté,,,,,,,,,,,5,2,2,1,3
200700068340,0007-11-24 18:28:00,7,11,24,18,28,170,300,"170, CARNOT   AVENUE",,,Crépuscule ou aube,En agglomération,Hors intersection,Normale,Autre collision,,,,,,,,,,,2,2,1,1,6
200700068341,0007-11-24 19:20:00,7,11,24,19,20,170,300,CORDELIERS   AVENUE DES,,,Nuit avec éclairage allumé,En agglomération,Intersection en T,Normale,Deux véhicules - frontale,,,,,,,,,,,5,2,3,1,1
200700068342,0007-11-24 19:50:00,7,11,24,19,50,170,300,GENETTE   PLACE DE LA,,,Nuit avec éclairage allumé,En agglomération,Hors intersection,Normale,Autre collision,,,,,,,,,,,5,2,1,1,6
200700068343,0007-11-25 05:55:00,7,11,25,5,55,170,300,SARTRE   AVENUE JEAN-PAU,,,Nuit avec éclairage allumé,En agglomération,Hors intersection,Pluie légère,Sans collision,,,,,,,,,,,5,2,1,2,7
200700068344,0007-11-25 12:10:00,7,11,25,12,10,170,300,COGNEHORS   BOULEVARD DE,,,Plein jour,En agglomération,Hors intersection,Normale,Autre collision,,,,,,,,,,,1,2,1,1,6
200700068345,0007-11-26 08:45:00,7,11,26,8,45,170,300,"178, CIMETIERE   AVENUE",,,Plein jour,En agglomération,Hors intersection,Normale,Trois véhicules et plus - collisions multiples,,,,,,,,,,,1,2,1,1,5
200700068346,0007-11-28 17:50:00,7,11,28,17,50,170,28,"01, LYSIACK   AVENUE DU",,,Crépuscule ou aube,En agglomération,Hors intersection,Normale,Deux véhicules - côté,,,,,,,,,,,2,2,1,1,3
200700068347,0007-11-28 19:15:00,7,11,28,19,15,170,300,"94, COLIGNY   AVENUE",,,Nuit avec éclairage allumé,En agglomération,Hors intersection,Normale,Autre collision,,,,,,,,,,,5,2,1,1,6
200700068348,0007-11-29 09:50:00,7,11,29,9,50,170,300,"85, REPUBLIQUE    PLACE",,,Plein jour,En agglomération,Hors intersection,Pluie légère,Trois véhicules et plus - en chaîne,,,,,,,,,,,1,2,1,2,4
200700068349,0007-11-30 16:05:00,7,11,30,16,5,170,28,LYSIACK   AVENUE DU COMM,,,Plein jour,En agglomération,Hors intersection,Normale,Deux véhicules - côté,,,,,,,,,,,1,2,1,1,3
200700068350,0007-11-30 17:46:00,7,11,30,17,46,170,300,112 PK RN137 ROCHEFORT J,,,Crépuscule ou aube,Hors agglomération,Hors intersection,Normale,Deux véhicules - arrière,,,,,,,,,,,2,1,1,1,2
200700068351,0007-11-05 17:15:00,7,11,5,17,15,170,300,"27, JOFFRES",,,Plein jour,En agglomération,Hors intersection,Normale,Deux véhicules - côté,,,,,,,,,,,1,2,1,1,3
200700068352,0007-11-18 01:35:00,7,11,18,1,35,170,300,"0001, COGNEHORS   BOULEV",,,Nuit avec éclairage allumé,En agglomération,Giratoire,Normale,Autre collision,,,,,,,,,,,5,2,6,1,6
200700068353,0007-11-25 19:15:00,7,11,25,19,15,170,300,CORSAIRES   AVENUE DES (,,,Plein jour,En agglomération,Intersection en X,Normale,Deux véhicules - côté,,,,,,,,,,,1,2,2,1,3
200700068354,0007-11-04 19:10:00,7,11,4,19,10,170,306,"0, EXPRESS (VOIE)",,,Plein jour,Hors agglomération,Hors intersection,Normale,Trois véhicules et plus - collisions multiples,,,,,,,,,,,1,1,1,1,5
200700068355,0007-11-07 09:15:00,7,11,7,9,15,170,306,"13, ROBIN (CHEMIN)",,,Plein jour,En agglomération,Hors intersection,Normale,Autre collision,,,,,,,,,,,1,2,1,1,6
200700068356,0007-11-07 12:15:00,7,11,7,12,15,170,306,"0, FONCILLON (FACADE DE)",,,Plein jour,En agglomération,Intersection en T,Normale,Deux véhicules - côté,,,,,,,,,,,1,2,3,1,3
200700068357,0007-11-12 08:10:00,7,11,12,8,10,170,306,"0, FRONT DE MER (PROMENA",,,Plein jour,En agglomération,Hors intersection,Normale,Deux véhicules - côté,,,,,,,,,,,1,2,1,1,3
200700068358,0007-11-16 09:10:00,7,11,16,9,10,170,461,"0, MALAKOFF (AVENUE)",,,Plein jour,En agglomération,Hors intersection,Normale,Deux véhicules - arrière,,,,,,,,,,,1,2,1,1,2
200700068359,0007-11-20 14:45:00,7,11,20,14,45,170,306,"46, HEDDE (AVENUE DANIEL",,,Plein jour,En agglomération,Hors intersection,Normale,Deux véhicules - arrière,,,,,,,,,,,1,2,1,1,2
200700068360,0007-11-20 19:15:00,7,11,20,19,15,170,306,"0, REPUBLIQUE (DE LA) (B",,,Plein jour,En agglomération,Intersection en T,Pluie légère,Deux véhicules - frontale,,,,,,,,,,,1,2,3,2,1
200700068361,0007-11-21 12:45:00,7,11,21,12,45,170,306,"0, ESPERANCE (DE L')",,,Plein jour,En agglomération,Hors intersection,Normale,Deux véhicules - arrière,,,,,,,,,,,1,2,1,1,2
200700068362,0007-11-21 12:39:00,7,11,21,12,39,170,333,"36, CORDOUAN (AVENUE DE)",,,Plein jour,En agglomération,Hors intersection,Normale,Autre collision,,,,,,,,,,,1,2,1,1,6
200700068363,0007-11-22 03:39:00,7,11,22,3,39,170,306,"0, REGAZZONI (AVENUE CHA",,,Plein jour,En agglomération,Hors intersection,Normale,Deux véhicules - frontale,,,,,,,,,,,1,2,1,1,1
200700068364,0007-11-24 12:40:00,7,11,24,12,40,170,306,"0, ROCHEFORT (DE)  (AVEN",,,Plein jour,En agglomération,Intersection en T,Normale,Deux véhicules - côté,,,,,,,,,,,1,2,3,1,3
200700068365,0007-11-24 15:55:00,7,11,24,15,55,170,306,"0, ROCHEFORT (DE)  (AVEN",,,Plein jour,En agglomération,Hors intersection,Normale,Deux véhicules - côté,,,,,,,,,,,1,2,1,1,3
200700068366,0007-11-06 13:20:00,7,11,6,13,20,170,415,"2, GEMOZAC AVENUE DE",,,Plein jour,En agglomération,Autre intersection,Normale,Deux véhicules - côté,,,,,,,,,,,1,2,9,1,3
200700068367,0007-11-12 07:00:00,7,11,12,7,0,170,415,"36, GAUTIER RUE",,,Nuit avec éclairage allumé,En agglomération,Hors intersection,Normale,Deux véhicules - côté,,,,,,,,,,,5,2,1,1,3
200700068368,0007-11-13 09:30:00,7,11,13,9,30,170,415,MONCONSEIL RUE,,,Plein jour,En agglomération,Hors intersection,Normale,Deux véhicules - côté,,,,,,,,,,,1,2,1,1,3
200700068369,0007-11-19 11:10:00,7,11,19,11,10,170,415,RECOUVRANCE BOULEVARD DE,,,Plein jour,En agglomération,Hors intersection,Pluie légère,Deux véhicules - frontale,,,,,,,,,,,1,2,1,2,1
200700068370,0007-11-24 11:35:00,7,11,24,11,35,170,415,VLADIMIR BOULEVARD DE,,,Plein jour,En agglomération,Giratoire,Normale,Deux véhicules - côté,,,,,,,,,,,1,2,6,1,3
200700068371,0007-11-28 08:00:00,7,11,28,8,0,170,415,BOISNARDERIE RUE DE LA,,,Plein jour,En agglomération,Hors intersection,Normale,Deux véhicules - frontale,,,,,,,,,,,1,2,1,1,1
200700068372,0007-11-30 19:25:00,7,11,30,19,25,170,415,"52, LECLERC COURS DU MAR",,,Plein jour,En agglomération,Hors intersection,Normale,Deux véhicules - côté,,,,,,,,,,,1,2,1,1,3
200700068373,0007-11-29 17:59:00,7,11,29,17,59,180,33,"SANS, RENAN (AVENUE ERNE",,,Nuit avec éclairage non allumé,En agglomération,Intersection en T,Pluie légère,Deux véhicules - côté,,,,,,,,,,,4,2,3,2,3
200700068374,0007-11-29 18:45:00,7,11,29,18,45,180,33,ROCADE,,,Nuit sans éclairage public,Hors agglomération,Hors intersection,Pluie légère,Deux véhicules - arrière,,,,,,,,,,,3,1,1,2,2
200700068375,0007-11-17 17:38:00,7,11,17,17,38,180,33,"SANS, CHARITE (ROUTE DE",,,Crépuscule ou aube,En agglomération,Hors intersection,Pluie légère,Trois véhicules et plus - en chaîne,,,,,,,,,,,2,2,1,2,4
200700068376,0007-11-06 12:06:00,7,11,6,12,6,180,33,"SANS, ISSOUDUN (ROUTE D'",,,Plein jour,En agglomération,Hors intersection,Normale,Deux véhicules - côté,,,,,,,,,,,1,2,1,1,3
200700068377,0007-11-03 02:28:00,7,11,3,2,28,180,33,"SANS, LATTRE DE TASSIGNY",,,Nuit avec éclairage allumé,En agglomération,Intersection en X,Pluie légère,Deux véhicules - côté,,,,,,,,,,,5,2,2,2,3