accident_id,datetime,annee,mois,jour,heure,minute,departement,commune_insee,adresse,latitude,longitude,luminosite,agglomeration,intersection,meteo,collision,nb_vehicules,nb_usagers,nb_indemnes,nb_tues,nb_blesses_hosp,nb_blesses_legers,age_cond_1,age_cond_2,veh_type_cond_1,veh_type_cond_2,lum_code,agg_code,int_code,atm_code,col_code
200700068634,0007-11-08 17:49:00,7,11,8,17,49,300,189,"..., BEAUCAIRE (ROUTE)",,,Nuit sans éclairage public,Hors agglomération,Hors intersection,Normale,Trois véhicules et plus - collisions multiples,,,,,,,,,,,3,1,1,1,5
200700068635,0007-11-08 17:55:00,7,11,8,17,55,300,189,"..., UZES (ROUTE D')",,,Nuit avec éclairage allumé,En agglomération,Hors intersection,Normale,Autre collision,,,,,,,,,,,5,2,1,1,6
200700068636,0007-11-08 18:09:00,7,11,8,18,9,300,189,"20, SAINT GILLES (RUE)",,,Nuit avec éclairage allumé,En agglomération,Hors intersection,Normale,Autre collision,,,,,,,,,,,5,2,1,1,6
200700068637,0007-11-08 18:13:00,7,11,8,18,13,300,189,"..., MENARD (RUE)",,,Nuit avec éclairage allumé,En agglomération,Intersection en T,Normale,Deux véhicules - côté,,,,,,,,,,,5,2,3,1,3
200700068638,0007-11-09 11:58:00,7,11,9,11,58,300,189,"..., ALLENDE SALVADOR (R",,,Plein jour,En agglomération,Hors intersection,Normale,Autre collision,,,,,,,,,,,1,2,1,1,6
200700068639,0007-11-09 13:55:00,7,11,9,13,55,300,189,"82, BOUILLARGUES (RUE OU",43.83465,4.37028,Plein jour,En agglomération,Hors intersection,Normale,Autre collision,,,,,,,,,,,1,2,1,1,6
200700068640,0007-11-09 13:53:00,7,11,9,13,53,300,189,"., LYCEE JULES RAIMU",,,Plein jour,En agglomération,Hors intersection,Normale,Autre collision,,,,,,,,,,,1,2,1,1,6
200700068641,0007-11-09 15:48:00,7,11,9,15,48,300,189,"..., JEAN YVES COUSTEAU",43.82416,4.3692,Plein jour,En agglomération,Giratoire,Normale,Deux véhicules - côté,,,,,,,,,,,1,2,6,1,3
200700068642,0007-11-09 18:10:00,7,11,9,18,10,300,189,"..., ARTS (AVENUE)",,,Nuit avec éclairage allumé,En agglomération,Hors intersection,Normale,Autre collision,,,,,,,,,,,5,2,1,1,6
200700068643,0007-11-09 20:56:00,7,11,9,20,56,300,189,"12, BIR HAKEIM (AVENUE)",43.84339,4.38518,Nuit avec éclairage allumé,En agglomération,Hors intersection,Normale,Autre collision,,,,,,,,,,,5,2,1,1,6
200700068644,0007-11-10 09:02:00,7,11,10,9,2,300,189,"..., RISHON LE ZION (RON",43.83699,4.3877,Plein jour,En agglomération,Giratoire,Normale,Autre collision,,,,,,,,,,,1,2,6,1,6
200700068645,0007-11-12 12:20:00,7,11,12,12,20,300,189,BOURDALOUE (RUE),43.82683,4.36118,Plein jour,En agglomération,Intersection en X,Normale,Deux véhicules - côté,,,,,,,,,,,1,2,2,1,3
200700068646,0007-11-12 15:14:00,7,11,12,15,14,300,189,"4798, KENNEDY (AVENUE)",,,Plein jour,En agglomération,Hors intersection,Normale,Deux véhicules - frontale,,,,,,,,,,,1,2,1,1,1
200700068647,0007-11-12 16:04:00,7,11,12,16,4,300,189,"55 bis, ALES (ROUTE)",,,Plein jour,En agglomération,Hors intersection,Normale,Trois véhicules et plus - collisions multiples,,,,,,,,,,,1,2,1,1,5
200700068648,0007-11-12 16:53:00,7,11,12,16,53,300,189,"..., BEAUCAIRE (ROUTE)",,,Plein jour,En agglomération,Hors intersection,Normale,Autre collision,,,,,,,,,,,1,2,1,1,6
200700068649,0007-11-13 12:15:00,7,11,13,12,15,300,189,"..., NICOT (RUE)",43.84068,4.37117,Plein jour,En agglomération,Intersection en X,Normale,Deux véhicules - côté,,,,,,,,,,,1,2,2,1,3
200700068650,0007-11-13 18:13:00,7,11,13,18,13,300,189,"866, MARECHAL JUIN (BOUL",,,Nuit avec éclairage allumé,En agglomération,Hors intersection,Normale,Deux véhicules - côté,,,,,,,,,,,5,2,1,1,3
200700068651,0007-11-15 13:20:00,7,11,15,13,20,300,189,"..., PORTE DE FRANCE (RU",43.83651,4.35549,Plein jour,En agglomération,Intersection en X,Normale,Deux véhicules - frontale,,,,,,,,,,,1,2,2,1,1
200700068652,0007-11-16 07:25:00,7,11,16,7,25,300,189,"53, FAITA VINCENT (RUE)",43.8463,4.3729,Plein jour,En agglomération,Hors intersection,Normale,Autre collision,,,,,,,,,,,1,2,1,1,6
200700068653,0007-11-17 01:25:00,7,11,17,1,25,300,189,"6 bis, ARNAVIEILLE (RUE)",,,Nuit avec éclairage allumé,En agglomération,Hors intersection,Normale,Sans collision,,,,,,,,,,,5,2,1,1,7
200700068654,0007-11-17 15:04:00,7,11,17,15,4,300,189,"..., ALLENDE SALVADOR (R",43.84068,4.35115,Plein jour,En agglomération,Hors intersection,Normale,Deux véhicules - arrière,,,,,,,,,,,1,2,1,1,2
200700068655,0007-11-18 18:20:00,7,11,18,18,20,300,189,"..., BOEGNER PASTEUR MAR",,,Nuit avec éclairage allumé,En agglomération,Hors intersection,Normale,Deux véhicules - arrière,,,,,,,,,,,5,2,1,1,2
200700068656,0007-11-19 18:18:00,7,11,19,18,18,300,189,"., NOTRE DAME (RUE)",,,Nuit avec éclairage allumé,En agglomération,Autre intersection,Normale,Deux véhicules - arrière,,,,,,,,,,,5,2,9,1,2
200700068657,0007-11-20 12:32:00,7,11,20,12,32,300,189,"..., DAYAN GEORGES (AVEN",43.83039,4.36957,Plein jour,En agglomération,Hors intersection,Normale,Deux véhicules - arrière,,,,,,,,,,,1,2,1,1,2
200700068658,0007-11-22 08:57:00,7,11,22,8,57,300,189,"23, SERRE PARADIS (CHEMI",43.84848,4.43834,Plein jour,En agglomération,Hors intersection,Pluie légère,Deux véhicules - frontale,,,,,,,,,,,1,2,1,2,1
200700068659,0007-11-23 07:40:00,7,11,23,7,40,300,189,"76, BIR HAKEIM (AVENUE)",43.84292,4.38249,Plein jour,En agglomération,Hors intersection,Normale,Deux véhicules - frontale,,,,,,,,,,,1,2,1,1,1
200700068660,0007-11-23 11:48:00,7,11,23,11,48,300,189,"...., ALES (ROUTE)",,,Plein jour,Hors agglomération,Hors intersection,Normale,Trois véhicules et plus - en chaîne,,,,,,,,,,,1,1,1,1,4
200700068661,0007-11-23 11:49:00,7,11,23,11,49,300,189,"...., ALES (ROUTE)",,,Plein jour,Hors agglomération,Hors intersection,Normale,Trois véhicules et plus - en chaîne,,,,,,,,,,,1,1,1,1,4
200700068662,0007-11-23 13:10:00,7,11,23,13,10,300,189,"., VICTOR PAUL EMILE  (R",43.81784,4.34717,Plein jour,En agglomération,Giratoire,Normale,Deux véhicules - côté,,,,,,,,,,,1,2,6,1,3
200700068663,0007-11-23 14:14:00,7,11,23,14,14,300,189,"..., FRANK ANNE",,,Plein jour,En agglomération,Intersection en X,Normale,Deux véhicules - côté,,,,,,,,,,,1,2,2,1,3
200700068664,0007-11-23 18:59:00,7,11,23,18,59,300,189,"328, AVIGNON (ROUTE)",,,Nuit avec éclairage allumé,En agglomération,Hors intersection,Normale,Sans collision,,,,,,,,,,,5,2,1,1,7
200700068665,0007-11-23 19:27:00,7,11,23,19,27,300,189,"..., GENERAC (ROUTE)",43.77736,4.34751,Nuit sans éclairage public,Hors agglomération,Hors intersection,Normale,Deux véhicules - frontale,,,,,,,,,,,3,1,1,1,1
200700068666,0007-11-24 15:22:00,7,11,24,15,22,300,189,"., GAMBETTA (BD)",43.84006,4.36322,Plein jour,En agglomération,Hors intersection,Normale,Trois véhicules et plus - en chaîne,,,,,,,,,,,1,2,1,1,4
200700068667,0007-11-24 16:00:00,7,11,24,16,0,300,189,"330, AVIGNON (ROUTE)",,,Plein jour,En agglomération,Hors intersection,Normale,Deux véhicules - arrière,,,,,,,,,,,1,2,1,1,2
200700068668,0007-11-24 18:11:00,7,11,24,18,11,300,189,"..., MITTERAND FRANCOIS",43.8139,4.36468,Nuit avec éclairage allumé,En agglomération,Hors intersection,Normale,Deux véhicules - arrière,,,,,,,,,,,5,2,1,1,2
200700068669,0007-11-25 03:12:00,7,11,25,3,12,300,189,"...., BEAUCAIRE (ROUTE)",43.83572,4.40005,Nuit avec éclairage allumé,En agglomération,Hors intersection,Normale,Autre collision,,,,,,,,,,,5,2,1,1,6
200700068670,0007-11-25 18:55:00,7,11,25,18,55,300,189,"., 1* DIVISION FRANCAISE",43.8079,4.37177,Nuit avec éclairage allumé,En agglomération,Intersection à plus de 4 branches,Normale,Deux véhicules - côté,,,,,,,,,,,5,2,5,1,3
200700068671,0007-11-25 19:27:00,7,11,25,19,27,300,189,"...., CARNOT (AVENUE)",43.83711,4.36586,Nuit avec éclairage allumé,En agglomération,Intersection en T,Normale,Deux véhicules - côté,,,,,,,,,,,5,2,3,1,3
200700068672,0007-11-26 07:50:00,7,11,26,7,50,300,189,ARNAVIEILLE (RUE),43.83712,4.36586,Plein jour,En agglomération,Hors intersection,Normale,Trois véhicules et plus - collisions multiples,,,,,,,,,,,1,2,1,1,5
200700068673,0007-11-26 08:55:00,7,11,26,8,55,300,189,"..., FEUCHERES (AVENUE)",,,Plein jour,En agglomération,Hors intersection,Normale,Autre collision,,,,,,,,,,,1,2,1,1,6
200700068674,0007-11-26 11:30:00,7,11,26,11,30,300,189,"., LIBERTE (AVENUE)",43.82272,4.34793,Plein jour,En agglomération,Hors intersection,Normale,Deux véhicules - côté,,,,,,,,,,,1,2,1,1,3
200700068675,0007-11-26 11:48:00,7,11,26,11,48,300,189,COURBET AMIRAL (BOULEVAR,43.83651,4.36271,Plein jour,En agglomération,Hors intersection,Vent fort / tempête,Autre collision,,,,,,,,,,,1,2,1,6,6
200700068676,0007-11-27 14:10:00,7,11,27,14,10,300,189,"..., JAURES JEAN (BOULEV",,,Plein jour,En agglomération,Hors intersection,Normale,Autre collision,,,,,,,,,,,1,2,1,1,6
200700068677,0007-11-27 19:05:00,7,11,27,19,5,300,189,"., BEAUCAIRE (ROUTE)",,,Nuit avec éclairage allumé,En agglomération,Hors intersection,Normale,Deux véhicules - côté,,,,,,,,,,,5,2,1,1,3
200700068678,0007-11-27 20:00:00,7,11,27,20,0,300,189,"..., SAINT REMY (RUE)",,,Nuit avec éclairage allumé,En agglomération,Intersection en T,Normale,Deux véhicules - côté,,,,,,,,,,,5,2,3,1,3
200700068679,0007-11-28 18:10:00,7,11,28,18,10,300,189,"..., BOEGNER PASTEUR MAR",43.77737,4.34752,Nuit avec éclairage allumé,En agglomération,Hors intersection,Normale,Trois véhicules et plus - en chaîne,,,,,,,,,,,5,2,1,1,4
200700068680,0007-11-28 19:40:00,7,11,28,19,40,300,189,"..., DAYAN GEORGES (AVEN",43.82056,4.34067,Nuit avec éclairage allumé,En agglomération,Hors intersection,Normale,Trois véhicules et plus - en chaîne,,,,,,,,,,,5,2,1,1,4
200700068681,0007-11-29 14:02:00,7,11,29,14,2,300,189,"., GAFFONE (RUE)",43.83544,4.35477,Plein jour,En agglomération,Hors intersection,Normale,Autre collision,,,,,,,,,,,1,2,1,1,6
200700068682,0007-11-29 15:24:00,7,11,29,15,24,300,189,FRANCAIS LIBRES (BD),43.83838,4.32015,Plein jour,En agglomération,Hors intersection,Normale,Autre collision,,,,,,,,,,,1,2,1,1,6
200700068683,0007-11-29 17:51:00,7,11,29,17,51,300,189,"..., BEAUCAIRE (ROUTE)",43.83701,4.38689,Nuit avec éclairage allumé,En agglomération,Hors intersection,Normale,Deux véhicules - côté,,,,,,,,,,,5,2,1,1,3
200700068684,0007-11-17 17:00:00,7,11,17,17,0,310,69,"42 ter, GRENADE (ROUTE D",,,Plein jour,En agglomération,Intersection en T,Normale,Deux véhicules - côté,,,,,,,,,,,1,2,3,1,3
200700068685,0007-11-24 17:40:00,7,11,24,17,40,310,69,CARRIERE (RUE),,,Crépuscule ou aube,En agglomération,Intersection en X,Normale,Deux véhicules - côté,,,,,,,,,,,2,2,2,1,3
200700068686,0007-11-29 10:05:00,7,11,29,10,5,310,69,"2, ZOLA (ALL EMILE)",,,Plein jour,En agglomération,Autre intersection,Normale,Deux véhicules - côté,,,,,,,,,,,1,2,9,1,3
200700068687,0007-11-06 16:10:00,7,11,6,16,10,310,149,"999, OUEST (BOULEVARD DE",,,Plein jour,En agglomération,Hors intersection,Normale,Deux véhicules - côté,,,,,,,,,,,1,2,1,1,3
200700068688,0007-11-13 17:00:00,7,11,13,17,0,310,149,"999, SIDOBRE (ALLEE DU)",,,Plein jour,En agglomération,Intersection en T,Normale,Deux véhicules - côté,,,,,,,,,,,1,2,3,1,3
200700068689,0007-11-15 08:25:00,7,11,15,8,25,310,149,"58, SALVETAT (CHEMIN DE",,,Plein jour,En agglomération,Hors intersection,Normale,Autre collision,,,,,,,,,,,1,2,1,1,6
200700068690,0007-11-14 09:00:00,7,11,14,9,0,310,149,"999, ARMURIE (CHEMIN DE",,,Plein jour,En agglomération,Giratoire,Pluie légère,Sans collision,,,,,,,,,,,1,2,6,2,7
200700068691,0007-11-24 11:50:00,7,11,24,11,50,310,149,"999, MAROTS (AVENUE DES)",,,Plein jour,En agglomération,Hors intersection,Normale,Sans collision,,,,,,,,,,,1,2,1,1,7
200700068692,0007-11-11 20:20:00,7,11,11,20,20,310,483,", FRANCOIS MITTERAND ( A",,,Nuit avec éclairage allumé,En agglomération,Intersection en T,Normale,Deux véhicules - côté,,,,,,,,,,,5,2,3,1,3
200700068693,0007-11-18 15:45:00,7,11,18,15,45,310,483,"42, ARRIEU ANSELME (AVEN",,,Plein jour,En agglomération,Hors intersection,Normale,Deux véhicules - côté,,,,,,,,,,,1,2,1,1,3
200700068694,0007-11-20 17:45:00,7,11,20,17,45,310,483,GRAVIERE (CHEMIN DE LA ),,,Nuit sans éclairage public,Hors agglomération,Hors intersection,Normale,Sans collision,,,,,,,,,,,3,1,1,1,7
200700068695,0007-11-30 17:40:00,7,11,30,17,40,310,483,"12, ISLE (AVENUE DE L')",,,Nuit avec éclairage allumé,En agglomération,Hors intersection,Normale,Sans collision,,,,,,,,,,,5,2,1,1,7
200700068696,0007-11-01 16:27:00,7,11,1,16,27,310,149,ECHANGEUR ST MICHEL (A62,,,Plein jour,Hors agglomération,Hors intersection,Normale,Trois véhicules et plus - collisions multiples,,,,,,,,,,,1,1,1,1,5
200700068697,0007-11-01 15:00:00,7,11,1,15,0,310,555,"999, CHE DE FENOUILLET",,,Plein jour,En agglomération,Intersection en T,Normale,Autre collision,,,,,,,,,,,1,2,3,1,6
200700068698,0007-11-02 04:00:00,7,11,2,4,0,310,555,"999, RUE DU POLE",,,Nuit avec éclairage allumé,En agglomération,Hors intersection,Normale,Deux véhicules - frontale,,,,,,,,,,,5,2,1,1,1
200700068699,0007-11-04 01:00:00,7,11,4,1,0,310,555,VA007418 PONT JUMEAUX A6,,,Nuit avec éclairage allumé,Hors agglomération,Hors intersection,Normale,Trois véhicules et plus - en chaîne,,,,,,,,,,,5,1,1,1,4
200700068700,0007-11-02 13:10:00,7,11,2,13,10,310,149,ECHANGEUR ST MARTIN (A62,,,Plein jour,Hors agglomération,Hors intersection,Normale,Deux véhicules - arrière,,,,,,,,,,,1,1,1,1,2
200700068701,0007-11-02 17:40:00,7,11,2,17,40,310,555,"999, AV JEAN GONORD",,,Plein jour,En agglomération,Hors intersection,Normale,Deux véhicules - frontale,,,,,,,,,,,1,2,1,1,1
200700068702,0007-11-04 17:00:00,7,11,4,17,0,310,555,"999, RTE D ALBI",,,Plein jour,En agglomération,Hors intersection,Normale,Deux véhicules - côté,,,,,,,,,,,1,2,1,1,3
200700068703,0007-11-04 17:05:00,7,11,4,17,5,310,555,"207, RUE HENRI DESBALS",,,Plein jour,En agglomération,Hors intersection,Normale,Deux véhicules - côté,,,,,,,,,,,1,2,1,1,3
200700068704,0007-11-05 15:40:00,7,11,5,15,40,310,555,"999, BD MATABIAU",,,Plein jour,En agglomération,Intersection en T,Normale,Deux véhicules - côté,,,,,,,,,,,1,2,3,1,3
200700068705,0007-11-05 20:55:00,7,11,5,20,55,310,555,"54, BD DES MINIMES",,,Nuit avec éclairage allumé,En agglomération,Hors intersection,Normale,Deux véhicules - arrière,,,,,,,,,,,5,2,1,1,2
200700068706,0007-11-07 08:50:00,7,11,7,8,50,310,555,RUE JEAN CASTILHON,,,Plein jour,En agglomération,Hors intersection,Normale,Autre collision,,,,,,,,,,,1,2,1,1,6
200700068707,0007-11-08 03:45:00,7,11,8,3,45,310,555,"999, AV DES ETATS UNIS",,,Nuit avec éclairage allumé,En agglomération,Hors intersection,Normale,Autre collision,,,,,,,,,,,5,2,1,1,6
200700068708,0007-11-08 11:14:00,7,11,8,11,14,310,555,"98, AV JEAN RIEUX",,,Plein jour,En agglomération,Hors intersection,Normale,Autre collision,,,,,,,,,,,1,2,1,1,6
200700068709,0007-11-08 11:45:00,7,11,8,11,45,310,555,"185, RTE DE REVEL",,,Plein jour,En agglomération,Hors intersection,Normale,Trois véhicules et plus - en chaîne,,,,,,,,,,,1,2,1,1,4
200700068710,0007-11-08 14:40:00,7,11,8,14,40,310,555,"43, RTE DE SAINT SIMON",,,Plein jour,En agglomération,Hors intersection,Normale,Autre collision,,,,,,,,,,,1,2,1,1,6
200700068711,0007-11-08 16:25:00,7,11,8,16,25,310,555,"999, AV DU GENERAL EISEN",,,Plein jour,En agglomération,Hors intersection,Normale,Deux véhicules - arrière,,,,,,,,,,,1,2,1,1,2
200700068712,0007-11-08 19:25:00,7,11,8,19,25,310,555,"999, AV DU GENERAL EISEN",,,Nuit avec éclairage allumé,En agglomération,Hors intersection,Normale,Deux véhicules - côté,,,,,,,,,,,5,2,1,1,3
200700068713,0007-11-09 08:20:00,7,11,9,8,20,310,555,"63, BD PIERRE SEMARD",,,Plein jour,En agglomération,Hors intersection,Normale,Trois véhicules et plus - collisions multiples,,,,,,,,,,,1,2,1,1,5
200700068714,0007-11-09 12:10:00,7,11,9,12,10,310,555,"187, AV DES ETATS UNIS",,,Plein jour,En agglomération,Hors intersection,Normale,Autre collision,,,,,,,,,,,1,2,1,1,6
200700068715,0007-11-09 16:30:00,7,11,9,16,30,310,555,"999, AV DE LATTRE DE TAS",,,Plein jour,En agglomération,Intersection en X,Normale,Deux véhicules - frontale,,,,,,,,,,,1,2,2,1,1
200700068716,0007-11-09 17:45:00,7,11,9,17,45,310,555,"5, RUE DE CAULET",,,Nuit avec éclairage allumé,En agglomération,Hors intersection,Normale,Deux véhicules - frontale,,,,,,,,,,,5,2,1,1,1
200700068717,0007-11-10 06:20:00,7,11,10,6,20,310,555,VA007604 DEMOISELLES A62,,,Nuit avec éclairage allumé,Hors agglomération,Hors intersection,Normale,Autre collision,,,,,,,,,,,5,1,1,1,6
200700068718,0007-11-10 13:00:00,7,11,10,13,0,310,555,"999, BOULINGRIN",,,Plein jour,En agglomération,Hors intersection,Normale,Autre collision,,,,,,,,,,,1,2,1,1,6
200700068719,0007-11-10 12:07:00,7,11,10,12,7,310,555,"28, RUE D ALSACE LORRAIN",,,Plein jour,En agglomération,Hors intersection,Normale,Autre collision,,,,,,,,,,,1,2,1,1,6
200700068720,0007-11-12 07:23:00,7,11,12,7,23,310,555,"999, BD LASCROSSES",,,Plein jour,En agglomération,Hors intersection,Normale,Deux véhicules - côté,,,,,,,,,,,1,2,1,1,3
200700068721,0007-11-12 08:20:00,7,11,12,8,20,310,555,"999, AV JEAN CHAUBET",,,Plein jour,En agglomération,Hors intersection,Normale,Deux véhicules - côté,,,,,,,,,,,1,2,1,1,3
200700068722,0007-11-12 18:00:00,7,11,12,18,0,310,555,"999, RTE DE LABEGE",,,Nuit avec éclairage allumé,En agglomération,Hors intersection,Normale,Deux véhicules - côté,,,,,,,,,,,5,2,1,1,3
200700068723,0007-11-12 18:10:00,7,11,12,18,10,310,555,CHE DE LA GLACIERE,,,Nuit avec éclairage allumé,En agglomération,Hors intersection,Normale,Deux véhicules - côté,,,,,,,,,,,5,2,1,1,3
200700068724,0007-11-12 22:25:00,7,11,12,22,25,310,149,980.2 TOURNEFEUILLE (ROC,,,Nuit sans éclairage public,Hors agglomération,Hors intersection,Normale,Autre collision,,,,,,,,,,,3,1,1,1,6
200700068725,0007-11-13 16:50:00,7,11,13,16,50,310,555,"59, BD PIERRE ET MARIE C",,,Plein jour,En agglomération,Hors intersection,Normale,Trois véhicules et plus - en chaîne,,,,,,,,,,,1,2,1,1,4
200700068726,0007-11-13 17:20:00,7,11,13,17,20,310,555,"171, AV ANTOINE DE ST EX",,,Plein jour,En agglomération,Hors intersection,Normale,Deux véhicules - côté,,,,,,,,,,,1,2,1,1,3
200700068727,0007-11-13 20:30:00,7,11,13,20,30,310,555,"3, AV DE MURET",,,Nuit avec éclairage allumé,En agglomération,Hors intersection,Normale,Deux véhicules - arrière,,,,,,,,,,,5,2,1,1,2
200700068728,0007-11-10 14:40:00,7,11,10,14,40,310,555,"999, PL EDOUARD BOUILLIE",,,Plein jour,En agglomération,Hors intersection,Normale,Autre collision,,,,,,,,,,,1,2,1,1,6
200700068729,0007-11-14 16:00:00,7,11,14,16,0,310,555,"999, BD LASCROSSES",,,Plein jour,En agglomération,Intersection en T,Normale,Deux véhicules - arrière,,,,,,,,,,,1,2,3,1,2
200700068730,0007-11-14 19:15:00,7,11,14,19,15,310,555,"94, AV DE LA GLOIRE",,,Nuit avec éclairage allumé,En agglomération,Hors intersection,Normale,Trois véhicules et plus - collisions multiples,,,,,,,,,,,5,2,1,1,5
200700068731,0007-11-13 19:30:00,7,11,13,19,30,310,555,VA001490 A621,,,Nuit avec éclairage allumé,Hors agglomération,Hors intersection,Normale,Trois véhicules et plus - en chaîne,,,,,,,,,,,5,1,1,1,4
200700068732,0007-11-15 10:30:00,7,11,15,10,30,310,555,"23, AV ETIENNE BILLIERES",,,Plein jour,En agglomération,Hors intersection,Normale,Deux véhicules - côté,,,,,,,,,,,1,2,1,1,3
200700068733,0007-11-15 10:45:00,7,11,15,10,45,310,555,"999, RTE DE SAINT SIMON",,,Plein jour,En agglomération,Hors intersection,Normale,Trois véhicules et plus - en chaîne,,,,,,,,,,,1,2,1,1,4
200700068734,0007-11-15 18:20:00,7,11,15,18,20,310,555,"332, CHE DE TUCAUT",,,Nuit avec éclairage allumé,En agglomération,Hors intersection,Normale,Deux véhicules - arrière,,,,,,,,,,,5,2,1,1,2
200700068735,0007-11-15 08:50:00,7,11,15,8,50,310,555,"999, PONT GARIGLIANO",,,Plein jour,En agglomération,Hors intersection,Normale,Trois véhicules et plus - en chaîne,,,,,,,,,,,1,2,1,1,4
200700068736,0007-11-16 03:20:00,7,11,16,3,20,310,555,VA007456 SESQUIERES A620,,,Nuit avec éclairage allumé,Hors agglomération,Hors intersection,Normale,Autre collision,,,,,,,,,,,5,1,1,1,6
200700068737,0007-11-16 09:40:00,7,11,16,9,40,310,555,VA007566 MONTAUDRAN A61,,,Plein jour,Hors agglomération,Hors intersection,Normale,Deux véhicules - arrière,,,,,,,,,,,1,1,1,1,2
200700068738,0007-11-16 16:55:00,7,11,16,16,55,310,555,"18, AV DE LYON",,,Plein jour,En agglomération,Hors intersection,Normale,Autre collision,,,,,,,,,,,1,2,1,1,6
200700068739,0007-11-16 19:50:00,7,11,16,19,50,310,555,"21, AV DES MINIMES",,,Nuit avec éclairage allumé,En agglomération,Hors intersection,Normale,Deux véhicules - arrière,,,,,,,,,,,5,2,1,1,2
200700068740,0007-11-17 11:50:00,7,11,17,11,50,310,555,"88, AV DE GRANDE BRETAGN",,,Plein jour,En agglomération,Hors intersection,Normale,Autre collision,,,,,,,,,,,1,2,1,1,6
200700068741,0007-11-17 13:55:00,7,11,17,13,55,310,555,"999, RUE JULES VERNE",,,Plein jour,En agglomération,Intersection en T,Normale,Deux véhicules - côté,,,,,,,,,,,1,2,3,1,3
200700068742,0007-11-17 11:40:00,7,11,17,11,40,310,555,VA007333 LA FAOURETTE A6,,,Plein jour,Hors agglomération,Hors intersection,Normale,Deux véhicules - arrière,,,,,,,,,,,1,1,1,1,2
200700068743,0007-11-18 23:45:00,7,11,18,23,45,310,555,"999, VOIE DU TOEC",,,Nuit avec éclairage allumé,En agglomération,Hors intersection,Normale,Autre collision,,,,,,,,,,,5,2,1,1,6
200700068744,0007-11-18 09:45:00,7,11,18,9,45,310,555,R-PT DES FRANCAIS LIBRES,,,Plein jour,En agglomération,Giratoire,Normale,Deux véhicules - côté,,,,,,,,,,,1,2,6,1,3
200700068745,0007-11-19 09:35:00,7,11,19,9,35,310,555,VA007553 A61,,,Plein jour,Hors agglomération,Hors intersection,Normale,Autre collision,,,,,,,,,,,1,1,1,1,6
200700068746,0007-11-19 11:45:00,7,11,19,11,45,310,555,"261, AV DE CASTRES",,,Plein jour,En agglomération,Hors intersection,Normale,Deux véhicules - arrière,,,,,,,,,,,1,2,1,1,2
200700068747,0007-11-19 19:24:00,7,11,19,19,24,310,555,"9, AV DE CASTRES",,,Nuit avec éclairage allumé,En agglomération,Hors intersection,Normale,Deux véhicules - arrière,,,,,,,,,,,5,2,1,1,2
200700068748,0007-11-20 14:30:00,7,11,20,14,30,310,555,"239, AV DE MURET",,,Plein jour,En agglomération,Hors intersection,Normale,Trois véhicules et plus - collisions multiples,,,,,,,,,,,1,2,1,1,5
200700068749,0007-11-20 15:45:00,7,11,20,15,45,310,555,VA007331 A620,,,Plein jour,Hors agglomération,Hors intersection,Normale,Deux véhicules - arrière,,,,,,,,,,,1,1,1,1,2
200700068750,0007-11-20 16:55:00,7,11,20,16,55,310,555,"999, AV FREDERIC ESTEBE",,,Plein jour,En agglomération,Hors intersection,Normale,Deux véhicules - arrière,,,,,,,,,,,1,2,1,1,2
200700068751,0007-11-21 07:25:00,7,11,21,7,25,310,555,VA007493 LES IZARDS A62,,,Nuit avec éclairage allumé,Hors agglomération,Hors intersection,Pluie légère,Trois véhicules et plus - collisions multiples,,,,,,,,,,,5,1,1,2,5
200700068752,0007-11-21 11:00:00,7,11,21,11,0,310,555,"240, RTE DE SAINT SIMON",,,Plein jour,En agglomération,Hors intersection,Normale,Autre collision,,,,,,,,,,,1,2,1,1,6
200700068753,0007-11-21 14:03:00,7,11,21,14,3,310,555,"18, PL INTERIEURE ST CYP",,,Plein jour,En agglomération,Hors intersection,Temps couvert,Autre collision,,,,,,,,,,,1,2,1,8,6
200700068754,0007-11-21 19:35:00,7,11,21,19,35,310,555,"231, RTE D ALBI",,,Nuit avec éclairage allumé,En agglomération,Hors intersection,Normale,Deux véhicules - frontale,,,,,,,,,,,5,2,1,1,1
200700068755,0007-11-22 08:55:00,7,11,22,8,55,310,555,"88, QU DE TOUNIS",,,Plein jour,En agglomération,Hors intersection,Normale,Deux véhicules - frontale,,,,,,,,,,,1,2,1,1,1
200700068756,0007-11-22 12:30:00,7,11,22,12,30,310,555,"999, RUE SAINT ANTOINE D",,,Plein jour,En agglomération,Hors intersection,Normale,Autre collision,,,,,,,,,,,1,2,1,1,6
200700068757,0007-11-22 12:43:00,7,11,22,12,43,310,555,VA007331 A620,,,Plein jour,En agglomération,Hors intersection,Normale,Deux véhicules - arrière,,,,,,,,,,,1,2,1,1,2
200700068758,0007-11-22 18:15:00,7,11,22,18,15,310,555,"38, AV DE GRANDE BRETAGN",,,Nuit avec éclairage allumé,En agglomération,Hors intersection,Normale,Autre collision,,,,,,,,,,,5,2,1,1,6
200700068759,0007-11-25 06:10:00,7,11,25,6,10,310,555,"48, RTE DE NARBONNE",,,Nuit avec éclairage allumé,En agglomération,Hors intersection,Normale,Autre collision,,,,,,,,,,,5,2,1,1,6