accident_id,datetime,annee,mois,jour,heure,minute,departement,commune_insee,adresse,latitude,longitude,luminosite,agglomeration,intersection,meteo,collision,nb_vehicules,nb_usagers,nb_indemnes,nb_tues,nb_blesses_hosp,nb_blesses_legers,age_cond_1,age_cond_2,veh_type_cond_1,veh_type_cond_2,lum_code,agg_code,int_code,atm_code,col_code
200700068760,0007-11-23 08:22:00,7,11,23,8,22,310,555,"999, AV DE GRANDE BRETAG",,,Plein jour,En agglomération,Hors intersection,Normale,Deux véhicules - côté,,,,,,,,,,,1,2,1,1,3
200700068761,0007-11-23 13:50:00,7,11,23,13,50,310,555,"999, RTE D ESPAGNE",,,Plein jour,En agglomération,Hors intersection,Normale,Deux véhicules - arrière,,,,,,,,,,,1,2,1,1,2
200700068762,0007-11-23 15:00:00,7,11,23,15,0,310,555,"999, AV DE TABAR",,,Plein jour,En agglomération,Hors intersection,Normale,Deux véhicules - côté,,,,,,,,,,,1,2,1,1,3
200700068763,0007-11-24 15:10:00,7,11,24,15,10,310,555,"100, RUE DES FONTAINES",,,Plein jour,En agglomération,Hors intersection,Normale,Autre collision,,,,,,,,,,,1,2,1,1,6
200700068764,0007-11-23 16:00:00,7,11,23,16,0,310,555,VA007379 BAYLAC  A624 So,,,Plein jour,Hors agglomération,Hors intersection,Normale,Deux véhicules - arrière,,,,,,,,,,,1,1,1,1,2
200700068765,0007-11-23 18:30:00,7,11,23,18,30,310,555,"999, RTE D ESPAGNE",,,Nuit avec éclairage allumé,En agglomération,Hors intersection,Normale,Deux véhicules - arrière,,,,,,,,,,,5,2,1,1,2
200700068766,0007-11-23 22:15:00,7,11,23,22,15,310,555,"999, AV DE CASSELARDIT",,,Nuit avec éclairage allumé,En agglomération,Hors intersection,Normale,Trois véhicules et plus - en chaîne,,,,,,,,,,,5,2,1,1,4
200700068767,0007-11-24 00:30:00,7,11,24,0,30,310,555,"999, ALL JEAN JAURES",,,Nuit avec éclairage allumé,En agglomération,Hors intersection,Normale,Autre collision,,,,,,,,,,,5,2,1,1,6
200700068768,0007-11-24 08:40:00,7,11,24,8,40,310,555,CHE ROQUES,,,Plein jour,En agglomération,Intersection en T,Normale,Deux véhicules - côté,,,,,,,,,,,1,2,3,1,3
200700068769,0007-11-25 20:30:00,7,11,25,20,30,310,555,"173, GRANDE RUE SAINT MI",,,Nuit avec éclairage allumé,En agglomération,Hors intersection,Normale,Deux véhicules - frontale,,,,,,,,,,,5,2,1,1,1
200700068770,0007-11-23 23:00:00,7,11,23,23,0,310,555,"999, AV DE GRANDE BRETAG",,,Nuit avec éclairage allumé,En agglomération,Hors intersection,Normale,Deux véhicules - côté,,,,,,,,,,,5,2,1,1,3
200700068771,0007-11-25 20:25:00,7,11,25,20,25,310,555,"999, ROND-POINT JOSEPH S",,,Nuit avec éclairage allumé,En agglomération,Hors intersection,Normale,Sans collision,,,,,,,,,,,5,2,1,1,7
200700068772,0007-11-26 08:28:00,7,11,26,8,28,310,555,VA007355 PURPAN A620 Sor,,,Plein jour,Hors agglomération,Hors intersection,Normale,Deux véhicules - arrière,,,,,,,,,,,1,1,1,1,2
200700068773,0007-11-26 13:00:00,7,11,26,13,0,310,555,"353, RTE DE SEYSSES",,,Plein jour,En agglomération,Hors intersection,Normale,Deux véhicules - côté,,,,,,,,,,,1,2,1,1,3
200700068774,0007-11-20 17:00:00,7,11,20,17,0,310,555,"999, CHE FERRO LEBRES",,,Plein jour,En agglomération,Hors intersection,Normale,Deux véhicules - arrière,,,,,,,,,,,1,2,1,1,2
200700068775,0007-11-20 08:30:00,7,11,20,8,30,310,555,"999, RTE DE SAINT SIMON",,,Plein jour,En agglomération,Hors intersection,Normale,Deux véhicules - côté,,,,,,,,,,,1,2,1,1,3
200700068776,0007-11-27 08:00:00,7,11,27,8,0,310,555,"999, PORT DE L EMBOUCHUR",,,Plein jour,En agglomération,Hors intersection,Normale,Autre collision,,,,,,,,,,,1,2,1,1,6
200700068777,0007-11-27 09:10:00,7,11,27,9,10,310,555,"999, AV JEAN RIEUX",,,Plein jour,En agglomération,Hors intersection,Normale,Deux véhicules - côté,,,,,,,,,,,1,2,1,1,3
200700068778,0007-11-27 11:00:00,7,11,27,11,0,310,555,"85, AV DES MINIMES",,,Plein jour,En agglomération,Hors intersection,Normale,Deux véhicules - arrière,,,,,,,,,,,1,2,1,1,2
200700068779,0007-11-27 12:14:00,7,11,27,12,14,310,555,"999, CHE DES ETROITS",,,Plein jour,En agglomération,Hors intersection,Normale,Deux véhicules - arrière,,,,,,,,,,,1,2,1,1,2
200700068780,0007-11-27 13:30:00,7,11,27,13,30,310,555,"999, RUE DU FAUBOURG BON",,,Plein jour,En agglomération,Hors intersection,Normale,Deux véhicules - côté,,,,,,,,,,,1,2,1,1,3
200700068781,0007-11-27 19:30:00,7,11,27,19,30,310,555,VA007553 A61,,,Nuit avec éclairage allumé,Hors agglomération,Hors intersection,Normale,Deux véhicules - arrière,,,,,,,,,,,5,1,1,1,2
200700068782,0007-11-27 20:30:00,7,11,27,20,30,310,555,"54, BD DELTOUR",,,Nuit avec éclairage allumé,En agglomération,Hors intersection,Normale,Autre collision,,,,,,,,,,,5,2,1,1,6
200700068783,0007-11-28 08:44:00,7,11,28,8,44,310,557,"37, QUATORZE JUILLET (RU",,,Plein jour,En agglomération,Hors intersection,Normale,Deux véhicules - côté,,,,,,,,,,,1,2,1,1,3
200700068784,0007-11-28 15:00:00,7,11,28,15,0,310,555,"42, RUE DE LA CHAUSSEE",,,Plein jour,En agglomération,Hors intersection,Normale,Deux véhicules - arrière,,,,,,,,,,,1,2,1,1,2
200700068785,0007-11-28 16:00:00,7,11,28,16,0,310,555,"999, AV DU PRESIDENT DOU",,,Plein jour,En agglomération,Hors intersection,Normale,Deux véhicules - arrière,,,,,,,,,,,1,2,1,1,2
200700068786,0007-11-29 07:40:00,7,11,29,7,40,310,555,"7, AV RAYMOND NAVES",,,Plein jour,En agglomération,Hors intersection,Normale,Deux véhicules - côté,,,,,,,,,,,1,2,1,1,3
200700068787,0007-11-29 18:00:00,7,11,29,18,0,310,555,VA007355 PURPAN A620 Sor,,,Nuit avec éclairage allumé,Hors agglomération,Hors intersection,Normale,Autre collision,,,,,,,,,,,5,1,1,1,6
200700068788,0007-11-29 22:55:00,7,11,29,22,55,310,555,"999, RUE DE SEBASTOPOL",,,Nuit avec éclairage allumé,En agglomération,Hors intersection,Normale,Deux véhicules - côté,,,,,,,,,,,5,2,1,1,3
200700068789,0007-11-30 07:45:00,7,11,30,7,45,310,555,VA007418 PONT JUMEAUX A6,,,Crépuscule ou aube,Hors agglomération,Hors intersection,Normale,Trois véhicules et plus - collisions multiples,,,,,,,,,,,2,1,1,1,5
200700068790,0007-11-30 09:00:00,7,11,30,9,0,310,555,"999, BD PIERRE ET MARIE",,,Plein jour,En agglomération,Hors intersection,Normale,Deux véhicules - frontale,,,,,,,,,,,1,2,1,1,1
200700068791,0007-11-30 14:30:00,7,11,30,14,30,310,555,"183, RTE DE REVEL",,,Plein jour,En agglomération,Hors intersection,Normale,Autre collision,,,,,,,,,,,1,2,1,1,6
200700068792,0007-11-30 13:50:00,7,11,30,13,50,310,555,"2, BD LAZARE CARNOT",,,Plein jour,En agglomération,Hors intersection,Normale,Autre collision,,,,,,,,,,,1,2,1,1,6
200700068793,0007-11-30 15:15:00,7,11,30,15,15,310,555,VA007331 A620,,,Plein jour,Hors agglomération,Hors intersection,Normale,Deux véhicules - arrière,,,,,,,,,,,1,1,1,1,2
200700068794,0007-11-30 18:45:00,7,11,30,18,45,310,555,"22, AV DE L URSS",,,Nuit avec éclairage allumé,En agglomération,Hors intersection,Normale,Deux véhicules - frontale,,,,,,,,,,,5,2,1,1,1
200700068795,0007-11-09 15:50:00,7,11,9,15,50,310,555,"40-42, AV LEON BLUM",,,Plein jour,En agglomération,Hors intersection,Normale,Autre collision,,,,,,,,,,,1,2,1,1,6
200700068796,0007-11-01 19:15:00,7,11,1,19,15,310,557,"0, LECLERC (AV DU MARECH",,,Nuit avec éclairage allumé,En agglomération,Intersection en T,Normale,Deux véhicules - côté,,,,,,,,,,,5,2,3,1,3
200700068797,0007-11-13 08:15:00,7,11,13,8,15,310,557,"0, TARBES (ROUTE DE)",,,Plein jour,En agglomération,Intersection en Y,Normale,Deux véhicules - côté,,,,,,,,,,,1,2,4,1,3
200700068798,0007-11-27 07:40:00,7,11,27,7,40,310,557,"13, TARBES (ROUTE DE)",,,Crépuscule ou aube,Hors agglomération,Hors intersection,Normale,Deux véhicules - côté,,,,,,,,,,,2,1,1,1,3
200700068799,0007-11-15 22:55:00,7,11,15,22,55,320,13,ARÇON (ROUTE),,,Nuit sans éclairage public,Hors agglomération,Hors intersection,Normale,Sans collision,,,,,,,,,,,3,1,1,1,7
200700068800,0007-11-22 09:10:00,7,11,22,9,10,320,13,"10, BOURGET",,,Plein jour,En agglomération,Intersection en T,Normale,Deux véhicules - côté,,,,,,,,,,,1,2,3,1,3
200700068801,0007-11-22 14:55:00,7,11,22,14,55,320,13,ROUGET DE LISLE,,,Plein jour,En agglomération,Intersection en X,Normale,Deux véhicules - côté,,,,,,,,,,,1,2,2,1,3
200700068802,0007-11-25 14:15:00,7,11,25,14,15,320,13,DOCTEUR SAMALENS,,,Plein jour,En agglomération,Hors intersection,Normale,Deux véhicules - côté,,,,,,,,,,,1,2,1,1,3
200700068803,0007-11-26 17:20:00,7,11,26,17,20,320,13,BEAULIEU (rond point),,,Crépuscule ou aube,Hors agglomération,Giratoire,Normale,Autre collision,,,,,,,,,,,2,1,6,1,6
200700068804,0007-11-04 18:20:00,7,11,4,18,20,330,529,"4, CAZAUX (BD DE) DU 02",,,Crépuscule ou aube,En agglomération,Hors intersection,Normale,Deux véhicules - frontale,,,,,,,,,,,2,2,1,1,1
200700068805,0007-11-06 20:40:00,7,11,6,20,40,330,529,"., DUNANT (RUE HENRI)",,,Nuit avec éclairage allumé,En agglomération,Intersection en T,Normale,Deux véhicules - côté,,,,,,,,,,,5,2,3,1,3
200700068806,0007-11-08 17:20:00,7,11,8,17,20,330,529,"., RN 250 (BONNEVAL -LA",,,Plein jour,Hors agglomération,Hors intersection,Normale,Deux véhicules - côté,,,,,,,,,,,1,1,1,1,3
200700068807,0007-11-18 19:05:00,7,11,18,19,5,330,529,"., CANDALE (AVE FREDERIC",,,Nuit avec éclairage allumé,En agglomération,Hors intersection,Pluie légère,Sans collision,,,,,,,,,,,5,2,1,2,7
200700068808,0007-11-22 12:05:00,7,11,22,12,5,330,9,"37, DEGANNE (BD) DU 34 E",,,Plein jour,En agglomération,Place,Normale,Deux véhicules - arrière,,,,,,,,,,,1,2,7,1,2
200700068809,0007-11-28 13:17:00,7,11,28,13,17,330,529,"., MIQUELOTS (BD DES)",,,Plein jour,En agglomération,Giratoire,Normale,Deux véhicules - côté,,,,,,,,,,,1,2,6,1,3
200700068810,0007-11-29 22:30:00,7,11,29,22,30,330,529,BISCAROSSE (AVE) DUNE VE,,,Nuit sans éclairage public,Hors agglomération,Hors intersection,Normale,Deux véhicules - frontale,,,,,,,,,,,3,1,1,1,1
200700068811,0007-11-29 16:37:00,7,11,29,16,37,330,529,"., DHEURLE (RUE HENRI)",,,Plein jour,En agglomération,Hors intersection,Pluie forte,Autre collision,,,,,,,,,,,1,2,1,3,6
200700068812,0007-11-30 13:25:00,7,11,30,13,25,330,529,"., CAZAUX (BD DE)",,,Plein jour,En agglomération,Hors intersection,Pluie légère,Deux véhicules - frontale,,,,,,,,,,,1,2,1,2,1
200700068813,0007-11-03 04:45:00,7,11,3,4,45,330,318,"284, AVE PASTEUR",,,Nuit avec éclairage allumé,En agglomération,Hors intersection,Normale,Autre collision,,,,,,,,,,,5,2,1,1,6
200700068814,0007-11-04 05:15:00,7,11,4,5,15,330,281,AVE MARCEL DASSAULT,,,Nuit avec éclairage allumé,Hors agglomération,Hors intersection,Brouillard / fumée,Autre collision,,,,,,,,,,,5,1,1,5,6
200700068815,0007-11-04 14:45:00,7,11,4,14,45,330,63,PCE DE L'EUROPE,,,Plein jour,En agglomération,Hors intersection,Normale,Trois véhicules et plus - en chaîne,,,,,,,,,,,1,2,1,1,4
200700068816,0007-11-01 10:50:00,7,11,1,10,50,330,249,RUE EDOUARD HERRIOT,,,Plein jour,En agglomération,Intersection en T,Normale,Deux véhicules - arrière,,,,,,,,,,,1,2,3,1,2
200700068817,0007-11-02 18:55:00,7,11,2,18,55,330,63,BD MARECHAL LECLERC,,,Nuit avec éclairage allumé,En agglomération,Intersection en T,Normale,Deux véhicules - arrière,,,,,,,,,,,5,2,3,1,2
200700068818,0007-11-05 14:35:00,7,11,5,14,35,330,63,CRS EDOUARD VAILLANT,,,Plein jour,En agglomération,Intersection en X,Normale,Deux véhicules - côté,,,,,,,,,,,1,2,2,1,3
200700068819,0007-11-05 08:45:00,7,11,5,8,45,330,63,RUE CATROS,,,Plein jour,En agglomération,Intersection en X,Normale,Deux véhicules - côté,,,,,,,,,,,1,2,2,1,3
200700068820,0007-11-05 19:00:00,7,11,5,19,0,330,63,RUE CLAUDE BONNIER,,,Nuit avec éclairage allumé,En agglomération,Intersection en T,Normale,Deux véhicules - arrière,,,,,,,,,,,5,2,3,1,2
200700068821,0007-11-05 22:25:00,7,11,5,22,25,330,63,RUE DE BEGLES,,,Nuit avec éclairage allumé,En agglomération,Intersection en X,Normale,Deux véhicules - arrière,,,,,,,,,,,5,2,2,1,2
200700068822,0007-11-06 15:00:00,7,11,6,15,0,330,63,"116, AVE THIERS",,,Plein jour,En agglomération,Hors intersection,Normale,Deux véhicules - côté,,,,,,,,,,,1,2,1,1,3
200700068823,0007-11-07 11:50:00,7,11,7,11,50,330,63,"50, RUE DES VIVANTS",,,Plein jour,En agglomération,Intersection en X,Normale,Deux véhicules - côté,,,,,,,,,,,1,2,2,1,3
200700068824,0007-11-01 21:10:00,7,11,1,21,10,330,550,"22, AVE EDOUARD BOURLEAU",,,Nuit avec éclairage allumé,En agglomération,Intersection en T,Normale,Deux véhicules - côté,,,,,,,,,,,5,2,3,1,3
200700068825,0007-11-05 14:00:00,7,11,5,14,0,330,318,AVE MAL DE LATTRE DE TAS,,,Plein jour,En agglomération,Hors intersection,Normale,Deux véhicules - arrière,,,,,,,,,,,1,2,1,1,2
200700068826,0007-11-07 12:30:00,7,11,7,12,30,330,63,"96, AVE CHARLES DE GAULL",,,Plein jour,En agglomération,Hors intersection,Normale,Deux véhicules - arrière,,,,,,,,,,,1,2,1,1,2
200700068827,0007-11-07 15:43:00,7,11,7,15,43,330,63,BD JOLIOT-CURIE,,,Plein jour,En agglomération,Hors intersection,Normale,Deux véhicules - côté,,,,,,,,,,,1,2,1,1,3
200700068828,0007-11-09 04:20:00,7,11,9,4,20,330,63,"37, CRS VICTOR HUGO",,,Nuit avec éclairage allumé,En agglomération,Intersection en T,Normale,Deux véhicules - côté,,,,,,,,,,,5,2,3,1,3
200700068829,0007-11-08 06:55:00,7,11,8,6,55,330,63,CRS DE L'ARGONNE,,,Nuit avec éclairage allumé,En agglomération,Intersection en X,Normale,Deux véhicules - côté,,,,,,,,,,,5,2,2,1,3
200700068830,0007-11-08 18:05:00,7,11,8,18,5,330,63,"278, BD DU PRESIDENT WIL",,,Nuit avec éclairage allumé,En agglomération,Hors intersection,Normale,Deux véhicules - arrière,,,,,,,,,,,5,2,1,1,2
200700068831,0007-11-06 08:55:00,7,11,6,8,55,330,69,"175, AVE DE LA LIBERATIO",,,Plein jour,En agglomération,Hors intersection,Temps couvert,Deux véhicules - côté,,,,,,,,,,,1,2,1,8,3
200700068832,0007-11-02 12:10:00,7,11,2,12,10,330,318,AVE JEAN JAURES,,,Plein jour,En agglomération,Intersection en T,Normale,Deux véhicules - côté,,,,,,,,,,,1,2,3,1,3
200700068833,0007-11-07 12:35:00,7,11,7,12,35,330,32,QUAI FRANCAIS,,,Plein jour,En agglomération,Hors intersection,Normale,Deux véhicules - côté,,,,,,,,,,,1,2,1,1,3
200700068834,0007-11-08 12:50:00,7,11,8,12,50,330,318,AVE ANTOINE BECQUEREL,,,Plein jour,En agglomération,Hors intersection,Normale,Deux véhicules - côté,,,,,,,,,,,1,2,1,1,3
200700068835,0007-11-09 13:00:00,7,11,9,13,0,330,63,RUE DU CARDINAL LAVIGERI,,,Plein jour,En agglomération,Intersection en X,Normale,Deux véhicules - côté,,,,,,,,,,,1,2,2,1,3
200700068836,0007-11-10 12:50:00,7,11,10,12,50,330,63,"346, CRS DE LA SOMME",,,Plein jour,En agglomération,Hors intersection,Normale,Autre collision,,,,,,,,,,,1,2,1,1,6
200700068837,0007-11-09 08:25:00,7,11,9,8,25,330,63,"88, RUE SAINTE- CATHERIN",,,Plein jour,En agglomération,Hors intersection,Normale,Deux véhicules - côté,,,,,,,,,,,1,2,1,1,3
200700068838,0007-11-10 23:00:00,7,11,10,23,0,330,63,CRS DE L'ARGONNE,,,Nuit avec éclairage allumé,En agglomération,Intersection en X,Normale,Deux véhicules - côté,,,,,,,,,,,5,2,2,1,3
200700068839,0007-11-11 00:40:00,7,11,11,0,40,330,63,"217, CRS DE LA MARNE",,,Nuit avec éclairage allumé,En agglomération,Hors intersection,Normale,Deux véhicules - côté,,,,,,,,,,,5,2,1,1,3
200700068840,0007-11-09 20:35:00,7,11,9,20,35,330,63,CRS DE LA SOMME,,,Nuit avec éclairage allumé,En agglomération,Intersection en X,Normale,Deux véhicules - frontale,,,,,,,,,,,5,2,2,1,1
200700068841,0007-11-09 11:56:00,7,11,9,11,56,330,63,RUE BECK,,,Plein jour,En agglomération,Intersection en T,Normale,Deux véhicules - côté,,,,,,,,,,,1,2,3,1,3
200700068842,0007-11-12 20:50:00,7,11,12,20,50,330,63,QUAI DE LA GRAVE,,,Nuit avec éclairage allumé,En agglomération,Intersection en X,Pluie légère,Deux véhicules - côté,,,,,,,,,,,5,2,2,2,3
200700068843,0007-11-05 17:10:00,7,11,5,17,10,330,192,"25, AVE FAVARD",,,Plein jour,En agglomération,Hors intersection,Normale,Deux véhicules - côté,,,,,,,,,,,1,2,1,1,3
200700068844,0007-11-13 16:22:00,7,11,13,16,22,330,63,RUE PIERRE BAOUR,,,Plein jour,En agglomération,Intersection en X,Normale,Trois véhicules et plus - en chaîne,,,,,,,,,,,1,2,2,1,4
200700068845,0007-11-13 11:57:00,7,11,13,11,57,330,63,"15, PCE MARTYRS DE LA RE",,,Plein jour,En agglomération,Hors intersection,Normale,Autre collision,,,,,,,,,,,1,2,1,1,6
200700068846,0007-11-12 07:50:00,7,11,12,7,50,330,318,ALL DU TRINQUET,,,Plein jour,En agglomération,Intersection en T,Normale,Deux véhicules - côté,,,,,,,,,,,1,2,3,1,3
200700068847,0007-11-12 07:10:00,7,11,12,7,10,330,249,RUE MICHEL MONTAIGNE,,,Nuit avec éclairage non allumé,En agglomération,Hors intersection,Normale,Autre collision,,,,,,,,,,,4,2,1,1,6
200700068848,0007-11-14 17:50:00,7,11,14,17,50,330,63,"5, BD ANTOINE GAUTIER",,,Crépuscule ou aube,En agglomération,Hors intersection,Normale,Autre collision,,,,,,,,,,,2,2,1,1,6
200700068849,0007-11-14 18:00:00,7,11,14,18,0,330,63,"162, AVE D'EYSINES CAUD",,,Nuit avec éclairage non allumé,En agglomération,Hors intersection,Normale,Autre collision,,,,,,,,,,,4,2,1,1,6
200700068850,0007-11-12 12:45:00,7,11,12,12,45,330,281,"8, AVE DE BELFORT",,,Plein jour,En agglomération,Hors intersection,Normale,Deux véhicules - arrière,,,,,,,,,,,1,2,1,1,2
200700068851,0007-11-13 08:00:00,7,11,13,8,0,330,192,CRS DU GENERAL DE GAULLE,,,Plein jour,En agglomération,Hors intersection,Normale,Trois véhicules et plus - en chaîne,,,,,,,,,,,1,2,1,1,4
200700068852,0007-11-10 20:00:00,7,11,10,20,0,330,63,CRS CHARLES BRICAUD,,,Nuit avec éclairage allumé,En agglomération,Hors intersection,Normale,Deux véhicules - côté,,,,,,,,,,,5,2,1,1,3
200700068853,0007-11-15 08:25:00,7,11,15,8,25,330,63,"82 bis, RUE AMEDEE SAINT",,,Plein jour,En agglomération,Hors intersection,Normale,Deux véhicules - côté,,,,,,,,,,,1,2,1,1,3
200700068854,0007-11-15 10:03:00,7,11,15,10,3,330,63,RUE SERVANDONI,,,Plein jour,En agglomération,Intersection en X,Normale,Deux véhicules - côté,,,,,,,,,,,1,2,2,1,3
200700068855,0007-11-15 16:50:00,7,11,15,16,50,330,63,RUE LEO SAIGNAT,,,Plein jour,En agglomération,Hors intersection,Normale,Deux véhicules - côté,,,,,,,,,,,1,2,1,1,3
200700068856,0007-11-15 16:35:00,7,11,15,16,35,330,63,RUE DE SAGET,,,Plein jour,En agglomération,Intersection en X,Normale,Autre collision,,,,,,,,,,,1,2,2,1,6
200700068857,0007-11-15 18:15:00,7,11,15,18,15,330,63,PCE DE LA FERME DE RICHE,,,Nuit avec éclairage allumé,En agglomération,Intersection en T,Normale,Autre collision,,,,,,,,,,,5,2,3,1,6
200700068858,0007-11-15 10:45:00,7,11,15,10,45,330,318,"84, AVE DU GENERAL LECLE",,,Plein jour,En agglomération,Hors intersection,Normale,Deux véhicules - arrière,,,,,,,,,,,1,2,1,1,2
200700068859,0007-11-12 11:05:00,7,11,12,11,5,330,192,"145, RUE SAINT-FRANCOIS",,,Plein jour,En agglomération,Hors intersection,Normale,Deux véhicules - côté,,,,,,,,,,,1,2,1,1,3
200700068860,0007-11-13 18:00:00,7,11,13,18,0,330,550,RTE DE TOULOUSE,,,Nuit avec éclairage allumé,En agglomération,Hors intersection,Normale,Autre collision,,,,,,,,,,,5,2,1,1,6
200700068861,0007-11-08 17:10:00,7,11,8,17,10,330,522,"17, AVE DE L'UNIVERSITE",,,Plein jour,En agglomération,Hors intersection,Normale,Deux véhicules - côté,,,,,,,,,,,1,2,1,1,3
200700068862,0007-11-10 23:07:00,7,11,10,23,7,330,192,CRS DU GENERAL DE GAULLE,,,Nuit avec éclairage allumé,En agglomération,Intersection en T,Normale,Deux véhicules - côté,,,,,,,,,,,5,2,3,1,3
200700068863,0007-11-05 11:45:00,7,11,5,11,45,330,522,RUE CAMILLE PELLETAN,,,Plein jour,En agglomération,Hors intersection,Normale,Autre collision,,,,,,,,,,,1,2,1,1,6
200700068864,0007-11-12 16:00:00,7,11,12,16,0,330,522,AVE GEORGES CLEMENCEAU,,,Plein jour,En agglomération,Intersection en X,Normale,Deux véhicules - côté,,,,,,,,,,,1,2,2,1,3
200700068865,0007-11-10 19:30:00,7,11,10,19,30,330,192,CHEM DE LESTONNAT,,,Nuit sans éclairage public,Hors agglomération,Hors intersection,Temps couvert,Deux véhicules - frontale,,,,,,,,,,,3,1,1,8,1
200700068866,0007-11-18 04:10:00,7,11,18,4,10,330,63,"33, BD ALFRED DANEY",,,Nuit avec éclairage allumé,En agglomération,Hors intersection,Normale,Trois véhicules et plus - en chaîne,,,,,,,,,,,5,2,1,1,4
200700068867,0007-11-16 08:50:00,7,11,16,8,50,330,63,ALL DE TOURNY,,,Plein jour,En agglomération,Intersection en T,Normale,Deux véhicules - côté,,,,,,,,,,,1,2,3,1,3
200700068868,0007-11-19 10:40:00,7,11,19,10,40,330,63,"74 bis, RUE FRANCOIS DE",,,Plein jour,En agglomération,Intersection en X,Normale,Deux véhicules - côté,,,,,,,,,,,1,2,2,1,3
200700068869,0007-11-16 14:00:00,7,11,16,14,0,330,119,"7, RUE DU MARECHAL FOCH",,,Plein jour,En agglomération,Hors intersection,Normale,Deux véhicules - côté,,,,,,,,,,,1,2,1,1,3
200700068870,0007-11-14 18:55:00,7,11,14,18,55,330,63,"228, BD GODARD",,,Nuit avec éclairage allumé,En agglomération,Hors intersection,Normale,Deux véhicules - côté,,,,,,,,,,,5,2,1,1,3
200700068871,0007-11-14 15:00:00,7,11,14,15,0,330,69,"113-115, AVE DE TIVOLI",,,Plein jour,En agglomération,Hors intersection,Normale,Autre collision,,,,,,,,,,,1,2,1,1,6
200700068872,0007-11-16 17:25:00,7,11,16,17,25,330,318,RUE DE COMPOSTELLE,,,Plein jour,En agglomération,Intersection en T,Normale,Deux véhicules - côté,,,,,,,,,,,1,2,3,1,3
200700068873,0007-11-17 18:35:00,7,11,17,18,35,330,318,"240, AVE PASTEUR",,,Nuit avec éclairage allumé,En agglomération,Hors intersection,Normale,Deux véhicules - frontale,,,,,,,,,,,5,2,1,1,1
200700068874,0007-11-15 08:14:00,7,11,15,8,14,330,318,"4, AVE GUSTAVE EIFFEL",,,Plein jour,En agglomération,Hors intersection,Normale,Deux véhicules - côté,,,,,,,,,,,1,2,1,1,3
200700068875,0007-11-17 10:20:00,7,11,17,10,20,330,63,RUE STEHELIN CAUD,,,Plein jour,En agglomération,Intersection en X,Temps éblouissant,Autre collision,,,,,,,,,,,1,2,2,7,6
200700068876,0007-11-20 16:30:00,7,11,20,16,30,330,63,CRS EDOUARD VAILLANT,,,Plein jour,En agglomération,Intersection en X,Pluie légère,Deux véhicules - arrière,,,,,,,,,,,1,2,2,2,2
200700068877,0007-11-20 15:30:00,7,11,20,15,30,330,63,BD DE L'ENTRE DEUX MERS,,,Plein jour,En agglomération,Hors intersection,Pluie légère,Deux véhicules - arrière,,,,,,,,,,,1,2,1,2,2
200700068878,0007-11-10 16:42:00,7,11,10,16,42,330,550,RTE DE LEOGNAN,,,Plein jour,En agglomération,Intersection en X,Normale,Deux véhicules - côté,,,,,,,,,,,1,2,2,1,3
200700068879,0007-11-15 07:00:00,7,11,15,7,0,330,318,"80, AVE DU DOCTEUR ALBER",,,Crépuscule ou aube,En agglomération,Hors intersection,Normale,Deux véhicules - côté,,,,,,,,,,,2,2,1,1,3
200700068880,0007-11-21 15:05:00,7,11,21,15,5,330,63,CRS DE LUZE,,,Plein jour,En agglomération,Intersection en T,Normale,Deux véhicules - côté,,,,,,,,,,,1,2,3,1,3
200700068881,0007-11-21 18:00:00,7,11,21,18,0,330,63,RUE DAVID JOHNSTON,,,Nuit avec éclairage allumé,En agglomération,Intersection en X,Normale,Deux véhicules - côté,,,,,,,,,,,5,2,2,1,3
200700068882,0007-11-22 08:05:00,7,11,22,8,5,330,63,AVE LOUIS BARTHOU CAUD,,,Plein jour,En agglomération,Intersection en X,Normale,Deux véhicules - côté,,,,,,,,,,,1,2,2,1,3
200700068883,0007-11-20 11:45:00,7,11,20,11,45,330,318,"100, AVE DE SAIGE",,,Plein jour,En agglomération,Hors intersection,Normale,Deux véhicules - arrière,,,,,,,,,,,1,2,1,1,2
200700068884,0007-11-22 19:00:00,7,11,22,19,0,330,63,RUE D'ARMAGNAC,,,Nuit avec éclairage allumé,En agglomération,Hors intersection,Pluie légère,Trois véhicules et plus - collisions multiples,,,,,,,,,,,5,2,1,2,5
200700068885,0007-11-22 17:15:00,7,11,22,17,15,330,63,"52, RUE DES TREUILS",,,Nuit avec éclairage allumé,En agglomération,Hors intersection,Pluie légère,Deux véhicules - côté,,,,,,,,,,,5,2,1,2,3
200700068886,0007-11-23 16:50:00,7,11,23,16,50,330,63,AVE DE LABARDE,,,Crépuscule ou aube,En agglomération,Hors intersection,Normale,Deux véhicules - arrière,,,,,,,,,,,2,2,1,1,2
200700068887,0007-11-23 16:55:00,7,11,23,16,55,330,63,BD ALFRED DANEY,,,Plein jour,En agglomération,Intersection en X,Normale,Trois véhicules et plus - collisions multiples,,,,,,,,,,,1,2,2,1,5
200700068888,0007-11-24 09:50:00,7,11,24,9,50,330,63,RUE DE PESSAC,,,Plein jour,En agglomération,Intersection en T,Normale,Deux véhicules - côté,,,,,,,,,,,1,2,3,1,3
200700068889,0007-11-25 02:30:00,7,11,25,2,30,330,63,QUAI LOUIS XVIII,,,Nuit avec éclairage allumé,En agglomération,Hors intersection,Normale,Trois véhicules et plus - collisions multiples,,,,,,,,,,,5,2,1,1,5