accident_id,datetime,annee,mois,jour,heure,minute,departement,commune_insee,adresse,latitude,longitude,luminosite,agglomeration,intersection,meteo,collision,nb_vehicules,nb_usagers,nb_indemnes,nb_tues,nb_blesses_hosp,nb_blesses_legers,age_cond_1,age_cond_2,veh_type_cond_1,veh_type_cond_2,lum_code,agg_code,int_code,atm_code,col_code
200700068890,0007-11-20 20:45:00,7,11,20,20,45,330,449,RUE LOUIS BLERIOT,,,Nuit avec éclairage allumé,En agglomération,Hors intersection,Normale,Deux véhicules - côté,,,,,,,,,,,5,2,1,1,3
200700068891,0007-11-24 18:35:00,7,11,24,18,35,330,63,"25, RUE BELLUS MAREILHAC",,,Nuit avec éclairage allumé,En agglomération,Hors intersection,Normale,Deux véhicules - côté,,,,,,,,,,,5,2,1,1,3
200700068892,0007-11-20 10:55:00,7,11,20,10,55,330,281,"126, AVE DU BOURGAILH",,,Plein jour,En agglomération,Hors intersection,Normale,Deux véhicules - arrière,,,,,,,,,,,1,2,1,1,2
200700068893,0007-11-21 08:40:00,7,11,21,8,40,330,281,AVE HENRI VIGNEAU,,,Plein jour,En agglomération,Intersection en Y,Normale,Deux véhicules - côté,,,,,,,,,,,1,2,4,1,3
200700068894,0007-11-21 16:20:00,7,11,21,16,20,330,318,AVE DE NOES,,,Plein jour,En agglomération,Hors intersection,Normale,Deux véhicules - côté,,,,,,,,,,,1,2,1,1,3
200700068895,0007-11-21 09:50:00,7,11,21,9,50,330,318,"0000, AVE DE SAIGE",,,Plein jour,En agglomération,Giratoire,Normale,Deux véhicules - côté,,,,,,,,,,,1,2,6,1,3
200700068896,0007-11-22 12:30:00,7,11,22,12,30,330,63,RUE LE CHAPELIER,,,Plein jour,En agglomération,Intersection en X,Normale,Deux véhicules - côté,,,,,,,,,,,1,2,2,1,3
200700068897,0007-11-27 23:07:00,7,11,27,23,7,330,63,CRS DE LA MARTINIQUE,,,Nuit avec éclairage allumé,En agglomération,Hors intersection,Normale,Autre collision,,,,,,,,,,,5,2,1,1,6
200700068898,0007-11-26 20:20:00,7,11,26,20,20,330,63,PCE TOURNY,,,Nuit avec éclairage allumé,En agglomération,Place,Normale,Deux véhicules - côté,,,,,,,,,,,5,2,7,1,3
200700068899,0007-11-27 14:00:00,7,11,27,14,0,330,63,RUE DU CHATEAU D'EAU,,,Plein jour,En agglomération,Intersection en X,Normale,Deux véhicules - côté,,,,,,,,,,,1,2,2,1,3
200700068900,0007-11-27 11:10:00,7,11,27,11,10,330,63,"189, RUE FONDAUDEGE",,,Plein jour,En agglomération,Hors intersection,Normale,Deux véhicules - côté,,,,,,,,,,,1,2,1,1,3
200700068901,0007-11-27 18:09:00,7,11,27,18,9,330,63,"69 bis, RUE DU GRAND MAU",,,Crépuscule ou aube,En agglomération,Hors intersection,Normale,Deux véhicules - arrière,,,,,,,,,,,2,2,1,1,2
200700068902,0007-11-25 00:15:00,7,11,25,0,15,330,281,"80, AVE DES FRERES ROBIN",,,Nuit avec éclairage allumé,En agglomération,Hors intersection,Normale,Autre collision,,,,,,,,,,,5,2,1,1,6
200700068903,0007-11-24 18:00:00,7,11,24,18,0,330,162,AVE DE SAINT-MEDARD,,,Crépuscule ou aube,En agglomération,Intersection en X,Normale,Deux véhicules - côté,,,,,,,,,,,2,2,2,1,3
200700068904,0007-11-22 17:55:00,7,11,22,17,55,330,69,"342, AVE DE TIVOLI",,,Nuit avec éclairage allumé,En agglomération,Hors intersection,Pluie légère,Deux véhicules - côté,,,,,,,,,,,5,2,1,2,3
200700068905,0007-11-27 21:10:00,7,11,27,21,10,330,167,"5, RUE DU 8 MAI 1945",,,Nuit avec éclairage allumé,En agglomération,Hors intersection,Normale,Autre collision,,,,,,,,,,,5,2,1,1,6
200700068906,0007-11-22 17:50:00,7,11,22,17,50,330,119,RUE LOUIS BLANC,,,Plein jour,En agglomération,Intersection en Y,Normale,Deux véhicules - côté,,,,,,,,,,,1,2,4,1,3
200700068907,0007-11-28 15:05:00,7,11,28,15,5,330,63,PCE MAREILHAC,,,Plein jour,En agglomération,Place,Normale,Autre collision,,,,,,,,,,,1,2,7,1,6
200700068908,0007-11-28 18:10:00,7,11,28,18,10,330,63,"187 -189, BD DU PDT FRAN",,,Crépuscule ou aube,En agglomération,Hors intersection,Normale,Autre collision,,,,,,,,,,,2,2,1,1,6
200700068909,0007-11-28 12:30:00,7,11,28,12,30,330,63,RUE HERON,,,Plein jour,En agglomération,Intersection en X,Normale,Deux véhicules - côté,,,,,,,,,,,1,2,2,1,3
200700068910,0007-11-27 08:20:00,7,11,27,8,20,330,63,RUE FRANCOIS DE SOURDIS,,,Plein jour,En agglomération,Intersection en T,Normale,Sans collision,,,,,,,,,,,1,2,3,1,7
200700068911,0007-11-30 19:15:00,7,11,30,19,15,330,63,CRS DE VERDUN,,,Nuit avec éclairage allumé,En agglomération,Intersection en T,Normale,Deux véhicules - côté,,,,,,,,,,,5,2,3,1,3
200700068912,0007-11-30 21:40:00,7,11,30,21,40,330,63,RUE DE L'ARSENAL,,,Nuit avec éclairage allumé,En agglomération,Intersection en X,Normale,Deux véhicules - côté,,,,,,,,,,,5,2,2,1,3
200700068913,0007-11-23 16:00:00,7,11,23,16,0,330,522,AVE DE THOUARS,,,Plein jour,En agglomération,Hors intersection,Normale,Deux véhicules - côté,,,,,,,,,,,1,2,1,1,3
200700068914,0007-11-22 13:05:00,7,11,22,13,5,330,522,"300, CRS DE LA LIBERATIO",,,Plein jour,En agglomération,Hors intersection,Normale,Autre collision,,,,,,,,,,,1,2,1,1,6
200700068915,0007-11-28 08:15:00,7,11,28,8,15,330,318,AVE DE MAGELLAN,,,Plein jour,En agglomération,Hors intersection,Normale,Autre collision,,,,,,,,,,,1,2,1,1,6
200700068916,0007-11-27 16:25:00,7,11,27,16,25,330,281,AVE PIERRE MENDES FRANCE,,,Plein jour,En agglomération,Intersection en X,Normale,Deux véhicules - côté,,,,,,,,,,,1,2,2,1,3
200700068917,0007-11-28 08:45:00,7,11,28,8,45,330,318,AVE DU PONT DE L'ORIENT,,,Plein jour,En agglomération,Intersection en X,Normale,Autre collision,,,,,,,,,,,1,2,2,1,6
200700068918,0007-11-28 17:00:00,7,11,28,17,0,330,550,"51, RUE DE LA PAIX",,,Plein jour,En agglomération,Hors intersection,Normale,Autre collision,,,,,,,,,,,1,2,1,1,6
200700068919,0007-11-28 17:00:00,7,11,28,17,0,330,192,"28 bis, CRS DU GENERAL D",,,Plein jour,En agglomération,Hors intersection,Normale,Deux véhicules - côté,,,,,,,,,,,1,2,1,1,3
200700068920,0007-11-30 14:25:00,7,11,30,14,25,330,281,AVE DE LA SOMME,,,Plein jour,En agglomération,Intersection en X,Pluie légère,Deux véhicules - côté,,,,,,,,,,,1,2,2,2,3
200700068921,0007-11-30 19:35:00,7,11,30,19,35,330,522,CRS GAMBETTA,,,Nuit avec éclairage allumé,En agglomération,Hors intersection,Normale,Autre collision,,,,,,,,,,,5,2,1,1,6
200700068922,0007-11-27 18:05:00,7,11,27,18,5,330,522,RUE CALIXTE CAMELLE,,,Nuit avec éclairage allumé,En agglomération,Intersection en X,Normale,Deux véhicules - côté,,,,,,,,,,,5,2,2,1,3
200700068923,0007-11-27 16:10:00,7,11,27,16,10,330,318,AVE DES ARTS,,,Plein jour,En agglomération,Giratoire,Normale,Deux véhicules - côté,,,,,,,,,,,1,2,6,1,3
200700068924,0007-11-26 12:10:00,7,11,26,12,10,340,3,JANIN (G15 A K16,,,Plein jour,En agglomération,Intersection en Y,Normale,Deux véhicules - frontale,,,,,,,,,,,1,2,4,1,1
200700068925,0007-11-29 19:00:00,7,11,29,19,0,340,3,SETE (F16 A I25,,,Crépuscule ou aube,En agglomération,Hors intersection,Normale,Autre collision,,,,,,,,,,,2,2,1,1,6
200700068926,0007-11-04 19:51:00,7,11,4,19,51,340,32,ALBERTINI ENSEIGNE (AVEN,,,Nuit avec éclairage allumé,En agglomération,Intersection en X,Normale,Deux véhicules - côté,,,,,,,,,,,5,2,2,1,3
200700068927,0007-11-08 10:40:00,7,11,8,10,40,340,73,"10, OCCITANIE (RUE DE L'",43.32431,3.45699,Plein jour,En agglomération,Hors intersection,Normale,Sans collision,,,,,,,,,,,1,2,1,1,7
200700068928,0007-11-09 23:35:00,7,11,9,23,35,340,32,ROUTE DEPARTEMENTALE 612,,,Nuit sans éclairage public,Hors agglomération,Intersection en T,Normale,Sans collision,,,,,,,,,,,3,1,3,1,7
200700068929,0007-11-10 07:55:00,7,11,10,7,55,340,32,HUGO VICTOR (RUE),43.34,3.45699,Plein jour,En agglomération,Intersection en T,Normale,Sans collision,,,,,,,,,,,1,2,3,1,7
200700068930,0007-11-12 13:05:00,7,11,12,13,5,340,32,"NR, CAPNAU (RUE DU)",,,Plein jour,En agglomération,Intersection en X,Normale,Deux véhicules - côté,,,,,,,,,,,1,2,2,1,3
200700068931,0007-11-13 10:30:00,7,11,13,10,30,340,32,FOURRIER (RUE),,,Plein jour,En agglomération,Hors intersection,Normale,Sans collision,,,,,,,,,,,1,2,1,1,7
200700068932,0007-11-14 14:39:00,7,11,14,14,39,340,32,ROUTE DEPARTEMENTALE  61,,,Plein jour,En agglomération,Hors intersection,Normale,Deux véhicules - arrière,,,,,,,,,,,1,2,1,1,2
200700068933,0007-11-16 14:34:00,7,11,16,14,34,340,32,"NR, SARCEY FRANCISQUE (B",,,Plein jour,En agglomération,Intersection en X,Normale,Deux véhicules - arrière,,,,,,,,,,,1,2,2,1,2
200700068934,0007-11-20 11:45:00,7,11,20,11,45,340,336,"NR, SAINT VICTOR (RUE) Z",43.333,3.45699,Plein jour,Hors agglomération,Hors intersection,Normale,Deux véhicules - côté,,,,,,,,,,,1,1,1,1,3
200700068935,0007-11-20 14:10:00,7,11,20,14,10,340,32,RD.14,,,Plein jour,Hors agglomération,Hors intersection,Normale,Sans collision,,,,,,,,,,,1,1,1,1,7
200700068936,0007-11-21 11:40:00,7,11,21,11,40,340,32,"27, REPUBLIQUE (RUE DE L",,,Plein jour,En agglomération,Hors intersection,Normale,Deux véhicules - arrière,,,,,,,,,,,1,2,1,1,2
200700068937,0007-11-26 15:22:00,7,11,26,15,22,340,336,"NR, GLORIETTES (RUE DES)",43.322,3.45699,Plein jour,En agglomération,Giratoire,Normale,Deux véhicules - côté,,,,,,,,,,,1,2,6,1,3
200700068938,0007-11-27 14:10:00,7,11,27,14,10,340,32,"1, FEYNES FRANCOIS (RUE)",,,Plein jour,En agglomération,Hors intersection,Normale,Sans collision,,,,,,,,,,,1,2,1,1,7
200700068939,0007-11-27 14:15:00,7,11,27,14,15,340,32,"NR, ALBERTINI AUGUSTE (A",,,Plein jour,En agglomération,Intersection en X,Normale,Deux véhicules - côté,,,,,,,,,,,1,2,2,1,3
200700068940,0007-11-29 09:22:00,7,11,29,9,22,340,73,ROUTE D'AGDE (RD612),,,Plein jour,Hors agglomération,Hors intersection,Normale,Deux véhicules - arrière,,,,,,,,,,,1,1,1,1,2
200700068941,0007-11-01 04:18:00,7,11,1,4,18,340,172,"2636, ITALIE (PLACE D')",,,Nuit avec éclairage allumé,En agglomération,Hors intersection,Normale,Autre collision,,,,,,,,,,,5,2,1,1,6
200700068942,0007-11-02 13:30:00,7,11,2,13,30,340,172,"sans, FIGAIRASSE (RUE DE",,,Plein jour,En agglomération,Intersection en T,Normale,Deux véhicules - côté,,,,,,,,,,,1,2,3,1,3
200700068943,0007-11-02 19:11:00,7,11,2,19,11,340,172,"8, MARES (AVENUE HENRI)",43.64142,3.84325,Nuit avec éclairage allumé,En agglomération,Hors intersection,Normale,Deux véhicules - côté,,,,,,,,,,,5,2,1,1,3
200700068944,0007-11-02 12:40:00,7,11,2,12,40,340,172,"62, MICHALON (RUE VITAL)",,,Plein jour,En agglomération,Hors intersection,Normale,Sans collision,,,,,,,,,,,1,2,1,1,7
200700068945,0007-11-02 15:50:00,7,11,2,15,50,340,172,"sans, PRES D'ARENES (AVE",43.60779,3.84903,Plein jour,En agglomération,Intersection en T,Normale,Deux véhicules - côté,,,,,,,,,,,1,2,3,1,3
200700068946,0007-11-03 17:20:00,7,11,3,17,20,340,129,"sans, AGAU (AVENUE DE L'",,,Crépuscule ou aube,Hors agglomération,Hors intersection,Normale,Autre collision,,,,,,,,,,,2,1,1,1,6
200700068947,0007-11-03 12:12:00,7,11,3,12,12,340,172,"sans, HEIDELBERG (AVENUE",,,Plein jour,En agglomération,Intersection en X,Normale,Deux véhicules - côté,,,,,,,,,,,1,2,2,1,3
200700068948,0007-11-05 19:15:00,7,11,5,19,15,340,172,FLAHAULT (AVENUE CHARLES,,,Nuit avec éclairage allumé,En agglomération,Intersection en T,Normale,Deux véhicules - côté,,,,,,,,,,,5,2,3,1,3
200700068949,0007-11-06 15:45:00,7,11,6,15,45,340,172,ABRIVADO (RUE DE L'),,,Plein jour,En agglomération,Intersection en X,Normale,Deux véhicules - côté,,,,,,,,,,,1,2,2,1,3
200700068950,0007-11-06 21:00:00,7,11,6,21,0,340,172,"SANS, LIBERTE (AVENUE DE",43.6038,3.89269,Nuit avec éclairage allumé,En agglomération,Hors intersection,Normale,Trois véhicules et plus - en chaîne,,,,,,,,,,,5,2,1,1,4
200700068951,0007-11-07 15:19:00,7,11,7,15,19,340,172,"sans, CLARET (RUE DE)",43.60094,3.89531,Plein jour,En agglomération,Intersection en T,Normale,Sans collision,,,,,,,,,,,1,2,3,1,7
200700068952,0007-11-07 18:12:00,7,11,7,18,12,340,172,"345, GOSSEC (RUE FRANCOI",,,Nuit avec éclairage allumé,En agglomération,Hors intersection,Normale,Autre collision,,,,,,,,,,,5,2,1,1,6
200700068953,0007-11-07 17:36:00,7,11,7,17,36,340,129,"300m, D116",43.57172,3.87389,Crépuscule ou aube,Hors agglomération,Hors intersection,Normale,Sans collision,,,,,,,,,,,2,1,1,1,7
200700068954,0007-11-07 12:30:00,7,11,7,12,30,340,172,ANCIENS D'INDOCHINE (CAR,43.60663,3.8595,Plein jour,En agglomération,Autre intersection,Normale,Deux véhicules - côté,,,,,,,,,,,1,2,9,1,3
200700068955,0007-11-09 11:40:00,7,11,9,11,40,340,172,"2881, MENDE (ROUTE DE)",43.64506,3.86198,Plein jour,En agglomération,Hors intersection,Normale,Deux véhicules - côté,,,,,,,,,,,1,2,1,1,3
200700068956,0007-11-09 12:30:00,7,11,9,12,30,340,172,ANTIGONE (BOULEVARD D'),,,Plein jour,En agglomération,Hors intersection,Normale,Sans collision,,,,,,,,,,,1,2,1,1,7
200700068957,0007-11-10 21:37:00,7,11,10,21,37,340,172,CHAMPLAIN (AVENUE SAMUEL,,,Nuit avec éclairage allumé,En agglomération,Intersection en X,Normale,Deux véhicules - côté,,,,,,,,,,,5,2,2,1,3
200700068958,0007-11-11 09:15:00,7,11,11,9,15,340,172,MOULINS (AVENUE DES,,,Plein jour,En agglomération,Hors intersection,Normale,Trois véhicules et plus - collisions multiples,,,,,,,,,,,1,2,1,1,5
200700068959,0007-11-08 11:35:00,7,11,8,11,35,340,172,"4, ARCEAUX (BOULEVARD DE",,,Plein jour,En agglomération,Hors intersection,Normale,Autre collision,,,,,,,,,,,1,2,1,1,6
200700068960,0007-11-11 14:15:00,7,11,11,14,15,340,172,"151, NEBULEUSES (RUE DES",,,Plein jour,En agglomération,Hors intersection,Normale,Autre collision,,,,,,,,,,,1,2,1,1,6
200700068961,0007-11-11 21:15:00,7,11,11,21,15,340,172,LAVERUNE (ROUTE DE,,,Nuit avec éclairage allumé,En agglomération,Intersection en T,Normale,Autre collision,,,,,,,,,,,5,2,3,1,6
200700068962,0007-11-10 20:05:00,7,11,10,20,5,340,172,"sans, CARRIEU (RUE MARIU",,,Nuit avec éclairage allumé,En agglomération,Hors intersection,Normale,Trois véhicules et plus - en chaîne,,,,,,,,,,,5,2,1,1,4
200700068963,0007-11-10 10:52:00,7,11,10,10,52,340,172,"sans, VANIERES (AVENUE D",,,Plein jour,En agglomération,Hors intersection,Normale,Sans collision,,,,,,,,,,,1,2,1,1,7
200700068964,0007-11-09 15:54:00,7,11,9,15,54,340,172,ANTIGONE (BOULEVARD D'),,,Plein jour,En agglomération,Passage à niveau,Normale,Deux véhicules - côté,,,,,,,,,,,1,2,8,1,3
200700068965,0007-11-14 10:10:00,7,11,14,10,10,340,172,MAS ARGELLIERS (AVENUE D,,,Plein jour,En agglomération,Giratoire,Normale,Autre collision,,,,,,,,,,,1,2,6,1,6
200700068966,0007-11-14 16:40:00,7,11,14,16,40,340,172,PILORY (RUE DU),,,Plein jour,En agglomération,Giratoire,Normale,Deux véhicules - côté,,,,,,,,,,,1,2,6,1,3
200700068967,0007-11-14 18:20:00,7,11,14,18,20,340,172,BARCELONE (AVENUE DE),,,Nuit avec éclairage allumé,En agglomération,Intersection en T,Normale,Deux véhicules - côté,,,,,,,,,,,5,2,3,1,3
200700068968,0007-11-14 23:25:00,7,11,14,23,25,340,172,"938, SOULAS (AVENUE DU P",,,Nuit avec éclairage allumé,En agglomération,Hors intersection,Normale,Deux véhicules - frontale,,,,,,,,,,,5,2,1,1,1
200700068969,0007-11-15 01:48:00,7,11,15,1,48,340,129,D116,,,Nuit sans éclairage public,Hors agglomération,Hors intersection,Normale,Autre collision,,,,,,,,,,,3,1,1,1,6
200700068970,0007-11-12 12:20:00,7,11,12,12,20,340,172,"396, RIMBAUD (RUE PAUL)",43.60382,3.89335,Plein jour,En agglomération,Hors intersection,Normale,Autre collision,,,,,,,,,,,1,2,1,1,6
200700068971,0007-11-15 21:00:00,7,11,15,21,0,340,172,"8, FLAHAULT (AVENUE CHAR",,,Nuit avec éclairage allumé,En agglomération,Intersection en T,Normale,Deux véhicules - côté,,,,,,,,,,,5,2,3,1,3
200700068972,0007-11-16 07:36:00,7,11,16,7,36,340,172,"sans, ARENES (ROND POINT",,,Plein jour,En agglomération,Hors intersection,Normale,Sans collision,,,,,,,,,,,1,2,1,1,7
200700068973,0007-11-15 16:49:00,7,11,15,16,49,340,172,LIBERTE (AVENUE DE LA,,,Plein jour,En agglomération,Hors intersection,Normale,Trois véhicules et plus - en chaîne,,,,,,,,,,,1,2,1,1,4
200700068974,0007-11-15 19:00:00,7,11,15,19,0,340,172,"78, FIGUEROLLES FAUBOURG",43.60044,3.86934,Nuit avec éclairage allumé,En agglomération,Hors intersection,Normale,Deux véhicules - côté,,,,,,,,,,,5,2,1,1,3
200700068975,0007-11-17 19:25:00,7,11,17,19,25,340,172,"2, CLOS RENE (RUE DU)",,,Nuit avec éclairage allumé,En agglomération,Hors intersection,Normale,Autre collision,,,,,,,,,,,5,2,1,1,6
200700068976,0007-11-18 13:15:00,7,11,18,13,15,340,129,CARNON (ROUTE DE  D21),,,Plein jour,Hors agglomération,Hors intersection,Normale,Sans collision,,,,,,,,,,,1,1,1,1,7
200700068977,0007-11-19 05:20:00,7,11,19,5,20,340,172,NIMES (AVENUE DE),,,Nuit avec éclairage allumé,En agglomération,Hors intersection,Normale,Autre collision,,,,,,,,,,,5,2,1,1,6
200700068978,0007-11-19 13:20:00,7,11,19,13,20,340,172,"sans, MOULINS (AVENUE DE",,,Plein jour,En agglomération,Intersection en T,Temps couvert,Deux véhicules - arrière,,,,,,,,,,,1,2,3,8,2
200700068979,0007-11-20 19:00:00,7,11,20,19,0,340,172,"sans, LEROY-BEAULIEU (PL",43.60908,3.86706,Nuit avec éclairage allumé,En agglomération,Intersection en X,Temps couvert,Deux véhicules - côté,,,,,,,,,,,5,2,2,8,3
200700068980,0007-11-21 12:40:00,7,11,21,12,40,340,172,"sans, CASTELLE (RUE DE L",,,Plein jour,En agglomération,Intersection en X,Temps couvert,Deux véhicules - côté,,,,,,,,,,,1,2,2,8,3
200700068981,0007-11-21 20:40:00,7,11,21,20,40,340,172,"sans, CARTIER (AVENUE JA",,,Nuit avec éclairage allumé,En agglomération,Intersection en T,Pluie légère,Deux véhicules - frontale,,,,,,,,,,,5,2,3,2,1
200700068982,0007-11-22 20:00:00,7,11,22,20,0,340,172,"sans, AGROPOLIS (AVENUE)",43.6068,3.89405,Nuit avec éclairage allumé,En agglomération,Hors intersection,Pluie forte,Deux véhicules - côté,,,,,,,,,,,5,2,1,3,3
200700068983,0007-11-22 16:45:00,7,11,22,16,45,340,172,"2, SAINT LOUIS (RUE)",,,Crépuscule ou aube,En agglomération,Hors intersection,Pluie forte,Sans collision,,,,,,,,,,,2,2,1,3,7
200700068984,0007-11-22 18:20:00,7,11,22,18,20,340,172,"17, CATALPAS (RUE DES)",,,Nuit avec éclairage allumé,En agglomération,Hors intersection,Pluie forte,Autre collision,,,,,,,,,,,5,2,1,3,6
200700068985,0007-11-22 16:55:00,7,11,22,16,55,340,172,"sans, PIREE (AVENUE DU)",,,Nuit avec éclairage allumé,En agglomération,Hors intersection,Pluie forte,Autre collision,,,,,,,,,,,5,2,1,3,6
200700068986,0007-11-23 11:00:00,7,11,23,11,0,340,172,"3, SALENGRO (PLACE ROGER",43.57817,3.86817,Plein jour,En agglomération,Hors intersection,Normale,Autre collision,,,,,,,,,,,1,2,1,1,6
200700068987,0007-11-23 17:44:00,7,11,23,17,44,340,172,VIEILLE POSTE (RUE DE LA,,,Nuit avec éclairage allumé,En agglomération,Intersection en X,Normale,Deux véhicules - côté,,,,,,,,,,,5,2,2,1,3
200700068988,0007-11-24 01:33:00,7,11,24,1,33,340,172,LODEVE (AVENUE DE,43.61272,3.84471,Nuit avec éclairage allumé,En agglomération,Intersection en Y,Normale,Autre collision,,,,,,,,,,,5,2,4,1,6
200700068989,0007-11-24 05:30:00,7,11,24,5,30,340,172,"sans, RIMET (CARREFOUR J",43.62438,3.81246,Nuit avec éclairage allumé,En agglomération,Intersection en X,Normale,Deux véhicules - côté,,,,,,,,,,,5,2,2,1,3
200700068990,0007-11-24 17:40:00,7,11,24,17,40,340,172,LAVERUNE (ROUTE DE,,,Nuit avec éclairage allumé,En agglomération,Intersection en X,Normale,Deux véhicules - côté,,,,,,,,,,,5,2,2,1,3
200700068991,0007-11-22 12:17:00,7,11,22,12,17,340,172,"sans, ETATS DU LANGUEDOC",43.60569,3.88781,Plein jour,En agglomération,Autre intersection,Pluie légère,Deux véhicules - côté,,,,,,,,,,,1,2,9,2,3
200700068992,0007-11-26 08:45:00,7,11,26,8,45,340,172,LAVERUNE (ROUTE DE,43.61345,3.90493,Plein jour,En agglomération,Intersection en T,Normale,Deux véhicules - côté,,,,,,,,,,,1,2,3,1,3
200700068993,0007-11-25 16:25:00,7,11,25,16,25,340,172,"0, ZUCCARELLI (PONT JEAN",43.60041,3.89656,Plein jour,En agglomération,Hors intersection,Normale,Deux véhicules - arrière,,,,,,,,,,,1,2,1,1,2
200700068994,0007-11-25 17:44:00,7,11,25,17,44,340,172,"sans, LAVERUNE (ROUTE DE",,,Crépuscule ou aube,En agglomération,Hors intersection,Normale,Sans collision,,,,,,,,,,,2,2,1,1,7
200700068995,0007-11-25 19:21:00,7,11,25,19,21,340,172,"sans, MONTASINOS (RUE DE",,,Nuit avec éclairage allumé,En agglomération,Intersection en T,Normale,Deux véhicules - côté,,,,,,,,,,,5,2,3,1,3
200700068996,0007-11-26 17:45:00,7,11,26,17,45,340,172,"0, REINE HELENE D'ITALIE",43.62363,3.89195,Nuit avec éclairage allumé,En agglomération,Hors intersection,Normale,Deux véhicules - arrière,,,,,,,,,,,5,2,1,1,2
200700068997,0007-11-28 19:15:00,7,11,28,19,15,340,172,"810, POSTE VIEILLE DE 69",,,Nuit avec éclairage allumé,En agglomération,Hors intersection,Normale,Deux véhicules - arrière,,,,,,,,,,,5,2,1,1,2
200700068998,0007-11-28 11:18:00,7,11,28,11,18,340,172,"784, CROIX DE LAVIT (RUE",,,Plein jour,En agglomération,Hors intersection,Normale,Deux véhicules - côté,,,,,,,,,,,1,2,1,1,3
200700068999,0007-11-27 08:49:00,7,11,27,8,49,340,172,"sans, FAUBOURG FIGUEROLL",,,Plein jour,En agglomération,Intersection en T,Normale,Deux véhicules - côté,,,,,,,,,,,1,2,3,1,3
200700069000,0007-11-07 16:30:00,7,11,7,16,30,340,108,"aucun, RD 612",,,Plein jour,Hors agglomération,Hors intersection,Normale,Autre collision,,,,,,,,,,,1,1,1,1,6
200700069001,0007-11-09 09:45:00,7,11,9,9,45,340,108,"aucun, VIGNAUX (CHEMIN D",,,Plein jour,En agglomération,Hors intersection,Normale,Deux véhicules - frontale,,,,,,,,,,,1,2,1,1,1
200700069002,0007-11-01 00:10:00,7,11,1,0,10,350,238,"00, SAINT-BRIEUC (DE)",,,Nuit avec éclairage allumé,En agglomération,Intersection en X,Normale,Deux véhicules - frontale,,,,,,,,,,,5,2,2,1,1
200700069003,0007-11-02 06:25:00,7,11,2,6,25,350,238,"00, HAUTE-MARTINIERE (LI",,,Crépuscule ou aube,En agglomération,Giratoire,Normale,Sans collision,,,,,,,,,,,2,2,6,1,7
200700069004,0007-11-04 05:50:00,7,11,4,5,50,350,238,"00, LE GUILLOUX (HENRI)",,,Nuit avec éclairage allumé,En agglomération,Hors intersection,Normale,Deux véhicules - arrière,,,,,,,,,,,5,2,1,1,2
200700069005,0007-11-04 17:30:00,7,11,4,17,30,350,238,"14, LECLERC (AVENUE DU G",,,Crépuscule ou aube,En agglomération,Hors intersection,Normale,Deux véhicules - côté,,,,,,,,,,,2,2,1,1,3
200700069006,0007-11-06 02:50:00,7,11,6,2,50,350,238,"00, PARIS (RUE DE)",,,Nuit avec éclairage allumé,En agglomération,Hors intersection,Normale,Sans collision,,,,,,,,,,,5,2,1,1,7
200700069007,0007-11-06 08:10:00,7,11,6,8,10,350,238,"00, VERN (DE)",,,Plein jour,En agglomération,Intersection en X,Normale,Autre collision,,,,,,,,,,,1,2,2,1,6
200700069008,0007-11-05 20:10:00,7,11,5,20,10,350,238,"00, PORTE DES LONGS CHAM",,,Nuit sans éclairage public,Hors agglomération,Hors intersection,Normale,Deux véhicules - côté,,,,,,,,,,,3,1,1,1,3
200700069009,0007-11-07 13:30:00,7,11,7,13,30,350,238,"00, GROS MALHON (AVENUE)",,,Plein jour,En agglomération,Hors intersection,Normale,Deux véhicules - arrière,,,,,,,,,,,1,2,1,1,2
200700069010,0007-11-08 18:15:00,7,11,8,18,15,350,238,"00, FREVILLE (AVENUE HEN",,,Nuit avec éclairage allumé,En agglomération,Intersection en T,Normale,Autre collision,,,,,,,,,,,5,2,3,1,6
200700069011,0007-11-08 12:30:00,7,11,8,12,30,350,238,"00, HAUTE-MARTINIERE (LI",,,Plein jour,En agglomération,Hors intersection,Normale,Autre collision,,,,,,,,,,,1,2,1,1,6
200700069012,0007-11-09 01:25:00,7,11,9,1,25,350,238,"122, ANTRAIN (D') DE 43",,,Nuit avec éclairage allumé,En agglomération,Intersection en T,Normale,Sans collision,,,,,,,,,,,5,2,3,1,7
200700069013,0007-11-09 13:30:00,7,11,9,13,30,350,238,"00, MOUEZY (AVENUE MONSE",,,Plein jour,En agglomération,Giratoire,Autre,Deux véhicules - côté,,,,,,,,,,,1,2,6,9,3
200700069014,0007-11-09 19:00:00,7,11,9,19,0,350,238,"00, BERGER (AVENUE GASTO",,,Nuit avec éclairage allumé,En agglomération,Intersection en T,Normale,Deux véhicules - côté,,,,,,,,,,,5,2,3,1,3
200700069015,0007-11-10 01:30:00,7,11,10,1,30,350,238,"00, VERN (DE)",,,Nuit avec éclairage allumé,En agglomération,Intersection en X,Normale,Deux véhicules - frontale,,,,,,,,,,,5,2,2,1,1
200700069016,0007-11-10 18:20:00,7,11,10,18,20,350,238,"00, METZ (BD DE)",,,Nuit avec éclairage allumé,En agglomération,Intersection en X,Normale,Deux véhicules - côté,,,,,,,,,,,5,2,2,1,3
200700069017,0007-11-11 12:40:00,7,11,11,12,40,350,238,"39, VALLES (RUE JULES)",,,Plein jour,En agglomération,Hors intersection,Normale,Deux véhicules - frontale,,,,,,,,,,,1,2,1,1,1