accident_id,datetime,annee,mois,jour,heure,minute,departement,commune_insee,adresse,latitude,longitude,luminosite,agglomeration,intersection,meteo,collision,nb_vehicules,nb_usagers,nb_indemnes,nb_tues,nb_blesses_hosp,nb_blesses_legers,age_cond_1,age_cond_2,veh_type_cond_1,veh_type_cond_2,lum_code,agg_code,int_code,atm_code,col_code
200700069018,0007-11-13 18:45:00,7,11,13,18,45,350,238,"00, ALBERT 1ER (BD)",,,Nuit avec éclairage allumé,En agglomération,Intersection en X,Pluie légère,Deux véhicules - côté,,,,,,,,,,,5,2,2,2,3
200700069019,0007-11-14 09:00:00,7,11,14,9,0,350,238,"106, VERN (DE)",,,Plein jour,En agglomération,Intersection en T,Normale,Deux véhicules - côté,,,,,,,,,,,1,2,3,1,3
200700069020,0007-11-14 20:45:00,7,11,14,20,45,350,238,"12/14, REDON (DE)",,,Nuit avec éclairage allumé,En agglomération,Hors intersection,Normale,Deux véhicules - côté,,,,,,,,,,,5,2,1,1,3
200700069021,0007-11-16 00:01:00,7,11,16,0,1,350,238,"00, STRASBOURG (BOULEVAR",,,Nuit avec éclairage allumé,En agglomération,Intersection en X,Normale,Deux véhicules - frontale,,,,,,,,,,,5,2,2,1,1
200700069022,0007-11-17 13:40:00,7,11,17,13,40,350,238,"00, ROPARTZ (GUY)",,,Plein jour,En agglomération,Intersection en X,Normale,Deux véhicules - côté,,,,,,,,,,,1,2,2,1,3
200700069023,0007-11-19 04:00:00,7,11,19,4,0,350,278,"00, RN 137",,,Nuit sans éclairage public,Hors agglomération,Hors intersection,Normale,Sans collision,,,,,,,,,,,3,1,1,1,7
200700069024,0007-11-19 05:15:00,7,11,19,5,15,350,278,"00, RN 137",,,Nuit sans éclairage public,Hors agglomération,Hors intersection,Normale,Autre collision,,,,,,,,,,,3,1,1,1,6
200700069025,0007-11-19 17:45:00,7,11,19,17,45,350,238,"83, CHATEAUGIRON (DE)",,,Nuit avec éclairage allumé,En agglomération,Intersection en X,Pluie légère,Autre collision,,,,,,,,,,,5,2,2,2,6
200700069026,0007-11-20 07:30:00,7,11,20,7,30,350,238,"00, MONTS D'ARREE (AVENU",,,Nuit avec éclairage allumé,En agglomération,Hors intersection,Pluie légère,Autre collision,,,,,,,,,,,5,2,1,2,6
200700069027,0007-11-20 11:55:00,7,11,20,11,55,350,238,"17, CAPITAINE ALFRED DRE",,,Plein jour,En agglomération,Hors intersection,Normale,Deux véhicules - arrière,,,,,,,,,,,1,2,1,1,2
200700069028,0007-11-20 19:05:00,7,11,20,19,5,350,278,"00, LA PECHARDRIE  (LIEU",,,Nuit sans éclairage public,En agglomération,Hors intersection,Pluie légère,Autre collision,,,,,,,,,,,3,2,1,2,6
200700069029,0007-11-21 14:40:00,7,11,21,14,40,350,238,"08, METZ (BD DE)",,,Plein jour,En agglomération,Hors intersection,Temps couvert,Deux véhicules - côté,,,,,,,,,,,1,2,1,8,3
200700069030,0007-11-22 12:20:00,7,11,22,12,20,350,238,"00, UKRAINE (ALLEE D')",,,Plein jour,En agglomération,Autre intersection,Temps couvert,Deux véhicules - côté,,,,,,,,,,,1,2,9,8,3
200700069031,0007-11-22 15:20:00,7,11,22,15,20,350,238,"00, STRASBOURG (BOULEVAR",,,Plein jour,En agglomération,Intersection en X,Temps couvert,Deux véhicules - côté,,,,,,,,,,,1,2,2,8,3
200700069032,0007-11-23 07:50:00,7,11,23,7,50,350,238,"00, PORTE DE BREQUIGNY",,,Plein jour,Hors agglomération,Autre intersection,Normale,Trois véhicules et plus - en chaîne,,,,,,,,,,,1,1,9,1,4
200700069033,0007-11-23 22:45:00,7,11,23,22,45,350,281,"00, MERMOZ (BOULEVARD JE",,,Nuit avec éclairage allumé,En agglomération,Autre intersection,Normale,Autre collision,,,,,,,,,,,5,2,9,1,6
200700069034,0007-11-25 20:55:00,7,11,25,20,55,350,238,"00, TILLON (AVENUE CHARL",,,Nuit avec éclairage allumé,En agglomération,Intersection en T,Normale,Deux véhicules - côté,,,,,,,,,,,5,2,3,1,3
200700069035,0007-11-26 12:35:00,7,11,26,12,35,350,238,"00, POLOGNE (AVENUE DE)",,,Plein jour,En agglomération,Giratoire,Normale,Deux véhicules - côté,,,,,,,,,,,1,2,6,1,3
200700069036,0007-11-26 18:00:00,7,11,26,18,0,350,238,"00, ROCADE 10-11",,,Nuit sans éclairage public,En agglomération,Hors intersection,Normale,Trois véhicules et plus - en chaîne,,,,,,,,,,,3,2,1,1,4
200700069037,0007-11-26 12:50:00,7,11,26,12,50,350,238,"00, VALLES (JULES)",,,Plein jour,En agglomération,Hors intersection,Normale,Autre collision,,,,,,,,,,,1,2,1,1,6
200700069038,0007-11-27 16:00:00,7,11,27,16,0,350,278,"00, RN 137",,,Plein jour,Hors agglomération,Hors intersection,Pluie légère,Autre collision,,,,,,,,,,,1,1,1,2,6
200700069039,0007-11-27 18:00:00,7,11,27,18,0,350,238,"00, LEGRAVEREND",,,Nuit avec éclairage allumé,En agglomération,Intersection en X,Pluie légère,Deux véhicules - côté,,,,,,,,,,,5,2,2,2,3
200700069040,0007-11-28 21:15:00,7,11,28,21,15,350,238,"00, ROOSEVELT (BD FRANKL",,,Nuit avec éclairage allumé,En agglomération,Intersection en X,Temps couvert,Deux véhicules - côté,,,,,,,,,,,5,2,2,8,3
200700069041,0007-11-29 09:35:00,7,11,29,9,35,350,238,"00, HOCHE (PLACE)",,,Plein jour,En agglomération,Place,Pluie légère,Sans collision,,,,,,,,,,,1,2,7,2,7
200700069042,0007-11-29 15:00:00,7,11,29,15,0,350,238,"00, ALMA (DE L')",,,Plein jour,En agglomération,Intersection en X,Pluie légère,Deux véhicules - côté,,,,,,,,,,,1,2,2,2,3
200700069043,0007-11-29 18:30:00,7,11,29,18,30,350,281,"00, RD 177",,,Crépuscule ou aube,Hors agglomération,Intersection en T,Normale,Deux véhicules - arrière,,,,,,,,,,,2,1,3,1,2
200700069044,0007-11-30 07:45:00,7,11,30,7,45,350,281,"312, NANTES (RUE DE)",,,Nuit avec éclairage allumé,En agglomération,Hors intersection,Normale,Autre collision,,,,,,,,,,,5,2,1,1,6
200700069045,0007-11-30 13:15:00,7,11,30,13,15,350,281,RD 837,,,Plein jour,Hors agglomération,Intersection en T,Normale,Deux véhicules - arrière,,,,,,,,,,,1,1,3,1,2
200700069046,0007-11-02 17:00:00,7,11,2,17,0,350,288,SAINT IDEUC  (RUE),,,Plein jour,En agglomération,Hors intersection,Normale,Autre collision,,,,,,,,,,,1,2,1,1,6
200700069047,0007-11-08 09:40:00,7,11,8,9,40,350,288,ANCIENS COMBATTANTS (RON,,,Plein jour,En agglomération,Hors intersection,Normale,Deux véhicules - arrière,,,,,,,,,,,1,2,1,1,2
200700069048,0007-11-11 21:00:00,7,11,11,21,0,350,288,BOTRELTHEODORE (BOULEVAR,,,Nuit avec éclairage allumé,En agglomération,Hors intersection,Pluie légère,Autre collision,,,,,,,,,,,5,2,1,2,6
200700069049,0007-11-14 17:00:00,7,11,14,17,0,350,288,"00, DEPORTES (BOULEVARD",,,Crépuscule ou aube,En agglomération,Intersection en X,Normale,Deux véhicules - côté,,,,,,,,,,,2,2,2,1,3
200700069050,0007-11-17 10:05:00,7,11,17,10,5,350,288,"00, FONTAINE AUX PELLERI",,,Plein jour,En agglomération,Giratoire,Temps éblouissant,Deux véhicules - arrière,,,,,,,,,,,1,2,6,7,2
200700069051,0007-11-15 08:00:00,7,11,15,8,0,350,288,BRIAND  ARISTIDE (AVENUE,,,Plein jour,En agglomération,Hors intersection,Normale,Deux véhicules - arrière,,,,,,,,,,,1,2,1,1,2
200700069052,0007-11-17 22:20:00,7,11,17,22,20,350,288,"000, SAINT VINCENT (PORT",,,Nuit avec éclairage allumé,En agglomération,Giratoire,Normale,Sans collision,,,,,,,,,,,5,2,6,1,7
200700069053,0007-11-22 16:50:00,7,11,22,16,50,350,288,D2,,,Plein jour,En agglomération,Intersection en X,Normale,Deux véhicules - côté,,,,,,,,,,,1,2,2,1,3
200700069054,0007-11-24 17:30:00,7,11,24,17,30,350,288,ROULAIS (PLACE DE LA ),,,Nuit avec éclairage allumé,En agglomération,Hors intersection,Normale,Deux véhicules - arrière,,,,,,,,,,,5,2,1,1,2
200700069055,0007-11-23 07:55:00,7,11,23,7,55,360,44,"0, RN 20 AV DE VERDUN -",,,Plein jour,En agglomération,Hors intersection,Pluie forte,Autre collision,,,,,,,,,,,1,2,1,3,6
200700069056,0007-11-30 09:35:00,7,11,30,9,35,360,44,CHARMILLES (BD DES),,,Plein jour,En agglomération,Intersection en X,Temps couvert,Sans collision,,,,,,,,,,,1,2,2,8,7
200700069057,0007-11-21 09:48:00,7,11,21,9,48,360,44,BRENNE (ROND POINT DE LA,,,Plein jour,En agglomération,Giratoire,Pluie légère,Deux véhicules - côté,,,,,,,,,,,1,2,6,2,3
200700069058,0007-11-05 16:50:00,7,11,5,16,50,360,44,"1, SALLES (DE)",,,Plein jour,En agglomération,Intersection en T,Normale,Deux véhicules - côté,,,,,,,,,,,1,2,3,1,3
200700069059,0007-11-02 11:51:00,7,11,2,11,51,360,63,CHAMPS BOUILLONS (CH DES,,,Plein jour,Hors agglomération,Intersection en T,Temps couvert,Deux véhicules - côté,,,,,,,,,,,1,1,3,8,3
200700069060,0007-11-03 21:00:00,7,11,3,21,0,360,44,"0, CHATRE (AV DE LA) DU",,,Nuit avec éclairage allumé,En agglomération,Intersection en X,Temps couvert,Deux véhicules - côté,,,,,,,,,,,5,2,2,8,3
200700069061,0007-11-10 18:10:00,7,11,10,18,10,360,44,"35, POSTE (DE LA)",,,Nuit avec éclairage allumé,En agglomération,Hors intersection,Temps couvert,Deux véhicules - arrière,,,,,,,,,,,5,2,1,8,2
200700069062,0007-11-12 07:36:00,7,11,12,7,36,360,44,"1, BOURGOGNE (DE)",,,Crépuscule ou aube,En agglomération,Intersection en X,Normale,Deux véhicules - côté,,,,,,,,,,,2,2,2,1,3
200700069063,0007-11-13 09:20:00,7,11,13,9,20,360,44,"0, CHATRE (AV DE LA) DU",,,Plein jour,En agglomération,Hors intersection,Normale,Deux véhicules - arrière,,,,,,,,,,,1,2,1,1,2
200700069064,0007-11-19 07:51:00,7,11,19,7,51,360,44,PONT NEUF (AV DU),,,Nuit avec éclairage allumé,En agglomération,Intersection en T,Pluie légère,Trois véhicules et plus - collisions multiples,,,,,,,,,,,5,2,3,2,5
200700069065,0007-11-20 12:25:00,7,11,20,12,25,360,44,CANTRELLE (PONT),,,Plein jour,En agglomération,Intersection en X,Pluie légère,Sans collision,,,,,,,,,,,1,2,2,2,7
200700069066,0007-11-22 10:14:00,7,11,22,10,14,360,44,"1, BLOIS (AV DE)",,,Plein jour,En agglomération,Hors intersection,Normale,Deux véhicules - arrière,,,,,,,,,,,1,2,1,1,2
200700069067,0007-11-22 19:20:00,7,11,22,19,20,360,44,CHATELLERAULT (DE),,,Nuit avec éclairage allumé,En agglomération,Intersection en T,Normale,Deux véhicules - côté,,,,,,,,,,,5,2,3,1,3
200700069068,0007-11-23 07:30:00,7,11,23,7,30,360,44,PASCAL (BD BLAISE),,,Plein jour,En agglomération,Hors intersection,Pluie légère,Deux véhicules - côté,,,,,,,,,,,1,2,1,2,3
200700069069,0007-11-24 10:06:00,7,11,24,10,6,360,44,RIVE (DE BELLE),,,Plein jour,En agglomération,Hors intersection,Normale,Deux véhicules - côté,,,,,,,,,,,1,2,1,1,3
200700069070,0007-11-25 21:00:00,7,11,25,21,0,360,44,"182, KENNEDY (AV JOHN)",,,Plein jour,En agglomération,Hors intersection,Temps couvert,Deux véhicules - frontale,,,,,,,,,,,1,2,1,8,1
200700069071,0007-11-26 08:00:00,7,11,26,8,0,360,44,"0, ROUTE DEPARTEMENTALE",,,Crépuscule ou aube,Hors agglomération,Hors intersection,Temps couvert,Deux véhicules - côté,,,,,,,,,,,2,1,1,8,3
200700069072,0007-11-30 23:00:00,7,11,30,23,0,360,44,"0, BAUDELAIRE (ALL)",,,Nuit avec éclairage allumé,En agglomération,Hors intersection,Temps couvert,Sans collision,,,,,,,,,,,5,2,1,8,7
200700069073,0007-11-15 11:05:00,7,11,15,11,5,360,44,"1, BRELAY (CH RURAL DIT",,,Plein jour,En agglomération,Intersection en T,Normale,Deux véhicules - côté,,,,,,,,,,,1,2,3,1,3
200700069074,0007-11-09 23:55:00,7,11,9,23,55,370,261,SAINT SAUVEUR (PONT),,,Nuit avec éclairage allumé,En agglomération,Giratoire,Normale,Deux véhicules - côté,,,,,,,,,,,5,2,6,1,3
200700069075,0007-11-10 03:00:00,7,11,10,3,0,370,261,ENTRAIGUES (RUE D'),,,Nuit avec éclairage allumé,En agglomération,Hors intersection,Normale,Deux véhicules - côté,,,,,,,,,,,5,2,1,1,3
200700069076,0007-11-14 18:05:00,7,11,14,18,5,370,261,"50, TRANCHEE (AVENUE DE",,,Nuit avec éclairage allumé,En agglomération,Hors intersection,Temps couvert,Deux véhicules - côté,,,,,,,,,,,5,2,1,8,3
200700069077,0007-11-14 15:00:00,7,11,14,15,0,370,261,PARCAY (RUE DE),,,Plein jour,En agglomération,Hors intersection,Pluie légère,Deux véhicules - frontale,,,,,,,,,,,1,2,1,2,1
200700069078,0007-11-16 12:25:00,7,11,16,12,25,370,122,LAVOISIER (RUE),,,Plein jour,En agglomération,Hors intersection,Normale,Deux véhicules - arrière,,,,,,,,,,,1,2,1,1,2
200700069079,0007-11-28 08:55:00,7,11,28,8,55,370,261,DIOCLES (RUE LOUIS),,,Plein jour,En agglomération,Intersection en X,Normale,Autre collision,,,,,,,,,,,1,2,2,1,6
200700069080,0007-11-17 16:06:00,7,11,17,16,6,370,233,PORCHER (RUE LINE),,,Plein jour,En agglomération,Intersection en X,Normale,Deux véhicules - côté,,,,,,,,,,,1,2,2,1,3
200700069081,0007-11-24 12:37:00,7,11,24,12,37,370,195,LOIRE (LEVEE DE LA),,,Plein jour,Hors agglomération,Intersection en T,Pluie légère,Deux véhicules - côté,,,,,,,,,,,1,1,3,2,3
200700069082,0007-11-28 15:00:00,7,11,28,15,0,370,261,", REPUBLIQUE (AVENUE DE",,,Plein jour,En agglomération,Intersection en T,Normale,Deux véhicules - arrière,,,,,,,,,,,1,2,3,1,2
200700069083,0007-11-23 17:59:00,7,11,23,17,59,370,261,DELAROCHE (RUE),,,Crépuscule ou aube,En agglomération,Intersection en T,Normale,Deux véhicules - côté,,,,,,,,,,,2,2,3,1,3
200700069084,0007-11-24 08:25:00,7,11,24,8,25,370,261,WILSON (PONT),,,Plein jour,En agglomération,Hors intersection,Normale,Deux véhicules - côté,,,,,,,,,,,1,2,1,1,3
200700069085,0007-11-23 17:55:00,7,11,23,17,55,370,261,DUBLINEAU (RUE),,,Nuit avec éclairage allumé,En agglomération,Intersection en X,Pluie légère,Autre collision,,,,,,,,,,,5,2,2,2,6
200700069086,0007-11-19 18:25:00,7,11,19,18,25,370,261,"146, MAGINOT (AV. ANDRE)",,,Nuit avec éclairage allumé,En agglomération,Hors intersection,Pluie légère,Deux véhicules - côté,,,,,,,,,,,5,2,1,2,3
200700069087,0007-11-20 12:00:00,7,11,20,12,0,370,261,PORTILLON (QUAI DE),,,Plein jour,En agglomération,Intersection en T,Normale,Deux véhicules - arrière,,,,,,,,,,,1,2,3,1,2
200700069088,0007-11-20 09:35:00,7,11,20,9,35,370,261,GANCE (BOULEVARD ABEL),,,Plein jour,En agglomération,Giratoire,Pluie légère,Deux véhicules - côté,,,,,,,,,,,1,2,6,2,3
200700069089,0007-11-26 08:00:00,7,11,26,8,0,370,122,"49, CHINON (BOULEVARD DE",,,Plein jour,En agglomération,Hors intersection,Normale,Trois véhicules et plus - collisions multiples,,,,,,,,,,,1,2,1,1,5
200700069090,0007-11-20 13:10:00,7,11,20,13,10,380,53,LIBERATION,,,Plein jour,En agglomération,Intersection en T,Normale,Deux véhicules - côté,,,,,,,,,,,1,2,3,1,3
200700069091,0007-11-30 15:15:00,7,11,30,15,15,380,53,LUMIERE,,,Plein jour,En agglomération,Hors intersection,Normale,Autre collision,,,,,,,,,,,1,2,1,1,6
200700069092,0007-11-02 12:00:00,7,11,2,12,0,380,185,"28, JEAN JAURES (COURS)",,,Plein jour,En agglomération,Hors intersection,Normale,Autre collision,,,,,,,,,,,1,2,1,1,6
200700069093,0007-11-02 15:30:00,7,11,2,15,30,380,185,"189, LIBERATION ET DU GE",,,Plein jour,En agglomération,Hors intersection,Normale,Deux véhicules - côté,,,,,,,,,,,1,2,1,1,3
200700069094,0007-11-02 16:00:00,7,11,2,16,0,380,185,"161, LIBERATION ET DU GE",,,Plein jour,En agglomération,Hors intersection,Normale,Deux véhicules - côté,,,,,,,,,,,1,2,1,1,3
200700069095,0007-11-03 17:30:00,7,11,3,17,30,380,185,"00, CLAUDE BROSSE (QUAI)",,,Crépuscule ou aube,En agglomération,Hors intersection,Normale,Deux véhicules - côté,,,,,,,,,,,2,2,1,1,3
200700069096,0007-11-03 19:00:00,7,11,3,19,0,380,185,"00, PASTEUR (PLACE)",,,Nuit avec éclairage allumé,En agglomération,Hors intersection,Normale,Autre collision,,,,,,,,,,,5,2,1,1,6
200700069097,0007-11-06 21:30:00,7,11,6,21,30,380,185,"00, RONDEAU (LE)",,,Nuit avec éclairage allumé,En agglomération,Hors intersection,Normale,Deux véhicules - côté,,,,,,,,,,,5,2,1,1,3
200700069098,0007-11-07 09:40:00,7,11,7,9,40,380,185,"26, CLAUDE GENIN (RUE)",,,Plein jour,En agglomération,Hors intersection,Normale,Autre collision,,,,,,,,,,,1,2,1,1,6
200700069099,0007-11-07 12:20:00,7,11,7,12,20,380,421,"00, HUIT MAI 45 (AVENUE",,,Plein jour,En agglomération,Hors intersection,Normale,Autre collision,,,,,,,,,,,1,2,1,1,6
200700069100,0007-11-07 20:00:00,7,11,7,20,0,380,185,"0, GABRIEL PERI (RUE)",,,Nuit avec éclairage allumé,En agglomération,Hors intersection,Normale,Deux véhicules - côté,,,,,,,,,,,5,2,1,1,3
200700069101,0007-11-08 18:10:00,7,11,8,18,10,380,185,"0, ALBERT REYNIER (RUE)",,,Plein jour,En agglomération,Hors intersection,Normale,Deux véhicules - côté,,,,,,,,,,,1,2,1,1,3
200700069102,0007-11-08 20:30:00,7,11,8,20,30,380,185,"00, MARECHAL FOCH (BOULE",,,Nuit avec éclairage allumé,En agglomération,Hors intersection,Normale,Deux véhicules - côté,,,,,,,,,,,5,2,1,1,3
200700069103,0007-11-10 20:40:00,7,11,10,20,40,380,516,"00, VERDUN (AV. DE)OUEST",,,Nuit avec éclairage allumé,En agglomération,Hors intersection,Normale,Deux véhicules - arrière,,,,,,,,,,,5,2,1,1,2
200700069104,0007-11-12 16:55:00,7,11,12,16,55,380,421,"00, WEIL (AVENUE DOYEN L",,,Plein jour,En agglomération,Hors intersection,Normale,Deux véhicules - côté,,,,,,,,,,,1,2,1,1,3
200700069105,0007-11-13 16:15:00,7,11,13,16,15,380,185,LIBERATION ET DU GENERAL,,,Plein jour,En agglomération,Hors intersection,Normale,Deux véhicules - côté,,,,,,,,,,,1,2,1,1,3
200700069106,0007-11-14 22:00:00,7,11,14,22,0,380,185,JEAN PAIN (BOULEVARD),,,Nuit avec éclairage allumé,En agglomération,Hors intersection,Pluie forte,Deux véhicules - côté,,,,,,,,,,,5,2,1,3,3
200700069107,0007-11-15 10:24:00,7,11,15,10,24,380,185,"61, MARECHAL FOCH (BOULE",,,Plein jour,En agglomération,Hors intersection,Pluie légère,Deux véhicules - arrière,,,,,,,,,,,1,2,1,2,2
200700069108,0007-11-15 16:40:00,7,11,15,16,40,380,185,"00, JOSEPH VALLIER (BOUL",,,Plein jour,En agglomération,Hors intersection,Neige / grêle,Autre collision,,,,,,,,,,,1,2,1,4,6
200700069109,0007-11-17 10:30:00,7,11,17,10,30,380,179,"74, LIBERATION (RUE DE L",,,Plein jour,En agglomération,Hors intersection,Normale,Autre collision,,,,,,,,,,,1,2,1,1,6
200700069110,0007-11-17 18:10:00,7,11,17,18,10,380,421,ROCADE SUD,,,Nuit sans éclairage public,Hors agglomération,Hors intersection,Normale,Trois véhicules et plus - en chaîne,,,,,,,,,,,3,1,1,1,4
200700069111,0007-11-19 10:45:00,7,11,19,10,45,380,151,"10, PELLOUTIER (RUE F.)",,,Plein jour,En agglomération,Hors intersection,Normale,Deux véhicules - arrière,,,,,,,,,,,1,2,1,1,2
200700069112,0007-11-19 19:30:00,7,11,19,19,30,380,421,"00, BEYLIER (RUE C.)",,,Nuit avec éclairage allumé,En agglomération,Intersection en X,Normale,Deux véhicules - côté,,,,,,,,,,,5,2,2,1,3
200700069113,0007-11-21 06:45:00,7,11,21,6,45,380,185,"00, MARIE REYNOARD (AVEN",,,Nuit avec éclairage allumé,En agglomération,Hors intersection,Pluie légère,Autre collision,,,,,,,,,,,5,2,1,2,6
200700069114,0007-11-21 07:30:00,7,11,21,7,30,380,185,"00, JEAN PAIN (BOULEVARD",,,Nuit avec éclairage non allumé,En agglomération,Hors intersection,Pluie légère,Deux véhicules - côté,,,,,,,,,,,4,2,1,2,3
200700069115,0007-11-21 10:20:00,7,11,21,10,20,380,185,"38, MARECHAL FOCH (BOULE",,,Plein jour,En agglomération,Hors intersection,Normale,Trois véhicules et plus - en chaîne,,,,,,,,,,,1,2,1,1,4
200700069116,0007-11-22 19:25:00,7,11,22,19,25,380,185,"00, MALAKOFF (RUE)",,,Nuit avec éclairage allumé,En agglomération,Hors intersection,Pluie forte,Trois véhicules et plus - en chaîne,,,,,,,,,,,5,2,1,3,4
200700069117,0007-11-23 11:10:00,7,11,23,11,10,380,423,A.48 (AUTOROUTE),,,Plein jour,Hors agglomération,Hors intersection,Pluie légère,Sans collision,,,,,,,,,,,1,1,1,2,7
200700069118,0007-11-23 15:30:00,7,11,23,15,30,380,185,"73, LIBERATION ET DU GEN",,,Plein jour,En agglomération,Hors intersection,Normale,Trois véhicules et plus - en chaîne,,,,,,,,,,,1,2,1,1,4
200700069119,0007-11-24 16:25:00,7,11,24,16,25,380,421,"00, JAURES (AVENUE J.) S",,,Plein jour,En agglomération,Hors intersection,Normale,Deux véhicules - côté,,,,,,,,,,,1,2,1,1,3
200700069120,0007-11-24 17:30:00,7,11,24,17,30,380,516,VERDUN (AV. DE)OUEST PAS,,,Nuit avec éclairage allumé,En agglomération,Intersection en X,Pluie légère,Autre collision,,,,,,,,,,,5,2,2,2,6
200700069121,0007-11-26 19:30:00,7,11,26,19,30,380,151,"0, DIDIER (RUE G.)",,,Nuit avec éclairage allumé,En agglomération,Hors intersection,Normale,Deux véhicules - frontale,,,,,,,,,,,5,2,1,1,1
200700069122,0007-11-27 09:45:00,7,11,27,9,45,380,185,"00, JOSEPH REY (RUE)",,,Plein jour,En agglomération,Intersection en T,Normale,Autre collision,,,,,,,,,,,1,2,3,1,6
200700069123,0007-11-27 18:10:00,7,11,27,18,10,380,185,"00, SAINT ROCH (AVENUE)",,,Nuit avec éclairage allumé,En agglomération,Hors intersection,Normale,Autre collision,,,,,,,,,,,5,2,1,1,6
200700069124,0007-11-29 09:15:00,7,11,29,9,15,380,185,"00, JEAN JAURES (COURS)",,,Plein jour,En agglomération,Hors intersection,Normale,Deux véhicules - côté,,,,,,,,,,,1,2,1,1,3
200700069125,0007-11-29 10:00:00,7,11,29,10,0,380,185,AUTOROUTE A 480,,,Plein jour,Hors agglomération,Hors intersection,Normale,Deux véhicules - arrière,,,,,,,,,,,1,1,1,1,2
200700069126,0007-11-29 11:35:00,7,11,29,11,35,380,421,"141, PISCINE (RUE DE LA)",,,Plein jour,En agglomération,Hors intersection,Normale,Deux véhicules - côté,,,,,,,,,,,1,2,1,1,3
200700069127,0007-11-29 18:15:00,7,11,29,18,15,380,151,"00, JAURES (COURS J. 1 A",,,Nuit avec éclairage allumé,En agglomération,Hors intersection,Normale,Deux véhicules - côté,,,,,,,,,,,5,2,1,1,3
200700069128,0007-11-17 21:42:00,7,11,17,21,42,380,544,"0, LEVEAU(ROUTE DE)",,,Nuit avec éclairage allumé,Hors agglomération,Hors intersection,Normale,Autre collision,,,,,,,,,,,5,1,1,1,6
200700069129,0007-11-23 18:35:00,7,11,23,18,35,380,544,"04, CANCANNE(ROUTE DE)",,,Nuit avec éclairage allumé,En agglomération,Hors intersection,Normale,Deux véhicules - côté,,,,,,,,,,,5,2,1,1,3
200700069130,0007-11-22 10:30:00,7,11,22,10,30,380,563,BRUNERIE (AVENUE DE LA),,,Plein jour,En agglomération,Intersection en X,Pluie légère,Deux véhicules - côté,,,,,,,,,,,1,2,2,2,3
200700069131,0007-11-06 15:10:00,7,11,6,15,10,390,198,"0, GREVY (PLACE JULES)",,,Plein jour,En agglomération,Hors intersection,Normale,Autre collision,,,,,,,,,,,1,2,1,1,6
200700069132,0007-11-26 17:15:00,7,11,26,17,15,390,198,"0, SOUS PREFECTURE (PLAC",,,Nuit avec éclairage allumé,En agglomération,Hors intersection,Normale,Autre collision,,,,,,,,,,,5,2,1,1,6
200700069133,0007-11-27 17:40:00,7,11,27,17,40,390,198,"0, LOMBARD (RUE CLAUDE)",,,Nuit avec éclairage non allumé,En agglomération,Hors intersection,Normale,Autre collision,,,,,,,,,,,4,2,1,1,6
200700069134,0007-11-30 05:50:00,7,11,30,5,50,390,198,RD 905  (DE ZONE COMM CH,,,Nuit sans éclairage public,Hors agglomération,Hors intersection,Normale,Autre collision,,,,,,,,,,,3,1,1,1,6
200700069135,0007-11-14 14:00:00,7,11,14,14,0,400,88,"13, TORTE (ROUTE DE LA)",,,Plein jour,En agglomération,Hors intersection,Normale,Sans collision,,,,,,,,,,,1,2,1,1,7
200700069136,0007-11-15 16:00:00,7,11,15,16,0,400,88,ENCEINTE CENTRE HOSPITAL,,,Plein jour,En agglomération,Hors intersection,Normale,Sans collision,,,,,,,,,,,1,2,1,1,7
200700069137,0007-11-16 14:00:00,7,11,16,14,0,400,88,NUNGESSER ET COLI (AVENU,,,Plein jour,En agglomération,Hors intersection,Normale,Deux véhicules - côté,,,,,,,,,,,1,2,1,1,3
200700069138,0007-11-17 12:45:00,7,11,17,12,45,400,192,"1172, VILLENEUVE (AV DE)",,,Plein jour,En agglomération,Hors intersection,Normale,Deux véhicules - arrière,,,,,,,,,,,1,2,1,1,2
200700069139,0007-11-21 10:20:00,7,11,21,10,20,400,192,HOUGA (AV DU),,,Plein jour,En agglomération,Intersection en T,Normale,Deux véhicules - arrière,,,,,,,,,,,1,2,3,1,2
200700069140,0007-11-03 11:32:00,7,11,3,11,32,410,212,CHATEAU RUE DU),,,Plein jour,En agglomération,Hors intersection,Pluie légère,Sans collision,,,,,,,,,,,1,2,1,2,7
200700069141,0007-11-11 15:30:00,7,11,11,15,30,410,18,WILSON (AVENUE DU PRESID,,,Plein jour,En agglomération,Hors intersection,Normale,Deux véhicules - côté,,,,,,,,,,,1,2,1,1,3
200700069142,0007-11-12 08:00:00,7,11,12,8,0,410,18,CHAILLES AUX GRANDS REAG,,,Crépuscule ou aube,En agglomération,Hors intersection,Normale,Sans collision,,,,,,,,,,,2,2,1,1,7
200700069143,0007-11-20 09:15:00,7,11,20,9,15,410,18,MARE (RUE DE LA),,,Plein jour,En agglomération,Hors intersection,Pluie légère,Deux véhicules - arrière,,,,,,,,,,,1,2,1,2,2
200700069144,0007-11-21 08:00:00,7,11,21,8,0,410,212,"68, NATIONALE (ROUTE)",,,Crépuscule ou aube,En agglomération,Hors intersection,Normale,Autre collision,,,,,,,,,,,2,2,1,1,6
200700069145,0007-11-23 11:00:00,7,11,23,11,0,410,18,"61, BEGON (RUE MICHEL)",,,Plein jour,En agglomération,Hors intersection,Pluie légère,Deux véhicules - frontale,,,,,,,,,,,1,2,1,2,1
200700069146,0007-11-26 16:46:00,7,11,26,16,46,410,47,N152,,,Crépuscule ou aube,En agglomération,Intersection en X,Normale,Deux véhicules - côté,,,,,,,,,,,2,2,2,1,3