accident_id,datetime,annee,mois,jour,heure,minute,departement,commune_insee,adresse,latitude,longitude,luminosite,agglomeration,intersection,meteo,collision,nb_vehicules,nb_usagers,nb_indemnes,nb_tues,nb_blesses_hosp,nb_blesses_legers,age_cond_1,age_cond_2,veh_type_cond_1,veh_type_cond_2,lum_code,agg_code,int_code,atm_code,col_code
200700069147,0007-11-26 16:51:00,7,11,26,16,51,410,18,CROIX-ROUGE (RUE DE LA),,,Plein jour,En agglomération,Hors intersection,Pluie légère,Deux véhicules - côté,,,,,,,,,,,1,2,1,2,3
200700069148,0007-11-23 18:20:00,7,11,23,18,20,410,18,RD200,,,Nuit sans éclairage public,En agglomération,Hors intersection,Pluie légère,Trois véhicules et plus - en chaîne,,,,,,,,,,,3,2,1,2,4
200700069149,0007-11-27 15:43:00,7,11,27,15,43,410,18,BOURG NEUF (RUE DU),,,Plein jour,En agglomération,Intersection en T,Normale,Deux véhicules - côté,,,,,,,,,,,1,2,3,1,3
200700069150,0007-11-29 14:00:00,7,11,29,14,0,410,18,RN 252,,,Plein jour,En agglomération,Hors intersection,Normale,Deux véhicules - côté,,,,,,,,,,,1,2,1,1,3
200700069151,0007-11-30 07:30:00,7,11,30,7,30,410,18,JUDES (RUE DU COMMANDANT,,,Nuit avec éclairage allumé,En agglomération,Intersection en X,Temps couvert,Deux véhicules - côté,,,,,,,,,,,5,2,2,8,3
200700069152,0007-11-04 19:05:00,7,11,4,19,5,410,194,"46, BLOIS (AVENUE)",,,Nuit avec éclairage allumé,En agglomération,Giratoire,Normale,Deux véhicules - côté,,,,,,,,,,,5,2,6,1,3
200700069153,0007-11-17 03:50:00,7,11,17,3,50,410,194,2 SEPTEMBRE (ALLEE DU),,,Nuit avec éclairage allumé,En agglomération,Hors intersection,Normale,Autre collision,,,,,,,,,,,5,2,1,1,6
200700069154,0007-11-02 10:55:00,7,11,2,10,55,420,44,RD 88,41.23456,3.45699,Plein jour,En agglomération,Giratoire,Normale,Deux véhicules - côté,,,,,,,,,,,1,2,6,1,3
200700069155,0007-11-04 13:00:00,7,11,4,13,0,420,95,CD 500,,,Plein jour,Hors agglomération,Hors intersection,Pluie légère,Autre collision,,,,,,,,,,,1,1,1,2,6
200700069156,0007-11-09 14:00:00,7,11,9,14,0,420,44,RD 88,41.23456,3.45699,Plein jour,En agglomération,Hors intersection,Normale,Deux véhicules - arrière,,,,,,,,,,,1,2,1,1,2
200700069157,0007-11-14 12:20:00,7,11,14,12,20,420,99,"1, JOLIOT CURIE (RUE IRE",41.23456,3.45699,Plein jour,En agglomération,Hors intersection,Pluie légère,Deux véhicules - frontale,,,,,,,,,,,1,2,1,2,1
200700069158,0007-11-15 19:25:00,7,11,15,19,25,420,299,D496,,,Nuit sans éclairage public,Hors agglomération,Hors intersection,Autre,Deux véhicules - frontale,,,,,,,,,,,3,1,1,9,1
200700069159,0007-11-25 18:45:00,7,11,25,18,45,420,147,THERMALE (AVENUE),,,Nuit avec éclairage allumé,En agglomération,Hors intersection,Normale,Deux véhicules - frontale,,,,,,,,,,,5,2,1,1,1
200700069160,0007-11-27 12:55:00,7,11,27,12,55,420,186,"10, COUZON RUE VALLEE DE",,,Plein jour,En agglomération,Hors intersection,Temps éblouissant,Autre collision,,,,,,,,,,,1,2,1,7,6
200700069161,0007-11-01 21:05:00,7,11,1,21,5,420,187,"31, SAINT-ALBAN (RUE DE",,,Nuit avec éclairage allumé,En agglomération,Hors intersection,Normale,Deux véhicules - arrière,,,,,,,,,,,5,2,1,1,2
200700069162,0007-11-02 17:00:00,7,11,2,17,0,420,187,"20, MARENGO (RUE)",,,Plein jour,En agglomération,Hors intersection,Normale,Deux véhicules - arrière,,,,,,,,,,,1,2,1,1,2
200700069163,0007-11-05 21:45:00,7,11,5,21,45,420,187,"20, CLEMENT (BOULEVARD J",,,Nuit avec éclairage allumé,En agglomération,Intersection en X,Normale,Deux véhicules - côté,,,,,,,,,,,5,2,2,1,3
200700069164,0007-11-06 10:00:00,7,11,6,10,0,420,127,Route nationale 7,,,Plein jour,En agglomération,Giratoire,Normale,Deux véhicules - côté,,,,,,,,,,,1,2,6,1,3
200700069165,0007-11-13 17:00:00,7,11,13,17,0,420,187,"10, SULLY (RUE)",,,Plein jour,En agglomération,Hors intersection,Normale,Deux véhicules - arrière,,,,,,,,,,,1,2,1,1,2
200700069166,0007-11-09 15:30:00,7,11,9,15,30,420,187,"9, RAFFIN (RUE ALEXANDRE",,,Plein jour,En agglomération,Hors intersection,Normale,Autre collision,,,,,,,,,,,1,2,1,1,6
200700069167,0007-11-18 20:25:00,7,11,18,20,25,420,187,"30, BELGIQUE (BOULEVARD",,,Plein jour,En agglomération,Hors intersection,Normale,Autre collision,,,,,,,,,,,1,2,1,1,6
200700069168,0007-11-20 17:20:00,7,11,20,17,20,420,187,"15, BARON DU MARAIS (BOU",,,Nuit avec éclairage allumé,En agglomération,Hors intersection,Normale,Autre collision,,,,,,,,,,,5,2,1,1,6
200700069169,0007-11-22 12:10:00,7,11,22,12,10,420,187,"20, RABELAIS (RUE FRANCO",,,Plein jour,En agglomération,Intersection en X,Pluie légère,Deux véhicules - côté,,,,,,,,,,,1,2,2,2,3
200700069170,0007-11-27 15:10:00,7,11,27,15,10,420,187,"20, VILLEMONTAIS (RUE DE",,,Plein jour,En agglomération,Intersection en X,Normale,Deux véhicules - frontale,,,,,,,,,,,1,2,2,1,1
200700069171,0007-11-27 15:50:00,7,11,27,15,50,420,187,"20, PARIS (AVENUE DE)",,,Plein jour,En agglomération,Hors intersection,Normale,Trois véhicules et plus - en chaîne,,,,,,,,,,,1,2,1,1,4
200700069172,0007-11-27 17:45:00,7,11,27,17,45,420,71,"20, DE GAULLE (BOULEVARD",,,Nuit avec éclairage allumé,En agglomération,Hors intersection,Normale,Trois véhicules et plus - en chaîne,,,,,,,,,,,5,2,1,1,4
200700069173,0007-11-27 17:00:00,7,11,27,17,0,420,187,"20, SAINT-ALBAN (RUE DE",,,Crépuscule ou aube,En agglomération,Intersection en T,Normale,Deux véhicules - côté,,,,,,,,,,,2,2,3,1,3
200700069174,0007-11-30 18:20:00,7,11,30,18,20,420,187,"20, MACE (RUE JEAN)",,,Nuit avec éclairage allumé,En agglomération,Intersection en X,Normale,Autre collision,,,,,,,,,,,5,2,2,1,6
200700069175,0007-11-30 18:56:00,7,11,30,18,56,420,127,"20, MUSSET  RD 207 (AVEN",,,Nuit sans éclairage public,En agglomération,Intersection en T,Normale,Deux véhicules - côté,,,,,,,,,,,3,2,3,1,3
200700069176,0007-11-14 06:15:00,7,11,14,6,15,420,207,"54, LANGONNAND  ROUTE DE",,,Nuit avec éclairage allumé,En agglomération,Hors intersection,Pluie légère,Trois véhicules et plus - collisions multiples,,,,,,,,,,,5,2,1,2,5
200700069177,0007-11-16 18:00:00,7,11,16,18,0,420,207,LES PLANCHES LIEU DIT,,,Nuit sans éclairage public,Hors agglomération,Hors intersection,Normale,Deux véhicules - frontale,,,,,,,,,,,3,1,1,1,1
200700069178,0007-11-05 08:30:00,7,11,5,8,30,420,218,FAURIEL (COURS),,,Plein jour,En agglomération,Intersection en T,Normale,Deux véhicules - côté,,,,,,,,,,,1,2,3,1,3
200700069179,0007-11-05 13:11:00,7,11,5,13,11,420,218,DURAFOUR ANTOINE A PARTI,,,Plein jour,En agglomération,Hors intersection,Pluie légère,Autre collision,,,,,,,,,,,1,2,1,2,6
200700069180,0007-11-06 16:00:00,7,11,6,16,0,420,275,RAIMOND (AVENUE ALBERT),,,Plein jour,En agglomération,Hors intersection,Normale,Autre collision,,,,,,,,,,,1,2,1,1,6
200700069181,0007-11-06 19:30:00,7,11,6,19,30,420,218,"1, DESTRE DOCTEUR LOUIS",,,Nuit avec éclairage allumé,En agglomération,Intersection en T,Normale,Deux véhicules - côté,,,,,,,,,,,5,2,3,1,3
200700069182,0007-11-06 22:45:00,7,11,6,22,45,420,330,MARTHOUREY,,,Nuit avec éclairage allumé,En agglomération,Intersection en T,Normale,Deux véhicules - côté,,,,,,,,,,,5,2,3,1,3
200700069183,0007-11-07 10:40:00,7,11,7,10,40,420,218,ONZE NOVEMBRE A PARTIR N,,,Plein jour,En agglomération,Intersection en T,Normale,Autre collision,,,,,,,,,,,1,2,3,1,6
200700069184,0007-11-07 14:10:00,7,11,7,14,10,420,218,"30, THIERRY AUGUSTIN (BD",,,Plein jour,En agglomération,Intersection en X,Normale,Deux véhicules - arrière,,,,,,,,,,,1,2,2,1,2
200700069185,0007-11-07 16:20:00,7,11,7,16,20,420,189,"9, RAMEAU",,,Plein jour,En agglomération,Hors intersection,Normale,Deux véhicules - frontale,,,,,,,,,,,1,2,1,1,1
200700069186,0007-11-08 07:00:00,7,11,8,7,0,420,218,DOUTRE REMY,,,Nuit avec éclairage allumé,En agglomération,Intersection en T,Normale,Deux véhicules - côté,,,,,,,,,,,5,2,3,1,3
200700069187,0007-11-09 20:22:00,7,11,9,20,22,420,218,"0000140, DURAFOUR ANTOIN",,,Nuit avec éclairage allumé,En agglomération,Intersection en X,Normale,Deux véhicules - côté,,,,,,,,,,,5,2,2,1,3
200700069188,0007-11-12 12:30:00,7,11,12,12,30,420,218,"2, LASSAIGNE FAURIEL 1 E",,,Plein jour,En agglomération,Hors intersection,Normale,Autre collision,,,,,,,,,,,1,2,1,1,6
200700069189,0007-11-12 17:20:00,7,11,12,17,20,420,218,"sans, MITTERAND FRANCOIS",45.2806,4.225,Crépuscule ou aube,En agglomération,Hors intersection,Normale,Autre collision,,,,,,,,,,,2,2,1,1,6
200700069190,0007-11-15 09:31:00,7,11,15,9,31,420,189,ROCADE OUEST,,,Plein jour,Hors agglomération,Hors intersection,Temps couvert,Trois véhicules et plus - en chaîne,,,,,,,,,,,1,1,1,8,4
200700069191,0007-11-15 11:08:00,7,11,15,11,8,420,218,"140, FAURIEL (COURS)",,,Plein jour,En agglomération,Hors intersection,Neige / grêle,Trois véhicules et plus - en chaîne,,,,,,,,,,,1,2,1,4,4
200700069192,0007-11-19 13:25:00,7,11,19,13,25,420,218,NELTNER LOUIS (BOULEVARD,,,Plein jour,En agglomération,Intersection en X,Normale,Deux véhicules - côté,,,,,,,,,,,1,2,2,1,3
200700069193,0007-11-19 14:30:00,7,11,19,14,30,420,189,"33, PASTEUR",,,Plein jour,En agglomération,Hors intersection,Normale,Autre collision,,,,,,,,,,,1,2,1,1,6
200700069194,0007-11-19 22:50:00,7,11,19,22,50,420,218,"51, VIVARAIZE (DE LA) A",,,Nuit avec éclairage allumé,En agglomération,Hors intersection,Normale,Autre collision,,,,,,,,,,,5,2,1,1,6
200700069195,0007-11-22 07:52:00,7,11,22,7,52,420,218,"166, FRAISSINETTE ALEXAN",,,Crépuscule ou aube,En agglomération,Hors intersection,Brouillard / fumée,Autre collision,,,,,,,,,,,2,2,1,5,6
200700069196,0007-11-22 12:51:00,7,11,22,12,51,420,218,"5, GRIGNARD VICTOR JUSQU",,,Plein jour,En agglomération,Hors intersection,Pluie forte,Deux véhicules - côté,,,,,,,,,,,1,2,1,3,3
200700069197,0007-11-24 10:40:00,7,11,24,10,40,420,218,TROIS GLORIEUSES (DES),,,Plein jour,En agglomération,Intersection en T,Pluie légère,Deux véhicules - côté,,,,,,,,,,,1,2,3,2,3
200700069198,0007-11-23 09:12:00,7,11,23,9,12,420,218,C.C. MONTHIEU,,,Plein jour,En agglomération,Hors intersection,Normale,Deux véhicules - arrière,,,,,,,,,,,1,2,1,1,2
200700069199,0007-11-23 18:56:00,7,11,23,18,56,420,218,"3, DAGUERRE",,,Nuit avec éclairage allumé,En agglomération,Intersection en T,Pluie légère,Autre collision,,,,,,,,,,,5,2,3,2,6
200700069200,0007-11-24 13:17:00,7,11,24,13,17,420,330,TAILLEE (ROUTE),,,Plein jour,En agglomération,Hors intersection,Normale,Deux véhicules - frontale,,,,,,,,,,,1,2,1,1,1
200700069201,0007-11-24 16:35:00,7,11,24,16,35,420,218,"36, MONT (DU) A PARTIR N",,,Nuit sans éclairage public,En agglomération,Hors intersection,Normale,Sans collision,,,,,,,,,,,3,2,1,1,7
200700069202,0007-11-28 16:05:00,7,11,28,16,5,420,218,SEMARD PIERRE,,,Plein jour,En agglomération,Intersection en T,Normale,Autre collision,,,,,,,,,,,1,2,3,1,6
200700069203,0007-11-28 17:08:00,7,11,28,17,8,420,218,TALAUDIERE (DE LA) A PAR,,,Nuit avec éclairage allumé,En agglomération,Intersection en T,Normale,Deux véhicules - côté,,,,,,,,,,,5,2,3,1,3
200700069204,0007-11-29 07:56:00,7,11,29,7,56,420,218,"2, HOTEL DE VILLE (PLACE",45.2622,4.2314,Plein jour,En agglomération,Intersection en T,Temps couvert,Autre collision,,,,,,,,,,,1,2,3,8,6
200700069205,0007-11-29 08:05:00,7,11,29,8,5,420,218,"sans, HUSS JEAN",,,Plein jour,En agglomération,Hors intersection,Normale,Deux véhicules - côté,,,,,,,,,,,1,2,1,1,3
200700069206,0007-11-29 08:30:00,7,11,29,8,30,420,218,"1, POURCEL ALEXANDRE JUS",,,Plein jour,En agglomération,Intersection en T,Normale,Autre collision,,,,,,,,,,,1,2,3,1,6
200700069207,0007-11-29 11:25:00,7,11,29,11,25,420,218,NORMANDIE NIEMEN A PARTI,45.2615,4.2442,Plein jour,En agglomération,Intersection en X,Normale,Deux véhicules - côté,,,,,,,,,,,1,2,2,1,3
200700069208,0007-11-29 12:40:00,7,11,29,12,40,420,218,"28, ROCHETAILLEE (AVENUE",,,Plein jour,En agglomération,Intersection en X,Normale,Deux véhicules - côté,,,,,,,,,,,1,2,2,1,3
200700069209,0007-11-29 14:36:00,7,11,29,14,36,420,218,DUPONT PIERRE,,,Plein jour,En agglomération,Intersection en X,Normale,Deux véhicules - côté,,,,,,,,,,,1,2,2,1,3
200700069210,0007-11-30 18:40:00,7,11,30,18,40,420,218,"02, DURAFOUR ANTOINE JUS",45.2559,4.2333,Nuit avec éclairage allumé,En agglomération,Intersection en X,Normale,Autre collision,,,,,,,,,,,5,2,2,1,6
200700069211,0007-11-07 13:55:00,7,11,7,13,55,430,157,"84, DOUE (BD. BERTRAND D",,,Plein jour,En agglomération,Hors intersection,Normale,Trois véhicules et plus - collisions multiples,,,,,,,,,,,1,2,1,1,5
200700069212,0007-11-08 13:05:00,7,11,8,13,5,430,157,PIERRET (RUE),,,Plein jour,En agglomération,Hors intersection,Normale,Autre collision,,,,,,,,,,,1,2,1,1,6
200700069213,0007-11-11 01:31:00,7,11,11,1,31,430,157,MESCHEDE (AV. DE),,,Nuit avec éclairage allumé,En agglomération,Hors intersection,Pluie légère,Autre collision,,,,,,,,,,,5,2,1,2,6
200700069214,0007-11-01 16:50:00,7,11,1,16,50,440,55,"1, CHAMBORD ( AVENUE DE",,,Plein jour,En agglomération,Hors intersection,Normale,Autre collision,,,,,,,,,,,1,2,1,1,6
200700069215,0007-11-03 22:55:00,7,11,3,22,55,440,55,BERTHO ( RUE HENRI ),,,Nuit sans éclairage public,Hors agglomération,Hors intersection,Normale,Sans collision,,,,,,,,,,,3,1,1,1,7
200700069216,0007-11-06 15:00:00,7,11,6,15,0,440,135,"40, PLAGE ( RUE DE LA )",,,Plein jour,En agglomération,Hors intersection,Normale,Autre collision,,,,,,,,,,,1,2,1,1,6
200700069217,0007-11-08 13:56:00,7,11,8,13,56,440,132,"158, GAULLE (AVENUE DU G",,,Plein jour,En agglomération,Hors intersection,Normale,Autre collision,,,,,,,,,,,1,2,1,1,6
200700069218,0007-11-09 11:15:00,7,11,9,11,15,440,132,"32, REPUBLIQUE (BOULEVAR",,,Plein jour,En agglomération,Hors intersection,Normale,Autre collision,,,,,,,,,,,1,2,1,1,6
200700069219,0007-11-14 14:40:00,7,11,14,14,40,440,132,"12, GAULLE (AVENUE DU GÉ",,,Plein jour,En agglomération,Intersection en T,Normale,Deux véhicules - côté,,,,,,,,,,,1,2,3,1,3
200700069220,0007-11-23 20:35:00,7,11,23,20,35,440,55,"1891, RÉZAC ( ROUTE DE )",,,Nuit avec éclairage allumé,En agglomération,Hors intersection,Pluie légère,Autre collision,,,,,,,,,,,5,2,1,2,6
200700069221,0007-11-29 08:15:00,7,11,29,8,15,440,55,"78, BERTHO ( RUE HENRI )",,,Plein jour,En agglomération,Hors intersection,Normale,Deux véhicules - arrière,,,,,,,,,,,1,2,1,1,2
200700069222,0007-11-29 08:49:00,7,11,29,8,49,440,55,"78, BERTHO ( RUE HENRI )",,,Plein jour,En agglomération,Hors intersection,Normale,Deux véhicules - côté,,,,,,,,,,,1,2,1,1,3
200700069223,0007-11-02 16:55:00,7,11,2,16,55,440,114,RUE JULES VERNE,,,Plein jour,En agglomération,Hors intersection,Normale,Autre collision,,,,,,,,,,,1,2,1,1,6
200700069224,0007-11-03 07:30:00,7,11,3,7,30,440,114,ROUTE DE VANNES,,,Crépuscule ou aube,En agglomération,Autre intersection,Normale,Autre collision,,,,,,,,,,,2,2,9,1,6
200700069225,0007-11-05 22:40:00,7,11,5,22,40,440,109,PLACE DU VIEUX DOULON,,,Nuit avec éclairage allumé,En agglomération,Hors intersection,Normale,Autre collision,,,,,,,,,,,5,2,1,1,6
200700069226,0007-11-02 12:05:00,7,11,2,12,5,440,109,BOULEVARD JOSEPH BOURCY,,,Plein jour,En agglomération,Hors intersection,Normale,Deux véhicules - arrière,,,,,,,,,,,1,2,1,1,2
200700069227,0007-11-05 07:50:00,7,11,5,7,50,440,109,"1, BOULEVARD VICTOR HUGO",,,Plein jour,En agglomération,Giratoire,Normale,Autre collision,,,,,,,,,,,1,2,6,1,6
200700069228,0007-11-02 15:15:00,7,11,2,15,15,440,109,"49, BOULEVARD VICTOR HUG",,,Plein jour,En agglomération,Hors intersection,Normale,Autre collision,,,,,,,,,,,1,2,1,1,6
200700069229,0007-11-05 15:40:00,7,11,5,15,40,440,114,"0, RUE HUBERT DE LA BROS",,,Plein jour,En agglomération,Hors intersection,Normale,Autre collision,,,,,,,,,,,1,2,1,1,6
200700069230,0007-11-06 08:50:00,7,11,6,8,50,440,109,"., BOULEVARD DU MASSACRE",,,Plein jour,En agglomération,Giratoire,Normale,Deux véhicules - côté,,,,,,,,,,,1,2,6,1,3
200700069231,0007-11-06 17:55:00,7,11,6,17,55,440,109,".., RUE FELIX LEMOINE",,,Crépuscule ou aube,En agglomération,Intersection en X,Normale,Deux véhicules - côté,,,,,,,,,,,2,2,2,1,3
200700069232,0007-11-05 13:10:00,7,11,5,13,10,440,143,"1, RUE DE LA CHESNAIE",,,Plein jour,En agglomération,Hors intersection,Normale,Deux véhicules - côté,,,,,,,,,,,1,2,1,1,3
200700069233,0007-11-07 15:55:00,7,11,7,15,55,440,109,"10, RUE ANATOLE DE MONZI",,,Plein jour,En agglomération,Hors intersection,Normale,Deux véhicules - côté,,,,,,,,,,,1,2,1,1,3
200700069234,0007-11-08 07:50:00,7,11,8,7,50,440,109,"62, BOULEVARD GABRIEL LA",,,Plein jour,En agglomération,Hors intersection,Pluie légère,Deux véhicules - côté,,,,,,,,,,,1,2,1,2,3
200700069235,0007-11-04 18:05:00,7,11,4,18,5,440,109,"0, BOULEVARD DE LA BEAUJ",,,Nuit avec éclairage allumé,En agglomération,Hors intersection,Normale,Deux véhicules - côté,,,,,,,,,,,5,2,1,1,3
200700069236,0007-11-08 07:25:00,7,11,8,7,25,440,114,RN 137,,,Crépuscule ou aube,Hors agglomération,Hors intersection,Pluie légère,Deux véhicules - arrière,,,,,,,,,,,2,1,1,2,2
200700069237,0007-11-06 17:10:00,7,11,6,17,10,440,114,RD 75,,,Plein jour,En agglomération,Intersection en T,Normale,Deux véhicules - côté,,,,,,,,,,,1,2,3,1,3
200700069238,0007-11-09 17:40:00,7,11,9,17,40,440,109,"00, BOULEVARD DE LA PRAI",,,Nuit avec éclairage allumé,En agglomération,Hors intersection,Normale,Deux véhicules - côté,,,,,,,,,,,5,2,1,1,3
200700069239,0007-11-09 13:50:00,7,11,9,13,50,440,143,BOULEVARD MENDES FRANCE,,,Plein jour,En agglomération,Giratoire,Normale,Autre collision,,,,,,,,,,,1,2,6,1,6
200700069240,0007-11-07 10:30:00,7,11,7,10,30,440,143,HAMON (RUE J-BASTISTE),,,Plein jour,En agglomération,Hors intersection,Normale,Sans collision,,,,,,,,,,,1,2,1,1,7
200700069241,0007-11-09 14:15:00,7,11,9,14,15,440,109,BOULEVARD BOULAY PATY,,,Plein jour,Hors agglomération,Hors intersection,Normale,Autre collision,,,,,,,,,,,1,1,1,1,6
200700069242,0007-11-12 12:10:00,7,11,12,12,10,440,109,BD MARTYRS N. DE LA RESI,,,Plein jour,En agglomération,Intersection en X,Normale,Trois véhicules et plus - en chaîne,,,,,,,,,,,1,2,2,1,4
200700069243,0007-11-13 07:40:00,7,11,13,7,40,440,109,"., BOULEVARD GABRIEL LAU",,,Plein jour,En agglomération,Intersection en X,Normale,Sans collision,,,,,,,,,,,1,2,2,1,7
200700069244,0007-11-12 17:55:00,7,11,12,17,55,440,109,"00, RUE GUILLAUME GROOTA",,,Crépuscule ou aube,En agglomération,Hors intersection,Normale,Trois véhicules et plus - en chaîne,,,,,,,,,,,2,2,1,1,4
200700069245,0007-11-14 08:15:00,7,11,14,8,15,440,109,"25, BD MARTYRS N. DE LA",,,Plein jour,En agglomération,Hors intersection,Normale,Autre collision,,,,,,,,,,,1,2,1,1,6
200700069246,0007-11-12 14:00:00,7,11,12,14,0,440,109,RUE HECTOR BERLIOZ,,,Plein jour,En agglomération,Giratoire,Normale,Autre collision,,,,,,,,,,,1,2,6,1,6
200700069247,0007-11-15 10:05:00,7,11,15,10,5,440,109,"136, BOULEVARD DE LA LIB",,,Plein jour,En agglomération,Hors intersection,Normale,Autre collision,,,,,,,,,,,1,2,1,1,6
200700069248,0007-11-14 18:55:00,7,11,14,18,55,440,114,"67, AVENUE DE LA PAQUELA",,,Nuit avec éclairage allumé,En agglomération,Hors intersection,Normale,Deux véhicules - côté,,,,,,,,,,,5,2,1,1,3
200700069249,0007-11-14 20:25:00,7,11,14,20,25,440,109,"., RUE DE COULMIERS",,,Nuit avec éclairage allumé,En agglomération,Intersection en T,Normale,Deux véhicules - côté,,,,,,,,,,,5,2,3,1,3
200700069250,0007-11-15 16:45:00,7,11,15,16,45,440,109,"83, ROUTE DE PARIS",,,Crépuscule ou aube,En agglomération,Hors intersection,Normale,Autre collision,,,,,,,,,,,2,2,1,1,6
200700069251,0007-11-13 20:05:00,7,11,13,20,5,440,109,"4, RUE DE LA BRASSERIE",,,Nuit avec éclairage allumé,En agglomération,Hors intersection,Pluie légère,Autre collision,,,,,,,,,,,5,2,1,2,6
200700069252,0007-11-16 12:10:00,7,11,16,12,10,440,109,"94, BOULEVARD ROBERT SCH",,,Plein jour,En agglomération,Hors intersection,Normale,Autre collision,,,,,,,,,,,1,2,1,1,6
200700069253,0007-11-18 06:10:00,7,11,18,6,10,440,109,"30, RUE DE STRASBOURG",,,Nuit avec éclairage allumé,En agglomération,Hors intersection,Normale,Deux véhicules - arrière,,,,,,,,,,,5,2,1,1,2
200700069254,0007-11-17 18:35:00,7,11,17,18,35,440,109,BOULEVARD LEON JOUHAUX,,,Nuit avec éclairage allumé,En agglomération,Hors intersection,Normale,Autre collision,,,,,,,,,,,5,2,1,1,6
200700069255,0007-11-18 09:15:00,7,11,18,9,15,440,109,"63, RUE DE LA MARZELLE D",,,Plein jour,En agglomération,Hors intersection,Normale,Autre collision,,,,,,,,,,,1,2,1,1,6
200700069256,0007-11-17 18:45:00,7,11,17,18,45,440,162,"-, BOULEVARD DE LA BAULE",,,Nuit sans éclairage public,En agglomération,Hors intersection,Normale,Trois véhicules et plus - en chaîne,,,,,,,,,,,3,2,1,1,4
200700069257,0007-11-16 07:45:00,7,11,16,7,45,440,109,"0, BOULEVARD LELASSEUR",,,Plein jour,En agglomération,Giratoire,Normale,Deux véhicules - côté,,,,,,,,,,,1,2,6,1,3
200700069258,0007-11-19 08:55:00,7,11,19,8,55,440,114,RUE DU PONT AUX PRETRES,,,Plein jour,Hors agglomération,Hors intersection,Normale,Deux véhicules - frontale,,,,,,,,,,,1,1,1,1,1
200700069259,0007-11-20 08:15:00,7,11,20,8,15,440,109,"111, BOULEVARD ROBERT SC",,,Crépuscule ou aube,En agglomération,Hors intersection,Temps couvert,Autre collision,,,,,,,,,,,2,2,1,8,6
200700069260,0007-11-20 11:25:00,7,11,20,11,25,440,109,"1, ROUTE DE PARIS",,,Plein jour,En agglomération,Autre intersection,Normale,Deux véhicules - arrière,,,,,,,,,,,1,2,9,1,2
200700069261,0007-11-21 07:40:00,7,11,21,7,40,440,143,AVENUE DE LA LIBERATION,,,Nuit avec éclairage allumé,En agglomération,Intersection en X,Temps couvert,Autre collision,,,,,,,,,,,5,2,2,8,6
200700069262,0007-11-21 07:35:00,7,11,21,7,35,440,109,"209, BOULEVARD ROBERT SC",,,Nuit avec éclairage allumé,En agglomération,Hors intersection,Normale,Autre collision,,,,,,,,,,,5,2,1,1,6
200700069263,0007-11-21 14:05:00,7,11,21,14,5,440,109,"Néant, BOULEVARD DU MASS",,,Plein jour,En agglomération,Hors intersection,Normale,Trois véhicules et plus - collisions multiples,,,,,,,,,,,1,2,1,1,5
200700069264,0007-11-23 11:55:00,7,11,23,11,55,440,109,"59, RUE DES ALOUETTES",,,Plein jour,En agglomération,Hors intersection,Normale,Autre collision,,,,,,,,,,,1,2,1,1,6
200700069265,0007-11-24 09:45:00,7,11,24,9,45,440,109,RUE DE LA RIVETERIE,,,Plein jour,En agglomération,Giratoire,Normale,Deux véhicules - côté,,,,,,,,,,,1,2,6,1,3
200700069266,0007-11-24 05:20:00,7,11,24,5,20,440,109,BOULEVARD SALVADOR ALLEN,,,Nuit avec éclairage allumé,En agglomération,Hors intersection,Normale,Deux véhicules - frontale,,,,,,,,,,,5,2,1,1,1
200700069267,0007-11-21 15:40:00,7,11,21,15,40,440,190,"2, RUE JEAN BAPTISTE ROB",,,Plein jour,En agglomération,Hors intersection,Normale,Autre collision,,,,,,,,,,,1,2,1,1,6
200700069268,0007-11-26 14:50:00,7,11,26,14,50,440,114,"179, ROUTE DE VANNES",,,Plein jour,En agglomération,Hors intersection,Normale,Deux véhicules - arrière,,,,,,,,,,,1,2,1,1,2
200700069269,0007-11-26 12:43:00,7,11,26,12,43,440,109,"127, BOULEVARD ROBERT SC",,,Plein jour,En agglomération,Hors intersection,Normale,Trois véhicules et plus - en chaîne,,,,,,,,,,,1,2,1,1,4
200700069270,0007-11-26 15:15:00,7,11,26,15,15,440,109,"80, RUE GENERAL BUAT",,,Plein jour,En agglomération,Hors intersection,Normale,Deux véhicules - côté,,,,,,,,,,,1,2,1,1,3
200700069271,0007-11-27 08:15:00,7,11,27,8,15,440,109,"0, RUE D'ALLONVILLE",,,Plein jour,En agglomération,Intersection en X,Normale,Autre collision,,,,,,,,,,,1,2,2,1,6
200700069272,0007-11-27 07:55:00,7,11,27,7,55,440,190,RUE ROBERT DOUINEAU,,,Nuit avec éclairage allumé,En agglomération,Intersection en T,Normale,Autre collision,,,,,,,,,,,5,2,3,1,6
200700069273,0007-11-17 16:00:00,7,11,17,16,0,440,109,BOULEVARD ERNEST DALBY,,,Plein jour,En agglomération,Hors intersection,Normale,Deux véhicules - arrière,,,,,,,,,,,1,2,1,1,2
200700069274,0007-11-28 16:45:00,7,11,28,16,45,440,109,"45, QUAI DE MALAKOFF",,,Crépuscule ou aube,En agglomération,Hors intersection,Normale,Deux véhicules - côté,,,,,,,,,,,2,2,1,1,3
200700069275,0007-11-19 18:00:00,7,11,19,18,0,440,114,AVENUE CLAUDE ANTOINE PE,,,Nuit sans éclairage public,En agglomération,Hors intersection,Normale,Deux véhicules - frontale,,,,,,,,,,,3,2,1,1,1
200700069276,0007-11-06 16:55:00,7,11,6,16,55,440,184,"18, VILLE HALLUARD (RUE",,,Plein jour,En agglomération,Hors intersection,Normale,Deux véhicules - arrière,,,,,,,,,,,1,2,1,1,2