accident_id,datetime,annee,mois,jour,heure,minute,departement,commune_insee,adresse,latitude,longitude,luminosite,agglomeration,intersection,meteo,collision,nb_vehicules,nb_usagers,nb_indemnes,nb_tues,nb_blesses_hosp,nb_blesses_legers,age_cond_1,age_cond_2,veh_type_cond_1,veh_type_cond_2,lum_code,agg_code,int_code,atm_code,col_code
200700069277,0007-11-10 20:10:00,7,11,10,20,10,440,184,RD 492 DU PONT BD HÔPITA,,,Nuit sans éclairage public,En agglomération,Hors intersection,Normale,Deux véhicules - arrière,,,,,,,,,,,3,2,1,1,2
200700069278,0007-11-12 07:50:00,7,11,12,7,50,440,184,"121, HÔPITAL (BOULEVARD",,,Plein jour,En agglomération,Hors intersection,Normale,Deux véhicules - arrière,,,,,,,,,,,1,2,1,1,2
200700069279,0007-11-13 19:27:00,7,11,13,19,27,440,184,ANDRÉ (AVENUE GÉO),,,Nuit avec éclairage allumé,En agglomération,Intersection en X,Normale,Sans collision,,,,,,,,,,,5,2,2,1,7
200700069280,0007-11-14 16:40:00,7,11,14,16,40,440,184,FRATERNITÉ (BOULEVARD DE,,,Plein jour,En agglomération,Intersection en X,Normale,Deux véhicules - frontale,,,,,,,,,,,1,2,2,1,1
200700069281,0007-11-15 20:00:00,7,11,15,20,0,440,184,SALENGRO (RUE ROGER) DU,,,Nuit avec éclairage allumé,En agglomération,Intersection en X,Normale,Deux véhicules - côté,,,,,,,,,,,5,2,2,1,3
200700069282,0007-11-16 08:00:00,7,11,16,8,0,440,184,LITTRÉ (RUE EMILE),,,Plein jour,En agglomération,Intersection en X,Normale,Deux véhicules - côté,,,,,,,,,,,1,2,2,1,3
200700069283,0007-11-16 09:00:00,7,11,16,9,0,440,184,MARCHÉ (PARC DU),,,Plein jour,En agglomération,Intersection en T,Normale,Sans collision,,,,,,,,,,,1,2,3,1,7
200700069284,0007-11-19 08:15:00,7,11,19,8,15,440,184,RD 492 DU RP OCÉANIS AU,,,Plein jour,En agglomération,Hors intersection,Pluie légère,Deux véhicules - arrière,,,,,,,,,,,1,2,1,2,2
200700069285,0007-11-21 12:00:00,7,11,21,12,0,440,184,"250, LAENNEC (BD DU DR R",,,Plein jour,En agglomération,Intersection en T,Normale,Deux véhicules - côté,,,,,,,,,,,1,2,3,1,3
200700069286,0007-11-21 17:40:00,7,11,21,17,40,440,184,"28, SANGNIER (RUE MARC)",,,Nuit avec éclairage allumé,En agglomération,Intersection en X,Pluie légère,Deux véhicules - côté,,,,,,,,,,,5,2,2,2,3
200700069287,0007-11-22 14:40:00,7,11,22,14,40,440,184,ZOLA (BOULEVARD EMILE),,,Plein jour,En agglomération,Intersection en X,Normale,Deux véhicules - frontale,,,,,,,,,,,1,2,2,1,1
200700069288,0007-11-24 13:45:00,7,11,24,13,45,440,184,GAMBETTA (BOULEVARD LÉON,,,Plein jour,En agglomération,Intersection en X,Normale,Deux véhicules - côté,,,,,,,,,,,1,2,2,1,3
200700069289,0007-11-24 18:20:00,7,11,24,18,20,440,184,"97, HÔPITAL (BOULEVARD D",,,Nuit avec éclairage allumé,En agglomération,Hors intersection,Normale,Sans collision,,,,,,,,,,,5,2,1,1,7
200700069290,0007-11-26 08:00:00,7,11,26,8,0,440,184,CÔTE D'AMOUR (RTE DE LA),,,Crépuscule ou aube,En agglomération,Hors intersection,Normale,Deux véhicules - arrière,,,,,,,,,,,2,2,1,1,2
200700069291,0007-11-28 07:20:00,7,11,28,7,20,440,184,"3, APPRENTIS (BOULEVARD",,,Nuit sans éclairage public,En agglomération,Hors intersection,Pluie légère,Sans collision,,,,,,,,,,,3,2,1,2,7
200700069292,0007-11-30 18:05:00,7,11,30,18,5,440,184,"18, WILSON (BOULEVARD DU",,,Nuit avec éclairage allumé,En agglomération,Hors intersection,Normale,Sans collision,,,,,,,,,,,5,2,1,1,7
200700069293,0007-11-23 10:10:00,7,11,23,10,10,450,68,MANDELA(AVENUE NELSON),,,Plein jour,En agglomération,Hors intersection,Temps couvert,Deux véhicules - frontale,,,,,,,,,,,1,2,1,8,1
200700069294,0007-11-24 18:35:00,7,11,24,18,35,450,338,DE SALLES (RUE),,,Nuit avec éclairage allumé,En agglomération,Intersection en X,Normale,Deux véhicules - frontale,,,,,,,,,,,5,2,2,1,1
200700069295,0007-11-01 01:30:00,7,11,1,1,30,450,169,NATIONALE (ROUTE ),,,Nuit avec éclairage allumé,En agglomération,Intersection en X,Normale,Autre collision,,,,,,,,,,,5,2,2,1,6
200700069296,0007-11-03 18:30:00,7,11,3,18,30,450,285,"1, PAVARD (RUE HENRI)",,,Nuit avec éclairage allumé,En agglomération,Hors intersection,Normale,Deux véhicules - arrière,,,,,,,,,,,5,2,1,1,2
200700069297,0007-11-06 21:50:00,7,11,6,21,50,450,234,SAINT EUVERTE (BOULEVARD,,,Nuit avec éclairage allumé,En agglomération,Intersection en X,Normale,Deux véhicules - côté,,,,,,,,,,,5,2,2,1,3
200700069298,0007-11-05 13:25:00,7,11,5,13,25,450,234,"2, FORT DES TOURELLES (Q",,,Plein jour,En agglomération,Intersection en X,Normale,Deux véhicules - côté,,,,,,,,,,,1,2,2,1,3
200700069299,0007-11-09 15:30:00,7,11,9,15,30,450,286,COSSONNIERE (RUE DE LA C,,,Plein jour,En agglomération,Intersection en X,Normale,Deux véhicules - côté,,,,,,,,,,,1,2,2,1,3
200700069300,0007-11-09 21:20:00,7,11,9,21,20,450,235,BATE (RUE DE LA),,,Nuit sans éclairage public,En agglomération,Hors intersection,Normale,Sans collision,,,,,,,,,,,3,2,1,1,7
200700069301,0007-11-10 02:50:00,7,11,10,2,50,450,274,CORDELLES  (RUE DES),,,Nuit avec éclairage allumé,En agglomération,Hors intersection,Normale,Sans collision,,,,,,,,,,,5,2,1,1,7
200700069302,0007-11-10 16:45:00,7,11,10,16,45,450,302,"2785, CHARTRES (ANCIENNE",,,Plein jour,En agglomération,Intersection en X,Normale,Deux véhicules - côté,,,,,,,,,,,1,2,2,1,3
200700069303,0007-11-12 12:40:00,7,11,12,12,40,450,285,"RN 152, CLEMENCEAU (GEOR",,,Plein jour,En agglomération,Hors intersection,Normale,Deux véhicules - côté,,,,,,,,,,,1,2,1,1,3
200700069304,0007-11-13 15:55:00,7,11,13,15,55,450,234,MARTIN (BOULEVARD ALEXAN,,,Plein jour,En agglomération,Intersection en X,Pluie légère,Autre collision,,,,,,,,,,,1,2,2,2,6
200700069305,0007-11-14 07:55:00,7,11,14,7,55,450,286,GALLOUX (AVENUE GASTON),,,Plein jour,En agglomération,Hors intersection,Normale,Trois véhicules et plus - collisions multiples,,,,,,,,,,,1,2,1,1,5
200700069306,0007-11-14 09:25:00,7,11,14,9,25,450,75,ORLEANS (ROUTE D'ORLEANS,,,Plein jour,En agglomération,Hors intersection,Normale,Autre collision,,,,,,,,,,,1,2,1,1,6
200700069307,0007-11-15 16:10:00,7,11,15,16,10,450,234,"24, ARC (RUE JEANNE D')",,,Plein jour,En agglomération,Hors intersection,Normale,Deux véhicules - arrière,,,,,,,,,,,1,2,1,1,2
200700069308,0007-11-17 20:50:00,7,11,17,20,50,450,302,A 701 (BRETELLE ACCES),,,Nuit avec éclairage allumé,Hors agglomération,Hors intersection,Normale,Sans collision,,,,,,,,,,,5,1,1,1,7
200700069309,0007-11-16 09:12:00,7,11,16,9,12,450,235,"104, NATIONALE  (RUE)",,,Plein jour,En agglomération,Hors intersection,Normale,Deux véhicules - côté,,,,,,,,,,,1,2,1,1,3
200700069310,0007-11-19 19:25:00,7,11,19,19,25,450,302,ORMES (ROUTE D'),,,Nuit sans éclairage public,En agglomération,Hors intersection,Pluie légère,Trois véhicules et plus - collisions multiples,,,,,,,,,,,3,2,1,2,5
200700069311,0007-11-19 08:35:00,7,11,19,8,35,450,234,CARMES (RUE DES),,,Plein jour,En agglomération,Intersection en X,Normale,Autre collision,,,,,,,,,,,1,2,2,1,6
200700069312,0007-11-20 12:35:00,7,11,20,12,35,450,147,ADJUDANT CHEF GAUTHIER (,,,Plein jour,En agglomération,Hors intersection,Pluie forte,Trois véhicules et plus - en chaîne,,,,,,,,,,,1,2,1,3,4
200700069313,0007-11-20 19:55:00,7,11,20,19,55,450,286,THINAT (PONT RENE),,,Nuit avec éclairage allumé,En agglomération,Hors intersection,Pluie légère,Autre collision,,,,,,,,,,,5,2,1,2,6
200700069314,0007-11-20 18:55:00,7,11,20,18,55,450,147,RN 60,,,Nuit avec éclairage allumé,En agglomération,Hors intersection,Pluie légère,Deux véhicules - arrière,,,,,,,,,,,5,2,1,2,2
200700069315,0007-11-21 12:40:00,7,11,21,12,40,450,75,AZONE (RUE DE L'AZONE),,,Plein jour,En agglomération,Intersection en X,Normale,Deux véhicules - côté,,,,,,,,,,,1,2,2,1,3
200700069316,0007-11-21 17:48:00,7,11,21,17,48,450,302,"199, CHEVALLIER (RUE LOU",,,Nuit avec éclairage allumé,En agglomération,Hors intersection,Normale,Autre collision,,,,,,,,,,,5,2,1,1,6
200700069317,0007-11-22 11:08:00,7,11,22,11,8,450,234,"8 BIS, FAUBOURG MADELEIN",,,Plein jour,En agglomération,Hors intersection,Normale,Autre collision,,,,,,,,,,,1,2,1,1,6
200700069318,0007-11-22 19:55:00,7,11,22,19,55,450,234,"7, CARMES (RUE DES)",,,Nuit avec éclairage allumé,En agglomération,Hors intersection,Pluie forte,Autre collision,,,,,,,,,,,5,2,1,3,6
200700069319,0007-11-26 00:25:00,7,11,26,0,25,450,285,BEAUHAIRE (RUE CHARLES),,,Nuit avec éclairage allumé,En agglomération,Hors intersection,Temps couvert,Autre collision,,,,,,,,,,,5,2,1,8,6
200700069320,0007-11-26 12:15:00,7,11,26,12,15,450,302,"667, MONTJOIE (RUE DE LA",,,Plein jour,En agglomération,Hors intersection,Normale,Autre collision,,,,,,,,,,,1,2,1,1,6
200700069321,0007-11-27 08:10:00,7,11,27,8,10,450,147,LAMBALLE (BOULEVARD DE L,,,Plein jour,En agglomération,Intersection en X,Temps couvert,Deux véhicules - côté,,,,,,,,,,,1,2,2,8,3
200700069322,0007-11-29 10:15:00,7,11,29,10,15,450,234,"5, GLAIEULS (PASSAGE DES",,,Plein jour,En agglomération,Hors intersection,Temps couvert,Autre collision,,,,,,,,,,,1,2,1,8,6
200700069323,0007-11-30 20:35:00,7,11,30,20,35,450,302,GIDY (ROUTE DE GIDY),,,Nuit sans éclairage public,Hors agglomération,Hors intersection,Pluie légère,Deux véhicules - frontale,,,,,,,,,,,3,1,1,2,1
200700069324,0007-11-30 13:50:00,7,11,30,13,50,450,234,STUART (BOULEVARD MARIE),,,Plein jour,En agglomération,Intersection en X,Normale,Deux véhicules - côté,,,,,,,,,,,1,2,2,1,3
200700069325,0007-11-06 12:50:00,7,11,6,12,50,460,42,Départementale 820,,,Plein jour,En agglomération,Hors intersection,Normale,Trois véhicules et plus - collisions multiples,,,,,,,,,,,1,2,1,1,5
200700069326,0007-11-24 17:30:00,7,11,24,17,30,460,42,"453, F.T.P. ET DU 8E R.I",,,Crépuscule ou aube,En agglomération,Hors intersection,Normale,Autre collision,,,,,,,,,,,2,2,1,1,6
200700069327,0007-11-04 21:50:00,7,11,4,21,50,470,1,"2, RIOLS (ALLEE DE)",,,Nuit avec éclairage allumé,Hors agglomération,Intersection en T,Normale,Trois véhicules et plus - collisions multiples,,,,,,,,,,,5,1,3,1,5
200700069328,0007-11-15 15:00:00,7,11,15,15,0,470,32,"02, LAJUNIE (rené)",,,Plein jour,Hors agglomération,Hors intersection,Normale,Deux véhicules - côté,,,,,,,,,,,1,1,1,1,3
200700069329,0007-11-25 22:10:00,7,11,25,22,10,470,32,NOGUES (avenue du),,,Nuit sans éclairage public,Hors agglomération,Intersection en T,Temps couvert,Deux véhicules - côté,,,,,,,,,,,3,1,3,8,3
200700069330,0007-11-30 17:55:00,7,11,30,17,55,470,1,GAMBETTA (COURS),,,Nuit avec éclairage allumé,En agglomération,Intersection en T,Normale,Autre collision,,,,,,,,,,,5,2,3,1,6
200700069331,0007-11-09 14:25:00,7,11,9,14,25,480,95,"1, JANICOT (CHEMIN DE)",,,Plein jour,En agglomération,Intersection en T,Normale,Autre collision,,,,,,,,,,,1,2,3,1,6
200700069332,0007-11-19 17:40:00,7,11,19,17,40,480,95,"6, BOURILLON (BOULEVARD",,,Crépuscule ou aube,En agglomération,Place,Pluie légère,Autre collision,,,,,,,,,,,2,2,7,2,6
200700069333,0007-11-05 13:55:00,7,11,5,13,55,490,7,"0, NOTRE DAME DU LAC AVE",,,Plein jour,En agglomération,Hors intersection,Normale,Sans collision,,,,,,,,,,,1,2,1,1,7
200700069334,0007-11-05 18:02:00,7,11,5,18,2,490,7,"60, JEAN XXIII AVENUE",,,Nuit avec éclairage allumé,En agglomération,Hors intersection,Normale,Deux véhicules - côté,,,,,,,,,,,5,2,1,1,3
200700069335,0007-11-06 18:30:00,7,11,6,18,30,490,7,"00, LISE",,,Nuit avec éclairage allumé,En agglomération,Intersection en X,Normale,Deux véhicules - côté,,,,,,,,,,,5,2,2,1,3
200700069336,0007-11-08 22:03:00,7,11,8,22,3,490,7,"0, PAUL BERT",,,Nuit avec éclairage allumé,En agglomération,Hors intersection,Normale,Deux véhicules - côté,,,,,,,,,,,5,2,1,1,3
200700069337,0007-11-07 13:45:00,7,11,7,13,45,490,7,"0, MONTESQUIEU PASSAGE",,,Plein jour,En agglomération,Giratoire,Normale,Deux véhicules - arrière,,,,,,,,,,,1,2,6,1,2
200700069338,0007-11-09 08:31:00,7,11,9,8,31,490,7,"0, CARMES QUAI ET RUE",,,Crépuscule ou aube,En agglomération,Hors intersection,Normale,Deux véhicules - côté,,,,,,,,,,,2,2,1,1,3
200700069339,0007-11-10 15:49:00,7,11,10,15,49,490,15,"0, TERNIERE RUE DE LA",,,Plein jour,En agglomération,Hors intersection,Normale,Sans collision,,,,,,,,,,,1,2,1,1,7
200700069340,0007-11-11 17:48:00,7,11,11,17,48,490,7,"0, ROI RENE BOULEVARD",,,Nuit avec éclairage allumé,En agglomération,Giratoire,Normale,Sans collision,,,,,,,,,,,5,2,6,1,7
200700069341,0007-11-11 20:21:00,7,11,11,20,21,490,7,"0, RABELAIS",,,Nuit avec éclairage allumé,En agglomération,Hors intersection,Normale,Sans collision,,,,,,,,,,,5,2,1,1,7
200700069342,0007-11-13 17:35:00,7,11,13,17,35,490,7,"56, BESNADIERE",,,Crépuscule ou aube,En agglomération,Hors intersection,Normale,Autre collision,,,,,,,,,,,2,2,1,1,6
200700069343,0007-11-13 16:40:00,7,11,13,16,40,490,7,"0, EPINARD ROUTE",,,Plein jour,En agglomération,Hors intersection,Normale,Deux véhicules - arrière,,,,,,,,,,,1,2,1,1,2
200700069344,0007-11-13 17:24:00,7,11,13,17,24,490,7,"0, ARBRISSEL",,,Plein jour,En agglomération,Intersection à plus de 4 branches,Normale,Autre collision,,,,,,,,,,,1,2,5,1,6
200700069345,0007-11-13 19:36:00,7,11,13,19,36,490,7,"0, LARREY",,,Nuit avec éclairage allumé,En agglomération,Intersection en X,Pluie légère,Deux véhicules - côté,,,,,,,,,,,5,2,2,2,3
200700069346,0007-11-13 19:15:00,7,11,13,19,15,490,7,"0, RAMON BOULEVARD",,,Nuit avec éclairage allumé,En agglomération,Intersection en T,Pluie légère,Trois véhicules et plus - collisions multiples,,,,,,,,,,,5,2,3,2,5
200700069347,0007-11-14 17:38:00,7,11,14,17,38,490,353,"0, PERREYEUX",,,Plein jour,En agglomération,Hors intersection,Normale,Sans collision,,,,,,,,,,,1,2,1,1,7
200700069348,0007-11-14 14:15:00,7,11,14,14,15,490,7,"0, FOCH BOULEVARD",,,Plein jour,En agglomération,Hors intersection,Normale,Autre collision,,,,,,,,,,,1,2,1,1,6
200700069349,0007-11-10 18:48:00,7,11,10,18,48,490,7,"0, PYRAMIDE ROUTE",,,Nuit avec éclairage allumé,En agglomération,Intersection en T,Normale,Deux véhicules - côté,,,,,,,,,,,5,2,3,1,3
200700069350,0007-11-15 09:44:00,7,11,15,9,44,490,7,"0, AYRAULT",,,Plein jour,En agglomération,Hors intersection,Normale,Sans collision,,,,,,,,,,,1,2,1,1,7
200700069351,0007-11-16 07:01:00,7,11,16,7,1,490,353,"0, QUANTINIERE LIEU DIT",,,Nuit avec éclairage allumé,En agglomération,Giratoire,Normale,Deux véhicules - côté,,,,,,,,,,,5,2,6,1,3
200700069352,0007-11-16 16:46:00,7,11,16,16,46,490,7,"0, VOIE DES BERGES",,,Plein jour,En agglomération,Hors intersection,Normale,Deux véhicules - arrière,,,,,,,,,,,1,2,1,1,2
200700069353,0007-11-16 09:06:00,7,11,16,9,6,490,7,"0, ESTIENNE D'ORVES BOUL",,,Plein jour,En agglomération,Intersection en X,Normale,Deux véhicules - côté,,,,,,,,,,,1,2,2,1,3
200700069354,0007-11-18 14:23:00,7,11,18,14,23,490,7,"101, PYRAMIDE ROUTE",,,Plein jour,En agglomération,Intersection en X,Pluie légère,Deux véhicules - côté,,,,,,,,,,,1,2,2,2,3
200700069355,0007-11-08 08:00:00,7,11,8,8,0,490,7,"133, RENEE",,,Plein jour,En agglomération,Hors intersection,Normale,Autre collision,,,,,,,,,,,1,2,1,1,6
200700069356,0007-11-19 08:35:00,7,11,19,8,35,490,246,"0, SORGES ROUTE",,,Plein jour,En agglomération,Hors intersection,Normale,Sans collision,,,,,,,,,,,1,2,1,1,7
200700069357,0007-11-19 21:17:00,7,11,19,21,17,490,7,"4, CARNOT",,,Nuit avec éclairage allumé,En agglomération,Hors intersection,Normale,Autre collision,,,,,,,,,,,5,2,1,1,6
200700069358,0007-11-19 17:20:00,7,11,19,17,20,490,7,"0, PATTON AVENUE",,,Plein jour,En agglomération,Hors intersection,Normale,Autre collision,,,,,,,,,,,1,2,1,1,6
200700069359,0007-11-19 18:30:00,7,11,19,18,30,490,7,"0, GRAND MONTREJEAU",,,Nuit avec éclairage allumé,En agglomération,Hors intersection,Normale,Autre collision,,,,,,,,,,,5,2,1,1,6
200700069360,0007-11-19 10:30:00,7,11,19,10,30,490,7,"86, GASNIER AVENUE",,,Plein jour,En agglomération,Intersection en T,Normale,Deux véhicules - arrière,,,,,,,,,,,1,2,3,1,2
200700069361,0007-11-20 09:05:00,7,11,20,9,5,490,7,"0, SAINT JACQUES",,,Plein jour,En agglomération,Intersection en T,Pluie légère,Sans collision,,,,,,,,,,,1,2,3,2,7
200700069362,0007-11-20 12:12:00,7,11,20,12,12,490,15,"0, RAFOUX ALLEE DES",,,Plein jour,En agglomération,Hors intersection,Normale,Sans collision,,,,,,,,,,,1,2,1,1,7
200700069363,0007-11-20 12:27:00,7,11,20,12,27,490,7,"0, GATS",,,Plein jour,En agglomération,Giratoire,Normale,Autre collision,,,,,,,,,,,1,2,6,1,6
200700069364,0007-11-21 10:04:00,7,11,21,10,4,490,267,"0, RN 260",,,Plein jour,En agglomération,Hors intersection,Normale,Sans collision,,,,,,,,,,,1,2,1,1,7
200700069365,0007-11-22 18:19:00,7,11,22,18,19,490,7,"0, SAINT LAUD",,,Nuit avec éclairage allumé,En agglomération,Intersection en T,Pluie légère,Autre collision,,,,,,,,,,,5,2,3,2,6
200700069366,0007-11-22 18:05:00,7,11,22,18,5,490,7,"0, VOLTAIRE",,,Nuit avec éclairage allumé,En agglomération,Hors intersection,Pluie légère,Sans collision,,,,,,,,,,,5,2,1,2,7
200700069367,0007-11-22 17:27:00,7,11,22,17,27,490,7,"66, COUBERTIN BOULEVARD",,,Nuit avec éclairage allumé,En agglomération,Hors intersection,Normale,Deux véhicules - côté,,,,,,,,,,,5,2,1,1,3
200700069368,0007-11-22 18:41:00,7,11,22,18,41,490,7,"0, HANNELOUP",,,Nuit avec éclairage allumé,En agglomération,Hors intersection,Pluie forte,Autre collision,,,,,,,,,,,5,2,1,3,6
200700069369,0007-11-22 18:42:00,7,11,22,18,42,490,7,"0, ATLANTIQUE  AVENUE DE",,,Nuit avec éclairage allumé,En agglomération,Hors intersection,Pluie légère,Autre collision,,,,,,,,,,,5,2,1,2,6
200700069370,0007-11-25 11:54:00,7,11,25,11,54,490,7,"0, DUPETIT THOUARS",,,Plein jour,En agglomération,Hors intersection,Normale,Autre collision,,,,,,,,,,,1,2,1,1,6
200700069371,0007-11-24 16:45:00,7,11,24,16,45,490,7,"154, MADELEINE",,,Plein jour,En agglomération,Hors intersection,Normale,Deux véhicules - côté,,,,,,,,,,,1,2,1,1,3
200700069372,0007-11-23 12:00:00,7,11,23,12,0,490,7,"41, BOISNET RUE",,,Plein jour,En agglomération,Hors intersection,Normale,Autre collision,,,,,,,,,,,1,2,1,1,6
200700069373,0007-11-26 11:32:00,7,11,26,11,32,490,7,"0, VOIE DES BERGES",,,Plein jour,En agglomération,Hors intersection,Normale,Trois véhicules et plus - en chaîne,,,,,,,,,,,1,2,1,1,4
200700069374,0007-11-26 07:53:00,7,11,26,7,53,490,7,"0, CHAPEAU DE GENDARME",,,Nuit avec éclairage allumé,En agglomération,Intersection en T,Normale,Autre collision,,,,,,,,,,,5,2,3,1,6
200700069375,0007-11-26 18:06:00,7,11,26,18,6,490,7,"23, VAUBAN AVENUE",,,Nuit avec éclairage allumé,En agglomération,Hors intersection,Normale,Autre collision,,,,,,,,,,,5,2,1,1,6
200700069376,0007-11-27 17:40:00,7,11,27,17,40,490,7,"0, LETANDUERE",,,Nuit avec éclairage allumé,En agglomération,Intersection en T,Normale,Deux véhicules - côté,,,,,,,,,,,5,2,3,1,3
200700069377,0007-11-28 04:44:00,7,11,28,4,44,490,15,"0, MENDES FRANCE AVENUE",,,Nuit avec éclairage allumé,En agglomération,Hors intersection,Normale,Sans collision,,,,,,,,,,,5,2,1,1,7
200700069378,0007-11-27 18:05:00,7,11,27,18,5,490,7,"25, ALLONNEAU(AUGUSTE) B",,,Nuit avec éclairage allumé,En agglomération,Hors intersection,Normale,Deux véhicules - côté,,,,,,,,,,,5,2,1,1,3
200700069379,0007-11-28 07:40:00,7,11,28,7,40,490,7,"20, BEAUREPAIRE",,,Crépuscule ou aube,En agglomération,Hors intersection,Normale,Autre collision,,,,,,,,,,,2,2,1,1,6
200700069380,0007-11-28 22:01:00,7,11,28,22,1,490,7,"87, LARDIN DE MUSSET",,,Nuit avec éclairage allumé,En agglomération,Intersection en X,Normale,Autre collision,,,,,,,,,,,5,2,2,1,6
200700069381,0007-11-28 12:40:00,7,11,28,12,40,490,7,"0, PATTON AVENUE",,,Plein jour,En agglomération,Intersection en T,Normale,Deux véhicules - côté,,,,,,,,,,,1,2,3,1,3
200700069382,0007-11-28 15:05:00,7,11,28,15,5,490,7,"0, BEAUSSIER BOULEVARD",,,Plein jour,En agglomération,Giratoire,Normale,Autre collision,,,,,,,,,,,1,2,6,1,6
200700069383,0007-11-29 18:38:00,7,11,29,18,38,490,7,"42, MANSION",,,Nuit avec éclairage allumé,En agglomération,Hors intersection,Normale,Deux véhicules - arrière,,,,,,,,,,,5,2,1,1,2
200700069384,0007-11-30 11:56:00,7,11,30,11,56,490,7,"0, CLEMENCEAU BOULEVARD",,,Plein jour,En agglomération,Intersection en X,Normale,Autre collision,,,,,,,,,,,1,2,2,1,6
200700069385,0007-11-30 08:30:00,7,11,30,8,30,490,7,"0, EPINARD CHEMIN",,,Crépuscule ou aube,En agglomération,Hors intersection,Brouillard / fumée,Autre collision,,,,,,,,,,,2,2,1,5,6
200700069386,0007-11-02 20:25:00,7,11,2,20,25,490,99,"1, GIRARDIERE (RUE DE LA",,,Nuit avec éclairage allumé,En agglomération,Intersection en T,Normale,Deux véhicules - côté,,,,,,,,,,,5,2,3,1,3
200700069387,0007-11-16 08:20:00,7,11,16,8,20,490,99,VC 7,,,Crépuscule ou aube,Hors agglomération,Intersection en X,Normale,Deux véhicules - côté,,,,,,,,,,,2,1,2,1,3
200700069388,0007-11-16 16:15:00,7,11,16,16,15,490,99,"11, ARC (BOULEVRAD JEANN",,,Plein jour,En agglomération,Hors intersection,Normale,Autre collision,,,,,,,,,,,1,2,1,1,6
200700069389,0007-11-03 20:50:00,7,11,3,20,50,490,328,"32, DACIER (RUE)",,,Nuit sans éclairage public,En agglomération,Intersection en T,Normale,Deux véhicules - côté,,,,,,,,,,,3,2,3,1,3
200700069390,0007-11-17 15:20:00,7,11,17,15,20,490,328,"SANS, DELESSERT (BOULEVA",,,Plein jour,En agglomération,Hors intersection,Normale,Trois véhicules et plus - en chaîne,,,,,,,,,,,1,2,1,1,4
200700069391,0007-11-22 06:15:00,7,11,22,6,15,490,328,"sans, CADRE NOIR (PONT D",,,Nuit sans éclairage public,Hors agglomération,Hors intersection,Normale,Deux véhicules - frontale,,,,,,,,,,,3,1,1,1,1
200700069392,0007-11-24 19:40:00,7,11,24,19,40,490,328,ROCADE N 347,,,Nuit sans éclairage public,Hors agglomération,Hors intersection,Normale,Deux véhicules - frontale,,,,,,,,,,,3,1,1,1,1
200700069393,0007-11-27 07:00:00,7,11,27,7,0,490,328,"sans, LECLERC (RUE DU MA",,,Nuit sans éclairage public,En agglomération,Intersection en T,Normale,Autre collision,,,,,,,,,,,3,2,3,1,6
200700069394,0007-11-02 15:40:00,7,11,2,15,40,500,602,"00, JOSEPH LESAGE (RUE)",,,Plein jour,En agglomération,Intersection en T,Normale,Deux véhicules - côté,,,,,,,,,,,1,2,3,1,3
200700069395,0007-11-02 22:05:00,7,11,2,22,5,500,129,"20, REPUBLIQUE (PLACE DE",,,Nuit avec éclairage allumé,En agglomération,Hors intersection,Normale,Deux véhicules - côté,,,,,,,,,,,5,2,1,1,3
200700069396,0007-11-05 17:30:00,7,11,5,17,30,500,602,"00, LEMARESQUIER (RUE AU",,,Nuit avec éclairage allumé,En agglomération,Intersection en X,Normale,Deux véhicules - frontale,,,,,,,,,,,5,2,2,1,1
200700069397,0007-11-05 22:00:00,7,11,5,22,0,500,129,"0, TOUR CARREE (RUE)",,,Nuit avec éclairage allumé,En agglomération,Intersection en T,Normale,Autre collision,,,,,,,,,,,5,2,3,1,6
200700069398,0007-11-07 16:20:00,7,11,7,16,20,500,129,ATLANTIQUE (BOULEVARD DE,,,Plein jour,En agglomération,Hors intersection,Normale,Autre collision,,,,,,,,,,,1,2,1,1,6
200700069399,0007-11-07 19:35:00,7,11,7,19,35,500,173,"0, PREVERT (AVENUE JACQU",,,Nuit avec éclairage allumé,En agglomération,Intersection en T,Normale,Deux véhicules - arrière,,,,,,,,,,,5,2,3,1,2
200700069400,0007-11-09 10:25:00,7,11,9,10,25,500,602,"0, NORTHEIM (AVENUE DE)",,,Plein jour,En agglomération,Hors intersection,Normale,Sans collision,,,,,,,,,,,1,2,1,1,7
200700069401,0007-11-09 14:55:00,7,11,9,14,55,500,129,"0, CESSART (AVENUE DE)",,,Plein jour,En agglomération,Hors intersection,Normale,Sans collision,,,,,,,,,,,1,2,1,1,7
200700069402,0007-11-10 12:15:00,7,11,10,12,15,500,129,"00, ANCIEN HOTEL DIEU (R",,,Plein jour,En agglomération,Hors intersection,Normale,Sans collision,,,,,,,,,,,1,2,1,1,7
200700069403,0007-11-11 19:00:00,7,11,11,19,0,500,203,"0, Les Rouges Terres",,,Nuit avec éclairage allumé,En agglomération,Hors intersection,Normale,Autre collision,,,,,,,,,,,5,2,1,1,6
200700069404,0007-11-13 14:50:00,7,11,13,14,50,500,602,"00, BATE (rond point de",,,Plein jour,En agglomération,Giratoire,Temps couvert,Deux véhicules - arrière,,,,,,,,,,,1,2,6,8,2
200700069405,0007-11-14 09:40:00,7,11,14,9,40,500,129,"0, MENDES FRANCE (BOULEV",,,Plein jour,En agglomération,Hors intersection,Normale,Autre collision,,,,,,,,,,,1,2,1,1,6
200700069406,0007-11-14 10:55:00,7,11,14,10,55,500,602,"00, ROSEAUX (RUE DES)",,,Plein jour,En agglomération,Hors intersection,Normale,Deux véhicules - arrière,,,,,,,,,,,1,2,1,1,2