accident_id,datetime,annee,mois,jour,heure,minute,departement,commune_insee,adresse,latitude,longitude,luminosite,agglomeration,intersection,meteo,collision,nb_vehicules,nb_usagers,nb_indemnes,nb_tues,nb_blesses_hosp,nb_blesses_legers,age_cond_1,age_cond_2,veh_type_cond_1,veh_type_cond_2,lum_code,agg_code,int_code,atm_code,col_code
200700069407,0007-11-14 12:00:00,7,11,14,12,0,500,129,"63, MENDES FRANCE (BOULE",,,Plein jour,En agglomération,Hors intersection,Normale,Deux véhicules - arrière,,,,,,,,,,,1,2,1,1,2
200700069408,0007-11-16 10:30:00,7,11,16,10,30,500,602,"47, CORNEILLE (RUE PIERR",,,Plein jour,En agglomération,Hors intersection,Normale,Sans collision,,,,,,,,,,,1,2,1,1,7
200700069409,0007-11-17 01:45:00,7,11,17,1,45,500,173,"0, SALINE (BOULEVARD DE",,,Nuit avec éclairage allumé,En agglomération,Hors intersection,Normale,Autre collision,,,,,,,,,,,5,2,1,1,6
200700069410,0007-11-17 12:40:00,7,11,17,12,40,500,129,LECLERC (RUE DU MARECHAL,,,Plein jour,En agglomération,Hors intersection,Normale,Sans collision,,,,,,,,,,,1,2,1,1,7
200700069411,0007-11-19 08:45:00,7,11,19,8,45,500,129,"93 TER, LOUBET (RUE DU P",,,Plein jour,En agglomération,Hors intersection,Normale,Deux véhicules - côté,,,,,,,,,,,1,2,1,1,3
200700069412,0007-11-21 18:35:00,7,11,21,18,35,500,129,"0, VAUBAN (RUE)",,,Nuit avec éclairage allumé,En agglomération,Hors intersection,Normale,Sans collision,,,,,,,,,,,5,2,1,1,7
200700069413,0007-11-25 00:50:00,7,11,25,0,50,500,129,"00, BRIAND (AVENUE)",,,Nuit avec éclairage allumé,En agglomération,Intersection en X,Pluie légère,Deux véhicules - côté,,,,,,,,,,,5,2,2,2,3
200700069414,0007-11-27 14:55:00,7,11,27,14,55,500,602,"00, MANCHE (BOULEVARD DE",,,Plein jour,En agglomération,Hors intersection,Normale,Deux véhicules - côté,,,,,,,,,,,1,2,1,1,3
200700069415,0007-11-27 18:05:00,7,11,27,18,5,500,203,"37 bis, LUCET (RUE)",,,Nuit avec éclairage allumé,En agglomération,Hors intersection,Normale,Deux véhicules - côté,,,,,,,,,,,5,2,1,1,3
200700069416,0007-11-27 19:25:00,7,11,27,19,25,500,203,"00, ROUGES TERRES (LES)",,,Nuit avec éclairage allumé,En agglomération,Hors intersection,Normale,Sans collision,,,,,,,,,,,5,2,1,1,7
200700069417,0007-11-29 13:50:00,7,11,29,13,50,500,129,"0, ATLANTIQUE (BOULEVARD",,,Plein jour,En agglomération,Hors intersection,Normale,Deux véhicules - arrière,,,,,,,,,,,1,2,1,1,2
200700069418,0007-11-29 17:00:00,7,11,29,17,0,500,129,ABBAYE (RUE DE L'),,,Crépuscule ou aube,En agglomération,Hors intersection,Normale,Deux véhicules - arrière,,,,,,,,,,,2,2,1,1,2
200700069419,0007-11-13 12:40:00,7,11,13,12,40,500,147,"0, VAUDON",,,Plein jour,En agglomération,Giratoire,Pluie légère,Deux véhicules - côté,,,,,,,,,,,1,2,6,2,3
200700069420,0007-11-20 18:20:00,7,11,20,18,20,500,218,VILLEDIEU LES POELES (RO,,,Nuit sans éclairage public,Hors agglomération,Hors intersection,Pluie légère,Autre collision,,,,,,,,,,,3,1,1,2,6
200700069421,0007-11-21 15:10:00,7,11,21,15,10,500,218,", VIEUX MOULIN (RUE DU)",,,Plein jour,En agglomération,Hors intersection,Normale,Deux véhicules - côté,,,,,,,,,,,1,2,1,1,3
200700069422,0007-11-22 19:30:00,7,11,22,19,30,500,218,"20, COURAYE (RUE)",,,Nuit avec éclairage non allumé,En agglomération,Hors intersection,Normale,Autre collision,,,,,,,,,,,4,2,1,1,6
200700069423,0007-11-26 17:55:00,7,11,26,17,55,500,218,"867, MATIGNON (AV DES)",,,Nuit avec éclairage allumé,En agglomération,Hors intersection,Normale,Autre collision,,,,,,,,,,,5,2,1,1,6
200700069424,0007-11-28 13:00:00,7,11,28,13,0,500,647,VILLEDIEU (ROUTE DE),,,Plein jour,En agglomération,Hors intersection,Normale,Deux véhicules - côté,,,,,,,,,,,1,2,1,1,3
200700069425,0007-11-13 18:10:00,7,11,13,18,10,510,108,"42, DE GAULLE (AVE GENER",,,Nuit avec éclairage allumé,En agglomération,Hors intersection,Pluie légère,Autre collision,,,,,,,,,,,5,2,1,2,6
200700069426,0007-11-14 22:25:00,7,11,14,22,25,510,108,ROLLAND (RUE ROMAIN),,,Nuit avec éclairage allumé,En agglomération,Hors intersection,Normale,Autre collision,,,,,,,,,,,5,2,1,1,6
200700069427,0007-11-25 18:40:00,7,11,25,18,40,510,108,"84, JAURES (RUE JEAN) (S",,,Nuit avec éclairage allumé,En agglomération,Hors intersection,Autre,Autre collision,,,,,,,,,,,5,2,1,9,6
200700069428,0007-11-04 19:15:00,7,11,4,19,15,510,454,HENROT (BOULEVARD HENRI),,,Nuit avec éclairage allumé,En agglomération,Autre intersection,Pluie légère,Deux véhicules - côté,,,,,,,,,,,5,2,9,2,3
200700069429,0007-11-07 04:40:00,7,11,7,4,40,510,454,EPERNAY (AVENUE D') COTE,,,Nuit avec éclairage allumé,En agglomération,Hors intersection,Normale,Autre collision,,,,,,,,,,,5,2,1,1,6
200700069430,0007-11-08 20:00:00,7,11,8,20,0,510,454,PAIX (BOULEVARD DE LA),,,Nuit avec éclairage allumé,En agglomération,Intersection en X,Pluie légère,Deux véhicules - côté,,,,,,,,,,,5,2,2,2,3
200700069431,0007-11-12 07:40:00,7,11,12,7,40,510,454,PRE AUX MOINES (QUAI),,,Plein jour,En agglomération,Hors intersection,Normale,Deux véhicules - frontale,,,,,,,,,,,1,2,1,1,1
200700069432,0007-11-13 18:32:00,7,11,13,18,32,510,454,"1, SCHWEITZER (RUE DU DO",,,Nuit avec éclairage allumé,En agglomération,Hors intersection,Pluie légère,Autre collision,,,,,,,,,,,5,2,1,2,6
200700069433,0007-11-22 09:10:00,7,11,22,9,10,510,454,"4, JAMIN (BOULEVARD)",,,Plein jour,En agglomération,Hors intersection,Brouillard / fumée,Autre collision,,,,,,,,,,,1,2,1,5,6
200700069434,0007-11-22 13:10:00,7,11,22,13,10,510,454,LENOIR (RUE CAMILLE),,,Plein jour,En agglomération,Hors intersection,Normale,Autre collision,,,,,,,,,,,1,2,1,1,6
200700069435,0007-11-10 12:30:00,7,11,10,12,30,520,121,RD 674,,,Plein jour,Hors agglomération,Hors intersection,Pluie légère,Autre collision,,,,,,,,,,,1,1,1,2,6
200700069436,0007-11-10 19:41:00,7,11,10,19,41,520,121,RD 65 B,,,Nuit avec éclairage non allumé,Hors agglomération,Hors intersection,Pluie légère,Autre collision,,,,,,,,,,,4,1,1,2,6
200700069437,0007-11-03 14:10:00,7,11,3,14,10,520,121,"10, SAINT EXUPERY (RUE A",,,Plein jour,En agglomération,Intersection en T,Normale,Deux véhicules - côté,,,,,,,,,,,1,2,3,1,3
200700069438,0007-11-09 08:20:00,7,11,9,8,20,520,448,VERGY (RUE DE),,,Crépuscule ou aube,Hors agglomération,Hors intersection,Normale,Deux véhicules - arrière,,,,,,,,,,,2,1,1,1,2
200700069439,0007-11-09 12:30:00,7,11,9,12,30,520,448,"20, GENEVOIX (PLACE MAUR",,,Plein jour,Hors agglomération,Hors intersection,Normale,Autre collision,,,,,,,,,,,1,1,1,1,6
200700069440,0007-11-16 12:15:00,7,11,16,12,15,520,448,"10, LAMARTINE (RUE)",,,Plein jour,En agglomération,Hors intersection,Normale,Deux véhicules - côté,,,,,,,,,,,1,2,1,1,3
200700069441,0007-11-09 17:55:00,7,11,9,17,55,540,263,"3, THOREZ (RUE MAURICE)",,,Crépuscule ou aube,En agglomération,Passage à niveau,Pluie légère,Autre collision,,,,,,,,,,,2,2,8,2,6
200700069442,0007-11-12 07:50:00,7,11,12,7,50,540,99,138 (RD),,,Plein jour,Hors agglomération,Hors intersection,Autre,Deux véhicules - côté,,,,,,,,,,,1,1,1,9,3
200700069443,0007-11-15 13:15:00,7,11,15,13,15,540,329,AV. DU 30éme GROUPE DE C,,,Plein jour,En agglomération,Autre intersection,Normale,Deux véhicules - frontale,,,,,,,,,,,1,2,9,1,1
200700069444,0007-11-01 06:04:00,7,11,1,6,4,540,395,"1, JOFFRE (BOULEVARD)",,,Nuit avec éclairage allumé,En agglomération,Intersection en T,Normale,Autre collision,,,,,,,,,,,5,2,3,1,6
200700069445,0007-11-01 14:15:00,7,11,1,14,15,540,482,"1, ESSEY (RUE D')",,,Plein jour,En agglomération,Intersection en T,Normale,Autre collision,,,,,,,,,,,1,2,3,1,6
200700069446,0007-11-02 10:20:00,7,11,2,10,20,540,395,"1, HUGO (RUE VICTOR)",,,Plein jour,En agglomération,Intersection en X,Normale,Autre collision,,,,,,,,,,,1,2,2,1,6
200700069447,0007-11-02 11:15:00,7,11,2,11,15,540,328,"300, MAZUROTS (RUE DES)",,,Plein jour,En agglomération,Hors intersection,Normale,Autre collision,,,,,,,,,,,1,2,1,1,6
200700069448,0007-11-02 19:25:00,7,11,2,19,25,540,395,"97, CROSNE (RUE DU)",,,Nuit avec éclairage allumé,En agglomération,Hors intersection,Normale,Deux véhicules - frontale,,,,,,,,,,,5,2,1,1,1
200700069449,0007-11-03 11:10:00,7,11,3,11,10,540,395,"64, BOUDONVILLE (RUE DE)",,,Plein jour,En agglomération,Intersection en T,Normale,Deux véhicules - arrière,,,,,,,,,,,1,2,3,1,2
200700069450,0007-11-03 17:30:00,7,11,3,17,30,540,526,"1, POTIER (RUE EUGENE)",,,Crépuscule ou aube,En agglomération,Intersection en X,Temps couvert,Deux véhicules - côté,,,,,,,,,,,2,2,2,8,3
200700069451,0007-11-05 10:00:00,7,11,5,10,0,540,304,"2, SAPINIERE (RUE DE LA)",,,Plein jour,En agglomération,Hors intersection,Normale,Autre collision,,,,,,,,,,,1,2,1,1,6
200700069452,0007-11-05 08:08:00,7,11,5,8,8,540,547,"1, GEMBLOUX (RUE DE)",,,Plein jour,Hors agglomération,Intersection en T,Normale,Deux véhicules - frontale,,,,,,,,,,,1,1,3,1,1
200700069453,0007-11-05 13:10:00,7,11,5,13,10,540,547,"27, WILSON (RUE)",,,Plein jour,En agglomération,Hors intersection,Normale,Autre collision,,,,,,,,,,,1,2,1,1,6
200700069454,0007-11-05 13:50:00,7,11,5,13,50,540,547,"1, GEMBLOUX (RUE DE)",,,Plein jour,En agglomération,Hors intersection,Normale,Autre collision,,,,,,,,,,,1,2,1,1,6
200700069455,0007-11-05 18:00:00,7,11,5,18,0,540,395,"1, MAZAGRAN (RUE)",,,Nuit avec éclairage allumé,En agglomération,Intersection en T,Normale,Deux véhicules - arrière,,,,,,,,,,,5,2,3,1,2
200700069456,0007-11-06 19:55:00,7,11,6,19,55,540,395,"176, MON DESERT (RUE)",,,Nuit avec éclairage allumé,En agglomération,Hors intersection,Pluie légère,Deux véhicules - côté,,,,,,,,,,,5,2,1,2,3
200700069457,0007-11-08 16:50:00,7,11,8,16,50,540,547,NORVEGE (RUE DE),,,Plein jour,En agglomération,Intersection en T,Pluie légère,Deux véhicules - arrière,,,,,,,,,,,1,2,3,2,2
200700069458,0007-11-08 17:05:00,7,11,8,17,5,540,526,FRATERNITE (RUE DE LA),,,Crépuscule ou aube,En agglomération,Hors intersection,Normale,Trois véhicules et plus - en chaîne,,,,,,,,,,,2,2,1,1,4
200700069459,0007-11-08 18:55:00,7,11,8,18,55,540,395,"161, LIBERATION (AVENUE",,,Nuit avec éclairage allumé,En agglomération,Hors intersection,Pluie légère,Deux véhicules - arrière,,,,,,,,,,,5,2,1,2,2
200700069460,0007-11-08 18:50:00,7,11,8,18,50,540,578,"1, MULLER (AVENUE PAUL)",,,Nuit avec éclairage allumé,En agglomération,Intersection en T,Normale,Deux véhicules - frontale,,,,,,,,,,,5,2,3,1,1
200700069461,0007-11-09 07:05:00,7,11,9,7,5,540,395,"1, MALZEVILLE (RUE ET SE",,,Crépuscule ou aube,En agglomération,Intersection en Y,Normale,Deux véhicules - côté,,,,,,,,,,,2,2,4,1,3
200700069462,0007-11-09 12:20:00,7,11,9,12,20,540,526,RD 2 BIS,,,Plein jour,Hors agglomération,Hors intersection,Normale,Deux véhicules - arrière,,,,,,,,,,,1,1,1,1,2
200700069463,0007-11-09 18:40:00,7,11,9,18,40,540,395,"13, SAINT LEON (RUE ET E",,,Nuit avec éclairage allumé,En agglomération,Intersection à plus de 4 branches,Normale,Autre collision,,,,,,,,,,,5,2,5,1,6
200700069464,0007-11-09 19:15:00,7,11,9,19,15,540,482,"48, ALEXANDRE 1ER (RUE)",,,Nuit avec éclairage allumé,En agglomération,Intersection en T,Normale,Autre collision,,,,,,,,,,,5,2,3,1,6
200700069465,0007-11-10 08:40:00,7,11,10,8,40,540,395,"100, LIBERATION (AVENUE",,,Plein jour,En agglomération,Hors intersection,Pluie légère,Trois véhicules et plus - collisions multiples,,,,,,,,,,,1,2,1,2,5
200700069466,0007-11-13 17:30:00,7,11,13,17,30,540,357,"1, REPUBLIQUE (RUE DE LA",,,Nuit avec éclairage non allumé,En agglomération,Intersection en X,Pluie légère,Deux véhicules - côté,,,,,,,,,,,4,2,2,2,3
200700069467,0007-11-13 17:30:00,7,11,13,17,30,540,482,"1, BARTHOU (RUE LOUIS)",,,Nuit avec éclairage allumé,En agglomération,Hors intersection,Normale,Deux véhicules - arrière,,,,,,,,,,,5,2,1,1,2
200700069468,0007-11-15 12:15:00,7,11,15,12,15,540,395,"14, MOTHE (RUE DE LA)",,,Plein jour,En agglomération,Hors intersection,Normale,Autre collision,,,,,,,,,,,1,2,1,1,6
200700069469,0007-11-16 19:20:00,7,11,16,19,20,540,578,"1, AIGUILLETTES  (BD 1 A",,,Nuit avec éclairage allumé,En agglomération,Intersection en T,Normale,Autre collision,,,,,,,,,,,5,2,3,1,6
200700069470,0007-11-17 00:04:00,7,11,17,0,4,540,395,AMERVAL  (RUE D'),,,Nuit avec éclairage allumé,En agglomération,Intersection en T,Normale,Autre collision,,,,,,,,,,,5,2,3,1,6
200700069471,0007-11-18 14:45:00,7,11,18,14,45,540,25,"1, ROBIN (RUE DU BOIS)",,,Plein jour,Hors agglomération,Hors intersection,Normale,Deux véhicules - côté,,,,,,,,,,,1,1,1,1,3
200700069472,0007-11-18 21:00:00,7,11,18,21,0,540,395,"30, BOUFFLERS (AVENUE) D",,,Nuit avec éclairage allumé,En agglomération,Hors intersection,Normale,Autre collision,,,,,,,,,,,5,2,1,1,6
200700069473,0007-11-19 19:25:00,7,11,19,19,25,540,395,"1, SENN (RUE DU RECTEUR)",,,Nuit avec éclairage allumé,En agglomération,Intersection en X,Normale,Autre collision,,,,,,,,,,,5,2,2,1,6
200700069474,0007-11-20 16:40:00,7,11,20,16,40,540,395,"19, COLLINE (RUE DE LA)",,,Crépuscule ou aube,En agglomération,Hors intersection,Normale,Autre collision,,,,,,,,,,,2,2,1,1,6
200700069475,0007-11-21 05:30:00,7,11,21,5,30,540,300,"18, HUIT MAI 1945 (AVENU",,,Crépuscule ou aube,En agglomération,Hors intersection,Normale,Deux véhicules - côté,,,,,,,,,,,2,2,1,1,3
200700069476,0007-11-21 17:20:00,7,11,21,17,20,540,357,REPUBLIQUE (RUE DE LA),,,Nuit avec éclairage allumé,En agglomération,Intersection en X,Normale,Deux véhicules - côté,,,,,,,,,,,5,2,2,1,3
200700069477,0007-11-21 17:40:00,7,11,21,17,40,540,395,"18, CHARLES V (BOULEVARD",,,Nuit avec éclairage allumé,En agglomération,Hors intersection,Pluie légère,Deux véhicules - arrière,,,,,,,,,,,5,2,1,2,2
200700069478,0007-11-22 11:20:00,7,11,22,11,20,540,395,MATHIEU (RUE DU CARDINAL,,,Plein jour,En agglomération,Intersection en T,Normale,Deux véhicules - côté,,,,,,,,,,,1,2,3,1,3
200700069479,0007-11-19 13:00:00,7,11,19,13,0,540,395,"1, VAUBAN (RUE)",,,Plein jour,En agglomération,Hors intersection,Normale,Deux véhicules - côté,,,,,,,,,,,1,2,1,1,3
200700069480,0007-11-23 19:10:00,7,11,23,19,10,540,395,"1, ALBERT 1ER  (BD)",,,Nuit avec éclairage allumé,En agglomération,Intersection en T,Pluie légère,Deux véhicules - côté,,,,,,,,,,,5,2,3,2,3
200700069481,0007-11-24 18:15:00,7,11,24,18,15,540,547,"1, EUROPE (BOULEVARD DE",,,Nuit avec éclairage allumé,En agglomération,Autre intersection,Normale,Deux véhicules - arrière,,,,,,,,,,,5,2,9,1,2
200700069482,0007-11-24 20:05:00,7,11,24,20,5,540,304,SAPINIERE (RUE DE LA),,,Nuit avec éclairage allumé,En agglomération,Intersection en X,Pluie légère,Deux véhicules - côté,,,,,,,,,,,5,2,2,2,3
200700069483,0007-11-24 20:55:00,7,11,24,20,55,540,395,"420, LIBERATION (AVENUE",,,Nuit avec éclairage allumé,En agglomération,Intersection en X,Normale,Deux véhicules - arrière,,,,,,,,,,,5,2,2,1,2
200700069484,0007-11-24 23:15:00,7,11,24,23,15,540,526,"1, POTIER (RUE EUGENE)",,,Nuit avec éclairage allumé,En agglomération,Intersection en T,Normale,Deux véhicules - arrière,,,,,,,,,,,5,2,3,1,2
200700069485,0007-11-25 00:35:00,7,11,25,0,35,540,395,VINGT SIXIEME R.I. (BOUL,,,Nuit avec éclairage allumé,En agglomération,Hors intersection,Normale,Deux véhicules - côté,,,,,,,,,,,5,2,1,1,3
200700069486,0007-11-25 19:10:00,7,11,25,19,10,540,578,"1, HARDEVAL (CHEMIN D')",,,Nuit avec éclairage allumé,En agglomération,Intersection en X,Pluie légère,Deux véhicules - côté,,,,,,,,,,,5,2,2,2,3
200700069487,0007-11-26 09:25:00,7,11,26,9,25,540,395,"1, CHARLEMAGNE (BD)",,,Plein jour,En agglomération,Intersection en X,Normale,Deux véhicules - côté,,,,,,,,,,,1,2,2,1,3
200700069488,0007-11-27 18:00:00,7,11,27,18,0,540,395,"174, BOUFFLERS (AV. DE 7",,,Nuit avec éclairage allumé,En agglomération,Intersection en T,Normale,Autre collision,,,,,,,,,,,5,2,3,1,6
200700069489,0007-11-27 19:35:00,7,11,27,19,35,540,357,"1, RD 30",,,Nuit avec éclairage allumé,Hors agglomération,Intersection en X,Temps couvert,Deux véhicules - frontale,,,,,,,,,,,5,1,2,8,1
200700069490,0007-11-28 08:05:00,7,11,28,8,5,540,482,"1, DIDEROT (RUE/SQUARE)",,,Plein jour,En agglomération,Intersection en X,Normale,Deux véhicules - arrière,,,,,,,,,,,1,2,2,1,2
200700069491,0007-11-28 17:30:00,7,11,28,17,30,540,547,ARC (AVENUE JEANNE D'),,,Nuit avec éclairage allumé,En agglomération,Intersection en X,Normale,Autre collision,,,,,,,,,,,5,2,2,1,6
200700069492,0007-11-28 18:20:00,7,11,28,18,20,540,395,"195, BOUFFLERS (AV. DE 7",,,Nuit avec éclairage allumé,En agglomération,Intersection en T,Normale,Autre collision,,,,,,,,,,,5,2,3,1,6
200700069493,0007-11-28 20:15:00,7,11,28,20,15,540,184,"1, BRIGACHTAL (AVENUE DE",,,Crépuscule ou aube,En agglomération,Giratoire,Normale,Deux véhicules - arrière,,,,,,,,,,,2,2,6,1,2
200700069494,0007-11-30 08:45:00,7,11,30,8,45,540,184,"1, MOENCH (RUE CHRISTIAN",,,Plein jour,En agglomération,Intersection à plus de 4 branches,Normale,Deux véhicules - côté,,,,,,,,,,,1,2,5,1,3
200700069495,0007-11-30 16:30:00,7,11,30,16,30,540,274,"1, OPALINSKA (rue Cather",,,Plein jour,En agglomération,Intersection en X,Normale,Autre collision,,,,,,,,,,,1,2,2,1,6
200700069496,0007-11-30 17:40:00,7,11,30,17,40,540,547,BELGIQUE (RUE DE),,,Nuit avec éclairage allumé,En agglomération,Intersection en T,Normale,Autre collision,,,,,,,,,,,5,2,3,1,6
200700069497,0007-11-23 17:50:00,7,11,23,17,50,540,431,"226, SCA (CHEMIN DE)",,,Nuit avec éclairage allumé,En agglomération,Hors intersection,Pluie légère,Autre collision,,,,,,,,,,,5,2,1,2,6
200700069498,0007-11-06 18:30:00,7,11,6,18,30,540,528,JEANNE D'ARC,,,Nuit avec éclairage allumé,En agglomération,Intersection en T,Normale,Deux véhicules - côté,,,,,,,,,,,5,2,3,1,3
200700069499,0007-11-15 08:15:00,7,11,15,8,15,540,528,GLACIERE (QUAI DE LA),,,Plein jour,En agglomération,Intersection en T,Normale,Autre collision,,,,,,,,,,,1,2,3,1,6
200700069500,0007-11-24 08:07:00,7,11,24,8,7,540,167,"52, FOCH (AVENUE)",,,Plein jour,En agglomération,Hors intersection,Normale,Autre collision,,,,,,,,,,,1,2,1,1,6
200700069501,0007-11-26 17:03:00,7,11,26,17,3,540,528,GENERAL BIGEARD (AVENUE),,,Crépuscule ou aube,En agglomération,Intersection à plus de 4 branches,Normale,Deux véhicules - côté,,,,,,,,,,,2,2,5,1,3
200700069502,0007-11-26 19:43:00,7,11,26,19,43,540,167,HOPITAL JEANNE D'ARC,,,Nuit sans éclairage public,Hors agglomération,Intersection en T,Normale,Deux véhicules - côté,,,,,,,,,,,3,1,3,1,3
200700069503,0007-11-14 08:10:00,7,11,14,8,10,550,29,"74, ROCHELLE ( BOULEVARD",,,Plein jour,En agglomération,Hors intersection,Normale,Autre collision,,,,,,,,,,,1,2,1,1,6
200700069504,0007-11-20 12:30:00,7,11,20,12,30,550,476,D180,,,Plein jour,En agglomération,Hors intersection,Normale,Deux véhicules - côté,,,,,,,,,,,1,2,1,1,3
200700069505,0007-11-20 09:32:00,7,11,20,9,32,550,29,RN135,,,Plein jour,En agglomération,Hors intersection,Normale,Deux véhicules - côté,,,,,,,,,,,1,2,1,1,3
200700069506,0007-11-13 18:10:00,7,11,13,18,10,550,545,DOUAUMONT ( AVENUE DE ),,,Nuit avec éclairage allumé,En agglomération,Hors intersection,Pluie légère,Sans collision,,,,,,,,,,,5,2,1,2,7
200700069507,0007-11-16 18:20:00,7,11,16,18,20,550,43,DE GAULLE (GENERAL),,,Nuit avec éclairage allumé,En agglomération,Intersection en T,Normale,Deux véhicules - frontale,,,,,,,,,,,5,2,3,1,1
200700069508,0007-11-01 22:20:00,7,11,1,22,20,560,121,"92, BEAUVAIS (RUE)",,,Nuit avec éclairage allumé,En agglomération,Hors intersection,Normale,Sans collision,,,,,,,,,,,5,2,1,1,7
200700069509,0007-11-02 14:00:00,7,11,2,14,0,560,98,"1, SAKHAROV (RUE  ANDRE",,,Plein jour,En agglomération,Hors intersection,Normale,Trois véhicules et plus - en chaîne,,,,,,,,,,,1,2,1,1,4
200700069510,0007-11-02 14:50:00,7,11,2,14,50,560,121,"1, FRANCE ( AVE ANATOLE",,,Plein jour,En agglomération,Giratoire,Normale,Deux véhicules - côté,,,,,,,,,,,1,2,6,1,3
200700069511,0007-11-03 20:40:00,7,11,3,20,40,560,121,"47, DEMAINE ( BD YVES )",,,Nuit avec éclairage allumé,En agglomération,Hors intersection,Normale,Sans collision,,,,,,,,,,,5,2,1,1,7
200700069512,0007-11-07 08:20:00,7,11,7,8,20,560,83,"1, VERNE ( ET ALLEE",,,Plein jour,En agglomération,Intersection en T,Normale,Trois véhicules et plus - collisions multiples,,,,,,,,,,,1,2,3,1,5
200700069513,0007-11-07 10:25:00,7,11,7,10,25,560,121,"1, FRANCE ( AVE ANATOLE",,,Plein jour,En agglomération,Hors intersection,Normale,Sans collision,,,,,,,,,,,1,2,1,1,7
200700069514,0007-11-08 14:09:00,7,11,8,14,9,560,121,KENNEDY ( ET RD-PT DU PR,,,Plein jour,En agglomération,Giratoire,Normale,Deux véhicules - côté,,,,,,,,,,,1,2,6,1,3
200700069515,0007-11-08 18:40:00,7,11,8,18,40,560,83,"1, KERPOTENCE (RUE  DE )",,,Nuit avec éclairage allumé,En agglomération,Hors intersection,Normale,Deux véhicules - arrière,,,,,,,,,,,5,2,1,1,2
200700069516,0007-11-11 04:30:00,7,11,11,4,30,560,83,LUMIERE ( AV. DES FRERES,,,Nuit sans éclairage public,Hors agglomération,Hors intersection,Normale,Sans collision,,,,,,,,,,,3,1,1,1,7
200700069517,0007-11-12 07:55:00,7,11,12,7,55,560,121,"5, BERLIOZ (RUE  HECTOR",,,Plein jour,En agglomération,Hors intersection,Normale,Sans collision,,,,,,,,,,,1,2,1,1,7
200700069518,0007-11-12 09:05:00,7,11,12,9,5,560,121,"17, NORMANDIE ( BD ET IM",,,Plein jour,En agglomération,Hors intersection,Normale,Sans collision,,,,,,,,,,,1,2,1,1,7
200700069519,0007-11-12 15:25:00,7,11,12,15,25,560,98,"72, CROIZAT ( AVE AMBROI",,,Plein jour,En agglomération,Hors intersection,Normale,Deux véhicules - arrière,,,,,,,,,,,1,2,1,1,2
200700069520,0007-11-13 17:00:00,7,11,13,17,0,560,98,"17, MITTERAND ( AV. FRAN",,,Plein jour,En agglomération,Hors intersection,Normale,Deux véhicules - côté,,,,,,,,,,,1,2,1,1,3
200700069521,0007-11-14 17:34:00,7,11,14,17,34,560,98,"1, GUERN (RUE DE LA)",,,Plein jour,En agglomération,Intersection en X,Normale,Deux véhicules - côté,,,,,,,,,,,1,2,2,1,3
200700069522,0007-11-15 14:15:00,7,11,15,14,15,560,83,"1, LA FLAMME ( PONT JEHA",,,Plein jour,En agglomération,Intersection en X,Normale,Trois véhicules et plus - collisions multiples,,,,,,,,,,,1,2,2,1,5
200700069523,0007-11-16 07:30:00,7,11,16,7,30,560,98,"1, MITTERAND ( AV. FRANC",,,Nuit avec éclairage allumé,En agglomération,Hors intersection,Normale,Deux véhicules - arrière,,,,,,,,,,,5,2,1,1,2
200700069524,0007-11-16 08:25:00,7,11,16,8,25,560,98,"1, SCRIBE (RUE  AUGUSTE",,,Plein jour,En agglomération,Hors intersection,Normale,Sans collision,,,,,,,,,,,1,2,1,1,7
200700069525,0007-11-16 16:55:00,7,11,16,16,55,560,162,"4, DUPUY DE LOME (RUE)",,,Plein jour,En agglomération,Hors intersection,Temps éblouissant,Deux véhicules - arrière,,,,,,,,,,,1,2,1,7,2
200700069526,0007-11-20 11:14:00,7,11,20,11,14,560,121,"0, CHAZELLES ( COURS LOU",,,Plein jour,En agglomération,Hors intersection,Pluie forte,Sans collision,,,,,,,,,,,1,2,1,3,7
200700069527,0007-11-21 05:01:00,7,11,21,5,1,560,107,"1, ROUTE DEPARTEMENTALE",,,Nuit sans éclairage public,Hors agglomération,Hors intersection,Normale,Sans collision,,,,,,,,,,,3,1,1,1,7
200700069528,0007-11-20 19:25:00,7,11,20,19,25,560,83,"37, LOCHRIST ( ROUTE DE",,,Nuit sans éclairage public,En agglomération,Hors intersection,Normale,Sans collision,,,,,,,,,,,3,2,1,1,7
200700069529,0007-11-24 17:45:00,7,11,24,17,45,560,121,"82, MULLER ( DU COLONEL",,,Nuit avec éclairage allumé,En agglomération,Hors intersection,Normale,Deux véhicules - côté,,,,,,,,,,,5,2,1,1,3
200700069530,0007-11-25 01:30:00,7,11,25,1,30,560,121,"1, ROHAN ( Q DE )",,,Nuit avec éclairage allumé,En agglomération,Hors intersection,Normale,Sans collision,,,,,,,,,,,5,2,1,1,7
200700069531,0007-11-25 22:16:00,7,11,25,22,16,560,121,"1, INDES ( QUAI DES )",,,Nuit avec éclairage allumé,En agglomération,Intersection en X,Normale,Deux véhicules - côté,,,,,,,,,,,5,2,2,1,3
200700069532,0007-11-23 12:21:00,7,11,23,12,21,560,98,"1, BILLOUX ( AV. FRANCOI",,,Plein jour,En agglomération,Hors intersection,Normale,Sans collision,,,,,,,,,,,1,2,1,1,7
200700069533,0007-11-26 18:35:00,7,11,26,18,35,560,162,"1, MITTERRAND (RUE FRANC",,,Nuit avec éclairage allumé,En agglomération,Hors intersection,Normale,Sans collision,,,,,,,,,,,5,2,1,1,7