accident_id,datetime,annee,mois,jour,heure,minute,departement,commune_insee,adresse,latitude,longitude,luminosite,agglomeration,intersection,meteo,collision,nb_vehicules,nb_usagers,nb_indemnes,nb_tues,nb_blesses_hosp,nb_blesses_legers,age_cond_1,age_cond_2,veh_type_cond_1,veh_type_cond_2,lum_code,agg_code,int_code,atm_code,col_code
200700069534,0007-11-27 08:42:00,7,11,27,8,42,560,83,ROUTE NATIONALE  165,,,Plein jour,Hors agglomération,Hors intersection,Normale,Sans collision,,,,,,,,,,,1,1,1,1,7
200700069535,0007-11-29 10:01:00,7,11,29,10,1,560,121,"1, ENCLOS DU PORT (RUE",,,Plein jour,En agglomération,Intersection en X,Normale,Deux véhicules - côté,,,,,,,,,,,1,2,2,1,3
200700069536,0007-11-29 20:10:00,7,11,29,20,10,560,121,"84, DE GAULLE ( AVE DU G",,,Nuit avec éclairage allumé,En agglomération,Autre intersection,Temps couvert,Sans collision,,,,,,,,,,,5,2,9,8,7
200700069537,0007-11-29 21:50:00,7,11,29,21,50,560,98,"1, ALLENDE ( AV. PRESIDE",,,Nuit avec éclairage allumé,En agglomération,Hors intersection,Normale,Autre collision,,,,,,,,,,,5,2,1,1,6
200700069538,0007-11-13 02:10:00,7,11,13,2,10,560,260,"67, HERRIOT(AVENUE EDOUA",,,Nuit avec éclairage allumé,En agglomération,Hors intersection,Normale,Sans collision,,,,,,,,,,,5,2,1,1,7
200700069539,0007-11-22 20:15:00,7,11,22,20,15,560,260,"., HOCHE(RUE)",,,Nuit avec éclairage allumé,En agglomération,Hors intersection,Normale,Autre collision,,,,,,,,,,,5,2,1,1,6
200700069540,0007-11-16 09:55:00,7,11,16,9,55,560,260,"., MONNET(AVENUE JEAN)",,,Plein jour,En agglomération,Hors intersection,Normale,Autre collision,,,,,,,,,,,1,2,1,1,6
200700069541,0007-11-30 09:00:00,7,11,30,9,0,560,260,"., JUIN(AVENUE DU MARECH",,,Plein jour,En agglomération,Intersection en T,Temps couvert,Autre collision,,,,,,,,,,,1,2,3,8,6
200700069542,0007-11-02 17:53:00,7,11,2,17,53,560,260,"., CALDRAY(RUE GEORGES)",,,Plein jour,En agglomération,Intersection en X,Normale,Deux véhicules - côté,,,,,,,,,,,1,2,2,1,3
200700069543,0007-11-29 18:20:00,7,11,29,18,20,560,260,"., PAIX(BLD DE LA) 1 A 3",,,Plein jour,En agglomération,Hors intersection,Temps couvert,Deux véhicules - arrière,,,,,,,,,,,1,2,1,8,2
200700069544,0007-11-06 09:15:00,7,11,6,9,15,570,660,", SAINT THEODORE",,,Plein jour,En agglomération,Hors intersection,Pluie légère,Autre collision,,,,,,,,,,,1,2,1,2,6
200700069545,0007-11-19 06:40:00,7,11,19,6,40,570,227,PROUVE (RUE JEAN),,,Plein jour,En agglomération,Giratoire,Pluie légère,Deux véhicules - côté,,,,,,,,,,,1,2,6,2,3
200700069546,0007-11-30 13:50:00,7,11,30,13,50,570,537,"36, LIEUTENANT NAU(RUE)",,,Plein jour,En agglomération,Hors intersection,Pluie légère,Sans collision,,,,,,,,,,,1,2,1,2,7
200700069547,0007-11-08 11:15:00,7,11,8,11,15,570,597,"01, HENNEQUIN (RUE)",,,Plein jour,En agglomération,Intersection en T,Pluie légère,Deux véhicules - côté,,,,,,,,,,,1,2,3,2,3
200700069548,0007-11-01 18:15:00,7,11,1,18,15,570,480,"00, ROBERT SCHUMAN (AVEN",,,Nuit avec éclairage allumé,En agglomération,Intersection en X,Normale,Autre collision,,,,,,,,,,,5,2,2,1,6
200700069549,0007-11-02 15:30:00,7,11,2,15,30,570,751,"00, FORT GAMBETTA (RUE D",,,Plein jour,En agglomération,Hors intersection,Normale,Autre collision,,,,,,,,,,,1,2,1,1,6
200700069550,0007-11-02 16:20:00,7,11,2,16,20,570,463,"00, CORPS EXPEDITIONNAIR",,,Plein jour,En agglomération,Hors intersection,Normale,Autre collision,,,,,,,,,,,1,2,1,1,6
200700069551,0007-11-02 23:20:00,7,11,2,23,20,570,480,"195, PONT A MOUSSON (RUE",,,Nuit avec éclairage allumé,Hors agglomération,Hors intersection,Normale,Deux véhicules - frontale,,,,,,,,,,,5,1,1,1,1
200700069552,0007-11-06 22:05:00,7,11,6,22,5,570,463,"00, SOLIDARITE (BOULEVAR",,,Nuit avec éclairage allumé,En agglomération,Intersection en T,Normale,Autre collision,,,,,,,,,,,5,2,3,1,6
200700069553,0007-11-08 16:35:00,7,11,8,16,35,570,751,"00, DEUX FONTAINES (AVEN",,,Crépuscule ou aube,En agglomération,Giratoire,Pluie légère,Autre collision,,,,,,,,,,,2,2,6,2,6
200700069554,0007-11-08 17:15:00,7,11,8,17,15,570,480,"00, GENERAL FRANIATTE (R",,,Nuit avec éclairage allumé,En agglomération,Hors intersection,Pluie légère,Trois véhicules et plus - en chaîne,,,,,,,,,,,5,2,1,2,4
200700069555,0007-11-08 19:00:00,7,11,8,19,0,570,751,"171, THIONVILLE (AVENUE",,,Nuit avec éclairage allumé,En agglomération,Hors intersection,Pluie forte,Autre collision,,,,,,,,,,,5,2,1,3,6
200700069556,0007-11-08 19:15:00,7,11,8,19,15,570,463,"87, ARENES (RUE AUX)",,,Nuit avec éclairage allumé,En agglomération,Hors intersection,Pluie légère,Autre collision,,,,,,,,,,,5,2,1,2,6
200700069557,0007-11-09 16:30:00,7,11,9,16,30,570,463,"115, ANDRE MALRAUX (AVEN",,,Crépuscule ou aube,En agglomération,Hors intersection,Pluie légère,Sans collision,,,,,,,,,,,2,2,1,2,7
200700069558,0007-11-09 19:05:00,7,11,9,19,5,570,463,"26, XX EME CORPS AMERICA",,,Nuit avec éclairage allumé,En agglomération,Hors intersection,Temps couvert,Autre collision,,,,,,,,,,,5,2,1,8,6
200700069559,0007-11-10 14:05:00,7,11,10,14,5,570,487,"00, RD 157B",,,Plein jour,En agglomération,Hors intersection,Pluie légère,Deux véhicules - arrière,,,,,,,,,,,1,2,1,2,2
200700069560,0007-11-10 17:00:00,7,11,10,17,0,570,616,"00, PAUL LANGEVIN (AVENU",,,Crépuscule ou aube,En agglomération,Hors intersection,Pluie forte,Deux véhicules - côté,,,,,,,,,,,2,2,1,3,3
200700069561,0007-11-13 12:05:00,7,11,13,12,5,570,463,"00, NICOLAS JUNG (RUE",,,Plein jour,En agglomération,Hors intersection,Normale,Deux véhicules - côté,,,,,,,,,,,1,2,1,1,3
200700069562,0007-11-15 17:40:00,7,11,15,17,40,570,463,"24, PONT A MOUSSON (RUE",,,Nuit avec éclairage allumé,En agglomération,Hors intersection,Normale,Sans collision,,,,,,,,,,,5,2,1,1,7
200700069563,0007-11-20 06:30:00,7,11,20,6,30,570,463,"9, LORRY (ROUTE DE )",,,Nuit avec éclairage allumé,En agglomération,Hors intersection,Pluie légère,Autre collision,,,,,,,,,,,5,2,1,2,6
200700069564,0007-11-21 13:40:00,7,11,21,13,40,570,463,"00, RANCONVAL (PONT DE )",,,Plein jour,En agglomération,Hors intersection,Pluie légère,Deux véhicules - côté,,,,,,,,,,,1,2,1,2,3
200700069565,0007-11-21 17:30:00,7,11,21,17,30,570,480,"00, GENERAL FRANIATTE (R",,,Crépuscule ou aube,Hors agglomération,Intersection en T,Normale,Deux véhicules - côté,,,,,,,,,,,2,1,3,1,3
200700069566,0007-11-22 13:55:00,7,11,22,13,55,570,463,"00, PONTIFFROY (BOULEVAR",,,Plein jour,En agglomération,Intersection en X,Normale,Deux véhicules - côté,,,,,,,,,,,1,2,2,1,3
200700069567,0007-11-28 18:10:00,7,11,28,18,10,570,463,"36, HAUTE SEILLE (RUE )",,,Nuit avec éclairage allumé,En agglomération,Hors intersection,Normale,Autre collision,,,,,,,,,,,5,2,1,1,6
200700069568,0007-11-08 05:50:00,7,11,8,5,50,570,606,RN 3,,,Nuit sans éclairage public,Hors agglomération,Intersection en T,Temps couvert,Trois véhicules et plus - collisions multiples,,,,,,,,,,,3,1,3,8,5
200700069569,0007-11-26 17:00:00,7,11,26,17,0,570,630,JOFFRE (MARECHAL)L,,,Nuit avec éclairage allumé,En agglomération,Hors intersection,Pluie légère,Autre collision,,,,,,,,,,,5,2,1,2,6
200700069570,0007-11-09 12:50:00,7,11,9,12,50,570,630,MESANGE,,,Plein jour,En agglomération,Intersection en X,Normale,Deux véhicules - côté,,,,,,,,,,,1,2,2,1,3
200700069571,0007-11-24 14:30:00,7,11,24,14,30,570,630,DIVISION LECLERC,,,Plein jour,En agglomération,Intersection en Y,Temps éblouissant,Deux véhicules - frontale,,,,,,,,,,,1,2,4,7,1
200700069572,0007-11-06 21:00:00,7,11,6,21,0,570,757,"0, PAPIN (RUE DENIS)",,,Nuit avec éclairage allumé,En agglomération,Intersection en T,Pluie légère,Deux véhicules - côté,,,,,,,,,,,5,2,3,2,3
200700069573,0007-11-07 21:10:00,7,11,7,21,10,570,672,CRAUSER (QUAI),,,Nuit avec éclairage allumé,En agglomération,Hors intersection,Pluie légère,Autre collision,,,,,,,,,,,5,2,1,2,6
200700069574,0007-11-06 19:58:00,7,11,6,19,58,570,306,"10, STAND (RUE DU)",,,Nuit avec éclairage allumé,En agglomération,Hors intersection,Pluie légère,Deux véhicules - côté,,,,,,,,,,,5,2,1,2,3
200700069575,0007-11-11 22:30:00,7,11,11,22,30,570,441,"0, TILLEULS (RUE DES)",,,Nuit avec éclairage allumé,En agglomération,Hors intersection,Normale,Autre collision,,,,,,,,,,,5,2,1,1,6
200700069576,0007-11-11 17:30:00,7,11,11,17,30,570,757,"0, KUNTZIG (RUE DE)",,,Nuit avec éclairage allumé,En agglomération,Intersection en T,Pluie légère,Deux véhicules - côté,,,,,,,,,,,5,2,3,2,3
200700069577,0007-11-12 16:05:00,7,11,12,16,5,570,672,"0, RAYMOND POINCARE (ALL",,,Plein jour,En agglomération,Hors intersection,Pluie légère,Sans collision,,,,,,,,,,,1,2,1,2,7
200700069578,0007-11-12 15:20:00,7,11,12,15,20,570,672,"0, PYRAMIDES (RUE DES)",,,Plein jour,En agglomération,Hors intersection,Pluie légère,Autre collision,,,,,,,,,,,1,2,1,2,6
200700069579,0007-11-12 17:15:00,7,11,12,17,15,570,757,"0, GRAND'RUE",,,Nuit avec éclairage allumé,En agglomération,Hors intersection,Temps couvert,Autre collision,,,,,,,,,,,5,2,1,8,6
200700069580,0007-11-13 06:40:00,7,11,13,6,40,570,672,"0, GENERAL DE CASTELNAU",,,Nuit avec éclairage allumé,En agglomération,Hors intersection,Normale,Deux véhicules - arrière,,,,,,,,,,,5,2,1,1,2
200700069581,0007-11-13 18:50:00,7,11,13,18,50,570,672,"33, MAILLET (RUE DU)",,,Nuit avec éclairage allumé,En agglomération,Hors intersection,Pluie légère,Autre collision,,,,,,,,,,,5,2,1,2,6
200700069582,0007-11-16 17:40:00,7,11,16,17,40,570,672,"65, FOCH (BOULEVARD)",,,Nuit avec éclairage allumé,En agglomération,Hors intersection,Normale,Autre collision,,,,,,,,,,,5,2,1,1,6
200700069583,0007-11-15 16:10:00,7,11,15,16,10,570,672,"0, OCEANIE (CHAUSSEE D')",,,Plein jour,En agglomération,Intersection en X,Normale,Autre collision,,,,,,,,,,,1,2,2,1,6
200700069584,0007-11-24 23:08:00,7,11,24,23,8,570,508,FOCH (RUE),,,Nuit avec éclairage allumé,En agglomération,Intersection en X,Normale,Deux véhicules - côté,,,,,,,,,,,5,2,2,1,3
200700069585,0007-11-26 18:00:00,7,11,26,18,0,570,221,"2, ALSACE (RUE D')",,,Nuit avec éclairage allumé,En agglomération,Hors intersection,Normale,Deux véhicules - arrière,,,,,,,,,,,5,2,1,1,2
200700069586,0007-11-28 14:00:00,7,11,28,14,0,570,508,FOCH (RUE),,,Plein jour,En agglomération,Hors intersection,Temps éblouissant,Autre collision,,,,,,,,,,,1,2,1,7,6
200700069587,0007-11-28 13:00:00,7,11,28,13,0,570,672,ALLIES (PONT DES),,,Plein jour,En agglomération,Hors intersection,Normale,Deux véhicules - côté,,,,,,,,,,,1,2,1,1,3
200700069588,0007-11-30 07:05:00,7,11,30,7,5,570,672,"74, VERDUN (RUE DE)",,,Nuit avec éclairage allumé,En agglomération,Hors intersection,Normale,Deux véhicules - côté,,,,,,,,,,,5,2,1,1,3
200700069589,0007-11-06 08:00:00,7,11,6,8,0,580,194,"SANS, PIERRE DE COUBERTI",,,Plein jour,En agglomération,Hors intersection,Normale,Sans collision,,,,,,,,,,,1,2,1,1,7
200700069590,0007-11-26 09:10:00,7,11,26,9,10,580,194,"sans, MADEMOISELLE BOURG",,,Plein jour,En agglomération,Hors intersection,Normale,Sans collision,,,,,,,,,,,1,2,1,1,7
200700069591,0007-11-28 16:55:00,7,11,28,16,55,580,194,"sans, CARNOT (PLACE)",,,Plein jour,En agglomération,Hors intersection,Normale,Sans collision,,,,,,,,,,,1,2,1,1,7
200700069592,0007-11-30 12:05:00,7,11,30,12,5,580,194,"sans, CARNOT (PLACE)",,,Plein jour,En agglomération,Hors intersection,Normale,Sans collision,,,,,,,,,,,1,2,1,1,7
200700069593,0007-11-02 16:30:00,7,11,2,16,30,580,194,"sans, CHARNIER",,,Plein jour,En agglomération,Intersection en X,Normale,Deux véhicules - côté,,,,,,,,,,,1,2,2,1,3
200700069594,0007-11-06 12:55:00,7,11,6,12,55,580,194,"sans, BERNARD PALISSY",,,Plein jour,En agglomération,Intersection en X,Normale,Deux véhicules - côté,,,,,,,,,,,1,2,2,1,3
200700069595,0007-11-06 18:35:00,7,11,6,18,35,580,194,"sans, MOSSE (PLACE)",,,Nuit sans éclairage public,En agglomération,Hors intersection,Normale,Deux véhicules - arrière,,,,,,,,,,,3,2,1,1,2
200700069596,0007-11-10 15:30:00,7,11,10,15,30,580,194,"112, MADEMOISELLE BOURGE",,,Plein jour,En agglomération,Hors intersection,Pluie légère,Deux véhicules - arrière,,,,,,,,,,,1,2,1,2,2
200700069597,0007-11-13 18:10:00,7,11,13,18,10,580,194,"sans, SAINT EXUPERY (BOU",,,Nuit avec éclairage allumé,En agglomération,Intersection en X,Pluie légère,Deux véhicules - côté,,,,,,,,,,,5,2,2,2,3
200700069598,0007-11-15 20:10:00,7,11,15,20,10,580,194,"sans, GAUTRON DU COUDRAY",,,Nuit avec éclairage allumé,En agglomération,Hors intersection,Normale,Trois véhicules et plus - en chaîne,,,,,,,,,,,5,2,1,1,4
200700069599,0007-11-15 21:35:00,7,11,15,21,35,580,194,"sans, REMIGNY",,,Nuit avec éclairage allumé,En agglomération,Intersection en X,Normale,Deux véhicules - côté,,,,,,,,,,,5,2,2,1,3
200700069600,0007-11-17 12:15:00,7,11,17,12,15,580,194,"SANS, FRANCOIS MITTERAND",,,Plein jour,En agglomération,Hors intersection,Normale,Autre collision,,,,,,,,,,,1,2,1,1,6
200700069601,0007-11-18 21:00:00,7,11,18,21,0,580,194,"24, BERNARD PALISSY",,,Nuit avec éclairage allumé,En agglomération,Hors intersection,Pluie légère,Deux véhicules - frontale,,,,,,,,,,,5,2,1,2,1
200700069602,0007-11-24 12:10:00,7,11,24,12,10,580,194,"SANS, GEORGES GUYNEMER",,,Plein jour,En agglomération,Intersection en X,Normale,Deux véhicules - côté,,,,,,,,,,,1,2,2,1,3
200700069603,0007-11-27 06:45:00,7,11,27,6,45,580,194,"sans, MONTE CASSINO (RON",,,Nuit avec éclairage allumé,En agglomération,Giratoire,Brouillard / fumée,Deux véhicules - côté,,,,,,,,,,,5,2,6,5,3
200700069604,0007-11-30 08:10:00,7,11,30,8,10,580,194,"sans, LYON (FAUBOURG)",,,Plein jour,En agglomération,Hors intersection,Pluie légère,Deux véhicules - côté,,,,,,,,,,,1,2,1,2,3
200700069605,0007-11-30 14:30:00,7,11,30,14,30,580,194,"SANS, NIEVRE",,,Plein jour,En agglomération,Hors intersection,Normale,Autre collision,,,,,,,,,,,1,2,1,1,6
200700069606,0007-11-13 13:30:00,7,11,13,13,30,590,8,"7, JAURES (PLACE JEAN)",,,Plein jour,En agglomération,Hors intersection,Pluie légère,Autre collision,,,,,,,,,,,1,2,1,2,6
200700069607,0007-11-29 16:45:00,7,11,29,16,45,590,8,COUTURIER (BOULEVARD),,,Crépuscule ou aube,En agglomération,Intersection en X,Pluie légère,Deux véhicules - côté,,,,,,,,,,,2,2,2,2,3
200700069608,0007-11-09 00:05:00,7,11,9,0,5,590,17,ANCIENS COMBATTANTS D IN,,,Nuit avec éclairage allumé,En agglomération,Giratoire,Pluie légère,Sans collision,,,,,,,,,,,5,2,6,2,7
200700069609,0007-11-10 17:45:00,7,11,10,17,45,590,68,ANGLAIS (RUE DES),,,Nuit avec éclairage allumé,En agglomération,Hors intersection,Normale,Autre collision,,,,,,,,,,,5,2,1,1,6
200700069610,0007-11-10 18:05:00,7,11,10,18,5,590,122,"61, MICHELET (AVENUE)",,,Nuit avec éclairage allumé,En agglomération,Hors intersection,Normale,Autre collision,,,,,,,,,,,5,2,1,1,6
200700069611,0007-11-18 20:52:00,7,11,18,20,52,590,206,"104, ERRE (RUE D')",,,Nuit avec éclairage allumé,En agglomération,Hors intersection,Normale,Autre collision,,,,,,,,,,,5,2,1,1,6
200700069612,0007-11-13 11:55:00,7,11,13,11,55,590,153,TOURNAI  (RUE DE ),,,Plein jour,En agglomération,Intersection en T,Normale,Deux véhicules - côté,,,,,,,,,,,1,2,3,1,3
200700069613,0007-11-17 17:20:00,7,11,17,17,20,590,153,VERTE (PLACE ),,,Nuit avec éclairage allumé,En agglomération,Place,Pluie légère,Sans collision,,,,,,,,,,,5,2,7,2,7
200700069614,0007-11-20 09:15:00,7,11,20,9,15,590,153,BONSECOURS (ROUTE DE ),,,Plein jour,En agglomération,Hors intersection,Pluie légère,Deux véhicules - côté,,,,,,,,,,,1,2,1,2,3
200700069615,0007-11-07 07:50:00,7,11,7,7,50,590,172,"., BRUNET (R. ARTHUR)",,,Crépuscule ou aube,En agglomération,Intersection en X,Normale,Deux véhicules - côté,,,,,,,,,,,2,2,2,1,3
200700069616,0007-11-12 13:04:00,7,11,12,13,4,590,172,"., BERTHELOT (R.)",,,Plein jour,En agglomération,Intersection en X,Normale,Deux véhicules - côté,,,,,,,,,,,1,2,2,1,3
200700069617,0007-11-22 06:45:00,7,11,22,6,45,590,361,"., HUGO (R. VICTOR)",,,Crépuscule ou aube,En agglomération,Intersection en X,Normale,Deux véhicules - côté,,,,,,,,,,,2,2,2,1,3
200700069618,0007-11-30 18:40:00,7,11,30,18,40,590,179,"., D 630",,,Nuit sans éclairage public,Hors agglomération,Hors intersection,Normale,Deux véhicules - frontale,,,,,,,,,,,3,1,1,1,1
200700069619,0007-11-30 23:10:00,7,11,30,23,10,590,504,EGALITE (R. DE L'),,,Nuit avec éclairage allumé,En agglomération,Hors intersection,Pluie légère,Autre collision,,,,,,,,,,,5,2,1,2,6
200700069620,0007-11-11 17:00:00,7,11,11,17,0,590,178,REPUBLIQUE (BOULEVARD DE,,,Plein jour,En agglomération,Hors intersection,Normale,Deux véhicules - arrière,,,,,,,,,,,1,2,1,1,2
200700069621,0007-11-06 16:05:00,7,11,6,16,5,590,183,"., CANAL DE BERGUES",,,Plein jour,Hors agglomération,Hors intersection,Normale,Autre collision,,,,,,,,,,,1,1,1,1,6
200700069622,0007-11-13 13:45:00,7,11,13,13,45,590,131,"226, GENERAL DE GAULLE -",,,Plein jour,En agglomération,Hors intersection,Normale,Autre collision,,,,,,,,,,,1,2,1,1,6
200700069623,0007-11-15 00:35:00,7,11,15,0,35,590,183,"0.000, REPUBLIQUE - F MI",,,Nuit avec éclairage allumé,En agglomération,Autre intersection,Pluie légère,Autre collision,,,,,,,,,,,5,2,9,2,6
200700069624,0007-11-15 15:30:00,7,11,15,15,30,590,183,DARSES - CHAUSSEE,,,Plein jour,En agglomération,Autre intersection,Normale,Deux véhicules - côté,,,,,,,,,,,1,2,9,1,3
200700069625,0007-11-21 12:10:00,7,11,21,12,10,590,183,"930, ROSENDAEL - AVENUE",,,Plein jour,En agglomération,Hors intersection,Normale,Deux véhicules - côté,,,,,,,,,,,1,2,1,1,3
200700069626,0007-11-24 19:20:00,7,11,24,19,20,590,155,MAIL - AVENUE,,,Nuit avec éclairage non allumé,En agglomération,Hors intersection,Pluie légère,Autre collision,,,,,,,,,,,4,2,1,2,6
200700069627,0007-11-23 18:00:00,7,11,23,18,0,590,540,BERTEAUX MAURICE - AVENU,,,Plein jour,En agglomération,Autre intersection,Normale,Deux véhicules - côté,,,,,,,,,,,1,2,9,1,3
200700069628,0007-11-26 10:15:00,7,11,26,10,15,590,183,"., BANC VERT",,,Plein jour,En agglomération,Hors intersection,Normale,Deux véhicules - côté,,,,,,,,,,,1,2,1,1,3
200700069629,0007-11-27 12:00:00,7,11,27,12,0,590,271,"0000, SUWALKI - AVENUE",,,Plein jour,En agglomération,Hors intersection,Normale,Deux véhicules - frontale,,,,,,,,,,,1,2,1,1,1
200700069630,0007-11-28 18:05:00,7,11,28,18,5,590,588,FURNES - ROUTE NATIONALE,,,Nuit avec éclairage non allumé,En agglomération,Autre intersection,Normale,Deux véhicules - arrière,,,,,,,,,,,4,2,9,1,2
200700069631,0007-11-30 12:00:00,7,11,30,12,0,590,183,"000, VILLETTE - AVENUE",,,Plein jour,En agglomération,Hors intersection,Normale,Deux véhicules - arrière,,,,,,,,,,,1,2,1,1,2
200700069632,0007-11-04 19:20:00,7,11,4,19,20,590,273,JOUHAUX (AVENUE LEON),,,Nuit avec éclairage allumé,En agglomération,Hors intersection,Normale,Deux véhicules - côté,,,,,,,,,,,5,2,1,1,3
200700069633,0007-11-14 19:45:00,7,11,14,19,45,590,295,"136, DE MERVILLE",,,Nuit avec éclairage allumé,En agglomération,Hors intersection,Temps couvert,Deux véhicules - côté,,,,,,,,,,,5,2,1,8,3
200700069634,0007-11-21 15:55:00,7,11,21,15,55,590,324,"1, ERQUELINNES (RUE)",,,Plein jour,En agglomération,Intersection en T,Normale,Deux véhicules - côté,,,,,,,,,,,1,2,3,1,3
200700069635,0007-11-01 09:25:00,7,11,1,9,25,590,378,"125, CLEMENCEAU BLVD (N°",,,Plein jour,En agglomération,Intersection en X,Normale,Deux véhicules - côté,,,,,,,,,,,1,2,2,1,3
200700069636,0007-11-01 23:40:00,7,11,1,23,40,590,350,WERNIERS GUILLAUME  RUE,,,Nuit avec éclairage allumé,En agglomération,Intersection en X,Normale,Autre collision,,,,,,,,,,,5,2,2,1,6
200700069637,0007-11-02 17:15:00,7,11,2,17,15,590,9,OUEST BOULEVARD DE L,,,Crépuscule ou aube,En agglomération,Intersection en X,Normale,Deux véhicules - côté,,,,,,,,,,,2,2,2,1,3
200700069638,0007-11-02 19:35:00,7,11,2,19,35,590,386,LILLE RUE DE,,,Nuit avec éclairage allumé,En agglomération,Intersection en T,Autre,Deux véhicules - côté,,,,,,,,,,,5,2,3,9,3
200700069639,0007-11-04 15:05:00,7,11,4,15,5,590,360,"00, GUESDE JULES RUE",,,Plein jour,En agglomération,Intersection en X,Normale,Autre collision,,,,,,,,,,,1,2,2,1,6
200700069640,0007-11-06 08:45:00,7,11,6,8,45,590,9,OUEST BOULEVARD DE L,,,Plein jour,En agglomération,Hors intersection,Pluie légère,Deux véhicules - arrière,,,,,,,,,,,1,2,1,2,2
200700069641,0007-11-07 07:30:00,7,11,7,7,30,590,193,D. 341,,,Crépuscule ou aube,En agglomération,Hors intersection,Normale,Autre collision,,,,,,,,,,,2,2,1,1,6
200700069642,0007-11-07 12:50:00,7,11,7,12,50,590,350,Ech sortie 2A LILLE CENT,,,Plein jour,En agglomération,Hors intersection,Normale,Deux véhicules - arrière,,,,,,,,,,,1,2,1,1,2
200700069643,0007-11-08 08:20:00,7,11,8,8,20,590,368,FOCH RUE DU MARECHAL,,,Plein jour,En agglomération,Hors intersection,Normale,Autre collision,,,,,,,,,,,1,2,1,1,6
200700069644,0007-11-08 02:20:00,7,11,8,2,20,590,350,"11, BASSE RUE",,,Nuit avec éclairage allumé,En agglomération,Hors intersection,Normale,Autre collision,,,,,,,,,,,5,2,1,1,6
200700069645,0007-11-08 13:20:00,7,11,8,13,20,590,378,CLEMENCEAU BLVD (N°1-23),,,Plein jour,En agglomération,Intersection en X,Normale,Deux véhicules - côté,,,,,,,,,,,1,2,2,1,3
200700069646,0007-11-07 18:10:00,7,11,7,18,10,590,350,"10, ROYAL PONT",,,Crépuscule ou aube,En agglomération,Intersection en Y,Normale,Autre collision,,,,,,,,,,,2,2,4,1,6
200700069647,0007-11-10 19:15:00,7,11,10,19,15,590,350,FOCH AVENUE,,,Nuit sans éclairage public,En agglomération,Hors intersection,Normale,Deux véhicules - côté,,,,,,,,,,,3,2,1,1,3
200700069648,0007-11-09 18:25:00,7,11,9,18,25,590,350,ALSACE BOULEVARD D,,,Nuit avec éclairage allumé,En agglomération,Intersection en X,Normale,Autre collision,,,,,,,,,,,5,2,2,1,6
200700069649,0007-11-10 05:15:00,7,11,10,5,15,590,350,VAUBAN BOULEVARD N° REST,,,Crépuscule ou aube,En agglomération,Intersection en X,Pluie légère,Deux véhicules - côté,,,,,,,,,,,2,2,2,2,3
200700069650,0007-11-11 15:55:00,7,11,11,15,55,590,350,"343, BOIS D'ANNAPES RUE",,,Plein jour,En agglomération,Intersection en X,Normale,Deux véhicules - côté,,,,,,,,,,,1,2,2,1,3
200700069651,0007-11-09 20:45:00,7,11,9,20,45,590,585,"952, VENDEVILLE ROUTE DE",,,Nuit sans éclairage public,En agglomération,Hors intersection,Normale,Deux véhicules - arrière,,,,,,,,,,,3,2,1,1,2
200700069652,0007-11-12 08:25:00,7,11,12,8,25,590,507,DE LATTRE DE TASSIGNY AV,,,Plein jour,En agglomération,Hors intersection,Temps couvert,Deux véhicules - côté,,,,,,,,,,,1,2,1,8,3
200700069653,0007-11-12 11:25:00,7,11,12,11,25,590,350,"00, VALMY RUE DE",,,Plein jour,En agglomération,Intersection en X,Normale,Autre collision,,,,,,,,,,,1,2,2,1,6
200700069654,0007-11-10 12:40:00,7,11,10,12,40,590,343,"35, DOUAI RUE DE       N",,,Plein jour,En agglomération,Hors intersection,Normale,Autre collision,,,,,,,,,,,1,2,1,1,6
200700069655,0007-11-12 21:00:00,7,11,12,21,0,590,9,"156, FUSILLES RUE DES DU",,,Nuit avec éclairage allumé,En agglomération,Hors intersection,Normale,Autre collision,,,,,,,,,,,5,2,1,1,6
200700069656,0007-11-06 18:10:00,7,11,6,18,10,590,9,OUEST BOULEVARD DE L,,,Plein jour,En agglomération,Intersection en X,Normale,Deux véhicules - côté,,,,,,,,,,,1,2,2,1,3
200700069657,0007-11-13 07:55:00,7,11,13,7,55,590,350,"78, LIBERTE BVD N°2 A 90",,,Crépuscule ou aube,En agglomération,Hors intersection,Normale,Deux véhicules - côté,,,,,,,,,,,2,2,1,1,3
200700069658,0007-11-13 10:25:00,7,11,13,10,25,590,350,"182, BASSEE RUE DE LA",,,Plein jour,En agglomération,Intersection en T,Normale,Deux véhicules - côté,,,,,,,,,,,1,2,3,1,3
200700069659,0007-11-13 12:10:00,7,11,13,12,10,590,350,FAUBOURG D'ARRAS RUE,,,Plein jour,En agglomération,Hors intersection,Pluie légère,Deux véhicules - arrière,,,,,,,,,,,1,2,1,2,2
200700069660,0007-11-13 19:45:00,7,11,13,19,45,590,350,LAMBRET OSCAR AVENUE,,,Nuit sans éclairage public,En agglomération,Hors intersection,Pluie légère,Autre collision,,,,,,,,,,,3,2,1,2,6
200700069661,0007-11-14 15:08:00,7,11,14,15,8,590,350,BETHUNE (Porte de)  Ech.,,,Plein jour,En agglomération,Hors intersection,Normale,Trois véhicules et plus - en chaîne,,,,,,,,,,,1,2,1,1,4
200700069662,0007-11-16 15:15:00,7,11,16,15,15,590,9,"62, FLANDRE AVENUEE DE",,,Plein jour,En agglomération,Hors intersection,Normale,Deux véhicules - frontale,,,,,,,,,,,1,2,1,1,1