accident_id,datetime,annee,mois,jour,heure,minute,departement,commune_insee,adresse,latitude,longitude,luminosite,agglomeration,intersection,meteo,collision,nb_vehicules,nb_usagers,nb_indemnes,nb_tues,nb_blesses_hosp,nb_blesses_legers,age_cond_1,age_cond_2,veh_type_cond_1,veh_type_cond_2,lum_code,agg_code,int_code,atm_code,col_code
200700069663,0007-11-15 07:15:00,7,11,15,7,15,590,350,"131, DESCAMPS EUGENE RUE",,,Crépuscule ou aube,En agglomération,Hors intersection,Normale,Autre collision,,,,,,,,,,,2,2,1,1,6
200700069664,0007-11-15 09:00:00,7,11,15,9,0,590,378,"001, BRIQUETERIE RUE DE",,,Plein jour,En agglomération,Intersection en T,Normale,Deux véhicules - côté,,,,,,,,,,,1,2,3,1,3
200700069665,0007-11-15 11:10:00,7,11,15,11,10,590,350,"117, SOLFERINO RUE N°110",,,Plein jour,En agglomération,Intersection en X,Normale,Deux véhicules - côté,,,,,,,,,,,1,2,2,1,3
200700069666,0007-11-15 12:40:00,7,11,15,12,40,590,350,"134, DUNKERQUE AVENUE DE",,,Plein jour,En agglomération,Hors intersection,Normale,Autre collision,,,,,,,,,,,1,2,1,1,6
200700069667,0007-11-15 18:05:00,7,11,15,18,5,590,410,ACACIAS AVENUE DES,,,Nuit avec éclairage allumé,En agglomération,Hors intersection,Normale,Autre collision,,,,,,,,,,,5,2,1,1,6
200700069668,0007-11-15 18:15:00,7,11,15,18,15,590,9,FLANDRE AVENUEE DE,,,Nuit avec éclairage allumé,En agglomération,Hors intersection,Normale,Deux véhicules - côté,,,,,,,,,,,5,2,1,1,3
200700069669,0007-11-15 18:15:00,7,11,15,18,15,590,360,"001, DOUMER PAUL RUE",,,Nuit avec éclairage allumé,En agglomération,Hors intersection,Normale,Deux véhicules - côté,,,,,,,,,,,5,2,1,1,3
200700069670,0007-11-15 13:45:00,7,11,15,13,45,590,350,IENA RUE D' JUSQU'AU 129,,,Plein jour,En agglomération,Hors intersection,Normale,Autre collision,,,,,,,,,,,1,2,1,1,6
200700069671,0007-11-16 08:45:00,7,11,16,8,45,590,350,CHURCHILL WINSTON AVENUE,,,Plein jour,En agglomération,Intersection en X,Normale,Deux véhicules - côté,,,,,,,,,,,1,2,2,1,3
200700069672,0007-11-14 17:20:00,7,11,14,17,20,590,378,"732, REPUBLIQUE AV DE LA",,,Nuit avec éclairage allumé,En agglomération,Hors intersection,Normale,Autre collision,,,,,,,,,,,5,2,1,1,6
200700069673,0007-11-16 16:35:00,7,11,16,16,35,590,527,"60, LECLERC RUE DU GENER",,,Plein jour,En agglomération,Hors intersection,Normale,Deux véhicules - arrière,,,,,,,,,,,1,2,1,1,2
200700069674,0007-11-16 17:50:00,7,11,16,17,50,590,350,"64, NATIONALE RUE N°2 A",,,Crépuscule ou aube,En agglomération,Hors intersection,Normale,Autre collision,,,,,,,,,,,2,2,1,1,6
200700069675,0007-11-16 18:45:00,7,11,16,18,45,590,328,"201, DUNKERQUE AVENUE DE",,,Nuit avec éclairage allumé,En agglomération,Hors intersection,Normale,Deux véhicules - arrière,,,,,,,,,,,5,2,1,1,2
200700069676,0007-11-16 21:20:00,7,11,16,21,20,590,560,"001, BOUVRY ROGER RUE",,,Nuit avec éclairage allumé,En agglomération,Hors intersection,Normale,Autre collision,,,,,,,,,,,5,2,1,1,6
200700069677,0007-11-16 21:55:00,7,11,16,21,55,590,350,"42, GAMBETTA LEON RUE",,,Nuit avec éclairage allumé,En agglomération,Hors intersection,Normale,Autre collision,,,,,,,,,,,5,2,1,1,6
200700069678,0007-11-18 20:15:00,7,11,18,20,15,590,350,WAGNER RICHARD RUE,,,Nuit avec éclairage allumé,En agglomération,Intersection en X,Normale,Autre collision,,,,,,,,,,,5,2,2,1,6
200700069679,0007-11-16 21:50:00,7,11,16,21,50,590,368,GAMBETTA LEON RUE,,,Nuit avec éclairage allumé,En agglomération,Intersection en X,Normale,Deux véhicules - côté,,,,,,,,,,,5,2,2,1,3
200700069680,0007-11-17 10:30:00,7,11,17,10,30,590,457,PREVOTE RUE DE LA,,,Plein jour,En agglomération,Hors intersection,Pluie légère,Autre collision,,,,,,,,,,,1,2,1,2,6
200700069681,0007-11-21 08:25:00,7,11,21,8,25,590,378,CHEVAL BLANC RUE DU,,,Crépuscule ou aube,En agglomération,Hors intersection,Pluie légère,Autre collision,,,,,,,,,,,2,2,1,2,6
200700069682,0007-11-21 09:15:00,7,11,21,9,15,590,350,"83, BRANDT WILLY AVENUE",,,Plein jour,En agglomération,Hors intersection,Normale,Autre collision,,,,,,,,,,,1,2,1,1,6
200700069683,0007-11-21 12:10:00,7,11,21,12,10,590,378,MARNE AVENUE DE LA,,,Plein jour,En agglomération,Hors intersection,Normale,Autre collision,,,,,,,,,,,1,2,1,1,6
200700069684,0007-11-21 16:45:00,7,11,21,16,45,590,368,DE COUBERTIN PIERRE  BOU,,,Crépuscule ou aube,En agglomération,Hors intersection,Normale,Autre collision,,,,,,,,,,,2,2,1,1,6
200700069685,0007-11-21 16:50:00,7,11,21,16,50,590,9,TROUVERE CHEMIN DU,,,Plein jour,En agglomération,Hors intersection,Normale,Autre collision,,,,,,,,,,,1,2,1,1,6
200700069686,0007-11-20 17:20:00,7,11,20,17,20,590,328,"296, DUNKERQUE AVENUE DE",,,Nuit avec éclairage allumé,En agglomération,Hors intersection,Pluie légère,Deux véhicules - frontale,,,,,,,,,,,5,2,1,2,1
200700069687,0007-11-21 15:30:00,7,11,21,15,30,590,350,"110, NATIONALE RUE N°RES",,,Plein jour,En agglomération,Hors intersection,Normale,Deux véhicules - côté,,,,,,,,,,,1,2,1,1,3
200700069688,0007-11-22 11:15:00,7,11,22,11,15,590,9,OUEST BOULEVARD DE L,,,Plein jour,En agglomération,Intersection en T,Normale,Autre collision,,,,,,,,,,,1,2,3,1,6
200700069689,0007-11-22 14:00:00,7,11,22,14,0,590,648,CLEMENCEAU RUE,,,Plein jour,En agglomération,Intersection en X,Normale,Autre collision,,,,,,,,,,,1,2,2,1,6
200700069690,0007-11-23 11:50:00,7,11,23,11,50,590,9,"00, BREUCQ BOULEVARD DU",,,Plein jour,En agglomération,Intersection en T,Normale,Autre collision,,,,,,,,,,,1,2,3,1,6
200700069691,0007-11-22 15:05:00,7,11,22,15,5,590,350,"74, MOLINEL RUE N°PAIRS",,,Plein jour,En agglomération,Hors intersection,Temps couvert,Autre collision,,,,,,,,,,,1,2,1,8,6
200700069692,0007-11-23 17:30:00,7,11,23,17,30,590,9,"001, MARQUE AVENUE DE LA",,,Nuit avec éclairage allumé,En agglomération,Intersection en X,Normale,Autre collision,,,,,,,,,,,5,2,2,1,6
200700069693,0007-11-23 19:30:00,7,11,23,19,30,590,648,"182, PASTEUR RUE",,,Nuit avec éclairage allumé,En agglomération,Hors intersection,Pluie légère,Autre collision,,,,,,,,,,,5,2,1,2,6
200700069694,0007-11-24 19:15:00,7,11,24,19,15,590,350,"382, ARBRISSEAU RUE DE L",,,Nuit sans éclairage public,En agglomération,Hors intersection,Normale,Autre collision,,,,,,,,,,,3,2,1,1,6
200700069695,0007-11-25 16:35:00,7,11,25,16,35,590,350,NATIONALE RUE N°2 A 178B,,,Crépuscule ou aube,En agglomération,Intersection à plus de 4 branches,Normale,Deux véhicules - côté,,,,,,,,,,,2,2,5,1,3
200700069696,0007-11-02 19:50:00,7,11,2,19,50,590,350,"23, NEGRIER RUE",,,Nuit avec éclairage allumé,En agglomération,Hors intersection,Normale,Autre collision,,,,,,,,,,,5,2,1,1,6
200700069697,0007-11-12 17:55:00,7,11,12,17,55,590,9,"123, 8 MAI 1945 RUE DU A",,,Nuit avec éclairage allumé,En agglomération,Hors intersection,Normale,Deux véhicules - côté,,,,,,,,,,,5,2,1,1,3
200700069698,0007-11-26 08:16:00,7,11,26,8,16,590,350,"02, BIGO DANEL BOULEVARD",,,Plein jour,En agglomération,Hors intersection,Normale,Autre collision,,,,,,,,,,,1,2,1,1,6
200700069699,0007-11-26 12:00:00,7,11,26,12,0,590,350,LIBERTE RUE DE LA,,,Plein jour,En agglomération,Hors intersection,Normale,Autre collision,,,,,,,,,,,1,2,1,1,6
200700069700,0007-11-26 12:00:00,7,11,26,12,0,590,343,VOLTAIRE RUE,,,Plein jour,En agglomération,Hors intersection,Normale,Deux véhicules - frontale,,,,,,,,,,,1,2,1,1,1
200700069701,0007-11-27 16:40:00,7,11,27,16,40,590,350,ARRAS RUE D,,,Plein jour,En agglomération,Hors intersection,Normale,Autre collision,,,,,,,,,,,1,2,1,1,6
200700069702,0007-11-26 16:30:00,7,11,26,16,30,590,527,"160, SAINTE CECILE RUE",,,Plein jour,En agglomération,Intersection en X,Normale,Deux véhicules - côté,,,,,,,,,,,1,2,2,1,3
200700069703,0007-11-26 16:25:00,7,11,26,16,25,590,350,PORT RUE N° RESTE,,,Plein jour,En agglomération,Intersection en X,Normale,Autre collision,,,,,,,,,,,1,2,2,1,6
200700069704,0007-11-28 07:40:00,7,11,28,7,40,590,636,"02, OBERT RUE",,,Crépuscule ou aube,En agglomération,Hors intersection,Normale,Deux véhicules - côté,,,,,,,,,,,2,2,1,1,3
200700069705,0007-11-28 12:04:00,7,11,28,12,4,590,350,STRASBOURG PLACE,,,Plein jour,En agglomération,Hors intersection,Normale,Deux véhicules - côté,,,,,,,,,,,1,2,1,1,3
200700069706,0007-11-28 16:25:00,7,11,28,16,25,590,350,"00, PARADIS AVENUE PETIT",,,Plein jour,Hors agglomération,Hors intersection,Normale,Autre collision,,,,,,,,,,,1,1,1,1,6
200700069707,0007-11-28 17:05:00,7,11,28,17,5,590,350,"1B, REPUBLIQUE AVENUE DE",,,Crépuscule ou aube,En agglomération,Hors intersection,Normale,Deux véhicules - côté,,,,,,,,,,,2,2,1,1,3
200700069708,0007-11-28 17:30:00,7,11,28,17,30,590,560,BOUVRY ROGER RUE,,,Crépuscule ou aube,En agglomération,Intersection en X,Normale,Autre collision,,,,,,,,,,,2,2,2,1,6
200700069709,0007-11-28 17:50:00,7,11,28,17,50,590,350,"50, LIBERTE BVD N°2 A 90",,,Crépuscule ou aube,En agglomération,Hors intersection,Normale,Autre collision,,,,,,,,,,,2,2,1,1,6
200700069710,0007-11-28 18:15:00,7,11,28,18,15,590,9,"001, OUEST BOULEVARD DE",,,Nuit avec éclairage allumé,En agglomération,Intersection en X,Pluie légère,Autre collision,,,,,,,,,,,5,2,2,2,6
200700069711,0007-11-24 12:30:00,7,11,24,12,30,590,507,LAVOISIER RUE,,,Plein jour,En agglomération,Hors intersection,Normale,Autre collision,,,,,,,,,,,1,2,1,1,6
200700069712,0007-11-29 13:30:00,7,11,29,13,30,590,378,"280, MARNE AVENUE DE LA",,,Plein jour,En agglomération,Hors intersection,Pluie forte,Autre collision,,,,,,,,,,,1,2,1,3,6
200700069713,0007-11-29 16:35:00,7,11,29,16,35,590,9,"10, DE MONTALEMBERT BVD",,,Nuit avec éclairage allumé,En agglomération,Hors intersection,Pluie forte,Deux véhicules - côté,,,,,,,,,,,5,2,1,3,3
200700069714,0007-11-29 16:25:00,7,11,29,16,25,590,328,"264, HIPPODROME AV DE L",,,Nuit avec éclairage allumé,En agglomération,Hors intersection,Pluie légère,Deux véhicules - arrière,,,,,,,,,,,5,2,1,2,2
200700069715,0007-11-29 17:10:00,7,11,29,17,10,590,9,BOUDERIEZ MARCEL RUE,,,Crépuscule ou aube,En agglomération,Hors intersection,Pluie légère,Autre collision,,,,,,,,,,,2,2,1,2,6
200700069716,0007-11-30 18:30:00,7,11,30,18,30,590,350,"216, LEGRAND PIERRE RUE",,,Nuit avec éclairage allumé,En agglomération,Intersection en T,Pluie légère,Autre collision,,,,,,,,,,,5,2,3,2,6
200700069717,0007-11-26 09:30:00,7,11,26,9,30,590,386,LILLE RUE DE,,,Plein jour,En agglomération,Hors intersection,Normale,Autre collision,,,,,,,,,,,1,2,1,1,6
200700069718,0007-11-11 08:45:00,7,11,11,8,45,590,392,CHARLES DE GAULLE (BOULE,,,Plein jour,En agglomération,Hors intersection,Pluie légère,Sans collision,,,,,,,,,,,1,2,1,2,7
200700069719,0007-11-11 15:15:00,7,11,11,15,15,590,392,"452, HAUTMONT (RUE D')",,,Plein jour,En agglomération,Hors intersection,Normale,Autre collision,,,,,,,,,,,1,2,1,1,6
200700069720,0007-11-15 11:50:00,7,11,15,11,50,590,392,ELESMES (ROUTE D'),,,Plein jour,En agglomération,Intersection en T,Normale,Deux véhicules - côté,,,,,,,,,,,1,2,3,1,3
200700069721,0007-11-15 12:15:00,7,11,15,12,15,590,392,"35, GENERAL FOURNIER (RU",,,Plein jour,En agglomération,Hors intersection,Normale,Sans collision,,,,,,,,,,,1,2,1,1,7
200700069722,0007-11-18 01:00:00,7,11,18,1,0,590,230,CLEMENCEAU (AVENUE),,,Nuit avec éclairage allumé,En agglomération,Hors intersection,Normale,Deux véhicules - côté,,,,,,,,,,,5,2,1,1,3
200700069723,0007-11-19 17:15:00,7,11,19,17,15,590,365,MONTFORT EN CHALOSSE (AV,,,Crépuscule ou aube,En agglomération,Intersection en X,Pluie légère,Deux véhicules - côté,,,,,,,,,,,2,2,2,2,3
200700069724,0007-11-21 14:40:00,7,11,21,14,40,590,365,JULES GALLOIS (RUE),,,Plein jour,En agglomération,Intersection en T,Normale,Deux véhicules - côté,,,,,,,,,,,1,2,3,1,3
200700069725,0007-11-08 20:35:00,7,11,8,20,35,590,512,DE ROUBAIX (RUE PIERRE),,,Nuit avec éclairage allumé,En agglomération,Intersection en X,Normale,Deux véhicules - côté,,,,,,,,,,,5,2,2,1,3
200700069726,0007-11-02 15:10:00,7,11,2,15,10,590,512,PLUTARQUE (RUE),,,Plein jour,En agglomération,Intersection en T,Normale,Deux véhicules - côté,,,,,,,,,,,1,2,3,1,3
200700069727,0007-11-06 19:27:00,7,11,6,19,27,590,512,BELFORT (BOULEVARD DE),,,Nuit avec éclairage allumé,En agglomération,Intersection en X,Normale,Autre collision,,,,,,,,,,,5,2,2,1,6
200700069728,0007-11-07 08:35:00,7,11,7,8,35,590,512,LECLERC (BOULEVARD DU GE,,,Plein jour,Hors agglomération,Hors intersection,Normale,Deux véhicules - arrière,,,,,,,,,,,1,1,1,1,2
200700069729,0007-11-10 13:45:00,7,11,10,13,45,590,650,PATRIOTES (RUE DES),,,Plein jour,Hors agglomération,Intersection en X,Pluie légère,Deux véhicules - côté,,,,,,,,,,,1,1,2,2,3
200700069730,0007-11-13 09:30:00,7,11,13,9,30,590,646,FLANDRE (AVENUE DE),,,Plein jour,Hors agglomération,Hors intersection,Normale,Autre collision,,,,,,,,,,,1,1,1,1,6
200700069731,0007-11-06 20:20:00,7,11,6,20,20,590,512,DE GAULLE (BOULEVARD DU,,,Nuit avec éclairage allumé,En agglomération,Hors intersection,Normale,Sans collision,,,,,,,,,,,5,2,1,1,7
200700069732,0007-11-06 18:16:00,7,11,6,18,16,590,650,BAILLERIE (RUE DE LA),,,Plein jour,En agglomération,Hors intersection,Normale,Deux véhicules - frontale,,,,,,,,,,,1,2,1,1,1
200700069733,0007-11-21 02:30:00,7,11,21,2,30,590,163,LANGEVIN (RUE PROFESSEUR,,,Nuit avec éclairage allumé,En agglomération,Intersection en X,Normale,Deux véhicules - côté,,,,,,,,,,,5,2,2,1,3
200700069734,0007-11-11 10:07:00,7,11,11,10,7,590,512,DE ROUBAIX (RUE PIERRE),,,Plein jour,En agglomération,Intersection en X,Pluie forte,Deux véhicules - côté,,,,,,,,,,,1,2,2,3,3
200700069735,0007-11-11 22:24:00,7,11,11,22,24,590,512,DE ROUBAIX (RUE PIERRE),,,Nuit avec éclairage allumé,En agglomération,Hors intersection,Pluie légère,Sans collision,,,,,,,,,,,5,2,1,2,7
200700069736,0007-11-15 17:30:00,7,11,15,17,30,590,512,GRAND PLACE,,,Plein jour,En agglomération,Intersection en T,Normale,Autre collision,,,,,,,,,,,1,2,3,1,6
200700069737,0007-11-17 16:00:00,7,11,17,16,0,590,512,PARC DES SPORTS (AVENUE,,,Plein jour,En agglomération,Hors intersection,Normale,Trois véhicules et plus - en chaîne,,,,,,,,,,,1,2,1,1,4
200700069738,0007-11-19 18:15:00,7,11,19,18,15,590,646,MOLINEL (RUE DU),,,Nuit avec éclairage allumé,Hors agglomération,Hors intersection,Pluie forte,Autre collision,,,,,,,,,,,5,1,1,3,6
200700069739,0007-11-20 18:00:00,7,11,20,18,0,590,339,EUROPE (AVENUE DE L'),,,Nuit avec éclairage allumé,Hors agglomération,Hors intersection,Normale,Autre collision,,,,,,,,,,,5,1,1,1,6
200700069740,0007-11-16 20:15:00,7,11,16,20,15,590,512,DE ROUBAIX (RUE PIERRE),,,Nuit avec éclairage allumé,En agglomération,Intersection en X,Normale,Autre collision,,,,,,,,,,,5,2,2,1,6
200700069741,0007-11-22 17:30:00,7,11,22,17,30,590,512,PARABOLES (AVENUE DES),,,Nuit avec éclairage allumé,Hors agglomération,Hors intersection,Normale,Autre collision,,,,,,,,,,,5,1,1,1,6
200700069742,0007-11-20 19:05:00,7,11,20,19,5,590,163,FAVREUIL (RUE),,,Nuit avec éclairage allumé,En agglomération,Intersection en X,Pluie légère,Autre collision,,,,,,,,,,,5,2,2,2,6
200700069743,0007-11-25 11:52:00,7,11,25,11,52,590,646,FERME DELDALLE (RUE DE L,,,Plein jour,En agglomération,Intersection en X,Normale,Deux véhicules - côté,,,,,,,,,,,1,2,2,1,3
200700069744,0007-11-23 19:10:00,7,11,23,19,10,590,299,DE GAULLE (AVENUE CHARLE,,,Nuit avec éclairage allumé,En agglomération,Hors intersection,Normale,Autre collision,,,,,,,,,,,5,2,1,1,6
200700069745,0007-11-26 07:20:00,7,11,26,7,20,590,299,MARNE (AVENUE DE),,,Plein jour,Hors agglomération,Intersection en Y,Normale,Autre collision,,,,,,,,,,,1,1,4,1,6
200700069746,0007-11-12 12:15:00,7,11,12,12,15,590,512,LIBERTE (PLACE DE LA),,,Plein jour,En agglomération,Hors intersection,Normale,Autre collision,,,,,,,,,,,1,2,1,1,6
200700069747,0007-11-10 10:30:00,7,11,10,10,30,590,512,EPEULE  (RUE DE L'),,,Plein jour,Hors agglomération,Hors intersection,Temps couvert,Autre collision,,,,,,,,,,,1,1,1,8,6
200700069748,0007-11-25 16:15:00,7,11,25,16,15,590,650,GUESDE (RUE JULES),,,Plein jour,En agglomération,Hors intersection,Temps couvert,Autre collision,,,,,,,,,,,1,2,1,8,6
200700069749,0007-11-09 18:00:00,7,11,9,18,0,590,646,DELETTE (RUE EMILE),,,Nuit avec éclairage allumé,Hors agglomération,Intersection en T,Normale,Deux véhicules - côté,,,,,,,,,,,5,1,3,1,3
200700069750,0007-11-29 18:00:00,7,11,29,18,0,590,512,CARIHEM (PONT DU),,,Nuit avec éclairage allumé,Hors agglomération,Hors intersection,Pluie légère,Deux véhicules - côté,,,,,,,,,,,5,1,1,2,3
200700069751,0007-11-25 12:15:00,7,11,25,12,15,590,512,LANNOY (RUE DE ),,,Plein jour,En agglomération,Intersection en T,Normale,Deux véhicules - côté,,,,,,,,,,,1,2,3,1,3
200700069752,0007-11-30 19:00:00,7,11,30,19,0,590,646,FLANDRE (AVENUE DE),,,Nuit avec éclairage allumé,Hors agglomération,Hors intersection,Pluie forte,Autre collision,,,,,,,,,,,5,1,1,3,6
200700069753,0007-11-30 12:15:00,7,11,30,12,15,590,512,FOSSE AUX CHENES  (AVENU,,,Plein jour,Hors agglomération,Hors intersection,Normale,Deux véhicules - côté,,,,,,,,,,,1,1,1,1,3
200700069754,0007-11-29 14:20:00,7,11,29,14,20,590,512,OUEST (RUE DE L'),,,Plein jour,En agglomération,Intersection en X,Pluie légère,Autre collision,,,,,,,,,,,1,2,2,2,6
200700069755,0007-11-21 14:58:00,7,11,21,14,58,590,512,MOTTE (AVENUE ALFRED),,,Plein jour,Hors agglomération,Hors intersection,Normale,Deux véhicules - arrière,,,,,,,,,,,1,1,1,1,2
200700069756,0007-11-28 13:20:00,7,11,28,13,20,590,299,SAILLY (RUE DE),,,Plein jour,Hors agglomération,Hors intersection,Normale,Deux véhicules - arrière,,,,,,,,,,,1,1,1,1,2
200700069757,0007-11-30 15:45:00,7,11,30,15,45,590,512,CARNOT (PLACE),,,Plein jour,En agglomération,Intersection en X,Normale,Deux véhicules - côté,,,,,,,,,,,1,2,2,1,3
200700069758,0007-11-30 17:40:00,7,11,30,17,40,590,163,GARE (RUE DE LA),,,Nuit avec éclairage allumé,En agglomération,Intersection en T,Normale,Autre collision,,,,,,,,,,,5,2,3,1,6
200700069759,0007-11-30 07:50:00,7,11,30,7,50,590,646,GRAND COTTIGNIES (AVENUE,,,Nuit avec éclairage allumé,Hors agglomération,Giratoire,Normale,Autre collision,,,,,,,,,,,5,1,6,1,6
200700069760,0007-11-23 07:25:00,7,11,23,7,25,590,526,"421, HENRI DURRE",,,Crépuscule ou aube,En agglomération,Intersection en X,Normale,Autre collision,,,,,,,,,,,2,2,2,1,6
200700069761,0007-11-30 19:35:00,7,11,30,19,35,590,526,RTE DE ROUBAIX,,,Nuit avec éclairage allumé,En agglomération,Intersection en T,Pluie forte,Deux véhicules - frontale,,,,,,,,,,,5,2,3,3,1
200700069762,0007-11-06 11:20:00,7,11,6,11,20,590,574,ACHILLE ANDRIS(RUE),,,Plein jour,En agglomération,Hors intersection,Normale,Sans collision,,,,,,,,,,,1,2,1,1,7
200700069763,0007-11-12 15:40:00,7,11,12,15,40,590,574,"215, ACHILLE ANDRIS(RUE)",,,Plein jour,En agglomération,Intersection en T,Normale,Deux véhicules - arrière,,,,,,,,,,,1,2,3,1,2
200700069764,0007-11-18 00:40:00,7,11,18,0,40,590,574,RN 455,,,Nuit sans éclairage public,Hors agglomération,Hors intersection,Autre,Trois véhicules et plus - collisions multiples,,,,,,,,,,,3,1,1,9,5
200700069765,0007-11-06 15:50:00,7,11,6,15,50,590,574,POMMIER(ROUTE),,,Plein jour,Hors agglomération,Hors intersection,Normale,Deux véhicules - côté,,,,,,,,,,,1,1,1,1,3
200700069766,0007-11-01 03:40:00,7,11,1,3,40,590,90,"1, GAULLE (AVENUE DU GEN",,,Nuit avec éclairage allumé,En agglomération,Hors intersection,Normale,Autre collision,,,,,,,,,,,5,2,1,1,6
200700069767,0007-11-05 12:30:00,7,11,5,12,30,590,98,", JOSEPH (RUE SAINT)",,,Plein jour,Hors agglomération,Hors intersection,Normale,Deux véhicules - arrière,,,,,,,,,,,1,1,1,1,2
200700069768,0007-11-09 20:40:00,7,11,9,20,40,590,421,MARNE (BOULEVARD DE LA),,,Nuit avec éclairage allumé,En agglomération,Intersection en T,Normale,Deux véhicules - côté,,,,,,,,,,,5,2,3,1,3
200700069769,0007-11-11 16:40:00,7,11,11,16,40,590,599,BLANC SEAU (RUE DU) 2EME,,,Plein jour,En agglomération,Intersection en X,Normale,Autre collision,,,,,,,,,,,1,2,2,1,6
200700069770,0007-11-11 19:20:00,7,11,11,19,20,590,599,", NATIONALE (RUE)",,,Nuit avec éclairage allumé,En agglomération,Intersection en X,Pluie légère,Deux véhicules - côté,,,,,,,,,,,5,2,2,2,3
200700069771,0007-11-12 17:45:00,7,11,12,17,45,590,599,GAMBETTA (BOULEVARD),,,Nuit avec éclairage allumé,En agglomération,Hors intersection,Normale,Deux véhicules - côté,,,,,,,,,,,5,2,1,1,3
200700069772,0007-11-13 16:55:00,7,11,13,16,55,590,599,GRAMME (CHAUSSEE),,,Nuit avec éclairage allumé,En agglomération,Hors intersection,Pluie forte,Deux véhicules - côté,,,,,,,,,,,5,2,1,3,3
200700069773,0007-11-13 17:45:00,7,11,13,17,45,590,599,GUERRE (RUE FIN DE LA),,,Nuit avec éclairage allumé,En agglomération,Hors intersection,Pluie légère,Autre collision,,,,,,,,,,,5,2,1,2,6
200700069774,0007-11-13 17:40:00,7,11,13,17,40,590,599,ALMA (RUE DE L'),,,Nuit avec éclairage allumé,En agglomération,Hors intersection,Pluie forte,Sans collision,,,,,,,,,,,5,2,1,3,7
200700069775,0007-11-14 08:50:00,7,11,14,8,50,590,599,"42, BRUN PAIN (RUE DU)",,,Plein jour,En agglomération,Hors intersection,Temps éblouissant,Autre collision,,,,,,,,,,,1,2,1,7,6
200700069776,0007-11-14 11:50:00,7,11,14,11,50,590,508,"364, LILLE (RUE DE)LATER",,,Plein jour,En agglomération,Hors intersection,Normale,Autre collision,,,,,,,,,,,1,2,1,1,6
200700069777,0007-11-15 18:35:00,7,11,15,18,35,590,279,LINSELLES (ROUTE DE),,,Nuit avec éclairage allumé,En agglomération,Intersection en X,Normale,Sans collision,,,,,,,,,,,5,2,2,1,7
200700069778,0007-11-19 07:40:00,7,11,19,7,40,590,421,CONGO (RUE DU),,,Crépuscule ou aube,En agglomération,Intersection en X,Normale,Deux véhicules - côté,,,,,,,,,,,2,2,2,1,3
200700069779,0007-11-21 09:15:00,7,11,21,9,15,590,599,LECLERCQ (RUE DU GENERAL,,,Plein jour,En agglomération,Hors intersection,Normale,Autre collision,,,,,,,,,,,1,2,1,1,6
200700069780,0007-11-26 09:20:00,7,11,26,9,20,590,599,", MARLIERE (RUE DE LA)",,,Plein jour,En agglomération,Hors intersection,Pluie légère,Deux véhicules - arrière,,,,,,,,,,,1,2,1,2,2
200700069781,0007-11-26 18:45:00,7,11,26,18,45,590,599,DRON (AVENUE GUSTAVE),,,Nuit avec éclairage allumé,En agglomération,Intersection en T,Normale,Deux véhicules - côté,,,,,,,,,,,5,2,3,1,3
200700069782,0007-11-29 10:40:00,7,11,29,10,40,590,599,"185B, GAMBETTA (BOULEVAR",,,Plein jour,En agglomération,Hors intersection,Pluie légère,Autre collision,,,,,,,,,,,1,2,1,2,6
200700069783,0007-11-21 07:45:00,7,11,21,7,45,590,112,"14, FARINEAU (PLACE)",,,Plein jour,En agglomération,Hors intersection,Normale,Autre collision,,,,,,,,,,,1,2,1,1,6
200700069784,0007-11-10 17:00:00,7,11,10,17,0,590,459,LELEU (Yves rue),,,Nuit avec éclairage allumé,En agglomération,Intersection en X,Normale,Deux véhicules - côté,,,,,,,,,,,5,2,2,1,3
200700069785,0007-11-05 18:30:00,7,11,5,18,30,590,606,"00, WALLERS (RUE DE)",,,Nuit sans éclairage public,Hors agglomération,Intersection en T,Normale,Trois véhicules et plus - collisions multiples,,,,,,,,,,,3,1,3,1,5
200700069786,0007-11-06 20:20:00,7,11,6,20,20,590,484,"00, JAURES (AVENUE JEAN)",,,Nuit avec éclairage allumé,En agglomération,Intersection en X,Normale,Deux véhicules - côté,,,,,,,,,,,5,2,2,1,3
200700069787,0007-11-09 16:40:00,7,11,9,16,40,590,383,"190, BARBUSSE (AVENUE HE",,,Plein jour,En agglomération,Hors intersection,Normale,Deux véhicules - côté,,,,,,,,,,,1,2,1,1,3
200700069788,0007-11-03 20:20:00,7,11,3,20,20,590,606,DAMPIERRE (AVENUE),,,Nuit avec éclairage allumé,En agglomération,Intersection en X,Normale,Deux véhicules - côté,,,,,,,,,,,5,2,2,1,3
200700069789,0007-11-08 07:24:00,7,11,8,7,24,590,383,"48, BARBUSSE (AVENUE HEN",,,Nuit avec éclairage allumé,En agglomération,Hors intersection,Normale,Autre collision,,,,,,,,,,,5,2,1,1,6
200700069790,0007-11-13 07:35:00,7,11,13,7,35,590,383,"00, BARBUSSE (AVENUE HEN",,,Crépuscule ou aube,En agglomération,Hors intersection,Normale,Autre collision,,,,,,,,,,,2,2,1,1,6
200700069791,0007-11-07 18:10:00,7,11,7,18,10,590,606,POMPIDOU (AVENUE GEORGES,,,Nuit sans éclairage public,Hors agglomération,Hors intersection,Normale,Trois véhicules et plus - en chaîne,,,,,,,,,,,3,1,1,1,4
200700069792,0007-11-20 17:20:00,7,11,20,17,20,590,112,JAURES (RUE JEAN),,,Nuit avec éclairage allumé,En agglomération,Hors intersection,Pluie forte,Deux véhicules - côté,,,,,,,,,,,5,2,1,3,3