accident_id,datetime,annee,mois,jour,heure,minute,departement,commune_insee,adresse,latitude,longitude,luminosite,agglomeration,intersection,meteo,collision,nb_vehicules,nb_usagers,nb_indemnes,nb_tues,nb_blesses_hosp,nb_blesses_legers,age_cond_1,age_cond_2,veh_type_cond_1,veh_type_cond_2,lum_code,agg_code,int_code,atm_code,col_code
200700069793,0007-11-25 16:30:00,7,11,25,16,30,590,369,"00, RD 40",,,Nuit sans éclairage public,Hors agglomération,Hors intersection,Normale,Deux véhicules - arrière,,,,,,,,,,,3,1,1,1,2
200700069794,0007-11-12 18:00:00,7,11,12,18,0,590,606,HARPIGNIES (BOULEVARD HE,,,Nuit avec éclairage allumé,En agglomération,Hors intersection,Normale,Autre collision,,,,,,,,,,,5,2,1,1,6
200700069795,0007-11-05 21:25:00,7,11,5,21,25,600,159,"02, SAINT-CORNEILLE",,,Nuit avec éclairage allumé,En agglomération,Hors intersection,Normale,Deux véhicules - côté,,,,,,,,,,,5,2,1,1,3
200700069796,0007-11-08 12:55:00,7,11,8,12,55,600,159,"61, ETATS-UNIS (BOULEVAR",,,Plein jour,En agglomération,Hors intersection,Normale,Deux véhicules - côté,,,,,,,,,,,1,2,1,1,3
200700069797,0007-11-19 12:30:00,7,11,19,12,30,600,159,Carrefour de Raleigh,,,Plein jour,En agglomération,Giratoire,Temps couvert,Deux véhicules - côté,,,,,,,,,,,1,2,6,8,3
200700069798,0007-11-30 11:20:00,7,11,30,11,20,600,159,"1, SOISSONS (DE)",,,Plein jour,En agglomération,Hors intersection,Pluie légère,Autre collision,,,,,,,,,,,1,2,1,2,6
200700069799,0007-11-01 17:00:00,7,11,1,17,0,600,414,"22, NOGENT (RUE DE)",,,Plein jour,En agglomération,Hors intersection,Normale,Autre collision,,,,,,,,,,,1,2,1,1,6
200700069800,0007-11-05 07:30:00,7,11,5,7,30,600,175,RD 200_NORD,,,Plein jour,Hors agglomération,Hors intersection,Normale,Trois véhicules et plus - collisions multiples,,,,,,,,,,,1,1,1,1,5
200700069801,0007-11-07 07:45:00,7,11,7,7,45,610,1,"0, QUAKENBRUCK (AVENUE D",,,Crépuscule ou aube,Hors agglomération,Intersection en T,Normale,Deux véhicules - arrière,,,,,,,,,,,2,1,3,1,2
200700069802,0007-11-20 18:50:00,7,11,20,18,50,610,1,"1, 14 EM HUSSARD (RUE DU",,,Nuit avec éclairage allumé,En agglomération,Intersection en X,Normale,Deux véhicules - côté,,,,,,,,,,,5,2,2,1,3
200700069803,0007-11-08 16:50:00,7,11,8,16,50,610,6,PROVINCES (AVENUE DES),,,Plein jour,En agglomération,Giratoire,Temps éblouissant,Autre collision,,,,,,,,,,,1,2,6,7,6
200700069804,0007-11-11 06:15:00,7,11,11,6,15,620,13,D 919,,,Nuit sans éclairage public,Hors agglomération,Hors intersection,Normale,Sans collision,,,,,,,,,,,3,1,1,1,7
200700069805,0007-11-14 00:40:00,7,11,14,0,40,620,41,CHATEAUDUN (DE),,,Nuit avec éclairage allumé,En agglomération,Intersection en T,Pluie forte,Deux véhicules - côté,,,,,,,,,,,5,2,3,3,3
200700069806,0007-11-25 17:45:00,7,11,25,17,45,620,41,"42, DAMBRINE",,,Nuit avec éclairage allumé,En agglomération,Intersection en T,Normale,Deux véhicules - frontale,,,,,,,,,,,5,2,3,1,1
200700069807,0007-11-28 08:45:00,7,11,28,8,45,620,41,"13, CHATEAUDUN (DE)",,,Plein jour,En agglomération,Hors intersection,Normale,Autre collision,,,,,,,,,,,1,2,1,1,6
200700069808,0007-11-30 12:45:00,7,11,30,12,45,620,753,"14, DAUDET (ALPHONSE)",,,Plein jour,En agglomération,Hors intersection,Normale,Autre collision,,,,,,,,,,,1,2,1,1,6
200700069809,0007-11-05 15:50:00,7,11,5,15,50,620,516,HOUDAIN (rue),,,Plein jour,En agglomération,Intersection en X,Normale,Deux véhicules - côté,,,,,,,,,,,1,2,2,1,3
200700069810,0007-11-05 15:20:00,7,11,5,15,20,620,65,"47, THUMERELLE ACHILLE",,,Plein jour,En agglomération,Hors intersection,Normale,Deux véhicules - frontale,,,,,,,,,,,1,2,1,1,1
200700069811,0007-11-06 18:55:00,7,11,6,18,55,620,724,D 46,,,Nuit avec éclairage allumé,Hors agglomération,Hors intersection,Normale,Sans collision,,,,,,,,,,,5,1,1,1,7
200700069812,0007-11-11 12:30:00,7,11,11,12,30,620,724,"00, FOSSE DEUX ( BOULEVA",,,Plein jour,En agglomération,Intersection en X,Pluie forte,Deux véhicules - côté,,,,,,,,,,,1,2,2,3,3
200700069813,0007-11-15 13:50:00,7,11,15,13,50,620,724,"101, DE GAULLE (DU GENER",,,Plein jour,En agglomération,Hors intersection,Normale,Autre collision,,,,,,,,,,,1,2,1,1,6
200700069814,0007-11-06 10:50:00,7,11,6,10,50,620,277,CD 40 E,,,Plein jour,En agglomération,Giratoire,Normale,Deux véhicules - côté,,,,,,,,,,,1,2,6,1,3
200700069815,0007-11-22 16:35:00,7,11,22,16,35,620,724,DE GAULLE (DU GENERAL),,,Plein jour,En agglomération,Intersection en X,Normale,Sans collision,,,,,,,,,,,1,2,2,1,7
200700069816,0007-11-11 14:50:00,7,11,11,14,50,620,688,"344, AVENUE JEAN MOULIN",,,Plein jour,En agglomération,Hors intersection,Normale,Deux véhicules - arrière,,,,,,,,,,,1,2,1,1,2
200700069817,0007-11-08 16:15:00,7,11,8,16,15,620,108,", ANGLAIS",,,Plein jour,En agglomération,Intersection en X,Normale,Deux véhicules - côté,,,,,,,,,,,1,2,2,1,3
200700069818,0007-11-27 17:20:00,7,11,27,17,20,620,841,MENDES FRANCE ( RUE PIER,,,Nuit avec éclairage allumé,En agglomération,Hors intersection,Normale,Deux véhicules - côté,,,,,,,,,,,5,2,1,1,3
200700069819,0007-11-12 07:30:00,7,11,12,7,30,620,119,"0, LAMENDIN ( RUE ARTHUR",,,Crépuscule ou aube,En agglomération,Intersection en T,Pluie légère,Deux véhicules - côté,,,,,,,,,,,2,2,3,2,3
200700069820,0007-11-15 22:10:00,7,11,15,22,10,620,276,LENS ( ROUTE DE ),,,Nuit avec éclairage allumé,En agglomération,Hors intersection,Normale,Autre collision,,,,,,,,,,,5,2,1,1,6
200700069821,0007-11-17 17:30:00,7,11,17,17,30,620,126,CD 941,,,Crépuscule ou aube,En agglomération,Giratoire,Normale,Deux véhicules - frontale,,,,,,,,,,,2,2,6,1,1
200700069822,0007-11-15 19:40:00,7,11,15,19,40,620,841,MENDES FRANCE ( RUE PIER,,,Crépuscule ou aube,En agglomération,Hors intersection,Normale,Deux véhicules - arrière,,,,,,,,,,,2,2,1,1,2
200700069823,0007-11-18 15:45:00,7,11,18,15,45,620,119,VARSOVIE ( BOULEVARD DE,,,Plein jour,En agglomération,Hors intersection,Normale,Autre collision,,,,,,,,,,,1,2,1,1,6
200700069824,0007-11-23 15:50:00,7,11,23,15,50,620,35,"04, VASSEUR ( RUE PAUL E",,,Plein jour,En agglomération,Hors intersection,Temps couvert,Autre collision,,,,,,,,,,,1,2,1,8,6
200700069825,0007-11-19 14:05:00,7,11,19,14,5,620,160,"0, JAURES (Viaduc Jean)",,,Plein jour,En agglomération,Hors intersection,Normale,Autre collision,,,,,,,,,,,1,2,1,1,6
200700069826,0007-11-03 17:20:00,7,11,3,17,20,620,178,"334, ANATOLE FRANCE",,,Crépuscule ou aube,En agglomération,Hors intersection,Normale,Autre collision,,,,,,,,,,,2,2,1,1,6
200700069827,0007-11-16 10:45:00,7,11,16,10,45,620,400,"12, KOENIG ( GENERAL )",,,Plein jour,En agglomération,Intersection en X,Normale,Deux véhicules - côté,,,,,,,,,,,1,2,2,1,3
200700069828,0007-11-02 21:10:00,7,11,2,21,10,620,193,SAINT OMER (ROUTE DE),,,Crépuscule ou aube,En agglomération,Hors intersection,Pluie légère,Deux véhicules - arrière,,,,,,,,,,,2,2,1,2,2
200700069829,0007-11-05 17:20:00,7,11,5,17,20,620,193,"33, VAUXHALL (RUE DU)",,,Plein jour,En agglomération,Hors intersection,Normale,Autre collision,,,,,,,,,,,1,2,1,1,6
200700069830,0007-11-12 08:00:00,7,11,12,8,0,620,193,NORMANDIE NIEMEN,,,Plein jour,En agglomération,Intersection en T,Normale,Deux véhicules - côté,,,,,,,,,,,1,2,3,1,3
200700069831,0007-11-12 17:55:00,7,11,12,17,55,620,193,GUYNEMER (AVENUE G.),,,Crépuscule ou aube,En agglomération,Hors intersection,Normale,Autre collision,,,,,,,,,,,2,2,1,1,6
200700069832,0007-11-17 15:10:00,7,11,17,15,10,620,244,REGNIERS (CHEMIN DES),,,Plein jour,En agglomération,Hors intersection,Normale,Deux véhicules - frontale,,,,,,,,,,,1,2,1,1,1
200700069833,0007-11-29 14:00:00,7,11,29,14,0,620,193,EDIMBOURG (RUE D'),,,Plein jour,En agglomération,Intersection en X,Normale,Deux véhicules - côté,,,,,,,,,,,1,2,2,1,3
200700069834,0007-11-30 07:45:00,7,11,30,7,45,620,193,"33, VAN GRUTTEN",,,Nuit avec éclairage allumé,En agglomération,Hors intersection,Normale,Autre collision,,,,,,,,,,,5,2,1,1,6
200700069835,0007-11-02 22:30:00,7,11,2,22,30,620,250,"sans, BAUVE (R PIERRE)",,,Nuit sans éclairage public,En agglomération,Intersection en T,Normale,Autre collision,,,,,,,,,,,3,2,3,1,6
200700069836,0007-11-16 08:00:00,7,11,16,8,0,620,215,"sans, MONTAIGNE (AV. MIC",,,Plein jour,En agglomération,Hors intersection,Normale,Deux véhicules - côté,,,,,,,,,,,1,2,1,1,3
200700069837,0007-11-21 19:20:00,7,11,21,19,20,620,413,"62, DEBARGE (R CHARLES)",,,Nuit avec éclairage allumé,En agglomération,Hors intersection,Pluie légère,Autre collision,,,,,,,,,,,5,2,1,2,6
200700069838,0007-11-29 17:56:00,7,11,29,17,56,620,250,"41, BRIAND (R ARISTIDE)",,,Nuit avec éclairage non allumé,En agglomération,Hors intersection,Pluie légère,Autre collision,,,,,,,,,,,4,2,1,2,6
200700069839,0007-11-23 18:55:00,7,11,23,18,55,620,427,"0, BD OLOF  PALME",,,Crépuscule ou aube,Hors agglomération,Giratoire,Normale,Deux véhicules - côté,,,,,,,,,,,2,1,6,1,3
200700069840,0007-11-09 22:55:00,7,11,9,22,55,620,427,"206, MONTPENCHER (R)",,,Nuit avec éclairage allumé,En agglomération,Hors intersection,Normale,Deux véhicules - côté,,,,,,,,,,,5,2,1,1,3
200700069841,0007-11-10 05:35:00,7,11,10,5,35,620,249,"0, BUISSON (R FERDINAND)",,,Nuit avec éclairage allumé,Hors agglomération,Hors intersection,Pluie légère,Deux véhicules - arrière,,,,,,,,,,,5,1,1,2,2
200700069842,0007-11-15 08:05:00,7,11,15,8,5,620,427,"0, AYLE (R ROBERT)",,,Plein jour,En agglomération,Giratoire,Normale,Deux véhicules - arrière,,,,,,,,,,,1,2,6,1,2
200700069843,0007-11-29 15:45:00,7,11,29,15,45,620,587,"0, HARNES (RTE D')",,,Plein jour,En agglomération,Intersection en T,Pluie légère,Deux véhicules - côté,,,,,,,,,,,1,2,3,2,3
200700069844,0007-11-30 22:50:00,7,11,30,22,50,620,351,"0, DAUTRICOURT (R FRANCO",,,Nuit sans éclairage public,Hors agglomération,Hors intersection,Pluie forte,Autre collision,,,,,,,,,,,3,1,1,3,6
200700069845,0007-11-06 22:45:00,7,11,6,22,45,620,427,MONTPENCHER (R),,,Nuit avec éclairage allumé,En agglomération,Intersection en X,Normale,Deux véhicules - côté,,,,,,,,,,,5,2,2,1,3
200700069846,0007-11-27 12:10:00,7,11,27,12,10,620,498,"sans, BASSEE (RTE DE LA)",,,Plein jour,Hors agglomération,Intersection en T,Normale,Deux véhicules - côté,,,,,,,,,,,1,1,3,1,3
200700069847,0007-11-20 17:25:00,7,11,20,17,25,620,498,"sans, MAES (AV. ALFRED )",,,Crépuscule ou aube,En agglomération,Hors intersection,Pluie légère,Autre collision,,,,,,,,,,,2,2,1,2,6
200700069848,0007-11-14 10:55:00,7,11,14,10,55,620,498,"sans, VARSOVIE (AV. DE)",,,Plein jour,En agglomération,Intersection en X,Normale,Deux véhicules - côté,,,,,,,,,,,1,2,2,1,3
200700069849,0007-11-23 23:50:00,7,11,23,23,50,620,523,"sans, VIGNY (R ALFRED DE",,,Nuit avec éclairage allumé,En agglomération,Intersection en X,Normale,Deux véhicules - côté,,,,,,,,,,,5,2,2,1,3
200700069850,0007-11-17 19:50:00,7,11,17,19,50,620,498,", CHAMP DE MARS (R DU)",,,Nuit avec éclairage allumé,En agglomération,Intersection en X,Temps couvert,Deux véhicules - frontale,,,,,,,,,,,5,2,2,8,1
200700069851,0007-11-30 15:00:00,7,11,30,15,0,620,528,"., RAGONEUX (R DES)",,,Plein jour,En agglomération,Hors intersection,Normale,Deux véhicules - côté,,,,,,,,,,,1,2,1,1,3
200700069852,0007-11-24 19:30:00,7,11,24,19,30,620,528,"., D943",,,Crépuscule ou aube,Hors agglomération,Hors intersection,Normale,Deux véhicules - frontale,,,,,,,,,,,2,1,1,1,1
200700069853,0007-11-07 08:25:00,7,11,7,8,25,620,19,BETHUNE (R DE),,,Crépuscule ou aube,Hors agglomération,Hors intersection,Normale,Deux véhicules - frontale,,,,,,,,,,,2,1,1,1,1
200700069854,0007-11-16 16:40:00,7,11,16,16,40,620,386,"., BEUGNET (R CASIMIR)",,,Plein jour,En agglomération,Hors intersection,Normale,Deux véhicules - arrière,,,,,,,,,,,1,2,1,1,2
200700069855,0007-11-04 11:30:00,7,11,4,11,30,620,194,"1, LATERALE ( RUE )",,,Plein jour,En agglomération,Intersection en T,Temps couvert,Deux véhicules - côté,,,,,,,,,,,1,2,3,8,3
200700069856,0007-11-20 19:00:00,7,11,20,19,0,620,555,LYON (RUE DE ),,,Nuit avec éclairage allumé,En agglomération,Intersection en X,Pluie forte,Deux véhicules - côté,,,,,,,,,,,5,2,2,3,3
200700069857,0007-11-22 23:15:00,7,11,22,23,15,620,555,", BLUM (RUE LEON)",,,Nuit avec éclairage allumé,En agglomération,Hors intersection,Pluie légère,Sans collision,,,,,,,,,,,5,2,1,2,7
200700069858,0007-11-24 16:00:00,7,11,24,16,0,620,23,LILLERS (RUE DE),,,Plein jour,En agglomération,Hors intersection,Normale,Autre collision,,,,,,,,,,,1,2,1,1,6
200700069859,0007-11-23 17:30:00,7,11,23,17,30,620,224,RD 943,,,Nuit avec éclairage allumé,Hors agglomération,Hors intersection,Temps couvert,Deux véhicules - frontale,,,,,,,,,,,5,1,1,8,1
200700069860,0007-11-25 01:50:00,7,11,25,1,50,620,617,"63/65, ROUTE NATIONALE (",,,Nuit avec éclairage allumé,En agglomération,Hors intersection,Normale,Sans collision,,,,,,,,,,,5,2,1,1,7
200700069861,0007-11-27 15:25:00,7,11,27,15,25,620,83,RD 301 (ROCADE MINIERE),,,Plein jour,Hors agglomération,Hors intersection,Normale,Autre collision,,,,,,,,,,,1,1,1,1,6
200700069862,0007-11-24 11:51:00,7,11,24,11,51,620,617,"22, VERQUIGNEUL (RUE DE)",,,Plein jour,En agglomération,Intersection en T,Normale,Deux véhicules - côté,,,,,,,,,,,1,2,3,1,3
200700069863,0007-11-24 17:10:00,7,11,24,17,10,620,765,"., COMMERCE (QUAI DU....",,,Nuit avec éclairage allumé,En agglomération,Hors intersection,Normale,Deux véhicules - côté,,,,,,,,,,,5,2,1,1,3
200700069864,0007-11-15 14:40:00,7,11,15,14,40,620,826,GENERAL DE GAULLE (AVENU,,,Plein jour,En agglomération,Intersection en X,Normale,Deux véhicules - côté,,,,,,,,,,,1,2,2,1,3
200700069865,0007-11-01 21:30:00,7,11,1,21,30,630,113,"-, RABANESSE (RUE DE)",,,Nuit avec éclairage allumé,En agglomération,Intersection en X,Normale,Autre collision,,,,,,,,,,,5,2,2,1,6
200700069866,0007-11-01 05:00:00,7,11,1,5,0,630,113,CLOS NOTRE DAME (RUE DU),,,Nuit avec éclairage allumé,En agglomération,Hors intersection,Normale,Autre collision,,,,,,,,,,,5,2,1,1,6
200700069867,0007-11-02 14:20:00,7,11,2,14,20,630,113,"10, MOINIER (RUE ANDRE)",,,Plein jour,En agglomération,Hors intersection,Normale,Autre collision,,,,,,,,,,,1,2,1,1,6
200700069868,0007-11-04 04:55:00,7,11,4,4,55,630,113,"-, LAFAYETTE (BD)",,,Nuit avec éclairage allumé,En agglomération,Intersection en X,Normale,Autre collision,,,,,,,,,,,5,2,2,1,6
200700069869,0007-11-04 13:30:00,7,11,4,13,30,630,113,"-, MERCOEUR (RUE DE)",,,Plein jour,En agglomération,Giratoire,Normale,Autre collision,,,,,,,,,,,1,2,6,1,6
200700069870,0007-11-04 21:40:00,7,11,4,21,40,630,113,"1, JAURES (BD JEAN)",,,Nuit avec éclairage allumé,En agglomération,Hors intersection,Normale,Deux véhicules - côté,,,,,,,,,,,5,2,1,1,3
200700069871,0007-11-05 17:47:00,7,11,5,17,47,630,113,"164, LAFAYETTE (BD)",,,Plein jour,En agglomération,Intersection en T,Normale,Deux véhicules - côté,,,,,,,,,,,1,2,3,1,3
200700069872,0007-11-05 17:45:00,7,11,5,17,45,630,32,"38, LECLERC (AVENUE DU M",,,Plein jour,En agglomération,Hors intersection,Normale,Autre collision,,,,,,,,,,,1,2,1,1,6
200700069873,0007-11-05 22:20:00,7,11,5,22,20,630,113,"4, TRUDAINE (BD)",,,Nuit avec éclairage allumé,En agglomération,Hors intersection,Normale,Trois véhicules et plus - en chaîne,,,,,,,,,,,5,2,1,1,4
200700069874,0007-11-07 17:50:00,7,11,7,17,50,630,308,"-, LANDOUZY (PLACE)",,,Nuit avec éclairage allumé,En agglomération,Hors intersection,Normale,Autre collision,,,,,,,,,,,5,2,1,1,6
200700069875,0007-11-07 18:20:00,7,11,7,18,20,630,113,"3, PIERRE DE FERMAD",,,Nuit avec éclairage allumé,En agglomération,Hors intersection,Normale,Deux véhicules - côté,,,,,,,,,,,5,2,1,1,3
200700069876,0007-11-08 05:00:00,7,11,8,5,0,630,113,"63, COTE BLATIN (BD)",,,Nuit avec éclairage allumé,En agglomération,Hors intersection,Normale,Autre collision,,,,,,,,,,,5,2,1,1,6
200700069877,0007-11-08 19:20:00,7,11,8,19,20,630,75,"1, VILLARS (AVENUE DE)",,,Nuit avec éclairage allumé,En agglomération,Intersection à plus de 4 branches,Normale,Deux véhicules - côté,,,,,,,,,,,5,2,5,1,3
200700069878,0007-11-09 08:05:00,7,11,9,8,5,630,113,"66, MEUNIERS (RUE DES)",,,Plein jour,En agglomération,Hors intersection,Normale,Autre collision,,,,,,,,,,,1,2,1,1,6
200700069879,0007-11-09 10:25:00,7,11,9,10,25,630,113,"-, GERGOVIA (BD)",,,Plein jour,En agglomération,Hors intersection,Normale,Autre collision,,,,,,,,,,,1,2,1,1,6
200700069880,0007-11-09 13:15:00,7,11,9,13,15,630,113,"1, TEMPLE (RUE DU)",,,Plein jour,En agglomération,Intersection en X,Normale,Deux véhicules - côté,,,,,,,,,,,1,2,2,1,3
200700069881,0007-11-10 00:58:00,7,11,10,0,58,630,113,"., BLERIOT (AVENUE LOUIS",,,Nuit avec éclairage allumé,En agglomération,Autre intersection,Pluie légère,Autre collision,,,,,,,,,,,5,2,9,2,6
200700069882,0007-11-10 17:10:00,7,11,10,17,10,630,113,"., MAYER (BD DANIEL)",,,Plein jour,En agglomération,Hors intersection,Normale,Autre collision,,,,,,,,,,,1,2,1,1,6
200700069883,0007-11-11 17:05:00,7,11,11,17,5,630,113,"1, CRISTAL (AVENUE ERNES",,,Plein jour,En agglomération,Hors intersection,Normale,Autre collision,,,,,,,,,,,1,2,1,1,6
200700069884,0007-11-11 19:25:00,7,11,11,19,25,630,113,"., RECLUS (AVENUE ELISEE",,,Nuit avec éclairage allumé,En agglomération,Autre intersection,Normale,Autre collision,,,,,,,,,,,5,2,9,1,6
200700069885,0007-11-14 08:40:00,7,11,14,8,40,630,113,"1, FOREST (AVENUE FERNAN",,,Plein jour,En agglomération,Intersection en X,Temps couvert,Deux véhicules - côté,,,,,,,,,,,1,2,2,8,3
200700069886,0007-11-15 10:00:00,7,11,15,10,0,630,75,"24, BRIAND (AVENUE ARIST",,,Plein jour,En agglomération,Intersection en X,Normale,Autre collision,,,,,,,,,,,1,2,2,1,6
200700069887,0007-11-16 04:45:00,7,11,16,4,45,630,75,"90bis, ROYAT (AVENUE DE)",,,Nuit avec éclairage allumé,En agglomération,Hors intersection,Normale,Autre collision,,,,,,,,,,,5,2,1,1,6
200700069888,0007-11-17 22:15:00,7,11,17,22,15,630,113,"., FALLIERES (RUE ARMAND",,,Nuit avec éclairage allumé,En agglomération,Hors intersection,Normale,Autre collision,,,,,,,,,,,5,2,1,1,6
200700069889,0007-11-18 02:50:00,7,11,18,2,50,630,113,"-, REPUBLIQUE (AVENUE DE",,,Nuit avec éclairage allumé,En agglomération,Hors intersection,Normale,Autre collision,,,,,,,,,,,5,2,1,1,6
200700069890,0007-11-18 13:40:00,7,11,18,13,40,630,113,"1, MAYER (BD DANIEL)",,,Plein jour,En agglomération,Hors intersection,Normale,Autre collision,,,,,,,,,,,1,2,1,1,6
200700069891,0007-11-19 07:50:00,7,11,19,7,50,630,75,"., GARNAUDES (RUE DES)",,,Plein jour,En agglomération,Hors intersection,Normale,Autre collision,,,,,,,,,,,1,2,1,1,6
200700069892,0007-11-20 12:05:00,7,11,20,12,5,630,113,"-, LAFAYETTE (BD)",,,Plein jour,En agglomération,Hors intersection,Normale,Autre collision,,,,,,,,,,,1,2,1,1,6
200700069893,0007-11-21 12:05:00,7,11,21,12,5,630,32,"1, BARBIER D'AUBREE (RUE",,,Plein jour,En agglomération,Intersection en X,Temps couvert,Deux véhicules - côté,,,,,,,,,,,1,2,2,8,3
200700069894,0007-11-21 13:00:00,7,11,21,13,0,630,113,"., ITALIE (AVENUE DE L')",,,Plein jour,En agglomération,Intersection en X,Pluie légère,Autre collision,,,,,,,,,,,1,2,2,2,6
200700069895,0007-11-22 11:25:00,7,11,22,11,25,630,14,"27, PASTEUR (RUE)",,,Plein jour,En agglomération,Hors intersection,Normale,Autre collision,,,,,,,,,,,1,2,1,1,6
200700069896,0007-11-22 12:00:00,7,11,22,12,0,630,113,"1, BEAULIEU (CHEMIN DE)",,,Plein jour,Hors agglomération,Hors intersection,Temps couvert,Deux véhicules - côté,,,,,,,,,,,1,1,1,8,3
200700069897,0007-11-22 17:35:00,7,11,22,17,35,630,113,"., CHATEAU DES VERGNES (",,,Nuit avec éclairage allumé,En agglomération,Intersection en T,Normale,Deux véhicules - côté,,,,,,,,,,,5,2,3,1,3
200700069898,0007-11-24 04:30:00,7,11,24,4,30,630,113,"., GAUTREZ (RUE DR)",,,Nuit avec éclairage allumé,En agglomération,Hors intersection,Normale,Autre collision,,,,,,,,,,,5,2,1,1,6
200700069899,0007-11-24 15:10:00,7,11,24,15,10,630,113,"-, POMPIDOU (BD GEORGES)",,,Plein jour,En agglomération,Hors intersection,Normale,Autre collision,,,,,,,,,,,1,2,1,1,6
200700069900,0007-11-24 18:10:00,7,11,24,18,10,630,14,"9, COURNON (AVENUE DE)",,,Nuit avec éclairage allumé,En agglomération,Hors intersection,Normale,Deux véhicules - arrière,,,,,,,,,,,5,2,1,1,2
200700069901,0007-11-25 01:40:00,7,11,25,1,40,630,113,"., BEAULIEU (CHEMIN DE)",,,Nuit sans éclairage public,Hors agglomération,Hors intersection,Normale,Sans collision,,,,,,,,,,,3,1,1,1,7
200700069902,0007-11-26 17:40:00,7,11,26,17,40,630,113,"., RONZIERES (RUE DES)",,,Crépuscule ou aube,En agglomération,Hors intersection,Normale,Autre collision,,,,,,,,,,,2,2,1,1,6
200700069903,0007-11-27 13:30:00,7,11,27,13,30,630,113,"-, VIALATTE (PLACE ALEXA",,,Plein jour,En agglomération,Hors intersection,Normale,Autre collision,,,,,,,,,,,1,2,1,1,6
200700069904,0007-11-28 15:15:00,7,11,28,15,15,630,113,"1, CHAMPRATEL (RUE DE)",,,Plein jour,En agglomération,Intersection en X,Normale,Deux véhicules - côté,,,,,,,,,,,1,2,2,1,3
200700069905,0007-11-29 12:33:00,7,11,29,12,33,630,308,"29, JAURES (AVENUE JEAN)",,,Plein jour,En agglomération,Hors intersection,Normale,Autre collision,,,,,,,,,,,1,2,1,1,6
200700069906,0007-11-30 15:00:00,7,11,30,15,0,630,14,"., COURNON (AVENUE DE)",,,Plein jour,En agglomération,Hors intersection,Normale,Autre collision,,,,,,,,,,,1,2,1,1,6
200700069907,0007-11-30 17:35:00,7,11,30,17,35,630,113,"-, DELARBRE (RUE)",,,Plein jour,En agglomération,Intersection en X,Normale,Autre collision,,,,,,,,,,,1,2,2,1,6
200700069908,0007-11-28 07:45:00,7,11,28,7,45,630,113,"1, AURIOL (BOULEBARD VIN",,,Nuit avec éclairage allumé,En agglomération,Hors intersection,Normale,Autre collision,,,,,,,,,,,5,2,1,1,6
200700069909,0007-11-07 10:00:00,7,11,7,10,0,630,124,DOMES (AVENUE DES),,,Plein jour,En agglomération,Intersection en X,Normale,Deux véhicules - côté,,,,,,,,,,,1,2,2,1,3
200700069910,0007-11-15 16:50:00,7,11,15,16,50,630,124,"15, LIBERATION (AV. DE L",,,Plein jour,En agglomération,Hors intersection,Neige / grêle,Autre collision,,,,,,,,,,,1,2,1,4,6
200700069911,0007-11-21 19:30:00,7,11,21,19,30,630,63,HUIT MAI (AVENUE DU),,,Nuit avec éclairage allumé,En agglomération,Hors intersection,Pluie forte,Deux véhicules - arrière,,,,,,,,,,,5,2,1,3,2
200700069912,0007-11-10 00:35:00,7,11,10,0,35,630,300,RD 2009,,,Nuit sans éclairage public,Hors agglomération,Hors intersection,Normale,Deux véhicules - frontale,,,,,,,,,,,3,1,1,1,1
200700069913,0007-11-16 12:15:00,7,11,16,12,15,630,300,CLERMONT (AVENUE DE),,,Plein jour,En agglomération,Hors intersection,Normale,Deux véhicules - côté,,,,,,,,,,,1,2,1,1,3
200700069914,0007-11-30 17:45:00,7,11,30,17,45,630,300,RD 78,,,Crépuscule ou aube,Hors agglomération,Hors intersection,Pluie légère,Deux véhicules - frontale,,,,,,,,,,,2,1,1,2,1
200700069915,0007-11-02 13:50:00,7,11,2,13,50,640,24,"., BAB (BOULEVARD DU)",,,Plein jour,En agglomération,Intersection en X,Normale,Deux véhicules - arrière,,,,,,,,,,,1,2,2,1,2
200700069916,0007-11-02 19:25:00,7,11,2,19,25,640,24,"., ESPAGNE (AVENUE D')",,,Nuit avec éclairage non allumé,En agglomération,Intersection en T,Normale,Deux véhicules - côté,,,,,,,,,,,4,2,3,1,3
200700069917,0007-11-05 20:16:00,7,11,5,20,16,640,102,CAMBO de,,,Nuit avec éclairage allumé,En agglomération,Hors intersection,Normale,Sans collision,,,,,,,,,,,5,2,1,1,7
200700069918,0007-11-07 10:00:00,7,11,7,10,0,640,24,"24, ADOUR (AVENUE DE L')",,,Plein jour,En agglomération,Intersection en T,Normale,Deux véhicules - côté,,,,,,,,,,,1,2,3,1,3
200700069919,0007-11-09 18:30:00,7,11,9,18,30,640,24,BERNAIN (AVENUE EUGENE),,,Nuit avec éclairage allumé,En agglomération,Hors intersection,Normale,Deux véhicules - côté,,,,,,,,,,,5,2,1,1,3
200700069920,0007-11-10 12:10:00,7,11,10,12,10,640,102,ARITXAGUE (BD D'),,,Plein jour,En agglomération,Giratoire,Normale,Deux véhicules - côté,,,,,,,,,,,1,2,6,1,3
200700069921,0007-11-11 11:50:00,7,11,11,11,50,640,102,", BOUFFLERS (ALLEES)",,,Plein jour,En agglomération,Hors intersection,Normale,Autre collision,,,,,,,,,,,1,2,1,1,6
200700069922,0007-11-14 18:20:00,7,11,14,18,20,640,102,"., ALSACE LORRAINE (BOUL",,,Nuit avec éclairage non allumé,En agglomération,Intersection en X,Normale,Deux véhicules - côté,,,,,,,,,,,4,2,2,1,3