accident_id,datetime,annee,mois,jour,heure,minute,departement,commune_insee,adresse,latitude,longitude,luminosite,agglomeration,intersection,meteo,collision,nb_vehicules,nb_usagers,nb_indemnes,nb_tues,nb_blesses_hosp,nb_blesses_legers,age_cond_1,age_cond_2,veh_type_cond_1,veh_type_cond_2,lum_code,agg_code,int_code,atm_code,col_code
200700069923,0007-11-17 17:05:00,7,11,17,17,5,640,24,"121, MONTBRUN (AVENUE DE",,,Plein jour,En agglomération,Intersection en Y,Normale,Deux véhicules - côté,,,,,,,,,,,1,2,4,1,3
200700069924,0007-11-28 17:50:00,7,11,28,17,50,640,24,"., BIARRITZ (AVENUE DE)",,,Nuit avec éclairage allumé,En agglomération,Hors intersection,Normale,Deux véhicules - côté,,,,,,,,,,,5,2,1,1,3
200700069925,0007-11-13 07:35:00,7,11,13,7,35,640,122,VERDUN (AVENUE DE),,,Crépuscule ou aube,En agglomération,Intersection en T,Normale,Deux véhicules - côté,,,,,,,,,,,2,2,3,1,3
200700069926,0007-11-13 15:30:00,7,11,13,15,30,640,125,BAYONNE (AVENUE DE),,,Plein jour,En agglomération,Hors intersection,Normale,Deux véhicules - arrière,,,,,,,,,,,1,2,1,1,2
200700069927,0007-11-15 15:20:00,7,11,15,15,20,640,122,CARNOT (AV),,,Plein jour,En agglomération,Autre intersection,Normale,Autre collision,,,,,,,,,,,1,2,9,1,6
200700069928,0007-11-16 11:35:00,7,11,16,11,35,640,122,"., CASCAILS (BD DE)",,,Plein jour,En agglomération,Hors intersection,Normale,Autre collision,,,,,,,,,,,1,2,1,1,6
200700069929,0007-11-27 17:00:00,7,11,27,17,0,640,122,"., ""KENNEDY (AVENUE DU P",,,Plein jour,En agglomération,Autre intersection,Normale,Deux véhicules - côté,,,,,,,,,,,1,2,9,1,3
200700069930,0007-11-02 11:20:00,7,11,2,11,20,640,445,"177, JEAN MERMOZ",,,Plein jour,En agglomération,Hors intersection,Normale,Deux véhicules - côté,,,,,,,,,,,1,2,1,1,3
200700069931,0007-11-02 15:45:00,7,11,2,15,45,640,335,D289,,,Plein jour,Hors agglomération,Hors intersection,Normale,Deux véhicules - arrière,,,,,,,,,,,1,1,1,1,2
200700069932,0007-11-05 15:30:00,7,11,5,15,30,640,445,"0, EMILE GUICHENNE",,,Plein jour,En agglomération,Intersection en X,Normale,Deux véhicules - frontale,,,,,,,,,,,1,2,2,1,1
200700069933,0007-11-05 16:20:00,7,11,5,16,20,640,445,"1, ALFRED DE VIGNY",,,Plein jour,En agglomération,Hors intersection,Normale,Deux véhicules - côté,,,,,,,,,,,1,2,1,1,3
200700069934,0007-11-06 18:20:00,7,11,6,18,20,640,445,"1, CORPS FRANC POMMIES D",,,Nuit avec éclairage allumé,En agglomération,Hors intersection,Normale,Deux véhicules - côté,,,,,,,,,,,5,2,1,1,3
200700069935,0007-11-07 09:15:00,7,11,7,9,15,640,445,"1, ALFRED DE MUSSET",,,Plein jour,En agglomération,Intersection en T,Normale,Deux véhicules - frontale,,,,,,,,,,,1,2,3,1,1
200700069936,0007-11-12 08:30:00,7,11,12,8,30,640,445,"1, GASTON LACOSTE",,,Plein jour,En agglomération,Intersection en T,Normale,Deux véhicules - côté,,,,,,,,,,,1,2,3,1,3
200700069937,0007-11-09 12:25:00,7,11,9,12,25,640,445,"27, LEON BLUM",,,Plein jour,En agglomération,Hors intersection,Normale,Deux véhicules - côté,,,,,,,,,,,1,2,1,1,3
200700069938,0007-11-11 04:50:00,7,11,11,4,50,640,269,"1, BEAU SOLEIL",,,Nuit avec éclairage allumé,En agglomération,Hors intersection,Normale,Autre collision,,,,,,,,,,,5,2,1,1,6
200700069939,0007-11-09 19:20:00,7,11,9,19,20,640,445,"1, BUROS DE",,,Nuit avec éclairage allumé,En agglomération,Intersection en T,Normale,Deux véhicules - côté,,,,,,,,,,,5,2,3,1,3
200700069940,0007-11-11 14:45:00,7,11,11,14,45,640,445,JEAN MERMOZ,,,Plein jour,En agglomération,Intersection en X,Normale,Deux véhicules - frontale,,,,,,,,,,,1,2,2,1,1
200700069941,0007-11-12 19:00:00,7,11,12,19,0,640,445,"8, GENERAL DE GAULLE DU",,,Nuit avec éclairage allumé,En agglomération,Hors intersection,Normale,Deux véhicules - côté,,,,,,,,,,,5,2,1,1,3
200700069942,0007-11-13 07:00:00,7,11,13,7,0,640,445,"1, RAYMOND DE CARBONNIER",,,Nuit avec éclairage allumé,En agglomération,Hors intersection,Normale,Deux véhicules - côté,,,,,,,,,,,5,2,1,1,3
200700069943,0007-11-13 11:25:00,7,11,13,11,25,640,445,"., LYAUTEY",,,Plein jour,En agglomération,Hors intersection,Normale,Autre collision,,,,,,,,,,,1,2,1,1,6
200700069944,0007-11-15 15:10:00,7,11,15,15,10,640,445,"1, PAIX",,,Plein jour,En agglomération,Intersection en X,Normale,Deux véhicules - frontale,,,,,,,,,,,1,2,2,1,1
200700069945,0007-11-15 17:50:00,7,11,15,17,50,640,132,"0, MARECHAL FOCH",,,Crépuscule ou aube,En agglomération,Hors intersection,Normale,Autre collision,,,,,,,,,,,2,2,1,1,6
200700069946,0007-11-12 12:00:00,7,11,12,12,0,640,445,GASTON PHOEBUS,,,Plein jour,En agglomération,Intersection en T,Normale,Deux véhicules - côté,,,,,,,,,,,1,2,3,1,3
200700069947,0007-11-17 18:00:00,7,11,17,18,0,640,445,"1, DUFAU",,,Nuit avec éclairage allumé,En agglomération,Hors intersection,Normale,Deux véhicules - côté,,,,,,,,,,,5,2,1,1,3
200700069948,0007-11-18 13:45:00,7,11,18,13,45,640,445,"., EMILE GARET",,,Plein jour,En agglomération,Intersection en X,Normale,Deux véhicules - côté,,,,,,,,,,,1,2,2,1,3
200700069949,0007-11-18 18:55:00,7,11,18,18,55,640,445,"1, GASTON LACOSTE",,,Nuit avec éclairage allumé,En agglomération,Autre intersection,Normale,Autre collision,,,,,,,,,,,5,2,9,1,6
200700069950,0007-11-21 16:00:00,7,11,21,16,0,640,445,"29, ALLIES DES",,,Plein jour,En agglomération,Hors intersection,Normale,Autre collision,,,,,,,,,,,1,2,1,1,6
200700069951,0007-11-23 12:30:00,7,11,23,12,30,640,445,"., GASTON PHOEBUS",,,Plein jour,En agglomération,Intersection en X,Normale,Trois véhicules et plus - en chaîne,,,,,,,,,,,1,2,2,1,4
200700069952,0007-11-23 18:30:00,7,11,23,18,30,640,445,CARNOT,,,Nuit avec éclairage allumé,En agglomération,Intersection en T,Normale,Deux véhicules - côté,,,,,,,,,,,5,2,3,1,3
200700069953,0007-11-23 15:30:00,7,11,23,15,30,640,445,"1, MARCA",,,Plein jour,En agglomération,Intersection en X,Normale,Deux véhicules - côté,,,,,,,,,,,1,2,2,1,3
200700069954,0007-11-25 14:55:00,7,11,25,14,55,640,445,"., NAPOLEON BONAPARTE",,,Plein jour,En agglomération,Hors intersection,Normale,Autre collision,,,,,,,,,,,1,2,1,1,6
200700069955,0007-11-25 17:55:00,7,11,25,17,55,640,348,"., JEAN MERMOZ",,,Crépuscule ou aube,En agglomération,Intersection en X,Normale,Deux véhicules - côté,,,,,,,,,,,2,2,2,1,3
200700069956,0007-11-27 13:00:00,7,11,27,13,0,640,445,"1, LOUP DU",,,Plein jour,En agglomération,Intersection en T,Normale,Deux véhicules - côté,,,,,,,,,,,1,2,3,1,3
200700069957,0007-11-29 13:30:00,7,11,29,13,30,640,335,"1, HENRI ROZIER",,,Plein jour,En agglomération,Hors intersection,Normale,Deux véhicules - arrière,,,,,,,,,,,1,2,1,1,2
200700069958,0007-11-30 20:00:00,7,11,30,20,0,640,445,EUROPE DE L',,,Nuit avec éclairage allumé,En agglomération,Hors intersection,Normale,Autre collision,,,,,,,,,,,5,2,1,1,6
200700069959,0007-11-16 11:30:00,7,11,16,11,30,640,260,RN 111,,,Plein jour,En agglomération,Intersection en T,Normale,Deux véhicules - côté,,,,,,,,,,,1,2,3,1,3
200700069960,0007-11-03 13:10:00,7,11,3,13,10,640,483,"26, THIERS ADOLPHE (BOUL",,,Plein jour,En agglomération,Hors intersection,Normale,Deux véhicules - côté,,,,,,,,,,,1,2,1,1,3
200700069961,0007-11-06 15:05:00,7,11,6,15,5,640,249,GETARIA(AVENUE),,,Plein jour,En agglomération,Hors intersection,Normale,Deux véhicules - arrière,,,,,,,,,,,1,2,1,1,2
200700069962,0007-11-06 18:50:00,7,11,6,18,50,640,483,RN10,,,Nuit avec éclairage allumé,En agglomération,Hors intersection,Normale,Deux véhicules - côté,,,,,,,,,,,5,2,1,1,3
200700069963,0007-11-08 23:05:00,7,11,8,23,5,640,483,RN10,,,Nuit avec éclairage allumé,En agglomération,Hors intersection,Normale,Autre collision,,,,,,,,,,,5,2,1,1,6
200700069964,0007-11-17 09:00:00,7,11,17,9,0,640,189,"24, OIHAN ALDE (AVENUE)",,,Plein jour,En agglomération,Hors intersection,Normale,Autre collision,,,,,,,,,,,1,2,1,1,6
200700069965,0007-11-11 04:50:00,7,11,11,4,50,640,260,RN 111,,,Nuit avec éclairage allumé,En agglomération,Hors intersection,Normale,Autre collision,,,,,,,,,,,5,2,1,1,6
200700069966,0007-11-11 02:20:00,7,11,11,2,20,640,260,"1, PELLOT (RUE)",,,Nuit avec éclairage allumé,En agglomération,Hors intersection,Normale,Deux véhicules - frontale,,,,,,,,,,,5,2,1,1,1
200700069967,0007-11-16 18:35:00,7,11,16,18,35,640,260,"76, BIGARENA (RUE)",,,Nuit avec éclairage allumé,En agglomération,Hors intersection,Normale,Deux véhicules - côté,,,,,,,,,,,5,2,1,1,3
200700069968,0007-11-17 19:50:00,7,11,17,19,50,640,260,"33, AIZPURDI (RUE D')",,,Nuit avec éclairage allumé,En agglomération,Hors intersection,Normale,Deux véhicules - frontale,,,,,,,,,,,5,2,1,1,1
200700069969,0007-11-18 20:30:00,7,11,18,20,30,640,545,NATIONALE 10,,,Nuit sans éclairage public,Hors agglomération,Hors intersection,Normale,Autre collision,,,,,,,,,,,3,1,1,1,6
200700069970,0007-11-19 18:30:00,7,11,19,18,30,640,260,"10, IRANDATZ ( RUE D')",,,Nuit avec éclairage allumé,En agglomération,Hors intersection,Normale,Autre collision,,,,,,,,,,,5,2,1,1,6
200700069971,0007-11-19 16:10:00,7,11,19,16,10,640,189,RN10,,,Plein jour,En agglomération,Intersection en T,Normale,Deux véhicules - côté,,,,,,,,,,,1,2,3,1,3
200700069972,0007-11-02 22:00:00,7,11,2,22,0,650,286,"1, MARCADAL (PLACE)",,,Nuit avec éclairage allumé,En agglomération,Intersection en X,Normale,Deux véhicules - côté,,,,,,,,,,,5,2,2,1,3
200700069973,0007-11-25 13:00:00,7,11,25,13,0,650,286,"1, MARQUI (AVENUE ALEXAN",,,Plein jour,En agglomération,Giratoire,Normale,Deux véhicules - côté,,,,,,,,,,,1,2,6,1,3
200700069974,0007-11-02 09:20:00,7,11,2,9,20,650,417,"21, CLEMENCEAU (RUE GEOR",,,Plein jour,En agglomération,Intersection en X,Normale,Autre collision,,,,,,,,,,,1,2,2,1,6
200700069975,0007-11-02 12:05:00,7,11,2,12,5,650,440,"., SEPTEMBRE (RUE DU IV)",,,Plein jour,En agglomération,Intersection en X,Normale,Autre collision,,,,,,,,,,,1,2,2,1,6
200700069976,0007-11-07 12:50:00,7,11,7,12,50,650,226,PAU (ROUTE DE),,,Plein jour,Hors agglomération,Hors intersection,Normale,Deux véhicules - frontale,,,,,,,,,,,1,1,1,1,1
200700069977,0007-11-08 16:30:00,7,11,8,16,30,650,47,"18B, CHARTREUSE (AVE DE",,,Plein jour,En agglomération,Hors intersection,Normale,Deux véhicules - arrière,,,,,,,,,,,1,2,1,1,2
200700069978,0007-11-12 21:45:00,7,11,12,21,45,650,440,"41, RENAUDET (BOULEVARD",,,Nuit avec éclairage allumé,En agglomération,Hors intersection,Normale,Deux véhicules - côté,,,,,,,,,,,5,2,1,1,3
200700069979,0007-11-13 17:40:00,7,11,13,17,40,650,251,"., SPORTS (AVENUE DES)",,,Plein jour,En agglomération,Hors intersection,Normale,Trois véhicules et plus - en chaîne,,,,,,,,,,,1,2,1,1,4
200700069980,0007-11-14 10:35:00,7,11,14,10,35,650,440,"10, ORMEAU (CHEMIN DE L'",,,Plein jour,En agglomération,Hors intersection,Pluie forte,Autre collision,,,,,,,,,,,1,2,1,3,6
200700069981,0007-11-14 16:18:00,7,11,14,16,18,650,440,"., EVADES DE FRANCE (RUE",,,Plein jour,Hors agglomération,Intersection en T,Pluie légère,Deux véhicules - côté,,,,,,,,,,,1,1,3,2,3
200700069982,0007-11-21 07:45:00,7,11,21,7,45,650,440,"., URSULINES (RUE DES)",,,Crépuscule ou aube,En agglomération,Intersection en X,Normale,Deux véhicules - côté,,,,,,,,,,,2,2,2,1,3
200700069983,0007-11-26 07:45:00,7,11,26,7,45,650,417,"59, REPUBLIQUE (RUE DE L",,,Plein jour,En agglomération,Intersection en T,Normale,Deux véhicules - arrière,,,,,,,,,,,1,2,3,1,2
200700069984,0007-11-27 17:15:00,7,11,27,17,15,650,440,"., FAIDHERBE (RUE)",,,Plein jour,En agglomération,Intersection en X,Normale,Deux véhicules - côté,,,,,,,,,,,1,2,2,1,3
200700069985,0007-11-30 18:45:00,7,11,30,18,45,650,417,"46, PRADETTES (ALLEE DES",,,Nuit avec éclairage allumé,En agglomération,Hors intersection,Normale,Deux véhicules - côté,,,,,,,,,,,5,2,1,1,3
200700069986,0007-11-02 21:25:00,7,11,2,21,25,660,136,"., ARCADES (RD POINT)",,,Nuit avec éclairage allumé,Hors agglomération,Hors intersection,Normale,Deux véhicules - côté,,,,,,,,,,,5,1,1,1,3
200700069987,0007-11-06 10:35:00,7,11,6,10,35,660,136,"58, GAULLE (AVENUE GENER",,,Plein jour,En agglomération,Hors intersection,Normale,Deux véhicules - côté,,,,,,,,,,,1,2,1,1,3
200700069988,0007-11-11 04:54:00,7,11,11,4,54,660,136,"., PENETRANTE NORD",,,Nuit sans éclairage public,Hors agglomération,Hors intersection,Normale,Sans collision,,,,,,,,,,,3,1,1,1,7
200700069989,0007-11-10 18:30:00,7,11,10,18,30,660,136,"57, BALEARES AVENUE DES",,,Nuit avec éclairage allumé,En agglomération,Hors intersection,Normale,Autre collision,,,,,,,,,,,5,2,1,1,6
200700069990,0007-11-20 13:45:00,7,11,20,13,45,660,136,VALERY (PAUL),,,Plein jour,En agglomération,Intersection en T,Normale,Deux véhicules - côté,,,,,,,,,,,1,2,3,1,3
200700069991,0007-11-25 19:40:00,7,11,25,19,40,660,136,MERCADIERS (DES),,,Nuit avec éclairage allumé,En agglomération,Hors intersection,Normale,Autre collision,,,,,,,,,,,5,2,1,1,6
200700069992,0007-11-27 00:15:00,7,11,27,0,15,660,136,JULIEN PANCHOT (AVENUE),,,Nuit avec éclairage allumé,En agglomération,Hors intersection,Normale,Deux véhicules - côté,,,,,,,,,,,5,2,1,1,3
200700069993,0007-11-28 12:00:00,7,11,28,12,0,660,136,"91, BRIAND BOULEVARD ARI",,,Plein jour,En agglomération,Hors intersection,Normale,Deux véhicules - côté,,,,,,,,,,,1,2,1,1,3
200700069994,0007-11-27 18:30:00,7,11,27,18,30,660,136,LECLERC (AVENUE DU GENER,,,Nuit avec éclairage allumé,En agglomération,Hors intersection,Normale,Autre collision,,,,,,,,,,,5,2,1,1,6
200700069995,0007-11-16 15:20:00,7,11,16,15,20,660,136,"47, BRIAND BOULEVARD ARI",,,Plein jour,En agglomération,Hors intersection,Normale,Autre collision,,,,,,,,,,,1,2,1,1,6
200700069996,0007-11-30 16:30:00,7,11,30,16,30,660,136,AERODROME AVENUE DE L'(C,42.6947,3.45699,Plein jour,Hors agglomération,Hors intersection,Normale,Deux véhicules - frontale,,,,,,,,,,,1,1,1,1,1
200700069997,0007-11-20 12:40:00,7,11,20,12,40,660,136,BACCHUS ALLEE DE,,,Plein jour,En agglomération,Hors intersection,Normale,Autre collision,,,,,,,,,,,1,2,1,1,6
200700069998,0007-11-09 09:55:00,7,11,9,9,55,670,180,WOERTH (ROUTE DE),,,Plein jour,Hors agglomération,Hors intersection,Pluie légère,Autre collision,,,,,,,,,,,1,1,1,2,6
200700069999,0007-11-12 17:35:00,7,11,12,17,35,670,180,MOUTONS (RUE DES),,,Nuit avec éclairage allumé,En agglomération,Intersection en X,Normale,Deux véhicules - côté,,,,,,,,,,,5,2,2,1,3
200700070000,0007-11-15 11:35:00,7,11,15,11,35,670,180,"9, MARCHE AUX GRAINS (RU",,,Plein jour,Hors agglomération,Hors intersection,Neige / grêle,Autre collision,,,,,,,,,,,1,1,1,4,6
200700070001,0007-11-14 17:00:00,7,11,14,17,0,670,462,RD 424,,,Crépuscule ou aube,Hors agglomération,Intersection en T,Pluie légère,Deux véhicules - côté,,,,,,,,,,,2,1,3,2,3
200700070002,0007-11-23 17:35:00,7,11,23,17,35,670,462,"15, MARECHAL LECLERC (BO",,,Nuit avec éclairage allumé,En agglomération,Hors intersection,Pluie légère,Autre collision,,,,,,,,,,,5,2,1,2,6
200700070003,0007-11-01 07:30:00,7,11,1,7,30,670,447,"0, COLMAR (RUE DE)",,,Crépuscule ou aube,En agglomération,Intersection en T,Brouillard / fumée,Trois véhicules et plus - collisions multiples,,,,,,,,,,,2,2,3,5,5
200700070004,0007-11-02 09:20:00,7,11,2,9,20,670,482,ANVERS (BOULEVARD D ),,,Plein jour,En agglomération,Intersection en X,Normale,Deux véhicules - côté,,,,,,,,,,,1,2,2,1,3
200700070005,0007-11-02 07:55:00,7,11,2,7,55,670,482,FINKMATT (QUAI),,,Plein jour,En agglomération,Hors intersection,Normale,Autre collision,,,,,,,,,,,1,2,1,1,6
200700070006,0007-11-03 11:25:00,7,11,3,11,25,670,482,"00, CLEMENCEAU (BOULEVAR",,,Plein jour,En agglomération,Intersection en X,Normale,Deux véhicules - côté,,,,,,,,,,,1,2,2,1,3
200700070007,0007-11-04 17:50:00,7,11,4,17,50,670,482,"45, ROMAINS (ROUTE DES)",,,Nuit avec éclairage allumé,En agglomération,Hors intersection,Normale,Deux véhicules - côté,,,,,,,,,,,5,2,1,1,3
200700070008,0007-11-05 19:30:00,7,11,5,19,30,670,218,ALSACE (RUE D ),,,Nuit avec éclairage allumé,En agglomération,Intersection en T,Normale,Deux véhicules - côté,,,,,,,,,,,5,2,3,1,3
200700070009,0007-11-05 20:00:00,7,11,5,20,0,670,482,LANDSBERG (RUE DU),,,Nuit avec éclairage allumé,En agglomération,Hors intersection,Normale,Autre collision,,,,,,,,,,,5,2,1,1,6
200700070010,0007-11-05 20:15:00,7,11,5,20,15,670,447,"69, GENERAL DE GAULLE (R",,,Nuit avec éclairage allumé,En agglomération,Intersection en X,Normale,Deux véhicules - côté,,,,,,,,,,,5,2,2,1,3
200700070011,0007-11-06 18:10:00,7,11,6,18,10,670,482,"0, SELLENICK (RUE)",,,Nuit avec éclairage allumé,En agglomération,Intersection en X,Pluie légère,Deux véhicules - côté,,,,,,,,,,,5,2,2,2,3
200700070012,0007-11-07 00:01:00,7,11,7,0,1,670,482,BATELIERS (QUAI DES),,,Nuit avec éclairage allumé,En agglomération,Hors intersection,Normale,Autre collision,,,,,,,,,,,5,2,1,1,6
200700070013,0007-11-07 19:04:00,7,11,7,19,4,670,482,"75, SCHIRMECK (ROUTE DE)",,,Nuit avec éclairage allumé,Hors agglomération,Intersection en X,Normale,Deux véhicules - côté,,,,,,,,,,,5,1,2,1,3
200700070014,0007-11-08 08:00:00,7,11,8,8,0,670,482,"0, KASTNER (ALLEE)",,,Plein jour,En agglomération,Intersection en X,Normale,Deux véhicules - côté,,,,,,,,,,,1,2,2,1,3
200700070015,0007-11-08 13:30:00,7,11,8,13,30,670,447,PIERRE MENDES FRANCE (AV,,,Plein jour,En agglomération,Intersection en T,Normale,Deux véhicules - côté,,,,,,,,,,,1,2,3,1,3
200700070016,0007-11-08 16:46:00,7,11,8,16,46,670,43,TROIS MAIRES (RUE DES),,,Plein jour,En agglomération,Intersection en X,Normale,Deux véhicules - côté,,,,,,,,,,,1,2,2,1,3
200700070017,0007-11-10 13:30:00,7,11,10,13,30,670,482,CLEMENCEAU (BOULEVARD),,,Plein jour,En agglomération,Intersection en X,Normale,Deux véhicules - côté,,,,,,,,,,,1,2,2,1,3
200700070018,0007-11-10 18:40:00,7,11,10,18,40,670,218,STRASBOURG (ROUTE DE),,,Nuit avec éclairage allumé,En agglomération,Intersection en X,Normale,Deux véhicules - côté,,,,,,,,,,,5,2,2,1,3
200700070019,0007-11-12 09:20:00,7,11,12,9,20,670,482,"00, FORET NOIRE (AVENUE",,,Plein jour,En agglomération,Intersection en X,Temps éblouissant,Deux véhicules - côté,,,,,,,,,,,1,2,2,7,3
200700070020,0007-11-12 12:50:00,7,11,12,12,50,670,482,HECHNER (RUE),,,Plein jour,En agglomération,Hors intersection,Normale,Autre collision,,,,,,,,,,,1,2,1,1,6
200700070021,0007-11-13 09:00:00,7,11,13,9,0,670,447,"03, MARAIS (RUE DU)",,,Plein jour,En agglomération,Hors intersection,Normale,Autre collision,,,,,,,,,,,1,2,1,1,6
200700070022,0007-11-13 19:15:00,7,11,13,19,15,670,482,"0, GARE (PLACE DE LA)",,,Nuit avec éclairage allumé,En agglomération,Hors intersection,Pluie légère,Autre collision,,,,,,,,,,,5,2,1,2,6
200700070023,0007-11-14 10:20:00,7,11,14,10,20,670,482,ROBERTSAU (ALLEE DE LA),,,Plein jour,En agglomération,Intersection en X,Pluie légère,Deux véhicules - côté,,,,,,,,,,,1,2,2,2,3
200700070024,0007-11-14 15:25:00,7,11,14,15,25,670,267,BRETAGNE (RUE DE),,,Plein jour,En agglomération,Intersection en Y,Pluie légère,Deux véhicules - frontale,,,,,,,,,,,1,2,4,2,1
200700070025,0007-11-14 15:15:00,7,11,14,15,15,670,482,PARIS (PONT DE),,,Plein jour,En agglomération,Hors intersection,Pluie légère,Autre collision,,,,,,,,,,,1,2,1,2,6
200700070026,0007-11-15 18:00:00,7,11,15,18,0,670,482,COLMAR (AVENUE DE),,,Nuit avec éclairage allumé,En agglomération,Hors intersection,Pluie légère,Autre collision,,,,,,,,,,,5,2,1,2,6
200700070027,0007-11-15 21:40:00,7,11,15,21,40,670,482,"0, FORET NOIRE (AVENUE D",,,Nuit avec éclairage allumé,En agglomération,Intersection en X,Pluie légère,Autre collision,,,,,,,,,,,5,2,2,2,6
200700070028,0007-11-16 09:05:00,7,11,16,9,5,670,482,MARSEILLAISE (AVENUE DE,,,Plein jour,En agglomération,Intersection en X,Normale,Deux véhicules - côté,,,,,,,,,,,1,2,2,1,3
200700070029,0007-11-16 13:50:00,7,11,16,13,50,670,447,GENERAL DE GAULLE (ROUTE,,,Plein jour,En agglomération,Intersection en X,Normale,Autre collision,,,,,,,,,,,1,2,2,1,6
200700070030,0007-11-16 15:20:00,7,11,16,15,20,670,482,"0, ALPES (QUAI DES)",,,Plein jour,En agglomération,Intersection en T,Normale,Deux véhicules - côté,,,,,,,,,,,1,2,3,1,3
200700070031,0007-11-16 17:55:00,7,11,16,17,55,670,482,LANGUEDOC (RUE DU),,,Plein jour,En agglomération,Hors intersection,Normale,Autre collision,,,,,,,,,,,1,2,1,1,6
200700070032,0007-11-17 22:15:00,7,11,17,22,15,670,482,"00, PREMIERE ARMEE (RUE",,,Nuit avec éclairage allumé,En agglomération,Intersection en X,Normale,Deux véhicules - côté,,,,,,,,,,,5,2,2,1,3
200700070033,0007-11-18 22:55:00,7,11,18,22,55,670,447,"0, LAUTERBOURG (RUE DE)",,,Nuit avec éclairage allumé,En agglomération,Intersection en X,Normale,Deux véhicules - côté,,,,,,,,,,,5,2,2,1,3
200700070034,0007-11-18 00:15:00,7,11,18,0,15,670,218,"20, INDUSTRIE (RUE DE L",,,Nuit avec éclairage allumé,En agglomération,Hors intersection,Normale,Autre collision,,,,,,,,,,,5,2,1,1,6
200700070035,0007-11-19 13:25:00,7,11,19,13,25,670,482,"00, DOME (RUE DU)",,,Plein jour,En agglomération,Autre intersection,Normale,Deux véhicules - côté,,,,,,,,,,,1,2,9,1,3
200700070036,0007-11-19 15:20:00,7,11,19,15,20,670,365,"0, GEISPOLSHEIM (RUE DE)",,,Plein jour,En agglomération,Intersection en T,Normale,Deux véhicules - arrière,,,,,,,,,,,1,2,3,1,2
200700070037,0007-11-19 16:39:00,7,11,19,16,39,670,365,"4, ALFRED KASTLER (RUE)",,,Crépuscule ou aube,En agglomération,Hors intersection,Normale,Autre collision,,,,,,,,,,,2,2,1,1,6
200700070038,0007-11-19 17:45:00,7,11,19,17,45,670,447,"00, VENDENHEIM (RUE DE)",,,Nuit avec éclairage allumé,En agglomération,Intersection en X,Normale,Deux véhicules - côté,,,,,,,,,,,5,2,2,1,3
200700070039,0007-11-19 21:45:00,7,11,19,21,45,670,482,"57, RHIN (ROUTE DU)",,,Nuit avec éclairage allumé,En agglomération,Hors intersection,Normale,Autre collision,,,,,,,,,,,5,2,1,1,6
200700070040,0007-11-20 13:40:00,7,11,20,13,40,670,482,BONNES GENS (RUE DES),,,Plein jour,En agglomération,Intersection en T,Normale,Deux véhicules - côté,,,,,,,,,,,1,2,3,1,3
200700070041,0007-11-21 08:30:00,7,11,21,8,30,670,482,MOLSHEIM (RUE DE),,,Plein jour,En agglomération,Hors intersection,Pluie légère,Autre collision,,,,,,,,,,,1,2,1,2,6
200700070042,0007-11-21 10:45:00,7,11,21,10,45,670,482,"00, MONTAGNE VERTE (RUE",,,Plein jour,En agglomération,Hors intersection,Pluie légère,Deux véhicules - arrière,,,,,,,,,,,1,2,1,2,2
200700070043,0007-11-22 10:20:00,7,11,22,10,20,670,482,"71, OSTWALD (RUE D )",,,Plein jour,En agglomération,Intersection en T,Pluie légère,Deux véhicules - côté,,,,,,,,,,,1,2,3,2,3
200700070044,0007-11-23 18:05:00,7,11,23,18,5,670,482,"00, PREMIERE ARMEE (RUE",,,Nuit avec éclairage allumé,En agglomération,Intersection en X,Pluie légère,Autre collision,,,,,,,,,,,5,2,2,2,6
200700070045,0007-11-26 08:50:00,7,11,26,8,50,670,482,AEROPOSTALE (RUE DE L ),,,Plein jour,En agglomération,Hors intersection,Normale,Autre collision,,,,,,,,,,,1,2,1,1,6
200700070046,0007-11-27 08:00:00,7,11,27,8,0,670,482,MAIRE DIETRICH (QUAI DU),,,Plein jour,En agglomération,Intersection en T,Normale,Deux véhicules - côté,,,,,,,,,,,1,2,3,1,3
200700070047,0007-11-27 08:25:00,7,11,27,8,25,670,482,"0, ROMAINS (ROUTE DES)",,,Plein jour,En agglomération,Hors intersection,Normale,Deux véhicules - côté,,,,,,,,,,,1,2,1,1,3
200700070048,0007-11-27 18:25:00,7,11,27,18,25,670,482,"0, GENERAL ZIMMER (RUE D",,,Nuit avec éclairage allumé,En agglomération,Intersection en X,Normale,Deux véhicules - côté,,,,,,,,,,,5,2,2,1,3
200700070049,0007-11-28 19:30:00,7,11,28,19,30,670,218,"190, LYON (RTE DE)",,,Nuit avec éclairage allumé,En agglomération,Hors intersection,Brouillard / fumée,Autre collision,,,,,,,,,,,5,2,1,5,6
200700070050,0007-11-28 20:20:00,7,11,28,20,20,670,482,CHARLES PEGUY (RUE),,,Nuit avec éclairage allumé,En agglomération,Intersection en T,Normale,Deux véhicules - côté,,,,,,,,,,,5,2,3,1,3
200700070051,0007-11-29 02:00:00,7,11,29,2,0,670,218,JEAN JAURES (AVENUE),,,Nuit avec éclairage allumé,En agglomération,Intersection en T,Normale,Deux véhicules - côté,,,,,,,,,,,5,2,3,1,3
200700070052,0007-11-29 07:35:00,7,11,29,7,35,670,482,"187, MITTELHAUSBERGEN (R",,,Crépuscule ou aube,En agglomération,Intersection en X,Normale,Autre collision,,,,,,,,,,,2,2,2,1,6
200700070053,0007-11-29 08:55:00,7,11,29,8,55,670,482,"00, WISSEMBOURG (RUE DE)",,,Plein jour,En agglomération,Intersection à plus de 4 branches,Normale,Deux véhicules - côté,,,,,,,,,,,1,2,5,1,3