accident_id,datetime,annee,mois,jour,heure,minute,departement,commune_insee,adresse,latitude,longitude,luminosite,agglomeration,intersection,meteo,collision,nb_vehicules,nb_usagers,nb_indemnes,nb_tues,nb_blesses_hosp,nb_blesses_legers,age_cond_1,age_cond_2,veh_type_cond_1,veh_type_cond_2,lum_code,agg_code,int_code,atm_code,col_code
200700070054,0007-11-30 18:45:00,7,11,30,18,45,670,482,"0, FAUBOURG NATIONAL (RU",,,Crépuscule ou aube,En agglomération,Hors intersection,Normale,Deux véhicules - côté,,,,,,,,,,,2,2,1,1,3
200700070055,0007-11-09 15:30:00,7,11,9,15,30,680,66,"59, GRILLENBREIT (RUE DU",,,Plein jour,En agglomération,Intersection en T,Normale,Deux véhicules - côté,,,,,,,,,,,1,2,3,1,3
200700070056,0007-11-12 17:22:00,7,11,12,17,22,680,66,"5, NORD (RUE DU)",,,Nuit avec éclairage allumé,En agglomération,Hors intersection,Normale,Autre collision,,,,,,,,,,,5,2,1,1,6
200700070057,0007-11-24 21:26:00,7,11,24,21,26,680,66,"73, GRILLENBREIT (RUE DU",,,Nuit avec éclairage allumé,En agglomération,Intersection en T,Normale,Deux véhicules - côté,,,,,,,,,,,5,2,3,1,3
200700070058,0007-11-05 15:30:00,7,11,5,15,30,680,224,"10, FRANKLIN (RUE)",,,Plein jour,En agglomération,Intersection en X,Normale,Deux véhicules - côté,,,,,,,,,,,1,2,2,1,3
200700070059,0007-11-06 20:00:00,7,11,6,20,0,680,224,AUTOROUTE A 36,,,Nuit sans éclairage public,Hors agglomération,Hors intersection,Normale,Deux véhicules - arrière,,,,,,,,,,,3,1,1,1,2
200700070060,0007-11-09 13:16:00,7,11,9,13,16,680,224,"B3, ROMAINS (RUE DES)",,,Plein jour,En agglomération,Hors intersection,Normale,Deux véhicules - côté,,,,,,,,,,,1,2,1,1,3
200700070061,0007-11-14 18:10:00,7,11,14,18,10,680,224,"29, BRIAND (AVENUE ARIST",,,Nuit avec éclairage allumé,En agglomération,Hors intersection,Normale,Autre collision,,,,,,,,,,,5,2,1,1,6
200700070062,0007-11-14 17:05:00,7,11,14,17,5,680,224,"101, ENSISHEIM (RUE D')",,,Nuit avec éclairage allumé,En agglomération,Intersection en T,Normale,Autre collision,,,,,,,,,,,5,2,3,1,6
200700070063,0007-11-11 18:35:00,7,11,11,18,35,680,224,"02, NEPPERT (RUE)",,,Nuit sans éclairage public,En agglomération,Hors intersection,Pluie forte,Autre collision,,,,,,,,,,,3,2,1,3,6
200700070064,0007-11-13 11:00:00,7,11,13,11,0,680,224,VOIE RAPIDE NORD SUD,,,Plein jour,Hors agglomération,Intersection en X,Normale,Deux véhicules - côté,,,,,,,,,,,1,1,2,1,3
200700070065,0007-11-19 19:55:00,7,11,19,19,55,680,256,"20, RICHWILLER (RUE DE)",,,Nuit avec éclairage allumé,En agglomération,Hors intersection,Normale,Sans collision,,,,,,,,,,,5,2,1,1,7
200700070066,0007-11-10 13:45:00,7,11,10,13,45,680,224,"3, HEILMANN (RUE JOSUE)",,,Plein jour,En agglomération,Intersection en X,Pluie légère,Deux véhicules - côté,,,,,,,,,,,1,2,2,2,3
200700070067,0007-11-12 16:30:00,7,11,12,16,30,680,224,"62, LEFEBVRE (RUE)",,,Plein jour,En agglomération,Hors intersection,Normale,Autre collision,,,,,,,,,,,1,2,1,1,6
200700070068,0007-11-24 16:50:00,7,11,24,16,50,680,224,ABEILLES (RUE DES),,,Plein jour,En agglomération,Intersection en T,Normale,Deux véhicules - côté,,,,,,,,,,,1,2,3,1,3
200700070069,0007-11-08 17:20:00,7,11,8,17,20,680,224,"55, HEDERICH (RUE)",,,Nuit avec éclairage allumé,En agglomération,Intersection en T,Pluie légère,Deux véhicules - côté,,,,,,,,,,,5,2,3,2,3
200700070070,0007-11-25 11:55:00,7,11,25,11,55,680,271,"71 B, HABSHEIM (RUE DE)",,,Plein jour,En agglomération,Hors intersection,Normale,Autre collision,,,,,,,,,,,1,2,1,1,6
200700070071,0007-11-25 13:50:00,7,11,25,13,50,680,224,STRICKER (ROND-POINT GUS,,,Plein jour,En agglomération,Intersection en X,Normale,Sans collision,,,,,,,,,,,1,2,2,1,7
200700070072,0007-11-28 12:55:00,7,11,28,12,55,680,224,"100, KRAFFT (ROND-POINT",,,Plein jour,En agglomération,Hors intersection,Normale,Deux véhicules - arrière,,,,,,,,,,,1,2,1,1,2
200700070073,0007-11-23 17:25:00,7,11,23,17,25,680,224,"39, ALTKIRCH (AVENUE D')",,,Nuit avec éclairage allumé,En agglomération,Hors intersection,Pluie légère,Autre collision,,,,,,,,,,,5,2,1,2,6
200700070074,0007-11-22 08:05:00,7,11,22,8,5,680,224,"68, KINGERSHEIM (RUE DE)",,,Plein jour,En agglomération,Intersection en T,Normale,Deux véhicules - arrière,,,,,,,,,,,1,2,3,1,2
200700070075,0007-11-07 23:30:00,7,11,7,23,30,680,224,"30, LORIENT (RUE DE)",,,Nuit avec éclairage allumé,En agglomération,Hors intersection,Normale,Autre collision,,,,,,,,,,,5,2,1,1,6
200700070076,0007-11-23 08:50:00,7,11,23,8,50,680,297,MULHOUSE ( RUE DE)JUSQUE,,,Plein jour,En agglomération,Hors intersection,Pluie légère,Autre collision,,,,,,,,,,,1,2,1,2,6
200700070077,0007-11-28 09:05:00,7,11,28,9,5,680,376,SCHWEITZER (RUE DU DR AL,,,Plein jour,En agglomération,Giratoire,Temps couvert,Deux véhicules - côté,,,,,,,,,,,1,2,6,8,3
200700070078,0007-11-29 13:35:00,7,11,29,13,35,680,166,"7, MULHOUSE (FAUBOURG DE",,,Plein jour,En agglomération,Intersection en X,Normale,Deux véhicules - côté,,,,,,,,,,,1,2,2,1,3
200700070079,0007-11-21 12:03:00,7,11,21,12,3,690,29,"209, BOULEVARD PINEL",,,Plein jour,En agglomération,Hors intersection,Normale,Autre collision,,,,,,,,,,,1,2,1,1,6
200700070080,0007-11-23 20:45:00,7,11,23,20,45,690,29,"1, AVENUE FRANKLIN ROOSE",,,Nuit avec éclairage allumé,En agglomération,Intersection en X,Pluie légère,Deux véhicules - côté,,,,,,,,,,,5,2,2,2,3
200700070081,0007-11-10 18:30:00,7,11,10,18,30,690,34,"8, AVENUE PIERRE TERRASS",,,Nuit avec éclairage allumé,En agglomération,Hors intersection,Pluie légère,Autre collision,,,,,,,,,,,5,2,1,2,6
200700070082,0007-11-12 07:10:00,7,11,12,7,10,690,34,"17, RUE FRANCOIS PEISSEL",,,Plein jour,En agglomération,Hors intersection,Normale,Autre collision,,,,,,,,,,,1,2,1,1,6
200700070083,0007-11-22 17:45:00,7,11,22,17,45,690,34,"6, AVENUE PIERRE TERRASS",,,Nuit avec éclairage allumé,En agglomération,Hors intersection,Pluie forte,Autre collision,,,,,,,,,,,5,2,1,3,6
200700070084,0007-11-27 10:05:00,7,11,27,10,5,690,34,"71, CHEMIN DE WETTE FAYS",,,Plein jour,En agglomération,Hors intersection,Normale,Autre collision,,,,,,,,,,,1,2,1,1,6
200700070085,0007-11-29 18:30:00,7,11,29,18,30,690,34,IMPASSE GENERAL LECLERC,,,Nuit avec éclairage allumé,En agglomération,Hors intersection,Normale,Autre collision,,,,,,,,,,,5,2,1,1,6
200700070086,0007-11-07 19:30:00,7,11,7,19,30,690,91,"22, DENFERT-ROCHEREAU (",,,Nuit avec éclairage allumé,En agglomération,Intersection en T,Normale,Deux véhicules - frontale,,,,,,,,,,,5,2,3,1,1
200700070087,0007-11-10 22:15:00,7,11,10,22,15,690,91,YVES FARGES ( R ),,,Nuit avec éclairage allumé,En agglomération,Intersection en X,Pluie légère,Deux véhicules - côté,,,,,,,,,,,5,2,2,2,3
200700070088,0007-11-19 08:20:00,7,11,19,8,20,690,142,"98, STEPHANE DECHANT",,,Plein jour,En agglomération,Hors intersection,Pluie légère,Trois véhicules et plus - collisions multiples,,,,,,,,,,,1,2,1,2,5
200700070089,0007-11-12 17:50:00,7,11,12,17,50,690,256,CUZIN,,,Nuit avec éclairage allumé,En agglomération,Intersection en X,Normale,Deux véhicules - côté,,,,,,,,,,,5,2,2,1,3
200700070090,0007-11-21 20:35:00,7,11,21,20,35,690,256,", ROGER SALENGRO",,,Nuit avec éclairage non allumé,En agglomération,Intersection en X,Pluie légère,Autre collision,,,,,,,,,,,4,2,2,2,6
200700070091,0007-11-12 09:37:00,7,11,12,9,37,690,256,POUDRETTE (DE LA),,,Plein jour,En agglomération,Intersection en X,Normale,Autre collision,,,,,,,,,,,1,2,2,1,6
200700070092,0007-11-28 18:20:00,7,11,28,18,20,690,256,PAUL TESTE,,,Nuit avec éclairage allumé,En agglomération,Intersection en T,Normale,Deux véhicules - côté,,,,,,,,,,,5,2,3,1,3
200700070093,0007-11-04 14:50:00,7,11,4,14,50,690,199,"72 Bis, AVENUE JEAN JAUR",,,Plein jour,En agglomération,Hors intersection,Normale,Deux véhicules - côté,,,,,,,,,,,1,2,1,1,3
200700070094,0007-11-07 10:10:00,7,11,7,10,10,690,259,"12, AVENUE MAURICE THORE",,,Plein jour,En agglomération,Hors intersection,Normale,Deux véhicules - côté,,,,,,,,,,,1,2,1,1,3
200700070095,0007-11-16 09:15:00,7,11,16,9,15,690,259,"364, ROUTE DE VIENNE",,,Plein jour,En agglomération,Hors intersection,Normale,Deux véhicules - arrière,,,,,,,,,,,1,2,1,1,2
200700070096,0007-11-20 17:00:00,7,11,20,17,0,690,199,"59, RUE CARNOT",,,Nuit avec éclairage allumé,En agglomération,Hors intersection,Normale,Autre collision,,,,,,,,,,,5,2,1,1,6
200700070097,0007-11-22 08:46:00,7,11,22,8,46,690,259,"0, ALLEE DES SAVOIES",,,Plein jour,En agglomération,Hors intersection,Pluie légère,Deux véhicules - côté,,,,,,,,,,,1,2,1,2,3
200700070098,0007-11-23 13:50:00,7,11,23,13,50,690,259,"0, BOULEVARD DE JODINO",,,Plein jour,En agglomération,Hors intersection,Temps couvert,Trois véhicules et plus - en chaîne,,,,,,,,,,,1,2,1,8,4
200700070099,0007-11-28 23:32:00,7,11,28,23,32,690,264,"27, BELLEROCHE DE  R",,,Nuit avec éclairage allumé,En agglomération,Hors intersection,Normale,Autre collision,,,,,,,,,,,5,2,1,1,6
200700070100,0007-11-19 18:15:00,7,11,19,18,15,690,92,"0, PARADIS (RUE DU)",,,Nuit avec éclairage allumé,En agglomération,Hors intersection,Normale,Autre collision,,,,,,,,,,,5,2,1,1,6
200700070101,0007-11-05 17:50:00,7,11,5,17,50,690,266,"1, RUE DOCTEUR ROLLET",,,Nuit avec éclairage allumé,En agglomération,Intersection en X,Normale,Autre collision,,,,,,,,,,,5,2,2,1,6
200700070102,0007-11-02 16:20:00,7,11,2,16,20,690,266,", RUE YVONNE",,,Plein jour,En agglomération,Intersection en X,Normale,Deux véhicules - frontale,,,,,,,,,,,1,2,2,1,1
200700070103,0007-11-07 16:00:00,7,11,7,16,0,690,266,"95, RUE DES JARDINS",,,Plein jour,En agglomération,Hors intersection,Normale,Autre collision,,,,,,,,,,,1,2,1,1,6
200700070104,0007-11-07 15:45:00,7,11,7,15,45,690,266,"109, BOULEVARD DE LA BAT",,,Plein jour,En agglomération,Hors intersection,Normale,Autre collision,,,,,,,,,,,1,2,1,1,6
200700070105,0007-11-09 09:40:00,7,11,9,9,40,690,266,", AVENUE ALBERT EINSTEIN",,,Plein jour,En agglomération,Intersection en T,Normale,Deux véhicules - côté,,,,,,,,,,,1,2,3,1,3
200700070106,0007-11-13 16:25:00,7,11,13,16,25,690,266,BOULEVARD DU 11 NOVEMBRE,,,Plein jour,En agglomération,Intersection en X,Normale,Deux véhicules - côté,,,,,,,,,,,1,2,2,1,3
200700070107,0007-11-15 17:00:00,7,11,15,17,0,690,266,"1, COURS TOLSTOI",,,Plein jour,En agglomération,Intersection en X,Normale,Autre collision,,,,,,,,,,,1,2,2,1,6
200700070108,0007-11-17 12:36:00,7,11,17,12,36,690,266,"29, RUE DE LA DOUA",,,Plein jour,En agglomération,Intersection en X,Normale,Deux véhicules - côté,,,,,,,,,,,1,2,2,1,3
200700070109,0007-11-09 18:40:00,7,11,9,18,40,690,266,"1, RUE DE LA SOIE",,,Nuit avec éclairage non allumé,En agglomération,Hors intersection,Normale,Autre collision,,,,,,,,,,,4,2,1,1,6
200700070110,0007-11-22 19:30:00,7,11,22,19,30,690,266,"1, RUE PAUL VERLAINE",,,Nuit avec éclairage allumé,En agglomération,Intersection en X,Pluie légère,Autre collision,,,,,,,,,,,5,2,2,2,6
200700070111,0007-11-25 19:20:00,7,11,25,19,20,690,266,"1, PLACE JULES GRANDCLEM",,,Nuit avec éclairage allumé,En agglomération,Hors intersection,Normale,Autre collision,,,,,,,,,,,5,2,1,1,6
200700070112,0007-11-27 12:30:00,7,11,27,12,30,690,266,"26, AVENUE DE BEL AIR",,,Plein jour,En agglomération,Hors intersection,Normale,Autre collision,,,,,,,,,,,1,2,1,1,6
200700070113,0007-11-28 16:30:00,7,11,28,16,30,690,266,"15, COURS TOLSTOI",,,Plein jour,En agglomération,Intersection en T,Normale,Autre collision,,,,,,,,,,,1,2,3,1,6
200700070114,0007-11-22 17:10:00,7,11,22,17,10,690,266,RUE EUGENE FOURNIERE,,,Nuit sans éclairage public,En agglomération,Intersection en X,Pluie forte,Autre collision,,,,,,,,,,,3,2,2,3,6
200700070115,0007-11-28 15:45:00,7,11,28,15,45,690,275,RUE MARCEAU,,,Plein jour,En agglomération,Hors intersection,Normale,Trois véhicules et plus - collisions multiples,,,,,,,,,,,1,2,1,1,5
200700070116,0007-11-13 17:20:00,7,11,13,17,20,690,290,"1, RUE CAMILLE CLAUDEL",,,Crépuscule ou aube,En agglomération,Hors intersection,Normale,Autre collision,,,,,,,,,,,2,2,1,1,6
200700070117,0007-11-12 10:55:00,7,11,12,10,55,690,290,RUE MARECHAL LECLERC,,,Plein jour,En agglomération,Hors intersection,Normale,Autre collision,,,,,,,,,,,1,2,1,1,6
200700070118,0007-11-14 06:50:00,7,11,14,6,50,690,290,RUE DU LYONNAIS,,,Nuit avec éclairage allumé,En agglomération,Hors intersection,Pluie légère,Autre collision,,,,,,,,,,,5,2,1,2,6
200700070119,0007-11-15 13:25:00,7,11,15,13,25,690,290,RUE ARISTIDE BRIAND,,,Plein jour,En agglomération,Intersection en T,Normale,Deux véhicules - frontale,,,,,,,,,,,1,2,3,1,1
200700070120,0007-11-19 12:25:00,7,11,19,12,25,690,290,"0, RUE DE LA CORDIERE",,,Plein jour,En agglomération,Hors intersection,Normale,Deux véhicules - côté,,,,,,,,,,,1,2,1,1,3
200700070121,0007-11-23 19:00:00,7,11,23,19,0,690,290,"0, ROUTE DE LYON",,,Nuit avec éclairage allumé,En agglomération,Intersection en X,Normale,Deux véhicules - côté,,,,,,,,,,,5,2,2,1,3
200700070122,0007-11-24 05:20:00,7,11,24,5,20,690,290,RUE ARISTIDE BRIAND,,,Nuit avec éclairage allumé,En agglomération,Intersection en X,Normale,Deux véhicules - arrière,,,,,,,,,,,5,2,2,1,2
200700070123,0007-11-26 10:34:00,7,11,26,10,34,700,388,RD457,,,Plein jour,Hors agglomération,Hors intersection,Normale,Sans collision,,,,,,,,,,,1,1,1,1,7
200700070124,0007-11-06 10:20:00,7,11,6,10,20,710,445,"122, DOLE (ROUTE)",,,Plein jour,En agglomération,Hors intersection,Normale,Deux véhicules - frontale,,,,,,,,,,,1,2,1,1,1
200700070125,0007-11-26 11:10:00,7,11,26,11,10,710,76,"1, SAINT JEAN DES VIGNES",,,Plein jour,En agglomération,Intersection en T,Normale,Deux véhicules - côté,,,,,,,,,,,1,2,3,1,3
200700070126,0007-11-29 18:25:00,7,11,29,18,25,710,76,MESSAGERIES (QUAI DES ),,,Nuit avec éclairage allumé,En agglomération,Hors intersection,Normale,Autre collision,,,,,,,,,,,5,2,1,1,6
200700070127,0007-11-08 08:00:00,7,11,8,8,0,710,153,"2, ACACIAS (RUE DES) N°2",,,Plein jour,En agglomération,Hors intersection,Normale,Deux véhicules - côté,,,,,,,,,,,1,2,1,1,3
200700070128,0007-11-13 16:10:00,7,11,13,16,10,710,153,8 MAI 1945 (CARREFOUR DU,,,Plein jour,En agglomération,Intersection en X,Normale,Deux véhicules - côté,,,,,,,,,,,1,2,2,1,3
200700070129,0007-11-16 17:45:00,7,11,16,17,45,710,153,"., COURONNE (RUE DE LA)",,,Nuit avec éclairage allumé,En agglomération,Hors intersection,Normale,Autre collision,,,,,,,,,,,5,2,1,1,6
200700070130,0007-11-19 18:30:00,7,11,19,18,30,710,153,MARECHAL JOFFRE,,,Nuit avec éclairage allumé,En agglomération,Intersection en X,Normale,Deux véhicules - côté,,,,,,,,,,,5,2,2,1,3
200700070131,0007-11-20 17:55:00,7,11,20,17,55,710,153,"., REPUBLIQUE (AVENUE DE",,,Nuit avec éclairage allumé,En agglomération,Giratoire,Normale,Deux véhicules - arrière,,,,,,,,,,,5,2,6,1,2
200700070132,0007-11-23 20:35:00,7,11,23,20,35,710,153,"., CHANZY (RUE DE)",,,Nuit avec éclairage allumé,En agglomération,Intersection en Y,Pluie légère,Deux véhicules - côté,,,,,,,,,,,5,2,4,2,3
200700070133,0007-11-24 19:30:00,7,11,24,19,30,710,153,8 MAI 1945 (CARREFOUR DU,,,Nuit avec éclairage allumé,En agglomération,Intersection en X,Normale,Deux véhicules - côté,,,,,,,,,,,5,2,2,1,3
200700070134,0007-11-01 11:45:00,7,11,1,11,45,710,270,", DAGNAUX (RUE DU COMMAN",,,Plein jour,En agglomération,Hors intersection,Normale,Autre collision,,,,,,,,,,,1,2,1,1,6
200700070135,0007-11-02 21:30:00,7,11,2,21,30,710,270,"1, CASSIN (AVENUE RENE)",,,Nuit avec éclairage allumé,En agglomération,Hors intersection,Normale,Autre collision,,,,,,,,,,,5,2,1,1,6
200700070136,0007-11-05 08:55:00,7,11,5,8,55,710,270,"1, Intersection rue de F",,,Plein jour,En agglomération,Intersection en T,Normale,Deux véhicules - côté,,,,,,,,,,,1,2,3,1,3
200700070137,0007-11-06 16:40:00,7,11,6,16,40,710,270,"1, EUROPE (RUE DE L')",,,Crépuscule ou aube,En agglomération,Hors intersection,Normale,Autre collision,,,,,,,,,,,2,2,1,1,6
200700070138,0007-11-07 17:00:00,7,11,7,17,0,710,105,"1, LEVIGNY (ROUTE DE)",,,Crépuscule ou aube,En agglomération,Hors intersection,Normale,Autre collision,,,,,,,,,,,2,2,1,1,6
200700070139,0007-11-08 12:05:00,7,11,8,12,5,710,270,"1, RESISTANCE (BOULEVARD",,,Plein jour,En agglomération,Hors intersection,Normale,Deux véhicules - arrière,,,,,,,,,,,1,2,1,1,2
200700070140,0007-11-08 08:35:00,7,11,8,8,35,710,497,GENERAL DE GAULLE (BOULE,,,Plein jour,En agglomération,Hors intersection,Normale,Trois véhicules et plus - collisions multiples,,,,,,,,,,,1,2,1,1,5
200700070141,0007-11-10 23:00:00,7,11,10,23,0,710,270,"55, LACRETELLE (RUE)",,,Nuit avec éclairage allumé,En agglomération,Intersection en X,Pluie légère,Autre collision,,,,,,,,,,,5,2,2,2,6
200700070142,0007-11-17 20:55:00,7,11,17,20,55,710,270,"1, Intersection rue Perr",,,Nuit avec éclairage allumé,En agglomération,Intersection en X,Normale,Deux véhicules - côté,,,,,,,,,,,5,2,2,1,3
200700070143,0007-11-21 15:15:00,7,11,21,15,15,710,105,"1, DAVAYE (ROUTE DE)",,,Plein jour,En agglomération,Hors intersection,Pluie légère,Autre collision,,,,,,,,,,,1,2,1,2,6
200700070144,0007-11-23 08:00:00,7,11,23,8,0,710,270,LYON (RUE DE),,,Crépuscule ou aube,En agglomération,Hors intersection,Pluie légère,Deux véhicules - côté,,,,,,,,,,,2,2,1,2,3
200700070145,0007-11-22 14:30:00,7,11,22,14,30,710,270,LATTRE DE TASSIGNY (QUAI,,,Plein jour,En agglomération,Hors intersection,Normale,Autre collision,,,,,,,,,,,1,2,1,1,6
200700070146,0007-11-24 14:00:00,7,11,24,14,0,710,105,DAVAYE (ROUTE DE),,,Plein jour,En agglomération,Hors intersection,Normale,Autre collision,,,,,,,,,,,1,2,1,1,6
200700070147,0007-11-26 13:55:00,7,11,26,13,55,710,270,"73, BIOUX (ROUTE DE)",,,Plein jour,En agglomération,Hors intersection,Normale,Deux véhicules - côté,,,,,,,,,,,1,2,1,1,3
200700070148,0007-11-28 18:10:00,7,11,28,18,10,710,497,"1, CHEMIN DU BOIS DE NAI",,,Nuit sans éclairage public,Hors agglomération,Hors intersection,Normale,Autre collision,,,,,,,,,,,3,1,1,1,6
200700070149,0007-11-06 18:50:00,7,11,6,18,50,710,105,COUPEE (GRANDE-RUE DE LA,,,Nuit avec éclairage allumé,En agglomération,Hors intersection,Normale,Deux véhicules - arrière,,,,,,,,,,,5,2,1,1,2
200700070150,0007-11-07 18:45:00,7,11,7,18,45,710,306,ALOUETTES (AVENUE DES),,,Nuit avec éclairage allumé,En agglomération,Hors intersection,Normale,Deux véhicules - arrière,,,,,,,,,,,5,2,1,1,2
200700070151,0007-11-19 12:05:00,7,11,19,12,5,710,40,BOIS CLAIR (RUE DU),,,Plein jour,En agglomération,Hors intersection,Pluie légère,Deux véhicules - côté,,,,,,,,,,,1,2,1,2,3
200700070152,0007-11-17 08:45:00,7,11,17,8,45,710,40,MACON (ROUTE DE),,,Plein jour,En agglomération,Giratoire,Pluie légère,Deux véhicules - côté,,,,,,,,,,,1,2,6,2,3
200700070153,0007-11-17 08:15:00,7,11,17,8,15,710,499,JEAN JAURES (RUE),,,Plein jour,En agglomération,Intersection en T,Normale,Deux véhicules - côté,,,,,,,,,,,1,2,3,1,3
200700070154,0007-11-23 21:35:00,7,11,23,21,35,710,306,"1, CHAMP DU MOULIN (RUE",,,Nuit avec éclairage allumé,En agglomération,Intersection en X,Temps couvert,Deux véhicules - côté,,,,,,,,,,,5,2,2,8,3
200700070155,0007-11-27 20:15:00,7,11,27,20,15,710,306,JULES CHAGOT (QUAI),,,Nuit avec éclairage allumé,En agglomération,Hors intersection,Normale,Deux véhicules - frontale,,,,,,,,,,,5,2,1,1,1
200700070156,0007-11-01 22:30:00,7,11,1,22,30,720,181,33 EME MOBILE (RUE DU) N,,,Nuit avec éclairage allumé,En agglomération,Intersection en Y,Normale,Sans collision,,,,,,,,,,,5,2,4,1,7
200700070157,0007-11-03 01:45:00,7,11,3,1,45,720,181,ANATOLE FRANCE (BD ),,,Nuit avec éclairage allumé,En agglomération,Hors intersection,Normale,Sans collision,,,,,,,,,,,5,2,1,1,7
200700070158,0007-11-04 15:30:00,7,11,4,15,30,720,181,"160, JAURES JEAN (AV) N°",,,Plein jour,En agglomération,Hors intersection,Normale,Deux véhicules - côté,,,,,,,,,,,1,2,1,1,3
200700070159,0007-11-06 08:20:00,7,11,6,8,20,720,181,HEUZE OLIVIER (AV) N° IM,,,Plein jour,En agglomération,Hors intersection,Normale,Sans collision,,,,,,,,,,,1,2,1,1,7
200700070160,0007-11-06 14:10:00,7,11,6,14,10,720,181,PERRIN (PONT),,,Plein jour,En agglomération,Intersection en X,Normale,Deux véhicules - côté,,,,,,,,,,,1,2,2,1,3
200700070161,0007-11-07 19:20:00,7,11,7,19,20,720,181,TIRONNEAU ADRIEN (PL),,,Nuit avec éclairage allumé,En agglomération,Hors intersection,Normale,Sans collision,,,,,,,,,,,5,2,1,1,7
200700070162,0007-11-07 18:50:00,7,11,7,18,50,720,181,"2, MOZART (AV)",,,Nuit avec éclairage allumé,En agglomération,Hors intersection,Normale,Autre collision,,,,,,,,,,,5,2,1,1,6
200700070163,0007-11-08 16:15:00,7,11,8,16,15,720,3,19 MARS 1962 (AV),,,Plein jour,En agglomération,Hors intersection,Normale,Autre collision,,,,,,,,,,,1,2,1,1,6
200700070164,0007-11-09 14:25:00,7,11,9,14,25,720,181,GRANDES COURBES (RUE DES,,,Plein jour,Hors agglomération,Hors intersection,Normale,Autre collision,,,,,,,,,,,1,1,1,1,6
200700070165,0007-11-09 17:10:00,7,11,9,17,10,720,181,"185, CHAMPION HENRI (RUE",,,Plein jour,En agglomération,Hors intersection,Normale,Trois véhicules et plus - collisions multiples,,,,,,,,,,,1,2,1,1,5
200700070166,0007-11-09 19:05:00,7,11,9,19,5,720,181,JAURES JEAN (AV) N° IMP,,,Nuit avec éclairage allumé,En agglomération,Hors intersection,Normale,Deux véhicules - côté,,,,,,,,,,,5,2,1,1,3
200700070167,0007-11-10 13:45:00,7,11,10,13,45,720,181,FALCONET ETIENNE (RUE),,,Plein jour,En agglomération,Hors intersection,Normale,Autre collision,,,,,,,,,,,1,2,1,1,6
200700070168,0007-11-12 08:05:00,7,11,12,8,5,720,181,DANEMARK (RUE DU),,,Plein jour,En agglomération,Intersection en T,Pluie légère,Deux véhicules - côté,,,,,,,,,,,1,2,3,2,3
200700070169,0007-11-13 17:50:00,7,11,13,17,50,720,181,"151, LIBERATION (AV DE L",,,Nuit avec éclairage non allumé,En agglomération,Hors intersection,Pluie légère,Sans collision,,,,,,,,,,,4,2,1,2,7
200700070170,0007-11-13 19:05:00,7,11,13,19,5,720,181,"188, MAC JEAN (AV) N° PA",,,Nuit avec éclairage allumé,En agglomération,Hors intersection,Pluie légère,Autre collision,,,,,,,,,,,5,2,1,2,6
200700070171,0007-11-15 08:30:00,7,11,15,8,30,720,181,ESTIENNE D'ORVES (BD D'),,,Plein jour,En agglomération,Hors intersection,Normale,Autre collision,,,,,,,,,,,1,2,1,1,6
200700070172,0007-11-15 12:05:00,7,11,15,12,5,720,181,MESSIAEN OLIVIER (AV) IM,,,Plein jour,En agglomération,Hors intersection,Normale,Deux véhicules - côté,,,,,,,,,,,1,2,1,1,3
200700070173,0007-11-15 11:50:00,7,11,15,11,50,720,181,"59, CORDELET LOUIS ( AV)",,,Plein jour,En agglomération,Hors intersection,Normale,Autre collision,,,,,,,,,,,1,2,1,1,6
200700070174,0007-11-16 08:00:00,7,11,16,8,0,720,181,MAC JEAN (AV) N° PAIRS 1,,,Crépuscule ou aube,En agglomération,Hors intersection,Normale,Deux véhicules - arrière,,,,,,,,,,,2,2,1,1,2
200700070175,0007-11-16 11:55:00,7,11,16,11,55,720,181,SIEYES (RUE),,,Plein jour,En agglomération,Hors intersection,Normale,Deux véhicules - côté,,,,,,,,,,,1,2,1,1,3
200700070176,0007-11-16 15:25:00,7,11,16,15,25,720,181,MARAIS (RUE DES) N° IMP,,,Plein jour,En agglomération,Hors intersection,Normale,Autre collision,,,,,,,,,,,1,2,1,1,6
200700070177,0007-11-16 17:00:00,7,11,16,17,0,720,181,PYRAMIDES (RUE DES ) N°,,,Plein jour,En agglomération,Hors intersection,Normale,Deux véhicules - côté,,,,,,,,,,,1,2,1,1,3
200700070178,0007-11-17 16:00:00,7,11,17,16,0,720,181,"207, DURAND GEORGES (AV)",,,Plein jour,En agglomération,Hors intersection,Normale,Deux véhicules - côté,,,,,,,,,,,1,2,1,1,3
200700070179,0007-11-18 15:30:00,7,11,18,15,30,720,181,LEFAUCHEUX PIERRE (BD),,,Plein jour,Hors agglomération,Hors intersection,Pluie légère,Deux véhicules - arrière,,,,,,,,,,,1,1,1,2,2
200700070180,0007-11-18 20:10:00,7,11,18,20,10,720,181,"147, MAILLETS (RUE DES)",,,Nuit avec éclairage allumé,En agglomération,Hors intersection,Normale,Deux véhicules - côté,,,,,,,,,,,5,2,1,1,3
200700070181,0007-11-20 09:35:00,7,11,20,9,35,720,181,TOULOUSE,,,Plein jour,En agglomération,Intersection en X,Pluie légère,Deux véhicules - côté,,,,,,,,,,,1,2,2,2,3
200700070182,0007-11-20 14:25:00,7,11,20,14,25,720,181,MAILLETS (PL),,,Plein jour,En agglomération,Intersection en X,Pluie légère,Deux véhicules - côté,,,,,,,,,,,1,2,2,2,3