accident_id,datetime,annee,mois,jour,heure,minute,departement,commune_insee,adresse,latitude,longitude,luminosite,agglomeration,intersection,meteo,collision,nb_vehicules,nb_usagers,nb_indemnes,nb_tues,nb_blesses_hosp,nb_blesses_legers,age_cond_1,age_cond_2,veh_type_cond_1,veh_type_cond_2,lum_code,agg_code,int_code,atm_code,col_code
200700070312,0007-11-04 13:26:00,7,11,4,13,26,770,294,RN2,,,Plein jour,Hors agglomération,Hors intersection,Normale,Deux véhicules - côté,,,,,,,,,,,1,1,1,1,3
200700070313,0007-11-12 10:05:00,7,11,12,10,5,770,294,NEWTON (RUE),,,Plein jour,En agglomération,Intersection en T,Normale,Deux véhicules - côté,,,,,,,,,,,1,2,3,1,3
200700070314,0007-11-13 19:20:00,7,11,13,19,20,770,172,RN 6,,,Nuit sans éclairage public,Hors agglomération,Intersection en X,Pluie légère,Deux véhicules - côté,,,,,,,,,,,3,1,2,2,3
200700070315,0007-11-02 21:35:00,7,11,2,21,35,770,305,MONNET (ROND POINT JEAN),,,Nuit avec éclairage allumé,En agglomération,Giratoire,Normale,Deux véhicules - côté,,,,,,,,,,,5,2,6,1,3
200700070316,0007-11-02 17:40:00,7,11,2,17,40,770,216,"75, HULAY (RUE DE)",,,Plein jour,En agglomération,Intersection en X,Normale,Deux véhicules - côté,,,,,,,,,,,1,2,2,1,3
200700070317,0007-11-16 10:25:00,7,11,16,10,25,770,458,MONTARGIS (route de ) RD,,,Plein jour,Hors agglomération,Hors intersection,Normale,Deux véhicules - arrière,,,,,,,,,,,1,1,1,1,2
200700070318,0007-11-04 04:30:00,7,11,4,4,30,770,468,GEORGES BRASSENS (AVENUE,,,Nuit avec éclairage allumé,En agglomération,Hors intersection,Normale,Deux véhicules - côté,,,,,,,,,,,5,2,1,1,3
200700070319,0007-11-03 20:00:00,7,11,3,20,0,770,83,MARNE (BOULEVARD DE LA),,,Nuit sans éclairage public,En agglomération,Hors intersection,Normale,Deux véhicules - arrière,,,,,,,,,,,3,2,1,1,2
200700070320,0007-11-05 15:40:00,7,11,5,15,40,770,258,GUISEPPE VERDI (RUE),,,Plein jour,En agglomération,Intersection en T,Normale,Autre collision,,,,,,,,,,,1,2,3,1,6
200700070321,0007-11-12 17:17:00,7,11,12,17,17,770,83,"42, PYRAMIDES (AVENUE DE",,,Plein jour,En agglomération,Place,Normale,Autre collision,,,,,,,,,,,1,2,7,1,6
200700070322,0007-11-12 20:05:00,7,11,12,20,5,770,83,JEAN JAURES (AVENUE),,,Nuit avec éclairage allumé,En agglomération,Intersection en T,Normale,Deux véhicules - côté,,,,,,,,,,,5,2,3,1,3
200700070323,0007-11-16 18:00:00,7,11,16,18,0,770,337,BRIE VPO (ROUTE DE LA),,,Nuit avec éclairage allumé,Hors agglomération,Hors intersection,Normale,Deux véhicules - arrière,,,,,,,,,,,5,1,1,1,2
200700070324,0007-11-14 08:20:00,7,11,14,8,20,770,83,"02, GARENNE (RUE DE LA)",,,Crépuscule ou aube,En agglomération,Intersection en T,Normale,Autre collision,,,,,,,,,,,2,2,3,1,6
200700070325,0007-11-19 20:30:00,7,11,19,20,30,770,83,"40, PYRAMIDES (AVENUE DE",,,Nuit avec éclairage allumé,En agglomération,Hors intersection,Pluie légère,Autre collision,,,,,,,,,,,5,2,1,2,6
200700070326,0007-11-29 20:00:00,7,11,29,20,0,770,468,"04, EUROPE (AVENUE DE L'",,,Nuit avec éclairage allumé,En agglomération,Giratoire,Pluie légère,Deux véhicules - arrière,,,,,,,,,,,5,2,6,2,2
200700070327,0007-11-09 07:55:00,7,11,9,7,55,770,350,"1, GENERAL LECLERC (AVEN",,,Plein jour,En agglomération,Hors intersection,Temps couvert,Deux véhicules - côté,,,,,,,,,,,1,2,1,8,3
200700070328,0007-11-24 14:20:00,7,11,24,14,20,770,215,", ARTHUR PAPON (RUE)",,,Plein jour,En agglomération,Intersection en Y,Normale,Deux véhicules - côté,,,,,,,,,,,1,2,4,1,3
200700070329,0007-11-29 09:30:00,7,11,29,9,30,770,215,ARTHUR PAPON (RUE),,,Plein jour,En agglomération,Intersection en X,Pluie légère,Deux véhicules - côté,,,,,,,,,,,1,2,2,2,3
200700070330,0007-11-14 17:45:00,7,11,14,17,45,770,379,CHALAUTRE (ROUTE DE),,,Crépuscule ou aube,En agglomération,Hors intersection,Normale,Deux véhicules - arrière,,,,,,,,,,,2,2,1,1,2
200700070331,0007-11-19 17:00:00,7,11,19,17,0,770,379,NATIONALE 19 (ROUTE),,,Nuit avec éclairage allumé,Hors agglomération,Autre intersection,Pluie forte,Deux véhicules - côté,,,,,,,,,,,5,1,9,3,3
200700070332,0007-11-19 18:15:00,7,11,19,18,15,770,379,NATIONALE 19 (ROUTE),,,Nuit sans éclairage public,Hors agglomération,Autre intersection,Pluie forte,Autre collision,,,,,,,,,,,3,1,9,3,6
200700070333,0007-11-29 16:10:00,7,11,29,16,10,770,514,ARISTIDE BRIAND (AVENUE),,,Plein jour,En agglomération,Intersection en X,Pluie légère,Autre collision,,,,,,,,,,,1,2,2,2,6
200700070334,0007-11-09 18:50:00,7,11,9,18,50,780,126,PUITS (AVENUE DES),,,Nuit avec éclairage allumé,En agglomération,Hors intersection,Pluie légère,Deux véhicules - frontale,,,,,,,,,,,5,2,1,2,1
200700070335,0007-11-13 09:10:00,7,11,13,9,10,780,126,"2, JONCHERE (AVENUE DE L",,,Plein jour,En agglomération,Hors intersection,Normale,Deux véhicules - arrière,,,,,,,,,,,1,2,1,1,2
200700070336,0007-11-03 19:20:00,7,11,3,19,20,780,15,"0, EUROPE (ROND POINT DE",,,Nuit avec éclairage allumé,En agglomération,Giratoire,Normale,Sans collision,,,,,,,,,,,5,2,6,1,7
200700070337,0007-11-22 10:30:00,7,11,22,10,30,780,172,RN 184,,,Plein jour,Hors agglomération,Hors intersection,Normale,Deux véhicules - côté,,,,,,,,,,,1,1,1,1,3
200700070338,0007-11-19 13:00:00,7,11,19,13,0,780,168,"INDETERM, DES SPAHIS MAR",,,Plein jour,En agglomération,Intersection en T,Temps couvert,Deux véhicules - côté,,,,,,,,,,,1,2,3,8,3
200700070339,0007-11-19 16:15:00,7,11,19,16,15,780,168,"indeterm, VOIE LATERALE",,,Plein jour,En agglomération,Hors intersection,Pluie légère,Deux véhicules - côté,,,,,,,,,,,1,2,1,2,3
200700070340,0007-11-21 09:56:00,7,11,21,9,56,780,208,"indertem, HUIT MAI 1945",,,Plein jour,En agglomération,Hors intersection,Normale,Sans collision,,,,,,,,,,,1,2,1,1,7
200700070341,0007-11-21 14:00:00,7,11,21,14,0,780,168,"inderterm, GARE (AVENUE",,,Plein jour,En agglomération,Hors intersection,Normale,Deux véhicules - arrière,,,,,,,,,,,1,2,1,1,2
200700070342,0007-11-21 11:55:00,7,11,21,11,55,780,397,DEPARTEMENTALE 58 (ROUTE,,,Plein jour,En agglomération,Intersection en T,Normale,Deux véhicules - côté,,,,,,,,,,,1,2,3,1,3
200700070343,0007-11-21 17:45:00,7,11,21,17,45,780,383,"10, VENDEE (AVENUE DE)",,,Crépuscule ou aube,En agglomération,Hors intersection,Normale,Sans collision,,,,,,,,,,,2,2,1,1,7
200700070344,0007-11-23 17:10:00,7,11,23,17,10,780,208,DEPARTEMENTALE 23 (ROUTE,,,Plein jour,En agglomération,Intersection en T,Normale,Deux véhicules - côté,,,,,,,,,,,1,2,3,1,3
200700070345,0007-11-26 09:00:00,7,11,26,9,0,780,168,NATIONALE 10 (ROUTE),,,Plein jour,En agglomération,Hors intersection,Normale,Trois véhicules et plus - en chaîne,,,,,,,,,,,1,2,1,1,4
200700070346,0007-11-19 13:10:00,7,11,19,13,10,780,297,CD 91,,,Plein jour,Hors agglomération,Hors intersection,Temps couvert,Autre collision,,,,,,,,,,,1,1,1,8,6
200700070347,0007-11-22 14:00:00,7,11,22,14,0,780,297,AVENUE DE L'EUROPE,,,Plein jour,En agglomération,Giratoire,Normale,Deux véhicules - côté,,,,,,,,,,,1,2,6,1,3
200700070348,0007-11-23 16:15:00,7,11,23,16,15,780,688,CD 36,,,Plein jour,En agglomération,Intersection en X,Normale,Deux véhicules - frontale,,,,,,,,,,,1,2,2,1,1
200700070349,0007-11-21 13:45:00,7,11,21,13,45,780,423,"ignoré, RN 10",,,Plein jour,Hors agglomération,Hors intersection,Normale,Autre collision,,,,,,,,,,,1,1,1,1,6
200700070350,0007-11-26 17:15:00,7,11,26,17,15,780,688,"ignoré, CD 36",,,Crépuscule ou aube,En agglomération,Autre intersection,Normale,Deux véhicules - frontale,,,,,,,,,,,2,2,9,1,1
200700070351,0007-11-27 14:15:00,7,11,27,14,15,780,423,STEPHENSON (RUE),,,Plein jour,En agglomération,Hors intersection,Normale,Deux véhicules - côté,,,,,,,,,,,1,2,1,1,3
200700070352,0007-11-27 20:45:00,7,11,27,20,45,780,297,BLUM (AVENUE LEON),,,Nuit avec éclairage non allumé,En agglomération,Giratoire,Normale,Sans collision,,,,,,,,,,,4,2,6,1,7
200700070353,0007-11-27 11:30:00,7,11,27,11,30,780,688,CD 36,,,Plein jour,En agglomération,Hors intersection,Normale,Deux véhicules - arrière,,,,,,,,,,,1,2,1,1,2
200700070354,0007-11-28 12:25:00,7,11,28,12,25,780,297,MARE DE TROUX (RUE DE LA,,,Plein jour,En agglomération,Giratoire,Normale,Sans collision,,,,,,,,,,,1,2,6,1,7
200700070355,0007-11-08 10:10:00,7,11,8,10,10,780,297,CD 91,,,Plein jour,En agglomération,Hors intersection,Pluie légère,Autre collision,,,,,,,,,,,1,2,1,2,6
200700070356,0007-11-15 10:30:00,7,11,15,10,30,780,423,TRAPPES (ROUTE DE),,,Plein jour,En agglomération,Hors intersection,Normale,Sans collision,,,,,,,,,,,1,2,1,1,7
200700070357,0007-11-11 04:10:00,7,11,11,4,10,780,124,"00, BEZONS (ROUTE DE)",,,Nuit avec éclairage allumé,En agglomération,Intersection en T,Normale,Autre collision,,,,,,,,,,,5,2,3,1,6
200700070358,0007-11-01 21:00:00,7,11,1,21,0,780,354,AVENUE DE L EUROPE,,,Nuit avec éclairage allumé,En agglomération,Intersection en X,Normale,Deux véhicules - côté,,,,,,,,,,,5,2,2,1,3
200700070359,0007-11-06 15:05:00,7,11,6,15,5,780,354,"2, rue de l'ouest",,,Plein jour,En agglomération,Hors intersection,Normale,Deux véhicules - frontale,,,,,,,,,,,1,2,1,1,1
200700070360,0007-11-03 11:55:00,7,11,3,11,55,780,440,JEAN JAURES  (RUE),,,Plein jour,En agglomération,Intersection en T,Normale,Deux véhicules - côté,,,,,,,,,,,1,2,3,1,3
200700070361,0007-11-04 18:20:00,7,11,4,18,20,780,401,"62, GAMBETTA (RUE)",,,Nuit avec éclairage allumé,En agglomération,Hors intersection,Normale,Autre collision,,,,,,,,,,,5,2,1,1,6
200700070362,0007-11-11 18:10:00,7,11,11,18,10,780,299,MICHELET (BOULEVARD),,,Crépuscule ou aube,Hors agglomération,Hors intersection,Normale,Deux véhicules - côté,,,,,,,,,,,2,1,1,1,3
200700070363,0007-11-06 12:20:00,7,11,6,12,20,780,440,"31, VEUVE FLEURET (RUE)",,,Plein jour,En agglomération,Intersection en T,Normale,Autre collision,,,,,,,,,,,1,2,3,1,6
200700070364,0007-11-06 09:55:00,7,11,6,9,55,780,29,PLATEAU (RUE DU),,,Plein jour,En agglomération,Hors intersection,Normale,Autre collision,,,,,,,,,,,1,2,1,1,6
200700070365,0007-11-15 15:40:00,7,11,15,15,40,780,29,CHARLES DE GAULLE (AVENU,,,Plein jour,En agglomération,Hors intersection,Normale,Autre collision,,,,,,,,,,,1,2,1,1,6
200700070366,0007-11-05 17:25:00,7,11,5,17,25,780,29,CD 113,,,Crépuscule ou aube,Hors agglomération,Hors intersection,Normale,Deux véhicules - côté,,,,,,,,,,,2,1,1,1,3
200700070367,0007-11-17 13:30:00,7,11,17,13,30,780,440,SEINE (RUE DE),,,Plein jour,En agglomération,Hors intersection,Normale,Trois véhicules et plus - en chaîne,,,,,,,,,,,1,2,1,1,4
200700070368,0007-11-24 12:55:00,7,11,24,12,55,780,609,CD 28,,,Plein jour,Hors agglomération,Hors intersection,Normale,Deux véhicules - côté,,,,,,,,,,,1,1,1,1,3
200700070369,0007-11-24 04:40:00,7,11,24,4,40,780,440,PAUL RAOULT (AVENUE),,,Crépuscule ou aube,En agglomération,Hors intersection,Normale,Deux véhicules - côté,,,,,,,,,,,2,2,1,1,3
200700070370,0007-11-26 07:25:00,7,11,26,7,25,780,609,CD 28,,,Nuit avec éclairage allumé,Hors agglomération,Hors intersection,Normale,Deux véhicules - côté,,,,,,,,,,,5,1,1,1,3
200700070371,0007-11-28 15:35:00,7,11,28,15,35,780,440,STENDHAL (RUE),,,Plein jour,En agglomération,Hors intersection,Normale,Autre collision,,,,,,,,,,,1,2,1,1,6
200700070372,0007-11-29 20:55:00,7,11,29,20,55,780,29,PIERRE LEFAUCHEUX,,,Nuit avec éclairage allumé,En agglomération,Autre intersection,Normale,Trois véhicules et plus - en chaîne,,,,,,,,,,,5,2,9,1,4
200700070373,0007-11-29 17:55:00,7,11,29,17,55,780,401,D 922,,,Crépuscule ou aube,Hors agglomération,Hors intersection,Normale,Deux véhicules - côté,,,,,,,,,,,2,1,1,1,3
200700070374,0007-11-28 07:55:00,7,11,28,7,55,780,609,CD 28,,,Plein jour,Hors agglomération,Giratoire,Normale,Deux véhicules - côté,,,,,,,,,,,1,1,6,1,3
200700070375,0007-11-05 06:20:00,7,11,5,6,20,780,490,DEUX PLATEAUX (ROUTE DES,,,Nuit avec éclairage allumé,En agglomération,Hors intersection,Normale,Deux véhicules - frontale,,,,,,,,,,,5,2,1,1,1
200700070376,0007-11-19 13:40:00,7,11,19,13,40,780,490,"30, LAURENT (AVENUE MARC",,,Plein jour,En agglomération,Hors intersection,Temps couvert,Autre collision,,,,,,,,,,,1,2,1,8,6
200700070377,0007-11-21 16:25:00,7,11,21,16,25,780,490,"308, BOISSIERE (RUE DE L",,,Plein jour,En agglomération,Hors intersection,Normale,Trois véhicules et plus - en chaîne,,,,,,,,,,,1,2,1,1,4
200700070378,0007-11-24 10:00:00,7,11,24,10,0,780,674,CD 11,,,Plein jour,En agglomération,Intersection en T,Normale,Deux véhicules - arrière,,,,,,,,,,,1,2,3,1,2
200700070379,0007-11-30 08:10:00,7,11,30,8,10,780,674,CD 11,,,Crépuscule ou aube,En agglomération,Hors intersection,Temps couvert,Sans collision,,,,,,,,,,,2,2,1,8,7
200700070380,0007-11-09 10:20:00,7,11,9,10,20,780,498,PLACE VERTE,,,Plein jour,En agglomération,Intersection à plus de 4 branches,Normale,Deux véhicules - côté,,,,,,,,,,,1,2,5,1,3
200700070381,0007-11-12 18:30:00,7,11,12,18,30,780,498,ROBESPIERRE BD,,,Nuit avec éclairage allumé,En agglomération,Intersection en X,Normale,Deux véhicules - côté,,,,,,,,,,,5,2,2,1,3
200700070382,0007-11-15 13:40:00,7,11,15,13,40,780,498,ROBESPIERRE BD,,,Plein jour,En agglomération,Intersection en X,Normale,Autre collision,,,,,,,,,,,1,2,2,1,6
200700070383,0007-11-17 18:35:00,7,11,17,18,35,780,642,CHAPET ROUTE DE,,,Nuit sans éclairage public,Hors agglomération,Hors intersection,Normale,Deux véhicules - côté,,,,,,,,,,,3,1,1,1,3
200700070384,0007-11-03 15:55:00,7,11,3,15,55,780,498,"10, PAIX BD DE LA",,,Plein jour,En agglomération,Hors intersection,Normale,Autre collision,,,,,,,,,,,1,2,1,1,6
200700070385,0007-11-21 07:45:00,7,11,21,7,45,780,642,MEULAN ROUTE DE CD154,,,Nuit sans éclairage public,Hors agglomération,Hors intersection,Pluie légère,Deux véhicules - côté,,,,,,,,,,,3,1,1,2,3
200700070386,0007-11-25 17:50:00,7,11,25,17,50,780,643,"26, POTTIER RUE LOUIS",,,Nuit avec éclairage allumé,En agglomération,Intersection en X,Normale,Deux véhicules - frontale,,,,,,,,,,,5,2,2,1,1
200700070387,0007-11-30 00:50:00,7,11,30,0,50,780,498,RD30,,,Nuit avec éclairage allumé,Hors agglomération,Hors intersection,Normale,Autre collision,,,,,,,,,,,5,1,1,1,6
200700070388,0007-11-30 12:55:00,7,11,30,12,55,780,498,RD30,,,Plein jour,Hors agglomération,Hors intersection,Normale,Deux véhicules - côté,,,,,,,,,,,1,1,1,1,3
200700070389,0007-11-14 07:15:00,7,11,14,7,15,780,642,RD 59,,,Nuit avec éclairage allumé,Hors agglomération,Giratoire,Normale,Deux véhicules - côté,,,,,,,,,,,5,1,6,1,3
200700070390,0007-11-15 20:40:00,7,11,15,20,40,780,498,PORT RUE DU,,,Nuit avec éclairage allumé,En agglomération,Hors intersection,Normale,Autre collision,,,,,,,,,,,5,2,1,1,6
200700070391,0007-11-24 20:30:00,7,11,24,20,30,780,672,PRE AUX MOUTONS RUE DU,,,Nuit avec éclairage allumé,En agglomération,Hors intersection,Normale,Sans collision,,,,,,,,,,,5,2,1,1,7
200700070392,0007-11-08 15:25:00,7,11,8,15,25,780,517,CLAIREFONTAINE (RUE DE),,,Plein jour,En agglomération,Giratoire,Temps couvert,Deux véhicules - côté,,,,,,,,,,,1,2,6,8,3
200700070393,0007-11-12 13:25:00,7,11,12,13,25,780,220,RD 191,,,Plein jour,Hors agglomération,Giratoire,Normale,Deux véhicules - côté,,,,,,,,,,,1,1,6,1,3
200700070394,0007-11-14 14:45:00,7,11,14,14,45,780,486,"25, CHEMIN VERT (RUE DU)",,,Plein jour,En agglomération,Hors intersection,Normale,Deux véhicules - côté,,,,,,,,,,,1,2,1,1,3
200700070395,0007-11-20 17:40:00,7,11,20,17,40,780,220,RD 191,,,Nuit sans éclairage public,En agglomération,Intersection en T,Pluie légère,Deux véhicules - côté,,,,,,,,,,,3,2,3,2,3
200700070396,0007-11-21 16:50:00,7,11,21,16,50,780,517,RN 10,,,Plein jour,Hors agglomération,Hors intersection,Normale,Deux véhicules - arrière,,,,,,,,,,,1,1,1,1,2
200700070397,0007-11-26 18:30:00,7,11,26,18,30,780,517,"14, GAMBETTA (RUE)",,,Nuit avec éclairage allumé,Hors agglomération,Hors intersection,Normale,Deux véhicules - côté,,,,,,,,,,,5,1,1,1,3
200700070398,0007-11-22 09:15:00,7,11,22,9,15,780,73,"INDETERMI, VAILLANT COUT",,,Plein jour,En agglomération,Hors intersection,Pluie légère,Autre collision,,,,,,,,,,,1,2,1,2,6
200700070399,0007-11-30 06:15:00,7,11,30,6,15,780,545,JAURES (AVENUE JEAN ),,,Nuit avec éclairage allumé,En agglomération,Hors intersection,Autre,Autre collision,,,,,,,,,,,5,2,1,9,6
200700070400,0007-11-22 11:30:00,7,11,22,11,30,780,481,"face au 13, MAURICE BERT",,,Plein jour,En agglomération,Hors intersection,Normale,Autre collision,,,,,,,,,,,1,2,1,1,6
200700070401,0007-11-29 20:30:00,7,11,29,20,30,780,481,MARECHAL DE LATTRE DE TA,,,Nuit avec éclairage allumé,En agglomération,Hors intersection,Normale,Sans collision,,,,,,,,,,,5,2,1,1,7
200700070402,0007-11-07 18:00:00,7,11,7,18,0,780,133,RN.13,,,Crépuscule ou aube,En agglomération,Hors intersection,Pluie légère,Trois véhicules et plus - collisions multiples,,,,,,,,,,,2,2,1,2,5
200700070403,0007-11-03 05:20:00,7,11,3,5,20,780,551,"INCONNU, LOGES (AVENUE D",,,Nuit avec éclairage allumé,En agglomération,Hors intersection,Normale,Autre collision,,,,,,,,,,,5,2,1,1,6
200700070404,0007-11-21 18:15:00,7,11,21,18,15,780,551,RN 184,,,Plein jour,Hors agglomération,Hors intersection,Normale,Deux véhicules - côté,,,,,,,,,,,1,1,1,1,3
200700070405,0007-11-21 16:20:00,7,11,21,16,20,780,551,"ignoré, KENNEDY (AVENUE",,,Crépuscule ou aube,Hors agglomération,Hors intersection,Normale,Autre collision,,,,,,,,,,,2,1,1,1,6
200700070406,0007-11-09 19:00:00,7,11,9,19,0,780,586,COURBET (GUSTAVE),,,Nuit avec éclairage allumé,En agglomération,Intersection en X,Normale,Deux véhicules - côté,,,,,,,,,,,5,2,2,1,3
200700070407,0007-11-13 18:00:00,7,11,13,18,0,780,586,DE GAULLE (GENERAL) N°1,,,Nuit avec éclairage allumé,En agglomération,Hors intersection,Pluie légère,Autre collision,,,,,,,,,,,5,2,1,2,6
200700070408,0007-11-14 09:20:00,7,11,14,9,20,780,586,GALOIS (EVARISTE),,,Plein jour,En agglomération,Hors intersection,Normale,Deux véhicules - côté,,,,,,,,,,,1,2,1,1,3
200700070409,0007-11-29 10:35:00,7,11,29,10,35,780,586,REIN (JULES),,,Plein jour,En agglomération,Intersection en X,Temps couvert,Deux véhicules - côté,,,,,,,,,,,1,2,2,8,3
200700070410,0007-11-05 12:25:00,7,11,5,12,25,780,621,NATIONALE 10   (ROUTE),,,Plein jour,En agglomération,Hors intersection,Normale,Autre collision,,,,,,,,,,,1,2,1,1,6
200700070411,0007-11-19 17:50:00,7,11,19,17,50,780,621,THOREZ (RUE MAURICE),,,Nuit sans éclairage public,En agglomération,Hors intersection,Pluie légère,Autre collision,,,,,,,,,,,3,2,1,2,6
200700070412,0007-11-21 08:20:00,7,11,21,8,20,780,621,DEPARTEMENTALE 912 (ROUT,,,Plein jour,En agglomération,Autre intersection,Pluie légère,Trois véhicules et plus - collisions multiples,,,,,,,,,,,1,2,9,2,5
200700070413,0007-11-24 17:40:00,7,11,24,17,40,780,621,NATIONALE 10   (ROUTE),,,Nuit avec éclairage allumé,Hors agglomération,Hors intersection,Normale,Deux véhicules - côté,,,,,,,,,,,5,1,1,1,3
200700070414,0007-11-08 09:15:00,7,11,8,9,15,780,640,MORANE-SAULNIER (AVENUE),,,Plein jour,En agglomération,Hors intersection,Pluie légère,Deux véhicules - arrière,,,,,,,,,,,1,2,1,2,2
200700070415,0007-11-18 17:50:00,7,11,18,17,50,780,640,LOUIS BREGUET (AVENUE),,,Nuit avec éclairage allumé,En agglomération,Hors intersection,Normale,Autre collision,,,,,,,,,,,5,2,1,1,6
200700070416,0007-11-23 07:50:00,7,11,23,7,50,780,640,"17, LOUIS BREGUET (AVENU",,,Nuit avec éclairage allumé,En agglomération,Hors intersection,Normale,Autre collision,,,,,,,,,,,5,2,1,1,6
200700070417,0007-11-23 15:55:00,7,11,23,15,55,780,686,"106, GENERAL LECLERC (AV",,,Plein jour,En agglomération,Hors intersection,Normale,Deux véhicules - arrière,,,,,,,,,,,1,2,1,1,2
200700070418,0007-11-29 16:25:00,7,11,29,16,25,780,322,LIBERATION (RUE DE LA),,,Plein jour,Hors agglomération,Intersection en T,Temps couvert,Deux véhicules - côté,,,,,,,,,,,1,1,3,8,3
200700070419,0007-11-03 15:50:00,7,11,3,15,50,780,158,"Néant, JOSE MARIA DE HER",,,Plein jour,En agglomération,Hors intersection,Normale,Autre collision,,,,,,,,,,,1,2,1,1,6
200700070420,0007-11-02 18:30:00,7,11,2,18,30,780,646,"NEANT, ETATS UNIS (AVENU",,,Nuit avec éclairage allumé,En agglomération,Intersection en T,Normale,Deux véhicules - côté,,,,,,,,,,,5,2,3,1,3
200700070421,0007-11-06 08:55:00,7,11,6,8,55,780,646,"45, CLEMENT ADER (AVENUE",,,Plein jour,En agglomération,Hors intersection,Temps couvert,Sans collision,,,,,,,,,,,1,2,1,8,7
200700070422,0007-11-07 18:40:00,7,11,7,18,40,780,158,"0, DOCTEUR SCHWEITZER (A",,,Nuit avec éclairage non allumé,En agglomération,Intersection en X,Normale,Deux véhicules - côté,,,,,,,,,,,4,2,2,1,3
200700070423,0007-11-07 19:50:00,7,11,7,19,50,780,646,"NEANT, JEAN MERMOZ (RUE)",,,Nuit avec éclairage allumé,En agglomération,Intersection en T,Normale,Deux véhicules - côté,,,,,,,,,,,5,2,3,1,3
200700070424,0007-11-09 18:30:00,7,11,9,18,30,780,646,SAINT CLOUD (AVENUE DE),,,Nuit avec éclairage allumé,En agglomération,Hors intersection,Normale,Deux véhicules - côté,,,,,,,,,,,5,2,1,1,3
200700070425,0007-11-11 12:40:00,7,11,11,12,40,780,646,"103, REINE (BOULEVARD DE",,,Plein jour,En agglomération,Hors intersection,Pluie légère,Autre collision,,,,,,,,,,,1,2,1,2,6
200700070426,0007-11-10 18:05:00,7,11,10,18,5,780,646,"NEANT, GENERAL PERSHING",,,Nuit avec éclairage allumé,En agglomération,Intersection en T,Normale,Deux véhicules - côté,,,,,,,,,,,5,2,3,1,3
200700070427,0007-11-17 12:50:00,7,11,17,12,50,780,646,CLEMENT ADER (AVENUE),,,Plein jour,En agglomération,Intersection en T,Normale,Deux véhicules - côté,,,,,,,,,,,1,2,3,1,3
200700070428,0007-11-19 13:50:00,7,11,19,13,50,780,646,"0, GLATIGNY (BOULEVARD D",,,Plein jour,En agglomération,Intersection en T,Temps couvert,Trois véhicules et plus - en chaîne,,,,,,,,,,,1,2,3,8,4
200700070429,0007-11-22 07:15:00,7,11,22,7,15,780,646,"Néant, ORANGERIE (RUE DE",,,Nuit avec éclairage allumé,En agglomération,Intersection en T,Normale,Deux véhicules - côté,,,,,,,,,,,5,2,3,1,3
200700070430,0007-11-21 22:10:00,7,11,21,22,10,780,646,"NEANT, REPUBLIQUE (BOULE",,,Nuit avec éclairage allumé,En agglomération,Intersection en X,Normale,Deux véhicules - côté,,,,,,,,,,,5,2,2,1,3
200700070431,0007-11-24 18:00:00,7,11,24,18,0,780,646,SAINT CLOUD (AVENUE DE),,,Nuit avec éclairage allumé,En agglomération,Intersection en X,Normale,Deux véhicules - côté,,,,,,,,,,,5,2,2,1,3
200700070432,0007-11-23 18:35:00,7,11,23,18,35,780,524,ROUTE DE VERSAILLES,,,Nuit avec éclairage allumé,Hors agglomération,Hors intersection,Normale,Deux véhicules - côté,,,,,,,,,,,5,1,1,1,3
200700070433,0007-11-28 07:55:00,7,11,28,7,55,780,646,"8, EDOUARD CHARTON (RUE)",,,Crépuscule ou aube,En agglomération,Intersection en X,Normale,Autre collision,,,,,,,,,,,2,2,2,1,6
200700070434,0007-11-28 17:25:00,7,11,28,17,25,780,646,"NEANT, GENERAL MANGIN (A",,,Crépuscule ou aube,En agglomération,Intersection en T,Normale,Deux véhicules - côté,,,,,,,,,,,2,2,3,1,3
200700070435,0007-11-29 10:50:00,7,11,29,10,50,780,158,VERDUN (AVENUE DE),,,Plein jour,En agglomération,Hors intersection,Normale,Autre collision,,,,,,,,,,,1,2,1,1,6
200700070436,0007-11-21 14:15:00,7,11,21,14,15,780,650,MONTESSON (ROUTE DE),,,Plein jour,En agglomération,Intersection en T,Normale,Deux véhicules - côté,,,,,,,,,,,1,2,3,1,3
200700070437,0007-11-06 22:25:00,7,11,6,22,25,790,191,"4, HALLES (PLACE DES)",,,Nuit avec éclairage allumé,En agglomération,Hors intersection,Normale,Autre collision,,,,,,,,,,,5,2,1,1,6
200700070438,0007-11-09 14:20:00,7,11,9,14,20,790,191,"38bis, PISSOT (CHEMIN DU",,,Plein jour,En agglomération,Autre intersection,Normale,Autre collision,,,,,,,,,,,1,2,9,1,6
200700070439,0007-11-23 07:50:00,7,11,23,7,50,790,191,"296, AIFFRES (ROUTE D')",,,Plein jour,En agglomération,Hors intersection,Normale,Deux véhicules - côté,,,,,,,,,,,1,2,1,1,3
200700070440,0007-11-23 18:40:00,7,11,23,18,40,790,329,"41, JULES MICHELET (RUE)",,,Nuit avec éclairage allumé,En agglomération,Intersection en T,Pluie légère,Deux véhicules - côté,,,,,,,,,,,5,2,3,2,3
200700070441,0007-11-27 18:17:00,7,11,27,18,17,790,329,EMILE ZOLA (AVENUE),,,Nuit avec éclairage allumé,En agglomération,Intersection en X,Normale,Deux véhicules - côté,,,,,,,,,,,5,2,2,1,3
200700070442,0007-11-09 18:00:00,7,11,9,18,0,800,1,"25, AMIENS (d')",,,Nuit avec éclairage allumé,En agglomération,Hors intersection,Temps couvert,Deux véhicules - arrière,,,,,,,,,,,5,2,1,8,2