accident_id,datetime,annee,mois,jour,heure,minute,departement,commune_insee,adresse,latitude,longitude,luminosite,agglomeration,intersection,meteo,collision,nb_vehicules,nb_usagers,nb_indemnes,nb_tues,nb_blesses_hosp,nb_blesses_legers,age_cond_1,age_cond_2,veh_type_cond_1,veh_type_cond_2,lum_code,agg_code,int_code,atm_code,col_code
200700070572,0007-11-05 13:10:00,7,11,5,13,10,850,194,ILE VERTIME (BOULEVARD D,,,Plein jour,En agglomération,Hors intersection,Normale,Deux véhicules - côté,,,,,,,,,,,1,2,1,1,3
200700070573,0007-11-09 08:45:00,7,11,9,8,45,850,194,"97, LAENNEC (RUE DU DOCT",,,Plein jour,En agglomération,Hors intersection,Normale,Deux véhicules - arrière,,,,,,,,,,,1,2,1,1,2
200700070574,0007-11-21 15:30:00,7,11,21,15,30,850,194,RD 80,,,Plein jour,En agglomération,Hors intersection,Pluie légère,Deux véhicules - côté,,,,,,,,,,,1,2,1,2,3
200700070575,0007-11-23 10:35:00,7,11,23,10,35,850,194,CAYOLA (PROMENADE DE),,,Plein jour,En agglomération,Hors intersection,Normale,Autre collision,,,,,,,,,,,1,2,1,1,6
200700070576,0007-11-17 16:50:00,7,11,17,16,50,860,66,"5, CROS (RUE CHARLES)",,,Plein jour,En agglomération,Hors intersection,Normale,Deux véhicules - côté,,,,,,,,,,,1,2,1,1,3
200700070577,0007-11-28 13:10:00,7,11,28,13,10,860,66,"53, RIPAULT (AVENUE LOUI",,,Plein jour,En agglomération,Autre intersection,Normale,Deux véhicules - côté,,,,,,,,,,,1,2,9,1,3
200700070578,0007-11-03 21:05:00,7,11,3,21,5,860,157,"ROND POINT CHU, RN 147",,,Nuit avec éclairage allumé,En agglomération,Giratoire,Pluie légère,Deux véhicules - côté,,,,,,,,,,,5,2,6,2,3
200700070579,0007-11-05 12:15:00,7,11,5,12,15,860,214,"7, POMMIERS (RUE DES)",,,Plein jour,En agglomération,Intersection en T,Normale,Deux véhicules - côté,,,,,,,,,,,1,2,3,1,3
200700070580,0007-11-08 15:00:00,7,11,8,15,0,860,194,"4, PIERRE CORNEILLE (RUE",,,Plein jour,En agglomération,Hors intersection,Normale,Deux véhicules - côté,,,,,,,,,,,1,2,1,1,3
200700070581,0007-11-14 10:00:00,7,11,14,10,0,860,194,BUGELLERIE (RUE DE LA),,,Plein jour,En agglomération,Intersection en X,Normale,Deux véhicules - côté,,,,,,,,,,,1,2,2,1,3
200700070582,0007-11-15 04:20:00,7,11,15,4,20,860,157,RN.147,,,Nuit sans éclairage public,Hors agglomération,Hors intersection,Temps couvert,Deux véhicules - arrière,,,,,,,,,,,3,1,1,8,2
200700070583,0007-11-16 12:15:00,7,11,16,12,15,860,214,ROCADE SUD EST (RD 162),,,Plein jour,En agglomération,Hors intersection,Normale,Deux véhicules - côté,,,,,,,,,,,1,2,1,1,3
200700070584,0007-11-18 05:30:00,7,11,18,5,30,860,158,PONTREAU (RUE DU),,,Nuit avec éclairage allumé,En agglomération,Hors intersection,Normale,Sans collision,,,,,,,,,,,5,2,1,1,7
200700070585,0007-11-19 12:50:00,7,11,19,12,50,860,194,8 MAI 1945 (AVENUE DU),,,Plein jour,En agglomération,Intersection en X,Pluie légère,Deux véhicules - côté,,,,,,,,,,,1,2,2,2,3
200700070586,0007-11-19 17:15:00,7,11,19,17,15,860,194,"9, ANATOLE FRANCE (BOULE",,,Crépuscule ou aube,En agglomération,Hors intersection,Pluie légère,Autre collision,,,,,,,,,,,2,2,1,2,6
200700070587,0007-11-20 18:30:00,7,11,20,18,30,860,194,PLATEAU DES GLIERES (AVE,,,Nuit sans éclairage public,Hors agglomération,Intersection en T,Pluie légère,Deux véhicules - arrière,,,,,,,,,,,3,1,3,2,2
200700070588,0007-11-21 12:25:00,7,11,21,12,25,860,194,"65, JOHN KENNEDY (AVENUE",,,Plein jour,En agglomération,Hors intersection,Normale,Autre collision,,,,,,,,,,,1,2,1,1,6
200700070589,0007-11-25 15:30:00,7,11,25,15,30,860,133,POITIERS (AVENUE DE),,,Plein jour,Hors agglomération,Hors intersection,Pluie légère,Autre collision,,,,,,,,,,,1,1,1,2,6
200700070590,0007-11-26 08:15:00,7,11,26,8,15,860,194,ROCADE OUEST (RN10),,,Plein jour,En agglomération,Hors intersection,Pluie légère,Deux véhicules - arrière,,,,,,,,,,,1,2,1,2,2
200700070591,0007-11-27 14:15:00,7,11,27,14,15,860,194,"., 8 MAI 1945 (AVENUE DU",,,Plein jour,En agglomération,Intersection en X,Normale,Deux véhicules - côté,,,,,,,,,,,1,2,2,1,3
200700070592,0007-11-27 14:50:00,7,11,27,14,50,860,194,"5, CARNOT (RUE)",,,Plein jour,En agglomération,Hors intersection,Normale,Autre collision,,,,,,,,,,,1,2,1,1,6
200700070593,0007-11-01 17:25:00,7,11,1,17,25,870,85,"13, GOYA (RUE)",,,Plein jour,En agglomération,Intersection en T,Normale,Autre collision,,,,,,,,,,,1,2,3,1,6
200700070594,0007-11-01 21:38:00,7,11,1,21,38,870,85,"51, MIDI (AVENUE DU)",,,Nuit avec éclairage allumé,En agglomération,Intersection en X,Normale,Deux véhicules - côté,,,,,,,,,,,5,2,2,1,3
200700070595,0007-11-05 08:38:00,7,11,5,8,38,870,85,AUTOROUTE A20,,,Plein jour,Hors agglomération,Hors intersection,Normale,Trois véhicules et plus - en chaîne,,,,,,,,,,,1,1,1,1,4
200700070596,0007-11-05 11:20:00,7,11,5,11,20,870,85,"145, LATTRE-DE-TASSIGNY",,,Plein jour,En agglomération,Hors intersection,Normale,Autre collision,,,,,,,,,,,1,2,1,1,6
200700070597,0007-11-05 07:25:00,7,11,5,7,25,870,85,RN520,,,Plein jour,En agglomération,Giratoire,Normale,Autre collision,,,,,,,,,,,1,2,6,1,6
200700070598,0007-11-05 14:19:00,7,11,5,14,19,870,85,"98, BELLAC (RUE DE)",,,Plein jour,En agglomération,Intersection en T,Normale,Deux véhicules - côté,,,,,,,,,,,1,2,3,1,3
200700070599,0007-11-05 14:18:00,7,11,5,14,18,870,48,"86, LIMOGES (AVENUE DE)",,,Plein jour,En agglomération,Hors intersection,Normale,Deux véhicules - arrière,,,,,,,,,,,1,2,1,1,2
200700070600,0007-11-05 17:34:00,7,11,5,17,34,870,65,RD979,,,Plein jour,En agglomération,Hors intersection,Normale,Deux véhicules - arrière,,,,,,,,,,,1,2,1,1,2
200700070601,0007-11-06 12:05:00,7,11,6,12,5,870,85,"28, ZOLA (RUE EMILE)",,,Plein jour,En agglomération,Intersection en T,Normale,Deux véhicules - côté,,,,,,,,,,,1,2,3,1,3
200700070602,0007-11-06 17:18:00,7,11,6,17,18,870,85,"8, LARREY (AVENUE DOMINI",,,Plein jour,En agglomération,Hors intersection,Normale,Deux véhicules - arrière,,,,,,,,,,,1,2,1,1,2
200700070603,0007-11-09 03:59:00,7,11,9,3,59,870,85,"8, LATTRE-DE-TASSIGNY (A",,,Nuit avec éclairage allumé,En agglomération,Hors intersection,Pluie légère,Autre collision,,,,,,,,,,,5,2,1,2,6
200700070604,0007-11-10 03:14:00,7,11,10,3,14,870,85,"178, CHARLET (RUE GASTON",,,Nuit avec éclairage allumé,Hors agglomération,Hors intersection,Normale,Autre collision,,,,,,,,,,,5,1,1,1,6
200700070605,0007-11-10 12:58:00,7,11,10,12,58,870,85,"92, RANSON (RUE LOUIS CA",,,Plein jour,En agglomération,Intersection en X,Normale,Deux véhicules - côté,,,,,,,,,,,1,2,2,1,3
200700070606,0007-11-10 21:45:00,7,11,10,21,45,870,85,"31, CARMES (PLACE DES)",,,Nuit avec éclairage allumé,En agglomération,Hors intersection,Pluie légère,Autre collision,,,,,,,,,,,5,2,1,2,6
200700070607,0007-11-13 13:15:00,7,11,13,13,15,870,85,"45/49, BEAUPUY (RUE DE)",,,Plein jour,En agglomération,Hors intersection,Normale,Sans collision,,,,,,,,,,,1,2,1,1,7
200700070608,0007-11-14 08:30:00,7,11,14,8,30,870,85,AUTOROUTE A20,,,Plein jour,En agglomération,Hors intersection,Normale,Autre collision,,,,,,,,,,,1,2,1,1,6
200700070609,0007-11-14 19:30:00,7,11,14,19,30,870,85,"74, DUTREIX (RUE ARMAND)",,,Nuit avec éclairage allumé,En agglomération,Intersection en T,Normale,Deux véhicules - côté,,,,,,,,,,,5,2,3,1,3
200700070610,0007-11-14 21:27:00,7,11,14,21,27,870,85,BOURNAZEL (RUE HENRI DE),,,Nuit avec éclairage allumé,En agglomération,Hors intersection,Normale,Deux véhicules - frontale,,,,,,,,,,,5,2,1,1,1
200700070611,0007-11-15 08:08:00,7,11,15,8,8,870,50,D20,,,Plein jour,Hors agglomération,Hors intersection,Normale,Autre collision,,,,,,,,,,,1,1,1,1,6
200700070612,0007-11-15 17:55:00,7,11,15,17,55,870,85,"5, DUSSOUBS (PLACE DENIS",,,Nuit avec éclairage allumé,En agglomération,Hors intersection,Normale,Trois véhicules et plus - en chaîne,,,,,,,,,,,5,2,1,1,4
200700070613,0007-11-16 07:57:00,7,11,16,7,57,870,85,CASSEAUX (ECHANGEUR),,,Plein jour,En agglomération,Autre intersection,Normale,Trois véhicules et plus - en chaîne,,,,,,,,,,,1,2,9,1,4
200700070614,0007-11-16 11:59:00,7,11,16,11,59,870,85,"316, PERRIN (RUE FRANCOI",,,Plein jour,En agglomération,Hors intersection,Normale,Deux véhicules - arrière,,,,,,,,,,,1,2,1,1,2
200700070615,0007-11-16 18:05:00,7,11,16,18,5,870,85,PORT DU NAVEIX (RUE DU),,,Nuit avec éclairage allumé,En agglomération,Hors intersection,Normale,Autre collision,,,,,,,,,,,5,2,1,1,6
200700070616,0007-11-17 12:44:00,7,11,17,12,44,870,113,PASTEUR (RUE),,,Plein jour,En agglomération,Hors intersection,Normale,Autre collision,,,,,,,,,,,1,2,1,1,6
200700070617,0007-11-18 16:10:00,7,11,18,16,10,870,85,"1, KHAN (ALLEE EMILE)",,,Plein jour,En agglomération,Hors intersection,Normale,Deux véhicules - côté,,,,,,,,,,,1,2,1,1,3
200700070618,0007-11-19 11:55:00,7,11,19,11,55,870,85,"28, VIGENAL (BOULEVARD D",,,Plein jour,En agglomération,Hors intersection,Pluie légère,Deux véhicules - côté,,,,,,,,,,,1,2,1,2,3
200700070619,0007-11-19 16:16:00,7,11,19,16,16,870,85,"38, CASSEAUX (AVENUE DES",,,Plein jour,En agglomération,Hors intersection,Normale,Autre collision,,,,,,,,,,,1,2,1,1,6
200700070620,0007-11-19 19:33:00,7,11,19,19,33,870,85,"214, VANTEAUX (BOULEVARD",,,Nuit avec éclairage allumé,En agglomération,Hors intersection,Pluie légère,Deux véhicules - côté,,,,,,,,,,,5,2,1,2,3
200700070621,0007-11-21 19:30:00,7,11,21,19,30,870,85,ESSARTS (RUE DES),,,Nuit avec éclairage allumé,En agglomération,Hors intersection,Normale,Deux véhicules - arrière,,,,,,,,,,,5,2,1,1,2
200700070622,0007-11-22 07:34:00,7,11,22,7,34,870,85,"1, ARCADES (BOULEVARD DE",,,Nuit avec éclairage allumé,En agglomération,Intersection en X,Normale,Autre collision,,,,,,,,,,,5,2,2,1,6
200700070623,0007-11-23 18:10:00,7,11,23,18,10,870,85,"123, LECLERC (AVENUE DU",,,Nuit avec éclairage non allumé,En agglomération,Hors intersection,Pluie légère,Autre collision,,,,,,,,,,,4,2,1,2,6
200700070624,0007-11-24 20:21:00,7,11,24,20,21,870,85,"29, LEGENDRE (RUE CHARLE",,,Nuit avec éclairage allumé,En agglomération,Hors intersection,Normale,Autre collision,,,,,,,,,,,5,2,1,1,6
200700070625,0007-11-25 20:36:00,7,11,25,20,36,870,113,"17, ROUSSEAU (RUE JEAN-J",,,Nuit avec éclairage allumé,En agglomération,Intersection en T,Pluie légère,Autre collision,,,,,,,,,,,5,2,3,2,6
200700070626,0007-11-26 09:10:00,7,11,26,9,10,870,65,PAGNOL (AVENUE MARCEL-),,,Plein jour,En agglomération,Hors intersection,Pluie légère,Autre collision,,,,,,,,,,,1,2,1,2,6
200700070627,0007-11-27 18:47:00,7,11,27,18,47,870,85,RD39,,,Nuit sans éclairage public,Hors agglomération,Hors intersection,Normale,Autre collision,,,,,,,,,,,3,1,1,1,6
200700070628,0007-11-28 13:17:00,7,11,28,13,17,870,85,"170, SABLARD (AVENUE DE)",,,Plein jour,En agglomération,Intersection en T,Normale,Deux véhicules - côté,,,,,,,,,,,1,2,3,1,3
200700070629,0007-11-28 16:15:00,7,11,28,16,15,870,50,LIMOGES (AVENUE DE),,,Plein jour,En agglomération,Hors intersection,Normale,Deux véhicules - arrière,,,,,,,,,,,1,2,1,1,2
200700070630,0007-11-29 07:50:00,7,11,29,7,50,870,85,"82, BAC (RUE THEODORE)",,,Plein jour,En agglomération,Intersection en X,Normale,Sans collision,,,,,,,,,,,1,2,2,1,7
200700070631,0007-11-30 14:02:00,7,11,30,14,2,870,85,"94, ISLE (RUE D')",,,Plein jour,En agglomération,Intersection en X,Pluie légère,Deux véhicules - côté,,,,,,,,,,,1,2,2,2,3
200700070632,0007-11-30 15:57:00,7,11,30,15,57,870,85,AUTOROUTE A20,,,Nuit avec éclairage allumé,En agglomération,Hors intersection,Pluie légère,Autre collision,,,,,,,,,,,5,2,1,2,6
200700070633,0007-11-30 16:43:00,7,11,30,16,43,870,85,AUTOROUTE A20,,,Plein jour,Hors agglomération,Hors intersection,Pluie forte,Autre collision,,,,,,,,,,,1,1,1,3,6
200700070634,0007-11-30 18:52:00,7,11,30,18,52,870,75,RN 21,,,Nuit sans éclairage public,Hors agglomération,Hors intersection,Pluie légère,Autre collision,,,,,,,,,,,3,1,1,2,6
200700070635,0007-11-30 18:16:00,7,11,30,18,16,870,85,SCHUMAN (BOULEVARD ROBER,,,Nuit avec éclairage allumé,En agglomération,Hors intersection,Pluie légère,Deux véhicules - arrière,,,,,,,,,,,5,2,1,2,2
200700070636,0007-11-10 17:20:00,7,11,10,17,20,880,160,"0, TILLEULS (ALL. DES)",,,Crépuscule ou aube,En agglomération,Intersection en X,Pluie légère,Deux véhicules - côté,,,,,,,,,,,2,2,2,2,3
200700070637,0007-11-15 11:40:00,7,11,15,11,40,880,209,"40, FONTENELLE (AV. DE L",,,Plein jour,En agglomération,Hors intersection,Pluie légère,Autre collision,,,,,,,,,,,1,2,1,2,6
200700070638,0007-11-16 13:20:00,7,11,16,13,20,880,160,"00, SAINT-MICHEL (RUE)",,,Plein jour,En agglomération,Hors intersection,Normale,Autre collision,,,,,,,,,,,1,2,1,1,6
200700070639,0007-11-21 07:40:00,7,11,21,7,40,880,160,"00, BLUM (AV. LEON)",,,Crépuscule ou aube,En agglomération,Intersection en X,Pluie légère,Deux véhicules - côté,,,,,,,,,,,2,2,2,2,3
200700070640,0007-11-30 07:55:00,7,11,30,7,55,880,160,"19, PROVENCE (AV. DE)",,,Crépuscule ou aube,En agglomération,Hors intersection,Pluie légère,Autre collision,,,,,,,,,,,2,2,1,2,6
200700070641,0007-11-30 17:20:00,7,11,30,17,20,880,160,"75, REMIREMONT (RUE DE)",,,Nuit avec éclairage allumé,En agglomération,Hors intersection,Pluie légère,Autre collision,,,,,,,,,,,5,2,1,2,6
200700070642,0007-11-06 18:55:00,7,11,6,18,55,880,160,"00, SEROT (Q. COLONEL-)",,,Crépuscule ou aube,En agglomération,Intersection en X,Normale,Autre collision,,,,,,,,,,,2,2,2,1,6
200700070643,0007-11-27 07:20:00,7,11,27,7,20,880,462,Route de Julienrupt,,,Crépuscule ou aube,Hors agglomération,Hors intersection,Temps couvert,Deux véhicules - frontale,,,,,,,,,,,2,1,1,8,1
200700070644,0007-11-12 05:35:00,7,11,12,5,35,880,519,"10, Ancienne Féculerie (",,,Nuit avec éclairage non allumé,Hors agglomération,Hors intersection,Normale,Autre collision,,,,,,,,,,,4,1,1,1,6
200700070645,0007-11-12 19:15:00,7,11,12,19,15,880,428,"311, Rue du Haut du Pin",,,Nuit avec éclairage allumé,En agglomération,Hors intersection,Temps couvert,Autre collision,,,,,,,,,,,5,2,1,8,6
200700070646,0007-11-27 19:40:00,7,11,27,19,40,880,428,"2729, Route de SAINT-DIE",,,Nuit sans éclairage public,En agglomération,Hors intersection,Normale,Autre collision,,,,,,,,,,,3,2,1,1,6
200700070647,0007-11-26 13:00:00,7,11,26,13,0,880,413,Rue SAINT CHARLES,,,Plein jour,En agglomération,Hors intersection,Normale,Autre collision,,,,,,,,,,,1,2,1,1,6
200700070648,0007-11-24 17:15:00,7,11,24,17,15,880,413,RUE DU 11 NOVEMBRE,,,Nuit avec éclairage allumé,En agglomération,Hors intersection,Normale,Autre collision,,,,,,,,,,,5,2,1,1,6
200700070649,0007-11-12 18:30:00,7,11,12,18,30,890,24,"00, EMILE LORIN (RUE)",,,Nuit avec éclairage non allumé,En agglomération,Place,Normale,Autre collision,,,,,,,,,,,4,2,7,1,6
200700070650,0007-11-13 18:30:00,7,11,13,18,30,890,24,"00, DENIS PAPIN (RUE)",,,Nuit avec éclairage allumé,En agglomération,Intersection en Y,Pluie légère,Autre collision,,,,,,,,,,,5,2,4,2,6
200700070651,0007-11-19 18:00:00,7,11,19,18,0,890,24,"00, R.N 77",,,Crépuscule ou aube,Hors agglomération,Hors intersection,Normale,Trois véhicules et plus - en chaîne,,,,,,,,,,,2,1,1,1,4
200700070652,0007-11-21 14:10:00,7,11,21,14,10,890,24,R.N.6,,,Plein jour,Hors agglomération,Hors intersection,Normale,Trois véhicules et plus - collisions multiples,,,,,,,,,,,1,1,1,1,5
200700070653,0007-11-28 18:00:00,7,11,28,18,0,890,24,"00, VOIE ROMAINE",,,Nuit sans éclairage public,Hors agglomération,Intersection en X,Normale,Deux véhicules - côté,,,,,,,,,,,3,1,2,1,3
200700070654,0007-11-21 10:30:00,7,11,21,10,30,890,24,"5, FOULON (ALLEE DU)",,,Plein jour,En agglomération,Autre intersection,Pluie légère,Autre collision,,,,,,,,,,,1,2,9,2,6
200700070655,0007-11-08 12:25:00,7,11,8,12,25,890,387,"8, GARIBALDI (BOULEVARD",,,Plein jour,En agglomération,Hors intersection,Temps couvert,Deux véhicules - arrière,,,,,,,,,,,1,2,1,8,2
200700070656,0007-11-18 15:30:00,7,11,18,15,30,890,287,"0, PORT (CHEMIN DU)",,,Plein jour,En agglomération,Hors intersection,Normale,Deux véhicules - côté,,,,,,,,,,,1,2,1,1,3
200700070657,0007-11-19 18:30:00,7,11,19,18,30,890,387,"0, MULETS (CHEMIN DES)",,,Nuit sans éclairage public,En agglomération,Hors intersection,Pluie légère,Deux véhicules - côté,,,,,,,,,,,3,2,1,2,3
200700070658,0007-11-20 13:50:00,7,11,20,13,50,890,387,"0, CHAMPS D'ALOUPS (RUE",,,Plein jour,En agglomération,Hors intersection,Pluie légère,Autre collision,,,,,,,,,,,1,2,1,2,6
200700070659,0007-11-29 07:45:00,7,11,29,7,45,890,387,"0, GENERAL LECLERC (RUE",,,Nuit avec éclairage allumé,En agglomération,Intersection en X,Pluie légère,Deux véhicules - côté,,,,,,,,,,,5,2,2,2,3
200700070660,0007-11-03 21:35:00,7,11,3,21,35,900,10,", AS DE CARREAU (RUE DE",,,Nuit avec éclairage allumé,En agglomération,Hors intersection,Normale,Autre collision,,,,,,,,,,,5,2,1,1,6
200700070661,0007-11-05 13:25:00,7,11,5,13,25,900,10,"34, CINQUIEME D.B. (RUE",,,Plein jour,En agglomération,Hors intersection,Normale,Autre collision,,,,,,,,,,,1,2,1,1,6
200700070662,0007-11-05 14:16:00,7,11,5,14,16,900,39,"12, VINEZ (RUE)",,,Plein jour,En agglomération,Hors intersection,Normale,Autre collision,,,,,,,,,,,1,2,1,1,6
200700070663,0007-11-06 08:55:00,7,11,6,8,55,900,10,"17, CROIX DU TILLEUL (RU",,,Plein jour,En agglomération,Intersection en X,Normale,Autre collision,,,,,,,,,,,1,2,2,1,6
200700070664,0007-11-06 09:40:00,7,11,6,9,40,900,76,"1, CD419",,,Plein jour,Hors agglomération,Hors intersection,Normale,Deux véhicules - frontale,,,,,,,,,,,1,1,1,1,1
200700070665,0007-11-06 10:15:00,7,11,6,10,15,900,10,"35, RICHELIEU (BOULEVARD",,,Plein jour,En agglomération,Hors intersection,Pluie légère,Autre collision,,,,,,,,,,,1,2,1,2,6
200700070666,0007-11-08 08:15:00,7,11,8,8,15,900,10,BAVILLIERS (RUE DE),,,Plein jour,En agglomération,Hors intersection,Pluie légère,Deux véhicules - côté,,,,,,,,,,,1,2,1,2,3
200700070667,0007-11-12 12:30:00,7,11,12,12,30,900,10,"1, JUIN (AVENUE DU MAREC",,,Plein jour,En agglomération,Intersection en T,Normale,Deux véhicules - côté,,,,,,,,,,,1,2,3,1,3
200700070668,0007-11-18 18:00:00,7,11,18,18,0,900,75,"69, BRIAND (RUE ARISTIDE",,,Nuit avec éclairage allumé,En agglomération,Hors intersection,Normale,Autre collision,,,,,,,,,,,5,2,1,1,6
200700070669,0007-11-20 21:45:00,7,11,20,21,45,900,10,"127, PREMIERE ARMEE FRAN",,,Nuit avec éclairage allumé,En agglomération,Intersection en X,Pluie légère,Deux véhicules - côté,,,,,,,,,,,5,2,2,2,3
200700070670,0007-11-21 15:03:00,7,11,21,15,3,900,76,"28, GRAND'RUE",,,Plein jour,En agglomération,Hors intersection,Pluie légère,Deux véhicules - arrière,,,,,,,,,,,1,2,1,2,2
200700070671,0007-11-22 14:49:00,7,11,22,14,49,900,10,"19, VAUBAN (QUAI)",,,Plein jour,En agglomération,Hors intersection,Pluie légère,Autre collision,,,,,,,,,,,1,2,1,2,6
200700070672,0007-11-23 08:26:00,7,11,23,8,26,900,10,"1, COLBERT (RUE)",,,Plein jour,En agglomération,Hors intersection,Pluie légère,Autre collision,,,,,,,,,,,1,2,1,2,6
200700070673,0007-11-23 14:50:00,7,11,23,14,50,900,10,"36, LEBLEU (RUE)",,,Plein jour,Hors agglomération,Hors intersection,Pluie légère,Deux véhicules - côté,,,,,,,,,,,1,1,1,2,3
200700070674,0007-11-24 15:00:00,7,11,24,15,0,900,10,"57, JAURES (AVENUE JEAN)",,,Plein jour,En agglomération,Hors intersection,Normale,Autre collision,,,,,,,,,,,1,2,1,1,6
200700070675,0007-11-27 18:35:00,7,11,27,18,35,900,10,CLEMENCEAU (BOULEVARD),,,Nuit avec éclairage allumé,En agglomération,Hors intersection,Normale,Deux véhicules - arrière,,,,,,,,,,,5,2,1,1,2
200700070676,0007-11-29 12:10:00,7,11,29,12,10,900,10,"1, CURIE (RUE PIERRE)",,,Plein jour,En agglomération,Intersection en X,Temps couvert,Deux véhicules - côté,,,,,,,,,,,1,2,2,8,3
200700070677,0007-11-29 12:50:00,7,11,29,12,50,900,10,"20, EST (RUE DE L')",,,Plein jour,En agglomération,Intersection en X,Temps couvert,Deux véhicules - côté,,,,,,,,,,,1,2,2,8,3
200700070678,0007-11-30 11:41:00,7,11,30,11,41,900,10,CASSIN (RUE),,,Plein jour,En agglomération,Intersection en X,Pluie légère,Deux véhicules - côté,,,,,,,,,,,1,2,2,2,3
200700070679,0007-11-30 14:00:00,7,11,30,14,0,900,10,"39, FERRETTE (RUE DE)",,,Plein jour,En agglomération,Intersection en T,Normale,Deux véhicules - côté,,,,,,,,,,,1,2,3,1,3
200700070680,0007-11-22 10:25:00,7,11,22,10,25,910,552,"117, RN 20",,,Plein jour,Hors agglomération,Hors intersection,Normale,Deux véhicules - côté,,,,,,,,,,,1,1,1,1,3
200700070681,0007-11-15 19:30:00,7,11,15,19,30,910,27,"0, MARIELLE (RUE)",,,Nuit avec éclairage allumé,En agglomération,Intersection en X,Normale,Autre collision,,,,,,,,,,,5,2,2,1,6
200700070682,0007-11-08 22:55:00,7,11,8,22,55,910,114,ROUTE NATIONALE 6,,,Nuit avec éclairage allumé,En agglomération,Intersection en X,Pluie légère,Deux véhicules - arrière,,,,,,,,,,,5,2,2,2,2
200700070683,0007-11-09 13:25:00,7,11,9,13,25,910,514,CD 33,,,Plein jour,Hors agglomération,Hors intersection,Vent fort / tempête,Deux véhicules - arrière,,,,,,,,,,,1,1,1,6,2
200700070684,0007-11-10 17:40:00,7,11,10,17,40,910,114,CHARLES DE GAULLE,,,Nuit avec éclairage allumé,En agglomération,Hors intersection,Normale,Autre collision,,,,,,,,,,,5,2,1,1,6
200700070685,0007-11-11 21:20:00,7,11,11,21,20,910,514,BUT-BRICORAMA-CENTRE AUT,,,Nuit sans éclairage public,En agglomération,Hors intersection,Normale,Autre collision,,,,,,,,,,,3,2,1,1,6
200700070686,0007-11-19 19:40:00,7,11,19,19,40,910,97,NEUENHAUS (COUR),,,Nuit avec éclairage allumé,En agglomération,Intersection en X,Pluie légère,Autre collision,,,,,,,,,,,5,2,2,2,6
200700070687,0007-11-21 21:05:00,7,11,21,21,5,910,114,GENERAL LECLERC (AVENUE,,,Nuit avec éclairage allumé,En agglomération,Intersection en X,Normale,Deux véhicules - arrière,,,,,,,,,,,5,2,2,1,2
200700070688,0007-11-27 13:45:00,7,11,27,13,45,910,114,PHILISBOURG (RUE),,,Plein jour,En agglomération,Hors intersection,Normale,Autre collision,,,,,,,,,,,1,2,1,1,6
200700070689,0007-11-28 20:00:00,7,11,28,20,0,910,114,QUINCY (RUE DE),,,Nuit avec éclairage allumé,En agglomération,Hors intersection,Normale,Autre collision,,,,,,,,,,,5,2,1,1,6
200700070690,0007-11-29 19:30:00,7,11,29,19,30,910,514,BOUSSY SAINT ANTOINE (RO,,,Nuit avec éclairage allumé,En agglomération,Hors intersection,Pluie forte,Autre collision,,,,,,,,,,,5,2,1,3,6
200700070691,0007-11-09 16:45:00,7,11,9,16,45,910,174,"19, PRESIDENT ALLENDE (R",,,Crépuscule ou aube,En agglomération,Hors intersection,Normale,Deux véhicules - côté,,,,,,,,,,,2,2,1,1,3
200700070692,0007-11-14 12:12:00,7,11,14,12,12,910,174,"0, JEAN JAURES (BOULEVAR",,,Plein jour,En agglomération,Hors intersection,Normale,Autre collision,,,,,,,,,,,1,2,1,1,6
200700070693,0007-11-16 21:00:00,7,11,16,21,0,910,174,"0, PARIS (RUE)",,,Nuit avec éclairage allumé,En agglomération,Intersection en X,Normale,Deux véhicules - côté,,,,,,,,,,,5,2,2,1,3
200700070694,0007-11-22 14:10:00,7,11,22,14,10,910,174,"93, JOHN KENNEDY (BOULEV",,,Plein jour,En agglomération,Hors intersection,Normale,Deux véhicules - côté,,,,,,,,,,,1,2,1,1,3
200700070695,0007-11-11 17:50:00,7,11,11,17,50,910,657,CONCORDE (AVENUE),,,Plein jour,En agglomération,Hors intersection,Normale,Autre collision,,,,,,,,,,,1,2,1,1,6
200700070696,0007-11-13 08:25:00,7,11,13,8,25,910,657,PAUL VAILLANT COUTURIER,,,Plein jour,En agglomération,Intersection en X,Normale,Trois véhicules et plus - collisions multiples,,,,,,,,,,,1,2,2,1,5
200700070697,0007-11-15 15:15:00,7,11,15,15,15,910,657,HENRI CHARON (AVENUE),,,Plein jour,En agglomération,Intersection en X,Normale,Deux véhicules - côté,,,,,,,,,,,1,2,2,1,3
200700070698,0007-11-21 00:35:00,7,11,21,0,35,910,657,HENRI CHARON (AVENUE),,,Nuit avec éclairage allumé,En agglomération,Giratoire,Normale,Deux véhicules - côté,,,,,,,,,,,5,2,6,1,3
200700070699,0007-11-22 16:25:00,7,11,22,16,25,910,657,HENRI BARBUSSE (AVENUE),,,Plein jour,En agglomération,Hors intersection,Normale,Deux véhicules - côté,,,,,,,,,,,1,2,1,1,3
200700070700,0007-11-13 04:20:00,7,11,13,4,20,910,223,RN 191,,,Nuit avec éclairage allumé,Hors agglomération,Giratoire,Normale,Sans collision,,,,,,,,,,,5,1,6,1,7
200700070701,0007-11-15 11:55:00,7,11,15,11,55,910,223,"3, SACLAS (RUE DE)",,,Plein jour,En agglomération,Intersection en X,Normale,Sans collision,,,,,,,,,,,1,2,2,1,7