accident_id,datetime,annee,mois,jour,heure,minute,departement,commune_insee,adresse,latitude,longitude,luminosite,agglomeration,intersection,meteo,collision,nb_vehicules,nb_usagers,nb_indemnes,nb_tues,nb_blesses_hosp,nb_blesses_legers,age_cond_1,age_cond_2,veh_type_cond_1,veh_type_cond_2,lum_code,agg_code,int_code,atm_code,col_code
200700070702,0007-11-19 06:35:00,7,11,19,6,35,910,223,R.N.20,,,Nuit avec éclairage allumé,Hors agglomération,Intersection en Y,Normale,Deux véhicules - arrière,,,,,,,,,,,5,1,4,1,2
200700070703,0007-11-20 14:40:00,7,11,20,14,40,910,433,"1, TILLEULS (RUE DES)",,,Plein jour,En agglomération,Hors intersection,Pluie légère,Sans collision,,,,,,,,,,,1,2,1,2,7
200700070704,0007-11-29 22:45:00,7,11,29,22,45,910,469,VAUVERT (ROUTE DE) CD49,,,Nuit sans éclairage public,Hors agglomération,Hors intersection,Temps couvert,Sans collision,,,,,,,,,,,3,1,1,8,7
200700070705,0007-11-02 18:05:00,7,11,2,18,5,910,521,"17, BONTE (RUE)",,,Nuit avec éclairage allumé,En agglomération,Hors intersection,Normale,Autre collision,,,,,,,,,,,5,2,1,1,6
200700070706,0007-11-11 15:18:00,7,11,11,15,18,910,521,"., REMY (RUE ALBERT)",,,Plein jour,En agglomération,Intersection en T,Pluie légère,Deux véhicules - arrière,,,,,,,,,,,1,2,3,2,2
200700070707,0007-11-13 08:15:00,7,11,13,8,15,910,228,"., MARECHAL JUIN (AVENUE",,,Plein jour,En agglomération,Hors intersection,Normale,Autre collision,,,,,,,,,,,1,2,1,1,6
200700070708,0007-11-14 08:55:00,7,11,14,8,55,910,182,"., MARQUIS DE RAIES (RUE",,,Plein jour,En agglomération,Hors intersection,Normale,Deux véhicules - arrière,,,,,,,,,,,1,2,1,1,2
200700070709,0007-11-22 11:30:00,7,11,22,11,30,910,521,"., LIBERATION (AVENUE DE",,,Plein jour,En agglomération,Giratoire,Normale,Deux véhicules - arrière,,,,,,,,,,,1,2,6,1,2
200700070710,0007-11-26 14:50:00,7,11,26,14,50,910,521,"., REMY (RUE ALBERT)",,,Plein jour,En agglomération,Intersection en X,Normale,Deux véhicules - arrière,,,,,,,,,,,1,2,2,1,2
200700070711,0007-11-20 13:27:00,7,11,20,13,27,910,434,"0, AIMEE ET MARIE GEOFFR",,,Plein jour,En agglomération,Autre intersection,Normale,Deux véhicules - côté,,,,,,,,,,,1,2,9,1,3
200700070712,0007-11-28 17:40:00,7,11,28,17,40,910,326,ALBERT SARRAULT (AVENUE),,,Plein jour,En agglomération,Hors intersection,Normale,Autre collision,,,,,,,,,,,1,2,1,1,6
200700070713,0007-11-15 08:40:00,7,11,15,8,40,910,377,VERSAILLES (RUE DE),,,Plein jour,En agglomération,Hors intersection,Normale,Deux véhicules - côté,,,,,,,,,,,1,2,1,1,3
200700070714,0007-11-04 03:50:00,7,11,4,3,50,910,691,RAYMOND POINCARE(RUE),,,Nuit avec éclairage allumé,En agglomération,Hors intersection,Normale,Autre collision,,,,,,,,,,,5,2,1,1,6
200700070715,0007-11-08 22:30:00,7,11,8,22,30,910,691,"0, RAYMOND POINCARE(RUE)",,,Nuit avec éclairage allumé,En agglomération,Hors intersection,Pluie forte,Deux véhicules - frontale,,,,,,,,,,,5,2,1,3,1
200700070716,0007-11-12 08:00:00,7,11,12,8,0,910,691,"56, VOLTAIRE(RUE)",,,Crépuscule ou aube,En agglomération,Hors intersection,Normale,Autre collision,,,,,,,,,,,2,2,1,1,6
200700070717,0007-11-12 13:15:00,7,11,12,13,15,910,421,NATIONALE 6 (GLACIERE),,,Plein jour,Hors agglomération,Hors intersection,Normale,Deux véhicules - arrière,,,,,,,,,,,1,1,1,1,2
200700070718,0007-11-22 12:00:00,7,11,22,12,0,910,421,"0, CORBEIL (ROUTE DE)",,,Plein jour,En agglomération,Intersection en T,Normale,Deux véhicules - côté,,,,,,,,,,,1,2,3,1,3
200700070719,0007-11-23 22:05:00,7,11,23,22,5,910,691,"83, GABRIEL PERI(RUE) DU",,,Nuit avec éclairage allumé,En agglomération,Hors intersection,Normale,Deux véhicules - côté,,,,,,,,,,,5,2,1,1,3
200700070720,0007-11-13 08:30:00,7,11,13,8,30,910,692,R.N 446,,,Plein jour,En agglomération,Giratoire,Normale,Deux véhicules - arrière,,,,,,,,,,,1,2,6,1,2
200700070721,0007-11-15 10:30:00,7,11,15,10,30,910,692,CD35,,,Plein jour,En agglomération,Giratoire,Normale,Deux véhicules - arrière,,,,,,,,,,,1,2,6,1,2
200700070722,0007-11-19 11:00:00,7,11,19,11,0,910,64,CD 117 (ROUTE DE JOUY),,,Plein jour,En agglomération,Intersection en T,Normale,Deux véhicules - arrière,,,,,,,,,,,1,2,3,1,2
200700070723,0007-11-21 13:00:00,7,11,21,13,0,910,692,"14, BERRY (AVENUE DU)",,,Plein jour,En agglomération,Hors intersection,Normale,Autre collision,,,,,,,,,,,1,2,1,1,6
200700070724,0007-11-22 08:30:00,7,11,22,8,30,910,477,"8, ALLIES (AVENUE DES)",,,Plein jour,En agglomération,Intersection en X,Normale,Deux véhicules - côté,,,,,,,,,,,1,2,2,1,3
200700070725,0007-11-24 01:05:00,7,11,24,1,5,910,471,"0, YVETTE (RUE DEL')",,,Nuit avec éclairage allumé,En agglomération,Hors intersection,Pluie légère,Autre collision,,,,,,,,,,,5,2,1,2,6
200700070726,0007-11-05 21:15:00,7,11,5,21,15,910,692,", ALSACE (AVENUE D')",,,Nuit avec éclairage allumé,En agglomération,Intersection en T,Normale,Deux véhicules - côté,,,,,,,,,,,5,2,3,1,3
200700070727,0007-11-13 12:40:00,7,11,13,12,40,910,645,"0, CLEMENT (RUE JEAN BAP",,,Plein jour,En agglomération,Intersection en X,Pluie légère,Deux véhicules - arrière,,,,,,,,,,,1,2,2,2,2
200700070728,0007-11-14 04:55:00,7,11,14,4,55,910,692,R.N 446,,,Nuit avec éclairage allumé,Hors agglomération,Giratoire,Pluie légère,Sans collision,,,,,,,,,,,5,1,6,2,7
200700070729,0007-11-17 15:10:00,7,11,17,15,10,910,312,"4, MARCEL CACHIN (BOULEV",,,Plein jour,En agglomération,Hors intersection,Normale,Deux véhicules - arrière,,,,,,,,,,,1,2,1,1,2
200700070730,0007-11-19 13:00:00,7,11,19,13,0,910,471,"bat 504, FAC D ORSAY",,,Plein jour,En agglomération,Hors intersection,Normale,Autre collision,,,,,,,,,,,1,2,1,1,6
200700070731,0007-11-20 17:50:00,7,11,20,17,50,910,64,MARTINIERE (RUE DE LA),,,Nuit avec éclairage allumé,En agglomération,Intersection en T,Normale,Deux véhicules - côté,,,,,,,,,,,5,2,3,1,3
200700070732,0007-11-05 22:30:00,7,11,5,22,30,910,216,"1, VILLIERS (CHEMIN DE)",,,Nuit sans éclairage public,En agglomération,Hors intersection,Normale,Sans collision,,,,,,,,,,,3,2,1,1,7
200700070733,0007-11-05 07:25:00,7,11,5,7,25,910,549,"1, ANTOINE ROCCA (RUE)",,,Nuit avec éclairage allumé,En agglomération,Hors intersection,Normale,Autre collision,,,,,,,,,,,5,2,1,1,6
200700070734,0007-11-19 13:25:00,7,11,19,13,25,910,549,JACQUES DUCLOS (AVENUE),,,Plein jour,En agglomération,Intersection en X,Normale,Deux véhicules - côté,,,,,,,,,,,1,2,2,1,3
200700070735,0007-11-28 08:10:00,7,11,28,8,10,910,216,"1, PETIT PARC (RUE)",,,Nuit avec éclairage allumé,Hors agglomération,Intersection en X,Brouillard / fumée,Deux véhicules - côté,,,,,,,,,,,5,1,2,5,3
200700070736,0007-11-29 12:45:00,7,11,29,12,45,910,216,PETIT VAUX (RUE),,,Plein jour,En agglomération,Intersection en T,Normale,Deux véhicules - côté,,,,,,,,,,,1,2,3,1,3
200700070737,0007-11-29 19:20:00,7,11,29,19,20,910,549,SAINT MICHEL (BOULEVARD),,,Plein jour,En agglomération,Hors intersection,Normale,Deux véhicules - côté,,,,,,,,,,,1,2,1,1,3
200700070738,0007-11-03 19:00:00,7,11,3,19,0,910,589,BRIAND (BOULEVARD ARISTI,,,Nuit avec éclairage allumé,En agglomération,Intersection en X,Normale,Deux véhicules - côté,,,,,,,,,,,5,2,2,1,3
200700070739,0007-11-08 10:20:00,7,11,8,10,20,920,14,BIEVRE (RUE DE LA),,,Plein jour,En agglomération,Intersection en X,Pluie légère,Deux véhicules - côté,,,,,,,,,,,1,2,2,2,3
200700070740,0007-11-14 08:00:00,7,11,14,8,0,920,2,VERDUN (RUE DE),,,Plein jour,En agglomération,Intersection en T,Temps couvert,Deux véhicules - côté,,,,,,,,,,,1,2,3,8,3
200700070741,0007-11-20 15:40:00,7,11,20,15,40,920,14,"105, GENERAL LECLERC (AV",,,Plein jour,En agglomération,Hors intersection,Pluie légère,Deux véhicules - arrière,,,,,,,,,,,1,2,1,2,2
200700070742,0007-11-22 08:30:00,7,11,22,8,30,920,2,DIVISION LECLERC (53 A 2,,,Plein jour,En agglomération,Intersection en X,Normale,Deux véhicules - côté,,,,,,,,,,,1,2,2,1,3
200700070743,0007-11-22 19:49:00,7,11,22,19,49,920,2,", THORAIN (VILLA)",,,Nuit avec éclairage allumé,En agglomération,Intersection en T,Normale,Autre collision,,,,,,,,,,,5,2,3,1,6
200700070744,0007-11-30 20:20:00,7,11,30,20,20,920,4,"61, DOCTEUR DERVAUX  ( Q",,,Nuit avec éclairage allumé,En agglomération,Intersection en Y,Pluie légère,Deux véhicules - arrière,,,,,,,,,,,5,2,4,2,2
200700070745,0007-11-05 18:25:00,7,11,5,18,25,920,4,"117, AULAGNIER ( QUAI )",,,Plein jour,En agglomération,Hors intersection,Normale,Deux véhicules - arrière,,,,,,,,,,,1,2,1,1,2
200700070746,0007-11-07 21:40:00,7,11,7,21,40,920,4,FAIDHERBE ( AVENUE ),,,Nuit avec éclairage allumé,En agglomération,Intersection en T,Normale,Deux véhicules - arrière,,,,,,,,,,,5,2,3,1,2
200700070747,0007-11-09 18:05:00,7,11,9,18,5,920,4,"NR, REDOUTE ( AVENUE DE",,,Nuit avec éclairage allumé,En agglomération,Intersection en X,Normale,Autre collision,,,,,,,,,,,5,2,2,1,6
200700070748,0007-11-12 17:55:00,7,11,12,17,55,920,9,"236, ARGENTEUIL ( AVENUE",,,Plein jour,En agglomération,Intersection en X,Normale,Autre collision,,,,,,,,,,,1,2,2,1,6
200700070749,0007-11-13 11:40:00,7,11,13,11,40,920,4,"106, EMILE ZOLA ( RUE )",,,Plein jour,En agglomération,Intersection en T,Normale,Autre collision,,,,,,,,,,,1,2,3,1,6
200700070750,0007-11-14 16:15:00,7,11,14,16,15,920,4,BAS ( RUE DES ),,,Plein jour,En agglomération,Hors intersection,Normale,Autre collision,,,,,,,,,,,1,2,1,1,6
200700070751,0007-11-15 13:25:00,7,11,15,13,25,920,9,"23, BOURGUIGNONS ( RUE 0",,,Plein jour,En agglomération,Intersection en X,Normale,Autre collision,,,,,,,,,,,1,2,2,1,6
200700070752,0007-11-16 10:30:00,7,11,16,10,30,920,4,"141, ARGENTEUIL AV D'",,,Plein jour,En agglomération,Hors intersection,Normale,Autre collision,,,,,,,,,,,1,2,1,1,6
200700070753,0007-11-17 19:45:00,7,11,17,19,45,920,9,ADOLPHE GUYOT ( RUE ),,,Nuit avec éclairage allumé,En agglomération,Intersection en X,Normale,Autre collision,,,,,,,,,,,5,2,2,1,6
200700070754,0007-11-20 09:45:00,7,11,20,9,45,920,4,"NR, VOLTAIRE ( BD )",,,Plein jour,En agglomération,Intersection en X,Normale,Deux véhicules - côté,,,,,,,,,,,1,2,2,1,3
200700070755,0007-11-21 17:18:00,7,11,21,17,18,920,4,"44, LEHOT (  RUE )",,,Plein jour,En agglomération,Intersection en X,Normale,Autre collision,,,,,,,,,,,1,2,2,1,6
200700070756,0007-11-22 08:10:00,7,11,22,8,10,920,4,"26, PIERRE BROSSOLETTE",,,Plein jour,En agglomération,Intersection en X,Normale,Deux véhicules - côté,,,,,,,,,,,1,2,2,1,3
200700070757,0007-11-26 14:30:00,7,11,26,14,30,920,4,"290, ARGENTEUIL N° 176 A",,,Plein jour,En agglomération,Hors intersection,Normale,Deux véhicules - côté,,,,,,,,,,,1,2,1,1,3
200700070758,0007-11-26 22:35:00,7,11,26,22,35,920,4,"NR, PONT DE CLICHY",,,Nuit avec éclairage allumé,En agglomération,Hors intersection,Normale,Autre collision,,,,,,,,,,,5,2,1,1,6
200700070759,0007-11-28 03:25:00,7,11,28,3,25,920,4,BAS ( RUE DES ),,,Nuit avec éclairage allumé,En agglomération,Hors intersection,Normale,Autre collision,,,,,,,,,,,5,2,1,1,6
200700070760,0007-11-29 11:15:00,7,11,29,11,15,920,4,"NR, NORMANDIE  ( RUE DE",,,Plein jour,En agglomération,Intersection en T,Normale,Autre collision,,,,,,,,,,,1,2,3,1,6
200700070761,0007-11-29 19:30:00,7,11,29,19,30,920,4,"117/119, AULAGNIER ( QUA",,,Nuit avec éclairage allumé,En agglomération,Hors intersection,Pluie légère,Autre collision,,,,,,,,,,,5,2,1,2,6
200700070762,0007-11-30 02:50:00,7,11,30,2,50,920,4,"NR, CHATEAU ( RUE DU )",,,Nuit avec éclairage allumé,En agglomération,Intersection en T,Normale,Autre collision,,,,,,,,,,,5,2,3,1,6
200700070763,0007-11-30 15:45:00,7,11,30,15,45,920,4,BAC ( RUE DU ),,,Plein jour,En agglomération,Intersection en T,Normale,Autre collision,,,,,,,,,,,1,2,3,1,6
200700070764,0007-11-04 12:55:00,7,11,4,12,55,920,7,PASTEUR (AVENUE LOUIS) N,,,Plein jour,En agglomération,Intersection en X,Normale,Trois véhicules et plus - collisions multiples,,,,,,,,,,,1,2,2,1,5
200700070765,0007-11-09 08:50:00,7,11,9,8,50,920,7,VAILLANT-COUTURIER (AVEN,,,Plein jour,En agglomération,Intersection en X,Normale,Deux véhicules - frontale,,,,,,,,,,,1,2,2,1,1
200700070766,0007-11-09 10:10:00,7,11,9,10,10,920,7,RAVERA (AVENUE HENRI) N°,,,Plein jour,En agglomération,Intersection en X,Pluie légère,Deux véhicules - arrière,,,,,,,,,,,1,2,2,2,2
200700070767,0007-11-13 16:20:00,7,11,13,16,20,920,7,TREIZE OCTOBRE (PLACE DU,,,Plein jour,En agglomération,Hors intersection,Normale,Autre collision,,,,,,,,,,,1,2,1,1,6
200700070768,0007-11-16 16:25:00,7,11,16,16,25,920,7,"31, BARBUSSE (AVENUE HEN",,,Plein jour,En agglomération,Hors intersection,Normale,Deux véhicules - côté,,,,,,,,,,,1,2,1,1,3
200700070769,0007-11-18 20:10:00,7,11,18,20,10,920,7,"15 bis, FORTIN (AVENUE J",,,Nuit avec éclairage allumé,En agglomération,Hors intersection,Pluie légère,Autre collision,,,,,,,,,,,5,2,1,2,6
200700070770,0007-11-19 10:30:00,7,11,19,10,30,920,7,"13, MARIN-NAUDIN (RUE JE",,,Plein jour,En agglomération,Intersection en T,Normale,Deux véhicules - côté,,,,,,,,,,,1,2,3,1,3
200700070771,0007-11-19 13:20:00,7,11,19,13,20,920,7,RAVERA (AVENUE HENRI) N°,,,Plein jour,En agglomération,Intersection en X,Normale,Deux véhicules - côté,,,,,,,,,,,1,2,2,1,3
200700070772,0007-11-20 10:55:00,7,11,20,10,55,920,7,CROIZAT (ROND-POINT AMBR,,,Plein jour,En agglomération,Giratoire,Pluie légère,Deux véhicules - côté,,,,,,,,,,,1,2,6,2,3
200700070773,0007-11-20 20:30:00,7,11,20,20,30,920,7,MEUNIERS (RUE DES),,,Nuit avec éclairage allumé,En agglomération,Intersection en T,Normale,Deux véhicules - côté,,,,,,,,,,,5,2,3,1,3
200700070774,0007-11-06 16:30:00,7,11,6,16,30,920,12,"64, PIERRE GRENIER (AVEN",,,Plein jour,En agglomération,Hors intersection,Normale,Deux véhicules - côté,,,,,,,,,,,1,2,1,1,3
200700070775,0007-11-12 10:35:00,7,11,12,10,35,920,12,"ANGLE, JEAN BAPTISTE CLE",,,Plein jour,En agglomération,Giratoire,Normale,Deux véhicules - côté,,,,,,,,,,,1,2,6,1,3
200700070776,0007-11-13 08:45:00,7,11,13,8,45,920,12,"86, DOME (RUE DU)",,,Plein jour,En agglomération,Hors intersection,Normale,Autre collision,,,,,,,,,,,1,2,1,1,6
200700070777,0007-11-16 19:25:00,7,11,16,19,25,920,12,"58, EDOUARD VAILLANT (AV",,,Crépuscule ou aube,En agglomération,Hors intersection,Normale,Deux véhicules - côté,,,,,,,,,,,2,2,1,1,3
200700070778,0007-11-16 21:00:00,7,11,16,21,0,920,12,"38, REINE (ROUTE DE LA)",,,Nuit avec éclairage allumé,En agglomération,Hors intersection,Normale,Autre collision,,,,,,,,,,,5,2,1,1,6
200700070779,0007-11-17 12:40:00,7,11,17,12,40,920,12,GALLIENI (RUE) 55/157 -,,,Plein jour,En agglomération,Hors intersection,Normale,Autre collision,,,,,,,,,,,1,2,1,1,6
200700070780,0007-11-19 15:10:00,7,11,19,15,10,920,12,"ANGLE, REINE (ROUTE DE L",,,Plein jour,En agglomération,Intersection en X,Normale,Deux véhicules - côté,,,,,,,,,,,1,2,2,1,3
200700070781,0007-11-17 19:37:00,7,11,17,19,37,920,12,"1, JEAN JAURES (BOULEVAR",,,Nuit avec éclairage allumé,En agglomération,Intersection en X,Normale,Autre collision,,,,,,,,,,,5,2,2,1,6
200700070782,0007-11-24 14:55:00,7,11,24,14,55,920,12,"24, ANDRE MORIZET (AVENU",,,Plein jour,En agglomération,Hors intersection,Normale,Autre collision,,,,,,,,,,,1,2,1,1,6
200700070783,0007-11-20 21:15:00,7,11,20,21,15,920,12,"1, ANNA JACQUIN (RUE)",,,Nuit avec éclairage allumé,En agglomération,Intersection en X,Pluie légère,Autre collision,,,,,,,,,,,5,2,2,2,6
200700070784,0007-11-20 06:20:00,7,11,20,6,20,920,12,"1, PONT DE SEVRES (SQUAR",,,Crépuscule ou aube,En agglomération,Hors intersection,Normale,Deux véhicules - arrière,,,,,,,,,,,2,2,1,1,2
200700070785,0007-11-28 09:20:00,7,11,28,9,20,920,12,"172, SILLY (RUE DE) 89/F",,,Plein jour,En agglomération,Hors intersection,Normale,Autre collision,,,,,,,,,,,1,2,1,1,6
200700070786,0007-11-29 07:45:00,7,11,29,7,45,920,12,"25, QUATRE SEPTEMBRE (QU",,,Plein jour,En agglomération,Hors intersection,Normale,Trois véhicules et plus - collisions multiples,,,,,,,,,,,1,2,1,1,5
200700070787,0007-11-29 19:00:00,7,11,29,19,0,920,12,"ANGLE, GALLIENI (RUE) 15",,,Crépuscule ou aube,En agglomération,Intersection en X,Autre,Autre collision,,,,,,,,,,,2,2,2,9,6
200700070788,0007-11-30 19:50:00,7,11,30,19,50,920,12,"17, GENERAL LECLERC (AVE",,,Nuit avec éclairage allumé,En agglomération,Hors intersection,Normale,Trois véhicules et plus - collisions multiples,,,,,,,,,,,5,2,1,1,5
200700070789,0007-11-02 11:15:00,7,11,2,11,15,920,19,SALENGRO ROGER (RUE),,,Plein jour,En agglomération,Intersection en X,Normale,Deux véhicules - côté,,,,,,,,,,,1,2,2,1,3
200700070790,0007-11-02 17:55:00,7,11,2,17,55,920,19,SALENGRO ROGER (RUE),,,Nuit avec éclairage non allumé,En agglomération,Intersection en T,Normale,Deux véhicules - côté,,,,,,,,,,,4,2,3,1,3
200700070791,0007-11-08 19:45:00,7,11,8,19,45,920,32,"109, PERI GABRIEL (RUE)",,,Nuit avec éclairage allumé,En agglomération,Hors intersection,Pluie légère,Autre collision,,,,,,,,,,,5,2,1,2,6
200700070792,0007-11-09 01:05:00,7,11,9,1,5,920,71,POINCARRE RAYMOND (RUE),,,Nuit avec éclairage allumé,En agglomération,Intersection en Y,Normale,Deux véhicules - côté,,,,,,,,,,,5,2,4,1,3
200700070793,0007-11-09 08:40:00,7,11,9,8,40,920,71,QUATRES CHEMINS (AVENUE,,,Plein jour,En agglomération,Intersection en X,Pluie légère,Deux véhicules - côté,,,,,,,,,,,1,2,2,2,3
200700070794,0007-11-09 09:45:00,7,11,9,9,45,920,19,"287, LECLERC DIVISION (A",,,Plein jour,En agglomération,Hors intersection,Pluie légère,Autre collision,,,,,,,,,,,1,2,1,2,6
200700070795,0007-11-16 09:00:00,7,11,16,9,0,920,71,"33, ROOSEVELT PRESIDENT",,,Plein jour,En agglomération,Hors intersection,Normale,Autre collision,,,,,,,,,,,1,2,1,1,6
200700070796,0007-11-20 22:40:00,7,11,20,22,40,920,32,"34, LEDRU ROLLIN (RUE)",,,Nuit avec éclairage allumé,En agglomération,Hors intersection,Pluie légère,Autre collision,,,,,,,,,,,5,2,1,2,6
200700070797,0007-11-21 08:15:00,7,11,21,8,15,920,32,MOULIN JEAN (AVENUE),,,Plein jour,En agglomération,Intersection en T,Pluie légère,Deux véhicules - côté,,,,,,,,,,,1,2,3,2,3
200700070798,0007-11-27 22:05:00,7,11,27,22,5,920,32,"26, MOULIN JEAN (AVENUE)",,,Nuit avec éclairage allumé,En agglomération,Hors intersection,Normale,Deux véhicules - frontale,,,,,,,,,,,5,2,1,1,1
200700070799,0007-11-14 19:30:00,7,11,14,19,30,920,23,LAZARE CARNOT (RUE),,,Nuit avec éclairage allumé,En agglomération,Hors intersection,Normale,Deux véhicules - arrière,,,,,,,,,,,5,2,1,1,2
200700070800,0007-11-02 12:45:00,7,11,2,12,45,920,23,"6, PRESIDENT ROOSEVELT (",,,Plein jour,En agglomération,Hors intersection,Normale,Trois véhicules et plus - collisions multiples,,,,,,,,,,,1,2,1,1,5
200700070801,0007-11-20 13:55:00,7,11,20,13,55,920,60,COTE SAINTE CATHERINE (C,,,Plein jour,En agglomération,Hors intersection,Pluie légère,Deux véhicules - frontale,,,,,,,,,,,1,2,1,2,1
200700070802,0007-11-21 07:00:00,7,11,21,7,0,920,23,ROISSIS (RUE DES),,,Crépuscule ou aube,En agglomération,Hors intersection,Pluie légère,Autre collision,,,,,,,,,,,2,2,1,2,6
200700070803,0007-11-21 17:38:00,7,11,21,17,38,920,23,PORTE DE TRIVAUX (RUE DE,,,Nuit avec éclairage allumé,En agglomération,Intersection en T,Normale,Deux véhicules - côté,,,,,,,,,,,5,2,3,1,3
200700070804,0007-11-21 10:00:00,7,11,21,10,0,920,23,MARGUERITE RENAUDIN (AV),,,Plein jour,En agglomération,Hors intersection,Normale,Sans collision,,,,,,,,,,,1,2,1,1,7
200700070805,0007-11-30 19:30:00,7,11,30,19,30,920,23,STENDHAL (AVENUE),,,Nuit avec éclairage allumé,En agglomération,Hors intersection,Normale,Deux véhicules - frontale,,,,,,,,,,,5,2,1,1,1
200700070806,0007-11-30 08:05:00,7,11,30,8,5,920,60,"79, ROBINSON (AVENUE DE)",,,Plein jour,En agglomération,Hors intersection,Normale,Autre collision,,,,,,,,,,,1,2,1,1,6
200700070807,0007-11-04 20:17:00,7,11,4,20,17,920,24,"21, VICTOR HUGO (BD)",,,Nuit avec éclairage allumé,En agglomération,Intersection en X,Normale,Deux véhicules - côté,,,,,,,,,,,5,2,2,1,3
200700070808,0007-11-01 12:35:00,7,11,1,12,35,920,24,DUMUR (IMPASSE),,,Plein jour,En agglomération,Intersection en T,Normale,Autre collision,,,,,,,,,,,1,2,3,1,6
200700070809,0007-11-03 11:15:00,7,11,3,11,15,920,24,"88, JEAN JAURES (BD) DE",,,Plein jour,En agglomération,Hors intersection,Temps couvert,Deux véhicules - arrière,,,,,,,,,,,1,2,1,8,2
200700070810,0007-11-08 07:30:00,7,11,8,7,30,920,24,GENNEVILLIERS (PONT DE),,,Crépuscule ou aube,En agglomération,Hors intersection,Normale,Deux véhicules - côté,,,,,,,,,,,2,2,1,1,3
200700070811,0007-11-09 15:15:00,7,11,9,15,15,920,24,JEAN JAURES (BD) DE 47 A,,,Plein jour,Hors agglomération,Intersection en T,Vent fort / tempête,Autre collision,,,,,,,,,,,1,1,3,6,6
200700070812,0007-11-09 18:40:00,7,11,9,18,40,920,24,VICTOR HUGO (BD),,,Nuit avec éclairage allumé,En agglomération,Hors intersection,Normale,Autre collision,,,,,,,,,,,5,2,1,1,6
200700070813,0007-11-13 17:55:00,7,11,13,17,55,920,24,HENRI BARBUSSE (RUE) DE,,,Nuit avec éclairage allumé,En agglomération,Intersection en X,Pluie légère,Autre collision,,,,,,,,,,,5,2,2,2,6
200700070814,0007-11-14 13:25:00,7,11,14,13,25,920,24,"14, JEAN JAURES (BD) DE",,,Plein jour,En agglomération,Hors intersection,Normale,Trois véhicules et plus - collisions multiples,,,,,,,,,,,1,2,1,1,5
200700070815,0007-11-19 12:30:00,7,11,19,12,30,920,24,GENERAL LECLERC (BD DU),,,Plein jour,En agglomération,Intersection en X,Temps couvert,Deux véhicules - côté,,,,,,,,,,,1,2,2,8,3
200700070816,0007-11-20 00:45:00,7,11,20,0,45,920,24,NEUILLY (RUE DE) DE (2 A,,,Nuit avec éclairage allumé,En agglomération,Intersection en X,Pluie légère,Autre collision,,,,,,,,,,,5,2,2,2,6
200700070817,0007-11-19 17:28:00,7,11,19,17,28,920,24,GENERAL LECLERC (BD DU),,,Nuit avec éclairage allumé,En agglomération,Intersection en X,Normale,Autre collision,,,,,,,,,,,5,2,2,1,6
200700070818,0007-11-24 10:35:00,7,11,24,10,35,920,24,CLICHY (QUAI DE) DE (104,,,Plein jour,En agglomération,Hors intersection,Normale,Autre collision,,,,,,,,,,,1,2,1,1,6
200700070819,0007-11-23 10:55:00,7,11,23,10,55,920,24,PORT (RUE DU),,,Plein jour,En agglomération,Intersection en X,Pluie légère,Autre collision,,,,,,,,,,,1,2,2,2,6
200700070820,0007-11-23 20:25:00,7,11,23,20,25,920,24,REPUBLIQUE (PLACE DE LA),,,Nuit avec éclairage allumé,En agglomération,Giratoire,Normale,Deux véhicules - côté,,,,,,,,,,,5,2,6,1,3
200700070821,0007-11-29 10:50:00,7,11,29,10,50,920,24,GABRIEL PERI (RUE),,,Plein jour,En agglomération,Hors intersection,Normale,Autre collision,,,,,,,,,,,1,2,1,1,6
200700070822,0007-11-22 07:00:00,7,11,22,7,0,920,24,JEAN JAURES (BD) DE (111,,,Crépuscule ou aube,En agglomération,Intersection en X,Normale,Autre collision,,,,,,,,,,,2,2,2,1,6
200700070823,0007-11-24 17:35:00,7,11,24,17,35,920,24,"18, SIMONNEAU (RUE)",,,Nuit avec éclairage allumé,En agglomération,Hors intersection,Normale,Autre collision,,,,,,,,,,,5,2,1,1,6
200700070824,0007-11-09 18:25:00,7,11,9,18,25,920,25,"9, GABRIEL PERI (RUE)",,,Nuit avec éclairage allumé,En agglomération,Hors intersection,Normale,Autre collision,,,,,,,,,,,5,2,1,1,6
200700070825,0007-11-21 14:45:00,7,11,21,14,45,920,25,MOSLARD (RUE),,,Plein jour,En agglomération,Intersection en X,Normale,Deux véhicules - côté,,,,,,,,,,,1,2,2,1,3
200700070826,0007-11-21 16:50:00,7,11,21,16,50,920,25,"26, AUDRA (AV)",,,Plein jour,En agglomération,Hors intersection,Normale,Deux véhicules - frontale,,,,,,,,,,,1,2,1,1,1
200700070827,0007-11-22 08:50:00,7,11,22,8,50,920,25,"12, GABRIEL PERI (RUE)",,,Plein jour,En agglomération,Hors intersection,Normale,Autre collision,,,,,,,,,,,1,2,1,1,6
200700070828,0007-11-24 14:30:00,7,11,24,14,30,920,25,AGENT SARRE (AV DE L'),,,Plein jour,En agglomération,Intersection en T,Normale,Deux véhicules - côté,,,,,,,,,,,1,2,3,1,3
200700070829,0007-11-25 13:00:00,7,11,25,13,0,920,25,"9, GABRIEL PERI (RUE)",,,Plein jour,En agglomération,Hors intersection,Normale,Autre collision,,,,,,,,,,,1,2,1,1,6
200700070830,0007-11-07 18:20:00,7,11,7,18,20,920,26,"272, SAINT DENIS BD (120",,,Nuit avec éclairage allumé,En agglomération,Intersection en T,Normale,Deux véhicules - côté,,,,,,,,,,,5,2,3,1,3
200700070831,0007-11-12 19:20:00,7,11,12,19,20,920,26,"10, VERDUN (DE 01 A 61)",,,Nuit avec éclairage allumé,En agglomération,Intersection en X,Normale,Autre collision,,,,,,,,,,,5,2,2,1,6