accident_id,datetime,annee,mois,jour,heure,minute,departement,commune_insee,adresse,latitude,longitude,luminosite,agglomeration,intersection,meteo,collision,nb_vehicules,nb_usagers,nb_indemnes,nb_tues,nb_blesses_hosp,nb_blesses_legers,age_cond_1,age_cond_2,veh_type_cond_1,veh_type_cond_2,lum_code,agg_code,int_code,atm_code,col_code
200700070961,0007-11-09 05:58:00,7,11,9,5,58,930,1,JEAN JAURES  (AVE)  157,,,Nuit avec éclairage allumé,En agglomération,Intersection en X,Pluie légère,Deux véhicules - frontale,,,,,,,,,,,5,2,2,2,1
200700070962,0007-11-09 12:30:00,7,11,9,12,30,930,1,", DANIELLE CASANOVA (RUE",,,Plein jour,En agglomération,Intersection en X,Normale,Autre collision,,,,,,,,,,,1,2,2,1,6
200700070963,0007-11-09 15:35:00,7,11,9,15,35,930,1,"140, LEOPOLD RECHOSSIERE",,,Plein jour,En agglomération,Intersection en X,Normale,Sans collision,,,,,,,,,,,1,2,2,1,7
200700070964,0007-11-13 13:10:00,7,11,13,13,10,930,1,ADRIEN AGNES (QUAI),,,Plein jour,En agglomération,Hors intersection,Temps couvert,Autre collision,,,,,,,,,,,1,2,1,8,6
200700070965,0007-11-13 22:45:00,7,11,13,22,45,930,1,JEAN JAURES  (AVE)  157,,,Nuit avec éclairage allumé,En agglomération,Hors intersection,Pluie légère,Trois véhicules et plus - collisions multiples,,,,,,,,,,,5,2,1,2,5
200700070966,0007-11-14 09:20:00,7,11,14,9,20,930,1,"155, JEAN JAURES  (AVE)",,,Plein jour,En agglomération,Intersection en T,Normale,Deux véhicules - côté,,,,,,,,,,,1,2,3,1,3
200700070967,0007-11-15 11:35:00,7,11,15,11,35,930,1,"128, VICTOR HUGO (AVE)",,,Plein jour,En agglomération,Intersection en X,Normale,Deux véhicules - arrière,,,,,,,,,,,1,2,2,1,2
200700070968,0007-11-16 20:25:00,7,11,16,20,25,930,1,ADRIEN AGNES (QUAI),,,Nuit avec éclairage allumé,En agglomération,Hors intersection,Normale,Deux véhicules - arrière,,,,,,,,,,,5,2,1,1,2
200700070969,0007-11-17 18:30:00,7,11,17,18,30,930,1,REPUBLIQUE (AVE DE LA ),,,Nuit avec éclairage allumé,En agglomération,Hors intersection,Normale,Autre collision,,,,,,,,,,,5,2,1,1,6
200700070970,0007-11-18 12:10:00,7,11,18,12,10,930,1,ELYSEE RECLUS (RUE),,,Plein jour,En agglomération,Intersection en T,Normale,Deux véhicules - côté,,,,,,,,,,,1,2,3,1,3
200700070971,0007-11-21 13:40:00,7,11,21,13,40,930,1,"108, HAIE COQ (RUE DE LA",,,Plein jour,En agglomération,Intersection en T,Normale,Deux véhicules - côté,,,,,,,,,,,1,2,3,1,3
200700070972,0007-11-22 18:05:00,7,11,22,18,5,930,1,"101, REPUBLIQUE (AVE DE",,,Nuit avec éclairage allumé,En agglomération,Intersection en T,Normale,Autre collision,,,,,,,,,,,5,2,3,1,6
200700070973,0007-11-23 09:35:00,7,11,23,9,35,930,1,"40, HEMET (RUE) (PAIR)",,,Plein jour,En agglomération,Hors intersection,Normale,Autre collision,,,,,,,,,,,1,2,1,1,6
200700070974,0007-11-24 07:05:00,7,11,24,7,5,930,1,"199, JEAN JAURES  (AVE)",,,Nuit avec éclairage allumé,En agglomération,Hors intersection,Temps couvert,Autre collision,,,,,,,,,,,5,2,1,8,6
200700070975,0007-11-24 13:35:00,7,11,24,13,35,930,1,PRESLES (RUE DE),,,Plein jour,En agglomération,Intersection en X,Normale,Deux véhicules - côté,,,,,,,,,,,1,2,2,1,3
200700070976,0007-11-25 14:35:00,7,11,25,14,35,930,1,"111, REPUBLIQUE (AVE DE",,,Plein jour,En agglomération,Hors intersection,Normale,Autre collision,,,,,,,,,,,1,2,1,1,6
200700070977,0007-11-26 16:15:00,7,11,26,16,15,930,1,"07, HENRI BARBUSSE (RUE)",,,Plein jour,En agglomération,Hors intersection,Normale,Autre collision,,,,,,,,,,,1,2,1,1,6
200700070978,0007-11-28 15:50:00,7,11,28,15,50,930,1,DANIELLE CASANOVA (RUE),,,Plein jour,En agglomération,Intersection en X,Normale,Autre collision,,,,,,,,,,,1,2,2,1,6
200700070979,0007-11-28 20:35:00,7,11,28,20,35,930,1,VICTOR HUGO (AVE)  N° 16,,,Nuit avec éclairage allumé,En agglomération,Hors intersection,Normale,Deux véhicules - côté,,,,,,,,,,,5,2,1,1,3
200700070980,0007-11-02 13:25:00,7,11,2,13,25,930,5,"219, CHANZY (RUE DE)",,,Plein jour,En agglomération,Intersection en X,Temps couvert,Deux véhicules - côté,,,,,,,,,,,1,2,2,8,3
200700070981,0007-11-03 19:40:00,7,11,3,19,40,930,5,"3, PAUL CEZANNE (RUE)",,,Nuit avec éclairage allumé,En agglomération,Intersection en X,Normale,Deux véhicules - côté,,,,,,,,,,,5,2,2,1,3
200700070982,0007-11-10 10:30:00,7,11,10,10,30,930,5,"10, GENERAL GALLIENI (BO",,,Plein jour,En agglomération,Hors intersection,Pluie légère,Autre collision,,,,,,,,,,,1,2,1,2,6
200700070983,0007-11-10 17:25:00,7,11,10,17,25,930,5,", EUROPE (CARREFOUR DE L",,,Plein jour,En agglomération,Giratoire,Normale,Deux véhicules - arrière,,,,,,,,,,,1,2,6,1,2
200700070984,0007-11-12 19:20:00,7,11,12,19,20,930,5,GARONOR,,,Nuit sans éclairage public,Hors agglomération,Hors intersection,Normale,Deux véhicules - côté,,,,,,,,,,,3,1,1,1,3
200700070985,0007-11-21 12:40:00,7,11,21,12,40,930,5,", SAUSSET (RUE DU)",,,Plein jour,En agglomération,Hors intersection,Normale,Deux véhicules - côté,,,,,,,,,,,1,2,1,1,3
200700070986,0007-11-22 17:20:00,7,11,22,17,20,930,5,"52, JULES VALLES (RUE)",,,Crépuscule ou aube,En agglomération,Hors intersection,Normale,Autre collision,,,,,,,,,,,2,2,1,1,6
200700070987,0007-11-27 12:50:00,7,11,27,12,50,930,5,CAMILLE PELLETAN (RUE),,,Plein jour,En agglomération,Intersection en Y,Normale,Autre collision,,,,,,,,,,,1,2,4,1,6
200700070988,0007-11-28 06:40:00,7,11,28,6,40,930,5,RAOUL DUFY (AVENUE),,,Nuit avec éclairage allumé,Hors agglomération,Hors intersection,Normale,Deux véhicules - côté,,,,,,,,,,,5,1,1,1,3
200700070989,0007-11-05 09:25:00,7,11,5,9,25,930,7,"2, PROFESSEUR LANGEVIN (",,,Plein jour,En agglomération,Intersection en X,Normale,Deux véhicules - côté,,,,,,,,,,,1,2,2,1,3
200700070990,0007-11-14 20:00:00,7,11,14,20,0,930,7,"18, DIVISION LECLERC (AV",,,Nuit avec éclairage allumé,En agglomération,Hors intersection,Normale,Autre collision,,,,,,,,,,,5,2,1,1,6
200700070991,0007-11-16 17:20:00,7,11,16,17,20,930,7,"""PAUL VAILLANT COUTURIER",,,Crépuscule ou aube,En agglomération,Hors intersection,Autre,Autre collision,,,,,,,,,,,2,2,1,9,6
200700070992,0007-11-22 16:20:00,7,11,22,16,20,930,7,", ""DESCARTES (AVENUE """"D",,,Plein jour,En agglomération,Hors intersection,Normale,Autre collision,,,,,,,,,,,1,2,1,1,6
200700070993,0007-11-22 20:20:00,7,11,22,20,20,930,7,ARISTIDE BRIAND (AVENUE,,,Nuit avec éclairage allumé,En agglomération,Intersection en T,Normale,Deux véhicules - côté,,,,,,,,,,,5,2,3,1,3
200700070994,0007-11-24 15:10:00,7,11,24,15,10,930,7,"""PIERRE SEMARD (RUE """"CO",,,Plein jour,En agglomération,Hors intersection,Normale,Autre collision,,,,,,,,,,,1,2,1,1,6
200700070995,0007-11-27 08:55:00,7,11,27,8,55,930,7,DOCTEUR CALMETTE (RUE DU,,,Plein jour,En agglomération,Hors intersection,Normale,Autre collision,,,,,,,,,,,1,2,1,1,6
200700070996,0007-11-05 14:40:00,7,11,5,14,40,930,8,ARAGON (AVENUE LOUIS),,,Plein jour,En agglomération,Giratoire,Normale,Deux véhicules - côté,,,,,,,,,,,1,2,6,1,3
200700070997,0007-11-13 12:05:00,7,11,13,12,5,930,8,SEMARD (RUE PIERRE),,,Plein jour,En agglomération,Intersection en T,Normale,Autre collision,,,,,,,,,,,1,2,3,1,6
200700070998,0007-11-16 07:15:00,7,11,16,7,15,930,8,PLACE SAINT JUSTE,,,Plein jour,En agglomération,Place,Autre,Deux véhicules - côté,,,,,,,,,,,1,2,7,9,3
200700070999,0007-11-18 07:45:00,7,11,18,7,45,930,8,"85, VAILLANT (AVENUE EDO",,,Crépuscule ou aube,En agglomération,Hors intersection,Normale,Autre collision,,,,,,,,,,,2,2,1,1,6
200700071000,0007-11-20 10:00:00,7,11,20,10,0,930,8,GAGARINE (AVENUE YOURI),,,Plein jour,En agglomération,Intersection en X,Pluie légère,Deux véhicules - côté,,,,,,,,,,,1,2,2,2,3
200700071001,0007-11-20 18:30:00,7,11,20,18,30,930,8,BARBUSSE (AVENUE HENRI),,,Nuit avec éclairage allumé,En agglomération,Hors intersection,Autre,Trois véhicules et plus - en chaîne,,,,,,,,,,,5,2,1,9,4
200700071002,0007-11-23 17:30:00,7,11,23,17,30,930,8,NATIONS UNIES (PLACE DES,,,Nuit sans éclairage public,En agglomération,Hors intersection,Normale,Autre collision,,,,,,,,,,,3,2,1,1,6
200700071003,0007-11-07 18:25:00,7,11,7,18,25,930,57,"ignore, HUGO (AV. VICTOR",,,Nuit avec éclairage allumé,En agglomération,Intersection en X,Normale,Autre collision,,,,,,,,,,,5,2,2,1,6
200700071004,0007-11-07 18:05:00,7,11,7,18,5,930,10,"ignore, QUATORZE-JUILLET",,,Plein jour,En agglomération,Hors intersection,Normale,Deux véhicules - côté,,,,,,,,,,,1,2,1,1,3
200700071005,0007-11-01 15:15:00,7,11,1,15,15,930,10,"ignore, GALLIENI (AV.) D",,,Plein jour,En agglomération,Hors intersection,Normale,Trois véhicules et plus - collisions multiples,,,,,,,,,,,1,2,1,1,5
200700071006,0007-11-13 08:15:00,7,11,13,8,15,930,10,"IGNORE, GALLIENI (AV.) C",,,Plein jour,En agglomération,Intersection en X,Normale,Deux véhicules - côté,,,,,,,,,,,1,2,2,1,3
200700071007,0007-11-16 08:50:00,7,11,16,8,50,930,10,"ign, GALLIENI (AV.) DE 2",,,Plein jour,En agglomération,Hors intersection,Autre,Deux véhicules - côté,,,,,,,,,,,1,2,1,9,3
200700071008,0007-11-19 14:15:00,7,11,19,14,15,930,57,"4, HUGO (AV. VICTOR)",,,Plein jour,En agglomération,Hors intersection,Normale,Autre collision,,,,,,,,,,,1,2,1,1,6
200700071009,0007-11-21 17:00:00,7,11,21,17,0,930,10,"ignore, VILLEMOMBLE (RTE",,,Plein jour,En agglomération,Hors intersection,Normale,Autre collision,,,,,,,,,,,1,2,1,1,6
200700071010,0007-11-26 16:50:00,7,11,26,16,50,930,10,"ignore, DASSAULT (RUE MA",,,Nuit avec éclairage allumé,En agglomération,Hors intersection,Normale,Deux véhicules - frontale,,,,,,,,,,,5,2,1,1,1
200700071011,0007-11-28 18:30:00,7,11,28,18,30,930,57,"184, BRIAND ( AV. ARISTI",,,Nuit avec éclairage allumé,En agglomération,Hors intersection,Normale,Deux véhicules - arrière,,,,,,,,,,,5,2,1,1,2
200700071012,0007-11-06 19:40:00,7,11,6,19,40,930,13,"100, LECLERC (AVENU DE L",,,Nuit sans éclairage public,Hors agglomération,Hors intersection,Normale,Deux véhicules - arrière,,,,,,,,,,,3,1,1,1,2
200700071013,0007-11-03 22:00:00,7,11,3,22,0,930,13,LINDBERGH (CARREFOUR),,,Nuit avec éclairage allumé,En agglomération,Giratoire,Normale,Deux véhicules - arrière,,,,,,,,,,,5,2,6,1,2
200700071014,0007-11-07 08:10:00,7,11,7,8,10,930,27,QUINET (RUE EDGAR),,,Plein jour,En agglomération,Intersection en T,Normale,Deux véhicules - côté,,,,,,,,,,,1,2,3,1,3
200700071015,0007-11-17 19:30:00,7,11,17,19,30,930,27,VAILLANT-COUTURIER (AVEN,,,Nuit avec éclairage allumé,En agglomération,Intersection en X,Normale,Deux véhicules - frontale,,,,,,,,,,,5,2,2,1,1
200700071016,0007-11-25 22:00:00,7,11,25,22,0,930,27,"68, VAILLANT-COUTURIER (",,,Nuit avec éclairage allumé,En agglomération,Intersection en X,Normale,Deux véhicules - côté,,,,,,,,,,,5,2,2,1,3
200700071017,0007-11-30 12:10:00,7,11,30,12,10,930,13,"25, JAURES (AVENUE JEAN)",,,Plein jour,En agglomération,Hors intersection,Pluie légère,Autre collision,,,,,,,,,,,1,2,1,2,6
200700071018,0007-11-29 12:45:00,7,11,29,12,45,930,27,"18, MICHELET (AVENUE)",,,Plein jour,En agglomération,Hors intersection,Pluie légère,Autre collision,,,,,,,,,,,1,2,1,2,6
200700071019,0007-11-06 14:15:00,7,11,6,14,15,930,29,SAINT-STENAY,,,Plein jour,En agglomération,Place,Normale,Deux véhicules - côté,,,,,,,,,,,1,2,7,1,3
200700071020,0007-11-23 14:00:00,7,11,23,14,0,930,29,"94, HENRI BARBUSSE (AVE)",,,Plein jour,En agglomération,Hors intersection,Normale,Autre collision,,,,,,,,,,,1,2,1,1,6
200700071021,0007-11-03 12:20:00,7,11,3,12,20,930,79,"0, SAINT LEU (ROUTE)",,,Plein jour,En agglomération,Hors intersection,Normale,Deux véhicules - côté,,,,,,,,,,,1,2,1,1,3
200700071022,0007-11-05 15:20:00,7,11,5,15,20,930,79,"189, DIVISION LECLERC (A",,,Plein jour,En agglomération,Hors intersection,Normale,Autre collision,,,,,,,,,,,1,2,1,1,6
200700071023,0007-11-07 08:55:00,7,11,7,8,55,930,79,"24, SAINT LEU (ROUTE)",,,Plein jour,En agglomération,Intersection en T,Normale,Deux véhicules - côté,,,,,,,,,,,1,2,3,1,3
200700071024,0007-11-14 07:55:00,7,11,14,7,55,930,31,"0, REPUBLIQUE (AVENUE)",,,Plein jour,En agglomération,Hors intersection,Pluie légère,Trois véhicules et plus - en chaîne,,,,,,,,,,,1,2,1,2,4
200700071025,0007-11-16 06:50:00,7,11,16,6,50,930,31,"135, REPUBLIQUE (AVENUE)",,,Crépuscule ou aube,En agglomération,Hors intersection,Normale,Autre collision,,,,,,,,,,,2,2,1,1,6
200700071026,0007-11-16 15:10:00,7,11,16,15,10,930,31,"042, REPUBLIQUE (AVENUE)",,,Plein jour,En agglomération,Hors intersection,Normale,Deux véhicules - arrière,,,,,,,,,,,1,2,1,1,2
200700071027,0007-11-28 08:55:00,7,11,28,8,55,930,31,"1, DE LATTRE DE TASSIGNY",,,Plein jour,En agglomération,Hors intersection,Normale,Trois véhicules et plus - collisions multiples,,,,,,,,,,,1,2,1,1,5
200700071028,0007-11-29 13:30:00,7,11,29,13,30,930,79,"0, JEAN BAPTISTE CLEMENT",,,Plein jour,En agglomération,Intersection en T,Temps couvert,Deux véhicules - côté,,,,,,,,,,,1,2,3,8,3
200700071029,0007-11-01 13:40:00,7,11,1,13,40,930,47,"53, COUBRON",,,Plein jour,En agglomération,Intersection en X,Normale,Deux véhicules - frontale,,,,,,,,,,,1,2,2,1,1
200700071030,0007-11-02 18:50:00,7,11,2,18,50,930,32,MONTFERMEIL   (ALLEE DE),,,Crépuscule ou aube,En agglomération,Intersection en X,Normale,Deux véhicules - côté,,,,,,,,,,,2,2,2,1,3
200700071031,0007-11-07 15:30:00,7,11,7,15,30,930,47,CLICHY (AVENUE DE),,,Plein jour,En agglomération,Hors intersection,Temps couvert,Autre collision,,,,,,,,,,,1,2,1,8,6
200700071032,0007-11-11 11:20:00,7,11,11,11,20,930,47,"34, GENERAL DE GAULLE (R",,,Plein jour,En agglomération,Intersection en X,Normale,Deux véhicules - côté,,,,,,,,,,,1,2,2,1,3
200700071033,0007-11-15 07:45:00,7,11,15,7,45,930,32,SAINT GERMAIN  (RUE),,,Crépuscule ou aube,En agglomération,Hors intersection,Temps couvert,Deux véhicules - côté,,,,,,,,,,,2,2,1,8,3
200700071034,0007-11-19 12:00:00,7,11,19,12,0,930,47,"173, JEAN JAURES (AVENUE",,,Plein jour,En agglomération,Intersection en T,Normale,Autre collision,,,,,,,,,,,1,2,3,1,6
200700071035,0007-11-21 09:50:00,7,11,21,9,50,930,47,PERVENCHES (AVENUE DES),,,Plein jour,En agglomération,Intersection en X,Normale,Deux véhicules - côté,,,,,,,,,,,1,2,2,1,3
200700071036,0007-11-19 20:30:00,7,11,19,20,30,930,47,"000, PECHES  (AVENUE DES",,,Nuit sans éclairage public,En agglomération,Intersection en T,Normale,Deux véhicules - côté,,,,,,,,,,,3,2,3,1,3
200700071037,0007-11-26 07:20:00,7,11,26,7,20,930,47,"95 bis, HARDY  (BOULEVAR",,,Crépuscule ou aube,En agglomération,Hors intersection,Normale,Deux véhicules - côté,,,,,,,,,,,2,2,1,1,3
200700071038,0007-11-26 12:10:00,7,11,26,12,10,930,32,DHUYS   (ALLEE DE LA),,,Plein jour,En agglomération,Hors intersection,Normale,Autre collision,,,,,,,,,,,1,2,1,1,6
200700071039,0007-11-28 12:30:00,7,11,28,12,30,930,32,", HENRI BARBUSSE   (AVEN",,,Plein jour,En agglomération,Intersection en T,Autre,Autre collision,,,,,,,,,,,1,2,3,9,6
200700071040,0007-11-01 04:35:00,7,11,1,4,35,930,63,VERDUN AVENUE DE,,,Nuit avec éclairage allumé,En agglomération,Hors intersection,Normale,Autre collision,,,,,,,,,,,5,2,1,1,6
200700071041,0007-11-05 13:00:00,7,11,5,13,0,930,63,BENFLEET RUE DE,,,Plein jour,En agglomération,Intersection en X,Normale,Autre collision,,,,,,,,,,,1,2,2,1,6
200700071042,0007-11-09 10:20:00,7,11,9,10,20,930,6,"01, LOLIVE JEAN RUE",,,Plein jour,En agglomération,Intersection en T,Normale,Autre collision,,,,,,,,,,,1,2,3,1,6
200700071043,0007-11-09 14:10:00,7,11,9,14,10,930,63,"5, CALMETTE RUE DU DOCTE",,,Plein jour,En agglomération,Hors intersection,Normale,Sans collision,,,,,,,,,,,1,2,1,1,7
200700071044,0007-11-09 16:10:00,7,11,9,16,10,930,45,LIBERTE BD DE LA,,,Plein jour,En agglomération,Hors intersection,Normale,Deux véhicules - côté,,,,,,,,,,,1,2,1,1,3
200700071045,0007-11-09 21:10:00,7,11,9,21,10,930,45,"2, LIBERTE BD DE LA",,,Nuit avec éclairage allumé,En agglomération,Hors intersection,Normale,Deux véhicules - côté,,,,,,,,,,,5,2,1,1,3
200700071046,0007-11-12 15:50:00,7,11,12,15,50,930,6,PANTIN RUE DE,,,Plein jour,En agglomération,Intersection en X,Normale,Deux véhicules - côté,,,,,,,,,,,1,2,2,1,3
200700071047,0007-11-13 00:25:00,7,11,13,0,25,930,6,GAMBETTA AV.,,,Nuit avec éclairage allumé,En agglomération,Intersection en T,Normale,Deux véhicules - côté,,,,,,,,,,,5,2,3,1,3
200700071048,0007-11-13 19:25:00,7,11,13,19,25,930,6,PASTEUR AV.,,,Nuit avec éclairage allumé,En agglomération,Intersection en X,Pluie légère,Deux véhicules - côté,,,,,,,,,,,5,2,2,2,3
200700071049,0007-11-14 09:30:00,7,11,14,9,30,930,45,"168, PARIS RUE DE",,,Plein jour,En agglomération,Passage à niveau,Normale,Autre collision,,,,,,,,,,,1,2,8,1,6
200700071050,0007-11-22 07:00:00,7,11,22,7,0,930,61,"73, FAIDHERBE AVENUE",,,Nuit avec éclairage allumé,En agglomération,Hors intersection,Normale,Autre collision,,,,,,,,,,,5,2,1,1,6
200700071051,0007-11-22 17:40:00,7,11,22,17,40,930,45,"neant, JUIN AVENUE DU MA",,,Plein jour,En agglomération,Hors intersection,Normale,Autre collision,,,,,,,,,,,1,2,1,1,6
200700071052,0007-11-26 17:45:00,7,11,26,17,45,930,6,"neant, DHUYS AV DE LA",,,Crépuscule ou aube,En agglomération,Intersection en T,Normale,Autre collision,,,,,,,,,,,2,2,3,1,6
200700071053,0007-11-28 19:05:00,7,11,28,19,5,930,6,"49, STALINGRAD AV.",,,Nuit avec éclairage allumé,En agglomération,Hors intersection,Normale,Autre collision,,,,,,,,,,,5,2,1,1,6
200700071054,0007-11-02 18:45:00,7,11,2,18,45,930,46,"108, JEAN JAURES BOULEVA",,,Nuit avec éclairage allumé,En agglomération,Intersection à plus de 4 branches,Normale,Deux véhicules - frontale,,,,,,,,,,,5,2,5,1,1
200700071055,0007-11-09 16:20:00,7,11,9,16,20,930,46,"2, MARECHAL LECLERC AVEN",,,Plein jour,En agglomération,Hors intersection,Normale,Autre collision,,,,,,,,,,,1,2,1,1,6
200700071056,0007-11-11 14:35:00,7,11,11,14,35,930,74,MEAUX RUE DE,,,Plein jour,En agglomération,Intersection en T,Temps couvert,Trois véhicules et plus - collisions multiples,,,,,,,,,,,1,2,3,8,5
200700071057,0007-11-14 16:30:00,7,11,14,16,30,930,46,EUROPE BOULEVARD DE L',,,Plein jour,En agglomération,Giratoire,Normale,Deux véhicules - côté,,,,,,,,,,,1,2,6,1,3
200700071058,0007-11-15 06:05:00,7,11,15,6,5,930,74,RN 3,,,Nuit sans éclairage public,Hors agglomération,Hors intersection,Normale,Deux véhicules - côté,,,,,,,,,,,3,1,1,1,3
200700071059,0007-11-15 08:20:00,7,11,15,8,20,930,46,"120, LIEGEARD AVENUE",,,Plein jour,En agglomération,Hors intersection,Normale,Autre collision,,,,,,,,,,,1,2,1,1,6
200700071060,0007-11-17 20:55:00,7,11,17,20,55,930,46,PAUL BERT AVENUE,,,Nuit avec éclairage allumé,En agglomération,Giratoire,Normale,Deux véhicules - côté,,,,,,,,,,,5,2,6,1,3
200700071061,0007-11-19 19:00:00,7,11,19,19,0,930,46,"5, CONSUL GENERAL NORDLI",,,Nuit avec éclairage allumé,En agglomération,Hors intersection,Pluie légère,Deux véhicules - arrière,,,,,,,,,,,5,2,1,2,2
200700071062,0007-11-21 17:30:00,7,11,21,17,30,930,46,"61, ROBERT SCHUMANN BOUL",,,Nuit avec éclairage allumé,En agglomération,Hors intersection,Normale,Autre collision,,,,,,,,,,,5,2,1,1,6
200700071063,0007-11-22 16:52:00,7,11,22,16,52,930,46,CONSUL GENERAL NORDLING,,,Crépuscule ou aube,En agglomération,Intersection en X,Normale,Deux véhicules - côté,,,,,,,,,,,2,2,2,1,3
200700071064,0007-11-23 18:35:00,7,11,23,18,35,930,46,"12, REPUBLIQUE AVENUE DE",,,Nuit avec éclairage allumé,En agglomération,Hors intersection,Autre,Deux véhicules - côté,,,,,,,,,,,5,2,1,9,3
200700071065,0007-11-30 16:25:00,7,11,30,16,25,930,46,"166, VAUBAN AVENUE",,,Plein jour,En agglomération,Hors intersection,Normale,Sans collision,,,,,,,,,,,1,2,1,1,7
200700071066,0007-11-22 10:20:00,7,11,22,10,20,930,46,ARISTIDE BRIAND AVENUE,,,Plein jour,En agglomération,Intersection en X,Normale,Deux véhicules - côté,,,,,,,,,,,1,2,2,1,3
200700071067,0007-11-01 05:15:00,7,11,1,5,15,930,48,"1, ARISTIDE BRIAND (BOUL",,,Nuit avec éclairage allumé,En agglomération,Hors intersection,Normale,Deux véhicules - côté,,,,,,,,,,,5,2,1,1,3
200700071068,0007-11-07 10:45:00,7,11,7,10,45,930,48,"168, THEOPHILE SUEUR (BO",,,Plein jour,En agglomération,Hors intersection,Normale,Autre collision,,,,,,,,,,,1,2,1,1,6
200700071069,0007-11-13 20:15:00,7,11,13,20,15,930,48,", PASTEUR S2  (AVENUE)",,,Nuit avec éclairage allumé,En agglomération,Intersection à plus de 4 branches,Pluie légère,Deux véhicules - côté,,,,,,,,,,,5,2,5,2,3
200700071070,0007-11-19 01:05:00,7,11,19,1,5,930,48,"56, BOISSIERE (BOULEVARD",,,Nuit avec éclairage allumé,En agglomération,Hors intersection,Normale,Autre collision,,,,,,,,,,,5,2,1,1,6
200700071071,0007-11-21 18:20:00,7,11,21,18,20,930,48,"245, BOISSIERE (BOULEVAR",,,Nuit avec éclairage allumé,En agglomération,Hors intersection,Normale,Autre collision,,,,,,,,,,,5,2,1,1,6
200700071072,0007-11-23 09:00:00,7,11,23,9,0,930,48,"41, EDOUARD VAILLANT (RU",,,Crépuscule ou aube,En agglomération,Intersection en X,Temps couvert,Deux véhicules - côté,,,,,,,,,,,2,2,2,8,3
200700071073,0007-11-23 16:45:00,7,11,23,16,45,930,48,"41 bis, PAUL VAILLANT CO",,,Crépuscule ou aube,En agglomération,Hors intersection,Temps couvert,Autre collision,,,,,,,,,,,2,2,1,8,6
200700071074,0007-11-23 20:10:00,7,11,23,20,10,930,48,"65, EDOUARD BRANLY (RUE)",,,Nuit avec éclairage allumé,En agglomération,Hors intersection,Normale,Autre collision,,,,,,,,,,,5,2,1,1,6
200700071075,0007-11-27 09:00:00,7,11,27,9,0,930,48,"168, BOISSIERE (BOULEVAR",,,Plein jour,En agglomération,Hors intersection,Normale,Trois véhicules et plus - collisions multiples,,,,,,,,,,,1,2,1,1,5
200700071076,0007-11-26 15:00:00,7,11,26,15,0,930,48,"1, ARISTIDE BRIAND (BOUL",,,Plein jour,En agglomération,Intersection en T,Normale,Deux véhicules - côté,,,,,,,,,,,1,2,3,1,3
200700071077,0007-11-28 15:00:00,7,11,28,15,0,930,48,"73-83, JEAN LOLIVE (RUE)",,,Plein jour,En agglomération,Hors intersection,Normale,Deux véhicules - frontale,,,,,,,,,,,1,2,1,1,1
200700071078,0007-11-12 15:00:00,7,11,12,15,0,930,49,PASTEUR (RUE),,,Plein jour,En agglomération,Intersection à plus de 4 branches,Normale,Deux véhicules - frontale,,,,,,,,,,,1,2,5,1,1
200700071079,0007-11-13 13:40:00,7,11,13,13,40,930,49,PELOUSE (RUE),,,Plein jour,En agglomération,Intersection en X,Pluie légère,Deux véhicules - côté,,,,,,,,,,,1,2,2,2,3
200700071080,0007-11-16 19:00:00,7,11,16,19,0,930,49,CANAL (RUE),,,Nuit avec éclairage allumé,En agglomération,Hors intersection,Normale,Deux véhicules - frontale,,,,,,,,,,,5,2,1,1,1
200700071081,0007-11-19 18:50:00,7,11,19,18,50,930,50,"13-15, ROBERT SCHUMANN (",,,Nuit avec éclairage allumé,En agglomération,Intersection en T,Pluie légère,Deux véhicules - côté,,,,,,,,,,,5,2,3,2,3
200700071082,0007-11-20 11:20:00,7,11,20,11,20,930,49,", DANIELLE CASANOVA (RUE",,,Plein jour,En agglomération,Hors intersection,Pluie légère,Deux véhicules - arrière,,,,,,,,,,,1,2,1,2,2
200700071083,0007-11-20 12:15:00,7,11,20,12,15,930,50,JEAN JAURES (AVENUE) COT,,,Plein jour,Hors agglomération,Intersection en X,Pluie légère,Deux véhicules - côté,,,,,,,,,,,1,1,2,2,3
200700071084,0007-11-22 19:55:00,7,11,22,19,55,930,49,GALLIENI (BOULEVARD),,,Nuit avec éclairage allumé,En agglomération,Hors intersection,Normale,Deux véhicules - arrière,,,,,,,,,,,5,2,1,1,2
200700071085,0007-11-23 13:00:00,7,11,23,13,0,930,50,MARECHAL FOCH (AVENUE) C,,,Plein jour,En agglomération,Hors intersection,Temps couvert,Deux véhicules - côté,,,,,,,,,,,1,2,1,8,3
200700071086,0007-11-28 13:00:00,7,11,28,13,0,930,50,JEAN JAURES (AVENUE) COT,,,Plein jour,En agglomération,Intersection en X,Normale,Deux véhicules - côté,,,,,,,,,,,1,2,2,1,3
200700071087,0007-11-09 10:20:00,7,11,9,10,20,930,51,GENERAL DE GAULLE (AVENU,,,Plein jour,En agglomération,Intersection en X,Pluie légère,Deux véhicules - côté,,,,,,,,,,,1,2,2,2,3
200700071088,0007-11-12 08:30:00,7,11,12,8,30,930,51,", BUTTE VERTE",,,Plein jour,En agglomération,Intersection en T,Normale,Deux véhicules - côté,,,,,,,,,,,1,2,3,1,3
200700071089,0007-11-15 07:35:00,7,11,15,7,35,930,33,JOFFRE (AVENUE),,,Plein jour,En agglomération,Intersection en Y,Normale,Deux véhicules - côté,,,,,,,,,,,1,2,4,1,3
200700071090,0007-11-15 18:30:00,7,11,15,18,30,930,51,NEUILLY (ROUTE),,,Nuit avec éclairage allumé,En agglomération,Intersection en X,Autre,Deux véhicules - côté,,,,,,,,,,,5,2,2,9,3