accident_id,datetime,annee,mois,jour,heure,minute,departement,commune_insee,adresse,latitude,longitude,luminosite,agglomeration,intersection,meteo,collision,nb_vehicules,nb_usagers,nb_indemnes,nb_tues,nb_blesses_hosp,nb_blesses_legers,age_cond_1,age_cond_2,veh_type_cond_1,veh_type_cond_2,lum_code,agg_code,int_code,atm_code,col_code
200700071350,0007-11-20 13:20:00,7,11,20,13,20,940,78,"0, FRANCIS MARTIN (R)",,,Plein jour,En agglomération,Hors intersection,Normale,Autre collision,,,,,,,,,,,1,2,1,1,6
200700071351,0007-11-13 19:10:00,7,11,13,19,10,940,77,"1, REPUBLIQUE (AV DE LA)",,,Nuit avec éclairage non allumé,En agglomération,Intersection en T,Pluie forte,Deux véhicules - côté,,,,,,,,,,,4,2,3,3,3
200700071352,0007-11-21 09:30:00,7,11,21,9,30,940,77,REPUBLIQUE (AV DE LA),,,Plein jour,En agglomération,Intersection en X,Pluie légère,Autre collision,,,,,,,,,,,1,2,2,2,6
200700071353,0007-11-26 12:50:00,7,11,26,12,50,940,78,L'APPEL DU DIX-HUIT JUIN,,,Plein jour,En agglomération,Hors intersection,Normale,Autre collision,,,,,,,,,,,1,2,1,1,6
200700071354,0007-11-28 19:00:00,7,11,28,19,0,940,78,L'APPEL DU DIX-HUIT JUIN,,,Crépuscule ou aube,En agglomération,Hors intersection,Normale,Autre collision,,,,,,,,,,,2,2,1,1,6
200700071355,0007-11-11 04:40:00,7,11,11,4,40,940,78,MELUN (AV DE),,,Nuit avec éclairage allumé,En agglomération,Hors intersection,Normale,Autre collision,,,,,,,,,,,5,2,1,1,6
200700071356,0007-11-15 18:00:00,7,11,15,18,0,940,78,"150, PARIS (R DE)",,,Nuit avec éclairage allumé,En agglomération,Hors intersection,Normale,Autre collision,,,,,,,,,,,5,2,1,1,6
200700071357,0007-11-12 15:20:00,7,11,12,15,20,940,78,PARIS (R DE),,,Plein jour,En agglomération,Hors intersection,Normale,Deux véhicules - arrière,,,,,,,,,,,1,2,1,1,2
200700071358,0007-11-26 19:15:00,7,11,26,19,15,940,78,"8, PIERRE SEMARD (PL)",,,Nuit avec éclairage allumé,En agglomération,Hors intersection,Normale,Autre collision,,,,,,,,,,,5,2,1,1,6
200700071359,0007-11-30 20:10:00,7,11,30,20,10,940,78,MELUN (AV DE),,,Nuit avec éclairage allumé,En agglomération,Hors intersection,Pluie légère,Sans collision,,,,,,,,,,,5,2,1,2,7
200700071360,0007-11-05 11:30:00,7,11,5,11,30,940,78,"101, PRESIDENT JOHN FITZ",,,Plein jour,En agglomération,Hors intersection,Normale,Deux véhicules - côté,,,,,,,,,,,1,2,1,1,3
200700071361,0007-11-03 22:25:00,7,11,3,22,25,940,80,"01, FRANCE (R DE)",,,Nuit avec éclairage allumé,En agglomération,Intersection en X,Normale,Autre collision,,,,,,,,,,,5,2,2,1,6
200700071362,0007-11-11 08:30:00,7,11,11,8,30,940,80,"2, RENON (R)",,,Plein jour,En agglomération,Hors intersection,Pluie légère,Autre collision,,,,,,,,,,,1,2,1,2,6
200700071363,0007-11-14 06:55:00,7,11,14,6,55,940,80,"136, PARIS (AV DE)",,,Nuit avec éclairage allumé,En agglomération,Intersection en X,Normale,Deux véhicules - côté,,,,,,,,,,,5,2,2,1,3
200700071364,0007-11-16 18:10:00,7,11,16,18,10,940,80,"16, FONTENAY (R DE)",,,Nuit avec éclairage allumé,En agglomération,Hors intersection,Normale,Autre collision,,,,,,,,,,,5,2,1,1,6
200700071365,0007-11-17 16:00:00,7,11,17,16,0,940,80,"20, DIDEROT (R)",,,Plein jour,En agglomération,Intersection en X,Normale,Autre collision,,,,,,,,,,,1,2,2,1,6
200700071366,0007-11-22 16:20:00,7,11,22,16,20,940,80,"114, FONTENAY (R DE)",,,Plein jour,En agglomération,Intersection en T,Normale,Autre collision,,,,,,,,,,,1,2,3,1,6
200700071367,0007-11-22 21:00:00,7,11,22,21,0,940,80,"67, STRASBOURG (R DE)",,,Nuit avec éclairage allumé,En agglomération,Intersection en Y,Normale,Autre collision,,,,,,,,,,,5,2,4,1,6
200700071368,0007-11-29 17:10:00,7,11,29,17,10,940,80,"138, JARRY (R DE LA)",,,Crépuscule ou aube,En agglomération,Intersection en X,Autre,Deux véhicules - côté,,,,,,,,,,,2,2,2,9,3
200700071369,0007-11-02 00:20:00,7,11,2,0,20,940,81,PAUL BERT (R),,,Nuit avec éclairage allumé,En agglomération,Intersection en Y,Normale,Deux véhicules - arrière,,,,,,,,,,,5,2,4,1,2
200700071370,0007-11-10 08:55:00,7,11,10,8,55,940,81,LA BRUYERE (AV),,,Plein jour,En agglomération,Intersection en X,Normale,Deux véhicules - côté,,,,,,,,,,,1,2,2,1,3
200700071371,0007-11-13 17:30:00,7,11,13,17,30,940,81,"64, STALINGRAD (BD DE)",,,Nuit avec éclairage allumé,En agglomération,Hors intersection,Normale,Autre collision,,,,,,,,,,,5,2,1,1,6
200700071372,0007-11-15 13:16:00,7,11,15,13,16,940,81,"123, JULES GUESDE (QU)",,,Plein jour,En agglomération,Hors intersection,Normale,Autre collision,,,,,,,,,,,1,2,1,1,6
200700071373,0007-11-16 13:40:00,7,11,16,13,40,940,81,YOURI GAGARINE (AV),,,Plein jour,En agglomération,Autre intersection,Normale,Autre collision,,,,,,,,,,,1,2,9,1,6
200700071374,0007-11-20 16:25:00,7,11,20,16,25,940,81,MOULIN DE SAQUET (AV DU),,,Crépuscule ou aube,En agglomération,Intersection en T,Pluie légère,Deux véhicules - côté,,,,,,,,,,,2,2,3,2,3
200700071375,0007-11-21 17:10:00,7,11,21,17,10,940,81,EUGENE HENAFF (R),,,Plein jour,En agglomération,Intersection en X,Normale,Deux véhicules - côté,,,,,,,,,,,1,2,2,1,3
200700071376,0007-11-24 17:45:00,7,11,24,17,45,940,81,"177, GABRIEL PERI (R)",,,Nuit avec éclairage allumé,En agglomération,Hors intersection,Normale,Autre collision,,,,,,,,,,,5,2,1,1,6
200700071377,0007-11-28 17:15:00,7,11,28,17,15,940,81,"Angle, ROUGET DE L ISLE",,,Crépuscule ou aube,En agglomération,Hors intersection,Normale,Autre collision,,,,,,,,,,,2,2,1,1,6
200700071378,0007-11-29 19:35:00,7,11,29,19,35,940,81,"Angle, JULES GUESDE (QU)",,,Nuit avec éclairage allumé,En agglomération,Intersection en T,Temps couvert,Autre collision,,,,,,,,,,,5,2,3,8,6
200700071379,0007-11-02 16:20:00,7,11,2,16,20,950,18,ALLEMANE (BOULEVARD JEAN,,,Plein jour,En agglomération,Intersection en T,Normale,Deux véhicules - arrière,,,,,,,,,,,1,2,3,1,2
200700071380,0007-11-05 13:55:00,7,11,5,13,55,950,18,NORD (RUE DU),,,Plein jour,En agglomération,Intersection en X,Normale,Deux véhicules - côté,,,,,,,,,,,1,2,2,1,3
200700071381,0007-11-05 19:20:00,7,11,5,19,20,950,176,"13, VIGNON (RUE)",,,Nuit avec éclairage allumé,En agglomération,Hors intersection,Normale,Deux véhicules - côté,,,,,,,,,,,5,2,1,1,3
200700071382,0007-11-08 08:15:00,7,11,8,8,15,950,18,LILAS (RUE DES),,,Plein jour,En agglomération,Intersection en X,Pluie légère,Deux véhicules - côté,,,,,,,,,,,1,2,2,2,3
200700071383,0007-11-08 18:45:00,7,11,8,18,45,950,18,"15, CHATEAU (AVENUE DU)",,,Nuit avec éclairage non allumé,En agglomération,Hors intersection,Temps couvert,Autre collision,,,,,,,,,,,4,2,1,8,6
200700071384,0007-11-09 11:35:00,7,11,9,11,35,950,18,LILAS (RUE DES),,,Plein jour,En agglomération,Intersection en X,Normale,Deux véhicules - côté,,,,,,,,,,,1,2,2,1,3
200700071385,0007-11-12 08:30:00,7,11,12,8,30,950,18,RESISTANCE (BOULEVARD DE,,,Plein jour,En agglomération,Intersection en T,Normale,Deux véhicules - côté,,,,,,,,,,,1,2,3,1,3
200700071386,0007-11-14 16:45:00,7,11,14,16,45,950,18,"152, JAURES (AVENUE JEAN",,,Plein jour,En agglomération,Hors intersection,Normale,Deux véhicules - côté,,,,,,,,,,,1,2,1,1,3
200700071387,0007-11-14 18:30:00,7,11,14,18,30,950,18,STALINGRAD (AVENUE DE),,,Nuit avec éclairage allumé,En agglomération,Intersection en T,Normale,Deux véhicules - frontale,,,,,,,,,,,5,2,3,1,1
200700071388,0007-11-15 13:25:00,7,11,15,13,25,950,18,RETHONDES (RUE DE),,,Plein jour,En agglomération,Hors intersection,Normale,Autre collision,,,,,,,,,,,1,2,1,1,6
200700071389,0007-11-17 12:20:00,7,11,17,12,20,950,18,NORD (RUE DU),,,Plein jour,En agglomération,Hors intersection,Normale,Autre collision,,,,,,,,,,,1,2,1,1,6
200700071390,0007-11-18 18:20:00,7,11,18,18,20,950,582,"87, CHARLES DE GAULLE (B",,,Nuit avec éclairage allumé,En agglomération,Intersection en X,Normale,Deux véhicules - côté,,,,,,,,,,,5,2,2,1,3
200700071391,0007-11-19 15:50:00,7,11,19,15,50,950,18,"282, JAURES (AVENUE JEAN",,,Plein jour,En agglomération,Hors intersection,Normale,Sans collision,,,,,,,,,,,1,2,1,1,7
200700071392,0007-11-17 16:50:00,7,11,17,16,50,950,18,ENGHIEN (ROUTE D' ),,,Plein jour,En agglomération,Intersection en Y,Normale,Trois véhicules et plus - en chaîne,,,,,,,,,,,1,2,4,1,4
200700071393,0007-11-22 12:30:00,7,11,22,12,30,950,18,"28, LECLERC (BLD DU GENE",,,Plein jour,En agglomération,Hors intersection,Normale,Deux véhicules - côté,,,,,,,,,,,1,2,1,1,3
200700071394,0007-11-23 14:40:00,7,11,23,14,40,950,18,RD 311,,,Plein jour,En agglomération,Intersection en T,Normale,Deux véhicules - arrière,,,,,,,,,,,1,2,3,1,2
200700071395,0007-11-25 23:00:00,7,11,25,23,0,950,176,"0, JOFFRE (BOULEVARD)",,,Nuit avec éclairage allumé,En agglomération,Intersection en T,Normale,Autre collision,,,,,,,,,,,5,2,3,1,6
200700071396,0007-11-25 02:35:00,7,11,25,2,35,950,18,PONTOISE (ROUTE DE),,,Nuit avec éclairage allumé,En agglomération,Giratoire,Pluie légère,Autre collision,,,,,,,,,,,5,2,6,2,6
200700071397,0007-11-26 17:15:00,7,11,26,17,15,950,18,"48, LABRIERE (RUE ALFRED",,,Nuit avec éclairage allumé,En agglomération,Intersection en X,Normale,Deux véhicules - côté,,,,,,,,,,,5,2,2,1,3
200700071398,0007-11-29 09:00:00,7,11,29,9,0,950,176,JOFFRE (BOULEVARD),,,Plein jour,En agglomération,Hors intersection,Normale,Autre collision,,,,,,,,,,,1,2,1,1,6
200700071399,0007-11-30 09:15:00,7,11,30,9,15,950,18,SAINT GRATIEN (ROUTE DE),,,Plein jour,En agglomération,Intersection en T,Temps couvert,Deux véhicules - côté,,,,,,,,,,,1,2,3,8,3
200700071400,0007-11-11 15:15:00,7,11,11,15,15,950,63,"35, MONTESSON (RUE DE-CO",,,Plein jour,Hors agglomération,Hors intersection,Normale,Deux véhicules - frontale,,,,,,,,,,,1,1,1,1,1
200700071401,0007-11-19 06:50:00,7,11,19,6,50,950,63,"31, VICTOR HUGO (RUE)",,,Crépuscule ou aube,Hors agglomération,Hors intersection,Pluie légère,Autre collision,,,,,,,,,,,2,1,1,2,6
200700071402,0007-11-05 09:00:00,7,11,5,9,0,950,572,"25, CHATEAU (AVENUE DU)",,,Plein jour,En agglomération,Hors intersection,Normale,Deux véhicules - côté,,,,,,,,,,,1,2,1,1,3
200700071403,0007-11-22 00:25:00,7,11,22,0,25,950,476,MONTGEROULT (RUE),,,Nuit avec éclairage allumé,En agglomération,Intersection en X,Normale,Deux véhicules - côté,,,,,,,,,,,5,2,2,1,3
200700071404,0007-11-23 12:00:00,7,11,23,12,0,950,127,"0, PONCEAU (AVENUE DU)",,,Plein jour,En agglomération,Intersection en X,Normale,Deux véhicules - côté,,,,,,,,,,,1,2,2,1,3
200700071405,0007-11-15 19:10:00,7,11,15,19,10,950,500,"36, HERMITAGE (RUE DE L'",,,Nuit avec éclairage allumé,En agglomération,Hors intersection,Normale,Sans collision,,,,,,,,,,,5,2,1,1,7
200700071406,0007-11-18 17:25:00,7,11,18,17,25,950,288,"27, REPUBLIQUE (AVENUE D",,,Nuit avec éclairage allumé,En agglomération,Autre intersection,Normale,Autre collision,,,,,,,,,,,5,2,9,1,6
200700071407,0007-11-12 18:40:00,7,11,12,18,40,950,210,FOCH (PLACE DU MARECHAL),,,Nuit avec éclairage allumé,En agglomération,Hors intersection,Normale,Autre collision,,,,,,,,,,,5,2,1,1,6
200700071408,0007-11-16 11:05:00,7,11,16,11,5,950,598,PARIS   AVENUE DE,,,Plein jour,En agglomération,Autre intersection,Normale,Autre collision,,,,,,,,,,,1,2,9,1,6
200700071409,0007-11-21 15:10:00,7,11,21,15,10,950,428,CHARLES DE GAULLE  AVENU,,,Plein jour,En agglomération,Intersection en X,Normale,Autre collision,,,,,,,,,,,1,2,2,1,6
200700071410,0007-11-03 10:35:00,7,11,3,10,35,950,252,MAURICE BERTEAUX (BOULEV,,,Plein jour,En agglomération,Hors intersection,Normale,Autre collision,,,,,,,,,,,1,2,1,1,6
200700071411,0007-11-05 16:10:00,7,11,5,16,10,950,203,SAINT LEU (ROUTE DE),,,Plein jour,En agglomération,Hors intersection,Normale,Autre collision,,,,,,,,,,,1,2,1,1,6
200700071412,0007-11-08 13:40:00,7,11,8,13,40,950,203,ROBILLON (RUE JEANNE),,,Plein jour,En agglomération,Intersection en T,Pluie légère,Deux véhicules - côté,,,,,,,,,,,1,2,3,2,3
200700071413,0007-11-12 18:05:00,7,11,12,18,5,950,203,CHESNIER (RUE ANDRE),,,Nuit avec éclairage allumé,En agglomération,Hors intersection,Normale,Autre collision,,,,,,,,,,,5,2,1,1,6
200700071414,0007-11-15 06:55:00,7,11,15,6,55,950,219,STAND (RUE DU),,,Nuit sans éclairage public,En agglomération,Hors intersection,Normale,Autre collision,,,,,,,,,,,3,2,1,1,6
200700071415,0007-11-16 10:55:00,7,11,16,10,55,950,203,BERTHELOT (RUE MARCELIN),,,Plein jour,En agglomération,Hors intersection,Normale,Autre collision,,,,,,,,,,,1,2,1,1,6
200700071416,0007-11-16 18:05:00,7,11,16,18,5,950,219,18 JUIN (RUE DU),,,Nuit avec éclairage allumé,En agglomération,Intersection en T,Normale,Deux véhicules - côté,,,,,,,,,,,5,2,3,1,3
200700071417,0007-11-22 08:30:00,7,11,22,8,30,950,219,"212, GENERAL LECLERC (RU",,,Plein jour,En agglomération,Hors intersection,Normale,Autre collision,,,,,,,,,,,1,2,1,1,6
200700071418,0007-11-28 09:10:00,7,11,28,9,10,950,219,CERNAY (BOULEVARD DE),,,Plein jour,En agglomération,Hors intersection,Normale,Autre collision,,,,,,,,,,,1,2,1,1,6
200700071419,0007-11-28 09:50:00,7,11,28,9,50,950,203,ENGHIEN (RUE D'),,,Plein jour,En agglomération,Hors intersection,Normale,Autre collision,,,,,,,,,,,1,2,1,1,6
200700071420,0007-11-28 19:00:00,7,11,28,19,0,950,203,BEL AIR (RUE DU),,,Plein jour,En agglomération,Hors intersection,Normale,Autre collision,,,,,,,,,,,1,2,1,1,6
200700071421,0007-11-30 16:00:00,7,11,30,16,0,950,252,PLESSIS-BOUCHARD (RUE DU,,,Plein jour,En agglomération,Hors intersection,Normale,Autre collision,,,,,,,,,,,1,2,1,1,6
200700071422,0007-11-13 15:20:00,7,11,13,15,20,950,280,ROND POINT DU BASSIN,,,Plein jour,En agglomération,Giratoire,Pluie légère,Deux véhicules - arrière,,,,,,,,,,,1,2,6,2,2
200700071423,0007-11-14 09:15:00,7,11,14,9,15,950,277,Route Nationale 17,,,Plein jour,Hors agglomération,Hors intersection,Normale,Autre collision,,,,,,,,,,,1,1,1,1,6
200700071424,0007-11-17 14:44:00,7,11,17,14,44,950,280,VIOLET,,,Plein jour,En agglomération,Intersection en T,Normale,Deux véhicules - côté,,,,,,,,,,,1,2,3,1,3
200700071425,0007-11-23 06:15:00,7,11,23,6,15,950,277,LA FONTAINE CYPIERRE (CA,,,Crépuscule ou aube,En agglomération,Intersection en X,Normale,Deux véhicules - frontale,,,,,,,,,,,2,2,2,1,1
200700071426,0007-11-24 17:30:00,7,11,24,17,30,950,280,VAILLANT EDOUARD,,,Crépuscule ou aube,En agglomération,Intersection en X,Normale,Deux véhicules - côté,,,,,,,,,,,2,2,2,1,3
200700071427,0007-11-30 13:00:00,7,11,30,13,0,950,19,CONCORDE (AVENUE DE LA),,,Plein jour,En agglomération,Hors intersection,Normale,Deux véhicules - arrière,,,,,,,,,,,1,2,1,1,2
200700071428,0007-11-04 19:20:00,7,11,4,19,20,950,306,"0, PARIS (RUE DE)",,,Nuit avec éclairage allumé,En agglomération,Hors intersection,Normale,Deux véhicules - côté,,,,,,,,,,,5,2,1,1,3
200700071429,0007-11-06 06:25:00,7,11,6,6,25,950,306,"0, BOEUFS (CHEMIN DES )",,,Nuit avec éclairage allumé,En agglomération,Intersection en X,Pluie légère,Trois véhicules et plus - collisions multiples,,,,,,,,,,,5,2,2,2,5
200700071430,0007-11-15 08:30:00,7,11,15,8,30,950,306,"91, BALZAC (RUE)",,,Plein jour,En agglomération,Hors intersection,Normale,Autre collision,,,,,,,,,,,1,2,1,1,6
200700071431,0007-11-22 08:20:00,7,11,22,8,20,950,424,VICTOR BORDIER (BOULEVAR,,,Plein jour,En agglomération,Hors intersection,Normale,Sans collision,,,,,,,,,,,1,2,1,1,7
200700071432,0007-11-29 21:30:00,7,11,29,21,30,950,306,"21, CHARDONNERETS (RUE D",,,Nuit avec éclairage allumé,En agglomération,Intersection en X,Temps couvert,Sans collision,,,,,,,,,,,5,2,2,8,7
200700071433,0007-11-03 13:25:00,7,11,3,13,25,950,313,PARIS (AVENUE DE),,,Plein jour,Hors agglomération,Hors intersection,Temps couvert,Deux véhicules - côté,,,,,,,,,,,1,1,1,8,3
200700071434,0007-11-07 15:25:00,7,11,7,15,25,950,313,GRANDE RUE,,,Plein jour,En agglomération,Hors intersection,Temps couvert,Autre collision,,,,,,,,,,,1,2,1,8,6
200700071435,0007-11-09 08:30:00,7,11,9,8,30,950,487,PIERRE BROSSOLETTE,,,Plein jour,En agglomération,Hors intersection,Pluie légère,Autre collision,,,,,,,,,,,1,2,1,2,6
200700071436,0007-11-11 23:35:00,7,11,11,23,35,950,313,PARIS (AVENUE DE),,,Nuit sans éclairage public,Hors agglomération,Hors intersection,Normale,Autre collision,,,,,,,,,,,3,1,1,1,6
200700071437,0007-11-06 08:35:00,7,11,6,8,35,950,313,GRANDE RUE,,,Plein jour,En agglomération,Hors intersection,Normale,Autre collision,,,,,,,,,,,1,2,1,1,6
200700071438,0007-11-15 13:45:00,7,11,15,13,45,950,313,PARIS (AVENUE DE),,,Plein jour,En agglomération,Hors intersection,Normale,Autre collision,,,,,,,,,,,1,2,1,1,6
200700071439,0007-11-17 17:45:00,7,11,17,17,45,950,487,GASTON VERMEIRE (AVENUE),,,Nuit avec éclairage allumé,En agglomération,Autre intersection,Pluie légère,Autre collision,,,,,,,,,,,5,2,9,2,6
200700071440,0007-11-26 11:45:00,7,11,26,11,45,950,313,SAINT LAZARE,,,Plein jour,En agglomération,Autre intersection,Normale,Autre collision,,,,,,,,,,,1,2,9,1,6
200700071441,0007-11-17 10:55:00,7,11,17,10,55,950,527,2E,,,Plein jour,Hors agglomération,Hors intersection,Normale,Autre collision,,,,,,,,,,,1,1,1,1,6
200700071442,0007-11-09 21:25:00,7,11,9,21,25,950,585,PERRET (AVENUE AUGUSTE ),,,Nuit avec éclairage allumé,En agglomération,Hors intersection,Normale,Deux véhicules - frontale,,,,,,,,,,,5,2,1,1,1
200700071443,0007-11-19 16:20:00,7,11,19,16,20,950,585,REFUZNICKS (ROUTE DES),,,Plein jour,En agglomération,Hors intersection,Normale,Deux véhicules - côté,,,,,,,,,,,1,2,1,1,3
200700071444,0007-11-25 17:00:00,7,11,25,17,0,950,680,LOUISE MICHEL/9 ARPENTS,,,Nuit avec éclairage allumé,En agglomération,Intersection en X,Normale,Deux véhicules - côté,,,,,,,,,,,5,2,2,1,3
200700071445,0007-11-21 08:05:00,7,11,21,8,5,950,60,"00, PIERRELAYE (RUE DE)",,,Plein jour,En agglomération,Hors intersection,Normale,Deux véhicules - frontale,,,,,,,,,,,1,2,1,1,1
200700071446,0007-11-24 18:55:00,7,11,24,18,55,950,607,TEMPS DES CERISES (BOULE,,,Nuit avec éclairage allumé,En agglomération,Hors intersection,Normale,Sans collision,,,,,,,,,,,5,2,1,1,7
200700071447,0007-11-27 20:15:00,7,11,27,20,15,950,607,"00, TEMPS DES CERISES (B",,,Nuit avec éclairage allumé,En agglomération,Autre intersection,Normale,Deux véhicules - côté,,,,,,,,,,,5,2,9,1,3
200700071448,0007-11-28 09:50:00,7,11,28,9,50,950,51,JULES CESAR (CHAUSSEE),,,Nuit avec éclairage allumé,En agglomération,Hors intersection,Normale,Autre collision,,,,,,,,,,,5,2,1,1,6
200700071449,0007-11-02 13:50:00,7,11,2,13,50,201,4,"43, NAPOLEON COURS APRES",,,Plein jour,En agglomération,Hors intersection,Normale,Deux véhicules - côté,,,,,,,,,,,1,2,1,1,3
200700071450,0007-11-03 10:15:00,7,11,3,10,15,201,4,PIETRI NICOLAS AVENUE,,,Plein jour,En agglomération,Hors intersection,Normale,Deux véhicules - côté,,,,,,,,,,,1,2,1,1,3
200700071451,0007-11-05 17:30:00,7,11,5,17,30,201,4,"40 bis, STEPHANOPOLI NIC",,,Nuit avec éclairage allumé,En agglomération,Hors intersection,Normale,Deux véhicules - côté,,,,,,,,,,,5,2,1,1,3
200700071452,0007-11-05 17:15:00,7,11,5,17,15,201,4,GEORGES POMPIDOU AVENUE,,,Crépuscule ou aube,En agglomération,Hors intersection,Normale,Trois véhicules et plus - en chaîne,,,,,,,,,,,2,2,1,1,4
200700071453,0007-11-08 12:30:00,7,11,8,12,30,201,4,ALATA ROUTE,,,Plein jour,En agglomération,Hors intersection,Normale,Deux véhicules - côté,,,,,,,,,,,1,2,1,1,3
200700071454,0007-11-12 20:40:00,7,11,12,20,40,201,4,FRANCHINI NOEL AV DOCTEU,,,Nuit avec éclairage allumé,En agglomération,Hors intersection,Normale,Deux véhicules - côté,,,,,,,,,,,5,2,1,1,3
200700071455,0007-11-12 13:50:00,7,11,12,13,50,201,4,"SANS, ROSSINI PASCAL BD",,,Plein jour,En agglomération,Hors intersection,Normale,Deux véhicules - côté,,,,,,,,,,,1,2,1,1,3
200700071456,0007-11-12 19:35:00,7,11,12,19,35,201,4,"SANS, PIETRI FRANCOIS RU",,,Nuit avec éclairage allumé,En agglomération,Hors intersection,Normale,Deux véhicules - côté,,,,,,,,,,,5,2,1,1,3
200700071457,0007-11-14 12:15:00,7,11,14,12,15,201,4,"SANS, HERMINIER GARE MAR",,,Plein jour,En agglomération,Intersection en T,Pluie légère,Deux véhicules - côté,,,,,,,,,,,1,2,3,2,3
200700071458,0007-11-18 17:30:00,7,11,18,17,30,201,4,"SANS, BONAPARTE CHARLES",,,Nuit avec éclairage allumé,En agglomération,Intersection en X,Normale,Deux véhicules - côté,,,,,,,,,,,5,2,2,1,3
200700071459,0007-11-16 18:15:00,7,11,16,18,15,201,4,"16, ALBERT 1ER BD",,,Nuit avec éclairage allumé,En agglomération,Hors intersection,Normale,Autre collision,,,,,,,,,,,5,2,1,1,6
200700071460,0007-11-22 07:40:00,7,11,22,7,40,201,4,"SANS, ASPRETTO ROUTE",,,Plein jour,En agglomération,Hors intersection,Pluie légère,Autre collision,,,,,,,,,,,1,2,1,2,6
200700071461,0007-11-22 18:50:00,7,11,22,18,50,201,4,"SANS, MORO GIAFFERI VINC",,,Nuit avec éclairage allumé,En agglomération,Hors intersection,Normale,Autre collision,,,,,,,,,,,5,2,1,1,6
200700071462,0007-11-23 10:30:00,7,11,23,10,30,201,4,"SANS, MEZZAVIA ROUTE DE",,,Plein jour,En agglomération,Intersection en T,Normale,Deux véhicules - côté,,,,,,,,,,,1,2,3,1,3
200700071463,0007-11-24 08:25:00,7,11,24,8,25,201,4,"105, NAPOLEON COURS AVAN",,,Plein jour,En agglomération,Hors intersection,Normale,Autre collision,,,,,,,,,,,1,2,1,1,6
200700071464,0007-11-25 07:50:00,7,11,25,7,50,201,4,SAMPIERO BD,,,Plein jour,En agglomération,Hors intersection,Normale,Autre collision,,,,,,,,,,,1,2,1,1,6
200700071465,0007-11-25 13:00:00,7,11,25,13,0,201,4,MARECHAL JUIN AVENUE,,,Plein jour,En agglomération,Hors intersection,Normale,Autre collision,,,,,,,,,,,1,2,1,1,6
200700071466,0007-11-23 23:15:00,7,11,23,23,15,201,4,NAPOLEON III AVENUE IMPA,,,Nuit sans éclairage public,En agglomération,Hors intersection,Pluie légère,Autre collision,,,,,,,,,,,3,2,1,2,6
200700071467,0007-11-26 17:40:00,7,11,26,17,40,201,4,"SANS, MARECHAL JUIN AVEN",,,Nuit avec éclairage allumé,En agglomération,Hors intersection,Normale,Autre collision,,,,,,,,,,,5,2,1,1,6
200700071468,0007-11-27 17:45:00,7,11,27,17,45,201,4,"01, 1ER CONSUL AVENUE",,,Nuit avec éclairage allumé,En agglomération,Hors intersection,Pluie légère,Autre collision,,,,,,,,,,,5,2,1,2,6
200700071469,0007-11-29 06:50:00,7,11,29,6,50,201,4,BEVERINI VICO PAIR AVENU,,,Nuit avec éclairage non allumé,En agglomération,Hors intersection,Pluie légère,Autre collision,,,,,,,,,,,4,2,1,2,6
200700071470,0007-11-28 16:30:00,7,11,28,16,30,201,4,"40, NAPOLEON COURS APRES",,,Plein jour,En agglomération,Hors intersection,Normale,Autre collision,,,,,,,,,,,1,2,1,1,6
200700071471,0007-11-30 17:30:00,7,11,30,17,30,201,4,"SANS, SAMPIERO BD",,,Nuit avec éclairage allumé,En agglomération,Hors intersection,Normale,Autre collision,,,,,,,,,,,5,2,1,1,6
200700071472,0007-11-01 21:50:00,7,11,1,21,50,690,381,"29, COURS GENERAL GIRAUD",,,Nuit avec éclairage allumé,En agglomération,Hors intersection,Normale,Deux véhicules - côté,,,,,,,,,,,5,2,1,1,3
200700071473,0007-11-01 18:45:00,7,11,1,18,45,690,381,PLACE DE LA COMEDIE,,,Nuit avec éclairage allumé,En agglomération,Hors intersection,Normale,Autre collision,,,,,,,,,,,5,2,1,1,6
200700071474,0007-11-09 00:05:00,7,11,9,0,5,690,381,"06, RUE CONSTANTINE",,,Nuit avec éclairage allumé,En agglomération,Hors intersection,Normale,Autre collision,,,,,,,,,,,5,2,1,1,6
200700071475,0007-11-09 16:00:00,7,11,9,16,0,690,381,"9, COLBERT",,,Plein jour,En agglomération,Hors intersection,Normale,Autre collision,,,,,,,,,,,1,2,1,1,6
200700071476,0007-11-27 11:45:00,7,11,27,11,45,690,381,"7, COLBERT",,,Plein jour,En agglomération,Hors intersection,Normale,Autre collision,,,,,,,,,,,1,2,1,1,6
200700071477,0007-11-29 13:30:00,7,11,29,13,30,690,381,TOLOZAN,,,Plein jour,En agglomération,Hors intersection,Normale,Autre collision,,,,,,,,,,,1,2,1,1,6
200700071478,0007-11-02 16:00:00,7,11,2,16,0,770,514,A104,,,Plein jour,Hors agglomération,Hors intersection,Normale,Trois véhicules et plus - en chaîne,,,,,,,,,,,1,1,1,1,4
200700071479,0007-11-03 01:30:00,7,11,3,1,30,940,73,A86,,,Nuit avec éclairage allumé,Hors agglomération,Hors intersection,Temps couvert,Autre collision,,,,,,,,,,,5,1,1,8,6
200700071480,0007-11-04 15:00:00,7,11,4,15,0,940,17,A4,,,Plein jour,Hors agglomération,Hors intersection,Normale,Deux véhicules - arrière,,,,,,,,,,,1,1,1,1,2
200700071481,0007-11-08 07:00:00,7,11,8,7,0,940,15,A4,,,Nuit avec éclairage non allumé,Hors agglomération,Hors intersection,Normale,Trois véhicules et plus - en chaîne,,,,,,,,,,,4,1,1,1,4