accident_id,datetime,annee,mois,jour,heure,minute,departement,commune_insee,adresse,latitude,longitude,luminosite,agglomeration,intersection,meteo,collision,nb_vehicules,nb_usagers,nb_indemnes,nb_tues,nb_blesses_hosp,nb_blesses_legers,age_cond_1,age_cond_2,veh_type_cond_1,veh_type_cond_2,lum_code,agg_code,int_code,atm_code,col_code
200700071616,0007-11-25 01:30:00,7,11,25,1,30,950,394,ROUTE NATIONALE 184,,,Nuit sans éclairage public,Hors agglomération,Hors intersection,Pluie forte,Deux véhicules - arrière,,,,,,,,,,,3,1,1,3,2
200700071617,0007-11-26 07:00:00,7,11,26,7,0,930,53,AUTOROUTE A3,,,Crépuscule ou aube,Hors agglomération,Hors intersection,Pluie légère,Deux véhicules - côté,,,,,,,,,,,2,1,1,2,3
200700071618,0007-11-25 09:50:00,7,11,25,9,50,950,527,AUTOROUTE A3,,,Plein jour,Hors agglomération,Hors intersection,Normale,Autre collision,,,,,,,,,,,1,1,1,1,6
200700071619,0007-11-26 10:20:00,7,11,26,10,20,930,63,AUTOROUTE A3,,,Plein jour,Hors agglomération,Hors intersection,Normale,Deux véhicules - côté,,,,,,,,,,,1,1,1,1,3
200700071620,0007-11-26 14:00:00,7,11,26,14,0,930,64,AUTOROUTE A86,,,Plein jour,Hors agglomération,Hors intersection,Normale,Trois véhicules et plus - en chaîne,,,,,,,,,,,1,1,1,1,4
200700071621,0007-11-27 17:50:00,7,11,27,17,50,950,582,RD 170,,,Nuit avec éclairage allumé,Hors agglomération,Hors intersection,Normale,Trois véhicules et plus - collisions multiples,,,,,,,,,,,5,1,1,1,5
200700071622,0007-11-28 19:00:00,7,11,28,19,0,930,27,AUTOROUTE A1,,,Nuit avec éclairage allumé,Hors agglomération,Hors intersection,Normale,Deux véhicules - arrière,,,,,,,,,,,5,1,1,1,2
200700071623,0007-11-28 13:10:00,7,11,28,13,10,930,66,AUTOROUTE A1,,,Plein jour,Hors agglomération,Hors intersection,Normale,Autre collision,,,,,,,,,,,1,1,1,1,6
200700071624,0007-11-29 07:20:00,7,11,29,7,20,920,36,AUTOROUTE A86,,,Crépuscule ou aube,Hors agglomération,Hors intersection,Normale,Deux véhicules - côté,,,,,,,,,,,2,1,1,1,3
200700071625,0007-11-29 09:20:00,7,11,29,9,20,930,64,AUTOROUTE A86,,,Plein jour,Hors agglomération,Hors intersection,Temps couvert,Autre collision,,,,,,,,,,,1,1,1,8,6
200700071626,0007-11-29 15:45:00,7,11,29,15,45,950,18,AUTOROUTE A15,,,Plein jour,Hors agglomération,Hors intersection,Pluie légère,Sans collision,,,,,,,,,,,1,1,1,2,7
200700071627,0007-11-29 17:15:00,7,11,29,17,15,930,66,AUTOROUTE A1,,,Crépuscule ou aube,Hors agglomération,Hors intersection,Pluie légère,Deux véhicules - arrière,,,,,,,,,,,2,1,1,2,2
200700071628,0007-11-29 18:45:00,7,11,29,18,45,950,488,AUTOROUTE A15,,,Nuit avec éclairage allumé,Hors agglomération,Hors intersection,Pluie légère,Deux véhicules - arrière,,,,,,,,,,,5,1,1,2,2
200700071629,0007-11-29 18:45:00,7,11,29,18,45,930,78,AUTOROUTE A104,,,Crépuscule ou aube,Hors agglomération,Hors intersection,Normale,Sans collision,,,,,,,,,,,2,1,1,1,7
200700071630,0007-11-29 20:30:00,7,11,29,20,30,920,36,AUTOROUTE A86,,,Nuit avec éclairage allumé,Hors agglomération,Hors intersection,Autre,Sans collision,,,,,,,,,,,5,1,1,9,7
200700071631,0007-11-29 23:40:00,7,11,29,23,40,930,78,AUTOROUTE A104,,,Nuit avec éclairage non allumé,Hors agglomération,Hors intersection,Pluie légère,Sans collision,,,,,,,,,,,4,1,1,2,7
200700071632,0007-11-30 00:40:00,7,11,30,0,40,950,203,RD 170,,,Nuit avec éclairage allumé,Hors agglomération,Hors intersection,Pluie légère,Sans collision,,,,,,,,,,,5,1,1,2,7
200700071633,0007-11-30 06:30:00,7,11,30,6,30,930,6,AUTOROUTE A3,,,Crépuscule ou aube,Hors agglomération,Hors intersection,Pluie légère,Sans collision,,,,,,,,,,,2,1,1,2,7
200700071634,0007-11-30 08:50:00,7,11,30,8,50,950,572,AUTOROUTE A15,,,Plein jour,Hors agglomération,Hors intersection,Normale,Deux véhicules - arrière,,,,,,,,,,,1,1,1,1,2
200700071635,0007-11-30 13:05:00,7,11,30,13,5,950,252,AUTOROUTE A15,,,Plein jour,Hors agglomération,Hors intersection,Normale,Trois véhicules et plus - collisions multiples,,,,,,,,,,,1,1,1,1,5
200700071636,0007-11-01 18:43:00,7,11,1,18,43,910,617,RN 104,,,Nuit avec éclairage allumé,Hors agglomération,Hors intersection,Normale,Autre collision,,,,,,,,,,,5,1,1,1,6
200700071637,0007-11-01 19:28:00,7,11,1,19,28,910,689,AUTOROUTE A10,,,Nuit sans éclairage public,Hors agglomération,Hors intersection,Normale,Deux véhicules - côté,,,,,,,,,,,3,1,1,1,3
200700071638,0007-11-02 14:28:00,7,11,2,14,28,910,179,AUTOROUTE A6,,,Plein jour,Hors agglomération,Hors intersection,Normale,Autre collision,,,,,,,,,,,1,1,1,1,6
200700071639,0007-11-02 15:52:00,7,11,2,15,52,910,182,AUTOROUTE A6,,,Plein jour,Hors agglomération,Hors intersection,Normale,Deux véhicules - côté,,,,,,,,,,,1,1,1,1,3
200700071640,0007-11-03 05:25:00,7,11,3,5,25,940,34,AUTOROUTE A6B,,,Nuit avec éclairage allumé,Hors agglomération,Hors intersection,Pluie légère,Autre collision,,,,,,,,,,,5,1,1,2,6
200700071641,0007-11-03 09:05:00,7,11,3,9,5,940,34,AUTOROUTE A86,,,Plein jour,Hors agglomération,Hors intersection,Pluie légère,Autre collision,,,,,,,,,,,1,1,1,2,6
200700071642,0007-11-03 11:21:00,7,11,3,11,21,910,86,RN 104,,,Plein jour,Hors agglomération,Hors intersection,Pluie légère,Sans collision,,,,,,,,,,,1,1,1,2,7
200700071643,0007-11-05 08:40:00,7,11,5,8,40,910,235,RN 104,,,Plein jour,Hors agglomération,Hors intersection,Normale,Sans collision,,,,,,,,,,,1,1,1,1,7
200700071644,0007-11-06 16:17:00,7,11,6,16,17,750,13,AUTOROUTE A6B,,,Plein jour,Hors agglomération,Hors intersection,Normale,Deux véhicules - arrière,,,,,,,,,,,1,1,1,1,2
200700071645,0007-11-06 19:21:00,7,11,6,19,21,940,37,AUTOROUTE A6B,,,Nuit avec éclairage allumé,Hors agglomération,Hors intersection,Normale,Deux véhicules - côté,,,,,,,,,,,5,1,1,1,3
200700071646,0007-11-07 16:34:00,7,11,7,16,34,920,2,AUTOROUTE A86,,,Crépuscule ou aube,Hors agglomération,Hors intersection,Normale,Deux véhicules - arrière,,,,,,,,,,,2,1,1,1,2
200700071647,0007-11-07 19:43:00,7,11,7,19,43,910,689,AUTOROUTE A6,,,Nuit sans éclairage public,Hors agglomération,Hors intersection,Normale,Deux véhicules - arrière,,,,,,,,,,,3,1,1,1,2
200700071648,0007-11-08 07:41:00,7,11,8,7,41,910,689,AUTOROUTE A6A,,,Plein jour,Hors agglomération,Hors intersection,Pluie légère,Trois véhicules et plus - collisions multiples,,,,,,,,,,,1,1,1,2,5
200700071649,0007-11-08 09:40:00,7,11,8,9,40,910,477,AUTOROUTE A10,,,Plein jour,Hors agglomération,Hors intersection,Normale,Autre collision,,,,,,,,,,,1,1,1,1,6
200700071650,0007-11-08 09:27:00,7,11,8,9,27,910,521,AUTOROUTE A6,,,Plein jour,Hors agglomération,Hors intersection,Pluie légère,Deux véhicules - côté,,,,,,,,,,,1,1,1,2,3
200700071651,0007-11-08 13:34:00,7,11,8,13,34,910,161,AUTOROUTE A126,,,Plein jour,Hors agglomération,Hors intersection,Normale,Deux véhicules - côté,,,,,,,,,,,1,1,1,1,3
200700071652,0007-11-09 06:51:00,7,11,9,6,51,910,86,RN 104,,,Nuit sans éclairage public,Hors agglomération,Hors intersection,Normale,Sans collision,,,,,,,,,,,3,1,1,1,7
200700071653,0007-11-09 08:21:00,7,11,9,8,21,910,659,AUTOROUTE A6,,,Plein jour,Hors agglomération,Hors intersection,Normale,Deux véhicules - arrière,,,,,,,,,,,1,1,1,1,2
200700071654,0007-11-09 09:38:00,7,11,9,9,38,910,645,RN 385 INT,,,Plein jour,Hors agglomération,Hors intersection,Normale,Sans collision,,,,,,,,,,,1,1,1,1,7
200700071655,0007-11-10 01:45:00,7,11,10,1,45,910,377,AUTOROUTE A10,,,Nuit sans éclairage public,Hors agglomération,Hors intersection,Normale,Autre collision,,,,,,,,,,,3,1,1,1,6
200700071656,0007-11-10 03:15:00,7,11,10,3,15,940,37,AUTOROUTE A6B,,,Nuit avec éclairage allumé,Hors agglomération,Hors intersection,Normale,Autre collision,,,,,,,,,,,5,1,1,1,6
200700071657,0007-11-11 17:50:00,7,11,11,17,50,910,689,AUTOROUTE A6A,,,Nuit avec éclairage non allumé,Hors agglomération,Hors intersection,Pluie légère,Autre collision,,,,,,,,,,,4,1,1,2,6
200700071658,0007-11-13 07:40:00,7,11,13,7,40,910,182,AUTOROUTE A6,,,Plein jour,Hors agglomération,Hors intersection,Normale,Deux véhicules - côté,,,,,,,,,,,1,1,1,1,3
200700071659,0007-11-13 08:30:00,7,11,13,8,30,910,339,RN 104,,,Plein jour,Hors agglomération,Hors intersection,Normale,Deux véhicules - côté,,,,,,,,,,,1,1,1,1,3
200700071660,0007-11-13 15:01:00,7,11,13,15,1,910,661,RN 188 CHEVREUSE,,,Plein jour,Hors agglomération,Hors intersection,Temps couvert,Sans collision,,,,,,,,,,,1,1,1,8,7
200700071661,0007-11-14 01:00:00,7,11,14,1,0,910,434,AUTOROUTE A6,,,Nuit avec éclairage allumé,Hors agglomération,Hors intersection,Temps couvert,Deux véhicules - côté,,,,,,,,,,,5,1,1,8,3
200700071662,0007-11-14 06:26:00,7,11,14,6,26,920,19,RN 385,,,Nuit avec éclairage allumé,Hors agglomération,Hors intersection,Pluie légère,Trois véhicules et plus - collisions multiples,,,,,,,,,,,5,1,1,2,5
200700071663,0007-11-14 15:18:00,7,11,14,15,18,910,589,AUTOROUTE A6,,,Plein jour,Hors agglomération,Hors intersection,Normale,Autre collision,,,,,,,,,,,1,1,1,1,6
200700071664,0007-11-14 21:31:00,7,11,14,21,31,910,468,AUTOROUTE A6,,,Nuit sans éclairage public,Hors agglomération,Hors intersection,Normale,Sans collision,,,,,,,,,,,3,1,1,1,7
200700071665,0007-11-15 18:30:00,7,11,15,18,30,940,34,AUTOROUTE A6B,,,Crépuscule ou aube,Hors agglomération,Hors intersection,Normale,Deux véhicules - côté,,,,,,,,,,,2,1,1,1,3
200700071666,0007-11-16 08:55:00,7,11,16,8,55,910,161,AUTOROUTE A126,,,Plein jour,Hors agglomération,Hors intersection,Normale,Deux véhicules - arrière,,,,,,,,,,,1,1,1,1,2
200700071667,0007-11-16 14:55:00,7,11,16,14,55,910,363,RN 104,,,Plein jour,Hors agglomération,Hors intersection,Normale,Deux véhicules - côté,,,,,,,,,,,1,1,1,1,3
200700071668,0007-11-16 16:45:00,7,11,16,16,45,910,377,RN20,,,Plein jour,Hors agglomération,Intersection en T,Normale,Deux véhicules - côté,,,,,,,,,,,1,1,3,1,3
200700071669,0007-11-16 17:43:00,7,11,16,17,43,910,377,RN 188,,,Crépuscule ou aube,Hors agglomération,Hors intersection,Normale,Sans collision,,,,,,,,,,,2,1,1,1,7
200700071670,0007-11-17 03:55:00,7,11,17,3,55,910,161,AUTOROUTE A6,,,Nuit sans éclairage public,Hors agglomération,Hors intersection,Normale,Autre collision,,,,,,,,,,,3,1,1,1,6
200700071671,0007-11-17 06:25:00,7,11,17,6,25,910,689,AUTOROUTE A6,,,Nuit sans éclairage public,Hors agglomération,Hors intersection,Normale,Deux véhicules - côté,,,,,,,,,,,3,1,1,1,3
200700071672,0007-11-17 06:50:00,7,11,17,6,50,940,38,AUTOROUTE A6A,,,Crépuscule ou aube,Hors agglomération,Hors intersection,Normale,Deux véhicules - arrière,,,,,,,,,,,2,1,1,1,2
200700071673,0007-11-17 13:45:00,7,11,17,13,45,910,182,AUTOROUTE A6,,,Plein jour,Hors agglomération,Hors intersection,Normale,Autre collision,,,,,,,,,,,1,1,1,1,6
200700071674,0007-11-18 08:05:00,7,11,18,8,5,910,377,RN 188,,,Plein jour,Hors agglomération,Hors intersection,Brouillard / fumée,Autre collision,,,,,,,,,,,1,1,1,5,6
200700071675,0007-11-19 00:59:00,7,11,19,0,59,910,689,AUTOROUTE A6,,,Nuit avec éclairage allumé,Hors agglomération,Hors intersection,Pluie légère,Trois véhicules et plus - collisions multiples,,,,,,,,,,,5,1,1,2,5
200700071676,0007-11-19 05:00:00,7,11,19,5,0,910,161,AUTOROUTE A6,,,Nuit sans éclairage public,Hors agglomération,Hors intersection,Pluie légère,Autre collision,,,,,,,,,,,3,1,1,2,6
200700071677,0007-11-19 06:24:00,7,11,19,6,24,910,216,AUTOROUTE A6,,,Nuit sans éclairage public,Hors agglomération,Hors intersection,Temps couvert,Sans collision,,,,,,,,,,,3,1,1,8,7
200700071678,0007-11-19 08:34:00,7,11,19,8,34,940,38,AUTOROUTE A6A,,,Crépuscule ou aube,Hors agglomération,Hors intersection,Pluie légère,Deux véhicules - côté,,,,,,,,,,,2,1,1,2,3
200700071679,0007-11-19 08:20:00,7,11,19,8,20,920,2,AUTOROUTE A6,,,Crépuscule ou aube,Hors agglomération,Hors intersection,Normale,Trois véhicules et plus - en chaîne,,,,,,,,,,,2,1,1,1,4
200700071680,0007-11-19 18:57:00,7,11,19,18,57,910,687,AUTOROUTE A6,,,Nuit sans éclairage public,Hors agglomération,Hors intersection,Pluie légère,Sans collision,,,,,,,,,,,3,1,1,2,7
200700071681,0007-11-20 07:10:00,7,11,20,7,10,910,687,AUTOROUTE A6,,,Crépuscule ou aube,Hors agglomération,Hors intersection,Temps couvert,Trois véhicules et plus - en chaîne,,,,,,,,,,,2,1,1,8,4
200700071682,0007-11-20 07:31:00,7,11,20,7,31,910,161,AUTOROUTE A6,,,Crépuscule ou aube,Hors agglomération,Hors intersection,Pluie légère,Deux véhicules - arrière,,,,,,,,,,,2,1,1,2,2
200700071683,0007-11-20 09:39:00,7,11,20,9,39,940,38,AUTOROUTE A6B,,,Plein jour,Hors agglomération,Hors intersection,Pluie légère,Deux véhicules - côté,,,,,,,,,,,1,1,1,2,3
200700071684,0007-11-20 15:35:00,7,11,20,15,35,940,3,AUTOROUTE A6A,,,Plein jour,Hors agglomération,Hors intersection,Pluie légère,Sans collision,,,,,,,,,,,1,1,1,2,7
200700071685,0007-11-20 19:09:00,7,11,20,19,9,940,38,AUTOROUTE A6B,,,Nuit avec éclairage allumé,Hors agglomération,Hors intersection,Pluie légère,Sans collision,,,,,,,,,,,5,1,1,2,7
200700071686,0007-11-21 05:25:00,7,11,21,5,25,910,521,AUTOROUTE A6,,,Nuit sans éclairage public,Hors agglomération,Hors intersection,Pluie légère,Sans collision,,,,,,,,,,,3,1,1,2,7
200700071687,0007-11-21 06:40:00,7,11,21,6,40,750,13,AUTOROUTE A6B,,,Nuit avec éclairage allumé,Hors agglomération,Hors intersection,Pluie légère,Sans collision,,,,,,,,,,,5,1,1,2,7
200700071688,0007-11-21 08:16:00,7,11,21,8,16,940,3,AUTOROUTE A6A,,,Plein jour,Hors agglomération,Hors intersection,Normale,Trois véhicules et plus - en chaîne,,,,,,,,,,,1,1,1,1,4
200700071689,0007-11-21 08:17:00,7,11,21,8,17,940,3,AUTOROUTE A6A,,,Plein jour,Hors agglomération,Hors intersection,Normale,Sans collision,,,,,,,,,,,1,1,1,1,7
200700071690,0007-11-21 08:28:00,7,11,21,8,28,910,312,RN 444,,,Plein jour,Hors agglomération,Hors intersection,Normale,Trois véhicules et plus - en chaîne,,,,,,,,,,,1,1,1,1,4
200700071691,0007-11-21 09:11:00,7,11,21,9,11,910,377,AUTOROUTE A10,,,Plein jour,Hors agglomération,Hors intersection,Pluie légère,Trois véhicules et plus - collisions multiples,,,,,,,,,,,1,1,1,2,5
200700071692,0007-11-22 04:18:00,7,11,22,4,18,910,64,RN 118,,,Nuit sans éclairage public,Hors agglomération,Hors intersection,Temps couvert,Sans collision,,,,,,,,,,,3,1,1,8,7
200700071693,0007-11-22 08:20:00,7,11,22,8,20,910,377,AUTOROUTE A10,,,Plein jour,Hors agglomération,Hors intersection,Normale,Deux véhicules - côté,,,,,,,,,,,1,1,1,1,3
200700071694,0007-11-22 08:20:00,7,11,22,8,20,920,2,AUTOROUTE A10,,,Plein jour,Hors agglomération,Hors intersection,Normale,Trois véhicules et plus - collisions multiples,,,,,,,,,,,1,1,1,1,5
200700071695,0007-11-22 10:00:00,7,11,22,10,0,910,136,AUTOROUTE A10,,,Plein jour,Hors agglomération,Hors intersection,Normale,Deux véhicules - côté,,,,,,,,,,,1,1,1,1,3
200700071696,0007-11-22 17:15:00,7,11,22,17,15,940,37,AUTOROUTE A6B,,,Plein jour,Hors agglomération,Hors intersection,Normale,Deux véhicules - côté,,,,,,,,,,,1,1,1,1,3
200700071697,0007-11-22 18:45:00,7,11,22,18,45,920,2,AUTOROUTE A10,,,Nuit avec éclairage allumé,Hors agglomération,Hors intersection,Normale,Deux véhicules - arrière,,,,,,,,,,,5,1,1,1,2
200700071698,0007-11-22 20:54:00,7,11,22,20,54,940,21,AUTOROUTE A6A,,,Nuit avec éclairage allumé,Hors agglomération,Hors intersection,Normale,Autre collision,,,,,,,,,,,5,1,1,1,6
200700071699,0007-11-23 17:15:00,7,11,23,17,15,910,235,RN 104,,,Nuit avec éclairage non allumé,Hors agglomération,Hors intersection,Normale,Deux véhicules - côté,,,,,,,,,,,4,1,1,1,3
200700071700,0007-11-25 11:03:00,7,11,25,11,3,910,340,AUTOROUTE A6,,,Plein jour,Hors agglomération,Hors intersection,Normale,Deux véhicules - côté,,,,,,,,,,,1,1,1,1,3
200700071701,0007-11-25 11:51:00,7,11,25,11,51,910,659,AUTOROUTE A6,,,Plein jour,Hors agglomération,Hors intersection,Normale,Deux véhicules - arrière,,,,,,,,,,,1,1,1,1,2
200700071702,0007-11-25 17:07:00,7,11,25,17,7,910,521,AUTOROUTE A6,,,Crépuscule ou aube,Hors agglomération,Hors intersection,Normale,Trois véhicules et plus - en chaîne,,,,,,,,,,,2,1,1,1,4
200700071703,0007-11-26 07:50:00,7,11,26,7,50,910,363,RN 104,,,Crépuscule ou aube,Hors agglomération,Hors intersection,Normale,Autre collision,,,,,,,,,,,2,1,1,1,6
200700071704,0007-11-26 08:04:00,7,11,26,8,4,910,377,AUTOROUTE A10,,,Plein jour,Hors agglomération,Hors intersection,Normale,Deux véhicules - arrière,,,,,,,,,,,1,1,1,1,2
200700071705,0007-11-27 01:15:00,7,11,27,1,15,910,689,AUTOROUTE A6B,,,Nuit avec éclairage allumé,Hors agglomération,Hors intersection,Normale,Autre collision,,,,,,,,,,,5,1,1,1,6
200700071706,0007-11-28 08:25:00,7,11,28,8,25,910,617,RN 104,,,Crépuscule ou aube,Hors agglomération,Hors intersection,Brouillard / fumée,Deux véhicules - côté,,,,,,,,,,,2,1,1,5,3
200700071707,0007-11-29 22:07:00,7,11,29,22,7,910,64,RD 533,,,Nuit sans éclairage public,Hors agglomération,Hors intersection,Normale,Autre collision,,,,,,,,,,,3,1,1,1,6
200700071708,0007-11-30 04:19:00,7,11,30,4,19,910,477,AUTOROUTE A10,,,Nuit sans éclairage public,Hors agglomération,Hors intersection,Normale,Autre collision,,,,,,,,,,,3,1,1,1,6
200700071709,0007-11-30 23:21:00,7,11,30,23,21,910,136,RN20,,,Nuit sans éclairage public,Hors agglomération,Hors intersection,Pluie légère,Sans collision,,,,,,,,,,,3,1,1,2,7
200700071710,0007-11-02 14:55:00,7,11,2,14,55,202,33,"SANS, TOUTES RUES",,,Plein jour,En agglomération,Hors intersection,Normale,Trois véhicules et plus - en chaîne,,,,,,,,,,,1,2,1,1,4
200700071711,0007-11-02 20:16:00,7,11,2,20,16,202,33,"SANS, AV DE LA LIBERATIO",,,Nuit avec éclairage allumé,En agglomération,Hors intersection,Normale,Deux véhicules - côté,,,,,,,,,,,5,2,1,1,3
200700071712,0007-11-03 18:06:00,7,11,3,18,6,202,33,"SANS, 193 - RN",,,Nuit avec éclairage allumé,En agglomération,Hors intersection,Normale,Trois véhicules et plus - en chaîne,,,,,,,,,,,5,2,1,1,4
200700071713,0007-11-09 10:40:00,7,11,9,10,40,202,33,"SANS, TOUTES RUES",,,Plein jour,En agglomération,Hors intersection,Normale,Deux véhicules - côté,,,,,,,,,,,1,2,1,1,3
200700071714,0007-11-13 02:11:00,7,11,13,2,11,202,33,"SANS, ROUTE ROYALE",,,Nuit avec éclairage allumé,En agglomération,Intersection en X,Normale,Deux véhicules - côté,,,,,,,,,,,5,2,2,1,3
200700071715,0007-11-17 10:02:00,7,11,17,10,2,202,33,"SANS, TOUTES RUES",,,Plein jour,En agglomération,Hors intersection,Normale,Deux véhicules - arrière,,,,,,,,,,,1,2,1,1,2
200700071716,0007-11-17 21:48:00,7,11,17,21,48,202,33,"sans, FRONT DE MER - ROU",,,Nuit avec éclairage allumé,En agglomération,Hors intersection,Normale,Deux véhicules - arrière,,,,,,,,,,,5,2,1,1,2
200700071717,0007-11-19 07:32:00,7,11,19,7,32,202,33,"SANS, TOUTES RUES",,,Nuit sans éclairage public,En agglomération,Hors intersection,Normale,Autre collision,,,,,,,,,,,3,2,1,1,6
200700071718,0007-11-19 11:18:00,7,11,19,11,18,202,353,"SANS, TOUTES RUES",,,Plein jour,Hors agglomération,Intersection en T,Normale,Deux véhicules - côté,,,,,,,,,,,1,1,3,1,3
200700071719,0007-11-20 14:30:00,7,11,20,14,30,202,33,"SANS, SEBASTIANI  - AVEN",,,Plein jour,En agglomération,Hors intersection,Normale,Autre collision,,,,,,,,,,,1,2,1,1,6
200700071720,0007-11-23 18:00:00,7,11,23,18,0,202,33,"sans, CHANOINE LESCHI -",,,Plein jour,En agglomération,Hors intersection,Normale,Deux véhicules - arrière,,,,,,,,,,,1,2,1,1,2
200700071721,0007-11-24 18:32:00,7,11,24,18,32,202,120,"sans, TOUTES RUES",,,Plein jour,Hors agglomération,Hors intersection,Normale,Deux véhicules - côté,,,,,,,,,,,1,1,1,1,3
200700071722,0007-11-26 08:51:00,7,11,26,8,51,202,33,"SANS, ROUTE ROYALE",,,Plein jour,En agglomération,Intersection en T,Normale,Deux véhicules - côté,,,,,,,,,,,1,2,3,1,3
200700071723,0007-11-28 14:27:00,7,11,28,14,27,202,33,"SANS, VINCETTI - PLACE",,,Plein jour,En agglomération,Hors intersection,Normale,Deux véhicules - arrière,,,,,,,,,,,1,2,1,1,2
200700071724,0007-11-30 08:25:00,7,11,30,8,25,202,33,"SANS, AV DE LA LIBERATIO",,,Plein jour,En agglomération,Hors intersection,Normale,Autre collision,,,,,,,,,,,1,2,1,1,6
200700071725,0007-11-02 22:30:00,7,11,2,22,30,690,382,COURS BAYARD,,,Nuit avec éclairage allumé,En agglomération,Intersection en X,Normale,Autre collision,,,,,,,,,,,5,2,2,1,6
200700071726,0007-11-05 14:20:00,7,11,5,14,20,690,382,PONT WILSON,,,Plein jour,En agglomération,Hors intersection,Normale,Autre collision,,,,,,,,,,,1,2,1,1,6
200700071727,0007-11-16 18:40:00,7,11,16,18,40,690,382,COURS DE VERDUN PERRACHE,,,Nuit avec éclairage allumé,En agglomération,Hors intersection,Normale,Sans collision,,,,,,,,,,,5,2,1,1,7
200700071728,0007-11-12 17:00:00,7,11,12,17,0,690,382,"1, RUE DE LA REPUBLIQUE",,,Plein jour,En agglomération,Hors intersection,Normale,Autre collision,,,,,,,,,,,1,2,1,1,6
200700071729,0007-11-15 15:00:00,7,11,15,15,0,690,382,"1, PLACE BELLECOUR",,,Plein jour,En agglomération,Intersection en T,Normale,Deux véhicules - côté,,,,,,,,,,,1,2,3,1,3
200700071730,0007-11-20 12:05:00,7,11,20,12,5,690,382,QUAI DOCTEUR GAILLETON,,,Plein jour,En agglomération,Hors intersection,Vent fort / tempête,Trois véhicules et plus - en chaîne,,,,,,,,,,,1,2,1,6,4
200700071731,0007-11-21 20:35:00,7,11,21,20,35,690,382,"10, PLACE ANTONIN PONCET",,,Nuit avec éclairage allumé,En agglomération,Hors intersection,Pluie légère,Autre collision,,,,,,,,,,,5,2,1,2,6
200700071732,0007-11-22 13:25:00,7,11,22,13,25,690,382,QUAI MARECHAL JOFFRE,,,Plein jour,En agglomération,Hors intersection,Pluie légère,Deux véhicules - arrière,,,,,,,,,,,1,2,1,2,2
200700071733,0007-11-01 19:15:00,7,11,1,19,15,690,382,PLACE CARNOT,,,Nuit sans éclairage public,En agglomération,Intersection en X,Normale,Deux véhicules - côté,,,,,,,,,,,3,2,2,1,3
200700071734,0007-11-10 12:30:00,7,11,10,12,30,690,382,QUAI JEAN MOULIN,,,Plein jour,En agglomération,Intersection en T,Normale,Autre collision,,,,,,,,,,,1,2,3,1,6
200700071735,0007-11-16 06:25:00,7,11,16,6,25,690,382,QUAI DOCTEUR GAILLETON,,,Crépuscule ou aube,En agglomération,Intersection en X,Normale,Deux véhicules - côté,,,,,,,,,,,2,2,2,1,3
200700071736,0007-11-17 08:15:00,7,11,17,8,15,690,382,PONT DE L UNIVERSITE,,,Plein jour,En agglomération,Intersection en T,Normale,Deux véhicules - côté,,,,,,,,,,,1,2,3,1,3
200700071737,0007-11-27 11:55:00,7,11,27,11,55,690,382,RUE GRENETTE,,,Plein jour,En agglomération,Intersection en X,Normale,Autre collision,,,,,,,,,,,1,2,2,1,6
200700071738,0007-11-01 02:35:00,7,11,1,2,35,590,606,AUTOROUTE A2,,,Nuit avec éclairage allumé,Hors agglomération,Hors intersection,Normale,Autre collision,,,,,,,,,,,5,1,1,1,6
200700071739,0007-11-02 16:30:00,7,11,2,16,30,590,623,AUTOROUTE A16,,,Plein jour,Hors agglomération,Hors intersection,Pluie légère,Autre collision,,,,,,,,,,,1,1,1,2,6
200700071740,0007-11-03 22:55:00,7,11,3,22,55,590,195,ROUTE DEPARTEMENTALE 652,,,Nuit avec éclairage allumé,Hors agglomération,Hors intersection,Pluie légère,Sans collision,,,,,,,,,,,5,1,1,2,7
200700071741,0007-11-03 23:05:00,7,11,3,23,5,590,196,AUTOROUTE A25,,,Nuit avec éclairage allumé,Hors agglomération,Hors intersection,Pluie légère,Autre collision,,,,,,,,,,,5,1,1,2,6
200700071742,0007-11-04 05:00:00,7,11,4,5,0,590,378,AUTOROUTE A22,,,Nuit avec éclairage allumé,Hors agglomération,Hors intersection,Normale,Trois véhicules et plus - collisions multiples,,,,,,,,,,,5,1,1,1,5
200700071743,0007-11-04 09:50:00,7,11,4,9,50,620,498,AUTOROUTE A211,,,Plein jour,Hors agglomération,Hors intersection,Normale,Autre collision,,,,,,,,,,,1,1,1,1,6
200700071744,0007-11-06 15:50:00,7,11,6,15,50,590,350,AUTOROUTE A25,,,Plein jour,Hors agglomération,Hors intersection,Normale,Autre collision,,,,,,,,,,,1,1,1,1,6
200700071745,0007-11-07 15:50:00,7,11,7,15,50,590,123,AUTOROUTE A1,,,Plein jour,Hors agglomération,Hors intersection,Normale,Autre collision,,,,,,,,,,,1,1,1,1,6
200700071746,0007-11-08 18:10:00,7,11,8,18,10,590,350,AUTOROUTE A25,,,Plein jour,Hors agglomération,Hors intersection,Normale,Autre collision,,,,,,,,,,,1,1,1,1,6
200700071747,0007-11-09 09:05:00,7,11,9,9,5,590,9,ROUTE NATIONALE 227,,,Plein jour,Hors agglomération,Hors intersection,Normale,Trois véhicules et plus - collisions multiples,,,,,,,,,,,1,1,1,1,5
200700071748,0007-11-10 09:30:00,7,11,10,9,30,590,330,AUTOROUTE A23,,,Plein jour,Hors agglomération,Hors intersection,Pluie légère,Deux véhicules - arrière,,,,,,,,,,,1,1,1,2,2