accident_id,datetime,annee,mois,jour,heure,minute,departement,commune_insee,adresse,latitude,longitude,luminosite,agglomeration,intersection,meteo,collision,nb_vehicules,nb_usagers,nb_indemnes,nb_tues,nb_blesses_hosp,nb_blesses_legers,age_cond_1,age_cond_2,veh_type_cond_1,veh_type_cond_2,lum_code,agg_code,int_code,atm_code,col_code
200700071749,0007-11-10 13:25:00,7,11,10,13,25,590,94,AUTOROUTE A16,,,Plein jour,Hors agglomération,Hors intersection,Normale,Autre collision,,,,,,,,,,,1,1,1,1,6
200700071750,0007-11-10 22:00:00,7,11,10,22,0,620,427,AUTOROUTE A21,,,Nuit avec éclairage allumé,Hors agglomération,Hors intersection,Normale,Autre collision,,,,,,,,,,,5,1,1,1,6
200700071751,0007-11-12 06:15:00,7,11,12,6,15,590,560,AUTOROUTE A1,,,Nuit avec éclairage allumé,Hors agglomération,Hors intersection,Pluie légère,Autre collision,,,,,,,,,,,5,1,1,2,6
200700071752,0007-11-12 08:55:00,7,11,12,8,55,620,498,AUTOROUTE A211,,,Plein jour,Hors agglomération,Hors intersection,Pluie légère,Autre collision,,,,,,,,,,,1,1,1,2,6
200700071753,0007-11-13 18:45:00,7,11,13,18,45,590,560,AUTOROUTE A1,,,Nuit avec éclairage allumé,Hors agglomération,Hors intersection,Pluie légère,Deux véhicules - arrière,,,,,,,,,,,5,1,1,2,2
200700071754,0007-11-14 12:20:00,7,11,14,12,20,620,193,AUTOROUTE A16,,,Plein jour,Hors agglomération,Hors intersection,Pluie légère,Autre collision,,,,,,,,,,,1,1,1,2,6
200700071755,0007-11-14 12:25:00,7,11,14,12,25,590,350,AUTOROUTE A25,,,Plein jour,Hors agglomération,Hors intersection,Normale,Trois véhicules et plus - en chaîne,,,,,,,,,,,1,1,1,1,4
200700071756,0007-11-14 13:45:00,7,11,14,13,45,590,386,ROUTE DEPARTEMENTALE 652,,,Plein jour,Hors agglomération,Hors intersection,Normale,Autre collision,,,,,,,,,,,1,1,1,1,6
200700071757,0007-11-15 14:45:00,7,11,15,14,45,590,586,AUTOROUTE A23,,,Plein jour,Hors agglomération,Hors intersection,Normale,Autre collision,,,,,,,,,,,1,1,1,1,6
200700071758,0007-11-16 07:30:00,7,11,16,7,30,590,202,AUTOROUTE A25,,,Nuit avec éclairage allumé,Hors agglomération,Hors intersection,Normale,Autre collision,,,,,,,,,,,5,1,1,1,6
200700071759,0007-11-16 09:00:00,7,11,16,9,0,590,378,AUTOROUTE A22,,,Plein jour,Hors agglomération,Hors intersection,Normale,Autre collision,,,,,,,,,,,1,1,1,1,6
200700071760,0007-11-16 11:50:00,7,11,16,11,50,590,646,ROUTE NATIONALE 356,,,Plein jour,Hors agglomération,Hors intersection,Normale,Autre collision,,,,,,,,,,,1,1,1,1,6
200700071761,0007-11-16 12:50:00,7,11,16,12,50,620,274,AUTOROUTE A21,,,Plein jour,Hors agglomération,Hors intersection,Normale,Autre collision,,,,,,,,,,,1,1,1,1,6
200700071762,0007-11-16 18:45:00,7,11,16,18,45,590,288,AUTOROUTE A2,,,Nuit avec éclairage allumé,Hors agglomération,Hors intersection,Normale,Autre collision,,,,,,,,,,,5,1,1,1,6
200700071763,0007-11-17 20:10:00,7,11,17,20,10,590,143,AUTOROUTE A25,,,Nuit avec éclairage allumé,Hors agglomération,Hors intersection,Normale,Sans collision,,,,,,,,,,,5,1,1,1,7
200700071764,0007-11-19 09:30:00,7,11,19,9,30,590,286,AUTOROUTE A25,,,Plein jour,Hors agglomération,Hors intersection,Autre,Deux véhicules - arrière,,,,,,,,,,,1,1,1,9,2
200700071765,0007-11-20 01:30:00,7,11,20,1,30,590,350,AUTOROUTE A25,,,Nuit avec éclairage allumé,Hors agglomération,Hors intersection,Pluie légère,Autre collision,,,,,,,,,,,5,1,1,2,6
200700071766,0007-11-20 08:10:00,7,11,20,8,10,590,556,AUTOROUTE A25,,,Plein jour,Hors agglomération,Hors intersection,Pluie légère,Autre collision,,,,,,,,,,,1,1,1,2,6
200700071767,0007-11-20 10:50:00,7,11,20,10,50,620,498,AUTOROUTE A21,,,Plein jour,Hors agglomération,Hors intersection,Normale,Autre collision,,,,,,,,,,,1,1,1,1,6
200700071768,0007-11-20 16:00:00,7,11,20,16,0,590,560,AUTOROUTE A1,,,Plein jour,Hors agglomération,Hors intersection,Pluie légère,Autre collision,,,,,,,,,,,1,1,1,2,6
200700071769,0007-11-20 16:45:00,7,11,20,16,45,620,637,AUTOROUTE A1,,,Nuit avec éclairage allumé,Hors agglomération,Hors intersection,Pluie légère,Autre collision,,,,,,,,,,,5,1,1,2,6
200700071770,0007-11-20 21:40:00,7,11,20,21,40,590,646,ROUTE NATIONALE 356,,,Nuit avec éclairage allumé,Hors agglomération,Hors intersection,Pluie légère,Autre collision,,,,,,,,,,,5,1,1,2,6
200700071771,0007-11-22 07:25:00,7,11,22,7,25,590,348,AUTOROUTE A2,,,Nuit avec éclairage allumé,Hors agglomération,Hors intersection,Pluie légère,Autre collision,,,,,,,,,,,5,1,1,2,6
200700071772,0007-11-22 19:40:00,7,11,22,19,40,620,186,AUTOROUTE A21,,,Nuit avec éclairage allumé,Hors agglomération,Hors intersection,Normale,Sans collision,,,,,,,,,,,5,1,1,1,7
200700071773,0007-11-22 19:50:00,7,11,22,19,50,590,350,AUTOROUTE A25,,,Nuit avec éclairage allumé,Hors agglomération,Hors intersection,Normale,Autre collision,,,,,,,,,,,5,1,1,1,6
200700071774,0007-11-23 09:35:00,7,11,23,9,35,620,907,AUTOROUTE A1,,,Plein jour,Hors agglomération,Hors intersection,Normale,Trois véhicules et plus - collisions multiples,,,,,,,,,,,1,1,1,1,5
200700071775,0007-11-23 14:35:00,7,11,23,14,35,590,359,AUTOROUTE A16,,,Plein jour,Hors agglomération,Hors intersection,Normale,Deux véhicules - arrière,,,,,,,,,,,1,1,1,1,2
200700071776,0007-11-23 16:30:00,7,11,23,16,30,590,447,AUTOROUTE A2,,,Plein jour,Hors agglomération,Hors intersection,Normale,Autre collision,,,,,,,,,,,1,1,1,1,6
200700071777,0007-11-24 04:30:00,7,11,24,4,30,620,193,AUTOROUTE A16,,,Nuit avec éclairage allumé,Hors agglomération,Hors intersection,Normale,Autre collision,,,,,,,,,,,5,1,1,1,6
200700071778,0007-11-24 19:10:00,7,11,24,19,10,590,560,AUTOROUTE A1,,,Nuit avec éclairage allumé,Hors agglomération,Hors intersection,Normale,Autre collision,,,,,,,,,,,5,1,1,1,6
200700071779,0007-11-24 21:50:00,7,11,24,21,50,590,43,AUTOROUTE A25,,,Nuit avec éclairage allumé,Hors agglomération,Hors intersection,Pluie légère,Autre collision,,,,,,,,,,,5,1,1,2,6
200700071780,0007-11-25 04:00:00,7,11,25,4,0,590,183,ROUTE NATIONALE 225,,,Nuit avec éclairage allumé,Hors agglomération,Hors intersection,Pluie légère,Autre collision,,,,,,,,,,,5,1,1,2,6
200700071781,0007-11-26 09:20:00,7,11,26,9,20,590,606,AUTOROUTE A2,,,Plein jour,Hors agglomération,Hors intersection,Normale,Deux véhicules - arrière,,,,,,,,,,,1,1,1,1,2
200700071782,0007-11-27 03:20:00,7,11,27,3,20,620,393,AUTOROUTE A16,,,Nuit avec éclairage allumé,Hors agglomération,Hors intersection,Normale,Autre collision,,,,,,,,,,,5,1,1,1,6
200700071783,0007-11-27 17:15:00,7,11,27,17,15,590,447,AUTOROUTE A2,,,Nuit avec éclairage allumé,Hors agglomération,Hors intersection,Normale,Autre collision,,,,,,,,,,,5,1,1,1,6
200700071784,0007-11-28 07:30:00,7,11,28,7,30,590,560,AUTOROUTE A1,,,Nuit avec éclairage allumé,Hors agglomération,Hors intersection,Normale,Deux véhicules - côté,,,,,,,,,,,5,1,1,1,3
200700071785,0007-11-28 08:10:00,7,11,28,8,10,590,609,AUTOROUTE A1,,,Plein jour,Hors agglomération,Hors intersection,Normale,Trois véhicules et plus - en chaîne,,,,,,,,,,,1,1,1,1,4
200700071786,0007-11-30 00:10:00,7,11,30,0,10,590,195,ROUTE DEPARTEMENTALE 652,,,Nuit avec éclairage allumé,Hors agglomération,Hors intersection,Pluie légère,Autre collision,,,,,,,,,,,5,1,1,2,6
200700071787,0007-11-30 19:40:00,7,11,30,19,40,590,350,AUTOROUTE A25,,,Nuit avec éclairage allumé,Hors agglomération,Hors intersection,Normale,Trois véhicules et plus - en chaîne,,,,,,,,,,,5,1,1,1,4
200700071788,0007-11-01 06:10:00,7,11,1,6,10,690,383,BOULEVARD MARIUS VIVIER,,,Nuit avec éclairage allumé,En agglomération,Intersection en T,Normale,Autre collision,,,,,,,,,,,5,2,3,1,6
200700071789,0007-11-02 11:30:00,7,11,2,11,30,690,386,RUE CUVIER,,,Plein jour,En agglomération,Intersection en X,Normale,Deux véhicules - côté,,,,,,,,,,,1,2,2,1,3
200700071790,0007-11-03 07:30:00,7,11,3,7,30,690,383,"35, COURS GAMBETTA",,,Crépuscule ou aube,En agglomération,Hors intersection,Temps couvert,Deux véhicules - arrière,,,,,,,,,,,2,2,1,8,2
200700071791,0007-11-06 19:15:00,7,11,6,19,15,690,383,RUE PAUL BERT,,,Nuit avec éclairage allumé,En agglomération,Intersection en X,Normale,Deux véhicules - côté,,,,,,,,,,,5,2,2,1,3
200700071792,0007-11-09 20:20:00,7,11,9,20,20,690,383,"55, AVENUE FELIX FAURE",,,Nuit avec éclairage allumé,En agglomération,Hors intersection,Temps couvert,Deux véhicules - arrière,,,,,,,,,,,5,2,1,8,2
200700071793,0007-11-03 18:00:00,7,11,3,18,0,690,386,RUE DE SEZE,,,Nuit avec éclairage allumé,En agglomération,Intersection en X,Normale,Autre collision,,,,,,,,,,,5,2,2,1,6
200700071794,0007-11-12 13:40:00,7,11,12,13,40,690,383,RUE LOUISE,,,Plein jour,En agglomération,Intersection en X,Normale,Deux véhicules - côté,,,,,,,,,,,1,2,2,1,3
200700071795,0007-11-12 18:00:00,7,11,12,18,0,690,383,"23, RUE PAUL BERT",,,Nuit avec éclairage allumé,En agglomération,Hors intersection,Normale,Autre collision,,,,,,,,,,,5,2,1,1,6
200700071796,0007-11-15 08:00:00,7,11,15,8,0,690,386,RUE DUGUESCLIN,,,Plein jour,En agglomération,Intersection en X,Normale,Autre collision,,,,,,,,,,,1,2,2,1,6
200700071797,0007-11-12 10:00:00,7,11,12,10,0,690,386,RUE GARIBALDI,,,Plein jour,En agglomération,Intersection en X,Normale,Autre collision,,,,,,,,,,,1,2,2,1,6
200700071798,0007-11-16 14:30:00,7,11,16,14,30,690,386,BOULEVARD DES BELGES,,,Plein jour,En agglomération,Intersection en X,Normale,Sans collision,,,,,,,,,,,1,2,2,1,7
200700071799,0007-11-17 19:00:00,7,11,17,19,0,690,386,RUE FENELON,,,Nuit avec éclairage allumé,En agglomération,Intersection en X,Normale,Deux véhicules - côté,,,,,,,,,,,5,2,2,1,3
200700071800,0007-11-20 16:30:00,7,11,20,16,30,690,383,"12, RUE PAUL BERT",,,Plein jour,En agglomération,Hors intersection,Normale,Autre collision,,,,,,,,,,,1,2,1,1,6
200700071801,0007-11-18 17:00:00,7,11,18,17,0,690,383,RUE DU DAUPHINE,,,Plein jour,En agglomération,Hors intersection,Normale,Autre collision,,,,,,,,,,,1,2,1,1,6
200700071802,0007-11-22 14:00:00,7,11,22,14,0,690,383,BOULEVARD MARIUS VIVIER,,,Plein jour,En agglomération,Intersection en X,Pluie légère,Deux véhicules - côté,,,,,,,,,,,1,2,2,2,3
200700071803,0007-11-25 20:45:00,7,11,25,20,45,690,383,COURS LAFAYETTE,,,Nuit avec éclairage allumé,En agglomération,Intersection en X,Normale,Autre collision,,,,,,,,,,,5,2,2,1,6
200700071804,0007-11-22 19:05:00,7,11,22,19,5,690,383,ROUTE DE GENAS,,,Nuit avec éclairage allumé,En agglomération,Intersection en T,Pluie légère,Autre collision,,,,,,,,,,,5,2,3,2,6
200700071805,0007-11-27 14:15:00,7,11,27,14,15,690,383,RUE CHAPONNAY,,,Plein jour,En agglomération,Intersection en X,Normale,Autre collision,,,,,,,,,,,1,2,2,1,6
200700071806,0007-11-28 19:00:00,7,11,28,19,0,690,383,AVENUE MARECHAL DE SAXE,,,Nuit avec éclairage allumé,En agglomération,Intersection en X,Normale,Deux véhicules - côté,,,,,,,,,,,5,2,2,1,3
200700071807,0007-11-30 04:05:00,7,11,30,4,5,690,383,"256, RUE GARIBALDI",,,Nuit avec éclairage allumé,En agglomération,Hors intersection,Pluie légère,Deux véhicules - arrière,,,,,,,,,,,5,2,1,2,2
200700071808,0007-11-15 03:20:00,7,11,15,3,20,690,386,QUAI GENERAL SARRAIL,,,Nuit avec éclairage allumé,En agglomération,Intersection en X,Pluie légère,Autre collision,,,,,,,,,,,5,2,2,2,6
200700071809,0007-11-22 19:06:00,7,11,22,19,6,690,383,RUE PASCAL,,,Nuit avec éclairage allumé,En agglomération,Intersection en X,Pluie forte,Deux véhicules - côté,,,,,,,,,,,5,2,2,3,3
200700071810,0007-11-05 14:40:00,7,11,5,14,40,330,65,ROUTE NATIONALE 230,,,Plein jour,Hors agglomération,Hors intersection,Normale,Deux véhicules - côté,,,,,,,,,,,1,1,1,1,3
200700071811,0007-11-07 15:05:00,7,11,7,15,5,330,80,AUTOROUTE A 62,,,Plein jour,Hors agglomération,Hors intersection,Normale,Deux véhicules - côté,,,,,,,,,,,1,1,1,1,3
200700071812,0007-11-08 12:55:00,7,11,8,12,55,330,39,ROCADE A 630,,,Plein jour,Hors agglomération,Hors intersection,Normale,Deux véhicules - côté,,,,,,,,,,,1,1,1,1,3
200700071813,0007-11-09 18:35:00,7,11,9,18,35,330,550,ROCADE A 630,,,Nuit avec éclairage allumé,Hors agglomération,Hors intersection,Normale,Trois véhicules et plus - en chaîne,,,,,,,,,,,5,1,1,1,4
200700071814,0007-11-10 03:55:00,7,11,10,3,55,330,65,ROUTE NATIONALE 230,,,Nuit avec éclairage allumé,Hors agglomération,Hors intersection,Normale,Autre collision,,,,,,,,,,,5,1,1,1,6
200700071815,0007-11-10 16:10:00,7,11,10,16,10,330,192,ROCADE A 630,,,Plein jour,Hors agglomération,Hors intersection,Normale,Deux véhicules - côté,,,,,,,,,,,1,1,1,1,3
200700071816,0007-11-12 08:45:00,7,11,12,8,45,330,281,ROCADE A 630,,,Plein jour,Hors agglomération,Hors intersection,Normale,Trois véhicules et plus - en chaîne,,,,,,,,,,,1,1,1,1,4
200700071817,0007-11-13 07:40:00,7,11,13,7,40,330,318,ROCADE A 630,,,Plein jour,Hors agglomération,Hors intersection,Normale,Trois véhicules et plus - en chaîne,,,,,,,,,,,1,1,1,1,4
200700071818,0007-11-13 20:07:00,7,11,13,20,7,330,167,ROUTE NATIONALE 230,,,Nuit avec éclairage allumé,Hors agglomération,Hors intersection,Normale,Deux véhicules - côté,,,,,,,,,,,5,1,1,1,3
200700071819,0007-11-17 23:00:00,7,11,17,23,0,330,249,ROCADE A 630,,,Nuit avec éclairage allumé,Hors agglomération,Hors intersection,Normale,Autre collision,,,,,,,,,,,5,1,1,1,6
200700071820,0007-11-19 18:20:00,7,11,19,18,20,330,75,ROCADE A 630,,,Nuit avec éclairage allumé,Hors agglomération,Hors intersection,Normale,Trois véhicules et plus - en chaîne,,,,,,,,,,,5,1,1,1,4
200700071821,0007-11-19 21:05:00,7,11,19,21,5,330,63,ROCADE A 630,,,Nuit avec éclairage allumé,Hors agglomération,Hors intersection,Pluie légère,Autre collision,,,,,,,,,,,5,1,1,2,6
200700071822,0007-11-20 07:45:00,7,11,20,7,45,330,281,ROCADE A 630,,,Plein jour,Hors agglomération,Hors intersection,Pluie légère,Deux véhicules - arrière,,,,,,,,,,,1,1,1,2,2
200700071823,0007-11-20 16:25:00,7,11,20,16,25,330,167,ROUTE NATIONALE 230,,,Plein jour,Hors agglomération,Hors intersection,Pluie légère,Deux véhicules - arrière,,,,,,,,,,,1,1,1,2,2
200700071824,0007-11-21 17:40:00,7,11,21,17,40,330,281,ROCADE A 630,,,Nuit avec éclairage allumé,Hors agglomération,Hors intersection,Normale,Deux véhicules - arrière,,,,,,,,,,,5,1,1,1,2
200700071825,0007-11-22 17:50:00,7,11,22,17,50,330,162,ROCADE A 630,,,Nuit avec éclairage allumé,Hors agglomération,Hors intersection,Pluie légère,Autre collision,,,,,,,,,,,5,1,1,2,6
200700071826,0007-11-23 16:40:00,7,11,23,16,40,330,96,AUTOROUTE A 10,,,Plein jour,Hors agglomération,Hors intersection,Normale,Autre collision,,,,,,,,,,,1,1,1,1,6
200700071827,0007-11-27 08:00:00,7,11,27,8,0,330,448,AUTOROUTE A 62,,,Plein jour,Hors agglomération,Hors intersection,Normale,Autre collision,,,,,,,,,,,1,1,1,1,6
200700071828,0007-11-27 11:00:00,7,11,27,11,0,330,487,AUTOROUTE A 10,,,Plein jour,Hors agglomération,Hors intersection,Normale,Deux véhicules - arrière,,,,,,,,,,,1,1,1,1,2
200700071829,0007-11-29 23:40:00,7,11,29,23,40,330,65,ROUTE NATIONALE 230,,,Nuit avec éclairage allumé,Hors agglomération,Hors intersection,Normale,Autre collision,,,,,,,,,,,5,1,1,1,6
200700071830,0007-11-05 15:10:00,7,11,5,15,10,690,385,"164, CHEMIN DE CHOULANS",,,Plein jour,En agglomération,Intersection en X,Normale,Trois véhicules et plus - collisions multiples,,,,,,,,,,,1,2,2,1,5
200700071831,0007-11-15 08:00:00,7,11,15,8,0,690,385,"00, RUE DES AQUEDUCS",,,Plein jour,En agglomération,Intersection en X,Pluie légère,Sans collision,,,,,,,,,,,1,2,2,2,7
200700071832,0007-11-22 04:37:00,7,11,22,4,37,690,385,"103, QUAI PIERRE SCIZE",,,Nuit avec éclairage allumé,En agglomération,Hors intersection,Pluie forte,Sans collision,,,,,,,,,,,5,2,1,3,7
200700071833,0007-11-29 17:00:00,7,11,29,17,0,690,149,"9, GRANDE RUE",,,Plein jour,En agglomération,Hors intersection,Normale,Deux véhicules - arrière,,,,,,,,,,,1,2,1,1,2
200700071834,0007-11-01 02:50:00,7,11,1,2,50,670,365,Autoroute A.35,,,Nuit sans éclairage public,Hors agglomération,Hors intersection,Normale,Sans collision,,,,,,,,,,,3,1,1,1,7
200700071835,0007-11-06 13:50:00,7,11,6,13,50,670,447,Autoroute A.4,,,Plein jour,Hors agglomération,Hors intersection,Normale,Deux véhicules - côté,,,,,,,,,,,1,1,1,1,3
200700071836,0007-11-09 21:00:00,7,11,9,21,0,670,365,Autoroute A.35,,,Nuit sans éclairage public,Hors agglomération,Hors intersection,Pluie légère,Trois véhicules et plus - collisions multiples,,,,,,,,,,,3,1,1,2,5
200700071837,0007-11-14 11:55:00,7,11,14,11,55,670,152,Autoroute A.35,,,Plein jour,Hors agglomération,Hors intersection,Pluie légère,Sans collision,,,,,,,,,,,1,1,1,2,7
200700071838,0007-11-14 12:35:00,7,11,14,12,35,670,447,Autoroute A.4,,,Plein jour,Hors agglomération,Hors intersection,Pluie légère,Sans collision,,,,,,,,,,,1,1,1,2,7
200700071839,0007-11-16 10:25:00,7,11,16,10,25,670,482,Autoroute A.350,,,Plein jour,Hors agglomération,Hors intersection,Normale,Deux véhicules - côté,,,,,,,,,,,1,1,1,1,3
200700071840,0007-11-16 19:55:00,7,11,16,19,55,670,447,Autoroute A.4,,,Nuit avec éclairage allumé,Hors agglomération,Hors intersection,Normale,Trois véhicules et plus - en chaîne,,,,,,,,,,,5,1,1,1,4
200700071841,0007-11-21 14:05:00,7,11,21,14,5,670,137,Route Nationale 83,,,Plein jour,Hors agglomération,Hors intersection,Pluie légère,Deux véhicules - arrière,,,,,,,,,,,1,1,1,2,2
200700071842,0007-11-21 13:15:00,7,11,21,13,15,540,320,Autoroute A 31,,,Plein jour,Hors agglomération,Hors intersection,Pluie légère,Deux véhicules - côté,,,,,,,,,,,1,1,1,2,3
200700071843,0007-11-04 19:00:00,7,11,4,19,0,540,167,Autoroute A 31,,,Nuit sans éclairage public,Hors agglomération,Hors intersection,Normale,Autre collision,,,,,,,,,,,3,1,1,1,6
200700071844,0007-11-06 17:25:00,7,11,6,17,25,540,357,Autoroute A 31,,,Nuit avec éclairage allumé,Hors agglomération,Hors intersection,Pluie légère,Deux véhicules - côté,,,,,,,,,,,5,1,1,2,3
200700071845,0007-11-11 20:35:00,7,11,11,20,35,540,578,Autoroute A 33,,,Nuit sans éclairage public,Hors agglomération,Hors intersection,Pluie légère,Trois véhicules et plus - collisions multiples,,,,,,,,,,,3,1,1,2,5
200700071846,0007-11-22 08:39:00,7,11,22,8,39,540,167,Autoroute A 31,,,Plein jour,Hors agglomération,Hors intersection,Pluie légère,Sans collision,,,,,,,,,,,1,1,1,2,7
200700071847,0007-11-04 01:05:00,7,11,4,1,5,570,663,Autoroute A31,,,Nuit sans éclairage public,Hors agglomération,Hors intersection,Pluie légère,Deux véhicules - arrière,,,,,,,,,,,3,1,1,2,2
200700071848,0007-11-09 20:05:00,7,11,9,20,5,570,764,Autoroute A31,,,Nuit sans éclairage public,Hors agglomération,Hors intersection,Normale,Trois véhicules et plus - collisions multiples,,,,,,,,,,,3,1,1,1,5
200700071849,0007-11-14 14:50:00,7,11,14,14,50,570,666,Autoroute A31,,,Plein jour,Hors agglomération,Hors intersection,Normale,Autre collision,,,,,,,,,,,1,1,1,1,6
200700071850,0007-11-26 14:57:00,7,11,26,14,57,570,445,Autoroute A31,,,Plein jour,Hors agglomération,Hors intersection,Normale,Sans collision,,,,,,,,,,,1,1,1,1,7
200700071851,0007-11-02 14:50:00,7,11,2,14,50,690,387,RUE DE L UNIVERSITE,,,Plein jour,En agglomération,Intersection en X,Normale,Autre collision,,,,,,,,,,,1,2,2,1,6
200700071852,0007-11-05 20:15:00,7,11,5,20,15,690,387,RUE DE GERLAND,,,Nuit avec éclairage allumé,En agglomération,Intersection en T,Normale,Deux véhicules - côté,,,,,,,,,,,5,2,3,1,3
200700071853,0007-11-06 19:15:00,7,11,6,19,15,690,387,"59, AVENUE JEAN JAURES",,,Nuit avec éclairage allumé,En agglomération,Intersection en X,Normale,Autre collision,,,,,,,,,,,5,2,2,1,6
200700071854,0007-11-04 22:10:00,7,11,4,22,10,690,387,"33, RUE MARC BLOCH",,,Nuit avec éclairage allumé,En agglomération,Intersection en T,Normale,Deux véhicules - arrière,,,,,,,,,,,5,2,3,1,2
200700071855,0007-11-10 20:05:00,7,11,10,20,5,690,387,"259, AVENUE JEAN JAURES",,,Nuit avec éclairage allumé,En agglomération,Hors intersection,Normale,Autre collision,,,,,,,,,,,5,2,1,1,6
200700071856,0007-11-13 10:10:00,7,11,13,10,10,690,387,"249, AVENUE JEAN JAURES",,,Plein jour,En agglomération,Hors intersection,Normale,Deux véhicules - côté,,,,,,,,,,,1,2,1,1,3
200700071857,0007-11-14 06:45:00,7,11,14,6,45,690,387,"187, RUE MARCEL MERIEUX",,,Nuit avec éclairage allumé,En agglomération,Intersection en X,Pluie légère,Deux véhicules - arrière,,,,,,,,,,,5,2,2,2,2
200700071858,0007-11-16 17:15:00,7,11,16,17,15,690,387,RUE RACHAIS,,,Nuit avec éclairage allumé,En agglomération,Intersection en X,Normale,Autre collision,,,,,,,,,,,5,2,2,1,6
200700071859,0007-11-09 07:40:00,7,11,9,7,40,690,387,"5, AVENUE DEBOURG",,,Plein jour,En agglomération,Hors intersection,Normale,Autre collision,,,,,,,,,,,1,2,1,1,6
200700071860,0007-11-23 00:30:00,7,11,23,0,30,690,387,"261, AVENUE JEAN JAURES",,,Nuit avec éclairage allumé,En agglomération,Intersection en X,Pluie forte,Autre collision,,,,,,,,,,,5,2,2,3,6
200700071861,0007-11-25 00:10:00,7,11,25,0,10,690,387,AVENUE BERTHELOT,,,Nuit avec éclairage allumé,En agglomération,Intersection en T,Normale,Deux véhicules - arrière,,,,,,,,,,,5,2,3,1,2
200700071862,0007-11-21 11:20:00,7,11,21,11,20,690,387,RUE SAINT JEROME,,,Plein jour,En agglomération,Intersection en X,Normale,Deux véhicules - côté,,,,,,,,,,,1,2,2,1,3
200700071863,0007-11-29 18:25:00,7,11,29,18,25,690,387,RUE DE GERLAND,,,Nuit avec éclairage allumé,En agglomération,Intersection en T,Normale,Deux véhicules - côté,,,,,,,,,,,5,2,3,1,3
200700071864,0007-11-27 21:30:00,7,11,27,21,30,690,387,RUE JEAN BOUIN,,,Nuit avec éclairage allumé,En agglomération,Intersection en T,Normale,Autre collision,,,,,,,,,,,5,2,3,1,6
200700071865,0007-11-05 07:50:00,7,11,5,7,50,690,388,BOULEVARD DES ETATS UNIS,,,Crépuscule ou aube,En agglomération,Hors intersection,Normale,Autre collision,,,,,,,,,,,2,2,1,1,6
200700071866,0007-11-12 20:20:00,7,11,12,20,20,690,388,COURS ALBERT THOMAS,,,Nuit avec éclairage non allumé,En agglomération,Hors intersection,Normale,Autre collision,,,,,,,,,,,4,2,1,1,6
200700071867,0007-11-14 23:20:00,7,11,14,23,20,690,388,"00, RUE PIERRE VERGER",,,Nuit avec éclairage allumé,En agglomération,Intersection en X,Normale,Deux véhicules - côté,,,,,,,,,,,5,2,2,1,3
200700071868,0007-11-22 12:05:00,7,11,22,12,5,690,388,"177, AVENUE PAUL SANTY",,,Plein jour,En agglomération,Hors intersection,Normale,Autre collision,,,,,,,,,,,1,2,1,1,6
200700071869,0007-11-20 15:30:00,7,11,20,15,30,690,388,"00, AVENUE BERTHELOT",,,Plein jour,En agglomération,Intersection en X,Normale,Deux véhicules - côté,,,,,,,,,,,1,2,2,1,3
200700071870,0007-11-16 18:45:00,7,11,16,18,45,690,388,"00, RUE AUGUSTE PINTON",,,Nuit avec éclairage allumé,En agglomération,Intersection en X,Normale,Autre collision,,,,,,,,,,,5,2,2,1,6
200700071871,0007-11-28 12:30:00,7,11,28,12,30,690,388,"346, AVENUE BERTHELOT",,,Plein jour,En agglomération,Hors intersection,Normale,Autre collision,,,,,,,,,,,1,2,1,1,6
200700071872,0007-11-06 20:18:00,7,11,6,20,18,420,110,A47,,,Nuit sans éclairage public,Hors agglomération,Hors intersection,Normale,Trois véhicules et plus - collisions multiples,,,,,,,,,,,3,1,1,1,5
200700071873,0007-11-08 16:10:00,7,11,8,16,10,420,237,RN88,,,Plein jour,Hors agglomération,Hors intersection,Normale,Deux véhicules - côté,,,,,,,,,,,1,1,1,1,3
200700071874,0007-11-10 09:15:00,7,11,10,9,15,420,186,A47,,,Plein jour,Hors agglomération,Hors intersection,Autre,Sans collision,,,,,,,,,,,1,1,1,9,7
200700071875,0007-11-13 05:30:00,7,11,13,5,30,420,218,RN88,,,Nuit avec éclairage non allumé,Hors agglomération,Autre intersection,Pluie légère,Trois véhicules et plus - collisions multiples,,,,,,,,,,,4,1,9,2,5
200700071876,0007-11-26 08:30:00,7,11,26,8,30,690,236,A47,,,Plein jour,Hors agglomération,Hors intersection,Normale,Deux véhicules - arrière,,,,,,,,,,,1,1,1,1,2
200700071877,0007-11-01 04:00:00,7,11,1,4,0,690,297,A7   15.770 A 20.110,,,Nuit sans éclairage public,Hors agglomération,Hors intersection,Normale,Deux véhicules - arrière,,,,,,,,,,,3,1,1,1,2
200700071878,0007-11-02 09:30:00,7,11,2,9,30,690,199,RD383   14.250 A 18.000,,,Plein jour,Hors agglomération,Hors intersection,Normale,Deux véhicules - côté,,,,,,,,,,,1,1,1,1,3
200700071879,0007-11-02 20:30:00,7,11,2,20,30,690,276,BUS (RD301)   0.000 A 2.,,,Nuit avec éclairage allumé,Hors agglomération,Hors intersection,Normale,Sans collision,,,,,,,,,,,5,1,1,1,7