accident_id,datetime,annee,mois,jour,heure,minute,departement,commune_insee,adresse,latitude,longitude,luminosite,agglomeration,intersection,meteo,collision,nb_vehicules,nb_usagers,nb_indemnes,nb_tues,nb_blesses_hosp,nb_blesses_legers,age_cond_1,age_cond_2,veh_type_cond_1,veh_type_cond_2,lum_code,agg_code,int_code,atm_code,col_code
200700071880,0007-11-05 18:45:00,7,11,5,18,45,690,29,RD383   7.640 A 11.044,,,Nuit sans éclairage public,Hors agglomération,Hors intersection,Normale,Trois véhicules et plus - en chaîne,,,,,,,,,,,3,1,1,1,4
200700071881,0007-11-07 12:15:00,7,11,7,12,15,690,266,RD383   3.750 A 7.640,,,Plein jour,Hors agglomération,Hors intersection,Normale,Trois véhicules et plus - collisions multiples,,,,,,,,,,,1,1,1,1,5
200700071882,0007-11-08 08:50:00,7,11,8,8,50,690,275,RN346   29.300 A 34.350,,,Plein jour,Hors agglomération,Hors intersection,Normale,Deux véhicules - arrière,,,,,,,,,,,1,1,1,1,2
200700071883,0007-11-09 04:40:00,7,11,9,4,40,690,290,A46S   40.883 A 43.680,,,Nuit avec éclairage allumé,Hors agglomération,Hors intersection,Pluie forte,Sans collision,,,,,,,,,,,5,1,1,3,7
200700071884,0007-11-10 16:45:00,7,11,10,16,45,690,266,RD383   1.165 A 1.893,,,Plein jour,Hors agglomération,Hors intersection,Pluie légère,Trois véhicules et plus - en chaîne,,,,,,,,,,,1,1,1,2,4
200700071885,0007-11-11 13:31:00,7,11,11,13,31,690,29,RD383   7.640 A 11.044,,,Plein jour,Hors agglomération,Hors intersection,Normale,Trois véhicules et plus - collisions multiples,,,,,,,,,,,1,1,1,1,5
200700071886,0007-11-11 23:00:00,7,11,11,23,0,690,382,A7   0.000 A 2.278,,,Nuit avec éclairage non allumé,Hors agglomération,Hors intersection,Normale,Deux véhicules - arrière,,,,,,,,,,,4,1,1,1,2
200700071887,0007-11-12 08:55:00,7,11,12,8,55,690,290,A46S   40.883 A 43.680,,,Plein jour,Hors agglomération,Hors intersection,Normale,Trois véhicules et plus - en chaîne,,,,,,,,,,,1,1,1,1,4
200700071888,0007-11-12 09:20:00,7,11,12,9,20,690,288,A43   13.029 A 15.971,,,Plein jour,Hors agglomération,Hors intersection,Normale,Trois véhicules et plus - en chaîne,,,,,,,,,,,1,1,1,1,4
200700071889,0007-11-13 19:40:00,7,11,13,19,40,690,290,A43   3.865 A 9.894,,,Nuit avec éclairage allumé,Hors agglomération,Hors intersection,Normale,Deux véhicules - arrière,,,,,,,,,,,5,1,1,1,2
200700071890,0007-11-16 19:00:00,7,11,16,19,0,690,388,RD383   11.460 A 11.750,,,Nuit avec éclairage allumé,Hors agglomération,Hors intersection,Normale,Trois véhicules et plus - en chaîne,,,,,,,,,,,5,1,1,1,4
200700071891,0007-11-18 22:30:00,7,11,18,22,30,690,29,RD383   7.640 A 11.044,,,Nuit avec éclairage non allumé,Hors agglomération,Hors intersection,Normale,Autre collision,,,,,,,,,,,4,1,1,1,6
200700071892,0007-11-19 11:05:00,7,11,19,11,5,690,152,A7   4.270 A 7.000,,,Plein jour,Hors agglomération,Hors intersection,Normale,Deux véhicules - côté,,,,,,,,,,,1,1,1,1,3
200700071893,0007-11-19 17:35:00,7,11,19,17,35,690,266,A42   0.000 A 0.560,,,Nuit sans éclairage public,Hors agglomération,Hors intersection,Normale,Deux véhicules - côté,,,,,,,,,,,3,1,1,1,3
200700071894,0007-11-19 19:10:00,7,11,19,19,10,690,72,A6   445.323 A 447.390,,,Nuit avec éclairage allumé,Hors agglomération,Hors intersection,Normale,Deux véhicules - arrière,,,,,,,,,,,5,1,1,1,2
200700071895,0007-11-19 19:30:00,7,11,19,19,30,690,383,A43   0.000 A 0.550,,,Nuit avec éclairage allumé,Hors agglomération,Hors intersection,Normale,Trois véhicules et plus - collisions multiples,,,,,,,,,,,5,1,1,1,5
200700071896,0007-11-20 06:30:00,7,11,20,6,30,690,389,A6   451.790 A 453.400,,,Plein jour,Hors agglomération,Hors intersection,Normale,Deux véhicules - arrière,,,,,,,,,,,1,1,1,1,2
200700071897,0007-11-20 18:25:00,7,11,20,18,25,690,199,A7   7.000 A 8.630,,,Nuit avec éclairage allumé,Hors agglomération,Hors intersection,Normale,Deux véhicules - arrière,,,,,,,,,,,5,1,1,1,2
200700071898,0007-11-23 13:10:00,7,11,23,13,10,690,256,RD383   1.893 A 2.321,,,Plein jour,Hors agglomération,Hors intersection,Normale,Trois véhicules et plus - collisions multiples,,,,,,,,,,,1,1,1,1,5
200700071899,0007-11-23 17:05:00,7,11,23,17,5,380,544,N407   0.000 A 2.331,,,Plein jour,Hors agglomération,Intersection en T,Normale,Deux véhicules - côté,,,,,,,,,,,1,1,3,1,3
200700071900,0007-11-23 17:50:00,7,11,23,17,50,690,115,A6   427.300 A 428.640,,,Nuit avec éclairage allumé,Hors agglomération,Hors intersection,Temps couvert,Deux véhicules - arrière,,,,,,,,,,,5,1,1,8,2
200700071901,0007-11-24 13:25:00,7,11,24,13,25,690,277,RN346   36.215 A 38.000,,,Plein jour,Hors agglomération,Hors intersection,Normale,Sans collision,,,,,,,,,,,1,1,1,1,7
200700071902,0007-11-13 07:50:00,7,11,13,7,50,690,81,BPNL   34.000 A 34.614,,,Nuit avec éclairage allumé,Hors agglomération,Hors intersection,Normale,Deux véhicules - arrière,,,,,,,,,,,5,1,1,1,2
200700071903,0007-11-27 14:05:00,7,11,27,14,5,690,29,RD383   7.640 A 11.044,,,Plein jour,Hors agglomération,Hors intersection,Normale,Deux véhicules - côté,,,,,,,,,,,1,1,1,1,3
200700071904,0007-11-28 18:00:00,7,11,28,18,0,690,29,A43   3.353 A 3.865,,,Nuit sans éclairage public,Hors agglomération,Hors intersection,Normale,Deux véhicules - arrière,,,,,,,,,,,3,1,1,1,2
200700071905,0007-11-29 07:20:00,7,11,29,7,20,690,382,A7   0.000 A 2.278,,,Crépuscule ou aube,Hors agglomération,Hors intersection,Normale,Deux véhicules - arrière,,,,,,,,,,,2,1,1,1,2
200700071906,0007-11-29 20:55:00,7,11,29,20,55,690,204,A450   1.740 A 5.100,,,Nuit avec éclairage allumé,Hors agglomération,Hors intersection,Normale,Sans collision,,,,,,,,,,,5,1,1,1,7
200700071907,0007-11-30 08:00:00,7,11,30,8,0,380,544,A7   25.770 A 27.460,,,Plein jour,Hors agglomération,Hors intersection,Normale,Autre collision,,,,,,,,,,,1,1,1,1,6
200700071908,0007-11-09 16:30:00,7,11,9,16,30,690,389,"53, AVENUE SIDOINE APOLL",,,Plein jour,En agglomération,Hors intersection,Temps couvert,Deux véhicules - côté,,,,,,,,,,,1,2,1,8,3
200700071909,0007-11-07 08:35:00,7,11,7,8,35,690,389,"36, RUE DE BOURGOGNE",,,Plein jour,En agglomération,Hors intersection,Normale,Deux véhicules - côté,,,,,,,,,,,1,2,1,1,3
200700071910,0007-11-22 18:55:00,7,11,22,18,55,690,389,"102, RUE PIERRE AUDRY",,,Nuit sans éclairage public,En agglomération,Hors intersection,Pluie forte,Autre collision,,,,,,,,,,,3,2,1,3,6
200700071911,0007-11-22 16:45:00,7,11,22,16,45,690,389,"00, AVENUE BEN GOURION",,,Nuit avec éclairage allumé,En agglomération,Autre intersection,Pluie légère,Deux véhicules - frontale,,,,,,,,,,,5,2,9,2,1
200700071912,0007-11-26 14:05:00,7,11,26,14,5,690,389,"09, RUE DE LA CLAIRE",,,Plein jour,En agglomération,Hors intersection,Normale,Sans collision,,,,,,,,,,,1,2,1,1,7
200700071913,0007-11-20 15:55:00,7,11,20,15,55,690,389,RUE PROFESSEUR GUERIN,,,Plein jour,En agglomération,Hors intersection,Temps couvert,Autre collision,,,,,,,,,,,1,2,1,8,6
200700071914,0007-11-02 07:40:00,7,11,2,7,40,830,123,A50,,,Crépuscule ou aube,Hors agglomération,Hors intersection,Normale,Autre collision,,,,,,,,,,,2,1,1,1,6
200700071915,0007-11-02 15:15:00,7,11,2,15,15,830,144,A57,,,Plein jour,Hors agglomération,Hors intersection,Normale,Deux véhicules - côté,,,,,,,,,,,1,1,1,1,3
200700071916,0007-11-02 22:56:00,7,11,2,22,56,830,137,A50,,,Nuit avec éclairage allumé,Hors agglomération,Hors intersection,Normale,Deux véhicules - arrière,,,,,,,,,,,5,1,1,1,2
200700071917,0007-11-04 18:39:00,7,11,4,18,39,830,144,A57,,,Nuit avec éclairage allumé,Hors agglomération,Hors intersection,Normale,Deux véhicules - côté,,,,,,,,,,,5,1,1,1,3
200700071918,0007-11-05 20:30:00,7,11,5,20,30,830,129,A50,,,Nuit sans éclairage public,Hors agglomération,Hors intersection,Normale,Trois véhicules et plus - en chaîne,,,,,,,,,,,3,1,1,1,4
200700071919,0007-11-06 16:15:00,7,11,6,16,15,830,137,A57,,,Plein jour,Hors agglomération,Hors intersection,Normale,Deux véhicules - côté,,,,,,,,,,,1,1,1,1,3
200700071920,0007-11-07 11:50:00,7,11,7,11,50,830,137,A50,,,Plein jour,Hors agglomération,Hors intersection,Normale,Autre collision,,,,,,,,,,,1,1,1,1,6
200700071921,0007-11-07 12:35:00,7,11,7,12,35,830,126,A50,,,Plein jour,Hors agglomération,Hors intersection,Normale,Deux véhicules - côté,,,,,,,,,,,1,1,1,1,3
200700071922,0007-11-07 15:28:00,7,11,7,15,28,830,144,A57,,,Plein jour,Hors agglomération,Hors intersection,Normale,Deux véhicules - arrière,,,,,,,,,,,1,1,1,1,2
200700071923,0007-11-09 08:12:00,7,11,9,8,12,830,137,A57,,,Crépuscule ou aube,Hors agglomération,Hors intersection,Normale,Deux véhicules - côté,,,,,,,,,,,2,1,1,1,3
200700071924,0007-11-14 08:00:00,7,11,14,8,0,830,144,A57,,,Plein jour,Hors agglomération,Hors intersection,Normale,Deux véhicules - côté,,,,,,,,,,,1,1,1,1,3
200700071925,0007-11-16 06:35:00,7,11,16,6,35,830,27,A50,,,Crépuscule ou aube,Hors agglomération,Hors intersection,Normale,Autre collision,,,,,,,,,,,2,1,1,1,6
200700071926,0007-11-17 11:48:00,7,11,17,11,48,830,144,A57,,,Plein jour,Hors agglomération,Hors intersection,Temps couvert,Deux véhicules - arrière,,,,,,,,,,,1,1,1,8,2
200700071927,0007-11-23 12:45:00,7,11,23,12,45,830,137,A50,,,Plein jour,Hors agglomération,Hors intersection,Normale,Deux véhicules - côté,,,,,,,,,,,1,1,1,1,3
200700071928,0007-11-24 21:40:00,7,11,24,21,40,830,137,A57,,,Nuit avec éclairage allumé,Hors agglomération,Hors intersection,Temps couvert,Autre collision,,,,,,,,,,,5,1,1,8,6
200700071929,0007-11-24 21:55:00,7,11,24,21,55,830,62,A570,,,Nuit avec éclairage allumé,Hors agglomération,Hors intersection,Temps couvert,Autre collision,,,,,,,,,,,5,1,1,8,6
200700071930,0007-11-30 17:10:00,7,11,30,17,10,830,47,A570,,,Plein jour,Hors agglomération,Hors intersection,Normale,Deux véhicules - côté,,,,,,,,,,,1,1,1,1,3
200700071931,0007-11-01 17:20:00,7,11,1,17,20,130,211,A50-Sens Aubagne vers Ma,,,Plein jour,Hors agglomération,Hors intersection,Normale,Deux véhicules - arrière,,,,,,,,,,,1,1,1,1,2
200700071932,0007-11-03 10:50:00,7,11,3,10,50,130,211,A50-Sens Marseille vers,,,Plein jour,Hors agglomération,Hors intersection,Normale,Deux véhicules - arrière,,,,,,,,,,,1,1,1,1,2
200700071933,0007-11-04 12:55:00,7,11,4,12,55,130,215,A7-Sens Marseille vers L,,,Plein jour,Hors agglomération,Hors intersection,Normale,Autre collision,,,,,,,,,,,1,1,1,1,6
200700071934,0007-11-04 16:45:00,7,11,4,16,45,130,210,A50-Sens Aubagne vers Ma,,,Plein jour,Hors agglomération,Hors intersection,Normale,Deux véhicules - arrière,,,,,,,,,,,1,1,1,1,2
200700071935,0007-11-04 18:15:00,7,11,4,18,15,130,71,A51-Sens Aix en Provence,,,Nuit sans éclairage public,Hors agglomération,Hors intersection,Normale,Trois véhicules et plus - en chaîne,,,,,,,,,,,3,1,1,1,4
200700071936,0007-11-04 19:30:00,7,11,4,19,30,130,15,A515CD-Gardanne vers A51,,,Nuit sans éclairage public,Hors agglomération,Hors intersection,Normale,Trois véhicules et plus - en chaîne,,,,,,,,,,,3,1,1,1,4
200700071937,0007-11-05 18:15:00,7,11,5,18,15,130,202,A55-Sens Martigues vers,,,Nuit sans éclairage public,Hors agglomération,Hors intersection,Normale,Trois véhicules et plus - en chaîne,,,,,,,,,,,3,1,1,1,4
200700071938,0007-11-05 22:05:00,7,11,5,22,5,130,202,A55-Sens Martigues vers,,,Nuit avec éclairage allumé,Hors agglomération,Hors intersection,Normale,Deux véhicules - arrière,,,,,,,,,,,5,1,1,1,2
200700071939,0007-11-05 18:40:00,7,11,5,18,40,130,117,A7-Sens Lyon vers Marsei,,,Nuit sans éclairage public,Hors agglomération,Hors intersection,Normale,Autre collision,,,,,,,,,,,3,1,1,1,6
200700071940,0007-11-06 06:00:00,7,11,6,6,0,130,215,A7-Sens Lyon vers Marsei,,,Nuit avec éclairage allumé,Hors agglomération,Hors intersection,Normale,Sans collision,,,,,,,,,,,5,1,1,1,7
200700071941,0007-11-06 18:30:00,7,11,6,18,30,130,215,A7-Sens Marseille vers L,,,Nuit sans éclairage public,Hors agglomération,Hors intersection,Normale,Trois véhicules et plus - collisions multiples,,,,,,,,,,,3,1,1,1,5
200700071942,0007-11-07 18:10:00,7,11,7,18,10,130,19,A51-Sens Marseille vers,,,Crépuscule ou aube,Hors agglomération,Hors intersection,Normale,Trois véhicules et plus - en chaîne,,,,,,,,,,,2,1,1,1,4
200700071943,0007-11-09 18:03:00,7,11,9,18,3,130,215,A55-Sens Marseille vers,,,Nuit avec éclairage allumé,Hors agglomération,Hors intersection,Vent fort / tempête,Deux véhicules - arrière,,,,,,,,,,,5,1,1,6,2
200700071944,0007-11-11 05:38:00,7,11,11,5,38,130,1,A51-Sens Marseille vers,,,Nuit sans éclairage public,Hors agglomération,Hors intersection,Normale,Autre collision,,,,,,,,,,,3,1,1,1,6
200700071945,0007-11-12 05:30:00,7,11,12,5,30,130,106,A51-Sens Aix en Provence,,,Nuit sans éclairage public,Hors agglomération,Hors intersection,Normale,Trois véhicules et plus - collisions multiples,,,,,,,,,,,3,1,1,1,5
200700071946,0007-11-12 08:15:00,7,11,12,8,15,130,71,A7-Sens Lyon vers Marsei,,,Plein jour,Hors agglomération,Hors intersection,Normale,Trois véhicules et plus - en chaîne,,,,,,,,,,,1,1,1,1,4
200700071947,0007-11-12 10:00:00,7,11,12,10,0,130,71,A55-Sens Martigues vers,,,Plein jour,Hors agglomération,Hors intersection,Normale,Deux véhicules - côté,,,,,,,,,,,1,1,1,1,3
200700071948,0007-11-13 09:30:00,7,11,13,9,30,130,211,A50-Sens Aubagne vers Ma,,,Plein jour,Hors agglomération,Hors intersection,Normale,Deux véhicules - arrière,,,,,,,,,,,1,1,1,1,2
200700071949,0007-11-13 22:38:00,7,11,13,22,38,130,81,A7-Sens Lyon vers Marsei,,,Nuit sans éclairage public,Hors agglomération,Hors intersection,Normale,Deux véhicules - arrière,,,,,,,,,,,3,1,1,1,2
200700071950,0007-11-14 08:20:00,7,11,14,8,20,130,5,A50-Sens Aubagne vers Ma,,,Plein jour,Hors agglomération,Hors intersection,Normale,Autre collision,,,,,,,,,,,1,1,1,1,6
200700071951,0007-11-14 16:45:00,7,11,14,16,45,130,211,A50-Sens Aubagne vers Ma,,,Plein jour,Hors agglomération,Hors intersection,Normale,Deux véhicules - arrière,,,,,,,,,,,1,1,1,1,2
200700071952,0007-11-14 17:45:00,7,11,14,17,45,130,211,A50-Sens Aubagne vers Ma,,,Nuit sans éclairage public,Hors agglomération,Hors intersection,Normale,Deux véhicules - côté,,,,,,,,,,,3,1,1,1,3
200700071953,0007-11-15 08:15:00,7,11,15,8,15,130,117,A7-Sens Lyon vers Marsei,,,Plein jour,Hors agglomération,Hors intersection,Normale,Trois véhicules et plus - en chaîne,,,,,,,,,,,1,1,1,1,4
200700071954,0007-11-15 09:13:00,7,11,15,9,13,130,26,A55-Sens Marseille vers,,,Plein jour,Hors agglomération,Hors intersection,Vent fort / tempête,Autre collision,,,,,,,,,,,1,1,1,6,6
200700071955,0007-11-11 11:37:00,7,11,11,11,37,130,216,A55-Sens Martigues vers,,,Plein jour,Hors agglomération,Hors intersection,Normale,Autre collision,,,,,,,,,,,1,1,1,1,6
200700071956,0007-11-15 13:11:00,7,11,15,13,11,130,26,A55-Sens Martigues vers,,,Plein jour,Hors agglomération,Hors intersection,Vent fort / tempête,Deux véhicules - côté,,,,,,,,,,,1,1,1,6,3
200700071957,0007-11-15 16:30:00,7,11,15,16,30,130,211,A50-Sens Marseille vers,,,Plein jour,Hors agglomération,Hors intersection,Neige / grêle,Trois véhicules et plus - en chaîne,,,,,,,,,,,1,1,1,4,4
200700071958,0007-11-21 17:35:00,7,11,21,17,35,130,211,A50-Sens Marseille vers,,,Plein jour,Hors agglomération,Hors intersection,Pluie légère,Deux véhicules - côté,,,,,,,,,,,1,1,1,2,3
200700071959,0007-11-17 01:40:00,7,11,17,1,40,130,203,A7-Sens Marseille vers L,,,Nuit avec éclairage allumé,Hors agglomération,Hors intersection,Normale,Deux véhicules - frontale,,,,,,,,,,,5,1,1,1,1
200700071960,0007-11-16 13:30:00,7,11,16,13,30,130,19,A51-Sens Marseille vers,,,Plein jour,Hors agglomération,Hors intersection,Normale,Sans collision,,,,,,,,,,,1,1,1,1,7
200700071961,0007-11-17 08:10:00,7,11,17,8,10,130,1,A51-Sens Aix en Provence,,,Plein jour,Hors agglomération,Hors intersection,Neige / grêle,Deux véhicules - arrière,,,,,,,,,,,1,1,1,4,2
200700071962,0007-11-19 06:38:00,7,11,19,6,38,130,71,A7-Sens Lyon vers Marsei,,,Nuit sans éclairage public,Hors agglomération,Hors intersection,Normale,Autre collision,,,,,,,,,,,3,1,1,1,6
200700071963,0007-11-19 17:35:00,7,11,19,17,35,130,5,A50-Sens Marseille vers,,,Nuit sans éclairage public,Hors agglomération,Hors intersection,Normale,Deux véhicules - arrière,,,,,,,,,,,3,1,1,1,2
200700071964,0007-11-21 07:00:00,7,11,21,7,0,130,210,A50-Sens Aubagne vers Ma,,,Nuit avec éclairage non allumé,Hors agglomération,Hors intersection,Pluie légère,Trois véhicules et plus - collisions multiples,,,,,,,,,,,4,1,1,2,5
200700071965,0007-11-22 13:00:00,7,11,22,13,0,130,85,A50-Sens Toulon vers Aub,,,Plein jour,Hors agglomération,Hors intersection,Pluie légère,Autre collision,,,,,,,,,,,1,1,1,2,6
200700071966,0007-11-22 16:03:00,7,11,22,16,3,130,214,A7-Sens Lyon vers Marsei,,,Crépuscule ou aube,Hors agglomération,Hors intersection,Pluie légère,Deux véhicules - arrière,,,,,,,,,,,2,1,1,2,2
200700071967,0007-11-22 19:30:00,7,11,22,19,30,130,56,A55-Sens Marseille vers,,,Nuit sans éclairage public,Hors agglomération,Hors intersection,Pluie forte,Trois véhicules et plus - collisions multiples,,,,,,,,,,,3,1,1,3,5
200700071968,0007-11-23 08:15:00,7,11,23,8,15,130,215,A55-Sens Martigues vers,,,Plein jour,Hors agglomération,Hors intersection,Normale,Trois véhicules et plus - en chaîne,,,,,,,,,,,1,1,1,1,4
200700071969,0007-11-23 08:30:00,7,11,23,8,30,130,117,A7-Sens Marseille vers L,,,Plein jour,Hors agglomération,Hors intersection,Pluie légère,Autre collision,,,,,,,,,,,1,1,1,2,6
200700071970,0007-11-23 08:30:00,7,11,23,8,30,130,85,A50-Sens Toulon vers Aub,,,Plein jour,Hors agglomération,Hors intersection,Pluie légère,Autre collision,,,,,,,,,,,1,1,1,2,6
200700071971,0007-11-23 15:49:00,7,11,23,15,49,130,55,A7-Sens Marseille vers L,,,Plein jour,Hors agglomération,Hors intersection,Normale,Trois véhicules et plus - en chaîne,,,,,,,,,,,1,1,1,1,4
200700071972,0007-11-23 19:30:00,7,11,23,19,30,130,215,A7-Sens Lyon vers Marsei,,,Nuit sans éclairage public,Hors agglomération,Hors intersection,Normale,Deux véhicules - arrière,,,,,,,,,,,3,1,1,1,2
200700071973,0007-11-23 19:50:00,7,11,23,19,50,130,71,A7-Sens Lyon vers Marsei,,,Nuit sans éclairage public,Hors agglomération,Hors intersection,Normale,Deux véhicules - côté,,,,,,,,,,,3,1,1,1,3
200700071974,0007-11-24 05:40:00,7,11,24,5,40,130,5,A50-Sens Marseille vers,,,Nuit sans éclairage public,Hors agglomération,Hors intersection,Normale,Autre collision,,,,,,,,,,,3,1,1,1,6
200700071975,0007-11-24 19:55:00,7,11,24,19,55,130,5,A501-Sens Aubagne vers P,,,Nuit sans éclairage public,Hors agglomération,Hors intersection,Temps couvert,Sans collision,,,,,,,,,,,3,1,1,8,7
200700071976,0007-11-24 20:15:00,7,11,24,20,15,130,56,A55-Sens Martigues vers,,,Nuit sans éclairage public,Hors agglomération,Hors intersection,Normale,Sans collision,,,,,,,,,,,3,1,1,1,7
200700071977,0007-11-23 23:24:00,7,11,23,23,24,130,207,Tunnel Prado Carénage,,,Nuit avec éclairage allumé,Hors agglomération,Hors intersection,Temps couvert,Autre collision,,,,,,,,,,,5,1,1,8,6
200700071978,0007-11-25 04:50:00,7,11,25,4,50,130,215,A7-Sens Lyon vers Marsei,,,Nuit sans éclairage public,Hors agglomération,Hors intersection,Normale,Autre collision,,,,,,,,,,,3,1,1,1,6
200700071979,0007-11-25 02:00:00,7,11,25,2,0,130,15,A51-Sens Marseille vers,,,Nuit sans éclairage public,Hors agglomération,Hors intersection,Normale,Autre collision,,,,,,,,,,,3,1,1,1,6
200700071980,0007-11-25 17:30:00,7,11,25,17,30,130,106,A51-Sens Marseille vers,,,Crépuscule ou aube,Hors agglomération,Hors intersection,Normale,Deux véhicules - arrière,,,,,,,,,,,2,1,1,1,2
200700071981,0007-11-27 13:15:00,7,11,27,13,15,130,106,A51-Sens Marseille vers,,,Plein jour,Hors agglomération,Hors intersection,Normale,Trois véhicules et plus - collisions multiples,,,,,,,,,,,1,1,1,1,5
200700071982,0007-11-28 11:30:00,7,11,28,11,30,130,106,A51-Sens Marseille vers,,,Plein jour,Hors agglomération,Hors intersection,Normale,Deux véhicules - côté,,,,,,,,,,,1,1,1,1,3
200700071983,0007-11-28 18:14:00,7,11,28,18,14,130,214,A7-Sens Marseille vers L,,,Nuit avec éclairage allumé,Hors agglomération,Hors intersection,Normale,Deux véhicules - arrière,,,,,,,,,,,5,1,1,1,2
200700071984,0007-11-29 07:45:00,7,11,29,7,45,130,106,A7-Sens Lyon vers Marsei,,,Crépuscule ou aube,Hors agglomération,Hors intersection,Normale,Autre collision,,,,,,,,,,,2,1,1,1,6
200700071985,0007-11-29 11:45:00,7,11,29,11,45,130,26,A55-Sens Marseille vers,,,Plein jour,Hors agglomération,Hors intersection,Normale,Deux véhicules - côté,,,,,,,,,,,1,1,1,1,3
200700071986,0007-11-29 16:30:00,7,11,29,16,30,130,215,A7-Sens Lyon vers Marsei,,,Plein jour,Hors agglomération,Hors intersection,Normale,Deux véhicules - arrière,,,,,,,,,,,1,1,1,1,2
200700071987,0007-11-29 22:07:00,7,11,29,22,7,130,56,A55-Sens Martigues vers,,,Nuit sans éclairage public,Hors agglomération,Hors intersection,Normale,Autre collision,,,,,,,,,,,3,1,1,1,6
200700071988,0007-11-30 12:40:00,7,11,30,12,40,130,15,A51-Sens Marseille vers,,,Plein jour,Hors agglomération,Hors intersection,Normale,Autre collision,,,,,,,,,,,1,1,1,1,6
200700071989,0007-11-23 13:45:00,7,11,23,13,45,130,202,A55-Sens Marseille vers,,,Plein jour,Hors agglomération,Hors intersection,Normale,Deux véhicules - arrière,,,,,,,,,,,1,1,1,1,2
200700071990,0007-11-02 10:25:00,7,11,2,10,25,750,101,"6, BOULEVARD DU PALAIS",,,Plein jour,En agglomération,Hors intersection,Temps couvert,Deux véhicules - côté,,,,,,,,,,,1,2,1,8,3
200700071991,0007-11-03 01:15:00,7,11,3,1,15,750,101,RUE DE CASTIGLIONE,,,Nuit avec éclairage allumé,En agglomération,Intersection en X,Pluie légère,Deux véhicules - arrière,,,,,,,,,,,5,2,2,2,2
200700071992,0007-11-08 15:45:00,7,11,8,15,45,750,101,"2, BOULEVARD DU PALAIS",,,Plein jour,En agglomération,Hors intersection,Pluie légère,Autre collision,,,,,,,,,,,1,2,1,2,6
200700071993,0007-11-09 14:25:00,7,11,9,14,25,750,101,RUE DU LOUVRE,,,Plein jour,En agglomération,Intersection en X,Normale,Autre collision,,,,,,,,,,,1,2,2,1,6
200700071994,0007-11-14 00:30:00,7,11,14,0,30,750,101,"03, RUE DE CASTIGLIONE",,,Nuit avec éclairage allumé,En agglomération,Hors intersection,Temps couvert,Deux véhicules - côté,,,,,,,,,,,5,2,1,8,3
200700071995,0007-11-14 09:45:00,7,11,14,9,45,750,101,"200, RUE DE RIVOLI",,,Plein jour,En agglomération,Hors intersection,Normale,Deux véhicules - côté,,,,,,,,,,,1,2,1,1,3
200700071996,0007-11-16 14:30:00,7,11,16,14,30,750,101,RUE DE L AMIRAL DE COLIG,,,Plein jour,En agglomération,Hors intersection,Normale,Deux véhicules - côté,,,,,,,,,,,1,2,1,1,3
200700071997,0007-11-19 21:30:00,7,11,19,21,30,750,102,"4, PLACE DE L OPERA",,,Nuit avec éclairage allumé,En agglomération,Hors intersection,Pluie légère,Deux véhicules - arrière,,,,,,,,,,,5,2,1,2,2
200700071998,0007-11-20 09:00:00,7,11,20,9,0,750,101,"162, RUE DE RIVOLI",,,Plein jour,En agglomération,Hors intersection,Normale,Sans collision,,,,,,,,,,,1,2,1,1,7
200700071999,0007-11-21 06:50:00,7,11,21,6,50,750,101,"122, RUE DE RIVOLI",,,Nuit avec éclairage allumé,En agglomération,Hors intersection,Pluie légère,Trois véhicules et plus - en chaîne,,,,,,,,,,,5,2,1,2,4
200700072000,0007-11-22 18:20:00,7,11,22,18,20,750,101,"26, RUE DE RICHELIEU",,,Nuit avec éclairage allumé,En agglomération,Hors intersection,Normale,Deux véhicules - côté,,,,,,,,,,,5,2,1,1,3
200700072001,0007-11-24 21:20:00,7,11,24,21,20,750,101,"146, RUE DE RIVOLI",,,Nuit avec éclairage allumé,En agglomération,Hors intersection,Normale,Deux véhicules - arrière,,,,,,,,,,,5,2,1,1,2
200700072002,0007-11-26 00:30:00,7,11,26,0,30,750,103,"34, RUE DE TURBIGO",,,Nuit avec éclairage allumé,En agglomération,Hors intersection,Normale,Autre collision,,,,,,,,,,,5,2,1,1,6
200700072003,0007-11-02 09:55:00,7,11,2,9,55,750,102,"40, RUE NOTRE DAME DES V",,,Plein jour,En agglomération,Hors intersection,Normale,Autre collision,,,,,,,,,,,1,2,1,1,6
200700072004,0007-11-03 09:50:00,7,11,3,9,50,750,102,RUE DU QUATRE SEPTEMBRE,,,Plein jour,En agglomération,Intersection en X,Normale,Deux véhicules - côté,,,,,,,,,,,1,2,2,1,3
200700072005,0007-11-10 02:40:00,7,11,10,2,40,750,102,"3, PLACE DE L OPERA",,,Nuit avec éclairage allumé,En agglomération,Hors intersection,Pluie légère,Sans collision,,,,,,,,,,,5,2,1,2,7