accident_id,datetime,annee,mois,jour,heure,minute,departement,commune_insee,adresse,latitude,longitude,luminosite,agglomeration,intersection,meteo,collision,nb_vehicules,nb_usagers,nb_indemnes,nb_tues,nb_blesses_hosp,nb_blesses_legers,age_cond_1,age_cond_2,veh_type_cond_1,veh_type_cond_2,lum_code,agg_code,int_code,atm_code,col_code
200700072653,0007-11-24 03:57:00,7,11,24,3,57,750,117,"17, RUE JEAN LECLAIRE",,,Nuit avec éclairage allumé,En agglomération,Hors intersection,Normale,Sans collision,,,,,,,,,,,5,2,1,1,7
200700072654,0007-11-24 12:40:00,7,11,24,12,40,750,117,"42, BOULEVARD DES BATIGN",,,Plein jour,En agglomération,Hors intersection,Normale,Autre collision,,,,,,,,,,,1,2,1,1,6
200700072655,0007-11-26 09:55:00,7,11,26,9,55,750,117,"16, RUE DE TILSITT",,,Plein jour,En agglomération,Hors intersection,Normale,Autre collision,,,,,,,,,,,1,2,1,1,6
200700072656,0007-11-26 10:53:00,7,11,26,10,53,750,117,"183 ter, AVENUE DE CLICH",,,Plein jour,En agglomération,Hors intersection,Normale,Deux véhicules - côté,,,,,,,,,,,1,2,1,1,3
200700072657,0007-11-26 16:00:00,7,11,26,16,0,750,117,"53, BOULEVARD DE COURCEL",,,Plein jour,En agglomération,Intersection en X,Normale,Deux véhicules - côté,,,,,,,,,,,1,2,2,1,3
200700072658,0007-11-27 21:30:00,7,11,27,21,30,750,117,"165, RUE DE ROME",,,Nuit avec éclairage allumé,En agglomération,Hors intersection,Normale,Trois véhicules et plus - en chaîne,,,,,,,,,,,5,2,1,1,4
200700072659,0007-11-27 22:00:00,7,11,27,22,0,750,117,"24, BOULEVARD DES BATIGN",,,Nuit avec éclairage allumé,En agglomération,Hors intersection,Normale,Autre collision,,,,,,,,,,,5,2,1,1,6
200700072660,0007-11-28 17:25:00,7,11,28,17,25,750,117,"11bis, BOULEVARD BERTHIE",,,Nuit avec éclairage allumé,En agglomération,Hors intersection,Normale,Autre collision,,,,,,,,,,,5,2,1,1,6
200700072661,0007-11-30 10:55:00,7,11,30,10,55,750,117,"122, AVENUE DE SAINT OUE",,,Plein jour,En agglomération,Hors intersection,Normale,Sans collision,,,,,,,,,,,1,2,1,1,7
200700072662,0007-11-30 11:10:00,7,11,30,11,10,750,117,PLACE DE WAGRAM,,,Plein jour,En agglomération,Giratoire,Normale,Deux véhicules - arrière,,,,,,,,,,,1,2,6,1,2
200700072663,0007-11-30 19:55:00,7,11,30,19,55,750,117,"133, AVENUE DE CLICHY",,,Nuit avec éclairage allumé,En agglomération,Hors intersection,Pluie légère,Autre collision,,,,,,,,,,,5,2,1,2,6
200700072664,0007-11-01 18:23:00,7,11,1,18,23,750,118,"48, RUE MARX DORMOY",,,Nuit avec éclairage allumé,En agglomération,Hors intersection,Normale,Deux véhicules - côté,,,,,,,,,,,5,2,1,1,3
200700072665,0007-11-02 00:20:00,7,11,2,0,20,750,118,"52, BOULEVARD DE LA CHAP",,,Nuit avec éclairage allumé,En agglomération,Hors intersection,Normale,Autre collision,,,,,,,,,,,5,2,1,1,6
200700072666,0007-11-03 05:30:00,7,11,3,5,30,750,118,"//////////, BOULEVARD DE",,,Nuit avec éclairage allumé,En agglomération,Intersection à plus de 4 branches,Pluie légère,Deux véhicules - côté,,,,,,,,,,,5,2,5,2,3
200700072667,0007-11-03 21:15:00,7,11,3,21,15,750,118,"15, AVENUE DE LA PORTE D",,,Nuit avec éclairage allumé,En agglomération,Intersection en X,Normale,Deux véhicules - côté,,,,,,,,,,,5,2,2,1,3
200700072668,0007-11-04 18:55:00,7,11,4,18,55,750,118,"15, RUE DES FILLETTES",,,Nuit sans éclairage public,En agglomération,Intersection en T,Normale,Autre collision,,,,,,,,,,,3,2,3,1,6
200700072669,0007-11-04 19:30:00,7,11,4,19,30,750,118,"2, AVENUE DE LA PORTE DE",,,Nuit sans éclairage public,En agglomération,Intersection en T,Normale,Deux véhicules - côté,,,,,,,,,,,3,2,3,1,3
200700072670,0007-11-06 06:40:00,7,11,6,6,40,750,118,AVENUE DE LA PORTE DE CL,,,Crépuscule ou aube,En agglomération,Hors intersection,Normale,Autre collision,,,,,,,,,,,2,2,1,1,6
200700072671,0007-11-08 13:00:00,7,11,8,13,0,750,118,"111, RUE DE CLIGNANCOURT",,,Plein jour,En agglomération,Hors intersection,Temps couvert,Deux véhicules - côté,,,,,,,,,,,1,2,1,8,3
200700072672,0007-11-09 08:40:00,7,11,9,8,40,750,118,"96, RUE DAMREMONT",,,Plein jour,En agglomération,Hors intersection,Pluie légère,Sans collision,,,,,,,,,,,1,2,1,2,7
200700072673,0007-11-09 18:35:00,7,11,9,18,35,750,118,"100, RUE DE CLIGNANCOURT",,,Nuit avec éclairage allumé,En agglomération,Intersection en X,Normale,Autre collision,,,,,,,,,,,5,2,2,1,6
200700072674,0007-11-09 20:10:00,7,11,9,20,10,750,118,BOULEVARD PERIPHERIQUE,,,Nuit avec éclairage allumé,En agglomération,Hors intersection,Normale,Sans collision,,,,,,,,,,,5,2,1,1,7
200700072675,0007-11-09 20:18:00,7,11,9,20,18,750,118,"203, RUE CHAMPIONNET",,,Nuit avec éclairage allumé,En agglomération,Hors intersection,Normale,Deux véhicules - côté,,,,,,,,,,,5,2,1,1,3
200700072676,0007-11-10 06:40:00,7,11,10,6,40,750,118,"48, BOULEVARD BARBES",,,Crépuscule ou aube,En agglomération,Hors intersection,Normale,Autre collision,,,,,,,,,,,2,2,1,1,6
200700072677,0007-11-11 13:00:00,7,11,11,13,0,750,118,"251, RUE MARCADET",,,Plein jour,En agglomération,Hors intersection,Pluie légère,Autre collision,,,,,,,,,,,1,2,1,2,6
200700072678,0007-11-11 19:00:00,7,11,11,19,0,750,118,"152, AVENUE DE SAINT OUE",,,Nuit avec éclairage allumé,En agglomération,Intersection en T,Pluie légère,Deux véhicules - côté,,,,,,,,,,,5,2,3,2,3
200700072679,0007-11-13 21:20:00,7,11,13,21,20,750,118,RUE ORDENER,,,Nuit avec éclairage allumé,En agglomération,Intersection en T,Pluie légère,Autre collision,,,,,,,,,,,5,2,3,2,6
200700072680,0007-11-13 21:30:00,7,11,13,21,30,750,118,"43, RUE MARX DORMOY",,,Nuit avec éclairage allumé,En agglomération,Hors intersection,Temps couvert,Sans collision,,,,,,,,,,,5,2,1,8,7
200700072681,0007-11-15 21:30:00,7,11,15,21,30,750,118,"17, RUE MARX DORMOY",,,Nuit avec éclairage allumé,En agglomération,Hors intersection,Normale,Autre collision,,,,,,,,,,,5,2,1,1,6
200700072682,0007-11-16 17:15:00,7,11,16,17,15,750,118,"74, RUE DE CLIGNANCOURT",,,Nuit avec éclairage allumé,En agglomération,Hors intersection,Normale,Deux véhicules - côté,,,,,,,,,,,5,2,1,1,3
200700072683,0007-11-17 03:30:00,7,11,17,3,30,750,118,"156, AVENUE DE LA PORTE",,,Nuit avec éclairage allumé,En agglomération,Intersection en X,Normale,Autre collision,,,,,,,,,,,5,2,2,1,6
200700072684,0007-11-18 20:25:00,7,11,18,20,25,750,118,"77, BOULEVARD ORNANO",,,Nuit avec éclairage allumé,En agglomération,Hors intersection,Pluie légère,Autre collision,,,,,,,,,,,5,2,1,2,6
200700072685,0007-11-19 07:30:00,7,11,19,7,30,750,118,"105, RUE CHAMPIONNET",,,Crépuscule ou aube,En agglomération,Hors intersection,Normale,Autre collision,,,,,,,,,,,2,2,1,1,6
200700072686,0007-11-19 20:35:00,7,11,19,20,35,750,118,"100, RUE DU POTEAU",,,Nuit avec éclairage allumé,En agglomération,Hors intersection,Pluie légère,Autre collision,,,,,,,,,,,5,2,1,2,6
200700072687,0007-11-20 00:20:00,7,11,20,0,20,750,118,RUE ORDENER,,,Nuit avec éclairage allumé,En agglomération,Hors intersection,Pluie légère,Deux véhicules - côté,,,,,,,,,,,5,2,1,2,3
200700072688,0007-11-22 17:30:00,7,11,22,17,30,750,118,"0, RUE DU POTEAU",,,Nuit avec éclairage allumé,En agglomération,Intersection à plus de 4 branches,Normale,Deux véhicules - côté,,,,,,,,,,,5,2,5,1,3
200700072689,0007-11-23 04:40:00,7,11,23,4,40,750,118,"100, RUE DE LA CHAPELLE",,,Nuit avec éclairage allumé,En agglomération,Intersection en X,Normale,Autre collision,,,,,,,,,,,5,2,2,1,6
200700072690,0007-11-23 14:55:00,7,11,23,14,55,750,118,"65, BOULEVARD NEY",,,Plein jour,En agglomération,Hors intersection,Normale,Autre collision,,,,,,,,,,,1,2,1,1,6
200700072691,0007-11-26 09:13:00,7,11,26,9,13,750,118,"116, BOULEVARD NEY",,,Plein jour,En agglomération,Hors intersection,Normale,Autre collision,,,,,,,,,,,1,2,1,1,6
200700072692,0007-11-27 10:00:00,7,11,27,10,0,750,118,"9, AVENUE DE LA PORTE DE",,,Plein jour,En agglomération,Hors intersection,Normale,Deux véhicules - côté,,,,,,,,,,,1,2,1,1,3
200700072693,0007-11-28 16:00:00,7,11,28,16,0,750,118,"14, AVENUE DE CLICHY",,,Plein jour,En agglomération,Hors intersection,Normale,Autre collision,,,,,,,,,,,1,2,1,1,6
200700072694,0007-11-29 10:48:00,7,11,29,10,48,750,118,"134, BOULEVARD DE CLICHY",,,Plein jour,En agglomération,Hors intersection,Temps couvert,Autre collision,,,,,,,,,,,1,2,1,8,6
200700072695,0007-11-29 18:30:00,7,11,29,18,30,750,118,"100, RUE DE LA CHAPELLE",,,Nuit avec éclairage allumé,En agglomération,Hors intersection,Pluie légère,Autre collision,,,,,,,,,,,5,2,1,2,6
200700072696,0007-11-29 23:20:00,7,11,29,23,20,750,118,"174, RUE ORDENER",,,Nuit avec éclairage allumé,En agglomération,Hors intersection,Normale,Deux véhicules - côté,,,,,,,,,,,5,2,1,1,3
200700072697,0007-11-30 14:15:00,7,11,30,14,15,750,118,"33, RUE CHAMPIONNET",,,Plein jour,En agglomération,Intersection en T,Normale,Autre collision,,,,,,,,,,,1,2,3,1,6
200700072698,0007-11-30 14:45:00,7,11,30,14,45,750,118,"34, RUE LABAT",,,Plein jour,En agglomération,Hors intersection,Normale,Deux véhicules - côté,,,,,,,,,,,1,2,1,1,3
200700072699,0007-11-30 20:15:00,7,11,30,20,15,750,118,"11, RUE ANDRE MESSAGER",,,Nuit avec éclairage allumé,En agglomération,Hors intersection,Pluie légère,Deux véhicules - arrière,,,,,,,,,,,5,2,1,2,2
200700072700,0007-11-02 08:00:00,7,11,2,8,0,750,110,"83, RUE DU FAUBOURG DU T",,,Plein jour,En agglomération,Hors intersection,Autre,Sans collision,,,,,,,,,,,1,2,1,9,7
200700072701,0007-11-03 21:30:00,7,11,3,21,30,750,119,"0, AVENUE DE LA PORTE CH",,,Nuit avec éclairage allumé,En agglomération,Intersection en X,Normale,Deux véhicules - côté,,,,,,,,,,,5,2,2,1,3
200700072702,0007-11-06 16:30:00,7,11,6,16,30,750,119,"42, RUE DE L OURCQ",,,Plein jour,En agglomération,Hors intersection,Normale,Autre collision,,,,,,,,,,,1,2,1,1,6
200700072703,0007-11-07 09:00:00,7,11,7,9,0,750,119,PLACE AUGUSTE BARON,,,Plein jour,En agglomération,Hors intersection,Normale,Deux véhicules - côté,,,,,,,,,,,1,2,1,1,3
200700072704,0007-11-07 12:00:00,7,11,7,12,0,750,119,"11, RUE DE CAMBRAI",,,Plein jour,En agglomération,Hors intersection,Normale,Autre collision,,,,,,,,,,,1,2,1,1,6
200700072705,0007-11-07 20:15:00,7,11,7,20,15,750,119,"2, AVENUE SIMON BOLIVAR",,,Nuit avec éclairage allumé,En agglomération,Hors intersection,Normale,Deux véhicules - côté,,,,,,,,,,,5,2,1,1,3
200700072706,0007-11-08 20:50:00,7,11,8,20,50,750,119,PLACE DE LA PORTE DE PAN,,,Nuit sans éclairage public,En agglomération,Intersection à plus de 4 branches,Normale,Autre collision,,,,,,,,,,,3,2,5,1,6
200700072707,0007-11-10 11:30:00,7,11,10,11,30,750,119,"1, PLACE AUGUSTE BARON",,,Plein jour,En agglomération,Hors intersection,Normale,Deux véhicules - arrière,,,,,,,,,,,1,2,1,1,2
200700072708,0007-11-11 02:30:00,7,11,11,2,30,750,119,"54, AVENUE MATHURIN MORE",,,Nuit avec éclairage allumé,En agglomération,Hors intersection,Normale,Autre collision,,,,,,,,,,,5,2,1,1,6
200700072709,0007-11-14 12:35:00,7,11,14,12,35,750,119,AVENUE DE LA PORTE CHAUM,,,Plein jour,En agglomération,Hors intersection,Normale,Autre collision,,,,,,,,,,,1,2,1,1,6
200700072710,0007-11-14 17:45:00,7,11,14,17,45,750,119,AVENUE DE LA PORTE DU PR,,,Nuit avec éclairage allumé,En agglomération,Intersection en X,Normale,Deux véhicules - côté,,,,,,,,,,,5,2,2,1,3
200700072711,0007-11-15 14:35:00,7,11,15,14,35,750,119,"0, AVENUE DE LA PORTE CH",,,Plein jour,En agglomération,Intersection en X,Normale,Deux véhicules - côté,,,,,,,,,,,1,2,2,1,3
200700072712,0007-11-16 18:00:00,7,11,16,18,0,750,119,BOULEVARD MACDONALD,,,Nuit avec éclairage allumé,En agglomération,Hors intersection,Normale,Deux véhicules - arrière,,,,,,,,,,,5,2,1,1,2
200700072713,0007-11-17 06:30:00,7,11,17,6,30,750,119,PLACE DE LA PORTE DE PAN,,,Nuit avec éclairage allumé,En agglomération,Hors intersection,Normale,Sans collision,,,,,,,,,,,5,2,1,1,7
200700072714,0007-11-17 11:15:00,7,11,17,11,15,750,119,"95, RUE DE MEAUX",,,Plein jour,En agglomération,Intersection en T,Normale,Autre collision,,,,,,,,,,,1,2,3,1,6
200700072715,0007-11-17 18:00:00,7,11,17,18,0,750,119,", BOULEVARD SERURIER",,,Crépuscule ou aube,En agglomération,Hors intersection,Normale,Autre collision,,,,,,,,,,,2,2,1,1,6
200700072716,0007-11-18 11:10:00,7,11,18,11,10,750,119,"133, RUE MANIN",,,Plein jour,En agglomération,Hors intersection,Normale,Deux véhicules - côté,,,,,,,,,,,1,2,1,1,3
200700072717,0007-11-18 21:50:00,7,11,18,21,50,750,119,"96, AVENUE DE FLANDRE",,,Nuit avec éclairage allumé,En agglomération,Intersection en X,Pluie légère,Autre collision,,,,,,,,,,,5,2,2,2,6
200700072718,0007-11-19 18:30:00,7,11,19,18,30,750,119,PLACE AUGUSTE BARON,,,Nuit avec éclairage allumé,En agglomération,Hors intersection,Pluie légère,Deux véhicules - arrière,,,,,,,,,,,5,2,1,2,2
200700072719,0007-11-20 15:50:00,7,11,20,15,50,750,119,"137, RUE DE BELLEVILLE",,,Plein jour,En agglomération,Hors intersection,Pluie légère,Deux véhicules - côté,,,,,,,,,,,1,2,1,2,3
200700072720,0007-11-22 17:10:00,7,11,22,17,10,750,119,"61, RUE RIQUET",,,Nuit avec éclairage allumé,En agglomération,Hors intersection,Normale,Autre collision,,,,,,,,,,,5,2,1,1,6
200700072721,0007-11-23 01:10:00,7,11,23,1,10,750,119,"224, BOULEVARD DE LA VIL",,,Nuit avec éclairage allumé,En agglomération,Hors intersection,Normale,Autre collision,,,,,,,,,,,5,2,1,1,6
200700072722,0007-11-23 12:35:00,7,11,23,12,35,750,119,"157, BOULEVARD SERURIER",,,Plein jour,En agglomération,Hors intersection,Pluie légère,Sans collision,,,,,,,,,,,1,2,1,2,7
200700072723,0007-11-23 11:30:00,7,11,23,11,30,750,119,AVENUE DE LA PORTE CHAUM,,,Plein jour,En agglomération,Intersection en X,Pluie légère,Deux véhicules - frontale,,,,,,,,,,,1,2,2,2,1
200700072724,0007-11-24 14:20:00,7,11,24,14,20,750,119,RUE ALEXANDER FLEMING,,,Plein jour,En agglomération,Hors intersection,Normale,Deux véhicules - côté,,,,,,,,,,,1,2,1,1,3
200700072725,0007-11-24 20:45:00,7,11,24,20,45,750,119,"72, RUE DE L INSPECTEUR",,,Crépuscule ou aube,En agglomération,Intersection en X,Normale,Deux véhicules - côté,,,,,,,,,,,2,2,2,1,3
200700072726,0007-11-26 14:00:00,7,11,26,14,0,750,119,"119, AVENUE SIMON BOLIVA",,,Plein jour,En agglomération,Intersection en T,Normale,Deux véhicules - côté,,,,,,,,,,,1,2,3,1,3
200700072727,0007-11-26 14:30:00,7,11,26,14,30,750,119,"149, RUE MANIN",,,Plein jour,En agglomération,Hors intersection,Normale,Deux véhicules - côté,,,,,,,,,,,1,2,1,1,3
200700072728,0007-11-26 19:05:00,7,11,26,19,5,750,119,"210, AVENUE JEAN JAURES",,,Nuit avec éclairage allumé,En agglomération,Hors intersection,Normale,Deux véhicules - arrière,,,,,,,,,,,5,2,1,1,2
200700072729,0007-11-28 16:30:00,7,11,28,16,30,750,119,RUE D AUBERVILLIERS,,,Plein jour,En agglomération,Hors intersection,Normale,Deux véhicules - arrière,,,,,,,,,,,1,2,1,1,2
200700072730,0007-11-03 17:15:00,7,11,3,17,15,750,120,"11, PLACE GAMBETTA",,,Crépuscule ou aube,En agglomération,Giratoire,Temps couvert,Deux véhicules - côté,,,,,,,,,,,2,2,6,8,3
200700072731,0007-11-03 16:00:00,7,11,3,16,0,750,120,"226, RUE DES PYRENEES",,,Plein jour,En agglomération,Intersection en X,Normale,Deux véhicules - côté,,,,,,,,,,,1,2,2,1,3
200700072732,0007-11-05 09:15:00,7,11,5,9,15,750,120,"50, RUE BELGRAND",,,Plein jour,En agglomération,Hors intersection,Normale,Autre collision,,,,,,,,,,,1,2,1,1,6
200700072733,0007-11-07 13:10:00,7,11,7,13,10,750,120,"353, RUE DES PYRENEES",,,Plein jour,En agglomération,Hors intersection,Normale,Deux véhicules - côté,,,,,,,,,,,1,2,1,1,3
200700072734,0007-11-07 16:12:00,7,11,7,16,12,750,120,"143, RUE D AVRON",,,Plein jour,En agglomération,Hors intersection,Normale,Autre collision,,,,,,,,,,,1,2,1,1,6
200700072735,0007-11-07 22:31:00,7,11,7,22,31,750,120,COURS DE VINCENNES,,,Nuit avec éclairage allumé,En agglomération,Intersection en X,Normale,Deux véhicules - côté,,,,,,,,,,,5,2,2,1,3
200700072736,0007-11-08 07:45:00,7,11,8,7,45,750,120,"98, BOULEVARD MORTIER",,,Plein jour,En agglomération,Hors intersection,Pluie légère,Deux véhicules - côté,,,,,,,,,,,1,2,1,2,3
200700072737,0007-11-08 10:20:00,7,11,8,10,20,750,120,RUE PELLEPORT,,,Plein jour,En agglomération,Intersection en X,Temps couvert,Deux véhicules - côté,,,,,,,,,,,1,2,2,8,3
200700072738,0007-11-09 08:40:00,7,11,9,8,40,750,120,"115, RUE DE BAGNOLET",,,Plein jour,En agglomération,Hors intersection,Pluie légère,Deux véhicules - côté,,,,,,,,,,,1,2,1,2,3
200700072739,0007-11-09 10:30:00,7,11,9,10,30,750,120,"22, BOULEVARD DE BELLEVI",,,Plein jour,En agglomération,Hors intersection,Normale,Autre collision,,,,,,,,,,,1,2,1,1,6
200700072740,0007-11-09 13:00:00,7,11,9,13,0,750,120,"1, RUE DE BAGNOLET",,,Plein jour,En agglomération,Hors intersection,Normale,Deux véhicules - arrière,,,,,,,,,,,1,2,1,1,2
200700072741,0007-11-10 10:05:00,7,11,10,10,5,750,120,"67, COURS DE VINCENNES",,,Plein jour,En agglomération,Hors intersection,Normale,Autre collision,,,,,,,,,,,1,2,1,1,6
200700072742,0007-11-10 20:50:00,7,11,10,20,50,750,120,"2, RUE PIERRE MOUILLARD",,,Nuit avec éclairage allumé,En agglomération,Intersection en T,Normale,Autre collision,,,,,,,,,,,5,2,3,1,6
200700072743,0007-11-12 07:45:00,7,11,12,7,45,750,120,"72, BOULEVARD DAVOUT",,,Plein jour,En agglomération,Hors intersection,Normale,Autre collision,,,,,,,,,,,1,2,1,1,6
200700072744,0007-11-13 10:00:00,7,11,13,10,0,750,120,"224, RUE DES PYRENEES",,,Plein jour,En agglomération,Intersection en X,Normale,Deux véhicules - côté,,,,,,,,,,,1,2,2,1,3
200700072745,0007-11-13 12:00:00,7,11,13,12,0,750,120,PLACE DE LA PORTE DE BAG,,,Plein jour,En agglomération,Intersection à plus de 4 branches,Temps couvert,Deux véhicules - arrière,,,,,,,,,,,1,2,5,8,2
200700072746,0007-11-14 08:10:00,7,11,14,8,10,750,120,AVENUE DE LA PORTE DE VI,,,Plein jour,En agglomération,Intersection en T,Normale,Deux véhicules - côté,,,,,,,,,,,1,2,3,1,3
200700072747,0007-11-14 08:25:00,7,11,14,8,25,750,120,"84, BOULEVARD DE MENILMO",,,Plein jour,En agglomération,Hors intersection,Normale,Deux véhicules - arrière,,,,,,,,,,,1,2,1,1,2
200700072748,0007-11-14 11:40:00,7,11,14,11,40,750,120,"63, RUE PIXERECOURT",,,Plein jour,En agglomération,Hors intersection,Normale,Deux véhicules - arrière,,,,,,,,,,,1,2,1,1,2
200700072749,0007-11-14 21:30:00,7,11,14,21,30,750,120,BOULEVARD PERIPHERIQUE E,,,Nuit avec éclairage allumé,En agglomération,Hors intersection,Temps couvert,Deux véhicules - côté,,,,,,,,,,,5,2,1,8,3
200700072750,0007-11-15 16:40:00,7,11,15,16,40,750,120,"6, BOULEVARD DE CHARONNE",,,Plein jour,En agglomération,Hors intersection,Normale,Deux véhicules - côté,,,,,,,,,,,1,2,1,1,3
200700072751,0007-11-15 18:03:00,7,11,15,18,3,750,120,RUE DES PYRENEES,,,Nuit avec éclairage allumé,En agglomération,Intersection en X,Normale,Deux véhicules - côté,,,,,,,,,,,5,2,2,1,3
200700072752,0007-11-16 07:45:00,7,11,16,7,45,750,120,AVENUE DE LA PORTE DE BA,,,Plein jour,En agglomération,Intersection en T,Normale,Trois véhicules et plus - collisions multiples,,,,,,,,,,,1,2,3,1,5
200700072753,0007-11-16 13:16:00,7,11,16,13,16,750,120,"61, RUE DES AMANDIERS",,,Plein jour,En agglomération,Intersection en X,Normale,Deux véhicules - côté,,,,,,,,,,,1,2,2,1,3
200700072754,0007-11-19 15:40:00,7,11,19,15,40,750,120,"229, RUE DES PYRENEES",,,Plein jour,En agglomération,Hors intersection,Temps couvert,Autre collision,,,,,,,,,,,1,2,1,8,6
200700072755,0007-11-21 00:01:00,7,11,21,0,1,750,120,"49, RUE DE BAGNOLET",,,Nuit avec éclairage allumé,En agglomération,Hors intersection,Pluie légère,Autre collision,,,,,,,,,,,5,2,1,2,6
200700072756,0007-11-21 09:35:00,7,11,21,9,35,750,120,"75, BOULEVARD MORTIER",,,Plein jour,En agglomération,Intersection en X,Normale,Deux véhicules - côté,,,,,,,,,,,1,2,2,1,3
200700072757,0007-11-21 11:50:00,7,11,21,11,50,750,120,"6, BOULEVARD DE BELLEVIL",,,Plein jour,En agglomération,Intersection en T,Normale,Deux véhicules - côté,,,,,,,,,,,1,2,3,1,3
200700072758,0007-11-21 15:15:00,7,11,21,15,15,750,120,"94, BOULEVARD MORTIER",,,Plein jour,En agglomération,Hors intersection,Normale,Autre collision,,,,,,,,,,,1,2,1,1,6
200700072759,0007-11-21 16:35:00,7,11,21,16,35,750,120,RUE DE LAGNY,,,Plein jour,En agglomération,Intersection en X,Normale,Autre collision,,,,,,,,,,,1,2,2,1,6
200700072760,0007-11-21 18:30:00,7,11,21,18,30,750,120,"355, RUE DES PYRENEES",,,Nuit avec éclairage allumé,En agglomération,Hors intersection,Normale,Deux véhicules - côté,,,,,,,,,,,5,2,1,1,3
200700072761,0007-11-22 11:45:00,7,11,22,11,45,750,120,"47, RUE SAINT FARGEAU",,,Plein jour,En agglomération,Hors intersection,Normale,Autre collision,,,,,,,,,,,1,2,1,1,6
200700072762,0007-11-22 13:45:00,7,11,22,13,45,750,120,"33, AVENUE GAMBETTA",,,Plein jour,En agglomération,Intersection en T,Normale,Autre collision,,,,,,,,,,,1,2,3,1,6
200700072763,0007-11-22 17:30:00,7,11,22,17,30,750,120,BOULEVARD MORTIER,,,Nuit avec éclairage allumé,En agglomération,Hors intersection,Normale,Deux véhicules - côté,,,,,,,,,,,5,2,1,1,3
200700072764,0007-11-22 18:35:00,7,11,22,18,35,750,120,"54, BOULEVARD DE MENILMO",,,Nuit avec éclairage allumé,En agglomération,Hors intersection,Normale,Autre collision,,,,,,,,,,,5,2,1,1,6
200700072765,0007-11-22 19:55:00,7,11,22,19,55,750,120,"219, BOULEVARD DAVOUT",,,Nuit avec éclairage allumé,En agglomération,Hors intersection,Normale,Deux véhicules - côté,,,,,,,,,,,5,2,1,1,3
200700072766,0007-11-23 08:45:00,7,11,23,8,45,750,120,RUE DE BELLEVILLE,,,Plein jour,En agglomération,Intersection en T,Normale,Deux véhicules - côté,,,,,,,,,,,1,2,3,1,3
200700072767,0007-11-23 17:05:00,7,11,23,17,5,750,120,AVENUE CARTELLIER,,,Nuit avec éclairage allumé,En agglomération,Hors intersection,Normale,Deux véhicules - côté,,,,,,,,,,,5,2,1,1,3
200700072768,0007-11-24 12:00:00,7,11,24,12,0,750,120,RUE PELLEPORT,,,Plein jour,En agglomération,Intersection en X,Normale,Autre collision,,,,,,,,,,,1,2,2,1,6
200700072769,0007-11-24 22:25:00,7,11,24,22,25,750,120,"102, BOULEVARD DE MENILM",,,Nuit avec éclairage allumé,En agglomération,Intersection en T,Normale,Deux véhicules - côté,,,,,,,,,,,5,2,3,1,3
200700072770,0007-11-26 12:10:00,7,11,26,12,10,750,120,"1, PLACE MARTIN NADAUD",,,Plein jour,En agglomération,Place,Normale,Deux véhicules - côté,,,,,,,,,,,1,2,7,1,3
200700072771,0007-11-27 14:10:00,7,11,27,14,10,750,120,BOULEVARD DAVOUT,,,Plein jour,En agglomération,Intersection en T,Normale,Autre collision,,,,,,,,,,,1,2,3,1,6
200700072772,0007-11-27 14:40:00,7,11,27,14,40,750,120,PLACE EDITH PIAF,,,Plein jour,En agglomération,Hors intersection,Pluie légère,Autre collision,,,,,,,,,,,1,2,1,2,6
200700072773,0007-11-27 19:35:00,7,11,27,19,35,750,120,"9, RUE PHILIDOR",,,Nuit avec éclairage allumé,En agglomération,Hors intersection,Normale,Autre collision,,,,,,,,,,,5,2,1,1,6
200700072774,0007-11-28 18:10:00,7,11,28,18,10,750,120,"1, PLACE GAMBETTA",,,Nuit avec éclairage allumé,En agglomération,Giratoire,Temps couvert,Deux véhicules - côté,,,,,,,,,,,5,2,6,8,3
200700072775,0007-11-29 18:55:00,7,11,29,18,55,750,120,"2, PLACE PAUL SIGNAC",,,Nuit avec éclairage allumé,En agglomération,Intersection en Y,Pluie légère,Autre collision,,,,,,,,,,,5,2,4,2,6
200700072776,0007-11-01 05:00:00,7,11,1,5,0,750,117,"67, RUE DES ACACIAS",,,Nuit avec éclairage allumé,En agglomération,Intersection en X,Normale,Autre collision,,,,,,,,,,,5,2,2,1,6
200700072777,0007-11-01 16:00:00,7,11,1,16,0,750,116,BOULEVARD PERIPHERIQUE I,,,Plein jour,En agglomération,Hors intersection,Temps couvert,Autre collision,,,,,,,,,,,1,2,1,8,6
200700072778,0007-11-01 20:05:00,7,11,1,20,5,750,116,AVENUE DE VERSAILLES,,,Nuit avec éclairage allumé,En agglomération,Intersection en X,Normale,Autre collision,,,,,,,,,,,5,2,2,1,6
200700072779,0007-11-01 22:40:00,7,11,1,22,40,750,120,RUE D AVRON,,,Nuit avec éclairage allumé,En agglomération,Intersection en X,Normale,Deux véhicules - côté,,,,,,,,,,,5,2,2,1,3
200700072780,0007-11-02 03:21:00,7,11,2,3,21,750,108,"64, RUE FRANCOIS 1ER",,,Nuit avec éclairage allumé,En agglomération,Hors intersection,Normale,Deux véhicules - côté,,,,,,,,,,,5,2,1,1,3
200700072781,0007-11-02 11:15:00,7,11,2,11,15,750,115,"59, RUE BRANCION",,,Plein jour,En agglomération,Hors intersection,Normale,Autre collision,,,,,,,,,,,1,2,1,1,6