accident_id,datetime,annee,mois,jour,heure,minute,departement,commune_insee,adresse,latitude,longitude,luminosite,agglomeration,intersection,meteo,collision,nb_vehicules,nb_usagers,nb_indemnes,nb_tues,nb_blesses_hosp,nb_blesses_legers,age_cond_1,age_cond_2,veh_type_cond_1,veh_type_cond_2,lum_code,agg_code,int_code,atm_code,col_code
200700072782,0007-11-03 19:06:00,7,11,3,19,6,750,112,ESPLANADE SAINT LOUIS,,,Nuit avec éclairage allumé,En agglomération,Intersection en X,Normale,Deux véhicules - côté,,,,,,,,,,,5,2,2,1,3
200700072783,0007-11-04 03:30:00,7,11,4,3,30,750,119,BOULEVARD PERIPHERIQUE,,,Nuit avec éclairage allumé,En agglomération,Hors intersection,Normale,Trois véhicules et plus - collisions multiples,,,,,,,,,,,5,2,1,1,5
200700072784,0007-11-07 10:30:00,7,11,7,10,30,750,111,"20, BOULEVARD RICHARD LE",,,Plein jour,En agglomération,Hors intersection,Normale,Autre collision,,,,,,,,,,,1,2,1,1,6
200700072785,0007-11-07 15:25:00,7,11,7,15,25,750,119,"6/8, RUE D AUBERVILLIERS",,,Plein jour,En agglomération,Hors intersection,Normale,Autre collision,,,,,,,,,,,1,2,1,1,6
200700072786,0007-11-08 06:43:00,7,11,8,6,43,750,116,"/, AVENUE DE L HIPPODROM",,,Crépuscule ou aube,En agglomération,Hors intersection,Normale,Deux véhicules - côté,,,,,,,,,,,2,2,1,1,3
200700072787,0007-11-09 06:10:00,7,11,9,6,10,750,109,"42, RUE DE LA CHAUSSEE D",,,Crépuscule ou aube,En agglomération,Hors intersection,Normale,Autre collision,,,,,,,,,,,2,2,1,1,6
200700072788,0007-11-09 18:30:00,7,11,9,18,30,750,113,AVENUE D ITALIE,,,Nuit avec éclairage allumé,En agglomération,Hors intersection,Normale,Autre collision,,,,,,,,,,,5,2,1,1,6
200700072789,0007-11-10 01:45:00,7,11,10,1,45,750,103,RUE REAUMUR,,,Nuit avec éclairage allumé,En agglomération,Intersection en X,Normale,Deux véhicules - arrière,,,,,,,,,,,5,2,2,1,2
200700072790,0007-11-11 03:00:00,7,11,11,3,0,750,117,RUE LEGENDRE,,,Nuit avec éclairage allumé,En agglomération,Intersection en T,Normale,Autre collision,,,,,,,,,,,5,2,3,1,6
200700072791,0007-11-11 21:59:00,7,11,11,21,59,750,111,"250, BOULEVARD VOLTAIRE",,,Nuit avec éclairage allumé,En agglomération,Hors intersection,Normale,Deux véhicules - côté,,,,,,,,,,,5,2,1,1,3
200700072792,0007-11-12 09:30:00,7,11,12,9,30,750,113,"20, GARE D AUSTERLITZ",,,Plein jour,En agglomération,Hors intersection,Normale,Deux véhicules - côté,,,,,,,,,,,1,2,1,1,3
200700072793,0007-11-13 02:15:00,7,11,13,2,15,750,118,"45, BOULEVARD BARBES",,,Nuit avec éclairage non allumé,En agglomération,Hors intersection,Normale,Deux véhicules - côté,,,,,,,,,,,4,2,1,1,3
200700072794,0007-11-14 18:15:00,7,11,14,18,15,750,119,"67, RUE DE CRIMEE",,,Nuit avec éclairage non allumé,En agglomération,Hors intersection,Normale,Autre collision,,,,,,,,,,,4,2,1,1,6
200700072795,0007-11-15 10:00:00,7,11,15,10,0,750,111,"98, AVENUE DE LA REPUBLI",,,Plein jour,En agglomération,Hors intersection,Normale,Deux véhicules - côté,,,,,,,,,,,1,2,1,1,3
200700072796,0007-11-15 12:45:00,7,11,15,12,45,750,106,BOULEVARD DU MONTPARNASS,,,Plein jour,En agglomération,Hors intersection,Normale,Autre collision,,,,,,,,,,,1,2,1,1,6
200700072797,0007-11-16 20:20:00,7,11,16,20,20,750,112,BOULEVARD PONIATOWSKI,,,Nuit avec éclairage allumé,En agglomération,Hors intersection,Normale,Autre collision,,,,,,,,,,,5,2,1,1,6
200700072798,0007-11-17 05:00:00,7,11,17,5,0,750,116,ALLEE DE LA REINE MARGUE,,,Nuit avec éclairage allumé,En agglomération,Hors intersection,Normale,Deux véhicules - côté,,,,,,,,,,,5,2,1,1,3
200700072799,0007-11-18 12:00:00,7,11,18,12,0,750,116,BOULEVARD DE L AMIRAL BR,,,Plein jour,En agglomération,Hors intersection,Normale,Trois véhicules et plus - en chaîne,,,,,,,,,,,1,2,1,1,4
200700072800,0007-11-18 14:00:00,7,11,18,14,0,750,111,"2, AVENUE PHILIPPE AUGUS",,,Plein jour,En agglomération,Hors intersection,Normale,Deux véhicules - arrière,,,,,,,,,,,1,2,1,1,2
200700072801,0007-11-19 09:50:00,7,11,19,9,50,750,119,"219, BOULEVARD MACDONALD",,,Plein jour,En agglomération,Hors intersection,Pluie légère,Sans collision,,,,,,,,,,,1,2,1,2,7
200700072802,0007-11-20 11:15:00,7,11,20,11,15,750,112,AVENUE DE LA PORTE DE CH,,,Plein jour,En agglomération,Hors intersection,Pluie légère,Autre collision,,,,,,,,,,,1,2,1,2,6
200700072803,0007-11-20 11:15:00,7,11,20,11,15,750,107,QUAI D ORSAY,,,Plein jour,En agglomération,Intersection en T,Pluie légère,Deux véhicules - côté,,,,,,,,,,,1,2,3,2,3
200700072804,0007-11-21 06:15:00,7,11,21,6,15,750,112,"60, BOULEVARD DE BERCY",,,Nuit avec éclairage allumé,En agglomération,Hors intersection,Normale,Autre collision,,,,,,,,,,,5,2,1,1,6
200700072805,0007-11-21 10:20:00,7,11,21,10,20,750,116,AVENUE KLEBER,,,Plein jour,En agglomération,Hors intersection,Normale,Autre collision,,,,,,,,,,,1,2,1,1,6
200700072806,0007-11-22 12:30:00,7,11,22,12,30,750,115,"203, RUE DE VAUGIRARD",,,Plein jour,En agglomération,Hors intersection,Normale,Deux véhicules - côté,,,,,,,,,,,1,2,1,1,3
200700072807,0007-11-22 12:36:00,7,11,22,12,36,750,115,BOULEVARD GENERAL MARTIA,,,Plein jour,En agglomération,Intersection en X,Normale,Deux véhicules - côté,,,,,,,,,,,1,2,2,1,3
200700072808,0007-11-22 22:05:00,7,11,22,22,5,750,120,"403, RUE DES PYRENEES",,,Nuit avec éclairage allumé,En agglomération,Intersection en X,Normale,Deux véhicules - frontale,,,,,,,,,,,5,2,2,1,1
200700072809,0007-11-23 07:30:00,7,11,23,7,30,750,113,"209, BOULEVARD VINCENT A",,,Plein jour,En agglomération,Hors intersection,Normale,Sans collision,,,,,,,,,,,1,2,1,1,7
200700072810,0007-11-23 09:15:00,7,11,23,9,15,750,120,BOULEVARD PERIPHERIQUE E,,,Plein jour,En agglomération,Hors intersection,Normale,Trois véhicules et plus - collisions multiples,,,,,,,,,,,1,2,1,1,5
200700072811,0007-11-24 18:20:00,7,11,24,18,20,750,108,"123, AVENUE DES CHAMPS E",,,Nuit avec éclairage allumé,En agglomération,Hors intersection,Normale,Deux véhicules - côté,,,,,,,,,,,5,2,1,1,3
200700072812,0007-11-25 14:35:00,7,11,25,14,35,750,118,"104, RUE DU POTEAU",,,Plein jour,En agglomération,Hors intersection,Normale,Autre collision,,,,,,,,,,,1,2,1,1,6
200700072813,0007-11-25 19:35:00,7,11,25,19,35,750,116,BOULEVARD PERIPHERIQUE E,,,Nuit avec éclairage non allumé,En agglomération,Hors intersection,Normale,Deux véhicules - côté,,,,,,,,,,,4,2,1,1,3
200700072814,0007-11-25 19:55:00,7,11,25,19,55,750,102,RUE DE LA MICHODIERE,,,Nuit avec éclairage allumé,En agglomération,Intersection en X,Normale,Deux véhicules - côté,,,,,,,,,,,5,2,2,1,3
200700072815,0007-11-25 22:50:00,7,11,25,22,50,750,106,"8, BOULEVARD SAINT MICHE",,,Nuit avec éclairage allumé,En agglomération,Hors intersection,Normale,Autre collision,,,,,,,,,,,5,2,1,1,6
200700072816,0007-11-26 09:50:00,7,11,26,9,50,750,104,"4, RUE DE LOBAU",,,Plein jour,En agglomération,Hors intersection,Temps couvert,Deux véhicules - côté,,,,,,,,,,,1,2,1,8,3
200700072817,0007-11-26 14:00:00,7,11,26,14,0,750,117,"2, PLACE DE LA PORTE MAI",,,Plein jour,En agglomération,Hors intersection,Normale,Sans collision,,,,,,,,,,,1,2,1,1,7
200700072818,0007-11-27 00:15:00,7,11,27,0,15,750,119,"21, RUE ARCHEREAU",,,Nuit avec éclairage allumé,En agglomération,Hors intersection,Normale,Sans collision,,,,,,,,,,,5,2,1,1,7
200700072819,0007-11-27 03:10:00,7,11,27,3,10,750,117,"139, RUE DE SAUSSURE",,,Nuit avec éclairage allumé,En agglomération,Hors intersection,Normale,Autre collision,,,,,,,,,,,5,2,1,1,6
200700072820,0007-11-27 09:50:00,7,11,27,9,50,750,103,"37, RUE BEAUBOURG",,,Plein jour,En agglomération,Hors intersection,Normale,Deux véhicules - côté,,,,,,,,,,,1,2,1,1,3
200700072821,0007-11-27 10:00:00,7,11,27,10,0,750,110,"53, BOULEVARD DE MAGENTA",,,Plein jour,En agglomération,Hors intersection,Temps éblouissant,Autre collision,,,,,,,,,,,1,2,1,7,6
200700072822,0007-11-27 18:10:00,7,11,27,18,10,750,113,"90, RUE DE TOLBIAC",,,Nuit avec éclairage allumé,En agglomération,Hors intersection,Normale,Autre collision,,,,,,,,,,,5,2,1,1,6
200700072823,0007-11-27 19:30:00,7,11,27,19,30,750,115,RUE DE LA CONVENTION,,,Nuit avec éclairage allumé,En agglomération,Intersection en X,Normale,Sans collision,,,,,,,,,,,5,2,2,1,7
200700072824,0007-11-27 20:20:00,7,11,27,20,20,750,112,"212, RUE DE CHARENTON",,,Nuit avec éclairage allumé,En agglomération,Hors intersection,Normale,Autre collision,,,,,,,,,,,5,2,1,1,6
200700072825,0007-11-28 05:30:00,7,11,28,5,30,750,116,ALLEE DE LONGCHAMP,,,Nuit avec éclairage allumé,En agglomération,Hors intersection,Normale,Autre collision,,,,,,,,,,,5,2,1,1,6
200700072826,0007-11-28 07:25:00,7,11,28,7,25,750,118,BOULEVARD ORNANO,,,Crépuscule ou aube,En agglomération,Intersection en T,Normale,Autre collision,,,,,,,,,,,2,2,3,1,6
200700072827,0007-11-29 10:10:00,7,11,29,10,10,750,113,BOULEVARD PERIPHERIQUE,,,Plein jour,En agglomération,Hors intersection,Temps couvert,Deux véhicules - côté,,,,,,,,,,,1,2,1,8,3
200700072828,0007-11-29 11:45:00,7,11,29,11,45,750,105,QUAI DE MONTEBELLO,,,Plein jour,En agglomération,Hors intersection,Normale,Deux véhicules - côté,,,,,,,,,,,1,2,1,1,3
200700072829,0007-11-29 15:35:00,7,11,29,15,35,750,107,BOULEVARD DES INVALIDES,,,Plein jour,En agglomération,Intersection en T,Pluie légère,Deux véhicules - côté,,,,,,,,,,,1,2,3,2,3
200700072830,0007-11-29 18:25:00,7,11,29,18,25,750,105,"55, RUE LHOMOND",,,Nuit avec éclairage allumé,En agglomération,Hors intersection,Temps couvert,Autre collision,,,,,,,,,,,5,2,1,8,6
200700072831,0007-11-30 02:30:00,7,11,30,2,30,750,104,RUE DE L HOTEL DE VILLE,,,Nuit avec éclairage allumé,En agglomération,Intersection en X,Normale,Deux véhicules - côté,,,,,,,,,,,5,2,2,1,3
200700072832,0007-11-02 09:00:00,7,11,2,9,0,750,113,PORTE D ITALIE,,,Plein jour,En agglomération,Hors intersection,Normale,Sans collision,,,,,,,,,,,1,2,1,1,7
200700072833,0007-11-02 11:00:00,7,11,2,11,0,750,114,PORTE DE GENTILLY,,,Plein jour,En agglomération,Hors intersection,Normale,Deux véhicules - côté,,,,,,,,,,,1,2,1,1,3
200700072834,0007-11-02 15:00:00,7,11,2,15,0,750,112,ECHANGEUR BERCY,,,Plein jour,En agglomération,Hors intersection,Normale,Autre collision,,,,,,,,,,,1,2,1,1,6
200700072835,0007-11-03 08:55:00,7,11,3,8,55,750,117,ECHANGEUR MAILLOT,,,Plein jour,En agglomération,Intersection en Y,Pluie légère,Autre collision,,,,,,,,,,,1,2,4,2,6
200700072836,0007-11-05 19:00:00,7,11,5,19,0,750,116,PORTE DE PASSY,,,Nuit avec éclairage allumé,En agglomération,Hors intersection,Normale,Trois véhicules et plus - collisions multiples,,,,,,,,,,,5,2,1,1,5
200700072837,0007-11-05 20:25:00,7,11,5,20,25,750,114,PORTE DE CHATILLON,,,Nuit avec éclairage allumé,En agglomération,Hors intersection,Normale,Deux véhicules - côté,,,,,,,,,,,5,2,1,1,3
200700072838,0007-11-06 09:20:00,7,11,6,9,20,750,114,PORTE D ORLEANS,,,Plein jour,En agglomération,Hors intersection,Normale,Deux véhicules - côté,,,,,,,,,,,1,2,1,1,3
200700072839,0007-11-06 10:30:00,7,11,6,10,30,750,119,PORTE DE LA VILLETTE,,,Plein jour,En agglomération,Intersection en X,Normale,Autre collision,,,,,,,,,,,1,2,2,1,6
200700072840,0007-11-07 07:40:00,7,11,7,7,40,750,117,PORTE DES TERNES,,,Plein jour,En agglomération,Hors intersection,Normale,Deux véhicules - arrière,,,,,,,,,,,1,2,1,1,2
200700072841,0007-11-07 20:00:00,7,11,7,20,0,750,116,PORTE DAUPHINE,,,Nuit avec éclairage allumé,En agglomération,Hors intersection,Normale,Deux véhicules - côté,,,,,,,,,,,5,2,1,1,3
200700072842,0007-11-07 21:15:00,7,11,7,21,15,750,117,PORTE D ASNIERES,,,Nuit avec éclairage allumé,En agglomération,Hors intersection,Pluie légère,Deux véhicules - arrière,,,,,,,,,,,5,2,1,2,2
200700072843,0007-11-09 07:40:00,7,11,9,7,40,750,120,PORTE DE VINCENNES,,,Plein jour,En agglomération,Hors intersection,Normale,Deux véhicules - côté,,,,,,,,,,,1,2,1,1,3
200700072844,0007-11-09 19:20:00,7,11,9,19,20,750,113,BOULEVARD PERIPHERIQUE E,,,Nuit avec éclairage allumé,En agglomération,Hors intersection,Normale,Deux véhicules - côté,,,,,,,,,,,5,2,1,1,3
200700072845,0007-11-09 19:00:00,7,11,9,19,0,750,119,PORTE DE PANTIN,,,Nuit avec éclairage allumé,En agglomération,Hors intersection,Normale,Deux véhicules - côté,,,,,,,,,,,5,2,1,1,3
200700072846,0007-11-10 13:55:00,7,11,10,13,55,750,112,ECHANGEUR BERCY,,,Plein jour,En agglomération,Hors intersection,Normale,Deux véhicules - arrière,,,,,,,,,,,1,2,1,1,2
200700072847,0007-11-10 20:20:00,7,11,10,20,20,750,114,PORTE D ORLEANS,,,Nuit avec éclairage allumé,En agglomération,Hors intersection,Normale,Trois véhicules et plus - en chaîne,,,,,,,,,,,5,2,1,1,4
200700072848,0007-11-11 16:30:00,7,11,11,16,30,750,113,PORTE D ITALIE,,,Nuit avec éclairage allumé,En agglomération,Hors intersection,Pluie légère,Trois véhicules et plus - en chaîne,,,,,,,,,,,5,2,1,2,4
200700072849,0007-11-11 18:40:00,7,11,11,18,40,750,117,PORTE DE CLICHY,,,Nuit avec éclairage allumé,En agglomération,Hors intersection,Pluie légère,Deux véhicules - arrière,,,,,,,,,,,5,2,1,2,2
200700072850,0007-11-12 19:00:00,7,11,12,19,0,750,113,PORTE DE GENTILLY,,,Nuit avec éclairage allumé,En agglomération,Hors intersection,Normale,Trois véhicules et plus - en chaîne,,,,,,,,,,,5,2,1,1,4
200700072851,0007-11-12 20:25:00,7,11,12,20,25,750,113,QUAI D IVRY,,,Nuit avec éclairage allumé,En agglomération,Hors intersection,Normale,Trois véhicules et plus - en chaîne,,,,,,,,,,,5,2,1,1,4
200700072852,0007-11-13 20:20:00,7,11,13,20,20,750,113,PORTE D IVRY,,,Nuit avec éclairage allumé,En agglomération,Hors intersection,Pluie légère,Deux véhicules - arrière,,,,,,,,,,,5,2,1,2,2
200700072853,0007-11-14 10:00:00,7,11,14,10,0,750,120,PORTE DE BAGNOLET,,,Plein jour,En agglomération,Hors intersection,Normale,Deux véhicules - arrière,,,,,,,,,,,1,2,1,1,2
200700072854,0007-11-15 01:30:00,7,11,15,1,30,750,116,BOULEVARD PERIPHERIQUE,,,Nuit avec éclairage allumé,En agglomération,Hors intersection,Normale,Autre collision,,,,,,,,,,,5,2,1,1,6
200700072855,0007-11-15 09:45:00,7,11,15,9,45,750,118,PORTE DE CLIGNANCOURT,,,Plein jour,En agglomération,Hors intersection,Normale,Deux véhicules - côté,,,,,,,,,,,1,2,1,1,3
200700072856,0007-11-15 09:30:00,7,11,15,9,30,750,113,PORTE D ITALIE,,,Plein jour,En agglomération,Intersection en Y,Normale,Trois véhicules et plus - collisions multiples,,,,,,,,,,,1,2,4,1,5
200700072857,0007-11-15 08:40:00,7,11,15,8,40,750,117,PORTE DE CLICHY,,,Plein jour,En agglomération,Hors intersection,Normale,Trois véhicules et plus - en chaîne,,,,,,,,,,,1,2,1,1,4
200700072858,0007-11-15 13:15:00,7,11,15,13,15,750,112,PORTE DE VINCENNES,,,Plein jour,En agglomération,Hors intersection,Normale,Autre collision,,,,,,,,,,,1,2,1,1,6
200700072859,0007-11-15 15:30:00,7,11,15,15,30,750,112,PORT DE BERCY,,,Plein jour,En agglomération,Hors intersection,Normale,Deux véhicules - arrière,,,,,,,,,,,1,2,1,1,2
200700072860,0007-11-15 19:13:00,7,11,15,19,13,750,118,BOULEVARD PERIPHERIQUE E,,,Nuit avec éclairage allumé,En agglomération,Hors intersection,Normale,Deux véhicules - côté,,,,,,,,,,,5,2,1,1,3
200700072861,0007-11-15 20:10:00,7,11,15,20,10,750,116,PORTE MAILLOT,,,Nuit avec éclairage allumé,En agglomération,Hors intersection,Normale,Deux véhicules - côté,,,,,,,,,,,5,2,1,1,3
200700072862,0007-11-15 22:50:00,7,11,15,22,50,750,117,BOULEVARD PERIPHERIQUE I,,,Nuit avec éclairage allumé,En agglomération,Hors intersection,Normale,Trois véhicules et plus - en chaîne,,,,,,,,,,,5,2,1,1,4
200700072863,0007-11-16 08:40:00,7,11,16,8,40,750,116,PORTE DE PASSY,,,Plein jour,En agglomération,Hors intersection,Normale,Deux véhicules - côté,,,,,,,,,,,1,2,1,1,3
200700072864,0007-11-16 16:20:00,7,11,16,16,20,750,119,PORTE D AUBERVILLIERS,,,Plein jour,En agglomération,Hors intersection,Normale,Trois véhicules et plus - en chaîne,,,,,,,,,,,1,2,1,1,4
200700072865,0007-11-16 19:00:00,7,11,16,19,0,750,118,BOULEVARD PERIPHERIQUE E,,,Crépuscule ou aube,En agglomération,Hors intersection,Normale,Deux véhicules - côté,,,,,,,,,,,2,2,1,1,3
200700072866,0007-11-16 19:55:00,7,11,16,19,55,750,119,PORTE DE PANTIN,,,Nuit avec éclairage allumé,En agglomération,Hors intersection,Pluie légère,Deux véhicules - arrière,,,,,,,,,,,5,2,1,2,2
200700072867,0007-11-17 13:15:00,7,11,17,13,15,750,118,PORTE DE LA CHAPELLE,,,Plein jour,En agglomération,Hors intersection,Normale,Autre collision,,,,,,,,,,,1,2,1,1,6
200700072868,0007-11-18 05:20:00,7,11,18,5,20,750,118,ECHANGEUR CHAPELLE,,,Nuit avec éclairage allumé,En agglomération,Hors intersection,Normale,Autre collision,,,,,,,,,,,5,2,1,1,6
200700072869,0007-11-18 05:20:00,7,11,18,5,20,750,118,ECHANGEUR CHAPELLE,,,Nuit avec éclairage allumé,En agglomération,Hors intersection,Normale,Autre collision,,,,,,,,,,,5,2,1,1,6
200700072870,0007-11-18 18:05:00,7,11,18,18,5,750,120,PORTE DE VINCENNES,,,Nuit avec éclairage allumé,En agglomération,Hors intersection,Normale,Deux véhicules - côté,,,,,,,,,,,5,2,1,1,3
200700072871,0007-11-19 07:00:00,7,11,19,7,0,750,112,ECHANGEUR BERCY,,,Nuit avec éclairage allumé,En agglomération,Hors intersection,Normale,Sans collision,,,,,,,,,,,5,2,1,1,7
200700072872,0007-11-19 08:15:00,7,11,19,8,15,750,118,PORTE DE LA CHAPELLE,,,Plein jour,En agglomération,Hors intersection,Pluie légère,Sans collision,,,,,,,,,,,1,2,1,2,7
200700072873,0007-11-19 09:30:00,7,11,19,9,30,750,113,PORTE D ITALIE,,,Plein jour,En agglomération,Hors intersection,Pluie légère,Deux véhicules - côté,,,,,,,,,,,1,2,1,2,3
200700072874,0007-11-19 06:55:00,7,11,19,6,55,750,119,PORTE DE PANTIN,,,Nuit avec éclairage allumé,En agglomération,Hors intersection,Normale,Deux véhicules - côté,,,,,,,,,,,5,2,1,1,3
200700072875,0007-11-19 11:15:00,7,11,19,11,15,750,119,PORTE DE LA VILLETTE,,,Plein jour,En agglomération,Hors intersection,Normale,Sans collision,,,,,,,,,,,1,2,1,1,7
200700072876,0007-11-19 18:00:00,7,11,19,18,0,750,118,PORTE DE LA CHAPELLE,,,Nuit avec éclairage allumé,En agglomération,Hors intersection,Normale,Deux véhicules - côté,,,,,,,,,,,5,2,1,1,3
200700072877,0007-11-20 08:40:00,7,11,20,8,40,750,114,PORTE D ORLEANS,,,Plein jour,En agglomération,Hors intersection,Pluie légère,Sans collision,,,,,,,,,,,1,2,1,2,7
200700072878,0007-11-20 18:05:00,7,11,20,18,5,750,119,PORTE DE PANTIN,,,Nuit avec éclairage allumé,En agglomération,Hors intersection,Pluie légère,Sans collision,,,,,,,,,,,5,2,1,2,7
200700072879,0007-11-20 18:15:00,7,11,20,18,15,750,114,PORTE D ORLEANS,,,Nuit avec éclairage allumé,En agglomération,Hors intersection,Pluie légère,Autre collision,,,,,,,,,,,5,2,1,2,6
200700072880,0007-11-22 00:10:00,7,11,22,0,10,750,117,PORTE MAILLOT,,,Nuit avec éclairage allumé,En agglomération,Intersection en Y,Normale,Deux véhicules - arrière,,,,,,,,,,,5,2,4,1,2
200700072881,0007-11-22 09:10:00,7,11,22,9,10,750,118,PORTE DE LA CHAPELLE,,,Plein jour,En agglomération,Hors intersection,Normale,Deux véhicules - côté,,,,,,,,,,,1,2,1,1,3
200700072882,0007-11-22 09:30:00,7,11,22,9,30,750,118,ECHANGEUR CHAPELLE,,,Plein jour,En agglomération,Hors intersection,Normale,Deux véhicules - arrière,,,,,,,,,,,1,2,1,1,2
200700072883,0007-11-22 20:10:00,7,11,22,20,10,750,116,PORTE DAUPHINE,,,Nuit avec éclairage non allumé,En agglomération,Hors intersection,Normale,Deux véhicules - côté,,,,,,,,,,,4,2,1,1,3
200700072884,0007-11-23 18:50:00,7,11,23,18,50,750,120,PORTE DE VINCENNES,,,Nuit avec éclairage allumé,En agglomération,Hors intersection,Normale,Deux véhicules - arrière,,,,,,,,,,,5,2,1,1,2
200700072885,0007-11-23 19:00:00,7,11,23,19,0,750,112,BOULEVARD PERIPHERIQUE E,,,Nuit sans éclairage public,En agglomération,Hors intersection,Normale,Deux véhicules - arrière,,,,,,,,,,,3,2,1,1,2
200700072886,0007-11-23 21:20:00,7,11,23,21,20,750,120,PORTE DE BAGNOLET,,,Nuit avec éclairage allumé,En agglomération,Intersection en X,Normale,Deux véhicules - arrière,,,,,,,,,,,5,2,2,1,2
200700072887,0007-11-24 14:30:00,7,11,24,14,30,750,114,PORTE DE VANVES,,,Plein jour,En agglomération,Hors intersection,Normale,Trois véhicules et plus - collisions multiples,,,,,,,,,,,1,2,1,1,5
200700072888,0007-11-24 19:30:00,7,11,24,19,30,750,117,BOULEVARD PERIPHERIQUE I,,,Nuit sans éclairage public,En agglomération,Hors intersection,Normale,Sans collision,,,,,,,,,,,3,2,1,1,7
200700072889,0007-11-26 09:20:00,7,11,26,9,20,750,116,PORTE D AUTEUIL,,,Plein jour,En agglomération,Hors intersection,Normale,Deux véhicules - côté,,,,,,,,,,,1,2,1,1,3
200700072890,0007-11-27 08:45:00,7,11,27,8,45,750,116,PORTE DAUPHINE,,,Plein jour,En agglomération,Hors intersection,Normale,Deux véhicules - arrière,,,,,,,,,,,1,2,1,1,2
200700072891,0007-11-28 05:10:00,7,11,28,5,10,750,119,BOULEVARD PERIPHERIQUE I,,,Nuit avec éclairage allumé,En agglomération,Hors intersection,Normale,Autre collision,,,,,,,,,,,5,2,1,1,6
200700072892,0007-11-28 08:10:00,7,11,28,8,10,750,112,PORTE DE CHARENTON,,,Nuit avec éclairage allumé,En agglomération,Hors intersection,Normale,Deux véhicules - côté,,,,,,,,,,,5,2,1,1,3
200700072893,0007-11-28 09:10:00,7,11,28,9,10,750,116,PORTE MAILLOT,,,Plein jour,En agglomération,Hors intersection,Normale,Deux véhicules - côté,,,,,,,,,,,1,2,1,1,3
200700072894,0007-11-28 12:05:00,7,11,28,12,5,750,120,PORTE DES LILAS,,,Plein jour,En agglomération,Hors intersection,Normale,Deux véhicules - côté,,,,,,,,,,,1,2,1,1,3
200700072895,0007-11-28 21:25:00,7,11,28,21,25,750,112,PORTE DE VINCENNES,,,Nuit avec éclairage allumé,En agglomération,Hors intersection,Normale,Deux véhicules - arrière,,,,,,,,,,,5,2,1,1,2
200700072896,0007-11-29 08:47:00,7,11,29,8,47,750,120,PORTE DE MONTREUIL,,,Plein jour,En agglomération,Hors intersection,Temps couvert,Deux véhicules - arrière,,,,,,,,,,,1,2,1,8,2
200700072897,0007-11-29 09:45:00,7,11,29,9,45,750,117,PORTE DE CLICHY,,,Plein jour,En agglomération,Hors intersection,Normale,Trois véhicules et plus - en chaîne,,,,,,,,,,,1,2,1,1,4
200700072898,0007-11-29 09:50:00,7,11,29,9,50,750,113,PORTE D ITALIE,,,Plein jour,En agglomération,Hors intersection,Normale,Deux véhicules - arrière,,,,,,,,,,,1,2,1,1,2
200700072899,0007-11-30 02:05:00,7,11,30,2,5,750,120,BOULEVARD PERIPHERIQUE I,,,Nuit avec éclairage non allumé,En agglomération,Hors intersection,Temps couvert,Trois véhicules et plus - collisions multiples,,,,,,,,,,,4,2,1,8,5
200700072900,0007-11-30 13:05:00,7,11,30,13,5,750,117,PORTE DE SAINT OUEN,,,Plein jour,En agglomération,Hors intersection,Normale,Deux véhicules - arrière,,,,,,,,,,,1,2,1,1,2
200700072901,0007-11-15 12:45:00,7,11,15,12,45,590,388,,,,Plein jour,Hors agglomération,Hors intersection,Normale,Deux véhicules - côté,,,,,,,,,,,1,1,1,1,3
200700072902,0007-11-16 17:45:00,7,11,16,17,45,590,278,,50.617,2.946,Nuit sans éclairage public,Hors agglomération,Hors intersection,Normale,Deux véhicules - frontale,,,,,,,,,,,3,1,1,1,1
200700072903,0007-11-20 12:00:00,7,11,20,12,0,590,553,rue Koenig,50.59,2.973,Plein jour,En agglomération,Hors intersection,Normale,Autre collision,,,,,,,,,,,1,2,1,1,6
200700072904,0007-11-23 13:15:00,7,11,23,13,15,590,278,CD 207 RUE DE SEQUEDIN,50.627,2.979,Plein jour,En agglomération,Hors intersection,Normale,Deux véhicules - frontale,,,,,,,,,,,1,2,1,1,1
200700072905,0007-11-26 07:30:00,7,11,26,7,30,590,653,Rue Poincarré,50.576,2.95,Crépuscule ou aube,En agglomération,Hors intersection,Normale,Autre collision,,,,,,,,,,,2,2,1,1,6
200700072906,0007-11-19 10:30:00,7,11,19,10,30,590,466,,50.52,3.11,Plein jour,En agglomération,Hors intersection,Temps couvert,Autre collision,,,,,,,,,,,1,2,1,8,6
200700072907,0007-11-04 09:00:00,7,11,4,9,0,590,630,rue Jean Jaures,,,Plein jour,En agglomération,Hors intersection,Normale,Deux véhicules - côté,,,,,,,,,,,1,2,1,1,3
200700072908,0007-11-03 10:30:00,7,11,3,10,30,590,663,,50.87,2.486,Plein jour,Hors agglomération,Hors intersection,Normale,Deux véhicules - côté,,,,,,,,,,,1,1,1,1,3
200700072909,0007-11-07 16:00:00,7,11,7,16,0,590,663,Rue de Steenvoorde,,,Plein jour,En agglomération,Hors intersection,Normale,Deux véhicules - côté,,,,,,,,,,,1,2,1,1,3
200700072910,0007-11-25 20:00:00,7,11,25,20,0,590,663,,,,Nuit sans éclairage public,Hors agglomération,Hors intersection,Normale,Autre collision,,,,,,,,,,,3,1,1,1,6