accident_id,datetime,annee,mois,jour,heure,minute,departement,commune_insee,adresse,latitude,longitude,luminosite,agglomeration,intersection,meteo,collision,nb_vehicules,nb_usagers,nb_indemnes,nb_tues,nb_blesses_hosp,nb_blesses_legers,age_cond_1,age_cond_2,veh_type_cond_1,veh_type_cond_2,lum_code,agg_code,int_code,atm_code,col_code
200700073046,0007-11-03 13:30:00,7,11,3,13,30,270,504,rue du mesnil,49.085,1.076,Plein jour,En agglomération,Hors intersection,Normale,Deux véhicules - côté,,,,,,,,,,,1,2,1,1,3
200700073047,0007-11-03 15:30:00,7,11,3,15,30,270,82,,48.999,1.031,Plein jour,Hors agglomération,Intersection en X,Normale,Deux véhicules - frontale,,,,,,,,,,,1,1,2,1,1
200700073048,0007-11-05 12:00:00,7,11,5,12,0,270,524,,,,Plein jour,Hors agglomération,Hors intersection,Normale,Deux véhicules - frontale,,,,,,,,,,,1,1,1,1,1
200700073049,0007-11-07 17:30:00,7,11,7,17,30,270,17,,,,Nuit sans éclairage public,Hors agglomération,Hors intersection,Pluie légère,Deux véhicules - frontale,,,,,,,,,,,3,1,1,2,1
200700073050,0007-11-10 07:00:00,7,11,10,7,0,270,684,,,,Crépuscule ou aube,Hors agglomération,Hors intersection,Normale,Deux véhicules - arrière,,,,,,,,,,,2,1,1,1,2
200700073051,0007-11-07 12:15:00,7,11,7,12,15,270,32,,48.93,1.167,Plein jour,Hors agglomération,Intersection en X,Normale,Deux véhicules - côté,,,,,,,,,,,1,1,2,1,3
200700073052,0007-11-11 21:15:00,7,11,11,21,15,270,693,,48.908,1.099,Nuit sans éclairage public,Hors agglomération,Hors intersection,Pluie légère,Autre collision,,,,,,,,,,,3,1,1,2,6
200700073053,0007-11-20 09:00:00,7,11,20,9,0,270,543,,48.8,1.354,Plein jour,Hors agglomération,Hors intersection,Pluie légère,Deux véhicules - frontale,,,,,,,,,,,1,1,1,2,1
200700073054,0007-11-03 00:01:00,7,11,3,0,1,270,510,,49.012,1.362,Nuit sans éclairage public,Hors agglomération,Hors intersection,Normale,Autre collision,,,,,,,,,,,3,1,1,1,6
200700073055,0007-11-18 05:45:00,7,11,18,5,45,270,123,,49.016,1.314,Nuit sans éclairage public,Hors agglomération,Hors intersection,Normale,Autre collision,,,,,,,,,,,3,1,1,1,6
200700073056,0007-11-07 13:15:00,7,11,7,13,15,270,573,,48.806,0.922,Plein jour,Hors agglomération,Intersection en X,Temps couvert,Deux véhicules - côté,,,,,,,,,,,1,1,2,8,3
200700073057,0007-11-23 14:00:00,7,11,23,14,0,270,481,,48.727,0.891,Plein jour,Hors agglomération,Hors intersection,Normale,Sans collision,,,,,,,,,,,1,1,1,1,7
200700073058,0007-11-01 00:30:00,7,11,1,0,30,270,199,CHAUSSEE LOUIS 13,49.257,1.697,Nuit sans éclairage public,En agglomération,Hors intersection,Normale,Deux véhicules - frontale,,,,,,,,,,,3,2,1,1,1
200700073059,0007-11-07 11:00:00,7,11,7,11,0,270,148,,48.979,0.488,Plein jour,Hors agglomération,Hors intersection,Normale,Sans collision,,,,,,,,,,,1,1,1,1,7
200700073060,0007-11-15 15:30:00,7,11,15,15,30,270,148,,,,Plein jour,Hors agglomération,Hors intersection,Normale,Deux véhicules - frontale,,,,,,,,,,,1,1,1,1,1
200700073061,0007-11-23 10:30:00,7,11,23,10,30,270,148,,48.996,0.504,Plein jour,Hors agglomération,Hors intersection,Temps couvert,Autre collision,,,,,,,,,,,1,1,1,8,6
200700073062,0007-11-25 15:15:00,7,11,25,15,15,270,148,,48.989,0.472,Plein jour,Hors agglomération,Hors intersection,Normale,Sans collision,,,,,,,,,,,1,1,1,1,7
200700073063,0007-11-09 18:00:00,7,11,9,18,0,270,221,,48.981,0.644,Nuit sans éclairage public,Hors agglomération,Hors intersection,Normale,Autre collision,,,,,,,,,,,3,1,1,1,6
200700073064,0007-11-19 06:00:00,7,11,19,6,0,270,253,,,,Nuit sans éclairage public,Hors agglomération,Hors intersection,Pluie légère,Deux véhicules - frontale,,,,,,,,,,,3,1,1,2,1
200700073065,0007-11-20 16:00:00,7,11,20,16,0,270,432,,49.209,0.784,Crépuscule ou aube,Hors agglomération,Hors intersection,Pluie légère,Deux véhicules - côté,,,,,,,,,,,2,1,1,2,3
200700073066,0007-11-23 15:00:00,7,11,23,15,0,270,221,,,,Plein jour,Hors agglomération,Hors intersection,Temps couvert,Deux véhicules - côté,,,,,,,,,,,1,1,1,8,3
200700073067,0007-11-25 15:45:00,7,11,25,15,45,270,131,,,,Plein jour,Hors agglomération,Hors intersection,Normale,Deux véhicules - côté,,,,,,,,,,,1,1,1,1,3
200700073068,0007-11-29 20:15:00,7,11,29,20,15,270,164,,49.116,0.898,Nuit sans éclairage public,Hors agglomération,Hors intersection,Normale,Deux véhicules - frontale,,,,,,,,,,,3,1,1,1,1
200700073069,0007-11-30 11:30:00,7,11,30,11,30,270,116,,,,Plein jour,Hors agglomération,Hors intersection,Normale,Deux véhicules - côté,,,,,,,,,,,1,1,1,1,3
200700073070,0007-11-08 14:30:00,7,11,8,14,30,270,332,,49.2,1.22,Plein jour,Hors agglomération,Giratoire,Normale,Deux véhicules - côté,,,,,,,,,,,1,1,6,1,3
200700073071,0007-11-14 08:15:00,7,11,14,8,15,270,332,rue de la croix roger,49.201,1.236,Plein jour,En agglomération,Hors intersection,Normale,Trois véhicules et plus - en chaîne,,,,,,,,,,,1,2,1,1,4
200700073072,0007-11-08 03:00:00,7,11,8,3,0,270,687,,49.172,1.303,Crépuscule ou aube,Hors agglomération,Hors intersection,Normale,Autre collision,,,,,,,,,,,2,1,1,1,6
200700073073,0007-11-12 18:45:00,7,11,12,18,45,270,676,,49.202,1.294,Nuit sans éclairage public,Hors agglomération,Hors intersection,Normale,Autre collision,,,,,,,,,,,3,1,1,1,6
200700073074,0007-11-08 07:15:00,7,11,8,7,15,270,458,RUE BOURGERUE,49.323,1.229,Crépuscule ou aube,En agglomération,Hors intersection,Pluie légère,Deux véhicules - côté,,,,,,,,,,,2,2,1,2,3
200700073075,0007-11-22 17:30:00,7,11,22,17,30,270,412,,49.222,1.104,Crépuscule ou aube,Hors agglomération,Hors intersection,Temps couvert,Deux véhicules - frontale,,,,,,,,,,,2,1,1,8,1
200700073076,0007-11-06 14:45:00,7,11,6,14,45,270,511,,49.137,0.938,Plein jour,Hors agglomération,Intersection en X,Normale,Deux véhicules - côté,,,,,,,,,,,1,1,2,1,3
200700073077,0007-11-19 18:30:00,7,11,19,18,30,270,655,,,,Nuit sans éclairage public,Hors agglomération,Hors intersection,Pluie légère,Deux véhicules - frontale,,,,,,,,,,,3,1,1,2,1
200700073078,0007-11-03 08:30:00,7,11,3,8,30,270,594,,49.276,0.622,Crépuscule ou aube,Hors agglomération,Hors intersection,Temps couvert,Sans collision,,,,,,,,,,,2,1,1,8,7
200700073079,0007-11-27 19:30:00,7,11,27,19,30,270,468,,49.24,0.718,Nuit avec éclairage allumé,Hors agglomération,Hors intersection,Autre,Autre collision,,,,,,,,,,,5,1,1,9,6
200700073080,0007-11-27 19:15:00,7,11,27,19,15,270,413,Rue du Franc Manoir,49.297,0.666,Nuit avec éclairage allumé,En agglomération,Hors intersection,Pluie légère,Autre collision,,,,,,,,,,,5,2,1,2,6
200700073081,0007-11-30 08:00:00,7,11,30,8,0,350,47,14 BIS CHEMIN DES ROSIER,,,Crépuscule ou aube,En agglomération,Hors intersection,Normale,Autre collision,,,,,,,,,,,2,2,1,1,6
200700073082,0007-11-10 13:45:00,7,11,10,13,45,350,193,RUE DES GENETS,48.251,-1.721,Plein jour,En agglomération,Hors intersection,Normale,Deux véhicules - côté,,,,,,,,,,,1,2,1,1,3
200700073083,0007-11-01 18:00:00,7,11,1,18,0,350,135,,,,Nuit sans éclairage public,Hors agglomération,Hors intersection,Normale,Sans collision,,,,,,,,,,,3,1,1,1,7
200700073084,0007-11-13 14:45:00,7,11,13,14,45,350,297,27 rue de Merdrignac,,,Plein jour,En agglomération,Hors intersection,Pluie légère,Deux véhicules - arrière,,,,,,,,,,,1,2,1,2,2
200700073085,0007-11-17 18:15:00,7,11,17,18,15,350,304,"16, rue du Couesnon",,,Nuit sans éclairage public,En agglomération,Hors intersection,Normale,Autre collision,,,,,,,,,,,3,2,1,1,6
200700073086,0007-11-24 12:00:00,7,11,24,12,0,350,121,,,,Plein jour,Hors agglomération,Hors intersection,Normale,Autre collision,,,,,,,,,,,1,1,1,1,6
200700073087,0007-11-09 14:00:00,7,11,9,14,0,350,13,,47.694,-2.048,Plein jour,Hors agglomération,Hors intersection,Normale,Deux véhicules - frontale,,,,,,,,,,,1,1,1,1,1
200700073088,0007-11-19 09:00:00,7,11,19,9,0,350,13,,47.683,-2.06,Plein jour,Hors agglomération,Hors intersection,Temps couvert,Trois véhicules et plus - en chaîne,,,,,,,,,,,1,1,1,8,4
200700073089,0007-11-11 06:30:00,7,11,11,6,30,350,176,,,,Nuit sans éclairage public,Hors agglomération,Hors intersection,Normale,Autre collision,,,,,,,,,,,3,1,1,1,6
200700073090,0007-11-17 18:30:00,7,11,17,18,30,350,12,D53 le pont Catel,,,Nuit sans éclairage public,En agglomération,Hors intersection,Normale,Deux véhicules - côté,,,,,,,,,,,3,2,1,1,3
200700073091,0007-11-05 16:30:00,7,11,5,16,30,350,123,,,,Plein jour,Hors agglomération,Hors intersection,Normale,Trois véhicules et plus - collisions multiples,,,,,,,,,,,1,1,1,1,5
200700073092,0007-11-05 09:30:00,7,11,5,9,30,350,127,,47.931,-1.852,Plein jour,Hors agglomération,Hors intersection,Normale,Deux véhicules - côté,,,,,,,,,,,1,1,1,1,3
200700073093,0007-11-17 15:15:00,7,11,17,15,15,350,126,rue louis ampere,47.972,-1.796,Plein jour,En agglomération,Hors intersection,Normale,Deux véhicules - côté,,,,,,,,,,,1,2,1,1,3
200700073094,0007-11-10 14:45:00,7,11,10,14,45,350,156,,,,Plein jour,Hors agglomération,Hors intersection,Normale,Deux véhicules - arrière,,,,,,,,,,,1,1,1,1,2
200700073095,0007-11-19 13:30:00,7,11,19,13,30,350,122,Rue d'Aleth,,,Plein jour,En agglomération,Hors intersection,Normale,Deux véhicules - côté,,,,,,,,,,,1,2,1,1,3
200700073096,0007-11-25 05:45:00,7,11,25,5,45,350,17,,,,Nuit sans éclairage public,Hors agglomération,Hors intersection,Normale,Autre collision,,,,,,,,,,,3,1,1,1,6
200700073097,0007-11-10 19:15:00,7,11,10,19,15,350,95,7 boulevard patton,,,Nuit avec éclairage non allumé,En agglomération,Hors intersection,Normale,Autre collision,,,,,,,,,,,4,2,1,1,6
200700073098,0007-11-17 05:00:00,7,11,17,5,0,350,104,,,,Nuit sans éclairage public,Hors agglomération,Hors intersection,Normale,Sans collision,,,,,,,,,,,3,1,1,1,7
200700073099,0007-11-27 18:45:00,7,11,27,18,45,350,109,,48.059,-1.2,Nuit sans éclairage public,Hors agglomération,Hors intersection,Pluie légère,Trois véhicules et plus - collisions multiples,,,,,,,,,,,3,1,1,2,5
200700073100,0007-11-28 19:15:00,7,11,28,19,15,350,87,,48.085,-1.331,Nuit sans éclairage public,Hors agglomération,Hors intersection,Normale,Trois véhicules et plus - en chaîne,,,,,,,,,,,3,1,1,1,4
200700073101,0007-11-29 20:00:00,7,11,29,20,0,350,109,,,,Nuit sans éclairage public,Hors agglomération,Hors intersection,Pluie légère,Deux véhicules - arrière,,,,,,,,,,,3,1,1,2,2
200700073102,0007-11-19 13:30:00,7,11,19,13,30,350,207,,,,Plein jour,Hors agglomération,Hors intersection,Pluie forte,Autre collision,,,,,,,,,,,1,1,1,3,6
200700073103,0007-11-23 19:00:00,7,11,23,19,0,350,207,,,,Nuit sans éclairage public,Hors agglomération,Hors intersection,Pluie légère,Deux véhicules - côté,,,,,,,,,,,3,1,1,2,3
200700073104,0007-11-28 10:30:00,7,11,28,10,30,350,5,,47.931,-1.306,Nuit avec éclairage allumé,Hors agglomération,Hors intersection,Temps couvert,Autre collision,,,,,,,,,,,5,1,1,8,6
200700073105,0007-11-19 08:15:00,7,11,19,8,15,220,74,,48.324,-3.078,Plein jour,Hors agglomération,Hors intersection,Autre,Sans collision,,,,,,,,,,,1,1,1,9,7
200700073106,0007-11-24 16:00:00,7,11,24,16,0,220,74,,48.325,-3.077,Plein jour,Hors agglomération,Hors intersection,Temps couvert,Autre collision,,,,,,,,,,,1,1,1,8,6
200700073107,0007-11-30 16:15:00,7,11,30,16,15,220,222,rue du général de Gaulle,48.686,-2.93,Plein jour,En agglomération,Hors intersection,Normale,Autre collision,,,,,,,,,,,1,2,1,1,6
200700073108,0007-11-05 17:15:00,7,11,5,17,15,220,246,place de la resistance,,,Nuit avec éclairage allumé,En agglomération,Hors intersection,Normale,Autre collision,,,,,,,,,,,5,2,1,1,6
200700073109,0007-11-29 16:00:00,7,11,29,16,0,220,140,Lieu dit LE CHAMP PIRON,,,Plein jour,En agglomération,Hors intersection,Pluie légère,Autre collision,,,,,,,,,,,1,2,1,2,6
200700073110,0007-11-17 20:00:00,7,11,17,20,0,220,203,,48.387,-2.786,Nuit sans éclairage public,Hors agglomération,Hors intersection,Autre,Deux véhicules - frontale,,,,,,,,,,,3,1,1,9,1
200700073111,0007-11-19 06:30:00,7,11,19,6,30,220,184,,48.352,-2.729,Nuit sans éclairage public,Hors agglomération,Hors intersection,Autre,Trois véhicules et plus - collisions multiples,,,,,,,,,,,3,1,1,9,5
200700073112,0007-11-19 09:45:00,7,11,19,9,45,220,260,,,,Nuit sans éclairage public,Hors agglomération,Hors intersection,Autre,Autre collision,,,,,,,,,,,3,1,1,9,6
200700073113,0007-11-26 18:00:00,7,11,26,18,0,220,136,BOULEVARD DE PENTHIEVRE,48.191,-2.755,Nuit avec éclairage allumé,En agglomération,Hors intersection,Pluie légère,Autre collision,,,,,,,,,,,5,2,1,2,6
200700073114,0007-11-19 15:30:00,7,11,19,15,30,220,171,,,,Crépuscule ou aube,Hors agglomération,Hors intersection,Autre,Deux véhicules - frontale,,,,,,,,,,,2,1,1,9,1
200700073115,0007-11-29 17:15:00,7,11,29,17,15,220,171,,48.421,-2.783,Crépuscule ou aube,Hors agglomération,Hors intersection,Pluie légère,Deux véhicules - frontale,,,,,,,,,,,2,1,1,2,1
200700073116,0007-11-23 11:45:00,7,11,23,11,45,220,201,,,,Plein jour,Hors agglomération,Hors intersection,Temps couvert,Deux véhicules - frontale,,,,,,,,,,,1,1,1,8,1
200700073117,0007-11-16 21:30:00,7,11,16,21,30,220,4,,48.636,-3.309,Nuit sans éclairage public,Hors agglomération,Hors intersection,Temps couvert,Trois véhicules et plus - collisions multiples,,,,,,,,,,,3,1,1,8,5
200700073118,0007-11-30 15:45:00,7,11,30,15,45,220,13,route de Kerien,48.474,-3.188,Plein jour,En agglomération,Hors intersection,Pluie légère,Autre collision,,,,,,,,,,,1,2,1,2,6
200700073119,0007-11-04 18:15:00,7,11,4,18,15,220,343,,48.758,-3.518,Nuit avec éclairage allumé,Hors agglomération,Hors intersection,Normale,Deux véhicules - côté,,,,,,,,,,,5,1,1,1,3
200700073120,0007-11-03 18:30:00,7,11,3,18,30,220,247,,48.725,-3.237,Crépuscule ou aube,Hors agglomération,Hors intersection,Temps couvert,Sans collision,,,,,,,,,,,2,1,1,8,7
200700073121,0007-11-28 14:00:00,7,11,28,14,0,290,218,,48.046,-4.519,Plein jour,Hors agglomération,Hors intersection,Autre,Deux véhicules - frontale,,,,,,,,,,,1,1,1,9,1
200700073122,0007-11-29 07:45:00,7,11,29,7,45,290,108,18 RUE ANDRE FOY,48.004,-4.333,Nuit avec éclairage allumé,En agglomération,Hors intersection,Pluie forte,Autre collision,,,,,,,,,,,5,2,1,3,6
200700073123,0007-11-27 16:45:00,7,11,27,16,45,290,46,63 Rue de la République,48.081,-4.336,Crépuscule ou aube,En agglomération,Hors intersection,Pluie légère,Autre collision,,,,,,,,,,,2,2,1,2,6
200700073124,0007-11-03 18:00:00,7,11,3,18,0,290,252,Route de Plomeur,47.868,-4.28,Plein jour,En agglomération,Giratoire,Normale,Autre collision,,,,,,,,,,,1,2,6,1,6
200700073125,0007-11-21 19:00:00,7,11,21,19,0,290,165,,,,Nuit sans éclairage public,Hors agglomération,Hors intersection,Pluie forte,Autre collision,,,,,,,,,,,3,1,1,3,6
200700073126,0007-11-23 17:15:00,7,11,23,17,15,290,75,,48.416,-4.378,Plein jour,Hors agglomération,Hors intersection,Temps couvert,Deux véhicules - frontale,,,,,,,,,,,1,1,1,8,1
200700073127,0007-11-10 09:30:00,7,11,10,9,30,290,103,Quai du Léon,48.458,-4.248,Plein jour,En agglomération,Giratoire,Normale,Autre collision,,,,,,,,,,,1,2,6,1,6
200700073128,0007-11-22 16:45:00,7,11,22,16,45,290,103,,48.465,-4.264,Plein jour,Hors agglomération,Intersection en X,Temps éblouissant,Deux véhicules - côté,,,,,,,,,,,1,1,2,7,3
200700073129,0007-11-13 17:30:00,7,11,13,17,30,290,260,,,,Crépuscule ou aube,Hors agglomération,Hors intersection,Normale,Trois véhicules et plus - collisions multiples,,,,,,,,,,,2,1,1,1,5
200700073130,0007-11-26 19:30:00,7,11,26,19,30,290,26,,48.277,-4.187,Nuit sans éclairage public,Hors agglomération,Hors intersection,Pluie légère,Sans collision,,,,,,,,,,,3,1,1,2,7
200700073131,0007-11-01 20:00:00,7,11,1,20,0,290,125,,,,Nuit sans éclairage public,Hors agglomération,Hors intersection,Normale,Autre collision,,,,,,,,,,,3,1,1,1,6
200700073132,0007-11-05 18:00:00,7,11,5,18,0,290,162,Rue de Quimper,,,Nuit avec éclairage allumé,En agglomération,Hors intersection,Normale,Autre collision,,,,,,,,,,,5,2,1,1,6
200700073133,0007-11-27 16:45:00,7,11,27,16,45,290,27,RUE DE LA SCIERIE,48.194,-3.82,Plein jour,En agglomération,Giratoire,Normale,Autre collision,,,,,,,,,,,1,2,6,1,6
200700073134,0007-11-13 12:30:00,7,11,13,12,30,290,42,,,,Plein jour,Hors agglomération,Hors intersection,Normale,Autre collision,,,,,,,,,,,1,1,1,1,6
200700073135,0007-11-20 20:30:00,7,11,20,20,30,290,280,,48.266,-4.33,Nuit sans éclairage public,Hors agglomération,Hors intersection,Brouillard / fumée,Autre collision,,,,,,,,,,,3,1,1,5,6
200700073136,0007-11-02 21:15:00,7,11,2,21,15,290,105,RUE DES MARRONNIERS,,,Nuit avec éclairage allumé,En agglomération,Hors intersection,Normale,Autre collision,,,,,,,,,,,5,2,1,1,6
200700073137,0007-11-11 11:30:00,7,11,11,11,30,290,259,Rue de BREST,,,Plein jour,En agglomération,Hors intersection,Normale,Deux véhicules - côté,,,,,,,,,,,1,2,1,1,3
200700073138,0007-11-24 13:30:00,7,11,24,13,30,560,229,,47.78,-2.285,Plein jour,Hors agglomération,Intersection en X,Normale,Deux véhicules - côté,,,,,,,,,,,1,1,2,1,3
200700073139,0007-11-08 10:30:00,7,11,8,10,30,560,212,,47.547,-2.196,Plein jour,Hors agglomération,Hors intersection,Normale,Deux véhicules - frontale,,,,,,,,,,,1,1,1,1,1
200700073140,0007-11-10 19:30:00,7,11,10,19,30,560,126,,47.541,-2.359,Nuit sans éclairage public,Hors agglomération,Hors intersection,Normale,Deux véhicules - frontale,,,,,,,,,,,3,1,1,1,1
200700073141,0007-11-17 19:00:00,7,11,17,19,0,560,58,,47.487,-2.361,Nuit sans éclairage public,Hors agglomération,Hors intersection,Normale,Deux véhicules - arrière,,,,,,,,,,,3,1,1,1,2
200700073142,0007-11-23 17:30:00,7,11,23,17,30,560,153,,47.594,-2.374,Crépuscule ou aube,Hors agglomération,Hors intersection,Normale,Deux véhicules - arrière,,,,,,,,,,,2,1,1,1,2
200700073143,0007-11-25 16:00:00,7,11,25,16,0,560,143,,47.57,-2.582,Plein jour,Hors agglomération,Hors intersection,Normale,Autre collision,,,,,,,,,,,1,1,1,1,6
200700073144,0007-11-10 21:30:00,7,11,10,21,30,560,7,avenue Wilson,47.672,-2.979,Nuit avec éclairage allumé,En agglomération,Hors intersection,Normale,Sans collision,,,,,,,,,,,5,2,1,1,7
200700073145,0007-11-18 18:45:00,7,11,18,18,45,560,7,avenue de l ocean,47.669,-3.0,Nuit sans éclairage public,En agglomération,Hors intersection,Pluie légère,Deux véhicules - arrière,,,,,,,,,,,3,2,1,2,2
200700073146,0007-11-11 19:00:00,7,11,11,19,0,560,185,RUE Jean Jaurès,,,Nuit avec éclairage non allumé,En agglomération,Hors intersection,Normale,Autre collision,,,,,,,,,,,4,2,1,1,6
200700073147,0007-11-17 12:45:00,7,11,17,12,45,560,40,,47.899,-3.339,Plein jour,Hors agglomération,Hors intersection,Normale,Deux véhicules - frontale,,,,,,,,,,,1,1,1,1,1
200700073148,0007-11-21 13:45:00,7,11,21,13,45,560,179,,,,Plein jour,Hors agglomération,Hors intersection,Pluie légère,Autre collision,,,,,,,,,,,1,1,1,2,6
200700073149,0007-11-21 13:30:00,7,11,21,13,30,560,124,PLACE QUEINNEC,47.814,-2.387,Plein jour,En agglomération,Hors intersection,Normale,Deux véhicules - frontale,,,,,,,,,,,1,2,1,1,1
200700073150,0007-11-23 23:30:00,7,11,23,23,30,560,47,,,,Nuit avec éclairage allumé,Hors agglomération,Hors intersection,Normale,Autre collision,,,,,,,,,,,5,1,1,1,6
200700073151,0007-11-04 08:30:00,7,11,4,8,30,560,163,,,,Plein jour,Hors agglomération,Hors intersection,Normale,Deux véhicules - frontale,,,,,,,,,,,1,1,1,1,1
200700073152,0007-11-10 14:00:00,7,11,10,14,0,560,73,RUE DU GENERAL DE GAULE,48.072,-3.197,Plein jour,En agglomération,Hors intersection,Normale,Deux véhicules - frontale,,,,,,,,,,,1,2,1,1,1
200700073153,0007-11-27 18:00:00,7,11,27,18,0,560,178,,48.062,-2.964,Nuit avec éclairage allumé,Hors agglomération,Hors intersection,Temps couvert,Autre collision,,,,,,,,,,,5,1,1,8,6
200700073154,0007-11-02 11:30:00,7,11,2,11,30,560,10,,47.872,-3.055,Plein jour,Hors agglomération,Hors intersection,Normale,Deux véhicules - côté,,,,,,,,,,,1,1,1,1,3
200700073155,0007-11-13 16:45:00,7,11,13,16,45,560,173,,47.959,-2.979,Plein jour,Hors agglomération,Hors intersection,Normale,Deux véhicules - côté,,,,,,,,,,,1,1,1,1,3
200700073156,0007-11-13 19:30:00,7,11,13,19,30,140,66,Intersection CD7-CD514,49.333,-0.433,Nuit avec éclairage allumé,En agglomération,Intersection en T,Pluie légère,Deux véhicules - côté,,,,,,,,,,,5,2,3,2,3
200700073157,0007-11-23 18:15:00,7,11,23,18,15,140,738,D675,,,Nuit avec éclairage allumé,En agglomération,Hors intersection,Normale,Autre collision,,,,,,,,,,,5,2,1,1,6
200700073158,0007-11-07 16:15:00,7,11,7,16,15,140,486,Rues des Biots,48.991,-0.224,Plein jour,En agglomération,Intersection en X,Normale,Deux véhicules - frontale,,,,,,,,,,,1,2,2,1,1
200700073159,0007-11-30 08:00:00,7,11,30,8,0,140,475,,49.126,-0.565,Crépuscule ou aube,Hors agglomération,Hors intersection,Temps couvert,Autre collision,,,,,,,,,,,2,1,1,8,6
200700073160,0007-11-19 07:30:00,7,11,19,7,30,140,530,,49.212,-0.282,Crépuscule ou aube,Hors agglomération,Hors intersection,Temps couvert,Autre collision,,,,,,,,,,,2,1,1,8,6
200700073161,0007-11-16 18:45:00,7,11,16,18,45,140,47,RUE MARCEL DASSAULT,,,Nuit avec éclairage allumé,En agglomération,Hors intersection,Pluie légère,Deux véhicules - frontale,,,,,,,,,,,5,2,1,2,1
200700073162,0007-11-24 00:15:00,7,11,24,0,15,140,312,,49.376,-1.06,Nuit sans éclairage public,Hors agglomération,Hors intersection,Normale,Sans collision,,,,,,,,,,,3,1,1,1,7
200700073163,0007-11-18 04:00:00,7,11,18,4,0,140,481,,49.281,-1.054,Nuit avec éclairage allumé,Hors agglomération,Hors intersection,Normale,Autre collision,,,,,,,,,,,5,1,1,1,6
200700073164,0007-11-26 15:30:00,7,11,26,15,30,140,332,,,,Crépuscule ou aube,Hors agglomération,Hors intersection,Normale,Autre collision,,,,,,,,,,,2,1,1,1,6
200700073165,0007-11-02 08:30:00,7,11,2,8,30,140,387,,49.101,-0.082,Plein jour,Hors agglomération,Hors intersection,Normale,Deux véhicules - frontale,,,,,,,,,,,1,1,1,1,1
200700073166,0007-11-08 21:45:00,7,11,8,21,45,140,193,,49.132,0.326,Nuit sans éclairage public,Hors agglomération,Hors intersection,Normale,Deux véhicules - frontale,,,,,,,,,,,3,1,1,1,1
200700073167,0007-11-12 08:30:00,7,11,12,8,30,140,478,RUE DES CAPUCINS,49.028,0.41,Plein jour,En agglomération,Hors intersection,Normale,Autre collision,,,,,,,,,,,1,2,1,1,6
200700073168,0007-11-13 15:00:00,7,11,13,15,0,140,576,CD579,48.957,0.189,Plein jour,En agglomération,Hors intersection,Normale,Deux véhicules - frontale,,,,,,,,,,,1,2,1,1,1
200700073169,0007-11-23 19:15:00,7,11,23,19,15,140,504,,49.212,0.34,Nuit sans éclairage public,Hors agglomération,Intersection en X,Pluie légère,Deux véhicules - côté,,,,,,,,,,,3,1,2,2,3
200700073170,0007-11-25 19:00:00,7,11,25,19,0,140,443,,,,Nuit sans éclairage public,Hors agglomération,Hors intersection,Normale,Deux véhicules - frontale,,,,,,,,,,,3,1,1,1,1
200700073171,0007-11-04 16:30:00,7,11,4,16,30,500,411,,48.708,-1.336,Plein jour,Hors agglomération,Giratoire,Normale,Deux véhicules - côté,,,,,,,,,,,1,1,6,1,3
200700073172,0007-11-14 17:30:00,7,11,14,17,30,500,167,,,,Crépuscule ou aube,Hors agglomération,Hors intersection,Normale,Deux véhicules - frontale,,,,,,,,,,,2,1,1,1,1
200700073173,0007-11-15 14:00:00,7,11,15,14,0,500,540,,,,Plein jour,Hors agglomération,Intersection en Y,Normale,Deux véhicules - frontale,,,,,,,,,,,1,1,4,1,1
200700073174,0007-11-21 18:00:00,7,11,21,18,0,500,565,26 Grande Rue,,,Nuit avec éclairage allumé,En agglomération,Hors intersection,Pluie légère,Autre collision,,,,,,,,,,,5,2,1,2,6
200700073175,0007-11-24 15:30:00,7,11,24,15,30,500,66,,,,Plein jour,Hors agglomération,Hors intersection,Temps éblouissant,Autre collision,,,,,,,,,,,1,1,1,7,6
200700073176,0007-11-14 14:45:00,7,11,14,14,45,500,443,,,,Plein jour,Hors agglomération,Hors intersection,Normale,Deux véhicules - côté,,,,,,,,,,,1,1,1,1,3
200700073177,0007-11-03 20:00:00,7,11,3,20,0,500,124,,48.675,-1.158,Nuit sans éclairage public,Hors agglomération,Hors intersection,Normale,Deux véhicules - côté,,,,,,,,,,,3,1,1,1,3
200700073178,0007-11-10 19:00:00,7,11,10,19,0,500,607,,48.778,-1.236,Nuit sans éclairage public,Hors agglomération,Hors intersection,Normale,Autre collision,,,,,,,,,,,3,1,1,1,6
200700073179,0007-11-19 05:45:00,7,11,19,5,45,500,121,,,,Nuit sans éclairage public,Hors agglomération,Hors intersection,Autre,Sans collision,,,,,,,,,,,3,1,1,9,7