accident_id,datetime,annee,mois,jour,heure,minute,departement,commune_insee,adresse,latitude,longitude,luminosite,agglomeration,intersection,meteo,collision,nb_vehicules,nb_usagers,nb_indemnes,nb_tues,nb_blesses_hosp,nb_blesses_legers,age_cond_1,age_cond_2,veh_type_cond_1,veh_type_cond_2,lum_code,agg_code,int_code,atm_code,col_code
200700073180,0007-11-08 18:30:00,7,11,8,18,30,500,294,LIEU DIT TABARIN,,,Nuit avec éclairage allumé,En agglomération,Hors intersection,Pluie légère,Deux véhicules - côté,,,,,,,,,,,5,2,1,2,3
200700073181,0007-11-22 18:15:00,7,11,22,18,15,500,305,,,,Nuit sans éclairage public,Hors agglomération,Hors intersection,Pluie légère,Deux véhicules - côté,,,,,,,,,,,3,1,1,2,3
200700073182,0007-11-03 19:45:00,7,11,3,19,45,500,369,,49.495,-1.559,Nuit sans éclairage public,Hors agglomération,Hors intersection,Normale,Trois véhicules et plus - collisions multiples,,,,,,,,,,,3,1,1,1,5
200700073183,0007-11-19 13:45:00,7,11,19,13,45,500,270,,49.487,-1.472,Plein jour,Hors agglomération,Hors intersection,Normale,Deux véhicules - frontale,,,,,,,,,,,1,1,1,1,1
200700073184,0007-11-26 08:45:00,7,11,26,8,45,500,615,,49.52,-1.498,Plein jour,Hors agglomération,Hors intersection,Normale,Sans collision,,,,,,,,,,,1,1,1,1,7
200700073185,0007-11-05 11:00:00,7,11,5,11,0,500,3,,49.058,-1.602,Nuit sans éclairage public,Hors agglomération,Hors intersection,Normale,Deux véhicules - frontale,,,,,,,,,,,3,1,1,1,1
200700073186,0007-11-13 12:00:00,7,11,13,12,0,500,378,,,,Plein jour,Hors agglomération,Intersection en X,Pluie légère,Deux véhicules - côté,,,,,,,,,,,1,1,2,2,3
200700073187,0007-11-25 05:15:00,7,11,25,5,15,500,506,Le bourg CD 68,49.082,-1.532,Nuit sans éclairage public,En agglomération,Hors intersection,Normale,Sans collision,,,,,,,,,,,3,2,1,1,7
200700073188,0007-11-05 18:30:00,7,11,5,18,30,500,244,,,,Nuit sans éclairage public,Hors agglomération,Hors intersection,Normale,Deux véhicules - frontale,,,,,,,,,,,3,1,1,1,1
200700073189,0007-11-13 10:15:00,7,11,13,10,15,500,403,,,,Nuit sans éclairage public,Hors agglomération,Hors intersection,Normale,Deux véhicules - arrière,,,,,,,,,,,3,1,1,1,2
200700073190,0007-11-03 12:30:00,7,11,3,12,30,610,165,Rue de la Pôotée,48.419,-0.032,Plein jour,En agglomération,Intersection en X,Normale,Deux véhicules - côté,,,,,,,,,,,1,2,2,1,3
200700073191,0007-11-30 09:30:00,7,11,30,9,30,610,51,,,,Nuit sans éclairage public,Hors agglomération,Hors intersection,Normale,Trois véhicules et plus - en chaîne,,,,,,,,,,,3,1,1,1,4
200700073192,0007-11-07 16:45:00,7,11,7,16,45,610,508,Carrefour de l'Europe,48.94,0.2,Plein jour,En agglomération,Intersection en X,Normale,Deux véhicules - côté,,,,,,,,,,,1,2,2,1,3
200700073193,0007-11-30 16:30:00,7,11,30,16,30,610,9,,48.788,0.052,Plein jour,Hors agglomération,Hors intersection,Normale,Deux véhicules - frontale,,,,,,,,,,,1,1,1,1,1
200700073194,0007-11-14 12:30:00,7,11,14,12,30,610,310,grande rue,48.711,0.221,Plein jour,En agglomération,Autre intersection,Pluie légère,Deux véhicules - côté,,,,,,,,,,,1,2,9,2,3
200700073195,0007-11-16 15:45:00,7,11,16,15,45,610,145,,,,Plein jour,Hors agglomération,Intersection en X,Normale,Trois véhicules et plus - collisions multiples,,,,,,,,,,,1,1,2,1,5
200700073196,0007-11-09 13:30:00,7,11,9,13,30,610,168,RUE FELIX DESAUNAY,48.591,-0.361,Plein jour,En agglomération,Hors intersection,Normale,Autre collision,,,,,,,,,,,1,2,1,1,6
200700073197,0007-11-09 17:30:00,7,11,9,17,30,610,211,,48.546,-0.492,Crépuscule ou aube,Hors agglomération,Hors intersection,Normale,Deux véhicules - côté,,,,,,,,,,,2,1,1,1,3
200700073198,0007-11-09 16:15:00,7,11,9,16,15,610,221,,,,Plein jour,Hors agglomération,Hors intersection,Normale,Autre collision,,,,,,,,,,,1,1,1,1,6
200700073199,0007-11-24 16:15:00,7,11,24,16,15,610,292,,,,Plein jour,Hors agglomération,Hors intersection,Normale,Deux véhicules - frontale,,,,,,,,,,,1,1,1,1,1
200700073200,0007-11-08 17:30:00,7,11,8,17,30,610,327,,48.431,0.437,Crépuscule ou aube,Hors agglomération,Hors intersection,Normale,Autre collision,,,,,,,,,,,2,1,1,1,6
200700073201,0007-11-10 14:30:00,7,11,10,14,30,610,422,,,,Plein jour,Hors agglomération,Hors intersection,Normale,Autre collision,,,,,,,,,,,1,1,1,1,6
200700073202,0007-11-14 18:00:00,7,11,14,18,0,610,214,rue de la fonte,,,Nuit sans éclairage public,En agglomération,Hors intersection,Pluie légère,Deux véhicules - côté,,,,,,,,,,,3,2,1,2,3
200700073203,0007-11-16 16:00:00,7,11,16,16,0,610,214,,,,Plein jour,Hors agglomération,Hors intersection,Normale,Trois véhicules et plus - collisions multiples,,,,,,,,,,,1,1,1,1,5
200700073204,0007-11-17 16:45:00,7,11,17,16,45,610,214,rue gambetta-place europ,,,Plein jour,En agglomération,Hors intersection,Temps éblouissant,Autre collision,,,,,,,,,,,1,2,1,7,6
200700073205,0007-11-14 13:15:00,7,11,14,13,15,440,26,,,,Plein jour,Hors agglomération,Hors intersection,Normale,Deux véhicules - frontale,,,,,,,,,,,1,1,1,1,1
200700073206,0007-11-21 21:00:00,7,11,21,21,0,440,173,,47.076,-1.382,Nuit sans éclairage public,Hors agglomération,Hors intersection,Normale,Deux véhicules - frontale,,,,,,,,,,,3,1,1,1,1
200700073207,0007-11-25 02:15:00,7,11,25,2,15,440,43,,,,Nuit avec éclairage allumé,Hors agglomération,Hors intersection,Pluie légère,Deux véhicules - côté,,,,,,,,,,,5,1,1,2,3
200700073208,0007-11-06 21:45:00,7,11,6,21,45,440,215,RUE SAINTONGE,,,Nuit avec éclairage allumé,En agglomération,Hors intersection,Normale,Sans collision,,,,,,,,,,,5,2,1,1,7
200700073209,0007-11-03 17:30:00,7,11,3,17,30,440,3,Rue Pierre de COUBERTIN,47.382,-1.184,Plein jour,En agglomération,Hors intersection,Normale,Autre collision,,,,,,,,,,,1,2,1,1,6
200700073210,0007-11-03 07:00:00,7,11,3,7,0,440,4,,,,Nuit sans éclairage public,Hors agglomération,Hors intersection,Pluie légère,Autre collision,,,,,,,,,,,3,1,1,2,6
200700073211,0007-11-15 07:45:00,7,11,15,7,45,440,3,bd Pierre et Marie curie,,,Crépuscule ou aube,En agglomération,Hors intersection,Normale,Deux véhicules - côté,,,,,,,,,,,2,2,1,1,3
200700073212,0007-11-24 09:30:00,7,11,24,9,30,440,213,,47.406,-1.024,Plein jour,Hors agglomération,Hors intersection,Normale,Deux véhicules - arrière,,,,,,,,,,,1,1,1,1,2
200700073213,0007-11-08 08:00:00,7,11,8,8,0,440,141,,,,Crépuscule ou aube,Hors agglomération,Hors intersection,Pluie légère,Deux véhicules - frontale,,,,,,,,,,,2,1,1,2,1
200700073214,0007-11-19 06:15:00,7,11,19,6,15,440,16,,,,Crépuscule ou aube,Hors agglomération,Hors intersection,Autre,Deux véhicules - côté,,,,,,,,,,,2,1,1,9,3
200700073215,0007-11-03 14:30:00,7,11,3,14,30,440,36,Rue d'Ancenis,47.723,-1.37,Plein jour,En agglomération,Hors intersection,Normale,Autre collision,,,,,,,,,,,1,2,1,1,6
200700073216,0007-11-15 08:45:00,7,11,15,8,45,440,54,,47.687,-1.38,Plein jour,Hors agglomération,Hors intersection,Normale,Trois véhicules et plus - collisions multiples,,,,,,,,,,,1,1,1,1,5
200700073217,0007-11-09 14:30:00,7,11,9,14,30,440,23,,47.396,-1.88,Plein jour,Hors agglomération,Hors intersection,Normale,Deux véhicules - frontale,,,,,,,,,,,1,1,1,1,1
200700073218,0007-11-27 07:30:00,7,11,27,7,30,440,185,,47.628,-2.045,Nuit sans éclairage public,Hors agglomération,Hors intersection,Pluie légère,Trois véhicules et plus - collisions multiples,,,,,,,,,,,3,1,1,2,5
200700073219,0007-11-02 20:15:00,7,11,2,20,15,440,205,,47.481,-1.42,Nuit sans éclairage public,Hors agglomération,Hors intersection,Normale,Trois véhicules et plus - collisions multiples,,,,,,,,,,,3,1,1,1,5
200700073220,0007-11-05 08:00:00,7,11,5,8,0,440,205,,47.442,-1.42,Plein jour,Hors agglomération,Hors intersection,Temps couvert,Deux véhicules - frontale,,,,,,,,,,,1,1,1,8,1
200700073221,0007-11-29 09:30:00,7,11,29,9,30,440,179,,47.354,-1.42,Plein jour,Hors agglomération,Hors intersection,Pluie légère,Autre collision,,,,,,,,,,,1,1,1,2,6
200700073222,0007-11-09 09:45:00,7,11,9,9,45,440,120,,47.211,-1.794,Plein jour,Hors agglomération,Hors intersection,Normale,Autre collision,,,,,,,,,,,1,1,1,1,6
200700073223,0007-11-03 18:00:00,7,11,3,18,0,440,154,La haute lande,47.239,-2.145,Nuit avec éclairage allumé,En agglomération,Hors intersection,Normale,Deux véhicules - frontale,,,,,,,,,,,5,2,1,1,1
200700073224,0007-11-10 18:30:00,7,11,10,18,30,440,154,,47.25,-2.15,Nuit sans éclairage public,Hors agglomération,Hors intersection,Normale,Deux véhicules - côté,,,,,,,,,,,3,1,1,1,3
200700073225,0007-11-16 18:15:00,7,11,16,18,15,440,192,,47.26,-1.96,Nuit sans éclairage public,Hors agglomération,Hors intersection,Normale,Deux véhicules - frontale,,,,,,,,,,,3,1,1,1,1
200700073226,0007-11-10 09:15:00,7,11,10,9,15,440,220,,47.204,-1.86,Plein jour,Hors agglomération,Hors intersection,Normale,Deux véhicules - côté,,,,,,,,,,,1,1,1,1,3
200700073227,0007-11-26 18:00:00,7,11,26,18,0,440,87,,47.001,-1.863,Crépuscule ou aube,Hors agglomération,Hors intersection,Normale,Autre collision,,,,,,,,,,,2,1,1,1,6
200700073228,0007-11-11 20:15:00,7,11,11,20,15,440,175,,,,Nuit sans éclairage public,Hors agglomération,Hors intersection,Normale,Autre collision,,,,,,,,,,,3,1,1,1,6
200700073229,0007-11-23 06:30:00,7,11,23,6,30,440,69,,,,Nuit sans éclairage public,Hors agglomération,Hors intersection,Normale,Deux véhicules - frontale,,,,,,,,,,,3,1,1,1,1
200700073230,0007-11-28 08:30:00,7,11,28,8,30,440,69,,,,Plein jour,Hors agglomération,Hors intersection,Normale,Deux véhicules - côté,,,,,,,,,,,1,1,1,1,3
200700073231,0007-11-27 17:00:00,7,11,27,17,0,440,151,,,,Plein jour,Hors agglomération,Hors intersection,Normale,Deux véhicules - côté,,,,,,,,,,,1,1,1,1,3
200700073232,0007-11-01 14:30:00,7,11,1,14,30,440,103,,,,Plein jour,Hors agglomération,Hors intersection,Normale,Deux véhicules - frontale,,,,,,,,,,,1,1,1,1,1
200700073233,0007-11-13 07:30:00,7,11,13,7,30,440,129,rue Maurice Sambron,,,Crépuscule ou aube,En agglomération,Hors intersection,Normale,Deux véhicules - côté,,,,,,,,,,,2,2,1,1,3
200700073234,0007-11-28 16:15:00,7,11,28,16,15,440,152,,,,Plein jour,Hors agglomération,Hors intersection,Normale,Deux véhicules - côté,,,,,,,,,,,1,1,1,1,3
200700073235,0007-11-13 17:30:00,7,11,13,17,30,440,158,,47.265,-1.779,Crépuscule ou aube,Hors agglomération,Hors intersection,Pluie légère,Autre collision,,,,,,,,,,,2,1,1,2,6
200700073236,0007-11-03 16:00:00,7,11,3,16,0,440,33,la sabliere,,,Plein jour,En agglomération,Autre intersection,Normale,Deux véhicules - frontale,,,,,,,,,,,1,2,9,1,1
200700073237,0007-11-10 05:45:00,7,11,10,5,45,440,80,,,,Nuit sans éclairage public,Hors agglomération,Hors intersection,Normale,Autre collision,,,,,,,,,,,3,1,1,1,6
200700073238,0007-11-13 18:00:00,7,11,13,18,0,440,33,,,,Nuit sans éclairage public,Hors agglomération,Hors intersection,Pluie légère,Autre collision,,,,,,,,,,,3,1,1,2,6
200700073239,0007-11-11 15:00:00,7,11,11,15,0,490,201,,47.406,-0.285,Plein jour,Hors agglomération,Hors intersection,Normale,Deux véhicules - frontale,,,,,,,,,,,1,1,1,1,1
200700073240,0007-11-26 18:45:00,7,11,26,18,45,490,42,,,,Nuit avec éclairage allumé,Hors agglomération,Hors intersection,Normale,Deux véhicules - frontale,,,,,,,,,,,5,1,1,1,1
200700073241,0007-11-06 12:15:00,7,11,6,12,15,490,265,,47.283,-0.68,Plein jour,Hors agglomération,Intersection en T,Temps éblouissant,Deux véhicules - côté,,,,,,,,,,,1,1,3,7,3
200700073242,0007-11-15 18:15:00,7,11,15,18,15,490,306,,47.443,-0.702,Nuit sans éclairage public,Hors agglomération,Hors intersection,Normale,Deux véhicules - frontale,,,,,,,,,,,3,1,1,1,1
200700073243,0007-11-20 17:00:00,7,11,20,17,0,490,39,RUE JEANNE GRIMAULT,47.315,-0.837,Nuit avec éclairage allumé,En agglomération,Hors intersection,Pluie forte,Autre collision,,,,,,,,,,,5,2,1,3,6
200700073244,0007-11-04 07:45:00,7,11,4,7,45,490,110,,47.561,-0.379,Crépuscule ou aube,Hors agglomération,Hors intersection,Normale,Autre collision,,,,,,,,,,,2,1,1,1,6
200700073245,0007-11-19 06:00:00,7,11,19,6,0,490,23,,47.206,-0.917,Nuit sans éclairage public,Hors agglomération,Hors intersection,Autre,Autre collision,,,,,,,,,,,3,1,1,9,6
200700073246,0007-11-10 23:45:00,7,11,10,23,45,490,301,,47.151,-0.973,Nuit sans éclairage public,Hors agglomération,Hors intersection,Normale,Autre collision,,,,,,,,,,,3,1,1,1,6
200700073247,0007-11-17 17:45:00,7,11,17,17,45,490,27,,47.149,-0.952,Plein jour,Hors agglomération,Hors intersection,Normale,Deux véhicules - côté,,,,,,,,,,,1,1,1,1,3
200700073248,0007-11-21 08:00:00,7,11,21,8,0,490,179,,47.027,-1.054,Crépuscule ou aube,Hors agglomération,Hors intersection,Normale,Deux véhicules - côté,,,,,,,,,,,2,1,1,1,3
200700073249,0007-11-24 12:15:00,7,11,24,12,15,490,343,,47.005,-0.82,Plein jour,Hors agglomération,Hors intersection,Normale,Sans collision,,,,,,,,,,,1,1,1,1,7
200700073250,0007-11-20 18:00:00,7,11,20,18,0,490,177,,47.344,-1.139,Nuit sans éclairage public,Hors agglomération,Hors intersection,Pluie légère,Deux véhicules - côté,,,,,,,,,,,3,1,1,2,3
200700073251,0007-11-25 10:45:00,7,11,25,10,45,490,296,,47.274,-1.198,Plein jour,Hors agglomération,Hors intersection,Normale,Autre collision,,,,,,,,,,,1,1,1,1,6
200700073252,0007-11-06 08:15:00,7,11,6,8,15,490,128,,,,Plein jour,Hors agglomération,Hors intersection,Normale,Deux véhicules - frontale,,,,,,,,,,,1,1,1,1,1
200700073253,0007-11-30 20:15:00,7,11,30,20,15,490,368,Rue de Vernoil,,,Nuit avec éclairage allumé,En agglomération,Hors intersection,Normale,Autre collision,,,,,,,,,,,5,2,1,1,6
200700073254,0007-11-05 22:00:00,7,11,5,22,0,490,373,RUE NATIONALE,,,Nuit avec éclairage allumé,En agglomération,Hors intersection,Normale,Deux véhicules - frontale,,,,,,,,,,,5,2,1,1,1
200700073255,0007-11-05 22:00:00,7,11,5,22,0,490,109,rue joachim du bellay,,,Nuit avec éclairage allumé,En agglomération,Hors intersection,Normale,Deux véhicules - frontale,,,,,,,,,,,5,2,1,1,1
200700073256,0007-11-15 18:30:00,7,11,15,18,30,490,30,,47.364,-0.088,Nuit sans éclairage public,Hors agglomération,Hors intersection,Normale,Deux véhicules - arrière,,,,,,,,,,,3,1,1,1,2
200700073257,0007-11-22 12:45:00,7,11,22,12,45,490,2,,47.307,-0.015,Plein jour,Hors agglomération,Hors intersection,Normale,Autre collision,,,,,,,,,,,1,1,1,1,6
200700073258,0007-11-21 14:00:00,7,11,21,14,0,490,361,,47.232,0.05,Plein jour,Hors agglomération,Intersection en X,Normale,Trois véhicules et plus - en chaîne,,,,,,,,,,,1,1,2,1,4
200700073259,0007-11-22 07:30:00,7,11,22,7,30,490,60,,,,Crépuscule ou aube,Hors agglomération,Hors intersection,Temps couvert,Deux véhicules - côté,,,,,,,,,,,2,1,1,8,3
200700073260,0007-11-30 17:15:00,7,11,30,17,15,490,291,,,,Plein jour,Hors agglomération,Hors intersection,Normale,Trois véhicules et plus - collisions multiples,,,,,,,,,,,1,1,1,1,5
200700073261,0007-11-11 22:00:00,7,11,11,22,0,490,136,2 rue du dolmen,47.737,-0.844,Nuit avec éclairage allumé,En agglomération,Hors intersection,Normale,Sans collision,,,,,,,,,,,5,2,1,1,7
200700073262,0007-11-18 06:45:00,7,11,18,6,45,490,161,,,,Nuit sans éclairage public,Hors agglomération,Hors intersection,Normale,Autre collision,,,,,,,,,,,3,1,1,1,6
200700073263,0007-11-04 16:45:00,7,11,4,16,45,490,271,,47.548,-0.734,Plein jour,Hors agglomération,Hors intersection,Normale,Deux véhicules - frontale,,,,,,,,,,,1,1,1,1,1
200700073264,0007-11-09 14:15:00,7,11,9,14,15,490,330,,47.654,-0.619,Plein jour,Hors agglomération,Hors intersection,Normale,Deux véhicules - arrière,,,,,,,,,,,1,1,1,1,2
200700073265,0007-11-30 09:45:00,7,11,30,9,45,490,26,44 route de cholet,47.505,-0.801,Plein jour,En agglomération,Hors intersection,Normale,Deux véhicules - frontale,,,,,,,,,,,1,2,1,1,1
200700073266,0007-11-01 07:15:00,7,11,1,7,15,490,347,,47.646,-0.43,Crépuscule ou aube,Hors agglomération,Hors intersection,Normale,Sans collision,,,,,,,,,,,2,1,1,1,7
200700073267,0007-11-21 05:30:00,7,11,21,5,30,490,48,130 route de tiercé,47.593,-0.49,Nuit avec éclairage allumé,En agglomération,Hors intersection,Brouillard / fumée,Autre collision,,,,,,,,,,,5,2,1,5,6
200700073268,0007-11-06 17:15:00,7,11,6,17,15,530,262,,48.06,-0.552,Plein jour,Hors agglomération,Autre intersection,Normale,Deux véhicules - côté,,,,,,,,,,,1,1,9,1,3
200700073269,0007-11-10 03:30:00,7,11,10,3,30,530,152,,47.961,-0.566,Nuit sans éclairage public,Hors agglomération,Hors intersection,Normale,Autre collision,,,,,,,,,,,3,1,1,1,6
200700073270,0007-11-28 07:30:00,7,11,28,7,30,530,62,Avenue eric tabarly,,,Nuit avec éclairage allumé,En agglomération,Hors intersection,Normale,Deux véhicules - frontale,,,,,,,,,,,5,2,1,1,1
200700073271,0007-11-08 18:45:00,7,11,8,18,45,530,147,RUE AMBROISE DE LORE,,,Nuit avec éclairage allumé,En agglomération,Hors intersection,Normale,Deux véhicules - frontale,,,,,,,,,,,5,2,1,1,1
200700073272,0007-11-05 19:45:00,7,11,5,19,45,530,272,,,,Nuit sans éclairage public,Hors agglomération,Hors intersection,Normale,Autre collision,,,,,,,,,,,3,1,1,1,6
200700073273,0007-11-11 13:15:00,7,11,11,13,15,720,200,,47.894,0.171,Plein jour,Hors agglomération,Hors intersection,Normale,Deux véhicules - frontale,,,,,,,,,,,1,1,1,1,1
200700073274,0007-11-03 05:00:00,7,11,3,5,0,720,386,,,,Nuit sans éclairage public,Hors agglomération,Hors intersection,Normale,Autre collision,,,,,,,,,,,3,1,1,1,6
200700073275,0007-11-10 02:15:00,7,11,10,2,15,720,386,,,,Nuit sans éclairage public,Hors agglomération,Hors intersection,Pluie légère,Autre collision,,,,,,,,,,,3,1,1,2,6
200700073276,0007-11-30 10:00:00,7,11,30,10,0,720,54,,,,Plein jour,Hors agglomération,Hors intersection,Temps couvert,Deux véhicules - côté,,,,,,,,,,,1,1,1,8,3
200700073277,0007-11-22 18:00:00,7,11,22,18,0,720,329,,48.091,0.296,Nuit sans éclairage public,Hors agglomération,Hors intersection,Normale,Autre collision,,,,,,,,,,,3,1,1,1,6
200700073278,0007-11-16 16:30:00,7,11,16,16,30,720,154,Bd du Québec,,,Plein jour,En agglomération,Giratoire,Normale,Deux véhicules - côté,,,,,,,,,,,1,2,6,1,3
200700073279,0007-11-28 22:15:00,7,11,28,22,15,720,154,Rue de la Magdeleine,,,Nuit avec éclairage allumé,En agglomération,Hors intersection,Normale,Deux véhicules - côté,,,,,,,,,,,5,2,1,1,3
200700073280,0007-11-18 15:00:00,7,11,18,15,0,720,376,,47.863,0.485,Plein jour,Hors agglomération,Hors intersection,Temps couvert,Autre collision,,,,,,,,,,,1,1,1,8,6
200700073281,0007-11-04 07:00:00,7,11,4,7,0,720,378,,47.821,-0.233,Crépuscule ou aube,Hors agglomération,Hors intersection,Normale,Sans collision,,,,,,,,,,,2,1,1,1,7
200700073282,0007-11-16 18:00:00,7,11,16,18,0,720,61,,47.733,-0.239,Nuit sans éclairage public,Hors agglomération,Hors intersection,Normale,Deux véhicules - côté,,,,,,,,,,,3,1,1,1,3
200700073283,0007-11-26 07:15:00,7,11,26,7,15,720,16,rue Charnace,47.908,-0.351,Crépuscule ou aube,En agglomération,Hors intersection,Normale,Autre collision,,,,,,,,,,,2,2,1,1,6
200700073284,0007-11-14 13:00:00,7,11,14,13,0,720,383,,48.076,0.535,Plein jour,Hors agglomération,Hors intersection,Normale,Deux véhicules - côté,,,,,,,,,,,1,1,1,1,3
200700073285,0007-11-06 09:45:00,7,11,6,9,45,850,89,,46.731,-1.356,Plein jour,Hors agglomération,Hors intersection,Normale,Autre collision,,,,,,,,,,,1,1,1,1,6
200700073286,0007-11-17 23:00:00,7,11,17,23,0,850,17,,46.902,-1.093,Nuit sans éclairage public,Hors agglomération,Hors intersection,Normale,Autre collision,,,,,,,,,,,3,1,1,1,6
200700073287,0007-11-12 09:45:00,7,11,12,9,45,850,224,la marrionnière,,,Plein jour,En agglomération,Hors intersection,Autre,Deux véhicules - frontale,,,,,,,,,,,1,2,1,9,1
200700073288,0007-11-26 07:00:00,7,11,26,7,0,850,262,,46.985,-1.496,Nuit sans éclairage public,Hors agglomération,Hors intersection,Brouillard / fumée,Deux véhicules - côté,,,,,,,,,,,3,1,1,5,3
200700073289,0007-11-22 17:15:00,7,11,22,17,15,850,146,,46.988,-1.318,Crépuscule ou aube,Hors agglomération,Hors intersection,Temps couvert,Deux véhicules - frontale,,,,,,,,,,,2,1,1,8,1
200700073290,0007-11-15 18:30:00,7,11,15,18,30,850,119,1 RUE D ANJOU,,,Nuit avec éclairage allumé,En agglomération,Hors intersection,Normale,Autre collision,,,,,,,,,,,5,2,1,1,6
200700073291,0007-11-14 13:45:00,7,11,14,13,45,850,15,,46.836,-1.516,Plein jour,Hors agglomération,Hors intersection,Normale,Deux véhicules - frontale,,,,,,,,,,,1,1,1,1,1
200700073292,0007-11-20 08:30:00,7,11,20,8,30,850,19,,46.776,-1.408,Crépuscule ou aube,Hors agglomération,Hors intersection,Temps couvert,Deux véhicules - frontale,,,,,,,,,,,2,1,1,8,1
200700073293,0007-11-27 07:45:00,7,11,27,7,45,850,3,le pré bouchet,,,Nuit avec éclairage allumé,En agglomération,Giratoire,Normale,Deux véhicules - frontale,,,,,,,,,,,5,2,6,1,1
200700073294,0007-11-04 20:30:00,7,11,4,20,30,850,92,,46.47,-0.803,Nuit avec éclairage allumé,En agglomération,Hors intersection,Normale,Deux véhicules - arrière,,,,,,,,,,,5,2,1,1,2
200700073295,0007-11-30 17:30:00,7,11,30,17,30,850,92,,46.454,-0.79,Crépuscule ou aube,Hors agglomération,Hors intersection,Temps couvert,Deux véhicules - frontale,,,,,,,,,,,2,1,1,8,1
200700073296,0007-11-18 00:45:00,7,11,18,0,45,850,143,route du lac,46.526,-0.751,Nuit avec éclairage allumé,En agglomération,Hors intersection,Normale,Sans collision,,,,,,,,,,,5,2,1,1,7
200700073297,0007-11-17 20:00:00,7,11,17,20,0,850,159,,46.477,-1.045,Nuit sans éclairage public,Hors agglomération,Hors intersection,Normale,Sans collision,,,,,,,,,,,3,1,1,1,7
200700073298,0007-11-01 04:00:00,7,11,1,4,0,850,95,,46.862,-1.761,Nuit sans éclairage public,Hors agglomération,Hors intersection,Normale,Autre collision,,,,,,,,,,,3,1,1,1,6
200700073299,0007-11-12 03:30:00,7,11,12,3,30,850,260,,,,Nuit sans éclairage public,Hors agglomération,Hors intersection,Normale,Deux véhicules - côté,,,,,,,,,,,3,1,1,1,3
200700073300,0007-11-18 12:00:00,7,11,18,12,0,850,298,,46.592,-1.761,Plein jour,Hors agglomération,Hors intersection,Pluie légère,Deux véhicules - frontale,,,,,,,,,,,1,1,1,2,1
200700073301,0007-11-03 19:30:00,7,11,3,19,30,850,83,,,,Nuit avec éclairage allumé,Hors agglomération,Hors intersection,Normale,Deux véhicules - côté,,,,,,,,,,,5,1,1,1,3
200700073302,0007-11-16 13:00:00,7,11,16,13,0,850,222,rue de Bellevue,,,Plein jour,En agglomération,Hors intersection,Normale,Deux véhicules - frontale,,,,,,,,,,,1,2,1,1,1
200700073303,0007-11-30 19:45:00,7,11,30,19,45,850,88,,46.707,-1.896,Nuit sans éclairage public,Hors agglomération,Hors intersection,Normale,Autre collision,,,,,,,,,,,3,1,1,1,6
200700073304,0007-11-26 07:15:00,7,11,26,7,15,850,234,avenue valentin avenue m,46.788,-2.065,Nuit avec éclairage allumé,En agglomération,Giratoire,Normale,Deux véhicules - frontale,,,,,,,,,,,5,2,6,1,1
200700073305,0007-11-07 18:00:00,7,11,7,18,0,850,116,,,,Crépuscule ou aube,Hors agglomération,Hors intersection,Normale,Autre collision,,,,,,,,,,,2,1,1,1,6
200700073306,0007-11-11 15:30:00,7,11,11,15,30,850,200,,46.518,-1.484,Plein jour,Hors agglomération,Hors intersection,Normale,Deux véhicules - frontale,,,,,,,,,,,1,1,1,1,1
200700073307,0007-11-21 15:00:00,7,11,21,15,0,330,236,RUE DES GOELANDS,,,Plein jour,En agglomération,Hors intersection,Normale,Deux véhicules - frontale,,,,,,,,,,,1,2,1,1,1
200700073308,0007-11-13 17:15:00,7,11,13,17,15,330,273,AV DES MARTYRS DE RESIST,44.846,-0.782,Plein jour,En agglomération,Hors intersection,Normale,Deux véhicules - arrière,,,,,,,,,,,1,2,1,1,2
200700073309,0007-11-06 13:45:00,7,11,6,13,45,330,200,,,,Plein jour,Hors agglomération,Hors intersection,Normale,Deux véhicules - arrière,,,,,,,,,,,1,1,1,1,2
200700073310,0007-11-26 13:30:00,7,11,26,13,30,330,376,,,,Plein jour,Hors agglomération,Hors intersection,Normale,Deux véhicules - frontale,,,,,,,,,,,1,1,1,1,1
200700073311,0007-11-27 17:15:00,7,11,27,17,15,330,449,Rue Jean-Jaurès,,,Plein jour,En agglomération,Giratoire,Normale,Deux véhicules - côté,,,,,,,,,,,1,2,6,1,3
200700073312,0007-11-28 16:45:00,7,11,28,16,45,330,200,246 avenue Pasteur,,,Plein jour,En agglomération,Hors intersection,Normale,Deux véhicules - côté,,,,,,,,,,,1,2,1,1,3
200700073313,0007-11-15 06:15:00,7,11,15,6,15,330,374,,45.248,-0.569,Nuit sans éclairage public,Hors agglomération,Hors intersection,Normale,Trois véhicules et plus - collisions multiples,,,,,,,,,,,3,1,1,1,5