accident_id,datetime,annee,mois,jour,heure,minute,departement,commune_insee,adresse,latitude,longitude,luminosite,agglomeration,intersection,meteo,collision,nb_vehicules,nb_usagers,nb_indemnes,nb_tues,nb_blesses_hosp,nb_blesses_legers,age_cond_1,age_cond_2,veh_type_cond_1,veh_type_cond_2,lum_code,agg_code,int_code,atm_code,col_code
200700073451,0007-11-03 17:45:00,7,11,3,17,45,870,32,Rue Jean Jaurès,45.66,0.983,Nuit avec éclairage allumé,En agglomération,Hors intersection,Temps couvert,Autre collision,,,,,,,,,,,5,2,1,8,6
200700073452,0007-11-05 14:30:00,7,11,5,14,30,870,13,,,,Plein jour,Hors agglomération,Hors intersection,Normale,Autre collision,,,,,,,,,,,1,1,1,1,6
200700073453,0007-11-10 07:30:00,7,11,10,7,30,870,154,,45.909,0.931,Crépuscule ou aube,Hors agglomération,Hors intersection,Normale,Sans collision,,,,,,,,,,,2,1,1,1,7
200700073454,0007-11-27 05:00:00,7,11,27,5,0,870,191,,,,Nuit avec éclairage allumé,Hors agglomération,Hors intersection,Autre,Autre collision,,,,,,,,,,,5,1,1,9,6
200700073455,0007-11-14 08:30:00,7,11,14,8,30,190,96,,45.223,1.822,Plein jour,Hors agglomération,Hors intersection,Temps couvert,Deux véhicules - frontale,,,,,,,,,,,1,1,1,8,1
200700073456,0007-11-17 12:15:00,7,11,17,12,15,190,38,,45.271,1.719,Plein jour,Hors agglomération,Hors intersection,Normale,Deux véhicules - frontale,,,,,,,,,,,1,1,1,1,1
200700073457,0007-11-09 19:00:00,7,11,9,19,0,190,255,,45.366,1.711,Nuit sans éclairage public,Hors agglomération,Autre intersection,Normale,Deux véhicules - frontale,,,,,,,,,,,3,1,9,1,1
200700073458,0007-11-08 16:15:00,7,11,8,16,15,190,123,avenue de l' industrie,,,Plein jour,En agglomération,Intersection en T,Normale,Deux véhicules - côté,,,,,,,,,,,1,2,3,1,3
200700073459,0007-11-02 13:45:00,7,11,2,13,45,190,150,,45.095,1.598,Plein jour,Hors agglomération,Hors intersection,Normale,Deux véhicules - frontale,,,,,,,,,,,1,1,1,1,1
200700073460,0007-11-17 20:45:00,7,11,17,20,45,190,138,Place du Jet d'eau,45.06,1.676,Nuit avec éclairage allumé,En agglomération,Hors intersection,Normale,Deux véhicules - côté,,,,,,,,,,,5,2,1,1,3
200700073461,0007-11-14 20:45:00,7,11,14,20,45,190,160,,45.595,1.96,Nuit sans éclairage public,Hors agglomération,Hors intersection,Neige / grêle,Sans collision,,,,,,,,,,,3,1,1,4,7
200700073462,0007-11-10 21:15:00,7,11,10,21,15,230,186,,46.09,1.864,Nuit sans éclairage public,Hors agglomération,Hors intersection,Pluie légère,Deux véhicules - frontale,,,,,,,,,,,3,1,1,2,1
200700073463,0007-11-11 05:30:00,7,11,11,5,30,230,38,,46.422,2.177,Nuit sans éclairage public,Hors agglomération,Hors intersection,Normale,Autre collision,,,,,,,,,,,3,1,1,1,6
200700073464,0007-11-13 22:30:00,7,11,13,22,30,230,247,,46.219,1.727,Nuit sans éclairage public,Hors agglomération,Hors intersection,Pluie forte,Trois véhicules et plus - collisions multiples,,,,,,,,,,,3,1,1,3,5
200700073465,0007-11-16 16:30:00,7,11,16,16,30,230,15,Les Genêts,46.36,1.49,Plein jour,En agglomération,Hors intersection,Normale,Deux véhicules - arrière,,,,,,,,,,,1,2,1,1,2
200700073466,0007-11-24 18:45:00,7,11,24,18,45,230,8,Route de Limoges,,,Nuit sans éclairage public,En agglomération,Hors intersection,Temps couvert,Autre collision,,,,,,,,,,,3,2,1,8,6
200700073467,0007-11-01 15:15:00,7,11,1,15,15,310,163,,,,Plein jour,Hors agglomération,Hors intersection,Normale,Deux véhicules - frontale,,,,,,,,,,,1,1,1,1,1
200700073468,0007-11-21 15:30:00,7,11,21,15,30,310,44,avenue parmentier,,,Plein jour,En agglomération,Hors intersection,Normale,Autre collision,,,,,,,,,,,1,2,1,1,6
200700073469,0007-11-03 20:30:00,7,11,3,20,30,310,202,,,,Nuit sans éclairage public,Hors agglomération,Hors intersection,Normale,Autre collision,,,,,,,,,,,3,1,1,1,6
200700073470,0007-11-28 16:30:00,7,11,28,16,30,310,444,,,,Plein jour,Hors agglomération,Hors intersection,Normale,Autre collision,,,,,,,,,,,1,1,1,1,6
200700073471,0007-11-26 15:15:00,7,11,26,15,15,310,424,CD 24 - Rue des Ecoles,43.572,1.294,Nuit avec éclairage allumé,En agglomération,Intersection en T,Normale,Deux véhicules - côté,,,,,,,,,,,5,2,3,1,3
200700073472,0007-11-27 04:30:00,7,11,27,4,30,310,458,,43.516,1.372,Nuit sans éclairage public,Hors agglomération,Hors intersection,Normale,Deux véhicules - frontale,,,,,,,,,,,3,1,1,1,1
200700073473,0007-11-04 08:00:00,7,11,4,8,0,310,230,"CD 14, route de villemur",,,Crépuscule ou aube,En agglomération,Hors intersection,Normale,Autre collision,,,,,,,,,,,2,2,1,1,6
200700073474,0007-11-10 04:00:00,7,11,10,4,0,310,182,145 RN 20,,,Nuit avec éclairage allumé,En agglomération,Hors intersection,Normale,Deux véhicules - frontale,,,,,,,,,,,5,2,1,1,1
200700073475,0007-11-19 11:15:00,7,11,19,11,15,310,490,22 RN 20,,,Plein jour,En agglomération,Hors intersection,Temps éblouissant,Autre collision,,,,,,,,,,,1,2,1,7,6
200700073476,0007-11-15 08:00:00,7,11,15,8,0,310,488,chemin belbeze,43.668,1.505,Plein jour,En agglomération,Hors intersection,Normale,Autre collision,,,,,,,,,,,1,2,1,1,6
200700073477,0007-11-05 16:00:00,7,11,5,16,0,310,395,,43.462,1.294,Plein jour,Hors agglomération,Intersection en Y,Normale,Deux véhicules - frontale,,,,,,,,,,,1,1,4,1,1
200700073478,0007-11-09 14:30:00,7,11,9,14,30,310,33,55 Route de Toulouse,43.359,1.468,Plein jour,En agglomération,Hors intersection,Normale,Deux véhicules - côté,,,,,,,,,,,1,2,1,1,3
200700073479,0007-11-03 17:15:00,7,11,3,17,15,310,474,,43.201,1.104,Plein jour,Hors agglomération,Hors intersection,Normale,Deux véhicules - frontale,,,,,,,,,,,1,1,1,1,1
200700073480,0007-11-10 18:15:00,7,11,10,18,15,310,187,,43.551,1.253,Nuit sans éclairage public,Hors agglomération,Hors intersection,Normale,Autre collision,,,,,,,,,,,3,1,1,1,6
200700073481,0007-11-24 21:30:00,7,11,24,21,30,310,188,,,,Nuit avec éclairage allumé,Hors agglomération,Hors intersection,Normale,Autre collision,,,,,,,,,,,5,1,1,1,6
200700073482,0007-11-01 18:00:00,7,11,1,18,0,310,585,,,,Nuit sans éclairage public,Hors agglomération,Hors intersection,Normale,Trois véhicules et plus - collisions multiples,,,,,,,,,,,3,1,1,1,5
200700073483,0007-11-13 10:00:00,7,11,13,10,0,310,175,,,,Plein jour,Hors agglomération,Hors intersection,Normale,Autre collision,,,,,,,,,,,1,1,1,1,6
200700073484,0007-11-29 19:00:00,7,11,29,19,0,310,535,Route de Gouerdes,,,Nuit avec éclairage allumé,En agglomération,Hors intersection,Normale,Deux véhicules - côté,,,,,,,,,,,5,2,1,1,3
200700073485,0007-11-07 10:15:00,7,11,7,10,15,310,42,1 BD CHARLES DE GAULLE,42.799,0.595,Plein jour,En agglomération,Hors intersection,Normale,Autre collision,,,,,,,,,,,1,2,1,1,6
200700073486,0007-11-25 06:00:00,7,11,25,6,0,310,470,CD 618,42.81,0.546,Nuit avec éclairage allumé,En agglomération,Hors intersection,Normale,Autre collision,,,,,,,,,,,5,2,1,1,6
200700073487,0007-11-13 17:45:00,7,11,13,17,45,310,378,,,,Crépuscule ou aube,Hors agglomération,Hors intersection,Normale,Deux véhicules - frontale,,,,,,,,,,,2,1,1,1,1
200700073488,0007-11-17 09:45:00,7,11,17,9,45,310,374,,43.421,1.64,Plein jour,Hors agglomération,Hors intersection,Normale,Deux véhicules - côté,,,,,,,,,,,1,1,1,1,3
200700073489,0007-11-19 19:30:00,7,11,19,19,30,310,100,CD 35 RUE DE LA REPUBLIQ,43.29,1.63,Nuit avec éclairage allumé,En agglomération,Hors intersection,Vent fort / tempête,Deux véhicules - côté,,,,,,,,,,,5,2,1,6,3
200700073490,0007-11-23 18:15:00,7,11,23,18,15,310,495,,43.408,1.573,Nuit sans éclairage public,Hors agglomération,Hors intersection,Normale,Deux véhicules - frontale,,,,,,,,,,,3,1,1,1,1
200700073491,0007-11-25 18:15:00,7,11,25,18,15,310,100,,43.28,1.643,Nuit sans éclairage public,Hors agglomération,Hors intersection,Normale,Autre collision,,,,,,,,,,,3,1,1,1,6
200700073492,0007-11-17 06:45:00,7,11,17,6,45,310,573,,43.668,1.703,Crépuscule ou aube,Hors agglomération,Intersection en X,Normale,Deux véhicules - frontale,,,,,,,,,,,2,1,2,1,1
200700073493,0007-11-23 02:45:00,7,11,23,2,45,310,55,,43.472,1.769,Nuit sans éclairage public,Hors agglomération,Hors intersection,Pluie légère,Deux véhicules - côté,,,,,,,,,,,3,1,1,2,3
200700073494,0007-11-23 07:30:00,7,11,23,7,30,310,48,,,,Crépuscule ou aube,Hors agglomération,Hors intersection,Temps couvert,Deux véhicules - arrière,,,,,,,,,,,2,1,1,8,2
200700073495,0007-11-01 00:15:00,7,11,1,0,15,310,451,14 boulevard Carnot,,,Nuit avec éclairage allumé,En agglomération,Hors intersection,Normale,Autre collision,,,,,,,,,,,5,2,1,1,6
200700073496,0007-11-19 18:15:00,7,11,19,18,15,310,371,Interseption Cd1 et Cd42,43.485,1.916,Nuit avec éclairage allumé,En agglomération,Hors intersection,Normale,Deux véhicules - côté,,,,,,,,,,,5,2,1,1,3
200700073497,0007-11-21 12:30:00,7,11,21,12,30,90,66,,42.961,1.541,Plein jour,Hors agglomération,Hors intersection,Normale,Deux véhicules - frontale,,,,,,,,,,,1,1,1,1,1
200700073498,0007-11-23 15:45:00,7,11,23,15,45,90,300,,42.942,1.707,Plein jour,Hors agglomération,Hors intersection,Normale,Autre collision,,,,,,,,,,,1,1,1,1,6
200700073499,0007-11-12 17:15:00,7,11,12,17,15,90,336,,42.92,1.81,Plein jour,Hors agglomération,Hors intersection,Normale,Deux véhicules - côté,,,,,,,,,,,1,1,1,1,3
200700073500,0007-11-07 08:45:00,7,11,7,8,45,90,170,,,,Plein jour,Hors agglomération,Hors intersection,Normale,Autre collision,,,,,,,,,,,1,1,1,1,6
200700073501,0007-11-09 18:30:00,7,11,9,18,30,90,312,,,,Nuit sans éclairage public,Hors agglomération,Hors intersection,Normale,Trois véhicules et plus - collisions multiples,,,,,,,,,,,3,1,1,1,5
200700073502,0007-11-01 12:45:00,7,11,1,12,45,90,261,Rue Villefranche,42.989,1.142,Plein jour,En agglomération,Hors intersection,Normale,Deux véhicules - côté,,,,,,,,,,,1,2,1,1,3
200700073503,0007-11-15 13:00:00,7,11,15,13,0,120,157,,,,Plein jour,Hors agglomération,Hors intersection,Normale,Deux véhicules - frontale,,,,,,,,,,,1,1,1,1,1
200700073504,0007-11-11 18:45:00,7,11,11,18,45,120,119,,44.725,2.87,Nuit sans éclairage public,Hors agglomération,Hors intersection,Brouillard / fumée,Autre collision,,,,,,,,,,,3,1,1,5,6
200700073505,0007-11-10 01:00:00,7,11,10,1,0,120,168,,,,Nuit sans éclairage public,Hors agglomération,Hors intersection,Normale,Sans collision,,,,,,,,,,,3,1,1,1,7
200700073506,0007-11-23 07:00:00,7,11,23,7,0,120,228,,,,Nuit sans éclairage public,Hors agglomération,Hors intersection,Pluie légère,Autre collision,,,,,,,,,,,3,1,1,2,6
200700073507,0007-11-24 03:15:00,7,11,24,3,15,120,208,288 Av Maurice Fournol,43.957,2.897,Nuit avec éclairage allumé,En agglomération,Hors intersection,Temps couvert,Autre collision,,,,,,,,,,,5,2,1,8,6
200700073508,0007-11-17 12:30:00,7,11,17,12,30,120,44,,43.81,2.86,Plein jour,Hors agglomération,Hors intersection,Normale,Deux véhicules - côté,,,,,,,,,,,1,1,1,1,3
200700073509,0007-11-12 17:45:00,7,11,12,17,45,120,136,,44.435,2.109,Crépuscule ou aube,Hors agglomération,Hors intersection,Normale,Trois véhicules et plus - collisions multiples,,,,,,,,,,,2,1,1,1,5
200700073510,0007-11-26 20:15:00,7,11,26,20,15,320,160,Avenue du Cdt Parisot,43.618,1.081,Nuit avec éclairage allumé,En agglomération,Hors intersection,Normale,Deux véhicules - côté,,,,,,,,,,,5,2,1,1,3
200700073511,0007-11-01 02:15:00,7,11,1,2,15,320,5,,43.753,-0.063,Nuit sans éclairage public,Hors agglomération,Hors intersection,Brouillard / fumée,Autre collision,,,,,,,,,,,3,1,1,5,6
200700073512,0007-11-24 18:00:00,7,11,24,18,0,320,338,,43.808,0.209,Nuit sans éclairage public,Hors agglomération,Hors intersection,Normale,Autre collision,,,,,,,,,,,3,1,1,1,6
200700073513,0007-11-26 20:15:00,7,11,26,20,15,320,27,,,,Nuit sans éclairage public,Hors agglomération,Hors intersection,Normale,Deux véhicules - frontale,,,,,,,,,,,3,1,1,1,1
200700073514,0007-11-25 18:30:00,7,11,25,18,30,460,287,,44.253,1.449,Nuit sans éclairage public,Hors agglomération,Hors intersection,Pluie légère,Sans collision,,,,,,,,,,,3,1,1,2,7
200700073515,0007-11-18 19:15:00,7,11,18,19,15,460,1,,44.49,1.235,Nuit sans éclairage public,Hors agglomération,Hors intersection,Normale,Deux véhicules - frontale,,,,,,,,,,,3,1,1,1,1
200700073516,0007-11-14 10:45:00,7,11,14,10,45,460,175,,44.61,1.958,Plein jour,Hors agglomération,Hors intersection,Pluie légère,Deux véhicules - côté,,,,,,,,,,,1,1,1,2,3
200700073517,0007-11-21 00:30:00,7,11,21,0,30,460,155,,44.476,1.771,Nuit sans éclairage public,Hors agglomération,Hors intersection,Vent fort / tempête,Autre collision,,,,,,,,,,,3,1,1,6,6
200700073518,0007-11-27 12:15:00,7,11,27,12,15,460,127,avenue CAVAIGNAC,44.739,1.38,Plein jour,En agglomération,Hors intersection,Normale,Deux véhicules - arrière,,,,,,,,,,,1,2,1,1,2
200700073519,0007-11-23 19:45:00,7,11,23,19,45,460,165,,44.829,1.795,Nuit sans éclairage public,Hors agglomération,Hors intersection,Normale,Deux véhicules - frontale,,,,,,,,,,,3,1,1,1,1
200700073520,0007-11-27 15:30:00,7,11,27,15,30,650,159,,43.087,0.412,Plein jour,Hors agglomération,Hors intersection,Normale,Deux véhicules - frontale,,,,,,,,,,,1,1,1,1,1
200700073521,0007-11-26 17:00:00,7,11,26,17,0,810,180,,44.162,2.111,Crépuscule ou aube,Hors agglomération,Hors intersection,Normale,Deux véhicules - frontale,,,,,,,,,,,2,1,1,1,1
200700073522,0007-11-19 18:00:00,7,11,19,18,0,810,173,,43.621,1.723,Nuit sans éclairage public,Hors agglomération,Hors intersection,Normale,Autre collision,,,,,,,,,,,3,1,1,1,6
200700073523,0007-11-17 14:45:00,7,11,17,14,45,810,90,,43.86,2.07,Plein jour,Hors agglomération,Hors intersection,Normale,Sans collision,,,,,,,,,,,1,1,1,1,7
200700073524,0007-11-09 18:45:00,7,11,9,18,45,690,69,Rue jean Bergeron,,,Nuit avec éclairage allumé,En agglomération,Hors intersection,Normale,Trois véhicules et plus - collisions multiples,,,,,,,,,,,5,2,1,1,5
200700073525,0007-11-24 08:45:00,7,11,24,8,45,810,49,,43.468,2.083,Plein jour,Hors agglomération,Hors intersection,Pluie légère,Autre collision,,,,,,,,,,,1,1,1,2,6
200700073526,0007-11-23 05:00:00,7,11,23,5,0,820,87,,,,Nuit sans éclairage public,Hors agglomération,Hors intersection,Normale,Autre collision,,,,,,,,,,,3,1,1,1,6
200700073527,0007-11-30 18:00:00,7,11,30,18,0,820,39,,44.105,1.462,Nuit sans éclairage public,Hors agglomération,Hors intersection,Normale,Trois véhicules et plus - collisions multiples,,,,,,,,,,,3,1,1,1,5
200700073528,0007-11-26 08:30:00,7,11,26,8,30,820,134,,44.075,1.508,Plein jour,Hors agglomération,Hors intersection,Normale,Trois véhicules et plus - collisions multiples,,,,,,,,,,,1,1,1,1,5
200700073529,0007-11-30 09:00:00,7,11,30,9,0,820,55,,43.918,0.952,Plein jour,Hors agglomération,Hors intersection,Temps éblouissant,Deux véhicules - frontale,,,,,,,,,,,1,1,1,7,1
200700073530,0007-11-18 09:00:00,7,11,18,9,0,820,114,Route de Toulouse,,,Plein jour,En agglomération,Hors intersection,Normale,Deux véhicules - côté,,,,,,,,,,,1,2,1,1,3
200700073531,0007-11-03 22:00:00,7,11,3,22,0,820,96,,44.034,1.23,Nuit sans éclairage public,Hors agglomération,Hors intersection,Normale,Deux véhicules - frontale,,,,,,,,,,,3,1,1,1,1
200700073532,0007-11-09 18:45:00,7,11,9,18,45,820,112,chemin du Bartac,44.108,1.105,Nuit sans éclairage public,En agglomération,Hors intersection,Normale,Deux véhicules - côté,,,,,,,,,,,3,2,1,1,3
200700073533,0007-11-17 20:15:00,7,11,17,20,15,820,96,,44.028,1.252,Nuit sans éclairage public,Hors agglomération,Hors intersection,Normale,Autre collision,,,,,,,,,,,3,1,1,1,6
200700073534,0007-11-21 08:00:00,7,11,21,8,0,820,99,,44.114,1.18,Crépuscule ou aube,Hors agglomération,Hors intersection,Pluie légère,Deux véhicules - côté,,,,,,,,,,,2,1,1,2,3
200700073535,0007-11-23 21:00:00,7,11,23,21,0,820,96,,44.03,1.246,Nuit sans éclairage public,Hors agglomération,Hors intersection,Temps couvert,Deux véhicules - arrière,,,,,,,,,,,3,1,1,8,2
200700073536,0007-11-20 19:15:00,7,11,20,19,15,690,76,chemin du bois raby,45.842,4.718,Plein jour,En agglomération,Hors intersection,Temps couvert,Deux véhicules - frontale,,,,,,,,,,,1,2,1,8,1
200700073537,0007-11-19 08:30:00,7,11,19,8,30,690,277,,,,Plein jour,Hors agglomération,Giratoire,Pluie légère,Deux véhicules - arrière,,,,,,,,,,,1,1,6,2,2
200700073538,0007-11-19 08:15:00,7,11,19,8,15,690,40,93 avenue lanessan,,,Plein jour,En agglomération,Hors intersection,Normale,Trois véhicules et plus - collisions multiples,,,,,,,,,,,1,2,1,1,5
200700073539,0007-11-30 18:00:00,7,11,30,18,0,690,40,"3, rue Louis Juttet",,,Nuit avec éclairage allumé,En agglomération,Hors intersection,Normale,Autre collision,,,,,,,,,,,5,2,1,1,6
200700073540,0007-11-06 16:30:00,7,11,6,16,30,690,233,,,,Plein jour,Hors agglomération,Hors intersection,Normale,Sans collision,,,,,,,,,,,1,1,1,1,7
200700073541,0007-11-13 17:15:00,7,11,13,17,15,690,286,chemin dy Creux,,,Plein jour,En agglomération,Hors intersection,Normale,Autre collision,,,,,,,,,,,1,2,1,1,6
200700073542,0007-11-20 15:45:00,7,11,20,15,45,690,286,1683 route de strasbourg,,,Plein jour,En agglomération,Hors intersection,Normale,Autre collision,,,,,,,,,,,1,2,1,1,6
200700073543,0007-11-23 14:30:00,7,11,23,14,30,690,204,Avenue G. Clémenceau,,,Plein jour,En agglomération,Giratoire,Pluie forte,Deux véhicules - côté,,,,,,,,,,,1,2,6,3,3
200700073544,0007-11-20 18:30:00,7,11,20,18,30,690,273,,,,Nuit avec éclairage allumé,Hors agglomération,Hors intersection,Normale,Autre collision,,,,,,,,,,,5,1,1,1,6
200700073545,0007-11-28 20:15:00,7,11,28,20,15,690,255,route de bordeaux,,,Nuit avec éclairage allumé,En agglomération,Hors intersection,Normale,Deux véhicules - arrière,,,,,,,,,,,5,2,1,1,2
200700073546,0007-11-15 15:30:00,7,11,15,15,30,690,272,,,,Plein jour,Hors agglomération,Hors intersection,Normale,Autre collision,,,,,,,,,,,1,1,1,1,6
200700073547,0007-11-02 17:30:00,7,11,2,17,30,690,23,,,,Plein jour,Hors agglomération,Hors intersection,Normale,Deux véhicules - arrière,,,,,,,,,,,1,1,1,1,2
200700073548,0007-11-07 16:30:00,7,11,7,16,30,690,9,rue du 3 septembre 1944,45.94,4.718,Plein jour,En agglomération,Hors intersection,Normale,Autre collision,,,,,,,,,,,1,2,1,1,6
200700073549,0007-11-20 15:30:00,7,11,20,15,30,690,106,,45.931,4.658,Plein jour,Hors agglomération,Intersection en X,Normale,Deux véhicules - côté,,,,,,,,,,,1,1,2,1,3
200700073550,0007-11-19 12:30:00,7,11,19,12,30,690,108,,46.177,4.747,Plein jour,Hors agglomération,Hors intersection,Pluie légère,Deux véhicules - côté,,,,,,,,,,,1,1,1,2,3
200700073551,0007-11-05 12:15:00,7,11,5,12,15,690,211,CD306,,,Plein jour,En agglomération,Hors intersection,Normale,Trois véhicules et plus - en chaîne,,,,,,,,,,,1,2,1,1,4
200700073552,0007-11-25 04:00:00,7,11,25,4,0,10,309,,,,Nuit sans éclairage public,Hors agglomération,Hors intersection,Normale,Sans collision,,,,,,,,,,,3,1,1,1,7
200700073553,0007-11-29 17:15:00,7,11,29,17,15,10,241,,,,Nuit sans éclairage public,Hors agglomération,Hors intersection,Normale,Sans collision,,,,,,,,,,,3,1,1,1,7
200700073554,0007-11-09 07:00:00,7,11,9,7,0,10,115,,,,Crépuscule ou aube,Hors agglomération,Hors intersection,Pluie légère,Deux véhicules - frontale,,,,,,,,,,,2,1,1,2,1
200700073555,0007-11-21 02:45:00,7,11,21,2,45,10,102,,,,Nuit sans éclairage public,Hors agglomération,Hors intersection,Normale,Autre collision,,,,,,,,,,,3,1,1,1,6
200700073556,0007-11-15 20:15:00,7,11,15,20,15,10,68,,,,Nuit sans éclairage public,Hors agglomération,Hors intersection,Normale,Autre collision,,,,,,,,,,,3,1,1,1,6
200700073557,0007-11-12 06:30:00,7,11,12,6,30,10,109,,,,Crépuscule ou aube,Hors agglomération,Hors intersection,Normale,Autre collision,,,,,,,,,,,2,1,1,1,6
200700073558,0007-11-07 18:30:00,7,11,7,18,30,10,194,Rue Edouard Herriot,,,Nuit avec éclairage allumé,En agglomération,Hors intersection,Normale,Deux véhicules - côté,,,,,,,,,,,5,2,1,1,3
200700073559,0007-11-11 06:30:00,7,11,11,6,30,10,427,451 Quai de saone,,,Nuit avec éclairage allumé,En agglomération,Hors intersection,Temps couvert,Deux véhicules - frontale,,,,,,,,,,,5,2,1,8,1
200700073560,0007-11-21 14:00:00,7,11,21,14,0,10,74,,,,Plein jour,Hors agglomération,Hors intersection,Temps couvert,Autre collision,,,,,,,,,,,1,1,1,8,6
200700073561,0007-11-01 16:00:00,7,11,1,16,0,10,450,Rue royale,45.934,5.231,Plein jour,En agglomération,Hors intersection,Normale,Autre collision,,,,,,,,,,,1,2,1,1,6
200700073562,0007-11-11 05:45:00,7,11,11,5,45,10,32,,,,Nuit sans éclairage public,Hors agglomération,Hors intersection,Pluie légère,Deux véhicules - arrière,,,,,,,,,,,3,1,1,2,2
200700073563,0007-11-11 04:45:00,7,11,11,4,45,10,32,,45.868,5.144,Nuit sans éclairage public,Hors agglomération,Hors intersection,Pluie forte,Autre collision,,,,,,,,,,,3,1,1,3,6
200700073564,0007-11-21 18:15:00,7,11,21,18,15,10,290,,45.86,5.185,Nuit sans éclairage public,Hors agglomération,Hors intersection,Normale,Deux véhicules - côté,,,,,,,,,,,3,1,1,1,3
200700073565,0007-11-16 19:30:00,7,11,16,19,30,10,83,,46.048,4.817,Nuit sans éclairage public,Hors agglomération,Hors intersection,Autre,Autre collision,,,,,,,,,,,3,1,1,9,6
200700073566,0007-11-20 18:15:00,7,11,20,18,15,10,235,,,,Nuit sans éclairage public,Hors agglomération,Hors intersection,Normale,Deux véhicules - arrière,,,,,,,,,,,3,1,1,1,2
200700073567,0007-11-30 06:30:00,7,11,30,6,30,10,362,,45.975,4.9,Crépuscule ou aube,Hors agglomération,Hors intersection,Pluie légère,Deux véhicules - frontale,,,,,,,,,,,2,1,1,2,1
200700073568,0007-11-26 17:00:00,7,11,26,17,0,10,443,,46.006,5.056,Crépuscule ou aube,Hors agglomération,Hors intersection,Normale,Deux véhicules - frontale,,,,,,,,,,,2,1,1,1,1
200700073569,0007-11-13 14:30:00,7,11,13,14,30,70,343,,44.547,4.354,Plein jour,Hors agglomération,Hors intersection,Normale,Deux véhicules - côté,,,,,,,,,,,1,1,1,1,3
200700073570,0007-11-15 14:00:00,7,11,15,14,0,70,259,,,,Crépuscule ou aube,En agglomération,Hors intersection,Normale,Autre collision,,,,,,,,,,,2,2,1,1,6
200700073571,0007-11-24 05:30:00,7,11,24,5,30,70,158,,,,Nuit sans éclairage public,Hors agglomération,Hors intersection,Brouillard / fumée,Autre collision,,,,,,,,,,,3,1,1,5,6
200700073572,0007-11-12 11:45:00,7,11,12,11,45,70,346,FAUBOURG LATRAU,,,Plein jour,En agglomération,Hors intersection,Normale,Autre collision,,,,,,,,,,,1,2,1,1,6
200700073573,0007-11-13 10:15:00,7,11,13,10,15,70,319,CHEMIN DE MALAURE,44.552,4.665,Plein jour,En agglomération,Hors intersection,Normale,Deux véhicules - frontale,,,,,,,,,,,1,2,1,1,1
200700073574,0007-11-07 16:45:00,7,11,7,16,45,70,198,,,,Plein jour,Hors agglomération,Hors intersection,Normale,Deux véhicules - côté,,,,,,,,,,,1,1,1,1,3
200700073575,0007-11-17 21:15:00,7,11,17,21,15,70,117,CD104b,,,Nuit avec éclairage allumé,En agglomération,Hors intersection,Normale,Deux véhicules - frontale,,,,,,,,,,,5,2,1,1,1
200700073576,0007-11-23 19:30:00,7,11,23,19,30,70,58,,44.561,4.289,Nuit sans éclairage public,Hors agglomération,Hors intersection,Normale,Deux véhicules - frontale,,,,,,,,,,,3,1,1,1,1
200700073577,0007-11-01 21:15:00,7,11,1,21,15,70,161,,,,Nuit sans éclairage public,Hors agglomération,Hors intersection,Normale,Autre collision,,,,,,,,,,,3,1,1,1,6
200700073578,0007-11-25 14:30:00,7,11,25,14,30,70,291,,44.367,4.468,Plein jour,Hors agglomération,Hors intersection,Normale,Autre collision,,,,,,,,,,,1,1,1,1,6
200700073579,0007-11-08 21:30:00,7,11,8,21,30,70,294,,,,Nuit sans éclairage public,Hors agglomération,Hors intersection,Normale,Autre collision,,,,,,,,,,,3,1,1,1,6
200700073580,0007-11-01 16:30:00,7,11,1,16,30,70,217,,45.062,4.769,Plein jour,Hors agglomération,Hors intersection,Normale,Sans collision,,,,,,,,,,,1,1,1,1,7
200700073581,0007-11-23 11:00:00,7,11,23,11,0,70,337,,,,Plein jour,Hors agglomération,Hors intersection,Temps couvert,Autre collision,,,,,,,,,,,1,1,1,8,6
200700073582,0007-11-28 07:45:00,7,11,28,7,45,70,172,,45.291,4.734,Crépuscule ou aube,Hors agglomération,Hors intersection,Autre,Deux véhicules - frontale,,,,,,,,,,,2,1,1,9,1
200700073583,0007-11-13 19:30:00,7,11,13,19,30,70,309,Le village,45.155,4.616,Nuit avec éclairage allumé,En agglomération,Hors intersection,Pluie légère,Deux véhicules - frontale,,,,,,,,,,,5,2,1,2,1
200700073584,0007-11-28 20:30:00,7,11,28,20,30,260,78,,44.592,4.957,Nuit sans éclairage public,Hors agglomération,Hors intersection,Normale,Deux véhicules - côté,,,,,,,,,,,3,1,1,1,3