accident_id,datetime,annee,mois,jour,heure,minute,departement,commune_insee,adresse,latitude,longitude,luminosite,agglomeration,intersection,meteo,collision,nb_vehicules,nb_usagers,nb_indemnes,nb_tues,nb_blesses_hosp,nb_blesses_legers,age_cond_1,age_cond_2,veh_type_cond_1,veh_type_cond_2,lum_code,agg_code,int_code,atm_code,col_code
200700073585,0007-11-18 19:30:00,7,11,18,19,30,260,124,Chemin du Peroux,44.842,4.896,Nuit avec éclairage allumé,En agglomération,Intersection en X,Normale,Deux véhicules - côté,,,,,,,,,,,5,2,2,1,3
200700073586,0007-11-30 19:00:00,7,11,30,19,0,260,166,,,,Nuit sans éclairage public,Hors agglomération,Intersection en T,Normale,Deux véhicules - côté,,,,,,,,,,,3,1,3,1,3
200700073587,0007-11-03 16:00:00,7,11,3,16,0,260,299,,44.767,5.309,Plein jour,Hors agglomération,Hors intersection,Normale,Autre collision,,,,,,,,,,,1,1,1,1,6
200700073588,0007-11-16 13:45:00,7,11,16,13,45,260,113,,44.745,5.387,Plein jour,Hors agglomération,Hors intersection,Normale,Deux véhicules - côté,,,,,,,,,,,1,1,1,1,3
200700073589,0007-11-26 16:00:00,7,11,26,16,0,260,262,,44.662,5.411,Plein jour,Hors agglomération,Hors intersection,Normale,Sans collision,,,,,,,,,,,1,1,1,1,7
200700073590,0007-11-10 11:45:00,7,11,10,11,45,260,168,,44.652,5.703,Plein jour,Hors agglomération,Hors intersection,Normale,Sans collision,,,,,,,,,,,1,1,1,1,7
200700073591,0007-11-05 17:45:00,7,11,5,17,45,260,85,route de montélimar,,,Plein jour,En agglomération,Hors intersection,Normale,Deux véhicules - côté,,,,,,,,,,,1,2,1,1,3
200700073592,0007-11-10 04:45:00,7,11,10,4,45,260,235,,,,Nuit sans éclairage public,Hors agglomération,Autre intersection,Normale,Autre collision,,,,,,,,,,,3,1,9,1,6
200700073593,0007-11-29 14:30:00,7,11,29,14,30,260,324,,,,Plein jour,Hors agglomération,Hors intersection,Normale,Deux véhicules - frontale,,,,,,,,,,,1,1,1,1,1
200700073594,0007-11-28 16:00:00,7,11,28,16,0,260,220,Avenue de VENTEROL,,,Plein jour,En agglomération,Hors intersection,Normale,Sans collision,,,,,,,,,,,1,2,1,1,7
200700073595,0007-11-25 11:30:00,7,11,25,11,30,260,193,Le clôt,,,Plein jour,En agglomération,Hors intersection,Normale,Sans collision,,,,,,,,,,,1,2,1,1,7
200700073596,0007-11-22 08:30:00,7,11,22,8,30,260,73,,44.427,4.879,Plein jour,Hors agglomération,Hors intersection,Pluie légère,Deux véhicules - côté,,,,,,,,,,,1,1,1,2,3
200700073597,0007-11-09 17:00:00,7,11,9,17,0,260,194,,45.2,5.046,Crépuscule ou aube,Hors agglomération,Hors intersection,Pluie légère,Deux véhicules - frontale,,,,,,,,,,,2,1,1,2,1
200700073598,0007-11-10 12:30:00,7,11,10,12,30,260,84,,,,Plein jour,Hors agglomération,Hors intersection,Normale,Autre collision,,,,,,,,,,,1,1,1,1,6
200700073599,0007-11-13 08:45:00,7,11,13,8,45,260,379,,45.058,4.969,Plein jour,Hors agglomération,Hors intersection,Normale,Deux véhicules - côté,,,,,,,,,,,1,1,1,1,3
200700073600,0007-11-25 07:30:00,7,11,25,7,30,260,323,,45.078,5.152,Crépuscule ou aube,Hors agglomération,Hors intersection,Normale,Autre collision,,,,,,,,,,,2,1,1,1,6
200700073601,0007-11-05 18:15:00,7,11,5,18,15,260,325,Quartier Les Fouillouses,,,Nuit sans éclairage public,En agglomération,Intersection en X,Normale,Deux véhicules - côté,,,,,,,,,,,3,2,2,1,3
200700073602,0007-11-15 19:15:00,7,11,15,19,15,380,150,,,,Nuit sans éclairage public,Hors agglomération,Hors intersection,Normale,Deux véhicules - arrière,,,,,,,,,,,3,1,1,1,2
200700073603,0007-11-28 13:45:00,7,11,28,13,45,380,158,Av du Maquis de l'Oisans,45.153,5.754,Plein jour,En agglomération,Autre intersection,Normale,Deux véhicules - frontale,,,,,,,,,,,1,2,9,1,1
200700073604,0007-11-10 04:00:00,7,11,10,4,0,380,314,Lieu-dit VILLARD NOIR,,,Nuit sans éclairage public,En agglomération,Hors intersection,Normale,Autre collision,,,,,,,,,,,3,2,1,1,6
200700073605,0007-11-18 19:00:00,7,11,18,19,0,380,6,,,,Nuit sans éclairage public,Hors agglomération,Hors intersection,Normale,Deux véhicules - frontale,,,,,,,,,,,3,1,1,1,1
200700073606,0007-11-19 18:15:00,7,11,19,18,15,380,2,,,,Nuit sans éclairage public,En agglomération,Hors intersection,Normale,Autre collision,,,,,,,,,,,3,2,1,1,6
200700073607,0007-11-07 16:30:00,7,11,7,16,30,380,518,,,,Plein jour,Hors agglomération,Hors intersection,Normale,Autre collision,,,,,,,,,,,1,1,1,1,6
200700073608,0007-11-26 18:00:00,7,11,26,18,0,380,226,,44.833,5.769,Nuit sans éclairage public,Hors agglomération,Hors intersection,Normale,Deux véhicules - arrière,,,,,,,,,,,3,1,1,1,2
200700073609,0007-11-09 16:00:00,7,11,9,16,0,380,416,rue des Récollets,45.161,5.315,Plein jour,En agglomération,Hors intersection,Normale,Autre collision,,,,,,,,,,,1,2,1,1,6
200700073610,0007-11-23 10:30:00,7,11,23,10,30,380,133,,45.368,5.604,Nuit sans éclairage public,Hors agglomération,Hors intersection,Normale,Deux véhicules - frontale,,,,,,,,,,,3,1,1,1,1
200700073611,0007-11-10 15:15:00,7,11,10,15,15,380,347,,,,Plein jour,Hors agglomération,Hors intersection,Pluie légère,Deux véhicules - frontale,,,,,,,,,,,1,1,1,2,1
200700073612,0007-11-03 17:00:00,7,11,3,17,0,380,517,Avenue de la Gare,45.307,5.489,Plein jour,En agglomération,Hors intersection,Normale,Deux véhicules - arrière,,,,,,,,,,,1,2,1,1,2
200700073613,0007-11-16 04:30:00,7,11,16,4,30,380,156,LA COMBE,45.544,5.311,Nuit avec éclairage allumé,En agglomération,Hors intersection,Normale,Deux véhicules - côté,,,,,,,,,,,5,2,1,1,3
200700073614,0007-11-16 19:30:00,7,11,16,19,30,380,348,ROUTE DE CHATONNAY,45.597,5.353,Nuit sans éclairage public,En agglomération,Hors intersection,Normale,Deux véhicules - côté,,,,,,,,,,,3,2,1,1,3
200700073615,0007-11-29 16:45:00,7,11,29,16,45,380,276,Route Nationale 85,45.565,5.305,Plein jour,En agglomération,Hors intersection,Normale,Deux véhicules - arrière,,,,,,,,,,,1,2,1,1,2
200700073616,0007-11-21 17:00:00,7,11,21,17,0,380,46,,,,Nuit sans éclairage public,Hors agglomération,Hors intersection,Pluie légère,Deux véhicules - côté,,,,,,,,,,,3,1,1,2,3
200700073617,0007-11-18 14:45:00,7,11,18,14,45,380,295,,,,Plein jour,Hors agglomération,Hors intersection,Normale,Autre collision,,,,,,,,,,,1,1,1,1,6
200700073618,0007-11-29 17:30:00,7,11,29,17,30,380,261,,,,Crépuscule ou aube,Hors agglomération,Hors intersection,Normale,Deux véhicules - arrière,,,,,,,,,,,2,1,1,1,2
200700073619,0007-11-09 15:45:00,7,11,9,15,45,380,104,le bois de l eyssins,,,Plein jour,En agglomération,Hors intersection,Autre,Deux véhicules - côté,,,,,,,,,,,1,2,1,9,3
200700073620,0007-11-11 13:30:00,7,11,11,13,30,380,199,,45.499,4.909,Plein jour,Hors agglomération,Hors intersection,Normale,Deux véhicules - frontale,,,,,,,,,,,1,1,1,1,1
200700073621,0007-11-16 19:45:00,7,11,16,19,45,380,130,Avenue Camille ROCHER,,,Nuit avec éclairage allumé,En agglomération,Hors intersection,Normale,Trois véhicules et plus - en chaîne,,,,,,,,,,,5,2,1,1,4
200700073622,0007-11-21 19:30:00,7,11,21,19,30,380,180,,,,Nuit sans éclairage public,Hors agglomération,Hors intersection,Pluie légère,Deux véhicules - frontale,,,,,,,,,,,3,1,1,2,1
200700073623,0007-11-28 12:45:00,7,11,28,12,45,380,130,,,,Plein jour,Hors agglomération,Intersection en X,Normale,Deux véhicules - côté,,,,,,,,,,,1,1,2,1,3
200700073624,0007-11-05 21:00:00,7,11,5,21,0,380,288,Le péage,,,Nuit sans éclairage public,En agglomération,Hors intersection,Normale,Sans collision,,,,,,,,,,,3,2,1,1,7
200700073625,0007-11-21 21:00:00,7,11,21,21,0,380,555,,,,Nuit sans éclairage public,Hors agglomération,Hors intersection,Pluie légère,Autre collision,,,,,,,,,,,3,1,1,2,6
200700073626,0007-11-02 23:30:00,7,11,2,23,30,380,556,,45.385,4.84,Nuit sans éclairage public,Hors agglomération,Hors intersection,Normale,Autre collision,,,,,,,,,,,3,1,1,1,6
200700073627,0007-11-22 17:00:00,7,11,22,17,0,380,468,rue du 19/03/1962,45.346,4.818,Crépuscule ou aube,En agglomération,Hors intersection,Pluie forte,Deux véhicules - côté,,,,,,,,,,,2,2,1,3,3
200700073628,0007-11-19 08:15:00,7,11,19,8,15,380,475,,,,Crépuscule ou aube,Hors agglomération,Hors intersection,Temps couvert,Sans collision,,,,,,,,,,,2,1,1,8,7
200700073629,0007-11-13 18:15:00,7,11,13,18,15,420,311,LA CROIX MALADIERE,45.487,4.39,Nuit avec éclairage allumé,En agglomération,Hors intersection,Normale,Autre collision,,,,,,,,,,,5,2,1,1,6
200700073630,0007-11-11 15:15:00,7,11,11,15,15,420,151,,,,Plein jour,Hors agglomération,Intersection en X,Normale,Deux véhicules - côté,,,,,,,,,,,1,1,2,1,3
200700073631,0007-11-18 07:15:00,7,11,18,7,15,420,105,,,,Plein jour,Hors agglomération,Hors intersection,Normale,Sans collision,,,,,,,,,,,1,1,1,1,7
200700073632,0007-11-10 19:00:00,7,11,10,19,0,420,5,Avenue de St Etienne,,,Nuit avec éclairage allumé,En agglomération,Hors intersection,Normale,Deux véhicules - frontale,,,,,,,,,,,5,2,1,1,1
200700073633,0007-11-13 18:30:00,7,11,13,18,30,420,211,CD 498,45.533,4.246,Nuit avec éclairage allumé,En agglomération,Hors intersection,Normale,Trois véhicules et plus - en chaîne,,,,,,,,,,,5,2,1,1,4
200700073634,0007-11-05 16:15:00,7,11,5,16,15,420,197,Av du Champs de Foire,,,Plein jour,En agglomération,Hors intersection,Normale,Autre collision,,,,,,,,,,,1,2,1,1,6
200700073635,0007-11-07 14:45:00,7,11,7,14,45,420,245,,45.827,3.84,Plein jour,Hors agglomération,Hors intersection,Normale,Autre collision,,,,,,,,,,,1,1,1,1,6
200700073636,0007-11-01 17:45:00,7,11,1,17,45,420,251,,,,Crépuscule ou aube,Hors agglomération,Hors intersection,Normale,Deux véhicules - côté,,,,,,,,,,,2,1,1,1,3
200700073637,0007-11-18 17:45:00,7,11,18,17,45,420,235,,45.374,4.071,Nuit sans éclairage public,Hors agglomération,Hors intersection,Normale,Deux véhicules - frontale,,,,,,,,,,,3,1,1,1,1
200700073638,0007-11-11 00:01:00,7,11,11,0,1,420,149,,,,Nuit sans éclairage public,Hors agglomération,Hors intersection,Normale,Autre collision,,,,,,,,,,,3,1,1,1,6
200700073639,0007-11-23 09:30:00,7,11,23,9,30,420,222,,45.62,4.327,Plein jour,Hors agglomération,Hors intersection,Normale,Deux véhicules - frontale,,,,,,,,,,,1,1,1,1,1
200700073640,0007-11-02 16:30:00,7,11,2,16,30,420,201,,45.349,4.656,Plein jour,Hors agglomération,Hors intersection,Normale,Deux véhicules - côté,,,,,,,,,,,1,1,1,1,3
200700073641,0007-11-21 18:15:00,7,11,21,18,15,420,162,,,,Nuit sans éclairage public,Hors agglomération,Hors intersection,Temps couvert,Trois véhicules et plus - collisions multiples,,,,,,,,,,,3,1,1,8,5
200700073642,0007-11-10 18:30:00,7,11,10,18,30,420,182,RUE DU COMMERCE,,,Nuit avec éclairage allumé,En agglomération,Hors intersection,Pluie légère,Autre collision,,,,,,,,,,,5,2,1,2,6
200700073643,0007-11-15 16:00:00,7,11,15,16,0,420,257,,46.2,3.83,Plein jour,Hors agglomération,Hors intersection,Normale,Deux véhicules - côté,,,,,,,,,,,1,1,1,1,3
200700073644,0007-11-02 19:45:00,7,11,2,19,45,730,228,,,,Nuit sans éclairage public,Hors agglomération,Hors intersection,Normale,Deux véhicules - frontale,,,,,,,,,,,3,1,1,1,1
200700073645,0007-11-05 16:15:00,7,11,5,16,15,730,234,,,,Plein jour,Hors agglomération,Hors intersection,Normale,Sans collision,,,,,,,,,,,1,1,1,1,7
200700073646,0007-11-07 17:30:00,7,11,7,17,30,730,286,,45.869,5.843,Crépuscule ou aube,Hors agglomération,Hors intersection,Temps couvert,Deux véhicules - arrière,,,,,,,,,,,2,1,1,8,2
200700073647,0007-11-15 12:45:00,7,11,15,12,45,730,179,,45.633,5.862,Plein jour,Hors agglomération,Hors intersection,Normale,Autre collision,,,,,,,,,,,1,1,1,1,6
200700073648,0007-11-22 17:45:00,7,11,22,17,45,730,68,,45.563,6.197,Nuit avec éclairage allumé,Hors agglomération,Hors intersection,Normale,Trois véhicules et plus - en chaîne,,,,,,,,,,,5,1,1,1,4
200700073649,0007-11-03 16:45:00,7,11,3,16,45,730,124,RD64,,,Plein jour,En agglomération,Hors intersection,Normale,Deux véhicules - côté,,,,,,,,,,,1,2,1,1,3
200700073650,0007-11-11 05:00:00,7,11,11,5,0,730,186,,,,Nuit sans éclairage public,Hors agglomération,Hors intersection,Neige / grêle,Sans collision,,,,,,,,,,,3,1,1,4,7
200700073651,0007-11-01 21:30:00,7,11,1,21,30,730,176,,,,Nuit sans éclairage public,Hors agglomération,Hors intersection,Brouillard / fumée,Sans collision,,,,,,,,,,,3,1,1,5,7
200700073652,0007-11-16 14:45:00,7,11,16,14,45,730,198,,,,Plein jour,Hors agglomération,Hors intersection,Temps couvert,Deux véhicules - frontale,,,,,,,,,,,1,1,1,8,1
200700073653,0007-11-25 09:00:00,7,11,25,9,0,730,198,,,,Plein jour,Hors agglomération,Hors intersection,Brouillard / fumée,Deux véhicules - côté,,,,,,,,,,,1,1,1,5,3
200700073654,0007-11-06 22:45:00,7,11,6,22,45,730,181,,45.499,6.52,Nuit sans éclairage public,Hors agglomération,Hors intersection,Normale,Deux véhicules - côté,,,,,,,,,,,3,1,1,1,3
200700073655,0007-11-10 13:15:00,7,11,10,13,15,730,248,avenue du 8 mai 1945,,,Plein jour,En agglomération,Giratoire,Temps couvert,Sans collision,,,,,,,,,,,1,2,6,8,7
200700073656,0007-11-14 14:45:00,7,11,14,14,45,730,248,,,,Plein jour,En agglomération,Giratoire,Normale,Autre collision,,,,,,,,,,,1,2,6,1,6
200700073657,0007-11-23 18:00:00,7,11,23,18,0,740,123,,,,Nuit avec éclairage allumé,En agglomération,Hors intersection,Pluie légère,Autre collision,,,,,,,,,,,5,2,1,2,6
200700073658,0007-11-05 18:00:00,7,11,5,18,0,740,280,,45.886,6.327,Nuit avec éclairage allumé,Hors agglomération,Hors intersection,Normale,Autre collision,,,,,,,,,,,5,1,1,1,6
200700073659,0007-11-11 17:15:00,7,11,11,17,15,740,280,rue JeanJacques Rousseau,,,Plein jour,En agglomération,Hors intersection,Pluie légère,Autre collision,,,,,,,,,,,1,2,1,2,6
200700073660,0007-11-08 15:15:00,7,11,8,15,15,740,87,centre ville,46.131,6.34,Plein jour,En agglomération,Autre intersection,Normale,Deux véhicules - arrière,,,,,,,,,,,1,2,9,1,2
200700073661,0007-11-24 18:30:00,7,11,24,18,30,740,81,9 av de la libération,46.066,6.577,Nuit avec éclairage allumé,En agglomération,Hors intersection,Pluie légère,Autre collision,,,,,,,,,,,5,2,1,2,6
200700073662,0007-11-30 18:15:00,7,11,30,18,15,740,264,Av. de la route blanche,,,Nuit avec éclairage allumé,En agglomération,Hors intersection,Normale,Autre collision,,,,,,,,,,,5,2,1,1,6
200700073663,0007-11-17 13:15:00,7,11,17,13,15,740,7,,46.077,6.316,Plein jour,Hors agglomération,Hors intersection,Temps couvert,Deux véhicules - frontale,,,,,,,,,,,1,1,1,8,1
200700073664,0007-11-21 17:30:00,7,11,21,17,30,740,224,315 faubourg St Martin,,,Nuit avec éclairage allumé,En agglomération,Hors intersection,Pluie forte,Autre collision,,,,,,,,,,,5,2,1,3,6
200700073665,0007-11-21 17:30:00,7,11,21,17,30,740,224,Face au n°625,46.07,6.315,Nuit avec éclairage allumé,En agglomération,Hors intersection,Pluie légère,Autre collision,,,,,,,,,,,5,2,1,2,6
200700073666,0007-11-02 08:00:00,7,11,2,8,0,740,256,RUE DE VERDUN,,,Crépuscule ou aube,En agglomération,Hors intersection,Normale,Deux véhicules - côté,,,,,,,,,,,2,2,1,1,3
200700073667,0007-11-19 12:15:00,7,11,19,12,15,740,256,rue du mont blanc,,,Plein jour,En agglomération,Hors intersection,Normale,Deux véhicules - côté,,,,,,,,,,,1,2,1,1,3
200700073668,0007-11-15 08:15:00,7,11,15,8,15,740,31,,,,Crépuscule ou aube,Hors agglomération,Hors intersection,Temps couvert,Deux véhicules - côté,,,,,,,,,,,2,1,1,8,3
200700073669,0007-11-07 07:45:00,7,11,7,7,45,740,296,,,,Plein jour,Hors agglomération,Hors intersection,Normale,Deux véhicules - arrière,,,,,,,,,,,1,1,1,1,2
200700073670,0007-11-08 13:15:00,7,11,8,13,15,740,53,impasse de Terrotet,46.289,6.442,Plein jour,En agglomération,Hors intersection,Normale,Autre collision,,,,,,,,,,,1,2,1,1,6
200700073671,0007-11-14 08:15:00,7,11,14,8,15,740,263,Avenue de Bonnatrait,,,Plein jour,En agglomération,Hors intersection,Pluie légère,Sans collision,,,,,,,,,,,1,2,1,2,7
200700073672,0007-11-22 12:30:00,7,11,22,12,30,740,226,,46.188,6.377,Plein jour,Hors agglomération,Hors intersection,Temps couvert,Deux véhicules - frontale,,,,,,,,,,,1,1,1,8,1
200700073673,0007-11-30 19:00:00,7,11,30,19,0,630,417,AVENUE ALBERT PAULIN,45.831,3.052,Nuit avec éclairage allumé,En agglomération,Hors intersection,Normale,Deux véhicules - côté,,,,,,,,,,,5,2,1,1,3
200700073674,0007-11-28 16:15:00,7,11,28,16,15,630,273,,45.737,3.23,Plein jour,Hors agglomération,Hors intersection,Normale,Deux véhicules - frontale,,,,,,,,,,,1,1,1,1,1
200700073675,0007-11-12 07:15:00,7,11,12,7,15,630,141,CD 943,,,Crépuscule ou aube,En agglomération,Hors intersection,Pluie légère,Trois véhicules et plus - collisions multiples,,,,,,,,,,,2,2,1,2,5
200700073676,0007-11-11 05:45:00,7,11,11,5,45,630,425,01 Lot.  Chanteclair,45.676,3.125,Nuit avec éclairage allumé,En agglomération,Hors intersection,Normale,Autre collision,,,,,,,,,,,5,2,1,1,6
200700073677,0007-11-20 13:30:00,7,11,20,13,30,630,302,CD 120,45.706,3.138,Plein jour,En agglomération,Giratoire,Temps couvert,Deux véhicules - côté,,,,,,,,,,,1,2,6,8,3
200700073678,0007-11-12 00:01:00,7,11,12,0,1,630,380,,45.572,2.991,Nuit sans éclairage public,Hors agglomération,Hors intersection,Pluie légère,Sans collision,,,,,,,,,,,3,1,1,2,7
200700073679,0007-11-01 06:15:00,7,11,1,6,15,630,303,,45.449,3.038,Nuit sans éclairage public,Hors agglomération,Hors intersection,Brouillard / fumée,Sans collision,,,,,,,,,,,3,1,1,5,7
200700073680,0007-11-05 16:45:00,7,11,5,16,45,630,338,,46.178,2.853,Plein jour,Hors agglomération,Hors intersection,Normale,Deux véhicules - côté,,,,,,,,,,,1,1,1,1,3
200700073681,0007-11-08 10:00:00,7,11,8,10,0,630,233,rue faubourg crouzille,46.187,2.806,Plein jour,En agglomération,Hors intersection,Normale,Autre collision,,,,,,,,,,,1,2,1,1,6
200700073682,0007-11-30 13:45:00,7,11,30,13,45,630,471,,46.127,2.807,Plein jour,Hors agglomération,Hors intersection,Normale,Deux véhicules - frontale,,,,,,,,,,,1,1,1,1,1
200700073683,0007-11-19 08:45:00,7,11,19,8,45,630,430,,45.866,3.513,Plein jour,Hors agglomération,Hors intersection,Normale,Autre collision,,,,,,,,,,,1,1,1,1,6
200700073684,0007-11-19 21:15:00,7,11,19,21,15,630,231,,45.877,3.629,Nuit sans éclairage public,Hors agglomération,Hors intersection,Autre,Sans collision,,,,,,,,,,,3,1,1,9,7
200700073685,0007-11-26 18:30:00,7,11,26,18,30,630,430,,45.878,3.487,Nuit sans éclairage public,Hors agglomération,Hors intersection,Normale,Trois véhicules et plus - collisions multiples,,,,,,,,,,,3,1,1,1,5
200700073686,0007-11-08 16:45:00,7,11,8,16,45,630,265,Les pinèdes,45.884,3.442,Plein jour,En agglomération,Hors intersection,Normale,Deux véhicules - frontale,,,,,,,,,,,1,2,1,1,1
200700073687,0007-11-23 12:00:00,7,11,23,12,0,630,125,Avenue de la Gare,45.762,3.541,Plein jour,En agglomération,Hors intersection,Normale,Autre collision,,,,,,,,,,,1,2,1,1,6
200700073688,0007-11-08 10:45:00,7,11,8,10,45,630,210,,45.928,3.34,Plein jour,Hors agglomération,Hors intersection,Normale,Deux véhicules - côté,,,,,,,,,,,1,1,1,1,3
200700073689,0007-11-14 19:30:00,7,11,14,19,30,630,291,,45.992,3.487,Nuit sans éclairage public,Hors agglomération,Hors intersection,Autre,Deux véhicules - frontale,,,,,,,,,,,3,1,1,9,1
200700073690,0007-11-22 23:45:00,7,11,22,23,45,30,85,,,,Nuit sans éclairage public,Hors agglomération,Hors intersection,Pluie légère,Autre collision,,,,,,,,,,,3,1,1,2,6
200700073691,0007-11-28 07:30:00,7,11,28,7,30,30,86,,46.491,3.856,Nuit sans éclairage public,Hors agglomération,Hors intersection,Brouillard / fumée,Deux véhicules - frontale,,,,,,,,,,,3,1,1,5,1
200700073692,0007-11-05 06:00:00,7,11,5,6,0,30,160,,46.242,3.397,Nuit sans éclairage public,Hors agglomération,Hors intersection,Brouillard / fumée,Autre collision,,,,,,,,,,,3,1,1,5,6
200700073693,0007-11-08 17:45:00,7,11,8,17,45,30,254,Pont Charles de Gaulle,46.311,3.295,Nuit avec éclairage allumé,En agglomération,Hors intersection,Normale,Autre collision,,,,,,,,,,,5,2,1,1,6
200700073694,0007-11-15 08:00:00,7,11,15,8,0,30,134,,46.35,3.196,Plein jour,Hors agglomération,Hors intersection,Neige / grêle,Deux véhicules - frontale,,,,,,,,,,,1,1,1,4,1
200700073695,0007-11-03 09:00:00,7,11,3,9,0,30,293,,46.641,2.598,Plein jour,Hors agglomération,Hors intersection,Pluie légère,Sans collision,,,,,,,,,,,1,1,1,2,7
200700073696,0007-11-01 02:15:00,7,11,1,2,15,30,289,La grande rue blance,46.376,3.517,Nuit sans éclairage public,En agglomération,Hors intersection,Brouillard / fumée,Autre collision,,,,,,,,,,,3,2,1,5,6
200700073697,0007-11-21 17:30:00,7,11,21,17,30,30,138,avenue charles de gaulle,46.247,3.628,Nuit avec éclairage allumé,En agglomération,Hors intersection,Pluie forte,Deux véhicules - côté,,,,,,,,,,,5,2,1,3,3
200700073698,0007-11-02 17:45:00,7,11,2,17,45,30,139,,45.98,3.8,Crépuscule ou aube,Hors agglomération,Hors intersection,Normale,Autre collision,,,,,,,,,,,2,1,1,1,6
200700073699,0007-11-05 17:00:00,7,11,5,17,0,150,140,,44.949,2.417,Plein jour,Hors agglomération,Hors intersection,Normale,Deux véhicules - frontale,,,,,,,,,,,1,1,1,1,1
200700073700,0007-11-27 18:00:00,7,11,27,18,0,150,83,,44.982,2.408,Nuit sans éclairage public,Hors agglomération,Hors intersection,Normale,Trois véhicules et plus - collisions multiples,,,,,,,,,,,3,1,1,1,5
200700073701,0007-11-24 16:30:00,7,11,24,16,30,150,74,,,,Plein jour,Hors agglomération,Hors intersection,Brouillard / fumée,Deux véhicules - frontale,,,,,,,,,,,1,1,1,5,1
200700073702,0007-11-13 18:00:00,7,11,13,18,0,150,119,,45.272,3.195,Nuit sans éclairage public,Hors agglomération,Hors intersection,Normale,Trois véhicules et plus - en chaîne,,,,,,,,,,,3,1,1,1,4
200700073703,0007-11-01 18:30:00,7,11,1,18,30,430,124,,45.099,3.737,Nuit sans éclairage public,Hors agglomération,Hors intersection,Normale,Sans collision,,,,,,,,,,,3,1,1,1,7
200700073704,0007-11-10 15:45:00,7,11,10,15,45,430,233,,,,Plein jour,Hors agglomération,Hors intersection,Normale,Sans collision,,,,,,,,,,,1,1,1,1,7
200700073705,0007-11-20 11:30:00,7,11,20,11,30,430,18,Montbonnet,44.992,3.74,Plein jour,En agglomération,Hors intersection,Vent fort / tempête,Autre collision,,,,,,,,,,,1,2,1,6,6
200700073706,0007-11-04 19:30:00,7,11,4,19,30,430,215,,44.806,3.887,Nuit sans éclairage public,Hors agglomération,Hors intersection,Normale,Autre collision,,,,,,,,,,,3,1,1,1,6
200700073707,0007-11-15 22:30:00,7,11,15,22,30,430,111,,44.847,3.86,Nuit sans éclairage public,Hors agglomération,Hors intersection,Neige / grêle,Sans collision,,,,,,,,,,,3,1,1,4,7
200700073708,0007-11-24 07:15:00,7,11,24,7,15,430,39,,44.945,3.848,Crépuscule ou aube,Hors agglomération,Hors intersection,Brouillard / fumée,Deux véhicules - frontale,,,,,,,,,,,2,1,1,5,1
200700073709,0007-11-18 16:45:00,7,11,18,16,45,430,190,,,,Nuit sans éclairage public,Hors agglomération,Hors intersection,Normale,Deux véhicules - frontale,,,,,,,,,,,3,1,1,1,1
200700073710,0007-11-21 19:30:00,7,11,21,19,30,430,132,,45.113,3.542,Nuit sans éclairage public,Hors agglomération,Hors intersection,Brouillard / fumée,Deux véhicules - frontale,,,,,,,,,,,3,1,1,5,1
200700073711,0007-11-11 01:30:00,7,11,11,1,30,430,268,av georges clemenceau,45.149,4.115,Nuit avec éclairage allumé,En agglomération,Giratoire,Pluie légère,Autre collision,,,,,,,,,,,5,2,6,2,6
200700073712,0007-11-21 08:15:00,7,11,21,8,15,430,162,,45.243,3.983,Plein jour,Hors agglomération,Hors intersection,Normale,Sans collision,,,,,,,,,,,1,1,1,1,7
200700073713,0007-11-20 17:15:00,7,11,20,17,15,430,137,,,,Nuit sans éclairage public,Hors agglomération,Hors intersection,Normale,Deux véhicules - frontale,,,,,,,,,,,3,1,1,1,1
200700073714,0007-11-26 17:30:00,7,11,26,17,30,430,224,Place Général  Leclerc,45.245,4.235,Nuit avec éclairage allumé,En agglomération,Hors intersection,Normale,Autre collision,,,,,,,,,,,5,2,1,1,6
200700073715,0007-11-15 08:45:00,7,11,15,8,45,430,141,,45.189,4.324,Plein jour,Hors agglomération,Hors intersection,Neige / grêle,Deux véhicules - côté,,,,,,,,,,,1,1,1,4,3
200700073716,0007-11-20 14:30:00,7,11,20,14,30,430,244,Grand rue,,,Plein jour,En agglomération,Hors intersection,Normale,Autre collision,,,,,,,,,,,1,2,1,1,6
200700073717,0007-11-22 18:30:00,7,11,22,18,30,430,87,rue du 11 novembre,,,Nuit avec éclairage allumé,En agglomération,Hors intersection,Pluie forte,Autre collision,,,,,,,,,,,5,2,1,3,6