accident_id,datetime,annee,mois,jour,heure,minute,departement,commune_insee,adresse,latitude,longitude,luminosite,agglomeration,intersection,meteo,collision,nb_vehicules,nb_usagers,nb_indemnes,nb_tues,nb_blesses_hosp,nb_blesses_legers,age_cond_1,age_cond_2,veh_type_cond_1,veh_type_cond_2,lum_code,agg_code,int_code,atm_code,col_code
200700073851,0007-11-25 18:00:00,7,11,25,18,0,510,369,,48.732,3.687,Nuit sans éclairage public,Hors agglomération,Hors intersection,Pluie légère,Deux véhicules - frontale,,,,,,,,,,,3,1,1,2,1
200700073852,0007-11-27 18:00:00,7,11,27,18,0,510,237,,48.729,3.561,Nuit sans éclairage public,Hors agglomération,Intersection en T,Normale,Deux véhicules - côté,,,,,,,,,,,3,1,3,1,3
200700073853,0007-11-01 07:45:00,7,11,1,7,45,510,425,,,,Plein jour,Hors agglomération,Hors intersection,Brouillard / fumée,Deux véhicules - côté,,,,,,,,,,,1,1,1,5,3
200700073854,0007-11-05 00:15:00,7,11,5,0,15,510,488,,49.112,3.983,Nuit sans éclairage public,Hors agglomération,Hors intersection,Normale,Autre collision,,,,,,,,,,,3,1,1,1,6
200700073855,0007-11-13 08:15:00,7,11,13,8,15,510,210,rue de REIMS,49.07,3.967,Plein jour,En agglomération,Hors intersection,Normale,Deux véhicules - côté,,,,,,,,,,,1,2,1,1,3
200700073856,0007-11-02 18:00:00,7,11,2,18,0,510,529,,,,Nuit sans éclairage public,Hors agglomération,Hors intersection,Temps couvert,Deux véhicules - côté,,,,,,,,,,,3,1,1,8,3
200700073857,0007-11-13 12:00:00,7,11,13,12,0,510,54,Place du 8 Mai 1945,,,Plein jour,En agglomération,Hors intersection,Normale,Autre collision,,,,,,,,,,,1,2,1,1,6
200700073858,0007-11-23 22:15:00,7,11,23,22,15,510,529,38 Route Départementale,,,Nuit avec éclairage allumé,En agglomération,Hors intersection,Normale,Autre collision,,,,,,,,,,,5,2,1,1,6
200700073859,0007-11-10 11:15:00,7,11,10,11,15,510,195,,48.762,4.59,Plein jour,Hors agglomération,Hors intersection,Pluie légère,Deux véhicules - frontale,,,,,,,,,,,1,1,1,2,1
200700073860,0007-11-21 20:15:00,7,11,21,20,15,510,352,Rue J. Juif-Rue Jouette,,,Nuit avec éclairage allumé,En agglomération,Giratoire,Pluie légère,Autre collision,,,,,,,,,,,5,2,6,2,6
200700073861,0007-11-13 18:00:00,7,11,13,18,0,510,507,Rue de Chaudefontaine,49.095,4.889,Nuit avec éclairage allumé,En agglomération,Autre intersection,Pluie légère,Autre collision,,,,,,,,,,,5,2,9,2,6
200700073862,0007-11-14 08:30:00,7,11,14,8,30,510,507,Avenue Victor Hugo,49.096,4.9,Nuit avec éclairage allumé,En agglomération,Hors intersection,Pluie légère,Autre collision,,,,,,,,,,,5,2,1,2,6
200700073863,0007-11-09 08:00:00,7,11,9,8,0,80,263,,,,Plein jour,Hors agglomération,Hors intersection,Normale,Autre collision,,,,,,,,,,,1,1,1,1,6
200700073864,0007-11-16 17:30:00,7,11,16,17,30,80,222,,,,Nuit avec éclairage allumé,En agglomération,Autre intersection,Normale,Autre collision,,,,,,,,,,,5,2,9,1,6
200700073865,0007-11-29 08:00:00,7,11,29,8,0,80,222,,50.006,4.734,Crépuscule ou aube,Hors agglomération,Hors intersection,Temps couvert,Deux véhicules - frontale,,,,,,,,,,,2,1,1,8,1
200700073866,0007-11-03 09:45:00,7,11,3,9,45,80,343,,49.68,5.076,Nuit sans éclairage public,Hors agglomération,Hors intersection,Pluie légère,Deux véhicules - frontale,,,,,,,,,,,3,1,1,2,1
200700073867,0007-11-05 15:45:00,7,11,5,15,45,80,481,,49.695,4.851,Plein jour,Hors agglomération,Hors intersection,Normale,Deux véhicules - frontale,,,,,,,,,,,1,1,1,1,1
200700073868,0007-11-05 17:15:00,7,11,5,17,15,80,263,,49.738,4.798,Crépuscule ou aube,Hors agglomération,Hors intersection,Normale,Autre collision,,,,,,,,,,,2,1,1,1,6
200700073869,0007-11-29 01:45:00,7,11,29,1,45,80,194,,49.712,4.897,Nuit sans éclairage public,Hors agglomération,Hors intersection,Pluie légère,Deux véhicules - arrière,,,,,,,,,,,3,1,1,2,2
200700073870,0007-11-16 17:30:00,7,11,16,17,30,80,250,,49.406,4.542,Crépuscule ou aube,Hors agglomération,Intersection en X,Normale,Deux véhicules - côté,,,,,,,,,,,2,1,2,1,3
200700073871,0007-11-25 04:30:00,7,11,25,4,30,80,339,,,,Nuit sans éclairage public,Hors agglomération,Hors intersection,Pluie légère,Sans collision,,,,,,,,,,,3,1,1,2,7
200700073872,0007-11-25 12:30:00,7,11,25,12,30,80,196,,49.67,4.422,Plein jour,Hors agglomération,Hors intersection,Normale,Deux véhicules - frontale,,,,,,,,,,,1,1,1,1,1
200700073873,0007-11-09 06:45:00,7,11,9,6,45,100,6,CARREFOUR,,,Crépuscule ou aube,En agglomération,Intersection en X,Temps couvert,Deux véhicules - côté,,,,,,,,,,,2,2,2,8,3
200700073874,0007-11-12 23:15:00,7,11,12,23,15,100,430,,,,Nuit sans éclairage public,Hors agglomération,Hors intersection,Normale,Autre collision,,,,,,,,,,,3,1,1,1,6
200700073875,0007-11-23 17:30:00,7,11,23,17,30,100,236,,48.463,4.242,Nuit sans éclairage public,Hors agglomération,Hors intersection,Temps couvert,Autre collision,,,,,,,,,,,3,1,1,8,6
200700073876,0007-11-06 08:45:00,7,11,6,8,45,100,360,,,,Plein jour,Hors agglomération,Hors intersection,Normale,Sans collision,,,,,,,,,,,1,1,1,1,7
200700073877,0007-11-17 15:30:00,7,11,17,15,30,100,120,,,,Plein jour,Hors agglomération,Hors intersection,Normale,Deux véhicules - côté,,,,,,,,,,,1,1,1,1,3
200700073878,0007-11-01 16:00:00,7,11,1,16,0,100,156,,,,Plein jour,Hors agglomération,Hors intersection,Temps éblouissant,Deux véhicules - frontale,,,,,,,,,,,1,1,1,7,1
200700073879,0007-11-28 09:00:00,7,11,28,9,0,100,125,,,,Plein jour,Hors agglomération,Hors intersection,Autre,Autre collision,,,,,,,,,,,1,1,1,9,6
200700073880,0007-11-10 19:45:00,7,11,10,19,45,100,248,,,,Nuit sans éclairage public,Hors agglomération,Hors intersection,Normale,Trois véhicules et plus - collisions multiples,,,,,,,,,,,3,1,1,1,5
200700073881,0007-11-16 07:30:00,7,11,16,7,30,100,249,,48.244,4.308,Crépuscule ou aube,Hors agglomération,Hors intersection,Normale,Deux véhicules - côté,,,,,,,,,,,2,1,1,1,3
200700073882,0007-11-23 17:45:00,7,11,23,17,45,100,12,,48.273,4.649,Nuit avec éclairage allumé,En agglomération,Hors intersection,Pluie légère,Autre collision,,,,,,,,,,,5,2,1,2,6
200700073883,0007-11-04 16:15:00,7,11,4,16,15,100,187,,48.078,4.46,Plein jour,Hors agglomération,Hors intersection,Normale,Autre collision,,,,,,,,,,,1,1,1,1,6
200700073884,0007-11-12 15:45:00,7,11,12,15,45,100,261,,47.978,4.485,Plein jour,Hors agglomération,Hors intersection,Normale,Deux véhicules - arrière,,,,,,,,,,,1,1,1,1,2
200700073885,0007-11-24 18:45:00,7,11,24,18,45,100,55,,48.142,4.346,Nuit sans éclairage public,Hors agglomération,Hors intersection,Normale,Deux véhicules - frontale,,,,,,,,,,,3,1,1,1,1
200700073886,0007-11-01 10:30:00,7,11,1,10,30,100,339,,48.4,3.802,Plein jour,Hors agglomération,Hors intersection,Normale,Autre collision,,,,,,,,,,,1,1,1,1,6
200700073887,0007-11-14 17:45:00,7,11,14,17,45,100,268,Pont Saint Nicolas,,,Nuit avec éclairage allumé,En agglomération,Hors intersection,Normale,Deux véhicules - frontale,,,,,,,,,,,5,2,1,1,1
200700073888,0007-11-15 18:45:00,7,11,15,18,45,100,323,Avenue P. Brossolette,48.52,3.715,Nuit avec éclairage allumé,En agglomération,Hors intersection,Temps couvert,Deux véhicules - côté,,,,,,,,,,,5,2,1,8,3
200700073889,0007-11-29 17:30:00,7,11,29,17,30,100,323,Rue Emile Zola,48.513,3.727,Nuit avec éclairage allumé,En agglomération,Hors intersection,Normale,Deux véhicules - frontale,,,,,,,,,,,5,2,1,1,1
200700073890,0007-11-19 17:15:00,7,11,19,17,15,520,535,,48.106,5.078,Nuit sans éclairage public,Hors agglomération,Hors intersection,Autre,Deux véhicules - frontale,,,,,,,,,,,3,1,1,9,1
200700073891,0007-11-12 23:45:00,7,11,12,23,45,520,256,,48.3,5.5,Nuit sans éclairage public,Hors agglomération,Hors intersection,Normale,Autre collision,,,,,,,,,,,3,1,1,1,6
200700073892,0007-11-16 18:30:00,7,11,16,18,30,520,63,,48.18,5.55,Nuit sans éclairage public,Hors agglomération,Hors intersection,Normale,Autre collision,,,,,,,,,,,3,1,1,1,6
200700073893,0007-11-22 03:00:00,7,11,22,3,0,520,524,,48.27,5.123,Nuit sans éclairage public,Hors agglomération,Hors intersection,Temps couvert,Autre collision,,,,,,,,,,,3,1,1,8,6
200700073894,0007-11-03 19:15:00,7,11,3,19,15,520,269,rue Diderot,,,Nuit avec éclairage allumé,En agglomération,Hors intersection,Normale,Deux véhicules - côté,,,,,,,,,,,5,2,1,1,3
200700073895,0007-11-23 19:15:00,7,11,23,19,15,520,269,,,,Nuit sans éclairage public,Hors agglomération,Hors intersection,Normale,Autre collision,,,,,,,,,,,3,1,1,1,6
200700073896,0007-11-08 12:00:00,7,11,8,12,0,520,914,Avenue de l'arcombelle,,,Plein jour,En agglomération,Hors intersection,Pluie légère,Deux véhicules - côté,,,,,,,,,,,1,2,1,2,3
200700073897,0007-11-14 12:15:00,7,11,14,12,15,520,60,CD 26,47.955,5.73,Plein jour,En agglomération,Hors intersection,Normale,Autre collision,,,,,,,,,,,1,2,1,1,6
200700073898,0007-11-06 07:15:00,7,11,6,7,15,520,405,Grande rue,47.686,5.294,Crépuscule ou aube,En agglomération,Hors intersection,Normale,Deux véhicules - arrière,,,,,,,,,,,2,2,1,1,2
200700073899,0007-11-19 11:00:00,7,11,19,11,0,520,346,,,,Plein jour,Hors agglomération,Hors intersection,Pluie légère,Deux véhicules - frontale,,,,,,,,,,,1,1,1,2,1
200700073900,0007-11-28 18:00:00,7,11,28,18,0,520,337,,48.455,5.215,Nuit sans éclairage public,Hors agglomération,Hors intersection,Pluie légère,Deux véhicules - frontale,,,,,,,,,,,3,1,1,2,1
200700073901,0007-11-02 16:15:00,7,11,2,16,15,520,331,,48.498,4.781,Plein jour,Hors agglomération,Hors intersection,Temps couvert,Sans collision,,,,,,,,,,,1,1,1,8,7
200700073902,0007-11-10 18:45:00,7,11,10,18,45,890,298,,,,Nuit sans éclairage public,Hors agglomération,Autre intersection,Normale,Deux véhicules - frontale,,,,,,,,,,,3,1,9,1,1
200700073903,0007-11-19 06:30:00,7,11,19,6,30,450,94,,48.145,2.916,Nuit sans éclairage public,Hors agglomération,Hors intersection,Pluie légère,Sans collision,,,,,,,,,,,3,1,1,2,7
200700073904,0007-11-30 19:00:00,7,11,30,19,0,210,676,,47.457,4.274,Nuit sans éclairage public,Hors agglomération,Hors intersection,Normale,Sans collision,,,,,,,,,,,3,1,1,1,7
200700073905,0007-11-03 20:00:00,7,11,3,20,0,210,292,,47.247,5.207,Nuit sans éclairage public,Hors agglomération,Hors intersection,Normale,Deux véhicules - arrière,,,,,,,,,,,3,1,1,1,2
200700073906,0007-11-16 08:30:00,7,11,16,8,30,210,106,,47.241,5.109,Plein jour,Hors agglomération,Hors intersection,Normale,Deux véhicules - frontale,,,,,,,,,,,1,1,1,1,1
200700073907,0007-11-05 15:45:00,7,11,5,15,45,210,86,,46.65,4.35,Plein jour,Hors agglomération,Hors intersection,Normale,Deux véhicules - côté,,,,,,,,,,,1,1,1,1,3
200700073908,0007-11-21 16:15:00,7,11,21,16,15,210,17,,,,Plein jour,Hors agglomération,Hors intersection,Pluie forte,Deux véhicules - frontale,,,,,,,,,,,1,1,1,3,1
200700073909,0007-11-10 23:00:00,7,11,10,23,0,210,154,,47.859,4.585,Nuit sans éclairage public,Hors agglomération,Hors intersection,Pluie forte,Sans collision,,,,,,,,,,,3,1,1,3,7
200700073910,0007-11-13 10:45:00,7,11,13,10,45,210,584,,47.306,4.25,Plein jour,Hors agglomération,Hors intersection,Normale,Autre collision,,,,,,,,,,,1,1,1,1,6
200700073911,0007-11-14 02:30:00,7,11,14,2,30,210,422,,47.362,4.196,Nuit sans éclairage public,Hors agglomération,Hors intersection,Pluie légère,Sans collision,,,,,,,,,,,3,1,1,2,7
200700073912,0007-11-08 07:45:00,7,11,8,7,45,580,160,,,,Crépuscule ou aube,Hors agglomération,Hors intersection,Normale,Deux véhicules - côté,,,,,,,,,,,2,1,1,1,3
200700073913,0007-11-22 11:45:00,7,11,22,11,45,580,104,route de moulins,,,Plein jour,En agglomération,Hors intersection,Normale,Autre collision,,,,,,,,,,,1,2,1,1,6
200700073914,0007-11-30 15:45:00,7,11,30,15,45,580,104,place de l'église,46.72,3.353,Plein jour,En agglomération,Hors intersection,Normale,Autre collision,,,,,,,,,,,1,2,1,1,6
200700073915,0007-11-03 04:00:00,7,11,3,4,0,580,223,,,,Nuit sans éclairage public,En agglomération,Hors intersection,Normale,Autre collision,,,,,,,,,,,3,2,1,1,6
200700073916,0007-11-22 11:15:00,7,11,22,11,15,580,285,,47.061,3.709,Plein jour,Hors agglomération,Hors intersection,Normale,Deux véhicules - frontale,,,,,,,,,,,1,1,1,1,1
200700073917,0007-11-30 14:00:00,7,11,30,14,0,580,221,,46.811,3.776,Plein jour,Hors agglomération,Hors intersection,Normale,Deux véhicules - frontale,,,,,,,,,,,1,1,1,1,1
200700073918,0007-11-04 14:00:00,7,11,4,14,0,580,312,,47.431,3.548,Plein jour,Hors agglomération,Hors intersection,Normale,Autre collision,,,,,,,,,,,1,1,1,1,6
200700073919,0007-11-28 17:45:00,7,11,28,17,45,580,47,,,,Nuit sans éclairage public,Hors agglomération,Hors intersection,Normale,Deux véhicules - frontale,,,,,,,,,,,3,1,1,1,1
200700073920,0007-11-07 17:30:00,7,11,7,17,30,580,64,place de la mairie,47.286,3.226,Crépuscule ou aube,En agglomération,Hors intersection,Normale,Deux véhicules - côté,,,,,,,,,,,2,2,1,1,3
200700073921,0007-11-14 13:30:00,7,11,14,13,30,580,12,,47.517,3.03,Plein jour,Hors agglomération,Hors intersection,Normale,Deux véhicules - frontale,,,,,,,,,,,1,1,1,1,1
200700073922,0007-11-26 09:30:00,7,11,26,9,30,580,270,,47.499,3.005,Plein jour,Hors agglomération,Hors intersection,Normale,Autre collision,,,,,,,,,,,1,1,1,1,6
200700073923,0007-11-17 18:30:00,7,11,17,18,30,710,583,,46.25,4.78,Nuit sans éclairage public,Hors agglomération,Hors intersection,Normale,Deux véhicules - côté,,,,,,,,,,,3,1,1,1,3
200700073924,0007-11-23 18:45:00,7,11,23,18,45,710,481,,46.202,4.765,Nuit sans éclairage public,Hors agglomération,Hors intersection,Pluie légère,Autre collision,,,,,,,,,,,3,1,1,2,6
200700073925,0007-11-19 07:15:00,7,11,19,7,15,710,14,,,,Crépuscule ou aube,Hors agglomération,Hors intersection,Pluie légère,Deux véhicules - frontale,,,,,,,,,,,2,1,1,2,1
200700073926,0007-11-05 16:30:00,7,11,5,16,30,710,170,,46.928,4.827,Plein jour,Hors agglomération,Hors intersection,Normale,Sans collision,,,,,,,,,,,1,1,1,1,7
200700073927,0007-11-22 12:00:00,7,11,22,12,0,710,378,,46.875,4.752,Plein jour,Hors agglomération,Hors intersection,Pluie forte,Deux véhicules - frontale,,,,,,,,,,,1,1,1,3,1
200700073928,0007-11-09 04:30:00,7,11,9,4,30,710,4,,46.803,4.934,Nuit sans éclairage public,Hors agglomération,Intersection en T,Autre,Deux véhicules - côté,,,,,,,,,,,3,1,3,9,3
200700073929,0007-11-14 08:30:00,7,11,14,8,30,710,2,,46.761,5.009,Plein jour,Hors agglomération,Intersection en X,Normale,Deux véhicules - côté,,,,,,,,,,,1,1,2,1,3
200700073930,0007-11-19 05:15:00,7,11,19,5,15,710,189,,,,Nuit sans éclairage public,Hors agglomération,Hors intersection,Autre,Autre collision,,,,,,,,,,,3,1,1,9,6
200700073931,0007-11-15 17:15:00,7,11,15,17,15,710,120,avenue du Chateau,46.207,4.34,Crépuscule ou aube,En agglomération,Hors intersection,Normale,Deux véhicules - frontale,,,,,,,,,,,2,2,1,1,1
200700073932,0007-11-05 18:30:00,7,11,5,18,30,710,176,,46.486,3.973,Nuit avec éclairage allumé,En agglomération,Hors intersection,Normale,Autre collision,,,,,,,,,,,5,2,1,1,6
200700073933,0007-11-16 09:15:00,7,11,16,9,15,710,176,,46.49,3.99,Plein jour,En agglomération,Intersection en T,Normale,Autre collision,,,,,,,,,,,1,2,3,1,6
200700073934,0007-11-02 08:00:00,7,11,2,8,0,710,453,,46.241,4.041,Plein jour,Hors agglomération,Hors intersection,Normale,Autre collision,,,,,,,,,,,1,1,1,1,6
200700073935,0007-11-12 17:15:00,7,11,12,17,15,710,342,ROND POINT DE CHALON,46.463,4.111,Crépuscule ou aube,En agglomération,Giratoire,Normale,Deux véhicules - côté,,,,,,,,,,,2,2,6,1,3
200700073936,0007-11-23 15:15:00,7,11,23,15,15,710,342,RUE DUDAUPHIN LOUIS,46.456,4.121,Plein jour,En agglomération,Hors intersection,Pluie légère,Deux véhicules - côté,,,,,,,,,,,1,2,1,2,3
200700073937,0007-11-06 20:00:00,7,11,6,20,0,710,340,,46.58,4.209,Nuit sans éclairage public,Hors agglomération,Hors intersection,Normale,Deux véhicules - frontale,,,,,,,,,,,3,1,1,1,1
200700073938,0007-11-10 14:00:00,7,11,10,14,0,710,212,,,,Plein jour,Hors agglomération,Hors intersection,Pluie légère,Trois véhicules et plus - en chaîne,,,,,,,,,,,1,1,1,2,4
200700073939,0007-11-12 08:45:00,7,11,12,8,45,710,395,,,,Plein jour,Hors agglomération,Hors intersection,Normale,Deux véhicules - frontale,,,,,,,,,,,1,1,1,1,1
200700073940,0007-11-14 07:45:00,7,11,14,7,45,710,161,aire de repos des bottér,46.601,3.981,Plein jour,En agglomération,Hors intersection,Pluie légère,Autre collision,,,,,,,,,,,1,2,1,2,6
200700073941,0007-11-14 07:00:00,7,11,14,7,0,710,64,,,,Nuit sans éclairage public,Hors agglomération,Hors intersection,Normale,Deux véhicules - arrière,,,,,,,,,,,3,1,1,1,2
200700073942,0007-11-11 00:15:00,7,11,11,0,15,710,332,,,,Nuit sans éclairage public,Hors agglomération,Hors intersection,Normale,Autre collision,,,,,,,,,,,3,1,1,1,6
200700073943,0007-11-22 06:00:00,7,11,22,6,0,710,365,ROUTE DE LOUHANS,46.6,5.09,Nuit avec éclairage allumé,En agglomération,Hors intersection,Pluie forte,Autre collision,,,,,,,,,,,5,2,1,3,6
200700073944,0007-11-09 10:15:00,7,11,9,10,15,890,102,,,,Plein jour,Hors agglomération,Hors intersection,Normale,Sans collision,,,,,,,,,,,1,1,1,1,7
200700073945,0007-11-11 10:30:00,7,11,11,10,30,890,13,route des gorges,47.879,3.518,Plein jour,En agglomération,Intersection en X,Normale,Deux véhicules - côté,,,,,,,,,,,1,2,2,1,3
200700073946,0007-11-25 18:15:00,7,11,25,18,15,890,337,,,,Nuit sans éclairage public,Hors agglomération,Intersection en X,Normale,Deux véhicules - côté,,,,,,,,,,,3,1,2,1,3
200700073947,0007-11-30 18:00:00,7,11,30,18,0,890,83,,,,Nuit sans éclairage public,Hors agglomération,Hors intersection,Normale,Deux véhicules - côté,,,,,,,,,,,3,1,1,1,3
200700073948,0007-11-14 19:00:00,7,11,14,19,0,890,26,,,,Nuit sans éclairage public,Hors agglomération,Hors intersection,Normale,Deux véhicules - arrière,,,,,,,,,,,3,1,1,1,2
200700073949,0007-11-21 10:15:00,7,11,21,10,15,890,439,RN 77,,,Plein jour,En agglomération,Hors intersection,Normale,Deux véhicules - frontale,,,,,,,,,,,1,2,1,1,1
200700073950,0007-11-12 16:00:00,7,11,12,16,0,890,201,,47.937,3.667,Plein jour,Hors agglomération,Hors intersection,Normale,Deux véhicules - côté,,,,,,,,,,,1,1,1,1,3
200700073951,0007-11-21 08:00:00,7,11,21,8,0,890,382,avenue Colbert,,,Crépuscule ou aube,En agglomération,Hors intersection,Normale,Deux véhicules - arrière,,,,,,,,,,,2,2,1,1,2
200700073952,0007-11-25 10:15:00,7,11,25,10,15,890,263,,,,Nuit sans éclairage public,Hors agglomération,Hors intersection,Normale,Sans collision,,,,,,,,,,,3,1,1,1,7
200700073953,0007-11-30 10:00:00,7,11,30,10,0,890,242,grande rue,,,Plein jour,En agglomération,Hors intersection,Normale,Deux véhicules - côté,,,,,,,,,,,1,2,1,1,3
200700073954,0007-11-14 19:00:00,7,11,14,19,0,890,364,,,,Plein jour,Hors agglomération,Hors intersection,Pluie légère,Trois véhicules et plus - collisions multiples,,,,,,,,,,,1,1,1,2,5
200700073955,0007-11-10 18:00:00,7,11,10,18,0,890,241,,,,Nuit sans éclairage public,Hors agglomération,Hors intersection,Pluie légère,Sans collision,,,,,,,,,,,3,1,1,2,7
200700073956,0007-11-25 13:00:00,7,11,25,13,0,890,245,,48.11,3.24,Plein jour,Hors agglomération,Autre intersection,Pluie légère,Sans collision,,,,,,,,,,,1,1,9,2,7
200700073957,0007-11-26 18:30:00,7,11,26,18,30,890,239,,,,Nuit sans éclairage public,Hors agglomération,Hors intersection,Normale,Deux véhicules - frontale,,,,,,,,,,,3,1,1,1,1
200700073958,0007-11-05 23:00:00,7,11,5,23,0,890,391,,48.326,3.243,Nuit sans éclairage public,Hors agglomération,Hors intersection,Normale,Autre collision,,,,,,,,,,,3,1,1,1,6
200700073959,0007-11-16 18:15:00,7,11,16,18,15,890,136,,,,Nuit sans éclairage public,Hors agglomération,Hors intersection,Normale,Deux véhicules - frontale,,,,,,,,,,,3,1,1,1,1
200700073960,0007-11-22 17:00:00,7,11,22,17,0,890,209,Les bordes,48.171,2.964,Plein jour,En agglomération,Hors intersection,Normale,Autre collision,,,,,,,,,,,1,2,1,1,6
200700073961,0007-11-24 01:30:00,7,11,24,1,30,890,353,,,,Nuit sans éclairage public,Hors agglomération,Hors intersection,Normale,Autre collision,,,,,,,,,,,3,1,1,1,6
200700073962,0007-11-09 22:45:00,7,11,9,22,45,890,223,CD200 PK12,,,Nuit sans éclairage public,En agglomération,Hors intersection,Normale,Sans collision,,,,,,,,,,,3,2,1,1,7
200700073963,0007-11-12 09:45:00,7,11,12,9,45,890,407,,,,Plein jour,Hors agglomération,Hors intersection,Temps éblouissant,Trois véhicules et plus - collisions multiples,,,,,,,,,,,1,1,1,7,5
200700073964,0007-11-07 13:00:00,7,11,7,13,0,250,528,,,,Plein jour,Hors agglomération,Intersection en T,Normale,Deux véhicules - côté,,,,,,,,,,,1,1,3,1,3
200700073965,0007-11-05 22:45:00,7,11,5,22,45,250,48,,,,Nuit sans éclairage public,Hors agglomération,Hors intersection,Normale,Autre collision,,,,,,,,,,,3,1,1,1,6
200700073966,0007-11-06 10:00:00,7,11,6,10,0,250,304,route de GLAY,,,Plein jour,En agglomération,Hors intersection,Pluie légère,Sans collision,,,,,,,,,,,1,2,1,2,7
200700073967,0007-11-12 12:00:00,7,11,12,12,0,250,244,,47.293,6.77,Plein jour,Hors agglomération,Hors intersection,Normale,Sans collision,,,,,,,,,,,1,1,1,1,7
200700073968,0007-11-23 20:15:00,7,11,23,20,15,250,33,,47.39,6.811,Nuit sans éclairage public,Hors agglomération,Hors intersection,Pluie légère,Autre collision,,,,,,,,,,,3,1,1,2,6
200700073969,0007-11-11 15:15:00,7,11,11,15,15,250,279,,,,Plein jour,Hors agglomération,Hors intersection,Normale,Deux véhicules - frontale,,,,,,,,,,,1,1,1,1,1
200700073970,0007-11-02 19:00:00,7,11,2,19,0,250,345,,,,Nuit sans éclairage public,Hors agglomération,Hors intersection,Normale,Autre collision,,,,,,,,,,,3,1,1,1,6
200700073971,0007-11-07 20:15:00,7,11,7,20,15,250,442,,46.851,6.336,Nuit sans éclairage public,Hors agglomération,Hors intersection,Normale,Autre collision,,,,,,,,,,,3,1,1,1,6
200700073972,0007-11-14 15:45:00,7,11,14,15,45,250,254,,46.855,6.38,Plein jour,Hors agglomération,Hors intersection,Neige / grêle,Deux véhicules - côté,,,,,,,,,,,1,1,1,4,3
200700073973,0007-11-25 05:15:00,7,11,25,5,15,250,259,,46.866,6.169,Nuit sans éclairage public,Hors agglomération,Hors intersection,Normale,Sans collision,,,,,,,,,,,3,1,1,1,7
200700073974,0007-11-06 12:00:00,7,11,6,12,0,250,96,,,,Plein jour,Hors agglomération,Hors intersection,Normale,Autre collision,,,,,,,,,,,1,1,1,1,6
200700073975,0007-11-30 06:30:00,7,11,30,6,30,250,348,"rue du Pont, CD45",,,Crépuscule ou aube,En agglomération,Hors intersection,Neige / grêle,Sans collision,,,,,,,,,,,2,2,1,4,7
200700073976,0007-11-02 20:00:00,7,11,2,20,0,390,508,,,,Nuit sans éclairage public,Hors agglomération,Hors intersection,Normale,Sans collision,,,,,,,,,,,3,1,1,1,7
200700073977,0007-11-17 21:00:00,7,11,17,21,0,390,471,,,,Nuit sans éclairage public,Hors agglomération,Intersection en X,Normale,Deux véhicules - côté,,,,,,,,,,,3,1,2,1,3
200700073978,0007-11-17 00:30:00,7,11,17,0,30,390,354,,,,Nuit avec éclairage non allumé,En agglomération,Hors intersection,Normale,Autre collision,,,,,,,,,,,4,2,1,1,6
200700073979,0007-11-30 16:30:00,7,11,30,16,30,390,13,,46.906,5.775,Plein jour,En agglomération,Autre intersection,Normale,Autre collision,,,,,,,,,,,1,2,9,1,6
200700073980,0007-11-01 22:30:00,7,11,1,22,30,390,500,,46.963,5.852,Nuit sans éclairage public,Hors agglomération,Hors intersection,Normale,Deux véhicules - frontale,,,,,,,,,,,3,1,1,1,1
200700073981,0007-11-23 19:15:00,7,11,23,19,15,390,500,54 rue de la République,46.937,5.881,Nuit avec éclairage allumé,En agglomération,Hors intersection,Normale,Autre collision,,,,,,,,,,,5,2,1,1,6
200700073982,0007-11-21 07:30:00,7,11,21,7,30,390,520,,,,Nuit sans éclairage public,Hors agglomération,Hors intersection,Pluie forte,Deux véhicules - frontale,,,,,,,,,,,3,1,1,3,1
200700073983,0007-11-23 11:15:00,7,11,23,11,15,700,9,,47.885,5.947,Plein jour,Hors agglomération,Hors intersection,Autre,Deux véhicules - frontale,,,,,,,,,,,1,1,1,9,1
200700073984,0007-11-25 15:00:00,7,11,25,15,0,700,421,,,,Plein jour,Hors agglomération,Hors intersection,Normale,Autre collision,,,,,,,,,,,1,1,1,1,6
200700073985,0007-11-29 13:15:00,7,11,29,13,15,700,421,Rue Charles de Gaulle,,,Plein jour,En agglomération,Hors intersection,Normale,Autre collision,,,,,,,,,,,1,2,1,1,6