accident_id,datetime,annee,mois,jour,heure,minute,departement,commune_insee,adresse,latitude,longitude,luminosite,agglomeration,intersection,meteo,collision,nb_vehicules,nb_usagers,nb_indemnes,nb_tues,nb_blesses_hosp,nb_blesses_legers,age_cond_1,age_cond_2,veh_type_cond_1,veh_type_cond_2,lum_code,agg_code,int_code,atm_code,col_code
200700073986,0007-11-15 04:30:00,7,11,15,4,30,700,310,,47.696,6.474,Nuit avec éclairage allumé,Hors agglomération,Hors intersection,Normale,Sans collision,,,,,,,,,,,5,1,1,1,7
200700073987,0007-11-20 15:30:00,7,11,20,15,30,700,46,,47.624,6.438,Plein jour,Hors agglomération,Hors intersection,Normale,Deux véhicules - côté,,,,,,,,,,,1,1,1,1,3
200700073988,0007-11-17 14:45:00,7,11,17,14,45,700,248,,,,Plein jour,Hors agglomération,Hors intersection,Normale,Deux véhicules - côté,,,,,,,,,,,1,1,1,1,3
200700073989,0007-11-02 17:30:00,7,11,2,17,30,700,187,,,,Plein jour,Hors agglomération,Hors intersection,Normale,Deux véhicules - frontale,,,,,,,,,,,1,1,1,1,1
200700073990,0007-11-04 05:45:00,7,11,4,5,45,700,94,,47.84,6.454,Nuit sans éclairage public,Hors agglomération,Hors intersection,Normale,Autre collision,,,,,,,,,,,3,1,1,1,6
200700073991,0007-11-18 05:45:00,7,11,18,5,45,700,155,,47.749,6.388,Nuit sans éclairage public,Hors agglomération,Hors intersection,Brouillard / fumée,Autre collision,,,,,,,,,,,3,1,1,5,6
200700073992,0007-11-08 17:15:00,7,11,8,17,15,700,53,,47.515,5.894,Crépuscule ou aube,Hors agglomération,Hors intersection,Pluie légère,Autre collision,,,,,,,,,,,2,1,1,2,6
200700073993,0007-11-07 13:15:00,7,11,7,13,15,900,12,,,,Plein jour,Hors agglomération,Hors intersection,Temps couvert,Deux véhicules - frontale,,,,,,,,,,,1,1,1,8,1
200700073994,0007-11-25 20:00:00,7,11,25,20,0,900,93,RUE DE VALDOIE,,,Nuit avec éclairage allumé,En agglomération,Hors intersection,Normale,Deux véhicules - côté,,,,,,,,,,,5,2,1,1,3
200700073995,0007-11-28 08:15:00,7,11,28,8,15,900,97,,,,Plein jour,Hors agglomération,Hors intersection,Normale,Autre collision,,,,,,,,,,,1,1,1,1,6
200700073996,0007-11-30 09:45:00,7,11,30,9,45,900,91,,,,Plein jour,Hors agglomération,Giratoire,Pluie légère,Autre collision,,,,,,,,,,,1,1,6,2,6
200700073997,0007-11-12 17:30:00,7,11,12,17,30,260,72,,,,Crépuscule ou aube,Hors agglomération,Hors intersection,Normale,Deux véhicules - arrière,,,,,,,,,,,2,1,1,1,2
200700073998,0007-11-18 12:45:00,7,11,18,12,45,260,362,,44.912,4.879,Plein jour,Hors agglomération,Hors intersection,Normale,Autre collision,,,,,,,,,,,1,1,1,1,6
200700073999,0007-11-28 05:15:00,7,11,28,5,15,260,166,,44.743,4.788,Nuit sans éclairage public,Hors agglomération,Hors intersection,Normale,Deux véhicules - arrière,,,,,,,,,,,3,1,1,1,2
200700074000,0007-11-18 11:30:00,7,11,18,11,30,130,41,Avenue de la libération,,,Plein jour,En agglomération,Hors intersection,Normale,Deux véhicules - côté,,,,,,,,,,,1,2,1,1,3
200700074001,0007-11-25 14:45:00,7,11,25,14,45,130,46,chemin de la source,,,Plein jour,En agglomération,Hors intersection,Normale,Deux véhicules - frontale,,,,,,,,,,,1,2,1,1,1
200700074002,0007-11-02 18:00:00,7,11,2,18,0,130,66,,43.876,4.916,Nuit sans éclairage public,Hors agglomération,Hors intersection,Normale,Autre collision,,,,,,,,,,,3,1,1,1,6
200700074003,0007-11-03 14:00:00,7,11,3,14,0,130,27,,43.892,4.857,Plein jour,Hors agglomération,Hors intersection,Normale,Deux véhicules - côté,,,,,,,,,,,1,1,1,1,3
200700074004,0007-11-30 14:00:00,7,11,30,14,0,130,27,COURS CARNOT,43.889,4.855,Plein jour,En agglomération,Hors intersection,Temps éblouissant,Autre collision,,,,,,,,,,,1,2,1,7,6
200700074005,0007-11-29 14:15:00,7,11,29,14,15,130,27,,43.91,4.815,Plein jour,Hors agglomération,Hors intersection,Normale,Deux véhicules - côté,,,,,,,,,,,1,1,1,1,3
200700074006,0007-11-21 20:15:00,7,11,21,20,15,130,97,,,,Nuit sans éclairage public,Hors agglomération,Hors intersection,Pluie légère,Autre collision,,,,,,,,,,,3,1,1,2,6
200700074007,0007-11-21 18:45:00,7,11,21,18,45,130,100,avenue Jean Moulin,,,Nuit avec éclairage allumé,En agglomération,Hors intersection,Pluie légère,Deux véhicules - frontale,,,,,,,,,,,5,2,1,2,1
200700074008,0007-11-04 14:15:00,7,11,4,14,15,130,22,,,,Plein jour,Hors agglomération,Hors intersection,Normale,Deux véhicules - frontale,,,,,,,,,,,1,1,1,1,1
200700074009,0007-11-06 07:15:00,7,11,6,7,15,130,22,,43.228,5.584,Plein jour,Hors agglomération,Intersection en T,Normale,Deux véhicules - côté,,,,,,,,,,,1,1,3,1,3
200700074010,0007-11-03 13:00:00,7,11,3,13,0,130,7,,43.361,5.627,Plein jour,Hors agglomération,Hors intersection,Normale,Autre collision,,,,,,,,,,,1,1,1,1,6
200700074011,0007-11-08 07:15:00,7,11,8,7,15,130,16,,,,Plein jour,Hors agglomération,Hors intersection,Normale,Deux véhicules - frontale,,,,,,,,,,,1,1,1,1,1
200700074012,0007-11-25 19:00:00,7,11,25,19,0,130,92,CD 10,43.551,5.042,Nuit sans éclairage public,En agglomération,Autre intersection,Normale,Deux véhicules - frontale,,,,,,,,,,,3,2,9,1,1
200700074013,0007-11-24 18:30:00,7,11,24,18,30,130,53,,,,Nuit sans éclairage public,Hors agglomération,Hors intersection,Temps couvert,Deux véhicules - frontale,,,,,,,,,,,3,1,1,8,1
200700074014,0007-11-14 10:45:00,7,11,14,10,45,130,89,,,,Plein jour,Hors agglomération,Intersection en X,Normale,Deux véhicules - côté,,,,,,,,,,,1,1,2,1,3
200700074015,0007-11-01 12:30:00,7,11,1,12,30,40,122,,44.041,6.08,Plein jour,Hors agglomération,Hors intersection,Normale,Trois véhicules et plus - collisions multiples,,,,,,,,,,,1,1,1,1,5
200700074016,0007-11-07 16:45:00,7,11,7,16,45,40,116,,,,Plein jour,Hors agglomération,Hors intersection,Normale,Deux véhicules - côté,,,,,,,,,,,1,1,1,1,3
200700074017,0007-11-15 15:45:00,7,11,15,15,45,40,116,,,,Plein jour,Hors agglomération,Hors intersection,Temps couvert,Autre collision,,,,,,,,,,,1,1,1,8,6
200700074018,0007-11-16 03:15:00,7,11,16,3,15,40,220,,44.396,6.579,Nuit sans éclairage public,Hors agglomération,Hors intersection,Normale,Autre collision,,,,,,,,,,,3,1,1,1,6
200700074019,0007-11-11 09:15:00,7,11,11,9,15,40,135,,43.838,6.193,Plein jour,Hors agglomération,Hors intersection,Vent fort / tempête,Deux véhicules - frontale,,,,,,,,,,,1,1,1,6,1
200700074020,0007-11-05 18:00:00,7,11,5,18,0,40,160,,,,Crépuscule ou aube,Hors agglomération,Hors intersection,Normale,Deux véhicules - frontale,,,,,,,,,,,2,1,1,1,1
200700074021,0007-11-09 15:30:00,7,11,9,15,30,40,160,,,,Plein jour,Hors agglomération,Hors intersection,Normale,Autre collision,,,,,,,,,,,1,1,1,1,6
200700074022,0007-11-11 11:15:00,7,11,11,11,15,40,130,,44.052,5.807,Plein jour,Hors agglomération,Hors intersection,Normale,Sans collision,,,,,,,,,,,1,1,1,1,7
200700074023,0007-11-21 13:30:00,7,11,21,13,30,50,34,,44.294,5.824,Plein jour,Hors agglomération,Hors intersection,Pluie légère,Autre collision,,,,,,,,,,,1,1,1,2,6
200700074024,0007-11-25 13:45:00,7,11,25,13,45,50,167,,,,Plein jour,Hors agglomération,Hors intersection,Normale,Autre collision,,,,,,,,,,,1,1,1,1,6
200700074025,0007-11-13 15:15:00,7,11,13,15,15,50,85,Route d'Italie,,,Plein jour,En agglomération,Hors intersection,Normale,Deux véhicules - côté,,,,,,,,,,,1,2,1,1,3
200700074026,0007-11-21 09:15:00,7,11,21,9,15,50,93,,,,Plein jour,Hors agglomération,Hors intersection,Neige / grêle,Deux véhicules - frontale,,,,,,,,,,,1,1,1,4,1
200700074027,0007-11-04 11:45:00,7,11,4,11,45,50,63,,,,Plein jour,Hors agglomération,Hors intersection,Normale,Deux véhicules - frontale,,,,,,,,,,,1,1,1,1,1
200700074028,0007-11-07 08:45:00,7,11,7,8,45,50,40,,,,Plein jour,Hors agglomération,Hors intersection,Normale,Sans collision,,,,,,,,,,,1,1,1,1,7
200700074029,0007-11-13 10:30:00,7,11,13,10,30,50,17,,44.573,6.188,Plein jour,Hors agglomération,Hors intersection,Normale,Trois véhicules et plus - en chaîne,,,,,,,,,,,1,1,1,1,4
200700074030,0007-11-04 17:15:00,7,11,4,17,15,60,48,rd 15 avenue Raibertie,43.811,7.318,Plein jour,En agglomération,Hors intersection,Normale,Deux véhicules - frontale,,,,,,,,,,,1,2,1,1,1
200700074031,0007-11-11 12:15:00,7,11,11,12,15,60,114,,,,Plein jour,Hors agglomération,Hors intersection,Normale,Deux véhicules - frontale,,,,,,,,,,,1,1,1,1,1
200700074032,0007-11-22 18:30:00,7,11,22,18,30,60,103,QT GORDOLON,,,Nuit avec éclairage allumé,En agglomération,Hors intersection,Pluie légère,Autre collision,,,,,,,,,,,5,2,1,2,6
200700074033,0007-11-03 05:30:00,7,11,3,5,30,60,149,PENETRANTE DU PAILLON,43.744,7.309,Nuit avec éclairage allumé,En agglomération,Hors intersection,Normale,Sans collision,,,,,,,,,,,5,2,1,1,7
200700074034,0007-11-14 07:45:00,7,11,14,7,45,60,149,22 bd Général de Gaulle,43.739,7.308,Plein jour,En agglomération,Hors intersection,Normale,Trois véhicules et plus - collisions multiples,,,,,,,,,,,1,2,1,1,5
200700074035,0007-11-04 03:45:00,7,11,4,3,45,60,161,,43.627,7.133,Nuit avec éclairage allumé,Hors agglomération,Hors intersection,Normale,Deux véhicules - arrière,,,,,,,,,,,5,1,1,1,2
200700074036,0007-11-09 22:45:00,7,11,9,22,45,60,161,RD6007,43.629,7.116,Nuit avec éclairage allumé,En agglomération,Hors intersection,Normale,Autre collision,,,,,,,,,,,5,2,1,1,6
200700074037,0007-11-17 22:30:00,7,11,17,22,30,60,161,RN6098,,,Nuit avec éclairage allumé,En agglomération,Hors intersection,Normale,Deux véhicules - arrière,,,,,,,,,,,5,2,1,1,2
200700074038,0007-11-21 07:45:00,7,11,21,7,45,60,161,Avenue de la Libération,,,Crépuscule ou aube,En agglomération,Hors intersection,Normale,Deux véhicules - frontale,,,,,,,,,,,2,2,1,1,1
200700074039,0007-11-28 18:00:00,7,11,28,18,0,60,161,,43.642,7.134,Nuit avec éclairage allumé,Hors agglomération,Hors intersection,Normale,Deux véhicules - côté,,,,,,,,,,,5,1,1,1,3
200700074040,0007-11-30 17:00:00,7,11,30,17,0,60,161,,43.666,7.125,Plein jour,En agglomération,Hors intersection,Temps éblouissant,Autre collision,,,,,,,,,,,1,2,1,7,6
200700074041,0007-11-27 17:45:00,7,11,27,17,45,60,161,,,,Nuit avec éclairage allumé,Hors agglomération,Hors intersection,Normale,Deux véhicules - arrière,,,,,,,,,,,5,1,1,1,2
200700074042,0007-11-05 17:30:00,7,11,5,17,30,60,79,,,,Nuit avec éclairage allumé,En agglomération,Hors intersection,Normale,Autre collision,,,,,,,,,,,5,2,1,1,6
200700074043,0007-11-28 17:45:00,7,11,28,17,45,60,140,Route de Draguignan d256,,,Nuit avec éclairage allumé,En agglomération,Hors intersection,Normale,Autre collision,,,,,,,,,,,5,2,1,1,6
200700074044,0007-11-16 22:00:00,7,11,16,22,0,60,95,,,,Nuit avec éclairage allumé,En agglomération,Hors intersection,Normale,Autre collision,,,,,,,,,,,5,2,1,1,6
200700074045,0007-11-25 13:00:00,7,11,25,13,0,60,65,,43.731,7.17,Plein jour,Hors agglomération,Hors intersection,Normale,Autre collision,,,,,,,,,,,1,1,1,1,6
200700074046,0007-11-05 16:45:00,7,11,5,16,45,60,33,ZI 1ERE AVE,,,Plein jour,En agglomération,Hors intersection,Normale,Autre collision,,,,,,,,,,,1,2,1,1,6
200700074047,0007-11-28 18:00:00,7,11,28,18,0,60,64,,,,Crépuscule ou aube,Hors agglomération,Hors intersection,Normale,Trois véhicules et plus - en chaîne,,,,,,,,,,,2,1,1,1,4
200700074048,0007-11-26 17:30:00,7,11,26,17,30,60,136,Chemin de Suès,43.88,7.456,Nuit avec éclairage non allumé,En agglomération,Hors intersection,Normale,Autre collision,,,,,,,,,,,4,2,1,1,6
200700074049,0007-11-21 09:15:00,7,11,21,9,15,60,78,,43.926,7.155,Plein jour,Hors agglomération,Hors intersection,Pluie légère,Sans collision,,,,,,,,,,,1,1,1,2,7
200700074050,0007-11-03 11:45:00,7,11,3,11,45,830,4,,,,Plein jour,Hors agglomération,Hors intersection,Normale,Deux véhicules - côté,,,,,,,,,,,1,1,1,1,3
200700074051,0007-11-04 19:00:00,7,11,4,19,0,830,4,,,,Nuit sans éclairage public,Hors agglomération,Hors intersection,Normale,Deux véhicules - côté,,,,,,,,,,,3,1,1,1,3
200700074052,0007-11-03 14:15:00,7,11,3,14,15,830,40,,,,Plein jour,Hors agglomération,Hors intersection,Normale,Sans collision,,,,,,,,,,,1,1,1,1,7
200700074053,0007-11-21 11:45:00,7,11,21,11,45,830,55,,,,Plein jour,Hors agglomération,Hors intersection,Pluie légère,Deux véhicules - côté,,,,,,,,,,,1,1,1,2,3
200700074054,0007-11-23 17:30:00,7,11,23,17,30,830,58,,,,Crépuscule ou aube,Hors agglomération,Hors intersection,Pluie forte,Deux véhicules - frontale,,,,,,,,,,,2,1,1,3,1
200700074055,0007-11-26 11:30:00,7,11,26,11,30,830,7,,,,Plein jour,En agglomération,Hors intersection,Normale,Deux véhicules - côté,,,,,,,,,,,1,2,1,1,3
200700074056,0007-11-19 18:15:00,7,11,19,18,15,830,23,,,,Nuit sans éclairage public,Hors agglomération,Hors intersection,Normale,Deux véhicules - frontale,,,,,,,,,,,3,1,1,1,1
200700074057,0007-11-25 17:45:00,7,11,25,17,45,830,143,,,,Nuit sans éclairage public,Hors agglomération,Hors intersection,Normale,Trois véhicules et plus - collisions multiples,,,,,,,,,,,3,1,1,1,5
200700074058,0007-11-26 20:00:00,7,11,26,20,0,830,23,ancien chemin de Camps,,,Nuit avec éclairage allumé,En agglomération,Hors intersection,Normale,Deux véhicules - frontale,,,,,,,,,,,5,2,1,1,1
200700074059,0007-11-24 08:00:00,7,11,24,8,0,830,116,,,,Plein jour,Hors agglomération,Hors intersection,Normale,Deux véhicules - arrière,,,,,,,,,,,1,1,1,1,2
200700074060,0007-11-25 19:30:00,7,11,25,19,30,830,61,rond point des harkis,,,Plein jour,En agglomération,Giratoire,Normale,Deux véhicules - frontale,,,,,,,,,,,1,2,6,1,1
200700074061,0007-11-02 20:30:00,7,11,2,20,30,830,36,rue Frédéric Mistral,,,Nuit avec éclairage allumé,En agglomération,Hors intersection,Normale,Deux véhicules - côté,,,,,,,,,,,5,2,1,1,3
200700074062,0007-11-01 04:15:00,7,11,1,4,15,830,79,,,,Nuit sans éclairage public,Hors agglomération,Hors intersection,Normale,Sans collision,,,,,,,,,,,3,1,1,1,7
200700074063,0007-11-03 06:00:00,7,11,3,6,0,830,63,,,,Crépuscule ou aube,Hors agglomération,Hors intersection,Normale,Autre collision,,,,,,,,,,,2,1,1,1,6
200700074064,0007-11-05 14:45:00,7,11,5,14,45,830,42,rue carnot,,,Plein jour,En agglomération,Autre intersection,Normale,Deux véhicules - côté,,,,,,,,,,,1,2,9,1,3
200700074065,0007-11-18 15:30:00,7,11,18,15,30,830,63,,,,Plein jour,Hors agglomération,Hors intersection,Normale,Deux véhicules - côté,,,,,,,,,,,1,1,1,1,3
200700074066,0007-11-03 03:30:00,7,11,3,3,30,830,65,,,,Nuit sans éclairage public,Hors agglomération,Hors intersection,Normale,Autre collision,,,,,,,,,,,3,1,1,1,6
200700074067,0007-11-12 11:00:00,7,11,12,11,0,830,119,rte de la belle isnarde,43.271,6.646,Plein jour,En agglomération,Hors intersection,Temps éblouissant,Deux véhicules - côté,,,,,,,,,,,1,2,1,7,3
200700074068,0007-11-03 13:00:00,7,11,3,13,0,830,35,,,,Plein jour,Hors agglomération,Intersection en X,Normale,Deux véhicules - côté,,,,,,,,,,,1,1,2,1,3
200700074069,0007-11-10 11:15:00,7,11,10,11,15,830,91,,,,Plein jour,Hors agglomération,Hors intersection,Normale,Trois véhicules et plus - collisions multiples,,,,,,,,,,,1,1,1,1,5
200700074070,0007-11-30 08:45:00,7,11,30,8,45,830,49,rue Gabriel Péri,,,Plein jour,En agglomération,Hors intersection,Normale,Deux véhicules - côté,,,,,,,,,,,1,2,1,1,3
200700074071,0007-11-17 20:45:00,7,11,17,20,45,830,47,avenue Jean Monet,43.122,6.082,Nuit avec éclairage allumé,En agglomération,Hors intersection,Normale,Deux véhicules - côté,,,,,,,,,,,5,2,1,1,3
200700074072,0007-11-12 18:00:00,7,11,12,18,0,830,71,,,,Crépuscule ou aube,Hors agglomération,Hors intersection,Normale,Deux véhicules - frontale,,,,,,,,,,,2,1,1,1,1
200700074073,0007-11-11 14:00:00,7,11,11,14,0,840,36,,,,Plein jour,Hors agglomération,Passage à niveau,Normale,Autre collision,,,,,,,,,,,1,1,8,1,6
200700074074,0007-11-23 23:45:00,7,11,23,23,45,840,34,,43.897,4.95,Nuit sans éclairage public,Hors agglomération,Hors intersection,Normale,Deux véhicules - frontale,,,,,,,,,,,3,1,1,1,1
200700074075,0007-11-25 16:30:00,7,11,25,16,30,840,132,,43.941,4.996,Crépuscule ou aube,Hors agglomération,Hors intersection,Normale,Deux véhicules - frontale,,,,,,,,,,,2,1,1,1,1
200700074076,0007-11-19 13:00:00,7,11,19,13,0,840,54,avenue jean Bouin -,,,Plein jour,En agglomération,Hors intersection,Normale,Autre collision,,,,,,,,,,,1,2,1,1,6
200700074077,0007-11-12 08:45:00,7,11,12,8,45,840,92,,,,Plein jour,Hors agglomération,Hors intersection,Normale,Trois véhicules et plus - en chaîne,,,,,,,,,,,1,1,1,1,4
200700074078,0007-11-17 10:00:00,7,11,17,10,0,840,92,RUE FRANCOIS LASCOURS,,,Nuit avec éclairage allumé,En agglomération,Hors intersection,Normale,Deux véhicules - frontale,,,,,,,,,,,5,2,1,1,1
200700074079,0007-11-23 16:30:00,7,11,23,16,30,840,92,ROND POINT BECQ AUCHAN,,,Plein jour,En agglomération,Hors intersection,Normale,Autre collision,,,,,,,,,,,1,2,1,1,6
200700074080,0007-11-07 11:30:00,7,11,7,11,30,840,3,22  Parc SOLLIER,43.884,5.394,Plein jour,En agglomération,Hors intersection,Normale,Autre collision,,,,,,,,,,,1,2,1,1,6
200700074081,0007-11-16 21:30:00,7,11,16,21,30,840,3,,,,Nuit avec éclairage allumé,En agglomération,Hors intersection,Normale,Deux véhicules - côté,,,,,,,,,,,5,2,1,1,3
200700074082,0007-11-16 10:30:00,7,11,16,10,30,840,26,Cours Voltaire,,,Plein jour,En agglomération,Hors intersection,Normale,Autre collision,,,,,,,,,,,1,2,1,1,6
200700074083,0007-11-16 23:45:00,7,11,16,23,45,840,102,,43.881,5.286,Nuit sans éclairage public,Hors agglomération,Hors intersection,Normale,Autre collision,,,,,,,,,,,3,1,1,1,6
200700074084,0007-11-30 16:15:00,7,11,30,16,15,840,52,,,,Plein jour,Hors agglomération,Hors intersection,Normale,Sans collision,,,,,,,,,,,1,1,1,1,7
200700074085,0007-11-29 08:15:00,7,11,29,8,15,840,67,CD 950 Rte de Carpentras,,,Plein jour,En agglomération,Hors intersection,Normale,Deux véhicules - arrière,,,,,,,,,,,1,2,1,1,2
200700074086,0007-11-10 12:15:00,7,11,10,12,15,840,17,,,,Plein jour,En agglomération,Hors intersection,Normale,Trois véhicules et plus - collisions multiples,,,,,,,,,,,1,2,1,1,5
200700074087,0007-11-14 18:30:00,7,11,14,18,30,840,88,,43.974,4.983,Nuit sans éclairage public,Hors agglomération,Hors intersection,Normale,Deux véhicules - frontale,,,,,,,,,,,3,1,1,1,1
200700074088,0007-11-15 15:00:00,7,11,15,15,0,840,91,chemin des Grandes Combe,,,Plein jour,En agglomération,Hors intersection,Normale,Deux véhicules - côté,,,,,,,,,,,1,2,1,1,3
200700074089,0007-11-04 18:00:00,7,11,4,18,0,840,78,,,,Plein jour,En agglomération,Hors intersection,Normale,Deux véhicules - frontale,,,,,,,,,,,1,2,1,1,1
200700074090,0007-11-10 05:15:00,7,11,10,5,15,840,19,Avenue Emile LACHAUX,,,Nuit sans éclairage public,En agglomération,Hors intersection,Normale,Autre collision,,,,,,,,,,,3,2,1,1,6
200700074091,0007-11-10 18:30:00,7,11,10,18,30,840,19,,44.302,4.755,Nuit avec éclairage allumé,En agglomération,Hors intersection,Normale,Deux véhicules - côté,,,,,,,,,,,5,2,1,1,3
200700074092,0007-11-16 21:30:00,7,11,16,21,30,840,78,,44.25,4.732,Nuit sans éclairage public,Hors agglomération,Hors intersection,Normale,Deux véhicules - frontale,,,,,,,,,,,3,1,1,1,1
200700074093,0007-11-09 01:15:00,7,11,9,1,15,840,137,AVENUE MARTIGNY,,,Nuit avec éclairage allumé,En agglomération,Hors intersection,Normale,Sans collision,,,,,,,,,,,5,2,1,1,7
200700074094,0007-11-24 18:30:00,7,11,24,18,30,840,137,chemin de roche double,,,Nuit sans éclairage public,En agglomération,Hors intersection,Normale,Deux véhicules - frontale,,,,,,,,,,,3,2,1,1,1
200700074095,0007-11-17 05:15:00,7,11,17,5,15,840,97,,,,Nuit sans éclairage public,Hors agglomération,Hors intersection,Normale,Autre collision,,,,,,,,,,,3,1,1,1,6
200700074096,0007-11-21 13:45:00,7,11,21,13,45,840,97,,,,Plein jour,Hors agglomération,Hors intersection,Normale,Deux véhicules - côté,,,,,,,,,,,1,1,1,1,3
200700074097,0007-11-19 19:15:00,7,11,19,19,15,340,327,RD610 / Avenue des Bigos,43.657,3.962,Nuit sans éclairage public,En agglomération,Hors intersection,Normale,Deux véhicules - côté,,,,,,,,,,,3,2,1,1,3
200700074098,0007-11-26 08:30:00,7,11,26,8,30,340,22,,,,Plein jour,En agglomération,Intersection en T,Normale,Deux véhicules - côté,,,,,,,,,,,1,2,3,1,3
200700074099,0007-11-29 18:45:00,7,11,29,18,45,340,327,,43.648,3.952,Nuit avec éclairage allumé,Hors agglomération,Intersection en T,Normale,Deux véhicules - côté,,,,,,,,,,,5,1,3,1,3
200700074100,0007-11-15 17:45:00,7,11,15,17,45,340,145,avenue de lattre de Tass,,,Nuit avec éclairage allumé,En agglomération,Hors intersection,Normale,Deux véhicules - côté,,,,,,,,,,,5,2,1,1,3
200700074101,0007-11-23 18:15:00,7,11,23,18,15,340,145,,,,Nuit sans éclairage public,En agglomération,Hors intersection,Normale,Deux véhicules - côté,,,,,,,,,,,3,2,1,1,3
200700074102,0007-11-23 18:15:00,7,11,23,18,15,340,145,avenue general de gaulle,,,Nuit avec éclairage allumé,En agglomération,Hors intersection,Normale,Deux véhicules - arrière,,,,,,,,,,,5,2,1,1,2
200700074103,0007-11-03 04:30:00,7,11,3,4,30,340,176,,43.64,4.055,Nuit sans éclairage public,Hors agglomération,Hors intersection,Normale,Autre collision,,,,,,,,,,,3,1,1,1,6
200700074104,0007-11-10 16:45:00,7,11,10,16,45,340,322,,43.818,3.858,Plein jour,Hors agglomération,Hors intersection,Normale,Autre collision,,,,,,,,,,,1,1,1,1,6
200700074105,0007-11-05 00:30:00,7,11,5,0,30,340,223,RUE DU COLOMBIER,43.442,3.211,Nuit avec éclairage allumé,En agglomération,Intersection en X,Normale,Deux véhicules - côté,,,,,,,,,,,5,2,2,1,3
200700074106,0007-11-11 08:00:00,7,11,11,8,0,340,140,la malhaute,43.393,3.166,Plein jour,En agglomération,Hors intersection,Normale,Deux véhicules - frontale,,,,,,,,,,,1,2,1,1,1
200700074107,0007-11-12 08:45:00,7,11,12,8,45,340,21,,43.46,2.897,Plein jour,Hors agglomération,Hors intersection,Normale,Sans collision,,,,,,,,,,,1,1,1,1,7
200700074108,0007-11-03 11:30:00,7,11,3,11,30,340,166,47 rue Fontaine Vieille,,,Plein jour,En agglomération,Hors intersection,Normale,Autre collision,,,,,,,,,,,1,2,1,1,6
200700074109,0007-11-04 06:00:00,7,11,4,6,0,340,315,,,,Nuit sans éclairage public,Hors agglomération,Hors intersection,Normale,Autre collision,,,,,,,,,,,3,1,1,1,6
200700074110,0007-11-19 12:15:00,7,11,19,12,15,340,289,Bd de la Lisse,43.399,3.417,Plein jour,En agglomération,Hors intersection,Normale,Autre collision,,,,,,,,,,,1,2,1,1,6
200700074111,0007-11-07 16:15:00,7,11,7,16,15,340,300,,43.388,3.308,Plein jour,Hors agglomération,Hors intersection,Normale,Deux véhicules - frontale,,,,,,,,,,,1,1,1,1,1
200700074112,0007-11-09 12:30:00,7,11,9,12,30,340,224,,43.468,3.247,Plein jour,Hors agglomération,Intersection en X,Normale,Deux véhicules - côté,,,,,,,,,,,1,1,2,1,3
200700074113,0007-11-17 01:30:00,7,11,17,1,30,340,214,,43.49,3.293,Nuit sans éclairage public,Hors agglomération,Hors intersection,Normale,Autre collision,,,,,,,,,,,3,1,1,1,6
200700074114,0007-11-23 14:00:00,7,11,23,14,0,340,299,,43.279,3.285,Plein jour,Hors agglomération,Giratoire,Normale,Deux véhicules - arrière,,,,,,,,,,,1,1,6,1,2
200700074115,0007-11-01 19:15:00,7,11,1,19,15,340,142,,,,Nuit sans éclairage public,Hors agglomération,Hors intersection,Normale,Autre collision,,,,,,,,,,,3,1,1,1,6
200700074116,0007-11-09 22:30:00,7,11,9,22,30,340,180,,43.619,3.437,Nuit sans éclairage public,Hors agglomération,Hors intersection,Normale,Deux véhicules - arrière,,,,,,,,,,,3,1,1,1,2
200700074117,0007-11-11 14:30:00,7,11,11,14,30,340,281,,43.541,3.552,Plein jour,Hors agglomération,Hors intersection,Normale,Sans collision,,,,,,,,,,,1,1,1,1,7
200700074118,0007-11-23 07:15:00,7,11,23,7,15,340,281,56 Avenue de la Gare,43.533,3.523,Crépuscule ou aube,En agglomération,Hors intersection,Normale,Deux véhicules - arrière,,,,,,,,,,,2,2,1,1,2
200700074119,0007-11-14 17:00:00,7,11,14,17,0,340,16,,,,Plein jour,Hors agglomération,Hors intersection,Normale,Autre collision,,,,,,,,,,,1,1,1,1,6
200700074120,0007-11-08 18:00:00,7,11,8,18,0,340,157,"RD 613, pont du Pallas",43.437,3.615,Nuit sans éclairage public,En agglomération,Hors intersection,Normale,Deux véhicules - arrière,,,,,,,,,,,3,2,1,1,2
200700074121,0007-11-17 16:00:00,7,11,17,16,0,340,213,,43.471,3.685,Plein jour,Hors agglomération,Hors intersection,Normale,Deux véhicules - frontale,,,,,,,,,,,1,1,1,1,1
200700074122,0007-11-05 16:30:00,7,11,5,16,30,110,416,,43.282,2.458,Plein jour,Hors agglomération,Hors intersection,Normale,Deux véhicules - frontale,,,,,,,,,,,1,1,1,1,1