accident_id,datetime,annee,mois,jour,heure,minute,departement,commune_insee,adresse,latitude,longitude,luminosite,agglomeration,intersection,meteo,collision,nb_vehicules,nb_usagers,nb_indemnes,nb_tues,nb_blesses_hosp,nb_blesses_legers,age_cond_1,age_cond_2,veh_type_cond_1,veh_type_cond_2,lum_code,agg_code,int_code,atm_code,col_code
200700074123,0007-11-22 01:30:00,7,11,22,1,30,110,298,,43.137,2.529,Nuit sans éclairage public,Hors agglomération,Hors intersection,Brouillard / fumée,Sans collision,,,,,,,,,,,3,1,1,5,7
200700074124,0007-11-18 13:15:00,7,11,18,13,15,110,234,,43.258,1.962,Plein jour,Hors agglomération,Hors intersection,Normale,Autre collision,,,,,,,,,,,1,1,1,1,6
200700074125,0007-11-21 18:45:00,7,11,21,18,45,110,225,,43.342,1.879,Nuit sans éclairage public,Hors agglomération,Hors intersection,Pluie légère,Deux véhicules - frontale,,,,,,,,,,,3,1,1,2,1
200700074126,0007-11-16 17:30:00,7,11,16,17,30,110,206,AVENUE DU LAURAGAIS,43.07,2.215,Plein jour,En agglomération,Hors intersection,Normale,Sans collision,,,,,,,,,,,1,2,1,1,7
200700074127,0007-11-16 18:00:00,7,11,16,18,0,110,264,,,,Nuit sans éclairage public,Hors agglomération,Hors intersection,Normale,Trois véhicules et plus - collisions multiples,,,,,,,,,,,3,1,1,1,5
200700074128,0007-11-19 17:45:00,7,11,19,17,45,110,441,VINASSAN,,,Nuit sans éclairage public,En agglomération,Hors intersection,Normale,Deux véhicules - frontale,,,,,,,,,,,3,2,1,1,1
200700074129,0007-11-10 20:00:00,7,11,10,20,0,110,421,RN113,,,Nuit avec éclairage allumé,En agglomération,Hors intersection,Normale,Autre collision,,,,,,,,,,,5,2,1,1,6
200700074130,0007-11-20 19:30:00,7,11,20,19,30,110,40,,,,Nuit sans éclairage public,Hors agglomération,Intersection en T,Temps couvert,Trois véhicules et plus - collisions multiples,,,,,,,,,,,3,1,3,8,5
200700074131,0007-11-22 07:45:00,7,11,22,7,45,110,203,rue Marcou,43.204,2.754,Plein jour,En agglomération,Intersection en T,Temps couvert,Deux véhicules - côté,,,,,,,,,,,1,2,3,8,3
200700074132,0007-11-26 12:00:00,7,11,26,12,0,110,203,D 6113,,,Plein jour,En agglomération,Hors intersection,Normale,Deux véhicules - côté,,,,,,,,,,,1,2,1,1,3
200700074133,0007-11-08 16:45:00,7,11,8,16,45,110,266,,,,Plein jour,Hors agglomération,Hors intersection,Vent fort / tempête,Deux véhicules - arrière,,,,,,,,,,,1,1,1,6,2
200700074134,0007-11-04 16:30:00,7,11,4,16,30,300,341,,43.551,4.351,Plein jour,Hors agglomération,Hors intersection,Normale,Deux véhicules - arrière,,,,,,,,,,,1,1,1,1,2
200700074135,0007-11-24 15:45:00,7,11,24,15,45,300,324,,,,Plein jour,Hors agglomération,Hors intersection,Normale,Autre collision,,,,,,,,,,,1,1,1,1,6
200700074136,0007-11-11 16:45:00,7,11,11,16,45,300,324,,,,Plein jour,Hors agglomération,Hors intersection,Normale,Deux véhicules - côté,,,,,,,,,,,1,1,1,1,3
200700074137,0007-11-11 04:30:00,7,11,11,4,30,300,257,,43.881,4.471,Nuit avec éclairage allumé,En agglomération,Intersection en X,Normale,Deux véhicules - côté,,,,,,,,,,,5,2,2,1,3
200700074138,0007-11-02 16:30:00,7,11,2,16,30,300,258,,,,Plein jour,En agglomération,Hors intersection,Normale,Autre collision,,,,,,,,,,,1,2,1,1,6
200700074139,0007-11-06 09:45:00,7,11,6,9,45,300,258,,,,Plein jour,En agglomération,Hors intersection,Normale,Autre collision,,,,,,,,,,,1,2,1,1,6
200700074140,0007-11-02 19:15:00,7,11,2,19,15,300,169,,43.772,4.326,Nuit sans éclairage public,Hors agglomération,Hors intersection,Normale,Deux véhicules - frontale,,,,,,,,,,,3,1,1,1,1
200700074141,0007-11-10 22:30:00,7,11,10,22,30,300,341,RUE DES CASERNES,43.703,4.279,Nuit avec éclairage allumé,En agglomération,Hors intersection,Normale,Autre collision,,,,,,,,,,,5,2,1,1,6
200700074142,0007-11-25 13:00:00,7,11,25,13,0,300,36,,43.756,4.268,Plein jour,Hors agglomération,Hors intersection,Normale,Autre collision,,,,,,,,,,,1,1,1,1,6
200700074143,0007-11-29 01:30:00,7,11,29,1,30,300,347,,43.727,4.254,Nuit sans éclairage public,Hors agglomération,Hors intersection,Normale,Autre collision,,,,,,,,,,,3,1,1,1,6
200700074144,0007-11-11 13:45:00,7,11,11,13,45,300,10,Rue lu Luxembourg,44.054,3.988,Plein jour,En agglomération,Intersection en T,Normale,Deux véhicules - frontale,,,,,,,,,,,1,2,3,1,1
200700074145,0007-11-13 20:45:00,7,11,13,20,45,300,10,,,,Nuit sans éclairage public,Hors agglomération,Hors intersection,Normale,Autre collision,,,,,,,,,,,3,1,1,1,6
200700074146,0007-11-17 18:30:00,7,11,17,18,30,300,162,CD 907 - PK 32800,44.03,4.024,Nuit avec éclairage allumé,En agglomération,Hors intersection,Normale,Trois véhicules et plus - collisions multiples,,,,,,,,,,,5,2,1,1,5
200700074147,0007-11-30 19:15:00,7,11,30,19,15,300,51,Route de la plaine,44.225,3.991,Crépuscule ou aube,En agglomération,Hors intersection,Normale,Deux véhicules - frontale,,,,,,,,,,,2,2,1,1,1
200700074148,0007-11-02 19:45:00,7,11,2,19,45,300,284,route de Saint Ambroix,44.158,4.091,Nuit avec éclairage allumé,En agglomération,Hors intersection,Normale,Autre collision,,,,,,,,,,,5,2,1,1,6
200700074149,0007-11-04 11:15:00,7,11,4,11,15,300,77,,44.165,4.057,Plein jour,Hors agglomération,Hors intersection,Normale,Deux véhicules - côté,,,,,,,,,,,1,1,1,1,3
200700074150,0007-11-04 18:15:00,7,11,4,18,15,300,223,,44.192,4.129,Crépuscule ou aube,Hors agglomération,Hors intersection,Pluie légère,Autre collision,,,,,,,,,,,2,1,1,2,6
200700074151,0007-11-29 22:15:00,7,11,29,22,15,300,294,,44.164,4.153,Nuit sans éclairage public,Hors agglomération,Hors intersection,Normale,Sans collision,,,,,,,,,,,3,1,1,1,7
200700074152,0007-11-29 18:00:00,7,11,29,18,0,300,259,,44.103,4.141,Nuit sans éclairage public,Hors agglomération,Hors intersection,Normale,Autre collision,,,,,,,,,,,3,1,1,1,6
200700074153,0007-11-03 11:30:00,7,11,3,11,30,300,79,,,,Plein jour,Hors agglomération,Hors intersection,Normale,Deux véhicules - côté,,,,,,,,,,,1,1,1,1,3
200700074154,0007-11-24 04:45:00,7,11,24,4,45,300,8,,44.207,4.249,Nuit sans éclairage public,Hors agglomération,Hors intersection,Normale,Autre collision,,,,,,,,,,,3,1,1,1,6
200700074155,0007-11-28 07:00:00,7,11,28,7,0,300,227,Ave Docteur bastide,,,Crépuscule ou aube,En agglomération,Hors intersection,Normale,Autre collision,,,,,,,,,,,2,2,1,1,6
200700074156,0007-11-15 18:00:00,7,11,15,18,0,300,273,,,,Nuit sans éclairage public,Hors agglomération,Hors intersection,Vent fort / tempête,Autre collision,,,,,,,,,,,3,1,1,6,6
200700074157,0007-11-18 00:45:00,7,11,18,0,45,300,70,,,,Nuit sans éclairage public,Hors agglomération,Hors intersection,Normale,Autre collision,,,,,,,,,,,3,1,1,1,6
200700074158,0007-11-22 19:15:00,7,11,22,19,15,300,288,Route Nationale 86,,,Nuit avec éclairage allumé,En agglomération,Hors intersection,Pluie forte,Deux véhicules - côté,,,,,,,,,,,5,2,1,3,3
200700074159,0007-11-23 18:45:00,7,11,23,18,45,300,202,,,,Nuit sans éclairage public,Hors agglomération,Hors intersection,Normale,Deux véhicules - frontale,,,,,,,,,,,3,1,1,1,1
200700074160,0007-11-08 10:00:00,7,11,8,10,0,300,207,,44.047,4.565,Plein jour,Hors agglomération,Hors intersection,Normale,Autre collision,,,,,,,,,,,1,1,1,1,6
200700074161,0007-11-16 20:00:00,7,11,16,20,0,300,207,,44.05,4.575,Crépuscule ou aube,Hors agglomération,Hors intersection,Normale,Autre collision,,,,,,,,,,,2,1,1,1,6
200700074162,0007-11-19 16:45:00,7,11,19,16,45,300,12,,43.897,4.67,Plein jour,Hors agglomération,Hors intersection,Normale,Deux véhicules - côté,,,,,,,,,,,1,1,1,1,3
200700074163,0007-11-29 20:00:00,7,11,29,20,0,300,336,,,,Nuit sans éclairage public,Hors agglomération,Hors intersection,Normale,Deux véhicules - frontale,,,,,,,,,,,3,1,1,1,1
200700074164,0007-11-20 18:00:00,7,11,20,18,0,300,179,,43.887,4.597,Nuit sans éclairage public,Hors agglomération,Hors intersection,Normale,Sans collision,,,,,,,,,,,3,1,1,1,7
200700074165,0007-11-09 17:45:00,7,11,9,17,45,300,217,CD 111,,,Nuit avec éclairage allumé,En agglomération,Hors intersection,Normale,Deux véhicules - frontale,,,,,,,,,,,5,2,1,1,1
200700074166,0007-11-01 13:45:00,7,11,1,13,45,300,210,,43.937,4.003,Plein jour,Hors agglomération,Hors intersection,Normale,Deux véhicules - frontale,,,,,,,,,,,1,1,1,1,1
200700074167,0007-11-07 14:45:00,7,11,7,14,45,480,80,BD DEGAULLE,44.73,3.856,Plein jour,En agglomération,Hors intersection,Normale,Autre collision,,,,,,,,,,,1,2,1,1,6
200700074168,0007-11-16 16:00:00,7,11,16,16,0,480,84,,44.81,3.677,Plein jour,Hors agglomération,Hors intersection,Temps couvert,Autre collision,,,,,,,,,,,1,1,1,8,6
200700074169,0007-11-04 05:00:00,7,11,4,5,0,480,156,,,,Nuit sans éclairage public,Hors agglomération,Hors intersection,Normale,Autre collision,,,,,,,,,,,3,1,1,1,6
200700074170,0007-11-14 08:00:00,7,11,14,8,0,480,188,,44.718,3.374,Crépuscule ou aube,Hors agglomération,Hors intersection,Neige / grêle,Sans collision,,,,,,,,,,,2,1,1,4,7
200700074171,0007-11-17 02:30:00,7,11,17,2,30,480,140,,,,Nuit sans éclairage public,Hors agglomération,Hors intersection,Normale,Autre collision,,,,,,,,,,,3,1,1,1,6
200700074172,0007-11-28 15:15:00,7,11,28,15,15,660,59,,,,Plein jour,Hors agglomération,Hors intersection,Normale,Deux véhicules - arrière,,,,,,,,,,,1,1,1,1,2
200700074173,0007-11-22 08:00:00,7,11,22,8,0,660,164,,,,Plein jour,Hors agglomération,Hors intersection,Normale,Autre collision,,,,,,,,,,,1,1,1,1,6
200700074174,0007-11-09 16:45:00,7,11,9,16,45,660,212,Chemin du Gantal,42.761,3.0,Plein jour,En agglomération,Hors intersection,Normale,Autre collision,,,,,,,,,,,1,2,1,1,6
200700074175,0007-11-03 11:00:00,7,11,3,11,0,660,9,rue Magnard,,,Plein jour,En agglomération,Hors intersection,Normale,Autre collision,,,,,,,,,,,1,2,1,1,6
200700074176,0007-11-11 13:00:00,7,11,11,13,0,660,24,,,,Plein jour,Hors agglomération,Hors intersection,Normale,Deux véhicules - frontale,,,,,,,,,,,1,1,1,1,1
200700074177,0007-11-03 09:45:00,7,11,3,9,45,660,16,avenue de la république,,,Plein jour,En agglomération,Hors intersection,Normale,Autre collision,,,,,,,,,,,1,2,1,1,6
200700074178,0007-11-06 20:00:00,7,11,6,20,0,660,148,,,,Nuit sans éclairage public,Hors agglomération,Hors intersection,Normale,Autre collision,,,,,,,,,,,3,1,1,1,6
200700074179,0007-11-18 16:30:00,7,11,18,16,30,660,36,,,,Plein jour,Hors agglomération,Hors intersection,Normale,Deux véhicules - côté,,,,,,,,,,,1,1,1,1,3
200700074180,0007-11-23 21:00:00,7,11,23,21,0,660,4,,,,Nuit sans éclairage public,Hors agglomération,Hors intersection,Normale,Deux véhicules - frontale,,,,,,,,,,,3,1,1,1,1
200700074181,0007-11-26 09:00:00,7,11,26,9,0,201,228,le ruppione,,,Plein jour,En agglomération,Hors intersection,Normale,Deux véhicules - côté,,,,,,,,,,,1,2,1,1,3
200700074182,0007-11-05 18:15:00,7,11,5,18,15,201,345,,,,Nuit sans éclairage public,Hors agglomération,Hors intersection,Normale,Deux véhicules - frontale,,,,,,,,,,,3,1,1,1,1
200700074183,0007-11-08 17:45:00,7,11,8,17,45,201,247,,,,Crépuscule ou aube,Hors agglomération,Hors intersection,Normale,Autre collision,,,,,,,,,,,2,1,1,1,6
200700074184,0007-11-03 19:15:00,7,11,3,19,15,202,148,,42.546,9.517,Nuit sans éclairage public,Hors agglomération,Hors intersection,Normale,Autre collision,,,,,,,,,,,3,1,1,1,6
200700074185,0007-11-14 17:15:00,7,11,14,17,15,202,42,,42.565,9.443,Nuit avec éclairage allumé,En agglomération,Hors intersection,Normale,Autre collision,,,,,,,,,,,5,2,1,1,6
200700074186,0007-11-26 07:45:00,7,11,26,7,45,202,350,,42.525,9.4,Plein jour,Hors agglomération,Hors intersection,Normale,Deux véhicules - côté,,,,,,,,,,,1,1,1,1,3
200700074187,0007-11-14 12:30:00,7,11,14,12,30,202,173,,,,Plein jour,Hors agglomération,Hors intersection,Normale,Autre collision,,,,,,,,,,,1,1,1,1,6
200700074188,0007-11-24 19:45:00,7,11,24,19,45,202,93,,42.624,8.895,Nuit sans éclairage public,Hors agglomération,Hors intersection,Pluie légère,Deux véhicules - frontale,,,,,,,,,,,3,1,1,2,1
200700074189,0007-11-27 10:15:00,7,11,27,10,15,202,96,,42.286,9.204,Plein jour,Hors agglomération,Hors intersection,Temps éblouissant,Sans collision,,,,,,,,,,,1,1,1,7,7
200700074190,0007-11-02 13:30:00,7,11,2,13,30,202,136,,,,Plein jour,Hors agglomération,Hors intersection,Normale,Deux véhicules - côté,,,,,,,,,,,1,1,1,1,3
200700074191,0007-11-29 17:00:00,7,11,29,17,0,202,123,,,,Crépuscule ou aube,Hors agglomération,Hors intersection,Normale,Trois véhicules et plus - collisions multiples,,,,,,,,,,,2,1,1,1,5
200700074192,0007-11-30 15:30:00,7,11,30,15,30,202,207,,42.461,9.502,Plein jour,Hors agglomération,Hors intersection,Normale,Deux véhicules - arrière,,,,,,,,,,,1,1,1,1,2
200700074193,0007-11-29 07:00:00,7,11,29,7,0,780,89,chemin du port,,,Nuit avec éclairage allumé,En agglomération,Hors intersection,Temps couvert,Deux véhicules - frontale,,,,,,,,,,,5,2,1,8,1
200700074194,0007-11-11 02:30:00,7,11,11,2,30,780,567,,,,Nuit sans éclairage public,Hors agglomération,Hors intersection,Normale,Sans collision,,,,,,,,,,,3,1,1,1,7
200700074195,0007-11-16 18:00:00,7,11,16,18,0,780,209,route de Sauvage,,,Plein jour,En agglomération,Hors intersection,Normale,Autre collision,,,,,,,,,,,1,2,1,1,6
200700074196,0007-11-20 21:30:00,7,11,20,21,30,780,557,lieu dit le Petit Goulet,,,Nuit avec éclairage allumé,En agglomération,Hors intersection,Normale,Autre collision,,,,,,,,,,,5,2,1,1,6
200700074197,0007-11-04 07:30:00,7,11,4,7,30,780,3,,48.507,1.82,Crépuscule ou aube,Hors agglomération,Hors intersection,Normale,Autre collision,,,,,,,,,,,2,1,1,1,6
200700074198,0007-11-22 19:30:00,7,11,22,19,30,780,3,,48.543,1.83,Nuit sans éclairage public,Hors agglomération,Hors intersection,Temps couvert,Autre collision,,,,,,,,,,,3,1,1,8,6
200700074199,0007-11-03 15:15:00,7,11,3,15,15,780,420,CROISEMENT RD 155/RD138,48.786,1.81,Plein jour,En agglomération,Giratoire,Normale,Deux véhicules - côté,,,,,,,,,,,1,2,6,1,3
200700074200,0007-11-14 10:30:00,7,11,14,10,30,780,265,,,,Plein jour,Hors agglomération,Hors intersection,Pluie légère,Sans collision,,,,,,,,,,,1,1,1,2,7
200700074201,0007-11-14 13:30:00,7,11,14,13,30,780,84,rue des moulins,48.823,1.794,Plein jour,En agglomération,Hors intersection,Normale,Deux véhicules - frontale,,,,,,,,,,,1,2,1,1,1
200700074202,0007-11-17 03:30:00,7,11,17,3,30,780,616,,,,Nuit sans éclairage public,Hors agglomération,Hors intersection,Autre,Autre collision,,,,,,,,,,,3,1,1,9,6
200700074203,0007-11-02 00:01:00,7,11,2,0,1,910,340,,,,Nuit sans éclairage public,Hors agglomération,Hors intersection,Normale,Sans collision,,,,,,,,,,,3,1,1,1,7
200700074204,0007-11-08 09:30:00,7,11,8,9,30,910,159,,48.543,2.442,Plein jour,Hors agglomération,Hors intersection,Pluie légère,Autre collision,,,,,,,,,,,1,1,1,2,6
200700074205,0007-11-21 01:15:00,7,11,21,1,15,910,405,INTERSECTION REU ST JACQ,,,Nuit avec éclairage non allumé,En agglomération,Intersection en X,Normale,Deux véhicules - frontale,,,,,,,,,,,4,2,2,1,1
200700074206,0007-11-08 06:30:00,7,11,8,6,30,910,200,,48.458,2.015,Plein jour,Hors agglomération,Hors intersection,Temps couvert,Deux véhicules - côté,,,,,,,,,,,1,1,1,8,3
200700074207,0007-11-21 13:00:00,7,11,21,13,0,910,200,chemin du champ de cours,48.538,2.003,Plein jour,En agglomération,Hors intersection,Normale,Autre collision,,,,,,,,,,,1,2,1,1,6
200700074208,0007-11-04 04:00:00,7,11,4,4,0,910,619,,,,Nuit sans éclairage public,Hors agglomération,Hors intersection,Normale,Sans collision,,,,,,,,,,,3,1,1,1,7
200700074209,0007-11-04 15:30:00,7,11,4,15,30,910,232,rue général Leclerc,48.491,2.353,Plein jour,En agglomération,Hors intersection,Normale,Deux véhicules - côté,,,,,,,,,,,1,2,1,1,3
200700074210,0007-11-12 13:15:00,7,11,12,13,15,910,508,,48.417,2.279,Plein jour,Hors agglomération,Intersection en T,Normale,Deux véhicules - côté,,,,,,,,,,,1,1,3,1,3
200700074211,0007-11-17 02:30:00,7,11,17,2,30,910,232,"Route de Milly, CD105.",,,Nuit avec éclairage allumé,En agglomération,Hors intersection,Normale,Sans collision,,,,,,,,,,,5,2,1,1,7
200700074212,0007-11-22 08:00:00,7,11,22,8,0,910,546,,,,Plein jour,En agglomération,Hors intersection,Normale,Deux véhicules - côté,,,,,,,,,,,1,2,1,1,3
200700074213,0007-11-10 19:00:00,7,11,10,19,0,910,661,,48.707,2.258,Nuit avec éclairage non allumé,Hors agglomération,Intersection en X,Normale,Autre collision,,,,,,,,,,,4,1,2,1,6
200700074214,0007-11-03 17:15:00,7,11,3,17,15,910,207,24 rue Fernand Hébuterne,48.586,2.238,Crépuscule ou aube,En agglomération,Hors intersection,Normale,Autre collision,,,,,,,,,,,2,2,1,1,6
200700074215,0007-11-16 19:30:00,7,11,16,19,30,910,274,,,,Nuit sans éclairage public,Hors agglomération,Hors intersection,Normale,Deux véhicules - frontale,,,,,,,,,,,3,1,1,1,1
200700074216,0007-11-04 17:45:00,7,11,4,17,45,910,272,RN 306,,,Nuit avec éclairage allumé,En agglomération,Hors intersection,Normale,Deux véhicules - arrière,,,,,,,,,,,5,2,1,1,2
200700074217,0007-11-12 17:15:00,7,11,12,17,15,950,355,,,,Crépuscule ou aube,Hors agglomération,Hors intersection,Temps couvert,Autre collision,,,,,,,,,,,2,1,1,8,6
200700074218,0007-11-24 03:15:00,7,11,24,3,15,950,287,,49.139,2.044,Nuit sans éclairage public,Hors agglomération,Hors intersection,Normale,Sans collision,,,,,,,,,,,3,1,1,1,7
200700074219,0007-11-24 19:30:00,7,11,24,19,30,950,94,,,,Nuit sans éclairage public,Hors agglomération,Hors intersection,Normale,Autre collision,,,,,,,,,,,3,1,1,1,6
200700074220,0007-11-04 16:00:00,7,11,4,16,0,950,351,rue André Malraux,,,Plein jour,En agglomération,Hors intersection,Normale,Autre collision,,,,,,,,,,,1,2,1,1,6
200700074221,0007-11-08 18:15:00,7,11,8,18,15,770,107,,,,Nuit sans éclairage public,Hors agglomération,Hors intersection,Pluie légère,Deux véhicules - frontale,,,,,,,,,,,3,1,1,2,1
200700074222,0007-11-26 08:30:00,7,11,26,8,30,770,222,"CD 619, rue de troyes",,,Plein jour,En agglomération,Hors intersection,Normale,Deux véhicules - côté,,,,,,,,,,,1,2,1,1,3
200700074223,0007-11-28 07:30:00,7,11,28,7,30,770,534,,,,Nuit sans éclairage public,Hors agglomération,Hors intersection,Brouillard / fumée,Deux véhicules - côté,,,,,,,,,,,3,1,1,5,3
200700074224,0007-11-20 19:45:00,7,11,20,19,45,770,195,,48.592,2.766,Nuit sans éclairage public,Hors agglomération,Hors intersection,Pluie légère,Deux véhicules - frontale,,,,,,,,,,,3,1,1,2,1
200700074225,0007-11-08 21:00:00,7,11,8,21,0,770,413,rue de paris,48.888,2.85,Nuit avec éclairage allumé,En agglomération,Hors intersection,Pluie légère,Autre collision,,,,,,,,,,,5,2,1,2,6
200700074226,0007-11-28 19:15:00,7,11,28,19,15,770,182,19 rue du champ guillard,48.784,3.294,Nuit avec éclairage allumé,En agglomération,Hors intersection,Brouillard / fumée,Autre collision,,,,,,,,,,,5,2,1,5,6
200700074227,0007-11-10 09:00:00,7,11,10,9,0,770,290,,48.974,3.193,Plein jour,Hors agglomération,Intersection en X,Normale,Deux véhicules - côté,,,,,,,,,,,1,1,2,1,3
200700074228,0007-11-29 11:45:00,7,11,29,11,45,770,265,CD 402,,,Plein jour,En agglomération,Hors intersection,Normale,Trois véhicules et plus - collisions multiples,,,,,,,,,,,1,2,1,1,5
200700074229,0007-11-27 18:45:00,7,11,27,18,45,770,176,,48.76,3.017,Nuit sans éclairage public,Hors agglomération,Hors intersection,Normale,Deux véhicules - côté,,,,,,,,,,,3,1,1,1,3
200700074230,0007-11-13 17:45:00,7,11,13,17,45,770,192,,48.72,2.85,Nuit sans éclairage public,Hors agglomération,Hors intersection,Normale,Autre collision,,,,,,,,,,,3,1,1,1,6
200700074231,0007-11-15 19:00:00,7,11,15,19,0,770,365,départemenale 231,48.722,3.038,Nuit avec éclairage allumé,En agglomération,Hors intersection,Normale,Deux véhicules - frontale,,,,,,,,,,,5,2,1,1,1
200700074232,0007-11-18 20:45:00,7,11,18,20,45,770,264,,48.715,2.952,Nuit sans éclairage public,Hors agglomération,Hors intersection,Normale,Autre collision,,,,,,,,,,,3,1,1,1,6
200700074233,0007-11-04 05:00:00,7,11,4,5,0,770,244,,48.287,2.587,Nuit sans éclairage public,Hors agglomération,Hors intersection,Normale,Autre collision,,,,,,,,,,,3,1,1,1,6
200700074234,0007-11-01 10:15:00,7,11,1,10,15,770,153,,49.057,2.698,Plein jour,Hors agglomération,Hors intersection,Normale,Trois véhicules et plus - en chaîne,,,,,,,,,,,1,1,1,1,4
200700074235,0007-11-01 08:00:00,7,11,1,8,0,770,483,face 12 avenue Guy Denis,49.009,2.929,Plein jour,En agglomération,Hors intersection,Normale,Deux véhicules - arrière,,,,,,,,,,,1,2,1,1,2
200700074236,0007-11-19 10:45:00,7,11,19,10,45,770,173,,49.041,2.926,Plein jour,Hors agglomération,Hors intersection,Normale,Autre collision,,,,,,,,,,,1,1,1,1,6
200700074237,0007-11-20 18:00:00,7,11,20,18,0,770,32,RN 4,48.704,3.246,Nuit avec éclairage allumé,En agglomération,Hors intersection,Pluie légère,Deux véhicules - côté,,,,,,,,,,,5,2,1,2,3
200700074238,0007-11-22 15:00:00,7,11,22,15,0,770,239,,48.691,3.117,Plein jour,Hors agglomération,Hors intersection,Normale,Trois véhicules et plus - collisions multiples,,,,,,,,,,,1,1,1,1,5
200700074239,0007-11-24 02:00:00,7,11,24,2,0,770,239,,48.655,3.122,Nuit sans éclairage public,Hors agglomération,Hors intersection,Normale,Autre collision,,,,,,,,,,,3,1,1,1,6
200700074240,0007-11-06 21:15:00,7,11,6,21,15,450,8,,,,Nuit avec éclairage allumé,Hors agglomération,Autre intersection,Normale,Sans collision,,,,,,,,,,,5,1,9,1,7
200700074241,0007-11-20 19:15:00,7,11,20,19,15,450,166,,,,Nuit sans éclairage public,Hors agglomération,Hors intersection,Temps couvert,Autre collision,,,,,,,,,,,3,1,1,8,6
200700074242,0007-11-08 14:45:00,7,11,8,14,45,450,346,,,,Plein jour,Hors agglomération,Intersection en T,Normale,Deux véhicules - côté,,,,,,,,,,,1,1,3,1,3
200700074243,0007-11-30 07:00:00,7,11,30,7,0,450,142,,47.909,2.132,Nuit sans éclairage public,Hors agglomération,Intersection en T,Brouillard / fumée,Deux véhicules - côté,,,,,,,,,,,3,1,3,5,3
200700074244,0007-11-12 10:15:00,7,11,12,10,15,450,194,1124 av pont aux Moines,,,Plein jour,En agglomération,Hors intersection,Temps éblouissant,Deux véhicules - arrière,,,,,,,,,,,1,2,1,7,2
200700074245,0007-11-01 14:30:00,7,11,1,14,30,450,196,Rue de la Fourière,47.855,1.809,Plein jour,En agglomération,Intersection en X,Normale,Deux véhicules - frontale,,,,,,,,,,,1,2,2,1,1
200700074246,0007-11-05 17:00:00,7,11,5,17,0,450,144,,,,Plein jour,Hors agglomération,Hors intersection,Normale,Deux véhicules - frontale,,,,,,,,,,,1,1,1,1,1
200700074247,0007-11-16 16:15:00,7,11,16,16,15,450,173,,,,Plein jour,Hors agglomération,Hors intersection,Normale,Sans collision,,,,,,,,,,,1,1,1,1,7
200700074248,0007-11-26 08:00:00,7,11,26,8,0,450,324,,,,Plein jour,Hors agglomération,Hors intersection,Normale,Deux véhicules - frontale,,,,,,,,,,,1,1,1,1,1
200700074249,0007-11-28 16:00:00,7,11,28,16,0,450,144,,,,Plein jour,Hors agglomération,Hors intersection,Normale,Deux véhicules - frontale,,,,,,,,,,,1,1,1,1,1
200700074250,0007-11-07 21:00:00,7,11,7,21,0,450,28,route de blois,,,Nuit avec éclairage allumé,En agglomération,Hors intersection,Normale,Deux véhicules - côté,,,,,,,,,,,5,2,1,1,3
200700074251,0007-11-17 18:30:00,7,11,17,18,30,450,203,,47.858,1.718,Nuit sans éclairage public,Hors agglomération,Hors intersection,Normale,Deux véhicules - côté,,,,,,,,,,,3,1,1,1,3
200700074252,0007-11-28 07:45:00,7,11,28,7,45,450,195,,48.108,2.17,Crépuscule ou aube,Hors agglomération,Hors intersection,Brouillard / fumée,Trois véhicules et plus - collisions multiples,,,,,,,,,,,2,1,1,5,5
200700074253,0007-11-29 18:00:00,7,11,29,18,0,450,9,,,,Nuit sans éclairage public,Hors agglomération,Hors intersection,Autre,Autre collision,,,,,,,,,,,3,1,1,9,6
200700074254,0007-11-01 22:00:00,7,11,1,22,0,450,291,,,,Nuit sans éclairage public,Hors agglomération,Hors intersection,Normale,Autre collision,,,,,,,,,,,3,1,1,1,6
200700074255,0007-11-03 10:00:00,7,11,3,10,0,450,155,Intersection rue Charles,,,Plein jour,En agglomération,Hors intersection,Pluie légère,Sans collision,,,,,,,,,,,1,2,1,2,7
200700074256,0007-11-23 15:30:00,7,11,23,15,30,450,245,,,,Plein jour,Hors agglomération,Hors intersection,Normale,Autre collision,,,,,,,,,,,1,1,1,1,6
200700074257,0007-11-25 05:30:00,7,11,25,5,30,450,87,,,,Nuit sans éclairage public,Hors agglomération,Hors intersection,Normale,Autre collision,,,,,,,,,,,3,1,1,1,6
200700074258,0007-11-09 18:45:00,7,11,9,18,45,450,270,,,,Nuit sans éclairage public,Hors agglomération,Hors intersection,Normale,Autre collision,,,,,,,,,,,3,1,1,1,6