accident_id,datetime,annee,mois,jour,heure,minute,departement,commune_insee,adresse,latitude,longitude,luminosite,agglomeration,intersection,meteo,collision,nb_vehicules,nb_usagers,nb_indemnes,nb_tues,nb_blesses_hosp,nb_blesses_legers,age_cond_1,age_cond_2,veh_type_cond_1,veh_type_cond_2,lum_code,agg_code,int_code,atm_code,col_code
200700074666,0007-12-24 13:30:00,7,12,24,13,30,600,423,,,,Plein jour,Hors agglomération,Hors intersection,Autre,Sans collision,,,,,,,,,,,1,1,1,9,7
200700074667,0007-12-19 17:00:00,7,12,19,17,0,600,491,,,,Nuit sans éclairage public,Hors agglomération,Hors intersection,Autre,Sans collision,,,,,,,,,,,3,1,1,9,7
200700074668,0007-12-16 20:00:00,7,12,16,20,0,600,408,,,,Nuit sans éclairage public,Hors agglomération,Hors intersection,Normale,Sans collision,,,,,,,,,,,3,1,1,1,7
200700074669,0007-12-20 21:00:00,7,12,20,21,0,600,149,,,,Nuit sans éclairage public,Hors agglomération,Hors intersection,Normale,Deux véhicules - frontale,,,,,,,,,,,3,1,1,1,1
200700074670,0007-12-08 10:45:00,7,12,8,10,45,600,471,chemin du châtelain,,,Plein jour,En agglomération,Hors intersection,Normale,Autre collision,,,,,,,,,,,1,2,1,1,6
200700074671,0007-12-26 09:30:00,7,12,26,9,30,600,632,,,,Plein jour,Hors agglomération,Hors intersection,Autre,Deux véhicules - frontale,,,,,,,,,,,1,1,1,9,1
200700074672,0007-12-27 02:30:00,7,12,27,2,30,600,471,Avenue Marcelin Berthelo,49.584,3.001,Nuit avec éclairage allumé,En agglomération,Hors intersection,Temps couvert,Autre collision,,,,,,,,,,,5,2,1,8,6
200700074673,0007-12-28 17:15:00,7,12,28,17,15,600,471,Boulevard Sarrazin,,,Crépuscule ou aube,En agglomération,Hors intersection,Normale,Autre collision,,,,,,,,,,,2,2,1,1,6
200700074674,0007-12-09 01:00:00,7,12,9,1,0,570,557,Rue principale,,,Nuit avec éclairage allumé,En agglomération,Autre intersection,Normale,Autre collision,,,,,,,,,,,5,2,9,1,6
200700074675,0007-12-29 08:30:00,7,12,29,8,30,570,245,,,,Plein jour,Hors agglomération,Hors intersection,Autre,Deux véhicules - frontale,,,,,,,,,,,1,1,1,9,1
200700074676,0007-12-04 17:45:00,7,12,4,17,45,600,421,,49.198,2.639,Nuit sans éclairage public,Hors agglomération,Giratoire,Autre,Deux véhicules - côté,,,,,,,,,,,3,1,6,9,3
200700074677,0007-12-15 14:00:00,7,12,15,14,0,600,682,,49.256,2.649,Plein jour,Hors agglomération,Hors intersection,Normale,Deux véhicules - côté,,,,,,,,,,,1,1,1,1,3
200700074678,0007-12-20 17:00:00,7,12,20,17,0,600,612,Avenue FOCH,49.21,2.59,Nuit avec éclairage allumé,En agglomération,Giratoire,Normale,Autre collision,,,,,,,,,,,5,2,6,1,6
200700074679,0007-12-21 15:00:00,7,12,21,15,0,600,421,,49.19,2.66,Plein jour,Hors agglomération,Hors intersection,Normale,Deux véhicules - frontale,,,,,,,,,,,1,1,1,1,1
200700074680,0007-12-31 06:30:00,7,12,31,6,30,600,197,,,,Nuit sans éclairage public,Hors agglomération,Hors intersection,Normale,Autre collision,,,,,,,,,,,3,1,1,1,6
200700074681,0007-12-14 18:00:00,7,12,14,18,0,600,139,AVENUE DE VERDUN,,,Crépuscule ou aube,En agglomération,Hors intersection,Pluie légère,Deux véhicules - côté,,,,,,,,,,,2,2,1,2,3
200700074682,0007-12-29 20:00:00,7,12,29,20,0,600,139,Pl. Charles de Gaulle,,,Nuit avec éclairage allumé,En agglomération,Hors intersection,Normale,Deux véhicules - côté,,,,,,,,,,,5,2,1,1,3
200700074683,0007-12-07 06:00:00,7,12,7,6,0,600,346,rue CHARLES PRATT,,,Crépuscule ou aube,En agglomération,Autre intersection,Pluie légère,Deux véhicules - arrière,,,,,,,,,,,2,2,9,2,2
200700074684,0007-12-13 21:15:00,7,12,13,21,15,600,141,Avenue de Maréchal Joffr,,,Nuit avec éclairage allumé,En agglomération,Giratoire,Temps couvert,Deux véhicules - frontale,,,,,,,,,,,5,2,6,8,1
200700074685,0007-12-08 17:00:00,7,12,8,17,0,600,589,R Révolution Française,49.235,2.459,Nuit avec éclairage allumé,En agglomération,Hors intersection,Temps couvert,Autre collision,,,,,,,,,,,5,2,1,8,6
200700074686,0007-12-10 17:45:00,7,12,10,17,45,600,661,,49.24,2.998,Nuit avec éclairage allumé,Hors agglomération,Hors intersection,Pluie légère,Deux véhicules - côté,,,,,,,,,,,5,1,1,2,3
200700074687,0007-12-17 16:00:00,7,12,17,16,0,600,176,ROUTE DE COMPIEGNE,,,Plein jour,En agglomération,Hors intersection,Normale,Autre collision,,,,,,,,,,,1,2,1,1,6
200700074688,0007-12-13 10:00:00,7,12,13,10,0,600,509,45 RUE CHARLES LESCOT,,,Plein jour,En agglomération,Hors intersection,Normale,Autre collision,,,,,,,,,,,1,2,1,1,6
200700074689,0007-12-08 01:00:00,7,12,8,1,0,760,728,,,,Nuit sans éclairage public,Hors agglomération,Hors intersection,Normale,Autre collision,,,,,,,,,,,3,1,1,1,6
200700074690,0007-12-07 20:00:00,7,12,7,20,0,760,728,,,,Nuit avec éclairage allumé,Hors agglomération,Hors intersection,Pluie légère,Deux véhicules - arrière,,,,,,,,,,,5,1,1,2,2
200700074691,0007-12-06 20:45:00,7,12,6,20,45,760,517,"C.D. 53, P.K. 63+110",49.52,1.179,Nuit sans éclairage public,En agglomération,Hors intersection,Normale,Autre collision,,,,,,,,,,,3,2,1,1,6
200700074692,0007-12-04 11:00:00,7,12,4,11,0,760,330,Rue André Lecomte,,,Plein jour,En agglomération,Intersection en X,Normale,Deux véhicules - côté,,,,,,,,,,,1,2,2,1,3
200700074693,0007-12-07 21:30:00,7,12,7,21,30,760,604,CD23,,,Nuit sans éclairage public,En agglomération,Hors intersection,Pluie légère,Autre collision,,,,,,,,,,,3,2,1,2,6
200700074694,0007-12-22 23:00:00,7,12,22,23,0,760,197,,,,Nuit sans éclairage public,Hors agglomération,Hors intersection,Autre,Autre collision,,,,,,,,,,,3,1,1,9,6
200700074695,0007-12-13 15:15:00,7,12,13,15,15,760,125,Rue  d'  Augeville,,,Plein jour,En agglomération,Hors intersection,Normale,Sans collision,,,,,,,,,,,1,2,1,1,7
200700074696,0007-12-14 21:45:00,7,12,14,21,45,760,18,,49.708,0.963,Nuit sans éclairage public,Hors agglomération,Hors intersection,Normale,Autre collision,,,,,,,,,,,3,1,1,1,6
200700074697,0007-12-03 16:30:00,7,12,3,16,30,760,222,rue de verdun,,,Plein jour,En agglomération,Hors intersection,Pluie légère,Autre collision,,,,,,,,,,,1,2,1,2,6
200700074698,0007-12-14 21:00:00,7,12,14,21,0,760,750,CD20,49.459,0.83,Nuit avec éclairage allumé,En agglomération,Hors intersection,Normale,Autre collision,,,,,,,,,,,5,2,1,1,6
200700074699,0007-12-21 09:00:00,7,12,21,9,0,760,222,,,,Plein jour,Hors agglomération,Hors intersection,Autre,Deux véhicules - frontale,,,,,,,,,,,1,1,1,9,1
200700074700,0007-12-14 18:00:00,7,12,14,18,0,760,404,,49.589,0.248,Nuit sans éclairage public,Hors agglomération,Hors intersection,Autre,Deux véhicules - frontale,,,,,,,,,,,3,1,1,9,1
200700074701,0007-12-01 04:45:00,7,12,1,4,45,760,279,,,,Nuit sans éclairage public,Hors agglomération,Hors intersection,Pluie légère,Deux véhicules - côté,,,,,,,,,,,3,1,1,2,3
200700074702,0007-12-19 08:00:00,7,12,19,8,0,760,462,grande rue st pierre,,,Nuit avec éclairage allumé,En agglomération,Hors intersection,Normale,Autre collision,,,,,,,,,,,5,2,1,1,6
200700074703,0007-12-28 08:00:00,7,12,28,8,0,760,500,Rue Centrale D116,49.895,1.647,Crépuscule ou aube,En agglomération,Hors intersection,Normale,Sans collision,,,,,,,,,,,2,2,1,1,7
200700074704,0007-12-29 05:15:00,7,12,29,5,15,760,744,rue du pont neuf,49.843,1.565,Nuit sans éclairage public,En agglomération,Hors intersection,Pluie légère,Autre collision,,,,,,,,,,,3,2,1,2,6
200700074705,0007-12-17 08:00:00,7,12,17,8,0,760,276,17 rue de la libération,,,Nuit avec éclairage allumé,En agglomération,Hors intersection,Autre,Autre collision,,,,,,,,,,,5,2,1,9,6
200700074706,0007-12-09 18:00:00,7,12,9,18,0,760,48,,49.481,1.671,Nuit avec éclairage allumé,Hors agglomération,Intersection en X,Pluie forte,Deux véhicules - côté,,,,,,,,,,,5,1,2,3,3
200700074707,0007-12-01 17:45:00,7,12,1,17,45,760,370,,49.626,0.984,Crépuscule ou aube,Hors agglomération,Hors intersection,Pluie légère,Deux véhicules - frontale,,,,,,,,,,,2,1,1,2,1
200700074708,0007-12-09 17:30:00,7,12,9,17,30,760,203,,49.611,0.851,Nuit sans éclairage public,Hors agglomération,Hors intersection,Pluie forte,Autre collision,,,,,,,,,,,3,1,1,3,6
200700074709,0007-12-22 10:15:00,7,12,22,10,15,760,57,RD142 - Rue jean Jaurès,49.556,0.954,Plein jour,En agglomération,Hors intersection,Temps éblouissant,Autre collision,,,,,,,,,,,1,2,1,7,6
200700074710,0007-12-29 19:30:00,7,12,29,19,30,760,57,rue de la Liberté,49.55,0.956,Nuit avec éclairage allumé,En agglomération,Hors intersection,Normale,Deux véhicules - frontale,,,,,,,,,,,5,2,1,1,1
200700074711,0007-12-18 19:15:00,7,12,18,19,15,270,161,,,,Nuit sans éclairage public,Hors agglomération,Hors intersection,Normale,Deux véhicules - frontale,,,,,,,,,,,3,1,1,1,1
200700074712,0007-12-19 14:30:00,7,12,19,14,30,270,347,,49.042,1.207,Nuit sans éclairage public,Hors agglomération,Hors intersection,Autre,Autre collision,,,,,,,,,,,3,1,1,9,6
200700074713,0007-12-30 09:15:00,7,12,30,9,15,270,436,,,,Plein jour,Hors agglomération,Hors intersection,Autre,Sans collision,,,,,,,,,,,1,1,1,9,7
200700074714,0007-12-10 08:00:00,7,12,10,8,0,270,502,,48.817,0.702,Nuit sans éclairage public,Hors agglomération,Hors intersection,Pluie légère,Trois véhicules et plus - collisions multiples,,,,,,,,,,,3,1,1,2,5
200700074715,0007-12-22 10:30:00,7,12,22,10,30,270,521,,48.701,0.827,Plein jour,Hors agglomération,Hors intersection,Normale,Trois véhicules et plus - collisions multiples,,,,,,,,,,,1,1,1,1,5
200700074716,0007-12-17 18:00:00,7,12,17,18,0,270,329,,,,Plein jour,Hors agglomération,Hors intersection,Normale,Sans collision,,,,,,,,,,,1,1,1,1,7
200700074717,0007-12-19 09:30:00,7,12,19,9,30,270,683,,,,Crépuscule ou aube,Hors agglomération,Hors intersection,Autre,Sans collision,,,,,,,,,,,2,1,1,9,7
200700074718,0007-12-30 12:45:00,7,12,30,12,45,270,315,,,,Plein jour,Hors agglomération,Hors intersection,Temps couvert,Sans collision,,,,,,,,,,,1,1,1,8,7
200700074719,0007-12-13 10:00:00,7,12,13,10,0,270,493,rue de la libération,,,Plein jour,En agglomération,Hors intersection,Normale,Deux véhicules - arrière,,,,,,,,,,,1,2,1,1,2
200700074720,0007-12-09 00:15:00,7,12,9,0,15,270,45,,,,Nuit sans éclairage public,Hors agglomération,Hors intersection,Autre,Autre collision,,,,,,,,,,,3,1,1,9,6
200700074721,0007-12-21 18:30:00,7,12,21,18,30,270,284,,49.274,1.774,Nuit avec éclairage allumé,En agglomération,Hors intersection,Normale,Trois véhicules et plus - en chaîne,,,,,,,,,,,5,2,1,1,4
200700074722,0007-12-08 00:30:00,7,12,8,0,30,270,56,,,,Nuit sans éclairage public,Hors agglomération,Hors intersection,Pluie forte,Sans collision,,,,,,,,,,,3,1,1,3,7
200700074723,0007-12-18 12:45:00,7,12,18,12,45,270,208,,,,Plein jour,Hors agglomération,Hors intersection,Normale,Deux véhicules - côté,,,,,,,,,,,1,1,1,1,3
200700074724,0007-12-05 07:15:00,7,12,5,7,15,270,466,,,,Nuit sans éclairage public,Hors agglomération,Hors intersection,Normale,Sans collision,,,,,,,,,,,3,1,1,1,7
200700074725,0007-12-23 13:30:00,7,12,23,13,30,270,622,,,,Plein jour,Hors agglomération,Hors intersection,Autre,Autre collision,,,,,,,,,,,1,1,1,9,6
200700074726,0007-12-24 15:15:00,7,12,24,15,15,270,164,,49.117,0.89,Plein jour,Hors agglomération,Hors intersection,Normale,Sans collision,,,,,,,,,,,1,1,1,1,7
200700074727,0007-12-09 00:01:00,7,12,9,0,1,270,676,,,,Nuit sans éclairage public,Hors agglomération,Hors intersection,Pluie légère,Sans collision,,,,,,,,,,,3,1,1,2,7
200700074728,0007-12-17 18:30:00,7,12,17,18,30,270,343,,,,Nuit sans éclairage public,Hors agglomération,Hors intersection,Normale,Deux véhicules - arrière,,,,,,,,,,,3,1,1,1,2
200700074729,0007-12-02 21:15:00,7,12,2,21,15,270,354,route d ELBEUF,49.182,0.927,Nuit avec éclairage allumé,En agglomération,Hors intersection,Pluie forte,Deux véhicules - frontale,,,,,,,,,,,5,2,1,3,1
200700074730,0007-12-19 14:00:00,7,12,19,14,0,270,511,,49.13,0.93,Plein jour,Hors agglomération,Hors intersection,Autre,Deux véhicules - côté,,,,,,,,,,,1,1,1,9,3
200700074731,0007-12-03 08:00:00,7,12,3,8,0,270,655,,,,Nuit sans éclairage public,Hors agglomération,Hors intersection,Pluie légère,Autre collision,,,,,,,,,,,3,1,1,2,6
200700074732,0007-12-15 14:45:00,7,12,15,14,45,270,65,,,,Plein jour,Hors agglomération,Hors intersection,Normale,Autre collision,,,,,,,,,,,1,1,1,1,6
200700074733,0007-12-18 13:00:00,7,12,18,13,0,270,65,rue des faulques,49.332,0.346,Plein jour,En agglomération,Hors intersection,Normale,Deux véhicules - frontale,,,,,,,,,,,1,2,1,1,1
200700074734,0007-12-17 08:45:00,7,12,17,8,45,270,105,RD313,,,Crépuscule ou aube,En agglomération,Hors intersection,Normale,Autre collision,,,,,,,,,,,2,2,1,1,6
200700074735,0007-12-21 05:00:00,7,12,21,5,0,270,580,,,,Nuit sans éclairage public,Hors agglomération,Hors intersection,Autre,Deux véhicules - côté,,,,,,,,,,,3,1,1,9,3
200700074736,0007-12-17 12:00:00,7,12,17,12,0,270,133,,,,Plein jour,Hors agglomération,Hors intersection,Normale,Autre collision,,,,,,,,,,,1,1,1,1,6
200700074737,0007-12-07 07:45:00,7,12,7,7,45,270,538,,,,Crépuscule ou aube,Hors agglomération,Hors intersection,Pluie légère,Autre collision,,,,,,,,,,,2,1,1,2,6
200700074738,0007-12-21 03:00:00,7,12,21,3,0,350,356,,48.25,-1.763,Nuit sans éclairage public,Hors agglomération,Hors intersection,Normale,Autre collision,,,,,,,,,,,3,1,1,1,6
200700074739,0007-12-23 08:00:00,7,12,23,8,0,350,331,,,,Crépuscule ou aube,Hors agglomération,Hors intersection,Brouillard / fumée,Trois véhicules et plus - collisions multiples,,,,,,,,,,,2,1,1,5,5
200700074740,0007-12-31 18:30:00,7,12,31,18,30,350,37,la petite pommerais,,,Nuit sans éclairage public,En agglomération,Hors intersection,Normale,Autre collision,,,,,,,,,,,3,2,1,1,6
200700074741,0007-12-09 23:15:00,7,12,9,23,15,350,196,,,,Nuit sans éclairage public,Hors agglomération,Hors intersection,Pluie légère,Autre collision,,,,,,,,,,,3,1,1,2,6
200700074742,0007-12-10 18:00:00,7,12,10,18,0,350,292,,,,Nuit sans éclairage public,Hors agglomération,Hors intersection,Normale,Autre collision,,,,,,,,,,,3,1,1,1,6
200700074743,0007-12-12 11:30:00,7,12,12,11,30,350,236,,47.727,-2.099,Plein jour,Hors agglomération,Hors intersection,Normale,Trois véhicules et plus - collisions multiples,,,,,,,,,,,1,1,1,1,5
200700074744,0007-12-04 13:30:00,7,12,4,13,30,350,13,,47.701,-2.055,Plein jour,Hors agglomération,Hors intersection,Normale,Sans collision,,,,,,,,,,,1,1,1,1,7
200700074745,0007-12-21 12:15:00,7,12,21,12,15,350,13,,47.702,-2.059,Plein jour,Hors agglomération,Hors intersection,Normale,Deux véhicules - frontale,,,,,,,,,,,1,1,1,1,1
200700074746,0007-12-11 15:30:00,7,12,11,15,30,350,145,,,,Plein jour,Hors agglomération,Hors intersection,Normale,Autre collision,,,,,,,,,,,1,1,1,1,6
200700074747,0007-12-15 09:45:00,7,12,15,9,45,350,176,,,,Nuit sans éclairage public,Hors agglomération,Hors intersection,Normale,Autre collision,,,,,,,,,,,3,1,1,1,6
200700074748,0007-12-22 16:45:00,7,12,22,16,45,350,89,,,,Plein jour,Hors agglomération,Intersection en X,Normale,Deux véhicules - côté,,,,,,,,,,,1,1,2,1,3
200700074749,0007-12-09 07:45:00,7,12,9,7,45,350,139,,,,Plein jour,Hors agglomération,Hors intersection,Normale,Sans collision,,,,,,,,,,,1,1,1,1,7
200700074750,0007-12-11 21:15:00,7,12,11,21,15,350,328,,,,Nuit sans éclairage public,Hors agglomération,Hors intersection,Normale,Autre collision,,,,,,,,,,,3,1,1,1,6
200700074751,0007-12-30 17:15:00,7,12,30,17,15,350,127,,,,Plein jour,Hors agglomération,Hors intersection,Normale,Autre collision,,,,,,,,,,,1,1,1,1,6
200700074752,0007-12-31 14:30:00,7,12,31,14,30,350,49,,,,Plein jour,Hors agglomération,Hors intersection,Temps éblouissant,Autre collision,,,,,,,,,,,1,1,1,7,6
200700074753,0007-12-25 22:30:00,7,12,25,22,30,350,362,,,,Nuit sans éclairage public,Hors agglomération,Hors intersection,Brouillard / fumée,Autre collision,,,,,,,,,,,3,1,1,5,6
200700074754,0007-12-29 04:30:00,7,12,29,4,30,350,362,,,,Nuit sans éclairage public,Hors agglomération,Hors intersection,Normale,Sans collision,,,,,,,,,,,3,1,1,1,7
200700074755,0007-12-29 10:30:00,7,12,29,10,30,350,299,,48.639,-1.896,Plein jour,Hors agglomération,Hors intersection,Normale,Deux véhicules - côté,,,,,,,,,,,1,1,1,1,3
200700074756,0007-12-16 05:30:00,7,12,16,5,30,350,159,,,,Nuit sans éclairage public,Hors agglomération,Hors intersection,Normale,Autre collision,,,,,,,,,,,3,1,1,1,6
200700074757,0007-12-19 14:15:00,7,12,19,14,15,350,287,RUE DES ECOLES,,,Nuit avec éclairage allumé,En agglomération,Hors intersection,Normale,Deux véhicules - côté,,,,,,,,,,,5,2,1,1,3
200700074758,0007-12-21 23:30:00,7,12,21,23,30,350,181,,,,Nuit sans éclairage public,Hors agglomération,Hors intersection,Temps couvert,Autre collision,,,,,,,,,,,3,1,1,8,6
200700074759,0007-12-25 13:15:00,7,12,25,13,15,350,97,rue de la pavière,,,Plein jour,En agglomération,Hors intersection,Normale,Deux véhicules - côté,,,,,,,,,,,1,2,1,1,3
200700074760,0007-12-06 20:45:00,7,12,6,20,45,350,327,,,,Nuit sans éclairage public,Hors agglomération,Hors intersection,Normale,Deux véhicules - côté,,,,,,,,,,,3,1,1,1,3
200700074761,0007-12-21 23:15:00,7,12,21,23,15,350,327,,,,Nuit avec éclairage non allumé,Hors agglomération,Hors intersection,Temps couvert,Sans collision,,,,,,,,,,,4,1,1,8,7
200700074762,0007-12-24 18:30:00,7,12,24,18,30,350,161,rue Guy d'Epinay,,,Nuit avec éclairage non allumé,En agglomération,Hors intersection,Normale,Autre collision,,,,,,,,,,,4,2,1,1,6
200700074763,0007-12-01 18:15:00,7,12,1,18,15,220,325,rue du Moulin st Michel,,,Nuit avec éclairage non allumé,En agglomération,Hors intersection,Vent fort / tempête,Autre collision,,,,,,,,,,,4,2,1,6,6
200700074764,0007-12-09 19:45:00,7,12,9,19,45,220,184,,,,Nuit sans éclairage public,Hors agglomération,Hors intersection,Vent fort / tempête,Deux véhicules - côté,,,,,,,,,,,3,1,1,6,3
200700074765,0007-12-21 18:45:00,7,12,21,18,45,220,258,,,,Nuit sans éclairage public,Hors agglomération,Hors intersection,Normale,Deux véhicules - frontale,,,,,,,,,,,3,1,1,1,1
200700074766,0007-12-05 21:00:00,7,12,5,21,0,220,162,LIEU DIT KERPALUD- CD789,48.791,-3.047,Nuit avec éclairage allumé,En agglomération,Hors intersection,Normale,Autre collision,,,,,,,,,,,5,2,1,1,6
200700074767,0007-12-23 11:00:00,7,12,23,11,0,220,81,,48.501,-2.623,Plein jour,Hors agglomération,Hors intersection,Brouillard / fumée,Deux véhicules - arrière,,,,,,,,,,,1,1,1,5,2
200700074768,0007-12-30 14:30:00,7,12,30,14,30,220,143,,,,Plein jour,Hors agglomération,Hors intersection,Normale,Deux véhicules - côté,,,,,,,,,,,1,1,1,1,3
200700074769,0007-12-30 21:45:00,7,12,30,21,45,220,190,rue de Gervilly,,,Nuit avec éclairage allumé,En agglomération,Hors intersection,Normale,Deux véhicules - frontale,,,,,,,,,,,5,2,1,1,1
200700074770,0007-12-07 19:00:00,7,12,7,19,0,220,183,,,,Nuit sans éclairage public,Hors agglomération,Hors intersection,Pluie forte,Autre collision,,,,,,,,,,,3,1,1,3,6
200700074771,0007-12-18 10:00:00,7,12,18,10,0,220,272,,48.563,-3.126,Plein jour,Hors agglomération,Giratoire,Temps éblouissant,Autre collision,,,,,,,,,,,1,1,6,7,6
200700074772,0007-12-03 14:30:00,7,12,3,14,30,220,4,,48.626,-3.307,Plein jour,Hors agglomération,Hors intersection,Temps couvert,Deux véhicules - côté,,,,,,,,,,,1,1,1,8,3
200700074773,0007-12-18 08:15:00,7,12,18,8,15,220,248,,48.648,-3.093,Crépuscule ou aube,Hors agglomération,Hors intersection,Normale,Autre collision,,,,,,,,,,,2,1,1,1,6
200700074774,0007-12-20 08:00:00,7,12,20,8,0,220,211,,48.693,-3.446,Nuit sans éclairage public,Hors agglomération,Hors intersection,Normale,Deux véhicules - côté,,,,,,,,,,,3,1,1,1,3
200700074775,0007-12-10 15:30:00,7,12,10,15,30,220,347,,48.785,-3.194,Plein jour,Hors agglomération,Hors intersection,Normale,Deux véhicules - côté,,,,,,,,,,,1,1,1,1,3
200700074776,0007-12-13 10:30:00,7,12,13,10,30,220,264,RUE DE BELLEVUE,48.747,-3.252,Plein jour,En agglomération,Hors intersection,Normale,Autre collision,,,,,,,,,,,1,2,1,1,6
200700074777,0007-12-20 08:30:00,7,12,20,8,30,220,152,,48.76,-3.28,Crépuscule ou aube,Hors agglomération,Hors intersection,Normale,Deux véhicules - côté,,,,,,,,,,,2,1,1,1,3
200700074778,0007-12-23 15:15:00,7,12,23,15,15,220,221,,48.798,-3.279,Plein jour,Hors agglomération,Hors intersection,Temps couvert,Sans collision,,,,,,,,,,,1,1,1,8,7
200700074779,0007-12-07 14:45:00,7,12,7,14,45,290,108,,48.004,-4.354,Plein jour,Hors agglomération,Hors intersection,Normale,Deux véhicules - frontale,,,,,,,,,,,1,1,1,1,1
200700074780,0007-12-06 09:00:00,7,12,6,9,0,290,215,Rue Pont L'abbé,,,Plein jour,En agglomération,Intersection en T,Pluie forte,Deux véhicules - côté,,,,,,,,,,,1,2,3,3,3
200700074781,0007-12-22 15:30:00,7,12,22,15,30,290,8,,,,Plein jour,Hors agglomération,Hors intersection,Normale,Deux véhicules - frontale,,,,,,,,,,,1,1,1,1,1
200700074782,0007-12-26 18:00:00,7,12,26,18,0,290,173,,48.005,-4.154,Nuit sans éclairage public,Hors agglomération,Hors intersection,Pluie légère,Deux véhicules - frontale,,,,,,,,,,,3,1,1,2,1
200700074783,0007-12-02 21:45:00,7,12,2,21,45,290,170,,,,Nuit sans éclairage public,Hors agglomération,Hors intersection,Vent fort / tempête,Autre collision,,,,,,,,,,,3,1,1,6,6
200700074784,0007-12-14 08:15:00,7,12,14,8,15,290,72,RUE PABLO NERUDA,47.28,-4.54,Nuit sans éclairage public,En agglomération,Hors intersection,Normale,Autre collision,,,,,,,,,,,3,2,1,1,6
200700074785,0007-12-15 21:00:00,7,12,15,21,0,290,252,,,,Nuit sans éclairage public,Hors agglomération,Hors intersection,Normale,Autre collision,,,,,,,,,,,3,1,1,1,6
200700074786,0007-12-18 17:00:00,7,12,18,17,0,290,220,rue de kérentrée,,,Crépuscule ou aube,En agglomération,Autre intersection,Normale,Autre collision,,,,,,,,,,,2,2,9,1,6
200700074787,0007-12-19 04:00:00,7,12,19,4,0,290,220,Rue Louis Lagadic,,,Nuit avec éclairage allumé,En agglomération,Hors intersection,Normale,Sans collision,,,,,,,,,,,5,2,1,1,7
200700074788,0007-12-11 22:00:00,7,12,11,22,0,290,61,,48.438,-4.436,Nuit sans éclairage public,Hors agglomération,Hors intersection,Normale,Trois véhicules et plus - collisions multiples,,,,,,,,,,,3,1,1,1,5
200700074789,0007-12-13 13:15:00,7,12,13,13,15,290,103,ROUTE DE QUIMPER,48.45,-4.258,Plein jour,En agglomération,Hors intersection,Normale,Deux véhicules - côté,,,,,,,,,,,1,2,1,1,3
200700074790,0007-12-13 19:30:00,7,12,13,19,30,290,103,rue de Guébriant,48.448,-4.274,Nuit avec éclairage allumé,En agglomération,Hors intersection,Normale,Autre collision,,,,,,,,,,,5,2,1,1,6
200700074791,0007-12-10 16:30:00,7,12,10,16,30,290,101,,48.593,-4.605,Plein jour,Hors agglomération,Hors intersection,Normale,Autre collision,,,,,,,,,,,1,1,1,1,6
200700074792,0007-12-15 18:30:00,7,12,15,18,30,290,195,,48.612,-4.518,Nuit sans éclairage public,Hors agglomération,Hors intersection,Temps couvert,Autre collision,,,,,,,,,,,3,1,1,8,6
200700074793,0007-12-21 19:00:00,7,12,21,19,0,290,209,,48.552,-4.507,Nuit avec éclairage allumé,Hors agglomération,Hors intersection,Normale,Autre collision,,,,,,,,,,,5,1,1,1,6
200700074794,0007-12-09 04:15:00,7,12,9,4,15,290,109,,48.531,-4.748,Nuit sans éclairage public,Hors agglomération,Hors intersection,Vent fort / tempête,Autre collision,,,,,,,,,,,3,1,1,6,6
200700074795,0007-12-14 17:00:00,7,12,14,17,0,290,53,,48.302,-4.168,Plein jour,Hors agglomération,Hors intersection,Normale,Deux véhicules - côté,,,,,,,,,,,1,1,1,1,3
200700074796,0007-12-07 15:00:00,7,12,7,15,0,290,291,,,,Plein jour,Hors agglomération,Hors intersection,Pluie légère,Autre collision,,,,,,,,,,,1,1,1,2,6
200700074797,0007-12-16 05:30:00,7,12,16,5,30,290,291,CD 51 / CD 36,,,Nuit avec éclairage non allumé,En agglomération,Hors intersection,Normale,Autre collision,,,,,,,,,,,4,2,1,1,6
200700074798,0007-12-21 17:15:00,7,12,21,17,15,290,20,,,,Crépuscule ou aube,Hors agglomération,Hors intersection,Normale,Deux véhicules - frontale,,,,,,,,,,,2,1,1,1,1
200700074799,0007-12-27 18:00:00,7,12,27,18,0,290,162,,,,Plein jour,Hors agglomération,Hors intersection,Normale,Deux véhicules - côté,,,,,,,,,,,1,1,1,1,3
200700074800,0007-12-08 11:30:00,7,12,8,11,30,290,22,rue de la somme,,,Plein jour,En agglomération,Hors intersection,Pluie forte,Autre collision,,,,,,,,,,,1,2,1,3,6
200700074801,0007-12-15 18:00:00,7,12,15,18,0,290,188,,,,Nuit sans éclairage public,Hors agglomération,Hors intersection,Normale,Deux véhicules - arrière,,,,,,,,,,,3,1,1,1,2