accident_id,datetime,annee,mois,jour,heure,minute,departement,commune_insee,adresse,latitude,longitude,luminosite,agglomeration,intersection,meteo,collision,nb_vehicules,nb_usagers,nb_indemnes,nb_tues,nb_blesses_hosp,nb_blesses_legers,age_cond_1,age_cond_2,veh_type_cond_1,veh_type_cond_2,lum_code,agg_code,int_code,atm_code,col_code
200700074802,0007-12-01 19:00:00,7,12,1,19,0,290,276,Route de St Pol De Léon,,,Nuit avec éclairage allumé,En agglomération,Hors intersection,Vent fort / tempête,Autre collision,,,,,,,,,,,5,2,1,6,6
200700074803,0007-12-12 07:00:00,7,12,12,7,0,290,259,,,,Nuit sans éclairage public,Hors agglomération,Hors intersection,Normale,Deux véhicules - frontale,,,,,,,,,,,3,1,1,1,1
200700074804,0007-12-26 10:00:00,7,12,26,10,0,290,287,KEREMMA,,,Plein jour,En agglomération,Intersection en X,Temps couvert,Trois véhicules et plus - collisions multiples,,,,,,,,,,,1,2,2,8,5
200700074805,0007-12-03 12:30:00,7,12,3,12,30,560,3,,47.638,-2.793,Plein jour,Hors agglomération,Hors intersection,Normale,Deux véhicules - frontale,,,,,,,,,,,1,1,1,1,1
200700074806,0007-12-27 18:00:00,7,12,27,18,0,560,212,,,,Nuit sans éclairage public,Hors agglomération,Hors intersection,Normale,Autre collision,,,,,,,,,,,3,1,1,1,6
200700074807,0007-12-01 20:15:00,7,12,1,20,15,560,53,,47.697,-2.571,Nuit sans éclairage public,Hors agglomération,Hors intersection,Normale,Deux véhicules - frontale,,,,,,,,,,,3,1,1,1,1
200700074808,0007-12-02 16:00:00,7,12,2,16,0,560,53,,,,Plein jour,Hors agglomération,Hors intersection,Pluie légère,Deux véhicules - côté,,,,,,,,,,,1,1,1,2,3
200700074809,0007-12-03 08:45:00,7,12,3,8,45,560,168,Rue Ste Anne,,,Plein jour,En agglomération,Hors intersection,Normale,Deux véhicules - frontale,,,,,,,,,,,1,2,1,1,1
200700074810,0007-12-31 22:00:00,7,12,31,22,0,560,180,,47.93,-2.18,Nuit sans éclairage public,Hors agglomération,Hors intersection,Normale,Sans collision,,,,,,,,,,,3,1,1,1,7
200700074811,0007-12-17 11:15:00,7,12,17,11,15,560,75,,,,Plein jour,Hors agglomération,Autre intersection,Autre,Deux véhicules - frontale,,,,,,,,,,,1,1,9,9,1
200700074812,0007-12-03 09:45:00,7,12,3,9,45,560,113,,48.07,-3.19,Plein jour,Hors agglomération,Intersection à plus de 4 branches,Normale,Deux véhicules - côté,,,,,,,,,,,1,1,5,1,3
200700074813,0007-12-31 12:45:00,7,12,31,12,45,560,140,,47.954,-2.791,Plein jour,Hors agglomération,Intersection en X,Temps couvert,Deux véhicules - côté,,,,,,,,,,,1,1,2,8,3
200700074814,0007-12-05 00:15:00,7,12,5,0,15,560,140,,47.918,-2.806,Nuit sans éclairage public,Hors agglomération,Hors intersection,Normale,Autre collision,,,,,,,,,,,3,1,1,1,6
200700074815,0007-12-10 14:45:00,7,12,10,14,45,560,174,,47.877,-2.89,Plein jour,Hors agglomération,Hors intersection,Normale,Autre collision,,,,,,,,,,,1,1,1,1,6
200700074816,0007-12-02 01:30:00,7,12,2,1,30,560,170,,48.117,-3.431,Nuit sans éclairage public,Hors agglomération,Hors intersection,Vent fort / tempête,Sans collision,,,,,,,,,,,3,1,1,6,7
200700074817,0007-12-11 08:15:00,7,12,11,8,15,140,15,,49.25,-0.4,Nuit sans éclairage public,Hors agglomération,Hors intersection,Temps couvert,Deux véhicules - frontale,,,,,,,,,,,3,1,1,8,1
200700074818,0007-12-06 07:45:00,7,12,6,7,45,140,5,Route de mezidon,,,Crépuscule ou aube,En agglomération,Intersection en T,Normale,Deux véhicules - côté,,,,,,,,,,,2,2,3,1,3
200700074819,0007-12-07 19:45:00,7,12,7,19,45,140,291,Carf rd131/rd156,49.006,-0.391,Nuit avec éclairage allumé,En agglomération,Intersection en X,Pluie forte,Deux véhicules - côté,,,,,,,,,,,5,2,2,3,3
200700074820,0007-12-14 12:15:00,7,12,14,12,15,140,556,ROUTE D'HARCOURT,,,Plein jour,En agglomération,Hors intersection,Normale,Trois véhicules et plus - en chaîne,,,,,,,,,,,1,2,1,1,4
200700074821,0007-12-18 08:00:00,7,12,18,8,0,140,761,,49.125,-0.188,Crépuscule ou aube,Hors agglomération,Hors intersection,Autre,Deux véhicules - arrière,,,,,,,,,,,2,1,1,9,2
200700074822,0007-12-19 19:30:00,7,12,19,19,30,140,277,,,,Nuit sans éclairage public,Hors agglomération,Hors intersection,Autre,Autre collision,,,,,,,,,,,3,1,1,9,6
200700074823,0007-12-01 13:45:00,7,12,1,13,45,140,68,,,,Plein jour,Hors agglomération,Hors intersection,Normale,Deux véhicules - frontale,,,,,,,,,,,1,1,1,1,1
200700074824,0007-12-11 18:30:00,7,12,11,18,30,140,370,DEPARTEMENTALE 10,49.227,-0.871,Nuit avec éclairage allumé,En agglomération,Hors intersection,Normale,Autre collision,,,,,,,,,,,5,2,1,1,6
200700074825,0007-12-19 08:30:00,7,12,19,8,30,140,681,,,,Crépuscule ou aube,Hors agglomération,Hors intersection,Autre,Deux véhicules - frontale,,,,,,,,,,,2,1,1,9,1
200700074826,0007-12-24 09:15:00,7,12,24,9,15,140,445,,,,Plein jour,Hors agglomération,Hors intersection,Autre,Autre collision,,,,,,,,,,,1,1,1,9,6
200700074827,0007-12-09 23:15:00,7,12,9,23,15,140,422,,49.082,-0.007,Nuit sans éclairage public,Hors agglomération,Hors intersection,Vent fort / tempête,Deux véhicules - frontale,,,,,,,,,,,3,1,1,6,1
200700074828,0007-12-28 15:00:00,7,12,28,15,0,140,600,,49.074,0.092,Crépuscule ou aube,Hors agglomération,Hors intersection,Autre,Autre collision,,,,,,,,,,,2,1,1,9,6
200700074829,0007-12-22 10:45:00,7,12,22,10,45,140,494,,49.277,-0.102,Plein jour,Hors agglomération,Hors intersection,Normale,Deux véhicules - côté,,,,,,,,,,,1,1,1,1,3
200700074830,0007-12-05 10:30:00,7,12,5,10,30,140,317,CD 109,48.9,-0.879,Plein jour,En agglomération,Hors intersection,Normale,Sans collision,,,,,,,,,,,1,2,1,1,7
200700074831,0007-12-20 15:45:00,7,12,20,15,45,140,762,av. du général de Gaulle,48.848,-0.886,Plein jour,En agglomération,Hors intersection,Normale,Deux véhicules - frontale,,,,,,,,,,,1,2,1,1,1
200700074832,0007-12-24 18:15:00,7,12,24,18,15,140,762,,48.846,-0.886,Nuit avec éclairage allumé,Hors agglomération,Hors intersection,Normale,Deux véhicules - côté,,,,,,,,,,,5,1,1,1,3
200700074833,0007-12-01 14:00:00,7,12,1,14,0,140,128,,,,Plein jour,Hors agglomération,Hors intersection,Normale,Deux véhicules - frontale,,,,,,,,,,,1,1,1,1,1
200700074834,0007-12-20 18:30:00,7,12,20,18,30,140,579,,,,Nuit sans éclairage public,Hors agglomération,Hors intersection,Temps couvert,Autre collision,,,,,,,,,,,3,1,1,8,6
200700074835,0007-12-11 10:00:00,7,12,11,10,0,500,488,,49.238,-1.159,Plein jour,Hors agglomération,Hors intersection,Normale,Autre collision,,,,,,,,,,,1,1,1,1,6
200700074836,0007-12-04 17:45:00,7,12,4,17,45,500,48,,,,Nuit sans éclairage public,Hors agglomération,Hors intersection,Pluie légère,Deux véhicules - arrière,,,,,,,,,,,3,1,1,2,2
200700074837,0007-12-09 18:45:00,7,12,9,18,45,500,420,,49.062,-1.204,Nuit sans éclairage public,Hors agglomération,Hors intersection,Pluie légère,Autre collision,,,,,,,,,,,3,1,1,2,6
200700074838,0007-12-18 14:00:00,7,12,18,14,0,500,581,,49.014,-1.176,Plein jour,Hors agglomération,Hors intersection,Normale,Deux véhicules - côté,,,,,,,,,,,1,1,1,1,3
200700074839,0007-12-22 19:00:00,7,12,22,19,0,500,465,,49.089,-1.144,Crépuscule ou aube,Hors agglomération,Hors intersection,Normale,Deux véhicules - frontale,,,,,,,,,,,2,1,1,1,1
200700074840,0007-12-05 10:00:00,7,12,5,10,0,500,25,84 rue de la liberté,48.699,-1.348,Plein jour,En agglomération,Hors intersection,Pluie forte,Deux véhicules - côté,,,,,,,,,,,1,2,1,3,3
200700074841,0007-12-08 16:15:00,7,12,8,16,15,500,276,,,,Plein jour,Hors agglomération,Hors intersection,Vent fort / tempête,Deux véhicules - côté,,,,,,,,,,,1,1,1,6,3
200700074842,0007-12-12 15:15:00,7,12,12,15,15,500,237,rue des abrincathes,,,Plein jour,En agglomération,Intersection en X,Normale,Deux véhicules - côté,,,,,,,,,,,1,2,2,1,3
200700074843,0007-12-31 20:15:00,7,12,31,20,15,500,237,CD 309,,,Nuit avec éclairage allumé,En agglomération,Hors intersection,Normale,Deux véhicules - frontale,,,,,,,,,,,5,2,1,1,1
200700074844,0007-12-05 18:00:00,7,12,5,18,0,500,410,RUE DE RENNES,,,Crépuscule ou aube,En agglomération,Hors intersection,Normale,Trois véhicules et plus - collisions multiples,,,,,,,,,,,2,2,1,1,5
200700074845,0007-12-15 01:30:00,7,12,15,1,30,500,74,,,,Nuit sans éclairage public,Hors agglomération,Hors intersection,Normale,Sans collision,,,,,,,,,,,3,1,1,1,7
200700074846,0007-12-21 13:00:00,7,12,21,13,0,500,402,,49.518,-1.845,Plein jour,Hors agglomération,Autre intersection,Autre,Deux véhicules - frontale,,,,,,,,,,,1,1,9,9,1
200700074847,0007-12-26 05:15:00,7,12,26,5,15,500,332,,49.402,-1.781,Nuit sans éclairage public,Hors agglomération,Hors intersection,Normale,Autre collision,,,,,,,,,,,3,1,1,1,6
200700074848,0007-12-22 19:45:00,7,12,22,19,45,500,417,,,,Nuit sans éclairage public,Hors agglomération,Hors intersection,Normale,Autre collision,,,,,,,,,,,3,1,1,1,6
200700074849,0007-12-07 14:00:00,7,12,7,14,0,500,243,,49.038,-1.524,Plein jour,Hors agglomération,Autre intersection,Normale,Deux véhicules - frontale,,,,,,,,,,,1,1,9,1,1
200700074850,0007-12-15 15:30:00,7,12,15,15,30,500,464,,49.002,-1.346,Plein jour,Hors agglomération,Hors intersection,Normale,Autre collision,,,,,,,,,,,1,1,1,1,6
200700074851,0007-12-24 16:30:00,7,12,24,16,30,500,228,,,,Plein jour,Hors agglomération,Hors intersection,Normale,Autre collision,,,,,,,,,,,1,1,1,1,6
200700074852,0007-12-23 22:00:00,7,12,23,22,0,500,510,,49.181,-1.364,Nuit sans éclairage public,Hors agglomération,Hors intersection,Brouillard / fumée,Deux véhicules - côté,,,,,,,,,,,3,1,1,5,3
200700074853,0007-12-28 19:30:00,7,12,28,19,30,500,552,,49.186,-1.387,Nuit sans éclairage public,Hors agglomération,Hors intersection,Normale,Deux véhicules - côté,,,,,,,,,,,3,1,1,1,3
200700074854,0007-12-17 11:15:00,7,12,17,11,15,500,484,rue de Paris,,,Plein jour,En agglomération,Hors intersection,Normale,Autre collision,,,,,,,,,,,1,2,1,1,6
200700074855,0007-12-22 15:45:00,7,12,22,15,45,610,400,,,,Plein jour,Hors agglomération,Autre intersection,Autre,Autre collision,,,,,,,,,,,1,1,9,9,6
200700074856,0007-12-22 08:15:00,7,12,22,8,15,610,237,,,,Nuit sans éclairage public,Hors agglomération,Hors intersection,Temps couvert,Autre collision,,,,,,,,,,,3,1,1,8,6
200700074857,0007-12-15 09:15:00,7,12,15,9,15,610,310,LE BOURG,48.711,0.225,Plein jour,En agglomération,Hors intersection,Normale,Deux véhicules - côté,,,,,,,,,,,1,2,1,1,3
200700074858,0007-12-21 23:15:00,7,12,21,23,15,610,310,,48.705,0.174,Nuit sans éclairage public,Hors agglomération,Hors intersection,Normale,Deux véhicules - côté,,,,,,,,,,,3,1,1,1,3
200700074859,0007-12-21 16:45:00,7,12,21,16,45,610,145,rue du Maréchal Foch,48.593,-0.635,Plein jour,En agglomération,Hors intersection,Normale,Deux véhicules - côté,,,,,,,,,,,1,2,1,1,3
200700074860,0007-12-01 11:00:00,7,12,1,11,0,610,243,,,,Plein jour,Hors agglomération,Hors intersection,Normale,Deux véhicules - côté,,,,,,,,,,,1,1,1,1,3
200700074861,0007-12-14 14:15:00,7,12,14,14,15,610,177,Le Bourg CD 54,,,Plein jour,En agglomération,Hors intersection,Normale,Deux véhicules - côté,,,,,,,,,,,1,2,1,1,3
200700074862,0007-12-28 17:45:00,7,12,28,17,45,610,277,,48.514,0.436,Nuit sans éclairage public,Hors agglomération,Hors intersection,Brouillard / fumée,Deux véhicules - arrière,,,,,,,,,,,3,1,1,5,2
200700074863,0007-12-24 22:45:00,7,12,24,22,45,610,429,ROUTE DE PARIS,48.652,0.756,Nuit avec éclairage allumé,En agglomération,Hors intersection,Normale,Autre collision,,,,,,,,,,,5,2,1,1,6
200700074864,0007-12-08 10:45:00,7,12,8,10,45,440,173,,47.101,-1.362,Plein jour,Hors agglomération,Hors intersection,Pluie forte,Deux véhicules - frontale,,,,,,,,,,,1,1,1,3,1
200700074865,0007-12-20 18:15:00,7,12,20,18,15,440,64,Rue de la Sèvre,,,Crépuscule ou aube,En agglomération,Giratoire,Pluie légère,Autre collision,,,,,,,,,,,2,2,6,2,6
200700074866,0007-12-11 07:45:00,7,12,11,7,45,440,188,,,,Nuit avec éclairage allumé,Hors agglomération,Hors intersection,Normale,Autre collision,,,,,,,,,,,5,1,1,1,6
200700074867,0007-12-07 17:30:00,7,12,7,17,30,440,4,,,,Plein jour,Hors agglomération,Intersection en X,Pluie forte,Deux véhicules - côté,,,,,,,,,,,1,1,2,3,3
200700074868,0007-12-08 13:15:00,7,12,8,13,15,440,11,,47.484,-1.024,Plein jour,Hors agglomération,Hors intersection,Pluie légère,Trois véhicules et plus - en chaîne,,,,,,,,,,,1,1,1,2,4
200700074869,0007-12-01 20:45:00,7,12,1,20,45,440,169,,,,Nuit sans éclairage public,Hors agglomération,Hors intersection,Normale,Deux véhicules - frontale,,,,,,,,,,,3,1,1,1,1
200700074870,0007-12-09 16:30:00,7,12,9,16,30,440,212,Boulevard d'Allemagne,47.162,-1.263,Plein jour,En agglomération,Hors intersection,Pluie légère,Autre collision,,,,,,,,,,,1,2,1,2,6
200700074871,0007-12-06 19:15:00,7,12,6,19,15,440,36,rue du CHATEAU,47.725,-1.378,Nuit sans éclairage public,En agglomération,Hors intersection,Normale,Autre collision,,,,,,,,,,,3,2,1,1,6
200700074872,0007-12-14 08:30:00,7,12,14,8,30,440,1,,47.565,-1.559,Plein jour,Hors agglomération,Hors intersection,Normale,Sans collision,,,,,,,,,,,1,1,1,1,7
200700074873,0007-12-14 08:30:00,7,12,14,8,30,440,36,,47.718,-1.397,Plein jour,Hors agglomération,Hors intersection,Temps couvert,Autre collision,,,,,,,,,,,1,1,1,8,6
200700074874,0007-12-20 11:15:00,7,12,20,11,15,440,36,,47.722,-1.376,Plein jour,En agglomération,Hors intersection,Normale,Autre collision,,,,,,,,,,,1,2,1,1,6
200700074875,0007-12-26 18:30:00,7,12,26,18,30,440,153,,47.72,-1.483,Nuit sans éclairage public,Hors agglomération,Hors intersection,Pluie légère,Autre collision,,,,,,,,,,,3,1,1,2,6
200700074876,0007-12-29 16:00:00,7,12,29,16,0,440,85,,47.67,-1.413,Plein jour,Hors agglomération,Hors intersection,Normale,Sans collision,,,,,,,,,,,1,1,1,1,7
200700074877,0007-12-29 21:30:00,7,12,29,21,30,440,95,,47.582,-1.368,Plein jour,Hors agglomération,Intersection en X,Normale,Deux véhicules - frontale,,,,,,,,,,,1,1,2,1,1
200700074878,0007-12-02 12:00:00,7,12,2,12,0,440,15,,47.449,-1.709,Plein jour,Hors agglomération,Hors intersection,Pluie forte,Autre collision,,,,,,,,,,,1,1,1,3,6
200700074879,0007-12-03 18:30:00,7,12,3,18,30,440,111,,47.373,-1.73,Nuit sans éclairage public,Hors agglomération,Hors intersection,Normale,Deux véhicules - côté,,,,,,,,,,,3,1,1,1,3
200700074880,0007-12-07 21:30:00,7,12,7,21,30,440,113,,47.59,-1.606,Nuit sans éclairage public,Hors agglomération,Hors intersection,Normale,Trois véhicules et plus - collisions multiples,,,,,,,,,,,3,1,1,1,5
200700074881,0007-12-10 20:00:00,7,12,10,20,0,440,110,,47.469,-1.526,Nuit sans éclairage public,Hors agglomération,Hors intersection,Normale,Sans collision,,,,,,,,,,,3,1,1,1,7
200700074882,0007-12-13 18:45:00,7,12,13,18,45,440,149,,47.493,-1.552,Nuit sans éclairage public,Hors agglomération,Hors intersection,Normale,Deux véhicules - côté,,,,,,,,,,,3,1,1,1,3
200700074883,0007-12-18 11:30:00,7,12,18,11,30,440,51,,47.616,-1.677,Plein jour,Hors agglomération,Intersection en X,Normale,Deux véhicules - côté,,,,,,,,,,,1,1,2,1,3
200700074884,0007-12-18 18:00:00,7,12,18,18,0,440,214,,47.558,-1.701,Nuit sans éclairage public,Hors agglomération,Hors intersection,Normale,Deux véhicules - frontale,,,,,,,,,,,3,1,1,1,1
200700074885,0007-12-21 06:00:00,7,12,21,6,0,440,73,,47.452,-1.662,Nuit sans éclairage public,Hors agglomération,Intersection en X,Normale,Deux véhicules - côté,,,,,,,,,,,3,1,2,1,3
200700074886,0007-12-13 18:00:00,7,12,13,18,0,440,131,,47.141,-2.049,Nuit sans éclairage public,Hors agglomération,Hors intersection,Normale,Sans collision,,,,,,,,,,,3,1,1,1,7
200700074887,0007-12-17 18:30:00,7,12,17,18,30,440,21,,,,Nuit sans éclairage public,Hors agglomération,Hors intersection,Normale,Deux véhicules - arrière,,,,,,,,,,,3,1,1,1,2
200700074888,0007-12-23 18:00:00,7,12,23,18,0,440,38,route de st pere en retz,47.159,-1.992,Nuit avec éclairage allumé,En agglomération,Hors intersection,Normale,Deux véhicules - frontale,,,,,,,,,,,5,2,1,1,1
200700074889,0007-12-01 01:30:00,7,12,1,1,30,440,69,,47.338,-2.383,Nuit sans éclairage public,Hors agglomération,Hors intersection,Pluie forte,Autre collision,,,,,,,,,,,3,1,1,3,6
200700074890,0007-12-03 04:45:00,7,12,3,4,45,440,69,,,,Nuit sans éclairage public,Hors agglomération,Hors intersection,Pluie légère,Sans collision,,,,,,,,,,,3,1,1,2,7
200700074891,0007-12-10 07:45:00,7,12,10,7,45,440,69,,,,Nuit sans éclairage public,Hors agglomération,Hors intersection,Normale,Trois véhicules et plus - collisions multiples,,,,,,,,,,,3,1,1,1,5
200700074892,0007-12-13 19:15:00,7,12,13,19,15,440,211,,,,Plein jour,Hors agglomération,Hors intersection,Normale,Deux véhicules - côté,,,,,,,,,,,1,1,1,1,3
200700074893,0007-12-18 17:15:00,7,12,18,17,15,440,72,rue Jean de Rieux,,,Plein jour,En agglomération,Hors intersection,Normale,Autre collision,,,,,,,,,,,1,2,1,1,6
200700074894,0007-12-16 16:45:00,7,12,16,16,45,440,103,,47.331,-2.138,Nuit sans éclairage public,Hors agglomération,Hors intersection,Normale,Autre collision,,,,,,,,,,,3,1,1,1,6
200700074895,0007-12-21 01:30:00,7,12,21,1,30,440,52,,,,Nuit sans éclairage public,Hors agglomération,Hors intersection,Normale,Autre collision,,,,,,,,,,,3,1,1,1,6
200700074896,0007-12-22 18:45:00,7,12,22,18,45,440,210,rue des Aigrettes,47.298,-2.212,Nuit avec éclairage allumé,En agglomération,Hors intersection,Normale,Autre collision,,,,,,,,,,,5,2,1,1,6
200700074897,0007-12-30 09:30:00,7,12,30,9,30,440,158,,47.3,-1.756,Plein jour,Hors agglomération,Hors intersection,Normale,Autre collision,,,,,,,,,,,1,1,1,1,6
200700074898,0007-12-04 08:45:00,7,12,4,8,45,440,45,,,,Plein jour,Hors agglomération,Giratoire,Normale,Deux véhicules - côté,,,,,,,,,,,1,1,6,1,3
200700074899,0007-12-08 00:30:00,7,12,8,0,30,440,217,,47.296,-1.74,Nuit sans éclairage public,Hors agglomération,Hors intersection,Temps couvert,Autre collision,,,,,,,,,,,3,1,1,8,6
200700074900,0007-12-22 11:00:00,7,12,22,11,0,440,19,,47.318,-1.909,Plein jour,Hors agglomération,Hors intersection,Normale,Deux véhicules - côté,,,,,,,,,,,1,1,1,1,3
200700074901,0007-12-06 14:30:00,7,12,6,14,30,490,21,,47.451,-0.256,Plein jour,Hors agglomération,Hors intersection,Pluie légère,Deux véhicules - côté,,,,,,,,,,,1,1,1,2,3
200700074902,0007-12-26 07:45:00,7,12,26,7,45,490,194,RD347  LE LEARD,47.459,-0.278,Nuit sans éclairage public,En agglomération,Hors intersection,Brouillard / fumée,Deux véhicules - frontale,,,,,,,,,,,3,2,1,5,1
200700074903,0007-12-06 07:30:00,7,12,6,7,30,490,222,,47.371,-0.565,Nuit sans éclairage public,Hors agglomération,Intersection en T,Normale,Deux véhicules - côté,,,,,,,,,,,3,1,3,1,3
200700074904,0007-12-24 06:00:00,7,12,24,6,0,490,86,,47.259,-0.444,Nuit sans éclairage public,Hors agglomération,Hors intersection,Brouillard / fumée,Autre collision,,,,,,,,,,,3,1,1,5,6
200700074905,0007-12-11 17:45:00,7,12,11,17,45,490,32,,,,Nuit sans éclairage public,Hors agglomération,Hors intersection,Normale,Deux véhicules - frontale,,,,,,,,,,,3,1,1,1,1
200700074906,0007-12-17 17:30:00,7,12,17,17,30,490,117,rue Ligérienne,,,Nuit avec éclairage allumé,En agglomération,Hors intersection,Normale,Deux véhicules - côté,,,,,,,,,,,5,2,1,1,3
200700074907,0007-12-05 07:15:00,7,12,5,7,15,490,160,rue de la riottière,47.413,-0.931,Crépuscule ou aube,En agglomération,Hors intersection,Normale,Deux véhicules - arrière,,,,,,,,,,,2,2,1,1,2
200700074908,0007-12-11 16:15:00,7,12,11,16,15,490,188,,,,Nuit sans éclairage public,Hors agglomération,Hors intersection,Temps couvert,Deux véhicules - côté,,,,,,,,,,,3,1,1,8,3
200700074909,0007-12-26 16:30:00,7,12,26,16,30,490,119,,,,Plein jour,Hors agglomération,Hors intersection,Normale,Deux véhicules - côté,,,,,,,,,,,1,1,1,1,3
200700074910,0007-12-11 15:15:00,7,12,11,15,15,490,23,Rue de la Lime,47.21,-0.99,Plein jour,En agglomération,Hors intersection,Normale,Deux véhicules - côté,,,,,,,,,,,1,2,1,1,3
200700074911,0007-12-21 19:30:00,7,12,21,19,30,490,92,,,,Nuit sans éclairage public,Hors agglomération,Hors intersection,Normale,Deux véhicules - arrière,,,,,,,,,,,3,1,1,1,2
200700074912,0007-12-28 22:15:00,7,12,28,22,15,490,260,,47.079,-1.019,Nuit sans éclairage public,Hors agglomération,Hors intersection,Normale,Sans collision,,,,,,,,,,,3,1,1,1,7
200700074913,0007-12-16 01:15:00,7,12,16,1,15,490,360,,,,Nuit sans éclairage public,Hors agglomération,Hors intersection,Normale,Autre collision,,,,,,,,,,,3,1,1,1,6
200700074914,0007-12-11 15:45:00,7,12,11,15,45,490,368,,,,Plein jour,Hors agglomération,Hors intersection,Temps éblouissant,Deux véhicules - côté,,,,,,,,,,,1,1,1,7,3
200700074915,0007-12-18 17:45:00,7,12,18,17,45,490,13,,47.493,0.075,Crépuscule ou aube,Hors agglomération,Intersection en X,Normale,Deux véhicules - côté,,,,,,,,,,,2,1,2,1,3
200700074916,0007-12-24 20:30:00,7,12,24,20,30,490,125,,,,Nuit sans éclairage public,Hors agglomération,Hors intersection,Autre,Sans collision,,,,,,,,,,,3,1,1,9,7
200700074917,0007-12-31 14:45:00,7,12,31,14,45,490,41,,47.292,0.049,Plein jour,Hors agglomération,Hors intersection,Normale,Deux véhicules - côté,,,,,,,,,,,1,1,1,1,3
200700074918,0007-12-20 15:30:00,7,12,20,15,30,490,253,,,,Plein jour,Hors agglomération,Intersection en X,Normale,Deux véhicules - côté,,,,,,,,,,,1,1,2,1,3
200700074919,0007-12-14 13:15:00,7,12,14,13,15,490,108,,,,Plein jour,Hors agglomération,Hors intersection,Normale,Autre collision,,,,,,,,,,,1,1,1,1,6
200700074920,0007-12-19 15:30:00,7,12,19,15,30,490,331,,,,Plein jour,Hors agglomération,Hors intersection,Normale,Deux véhicules - côté,,,,,,,,,,,1,1,1,1,3
200700074921,0007-12-21 19:15:00,7,12,21,19,15,490,331,,,,Nuit sans éclairage public,Hors agglomération,Hors intersection,Normale,Deux véhicules - frontale,,,,,,,,,,,3,1,1,1,1
200700074922,0007-12-04 17:00:00,7,12,4,17,0,490,294,,47.479,-0.705,Crépuscule ou aube,Hors agglomération,Hors intersection,Normale,Sans collision,,,,,,,,,,,2,1,1,1,7
200700074923,0007-12-12 08:15:00,7,12,12,8,15,490,155,,47.571,-0.721,Crépuscule ou aube,Hors agglomération,Hors intersection,Normale,Autre collision,,,,,,,,,,,2,1,1,1,6
200700074924,0007-12-22 10:30:00,7,12,22,10,30,490,330,,47.622,-0.622,Plein jour,Hors agglomération,Intersection en X,Temps éblouissant,Deux véhicules - côté,,,,,,,,,,,1,1,2,7,3
200700074925,0007-12-23 11:30:00,7,12,23,11,30,490,183,,47.518,-0.936,Plein jour,Hors agglomération,Hors intersection,Temps couvert,Autre collision,,,,,,,,,,,1,1,1,8,6
200700074926,0007-12-05 20:45:00,7,12,5,20,45,490,170,,47.67,-0.557,Nuit sans éclairage public,Hors agglomération,Hors intersection,Temps couvert,Sans collision,,,,,,,,,,,3,1,1,8,7
200700074927,0007-12-15 18:30:00,7,12,15,18,30,490,90,,47.625,-0.494,Plein jour,Hors agglomération,Hors intersection,Normale,Sans collision,,,,,,,,,,,1,1,1,1,7
200700074928,0007-12-01 02:30:00,7,12,1,2,30,530,1,,48.043,-0.892,Nuit sans éclairage public,Hors agglomération,Hors intersection,Pluie légère,Trois véhicules et plus - collisions multiples,,,,,,,,,,,3,1,1,2,5
200700074929,0007-12-04 20:15:00,7,12,4,20,15,530,62,Avenue division Leclerc,47.838,-0.714,Nuit avec éclairage allumé,En agglomération,Hors intersection,Temps couvert,Deux véhicules - côté,,,,,,,,,,,5,2,1,8,3
200700074930,0007-12-12 17:15:00,7,12,12,17,15,530,104,,47.834,-0.56,Plein jour,Hors agglomération,Hors intersection,Normale,Autre collision,,,,,,,,,,,1,1,1,1,6
200700074931,0007-12-15 14:45:00,7,12,15,14,45,530,210,,,,Plein jour,En agglomération,Hors intersection,Normale,Deux véhicules - frontale,,,,,,,,,,,1,2,1,1,1
200700074932,0007-12-20 15:00:00,7,12,20,15,0,530,62,AVENUE AMBROISE PARE,47.83,-0.705,Plein jour,En agglomération,Hors intersection,Normale,Deux véhicules - côté,,,,,,,,,,,1,2,1,1,3
200700074933,0007-12-21 20:45:00,7,12,21,20,45,530,84,boulevard okehampton,47.853,-0.955,Nuit avec éclairage allumé,En agglomération,Giratoire,Normale,Autre collision,,,,,,,,,,,5,2,6,1,6
200700074934,0007-12-23 08:30:00,7,12,23,8,30,530,121,cité beausoleil,,,Plein jour,En agglomération,Hors intersection,Normale,Sans collision,,,,,,,,,,,1,2,1,1,7
200700074935,0007-12-04 18:15:00,7,12,4,18,15,720,124,ROUTE DE TOURS,,,Nuit avec éclairage allumé,En agglomération,Hors intersection,Normale,Deux véhicules - frontale,,,,,,,,,,,5,2,1,1,1