accident_id,datetime,annee,mois,jour,heure,minute,departement,commune_insee,adresse,latitude,longitude,luminosite,agglomeration,intersection,meteo,collision,nb_vehicules,nb_usagers,nb_indemnes,nb_tues,nb_blesses_hosp,nb_blesses_legers,age_cond_1,age_cond_2,veh_type_cond_1,veh_type_cond_2,lum_code,agg_code,int_code,atm_code,col_code
200700074936,0007-12-10 19:30:00,7,12,10,19,30,720,8,,47.95,0.184,Nuit avec éclairage allumé,Hors agglomération,Hors intersection,Normale,Deux véhicules - côté,,,,,,,,,,,5,1,1,1,3
200700074937,0007-12-15 11:45:00,7,12,15,11,45,720,8,,,,Plein jour,Hors agglomération,Intersection à plus de 4 branches,Temps éblouissant,Deux véhicules - côté,,,,,,,,,,,1,1,5,7,3
200700074938,0007-12-24 05:30:00,7,12,24,5,30,720,58,,,,Nuit sans éclairage public,Hors agglomération,Hors intersection,Normale,Deux véhicules - frontale,,,,,,,,,,,3,1,1,1,1
200700074939,0007-12-31 19:15:00,7,12,31,19,15,720,58,,47.976,0.258,Nuit sans éclairage public,Hors agglomération,Intersection en X,Normale,Deux véhicules - côté,,,,,,,,,,,3,1,2,1,3
200700074940,0007-12-18 18:00:00,7,12,18,18,0,720,269,rue du docteur baudrilla,,,Crépuscule ou aube,En agglomération,Hors intersection,Normale,Deux véhicules - frontale,,,,,,,,,,,2,2,1,1,1
200700074941,0007-12-21 20:00:00,7,12,21,20,0,720,382,25 rue principale,47.939,0.468,Nuit sans éclairage public,En agglomération,Hors intersection,Normale,Deux véhicules - frontale,,,,,,,,,,,3,2,1,1,1
200700074942,0007-12-08 19:45:00,7,12,8,19,45,720,386,,48.015,0.271,Nuit sans éclairage public,Hors agglomération,Hors intersection,Pluie légère,Sans collision,,,,,,,,,,,3,1,1,2,7
200700074943,0007-12-21 17:30:00,7,12,21,17,30,720,300,,,,Crépuscule ou aube,Hors agglomération,Hors intersection,Normale,Trois véhicules et plus - en chaîne,,,,,,,,,,,2,1,1,1,4
200700074944,0007-12-01 10:45:00,7,12,1,10,45,720,26,,48.154,0.389,Plein jour,Hors agglomération,Intersection en T,Normale,Deux véhicules - côté,,,,,,,,,,,1,1,3,1,3
200700074945,0007-12-22 07:00:00,7,12,22,7,0,720,26,,,,Nuit sans éclairage public,Hors agglomération,Hors intersection,Temps couvert,Autre collision,,,,,,,,,,,3,1,1,8,6
200700074946,0007-12-11 18:30:00,7,12,11,18,30,720,346,,47.885,0.031,Nuit sans éclairage public,Hors agglomération,Hors intersection,Normale,Deux véhicules - frontale,,,,,,,,,,,3,1,1,1,1
200700074947,0007-12-15 15:00:00,7,12,15,15,0,720,73,CD 357,48.03,0.069,Plein jour,En agglomération,Hors intersection,Normale,Deux véhicules - côté,,,,,,,,,,,1,2,1,1,3
200700074948,0007-12-01 22:00:00,7,12,1,22,0,720,154,,,,Nuit sans éclairage public,Hors agglomération,Hors intersection,Normale,Autre collision,,,,,,,,,,,3,1,1,1,6
200700074949,0007-12-10 20:30:00,7,12,10,20,30,720,154,,,,Nuit sans éclairage public,Hors agglomération,Hors intersection,Normale,Deux véhicules - côté,,,,,,,,,,,3,1,1,1,3
200700074950,0007-12-15 21:15:00,7,12,15,21,15,720,110,3 RUE NATIONALE,,,Nuit avec éclairage allumé,En agglomération,Hors intersection,Normale,Autre collision,,,,,,,,,,,5,2,1,1,6
200700074951,0007-12-24 14:00:00,7,12,24,14,0,720,154,,,,Plein jour,Hors agglomération,Hors intersection,Temps éblouissant,Deux véhicules - côté,,,,,,,,,,,1,1,1,7,3
200700074952,0007-12-10 13:00:00,7,12,10,13,0,720,330,,,,Plein jour,Hors agglomération,Hors intersection,Normale,Deux véhicules - arrière,,,,,,,,,,,1,1,1,1,2
200700074953,0007-12-14 18:00:00,7,12,14,18,0,720,232,,,,Nuit sans éclairage public,Hors agglomération,Hors intersection,Autre,Sans collision,,,,,,,,,,,3,1,1,9,7
200700074954,0007-12-12 12:30:00,7,12,12,12,30,720,172,55 rue des bains,,,Plein jour,En agglomération,Hors intersection,Normale,Autre collision,,,,,,,,,,,1,2,1,1,6
200700074955,0007-12-21 08:30:00,7,12,21,8,30,720,132,11 avenue de la Républiq,,,Plein jour,En agglomération,Hors intersection,Normale,Autre collision,,,,,,,,,,,1,2,1,1,6
200700074956,0007-12-03 10:45:00,7,12,3,10,45,720,162,,48.452,0.194,Plein jour,Hors agglomération,Hors intersection,Normale,Sans collision,,,,,,,,,,,1,1,1,1,7
200700074957,0007-12-27 14:45:00,7,12,27,14,45,720,120,,48.256,0.165,Plein jour,Hors agglomération,Hors intersection,Autre,Autre collision,,,,,,,,,,,1,1,1,9,6
200700074958,0007-12-31 15:45:00,7,12,31,15,45,720,6,Zone commerciale,48.411,0.087,Plein jour,En agglomération,Hors intersection,Normale,Deux véhicules - frontale,,,,,,,,,,,1,2,1,1,1
200700074959,0007-12-25 02:15:00,7,12,25,2,15,850,135,,,,Nuit sans éclairage public,Hors agglomération,Hors intersection,Brouillard / fumée,Autre collision,,,,,,,,,,,3,1,1,5,6
200700074960,0007-12-24 15:45:00,7,12,24,15,45,850,51,,46.665,-1.045,Plein jour,Hors agglomération,Intersection en T,Normale,Deux véhicules - côté,,,,,,,,,,,1,1,3,1,3
200700074961,0007-12-24 20:45:00,7,12,24,20,45,850,165,,46.782,-1.114,Nuit sans éclairage public,Hors agglomération,Hors intersection,Normale,Deux véhicules - frontale,,,,,,,,,,,3,1,1,1,1
200700074962,0007-12-24 11:30:00,7,12,24,11,30,850,51,rue marquis de lespinay,46.69,-1.05,Plein jour,En agglomération,Hors intersection,Normale,Autre collision,,,,,,,,,,,1,2,1,1,6
200700074963,0007-12-04 17:15:00,7,12,4,17,15,850,146,rue de l'aurore,,,Plein jour,En agglomération,Hors intersection,Normale,Autre collision,,,,,,,,,,,1,2,1,1,6
200700074964,0007-12-21 19:00:00,7,12,21,19,0,850,217,,46.947,-1.287,Nuit sans éclairage public,Hors agglomération,Hors intersection,Normale,Deux véhicules - frontale,,,,,,,,,,,3,1,1,1,1
200700074965,0007-12-19 12:15:00,7,12,19,12,15,850,151,,47.005,-0.964,Plein jour,Hors agglomération,Hors intersection,Normale,Trois véhicules et plus - en chaîne,,,,,,,,,,,1,1,1,1,4
200700074966,0007-12-15 11:45:00,7,12,15,11,45,850,92,,,,Plein jour,Hors agglomération,Hors intersection,Normale,Deux véhicules - arrière,,,,,,,,,,,1,1,1,1,2
200700074967,0007-12-20 16:30:00,7,12,20,16,30,850,233,CD.137,,,Crépuscule ou aube,En agglomération,Hors intersection,Normale,Autre collision,,,,,,,,,,,2,2,1,1,6
200700074968,0007-12-11 09:30:00,7,12,11,9,30,850,303,,46.342,-0.824,Plein jour,Hors agglomération,Intersection en T,Normale,Deux véhicules - côté,,,,,,,,,,,1,1,3,1,3
200700074969,0007-12-07 20:15:00,7,12,7,20,15,850,180,Rue des Collines,46.841,-0.778,Nuit avec éclairage allumé,En agglomération,Hors intersection,Normale,Deux véhicules - frontale,,,,,,,,,,,5,2,1,1,1
200700074970,0007-12-30 08:15:00,7,12,30,8,15,850,59,,,,Plein jour,Hors agglomération,Hors intersection,Normale,Deux véhicules - frontale,,,,,,,,,,,1,1,1,1,1
200700074971,0007-12-06 07:45:00,7,12,6,7,45,850,130,rue du Lac,,,Nuit avec éclairage allumé,En agglomération,Hors intersection,Normale,Deux véhicules - arrière,,,,,,,,,,,5,2,1,1,2
200700074972,0007-12-11 14:00:00,7,12,11,14,0,850,113,19 chemin du frimaud,46.726,-2.347,Plein jour,En agglomération,Hors intersection,Normale,Deux véhicules - côté,,,,,,,,,,,1,2,1,1,3
200700074973,0007-12-22 18:00:00,7,12,22,18,0,850,152,,46.625,-1.66,Crépuscule ou aube,Hors agglomération,Hors intersection,Normale,Trois véhicules et plus - collisions multiples,,,,,,,,,,,2,1,1,1,5
200700074974,0007-12-20 14:15:00,7,12,20,14,15,850,163,NOIRMOUTIER EN L ILE,47.012,-2.246,Nuit avec éclairage allumé,En agglomération,Hors intersection,Normale,Deux véhicules - côté,,,,,,,,,,,5,2,1,1,3
200700074975,0007-12-07 18:45:00,7,12,7,18,45,850,222,BOULEVARD DE L'EGALITE,,,Nuit avec éclairage allumé,En agglomération,Hors intersection,Vent fort / tempête,Autre collision,,,,,,,,,,,5,2,1,6,6
200700074976,0007-12-17 11:15:00,7,12,17,11,15,850,268,,,,Plein jour,Hors agglomération,Hors intersection,Normale,Deux véhicules - frontale,,,,,,,,,,,1,1,1,1,1
200700074977,0007-12-02 19:45:00,7,12,2,19,45,850,273,,,,Crépuscule ou aube,En agglomération,Hors intersection,Normale,Autre collision,,,,,,,,,,,2,2,1,1,6
200700074978,0007-12-10 22:45:00,7,12,10,22,45,850,284,,,,Nuit sans éclairage public,Hors agglomération,Hors intersection,Normale,Sans collision,,,,,,,,,,,3,1,1,1,7
200700074979,0007-12-02 09:45:00,7,12,2,9,45,850,127,,,,Plein jour,Hors agglomération,Hors intersection,Vent fort / tempête,Autre collision,,,,,,,,,,,1,1,1,6,6
200700074980,0007-12-07 20:45:00,7,12,7,20,45,850,288,,,,Nuit sans éclairage public,Hors agglomération,Hors intersection,Normale,Deux véhicules - frontale,,,,,,,,,,,3,1,1,1,1
200700074981,0007-12-20 20:00:00,7,12,20,20,0,850,179,,,,Nuit sans éclairage public,Hors agglomération,Hors intersection,Normale,Autre collision,,,,,,,,,,,3,1,1,1,6
200700074982,0007-12-28 17:00:00,7,12,28,17,0,330,312,CD210,44.947,-0.606,Crépuscule ou aube,En agglomération,Hors intersection,Brouillard / fumée,Autre collision,,,,,,,,,,,2,2,1,5,6
200700074983,0007-12-27 16:45:00,7,12,27,16,45,330,162,Avenue du Taillan,,,Plein jour,En agglomération,Hors intersection,Normale,Autre collision,,,,,,,,,,,1,2,1,1,6
200700074984,0007-12-12 18:30:00,7,12,12,18,30,330,422,AV PIERROTON,44.81,-0.778,Nuit avec éclairage allumé,En agglomération,Hors intersection,Normale,Deux véhicules - frontale,,,,,,,,,,,5,2,1,1,1
200700074985,0007-12-14 16:00:00,7,12,14,16,0,330,477,,45.161,-0.627,Plein jour,Hors agglomération,Hors intersection,Normale,Trois véhicules et plus - collisions multiples,,,,,,,,,,,1,1,1,1,5
200700074986,0007-12-15 20:00:00,7,12,15,20,0,330,100,,45.139,-0.637,Nuit sans éclairage public,Hors agglomération,Intersection en X,Normale,Deux véhicules - côté,,,,,,,,,,,3,1,2,1,3
200700074987,0007-12-05 17:00:00,7,12,5,17,0,330,253,,,,Crépuscule ou aube,Hors agglomération,Hors intersection,Temps couvert,Autre collision,,,,,,,,,,,2,1,1,8,6
200700074988,0007-12-16 02:30:00,7,12,16,2,30,330,323,,44.576,-0.218,Nuit sans éclairage public,Hors agglomération,Hors intersection,Normale,Autre collision,,,,,,,,,,,3,1,1,1,6
200700074989,0007-12-08 14:15:00,7,12,8,14,15,330,474,,44.67,-0.47,Plein jour,Hors agglomération,Hors intersection,Autre,Trois véhicules et plus - collisions multiples,,,,,,,,,,,1,1,1,9,5
200700074990,0007-12-26 15:15:00,7,12,26,15,15,330,363,,44.76,-0.39,Plein jour,Hors agglomération,Hors intersection,Normale,Autre collision,,,,,,,,,,,1,1,1,1,6
200700074991,0007-12-03 09:00:00,7,12,3,9,0,330,80,RUE TRUCHON,44.754,-0.536,Plein jour,En agglomération,Passage à niveau,Normale,Deux véhicules - frontale,,,,,,,,,,,1,2,8,1,1
200700074992,0007-12-27 15:00:00,7,12,27,15,0,330,77,,44.62,-0.504,Plein jour,Hors agglomération,Hors intersection,Normale,Deux véhicules - frontale,,,,,,,,,,,1,1,1,1,1
200700074993,0007-12-08 19:30:00,7,12,8,19,30,330,334,,44.7,-0.41,Nuit sans éclairage public,Hors agglomération,Hors intersection,Pluie forte,Sans collision,,,,,,,,,,,3,1,1,3,7
200700074994,0007-12-06 15:15:00,7,12,6,15,15,330,415,,45.01,-0.44,Plein jour,Hors agglomération,Giratoire,Normale,Deux véhicules - côté,,,,,,,,,,,1,1,6,1,3
200700074995,0007-12-19 19:45:00,7,12,19,19,45,330,415,,45.01,-0.44,Nuit avec éclairage allumé,Hors agglomération,Giratoire,Normale,Deux véhicules - arrière,,,,,,,,,,,5,1,6,1,2
200700074996,0007-12-07 08:00:00,7,12,7,8,0,330,352,ZI Frimont RD 1113,44.588,-0.071,Crépuscule ou aube,En agglomération,Hors intersection,Pluie forte,Autre collision,,,,,,,,,,,2,2,1,3,6
200700074997,0007-12-20 10:15:00,7,12,20,10,15,330,523,,44.743,-0.269,Plein jour,Hors agglomération,Hors intersection,Normale,Deux véhicules - frontale,,,,,,,,,,,1,1,1,1,1
200700074998,0007-12-05 13:00:00,7,12,5,13,0,330,240,,45.283,-0.916,Plein jour,Hors agglomération,Hors intersection,Normale,Autre collision,,,,,,,,,,,1,1,1,1,6
200700074999,0007-12-22 01:30:00,7,12,22,1,30,330,300,,45.27,-1.07,Nuit sans éclairage public,Hors agglomération,Hors intersection,Normale,Autre collision,,,,,,,,,,,3,1,1,1,6
200700075000,0007-12-22 09:00:00,7,12,22,9,0,330,300,,,,Plein jour,Hors agglomération,Hors intersection,Normale,Sans collision,,,,,,,,,,,1,1,1,1,7
200700075001,0007-12-01 17:15:00,7,12,1,17,15,330,12,avenue de soubeyran,44.994,-0.694,Crépuscule ou aube,En agglomération,Autre intersection,Normale,Deux véhicules - côté,,,,,,,,,,,2,2,9,1,3
200700075002,0007-12-21 09:15:00,7,12,21,9,15,330,490,,45.439,-1.038,Plein jour,Hors agglomération,Hors intersection,Normale,Deux véhicules - arrière,,,,,,,,,,,1,1,1,1,2
200700075003,0007-12-12 15:30:00,7,12,12,15,30,330,531,,44.822,-0.251,Plein jour,Hors agglomération,Intersection en T,Normale,Deux véhicules - frontale,,,,,,,,,,,1,1,3,1,1
200700075004,0007-12-04 15:00:00,7,12,4,15,0,330,437,,44.871,-0.089,Plein jour,Hors agglomération,Hors intersection,Normale,Deux véhicules - frontale,,,,,,,,,,,1,1,1,1,1
200700075005,0007-12-10 09:30:00,7,12,10,9,30,330,138,,45.045,-0.134,Plein jour,Hors agglomération,Hors intersection,Normale,Sans collision,,,,,,,,,,,1,1,1,1,7
200700075006,0007-12-20 11:30:00,7,12,20,11,30,330,138,,,,Plein jour,Hors agglomération,Hors intersection,Normale,Trois véhicules et plus - collisions multiples,,,,,,,,,,,1,1,1,1,5
200700075007,0007-12-16 01:00:00,7,12,16,1,0,330,320,CD 121,,,Nuit avec éclairage allumé,En agglomération,Hors intersection,Normale,Autre collision,,,,,,,,,,,5,2,1,1,6
200700075008,0007-12-21 17:00:00,7,12,21,17,0,330,302,Impasse des cailloux,44.948,-0.184,Plein jour,En agglomération,Hors intersection,Normale,Deux véhicules - frontale,,,,,,,,,,,1,2,1,1,1
200700075009,0007-12-11 18:15:00,7,12,11,18,15,240,13,,,,Crépuscule ou aube,Hors agglomération,Hors intersection,Normale,Deux véhicules - frontale,,,,,,,,,,,2,1,1,1,1
200700075010,0007-12-20 15:30:00,7,12,20,15,30,240,518,,,,Plein jour,Hors agglomération,Hors intersection,Autre,Sans collision,,,,,,,,,,,1,1,1,9,7
200700075011,0007-12-21 01:00:00,7,12,21,1,0,240,372,,,,Nuit avec éclairage allumé,Hors agglomération,Hors intersection,Normale,Autre collision,,,,,,,,,,,5,1,1,1,6
200700075012,0007-12-21 07:45:00,7,12,21,7,45,240,394,,45.475,0.434,Crépuscule ou aube,Hors agglomération,Hors intersection,Autre,Deux véhicules - côté,,,,,,,,,,,2,1,1,9,3
200700075013,0007-12-24 02:00:00,7,12,24,2,0,240,107,,,,Nuit sans éclairage public,Hors agglomération,Hors intersection,Autre,Sans collision,,,,,,,,,,,3,1,1,9,7
200700075014,0007-12-07 19:30:00,7,12,7,19,30,240,10,,,,Nuit avec éclairage allumé,Hors agglomération,Hors intersection,Temps couvert,Autre collision,,,,,,,,,,,5,1,1,8,6
200700075015,0007-12-20 18:15:00,7,12,20,18,15,240,442,,45.126,0.487,Nuit sans éclairage public,Hors agglomération,Hors intersection,Normale,Autre collision,,,,,,,,,,,3,1,1,1,6
200700075016,0007-12-13 07:45:00,7,12,13,7,45,240,527,Le bourg,,,Crépuscule ou aube,En agglomération,Intersection en Y,Normale,Deux véhicules - côté,,,,,,,,,,,2,2,4,1,3
200700075017,0007-12-13 07:30:00,7,12,13,7,30,240,11,23 route de LIMOGES,45.217,0.829,Nuit avec éclairage allumé,En agglomération,Hors intersection,Normale,Autre collision,,,,,,,,,,,5,2,1,1,6
200700075018,0007-12-23 11:15:00,7,12,23,11,15,240,540,,45.314,0.852,Plein jour,Hors agglomération,Hors intersection,Normale,Deux véhicules - frontale,,,,,,,,,,,1,1,1,1,1
200700075019,0007-12-20 15:15:00,7,12,20,15,15,240,225,,,,Plein jour,Hors agglomération,Hors intersection,Normale,Autre collision,,,,,,,,,,,1,1,1,1,6
200700075020,0007-12-07 22:30:00,7,12,7,22,30,240,223,,,,Nuit sans éclairage public,Hors agglomération,Hors intersection,Normale,Autre collision,,,,,,,,,,,3,1,1,1,6
200700075021,0007-12-04 08:30:00,7,12,4,8,30,240,551,,45.419,0.925,Plein jour,Hors agglomération,Hors intersection,Temps couvert,Deux véhicules - frontale,,,,,,,,,,,1,1,1,8,1
200700075022,0007-12-20 13:45:00,7,12,20,13,45,240,133,,45.538,0.969,Plein jour,Hors agglomération,Hors intersection,Normale,Deux véhicules - arrière,,,,,,,,,,,1,1,1,1,2
200700075023,0007-12-23 19:30:00,7,12,23,19,30,240,158,,45.397,1.088,Nuit sans éclairage public,Hors agglomération,Hors intersection,Autre,Autre collision,,,,,,,,,,,3,1,1,9,6
200700075024,0007-12-09 13:30:00,7,12,9,13,30,240,243,,45.292,0.542,Plein jour,Hors agglomération,Hors intersection,Pluie forte,Deux véhicules - frontale,,,,,,,,,,,1,1,1,3,1
200700075025,0007-12-27 15:45:00,7,12,27,15,45,240,434,LE BOURG,45.338,0.508,Plein jour,En agglomération,Hors intersection,Normale,Autre collision,,,,,,,,,,,1,2,1,1,6
200700075026,0007-12-01 19:00:00,7,12,1,19,0,240,299,Aven georges clémenceau,,,Nuit avec éclairage allumé,En agglomération,Hors intersection,Pluie légère,Deux véhicules - côté,,,,,,,,,,,5,2,1,2,3
200700075027,0007-12-15 15:00:00,7,12,15,15,0,240,59,,,,Plein jour,Hors agglomération,Hors intersection,Normale,Deux véhicules - côté,,,,,,,,,,,1,1,1,1,3
200700075028,0007-12-02 13:15:00,7,12,2,13,15,240,520,avenue de la gare,,,Plein jour,En agglomération,Hors intersection,Normale,Autre collision,,,,,,,,,,,1,2,1,1,6
200700075029,0007-12-08 11:45:00,7,12,8,11,45,240,520,rue de la brande,,,Plein jour,En agglomération,Hors intersection,Normale,Deux véhicules - côté,,,,,,,,,,,1,2,1,1,3
200700075030,0007-12-14 18:15:00,7,12,14,18,15,240,520,route de l'abbé breuil,,,Nuit avec éclairage allumé,En agglomération,Hors intersection,Normale,Deux véhicules - frontale,,,,,,,,,,,5,2,1,1,1
200700075031,0007-12-20 10:45:00,7,12,20,10,45,400,135,,44.118,-0.606,Plein jour,Hors agglomération,Hors intersection,Autre,Sans collision,,,,,,,,,,,1,1,1,9,7
200700075032,0007-12-02 19:45:00,7,12,2,19,45,400,313,,43.807,-0.761,Nuit sans éclairage public,Hors agglomération,Hors intersection,Normale,Autre collision,,,,,,,,,,,3,1,1,1,6
200700075033,0007-12-10 13:45:00,7,12,10,13,45,400,269,,43.643,-1.1,Plein jour,Hors agglomération,Hors intersection,Temps couvert,Deux véhicules - côté,,,,,,,,,,,1,1,1,8,3
200700075034,0007-12-21 08:00:00,7,12,21,8,0,400,95,,43.631,-0.897,Crépuscule ou aube,Hors agglomération,Hors intersection,Normale,Deux véhicules - côté,,,,,,,,,,,2,1,1,1,3
200700075035,0007-12-12 07:45:00,7,12,12,7,45,400,291,Le bourg,,,Crépuscule ou aube,En agglomération,Hors intersection,Normale,Deux véhicules - frontale,,,,,,,,,,,2,2,1,1,1
200700075036,0007-12-08 18:45:00,7,12,8,18,45,400,209,AV  DU 11 NOVEMBRE 1918,43.569,-1.444,Nuit avec éclairage allumé,En agglomération,Hors intersection,Temps couvert,Deux véhicules - côté,,,,,,,,,,,5,2,1,8,3
200700075037,0007-12-27 19:00:00,7,12,27,19,0,400,273,,43.547,-1.377,Nuit avec éclairage allumé,En agglomération,Hors intersection,Normale,Deux véhicules - côté,,,,,,,,,,,5,2,1,1,3
200700075038,0007-12-30 16:30:00,7,12,30,16,30,400,44,,43.558,-1.319,Plein jour,Hors agglomération,Hors intersection,Normale,Deux véhicules - frontale,,,,,,,,,,,1,1,1,1,1
200700075039,0007-12-03 11:30:00,7,12,3,11,30,400,246,,44.183,-0.777,Nuit sans éclairage public,Hors agglomération,Hors intersection,Normale,Autre collision,,,,,,,,,,,3,1,1,1,6
200700075040,0007-12-14 13:45:00,7,12,14,13,45,400,184,rue de cadette,44.208,-1.242,Plein jour,En agglomération,Hors intersection,Normale,Deux véhicules - frontale,,,,,,,,,,,1,2,1,1,1
200700075041,0007-12-22 20:00:00,7,12,22,20,0,400,282,,,,Nuit sans éclairage public,Hors agglomération,Hors intersection,Normale,Deux véhicules - frontale,,,,,,,,,,,3,1,1,1,1
200700075042,0007-12-10 17:45:00,7,12,10,17,45,470,40,,,,Plein jour,Hors agglomération,Hors intersection,Temps couvert,Autre collision,,,,,,,,,,,1,1,1,8,6
200700075043,0007-12-24 20:30:00,7,12,24,20,30,470,169,,44.152,0.638,Nuit sans éclairage public,Hors agglomération,Hors intersection,Temps couvert,Deux véhicules - frontale,,,,,,,,,,,3,1,1,8,1
200700075044,0007-12-29 10:45:00,7,12,29,10,45,470,137,CD 931 - PK 12+355,,,Plein jour,En agglomération,Hors intersection,Brouillard / fumée,Deux véhicules - arrière,,,,,,,,,,,1,2,1,5,2
200700075045,0007-12-20 18:45:00,7,12,20,18,45,470,128,,44.171,0.705,Nuit avec éclairage allumé,Hors agglomération,Hors intersection,Normale,Sans collision,,,,,,,,,,,5,1,1,1,7
200700075046,0007-12-23 13:15:00,7,12,23,13,15,470,248,,,,Plein jour,Hors agglomération,Hors intersection,Normale,Trois véhicules et plus - collisions multiples,,,,,,,,,,,1,1,1,1,5
200700075047,0007-12-09 13:15:00,7,12,9,13,15,470,232,,,,Plein jour,Hors agglomération,Hors intersection,Pluie légère,Autre collision,,,,,,,,,,,1,1,1,2,6
200700075048,0007-12-10 09:30:00,7,12,10,9,30,470,229,,44.733,0.286,Plein jour,Hors agglomération,Hors intersection,Normale,Autre collision,,,,,,,,,,,1,1,1,1,6
200700075049,0007-12-08 19:30:00,7,12,8,19,30,470,156,,,,Nuit sans éclairage public,Hors agglomération,Hors intersection,Pluie forte,Deux véhicules - arrière,,,,,,,,,,,3,1,1,3,2
200700075050,0007-12-07 18:15:00,7,12,7,18,15,470,65,Av. du général De gaulle,44.365,0.376,Nuit avec éclairage allumé,En agglomération,Hors intersection,Temps couvert,Autre collision,,,,,,,,,,,5,2,1,8,6
200700075051,0007-12-20 08:00:00,7,12,20,8,0,470,85,,,,Nuit sans éclairage public,Hors agglomération,Hors intersection,Autre,Sans collision,,,,,,,,,,,3,1,1,9,7
200700075052,0007-12-24 17:00:00,7,12,24,17,0,470,280,Avenue de VILLENEUVE/LOT,,,Crépuscule ou aube,En agglomération,Hors intersection,Brouillard / fumée,Autre collision,,,,,,,,,,,2,2,1,5,6
200700075053,0007-12-30 05:15:00,7,12,30,5,15,470,96,,44.649,0.633,Nuit sans éclairage public,Hors agglomération,Hors intersection,Pluie légère,Deux véhicules - frontale,,,,,,,,,,,3,1,1,2,1
200700075054,0007-12-05 12:15:00,7,12,5,12,15,470,106,Avenue Léon Blum,,,Plein jour,En agglomération,Hors intersection,Normale,Autre collision,,,,,,,,,,,1,2,1,1,6
200700075055,0007-12-09 06:30:00,7,12,9,6,30,470,306,,44.381,0.492,Nuit sans éclairage public,Hors agglomération,Hors intersection,Pluie légère,Autre collision,,,,,,,,,,,3,1,1,2,6
200700075056,0007-12-15 23:30:00,7,12,15,23,30,470,309,,,,Nuit sans éclairage public,Hors agglomération,Hors intersection,Normale,Autre collision,,,,,,,,,,,3,1,1,1,6
200700075057,0007-12-27 13:15:00,7,12,27,13,15,470,313,,44.518,0.435,Plein jour,Hors agglomération,Hors intersection,Normale,Autre collision,,,,,,,,,,,1,1,1,1,6
200700075058,0007-12-28 18:45:00,7,12,28,18,45,640,230,,,,Nuit sans éclairage public,Hors agglomération,Hors intersection,Pluie forte,Deux véhicules - arrière,,,,,,,,,,,3,1,1,3,2
200700075059,0007-12-29 18:00:00,7,12,29,18,0,640,137,,43.205,-0.237,Nuit sans éclairage public,Hors agglomération,Intersection en X,Pluie légère,Deux véhicules - frontale,,,,,,,,,,,3,1,2,2,1
200700075060,0007-12-30 16:45:00,7,12,30,16,45,640,270,,43.168,-0.231,Plein jour,Hors agglomération,Hors intersection,Normale,Deux véhicules - côté,,,,,,,,,,,1,1,1,1,3
200700075061,0007-12-31 22:00:00,7,12,31,22,0,640,496,CD 22 - 5 ROUTE DES CIME,,,Nuit avec éclairage allumé,En agglomération,Hors intersection,Normale,Autre collision,,,,,,,,,,,5,2,1,1,6
200700075062,0007-12-03 10:15:00,7,12,3,10,15,640,279,,43.348,-1.401,Plein jour,Hors agglomération,Hors intersection,Pluie forte,Deux véhicules - côté,,,,,,,,,,,1,1,1,3,3
200700075063,0007-12-12 12:00:00,7,12,12,12,0,640,279,Rue Pannecau,43.339,-1.407,Plein jour,En agglomération,Hors intersection,Normale,Deux véhicules - frontale,,,,,,,,,,,1,2,1,1,1
200700075064,0007-12-10 17:45:00,7,12,10,17,45,640,559,,43.261,-0.878,Nuit sans éclairage public,Hors agglomération,Hors intersection,Pluie légère,Deux véhicules - arrière,,,,,,,,,,,3,1,1,2,2
200700075065,0007-12-22 09:45:00,7,12,22,9,45,640,493,CD 11 AV. F. DE ST JAMES,43.33,-1.029,Plein jour,En agglomération,Hors intersection,Temps éblouissant,Autre collision,,,,,,,,,,,1,2,1,7,6
200700075066,0007-12-21 09:30:00,7,12,21,9,30,640,353,RUE DE L AIGLE,43.092,-0.419,Nuit avec éclairage allumé,En agglomération,Hors intersection,Normale,Sans collision,,,,,,,,,,,5,2,1,1,7
200700075067,0007-12-05 09:00:00,7,12,5,9,0,640,5,,,,Plein jour,Hors agglomération,Hors intersection,Normale,Deux véhicules - frontale,,,,,,,,,,,1,1,1,1,1
200700075068,0007-12-05 07:30:00,7,12,5,7,30,640,306,,43.35,-0.629,Crépuscule ou aube,Hors agglomération,Hors intersection,Temps couvert,Deux véhicules - frontale,,,,,,,,,,,2,1,1,8,1
200700075069,0007-12-14 18:30:00,7,12,14,18,30,860,100,CD 87c  rte de Poitiers,,,Nuit avec éclairage allumé,En agglomération,Hors intersection,Normale,Deux véhicules - frontale,,,,,,,,,,,5,2,1,1,1
200700075070,0007-12-01 05:30:00,7,12,1,5,30,860,163,,,,Nuit sans éclairage public,Hors agglomération,Hors intersection,Pluie forte,Autre collision,,,,,,,,,,,3,1,1,3,6