accident_id,datetime,annee,mois,jour,heure,minute,departement,commune_insee,adresse,latitude,longitude,luminosite,agglomeration,intersection,meteo,collision,nb_vehicules,nb_usagers,nb_indemnes,nb_tues,nb_blesses_hosp,nb_blesses_legers,age_cond_1,age_cond_2,veh_type_cond_1,veh_type_cond_2,lum_code,agg_code,int_code,atm_code,col_code
200700075341,0007-12-13 08:00:00,7,12,13,8,0,380,97,,45.786,5.167,Crépuscule ou aube,Hors agglomération,Hors intersection,Normale,Trois véhicules et plus - collisions multiples,,,,,,,,,,,2,1,1,1,5
200700075342,0007-12-06 13:45:00,7,12,6,13,45,380,51,,45.335,4.902,Plein jour,Hors agglomération,Hors intersection,Normale,Deux véhicules - côté,,,,,,,,,,,1,1,1,1,3
200700075343,0007-12-18 17:00:00,7,12,18,17,0,380,72,,45.329,4.808,Plein jour,Hors agglomération,Hors intersection,Normale,Deux véhicules - arrière,,,,,,,,,,,1,1,1,1,2
200700075344,0007-12-19 11:45:00,7,12,19,11,45,380,72,rue du cachepiou,45.319,4.825,Plein jour,En agglomération,Hors intersection,Normale,Deux véhicules - frontale,,,,,,,,,,,1,2,1,1,1
200700075345,0007-12-22 05:00:00,7,12,22,5,0,380,468,rue claude sautet,45.344,4.808,Nuit sans éclairage public,En agglomération,Hors intersection,Pluie légère,Autre collision,,,,,,,,,,,3,2,1,2,6
200700075346,0007-12-09 14:00:00,7,12,9,14,0,420,122,,45.578,4.041,Plein jour,Hors agglomération,Hors intersection,Normale,Deux véhicules - côté,,,,,,,,,,,1,1,1,1,3
200700075347,0007-12-15 14:45:00,7,12,15,14,45,420,75,,,,Plein jour,En agglomération,Hors intersection,Normale,Autre collision,,,,,,,,,,,1,2,1,1,6
200700075348,0007-12-02 05:30:00,7,12,2,5,30,420,291,,45.831,3.881,Nuit sans éclairage public,Hors agglomération,Hors intersection,Autre,Autre collision,,,,,,,,,,,3,1,1,9,6
200700075349,0007-12-13 14:00:00,7,12,13,14,0,420,134,,,,Plein jour,Hors agglomération,Hors intersection,Normale,Trois véhicules et plus - collisions multiples,,,,,,,,,,,1,1,1,1,5
200700075350,0007-12-26 17:00:00,7,12,26,17,0,420,150,,,,Plein jour,Hors agglomération,Hors intersection,Normale,Deux véhicules - arrière,,,,,,,,,,,1,1,1,1,2
200700075351,0007-12-08 20:15:00,7,12,8,20,15,420,94,avenue Jean Jaures,45.748,4.23,Nuit avec éclairage allumé,En agglomération,Hors intersection,Pluie légère,Deux véhicules - côté,,,,,,,,,,,5,2,1,2,3
200700075352,0007-12-08 12:45:00,7,12,8,12,45,420,214,,45.674,4.295,Plein jour,Hors agglomération,Hors intersection,Normale,Deux véhicules - côté,,,,,,,,,,,1,1,1,1,3
200700075353,0007-12-16 16:00:00,7,12,16,16,0,420,66,,45.787,4.172,Plein jour,Hors agglomération,Hors intersection,Normale,Autre collision,,,,,,,,,,,1,1,1,1,6
200700075354,0007-12-31 11:30:00,7,12,31,11,30,420,94,Rue st antoine,45.746,4.229,Plein jour,En agglomération,Intersection en T,Normale,Deux véhicules - côté,,,,,,,,,,,1,2,3,1,3
200700075355,0007-12-09 03:00:00,7,12,9,3,0,420,262,,45.391,4.156,Nuit sans éclairage public,Hors agglomération,Hors intersection,Brouillard / fumée,Deux véhicules - frontale,,,,,,,,,,,3,1,1,5,1
200700075356,0007-12-18 14:00:00,7,12,18,14,0,420,228,route de st romain,,,Plein jour,En agglomération,Hors intersection,Normale,Deux véhicules - côté,,,,,,,,,,,1,2,1,1,3
200700075357,0007-12-24 18:00:00,7,12,24,18,0,420,262,,45.407,4.146,Nuit sans éclairage public,Hors agglomération,Hors intersection,Autre,Deux véhicules - frontale,,,,,,,,,,,3,1,1,9,1
200700075358,0007-12-02 15:30:00,7,12,2,15,30,420,222,,45.649,4.298,Nuit sans éclairage public,En agglomération,Hors intersection,Normale,Sans collision,,,,,,,,,,,3,2,1,1,7
200700075359,0007-12-18 11:45:00,7,12,18,11,45,420,81,Rue du 19 Mars 1962,45.613,4.258,Plein jour,En agglomération,Hors intersection,Normale,Autre collision,,,,,,,,,,,1,2,1,1,6
200700075360,0007-12-06 07:00:00,7,12,6,7,0,420,332,272 route de seigne,,,Crépuscule ou aube,En agglomération,Hors intersection,Temps couvert,Deux véhicules - côté,,,,,,,,,,,2,2,1,8,3
200700075361,0007-12-07 06:45:00,7,12,7,6,45,420,70,,45.953,4.047,Nuit sans éclairage public,Hors agglomération,Hors intersection,Pluie légère,Autre collision,,,,,,,,,,,3,1,1,2,6
200700075362,0007-12-08 18:00:00,7,12,8,18,0,420,145,,,,Nuit sans éclairage public,Hors agglomération,Hors intersection,Pluie légère,Deux véhicules - frontale,,,,,,,,,,,3,1,1,2,1
200700075363,0007-12-02 13:00:00,7,12,2,13,0,420,176,,46.05,3.97,Plein jour,Hors agglomération,Hors intersection,Normale,Autre collision,,,,,,,,,,,1,1,1,1,6
200700075364,0007-12-10 07:15:00,7,12,10,7,15,420,230,RUE NATIONALE,45.835,4.012,Crépuscule ou aube,En agglomération,Hors intersection,Pluie légère,Autre collision,,,,,,,,,,,2,2,1,2,6
200700075365,0007-12-18 12:15:00,7,12,18,12,15,730,288,,45.052,5.523,Plein jour,Hors agglomération,Hors intersection,Normale,Deux véhicules - frontale,,,,,,,,,,,1,1,1,1,1
200700075366,0007-12-17 17:15:00,7,12,17,17,15,730,84,,45.513,6.018,Plein jour,Hors agglomération,Hors intersection,Normale,Autre collision,,,,,,,,,,,1,1,1,1,6
200700075367,0007-12-19 07:00:00,7,12,19,7,0,730,330,,,,Nuit sans éclairage public,Hors agglomération,Hors intersection,Autre,Sans collision,,,,,,,,,,,3,1,1,9,7
200700075368,0007-12-04 19:45:00,7,12,4,19,45,730,162,,45.605,6.278,Nuit sans éclairage public,Hors agglomération,Hors intersection,Normale,Deux véhicules - frontale,,,,,,,,,,,3,1,1,1,1
200700075369,0007-12-20 08:30:00,7,12,20,8,30,730,283,,,,Plein jour,Hors agglomération,Hors intersection,Normale,Deux véhicules - frontale,,,,,,,,,,,1,1,1,1,1
200700075370,0007-12-03 13:15:00,7,12,3,13,15,730,54,,,,Plein jour,Hors agglomération,Hors intersection,Neige / grêle,Deux véhicules - frontale,,,,,,,,,,,1,1,1,4,1
200700075371,0007-12-28 15:30:00,7,12,28,15,30,730,54,Avenue du Maréchal Lecl,,,Plein jour,En agglomération,Hors intersection,Normale,Autre collision,,,,,,,,,,,1,2,1,1,6
200700075372,0007-12-03 23:00:00,7,12,3,23,0,730,57,,,,Nuit sans éclairage public,Hors agglomération,Hors intersection,Pluie forte,Sans collision,,,,,,,,,,,3,1,1,3,7
200700075373,0007-12-27 08:45:00,7,12,27,8,45,730,227,,,,Plein jour,Hors agglomération,Hors intersection,Normale,Deux véhicules - frontale,,,,,,,,,,,1,1,1,1,1
200700075374,0007-12-21 18:00:00,7,12,21,18,0,730,181,rue Greyffié  Bellecombe,45.491,6.532,Nuit sans éclairage public,En agglomération,Autre intersection,Normale,Autre collision,,,,,,,,,,,3,2,9,1,6
200700075375,0007-12-03 20:15:00,7,12,3,20,15,730,261,,45.215,6.491,Nuit sans éclairage public,Hors agglomération,Hors intersection,Pluie légère,Autre collision,,,,,,,,,,,3,1,1,2,6
200700075376,0007-12-14 10:30:00,7,12,14,10,30,730,248,rue de la République,45.279,6.347,Plein jour,En agglomération,Hors intersection,Temps éblouissant,Autre collision,,,,,,,,,,,1,2,1,7,6
200700075377,0007-12-16 14:30:00,7,12,16,14,30,730,320,RD 81,45.261,6.383,Crépuscule ou aube,En agglomération,Hors intersection,Normale,Deux véhicules - côté,,,,,,,,,,,2,2,1,1,3
200700075378,0007-12-27 20:00:00,7,12,27,20,0,730,306,,45.153,6.421,Nuit avec éclairage non allumé,Hors agglomération,Hors intersection,Normale,Trois véhicules et plus - collisions multiples,,,,,,,,,,,4,1,1,1,5
200700075379,0007-12-08 20:15:00,7,12,8,20,15,730,19,,45.483,6.292,Nuit sans éclairage public,Hors agglomération,Hors intersection,Pluie légère,Autre collision,,,,,,,,,,,3,1,1,2,6
200700075380,0007-12-28 08:30:00,7,12,28,8,30,730,40,,,,Plein jour,Hors agglomération,Hors intersection,Neige / grêle,Deux véhicules - frontale,,,,,,,,,,,1,1,1,4,1
200700075381,0007-12-08 04:00:00,7,12,8,4,0,740,167,,,,Nuit sans éclairage public,Hors agglomération,Hors intersection,Pluie forte,Autre collision,,,,,,,,,,,3,1,1,3,6
200700075382,0007-12-27 22:15:00,7,12,27,22,15,740,225,rue de verdun et bouleva,45.861,5.945,Nuit avec éclairage allumé,En agglomération,Intersection en T,Normale,Deux véhicules - côté,,,,,,,,,,,5,2,3,1,3
200700075383,0007-12-29 11:30:00,7,12,29,11,30,740,274,,,,Plein jour,Hors agglomération,Hors intersection,Normale,Deux véhicules - côté,,,,,,,,,,,1,1,1,1,3
200700075384,0007-12-10 10:30:00,7,12,10,10,30,740,280,rue des Clefs,45.879,6.324,Plein jour,En agglomération,Hors intersection,Neige / grêle,Deux véhicules - côté,,,,,,,,,,,1,2,1,4,3
200700075385,0007-12-04 15:30:00,7,12,4,15,30,740,42,rue des cygnes,,,Plein jour,En agglomération,Giratoire,Normale,Deux véhicules - arrière,,,,,,,,,,,1,2,6,1,2
200700075386,0007-12-13 18:45:00,7,12,13,18,45,740,212,915 rue Michel Carquilla,46.014,6.397,Nuit avec éclairage allumé,En agglomération,Hors intersection,Normale,Autre collision,,,,,,,,,,,5,2,1,1,6
200700075387,0007-12-29 01:00:00,7,12,29,1,0,740,143,156 route de l'Eglise,45.898,6.783,Nuit avec éclairage allumé,En agglomération,Hors intersection,Autre,Autre collision,,,,,,,,,,,5,2,1,9,6
200700075388,0007-12-02 11:45:00,7,12,2,11,45,740,81,Rue P. Trappier,,,Plein jour,En agglomération,Hors intersection,Normale,Autre collision,,,,,,,,,,,1,2,1,1,6
200700075389,0007-12-16 16:00:00,7,12,16,16,0,740,236,,,,Plein jour,Hors agglomération,Hors intersection,Autre,Trois véhicules et plus - collisions multiples,,,,,,,,,,,1,1,1,9,5
200700075390,0007-12-20 19:15:00,7,12,20,19,15,740,103,,,,Nuit sans éclairage public,Hors agglomération,Hors intersection,Temps couvert,Deux véhicules - côté,,,,,,,,,,,3,1,1,8,3
200700075391,0007-12-03 17:00:00,7,12,3,17,0,740,224,avenue Jean Jaurès,46.07,6.317,Nuit avec éclairage allumé,En agglomération,Hors intersection,Pluie légère,Deux véhicules - frontale,,,,,,,,,,,5,2,1,2,1
200700075392,0007-12-12 15:00:00,7,12,12,15,0,740,250,,46.033,6.392,Plein jour,Hors agglomération,Hors intersection,Temps couvert,Autre collision,,,,,,,,,,,1,1,1,8,6
200700075393,0007-12-20 01:00:00,7,12,20,1,0,740,224,RUE JEAN JAURES,,,Nuit avec éclairage allumé,En agglomération,Hors intersection,Normale,Deux véhicules - côté,,,,,,,,,,,5,2,1,1,3
200700075394,0007-12-03 10:30:00,7,12,3,10,30,740,256,ROUTE DE GENEVE,45.94,6.633,Plein jour,En agglomération,Hors intersection,Pluie légère,Autre collision,,,,,,,,,,,1,2,1,2,6
200700075395,0007-12-07 17:30:00,7,12,7,17,30,740,220,310 Grande rue,,,Nuit avec éclairage allumé,En agglomération,Hors intersection,Pluie forte,Autre collision,,,,,,,,,,,5,2,1,3,6
200700075396,0007-12-10 05:45:00,7,12,10,5,45,740,309,,,,Crépuscule ou aube,Hors agglomération,Hors intersection,Pluie forte,Trois véhicules et plus - en chaîne,,,,,,,,,,,2,1,1,3,4
200700075397,0007-12-17 05:30:00,7,12,17,5,30,740,29,lieu dit veytrens,,,Nuit avec éclairage allumé,En agglomération,Hors intersection,Normale,Sans collision,,,,,,,,,,,5,2,1,1,7
200700075398,0007-12-11 18:00:00,7,12,11,18,0,740,105,,46.33,6.294,Nuit sans éclairage public,Hors agglomération,Intersection en X,Pluie légère,Deux véhicules - frontale,,,,,,,,,,,3,1,2,2,1
200700075399,0007-12-19 05:00:00,7,12,19,5,0,630,345,,,,Nuit sans éclairage public,Hors agglomération,Hors intersection,Normale,Trois véhicules et plus - en chaîne,,,,,,,,,,,3,1,1,1,4
200700075400,0007-12-09 14:00:00,7,12,9,14,0,630,146,,45.721,3.399,Plein jour,Hors agglomération,Hors intersection,Normale,Deux véhicules - côté,,,,,,,,,,,1,1,1,1,3
200700075401,0007-12-24 11:00:00,7,12,24,11,0,630,40,carrefour du chaffour,45.723,3.335,Plein jour,En agglomération,Hors intersection,Temps éblouissant,Deux véhicules - frontale,,,,,,,,,,,1,2,1,7,1
200700075402,0007-12-27 14:45:00,7,12,27,14,45,630,236,,45.585,2.802,Plein jour,Hors agglomération,Hors intersection,Autre,Deux véhicules - côté,,,,,,,,,,,1,1,1,9,3
200700075403,0007-12-08 19:00:00,7,12,8,19,0,630,284,,,,Nuit sans éclairage public,Hors agglomération,Hors intersection,Normale,Trois véhicules et plus - collisions multiples,,,,,,,,,,,3,1,1,1,5
200700075404,0007-12-22 23:30:00,7,12,22,23,30,630,284,AVENUE DOCTEUR BESSERVE,,,Nuit avec éclairage allumé,En agglomération,Hors intersection,Normale,Deux véhicules - côté,,,,,,,,,,,5,2,1,1,3
200700075405,0007-12-30 19:45:00,7,12,30,19,45,630,284,,,,Nuit sans éclairage public,Hors agglomération,Hors intersection,Normale,Autre collision,,,,,,,,,,,3,1,1,1,6
200700075406,0007-12-14 17:00:00,7,12,14,17,0,630,227,,45.701,3.216,Crépuscule ou aube,Hors agglomération,Hors intersection,Temps couvert,Deux véhicules - frontale,,,,,,,,,,,2,1,1,8,1
200700075407,0007-12-14 17:30:00,7,12,14,17,30,630,282,CD 978,,,Nuit avec éclairage allumé,En agglomération,Autre intersection,Normale,Autre collision,,,,,,,,,,,5,2,9,1,6
200700075408,0007-12-23 16:00:00,7,12,23,16,0,630,472,,45.619,3.251,Plein jour,Hors agglomération,Hors intersection,Temps éblouissant,Autre collision,,,,,,,,,,,1,1,1,7,6
200700075409,0007-12-07 11:45:00,7,12,7,11,45,630,179,,,,Plein jour,Hors agglomération,Hors intersection,Normale,Autre collision,,,,,,,,,,,1,1,1,1,6
200700075410,0007-12-05 16:00:00,7,12,5,16,0,630,207,,45.652,3.684,Plein jour,Hors agglomération,Hors intersection,Normale,Deux véhicules - côté,,,,,,,,,,,1,1,1,1,3
200700075411,0007-12-18 16:15:00,7,12,18,16,15,630,22,,,,Plein jour,Hors agglomération,Hors intersection,Normale,Autre collision,,,,,,,,,,,1,1,1,1,6
200700075412,0007-12-05 17:30:00,7,12,5,17,30,630,135,,45.94,3.11,Nuit avec éclairage allumé,En agglomération,Hors intersection,Pluie légère,Autre collision,,,,,,,,,,,5,2,1,2,6
200700075413,0007-12-05 13:45:00,7,12,5,13,45,630,215,8 Route de Champeyroux,45.939,3.222,Plein jour,En agglomération,Hors intersection,Normale,Deux véhicules - frontale,,,,,,,,,,,1,2,1,1,1
200700075414,0007-12-01 22:45:00,7,12,1,22,45,630,381,,45.849,2.882,Nuit sans éclairage public,Hors agglomération,Hors intersection,Pluie légère,Deux véhicules - arrière,,,,,,,,,,,3,1,1,2,2
200700075415,0007-12-06 07:30:00,7,12,6,7,30,630,286,,46.076,2.99,Crépuscule ou aube,Hors agglomération,Hors intersection,Normale,Trois véhicules et plus - collisions multiples,,,,,,,,,,,2,1,1,1,5
200700075416,0007-12-13 16:00:00,7,12,13,16,0,630,430,CD94,45.867,3.527,Plein jour,En agglomération,Hors intersection,Normale,Deux véhicules - frontale,,,,,,,,,,,1,2,1,1,1
200700075417,0007-12-13 08:00:00,7,12,13,8,0,630,364,,45.834,3.424,Crépuscule ou aube,Hors agglomération,Hors intersection,Temps couvert,Sans collision,,,,,,,,,,,2,1,1,8,7
200700075418,0007-12-05 18:30:00,7,12,5,18,30,630,210,,,,Nuit sans éclairage public,Hors agglomération,Intersection en X,Normale,Deux véhicules - côté,,,,,,,,,,,3,1,2,1,3
200700075419,0007-12-24 19:30:00,7,12,24,19,30,30,85,,,,Nuit sans éclairage public,Hors agglomération,Hors intersection,Normale,Autre collision,,,,,,,,,,,3,1,1,1,6
200700075420,0007-12-26 16:15:00,7,12,26,16,15,30,114,,46.412,3.354,Plein jour,Hors agglomération,Hors intersection,Normale,Deux véhicules - côté,,,,,,,,,,,1,1,1,1,3
200700075421,0007-12-28 09:00:00,7,12,28,9,0,30,254,,,,Nuit sans éclairage public,Hors agglomération,Hors intersection,Normale,Deux véhicules - arrière,,,,,,,,,,,3,1,1,1,2
200700075422,0007-12-02 19:15:00,7,12,2,19,15,30,92,,,,Nuit sans éclairage public,Hors agglomération,Hors intersection,Normale,Deux véhicules - frontale,,,,,,,,,,,3,1,1,1,1
200700075423,0007-12-13 01:00:00,7,12,13,1,0,30,202,Rue de la mine,,,Nuit avec éclairage allumé,En agglomération,Hors intersection,Normale,Autre collision,,,,,,,,,,,5,2,1,1,6
200700075424,0007-12-14 10:00:00,7,12,14,10,0,30,69,,,,Plein jour,Hors agglomération,Hors intersection,Normale,Autre collision,,,,,,,,,,,1,1,1,1,6
200700075425,0007-12-08 15:15:00,7,12,8,15,15,30,212,,46.344,2.52,Plein jour,Hors agglomération,Hors intersection,Pluie forte,Autre collision,,,,,,,,,,,1,1,1,3,6
200700075426,0007-12-14 14:15:00,7,12,14,14,15,30,305,,46.39,2.694,Crépuscule ou aube,Hors agglomération,Hors intersection,Brouillard / fumée,Deux véhicules - frontale,,,,,,,,,,,2,1,1,5,1
200700075427,0007-12-21 22:00:00,7,12,21,22,0,30,305,,46.389,2.693,Nuit sans éclairage public,Hors agglomération,Hors intersection,Normale,Autre collision,,,,,,,,,,,3,1,1,1,6
200700075428,0007-12-09 07:30:00,7,12,9,7,30,30,52,,46.32,2.705,Plein jour,Hors agglomération,Hors intersection,Pluie légère,Sans collision,,,,,,,,,,,1,1,1,2,7
200700075429,0007-12-13 22:00:00,7,12,13,22,0,30,314,,46.29,2.619,Nuit sans éclairage public,Hors agglomération,Hors intersection,Normale,Autre collision,,,,,,,,,,,3,1,1,1,6
200700075430,0007-12-06 07:30:00,7,12,6,7,30,30,258,,,,Crépuscule ou aube,Hors agglomération,Hors intersection,Normale,Autre collision,,,,,,,,,,,2,1,1,1,6
200700075431,0007-12-08 19:15:00,7,12,8,19,15,30,264,59 Av de VICHY,46.075,3.466,Nuit avec éclairage allumé,En agglomération,Hors intersection,Pluie légère,Trois véhicules et plus - collisions multiples,,,,,,,,,,,5,2,1,2,5
200700075432,0007-12-01 18:45:00,7,12,1,18,45,30,139,,,,Nuit sans éclairage public,Hors agglomération,Hors intersection,Pluie légère,Autre collision,,,,,,,,,,,3,1,1,2,6
200700075433,0007-12-20 10:15:00,7,12,20,10,15,30,6,RUE MARCEL BRUN,46.16,3.73,Plein jour,En agglomération,Autre intersection,Normale,Sans collision,,,,,,,,,,,1,2,9,1,7
200700075434,0007-12-20 07:30:00,7,12,20,7,30,30,298,Avenue de Lyon,46.311,3.421,Crépuscule ou aube,En agglomération,Hors intersection,Temps couvert,Sans collision,,,,,,,,,,,2,2,1,8,7
200700075435,0007-12-21 08:30:00,7,12,21,8,30,30,137,,46.281,3.474,Nuit sans éclairage public,Hors agglomération,Hors intersection,Autre,Deux véhicules - côté,,,,,,,,,,,3,1,1,9,3
200700075436,0007-12-21 20:45:00,7,12,21,20,45,150,267,,44.94,2.393,Nuit avec éclairage allumé,Hors agglomération,Hors intersection,Normale,Deux véhicules - frontale,,,,,,,,,,,5,1,1,1,1
200700075437,0007-12-24 15:00:00,7,12,24,15,0,150,212,,44.658,2.226,Plein jour,Hors agglomération,Hors intersection,Normale,Deux véhicules - frontale,,,,,,,,,,,1,1,1,1,1
200700075438,0007-12-03 18:00:00,7,12,3,18,0,150,192,,45.032,2.694,Nuit sans éclairage public,Hors agglomération,Hors intersection,Pluie légère,Deux véhicules - frontale,,,,,,,,,,,3,1,1,2,1
200700075439,0007-12-09 14:00:00,7,12,9,14,0,150,19,,45.302,2.4,Plein jour,Hors agglomération,Hors intersection,Pluie légère,Sans collision,,,,,,,,,,,1,1,1,2,7
200700075440,0007-12-20 09:45:00,7,12,20,9,45,150,19,,,,Nuit sans éclairage public,Hors agglomération,Hors intersection,Autre,Deux véhicules - frontale,,,,,,,,,,,3,1,1,9,1
200700075441,0007-12-07 07:45:00,7,12,7,7,45,150,13,,45.274,3.138,Crépuscule ou aube,Hors agglomération,Hors intersection,Pluie légère,Autre collision,,,,,,,,,,,2,1,1,2,6
200700075442,0007-12-06 10:30:00,7,12,6,10,30,150,244,,45.076,2.958,Plein jour,Hors agglomération,Intersection en X,Normale,Deux véhicules - frontale,,,,,,,,,,,1,1,2,1,1
200700075443,0007-12-03 12:15:00,7,12,3,12,15,430,45,,45.025,3.843,Plein jour,Hors agglomération,Hors intersection,Normale,Deux véhicules - frontale,,,,,,,,,,,1,1,1,1,1
200700075444,0007-12-01 08:45:00,7,12,1,8,45,430,194,,45.074,4.068,Plein jour,Hors agglomération,Hors intersection,Temps couvert,Autre collision,,,,,,,,,,,1,1,1,8,6
200700075445,0007-12-18 09:45:00,7,12,18,9,45,430,74,Rue de la combe,,,Plein jour,En agglomération,Autre intersection,Temps éblouissant,Deux véhicules - frontale,,,,,,,,,,,1,2,9,7,1
200700075446,0007-12-21 10:45:00,7,12,21,10,45,430,40,Boulevard Docteur Devins,,,Plein jour,En agglomération,Hors intersection,Temps éblouissant,Autre collision,,,,,,,,,,,1,2,1,7,6
200700075447,0007-12-19 09:15:00,7,12,19,9,15,430,127,,45.351,4.162,Plein jour,Hors agglomération,Hors intersection,Autre,Autre collision,,,,,,,,,,,1,1,1,9,6
200700075448,0007-12-19 07:45:00,7,12,19,7,45,430,12,route de st paul,45.395,4.229,Crépuscule ou aube,En agglomération,Intersection en T,Normale,Deux véhicules - côté,,,,,,,,,,,2,2,3,1,3
200700075449,0007-12-11 18:30:00,7,12,11,18,30,430,87,Rue du 11 novembre,45.225,4.349,Nuit avec éclairage allumé,En agglomération,Hors intersection,Neige / grêle,Deux véhicules - frontale,,,,,,,,,,,5,2,1,4,1
200700075450,0007-12-12 09:00:00,7,12,12,9,0,430,141,CD 500,,,Plein jour,En agglomération,Hors intersection,Neige / grêle,Deux véhicules - frontale,,,,,,,,,,,1,2,1,4,1
200700075451,0007-12-21 16:45:00,7,12,21,16,45,430,114,,,,Plein jour,Hors agglomération,Hors intersection,Normale,Autre collision,,,,,,,,,,,1,1,1,1,6
200700075452,0007-12-07 16:30:00,7,12,7,16,30,570,17,rue du vieux chemin,,,Plein jour,En agglomération,Hors intersection,Normale,Deux véhicules - frontale,,,,,,,,,,,1,2,1,1,1
200700075453,0007-12-21 11:00:00,7,12,21,11,0,570,620,13 rue Antoine ménard,49.206,6.017,Plein jour,En agglomération,Hors intersection,Temps éblouissant,Autre collision,,,,,,,,,,,1,2,1,7,6
200700075454,0007-12-31 16:30:00,7,12,31,16,30,570,415,,49.153,6.125,Crépuscule ou aube,Hors agglomération,Hors intersection,Temps couvert,Deux véhicules - frontale,,,,,,,,,,,2,1,1,8,1
200700075455,0007-12-31 16:00:00,7,12,31,16,0,570,620,rue de Briey,49.2,5.996,Nuit avec éclairage allumé,En agglomération,Hors intersection,Pluie légère,Deux véhicules - côté,,,,,,,,,,,5,2,1,2,3
200700075456,0007-12-22 16:45:00,7,12,22,16,45,570,433,Grand'rue,,,Nuit avec éclairage allumé,En agglomération,Hors intersection,Pluie forte,Deux véhicules - arrière,,,,,,,,,,,5,2,1,3,2
200700075457,0007-12-28 16:15:00,7,12,28,16,15,570,433,38 rue de METZ,49.217,6.175,Plein jour,En agglomération,Hors intersection,Temps couvert,Deux véhicules - arrière,,,,,,,,,,,1,2,1,8,2
200700075458,0007-12-11 06:45:00,7,12,11,6,45,570,572,,,,Nuit sans éclairage public,Hors agglomération,Hors intersection,Normale,Sans collision,,,,,,,,,,,3,1,1,1,7
200700075459,0007-12-12 06:00:00,7,12,12,6,0,570,655,,,,Nuit sans éclairage public,En agglomération,Hors intersection,Normale,Deux véhicules - arrière,,,,,,,,,,,3,2,1,1,2
200700075460,0007-12-25 12:30:00,7,12,25,12,30,570,55,,,,Plein jour,Hors agglomération,Intersection en X,Normale,Deux véhicules - côté,,,,,,,,,,,1,1,2,1,3
200700075461,0007-12-17 17:00:00,7,12,17,17,0,570,648,,,,Nuit sans éclairage public,Hors agglomération,Hors intersection,Temps couvert,Deux véhicules - frontale,,,,,,,,,,,3,1,1,8,1
200700075462,0007-12-30 15:00:00,7,12,30,15,0,570,193,,,,Plein jour,Hors agglomération,Hors intersection,Normale,Sans collision,,,,,,,,,,,1,1,1,1,7
200700075463,0007-12-27 18:30:00,7,12,27,18,30,570,97,,,,Nuit sans éclairage public,Hors agglomération,Hors intersection,Autre,Deux véhicules - frontale,,,,,,,,,,,3,1,1,9,1
200700075464,0007-12-08 13:00:00,7,12,8,13,0,570,274,,,,Plein jour,Hors agglomération,Hors intersection,Normale,Deux véhicules - frontale,,,,,,,,,,,1,1,1,1,1
200700075465,0007-12-10 17:30:00,7,12,10,17,30,570,87,50 rue Principale,,,Nuit avec éclairage allumé,En agglomération,Hors intersection,Pluie légère,Autre collision,,,,,,,,,,,5,2,1,2,6
200700075466,0007-12-07 07:30:00,7,12,7,7,30,570,190,35 rue de Lorraine,49.062,6.554,Nuit avec éclairage allumé,En agglomération,Hors intersection,Pluie légère,Autre collision,,,,,,,,,,,5,2,1,2,6
200700075467,0007-12-30 13:45:00,7,12,30,13,45,570,281,,,,Plein jour,Hors agglomération,Hors intersection,Normale,Autre collision,,,,,,,,,,,1,1,1,1,6
200700075468,0007-12-19 07:45:00,7,12,19,7,45,570,379,,48.959,6.612,Crépuscule ou aube,Hors agglomération,Passage à niveau,Brouillard / fumée,Autre collision,,,,,,,,,,,2,1,8,5,6
200700075469,0007-12-21 17:45:00,7,12,21,17,45,570,177,RUE E FRIANT,,,Nuit avec éclairage allumé,En agglomération,Hors intersection,Normale,Autre collision,,,,,,,,,,,5,2,1,1,6
200700075470,0007-12-09 16:15:00,7,12,9,16,15,570,690,rue Lamartine,,,Nuit avec éclairage allumé,En agglomération,Hors intersection,Normale,Autre collision,,,,,,,,,,,5,2,1,1,6
200700075471,0007-12-08 10:00:00,7,12,8,10,0,570,14,rue Principale,49.034,6.816,Plein jour,En agglomération,Hors intersection,Normale,Deux véhicules - côté,,,,,,,,,,,1,2,1,1,3
200700075472,0007-12-28 17:30:00,7,12,28,17,30,570,428,,,,Nuit sans éclairage public,Hors agglomération,Hors intersection,Normale,Autre collision,,,,,,,,,,,3,1,1,1,6
200700075473,0007-12-30 17:45:00,7,12,30,17,45,570,262,55 route nationale,48.982,6.736,Nuit avec éclairage allumé,En agglomération,Hors intersection,Pluie légère,Autre collision,,,,,,,,,,,5,2,1,2,6