accident_id,datetime,annee,mois,jour,heure,minute,departement,commune_insee,adresse,latitude,longitude,luminosite,agglomeration,intersection,meteo,collision,nb_vehicules,nb_usagers,nb_indemnes,nb_tues,nb_blesses_hosp,nb_blesses_legers,age_cond_1,age_cond_2,veh_type_cond_1,veh_type_cond_2,lum_code,agg_code,int_code,atm_code,col_code
200700075607,0007-12-10 09:00:00,7,12,10,9,0,520,420,,48.294,5.337,Plein jour,Hors agglomération,Hors intersection,Pluie légère,Autre collision,,,,,,,,,,,1,1,1,2,6
200700075608,0007-12-16 05:00:00,7,12,16,5,0,520,468,,48.256,5.456,Nuit sans éclairage public,Hors agglomération,Hors intersection,Autre,Autre collision,,,,,,,,,,,3,1,1,9,6
200700075609,0007-12-18 06:15:00,7,12,18,6,15,520,423,,48.268,5.32,Nuit sans éclairage public,Hors agglomération,Hors intersection,Normale,Autre collision,,,,,,,,,,,3,1,1,1,6
200700075610,0007-12-23 18:00:00,7,12,23,18,0,520,269,ROND POINT DE LA PISCINE,,,Nuit avec éclairage allumé,En agglomération,Giratoire,Normale,Deux véhicules - arrière,,,,,,,,,,,5,2,6,1,2
200700075611,0007-12-31 12:00:00,7,12,31,12,0,520,242,,,,Plein jour,Hors agglomération,Hors intersection,Normale,Sans collision,,,,,,,,,,,1,1,1,1,7
200700075612,0007-12-15 18:30:00,7,12,15,18,30,520,354,,,,Nuit sans éclairage public,Hors agglomération,Hors intersection,Brouillard / fumée,Sans collision,,,,,,,,,,,3,1,1,5,7
200700075613,0007-12-20 10:45:00,7,12,20,10,45,520,93,,,,Plein jour,Hors agglomération,Hors intersection,Autre,Sans collision,,,,,,,,,,,1,1,1,9,7
200700075614,0007-12-24 18:00:00,7,12,24,18,0,520,213,,47.736,5.613,Nuit sans éclairage public,Hors agglomération,Hors intersection,Autre,Trois véhicules et plus - collisions multiples,,,,,,,,,,,3,1,1,9,5
200700075615,0007-12-29 11:15:00,7,12,29,11,15,520,14,,47.774,5.222,Plein jour,Hors agglomération,Hors intersection,Pluie légère,Deux véhicules - frontale,,,,,,,,,,,1,1,1,2,1
200700075616,0007-12-04 19:45:00,7,12,4,19,45,520,79,,,,Nuit sans éclairage public,Hors agglomération,Hors intersection,Pluie légère,Sans collision,,,,,,,,,,,3,1,1,2,7
200700075617,0007-12-22 11:45:00,7,12,22,11,45,520,57,,48.368,4.829,Plein jour,Hors agglomération,Hors intersection,Autre,Deux véhicules - frontale,,,,,,,,,,,1,1,1,9,1
200700075618,0007-12-14 20:45:00,7,12,14,20,45,890,350,,48.013,3.157,Nuit sans éclairage public,Hors agglomération,Hors intersection,Normale,Autre collision,,,,,,,,,,,3,1,1,1,6
200700075619,0007-12-23 20:15:00,7,12,23,20,15,890,350,,48.006,3.166,Nuit sans éclairage public,Hors agglomération,Hors intersection,Normale,Autre collision,,,,,,,,,,,3,1,1,1,6
200700075620,0007-12-14 21:30:00,7,12,14,21,30,210,652,,,,Nuit sans éclairage public,Hors agglomération,Hors intersection,Normale,Deux véhicules - arrière,,,,,,,,,,,3,1,1,1,2
200700075621,0007-12-16 17:15:00,7,12,16,17,15,210,244,,47.308,4.503,Crépuscule ou aube,Hors agglomération,Hors intersection,Normale,Autre collision,,,,,,,,,,,2,1,1,1,6
200700075622,0007-12-26 05:15:00,7,12,26,5,15,210,634,,,,Nuit sans éclairage public,Hors agglomération,Hors intersection,Autre,Deux véhicules - arrière,,,,,,,,,,,3,1,1,9,2
200700075623,0007-12-26 05:15:00,7,12,26,5,15,210,634,,,,Nuit sans éclairage public,Hors agglomération,Hors intersection,Autre,Trois véhicules et plus - en chaîne,,,,,,,,,,,3,1,1,9,4
200700075624,0007-12-07 12:00:00,7,12,7,12,0,210,699,,47.205,5.377,Plein jour,Hors agglomération,Hors intersection,Pluie forte,Deux véhicules - frontale,,,,,,,,,,,1,1,1,3,1
200700075625,0007-12-14 16:45:00,7,12,14,16,45,210,352,,47.214,5.277,Crépuscule ou aube,Hors agglomération,Hors intersection,Normale,Deux véhicules - côté,,,,,,,,,,,2,1,1,1,3
200700075626,0007-12-02 12:00:00,7,12,2,12,0,210,200,Rue de la Levée,47.261,4.99,Plein jour,En agglomération,Hors intersection,Normale,Deux véhicules - côté,,,,,,,,,,,1,2,1,1,3
200700075627,0007-12-16 09:00:00,7,12,16,9,0,210,390,CD 974 carrefour NOVOTEL,47.283,5.008,Plein jour,En agglomération,Giratoire,Normale,Deux véhicules - côté,,,,,,,,,,,1,2,6,1,3
200700075628,0007-12-24 14:30:00,7,12,24,14,30,210,23,rue moulin - rue chauvea,,,Plein jour,En agglomération,Hors intersection,Normale,Deux véhicules - côté,,,,,,,,,,,1,2,1,1,3
200700075629,0007-12-03 08:45:00,7,12,3,8,45,210,564,,47.13,5.099,Crépuscule ou aube,Hors agglomération,Hors intersection,Pluie légère,Deux véhicules - frontale,,,,,,,,,,,2,1,1,2,1
200700075630,0007-12-05 10:00:00,7,12,5,10,0,210,154,RN71,,,Nuit avec éclairage non allumé,En agglomération,Hors intersection,Pluie légère,Autre collision,,,,,,,,,,,4,2,1,2,6
200700075631,0007-12-04 19:00:00,7,12,4,19,0,210,603,2 rue Voltaire,,,Nuit avec éclairage non allumé,En agglomération,Hors intersection,Normale,Autre collision,,,,,,,,,,,4,2,1,1,6
200700075632,0007-12-08 22:00:00,7,12,8,22,0,210,425,route de laigne,47.632,4.344,Nuit avec éclairage allumé,En agglomération,Hors intersection,Pluie légère,Deux véhicules - frontale,,,,,,,,,,,5,2,1,2,1
200700075633,0007-12-21 19:00:00,7,12,21,19,0,210,212,Rue Garibaldi,,,Nuit avec éclairage allumé,En agglomération,Hors intersection,Autre,Autre collision,,,,,,,,,,,5,2,1,9,6
200700075634,0007-12-02 18:15:00,7,12,2,18,15,580,151,,,,Nuit sans éclairage public,Hors agglomération,Hors intersection,Pluie légère,Sans collision,,,,,,,,,,,3,1,1,2,7
200700075635,0007-12-04 01:45:00,7,12,4,1,45,580,134,Rue P. V. C.,46.934,3.262,Nuit avec éclairage allumé,En agglomération,Hors intersection,Pluie forte,Autre collision,,,,,,,,,,,5,2,1,3,6
200700075636,0007-12-15 05:00:00,7,12,15,5,0,580,278,,46.941,3.16,Nuit sans éclairage public,Hors agglomération,Hors intersection,Normale,Autre collision,,,,,,,,,,,3,1,1,1,6
200700075637,0007-12-12 17:30:00,7,12,12,17,30,580,25,,46.876,3.315,Nuit sans éclairage public,Hors agglomération,Intersection en T,Normale,Deux véhicules - frontale,,,,,,,,,,,3,1,3,1,1
200700075638,0007-12-13 10:30:00,7,12,13,10,30,580,152,,46.502,3.262,Plein jour,Hors agglomération,Hors intersection,Normale,Deux véhicules - frontale,,,,,,,,,,,1,1,1,1,1
200700075639,0007-12-26 08:00:00,7,12,26,8,0,580,41,,47.283,3.492,Crépuscule ou aube,En agglomération,Hors intersection,Autre,Sans collision,,,,,,,,,,,2,2,1,9,7
200700075640,0007-12-23 21:30:00,7,12,23,21,30,580,90,,47.418,3.412,Nuit sans éclairage public,Hors agglomération,Hors intersection,Normale,Autre collision,,,,,,,,,,,3,1,1,1,6
200700075641,0007-12-06 17:30:00,7,12,6,17,30,580,83,ROUTE DE SAINT SAULGE,,,Nuit avec éclairage allumé,En agglomération,Hors intersection,Pluie légère,Autre collision,,,,,,,,,,,5,2,1,2,6
200700075642,0007-12-21 08:00:00,7,12,21,8,0,580,86,Avenue du 85° ligne,,,Crépuscule ou aube,En agglomération,Hors intersection,Normale,Autre collision,,,,,,,,,,,2,2,1,1,6
200700075643,0007-12-28 00:15:00,7,12,28,0,15,580,261,74 rue de Donzy,,,Nuit sans éclairage public,En agglomération,Hors intersection,Pluie légère,Autre collision,,,,,,,,,,,3,2,1,2,6
200700075644,0007-12-09 17:45:00,7,12,9,17,45,710,65,,46.431,4.534,Nuit sans éclairage public,Hors agglomération,Hors intersection,Temps couvert,Sans collision,,,,,,,,,,,3,1,1,8,7
200700075645,0007-12-03 19:30:00,7,12,3,19,30,710,493,,,,Nuit sans éclairage public,Hors agglomération,Hors intersection,Normale,Deux véhicules - frontale,,,,,,,,,,,3,1,1,1,1
200700075646,0007-12-09 06:45:00,7,12,9,6,45,710,165,,,,Nuit sans éclairage public,Hors agglomération,Hors intersection,Pluie légère,Autre collision,,,,,,,,,,,3,1,1,2,6
200700075647,0007-12-09 11:15:00,7,12,9,11,15,710,15,,,,Plein jour,Hors agglomération,Hors intersection,Temps couvert,Sans collision,,,,,,,,,,,1,1,1,8,7
200700075648,0007-12-26 10:00:00,7,12,26,10,0,710,14,,46.949,4.277,Plein jour,Hors agglomération,Hors intersection,Pluie légère,Autre collision,,,,,,,,,,,1,1,1,2,6
200700075649,0007-12-29 11:30:00,7,12,29,11,30,710,294,,,,Plein jour,Hors agglomération,Hors intersection,Normale,Sans collision,,,,,,,,,,,1,1,1,1,7
200700075650,0007-12-11 13:15:00,7,12,11,13,15,710,186,,46.957,5.066,Plein jour,Hors agglomération,Intersection en X,Normale,Deux véhicules - côté,,,,,,,,,,,1,1,2,1,3
200700075651,0007-12-26 08:30:00,7,12,26,8,30,710,2,,,,Crépuscule ou aube,Hors agglomération,Hors intersection,Autre,Sans collision,,,,,,,,,,,2,1,1,9,7
200700075652,0007-12-01 01:30:00,7,12,1,1,30,710,176,,46.492,4.053,Nuit sans éclairage public,Hors agglomération,Hors intersection,Brouillard / fumée,Autre collision,,,,,,,,,,,3,1,1,5,6
200700075653,0007-12-20 06:45:00,7,12,20,6,45,710,275,Rue du Gral De Gaulle,46.279,4.046,Crépuscule ou aube,En agglomération,Hors intersection,Autre,Deux véhicules - côté,,,,,,,,,,,2,2,1,9,3
200700075654,0007-12-22 17:30:00,7,12,22,17,30,710,434,,,,Crépuscule ou aube,Hors agglomération,Hors intersection,Normale,Deux véhicules - frontale,,,,,,,,,,,2,1,1,1,1
200700075655,0007-12-17 10:45:00,7,12,17,10,45,710,409,PONT LA CHARBONNIERE,46.927,4.428,Plein jour,En agglomération,Hors intersection,Autre,Deux véhicules - frontale,,,,,,,,,,,1,2,1,9,1
200700075656,0007-12-25 17:30:00,7,12,25,17,30,710,346,46 rue des grosses pierr,,,Nuit avec éclairage allumé,En agglomération,Hors intersection,Temps couvert,Autre collision,,,,,,,,,,,5,2,1,8,6
200700075657,0007-12-05 18:00:00,7,12,5,18,0,710,528,,,,Nuit sans éclairage public,Hors agglomération,Hors intersection,Normale,Autre collision,,,,,,,,,,,3,1,1,1,6
200700075658,0007-12-03 15:30:00,7,12,3,15,30,710,326,,,,Plein jour,Hors agglomération,Hors intersection,Normale,Deux véhicules - côté,,,,,,,,,,,1,1,1,1,3
200700075659,0007-12-30 18:30:00,7,12,30,18,30,890,13,,47.902,3.522,Nuit sans éclairage public,Hors agglomération,Hors intersection,Normale,Trois véhicules et plus - en chaîne,,,,,,,,,,,3,1,1,1,4
200700075660,0007-12-07 21:15:00,7,12,7,21,15,890,295,,47.833,3.543,Nuit sans éclairage public,Hors agglomération,Hors intersection,Normale,Autre collision,,,,,,,,,,,3,1,1,1,6
200700075661,0007-12-23 16:00:00,7,12,23,16,0,890,438,,,,Plein jour,Hors agglomération,Autre intersection,Normale,Deux véhicules - frontale,,,,,,,,,,,1,1,9,1,1
200700075662,0007-12-07 20:15:00,7,12,7,20,15,890,426,,,,Nuit avec éclairage non allumé,Hors agglomération,Hors intersection,Pluie légère,Sans collision,,,,,,,,,,,4,1,1,2,7
200700075663,0007-12-21 21:45:00,7,12,21,21,45,890,118,,,,Nuit sans éclairage public,Hors agglomération,Hors intersection,Normale,Sans collision,,,,,,,,,,,3,1,1,1,7
200700075664,0007-12-26 09:00:00,7,12,26,9,0,890,237,,,,Plein jour,Hors agglomération,Hors intersection,Autre,Sans collision,,,,,,,,,,,1,1,1,9,7
200700075665,0007-12-18 07:45:00,7,12,18,7,45,890,68,,,,Nuit avec éclairage allumé,Hors agglomération,Giratoire,Normale,Deux véhicules - arrière,,,,,,,,,,,5,1,6,1,2
200700075666,0007-12-20 19:00:00,7,12,20,19,0,890,328,,,,Nuit sans éclairage public,Hors agglomération,Hors intersection,Normale,Autre collision,,,,,,,,,,,3,1,1,1,6
200700075667,0007-12-22 18:30:00,7,12,22,18,30,890,198,,47.87,3.581,Nuit sans éclairage public,Hors agglomération,Hors intersection,Normale,Autre collision,,,,,,,,,,,3,1,1,1,6
200700075668,0007-12-23 12:45:00,7,12,23,12,45,890,198,,47.868,3.577,Plein jour,Hors agglomération,Hors intersection,Autre,Autre collision,,,,,,,,,,,1,1,1,9,6
200700075669,0007-12-01 14:45:00,7,12,1,14,45,890,190,,,,Plein jour,Hors agglomération,Hors intersection,Temps couvert,Autre collision,,,,,,,,,,,1,1,1,8,6
200700075670,0007-12-23 06:00:00,7,12,23,6,0,890,91,rue de la chatonière,,,Nuit sans éclairage public,En agglomération,Hors intersection,Normale,Autre collision,,,,,,,,,,,3,2,1,1,6
200700075671,0007-12-07 12:00:00,7,12,7,12,0,890,197,Hameau de COURTEROLLES,,,Plein jour,En agglomération,Hors intersection,Normale,Sans collision,,,,,,,,,,,1,2,1,1,7
200700075672,0007-12-09 15:00:00,7,12,9,15,0,890,448,,,,Plein jour,Hors agglomération,Hors intersection,Pluie légère,Sans collision,,,,,,,,,,,1,1,1,2,7
200700075673,0007-12-14 20:15:00,7,12,14,20,15,890,92,,47.618,4.143,Nuit sans éclairage public,Hors agglomération,Hors intersection,Normale,Autre collision,,,,,,,,,,,3,1,1,1,6
200700075674,0007-12-29 19:45:00,7,12,29,19,45,890,206,CD47,47.986,3.414,Nuit avec éclairage allumé,En agglomération,Hors intersection,Normale,Autre collision,,,,,,,,,,,5,2,1,1,6
200700075675,0007-12-31 16:30:00,7,12,31,16,30,890,304,,47.843,3.385,Plein jour,Hors agglomération,Hors intersection,Normale,Deux véhicules - côté,,,,,,,,,,,1,1,1,1,3
200700075676,0007-12-27 17:00:00,7,12,27,17,0,890,241,,47.823,3.114,Nuit sans éclairage public,Hors agglomération,Hors intersection,Autre,Autre collision,,,,,,,,,,,3,1,1,9,6
200700075677,0007-12-02 17:00:00,7,12,2,17,0,890,105,,47.898,3.52,Nuit sans éclairage public,Hors agglomération,Hors intersection,Pluie légère,Trois véhicules et plus - collisions multiples,,,,,,,,,,,3,1,1,2,5
200700075678,0007-12-02 18:30:00,7,12,2,18,30,890,14,,,,Nuit sans éclairage public,Hors agglomération,Hors intersection,Pluie forte,Sans collision,,,,,,,,,,,3,1,1,3,7
200700075679,0007-12-14 20:30:00,7,12,14,20,30,890,239,,,,Nuit avec éclairage allumé,Hors agglomération,Hors intersection,Normale,Deux véhicules - côté,,,,,,,,,,,5,1,1,1,3
200700075680,0007-12-20 10:30:00,7,12,20,10,30,890,387,,48.175,3.275,Plein jour,Hors agglomération,Hors intersection,Autre,Deux véhicules - côté,,,,,,,,,,,1,1,1,9,3
200700075681,0007-12-23 09:15:00,7,12,23,9,15,890,240,,,,Plein jour,Hors agglomération,Hors intersection,Autre,Sans collision,,,,,,,,,,,1,1,1,9,7
200700075682,0007-12-23 18:15:00,7,12,23,18,15,890,236,6 rue du Terrier,,,Nuit avec éclairage allumé,En agglomération,Hors intersection,Autre,Sans collision,,,,,,,,,,,5,2,1,9,7
200700075683,0007-12-21 11:30:00,7,12,21,11,30,890,370,,48.229,3.191,Plein jour,Hors agglomération,Hors intersection,Normale,Autre collision,,,,,,,,,,,1,1,1,1,6
200700075684,0007-12-22 11:45:00,7,12,22,11,45,890,369,,48.23,3.184,Plein jour,En agglomération,Hors intersection,Normale,Autre collision,,,,,,,,,,,1,2,1,1,6
200700075685,0007-12-27 14:15:00,7,12,27,14,15,890,467,,48.286,3.063,Plein jour,Hors agglomération,Hors intersection,Normale,Autre collision,,,,,,,,,,,1,1,1,1,6
200700075686,0007-12-31 05:45:00,7,12,31,5,45,890,370,,,,Nuit sans éclairage public,Hors agglomération,Hors intersection,Temps couvert,Autre collision,,,,,,,,,,,3,1,1,8,6
200700075687,0007-12-09 19:00:00,7,12,9,19,0,890,464,,,,Nuit sans éclairage public,Hors agglomération,Hors intersection,Pluie légère,Autre collision,,,,,,,,,,,3,1,1,2,6
200700075688,0007-12-20 09:15:00,7,12,20,9,15,890,298,,,,Plein jour,Hors agglomération,Hors intersection,Autre,Autre collision,,,,,,,,,,,1,1,1,9,6
200700075689,0007-12-20 23:30:00,7,12,20,23,30,890,298,,48.061,3.134,Nuit sans éclairage public,Hors agglomération,Hors intersection,Normale,Deux véhicules - frontale,,,,,,,,,,,3,1,1,1,1
200700075690,0007-12-26 04:15:00,7,12,26,4,15,890,142,,,,Nuit sans éclairage public,Hors agglomération,Hors intersection,Autre,Autre collision,,,,,,,,,,,3,1,1,9,6
200700075691,0007-12-19 15:00:00,7,12,19,15,0,890,87,,,,Plein jour,Hors agglomération,Hors intersection,Normale,Deux véhicules - côté,,,,,,,,,,,1,1,1,1,3
200700075692,0007-12-22 21:00:00,7,12,22,21,0,890,407,,,,Nuit sans éclairage public,Hors agglomération,Hors intersection,Normale,Autre collision,,,,,,,,,,,3,1,1,1,6
200700075693,0007-12-28 14:45:00,7,12,28,14,45,890,262,,,,Plein jour,Hors agglomération,Hors intersection,Temps couvert,Sans collision,,,,,,,,,,,1,1,1,8,7
200700075694,0007-12-29 18:30:00,7,12,29,18,30,250,434,,,,Nuit sans éclairage public,Hors agglomération,Hors intersection,Autre,Deux véhicules - côté,,,,,,,,,,,3,1,1,9,3
200700075695,0007-12-10 17:15:00,7,12,10,17,15,250,220,,,,Nuit sans éclairage public,Hors agglomération,Hors intersection,Pluie forte,Deux véhicules - frontale,,,,,,,,,,,3,1,1,3,1
200700075696,0007-12-13 12:00:00,7,12,13,12,0,250,103,,,,Plein jour,Hors agglomération,Giratoire,Normale,Trois véhicules et plus - en chaîne,,,,,,,,,,,1,1,6,1,4
200700075697,0007-12-18 17:30:00,7,12,18,17,30,250,527,,,,Nuit sans éclairage public,Hors agglomération,Hors intersection,Normale,Deux véhicules - arrière,,,,,,,,,,,3,1,1,1,2
200700075698,0007-12-11 09:00:00,7,12,11,9,0,250,284,rte de sochaux,,,Nuit avec éclairage allumé,En agglomération,Hors intersection,Autre,Autre collision,,,,,,,,,,,5,2,1,9,6
200700075699,0007-12-02 03:00:00,7,12,2,3,0,250,586,,,,Nuit sans éclairage public,Hors agglomération,Hors intersection,Pluie légère,Deux véhicules - frontale,,,,,,,,,,,3,1,1,2,1
200700075700,0007-12-08 03:45:00,7,12,8,3,45,250,304,,,,Nuit sans éclairage public,Hors agglomération,Hors intersection,Pluie légère,Autre collision,,,,,,,,,,,3,1,1,2,6
200700075701,0007-12-09 08:15:00,7,12,9,8,15,250,4,,,,Crépuscule ou aube,Hors agglomération,Hors intersection,Pluie légère,Sans collision,,,,,,,,,,,2,1,1,2,7
200700075702,0007-12-11 17:00:00,7,12,11,17,0,250,356,,,,Crépuscule ou aube,Hors agglomération,Hors intersection,Neige / grêle,Deux véhicules - frontale,,,,,,,,,,,2,1,1,4,1
200700075703,0007-12-26 12:15:00,7,12,26,12,15,250,47,,,,Plein jour,Hors agglomération,Autre intersection,Neige / grêle,Sans collision,,,,,,,,,,,1,1,9,4,7
200700075704,0007-12-16 00:30:00,7,12,16,0,30,250,495,,47.282,6.12,Nuit sans éclairage public,Hors agglomération,Hors intersection,Normale,Sans collision,,,,,,,,,,,3,1,1,1,7
200700075705,0007-12-08 19:00:00,7,12,8,19,0,250,453,grande rue,,,Nuit avec éclairage allumé,En agglomération,Hors intersection,Neige / grêle,Autre collision,,,,,,,,,,,5,2,1,4,6
200700075706,0007-12-07 19:00:00,7,12,7,19,0,250,122,,46.957,6.171,Nuit sans éclairage public,Hors agglomération,Hors intersection,Pluie légère,Trois véhicules et plus - collisions multiples,,,,,,,,,,,3,1,1,2,5
200700075707,0007-12-08 16:15:00,7,12,8,16,15,250,259,,46.842,6.119,Nuit sans éclairage public,Hors agglomération,Hors intersection,Neige / grêle,Deux véhicules - frontale,,,,,,,,,,,3,1,1,4,1
200700075708,0007-12-08 08:00:00,7,12,8,8,0,250,440,,,,Plein jour,Hors agglomération,Hors intersection,Neige / grêle,Deux véhicules - frontale,,,,,,,,,,,1,1,1,4,1
200700075709,0007-12-26 20:45:00,7,12,26,20,45,250,259,,,,Nuit sans éclairage public,Hors agglomération,Hors intersection,Autre,Trois véhicules et plus - collisions multiples,,,,,,,,,,,3,1,1,9,5
200700075710,0007-12-28 14:15:00,7,12,28,14,15,250,271,rue Jean DE LATTRE,,,Plein jour,En agglomération,Hors intersection,Normale,Deux véhicules - frontale,,,,,,,,,,,1,2,1,1,1
200700075711,0007-12-06 16:45:00,7,12,6,16,45,390,241,,46.651,5.49,Plein jour,Hors agglomération,Hors intersection,Pluie légère,Deux véhicules - côté,,,,,,,,,,,1,1,1,2,3
200700075712,0007-12-18 19:45:00,7,12,18,19,45,390,13,,,,Nuit sans éclairage public,Hors agglomération,Hors intersection,Brouillard / fumée,Deux véhicules - frontale,,,,,,,,,,,3,1,1,5,1
200700075713,0007-12-15 13:00:00,7,12,15,13,0,390,577,,46.801,5.489,Plein jour,Hors agglomération,Hors intersection,Normale,Deux véhicules - frontale,,,,,,,,,,,1,1,1,1,1
200700075714,0007-12-19 19:45:00,7,12,19,19,45,390,452,,47.145,5.722,Nuit sans éclairage public,Hors agglomération,Hors intersection,Brouillard / fumée,Autre collision,,,,,,,,,,,3,1,1,5,6
200700075715,0007-12-09 13:00:00,7,12,9,13,0,390,131,,46.599,5.905,Plein jour,Hors agglomération,Hors intersection,Neige / grêle,Deux véhicules - arrière,,,,,,,,,,,1,1,1,4,2
200700075716,0007-12-17 16:45:00,7,12,17,16,45,390,487,,46.58,5.97,Plein jour,Hors agglomération,Hors intersection,Normale,Deux véhicules - frontale,,,,,,,,,,,1,1,1,1,1
200700075717,0007-12-22 05:30:00,7,12,22,5,30,390,579,21 ROUTE DE LA PESSE,46.299,5.737,Nuit avec éclairage allumé,En agglomération,Hors intersection,Normale,Autre collision,,,,,,,,,,,5,2,1,1,6
200700075718,0007-12-05 13:15:00,7,12,5,13,15,700,46,,,,Plein jour,Hors agglomération,Hors intersection,Temps éblouissant,Deux véhicules - frontale,,,,,,,,,,,1,1,1,7,1
200700075719,0007-12-21 20:15:00,7,12,21,20,15,700,310,Zone des Cloyes,47.688,6.517,Nuit sans éclairage public,En agglomération,Hors intersection,Autre,Deux véhicules - frontale,,,,,,,,,,,3,2,1,9,1
200700075720,0007-12-20 19:15:00,7,12,20,19,15,700,581,,47.645,6.443,Nuit sans éclairage public,Hors agglomération,Hors intersection,Autre,Autre collision,,,,,,,,,,,3,1,1,9,6
200700075721,0007-12-15 17:15:00,7,12,15,17,15,700,98,,,,Crépuscule ou aube,Hors agglomération,Hors intersection,Normale,Deux véhicules - côté,,,,,,,,,,,2,1,1,1,3
200700075722,0007-12-29 12:30:00,7,12,29,12,30,700,380,,47.75,6.19,Plein jour,Hors agglomération,Hors intersection,Pluie forte,Autre collision,,,,,,,,,,,1,1,1,3,6
200700075723,0007-12-29 13:45:00,7,12,29,13,45,700,398,,47.83,6.29,Plein jour,Hors agglomération,Hors intersection,Pluie légère,Autre collision,,,,,,,,,,,1,1,1,2,6
200700075724,0007-12-01 11:30:00,7,12,1,11,30,900,73,,,,Plein jour,Hors agglomération,Hors intersection,Pluie légère,Deux véhicules - frontale,,,,,,,,,,,1,1,1,2,1
200700075725,0007-12-07 21:45:00,7,12,7,21,45,900,26,,,,Nuit sans éclairage public,Hors agglomération,Hors intersection,Pluie légère,Autre collision,,,,,,,,,,,3,1,1,2,6
200700075726,0007-12-14 13:45:00,7,12,14,13,45,900,15,,,,Plein jour,Hors agglomération,Hors intersection,Normale,Deux véhicules - frontale,,,,,,,,,,,1,1,1,1,1
200700075727,0007-12-27 08:00:00,7,12,27,8,0,900,81,,47.522,7.109,Plein jour,Hors agglomération,Hors intersection,Brouillard / fumée,Autre collision,,,,,,,,,,,1,1,1,5,6
200700075728,0007-12-01 04:00:00,7,12,1,4,0,900,102,route de rougegoutte,,,Nuit sans éclairage public,En agglomération,Hors intersection,Pluie légère,Autre collision,,,,,,,,,,,3,2,1,2,6
200700075729,0007-12-01 19:00:00,7,12,1,19,0,900,2,,,,Nuit sans éclairage public,Hors agglomération,Hors intersection,Temps couvert,Deux véhicules - côté,,,,,,,,,,,3,1,1,8,3
200700075730,0007-12-25 17:45:00,7,12,25,17,45,900,88,,,,Crépuscule ou aube,Hors agglomération,Hors intersection,Autre,Deux véhicules - côté,,,,,,,,,,,2,1,1,9,3
200700075731,0007-12-07 05:00:00,7,12,7,5,0,380,19,,,,Nuit sans éclairage public,Hors agglomération,Hors intersection,Normale,Autre collision,,,,,,,,,,,3,1,1,1,6
200700075732,0007-12-17 11:00:00,7,12,17,11,0,380,72,,45.331,4.813,Plein jour,Hors agglomération,Hors intersection,Normale,Autre collision,,,,,,,,,,,1,1,1,1,6
200700075733,0007-12-17 17:30:00,7,12,17,17,30,260,169,,,,Nuit sans éclairage public,Hors agglomération,Hors intersection,Normale,Deux véhicules - côté,,,,,,,,,,,3,1,1,1,3
200700075734,0007-12-06 05:45:00,7,12,6,5,45,130,15,,43.442,5.428,Nuit sans éclairage public,Hors agglomération,Hors intersection,Normale,Deux véhicules - frontale,,,,,,,,,,,3,1,1,1,1
200700075735,0007-12-12 12:15:00,7,12,12,12,15,130,19,CD543 LA PETITE CAMPAGNE,43.431,5.371,Plein jour,En agglomération,Hors intersection,Normale,Deux véhicules - frontale,,,,,,,,,,,1,2,1,1,1
200700075736,0007-12-08 12:30:00,7,12,8,12,30,130,19,,,,Plein jour,Hors agglomération,Hors intersection,Normale,Sans collision,,,,,,,,,,,1,1,1,1,7
200700075737,0007-12-30 08:30:00,7,12,30,8,30,130,110,,43.462,5.655,Crépuscule ou aube,Hors agglomération,Hors intersection,Autre,Deux véhicules - frontale,,,,,,,,,,,2,1,1,9,1
200700075738,0007-12-03 18:00:00,7,12,3,18,0,130,27,,,,Nuit sans éclairage public,Hors agglomération,Hors intersection,Normale,Deux véhicules - côté,,,,,,,,,,,3,1,1,1,3
200700075739,0007-12-13 14:45:00,7,12,13,14,45,130,27,,43.889,4.871,Plein jour,Hors agglomération,Hors intersection,Normale,Trois véhicules et plus - collisions multiples,,,,,,,,,,,1,1,1,1,5
200700075740,0007-12-12 07:30:00,7,12,12,7,30,130,97,,,,Crépuscule ou aube,Hors agglomération,Hors intersection,Normale,Deux véhicules - arrière,,,,,,,,,,,2,1,1,1,2
200700075741,0007-12-27 07:30:00,7,12,27,7,30,130,97,,43.666,4.801,Plein jour,Hors agglomération,Hors intersection,Normale,Deux véhicules - côté,,,,,,,,,,,1,1,1,1,3
200700075742,0007-12-27 10:15:00,7,12,27,10,15,130,97,,43.53,4.839,Plein jour,Hors agglomération,Hors intersection,Normale,Autre collision,,,,,,,,,,,1,1,1,1,6