accident_id,datetime,annee,mois,jour,heure,minute,departement,commune_insee,adresse,latitude,longitude,luminosite,agglomeration,intersection,meteo,collision,nb_vehicules,nb_usagers,nb_indemnes,nb_tues,nb_blesses_hosp,nb_blesses_legers,age_cond_1,age_cond_2,veh_type_cond_1,veh_type_cond_2,lum_code,agg_code,int_code,atm_code,col_code
200700075743,0007-12-30 15:30:00,7,12,30,15,30,130,92,,43.544,5.048,Plein jour,Hors agglomération,Hors intersection,Normale,Deux véhicules - frontale,,,,,,,,,,,1,1,1,1,1
200700075744,0007-12-09 20:45:00,7,12,9,20,45,130,105,,,,Nuit sans éclairage public,Hors agglomération,Hors intersection,Normale,Autre collision,,,,,,,,,,,3,1,1,1,6
200700075745,0007-12-22 11:15:00,7,12,22,11,15,130,53,,43.741,5.146,Plein jour,Hors agglomération,Intersection en X,Temps couvert,Deux véhicules - côté,,,,,,,,,,,1,1,2,8,3
200700075746,0007-12-23 04:00:00,7,12,23,4,0,130,34,,,,Nuit sans éclairage public,Hors agglomération,Hors intersection,Pluie légère,Autre collision,,,,,,,,,,,3,1,1,2,6
200700075747,0007-12-08 16:30:00,7,12,8,16,30,40,113,,,,Plein jour,Hors agglomération,Hors intersection,Normale,Deux véhicules - frontale,,,,,,,,,,,1,1,1,1,1
200700075748,0007-12-05 16:00:00,7,12,5,16,0,40,143,25 AV A. MARTIN ORAISON,,,Plein jour,En agglomération,Hors intersection,Normale,Autre collision,,,,,,,,,,,1,2,1,1,6
200700075749,0007-12-15 00:01:00,7,12,15,0,1,40,143,AV  CHARLES RICHAUD,,,Nuit avec éclairage allumé,En agglomération,Hors intersection,Normale,Deux véhicules - côté,,,,,,,,,,,5,2,1,1,3
200700075750,0007-12-18 11:45:00,7,12,18,11,45,40,116,,,,Plein jour,Hors agglomération,Hors intersection,Normale,Deux véhicules - frontale,,,,,,,,,,,1,1,1,1,1
200700075751,0007-12-06 07:30:00,7,12,6,7,30,40,55,,43.966,6.33,Crépuscule ou aube,Hors agglomération,Hors intersection,Normale,Trois véhicules et plus - en chaîne,,,,,,,,,,,2,1,1,1,4
200700075752,0007-12-11 07:15:00,7,12,11,7,15,40,203,,44.392,6.282,Crépuscule ou aube,Hors agglomération,Hors intersection,Normale,Autre collision,,,,,,,,,,,2,1,1,1,6
200700075753,0007-12-08 19:00:00,7,12,8,19,0,40,18,,,,Nuit sans éclairage public,Hors agglomération,Hors intersection,Normale,Sans collision,,,,,,,,,,,3,1,1,1,7
200700075754,0007-12-13 16:15:00,7,12,13,16,15,40,49,route nationale 85,44.102,6.011,Plein jour,En agglomération,Hors intersection,Normale,Autre collision,,,,,,,,,,,1,2,1,1,6
200700075755,0007-12-15 09:30:00,7,12,15,9,30,40,123,,,,Plein jour,Hors agglomération,Autre intersection,Neige / grêle,Deux véhicules - frontale,,,,,,,,,,,1,1,9,4,1
200700075756,0007-12-23 11:30:00,7,12,23,11,30,50,178,,,,Plein jour,Hors agglomération,Hors intersection,Normale,Sans collision,,,,,,,,,,,1,1,1,1,7
200700075757,0007-12-17 10:30:00,7,12,17,10,30,50,170,chemin de la Vendée,,,Plein jour,En agglomération,Hors intersection,Temps couvert,Autre collision,,,,,,,,,,,1,2,1,8,6
200700075758,0007-12-18 20:30:00,7,12,18,20,30,50,61,,,,Nuit avec éclairage allumé,Hors agglomération,Hors intersection,Normale,Sans collision,,,,,,,,,,,5,1,1,1,7
200700075759,0007-12-16 16:15:00,7,12,16,16,15,50,55,,,,Plein jour,Hors agglomération,Hors intersection,Temps couvert,Deux véhicules - frontale,,,,,,,,,,,1,1,1,8,1
200700075760,0007-12-31 13:45:00,7,12,31,13,45,50,179,,,,Plein jour,Hors agglomération,Hors intersection,Normale,Deux véhicules - frontale,,,,,,,,,,,1,1,1,1,1
200700075761,0007-12-29 15:30:00,7,12,29,15,30,50,79,Route de Grenoble,,,Plein jour,En agglomération,Hors intersection,Normale,Autre collision,,,,,,,,,,,1,2,1,1,6
200700075762,0007-12-30 18:15:00,7,12,30,18,15,50,46,RN 94 EMBRUN,,,Nuit avec éclairage allumé,En agglomération,Hors intersection,Normale,Autre collision,,,,,,,,,,,5,2,1,1,6
200700075763,0007-12-03 10:45:00,7,12,3,10,45,60,91,,,,Plein jour,Hors agglomération,Hors intersection,Normale,Deux véhicules - côté,,,,,,,,,,,1,1,1,1,3
200700075764,0007-12-11 20:15:00,7,12,11,20,15,60,77,,43.909,7.361,Nuit sans éclairage public,Hors agglomération,Hors intersection,Normale,Sans collision,,,,,,,,,,,3,1,1,1,7
200700075765,0007-12-14 16:30:00,7,12,14,16,30,60,92,,,,Plein jour,Hors agglomération,Hors intersection,Normale,Autre collision,,,,,,,,,,,1,1,1,1,6
200700075766,0007-12-22 00:01:00,7,12,22,0,1,60,103,,,,Nuit sans éclairage public,Hors agglomération,Hors intersection,Normale,Sans collision,,,,,,,,,,,3,1,1,1,7
200700075767,0007-12-02 09:45:00,7,12,2,9,45,60,161,Avenue de vaugrenier,,,Plein jour,En agglomération,Hors intersection,Normale,Autre collision,,,,,,,,,,,1,2,1,1,6
200700075768,0007-12-09 15:30:00,7,12,9,15,30,60,44,,,,Plein jour,Hors agglomération,Hors intersection,Normale,Deux véhicules - côté,,,,,,,,,,,1,1,1,1,3
200700075769,0007-12-09 14:00:00,7,12,9,14,0,60,161,,43.648,7.133,Plein jour,Hors agglomération,Hors intersection,Normale,Autre collision,,,,,,,,,,,1,1,1,1,6
200700075770,0007-12-07 13:15:00,7,12,7,13,15,60,33,bd de la COLLE BELLE,,,Plein jour,En agglomération,Hors intersection,Normale,Deux véhicules - arrière,,,,,,,,,,,1,2,1,1,2
200700075771,0007-12-21 05:30:00,7,12,21,5,30,60,46,103 route de La Manda,,,Nuit sans éclairage public,En agglomération,Hors intersection,Normale,Autre collision,,,,,,,,,,,3,2,1,1,6
200700075772,0007-12-06 17:00:00,7,12,6,17,0,60,136,Chemin du Vier,43.884,7.45,Plein jour,En agglomération,Hors intersection,Normale,Autre collision,,,,,,,,,,,1,2,1,1,6
200700075773,0007-12-16 12:30:00,7,12,16,12,30,60,36,,43.836,7.472,Plein jour,Hors agglomération,Hors intersection,Normale,Autre collision,,,,,,,,,,,1,1,1,1,6
200700075774,0007-12-09 20:30:00,7,12,9,20,30,60,59,,,,Nuit avec éclairage allumé,Hors agglomération,Hors intersection,Normale,Deux véhicules - frontale,,,,,,,,,,,5,1,1,1,1
200700075775,0007-12-10 07:45:00,7,12,10,7,45,60,59,,,,Plein jour,Hors agglomération,Hors intersection,Normale,Sans collision,,,,,,,,,,,1,1,1,1,7
200700075776,0007-12-26 17:15:00,7,12,26,17,15,60,143,,,,Nuit sans éclairage public,Hors agglomération,Hors intersection,Temps couvert,Sans collision,,,,,,,,,,,3,1,1,8,7
200700075777,0007-12-15 09:45:00,7,12,15,9,45,60,135,,,,Plein jour,Hors agglomération,Hors intersection,Temps couvert,Autre collision,,,,,,,,,,,1,1,1,8,6
200700075778,0007-12-24 15:00:00,7,12,24,15,0,60,129,,,,Plein jour,Hors agglomération,Hors intersection,Normale,Autre collision,,,,,,,,,,,1,1,1,1,6
200700075779,0007-12-24 17:15:00,7,12,24,17,15,830,13,,,,Crépuscule ou aube,Hors agglomération,Hors intersection,Normale,Deux véhicules - côté,,,,,,,,,,,2,1,1,1,3
200700075780,0007-12-16 21:45:00,7,12,16,21,45,830,57,,43.352,6.259,Nuit sans éclairage public,Hors agglomération,Hors intersection,Autre,Sans collision,,,,,,,,,,,3,1,1,9,7
200700075781,0007-12-08 18:15:00,7,12,8,18,15,830,23,rue Barbaroux,,,Nuit sans éclairage public,En agglomération,Hors intersection,Normale,Deux véhicules - côté,,,,,,,,,,,3,2,1,1,3
200700075782,0007-12-30 13:15:00,7,12,30,13,15,830,23,,,,Plein jour,Hors agglomération,Hors intersection,Normale,Autre collision,,,,,,,,,,,1,1,1,1,6
200700075783,0007-12-03 08:15:00,7,12,3,8,15,830,104,,,,Plein jour,Hors agglomération,Hors intersection,Pluie légère,Deux véhicules - frontale,,,,,,,,,,,1,1,1,2,1
200700075784,0007-12-07 20:30:00,7,12,7,20,30,830,104,,,,Nuit sans éclairage public,Hors agglomération,Hors intersection,Normale,Sans collision,,,,,,,,,,,3,1,1,1,7
200700075785,0007-12-01 11:00:00,7,12,1,11,0,830,116,,43.458,5.859,Plein jour,Hors agglomération,Autre intersection,Normale,Deux véhicules - frontale,,,,,,,,,,,1,1,9,1,1
200700075786,0007-12-05 18:00:00,7,12,5,18,0,830,116,,43.473,5.78,Nuit avec éclairage allumé,Hors agglomération,Hors intersection,Normale,Deux véhicules - frontale,,,,,,,,,,,5,1,1,1,1
200700075787,0007-12-09 14:00:00,7,12,9,14,0,830,116,,,,Plein jour,Hors agglomération,Intersection en X,Normale,Deux véhicules - côté,,,,,,,,,,,1,1,2,1,3
200700075788,0007-12-15 15:00:00,7,12,15,15,0,830,120,,43.388,5.731,Plein jour,Hors agglomération,Hors intersection,Normale,Autre collision,,,,,,,,,,,1,1,1,1,6
200700075789,0007-12-05 15:45:00,7,12,5,15,45,830,99,rue des écoles,,,Plein jour,En agglomération,Hors intersection,Normale,Autre collision,,,,,,,,,,,1,2,1,1,6
200700075790,0007-12-05 14:30:00,7,12,5,14,30,830,99,,,,Plein jour,Hors agglomération,Hors intersection,Normale,Deux véhicules - arrière,,,,,,,,,,,1,1,1,1,2
200700075791,0007-12-21 08:45:00,7,12,21,8,45,830,68,,,,Plein jour,Hors agglomération,Hors intersection,Normale,Deux véhicules - frontale,,,,,,,,,,,1,1,1,1,1
200700075792,0007-12-18 17:45:00,7,12,18,17,45,830,115,av st exupéry,,,Nuit avec éclairage allumé,En agglomération,Hors intersection,Normale,Autre collision,,,,,,,,,,,5,2,1,1,6
200700075793,0007-12-14 08:15:00,7,12,14,8,15,830,35,,,,Plein jour,Hors agglomération,Hors intersection,Normale,Deux véhicules - frontale,,,,,,,,,,,1,1,1,1,1
200700075794,0007-12-26 17:45:00,7,12,26,17,45,830,35,,,,Nuit avec éclairage allumé,Hors agglomération,Hors intersection,Normale,Deux véhicules - frontale,,,,,,,,,,,5,1,1,1,1
200700075795,0007-12-11 11:45:00,7,12,11,11,45,830,91,,,,Plein jour,Hors agglomération,Hors intersection,Normale,Deux véhicules - côté,,,,,,,,,,,1,1,1,1,3
200700075796,0007-12-25 12:00:00,7,12,25,12,0,830,33,,,,Plein jour,Hors agglomération,Hors intersection,Temps couvert,Trois véhicules et plus - en chaîne,,,,,,,,,,,1,1,1,8,4
200700075797,0007-12-16 19:15:00,7,12,16,19,15,830,47,,,,Nuit sans éclairage public,Hors agglomération,Hors intersection,Normale,Autre collision,,,,,,,,,,,3,1,1,1,6
200700075798,0007-12-27 18:15:00,7,12,27,18,15,830,47,,43.133,6.077,Crépuscule ou aube,Hors agglomération,Hors intersection,Normale,Deux véhicules - frontale,,,,,,,,,,,2,1,1,1,1
200700075799,0007-12-10 16:15:00,7,12,10,16,15,830,27,,,,Plein jour,Hors agglomération,Hors intersection,Normale,Deux véhicules - frontale,,,,,,,,,,,1,1,1,1,1
200700075800,0007-12-14 08:15:00,7,12,14,8,15,840,119,Place des cafés,,,Crépuscule ou aube,En agglomération,Giratoire,Normale,Autre collision,,,,,,,,,,,2,2,6,1,6
200700075801,0007-12-27 09:30:00,7,12,27,9,30,840,34,,43.889,4.949,Plein jour,Hors agglomération,Hors intersection,Normale,Deux véhicules - frontale,,,,,,,,,,,1,1,1,1,1
200700075802,0007-12-15 04:00:00,7,12,15,4,0,840,38,,,,Nuit sans éclairage public,Hors agglomération,Hors intersection,Normale,Autre collision,,,,,,,,,,,3,1,1,1,6
200700075803,0007-12-05 17:00:00,7,12,5,17,0,840,54,av victor hugo,,,Crépuscule ou aube,En agglomération,Autre intersection,Normale,Deux véhicules - côté,,,,,,,,,,,2,2,9,1,3
200700075804,0007-12-30 14:45:00,7,12,30,14,45,840,129,avenue d'avignon,44.012,4.876,Plein jour,En agglomération,Hors intersection,Normale,Autre collision,,,,,,,,,,,1,2,1,1,6
200700075805,0007-12-09 02:00:00,7,12,9,2,0,840,3,avenue jean moulin,43.886,5.402,Nuit avec éclairage allumé,En agglomération,Hors intersection,Pluie légère,Autre collision,,,,,,,,,,,5,2,1,2,6
200700075806,0007-12-04 14:45:00,7,12,4,14,45,840,133,Bd saint ROCH CD 956,,,Plein jour,En agglomération,Hors intersection,Normale,Deux véhicules - côté,,,,,,,,,,,1,2,1,1,3
200700075807,0007-12-08 10:00:00,7,12,8,10,0,840,121,,,,Plein jour,Hors agglomération,Hors intersection,Normale,Deux véhicules - arrière,,,,,,,,,,,1,1,1,1,2
200700075808,0007-12-23 07:00:00,7,12,23,7,0,840,76,,,,Nuit sans éclairage public,Hors agglomération,Hors intersection,Pluie légère,Sans collision,,,,,,,,,,,3,1,1,2,7
200700075809,0007-12-28 22:00:00,7,12,28,22,0,840,72,,44.051,5.117,Nuit sans éclairage public,Hors agglomération,Hors intersection,Normale,Autre collision,,,,,,,,,,,3,1,1,1,6
200700075810,0007-12-18 20:45:00,7,12,18,20,45,840,69,,44.168,5.129,Nuit sans éclairage public,Hors agglomération,Hors intersection,Normale,Deux véhicules - frontale,,,,,,,,,,,3,1,1,1,1
200700075811,0007-12-03 15:30:00,7,12,3,15,30,840,88,,,,Plein jour,Hors agglomération,Hors intersection,Normale,Deux véhicules - frontale,,,,,,,,,,,1,1,1,1,1
200700075812,0007-12-29 21:45:00,7,12,29,21,45,840,29,,,,Nuit sans éclairage public,Hors agglomération,Hors intersection,Normale,Deux véhicules - frontale,,,,,,,,,,,3,1,1,1,1
200700075813,0007-12-03 15:30:00,7,12,3,15,30,840,19,,,,Plein jour,Hors agglomération,Hors intersection,Normale,Deux véhicules - frontale,,,,,,,,,,,1,1,1,1,1
200700075814,0007-12-07 07:45:00,7,12,7,7,45,840,19,,44.263,4.742,Crépuscule ou aube,Hors agglomération,Hors intersection,Brouillard / fumée,Trois véhicules et plus - collisions multiples,,,,,,,,,,,2,1,1,5,5
200700075815,0007-12-07 22:15:00,7,12,7,22,15,840,138,,,,Nuit sans éclairage public,Hors agglomération,Hors intersection,Pluie légère,Deux véhicules - côté,,,,,,,,,,,3,1,1,2,3
200700075816,0007-12-14 15:00:00,7,12,14,15,0,840,150,,44.348,4.951,Plein jour,Hors agglomération,Hors intersection,Normale,Deux véhicules - frontale,,,,,,,,,,,1,1,1,1,1
200700075817,0007-12-15 17:15:00,7,12,15,17,15,340,58,,,,Crépuscule ou aube,Hors agglomération,Hors intersection,Temps couvert,Deux véhicules - frontale,,,,,,,,,,,2,1,1,8,1
200700075818,0007-12-15 23:00:00,7,12,15,23,0,340,111,D4 lieu dit la baraque,43.938,3.705,Nuit sans éclairage public,En agglomération,Hors intersection,Temps couvert,Deux véhicules - frontale,,,,,,,,,,,3,2,1,8,1
200700075819,0007-12-10 08:30:00,7,12,10,8,30,340,145,,,,Plein jour,Hors agglomération,Hors intersection,Normale,Deux véhicules - frontale,,,,,,,,,,,1,1,1,1,1
200700075820,0007-12-12 09:00:00,7,12,12,9,0,340,146,,,,Crépuscule ou aube,Hors agglomération,Hors intersection,Temps éblouissant,Deux véhicules - frontale,,,,,,,,,,,2,1,1,7,1
200700075821,0007-12-06 07:45:00,7,12,6,7,45,340,276,AV. REP. DE MONTFERRAND,,,Nuit avec éclairage allumé,En agglomération,Hors intersection,Normale,Autre collision,,,,,,,,,,,5,2,1,1,6
200700075822,0007-12-19 14:00:00,7,12,19,14,0,340,276,,,,Plein jour,Hors agglomération,Hors intersection,Normale,Deux véhicules - arrière,,,,,,,,,,,1,1,1,1,2
200700075823,0007-12-23 15:30:00,7,12,23,15,30,340,297,,43.838,3.912,Plein jour,Hors agglomération,Hors intersection,Normale,Deux véhicules - côté,,,,,,,,,,,1,1,1,1,3
200700075824,0007-12-30 13:30:00,7,12,30,13,30,340,96,,43.594,3.171,Plein jour,Hors agglomération,Autre intersection,Normale,Sans collision,,,,,,,,,,,1,1,9,1,7
200700075825,0007-12-08 21:45:00,7,12,8,21,45,340,52,,43.34,3.08,Nuit sans éclairage public,Hors agglomération,Hors intersection,Pluie légère,Deux véhicules - frontale,,,,,,,,,,,3,1,1,2,1
200700075826,0007-12-31 12:15:00,7,12,31,12,15,340,140,,43.383,3.182,Plein jour,Hors agglomération,Hors intersection,Normale,Deux véhicules - frontale,,,,,,,,,,,1,1,1,1,1
200700075827,0007-12-05 16:45:00,7,12,5,16,45,340,325,,,,Plein jour,Hors agglomération,Hors intersection,Normale,Deux véhicules - frontale,,,,,,,,,,,1,1,1,1,1
200700075828,0007-12-08 22:30:00,7,12,8,22,30,340,199,,,,Nuit sans éclairage public,Hors agglomération,Hors intersection,Pluie légère,Deux véhicules - côté,,,,,,,,,,,3,1,1,2,3
200700075829,0007-12-14 09:00:00,7,12,14,9,0,340,199,ROND POINT DE LA PAIX,,,Plein jour,En agglomération,Hors intersection,Normale,Deux véhicules - frontale,,,,,,,,,,,1,2,1,1,1
200700075830,0007-12-07 16:30:00,7,12,7,16,30,340,94,,,,Crépuscule ou aube,Hors agglomération,Hors intersection,Normale,Autre collision,,,,,,,,,,,2,1,1,1,6
200700075831,0007-12-05 16:30:00,7,12,5,16,30,340,299,,43.286,3.284,Plein jour,En agglomération,Hors intersection,Normale,Deux véhicules - côté,,,,,,,,,,,1,2,1,1,3
200700075832,0007-12-12 18:00:00,7,12,12,18,0,340,142,place Alsace Lorraine,,,Nuit avec éclairage allumé,En agglomération,Hors intersection,Normale,Deux véhicules - côté,,,,,,,,,,,5,2,1,1,3
200700075833,0007-12-02 03:30:00,7,12,2,3,30,340,194,,43.541,3.45,Nuit sans éclairage public,Hors agglomération,Hors intersection,Normale,Autre collision,,,,,,,,,,,3,1,1,1,6
200700075834,0007-12-08 22:45:00,7,12,8,22,45,340,41,,43.633,3.454,Nuit sans éclairage public,Hors agglomération,Hors intersection,Pluie légère,Autre collision,,,,,,,,,,,3,1,1,2,6
200700075835,0007-12-22 20:00:00,7,12,22,20,0,340,194,,43.542,3.455,Nuit avec éclairage allumé,Hors agglomération,Hors intersection,Pluie légère,Sans collision,,,,,,,,,,,5,1,1,2,7
200700075836,0007-12-31 18:15:00,7,12,31,18,15,340,313,,43.584,3.487,Nuit sans éclairage public,Hors agglomération,Hors intersection,Pluie légère,Deux véhicules - frontale,,,,,,,,,,,3,1,1,2,1
200700075837,0007-12-08 14:45:00,7,12,8,14,45,340,328,,,,Plein jour,Hors agglomération,Hors intersection,Normale,Deux véhicules - frontale,,,,,,,,,,,1,1,1,1,1
200700075838,0007-12-08 19:30:00,7,12,8,19,30,340,101,,,,Nuit sans éclairage public,Hors agglomération,Hors intersection,Autre,Deux véhicules - côté,,,,,,,,,,,3,1,1,9,3
200700075839,0007-12-14 23:15:00,7,12,14,23,15,340,101,,,,Nuit sans éclairage public,Hors agglomération,Hors intersection,Normale,Autre collision,,,,,,,,,,,3,1,1,1,6
200700075840,0007-12-22 15:00:00,7,12,22,15,0,340,31,,43.341,3.424,Plein jour,Hors agglomération,Hors intersection,Normale,Trois véhicules et plus - en chaîne,,,,,,,,,,,1,1,1,1,4
200700075841,0007-12-26 16:45:00,7,12,26,16,45,340,901,Av de la Méditerranée,43.322,3.552,Plein jour,En agglomération,Hors intersection,Normale,Deux véhicules - côté,,,,,,,,,,,1,2,1,1,3
200700075842,0007-12-02 04:30:00,7,12,2,4,30,340,39,,43.458,3.655,Nuit sans éclairage public,Hors agglomération,Hors intersection,Normale,Autre collision,,,,,,,,,,,3,1,1,1,6
200700075843,0007-12-03 17:45:00,7,12,3,17,45,340,213,,43.484,3.697,Nuit sans éclairage public,Hors agglomération,Hors intersection,Normale,Deux véhicules - côté,,,,,,,,,,,3,1,1,1,3
200700075844,0007-12-24 02:45:00,7,12,24,2,45,340,157,,43.427,3.55,Nuit sans éclairage public,Hors agglomération,Hors intersection,Normale,Autre collision,,,,,,,,,,,3,1,1,1,6
200700075845,0007-12-30 05:15:00,7,12,30,5,15,340,143,,,,Nuit sans éclairage public,Hors agglomération,Hors intersection,Normale,Autre collision,,,,,,,,,,,3,1,1,1,6
200700075846,0007-12-16 04:45:00,7,12,16,4,45,110,18,,,,Nuit sans éclairage public,Hors agglomération,Hors intersection,Normale,Autre collision,,,,,,,,,,,3,1,1,1,6
200700075847,0007-12-09 15:30:00,7,12,9,15,30,110,158,,43.08,2.19,Plein jour,Hors agglomération,Intersection en X,Pluie forte,Deux véhicules - côté,,,,,,,,,,,1,1,2,3,3
200700075848,0007-12-21 19:45:00,7,12,21,19,45,110,249,,42.984,2.024,Nuit sans éclairage public,Hors agglomération,Hors intersection,Normale,Sans collision,,,,,,,,,,,3,1,1,1,7
200700075849,0007-12-06 13:45:00,7,12,6,13,45,110,109,,42.945,2.269,Plein jour,Hors agglomération,Hors intersection,Normale,Sans collision,,,,,,,,,,,1,1,1,1,7
200700075850,0007-12-30 15:45:00,7,12,30,15,45,110,351,,43.096,2.713,Plein jour,Hors agglomération,Hors intersection,Normale,Autre collision,,,,,,,,,,,1,1,1,1,6
200700075851,0007-12-06 00:01:00,7,12,6,0,1,110,353,29 avenue de Narbonne,,,Nuit avec éclairage allumé,En agglomération,Hors intersection,Normale,Autre collision,,,,,,,,,,,5,2,1,1,6
200700075852,0007-12-08 18:15:00,7,12,8,18,15,110,269,,,,Nuit sans éclairage public,Hors agglomération,Hors intersection,Normale,Autre collision,,,,,,,,,,,3,1,1,1,6
200700075853,0007-12-21 08:30:00,7,12,21,8,30,110,269,,,,Plein jour,Hors agglomération,Hors intersection,Normale,Autre collision,,,,,,,,,,,1,1,1,1,6
200700075854,0007-12-03 15:30:00,7,12,3,15,30,110,266,avenue  charles palauqui,43.027,3.041,Plein jour,En agglomération,Hors intersection,Normale,Deux véhicules - frontale,,,,,,,,,,,1,2,1,1,1
200700075855,0007-12-11 17:15:00,7,12,11,17,15,300,276,,43.599,4.209,Plein jour,Hors agglomération,Hors intersection,Normale,Trois véhicules et plus - collisions multiples,,,,,,,,,,,1,1,1,1,5
200700075856,0007-12-14 10:15:00,7,12,14,10,15,300,3,,43.57,4.194,Plein jour,En agglomération,Hors intersection,Normale,Deux véhicules - côté,,,,,,,,,,,1,2,1,1,3
200700075857,0007-12-30 11:00:00,7,12,30,11,0,300,306,,,,Nuit sans éclairage public,Hors agglomération,Hors intersection,Normale,Autre collision,,,,,,,,,,,3,1,1,1,6
200700075858,0007-12-31 18:30:00,7,12,31,18,30,300,257,,43.883,4.484,Nuit sans éclairage public,Hors agglomération,Hors intersection,Temps couvert,Autre collision,,,,,,,,,,,3,1,1,8,6
200700075859,0007-12-23 20:15:00,7,12,23,20,15,300,156,,,,Plein jour,Hors agglomération,Hors intersection,Normale,Autre collision,,,,,,,,,,,1,1,1,1,6
200700075860,0007-12-01 19:00:00,7,12,1,19,0,300,258,AVE DES COSTIERE / RUE C,,,Nuit avec éclairage allumé,En agglomération,Hors intersection,Normale,Deux véhicules - côté,,,,,,,,,,,5,2,1,1,3
200700075861,0007-12-23 08:00:00,7,12,23,8,0,300,128,,43.742,4.344,Plein jour,Hors agglomération,Hors intersection,Normale,Deux véhicules - côté,,,,,,,,,,,1,1,1,1,3
200700075862,0007-12-12 10:00:00,7,12,12,10,0,300,4,,43.731,4.193,Plein jour,Hors agglomération,Passage à niveau,Temps éblouissant,Deux véhicules - côté,,,,,,,,,,,1,1,8,7,3
200700075863,0007-12-17 11:45:00,7,12,17,11,45,300,169,,43.786,4.297,Plein jour,Hors agglomération,Hors intersection,Normale,Deux véhicules - côté,,,,,,,,,,,1,1,1,1,3
200700075864,0007-12-18 19:00:00,7,12,18,19,0,300,36,,43.783,4.292,Nuit sans éclairage public,Hors agglomération,Hors intersection,Normale,Deux véhicules - côté,,,,,,,,,,,3,1,1,1,3
200700075865,0007-12-02 08:00:00,7,12,2,8,0,300,305,route de Salindres,44.178,4.144,Plein jour,En agglomération,Hors intersection,Normale,Autre collision,,,,,,,,,,,1,2,1,1,6
200700075866,0007-12-10 10:45:00,7,12,10,10,45,300,77,Rond point du CD916,44.16,4.057,Plein jour,En agglomération,Giratoire,Normale,Deux véhicules - frontale,,,,,,,,,,,1,2,6,1,1
200700075867,0007-12-14 06:45:00,7,12,14,6,45,300,165,,44.103,4.151,Crépuscule ou aube,Hors agglomération,Hors intersection,Normale,Deux véhicules - côté,,,,,,,,,,,2,1,1,1,3
200700075868,0007-12-18 12:15:00,7,12,18,12,15,300,240,,44.038,4.207,Plein jour,Hors agglomération,Hors intersection,Normale,Deux véhicules - frontale,,,,,,,,,,,1,1,1,1,1
200700075869,0007-12-15 19:00:00,7,12,15,19,0,300,237,carrefour cd904 / cd 51,,,Nuit avec éclairage allumé,En agglomération,Hors intersection,Normale,Deux véhicules - frontale,,,,,,,,,,,5,2,1,1,1
200700075870,0007-12-25 12:15:00,7,12,25,12,15,300,227,Faubourg du Paradis,44.269,4.201,Plein jour,En agglomération,Hors intersection,Normale,Deux véhicules - côté,,,,,,,,,,,1,2,1,1,3
200700075871,0007-12-09 15:00:00,7,12,9,15,0,300,334,CD 981,,,Plein jour,En agglomération,Hors intersection,Normale,Deux véhicules - arrière,,,,,,,,,,,1,2,1,1,2
200700075872,0007-12-16 15:30:00,7,12,16,15,30,300,14,,,,Plein jour,Hors agglomération,Hors intersection,Normale,Deux véhicules - frontale,,,,,,,,,,,1,1,1,1,1
200700075873,0007-12-03 09:45:00,7,12,3,9,45,300,346,,43.976,4.499,Nuit sans éclairage public,Hors agglomération,Hors intersection,Normale,Autre collision,,,,,,,,,,,3,1,1,1,6
200700075874,0007-12-13 11:15:00,7,12,13,11,15,300,166,,43.892,4.554,Plein jour,Hors agglomération,Hors intersection,Normale,Deux véhicules - arrière,,,,,,,,,,,1,1,1,1,2
200700075875,0007-12-07 17:45:00,7,12,7,17,45,300,221,,,,Nuit sans éclairage public,Hors agglomération,Hors intersection,Normale,Deux véhicules - côté,,,,,,,,,,,3,1,1,1,3
200700075876,0007-12-18 08:30:00,7,12,18,8,30,300,209,,44.014,4.744,Nuit sans éclairage public,Hors agglomération,Hors intersection,Normale,Autre collision,,,,,,,,,,,3,1,1,1,6
200700075877,0007-12-01 09:45:00,7,12,1,9,45,300,193,,,,Plein jour,Hors agglomération,Hors intersection,Normale,Deux véhicules - frontale,,,,,,,,,,,1,1,1,1,1
200700075878,0007-12-08 16:15:00,7,12,8,16,15,300,61,,,,Plein jour,Hors agglomération,Hors intersection,Normale,Deux véhicules - frontale,,,,,,,,,,,1,1,1,1,1
200700075879,0007-12-11 19:45:00,7,12,11,19,45,300,61,,,,Nuit sans éclairage public,Hors agglomération,Hors intersection,Normale,Deux véhicules - frontale,,,,,,,,,,,3,1,1,1,1
200700075880,0007-12-14 14:00:00,7,12,14,14,0,300,182,,,,Nuit sans éclairage public,Hors agglomération,Hors intersection,Normale,Deux véhicules - frontale,,,,,,,,,,,3,1,1,1,1
200700075881,0007-12-15 16:15:00,7,12,15,16,15,300,281,,,,Plein jour,Hors agglomération,Hors intersection,Normale,Deux véhicules - frontale,,,,,,,,,,,1,1,1,1,1