accident_id,datetime,annee,mois,jour,heure,minute,departement,commune_insee,adresse,latitude,longitude,luminosite,agglomeration,intersection,meteo,collision,nb_vehicules,nb_usagers,nb_indemnes,nb_tues,nb_blesses_hosp,nb_blesses_legers,age_cond_1,age_cond_2,veh_type_cond_1,veh_type_cond_2,lum_code,agg_code,int_code,atm_code,col_code
200700075882,0007-12-24 18:30:00,7,12,24,18,30,300,281,,,,Nuit sans éclairage public,Hors agglomération,Hors intersection,Normale,Deux véhicules - côté,,,,,,,,,,,3,1,1,1,3
200700075883,0007-12-09 09:30:00,7,12,9,9,30,300,272,,43.962,3.688,Plein jour,Hors agglomération,Hors intersection,Normale,Deux véhicules - frontale,,,,,,,,,,,1,1,1,1,1
200700075884,0007-12-28 15:30:00,7,12,28,15,30,300,350,BVD DU PLAN D'AUVERGNE,43.996,3.605,Plein jour,En agglomération,Hors intersection,Temps couvert,Sans collision,,,,,,,,,,,1,2,1,8,7
200700075885,0007-12-14 19:30:00,7,12,14,19,30,480,111,,44.551,3.618,Nuit sans éclairage public,Hors agglomération,Hors intersection,Normale,Deux véhicules - frontale,,,,,,,,,,,3,1,1,1,1
200700075886,0007-12-16 15:15:00,7,12,16,15,15,480,93,,44.431,3.766,Plein jour,Hors agglomération,Hors intersection,Normale,Deux véhicules - frontale,,,,,,,,,,,1,1,1,1,1
200700075887,0007-12-04 10:30:00,7,12,4,10,30,480,80,avenue Foch,44.734,3.857,Plein jour,En agglomération,Hors intersection,Normale,Autre collision,,,,,,,,,,,1,2,1,1,6
200700075888,0007-12-21 18:00:00,7,12,21,18,0,480,184,,44.85,3.603,Nuit sans éclairage public,Hors agglomération,Hors intersection,Normale,Autre collision,,,,,,,,,,,3,1,1,1,6
200700075889,0007-12-19 22:45:00,7,12,19,22,45,480,86,,,,Nuit sans éclairage public,Hors agglomération,Hors intersection,Autre,Autre collision,,,,,,,,,,,3,1,1,9,6
200700075890,0007-12-28 13:45:00,7,12,28,13,45,480,80,Boulevard De Gaulle,44.73,3.854,Plein jour,En agglomération,Hors intersection,Temps éblouissant,Autre collision,,,,,,,,,,,1,2,1,7,6
200700075891,0007-12-03 08:45:00,7,12,3,8,45,660,187,,,,Plein jour,Hors agglomération,Hors intersection,Pluie légère,Deux véhicules - frontale,,,,,,,,,,,1,1,1,2,1
200700075892,0007-12-02 13:45:00,7,12,2,13,45,660,108,Cd916 - pont du boules,,,Nuit sans éclairage public,En agglomération,Hors intersection,Normale,Deux véhicules - arrière,,,,,,,,,,,3,2,1,1,2
200700075893,0007-12-10 19:00:00,7,12,10,19,0,660,2,,,,Nuit sans éclairage public,Hors agglomération,Hors intersection,Normale,Sans collision,,,,,,,,,,,3,1,1,1,7
200700075894,0007-12-25 17:00:00,7,12,25,17,0,660,180,rue du bac prolongé,,,Crépuscule ou aube,En agglomération,Hors intersection,Normale,Deux véhicules - côté,,,,,,,,,,,2,2,1,1,3
200700075895,0007-12-25 00:30:00,7,12,25,0,30,660,49,CERET et MAUREILLAS-66-,42.817,2.283,Nuit sans éclairage public,Hors agglomération,Hors intersection,Normale,Deux véhicules - frontale,,,,,,,,,,,3,1,1,1,1
200700075896,0007-12-15 07:00:00,7,12,15,7,0,660,8,,,,Nuit sans éclairage public,Hors agglomération,Hors intersection,Normale,Deux véhicules - frontale,,,,,,,,,,,3,1,1,1,1
200700075897,0007-12-21 18:00:00,7,12,21,18,0,660,148,Avenue Castellane,,,Nuit avec éclairage allumé,En agglomération,Hors intersection,Pluie légère,Sans collision,,,,,,,,,,,5,2,1,2,7
200700075898,0007-12-22 16:45:00,7,12,22,16,45,660,148,,,,Crépuscule ou aube,Hors agglomération,Hors intersection,Pluie légère,Autre collision,,,,,,,,,,,2,1,1,2,6
200700075899,0007-12-14 20:00:00,7,12,14,20,0,660,218,,,,Nuit sans éclairage public,Hors agglomération,Hors intersection,Normale,Sans collision,,,,,,,,,,,3,1,1,1,7
200700075900,0007-12-23 00:15:00,7,12,23,0,15,201,130,"CD 55, aqua cirn gliss",,,Nuit sans éclairage public,En agglomération,Hors intersection,Pluie légère,Deux véhicules - frontale,,,,,,,,,,,3,2,1,2,1
200700075901,0007-12-06 15:45:00,7,12,6,15,45,201,17,,,,Nuit sans éclairage public,Hors agglomération,Hors intersection,Normale,Deux véhicules - frontale,,,,,,,,,,,3,1,1,1,1
200700075902,0007-12-12 14:45:00,7,12,12,14,45,201,17,,,,Plein jour,Hors agglomération,Hors intersection,Normale,Deux véhicules - arrière,,,,,,,,,,,1,1,1,1,2
200700075903,0007-12-19 09:15:00,7,12,19,9,15,201,17,,42.009,8.762,Plein jour,Hors agglomération,Intersection en T,Normale,Autre collision,,,,,,,,,,,1,1,3,1,6
200700075904,0007-12-23 18:30:00,7,12,23,18,30,201,271,ZI BALEONE,41.962,8.803,Nuit avec éclairage allumé,En agglomération,Hors intersection,Pluie forte,Trois véhicules et plus - collisions multiples,,,,,,,,,,,5,2,1,3,5
200700075905,0007-12-14 19:30:00,7,12,14,19,30,201,247,RN 198,,,Nuit sans éclairage public,En agglomération,Hors intersection,Normale,Deux véhicules - côté,,,,,,,,,,,3,2,1,1,3
200700075906,0007-12-26 18:30:00,7,12,26,18,30,201,247,,,,Nuit sans éclairage public,Hors agglomération,Hors intersection,Pluie légère,Deux véhicules - côté,,,,,,,,,,,3,1,1,2,3
200700075907,0007-12-05 14:00:00,7,12,5,14,0,201,349,,,,Plein jour,Hors agglomération,Intersection en T,Normale,Deux véhicules - côté,,,,,,,,,,,1,1,3,1,3
200700075908,0007-12-17 15:30:00,7,12,17,15,30,202,148,,,,Plein jour,Hors agglomération,Hors intersection,Normale,Deux véhicules - côté,,,,,,,,,,,1,1,1,1,3
200700075909,0007-12-16 06:00:00,7,12,16,6,0,202,43,,42.798,9.489,Nuit sans éclairage public,Hors agglomération,Hors intersection,Pluie légère,Autre collision,,,,,,,,,,,3,1,1,2,6
200700075910,0007-12-11 15:30:00,7,12,11,15,30,202,205,,42.699,9.335,Plein jour,Hors agglomération,Hors intersection,Temps éblouissant,Sans collision,,,,,,,,,,,1,1,1,7,7
200700075911,0007-12-05 04:30:00,7,12,5,4,30,202,96,RN 200  PONT CFC,,,Nuit sans éclairage public,En agglomération,Hors intersection,Normale,Autre collision,,,,,,,,,,,3,2,1,1,6
200700075912,0007-12-11 07:15:00,7,12,11,7,15,202,96,RN193,42.306,9.158,Plein jour,En agglomération,Hors intersection,Normale,Deux véhicules - frontale,,,,,,,,,,,1,2,1,1,1
200700075913,0007-12-06 18:30:00,7,12,6,18,30,202,332,,,,Plein jour,Hors agglomération,Hors intersection,Normale,Autre collision,,,,,,,,,,,1,1,1,1,6
200700075914,0007-12-16 10:30:00,7,12,16,10,30,202,59,,42.484,9.205,Plein jour,Hors agglomération,Hors intersection,Neige / grêle,Sans collision,,,,,,,,,,,1,1,1,4,7
200700075915,0007-12-29 12:45:00,7,12,29,12,45,202,283,,41.91,9.391,Plein jour,Hors agglomération,Hors intersection,Normale,Deux véhicules - côté,,,,,,,,,,,1,1,1,1,3
200700075916,0007-12-31 14:00:00,7,12,31,14,0,202,123,,42.032,9.415,Plein jour,Hors agglomération,Hors intersection,Normale,Deux véhicules - côté,,,,,,,,,,,1,1,1,1,3
200700075917,0007-12-25 10:45:00,7,12,25,10,45,202,252,,42.447,9.457,Plein jour,Hors agglomération,Hors intersection,Normale,Deux véhicules - côté,,,,,,,,,,,1,1,1,1,3
200700075918,0007-12-30 20:15:00,7,12,30,20,15,202,286,,42.486,9.482,Nuit sans éclairage public,Hors agglomération,Hors intersection,Pluie légère,Autre collision,,,,,,,,,,,3,1,1,2,6
200700075919,0007-12-14 10:45:00,7,12,14,10,45,780,346,,48.932,1.571,Plein jour,Hors agglomération,Intersection en X,Normale,Deux véhicules - côté,,,,,,,,,,,1,1,2,1,3
200700075920,0007-12-19 17:00:00,7,12,19,17,0,780,89,Rue Marcel Pagnol,49.038,1.58,Plein jour,En agglomération,Hors intersection,Normale,Deux véhicules - frontale,,,,,,,,,,,1,2,1,1,1
200700075921,0007-12-20 10:30:00,7,12,20,10,30,780,113,,49.017,1.819,Plein jour,Hors agglomération,Hors intersection,Normale,Deux véhicules - frontale,,,,,,,,,,,1,1,1,1,1
200700075922,0007-12-21 06:00:00,7,12,21,6,0,780,567,,49.026,1.669,Nuit sans éclairage public,Hors agglomération,Hors intersection,Normale,Autre collision,,,,,,,,,,,3,1,1,1,6
200700075923,0007-12-18 10:30:00,7,12,18,10,30,780,193,,,,Nuit sans éclairage public,Hors agglomération,Hors intersection,Normale,Autre collision,,,,,,,,,,,3,1,1,1,6
200700075924,0007-12-01 18:15:00,7,12,1,18,15,780,389,,,,Nuit sans éclairage public,Hors agglomération,Hors intersection,Vent fort / tempête,Deux véhicules - arrière,,,,,,,,,,,3,1,1,6,2
200700075925,0007-12-25 17:30:00,7,12,25,17,30,780,420,grande rue,48.756,1.832,Nuit sans éclairage public,En agglomération,Hors intersection,Autre,Deux véhicules - frontale,,,,,,,,,,,3,2,1,9,1
200700075926,0007-12-07 15:30:00,7,12,7,15,30,780,321,107 route des mousseaux,48.793,1.899,Plein jour,En agglomération,Hors intersection,Pluie légère,Autre collision,,,,,,,,,,,1,2,1,2,6
200700075927,0007-12-18 22:30:00,7,12,18,22,30,780,442,rue du stade,48.822,1.923,Nuit avec éclairage allumé,En agglomération,Hors intersection,Normale,Deux véhicules - frontale,,,,,,,,,,,5,2,1,1,1
200700075928,0007-12-21 12:30:00,7,12,21,12,30,780,321,,,,Plein jour,Hors agglomération,Hors intersection,Normale,Autre collision,,,,,,,,,,,1,1,1,1,6
200700075929,0007-12-27 17:30:00,7,12,27,17,30,780,601,,,,Nuit sans éclairage public,Hors agglomération,Hors intersection,Pluie légère,Deux véhicules - frontale,,,,,,,,,,,3,1,1,2,1
200700075930,0007-12-14 18:45:00,7,12,14,18,45,910,340,INTERSECTION AVENUE DU 8,48.602,2.423,Nuit avec éclairage allumé,En agglomération,Hors intersection,Normale,Deux véhicules - frontale,,,,,,,,,,,5,2,1,1,1
200700075931,0007-12-19 19:30:00,7,12,19,19,30,910,121,,,,Nuit sans éclairage public,Hors agglomération,Hors intersection,Autre,Sans collision,,,,,,,,,,,3,1,1,9,7
200700075932,0007-12-09 14:00:00,7,12,9,14,0,910,284,,48.515,2.02,Plein jour,Hors agglomération,Hors intersection,Temps couvert,Trois véhicules et plus - collisions multiples,,,,,,,,,,,1,1,1,8,5
200700075933,0007-12-09 07:45:00,7,12,9,7,45,910,671,,48.468,2.269,Plein jour,Hors agglomération,Hors intersection,Normale,Autre collision,,,,,,,,,,,1,1,1,1,6
200700075934,0007-12-10 16:30:00,7,12,10,16,30,910,226,,,,Crépuscule ou aube,Hors agglomération,Hors intersection,Pluie légère,Trois véhicules et plus - collisions multiples,,,,,,,,,,,2,1,1,2,5
200700075935,0007-12-31 18:30:00,7,12,31,18,30,910,16,Rue Jacob,,,Nuit avec éclairage allumé,En agglomération,Hors intersection,Brouillard / fumée,Autre collision,,,,,,,,,,,5,2,1,5,6
200700075936,0007-12-12 07:45:00,7,12,12,7,45,910,248,,,,Crépuscule ou aube,Hors agglomération,Hors intersection,Autre,Autre collision,,,,,,,,,,,2,1,1,9,6
200700075937,0007-12-07 12:45:00,7,12,7,12,45,910,661,rue de liederbach,48.701,2.216,Plein jour,En agglomération,Hors intersection,Temps couvert,Sans collision,,,,,,,,,,,1,2,1,8,7
200700075938,0007-12-06 11:00:00,7,12,6,11,0,910,156,,48.545,2.271,Plein jour,Hors agglomération,Hors intersection,Pluie légère,Deux véhicules - arrière,,,,,,,,,,,1,1,1,2,2
200700075939,0007-12-21 21:45:00,7,12,21,21,45,910,494,,48.614,2.337,Nuit sans éclairage public,Hors agglomération,Hors intersection,Normale,Deux véhicules - frontale,,,,,,,,,,,3,1,1,1,1
200700075940,0007-12-23 11:00:00,7,12,23,11,0,910,534,,,,Plein jour,Hors agglomération,Giratoire,Temps couvert,Trois véhicules et plus - collisions multiples,,,,,,,,,,,1,1,6,8,5
200700075941,0007-12-04 09:15:00,7,12,4,9,15,910,275,37 rue de Chartres,48.691,2.151,Plein jour,En agglomération,Hors intersection,Normale,Deux véhicules - arrière,,,,,,,,,,,1,2,1,1,2
200700075942,0007-12-27 10:45:00,7,12,27,10,45,910,272,,,,Plein jour,En agglomération,Hors intersection,Normale,Autre collision,,,,,,,,,,,1,2,1,1,6
200700075943,0007-12-18 18:30:00,7,12,18,18,30,950,554,,,,Nuit sans éclairage public,Hors agglomération,Hors intersection,Normale,Autre collision,,,,,,,,,,,3,1,1,1,6
200700075944,0007-12-02 03:30:00,7,12,2,3,30,950,213,Lieu-dit ''La Thuilerie',49.126,2.066,Nuit sans éclairage public,En agglomération,Hors intersection,Temps couvert,Deux véhicules - frontale,,,,,,,,,,,3,2,1,8,1
200700075945,0007-12-04 19:30:00,7,12,4,19,30,950,54,,49.161,1.884,Nuit sans éclairage public,Hors agglomération,Hors intersection,Normale,Autre collision,,,,,,,,,,,3,1,1,1,6
200700075946,0007-12-22 22:15:00,7,12,22,22,15,770,455,Rue de la gare,,,Nuit avec éclairage allumé,En agglomération,Hors intersection,Normale,Autre collision,,,,,,,,,,,5,2,1,1,6
200700075947,0007-12-01 13:45:00,7,12,1,13,45,770,295,,,,Plein jour,Hors agglomération,Hors intersection,Normale,Autre collision,,,,,,,,,,,1,1,1,1,6
200700075948,0007-12-28 18:00:00,7,12,28,18,0,770,295,,,,Nuit sans éclairage public,Hors agglomération,Hors intersection,Normale,Deux véhicules - frontale,,,,,,,,,,,3,1,1,1,1
200700075949,0007-12-13 06:15:00,7,12,13,6,15,770,145,,,,Nuit sans éclairage public,Hors agglomération,Hors intersection,Normale,Deux véhicules - frontale,,,,,,,,,,,3,1,1,1,1
200700075950,0007-12-20 12:45:00,7,12,20,12,45,770,145,,,,Plein jour,Hors agglomération,Hors intersection,Normale,Deux véhicules - frontale,,,,,,,,,,,1,1,1,1,1
200700075951,0007-12-04 08:45:00,7,12,4,8,45,770,211,,48.586,2.966,Plein jour,Hors agglomération,Hors intersection,Normale,Deux véhicules - côté,,,,,,,,,,,1,1,1,1,3
200700075952,0007-12-10 09:30:00,7,12,10,9,30,770,484,,48.904,2.941,Plein jour,Hors agglomération,Hors intersection,Pluie légère,Deux véhicules - frontale,,,,,,,,,,,1,1,1,2,1
200700075953,0007-12-20 08:15:00,7,12,20,8,15,770,141,,48.857,2.845,Plein jour,Hors agglomération,Autre intersection,Normale,Deux véhicules - frontale,,,,,,,,,,,1,1,9,1,1
200700075954,0007-12-08 18:00:00,7,12,8,18,0,770,278,,48.78,3.175,Nuit sans éclairage public,Hors agglomération,Hors intersection,Pluie forte,Autre collision,,,,,,,,,,,3,1,1,3,6
200700075955,0007-12-24 19:45:00,7,12,24,19,45,770,116,,48.795,3.281,Nuit sans éclairage public,Hors agglomération,Hors intersection,Normale,Sans collision,,,,,,,,,,,3,1,1,1,7
200700075956,0007-12-01 11:30:00,7,12,1,11,30,770,183,"48, rue René Messeaux",48.952,3.138,Plein jour,En agglomération,Hors intersection,Normale,Deux véhicules - côté,,,,,,,,,,,1,2,1,1,3
200700075957,0007-12-04 17:30:00,7,12,4,17,30,770,238,,48.933,3.113,Nuit sans éclairage public,Hors agglomération,Hors intersection,Pluie légère,Autre collision,,,,,,,,,,,3,1,1,2,6
200700075958,0007-12-07 20:15:00,7,12,7,20,15,770,238,RUE DE LA FERTE,48.941,3.148,Nuit avec éclairage allumé,En agglomération,Hors intersection,Pluie légère,Deux véhicules - côté,,,,,,,,,,,5,2,1,2,3
200700075959,0007-12-07 18:30:00,7,12,7,18,30,770,183,rond point du mémorial,48.947,3.125,Nuit avec éclairage allumé,En agglomération,Giratoire,Normale,Autre collision,,,,,,,,,,,5,2,6,1,6
200700075960,0007-12-30 18:00:00,7,12,30,18,0,770,238,,48.934,3.127,Nuit sans éclairage public,Hors agglomération,Hors intersection,Normale,Deux véhicules - côté,,,,,,,,,,,3,1,1,1,3
200700075961,0007-12-07 09:30:00,7,12,7,9,30,770,387,,48.243,2.815,Plein jour,Hors agglomération,Intersection en T,Pluie légère,Deux véhicules - côté,,,,,,,,,,,1,1,3,2,3
200700075962,0007-12-02 16:45:00,7,12,2,16,45,770,234,GRANDE RUE,,,Plein jour,En agglomération,Hors intersection,Pluie légère,Deux véhicules - frontale,,,,,,,,,,,1,2,1,2,1
200700075963,0007-12-14 09:00:00,7,12,14,9,0,770,474,,,,Plein jour,Hors agglomération,Hors intersection,Autre,Deux véhicules - côté,,,,,,,,,,,1,1,1,9,3
200700075964,0007-12-03 12:30:00,7,12,3,12,30,770,460,GRANDE RUE,49.002,3.044,Plein jour,En agglomération,Hors intersection,Normale,Autre collision,,,,,,,,,,,1,2,1,1,6
200700075965,0007-12-30 10:45:00,7,12,30,10,45,770,321,,48.412,3.22,Plein jour,Hors agglomération,Hors intersection,Normale,Deux véhicules - côté,,,,,,,,,,,1,1,1,1,3
200700075966,0007-12-08 13:45:00,7,12,8,13,45,450,290,,47.851,2.314,Plein jour,Hors agglomération,Hors intersection,Pluie forte,Deux véhicules - frontale,,,,,,,,,,,1,1,1,3,1
200700075967,0007-12-01 18:00:00,7,12,1,18,0,450,196,route des Muids,47.85,1.802,Nuit avec éclairage allumé,En agglomération,Hors intersection,Temps couvert,Sans collision,,,,,,,,,,,5,2,1,8,7
200700075968,0007-12-07 19:45:00,7,12,7,19,45,450,196,,47.831,1.739,Nuit sans éclairage public,Hors agglomération,Hors intersection,Normale,Autre collision,,,,,,,,,,,3,1,1,1,6
200700075969,0007-12-14 13:00:00,7,12,14,13,0,450,311,,47.845,2.215,Plein jour,Hors agglomération,Hors intersection,Normale,Autre collision,,,,,,,,,,,1,1,1,1,6
200700075970,0007-12-19 07:45:00,7,12,19,7,45,450,273,CARREFOUR DES FONTAINES,47.876,2.126,Crépuscule ou aube,En agglomération,Hors intersection,Normale,Deux véhicules - frontale,,,,,,,,,,,2,2,1,1,1
200700075971,0007-12-22 10:30:00,7,12,22,10,30,450,6,,47.797,1.869,Plein jour,Hors agglomération,Hors intersection,Normale,Deux véhicules - frontale,,,,,,,,,,,1,1,1,1,1
200700075972,0007-12-12 20:15:00,7,12,12,20,15,450,261,,47.987,2.013,Nuit sans éclairage public,Hors agglomération,Hors intersection,Normale,Autre collision,,,,,,,,,,,3,1,1,1,6
200700075973,0007-12-21 21:00:00,7,12,21,21,0,450,25,,48.19,2.05,Nuit sans éclairage public,Hors agglomération,Hors intersection,Temps couvert,Sans collision,,,,,,,,,,,3,1,1,8,7
200700075974,0007-12-21 05:30:00,7,12,21,5,30,450,42,,,,Nuit sans éclairage public,Hors agglomération,Hors intersection,Autre,Deux véhicules - frontale,,,,,,,,,,,3,1,1,9,1
200700075975,0007-12-01 10:00:00,7,12,1,10,0,450,178,,,,Nuit sans éclairage public,Hors agglomération,Hors intersection,Pluie légère,Trois véhicules et plus - collisions multiples,,,,,,,,,,,3,1,1,2,5
200700075976,0007-12-20 18:00:00,7,12,20,18,0,450,83,,,,Nuit sans éclairage public,Hors agglomération,Hors intersection,Autre,Autre collision,,,,,,,,,,,3,1,1,9,6
200700075977,0007-12-27 15:00:00,7,12,27,15,0,450,85,,,,Nuit sans éclairage public,Hors agglomération,Hors intersection,Pluie légère,Deux véhicules - frontale,,,,,,,,,,,3,1,1,2,1
200700075978,0007-12-20 21:30:00,7,12,20,21,30,450,145,Boulevard de la brêche,48.094,2.791,Nuit sans éclairage public,En agglomération,Hors intersection,Normale,Autre collision,,,,,,,,,,,3,2,1,1,6
200700075979,0007-12-21 07:30:00,7,12,21,7,30,450,161,,48.086,2.827,Nuit sans éclairage public,Hors agglomération,Hors intersection,Normale,Deux véhicules - frontale,,,,,,,,,,,3,1,1,1,1
200700075980,0007-12-21 08:00:00,7,12,21,8,0,180,251,,47.134,2.834,Nuit sans éclairage public,Hors agglomération,Hors intersection,Autre,Sans collision,,,,,,,,,,,3,1,1,9,7
200700075981,0007-12-04 03:00:00,7,12,4,3,0,180,278,,,,Nuit sans éclairage public,Hors agglomération,Hors intersection,Normale,Sans collision,,,,,,,,,,,3,1,1,1,7
200700075982,0007-12-05 09:00:00,7,12,5,9,0,180,87,,46.904,2.535,Plein jour,Hors agglomération,Hors intersection,Normale,Autre collision,,,,,,,,,,,1,1,1,1,6
200700075983,0007-12-10 10:30:00,7,12,10,10,30,180,108,,46.933,2.951,Plein jour,Hors agglomération,Hors intersection,Pluie légère,Deux véhicules - frontale,,,,,,,,,,,1,1,1,2,1
200700075984,0007-12-24 09:00:00,7,12,24,9,0,180,108,rue de la libération,46.956,2.941,Plein jour,En agglomération,Intersection en T,Temps couvert,Deux véhicules - frontale,,,,,,,,,,,1,2,3,8,1
200700075985,0007-12-03 07:30:00,7,12,3,7,30,180,28,,47.14,2.276,Nuit sans éclairage public,Hors agglomération,Hors intersection,Pluie légère,Trois véhicules et plus - collisions multiples,,,,,,,,,,,3,1,1,2,5
200700075986,0007-12-12 13:45:00,7,12,12,13,45,180,141,,47.132,2.215,Plein jour,Hors agglomération,Hors intersection,Normale,Deux véhicules - côté,,,,,,,,,,,1,1,1,1,3
200700075987,0007-12-14 07:15:00,7,12,14,7,15,180,223,,47.177,2.343,Nuit sans éclairage public,Hors agglomération,Hors intersection,Autre,Sans collision,,,,,,,,,,,3,1,1,9,7
200700075988,0007-12-30 08:30:00,7,12,30,8,30,280,48,,48.348,1.439,Crépuscule ou aube,Hors agglomération,Hors intersection,Autre,Deux véhicules - arrière,,,,,,,,,,,2,1,1,9,2
200700075989,0007-12-09 18:00:00,7,12,9,18,0,280,158,,48.415,1.424,Nuit sans éclairage public,Hors agglomération,Hors intersection,Pluie forte,Trois véhicules et plus - collisions multiples,,,,,,,,,,,3,1,1,3,5
200700075990,0007-12-09 20:30:00,7,12,9,20,30,280,325,Rue du Chateau d'Eau,48.473,1.366,Nuit avec éclairage allumé,En agglomération,Hors intersection,Pluie légère,Sans collision,,,,,,,,,,,5,2,1,2,7
200700075991,0007-12-01 18:30:00,7,12,1,18,30,280,363,,48.42,1.929,Nuit sans éclairage public,Hors agglomération,Hors intersection,Normale,Deux véhicules - côté,,,,,,,,,,,3,1,1,1,3
200700075992,0007-12-17 09:30:00,7,12,17,9,30,280,15,,48.477,1.772,Plein jour,Hors agglomération,Hors intersection,Normale,Deux véhicules - côté,,,,,,,,,,,1,1,1,1,3
200700075993,0007-12-28 18:00:00,7,12,28,18,0,280,391,,,,Nuit sans éclairage public,Hors agglomération,Hors intersection,Normale,Deux véhicules - frontale,,,,,,,,,,,3,1,1,1,1
200700075994,0007-12-11 10:00:00,7,12,11,10,0,280,88,RUE DU GUE VASLIN,48.083,1.339,Nuit avec éclairage allumé,En agglomération,Hors intersection,Normale,Autre collision,,,,,,,,,,,5,2,1,1,6
200700075995,0007-12-06 15:45:00,7,12,6,15,45,280,61,rue de la chevalerie,48.216,1.168,Plein jour,En agglomération,Hors intersection,Pluie légère,Autre collision,,,,,,,,,,,1,2,1,2,6
200700075996,0007-12-15 02:00:00,7,12,15,2,0,280,61,87 RUE DE FRAZE,48.219,1.173,Nuit sans éclairage public,En agglomération,Hors intersection,Normale,Autre collision,,,,,,,,,,,3,2,1,1,6
200700075997,0007-12-09 16:45:00,7,12,9,16,45,280,359,CD 152 RUE DE LA GARE,48.766,1.251,Plein jour,En agglomération,Hors intersection,Pluie forte,Deux véhicules - frontale,,,,,,,,,,,1,2,1,3,1
200700075998,0007-12-30 20:00:00,7,12,30,20,0,280,98,,,,Nuit avec éclairage non allumé,Hors agglomération,Hors intersection,Temps couvert,Autre collision,,,,,,,,,,,4,1,1,8,6
200700075999,0007-12-06 06:30:00,7,12,6,6,30,280,36,,,,Nuit sans éclairage public,Hors agglomération,Hors intersection,Normale,Deux véhicules - frontale,,,,,,,,,,,3,1,1,1,1
200700076000,0007-12-10 17:30:00,7,12,10,17,30,280,279,"CD 26, route d'Ormoy",48.645,1.523,Crépuscule ou aube,En agglomération,Hors intersection,Temps couvert,Autre collision,,,,,,,,,,,2,2,1,8,6
200700076001,0007-12-30 15:15:00,7,12,30,15,15,280,280,RUE DE SOUANCE,48.315,0.828,Nuit avec éclairage allumé,En agglomération,Hors intersection,Normale,Autre collision,,,,,,,,,,,5,2,1,1,6
200700076002,0007-12-20 16:00:00,7,12,20,16,0,280,362,,,,Plein jour,Hors agglomération,Hors intersection,Normale,Trois véhicules et plus - collisions multiples,,,,,,,,,,,1,1,1,1,5
200700076003,0007-12-12 03:15:00,7,12,12,3,15,360,47,,46.422,1.366,Nuit sans éclairage public,Hors agglomération,Hors intersection,Normale,Autre collision,,,,,,,,,,,3,1,1,1,6
200700076004,0007-12-17 18:15:00,7,12,17,18,15,360,53,SCOURY,46.64,1.29,Nuit avec éclairage allumé,En agglomération,Hors intersection,Normale,Deux véhicules - frontale,,,,,,,,,,,5,2,1,1,1
200700076005,0007-12-21 08:00:00,7,12,21,8,0,360,200,,,,Crépuscule ou aube,Hors agglomération,Hors intersection,Autre,Autre collision,,,,,,,,,,,2,1,1,9,6
200700076006,0007-12-14 05:15:00,7,12,14,5,15,360,149,rue des prunus,46.946,1.322,Nuit avec éclairage allumé,En agglomération,Hors intersection,Autre,Autre collision,,,,,,,,,,,5,2,1,9,6
200700076007,0007-12-20 09:45:00,7,12,20,9,45,360,31,rue grande,46.894,1.426,Plein jour,En agglomération,Hors intersection,Normale,Autre collision,,,,,,,,,,,1,2,1,1,6
200700076008,0007-12-25 16:30:00,7,12,25,16,30,360,149,,46.925,1.305,Crépuscule ou aube,Hors agglomération,Hors intersection,Pluie légère,Deux véhicules - frontale,,,,,,,,,,,2,1,1,2,1
200700076009,0007-12-18 18:45:00,7,12,18,18,45,360,55,route de Villiers,46.942,1.23,Nuit sans éclairage public,En agglomération,Hors intersection,Normale,Deux véhicules - arrière,,,,,,,,,,,3,2,1,1,2
200700076010,0007-12-31 18:45:00,7,12,31,18,45,360,8,,46.902,1.267,Nuit sans éclairage public,Hors agglomération,Hors intersection,Normale,Deux véhicules - frontale,,,,,,,,,,,3,1,1,1,1
200700076011,0007-12-09 06:30:00,7,12,9,6,30,360,151,,,,Nuit sans éclairage public,Hors agglomération,Hors intersection,Normale,Sans collision,,,,,,,,,,,3,1,1,1,7
200700076012,0007-12-31 11:15:00,7,12,31,11,15,360,163,la chaume blanche,,,Plein jour,En agglomération,Hors intersection,Normale,Deux véhicules - arrière,,,,,,,,,,,1,2,1,1,2
200700076013,0007-12-22 09:15:00,7,12,22,9,15,360,179,,46.942,1.919,Plein jour,Hors agglomération,Hors intersection,Autre,Sans collision,,,,,,,,,,,1,1,1,9,7