accident_id,datetime,annee,mois,jour,heure,minute,departement,commune_insee,adresse,latitude,longitude,luminosite,agglomeration,intersection,meteo,collision,nb_vehicules,nb_usagers,nb_indemnes,nb_tues,nb_blesses_hosp,nb_blesses_legers,age_cond_1,age_cond_2,veh_type_cond_1,veh_type_cond_2,lum_code,agg_code,int_code,atm_code,col_code
200700076149,0007-12-10 07:00:00,7,12,10,7,0,350,353,,,,Nuit avec éclairage allumé,Hors agglomération,Hors intersection,Normale,Deux véhicules - frontale,,,,,,,,,,,5,1,1,1,1
200700076150,0007-12-04 17:45:00,7,12,4,17,45,560,243,,47.64,-2.721,Nuit sans éclairage public,Hors agglomération,Intersection en T,Normale,Deux véhicules - côté,,,,,,,,,,,3,1,3,1,3
200700076151,0007-12-08 01:30:00,7,12,8,1,30,560,248,,47.559,-2.657,Nuit sans éclairage public,Hors agglomération,Hors intersection,Normale,Deux véhicules - frontale,,,,,,,,,,,3,1,1,1,1
200700076152,0007-12-18 02:45:00,7,12,18,2,45,540,528,,,,Nuit sans éclairage public,Hors agglomération,Hors intersection,Normale,Deux véhicules - arrière,,,,,,,,,,,3,1,1,1,2
200700076153,0007-12-03 19:15:00,7,12,3,19,15,880,390,,,,Nuit sans éclairage public,Hors agglomération,Hors intersection,Normale,Deux véhicules - frontale,,,,,,,,,,,3,1,1,1,1
200700076154,0007-12-11 09:00:00,7,12,11,9,0,130,99,,,,Plein jour,Hors agglomération,Hors intersection,Normale,Trois véhicules et plus - en chaîne,,,,,,,,,,,1,1,1,1,4
200700076155,0007-12-24 09:00:00,7,12,24,9,0,130,113,,,,Plein jour,Hors agglomération,Hors intersection,Normale,Autre collision,,,,,,,,,,,1,1,1,1,6
200700076156,0007-12-28 15:00:00,7,12,28,15,0,130,59,,,,Plein jour,Hors agglomération,Hors intersection,Normale,Autre collision,,,,,,,,,,,1,1,1,1,6
200700076157,0007-12-21 11:30:00,7,12,21,11,30,180,138,,,,Plein jour,Hors agglomération,Hors intersection,Normale,Autre collision,,,,,,,,,,,1,1,1,1,6
200700076158,0007-12-28 08:00:00,7,12,28,8,0,340,159,40 Avenue de Verdun,43.511,3.797,Plein jour,En agglomération,Hors intersection,Normale,Autre collision,,,,,,,,,,,1,2,1,1,6
200700076159,0007-12-21 15:15:00,7,12,21,15,15,10,274,,,,Plein jour,Hors agglomération,Hors intersection,Temps couvert,Trois véhicules et plus - en chaîne,,,,,,,,,,,1,1,1,8,4
200700076160,0007-12-03 12:45:00,7,12,3,12,45,140,577,carrefour CD 158B et CD,49.28,-0.563,Plein jour,En agglomération,Intersection en X,Normale,Deux véhicules - côté,,,,,,,,,,,1,2,2,1,3
200700076161,0007-12-22 15:00:00,7,12,22,15,0,30,277,,46.286,3.048,Plein jour,Hors agglomération,Hors intersection,Pluie légère,Deux véhicules - arrière,,,,,,,,,,,1,1,1,2,2
200700076162,0007-12-11 23:00:00,7,12,11,23,0,60,84,RD 6085 / Journet M.,,,Nuit avec éclairage allumé,En agglomération,Hors intersection,Normale,Trois véhicules et plus - collisions multiples,,,,,,,,,,,5,2,1,1,5
200700076163,0007-12-20 16:45:00,7,12,20,16,45,60,84,,,,Plein jour,Hors agglomération,Hors intersection,Normale,Deux véhicules - frontale,,,,,,,,,,,1,1,1,1,1
200700076164,0007-12-23 08:45:00,7,12,23,8,45,60,84,,43.624,6.947,Plein jour,Hors agglomération,Hors intersection,Normale,Autre collision,,,,,,,,,,,1,1,1,1,6
200700076165,0007-12-14 16:15:00,7,12,14,16,15,490,377,,47.522,-0.43,Plein jour,Hors agglomération,Hors intersection,Autre,Autre collision,,,,,,,,,,,1,1,1,9,6
200700076166,0007-12-23 18:45:00,7,12,23,18,45,670,296,,48.617,7.718,Nuit sans éclairage public,Hors agglomération,Hors intersection,Brouillard / fumée,Deux véhicules - frontale,,,,,,,,,,,3,1,1,5,1
200700076167,0007-12-01 16:45:00,7,12,1,16,45,60,105,CD 204- ENTREE POMPIERS,,,Nuit avec éclairage allumé,En agglomération,Hors intersection,Normale,Deux véhicules - frontale,,,,,,,,,,,5,2,1,1,1
200700076168,0007-12-10 15:45:00,7,12,10,15,45,650,389,,43.107,0.478,Plein jour,Hors agglomération,Hors intersection,Normale,Autre collision,,,,,,,,,,,1,1,1,1,6
200700076169,0007-12-24 21:45:00,7,12,24,21,45,650,417,,43.221,0.116,Nuit sans éclairage public,Hors agglomération,Hors intersection,Brouillard / fumée,Trois véhicules et plus - collisions multiples,,,,,,,,,,,3,1,1,5,5
200700076170,0007-12-08 01:15:00,7,12,8,1,15,20,638,,,,Nuit sans éclairage public,Hors agglomération,Hors intersection,Normale,Autre collision,,,,,,,,,,,3,1,1,1,6
200700076171,0007-12-29 16:15:00,7,12,29,16,15,130,113,,,,Plein jour,Hors agglomération,Hors intersection,Normale,Deux véhicules - côté,,,,,,,,,,,1,1,1,1,3
200700076172,0007-12-30 15:30:00,7,12,30,15,30,730,118,,45.48,6.02,Plein jour,Hors agglomération,Autre intersection,Autre,Deux véhicules - côté,,,,,,,,,,,1,1,9,9,3
200700076173,0007-12-22 22:00:00,7,12,22,22,0,380,517,,45.288,5.525,Nuit sans éclairage public,Hors agglomération,Hors intersection,Pluie légère,Autre collision,,,,,,,,,,,3,1,1,2,6
200700076174,0007-12-10 16:30:00,7,12,10,16,30,350,206,,,,Plein jour,Hors agglomération,Hors intersection,Temps couvert,Deux véhicules - frontale,,,,,,,,,,,1,1,1,8,1
200700076175,0007-12-17 16:45:00,7,12,17,16,45,640,87,,,,Plein jour,Hors agglomération,Hors intersection,Normale,Sans collision,,,,,,,,,,,1,1,1,1,7
200700076176,0007-12-24 18:00:00,7,12,24,18,0,510,212,,48.781,4.259,Nuit sans éclairage public,Hors agglomération,Hors intersection,Normale,Trois véhicules et plus - en chaîne,,,,,,,,,,,3,1,1,1,4
200700076177,0007-12-13 13:30:00,7,12,13,13,30,890,274,,,,Plein jour,Hors agglomération,Hors intersection,Normale,Sans collision,,,,,,,,,,,1,1,1,1,7
200700076178,0007-12-12 07:45:00,7,12,12,7,45,760,66,,,,Crépuscule ou aube,Hors agglomération,Hors intersection,Autre,Sans collision,,,,,,,,,,,2,1,1,9,7
200700076179,0007-12-20 19:00:00,7,12,20,19,0,760,369,,,,Nuit sans éclairage public,Hors agglomération,Hors intersection,Pluie légère,Deux véhicules - arrière,,,,,,,,,,,3,1,1,2,2
200700076180,0007-12-21 14:00:00,7,12,21,14,0,760,628,,,,Plein jour,Hors agglomération,Hors intersection,Normale,Autre collision,,,,,,,,,,,1,1,1,1,6
200700076181,0007-12-19 11:30:00,7,12,19,11,30,310,457,,,,Plein jour,Hors agglomération,Hors intersection,Normale,Autre collision,,,,,,,,,,,1,1,1,1,6
200700076182,0007-12-15 15:45:00,7,12,15,15,45,740,189,ROUTE DE BONNEVILLE,46.055,6.485,Nuit avec éclairage allumé,En agglomération,Hors intersection,Pluie légère,Autre collision,,,,,,,,,,,5,2,1,2,6
200700076183,0007-12-24 17:30:00,7,12,24,17,30,800,791,,,,Nuit sans éclairage public,Hors agglomération,Hors intersection,Autre,Trois véhicules et plus - collisions multiples,,,,,,,,,,,3,1,1,9,5
200700076184,0007-12-07 17:45:00,7,12,7,17,45,190,274,,,,Nuit sans éclairage public,Hors agglomération,Hors intersection,Pluie forte,Deux véhicules - arrière,,,,,,,,,,,3,1,1,3,2
200700076185,0007-12-07 20:00:00,7,12,7,20,0,190,234,,,,Nuit sans éclairage public,Hors agglomération,Hors intersection,Vent fort / tempête,Deux véhicules - arrière,,,,,,,,,,,3,1,1,6,2
200700076186,0007-12-09 10:08:00,7,12,9,10,8,870,88,00 - Sens Province/Paris,,,Plein jour,Hors agglomération,Hors intersection,Pluie forte,Autre collision,,,,,,,,,,,1,1,1,3,6
200700076187,0007-12-10 11:00:00,7,12,10,11,0,870,146,pr 215 800,,,Plein jour,Hors agglomération,Hors intersection,Pluie légère,Deux véhicules - frontale,,,,,,,,,,,1,1,1,2,1
200700076188,0007-12-26 12:00:00,7,12,26,12,0,360,6,,,,Plein jour,Hors agglomération,Hors intersection,Normale,Autre collision,,,,,,,,,,,1,1,1,1,6
200700076189,0007-12-10 19:30:00,7,12,10,19,30,480,99,,,,Nuit sans éclairage public,Hors agglomération,Hors intersection,Temps couvert,Deux véhicules - arrière,,,,,,,,,,,3,1,1,8,2
200700076190,0007-12-23 02:30:00,7,12,23,2,30,190,275,,45.519,2.301,Nuit sans éclairage public,Hors agglomération,Hors intersection,Autre,Autre collision,,,,,,,,,,,3,1,1,9,6
200700076191,0007-12-02 08:00:00,7,12,2,8,0,780,356,,48.748,2.054,Crépuscule ou aube,Hors agglomération,Hors intersection,Pluie légère,Autre collision,,,,,,,,,,,2,1,1,2,6
200700076192,0007-12-05 16:45:00,7,12,5,16,45,720,58,,,,Plein jour,Hors agglomération,Hors intersection,Pluie légère,Deux véhicules - frontale,,,,,,,,,,,1,1,1,2,1
200700076193,0007-12-22 10:00:00,7,12,22,10,0,720,47,,,,Plein jour,Hors agglomération,Hors intersection,Normale,Sans collision,,,,,,,,,,,1,1,1,1,7
200700076194,0007-12-10 08:15:00,7,12,10,8,15,720,119,,48.105,0.044,Crépuscule ou aube,Hors agglomération,Hors intersection,Pluie légère,Deux véhicules - côté,,,,,,,,,,,2,1,1,2,3
200700076195,0007-12-13 05:00:00,7,12,13,5,0,720,320,,48.073,0.154,Nuit sans éclairage public,Hors agglomération,Hors intersection,Brouillard / fumée,Deux véhicules - frontale,,,,,,,,,,,3,1,1,5,1
200700076196,0007-12-19 18:00:00,7,12,19,18,0,720,255,,48.161,-0.216,Nuit sans éclairage public,Hors agglomération,Hors intersection,Normale,Autre collision,,,,,,,,,,,3,1,1,1,6
200700076197,0007-12-17 19:00:00,7,12,17,19,0,950,394,route de sognolles,,,Nuit avec éclairage allumé,En agglomération,Hors intersection,Normale,Deux véhicules - côté,,,,,,,,,,,5,2,1,1,3
200700076198,0007-12-05 21:00:00,7,12,5,21,0,680,375,64 rue de reiningue,47.807,7.237,Nuit avec éclairage allumé,En agglomération,Hors intersection,Pluie légère,Deux véhicules - côté,,,,,,,,,,,5,2,1,2,3
200700076199,0007-12-17 10:45:00,7,12,17,10,45,310,547,185 route de st lys,43.501,1.303,Plein jour,En agglomération,Hors intersection,Normale,Deux véhicules - frontale,,,,,,,,,,,1,2,1,1,1
200700076200,0007-12-20 16:45:00,7,12,20,16,45,310,547,,43.495,1.316,Plein jour,Hors agglomération,Hors intersection,Normale,Trois véhicules et plus - collisions multiples,,,,,,,,,,,1,1,1,1,5
200700076201,0007-12-31 17:15:00,7,12,31,17,15,300,356,CHEMIN DES CANAUX,,,Crépuscule ou aube,En agglomération,Giratoire,Normale,Deux véhicules - côté,,,,,,,,,,,2,2,6,1,3
200700076202,0007-12-01 02:30:00,7,12,1,2,30,300,117,,,,Nuit sans éclairage public,Hors agglomération,Hors intersection,Normale,Deux véhicules - côté,,,,,,,,,,,3,1,1,1,3
200700076203,0007-12-01 14:45:00,7,12,1,14,45,130,10,,43.9,4.78,Plein jour,Hors agglomération,Hors intersection,Normale,Autre collision,,,,,,,,,,,1,1,1,1,6
200700076204,0007-12-07 08:00:00,7,12,7,8,0,130,45,,43.883,4.776,Plein jour,Hors agglomération,Hors intersection,Normale,Sans collision,,,,,,,,,,,1,1,1,1,7
200700076205,0007-12-05 13:30:00,7,12,5,13,30,760,711,21 rue de la digue,50.061,1.373,Plein jour,En agglomération,Hors intersection,Pluie légère,Deux véhicules - frontale,,,,,,,,,,,1,2,1,2,1
200700076206,0007-12-11 08:30:00,7,12,11,8,30,760,638,,50.004,1.434,Plein jour,Hors agglomération,Hors intersection,Normale,Sans collision,,,,,,,,,,,1,1,1,1,7
200700076207,0007-12-21 16:15:00,7,12,21,16,15,760,255,rue des canadiens,50.046,1.422,Plein jour,En agglomération,Hors intersection,Temps couvert,Autre collision,,,,,,,,,,,1,2,1,8,6
200700076208,0007-12-30 19:30:00,7,12,30,19,30,760,422,Inters CD 78/CD 315,49.961,1.474,Nuit avec éclairage allumé,En agglomération,Hors intersection,Normale,Deux véhicules - frontale,,,,,,,,,,,5,2,1,1,1
200700076209,0007-12-29 10:30:00,7,12,29,10,30,640,410,avenue henri IV,43.375,-0.622,Plein jour,En agglomération,Hors intersection,Normale,Autre collision,,,,,,,,,,,1,2,1,1,6
200700076210,0007-12-07 07:45:00,7,12,7,7,45,710,154,21 Rue Principale,,,Crépuscule ou aube,En agglomération,Hors intersection,Pluie légère,Deux véhicules - frontale,,,,,,,,,,,2,2,1,2,1
200700076211,0007-12-16 19:00:00,7,12,16,19,0,710,204,,,,Nuit sans éclairage public,Hors agglomération,Hors intersection,Normale,Deux véhicules - frontale,,,,,,,,,,,3,1,1,1,1
200700076212,0007-12-08 02:45:00,7,12,8,2,45,600,539,,,,Nuit sans éclairage public,Hors agglomération,Giratoire,Pluie légère,Deux véhicules - côté,,,,,,,,,,,3,1,6,2,3
200700076213,0007-12-07 16:00:00,7,12,7,16,0,240,20,A 89,,,Plein jour,Hors agglomération,Autre intersection,Pluie légère,Sans collision,,,,,,,,,,,1,1,9,2,7
200700076214,0007-12-01 19:30:00,7,12,1,19,30,250,258,,,,Nuit sans éclairage public,Hors agglomération,Hors intersection,Pluie légère,Deux véhicules - arrière,,,,,,,,,,,3,1,1,2,2
200700076215,0007-12-27 18:45:00,7,12,27,18,45,250,217,RD 8,,,Nuit avec éclairage allumé,En agglomération,Hors intersection,Pluie légère,Deux véhicules - frontale,,,,,,,,,,,5,2,1,2,1
200700076216,0007-12-30 07:00:00,7,12,30,7,0,950,510,,49.066,1.989,Crépuscule ou aube,Hors agglomération,Hors intersection,Temps couvert,Trois véhicules et plus - en chaîne,,,,,,,,,,,2,1,1,8,4
200700076217,0007-12-01 12:00:00,7,12,1,12,0,950,612,,,,Plein jour,Hors agglomération,Hors intersection,Normale,Deux véhicules - côté,,,,,,,,,,,1,1,1,1,3
200700076218,0007-12-12 17:45:00,7,12,12,17,45,950,527,rue de la belle étoile,,,Nuit avec éclairage allumé,En agglomération,Hors intersection,Normale,Autre collision,,,,,,,,,,,5,2,1,1,6
200700076219,0007-12-02 00:45:00,7,12,2,0,45,560,177,,47.774,-2.982,Nuit sans éclairage public,Hors agglomération,Hors intersection,Normale,Deux véhicules - frontale,,,,,,,,,,,3,1,1,1,1
200700076220,0007-12-12 18:30:00,7,12,12,18,30,560,94,,47.768,-3.299,Nuit avec éclairage non allumé,Hors agglomération,Hors intersection,Normale,Deux véhicules - arrière,,,,,,,,,,,4,1,1,1,2
200700076221,0007-12-21 18:30:00,7,12,21,18,30,560,94,,,,Nuit sans éclairage public,Hors agglomération,Hors intersection,Normale,Trois véhicules et plus - en chaîne,,,,,,,,,,,3,1,1,1,4
200700076222,0007-12-28 18:30:00,7,12,28,18,30,560,101,,,,Nuit sans éclairage public,Hors agglomération,Hors intersection,Pluie légère,Deux véhicules - frontale,,,,,,,,,,,3,1,1,2,1
200700076223,0007-12-17 09:15:00,7,12,17,9,15,140,98,,49.218,-0.524,Plein jour,Hors agglomération,Hors intersection,Normale,Deux véhicules - arrière,,,,,,,,,,,1,1,1,1,2
200700076224,0007-12-22 22:30:00,7,12,22,22,30,620,205,rue de Beuvry,50.717,2.337,Nuit sans éclairage public,En agglomération,Hors intersection,Autre,Autre collision,,,,,,,,,,,3,2,1,9,6
200700076225,0007-12-08 10:45:00,7,12,8,10,45,340,118,,43.744,3.909,Plein jour,Hors agglomération,Hors intersection,Normale,Autre collision,,,,,,,,,,,1,1,1,1,6
200700076226,0007-12-25 08:45:00,7,12,25,8,45,340,309,avenue de MONTPELLIER,43.686,3.924,Plein jour,En agglomération,Hors intersection,Normale,Autre collision,,,,,,,,,,,1,2,1,1,6
200700076227,0007-12-27 07:45:00,7,12,27,7,45,340,77,,43.652,3.887,Plein jour,Hors agglomération,Hors intersection,Normale,Deux véhicules - côté,,,,,,,,,,,1,1,1,1,3
200700076228,0007-12-07 19:15:00,7,12,7,19,15,500,407,,,,Nuit sans éclairage public,Hors agglomération,Autre intersection,Pluie forte,Deux véhicules - arrière,,,,,,,,,,,3,1,9,3,2
200700076229,0007-12-16 00:30:00,7,12,16,0,30,770,69,,,,Nuit sans éclairage public,Hors agglomération,Hors intersection,Autre,Sans collision,,,,,,,,,,,3,1,1,9,7
200700076230,0007-12-01 17:30:00,7,12,1,17,30,660,189,,42.667,2.94,Crépuscule ou aube,Hors agglomération,Intersection en X,Temps couvert,Deux véhicules - frontale,,,,,,,,,,,2,1,2,8,1
200700076231,0007-12-23 22:30:00,7,12,23,22,30,610,417,,,,Nuit sans éclairage public,Hors agglomération,Autre intersection,Normale,Autre collision,,,,,,,,,,,3,1,9,1,6
200700076232,0007-12-26 08:45:00,7,12,26,8,45,610,393,,,,Plein jour,Hors agglomération,Hors intersection,Brouillard / fumée,Autre collision,,,,,,,,,,,1,1,1,5,6
200700076233,0007-12-26 19:00:00,7,12,26,19,0,610,393,,,,Nuit sans éclairage public,Hors agglomération,Hors intersection,Brouillard / fumée,Autre collision,,,,,,,,,,,3,1,1,5,6
200700076234,0007-12-01 15:30:00,7,12,1,15,30,340,270,RD 612,,,Plein jour,En agglomération,Hors intersection,Normale,Trois véhicules et plus - en chaîne,,,,,,,,,,,1,2,1,1,4
200700076235,0007-12-05 23:15:00,7,12,5,23,15,340,95,,43.567,3.801,Nuit sans éclairage public,Hors agglomération,Hors intersection,Normale,Deux véhicules - frontale,,,,,,,,,,,3,1,1,1,1
200700076236,0007-12-18 02:45:00,7,12,18,2,45,350,12,,47.843,-1.694,Nuit sans éclairage public,Hors agglomération,Hors intersection,Normale,Deux véhicules - arrière,,,,,,,,,,,3,1,1,1,2
200700076237,0007-12-21 02:00:00,7,12,21,2,0,190,151,,,,Nuit sans éclairage public,Hors agglomération,Hors intersection,Normale,Autre collision,,,,,,,,,,,3,1,1,1,6
200700076238,0007-08-09 15:55:00,7,8,9,15,55,290,232,"0, MORBIHAN AVENUE DU",,,Plein jour,Hors agglomération,Hors intersection,Normale,Deux véhicules - arrière,,,,,,,,,,,1,1,1,1,2
200700076239,0007-10-24 17:29:00,7,10,24,17,29,290,232,"0, GARE AVENUE DE LA",,,Crépuscule ou aube,En agglomération,Hors intersection,Normale,Autre collision,,,,,,,,,,,2,2,1,1,6
200700076240,0007-11-15 20:45:00,7,11,15,20,45,290,232,"0, MORBIHAN AVENUE DU",,,Nuit sans éclairage public,Hors agglomération,Hors intersection,Normale,Autre collision,,,,,,,,,,,3,1,1,1,6
200700076241,0007-02-02 11:35:00,7,2,2,11,35,350,288,"000, GRAND JARDIN (RUE D",,,Plein jour,En agglomération,Giratoire,Pluie légère,Deux véhicules - côté,,,,,,,,,,,1,2,6,2,3
200700076242,0007-02-04 08:50:00,7,2,4,8,50,350,288,SAINT MICHEL DES SABLONS,,,Plein jour,En agglomération,Hors intersection,Normale,Deux véhicules - côté,,,,,,,,,,,1,2,1,1,3
200700076243,0007-03-30 09:00:00,7,3,30,9,0,350,288,"22, TRICHET (QUAI)",,,Plein jour,En agglomération,Hors intersection,Pluie légère,Sans collision,,,,,,,,,,,1,2,1,2,7
200700076244,0007-04-12 16:55:00,7,4,12,16,55,350,288,"68, TALARDS (BOULEVARD D",,,Plein jour,En agglomération,Hors intersection,Normale,Trois véhicules et plus - en chaîne,,,,,,,,,,,1,2,1,1,4
200700076245,0007-05-02 12:20:00,7,5,2,12,20,350,352,D168,,,Plein jour,Hors agglomération,Hors intersection,Normale,Deux véhicules - arrière,,,,,,,,,,,1,1,1,1,2
200700076246,0007-05-09 12:30:00,7,5,9,12,30,350,288,"59, TALARDS (BOULEVARD D",,,Plein jour,En agglomération,Hors intersection,Normale,Deux véhicules - arrière,,,,,,,,,,,1,2,1,1,2
200700076247,0007-05-18 12:05:00,7,5,18,12,5,350,288,"0000000, ESPERANCE (BOUL",,,Plein jour,En agglomération,Hors intersection,Normale,Trois véhicules et plus - collisions multiples,,,,,,,,,,,1,2,1,1,5
200700076248,0007-08-05 11:30:00,7,8,5,11,30,350,352,"0000000073, EDOUARD VII",,,Plein jour,En agglomération,Hors intersection,Normale,Sans collision,,,,,,,,,,,1,2,1,1,7
200700076249,0007-11-09 09:20:00,7,11,9,9,20,350,288,"120, TALARDS (BOULEVARD",,,Plein jour,En agglomération,Hors intersection,Normale,Autre collision,,,,,,,,,,,1,2,1,1,6
200700076250,0007-07-18 17:00:00,7,7,18,17,0,350,352,GOUGEONNAIS (RUE DE LA ),,,Plein jour,En agglomération,Hors intersection,Normale,Deux véhicules - côté,,,,,,,,,,,1,2,1,1,3
200700076251,0007-11-01 09:00:00,7,11,1,9,0,600,414,LIBERATION (AVENUE DE LA,,,Plein jour,En agglomération,Hors intersection,Normale,Deux véhicules - arrière,,,,,,,,,,,1,2,1,1,2
200700076252,0007-11-12 09:45:00,7,11,12,9,45,600,175,MOULIN A VENT (AVENUE DU,,,Plein jour,En agglomération,Hors intersection,Temps éblouissant,Autre collision,,,,,,,,,,,1,2,1,7,6
200700076253,0007-02-03 10:00:00,7,2,3,10,0,940,28,HALPERN.(AVENUE BERNARD),,,Plein jour,En agglomération,Hors intersection,Normale,Autre collision,,,,,,,,,,,1,2,1,1,6
200700076254,0007-06-22 20:30:00,7,6,22,20,30,940,11,"0, SEMARD(RUE PIERRE)",,,Plein jour,En agglomération,Hors intersection,Pluie forte,Deux véhicules - arrière,,,,,,,,,,,1,2,1,3,2
200700076255,0007-06-24 14:25:00,7,6,24,14,25,940,11,"0, LIBERTES.(PLACE DES)",,,Plein jour,En agglomération,Hors intersection,Normale,Autre collision,,,,,,,,,,,1,2,1,1,6
200700076256,0007-07-19 14:40:00,7,7,19,14,40,940,76,"5, MAXIME GORKI (BD)",,,Plein jour,En agglomération,Hors intersection,Normale,Autre collision,,,,,,,,,,,1,2,1,1,6
200700076257,0007-01-17 14:10:00,7,1,17,14,10,940,65,"., CHARLES LINDBERGH (AV",,,Plein jour,En agglomération,Intersection en T,Pluie légère,Deux véhicules - côté,,,,,,,,,,,1,2,3,2,3
200700076258,0007-01-23 07:05:00,7,1,23,7,5,940,73,FONTAINEBLEAU (AV DE),,,Crépuscule ou aube,En agglomération,Hors intersection,Normale,Deux véhicules - arrière,,,,,,,,,,,2,2,1,1,2
200700076259,0007-01-13 12:45:00,7,1,13,12,45,940,21,JEAN MERMOZ (BD),,,Plein jour,En agglomération,Intersection en T,Pluie légère,Deux véhicules - côté,,,,,,,,,,,1,2,3,2,3
200700076260,0007-01-21 16:15:00,7,1,21,16,15,940,38,PAUL HOCHART (R),,,Plein jour,En agglomération,Hors intersection,Normale,Autre collision,,,,,,,,,,,1,2,1,1,6
200700076261,0007-01-31 08:50:00,7,1,31,8,50,940,73,"98, RENE PANHARD (AV)",,,Plein jour,En agglomération,Hors intersection,Autre,Autre collision,,,,,,,,,,,1,2,1,9,6
200700076262,0007-07-26 16:15:00,7,7,26,16,15,940,73,FONTAINEBLEAU (AV DE),,,Plein jour,En agglomération,Intersection en X,Normale,Deux véhicules - côté,,,,,,,,,,,1,2,2,1,3
200700076263,0007-01-04 20:55:00,7,1,4,20,55,940,46,"00, GENERAL LECLERC (AV",,,Nuit avec éclairage allumé,En agglomération,Hors intersection,Normale,Deux véhicules - côté,,,,,,,,,,,5,2,1,1,3
200700076264,0007-07-26 10:25:00,7,7,26,10,25,940,46,"00, ALPHONSE DAUDET (R)",,,Plein jour,En agglomération,Hors intersection,Normale,Deux véhicules - côté,,,,,,,,,,,1,2,1,1,3
200700076265,0007-01-29 12:10:00,7,1,29,12,10,940,58,"154, PIERRE BROSSOLETTE",,,Plein jour,En agglomération,Hors intersection,Normale,Deux véhicules - côté,,,,,,,,,,,1,2,1,1,3
200700076266,0007-07-02 16:45:00,7,7,2,16,45,940,42,EUROPE (BD DE L),,,Plein jour,En agglomération,Hors intersection,Normale,Deux véhicules - arrière,,,,,,,,,,,1,2,1,1,2
200700076267,0007-10-26 20:00:00,7,10,26,20,0,940,15,"nc, GEORGES MELIES (BD)",,,Nuit avec éclairage allumé,En agglomération,Autre intersection,Normale,Deux véhicules - côté,,,,,,,,,,,5,2,9,1,3
200700076268,0007-01-23 13:00:00,7,1,23,13,0,940,81,AMBROISE CROIZAT (AV),,,Plein jour,En agglomération,Intersection en X,Normale,Deux véhicules - côté,,,,,,,,,,,1,2,2,1,3
200700076269,0007-11-23 18:30:00,7,11,23,18,30,780,498,A14,,,Nuit sans éclairage public,Hors agglomération,Hors intersection,Temps couvert,Deux véhicules - arrière,,,,,,,,,,,3,1,1,8,2
200700076270,0007-07-03 16:04:00,7,7,3,16,4,780,640,A86 EXT,,,Plein jour,Hors agglomération,Hors intersection,Pluie légère,Trois véhicules et plus - en chaîne,,,,,,,,,,,1,1,1,2,4
200700076271,0007-09-14 05:45:00,7,9,14,5,45,920,47,A13,,,Crépuscule ou aube,Hors agglomération,Hors intersection,Normale,Autre collision,,,,,,,,,,,2,1,1,1,6
200700076272,0007-07-05 16:50:00,7,7,5,16,50,780,217,A13,,,Plein jour,Hors agglomération,Hors intersection,Normale,Trois véhicules et plus - collisions multiples,,,,,,,,,,,1,1,1,1,5
200700076273,0007-07-06 14:20:00,7,7,6,14,20,780,118,A13,,,Plein jour,Hors agglomération,Autre intersection,Normale,Deux véhicules - arrière,,,,,,,,,,,1,1,9,1,2
200700076274,0007-07-10 11:45:00,7,7,10,11,45,780,524,A13,,,Plein jour,Hors agglomération,Hors intersection,Normale,Trois véhicules et plus - collisions multiples,,,,,,,,,,,1,1,1,1,5
200700076275,0007-07-11 07:55:00,7,7,11,7,55,920,36,A86 INT,,,Plein jour,Hors agglomération,Hors intersection,Temps couvert,Deux véhicules - arrière,,,,,,,,,,,1,1,1,8,2
200700076276,0007-07-12 14:45:00,7,7,12,14,45,780,640,A86 EXT,,,Plein jour,Hors agglomération,Hors intersection,Normale,Autre collision,,,,,,,,,,,1,1,1,1,6
200700076277,0007-07-20 17:50:00,7,7,20,17,50,920,23,RN186 EXT,,,Plein jour,Hors agglomération,Hors intersection,Normale,Deux véhicules - arrière,,,,,,,,,,,1,1,1,1,2
200700076278,0007-07-20 18:25:00,7,7,20,18,25,780,206,A13,,,Plein jour,Hors agglomération,Hors intersection,Normale,Trois véhicules et plus - en chaîne,,,,,,,,,,,1,1,1,1,4
200700076279,0007-07-22 06:12:00,7,7,22,6,12,920,63,A86,,,Crépuscule ou aube,Hors agglomération,Hors intersection,Normale,Autre collision,,,,,,,,,,,2,1,1,1,6
200700076280,0007-07-25 08:00:00,7,7,25,8,0,920,50,A86,,,Plein jour,Hors agglomération,Hors intersection,Normale,Deux véhicules - arrière,,,,,,,,,,,1,1,1,1,2
200700076281,0007-07-27 22:25:00,7,7,27,22,25,780,206,A13,,,Nuit avec éclairage allumé,Hors agglomération,Hors intersection,Normale,Deux véhicules - arrière,,,,,,,,,,,5,1,1,1,2
200700076282,0007-07-28 07:40:00,7,7,28,7,40,780,640,N118,,,Plein jour,Hors agglomération,Hors intersection,Pluie légère,Autre collision,,,,,,,,,,,1,1,1,2,6
200700076283,0007-07-28 12:00:00,7,7,28,12,0,780,73,RN12 INT,,,Plein jour,Hors agglomération,Hors intersection,Normale,Deux véhicules - côté,,,,,,,,,,,1,1,1,1,3