accident_id,datetime,annee,mois,jour,heure,minute,departement,commune_insee,adresse,latitude,longitude,luminosite,agglomeration,intersection,meteo,collision,nb_vehicules,nb_usagers,nb_indemnes,nb_tues,nb_blesses_hosp,nb_blesses_legers,age_cond_1,age_cond_2,veh_type_cond_1,veh_type_cond_2,lum_code,agg_code,int_code,atm_code,col_code
200700076284,0007-07-30 15:45:00,7,7,30,15,45,780,571,A13,,,Plein jour,Hors agglomération,Hors intersection,Normale,Autre collision,,,,,,,,,,,1,1,1,1,6
200700076285,0007-08-01 07:25:00,7,8,1,7,25,920,63,A86,,,Plein jour,Hors agglomération,Hors intersection,Normale,Deux véhicules - côté,,,,,,,,,,,1,1,1,1,3
200700076286,0007-08-06 19:30:00,7,8,6,19,30,920,50,A86,,,Plein jour,Hors agglomération,Hors intersection,Normale,Trois véhicules et plus - en chaîne,,,,,,,,,,,1,1,1,1,4
200700076287,0007-08-08 12:45:00,7,8,8,12,45,780,90,A13,,,Plein jour,Hors agglomération,Hors intersection,Temps couvert,Autre collision,,,,,,,,,,,1,1,1,8,6
200700076288,0007-08-08 17:53:00,7,8,8,17,53,780,90,A13,,,Plein jour,Hors agglomération,Hors intersection,Normale,Trois véhicules et plus - collisions multiples,,,,,,,,,,,1,1,1,1,5
200700076289,0007-08-08 16:15:00,7,8,8,16,15,780,423,RN12 Y,,,Plein jour,Hors agglomération,Hors intersection,Pluie légère,Autre collision,,,,,,,,,,,1,1,1,2,6
200700076290,0007-08-12 18:37:00,7,8,12,18,37,920,36,RN315 Y,,,Plein jour,Hors agglomération,Hors intersection,Pluie légère,Autre collision,,,,,,,,,,,1,1,1,2,6
200700076291,0007-08-03 18:30:00,7,8,3,18,30,920,64,A13,,,Plein jour,Hors agglomération,Hors intersection,Normale,Trois véhicules et plus - en chaîne,,,,,,,,,,,1,1,1,1,4
200700076292,0007-08-17 00:20:00,7,8,17,0,20,780,402,A13,,,Nuit sans éclairage public,Hors agglomération,Hors intersection,Normale,Deux véhicules - côté,,,,,,,,,,,3,1,1,1,3
200700076293,0007-08-18 08:15:00,7,8,18,8,15,780,490,RN12 EXT,,,Plein jour,Hors agglomération,Hors intersection,Normale,Deux véhicules - arrière,,,,,,,,,,,1,1,1,1,2
200700076294,0007-08-19 10:20:00,7,8,19,10,20,780,640,A86I,,,Plein jour,Hors agglomération,Hors intersection,Temps couvert,Autre collision,,,,,,,,,,,1,1,1,8,6
200700076295,0007-08-21 07:15:00,7,8,21,7,15,920,12,A13,,,Crépuscule ou aube,Hors agglomération,Hors intersection,Normale,Deux véhicules - arrière,,,,,,,,,,,2,1,1,1,2
200700076296,0007-08-21 08:43:00,7,8,21,8,43,920,62,A14,,,Plein jour,Hors agglomération,Hors intersection,Normale,Deux véhicules - arrière,,,,,,,,,,,1,1,1,1,2
200700076297,0007-08-22 15:00:00,7,8,22,15,0,920,62,A14,,,Plein jour,Hors agglomération,Hors intersection,Temps couvert,Sans collision,,,,,,,,,,,1,1,1,8,7
200700076298,0007-08-23 06:50:00,7,8,23,6,50,780,362,A13,,,Crépuscule ou aube,Hors agglomération,Hors intersection,Pluie légère,Deux véhicules - arrière,,,,,,,,,,,2,1,1,2,2
200700076299,0007-08-23 11:35:00,7,8,23,11,35,920,72,N118,,,Plein jour,Hors agglomération,Hors intersection,Normale,Sans collision,,,,,,,,,,,1,1,1,1,7
200700076300,0007-08-23 23:45:00,7,8,23,23,45,780,551,A14,,,Nuit sans éclairage public,Hors agglomération,Hors intersection,Autre,Autre collision,,,,,,,,,,,3,1,1,9,6
200700076301,0007-08-26 18:25:00,7,8,26,18,25,780,640,A86 EXT,,,Plein jour,Hors agglomération,Hors intersection,Normale,Deux véhicules - arrière,,,,,,,,,,,1,1,1,1,2
200700076302,0007-08-30 08:35:00,7,8,30,8,35,920,47,A13,,,Plein jour,Hors agglomération,Hors intersection,Normale,Deux véhicules - arrière,,,,,,,,,,,1,1,1,1,2
200700076303,0007-08-30 18:40:00,7,8,30,18,40,780,217,A13,,,Plein jour,Hors agglomération,Hors intersection,Normale,Autre collision,,,,,,,,,,,1,1,1,1,6
200700076304,0007-09-05 20:40:00,7,9,5,20,40,780,322,A86 INT,,,Nuit avec éclairage allumé,Hors agglomération,Hors intersection,Normale,Deux véhicules - côté,,,,,,,,,,,5,1,1,1,3
200700076305,0007-09-05 18:10:00,7,9,5,18,10,780,238,A13,,,Plein jour,Hors agglomération,Hors intersection,Normale,Trois véhicules et plus - en chaîne,,,,,,,,,,,1,1,1,1,4
200700076306,0007-09-10 10:10:00,7,9,10,10,10,780,571,A13,,,Plein jour,Hors agglomération,Hors intersection,Normale,Deux véhicules - arrière,,,,,,,,,,,1,1,1,1,2
200700076307,0007-09-11 08:22:00,7,9,11,8,22,780,206,A13,,,Plein jour,Hors agglomération,Hors intersection,Normale,Sans collision,,,,,,,,,,,1,1,1,1,7
200700076308,0007-09-11 14:00:00,7,9,11,14,0,920,50,RN314 W,,,Plein jour,Hors agglomération,Hors intersection,Normale,Trois véhicules et plus - en chaîne,,,,,,,,,,,1,1,1,1,4
200700076309,0007-09-12 03:40:00,7,9,12,3,40,780,238,A13 Y,,,Nuit avec éclairage non allumé,Hors agglomération,Hors intersection,Normale,Deux véhicules - arrière,,,,,,,,,,,4,1,1,1,2
200700076310,0007-09-13 09:35:00,7,9,13,9,35,780,362,A13,,,Plein jour,Hors agglomération,Hors intersection,Normale,Trois véhicules et plus - collisions multiples,,,,,,,,,,,1,1,1,1,5
200700076311,0007-09-13 18:06:00,7,9,13,18,6,780,646,RN12 Y,,,Plein jour,Hors agglomération,Hors intersection,Normale,Deux véhicules - côté,,,,,,,,,,,1,1,1,1,3
200700076312,0007-09-15 17:40:00,7,9,15,17,40,780,423,RN12 Y,,,Plein jour,Hors agglomération,Hors intersection,Normale,Sans collision,,,,,,,,,,,1,1,1,1,7
200700076313,0007-09-16 15:52:00,7,9,16,15,52,920,64,A13,,,Plein jour,Hors agglomération,Hors intersection,Normale,Trois véhicules et plus - collisions multiples,,,,,,,,,,,1,1,1,1,5
200700076314,0007-09-19 10:10:00,7,9,19,10,10,780,242,A12 W,,,Plein jour,Hors agglomération,Hors intersection,Normale,Autre collision,,,,,,,,,,,1,1,1,1,6
200700076315,0007-09-23 18:05:00,7,9,23,18,5,780,90,A13,,,Plein jour,Hors agglomération,Hors intersection,Normale,Trois véhicules et plus - collisions multiples,,,,,,,,,,,1,1,1,1,5
200700076316,0007-09-26 11:30:00,7,9,26,11,30,780,43,A13Y,,,Plein jour,Hors agglomération,Hors intersection,Normale,Deux véhicules - côté,,,,,,,,,,,1,1,1,1,3
200700076317,0007-09-26 18:45:00,7,9,26,18,45,920,23,RN186,,,Nuit avec éclairage allumé,Hors agglomération,Hors intersection,Pluie légère,Deux véhicules - côté,,,,,,,,,,,5,1,1,2,3
200700076318,0007-10-01 05:10:00,7,10,1,5,10,920,50,A86,,,Nuit avec éclairage allumé,Hors agglomération,Hors intersection,Pluie légère,Deux véhicules - arrière,,,,,,,,,,,5,1,1,2,2
200700076319,0007-10-01 09:00:00,7,10,1,9,0,780,490,RN12 INT,,,Plein jour,Hors agglomération,Hors intersection,Pluie légère,Deux véhicules - arrière,,,,,,,,,,,1,1,1,2,2
200700076320,0007-09-28 09:55:00,7,9,28,9,55,780,418,A14,,,Plein jour,Hors agglomération,Hors intersection,Pluie légère,Autre collision,,,,,,,,,,,1,1,1,2,6
200700076321,0007-10-05 09:05:00,7,10,5,9,5,780,117,RN12 W,,,Plein jour,Hors agglomération,Hors intersection,Normale,Sans collision,,,,,,,,,,,1,1,1,1,7
200700076322,0007-10-07 01:15:00,7,10,7,1,15,920,72,N118,,,Nuit avec éclairage allumé,Hors agglomération,Hors intersection,Normale,Trois véhicules et plus - collisions multiples,,,,,,,,,,,5,1,1,1,5
200700076323,0007-10-07 11:25:00,7,10,7,11,25,780,418,A14,,,Plein jour,Hors agglomération,Hors intersection,Normale,Sans collision,,,,,,,,,,,1,1,1,1,7
200700076324,0007-10-09 08:15:00,7,10,9,8,15,780,646,RN12 W,,,Plein jour,Hors agglomération,Hors intersection,Normale,Deux véhicules - arrière,,,,,,,,,,,1,1,1,1,2
200700076325,0007-10-16 09:40:00,7,10,16,9,40,920,25,A86,,,Plein jour,Hors agglomération,Hors intersection,Temps couvert,Deux véhicules - côté,,,,,,,,,,,1,1,1,8,3
200700076326,0007-10-16 13:05:00,7,10,16,13,5,920,25,A86,,,Plein jour,Hors agglomération,Hors intersection,Normale,Sans collision,,,,,,,,,,,1,1,1,1,7
200700076327,0007-10-16 18:20:00,7,10,16,18,20,920,64,A13,,,Plein jour,Hors agglomération,Hors intersection,Normale,Trois véhicules et plus - collisions multiples,,,,,,,,,,,1,1,1,1,5
200700076328,0007-10-16 19:50:00,7,10,16,19,50,920,36,A86,,,Nuit sans éclairage public,Hors agglomération,Hors intersection,Normale,Trois véhicules et plus - collisions multiples,,,,,,,,,,,3,1,1,1,5
200700076329,0007-10-19 08:25:00,7,10,19,8,25,920,12,A13,,,Plein jour,Hors agglomération,Hors intersection,Normale,Deux véhicules - côté,,,,,,,,,,,1,1,1,1,3
200700076330,0007-10-19 17:10:00,7,10,19,17,10,780,646,RN12 Y,,,Plein jour,Hors agglomération,Hors intersection,Normale,Deux véhicules - côté,,,,,,,,,,,1,1,1,1,3
200700076331,0007-10-19 16:58:00,7,10,19,16,58,780,571,A13,,,Plein jour,Hors agglomération,Hors intersection,Normale,Deux véhicules - côté,,,,,,,,,,,1,1,1,1,3
200700076332,0007-10-22 15:30:00,7,10,22,15,30,920,48,N118,,,Plein jour,Hors agglomération,Hors intersection,Normale,Deux véhicules - arrière,,,,,,,,,,,1,1,1,1,2
200700076333,0007-10-23 20:15:00,7,10,23,20,15,920,50,A86,,,Nuit avec éclairage allumé,Hors agglomération,Hors intersection,Normale,Deux véhicules - arrière,,,,,,,,,,,5,1,1,1,2
200700076334,0007-10-24 10:00:00,7,10,24,10,0,780,362,A13,,,Plein jour,Hors agglomération,Hors intersection,Normale,Deux véhicules - frontale,,,,,,,,,,,1,1,1,1,1
200700076335,0007-10-25 08:05:00,7,10,25,8,5,780,43,A12 W,,,Crépuscule ou aube,Hors agglomération,Hors intersection,Normale,Deux véhicules - arrière,,,,,,,,,,,2,1,1,1,2
200700076336,0007-10-27 12:00:00,7,10,27,12,0,920,50,A14,,,Plein jour,Hors agglomération,Hors intersection,Autre,Sans collision,,,,,,,,,,,1,1,1,9,7
200700076337,0007-10-28 12:40:00,7,10,28,12,40,780,238,A13,,,Plein jour,Hors agglomération,Hors intersection,Normale,Sans collision,,,,,,,,,,,1,1,1,1,7
200700076338,0007-10-29 10:25:00,7,10,29,10,25,920,25,A86,,,Plein jour,Hors agglomération,Hors intersection,Pluie légère,Autre collision,,,,,,,,,,,1,1,1,2,6
200700076339,0007-10-29 11:15:00,7,10,29,11,15,920,48,N118,,,Plein jour,Hors agglomération,Hors intersection,Pluie forte,Autre collision,,,,,,,,,,,1,1,1,3,6
200700076340,0007-10-29 11:40:00,7,10,29,11,40,780,423,RN12 W,,,Plein jour,Hors agglomération,Hors intersection,Temps couvert,Sans collision,,,,,,,,,,,1,1,1,8,7
200700076341,0007-10-29 11:55:00,7,10,29,11,55,920,50,A86,,,Plein jour,Hors agglomération,Hors intersection,Pluie forte,Autre collision,,,,,,,,,,,1,1,1,3,6
200700076342,0007-10-29 16:50:00,7,10,29,16,50,780,73,RN12 INT,,,Plein jour,Hors agglomération,Hors intersection,Pluie légère,Autre collision,,,,,,,,,,,1,1,1,2,6
200700076343,0007-10-29 18:50:00,7,10,29,18,50,780,29,A13Y,,,Crépuscule ou aube,Hors agglomération,Hors intersection,Pluie légère,Sans collision,,,,,,,,,,,2,1,1,2,7
200700076344,0007-10-30 06:50:00,7,10,30,6,50,920,48,N118,,,Nuit avec éclairage allumé,Hors agglomération,Hors intersection,Pluie légère,Autre collision,,,,,,,,,,,5,1,1,2,6
200700076345,0007-10-30 07:15:00,7,10,30,7,15,780,321,RN12 INT,,,Nuit sans éclairage public,Hors agglomération,Hors intersection,Pluie forte,Autre collision,,,,,,,,,,,3,1,1,3,6
200700076346,0007-10-31 08:27:00,7,10,31,8,27,780,242,A12 W,,,Plein jour,Hors agglomération,Hors intersection,Normale,Deux véhicules - côté,,,,,,,,,,,1,1,1,1,3
200700076347,0007-10-31 23:00:00,7,10,31,23,0,920,64,A13,,,Nuit avec éclairage allumé,Hors agglomération,Hors intersection,Normale,Deux véhicules - arrière,,,,,,,,,,,5,1,1,1,2
200700076348,0007-11-04 18:10:00,7,11,4,18,10,780,455,A13,,,Nuit sans éclairage public,Hors agglomération,Hors intersection,Pluie légère,Deux véhicules - arrière,,,,,,,,,,,3,1,1,2,2
200700076349,0007-11-05 08:28:00,7,11,5,8,28,780,322,A86 EXT,,,Plein jour,Hors agglomération,Hors intersection,Normale,Deux véhicules - arrière,,,,,,,,,,,1,1,1,1,2
200700076350,0007-11-05 08:26:00,7,11,5,8,26,920,51,RN13,,,Plein jour,Hors agglomération,Hors intersection,Normale,Sans collision,,,,,,,,,,,1,1,1,1,7
200700076351,0007-11-02 19:55:00,7,11,2,19,55,780,90,A13,,,Nuit sans éclairage public,Hors agglomération,Hors intersection,Normale,Deux véhicules - arrière,,,,,,,,,,,3,1,1,1,2
200700076352,0007-11-07 10:45:00,7,11,7,10,45,780,402,A13,,,Plein jour,Hors agglomération,Hors intersection,Normale,Deux véhicules - côté,,,,,,,,,,,1,1,1,1,3
200700076353,0007-11-07 21:30:00,7,11,7,21,30,780,640,A86 EXT,,,Nuit avec éclairage allumé,Hors agglomération,Hors intersection,Temps couvert,Deux véhicules - arrière,,,,,,,,,,,5,1,1,8,2
200700076354,0007-11-03 11:15:00,7,11,3,11,15,780,140,A13,,,Plein jour,Hors agglomération,Hors intersection,Normale,Trois véhicules et plus - en chaîne,,,,,,,,,,,1,1,1,1,4
200700076355,0007-10-22 07:30:00,7,10,22,7,30,920,26,RN192,,,Crépuscule ou aube,Hors agglomération,Hors intersection,Normale,Deux véhicules - arrière,,,,,,,,,,,2,1,1,1,2
200700076356,0007-11-09 10:43:00,7,11,9,10,43,920,36,A86,,,Plein jour,Hors agglomération,Hors intersection,Normale,Trois véhicules et plus - collisions multiples,,,,,,,,,,,1,1,1,1,5
200700076357,0007-11-12 17:25:00,7,11,12,17,25,780,297,RN12 W,,,Plein jour,Hors agglomération,Hors intersection,Normale,Sans collision,,,,,,,,,,,1,1,1,1,7
200700076358,0007-11-12 18:20:00,7,11,12,18,20,780,322,RN186 EXT,,,Nuit avec éclairage allumé,Hors agglomération,Hors intersection,Normale,Deux véhicules - côté,,,,,,,,,,,5,1,1,1,3
200700076359,0007-11-12 18:50:00,7,11,12,18,50,780,640,N118,,,Nuit avec éclairage allumé,Hors agglomération,Hors intersection,Normale,Deux véhicules - côté,,,,,,,,,,,5,1,1,1,3
200700076360,0007-11-13 10:30:00,7,11,13,10,30,780,571,A13,,,Plein jour,Hors agglomération,Hors intersection,Normale,Deux véhicules - côté,,,,,,,,,,,1,1,1,1,3
200700076361,0007-11-14 00:30:00,7,11,14,0,30,920,47,A13,,,Nuit avec éclairage allumé,Hors agglomération,Hors intersection,Normale,Autre collision,,,,,,,,,,,5,1,1,1,6
200700076362,0007-11-14 08:55:00,7,11,14,8,55,920,50,A86,,,Plein jour,Hors agglomération,Hors intersection,Normale,Deux véhicules - arrière,,,,,,,,,,,1,1,1,1,2
200700076363,0007-11-15 18:00:00,7,11,15,18,0,780,646,RN12 Y,,,Plein jour,Hors agglomération,Hors intersection,Normale,Trois véhicules et plus - collisions multiples,,,,,,,,,,,1,1,1,1,5
200700076364,0007-11-16 09:50:00,7,11,16,9,50,920,51,RN13,,,Plein jour,Hors agglomération,Hors intersection,Normale,Deux véhicules - côté,,,,,,,,,,,1,1,1,1,3
200700076365,0007-11-16 10:00:00,7,11,16,10,0,780,402,A13,,,Plein jour,Hors agglomération,Hors intersection,Normale,Autre collision,,,,,,,,,,,1,1,1,1,6
200700076366,0007-11-18 18:55:00,7,11,18,18,55,780,291,A13,,,Nuit sans éclairage public,Hors agglomération,Hors intersection,Pluie légère,Trois véhicules et plus - en chaîne,,,,,,,,,,,3,1,1,2,4
200700076367,0007-11-15 08:50:00,7,11,15,8,50,920,50,A86,,,Plein jour,Hors agglomération,Hors intersection,Normale,Deux véhicules - côté,,,,,,,,,,,1,1,1,1,3
200700076368,0007-11-19 20:30:00,7,11,19,20,30,780,524,A13,,,Nuit sans éclairage public,Hors agglomération,Hors intersection,Normale,Autre collision,,,,,,,,,,,3,1,1,1,6
200700076369,0007-11-21 23:50:00,7,11,21,23,50,780,73,RN12 INT,,,Nuit sans éclairage public,Hors agglomération,Hors intersection,Pluie forte,Sans collision,,,,,,,,,,,3,1,1,3,7
200700076370,0007-11-21 09:20:00,7,11,21,9,20,780,43,A12 W,,,Plein jour,Hors agglomération,Hors intersection,Normale,Autre collision,,,,,,,,,,,1,1,1,1,6
200700076371,0007-11-21 14:25:00,7,11,21,14,25,780,640,N118,,,Plein jour,Hors agglomération,Hors intersection,Normale,Sans collision,,,,,,,,,,,1,1,1,1,7
200700076372,0007-11-22 07:00:00,7,11,22,7,0,920,50,A14,,,Nuit avec éclairage allumé,Hors agglomération,Hors intersection,Normale,Deux véhicules - côté,,,,,,,,,,,5,1,1,1,3
200700076373,0007-11-22 08:00:00,7,11,22,8,0,920,36,A86,,,Plein jour,Hors agglomération,Hors intersection,Normale,Deux véhicules - côté,,,,,,,,,,,1,1,1,1,3
200700076374,0007-11-23 02:15:00,7,11,23,2,15,920,36,A86,,,Nuit sans éclairage public,Hors agglomération,Hors intersection,Normale,Deux véhicules - côté,,,,,,,,,,,3,1,1,1,3
200700076375,0007-11-11 15:50:00,7,11,11,15,50,920,62,RN1014 W,,,Plein jour,Hors agglomération,Hors intersection,Temps couvert,Trois véhicules et plus - en chaîne,,,,,,,,,,,1,1,1,8,4
200700076376,0007-11-23 18:25:00,7,11,23,18,25,780,646,RN12 Y,,,Nuit avec éclairage allumé,Hors agglomération,Hors intersection,Normale,Trois véhicules et plus - en chaîne,,,,,,,,,,,5,1,1,1,4
200700076377,0007-11-28 09:30:00,7,11,28,9,30,920,50,A14,,,Nuit avec éclairage allumé,Hors agglomération,Hors intersection,Normale,Deux véhicules - côté,,,,,,,,,,,5,1,1,1,3
200700076378,0007-11-29 09:15:00,7,11,29,9,15,920,64,A13,,,Plein jour,Hors agglomération,Hors intersection,Normale,Trois véhicules et plus - en chaîne,,,,,,,,,,,1,1,1,1,4
200700076379,0007-11-29 21:30:00,7,11,29,21,30,780,238,A13 W,,,Nuit avec éclairage non allumé,Hors agglomération,Hors intersection,Pluie légère,Trois véhicules et plus - en chaîne,,,,,,,,,,,4,1,1,2,4
200700076380,0007-11-21 08:00:00,7,11,21,8,0,780,431,A13,,,Plein jour,Hors agglomération,Hors intersection,Normale,Deux véhicules - arrière,,,,,,,,,,,1,1,1,1,2
200700076381,0007-12-03 08:15:00,7,12,3,8,15,10,53,LYON (AVENUE DE - N° IMP,,,Plein jour,En agglomération,Intersection en X,Normale,Autre collision,,,,,,,,,,,1,2,2,1,6
200700076382,0007-12-05 08:20:00,7,12,5,8,20,10,53,"SNR, HERRIOT ( BOULEVARD",,,Plein jour,En agglomération,Intersection en T,Normale,Deux véhicules - côté,,,,,,,,,,,1,2,3,1,3
200700076383,0007-12-13 10:10:00,7,12,13,10,10,10,53,"SNR, STAND ( RUE DU )",,,Plein jour,En agglomération,Giratoire,Normale,Deux véhicules - côté,,,,,,,,,,,1,2,6,1,3
200700076384,0007-12-13 13:45:00,7,12,13,13,45,10,53,"snr, STAND ( RUE DU )",,,Plein jour,En agglomération,Intersection en T,Normale,Deux véhicules - côté,,,,,,,,,,,1,2,3,1,3
200700076385,0007-12-15 14:25:00,7,12,15,14,25,10,53,"sans, DUNANT ( RUE HENRI",,,Plein jour,En agglomération,Intersection en X,Temps couvert,Autre collision,,,,,,,,,,,1,2,2,8,6
200700076386,0007-12-18 07:40:00,7,12,18,7,40,10,53,SPORTS ((AVENUE DES - N°,,,Crépuscule ou aube,En agglomération,Hors intersection,Normale,Deux véhicules - côté,,,,,,,,,,,2,2,1,1,3
200700076387,0007-12-13 08:00:00,7,12,13,8,0,10,283,"77, VERDUN (COURS DE DU",,,Plein jour,En agglomération,Hors intersection,Normale,Autre collision,,,,,,,,,,,1,2,1,1,6
200700076388,0007-12-25 18:30:00,7,12,25,18,30,10,283,"18, NORMANDIE NIEMEN (AV",,,Nuit sans éclairage public,En agglomération,Intersection en X,Normale,Deux véhicules - frontale,,,,,,,,,,,3,2,2,1,1
200700076389,0007-12-29 18:06:00,7,12,29,18,6,10,283,"51, MICHELET ( RUE DU 0",,,Nuit avec éclairage allumé,En agglomération,Intersection en X,Pluie légère,Deux véhicules - frontale,,,,,,,,,,,5,2,2,2,1
200700076390,0007-12-10 18:15:00,7,12,10,18,15,20,168,"14, PASTEUR (RUE)",,,Nuit avec éclairage allumé,En agglomération,Hors intersection,Temps couvert,Autre collision,,,,,,,,,,,5,2,1,8,6
200700076391,0007-12-19 12:18:00,7,12,19,12,18,20,168,SOISSONS (AVENUE DE) 02,,,Plein jour,En agglomération,Intersection en X,Normale,Deux véhicules - côté,,,,,,,,,,,1,2,2,1,3
200700076392,0007-12-02 01:30:00,7,12,2,1,30,20,408,RN2,,,Nuit sans éclairage public,Hors agglomération,Hors intersection,Pluie légère,Deux véhicules - frontale,,,,,,,,,,,3,1,1,2,1
200700076393,0007-12-05 18:10:00,7,12,5,18,10,20,691,"53, DE GAULLE (AVENUE DU",,,Nuit avec éclairage allumé,En agglomération,Hors intersection,Temps couvert,Autre collision,,,,,,,,,,,5,2,1,8,6
200700076394,0007-12-09 17:20:00,7,12,9,17,20,20,691,"., R.D 1029 - VIADUC DE",,,Nuit avec éclairage allumé,En agglomération,Hors intersection,Pluie forte,Autre collision,,,,,,,,,,,5,2,1,3,6
200700076395,0007-12-10 13:25:00,7,12,10,13,25,20,340,"21, LANGEVIN (RUE PAUL)",,,Plein jour,En agglomération,Hors intersection,Pluie légère,Autre collision,,,,,,,,,,,1,2,1,2,6
200700076396,0007-12-10 17:10:00,7,12,10,17,10,20,691,"., PIERRET (RUE EM. ET R",,,Nuit avec éclairage allumé,En agglomération,Hors intersection,Pluie légère,Autre collision,,,,,,,,,,,5,2,1,2,6
200700076397,0007-12-04 16:10:00,7,12,4,16,10,20,691,"119, ISLE (RUE D')",,,Plein jour,En agglomération,Hors intersection,Normale,Autre collision,,,,,,,,,,,1,2,1,1,6
200700076398,0007-12-11 08:05:00,7,12,11,8,5,20,691,"., PARMENTIER (RUE ANTOI",,,Crépuscule ou aube,En agglomération,Intersection en T,Temps couvert,Deux véhicules - côté,,,,,,,,,,,2,2,3,8,3
200700076399,0007-12-12 10:45:00,7,12,12,10,45,20,691,"., FRANCE (RUE ANATOLE)",,,Plein jour,En agglomération,Intersection en T,Normale,Autre collision,,,,,,,,,,,1,2,3,1,6
200700076400,0007-12-16 16:33:00,7,12,16,16,33,20,691,":, COLLIETTE (RUE)",,,Plein jour,En agglomération,Hors intersection,Normale,Sans collision,,,,,,,,,,,1,2,1,1,7
200700076401,0007-12-19 16:00:00,7,12,19,16,0,20,691,"53, FUSILLES-F.N.D (AVEN",,,Plein jour,En agglomération,Hors intersection,Temps éblouissant,Autre collision,,,,,,,,,,,1,2,1,7,6
200700076402,0007-12-19 18:00:00,7,12,19,18,0,20,691,":, NORDET (RUE ADRIEN)",,,Nuit avec éclairage allumé,En agglomération,Intersection en X,Normale,Autre collision,,,,,,,,,,,5,2,2,1,6
200700076403,0007-12-15 21:40:00,7,12,15,21,40,20,340,"., LANGEVIN (RUE PAUL)",,,Nuit avec éclairage allumé,En agglomération,Hors intersection,Normale,Autre collision,,,,,,,,,,,5,2,1,1,6
200700076404,0007-12-29 17:45:00,7,12,29,17,45,20,691,":, SCHUMAN (AV. ROBERT)",,,Nuit avec éclairage allumé,En agglomération,Hors intersection,Normale,Autre collision,,,,,,,,,,,5,2,1,1,6
200700076405,0007-12-08 14:45:00,7,12,8,14,45,20,722,"SANS, JEAN MONNET ( RUE",,,Plein jour,En agglomération,Hors intersection,Pluie légère,Deux véhicules - frontale,,,,,,,,,,,1,2,1,2,1
200700076406,0007-12-08 18:40:00,7,12,8,18,40,20,722,"SANS, PORTE CROUY ( RUE",,,Nuit avec éclairage allumé,En agglomération,Hors intersection,Vent fort / tempête,Autre collision,,,,,,,,,,,5,2,1,6,6
200700076407,0007-12-05 17:35:00,7,12,5,17,35,30,185,8 MAI 1945 ( AVENUE DU ),,,Crépuscule ou aube,En agglomération,Hors intersection,Pluie légère,Deux véhicules - côté,,,,,,,,,,,2,2,1,2,3
200700076408,0007-12-07 17:45:00,7,12,7,17,45,30,185,"33, BEAULIEU ( RUE DE )",,,Nuit avec éclairage allumé,En agglomération,Hors intersection,Pluie légère,Autre collision,,,,,,,,,,,5,2,1,2,6
200700076409,0007-12-14 22:55:00,7,12,14,22,55,30,185,"177, PRESIDENT AURIOL (A",,,Nuit avec éclairage allumé,En agglomération,Autre intersection,Normale,Autre collision,,,,,,,,,,,5,2,9,1,6
200700076410,0007-12-22 20:20:00,7,12,22,20,20,30,185,GRANDS PRES ( RUE DES ),,,Nuit avec éclairage allumé,En agglomération,Intersection en X,Normale,Deux véhicules - côté,,,,,,,,,,,5,2,2,1,3
200700076411,0007-12-05 23:25:00,7,12,5,23,25,30,190,"6 bis, SIX FRERES (RUE D",,,Nuit avec éclairage allumé,En agglomération,Intersection en X,Normale,Deux véhicules - côté,,,,,,,,,,,5,2,2,1,3
200700076412,0007-12-03 12:15:00,7,12,3,12,15,30,321,"1, DEBUSSY (RUE CLAUDE)",,,Plein jour,En agglomération,Giratoire,Pluie légère,Deux véhicules - côté,,,,,,,,,,,1,2,6,2,3
200700076413,0007-12-07 11:45:00,7,12,7,11,45,30,13,RD 979 A,,,Plein jour,Hors agglomération,Hors intersection,Pluie légère,Autre collision,,,,,,,,,,,1,1,1,2,6
200700076414,0007-12-10 07:50:00,7,12,10,7,50,30,190,"12, INDY (COURS VINCENT",,,Crépuscule ou aube,En agglomération,Intersection en T,Normale,Autre collision,,,,,,,,,,,2,2,3,1,6
200700076415,0007-12-25 20:30:00,7,12,25,20,30,30,190,"69, REGEMORTES (RUE)",,,Nuit avec éclairage allumé,En agglomération,Hors intersection,Normale,Autre collision,,,,,,,,,,,5,2,1,1,6
200700076416,0007-12-22 15:45:00,7,12,22,15,45,30,190,"156, LYON (ROUTE DE)",,,Plein jour,En agglomération,Intersection en T,Normale,Deux véhicules - côté,,,,,,,,,,,1,2,3,1,3
200700076417,0007-12-19 15:15:00,7,12,19,15,15,30,321,"56, EPOUX CONTOUX (RUE D",,,Plein jour,En agglomération,Giratoire,Normale,Autre collision,,,,,,,,,,,1,2,6,1,6
200700076418,0007-12-23 10:15:00,7,12,23,10,15,30,321,"23, BRIAND (RUE ARISTIDE",,,Plein jour,En agglomération,Intersection en T,Normale,Deux véhicules - frontale,,,,,,,,,,,1,2,3,1,1
200700076419,0007-12-02 18:33:00,7,12,2,18,33,30,95,"0, DE GAULLE (BOULEVARD",,,Nuit avec éclairage allumé,En agglomération,Hors intersection,Normale,Autre collision,,,,,,,,,,,5,2,1,1,6
200700076420,0007-12-05 08:55:00,7,12,5,8,55,30,1,"0, QUINSSAT (ROUTE DE)",,,Plein jour,En agglomération,Hors intersection,Normale,Autre collision,,,,,,,,,,,1,2,1,1,6