accident_id,datetime,annee,mois,jour,heure,minute,departement,commune_insee,adresse,latitude,longitude,luminosite,agglomeration,intersection,meteo,collision,nb_vehicules,nb_usagers,nb_indemnes,nb_tues,nb_blesses_hosp,nb_blesses_legers,age_cond_1,age_cond_2,veh_type_cond_1,veh_type_cond_2,lum_code,agg_code,int_code,atm_code,col_code
200700076683,0007-12-12 14:45:00,7,12,12,14,45,110,262,"1, AOSTE (RUE D')",,,Plein jour,En agglomération,Hors intersection,Temps éblouissant,Autre collision,,,,,,,,,,,1,2,1,7,6
200700076684,0007-12-14 14:50:00,7,12,14,14,50,110,262,"1, ESPAGNE (AVENUE D')",,,Plein jour,En agglomération,Hors intersection,Normale,Trois véhicules et plus - en chaîne,,,,,,,,,,,1,2,1,1,4
200700076685,0007-12-15 17:40:00,7,12,15,17,40,110,262,"1, HUBERT MOULY (AVENUE)",,,Nuit avec éclairage allumé,En agglomération,Hors intersection,Pluie légère,Autre collision,,,,,,,,,,,5,2,1,2,6
200700076686,0007-12-15 19:35:00,7,12,15,19,35,110,262,", BORDEAUX (AVENUE DE)",,,Nuit avec éclairage allumé,En agglomération,Intersection en X,Temps couvert,Deux véhicules - côté,,,,,,,,,,,5,2,2,8,3
200700076687,0007-12-21 02:10:00,7,12,21,2,10,110,262,LECLERC (AVENUE DU GENER,,,Nuit avec éclairage allumé,En agglomération,Intersection en T,Normale,Deux véhicules - côté,,,,,,,,,,,5,2,3,1,3
200700076688,0007-12-24 06:35:00,7,12,24,6,35,110,262,"1, CASTAN (RUE SIMON)",,,Nuit avec éclairage allumé,En agglomération,Intersection en X,Normale,Deux véhicules - côté,,,,,,,,,,,5,2,2,1,3
200700076689,0007-12-21 18:25:00,7,12,21,18,25,110,262,"75, CAMP (AVENUE JEAN)",,,Nuit avec éclairage allumé,En agglomération,Hors intersection,Pluie légère,Autre collision,,,,,,,,,,,5,2,1,2,6
200700076690,0007-12-13 10:50:00,7,12,13,10,50,110,262,FERROUL (BOULEVARD  DOCT,,,Plein jour,En agglomération,Hors intersection,Normale,Autre collision,,,,,,,,,,,1,2,1,1,6
200700076691,0007-12-09 10:25:00,7,12,9,10,25,120,89,BLUM LEON (AVENUE),,,Plein jour,En agglomération,Autre intersection,Pluie légère,Autre collision,,,,,,,,,,,1,2,9,2,6
200700076692,0007-12-19 11:05:00,7,12,19,11,5,120,100,RD 840 (AXE BRIVE MEDITE,,,Plein jour,Hors agglomération,Hors intersection,Normale,Deux véhicules - arrière,,,,,,,,,,,1,1,1,1,2
200700076693,0007-12-01 18:38:00,7,12,1,18,38,120,145,"20, JAURES JEAN (AVENUE)",,,Nuit avec éclairage allumé,En agglomération,Hors intersection,Pluie légère,Deux véhicules - côté,,,,,,,,,,,5,2,1,2,3
200700076694,0007-12-01 01:55:00,7,12,1,1,55,120,176,CANAC (CHEMIN DE ),,,Nuit avec éclairage allumé,En agglomération,Hors intersection,Pluie légère,Autre collision,,,,,,,,,,,5,2,1,2,6
200700076695,0007-12-02 03:55:00,7,12,2,3,55,120,202,RIGNAC (ROUTE DE),,,Nuit sans éclairage public,Hors agglomération,Hors intersection,Pluie légère,Autre collision,,,,,,,,,,,3,1,1,2,6
200700076696,0007-12-15 09:55:00,7,12,15,9,55,120,202,VICTOR HUGO (AVENUE),,,Plein jour,En agglomération,Intersection en Y,Normale,Autre collision,,,,,,,,,,,1,2,4,1,6
200700076697,0007-12-21 16:10:00,7,12,21,16,10,120,202,"28, BORDEAUX (AVENUE DE)",,,Plein jour,En agglomération,Hors intersection,Normale,Deux véhicules - côté,,,,,,,,,,,1,2,1,1,3
200700076698,0007-12-01 06:08:00,7,12,1,6,8,130,1,LEDOUX CLAUDE NICOLAS (R,,,Nuit sans éclairage public,En agglomération,Intersection en T,Normale,Deux véhicules - côté,,,,,,,,,,,3,2,3,1,3
200700076699,0007-12-05 19:45:00,7,12,5,19,45,130,1,"45, ROSE (CH DE LA)",,,Nuit avec éclairage allumé,Hors agglomération,Intersection en Y,Normale,Deux véhicules - frontale,,,,,,,,,,,5,1,4,1,1
200700076700,0007-12-03 14:53:00,7,12,3,14,53,130,1,"1, ZOLA FRANCOIS ET EMIL",,,Plein jour,En agglomération,Hors intersection,Normale,Deux véhicules - frontale,,,,,,,,,,,1,2,1,1,1
200700076701,0007-12-11 10:45:00,7,12,11,10,45,130,1,"355, EINSTEIN ALBERT (RU",,,Plein jour,En agglomération,Hors intersection,Normale,Autre collision,,,,,,,,,,,1,2,1,1,6
200700076702,0007-12-11 10:55:00,7,12,11,10,55,130,1,"53, BAGATELLE (AVENUE DE",,,Plein jour,En agglomération,Hors intersection,Normale,Autre collision,,,,,,,,,,,1,2,1,1,6
200700076703,0007-12-13 15:40:00,7,12,13,15,40,130,1,DE LATTRE DE TASSIGNY (A,,,Plein jour,En agglomération,Hors intersection,Normale,Autre collision,,,,,,,,,,,1,2,1,1,6
200700076704,0007-12-18 21:12:00,7,12,18,21,12,130,1,"1577, FERRINI FORTUNE (A",,,Nuit sans éclairage public,Hors agglomération,Hors intersection,Normale,Deux véhicules - arrière,,,,,,,,,,,3,1,1,1,2
200700076705,0007-12-20 16:55:00,7,12,20,16,55,130,1,RD 543,,,Crépuscule ou aube,Hors agglomération,Hors intersection,Normale,Deux véhicules - côté,,,,,,,,,,,2,1,1,1,3
200700076706,0007-12-24 19:41:00,7,12,24,19,41,130,1,RN 296,,,Nuit sans éclairage public,Hors agglomération,Hors intersection,Normale,Trois véhicules et plus - collisions multiples,,,,,,,,,,,3,1,1,1,5
200700076707,0007-12-01 12:50:00,7,12,1,12,50,130,4,R.N.113,,,Plein jour,Hors agglomération,Hors intersection,Normale,Autre collision,,,,,,,,,,,1,1,1,1,6
200700076708,0007-12-04 13:30:00,7,12,4,13,30,130,4,"0, CAMARGUE (R.D.N35A) R",,,Plein jour,En agglomération,Hors intersection,Normale,Trois véhicules et plus - en chaîne,,,,,,,,,,,1,2,1,1,4
200700076709,0007-12-06 13:50:00,7,12,6,13,50,130,4,MURAILLETTES CHEMIN DES,,,Plein jour,En agglomération,Hors intersection,Normale,Deux véhicules - côté,,,,,,,,,,,1,2,1,1,3
200700076710,0007-12-13 12:40:00,7,12,13,12,40,130,4,"0, ROND-POINT MARIE-MADE",,,Plein jour,En agglomération,Giratoire,Normale,Deux véhicules - côté,,,,,,,,,,,1,2,6,1,3
200700076711,0007-12-14 17:30:00,7,12,14,17,30,130,4,"0, EMILE COMBES BOULEVAR",,,Nuit avec éclairage allumé,En agglomération,Hors intersection,Normale,Trois véhicules et plus - collisions multiples,,,,,,,,,,,5,2,1,1,5
200700076712,0007-12-14 19:40:00,7,12,14,19,40,130,4,R.D 570N,,,Nuit sans éclairage public,Hors agglomération,Hors intersection,Normale,Deux véhicules - côté,,,,,,,,,,,3,1,1,1,3
200700076713,0007-12-15 11:55:00,7,12,15,11,55,130,4,"0, GAMBETTA RUE",,,Plein jour,En agglomération,Hors intersection,Pluie légère,Autre collision,,,,,,,,,,,1,2,1,2,6
200700076714,0007-12-16 13:00:00,7,12,16,13,0,130,4,"0, FONTVIEILLE ROUTE DE",,,Plein jour,Hors agglomération,Hors intersection,Normale,Autre collision,,,,,,,,,,,1,1,1,1,6
200700076715,0007-12-16 19:15:00,7,12,16,19,15,130,4,"36, CRAU ROUTE DE",,,Nuit avec éclairage allumé,En agglomération,Giratoire,Normale,Trois véhicules et plus - en chaîne,,,,,,,,,,,5,2,6,1,4
200700076716,0007-12-24 07:40:00,7,12,24,7,40,130,4,R.D 570N,,,Plein jour,Hors agglomération,Giratoire,Normale,Sans collision,,,,,,,,,,,1,1,6,1,7
200700076717,0007-12-24 17:40:00,7,12,24,17,40,130,4,"0, EMILE COMBES BOULEVAR",,,Nuit sans éclairage public,En agglomération,Hors intersection,Normale,Deux véhicules - arrière,,,,,,,,,,,3,2,1,1,2
200700076718,0007-12-24 14:35:00,7,12,24,14,35,130,4,STALINGRAD AVENUE DE,,,Plein jour,En agglomération,Hors intersection,Normale,Deux véhicules - côté,,,,,,,,,,,1,2,1,1,3
200700076719,0007-12-21 14:10:00,7,12,21,14,10,130,4,"51, LIBERATION AVENUE DE",,,Plein jour,Hors agglomération,Hors intersection,Normale,Deux véhicules - frontale,,,,,,,,,,,1,1,1,1,1
200700076720,0007-12-30 00:30:00,7,12,30,0,30,130,4,"0, EMILE COMBES BOULEVAR",,,Nuit avec éclairage allumé,En agglomération,Hors intersection,Normale,Autre collision,,,,,,,,,,,5,2,1,1,6
200700076721,0007-12-30 19:15:00,7,12,30,19,15,130,4,"0, R.D 570N",,,Nuit sans éclairage public,Hors agglomération,Hors intersection,Vent fort / tempête,Autre collision,,,,,,,,,,,3,1,1,6,6
200700076722,0007-12-02 17:50:00,7,12,2,17,50,130,5,GOUMS (AVENUE DES),,,Nuit avec éclairage allumé,En agglomération,Hors intersection,Normale,Deux véhicules - côté,,,,,,,,,,,5,2,1,1,3
200700076723,0007-12-05 18:20:00,7,12,5,18,20,130,5,RN 8,,,Nuit avec éclairage allumé,En agglomération,Hors intersection,Normale,Deux véhicules - frontale,,,,,,,,,,,5,2,1,1,1
200700076724,0007-12-10 11:50:00,7,12,10,11,50,130,28,Rond-Point du 18 mars 19,,,Plein jour,En agglomération,Hors intersection,Normale,Deux véhicules - arrière,,,,,,,,,,,1,2,1,1,2
200700076725,0007-12-19 18:00:00,7,12,19,18,0,130,47,"1, ROUQUIER CHEMIN DU",,,Nuit avec éclairage allumé,En agglomération,Hors intersection,Normale,Deux véhicules - frontale,,,,,,,,,,,5,2,1,1,1
200700076726,0007-12-24 15:00:00,7,12,24,15,0,130,47,"1, RADOLFZELL AVENUE DE",,,Plein jour,Hors agglomération,Hors intersection,Normale,Trois véhicules et plus - en chaîne,,,,,,,,,,,1,1,1,1,4
200700076727,0007-12-16 17:15:00,7,12,16,17,15,130,63,"1017, CHEMIN DEPARTEMENT",,,Nuit sans éclairage public,Hors agglomération,Hors intersection,Normale,Autre collision,,,,,,,,,,,3,1,1,1,6
200700076728,0007-12-21 17:45:00,7,12,21,17,45,130,63,"1, NORD AVENUE DU",,,Nuit avec éclairage allumé,Hors agglomération,Hors intersection,Normale,Deux véhicules - côté,,,,,,,,,,,5,1,1,1,3
200700076729,0007-12-01 18:15:00,7,12,1,18,15,130,54,HUIT MAI 1945  AVE DU,,,Nuit avec éclairage allumé,En agglomération,Hors intersection,Normale,Deux véhicules - côté,,,,,,,,,,,5,2,1,1,3
200700076730,0007-12-14 07:40:00,7,12,14,7,40,130,43,ROVE  AVENUE DU,,,Plein jour,Hors agglomération,Hors intersection,Normale,Trois véhicules et plus - en chaîne,,,,,,,,,,,1,1,1,1,4
200700076731,0007-12-14 14:50:00,7,12,14,14,50,130,54,JAURES  AVE JEAN,,,Plein jour,En agglomération,Autre intersection,Normale,Sans collision,,,,,,,,,,,1,2,9,1,7
200700076732,0007-12-18 23:15:00,7,12,18,23,15,130,43,MEDITERRANEE  AVENUE DE,,,Nuit sans éclairage public,Hors agglomération,Hors intersection,Normale,Deux véhicules - frontale,,,,,,,,,,,3,1,1,1,1
200700076733,0007-12-13 15:20:00,7,12,13,15,20,130,55,SAKAKINI (BOULEVARD),,,Plein jour,En agglomération,Hors intersection,Normale,Trois véhicules et plus - collisions multiples,,,,,,,,,,,1,2,1,1,5
200700076734,0007-12-13 09:45:00,7,12,13,9,45,130,55,CHARLES LIVON (BOULEVARD,,,Plein jour,En agglomération,Hors intersection,Normale,Deux véhicules - côté,,,,,,,,,,,1,2,1,1,3
200700076735,0007-12-19 08:45:00,7,12,19,8,45,130,55,"3, LOUIS SALVATOR (BOULE",,,Plein jour,En agglomération,Hors intersection,Normale,Deux véhicules - frontale,,,,,,,,,,,1,2,1,1,1
200700076736,0007-12-18 11:55:00,7,12,18,11,55,130,55,TILLEULS (BOULEVARD),,,Plein jour,Hors agglomération,Hors intersection,Normale,Deux véhicules - arrière,,,,,,,,,,,1,1,1,1,2
200700076737,0007-12-19 05:15:00,7,12,19,5,15,130,55,FRANÇOISE DUPARC (BOULEV,,,Nuit avec éclairage allumé,En agglomération,Hors intersection,Normale,Deux véhicules - côté,,,,,,,,,,,5,2,1,1,3
200700076738,0007-12-17 10:40:00,7,12,17,10,40,130,55,"38, SAINT SEBASTIEN (RUE",,,Plein jour,En agglomération,Hors intersection,Normale,Autre collision,,,,,,,,,,,1,2,1,1,6
200700076739,0007-12-19 16:20:00,7,12,19,16,20,130,55,POMME (BOULEVARD DE LA ),,,Plein jour,En agglomération,Hors intersection,Normale,Deux véhicules - frontale,,,,,,,,,,,1,2,1,1,1
200700076740,0007-12-12 15:00:00,7,12,12,15,0,130,55,"37, GARLABAN (AVENUE DE)",,,Plein jour,En agglomération,Hors intersection,Normale,Deux véhicules - frontale,,,,,,,,,,,1,2,1,1,1
200700076741,0007-12-11 19:00:00,7,12,11,19,0,130,55,"138, MONTREDON (AVENUE D",,,Nuit avec éclairage allumé,En agglomération,Hors intersection,Vent fort / tempête,Deux véhicules - frontale,,,,,,,,,,,5,2,1,6,1
200700076742,0007-12-28 14:30:00,7,12,28,14,30,130,2,7EME TIRAILLEURS ALGERIE,,,Plein jour,En agglomération,Intersection en X,Normale,Deux véhicules - côté,,,,,,,,,,,1,2,2,1,3
200700076743,0007-12-17 14:00:00,7,12,17,14,0,130,55,MAYANS (CHEMIN DES),,,Plein jour,En agglomération,Hors intersection,Normale,Deux véhicules - frontale,,,,,,,,,,,1,2,1,1,1
200700076744,0007-12-04 19:00:00,7,12,4,19,0,130,55,"06, GEORGE (RUE)",,,Nuit avec éclairage allumé,En agglomération,Hors intersection,Normale,Autre collision,,,,,,,,,,,5,2,1,1,6
200700076745,0007-12-21 07:00:00,7,12,21,7,0,130,55,"19, COMTESSE (BOULEVARD",,,Nuit avec éclairage allumé,En agglomération,Hors intersection,Normale,Deux véhicules - côté,,,,,,,,,,,5,2,1,1,3
200700076746,0007-12-26 16:20:00,7,12,26,16,20,130,55,MONTRE (TRAVERSE DE LA),,,Plein jour,En agglomération,Hors intersection,Normale,Deux véhicules - côté,,,,,,,,,,,1,2,1,1,3
200700076747,0007-12-30 10:00:00,7,12,30,10,0,130,55,HAIFA (AVENUE),,,Plein jour,En agglomération,Hors intersection,Normale,Autre collision,,,,,,,,,,,1,2,1,1,6
200700076748,0007-12-23 13:25:00,7,12,23,13,25,130,2,ETIENNE CUCCA-CD908 (AVE,,,Plein jour,Hors agglomération,Hors intersection,Normale,Deux véhicules - côté,,,,,,,,,,,1,1,1,1,3
200700076749,0007-12-21 13:30:00,7,12,21,13,30,130,55,"29, PIERRE DOIZE  (RUE)",,,Plein jour,En agglomération,Hors intersection,Normale,Deux véhicules - côté,,,,,,,,,,,1,2,1,1,3
200700076750,0007-12-18 08:45:00,7,12,18,8,45,130,2,"37, QUATRE SAISONS (ROUT",,,Plein jour,En agglomération,Hors intersection,Normale,Trois véhicules et plus - en chaîne,,,,,,,,,,,1,2,1,1,4
200700076751,0007-12-26 19:15:00,7,12,26,19,15,130,55,"52, LYON (RUE DE)",,,Crépuscule ou aube,En agglomération,Hors intersection,Normale,Autre collision,,,,,,,,,,,2,2,1,1,6
200700076752,0007-12-14 11:05:00,7,12,14,11,5,130,55,"19, BRETEUIL (RUE)",,,Plein jour,En agglomération,Hors intersection,Normale,Deux véhicules - arrière,,,,,,,,,,,1,2,1,1,2
200700076753,0007-12-24 14:30:00,7,12,24,14,30,130,55,"35, PRADO (AVENUE)",,,Plein jour,En agglomération,Hors intersection,Normale,Trois véhicules et plus - en chaîne,,,,,,,,,,,1,2,1,1,4
200700076754,0007-12-19 17:10:00,7,12,19,17,10,130,55,NARVIK (SQUARE),,,Nuit avec éclairage allumé,En agglomération,Hors intersection,Normale,Autre collision,,,,,,,,,,,5,2,1,1,6
200700076755,0007-12-21 15:00:00,7,12,21,15,0,130,55,"302, PARADIS (RUE)",,,Plein jour,En agglomération,Hors intersection,Normale,Deux véhicules - arrière,,,,,,,,,,,1,2,1,1,2
200700076756,0007-12-20 12:30:00,7,12,20,12,30,130,55,"259, MAURIAC (RUE)",,,Plein jour,En agglomération,Hors intersection,Normale,Deux véhicules - côté,,,,,,,,,,,1,2,1,1,3
200700076757,0007-12-13 12:00:00,7,12,13,12,0,130,55,PINEDE (RUE DE LA),,,Plein jour,En agglomération,Hors intersection,Normale,Autre collision,,,,,,,,,,,1,2,1,1,6
200700076758,0007-12-28 07:40:00,7,12,28,7,40,130,55,PAUL CLAUDEL (BOULEVARD),,,Crépuscule ou aube,En agglomération,Intersection en T,Normale,Deux véhicules - côté,,,,,,,,,,,2,2,3,1,3
200700076759,0007-12-22 10:20:00,7,12,22,10,20,130,55,"32, MILLIERE (BOULEVARD",,,Plein jour,En agglomération,Hors intersection,Normale,Trois véhicules et plus - en chaîne,,,,,,,,,,,1,2,1,1,4
200700076760,0007-12-17 13:00:00,7,12,17,13,0,130,55,CLOT BEY (AVENUE),,,Plein jour,En agglomération,Hors intersection,Normale,Deux véhicules - frontale,,,,,,,,,,,1,2,1,1,1
200700076761,0007-12-14 17:30:00,7,12,14,17,30,130,55,"3, EMILE ZOLA (RUE)",,,Nuit avec éclairage allumé,En agglomération,Hors intersection,Normale,Deux véhicules - côté,,,,,,,,,,,5,2,1,1,3
200700076762,0007-12-20 19:35:00,7,12,20,19,35,130,55,TONKIN  (TRAVERSE DU),,,Nuit avec éclairage allumé,En agglomération,Intersection en X,Normale,Deux véhicules - côté,,,,,,,,,,,5,2,2,1,3
200700076763,0007-12-16 13:00:00,7,12,16,13,0,130,55,PIERRE DOIZE  (RUE),,,Plein jour,En agglomération,Giratoire,Normale,Deux véhicules - côté,,,,,,,,,,,1,2,6,1,3
200700076764,0007-12-29 15:00:00,7,12,29,15,0,130,55,"267, SAINT LOUIS (AVENUE",,,Plein jour,En agglomération,Intersection en Y,Normale,Deux véhicules - arrière,,,,,,,,,,,1,2,4,1,2
200700076765,0007-12-22 19:25:00,7,12,22,19,25,130,55,ARNAVAUX (AVENUE DES),,,Nuit avec éclairage allumé,En agglomération,Intersection en T,Normale,Deux véhicules - côté,,,,,,,,,,,5,2,3,1,3
200700076766,0007-12-21 20:20:00,7,12,21,20,20,130,55,FRAIS VALLON (AVENUE),,,Nuit avec éclairage allumé,En agglomération,Intersection en X,Normale,Deux véhicules - côté,,,,,,,,,,,5,2,2,1,3
200700076767,0007-12-31 19:30:00,7,12,31,19,30,130,55,MENARD (PIERRE) (BOULEVA,,,Nuit avec éclairage allumé,En agglomération,Autre intersection,Normale,Deux véhicules - côté,,,,,,,,,,,5,2,9,1,3
200700076768,0007-12-31 19:00:00,7,12,31,19,0,130,55,"137, ROMAIN ROLLAND (BOU",,,Nuit sans éclairage public,En agglomération,Intersection en T,Normale,Deux véhicules - côté,,,,,,,,,,,3,2,3,1,3
200700076769,0007-12-27 08:50:00,7,12,27,8,50,130,55,BEL AIR (RUE),,,Plein jour,En agglomération,Intersection en X,Normale,Deux véhicules - côté,,,,,,,,,,,1,2,2,1,3
200700076770,0007-12-05 16:45:00,7,12,5,16,45,130,55,PRADO (AVENUE),,,Plein jour,En agglomération,Hors intersection,Normale,Autre collision,,,,,,,,,,,1,2,1,1,6
200700076771,0007-12-22 20:30:00,7,12,22,20,30,130,55,"324, MONTOLIVET (AVENUE",,,Nuit avec éclairage allumé,En agglomération,Hors intersection,Pluie légère,Autre collision,,,,,,,,,,,5,2,1,2,6
200700076772,0007-12-21 21:20:00,7,12,21,21,20,130,55,"2, PONT DE VIVAUX (BOULE",,,Nuit avec éclairage allumé,En agglomération,Hors intersection,Normale,Deux véhicules - arrière,,,,,,,,,,,5,2,1,1,2
200700076773,0007-12-14 19:50:00,7,12,14,19,50,130,55,CORDERIE (PLACE DE LA),,,Nuit avec éclairage allumé,En agglomération,Hors intersection,Normale,Deux véhicules - côté,,,,,,,,,,,5,2,1,1,3
200700076774,0007-12-09 03:50:00,7,12,9,3,50,130,55,CHARLES NEDELEC (BOULEVA,,,Nuit avec éclairage allumé,En agglomération,Hors intersection,Normale,Autre collision,,,,,,,,,,,5,2,1,1,6
200700076775,0007-12-10 13:30:00,7,12,10,13,30,130,55,CHANTERAC (RUE DE),,,Plein jour,En agglomération,Intersection en X,Normale,Deux véhicules - frontale,,,,,,,,,,,1,2,2,1,1
200700076776,0007-12-28 10:30:00,7,12,28,10,30,130,55,SALVADOR ALLENDE (RUE),,,Plein jour,En agglomération,Hors intersection,Normale,Autre collision,,,,,,,,,,,1,2,1,1,6
200700076777,0007-12-04 10:00:00,7,12,4,10,0,130,55,ALEX. FLEMING (BOULEVARD,,,Plein jour,En agglomération,Hors intersection,Normale,Deux véhicules - arrière,,,,,,,,,,,1,2,1,1,2
200700076778,0007-12-14 13:55:00,7,12,14,13,55,130,55,JEAN PAUL SARTRE (AVENUE,,,Plein jour,En agglomération,Hors intersection,Normale,Deux véhicules - côté,,,,,,,,,,,1,2,1,1,3
200700076779,0007-12-28 09:50:00,7,12,28,9,50,130,55,"35, LIBERATION (BOULEVAR",,,Plein jour,En agglomération,Hors intersection,Normale,Deux véhicules - côté,,,,,,,,,,,1,2,1,1,3
200700076780,0007-12-22 19:50:00,7,12,22,19,50,130,55,BOISSON (BOULEVARD),,,Nuit avec éclairage allumé,En agglomération,Intersection en T,Temps couvert,Deux véhicules - côté,,,,,,,,,,,5,2,3,8,3
200700076781,0007-12-14 17:10:00,7,12,14,17,10,130,55,SAINT JOSEPH (CHEMIN DE),,,Crépuscule ou aube,En agglomération,Hors intersection,Normale,Deux véhicules - arrière,,,,,,,,,,,2,2,1,1,2
200700076782,0007-12-16 06:50:00,7,12,16,6,50,130,55,"12, LESSEPS (RUE DE)",,,Nuit avec éclairage allumé,En agglomération,Intersection en T,Normale,Deux véhicules - côté,,,,,,,,,,,5,2,3,1,3
200700076783,0007-12-20 18:50:00,7,12,20,18,50,130,55,MILLIE MATHYS (AVENUE),,,Nuit sans éclairage public,En agglomération,Hors intersection,Normale,Autre collision,,,,,,,,,,,3,2,1,1,6
200700076784,0007-12-29 17:00:00,7,12,29,17,0,130,55,CANEBIERE     1 A 79,,,Nuit avec éclairage allumé,En agglomération,Hors intersection,Normale,Autre collision,,,,,,,,,,,5,2,1,1,6
200700076785,0007-12-27 14:30:00,7,12,27,14,30,130,55,"6, ARMENY (RUE D')",,,Plein jour,En agglomération,Hors intersection,Normale,Autre collision,,,,,,,,,,,1,2,1,1,6
200700076786,0007-12-13 08:40:00,7,12,13,8,40,130,55,BON SECOURS (BOULEVARD),,,Plein jour,En agglomération,Intersection en T,Normale,Deux véhicules - côté,,,,,,,,,,,1,2,3,1,3
200700076787,0007-12-24 15:30:00,7,12,24,15,30,130,55,ALPH. MOUTTE (RUE),,,Plein jour,En agglomération,Hors intersection,Normale,Deux véhicules - côté,,,,,,,,,,,1,2,1,1,3
200700076788,0007-12-25 18:00:00,7,12,25,18,0,130,55,"171, MADRAGUE VILLE (RUE",,,Nuit avec éclairage allumé,En agglomération,Hors intersection,Normale,Deux véhicules - côté,,,,,,,,,,,5,2,1,1,3
200700076789,0007-12-08 14:50:00,7,12,8,14,50,130,55,ROME (RUE DE),,,Plein jour,En agglomération,Intersection en X,Normale,Deux véhicules - côté,,,,,,,,,,,1,2,2,1,3
200700076790,0007-12-11 08:40:00,7,12,11,8,40,130,55,"364, POILUS (AVENUE DES)",,,Plein jour,En agglomération,Hors intersection,Normale,Deux véhicules - côté,,,,,,,,,,,1,2,1,1,3
200700076791,0007-12-25 10:30:00,7,12,25,10,30,130,55,AMPERE (BOULEVARD),,,Plein jour,En agglomération,Hors intersection,Normale,Deux véhicules - côté,,,,,,,,,,,1,2,1,1,3
200700076792,0007-12-24 12:10:00,7,12,24,12,10,130,55,PEYPIN (RUE DE),,,Plein jour,En agglomération,Hors intersection,Normale,Deux véhicules - arrière,,,,,,,,,,,1,2,1,1,2
200700076793,0007-12-27 12:40:00,7,12,27,12,40,130,55,"132, DANIEL CASANOVA (BO",,,Plein jour,En agglomération,Hors intersection,Normale,Deux véhicules - côté,,,,,,,,,,,1,2,1,1,3
200700076794,0007-12-30 17:00:00,7,12,30,17,0,130,55,", SAINT LOUIS (AVENUE DE",,,Nuit avec éclairage allumé,En agglomération,Hors intersection,Normale,Deux véhicules - arrière,,,,,,,,,,,5,2,1,1,2
200700076795,0007-12-20 12:55:00,7,12,20,12,55,130,55,SALVADOR ALLENDE (RUE),,,Plein jour,En agglomération,Giratoire,Normale,Deux véhicules - arrière,,,,,,,,,,,1,2,6,1,2
200700076796,0007-12-22 19:45:00,7,12,22,19,45,130,55,SALVADOR ALLENDE (RUE),,,Nuit avec éclairage allumé,En agglomération,Hors intersection,Normale,Deux véhicules - arrière,,,,,,,,,,,5,2,1,1,2
200700076797,0007-12-26 20:50:00,7,12,26,20,50,130,55,ORGUES (RUE DES),,,Nuit avec éclairage allumé,En agglomération,Hors intersection,Normale,Deux véhicules - côté,,,,,,,,,,,5,2,1,1,3
200700076798,0007-12-27 13:35:00,7,12,27,13,35,130,55,"27, SERY (TRAVERSE)",,,Plein jour,En agglomération,Hors intersection,Normale,Deux véhicules - frontale,,,,,,,,,,,1,2,1,1,1
200700076799,0007-12-02 10:55:00,7,12,2,10,55,130,55,RABATAU (BOULEVARD),,,Plein jour,En agglomération,Intersection en X,Normale,Deux véhicules - côté,,,,,,,,,,,1,2,2,1,3
200700076800,0007-12-08 10:00:00,7,12,8,10,0,130,55,"27, SAKAKINI (BOULEVARD)",,,Plein jour,En agglomération,Hors intersection,Normale,Autre collision,,,,,,,,,,,1,2,1,1,6
200700076801,0007-12-20 20:40:00,7,12,20,20,40,130,55,"270, BAILLE (BOULEVARD)",,,Nuit avec éclairage allumé,En agglomération,Hors intersection,Normale,Deux véhicules - côté,,,,,,,,,,,5,2,1,1,3
200700076802,0007-12-27 12:10:00,7,12,27,12,10,130,55,AYGALADES (AVENUE DES),,,Plein jour,En agglomération,Intersection en T,Normale,Deux véhicules - côté,,,,,,,,,,,1,2,3,1,3
200700076803,0007-12-14 11:30:00,7,12,14,11,30,130,55,"88, MIREILLE LAUZE (BOUL",,,Plein jour,En agglomération,Hors intersection,Normale,Autre collision,,,,,,,,,,,1,2,1,1,6
200700076804,0007-12-30 16:57:00,7,12,30,16,57,130,55,BONNIOT (BOULEVARD),,,Crépuscule ou aube,En agglomération,Intersection en X,Temps couvert,Trois véhicules et plus - en chaîne,,,,,,,,,,,2,2,2,8,4
200700076805,0007-12-07 12:00:00,7,12,7,12,0,130,55,SAINTE MARGUERITE (BOULE,,,Plein jour,En agglomération,Hors intersection,Pluie légère,Sans collision,,,,,,,,,,,1,2,1,2,7
200700076806,0007-12-11 17:30:00,7,12,11,17,30,130,55,"211, ROMAIN ROLLAND (BOU",,,Nuit avec éclairage allumé,En agglomération,Hors intersection,Normale,Autre collision,,,,,,,,,,,5,2,1,1,6
200700076807,0007-12-14 10:10:00,7,12,14,10,10,130,55,"129, PIERRE DOIZE  (RUE)",,,Plein jour,En agglomération,Hors intersection,Normale,Deux véhicules - arrière,,,,,,,,,,,1,2,1,1,2
200700076808,0007-12-28 14:00:00,7,12,28,14,0,130,55,DUNKERQUE  (BOULEVARD DE,,,Plein jour,En agglomération,Hors intersection,Normale,Deux véhicules - arrière,,,,,,,,,,,1,2,1,1,2
200700076809,0007-12-03 07:00:00,7,12,3,7,0,130,55,FRANCOISE DUPARC (BOULEV,,,Crépuscule ou aube,En agglomération,Intersection en T,Normale,Autre collision,,,,,,,,,,,2,2,3,1,6
200700076810,0007-12-16 13:25:00,7,12,16,13,25,130,55,JEAN MOULIN (BOULEVARD),,,Crépuscule ou aube,Hors agglomération,Intersection en T,Normale,Autre collision,,,,,,,,,,,2,1,3,1,6
200700076811,0007-12-20 11:35:00,7,12,20,11,35,130,55,"172, LIBERATION (BOULEVA",,,Plein jour,En agglomération,Hors intersection,Normale,Deux véhicules - côté,,,,,,,,,,,1,2,1,1,3