accident_id,datetime,annee,mois,jour,heure,minute,departement,commune_insee,adresse,latitude,longitude,luminosite,agglomeration,intersection,meteo,collision,nb_vehicules,nb_usagers,nb_indemnes,nb_tues,nb_blesses_hosp,nb_blesses_legers,age_cond_1,age_cond_2,veh_type_cond_1,veh_type_cond_2,lum_code,agg_code,int_code,atm_code,col_code
200700076812,0007-12-06 09:15:00,7,12,6,9,15,130,55,"445, SAINT PIERRE (RUE)",,,Plein jour,En agglomération,Hors intersection,Normale,Deux véhicules - côté,,,,,,,,,,,1,2,1,1,3
200700076813,0007-12-22 17:35:00,7,12,22,17,35,130,55,BAILLE (BOULEVARD),,,Nuit avec éclairage allumé,En agglomération,Hors intersection,Normale,Deux véhicules - côté,,,,,,,,,,,5,2,1,1,3
200700076814,0007-12-29 14:00:00,7,12,29,14,0,130,55,BASSINS DU RADOUB (QUAI,,,Plein jour,En agglomération,Intersection en T,Normale,Deux véhicules - côté,,,,,,,,,,,1,2,3,1,3
200700076815,0007-12-18 11:20:00,7,12,18,11,20,130,55,"8, DUGOMMIER (BOULEVARD)",,,Plein jour,En agglomération,Hors intersection,Pluie légère,Autre collision,,,,,,,,,,,1,2,1,2,6
200700076816,0007-12-18 19:30:00,7,12,18,19,30,130,55,LIBERATION (BOULEVARD),,,Nuit avec éclairage allumé,En agglomération,Hors intersection,Normale,Autre collision,,,,,,,,,,,5,2,1,1,6
200700076817,0007-12-26 10:45:00,7,12,26,10,45,130,55,SAINT MENET (AVENUE DE),,,Plein jour,En agglomération,Autre intersection,Normale,Deux véhicules - côté,,,,,,,,,,,1,2,9,1,3
200700076818,0007-12-01 03:40:00,7,12,1,3,40,130,55,"9, LESSEPS (RUE DE)",,,Nuit avec éclairage allumé,En agglomération,Hors intersection,Normale,Autre collision,,,,,,,,,,,5,2,1,1,6
200700076819,0007-12-01 17:40:00,7,12,1,17,40,130,55,ELLEON (AVENUE),,,Nuit avec éclairage allumé,En agglomération,Intersection en X,Normale,Trois véhicules et plus - collisions multiples,,,,,,,,,,,5,2,2,1,5
200700076820,0007-12-03 07:55:00,7,12,3,7,55,130,55,"35, PHILIPPON (BOULEVARD",,,Crépuscule ou aube,En agglomération,Hors intersection,Temps couvert,Autre collision,,,,,,,,,,,2,2,1,8,6
200700076821,0007-12-01 21:00:00,7,12,1,21,0,130,55,"18, MAISON BLANCHE (TRAV",,,Nuit avec éclairage allumé,En agglomération,Hors intersection,Normale,Autre collision,,,,,,,,,,,5,2,1,1,6
200700076822,0007-12-01 16:00:00,7,12,1,16,0,130,55,HENRI BARNIER (BOULEVARD,,,Plein jour,En agglomération,Hors intersection,Normale,Deux véhicules - arrière,,,,,,,,,,,1,2,1,1,2
200700076823,0007-12-02 01:45:00,7,12,2,1,45,130,55,"626, SAINT PIERRE (RUE)",,,Nuit avec éclairage allumé,En agglomération,Hors intersection,Normale,Autre collision,,,,,,,,,,,5,2,1,1,6
200700076824,0007-12-04 10:55:00,7,12,4,10,55,130,55,"9, MONTGRAND (RUE)",,,Plein jour,En agglomération,Hors intersection,Normale,Autre collision,,,,,,,,,,,1,2,1,1,6
200700076825,0007-12-01 15:45:00,7,12,1,15,45,130,55,SABLIERE (ROUTE DE LA),,,Plein jour,En agglomération,Hors intersection,Normale,Autre collision,,,,,,,,,,,1,2,1,1,6
200700076826,0007-12-01 13:30:00,7,12,1,13,30,130,2,ETIENNE CUCCA-CD908 (AVE,,,Plein jour,Hors agglomération,Hors intersection,Normale,Deux véhicules - côté,,,,,,,,,,,1,1,1,1,3
200700076827,0007-12-01 18:15:00,7,12,1,18,15,130,55,", HENRI FABRE (RUE)",,,Nuit avec éclairage allumé,En agglomération,Intersection en T,Normale,Deux véhicules - côté,,,,,,,,,,,5,2,3,1,3
200700076828,0007-12-01 15:30:00,7,12,1,15,30,130,55,LA FOURRAGERE (AVENUE),,,Plein jour,En agglomération,Intersection en T,Normale,Deux véhicules - côté,,,,,,,,,,,1,2,3,1,3
200700076829,0007-12-04 08:10:00,7,12,4,8,10,130,55,"167, BAILLE (BOULEVARD)",,,Plein jour,En agglomération,Hors intersection,Normale,Deux véhicules - côté,,,,,,,,,,,1,2,1,1,3
200700076830,0007-12-01 22:20:00,7,12,1,22,20,130,55,DANIEL CASANOVA (BOULEVA,,,Nuit avec éclairage allumé,En agglomération,Intersection en X,Normale,Deux véhicules - côté,,,,,,,,,,,5,2,2,1,3
200700076831,0007-12-01 18:00:00,7,12,1,18,0,130,55,ORGUES (RUE DES),,,Nuit avec éclairage allumé,En agglomération,Intersection en X,Normale,Deux véhicules - côté,,,,,,,,,,,5,2,2,1,3
200700076832,0007-12-01 11:15:00,7,12,1,11,15,130,55,"65, LANCIER (CHEMIN DU)",,,Plein jour,Hors agglomération,Hors intersection,Normale,Deux véhicules - côté,,,,,,,,,,,1,1,1,1,3
200700076833,0007-12-04 07:25:00,7,12,4,7,25,130,55,KADDOUZ (CHEMIN),,,Crépuscule ou aube,En agglomération,Hors intersection,Normale,Deux véhicules - frontale,,,,,,,,,,,2,2,1,1,1
200700076834,0007-12-04 08:20:00,7,12,4,8,20,130,55,"62, CAILLOLS (TRAVERSE D",,,Plein jour,En agglomération,Hors intersection,Normale,Deux véhicules - frontale,,,,,,,,,,,1,2,1,1,1
200700076835,0007-12-02 03:35:00,7,12,2,3,35,130,55,SAINT ANTOINE (CHEMIN DE,,,Nuit avec éclairage allumé,En agglomération,Hors intersection,Normale,Autre collision,,,,,,,,,,,5,2,1,1,6
200700076836,0007-12-03 10:20:00,7,12,3,10,20,130,55,PARIS (BOULEVARD DE),,,Plein jour,En agglomération,Intersection en X,Normale,Deux véhicules - côté,,,,,,,,,,,1,2,2,1,3
200700076837,0007-12-07 21:15:00,7,12,7,21,15,130,55,CHAVE (BOULEVARD),,,Nuit avec éclairage allumé,En agglomération,Intersection en X,Pluie légère,Deux véhicules - côté,,,,,,,,,,,5,2,2,2,3
200700076838,0007-12-07 11:45:00,7,12,7,11,45,130,55,LÉON LACHAMP (ROUTE),,,Plein jour,Hors agglomération,Hors intersection,Vent fort / tempête,Autre collision,,,,,,,,,,,1,1,1,6,6
200700076839,0007-12-09 01:10:00,7,12,9,1,10,130,55,"120, SAINT ANTOINE (AVEN",,,Nuit avec éclairage allumé,En agglomération,Hors intersection,Pluie légère,Trois véhicules et plus - collisions multiples,,,,,,,,,,,5,2,1,2,5
200700076840,0007-12-05 14:55:00,7,12,5,14,55,130,55,"face au 4, JOSEPH THIERR",,,Plein jour,En agglomération,Hors intersection,Normale,Autre collision,,,,,,,,,,,1,2,1,1,6
200700076841,0007-12-04 15:00:00,7,12,4,15,0,130,55,LOUBON (RUE),,,Plein jour,En agglomération,Intersection en T,Normale,Deux véhicules - côté,,,,,,,,,,,1,2,3,1,3
200700076842,0007-12-04 16:30:00,7,12,4,16,30,130,55,VISTE (AVENUE DE LA),,,Plein jour,En agglomération,Hors intersection,Normale,Autre collision,,,,,,,,,,,1,2,1,1,6
200700076843,0007-12-04 14:30:00,7,12,4,14,30,130,55,MADRAGUE VILLE (RUE),,,Plein jour,En agglomération,Intersection en T,Normale,Trois véhicules et plus - collisions multiples,,,,,,,,,,,1,2,3,1,5
200700076844,0007-12-01 16:40:00,7,12,1,16,40,130,55,HENRI BARNIER (BOULEVARD,,,Plein jour,En agglomération,Giratoire,Normale,Deux véhicules - côté,,,,,,,,,,,1,2,6,1,3
200700076845,0007-12-03 07:45:00,7,12,3,7,45,130,55,"121, 24 AVRIL 15 (AVENUE",,,Plein jour,En agglomération,Hors intersection,Normale,Autre collision,,,,,,,,,,,1,2,1,1,6
200700076846,0007-12-08 08:20:00,7,12,8,8,20,130,55,MONTRE (TRAVERSE DE LA),,,Plein jour,En agglomération,Giratoire,Normale,Autre collision,,,,,,,,,,,1,2,6,1,6
200700076847,0007-12-07 19:00:00,7,12,7,19,0,130,55,BOUYALA D'ARNAUD (BOULEV,,,Nuit avec éclairage allumé,En agglomération,Hors intersection,Temps couvert,Deux véhicules - côté,,,,,,,,,,,5,2,1,8,3
200700076848,0007-12-07 13:30:00,7,12,7,13,30,130,55,BERNARD LECACHE (AVENUE),,,Plein jour,En agglomération,Hors intersection,Temps couvert,Sans collision,,,,,,,,,,,1,2,1,8,7
200700076849,0007-12-05 19:30:00,7,12,5,19,30,130,55,"171, CLOT BEY (AVENUE)",,,Nuit avec éclairage allumé,Hors agglomération,Hors intersection,Normale,Deux véhicules - frontale,,,,,,,,,,,5,1,1,1,1
200700076850,0007-12-03 11:05:00,7,12,3,11,5,130,55,"06, CARGO RHIN FIDELI (R",,,Plein jour,En agglomération,Hors intersection,Normale,Autre collision,,,,,,,,,,,1,2,1,1,6
200700076851,0007-12-11 15:20:00,7,12,11,15,20,130,55,PAIX (RUE DE LA),,,Plein jour,En agglomération,Intersection en X,Pluie légère,Deux véhicules - côté,,,,,,,,,,,1,2,2,2,3
200700076852,0007-12-05 09:45:00,7,12,5,9,45,130,55,BOISERAIE (RUE),,,Plein jour,En agglomération,Hors intersection,Normale,Autre collision,,,,,,,,,,,1,2,1,1,6
200700076853,0007-12-06 07:30:00,7,12,6,7,30,130,55,"157, MICHELET (BOULEVARD",,,Crépuscule ou aube,En agglomération,Hors intersection,Normale,Deux véhicules - côté,,,,,,,,,,,2,2,1,1,3
200700076854,0007-12-05 07:30:00,7,12,5,7,30,130,55,"60, VERDILLON (RUE)",,,Plein jour,En agglomération,Hors intersection,Normale,Deux véhicules - arrière,,,,,,,,,,,1,2,1,1,2
200700076855,0007-12-04 07:30:00,7,12,4,7,30,130,55,"165, MIREILLE LAUZE (BOU",,,Plein jour,En agglomération,Hors intersection,Normale,Autre collision,,,,,,,,,,,1,2,1,1,6
200700076856,0007-12-01 18:16:00,7,12,1,18,16,130,55,EUROPE (ROND POINT DE L',,,Nuit avec éclairage allumé,En agglomération,Hors intersection,Normale,Sans collision,,,,,,,,,,,5,2,1,1,7
200700076857,0007-12-01 20:50:00,7,12,1,20,50,130,55,"436, PARADIS (RUE)",,,Nuit avec éclairage allumé,En agglomération,Hors intersection,Normale,Deux véhicules - côté,,,,,,,,,,,5,2,1,1,3
200700076858,0007-12-04 22:37:00,7,12,4,22,37,130,55,SAINTE MARGUERITE (BOULE,,,Nuit avec éclairage non allumé,En agglomération,Hors intersection,Normale,Sans collision,,,,,,,,,,,4,2,1,1,7
200700076859,0007-12-12 20:05:00,7,12,12,20,5,130,55,PONT DE VIVAUX (BOULEVAR,,,Nuit avec éclairage allumé,En agglomération,Intersection en T,Normale,Deux véhicules - côté,,,,,,,,,,,5,2,3,1,3
200700076860,0007-12-02 17:30:00,7,12,2,17,30,130,55,MARCEL PAGNOL (QUAI),,,Nuit avec éclairage allumé,En agglomération,Hors intersection,Normale,Deux véhicules - frontale,,,,,,,,,,,5,2,1,1,1
200700076861,0007-12-05 10:00:00,7,12,5,10,0,130,55,"135, PARADIS (RUE)",,,Plein jour,En agglomération,Intersection en T,Normale,Autre collision,,,,,,,,,,,1,2,3,1,6
200700076862,0007-12-07 03:15:00,7,12,7,3,15,130,55,JEAN MOULIN (BOULEVARD),,,Nuit avec éclairage allumé,En agglomération,Hors intersection,Normale,Deux véhicules - côté,,,,,,,,,,,5,2,1,1,3
200700076863,0007-12-07 15:30:00,7,12,7,15,30,130,55,MARX DORMOY (RUE),,,Plein jour,En agglomération,Hors intersection,Pluie légère,Autre collision,,,,,,,,,,,1,2,1,2,6
200700076864,0007-12-07 17:20:00,7,12,7,17,20,130,55,ALBERT COHEN (RUE),,,Nuit avec éclairage allumé,En agglomération,Hors intersection,Normale,Trois véhicules et plus - en chaîne,,,,,,,,,,,5,2,1,1,4
200700076865,0007-12-03 13:45:00,7,12,3,13,45,130,55,JEAN QUEILLAU (RUE),,,Plein jour,En agglomération,Hors intersection,Normale,Deux véhicules - arrière,,,,,,,,,,,1,2,1,1,2
200700076866,0007-12-07 12:05:00,7,12,7,12,5,130,55,"123, ROMAIN ROLLAND (BOU",,,Plein jour,En agglomération,Hors intersection,Normale,Trois véhicules et plus - en chaîne,,,,,,,,,,,1,2,1,1,4
200700076867,0007-12-06 07:45:00,7,12,6,7,45,130,55,"131, CAMOINS (AVENUE DES",,,Nuit avec éclairage allumé,En agglomération,Hors intersection,Normale,Deux véhicules - côté,,,,,,,,,,,5,2,1,1,3
200700076868,0007-12-06 09:00:00,7,12,6,9,0,130,55,LA MARTINE (TRAVERSE),,,Plein jour,En agglomération,Giratoire,Normale,Deux véhicules - arrière,,,,,,,,,,,1,2,6,1,2
200700076869,0007-12-06 08:45:00,7,12,6,8,45,130,55,PEINTRES ROUX (AVENUE DE,,,Plein jour,En agglomération,Giratoire,Normale,Deux véhicules - côté,,,,,,,,,,,1,2,6,1,3
200700076870,0007-12-08 17:25:00,7,12,8,17,25,130,75,", ENJOLRAS (AVENUE)",,,Nuit avec éclairage allumé,En agglomération,Hors intersection,Normale,Deux véhicules - arrière,,,,,,,,,,,5,2,1,1,2
200700076871,0007-12-08 02:15:00,7,12,8,2,15,130,55,"11, ENJOLRAS (AVENUE)",,,Nuit avec éclairage allumé,En agglomération,Autre intersection,Temps couvert,Deux véhicules - arrière,,,,,,,,,,,5,2,9,8,2
200700076872,0007-12-13 05:15:00,7,12,13,5,15,130,55,LYON (RUE DE),,,Nuit avec éclairage allumé,En agglomération,Hors intersection,Normale,Deux véhicules - côté,,,,,,,,,,,5,2,1,1,3
200700076873,0007-12-13 17:20:00,7,12,13,17,20,130,55,PRADO (AVENUE),,,Nuit avec éclairage allumé,En agglomération,Autre intersection,Normale,Deux véhicules - arrière,,,,,,,,,,,5,2,9,1,2
200700076874,0007-12-11 11:50:00,7,12,11,11,50,130,55,"22, BRETEUIL (RUE)",,,Plein jour,En agglomération,Hors intersection,Normale,Autre collision,,,,,,,,,,,1,2,1,1,6
200700076875,0007-12-04 19:55:00,7,12,4,19,55,130,55,ANTOINE PONS (RUE),,,Nuit avec éclairage allumé,En agglomération,Hors intersection,Normale,Deux véhicules - arrière,,,,,,,,,,,5,2,1,1,2
200700076876,0007-12-09 13:40:00,7,12,9,13,40,130,55,JEAN QUEILLAU (RUE),,,Plein jour,En agglomération,Intersection en X,Normale,Deux véhicules - côté,,,,,,,,,,,1,2,2,1,3
200700076877,0007-12-04 11:15:00,7,12,4,11,15,130,55,"46, CARTONNERIE (BOULEVA",,,Plein jour,En agglomération,Hors intersection,Normale,Deux véhicules - côté,,,,,,,,,,,1,2,1,1,3
200700076878,0007-12-13 15:30:00,7,12,13,15,30,130,55,"199, MENDES FRANCE (AVEN",,,Plein jour,En agglomération,Hors intersection,Normale,Deux véhicules - arrière,,,,,,,,,,,1,2,1,1,2
200700076879,0007-12-15 21:30:00,7,12,15,21,30,130,55,NATIONAL (BOULEVARD),,,Nuit avec éclairage allumé,En agglomération,Intersection en T,Normale,Autre collision,,,,,,,,,,,5,2,3,1,6
200700076880,0007-12-15 16:50:00,7,12,15,16,50,130,55,ALEX. FLEMING (BOULEVARD,,,Plein jour,En agglomération,Hors intersection,Temps couvert,Autre collision,,,,,,,,,,,1,2,1,8,6
200700076881,0007-12-14 16:25:00,7,12,14,16,25,130,55,"3, FORGES (RUE DES)",,,Plein jour,En agglomération,Intersection en T,Normale,Deux véhicules - frontale,,,,,,,,,,,1,2,3,1,1
200700076882,0007-12-15 02:20:00,7,12,15,2,20,130,55,"46, CORDERIE (BOULEVARD",,,Nuit avec éclairage allumé,En agglomération,Hors intersection,Normale,Deux véhicules - côté,,,,,,,,,,,5,2,1,1,3
200700076883,0007-12-06 22:40:00,7,12,6,22,40,130,55,SCHLOESING (BOULEVARD),,,Nuit avec éclairage allumé,En agglomération,Intersection en X,Normale,Deux véhicules - côté,,,,,,,,,,,5,2,2,1,3
200700076884,0007-12-10 17:50:00,7,12,10,17,50,130,55,"9, MIREILLE LAUZE (BOULE",,,Nuit avec éclairage allumé,En agglomération,Hors intersection,Normale,Deux véhicules - arrière,,,,,,,,,,,5,2,1,1,2
200700076885,0007-12-02 06:15:00,7,12,2,6,15,130,55,POMPIDOU (PROMENADE),,,Nuit avec éclairage allumé,En agglomération,Autre intersection,Normale,Autre collision,,,,,,,,,,,5,2,9,1,6
200700076886,0007-12-11 19:01:00,7,12,11,19,1,130,55,"29, MARTHELINE (AVENUE D",,,Nuit avec éclairage non allumé,En agglomération,Hors intersection,Normale,Autre collision,,,,,,,,,,,4,2,1,1,6
200700076887,0007-12-10 18:45:00,7,12,10,18,45,130,55,CHARLES NEDELEC (BOULEVA,,,Nuit avec éclairage non allumé,En agglomération,Hors intersection,Normale,Deux véhicules - arrière,,,,,,,,,,,4,2,1,1,2
200700076888,0007-12-08 19:50:00,7,12,8,19,50,130,55,LOUIS BIROARD (RUE),,,Nuit avec éclairage non allumé,En agglomération,Intersection en X,Normale,Deux véhicules - côté,,,,,,,,,,,4,2,2,1,3
200700076889,0007-12-01 22:15:00,7,12,1,22,15,130,55,FÉLIX PYAT (RUE),,,Nuit avec éclairage allumé,En agglomération,Hors intersection,Normale,Autre collision,,,,,,,,,,,5,2,1,1,6
200700076890,0007-12-15 13:45:00,7,12,15,13,45,130,55,"78, JEAN LOMBARD (AVENUE",,,Plein jour,En agglomération,Hors intersection,Normale,Deux véhicules - côté,,,,,,,,,,,1,2,1,1,3
200700076891,0007-12-13 16:15:00,7,12,13,16,15,130,55,MAURIAC (RUE),,,Plein jour,En agglomération,Hors intersection,Normale,Deux véhicules - frontale,,,,,,,,,,,1,2,1,1,1
200700076892,0007-12-10 07:15:00,7,12,10,7,15,130,55,"32, BONNEFOY (RUE)",,,Plein jour,En agglomération,Autre intersection,Normale,Deux véhicules - côté,,,,,,,,,,,1,2,9,1,3
200700076893,0007-12-16 16:35:00,7,12,16,16,35,130,55,MILLIERE (BOULEVARD DE L,,,Crépuscule ou aube,Hors agglomération,Hors intersection,Temps couvert,Deux véhicules - côté,,,,,,,,,,,2,1,1,8,3
200700076894,0007-12-13 21:15:00,7,12,13,21,15,130,55,MENDES FRANCE (AVENUE),,,Nuit avec éclairage allumé,En agglomération,Hors intersection,Normale,Deux véhicules - arrière,,,,,,,,,,,5,2,1,1,2
200700076895,0007-12-12 07:30:00,7,12,12,7,30,130,55,MONTRE (TRAVERSE DE LA),,,Crépuscule ou aube,En agglomération,Hors intersection,Normale,Autre collision,,,,,,,,,,,2,2,1,1,6
200700076896,0007-12-12 18:30:00,7,12,12,18,30,130,55,MONTRE (TRAVERSE DE LA),,,Nuit avec éclairage allumé,En agglomération,Hors intersection,Normale,Autre collision,,,,,,,,,,,5,2,1,1,6
200700076897,0007-12-06 11:20:00,7,12,6,11,20,130,55,"145, MAURIAC (RUE)",,,Plein jour,En agglomération,Hors intersection,Normale,Deux véhicules - côté,,,,,,,,,,,1,2,1,1,3
200700076898,0007-12-12 17:15:00,7,12,12,17,15,130,55,"320, PRADO (AVENUE)",,,Nuit avec éclairage allumé,En agglomération,Autre intersection,Normale,Autre collision,,,,,,,,,,,5,2,9,1,6
200700076899,0007-12-10 18:00:00,7,12,10,18,0,130,55,CORDERIE (BOULEVARD DE L,,,Nuit avec éclairage allumé,En agglomération,Hors intersection,Normale,Deux véhicules - côté,,,,,,,,,,,5,2,1,1,3
200700076900,0007-12-11 21:00:00,7,12,11,21,0,130,55,"150, LIEUTAUD (COURS)",,,Nuit avec éclairage allumé,En agglomération,Intersection en X,Normale,Deux véhicules - côté,,,,,,,,,,,5,2,2,1,3
200700076901,0007-12-12 18:00:00,7,12,12,18,0,130,55,"139, CROIX ROUGE (AVENUE",,,Nuit avec éclairage allumé,En agglomération,Hors intersection,Normale,Trois véhicules et plus - en chaîne,,,,,,,,,,,5,2,1,1,4
200700076902,0007-12-19 15:10:00,7,12,19,15,10,130,55,"262, SAINT LOUP (BOULEVA",,,Plein jour,En agglomération,Hors intersection,Normale,Deux véhicules - côté,,,,,,,,,,,1,2,1,1,3
200700076903,0007-12-13 20:20:00,7,12,13,20,20,130,55,"04, LUDOVIC LEGRE (AVENU",,,Nuit avec éclairage allumé,En agglomération,Hors intersection,Normale,Deux véhicules - côté,,,,,,,,,,,5,2,1,1,3
200700076904,0007-12-12 22:30:00,7,12,12,22,30,130,55,"154, CAPELETTE (AVENUE D",,,Nuit avec éclairage allumé,En agglomération,Hors intersection,Normale,Trois véhicules et plus - en chaîne,,,,,,,,,,,5,2,1,1,4
200700076905,0007-12-06 19:00:00,7,12,6,19,0,130,55,GEORGE (RUE),,,Nuit avec éclairage allumé,En agglomération,Intersection en T,Normale,Deux véhicules - côté,,,,,,,,,,,5,2,3,1,3
200700076906,0007-12-03 06:45:00,7,12,3,6,45,130,55,CASTELLANE (PLACE),,,Nuit avec éclairage allumé,En agglomération,Giratoire,Normale,Deux véhicules - côté,,,,,,,,,,,5,2,6,1,3
200700076907,0007-12-14 07:10:00,7,12,14,7,10,130,55,"26, LIEUTAUD (COURS)",,,Crépuscule ou aube,En agglomération,Hors intersection,Normale,Sans collision,,,,,,,,,,,2,2,1,1,7
200700076908,0007-12-13 18:00:00,7,12,13,18,0,130,55,"305, LYON (RUE DE)",,,Nuit sans éclairage public,En agglomération,Hors intersection,Normale,Autre collision,,,,,,,,,,,3,2,1,1,6
200700076909,0007-12-14 08:00:00,7,12,14,8,0,130,55,LYON (RUE DE),,,Plein jour,En agglomération,Hors intersection,Normale,Autre collision,,,,,,,,,,,1,2,1,1,6
200700076910,0007-12-20 09:45:00,7,12,20,9,45,130,55,"116, POILUS (AVENUE DES)",,,Plein jour,En agglomération,Hors intersection,Normale,Autre collision,,,,,,,,,,,1,2,1,1,6
200700076911,0007-12-20 15:30:00,7,12,20,15,30,130,55,"82, CAMILLE PELLETAN (AV",,,Plein jour,En agglomération,Hors intersection,Normale,Autre collision,,,,,,,,,,,1,2,1,1,6
200700076912,0007-12-12 19:00:00,7,12,12,19,0,130,55,"176, JULES CANTINI (AVEN",,,Nuit avec éclairage allumé,En agglomération,Intersection en T,Normale,Deux véhicules - frontale,,,,,,,,,,,5,2,3,1,1
200700076913,0007-12-08 18:35:00,7,12,8,18,35,130,55,"50, ROGER SALENGRO (AVEN",,,Nuit avec éclairage allumé,En agglomération,Hors intersection,Normale,Autre collision,,,,,,,,,,,5,2,1,1,6
200700076914,0007-12-23 21:30:00,7,12,23,21,30,130,55,"29, FRANCOISE DUPARC (BO",,,Nuit avec éclairage allumé,En agglomération,Hors intersection,Pluie légère,Deux véhicules - frontale,,,,,,,,,,,5,2,1,2,1
200700076915,0007-12-11 10:00:00,7,12,11,10,0,130,55,"46, VALBARELLE (CHEMIN D",,,Plein jour,En agglomération,Hors intersection,Normale,Autre collision,,,,,,,,,,,1,2,1,1,6
200700076916,0007-12-14 14:35:00,7,12,14,14,35,130,55,"36, SAINT MARCEL (BOULEV",,,Plein jour,En agglomération,Hors intersection,Normale,Deux véhicules - arrière,,,,,,,,,,,1,2,1,1,2
200700076917,0007-12-18 18:35:00,7,12,18,18,35,130,55,"131, MIREILLE LAUZE (BOU",,,Nuit avec éclairage allumé,En agglomération,Hors intersection,Normale,Sans collision,,,,,,,,,,,5,2,1,1,7
200700076918,0007-12-13 19:10:00,7,12,13,19,10,130,55,"108-116, SAINTE MARGUERI",,,Nuit avec éclairage allumé,En agglomération,Hors intersection,Normale,Deux véhicules - frontale,,,,,,,,,,,5,2,1,1,1
200700076919,0007-12-13 12:30:00,7,12,13,12,30,130,55,JEAN MALRIEU (RUE),,,Plein jour,En agglomération,Intersection en X,Normale,Deux véhicules - côté,,,,,,,,,,,1,2,2,1,3
200700076920,0007-12-18 11:30:00,7,12,18,11,30,130,55,LYON (RUE DE),,,Plein jour,En agglomération,Hors intersection,Normale,Autre collision,,,,,,,,,,,1,2,1,1,6
200700076921,0007-12-17 13:48:00,7,12,17,13,48,130,55,"6, GOUFFE (COURS)",,,Plein jour,En agglomération,Hors intersection,Temps couvert,Deux véhicules - côté,,,,,,,,,,,1,2,1,8,3
200700076922,0007-12-17 16:15:00,7,12,17,16,15,130,55,"112, TELLENE (BOULEVARD)",,,Plein jour,En agglomération,Hors intersection,Normale,Autre collision,,,,,,,,,,,1,2,1,1,6
200700076923,0007-12-05 13:00:00,7,12,5,13,0,130,55,"35, CAPITAINE GEZE (BOUL",,,Plein jour,En agglomération,Hors intersection,Normale,Trois véhicules et plus - collisions multiples,,,,,,,,,,,1,2,1,1,5
200700076924,0007-12-19 14:40:00,7,12,19,14,40,130,55,", GARIBALDI (BOULEVARD)",,,Plein jour,En agglomération,Hors intersection,Normale,Deux véhicules - arrière,,,,,,,,,,,1,2,1,1,2
200700076925,0007-12-11 09:50:00,7,12,11,9,50,130,55,"225, PAUL CLAUDEL (BOULE",,,Plein jour,En agglomération,Hors intersection,Normale,Autre collision,,,,,,,,,,,1,2,1,1,6
200700076926,0007-12-11 09:51:00,7,12,11,9,51,130,55,MAURIAC (RUE),,,Plein jour,En agglomération,Hors intersection,Normale,Autre collision,,,,,,,,,,,1,2,1,1,6
200700076927,0007-12-03 08:50:00,7,12,3,8,50,130,55,"130, POILUS (AVENUE DES)",,,Plein jour,En agglomération,Hors intersection,Normale,Deux véhicules - frontale,,,,,,,,,,,1,2,1,1,1
200700076928,0007-12-15 04:40:00,7,12,15,4,40,130,55,"65, JOSEPH VIDAL (AVENUE",,,Nuit avec éclairage allumé,En agglomération,Hors intersection,Normale,Autre collision,,,,,,,,,,,5,2,1,1,6
200700076929,0007-12-19 07:30:00,7,12,19,7,30,130,55,"80, AUGUSTIN AUBERT (RUE",,,Plein jour,En agglomération,Autre intersection,Normale,Autre collision,,,,,,,,,,,1,2,9,1,6
200700076930,0007-12-20 08:20:00,7,12,20,8,20,130,55,MAZARGUES (AVENUE DE),,,Plein jour,En agglomération,Hors intersection,Normale,Deux véhicules - frontale,,,,,,,,,,,1,2,1,1,1
200700076931,0007-12-09 18:30:00,7,12,9,18,30,130,55,RABATAU (BOULEVARD),,,Nuit avec éclairage allumé,En agglomération,Intersection en T,Normale,Trois véhicules et plus - collisions multiples,,,,,,,,,,,5,2,3,1,5
200700076932,0007-12-24 19:30:00,7,12,24,19,30,130,55,BELLE DE MAI (RUE),,,Nuit avec éclairage allumé,En agglomération,Intersection en T,Normale,Deux véhicules - côté,,,,,,,,,,,5,2,3,1,3
200700076933,0007-12-21 20:21:00,7,12,21,20,21,130,55,"79, REDON (BOULEVARD DU)",,,Nuit avec éclairage allumé,En agglomération,Hors intersection,Normale,Autre collision,,,,,,,,,,,5,2,1,1,6
200700076934,0007-12-18 14:50:00,7,12,18,14,50,130,55,"3, MARÉCHAL DE LATTRE (A",,,Plein jour,En agglomération,Hors intersection,Normale,Autre collision,,,,,,,,,,,1,2,1,1,6
200700076935,0007-12-14 11:20:00,7,12,14,11,20,130,55,"95, CAILLOLS (AVENUE DES",,,Plein jour,En agglomération,Hors intersection,Normale,Deux véhicules - arrière,,,,,,,,,,,1,2,1,1,2
200700076936,0007-12-21 06:45:00,7,12,21,6,45,130,55,"150, CAMOINS (AVENUE DES",,,Crépuscule ou aube,En agglomération,Hors intersection,Normale,Autre collision,,,,,,,,,,,2,2,1,1,6
200700076937,0007-12-23 18:45:00,7,12,23,18,45,130,55,"2, LIBERTE (BOULEVARD DE",,,Nuit avec éclairage allumé,En agglomération,Hors intersection,Normale,Autre collision,,,,,,,,,,,5,2,1,1,6
200700076938,0007-12-15 14:50:00,7,12,15,14,50,130,55,CAMAS (RUE DU),,,Plein jour,En agglomération,Intersection en X,Normale,Autre collision,,,,,,,,,,,1,2,2,1,6
200700076939,0007-12-22 22:25:00,7,12,22,22,25,130,55,"36, SAINT MARCEL (BOULEV",,,Nuit avec éclairage allumé,En agglomération,Hors intersection,Pluie légère,Deux véhicules - frontale,,,,,,,,,,,5,2,1,2,1