accident_id,datetime,annee,mois,jour,heure,minute,departement,commune_insee,adresse,latitude,longitude,luminosite,agglomeration,intersection,meteo,collision,nb_vehicules,nb_usagers,nb_indemnes,nb_tues,nb_blesses_hosp,nb_blesses_legers,age_cond_1,age_cond_2,veh_type_cond_1,veh_type_cond_2,lum_code,agg_code,int_code,atm_code,col_code
200700077323,0007-12-18 18:55:00,7,12,18,18,55,290,19,"., LE GORGEU (SANS N° EN",,,Nuit avec éclairage allumé,En agglomération,Hors intersection,Normale,Autre collision,,,,,,,,,,,5,2,1,1,6
200700077324,0007-12-18 14:00:00,7,12,18,14,0,290,19,"., MONTAIGNE (DE 39 A 11",,,Plein jour,En agglomération,Intersection en T,Normale,Deux véhicules - côté,,,,,,,,,,,1,2,3,1,3
200700077325,0007-12-19 13:06:00,7,12,19,13,6,290,19,"116, VERDUN (DE 53 A 199",,,Plein jour,En agglomération,Hors intersection,Normale,Autre collision,,,,,,,,,,,1,2,1,1,6
200700077326,0007-12-20 21:10:00,7,12,20,21,10,290,19,"59 Bis, CORDON FRANCOIS",,,Nuit avec éclairage allumé,En agglomération,Hors intersection,Normale,Autre collision,,,,,,,,,,,5,2,1,1,6
200700077327,0007-12-21 09:00:00,7,12,21,9,0,290,19,"., REPUBLIQUE (19 ET 30",,,Plein jour,En agglomération,Intersection en X,Normale,Deux véhicules - côté,,,,,,,,,,,1,2,2,1,3
200700077328,0007-12-22 21:55:00,7,12,22,21,55,290,19,"45, PORTE (DE 1 A 75 ET",,,Nuit avec éclairage allumé,En agglomération,Hors intersection,Pluie légère,Trois véhicules et plus - en chaîne,,,,,,,,,,,5,2,1,2,4
200700077329,0007-12-25 18:00:00,7,12,25,18,0,290,19,"51, MOULIN JEAN (DE 11 A",,,Nuit avec éclairage allumé,En agglomération,Hors intersection,Normale,Autre collision,,,,,,,,,,,5,2,1,1,6
200700077330,0007-12-28 03:40:00,7,12,28,3,40,290,19,"30, HARTELOIRE (PONT)",,,Nuit avec éclairage allumé,Hors agglomération,Autre intersection,Normale,Autre collision,,,,,,,,,,,5,1,9,1,6
200700077331,0007-12-28 16:30:00,7,12,28,16,30,290,19,"., HUGO VICTOR (DE 1 A 1",,,Nuit avec éclairage allumé,En agglomération,Hors intersection,Normale,Autre collision,,,,,,,,,,,5,2,1,1,6
200700077332,0007-12-12 18:00:00,7,12,12,18,0,290,39,RD 783 BEUZEC,,,Nuit sans éclairage public,Hors agglomération,Intersection en X,Normale,Deux véhicules - côté,,,,,,,,,,,3,1,2,1,3
200700077333,0007-12-05 10:00:00,7,12,5,10,0,290,151,SCORNET (PLACE FRANCOIS),,,Plein jour,En agglomération,Hors intersection,Normale,Autre collision,,,,,,,,,,,1,2,1,1,6
200700077334,0007-12-03 17:50:00,7,12,3,17,50,290,51,"0, ROUILLEN",,,Nuit avec éclairage allumé,Hors agglomération,Hors intersection,Normale,Autre collision,,,,,,,,,,,5,1,1,1,6
200700077335,0007-12-05 18:20:00,7,12,5,18,20,290,232,"0, BENODET ROUTE DE",,,Nuit sans éclairage public,Hors agglomération,Intersection en T,Pluie légère,Autre collision,,,,,,,,,,,3,1,3,2,6
200700077336,0007-12-13 08:45:00,7,12,13,8,45,290,232,"0, FRANCE LIBRE  AVENUE",,,Plein jour,En agglomération,Hors intersection,Normale,Autre collision,,,,,,,,,,,1,2,1,1,6
200700077337,0007-12-14 00:42:00,7,12,14,0,42,290,232,"2 et 4, SPORTS AVENUE DE",,,Nuit avec éclairage allumé,Hors agglomération,Hors intersection,Normale,Autre collision,,,,,,,,,,,5,1,1,1,6
200700077338,0007-12-15 00:15:00,7,12,15,0,15,290,51,"0, CORAY ROUTE DE",,,Nuit sans éclairage public,Hors agglomération,Hors intersection,Normale,Autre collision,,,,,,,,,,,3,1,1,1,6
200700077339,0007-12-13 17:55:00,7,12,13,17,55,300,7,CASSIN (RUE RENE),,,Nuit sans éclairage public,En agglomération,Hors intersection,Autre,Autre collision,,,,,,,,,,,3,2,1,9,6
200700077340,0007-12-25 14:55:00,7,12,25,14,55,300,7,GUESDE (AVE JULES),,,Plein jour,En agglomération,Hors intersection,Normale,Deux véhicules - côté,,,,,,,,,,,1,2,1,1,3
200700077341,0007-12-05 07:45:00,7,12,5,7,45,300,7,"983, CASSIN (RUE RENE)",,,Crépuscule ou aube,En agglomération,Hors intersection,Normale,Deux véhicules - arrière,,,,,,,,,,,2,2,1,1,2
200700077342,0007-12-14 19:30:00,7,12,14,19,30,300,7,"., KILMARNOCK (QUAI)",,,Nuit avec éclairage allumé,Hors agglomération,Giratoire,Normale,Deux véhicules - côté,,,,,,,,,,,5,1,6,1,3
200700077343,0007-12-18 21:15:00,7,12,18,21,15,300,28,"20, MAYRE (AVENUE DE LA)",,,Nuit avec éclairage allumé,En agglomération,Intersection en T,Normale,Deux véhicules - côté,,,,,,,,,,,5,2,3,1,3
200700077344,0007-12-26 12:50:00,7,12,26,12,50,300,28,"45, EUROPE (AVENUE DE L'",,,Plein jour,En agglomération,Hors intersection,Normale,Deux véhicules - côté,,,,,,,,,,,1,2,1,1,3
200700077345,0007-12-09 04:55:00,7,12,9,4,55,300,32,ROUTE DE BELLEGARDE (C.D,,,Nuit sans éclairage public,Hors agglomération,Hors intersection,Normale,Sans collision,,,,,,,,,,,3,1,1,1,7
200700077346,0007-12-11 08:00:00,7,12,11,8,0,300,32,ROUTE DE FOURQUES,,,Plein jour,Hors agglomération,Giratoire,Normale,Sans collision,,,,,,,,,,,1,1,6,1,7
200700077347,0007-12-14 15:25:00,7,12,14,15,25,300,32,ROCADE (DPT90),,,Plein jour,Hors agglomération,Hors intersection,Normale,Deux véhicules - arrière,,,,,,,,,,,1,1,1,1,2
200700077348,0007-12-20 18:55:00,7,12,20,18,55,300,32,GENERAL DE GAULLE (QUAI),,,Nuit avec éclairage allumé,En agglomération,Hors intersection,Normale,Autre collision,,,,,,,,,,,5,2,1,1,6
200700077349,0007-12-12 09:15:00,7,12,12,9,15,300,189,"., HUGO VICTOR (BOULEVAR",43.82683,4.36118,Plein jour,En agglomération,Autre intersection,Normale,Sans collision,,,,,,,,,,,1,2,9,1,7
200700077350,0007-12-01 10:00:00,7,12,1,10,0,300,189,"..., JAURES JEAN (BOULEV",43.82237,4.3514,Plein jour,En agglomération,Hors intersection,Normale,Autre collision,,,,,,,,,,,1,2,1,1,6
200700077351,0007-12-01 11:42:00,7,12,1,11,42,300,189,"., GAMEL PIERRE (AVENUE)",43.82831,4.35972,Plein jour,En agglomération,Hors intersection,Normale,Sans collision,,,,,,,,,,,1,2,1,1,7
200700077352,0007-12-02 11:51:00,7,12,2,11,51,300,189,"47, FAITA VINCENT (RUE)",43.84736,4.37,Plein jour,En agglomération,Hors intersection,Normale,Trois véhicules et plus - en chaîne,,,,,,,,,,,1,2,1,1,4
200700077353,0007-12-02 12:13:00,7,12,2,12,13,300,189,"..., NATOIRE (BOULEVARD)",,,Plein jour,En agglomération,Intersection en T,Normale,Deux véhicules - frontale,,,,,,,,,,,1,2,3,1,1
200700077354,0007-12-03 18:25:00,7,12,3,18,25,300,189,"115, UZES (ROUTE D')",43.85456,4.37969,Nuit avec éclairage allumé,En agglomération,Hors intersection,Normale,Deux véhicules - arrière,,,,,,,,,,,5,2,1,1,2
200700077355,0007-12-04 08:58:00,7,12,4,8,58,300,189,"., AVIGNON (ANCIENNE ROU",43.84731,4.39554,Plein jour,En agglomération,Hors intersection,Normale,Sans collision,,,,,,,,,,,1,2,1,1,7
200700077356,0007-12-05 00:16:00,7,12,5,0,16,300,189,"..., POMPIDOU GEORGES (A",,,Nuit avec éclairage allumé,En agglomération,Hors intersection,Normale,Trois véhicules et plus - collisions multiples,,,,,,,,,,,5,2,1,1,5
200700077357,0007-12-06 18:00:00,7,12,6,18,0,300,189,"...., BEAUCAIRE (ROUTE)",,,Nuit sans éclairage public,En agglomération,Giratoire,Normale,Autre collision,,,,,,,,,,,3,2,6,1,6
200700077358,0007-12-06 21:35:00,7,12,6,21,35,300,189,"23, SEMARD PIERRE (RUE)",43.8394,4.36636,Nuit avec éclairage allumé,En agglomération,Hors intersection,Normale,Sans collision,,,,,,,,,,,5,2,1,1,7
200700077359,0007-12-07 16:15:00,7,12,7,16,15,300,189,"12, FEUCHERES (AVENUE)",43.83307,7.36532,Plein jour,En agglomération,Hors intersection,Normale,Autre collision,,,,,,,,,,,1,2,1,1,6
200700077360,0007-12-07 18:43:00,7,12,7,18,43,300,189,"...., BRUXELLES (BOULEVA",43.83424,4.36167,Nuit avec éclairage allumé,En agglomération,Hors intersection,Normale,Autre collision,,,,,,,,,,,5,2,1,1,6
200700077361,0007-12-08 11:00:00,7,12,8,11,0,300,189,"4467, KENNEDY (AVENUE)",43.81519,4.30427,Plein jour,En agglomération,Hors intersection,Normale,Deux véhicules - frontale,,,,,,,,,,,1,2,1,1,1
200700077362,0007-12-09 15:07:00,7,12,9,15,7,300,189,"14, TRIAIRE SERGENT (BOU",,,Plein jour,En agglomération,Hors intersection,Normale,Sans collision,,,,,,,,,,,1,2,1,1,7
200700077363,0007-12-10 14:10:00,7,12,10,14,10,300,189,"03, FAITA VINCENT (RUE)",43.84047,4.36535,Plein jour,En agglomération,Hors intersection,Normale,Autre collision,,,,,,,,,,,1,2,1,1,6
200700077364,0007-12-11 19:23:00,7,12,11,19,23,300,189,"....., ALLENDE SALVADOR",43.81808,4.34806,Nuit avec éclairage allumé,En agglomération,Hors intersection,Normale,Deux véhicules - arrière,,,,,,,,,,,5,2,1,1,2
200700077365,0007-12-13 02:20:00,7,12,13,2,20,300,189,"6580, SAUVE (ROUTE)",43.84496,4.28653,Nuit sans éclairage public,En agglomération,Hors intersection,Normale,Sans collision,,,,,,,,,,,3,2,1,1,7
200700077366,0007-12-13 15:02:00,7,12,13,15,2,300,189,"..., BASTIE MARYSE (RUE)",,,Plein jour,En agglomération,Intersection en T,Normale,Deux véhicules - côté,,,,,,,,,,,1,2,3,1,3
200700077367,0007-12-13 15:06:00,7,12,13,15,6,300,189,"...., KENNEDY (AVENUE)",,,Plein jour,En agglomération,Intersection en X,Normale,Deux véhicules - côté,,,,,,,,,,,1,2,2,1,3
200700077368,0007-12-13 22:21:00,7,12,13,22,21,300,189,"..., PARKING GEANT CASIN",43.81152,4.36416,Nuit avec éclairage allumé,En agglomération,Hors intersection,Normale,Autre collision,,,,,,,,,,,5,2,1,1,6
200700077369,0007-12-10 11:30:00,7,12,10,11,30,300,189,"49 BIS, TALABOT (BOULEVA",,,Plein jour,En agglomération,Hors intersection,Normale,Autre collision,,,,,,,,,,,1,2,1,1,6
200700077370,0007-12-14 09:29:00,7,12,14,9,29,300,189,"13, SULLY (RUE)",43.81514,4.3043,Plein jour,En agglomération,Hors intersection,Normale,Autre collision,,,,,,,,,,,1,2,1,1,6
200700077371,0007-12-14 18:39:00,7,12,14,18,39,300,189,"..., SOUS FONT DAME (CHE",43.80505,4.33669,Crépuscule ou aube,En agglomération,Intersection en X,Normale,Deux véhicules - côté,,,,,,,,,,,2,2,2,1,3
200700077372,0007-12-15 19:31:00,7,12,15,19,31,300,189,"83, SAUVE (ROUTE)",43.83663,4.33757,Nuit avec éclairage allumé,En agglomération,Hors intersection,Normale,Autre collision,,,,,,,,,,,5,2,1,1,6
200700077373,0007-12-17 08:43:00,7,12,17,8,43,300,189,"., SIMON ANDRE (RUE)",43.82552,4.3604,Plein jour,En agglomération,Hors intersection,Normale,Autre collision,,,,,,,,,,,1,2,1,1,6
200700077374,0007-12-17 11:22:00,7,12,17,11,22,300,189,"..., ATON BERNARD (RUE)",43.83081,4.3611,Plein jour,En agglomération,Intersection en T,Normale,Deux véhicules - côté,,,,,,,,,,,1,2,3,1,3
200700077375,0007-12-17 15:27:00,7,12,17,15,27,300,189,"07, PERRIER GENERAL (RUE",43.83889,4.35743,Plein jour,En agglomération,Hors intersection,Normale,Autre collision,,,,,,,,,,,1,2,1,1,6
200700077376,0007-12-17 18:25:00,7,12,17,18,25,300,189,"..., REINACH SALOMON (RU",43.83257,4.38026,Nuit avec éclairage allumé,En agglomération,Giratoire,Normale,Deux véhicules - côté,,,,,,,,,,,5,2,6,1,3
200700077377,0007-12-18 12:24:00,7,12,18,12,24,300,189,BELLINI (RUE),,,Plein jour,En agglomération,Hors intersection,Normale,Autre collision,,,,,,,,,,,1,2,1,1,6
200700077378,0007-12-20 17:50:00,7,12,20,17,50,300,189,TRIAIRE SERGENT (BOULEVA,,,Nuit avec éclairage allumé,En agglomération,Intersection en T,Normale,Autre collision,,,,,,,,,,,5,2,3,1,6
200700077379,0007-12-21 07:35:00,7,12,21,7,35,300,189,"11, VERDUN (RUE)",,,Crépuscule ou aube,En agglomération,Hors intersection,Normale,Autre collision,,,,,,,,,,,2,2,1,1,6
200700077380,0007-12-21 10:30:00,7,12,21,10,30,300,189,11 NOVEMBRE 1918 (SQUARE,43.83467,4.36084,Plein jour,En agglomération,Hors intersection,Normale,Autre collision,,,,,,,,,,,1,2,1,1,6
200700077381,0007-12-21 20:04:00,7,12,21,20,4,300,189,LIBERATION (BOULEVARD),43.83309,4.3548,Nuit avec éclairage allumé,En agglomération,Intersection en X,Normale,Deux véhicules - côté,,,,,,,,,,,5,2,2,1,3
200700077382,0007-12-22 12:30:00,7,12,22,12,30,300,189,VERDET (RUE),,,Plein jour,En agglomération,Intersection en T,Pluie légère,Deux véhicules - côté,,,,,,,,,,,1,2,3,2,3
200700077383,0007-12-22 13:05:00,7,12,22,13,5,300,189,MITTERAND FRANCOIS (AVEN,43.81285,4.36557,Plein jour,En agglomération,Hors intersection,Pluie légère,Deux véhicules - arrière,,,,,,,,,,,1,2,1,2,2
200700077384,0007-12-23 09:29:00,7,12,23,9,29,300,189,"., GENERAC (ROUTE)",43.75654,4.34322,Plein jour,Hors agglomération,Hors intersection,Normale,Sans collision,,,,,,,,,,,1,1,1,1,7
200700077385,0007-12-23 17:04:00,7,12,23,17,4,300,189,FRANCAIS LIBRES (BD),43.8309,4.32288,Nuit sans éclairage public,En agglomération,Hors intersection,Normale,Deux véhicules - arrière,,,,,,,,,,,3,2,1,1,2
200700077386,0007-12-26 19:29:00,7,12,26,19,29,300,189,"., JAURES JEAN (BOULEVAR",43.83503,4.35067,Nuit avec éclairage allumé,En agglomération,Hors intersection,Normale,Autre collision,,,,,,,,,,,5,2,1,1,6
200700077387,0007-12-27 14:35:00,7,12,27,14,35,300,189,JAURES JEAN (BOULEVARD),,,Plein jour,En agglomération,Intersection en T,Normale,Deux véhicules - côté,,,,,,,,,,,1,2,3,1,3
200700077388,0007-12-27 16:45:00,7,12,27,16,45,300,189,"., MITTERAND FRANCOIS (A",43.81458,4.36384,Plein jour,En agglomération,Hors intersection,Normale,Trois véhicules et plus - en chaîne,,,,,,,,,,,1,2,1,1,4
200700077389,0007-12-28 20:09:00,7,12,28,20,9,300,189,POULX (ROUTE DE),43.8829,4.41681,Nuit sans éclairage public,Hors agglomération,Hors intersection,Normale,Sans collision,,,,,,,,,,,3,1,1,1,7
200700077390,0007-12-29 05:30:00,7,12,29,5,30,300,189,"12, FAITA VINCENT (RUE)",43.82702,4.36113,Nuit avec éclairage allumé,En agglomération,Hors intersection,Normale,Autre collision,,,,,,,,,,,5,2,1,1,6
200700077391,0007-12-30 11:07:00,7,12,30,11,7,300,189,"..., SOUS FONT DAME (CHE",43.87019,4.40815,Plein jour,En agglomération,Hors intersection,Normale,Sans collision,,,,,,,,,,,1,2,1,1,7
200700077392,0007-12-30 14:40:00,7,12,30,14,40,300,189,"., SAUVE (ROUTE)",43.83113,4.35066,Plein jour,En agglomération,Hors intersection,Normale,Deux véhicules - arrière,,,,,,,,,,,1,2,1,1,2
200700077393,0007-12-06 08:30:00,7,12,6,8,30,300,351,MARECHAUX CARREFOUR DES,,,Plein jour,En agglomération,Intersection à plus de 4 branches,Normale,Deux véhicules - arrière,,,,,,,,,,,1,2,5,1,2
200700077394,0007-12-06 17:25:00,7,12,6,17,25,300,351,"20, CEZANNE ALLEE",,,Nuit avec éclairage non allumé,En agglomération,Hors intersection,Normale,Deux véhicules - frontale,,,,,,,,,,,4,2,1,1,1
200700077395,0007-12-21 08:05:00,7,12,21,8,5,300,351,", MISTRAL BOULEVARD FRED",,,Crépuscule ou aube,Hors agglomération,Hors intersection,Normale,Autre collision,,,,,,,,,,,2,1,1,1,6
200700077396,0007-12-01 07:55:00,7,12,1,7,55,310,69,"198 ter, GRENADE (ROUTE",,,Plein jour,En agglomération,Hors intersection,Normale,Sans collision,,,,,,,,,,,1,2,1,1,7
200700077397,0007-12-06 15:20:00,7,12,6,15,20,310,69,"2, PARC (AV DU)",,,Plein jour,En agglomération,Hors intersection,Normale,Autre collision,,,,,,,,,,,1,2,1,1,6
200700077398,0007-12-15 19:05:00,7,12,15,19,5,310,69,"22 TAMARIS, VELASQUEZ (R",,,Nuit avec éclairage allumé,En agglomération,Hors intersection,Normale,Sans collision,,,,,,,,,,,5,2,1,1,7
200700077399,0007-12-27 16:45:00,7,12,27,16,45,310,69,"01, STRAUSS (RUE FRANZ J",,,Plein jour,En agglomération,Hors intersection,Normale,Sans collision,,,,,,,,,,,1,2,1,1,7
200700077400,0007-12-02 11:15:00,7,12,2,11,15,310,149,"17, AUCH (RUE D')",,,Plein jour,En agglomération,Hors intersection,Normale,Autre collision,,,,,,,,,,,1,2,1,1,6
200700077401,0007-12-03 11:34:00,7,12,3,11,34,310,149,"999, CORNEBARRIEU (ROUTE",,,Plein jour,En agglomération,Hors intersection,Pluie légère,Autre collision,,,,,,,,,,,1,2,1,2,6
200700077402,0007-12-17 07:15:00,7,12,17,7,15,310,149,"999, EN SIGAL (CHEMIN D'",,,Crépuscule ou aube,En agglomération,Hors intersection,Normale,Sans collision,,,,,,,,,,,2,2,1,1,7
200700077403,0007-12-28 15:20:00,7,12,28,15,20,310,149,GASCOGNE (BOULEVARD DE),,,Plein jour,En agglomération,Intersection en T,Normale,Deux véhicules - côté,,,,,,,,,,,1,2,3,1,3
200700077404,0007-12-09 20:50:00,7,12,9,20,50,310,483,"13, MARSOULAS ( RUE DE )",,,Nuit avec éclairage allumé,En agglomération,Hors intersection,Pluie forte,Autre collision,,,,,,,,,,,5,2,1,3,6
200700077405,0007-12-01 11:30:00,7,12,1,11,30,310,555,"163, AV DES MINIMES",,,Plein jour,En agglomération,Hors intersection,Normale,Deux véhicules - côté,,,,,,,,,,,1,2,1,1,3
200700077406,0007-12-01 15:50:00,7,12,1,15,50,310,555,VA007306 A64,,,Plein jour,Hors agglomération,Hors intersection,Pluie légère,Trois véhicules et plus - collisions multiples,,,,,,,,,,,1,1,1,2,5
200700077407,0007-12-01 17:47:00,7,12,1,17,47,310,555,"7, AV DE LYON",,,Nuit avec éclairage allumé,En agglomération,Hors intersection,Pluie légère,Autre collision,,,,,,,,,,,5,2,1,2,6
200700077408,0007-12-02 02:25:00,7,12,2,2,25,310,555,VA001490 A621,,,Plein jour,Hors agglomération,Hors intersection,Pluie légère,Autre collision,,,,,,,,,,,1,1,1,2,6
200700077409,0007-12-02 14:00:00,7,12,2,14,0,310,555,"324, RTE DE LAUNAGUET",,,Plein jour,En agglomération,Hors intersection,Normale,Deux véhicules - arrière,,,,,,,,,,,1,2,1,1,2
200700077410,0007-12-02 11:20:00,7,12,2,11,20,310,555,"48, AV DE LOMBEZ",,,Plein jour,En agglomération,Hors intersection,Normale,Deux véhicules - côté,,,,,,,,,,,1,2,1,1,3
200700077411,0007-12-03 07:15:00,7,12,3,7,15,310,555,"32, PORT SAINT ETIENNE",,,Nuit avec éclairage allumé,En agglomération,Hors intersection,Pluie légère,Deux véhicules - arrière,,,,,,,,,,,5,2,1,2,2
200700077412,0007-12-03 07:30:00,7,12,3,7,30,310,555,VA007553 A61,,,Nuit avec éclairage allumé,Hors agglomération,Hors intersection,Normale,Trois véhicules et plus - collisions multiples,,,,,,,,,,,5,1,1,1,5
200700077413,0007-12-03 08:00:00,7,12,3,8,0,310,555,VA001490 A621,,,Nuit avec éclairage allumé,Hors agglomération,Hors intersection,Pluie légère,Deux véhicules - arrière,,,,,,,,,,,5,1,1,2,2
200700077414,0007-12-03 11:00:00,7,12,3,11,0,310,555,"999, AV JEAN RIEUX",,,Plein jour,En agglomération,Hors intersection,Pluie légère,Deux véhicules - côté,,,,,,,,,,,1,2,1,2,3
200700077415,0007-12-03 12:00:00,7,12,3,12,0,310,555,"999, AV LARRIEU THIBAUD",,,Plein jour,En agglomération,Hors intersection,Normale,Trois véhicules et plus - collisions multiples,,,,,,,,,,,1,2,1,1,5
200700077416,0007-12-03 12:15:00,7,12,3,12,15,310,555,VA007644 EMPALOT A620 So,,,Plein jour,Hors agglomération,Hors intersection,Normale,Deux véhicules - côté,,,,,,,,,,,1,1,1,1,3
200700077417,0007-12-03 12:59:00,7,12,3,12,59,310,555,VA007331 A620,,,Plein jour,Hors agglomération,Hors intersection,Pluie légère,Trois véhicules et plus - collisions multiples,,,,,,,,,,,1,1,1,2,5
200700077418,0007-12-04 03:40:00,7,12,4,3,40,310,555,VA001490 A621,,,Nuit avec éclairage allumé,Hors agglomération,Hors intersection,Pluie légère,Autre collision,,,,,,,,,,,5,1,1,2,6
200700077419,0007-12-04 08:15:00,7,12,4,8,15,310,555,VA007493 LES IZARDS A62,,,Plein jour,Hors agglomération,Hors intersection,Pluie légère,Deux véhicules - côté,,,,,,,,,,,1,1,1,2,3
200700077420,0007-12-04 13:40:00,7,12,4,13,40,310,555,"999, AV DE CASTRES",,,Plein jour,En agglomération,Hors intersection,Pluie légère,Deux véhicules - côté,,,,,,,,,,,1,2,1,2,3
200700077421,0007-12-04 20:00:00,7,12,4,20,0,310,555,"999, AV DE FRONTON",,,Nuit avec éclairage allumé,En agglomération,Hors intersection,Pluie légère,Deux véhicules - côté,,,,,,,,,,,5,2,1,2,3
200700077422,0007-12-05 08:05:00,7,12,5,8,5,310,555,"114, AV CAMILLE PUJOL",,,Plein jour,En agglomération,Hors intersection,Pluie légère,Deux véhicules - côté,,,,,,,,,,,1,2,1,2,3
200700077423,0007-12-05 12:00:00,7,12,5,12,0,310,555,"999, AV DES ETATS UNIS",,,Plein jour,En agglomération,Hors intersection,Temps couvert,Deux véhicules - côté,,,,,,,,,,,1,2,1,8,3
200700077424,0007-12-05 15:37:00,7,12,5,15,37,310,555,"999, BD DE STRASBOURG",,,Plein jour,En agglomération,Hors intersection,Normale,Deux véhicules - côté,,,,,,,,,,,1,2,1,1,3
200700077425,0007-12-05 17:20:00,7,12,5,17,20,310,555,"999, RTE DE NARBONNE",,,Nuit avec éclairage allumé,En agglomération,Hors intersection,Brouillard / fumée,Deux véhicules - côté,,,,,,,,,,,5,2,1,5,3
200700077426,0007-12-05 18:54:00,7,12,5,18,54,310,555,"999, AV DES ETATS UNIS",,,Nuit avec éclairage allumé,En agglomération,Intersection en T,Pluie légère,Deux véhicules - côté,,,,,,,,,,,5,2,3,2,3
200700077427,0007-12-05 19:34:00,7,12,5,19,34,310,555,"999, RTE DE NARBONNE",,,Nuit avec éclairage allumé,En agglomération,Hors intersection,Temps couvert,Deux véhicules - côté,,,,,,,,,,,5,2,1,8,3
200700077428,0007-12-05 19:55:00,7,12,5,19,55,310,555,"144, RUE BONNAT",,,Nuit avec éclairage allumé,En agglomération,Hors intersection,Pluie légère,Autre collision,,,,,,,,,,,5,2,1,2,6
200700077429,0007-12-06 12:15:00,7,12,6,12,15,310,555,"999, RTE D AGDE",,,Plein jour,En agglomération,Hors intersection,Normale,Deux véhicules - frontale,,,,,,,,,,,1,2,1,1,1
200700077430,0007-12-06 09:43:00,7,12,6,9,43,310,555,"2, BD GRIFFOUL DORVAL",,,Plein jour,En agglomération,Hors intersection,Temps couvert,Deux véhicules - frontale,,,,,,,,,,,1,2,1,8,1
200700077431,0007-12-06 14:00:00,7,12,6,14,0,310,555,"999, RUE DU POLE",,,Plein jour,En agglomération,Hors intersection,Normale,Deux véhicules - arrière,,,,,,,,,,,1,2,1,1,2
200700077432,0007-12-08 06:15:00,7,12,8,6,15,310,555,"999, PONT SAINT MICHEL",,,Nuit avec éclairage allumé,En agglomération,Hors intersection,Pluie légère,Deux véhicules - arrière,,,,,,,,,,,5,2,1,2,2
200700077433,0007-12-06 20:00:00,7,12,6,20,0,310,555,"236, AV JEAN RIEUX",,,Nuit avec éclairage allumé,En agglomération,Hors intersection,Normale,Autre collision,,,,,,,,,,,5,2,1,1,6
200700077434,0007-12-07 13:40:00,7,12,7,13,40,310,555,"48, AV DES ETATS UNIS",,,Plein jour,En agglomération,Hors intersection,Pluie légère,Deux véhicules - côté,,,,,,,,,,,1,2,1,2,3
200700077435,0007-12-07 17:35:00,7,12,7,17,35,310,555,VA001490 A621,,,Crépuscule ou aube,Hors agglomération,Hors intersection,Pluie légère,Trois véhicules et plus - collisions multiples,,,,,,,,,,,2,1,1,2,5
200700077436,0007-12-07 05:25:00,7,12,7,5,25,310,555,"999, AV DES MINIMES",,,Nuit avec éclairage allumé,En agglomération,Hors intersection,Normale,Deux véhicules - frontale,,,,,,,,,,,5,2,1,1,1
200700077437,0007-12-07 23:14:00,7,12,7,23,14,310,555,"14, AV ETIENNE BILLIERES",,,Nuit avec éclairage allumé,En agglomération,Hors intersection,Pluie légère,Autre collision,,,,,,,,,,,5,2,1,2,6
200700077438,0007-12-08 08:23:00,7,12,8,8,23,310,555,VA007331 A620,,,Plein jour,Hors agglomération,Hors intersection,Normale,Autre collision,,,,,,,,,,,1,1,1,1,6
200700077439,0007-12-08 05:08:00,7,12,8,5,8,310,555,VA001490 A621,,,Nuit avec éclairage allumé,Hors agglomération,Hors intersection,Normale,Autre collision,,,,,,,,,,,5,1,1,1,6
200700077440,0007-12-08 11:50:00,7,12,8,11,50,310,555,"22, BD DE BONREPOS",,,Plein jour,En agglomération,Hors intersection,Normale,Autre collision,,,,,,,,,,,1,2,1,1,6
200700077441,0007-12-08 18:00:00,7,12,8,18,0,310,555,"999, RUE EDOUARD LARTET",,,Nuit avec éclairage allumé,En agglomération,Intersection en X,Pluie légère,Deux véhicules - côté,,,,,,,,,,,5,2,2,2,3
200700077442,0007-12-08 15:10:00,7,12,8,15,10,310,555,"2, CHE DE GABARDIE",,,Plein jour,En agglomération,Hors intersection,Normale,Autre collision,,,,,,,,,,,1,2,1,1,6
200700077443,0007-12-08 21:08:00,7,12,8,21,8,310,555,VA007355 PURPAN A620 Sor,,,Nuit avec éclairage allumé,Hors agglomération,Hors intersection,Pluie forte,Trois véhicules et plus - en chaîne,,,,,,,,,,,5,1,1,3,4
200700077444,0007-12-08 18:30:00,7,12,8,18,30,310,555,"999, RUE ELVIRE",,,Nuit avec éclairage allumé,En agglomération,Intersection en T,Pluie légère,Autre collision,,,,,,,,,,,5,2,3,2,6
200700077445,0007-12-09 07:00:00,7,12,9,7,0,310,555,"49-51, AV ANTOINE DE ST",,,Crépuscule ou aube,En agglomération,Hors intersection,Pluie légère,Autre collision,,,,,,,,,,,2,2,1,2,6
200700077446,0007-12-09 10:00:00,7,12,9,10,0,310,555,VA001490 A621,,,Plein jour,Hors agglomération,Hors intersection,Pluie légère,Autre collision,,,,,,,,,,,1,1,1,2,6
200700077447,0007-12-09 14:45:00,7,12,9,14,45,310,555,"999, AV DE LATTRE DE TAS",,,Plein jour,En agglomération,Hors intersection,Pluie forte,Deux véhicules - frontale,,,,,,,,,,,1,2,1,3,1
200700077448,0007-12-10 06:15:00,7,12,10,6,15,310,555,VA007331 A620,,,Nuit avec éclairage allumé,Hors agglomération,Hors intersection,Pluie légère,Autre collision,,,,,,,,,,,5,1,1,2,6