accident_id,datetime,annee,mois,jour,heure,minute,departement,commune_insee,adresse,latitude,longitude,luminosite,agglomeration,intersection,meteo,collision,nb_vehicules,nb_usagers,nb_indemnes,nb_tues,nb_blesses_hosp,nb_blesses_legers,age_cond_1,age_cond_2,veh_type_cond_1,veh_type_cond_2,lum_code,agg_code,int_code,atm_code,col_code
200700077580,0007-12-16 01:15:00,7,12,16,1,15,330,63,"178, RUE GENERAL DE LARM",,,Nuit avec éclairage allumé,En agglomération,Hors intersection,Normale,Deux véhicules - côté,,,,,,,,,,,5,2,1,1,3
200700077581,0007-12-15 13:20:00,7,12,15,13,20,330,63,"102, CRS DE VERDUN",,,Plein jour,En agglomération,Hors intersection,Normale,Deux véhicules - arrière,,,,,,,,,,,1,2,1,1,2
200700077582,0007-12-15 03:20:00,7,12,15,3,20,330,63,"280, CRS DE LA SOMME",,,Nuit avec éclairage allumé,En agglomération,Hors intersection,Normale,Autre collision,,,,,,,,,,,5,2,1,1,6
200700077583,0007-12-14 13:39:00,7,12,14,13,39,330,63,AVE DE NONTRASTE,,,Plein jour,En agglomération,Hors intersection,Normale,Trois véhicules et plus - en chaîne,,,,,,,,,,,1,2,1,1,4
200700077584,0007-12-14 15:40:00,7,12,14,15,40,330,63,"32, RUE JULES BADAL",,,Plein jour,En agglomération,Hors intersection,Normale,Deux véhicules - frontale,,,,,,,,,,,1,2,1,1,1
200700077585,0007-12-15 16:40:00,7,12,15,16,40,330,63,QUAI DE LA SOUYS,,,Nuit avec éclairage allumé,En agglomération,Hors intersection,Normale,Trois véhicules et plus - en chaîne,,,,,,,,,,,5,2,1,1,4
200700077586,0007-12-14 10:00:00,7,12,14,10,0,330,63,"44, CRS DE VERDUN",,,Plein jour,En agglomération,Hors intersection,Normale,Deux véhicules - côté,,,,,,,,,,,1,2,1,1,3
200700077587,0007-12-12 09:00:00,7,12,12,9,0,330,550,CHEM DES ORPHELINS,,,Plein jour,En agglomération,Hors intersection,Normale,Deux véhicules - frontale,,,,,,,,,,,1,2,1,1,1
200700077588,0007-12-17 07:00:00,7,12,17,7,0,330,63,CRS VICTOR HUGO,,,Nuit avec éclairage allumé,En agglomération,Intersection en T,Normale,Deux véhicules - côté,,,,,,,,,,,5,2,3,1,3
200700077589,0007-12-14 18:25:00,7,12,14,18,25,330,63,"31, QUAI RICHELIEU",,,Nuit avec éclairage allumé,En agglomération,Hors intersection,Normale,Autre collision,,,,,,,,,,,5,2,1,1,6
200700077590,0007-12-17 16:25:00,7,12,17,16,25,330,192,CRS DU GENERAL DE GAULLE,,,Plein jour,En agglomération,Intersection en T,Normale,Autre collision,,,,,,,,,,,1,2,3,1,6
200700077591,0007-12-11 07:25:00,7,12,11,7,25,330,162,CR DU MOULINEAU,,,Nuit avec éclairage allumé,En agglomération,Intersection en T,Normale,Deux véhicules - côté,,,,,,,,,,,5,2,3,1,3
200700077592,0007-12-18 16:50:00,7,12,18,16,50,330,63,PRK AUCHAN,,,Plein jour,En agglomération,Intersection en T,Normale,Deux véhicules - côté,,,,,,,,,,,1,2,3,1,3
200700077593,0007-12-18 16:30:00,7,12,18,16,30,330,63,"14 / 18, RUE DE L'EGLISE",,,Plein jour,En agglomération,Hors intersection,Normale,Deux véhicules - côté,,,,,,,,,,,1,2,1,1,3
200700077594,0007-12-13 19:10:00,7,12,13,19,10,330,281,"121, AVE DE LA LIBERATIO",,,Nuit avec éclairage allumé,En agglomération,Hors intersection,Normale,Deux véhicules - côté,,,,,,,,,,,5,2,1,1,3
200700077595,0007-12-15 11:10:00,7,12,15,11,10,330,281,AVE MAL DE LATTRE DE TAS,,,Plein jour,En agglomération,Hors intersection,Normale,Autre collision,,,,,,,,,,,1,2,1,1,6
200700077596,0007-12-13 09:12:00,7,12,13,9,12,330,281,AVE DU CHUT,,,Plein jour,En agglomération,Intersection en X,Normale,Autre collision,,,,,,,,,,,1,2,2,1,6
200700077597,0007-12-17 11:00:00,7,12,17,11,0,330,249,RUE DES GAROSSES,,,Plein jour,En agglomération,Passage à niveau,Temps couvert,Deux véhicules - côté,,,,,,,,,,,1,2,8,8,3
200700077598,0007-12-19 09:50:00,7,12,19,9,50,330,63,CRS VICTOR HUGO,,,Plein jour,En agglomération,Intersection en T,Normale,Deux véhicules - côté,,,,,,,,,,,1,2,3,1,3
200700077599,0007-12-19 15:15:00,7,12,19,15,15,330,63,BD ALFRED DANEY,,,Plein jour,En agglomération,Intersection en T,Normale,Deux véhicules - côté,,,,,,,,,,,1,2,3,1,3
200700077600,0007-12-20 07:53:00,7,12,20,7,53,330,63,RUE JOSEPHINE,,,Plein jour,En agglomération,Intersection en X,Normale,Sans collision,,,,,,,,,,,1,2,2,1,7
200700077601,0007-12-20 05:50:00,7,12,20,5,50,330,63,"1, PCE LOUIS BARTHOU",,,Plein jour,En agglomération,Intersection en X,Normale,Deux véhicules - côté,,,,,,,,,,,1,2,2,1,3
200700077602,0007-12-22 18:35:00,7,12,22,18,35,330,63,RUE DE CONDE,,,Crépuscule ou aube,En agglomération,Intersection en X,Normale,Autre collision,,,,,,,,,,,2,2,2,1,6
200700077603,0007-12-22 12:30:00,7,12,22,12,30,330,63,"201, CRS DE L'ARGONNE",,,Plein jour,En agglomération,Hors intersection,Normale,Autre collision,,,,,,,,,,,1,2,1,1,6
200700077604,0007-12-22 04:13:00,7,12,22,4,13,330,63,"5, QUAI DE PALUDATE",,,Nuit avec éclairage allumé,En agglomération,Hors intersection,Normale,Autre collision,,,,,,,,,,,5,2,1,1,6
200700077605,0007-12-21 08:35:00,7,12,21,8,35,330,63,QUAI DES CHARTRONS,,,Plein jour,En agglomération,Intersection en X,Normale,Deux véhicules - côté,,,,,,,,,,,1,2,2,1,3
200700077606,0007-12-18 15:50:00,7,12,18,15,50,330,39,RUE ALEXIS LABRO,,,Plein jour,En agglomération,Intersection en T,Normale,Deux véhicules - côté,,,,,,,,,,,1,2,3,1,3
200700077607,0007-12-16 16:05:00,7,12,16,16,5,330,39,RUE LOUIS ROCHEMOND,,,Plein jour,En agglomération,Intersection en X,Normale,Deux véhicules - côté,,,,,,,,,,,1,2,2,1,3
200700077608,0007-12-14 09:00:00,7,12,14,9,0,330,281,RUE DES JACINTHES,,,Plein jour,En agglomération,Intersection en X,Normale,Deux véhicules - côté,,,,,,,,,,,1,2,2,1,3
200700077609,0007-12-14 07:30:00,7,12,14,7,30,330,522,RUE DE TREMEUGE,,,Nuit avec éclairage allumé,En agglomération,Intersection en X,Normale,Deux véhicules - côté,,,,,,,,,,,5,2,2,1,3
200700077610,0007-12-14 05:30:00,7,12,14,5,30,330,281,RUE CAMILLE FLAMMARION,,,Nuit avec éclairage allumé,En agglomération,Intersection en X,Normale,Deux véhicules - côté,,,,,,,,,,,5,2,2,1,3
200700077611,0007-12-12 12:30:00,7,12,12,12,30,330,522,"11, AVE DE L'UNIVERSITE",,,Plein jour,En agglomération,Hors intersection,Normale,Autre collision,,,,,,,,,,,1,2,1,1,6
200700077612,0007-12-15 20:45:00,7,12,15,20,45,330,522,"73, RUE ROBESPIERRE",,,Nuit avec éclairage allumé,En agglomération,Hors intersection,Normale,Deux véhicules - arrière,,,,,,,,,,,5,2,1,1,2
200700077613,0007-12-19 14:45:00,7,12,19,14,45,330,281,AVE PYTHAGORE,,,Plein jour,En agglomération,Intersection en X,Normale,Trois véhicules et plus - en chaîne,,,,,,,,,,,1,2,2,1,4
200700077614,0007-12-19 18:15:00,7,12,19,18,15,330,522,RUE PIERRE NOAILLES,,,Nuit avec éclairage allumé,En agglomération,Hors intersection,Normale,Deux véhicules - côté,,,,,,,,,,,5,2,1,1,3
200700077615,0007-12-21 22:35:00,7,12,21,22,35,330,63,"118, CRS VICTOR HUGO",,,Nuit avec éclairage allumé,En agglomération,Hors intersection,Normale,Autre collision,,,,,,,,,,,5,2,1,1,6
200700077616,0007-12-22 03:05:00,7,12,22,3,5,330,63,RUE DE BEGLES,,,Nuit avec éclairage allumé,En agglomération,Intersection en X,Normale,Deux véhicules - côté,,,,,,,,,,,5,2,2,1,3
200700077617,0007-12-26 06:46:00,7,12,26,6,46,330,63,"23, QUAI DE BRIENNE",,,Nuit avec éclairage allumé,En agglomération,Hors intersection,Normale,Autre collision,,,,,,,,,,,5,2,1,1,6
200700077618,0007-12-26 19:00:00,7,12,26,19,0,330,63,RUE FRANCOIS CHAMBRELENT,,,Crépuscule ou aube,En agglomération,Intersection en T,Normale,Trois véhicules et plus - collisions multiples,,,,,,,,,,,2,2,3,1,5
200700077619,0007-12-19 19:30:00,7,12,19,19,30,330,522,BD GEORGE V,,,Nuit avec éclairage allumé,En agglomération,Intersection en X,Normale,Deux véhicules - côté,,,,,,,,,,,5,2,2,1,3
200700077620,0007-12-19 07:00:00,7,12,19,7,0,330,550,"71, RTE DE LEOGNAN",,,Nuit avec éclairage allumé,En agglomération,Hors intersection,Normale,Autre collision,,,,,,,,,,,5,2,1,1,6
200700077621,0007-12-20 18:20:00,7,12,20,18,20,330,522,RUE CALIXTE CAMELLE,,,Nuit avec éclairage allumé,En agglomération,Intersection en X,Normale,Deux véhicules - côté,,,,,,,,,,,5,2,2,1,3
200700077622,0007-12-27 17:00:00,7,12,27,17,0,330,63,RUE LUCIEN FAURE,,,Plein jour,En agglomération,Intersection en X,Normale,Deux véhicules - côté,,,,,,,,,,,1,2,2,1,3
200700077623,0007-12-21 07:35:00,7,12,21,7,35,330,550,"499, RTE DE TOULOUSE",,,Nuit avec éclairage allumé,En agglomération,Hors intersection,Normale,Deux véhicules - frontale,,,,,,,,,,,5,2,1,1,1
200700077624,0007-12-21 18:00:00,7,12,21,18,0,330,69,"107, AVE D'EYSINES",,,Plein jour,En agglomération,Hors intersection,Normale,Autre collision,,,,,,,,,,,1,2,1,1,6
200700077625,0007-12-28 17:55:00,7,12,28,17,55,330,63,"28, RUE DE CAUDERAN",,,Nuit avec éclairage allumé,En agglomération,Hors intersection,Brouillard / fumée,Autre collision,,,,,,,,,,,5,2,1,5,6
200700077626,0007-12-29 13:00:00,7,12,29,13,0,330,63,"34, CRS VICTOR HUGO",,,Plein jour,En agglomération,Intersection en T,Temps couvert,Deux véhicules - côté,,,,,,,,,,,1,2,3,8,3
200700077627,0007-12-29 22:25:00,7,12,29,22,25,330,63,RUE DE LASEPPE,,,Nuit avec éclairage allumé,En agglomération,Intersection en X,Normale,Deux véhicules - côté,,,,,,,,,,,5,2,2,1,3
200700077628,0007-12-26 11:15:00,7,12,26,11,15,330,281,AVE DU CHUT,,,Plein jour,En agglomération,Intersection en T,Brouillard / fumée,Deux véhicules - arrière,,,,,,,,,,,1,2,3,5,2
200700077629,0007-12-26 09:55:00,7,12,26,9,55,330,281,AVE DU CHUT,,,Plein jour,En agglomération,Giratoire,Brouillard / fumée,Deux véhicules - côté,,,,,,,,,,,1,2,6,5,3
200700077630,0007-12-22 20:05:00,7,12,22,20,5,330,281,RUE DU JARD,,,Nuit avec éclairage allumé,En agglomération,Intersection en T,Normale,Deux véhicules - frontale,,,,,,,,,,,5,2,3,1,1
200700077631,0007-12-24 10:30:00,7,12,24,10,30,330,243,", CARNOT(RUE DU PRESIDEN",,,Plein jour,En agglomération,Intersection en X,Normale,Deux véhicules - côté,,,,,,,,,,,1,2,2,1,3
200700077632,0007-12-28 13:35:00,7,12,28,13,35,340,32,PERREAL ERNEST (BD),,,Plein jour,En agglomération,Intersection en T,Normale,Deux véhicules - côté,,,,,,,,,,,1,2,3,1,3
200700077633,0007-12-28 16:03:00,7,12,28,16,3,340,32,VOIE DOMITIENNE (AV DE L,,,Plein jour,En agglomération,Giratoire,Normale,Deux véhicules - côté,,,,,,,,,,,1,2,6,1,3
200700077634,0007-12-28 16:07:00,7,12,28,16,7,340,32,"90, CLEMENCEAU GEORGES (",,,Plein jour,En agglomération,Hors intersection,Normale,Sans collision,,,,,,,,,,,1,2,1,1,7
200700077635,0007-12-02 15:40:00,7,12,2,15,40,340,73,ROUTE DEPARTEMENTALE 612,,,Plein jour,Hors agglomération,Hors intersection,Normale,Sans collision,,,,,,,,,,,1,1,1,1,7
200700077636,0007-12-02 19:10:00,7,12,2,19,10,340,32,RHIN ET DANUBE (AV.),,,Nuit avec éclairage allumé,En agglomération,Intersection en X,Normale,Deux véhicules - arrière,,,,,,,,,,,5,2,2,1,2
200700077637,0007-12-03 17:20:00,7,12,3,17,20,340,32,MARTYRS DE LA RESISTANCE,,,Crépuscule ou aube,En agglomération,Hors intersection,Vent fort / tempête,Deux véhicules - arrière,,,,,,,,,,,2,2,1,6,2
200700077638,0007-12-04 08:50:00,7,12,4,8,50,340,32,"22, LATTRE DE TASSIGNY M",,,Plein jour,En agglomération,Hors intersection,Normale,Sans collision,,,,,,,,,,,1,2,1,1,7
200700077639,0007-12-04 09:50:00,7,12,4,9,50,340,32,VOIE EXPRESS EST,,,Plein jour,Hors agglomération,Hors intersection,Normale,Sans collision,,,,,,,,,,,1,1,1,1,7
200700077640,0007-12-04 13:00:00,7,12,4,13,0,340,32,CENTRE COMMERCIAL BZS II,,,Plein jour,En agglomération,Hors intersection,Normale,Sans collision,,,,,,,,,,,1,2,1,1,7
200700077641,0007-12-05 18:03:00,7,12,5,18,3,340,32,ROUTE DEPARTEMENTALE  61,,,Nuit sans éclairage public,Hors agglomération,Hors intersection,Normale,Trois véhicules et plus - en chaîne,,,,,,,,,,,3,1,1,1,4
200700077642,0007-12-06 19:20:00,7,12,6,19,20,340,32,"16, ARNAUD ALBERT (RUE)",,,Nuit avec éclairage allumé,En agglomération,Hors intersection,Normale,Sans collision,,,,,,,,,,,5,2,1,1,7
200700077643,0007-12-07 18:10:00,7,12,7,18,10,340,32,ROUTE DEPARTEMENTALE  61,,,Plein jour,Hors agglomération,Hors intersection,Normale,Trois véhicules et plus - collisions multiples,,,,,,,,,,,1,1,1,1,5
200700077644,0007-12-07 18:50:00,7,12,7,18,50,340,32,"105, WILSON PRESIDENT (A",,,Nuit avec éclairage allumé,En agglomération,Hors intersection,Normale,Deux véhicules - arrière,,,,,,,,,,,5,2,1,1,2
200700077645,0007-12-08 18:48:00,7,12,8,18,48,340,32,"N.R, MISTRAL FREDERIC (B",,,Nuit avec éclairage allumé,En agglomération,Intersection en X,Normale,Deux véhicules - frontale,,,,,,,,,,,5,2,2,1,1
200700077646,0007-12-08 22:05:00,7,12,8,22,5,340,32,SAINT SAENS CAMILLE (AV),43.34,3.45699,Nuit avec éclairage non allumé,En agglomération,Intersection en X,Normale,Deux véhicules - côté,,,,,,,,,,,4,2,2,1,3
200700077647,0007-12-10 19:00:00,7,12,10,19,0,340,32,MOULIN JEAN (AV),,,Nuit avec éclairage allumé,En agglomération,Hors intersection,Normale,Sans collision,,,,,,,,,,,5,2,1,1,7
200700077648,0007-12-11 18:02:00,7,12,11,18,2,340,32,BESSAN (ROUTE DE),,,Nuit sans éclairage public,Hors agglomération,Hors intersection,Normale,Deux véhicules - arrière,,,,,,,,,,,3,1,1,1,2
200700077649,0007-12-13 09:05:00,7,12,13,9,5,340,32,MAS ALPHONSE (AV),,,Plein jour,En agglomération,Hors intersection,Normale,Sans collision,,,,,,,,,,,1,2,1,1,7
200700077650,0007-12-13 12:40:00,7,12,13,12,40,340,32,FARMAN HENRI (RUE),,,Plein jour,En agglomération,Intersection en X,Normale,Deux véhicules - côté,,,,,,,,,,,1,2,2,1,3
200700077651,0007-12-15 10:20:00,7,12,15,10,20,340,32,ROUTE DE PEZENAS (RN.113,,,Plein jour,Hors agglomération,Hors intersection,Normale,Trois véhicules et plus - en chaîne,,,,,,,,,,,1,1,1,1,4
200700077652,0007-12-17 10:12:00,7,12,17,10,12,340,73,ROUTE DEPARTEMENTALE 612,43.317,3.45699,Plein jour,Hors agglomération,Hors intersection,Normale,Sans collision,,,,,,,,,,,1,1,1,1,7
200700077653,0007-12-19 14:00:00,7,12,19,14,0,340,32,VINGT DEUX AOUT 1944 (AV,,,Plein jour,En agglomération,Intersection en X,Normale,Deux véhicules - côté,,,,,,,,,,,1,2,2,1,3
200700077654,0007-12-21 13:49:00,7,12,21,13,49,340,32,HEILBRONN (BD D'),,,Nuit avec éclairage allumé,En agglomération,Intersection en X,Normale,Trois véhicules et plus - en chaîne,,,,,,,,,,,5,2,2,1,4
200700077655,0007-12-21 20:45:00,7,12,21,20,45,340,336,ROUTE D'AGDE (RD.612B),,,Nuit sans éclairage public,Hors agglomération,Hors intersection,Normale,Sans collision,,,,,,,,,,,3,1,1,1,7
200700077656,0007-12-24 13:25:00,7,12,24,13,25,340,32,"10, PASQUET LIEUTENANT D",,,Plein jour,En agglomération,Hors intersection,Normale,Deux véhicules - arrière,,,,,,,,,,,1,2,1,1,2
200700077657,0007-12-24 14:20:00,7,12,24,14,20,340,73,RIQUET (RUE PIERRE PAUL),,,Plein jour,En agglomération,Intersection en X,Normale,Deux véhicules - côté,,,,,,,,,,,1,2,2,1,3
200700077658,0007-12-24 19:20:00,7,12,24,19,20,340,32,CLEMENCEAU GEORGES (AVEN,,,Nuit avec éclairage allumé,En agglomération,Hors intersection,Normale,Sans collision,,,,,,,,,,,5,2,1,1,7
200700077659,0007-12-24 21:55:00,7,12,24,21,55,340,32,DIDEROT DENIS (IMP ET RU,,,Nuit avec éclairage allumé,En agglomération,Intersection en X,Normale,Deux véhicules - côté,,,,,,,,,,,5,2,2,1,3
200700077660,0007-12-26 20:39:00,7,12,26,20,39,340,32,CADENAT JULES (BD),,,Nuit avec éclairage allumé,En agglomération,Intersection en X,Normale,Sans collision,,,,,,,,,,,5,2,2,1,7
200700077661,0007-12-28 01:30:00,7,12,28,1,30,340,336,R.D 612,,,Nuit avec éclairage allumé,Hors agglomération,Intersection en X,Normale,Deux véhicules - côté,,,,,,,,,,,5,1,2,1,3
200700077662,0007-12-01 14:21:00,7,12,1,14,21,340,172,"sans, LODEVE (AVENUE DE",,,Plein jour,En agglomération,Intersection en T,Normale,Deux véhicules - côté,,,,,,,,,,,1,2,3,1,3
200700077663,0007-12-01 16:50:00,7,12,1,16,50,340,172,"sans, POMPIGNANE (AVENUE",,,Plein jour,En agglomération,Hors intersection,Normale,Deux véhicules - arrière,,,,,,,,,,,1,2,1,1,2
200700077664,0007-12-01 22:20:00,7,12,1,22,20,340,172,"sans, GRAND SAINT JEAN (",,,Nuit avec éclairage allumé,En agglomération,Hors intersection,Temps couvert,Autre collision,,,,,,,,,,,5,2,1,8,6
200700077665,0007-12-01 11:45:00,7,12,1,11,45,340,172,ARENES (ROND POINT DES P,,,Plein jour,En agglomération,Autre intersection,Normale,Deux véhicules - arrière,,,,,,,,,,,1,2,9,1,2
200700077666,0007-12-03 13:40:00,7,12,3,13,40,340,172,BRINGUIER (AVENUE PAUL),43.60378,3.8922,Plein jour,En agglomération,Hors intersection,Normale,Autre collision,,,,,,,,,,,1,2,1,1,6
200700077667,0007-12-03 18:01:00,7,12,3,18,1,340,172,ORANGE (AVENUE RAIMBAUD,,,Nuit avec éclairage allumé,En agglomération,Hors intersection,Normale,Sans collision,,,,,,,,,,,5,2,1,1,7
200700077668,0007-12-03 07:55:00,7,12,3,7,55,340,172,"sans, MOULINS (AVENUE DE",,,Plein jour,En agglomération,Hors intersection,Normale,Trois véhicules et plus - collisions multiples,,,,,,,,,,,1,2,1,1,5
200700077669,0007-12-04 14:10:00,7,12,4,14,10,340,172,MONTASINOS (RUE DE,43.63908,3.81929,Plein jour,En agglomération,Hors intersection,Normale,Autre collision,,,,,,,,,,,1,2,1,1,6
200700077670,0007-12-05 07:30:00,7,12,5,7,30,340,172,"SANS, EL ALAMEIN (AVENUE",43.58171,3.89986,Nuit avec éclairage allumé,En agglomération,Hors intersection,Normale,Sans collision,,,,,,,,,,,5,2,1,1,7
200700077671,0007-12-05 18:15:00,7,12,5,18,15,340,172,"400, MOULINS (AVENUE DES",,,Nuit avec éclairage allumé,En agglomération,Hors intersection,Normale,Deux véhicules - arrière,,,,,,,,,,,5,2,1,1,2
200700077672,0007-12-07 08:00:00,7,12,7,8,0,340,172,JUSTICE DE CASTELNAU (AV,,,Plein jour,En agglomération,Intersection en X,Normale,Deux véhicules - côté,,,,,,,,,,,1,2,2,1,3
200700077673,0007-12-07 16:50:00,7,12,7,16,50,340,172,"0, EINSTEIN (AVENUE ALBE",,,Plein jour,Hors agglomération,Hors intersection,Temps couvert,Deux véhicules - côté,,,,,,,,,,,1,1,1,8,3
200700077674,0007-12-08 01:26:00,7,12,8,1,26,340,172,"sans, BLUM (RUE LEON)",,,Nuit avec éclairage allumé,En agglomération,Intersection en X,Temps couvert,Deux véhicules - côté,,,,,,,,,,,5,2,2,8,3
200700077675,0007-12-08 09:55:00,7,12,8,9,55,340,172,"109, LODEVE (AVENUE DE",,,Plein jour,En agglomération,Hors intersection,Normale,Trois véhicules et plus - collisions multiples,,,,,,,,,,,1,2,1,1,5
200700077676,0007-12-08 19:35:00,7,12,8,19,35,340,172,"sans, RIMBAUD (RUE PAUL)",,,Nuit avec éclairage allumé,En agglomération,Intersection en T,Temps couvert,Deux véhicules - arrière,,,,,,,,,,,5,2,3,8,2
200700077677,0007-12-06 12:20:00,7,12,6,12,20,340,172,CLEMENCEAU (AVENUE GEORG,43.61373,3.88268,Plein jour,En agglomération,Hors intersection,Normale,Deux véhicules - côté,,,,,,,,,,,1,2,1,1,3
200700077678,0007-12-09 18:10:00,7,12,9,18,10,340,172,"1, OBSERVATOIRE (BOULEVA",43.60349,3.8936,Nuit avec éclairage allumé,En agglomération,Hors intersection,Normale,Autre collision,,,,,,,,,,,5,2,1,1,6
200700077679,0007-12-10 07:43:00,7,12,10,7,43,340,172,"sans, ALBERT 1ER (PLACE)",,,Plein jour,En agglomération,Hors intersection,Normale,Sans collision,,,,,,,,,,,1,2,1,1,7
200700077680,0007-12-10 07:54:00,7,12,10,7,54,340,172,"SANS, ODYSSEUM (PLACE)",,,Plein jour,En agglomération,Giratoire,Normale,Deux véhicules - côté,,,,,,,,,,,1,2,6,1,3
200700077681,0007-12-10 08:25:00,7,12,10,8,25,340,129,"sans, PALAVAS D986 (ROUT",43.57041,3.89617,Plein jour,Hors agglomération,Hors intersection,Normale,Deux véhicules - côté,,,,,,,,,,,1,1,1,1,3
200700077682,0007-12-11 15:15:00,7,12,11,15,15,340,172,GAMBETTA (COURS),,,Plein jour,En agglomération,Hors intersection,Normale,Deux véhicules - côté,,,,,,,,,,,1,2,1,1,3
200700077683,0007-12-11 16:55:00,7,12,11,16,55,340,172,PAS DU LOUP (RUE DU,,,Plein jour,En agglomération,Hors intersection,Normale,Deux véhicules - côté,,,,,,,,,,,1,2,1,1,3
200700077684,0007-12-12 06:21:00,7,12,12,6,21,340,172,"SANS, PEQUET (RUE HENRI)",,,Nuit avec éclairage allumé,En agglomération,Hors intersection,Normale,Autre collision,,,,,,,,,,,5,2,1,1,6
200700077685,0007-12-12 12:50:00,7,12,12,12,50,340,129,"12, PUECH RADIER (ZONE D",,,Plein jour,En agglomération,Hors intersection,Normale,Autre collision,,,,,,,,,,,1,2,1,1,6
200700077686,0007-12-11 17:10:00,7,12,11,17,10,340,172,CARRIEU (RUE MARIUS),,,Crépuscule ou aube,En agglomération,Intersection en T,Normale,Deux véhicules - arrière,,,,,,,,,,,2,2,3,1,2
200700077687,0007-12-14 02:30:00,7,12,14,2,30,340,172,"32 bis, FABREGES (RUE FR",,,Nuit avec éclairage allumé,En agglomération,Hors intersection,Normale,Autre collision,,,,,,,,,,,5,2,1,1,6
200700077688,0007-12-14 16:22:00,7,12,14,16,22,340,172,"SANS, LIBERTE (AVENUE DE",,,Plein jour,En agglomération,Hors intersection,Normale,Deux véhicules - arrière,,,,,,,,,,,1,2,1,1,2
200700077689,0007-12-14 15:33:00,7,12,14,15,33,340,172,"SANS, DUBOUT (AVENUE ALB",,,Plein jour,En agglomération,Hors intersection,Normale,Deux véhicules - arrière,,,,,,,,,,,1,2,1,1,2
200700077690,0007-12-13 18:40:00,7,12,13,18,40,340,172,"406, PEDRO DE LUNA (BOUL",,,Crépuscule ou aube,En agglomération,Hors intersection,Normale,Sans collision,,,,,,,,,,,2,2,1,1,7
200700077691,0007-12-13 20:19:00,7,12,13,20,19,340,172,"1209, TOULOUSE (AVENUE D",43.59221,3.85845,Nuit avec éclairage allumé,En agglomération,Hors intersection,Normale,Sans collision,,,,,,,,,,,5,2,1,1,7
200700077692,0007-12-17 07:00:00,7,12,17,7,0,340,172,"sans, EUROPE (AVENUE DE",,,Nuit avec éclairage allumé,En agglomération,Hors intersection,Normale,Deux véhicules - arrière,,,,,,,,,,,5,2,1,1,2
200700077693,0007-12-17 09:55:00,7,12,17,9,55,340,172,"SANS, MICHELET (RUE)",,,Plein jour,En agglomération,Hors intersection,Normale,Autre collision,,,,,,,,,,,1,2,1,1,6
200700077694,0007-12-17 12:05:00,7,12,17,12,5,340,172,"1146, SOULAS (AVENUE DU",,,Plein jour,En agglomération,Hors intersection,Normale,Autre collision,,,,,,,,,,,1,2,1,1,6
200700077695,0007-12-14 15:40:00,7,12,14,15,40,340,172,"sans, JUSTICE DE CASTELN",,,Plein jour,En agglomération,Intersection en X,Normale,Deux véhicules - côté,,,,,,,,,,,1,2,2,1,3
200700077696,0007-12-18 18:10:00,7,12,18,18,10,340,172,GALOIS (ROND-POINT EVARI,,,Nuit avec éclairage allumé,En agglomération,Giratoire,Normale,Autre collision,,,,,,,,,,,5,2,6,1,6
200700077697,0007-12-18 19:45:00,7,12,18,19,45,340,172,MOULIN DES SEPT CANS (RU,,,Nuit avec éclairage allumé,En agglomération,Intersection en X,Normale,Deux véhicules - côté,,,,,,,,,,,5,2,2,1,3
200700077698,0007-12-20 20:17:00,7,12,20,20,17,340,172,"SANS, GRABELS (ROUTE DE)",,,Nuit avec éclairage allumé,En agglomération,Intersection en X,Normale,Deux véhicules - frontale,,,,,,,,,,,5,2,2,1,1
200700077699,0007-12-21 07:45:00,7,12,21,7,45,340,172,"SANS, RAFFINERIE (RUE DE",,,Plein jour,En agglomération,Intersection en T,Normale,Sans collision,,,,,,,,,,,1,2,3,1,7
200700077700,0007-12-21 07:25:00,7,12,21,7,25,340,172,"855, RAVAZ (AVENUE DU PR",,,Nuit avec éclairage allumé,En agglomération,Hors intersection,Normale,Deux véhicules - côté,,,,,,,,,,,5,2,1,1,3
200700077701,0007-12-22 14:06:00,7,12,22,14,6,340,172,GOSSEC (RUE FRANCOIS-JOS,,,Plein jour,En agglomération,Hors intersection,Temps couvert,Trois véhicules et plus - collisions multiples,,,,,,,,,,,1,2,1,8,5
200700077702,0007-12-22 21:30:00,7,12,22,21,30,340,129,"sans, PALAVAS D986 (ROUT",43.58538,3.89598,Nuit avec éclairage allumé,En agglomération,Hors intersection,Autre,Autre collision,,,,,,,,,,,5,2,1,9,6
200700077703,0007-12-23 07:35:00,7,12,23,7,35,340,172,"sans, GANGES (ROUTE DE",,,Crépuscule ou aube,En agglomération,Hors intersection,Temps couvert,Sans collision,,,,,,,,,,,2,2,1,8,7
200700077704,0007-12-24 16:30:00,7,12,24,16,30,340,172,GIMEL (AVENUE DE),,,Plein jour,En agglomération,Hors intersection,Normale,Autre collision,,,,,,,,,,,1,2,1,1,6
200700077705,0007-12-25 13:06:00,7,12,25,13,6,340,172,"SANS, LE TITIEN (RUE)",,,Plein jour,En agglomération,Hors intersection,Normale,Deux véhicules - côté,,,,,,,,,,,1,2,1,1,3
200700077706,0007-12-26 12:10:00,7,12,26,12,10,340,172,"2310, TOULOUSE (AVENUE D",43.60462,3.88988,Plein jour,En agglomération,Hors intersection,Normale,Deux véhicules - côté,,,,,,,,,,,1,2,1,1,3
200700077707,0007-12-26 09:40:00,7,12,26,9,40,340,172,"136, LODEVE (AVENUE DE",,,Plein jour,En agglomération,Hors intersection,Normale,Autre collision,,,,,,,,,,,1,2,1,1,6