accident_id,datetime,annee,mois,jour,heure,minute,departement,commune_insee,adresse,latitude,longitude,luminosite,agglomeration,intersection,meteo,collision,nb_vehicules,nb_usagers,nb_indemnes,nb_tues,nb_blesses_hosp,nb_blesses_legers,age_cond_1,age_cond_2,veh_type_cond_1,veh_type_cond_2,lum_code,agg_code,int_code,atm_code,col_code
200700077708,0007-12-26 15:16:00,7,12,26,15,16,340,172,"SANS, FLANDRES-DUNKERQUE",,,Plein jour,En agglomération,Hors intersection,Normale,Deux véhicules - côté,,,,,,,,,,,1,2,1,1,3
200700077709,0007-12-28 10:44:00,7,12,28,10,44,340,172,"sans, CHATEAU D'O (ROND-",,,Plein jour,En agglomération,Hors intersection,Normale,Deux véhicules - côté,,,,,,,,,,,1,2,1,1,3
200700077710,0007-12-27 19:25:00,7,12,27,19,25,340,172,"sans, LIBERTE (AVENUE DE",,,Nuit avec éclairage allumé,Hors agglomération,Hors intersection,Normale,Deux véhicules - arrière,,,,,,,,,,,5,1,1,1,2
200700077711,0007-12-27 19:50:00,7,12,27,19,50,340,172,"sans, ALCO (RUE D'",43.6178,3.83956,Nuit avec éclairage allumé,En agglomération,Hors intersection,Normale,Deux véhicules - frontale,,,,,,,,,,,5,2,1,1,1
200700077712,0007-12-28 16:25:00,7,12,28,16,25,340,172,"sans, RIMBAUD (RUE PAUL)",,,Crépuscule ou aube,En agglomération,Hors intersection,Temps éblouissant,Sans collision,,,,,,,,,,,2,2,1,7,7
200700077713,0007-12-28 19:40:00,7,12,28,19,40,340,172,"sans, EINSTEIN (AVENUE A",43.67116,3.85973,Nuit avec éclairage allumé,Hors agglomération,Hors intersection,Normale,Deux véhicules - frontale,,,,,,,,,,,5,1,1,1,1
200700077714,0007-12-28 19:00:00,7,12,28,19,0,340,172,"sans, RECAMBALE (AVENUE",43.59603,3.86299,Nuit avec éclairage allumé,En agglomération,Hors intersection,Normale,Deux véhicules - arrière,,,,,,,,,,,5,2,1,1,2
200700077715,0007-12-30 16:40:00,7,12,30,16,40,340,172,"1716, TOULOUSE (AVENUE D",,,Plein jour,En agglomération,Hors intersection,Normale,Deux véhicules - côté,,,,,,,,,,,1,2,1,1,3
200700077716,0007-12-31 15:30:00,7,12,31,15,30,340,172,"sans, FRANQUE (RUE FRANC",43.61102,3.9719,Plein jour,En agglomération,Intersection en T,Normale,Sans collision,,,,,,,,,,,1,2,3,1,7
200700077717,0007-12-11 10:10:00,7,12,11,10,10,340,108,"aucun, HUGO VICTOR (BOUL",,,Plein jour,En agglomération,Hors intersection,Vent fort / tempête,Autre collision,,,,,,,,,,,1,2,1,6,6
200700077718,0007-12-07 20:40:00,7,12,7,20,40,340,301,"AUCUN, MARTELLI GILBERT",,,Nuit avec éclairage allumé,En agglomération,Hors intersection,Normale,Autre collision,,,,,,,,,,,5,2,1,1,6
200700077719,0007-12-12 19:05:00,7,12,12,19,5,340,108,"3, PARE AMBROISE (AVENUE",,,Nuit avec éclairage allumé,En agglomération,Hors intersection,Normale,Deux véhicules - frontale,,,,,,,,,,,5,2,1,1,1
200700077720,0007-12-21 23:10:00,7,12,21,23,10,340,108,"AUCUN, MONTPELLIER (ROUT",,,Nuit avec éclairage allumé,En agglomération,Hors intersection,Pluie légère,Deux véhicules - arrière,,,,,,,,,,,5,2,1,2,2
200700077721,0007-12-28 16:30:00,7,12,28,16,30,340,301,"71, BLANC CAMILLE (BOULE",,,Plein jour,En agglomération,Hors intersection,Normale,Autre collision,,,,,,,,,,,1,2,1,1,6
200700077722,0007-12-19 16:10:00,7,12,19,16,10,350,150,"0, PARC (LE) LIEUX-DITS",,,Plein jour,En agglomération,Autre intersection,Normale,Autre collision,,,,,,,,,,,1,2,9,1,6
200700077723,0007-12-15 11:55:00,7,12,15,11,55,350,115,"36, NANTES (RUE DE DU N°",,,Plein jour,En agglomération,Hors intersection,Normale,Autre collision,,,,,,,,,,,1,2,1,1,6
200700077724,0007-12-01 00:30:00,7,12,1,0,30,350,238,"00, VEZIN (ROUTE DE)",,,Nuit avec éclairage allumé,En agglomération,Hors intersection,Pluie légère,Deux véhicules - côté,,,,,,,,,,,5,2,1,2,3
200700077725,0007-12-01 17:35:00,7,12,1,17,35,350,281,"00, MARIN (RUE JEAN)",,,Nuit avec éclairage allumé,En agglomération,Intersection en T,Normale,Deux véhicules - frontale,,,,,,,,,,,5,2,3,1,1
200700077726,0007-12-03 18:45:00,7,12,3,18,45,350,238,"00, BOSPHORE (DU)",,,Nuit avec éclairage allumé,En agglomération,Hors intersection,Normale,Autre collision,,,,,,,,,,,5,2,1,1,6
200700077727,0007-12-04 06:25:00,7,12,4,6,25,350,238,"71, DUCHESSE ANNE (BLD D",,,Nuit avec éclairage allumé,En agglomération,Hors intersection,Normale,Autre collision,,,,,,,,,,,5,2,1,1,6
200700077728,0007-12-04 18:05:00,7,12,4,18,5,350,238,"24, GRIMAULT (BD LEON)",,,Nuit avec éclairage allumé,En agglomération,Hors intersection,Normale,Deux véhicules - arrière,,,,,,,,,,,5,2,1,1,2
200700077729,0007-12-05 11:40:00,7,12,5,11,40,350,238,"00, PORTE DE NANTES",,,Plein jour,Hors agglomération,Hors intersection,Temps couvert,Deux véhicules - arrière,,,,,,,,,,,1,1,1,8,2
200700077730,0007-12-05 12:15:00,7,12,5,12,15,350,238,"161, PATTON (AVENUE DU G",,,Plein jour,En agglomération,Intersection en T,Pluie légère,Autre collision,,,,,,,,,,,1,2,3,2,6
200700077731,0007-12-06 17:55:00,7,12,6,17,55,350,238,"123, LORIENT (DE)",,,Nuit avec éclairage allumé,En agglomération,Hors intersection,Temps couvert,Deux véhicules - côté,,,,,,,,,,,5,2,1,8,3
200700077732,0007-12-06 18:30:00,7,12,6,18,30,350,278,"00, RD 29",,,Nuit avec éclairage allumé,Hors agglomération,Intersection en X,Temps couvert,Deux véhicules - côté,,,,,,,,,,,5,1,2,8,3
200700077733,0007-12-07 12:42:00,7,12,7,12,42,350,238,"00, TILLON (AVENUE CHARL",,,Plein jour,En agglomération,Intersection en X,Normale,Deux véhicules - côté,,,,,,,,,,,1,2,2,1,3
200700077734,0007-12-07 17:30:00,7,12,7,17,30,350,278,"00, RN 137",,,Nuit sans éclairage public,En agglomération,Hors intersection,Normale,Deux véhicules - arrière,,,,,,,,,,,3,2,1,1,2
200700077735,0007-12-07 19:15:00,7,12,7,19,15,350,238,"15, VANEAU",,,Nuit avec éclairage allumé,En agglomération,Hors intersection,Pluie légère,Deux véhicules - côté,,,,,,,,,,,5,2,1,2,3
200700077736,0007-12-08 07:35:00,7,12,8,7,35,350,238,"00, TROIS CROIX (BD DES)",,,Nuit avec éclairage allumé,En agglomération,Intersection en X,Pluie légère,Deux véhicules - côté,,,,,,,,,,,5,2,2,2,3
200700077737,0007-12-08 19:15:00,7,12,8,19,15,350,238,"00, PAPU",,,Nuit sans éclairage public,En agglomération,Hors intersection,Pluie légère,Deux véhicules - arrière,,,,,,,,,,,3,2,1,2,2
200700077738,0007-12-10 08:40:00,7,12,10,8,40,350,238,"00, MAISON BLANCHE (LIEU",,,Nuit sans éclairage public,Hors agglomération,Hors intersection,Pluie légère,Deux véhicules - arrière,,,,,,,,,,,3,1,1,2,2
200700077739,0007-12-11 14:40:00,7,12,11,14,40,350,238,"00, ROBIQUETTE ( BOULEVA",,,Plein jour,En agglomération,Hors intersection,Normale,Deux véhicules - arrière,,,,,,,,,,,1,2,1,1,2
200700077740,0007-12-11 16:40:00,7,12,11,16,40,350,238,"00, PORTE DE CLEUNAY",,,Plein jour,Hors agglomération,Hors intersection,Normale,Deux véhicules - côté,,,,,,,,,,,1,1,1,1,3
200700077741,0007-12-11 20:30:00,7,12,11,20,30,350,238,"00, LAMARTINE (QUAI)",,,Nuit avec éclairage allumé,En agglomération,Intersection en T,Normale,Deux véhicules - arrière,,,,,,,,,,,5,2,3,1,2
200700077742,0007-12-12 12:05:00,7,12,12,12,5,350,238,"00, BOIS LABBE (AVENUE D",,,Plein jour,En agglomération,Intersection en X,Normale,Deux véhicules - arrière,,,,,,,,,,,1,2,2,1,2
200700077743,0007-12-12 20:50:00,7,12,12,20,50,350,238,"00, GUINES (BD DE)",,,Nuit avec éclairage allumé,En agglomération,Intersection en X,Normale,Deux véhicules - côté,,,,,,,,,,,5,2,2,1,3
200700077744,0007-12-13 05:50:00,7,12,13,5,50,350,278,"00, ROUTE DE SAINT-MALO",,,Nuit avec éclairage allumé,En agglomération,Hors intersection,Normale,Deux véhicules - arrière,,,,,,,,,,,5,2,1,1,2
200700077745,0007-12-13 10:05:00,7,12,13,10,5,350,238,"00, VOLCLAIR (BD LOUIS)",,,Plein jour,En agglomération,Giratoire,Normale,Sans collision,,,,,,,,,,,1,2,6,1,7
200700077746,0007-12-14 10:40:00,7,12,14,10,40,350,238,"00, LAMENNAIS (QUAI)",,,Plein jour,En agglomération,Hors intersection,Normale,Autre collision,,,,,,,,,,,1,2,1,1,6
200700077747,0007-12-15 17:40:00,7,12,15,17,40,350,238,"00, CHURCHILL (AVENUE SI",,,Nuit avec éclairage allumé,En agglomération,Intersection en T,Normale,Autre collision,,,,,,,,,,,5,2,3,1,6
200700077748,0007-12-15 18:55:00,7,12,15,18,55,350,238,"00, FELIX EBOUE (GOUVERN",,,Nuit avec éclairage allumé,En agglomération,Hors intersection,Normale,Sans collision,,,,,,,,,,,5,2,1,1,7
200700077749,0007-12-16 21:25:00,7,12,16,21,25,350,278,"00, RN 137",,,Nuit sans éclairage public,Hors agglomération,Hors intersection,Normale,Autre collision,,,,,,,,,,,3,1,1,1,6
200700077750,0007-12-17 08:35:00,7,12,17,8,35,350,281,"73, PILATE (RUE DE LA)",,,Plein jour,En agglomération,Hors intersection,Normale,Deux véhicules - côté,,,,,,,,,,,1,2,1,1,3
200700077751,0007-12-17 08:05:00,7,12,17,8,5,350,238,"00, FREVILLE (AVENUE HEN",,,Nuit avec éclairage allumé,En agglomération,Intersection en X,Normale,Autre collision,,,,,,,,,,,5,2,2,1,6
200700077752,0007-12-17 10:45:00,7,12,17,10,45,350,238,"00, ROCADE 13-14",,,Plein jour,Hors agglomération,Giratoire,Normale,Deux véhicules - côté,,,,,,,,,,,1,1,6,1,3
200700077753,0007-12-18 12:15:00,7,12,18,12,15,350,238,"55, PAVIE (AUGUSTE)",,,Plein jour,En agglomération,Hors intersection,Normale,Deux véhicules - arrière,,,,,,,,,,,1,2,1,1,2
200700077754,0007-12-17 17:20:00,7,12,17,17,20,350,238,"00, VALLES (JULES)",,,Nuit avec éclairage allumé,En agglomération,Autre intersection,Normale,Autre collision,,,,,,,,,,,5,2,9,1,6
200700077755,0007-12-19 09:10:00,7,12,19,9,10,350,238,"00, PAVIE (AUGUSTE)",,,Plein jour,En agglomération,Hors intersection,Normale,Sans collision,,,,,,,,,,,1,2,1,1,7
200700077756,0007-12-19 13:45:00,7,12,19,13,45,350,238,PORTE DE BREQUIGNY,,,Plein jour,Hors agglomération,Hors intersection,Normale,Sans collision,,,,,,,,,,,1,1,1,1,7
200700077757,0007-12-19 14:20:00,7,12,19,14,20,350,238,"00, BOURGEOIS (BOULEVARD",,,Plein jour,En agglomération,Intersection en X,Normale,Deux véhicules - arrière,,,,,,,,,,,1,2,2,1,2
200700077758,0007-12-20 11:40:00,7,12,20,11,40,350,238,"00, LEROUX (BD OSCAR)",,,Plein jour,En agglomération,Giratoire,Normale,Deux véhicules - côté,,,,,,,,,,,1,2,6,1,3
200700077759,0007-12-20 13:20:00,7,12,20,13,20,350,238,"00, BERGER (AVENUE GASTO",,,Plein jour,En agglomération,Intersection en T,Normale,Deux véhicules - côté,,,,,,,,,,,1,2,3,1,3
200700077760,0007-12-21 07:20:00,7,12,21,7,20,350,238,"00, FOCH (PLACE MARECHAL",,,Nuit avec éclairage allumé,En agglomération,Hors intersection,Normale,Sans collision,,,,,,,,,,,5,2,1,1,7
200700077761,0007-12-21 09:15:00,7,12,21,9,15,350,238,"00, SAINT-MALO (DE) DE 1",,,Plein jour,En agglomération,Intersection en Y,Normale,Deux véhicules - frontale,,,,,,,,,,,1,2,4,1,1
200700077762,0007-12-21 18:20:00,7,12,21,18,20,350,238,"14, PATIS TATELIN (LIEU-",,,Nuit sans éclairage public,En agglomération,Hors intersection,Normale,Autre collision,,,,,,,,,,,3,2,1,1,6
200700077763,0007-12-22 11:00:00,7,12,22,11,0,350,238,"29, MANOIR DE SERVIGNE (",,,Plein jour,En agglomération,Hors intersection,Normale,Autre collision,,,,,,,,,,,1,2,1,1,6
200700077764,0007-12-22 16:30:00,7,12,22,16,30,350,238,"00, ROCADE 10-11",,,Plein jour,Hors agglomération,Hors intersection,Normale,Trois véhicules et plus - en chaîne,,,,,,,,,,,1,1,1,1,4
200700077765,0007-12-23 09:35:00,7,12,23,9,35,350,238,"82, FOUGERES (RUE DE) DE",,,Plein jour,En agglomération,Hors intersection,Normale,Autre collision,,,,,,,,,,,1,2,1,1,6
200700077766,0007-12-23 14:50:00,7,12,23,14,50,350,238,"08, BOHEME (COURS DE)",,,Plein jour,En agglomération,Hors intersection,Normale,Autre collision,,,,,,,,,,,1,2,1,1,6
200700077767,0007-12-23 18:00:00,7,12,23,18,0,350,281,"00, TEMPLE-DE-BLOSNE (RU",,,Nuit avec éclairage allumé,En agglomération,Hors intersection,Normale,Trois véhicules et plus - collisions multiples,,,,,,,,,,,5,2,1,1,5
200700077768,0007-12-24 08:40:00,7,12,24,8,40,350,238,"116, FOUGERES (RUE DE) D",,,Plein jour,En agglomération,Hors intersection,Normale,Autre collision,,,,,,,,,,,1,2,1,1,6
200700077769,0007-12-25 18:10:00,7,12,25,18,10,350,238,"91ter, VERN (DE)",,,Nuit avec éclairage allumé,En agglomération,Hors intersection,Pluie forte,Autre collision,,,,,,,,,,,5,2,1,3,6
200700077770,0007-12-27 12:10:00,7,12,27,12,10,350,238,"17, ROPARTZ (GUY)",,,Plein jour,En agglomération,Hors intersection,Normale,Autre collision,,,,,,,,,,,1,2,1,1,6
200700077771,0007-12-27 18:40:00,7,12,27,18,40,350,278,"00, SAINT EXUPERY (RUE A",,,Nuit avec éclairage allumé,En agglomération,Giratoire,Temps couvert,Deux véhicules - arrière,,,,,,,,,,,5,2,6,8,2
200700077772,0007-12-30 06:20:00,7,12,30,6,20,350,238,"88, ALMA (DE L')",,,Nuit avec éclairage allumé,En agglomération,Hors intersection,Normale,Autre collision,,,,,,,,,,,5,2,1,1,6
200700077773,0007-12-30 07:15:00,7,12,30,7,15,350,238,"00, GAMBETTA",,,Nuit avec éclairage allumé,En agglomération,Hors intersection,Normale,Deux véhicules - côté,,,,,,,,,,,5,2,1,1,3
200700077774,0007-12-30 17:40:00,7,12,30,17,40,350,238,"20, CUCILLE (AVENUE DE)",,,Nuit avec éclairage allumé,En agglomération,Intersection en X,Normale,Sans collision,,,,,,,,,,,5,2,2,1,7
200700077775,0007-12-31 15:45:00,7,12,31,15,45,350,238,"00, PORTUGAL (BD DU)",,,Plein jour,En agglomération,Hors intersection,Normale,Trois véhicules et plus - collisions multiples,,,,,,,,,,,1,2,1,1,5
200700077776,0007-12-01 19:10:00,7,12,1,19,10,350,288,DE GAULLE GENERAL (AVENU,,,Nuit avec éclairage allumé,En agglomération,Hors intersection,Autre,Autre collision,,,,,,,,,,,5,2,1,9,6
200700077777,0007-12-10 01:30:00,7,12,10,1,30,350,288,BOUCHERS (RUE DES),,,Nuit avec éclairage allumé,En agglomération,Hors intersection,Pluie forte,Autre collision,,,,,,,,,,,5,2,1,3,6
200700077778,0007-12-07 07:47:00,7,12,7,7,47,350,288,DE GAULLE GENERAL (AVENU,,,Crépuscule ou aube,En agglomération,Hors intersection,Normale,Deux véhicules - frontale,,,,,,,,,,,2,2,1,1,1
200700077779,0007-12-13 18:05:00,7,12,13,18,5,350,288,"000, CD301",,,Nuit sans éclairage public,En agglomération,Hors intersection,Pluie légère,Deux véhicules - côté,,,,,,,,,,,3,2,1,2,3
200700077780,0007-12-18 19:05:00,7,12,18,19,5,350,288,"000, COUBERTIN PIERRE (R",,,Nuit avec éclairage allumé,En agglomération,Giratoire,Autre,Deux véhicules - côté,,,,,,,,,,,5,2,6,9,3
200700077781,0007-12-25 17:00:00,7,12,25,17,0,350,288,COUBERTIN PIERRE (RUE ),,,Crépuscule ou aube,En agglomération,Hors intersection,Pluie forte,Deux véhicules - arrière,,,,,,,,,,,2,2,1,3,2
200700077782,0007-12-20 11:25:00,7,12,20,11,25,350,288,BRIAND  ARISTIDE (AVENUE,,,Plein jour,En agglomération,Hors intersection,Normale,Deux véhicules - arrière,,,,,,,,,,,1,2,1,1,2
200700077783,0007-12-05 17:55:00,7,12,5,17,55,360,44,"42, BLOIS (AV DE)",,,Nuit avec éclairage allumé,En agglomération,Hors intersection,Normale,Autre collision,,,,,,,,,,,5,2,1,1,6
200700077784,0007-12-16 19:58:00,7,12,16,19,58,360,44,"1, DENIS (BD ST)",,,Nuit avec éclairage allumé,En agglomération,Intersection en T,Normale,Autre collision,,,,,,,,,,,5,2,3,1,6
200700077785,0007-12-01 01:40:00,7,12,1,1,40,360,202,"1, FORET (AVENUE DE LA)",,,Nuit sans éclairage public,Hors agglomération,Hors intersection,Normale,Sans collision,,,,,,,,,,,3,1,1,1,7
200700077786,0007-12-03 04:23:00,7,12,3,4,23,360,63,MARAIS (CH DES),,,Nuit sans éclairage public,Hors agglomération,Hors intersection,Temps couvert,Sans collision,,,,,,,,,,,3,1,1,8,7
200700077787,0007-12-05 00:35:00,7,12,5,0,35,360,202,FORET (AVENUE DE LA),,,Nuit sans éclairage public,Hors agglomération,Hors intersection,Temps couvert,Sans collision,,,,,,,,,,,3,1,1,8,7
200700077788,0007-12-05 16:40:00,7,12,5,16,40,360,159,"0, MONTLUCON (ROUTE) R.D",,,Crépuscule ou aube,Hors agglomération,Hors intersection,Normale,Deux véhicules - arrière,,,,,,,,,,,2,1,1,1,2
200700077789,0007-12-05 12:45:00,7,12,5,12,45,360,44,ROUTE DEPARTEMENTALE 925,,,Plein jour,Hors agglomération,Hors intersection,Normale,Sans collision,,,,,,,,,,,1,1,1,1,7
200700077790,0007-12-06 12:33:00,7,12,6,12,33,360,159,"1, MONTLUCON (ROUTE) R.D",,,Plein jour,En agglomération,Hors intersection,Normale,Sans collision,,,,,,,,,,,1,2,1,1,7
200700077791,0007-12-12 15:00:00,7,12,12,15,0,360,44,LEMOINE (AV MARCEL) DU 1,,,Plein jour,En agglomération,Hors intersection,Normale,Trois véhicules et plus - en chaîne,,,,,,,,,,,1,2,1,1,4
200700077792,0007-12-14 07:20:00,7,12,14,7,20,360,159,MONTLUCON (ROUTE) R.D. N,,,Nuit sans éclairage public,Hors agglomération,Hors intersection,Autre,Sans collision,,,,,,,,,,,3,1,1,9,7
200700077793,0007-12-14 14:54:00,7,12,14,14,54,360,202,OCCITANIE (AVENUE DE ),,,Plein jour,Hors agglomération,Hors intersection,Normale,Trois véhicules et plus - en chaîne,,,,,,,,,,,1,1,1,1,4
200700077794,0007-12-17 17:55:00,7,12,17,17,55,360,44,"0, LOISIR (AV DU PARC DE",,,Nuit sans éclairage public,En agglomération,Intersection en T,Normale,Deux véhicules - côté,,,,,,,,,,,3,2,3,1,3
200700077795,0007-12-18 17:15:00,7,12,18,17,15,360,44,DE GAULLE (AVENUE DU GEN,,,Plein jour,En agglomération,Intersection en X,Normale,Deux véhicules - côté,,,,,,,,,,,1,2,2,1,3
200700077796,0007-12-19 12:08:00,7,12,19,12,8,360,44,DENIS (BD ST),,,Plein jour,En agglomération,Intersection en T,Normale,Deux véhicules - côté,,,,,,,,,,,1,2,3,1,3
200700077797,0007-12-19 12:15:00,7,12,19,12,15,360,44,1945 (DU 8 MAI),,,Plein jour,En agglomération,Intersection en T,Normale,Deux véhicules - côté,,,,,,,,,,,1,2,3,1,3
200700077798,0007-12-27 12:09:00,7,12,27,12,9,360,44,ETATS-UNIS (RUE DES),,,Plein jour,En agglomération,Intersection en T,Pluie légère,Deux véhicules - côté,,,,,,,,,,,1,2,3,2,3
200700077799,0007-12-06 11:55:00,7,12,6,11,55,370,122,EGLISE (PLACE DE L'),,,Plein jour,En agglomération,Hors intersection,Normale,Autre collision,,,,,,,,,,,1,2,1,1,6
200700077800,0007-12-01 01:40:00,7,12,1,1,40,370,261,"10, SICARD (PLACE FRANCO",,,Nuit avec éclairage allumé,En agglomération,Hors intersection,Pluie légère,Autre collision,,,,,,,,,,,5,2,1,2,6
200700077801,0007-12-03 19:30:00,7,12,3,19,30,370,233,REPUBLIQUE (AVENUE DE LA,,,Nuit avec éclairage allumé,En agglomération,Hors intersection,Normale,Autre collision,,,,,,,,,,,5,2,1,1,6
200700077802,0007-12-04 11:50:00,7,12,4,11,50,370,261,BERANGER (BOULEVARD),,,Plein jour,En agglomération,Intersection en X,Normale,Deux véhicules - côté,,,,,,,,,,,1,2,2,1,3
200700077803,0007-12-06 19:30:00,7,12,6,19,30,370,261,REPUBLIQUE (AVENUE DE LA,,,Nuit avec éclairage allumé,En agglomération,Intersection en T,Pluie légère,Deux véhicules - côté,,,,,,,,,,,5,2,3,2,3
200700077804,0007-12-09 00:30:00,7,12,9,0,30,370,261,RENAULT (RUE DU GAL),,,Nuit avec éclairage allumé,En agglomération,Intersection en X,Pluie légère,Deux véhicules - frontale,,,,,,,,,,,5,2,2,2,1
200700077805,0007-12-09 20:30:00,7,12,9,20,30,370,261,MAGINOT (AV. ANDRE),,,Nuit avec éclairage allumé,En agglomération,Giratoire,Pluie forte,Deux véhicules - côté,,,,,,,,,,,5,2,6,3,3
200700077806,0007-12-14 08:35:00,7,12,14,8,35,370,261,THIERS (BOULEVARD),,,Plein jour,En agglomération,Intersection en X,Normale,Deux véhicules - côté,,,,,,,,,,,1,2,2,1,3
200700077807,0007-12-14 14:50:00,7,12,14,14,50,370,122,FOUCAULT (RUE LEON),,,Plein jour,En agglomération,Hors intersection,Normale,Autre collision,,,,,,,,,,,1,2,1,1,6
200700077808,0007-12-22 02:20:00,7,12,22,2,20,370,261,BOYER (RUE LEON),,,Nuit avec éclairage allumé,En agglomération,Intersection en X,Normale,Trois véhicules et plus - collisions multiples,,,,,,,,,,,5,2,2,1,5
200700077809,0007-12-21 20:45:00,7,12,21,20,45,370,261,ALOUETTE (AVENUE),,,Nuit avec éclairage allumé,En agglomération,Hors intersection,Normale,Deux véhicules - côté,,,,,,,,,,,5,2,1,1,3
200700077810,0007-12-01 17:30:00,7,12,1,17,30,380,53,CD 522,,,Nuit sans éclairage public,Hors agglomération,Hors intersection,Normale,Deux véhicules - frontale,,,,,,,,,,,3,1,1,1,1
200700077811,0007-12-01 14:20:00,7,12,1,14,20,380,185,"22, FRANCE (QUAI DE)",,,Plein jour,En agglomération,Hors intersection,Normale,Sans collision,,,,,,,,,,,1,2,1,1,7
200700077812,0007-12-03 17:30:00,7,12,3,17,30,380,169,"00, BERTHOIN (RUE J.)",,,Nuit avec éclairage allumé,En agglomération,Hors intersection,Pluie légère,Deux véhicules - côté,,,,,,,,,,,5,2,1,2,3
200700077813,0007-12-05 19:25:00,7,12,5,19,25,380,185,"33, AMPERE (RUE )",,,Nuit avec éclairage allumé,En agglomération,Hors intersection,Normale,Deux véhicules - côté,,,,,,,,,,,5,2,1,1,3
200700077814,0007-12-06 07:30:00,7,12,6,7,30,380,185,"00, HOCHE (RUE)",,,Nuit avec éclairage allumé,En agglomération,Hors intersection,Pluie légère,Autre collision,,,,,,,,,,,5,2,1,2,6
200700077815,0007-12-06 09:00:00,7,12,6,9,0,380,169,"00, LIBERTE (RUE DE LA)",,,Plein jour,En agglomération,Intersection en X,Pluie légère,Autre collision,,,,,,,,,,,1,2,2,2,6
200700077816,0007-12-06 09:10:00,7,12,6,9,10,380,185,"00, MARIE REYNOARD (AVEN",,,Plein jour,En agglomération,Hors intersection,Pluie légère,Autre collision,,,,,,,,,,,1,2,1,2,6
200700077817,0007-12-06 19:05:00,7,12,6,19,5,380,185,"00, NOTRE DAME (PLACE)",,,Nuit avec éclairage allumé,En agglomération,Hors intersection,Pluie légère,Autre collision,,,,,,,,,,,5,2,1,2,6
200700077818,0007-12-07 18:45:00,7,12,7,18,45,380,169,"00, A.BRIAND",,,Nuit avec éclairage allumé,En agglomération,Intersection en X,Pluie légère,Deux véhicules - côté,,,,,,,,,,,5,2,2,2,3
200700077819,0007-12-09 18:40:00,7,12,9,18,40,380,151,"0, HUIT MAI 45 (AV. DU)",,,Nuit avec éclairage allumé,En agglomération,Hors intersection,Pluie légère,Deux véhicules - côté,,,,,,,,,,,5,2,1,2,3
200700077820,0007-12-10 14:00:00,7,12,10,14,0,380,185,"00, FELIX VIALLET (AVENU",,,Plein jour,En agglomération,Hors intersection,Pluie légère,Autre collision,,,,,,,,,,,1,2,1,2,6
200700077821,0007-12-10 18:45:00,7,12,10,18,45,380,158,RN.87,,,Nuit avec éclairage allumé,Hors agglomération,Hors intersection,Pluie légère,Deux véhicules - arrière,,,,,,,,,,,5,1,1,2,2
200700077822,0007-12-11 20:00:00,7,12,11,20,0,380,169,"00, ALPES (RUE DES)",,,Nuit avec éclairage allumé,En agglomération,Hors intersection,Pluie légère,Autre collision,,,,,,,,,,,5,2,1,2,6
200700077823,0007-12-13 21:25:00,7,12,13,21,25,380,423,A.48 (AUTOROUTE),,,Nuit sans éclairage public,Hors agglomération,Hors intersection,Normale,Trois véhicules et plus - en chaîne,,,,,,,,,,,3,1,1,1,4
200700077824,0007-12-15 10:20:00,7,12,15,10,20,380,179,"00, GLAIRONS (RUE DES)",,,Plein jour,En agglomération,Hors intersection,Normale,Deux véhicules - côté,,,,,,,,,,,1,2,1,1,3
200700077825,0007-12-17 12:40:00,7,12,17,12,40,380,151,"00, AVENUE DE GRUGLIASCO",,,Plein jour,En agglomération,Hors intersection,Normale,Deux véhicules - côté,,,,,,,,,,,1,2,1,1,3
200700077826,0007-12-19 08:20:00,7,12,19,8,20,380,179,RN 87,,,Plein jour,Hors agglomération,Hors intersection,Normale,Trois véhicules et plus - en chaîne,,,,,,,,,,,1,1,1,1,4
200700077827,0007-12-20 13:00:00,7,12,20,13,0,380,151,"00, ESMONIN (AV EDMOND)",,,Plein jour,En agglomération,Hors intersection,Normale,Autre collision,,,,,,,,,,,1,2,1,1,6
200700077828,0007-12-20 18:10:00,7,12,20,18,10,380,151,"00, HUIT MAI 45 (AV. DU)",,,Nuit avec éclairage allumé,En agglomération,Hors intersection,Normale,Autre collision,,,,,,,,,,,5,2,1,1,6
200700077829,0007-12-20 21:00:00,7,12,20,21,0,380,185,PONT DES MARTYRS,,,Nuit avec éclairage allumé,Hors agglomération,Hors intersection,Normale,Autre collision,,,,,,,,,,,5,1,1,1,6
200700077830,0007-12-21 05:45:00,7,12,21,5,45,380,516,VERDUN (AV. DE)OUEST PAS,,,Nuit sans éclairage public,Hors agglomération,Hors intersection,Normale,Autre collision,,,,,,,,,,,3,1,1,1,6
200700077831,0007-12-24 14:30:00,7,12,24,14,30,380,185,"63, BOULEVARD CLEMENCEAU",,,Plein jour,En agglomération,Hors intersection,Normale,Autre collision,,,,,,,,,,,1,2,1,1,6
200700077832,0007-12-24 23:40:00,7,12,24,23,40,380,185,"109, ALLIES (RUE DES)",,,Nuit avec éclairage allumé,En agglomération,Hors intersection,Normale,Autre collision,,,,,,,,,,,5,2,1,1,6
200700077833,0007-12-29 10:15:00,7,12,29,10,15,380,185,"17, VIZILLE (AVENUE DE)",,,Plein jour,En agglomération,Hors intersection,Normale,Autre collision,,,,,,,,,,,1,2,1,1,6
200700077834,0007-12-29 15:55:00,7,12,29,15,55,380,516,"16, CHARTREUSE (ROUTE DE",,,Plein jour,En agglomération,Hors intersection,Normale,Deux véhicules - arrière,,,,,,,,,,,1,2,1,1,2