accident_id,datetime,annee,mois,jour,heure,minute,departement,commune_insee,adresse,latitude,longitude,luminosite,agglomeration,intersection,meteo,collision,nb_vehicules,nb_usagers,nb_indemnes,nb_tues,nb_blesses_hosp,nb_blesses_legers,age_cond_1,age_cond_2,veh_type_cond_1,veh_type_cond_2,lum_code,agg_code,int_code,atm_code,col_code
200700078094,0007-12-13 16:35:00,7,12,13,16,35,500,129,"00, NORMANDIE (AVENUE DE",,,Plein jour,En agglomération,Hors intersection,Temps éblouissant,Sans collision,,,,,,,,,,,1,2,1,7,7
200700078095,0007-12-16 17:30:00,7,12,16,17,30,500,129,"26, CALIGNY (QUAI DE)",,,Nuit avec éclairage allumé,En agglomération,Hors intersection,Normale,Autre collision,,,,,,,,,,,5,2,1,1,6
200700078096,0007-12-17 14:00:00,7,12,17,14,0,500,129,"51, LOUBET (RUE DU PRESI",,,Plein jour,En agglomération,Hors intersection,Normale,Sans collision,,,,,,,,,,,1,2,1,1,7
200700078097,0007-12-20 18:00:00,7,12,20,18,0,500,173,"0, TOURVILLE (AVENUE DE)",,,Nuit sans éclairage public,En agglomération,Hors intersection,Normale,Autre collision,,,,,,,,,,,3,2,1,1,6
200700078098,0007-12-20 18:45:00,7,12,20,18,45,500,416,"00, D 901",,,Nuit sans éclairage public,Hors agglomération,Hors intersection,Normale,Deux véhicules - côté,,,,,,,,,,,3,1,1,1,3
200700078099,0007-12-21 08:00:00,7,12,21,8,0,500,129,ATLANTIQUE (BOULEVARD DE,,,Nuit avec éclairage allumé,En agglomération,Hors intersection,Normale,Autre collision,,,,,,,,,,,5,2,1,1,6
200700078100,0007-12-23 11:10:00,7,12,23,11,10,500,129,"00, ATLANTIQUE (BOULEVAR",,,Plein jour,En agglomération,Hors intersection,Normale,Sans collision,,,,,,,,,,,1,2,1,1,7
200700078101,0007-12-23 21:50:00,7,12,23,21,50,500,173,GAMBETTA (RUE),,,Nuit avec éclairage allumé,En agglomération,Intersection en T,Normale,Deux véhicules - frontale,,,,,,,,,,,5,2,3,1,1
200700078102,0007-12-26 09:35:00,7,12,26,9,35,500,203,"14, LANSONNEUR (RUE LOUI",,,Plein jour,En agglomération,Hors intersection,Normale,Deux véhicules - arrière,,,,,,,,,,,1,2,1,1,2
200700078103,0007-12-27 11:00:00,7,12,27,11,0,500,129,"62, MENDES FRANCE (BOULE",,,Plein jour,En agglomération,Hors intersection,Normale,Autre collision,,,,,,,,,,,1,2,1,1,6
200700078104,0007-12-27 18:50:00,7,12,27,18,50,500,602,"72, MARITIME (BOULEVARD)",,,Nuit avec éclairage allumé,En agglomération,Hors intersection,Normale,Autre collision,,,,,,,,,,,5,2,1,1,6
200700078105,0007-12-30 18:25:00,7,12,30,18,25,500,129,"0, PLYMOUTH (AVENUE DE)",,,Nuit avec éclairage allumé,En agglomération,Intersection en T,Normale,Deux véhicules - côté,,,,,,,,,,,5,2,3,1,3
200700078106,0007-12-05 09:35:00,7,12,5,9,35,500,147,ROCADE NORD,,,Plein jour,Hors agglomération,Giratoire,Pluie forte,Sans collision,,,,,,,,,,,1,1,6,3,7
200700078107,0007-12-12 08:23:00,7,12,12,8,23,500,147,ALSACE LORRAINE (BOULEVA,,,Crépuscule ou aube,Hors agglomération,Intersection en T,Normale,Autre collision,,,,,,,,,,,2,1,3,1,6
200700078108,0007-12-18 08:55:00,7,12,18,8,55,500,147,VERJUSIERE (RUE DE LA),,,Plein jour,En agglomération,Hors intersection,Normale,Deux véhicules - côté,,,,,,,,,,,1,2,1,1,3
200700078109,0007-12-18 14:05:00,7,12,18,14,5,500,147,"1, LYCEE",,,Plein jour,En agglomération,Intersection en X,Normale,Autre collision,,,,,,,,,,,1,2,2,1,6
200700078110,0007-12-27 15:30:00,7,12,27,15,30,500,532,"911, MATHURIN (RUE CHARL",,,Plein jour,En agglomération,Autre intersection,Normale,Autre collision,,,,,,,,,,,1,2,9,1,6
200700078111,0007-12-06 18:00:00,7,12,6,18,0,500,2,"2182, PERIERS (ROUTE DE)",,,Nuit sans éclairage public,Hors agglomération,Hors intersection,Pluie légère,Autre collision,,,,,,,,,,,3,1,1,2,6
200700078112,0007-12-11 14:35:00,7,12,11,14,35,500,502,"426, JUIN (rue du Maréch",,,Plein jour,En agglomération,Hors intersection,Normale,Autre collision,,,,,,,,,,,1,2,1,1,6
200700078113,0007-12-23 16:05:00,7,12,23,16,5,500,502,GERHARDT (Général),,,Plein jour,En agglomération,Hors intersection,Normale,Autre collision,,,,,,,,,,,1,2,1,1,6
200700078114,0007-12-15 19:25:00,7,12,15,19,25,510,108,"86, ROUSSEAU (RUE JEAN J",,,Nuit avec éclairage allumé,En agglomération,Hors intersection,Normale,Autre collision,,,,,,,,,,,5,2,1,1,6
200700078115,0007-12-22 14:15:00,7,12,22,14,15,510,108,METZ (AVE DE),,,Plein jour,En agglomération,Intersection en X,Normale,Deux véhicules - côté,,,,,,,,,,,1,2,2,1,3
200700078116,0007-12-30 12:13:00,7,12,30,12,13,510,108,JAURES (RUE JEAN) (N° IN,,,Plein jour,En agglomération,Giratoire,Temps couvert,Trois véhicules et plus - collisions multiples,,,,,,,,,,,1,2,6,8,5
200700078117,0007-12-22 11:45:00,7,12,22,11,45,510,230,"81, MARTIN (RUE HENRI)",,,Plein jour,En agglomération,Hors intersection,Normale,Deux véhicules - arrière,,,,,,,,,,,1,2,1,1,2
200700078118,0007-12-07 06:30:00,7,12,7,6,30,510,454,COURCELLES (RUE DE) DU 3,,,Nuit avec éclairage allumé,En agglomération,Intersection en X,Normale,Deux véhicules - côté,,,,,,,,,,,5,2,2,1,3
200700078119,0007-12-07 17:05:00,7,12,7,17,5,510,454,GUTENBERG (RUE),,,Nuit avec éclairage allumé,En agglomération,Hors intersection,Pluie légère,Deux véhicules - côté,,,,,,,,,,,5,2,1,2,3
200700078120,0007-12-12 19:05:00,7,12,12,19,5,510,454,"58, FLIN DES OLIVIERS (R",,,Nuit avec éclairage allumé,En agglomération,Intersection en T,Normale,Autre collision,,,,,,,,,,,5,2,3,1,6
200700078121,0007-12-13 13:50:00,7,12,13,13,50,510,172,ALSACE LORRAINE (BOULEVA,,,Plein jour,En agglomération,Hors intersection,Normale,Autre collision,,,,,,,,,,,1,2,1,1,6
200700078122,0007-12-17 08:35:00,7,12,17,8,35,510,454,"446, LAON (AVENUE) DU N°",,,Plein jour,En agglomération,Autre intersection,Normale,Autre collision,,,,,,,,,,,1,2,9,1,6
200700078123,0007-12-17 20:45:00,7,12,17,20,45,510,454,"112 bIS, NEUFCHATEL (RUE",,,Nuit avec éclairage allumé,En agglomération,Hors intersection,Normale,Deux véhicules - frontale,,,,,,,,,,,5,2,1,1,1
200700078124,0007-12-19 14:30:00,7,12,19,14,30,510,454,BELGES (BOULEVARD DES) D,,,Plein jour,En agglomération,Intersection en X,Normale,Autre collision,,,,,,,,,,,1,2,2,1,6
200700078125,0007-12-19 19:20:00,7,12,19,19,20,510,454,"53, COURCELLES (RUE DE)",,,Nuit avec éclairage allumé,En agglomération,Hors intersection,Normale,Deux véhicules - côté,,,,,,,,,,,5,2,1,1,3
200700078126,0007-12-21 20:50:00,7,12,21,20,50,510,454,NATIONALE (AVENUE) LA NE,,,Nuit avec éclairage allumé,En agglomération,Hors intersection,Autre,Deux véhicules - côté,,,,,,,,,,,5,2,1,9,3
200700078127,0007-12-29 10:00:00,7,12,29,10,0,520,121,RD 619,,,Plein jour,Hors agglomération,Hors intersection,Pluie légère,Autre collision,,,,,,,,,,,1,1,1,2,6
200700078128,0007-12-29 10:15:00,7,12,29,10,15,520,121,RD 619,,,Plein jour,Hors agglomération,Hors intersection,Pluie légère,Autre collision,,,,,,,,,,,1,1,1,2,6
200700078129,0007-12-13 15:45:00,7,12,13,15,45,520,121,RD 619,,,Plein jour,En agglomération,Hors intersection,Normale,Autre collision,,,,,,,,,,,1,2,1,1,6
200700078130,0007-12-01 04:55:00,7,12,1,4,55,520,121,RD 619,,,Nuit sans éclairage public,Hors agglomération,Hors intersection,Normale,Autre collision,,,,,,,,,,,3,1,1,1,6
200700078131,0007-12-07 17:50:00,7,12,7,17,50,520,121,"0, FERRY (RUE JULES)",,,Nuit avec éclairage allumé,En agglomération,Hors intersection,Pluie forte,Autre collision,,,,,,,,,,,5,2,1,3,6
200700078132,0007-12-20 20:55:00,7,12,20,20,55,520,121,R.D. 65,,,Nuit avec éclairage allumé,En agglomération,Hors intersection,Normale,Autre collision,,,,,,,,,,,5,2,1,1,6
200700078133,0007-12-22 19:30:00,7,12,22,19,30,520,121,"0, ROBESPIERRE (RUE)",,,Nuit avec éclairage allumé,En agglomération,Hors intersection,Normale,Autre collision,,,,,,,,,,,5,2,1,1,6
200700078134,0007-12-04 09:00:00,7,12,4,9,0,520,448,"54, FRANCE (RUE ANATOLE)",,,Plein jour,En agglomération,Autre intersection,Pluie légère,Autre collision,,,,,,,,,,,1,2,9,2,6
200700078135,0007-12-13 17:55:00,7,12,13,17,55,520,448,"25, VERDUN (RUE DE)",,,Crépuscule ou aube,En agglomération,Hors intersection,Normale,Deux véhicules - arrière,,,,,,,,,,,2,2,1,1,2
200700078136,0007-12-10 15:30:00,7,12,10,15,30,530,130,ELAIN (BOULEVARD PIERRE),,,Plein jour,Hors agglomération,Hors intersection,Normale,Autre collision,,,,,,,,,,,1,1,1,1,6
200700078137,0007-12-23 05:30:00,7,12,23,5,30,530,54,"VC 6, RAYEE ( LIEU DIT L",,,Nuit sans éclairage public,Hors agglomération,Hors intersection,Autre,Autre collision,,,,,,,,,,,3,1,1,9,6
200700078138,0007-12-23 13:05:00,7,12,23,13,5,530,130,"28, GUESDE ( RUE JULES )",,,Plein jour,En agglomération,Hors intersection,Autre,Autre collision,,,,,,,,,,,1,2,1,9,6
200700078139,0007-12-17 07:20:00,7,12,17,7,20,540,273,LAFAYETTE (AVENUE),,,Nuit sans éclairage public,En agglomération,Hors intersection,Normale,Deux véhicules - arrière,,,,,,,,,,,3,2,1,1,2
200700078140,0007-12-18 18:05:00,7,12,18,18,5,540,273,MOZART (RUE),,,Nuit avec éclairage allumé,En agglomération,Intersection en T,Normale,Deux véhicules - côté,,,,,,,,,,,5,2,3,1,3
200700078141,0007-12-28 23:44:00,7,12,28,23,44,540,136,DEPARTEMENTALE 15,,,Nuit sans éclairage public,Hors agglomération,Hors intersection,Temps couvert,Sans collision,,,,,,,,,,,3,1,1,8,7
200700078142,0007-12-02 18:30:00,7,12,2,18,30,540,483,"06, CANAL (RUE DU)",,,Nuit avec éclairage allumé,En agglomération,Hors intersection,Pluie forte,Deux véhicules - frontale,,,,,,,,,,,5,2,1,3,1
200700078143,0007-12-08 12:05:00,7,12,8,12,5,540,382,"108, LONGWY (ROUTE DE)",,,Plein jour,En agglomération,Hors intersection,Normale,Autre collision,,,,,,,,,,,1,2,1,1,6
200700078144,0007-12-01 00:40:00,7,12,1,0,40,540,395,"37, FAUBOURG DES TROIS M",,,Nuit avec éclairage allumé,En agglomération,Hors intersection,Normale,Deux véhicules - côté,,,,,,,,,,,5,2,1,1,3
200700078145,0007-12-02 17:50:00,7,12,2,17,50,540,526,"1, ONZE NOVEMBRE (RUE DU",,,Nuit avec éclairage allumé,En agglomération,Intersection en T,Pluie forte,Autre collision,,,,,,,,,,,5,2,3,3,6
200700078146,0007-12-03 14:50:00,7,12,3,14,50,540,395,"N, REPUBLIQUE (PLACE DE)",,,Plein jour,En agglomération,Hors intersection,Normale,Autre collision,,,,,,,,,,,1,2,1,1,6
200700078147,0007-12-04 09:25:00,7,12,4,9,25,540,328,"1, RD 570",,,Plein jour,Hors agglomération,Hors intersection,Normale,Autre collision,,,,,,,,,,,1,1,1,1,6
200700078148,0007-12-04 10:00:00,7,12,4,10,0,540,395,"19, LEOPOLD (COURS)",,,Plein jour,En agglomération,Hors intersection,Normale,Autre collision,,,,,,,,,,,1,2,1,1,6
200700078149,0007-12-04 18:30:00,7,12,4,18,30,540,439,"1, DE GAULLE (AVENUE CHA",,,Nuit avec éclairage allumé,En agglomération,Intersection en X,Normale,Deux véhicules - côté,,,,,,,,,,,5,2,2,1,3
200700078150,0007-12-05 12:15:00,7,12,5,12,15,540,395,"1, METZ (RUE DE)",,,Plein jour,En agglomération,Hors intersection,Normale,Autre collision,,,,,,,,,,,1,2,1,1,6
200700078151,0007-12-06 05:55:00,7,12,6,5,55,540,395,"1, LOBAU (BOULEVARD)",,,Nuit avec éclairage allumé,En agglomération,Intersection en X,Normale,Deux véhicules - côté,,,,,,,,,,,5,2,2,1,3
200700078152,0007-12-06 13:55:00,7,12,6,13,55,540,395,LEBRUN (RUE ALBERT),,,Plein jour,En agglomération,Intersection en T,Normale,Deux véhicules - côté,,,,,,,,,,,1,2,3,1,3
200700078153,0007-12-06 16:20:00,7,12,6,16,20,540,274,"1, POINCARE (RUE RAYMOND",,,Crépuscule ou aube,En agglomération,Intersection en T,Pluie légère,Autre collision,,,,,,,,,,,2,2,3,2,6
200700078154,0007-12-06 19:00:00,7,12,6,19,0,540,578,"1, MULLER (AVENUE PAUL)",,,Nuit avec éclairage allumé,En agglomération,Intersection en T,Pluie forte,Deux véhicules - côté,,,,,,,,,,,5,2,3,3,3
200700078155,0007-12-07 18:10:00,7,12,7,18,10,540,526,"1, TOLSTOI (BOULEVARD)",,,Nuit avec éclairage allumé,En agglomération,Intersection en T,Pluie forte,Autre collision,,,,,,,,,,,5,2,3,3,6
200700078156,0007-12-07 22:35:00,7,12,7,22,35,540,328,"1, PASTEUR (RUE LOUIS)",,,Nuit avec éclairage allumé,En agglomération,Giratoire,Pluie forte,Autre collision,,,,,,,,,,,5,2,6,3,6
200700078157,0007-12-12 07:50:00,7,12,12,7,50,540,395,"47, GARENNE (ALLEE ET AV",,,Nuit avec éclairage allumé,En agglomération,Intersection en X,Pluie forte,Autre collision,,,,,,,,,,,5,2,2,3,6
200700078158,0007-12-10 11:30:00,7,12,10,11,30,540,265,"38, DE GAULLE (RUE DU GE",,,Plein jour,En agglomération,Hors intersection,Normale,Deux véhicules - arrière,,,,,,,,,,,1,2,1,1,2
200700078159,0007-12-11 07:54:00,7,12,11,7,54,540,395,"1, CHARLEMAGNE (BD)",,,Crépuscule ou aube,En agglomération,Intersection en T,Temps couvert,Autre collision,,,,,,,,,,,2,2,3,8,6
200700078160,0007-12-11 17:25:00,7,12,11,17,25,540,395,"54b, METZ (RUE DE)",,,Nuit avec éclairage allumé,En agglomération,Hors intersection,Normale,Autre collision,,,,,,,,,,,5,2,1,1,6
200700078161,0007-12-11 17:55:00,7,12,11,17,55,540,395,STANISLAS (RUE),,,Nuit avec éclairage allumé,En agglomération,Intersection en X,Normale,Deux véhicules - côté,,,,,,,,,,,5,2,2,1,3
200700078162,0007-12-11 17:45:00,7,12,11,17,45,540,184,"1, BRIGACHTAL (AVENUE DE",,,Nuit sans éclairage public,En agglomération,Hors intersection,Normale,Trois véhicules et plus - en chaîne,,,,,,,,,,,3,2,1,1,4
200700078163,0007-12-12 12:38:00,7,12,12,12,38,540,304,"1, RESISTANCE (AV. DE LA",,,Plein jour,En agglomération,Intersection en T,Normale,Deux véhicules - côté,,,,,,,,,,,1,2,3,1,3
200700078164,0007-12-12 12:40:00,7,12,12,12,40,540,304,RESISTANCE (AV. DE LA -I,,,Plein jour,En agglomération,Intersection en X,Normale,Deux véhicules - côté,,,,,,,,,,,1,2,2,1,3
200700078165,0007-12-13 13:30:00,7,12,13,13,30,540,395,ERIGNAC (RUE CLAUDE),,,Plein jour,En agglomération,Hors intersection,Normale,Autre collision,,,,,,,,,,,1,2,1,1,6
200700078166,0007-12-13 12:45:00,7,12,13,12,45,540,257,"1, RD 570",,,Plein jour,Hors agglomération,Intersection en T,Normale,Deux véhicules - frontale,,,,,,,,,,,1,1,3,1,1
200700078167,0007-12-13 18:50:00,7,12,13,18,50,540,395,"1, LEBRUN (RUE ALBERT)",,,Nuit avec éclairage allumé,En agglomération,Hors intersection,Normale,Deux véhicules - côté,,,,,,,,,,,5,2,1,1,3
200700078168,0007-12-14 19:40:00,7,12,14,19,40,540,357,"1, DE GAULLE (AVENUE DU",,,Nuit avec éclairage allumé,En agglomération,Intersection en X,Normale,Deux véhicules - frontale,,,,,,,,,,,5,2,2,1,1
200700078169,0007-12-16 14:30:00,7,12,16,14,30,540,395,"85, METZ (RUE DE)",,,Plein jour,En agglomération,Intersection en X,Normale,Deux véhicules - arrière,,,,,,,,,,,1,2,2,1,2
200700078170,0007-12-17 07:30:00,7,12,17,7,30,540,547,"1, PERI (RUE GABRIEL)",,,Crépuscule ou aube,En agglomération,Intersection en T,Normale,Autre collision,,,,,,,,,,,2,2,3,1,6
200700078171,0007-12-17 19:00:00,7,12,17,19,0,540,395,CRISTALLERIES (RUE DES),,,Nuit avec éclairage allumé,En agglomération,Intersection en X,Normale,Deux véhicules - côté,,,,,,,,,,,5,2,2,1,3
200700078172,0007-12-19 08:15:00,7,12,19,8,15,540,395,"48, BATAILLE (QUAI DE LA",,,Plein jour,En agglomération,Intersection en T,Normale,Deux véhicules - arrière,,,,,,,,,,,1,2,3,1,2
200700078173,0007-12-19 09:20:00,7,12,19,9,20,540,395,"1, MON DESERT (RUE)",,,Plein jour,En agglomération,Intersection en X,Normale,Autre collision,,,,,,,,,,,1,2,2,1,6
200700078174,0007-12-19 17:27:00,7,12,19,17,27,540,482,"1, BARTHOU (RUE LOUIS)",,,Nuit avec éclairage allumé,En agglomération,Hors intersection,Normale,Autre collision,,,,,,,,,,,5,2,1,1,6
200700078175,0007-12-20 15:15:00,7,12,20,15,15,540,578,"8, MARON (AVENUE DE)",,,Plein jour,En agglomération,Hors intersection,Temps éblouissant,Autre collision,,,,,,,,,,,1,2,1,7,6
200700078176,0007-12-18 17:00:00,7,12,18,17,0,540,395,"195, BOUFFLERS (AV. DE 7",,,Plein jour,En agglomération,Hors intersection,Normale,Autre collision,,,,,,,,,,,1,2,1,1,6
200700078177,0007-12-21 10:10:00,7,12,21,10,10,540,578,"1, VANDOEUVRE (RUE DE)",,,Plein jour,En agglomération,Hors intersection,Normale,Autre collision,,,,,,,,,,,1,2,1,1,6
200700078178,0007-12-21 18:10:00,7,12,21,18,10,540,578,"1, LIBERATION (RUE DE LA",,,Nuit avec éclairage allumé,En agglomération,Intersection en X,Normale,Autre collision,,,,,,,,,,,5,2,2,1,6
200700078179,0007-12-21 19:55:00,7,12,21,19,55,540,526,"1, AVENIR (BD DE L')",,,Nuit avec éclairage allumé,Hors agglomération,Autre intersection,Normale,Trois véhicules et plus - en chaîne,,,,,,,,,,,5,1,9,1,4
200700078180,0007-12-22 09:00:00,7,12,22,9,0,540,526,"1, RD 2 BIS",,,Plein jour,Hors agglomération,Intersection en X,Brouillard / fumée,Deux véhicules - côté,,,,,,,,,,,1,1,2,5,3
200700078181,0007-12-22 16:15:00,7,12,22,16,15,540,395,SAINT DIZIER (RUE 2 A 80,,,Plein jour,En agglomération,Intersection en T,Normale,Autre collision,,,,,,,,,,,1,2,3,1,6
200700078182,0007-12-22 16:05:00,7,12,22,16,5,540,395,"1, PINCHARD (AVENUE - OM",,,Plein jour,En agglomération,Hors intersection,Brouillard / fumée,Autre collision,,,,,,,,,,,1,2,1,5,6
200700078183,0007-12-23 11:55:00,7,12,23,11,55,540,395,BLANDAN (IMPASSE ET RUE,,,Plein jour,En agglomération,Intersection en X,Temps éblouissant,Deux véhicules - côté,,,,,,,,,,,1,2,2,7,3
200700078184,0007-12-17 18:30:00,7,12,17,18,30,540,395,"1, BOUILLON (PLACE GODEF",,,Nuit avec éclairage allumé,En agglomération,Intersection en X,Normale,Autre collision,,,,,,,,,,,5,2,2,1,6
200700078185,0007-12-24 14:25:00,7,12,24,14,25,540,395,"16, COTE (RUE DE LA)",,,Plein jour,En agglomération,Intersection en T,Normale,Deux véhicules - côté,,,,,,,,,,,1,2,3,1,3
200700078186,0007-12-26 00:55:00,7,12,26,0,55,540,357,"12, SEILLE (RUE DE LA)",,,Nuit avec éclairage allumé,Hors agglomération,Hors intersection,Normale,Autre collision,,,,,,,,,,,5,1,1,1,6
200700078187,0007-12-26 17:28:00,7,12,26,17,28,540,395,"1, AIGUILLETTES  (BD DES",,,Nuit avec éclairage allumé,En agglomération,Intersection à plus de 4 branches,Normale,Deux véhicules - côté,,,,,,,,,,,5,2,5,1,3
200700078188,0007-12-26 17:40:00,7,12,26,17,40,540,395,"1, CONCORDE (PONT DE LA)",,,Nuit avec éclairage allumé,En agglomération,Intersection en X,Normale,Deux véhicules - côté,,,,,,,,,,,5,2,2,1,3
200700078189,0007-12-26 18:40:00,7,12,26,18,40,540,482,"1, MAINVAUX (RUE DE)",,,Nuit avec éclairage allumé,En agglomération,Intersection en T,Neige / grêle,Autre collision,,,,,,,,,,,5,2,3,4,6
200700078190,0007-12-27 10:50:00,7,12,27,10,50,540,395,ARC (RUE JEANNE D' N°1 A,,,Plein jour,En agglomération,Intersection en X,Normale,Autre collision,,,,,,,,,,,1,2,2,1,6
200700078191,0007-12-28 01:28:00,7,12,28,1,28,540,395,"64, ALBERT 1ER  (BD)",,,Nuit avec éclairage allumé,En agglomération,Intersection en X,Normale,Autre collision,,,,,,,,,,,5,2,2,1,6
200700078192,0007-12-28 01:45:00,7,12,28,1,45,540,395,"282, ARC (RUE JEANNE D')",,,Nuit avec éclairage allumé,En agglomération,Intersection en X,Normale,Deux véhicules - arrière,,,,,,,,,,,5,2,2,1,2
200700078193,0007-12-30 18:40:00,7,12,30,18,40,540,395,"330, BOUFFLERS (AV. DE 7",,,Nuit avec éclairage allumé,En agglomération,Hors intersection,Normale,Deux véhicules - côté,,,,,,,,,,,5,2,1,1,3
200700078194,0007-12-31 12:05:00,7,12,31,12,5,540,528,"635, ALBERT DENIS",,,Plein jour,En agglomération,Hors intersection,Normale,Autre collision,,,,,,,,,,,1,2,1,1,6
200700078195,0007-12-22 11:12:00,7,12,22,11,12,540,528,LIBERATION,,,Plein jour,En agglomération,Intersection en T,Normale,Autre collision,,,,,,,,,,,1,2,3,1,6
200700078196,0007-12-04 22:40:00,7,12,4,22,40,540,167,FOCH (AVENUE),,,Nuit avec éclairage allumé,En agglomération,Intersection en Y,Normale,Autre collision,,,,,,,,,,,5,2,4,1,6
200700078197,0007-12-06 20:08:00,7,12,6,20,8,540,528,GENERAL BIGEARD (AVENUE),,,Nuit avec éclairage allumé,En agglomération,Intersection en T,Pluie forte,Deux véhicules - arrière,,,,,,,,,,,5,2,3,3,2
200700078198,0007-12-04 18:58:00,7,12,4,18,58,540,528,VAUBAN,,,Nuit avec éclairage allumé,En agglomération,Hors intersection,Normale,Deux véhicules - arrière,,,,,,,,,,,5,2,1,1,2
200700078199,0007-12-06 17:50:00,7,12,6,17,50,540,167,"35, GENERAL LECLERC (AVE",,,Nuit avec éclairage allumé,En agglomération,Hors intersection,Pluie forte,Autre collision,,,,,,,,,,,5,2,1,3,6
200700078200,0007-12-01 20:55:00,7,12,1,20,55,540,528,RD400,,,Nuit avec éclairage allumé,En agglomération,Intersection à plus de 4 branches,Normale,Deux véhicules - frontale,,,,,,,,,,,5,2,5,1,1
200700078201,0007-12-07 10:05:00,7,12,7,10,5,540,167,HOPITAL JEANNE D'ARC,,,Plein jour,Hors agglomération,Intersection en X,Pluie légère,Deux véhicules - côté,,,,,,,,,,,1,1,2,2,3
200700078202,0007-12-07 19:20:00,7,12,7,19,20,540,528,PINTEVILLE (BOULEVARD),,,Nuit avec éclairage allumé,En agglomération,Intersection en T,Pluie légère,Autre collision,,,,,,,,,,,5,2,3,2,6
200700078203,0007-12-18 14:15:00,7,12,18,14,15,540,528,D611,,,Plein jour,Hors agglomération,Hors intersection,Normale,Deux véhicules - côté,,,,,,,,,,,1,1,1,1,3
200700078204,0007-12-06 20:40:00,7,12,6,20,40,540,580,"13, VERDUN (RUE DE)",,,Nuit avec éclairage allumé,En agglomération,Hors intersection,Pluie légère,Deux véhicules - arrière,,,,,,,,,,,5,2,1,2,2
200700078205,0007-12-01 21:00:00,7,12,1,21,0,550,186,"1, MAIRIE ( PLACE DE LA",,,Nuit avec éclairage allumé,En agglomération,Intersection en T,Normale,Deux véhicules - côté,,,,,,,,,,,5,2,3,1,3
200700078206,0007-12-08 15:15:00,7,12,8,15,15,550,29,"1, BRADFER ( RUE ERNEST",,,Plein jour,En agglomération,Hors intersection,Normale,Autre collision,,,,,,,,,,,1,2,1,1,6
200700078207,0007-12-13 14:00:00,7,12,13,14,0,550,29,"69, POINCARE ( BOULEVARD",,,Plein jour,En agglomération,Hors intersection,Normale,Trois véhicules et plus - collisions multiples,,,,,,,,,,,1,2,1,1,5
200700078208,0007-12-18 17:30:00,7,12,18,17,30,550,29,"187, VEEL ( RUE DE )",,,Crépuscule ou aube,En agglomération,Hors intersection,Normale,Deux véhicules - arrière,,,,,,,,,,,2,2,1,1,2
200700078209,0007-12-20 08:10:00,7,12,20,8,10,550,29,"5, BAR LA VILLE ( RUE )",,,Plein jour,En agglomération,Hors intersection,Normale,Autre collision,,,,,,,,,,,1,2,1,1,6
200700078210,0007-12-21 14:30:00,7,12,21,14,30,550,302,D180,,,Plein jour,Hors agglomération,Hors intersection,Normale,Autre collision,,,,,,,,,,,1,1,1,1,6
200700078211,0007-12-22 21:15:00,7,12,22,21,15,550,186,D146,,,Nuit sans éclairage public,Hors agglomération,Hors intersection,Autre,Autre collision,,,,,,,,,,,3,1,1,9,6
200700078212,0007-12-26 11:20:00,7,12,26,11,20,550,236,CD 903,,,Plein jour,Hors agglomération,Hors intersection,Temps couvert,Deux véhicules - côté,,,,,,,,,,,1,1,1,8,3
200700078213,0007-12-02 14:55:00,7,12,2,14,55,560,83,"., QUIMPERO ( ET RD-POIN",,,Plein jour,En agglomération,Giratoire,Pluie légère,Deux véhicules - arrière,,,,,,,,,,,1,2,6,2,2
200700078214,0007-12-03 17:17:00,7,12,3,17,17,560,121,"., ROUTE DEPARTEMENTALE",,,Crépuscule ou aube,En agglomération,Hors intersection,Normale,Sans collision,,,,,,,,,,,2,2,1,1,7
200700078215,0007-12-04 08:20:00,7,12,4,8,20,560,83,"., GARDELOUPE ( R-P DE L",,,Plein jour,En agglomération,Giratoire,Normale,Deux véhicules - côté,,,,,,,,,,,1,2,6,1,3
200700078216,0007-12-05 08:22:00,7,12,5,8,22,560,83,"., GARDELOUPE ( R-P DE L",,,Crépuscule ou aube,En agglomération,Giratoire,Pluie légère,Deux véhicules - côté,,,,,,,,,,,2,2,6,2,3
200700078217,0007-12-06 13:01:00,7,12,6,13,1,560,121,"., KERGUESTENEN (RUE  DE",,,Plein jour,En agglomération,Intersection en T,Pluie légère,Deux véhicules - côté,,,,,,,,,,,1,2,3,2,3
200700078218,0007-12-06 18:37:00,7,12,6,18,37,560,98,"., COMMUNE DE PARIS ( AV",,,Nuit avec éclairage allumé,En agglomération,Intersection en X,Normale,Deux véhicules - côté,,,,,,,,,,,5,2,2,1,3
200700078219,0007-12-07 18:40:00,7,12,7,18,40,560,121,"123, MULLER ( DU COLONEL",,,Nuit avec éclairage allumé,En agglomération,Hors intersection,Normale,Sans collision,,,,,,,,,,,5,2,1,1,7
200700078220,0007-12-12 18:15:00,7,12,12,18,15,560,121,KENNEDY ( ET RD-PT DU PR,,,Nuit avec éclairage allumé,En agglomération,Giratoire,Normale,Deux véhicules - côté,,,,,,,,,,,5,2,6,1,3
200700078221,0007-12-11 19:12:00,7,12,11,19,12,560,98,"., GAGARINE (RUE  YOURI",,,Nuit avec éclairage allumé,En agglomération,Hors intersection,Normale,Deux véhicules - côté,,,,,,,,,,,5,2,1,1,3
200700078222,0007-12-12 07:45:00,7,12,12,7,45,560,121,"., KENNEDY ( ET RD-PT DU",,,Nuit avec éclairage allumé,En agglomération,Giratoire,Normale,Deux véhicules - côté,,,,,,,,,,,5,2,6,1,3