accident_id,datetime,annee,mois,jour,heure,minute,departement,commune_insee,adresse,latitude,longitude,luminosite,agglomeration,intersection,meteo,collision,nb_vehicules,nb_usagers,nb_indemnes,nb_tues,nb_blesses_hosp,nb_blesses_legers,age_cond_1,age_cond_2,veh_type_cond_1,veh_type_cond_2,lum_code,agg_code,int_code,atm_code,col_code
200700078223,0007-12-12 08:00:00,7,12,12,8,0,560,121,"88, MULLER ( DU COLONEL",,,Nuit avec éclairage allumé,En agglomération,Hors intersection,Normale,Deux véhicules - côté,,,,,,,,,,,5,2,1,1,3
200700078224,0007-12-13 07:03:00,7,12,13,7,3,560,83,"., JAURES ( AV. JEAN )",,,Nuit avec éclairage allumé,En agglomération,Hors intersection,Pluie légère,Sans collision,,,,,,,,,,,5,2,1,2,7
200700078225,0007-12-13 21:40:00,7,12,13,21,40,560,121,"89, LANVEUR ( ET PL. DE",,,Nuit avec éclairage allumé,En agglomération,Hors intersection,Normale,Deux véhicules - frontale,,,,,,,,,,,5,2,1,1,1
200700078226,0007-12-14 08:51:00,7,12,14,8,51,560,121,"., ORADOUR SUR GLANE ( B",,,Nuit avec éclairage allumé,En agglomération,Intersection en X,Autre,Sans collision,,,,,,,,,,,5,2,2,9,7
200700078227,0007-12-17 10:45:00,7,12,17,10,45,560,121,"18, JAURES ( AVE JEAN )",,,Plein jour,En agglomération,Hors intersection,Normale,Autre collision,,,,,,,,,,,1,2,1,1,6
200700078228,0007-12-17 16:12:00,7,12,17,16,12,560,162,"., KERGOAT",,,Plein jour,Hors agglomération,Intersection en X,Normale,Deux véhicules - côté,,,,,,,,,,,1,1,2,1,3
200700078229,0007-12-18 08:50:00,7,12,18,8,50,560,121,"81, MONISTROL (RUE)",,,Crépuscule ou aube,En agglomération,Hors intersection,Normale,Autre collision,,,,,,,,,,,2,2,1,1,6
200700078230,0007-12-18 21:05:00,7,12,18,21,5,560,121,"., KENNEDY ( ET RD-PT DU",,,Nuit avec éclairage allumé,En agglomération,Hors intersection,Normale,Sans collision,,,,,,,,,,,5,2,1,1,7
200700078231,0007-12-18 18:20:00,7,12,18,18,20,560,98,"18, CROIZAT ( AVE AMBROI",,,Nuit avec éclairage non allumé,En agglomération,Hors intersection,Normale,Deux véhicules - arrière,,,,,,,,,,,4,2,1,1,2
200700078232,0007-12-20 11:44:00,7,12,20,11,44,560,121,"., SVOB ( BOULEVARD EMMA",,,Plein jour,En agglomération,Hors intersection,Normale,Deux véhicules - côté,,,,,,,,,,,1,2,1,1,3
200700078233,0007-12-21 17:50:00,7,12,21,17,50,560,83,ROUTE NATIONALE  165,,,Crépuscule ou aube,Hors agglomération,Hors intersection,Normale,Sans collision,,,,,,,,,,,2,1,1,1,7
200700078234,0007-12-21 21:11:00,7,12,21,21,11,560,98,"43, HERMINIER (RUE COMMA",,,Nuit avec éclairage allumé,En agglomération,Intersection en X,Normale,Sans collision,,,,,,,,,,,5,2,2,1,7
200700078235,0007-12-22 13:45:00,7,12,22,13,45,560,121,"., BELGIQUE (RUE  DE )",,,Plein jour,En agglomération,Intersection en X,Normale,Deux véhicules - côté,,,,,,,,,,,1,2,2,1,3
200700078236,0007-12-23 16:40:00,7,12,23,16,40,560,162,"., ROUTE DEPARTEMENTALE",,,Plein jour,Hors agglomération,Giratoire,Normale,Deux véhicules - côté,,,,,,,,,,,1,1,6,1,3
200700078237,0007-12-21 08:25:00,7,12,21,8,25,560,121,"., FLANDRES-DUNKERQUE (",,,Crépuscule ou aube,En agglomération,Intersection en X,Normale,Deux véhicules - arrière,,,,,,,,,,,2,2,2,1,2
200700078238,0007-12-24 17:53:00,7,12,24,17,53,560,121,"., KERYADO ( RD-PT DE )",,,Crépuscule ou aube,En agglomération,Giratoire,Normale,Autre collision,,,,,,,,,,,2,2,6,1,6
200700078239,0007-12-26 09:41:00,7,12,26,9,41,560,121,"138, BELGIQUE (RUE  DE )",,,Plein jour,En agglomération,Hors intersection,Normale,Autre collision,,,,,,,,,,,1,2,1,1,6
200700078240,0007-12-26 09:50:00,7,12,26,9,50,560,121,"., ROUTE DEPARTEMENTALE",,,Plein jour,En agglomération,Hors intersection,Normale,Sans collision,,,,,,,,,,,1,2,1,1,7
200700078241,0007-12-28 18:54:00,7,12,28,18,54,560,98,"5, NORMANDIE NIEMEN ( BD",,,Nuit avec éclairage allumé,En agglomération,Hors intersection,Normale,Sans collision,,,,,,,,,,,5,2,1,1,7
200700078242,0007-12-29 02:30:00,7,12,29,2,30,560,107,"., LE PORT (ROGER BOULEV",,,Nuit avec éclairage allumé,En agglomération,Hors intersection,Normale,Sans collision,,,,,,,,,,,5,2,1,1,7
200700078243,0007-12-28 18:00:00,7,12,28,18,0,560,260,"101, MARNE(BLD DE LA) 41",,,Plein jour,En agglomération,Hors intersection,Normale,Autre collision,,,,,,,,,,,1,2,1,1,6
200700078244,0007-12-15 14:50:00,7,12,15,14,50,560,260,"., THIERS(RUE)",,,Plein jour,En agglomération,Hors intersection,Normale,Autre collision,,,,,,,,,,,1,2,1,1,6
200700078245,0007-12-16 15:35:00,7,12,16,15,35,560,260,"., MARNE(BLD DE LA) 111",,,Plein jour,En agglomération,Autre intersection,Normale,Autre collision,,,,,,,,,,,1,2,9,1,6
200700078246,0007-12-30 10:30:00,7,12,30,10,30,560,260,SUFFREN(AVENUE DE),,,Plein jour,En agglomération,Intersection en X,Normale,Deux véhicules - côté,,,,,,,,,,,1,2,2,1,3
200700078247,0007-12-28 17:30:00,7,12,28,17,30,570,660,NATIONALE(RUE)R.SCHOENEC,,,Nuit avec éclairage non allumé,En agglomération,Hors intersection,Pluie légère,Deux véhicules - côté,,,,,,,,,,,4,2,1,2,3
200700078248,0007-12-21 17:50:00,7,12,21,17,50,570,227,NATIONALE(RUE)GIRAT.MERL,,,Nuit avec éclairage allumé,En agglomération,Intersection en T,Normale,Deux véhicules - côté,,,,,,,,,,,5,2,3,1,3
200700078249,0007-12-20 18:00:00,7,12,20,18,0,570,19,"72, ROMAINS (RUE DES)",,,Nuit avec éclairage allumé,En agglomération,Intersection en T,Normale,Deux véhicules - frontale,,,,,,,,,,,5,2,3,1,1
200700078250,0007-12-21 12:10:00,7,12,21,12,10,570,253,WILSON (RUE DU PRESIDENT,,,Plein jour,En agglomération,Hors intersection,Normale,Deux véhicules - arrière,,,,,,,,,,,1,2,1,1,2
200700078251,0007-12-02 10:50:00,7,12,2,10,50,570,480,"05, GENERAL FRANIATTE (R",,,Plein jour,En agglomération,Intersection en Y,Pluie légère,Deux véhicules - arrière,,,,,,,,,,,1,2,4,2,2
200700078252,0007-12-05 13:30:00,7,12,5,13,30,570,463,"00, SALIS (RUE DE )",,,Plein jour,En agglomération,Hors intersection,Normale,Deux véhicules - côté,,,,,,,,,,,1,2,1,1,3
200700078253,0007-12-06 11:55:00,7,12,6,11,55,570,487,"00, PETIT SAULCY (RUE DU",,,Plein jour,En agglomération,Hors intersection,Normale,Deux véhicules - côté,,,,,,,,,,,1,2,1,1,3
200700078254,0007-12-07 18:50:00,7,12,7,18,50,570,463,"70, SENTE A MY (RUE )",,,Nuit avec éclairage allumé,Hors agglomération,Hors intersection,Pluie légère,Sans collision,,,,,,,,,,,5,1,1,2,7
200700078255,0007-12-08 17:05:00,7,12,8,17,5,570,487,"00, ARS (ROUTE D')",,,Nuit sans éclairage public,Hors agglomération,Hors intersection,Pluie forte,Deux véhicules - frontale,,,,,,,,,,,3,1,1,3,1
200700078256,0007-12-09 20:08:00,7,12,9,20,8,570,463,"01, ARSENAL (RUE  DE L')",,,Nuit avec éclairage allumé,En agglomération,Place,Pluie forte,Autre collision,,,,,,,,,,,5,2,7,3,6
200700078257,0007-12-10 17:15:00,7,12,10,17,15,570,463,ANDRE MAGINOT (BOULEVARD,,,Nuit avec éclairage allumé,En agglomération,Intersection en T,Pluie légère,Autre collision,,,,,,,,,,,5,2,3,2,6
200700078258,0007-12-13 09:15:00,7,12,13,9,15,570,463,"00, BARONETE (RUE DE LA)",,,Plein jour,En agglomération,Hors intersection,Temps éblouissant,Autre collision,,,,,,,,,,,1,2,1,7,6
200700078259,0007-12-14 22:25:00,7,12,14,22,25,570,463,"00, CLAUDE BERNARD (RUE",,,Nuit avec éclairage allumé,En agglomération,Hors intersection,Normale,Autre collision,,,,,,,,,,,5,2,1,1,6
200700078260,0007-12-15 12:30:00,7,12,15,12,30,570,463,"31, VERDUN (RUE DE )",,,Plein jour,En agglomération,Hors intersection,Normale,Sans collision,,,,,,,,,,,1,2,1,1,7
200700078261,0007-12-15 22:40:00,7,12,15,22,40,570,463,"00, STRASBOURG (AVENUE D",,,Nuit avec éclairage allumé,En agglomération,Hors intersection,Normale,Deux véhicules - arrière,,,,,,,,,,,5,2,1,1,2
200700078262,0007-12-18 13:10:00,7,12,18,13,10,570,463,"00, JULES LAGNEAU (RUE )",,,Plein jour,En agglomération,Intersection en X,Normale,Deux véhicules - côté,,,,,,,,,,,1,2,2,1,3
200700078263,0007-12-20 14:20:00,7,12,20,14,20,570,463,"90, VALLIERES (RUE DE )",,,Plein jour,Hors agglomération,Intersection en T,Normale,Deux véhicules - côté,,,,,,,,,,,1,1,3,1,3
200700078264,0007-12-29 17:45:00,7,12,29,17,45,570,463,"00, FORT DES BORDES (RUE",,,Nuit avec éclairage allumé,En agglomération,Intersection en X,Temps couvert,Deux véhicules - côté,,,,,,,,,,,5,2,2,8,3
200700078265,0007-12-31 18:05:00,7,12,31,18,5,570,463,"00, GUYENNE (BOULEVARD D",,,Nuit avec éclairage allumé,En agglomération,Hors intersection,Normale,Autre collision,,,,,,,,,,,5,2,1,1,6
200700078266,0007-12-09 16:25:00,7,12,9,16,25,570,606,RN 3,,,Crépuscule ou aube,Hors agglomération,Hors intersection,Normale,Autre collision,,,,,,,,,,,2,1,1,1,6
200700078267,0007-12-15 00:02:00,7,12,15,0,2,570,606,ALTMAYER (RUE DES GENERA,,,Nuit sans éclairage public,Hors agglomération,Hors intersection,Normale,Autre collision,,,,,,,,,,,3,1,1,1,6
200700078268,0007-12-14 17:40:00,7,12,14,17,40,570,12,"28, FOCH (RUE)",,,Nuit avec éclairage allumé,En agglomération,Hors intersection,Normale,Autre collision,,,,,,,,,,,5,2,1,1,6
200700078269,0007-12-01 17:15:00,7,12,1,17,15,570,221,LORRAINE (AVENUE DE),,,Nuit avec éclairage allumé,En agglomération,Intersection en T,Normale,Deux véhicules - frontale,,,,,,,,,,,5,2,3,1,1
200700078270,0007-12-03 15:15:00,7,12,3,15,15,570,672,"0, ROMAINS (ROUTE DES)",,,Plein jour,En agglomération,Hors intersection,Normale,Sans collision,,,,,,,,,,,1,2,1,1,7
200700078271,0007-12-10 17:45:00,7,12,10,17,45,570,221,DESCARTES (RUE),,,Nuit avec éclairage allumé,En agglomération,Hors intersection,Pluie légère,Deux véhicules - frontale,,,,,,,,,,,5,2,1,2,1
200700078272,0007-12-11 15:18:00,7,12,11,15,18,570,672,GENERAL DE CASTELNAU (RU,,,Plein jour,En agglomération,Hors intersection,Normale,Autre collision,,,,,,,,,,,1,2,1,1,6
200700078273,0007-12-12 10:40:00,7,12,12,10,40,570,672,"0, RAYMOND POINCARE (ALL",,,Plein jour,En agglomération,Hors intersection,Normale,Deux véhicules - côté,,,,,,,,,,,1,2,1,1,3
200700078274,0007-12-17 18:53:00,7,12,17,18,53,570,672,"0, SAINT-MARTIN (RUE)",,,Nuit avec éclairage allumé,En agglomération,Intersection en X,Normale,Deux véhicules - côté,,,,,,,,,,,5,2,2,1,3
200700078275,0007-12-20 15:53:00,7,12,20,15,53,570,757,Nations (Avenue),,,Plein jour,En agglomération,Hors intersection,Normale,Autre collision,,,,,,,,,,,1,2,1,1,6
200700078276,0007-12-21 10:50:00,7,12,21,10,50,570,672,"0, PAUL ALBERT (RUE) - I",,,Plein jour,En agglomération,Giratoire,Temps éblouissant,Deux véhicules - arrière,,,,,,,,,,,1,2,6,7,2
200700078277,0007-12-23 03:30:00,7,12,23,3,30,570,666,"189, VERDUN (ROUTE DE)",,,Nuit avec éclairage allumé,En agglomération,Hors intersection,Normale,Autre collision,,,,,,,,,,,5,2,1,1,6
200700078278,0007-12-29 04:20:00,7,12,29,4,20,570,666,"87, VERDUN (ROUTE DE)",,,Nuit avec éclairage allumé,En agglomération,Hors intersection,Normale,Autre collision,,,,,,,,,,,5,2,1,1,6
200700078279,0007-12-28 00:25:00,7,12,28,0,25,570,666,"0, 14 JUILLET (AVENUE DU",,,Nuit avec éclairage allumé,En agglomération,Hors intersection,Pluie légère,Autre collision,,,,,,,,,,,5,2,1,2,6
200700078280,0007-12-31 08:55:00,7,12,31,8,55,570,672,METZ (ROUTE),,,Plein jour,En agglomération,Hors intersection,Normale,Deux véhicules - côté,,,,,,,,,,,1,2,1,1,3
200700078281,0007-12-30 17:40:00,7,12,30,17,40,580,194,"sans, HENRI BOUQUILLARD",,,Nuit avec éclairage allumé,En agglomération,Intersection en X,Brouillard / fumée,Deux véhicules - côté,,,,,,,,,,,5,2,2,5,3
200700078282,0007-12-03 21:10:00,7,12,3,21,10,580,194,"2, SAINT BENIN",,,Nuit avec éclairage allumé,En agglomération,Hors intersection,Pluie forte,Sans collision,,,,,,,,,,,5,2,1,3,7
200700078283,0007-12-07 14:55:00,7,12,7,14,55,580,194,"sans, CHAUSSADE",,,Plein jour,En agglomération,Hors intersection,Normale,Sans collision,,,,,,,,,,,1,2,1,1,7
200700078284,0007-12-24 08:05:00,7,12,24,8,5,580,194,"sans, COLONEL JEAN PIERR",,,Crépuscule ou aube,En agglomération,Hors intersection,Brouillard / fumée,Sans collision,,,,,,,,,,,2,2,1,5,7
200700078285,0007-12-01 15:55:00,7,12,1,15,55,580,194,"SANS, GAUTRON DU COUDRAY",,,Plein jour,En agglomération,Giratoire,Pluie légère,Deux véhicules - côté,,,,,,,,,,,1,2,6,2,3
200700078286,0007-12-08 18:30:00,7,12,8,18,30,580,194,"sans, FRANCHET D'ESPEREY",,,Nuit avec éclairage allumé,En agglomération,Intersection en X,Pluie légère,Deux véhicules - côté,,,,,,,,,,,5,2,2,2,3
200700078287,0007-12-11 18:15:00,7,12,11,18,15,580,194,"SANS, MARECHAL JUIN",,,Nuit avec éclairage allumé,En agglomération,Hors intersection,Pluie légère,Deux véhicules - côté,,,,,,,,,,,5,2,1,2,3
200700078288,0007-12-13 18:35:00,7,12,13,18,35,580,194,"sans, COLBERT",,,Nuit avec éclairage allumé,En agglomération,Hors intersection,Normale,Deux véhicules - côté,,,,,,,,,,,5,2,1,1,3
200700078289,0007-12-13 17:15:00,7,12,13,17,15,580,194,"sans, SAINT EXUPERY (BOU",,,Nuit avec éclairage allumé,En agglomération,Hors intersection,Normale,Autre collision,,,,,,,,,,,5,2,1,1,6
200700078290,0007-12-13 17:25:00,7,12,13,17,25,580,194,"41, COLBERT",,,Nuit avec éclairage allumé,En agglomération,Hors intersection,Normale,Autre collision,,,,,,,,,,,5,2,1,1,6
200700078291,0007-12-18 10:55:00,7,12,18,10,55,580,194,"sans, PETIT MOUESSE",,,Plein jour,En agglomération,Intersection en X,Normale,Deux véhicules - côté,,,,,,,,,,,1,2,2,1,3
200700078292,0007-12-20 22:05:00,7,12,20,22,5,580,194,"45, SAULAIES (ROUTE)",,,Nuit avec éclairage allumé,En agglomération,Hors intersection,Autre,Autre collision,,,,,,,,,,,5,2,1,9,6
200700078293,0007-12-22 15:20:00,7,12,22,15,20,580,194,"sans, CHAMP DE FOIRE (PL",,,Plein jour,En agglomération,Hors intersection,Normale,Autre collision,,,,,,,,,,,1,2,1,1,6
200700078294,0007-12-26 17:15:00,7,12,26,17,15,580,194,"SANS, VICTOR HUGO (BOULE",,,Nuit sans éclairage public,En agglomération,Hors intersection,Brouillard / fumée,Trois véhicules et plus - en chaîne,,,,,,,,,,,3,2,1,5,4
200700078295,0007-12-24 11:20:00,7,12,24,11,20,590,17,DEPORTES (RUE DES),,,Plein jour,En agglomération,Hors intersection,Normale,Autre collision,,,,,,,,,,,1,2,1,1,6
200700078296,0007-12-02 21:10:00,7,12,2,21,10,590,431,ARMENTIERES  (RUE D' ),,,Nuit avec éclairage allumé,En agglomération,Hors intersection,Pluie légère,Deux véhicules - arrière,,,,,,,,,,,5,2,1,2,2
200700078297,0007-12-07 17:15:00,7,12,7,17,15,590,17,LEBLEU (RUE JULES ),,,Nuit avec éclairage allumé,En agglomération,Intersection en X,Autre,Autre collision,,,,,,,,,,,5,2,2,9,6
200700078298,0007-12-16 02:40:00,7,12,16,2,40,590,431,ARMENTIERES  (RUE D' ),,,Nuit avec éclairage allumé,En agglomération,Intersection en X,Normale,Deux véhicules - arrière,,,,,,,,,,,5,2,2,1,2
200700078299,0007-12-17 23:45:00,7,12,17,23,45,590,17,"38, MESSINES (RUE DE )",,,Nuit avec éclairage allumé,En agglomération,Autre intersection,Autre,Autre collision,,,,,,,,,,,5,2,9,9,6
200700078300,0007-12-18 13:40:00,7,12,18,13,40,590,17,LEBLEU (RUE JULES ),,,Plein jour,En agglomération,Hors intersection,Temps couvert,Deux véhicules - arrière,,,,,,,,,,,1,2,1,8,2
200700078301,0007-12-28 11:00:00,7,12,28,11,0,590,431,"1663, ARMENTIERES  (RUE",,,Plein jour,En agglomération,Intersection en X,Normale,Deux véhicules - côté,,,,,,,,,,,1,2,2,1,3
200700078302,0007-12-06 07:15:00,7,12,6,7,15,590,467,"105, 8 MAI 1945 (RUE DU)",,,Nuit avec éclairage allumé,En agglomération,Hors intersection,Temps couvert,Deux véhicules - côté,,,,,,,,,,,5,2,1,8,3
200700078303,0007-12-15 11:15:00,7,12,15,11,15,590,467,"53, BERLAIMONT (ROUTE DE",,,Plein jour,Hors agglomération,Hors intersection,Normale,Autre collision,,,,,,,,,,,1,1,1,1,6
200700078304,0007-12-18 10:41:00,7,12,18,10,41,590,122,", FAIDHERBE (BOULEVARD)",,,Plein jour,En agglomération,Autre intersection,Normale,Autre collision,,,,,,,,,,,1,2,9,1,6
200700078305,0007-12-19 10:16:00,7,12,19,10,16,590,122,PASTEUR (RUE),,,Plein jour,En agglomération,Hors intersection,Normale,Autre collision,,,,,,,,,,,1,2,1,1,6
200700078306,0007-12-24 16:25:00,7,12,24,16,25,590,122,POMPIDOU (AVENUE GEORGES,,,Plein jour,En agglomération,Intersection en X,Normale,Autre collision,,,,,,,,,,,1,2,2,1,6
200700078307,0007-12-30 20:00:00,7,12,30,20,0,590,244,BAPAUME (ROUTE DE),,,Nuit avec éclairage allumé,En agglomération,Hors intersection,Normale,Deux véhicules - arrière,,,,,,,,,,,5,2,1,1,2
200700078308,0007-12-22 09:45:00,7,12,22,9,45,590,253,"1, ZOLA (RUE EMILE )",,,Plein jour,En agglomération,Hors intersection,Neige / grêle,Sans collision,,,,,,,,,,,1,2,1,4,7
200700078309,0007-12-22 18:55:00,7,12,22,18,55,590,153,BONSECOURS (ROUTE DE ),,,Nuit avec éclairage allumé,En agglomération,Hors intersection,Normale,Sans collision,,,,,,,,,,,5,2,1,1,7
200700078310,0007-12-19 09:40:00,7,12,19,9,40,590,153,CHAUSSIETTE (RUE DE LA ),,,Plein jour,En agglomération,Intersection en X,Pluie légère,Deux véhicules - côté,,,,,,,,,,,1,2,2,2,3
200700078311,0007-12-23 21:50:00,7,12,23,21,50,590,616,GUESDE (RUE JULES ),,,Nuit avec éclairage allumé,En agglomération,Hors intersection,Pluie légère,Sans collision,,,,,,,,,,,5,2,1,2,7
200700078312,0007-12-29 15:40:00,7,12,29,15,40,590,297,"1, EGALITE (R. DE L')",,,Plein jour,En agglomération,Hors intersection,Normale,Autre collision,,,,,,,,,,,1,2,1,1,6
200700078313,0007-12-14 22:25:00,7,12,14,22,25,590,632,"12, DELORY (R. GUSTAVE)",,,Nuit avec éclairage allumé,En agglomération,Hors intersection,Normale,Autre collision,,,,,,,,,,,5,2,1,1,6
200700078314,0007-12-24 16:15:00,7,12,24,16,15,590,2,"., MICHELET (IMPASSE)",,,Plein jour,En agglomération,Autre intersection,Normale,Autre collision,,,,,,,,,,,1,2,9,1,6
200700078315,0007-12-24 15:10:00,7,12,24,15,10,590,172,"148ter, VILLARS (R.)",,,Plein jour,En agglomération,Hors intersection,Normale,Autre collision,,,,,,,,,,,1,2,1,1,6
200700078316,0007-12-04 07:25:00,7,12,4,7,25,590,155,"190, HUGO VICTOR",,,Nuit sans éclairage public,En agglomération,Hors intersection,Normale,Autre collision,,,,,,,,,,,3,2,1,1,6
200700078317,0007-12-05 12:45:00,7,12,5,12,45,590,183,"0000., NATIONS - PLACE",,,Plein jour,En agglomération,Hors intersection,Pluie légère,Autre collision,,,,,,,,,,,1,2,1,2,6
200700078318,0007-12-06 08:35:00,7,12,6,8,35,590,183,BAINS - PONT,,,Plein jour,En agglomération,Hors intersection,Pluie légère,Deux véhicules - côté,,,,,,,,,,,1,2,1,2,3
200700078319,0007-12-06 12:10:00,7,12,6,12,10,590,183,"42, SUD",,,Plein jour,En agglomération,Hors intersection,Pluie forte,Autre collision,,,,,,,,,,,1,2,1,3,6
200700078320,0007-12-07 13:05:00,7,12,7,13,5,590,183,"., ECLUSE WATIER - ROUTE",,,Plein jour,En agglomération,Hors intersection,Vent fort / tempête,Autre collision,,,,,,,,,,,1,2,1,6,6
200700078321,0007-12-10 18:35:00,7,12,10,18,35,590,540,"000, REPUBLIQUE",,,Nuit avec éclairage allumé,En agglomération,Intersection en X,Pluie légère,Deux véhicules - côté,,,,,,,,,,,5,2,2,2,3
200700078322,0007-12-08 05:30:00,7,12,8,5,30,590,271,RN 1,,,Nuit avec éclairage allumé,En agglomération,Hors intersection,Normale,Autre collision,,,,,,,,,,,5,2,1,1,6
200700078323,0007-12-11 19:50:00,7,12,11,19,50,590,183,"0000., EGALITE",,,Nuit avec éclairage allumé,En agglomération,Intersection en X,Pluie légère,Deux véhicules - côté,,,,,,,,,,,5,2,2,2,3
200700078324,0007-12-13 15:35:00,7,12,13,15,35,590,183,"0.000, SCHUMAN MAURICE -",,,Plein jour,En agglomération,Autre intersection,Normale,Deux véhicules - côté,,,,,,,,,,,1,2,9,1,3
200700078325,0007-12-13 17:10:00,7,12,13,17,10,590,183,"98, ALEXANDRE III - BOUL",,,Crépuscule ou aube,En agglomération,Hors intersection,Normale,Deux véhicules - côté,,,,,,,,,,,2,2,1,1,3
200700078326,0007-12-14 16:00:00,7,12,14,16,0,590,183,"00000, 11 NOVEMBRE - RUE",,,Plein jour,En agglomération,Hors intersection,Normale,Autre collision,,,,,,,,,,,1,2,1,1,6
200700078327,0007-12-09 19:15:00,7,12,9,19,15,590,155,"0000, PASTEUR",,,Nuit avec éclairage allumé,En agglomération,Intersection en X,Pluie légère,Deux véhicules - côté,,,,,,,,,,,5,2,2,2,3
200700078328,0007-12-17 21:05:00,7,12,17,21,5,590,183,"0000, HOLLANDAIS - QUAI",,,Nuit avec éclairage allumé,En agglomération,Autre intersection,Normale,Autre collision,,,,,,,,,,,5,2,9,1,6
200700078329,0007-12-22 12:20:00,7,12,22,12,20,590,131,"00000, ARTS",,,Plein jour,En agglomération,Hors intersection,Normale,Autre collision,,,,,,,,,,,1,2,1,1,6
200700078330,0007-12-22 20:30:00,7,12,22,20,30,590,183,"0000, UNIVERSITE - AVENU",,,Nuit sans éclairage public,En agglomération,Hors intersection,Normale,Deux véhicules - frontale,,,,,,,,,,,3,2,1,1,1
200700078331,0007-12-29 15:15:00,7,12,29,15,15,590,155,"0000, MAIL - AVENUE",,,Plein jour,En agglomération,Intersection en T,Normale,Deux véhicules - côté,,,,,,,,,,,1,2,3,1,3
200700078332,0007-12-30 03:50:00,7,12,30,3,50,590,183,"0000, CASINO - AVENUE",,,Nuit avec éclairage allumé,En agglomération,Autre intersection,Normale,Deux véhicules - frontale,,,,,,,,,,,5,2,9,1,1
200700078333,0007-12-21 16:40:00,7,12,21,16,40,590,295,PLACE DU GENERAL DE GAUL,,,Plein jour,En agglomération,Hors intersection,Normale,Autre collision,,,,,,,,,,,1,2,1,1,6
200700078334,0007-12-28 20:35:00,7,12,28,20,35,590,295,", NOTRE DAME",,,Nuit avec éclairage allumé,En agglomération,Hors intersection,Normale,Autre collision,,,,,,,,,,,5,2,1,1,6
200700078335,0007-12-18 01:00:00,7,12,18,1,0,590,104,"114, ANATOLE FRANCE (RUE",,,Nuit sans éclairage public,Hors agglomération,Hors intersection,Autre,Sans collision,,,,,,,,,,,3,1,1,9,7
200700078336,0007-12-18 17:50:00,7,12,18,17,50,590,385,"1, RN49",,,Nuit sans éclairage public,Hors agglomération,Hors intersection,Autre,Deux véhicules - côté,,,,,,,,,,,3,1,1,9,3
200700078337,0007-12-01 05:05:00,7,12,1,5,5,590,350,"160, DELESPAUL, Barthélé",,,Nuit avec éclairage allumé,En agglomération,Hors intersection,Pluie légère,Deux véhicules - côté,,,,,,,,,,,5,2,1,2,3
200700078338,0007-12-02 13:40:00,7,12,2,13,40,590,386,"001, PETERS HENRI RUE",,,Plein jour,En agglomération,Intersection en T,Pluie forte,Autre collision,,,,,,,,,,,1,2,3,3,6
200700078339,0007-12-03 12:50:00,7,12,3,12,50,590,378,"1001, REPUBLIQUE AV DE L",,,Plein jour,En agglomération,Hors intersection,Normale,Autre collision,,,,,,,,,,,1,2,1,1,6
200700078340,0007-12-04 08:45:00,7,12,4,8,45,590,378,"344, MARNE AVENUE DE LA",,,Plein jour,En agglomération,Intersection en X,Normale,Trois véhicules et plus - collisions multiples,,,,,,,,,,,1,2,2,1,5
200700078341,0007-12-04 19:20:00,7,12,4,19,20,590,350,GUESDE JULES RUE,,,Nuit avec éclairage allumé,En agglomération,Intersection en X,Normale,Deux véhicules - côté,,,,,,,,,,,5,2,2,1,3
200700078342,0007-12-04 19:55:00,7,12,4,19,55,590,350,"47, CONDE RUE DE",,,Nuit avec éclairage allumé,En agglomération,Intersection en X,Temps couvert,Autre collision,,,,,,,,,,,5,2,2,8,6
200700078343,0007-12-05 07:45:00,7,12,5,7,45,590,378,CLEMENCEAU BLVD (N°146-2,,,Nuit avec éclairage non allumé,En agglomération,Hors intersection,Normale,Autre collision,,,,,,,,,,,4,2,1,1,6
200700078344,0007-12-05 12:00:00,7,12,5,12,0,590,350,"48, IENA RUE",,,Plein jour,En agglomération,Hors intersection,Normale,Autre collision,,,,,,,,,,,1,2,1,1,6
200700078345,0007-12-05 18:35:00,7,12,5,18,35,590,350,MOLINEL RUE N°PAIRS,,,Crépuscule ou aube,En agglomération,Intersection en X,Pluie légère,Deux véhicules - côté,,,,,,,,,,,2,2,2,2,3
200700078346,0007-12-05 19:45:00,7,12,5,19,45,590,9,"001, SAIGHIN ROUTE DE",,,Nuit avec éclairage allumé,En agglomération,Hors intersection,Pluie légère,Autre collision,,,,,,,,,,,5,2,1,2,6
200700078347,0007-12-06 17:00:00,7,12,6,17,0,590,350,"2, TURENNE RUE",,,Nuit avec éclairage allumé,En agglomération,Hors intersection,Pluie légère,Deux véhicules - côté,,,,,,,,,,,5,2,1,2,3
200700078348,0007-12-06 18:20:00,7,12,6,18,20,590,378,"11, BRIQUETERIE RUE DE L",,,Crépuscule ou aube,En agglomération,Hors intersection,Pluie légère,Autre collision,,,,,,,,,,,2,2,1,2,6
200700078349,0007-12-06 14:30:00,7,12,6,14,30,590,368,MONCEAU AVENUE DU PARC,,,Plein jour,En agglomération,Intersection en T,Pluie légère,Autre collision,,,,,,,,,,,1,2,3,2,6
200700078350,0007-12-08 06:15:00,7,12,8,6,15,590,378,"204, HAUTE LOGE RUE DE L",,,Crépuscule ou aube,En agglomération,Hors intersection,Normale,Autre collision,,,,,,,,,,,2,2,1,1,6