accident_id,datetime,annee,mois,jour,heure,minute,departement,commune_insee,adresse,latitude,longitude,luminosite,agglomeration,intersection,meteo,collision,nb_vehicules,nb_usagers,nb_indemnes,nb_tues,nb_blesses_hosp,nb_blesses_legers,age_cond_1,age_cond_2,veh_type_cond_1,veh_type_cond_2,lum_code,agg_code,int_code,atm_code,col_code
200700078612,0007-12-27 20:50:00,7,12,27,20,50,630,113,"1, DUMAS (BD J.BAPTISTE)",,,Nuit avec éclairage allumé,En agglomération,Hors intersection,Normale,Autre collision,,,,,,,,,,,5,2,1,1,6
200700078613,0007-12-27 17:45:00,7,12,27,17,45,630,113,"-, NOHANENT (RUE DE)",,,Nuit avec éclairage allumé,Hors agglomération,Hors intersection,Normale,Autre collision,,,,,,,,,,,5,1,1,1,6
200700078614,0007-12-28 11:02:00,7,12,28,11,2,630,113,"-, DUMAS (BD J.BAPTISTE)",,,Plein jour,En agglomération,Intersection en T,Normale,Autre collision,,,,,,,,,,,1,2,3,1,6
200700078615,0007-12-29 22:05:00,7,12,29,22,5,630,113,"1, POMPIDOU (BD GEORGES)",,,Nuit avec éclairage allumé,En agglomération,Hors intersection,Normale,Sans collision,,,,,,,,,,,5,2,1,1,7
200700078616,0007-12-31 17:50:00,7,12,31,17,50,630,124,RD 52,,,Nuit sans éclairage public,Hors agglomération,Hors intersection,Autre,Deux véhicules - arrière,,,,,,,,,,,3,1,1,9,2
200700078617,0007-12-03 17:50:00,7,12,3,17,50,630,193,"102, GRASSETTE (RUE DE L",,,Nuit avec éclairage non allumé,En agglomération,Hors intersection,Pluie légère,Deux véhicules - côté,,,,,,,,,,,4,2,1,2,3
200700078618,0007-12-23 20:20:00,7,12,23,20,20,630,164,"1, PLAINE (ROUTE DE LA)",,,Nuit sans éclairage public,En agglomération,Hors intersection,Autre,Deux véhicules - côté,,,,,,,,,,,3,2,1,9,3
200700078619,0007-12-03 06:55:00,7,12,3,6,55,630,164,INDUSTRIE (RUE DE L'),,,Nuit avec éclairage allumé,En agglomération,Intersection en T,Pluie légère,Deux véhicules - frontale,,,,,,,,,,,5,2,3,2,1
200700078620,0007-12-05 16:00:00,7,12,5,16,0,640,102,"6, MARINES (AVENUE DES A",,,Plein jour,En agglomération,Hors intersection,Normale,Autre collision,,,,,,,,,,,1,2,1,1,6
200700078621,0007-12-05 17:20:00,7,12,5,17,20,640,102,"19, DE MARTRES (AVENUE R",,,Crépuscule ou aube,En agglomération,Autre intersection,Pluie légère,Autre collision,,,,,,,,,,,2,2,9,2,6
200700078622,0007-12-07 23:05:00,7,12,7,23,5,640,102,MAUBEC (RUE),,,Nuit avec éclairage non allumé,En agglomération,Giratoire,Pluie légère,Sans collision,,,,,,,,,,,4,2,6,2,7
200700078623,0007-12-08 12:01:00,7,12,8,12,1,640,24,BAYONNE (AVENUE DE),,,Plein jour,En agglomération,Hors intersection,Normale,Autre collision,,,,,,,,,,,1,2,1,1,6
200700078624,0007-12-11 11:15:00,7,12,11,11,15,640,24,"., LAPORTE (AVENUE JEAN",,,Plein jour,En agglomération,Hors intersection,Normale,Autre collision,,,,,,,,,,,1,2,1,1,6
200700078625,0007-12-12 13:40:00,7,12,12,13,40,640,24,"., LAPORTE (AVENUE JEAN",,,Plein jour,En agglomération,Giratoire,Normale,Autre collision,,,,,,,,,,,1,2,6,1,6
200700078626,0007-12-18 20:00:00,7,12,18,20,0,640,140,"85, BRAMARIE (RUE RAOUL)",,,Nuit avec éclairage allumé,En agglomération,Hors intersection,Normale,Deux véhicules - arrière,,,,,,,,,,,5,2,1,1,2
200700078627,0007-12-22 14:03:00,7,12,22,14,3,640,24,"., RENERIC (RUE HENRI)",,,Plein jour,En agglomération,Intersection en T,Normale,Deux véhicules - frontale,,,,,,,,,,,1,2,3,1,1
200700078628,0007-12-23 10:15:00,7,12,23,10,15,640,102,"., LORRAINE (BOULEVARD D",,,Plein jour,En agglomération,Intersection en X,Normale,Deux véhicules - côté,,,,,,,,,,,1,2,2,1,3
200700078629,0007-12-26 19:00:00,7,12,26,19,0,640,102,GRENET (AVENUE HENRI),,,Nuit avec éclairage allumé,En agglomération,Hors intersection,Normale,Deux véhicules - frontale,,,,,,,,,,,5,2,1,1,1
200700078630,0007-12-27 16:35:00,7,12,27,16,35,640,24,"39, BARBOT (RUE DU MOULI",,,Plein jour,En agglomération,Intersection en T,Normale,Deux véhicules - arrière,,,,,,,,,,,1,2,3,1,2
200700078631,0007-12-08 16:15:00,7,12,8,16,15,640,125,"., BIARRITZ (AVENUE DE)",,,Plein jour,En agglomération,Hors intersection,Normale,Deux véhicules - côté,,,,,,,,,,,1,2,1,1,3
200700078632,0007-12-11 15:00:00,7,12,11,15,0,640,122,"., MARIE HOPE VERE (RUE)",,,Plein jour,En agglomération,Intersection en T,Normale,Autre collision,,,,,,,,,,,1,2,3,1,6
200700078633,0007-12-14 10:50:00,7,12,14,10,50,640,122,MOUSSE (ROND POINT DU),,,Plein jour,Hors agglomération,Autre intersection,Normale,Deux véhicules - arrière,,,,,,,,,,,1,1,9,1,2
200700078634,0007-12-14 21:15:00,7,12,14,21,15,640,122,"., ROND POINT DE L EUROP",,,Nuit avec éclairage allumé,En agglomération,Giratoire,Normale,Deux véhicules - côté,,,,,,,,,,,5,2,6,1,3
200700078635,0007-12-03 07:05:00,7,12,3,7,5,640,445,"., EUROPE DE L'",,,Nuit avec éclairage allumé,En agglomération,Hors intersection,Pluie forte,Deux véhicules - arrière,,,,,,,,,,,5,2,1,3,2
200700078636,0007-12-03 18:45:00,7,12,3,18,45,640,348,"1, MONHAUBA DE",,,Nuit sans éclairage public,En agglomération,Intersection en T,Pluie légère,Autre collision,,,,,,,,,,,3,2,3,2,6
200700078637,0007-12-04 09:35:00,7,12,4,9,35,640,348,"1, MARTYRS DU PONT LONG",,,Plein jour,En agglomération,Hors intersection,Normale,Deux véhicules - côté,,,,,,,,,,,1,2,1,1,3
200700078638,0007-12-05 08:10:00,7,12,5,8,10,640,445,"., RECTEUR JEAN SARRAILH",,,Crépuscule ou aube,En agglomération,Autre intersection,Normale,Autre collision,,,,,,,,,,,2,2,9,1,6
200700078639,0007-12-05 10:10:00,7,12,5,10,10,640,129,"11, CHATEAU D'ESTE DU",,,Plein jour,En agglomération,Hors intersection,Normale,Autre collision,,,,,,,,,,,1,2,1,1,6
200700078640,0007-12-05 17:30:00,7,12,5,17,30,640,445,"0, LEON SAY",,,Nuit avec éclairage allumé,En agglomération,Hors intersection,Normale,Deux véhicules - côté,,,,,,,,,,,5,2,1,1,3
200700078641,0007-12-07 07:40:00,7,12,7,7,40,640,445,"1, PAIX",,,Plein jour,En agglomération,Intersection en X,Normale,Deux véhicules - côté,,,,,,,,,,,1,2,2,1,3
200700078642,0007-12-07 13:25:00,7,12,7,13,25,640,445,"., LOUP DU",,,Plein jour,En agglomération,Intersection en X,Pluie légère,Deux véhicules - côté,,,,,,,,,,,1,2,2,2,3
200700078643,0007-12-07 12:25:00,7,12,7,12,25,640,445,"8, LILAS DES",,,Plein jour,En agglomération,Hors intersection,Pluie légère,Deux véhicules - arrière,,,,,,,,,,,1,2,1,2,2
200700078644,0007-12-09 19:50:00,7,12,9,19,50,640,445,"1, MALSENCE",,,Nuit avec éclairage allumé,En agglomération,Intersection en X,Pluie forte,Deux véhicules - côté,,,,,,,,,,,5,2,2,3,3
200700078645,0007-12-11 10:40:00,7,12,11,10,40,640,445,PASTEUR ALPHONSE CADIER,,,Plein jour,En agglomération,Intersection en X,Normale,Deux véhicules - côté,,,,,,,,,,,1,2,2,1,3
200700078646,0007-12-11 19:50:00,7,12,11,19,50,640,445,"1, RAUSKY",,,Nuit sans éclairage public,En agglomération,Hors intersection,Normale,Autre collision,,,,,,,,,,,3,2,1,1,6
200700078647,0007-12-12 07:55:00,7,12,12,7,55,640,132,"7, IDRON D'",,,Nuit avec éclairage allumé,En agglomération,Hors intersection,Normale,Autre collision,,,,,,,,,,,5,2,1,1,6
200700078648,0007-12-13 08:50:00,7,12,13,8,50,640,445,"0, DUFAU",,,Plein jour,En agglomération,Hors intersection,Normale,Deux véhicules - arrière,,,,,,,,,,,1,2,1,1,2
200700078649,0007-12-13 12:35:00,7,12,13,12,35,640,445,"5, DIDIER DAURAT",,,Plein jour,En agglomération,Hors intersection,Normale,Deux véhicules - côté,,,,,,,,,,,1,2,1,1,3
200700078650,0007-12-13 16:15:00,7,12,13,16,15,640,445,"., MONTARDON DE",,,Plein jour,En agglomération,Intersection en X,Normale,Autre collision,,,,,,,,,,,1,2,2,1,6
200700078651,0007-12-16 16:15:00,7,12,16,16,15,640,445,"1, ALSACE LORRAINE D'",,,Plein jour,En agglomération,Intersection en X,Normale,Deux véhicules - côté,,,,,,,,,,,1,2,2,1,3
200700078652,0007-12-18 14:40:00,7,12,18,14,40,640,335,"., FRERES WRIGHT DES",,,Plein jour,Hors agglomération,Hors intersection,Normale,Autre collision,,,,,,,,,,,1,1,1,1,6
200700078653,0007-12-18 14:50:00,7,12,18,14,50,640,445,"1, BARBANEGRE",,,Plein jour,En agglomération,Hors intersection,Normale,Deux véhicules - côté,,,,,,,,,,,1,2,1,1,3
200700078654,0007-12-19 09:50:00,7,12,19,9,50,640,445,"1, GASTON PHOEBUS",,,Plein jour,En agglomération,Intersection en X,Normale,Deux véhicules - côté,,,,,,,,,,,1,2,2,1,3
200700078655,0007-12-21 10:10:00,7,12,21,10,10,640,129,"., BAYONNE DE",,,Plein jour,En agglomération,Hors intersection,Normale,Sans collision,,,,,,,,,,,1,2,1,1,7
200700078656,0007-12-21 14:45:00,7,12,21,14,45,640,335,"1, SALIE",,,Plein jour,Hors agglomération,Hors intersection,Normale,Autre collision,,,,,,,,,,,1,1,1,1,6
200700078657,0007-12-21 17:54:00,7,12,21,17,54,640,445,"12, TRESPOEY",,,Nuit avec éclairage allumé,En agglomération,Hors intersection,Normale,Deux véhicules - côté,,,,,,,,,,,5,2,1,1,3
200700078658,0007-12-21 18:15:00,7,12,21,18,15,640,445,"., PAIX",,,Nuit avec éclairage allumé,En agglomération,Hors intersection,Normale,Deux véhicules - côté,,,,,,,,,,,5,2,1,1,3
200700078659,0007-12-24 19:50:00,7,12,24,19,50,640,445,"., BUROS DE",,,Nuit avec éclairage allumé,En agglomération,Intersection en X,Brouillard / fumée,Deux véhicules - frontale,,,,,,,,,,,5,2,2,5,1
200700078660,0007-12-25 18:30:00,7,12,25,18,30,640,445,"., LILAS DES",,,Nuit avec éclairage allumé,En agglomération,Intersection en X,Normale,Autre collision,,,,,,,,,,,5,2,2,1,6
200700078661,0007-12-27 12:05:00,7,12,27,12,5,640,445,"1, DIDIER DAURAT",,,Plein jour,En agglomération,Hors intersection,Normale,Autre collision,,,,,,,,,,,1,2,1,1,6
200700078662,0007-12-30 03:10:00,7,12,30,3,10,640,237,"3, 3 FRERES LABORDE DES",,,Nuit avec éclairage allumé,En agglomération,Hors intersection,Pluie légère,Sans collision,,,,,,,,,,,5,2,1,2,7
200700078663,0007-12-30 02:45:00,7,12,30,2,45,640,284,"., CORPS FRANC POMMIES",,,Nuit avec éclairage allumé,En agglomération,Hors intersection,Pluie légère,Autre collision,,,,,,,,,,,5,2,1,2,6
200700078664,0007-12-31 06:05:00,7,12,31,6,5,640,445,"., FAGET DE BAURE",,,Nuit sans éclairage public,En agglomération,Intersection en T,Normale,Autre collision,,,,,,,,,,,3,2,3,1,6
200700078665,0007-12-12 08:00:00,7,12,12,8,0,640,445,"., NITOT",,,Crépuscule ou aube,En agglomération,Intersection en X,Normale,Autre collision,,,,,,,,,,,2,2,2,1,6
200700078666,0007-12-31 13:05:00,7,12,31,13,5,640,445,"., GENERAL DE GAULLE DU",,,Plein jour,En agglomération,Intersection en Y,Normale,Deux véhicules - côté,,,,,,,,,,,1,2,4,1,3
200700078667,0007-12-02 15:40:00,7,12,2,15,40,640,260,"58, BAIE DE CHINGUDY (AV",,,Plein jour,En agglomération,Intersection en T,Normale,Deux véhicules - côté,,,,,,,,,,,1,2,3,1,3
200700078668,0007-12-03 20:05:00,7,12,3,20,5,640,260,"1, SAINT JACQUES (ACCES",,,Nuit avec éclairage allumé,En agglomération,Hors intersection,Pluie légère,Deux véhicules - côté,,,,,,,,,,,5,2,1,2,3
200700078669,0007-12-07 14:15:00,7,12,7,14,15,640,260,"13, CD 912",,,Plein jour,En agglomération,Hors intersection,Pluie légère,Deux véhicules - frontale,,,,,,,,,,,1,2,1,2,1
200700078670,0007-12-10 15:50:00,7,12,10,15,50,640,260,CD 912,,,Plein jour,Hors agglomération,Hors intersection,Vent fort / tempête,Sans collision,,,,,,,,,,,1,1,1,6,7
200700078671,0007-12-12 16:10:00,7,12,12,16,10,640,260,"1, SUBERNOA (RUE DE)",,,Plein jour,En agglomération,Intersection en T,Normale,Deux véhicules - côté,,,,,,,,,,,1,2,3,1,3
200700078672,0007-12-22 14:55:00,7,12,22,14,55,640,130,CD 258,,,Plein jour,Hors agglomération,Intersection en T,Normale,Deux véhicules - côté,,,,,,,,,,,1,1,3,1,3
200700078673,0007-12-24 07:05:00,7,12,24,7,5,640,260,"6, CD 912",,,Crépuscule ou aube,En agglomération,Hors intersection,Normale,Sans collision,,,,,,,,,,,2,2,1,1,7
200700078674,0007-12-31 11:40:00,7,12,31,11,40,640,545,CD 658,,,Plein jour,Hors agglomération,Hors intersection,Normale,Deux véhicules - côté,,,,,,,,,,,1,1,1,1,3
200700078675,0007-12-03 06:40:00,7,12,3,6,40,640,189,RN10,,,Nuit avec éclairage allumé,En agglomération,Hors intersection,Temps couvert,Deux véhicules - côté,,,,,,,,,,,5,2,1,8,3
200700078676,0007-12-06 07:40:00,7,12,6,7,40,640,483,RN10,,,Crépuscule ou aube,En agglomération,Hors intersection,Temps couvert,Deux véhicules - arrière,,,,,,,,,,,2,2,1,8,2
200700078677,0007-12-17 10:20:00,7,12,17,10,20,640,483,"25, THIERS ADOLPHE (BOUL",,,Plein jour,En agglomération,Hors intersection,Normale,Autre collision,,,,,,,,,,,1,2,1,1,6
200700078678,0007-12-14 18:54:00,7,12,14,18,54,640,260,"05, CD 912",,,Nuit avec éclairage allumé,En agglomération,Hors intersection,Normale,Autre collision,,,,,,,,,,,5,2,1,1,6
200700078679,0007-12-15 19:35:00,7,12,15,19,35,640,483,RN10,,,Nuit avec éclairage allumé,En agglomération,Hors intersection,Normale,Deux véhicules - côté,,,,,,,,,,,5,2,1,1,3
200700078680,0007-12-20 18:35:00,7,12,20,18,35,650,286,"1, LACADE (RUE ANSELME)",,,Nuit avec éclairage allumé,En agglomération,Hors intersection,Normale,Autre collision,,,,,,,,,,,5,2,1,1,6
200700078681,0007-12-25 16:10:00,7,12,25,16,10,650,286,"1, SAINT-PAULY (CHEMIN D",,,Plein jour,Hors agglomération,Hors intersection,Normale,Deux véhicules - frontale,,,,,,,,,,,1,1,1,1,1
200700078682,0007-12-02 03:35:00,7,12,2,3,35,650,440,"., LATTRE DE TASSIGNY(BO",,,Nuit avec éclairage allumé,En agglomération,Intersection en X,Normale,Deux véhicules - côté,,,,,,,,,,,5,2,2,1,3
200700078683,0007-12-02 18:30:00,7,12,2,18,30,650,440,ALSACE LORRAINE (AVENUE),,,Nuit avec éclairage allumé,En agglomération,Intersection en X,Normale,Deux véhicules - côté,,,,,,,,,,,5,2,2,1,3
200700078684,0007-12-04 08:40:00,7,12,4,8,40,650,440,"13, LATTRE DE TASSIGNY(B",,,Plein jour,En agglomération,Hors intersection,Temps couvert,Deux véhicules - côté,,,,,,,,,,,1,2,1,8,3
200700078685,0007-12-05 10:30:00,7,12,5,10,30,650,440,"38, BRIAND (AVENUE ARIST",,,Plein jour,En agglomération,Intersection en X,Normale,Autre collision,,,,,,,,,,,1,2,2,1,6
200700078686,0007-12-07 09:15:00,7,12,7,9,15,650,440,"48, JOFFRE (AVENUE DU MA",,,Plein jour,En agglomération,Hors intersection,Normale,Autre collision,,,,,,,,,,,1,2,1,1,6
200700078687,0007-12-08 09:30:00,7,12,8,9,30,650,440,"130, REGIMENT DE BIGORRE",,,Plein jour,En agglomération,Hors intersection,Pluie légère,Autre collision,,,,,,,,,,,1,2,1,2,6
200700078688,0007-12-09 19:00:00,7,12,9,19,0,650,440,"., LASSALLE (RUE GEORGES",,,Nuit avec éclairage allumé,En agglomération,Intersection en X,Pluie forte,Deux véhicules - côté,,,,,,,,,,,5,2,2,3,3
200700078689,0007-12-10 07:55:00,7,12,10,7,55,650,440,"., MASSEY (RUE)",,,Crépuscule ou aube,En agglomération,Hors intersection,Pluie légère,Deux véhicules - côté,,,,,,,,,,,2,2,1,2,3
200700078690,0007-12-11 08:55:00,7,12,11,8,55,650,440,"., RENAUDET (BOULEVARD P",,,Plein jour,En agglomération,Intersection en T,Normale,Deux véhicules - côté,,,,,,,,,,,1,2,3,1,3
200700078691,0007-12-11 18:10:00,7,12,11,18,10,650,440,"30, TRAYNES (RUE DE)",,,Nuit avec éclairage allumé,En agglomération,Intersection en T,Normale,Deux véhicules - côté,,,,,,,,,,,5,2,3,1,3
200700078692,0007-12-12 08:45:00,7,12,12,8,45,650,440,"28, REGIMENT DE BIGORRE",,,Plein jour,En agglomération,Hors intersection,Normale,Deux véhicules - côté,,,,,,,,,,,1,2,1,1,3
200700078693,0007-12-14 16:45:00,7,12,14,16,45,650,440,UNIVERSITE (ROND POINT D,,,Plein jour,En agglomération,Giratoire,Normale,Deux véhicules - côté,,,,,,,,,,,1,2,6,1,3
200700078694,0007-12-17 17:05:00,7,12,17,17,5,650,440,"., BRIAND (AVENUE ARISTI",,,Plein jour,En agglomération,Intersection en T,Normale,Trois véhicules et plus - collisions multiples,,,,,,,,,,,1,2,3,1,5
200700078695,0007-12-20 11:55:00,7,12,20,11,55,650,100,"., BOIS (CHEMIN DU)",,,Plein jour,En agglomération,Intersection en X,Normale,Deux véhicules - côté,,,,,,,,,,,1,2,2,1,3
200700078696,0007-12-22 04:50:00,7,12,22,4,50,650,440,JUILLAN (RUE DE),,,Nuit avec éclairage allumé,En agglomération,Hors intersection,Normale,Deux véhicules - côté,,,,,,,,,,,5,2,1,1,3
200700078697,0007-12-22 06:55:00,7,12,22,6,55,650,47,"., SALLES (RUE EMILE)",,,Nuit avec éclairage allumé,En agglomération,Intersection en X,Normale,Deux véhicules - côté,,,,,,,,,,,5,2,2,1,3
200700078698,0007-12-24 12:45:00,7,12,24,12,45,650,440,"7, MARNE (AVENUE DE LA)",,,Plein jour,En agglomération,Intersection en X,Normale,Deux véhicules - côté,,,,,,,,,,,1,2,2,1,3
200700078699,0007-12-24 14:50:00,7,12,24,14,50,650,440,"., SEPTEMBRE (RUE DU IV)",,,Plein jour,En agglomération,Intersection en X,Normale,Deux véhicules - côté,,,,,,,,,,,1,2,2,1,3
200700078700,0007-12-25 06:40:00,7,12,25,6,40,650,440,"., RENAUDET (BOULEVARD P",,,Nuit avec éclairage allumé,En agglomération,Intersection en X,Normale,Deux véhicules - côté,,,,,,,,,,,5,2,2,1,3
200700078701,0007-12-31 15:00:00,7,12,31,15,0,650,440,"2, ADOUR (QUAI DE L')",,,Plein jour,En agglomération,Intersection en X,Normale,Autre collision,,,,,,,,,,,1,2,2,1,6
200700078702,0007-12-01 12:05:00,7,12,1,12,5,660,136,GARIGLIANO (ROND-POINT D,,,Plein jour,En agglomération,Intersection en X,Normale,Deux véhicules - côté,,,,,,,,,,,1,2,2,1,3
200700078703,0007-12-09 05:35:00,7,12,9,5,35,660,136,MICHELET (BOULEVARD EDMO,,,Nuit avec éclairage allumé,Hors agglomération,Hors intersection,Pluie forte,Sans collision,,,,,,,,,,,5,1,1,3,7
200700078704,0007-12-14 15:05:00,7,12,14,15,5,660,136,VAUBAN (QUAI SEBASTIEN),,,Plein jour,En agglomération,Hors intersection,Normale,Autre collision,,,,,,,,,,,1,2,1,1,6
200700078705,0007-12-18 13:20:00,7,12,18,13,20,660,136,R D 900,42.70034,,Plein jour,Hors agglomération,Hors intersection,Normale,Autre collision,,,,,,,,,,,1,1,1,1,6
200700078706,0007-12-05 13:53:00,7,12,5,13,53,660,136,AERODROME AVENUE DE L'(C,,,Plein jour,En agglomération,Intersection en X,Normale,Deux véhicules - côté,,,,,,,,,,,1,2,2,1,3
200700078707,0007-12-02 17:10:00,7,12,2,17,10,670,180,RHIN (ROUTE DU),,,Nuit sans éclairage public,Hors agglomération,Hors intersection,Pluie légère,Trois véhicules et plus - collisions multiples,,,,,,,,,,,3,1,1,2,5
200700078708,0007-12-01 05:25:00,7,12,1,5,25,670,482,"0, INDRE (RUE DE L )",,,Nuit sans éclairage public,En agglomération,Hors intersection,Normale,Autre collision,,,,,,,,,,,3,2,1,1,6
200700078709,0007-12-02 00:45:00,7,12,2,0,45,670,482,"0, KUHNENSAND (ROUTE DU)",,,Nuit sans éclairage public,En agglomération,Intersection en X,Normale,Autre collision,,,,,,,,,,,3,2,2,1,6
200700078710,0007-12-02 21:00:00,7,12,2,21,0,670,482,"0, SCHAFHARDT (ROUTE DE",,,Nuit sans éclairage public,En agglomération,Hors intersection,Pluie légère,Sans collision,,,,,,,,,,,3,2,1,2,7
200700078711,0007-12-03 07:45:00,7,12,3,7,45,670,482,"0, ROYAL (PONT)",,,Plein jour,En agglomération,Hors intersection,Pluie légère,Autre collision,,,,,,,,,,,1,2,1,2,6
200700078712,0007-12-03 15:10:00,7,12,3,15,10,670,482,"00, LA WANTZENAU (ROUTE",,,Plein jour,Hors agglomération,Hors intersection,Normale,Deux véhicules - frontale,,,,,,,,,,,1,1,1,1,1
200700078713,0007-12-03 17:00:00,7,12,3,17,0,670,482,"00, SAINT ETIENNE (QUAI)",,,Crépuscule ou aube,En agglomération,Intersection en X,Normale,Deux véhicules - côté,,,,,,,,,,,2,2,2,1,3
200700078714,0007-12-03 17:35:00,7,12,3,17,35,670,218,"00, STRASBOURG (ROUTE DE",,,Nuit avec éclairage allumé,En agglomération,Hors intersection,Normale,Deux véhicules - côté,,,,,,,,,,,5,2,1,1,3
200700078715,0007-12-04 07:20:00,7,12,4,7,20,670,218,ANDRE MALRAUX (AVENUE),,,Plein jour,En agglomération,Intersection en X,Normale,Deux véhicules - côté,,,,,,,,,,,1,2,2,1,3
200700078716,0007-12-04 09:45:00,7,12,4,9,45,670,447,HAUSBERGEN (ROUTE DE),,,Plein jour,En agglomération,Intersection en T,Pluie légère,Deux véhicules - côté,,,,,,,,,,,1,2,3,2,3
200700078717,0007-12-04 12:45:00,7,12,4,12,45,670,482,"63, BALZAC (BOULEVARD)",,,Plein jour,En agglomération,Hors intersection,Normale,Autre collision,,,,,,,,,,,1,2,1,1,6
200700078718,0007-12-05 11:05:00,7,12,5,11,5,670,482,"0, MARC BLOCH (QUAI)",,,Plein jour,En agglomération,Hors intersection,Normale,Sans collision,,,,,,,,,,,1,2,1,1,7
200700078719,0007-12-05 18:05:00,7,12,5,18,5,670,447,"00, EUROPE (AVENUE DE L",,,Nuit avec éclairage allumé,En agglomération,Hors intersection,Normale,Autre collision,,,,,,,,,,,5,2,1,1,6
200700078720,0007-12-06 10:45:00,7,12,6,10,45,670,482,"00, RHIN (ROUTE DU)",,,Plein jour,En agglomération,Intersection en X,Normale,Deux véhicules - côté,,,,,,,,,,,1,2,2,1,3
200700078721,0007-12-06 18:02:00,7,12,6,18,2,670,482,"00, GOETHE (RUE)",,,Nuit avec éclairage allumé,En agglomération,Intersection en T,Pluie légère,Deux véhicules - côté,,,,,,,,,,,5,2,3,2,3
200700078722,0007-12-06 19:30:00,7,12,6,19,30,670,482,"00, COLMAR (AVENUE DE)",,,Nuit avec éclairage allumé,En agglomération,Hors intersection,Pluie légère,Autre collision,,,,,,,,,,,5,2,1,2,6
200700078723,0007-12-07 00:20:00,7,12,7,0,20,670,482,"00, BOUCHERS (RUE DES)",,,Nuit avec éclairage allumé,En agglomération,Intersection en X,Pluie légère,Deux véhicules - frontale,,,,,,,,,,,5,2,2,2,1
200700078724,0007-12-07 11:45:00,7,12,7,11,45,670,482,ETUDIANTS (RUE DES),,,Plein jour,En agglomération,Intersection en X,Normale,Autre collision,,,,,,,,,,,1,2,2,1,6
200700078725,0007-12-07 14:40:00,7,12,7,14,40,670,482,NEUHOF (ROUTE),,,Plein jour,En agglomération,Intersection en X,Normale,Autre collision,,,,,,,,,,,1,2,2,1,6
200700078726,0007-12-07 19:12:00,7,12,7,19,12,670,482,"106, LA WANTZENAU (ROUTE",,,Nuit avec éclairage allumé,En agglomération,Intersection en T,Normale,Autre collision,,,,,,,,,,,5,2,3,1,6
200700078727,0007-12-08 03:50:00,7,12,8,3,50,670,482,"00, SCHIRMECK (ROUTE DE)",,,Nuit avec éclairage allumé,En agglomération,Intersection en X,Normale,Deux véhicules - côté,,,,,,,,,,,5,2,2,1,3
200700078728,0007-12-08 04:20:00,7,12,8,4,20,670,482,"0, PORT DU RHIN (RUE DU)",,,Nuit avec éclairage allumé,En agglomération,Intersection en T,Pluie légère,Autre collision,,,,,,,,,,,5,2,3,2,6
200700078729,0007-12-08 10:10:00,7,12,8,10,10,670,482,BORDEAUX (PLACE DE),,,Plein jour,En agglomération,Hors intersection,Normale,Autre collision,,,,,,,,,,,1,2,1,1,6
200700078730,0007-12-10 15:30:00,7,12,10,15,30,670,482,"0, EHRMANN (RUE)",,,Plein jour,En agglomération,Intersection en X,Normale,Deux véhicules - côté,,,,,,,,,,,1,2,2,1,3
200700078731,0007-12-10 18:45:00,7,12,10,18,45,670,482,"0, LANDSBERG (RUE DU)",,,Nuit avec éclairage allumé,En agglomération,Hors intersection,Pluie légère,Deux véhicules - frontale,,,,,,,,,,,5,2,1,2,1
200700078732,0007-12-10 19:25:00,7,12,10,19,25,670,482,"0, BATELIERS (QUAI DES)",,,Nuit avec éclairage allumé,En agglomération,Intersection en T,Pluie légère,Autre collision,,,,,,,,,,,5,2,3,2,6
200700078733,0007-12-11 09:10:00,7,12,11,9,10,670,482,"00, HERRENSCHMIDT (AVENU",,,Plein jour,En agglomération,Intersection en X,Pluie légère,Autre collision,,,,,,,,,,,1,2,2,2,6
200700078734,0007-12-11 12:00:00,7,12,11,12,0,670,482,"175, MITTELHAUSBERGEN (R",,,Plein jour,En agglomération,Hors intersection,Pluie légère,Deux véhicules - côté,,,,,,,,,,,1,2,1,2,3
200700078735,0007-12-11 12:00:00,7,12,11,12,0,670,218,"76, LYON (RTE DE)",,,Plein jour,En agglomération,Hors intersection,Pluie forte,Deux véhicules - arrière,,,,,,,,,,,1,2,1,3,2
200700078736,0007-12-11 12:30:00,7,12,11,12,30,670,482,"0, SEBASTIEN BRANT (PLAC",,,Plein jour,En agglomération,Intersection en X,Pluie légère,Deux véhicules - côté,,,,,,,,,,,1,2,2,2,3
200700078737,0007-12-11 23:15:00,7,12,11,23,15,670,482,"0, LYON (BOULEVARD DE)",,,Nuit avec éclairage allumé,En agglomération,Intersection en X,Pluie légère,Deux véhicules - côté,,,,,,,,,,,5,2,2,2,3
200700078738,0007-12-12 16:50:00,7,12,12,16,50,670,482,"0, MAGASINS (PETITE RUE",,,Crépuscule ou aube,En agglomération,Hors intersection,Normale,Deux véhicules - arrière,,,,,,,,,,,2,2,1,1,2
200700078739,0007-12-13 10:15:00,7,12,13,10,15,670,482,HENRI FRENAY (RUE),,,Plein jour,En agglomération,Intersection en X,Normale,Deux véhicules - côté,,,,,,,,,,,1,2,2,1,3
200700078740,0007-12-14 05:50:00,7,12,14,5,50,670,482,"00, ARISTIDE BRIAND (AVE",,,Nuit avec éclairage allumé,En agglomération,Intersection en X,Normale,Deux véhicules - côté,,,,,,,,,,,5,2,2,1,3
200700078741,0007-12-14 15:08:00,7,12,14,15,8,670,204,"71, REPUBLIQUE (RUE DE L",,,Plein jour,En agglomération,Hors intersection,Normale,Sans collision,,,,,,,,,,,1,2,1,1,7