accident_id,datetime,annee,mois,jour,heure,minute,departement,commune_insee,adresse,latitude,longitude,luminosite,agglomeration,intersection,meteo,collision,nb_vehicules,nb_usagers,nb_indemnes,nb_tues,nb_blesses_hosp,nb_blesses_legers,age_cond_1,age_cond_2,veh_type_cond_1,veh_type_cond_2,lum_code,agg_code,int_code,atm_code,col_code
200700078742,0007-12-15 19:00:00,7,12,15,19,0,670,482,"0, VIEUX MARCHE AUX POIS",,,Nuit avec éclairage allumé,En agglomération,Hors intersection,Normale,Deux véhicules - frontale,,,,,,,,,,,5,2,1,1,1
200700078743,0007-12-15 19:20:00,7,12,15,19,20,670,482,"68, ROMAINS (ROUTE DES)",,,Nuit avec éclairage allumé,En agglomération,Hors intersection,Normale,Deux véhicules - côté,,,,,,,,,,,5,2,1,1,3
200700078744,0007-12-16 11:45:00,7,12,16,11,45,670,482,"187, SCHIRMECK (ROUTE DE",,,Plein jour,En agglomération,Hors intersection,Normale,Deux véhicules - côté,,,,,,,,,,,1,2,1,1,3
200700078745,0007-12-17 14:45:00,7,12,17,14,45,670,218,PLAINE (RUE DE LA),,,Plein jour,En agglomération,Intersection en T,Normale,Deux véhicules - côté,,,,,,,,,,,1,2,3,1,3
200700078746,0007-12-18 08:10:00,7,12,18,8,10,670,218,"0, KAGENECK (RUE)",,,Nuit avec éclairage allumé,En agglomération,Hors intersection,Normale,Autre collision,,,,,,,,,,,5,2,1,1,6
200700078747,0007-12-19 18:25:00,7,12,19,18,25,670,482,"00, HOPITAL (ROUTE DE L",,,Nuit avec éclairage allumé,En agglomération,Hors intersection,Normale,Autre collision,,,,,,,,,,,5,2,1,1,6
200700078748,0007-12-20 23:10:00,7,12,20,23,10,670,482,"00, HOCHFELDEN (RUE DE)",,,Nuit avec éclairage allumé,En agglomération,Intersection en X,Brouillard / fumée,Deux véhicules - côté,,,,,,,,,,,5,2,2,5,3
200700078749,0007-12-21 13:50:00,7,12,21,13,50,670,482,"00, JULES RATHGEBER (RUE",,,Plein jour,En agglomération,Intersection en X,Normale,Deux véhicules - frontale,,,,,,,,,,,1,2,2,1,1
200700078750,0007-12-21 16:30:00,7,12,21,16,30,670,365,"00, GLACIERE (RUE DE LA)",,,Nuit avec éclairage non allumé,En agglomération,Intersection en T,Brouillard / fumée,Deux véhicules - côté,,,,,,,,,,,4,2,3,5,3
200700078751,0007-12-23 15:05:00,7,12,23,15,5,670,482,CESAR JULIEN (RUE DU),,,Plein jour,En agglomération,Hors intersection,Normale,Autre collision,,,,,,,,,,,1,2,1,1,6
200700078752,0007-12-24 11:45:00,7,12,24,11,45,670,482,MARSEILLAISE (AVENUE DE,,,Plein jour,En agglomération,Intersection en T,Normale,Deux véhicules - côté,,,,,,,,,,,1,2,3,1,3
200700078753,0007-12-25 17:43:00,7,12,25,17,43,670,482,"0, COMTES (RUE DES)",,,Nuit avec éclairage allumé,En agglomération,Hors intersection,Normale,Sans collision,,,,,,,,,,,5,2,1,1,7
200700078754,0007-12-29 01:15:00,7,12,29,1,15,670,482,PASTEUR (QUAI LOUIS),,,Nuit avec éclairage allumé,En agglomération,Intersection en T,Brouillard / fumée,Deux véhicules - côté,,,,,,,,,,,5,2,3,5,3
200700078755,0007-12-31 08:12:00,7,12,31,8,12,670,482,SAINT NICOLAS (QUAI),,,Plein jour,En agglomération,Intersection en X,Normale,Autre collision,,,,,,,,,,,1,2,2,1,6
200700078756,0007-12-04 17:42:00,7,12,4,17,42,680,66,"45, GRILLENBREIT (RUE DU",,,Nuit avec éclairage allumé,En agglomération,Intersection en T,Normale,Autre collision,,,,,,,,,,,5,2,3,1,6
200700078757,0007-12-05 23:04:00,7,12,5,23,4,680,66,EUROPE (AVENUE DE L'),,,Nuit avec éclairage allumé,En agglomération,Intersection en X,Normale,Deux véhicules - côté,,,,,,,,,,,5,2,2,1,3
200700078758,0007-12-06 18:27:00,7,12,6,18,27,680,66,"15, GOLBERY (RUE)",,,Nuit avec éclairage allumé,En agglomération,Intersection en X,Normale,Autre collision,,,,,,,,,,,5,2,2,1,6
200700078759,0007-12-07 15:30:00,7,12,7,15,30,680,66,"22, RAPP (RUE)",,,Plein jour,En agglomération,Hors intersection,Normale,Autre collision,,,,,,,,,,,1,2,1,1,6
200700078760,0007-12-14 13:32:00,7,12,14,13,32,680,66,"1, KLEBER (RUE DE)",,,Plein jour,En agglomération,Intersection à plus de 4 branches,Normale,Autre collision,,,,,,,,,,,1,2,5,1,6
200700078761,0007-12-19 06:22:00,7,12,19,6,22,680,66,ALSACE (RUE D'),,,Nuit avec éclairage allumé,En agglomération,Intersection en Y,Normale,Autre collision,,,,,,,,,,,5,2,4,1,6
200700078762,0007-12-20 08:30:00,7,12,20,8,30,680,66,"1, FRIBOURG (AVENUE DE)",,,Plein jour,En agglomération,Intersection en X,Pluie légère,Autre collision,,,,,,,,,,,1,2,2,2,6
200700078763,0007-12-07 14:25:00,7,12,7,14,25,680,224,"50, COLMAR (AVENUE DE)",,,Plein jour,En agglomération,Intersection en X,Pluie légère,Deux véhicules - côté,,,,,,,,,,,1,2,2,2,3
200700078764,0007-12-12 08:40:00,7,12,12,8,40,680,224,"170, COLMAR (AVENUE DE)",,,Plein jour,En agglomération,Intersection en T,Temps couvert,Autre collision,,,,,,,,,,,1,2,3,8,6
200700078765,0007-12-06 09:35:00,7,12,6,9,35,680,224,"23, BRIAND (AVENUE ARIST",,,Plein jour,En agglomération,Hors intersection,Normale,Deux véhicules - côté,,,,,,,,,,,1,2,1,1,3
200700078766,0007-12-06 07:45:00,7,12,6,7,45,680,224,"30, WICKY (AVENUE AUGUST",,,Crépuscule ou aube,En agglomération,Hors intersection,Pluie légère,Autre collision,,,,,,,,,,,2,2,1,2,6
200700078767,0007-12-12 14:30:00,7,12,12,14,30,680,224,"43, REGIMENT DE TIRAILLE",,,Plein jour,En agglomération,Hors intersection,Normale,Autre collision,,,,,,,,,,,1,2,1,1,6
200700078768,0007-12-12 16:40:00,7,12,12,16,40,680,224,"6, WICKY (AVENUE AUGUSTE",,,Nuit avec éclairage allumé,En agglomération,Hors intersection,Normale,Autre collision,,,,,,,,,,,5,2,1,1,6
200700078769,0007-12-14 11:35:00,7,12,14,11,35,680,224,"118, SOULTZ (RUE DE)",,,Plein jour,En agglomération,Intersection à plus de 4 branches,Normale,Deux véhicules - côté,,,,,,,,,,,1,2,5,1,3
200700078770,0007-12-19 20:50:00,7,12,19,20,50,680,224,"10, PORTE DU MIROIR",,,Nuit avec éclairage allumé,En agglomération,Hors intersection,Normale,Autre collision,,,,,,,,,,,5,2,1,1,6
200700078771,0007-12-17 07:35:00,7,12,17,7,35,680,256,"129, REPUBLIQUE (RUE DE",,,Crépuscule ou aube,En agglomération,Intersection en T,Normale,Deux véhicules - frontale,,,,,,,,,,,2,2,3,1,1
200700078772,0007-12-14 17:10:00,7,12,14,17,10,680,56,"171, ALTKIRCH (AVENUE D'",,,Nuit avec éclairage allumé,En agglomération,Hors intersection,Normale,Deux véhicules - côté,,,,,,,,,,,5,2,1,1,3
200700078773,0007-12-22 05:00:00,7,12,22,5,0,680,224,THANN (RUE DE),,,Nuit avec éclairage allumé,En agglomération,Hors intersection,Autre,Sans collision,,,,,,,,,,,5,2,1,9,7
200700078774,0007-12-19 14:35:00,7,12,19,14,35,680,224,"9, MANGENEY (RUE DU DOCT",,,Plein jour,En agglomération,Hors intersection,Normale,Deux véhicules - côté,,,,,,,,,,,1,2,1,1,3
200700078775,0007-12-29 18:15:00,7,12,29,18,15,680,224,"68, KINGERSHEIM (RUE DE)",,,Nuit avec éclairage allumé,En agglomération,Hors intersection,Pluie légère,Autre collision,,,,,,,,,,,5,2,1,2,6
200700078776,0007-12-27 09:40:00,7,12,27,9,40,680,224,"24, PUITS (RUE DU)",,,Plein jour,En agglomération,Intersection en X,Normale,Deux véhicules - côté,,,,,,,,,,,1,2,2,1,3
200700078777,0007-12-21 18:20:00,7,12,21,18,20,680,224,"158, SAUSHEIM (RUE DE)",,,Nuit avec éclairage allumé,En agglomération,Hors intersection,Normale,Autre collision,,,,,,,,,,,5,2,1,1,6
200700078778,0007-12-31 12:15:00,7,12,31,12,15,680,297,"162, MULHOUSE ( RUE)CITE",,,Plein jour,En agglomération,Hors intersection,Normale,Deux véhicules - arrière,,,,,,,,,,,1,2,1,1,2
200700078779,0007-12-09 19:30:00,7,12,9,19,30,680,297,", CD 105",,,Nuit sans éclairage public,En agglomération,Hors intersection,Temps couvert,Deux véhicules - côté,,,,,,,,,,,3,2,1,8,3
200700078780,0007-12-01 18:45:00,7,12,1,18,45,690,34,"48, ROUTE DE STRASBOURG",,,Nuit avec éclairage allumé,En agglomération,Hors intersection,Pluie légère,Autre collision,,,,,,,,,,,5,2,1,2,6
200700078781,0007-12-06 15:00:00,7,12,6,15,0,690,34,PLACE DE L INSTITUT DES,,,Plein jour,En agglomération,Autre intersection,Normale,Autre collision,,,,,,,,,,,1,2,9,1,6
200700078782,0007-12-10 19:45:00,7,12,10,19,45,690,34,"124, RUE JEAN MOULIN",,,Nuit avec éclairage allumé,En agglomération,Hors intersection,Pluie légère,Autre collision,,,,,,,,,,,5,2,1,2,6
200700078783,0007-12-29 17:30:00,7,12,29,17,30,690,34,QUAI CLEMENCEAU,,,Nuit avec éclairage allumé,En agglomération,Intersection en T,Pluie légère,Autre collision,,,,,,,,,,,5,2,3,2,6
200700078784,0007-12-29 18:50:00,7,12,29,18,50,690,34,AVENUE GENERAL DE GAULLE,,,Nuit avec éclairage non allumé,En agglomération,Autre intersection,Normale,Autre collision,,,,,,,,,,,4,2,9,1,6
200700078785,0007-12-29 23:15:00,7,12,29,23,15,690,91,"x, SEMARD (PIERRE) ( R )",,,Nuit avec éclairage allumé,En agglomération,Hors intersection,Pluie légère,Sans collision,,,,,,,,,,,5,2,1,2,7
200700078786,0007-12-03 14:50:00,7,12,3,14,50,690,142,", GENERAL DE GAULLE",,,Plein jour,En agglomération,Intersection en T,Pluie légère,Deux véhicules - côté,,,,,,,,,,,1,2,3,2,3
200700078787,0007-12-29 16:00:00,7,12,29,16,0,690,149,"216, GRANDE RUE",,,Plein jour,En agglomération,Intersection en X,Normale,Deux véhicules - côté,,,,,,,,,,,1,2,2,1,3
200700078788,0007-12-11 07:30:00,7,12,11,7,30,690,259,"0, CHEMIN DE FEYZIN",,,Crépuscule ou aube,En agglomération,Hors intersection,Pluie légère,Deux véhicules - arrière,,,,,,,,,,,2,2,1,2,2
200700078789,0007-12-14 07:50:00,7,12,14,7,50,690,259,RUE DU PROFESSEUR ROUX,,,Crépuscule ou aube,En agglomération,Hors intersection,Normale,Deux véhicules - frontale,,,,,,,,,,,2,2,1,1,1
200700078790,0007-12-21 07:15:00,7,12,21,7,15,690,199,AVENUE ALBERT RAMBOZ,,,Crépuscule ou aube,Hors agglomération,Hors intersection,Brouillard / fumée,Trois véhicules et plus - en chaîne,,,,,,,,,,,2,1,1,5,4
200700078791,0007-12-20 13:15:00,7,12,20,13,15,690,259,"0, SQUARE LUDOVIC BONIN",,,Plein jour,En agglomération,Place,Normale,Deux véhicules - côté,,,,,,,,,,,1,2,7,1,3
200700078792,0007-12-29 12:10:00,7,12,29,12,10,690,259,"0, FRANCIS DE PRESSENSE",,,Plein jour,En agglomération,Hors intersection,Normale,Deux véhicules - arrière,,,,,,,,,,,1,2,1,1,2
200700078793,0007-12-01 21:50:00,7,12,1,21,50,690,264,SAVOYE CLAUDIUS   R,,,Nuit avec éclairage allumé,En agglomération,Hors intersection,Brouillard / fumée,Autre collision,,,,,,,,,,,5,2,1,5,6
200700078794,0007-12-01 05:00:00,7,12,1,5,0,690,264,JAURES JEAN  BD,,,Nuit avec éclairage allumé,En agglomération,Hors intersection,Pluie légère,Deux véhicules - arrière,,,,,,,,,,,5,2,1,2,2
200700078795,0007-12-25 01:25:00,7,12,25,1,25,690,264,RIOTTIER  ROUTE DE,,,Nuit avec éclairage allumé,En agglomération,Hors intersection,Brouillard / fumée,Autre collision,,,,,,,,,,,5,2,1,5,6
200700078796,0007-12-28 22:50:00,7,12,28,22,50,690,264,LECLERC GENERAL  BD,,,Nuit avec éclairage allumé,En agglomération,Hors intersection,Normale,Autre collision,,,,,,,,,,,5,2,1,1,6
200700078797,0007-12-19 17:35:00,7,12,19,17,35,690,13,"325, ABBAYE (RUE DEL')",,,Nuit avec éclairage allumé,En agglomération,Hors intersection,Normale,Autre collision,,,,,,,,,,,5,2,1,1,6
200700078798,0007-12-07 17:45:00,7,12,7,17,45,690,266,"24, RUE ANTONIN PERRIN",,,Crépuscule ou aube,En agglomération,Hors intersection,Normale,Autre collision,,,,,,,,,,,2,2,1,1,6
200700078799,0007-12-11 13:00:00,7,12,11,13,0,690,266,"61/63, COURS EMILE ZOLA",,,Plein jour,En agglomération,Hors intersection,Pluie légère,Deux véhicules - arrière,,,,,,,,,,,1,2,1,2,2
200700078800,0007-12-12 08:00:00,7,12,12,8,0,690,266,"1, AVENUE ROGER SALENGRO",,,Plein jour,En agglomération,Intersection en T,Normale,Deux véhicules - côté,,,,,,,,,,,1,2,3,1,3
200700078801,0007-12-17 13:03:00,7,12,17,13,3,690,266,"416, COURS EMILE ZOLA",,,Plein jour,En agglomération,Hors intersection,Normale,Autre collision,,,,,,,,,,,1,2,1,1,6
200700078802,0007-12-18 13:40:00,7,12,18,13,40,690,266,"1, RUE ANATOLE FRANCE",,,Plein jour,En agglomération,Intersection en X,Normale,Deux véhicules - côté,,,,,,,,,,,1,2,2,1,3
200700078803,0007-12-05 06:40:00,7,12,5,6,40,690,266,RUE DE LA FEYSSINE,,,Nuit avec éclairage allumé,En agglomération,Intersection en T,Brouillard / fumée,Deux véhicules - côté,,,,,,,,,,,5,2,3,5,3
200700078804,0007-12-20 08:20:00,7,12,20,8,20,690,266,"01, RUE DE L AMITIE",,,Plein jour,En agglomération,Intersection en X,Normale,Autre collision,,,,,,,,,,,1,2,2,1,6
200700078805,0007-12-21 14:40:00,7,12,21,14,40,690,266,"1, RUE PIERRE LOUIS BERN",,,Plein jour,En agglomération,Intersection en X,Normale,Autre collision,,,,,,,,,,,1,2,2,1,6
200700078806,0007-12-17 17:10:00,7,12,17,17,10,690,386,PLACE JULES FERRY,,,Crépuscule ou aube,En agglomération,Autre intersection,Normale,Deux véhicules - arrière,,,,,,,,,,,2,2,9,1,2
200700078807,0007-12-04 16:45:00,7,12,4,16,45,690,275,RUE MARCELIN BERTHELOT,,,Crépuscule ou aube,En agglomération,Hors intersection,Normale,Autre collision,,,,,,,,,,,2,2,1,1,6
200700078808,0007-12-01 17:05:00,7,12,1,17,5,690,290,"0, RUE DU LYONNAIS",,,Nuit sans éclairage public,En agglomération,Hors intersection,Pluie légère,Deux véhicules - frontale,,,,,,,,,,,3,2,1,2,1
200700078809,0007-12-06 11:00:00,7,12,6,11,0,690,290,CHEMIN DE GENAS,,,Plein jour,En agglomération,Intersection en T,Normale,Deux véhicules - côté,,,,,,,,,,,1,2,3,1,3
200700078810,0007-12-07 13:40:00,7,12,7,13,40,690,290,BOULEVARD DE PARILLY,,,Plein jour,En agglomération,Intersection en X,Normale,Deux véhicules - frontale,,,,,,,,,,,1,2,2,1,1
200700078811,0007-12-10 08:25:00,7,12,10,8,25,690,290,RUE PIERRE SEMARD,,,Plein jour,En agglomération,Hors intersection,Pluie légère,Deux véhicules - arrière,,,,,,,,,,,1,2,1,2,2
200700078812,0007-12-13 18:50:00,7,12,13,18,50,690,290,"0, ROUTE D HEYRIEUX",,,Nuit avec éclairage allumé,En agglomération,Giratoire,Normale,Deux véhicules - arrière,,,,,,,,,,,5,2,6,1,2
200700078813,0007-12-16 14:45:00,7,12,16,14,45,690,290,"96, RUE DU GRISARD",,,Plein jour,En agglomération,Hors intersection,Normale,Autre collision,,,,,,,,,,,1,2,1,1,6
200700078814,0007-12-26 18:25:00,7,12,26,18,25,690,290,"0, COURS DU TROISIEME MI",,,Nuit sans éclairage public,En agglomération,Hors intersection,Normale,Autre collision,,,,,,,,,,,3,2,1,1,6
200700078815,0007-12-03 17:25:00,7,12,3,17,25,700,550,"36, BELIN (RUE EDOUARD)",,,Nuit avec éclairage allumé,En agglomération,Hors intersection,Normale,Autre collision,,,,,,,,,,,5,2,1,1,6
200700078816,0007-12-04 23:40:00,7,12,4,23,40,710,118,GIVRY (ROUTE),,,Nuit sans éclairage public,Hors agglomération,Hors intersection,Normale,Sans collision,,,,,,,,,,,3,1,1,1,7
200700078817,0007-12-17 06:45:00,7,12,17,6,45,710,475,ROUTE NATIONALE 80,,,Nuit sans éclairage public,Hors agglomération,Autre intersection,Brouillard / fumée,Deux véhicules - côté,,,,,,,,,,,3,1,9,5,3
200700078818,0007-12-18 13:05:00,7,12,18,13,5,710,76,"6, KENNEDY (AVENUE JOHN",,,Plein jour,En agglomération,Intersection en X,Normale,Deux véhicules - côté,,,,,,,,,,,1,2,2,1,3
200700078819,0007-12-01 16:30:00,7,12,1,16,30,710,540,R.N.80,,,Crépuscule ou aube,Hors agglomération,Intersection en X,Temps couvert,Deux véhicules - côté,,,,,,,,,,,2,1,2,8,3
200700078820,0007-12-09 08:15:00,7,12,9,8,15,710,309,AUTUN (RUE D'),,,Plein jour,En agglomération,Intersection en X,Pluie légère,Deux véhicules - côté,,,,,,,,,,,1,2,2,2,3
200700078821,0007-12-21 16:45:00,7,12,21,16,45,710,153,ABATTOIRS (boullevard de,,,Crépuscule ou aube,En agglomération,Intersection en T,Brouillard / fumée,Deux véhicules - frontale,,,,,,,,,,,2,2,3,5,1
200700078822,0007-12-22 13:10:00,7,12,22,13,10,710,153,"5, YOUGOSLAVIE (RUE DE)",,,Plein jour,En agglomération,Hors intersection,Normale,Sans collision,,,,,,,,,,,1,2,1,1,7
200700078823,0007-12-23 09:50:00,7,12,23,9,50,710,153,ABATTOIRS (boulevard des,,,Plein jour,En agglomération,Intersection en T,Autre,Deux véhicules - frontale,,,,,,,,,,,1,2,3,9,1
200700078824,0007-12-23 19:30:00,7,12,23,19,30,710,153,"86, MARECHAL FOCH (RUE)",,,Nuit avec éclairage allumé,En agglomération,Intersection en X,Brouillard / fumée,Deux véhicules - frontale,,,,,,,,,,,5,2,2,5,1
200700078825,0007-12-07 12:50:00,7,12,7,12,50,710,270,SOLUTRE (RUE DE),,,Plein jour,En agglomération,Intersection en X,Normale,Deux véhicules - côté,,,,,,,,,,,1,2,2,1,3
200700078826,0007-12-13 08:25:00,7,12,13,8,25,710,270,"6, SCHWEITZER (RUE DU DO",,,Plein jour,En agglomération,Hors intersection,Normale,Autre collision,,,,,,,,,,,1,2,1,1,6
200700078827,0007-12-17 18:55:00,7,12,17,18,55,710,270,"1, JUIN (RUE DU MARECHAL",,,Nuit avec éclairage allumé,En agglomération,Hors intersection,Normale,Autre collision,,,,,,,,,,,5,2,1,1,6
200700078828,0007-12-17 00:10:00,7,12,17,0,10,710,270,"1, SCHOELCHER (BOULEVARD",,,Nuit avec éclairage allumé,En agglomération,Hors intersection,Pluie légère,Autre collision,,,,,,,,,,,5,2,1,2,6
200700078829,0007-12-14 09:15:00,7,12,14,9,15,710,105,DAVAYE (ROUTE DE),,,Plein jour,Hors agglomération,Hors intersection,Autre,Autre collision,,,,,,,,,,,1,1,1,9,6
200700078830,0007-12-20 17:35:00,7,12,20,17,35,710,270,"91, HUGO (RUE VICTOR)",,,Plein jour,En agglomération,Hors intersection,Normale,Sans collision,,,,,,,,,,,1,2,1,1,7
200700078831,0007-12-20 17:10:00,7,12,20,17,10,710,270,"1, NEUSTADT (ROND-POINT",,,Plein jour,En agglomération,Hors intersection,Normale,Sans collision,,,,,,,,,,,1,2,1,1,7
200700078832,0007-12-25 17:55:00,7,12,25,17,55,710,270,"1, NEUF CLES (BOULEVARD",,,Plein jour,En agglomération,Intersection en X,Normale,Deux véhicules - côté,,,,,,,,,,,1,2,2,1,3
200700078833,0007-12-26 07:00:00,7,12,26,7,0,710,497,GENERAL DE GAULLE (BOULE,,,Crépuscule ou aube,Hors agglomération,Hors intersection,Autre,Sans collision,,,,,,,,,,,2,1,1,9,7
200700078834,0007-12-26 09:35:00,7,12,26,9,35,710,497,"1, VEYLE (RUE DE)",,,Plein jour,Hors agglomération,Hors intersection,Autre,Autre collision,,,,,,,,,,,1,1,1,9,6
200700078835,0007-12-06 17:25:00,7,12,6,17,25,710,306,ALOUETTES (AVENUE DES),,,Nuit avec éclairage allumé,En agglomération,Intersection en X,Pluie légère,Sans collision,,,,,,,,,,,5,2,2,2,7
200700078836,0007-12-01 19:30:00,7,12,1,19,30,720,181,ALENCON (RTE D'),,,Nuit avec éclairage allumé,Hors agglomération,Hors intersection,Pluie légère,Trois véhicules et plus - en chaîne,,,,,,,,,,,5,1,1,2,4
200700078837,0007-12-02 10:54:00,7,12,2,10,54,720,181,MAUPERTUIS (RUE),,,Plein jour,En agglomération,Intersection en X,Pluie légère,Deux véhicules - côté,,,,,,,,,,,1,2,2,2,3
200700078838,0007-12-06 19:40:00,7,12,6,19,40,720,181,"167, JAURES JEAN (AV) N°",,,Nuit avec éclairage allumé,En agglomération,Hors intersection,Normale,Sans collision,,,,,,,,,,,5,2,1,1,7
200700078839,0007-12-07 13:30:00,7,12,7,13,30,720,181,BERANGER (RUE) N° IMP 1,,,Plein jour,En agglomération,Intersection en X,Normale,Autre collision,,,,,,,,,,,1,2,2,1,6
200700078840,0007-12-07 18:00:00,7,12,7,18,0,720,181,ALLONNES PONT ROUGE (RTE,,,Nuit avec éclairage allumé,En agglomération,Hors intersection,Pluie forte,Deux véhicules - arrière,,,,,,,,,,,5,2,1,3,2
200700078841,0007-12-10 22:30:00,7,12,10,22,30,720,181,RUBILLARD AV N° IMP 1 A,,,Nuit avec éclairage allumé,En agglomération,Intersection en X,Normale,Deux véhicules - côté,,,,,,,,,,,5,2,2,1,3
200700078842,0007-12-11 03:15:00,7,12,11,3,15,720,181,LAVAL (RTE DE) PAIRS,,,Nuit avec éclairage allumé,Hors agglomération,Hors intersection,Normale,Deux véhicules - frontale,,,,,,,,,,,5,1,1,1,1
200700078843,0007-12-11 17:35:00,7,12,11,17,35,720,181,RIBAY (RUE DU),,,Nuit avec éclairage allumé,En agglomération,Hors intersection,Normale,Deux véhicules - frontale,,,,,,,,,,,5,2,1,1,1
200700078844,0007-12-13 18:10:00,7,12,13,18,10,720,181,BOULLET GEORGES (RUE),,,Nuit avec éclairage allumé,En agglomération,Hors intersection,Normale,Deux véhicules - côté,,,,,,,,,,,5,2,1,1,3
200700078845,0007-12-13 20:40:00,7,12,13,20,40,720,181,"465, GENESLAY FELIX (AV)",,,Nuit avec éclairage allumé,En agglomération,Hors intersection,Autre,Autre collision,,,,,,,,,,,5,2,1,9,6
200700078846,0007-12-14 18:00:00,7,12,14,18,0,720,181,"89, ROUSSEAU JJ  BD N° I",,,Nuit avec éclairage allumé,En agglomération,Hors intersection,Normale,Deux véhicules - frontale,,,,,,,,,,,5,2,1,1,1
200700078847,0007-12-14 17:15:00,7,12,14,17,15,720,181,ALENCON (RTE D'),,,Nuit avec éclairage allumé,Hors agglomération,Hors intersection,Normale,Trois véhicules et plus - en chaîne,,,,,,,,,,,5,1,1,1,4
200700078848,0007-12-15 18:45:00,7,12,15,18,45,720,181,MITTERAND FRANCOIS (AV),,,Nuit avec éclairage allumé,En agglomération,Hors intersection,Normale,Deux véhicules - arrière,,,,,,,,,,,5,2,1,1,2
200700078849,0007-12-15 16:50:00,7,12,15,16,50,720,3,SUZE (RTE DE LA),,,Nuit avec éclairage allumé,Hors agglomération,Intersection en T,Normale,Deux véhicules - côté,,,,,,,,,,,5,1,3,1,3
200700078850,0007-12-15 18:20:00,7,12,15,18,20,720,181,DURAND GEORGES (AV) N° I,,,Nuit avec éclairage allumé,En agglomération,Hors intersection,Normale,Deux véhicules - côté,,,,,,,,,,,5,2,1,1,3
200700078851,0007-12-15 22:45:00,7,12,15,22,45,720,181,"91, JAURES JEAN (AV) N°",,,Nuit avec éclairage allumé,En agglomération,Hors intersection,Normale,Deux véhicules - côté,,,,,,,,,,,5,2,1,1,3
200700078852,0007-12-16 01:05:00,7,12,16,1,5,720,181,AUVRAY (RUE)  N° IMP,,,Nuit avec éclairage allumé,En agglomération,Hors intersection,Normale,Deux véhicules - côté,,,,,,,,,,,5,2,1,1,3
200700078853,0007-12-17 16:45:00,7,12,17,16,45,720,181,ALENCON (RTE D'),,,Nuit avec éclairage allumé,En agglomération,Hors intersection,Normale,Deux véhicules - côté,,,,,,,,,,,5,2,1,1,3
200700078854,0007-12-18 18:00:00,7,12,18,18,0,720,181,"28, POITEVIN ALPHONSE (R",,,Nuit avec éclairage allumé,En agglomération,Hors intersection,Normale,Autre collision,,,,,,,,,,,5,2,1,1,6
200700078855,0007-12-18 18:40:00,7,12,18,18,40,720,181,PATTON GENERAL RTE ST-AU,,,Nuit avec éclairage allumé,Hors agglomération,Hors intersection,Normale,Autre collision,,,,,,,,,,,5,1,1,1,6
200700078856,0007-12-20 14:10:00,7,12,20,14,10,720,181,GAMBETTA (PONT),,,Plein jour,En agglomération,Hors intersection,Normale,Autre collision,,,,,,,,,,,1,2,1,1,6
200700078857,0007-12-20 18:40:00,7,12,20,18,40,720,181,SCHUMAN ROBERT ( BD),,,Nuit avec éclairage allumé,En agglomération,Hors intersection,Normale,Deux véhicules - côté,,,,,,,,,,,5,2,1,1,3
200700078858,0007-12-20 20:10:00,7,12,20,20,10,720,3,SPAY (RTE DE),,,Nuit avec éclairage allumé,Hors agglomération,Hors intersection,Normale,Autre collision,,,,,,,,,,,5,1,1,1,6
200700078859,0007-12-21 14:10:00,7,12,21,14,10,720,181,LECLERC GENERAL (AV) IMP,,,Plein jour,En agglomération,Hors intersection,Normale,Deux véhicules - frontale,,,,,,,,,,,1,2,1,1,1
200700078860,0007-12-21 16:30:00,7,12,21,16,30,720,181,PREAU (RUE DE),,,Plein jour,En agglomération,Hors intersection,Normale,Autre collision,,,,,,,,,,,1,2,1,1,6
200700078861,0007-12-27 15:10:00,7,12,27,15,10,720,181,GENESLAY FELIX (AV) N° I,,,Plein jour,En agglomération,Intersection en X,Normale,Deux véhicules - côté,,,,,,,,,,,1,2,2,1,3
200700078862,0007-12-28 17:00:00,7,12,28,17,0,720,181,"114, JAURES JEAN (AV) N°",,,Crépuscule ou aube,En agglomération,Hors intersection,Normale,Deux véhicules - côté,,,,,,,,,,,2,2,1,1,3
200700078863,0007-12-04 17:00:00,7,12,4,17,0,730,11,"1, FONTANET (AV.) RUISSE",,,Crépuscule ou aube,En agglomération,Intersection en T,Normale,Deux véhicules - côté,,,,,,,,,,,2,2,3,1,3
200700078864,0007-12-07 21:20:00,7,12,7,21,20,730,11,CASSIN (RUE RENE),,,Nuit avec éclairage allumé,En agglomération,Intersection en X,Pluie forte,Deux véhicules - côté,,,,,,,,,,,5,2,2,3,3
200700078865,0007-12-03 23:20:00,7,12,3,23,20,730,65,"866, MACHE (FAUBOURG)",,,Nuit avec éclairage allumé,En agglomération,Hors intersection,Autre,Autre collision,,,,,,,,,,,5,2,1,9,6
200700078866,0007-12-04 08:30:00,7,12,4,8,30,740,93,"48, ALERY (GRANDE RUE D'",,,Plein jour,En agglomération,Hors intersection,Pluie légère,Autre collision,,,,,,,,,,,1,2,1,2,6
200700078867,0007-12-12 15:47:00,7,12,12,15,47,740,10,"., RHONE (AVENUE DU)",,,Plein jour,Hors agglomération,Intersection en X,Pluie légère,Autre collision,,,,,,,,,,,1,1,2,2,6
200700078868,0007-12-12 11:40:00,7,12,12,11,40,740,10,"27, PLAINE (AVENUE DE LA",,,Plein jour,En agglomération,Hors intersection,Normale,Autre collision,,,,,,,,,,,1,2,1,1,6