accident_id,datetime,annee,mois,jour,heure,minute,departement,commune_insee,adresse,latitude,longitude,luminosite,agglomeration,intersection,meteo,collision,nb_vehicules,nb_usagers,nb_indemnes,nb_tues,nb_blesses_hosp,nb_blesses_legers,age_cond_1,age_cond_2,veh_type_cond_1,veh_type_cond_2,lum_code,agg_code,int_code,atm_code,col_code
200700078999,0007-12-03 08:10:00,7,12,3,8,10,780,172,RN 184,,,Plein jour,Hors agglomération,Hors intersection,Pluie légère,Trois véhicules et plus - collisions multiples,,,,,,,,,,,1,1,1,2,5
200700079000,0007-12-12 08:25:00,7,12,12,8,25,780,168,"00, VOIE LATERALE SUD",,,Crépuscule ou aube,En agglomération,Hors intersection,Autre,Deux véhicules - côté,,,,,,,,,,,2,2,1,9,3
200700079001,0007-12-27 16:45:00,7,12,27,16,45,780,208,DIX NEUF MARS 62 (BOULEV,,,Crépuscule ou aube,En agglomération,Hors intersection,Brouillard / fumée,Sans collision,,,,,,,,,,,2,2,1,5,7
200700079002,0007-12-18 06:45:00,7,12,18,6,45,780,297,BEETHOVEN (BOULEVARD),,,Nuit avec éclairage allumé,En agglomération,Giratoire,Normale,Sans collision,,,,,,,,,,,5,2,6,1,7
200700079003,0007-12-13 08:55:00,7,12,13,8,55,780,423,"ignore, ABOUT (AVENUE NI",,,Plein jour,En agglomération,Hors intersection,Normale,Deux véhicules - arrière,,,,,,,,,,,1,2,1,1,2
200700079004,0007-12-10 08:45:00,7,12,10,8,45,780,297,CD 91,,,Crépuscule ou aube,En agglomération,Hors intersection,Normale,Sans collision,,,,,,,,,,,2,2,1,1,7
200700079005,0007-12-10 17:05:00,7,12,10,17,5,780,297,"IGNORE, CARREFOUR DE L'E",,,Nuit avec éclairage allumé,En agglomération,Giratoire,Pluie légère,Deux véhicules - côté,,,,,,,,,,,5,2,6,2,3
200700079006,0007-12-12 20:35:00,7,12,12,20,35,780,423,FRERES LUMIERES (AVENUE,,,Nuit avec éclairage allumé,En agglomération,Hors intersection,Normale,Trois véhicules et plus - en chaîne,,,,,,,,,,,5,2,1,1,4
200700079007,0007-12-15 15:00:00,7,12,15,15,0,780,297,MONNET (RUE JEAN),,,Plein jour,En agglomération,Intersection en T,Normale,Deux véhicules - frontale,,,,,,,,,,,1,2,3,1,1
200700079008,0007-12-16 11:25:00,7,12,16,11,25,780,423,LYCEE (AVENUE DU),,,Plein jour,En agglomération,Intersection en X,Temps éblouissant,Autre collision,,,,,,,,,,,1,2,2,7,6
200700079009,0007-12-17 18:55:00,7,12,17,18,55,780,423,PRES (AVENUE DES),,,Nuit avec éclairage allumé,En agglomération,Hors intersection,Normale,Sans collision,,,,,,,,,,,5,2,1,1,7
200700079010,0007-12-26 18:30:00,7,12,26,18,30,780,297,"ignoré, LEROI-GOURHAN (R",,,Nuit avec éclairage allumé,En agglomération,Intersection en X,Pluie légère,Sans collision,,,,,,,,,,,5,2,2,2,7
200700079011,0007-12-25 16:05:00,7,12,25,16,5,780,423,PAIX CELESTE (PLACE DE L,,,Plein jour,En agglomération,Hors intersection,Normale,Autre collision,,,,,,,,,,,1,2,1,1,6
200700079012,0007-12-25 18:50:00,7,12,25,18,50,780,297,"ignoré, JAURES (BOULEVAR",,,Nuit avec éclairage allumé,En agglomération,Hors intersection,Normale,Sans collision,,,,,,,,,,,5,2,1,1,7
200700079013,0007-12-24 14:50:00,7,12,24,14,50,780,297,CEZANNE (BOULEVARD PAUL),,,Plein jour,En agglomération,Hors intersection,Normale,Sans collision,,,,,,,,,,,1,2,1,1,7
200700079014,0007-12-27 11:35:00,7,12,27,11,35,780,423,PARC (AVENUE DU),,,Plein jour,En agglomération,Intersection en X,Normale,Deux véhicules - frontale,,,,,,,,,,,1,2,2,1,1
200700079015,0007-12-13 15:05:00,7,12,13,15,5,780,311,"20, REPUBLIQUE (AVENUE D",,,Crépuscule ou aube,En agglomération,Hors intersection,Temps couvert,Autre collision,,,,,,,,,,,2,2,1,8,6
200700079016,0007-12-24 22:55:00,7,12,24,22,55,780,311,"46, HENRI BARBUSSE (BOUL",,,Nuit avec éclairage allumé,En agglomération,Hors intersection,Normale,Autre collision,,,,,,,,,,,5,2,1,1,6
200700079017,0007-12-15 14:30:00,7,12,15,14,30,780,267,RD 130,,,Plein jour,En agglomération,Hors intersection,Normale,Autre collision,,,,,,,,,,,1,2,1,1,6
200700079018,0007-12-21 22:25:00,7,12,21,22,25,780,361,RUE DE GASSICOURT,,,Nuit avec éclairage allumé,En agglomération,Intersection en X,Brouillard / fumée,Deux véhicules - côté,,,,,,,,,,,5,2,2,5,3
200700079019,0007-12-22 04:15:00,7,12,22,4,15,780,335,EDOUARD FOSSE,,,Nuit sans éclairage public,En agglomération,Hors intersection,Pluie légère,Autre collision,,,,,,,,,,,3,2,1,2,6
200700079020,0007-12-28 18:45:00,7,12,28,18,45,780,440,BOUAFLE (ROUTE DE),,,Nuit avec éclairage allumé,En agglomération,Intersection en X,Normale,Deux véhicules - côté,,,,,,,,,,,5,2,2,1,3
200700079021,0007-12-29 18:35:00,7,12,29,18,35,780,29,CHARLES DE GAULLE (AVENU,,,Nuit avec éclairage allumé,En agglomération,Intersection en X,Pluie légère,Deux véhicules - frontale,,,,,,,,,,,5,2,2,2,1
200700079022,0007-12-03 18:00:00,7,12,3,18,0,780,440,GAMBETTA (RUE),,,Nuit avec éclairage allumé,En agglomération,Hors intersection,Normale,Autre collision,,,,,,,,,,,5,2,1,1,6
200700079023,0007-12-04 00:55:00,7,12,4,0,55,780,227,CD 922,,,Nuit sans éclairage public,Hors agglomération,Intersection en T,Pluie légère,Deux véhicules - côté,,,,,,,,,,,3,1,3,2,3
200700079024,0007-12-06 21:25:00,7,12,6,21,25,780,440,BOUAFLE (ROUTE DE),,,Nuit avec éclairage allumé,En agglomération,Intersection en X,Pluie légère,Deux véhicules - côté,,,,,,,,,,,5,2,2,2,3
200700079025,0007-12-04 08:05:00,7,12,4,8,5,780,401,THIERS (BOULEVARD),,,Plein jour,En agglomération,Hors intersection,Normale,Deux véhicules - côté,,,,,,,,,,,1,2,1,1,3
200700079026,0007-12-08 13:35:00,7,12,8,13,35,780,440,GLANDAZ (QUAI),,,Plein jour,En agglomération,Intersection en T,Pluie légère,Deux véhicules - côté,,,,,,,,,,,1,2,3,2,3
200700079027,0007-12-07 10:40:00,7,12,7,10,40,780,29,"10, MONTGARDE ( RUE DE)",,,Plein jour,En agglomération,Hors intersection,Vent fort / tempête,Sans collision,,,,,,,,,,,1,2,1,6,7
200700079028,0007-12-13 19:55:00,7,12,13,19,55,780,440,BOUAFLE (ROUTE DE),,,Crépuscule ou aube,Hors agglomération,Hors intersection,Normale,Deux véhicules - frontale,,,,,,,,,,,2,1,1,1,1
200700079029,0007-12-14 08:30:00,7,12,14,8,30,780,440,ALBERT THOMAS (RUE),,,Plein jour,En agglomération,Hors intersection,Normale,Autre collision,,,,,,,,,,,1,2,1,1,6
200700079030,0007-12-16 18:35:00,7,12,16,18,35,780,440,CD 14,,,Nuit avec éclairage allumé,Hors agglomération,Hors intersection,Normale,Deux véhicules - arrière,,,,,,,,,,,5,1,1,1,2
200700079031,0007-12-08 13:45:00,7,12,8,13,45,780,29,BAZEMONT (RUE DE),,,Plein jour,Hors agglomération,Hors intersection,Pluie forte,Autre collision,,,,,,,,,,,1,1,1,3,6
200700079032,0007-12-19 06:40:00,7,12,19,6,40,780,401,"04, THIERS (BOULEVARD)",,,Nuit avec éclairage allumé,En agglomération,Hors intersection,Normale,Autre collision,,,,,,,,,,,5,2,1,1,6
200700079033,0007-12-19 11:40:00,7,12,19,11,40,780,29,COOPERATION (RUE DE LA),,,Plein jour,Hors agglomération,Hors intersection,Temps couvert,Deux véhicules - arrière,,,,,,,,,,,1,1,1,8,2
200700079034,0007-12-20 17:25:00,7,12,20,17,25,780,440,COQUETIERS (RUE DES),,,Nuit avec éclairage allumé,En agglomération,Hors intersection,Normale,Deux véhicules - frontale,,,,,,,,,,,5,2,1,1,1
200700079035,0007-12-21 06:40:00,7,12,21,6,40,780,440,AMPERE (RUE),,,Nuit avec éclairage allumé,En agglomération,Intersection en X,Normale,Deux véhicules - côté,,,,,,,,,,,5,2,2,1,3
200700079036,0007-12-21 09:25:00,7,12,21,9,25,780,440,EUROPE (AVENUE DE L'),,,Plein jour,En agglomération,Hors intersection,Pluie légère,Sans collision,,,,,,,,,,,1,2,1,2,7
200700079037,0007-12-21 16:25:00,7,12,21,16,25,780,238,CD 14,,,Plein jour,Hors agglomération,Hors intersection,Normale,Deux véhicules - arrière,,,,,,,,,,,1,1,1,1,2
200700079038,0007-12-23 19:55:00,7,12,23,19,55,780,238,CD 113,,,Nuit sans éclairage public,En agglomération,Hors intersection,Pluie forte,Sans collision,,,,,,,,,,,3,2,1,3,7
200700079039,0007-12-23 15:25:00,7,12,23,15,25,780,238,CD 113,,,Plein jour,En agglomération,Hors intersection,Pluie légère,Sans collision,,,,,,,,,,,1,2,1,2,7
200700079040,0007-12-01 21:50:00,7,12,1,21,50,780,490,ARMORIQUE (AVENUE D'),,,Nuit avec éclairage allumé,Hors agglomération,Hors intersection,Pluie forte,Sans collision,,,,,,,,,,,5,1,1,3,7
200700079041,0007-12-05 15:20:00,7,12,5,15,20,780,490,DEUX PLATEAUX (ROUTE DES,,,Plein jour,En agglomération,Hors intersection,Normale,Autre collision,,,,,,,,,,,1,2,1,1,6
200700079042,0007-12-07 07:25:00,7,12,7,7,25,780,490,EBISOIRES (RUE DES),,,Crépuscule ou aube,En agglomération,Hors intersection,Normale,Autre collision,,,,,,,,,,,2,2,1,1,6
200700079043,0007-12-07 18:40:00,7,12,7,18,40,780,490,BOISSIERE (RUE DE LA),,,Nuit avec éclairage allumé,En agglomération,Intersection en X,Pluie légère,Deux véhicules - côté,,,,,,,,,,,5,2,2,2,3
200700079044,0007-12-08 17:55:00,7,12,8,17,55,780,490,BARBUSSE (RUE HENRI),,,Nuit avec éclairage allumé,En agglomération,Hors intersection,Pluie légère,Autre collision,,,,,,,,,,,5,2,1,2,6
200700079045,0007-12-13 03:00:00,7,12,13,3,0,780,674,CD 11,,,Nuit avec éclairage non allumé,En agglomération,Hors intersection,Brouillard / fumée,Deux véhicules - côté,,,,,,,,,,,4,2,1,5,3
200700079046,0007-12-14 19:55:00,7,12,14,19,55,780,490,LAURENT (AVENUE MARC),,,Nuit avec éclairage allumé,En agglomération,Hors intersection,Normale,Deux véhicules - frontale,,,,,,,,,,,5,2,1,1,1
200700079047,0007-12-19 16:30:00,7,12,19,16,30,780,490,SAINT GERMAIN (AVENUE DE,,,Plein jour,En agglomération,Hors intersection,Normale,Trois véhicules et plus - collisions multiples,,,,,,,,,,,1,2,1,1,5
200700079048,0007-12-24 14:15:00,7,12,24,14,15,780,490,"51bis, GARE (RUE DE LA)",,,Plein jour,En agglomération,Giratoire,Normale,Deux véhicules - arrière,,,,,,,,,,,1,2,6,1,2
200700079049,0007-12-30 01:20:00,7,12,30,1,20,780,165,BARBUSSE (AVENUE HENRY),,,Nuit avec éclairage allumé,En agglomération,Hors intersection,Pluie légère,Sans collision,,,,,,,,,,,5,2,1,2,7
200700079050,0007-12-27 18:50:00,7,12,27,18,50,780,498,MALADRERIE AV DE LA,,,Nuit avec éclairage allumé,En agglomération,Intersection en X,Normale,Deux véhicules - côté,,,,,,,,,,,5,2,2,1,3
200700079051,0007-12-29 20:10:00,7,12,29,20,10,780,643,BREZOLLES A VERNOUILLET,,,Nuit sans éclairage public,Hors agglomération,Autre intersection,Pluie légère,Autre collision,,,,,,,,,,,3,1,9,2,6
200700079052,0007-12-14 19:25:00,7,12,14,19,25,780,624,POISSY AVENUE DE,,,Nuit avec éclairage allumé,Hors agglomération,Hors intersection,Normale,Trois véhicules et plus - collisions multiples,,,,,,,,,,,5,1,1,1,5
200700079053,0007-12-27 13:10:00,7,12,27,13,10,780,498,PORT RUE DU,,,Plein jour,En agglomération,Hors intersection,Normale,Autre collision,,,,,,,,,,,1,2,1,1,6
200700079054,0007-12-07 21:10:00,7,12,7,21,10,780,498,GAMBETTA BD,,,Nuit avec éclairage allumé,En agglomération,Intersection en X,Pluie légère,Deux véhicules - côté,,,,,,,,,,,5,2,2,2,3
200700079055,0007-12-08 20:45:00,7,12,8,20,45,780,498,CASTILLE AV BLANCHE DE,,,Nuit avec éclairage allumé,En agglomération,Hors intersection,Pluie légère,Deux véhicules - côté,,,,,,,,,,,5,2,1,2,3
200700079056,0007-12-12 07:30:00,7,12,12,7,30,780,642,MEULAN ROUTE DE CD154,,,Nuit avec éclairage allumé,En agglomération,Intersection en X,Normale,Deux véhicules - côté,,,,,,,,,,,5,2,2,1,3
200700079057,0007-12-15 10:35:00,7,12,15,10,35,780,498,SANDRIER RUE,,,Plein jour,En agglomération,Intersection en T,Normale,Sans collision,,,,,,,,,,,1,2,3,1,7
200700079058,0007-12-16 09:30:00,7,12,16,9,30,780,498,GALLIENI RUE,,,Plein jour,En agglomération,Intersection en X,Normale,Autre collision,,,,,,,,,,,1,2,2,1,6
200700079059,0007-12-18 08:35:00,7,12,18,8,35,780,624,POISSY AVENUE DE,,,Plein jour,Hors agglomération,Hors intersection,Normale,Deux véhicules - côté,,,,,,,,,,,1,1,1,1,3
200700079060,0007-12-21 10:50:00,7,12,21,10,50,780,624,"10, CHANTELOUP RUE DE",,,Plein jour,En agglomération,Intersection en T,Normale,Sans collision,,,,,,,,,,,1,2,3,1,7
200700079061,0007-12-21 18:35:00,7,12,21,18,35,780,624,SENET RUE EUGENE,,,Nuit avec éclairage allumé,En agglomération,Hors intersection,Pluie légère,Trois véhicules et plus - en chaîne,,,,,,,,,,,5,2,1,2,4
200700079062,0007-12-20 08:20:00,7,12,20,8,20,780,624,CHANTELOUP RUE DE,,,Crépuscule ou aube,Hors agglomération,Intersection à plus de 4 branches,Normale,Deux véhicules - frontale,,,,,,,,,,,2,1,5,1,1
200700079063,0007-12-20 21:50:00,7,12,20,21,50,780,672,DE VOISINS AVENUE DU PRE,,,Nuit avec éclairage allumé,En agglomération,Hors intersection,Normale,Deux véhicules - frontale,,,,,,,,,,,5,2,1,1,1
200700079064,0007-12-23 17:55:00,7,12,23,17,55,780,384,BRETEUIL (RUE DE),,,Nuit sans éclairage public,En agglomération,Hors intersection,Normale,Sans collision,,,,,,,,,,,3,2,1,1,7
200700079065,0007-12-04 19:39:00,7,12,4,19,39,780,384,"48, PIERRE CURIE (RUE)",,,Nuit avec éclairage allumé,En agglomération,Intersection en T,Normale,Deux véhicules - côté,,,,,,,,,,,5,2,3,1,3
200700079066,0007-12-04 15:10:00,7,12,4,15,10,780,517,D 936,,,Plein jour,En agglomération,Intersection en T,Pluie légère,Deux véhicules - frontale,,,,,,,,,,,1,2,3,2,1
200700079067,0007-12-07 16:40:00,7,12,7,16,40,780,517,CLEMENCEAU (RUE GEORGES),,,Crépuscule ou aube,En agglomération,Intersection en X,Normale,Deux véhicules - côté,,,,,,,,,,,2,2,2,1,3
200700079068,0007-12-09 19:10:00,7,12,9,19,10,780,517,MUGUET (RUE DU),,,Nuit avec éclairage allumé,En agglomération,Giratoire,Pluie légère,Deux véhicules - côté,,,,,,,,,,,5,2,6,2,3
200700079069,0007-12-21 10:50:00,7,12,21,10,50,780,220,RN 10,,,Plein jour,Hors agglomération,Intersection en X,Normale,Deux véhicules - arrière,,,,,,,,,,,1,1,2,1,2
200700079070,0007-12-14 17:15:00,7,12,14,17,15,780,545,"indétermin, FERRER (RUE",,,Nuit avec éclairage allumé,En agglomération,Hors intersection,Normale,Autre collision,,,,,,,,,,,5,2,1,1,6
200700079071,0007-12-15 03:10:00,7,12,15,3,10,780,242,DEMENERIE (RUE DE LA),,,Nuit avec éclairage allumé,Hors agglomération,Hors intersection,Normale,Autre collision,,,,,,,,,,,5,1,1,1,6
200700079072,0007-12-18 14:00:00,7,12,18,14,0,780,133,RN.13,,,Plein jour,Hors agglomération,Hors intersection,Normale,Trois véhicules et plus - en chaîne,,,,,,,,,,,1,1,1,1,4
200700079073,0007-12-18 21:25:00,7,12,18,21,25,780,551,"ignoré, ALSACE (RUE D')",,,Nuit avec éclairage allumé,En agglomération,Giratoire,Normale,Deux véhicules - côté,,,,,,,,,,,5,2,6,1,3
200700079074,0007-12-21 23:00:00,7,12,21,23,0,780,551,"ignoré, CENTRALE (ROUTE)",,,Nuit sans éclairage public,Hors agglomération,Hors intersection,Temps couvert,Sans collision,,,,,,,,,,,3,1,1,8,7
200700079075,0007-12-19 20:20:00,7,12,19,20,20,780,586,BERTEAUX (MAURICE) N°2 A,,,Nuit avec éclairage allumé,En agglomération,Hors intersection,Autre,Autre collision,,,,,,,,,,,5,2,1,9,6
200700079076,0007-12-04 08:55:00,7,12,4,8,55,780,586,SCHUMAN (ROBERT),,,Plein jour,En agglomération,Giratoire,Normale,Autre collision,,,,,,,,,,,1,2,6,1,6
200700079077,0007-12-05 10:50:00,7,12,5,10,50,780,586,FABIEN (COLONEL) N° PAIR,,,Plein jour,En agglomération,Intersection en T,Normale,Autre collision,,,,,,,,,,,1,2,3,1,6
200700079078,0007-12-05 17:25:00,7,12,5,17,25,780,586,BRULAY (RENE),,,Nuit avec éclairage allumé,En agglomération,Intersection en T,Normale,Deux véhicules - côté,,,,,,,,,,,5,2,3,1,3
200700079079,0007-12-11 09:30:00,7,12,11,9,30,780,586,CLEMENCEAU (G.) N°1 A 53,,,Plein jour,En agglomération,Giratoire,Normale,Deux véhicules - côté,,,,,,,,,,,1,2,6,1,3
200700079080,0007-12-15 20:20:00,7,12,15,20,20,780,586,MERMOZ (JEAN),,,Nuit avec éclairage allumé,En agglomération,Hors intersection,Normale,Autre collision,,,,,,,,,,,5,2,1,1,6
200700079081,0007-12-18 06:55:00,7,12,18,6,55,780,586,CLEMENCEAU (G.) N°129 A,,,Plein jour,En agglomération,Intersection en T,Normale,Deux véhicules - côté,,,,,,,,,,,1,2,3,1,3
200700079082,0007-12-18 17:35:00,7,12,18,17,35,780,621,NATIONALE 10   (ROUTE),,,Nuit avec éclairage allumé,Hors agglomération,Hors intersection,Normale,Trois véhicules et plus - en chaîne,,,,,,,,,,,5,1,1,1,4
200700079083,0007-12-21 16:30:00,7,12,21,16,30,780,621,"1,000, NATIONALE 10   (R",,,Plein jour,Hors agglomération,Hors intersection,Normale,Trois véhicules et plus - collisions multiples,,,,,,,,,,,1,1,1,1,5
200700079084,0007-12-12 09:05:00,7,12,12,9,5,780,621,PORT ROYAL (RUE),,,Plein jour,En agglomération,Hors intersection,Autre,Sans collision,,,,,,,,,,,1,2,1,9,7
200700079085,0007-12-13 08:05:00,7,12,13,8,5,780,621,ALLENDE (AVE. SALV.)(NOR,,,Crépuscule ou aube,En agglomération,Hors intersection,Brouillard / fumée,Autre collision,,,,,,,,,,,2,2,1,5,6
200700079086,0007-12-14 12:15:00,7,12,14,12,15,780,621,NATIONALE 10   (ROUTE),,,Plein jour,Hors agglomération,Hors intersection,Normale,Autre collision,,,,,,,,,,,1,1,1,1,6
200700079087,0007-12-02 03:50:00,7,12,2,3,50,780,640,"17, ROBERT WAGNER (AVENU",,,Nuit avec éclairage allumé,En agglomération,Hors intersection,Temps couvert,Sans collision,,,,,,,,,,,5,2,1,8,7
200700079088,0007-12-06 20:15:00,7,12,6,20,15,780,686,"226, GENERAL LECLERC (AV",,,Nuit avec éclairage allumé,En agglomération,Hors intersection,Pluie légère,Deux véhicules - côté,,,,,,,,,,,5,2,1,2,3
200700079089,0007-12-10 08:05:00,7,12,10,8,5,780,686,"74, GENERAL LECLERC (AVE",,,Nuit avec éclairage allumé,En agglomération,Hors intersection,Pluie légère,Deux véhicules - côté,,,,,,,,,,,5,2,1,2,3
200700079090,0007-12-12 14:05:00,7,12,12,14,5,780,640,LOUIS BREGUET (AVENUE),,,Plein jour,En agglomération,Hors intersection,Normale,Deux véhicules - côté,,,,,,,,,,,1,2,1,1,3
200700079091,0007-12-14 20:15:00,7,12,14,20,15,780,640,MORANE-SAULNIER (AVENUE),,,Nuit avec éclairage allumé,En agglomération,Intersection en T,Normale,Deux véhicules - côté,,,,,,,,,,,5,2,3,1,3
200700079092,0007-12-18 08:20:00,7,12,18,8,20,780,640,"22, MARCEL SEMBAT (RUE)",,,Plein jour,En agglomération,Hors intersection,Autre,Autre collision,,,,,,,,,,,1,2,1,9,6
200700079093,0007-12-18 17:55:00,7,12,18,17,55,780,646,"Néant, EUROPE (AVENUE DE",,,Nuit avec éclairage allumé,En agglomération,Hors intersection,Normale,Autre collision,,,,,,,,,,,5,2,1,1,6
200700079094,0007-12-03 14:35:00,7,12,3,14,35,780,646,"NEANT, PARIS (AVENUE DE)",,,Plein jour,En agglomération,Intersection en T,Normale,Deux véhicules - côté,,,,,,,,,,,1,2,3,1,3
200700079095,0007-12-03 08:40:00,7,12,3,8,40,780,646,"Néant, M. DE LATTRE DE T",,,Plein jour,En agglomération,Intersection en T,Normale,Autre collision,,,,,,,,,,,1,2,3,1,6
200700079096,0007-12-06 07:40:00,7,12,6,7,40,780,646,SAINT MARTIN (RAMPE),,,Nuit sans éclairage public,Hors agglomération,Intersection en T,Normale,Deux véhicules - côté,,,,,,,,,,,3,1,3,1,3
200700079097,0007-12-06 16:55:00,7,12,6,16,55,780,158,"0, CHARLES DE GAULLE (AV",,,Nuit avec éclairage non allumé,En agglomération,Hors intersection,Pluie légère,Autre collision,,,,,,,,,,,4,2,1,2,6
200700079098,0007-12-06 18:15:00,7,12,6,18,15,780,117,JEAN CASALE (AVENUE),,,Nuit avec éclairage allumé,En agglomération,Hors intersection,Pluie légère,Autre collision,,,,,,,,,,,5,2,1,2,6
200700079099,0007-12-08 16:10:00,7,12,8,16,10,780,126,RN 186/ROUTE DE VERSAILL,,,Plein jour,Hors agglomération,Hors intersection,Pluie forte,Autre collision,,,,,,,,,,,1,1,1,3,6
200700079100,0007-12-07 10:10:00,7,12,7,10,10,780,158,SAINT GERMAIN (ROUTE DE),,,Plein jour,En agglomération,Hors intersection,Normale,Deux véhicules - arrière,,,,,,,,,,,1,2,1,1,2
200700079101,0007-12-11 18:30:00,7,12,11,18,30,780,343,"0, GARENNE ( RUE DE LA )",,,Nuit avec éclairage allumé,En agglomération,Intersection en T,Normale,Autre collision,,,,,,,,,,,5,2,3,1,6
200700079102,0007-12-12 18:40:00,7,12,12,18,40,780,646,SAINT CYR (ROUTE DE),,,Nuit sans éclairage public,En agglomération,Hors intersection,Normale,Deux véhicules - arrière,,,,,,,,,,,3,2,1,1,2
200700079103,0007-12-12 08:20:00,7,12,12,8,20,780,646,ETATS UNIS (AVENUE DES),,,Plein jour,En agglomération,Hors intersection,Normale,Autre collision,,,,,,,,,,,1,2,1,1,6
200700079104,0007-12-18 21:50:00,7,12,18,21,50,780,646,YVES LE COZ RUE),,,Nuit avec éclairage allumé,En agglomération,Intersection en X,Normale,Autre collision,,,,,,,,,,,5,2,2,1,6
200700079105,0007-12-12 16:30:00,7,12,12,16,30,780,650,VILLEBOIS MAREUIL (RUE),,,Plein jour,En agglomération,Intersection en X,Normale,Deux véhicules - côté,,,,,,,,,,,1,2,2,1,3
200700079106,0007-12-14 20:10:00,7,12,14,20,10,780,418,"11, TOUR (RUE DE LA)",,,Nuit avec éclairage allumé,En agglomération,Hors intersection,Normale,Autre collision,,,,,,,,,,,5,2,1,1,6
200700079107,0007-12-02 19:45:00,7,12,2,19,45,790,191,SALVADOR ALLENDE (AVENUE,,,Nuit avec éclairage allumé,En agglomération,Hors intersection,Pluie forte,Deux véhicules - frontale,,,,,,,,,,,5,2,1,3,1
200700079108,0007-12-13 17:10:00,7,12,13,17,10,790,191,"27, NANTES (AVENUE)",,,Crépuscule ou aube,En agglomération,Hors intersection,Normale,Sans collision,,,,,,,,,,,2,2,1,1,7
200700079109,0007-12-21 08:23:00,7,12,21,8,23,790,191,CRONSTADT (QUAI) DE BRIS,,,Crépuscule ou aube,En agglomération,Intersection en X,Normale,Deux véhicules - côté,,,,,,,,,,,2,2,2,1,3
200700079110,0007-12-26 19:44:00,7,12,26,19,44,800,1,"81, CHATEAU D'EAU (du)",,,Nuit avec éclairage allumé,En agglomération,Hors intersection,Normale,Autre collision,,,,,,,,,,,5,2,1,1,6
200700079111,0007-12-16 14:40:00,7,12,16,14,40,800,1,"71, REPUBLIQUE (de la)",,,Plein jour,En agglomération,Hors intersection,Normale,Trois véhicules et plus - en chaîne,,,,,,,,,,,1,2,1,1,4
200700079112,0007-12-28 17:45:00,7,12,28,17,45,800,21,"203, SAINT QUENTIN (BOUL",,,Nuit avec éclairage allumé,En agglomération,Hors intersection,Normale,Autre collision,,,,,,,,,,,5,2,1,1,6
200700079113,0007-12-28 15:30:00,7,12,28,15,30,800,674,"29, GENERAL LECLERC (AVE",,,Plein jour,En agglomération,Hors intersection,Normale,Deux véhicules - côté,,,,,,,,,,,1,2,1,1,3
200700079114,0007-12-29 09:00:00,7,12,29,9,0,800,21,"208, ELOI MOREL (RUE)",,,Plein jour,En agglomération,Hors intersection,Normale,Deux véhicules - côté,,,,,,,,,,,1,2,1,1,3
200700079115,0007-12-29 15:20:00,7,12,29,15,20,800,379,"0, GEANT (ZONE COMMERCIA",,,Plein jour,En agglomération,Hors intersection,Normale,Autre collision,,,,,,,,,,,1,2,1,1,6
200700079116,0007-12-29 18:40:00,7,12,29,18,40,800,489,"0, JEAN JAURES (RUE)",,,Nuit avec éclairage allumé,En agglomération,Intersection en X,Normale,Deux véhicules - côté,,,,,,,,,,,5,2,2,1,3
200700079117,0007-12-31 21:10:00,7,12,31,21,10,800,164,AMIENS (RUE D'),,,Nuit avec éclairage allumé,En agglomération,Hors intersection,Normale,Deux véhicules - frontale,,,,,,,,,,,5,2,1,1,1
200700079118,0007-12-03 00:15:00,7,12,3,0,15,800,21,"116, TERRAL (RUE)",,,Nuit avec éclairage allumé,En agglomération,Hors intersection,Pluie forte,Autre collision,,,,,,,,,,,5,2,1,3,6
200700079119,0007-12-03 18:30:00,7,12,3,18,30,800,21,"8, GERMAINE DULAC (ALLEE",,,Nuit avec éclairage allumé,En agglomération,Hors intersection,Pluie forte,Deux véhicules - côté,,,,,,,,,,,5,2,1,3,3
200700079120,0007-12-06 18:00:00,7,12,6,18,0,800,21,"0, CAGNY (RUE DE)",,,Nuit avec éclairage allumé,En agglomération,Hors intersection,Pluie légère,Deux véhicules - côté,,,,,,,,,,,5,2,1,2,3
200700079121,0007-12-06 17:45:00,7,12,6,17,45,800,21,"12, STRASBOURG (BOULEVAR",,,Nuit avec éclairage allumé,En agglomération,Hors intersection,Pluie légère,Autre collision,,,,,,,,,,,5,2,1,2,6
200700079122,0007-12-06 15:20:00,7,12,6,15,20,800,21,"0, GENERAL DE GAULLE (AV",,,Plein jour,En agglomération,Hors intersection,Pluie forte,Deux véhicules - côté,,,,,,,,,,,1,2,1,3,3
200700079123,0007-12-06 11:00:00,7,12,6,11,0,800,21,"0, LOUIS BLANC (AVENUE)",,,Plein jour,En agglomération,Giratoire,Pluie légère,Deux véhicules - côté,,,,,,,,,,,1,2,6,2,3
200700079124,0007-12-09 05:15:00,7,12,9,5,15,800,21,"240, ROUEN (RUE DE)",,,Nuit avec éclairage allumé,En agglomération,Hors intersection,Pluie légère,Autre collision,,,,,,,,,,,5,2,1,2,6
200700079125,0007-12-07 19:25:00,7,12,7,19,25,800,21,"12, ROUBAIX (BOULEVARD D",,,Nuit avec éclairage allumé,En agglomération,Hors intersection,Normale,Autre collision,,,,,,,,,,,5,2,1,1,6
200700079126,0007-12-08 19:00:00,7,12,8,19,0,800,21,"2, ROUBAIX (BOULEVARD DE",,,Nuit avec éclairage allumé,En agglomération,Hors intersection,Normale,Autre collision,,,,,,,,,,,5,2,1,1,6