accident_id,datetime,annee,mois,jour,heure,minute,departement,commune_insee,adresse,latitude,longitude,luminosite,agglomeration,intersection,meteo,collision,nb_vehicules,nb_usagers,nb_indemnes,nb_tues,nb_blesses_hosp,nb_blesses_legers,age_cond_1,age_cond_2,veh_type_cond_1,veh_type_cond_2,lum_code,agg_code,int_code,atm_code,col_code
200700079256,0007-12-12 15:00:00,7,12,12,15,0,860,194,CALVAIRE (PLACE DU),,,Plein jour,En agglomération,Intersection en X,Normale,Deux véhicules - côté,,,,,,,,,,,1,2,2,1,3
200700079257,0007-12-12 18:40:00,7,12,12,18,40,860,194,ROCADE OUEST (RN10),,,Nuit avec éclairage allumé,En agglomération,Intersection en X,Normale,Deux véhicules - côté,,,,,,,,,,,5,2,2,1,3
200700079258,0007-12-13 08:30:00,7,12,13,8,30,860,194,"70, FAUBOURG PONT NEUF (",,,Plein jour,En agglomération,Intersection en T,Normale,Deux véhicules - côté,,,,,,,,,,,1,2,3,1,3
200700079259,0007-12-17 13:55:00,7,12,17,13,55,860,194,"5 bis C, JEAN JAURES (RU",,,Plein jour,En agglomération,Hors intersection,Normale,Autre collision,,,,,,,,,,,1,2,1,1,6
200700079260,0007-12-18 07:55:00,7,12,18,7,55,860,194,"51, PONT JOUBERT (BOULEV",,,Crépuscule ou aube,En agglomération,Hors intersection,Normale,Deux véhicules - côté,,,,,,,,,,,2,2,1,1,3
200700079261,0007-12-19 10:20:00,7,12,19,10,20,860,194,JOHN KENNEDY (AVENUE),,,Plein jour,En agglomération,Intersection en X,Normale,Sans collision,,,,,,,,,,,1,2,2,1,7
200700079262,0007-12-19 17:45:00,7,12,19,17,45,860,194,ROCADE OUEST (RN10),,,Crépuscule ou aube,En agglomération,Intersection en X,Normale,Autre collision,,,,,,,,,,,2,2,2,1,6
200700079263,0007-12-21 16:45:00,7,12,21,16,45,860,194,PAILLERIE (RUE DE LA),,,Plein jour,En agglomération,Intersection en X,Normale,Deux véhicules - côté,,,,,,,,,,,1,2,2,1,3
200700079264,0007-12-23 02:20:00,7,12,23,2,20,860,133,CROUTELLE (ROUTE DE),,,Nuit sans éclairage public,Hors agglomération,Hors intersection,Normale,Autre collision,,,,,,,,,,,3,1,1,1,6
200700079265,0007-12-28 04:18:00,7,12,28,4,18,860,194,JOHN KENNEDY (AVENUE),,,Nuit avec éclairage allumé,En agglomération,Hors intersection,Pluie légère,Autre collision,,,,,,,,,,,5,2,1,2,6
200700079266,0007-12-28 20:05:00,7,12,28,20,5,860,194,"200, FAUBOURG PONT NEUF",,,Nuit avec éclairage allumé,En agglomération,Intersection en X,Normale,Deux véhicules - côté,,,,,,,,,,,5,2,2,1,3
200700079267,0007-12-01 21:16:00,7,12,1,21,16,870,85,"3, VIGENAL (BOULEVARD DU",,,Nuit avec éclairage allumé,En agglomération,Hors intersection,Pluie légère,Deux véhicules - arrière,,,,,,,,,,,5,2,1,2,2
200700079268,0007-12-02 10:31:00,7,12,2,10,31,870,85,"66, CHENIEUX (RUE FRANCO",,,Plein jour,En agglomération,Intersection en T,Pluie légère,Deux véhicules - côté,,,,,,,,,,,1,2,3,2,3
200700079269,0007-12-02 19:04:00,7,12,2,19,4,870,85,"31, LATTRE-DE-TASSIGNY (",,,Nuit avec éclairage allumé,En agglomération,Intersection en T,Pluie forte,Deux véhicules - côté,,,,,,,,,,,5,2,3,3,3
200700079270,0007-12-01 12:23:00,7,12,1,12,23,870,85,AUTOROUTE A20,,,Plein jour,Hors agglomération,Hors intersection,Pluie légère,Autre collision,,,,,,,,,,,1,1,1,2,6
200700079271,0007-12-04 07:10:00,7,12,4,7,10,870,85,"32, BAUDIN (AVENUE)",,,Nuit avec éclairage allumé,En agglomération,Intersection en X,Normale,Deux véhicules - côté,,,,,,,,,,,5,2,2,1,3
200700079272,0007-12-04 10:30:00,7,12,4,10,30,870,65,"25, CHURCHILL (AVENUE WI",,,Plein jour,En agglomération,Hors intersection,Normale,Deux véhicules - côté,,,,,,,,,,,1,2,1,1,3
200700079273,0007-12-04 16:44:00,7,12,4,16,44,870,65,"2, COMMANDANT CHARCOT (R",,,Plein jour,En agglomération,Hors intersection,Normale,Sans collision,,,,,,,,,,,1,2,1,1,7
200700079274,0007-12-05 17:20:00,7,12,5,17,20,870,85,"11, PONT SAINT ANDRE (RU",,,Nuit avec éclairage allumé,En agglomération,Intersection en X,Pluie légère,Deux véhicules - côté,,,,,,,,,,,5,2,2,2,3
200700079275,0007-12-06 11:43:00,7,12,6,11,43,870,114,"63, CARNOT (AVENUE PRESI",,,Plein jour,En agglomération,Hors intersection,Normale,Trois véhicules et plus - en chaîne,,,,,,,,,,,1,2,1,1,4
200700079276,0007-12-07 18:01:00,7,12,7,18,1,870,85,"195, BRIAND (RUE ARISTID",,,Nuit avec éclairage allumé,En agglomération,Hors intersection,Pluie légère,Deux véhicules - frontale,,,,,,,,,,,5,2,1,2,1
200700079277,0007-12-10 12:48:00,7,12,10,12,48,870,85,CASSEAUX (AVENUE DES),,,Plein jour,En agglomération,Hors intersection,Normale,Autre collision,,,,,,,,,,,1,2,1,1,6
200700079278,0007-12-11 19:43:00,7,12,11,19,43,870,85,"84, SAINTE ANNE (RUE DE)",,,Nuit avec éclairage allumé,En agglomération,Intersection en X,Normale,Deux véhicules - côté,,,,,,,,,,,5,2,2,1,3
200700079279,0007-12-12 18:28:00,7,12,12,18,28,870,85,"73, BROUILLEBAS (RUE DE)",,,Nuit avec éclairage allumé,En agglomération,Hors intersection,Normale,Deux véhicules - frontale,,,,,,,,,,,5,2,1,1,1
200700079280,0007-12-13 16:53:00,7,12,13,16,53,870,85,"42, VANTEAUX (BOULEVARD",,,Plein jour,En agglomération,Intersection en T,Normale,Deux véhicules - côté,,,,,,,,,,,1,2,3,1,3
200700079281,0007-12-14 09:10:00,7,12,14,9,10,870,85,"56, NOBEL (RUE)",,,Plein jour,En agglomération,Hors intersection,Normale,Autre collision,,,,,,,,,,,1,2,1,1,6
200700079282,0007-12-14 15:03:00,7,12,14,15,3,870,85,"24, TUILIERES (RUE DES)",,,Plein jour,En agglomération,Intersection en X,Normale,Autre collision,,,,,,,,,,,1,2,2,1,6
200700079283,0007-12-16 15:43:00,7,12,16,15,43,870,85,"3, TULASNE (RUE DU COMMA",,,Plein jour,En agglomération,Hors intersection,Normale,Autre collision,,,,,,,,,,,1,2,1,1,6
200700079284,0007-12-18 10:08:00,7,12,18,10,8,870,85,"6, LONGEQUEUE (rue louis",,,Plein jour,En agglomération,Hors intersection,Normale,Autre collision,,,,,,,,,,,1,2,1,1,6
200700079285,0007-12-18 07:34:00,7,12,18,7,34,870,85,"14, BUXEROLLES (RUE DE)",,,Plein jour,En agglomération,Hors intersection,Normale,Autre collision,,,,,,,,,,,1,2,1,1,6
200700079286,0007-12-18 18:40:00,7,12,18,18,40,870,85,"23, GAMBETTA (BOULEVARD)",,,Nuit avec éclairage allumé,En agglomération,Intersection en T,Normale,Deux véhicules - arrière,,,,,,,,,,,5,2,3,1,2
200700079287,0007-12-19 10:05:00,7,12,19,10,5,870,85,"8, LATTRE-DE-TASSIGNY (A",,,Plein jour,En agglomération,Intersection en X,Normale,Autre collision,,,,,,,,,,,1,2,2,1,6
200700079288,0007-12-19 11:28:00,7,12,19,11,28,870,113,"55, GIRAUDOUX (AVENUE JE",,,Plein jour,En agglomération,Hors intersection,Normale,Deux véhicules - côté,,,,,,,,,,,1,2,1,1,3
200700079289,0007-12-20 11:34:00,7,12,20,11,34,870,85,"13, PERIN (BOULEVARD GEO",,,Plein jour,Hors agglomération,Hors intersection,Normale,Autre collision,,,,,,,,,,,1,1,1,1,6
200700079290,0007-12-21 11:09:00,7,12,21,11,9,870,85,"119, SAINTE CLAIRE (RUE)",,,Plein jour,En agglomération,Hors intersection,Normale,Autre collision,,,,,,,,,,,1,2,1,1,6
200700079291,0007-12-21 14:35:00,7,12,21,14,35,870,85,"28, JUIN (RUE DU MARECHA",,,Plein jour,En agglomération,Hors intersection,Normale,Deux véhicules - frontale,,,,,,,,,,,1,2,1,1,1
200700079292,0007-12-21 16:01:00,7,12,21,16,1,870,85,"37, BEAUPEYRAT (CARREFOU",,,Plein jour,En agglomération,Hors intersection,Normale,Deux véhicules - frontale,,,,,,,,,,,1,2,1,1,1
200700079293,0007-12-21 19:00:00,7,12,21,19,0,870,85,"50, COMTE (RUE AUGUSTE)",,,Nuit avec éclairage allumé,En agglomération,Intersection en X,Normale,Deux véhicules - côté,,,,,,,,,,,5,2,2,1,3
200700079294,0007-12-22 14:12:00,7,12,22,14,12,870,85,ORADOUR SUR GLANE (CARRE,,,Plein jour,En agglomération,Intersection en X,Normale,Deux véhicules - côté,,,,,,,,,,,1,2,2,1,3
200700079295,0007-12-22 19:30:00,7,12,22,19,30,870,85,"147, DUTREIX (RUE ARMAND",,,Nuit avec éclairage allumé,En agglomération,Intersection en T,Pluie légère,Deux véhicules - côté,,,,,,,,,,,5,2,3,2,3
200700079296,0007-12-23 09:46:00,7,12,23,9,46,870,65,"30, CLEMENCEAU (AVENUE G",,,Plein jour,En agglomération,Hors intersection,Normale,Sans collision,,,,,,,,,,,1,2,1,1,7
200700079297,0007-12-23 10:15:00,7,12,23,10,15,870,85,"17, DUVERGER (RUE)",,,Plein jour,En agglomération,Hors intersection,Normale,Autre collision,,,,,,,,,,,1,2,1,1,6
200700079298,0007-12-23 20:45:00,7,12,23,20,45,870,85,"43, PETIT TREUIL (RUE DU",,,Nuit avec éclairage allumé,En agglomération,Hors intersection,Pluie forte,Autre collision,,,,,,,,,,,5,2,1,3,6
200700079299,0007-12-24 15:02:00,7,12,24,15,2,870,85,"2, GIFFARD (RUE HENRI)",,,Plein jour,En agglomération,Hors intersection,Normale,Deux véhicules - frontale,,,,,,,,,,,1,2,1,1,1
200700079300,0007-12-24 22:20:00,7,12,24,22,20,870,85,"3, GAY-LUSSAC (COURS)",,,Nuit avec éclairage allumé,En agglomération,Hors intersection,Normale,Autre collision,,,,,,,,,,,5,2,1,1,6
200700079301,0007-12-26 17:45:00,7,12,26,17,45,870,75,RD79,,,Nuit avec éclairage allumé,Hors agglomération,Hors intersection,Normale,Autre collision,,,,,,,,,,,5,1,1,1,6
200700079302,0007-12-27 00:53:00,7,12,27,0,53,870,85,"1, DUMAS (AVENUE GEORGES",,,Nuit avec éclairage allumé,En agglomération,Intersection en X,Normale,Deux véhicules - frontale,,,,,,,,,,,5,2,2,1,1
200700079303,0007-12-27 12:11:00,7,12,27,12,11,870,85,"22, LATTRE-DE-TASSIGNY (",,,Plein jour,En agglomération,Hors intersection,Normale,Autre collision,,,,,,,,,,,1,2,1,1,6
200700079304,0007-12-27 15:24:00,7,12,27,15,24,870,85,"51, LECLERC (AVENUE DU G",,,Plein jour,En agglomération,Hors intersection,Pluie légère,Autre collision,,,,,,,,,,,1,2,1,2,6
200700079305,0007-12-27 18:00:00,7,12,27,18,0,870,85,"1, DE GAULLE (AVENUE DU",,,Nuit avec éclairage allumé,En agglomération,Hors intersection,Pluie légère,Autre collision,,,,,,,,,,,5,2,1,2,6
200700079306,0007-12-31 05:18:00,7,12,31,5,18,870,85,"149, VANTEAUX (BOULEVARD",,,Nuit avec éclairage allumé,En agglomération,Hors intersection,Normale,Deux véhicules - arrière,,,,,,,,,,,5,2,1,1,2
200700079307,0007-12-09 18:00:00,7,12,9,18,0,880,160,"00, MERLE-BLANC (RUE DU)",,,Nuit avec éclairage allumé,En agglomération,Intersection en X,Pluie légère,Deux véhicules - côté,,,,,,,,,,,5,2,2,2,3
200700079308,0007-12-14 07:35:00,7,12,14,7,35,880,160,"0, REMIREMONT (RUE DE)",,,Nuit avec éclairage allumé,En agglomération,Hors intersection,Normale,Autre collision,,,,,,,,,,,5,2,1,1,6
200700079309,0007-12-11 17:55:00,7,12,11,17,55,880,160,"0, DOCELLES (TRANCHEE DE",,,Nuit sans éclairage public,Hors agglomération,Hors intersection,Pluie forte,Trois véhicules et plus - collisions multiples,,,,,,,,,,,3,1,1,3,5
200700079310,0007-12-24 20:40:00,7,12,24,20,40,880,209,LUTHERER (RUE),,,Nuit avec éclairage allumé,En agglomération,Hors intersection,Normale,Deux véhicules - frontale,,,,,,,,,,,5,2,1,1,1
200700079311,0007-12-31 17:20:00,7,12,31,17,20,880,413,"40, Avenue de VERDUN",,,Nuit avec éclairage allumé,En agglomération,Hors intersection,Pluie légère,Autre collision,,,,,,,,,,,5,2,1,2,6
200700079312,0007-12-14 14:10:00,7,12,14,14,10,880,413,Rue de LA BOLLE,,,Plein jour,En agglomération,Intersection en X,Normale,Deux véhicules - côté,,,,,,,,,,,1,2,2,1,3
200700079313,0007-12-21 09:05:00,7,12,21,9,5,890,24,"53, CHAMPLEROY (AVENUE D",,,Plein jour,En agglomération,Hors intersection,Normale,Autre collision,,,,,,,,,,,1,2,1,1,6
200700079314,0007-12-27 14:25:00,7,12,27,14,25,890,24,"00, REPUBLIQUE (QUAI DE",,,Plein jour,En agglomération,Intersection en T,Pluie légère,Deux véhicules - côté,,,,,,,,,,,1,2,3,2,3
200700079315,0007-12-30 02:55:00,7,12,30,2,55,890,387,"0, GENERAL SARRAIL (BOUL",,,Nuit avec éclairage allumé,En agglomération,Intersection en X,Normale,Deux véhicules - côté,,,,,,,,,,,5,2,2,1,3
200700079316,0007-12-25 20:20:00,7,12,25,20,20,890,387,"0, MAXIME COURTIS (RUE)",,,Nuit avec éclairage allumé,En agglomération,Intersection en X,Normale,Deux véhicules - frontale,,,,,,,,,,,5,2,2,1,1
200700079317,0007-12-06 17:05:00,7,12,6,17,5,890,287,"0, CD 81",,,Nuit sans éclairage public,Hors agglomération,Hors intersection,Pluie légère,Trois véhicules et plus - en chaîne,,,,,,,,,,,3,1,1,2,4
200700079318,0007-12-04 11:14:00,7,12,4,11,14,890,387,"2 BIS, MAIL (BOULEVARD D",,,Plein jour,En agglomération,Hors intersection,Pluie légère,Autre collision,,,,,,,,,,,1,2,1,2,6
200700079319,0007-12-11 10:00:00,7,12,11,10,0,890,387,"0, SENIGALLIA (AVENUE DE",,,Plein jour,En agglomération,Hors intersection,Normale,Deux véhicules - côté,,,,,,,,,,,1,2,1,1,3
200700079320,0007-12-05 12:20:00,7,12,5,12,20,900,10,"1, ENGEL (RUE ALFRED)",,,Plein jour,En agglomération,Hors intersection,Normale,Autre collision,,,,,,,,,,,1,2,1,1,6
200700079321,0007-12-05 17:27:00,7,12,5,17,27,900,10,"7, CARNOT (BOULEVARD)",,,Nuit avec éclairage allumé,En agglomération,Intersection en X,Normale,Autre collision,,,,,,,,,,,5,2,2,1,6
200700079322,0007-12-07 08:35:00,7,12,7,8,35,900,10,"1, TROIS CHENES (AVENUE",,,Nuit avec éclairage non allumé,Hors agglomération,Intersection en T,Pluie légère,Autre collision,,,,,,,,,,,4,1,3,2,6
200700079323,0007-12-07 17:45:00,7,12,7,17,45,900,10,"23, VAUBAN (QUAI)",,,Nuit avec éclairage allumé,En agglomération,Hors intersection,Pluie légère,Autre collision,,,,,,,,,,,5,2,1,2,6
200700079324,0007-12-10 17:24:00,7,12,10,17,24,900,99,"1, CARNOT (RUE)",,,Nuit avec éclairage allumé,En agglomération,Hors intersection,Pluie forte,Deux véhicules - côté,,,,,,,,,,,5,2,1,3,3
200700079325,0007-12-10 19:05:00,7,12,10,19,5,900,10,"111, JAURES (AVENUE JEAN",,,Nuit avec éclairage allumé,En agglomération,Hors intersection,Pluie forte,Deux véhicules - arrière,,,,,,,,,,,5,2,1,3,2
200700079326,0007-12-11 14:41:00,7,12,11,14,41,900,10,PARMENTIER (RUE),,,Plein jour,En agglomération,Hors intersection,Normale,Deux véhicules - frontale,,,,,,,,,,,1,2,1,1,1
200700079327,0007-12-13 17:08:00,7,12,13,17,8,900,10,"3, CHATEAUDUN (RUE DE)",,,Crépuscule ou aube,En agglomération,Hors intersection,Normale,Autre collision,,,,,,,,,,,2,2,1,1,6
200700079328,0007-12-14 13:00:00,7,12,14,13,0,900,10,"1, LORRAINE (RUE DE)",,,Plein jour,En agglomération,Intersection en X,Normale,Deux véhicules - côté,,,,,,,,,,,1,2,2,1,3
200700079329,0007-12-17 19:18:00,7,12,17,19,18,900,10,"9, BOHN (AVENUE CHARLES)",,,Nuit avec éclairage allumé,En agglomération,Hors intersection,Normale,Sans collision,,,,,,,,,,,5,2,1,1,7
200700079330,0007-12-18 16:20:00,7,12,18,16,20,900,75,"1, COMMANDOS D'AFRIQUE (",,,Crépuscule ou aube,En agglomération,Hors intersection,Autre,Autre collision,,,,,,,,,,,2,2,1,9,6
200700079331,0007-12-19 13:55:00,7,12,19,13,55,900,10,"23, ALTKIRCH (AVENUE)",,,Plein jour,En agglomération,Hors intersection,Normale,Autre collision,,,,,,,,,,,1,2,1,1,6
200700079332,0007-12-20 08:55:00,7,12,20,8,55,900,10,"15, ALBERT 1ER (RUE)",,,Plein jour,En agglomération,Hors intersection,Normale,Autre collision,,,,,,,,,,,1,2,1,1,6
200700079333,0007-12-23 23:27:00,7,12,23,23,27,900,10,CROIX DU TILLEUL (RUE DE,,,Nuit avec éclairage allumé,En agglomération,Hors intersection,Normale,Deux véhicules - côté,,,,,,,,,,,5,2,1,1,3
200700079334,0007-12-28 16:56:00,7,12,28,16,56,900,10,MONTBELIARD (FAUBOURG DE,,,Plein jour,En agglomération,Hors intersection,Normale,Autre collision,,,,,,,,,,,1,2,1,1,6
200700079335,0007-12-28 19:15:00,7,12,28,19,15,900,99,"93, TURENNE (RUE DE)",,,Nuit avec éclairage allumé,En agglomération,Hors intersection,Autre,Autre collision,,,,,,,,,,,5,2,1,9,6
200700079336,0007-12-30 14:05:00,7,12,30,14,5,900,10,"1, PONT NEUF (RUE DU)",,,Plein jour,En agglomération,Intersection en X,Temps couvert,Deux véhicules - côté,,,,,,,,,,,1,2,2,8,3
200700079337,0007-12-10 21:00:00,7,12,10,21,0,910,339,"X, LEUVILLE (ROUTE DE)",,,Nuit avec éclairage allumé,En agglomération,Intersection en T,Pluie légère,Autre collision,,,,,,,,,,,5,2,3,2,6
200700079338,0007-12-16 10:40:00,7,12,16,10,40,910,27,"0, POURPOINTIERS (RUE DE",,,Plein jour,En agglomération,Hors intersection,Normale,Autre collision,,,,,,,,,,,1,2,1,1,6
200700079339,0007-12-27 00:05:00,7,12,27,0,5,910,27,DUNANT (AVENUE HENRI),,,Nuit avec éclairage allumé,Hors agglomération,Giratoire,Normale,Deux véhicules - arrière,,,,,,,,,,,5,1,6,1,2
200700079340,0007-12-06 18:00:00,7,12,6,18,0,910,97,NEUENHAUS (COUR),,,Nuit avec éclairage allumé,En agglomération,Intersection en X,Pluie forte,Deux véhicules - frontale,,,,,,,,,,,5,2,2,3,1
200700079341,0007-12-06 19:10:00,7,12,6,19,10,910,114,"2,00, CERCAY (RUE DE)",,,Crépuscule ou aube,En agglomération,Hors intersection,Pluie légère,Autre collision,,,,,,,,,,,2,2,1,2,6
200700079342,0007-12-10 07:45:00,7,12,10,7,45,910,114,ROUTE NATIONALE 6,,,Crépuscule ou aube,Hors agglomération,Hors intersection,Pluie légère,Autre collision,,,,,,,,,,,2,1,1,2,6
200700079343,0007-12-11 18:15:00,7,12,11,18,15,910,514,ROUTE NATIONALE 6,,,Crépuscule ou aube,Hors agglomération,Hors intersection,Normale,Autre collision,,,,,,,,,,,2,1,1,1,6
200700079344,0007-12-20 07:30:00,7,12,20,7,30,910,215,CHARLES GOUNOD (AVENUE),,,Nuit avec éclairage allumé,En agglomération,Intersection en X,Normale,Autre collision,,,,,,,,,,,5,2,2,1,6
200700079345,0007-12-20 08:07:00,7,12,20,8,7,910,114,PONT PERRONNET (RUE DU),,,Plein jour,En agglomération,Hors intersection,Normale,Sans collision,,,,,,,,,,,1,2,1,1,7
200700079346,0007-12-20 13:20:00,7,12,20,13,20,910,514,"1, DEGAS (RUE)",,,Plein jour,En agglomération,Intersection en X,Normale,Deux véhicules - côté,,,,,,,,,,,1,2,2,1,3
200700079347,0007-12-23 09:55:00,7,12,23,9,55,910,215,HUIT MAI QUARANTE CINQ (,,,Plein jour,En agglomération,Intersection en X,Normale,Trois véhicules et plus - collisions multiples,,,,,,,,,,,1,2,2,1,5
200700079348,0007-12-24 14:45:00,7,12,24,14,45,910,114,TRAVERSIERE,,,Plein jour,En agglomération,Intersection en X,Normale,Autre collision,,,,,,,,,,,1,2,2,1,6
200700079349,0007-12-25 02:45:00,7,12,25,2,45,910,514,CD 33,,,Nuit sans éclairage public,Hors agglomération,Hors intersection,Normale,Autre collision,,,,,,,,,,,3,1,1,1,6
200700079350,0007-12-31 19:40:00,7,12,31,19,40,910,114,PEUPLIERS (RUE DES),,,Nuit avec éclairage allumé,En agglomération,Intersection en X,Normale,Deux véhicules - côté,,,,,,,,,,,5,2,2,1,3
200700079351,0007-12-02 17:40:00,7,12,2,17,40,910,174,"0, PAPETERIE(RUE)",,,Nuit avec éclairage allumé,En agglomération,Hors intersection,Pluie forte,Autre collision,,,,,,,,,,,5,2,1,3,6
200700079352,0007-12-11 08:45:00,7,12,11,8,45,910,174,"103, JOHN KENNEDY (BOULE",,,Plein jour,En agglomération,Hors intersection,Normale,Deux véhicules - côté,,,,,,,,,,,1,2,1,1,3
200700079353,0007-12-16 11:25:00,7,12,16,11,25,910,174,"0, ARMEE PATTON (PONT DE",,,Plein jour,En agglomération,Hors intersection,Normale,Autre collision,,,,,,,,,,,1,2,1,1,6
200700079354,0007-12-20 14:00:00,7,12,20,14,0,910,174,"0, DAUPHINE (RUE DE LA)",,,Plein jour,En agglomération,Intersection en X,Normale,Autre collision,,,,,,,,,,,1,2,2,1,6
200700079355,0007-12-23 09:55:00,7,12,23,9,55,910,174,"0, JEAN BOUVET(RUE)",,,Plein jour,En agglomération,Hors intersection,Normale,Autre collision,,,,,,,,,,,1,2,1,1,6
200700079356,0007-12-06 09:00:00,7,12,6,9,0,910,201,BOULANGERES(AVENUE DES),,,Plein jour,En agglomération,Hors intersection,Temps couvert,Deux véhicules - arrière,,,,,,,,,,,1,2,1,8,2
200700079357,0007-12-13 11:40:00,7,12,13,11,40,910,657,ACCACIAS (RUE DES ),,,Plein jour,En agglomération,Intersection en X,Normale,Deux véhicules - côté,,,,,,,,,,,1,2,2,1,3
200700079358,0007-12-15 17:30:00,7,12,15,17,30,910,201,HENRI BARBUSSE(BOULEVARD,,,Plein jour,En agglomération,Intersection en X,Normale,Deux véhicules - arrière,,,,,,,,,,,1,2,2,1,2
200700079359,0007-12-17 13:50:00,7,12,17,13,50,910,201,GENERAL DE GAULLE(BOULEV,,,Plein jour,En agglomération,Intersection en X,Normale,Deux véhicules - côté,,,,,,,,,,,1,2,2,1,3
200700079360,0007-12-21 07:00:00,7,12,21,7,0,910,201,GENERAL DE GAULLE(BOULEV,,,Crépuscule ou aube,En agglomération,Hors intersection,Normale,Deux véhicules - côté,,,,,,,,,,,2,2,1,1,3
200700079361,0007-12-30 01:00:00,7,12,30,1,0,910,201,HENRI BARBUSSE(BOULEVARD,,,Nuit avec éclairage allumé,En agglomération,Hors intersection,Normale,Deux véhicules - frontale,,,,,,,,,,,5,2,1,1,1
200700079362,0007-12-02 16:30:00,7,12,2,16,30,910,223,R.N.20,,,Plein jour,Hors agglomération,Hors intersection,Normale,Sans collision,,,,,,,,,,,1,1,1,1,7
200700079363,0007-12-03 17:10:00,7,12,3,17,10,910,223,BONNEVAUX (AVENUE DE),,,Nuit avec éclairage allumé,En agglomération,Intersection en Y,Pluie légère,Sans collision,,,,,,,,,,,5,2,4,2,7
200700079364,0007-12-10 15:40:00,7,12,10,15,40,910,223,"3, HENRI IV (BOULEVARD)",,,Plein jour,En agglomération,Intersection en X,Pluie légère,Deux véhicules - côté,,,,,,,,,,,1,2,2,2,3
200700079365,0007-12-12 04:55:00,7,12,12,4,55,910,223,R.N.20,,,Nuit sans éclairage public,Hors agglomération,Hors intersection,Pluie légère,Autre collision,,,,,,,,,,,3,1,1,2,6
200700079366,0007-12-12 17:10:00,7,12,12,17,10,910,223,RN 191,,,Plein jour,Hors agglomération,Hors intersection,Normale,Sans collision,,,,,,,,,,,1,1,1,1,7
200700079367,0007-12-16 18:00:00,7,12,16,18,0,910,223,", BRIERES LES SCELLES (R",,,Nuit avec éclairage allumé,En agglomération,Hors intersection,Normale,Autre collision,,,,,,,,,,,5,2,1,1,6
200700079368,0007-12-20 12:15:00,7,12,20,12,15,910,223,"4, HENRI IV (BOULEVARD)",,,Plein jour,En agglomération,Hors intersection,Normale,Deux véhicules - côté,,,,,,,,,,,1,2,1,1,3
200700079369,0007-12-19 16:55:00,7,12,19,16,55,910,223,"150, SAINT JACQUES (RUE)",,,Crépuscule ou aube,En agglomération,Hors intersection,Normale,Sans collision,,,,,,,,,,,2,2,1,1,7
200700079370,0007-12-31 10:25:00,7,12,31,10,25,910,433,CD 837,,,Plein jour,Hors agglomération,Hors intersection,Temps couvert,Deux véhicules - côté,,,,,,,,,,,1,1,1,8,3
200700079371,0007-12-01 14:50:00,7,12,1,14,50,910,228,"., CHAMPS ELYSEES (BD)N°",,,Plein jour,En agglomération,Intersection en X,Normale,Trois véhicules et plus - collisions multiples,,,,,,,,,,,1,2,2,1,5
200700079372,0007-12-07 12:35:00,7,12,7,12,35,910,228,", MARECHAL LECLERC (BD)",,,Plein jour,En agglomération,Intersection en T,Temps couvert,Deux véhicules - côté,,,,,,,,,,,1,2,3,8,3
200700079373,0007-12-07 06:20:00,7,12,7,6,20,910,521,"., REMY (RUE ALBERT)",,,Nuit avec éclairage allumé,En agglomération,Intersection en X,Pluie forte,Deux véhicules - arrière,,,,,,,,,,,5,2,2,3,2
200700079374,0007-12-07 18:00:00,7,12,7,18,0,910,228,"., MARECHAL LECLERC (BD)",,,Nuit avec éclairage allumé,En agglomération,Intersection en X,Pluie légère,Deux véhicules - côté,,,,,,,,,,,5,2,2,2,3
200700079375,0007-12-07 20:00:00,7,12,7,20,0,910,228,"., MARECHAL LECLERC (BD)",,,Nuit avec éclairage allumé,En agglomération,Intersection en X,Pluie légère,Deux véhicules - frontale,,,,,,,,,,,5,2,2,2,1
200700079376,0007-12-10 11:50:00,7,12,10,11,50,910,228,"., MONSEIGNEUR ROMERO (C",,,Plein jour,En agglomération,Hors intersection,Pluie légère,Deux véhicules - côté,,,,,,,,,,,1,2,1,2,3
200700079377,0007-12-15 15:05:00,7,12,15,15,5,910,521,"., COPERNIC (RUE)",,,Plein jour,En agglomération,Hors intersection,Normale,Autre collision,,,,,,,,,,,1,2,1,1,6
200700079378,0007-12-15 18:10:00,7,12,15,18,10,910,521,"., ESSONNE (AVENUE DE L'",,,Nuit avec éclairage allumé,En agglomération,Intersection en X,Normale,Deux véhicules - côté,,,,,,,,,,,5,2,2,1,3
200700079379,0007-12-18 19:50:00,7,12,18,19,50,910,521,LIBERATION (AVENUE DE LA,,,Nuit avec éclairage allumé,En agglomération,Hors intersection,Normale,Deux véhicules - arrière,,,,,,,,,,,5,2,1,1,2
200700079380,0007-12-19 17:15:00,7,12,19,17,15,910,521,"., AUNETTE (AVENUE DE L'",,,Crépuscule ou aube,En agglomération,Intersection en X,Normale,Autre collision,,,,,,,,,,,2,2,2,1,6
200700079381,0007-12-22 01:30:00,7,12,22,1,30,910,182,"., PARLEMENT EUROPEEN (R",,,Nuit avec éclairage allumé,En agglomération,Giratoire,Autre,Autre collision,,,,,,,,,,,5,2,6,9,6
200700079382,0007-12-24 08:25:00,7,12,24,8,25,910,228,", MONSEIGNEUR ROMERO (CO",,,Plein jour,En agglomération,Hors intersection,Brouillard / fumée,Autre collision,,,,,,,,,,,1,2,1,5,6
200700079383,0007-12-26 21:15:00,7,12,26,21,15,910,228,"., RN7",,,Nuit avec éclairage allumé,En agglomération,Hors intersection,Pluie légère,Deux véhicules - arrière,,,,,,,,,,,5,2,1,2,2