accident_id,datetime,annee,mois,jour,heure,minute,departement,commune_insee,adresse,latitude,longitude,luminosite,agglomeration,intersection,meteo,collision,nb_vehicules,nb_usagers,nb_indemnes,nb_tues,nb_blesses_hosp,nb_blesses_legers,age_cond_1,age_cond_2,veh_type_cond_1,veh_type_cond_2,lum_code,agg_code,int_code,atm_code,col_code
200700079384,0007-12-29 18:40:00,7,12,29,18,40,910,228,CHAMPS ELYSEES (BD)N°1A,,,Nuit avec éclairage allumé,En agglomération,Hors intersection,Normale,Trois véhicules et plus - en chaîne,,,,,,,,,,,5,2,1,1,4
200700079385,0007-12-30 22:50:00,7,12,30,22,50,910,228,"., GENERAL PATTON (AVENU",,,Nuit avec éclairage allumé,En agglomération,Intersection en X,Normale,Deux véhicules - côté,,,,,,,,,,,5,2,2,1,3
200700079386,0007-12-11 20:30:00,7,12,11,20,30,910,228,"., COQUIBUS(BD)",,,Nuit avec éclairage allumé,En agglomération,Intersection en X,Pluie légère,Deux véhicules - côté,,,,,,,,,,,5,2,2,2,3
200700079387,0007-12-06 19:10:00,7,12,6,19,10,910,286,"000, R.N. 7",,,Nuit sans éclairage public,En agglomération,Hors intersection,Pluie forte,Deux véhicules - arrière,,,,,,,,,,,3,2,1,3,2
200700079388,0007-12-18 18:00:00,7,12,18,18,0,910,687,ANDRE MALRAUX (AVENUE),,,Nuit avec éclairage allumé,En agglomération,Hors intersection,Autre,Deux véhicules - frontale,,,,,,,,,,,5,2,1,9,1
200700079389,0007-12-24 20:27:00,7,12,24,20,27,910,434,CORBEIL (ROUTE DE),,,Nuit avec éclairage allumé,En agglomération,Hors intersection,Normale,Deux véhicules - arrière,,,,,,,,,,,5,2,1,1,2
200700079390,0007-12-09 17:25:00,7,12,9,17,25,910,377,"sans, CARNOT (AVENUE)",,,Crépuscule ou aube,En agglomération,Hors intersection,Pluie légère,Autre collision,,,,,,,,,,,2,2,1,2,6
200700079391,0007-12-29 21:25:00,7,12,29,21,25,910,691,CARNOT(RUE),,,Nuit avec éclairage allumé,En agglomération,Hors intersection,Normale,Deux véhicules - arrière,,,,,,,,,,,5,2,1,1,2
200700079392,0007-12-03 06:55:00,7,12,3,6,55,910,421,"00, ZONE D'ACTIVITE DU R",,,Nuit avec éclairage allumé,En agglomération,Intersection en X,Normale,Deux véhicules - côté,,,,,,,,,,,5,2,2,1,3
200700079393,0007-12-03 12:50:00,7,12,3,12,50,910,191,ROND POINT,,,Plein jour,En agglomération,Autre intersection,Temps couvert,Sans collision,,,,,,,,,,,1,2,9,8,7
200700079394,0007-12-06 08:20:00,7,12,6,8,20,910,421,"0, REPUBLIQUE (AVENUE DE",,,Crépuscule ou aube,En agglomération,Autre intersection,Normale,Deux véhicules - côté,,,,,,,,,,,2,2,9,1,3
200700079395,0007-12-07 18:30:00,7,12,7,18,30,910,421,MAINVILLE (RUE DE),,,Nuit avec éclairage allumé,En agglomération,Passage à niveau,Normale,Sans collision,,,,,,,,,,,5,2,8,1,7
200700079396,0007-12-08 20:15:00,7,12,8,20,15,910,691,GERMAINE(RUE),,,Nuit avec éclairage allumé,En agglomération,Intersection en T,Pluie légère,Deux véhicules - côté,,,,,,,,,,,5,2,3,2,3
200700079397,0007-12-09 18:30:00,7,12,9,18,30,910,191,"29, REPUBLIQUE (AVENUE D",,,Nuit avec éclairage allumé,En agglomération,Hors intersection,Pluie forte,Autre collision,,,,,,,,,,,5,2,1,3,6
200700079398,0007-12-12 12:45:00,7,12,12,12,45,910,691,"4, GABRIEL PERI(RUE) DU",,,Plein jour,En agglomération,Hors intersection,Normale,Autre collision,,,,,,,,,,,1,2,1,1,6
200700079399,0007-12-16 17:50:00,7,12,16,17,50,910,421,"75, REPUBLIQUE (AVENUE D",,,Nuit avec éclairage allumé,En agglomération,Hors intersection,Normale,Deux véhicules - arrière,,,,,,,,,,,5,2,1,1,2
200700079400,0007-12-20 23:15:00,7,12,20,23,15,910,191,"01, PRESIDENT ALLENDE (A",,,Nuit avec éclairage allumé,En agglomération,Hors intersection,Autre,Sans collision,,,,,,,,,,,5,2,1,9,7
200700079401,0007-12-21 07:50:00,7,12,21,7,50,910,421,COLETTE (RUE),,,Crépuscule ou aube,En agglomération,Intersection en T,Autre,Autre collision,,,,,,,,,,,2,2,3,9,6
200700079402,0007-12-21 18:25:00,7,12,21,18,25,910,691,"65, CHARLE DE GAULLE(RUE",,,Nuit avec éclairage allumé,En agglomération,Intersection en T,Normale,Sans collision,,,,,,,,,,,5,2,3,1,7
200700079403,0007-12-21 19:15:00,7,12,21,19,15,910,421,NATIONALE 6 (PARTIE FORE,,,Nuit sans éclairage public,Hors agglomération,Hors intersection,Autre,Deux véhicules - arrière,,,,,,,,,,,3,1,1,9,2
200700079404,0007-12-23 12:20:00,7,12,23,12,20,910,421,"78, REPUBLIQUE (AVENUE D",,,Plein jour,En agglomération,Hors intersection,Temps éblouissant,Sans collision,,,,,,,,,,,1,2,1,7,7
200700079405,0007-12-21 17:50:00,7,12,21,17,50,910,191,"02, VIGNES (RUE DES)",,,Crépuscule ou aube,En agglomération,Intersection en T,Autre,Sans collision,,,,,,,,,,,2,2,3,9,7
200700079406,0007-12-23 12:10:00,7,12,23,12,10,910,191,CENTRE COMMERCIAL,,,Plein jour,Hors agglomération,Hors intersection,Normale,Sans collision,,,,,,,,,,,1,1,1,1,7
200700079407,0007-12-11 18:50:00,7,12,11,18,50,910,471,"0, RACINE (RUE)",,,Nuit avec éclairage allumé,En agglomération,Intersection en T,Normale,Deux véhicules - côté,,,,,,,,,,,5,2,3,1,3
200700079408,0007-12-18 00:05:00,7,12,18,0,5,910,645,"0, REPUBLIQUE (AVENUE DE",,,Nuit avec éclairage allumé,En agglomération,Intersection en X,Normale,Deux véhicules - arrière,,,,,,,,,,,5,2,2,1,2
200700079409,0007-12-28 12:15:00,7,12,28,12,15,910,122,"0, VIERGE (RUE DE LA)",,,Plein jour,En agglomération,Intersection en T,Pluie légère,Deux véhicules - côté,,,,,,,,,,,1,2,3,2,3
200700079410,0007-12-28 20:00:00,7,12,28,20,0,910,645,"116, ESTIENNES D ORVES (",,,Nuit avec éclairage allumé,En agglomération,Hors intersection,Normale,Autre collision,,,,,,,,,,,5,2,1,1,6
200700079411,0007-12-06 15:00:00,7,12,6,15,0,910,471,RACINE (RUE),,,Plein jour,En agglomération,Hors intersection,Pluie légère,Autre collision,,,,,,,,,,,1,2,1,2,6
200700079412,0007-12-03 18:40:00,7,12,3,18,40,910,692,OCEANIE (AVENUE DE L'),,,Plein jour,En agglomération,Hors intersection,Normale,Autre collision,,,,,,,,,,,1,2,1,1,6
200700079413,0007-12-14 09:05:00,7,12,14,9,5,910,692,"0, BOURGOGNE (AVENUE DE)",,,Plein jour,En agglomération,Hors intersection,Normale,Autre collision,,,,,,,,,,,1,2,1,1,6
200700079414,0007-12-21 07:40:00,7,12,21,7,40,910,312,"1, CACHIN (BOULEVARD MAR",,,Nuit avec éclairage allumé,En agglomération,Hors intersection,Normale,Autre collision,,,,,,,,,,,5,2,1,1,6
200700079415,0007-12-01 11:38:00,7,12,1,11,38,910,549,CORBEIL (ROUTE DE),,,Plein jour,En agglomération,Hors intersection,Pluie légère,Deux véhicules - côté,,,,,,,,,,,1,2,1,2,3
200700079416,0007-12-14 22:15:00,7,12,14,22,15,910,549,"1, GABRIEL PERI (AVENUE)",,,Nuit avec éclairage allumé,En agglomération,Intersection en X,Normale,Autre collision,,,,,,,,,,,5,2,2,1,6
200700079417,0007-12-18 17:40:00,7,12,18,17,40,910,549,LONGPONT (ROUTE DE),,,Nuit avec éclairage allumé,En agglomération,Hors intersection,Normale,Deux véhicules - arrière,,,,,,,,,,,5,2,1,1,2
200700079418,0007-12-24 14:30:00,7,12,24,14,30,910,549,"1, JEAN COCTEAU (RUE)",,,Plein jour,En agglomération,Hors intersection,Normale,Sans collision,,,,,,,,,,,1,2,1,1,7
200700079419,0007-12-09 13:25:00,7,12,9,13,25,910,589,"0, ALLEMANE (RUE JEAN)",,,Plein jour,En agglomération,Intersection en Y,Normale,Deux véhicules - frontale,,,,,,,,,,,1,2,4,1,1
200700079420,0007-12-14 12:05:00,7,12,14,12,5,910,432,PERI (AVENUE GABRIEL),,,Plein jour,En agglomération,Place,Normale,Autre collision,,,,,,,,,,,1,2,7,1,6
200700079421,0007-12-05 08:36:00,7,12,5,8,36,920,2,"108, CHATENAY (RUE DE)",,,Plein jour,En agglomération,Hors intersection,Normale,Deux véhicules - arrière,,,,,,,,,,,1,2,1,1,2
200700079422,0007-12-06 08:00:00,7,12,6,8,0,920,2,"., ALSACE LORRAINE (RUE",,,Crépuscule ou aube,En agglomération,Intersection en T,Normale,Autre collision,,,,,,,,,,,2,2,3,1,6
200700079423,0007-12-06 21:00:00,7,12,6,21,0,920,2,LEON BLUM (AVENUE),,,Nuit avec éclairage allumé,En agglomération,Intersection en T,Pluie légère,Autre collision,,,,,,,,,,,5,2,3,2,6
200700079424,0007-12-07 13:00:00,7,12,7,13,0,920,2,GENERAL DE GAULLE (AVENU,,,Plein jour,En agglomération,Intersection en X,Normale,Deux véhicules - arrière,,,,,,,,,,,1,2,2,1,2
200700079425,0007-12-10 14:15:00,7,12,10,14,15,920,2,LEON JOUHAUX (AVENUE),,,Plein jour,En agglomération,Intersection en T,Pluie légère,Deux véhicules - côté,,,,,,,,,,,1,2,3,2,3
200700079426,0007-12-19 12:15:00,7,12,19,12,15,920,14,"109, GENERAL LECLERC (AV",,,Plein jour,En agglomération,Hors intersection,Normale,Deux véhicules - arrière,,,,,,,,,,,1,2,1,1,2
200700079427,0007-12-19 18:00:00,7,12,19,18,0,920,14,LEON BLOY (RUE),,,Nuit avec éclairage allumé,En agglomération,Intersection en X,Normale,Deux véhicules - côté,,,,,,,,,,,5,2,2,1,3
200700079428,0007-12-21 08:00:00,7,12,21,8,0,920,14,"08, BIEVRE (RUE DE LA)",,,Crépuscule ou aube,En agglomération,Hors intersection,Normale,Autre collision,,,,,,,,,,,2,2,1,1,6
200700079429,0007-12-25 12:45:00,7,12,25,12,45,920,2,JEAN MOULIN (RUE),,,Plein jour,En agglomération,Intersection en X,Normale,Deux véhicules - côté,,,,,,,,,,,1,2,2,1,3
200700079430,0007-12-01 18:20:00,7,12,1,18,20,920,4,"61, GABRIEL PERI (AVE )",,,Nuit avec éclairage allumé,En agglomération,Intersection en T,Normale,Autre collision,,,,,,,,,,,5,2,3,1,6
200700079431,0007-12-01 19:50:00,7,12,1,19,50,920,4,"69, GABRIEL PERI (AVE )",,,Nuit avec éclairage allumé,En agglomération,Hors intersection,Normale,Autre collision,,,,,,,,,,,5,2,1,1,6
200700079432,0007-12-07 11:00:00,7,12,7,11,0,920,4,"33, CHANZY ( RUE DE )",,,Plein jour,En agglomération,Intersection en X,Normale,Autre collision,,,,,,,,,,,1,2,2,1,6
200700079433,0007-12-07 10:00:00,7,12,7,10,0,920,9,"NR, ARGENTEUIL ( AVENUE",,,Plein jour,En agglomération,Intersection en T,Normale,Deux véhicules - côté,,,,,,,,,,,1,2,3,1,3
200700079434,0007-12-09 20:45:00,7,12,9,20,45,920,4,"NR, VOLTAIRE ( BD )",,,Nuit avec éclairage allumé,En agglomération,Intersection en T,Pluie légère,Deux véhicules - côté,,,,,,,,,,,5,2,3,2,3
200700079435,0007-12-10 18:50:00,7,12,10,18,50,920,9,"103, CHARLES-DE-GAULLE (",,,Crépuscule ou aube,En agglomération,Hors intersection,Normale,Autre collision,,,,,,,,,,,2,2,1,1,6
200700079436,0007-12-11 19:35:00,7,12,11,19,35,920,4,"42, ARGENTEUIL AV D'",,,Nuit avec éclairage allumé,En agglomération,Hors intersection,Pluie légère,Deux véhicules - côté,,,,,,,,,,,5,2,1,2,3
200700079437,0007-12-11 21:35:00,7,12,11,21,35,920,4,"65, ARGENTEUIL AV D'",,,Plein jour,En agglomération,Hors intersection,Pluie légère,Deux véhicules - arrière,,,,,,,,,,,1,2,1,2,2
200700079438,0007-12-14 18:20:00,7,12,14,18,20,920,4,AULAGNIER ( QUAI ),,,Crépuscule ou aube,En agglomération,Intersection en T,Normale,Deux véhicules - arrière,,,,,,,,,,,2,2,3,1,2
200700079439,0007-12-20 13:00:00,7,12,20,13,0,920,4,"17, AULAGNIER ( QUAI )",,,Plein jour,En agglomération,Hors intersection,Normale,Deux véhicules - arrière,,,,,,,,,,,1,2,1,1,2
200700079440,0007-12-22 11:20:00,7,12,22,11,20,920,4,"NR, MAURICE BOKANOWSKI",,,Plein jour,En agglomération,Intersection en X,Normale,Autre collision,,,,,,,,,,,1,2,2,1,6
200700079441,0007-12-29 16:25:00,7,12,29,16,25,920,4,"81, GRESILLONS ( AVENUE",,,Plein jour,En agglomération,Intersection en T,Normale,Autre collision,,,,,,,,,,,1,2,3,1,6
200700079442,0007-12-02 18:25:00,7,12,2,18,25,920,7,"65, RAVERA (AVENUE HENRI",,,Nuit avec éclairage allumé,En agglomération,Intersection en T,Pluie légère,Deux véhicules - arrière,,,,,,,,,,,5,2,3,2,2
200700079443,0007-12-04 11:35:00,7,12,4,11,35,920,7,"16, BRIAND (AVENUE ARIST",,,Plein jour,En agglomération,Hors intersection,Normale,Autre collision,,,,,,,,,,,1,2,1,1,6
200700079444,0007-12-07 17:20:00,7,12,7,17,20,920,7,BARBUSSE (AVENUE HENRI),,,Crépuscule ou aube,En agglomération,Intersection en X,Pluie légère,Deux véhicules - frontale,,,,,,,,,,,2,2,2,2,1
200700079445,0007-12-12 18:10:00,7,12,12,18,10,920,7,"26, PETIT (AVENUE ALBERT",,,Nuit avec éclairage allumé,En agglomération,Hors intersection,Normale,Autre collision,,,,,,,,,,,5,2,1,1,6
200700079446,0007-12-09 17:40:00,7,12,9,17,40,920,7,REPUBLIQUE (RUE DE LA),,,Crépuscule ou aube,En agglomération,Intersection en X,Pluie légère,Autre collision,,,,,,,,,,,2,2,2,2,6
200700079447,0007-12-15 12:30:00,7,12,15,12,30,920,7,"36, SANGNIER (RUE MARC)",,,Plein jour,En agglomération,Intersection en X,Normale,Autre collision,,,,,,,,,,,1,2,2,1,6
200700079448,0007-12-15 15:50:00,7,12,15,15,50,920,7,"37, BARBUSSE (AVENUE HEN",,,Plein jour,En agglomération,Intersection en T,Normale,Autre collision,,,,,,,,,,,1,2,3,1,6
200700079449,0007-12-19 20:40:00,7,12,19,20,40,920,7,"11, PORT GALAND (RUE DU)",,,Nuit avec éclairage allumé,En agglomération,Hors intersection,Normale,Deux véhicules - arrière,,,,,,,,,,,5,2,1,1,2
200700079450,0007-12-19 19:15:00,7,12,19,19,15,920,7,BLANCHARD (RUE),,,Nuit avec éclairage non allumé,En agglomération,Intersection en T,Normale,Deux véhicules - côté,,,,,,,,,,,4,2,3,1,3
200700079451,0007-12-24 23:30:00,7,12,24,23,30,920,7,PETIT (AVENUE ALBERT) N°,,,Nuit avec éclairage allumé,En agglomération,Intersection en T,Autre,Deux véhicules - côté,,,,,,,,,,,5,2,3,9,3
200700079452,0007-12-31 20:00:00,7,12,31,20,0,920,7,BRIAND (AVENUE ARISTIDE),,,Nuit avec éclairage allumé,En agglomération,Intersection en X,Normale,Trois véhicules et plus - collisions multiples,,,,,,,,,,,5,2,2,1,5
200700079453,0007-12-04 11:40:00,7,12,4,11,40,920,12,"69, ANDRE MORIZET (AVENU",,,Plein jour,En agglomération,Hors intersection,Normale,Deux véhicules - côté,,,,,,,,,,,1,2,1,1,3
200700079454,0007-12-04 13:30:00,7,12,4,13,30,920,12,"1, PONT DE SEVRES (ROND",,,Plein jour,En agglomération,Hors intersection,Normale,Autre collision,,,,,,,,,,,1,2,1,1,6
200700079455,0007-12-05 17:05:00,7,12,5,17,5,920,12,"ANGLE, ALPHONSE LE GALLO",,,Plein jour,En agglomération,Intersection en T,Normale,Autre collision,,,,,,,,,,,1,2,3,1,6
200700079456,0007-12-02 03:25:00,7,12,2,3,25,920,12,"angle, CHATEAU (RUE DU)",,,Nuit avec éclairage non allumé,En agglomération,Intersection en X,Normale,Autre collision,,,,,,,,,,,4,2,2,1,6
200700079457,0007-12-11 09:50:00,7,12,11,9,50,920,12,"21, ALPHONSE LE GALLO (Q",,,Plein jour,En agglomération,Hors intersection,Normale,Autre collision,,,,,,,,,,,1,2,1,1,6
200700079458,0007-12-14 08:14:00,7,12,14,8,14,920,12,"78, GENERAL LECLERC (AVE",,,Plein jour,En agglomération,Hors intersection,Normale,Autre collision,,,,,,,,,,,1,2,1,1,6
200700079459,0007-12-14 10:27:00,7,12,14,10,27,920,12,"104, POINT DU JOUR (RUE",,,Plein jour,En agglomération,Hors intersection,Normale,Autre collision,,,,,,,,,,,1,2,1,1,6
200700079460,0007-12-15 13:30:00,7,12,15,13,30,920,12,"ANGLE, ISSY (RUE D')",,,Plein jour,En agglomération,Hors intersection,Normale,Autre collision,,,,,,,,,,,1,2,1,1,6
200700079461,0007-12-20 10:15:00,7,12,20,10,15,920,12,"124, JEAN JAURES (BOULEV",,,Plein jour,En agglomération,Intersection en X,Normale,Autre collision,,,,,,,,,,,1,2,2,1,6
200700079462,0007-12-28 18:10:00,7,12,28,18,10,920,12,"42, GENERAL LECLERC (AVE",,,Nuit avec éclairage allumé,En agglomération,Hors intersection,Normale,Autre collision,,,,,,,,,,,5,2,1,1,6
200700079463,0007-12-31 19:25:00,7,12,31,19,25,920,12,"100, VICTOR HUGO (AVENUE",,,Crépuscule ou aube,En agglomération,Intersection en X,Normale,Autre collision,,,,,,,,,,,2,2,2,1,6
200700079464,0007-12-05 17:15:00,7,12,5,17,15,920,19,"249, LECLERC DIVISION (A",,,Nuit avec éclairage non allumé,Hors agglomération,Hors intersection,Pluie légère,Deux véhicules - arrière,,,,,,,,,,,4,1,1,2,2
200700079465,0007-12-09 15:20:00,7,12,9,15,20,920,19,11 NOVEMBRE 1918 (CARREF,,,Plein jour,En agglomération,Giratoire,Pluie légère,Deux véhicules - arrière,,,,,,,,,,,1,2,6,2,2
200700079466,0007-12-07 15:55:00,7,12,7,15,55,920,19,"144, LECLERC DIVISION (A",,,Plein jour,En agglomération,Hors intersection,Normale,Deux véhicules - côté,,,,,,,,,,,1,2,1,1,3
200700079467,0007-12-18 18:40:00,7,12,18,18,40,920,19,"133, DIVISION LECLERC (A",,,Nuit avec éclairage allumé,En agglomération,Hors intersection,Pluie légère,Deux véhicules - côté,,,,,,,,,,,5,2,1,2,3
200700079468,0007-12-21 13:45:00,7,12,21,13,45,920,19,"299 ter, DIVISION LECLER",,,Plein jour,En agglomération,Intersection en T,Normale,Autre collision,,,,,,,,,,,1,2,3,1,6
200700079469,0007-12-07 08:55:00,7,12,7,8,55,920,23,DOCTEUR CALMETTE (AVENUE,,,Plein jour,En agglomération,Hors intersection,Normale,Deux véhicules - côté,,,,,,,,,,,1,2,1,1,3
200700079470,0007-12-12 08:00:00,7,12,12,8,0,920,23,CHAMPAGNE (RUE),,,Plein jour,En agglomération,Intersection en X,Normale,Deux véhicules - côté,,,,,,,,,,,1,2,2,1,3
200700079471,0007-12-13 18:00:00,7,12,13,18,0,920,60,RESISTANCE (AVENUE DE LA,,,Nuit avec éclairage allumé,En agglomération,Hors intersection,Normale,Deux véhicules - côté,,,,,,,,,,,5,2,1,1,3
200700079472,0007-12-15 14:08:00,7,12,15,14,8,920,60,GALILEE (AVENUE),,,Plein jour,En agglomération,Hors intersection,Temps éblouissant,Autre collision,,,,,,,,,,,1,2,1,7,6
200700079473,0007-12-17 15:20:00,7,12,17,15,20,920,23,"300, GENERAL DE GAULLE (",,,Plein jour,En agglomération,Intersection en T,Normale,Deux véhicules - arrière,,,,,,,,,,,1,2,3,1,2
200700079474,0007-12-18 18:50:00,7,12,18,18,50,920,23,VOLTAIRE (RUE),,,Nuit avec éclairage allumé,En agglomération,Intersection en T,Normale,Autre collision,,,,,,,,,,,5,2,3,1,6
200700079475,0007-12-17 13:30:00,7,12,17,13,30,920,23,"86, MARGUERITE RENAUDIN",,,Plein jour,En agglomération,Hors intersection,Normale,Autre collision,,,,,,,,,,,1,2,1,1,6
200700079476,0007-12-20 22:30:00,7,12,20,22,30,920,60,"2, FRANCOIS MANSARD (RUE",,,Nuit avec éclairage allumé,En agglomération,Hors intersection,Normale,Sans collision,,,,,,,,,,,5,2,1,1,7
200700079477,0007-12-19 08:40:00,7,12,19,8,40,920,23,GENERAL DE GAULLE (AVENU,,,Nuit avec éclairage allumé,En agglomération,Hors intersection,Normale,Autre collision,,,,,,,,,,,5,2,1,1,6
200700079478,0007-12-28 14:30:00,7,12,28,14,30,920,24,"55, GEORGES BOISSEAU (RU",,,Plein jour,En agglomération,Hors intersection,Normale,Deux véhicules - arrière,,,,,,,,,,,1,2,1,1,2
200700079479,0007-12-28 11:40:00,7,12,28,11,40,920,24,"135, HENRI BARBUSSE (RUE",,,Plein jour,Hors agglomération,Intersection en X,Normale,Autre collision,,,,,,,,,,,1,1,2,1,6
200700079480,0007-12-01 18:45:00,7,12,1,18,45,920,24,"109, VICTOR HUGO (BD)",,,Nuit avec éclairage allumé,En agglomération,Hors intersection,Normale,Deux véhicules - arrière,,,,,,,,,,,5,2,1,1,2
200700079481,0007-12-06 16:30:00,7,12,6,16,30,920,24,"54, GENERAL LECLERC (BD",,,Plein jour,Hors agglomération,Intersection en X,Pluie légère,Autre collision,,,,,,,,,,,1,1,2,2,6
200700079482,0007-12-11 07:40:00,7,12,11,7,40,920,24,CLICHY (QUAI DE) DE (104,,,Nuit avec éclairage allumé,En agglomération,Intersection en X,Normale,Deux véhicules - côté,,,,,,,,,,,5,2,2,1,3
200700079483,0007-12-10 19:25:00,7,12,10,19,25,920,24,"121, JEAN JAURES (BD) DE",,,Nuit avec éclairage allumé,En agglomération,Hors intersection,Pluie légère,Autre collision,,,,,,,,,,,5,2,1,2,6
200700079484,0007-12-07 12:30:00,7,12,7,12,30,920,24,"79, VICTOR HUGO (BD)",,,Plein jour,En agglomération,Hors intersection,Normale,Deux véhicules - côté,,,,,,,,,,,1,2,1,1,3
200700079485,0007-12-14 19:36:00,7,12,14,19,36,920,24,"1, ASNIERES (ROUTE D')",,,Nuit avec éclairage allumé,En agglomération,Intersection en Y,Normale,Deux véhicules - côté,,,,,,,,,,,5,2,4,1,3
200700079486,0007-12-05 18:30:00,7,12,5,18,30,920,25,CHARLES DE GAULLE (BD),,,Nuit avec éclairage allumé,En agglomération,Hors intersection,Normale,Sans collision,,,,,,,,,,,5,2,1,1,7
200700079487,0007-12-11 19:20:00,7,12,11,19,20,920,25,JACQUES ELEONOR FERME (R,,,Nuit avec éclairage allumé,En agglomération,Hors intersection,Pluie légère,Deux véhicules - côté,,,,,,,,,,,5,2,1,2,3
200700079488,0007-12-12 17:38:00,7,12,12,17,38,920,25,ALEXIS BOUVIER (RUE),,,Nuit avec éclairage allumé,En agglomération,Hors intersection,Normale,Autre collision,,,,,,,,,,,5,2,1,1,6
200700079489,0007-12-13 08:10:00,7,12,13,8,10,920,25,G.PERI<>2 A 192 & 1 A 24,,,Crépuscule ou aube,En agglomération,Hors intersection,Normale,Autre collision,,,,,,,,,,,2,2,1,1,6
200700079490,0007-12-15 19:05:00,7,12,15,19,5,920,25,JOSEPH DEVILLE (RUE),,,Nuit avec éclairage allumé,En agglomération,Intersection en T,Normale,Deux véhicules - côté,,,,,,,,,,,5,2,3,1,3
200700079491,0007-12-20 15:50:00,7,12,20,15,50,920,25,"94, VOIES DU BOIS (RUE D",,,Plein jour,En agglomération,Hors intersection,Normale,Autre collision,,,,,,,,,,,1,2,1,1,6
200700079492,0007-12-20 17:55:00,7,12,20,17,55,920,25,"19, GABRIEL PERI (RUE)",,,Nuit avec éclairage allumé,En agglomération,Hors intersection,Normale,Autre collision,,,,,,,,,,,5,2,1,1,6
200700079493,0007-12-21 11:15:00,7,12,21,11,15,920,25,CHAMPAR<> 1 A 139 & 2 A,,,Plein jour,En agglomération,Hors intersection,Normale,Deux véhicules - côté,,,,,,,,,,,1,2,1,1,3
200700079494,0007-12-30 19:45:00,7,12,30,19,45,920,25,METZ (RUE DE),,,Nuit avec éclairage allumé,En agglomération,Hors intersection,Normale,Deux véhicules - côté,,,,,,,,,,,5,2,1,1,3
200700079495,0007-12-04 09:30:00,7,12,4,9,30,920,26,PAUL DOUMER,,,Plein jour,En agglomération,Intersection en T,Normale,Trois véhicules et plus - collisions multiples,,,,,,,,,,,1,2,3,1,5
200700079496,0007-12-05 17:15:00,7,12,5,17,15,920,26,MISSION MARCHAND (COTE P,,,Nuit avec éclairage allumé,En agglomération,Intersection en T,Pluie légère,Deux véhicules - côté,,,,,,,,,,,5,2,3,2,3
200700079497,0007-12-09 09:10:00,7,12,9,9,10,920,26,MISSION MARCHAND (COTE I,,,Plein jour,En agglomération,Intersection en X,Autre,Autre collision,,,,,,,,,,,1,2,2,9,6
200700079498,0007-12-06 19:45:00,7,12,6,19,45,920,26,"50 - 56, JEAN-PIERRE TIM",,,Nuit avec éclairage allumé,En agglomération,Hors intersection,Temps couvert,Deux véhicules - côté,,,,,,,,,,,5,2,1,8,3
200700079499,0007-12-10 15:00:00,7,12,10,15,0,920,26,GENERAL AUDRAN,,,Plein jour,En agglomération,Intersection en T,Temps couvert,Deux véhicules - côté,,,,,,,,,,,1,2,3,8,3
200700079500,0007-12-10 17:50:00,7,12,10,17,50,920,26,BEZONS  (DE 01 A 22),,,Nuit avec éclairage allumé,En agglomération,Intersection en X,Pluie légère,Autre collision,,,,,,,,,,,5,2,2,2,6
200700079501,0007-12-09 21:20:00,7,12,9,21,20,920,26,VERDUN (DE 62 A FIN),,,Nuit avec éclairage allumé,En agglomération,Intersection en X,Pluie légère,Autre collision,,,,,,,,,,,5,2,2,2,6
200700079502,0007-12-16 11:25:00,7,12,16,11,25,920,26,COURBEVOIE (PONT DE),,,Plein jour,En agglomération,Hors intersection,Normale,Sans collision,,,,,,,,,,,1,2,1,1,7
200700079503,0007-12-18 18:20:00,7,12,18,18,20,920,26,HÉROLD ( RUE ),,,Nuit avec éclairage allumé,En agglomération,Intersection en T,Normale,Deux véhicules - côté,,,,,,,,,,,5,2,3,1,3
200700079504,0007-12-19 14:25:00,7,12,19,14,25,920,26,"---, VERDUN (DE 62 A FIN",,,Plein jour,En agglomération,Intersection en T,Normale,Deux véhicules - arrière,,,,,,,,,,,1,2,3,1,2
200700079505,0007-12-20 20:00:00,7,12,20,20,0,920,26,"295, SAINT DENIS BD (120",,,Nuit avec éclairage allumé,En agglomération,Intersection en X,Normale,Deux véhicules - côté,,,,,,,,,,,5,2,2,1,3
200700079506,0007-12-21 19:40:00,7,12,21,19,40,920,26,"01, COLOMBES",,,Nuit avec éclairage allumé,En agglomération,Intersection en X,Normale,Deux véhicules - arrière,,,,,,,,,,,5,2,2,1,2
200700079507,0007-12-26 07:30:00,7,12,26,7,30,920,26,"52, ARCHE (AVENUE)",,,Nuit avec éclairage allumé,En agglomération,Hors intersection,Pluie légère,Autre collision,,,,,,,,,,,5,2,1,2,6
200700079508,0007-12-11 15:50:00,7,12,11,15,50,920,35,"13, Aigle ( rue de l' )",,,Plein jour,En agglomération,Intersection en X,Temps couvert,Deux véhicules - côté,,,,,,,,,,,1,2,2,8,3
200700079509,0007-12-14 08:05:00,7,12,14,8,5,920,35,"153, Fauvelles ( rue des",,,Crépuscule ou aube,En agglomération,Intersection en Y,Normale,Autre collision,,,,,,,,,,,2,2,4,1,6
200700079510,0007-12-18 09:05:00,7,12,18,9,5,920,35,"102, Général de Gaulle",,,Plein jour,En agglomération,Intersection en Y,Normale,Deux véhicules - côté,,,,,,,,,,,1,2,4,1,3
200700079511,0007-12-04 12:40:00,7,12,4,12,40,920,36,"36, PIERRE TIMBAUD (RUE)",,,Plein jour,En agglomération,Hors intersection,Normale,Deux véhicules - côté,,,,,,,,,,,1,2,1,1,3
200700079512,0007-12-07 06:30:00,7,12,7,6,30,920,36,"119, LOUIS ROCHE (AVENUE",,,Nuit avec éclairage allumé,En agglomération,Hors intersection,Pluie légère,Deux véhicules - côté,,,,,,,,,,,5,2,1,2,3