accident_id,datetime,annee,mois,jour,heure,minute,departement,commune_insee,adresse,latitude,longitude,luminosite,agglomeration,intersection,meteo,collision,nb_vehicules,nb_usagers,nb_indemnes,nb_tues,nb_blesses_hosp,nb_blesses_legers,age_cond_1,age_cond_2,veh_type_cond_1,veh_type_cond_2,lum_code,agg_code,int_code,atm_code,col_code
200700079641,0007-12-14 09:30:00,7,12,14,9,30,930,1,PRESIDENT ROOSEVELT (AVE,,,Plein jour,En agglomération,Hors intersection,Normale,Autre collision,,,,,,,,,,,1,2,1,1,6
200700079642,0007-12-14 14:15:00,7,12,14,14,15,930,1,SAINT DENIS (RUE DE),,,Plein jour,En agglomération,Autre intersection,Normale,Autre collision,,,,,,,,,,,1,2,9,1,6
200700079643,0007-12-19 19:30:00,7,12,19,19,30,930,1,"60, REPUBLIQUE (AVE DE L",,,Nuit avec éclairage allumé,En agglomération,Hors intersection,Autre,Trois véhicules et plus - collisions multiples,,,,,,,,,,,5,2,1,9,5
200700079644,0007-12-22 02:10:00,7,12,22,2,10,930,1,LUCIEN LEFRANC (QUAI),,,Nuit avec éclairage allumé,En agglomération,Hors intersection,Temps couvert,Deux véhicules - frontale,,,,,,,,,,,5,2,1,8,1
200700079645,0007-12-22 18:20:00,7,12,22,18,20,930,1,"87, VICTOR HUGO (AVE)  =",,,Nuit avec éclairage allumé,En agglomération,Hors intersection,Normale,Deux véhicules - côté,,,,,,,,,,,5,2,1,1,3
200700079646,0007-12-23 21:05:00,7,12,23,21,5,930,1,"189, VICTOR HUGO (AVE)",,,Nuit avec éclairage allumé,En agglomération,Hors intersection,Autre,Autre collision,,,,,,,,,,,5,2,1,9,6
200700079647,0007-12-31 15:20:00,7,12,31,15,20,930,1,ADRIEN AGNES (QUAI),,,Plein jour,En agglomération,Autre intersection,Normale,Deux véhicules - côté,,,,,,,,,,,1,2,9,1,3
200700079648,0007-12-03 05:54:00,7,12,3,5,54,930,5,"P0, ANDRE CITROEN (BOULE",,,Nuit avec éclairage allumé,En agglomération,Hors intersection,Pluie légère,Sans collision,,,,,,,,,,,5,2,1,2,7
200700079649,0007-12-07 17:45:00,7,12,7,17,45,930,5,RAOUL DUFY (AVENUE),,,Nuit avec éclairage allumé,En agglomération,Intersection en T,Pluie légère,Trois véhicules et plus - en chaîne,,,,,,,,,,,5,2,3,2,4
200700079650,0007-12-09 23:35:00,7,12,9,23,35,930,5,BONDY (ROUTE DE),,,Nuit avec éclairage allumé,En agglomération,Intersection en X,Pluie légère,Deux véhicules - côté,,,,,,,,,,,5,2,2,2,3
200700079651,0007-12-12 15:45:00,7,12,12,15,45,930,5,"16, STRASBOURG (BOULEVAR",,,Plein jour,En agglomération,Hors intersection,Normale,Autre collision,,,,,,,,,,,1,2,1,1,6
200700079652,0007-12-12 12:55:00,7,12,12,12,55,930,5,"56, JULES VALLES (RUE)",,,Plein jour,En agglomération,Hors intersection,Normale,Autre collision,,,,,,,,,,,1,2,1,1,6
200700079653,0007-12-13 13:55:00,7,12,13,13,55,930,5,LOUISE MICHEL (RUE),,,Plein jour,En agglomération,Hors intersection,Temps couvert,Deux véhicules - arrière,,,,,,,,,,,1,2,1,8,2
200700079654,0007-12-14 19:20:00,7,12,14,19,20,930,5,RAOUL DUFY (AVENUE),,,Nuit avec éclairage allumé,En agglomération,Giratoire,Normale,Autre collision,,,,,,,,,,,5,2,6,1,6
200700079655,0007-12-15 00:05:00,7,12,15,0,5,930,5,JEAN CHARCOT [CD115] (RU,,,Nuit avec éclairage allumé,En agglomération,Hors intersection,Normale,Deux véhicules - côté,,,,,,,,,,,5,2,1,1,3
200700079656,0007-12-20 08:15:00,7,12,20,8,15,930,5,"28, JULES PRINCET [CD115",,,Plein jour,En agglomération,Intersection en X,Normale,Autre collision,,,,,,,,,,,1,2,2,1,6
200700079657,0007-12-20 18:40:00,7,12,20,18,40,930,5,GEORGES BRAQUE (BOULEVAR,,,Nuit avec éclairage allumé,En agglomération,Hors intersection,Normale,Autre collision,,,,,,,,,,,5,2,1,1,6
200700079658,0007-12-21 08:10:00,7,12,21,8,10,930,5,BONDY (ROUTE DE),,,Crépuscule ou aube,En agglomération,Giratoire,Temps couvert,Deux véhicules - côté,,,,,,,,,,,2,2,6,8,3
200700079659,0007-12-22 12:30:00,7,12,22,12,30,930,5,GEORGES BRAQUE (BOULEVAR,,,Plein jour,En agglomération,Hors intersection,Normale,Autre collision,,,,,,,,,,,1,2,1,1,6
200700079660,0007-12-27 10:00:00,7,12,27,10,0,930,5,ANDRE CITROEN (BOULEVARD,,,Plein jour,En agglomération,Giratoire,Pluie légère,Trois véhicules et plus - en chaîne,,,,,,,,,,,1,2,6,2,4
200700079661,0007-12-10 08:20:00,7,12,10,8,20,930,7,"39, ""DESCARTES (AVENUE """,,,Plein jour,En agglomération,Hors intersection,Pluie légère,Autre collision,,,,,,,,,,,1,2,1,2,6
200700079662,0007-12-18 15:20:00,7,12,18,15,20,930,7,", ""REPUBLIQUE (AVENUE DE",,,Plein jour,En agglomération,Hors intersection,Normale,Autre collision,,,,,,,,,,,1,2,1,1,6
200700079663,0007-12-25 22:50:00,7,12,25,22,50,930,7,MARCEL ALIZARD (AVENUE),,,Nuit avec éclairage allumé,En agglomération,Intersection en X,Normale,Deux véhicules - côté,,,,,,,,,,,5,2,2,1,3
200700079664,0007-12-03 16:45:00,7,12,3,16,45,930,8,LORRAINE (RUE DE),,,Plein jour,En agglomération,Intersection en T,Normale,Autre collision,,,,,,,,,,,1,2,3,1,6
200700079665,0007-12-05 08:35:00,7,12,5,8,35,930,8,"24/26, BARBUSSE (AVENUE",,,Crépuscule ou aube,En agglomération,Hors intersection,Normale,Deux véhicules - frontale,,,,,,,,,,,2,2,1,1,1
200700079666,0007-12-05 19:00:00,7,12,5,19,0,930,8,"27, ALLENDE (AVE DU P. S",,,Nuit avec éclairage allumé,En agglomération,Hors intersection,Normale,Deux véhicules - arrière,,,,,,,,,,,5,2,1,1,2
200700079667,0007-12-12 09:30:00,7,12,12,9,30,930,8,ETOILE (RUE DE L'),,,Plein jour,En agglomération,Intersection en T,Autre,Autre collision,,,,,,,,,,,1,2,3,9,6
200700079668,0007-12-12 08:45:00,7,12,12,8,45,930,8,"01, PARIS (RUE DE)",,,Plein jour,En agglomération,Hors intersection,Autre,Autre collision,,,,,,,,,,,1,2,1,9,6
200700079669,0007-12-12 08:20:00,7,12,12,8,20,930,8,PLACE SAINT JUSTE,,,Plein jour,En agglomération,Giratoire,Autre,Autre collision,,,,,,,,,,,1,2,6,9,6
200700079670,0007-12-12 11:20:00,7,12,12,11,20,930,8,"23, VELLARD (RUE ALCIDE)",,,Plein jour,En agglomération,Hors intersection,Normale,Autre collision,,,,,,,,,,,1,2,1,1,6
200700079671,0007-12-18 16:20:00,7,12,18,16,20,930,8,BARBUSSE (AVENUE HENRI),,,Plein jour,En agglomération,Intersection en T,Normale,Deux véhicules - côté,,,,,,,,,,,1,2,3,1,3
200700079672,0007-12-18 11:00:00,7,12,18,11,0,930,8,PICASSO (RUE PABLO),,,Plein jour,En agglomération,Hors intersection,Normale,Autre collision,,,,,,,,,,,1,2,1,1,6
200700079673,0007-12-26 09:55:00,7,12,26,9,55,930,8,DIDEROT (RUE),,,Plein jour,En agglomération,Hors intersection,Pluie légère,Deux véhicules - côté,,,,,,,,,,,1,2,1,2,3
200700079674,0007-12-04 09:35:00,7,12,4,9,35,930,57,"ignore, ROSNY (AL. DE)",,,Plein jour,En agglomération,Passage à niveau,Normale,Deux véhicules - côté,,,,,,,,,,,1,2,8,1,3
200700079675,0007-12-06 11:50:00,7,12,6,11,50,930,10,"ignore, GALLIENI (AV.) D",,,Plein jour,En agglomération,Hors intersection,Pluie légère,Autre collision,,,,,,,,,,,1,2,1,2,6
200700079676,0007-12-06 16:15:00,7,12,6,16,15,930,10,"ignore, SAKHAROV (RUE AN",,,Plein jour,En agglomération,Intersection en X,Pluie légère,Deux véhicules - côté,,,,,,,,,,,1,2,2,2,3
200700079677,0007-12-11 09:30:00,7,12,11,9,30,930,10,"29, MOULIN (AV. JEAN) CO",,,Plein jour,En agglomération,Hors intersection,Normale,Autre collision,,,,,,,,,,,1,2,1,1,6
200700079678,0007-12-13 16:40:00,7,12,13,16,40,930,57,BRIAND ( AV. ARISTIDE) 1,,,Plein jour,En agglomération,Hors intersection,Normale,Autre collision,,,,,,,,,,,1,2,1,1,6
200700079679,0007-12-16 14:55:00,7,12,16,14,55,930,10,"IGNORE, GALLIENI (AV.) D",,,Plein jour,En agglomération,Hors intersection,Normale,Autre collision,,,,,,,,,,,1,2,1,1,6
200700079680,0007-12-22 11:00:00,7,12,22,11,0,930,10,"IGNORE, GALLIENI (AV.) D",,,Plein jour,En agglomération,Hors intersection,Autre,Deux véhicules - arrière,,,,,,,,,,,1,2,1,9,2
200700079681,0007-12-23 21:30:00,7,12,23,21,30,930,57,"21, HUGO (AV. VICTOR)",,,Nuit avec éclairage allumé,En agglomération,Hors intersection,Normale,Deux véhicules - frontale,,,,,,,,,,,5,2,1,1,1
200700079682,0007-12-26 18:10:00,7,12,26,18,10,930,10,AULNAY (ROUTE) DE 47 A 1,,,Nuit avec éclairage allumé,En agglomération,Hors intersection,Normale,Autre collision,,,,,,,,,,,5,2,1,1,6
200700079683,0007-12-03 20:15:00,7,12,3,20,15,930,27,"00, LECLERC (AVENUE DU G",,,Nuit avec éclairage allumé,En agglomération,Giratoire,Pluie légère,Sans collision,,,,,,,,,,,5,2,6,2,7
200700079684,0007-12-07 09:05:00,7,12,7,9,5,930,30,"21, DE GAULLE (AVENUE DU",,,Plein jour,En agglomération,Hors intersection,Normale,Autre collision,,,,,,,,,,,1,2,1,1,6
200700079685,0007-12-10 11:30:00,7,12,10,11,30,930,27,"75, VAILLANT-COUTURIER (",,,Plein jour,En agglomération,Hors intersection,Pluie légère,Deux véhicules - arrière,,,,,,,,,,,1,2,1,2,2
200700079686,0007-12-11 07:59:00,7,12,11,7,59,930,27,"50, BARBUSSE (AVENUE HEN",,,Plein jour,En agglomération,Hors intersection,Pluie légère,Autre collision,,,,,,,,,,,1,2,1,2,6
200700079687,0007-12-16 13:55:00,7,12,16,13,55,930,27,"N.R., SALENGRO (AVENUE R",,,Plein jour,En agglomération,Autre intersection,Temps éblouissant,Deux véhicules - arrière,,,,,,,,,,,1,2,9,7,2
200700079688,0007-12-19 16:20:00,7,12,19,16,20,930,27,"00, CONVENTION (RUE DE L",,,Plein jour,En agglomération,Intersection en X,Normale,Autre collision,,,,,,,,,,,1,2,2,1,6
200700079689,0007-12-21 18:50:00,7,12,21,18,50,930,13,LECLERC (AVENU DE LA DIV,,,Nuit avec éclairage allumé,En agglomération,Hors intersection,Normale,Deux véhicules - côté,,,,,,,,,,,5,2,1,1,3
200700079690,0007-12-31 18:45:00,7,12,31,18,45,930,13,"29, JAURES (AVENUE JEAN)",,,Nuit avec éclairage allumé,En agglomération,Intersection en X,Normale,Autre collision,,,,,,,,,,,5,2,2,1,6
200700079691,0007-12-03 10:25:00,7,12,3,10,25,930,29,ROGER SALENGRO N° 01- FI,,,Plein jour,En agglomération,Intersection en T,Normale,Deux véhicules - côté,,,,,,,,,,,1,2,3,1,3
200700079692,0007-12-04 19:25:00,7,12,4,19,25,930,29,"30, HENRI BARBUSSE (AVE)",,,Nuit avec éclairage allumé,En agglomération,Hors intersection,Normale,Deux véhicules - côté,,,,,,,,,,,5,2,1,1,3
200700079693,0007-12-08 13:40:00,7,12,8,13,40,930,29,LEJEUNE (AVENUE),,,Plein jour,En agglomération,Intersection en T,Pluie légère,Deux véhicules - côté,,,,,,,,,,,1,2,3,2,3
200700079694,0007-12-13 19:20:00,7,12,13,19,20,930,29,"146, HENRI BARBUSSE (AVE",,,Nuit avec éclairage allumé,En agglomération,Intersection en X,Normale,Deux véhicules - côté,,,,,,,,,,,5,2,2,1,3
200700079695,0007-12-15 18:15:00,7,12,15,18,15,930,29,"26, RAYMOND BERTOUT",,,Nuit avec éclairage allumé,En agglomération,Hors intersection,Normale,Autre collision,,,,,,,,,,,5,2,1,1,6
200700079696,0007-12-16 15:20:00,7,12,16,15,20,930,29,"117, JEAN JAURES (AVENUE",,,Plein jour,En agglomération,Hors intersection,Normale,Autre collision,,,,,,,,,,,1,2,1,1,6
200700079697,0007-12-06 07:00:00,7,12,6,7,0,930,31,"0, PARIS (RUE DE)",,,Nuit avec éclairage allumé,En agglomération,Hors intersection,Normale,Autre collision,,,,,,,,,,,5,2,1,1,6
200700079698,0007-12-07 07:00:00,7,12,7,7,0,930,31,"0, LACEPEDE",,,Nuit avec éclairage allumé,En agglomération,Hors intersection,Normale,Autre collision,,,,,,,,,,,5,2,1,1,6
200700079699,0007-12-10 07:20:00,7,12,10,7,20,930,31,"0, PARIS (RUE DE)",,,Crépuscule ou aube,En agglomération,Intersection en X,Pluie légère,Deux véhicules - côté,,,,,,,,,,,2,2,2,2,3
200700079700,0007-12-12 15:55:00,7,12,12,15,55,930,31,"137, DE LATTRE DE TASSIG",,,Plein jour,En agglomération,Hors intersection,Normale,Trois véhicules et plus - collisions multiples,,,,,,,,,,,1,2,1,1,5
200700079701,0007-12-13 16:00:00,7,12,13,16,0,930,79,"0, JEAN BAPTISTE CLEMENT",,,Plein jour,En agglomération,Hors intersection,Normale,Autre collision,,,,,,,,,,,1,2,1,1,6
200700079702,0007-12-17 17:10:00,7,12,17,17,10,930,79,"110, SAINT LEU (ROUTE)",,,Nuit avec éclairage non allumé,En agglomération,Hors intersection,Normale,Deux véhicules - frontale,,,,,,,,,,,4,2,1,1,1
200700079703,0007-12-24 14:30:00,7,12,24,14,30,930,31,"0, SAINT LEU (ROUTE DE)",,,Plein jour,En agglomération,Passage à niveau,Normale,Autre collision,,,,,,,,,,,1,2,8,1,6
200700079704,0007-12-05 22:40:00,7,12,5,22,40,930,32,"5, BALTHAZAR   (IMPASSE)",,,Nuit avec éclairage allumé,En agglomération,Hors intersection,Autre,Deux véhicules - côté,,,,,,,,,,,5,2,1,9,3
200700079705,0007-12-08 20:10:00,7,12,8,20,10,930,32,MONTFERMEIL   (ALLEE DE),,,Nuit avec éclairage allumé,En agglomération,Intersection à plus de 4 branches,Pluie légère,Deux véhicules - côté,,,,,,,,,,,5,2,5,2,3
200700079706,0007-12-13 16:00:00,7,12,13,16,0,930,32,"28, JEAN JAURES (AVENUE)",,,Plein jour,En agglomération,Hors intersection,Temps couvert,Autre collision,,,,,,,,,,,1,2,1,8,6
200700079707,0007-12-25 16:23:00,7,12,25,16,23,930,32,PAUL VAILLANT COUTURIER,,,Plein jour,En agglomération,Intersection à plus de 4 branches,Normale,Deux véhicules - côté,,,,,,,,,,,1,2,5,1,3
200700079708,0007-12-29 11:50:00,7,12,29,11,50,930,32,HAUTE CARRIERE   (RUE DE,,,Plein jour,En agglomération,Hors intersection,Pluie légère,Autre collision,,,,,,,,,,,1,2,1,2,6
200700079709,0007-12-04 07:40:00,7,12,4,7,40,930,63,"130, BERLIOZ AVENUE",,,Crépuscule ou aube,En agglomération,Intersection en X,Temps couvert,Deux véhicules - côté,,,,,,,,,,,2,2,2,8,3
200700079710,0007-12-05 17:15:00,7,12,5,17,15,930,63,"neant, REPUBLIQUE RUE DE",,,Nuit avec éclairage allumé,Hors agglomération,Hors intersection,Normale,Trois véhicules et plus - en chaîne,,,,,,,,,,,5,1,1,1,4
200700079711,0007-12-09 08:05:00,7,12,9,8,5,930,45,"88, PARIS RUE DE",,,Crépuscule ou aube,En agglomération,Hors intersection,Temps couvert,Autre collision,,,,,,,,,,,2,2,1,8,6
200700079712,0007-12-10 08:50:00,7,12,10,8,50,930,61,"28, BROSSOLETTE PIERRE R",,,Plein jour,En agglomération,Hors intersection,Normale,Autre collision,,,,,,,,,,,1,2,1,1,6
200700079713,0007-12-11 17:40:00,7,12,11,17,40,930,6,PASTEUR AV.,,,Nuit avec éclairage allumé,En agglomération,Intersection en X,Pluie légère,Autre collision,,,,,,,,,,,5,2,2,2,6
200700079714,0007-12-11 20:00:00,7,12,11,20,0,930,63,BRANLY BD EDOUARD,,,Nuit avec éclairage allumé,En agglomération,Intersection en X,Pluie légère,Deux véhicules - côté,,,,,,,,,,,5,2,2,2,3
200700079715,0007-12-15 19:00:00,7,12,15,19,0,930,45,"141, PARIS RUE DE",,,Nuit avec éclairage allumé,En agglomération,Hors intersection,Normale,Autre collision,,,,,,,,,,,5,2,1,1,6
200700079716,0007-12-19 08:40:00,7,12,19,8,40,930,63,"127-129, REPUBLIQUE RUE",,,Crépuscule ou aube,En agglomération,Hors intersection,Normale,Deux véhicules - arrière,,,,,,,,,,,2,2,1,1,2
200700079717,0007-12-20 09:00:00,7,12,20,9,0,930,63,"37, CARNOT RUE",,,Plein jour,En agglomération,Hors intersection,Autre,Deux véhicules - arrière,,,,,,,,,,,1,2,1,9,2
200700079718,0007-12-20 17:00:00,7,12,20,17,0,930,45,JAURES BD JEAN,,,Nuit avec éclairage allumé,En agglomération,Hors intersection,Normale,Sans collision,,,,,,,,,,,5,2,1,1,7
200700079719,0007-12-21 15:10:00,7,12,21,15,10,930,63,"neant, BRANLY BD EDOUARD",,,Plein jour,En agglomération,Hors intersection,Normale,Deux véhicules - côté,,,,,,,,,,,1,2,1,1,3
200700079720,0007-12-22 12:20:00,7,12,22,12,20,930,63,"80, BARBUSSE HENRI BOULE",,,Plein jour,En agglomération,Intersection en X,Normale,Deux véhicules - côté,,,,,,,,,,,1,2,2,1,3
200700079721,0007-12-24 15:40:00,7,12,24,15,40,930,45,"8, DECROS EUGENE BOULEVA",,,Plein jour,En agglomération,Hors intersection,Normale,Autre collision,,,,,,,,,,,1,2,1,1,6
200700079722,0007-12-28 10:35:00,7,12,28,10,35,930,63,BARBUSSE HENRI BOULEVARD,,,Plein jour,En agglomération,Intersection en X,Temps couvert,Deux véhicules - côté,,,,,,,,,,,1,2,2,8,3
200700079723,0007-12-01 16:40:00,7,12,1,16,40,930,46,"166, VAUBAN AVENUE",,,Crépuscule ou aube,En agglomération,Hors intersection,Normale,Autre collision,,,,,,,,,,,2,2,1,1,6
200700079724,0007-12-04 09:25:00,7,12,4,9,25,930,46,MARX DORMOY BOULEVARD,,,Plein jour,En agglomération,Intersection en X,Temps couvert,Sans collision,,,,,,,,,,,1,2,2,8,7
200700079725,0007-12-04 17:55:00,7,12,4,17,55,930,46,"92, ARISTIDE BRIAND AVEN",,,Nuit avec éclairage allumé,En agglomération,Hors intersection,Temps couvert,Trois véhicules et plus - en chaîne,,,,,,,,,,,5,2,1,8,4
200700079726,0007-12-04 17:50:00,7,12,4,17,50,930,46,ROBERT SCHUMANN BOULEVAR,,,Crépuscule ou aube,En agglomération,Intersection en X,Pluie légère,Deux véhicules - frontale,,,,,,,,,,,2,2,2,2,1
200700079727,0007-12-04 20:40:00,7,12,4,20,40,930,46,"115, MARX DORMOY BOULEVA",,,Nuit avec éclairage allumé,En agglomération,Autre intersection,Normale,Deux véhicules - côté,,,,,,,,,,,5,2,9,1,3
200700079728,0007-12-05 07:00:00,7,12,5,7,0,930,46,JEAN JAURES BOULEVARD,,,Nuit avec éclairage allumé,En agglomération,Intersection en X,Normale,Deux véhicules - côté,,,,,,,,,,,5,2,2,1,3
200700079729,0007-12-06 17:45:00,7,12,6,17,45,930,74,BOUCHER RUE ALEXANDRE,,,Nuit avec éclairage allumé,En agglomération,Intersection en T,Pluie légère,Autre collision,,,,,,,,,,,5,2,3,2,6
200700079730,0007-12-07 20:20:00,7,12,7,20,20,930,46,MARECHAL LECLERC AVENUE,,,Nuit avec éclairage allumé,En agglomération,Hors intersection,Autre,Autre collision,,,,,,,,,,,5,2,1,9,6
200700079731,0007-12-07 21:30:00,7,12,7,21,30,930,74,"198, MEAUX RUE DE",,,Nuit avec éclairage allumé,En agglomération,Intersection en T,Pluie légère,Deux véhicules - côté,,,,,,,,,,,5,2,3,2,3
200700079732,0007-12-08 17:15:00,7,12,8,17,15,930,46,"59, MARX DORMOY BOULEVAR",,,Nuit avec éclairage allumé,En agglomération,Hors intersection,Pluie légère,Deux véhicules - côté,,,,,,,,,,,5,2,1,2,3
200700079733,0007-12-13 12:25:00,7,12,13,12,25,930,46,"39-41, EUGENE MASSE RUE",,,Plein jour,En agglomération,Hors intersection,Normale,Deux véhicules - côté,,,,,,,,,,,1,2,1,1,3
200700079734,0007-12-14 18:50:00,7,12,14,18,50,930,74,RN 3,,,Nuit sans éclairage public,Hors agglomération,Hors intersection,Normale,Sans collision,,,,,,,,,,,3,1,1,1,7
200700079735,0007-12-18 12:45:00,7,12,18,12,45,930,46,EMILE GERARD AVENUE,,,Plein jour,En agglomération,Intersection à plus de 4 branches,Normale,Sans collision,,,,,,,,,,,1,2,5,1,7
200700079736,0007-12-19 12:45:00,7,12,19,12,45,930,46,VOLTAIRE AVENUE,,,Plein jour,En agglomération,Intersection en X,Normale,Deux véhicules - côté,,,,,,,,,,,1,2,2,1,3
200700079737,0007-12-20 08:00:00,7,12,20,8,0,930,46,"29BIS, QUESNAY AVENUE",,,Crépuscule ou aube,En agglomération,Intersection en X,Normale,Autre collision,,,,,,,,,,,2,2,2,1,6
200700079738,0007-12-21 13:33:00,7,12,21,13,33,930,46,ARISTIDE BRIAND AVENUE,,,Plein jour,En agglomération,Hors intersection,Normale,Deux véhicules - côté,,,,,,,,,,,1,2,1,1,3
200700079739,0007-12-29 04:00:00,7,12,29,4,0,930,46,EUROPE BOULEVARD DE L',,,Nuit avec éclairage allumé,Hors agglomération,Giratoire,Pluie légère,Autre collision,,,,,,,,,,,5,1,6,2,6
200700079740,0007-12-20 18:20:00,7,12,20,18,20,930,46,"40, ROBERT SCHUMANN BOUL",,,Nuit avec éclairage allumé,En agglomération,Hors intersection,Temps couvert,Deux véhicules - frontale,,,,,,,,,,,5,2,1,8,1
200700079741,0007-12-03 19:50:00,7,12,3,19,50,930,48,"01, NOUE (RUE DE LA)",,,Nuit avec éclairage allumé,En agglomération,Hors intersection,Pluie légère,Deux véhicules - côté,,,,,,,,,,,5,2,1,2,3
200700079742,0007-12-11 18:15:00,7,12,11,18,15,930,48,"27, ERNEST SAVART (AVENU",,,Nuit avec éclairage allumé,En agglomération,Hors intersection,Pluie légère,Autre collision,,,,,,,,,,,5,2,1,2,6
200700079743,0007-12-12 13:20:00,7,12,12,13,20,930,48,"1, GALLILEE (RUE)",,,Plein jour,En agglomération,Intersection en X,Normale,Autre collision,,,,,,,,,,,1,2,2,1,6
200700079744,0007-12-19 14:05:00,7,12,19,14,5,930,48,"273, ROSNY (RUE DE)",,,Plein jour,En agglomération,Hors intersection,Normale,Deux véhicules - côté,,,,,,,,,,,1,2,1,1,3
200700079745,0007-12-06 17:50:00,7,12,6,17,50,930,49,"16BIS, DANIEL PERDRIGE (",,,Nuit avec éclairage allumé,En agglomération,Hors intersection,Pluie légère,Autre collision,,,,,,,,,,,5,2,1,2,6
200700079746,0007-12-08 07:45:00,7,12,8,7,45,930,49,"89, MARECHAL FOCH (AVENU",,,Nuit avec éclairage allumé,En agglomération,Intersection en T,Normale,Deux véhicules - frontale,,,,,,,,,,,5,2,3,1,1
200700079747,0007-12-11 18:50:00,7,12,11,18,50,930,50,"5, MARTYRS DE LA DEPORTA",,,Nuit avec éclairage allumé,En agglomération,Hors intersection,Pluie légère,Deux véhicules - côté,,,,,,,,,,,5,2,1,2,3
200700079748,0007-12-14 07:55:00,7,12,14,7,55,930,50,HIPPOLYTE PINA (RUE),,,Crépuscule ou aube,En agglomération,Intersection en T,Temps couvert,Autre collision,,,,,,,,,,,2,2,3,8,6
200700079749,0007-12-14 15:30:00,7,12,14,15,30,930,49,"26, PRESIDENT ROOSEVELT",,,Plein jour,En agglomération,Intersection en T,Normale,Autre collision,,,,,,,,,,,1,2,3,1,6
200700079750,0007-12-15 18:35:00,7,12,15,18,35,930,50,"37 bis, PAUL DOUMER (RUE",,,Nuit avec éclairage allumé,En agglomération,Hors intersection,Normale,Autre collision,,,,,,,,,,,5,2,1,1,6
200700079751,0007-12-15 19:35:00,7,12,15,19,35,930,49,FERDINAND BUISSON (BOULE,,,Nuit avec éclairage allumé,En agglomération,Intersection en T,Normale,Deux véhicules - côté,,,,,,,,,,,5,2,3,1,3
200700079752,0007-12-17 18:25:00,7,12,17,18,25,930,50,"10, LIBERATION (RUE)",,,Crépuscule ou aube,En agglomération,Hors intersection,Normale,Autre collision,,,,,,,,,,,2,2,1,1,6
200700079753,0007-12-24 15:20:00,7,12,24,15,20,930,50,"10, MARECHAL FOCH (AVENU",,,Plein jour,En agglomération,Hors intersection,Normale,Trois véhicules et plus - en chaîne,,,,,,,,,,,1,2,1,1,4
200700079754,0007-12-27 14:25:00,7,12,27,14,25,930,50,"77, PAUL ET CAMILLE THOM",,,Plein jour,En agglomération,Hors intersection,Temps couvert,Deux véhicules - côté,,,,,,,,,,,1,2,1,8,3
200700079755,0007-12-09 13:20:00,7,12,9,13,20,930,51,", VAUBAN",,,Plein jour,En agglomération,Hors intersection,Normale,Deux véhicules - côté,,,,,,,,,,,1,2,1,1,3
200700079756,0007-12-10 06:05:00,7,12,10,6,5,930,51,PLAINE,,,Nuit avec éclairage allumé,En agglomération,Intersection en Y,Temps couvert,Deux véhicules - arrière,,,,,,,,,,,5,2,4,8,2
200700079757,0007-12-10 18:05:00,7,12,10,18,5,930,33,PAUL DOUMER (AVENUE),,,Nuit avec éclairage allumé,En agglomération,Hors intersection,Pluie forte,Autre collision,,,,,,,,,,,5,2,1,3,6
200700079758,0007-12-11 08:15:00,7,12,11,8,15,930,51,MONT D'EST (BD),,,Plein jour,En agglomération,Giratoire,Normale,Autre collision,,,,,,,,,,,1,2,6,1,6
200700079759,0007-12-14 16:35:00,7,12,14,16,35,930,51,BEAUSEJOUR,,,Plein jour,En agglomération,Intersection en T,Normale,Deux véhicules - côté,,,,,,,,,,,1,2,3,1,3
200700079760,0007-12-14 20:25:00,7,12,14,20,25,930,51,EMILE COSSONNEAU (AVE),,,Nuit avec éclairage allumé,En agglomération,Hors intersection,Normale,Deux véhicules - arrière,,,,,,,,,,,5,2,1,1,2
200700079761,0007-12-18 10:25:00,7,12,18,10,25,930,51,"13, DOCTEUR SUREAU",,,Plein jour,En agglomération,Hors intersection,Normale,Deux véhicules - arrière,,,,,,,,,,,1,2,1,1,2
200700079762,0007-12-21 09:43:00,7,12,21,9,43,930,51,EMILE COSSONNEAU (AVE),,,Plein jour,En agglomération,Intersection en X,Normale,Autre collision,,,,,,,,,,,1,2,2,1,6
200700079763,0007-12-21 15:20:00,7,12,21,15,20,930,33,"8, PAUL DOUMER (AVENUE)",,,Plein jour,En agglomération,Hors intersection,Normale,Deux véhicules - arrière,,,,,,,,,,,1,2,1,1,2
200700079764,0007-12-26 13:25:00,7,12,26,13,25,930,51,"46, ARMAND GUNDHARDT",,,Plein jour,En agglomération,Hors intersection,Temps couvert,Autre collision,,,,,,,,,,,1,2,1,8,6
200700079765,0007-12-26 15:40:00,7,12,26,15,40,930,51,CHAPELLE,,,Plein jour,En agglomération,Intersection en T,Temps couvert,Deux véhicules - côté,,,,,,,,,,,1,2,3,8,3
200700079766,0007-12-28 08:25:00,7,12,28,8,25,930,51,RU DE NESLE (BOULEVARD),,,Nuit avec éclairage allumé,En agglomération,Hors intersection,Brouillard / fumée,Deux véhicules - côté,,,,,,,,,,,5,2,1,5,3
200700079767,0007-12-04 17:55:00,7,12,4,17,55,930,53,"133, ANATOLE FRANCE (RUE",,,Nuit avec éclairage allumé,En agglomération,Hors intersection,Temps couvert,Autre collision,,,,,,,,,,,5,2,1,8,6
200700079768,0007-12-11 20:15:00,7,12,11,20,15,930,53,"90, MICHELET (BLD) N° 82",,,Nuit avec éclairage allumé,En agglomération,Hors intersection,Normale,Trois véhicules et plus - collisions multiples,,,,,,,,,,,5,2,1,1,5
200700079769,0007-12-13 13:05:00,7,12,13,13,5,930,53,"34, PARC (RUE DU)",,,Plein jour,En agglomération,Hors intersection,Normale,Autre collision,,,,,,,,,,,1,2,1,1,6