accident_id,datetime,annee,mois,jour,heure,minute,departement,commune_insee,adresse,latitude,longitude,luminosite,agglomeration,intersection,meteo,collision,nb_vehicules,nb_usagers,nb_indemnes,nb_tues,nb_blesses_hosp,nb_blesses_legers,age_cond_1,age_cond_2,veh_type_cond_1,veh_type_cond_2,lum_code,agg_code,int_code,atm_code,col_code
200700079770,0007-12-14 22:15:00,7,12,14,22,15,930,53,ELSA TRIOLET (RUE),,,Nuit avec éclairage allumé,En agglomération,Hors intersection,Normale,Autre collision,,,,,,,,,,,5,2,1,1,6
200700079771,0007-12-21 08:15:00,7,12,21,8,15,930,53,"9999999999, GENERAL DE G",,,Crépuscule ou aube,En agglomération,Giratoire,Temps couvert,Autre collision,,,,,,,,,,,2,2,6,8,6
200700079772,0007-12-21 15:25:00,7,12,21,15,25,930,53,"3, GAGNY (AVENUE DE)",,,Plein jour,En agglomération,Intersection en X,Normale,Deux véhicules - côté,,,,,,,,,,,1,2,2,1,3
200700079773,0007-12-12 18:05:00,7,12,12,18,5,930,55,"146, JEAN LOLIVE (AVENUE",,,Nuit avec éclairage allumé,En agglomération,Hors intersection,Normale,Deux véhicules - côté,,,,,,,,,,,5,2,1,1,3
200700079774,0007-12-12 18:30:00,7,12,12,18,30,930,55,"41, DELIZY (DU 23 A FIN",,,Nuit avec éclairage allumé,En agglomération,Intersection en X,Normale,Deux véhicules - côté,,,,,,,,,,,5,2,2,1,3
200700079775,0007-12-25 19:55:00,7,12,25,19,55,930,55,JEAN LOLIVE (AVENUE)(1/5,,,Nuit avec éclairage allumé,En agglomération,Hors intersection,Normale,Autre collision,,,,,,,,,,,5,2,1,1,6
200700079776,0007-12-28 15:10:00,7,12,28,15,10,930,55,"32, JEAN JAURES (AVENUE)",,,Plein jour,En agglomération,Hors intersection,Normale,Autre collision,,,,,,,,,,,1,2,1,1,6
200700079777,0007-12-02 20:15:00,7,12,2,20,15,930,14,"71 bis, CHAPELLE (ALLEE",,,Nuit avec éclairage allumé,En agglomération,Hors intersection,Pluie légère,Autre collision,,,,,,,,,,,5,2,1,2,6
200700079778,0007-12-05 17:55:00,7,12,5,17,55,930,14,ETIENNE LAURENT (ALLEE),,,Nuit avec éclairage allumé,En agglomération,Intersection en T,Normale,Autre collision,,,,,,,,,,,5,2,3,1,6
200700079779,0007-12-08 16:30:00,7,12,8,16,30,930,62,"38, MIDI (BOULEVARD DU)",,,Nuit avec éclairage allumé,En agglomération,Hors intersection,Pluie forte,Deux véhicules - arrière,,,,,,,,,,,5,2,1,3,2
200700079780,0007-12-15 07:25:00,7,12,15,7,25,930,62,RESISTANCE (AVENUE DE LA,,,Nuit avec éclairage allumé,En agglomération,Intersection en X,Normale,Deux véhicules - côté,,,,,,,,,,,5,2,2,1,3
200700079781,0007-12-22 02:18:00,7,12,22,2,18,930,62,"7, NORD (BOULEVARD DU)",,,Nuit avec éclairage allumé,En agglomération,Hors intersection,Autre,Autre collision,,,,,,,,,,,5,2,1,9,6
200700079782,0007-12-01 14:05:00,7,12,1,14,5,930,64,"96, LECLERC (RUE DU GENE",,,Plein jour,En agglomération,Hors intersection,Normale,Deux véhicules - arrière,,,,,,,,,,,1,2,1,1,2
200700079783,0007-12-03 08:50:00,7,12,3,8,50,930,77,"00, VIEVILLE (RUE MARC)",,,Crépuscule ou aube,En agglomération,Intersection en X,Normale,Deux véhicules - côté,,,,,,,,,,,2,2,2,1,3
200700079784,0007-12-03 19:40:00,7,12,3,19,40,930,64,"00, LECLERC (RUE DU GENE",,,Nuit avec éclairage allumé,En agglomération,Intersection en Y,Normale,Deux véhicules - arrière,,,,,,,,,,,5,2,4,1,2
200700079785,0007-12-05 14:40:00,7,12,5,14,40,930,77,"00, AIME (RUE)",,,Plein jour,En agglomération,Intersection à plus de 4 branches,Pluie forte,Deux véhicules - côté,,,,,,,,,,,1,2,5,3,3
200700079786,0007-12-08 15:10:00,7,12,8,15,10,930,77,"00, ROSNY (AVENUE DE)",,,Plein jour,En agglomération,Hors intersection,Pluie légère,Sans collision,,,,,,,,,,,1,2,1,2,7
200700079787,0007-12-12 20:00:00,7,12,12,20,0,930,64,"114, PERI (BOULEVARD GAB",,,Nuit avec éclairage allumé,En agglomération,Hors intersection,Normale,Trois véhicules et plus - en chaîne,,,,,,,,,,,5,2,1,1,4
200700079788,0007-12-29 21:30:00,7,12,29,21,30,930,77,"00, NOISY (ROUTE DE)",,,Nuit avec éclairage allumé,En agglomération,Intersection en X,Normale,Deux véhicules - côté,,,,,,,,,,,5,2,2,1,3
200700079789,0007-12-31 16:45:00,7,12,31,16,45,930,77,"00, CHARTON (RUE R ET P)",,,Crépuscule ou aube,En agglomération,Intersection en X,Normale,Deux véhicules - côté,,,,,,,,,,,2,2,2,1,3
200700079790,0007-12-04 12:45:00,7,12,4,12,45,930,66,COKERIE,,,Plein jour,En agglomération,Hors intersection,Normale,Deux véhicules - côté,,,,,,,,,,,1,2,1,1,3
200700079791,0007-12-19 19:45:00,7,12,19,19,45,930,66,FRANCE ANATOLE ENTREE A1,,,Nuit avec éclairage allumé,En agglomération,Hors intersection,Autre,Autre collision,,,,,,,,,,,5,2,1,9,6
200700079792,0007-12-21 14:05:00,7,12,21,14,5,930,66,"177, WILSON (AVENUE DU P",,,Plein jour,En agglomération,Hors intersection,Normale,Sans collision,,,,,,,,,,,1,2,1,1,7
200700079793,0007-12-21 21:50:00,7,12,21,21,50,930,66,DROITS DE L'HOMME,,,Nuit avec éclairage allumé,En agglomération,Hors intersection,Normale,Sans collision,,,,,,,,,,,5,2,1,1,7
200700079794,0007-12-22 22:20:00,7,12,22,22,20,930,66,"264, WILSON (AVENUE DU P",,,Nuit avec éclairage allumé,En agglomération,Intersection en X,Temps couvert,Deux véhicules - côté,,,,,,,,,,,5,2,2,8,3
200700079795,0007-12-03 10:50:00,7,12,3,10,50,930,39,MARINE (QUAI DE LA ),,,Plein jour,En agglomération,Hors intersection,Normale,Sans collision,,,,,,,,,,,1,2,1,1,7
200700079796,0007-12-03 14:15:00,7,12,3,14,15,930,66,VAILLANT COUTURIER PAUL,,,Plein jour,En agglomération,Intersection en T,Normale,Deux véhicules - côté,,,,,,,,,,,1,2,3,1,3
200700079797,0007-12-03 17:15:00,7,12,3,17,15,930,66,GAMBON CHRISTINO,,,Nuit avec éclairage allumé,En agglomération,Hors intersection,Normale,Autre collision,,,,,,,,,,,5,2,1,1,6
200700079798,0007-12-05 11:15:00,7,12,5,11,15,930,66,REPUBLIQUE,,,Plein jour,En agglomération,Hors intersection,Autre,Autre collision,,,,,,,,,,,1,2,1,9,6
200700079799,0007-12-06 14:10:00,7,12,6,14,10,930,66,"9, COLONEL FABIEN (AVENU",,,Plein jour,En agglomération,Hors intersection,Pluie forte,Deux véhicules - arrière,,,,,,,,,,,1,2,1,3,2
200700079800,0007-12-07 21:15:00,7,12,7,21,15,930,66,REPUBLIQUE,,,Nuit avec éclairage allumé,En agglomération,Hors intersection,Pluie légère,Sans collision,,,,,,,,,,,5,2,1,2,7
200700079801,0007-12-09 00:55:00,7,12,9,0,55,930,66,"03, FORT DE LA BRICHE",,,Nuit avec éclairage allumé,En agglomération,Intersection en T,Pluie légère,Deux véhicules - côté,,,,,,,,,,,5,2,3,2,3
200700079802,0007-12-10 17:40:00,7,12,10,17,40,930,66,LENINE (AVENUE) NR 2 A 2,,,Nuit avec éclairage allumé,En agglomération,Hors intersection,Pluie légère,Deux véhicules - arrière,,,,,,,,,,,5,2,1,2,2
200700079803,0007-12-11 11:35:00,7,12,11,11,35,930,66,DIX NEUF MARS 1962,,,Plein jour,En agglomération,Autre intersection,Normale,Sans collision,,,,,,,,,,,1,2,9,1,7
200700079804,0007-12-11 19:45:00,7,12,11,19,45,930,66,"10, ""PERI GABRIEL, NR 2",,,Nuit avec éclairage allumé,En agglomération,Hors intersection,Pluie légère,Autre collision,,,,,,,,,,,5,2,1,2,6
200700079805,0007-12-11 20:00:00,7,12,11,20,0,930,66,"50, ""STRASBOURG, NR 36 E",,,Nuit avec éclairage allumé,En agglomération,Hors intersection,Pluie légère,Trois véhicules et plus - collisions multiples,,,,,,,,,,,5,2,1,2,5
200700079806,0007-12-12 11:00:00,7,12,12,11,0,930,66,"51, ROLLAND ROMAIN (AVEN",,,Plein jour,En agglomération,Hors intersection,Autre,Deux véhicules - arrière,,,,,,,,,,,1,2,1,9,2
200700079807,0007-12-12 19:20:00,7,12,12,19,20,930,66,MOULIN BASSET (CHEMIN),,,Nuit avec éclairage allumé,En agglomération,Hors intersection,Normale,Autre collision,,,,,,,,,,,5,2,1,1,6
200700079808,0007-12-14 05:45:00,7,12,14,5,45,930,66,"22, SEMAT ROGER",,,Nuit avec éclairage allumé,En agglomération,Hors intersection,Temps couvert,Deux véhicules - côté,,,,,,,,,,,5,2,1,8,3
200700079809,0007-12-19 03:40:00,7,12,19,3,40,930,66,POULBOT FRANCISQUE,,,Nuit avec éclairage allumé,En agglomération,Intersection en X,Normale,Deux véhicules - arrière,,,,,,,,,,,5,2,2,1,2
200700079810,0007-12-19 15:55:00,7,12,19,15,55,930,66,"69, ""LANDY RD 20, NR PAI",,,Plein jour,En agglomération,Autre intersection,Normale,Autre collision,,,,,,,,,,,1,2,9,1,6
200700079811,0007-12-19 17:50:00,7,12,19,17,50,930,66,"113, CASANOVA DANIELLE N",,,Nuit avec éclairage allumé,En agglomération,Hors intersection,Normale,Autre collision,,,,,,,,,,,5,2,1,1,6
200700079812,0007-12-19 19:15:00,7,12,19,19,15,930,66,"37, ""SEMBAT MARCEL (BD),",,,Nuit avec éclairage allumé,En agglomération,Hors intersection,Normale,Autre collision,,,,,,,,,,,5,2,1,1,6
200700079813,0007-12-20 17:55:00,7,12,20,17,55,930,66,MOULIN JEAN (AVE) NR 10,,,Crépuscule ou aube,En agglomération,Hors intersection,Autre,Autre collision,,,,,,,,,,,2,2,1,9,6
200700079814,0007-12-23 17:15:00,7,12,23,17,15,930,66,MOULIN JEAN (AVENUE) NR,,,Nuit avec éclairage allumé,En agglomération,Hors intersection,Normale,Deux véhicules - côté,,,,,,,,,,,5,2,1,1,3
200700079815,0007-12-23 21:15:00,7,12,23,21,15,930,66,FORT DE LA BRICHE,,,Nuit avec éclairage allumé,Hors agglomération,Hors intersection,Autre,Deux véhicules - arrière,,,,,,,,,,,5,1,1,9,2
200700079816,0007-12-24 21:15:00,7,12,24,21,15,930,66,COURNEUVE (ROUTE),,,Nuit avec éclairage allumé,En agglomération,Intersection en T,Normale,Deux véhicules - côté,,,,,,,,,,,5,2,3,1,3
200700079817,0007-12-29 17:45:00,7,12,29,17,45,930,66,"82, ""SEMBAT MARCEL (BD),",,,Nuit avec éclairage allumé,En agglomération,Autre intersection,Pluie légère,Autre collision,,,,,,,,,,,5,2,9,2,6
200700079818,0007-12-30 08:35:00,7,12,30,8,35,930,66,"0.000, MICHELS CHARLES",,,Crépuscule ou aube,En agglomération,Hors intersection,Autre,Deux véhicules - arrière,,,,,,,,,,,2,2,1,9,2
200700079819,0007-12-29 20:15:00,7,12,29,20,15,930,66,LIBERATION RD14 (BOULEVA,,,Nuit avec éclairage allumé,En agglomération,Hors intersection,Normale,Trois véhicules et plus - collisions multiples,,,,,,,,,,,5,2,1,1,5
200700079820,0007-12-04 18:20:00,7,12,4,18,20,930,70,"122, MICHELET(AV):N°1AU",,,Nuit avec éclairage allumé,En agglomération,Intersection en T,Temps couvert,Sans collision,,,,,,,,,,,5,2,3,8,7
200700079821,0007-12-19 17:35:00,7,12,19,17,35,930,70,"75, MICHELET (AVE) : DU",,,Nuit avec éclairage allumé,En agglomération,Intersection en X,Normale,Sans collision,,,,,,,,,,,5,2,2,1,7
200700079822,0007-12-01 22:10:00,7,12,1,22,10,930,71,JOHN F. KENNEDY (AVENUE),,,Nuit avec éclairage allumé,En agglomération,Hors intersection,Pluie légère,Deux véhicules - côté,,,,,,,,,,,5,2,1,2,3
200700079823,0007-12-04 12:05:00,7,12,4,12,5,930,71,"1, GABRIEL PERI (RUE)",,,Plein jour,En agglomération,Hors intersection,Temps couvert,Sans collision,,,,,,,,,,,1,2,1,8,7
200700079824,0007-12-31 17:45:00,7,12,31,17,45,930,71,COMMANDANT CHARCOT (AVEN,,,Crépuscule ou aube,En agglomération,Hors intersection,Normale,Autre collision,,,,,,,,,,,2,2,1,1,6
200700079825,0007-12-02 14:30:00,7,12,2,14,30,930,59,"204, ELYSEE RECLUS (AVEN",,,Plein jour,En agglomération,Hors intersection,Pluie légère,Trois véhicules et plus - en chaîne,,,,,,,,,,,1,2,1,2,4
200700079826,0007-12-01 23:30:00,7,12,1,23,30,930,59,"14, LENINE (AVENUE) N°2A",,,Nuit avec éclairage allumé,En agglomération,Hors intersection,Pluie légère,Deux véhicules - arrière,,,,,,,,,,,5,2,1,2,2
200700079827,0007-12-26 18:00:00,7,12,26,18,0,930,72,"47, MARCEL CACHIN (AVENU",,,Nuit avec éclairage allumé,En agglomération,Hors intersection,Normale,Autre collision,,,,,,,,,,,5,2,1,1,6
200700079828,0007-12-16 09:40:00,7,12,16,9,40,930,59,"0, PIERRE BROSSOLETTE (R",,,Plein jour,En agglomération,Hors intersection,Normale,Autre collision,,,,,,,,,,,1,2,1,1,6
200700079829,0007-12-30 14:45:00,7,12,30,14,45,930,72,"0, PIERRE DE GEYTER (RUE",,,Plein jour,En agglomération,Intersection en X,Normale,Deux véhicules - arrière,,,,,,,,,,,1,2,2,1,2
200700079830,0007-12-30 15:00:00,7,12,30,15,0,930,72,"33, JULES GUESDE (AVENUE",,,Plein jour,En agglomération,Hors intersection,Normale,Deux véhicules - arrière,,,,,,,,,,,1,2,1,1,2
200700079831,0007-12-03 19:30:00,7,12,3,19,30,930,72,"81, MAXIME GORKI (BOULEV",,,Nuit avec éclairage allumé,En agglomération,Hors intersection,Pluie légère,Autre collision,,,,,,,,,,,5,2,1,2,6
200700079832,0007-12-09 12:00:00,7,12,9,12,0,930,72,"66, STALINGRAD (AVENUE)",,,Plein jour,En agglomération,Intersection en T,Normale,Autre collision,,,,,,,,,,,1,2,3,1,6
200700079833,0007-12-18 19:15:00,7,12,18,19,15,930,73,"0.000, PICARDIE (RUE DE)",,,Nuit avec éclairage allumé,En agglomération,Intersection en X,Autre,Deux véhicules - côté,,,,,,,,,,,5,2,2,9,3
200700079834,0007-12-19 16:30:00,7,12,19,16,30,930,73,"0.000, VILLEPINTE (ROUTE",,,Crépuscule ou aube,En agglomération,Hors intersection,Temps éblouissant,Deux véhicules - côté,,,,,,,,,,,2,2,1,7,3
200700079835,0007-12-20 18:00:00,7,12,20,18,0,930,73,BLUM (RUE LEON),,,Nuit avec éclairage allumé,En agglomération,Intersection en T,Normale,Sans collision,,,,,,,,,,,5,2,3,1,7
200700079836,0007-12-22 10:45:00,7,12,22,10,45,930,73,BOIS (AVENUE DU),,,Plein jour,En agglomération,Intersection en X,Temps éblouissant,Deux véhicules - côté,,,,,,,,,,,1,2,2,7,3
200700079837,0007-12-27 20:40:00,7,12,27,20,40,930,73,"1, BLUM (RUE LEON)",,,Nuit sans éclairage public,En agglomération,Hors intersection,Normale,Autre collision,,,,,,,,,,,3,2,1,1,6
200700079838,0007-12-28 22:20:00,7,12,28,22,20,930,73,"150, PETITS PONTS (ROUTE",,,Nuit avec éclairage allumé,En agglomération,Hors intersection,Pluie légère,Sans collision,,,,,,,,,,,5,2,1,2,7
200700079839,0007-12-06 16:30:00,7,12,6,16,30,940,2,"97, ETIENNE DOLET (R)",,,Nuit avec éclairage allumé,En agglomération,Hors intersection,Pluie légère,Sans collision,,,,,,,,,,,5,2,1,2,7
200700079840,0007-12-10 22:10:00,7,12,10,22,10,940,2,"0, BLANQUI (QU)",,,Nuit avec éclairage allumé,En agglomération,Intersection en X,Normale,Deux véhicules - frontale,,,,,,,,,,,5,2,2,1,1
200700079841,0007-12-10 21:40:00,7,12,10,21,40,940,2,"0, BLANQUI (QU)",,,Nuit avec éclairage allumé,En agglomération,Intersection en T,Pluie légère,Deux véhicules - côté,,,,,,,,,,,5,2,3,2,3
200700079842,0007-12-05 09:15:00,7,12,5,9,15,940,70,LIBERATION (R DE LA),,,Plein jour,En agglomération,Autre intersection,Normale,Deux véhicules - côté,,,,,,,,,,,1,2,9,1,3
200700079843,0007-12-07 17:55:00,7,12,7,17,55,940,75,LIEUTENANT DAGORNO (R DU,,,Nuit avec éclairage allumé,En agglomération,Intersection en Y,Pluie légère,Autre collision,,,,,,,,,,,5,2,4,2,6
200700079844,0007-12-12 10:00:00,7,12,12,10,0,940,4,VALENTON (R DE),,,Plein jour,En agglomération,Intersection en T,Autre,Deux véhicules - arrière,,,,,,,,,,,1,2,3,9,2
200700079845,0007-12-12 19:00:00,7,12,12,19,0,940,70,PARIS (RTE DE),,,Nuit avec éclairage allumé,Hors agglomération,Intersection en T,Autre,Deux véhicules - arrière,,,,,,,,,,,5,1,3,9,2
200700079846,0007-12-10 20:40:00,7,12,10,20,40,940,44,VERDUN (AV DE),,,Nuit avec éclairage allumé,En agglomération,Intersection en X,Pluie légère,Deux véhicules - frontale,,,,,,,,,,,5,2,2,2,1
200700079847,0007-12-18 07:30:00,7,12,18,7,30,940,4,GENERAL LECLERC (AV DU),,,Crépuscule ou aube,En agglomération,Hors intersection,Brouillard / fumée,Deux véhicules - côté,,,,,,,,,,,2,2,1,5,3
200700079848,0007-12-20 19:05:00,7,12,20,19,5,940,4,GENERAL LECLERC (AV),,,Nuit avec éclairage allumé,En agglomération,Hors intersection,Autre,Deux véhicules - arrière,,,,,,,,,,,5,2,1,9,2
200700079849,0007-12-07 17:20:00,7,12,7,17,20,940,75,"32, MERLES (R DES)",,,Nuit sans éclairage public,En agglomération,Hors intersection,Pluie légère,Autre collision,,,,,,,,,,,3,2,1,2,6
200700079850,0007-12-11 14:30:00,7,12,11,14,30,940,70,PARIS (RTE DE),,,Plein jour,Hors agglomération,Hors intersection,Temps couvert,Trois véhicules et plus - collisions multiples,,,,,,,,,,,1,1,1,8,5
200700079851,0007-12-21 18:40:00,7,12,21,18,40,940,75,GRANGE (RTE DE LA),,,Nuit avec éclairage allumé,Hors agglomération,Autre intersection,Normale,Deux véhicules - côté,,,,,,,,,,,5,1,9,1,3
200700079852,0007-12-09 17:00:00,7,12,9,17,0,940,17,REPUBLIQUE (AV DE LA),,,Nuit avec éclairage allumé,En agglomération,Intersection en X,Pluie forte,Autre collision,,,,,,,,,,,5,2,2,3,6
200700079853,0007-12-10 08:00:00,7,12,10,8,0,940,17,PLESSIS TREVISE (R DU),,,Crépuscule ou aube,En agglomération,Intersection en X,Pluie légère,Deux véhicules - côté,,,,,,,,,,,2,2,2,2,3
200700079854,0007-12-10 18:20:00,7,12,10,18,20,940,17,ROGER SALENGRO (AV),,,Nuit avec éclairage allumé,En agglomération,Hors intersection,Normale,Deux véhicules - côté,,,,,,,,,,,5,2,1,1,3
200700079855,0007-12-18 10:15:00,7,12,18,10,15,940,17,"160, GENERAL DE GAULLE (",,,Plein jour,En agglomération,Hors intersection,Normale,Deux véhicules - côté,,,,,,,,,,,1,2,1,1,3
200700079856,0007-12-20 16:30:00,7,12,20,16,30,940,17,"1, MUSSELBURGH (R DE)",,,Plein jour,En agglomération,Intersection en X,Normale,Deux véhicules - côté,,,,,,,,,,,1,2,2,1,3
200700079857,0007-12-21 08:20:00,7,12,21,8,20,940,17,STALINGRAD (BD DE),,,Crépuscule ou aube,En agglomération,Hors intersection,Normale,Autre collision,,,,,,,,,,,2,2,1,1,6
200700079858,0007-12-27 20:35:00,7,12,27,20,35,940,17,"77, SALVADOR ALLENDE (AV",,,Nuit avec éclairage allumé,En agglomération,Hors intersection,Autre,Autre collision,,,,,,,,,,,5,2,1,9,6
200700079859,0007-12-28 07:40:00,7,12,28,7,40,940,17,"26, ROGER SALENGRO (AV)",,,Crépuscule ou aube,En agglomération,Hors intersection,Normale,Deux véhicules - côté,,,,,,,,,,,2,2,1,1,3
200700079860,0007-12-28 20:40:00,7,12,28,20,40,940,17,JEAN JAURES (R),,,Nuit avec éclairage allumé,En agglomération,Hors intersection,Normale,Deux véhicules - côté,,,,,,,,,,,5,2,1,1,3
200700079861,0007-12-14 09:45:00,7,12,14,9,45,940,18,GRAVELLE (AV DE),,,Plein jour,En agglomération,Intersection en T,Normale,Autre collision,,,,,,,,,,,1,2,3,1,6
200700079862,0007-12-10 18:20:00,7,12,10,18,20,940,18,"7, BERCY (QU DE)",,,Nuit avec éclairage allumé,En agglomération,Hors intersection,Pluie légère,Autre collision,,,,,,,,,,,5,2,1,2,6
200700079863,0007-12-03 11:30:00,7,12,3,11,30,940,18,"09, GRAVELLE (AV DE)",,,Plein jour,En agglomération,Intersection en T,Normale,Deux véhicules - côté,,,,,,,,,,,1,2,3,1,3
200700079864,0007-12-04 08:15:00,7,12,4,8,15,940,59,"00, Andre Rouy (AV)",,,Plein jour,Hors agglomération,Hors intersection,Normale,Sans collision,,,,,,,,,,,1,1,1,1,7
200700079865,0007-12-07 10:35:00,7,12,7,10,35,940,19,"0, PONT (R DU)",,,Plein jour,En agglomération,Hors intersection,Pluie légère,Autre collision,,,,,,,,,,,1,2,1,2,6
200700079866,0007-12-09 12:05:00,7,12,9,12,5,940,79,"00, FRIEDBERG (BD DE)",,,Plein jour,En agglomération,Intersection en X,Normale,Deux véhicules - côté,,,,,,,,,,,1,2,2,1,3
200700079867,0007-12-13 07:45:00,7,12,13,7,45,940,59,"00, GENERAL LECLERC (AV",,,Nuit avec éclairage allumé,En agglomération,Intersection en X,Normale,Sans collision,,,,,,,,,,,5,2,2,1,7
200700079868,0007-12-16 11:35:00,7,12,16,11,35,940,19,"65, LIBERATION (RTE DE L",,,Plein jour,En agglomération,Hors intersection,Normale,Autre collision,,,,,,,,,,,1,2,1,1,6
200700079869,0007-12-16 17:05:00,7,12,16,17,5,940,53,"17, GENERAL DE GAULLE (R",,,Crépuscule ou aube,En agglomération,Hors intersection,Normale,Deux véhicules - frontale,,,,,,,,,,,2,2,1,1,1
200700079870,0007-12-07 17:05:00,7,12,7,17,5,940,55,"00, CENTRE (R DU)",,,Crépuscule ou aube,En agglomération,Hors intersection,Normale,Sans collision,,,,,,,,,,,2,2,1,1,7
200700079871,0007-12-02 21:20:00,7,12,2,21,20,940,22,"126, STALINGRAD (BD DE)",,,Crépuscule ou aube,En agglomération,Hors intersection,Normale,Autre collision,,,,,,,,,,,2,2,1,1,6
200700079872,0007-12-03 10:45:00,7,12,3,10,45,940,22,"31, ALLIES (BD DES)",,,Plein jour,En agglomération,Hors intersection,Pluie légère,Deux véhicules - arrière,,,,,,,,,,,1,2,1,2,2
200700079873,0007-12-07 06:10:00,7,12,7,6,10,940,22,"0, FOLIE (AV DE LA)",,,Crépuscule ou aube,En agglomération,Hors intersection,Pluie légère,Autre collision,,,,,,,,,,,2,2,1,2,6
200700079874,0007-12-07 08:45:00,7,12,7,8,45,940,22,", STALINGRAD (BD DE)",,,Crépuscule ou aube,En agglomération,Intersection en X,Pluie légère,Deux véhicules - côté,,,,,,,,,,,2,2,2,2,3
200700079875,0007-12-08 18:10:00,7,12,8,18,10,940,22,LUGO (AV DE),,,Nuit avec éclairage non allumé,En agglomération,Hors intersection,Normale,Trois véhicules et plus - en chaîne,,,,,,,,,,,4,2,1,1,4
200700079876,0007-12-09 06:25:00,7,12,9,6,25,940,22,"0, LUGO (AV DE)",,,Crépuscule ou aube,En agglomération,Hors intersection,Pluie légère,Trois véhicules et plus - en chaîne,,,,,,,,,,,2,2,1,2,4
200700079877,0007-12-11 20:55:00,7,12,11,20,55,940,78,PARIS (R DE),,,Nuit avec éclairage allumé,En agglomération,Intersection en X,Temps couvert,Deux véhicules - côté,,,,,,,,,,,5,2,2,8,3
200700079878,0007-12-01 17:25:00,7,12,1,17,25,940,28,BROSSOLETTE(AVENUE PIERR,,,Plein jour,En agglomération,Hors intersection,Normale,Autre collision,,,,,,,,,,,1,2,1,1,6
200700079879,0007-12-01 09:08:00,7,12,1,9,8,940,28,"0, GAULLE(AVENUE DU GENE",,,Crépuscule ou aube,En agglomération,Hors intersection,Normale,Deux véhicules - côté,,,,,,,,,,,2,2,1,1,3
200700079880,0007-12-04 08:00:00,7,12,4,8,0,940,28,"0, HALPERN.(AVENUE BERNA",,,Nuit avec éclairage allumé,En agglomération,Hors intersection,Normale,Sans collision,,,,,,,,,,,5,2,1,1,7
200700079881,0007-12-04 12:20:00,7,12,4,12,20,940,28,"0, LECLERC.(RUE DU GENER",,,Plein jour,En agglomération,Hors intersection,Normale,Sans collision,,,,,,,,,,,1,2,1,1,7
200700079882,0007-12-04 08:01:00,7,12,4,8,1,940,28,"0, TASSIGNY(AVE DU MAREC",,,Nuit avec éclairage allumé,En agglomération,Hors intersection,Normale,Deux véhicules - frontale,,,,,,,,,,,5,2,1,1,1
200700079883,0007-12-05 21:20:00,7,12,5,21,20,940,28,"88, CHERET(RUE ET IMPASS",,,Nuit avec éclairage allumé,En agglomération,Hors intersection,Normale,Autre collision,,,,,,,,,,,5,2,1,1,6
200700079884,0007-12-09 19:35:00,7,12,9,19,35,940,28,"0, FRANCE LIBRE(AVENUE D",,,Nuit avec éclairage allumé,En agglomération,Hors intersection,Normale,Deux véhicules - côté,,,,,,,,,,,5,2,1,1,3
200700079885,0007-12-08 01:15:00,7,12,8,1,15,940,28,"0, FOCH(AVENUE DU MARECH",,,Nuit avec éclairage allumé,En agglomération,Hors intersection,Pluie légère,Deux véhicules - côté,,,,,,,,,,,5,2,1,2,3
200700079886,0007-12-06 09:05:00,7,12,6,9,5,940,28,"0, POMPADOUR(ROUTE DE LA",,,Plein jour,En agglomération,Hors intersection,Normale,Sans collision,,,,,,,,,,,1,2,1,1,7
200700079887,0007-12-10 14:15:00,7,12,10,14,15,940,28,"75, VERDUN.(AVENUE DE)",,,Plein jour,En agglomération,Hors intersection,Normale,Sans collision,,,,,,,,,,,1,2,1,1,7
200700079888,0007-12-11 11:00:00,7,12,11,11,0,940,28,"0, FOCH(AVENUE DU MARECH",,,Plein jour,En agglomération,Hors intersection,Normale,Sans collision,,,,,,,,,,,1,2,1,1,7
200700079889,0007-12-12 07:10:00,7,12,12,7,10,940,28,"0, VERDUN (AV DE)",,,Crépuscule ou aube,En agglomération,Hors intersection,Normale,Autre collision,,,,,,,,,,,2,2,1,1,6
200700079890,0007-12-12 09:00:00,7,12,12,9,0,940,11,"0, PASTEUR.(AVENUE)",,,Plein jour,En agglomération,Hors intersection,Normale,Autre collision,,,,,,,,,,,1,2,1,1,6
200700079891,0007-12-12 08:20:00,7,12,12,8,20,940,28,"0, TASSIGNY(AVE DU MAREC",,,Plein jour,En agglomération,Hors intersection,Autre,Sans collision,,,,,,,,,,,1,2,1,9,7
200700079892,0007-12-13 15:30:00,7,12,13,15,30,940,28,"0, JEU DE PAUME(RUE DU)",,,Plein jour,En agglomération,Hors intersection,Normale,Sans collision,,,,,,,,,,,1,2,1,1,7
200700079893,0007-12-13 20:40:00,7,12,13,20,40,940,28,"0, TASSIGNY(AVE DU MAREC",,,Nuit avec éclairage allumé,En agglomération,Hors intersection,Normale,Deux véhicules - arrière,,,,,,,,,,,5,2,1,1,2
200700079894,0007-12-13 16:40:00,7,12,13,16,40,940,11,"33, MOULIN BATEAU.(RUE D",,,Crépuscule ou aube,En agglomération,Hors intersection,Normale,Deux véhicules - côté,,,,,,,,,,,2,2,1,1,3
200700079895,0007-12-14 08:15:00,7,12,14,8,15,940,28,"00, BASSINS.(CHEMIN DES)",,,Crépuscule ou aube,En agglomération,Hors intersection,Normale,Sans collision,,,,,,,,,,,2,2,1,1,7
200700079896,0007-12-19 13:20:00,7,12,19,13,20,940,11,"01, BOISSY.(AVENUE DE)",,,Plein jour,En agglomération,Hors intersection,Normale,Deux véhicules - arrière,,,,,,,,,,,1,2,1,1,2