accident_id,datetime,annee,mois,jour,heure,minute,departement,commune_insee,adresse,latitude,longitude,luminosite,agglomeration,intersection,meteo,collision,nb_vehicules,nb_usagers,nb_indemnes,nb_tues,nb_blesses_hosp,nb_blesses_legers,age_cond_1,age_cond_2,veh_type_cond_1,veh_type_cond_2,lum_code,agg_code,int_code,atm_code,col_code
200700079897,0007-12-19 18:00:00,7,12,19,18,0,940,28,"30, MECHES.(RUE DES)",,,Nuit avec éclairage allumé,En agglomération,Hors intersection,Normale,Deux véhicules - arrière,,,,,,,,,,,5,2,1,1,2
200700079898,0007-12-19 18:15:00,7,12,19,18,15,940,28,"61, GAULLE(AVENUE DU GEN",,,Nuit avec éclairage allumé,En agglomération,Hors intersection,Normale,Sans collision,,,,,,,,,,,5,2,1,1,7
200700079899,0007-12-20 18:30:00,7,12,20,18,30,940,11,"0, BOISSY.(AVENUE DE)",,,Nuit avec éclairage allumé,En agglomération,Hors intersection,Normale,Deux véhicules - côté,,,,,,,,,,,5,2,1,1,3
200700079900,0007-12-20 12:00:00,7,12,20,12,0,940,28,"0, POMPADOUR(CARREFOUR)",,,Plein jour,En agglomération,Hors intersection,Normale,Sans collision,,,,,,,,,,,1,2,1,1,7
200700079901,0007-12-21 22:05:00,7,12,21,22,5,940,28,"0, HALPERN.(AVENUE BERNA",,,Nuit avec éclairage allumé,En agglomération,Hors intersection,Normale,Deux véhicules - côté,,,,,,,,,,,5,2,1,1,3
200700079902,0007-12-29 00:20:00,7,12,29,0,20,940,28,DUVAUCHEL(STADE),,,Nuit avec éclairage allumé,En agglomération,Hors intersection,Normale,Deux véhicules - côté,,,,,,,,,,,5,2,1,1,3
200700079903,0007-12-05 18:50:00,7,12,5,18,50,940,33,"88, REPUBLIQUE (AV DE LA",,,Nuit avec éclairage allumé,En agglomération,Hors intersection,Pluie légère,Deux véhicules - arrière,,,,,,,,,,,5,2,1,2,2
200700079904,0007-12-01 07:30:00,7,12,1,7,30,940,76,STALINGRAD (AV DE),,,Nuit avec éclairage allumé,En agglomération,Intersection en T,Pluie légère,Deux véhicules - côté,,,,,,,,,,,5,2,3,2,3
200700079905,0007-12-04 08:45:00,7,12,4,8,45,940,37,"1, RASPAIL (AV)",,,Crépuscule ou aube,En agglomération,Intersection en T,Normale,Sans collision,,,,,,,,,,,2,2,3,1,7
200700079906,0007-12-06 09:30:00,7,12,6,9,30,940,16,CAMILLE DESMOULINS (R),,,Plein jour,En agglomération,Hors intersection,Normale,Sans collision,,,,,,,,,,,1,2,1,1,7
200700079907,0007-12-06 18:20:00,7,12,6,18,20,940,3,"1, PAUL VAILLANT COUTURI",,,Nuit avec éclairage allumé,En agglomération,Hors intersection,Normale,Autre collision,,,,,,,,,,,5,2,1,1,6
200700079908,0007-12-14 08:15:00,7,12,14,8,15,940,43,"48, FONTAINEBLEAU (AV DE",,,Plein jour,En agglomération,Hors intersection,Normale,Deux véhicules - côté,,,,,,,,,,,1,2,1,1,3
200700079909,0007-12-14 12:40:00,7,12,14,12,40,940,76,"43, PAUL VAILLANT COUTUR",,,Plein jour,En agglomération,Hors intersection,Normale,Deux véhicules - frontale,,,,,,,,,,,1,2,1,1,1
200700079910,0007-12-26 16:35:00,7,12,26,16,35,940,43,"39, DANTON (R)",,,Crépuscule ou aube,En agglomération,Hors intersection,Normale,Deux véhicules - côté,,,,,,,,,,,2,2,1,1,3
200700079911,0007-12-19 07:25:00,7,12,19,7,25,940,3,ARISTIDE BRIAND (AV),,,Crépuscule ou aube,En agglomération,Hors intersection,Normale,Sans collision,,,,,,,,,,,2,2,1,1,7
200700079912,0007-12-20 17:15:00,7,12,20,17,15,940,37,"8, POSTE (R DE LA)",,,Plein jour,En agglomération,Hors intersection,Normale,Autre collision,,,,,,,,,,,1,2,1,1,6
200700079913,0007-12-24 11:30:00,7,12,24,11,30,940,76,"67, STALINGRAD (AV DE)",,,Plein jour,En agglomération,Hors intersection,Normale,Autre collision,,,,,,,,,,,1,2,1,1,6
200700079914,0007-12-25 05:35:00,7,12,25,5,35,940,16,"40, DIVISION LECLERC (AV",,,Nuit avec éclairage allumé,En agglomération,Hors intersection,Normale,Deux véhicules - frontale,,,,,,,,,,,5,2,1,1,1
200700079915,0007-12-27 14:20:00,7,12,27,14,20,940,16,ARISTIDE BRIAND (AV),,,Plein jour,En agglomération,Intersection en X,Normale,Deux véhicules - côté,,,,,,,,,,,1,2,2,1,3
200700079916,0007-12-29 11:50:00,7,12,29,11,50,940,3,"1, ARISTIDE BRIAND (AV)",,,Nuit avec éclairage allumé,En agglomération,Hors intersection,Normale,Sans collision,,,,,,,,,,,5,2,1,1,7
200700079917,0007-12-10 08:25:00,7,12,10,8,25,940,73,GEORGES HALGOULT (R),,,Plein jour,En agglomération,Hors intersection,Pluie légère,Autre collision,,,,,,,,,,,1,2,1,2,6
200700079918,0007-12-10 19:10:00,7,12,10,19,10,940,73,FONTAINEBLEAU (AV DE),,,Nuit avec éclairage allumé,En agglomération,Hors intersection,Normale,Deux véhicules - arrière,,,,,,,,,,,5,2,1,1,2
200700079919,0007-12-11 19:15:00,7,12,11,19,15,940,65,FONTAINEBLEAU (AV DE),,,Nuit avec éclairage allumé,En agglomération,Hors intersection,Pluie légère,Sans collision,,,,,,,,,,,5,2,1,2,7
200700079920,0007-12-12 09:05:00,7,12,12,9,5,940,34,CHEVILLY (R DE),,,Plein jour,En agglomération,Intersection en X,Autre,Sans collision,,,,,,,,,,,1,2,2,9,7
200700079921,0007-12-12 20:40:00,7,12,12,20,40,940,73,GENERAL DE GAULLE (AV DU,,,Nuit avec éclairage allumé,En agglomération,Hors intersection,Normale,Deux véhicules - frontale,,,,,,,,,,,5,2,1,1,1
200700079922,0007-12-15 16:45:00,7,12,15,16,45,940,73,LUXEMBOURG (AV DU),,,Nuit avec éclairage allumé,En agglomération,Intersection en T,Normale,Deux véhicules - côté,,,,,,,,,,,5,2,3,1,3
200700079923,0007-12-16 00:30:00,7,12,16,0,30,940,65,CHARLES LINDBERGH (AV),,,Nuit avec éclairage allumé,En agglomération,Hors intersection,Normale,Deux véhicules - côté,,,,,,,,,,,5,2,1,1,3
200700079924,0007-12-17 08:15:00,7,12,17,8,15,940,38,"66, HENRI BARBUSSE (AV)",,,Plein jour,En agglomération,Hors intersection,Normale,Autre collision,,,,,,,,,,,1,2,1,1,6
200700079925,0007-12-18 05:00:00,7,12,18,5,0,940,73,COURSON (R DU),,,Nuit sans éclairage public,Hors agglomération,Hors intersection,Normale,Deux véhicules - côté,,,,,,,,,,,3,1,1,1,3
200700079926,0007-12-18 13:25:00,7,12,18,13,25,940,38,CHEVILLY (R DE),,,Plein jour,En agglomération,Intersection en X,Normale,Deux véhicules - côté,,,,,,,,,,,1,2,2,1,3
200700079927,0007-12-19 10:20:00,7,12,19,10,20,940,21,ADJUDANT CHEF DERICBOURG,,,Plein jour,En agglomération,Hors intersection,Normale,Trois véhicules et plus - en chaîne,,,,,,,,,,,1,2,1,1,4
200700079928,0007-12-20 17:30:00,7,12,20,17,30,940,38,BICETRE (R DE),,,Nuit avec éclairage allumé,En agglomération,Intersection en X,Normale,Deux véhicules - côté,,,,,,,,,,,5,2,2,1,3
200700079929,0007-12-21 13:45:00,7,12,21,13,45,940,73,VERSAILLES (AV DE),,,Plein jour,En agglomération,Hors intersection,Normale,Autre collision,,,,,,,,,,,1,2,1,1,6
200700079930,0007-12-28 11:35:00,7,12,28,11,35,940,73,MAUREPAS (R),,,Plein jour,En agglomération,Intersection en X,Autre,Deux véhicules - côté,,,,,,,,,,,1,2,2,9,3
200700079931,0007-12-28 15:10:00,7,12,28,15,10,940,73,MARECHAL DE LATTRE DE TA,,,Plein jour,En agglomération,Hors intersection,Temps couvert,Deux véhicules - côté,,,,,,,,,,,1,2,1,8,3
200700079932,0007-12-01 02:25:00,7,12,1,2,25,940,41,"80, STALINGRAD (BD DE)",,,Nuit avec éclairage allumé,En agglomération,Hors intersection,Pluie légère,Deux véhicules - frontale,,,,,,,,,,,5,2,1,2,1
200700079933,0007-12-03 01:05:00,7,12,3,1,5,940,41,MOLIERE (R),,,Nuit avec éclairage allumé,En agglomération,Hors intersection,Pluie légère,Deux véhicules - côté,,,,,,,,,,,5,2,1,2,3
200700079934,0007-12-06 09:05:00,7,12,6,9,5,940,41,"78, MAURICE THOREZ (AV)",,,Plein jour,En agglomération,Hors intersection,Pluie légère,Sans collision,,,,,,,,,,,1,2,1,2,7
200700079935,0007-12-11 07:50:00,7,12,11,7,50,940,41,"7, LENINE (R)",,,Plein jour,En agglomération,Hors intersection,Temps couvert,Deux véhicules - côté,,,,,,,,,,,1,2,1,8,3
200700079936,0007-12-11 17:30:00,7,12,11,17,30,940,41,JEAN BONNEFOIX (R),,,Crépuscule ou aube,En agglomération,Hors intersection,Pluie légère,Sans collision,,,,,,,,,,,2,2,1,2,7
200700079937,0007-12-11 19:35:00,7,12,11,19,35,940,41,"132, DANIELLE CASANOVA (",,,Nuit avec éclairage allumé,En agglomération,Hors intersection,Pluie légère,Sans collision,,,,,,,,,,,5,2,1,2,7
200700079938,0007-12-20 19:10:00,7,12,20,19,10,940,41,"101, MOLIERE (R)",,,Nuit avec éclairage allumé,En agglomération,Hors intersection,Pluie légère,Deux véhicules - côté,,,,,,,,,,,5,2,1,2,3
200700079939,0007-12-20 20:50:00,7,12,20,20,50,940,41,"1, GABRIEL PERI (R)",,,Nuit avec éclairage allumé,En agglomération,Hors intersection,Pluie légère,Deux véhicules - arrière,,,,,,,,,,,5,2,1,2,2
200700079940,0007-12-27 17:35:00,7,12,27,17,35,940,41,"32, WESTERMEYER (R)",,,Nuit avec éclairage allumé,En agglomération,Hors intersection,Pluie légère,Sans collision,,,,,,,,,,,5,2,1,2,7
200700079941,0007-12-30 16:00:00,7,12,30,16,0,940,41,"65, GEORGES GOSNAT (AV)",,,Plein jour,En agglomération,Hors intersection,Pluie légère,Deux véhicules - arrière,,,,,,,,,,,1,2,1,2,2
200700079942,0007-12-25 11:55:00,7,12,25,11,55,940,41,"5, PIERRE SEMARD (AV)",,,Plein jour,En agglomération,Hors intersection,Normale,Autre collision,,,,,,,,,,,1,2,1,1,6
200700079943,0007-12-18 16:40:00,7,12,18,16,40,940,41,"06, CHATEAUDUN (R DE)",,,Plein jour,En agglomération,Hors intersection,Normale,Sans collision,,,,,,,,,,,1,2,1,1,7
200700079944,0007-12-19 16:10:00,7,12,19,16,10,940,41,"20, SAINT JUST (R)",,,Plein jour,En agglomération,Hors intersection,Normale,Sans collision,,,,,,,,,,,1,2,1,1,7
200700079945,0007-12-03 07:20:00,7,12,3,7,20,940,41,"23, WESTERMEYER (R)",,,Nuit avec éclairage allumé,En agglomération,Hors intersection,Normale,Deux véhicules - côté,,,,,,,,,,,5,2,1,1,3
200700079946,0007-12-12 10:20:00,7,12,12,10,20,940,41,"face au 83, PAUL VAILLAN",,,Plein jour,En agglomération,Hors intersection,Normale,Autre collision,,,,,,,,,,,1,2,1,1,6
200700079947,0007-12-16 18:15:00,7,12,16,18,15,940,41,PENICHES (R DES),,,Nuit avec éclairage allumé,En agglomération,Hors intersection,Normale,Autre collision,,,,,,,,,,,5,2,1,1,6
200700079948,0007-12-01 09:32:00,7,12,1,9,32,940,46,"17, GENERAL LECLERC (AV",,,Plein jour,En agglomération,Hors intersection,Normale,Autre collision,,,,,,,,,,,1,2,1,1,6
200700079949,0007-12-05 19:50:00,7,12,5,19,50,940,46,"., GABRIEL PERI (R)",,,Nuit avec éclairage allumé,En agglomération,Intersection en X,Normale,Deux véhicules - côté,,,,,,,,,,,5,2,2,1,3
200700079950,0007-12-06 14:15:00,7,12,6,14,15,940,46,"00, VALENTON (R DE)",,,Plein jour,En agglomération,Autre intersection,Pluie forte,Autre collision,,,,,,,,,,,1,2,9,3,6
200700079951,0007-12-10 11:40:00,7,12,10,11,40,940,46,"., PROFESSEUR CADIOT (AV",,,Plein jour,En agglomération,Hors intersection,Pluie légère,Autre collision,,,,,,,,,,,1,2,1,2,6
200700079952,0007-12-10 12:35:00,7,12,10,12,35,940,46,"211, GENERAL LECLERC (AV",,,Plein jour,En agglomération,Intersection en X,Normale,Deux véhicules - côté,,,,,,,,,,,1,2,2,1,3
200700079953,0007-12-10 18:15:00,7,12,10,18,15,940,46,"98, GEORGES CLEMENCEAU (",,,Nuit avec éclairage allumé,En agglomération,Hors intersection,Pluie légère,Autre collision,,,,,,,,,,,5,2,1,2,6
200700079954,0007-12-12 14:00:00,7,12,12,14,0,940,46,"157, JEAN JAURES (R)",,,Plein jour,En agglomération,Hors intersection,Normale,Trois véhicules et plus - en chaîne,,,,,,,,,,,1,2,1,1,4
200700079955,0007-12-19 10:00:00,7,12,19,10,0,940,46,"11, GENERAL LECLERC (AV",,,Plein jour,En agglomération,Hors intersection,Normale,Deux véhicules - côté,,,,,,,,,,,1,2,1,1,3
200700079956,0007-12-22 18:20:00,7,12,22,18,20,940,46,"159, JEAN JAURES (R)",,,Nuit avec éclairage allumé,En agglomération,Hors intersection,Normale,Autre collision,,,,,,,,,,,5,2,1,1,6
200700079957,0007-12-06 16:45:00,7,12,6,16,45,940,15,"nc, CLOTAIS (R DES)",,,Crépuscule ou aube,En agglomération,Hors intersection,Pluie légère,Deux véhicules - côté,,,,,,,,,,,2,2,1,2,3
200700079958,0007-12-08 17:20:00,7,12,8,17,20,940,52,JOINVILLE (AV DE),,,Nuit avec éclairage non allumé,En agglomération,Hors intersection,Pluie légère,Autre collision,,,,,,,,,,,4,2,1,2,6
200700079959,0007-12-13 23:10:00,7,12,13,23,10,940,42,"48, GENERAL GALLIENI (AV",,,Nuit avec éclairage allumé,En agglomération,Hors intersection,Pluie légère,Autre collision,,,,,,,,,,,5,2,1,2,6
200700079960,0007-12-14 14:30:00,7,12,14,14,30,940,52,"NC, STRASBOURG (BD DE)",,,Plein jour,En agglomération,Intersection en T,Normale,Deux véhicules - côté,,,,,,,,,,,1,2,3,1,3
200700079961,0007-12-19 08:50:00,7,12,19,8,50,940,52,"NC, AGNES SOREL (IMP)",,,Plein jour,En agglomération,Intersection en T,Normale,Autre collision,,,,,,,,,,,1,2,3,1,6
200700079962,0007-12-20 17:30:00,7,12,20,17,30,940,58,"150 BIS, PIERRE BROSSOLE",,,Nuit avec éclairage allumé,En agglomération,Hors intersection,Normale,Deux véhicules - côté,,,,,,,,,,,5,2,1,1,3
200700079963,0007-12-21 14:15:00,7,12,21,14,15,940,52,"140, STRASBOURG (BD DE)",,,Plein jour,En agglomération,Hors intersection,Normale,Deux véhicules - côté,,,,,,,,,,,1,2,1,1,3
200700079964,0007-12-22 18:20:00,7,12,22,18,20,940,52,"NC, JACQUES KABLE (R)",,,Nuit avec éclairage allumé,En agglomération,Intersection à plus de 4 branches,Normale,Deux véhicules - côté,,,,,,,,,,,5,2,5,1,3
200700079965,0007-12-24 18:05:00,7,12,24,18,5,940,52,"65, STRASBOURG (BD DE)",,,Nuit avec éclairage allumé,En agglomération,Hors intersection,Normale,Autre collision,,,,,,,,,,,5,2,1,1,6
200700079966,0007-12-03 18:05:00,7,12,3,18,5,940,68,CHAMPIGNY (BD DE),,,Nuit avec éclairage allumé,En agglomération,Hors intersection,Pluie légère,Deux véhicules - côté,,,,,,,,,,,5,2,1,2,3
200700079967,0007-12-04 07:00:00,7,12,4,7,0,940,68,"1, TOURELLE (AV DE LA)",,,Crépuscule ou aube,En agglomération,Hors intersection,Pluie légère,Autre collision,,,,,,,,,,,2,2,1,2,6
200700079968,0007-12-04 14:00:00,7,12,4,14,0,940,68,"84, JEAN JAURES (AV)",,,Plein jour,En agglomération,Hors intersection,Normale,Deux véhicules - côté,,,,,,,,,,,1,2,1,1,3
200700079969,0007-12-05 14:45:00,7,12,5,14,45,940,68,PONT DE CRETEIL (R DU),,,Plein jour,En agglomération,Intersection en X,Pluie légère,Deux véhicules - côté,,,,,,,,,,,1,2,2,2,3
200700079970,0007-12-08 12:55:00,7,12,8,12,55,940,68,"78, GABRIEL PERI (AV)",,,Plein jour,En agglomération,Hors intersection,Pluie légère,Autre collision,,,,,,,,,,,1,2,1,2,6
200700079971,0007-12-10 17:55:00,7,12,10,17,55,940,68,MARNE (BD DE LA),,,Nuit avec éclairage allumé,En agglomération,Intersection en T,Normale,Deux véhicules - côté,,,,,,,,,,,5,2,3,1,3
200700079972,0007-12-11 07:45:00,7,12,11,7,45,940,68,"169, GENERAL GIRAUD (BD",,,Nuit avec éclairage allumé,En agglomération,Hors intersection,Normale,Deux véhicules - côté,,,,,,,,,,,5,2,1,1,3
200700079973,0007-12-12 07:30:00,7,12,12,7,30,940,68,"9, MAHIEU (AV)",,,Crépuscule ou aube,En agglomération,Intersection en X,Normale,Autre collision,,,,,,,,,,,2,2,2,1,6
200700079974,0007-12-14 12:40:00,7,12,14,12,40,940,68,ARTS (AV DES),,,Plein jour,En agglomération,Intersection en X,Normale,Deux véhicules - côté,,,,,,,,,,,1,2,2,1,3
200700079975,0007-12-18 11:45:00,7,12,18,11,45,940,68,"6, MAURICE BERTEAUX (BD)",,,Plein jour,En agglomération,Hors intersection,Normale,Autre collision,,,,,,,,,,,1,2,1,1,6
200700079976,0007-12-20 19:05:00,7,12,20,19,5,940,68,"77, LAFAYETTE (R)",,,Nuit avec éclairage allumé,En agglomération,Hors intersection,Normale,Sans collision,,,,,,,,,,,5,2,1,1,7
200700079977,0007-12-27 07:05:00,7,12,27,7,5,940,68,BAC (AV DU),,,Nuit avec éclairage allumé,En agglomération,Hors intersection,Pluie légère,Deux véhicules - arrière,,,,,,,,,,,5,2,1,2,2
200700079978,0007-12-29 18:45:00,7,12,29,18,45,940,68,DOCTEUR ROUX (R DU),,,Nuit avec éclairage allumé,En agglomération,Intersection en X,Temps couvert,Deux véhicules - côté,,,,,,,,,,,5,2,2,8,3
200700079979,0007-12-20 08:50:00,7,12,20,8,50,940,68,BARATTE CHOLET (R),,,Plein jour,En agglomération,Hors intersection,Normale,Sans collision,,,,,,,,,,,1,2,1,1,7
200700079980,0007-12-12 08:25:00,7,12,12,8,25,940,78,"111, PRESIDENT JOHN FITZ",,,Crépuscule ou aube,En agglomération,Giratoire,Brouillard / fumée,Sans collision,,,,,,,,,,,2,2,6,5,7
200700079981,0007-12-16 15:35:00,7,12,16,15,35,940,77,"1, VICTOR HUGO (AV)",,,Plein jour,En agglomération,Intersection en X,Normale,Deux véhicules - côté,,,,,,,,,,,1,2,2,1,3
200700079982,0007-12-01 17:30:00,7,12,1,17,30,940,78,HENRI SELLIER (R),,,Nuit avec éclairage non allumé,En agglomération,Hors intersection,Normale,Autre collision,,,,,,,,,,,4,2,1,1,6
200700079983,0007-12-03 08:00:00,7,12,3,8,0,940,77,MARECHAL FOCH (R DU),,,Crépuscule ou aube,En agglomération,Hors intersection,Normale,Autre collision,,,,,,,,,,,2,2,1,1,6
200700079984,0007-12-08 03:20:00,7,12,8,3,20,940,78,"1, HENRI DUNANT (rue)",,,Nuit avec éclairage allumé,En agglomération,Hors intersection,Pluie légère,Autre collision,,,,,,,,,,,5,2,1,2,6
200700079985,0007-12-09 14:40:00,7,12,9,14,40,940,74,"6, COLONEL FABIEN (R)",,,Plein jour,En agglomération,Hors intersection,Pluie légère,Autre collision,,,,,,,,,,,1,2,1,2,6
200700079986,0007-12-07 07:30:00,7,12,7,7,30,940,78,PARIS (R DE),,,Crépuscule ou aube,En agglomération,Hors intersection,Temps couvert,Deux véhicules - côté,,,,,,,,,,,2,2,1,8,3
200700079987,0007-12-10 18:55:00,7,12,10,18,55,940,78,", CARNOT (AV)",,,Nuit avec éclairage allumé,En agglomération,Hors intersection,Pluie légère,Autre collision,,,,,,,,,,,5,2,1,2,6
200700079988,0007-12-03 15:00:00,7,12,3,15,0,940,78,"1, PARIS (rue de )",,,Plein jour,En agglomération,Hors intersection,Normale,Autre collision,,,,,,,,,,,1,2,1,1,6
200700079989,0007-12-12 16:25:00,7,12,12,16,25,940,77,HONORE OURSEL (R),,,Plein jour,En agglomération,Hors intersection,Normale,Autre collision,,,,,,,,,,,1,2,1,1,6
200700079990,0007-12-12 09:00:00,7,12,12,9,0,940,77,"1, RAOUL DELATTRE (R)",,,Plein jour,En agglomération,Hors intersection,Normale,Autre collision,,,,,,,,,,,1,2,1,1,6
200700079991,0007-12-03 13:20:00,7,12,3,13,20,940,78,"1, HENRI JANIN (R)",,,Plein jour,En agglomération,Hors intersection,Normale,Autre collision,,,,,,,,,,,1,2,1,1,6
200700079992,0007-12-19 08:05:00,7,12,19,8,5,940,77,"2, PASTEUR (AV)",,,Crépuscule ou aube,En agglomération,Hors intersection,Normale,Autre collision,,,,,,,,,,,2,2,1,1,6
200700079993,0007-12-12 08:26:00,7,12,12,8,26,940,78,"111, PRESIDENT JOHN FITZ",,,Crépuscule ou aube,En agglomération,Hors intersection,Brouillard / fumée,Sans collision,,,,,,,,,,,2,2,1,5,7
200700079994,0007-12-22 20:40:00,7,12,22,20,40,940,78,VILLENEUVE LE ROI (PONT,,,Nuit avec éclairage allumé,En agglomération,Hors intersection,Normale,Autre collision,,,,,,,,,,,5,2,1,1,6
200700079995,0007-12-03 09:40:00,7,12,3,9,40,940,80,"33, PARIS (AV DE)",,,Plein jour,En agglomération,Intersection en T,Normale,Deux véhicules - côté,,,,,,,,,,,1,2,3,1,3
200700079996,0007-12-03 10:10:00,7,12,3,10,10,940,67,"68, MINIMES (AV DES)",,,Plein jour,En agglomération,Hors intersection,Normale,Autre collision,,,,,,,,,,,1,2,1,1,6
200700079997,0007-12-09 10:40:00,7,12,9,10,40,940,67,", GENERAL LECLERC (CENTR",,,Plein jour,En agglomération,Intersection en X,Normale,Deux véhicules - côté,,,,,,,,,,,1,2,2,1,3
200700079998,0007-12-11 11:20:00,7,12,11,11,20,940,67,"24, GENERAL DE GAULLE (A",,,Plein jour,En agglomération,Intersection en T,Autre,Deux véhicules - arrière,,,,,,,,,,,1,2,3,9,2
200700079999,0007-12-18 16:35:00,7,12,18,16,35,940,80,"109, PARIS (AV DE)",,,Plein jour,En agglomération,Intersection en T,Normale,Deux véhicules - arrière,,,,,,,,,,,1,2,3,1,2
200700080000,0007-12-20 20:00:00,7,12,20,20,0,940,80,"., PARIS (AV DE)",,,Nuit avec éclairage allumé,En agglomération,Intersection en X,Normale,Deux véhicules - côté,,,,,,,,,,,5,2,2,1,3
200700080001,0007-12-27 09:40:00,7,12,27,9,40,940,80,"21/23, MIDI (R DU)",,,Plein jour,En agglomération,Intersection en T,Normale,Autre collision,,,,,,,,,,,1,2,3,1,6
200700080002,0007-12-28 17:40:00,7,12,28,17,40,940,67,"124, GENERAL DE GAULLE (",,,Nuit avec éclairage allumé,En agglomération,Intersection en X,Normale,Autre collision,,,,,,,,,,,5,2,2,1,6
200700080003,0007-12-30 14:30:00,7,12,30,14,30,940,80,"70, FONTENAY (R DE)",,,Plein jour,En agglomération,Intersection en X,Pluie légère,Autre collision,,,,,,,,,,,1,2,2,2,6
200700080004,0007-12-06 12:40:00,7,12,6,12,40,940,81,"170, GABRIEL PERI (R)",,,Plein jour,En agglomération,Hors intersection,Pluie légère,Autre collision,,,,,,,,,,,1,2,1,2,6
200700080005,0007-12-08 18:00:00,7,12,8,18,0,940,81,"Angle, YOURI GAGARINE (A",,,Nuit avec éclairage allumé,En agglomération,Intersection en T,Pluie légère,Autre collision,,,,,,,,,,,5,2,3,2,6
200700080006,0007-12-09 12:50:00,7,12,9,12,50,940,81,"ANGLE, ABBE ROGER DERRY",,,Plein jour,En agglomération,Hors intersection,Normale,Autre collision,,,,,,,,,,,1,2,1,1,6
200700080007,0007-12-15 14:50:00,7,12,15,14,50,940,81,"14/20, YOURI GAGARINE (A",,,Plein jour,En agglomération,Hors intersection,Normale,Deux véhicules - arrière,,,,,,,,,,,1,2,1,1,2
200700080008,0007-12-22 12:15:00,7,12,22,12,15,940,81,"241, GABRIEL PERI (R)",,,Plein jour,En agglomération,Hors intersection,Normale,Autre collision,,,,,,,,,,,1,2,1,1,6
200700080009,0007-12-01 15:46:00,7,12,1,15,46,950,176,"32, CLEMENCEAU (BOULEVAR",,,Plein jour,En agglomération,Hors intersection,Normale,Autre collision,,,,,,,,,,,1,2,1,1,6
200700080010,0007-12-11 08:45:00,7,12,11,8,45,950,582,MARECHAL JOFFRE (RUE DU),,,Plein jour,En agglomération,Intersection en T,Normale,Deux véhicules - côté,,,,,,,,,,,1,2,3,1,3
200700080011,0007-12-11 16:10:00,7,12,11,16,10,950,18,DE GAULLE (AVENUE DU GEN,,,Plein jour,En agglomération,Intersection en X,Pluie légère,Sans collision,,,,,,,,,,,1,2,2,2,7
200700080012,0007-12-11 17:45:00,7,12,11,17,45,950,18,", ALLEMANE (BOULEVARD JE",,,Nuit sans éclairage public,En agglomération,Intersection à plus de 4 branches,Pluie forte,Autre collision,,,,,,,,,,,3,2,5,3,6
200700080013,0007-12-12 12:13:00,7,12,12,12,13,950,18,ALLEMANE (BOULEVARD JEAN,,,Plein jour,En agglomération,Intersection en T,Normale,Sans collision,,,,,,,,,,,1,2,3,1,7
200700080014,0007-12-13 12:53:00,7,12,13,12,53,950,18,"156, STALINGRAD (AVENUE",,,Plein jour,En agglomération,Intersection en T,Normale,Sans collision,,,,,,,,,,,1,2,3,1,7
200700080015,0007-12-14 16:30:00,7,12,14,16,30,950,18,"147, REPUBLIQUE (RUE DE",,,Plein jour,En agglomération,Hors intersection,Normale,Autre collision,,,,,,,,,,,1,2,1,1,6
200700080016,0007-12-15 20:45:00,7,12,15,20,45,950,18,RD 311,,,Nuit avec éclairage allumé,En agglomération,Intersection en T,Normale,Deux véhicules - côté,,,,,,,,,,,5,2,3,1,3
200700080017,0007-12-17 15:00:00,7,12,17,15,0,950,18,JAURES (AVENUE JEAN),,,Plein jour,En agglomération,Intersection en X,Normale,Sans collision,,,,,,,,,,,1,2,2,1,7
200700080018,0007-12-18 08:45:00,7,12,18,8,45,950,582,MARECHAL FOCH (RUE DU),,,Plein jour,En agglomération,Hors intersection,Normale,Sans collision,,,,,,,,,,,1,2,1,1,7
200700080019,0007-12-18 22:05:00,7,12,18,22,5,950,18,MARTYRS DE CHATEAUBRIANT,,,Nuit avec éclairage allumé,En agglomération,Intersection en T,Normale,Deux véhicules - côté,,,,,,,,,,,5,2,3,1,3
200700080020,0007-12-19 12:40:00,7,12,19,12,40,950,18,"2, BEETHOVEN (ALLEE L.V)",,,Plein jour,En agglomération,Hors intersection,Normale,Autre collision,,,,,,,,,,,1,2,1,1,6
200700080021,0007-12-21 07:40:00,7,12,21,7,40,950,176,FOURIER (RUE CHARLES),,,Crépuscule ou aube,En agglomération,Intersection en X,Normale,Sans collision,,,,,,,,,,,2,2,2,1,7
200700080022,0007-12-22 17:38:00,7,12,22,17,38,950,18,RD 311,,,Nuit avec éclairage allumé,En agglomération,Intersection en T,Normale,Trois véhicules et plus - en chaîne,,,,,,,,,,,5,2,3,1,4
200700080023,0007-12-25 11:45:00,7,12,25,11,45,950,18,GALLIENI (BOULEVARD),,,Plein jour,En agglomération,Intersection en X,Normale,Deux véhicules - côté,,,,,,,,,,,1,2,2,1,3
200700080024,0007-12-27 11:55:00,7,12,27,11,55,950,18,CALAIS (RUE DE),,,Plein jour,En agglomération,Intersection en X,Normale,Trois véhicules et plus - en chaîne,,,,,,,,,,,1,2,2,1,4
200700080025,0007-12-27 11:40:00,7,12,27,11,40,950,18,PONTOISE (ROUTE DE),,,Plein jour,En agglomération,Intersection en T,Pluie légère,Deux véhicules - arrière,,,,,,,,,,,1,2,3,2,2
200700080026,0007-12-28 16:25:00,7,12,28,16,25,950,18,CHAPELLE (RUE DE LA),,,Plein jour,En agglomération,Intersection en X,Normale,Deux véhicules - côté,,,,,,,,,,,1,2,2,1,3
200700080027,0007-12-27 20:05:00,7,12,27,20,5,950,582,"2, SOISY (RUE DE)",,,Nuit avec éclairage allumé,En agglomération,Hors intersection,Normale,Deux véhicules - côté,,,,,,,,,,,5,2,1,1,3