accident_id,datetime,annee,mois,jour,heure,minute,departement,commune_insee,adresse,latitude,longitude,luminosite,agglomeration,intersection,meteo,collision,nb_vehicules,nb_usagers,nb_indemnes,nb_tues,nb_blesses_hosp,nb_blesses_legers,age_cond_1,age_cond_2,veh_type_cond_1,veh_type_cond_2,lum_code,agg_code,int_code,atm_code,col_code
200700080160,0007-12-02 13:00:00,7,12,2,13,0,930,53,AUTOROUTE A103,,,Plein jour,Hors agglomération,Hors intersection,Pluie forte,Sans collision,,,,,,,,,,,1,1,1,3,7
200700080161,0007-12-03 04:40:00,7,12,3,4,40,930,64,AUTOROUTE A3,,,Nuit avec éclairage allumé,Hors agglomération,Hors intersection,Pluie légère,Deux véhicules - côté,,,,,,,,,,,5,1,1,2,3
200700080162,0007-12-03 06:50:00,7,12,3,6,50,930,66,AUTOROUTE A86,,,Nuit sans éclairage public,Hors agglomération,Hors intersection,Normale,Trois véhicules et plus - collisions multiples,,,,,,,,,,,3,1,1,1,5
200700080163,0007-12-03 08:00:00,7,12,3,8,0,920,36,AUTOROUTE A15,,,Plein jour,Hors agglomération,Hors intersection,Pluie légère,Trois véhicules et plus - collisions multiples,,,,,,,,,,,1,1,1,2,5
200700080164,0007-12-03 09:10:00,7,12,3,9,10,950,488,AUTOROUTE A15,,,Plein jour,Hors agglomération,Hors intersection,Normale,Trois véhicules et plus - en chaîne,,,,,,,,,,,1,1,1,1,4
200700080165,0007-12-03 08:50:00,7,12,3,8,50,930,10,AUTOROUTE A3,,,Plein jour,Hors agglomération,Hors intersection,Normale,Deux véhicules - arrière,,,,,,,,,,,1,1,1,1,2
200700080166,0007-12-03 09:30:00,7,12,3,9,30,950,252,AUTOROUTE A15,,,Plein jour,Hors agglomération,Hors intersection,Normale,Deux véhicules - côté,,,,,,,,,,,1,1,1,1,3
200700080167,0007-12-03 13:50:00,7,12,3,13,50,950,582,AUTOROUTE A15,,,Plein jour,Hors agglomération,Hors intersection,Normale,Trois véhicules et plus - collisions multiples,,,,,,,,,,,1,1,1,1,5
200700080168,0007-12-03 15:50:00,7,12,3,15,50,930,8,AUTOROUTE A86,,,Plein jour,Hors agglomération,Hors intersection,Normale,Deux véhicules - arrière,,,,,,,,,,,1,1,1,1,2
200700080169,0007-12-03 17:55:00,7,12,3,17,55,950,572,AUTOROUTE A15,,,Nuit avec éclairage allumé,Hors agglomération,Hors intersection,Normale,Deux véhicules - arrière,,,,,,,,,,,5,1,1,1,2
200700080170,0007-12-04 07:15:00,7,12,4,7,15,950,18,AUTOROUTE A15,,,Plein jour,Hors agglomération,Hors intersection,Normale,Deux véhicules - côté,,,,,,,,,,,1,1,1,1,3
200700080171,0007-12-04 08:20:00,7,12,4,8,20,930,6,AUTOROUTE A3,,,Plein jour,Hors agglomération,Hors intersection,Temps couvert,Autre collision,,,,,,,,,,,1,1,1,8,6
200700080172,0007-12-04 16:35:00,7,12,4,16,35,920,36,AUTOROUTE A86,,,Plein jour,Hors agglomération,Hors intersection,Normale,Deux véhicules - côté,,,,,,,,,,,1,1,1,1,3
200700080173,0007-12-05 08:45:00,7,12,5,8,45,950,60,AUTOROUTE A115,,,Plein jour,Hors agglomération,Hors intersection,Pluie légère,Autre collision,,,,,,,,,,,1,1,1,2,6
200700080174,0007-12-05 12:20:00,7,12,5,12,20,950,277,AUTOROUTE A3,,,Plein jour,Hors agglomération,Hors intersection,Normale,Trois véhicules et plus - collisions multiples,,,,,,,,,,,1,1,1,1,5
200700080175,0007-12-05 14:45:00,7,12,5,14,45,930,53,AUTOROUTE A3,,,Plein jour,Hors agglomération,Hors intersection,Pluie légère,Trois véhicules et plus - collisions multiples,,,,,,,,,,,1,1,1,2,5
200700080176,0007-12-05 17:30:00,7,12,5,17,30,920,36,AUTOROUTE A15,,,Nuit avec éclairage allumé,Hors agglomération,Hors intersection,Normale,Deux véhicules - arrière,,,,,,,,,,,5,1,1,1,2
200700080177,0007-12-05 18:30:00,7,12,5,18,30,930,8,AUTOROUTE A86,,,Nuit avec éclairage allumé,Hors agglomération,Hors intersection,Pluie légère,Trois véhicules et plus - en chaîne,,,,,,,,,,,5,1,1,2,4
200700080178,0007-12-05 23:45:00,7,12,5,23,45,930,32,AUTOROUTE A3,,,Nuit sans éclairage public,Hors agglomération,Hors intersection,Normale,Deux véhicules - côté,,,,,,,,,,,3,1,1,1,3
200700080179,0007-12-06 05:10:00,7,12,6,5,10,950,527,AUTOROUTE A3,,,Nuit avec éclairage allumé,Hors agglomération,Hors intersection,Normale,Deux véhicules - côté,,,,,,,,,,,5,1,1,1,3
200700080180,0007-12-06 05:45:00,7,12,6,5,45,930,64,AUTOROUTE A86,,,Nuit sans éclairage public,Hors agglomération,Hors intersection,Pluie légère,Trois véhicules et plus - collisions multiples,,,,,,,,,,,3,1,1,2,5
200700080181,0007-12-06 09:45:00,7,12,6,9,45,930,10,AUTOROUTE A3,,,Plein jour,Hors agglomération,Hors intersection,Normale,Trois véhicules et plus - collisions multiples,,,,,,,,,,,1,1,1,1,5
200700080182,0007-12-06 09:46:00,7,12,6,9,46,930,10,AUTOROUTE A3,,,Plein jour,Hors agglomération,Hors intersection,Pluie légère,Trois véhicules et plus - collisions multiples,,,,,,,,,,,1,1,1,2,5
200700080183,0007-12-07 07:45:00,7,12,7,7,45,950,60,AUTOROUTE A115,,,Crépuscule ou aube,Hors agglomération,Hors intersection,Pluie légère,Sans collision,,,,,,,,,,,2,1,1,2,7
200700080184,0007-12-07 20:10:00,7,12,7,20,10,950,527,AUTOROUTE A1,,,Nuit avec éclairage allumé,Hors agglomération,Hors intersection,Pluie légère,Deux véhicules - côté,,,,,,,,,,,5,1,1,2,3
200700080185,0007-12-08 00:30:00,7,12,8,0,30,930,78,AUTOROUTE A104,,,Nuit sans éclairage public,Hors agglomération,Hors intersection,Pluie légère,Trois véhicules et plus - collisions multiples,,,,,,,,,,,3,1,1,2,5
200700080186,0007-12-08 03:15:00,7,12,8,3,15,930,27,AUTOROUTE A86,,,Nuit avec éclairage allumé,Hors agglomération,Hors intersection,Normale,Sans collision,,,,,,,,,,,5,1,1,1,7
200700080187,0007-12-08 05:17:00,7,12,8,5,17,950,306,AUTOROUTE A15,,,Nuit sans éclairage public,Hors agglomération,Hors intersection,Normale,Trois véhicules et plus - collisions multiples,,,,,,,,,,,3,1,1,1,5
200700080188,0007-12-08 22:45:00,7,12,8,22,45,950,277,AUTOROUTE A3,,,Nuit sans éclairage public,Hors agglomération,Hors intersection,Pluie légère,Autre collision,,,,,,,,,,,3,1,1,2,6
200700080189,0007-12-08 22:30:00,7,12,8,22,30,920,78,AUTOROUTE A86,,,Nuit avec éclairage allumé,Hors agglomération,Hors intersection,Pluie légère,Sans collision,,,,,,,,,,,5,1,1,2,7
200700080190,0007-12-08 18:15:00,7,12,8,18,15,950,580,AUTOROUTE A1,,,Nuit avec éclairage allumé,Hors agglomération,Hors intersection,Pluie légère,Trois véhicules et plus - collisions multiples,,,,,,,,,,,5,1,1,2,5
200700080191,0007-12-08 21:30:00,7,12,8,21,30,950,365,RN 104,,,Nuit sans éclairage public,Hors agglomération,Hors intersection,Pluie légère,Deux véhicules - arrière,,,,,,,,,,,3,1,1,2,2
200700080192,0007-12-09 03:05:00,7,12,9,3,5,920,36,AUTOROUTE A15,,,Nuit sans éclairage public,Hors agglomération,Hors intersection,Pluie légère,Sans collision,,,,,,,,,,,3,1,1,2,7
200700080193,0007-12-09 07:50:00,7,12,9,7,50,930,32,AUTOROUTE A3,,,Crépuscule ou aube,Hors agglomération,Hors intersection,Pluie légère,Deux véhicules - frontale,,,,,,,,,,,2,1,1,2,1
200700080194,0007-12-09 11:15:00,7,12,9,11,15,930,1,AUTOROUTE A86,,,Plein jour,Hors agglomération,Hors intersection,Normale,Deux véhicules - côté,,,,,,,,,,,1,1,1,1,3
200700080195,0007-12-09 10:00:00,7,12,9,10,0,920,36,AUTOROUTE A86,,,Plein jour,Hors agglomération,Hors intersection,Pluie légère,Sans collision,,,,,,,,,,,1,1,1,2,7
200700080196,0007-12-09 15:00:00,7,12,9,15,0,930,78,AUTOROUTE A104,,,Plein jour,Hors agglomération,Hors intersection,Pluie légère,Sans collision,,,,,,,,,,,1,1,1,2,7
200700080197,0007-12-09 19:40:00,7,12,9,19,40,950,256,AUTOROUTE A115,,,Nuit avec éclairage non allumé,Hors agglomération,Hors intersection,Normale,Sans collision,,,,,,,,,,,4,1,1,1,7
200700080198,0007-12-10 08:45:00,7,12,10,8,45,950,572,RN 184,,,Plein jour,Hors agglomération,Hors intersection,Normale,Deux véhicules - côté,,,,,,,,,,,1,1,1,1,3
200700080199,0007-12-10 10:00:00,7,12,10,10,0,920,36,AUTOROUTE A86,,,Plein jour,Hors agglomération,Hors intersection,Pluie forte,Deux véhicules - côté,,,,,,,,,,,1,1,1,3,3
200700080200,0007-12-10 00:20:00,7,12,10,0,20,950,42,R.D. 104,,,Nuit sans éclairage public,Hors agglomération,Hors intersection,Pluie légère,Sans collision,,,,,,,,,,,3,1,1,2,7
200700080201,0007-12-10 15:35:00,7,12,10,15,35,930,66,AUTOROUTE A1,,,Plein jour,Hors agglomération,Hors intersection,Pluie légère,Sans collision,,,,,,,,,,,1,1,1,2,7
200700080202,0007-12-10 19:45:00,7,12,10,19,45,950,582,AUTOROUTE A115,,,Nuit avec éclairage non allumé,Hors agglomération,Hors intersection,Pluie légère,Sans collision,,,,,,,,,,,4,1,1,2,7
200700080203,0007-12-11 07:15:00,7,12,11,7,15,930,78,AUTOROUTE A104,,,Crépuscule ou aube,Hors agglomération,Hors intersection,Normale,Sans collision,,,,,,,,,,,2,1,1,1,7
200700080204,0007-12-12 02:10:00,7,12,12,2,10,930,78,AUTOROUTE A104,,,Plein jour,Hors agglomération,Hors intersection,Normale,Sans collision,,,,,,,,,,,1,1,1,1,7
200700080205,0007-12-12 02:25:00,7,12,12,2,25,930,32,AUTOROUTE A104,,,Nuit sans éclairage public,Hors agglomération,Hors intersection,Autre,Sans collision,,,,,,,,,,,3,1,1,9,7
200700080206,0007-12-12 19:45:00,7,12,12,19,45,950,277,AUTOROUTE A3,,,Nuit avec éclairage allumé,Hors agglomération,Hors intersection,Normale,Deux véhicules - arrière,,,,,,,,,,,5,1,1,1,2
200700080207,0007-12-14 00:30:00,7,12,14,0,30,930,48,AUTOROUTE A1086,,,Nuit sans éclairage public,Hors agglomération,Hors intersection,Normale,Deux véhicules - arrière,,,,,,,,,,,3,1,1,1,2
200700080208,0007-12-14 02:50:00,7,12,14,2,50,920,36,AUTOROUTE A15,,,Nuit avec éclairage allumé,Hors agglomération,Hors intersection,Normale,Sans collision,,,,,,,,,,,5,1,1,1,7
200700080209,0007-12-15 12:35:00,7,12,15,12,35,950,42,R.D. 104,,,Plein jour,Hors agglomération,Hors intersection,Normale,Sans collision,,,,,,,,,,,1,1,1,1,7
200700080210,0007-12-16 04:35:00,7,12,16,4,35,950,394,RN 184,,,Nuit avec éclairage allumé,Hors agglomération,Hors intersection,Normale,Sans collision,,,,,,,,,,,5,1,1,1,7
200700080211,0007-12-16 22:55:00,7,12,16,22,55,950,241,RN 104,,,Nuit sans éclairage public,Hors agglomération,Hors intersection,Normale,Deux véhicules - arrière,,,,,,,,,,,3,1,1,1,2
200700080212,0007-12-16 16:45:00,7,12,16,16,45,950,488,AUTOROUTE A15,,,Plein jour,Hors agglomération,Hors intersection,Normale,Deux véhicules - côté,,,,,,,,,,,1,1,1,1,3
200700080213,0007-12-17 17:15:00,7,12,17,17,15,920,36,AUTOROUTE A86,,,Crépuscule ou aube,Hors agglomération,Hors intersection,Normale,Deux véhicules - côté,,,,,,,,,,,2,1,1,1,3
200700080214,0007-12-18 23:10:00,7,12,18,23,10,920,78,AUTOROUTE A86,,,Nuit sans éclairage public,Hors agglomération,Hors intersection,Normale,Deux véhicules - arrière,,,,,,,,,,,3,1,1,1,2
200700080215,0007-12-20 08:50:00,7,12,20,8,50,950,424,AUTOROUTE A15,,,Plein jour,Hors agglomération,Hors intersection,Autre,Trois véhicules et plus - en chaîne,,,,,,,,,,,1,1,1,9,4
200700080216,0007-12-21 06:00:00,7,12,21,6,0,930,10,AUTOROUTE A86,,,Nuit avec éclairage allumé,Hors agglomération,Hors intersection,Normale,Sans collision,,,,,,,,,,,5,1,1,1,7
200700080217,0007-12-25 15:00:00,7,12,25,15,0,950,394,RN 184,,,Plein jour,Hors agglomération,Hors intersection,Normale,Sans collision,,,,,,,,,,,1,1,1,1,7
200700080218,0007-12-27 00:50:00,7,12,27,0,50,950,394,RN 184,,,Nuit sans éclairage public,Hors agglomération,Hors intersection,Brouillard / fumée,Sans collision,,,,,,,,,,,3,1,1,5,7
200700080219,0007-12-30 15:00:00,7,12,30,15,0,950,604,AUTOROUTE A1,,,Plein jour,Hors agglomération,Hors intersection,Pluie légère,Deux véhicules - arrière,,,,,,,,,,,1,1,1,2,2
200700080220,0007-12-30 22:15:00,7,12,30,22,15,930,78,AUTOROUTE A104,,,Nuit sans éclairage public,Hors agglomération,Hors intersection,Normale,Sans collision,,,,,,,,,,,3,1,1,1,7
200700080221,0007-12-31 21:00:00,7,12,31,21,0,950,394,AUTOROUTE A115,,,Nuit sans éclairage public,Hors agglomération,Hors intersection,Pluie légère,Deux véhicules - arrière,,,,,,,,,,,3,1,1,2,2
200700080222,0007-12-04 08:20:00,7,12,4,8,20,920,36,A86,,,Plein jour,Hors agglomération,Hors intersection,Pluie légère,Deux véhicules - arrière,,,,,,,,,,,1,1,1,2,2
200700080223,0007-12-10 09:50:00,7,12,10,9,50,780,43,A12 W,,,Plein jour,Hors agglomération,Hors intersection,Normale,Sans collision,,,,,,,,,,,1,1,1,1,7
200700080224,0007-12-11 07:10:00,7,12,11,7,10,920,50,A14,,,Nuit avec éclairage allumé,Hors agglomération,Hors intersection,Normale,Deux véhicules - côté,,,,,,,,,,,5,1,1,1,3
200700080225,0007-12-11 07:45:00,7,12,11,7,45,780,217,A13,,,Crépuscule ou aube,Hors agglomération,Hors intersection,Normale,Trois véhicules et plus - en chaîne,,,,,,,,,,,2,1,1,1,4
200700080226,0007-12-11 18:00:00,7,12,11,18,0,920,50,A14,,,Nuit avec éclairage allumé,Hors agglomération,Hors intersection,Pluie légère,Sans collision,,,,,,,,,,,5,1,1,2,7
200700080227,0007-12-12 07:10:00,7,12,12,7,10,920,50,RN314 Y,,,Crépuscule ou aube,Hors agglomération,Hors intersection,Autre,Sans collision,,,,,,,,,,,2,1,1,9,7
200700080228,0007-12-12 09:30:00,7,12,12,9,30,920,36,RN315 W,,,Plein jour,Hors agglomération,Hors intersection,Autre,Autre collision,,,,,,,,,,,1,1,1,9,6
200700080229,0007-12-12 18:15:00,7,12,12,18,15,780,206,A13,,,Nuit sans éclairage public,Hors agglomération,Hors intersection,Normale,Deux véhicules - arrière,,,,,,,,,,,3,1,1,1,2
200700080230,0007-12-13 10:20:00,7,12,13,10,20,920,64,A13,,,Plein jour,Hors agglomération,Hors intersection,Normale,Deux véhicules - côté,,,,,,,,,,,1,1,1,1,3
200700080231,0007-12-13 11:00:00,7,12,13,11,0,780,498,A13,,,Plein jour,Hors agglomération,Hors intersection,Normale,Autre collision,,,,,,,,,,,1,1,1,1,6
200700080232,0007-12-16 00:29:00,7,12,16,0,29,780,90,A13,,,Nuit sans éclairage public,Hors agglomération,Hors intersection,Normale,Deux véhicules - arrière,,,,,,,,,,,3,1,1,1,2
200700080233,0007-12-16 01:24:00,7,12,16,1,24,920,36,A86,,,Nuit avec éclairage non allumé,Hors agglomération,Hors intersection,Normale,Sans collision,,,,,,,,,,,4,1,1,1,7
200700080234,0007-12-16 02:06:00,7,12,16,2,6,780,466,A13,,,Nuit avec éclairage allumé,Hors agglomération,Hors intersection,Normale,Autre collision,,,,,,,,,,,5,1,1,1,6
200700080235,0007-12-19 07:14:00,7,12,19,7,14,920,62,RN1014 W,,,Crépuscule ou aube,Hors agglomération,Hors intersection,Normale,Sans collision,,,,,,,,,,,2,1,1,1,7
200700080236,0007-12-21 17:15:00,7,12,21,17,15,780,640,N118,,,Crépuscule ou aube,Hors agglomération,Hors intersection,Normale,Deux véhicules - côté,,,,,,,,,,,2,1,1,1,3
200700080237,0007-12-21 17:45:00,7,12,21,17,45,780,90,A13,,,Nuit sans éclairage public,Hors agglomération,Hors intersection,Normale,Trois véhicules et plus - en chaîne,,,,,,,,,,,3,1,1,1,4
200700080238,0007-12-21 17:55:00,7,12,21,17,55,780,73,A12 Y,,,Crépuscule ou aube,Hors agglomération,Hors intersection,Normale,Autre collision,,,,,,,,,,,2,1,1,1,6
200700080239,0007-12-22 06:45:00,7,12,22,6,45,780,490,RN12 INT,,,Crépuscule ou aube,Hors agglomération,Hors intersection,Normale,Sans collision,,,,,,,,,,,2,1,1,1,7
200700080240,0007-12-22 00:50:00,7,12,22,0,50,920,48,N118,,,Nuit avec éclairage allumé,Hors agglomération,Hors intersection,Pluie légère,Autre collision,,,,,,,,,,,5,1,1,2,6
200700080241,0007-12-27 15:00:00,7,12,27,15,0,780,117,RN12 W,,,Plein jour,Hors agglomération,Hors intersection,Normale,Trois véhicules et plus - collisions multiples,,,,,,,,,,,1,1,1,1,5
200700080242,0007-12-29 04:30:00,7,12,29,4,30,920,12,A13,,,Nuit avec éclairage allumé,Hors agglomération,Hors intersection,Normale,Deux véhicules - côté,,,,,,,,,,,5,1,1,1,3
200700080243,0007-12-20 07:45:00,7,12,20,7,45,920,48,N118,,,Plein jour,Hors agglomération,Hors intersection,Autre,Sans collision,,,,,,,,,,,1,1,1,9,7
200700080244,0007-12-30 15:35:00,7,12,30,15,35,780,545,A12 Y,,,Plein jour,Hors agglomération,Hors intersection,Temps couvert,Autre collision,,,,,,,,,,,1,1,1,8,6
200700080245,0007-12-01 12:55:00,7,12,1,12,55,940,34,AUTOROUTE A86,,,Nuit avec éclairage allumé,Hors agglomération,Hors intersection,Normale,Trois véhicules et plus - collisions multiples,,,,,,,,,,,5,1,1,1,5
200700080246,0007-12-01 14:32:00,7,12,1,14,32,940,38,AUTOROUTE A6A,,,Plein jour,Hors agglomération,Hors intersection,Normale,Deux véhicules - côté,,,,,,,,,,,1,1,1,1,3
200700080247,0007-12-02 09:18:00,7,12,2,9,18,940,34,AUTOROUTE A86,,,Plein jour,Hors agglomération,Hors intersection,Pluie légère,Autre collision,,,,,,,,,,,1,1,1,2,6
200700080248,0007-12-02 10:20:00,7,12,2,10,20,940,37,AUTOROUTE A6A,,,Plein jour,Hors agglomération,Hors intersection,Pluie légère,Autre collision,,,,,,,,,,,1,1,1,2,6
200700080249,0007-12-02 11:21:00,7,12,2,11,21,910,136,AUTOROUTE A10,,,Plein jour,Hors agglomération,Hors intersection,Pluie forte,Trois véhicules et plus - collisions multiples,,,,,,,,,,,1,1,1,3,5
200700080250,0007-12-03 09:10:00,7,12,3,9,10,910,589,AUTOROUTE A6,,,Plein jour,Hors agglomération,Hors intersection,Normale,Sans collision,,,,,,,,,,,1,1,1,1,7
200700080251,0007-12-04 02:35:00,7,12,4,2,35,910,174,RN 104,,,Nuit sans éclairage public,Hors agglomération,Hors intersection,Normale,Autre collision,,,,,,,,,,,3,1,1,1,6
200700080252,0007-12-04 06:45:00,7,12,4,6,45,910,136,AUTOROUTE A10,,,Nuit sans éclairage public,Hors agglomération,Hors intersection,Pluie légère,Deux véhicules - arrière,,,,,,,,,,,3,1,1,2,2
200700080253,0007-12-05 09:15:00,7,12,5,9,15,910,345,AUTOROUTE A6,,,Crépuscule ou aube,Hors agglomération,Hors intersection,Normale,Trois véhicules et plus - en chaîne,,,,,,,,,,,2,1,1,1,4
200700080254,0007-12-06 08:30:00,7,12,6,8,30,910,363,RN 104,,,Plein jour,Hors agglomération,Hors intersection,Normale,Deux véhicules - côté,,,,,,,,,,,1,1,1,1,3
200700080255,0007-12-06 13:17:00,7,12,6,13,17,940,34,AUTOROUTE A86,,,Plein jour,Hors agglomération,Hors intersection,Pluie légère,Autre collision,,,,,,,,,,,1,1,1,2,6
200700080256,0007-12-06 17:46:00,7,12,6,17,46,910,64,RN 118,,,Nuit avec éclairage non allumé,Hors agglomération,Hors intersection,Pluie légère,Deux véhicules - côté,,,,,,,,,,,4,1,1,2,3
200700080257,0007-12-06 19:46:00,7,12,6,19,46,910,589,AUTOROUTE A6,,,Nuit avec éclairage non allumé,Hors agglomération,Hors intersection,Pluie légère,Trois véhicules et plus - collisions multiples,,,,,,,,,,,4,1,1,2,5
200700080258,0007-12-06 20:09:00,7,12,6,20,9,770,251,AUTOROUTE A5A,,,Nuit sans éclairage public,Hors agglomération,Hors intersection,Pluie forte,Trois véhicules et plus - collisions multiples,,,,,,,,,,,3,1,1,3,5
200700080259,0007-12-07 16:40:00,7,12,7,16,40,940,34,AUTOROUTE A86,,,Plein jour,Hors agglomération,Hors intersection,Pluie légère,Deux véhicules - arrière,,,,,,,,,,,1,1,1,2,2
200700080260,0007-12-07 19:01:00,7,12,7,19,1,910,161,AUTOROUTE A6,,,Nuit avec éclairage allumé,Hors agglomération,Hors intersection,Pluie légère,Deux véhicules - arrière,,,,,,,,,,,5,1,1,2,2
200700080261,0007-12-08 00:30:00,7,12,8,0,30,910,589,AUTOROUTE A6,,,Nuit sans éclairage public,Hors agglomération,Hors intersection,Normale,Sans collision,,,,,,,,,,,3,1,1,1,7
200700080262,0007-12-08 04:30:00,7,12,8,4,30,910,521,RN 441,,,Nuit sans éclairage public,Hors agglomération,Hors intersection,Normale,Deux véhicules - côté,,,,,,,,,,,3,1,1,1,3
200700080263,0007-12-08 07:01:00,7,12,8,7,1,910,363,AUTOROUTE A10,,,Nuit sans éclairage public,Hors agglomération,Hors intersection,Normale,Sans collision,,,,,,,,,,,3,1,1,1,7
200700080264,0007-12-08 20:49:00,7,12,8,20,49,910,377,RN20,,,Nuit avec éclairage allumé,Hors agglomération,Hors intersection,Pluie légère,Deux véhicules - frontale,,,,,,,,,,,5,1,1,2,1
200700080265,0007-12-08 22:15:00,7,12,8,22,15,750,13,AUTOROUTE A6B,,,Nuit avec éclairage allumé,Hors agglomération,Hors intersection,Pluie légère,Sans collision,,,,,,,,,,,5,1,1,2,7
200700080266,0007-12-09 01:40:00,7,12,9,1,40,940,34,AUTOROUTE A86,,,Nuit avec éclairage allumé,Hors agglomération,Hors intersection,Pluie légère,Sans collision,,,,,,,,,,,5,1,1,2,7
200700080267,0007-12-09 05:10:00,7,12,9,5,10,910,521,AUTOROUTE A6,,,Nuit sans éclairage public,Hors agglomération,Hors intersection,Pluie légère,Sans collision,,,,,,,,,,,3,1,1,2,7
200700080268,0007-12-09 13:40:00,7,12,9,13,40,910,589,AUTOROUTE A6,,,Plein jour,Hors agglomération,Hors intersection,Normale,Sans collision,,,,,,,,,,,1,1,1,1,7
200700080269,0007-12-09 18:10:00,7,12,9,18,10,940,3,AUTOROUTE A6A,,,Nuit avec éclairage allumé,Hors agglomération,Hors intersection,Pluie légère,Deux véhicules - arrière,,,,,,,,,,,5,1,1,2,2
200700080270,0007-12-10 08:00:00,7,12,10,8,0,910,161,AUTOROUTE A6,,,Plein jour,Hors agglomération,Hors intersection,Normale,Deux véhicules - côté,,,,,,,,,,,1,1,1,1,3
200700080271,0007-12-10 08:30:00,7,12,10,8,30,770,251,AUTOROUTE A5A,,,Crépuscule ou aube,Hors agglomération,Hors intersection,Temps couvert,Autre collision,,,,,,,,,,,2,1,1,8,6
200700080272,0007-12-10 09:35:00,7,12,10,9,35,910,286,AUTOROUTE A6,,,Plein jour,Hors agglomération,Hors intersection,Pluie légère,Deux véhicules - côté,,,,,,,,,,,1,1,1,2,3
200700080273,0007-12-10 18:55:00,7,12,10,18,55,920,19,RN 385 Extèrieure,,,Nuit avec éclairage allumé,Hors agglomération,Hors intersection,Pluie légère,Trois véhicules et plus - en chaîne,,,,,,,,,,,5,1,1,2,4
200700080274,0007-12-10 23:54:00,7,12,10,23,54,910,377,AUTOROUTE A10,,,Nuit sans éclairage public,Hors agglomération,Hors intersection,Normale,Autre collision,,,,,,,,,,,3,1,1,1,6
200700080275,0007-12-11 00:04:00,7,12,11,0,4,940,37,AUTOROUTE A6B,,,Nuit sans éclairage public,Hors agglomération,Hors intersection,Pluie légère,Deux véhicules - arrière,,,,,,,,,,,3,1,1,2,2
200700080276,0007-12-11 17:30:00,7,12,11,17,30,910,136,RN20,,,Nuit sans éclairage public,Hors agglomération,Hors intersection,Pluie légère,Autre collision,,,,,,,,,,,3,1,1,2,6
200700080277,0007-12-11 20:23:00,7,12,11,20,23,910,64,RN 118,,,Nuit sans éclairage public,Hors agglomération,Hors intersection,Pluie légère,Sans collision,,,,,,,,,,,3,1,1,2,7
200700080278,0007-12-11 05:30:00,7,12,11,5,30,910,471,RN 188 CHEVREUSE,,,Nuit sans éclairage public,Hors agglomération,Hors intersection,Temps couvert,Autre collision,,,,,,,,,,,3,1,1,8,6
200700080279,0007-12-12 08:30:00,7,12,12,8,30,940,21,AUTOROUTE A6A,,,Plein jour,Hors agglomération,Hors intersection,Autre,Autre collision,,,,,,,,,,,1,1,1,9,6
200700080280,0007-12-12 11:55:00,7,12,12,11,55,910,136,AUTOROUTE A10,,,Plein jour,Hors agglomération,Hors intersection,Normale,Deux véhicules - arrière,,,,,,,,,,,1,1,1,1,2
200700080281,0007-12-12 19:22:00,7,12,12,19,22,910,689,AUTOROUTE A6,,,Nuit sans éclairage public,Hors agglomération,Hors intersection,Normale,Trois véhicules et plus - collisions multiples,,,,,,,,,,,3,1,1,1,5
200700080282,0007-12-13 09:02:00,7,12,13,9,2,910,377,RN 188,,,Plein jour,Hors agglomération,Hors intersection,Normale,Sans collision,,,,,,,,,,,1,1,1,1,7
200700080283,0007-12-13 10:20:00,7,12,13,10,20,940,38,AUTOROUTE A6A,,,Plein jour,Hors agglomération,Hors intersection,Normale,Deux véhicules - arrière,,,,,,,,,,,1,1,1,1,2
200700080284,0007-12-14 16:15:00,7,12,14,16,15,910,228,AUTOROUTE A6,,,Plein jour,Hors agglomération,Hors intersection,Normale,Sans collision,,,,,,,,,,,1,1,1,1,7
200700080285,0007-12-14 21:30:00,7,12,14,21,30,910,553,RN 104,,,Nuit avec éclairage allumé,Hors agglomération,Hors intersection,Normale,Deux véhicules - arrière,,,,,,,,,,,5,1,1,1,2
200700080286,0007-12-15 15:45:00,7,12,15,15,45,910,216,AUTOROUTE A6,,,Plein jour,Hors agglomération,Hors intersection,Normale,Deux véhicules - arrière,,,,,,,,,,,1,1,1,1,2
200700080287,0007-12-15 19:30:00,7,12,15,19,30,910,377,AUTOROUTE A10,,,Nuit sans éclairage public,Hors agglomération,Hors intersection,Normale,Autre collision,,,,,,,,,,,3,1,1,1,6
200700080288,0007-12-16 13:15:00,7,12,16,13,15,910,553,RN 104,,,Plein jour,Hors agglomération,Hors intersection,Normale,Deux véhicules - arrière,,,,,,,,,,,1,1,1,1,2
200700080289,0007-12-17 12:00:00,7,12,17,12,0,910,553,RN 104,,,Plein jour,Hors agglomération,Hors intersection,Normale,Deux véhicules - côté,,,,,,,,,,,1,1,1,1,3
200700080290,0007-12-17 12:30:00,7,12,17,12,30,910,174,RN 104,,,Plein jour,Hors agglomération,Hors intersection,Normale,Trois véhicules et plus - en chaîne,,,,,,,,,,,1,1,1,1,4
200700080291,0007-12-17 18:10:00,7,12,17,18,10,910,661,AUTOROUTE A10,,,Nuit sans éclairage public,Hors agglomération,Hors intersection,Normale,Deux véhicules - arrière,,,,,,,,,,,3,1,1,1,2