accident_id,datetime,annee,mois,jour,heure,minute,departement,commune_insee,adresse,latitude,longitude,luminosite,agglomeration,intersection,meteo,collision,nb_vehicules,nb_usagers,nb_indemnes,nb_tues,nb_blesses_hosp,nb_blesses_legers,age_cond_1,age_cond_2,veh_type_cond_1,veh_type_cond_2,lum_code,agg_code,int_code,atm_code,col_code
200700080292,0007-12-17 20:05:00,7,12,17,20,5,940,38,AUTOROUTE A6B,,,Nuit avec éclairage allumé,Hors agglomération,Hors intersection,Normale,Deux véhicules - côté,,,,,,,,,,,5,1,1,1,3
200700080293,0007-12-18 16:00:00,7,12,18,16,0,910,377,AUTOROUTE A10,,,Plein jour,Hors agglomération,Hors intersection,Normale,Deux véhicules - arrière,,,,,,,,,,,1,1,1,1,2
200700080294,0007-12-19 09:25:00,7,12,19,9,25,940,16,AUTOROUTE A6A,,,Plein jour,Hors agglomération,Hors intersection,Normale,Autre collision,,,,,,,,,,,1,1,1,1,6
200700080295,0007-12-19 19:06:00,7,12,19,19,6,910,689,AUTOROUTE A6,,,Nuit sans éclairage public,Hors agglomération,Hors intersection,Normale,Trois véhicules et plus - collisions multiples,,,,,,,,,,,3,1,1,1,5
200700080296,0007-12-20 18:10:00,7,12,20,18,10,910,179,AUTOROUTE A6,,,Nuit sans éclairage public,Hors agglomération,Autre intersection,Normale,Deux véhicules - arrière,,,,,,,,,,,3,1,9,1,2
200700080297,0007-12-23 15:05:00,7,12,23,15,5,940,38,AUTOROUTE A6A,,,Plein jour,Hors agglomération,Hors intersection,Normale,Trois véhicules et plus - en chaîne,,,,,,,,,,,1,1,1,1,4
200700080298,0007-12-24 02:33:00,7,12,24,2,33,910,286,AUTOROUTE A6,,,Nuit sans éclairage public,Hors agglomération,Hors intersection,Normale,Sans collision,,,,,,,,,,,3,1,1,1,7
200700080299,0007-12-24 15:52:00,7,12,24,15,52,910,312,RN 444,,,Plein jour,Hors agglomération,Hors intersection,Normale,Deux véhicules - arrière,,,,,,,,,,,1,1,1,1,2
200700080300,0007-12-25 08:23:00,7,12,25,8,23,920,2,AUTOROUTE A6,,,Plein jour,Hors agglomération,Hors intersection,Normale,Autre collision,,,,,,,,,,,1,1,1,1,6
200700080301,0007-12-25 19:37:00,7,12,25,19,37,910,363,AUTOROUTE A10,,,Nuit sans éclairage public,Hors agglomération,Hors intersection,Normale,Trois véhicules et plus - en chaîne,,,,,,,,,,,3,1,1,1,4
200700080302,0007-12-25 21:00:00,7,12,25,21,0,910,228,RN 104,,,Nuit sans éclairage public,Hors agglomération,Hors intersection,Normale,Trois véhicules et plus - en chaîne,,,,,,,,,,,3,1,1,1,4
200700080303,0007-12-26 02:55:00,7,12,26,2,55,750,13,AUTOROUTE A6B,,,Nuit avec éclairage allumé,Hors agglomération,Hors intersection,Pluie légère,Sans collision,,,,,,,,,,,5,1,1,2,7
200700080304,0007-12-26 11:53:00,7,12,26,11,53,940,34,AUTOROUTE A6A,,,Plein jour,Hors agglomération,Hors intersection,Normale,Deux véhicules - côté,,,,,,,,,,,1,1,1,1,3
200700080305,0007-12-26 16:05:00,7,12,26,16,5,910,363,AUTOROUTE A10,,,Plein jour,Hors agglomération,Hors intersection,Pluie légère,Deux véhicules - arrière,,,,,,,,,,,1,1,1,2,2
200700080306,0007-12-26 16:19:00,7,12,26,16,19,910,363,RN 104,,,Plein jour,Hors agglomération,Hors intersection,Pluie légère,Deux véhicules - frontale,,,,,,,,,,,1,1,1,2,1
200700080307,0007-12-27 18:10:00,7,12,27,18,10,940,76,AUTOROUTE A6B,,,Nuit sans éclairage public,Hors agglomération,Hors intersection,Pluie légère,Deux véhicules - arrière,,,,,,,,,,,3,1,1,2,2
200700080308,0007-12-28 08:42:00,7,12,28,8,42,940,3,AUTOROUTE A6A,,,Plein jour,Hors agglomération,Hors intersection,Normale,Deux véhicules - côté,,,,,,,,,,,1,1,1,1,3
200700080309,0007-12-29 15:11:00,7,12,29,15,11,910,521,RN 104,,,Plein jour,Hors agglomération,Hors intersection,Temps couvert,Autre collision,,,,,,,,,,,1,1,1,8,6
200700080310,0007-12-29 17:00:00,7,12,29,17,0,910,689,AUTOROUTE A6,,,Plein jour,Hors agglomération,Hors intersection,Normale,Deux véhicules - arrière,,,,,,,,,,,1,1,1,1,2
200700080311,0007-12-29 17:40:00,7,12,29,17,40,940,34,AUTOROUTE A6A,,,Nuit sans éclairage public,Hors agglomération,Hors intersection,Pluie légère,Deux véhicules - arrière,,,,,,,,,,,3,1,1,2,2
200700080312,0007-12-30 07:30:00,7,12,30,7,30,910,432,AUTOROUTE A6,,,Nuit sans éclairage public,Hors agglomération,Hors intersection,Normale,Trois véhicules et plus - collisions multiples,,,,,,,,,,,3,1,1,1,5
200700080313,0007-12-30 11:43:00,7,12,30,11,43,910,689,AUTOROUTE A6B,,,Plein jour,Hors agglomération,Hors intersection,Normale,Trois véhicules et plus - collisions multiples,,,,,,,,,,,1,1,1,1,5
200700080314,0007-12-31 06:38:00,7,12,31,6,38,910,174,RN 104,,,Nuit sans éclairage public,Hors agglomération,Hors intersection,Normale,Autre collision,,,,,,,,,,,3,1,1,1,6
200700080315,0007-12-31 22:05:00,7,12,31,22,5,910,228,RN 104,,,Nuit sans éclairage public,Hors agglomération,Hors intersection,Brouillard / fumée,Deux véhicules - côté,,,,,,,,,,,3,1,1,5,3
200700080316,0007-12-01 16:14:00,7,12,1,16,14,202,33,"15, PAOLI DU NR 1 A 20 -",,,Crépuscule ou aube,En agglomération,Hors intersection,Normale,Deux véhicules - côté,,,,,,,,,,,2,2,1,1,3
200700080317,0007-12-01 23:46:00,7,12,1,23,46,202,33,"SANS, FRONT DE MER - ROU",,,Nuit avec éclairage allumé,En agglomération,Hors intersection,Normale,Deux véhicules - frontale,,,,,,,,,,,5,2,1,1,1
200700080318,0007-12-04 09:12:00,7,12,4,9,12,202,353,"SANS, TOUTES RUES",,,Plein jour,En agglomération,Hors intersection,Normale,Autre collision,,,,,,,,,,,1,2,1,1,6
200700080319,0007-12-08 10:36:00,7,12,8,10,36,202,33,"SANS, TOUTES RUES",,,Plein jour,En agglomération,Hors intersection,Normale,Deux véhicules - arrière,,,,,,,,,,,1,2,1,1,2
200700080320,0007-12-12 14:35:00,7,12,12,14,35,202,33,"SANS, TOUTES RUES",,,Plein jour,En agglomération,Hors intersection,Normale,Deux véhicules - arrière,,,,,,,,,,,1,2,1,1,2
200700080321,0007-12-20 18:16:00,7,12,20,18,16,202,33,"SANS, AV DE LA LIBERATIO",,,Nuit avec éclairage allumé,En agglomération,Hors intersection,Normale,Deux véhicules - côté,,,,,,,,,,,5,2,1,1,3
200700080322,0007-12-20 19:21:00,7,12,20,19,21,202,120,"SANS, TOUTES RUES",,,Nuit avec éclairage allumé,En agglomération,Hors intersection,Normale,Trois véhicules et plus - en chaîne,,,,,,,,,,,5,2,1,1,4
200700080323,0007-12-21 15:14:00,7,12,21,15,14,202,33,"SANS, TOUTES RUES",,,Plein jour,En agglomération,Hors intersection,Normale,Autre collision,,,,,,,,,,,1,2,1,1,6
200700080324,0007-12-22 21:40:00,7,12,22,21,40,202,33,"13, GAUDIN - BLD AUGUSTE",,,Nuit avec éclairage allumé,En agglomération,Hors intersection,Normale,Deux véhicules - arrière,,,,,,,,,,,5,2,1,1,2
200700080325,0007-12-22 16:40:00,7,12,22,16,40,202,37,"SANS, TOUTES RUES",,,Plein jour,Hors agglomération,Intersection en X,Pluie légère,Deux véhicules - côté,,,,,,,,,,,1,1,2,2,3
200700080326,0007-12-23 12:58:00,7,12,23,12,58,202,120,"SANS, TOUTES RUES",,,Plein jour,Hors agglomération,Hors intersection,Normale,Autre collision,,,,,,,,,,,1,1,1,1,6
200700080327,0007-12-23 02:53:00,7,12,23,2,53,202,33,"SANS, ABATUCCI - RUE",,,Nuit avec éclairage allumé,Hors agglomération,Hors intersection,Pluie forte,Autre collision,,,,,,,,,,,5,1,1,3,6
200700080328,0007-12-24 14:53:00,7,12,24,14,53,202,33,"SANS, AV DE LA LIBERATIO",,,Plein jour,Hors agglomération,Hors intersection,Normale,Trois véhicules et plus - en chaîne,,,,,,,,,,,1,1,1,1,4
200700080329,0007-12-25 00:23:00,7,12,25,0,23,202,33,"SANS, AV DE LA LIBERATIO",,,Nuit avec éclairage allumé,En agglomération,Hors intersection,Normale,Trois véhicules et plus - collisions multiples,,,,,,,,,,,5,2,1,1,5
200700080330,0007-12-31 14:24:00,7,12,31,14,24,202,33,"sans, GIRAUD - BD GENERA",,,Plein jour,En agglomération,Hors intersection,Normale,Deux véhicules - côté,,,,,,,,,,,1,2,1,1,3
200700080331,0007-12-05 13:45:00,7,12,5,13,45,690,382,"09, QUAI JULES COURMONT",,,Plein jour,En agglomération,Hors intersection,Normale,Autre collision,,,,,,,,,,,1,2,1,1,6
200700080332,0007-12-11 17:00:00,7,12,11,17,0,690,382,RUE DE LA BOURSE,,,Nuit avec éclairage allumé,En agglomération,Hors intersection,Temps couvert,Autre collision,,,,,,,,,,,5,2,1,8,6
200700080333,0007-12-26 17:40:00,7,12,26,17,40,690,382,"2, PLACE BELLECOUR",,,Nuit avec éclairage allumé,En agglomération,Hors intersection,Pluie légère,Autre collision,,,,,,,,,,,5,2,1,2,6
200700080334,0007-12-01 07:55:00,7,12,1,7,55,590,560,AUTOROUTE A1,,,Plein jour,Hors agglomération,Hors intersection,Normale,Autre collision,,,,,,,,,,,1,1,1,1,6
200700080335,0007-12-01 10:20:00,7,12,1,10,20,590,350,AUTOROUTE A25,,,Plein jour,Hors agglomération,Hors intersection,Pluie légère,Autre collision,,,,,,,,,,,1,1,1,2,6
200700080336,0007-12-02 09:30:00,7,12,2,9,30,590,183,AUTOROUTE A16,,,Plein jour,Hors agglomération,Hors intersection,Pluie légère,Autre collision,,,,,,,,,,,1,1,1,2,6
200700080337,0007-12-02 19:10:00,7,12,2,19,10,620,274,AUTOROUTE A1,,,Nuit avec éclairage allumé,Hors agglomération,Hors intersection,Pluie légère,Autre collision,,,,,,,,,,,5,1,1,2,6
200700080338,0007-12-03 08:50:00,7,12,3,8,50,590,350,ROUTE DEPARTEMENTALE 656,,,Plein jour,Hors agglomération,Hors intersection,Normale,Autre collision,,,,,,,,,,,1,1,1,1,6
200700080339,0007-12-05 20:25:00,7,12,5,20,25,590,459,AUTOROUTE A23,,,Nuit avec éclairage allumé,Hors agglomération,Hors intersection,Normale,Autre collision,,,,,,,,,,,5,1,1,1,6
200700080340,0007-12-06 08:45:00,7,12,6,8,45,590,378,ROUTE DEPARTEMENTALE 652,,,Plein jour,Hors agglomération,Hors intersection,Pluie légère,Sans collision,,,,,,,,,,,1,1,1,2,7
200700080341,0007-12-06 10:50:00,7,12,6,10,50,590,350,ROUTE NATIONALE 351,,,Plein jour,Hors agglomération,Hors intersection,Pluie légère,Deux véhicules - arrière,,,,,,,,,,,1,1,1,2,2
200700080342,0007-12-06 13:40:00,7,12,6,13,40,620,351,AUTOROUTE A21,,,Plein jour,Hors agglomération,Hors intersection,Pluie légère,Autre collision,,,,,,,,,,,1,1,1,2,6
200700080343,0007-12-06 20:50:00,7,12,6,20,50,590,183,AUTOROUTE A16,,,Nuit avec éclairage allumé,Hors agglomération,Hors intersection,Vent fort / tempête,Sans collision,,,,,,,,,,,5,1,1,6,7
200700080344,0007-12-07 19:10:00,7,12,7,19,10,590,350,ROUTE DEPARTEMENTALE 656,,,Nuit avec éclairage allumé,Hors agglomération,Hors intersection,Normale,Trois véhicules et plus - collisions multiples,,,,,,,,,,,5,1,1,1,5
200700080345,0007-12-07 19:40:00,7,12,7,19,40,590,665,AUTOROUTE A25,,,Nuit avec éclairage allumé,Hors agglomération,Hors intersection,Normale,Autre collision,,,,,,,,,,,5,1,1,1,6
200700080346,0007-12-08 16:45:00,7,12,8,16,45,620,498,AUTOROUTE A21,,,Plein jour,Hors agglomération,Hors intersection,Pluie légère,Deux véhicules - arrière,,,,,,,,,,,1,1,1,2,2
200700080347,0007-12-08 21:00:00,7,12,8,21,0,590,350,ROUTE DEPARTEMENTALE 656,,,Nuit avec éclairage allumé,Hors agglomération,Hors intersection,Pluie légère,Autre collision,,,,,,,,,,,5,1,1,2,6
200700080348,0007-12-08 22:00:00,7,12,8,22,0,590,350,ROUTE DEPARTEMENTALE 656,,,Nuit avec éclairage allumé,Hors agglomération,Hors intersection,Pluie légère,Autre collision,,,,,,,,,,,5,1,1,2,6
200700080349,0007-12-18 01:40:00,7,12,18,1,40,590,507,AUTOROUTE A1,,,Nuit avec éclairage allumé,Hors agglomération,Hors intersection,Pluie légère,Autre collision,,,,,,,,,,,5,1,1,2,6
200700080350,0007-12-09 06:25:00,7,12,9,6,25,590,350,ROUTE DEPARTEMENTALE 656,,,Nuit avec éclairage allumé,Hors agglomération,Hors intersection,Normale,Autre collision,,,,,,,,,,,5,1,1,1,6
200700080351,0007-12-09 11:15:00,7,12,9,11,15,590,343,AUTOROUTE A1,,,Plein jour,Hors agglomération,Hors intersection,Pluie légère,Autre collision,,,,,,,,,,,1,1,1,2,6
200700080352,0007-12-09 22:30:00,7,12,9,22,30,590,350,ROUTE NATIONALE 351,,,Nuit avec éclairage allumé,Hors agglomération,Hors intersection,Pluie légère,Autre collision,,,,,,,,,,,5,1,1,2,6
200700080353,0007-12-09 21:40:00,7,12,9,21,40,590,350,ROUTE NATIONALE 351,,,Nuit avec éclairage allumé,Hors agglomération,Hors intersection,Pluie légère,Autre collision,,,,,,,,,,,5,1,1,2,6
200700080354,0007-12-10 08:40:00,7,12,10,8,40,590,560,AUTOROUTE A1,,,Plein jour,Hors agglomération,Hors intersection,Pluie légère,Autre collision,,,,,,,,,,,1,1,1,2,6
200700080355,0007-12-10 08:35:00,7,12,10,8,35,590,515,AUTOROUTE A2,,,Plein jour,Hors agglomération,Hors intersection,Pluie légère,Autre collision,,,,,,,,,,,1,1,1,2,6
200700080356,0007-12-10 10:45:00,7,12,10,10,45,590,9,ROUTE NATIONALE 227,,,Plein jour,Hors agglomération,Hors intersection,Pluie légère,Trois véhicules et plus - collisions multiples,,,,,,,,,,,1,1,1,2,5
200700080357,0007-12-10 19:30:00,7,12,10,19,30,590,378,AUTOROUTE A22,,,Nuit avec éclairage allumé,Hors agglomération,Hors intersection,Pluie légère,Autre collision,,,,,,,,,,,5,1,1,2,6
200700080358,0007-12-11 07:00:00,7,12,11,7,0,590,507,AUTOROUTE A1,,,Nuit avec éclairage allumé,Hors agglomération,Hors intersection,Pluie légère,Autre collision,,,,,,,,,,,5,1,1,2,6
200700080359,0007-12-11 07:10:00,7,12,11,7,10,590,599,ROUTE DEPARTYEMENTALE 65,,,Nuit avec éclairage allumé,Hors agglomération,Hors intersection,Pluie légère,Autre collision,,,,,,,,,,,5,1,1,2,6
200700080360,0007-12-11 09:10:00,7,12,11,9,10,590,401,AUTOROUTE A25,,,Plein jour,Hors agglomération,Hors intersection,Pluie légère,Autre collision,,,,,,,,,,,1,1,1,2,6
200700080361,0007-12-11 11:35:00,7,12,11,11,35,620,498,AUTOROUTE A21,,,Plein jour,Hors agglomération,Hors intersection,Pluie légère,Autre collision,,,,,,,,,,,1,1,1,2,6
200700080362,0007-12-11 12:20:00,7,12,11,12,20,620,528,AUTOROUTE A21,,,Plein jour,Hors agglomération,Hors intersection,Pluie légère,Autre collision,,,,,,,,,,,1,1,1,2,6
200700080363,0007-12-11 17:20:00,7,12,11,17,20,590,355,ROUTE DEPARTEMENTALE 652,,,Nuit avec éclairage allumé,Hors agglomération,Hors intersection,Normale,Autre collision,,,,,,,,,,,5,1,1,1,6
200700080364,0007-12-11 18:00:00,7,12,11,18,0,620,193,AUTOROUTE A16,,,Nuit avec éclairage allumé,Hors agglomération,Hors intersection,Normale,Autre collision,,,,,,,,,,,5,1,1,1,6
200700080365,0007-12-12 09:40:00,7,12,12,9,40,590,556,AUTOROUTE A25,,,Plein jour,Hors agglomération,Hors intersection,Normale,Autre collision,,,,,,,,,,,1,1,1,1,6
200700080366,0007-12-12 11:15:00,7,12,12,11,15,590,609,AUTOROUTE A1,,,Plein jour,Hors agglomération,Hors intersection,Normale,Autre collision,,,,,,,,,,,1,1,1,1,6
200700080367,0007-12-12 11:35:00,7,12,12,11,35,590,350,ROUTE DEPARTEMENTALE 656,,,Plein jour,Hors agglomération,Hors intersection,Normale,Autre collision,,,,,,,,,,,1,1,1,1,6
200700080368,0007-12-12 14:40:00,7,12,12,14,40,590,560,AUTOROUTE A1,,,Plein jour,Hors agglomération,Hors intersection,Normale,Autre collision,,,,,,,,,,,1,1,1,1,6
200700080369,0007-12-13 04:15:00,7,12,13,4,15,590,305,AUTOROUTE A25,,,Nuit avec éclairage allumé,Hors agglomération,Hors intersection,Pluie légère,Autre collision,,,,,,,,,,,5,1,1,2,6
200700080370,0007-12-13 07:10:00,7,12,13,7,10,590,435,AUTOROUTE A23,,,Nuit avec éclairage allumé,Hors agglomération,Hors intersection,Normale,Autre collision,,,,,,,,,,,5,1,1,1,6
200700080371,0007-12-13 08:35:00,7,12,13,8,35,590,90,ROUTE DEPARTEMENTALE 652,,,Plein jour,Hors agglomération,Hors intersection,Normale,Autre collision,,,,,,,,,,,1,1,1,1,6
200700080372,0007-12-14 17:40:00,7,12,14,17,40,590,556,AUTOROUTE A25,,,Nuit avec éclairage allumé,Hors agglomération,Hors intersection,Normale,Trois véhicules et plus - en chaîne,,,,,,,,,,,5,1,1,1,4
200700080373,0007-12-14 21:30:00,7,12,14,21,30,590,237,AUTOROUTE A25,,,Nuit avec éclairage allumé,Hors agglomération,Hors intersection,Normale,Autre collision,,,,,,,,,,,5,1,1,1,6
200700080374,0007-12-14 22:50:00,7,12,14,22,50,590,195,AUTOROUTE A25,,,Nuit avec éclairage allumé,Hors agglomération,Hors intersection,Normale,Sans collision,,,,,,,,,,,5,1,1,1,7
200700080375,0007-12-17 03:30:00,7,12,17,3,30,620,548,AUTOROUTE A16,,,Nuit avec éclairage allumé,Hors agglomération,Hors intersection,Normale,Autre collision,,,,,,,,,,,5,1,1,1,6
200700080376,0007-12-17 08:45:00,7,12,17,8,45,590,459,AUTOROUTE A23,,,Plein jour,Hors agglomération,Hors intersection,Brouillard / fumée,Trois véhicules et plus - collisions multiples,,,,,,,,,,,1,1,1,5,5
200700080377,0007-12-18 10:15:00,7,12,18,10,15,590,410,ROUTE DEPARTEMENTALE 656,,,Plein jour,Hors agglomération,Hors intersection,Normale,Autre collision,,,,,,,,,,,1,1,1,1,6
200700080378,0007-12-18 13:30:00,7,12,18,13,30,590,429,AUTOROUTE A2,,,Plein jour,Hors agglomération,Hors intersection,Normale,Autre collision,,,,,,,,,,,1,1,1,1,6
200700080379,0007-12-20 07:10:00,7,12,20,7,10,590,286,AUTOROUTE A25,,,Nuit avec éclairage allumé,Hors agglomération,Hors intersection,Normale,Autre collision,,,,,,,,,,,5,1,1,1,6
200700080380,0007-12-22 11:20:00,7,12,22,11,20,590,378,AUTOROUTE A22,,,Plein jour,Hors agglomération,Hors intersection,Normale,Autre collision,,,,,,,,,,,1,1,1,1,6
200700080381,0007-12-22 12:40:00,7,12,22,12,40,590,410,ROUTE DEPARTEMENTALE 656,,,Plein jour,Hors agglomération,Hors intersection,Normale,Autre collision,,,,,,,,,,,1,1,1,1,6
200700080382,0007-12-22 21:50:00,7,12,22,21,50,590,348,AUTOROUTE A2,,,Nuit avec éclairage allumé,Hors agglomération,Hors intersection,Normale,Autre collision,,,,,,,,,,,5,1,1,1,6
200700080383,0007-12-26 08:08:00,7,12,26,8,8,620,193,AUTOROUTE A16,,,Nuit avec éclairage allumé,Hors agglomération,Hors intersection,Normale,Autre collision,,,,,,,,,,,5,1,1,1,6
200700080384,0007-12-26 13:45:00,7,12,26,13,45,620,624,AUTOROUTE A1,,,Plein jour,Hors agglomération,Hors intersection,Brouillard / fumée,Autre collision,,,,,,,,,,,1,1,1,5,6
200700080385,0007-12-27 08:00:00,7,12,27,8,0,590,343,ROUTE NATIONALE 227,,,Crépuscule ou aube,Hors agglomération,Hors intersection,Normale,Autre collision,,,,,,,,,,,2,1,1,1,6
200700080386,0007-12-28 07:45:00,7,12,28,7,45,590,346,ROUTE NATIONALE 227,,,Nuit avec éclairage allumé,Hors agglomération,Hors intersection,Pluie légère,Autre collision,,,,,,,,,,,5,1,1,2,6
200700080387,0007-12-29 12:45:00,7,12,29,12,45,620,498,AUTOROUTE A211,,,Plein jour,Hors agglomération,Hors intersection,Pluie légère,Autre collision,,,,,,,,,,,1,1,1,2,6
200700080388,0007-12-30 00:15:00,7,12,30,0,15,590,90,ROUTE DEPARTEMENTALE 652,,,Nuit avec éclairage allumé,Hors agglomération,Hors intersection,Normale,Autre collision,,,,,,,,,,,5,1,1,1,6
200700080389,0007-12-30 07:00:00,7,12,30,7,0,590,350,ROUTE NATIONALE 351,,,Nuit avec éclairage allumé,Hors agglomération,Hors intersection,Normale,Autre collision,,,,,,,,,,,5,1,1,1,6
200700080390,0007-12-30 11:15:00,7,12,30,11,15,590,459,AUTOROUTE A23,,,Plein jour,Hors agglomération,Hors intersection,Normale,Autre collision,,,,,,,,,,,1,1,1,1,6
200700080391,0007-12-31 08:00:00,7,12,31,8,0,590,350,AUTOROUTE A25,,,Nuit avec éclairage allumé,Hors agglomération,Hors intersection,Normale,Autre collision,,,,,,,,,,,5,1,1,1,6
200700080392,0007-12-31 09:45:00,7,12,31,9,45,620,766,AUTOROUTE A16,,,Plein jour,Hors agglomération,Hors intersection,Normale,Autre collision,,,,,,,,,,,1,1,1,1,6
200700080393,0007-12-31 10:30:00,7,12,31,10,30,590,544,AUTOROUTE A2,,,Plein jour,Hors agglomération,Hors intersection,Normale,Autre collision,,,,,,,,,,,1,1,1,1,6
200700080394,0007-12-31 12:20:00,7,12,31,12,20,620,528,AUTOROUTE A21,,,Plein jour,Hors agglomération,Hors intersection,Normale,Autre collision,,,,,,,,,,,1,1,1,1,6
200700080395,0007-12-31 18:20:00,7,12,31,18,20,590,271,AUTOROUTE A16,,,Nuit avec éclairage allumé,Hors agglomération,Hors intersection,Normale,Autre collision,,,,,,,,,,,5,1,1,1,6
200700080396,0007-12-03 22:20:00,7,12,3,22,20,690,386,"70, ALLEE ACHILLE LIGNON",,,Nuit avec éclairage allumé,En agglomération,Hors intersection,Pluie forte,Autre collision,,,,,,,,,,,5,2,1,3,6
200700080397,0007-12-03 22:45:00,7,12,3,22,45,690,383,RUE COMMANDANT MARCHAND,,,Nuit avec éclairage allumé,En agglomération,Intersection en T,Pluie légère,Autre collision,,,,,,,,,,,5,2,3,2,6
200700080398,0007-12-05 09:40:00,7,12,5,9,40,690,383,"7, RUE DU DAUPHINE",,,Plein jour,En agglomération,Hors intersection,Normale,Autre collision,,,,,,,,,,,1,2,1,1,6
200700080399,0007-12-02 18:40:00,7,12,2,18,40,690,386,RUE DUQUESNE,,,Nuit avec éclairage allumé,En agglomération,Intersection en X,Normale,Deux véhicules - côté,,,,,,,,,,,5,2,2,1,3
200700080400,0007-12-09 22:00:00,7,12,9,22,0,690,386,BOULEVARD DES BELGES,,,Nuit avec éclairage allumé,En agglomération,Intersection en X,Pluie légère,Deux véhicules - côté,,,,,,,,,,,5,2,2,2,3
200700080401,0007-12-10 13:30:00,7,12,10,13,30,690,383,RUE DE L EGLISE,,,Plein jour,En agglomération,Intersection en X,Pluie légère,Deux véhicules - côté,,,,,,,,,,,1,2,2,2,3
200700080402,0007-12-10 19:05:00,7,12,10,19,5,690,383,"26, RUE VILLEROY",,,Nuit avec éclairage allumé,En agglomération,Intersection en T,Pluie légère,Autre collision,,,,,,,,,,,5,2,3,2,6
200700080403,0007-12-14 22:00:00,7,12,14,22,0,690,383,AVENUE LACASSAGNE,,,Nuit avec éclairage allumé,En agglomération,Intersection en X,Normale,Deux véhicules - côté,,,,,,,,,,,5,2,2,1,3
200700080404,0007-12-14 22:05:00,7,12,14,22,5,690,386,COURS FRANKLIN ROOSEVELT,,,Nuit avec éclairage allumé,En agglomération,Intersection en X,Normale,Trois véhicules et plus - collisions multiples,,,,,,,,,,,5,2,2,1,5
200700080405,0007-12-22 17:50:00,7,12,22,17,50,690,383,"14, RUE MAURICE FLANDIN",,,Nuit avec éclairage allumé,En agglomération,Intersection en X,Normale,Autre collision,,,,,,,,,,,5,2,2,1,6
200700080406,0007-12-27 11:00:00,7,12,27,11,0,690,383,"50/52, COURS GAMBETTA",,,Plein jour,En agglomération,Hors intersection,Normale,Autre collision,,,,,,,,,,,1,2,1,1,6
200700080407,0007-12-03 18:45:00,7,12,3,18,45,690,384,"25, RUE PHILIPPE DE LASS",,,Nuit avec éclairage allumé,En agglomération,Intersection en X,Normale,Deux véhicules - côté,,,,,,,,,,,5,2,2,1,3
200700080408,0007-12-10 10:50:00,7,12,10,10,50,690,384,"4, RUE DE BELFORT",,,Plein jour,En agglomération,Intersection en X,Pluie légère,Autre collision,,,,,,,,,,,1,2,2,2,6
200700080409,0007-12-14 08:15:00,7,12,14,8,15,690,384,"86, RUE HENON",,,Crépuscule ou aube,En agglomération,Hors intersection,Normale,Autre collision,,,,,,,,,,,2,2,1,1,6
200700080410,0007-12-21 15:45:00,7,12,21,15,45,690,384,"23, RUE HENRI GORJUS",,,Plein jour,En agglomération,Intersection en X,Normale,Deux véhicules - côté,,,,,,,,,,,1,2,2,1,3
200700080411,0007-12-01 12:05:00,7,12,1,12,5,330,39,ROCADE A 631,,,Plein jour,Hors agglomération,Hors intersection,Pluie légère,Sans collision,,,,,,,,,,,1,1,1,2,7
200700080412,0007-12-03 09:25:00,7,12,3,9,25,330,249,ROCADE A 630,,,Plein jour,Hors agglomération,Hors intersection,Normale,Sans collision,,,,,,,,,,,1,1,1,1,7
200700080413,0007-12-03 10:15:00,7,12,3,10,15,330,318,ROCADE A 630,,,Plein jour,Hors agglomération,Hors intersection,Normale,Deux véhicules - arrière,,,,,,,,,,,1,1,1,1,2
200700080414,0007-12-03 10:30:00,7,12,3,10,30,330,318,ROCADE A 630,,,Plein jour,Hors agglomération,Hors intersection,Pluie légère,Sans collision,,,,,,,,,,,1,1,1,2,7
200700080415,0007-12-04 12:10:00,7,12,4,12,10,330,318,ROCADE A 630,,,Plein jour,Hors agglomération,Hors intersection,Pluie légère,Sans collision,,,,,,,,,,,1,1,1,2,7
200700080416,0007-12-04 18:00:00,7,12,4,18,0,330,249,ROUTE NATIONALE 230,,,Nuit avec éclairage allumé,Hors agglomération,Hors intersection,Normale,Deux véhicules - côté,,,,,,,,,,,5,1,1,1,3
200700080417,0007-12-05 03:00:00,7,12,5,3,0,330,13,ROUTE NATIONALE 230,,,Nuit avec éclairage allumé,Hors agglomération,Hors intersection,Pluie légère,Autre collision,,,,,,,,,,,5,1,1,2,6
200700080418,0007-12-05 14:15:00,7,12,5,14,15,330,65,ROUTE NATIONALE 230,,,Plein jour,Hors agglomération,Hors intersection,Pluie légère,Deux véhicules - côté,,,,,,,,,,,1,1,1,2,3
200700080419,0007-12-05 20:10:00,7,12,5,20,10,330,192,ROCADE A 630,,,Nuit avec éclairage allumé,Hors agglomération,Hors intersection,Normale,Sans collision,,,,,,,,,,,5,1,1,1,7
200700080420,0007-12-08 16:55:00,7,12,8,16,55,330,192,ROCADE A 630,,,Plein jour,Hors agglomération,Hors intersection,Pluie légère,Deux véhicules - côté,,,,,,,,,,,1,1,1,2,3
200700080421,0007-12-09 04:35:00,7,12,9,4,35,330,65,ROUTE NATIONALE 230,,,Nuit avec éclairage allumé,Hors agglomération,Hors intersection,Pluie légère,Deux véhicules - arrière,,,,,,,,,,,5,1,1,2,2
200700080422,0007-12-09 12:25:00,7,12,9,12,25,330,318,ROCADE A 630,,,Plein jour,Hors agglomération,Hors intersection,Pluie légère,Autre collision,,,,,,,,,,,1,1,1,2,6