accident_id,datetime,annee,mois,jour,heure,minute,departement,commune_insee,adresse,latitude,longitude,luminosite,agglomeration,intersection,meteo,collision,nb_vehicules,nb_usagers,nb_indemnes,nb_tues,nb_blesses_hosp,nb_blesses_legers,age_cond_1,age_cond_2,veh_type_cond_1,veh_type_cond_2,lum_code,agg_code,int_code,atm_code,col_code
200700080423,0007-12-09 13:25:00,7,12,9,13,25,330,192,ROCADE A 630,,,Plein jour,Hors agglomération,Hors intersection,Pluie légère,Autre collision,,,,,,,,,,,1,1,1,2,6
200700080424,0007-12-09 14:20:00,7,12,9,14,20,330,39,ROCADE A 631,,,Plein jour,Hors agglomération,Hors intersection,Pluie légère,Sans collision,,,,,,,,,,,1,1,1,2,7
200700080425,0007-12-12 17:10:00,7,12,12,17,10,330,75,ROCADE A 630,,,Plein jour,Hors agglomération,Hors intersection,Normale,Deux véhicules - arrière,,,,,,,,,,,1,1,1,1,2
200700080426,0007-12-17 11:30:00,7,12,17,11,30,330,550,ROCADE A 630,,,Plein jour,Hors agglomération,Hors intersection,Normale,Autre collision,,,,,,,,,,,1,1,1,1,6
200700080427,0007-12-18 06:25:00,7,12,18,6,25,330,487,AUTOROUTE A 10,,,Crépuscule ou aube,Hors agglomération,Hors intersection,Normale,Trois véhicules et plus - en chaîne,,,,,,,,,,,2,1,1,1,4
200700080428,0007-12-19 19:30:00,7,12,19,19,30,330,65,ROUTE NATIONALE 230,,,Nuit avec éclairage allumé,Hors agglomération,Hors intersection,Normale,Deux véhicules - arrière,,,,,,,,,,,5,1,1,1,2
200700080429,0007-12-21 02:55:00,7,12,21,2,55,330,39,ROCADE A 631,,,Nuit avec éclairage allumé,Hors agglomération,Hors intersection,Normale,Sans collision,,,,,,,,,,,5,1,1,1,7
200700080430,0007-12-21 16:00:00,7,12,21,16,0,330,550,ROCADE A 630,,,Plein jour,Hors agglomération,Hors intersection,Normale,Sans collision,,,,,,,,,,,1,1,1,1,7
200700080431,0007-12-22 19:00:00,7,12,22,19,0,330,249,ROUTE NATIONALE 230,,,Nuit avec éclairage allumé,Hors agglomération,Hors intersection,Normale,Sans collision,,,,,,,,,,,5,1,1,1,7
200700080432,0007-12-22 19:05:00,7,12,22,19,5,330,249,ROCADE A 630,,,Nuit avec éclairage allumé,Hors agglomération,Hors intersection,Normale,Deux véhicules - arrière,,,,,,,,,,,5,1,1,1,2
200700080433,0007-12-23 04:20:00,7,12,23,4,20,330,397,AUTOROUTE A 10,,,Nuit avec éclairage allumé,Hors agglomération,Hors intersection,Normale,Autre collision,,,,,,,,,,,5,1,1,1,6
200700080434,0007-12-23 04:51:00,7,12,23,4,51,330,39,ROCADE A 631,,,Nuit avec éclairage allumé,Hors agglomération,Hors intersection,Normale,Trois véhicules et plus - en chaîne,,,,,,,,,,,5,1,1,1,4
200700080435,0007-12-27 19:00:00,7,12,27,19,0,330,69,ROUTE NATIONALE 230,,,Nuit avec éclairage allumé,Hors agglomération,Hors intersection,Normale,Deux véhicules - côté,,,,,,,,,,,5,1,1,1,3
200700080436,0007-12-29 20:35:00,7,12,29,20,35,330,249,ROCADE A 630,,,Nuit avec éclairage allumé,Hors agglomération,Hors intersection,Pluie légère,Autre collision,,,,,,,,,,,5,1,1,2,6
200700080437,0007-12-29 22:10:00,7,12,29,22,10,330,249,ROCADE A 630,,,Nuit avec éclairage allumé,Hors agglomération,Hors intersection,Pluie légère,Autre collision,,,,,,,,,,,5,1,1,2,6
200700080438,0007-12-31 15:05:00,7,12,31,15,5,330,63,ROCADE A 630,,,Plein jour,Hors agglomération,Hors intersection,Pluie légère,Autre collision,,,,,,,,,,,1,1,1,2,6
200700080439,0007-12-12 12:15:00,7,12,12,12,15,690,385,"81, RUE JOLIOT CURIE",,,Plein jour,En agglomération,Hors intersection,Normale,Deux véhicules - arrière,,,,,,,,,,,1,2,1,1,2
200700080440,0007-12-22 04:30:00,7,12,22,4,30,690,385,"82, QUAI PIERRE SCIZE",,,Nuit avec éclairage allumé,En agglomération,Hors intersection,Normale,Autre collision,,,,,,,,,,,5,2,1,1,6
200700080441,0007-12-02 13:30:00,7,12,2,13,30,670,152,Autoroute A.35,,,Plein jour,Hors agglomération,Hors intersection,Pluie légère,Sans collision,,,,,,,,,,,1,1,1,2,7
200700080442,0007-12-06 07:25:00,7,12,6,7,25,670,389,Autoroute A.4,,,Nuit sans éclairage public,Hors agglomération,Hors intersection,Temps couvert,Sans collision,,,,,,,,,,,3,1,1,8,7
200700080443,0007-12-26 17:20:00,7,12,26,17,20,670,152,Autoroute A.35,,,Nuit sans éclairage public,Hors agglomération,Hors intersection,Temps couvert,Sans collision,,,,,,,,,,,3,1,1,8,7
200700080444,0007-12-27 06:00:00,7,12,27,6,0,670,365,Autoroute A.35,,,Nuit sans éclairage public,Hors agglomération,Hors intersection,Brouillard / fumée,Sans collision,,,,,,,,,,,3,1,1,5,7
200700080445,0007-12-08 20:44:00,7,12,8,20,44,540,483,Autoroute A 33,,,Nuit sans éclairage public,Hors agglomération,Hors intersection,Vent fort / tempête,Trois véhicules et plus - collisions multiples,,,,,,,,,,,3,1,1,6,5
200700080446,0007-12-26 06:45:00,7,12,26,6,45,540,547,Autoroute A 33,,,Crépuscule ou aube,Hors agglomération,Hors intersection,Neige / grêle,Deux véhicules - côté,,,,,,,,,,,2,1,1,4,3
200700080447,0007-12-04 12:25:00,7,12,4,12,25,540,357,Autoroute A 31,,,Plein jour,Hors agglomération,Hors intersection,Normale,Trois véhicules et plus - collisions multiples,,,,,,,,,,,1,1,1,1,5
200700080448,0007-12-07 02:30:00,7,12,7,2,30,570,416,Autoroute A31,,,Nuit sans éclairage public,Hors agglomération,Hors intersection,Pluie forte,Autre collision,,,,,,,,,,,3,1,1,3,6
200700080449,0007-12-07 19:50:00,7,12,7,19,50,570,212,Autoroute A31,,,Nuit sans éclairage public,Hors agglomération,Hors intersection,Pluie forte,Trois véhicules et plus - en chaîne,,,,,,,,,,,3,1,1,3,4
200700080450,0007-12-10 07:20:00,7,12,10,7,20,570,474,Autoroute A31,,,Nuit avec éclairage allumé,Hors agglomération,Hors intersection,Pluie légère,Deux véhicules - arrière,,,,,,,,,,,5,1,1,2,2
200700080451,0007-12-23 23:41:00,7,12,23,23,41,570,269,Autoroute A31,,,Nuit sans éclairage public,Hors agglomération,Hors intersection,Brouillard / fumée,Deux véhicules - arrière,,,,,,,,,,,3,1,1,5,2
200700080452,0007-12-01 20:00:00,7,12,1,20,0,690,387,"45, RUE RAULIN",,,Nuit avec éclairage allumé,En agglomération,Hors intersection,Normale,Deux véhicules - arrière,,,,,,,,,,,5,2,1,1,2
200700080453,0007-12-06 08:15:00,7,12,6,8,15,690,387,RUE DES GIRONDINS,,,Plein jour,En agglomération,Intersection en X,Temps couvert,Deux véhicules - côté,,,,,,,,,,,1,2,2,8,3
200700080454,0007-12-07 20:25:00,7,12,7,20,25,690,387,RUE DU VERCORS,,,Nuit avec éclairage allumé,En agglomération,Intersection en T,Normale,Deux véhicules - côté,,,,,,,,,,,5,2,3,1,3
200700080455,0007-12-15 18:45:00,7,12,15,18,45,690,387,RUE BATONNIER JACQUIER,,,Nuit avec éclairage allumé,En agglomération,Intersection en X,Normale,Deux véhicules - côté,,,,,,,,,,,5,2,2,1,3
200700080456,0007-12-17 09:25:00,7,12,17,9,25,690,387,AVENUE DEBOURG,,,Plein jour,En agglomération,Intersection en X,Normale,Autre collision,,,,,,,,,,,1,2,2,1,6
200700080457,0007-12-23 07:15:00,7,12,23,7,15,690,387,"5, RUE GUSTAVE NADAUD",,,Nuit avec éclairage allumé,En agglomération,Hors intersection,Normale,Deux véhicules - frontale,,,,,,,,,,,5,2,1,1,1
200700080458,0007-12-19 09:00:00,7,12,19,9,0,690,387,RUE DU REPOS,,,Plein jour,En agglomération,Intersection à plus de 4 branches,Normale,Deux véhicules - côté,,,,,,,,,,,1,2,5,1,3
200700080459,0007-12-21 06:30:00,7,12,21,6,30,690,387,AVENUE BERTHELOT,,,Nuit avec éclairage allumé,En agglomération,Intersection en X,Normale,Deux véhicules - côté,,,,,,,,,,,5,2,2,1,3
200700080460,0007-12-27 17:00:00,7,12,27,17,0,690,387,RUE SALOMON REINACH,,,Nuit avec éclairage allumé,En agglomération,Intersection en X,Normale,Deux véhicules - côté,,,,,,,,,,,5,2,2,1,3
200700080461,0007-12-29 00:05:00,7,12,29,0,5,690,387,BOULEVARD DES TCHECOSLOV,,,Nuit avec éclairage allumé,En agglomération,Hors intersection,Normale,Sans collision,,,,,,,,,,,5,2,1,1,7
200700080462,0007-12-03 16:45:00,7,12,3,16,45,690,388,"110, RUE PROFESSEUR BEAU",,,Plein jour,En agglomération,Hors intersection,Normale,Autre collision,,,,,,,,,,,1,2,1,1,6
200700080463,0007-12-03 16:30:00,7,12,3,16,30,690,388,"137, AVENUE PAUL SANTY",,,Plein jour,En agglomération,Hors intersection,Normale,Deux véhicules - côté,,,,,,,,,,,1,2,1,1,3
200700080464,0007-12-06 19:30:00,7,12,6,19,30,690,388,"118, RUE PROFESSEUR BEAU",,,Nuit avec éclairage allumé,En agglomération,Hors intersection,Normale,Deux véhicules - côté,,,,,,,,,,,5,2,1,1,3
200700080465,0007-12-06 12:10:00,7,12,6,12,10,690,388,"132, AVENUE GENERAL FRER",,,Plein jour,En agglomération,Hors intersection,Normale,Trois véhicules et plus - collisions multiples,,,,,,,,,,,1,2,1,1,5
200700080466,0007-12-11 13:25:00,7,12,11,13,25,690,388,PROMENADE LEA ET NAPOLEO,,,Plein jour,En agglomération,Intersection en T,Pluie légère,Autre collision,,,,,,,,,,,1,2,3,2,6
200700080467,0007-12-12 22:55:00,7,12,12,22,55,690,388,"00, RUE SAINT MAURICE",,,Nuit avec éclairage allumé,En agglomération,Intersection en X,Normale,Deux véhicules - côté,,,,,,,,,,,5,2,2,1,3
200700080468,0007-12-17 16:25:00,7,12,17,16,25,690,388,"00, BOULEVARD JEAN XXIII",,,Plein jour,En agglomération,Intersection en X,Normale,Autre collision,,,,,,,,,,,1,2,2,1,6
200700080469,0007-12-20 13:45:00,7,12,20,13,45,690,388,"94, AVENUE DES FRERES LU",,,Plein jour,En agglomération,Hors intersection,Normale,Autre collision,,,,,,,,,,,1,2,1,1,6
200700080470,0007-12-22 23:24:00,7,12,22,23,24,690,388,"163, AVENUE PAUL SANTY",,,Nuit avec éclairage allumé,En agglomération,Hors intersection,Normale,Autre collision,,,,,,,,,,,5,2,1,1,6
200700080471,0007-12-22 10:48:00,7,12,22,10,48,690,388,"00, AVENUE DES FRERES LU",,,Plein jour,En agglomération,Hors intersection,Normale,Autre collision,,,,,,,,,,,1,2,1,1,6
200700080472,0007-12-02 12:10:00,7,12,2,12,10,690,388,"00, BOULEVARD AMBROISE P",,,Plein jour,En agglomération,Intersection en X,Normale,Deux véhicules - côté,,,,,,,,,,,1,2,2,1,3
200700080473,0007-12-28 14:35:00,7,12,28,14,35,690,388,"34, RUE DE NARVIK",,,Plein jour,En agglomération,Hors intersection,Normale,Autre collision,,,,,,,,,,,1,2,1,1,6
200700080474,0007-12-01 04:00:00,7,12,1,4,0,420,97,A72,,,Nuit sans éclairage public,Hors agglomération,Hors intersection,Normale,Sans collision,,,,,,,,,,,3,1,1,1,7
200700080475,0007-12-12 06:25:00,7,12,12,6,25,420,218,A72,,,Nuit avec éclairage non allumé,Hors agglomération,Hors intersection,Normale,Trois véhicules et plus - collisions multiples,,,,,,,,,,,4,1,1,1,5
200700080476,0007-12-01 20:30:00,7,12,1,20,30,690,288,A432,,,Nuit sans éclairage public,Hors agglomération,Hors intersection,Pluie légère,Sans collision,,,,,,,,,,,3,1,1,2,7
200700080477,0007-12-01 20:20:00,7,12,1,20,20,690,256,A42     0.560 A 4.020,,,Nuit avec éclairage allumé,Hors agglomération,Hors intersection,Pluie légère,Autre collision,,,,,,,,,,,5,1,1,2,6
200700080478,0007-12-06 12:20:00,7,12,6,12,20,690,29,RD383   7.640 A 11.044,,,Plein jour,Hors agglomération,Hors intersection,Normale,Sans collision,,,,,,,,,,,1,1,1,1,7
200700080479,0007-12-06 12:35:00,7,12,6,12,35,690,297,A47   0.000  A 1.657,,,Plein jour,Hors agglomération,Hors intersection,Normale,Deux véhicules - côté,,,,,,,,,,,1,1,1,1,3
200700080480,0007-12-07 11:00:00,7,12,7,11,0,690,34,RD383   0.000 A 1.165,,,Plein jour,Hors agglomération,Hors intersection,Pluie légère,Deux véhicules - côté,,,,,,,,,,,1,1,1,2,3
200700080481,0007-12-07 14:45:00,7,12,7,14,45,690,271,RN346   38.000 A 38.960,,,Plein jour,Hors agglomération,Hors intersection,Normale,Deux véhicules - arrière,,,,,,,,,,,1,1,1,1,2
200700080482,0007-12-07 15:40:00,7,12,7,15,40,690,116,A6   442.500 A 445.030,,,Plein jour,Hors agglomération,Hors intersection,Temps couvert,Trois véhicules et plus - en chaîne,,,,,,,,,,,1,1,1,8,4
200700080483,0007-12-10 01:00:00,7,12,10,1,0,690,385,A6   453.400 A 455.000,,,Nuit avec éclairage allumé,Hors agglomération,Hors intersection,Pluie légère,Autre collision,,,,,,,,,,,5,1,1,2,6
200700080484,0007-12-10 05:30:00,7,12,10,5,30,690,256,RN346  N/S  25.736 A 29.,,,Nuit sans éclairage public,Hors agglomération,Intersection en Y,Pluie légère,Sans collision,,,,,,,,,,,3,1,4,2,7
200700080485,0007-12-10 15:00:00,7,12,10,15,0,690,152,A450   0.000 A 1.090,,,Plein jour,Hors agglomération,Hors intersection,Temps couvert,Sans collision,,,,,,,,,,,1,1,1,8,7
200700080486,0007-12-10 16:40:00,7,12,10,16,40,380,544,N407   0.000 A 2.331,,,Plein jour,Hors agglomération,Hors intersection,Pluie légère,Trois véhicules et plus - en chaîne,,,,,,,,,,,1,1,1,2,4
200700080487,0007-12-10 20:32:00,7,12,10,20,32,690,295,A46S   53.980 A 57.400,,,Nuit sans éclairage public,Hors agglomération,Hors intersection,Pluie légère,Deux véhicules - frontale,,,,,,,,,,,3,1,1,2,1
200700080488,0007-12-11 06:50:00,7,12,11,6,50,690,297,A46S   61.220 A 62.000,,,Crépuscule ou aube,Hors agglomération,Hors intersection,Pluie légère,Deux véhicules - côté,,,,,,,,,,,2,1,1,2,3
200700080489,0007-12-03 20:45:00,7,12,3,20,45,690,152,A7   4.270 A 7.000,,,Nuit avec éclairage allumé,Hors agglomération,Hors intersection,Normale,Autre collision,,,,,,,,,,,5,1,1,1,6
200700080490,0007-12-12 18:15:00,7,12,12,18,15,690,29,RD383   7.640 A 11.044,,,Nuit sans éclairage public,Hors agglomération,Hors intersection,Normale,Deux véhicules - arrière,,,,,,,,,,,3,1,1,1,2
200700080491,0007-12-15 05:10:00,7,12,15,5,10,690,382,A7   0.000 A 2.278,,,Nuit avec éclairage allumé,Hors agglomération,Hors intersection,Normale,Deux véhicules - arrière,,,,,,,,,,,5,1,1,1,2
200700080492,0007-12-17 08:50:00,7,12,17,8,50,690,81,BPNL   34.000 A 34.614,,,Plein jour,Hors agglomération,Hors intersection,Normale,Trois véhicules et plus - en chaîne,,,,,,,,,,,1,1,1,1,4
200700080493,0007-12-20 23:45:00,7,12,20,23,45,690,199,A7   7.000 A 8.630,,,Nuit avec éclairage allumé,Hors agglomération,Hors intersection,Neige / grêle,Deux véhicules - côté,,,,,,,,,,,5,1,1,4,3
200700080494,0007-12-20 23:05:00,7,12,20,23,5,690,273,BUS (RD301)   4.470 A 7.,,,Nuit sans éclairage public,Hors agglomération,Hors intersection,Brouillard / fumée,Sans collision,,,,,,,,,,,3,1,1,5,7
200700080495,0007-12-21 04:35:00,7,12,21,4,35,690,116,A6   442.500 A 445.030,,,Nuit sans éclairage public,Hors agglomération,Hors intersection,Brouillard / fumée,Trois véhicules et plus - collisions multiples,,,,,,,,,,,3,1,1,5,5
200700080496,0007-12-22 20:00:00,7,12,22,20,0,690,385,A6   453.400 A 455.000,,,Nuit avec éclairage allumé,Hors agglomération,Hors intersection,Normale,Deux véhicules - arrière,,,,,,,,,,,5,1,1,1,2
200700080497,0007-12-24 20:00:00,7,12,24,20,0,690,152,A450   0.000 A 1.090,,,Nuit avec éclairage allumé,Hors agglomération,Hors intersection,Normale,Deux véhicules - arrière,,,,,,,,,,,5,1,1,1,2
200700080498,0007-12-25 03:15:00,7,12,25,3,15,690,382,A7   0.000 A 2.278,,,Nuit avec éclairage allumé,Hors agglomération,Hors intersection,Normale,Deux véhicules - arrière,,,,,,,,,,,5,1,1,1,2
200700080499,0007-12-26 15:25:00,7,12,26,15,25,690,389,BPNL   34.614 A 36.285,,,Nuit avec éclairage allumé,Hors agglomération,Autre intersection,Normale,Autre collision,,,,,,,,,,,5,1,9,1,6
200700080500,0007-12-26 18:20:00,7,12,26,18,20,690,29,RD383   7.640 A 11.044,,,Nuit sans éclairage public,Hors agglomération,Hors intersection,Temps couvert,Autre collision,,,,,,,,,,,3,1,1,8,6
200700080501,0007-12-27 21:30:00,7,12,27,21,30,690,266,RD383 2.321 A 3.750,,,Nuit avec éclairage allumé,Hors agglomération,Hors intersection,Pluie légère,Trois véhicules et plus - en chaîne,,,,,,,,,,,5,1,1,2,4
200700080502,0007-12-30 20:00:00,7,12,30,20,0,690,288,A43   13.029 A 15.971,,,Nuit sans éclairage public,Hors agglomération,Hors intersection,Normale,Trois véhicules et plus - collisions multiples,,,,,,,,,,,3,1,1,1,5
200700080503,0007-12-30 21:55:00,7,12,30,21,55,690,29,RD383   7.640 A 11.044,,,Nuit sans éclairage public,Hors agglomération,Hors intersection,Normale,Sans collision,,,,,,,,,,,3,1,1,1,7
200700080504,0007-12-31 08:27:00,7,12,31,8,27,690,382,A7   0.000 A 2.278,,,Plein jour,Hors agglomération,Hors intersection,Normale,Autre collision,,,,,,,,,,,1,1,1,1,6
200700080505,0007-12-31 19:20:00,7,12,31,19,20,690,275,RN346   29.300 A 34.350,,,Nuit avec éclairage allumé,Hors agglomération,Hors intersection,Normale,Deux véhicules - arrière,,,,,,,,,,,5,1,1,1,2
200700080506,0007-12-07 08:10:00,7,12,7,8,10,690,389,RUE MASARYK,,,Crépuscule ou aube,En agglomération,Intersection en X,Pluie légère,Autre collision,,,,,,,,,,,2,2,2,2,6
200700080507,0007-12-14 15:35:00,7,12,14,15,35,690,389,"13, QUAI ARLOING",,,Plein jour,En agglomération,Hors intersection,Normale,Deux véhicules - côté,,,,,,,,,,,1,2,1,1,3
200700080508,0007-12-16 23:45:00,7,12,16,23,45,690,389,"46, QUAI JAYR",,,Nuit avec éclairage allumé,En agglomération,Hors intersection,Autre,Autre collision,,,,,,,,,,,5,2,1,9,6
200700080509,0007-12-17 12:15:00,7,12,17,12,15,690,389,RUE PIERRE AUDRY,,,Plein jour,En agglomération,Hors intersection,Normale,Deux véhicules - côté,,,,,,,,,,,1,2,1,1,3
200700080510,0007-12-24 14:28:00,7,12,24,14,28,690,389,"00, AVENUE SIDOINE APOLL",,,Plein jour,En agglomération,Intersection en X,Normale,Deux véhicules - côté,,,,,,,,,,,1,2,2,1,3
200700080511,0007-12-30 12:35:00,7,12,30,12,35,690,389,QUAI DU COMMERCE,,,Plein jour,En agglomération,Intersection en T,Normale,Deux véhicules - côté,,,,,,,,,,,1,2,3,1,3
200700080512,0007-12-31 14:55:00,7,12,31,14,55,690,389,"203, AVENUE DU 25E REGIM",,,Plein jour,En agglomération,Hors intersection,Normale,Autre collision,,,,,,,,,,,1,2,1,1,6
200700080513,0007-12-22 15:30:00,7,12,22,15,30,690,389,"14, QUAI PIERRE SCIZE",,,Plein jour,En agglomération,Hors intersection,Normale,Autre collision,,,,,,,,,,,1,2,1,1,6
200700080514,0007-12-11 17:55:00,7,12,11,17,55,830,90,A50,,,Nuit sans éclairage public,Hors agglomération,Hors intersection,Normale,Trois véhicules et plus - en chaîne,,,,,,,,,,,3,1,1,1,4
200700080515,0007-12-11 18:00:00,7,12,11,18,0,830,126,A50,,,Nuit sans éclairage public,Hors agglomération,Hors intersection,Normale,Trois véhicules et plus - en chaîne,,,,,,,,,,,3,1,1,1,4
200700080516,0007-12-14 17:00:00,7,12,14,17,0,830,90,A50,,,Crépuscule ou aube,Hors agglomération,Hors intersection,Normale,Deux véhicules - côté,,,,,,,,,,,2,1,1,1,3
200700080517,0007-12-14 17:05:00,7,12,14,17,5,830,27,A50,,,Plein jour,Hors agglomération,Hors intersection,Normale,Autre collision,,,,,,,,,,,1,1,1,1,6
200700080518,0007-12-15 19:55:00,7,12,15,19,55,830,137,A50,,,Nuit avec éclairage allumé,Hors agglomération,Hors intersection,Normale,Sans collision,,,,,,,,,,,5,1,1,1,7
200700080519,0007-12-26 14:45:00,7,12,26,14,45,830,137,A50,,,Plein jour,Hors agglomération,Hors intersection,Normale,Deux véhicules - côté,,,,,,,,,,,1,1,1,1,3
200700080520,0007-12-31 11:30:00,7,12,31,11,30,830,62,A570,,,Plein jour,Hors agglomération,Hors intersection,Normale,Sans collision,,,,,,,,,,,1,1,1,1,7
200700080521,0007-12-01 05:35:00,7,12,1,5,35,130,1,A51-Sens Marseille vers,,,Nuit sans éclairage public,Hors agglomération,Hors intersection,Normale,Sans collision,,,,,,,,,,,3,1,1,1,7
200700080522,0007-12-01 12:00:00,7,12,1,12,0,130,5,A52-Sens Pont de l'Etoil,,,Plein jour,Hors agglomération,Hors intersection,Normale,Deux véhicules - arrière,,,,,,,,,,,1,1,1,1,2
200700080523,0007-12-03 14:01:00,7,12,3,14,1,130,5,A52-Sens Toulon vers Pon,,,Plein jour,Hors agglomération,Hors intersection,Normale,Autre collision,,,,,,,,,,,1,1,1,1,6
200700080524,0007-12-03 06:45:00,7,12,3,6,45,130,106,A7-Sens Lyon vers Marsei,,,Crépuscule ou aube,Hors agglomération,Hors intersection,Normale,Sans collision,,,,,,,,,,,2,1,1,1,7
200700080525,0007-12-03 09:00:00,7,12,3,9,0,130,71,A7-Sens Marseille vers L,,,Plein jour,Hors agglomération,Hors intersection,Normale,Deux véhicules - arrière,,,,,,,,,,,1,1,1,1,2
200700080526,0007-12-03 21:10:00,7,12,3,21,10,130,43,A55-Sens Marseille vers,,,Nuit sans éclairage public,Hors agglomération,Hors intersection,Normale,Trois véhicules et plus - collisions multiples,,,,,,,,,,,3,1,1,1,5
200700080527,0007-12-03 15:45:00,7,12,3,15,45,130,55,TVPCD-Sens Les Ports ver,,,Plein jour,Hors agglomération,Hors intersection,Normale,Trois véhicules et plus - en chaîne,,,,,,,,,,,1,1,1,1,4
200700080528,0007-12-04 21:00:00,7,12,4,21,0,130,55,A55-Sens Marseille vers,,,Nuit sans éclairage public,Hors agglomération,Hors intersection,Normale,Deux véhicules - côté,,,,,,,,,,,3,1,1,1,3
200700080529,0007-12-05 14:45:00,7,12,5,14,45,130,117,A7-Sens Marseille vers L,,,Plein jour,Hors agglomération,Hors intersection,Normale,Sans collision,,,,,,,,,,,1,1,1,1,7
200700080530,0007-12-05 16:55:00,7,12,5,16,55,130,211,A50-Sens Aubagne vers Ma,,,Crépuscule ou aube,Hors agglomération,Hors intersection,Normale,Trois véhicules et plus - en chaîne,,,,,,,,,,,2,1,1,1,4
200700080531,0007-12-05 17:20:00,7,12,5,17,20,130,211,A50-Sens Aubagne vers Ma,,,Crépuscule ou aube,Hors agglomération,Hors intersection,Normale,Deux véhicules - arrière,,,,,,,,,,,2,1,1,1,2
200700080532,0007-12-06 20:10:00,7,12,6,20,10,130,214,A7-Sens Lyon vers Marsei,,,Nuit sans éclairage public,Hors agglomération,Hors intersection,Normale,Autre collision,,,,,,,,,,,3,1,1,1,6
200700080533,0007-12-07 09:10:00,7,12,7,9,10,130,71,A7-Sens Lyon vers Marsei,,,Plein jour,Hors agglomération,Hors intersection,Pluie légère,Autre collision,,,,,,,,,,,1,1,1,2,6
200700080534,0007-12-07 10:40:00,7,12,7,10,40,130,71,A7-Sens Marseille vers L,,,Plein jour,Hors agglomération,Hors intersection,Normale,Trois véhicules et plus - collisions multiples,,,,,,,,,,,1,1,1,1,5
200700080535,0007-12-07 11:50:00,7,12,7,11,50,130,202,TVPCM-Sens Saint Victor,,,Plein jour,Hors agglomération,Hors intersection,Pluie légère,Sans collision,,,,,,,,,,,1,1,1,2,7
200700080536,0007-12-08 13:40:00,7,12,8,13,40,130,215,A7-Sens Lyon vers Marsei,,,Plein jour,Hors agglomération,Hors intersection,Normale,Deux véhicules - arrière,,,,,,,,,,,1,1,1,1,2
200700080537,0007-12-09 04:30:00,7,12,9,4,30,130,56,A55-Sens Marseille vers,,,Nuit sans éclairage public,Hors agglomération,Hors intersection,Pluie légère,Autre collision,,,,,,,,,,,3,1,1,2,6
200700080538,0007-12-09 05:26:00,7,12,9,5,26,130,55,A557-Liaison A7 Marseill,,,Nuit sans éclairage public,Hors agglomération,Hors intersection,Pluie forte,Autre collision,,,,,,,,,,,3,1,1,3,6
200700080539,0007-12-09 05:35:00,7,12,9,5,35,130,70,A50-Sens Marseille vers,,,Nuit sans éclairage public,Hors agglomération,Hors intersection,Pluie forte,Sans collision,,,,,,,,,,,3,1,1,3,7
200700080540,0007-12-09 06:10:00,7,12,9,6,10,130,19,A51-Sens Aix en Provence,,,Nuit sans éclairage public,Hors agglomération,Hors intersection,Pluie forte,Autre collision,,,,,,,,,,,3,1,1,3,6
200700080541,0007-12-09 06:15:00,7,12,9,6,15,130,71,A51-Sens Marseille vers,,,Nuit sans éclairage public,Hors agglomération,Hors intersection,Pluie forte,Autre collision,,,,,,,,,,,3,1,1,3,6
200700080542,0007-12-09 10:30:00,7,12,9,10,30,130,19,A51-Sens Aix en Provence,,,Plein jour,Hors agglomération,Hors intersection,Normale,Trois véhicules et plus - collisions multiples,,,,,,,,,,,1,1,1,1,5
200700080543,0007-12-11 10:45:00,7,12,11,10,45,130,202,TVPCD-Sens Les Ports ver,,,Plein jour,Hors agglomération,Hors intersection,Normale,Deux véhicules - arrière,,,,,,,,,,,1,1,1,1,2
200700080544,0007-12-11 20:00:00,7,12,11,20,0,130,211,A50-Sens Marseille vers,,,Nuit avec éclairage allumé,Hors agglomération,Hors intersection,Normale,Sans collision,,,,,,,,,,,5,1,1,1,7
200700080545,0007-12-11 21:30:00,7,12,11,21,30,130,211,A50-Sens Marseille vers,,,Nuit sans éclairage public,Hors agglomération,Hors intersection,Normale,Sans collision,,,,,,,,,,,3,1,1,1,7
200700080546,0007-12-12 14:25:00,7,12,12,14,25,130,71,A7-Sens Marseille vers L,,,Plein jour,Hors agglomération,Hors intersection,Normale,Deux véhicules - arrière,,,,,,,,,,,1,1,1,1,2
200700080547,0007-12-13 17:38:00,7,12,13,17,38,130,71,A7-Sens Marseille vers L,,,Crépuscule ou aube,Hors agglomération,Hors intersection,Normale,Deux véhicules - arrière,,,,,,,,,,,2,1,1,1,2
200700080548,0007-12-13 18:22:00,7,12,13,18,22,130,106,A51-Sens Aix en Provence,,,Crépuscule ou aube,Hors agglomération,Hors intersection,Normale,Autre collision,,,,,,,,,,,2,1,1,1,6
200700080549,0007-12-13 19:30:00,7,12,13,19,30,130,55,A7-Sens Marseille vers L,,,Nuit sans éclairage public,Hors agglomération,Hors intersection,Normale,Deux véhicules - arrière,,,,,,,,,,,3,1,1,1,2