accident_id,datetime,annee,mois,jour,heure,minute,departement,commune_insee,adresse,latitude,longitude,luminosite,agglomeration,intersection,meteo,collision,nb_vehicules,nb_usagers,nb_indemnes,nb_tues,nb_blesses_hosp,nb_blesses_legers,age_cond_1,age_cond_2,veh_type_cond_1,veh_type_cond_2,lum_code,agg_code,int_code,atm_code,col_code
200700081335,0007-01-22 14:00:00,7,1,22,14,0,974,416,Pierrefonds,,,Plein jour,Hors agglomération,Hors intersection,Normale,Deux véhicules - côté,,,,,,,,,,,1,1,1,1,3
200700081336,0007-01-14 13:55:00,7,1,14,13,55,974,416,LIGNE PARADIS CD 38,,,Plein jour,En agglomération,Hors intersection,Normale,Autre collision,,,,,,,,,,,1,2,1,1,6
200700081337,0007-01-02 18:00:00,7,1,2,18,0,971,105,CHARLES DE GAULLE (BD DU,,,Crépuscule ou aube,En agglomération,Hors intersection,Normale,Autre collision,,,,,,,,,,,2,2,1,1,6
200700081338,0007-01-10 08:25:00,7,1,10,8,25,971,107,SAINT RUFF (AVENUE),,,Plein jour,En agglomération,Hors intersection,Normale,Sans collision,,,,,,,,,,,1,2,1,1,7
200700081339,0007-01-24 16:45:00,7,1,24,16,45,971,107,GERARD TURLET (RUE),,,Plein jour,En agglomération,Autre intersection,Normale,Deux véhicules - côté,,,,,,,,,,,1,2,9,1,3
200700081340,0007-01-02 20:37:00,7,1,2,20,37,971,101,"000, RN1-  HAUTEUR DE SO",,,Nuit avec éclairage allumé,Hors agglomération,Hors intersection,Normale,Sans collision,,,,,,,,,,,5,1,1,1,7
200700081341,0007-01-08 12:00:00,7,1,8,12,0,971,101,"00, GENERAL DE GAULLE",,,Plein jour,En agglomération,Intersection en X,Normale,Deux véhicules - côté,,,,,,,,,,,1,2,2,1,3
200700081342,0007-01-14 18:45:00,7,1,14,18,45,971,101,"000, RN05",,,Nuit avec éclairage allumé,En agglomération,Hors intersection,Normale,Autre collision,,,,,,,,,,,5,2,1,1,6
200700081343,0007-01-22 12:15:00,7,1,22,12,15,971,101,"000, BAIMBRIDGE",,,Plein jour,En agglomération,Hors intersection,Normale,Sans collision,,,,,,,,,,,1,2,1,1,7
200700081344,0007-01-26 07:25:00,7,1,26,7,25,971,101,"000, PERRIN",,,Plein jour,En agglomération,Intersection en X,Normale,Deux véhicules - frontale,,,,,,,,,,,1,2,2,1,1
200700081345,0007-01-10 21:00:00,7,1,10,21,0,971,101,"00, BAIMBRIDGE",,,Nuit avec éclairage allumé,Hors agglomération,Hors intersection,Normale,Deux véhicules - arrière,,,,,,,,,,,5,1,1,1,2
200700081346,0007-01-28 22:45:00,7,1,28,22,45,971,101,"00, CENTRE HOSPITALIER",,,Nuit avec éclairage allumé,En agglomération,Intersection en T,Normale,Deux véhicules - côté,,,,,,,,,,,5,2,3,1,3
200700081347,0007-01-05 23:50:00,7,1,5,23,50,971,101,"00, MAIRIE",,,Nuit avec éclairage allumé,Hors agglomération,Hors intersection,Normale,Deux véhicules - frontale,,,,,,,,,,,5,1,1,1,1
200700081348,0007-01-20 08:20:00,7,1,20,8,20,971,101,", BAIMBRIDGE",,,Plein jour,En agglomération,Hors intersection,Normale,Deux véhicules - arrière,,,,,,,,,,,1,2,1,1,2
200700081349,0007-01-20 15:15:00,7,1,20,15,15,971,120,"00, HOPITAL (BOULEVARD D",,,Plein jour,En agglomération,Hors intersection,Pluie légère,Autre collision,,,,,,,,,,,1,2,1,2,6
200700081350,0007-01-04 16:55:00,7,1,4,16,55,972,209,"45, AUTOROUTE (A1)",,,Plein jour,Hors agglomération,Hors intersection,Normale,Deux véhicules - arrière,,,,,,,,,,,1,1,1,1,2
200700081351,0007-01-06 00:20:00,7,1,6,0,20,972,209,"125, MAURICE BISHOP (RUE",,,Nuit avec éclairage allumé,En agglomération,Hors intersection,Normale,Deux véhicules - côté,,,,,,,,,,,5,2,1,1,3
200700081352,0007-01-07 11:05:00,7,1,7,11,5,972,209,"6, FELIX EBOUE (RUE)",,,Plein jour,En agglomération,Hors intersection,Normale,Autre collision,,,,,,,,,,,1,2,1,1,6
200700081353,0007-01-08 10:05:00,7,1,8,10,5,972,209,"8, ROBERT ATTULY (BOULEV",,,Plein jour,En agglomération,Hors intersection,Normale,Deux véhicules - côté,,,,,,,,,,,1,2,1,1,3
200700081354,0007-01-08 11:15:00,7,1,8,11,15,972,209,"2, FRANCOIS MITTERAND (P",,,Plein jour,En agglomération,Hors intersection,Normale,Deux véhicules - côté,,,,,,,,,,,1,2,1,1,3
200700081355,0007-01-08 12:35:00,7,1,8,12,35,972,209,"30, KERLYS (RUE DE )",,,Crépuscule ou aube,En agglomération,Intersection en T,Normale,Deux véhicules - côté,,,,,,,,,,,2,2,3,1,3
200700081356,0007-01-08 13:50:00,7,1,8,13,50,972,209,"24, SCHOELCHER (ROUTE DE",,,Plein jour,En agglomération,Hors intersection,Normale,Autre collision,,,,,,,,,,,1,2,1,1,6
200700081357,0007-01-09 07:55:00,7,1,9,7,55,972,209,"24, RELIGIEUSES (ROUTE D",,,Plein jour,En agglomération,Hors intersection,Normale,Deux véhicules - frontale,,,,,,,,,,,1,2,1,1,1
200700081358,0007-01-09 12:55:00,7,1,9,12,55,972,209,"50, ALFASSA (BOULEVARD)",,,Plein jour,En agglomération,Hors intersection,Normale,Sans collision,,,,,,,,,,,1,2,1,1,7
200700081359,0007-01-09 12:20:00,7,1,9,12,20,972,209,"142, CHATEAUBOEUF (ROUTE",,,Plein jour,Hors agglomération,Hors intersection,Normale,Autre collision,,,,,,,,,,,1,1,1,1,6
200700081360,0007-01-09 15:25:00,7,1,9,15,25,972,209,"18, AUTOROUTE (A1)",,,Plein jour,Hors agglomération,Hors intersection,Normale,Autre collision,,,,,,,,,,,1,1,1,1,6
200700081361,0007-01-09 14:10:00,7,1,9,14,10,972,209,"110, GENERAL DE GAULLE (",,,Plein jour,En agglomération,Hors intersection,Normale,Autre collision,,,,,,,,,,,1,2,1,1,6
200700081362,0007-01-10 07:05:00,7,1,10,7,5,972,209,"45, RN9",,,Plein jour,En agglomération,Hors intersection,Normale,Sans collision,,,,,,,,,,,1,2,1,1,7
200700081363,0007-01-12 17:05:00,7,1,12,17,5,972,209,"19, PECHEURS (RUE DES)",,,Crépuscule ou aube,Hors agglomération,Hors intersection,Normale,Sans collision,,,,,,,,,,,2,1,1,1,7
200700081364,0007-01-14 00:25:00,7,1,14,0,25,972,209,"7, CANAL ALARIC (RUE DU)",,,Nuit sans éclairage public,En agglomération,Hors intersection,Normale,Sans collision,,,,,,,,,,,3,2,1,1,7
200700081365,0007-01-14 07:05:00,7,1,14,7,5,972,209,"77, CHATEAUBOEUF (ROUTE",,,Plein jour,Hors agglomération,Hors intersection,Normale,Sans collision,,,,,,,,,,,1,1,1,1,7
200700081366,0007-01-15 14:45:00,7,1,15,14,45,972,209,"23, AUTOROUTE (A1)",,,Plein jour,Hors agglomération,Hors intersection,Normale,Deux véhicules - arrière,,,,,,,,,,,1,1,1,1,2
200700081367,0007-01-15 20:45:00,7,1,15,20,45,972,209,"2, FRANCOIS MITTERAND (P",,,Nuit avec éclairage allumé,En agglomération,Hors intersection,Normale,Deux véhicules - côté,,,,,,,,,,,5,2,1,1,3
200700081368,0007-01-17 13:05:00,7,1,17,13,5,972,209,"89, DIDIER (ROUTE DE)",,,Plein jour,Hors agglomération,Hors intersection,Normale,Deux véhicules - côté,,,,,,,,,,,1,1,1,1,3
200700081369,0007-01-17 22:30:00,7,1,17,22,30,972,209,"76, FRANCOIS PAVILLA (RU",,,Nuit sans éclairage public,En agglomération,Hors intersection,Normale,Sans collision,,,,,,,,,,,3,2,1,1,7
200700081370,0007-01-18 17:25:00,7,1,18,17,25,972,209,"69, RAVINE VILAINE (CHEM",,,Crépuscule ou aube,En agglomération,Intersection en T,Normale,Deux véhicules - côté,,,,,,,,,,,2,2,3,1,3
200700081371,0007-01-20 00:45:00,7,1,20,0,45,972,209,"114, MAURICE BISHOP (RUE",,,Nuit avec éclairage allumé,En agglomération,Intersection en T,Normale,Deux véhicules - côté,,,,,,,,,,,5,2,3,1,3
200700081372,0007-01-21 22:55:00,7,1,21,22,55,972,209,"4, BAREME (CHEMIN RURAL",,,Nuit sans éclairage public,Hors agglomération,Hors intersection,Pluie légère,Sans collision,,,,,,,,,,,3,1,1,2,7
200700081373,0007-01-22 23:30:00,7,1,22,23,30,972,209,"71, CIMENTERIE (RUE DE L",,,Nuit sans éclairage public,Hors agglomération,Hors intersection,Normale,Autre collision,,,,,,,,,,,3,1,1,1,6
200700081374,0007-01-21 01:25:00,7,1,21,1,25,972,209,"102, ROCADE (RUE DE LA)",,,Nuit sans éclairage public,Hors agglomération,Hors intersection,Pluie forte,Autre collision,,,,,,,,,,,3,1,1,3,6
200700081375,0007-01-23 19:45:00,7,1,23,19,45,972,209,"97, MAURICE BISHOP (RUE)",,,Nuit avec éclairage allumé,En agglomération,Hors intersection,Normale,Deux véhicules - côté,,,,,,,,,,,5,2,1,1,3
200700081376,0007-01-25 07:45:00,7,1,25,7,45,972,209,"39, LEOPOLD BISCOP (BOUL",,,Plein jour,En agglomération,Hors intersection,Normale,Autre collision,,,,,,,,,,,1,2,1,1,6
200700081377,0007-01-25 20:55:00,7,1,25,20,55,972,209,"19, JOSEPH GAILLARD (RUE",,,Nuit sans éclairage public,En agglomération,Hors intersection,Normale,Autre collision,,,,,,,,,,,3,2,1,1,6
200700081378,0007-01-19 19:45:00,7,1,19,19,45,972,209,"97, GENERAL DE GAULLE (B",,,Nuit avec éclairage allumé,En agglomération,Hors intersection,Normale,Autre collision,,,,,,,,,,,5,2,1,1,6
200700081379,0007-01-25 01:00:00,7,1,25,1,0,972,209,"71, JAMBETTE (ROUTE DE)",,,Nuit sans éclairage public,Hors agglomération,Hors intersection,Normale,Autre collision,,,,,,,,,,,3,1,1,1,6
200700081380,0007-01-26 08:15:00,7,1,26,8,15,972,209,"185, RELIGIEUSES (ROUTE",,,Plein jour,En agglomération,Hors intersection,Normale,Autre collision,,,,,,,,,,,1,2,1,1,6
200700081381,0007-01-27 23:00:00,7,1,27,23,0,972,209,PAVE (RUE DU),,,Nuit avec éclairage allumé,En agglomération,Intersection en T,Normale,Deux véhicules - côté,,,,,,,,,,,5,2,3,1,3
200700081382,0007-01-28 03:10:00,7,1,28,3,10,972,209,"117, GENERAL DE GAULLE (",,,Nuit avec éclairage allumé,En agglomération,Hors intersection,Normale,Autre collision,,,,,,,,,,,5,2,1,1,6
200700081383,0007-01-28 17:15:00,7,1,28,17,15,972,209,"7KMS, BALATA (ROUTE DE)",,,Crépuscule ou aube,Hors agglomération,Hors intersection,Normale,Deux véhicules - frontale,,,,,,,,,,,2,1,1,1,1
200700081384,0007-01-01 01:30:00,7,1,1,1,30,972,209,FRANKLIN ROOSVELT (RUE),,,Nuit sans éclairage public,En agglomération,Intersection en T,Normale,Deux véhicules - côté,,,,,,,,,,,3,2,3,1,3
200700081385,0007-01-30 08:15:00,7,1,30,8,15,972,209,"6, TAMARINS DES INDES (R",,,Plein jour,En agglomération,Hors intersection,Normale,Autre collision,,,,,,,,,,,1,2,1,1,6
200700081386,0007-01-30 08:30:00,7,1,30,8,30,972,209,"10, JEAN JAURES (AVENUE)",,,Plein jour,En agglomération,Hors intersection,Normale,Autre collision,,,,,,,,,,,1,2,1,1,6
200700081387,0007-01-30 13:55:00,7,1,30,13,55,972,209,"99, MOUTTE (ROUTE DE)",,,Plein jour,En agglomération,Hors intersection,Normale,Autre collision,,,,,,,,,,,1,2,1,1,6
200700081388,0007-01-31 07:10:00,7,1,31,7,10,972,209,"139, RAVINE VILAINE (CHE",,,Plein jour,En agglomération,Hors intersection,Normale,Deux véhicules - côté,,,,,,,,,,,1,2,1,1,3
200700081389,0007-01-31 13:30:00,7,1,31,13,30,972,209,"87, RELIGIEUSES (ROUTE D",,,Plein jour,En agglomération,Hors intersection,Normale,Deux véhicules - frontale,,,,,,,,,,,1,2,1,1,1
200700081390,0007-01-02 02:35:00,7,1,2,2,35,972,213,ROUTE NATIONALE 5,,,Nuit sans éclairage public,Hors agglomération,Hors intersection,Pluie légère,Autre collision,,,,,,,,,,,3,1,1,2,6
200700081391,0007-01-09 10:15:00,7,1,9,10,15,972,213,ROUTE NATIONALE 1,,,Plein jour,Hors agglomération,Hors intersection,Normale,Deux véhicules - arrière,,,,,,,,,,,1,1,1,1,2
200700081392,0007-01-09 15:10:00,7,1,9,15,10,972,213,AUTOROUTE A1,,,Plein jour,Hors agglomération,Hors intersection,Pluie légère,Deux véhicules - arrière,,,,,,,,,,,1,1,1,2,2
200700081393,0007-01-11 01:00:00,7,1,11,1,0,972,213,ROUTE NATIONALE 6,,,Nuit sans éclairage public,Hors agglomération,Hors intersection,Pluie forte,Autre collision,,,,,,,,,,,3,1,1,3,6
200700081394,0007-01-10 18:40:00,7,1,10,18,40,972,213,AUTOROUTE A1,,,Crépuscule ou aube,Hors agglomération,Hors intersection,Normale,Autre collision,,,,,,,,,,,2,1,1,1,6
200700081395,0007-01-12 12:25:00,7,1,12,12,25,972,213,AUTOROUTE A1,,,Plein jour,Hors agglomération,Hors intersection,Normale,Deux véhicules - arrière,,,,,,,,,,,1,1,1,1,2
200700081396,0007-01-12 17:40:00,7,1,12,17,40,972,213,ROUTE DEPARTEMENTALE 3,,,Plein jour,En agglomération,Hors intersection,Normale,Autre collision,,,,,,,,,,,1,2,1,1,6
200700081397,0007-01-13 04:55:00,7,1,13,4,55,972,213,ROUTE DEPARTEMENTALE 3,,,Crépuscule ou aube,Hors agglomération,Hors intersection,Normale,Deux véhicules - frontale,,,,,,,,,,,2,1,1,1,1
200700081398,0007-01-16 06:40:00,7,1,16,6,40,972,213,ROUTE DEPARTEMENTALE 14,,,Plein jour,Hors agglomération,Hors intersection,Normale,Deux véhicules - côté,,,,,,,,,,,1,1,1,1,3
200700081399,0007-01-17 00:55:00,7,1,17,0,55,972,213,AUTOROUTE A1,,,Nuit sans éclairage public,Hors agglomération,Hors intersection,Normale,Sans collision,,,,,,,,,,,3,1,1,1,7
200700081400,0007-01-19 14:00:00,7,1,19,14,0,972,213,ROUTE DEPARTEMENTALE 3 B,,,Plein jour,En agglomération,Hors intersection,Normale,Trois véhicules et plus - collisions multiples,,,,,,,,,,,1,2,1,1,5
200700081401,0007-01-22 15:15:00,7,1,22,15,15,972,213,ROUTE NATIONALE 6,,,Plein jour,Hors agglomération,Hors intersection,Normale,Sans collision,,,,,,,,,,,1,1,1,1,7
200700081402,0007-01-25 20:00:00,7,1,25,20,0,972,213,ROUTE DEPARTEMENTALE 3,,,Nuit avec éclairage allumé,Hors agglomération,Hors intersection,Normale,Deux véhicules - frontale,,,,,,,,,,,5,1,1,1,1
200700081403,0007-01-25 19:00:00,7,1,25,19,0,972,213,ROUTE NATIONALE 1,,,Nuit sans éclairage public,Hors agglomération,Hors intersection,Normale,Deux véhicules - frontale,,,,,,,,,,,3,1,1,1,1
200700081404,0007-01-29 00:15:00,7,1,29,0,15,972,213,AUTOROUTE A1,,,Nuit sans éclairage public,Hors agglomération,Hors intersection,Pluie légère,Trois véhicules et plus - collisions multiples,,,,,,,,,,,3,1,1,2,5
200700081405,0007-01-31 20:40:00,7,1,31,20,40,972,213,ROUTE DEPARTEMENTALE 3,,,Nuit sans éclairage public,Hors agglomération,Hors intersection,Pluie légère,Autre collision,,,,,,,,,,,3,1,1,2,6
200700081406,0007-01-01 19:20:00,7,1,1,19,20,973,302,REPUBLIQUE (BD DE LA),,,Nuit avec éclairage non allumé,En agglomération,Hors intersection,Normale,Deux véhicules - frontale,,,,,,,,,,,4,2,1,1,1
200700081407,0007-01-01 00:20:00,7,1,1,0,20,973,302,"1816, FELIX EBOUE (ROCAD",,,Nuit avec éclairage allumé,En agglomération,Intersection en X,Normale,Deux véhicules - arrière,,,,,,,,,,,5,2,2,1,2
200700081408,0007-01-02 20:57:00,7,1,2,20,57,973,302,MONTABO (ROUTE DE) 2,,,Nuit avec éclairage allumé,En agglomération,Intersection en X,Normale,Deux véhicules - côté,,,,,,,,,,,5,2,2,1,3
200700081409,0007-01-05 01:38:00,7,1,5,1,38,973,302,BADUEL (ROUTE DE),,,Nuit avec éclairage allumé,En agglomération,Hors intersection,Normale,Deux véhicules - arrière,,,,,,,,,,,5,2,1,1,2
200700081410,0007-01-07 10:35:00,7,1,7,10,35,973,302,BADUEL (ROUTE DE),,,Plein jour,En agglomération,Hors intersection,Normale,Deux véhicules - arrière,,,,,,,,,,,1,2,1,1,2
200700081411,0007-01-08 08:09:00,7,1,8,8,9,973,302,MONTABO (ROUTE DE) 4,,,Plein jour,En agglomération,Hors intersection,Normale,Deux véhicules - côté,,,,,,,,,,,1,2,1,1,3
200700081412,0007-01-11 16:01:00,7,1,11,16,1,973,302,MONTABO (ROUTE DE) 3,,,Plein jour,En agglomération,Hors intersection,Normale,Deux véhicules - côté,,,,,,,,,,,1,2,1,1,3
200700081413,0007-01-12 08:06:00,7,1,12,8,6,973,302,"31, HEDER (AVENUE LEOPOL",,,Plein jour,En agglomération,Hors intersection,Normale,Autre collision,,,,,,,,,,,1,2,1,1,6
200700081414,0007-01-10 12:28:00,7,1,10,12,28,973,302,BADUEL (ROUTE DE),,,Plein jour,En agglomération,Hors intersection,Normale,Autre collision,,,,,,,,,,,1,2,1,1,6
200700081415,0007-01-10 11:15:00,7,1,10,11,15,973,302,"38, HEDER (AVENUE LEOPOL",,,Plein jour,En agglomération,Hors intersection,Normale,Deux véhicules - côté,,,,,,,,,,,1,2,1,1,3
200700081416,0007-01-11 10:35:00,7,1,11,10,35,973,302,"02, BOUDINOT (AUGUSTE) C",,,Plein jour,En agglomération,Hors intersection,Normale,Deux véhicules - côté,,,,,,,,,,,1,2,1,1,3
200700081417,0007-01-12 19:45:00,7,1,12,19,45,973,302,RABAN (ROUTE DE),,,Nuit avec éclairage allumé,Hors agglomération,Hors intersection,Normale,Deux véhicules - côté,,,,,,,,,,,5,1,1,1,3
200700081418,0007-01-17 00:48:00,7,1,17,0,48,973,302,BARTHELEMY (RENE),,,Nuit avec éclairage allumé,En agglomération,Hors intersection,Normale,Deux véhicules - arrière,,,,,,,,,,,5,2,1,1,2
200700081419,0007-01-16 14:30:00,7,1,16,14,30,973,302,BADUEL (ROUTE DE),,,Plein jour,En agglomération,Hors intersection,Normale,Deux véhicules - arrière,,,,,,,,,,,1,2,1,1,2
200700081420,0007-01-16 12:12:00,7,1,16,12,12,973,302,"645, MADELEINE (ROUTE DE",,,Plein jour,En agglomération,Hors intersection,Normale,Autre collision,,,,,,,,,,,1,2,1,1,6
200700081421,0007-01-17 18:26:00,7,1,17,18,26,973,302,MADELEINE (ROUTE DE LA),,,Plein jour,En agglomération,Intersection en X,Normale,Deux véhicules - côté,,,,,,,,,,,1,2,2,1,3
200700081422,0007-01-14 15:01:00,7,1,14,15,1,973,302,BADUEL (ROUTE DE),,,Plein jour,En agglomération,Intersection en X,Normale,Deux véhicules - arrière,,,,,,,,,,,1,2,2,1,2
200700081423,0007-01-15 16:05:00,7,1,15,16,5,973,302,"2042, MONTABO (ROUTE DE)",,,Plein jour,En agglomération,Hors intersection,Normale,Deux véhicules - arrière,,,,,,,,,,,1,2,1,1,2
200700081424,0007-01-20 05:30:00,7,1,20,5,30,973,302,", BADUEL (ROUTE DE)",,,Nuit avec éclairage allumé,En agglomération,Hors intersection,Normale,Autre collision,,,,,,,,,,,5,2,1,1,6
200700081425,0007-01-19 16:19:00,7,1,19,16,19,973,302,"12, TROUBIRAN (CHEMIN DE",,,Plein jour,En agglomération,Hors intersection,Normale,Autre collision,,,,,,,,,,,1,2,1,1,6
200700081426,0007-01-22 07:45:00,7,1,22,7,45,973,302,"01, TARZAN (PISTE)",,,Plein jour,En agglomération,Hors intersection,Normale,Autre collision,,,,,,,,,,,1,2,1,1,6
200700081427,0007-01-19 21:45:00,7,1,19,21,45,973,302,"01, CHARLERY (GUSTAVE)",,,Nuit avec éclairage allumé,En agglomération,Hors intersection,Normale,Autre collision,,,,,,,,,,,5,2,1,1,6
200700081428,0007-01-22 10:30:00,7,1,22,10,30,973,302,"26, DE GAULLE (AVENUE)",,,Plein jour,En agglomération,Hors intersection,Normale,Deux véhicules - arrière,,,,,,,,,,,1,2,1,1,2
200700081429,0007-01-22 18:24:00,7,1,22,18,24,973,302,CABASSOU (ROUTE DE),,,Crépuscule ou aube,En agglomération,Intersection en X,Pluie légère,Deux véhicules - côté,,,,,,,,,,,2,2,2,2,3
200700081430,0007-01-20 01:10:00,7,1,20,1,10,973,302,CATAYEE (JUSTIN),,,Nuit avec éclairage allumé,En agglomération,Intersection en X,Normale,Deux véhicules - côté,,,,,,,,,,,5,2,2,1,3
200700081431,0007-01-23 16:43:00,7,1,23,16,43,973,302,JUBELIN (BOULEVARD),,,Plein jour,En agglomération,Hors intersection,Normale,Deux véhicules - arrière,,,,,,,,,,,1,2,1,1,2
200700081432,0007-01-19 10:55:00,7,1,19,10,55,973,302,SCHOELCHER (RUE),,,Plein jour,En agglomération,Hors intersection,Normale,Autre collision,,,,,,,,,,,1,2,1,1,6
200700081433,0007-01-19 11:21:00,7,1,19,11,21,973,302,BADUEL (ROUTE DE),,,Plein jour,En agglomération,Hors intersection,Pluie légère,Trois véhicules et plus - en chaîne,,,,,,,,,,,1,2,1,2,4
200700081434,0007-01-21 18:15:00,7,1,21,18,15,973,302,KET TAI (CARREFOUR),,,Plein jour,En agglomération,Intersection en X,Temps couvert,Deux véhicules - arrière,,,,,,,,,,,1,2,2,8,2
200700081435,0007-01-25 07:55:00,7,1,25,7,55,973,302,"585, CABASSOU (CITE)",,,Plein jour,Hors agglomération,Intersection en X,Normale,Deux véhicules - côté,,,,,,,,,,,1,1,2,1,3
200700081436,0007-01-25 08:26:00,7,1,25,8,26,973,302,MONTABO (ROUTE DE) 3,,,Plein jour,En agglomération,Hors intersection,Normale,Deux véhicules - côté,,,,,,,,,,,1,2,1,1,3
200700081437,0007-01-25 22:25:00,7,1,25,22,25,973,302,", REPUBLIQUE (BD DE LA)",,,Nuit avec éclairage allumé,En agglomération,Hors intersection,Normale,Deux véhicules - frontale,,,,,,,,,,,5,2,1,1,1
200700081438,0007-01-25 18:55:00,7,1,25,18,55,973,302,"579, MANGO (ROUTE)",,,Nuit avec éclairage allumé,En agglomération,Hors intersection,Normale,Autre collision,,,,,,,,,,,5,2,1,1,6
200700081439,0007-01-25 16:55:00,7,1,25,16,55,973,302,"338, MADELEINE (ROUTE DE",,,Plein jour,En agglomération,Hors intersection,Normale,Trois véhicules et plus - en chaîne,,,,,,,,,,,1,2,1,1,4
200700081440,0007-01-31 17:48:00,7,1,31,17,48,973,302,CRIQUE FOUILLEE (ROND PO,,,Plein jour,Hors agglomération,Giratoire,Normale,Deux véhicules - arrière,,,,,,,,,,,1,1,6,1,2
200700081441,0007-01-26 08:15:00,7,1,26,8,15,973,302,"132, AMUSANT (PAUL)",,,Plein jour,En agglomération,Intersection en X,Normale,Deux véhicules - côté,,,,,,,,,,,1,2,2,1,3
200700081442,0007-01-27 12:31:00,7,1,27,12,31,973,302,"18, RABAN (ROUTE DE)",,,Plein jour,En agglomération,Hors intersection,Normale,Deux véhicules - côté,,,,,,,,,,,1,2,1,1,3
200700081443,0007-01-27 23:08:00,7,1,27,23,8,973,302,"21, PREVOT (ERNEST)",,,Nuit avec éclairage allumé,En agglomération,Hors intersection,Normale,Deux véhicules - frontale,,,,,,,,,,,5,2,1,1,1
200700081444,0007-01-28 13:30:00,7,1,28,13,30,973,302,MADELEINE (ROND POINT),,,Plein jour,Hors agglomération,Hors intersection,Normale,Deux véhicules - côté,,,,,,,,,,,1,1,1,1,3
200700081445,0007-01-28 23:50:00,7,1,28,23,50,973,302,TIGRE (ROUTE DU),,,Nuit avec éclairage allumé,En agglomération,Hors intersection,Normale,Deux véhicules - arrière,,,,,,,,,,,5,2,1,1,2
200700081446,0007-01-26 23:15:00,7,1,26,23,15,973,302,"3595, MONTABO (ROUTE DE)",,,Nuit avec éclairage allumé,Hors agglomération,Hors intersection,Normale,Deux véhicules - frontale,,,,,,,,,,,5,1,1,1,1
200700081447,0007-01-26 15:30:00,7,1,26,15,30,973,302,BADUEL (ROUTE DE),,,Plein jour,En agglomération,Hors intersection,Normale,Deux véhicules - côté,,,,,,,,,,,1,2,1,1,3
200700081448,0007-01-29 19:40:00,7,1,29,19,40,973,302,"10, CALIMBE (LOTISSEMENT",,,Nuit avec éclairage allumé,En agglomération,Hors intersection,Normale,Deux véhicules - côté,,,,,,,,,,,5,2,1,1,3
200700081449,0007-01-25 21:15:00,7,1,25,21,15,973,302,ZEPHIR (ROCADE),,,Nuit avec éclairage allumé,En agglomération,Hors intersection,Normale,Autre collision,,,,,,,,,,,5,2,1,1,6
200700081450,0007-01-31 23:05:00,7,1,31,23,5,973,302,"109, GALMOT (AVENUE)",,,Nuit avec éclairage allumé,En agglomération,Hors intersection,Normale,Deux véhicules - côté,,,,,,,,,,,5,2,1,1,3
200700081451,0007-01-31 11:05:00,7,1,31,11,5,973,302,SAINT ANTOINE (CHEMIN),,,Plein jour,En agglomération,Hors intersection,Normale,Autre collision,,,,,,,,,,,1,2,1,1,6
200700081452,0007-01-30 13:00:00,7,1,30,13,0,973,302,"909, TROUBIRAN (CHEMIN D",,,Plein jour,Hors agglomération,Hors intersection,Normale,Autre collision,,,,,,,,,,,1,1,1,1,6
200700081453,0007-01-27 18:50:00,7,1,27,18,50,973,302,ROUTE NATIONALE I,,,Nuit avec éclairage allumé,Hors agglomération,Hors intersection,Normale,Sans collision,,,,,,,,,,,5,1,1,1,7
200700081454,0007-01-25 12:20:00,7,1,25,12,20,973,302,"1057, BADUEL (ROUTE DE)",,,Plein jour,Hors agglomération,Hors intersection,Normale,Deux véhicules - côté,,,,,,,,,,,1,1,1,1,3
200700081455,0007-01-04 21:15:00,7,1,4,21,15,973,302,REPUBLIQUE (BD DE LA),,,Nuit avec éclairage allumé,En agglomération,Hors intersection,Normale,Deux véhicules - côté,,,,,,,,,,,5,2,1,1,3
200700081456,0007-01-31 18:10:00,7,1,31,18,10,973,302,MANGO (ROUTE),,,Plein jour,En agglomération,Hors intersection,Normale,Deux véhicules - côté,,,,,,,,,,,1,2,1,1,3
200700081457,0007-01-01 03:40:00,7,1,1,3,40,974,407,"02, RUE JACQUES PREVERT",,,Nuit avec éclairage allumé,En agglomération,Hors intersection,Normale,Deux véhicules - arrière,,,,,,,,,,,5,2,1,1,2
200700081458,0007-01-01 17:45:00,7,1,1,17,45,974,407,BD DE LA COMPAGNIE DES I,,,Plein jour,En agglomération,Hors intersection,Normale,Deux véhicules - frontale,,,,,,,,,,,1,2,1,1,1
200700081459,0007-01-03 13:35:00,7,1,3,13,35,974,407,"29, ALBIUS EDMOND(ALLEE)",,,Plein jour,En agglomération,Hors intersection,Normale,Autre collision,,,,,,,,,,,1,2,1,1,6
200700081460,0007-01-06 16:40:00,7,1,6,16,40,974,407,"15, CABRAL(RUE)",,,Plein jour,En agglomération,Hors intersection,Normale,Autre collision,,,,,,,,,,,1,2,1,1,6
200700081461,0007-01-11 15:45:00,7,1,11,15,45,974,407,IMPASSE ARMAND FALLIERES,,,Plein jour,En agglomération,Hors intersection,Normale,Deux véhicules - frontale,,,,,,,,,,,1,2,1,1,1
200700081462,0007-01-11 17:20:00,7,1,11,17,20,974,407,ROUTE NATIONALE N° 1,,,Plein jour,Hors agglomération,Hors intersection,Pluie forte,Autre collision,,,,,,,,,,,1,1,1,3,6
200700081463,0007-01-27 23:25:00,7,1,27,23,25,974,407,ROND POINT BUTTE CITRONN,,,Nuit avec éclairage allumé,En agglomération,Giratoire,Normale,Deux véhicules - frontale,,,,,,,,,,,5,2,6,1,1
200700081464,0007-01-29 19:05:00,7,1,29,19,5,974,407,CARPAYE(AVENUE),,,Nuit avec éclairage allumé,En agglomération,Hors intersection,Normale,Autre collision,,,,,,,,,,,5,2,1,1,6
200700081465,0007-01-05 18:00:00,7,1,5,18,0,974,409,DU PONT (RUE),,,Crépuscule ou aube,Hors agglomération,Hors intersection,Normale,Sans collision,,,,,,,,,,,2,1,1,1,7