accident_id,datetime,annee,mois,jour,heure,minute,departement,commune_insee,adresse,latitude,longitude,luminosite,agglomeration,intersection,meteo,collision,nb_vehicules,nb_usagers,nb_indemnes,nb_tues,nb_blesses_hosp,nb_blesses_legers,age_cond_1,age_cond_2,veh_type_cond_1,veh_type_cond_2,lum_code,agg_code,int_code,atm_code,col_code
200700081466,0007-01-02 17:00:00,7,1,2,17,0,974,411,"1, JAURES (BLD 1 JEAN)",,,Plein jour,En agglomération,Intersection en X,Normale,Deux véhicules - côté,,,,,,,,,,,1,2,2,1,3
200700081467,0007-01-01 06:14:00,7,1,1,6,14,974,411,LITTORAL (ROUTE 1 DU),,,Crépuscule ou aube,Hors agglomération,Hors intersection,Normale,Autre collision,,,,,,,,,,,2,1,1,1,6
200700081468,0007-01-06 13:50:00,7,1,6,13,50,974,411,BOIS DE NEFLES (ROUTE DE,,,Plein jour,En agglomération,Intersection en X,Normale,Deux véhicules - côté,,,,,,,,,,,1,2,2,1,3
200700081469,0007-01-06 22:55:00,7,1,6,22,55,974,411,"1, DODU 1 (RUE JULIETTE)",,,Nuit avec éclairage allumé,En agglomération,Intersection en X,Normale,Deux véhicules - côté,,,,,,,,,,,5,2,2,1,3
200700081470,0007-01-07 04:27:00,7,1,7,4,27,974,411,"3, RN2/043",,,Nuit avec éclairage allumé,En agglomération,Hors intersection,Normale,Autre collision,,,,,,,,,,,5,2,1,1,6
200700081471,0007-01-09 17:50:00,7,1,9,17,50,974,411,"1, LATTRE DE TASSIGNY (A",,,Plein jour,En agglomération,Hors intersection,Normale,Autre collision,,,,,,,,,,,1,2,1,1,6
200700081472,0007-01-10 09:45:00,7,1,10,9,45,974,411,"228, BOIS ROUGE (CHEMIN",,,Plein jour,En agglomération,Hors intersection,Normale,Deux véhicules - frontale,,,,,,,,,,,1,2,1,1,1
200700081473,0007-01-13 18:05:00,7,1,13,18,5,974,411,"317, LECLERC (DU MARECHA",,,Plein jour,En agglomération,Hors intersection,Normale,Autre collision,,,,,,,,,,,1,2,1,1,6
200700081474,0007-01-15 11:10:00,7,1,15,11,10,974,411,"1, JAURES (BLD 1 JEAN)",,,Plein jour,En agglomération,Intersection en X,Normale,Autre collision,,,,,,,,,,,1,2,2,1,6
200700081475,0007-01-17 20:00:00,7,1,17,20,0,974,411,JAURES (BLD 1 JEAN),,,Nuit avec éclairage allumé,En agglomération,Hors intersection,Normale,Trois véhicules et plus - en chaîne,,,,,,,,,,,5,2,1,1,4
200700081476,0007-01-12 09:40:00,7,1,12,9,40,974,411,GARE ROUTIERE (DE LA),,,Plein jour,En agglomération,Hors intersection,Normale,Deux véhicules - côté,,,,,,,,,,,1,2,1,1,3
200700081477,0007-01-23 06:50:00,7,1,23,6,50,974,411,"20, LANCASTEL (BOULEVARD",,,Plein jour,En agglomération,Hors intersection,Normale,Deux véhicules - frontale,,,,,,,,,,,1,2,1,1,1
200700081478,0007-01-24 10:05:00,7,1,24,10,5,974,411,FENELON,,,Plein jour,En agglomération,Intersection en X,Normale,Deux véhicules - côté,,,,,,,,,,,1,2,2,1,3
200700081479,0007-01-18 13:05:00,7,1,18,13,5,974,411,"36, YLANG-YLANG (CHEMIN",,,Plein jour,En agglomération,Hors intersection,Normale,Autre collision,,,,,,,,,,,1,2,1,1,6
200700081480,0007-01-29 14:55:00,7,1,29,14,55,974,411,PARIS (RUE DE),,,Plein jour,En agglomération,Intersection en X,Normale,Deux véhicules - côté,,,,,,,,,,,1,2,2,1,3
200700081481,0007-01-21 18:53:00,7,1,21,18,53,974,411,GARROS (ROLAND),,,Crépuscule ou aube,En agglomération,Intersection en X,Normale,Deux véhicules - côté,,,,,,,,,,,2,2,2,1,3
200700081482,0007-01-31 14:10:00,7,1,31,14,10,974,411,"66, APRES (RUE D')",,,Plein jour,En agglomération,Hors intersection,Normale,Autre collision,,,,,,,,,,,1,2,1,1,6
200700081483,0007-01-27 12:37:00,7,1,27,12,37,974,411,LAFOSSE (DU PERE),,,Plein jour,En agglomération,Hors intersection,Normale,Deux véhicules - frontale,,,,,,,,,,,1,2,1,1,1
200700081484,0007-01-01 16:15:00,7,1,1,16,15,974,411,LITTORAL (ROUTE 1 DU),,,Plein jour,Hors agglomération,Hors intersection,Normale,Sans collision,,,,,,,,,,,1,1,1,1,7
200700081485,0007-01-06 10:45:00,7,1,6,10,45,974,411,"27 bis, LORY LES HAUTS (",,,Plein jour,En agglomération,Hors intersection,Normale,Deux véhicules - arrière,,,,,,,,,,,1,2,1,1,2
200700081486,0007-01-06 17:45:00,7,1,6,17,45,974,411,"56, BERTIN",,,Plein jour,En agglomération,Hors intersection,Normale,Autre collision,,,,,,,,,,,1,2,1,1,6
200700081487,0007-01-07 11:30:00,7,1,7,11,30,974,416,"106, PRESIDENT MITTERAND",,,Plein jour,En agglomération,Intersection en T,Normale,Deux véhicules - arrière,,,,,,,,,,,1,2,3,1,2
200700081488,0007-01-17 18:10:00,7,1,17,18,10,974,416,"140, PRESIDENT MITTERAND",,,Plein jour,En agglomération,Hors intersection,Normale,Deux véhicules - arrière,,,,,,,,,,,1,2,1,1,2
200700081489,0007-01-19 05:00:00,7,1,19,5,0,974,416,HUBERT DE LISLE(BOULEVAR,,,Crépuscule ou aube,En agglomération,Intersection en T,Normale,Deux véhicules - côté,,,,,,,,,,,2,2,3,1,3
200700081490,0007-01-23 15:00:00,7,1,23,15,0,974,416,"149, LEBLOND(RUE M. ET A",,,Plein jour,En agglomération,Hors intersection,Normale,Deux véhicules - côté,,,,,,,,,,,1,2,1,1,3
200700081491,0007-01-29 00:45:00,7,1,29,0,45,974,414,RN01,,,Nuit sans éclairage public,Hors agglomération,Hors intersection,Normale,Sans collision,,,,,,,,,,,3,1,1,1,7
200700081492,0007-01-30 15:00:00,7,1,30,15,0,974,414,PRINCIPALE(AVENUE),,,Plein jour,En agglomération,Hors intersection,Normale,Autre collision,,,,,,,,,,,1,2,1,1,6
200700081532,0007-02-11 19:50:00,7,2,11,19,50,972,229,Anse Collat,,,Nuit avec éclairage allumé,Hors agglomération,Hors intersection,Normale,Trois véhicules et plus - collisions multiples,,,,,,,,,,,5,1,1,1,5
200700081533,0007-02-02 05:45:00,7,2,2,5,45,972,204,RN 2 PR 26.500,,,Crépuscule ou aube,En agglomération,Autre intersection,Normale,Autre collision,,,,,,,,,,,2,2,9,1,6
200700081534,0007-02-24 21:00:00,7,2,24,21,0,972,204,,,,Nuit sans éclairage public,Hors agglomération,Hors intersection,Normale,Trois véhicules et plus - collisions multiples,,,,,,,,,,,3,1,1,1,5
200700081535,0007-02-05 17:10:00,7,2,5,17,10,972,210,La Fransisque,,,Plein jour,Hors agglomération,Hors intersection,Normale,Deux véhicules - frontale,,,,,,,,,,,1,1,1,1,1
200700081536,0007-02-08 13:15:00,7,2,8,13,15,972,210,,,,Plein jour,Hors agglomération,Hors intersection,Normale,Trois véhicules et plus - collisions multiples,,,,,,,,,,,1,1,1,1,5
200700081537,0007-02-19 14:45:00,7,2,19,14,45,972,207,lieu - dit cocotte,,,Plein jour,En agglomération,Hors intersection,Pluie forte,Deux véhicules - frontale,,,,,,,,,,,1,2,1,3,1
200700081538,0007-02-25 10:00:00,7,2,25,10,0,972,207,Avenue Jean Jaurés,,,Plein jour,En agglomération,Hors intersection,Normale,Deux véhicules - frontale,,,,,,,,,,,1,2,1,1,1
200700081539,0007-02-26 13:30:00,7,2,26,13,30,972,207,LOURDES,,,Plein jour,En agglomération,Hors intersection,Normale,Deux véhicules - frontale,,,,,,,,,,,1,2,1,1,1
200700081540,0007-02-09 21:15:00,7,2,9,21,15,972,220,,,,Nuit sans éclairage public,Hors agglomération,Hors intersection,Normale,Deux véhicules - arrière,,,,,,,,,,,3,1,1,1,2
200700081541,0007-02-13 15:45:00,7,2,13,15,45,972,220,Quartier Anse Figuier,,,Plein jour,Hors agglomération,Hors intersection,Normale,Deux véhicules - arrière,,,,,,,,,,,1,1,1,1,2
200700081542,0007-02-07 15:15:00,7,2,7,15,15,972,221,Echangeur Trois Ilets,,,Plein jour,En agglomération,Hors intersection,Normale,Deux véhicules - arrière,,,,,,,,,,,1,2,1,1,2
200700081543,0007-02-02 19:45:00,7,2,2,19,45,972,230,ère Epinette sur le RD 2,,,Nuit avec éclairage allumé,En agglomération,Hors intersection,Normale,Autre collision,,,,,,,,,,,5,2,1,1,6
200700081544,0007-02-15 14:10:00,7,2,15,14,10,972,230,rue Victor HUGO,,,Plein jour,En agglomération,Hors intersection,Normale,Deux véhicules - frontale,,,,,,,,,,,1,2,1,1,1
200700081545,0007-02-18 08:00:00,7,2,18,8,0,972,230,quartier Bellevue,,,Plein jour,Hors agglomération,Hors intersection,Normale,Autre collision,,,,,,,,,,,1,1,1,1,6
200700081546,0007-02-18 06:00:00,7,2,18,6,0,972,222,pointe savane,,,Plein jour,Hors agglomération,Hors intersection,Normale,Autre collision,,,,,,,,,,,1,1,1,1,6
200700081547,0007-02-06 08:15:00,7,2,6,8,15,972,228,Rond Point Venkatapen,,,Plein jour,En agglomération,Giratoire,Normale,Autre collision,,,,,,,,,,,1,2,6,1,6
200700081548,0007-02-11 21:00:00,7,2,11,21,0,972,228,24 bis quartier Reculée,,,Nuit sans éclairage public,Hors agglomération,Hors intersection,Normale,Deux véhicules - côté,,,,,,,,,,,3,1,1,1,3
200700081549,0007-02-11 19:40:00,7,2,11,19,40,972,216,"Anse Macé, RN1",,,Nuit sans éclairage public,Hors agglomération,Hors intersection,Normale,Trois véhicules et plus - collisions multiples,,,,,,,,,,,3,1,1,1,5
200700081550,0007-02-14 13:45:00,7,2,14,13,45,972,214,Quartier Crochemort,,,Plein jour,En agglomération,Hors intersection,Normale,Sans collision,,,,,,,,,,,1,2,1,1,7
200700081551,0007-02-04 11:00:00,7,2,4,11,0,972,203,,,,Plein jour,Hors agglomération,Hors intersection,Normale,Deux véhicules - côté,,,,,,,,,,,1,1,1,1,3
200700081552,0007-02-25 07:00:00,7,2,25,7,0,971,134,,,,Plein jour,Hors agglomération,Hors intersection,Normale,Deux véhicules - frontale,,,,,,,,,,,1,1,1,1,1
200700081553,0007-02-26 13:30:00,7,2,26,13,30,971,133,ROUTE DE MATOUBA,,,Plein jour,En agglomération,Hors intersection,Normale,Autre collision,,,,,,,,,,,1,2,1,1,6
200700081554,0007-02-02 18:15:00,7,2,2,18,15,971,107,acoyer section Routhiers,,,Nuit avec éclairage allumé,En agglomération,Autre intersection,Normale,Deux véhicules - frontale,,,,,,,,,,,5,2,9,1,1
200700081555,0007-02-22 14:30:00,7,2,22,14,30,971,114,Section Barthelemy - RN1,,,Plein jour,Hors agglomération,Hors intersection,Normale,Deux véhicules - frontale,,,,,,,,,,,1,1,1,1,1
200700081556,0007-02-24 13:15:00,7,2,24,13,15,971,107,Section bananier,,,Plein jour,Hors agglomération,Intersection en T,Normale,Trois véhicules et plus - collisions multiples,,,,,,,,,,,1,1,3,1,5
200700081557,0007-02-14 08:00:00,7,2,14,8,0,971,123,"Route de lurin, CD 211",,,Plein jour,Hors agglomération,Hors intersection,Normale,Sans collision,,,,,,,,,,,1,1,1,1,7
200700081558,0007-02-25 18:15:00,7,2,25,18,15,971,115,section Bergnolles,,,Crépuscule ou aube,Hors agglomération,Hors intersection,Normale,Deux véhicules - côté,,,,,,,,,,,2,1,1,1,3
200700081559,0007-02-09 22:00:00,7,2,9,22,0,971,118,,,,Nuit sans éclairage public,Hors agglomération,Hors intersection,Normale,Autre collision,,,,,,,,,,,3,1,1,1,6
200700081560,0007-02-10 15:45:00,7,2,10,15,45,971,118,,,,Plein jour,Hors agglomération,Hors intersection,Pluie légère,Autre collision,,,,,,,,,,,1,1,1,2,6
200700081561,0007-02-08 08:00:00,7,2,8,8,0,971,112,RN9 - rue grande savane,,,Plein jour,En agglomération,Hors intersection,Temps éblouissant,Sans collision,,,,,,,,,,,1,2,1,7,7
200700081562,0007-02-28 07:10:00,7,2,28,7,10,971,117,CD.117 - Section Gardel,,,Crépuscule ou aube,Hors agglomération,Hors intersection,Normale,Deux véhicules - frontale,,,,,,,,,,,2,1,1,1,1
200700081563,0007-02-24 07:30:00,7,2,24,7,30,971,119,"Les Mangles, Ste Elise",,,Plein jour,En agglomération,Hors intersection,Normale,Deux véhicules - frontale,,,,,,,,,,,1,2,1,1,1
200700081564,0007-02-19 09:30:00,7,2,19,9,30,971,125,,,,Plein jour,Hors agglomération,Hors intersection,Normale,Sans collision,,,,,,,,,,,1,1,1,1,7
200700081565,0007-02-25 10:30:00,7,2,25,10,30,971,125,Rocade,,,Plein jour,En agglomération,Hors intersection,Normale,Trois véhicules et plus - collisions multiples,,,,,,,,,,,1,2,1,1,5
200700081566,0007-02-08 20:00:00,7,2,8,20,0,971,128,,,,Nuit sans éclairage public,Hors agglomération,Hors intersection,Normale,Deux véhicules - côté,,,,,,,,,,,3,1,1,1,3
200700081567,0007-02-11 09:45:00,7,2,11,9,45,971,128,,,,Plein jour,Hors agglomération,Hors intersection,Normale,Deux véhicules - côté,,,,,,,,,,,1,1,1,1,3
200700081568,0007-02-08 07:30:00,7,2,8,7,30,971,116,Rue du Moule,,,Plein jour,En agglomération,Hors intersection,Normale,Autre collision,,,,,,,,,,,1,2,1,1,6
200700081569,0007-02-11 22:00:00,7,2,11,22,0,973,307,RN 1,,,Nuit sans éclairage public,En agglomération,Hors intersection,Normale,Trois véhicules et plus - collisions multiples,,,,,,,,,,,3,2,1,1,5
200700081570,0007-02-15 19:00:00,7,2,15,19,0,973,307,,,,Nuit avec éclairage allumé,Hors agglomération,Hors intersection,Normale,Deux véhicules - frontale,,,,,,,,,,,5,1,1,1,1
200700081571,0007-02-17 17:30:00,7,2,17,17,30,973,307,,,,Plein jour,Hors agglomération,Hors intersection,Normale,Deux véhicules - arrière,,,,,,,,,,,1,1,1,1,2
200700081572,0007-02-19 06:45:00,7,2,19,6,45,973,307,,,,Plein jour,Hors agglomération,Hors intersection,Normale,Trois véhicules et plus - collisions multiples,,,,,,,,,,,1,1,1,1,5
200700081573,0007-02-10 07:15:00,7,2,10,7,15,973,305,,,,Plein jour,Hors agglomération,Hors intersection,Normale,Deux véhicules - arrière,,,,,,,,,,,1,1,1,1,2
200700081574,0007-02-16 06:45:00,7,2,16,6,45,973,305,"PK18, RN1",,,Crépuscule ou aube,Hors agglomération,Hors intersection,Normale,Trois véhicules et plus - collisions multiples,,,,,,,,,,,2,1,1,1,5
200700081575,0007-02-17 16:30:00,7,2,17,16,30,973,305,,,,Plein jour,Hors agglomération,Hors intersection,Normale,Deux véhicules - frontale,,,,,,,,,,,1,1,1,1,1
200700081576,0007-02-18 06:30:00,7,2,18,6,30,973,305,"PK 13 + 200, RN 1",,,Crépuscule ou aube,Hors agglomération,Hors intersection,Normale,Deux véhicules - arrière,,,,,,,,,,,2,1,1,1,2
200700081577,0007-02-28 06:00:00,7,2,28,6,0,973,312,,,,Crépuscule ou aube,Hors agglomération,Hors intersection,Normale,Deux véhicules - côté,,,,,,,,,,,2,1,1,1,3
200700081578,0007-02-02 20:00:00,7,2,2,20,0,973,303,RN 1,,,Nuit sans éclairage public,Hors agglomération,Hors intersection,Normale,Deux véhicules - côté,,,,,,,,,,,3,1,1,1,3
200700081579,0007-02-15 19:00:00,7,2,15,19,0,973,301,RN 2 - PK 157 + 950,,,Nuit sans éclairage public,Hors agglomération,Hors intersection,Normale,Sans collision,,,,,,,,,,,3,1,1,1,7
200700081580,0007-02-21 18:00:00,7,2,21,18,0,973,311,RN 1 route de Cayenne,,,Plein jour,Hors agglomération,Hors intersection,Normale,Deux véhicules - arrière,,,,,,,,,,,1,1,1,1,2
200700081581,0007-02-02 16:00:00,7,2,2,16,0,973,306,,,,Plein jour,Hors agglomération,Hors intersection,Autre,Autre collision,,,,,,,,,,,1,1,1,9,6
200700081582,0007-02-07 18:25:00,7,2,7,18,25,974,420,"hemin Damour, deux rives",,,Plein jour,Hors agglomération,Hors intersection,Normale,Deux véhicules - frontale,,,,,,,,,,,1,1,1,1,1
200700081583,0007-02-09 17:15:00,7,2,9,17,15,974,420,,,,Plein jour,Hors agglomération,Hors intersection,Normale,Deux véhicules - côté,,,,,,,,,,,1,1,1,1,3
200700081584,0007-02-12 17:45:00,7,2,12,17,45,974,410,"ratère CD 54, P.R. 4+350",,,Plein jour,Hors agglomération,Hors intersection,Normale,Sans collision,,,,,,,,,,,1,1,1,1,7
200700081585,0007-02-12 05:40:00,7,2,12,5,40,974,415,DIGUE A L ETANG ST PAUL,,,Nuit sans éclairage public,Hors agglomération,Hors intersection,Normale,Autre collision,,,,,,,,,,,3,1,1,1,6
200700081586,0007-02-14 06:45:00,7,2,14,6,45,974,415,,,,Plein jour,Hors agglomération,Giratoire,Normale,Deux véhicules - côté,,,,,,,,,,,1,1,6,1,3
200700081587,0007-02-13 14:00:00,7,2,13,14,0,974,415,Déviation de LA SALINE,,,Plein jour,Hors agglomération,Hors intersection,Normale,Trois véhicules et plus - collisions multiples,,,,,,,,,,,1,1,1,1,5
200700081588,0007-02-21 17:20:00,7,2,21,17,20,974,496,déviation RN1,,,Plein jour,Hors agglomération,Hors intersection,Temps couvert,Deux véhicules - frontale,,,,,,,,,,,1,1,1,8,1
200700081589,0007-02-28 18:30:00,7,2,28,18,30,974,423,Rue georges brassens,,,Nuit sans éclairage public,En agglomération,Hors intersection,Normale,Autre collision,,,,,,,,,,,3,2,1,1,6
200700081590,0007-02-06 16:30:00,7,2,6,16,30,974,414,,,,Plein jour,Hors agglomération,Autre intersection,Normale,Autre collision,,,,,,,,,,,1,1,9,1,6
200700081591,0007-02-22 09:30:00,7,2,22,9,30,974,412,,,,Plein jour,En agglomération,Hors intersection,Pluie forte,Autre collision,,,,,,,,,,,1,2,1,3,6
200700081592,0007-02-07 13:20:00,7,2,7,13,20,974,417,"PK 98 + 750, Le Baril",,,Plein jour,En agglomération,Hors intersection,Normale,Deux véhicules - arrière,,,,,,,,,,,1,2,1,1,2
200700081593,0007-02-15 11:30:00,7,2,15,11,30,974,422,Rue Vallon HOARAU,,,Plein jour,En agglomération,Hors intersection,Normale,Autre collision,,,,,,,,,,,1,2,1,1,6
200700081594,0007-02-18 15:00:00,7,2,18,15,0,974,422,,,,Plein jour,Hors agglomération,Hors intersection,Pluie forte,Autre collision,,,,,,,,,,,1,1,1,3,6
200700081629,0007-02-10 20:15:00,7,2,10,20,15,973,309,RD2 et Ave St Ange Métho,,,Nuit avec éclairage allumé,En agglomération,Intersection en X,Temps couvert,Deux véhicules - côté,,,,,,,,,,,5,2,2,8,3
200700081630,0007-02-10 16:45:00,7,2,10,16,45,974,440,107 Chemin des Orangers-,,,Plein jour,En agglomération,Hors intersection,Normale,Autre collision,,,,,,,,,,,1,2,1,1,6
200700081631,0007-02-19 15:30:00,7,2,19,15,30,974,448,"Avirons, RN1, Bois Blanc",,,Plein jour,Hors agglomération,Hors intersection,Normale,Deux véhicules - frontale,,,,,,,,,,,1,1,1,1,1
200700081635,0007-02-01 07:30:00,7,2,1,7,30,973,304,rue des Cavaliers,,,Plein jour,En agglomération,Hors intersection,Normale,Autre collision,,,,,,,,,,,1,2,1,1,6
200700081638,0007-02-10 02:30:00,7,2,10,2,30,974,418,,,,Nuit sans éclairage public,Hors agglomération,Hors intersection,Normale,Autre collision,,,,,,,,,,,3,1,1,1,6
200700081639,0007-02-11 19:00:00,7,2,11,19,0,972,220,,,,Nuit sans éclairage public,Hors agglomération,Hors intersection,Pluie légère,Autre collision,,,,,,,,,,,3,1,1,2,6
200700081640,0007-02-24 23:15:00,7,2,24,23,15,972,227,CD08 quartier LEPINAY,,,Nuit sans éclairage public,Hors agglomération,Hors intersection,Normale,Autre collision,,,,,,,,,,,3,1,1,1,6
200700081641,0007-02-11 11:45:00,7,2,11,11,45,974,416,Av du général DE GAULLE,,,Plein jour,En agglomération,Hors intersection,Normale,Autre collision,,,,,,,,,,,1,2,1,1,6
200700081642,0007-02-12 17:25:00,7,2,12,17,25,974,416,Ancienne RN1,,,Plein jour,Hors agglomération,Hors intersection,Normale,Deux véhicules - frontale,,,,,,,,,,,1,1,1,1,1
200700081643,0007-02-17 23:30:00,7,2,17,23,30,974,415,RD10 route de l Eperon,,,Nuit sans éclairage public,En agglomération,Hors intersection,Normale,Sans collision,,,,,,,,,,,3,2,1,1,7
200700081644,0007-02-10 15:00:00,7,2,10,15,0,974,451,Ligne des Bambous,,,Plein jour,En agglomération,Hors intersection,Normale,Deux véhicules - frontale,,,,,,,,,,,1,2,1,1,1
200700081647,0007-02-25 01:05:00,7,2,25,1,5,971,105,GOUVERNEUR DU LYON (AVE),,,Nuit avec éclairage allumé,En agglomération,Hors intersection,Normale,Autre collision,,,,,,,,,,,5,2,1,1,6
200700081648,0007-02-26 08:05:00,7,2,26,8,5,971,107,FLAMBOYANTS ( ALLEE DES,,,Plein jour,En agglomération,Intersection en T,Normale,Deux véhicules - côté,,,,,,,,,,,1,2,3,1,3
200700081649,0007-02-10 05:30:00,7,2,10,5,30,971,113,"00, RN4 - SECTION RIVIER",,,Nuit avec éclairage non allumé,En agglomération,Hors intersection,Normale,Autre collision,,,,,,,,,,,4,2,1,1,6
200700081650,0007-02-03 00:35:00,7,2,3,0,35,971,101,"000, LACROIX",,,Nuit avec éclairage allumé,En agglomération,Hors intersection,Normale,Autre collision,,,,,,,,,,,5,2,1,1,6
200700081651,0007-02-05 09:10:00,7,2,5,9,10,971,101,"000, CENTRE COMMERCIAL R",,,Plein jour,En agglomération,Hors intersection,Normale,Deux véhicules - côté,,,,,,,,,,,1,2,1,1,3
200700081652,0007-02-07 06:45:00,7,2,7,6,45,971,101,"000, ROUTE DE BOULIQUI",,,Plein jour,Hors agglomération,Hors intersection,Normale,Autre collision,,,,,,,,,,,1,1,1,1,6
200700081653,0007-02-09 00:30:00,7,2,9,0,30,971,113,GRAND BAIE ( RN4),,,Nuit sans éclairage public,Hors agglomération,Hors intersection,Normale,Autre collision,,,,,,,,,,,3,1,1,1,6
200700081654,0007-02-10 06:30:00,7,2,10,6,30,971,101,"00, PALAIS ROYAL",,,Plein jour,En agglomération,Intersection en T,Normale,Deux véhicules - côté,,,,,,,,,,,1,2,3,1,3
200700081655,0007-02-12 02:47:00,7,2,12,2,47,971,101,"000, BLANCHARD",,,Nuit avec éclairage allumé,Hors agglomération,Hors intersection,Normale,Sans collision,,,,,,,,,,,5,1,1,1,7
200700081656,0007-02-02 16:55:00,7,2,2,16,55,971,113,"00, GENERAL DE GAULLE (A",,,Plein jour,En agglomération,Hors intersection,Normale,Autre collision,,,,,,,,,,,1,2,1,1,6
200700081657,0007-02-21 14:20:00,7,2,21,14,20,971,101,"00, HIBISCUS",,,Plein jour,En agglomération,Hors intersection,Normale,Deux véhicules - côté,,,,,,,,,,,1,2,1,1,3
200700081658,0007-02-28 16:40:00,7,2,28,16,40,971,113,"RN4, SECTION PLIANE",,,Plein jour,Hors agglomération,Hors intersection,Normale,Sans collision,,,,,,,,,,,1,1,1,1,7
200700081659,0007-02-11 04:00:00,7,2,11,4,0,971,113,"000, SECTION MARE-GAILLA",,,Nuit avec éclairage allumé,Hors agglomération,Hors intersection,Normale,Sans collision,,,,,,,,,,,5,1,1,1,7
200700081660,0007-02-16 17:20:00,7,2,16,17,20,971,120,"000, BD LEGITIMUS",,,Plein jour,En agglomération,Intersection en T,Normale,Deux véhicules - côté,,,,,,,,,,,1,2,3,1,3
200700081661,0007-02-01 19:41:00,7,2,1,19,41,972,209,"42, CAIMITIER (RUE DU)",,,Plein jour,En agglomération,Hors intersection,Normale,Autre collision,,,,,,,,,,,1,2,1,1,6
200700081662,0007-02-02 07:40:00,7,2,2,7,40,972,209,"164, MAURICE BISHOP (RUE",,,Plein jour,Hors agglomération,Hors intersection,Normale,Deux véhicules - côté,,,,,,,,,,,1,1,1,1,3
200700081663,0007-02-05 23:45:00,7,2,5,23,45,972,209,"123, SOLEIL LEVANT (BOUL",,,Nuit avec éclairage allumé,En agglomération,Hors intersection,Normale,Autre collision,,,,,,,,,,,5,2,1,1,6
200700081664,0007-02-02 14:00:00,7,2,2,14,0,972,209,"2, SOLEIL LEVANT (BOULEV",,,Plein jour,Hors agglomération,Hors intersection,Normale,Deux véhicules - côté,,,,,,,,,,,1,1,1,1,3
200700081665,0007-02-03 18:55:00,7,2,3,18,55,972,209,"11, PAUL LANGEVIN (RUE)",,,Nuit avec éclairage allumé,En agglomération,Hors intersection,Normale,Autre collision,,,,,,,,,,,5,2,1,1,6
200700081666,0007-02-03 13:45:00,7,2,3,13,45,972,209,"35, BALATA (ROUTE DE)",,,Plein jour,En agglomération,Hors intersection,Normale,Deux véhicules - frontale,,,,,,,,,,,1,2,1,1,1
200700081667,0007-02-03 19:10:00,7,2,3,19,10,972,209,"15, L.E.P. (RUE DU)",,,Nuit avec éclairage allumé,En agglomération,Hors intersection,Normale,Deux véhicules - frontale,,,,,,,,,,,5,2,1,1,1
200700081668,0007-02-03 22:20:00,7,2,3,22,20,972,209,"140, MARNE (BOULEVARD DE",,,Nuit avec éclairage allumé,En agglomération,Hors intersection,Normale,Autre collision,,,,,,,,,,,5,2,1,1,6
200700081669,0007-02-04 13:30:00,7,2,4,13,30,972,209,"14, FERNAND GABOLY (RUE)",,,Plein jour,En agglomération,Hors intersection,Normale,Deux véhicules - frontale,,,,,,,,,,,1,2,1,1,1
200700081670,0007-02-07 11:55:00,7,2,7,11,55,972,209,"75, MARIE-THERESE GERTRU",,,Plein jour,En agglomération,Hors intersection,Normale,Autre collision,,,,,,,,,,,1,2,1,1,6
200700081671,0007-02-07 12:15:00,7,2,7,12,15,972,209,"96, MARNE (BOULEVARD DE",,,Plein jour,En agglomération,Hors intersection,Normale,Autre collision,,,,,,,,,,,1,2,1,1,6
200700081672,0007-02-07 16:30:00,7,2,7,16,30,972,209,"45, CORIDON (AVENUE DE)",,,Crépuscule ou aube,En agglomération,Hors intersection,Normale,Sans collision,,,,,,,,,,,2,2,1,1,7
200700081673,0007-02-07 17:00:00,7,2,7,17,0,972,209,"31, VALMENIERE (RUE DE L",,,Plein jour,En agglomération,Hors intersection,Normale,Autre collision,,,,,,,,,,,1,2,1,1,6
200700081674,0007-02-07 19:50:00,7,2,7,19,50,972,209,"56, ENTAIDE (ROUTE DE L'",,,Nuit sans éclairage public,En agglomération,Hors intersection,Normale,Deux véhicules - frontale,,,,,,,,,,,3,2,1,1,1
200700081675,0007-02-08 08:35:00,7,2,8,8,35,972,209,"56, BALATA (ROUTE DE)",,,Plein jour,Hors agglomération,Hors intersection,Normale,Deux véhicules - côté,,,,,,,,,,,1,1,1,1,3
200700081676,0007-02-08 18:50:00,7,2,8,18,50,972,209,"42, REDOUTE (ROUTE DE LA",,,Nuit avec éclairage allumé,En agglomération,Hors intersection,Normale,Sans collision,,,,,,,,,,,5,2,1,1,7
200700081677,0007-02-08 20:15:00,7,2,8,20,15,972,209,"25, DIDIER (ROUTE DE)",,,Nuit avec éclairage allumé,Hors agglomération,Hors intersection,Normale,Autre collision,,,,,,,,,,,5,1,1,1,6
200700081678,0007-02-08 19:30:00,7,2,8,19,30,972,209,"125, BALATA (ROUTE DE)",,,Nuit avec éclairage allumé,Hors agglomération,Hors intersection,Normale,Deux véhicules - arrière,,,,,,,,,,,5,1,1,1,2
200700081679,0007-02-09 11:20:00,7,2,9,11,20,972,209,"147, RN9",,,Plein jour,Hors agglomération,Hors intersection,Normale,Autre collision,,,,,,,,,,,1,1,1,1,6