accident_id,datetime,annee,mois,jour,heure,minute,departement,commune_insee,adresse,latitude,longitude,luminosite,agglomeration,intersection,meteo,collision,nb_vehicules,nb_usagers,nb_indemnes,nb_tues,nb_blesses_hosp,nb_blesses_legers,age_cond_1,age_cond_2,veh_type_cond_1,veh_type_cond_2,lum_code,agg_code,int_code,atm_code,col_code
200700082030,0007-03-07 18:30:00,7,3,7,18,30,973,302,BADUEL (ROUTE DE),,,Crépuscule ou aube,En agglomération,Intersection en T,Normale,Deux véhicules - côté,,,,,,,,,,,2,2,3,1,3
200700082031,0007-03-04 13:15:00,7,3,4,13,15,973,302,"02, BOUDINOT (AUGUSTE) C",,,Plein jour,En agglomération,Autre intersection,Normale,Deux véhicules - frontale,,,,,,,,,,,1,2,9,1,1
200700082032,0007-03-03 21:50:00,7,3,3,21,50,973,302,BADUEL (ROUTE DE),,,Nuit avec éclairage allumé,En agglomération,Hors intersection,Pluie légère,Autre collision,,,,,,,,,,,5,2,1,2,6
200700082033,0007-03-03 16:13:00,7,3,3,16,13,973,302,MADELEINE (ROUTE DE LA),,,Plein jour,En agglomération,Hors intersection,Normale,Deux véhicules - côté,,,,,,,,,,,1,2,1,1,3
200700082034,0007-03-03 17:58:00,7,3,3,17,58,973,302,"3367, BADUEL (ROUTE DE)",,,Plein jour,En agglomération,Hors intersection,Normale,Deux véhicules - frontale,,,,,,,,,,,1,2,1,1,1
200700082035,0007-03-08 22:33:00,7,3,8,22,33,973,302,ABOLITION DE L'ESCLAVAGE,,,Nuit avec éclairage allumé,En agglomération,Intersection en X,Normale,Deux véhicules - côté,,,,,,,,,,,5,2,2,1,3
200700082036,0007-03-09 15:10:00,7,3,9,15,10,973,302,"131, MONTABO (ROUTE DE)",,,Plein jour,En agglomération,Hors intersection,Normale,Autre collision,,,,,,,,,,,1,2,1,1,6
200700082037,0007-03-10 11:00:00,7,3,10,11,0,973,302,"482, CABASSOU (ROUTE DE)",,,Plein jour,En agglomération,Hors intersection,Normale,Deux véhicules - côté,,,,,,,,,,,1,2,1,1,3
200700082038,0007-03-10 11:50:00,7,3,10,11,50,973,302,EBOUE (FELIX),,,Plein jour,En agglomération,Intersection en T,Normale,Deux véhicules - côté,,,,,,,,,,,1,2,3,1,3
200700082039,0007-03-10 22:30:00,7,3,10,22,30,973,302,SUZINI (CARREFOUR),,,Nuit avec éclairage allumé,En agglomération,Intersection en Y,Normale,Deux véhicules - arrière,,,,,,,,,,,5,2,4,1,2
200700082040,0007-03-12 09:25:00,7,3,12,9,25,973,302,TECLE (EUGENE) CITE THEM,,,Plein jour,En agglomération,Intersection en T,Normale,Deux véhicules - côté,,,,,,,,,,,1,2,3,1,3
200700082041,0007-03-12 16:02:00,7,3,12,16,2,973,302,SUZINI (CARREFOUR),,,Plein jour,En agglomération,Intersection en Y,Normale,Deux véhicules - côté,,,,,,,,,,,1,2,4,1,3
200700082042,0007-03-13 13:48:00,7,3,13,13,48,973,302,"43, BARRAT (DU DOCTEUR)",,,Plein jour,En agglomération,Hors intersection,Normale,Autre collision,,,,,,,,,,,1,2,1,1,6
200700082043,0007-03-13 18:42:00,7,3,13,18,42,973,302,BADUEL (ROUTE DE),,,Plein jour,Hors agglomération,Intersection en T,Normale,Deux véhicules - côté,,,,,,,,,,,1,1,3,1,3
200700082044,0007-03-14 12:00:00,7,3,14,12,0,973,302,CABASSOU (ROUTE DE),,,Plein jour,Hors agglomération,Hors intersection,Normale,Deux véhicules - côté,,,,,,,,,,,1,1,1,1,3
200700082045,0007-03-17 08:25:00,7,3,17,8,25,973,302,", CATAYEE (JUSTIN)",,,Plein jour,En agglomération,Intersection en X,Temps éblouissant,Deux véhicules - côté,,,,,,,,,,,1,2,2,7,3
200700082046,0007-03-18 14:23:00,7,3,18,14,23,973,302,FELIX EBOUE (ROCADE),,,Plein jour,En agglomération,Intersection en X,Normale,Deux véhicules - côté,,,,,,,,,,,1,2,2,1,3
200700082047,0007-03-18 19:48:00,7,3,18,19,48,973,302,"59, BARRAT (DU DOCTEUR)",,,Nuit avec éclairage allumé,En agglomération,Hors intersection,Normale,Autre collision,,,,,,,,,,,5,2,1,1,6
200700082048,0007-03-16 08:10:00,7,3,16,8,10,973,302,MADELEINE (ROUTE DE LA),,,Plein jour,En agglomération,Hors intersection,Pluie légère,Deux véhicules - côté,,,,,,,,,,,1,2,1,2,3
200700082049,0007-03-18 11:46:00,7,3,18,11,46,973,302,RABAN (ROUTE DE),,,Plein jour,En agglomération,Hors intersection,Normale,Deux véhicules - côté,,,,,,,,,,,1,2,1,1,3
200700082050,0007-03-17 17:23:00,7,3,17,17,23,973,302,"36, EAU-LISETTE (CITE)",,,Plein jour,En agglomération,Hors intersection,Normale,Autre collision,,,,,,,,,,,1,2,1,1,6
200700082051,0007-03-16 13:10:00,7,3,16,13,10,973,302,BADUEL (ROUTE DE),,,Plein jour,En agglomération,Hors intersection,Pluie forte,Deux véhicules - côté,,,,,,,,,,,1,2,1,3,3
200700082052,0007-03-16 07:59:00,7,3,16,7,59,973,302,"513, BADUEL (ROUTE DE)",,,Plein jour,En agglomération,Hors intersection,Normale,Deux véhicules - arrière,,,,,,,,,,,1,2,1,1,2
200700082053,0007-03-17 15:30:00,7,3,17,15,30,973,302,MONTABO (ROUTE DE) 1,,,Plein jour,En agglomération,Hors intersection,Normale,Deux véhicules - côté,,,,,,,,,,,1,2,1,1,3
200700082054,0007-03-17 18:41:00,7,3,17,18,41,973,302,14 ET 22 JUIN 1962,,,Plein jour,En agglomération,Hors intersection,Normale,Deux véhicules - côté,,,,,,,,,,,1,2,1,1,3
200700082055,0007-03-13 09:40:00,7,3,13,9,40,973,302,"2091, BADUEL (ROUTE DE)",,,Plein jour,Hors agglomération,Hors intersection,Normale,Sans collision,,,,,,,,,,,1,1,1,1,7
200700082056,0007-03-14 11:45:00,7,3,14,11,45,973,302,RABAN (ROUTE DE),,,Plein jour,Hors agglomération,Hors intersection,Normale,Deux véhicules - côté,,,,,,,,,,,1,1,1,1,3
200700082057,0007-03-19 07:49:00,7,3,19,7,49,973,302,MIRZA (CITE),,,Plein jour,Hors agglomération,Hors intersection,Normale,Autre collision,,,,,,,,,,,1,1,1,1,6
200700082058,0007-03-19 10:53:00,7,3,19,10,53,973,302,"1337, MADELEINE (ROUTE D",,,Plein jour,Hors agglomération,Hors intersection,Normale,Autre collision,,,,,,,,,,,1,1,1,1,6
200700082059,0007-03-20 20:10:00,7,3,20,20,10,973,302,SOURCE DE BADUEL (CHEMIN,,,Nuit avec éclairage allumé,En agglomération,Hors intersection,Normale,Autre collision,,,,,,,,,,,5,2,1,1,6
200700082060,0007-03-21 11:15:00,7,3,21,11,15,973,302,TIGRE (ROUTE DU),,,Plein jour,En agglomération,Hors intersection,Normale,Deux véhicules - côté,,,,,,,,,,,1,2,1,1,3
200700082061,0007-03-24 09:20:00,7,3,24,9,20,973,302,"1540, BADUEL (ROUTE DE)",,,Plein jour,En agglomération,Hors intersection,Normale,Deux véhicules - côté,,,,,,,,,,,1,2,1,1,3
200700082062,0007-03-23 13:47:00,7,3,23,13,47,973,302,MIRZA (CITE),,,Plein jour,En agglomération,Hors intersection,Normale,Autre collision,,,,,,,,,,,1,2,1,1,6
200700082063,0007-03-24 10:23:00,7,3,24,10,23,973,302,"2059, MADELEINE (ROUTE D",,,Plein jour,En agglomération,Hors intersection,Normale,Deux véhicules - côté,,,,,,,,,,,1,2,1,1,3
200700082064,0007-03-26 08:03:00,7,3,26,8,3,973,302,BADUEL (ROUTE DE),,,Plein jour,En agglomération,Hors intersection,Normale,Deux véhicules - côté,,,,,,,,,,,1,2,1,1,3
200700082065,0007-03-26 14:00:00,7,3,26,14,0,973,302,"2066, TIGRE (ROUTE DU)",,,Plein jour,En agglomération,Hors intersection,Normale,Deux véhicules - frontale,,,,,,,,,,,1,2,1,1,1
200700082066,0007-03-28 16:23:00,7,3,28,16,23,973,302,"40, BECKER (LIEUTENANT)",,,Plein jour,En agglomération,Hors intersection,Normale,Autre collision,,,,,,,,,,,1,2,1,1,6
200700082067,0007-03-30 07:56:00,7,3,30,7,56,973,302,DIGUE RONJON,,,Plein jour,En agglomération,Hors intersection,Pluie légère,Sans collision,,,,,,,,,,,1,2,1,2,7
200700082068,0007-03-30 21:20:00,7,3,30,21,20,973,302,MADELEINE (ROUTE DE LA),,,Nuit avec éclairage allumé,En agglomération,Intersection en T,Normale,Deux véhicules - côté,,,,,,,,,,,5,2,3,1,3
200700082069,0007-03-30 19:51:00,7,3,30,19,51,973,302,BADUEL (ROUTE DE),,,Nuit avec éclairage allumé,En agglomération,Hors intersection,Normale,Deux véhicules - frontale,,,,,,,,,,,5,2,1,1,1
200700082070,0007-03-31 17:58:00,7,3,31,17,58,973,302,MARINGOUINS (ROND-POINT),,,Plein jour,Hors agglomération,Hors intersection,Pluie légère,Deux véhicules - côté,,,,,,,,,,,1,1,1,2,3
200700082071,0007-03-31 17:59:00,7,3,31,17,59,973,302,"1053, RABAN (ROUTE DE)",,,Plein jour,En agglomération,Hors intersection,Pluie légère,Autre collision,,,,,,,,,,,1,2,1,2,6
200700082072,0007-03-25 07:19:00,7,3,25,7,19,973,302,"1222, MONTABO (ROUTE DE)",,,Plein jour,Hors agglomération,Hors intersection,Normale,Deux véhicules - côté,,,,,,,,,,,1,1,1,1,3
200700082073,0007-03-17 12:31:00,7,3,17,12,31,973,302,ZEPHIR (ROCADE),,,Plein jour,Hors agglomération,Hors intersection,Normale,Sans collision,,,,,,,,,,,1,1,1,1,7
200700082074,0007-03-02 19:50:00,7,3,2,19,50,974,407,CHERBOURG(RUE),,,Nuit avec éclairage non allumé,En agglomération,Hors intersection,Normale,Deux véhicules - côté,,,,,,,,,,,4,2,1,1,3
200700082075,0007-03-03 21:00:00,7,3,3,21,0,974,407,"44, ROMERO(AVENUE)",,,Nuit avec éclairage allumé,En agglomération,Hors intersection,Normale,Deux véhicules - arrière,,,,,,,,,,,5,2,1,1,2
200700082076,0007-03-08 12:00:00,7,3,8,12,0,974,407,"18, AVENUE TITAN",,,Plein jour,En agglomération,Hors intersection,Normale,Deux véhicules - côté,,,,,,,,,,,1,2,1,1,3
200700082077,0007-03-10 07:45:00,7,3,10,7,45,974,407,CHERBOURG(RUE),,,Plein jour,En agglomération,Hors intersection,Normale,Autre collision,,,,,,,,,,,1,2,1,1,6
200700082078,0007-03-12 10:40:00,7,3,12,10,40,974,407,VERDUN (BOULEVARD),,,Plein jour,En agglomération,Intersection en X,Normale,Deux véhicules - frontale,,,,,,,,,,,1,2,2,1,1
200700082079,0007-03-17 17:18:00,7,3,17,17,18,974,407,PARNY EVARISTE(RUE),,,Plein jour,En agglomération,Intersection en T,Normale,Deux véhicules - côté,,,,,,,,,,,1,2,3,1,3
200700082080,0007-03-19 17:55:00,7,3,19,17,55,974,407,BD DE LA COMPAGNIE DES I,,,Plein jour,En agglomération,Hors intersection,Normale,Trois véhicules et plus - collisions multiples,,,,,,,,,,,1,2,1,1,5
200700082081,0007-03-20 11:50:00,7,3,20,11,50,974,407,COMMUNE DE PARIS (AVENUE,,,Plein jour,En agglomération,Intersection en X,Normale,Deux véhicules - côté,,,,,,,,,,,1,2,2,1,3
200700082082,0007-03-21 17:10:00,7,3,21,17,10,974,407,ROUTE NATIONALE N° 1,,,Plein jour,Hors agglomération,Hors intersection,Normale,Deux véhicules - arrière,,,,,,,,,,,1,1,1,1,2
200700082083,0007-03-22 16:35:00,7,3,22,16,35,974,407,ROND POINT BUTTE CITRONN,,,Plein jour,En agglomération,Giratoire,Normale,Deux véhicules - arrière,,,,,,,,,,,1,2,6,1,2
200700082084,0007-03-26 16:50:00,7,3,26,16,50,974,407,LENINE (AVENUE),,,Plein jour,En agglomération,Hors intersection,Pluie forte,Autre collision,,,,,,,,,,,1,2,1,3,6
200700082085,0007-03-02 21:38:00,7,3,2,21,38,974,411,COMMINS (CHEMIN),,,Nuit avec éclairage non allumé,En agglomération,Hors intersection,Normale,Trois véhicules et plus - collisions multiples,,,,,,,,,,,4,2,1,1,5
200700082086,0007-03-03 20:20:00,7,3,3,20,20,974,411,VOLTAIRE (RUE),,,Nuit sans éclairage public,En agglomération,Hors intersection,Normale,Autre collision,,,,,,,,,,,3,2,1,1,6
200700082087,0007-03-07 07:15:00,7,3,7,7,15,974,411,"91, LORY LES BAS (RUE)",,,Plein jour,En agglomération,Hors intersection,Normale,Autre collision,,,,,,,,,,,1,2,1,1,6
200700082088,0007-03-08 07:20:00,7,3,8,7,20,974,411,JAURES (BOULEVARD JEAN),,,Plein jour,En agglomération,Intersection en X,Normale,Deux véhicules - côté,,,,,,,,,,,1,2,2,1,3
200700082089,0007-03-01 13:10:00,7,3,1,13,10,974,411,CHAUDRON  (BLD 1 DU),,,Plein jour,En agglomération,Intersection en T,Normale,Deux véhicules - côté,,,,,,,,,,,1,2,3,1,3
200700082090,0007-03-13 22:20:00,7,3,13,22,20,974,411,BEDIER (AVENUE JOSEPH),,,Nuit avec éclairage allumé,En agglomération,Intersection en X,Normale,Deux véhicules - côté,,,,,,,,,,,5,2,2,1,3
200700082091,0007-03-14 07:50:00,7,3,14,7,50,974,411,HOARAU (VALLON),,,Plein jour,En agglomération,Intersection en X,Normale,Deux véhicules - frontale,,,,,,,,,,,1,2,2,1,1
200700082092,0007-03-18 14:55:00,7,3,18,14,55,974,411,"96, MARIE (RUE SAINTE)",,,Plein jour,En agglomération,Intersection en X,Normale,Deux véhicules - côté,,,,,,,,,,,1,2,2,1,3
200700082093,0007-03-05 09:30:00,7,3,5,9,30,974,411,JAURES (BOULEVARD JEAN),,,Plein jour,En agglomération,Intersection en X,Normale,Autre collision,,,,,,,,,,,1,2,2,1,6
200700082094,0007-03-25 12:20:00,7,3,25,12,20,974,411,"166 TER, BOIS ROUGE (CHE",,,Plein jour,En agglomération,Hors intersection,Normale,Deux véhicules - frontale,,,,,,,,,,,1,2,1,1,1
200700082095,0007-03-16 02:45:00,7,3,16,2,45,974,411,"1, LATTRE DE TASSIGNY (A",,,Nuit avec éclairage allumé,En agglomération,Hors intersection,Normale,Autre collision,,,,,,,,,,,5,2,1,1,6
200700082096,0007-03-26 19:40:00,7,3,26,19,40,974,411,"1, MONTHYON (RUE)",,,Nuit avec éclairage allumé,En agglomération,Intersection en X,Normale,Autre collision,,,,,,,,,,,5,2,2,1,6
200700082097,0007-03-23 17:20:00,7,3,23,17,20,974,411,"1, JAURES (BOULEVARD JEA",,,Plein jour,En agglomération,Intersection en T,Normale,Autre collision,,,,,,,,,,,1,2,3,1,6
200700082098,0007-03-24 10:46:00,7,3,24,10,46,974,411,"1, LABOURDONNAIS",,,Plein jour,En agglomération,Intersection en X,Normale,Deux véhicules - côté,,,,,,,,,,,1,2,2,1,3
200700082099,0007-03-23 17:30:00,7,3,23,17,30,974,411,BOIS DE NEFLES (ROUTE DE,,,Plein jour,En agglomération,Hors intersection,Normale,Autre collision,,,,,,,,,,,1,2,1,1,6
200700082100,0007-03-27 17:57:00,7,3,27,17,57,974,411,"1, RAMBAUD (LEOPOLD)",,,Plein jour,En agglomération,Hors intersection,Normale,Deux véhicules - arrière,,,,,,,,,,,1,2,1,1,2
200700082101,0007-03-29 15:45:00,7,3,29,15,45,974,411,"1, LECONTE DE LISLE (AVE",,,Plein jour,En agglomération,Intersection en X,Normale,Autre collision,,,,,,,,,,,1,2,2,1,6
200700082102,0007-03-30 07:02:00,7,3,30,7,2,974,411,"2, GARE ROUTIERE (DE LA)",,,Plein jour,En agglomération,Hors intersection,Normale,Autre collision,,,,,,,,,,,1,2,1,1,6
200700082103,0007-03-30 10:17:00,7,3,30,10,17,974,411,"2, MACE (BOULEVARD GABRI",,,Plein jour,En agglomération,Hors intersection,Normale,Autre collision,,,,,,,,,,,1,2,1,1,6
200700082104,0007-03-13 09:50:00,7,3,13,9,50,974,411,"01, LORY LES HAUTS (RUE)",,,Plein jour,En agglomération,Hors intersection,Normale,Deux véhicules - arrière,,,,,,,,,,,1,2,1,1,2
200700082105,0007-03-14 20:40:00,7,3,14,20,40,974,411,LITTORAL (ROUTE 1 DU),,,Nuit sans éclairage public,Hors agglomération,Hors intersection,Pluie légère,Sans collision,,,,,,,,,,,3,1,1,2,7
200700082106,0007-03-03 20:45:00,7,3,3,20,45,974,416,"3, ISAUTIER (RUE FRANCOI",,,Nuit avec éclairage allumé,En agglomération,Hors intersection,Normale,Autre collision,,,,,,,,,,,5,2,1,1,6
200700082107,0007-03-03 22:10:00,7,3,3,22,10,974,416,"1, PERE RAIMBAULT(RUE DU",,,Nuit avec éclairage allumé,En agglomération,Hors intersection,Normale,Deux véhicules - frontale,,,,,,,,,,,5,2,1,1,1
200700082108,0007-03-05 11:35:00,7,3,5,11,35,974,416,"120, LORION(RUE LUC)",,,Plein jour,En agglomération,Hors intersection,Normale,Autre collision,,,,,,,,,,,1,2,1,1,6
200700082109,0007-03-06 18:45:00,7,3,6,18,45,974,416,"73, HUBERT DE LISLE(BOUL",,,Nuit avec éclairage allumé,En agglomération,Hors intersection,Normale,Deux véhicules - arrière,,,,,,,,,,,5,2,1,1,2
200700082110,0007-03-16 23:05:00,7,3,16,23,5,974,416,HUBERT DE LISLE(BOULEVAR,,,Nuit avec éclairage allumé,En agglomération,Intersection en T,Normale,Deux véhicules - côté,,,,,,,,,,,5,2,3,1,3
200700082111,0007-03-17 16:40:00,7,3,17,16,40,974,416,"95, PAVE(RUE)",,,Plein jour,En agglomération,Hors intersection,Normale,Deux véhicules - frontale,,,,,,,,,,,1,2,1,1,1
200700082112,0007-03-18 08:00:00,7,3,18,8,0,974,416,"218, LEBLOND(RUE M. ET A",,,Plein jour,En agglomération,Hors intersection,Normale,Sans collision,,,,,,,,,,,1,2,1,1,7
200700082113,0007-03-21 20:30:00,7,3,21,20,30,974,416,"8, PRESIDENT MITTERAND(A",,,Nuit avec éclairage allumé,En agglomération,Hors intersection,Normale,Deux véhicules - côté,,,,,,,,,,,5,2,1,1,3
200700082154,0007-04-06 18:45:00,7,4,6,18,45,972,229,Nationale 2,,,Nuit avec éclairage allumé,Hors agglomération,Hors intersection,Normale,Deux véhicules - frontale,,,,,,,,,,,5,1,1,1,1
200700082155,0007-04-02 17:45:00,7,4,2,17,45,972,224,quartier belle étoile,,,Crépuscule ou aube,En agglomération,Hors intersection,Normale,Deux véhicules - côté,,,,,,,,,,,2,2,1,1,3
200700082156,0007-04-13 14:45:00,7,4,13,14,45,972,224,N 4 - face Cité Chapelle,,,Plein jour,En agglomération,Hors intersection,Temps éblouissant,Deux véhicules - côté,,,,,,,,,,,1,2,1,7,3
200700082157,0007-04-11 18:45:00,7,4,11,18,45,972,205,,,,Nuit avec éclairage allumé,En agglomération,Intersection en T,Normale,Deux véhicules - côté,,,,,,,,,,,5,2,3,1,3
200700082158,0007-04-21 21:45:00,7,4,21,21,45,972,217,Quartier montgérald,,,Nuit avec éclairage allumé,En agglomération,Hors intersection,Normale,Deux véhicules - frontale,,,,,,,,,,,5,2,1,1,1
200700082159,0007-04-16 17:00:00,7,4,16,17,0,972,203,,,,Plein jour,Hors agglomération,Hors intersection,Normale,Sans collision,,,,,,,,,,,1,1,1,1,7
200700082160,0007-04-24 19:00:00,7,4,24,19,0,972,203,rue du docteur Morestin,,,Nuit avec éclairage allumé,En agglomération,Giratoire,Normale,Deux véhicules - côté,,,,,,,,,,,5,2,6,1,3
200700082161,0007-04-10 19:30:00,7,4,10,19,30,971,104,Rue Jean Jaurès,,,Nuit avec éclairage allumé,En agglomération,Hors intersection,Normale,Autre collision,,,,,,,,,,,5,2,1,1,6
200700082162,0007-04-22 14:25:00,7,4,22,14,25,971,104,Avenue du Père Labat,,,Plein jour,En agglomération,Hors intersection,Normale,Deux véhicules - frontale,,,,,,,,,,,1,2,1,1,1
200700082163,0007-04-09 04:45:00,7,4,9,4,45,971,106,"Village, Duché",,,Nuit avec éclairage allumé,Hors agglomération,Hors intersection,Normale,Autre collision,,,,,,,,,,,5,1,1,1,6
200700082164,0007-04-04 06:30:00,7,4,4,6,30,971,121,e de la Traversée -CD23-,,,Plein jour,Hors agglomération,Hors intersection,Normale,Autre collision,,,,,,,,,,,1,1,1,1,6
200700082165,0007-04-30 18:55:00,7,4,30,18,55,971,121,route de morphy,,,Nuit sans éclairage public,Hors agglomération,Hors intersection,Normale,Autre collision,,,,,,,,,,,3,1,1,1,6
200700082166,0007-04-13 12:30:00,7,4,13,12,30,971,107,,,,Plein jour,Hors agglomération,Autre intersection,Normale,Autre collision,,,,,,,,,,,1,1,9,1,6
200700082167,0007-04-14 15:30:00,7,4,14,15,30,971,107,,,,Plein jour,Hors agglomération,Hors intersection,Normale,Trois véhicules et plus - collisions multiples,,,,,,,,,,,1,1,1,1,5
200700082168,0007-04-20 17:30:00,7,4,20,17,30,971,114,,,,Plein jour,Hors agglomération,Hors intersection,Normale,Trois véhicules et plus - collisions multiples,,,,,,,,,,,1,1,1,1,5
200700082169,0007-04-23 17:45:00,7,4,23,17,45,971,107,section petit Bélair,,,Plein jour,Hors agglomération,Intersection en Y,Normale,Trois véhicules et plus - en chaîne,,,,,,,,,,,1,1,4,1,4
200700082170,0007-04-12 18:40:00,7,4,12,18,40,971,115,RD 36 section BREFORT,,,Nuit avec éclairage allumé,Hors agglomération,Hors intersection,Normale,Deux véhicules - côté,,,,,,,,,,,5,1,1,1,3
200700082171,0007-04-15 09:45:00,7,4,15,9,45,971,118,,,,Plein jour,Hors agglomération,Hors intersection,Normale,Deux véhicules - arrière,,,,,,,,,,,1,1,1,1,2
200700082172,0007-04-03 11:15:00,7,4,3,11,15,971,129,,,,Plein jour,Hors agglomération,Hors intersection,Normale,Autre collision,,,,,,,,,,,1,1,1,1,6
200700082173,0007-04-14 17:15:00,7,4,14,17,15,971,129,,,,Plein jour,Hors agglomération,Hors intersection,Pluie légère,Deux véhicules - côté,,,,,,,,,,,1,1,1,2,3
200700082174,0007-04-21 18:00:00,7,4,21,18,0,971,129,parking section bébel,,,Plein jour,En agglomération,Hors intersection,Normale,Autre collision,,,,,,,,,,,1,2,1,1,6
200700082175,0007-04-14 17:50:00,7,4,14,17,50,971,126,section GRELIN,,,Plein jour,Hors agglomération,Hors intersection,Normale,Deux véhicules - arrière,,,,,,,,,,,1,1,1,1,2
200700082176,0007-04-24 07:15:00,7,4,24,7,15,971,126,section courbaril,,,Plein jour,Hors agglomération,Hors intersection,Temps éblouissant,Deux véhicules - arrière,,,,,,,,,,,1,1,1,7,2
200700082177,0007-04-08 13:00:00,7,4,8,13,0,971,110,,,,Plein jour,Hors agglomération,Hors intersection,Normale,Autre collision,,,,,,,,,,,1,1,1,1,6
200700082178,0007-04-04 04:45:00,7,4,4,4,45,971,117,RN 5 section belle-mare,,,Nuit sans éclairage public,Hors agglomération,Hors intersection,Normale,Deux véhicules - frontale,,,,,,,,,,,3,1,1,1,1
200700082179,0007-04-21 18:15:00,7,4,21,18,15,971,117,,,,Nuit sans éclairage public,Hors agglomération,Hors intersection,Normale,Deux véhicules - frontale,,,,,,,,,,,3,1,1,1,1
200700082180,0007-04-13 05:00:00,7,4,13,5,0,971,119,Section Vermont,,,Crépuscule ou aube,Hors agglomération,Hors intersection,Normale,Deux véhicules - arrière,,,,,,,,,,,2,1,1,1,2
200700082181,0007-04-06 03:35:00,7,4,6,3,35,971,125,oute pointe des châteaux,,,Nuit sans éclairage public,Hors agglomération,Hors intersection,Normale,Autre collision,,,,,,,,,,,3,1,1,1,6
200700082182,0007-04-07 19:00:00,7,4,7,19,0,971,125,,,,Nuit sans éclairage public,Hors agglomération,Hors intersection,Normale,Deux véhicules - frontale,,,,,,,,,,,3,1,1,1,1
200700082183,0007-04-07 14:30:00,7,4,7,14,30,971,125,Rocade CD 118,,,Plein jour,Hors agglomération,Hors intersection,Normale,Trois véhicules et plus - en chaîne,,,,,,,,,,,1,1,1,1,4
200700082184,0007-04-18 16:45:00,7,4,18,16,45,971,125,,,,Plein jour,Hors agglomération,Intersection en X,Pluie légère,Deux véhicules - côté,,,,,,,,,,,1,1,2,2,3
200700082185,0007-04-18 20:15:00,7,4,18,20,15,971,125,,,,Nuit avec éclairage allumé,Hors agglomération,Autre intersection,Normale,Deux véhicules - frontale,,,,,,,,,,,5,1,9,1,1
200700082186,0007-04-14 05:45:00,7,4,14,5,45,971,128,,,,Plein jour,Hors agglomération,Hors intersection,Normale,Autre collision,,,,,,,,,,,1,1,1,1,6
200700082187,0007-04-29 16:30:00,7,4,29,16,30,971,128,,,,Plein jour,Hors agglomération,Hors intersection,Normale,Deux véhicules - côté,,,,,,,,,,,1,1,1,1,3
200700082188,0007-04-29 04:30:00,7,4,29,4,30,971,116,Bosrédon,,,Nuit avec éclairage allumé,En agglomération,Hors intersection,Pluie légère,Deux véhicules - côté,,,,,,,,,,,5,2,1,2,3
200700082189,0007-04-30 22:30:00,7,4,30,22,30,971,116,,,,Nuit avec éclairage allumé,Hors agglomération,Hors intersection,Normale,Deux véhicules - arrière,,,,,,,,,,,5,1,1,1,2
200700082190,0007-04-11 11:30:00,7,4,11,11,30,973,307,,,,Plein jour,Hors agglomération,Hors intersection,Normale,Deux véhicules - côté,,,,,,,,,,,1,1,1,1,3
200700082191,0007-04-17 13:00:00,7,4,17,13,0,973,308,RUE JOSEPH LEANDRE,,,Plein jour,En agglomération,Hors intersection,Normale,Autre collision,,,,,,,,,,,1,2,1,1,6
200700082192,0007-04-07 15:00:00,7,4,7,15,0,973,306,,,,Plein jour,Hors agglomération,Hors intersection,Normale,Sans collision,,,,,,,,,,,1,1,1,1,7
200700082193,0007-04-06 18:45:00,7,4,6,18,45,974,408,,,,Crépuscule ou aube,Hors agglomération,Hors intersection,Normale,Deux véhicules - frontale,,,,,,,,,,,2,1,1,1,1
200700082194,0007-04-13 12:30:00,7,4,13,12,30,974,418,,,,Plein jour,Hors agglomération,Hors intersection,Pluie légère,Autre collision,,,,,,,,,,,1,1,1,2,6
200700082195,0007-04-05 18:45:00,7,4,5,18,45,974,420,Rue Raymond verges 97441,,,Nuit sans éclairage public,En agglomération,Hors intersection,Normale,Deux véhicules - côté,,,,,,,,,,,3,2,1,1,3
200700082196,0007-04-26 09:45:00,7,4,26,9,45,974,420,,,,Plein jour,Hors agglomération,Hors intersection,Normale,Deux véhicules - frontale,,,,,,,,,,,1,1,1,1,1
200700082197,0007-04-07 14:15:00,7,4,7,14,15,974,402,RN2 - 02 X 02 VOIES,,,Plein jour,Hors agglomération,Hors intersection,Normale,Deux véhicules - côté,,,,,,,,,,,1,1,1,1,3
200700082198,0007-04-19 13:45:00,7,4,19,13,45,974,421,,,,Plein jour,Hors agglomération,Hors intersection,Normale,Sans collision,,,,,,,,,,,1,1,1,1,7
200700082199,0007-04-06 23:00:00,7,4,6,23,0,974,415,ue Marius et Ary Leblond,,,Nuit avec éclairage allumé,En agglomération,Hors intersection,Normale,Autre collision,,,,,,,,,,,5,2,1,1,6
200700082200,0007-04-25 12:30:00,7,4,25,12,30,974,415,342 rue Saint louis,,,Plein jour,En agglomération,Hors intersection,Normale,Deux véhicules - arrière,,,,,,,,,,,1,2,1,1,2
200700082201,0007-04-23 23:00:00,7,4,23,23,0,974,415,rtie de la discothéque q,,,Nuit sans éclairage public,Hors agglomération,Hors intersection,Normale,Deux véhicules - frontale,,,,,,,,,,,3,1,1,1,1
200700082202,0007-04-24 12:15:00,7,4,24,12,15,974,423,,,,Plein jour,Hors agglomération,Hors intersection,Normale,Deux véhicules - côté,,,,,,,,,,,1,1,1,1,3
200700082203,0007-04-19 07:00:00,7,4,19,7,0,974,405,,,,Plein jour,Hors agglomération,Hors intersection,Normale,Deux véhicules - frontale,,,,,,,,,,,1,1,1,1,1