accident_id,datetime,annee,mois,jour,heure,minute,departement,commune_insee,adresse,latitude,longitude,luminosite,agglomeration,intersection,meteo,collision,nb_vehicules,nb_usagers,nb_indemnes,nb_tues,nb_blesses_hosp,nb_blesses_legers,age_cond_1,age_cond_2,veh_type_cond_1,veh_type_cond_2,lum_code,agg_code,int_code,atm_code,col_code
200700082204,0007-04-12 16:15:00,7,4,12,16,15,974,422,RUE FIDELIO ROBERT,,,Plein jour,En agglomération,Hors intersection,Normale,Autre collision,,,,,,,,,,,1,2,1,1,6
200700082205,0007-04-15 16:45:00,7,4,15,16,45,974,422,rue du Général Bonnier,,,Plein jour,En agglomération,Hors intersection,Normale,Sans collision,,,,,,,,,,,1,2,1,1,7
200700082232,0007-04-01 23:00:00,7,4,1,23,0,971,101,RN.5,,,Nuit sans éclairage public,En agglomération,Hors intersection,Normale,Autre collision,,,,,,,,,,,3,2,1,1,6
200700082233,0007-04-03 15:45:00,7,4,3,15,45,971,103,FONDS BUDAN,,,Plein jour,En agglomération,Hors intersection,Normale,Autre collision,,,,,,,,,,,1,2,1,1,6
200700082234,0007-04-25 14:00:00,7,4,25,14,0,973,360,Route de Maiman,,,Plein jour,En agglomération,Hors intersection,Normale,Trois véhicules et plus - collisions multiples,,,,,,,,,,,1,2,1,1,5
200700082243,0007-04-15 19:30:00,7,4,15,19,30,973,309,,,,Nuit avec éclairage allumé,Hors agglomération,Hors intersection,Pluie légère,Trois véhicules et plus - en chaîne,,,,,,,,,,,5,1,1,2,4
200700082244,0007-04-23 08:30:00,7,4,23,8,30,973,309,"PK 3.6, RN3",,,Plein jour,Hors agglomération,Hors intersection,Temps couvert,Deux véhicules - frontale,,,,,,,,,,,1,1,1,8,1
200700082245,0007-04-07 20:30:00,7,4,7,20,30,974,413,,,,Nuit sans éclairage public,Hors agglomération,Hors intersection,Normale,Deux véhicules - côté,,,,,,,,,,,3,1,1,1,3
200700082249,0007-04-20 13:30:00,7,4,20,13,30,974,498,,,,Plein jour,Hors agglomération,Hors intersection,Normale,Deux véhicules - côté,,,,,,,,,,,1,1,1,1,3
200700082250,0007-04-28 03:15:00,7,4,28,3,15,974,418,,,,Nuit sans éclairage public,Hors agglomération,Hors intersection,Normale,Sans collision,,,,,,,,,,,3,1,1,1,7
200700082251,0007-04-14 17:25:00,7,4,14,17,25,972,227,RN 05 quartier désert,,,Plein jour,Hors agglomération,Hors intersection,Temps couvert,Deux véhicules - frontale,,,,,,,,,,,1,1,1,8,1
200700082252,0007-04-01 01:00:00,7,4,1,1,0,974,416,,,,Nuit sans éclairage public,Hors agglomération,Hors intersection,Pluie légère,Deux véhicules - frontale,,,,,,,,,,,3,1,1,2,1
200700082253,0007-04-04 18:45:00,7,4,4,18,45,974,415,RUE RAPHAEL BARQUISSEAU,,,Nuit avec éclairage allumé,En agglomération,Hors intersection,Normale,Deux véhicules - frontale,,,,,,,,,,,5,2,1,1,1
200700082254,0007-04-11 21:15:00,7,4,11,21,15,974,415,Rue Cendragon FLEURIMONT,,,Nuit sans éclairage public,Hors agglomération,Hors intersection,Normale,Sans collision,,,,,,,,,,,3,1,1,1,7
200700082258,0007-04-04 15:15:00,7,4,4,15,15,971,105,", MALLIAN  (RUE)",,,Plein jour,En agglomération,Hors intersection,Normale,Autre collision,,,,,,,,,,,1,2,1,1,6
200700082259,0007-04-23 12:10:00,7,4,23,12,10,971,105,PERES DOMINICAINS(AVENUE,,,Plein jour,Hors agglomération,Hors intersection,Normale,Trois véhicules et plus - en chaîne,,,,,,,,,,,1,1,1,1,4
200700082260,0007-04-30 13:30:00,7,4,30,13,30,971,105,PERES DOMINICAINS(AVENUE,,,Plein jour,Hors agglomération,Intersection en X,Normale,Deux véhicules - côté,,,,,,,,,,,1,1,2,1,3
200700082261,0007-04-15 21:50:00,7,4,15,21,50,971,107,PAUL LACAVE ( AVENUE ),,,Nuit avec éclairage allumé,En agglomération,Hors intersection,Normale,Autre collision,,,,,,,,,,,5,2,1,1,6
200700082262,0007-04-02 03:00:00,7,4,2,3,0,971,101,"000, PROVIDENCE",,,Nuit sans éclairage public,En agglomération,Hors intersection,Normale,Sans collision,,,,,,,,,,,3,2,1,1,7
200700082263,0007-04-11 13:55:00,7,4,11,13,55,971,101,"000, VIEUX BOURG",,,Plein jour,En agglomération,Hors intersection,Normale,Deux véhicules - arrière,,,,,,,,,,,1,2,1,1,2
200700082264,0007-04-22 02:17:00,7,4,22,2,17,971,120,"000, LOUISY MATHIEU",,,Nuit sans éclairage public,En agglomération,Hors intersection,Normale,Deux véhicules - côté,,,,,,,,,,,3,2,1,1,3
200700082265,0007-04-08 05:20:00,7,4,8,5,20,971,101,"000, CHAUVEL",,,Nuit avec éclairage allumé,En agglomération,Intersection en T,Normale,Deux véhicules - côté,,,,,,,,,,,5,2,3,1,3
200700082266,0007-04-08 18:30:00,7,4,8,18,30,971,101,"000, BAIMBRIDGE",,,Nuit avec éclairage allumé,En agglomération,Hors intersection,Normale,Trois véhicules et plus - en chaîne,,,,,,,,,,,5,2,1,1,4
200700082267,0007-04-30 09:05:00,7,4,30,9,5,971,101,"000, AEROPORT POLE CARAI",,,Plein jour,Hors agglomération,Hors intersection,Normale,Deux véhicules - arrière,,,,,,,,,,,1,1,1,1,2
200700082268,0007-04-20 14:00:00,7,4,20,14,0,971,101,"000, RN05",,,Plein jour,En agglomération,Hors intersection,Normale,Sans collision,,,,,,,,,,,1,2,1,1,7
200700082269,0007-04-21 19:15:00,7,4,21,19,15,971,101,"000, ROUTE DE BOULIQUI",,,Nuit avec éclairage allumé,En agglomération,Hors intersection,Normale,Sans collision,,,,,,,,,,,5,2,1,1,7
200700082270,0007-04-13 22:00:00,7,4,13,22,0,971,113,"000, GRAND BAIE ( RN4)",,,Nuit sans éclairage public,Hors agglomération,Hors intersection,Normale,Trois véhicules et plus - en chaîne,,,,,,,,,,,3,1,1,1,4
200700082271,0007-04-02 08:40:00,7,4,2,8,40,971,120,"00, CITES UNIES(RUE DES)",,,Plein jour,En agglomération,Hors intersection,Normale,Sans collision,,,,,,,,,,,1,2,1,1,7
200700082272,0007-04-02 20:45:00,7,4,2,20,45,972,209,"0, CHATEAUBOEUF (ROUTE D",,,Nuit sans éclairage public,En agglomération,Hors intersection,Normale,Autre collision,,,,,,,,,,,3,2,1,1,6
200700082273,0007-04-05 10:43:00,7,4,5,10,43,972,209,"15, BALATA (ROUTE DE)",,,Plein jour,Hors agglomération,Hors intersection,Normale,Autre collision,,,,,,,,,,,1,1,1,1,6
200700082274,0007-04-05 10:45:00,7,4,5,10,45,972,209,"25, MAURICE BISHOP (RUE)",,,Plein jour,En agglomération,Hors intersection,Normale,Trois véhicules et plus - collisions multiples,,,,,,,,,,,1,2,1,1,5
200700082275,0007-04-05 16:50:00,7,4,5,16,50,972,209,"25, LIBERTE (RUE DE LA)",,,Plein jour,En agglomération,Hors intersection,Normale,Autre collision,,,,,,,,,,,1,2,1,1,6
200700082276,0007-04-06 00:35:00,7,4,6,0,35,972,209,"132, CHATEAUBOEUF (ROUTE",,,Nuit avec éclairage allumé,Hors agglomération,Hors intersection,Normale,Autre collision,,,,,,,,,,,5,1,1,1,6
200700082277,0007-04-06 12:08:00,7,4,6,12,8,972,209,", BALATA (ROUTE DE)",,,Plein jour,Hors agglomération,Hors intersection,Normale,Autre collision,,,,,,,,,,,1,1,1,1,6
200700082278,0007-04-07 13:35:00,7,4,7,13,35,972,209,"85, JUDES TURIAF (AVENUE",,,Plein jour,En agglomération,Hors intersection,Normale,Deux véhicules - côté,,,,,,,,,,,1,2,1,1,3
200700082279,0007-04-08 10:10:00,7,4,8,10,10,972,209,", DILLON (AVENUE DE) EX",,,Plein jour,En agglomération,Hors intersection,Normale,Autre collision,,,,,,,,,,,1,2,1,1,6
200700082280,0007-04-08 11:50:00,7,4,8,11,50,972,209,"15, TANNERIE (RUE DE LA)",,,Plein jour,En agglomération,Hors intersection,Normale,Sans collision,,,,,,,,,,,1,2,1,1,7
200700082281,0007-04-13 06:50:00,7,4,13,6,50,972,209,RD 41 (ROCADE),,,Plein jour,En agglomération,Hors intersection,Normale,Autre collision,,,,,,,,,,,1,2,1,1,6
200700082282,0007-04-13 10:14:00,7,4,13,10,14,972,209,"125, RELIGIEUSES (ROUTE",,,Plein jour,Hors agglomération,Hors intersection,Normale,Deux véhicules - frontale,,,,,,,,,,,1,1,1,1,1
200700082283,0007-04-13 12:02:00,7,4,13,12,2,972,209,", CHATEAUBOEUF (ROUTE DE",,,Plein jour,Hors agglomération,Hors intersection,Normale,Deux véhicules - côté,,,,,,,,,,,1,1,1,1,3
200700082284,0007-04-13 19:20:00,7,4,13,19,20,972,209,", CHATEAUBOEUF (ROUTE DE",,,Nuit sans éclairage public,Hors agglomération,Hors intersection,Normale,Trois véhicules et plus - collisions multiples,,,,,,,,,,,3,1,1,1,5
200700082285,0007-04-13 19:28:00,7,4,13,19,28,972,209,"56, ABBE LAVIGNE (AVENUE",,,Nuit avec éclairage allumé,En agglomération,Hors intersection,Normale,Autre collision,,,,,,,,,,,5,2,1,1,6
200700082286,0007-04-14 19:50:00,7,4,14,19,50,972,209,SALVATOR ALLENDE (AVENUE,,,Nuit avec éclairage allumé,En agglomération,Hors intersection,Normale,Deux véhicules - arrière,,,,,,,,,,,5,2,1,1,2
200700082287,0007-04-17 07:02:00,7,4,17,7,2,972,209,"145, CONDORCET (AVENUE)",,,Plein jour,En agglomération,Hors intersection,Normale,Autre collision,,,,,,,,,,,1,2,1,1,6
200700082288,0007-04-17 16:46:00,7,4,17,16,46,972,209,ESCALADE (RUE DE L'),,,Plein jour,En agglomération,Hors intersection,Normale,Autre collision,,,,,,,,,,,1,2,1,1,6
200700082289,0007-04-14 11:40:00,7,4,14,11,40,972,209,SALVATOR ALLENDE (AVENUE,,,Plein jour,En agglomération,Intersection en T,Normale,Trois véhicules et plus - collisions multiples,,,,,,,,,,,1,2,3,1,5
200700082290,0007-04-06 01:50:00,7,4,6,1,50,972,209,RD 41 (ROCADE),,,Nuit sans éclairage public,Hors agglomération,Hors intersection,Normale,Autre collision,,,,,,,,,,,3,1,1,1,6
200700082291,0007-04-15 20:00:00,7,4,15,20,0,972,209,"14, MAURICE BISHOP (RUE)",,,Nuit avec éclairage allumé,En agglomération,Hors intersection,Normale,Autre collision,,,,,,,,,,,5,2,1,1,6
200700082292,0007-04-16 07:35:00,7,4,16,7,35,972,209,"123, DIDIER (ROUTE DE)",,,Plein jour,Hors agglomération,Hors intersection,Normale,Autre collision,,,,,,,,,,,1,1,1,1,6
200700082293,0007-04-18 07:22:00,7,4,18,7,22,972,209,"45, ROBERT ATTULY (BOULE",,,Plein jour,En agglomération,Hors intersection,Normale,Deux véhicules - arrière,,,,,,,,,,,1,2,1,1,2
200700082294,0007-04-21 15:10:00,7,4,21,15,10,972,209,"65, ENTAIDE (ROUTE DE L'",,,Plein jour,En agglomération,Hors intersection,Normale,Autre collision,,,,,,,,,,,1,2,1,1,6
200700082295,0007-04-21 20:25:00,7,4,21,20,25,972,209,RD 41 (ROCADE),,,Nuit sans éclairage public,En agglomération,Hors intersection,Normale,Autre collision,,,,,,,,,,,3,2,1,1,6
200700082296,0007-04-25 09:55:00,7,4,25,9,55,972,209,"120, SALVATOR ALLENDE (A",,,Plein jour,Hors agglomération,Hors intersection,Normale,Deux véhicules - côté,,,,,,,,,,,1,1,1,1,3
200700082297,0007-04-23 15:55:00,7,4,23,15,55,972,209,"17, VIEUX CHEMIN (RUE DU",,,Plein jour,En agglomération,Hors intersection,Normale,Autre collision,,,,,,,,,,,1,2,1,1,6
200700082298,0007-04-26 07:30:00,7,4,26,7,30,972,209,"41, RAVINE VILAINE (CHEM",,,Plein jour,En agglomération,Hors intersection,Normale,Deux véhicules - côté,,,,,,,,,,,1,2,1,1,3
200700082299,0007-04-26 11:35:00,7,4,26,11,35,972,209,"25, MARNE (BOULEVARD DE",,,Plein jour,En agglomération,Hors intersection,Normale,Autre collision,,,,,,,,,,,1,2,1,1,6
200700082300,0007-04-27 18:50:00,7,4,27,18,50,972,209,"123, MOUTTE (ROUTE DE)",,,Nuit avec éclairage allumé,En agglomération,Hors intersection,Normale,Deux véhicules - arrière,,,,,,,,,,,5,2,1,1,2
200700082301,0007-04-28 12:05:00,7,4,28,12,5,972,209,"0, GEORGES GRATIANT (AVE",,,Plein jour,Hors agglomération,Hors intersection,Normale,Autre collision,,,,,,,,,,,1,1,1,1,6
200700082302,0007-04-28 21:01:00,7,4,28,21,1,972,209,"22, VIEUX CHEMIN (RUE DU",,,Nuit avec éclairage allumé,En agglomération,Hors intersection,Normale,Autre collision,,,,,,,,,,,5,2,1,1,6
200700082303,0007-04-28 18:50:00,7,4,28,18,50,972,209,ERNEST DEPROGE (RUE),,,Nuit avec éclairage allumé,En agglomération,Hors intersection,Normale,Autre collision,,,,,,,,,,,5,2,1,1,6
200700082304,0007-04-28 20:15:00,7,4,28,20,15,972,209,"49, MORNE LAURENT (CHEMI",,,Nuit avec éclairage allumé,En agglomération,Hors intersection,Normale,Deux véhicules - côté,,,,,,,,,,,5,2,1,1,3
200700082305,0007-04-29 13:55:00,7,4,29,13,55,972,209,"0, CHATEAUBOEUF (ROUTE D",,,Plein jour,Hors agglomération,Hors intersection,Pluie légère,Deux véhicules - côté,,,,,,,,,,,1,1,1,2,3
200700082306,0007-04-29 04:30:00,7,4,29,4,30,972,209,"152, MAURICE BISHOP (RUE",,,Crépuscule ou aube,Hors agglomération,Hors intersection,Normale,Deux véhicules - arrière,,,,,,,,,,,2,1,1,1,2
200700082307,0007-04-20 09:50:00,7,4,20,9,50,972,209,"90, RN9",,,Plein jour,Hors agglomération,Hors intersection,Normale,Deux véhicules - côté,,,,,,,,,,,1,1,1,1,3
200700082308,0007-04-30 08:15:00,7,4,30,8,15,972,209,"0, CHATEAUBOEUF (ROUTE D",,,Plein jour,En agglomération,Hors intersection,Normale,Autre collision,,,,,,,,,,,1,2,1,1,6
200700082309,0007-04-01 07:00:00,7,4,1,7,0,972,213,ROUTE DEPARTEMENTALE 3,,,Plein jour,En agglomération,Intersection en X,Normale,Deux véhicules - côté,,,,,,,,,,,1,2,2,1,3
200700082310,0007-04-02 06:55:00,7,4,2,6,55,972,213,AUTOROUTE A1,,,Plein jour,Hors agglomération,Hors intersection,Normale,Deux véhicules - arrière,,,,,,,,,,,1,1,1,1,2
200700082311,0007-04-09 01:00:00,7,4,9,1,0,972,213,AUTOROUTE A1,,,Nuit sans éclairage public,Hors agglomération,Hors intersection,Normale,Deux véhicules - arrière,,,,,,,,,,,3,1,1,1,2
200700082312,0007-04-09 05:00:00,7,4,9,5,0,972,213,ROUTE NATIONALE 1,,,Crépuscule ou aube,Hors agglomération,Hors intersection,Normale,Sans collision,,,,,,,,,,,2,1,1,1,7
200700082313,0007-04-10 10:45:00,7,4,10,10,45,972,213,ROUTE NATIONALE 1,,,Plein jour,Hors agglomération,Hors intersection,Normale,Trois véhicules et plus - en chaîne,,,,,,,,,,,1,1,1,1,4
200700082314,0007-04-10 15:15:00,7,4,10,15,15,972,213,ROUTE DEPARTEMENTALE 3,,,Plein jour,Hors agglomération,Hors intersection,Normale,Trois véhicules et plus - en chaîne,,,,,,,,,,,1,1,1,1,4
200700082315,0007-04-14 05:20:00,7,4,14,5,20,972,213,ROUTE NATIONALE 1,,,Crépuscule ou aube,Hors agglomération,Hors intersection,Normale,Autre collision,,,,,,,,,,,2,1,1,1,6
200700082316,0007-04-16 10:00:00,7,4,16,10,0,972,213,BOIS CARRE (RUE DU),,,Plein jour,En agglomération,Hors intersection,Pluie légère,Autre collision,,,,,,,,,,,1,2,1,2,6
200700082317,0007-04-20 16:50:00,7,4,20,16,50,972,213,BASSE GONDEAU (CHEMIN RU,,,Plein jour,Hors agglomération,Hors intersection,Normale,Sans collision,,,,,,,,,,,1,1,1,1,7
200700082318,0007-04-20 15:50:00,7,4,20,15,50,972,213,ROUTE DEPARTEMENTALE 14,,,Plein jour,Hors agglomération,Intersection en Y,Normale,Deux véhicules - arrière,,,,,,,,,,,1,1,4,1,2
200700082319,0007-04-21 06:10:00,7,4,21,6,10,972,213,ROUTE DEPARTEMENTALE 3,,,Crépuscule ou aube,Hors agglomération,Hors intersection,Normale,Deux véhicules - arrière,,,,,,,,,,,2,1,1,1,2
200700082320,0007-04-21 16:35:00,7,4,21,16,35,972,213,"30, TROU AU CHAT (RUE DU",,,Plein jour,En agglomération,Hors intersection,Normale,Autre collision,,,,,,,,,,,1,2,1,1,6
200700082321,0007-04-25 11:30:00,7,4,25,11,30,972,213,ROUTE NATIONALE 1,,,Plein jour,Hors agglomération,Hors intersection,Normale,Autre collision,,,,,,,,,,,1,1,1,1,6
200700082322,0007-04-25 21:45:00,7,4,25,21,45,972,213,CASE NEGRE (RUE),,,Nuit avec éclairage allumé,Hors agglomération,Intersection en X,Normale,Deux véhicules - côté,,,,,,,,,,,5,1,2,1,3
200700082323,0007-04-27 07:30:00,7,4,27,7,30,972,213,GEORGES GRATIANT,,,Plein jour,En agglomération,Intersection en X,Normale,Deux véhicules - côté,,,,,,,,,,,1,2,2,1,3
200700082324,0007-04-27 22:55:00,7,4,27,22,55,972,213,AUTOROUTE A1,,,Nuit sans éclairage public,Hors agglomération,Hors intersection,Normale,Sans collision,,,,,,,,,,,3,1,1,1,7
200700082325,0007-04-29 07:45:00,7,4,29,7,45,972,213,SCHOELCHER (RUE),,,Plein jour,En agglomération,Hors intersection,Pluie légère,Deux véhicules - arrière,,,,,,,,,,,1,2,1,2,2
200700082326,0007-04-01 17:14:00,7,4,1,17,14,973,302,FELIX EBOUE (ROCADE),,,Plein jour,En agglomération,Autre intersection,Normale,Autre collision,,,,,,,,,,,1,2,9,1,6
200700082327,0007-04-01 20:57:00,7,4,1,20,57,973,302,ABOLITION DE L'ESCLAVAGE,,,Nuit avec éclairage allumé,En agglomération,Hors intersection,Normale,Deux véhicules - côté,,,,,,,,,,,5,2,1,1,3
200700082328,0007-04-05 23:20:00,7,4,5,23,20,973,302,BADUEL (ROUTE DE),,,Nuit avec éclairage allumé,En agglomération,Hors intersection,Normale,Autre collision,,,,,,,,,,,5,2,1,1,6
200700082329,0007-04-05 20:56:00,7,4,5,20,56,973,302,"06, PREVOT (ERNEST)",,,Nuit avec éclairage allumé,En agglomération,Hors intersection,Normale,Deux véhicules - côté,,,,,,,,,,,5,2,1,1,3
200700082330,0007-04-07 19:54:00,7,4,7,19,54,973,302,"72, SCHOELCHER (RUE)",,,Nuit sans éclairage public,En agglomération,Hors intersection,Normale,Deux véhicules - côté,,,,,,,,,,,3,2,1,1,3
200700082331,0007-04-07 14:49:00,7,4,7,14,49,973,302,JACARANDAS (CITE),,,Plein jour,En agglomération,Hors intersection,Normale,Sans collision,,,,,,,,,,,1,2,1,1,7
200700082332,0007-04-08 11:10:00,7,4,8,11,10,973,302,FELIX EBOUE (ROCADE),,,Plein jour,En agglomération,Hors intersection,Normale,Deux véhicules - côté,,,,,,,,,,,1,2,1,1,3
200700082333,0007-04-10 10:20:00,7,4,10,10,20,973,302,JUBELIN (BOULEVARD),,,Plein jour,En agglomération,Hors intersection,Temps éblouissant,Deux véhicules - arrière,,,,,,,,,,,1,2,1,7,2
200700082334,0007-04-11 16:54:00,7,4,11,16,54,973,302,MARINGOUINS (ROND-POINT),,,Plein jour,Hors agglomération,Hors intersection,Normale,Sans collision,,,,,,,,,,,1,1,1,1,7
200700082335,0007-04-11 19:00:00,7,4,11,19,0,973,302,MARINGOUINS (ROND POINT),,,Nuit avec éclairage allumé,Hors agglomération,Hors intersection,Normale,Sans collision,,,,,,,,,,,5,1,1,1,7
200700082336,0007-04-11 20:03:00,7,4,11,20,3,973,302,CABASSOU (ROUTE DE),,,Nuit avec éclairage allumé,En agglomération,Intersection en T,Pluie légère,Autre collision,,,,,,,,,,,5,2,3,2,6
200700082337,0007-04-13 16:38:00,7,4,13,16,38,973,302,MADELEINE (ROUTE DE LA),,,Plein jour,En agglomération,Hors intersection,Normale,Deux véhicules - côté,,,,,,,,,,,1,2,1,1,3
200700082338,0007-04-17 00:45:00,7,4,17,0,45,973,302,ROUTE NATIONALE I,,,Nuit avec éclairage allumé,En agglomération,Hors intersection,Normale,Sans collision,,,,,,,,,,,5,2,1,1,7
200700082339,0007-04-16 19:07:00,7,4,16,19,7,973,302,LIBERTE (AVENUE DE LA),,,Plein jour,En agglomération,Intersection en T,Normale,Autre collision,,,,,,,,,,,1,2,3,1,6
200700082340,0007-04-17 08:06:00,7,4,17,8,6,973,302,"26 B, BRASSE (LIEUTENANT",,,Plein jour,En agglomération,Hors intersection,Normale,Autre collision,,,,,,,,,,,1,2,1,1,6
200700082341,0007-04-13 11:54:00,7,4,13,11,54,973,302,CATAYEE (JUSTIN),,,Plein jour,En agglomération,Hors intersection,Normale,Autre collision,,,,,,,,,,,1,2,1,1,6
200700082342,0007-04-18 15:30:00,7,4,18,15,30,973,302,MONTABO (ROUTE DE) 2,,,Plein jour,En agglomération,Hors intersection,Normale,Deux véhicules - frontale,,,,,,,,,,,1,2,1,1,1
200700082343,0007-04-20 10:40:00,7,4,20,10,40,973,302,"02, MALOUET",,,Plein jour,En agglomération,Hors intersection,Normale,Autre collision,,,,,,,,,,,1,2,1,1,6
200700082344,0007-04-22 10:34:00,7,4,22,10,34,973,302,MADELEINE (ROUTE DE LA),,,Plein jour,En agglomération,Hors intersection,Normale,Deux véhicules - côté,,,,,,,,,,,1,2,1,1,3
200700082345,0007-04-22 19:28:00,7,4,22,19,28,973,302,"2613, MONTABO (ROUTE DE)",,,Nuit avec éclairage allumé,En agglomération,Hors intersection,Normale,Deux véhicules - arrière,,,,,,,,,,,5,2,1,1,2
200700082346,0007-04-21 16:20:00,7,4,21,16,20,973,302,MADELEINE (ROUTE DE LA),,,Plein jour,En agglomération,Intersection en X,Normale,Deux véhicules - côté,,,,,,,,,,,1,2,2,1,3
200700082347,0007-04-23 07:50:00,7,4,23,7,50,973,302,MARINGOUINS (ROND-POINT),,,Plein jour,Hors agglomération,Hors intersection,Pluie légère,Deux véhicules - arrière,,,,,,,,,,,1,1,1,2,2
200700082348,0007-04-24 20:10:00,7,4,24,20,10,973,302,"237, MANGO (ROUTE)",,,Nuit avec éclairage allumé,En agglomération,Hors intersection,Normale,Deux véhicules - côté,,,,,,,,,,,5,2,1,1,3
200700082349,0007-04-26 18:45:00,7,4,26,18,45,973,302,BADUEL (ROUTE DE),,,Crépuscule ou aube,En agglomération,Hors intersection,Normale,Trois véhicules et plus - en chaîne,,,,,,,,,,,2,2,1,1,4
200700082350,0007-04-25 13:20:00,7,4,25,13,20,973,302,MONTABO (ROUTE DE) 2,,,Plein jour,Hors agglomération,Hors intersection,Normale,Deux véhicules - côté,,,,,,,,,,,1,1,1,1,3
200700082351,0007-04-29 11:47:00,7,4,29,11,47,973,302,BADUEL (ROUTE DE),,,Plein jour,En agglomération,Intersection en X,Normale,Deux véhicules - côté,,,,,,,,,,,1,2,2,1,3
200700082352,0007-04-30 20:10:00,7,4,30,20,10,973,302,BADUEL (ROUTE DE),,,Nuit avec éclairage allumé,Hors agglomération,Hors intersection,Normale,Deux véhicules - arrière,,,,,,,,,,,5,1,1,1,2
200700082353,0007-04-04 19:30:00,7,4,4,19,30,974,407,RUE ARMAND JOHNSON,,,Nuit sans éclairage public,En agglomération,Hors intersection,Normale,Autre collision,,,,,,,,,,,3,2,1,1,6
200700082354,0007-04-09 00:35:00,7,4,9,0,35,974,407,PARIS (AVENUE),,,Nuit avec éclairage allumé,En agglomération,Place,Normale,Deux véhicules - côté,,,,,,,,,,,5,2,7,1,3
200700082355,0007-04-10 07:00:00,7,4,10,7,0,974,407,RUE PIERRE BROSSOLETTE,,,Plein jour,En agglomération,Intersection en X,Normale,Deux véhicules - côté,,,,,,,,,,,1,2,2,1,3
200700082356,0007-04-10 23:55:00,7,4,10,23,55,974,407,CARPAYE(AVENUE),,,Nuit avec éclairage allumé,En agglomération,Hors intersection,Normale,Sans collision,,,,,,,,,,,5,2,1,1,7
200700082357,0007-04-21 14:30:00,7,4,21,14,30,974,407,ROND POINT TITAN,,,Plein jour,En agglomération,Giratoire,Normale,Deux véhicules - côté,,,,,,,,,,,1,2,6,1,3
200700082358,0007-04-23 10:40:00,7,4,23,10,40,974,407,OWENS JAMES,,,Plein jour,En agglomération,Hors intersection,Normale,Autre collision,,,,,,,,,,,1,2,1,1,6
200700082359,0007-04-23 18:35:00,7,4,23,18,35,974,407,CARPAYE(AVENUE),,,Crépuscule ou aube,En agglomération,Hors intersection,Normale,Autre collision,,,,,,,,,,,2,2,1,1,6
200700082360,0007-04-28 00:20:00,7,4,28,0,20,974,407,LAUDE E(RUE),,,Nuit avec éclairage allumé,En agglomération,Hors intersection,Normale,Autre collision,,,,,,,,,,,5,2,1,1,6
200700082361,0007-04-01 18:00:00,7,4,1,18,0,974,411,"37, SAGOUTIERS (ALLEE DE",,,Plein jour,En agglomération,Hors intersection,Normale,Sans collision,,,,,,,,,,,1,2,1,1,7
200700082362,0007-04-01 10:40:00,7,4,1,10,40,974,411,"10, NEUF (CHEMIN)",,,Plein jour,En agglomération,Intersection en T,Normale,Deux véhicules - arrière,,,,,,,,,,,1,2,3,1,2
200700082363,0007-04-03 16:40:00,7,4,3,16,40,974,411,"59, SOURCE (CHEMIN DE LA",,,Plein jour,En agglomération,Hors intersection,Normale,Autre collision,,,,,,,,,,,1,2,1,1,6
200700082364,0007-04-06 07:25:00,7,4,6,7,25,974,411,"261, BOIS DE NEFLES (ROU",,,Plein jour,En agglomération,Hors intersection,Normale,Autre collision,,,,,,,,,,,1,2,1,1,6
200700082365,0007-04-08 23:20:00,7,4,8,23,20,974,411,SOURCE (RUE DE LA),,,Nuit avec éclairage allumé,En agglomération,Intersection en X,Normale,Deux véhicules - côté,,,,,,,,,,,5,2,2,1,3
200700082366,0007-04-07 22:40:00,7,4,7,22,40,974,411,LITTORAL (ROUTE 2 DU),,,Plein jour,En agglomération,Hors intersection,Pluie légère,Trois véhicules et plus - collisions multiples,,,,,,,,,,,1,2,1,2,5
200700082367,0007-04-05 13:30:00,7,4,5,13,30,974,411,JAURES (BLD 2 JEAN),,,Plein jour,En agglomération,Hors intersection,Normale,Deux véhicules - côté,,,,,,,,,,,1,2,1,1,3
200700082368,0007-04-12 15:30:00,7,4,12,15,30,974,411,"2, BRASSENS (AVENUE GEOR",,,Plein jour,En agglomération,Hors intersection,Normale,Trois véhicules et plus - collisions multiples,,,,,,,,,,,1,2,1,1,5
200700082369,0007-04-12 09:00:00,7,4,12,9,0,974,411,JAURES (BLD 2 JEAN),,,Plein jour,En agglomération,Hors intersection,Normale,Autre collision,,,,,,,,,,,1,2,1,1,6
200700082370,0007-04-22 13:42:00,7,4,22,13,42,974,411,"1, GAULLE (DU GENERAL DE",,,Plein jour,En agglomération,Intersection en X,Normale,Deux véhicules - côté,,,,,,,,,,,1,2,2,1,3
200700082371,0007-04-20 15:00:00,7,4,20,15,0,974,411,"10, GIMART (AVENUE STANI",,,Plein jour,En agglomération,Hors intersection,Normale,Deux véhicules - côté,,,,,,,,,,,1,2,1,1,3
200700082372,0007-04-23 13:50:00,7,4,23,13,50,974,411,JAURES (BOULEVARD JEAN),,,Plein jour,En agglomération,Hors intersection,Normale,Deux véhicules - arrière,,,,,,,,,,,1,2,1,1,2
200700082373,0007-04-21 09:27:00,7,4,21,9,27,974,411,"10, CASSIN (AVENUE RENE)",,,Plein jour,En agglomération,Hors intersection,Normale,Autre collision,,,,,,,,,,,1,2,1,1,6
200700082374,0007-04-07 15:00:00,7,4,7,15,0,974,411,"10, DODU 2 (RUE JULIETTE",,,Plein jour,En agglomération,Intersection en T,Normale,Deux véhicules - côté,,,,,,,,,,,1,2,3,1,3
200700082375,0007-04-27 15:15:00,7,4,27,15,15,974,411,LECONTE DE LISLE (AVENUE,,,Plein jour,En agglomération,Hors intersection,Normale,Deux véhicules - côté,,,,,,,,,,,1,2,1,1,3