accident_id,datetime,annee,mois,jour,heure,minute,departement,commune_insee,adresse,latitude,longitude,luminosite,agglomeration,intersection,meteo,collision,nb_vehicules,nb_usagers,nb_indemnes,nb_tues,nb_blesses_hosp,nb_blesses_legers,age_cond_1,age_cond_2,veh_type_cond_1,veh_type_cond_2,lum_code,agg_code,int_code,atm_code,col_code
200700082376,0007-04-30 13:45:00,7,4,30,13,45,974,411,"10, MACE (BOULEVARD GABR",,,Plein jour,En agglomération,Hors intersection,Normale,Deux véhicules - côté,,,,,,,,,,,1,2,1,1,3
200700082377,0007-04-16 17:30:00,7,4,16,17,30,974,411,LATTRE DE TASSIGNY (AVEN,,,Plein jour,En agglomération,Intersection en T,Normale,Deux véhicules - côté,,,,,,,,,,,1,2,3,1,3
200700082378,0007-04-12 18:25:00,7,4,12,18,25,974,411,"10, BOIS DE NEFLES (RUE",,,Crépuscule ou aube,En agglomération,Intersection en T,Normale,Deux véhicules - côté,,,,,,,,,,,2,2,3,1,3
200700082379,0007-04-25 15:15:00,7,4,25,15,15,974,411,"12, AUBER (RUE JULES)",,,Plein jour,En agglomération,Intersection en T,Normale,Autre collision,,,,,,,,,,,1,2,3,1,6
200700082380,0007-04-26 06:54:00,7,4,26,6,54,974,411,"15, LORRAINE (RUE DE LA)",,,Plein jour,En agglomération,Intersection en T,Normale,Deux véhicules - côté,,,,,,,,,,,1,2,3,1,3
200700082381,0007-04-28 14:05:00,7,4,28,14,5,974,411,"12, PAYET (RUE ROGER)",,,Plein jour,En agglomération,Intersection en T,Normale,Deux véhicules - côté,,,,,,,,,,,1,2,3,1,3
200700082382,0007-04-17 17:00:00,7,4,17,17,0,974,411,", LECLERC (DU MARECHAL)",,,Plein jour,En agglomération,Hors intersection,Normale,Autre collision,,,,,,,,,,,1,2,1,1,6
200700082383,0007-04-28 13:56:00,7,4,28,13,56,974,411,"15, PARIS (RUE DE)",,,Plein jour,En agglomération,Hors intersection,Normale,Autre collision,,,,,,,,,,,1,2,1,1,6
200700082384,0007-04-02 13:40:00,7,4,2,13,40,974,411,"10, GIMART (AVENUE STANI",,,Plein jour,En agglomération,Hors intersection,Normale,Autre collision,,,,,,,,,,,1,2,1,1,6
200700082385,0007-04-27 13:16:00,7,4,27,13,16,974,411,"12, BRASSENS (AVENUE GEO",,,Plein jour,En agglomération,Hors intersection,Normale,Autre collision,,,,,,,,,,,1,2,1,1,6
200700082386,0007-04-10 13:02:00,7,4,10,13,2,974,411,"1, CHAUDRON  (BLD 1 DU)",,,Plein jour,En agglomération,Hors intersection,Normale,Deux véhicules - arrière,,,,,,,,,,,1,2,1,1,2
200700082387,0007-04-02 09:25:00,7,4,2,9,25,974,411,LATTRE DE TASSIGNY (AVEN,,,Plein jour,En agglomération,Hors intersection,Normale,Trois véhicules et plus - collisions multiples,,,,,,,,,,,1,2,1,1,5
200700082388,0007-04-02 11:52:00,7,4,2,11,52,974,411,"10, PARIS (RUE DE)",,,Plein jour,En agglomération,Hors intersection,Normale,Autre collision,,,,,,,,,,,1,2,1,1,6
200700082389,0007-04-01 12:25:00,7,4,1,12,25,974,416,"SANS, HUBERT DE LISLE(BO",,,Plein jour,En agglomération,Intersection en T,Normale,Deux véhicules - côté,,,,,,,,,,,1,2,3,1,3
200700082390,0007-04-04 14:00:00,7,4,4,14,0,974,416,"SANS, DEJEAN(GABRIEL RUE",,,Plein jour,En agglomération,Hors intersection,Normale,Deux véhicules - côté,,,,,,,,,,,1,2,1,1,3
200700082391,0007-04-08 14:45:00,7,4,8,14,45,974,416,"SANS, HUBERT DE LISLE(BO",,,Plein jour,En agglomération,Hors intersection,Normale,Deux véhicules - côté,,,,,,,,,,,1,2,1,1,3
200700082392,0007-04-12 04:00:00,7,4,12,4,0,974,416,"SANS, CHARITE (RUE DE LA",,,Nuit avec éclairage allumé,En agglomération,Intersection en T,Normale,Deux véhicules - côté,,,,,,,,,,,5,2,3,1,3
200700082393,0007-04-12 07:15:00,7,4,12,7,15,974,416,"39, PRESIDENT MITTERAND(",,,Plein jour,En agglomération,Hors intersection,Normale,Deux véhicules - côté,,,,,,,,,,,1,2,1,1,3
200700082394,0007-04-13 01:30:00,7,4,13,1,30,974,414,RN01,,,Nuit sans éclairage public,Hors agglomération,Hors intersection,Normale,Deux véhicules - frontale,,,,,,,,,,,3,1,1,1,1
200700082395,0007-04-13 12:15:00,7,4,13,12,15,974,416,"107, SUFFREN(RUE)",,,Plein jour,En agglomération,Hors intersection,Normale,Autre collision,,,,,,,,,,,1,2,1,1,6
200700082396,0007-04-17 17:15:00,7,4,17,17,15,974,416,"56, MAHY(RUE F DE)",,,Plein jour,En agglomération,Hors intersection,Normale,Deux véhicules - côté,,,,,,,,,,,1,2,1,1,3
200700082397,0007-04-25 07:43:00,7,4,25,7,43,974,414,"17, LAPIERRE(RUE PR.HENR",,,Plein jour,En agglomération,Hors intersection,Normale,Deux véhicules - côté,,,,,,,,,,,1,2,1,1,3
200700082398,0007-04-29 07:55:00,7,4,29,7,55,974,416,"SANS, FRERES DENIS(RUE)",,,Plein jour,Hors agglomération,Intersection en T,Normale,Deux véhicules - côté,,,,,,,,,,,1,1,3,1,3
200700082399,0007-04-29 21:50:00,7,4,29,21,50,974,414,"SANS, PRINCIPALE(AVENUE)",,,Nuit avec éclairage allumé,En agglomération,Intersection en T,Normale,Deux véhicules - côté,,,,,,,,,,,5,2,3,1,3
200700082447,0007-05-16 14:30:00,7,5,16,14,30,972,204,quartier le coin,,,Plein jour,En agglomération,Hors intersection,Normale,Deux véhicules - côté,,,,,,,,,,,1,2,1,1,3
200700082448,0007-05-19 10:00:00,7,5,19,10,0,972,225,rue St Louis,,,Plein jour,En agglomération,Hors intersection,Normale,Deux véhicules - côté,,,,,,,,,,,1,2,1,1,3
200700082449,0007-05-09 09:15:00,7,5,9,9,15,972,218,"12, Route de Champhlore",,,Plein jour,Hors agglomération,Hors intersection,Normale,Deux véhicules - frontale,,,,,,,,,,,1,1,1,1,1
200700082450,0007-05-07 15:45:00,7,5,7,15,45,972,210,Bd du Soleil Levant,,,Plein jour,En agglomération,Hors intersection,Normale,Deux véhicules - frontale,,,,,,,,,,,1,2,1,1,1
200700082451,0007-05-25 20:45:00,7,5,25,20,45,972,210,,,,Nuit avec éclairage non allumé,Hors agglomération,Hors intersection,Normale,Autre collision,,,,,,,,,,,4,1,1,1,6
200700082452,0007-05-11 07:45:00,7,5,11,7,45,972,220,quartier MAYOL,,,Plein jour,En agglomération,Hors intersection,Normale,Deux véhicules - côté,,,,,,,,,,,1,2,1,1,3
200700082453,0007-05-01 14:30:00,7,5,1,14,30,972,221,,,,Plein jour,Hors agglomération,Hors intersection,Normale,Sans collision,,,,,,,,,,,1,1,1,1,7
200700082454,0007-05-02 11:00:00,7,5,2,11,0,972,221,RUE SCHOELCHER,,,Plein jour,En agglomération,Hors intersection,Normale,Deux véhicules - côté,,,,,,,,,,,1,2,1,1,3
200700082455,0007-05-31 18:30:00,7,5,31,18,30,972,202,,,,Nuit sans éclairage public,Hors agglomération,Hors intersection,Normale,Sans collision,,,,,,,,,,,3,1,1,1,7
200700082456,0007-05-01 20:00:00,7,5,1,20,0,972,228,de ROBIN - PAIN DE SUCRE,,,Nuit sans éclairage public,Hors agglomération,Hors intersection,Normale,Sans collision,,,,,,,,,,,3,1,1,1,7
200700082457,0007-05-08 15:30:00,7,5,8,15,30,972,228,eu-dit rivière Romanette,,,Plein jour,Hors agglomération,Hors intersection,Normale,Deux véhicules - frontale,,,,,,,,,,,1,1,1,1,1
200700082458,0007-05-11 15:30:00,7,5,11,15,30,972,215,,,,Plein jour,Hors agglomération,Hors intersection,Normale,Autre collision,,,,,,,,,,,1,1,1,1,6
200700082459,0007-05-22 17:45:00,7,5,22,17,45,971,104,Route de Saint-Louis,,,Plein jour,En agglomération,Hors intersection,Normale,Deux véhicules - côté,,,,,,,,,,,1,2,1,1,3
200700082460,0007-05-31 06:20:00,7,5,31,6,20,971,132,Gros Morne Dolé,,,Plein jour,Hors agglomération,Hors intersection,Normale,Deux véhicules - côté,,,,,,,,,,,1,1,1,1,3
200700082461,0007-05-25 08:15:00,7,5,25,8,15,971,107,"u-dit ""le grand carbet""",,,Plein jour,Hors agglomération,Hors intersection,Normale,Trois véhicules et plus - en chaîne,,,,,,,,,,,1,1,1,1,4
200700082462,0007-05-25 20:10:00,7,5,25,20,10,971,107,Ste marie,,,Nuit avec éclairage allumé,En agglomération,Hors intersection,Normale,Trois véhicules et plus - en chaîne,,,,,,,,,,,5,2,1,1,4
200700082463,0007-05-25 18:15:00,7,5,25,18,15,971,123,St Jean,,,Plein jour,En agglomération,Hors intersection,Normale,Deux véhicules - arrière,,,,,,,,,,,1,2,1,1,2
200700082464,0007-05-02 12:15:00,7,5,2,12,15,971,127,RN 7 Bellevue,,,Plein jour,Hors agglomération,Hors intersection,Normale,Trois véhicules et plus - collisions multiples,,,,,,,,,,,1,1,1,1,5
200700082465,0007-05-02 22:15:00,7,5,2,22,15,971,127,,,,Nuit avec éclairage allumé,Hors agglomération,Hors intersection,Normale,Deux véhicules - arrière,,,,,,,,,,,5,1,1,1,2
200700082466,0007-05-30 21:00:00,7,5,30,21,0,971,127,,,,Nuit sans éclairage public,Hors agglomération,Hors intersection,Normale,Deux véhicules - côté,,,,,,,,,,,3,1,1,1,3
200700082467,0007-05-12 16:00:00,7,5,12,16,0,971,118,,,,Plein jour,Hors agglomération,Hors intersection,Normale,Deux véhicules - frontale,,,,,,,,,,,1,1,1,1,1
200700082468,0007-05-07 18:45:00,7,5,7,18,45,971,129,,,,Nuit avec éclairage allumé,En agglomération,Hors intersection,Normale,Autre collision,,,,,,,,,,,5,2,1,1,6
200700082469,0007-05-24 16:15:00,7,5,24,16,15,971,129,,,,Plein jour,En agglomération,Hors intersection,Normale,Deux véhicules - frontale,,,,,,,,,,,1,2,1,1,1
200700082470,0007-05-06 04:00:00,7,5,6,4,0,971,112,Intersection rues du doc,,,Nuit avec éclairage non allumé,En agglomération,Hors intersection,Normale,Autre collision,,,,,,,,,,,4,2,1,1,6
200700082471,0007-05-06 05:55:00,7,5,6,5,55,971,112,RN9,,,Crépuscule ou aube,En agglomération,Hors intersection,Normale,Deux véhicules - arrière,,,,,,,,,,,2,2,1,1,2
200700082472,0007-05-15 19:00:00,7,5,15,19,0,971,117,rocade Sergent rue Marig,,,Nuit avec éclairage allumé,En agglomération,Hors intersection,Normale,Trois véhicules et plus - collisions multiples,,,,,,,,,,,5,2,1,1,5
200700082473,0007-05-12 17:40:00,7,5,12,17,40,971,122,Rue des Ecoles,,,Plein jour,En agglomération,Hors intersection,Normale,Sans collision,,,,,,,,,,,1,2,1,1,7
200700082474,0007-05-02 06:15:00,7,5,2,6,15,971,125,POMBIRAY,,,Crépuscule ou aube,En agglomération,Hors intersection,Normale,Sans collision,,,,,,,,,,,2,2,1,1,7
200700082475,0007-05-24 17:00:00,7,5,24,17,0,971,125,chemin de cayenne,,,Plein jour,En agglomération,Hors intersection,Normale,Deux véhicules - arrière,,,,,,,,,,,1,2,1,1,2
200700082476,0007-05-31 17:20:00,7,5,31,17,20,971,125,N 5 et chemin de Dubédou,,,Plein jour,Hors agglomération,Intersection en T,Normale,Trois véhicules et plus - collisions multiples,,,,,,,,,,,1,1,3,1,5
200700082477,0007-05-01 12:00:00,7,5,1,12,0,973,307,rue Simarouba.,,,Plein jour,En agglomération,Hors intersection,Normale,Trois véhicules et plus - collisions multiples,,,,,,,,,,,1,2,1,1,5
200700082478,0007-05-04 11:45:00,7,5,4,11,45,973,307,,,,Plein jour,Hors agglomération,Hors intersection,Normale,Sans collision,,,,,,,,,,,1,1,1,1,7
200700082479,0007-05-06 15:00:00,7,5,6,15,0,973,313,,,,Plein jour,Hors agglomération,Hors intersection,Temps couvert,Autre collision,,,,,,,,,,,1,1,1,8,6
200700082480,0007-05-01 07:00:00,7,5,1,7,0,973,311,,,,Plein jour,Hors agglomération,Hors intersection,Normale,Autre collision,,,,,,,,,,,1,1,1,1,6
200700082481,0007-05-02 14:00:00,7,5,2,14,0,974,408,rue pablo neruda,,,Plein jour,En agglomération,Hors intersection,Normale,Deux véhicules - arrière,,,,,,,,,,,1,2,1,1,2
200700082482,0007-05-26 21:00:00,7,5,26,21,0,974,418,,,,Nuit sans éclairage public,Hors agglomération,Hors intersection,Normale,Autre collision,,,,,,,,,,,3,1,1,1,6
200700082483,0007-05-18 19:00:00,7,5,18,19,0,974,420,,,,Nuit sans éclairage public,Hors agglomération,Hors intersection,Normale,Deux véhicules - frontale,,,,,,,,,,,3,1,1,1,1
200700082484,0007-05-07 08:40:00,7,5,7,8,40,974,453,ie d'agglomération face,,,Plein jour,Hors agglomération,Hors intersection,Normale,Sans collision,,,,,,,,,,,1,1,1,1,7
200700082485,0007-05-09 19:15:00,7,5,9,19,15,974,409,,,,Nuit avec éclairage allumé,Hors agglomération,Intersection en T,Normale,Deux véhicules - frontale,,,,,,,,,,,5,1,3,1,1
200700082486,0007-05-24 17:15:00,7,5,24,17,15,974,402,"2002, Rivière des Roches",,,Crépuscule ou aube,En agglomération,Hors intersection,Normale,Autre collision,,,,,,,,,,,2,2,1,1,6
200700082487,0007-05-27 11:30:00,7,5,27,11,30,974,421,"21,9, mare à poule d'eau",,,Plein jour,En agglomération,Hors intersection,Normale,Deux véhicules - frontale,,,,,,,,,,,1,2,1,1,1
200700082488,0007-05-06 06:00:00,7,5,6,6,0,974,415,,,,Plein jour,Hors agglomération,Hors intersection,Normale,Deux véhicules - frontale,,,,,,,,,,,1,1,1,1,1
200700082489,0007-05-07 10:15:00,7,5,7,10,15,974,415,route de l'hôpital,,,Plein jour,En agglomération,Hors intersection,Normale,Deux véhicules - arrière,,,,,,,,,,,1,2,1,1,2
200700082490,0007-05-15 08:00:00,7,5,15,8,0,974,455,de St Gilles les Bains,,,Plein jour,Hors agglomération,Hors intersection,Normale,Deux véhicules - arrière,,,,,,,,,,,1,1,1,1,2
200700082491,0007-05-15 21:45:00,7,5,15,21,45,974,415,,,,Nuit sans éclairage public,Hors agglomération,Hors intersection,Normale,Deux véhicules - frontale,,,,,,,,,,,3,1,1,1,1
200700082492,0007-05-26 08:00:00,7,5,26,8,0,974,404,202 route des canots,,,Plein jour,En agglomération,Hors intersection,Temps éblouissant,Autre collision,,,,,,,,,,,1,2,1,7,6
200700082493,0007-05-25 12:30:00,7,5,25,12,30,974,404,,,,Plein jour,Hors agglomération,Hors intersection,Normale,Trois véhicules et plus - collisions multiples,,,,,,,,,,,1,1,1,1,5
200700082494,0007-05-23 15:15:00,7,5,23,15,15,974,412,,,,Plein jour,Hors agglomération,Hors intersection,Normale,Deux véhicules - côté,,,,,,,,,,,1,1,1,1,3
200700082495,0007-05-12 15:00:00,7,5,12,15,0,974,417,"RN2, Mare Longue",,,Plein jour,En agglomération,Hors intersection,Normale,Deux véhicules - côté,,,,,,,,,,,1,2,1,1,3
200700082496,0007-05-23 18:15:00,7,5,23,18,15,974,422,10 chemin armanette,,,Nuit avec éclairage allumé,En agglomération,Hors intersection,Normale,Autre collision,,,,,,,,,,,5,2,1,1,6
200700082522,0007-05-04 20:00:00,7,5,4,20,0,973,309,Route de Montjoly,,,Nuit avec éclairage allumé,En agglomération,Intersection en X,Pluie légère,Trois véhicules et plus - collisions multiples,,,,,,,,,,,5,2,2,2,5
200700082523,0007-05-12 19:00:00,7,5,12,19,0,973,309,PK5 route de Montjoly,,,Nuit avec éclairage allumé,En agglomération,Hors intersection,Normale,Deux véhicules - côté,,,,,,,,,,,5,2,1,1,3
200700082524,0007-05-26 14:30:00,7,5,26,14,30,974,440,,,,Plein jour,Hors agglomération,Hors intersection,Normale,Deux véhicules - frontale,,,,,,,,,,,1,1,1,1,1
200700082525,0007-05-26 14:15:00,7,5,26,14,15,974,448,,,,Plein jour,Hors agglomération,Hors intersection,Normale,Trois véhicules et plus - collisions multiples,,,,,,,,,,,1,1,1,1,5
200700082528,0007-05-19 17:00:00,7,5,19,17,0,973,304,,,,Plein jour,Hors agglomération,Hors intersection,Pluie légère,Deux véhicules - frontale,,,,,,,,,,,1,1,1,2,1
200700082530,0007-05-20 02:00:00,7,5,20,2,0,972,227,,,,Nuit avec éclairage allumé,Hors agglomération,Hors intersection,Normale,Deux véhicules - frontale,,,,,,,,,,,5,1,1,1,1
200700082531,0007-05-03 06:15:00,7,5,3,6,15,974,416,,,,Crépuscule ou aube,Hors agglomération,Hors intersection,Normale,Deux véhicules - côté,,,,,,,,,,,2,1,1,1,3
200700082532,0007-05-05 19:45:00,7,5,5,19,45,974,416,,,,Nuit avec éclairage allumé,Hors agglomération,Hors intersection,Normale,Autre collision,,,,,,,,,,,5,1,1,1,6
200700082533,0007-05-15 16:00:00,7,5,15,16,0,974,451,Rue du père Maître,,,Plein jour,En agglomération,Giratoire,Normale,Autre collision,,,,,,,,,,,1,2,6,1,6
200700082534,0007-05-25 21:00:00,7,5,25,21,0,974,451,,,,Nuit sans éclairage public,Hors agglomération,Hors intersection,Normale,Deux véhicules - arrière,,,,,,,,,,,3,1,1,1,2
200700082537,0007-05-08 04:48:00,7,5,8,4,48,971,101,"000, RN1 ROCADE DE CHAUV",,,Nuit sans éclairage public,Hors agglomération,Hors intersection,Normale,Autre collision,,,,,,,,,,,3,1,1,1,6
200700082538,0007-05-11 07:50:00,7,5,11,7,50,971,101,"000, Frédéric JALTON",,,Plein jour,En agglomération,Hors intersection,Normale,Autre collision,,,,,,,,,,,1,2,1,1,6
200700082539,0007-05-08 21:45:00,7,5,8,21,45,971,101,"000, GRAND CAMP(SECTION)",,,Nuit avec éclairage allumé,Hors agglomération,Hors intersection,Normale,Deux véhicules - côté,,,,,,,,,,,5,1,1,1,3
200700082540,0007-05-11 21:58:00,7,5,11,21,58,971,101,"00, Frédéric JALTON",,,Nuit avec éclairage allumé,En agglomération,Intersection en X,Normale,Deux véhicules - côté,,,,,,,,,,,5,2,2,1,3
200700082541,0007-05-23 07:20:00,7,5,23,7,20,971,113,"00, SECTION COCOYER",,,Crépuscule ou aube,Hors agglomération,Hors intersection,Pluie légère,Deux véhicules - frontale,,,,,,,,,,,2,1,1,2,1
200700082542,0007-05-04 23:05:00,7,5,4,23,5,971,113,"00, SECTION MOREAU",,,Nuit sans éclairage public,Hors agglomération,Hors intersection,Normale,Deux véhicules - frontale,,,,,,,,,,,3,1,1,1,1
200700082543,0007-05-31 20:53:00,7,5,31,20,53,971,101,"000, DUGAZON",,,Nuit sans éclairage public,Hors agglomération,Hors intersection,Normale,Autre collision,,,,,,,,,,,3,1,1,1,6
200700082544,0007-05-27 13:00:00,7,5,27,13,0,971,120,"00, NELSON MANDELA",,,Plein jour,En agglomération,Hors intersection,Normale,Deux véhicules - côté,,,,,,,,,,,1,2,1,1,3
200700082545,0007-05-20 16:00:00,7,5,20,16,0,971,113,"00, SECTION GRANDE RAVIN",,,Plein jour,Hors agglomération,Hors intersection,Normale,Trois véhicules et plus - en chaîne,,,,,,,,,,,1,1,1,1,4
200700082546,0007-05-22 22:27:00,7,5,22,22,27,971,101,"00, BAIMBRIDGE",,,Nuit avec éclairage allumé,Hors agglomération,Hors intersection,Normale,Deux véhicules - arrière,,,,,,,,,,,5,1,1,1,2
200700082547,0007-05-16 15:10:00,7,5,16,15,10,971,113,"00, SECTEUR GRAND BOIS",,,Plein jour,Hors agglomération,Hors intersection,Normale,Deux véhicules - frontale,,,,,,,,,,,1,1,1,1,1
200700082548,0007-05-28 21:00:00,7,5,28,21,0,971,113,"00, Morne Salines",,,Nuit sans éclairage public,Hors agglomération,Hors intersection,Normale,Deux véhicules - arrière,,,,,,,,,,,3,1,1,1,2
200700082549,0007-05-14 23:25:00,7,5,14,23,25,971,113,SECTEUR GRAND BOIS,,,Nuit sans éclairage public,En agglomération,Intersection en T,Normale,Deux véhicules - frontale,,,,,,,,,,,3,2,3,1,1
200700082550,0007-05-01 13:35:00,7,5,1,13,35,972,209,"0, ENTAIDE (ROUTE DE L')",,,Plein jour,En agglomération,Hors intersection,Normale,Autre collision,,,,,,,,,,,1,2,1,1,6
200700082551,0007-05-01 05:06:00,7,5,1,5,6,972,209,"0, RD 41 (ROCADE)",,,Crépuscule ou aube,Hors agglomération,Hors intersection,Normale,Autre collision,,,,,,,,,,,2,1,1,1,6
200700082552,0007-05-01 05:55:00,7,5,1,5,55,972,209,"0, PAUL NARDAL (AVENUE)",,,Crépuscule ou aube,En agglomération,Hors intersection,Normale,Autre collision,,,,,,,,,,,2,2,1,1,6
200700082553,0007-05-02 11:14:00,7,5,2,11,14,972,209,"0, RAVINE VILAINE (CHEMI",,,Plein jour,En agglomération,Hors intersection,Normale,Sans collision,,,,,,,,,,,1,2,1,1,7
200700082554,0007-05-04 06:45:00,7,5,4,6,45,972,209,"0, RD 41 (ROCADE)",,,Plein jour,Hors agglomération,Hors intersection,Normale,Autre collision,,,,,,,,,,,1,1,1,1,6
200700082555,0007-05-04 17:00:00,7,5,4,17,0,972,209,"0, JAMBETTE (RUE DE LA)",,,Crépuscule ou aube,En agglomération,Hors intersection,Normale,Autre collision,,,,,,,,,,,2,2,1,1,6
200700082556,0007-05-04 21:00:00,7,5,4,21,0,972,209,"85, PROFESSEUR RAYMOND G",,,Nuit avec éclairage non allumé,En agglomération,Hors intersection,Normale,Autre collision,,,,,,,,,,,4,2,1,1,6
200700082557,0007-05-03 17:20:00,7,5,3,17,20,972,209,"255, CHATEAUBOEUF (ROUTE",,,Nuit avec éclairage allumé,En agglomération,Hors intersection,Normale,Autre collision,,,,,,,,,,,5,2,1,1,6
200700082558,0007-05-09 20:30:00,7,5,9,20,30,972,209,"23, RD 41",,,Nuit avec éclairage allumé,En agglomération,Hors intersection,Normale,Sans collision,,,,,,,,,,,5,2,1,1,7
200700082559,0007-05-10 12:00:00,7,5,10,12,0,972,209,"0, CANAL ALARIC (RUE DU)",,,Plein jour,En agglomération,Hors intersection,Normale,Autre collision,,,,,,,,,,,1,2,1,1,6
200700082560,0007-05-13 04:39:00,7,5,13,4,39,972,209,"0, ROCADE (RUE DE LA)",,,Nuit avec éclairage allumé,Hors agglomération,Hors intersection,Normale,Sans collision,,,,,,,,,,,5,1,1,1,7
200700082561,0007-05-13 13:50:00,7,5,13,13,50,972,209,"15, LOUIS DOMERGUE (AVEN",,,Plein jour,En agglomération,Hors intersection,Normale,Deux véhicules - côté,,,,,,,,,,,1,2,1,1,3
200700082562,0007-05-13 18:05:00,7,5,13,18,5,972,209,"0, AUTOROUTE (A1)",,,Nuit sans éclairage public,Hors agglomération,Hors intersection,Normale,Deux véhicules - arrière,,,,,,,,,,,3,1,1,1,2
200700082563,0007-05-15 16:51:00,7,5,15,16,51,972,209,"0, SALVATOR ALLENDE (AVE",,,Plein jour,En agglomération,Hors intersection,Normale,Autre collision,,,,,,,,,,,1,2,1,1,6
200700082564,0007-05-15 17:10:00,7,5,15,17,10,972,209,"101, MAURICE BISHOP (RUE",,,Nuit avec éclairage allumé,En agglomération,Hors intersection,Normale,Autre collision,,,,,,,,,,,5,2,1,1,6
200700082565,0007-05-16 12:30:00,7,5,16,12,30,972,209,RD 41,,,Plein jour,Hors agglomération,Hors intersection,Normale,Deux véhicules - arrière,,,,,,,,,,,1,1,1,1,2
200700082566,0007-05-16 13:40:00,7,5,16,13,40,972,209,JAMBETTE (ROUTE DE),,,Plein jour,Hors agglomération,Hors intersection,Normale,Deux véhicules - arrière,,,,,,,,,,,1,1,1,1,2
200700082567,0007-05-18 11:35:00,7,5,18,11,35,972,209,"0, RELIGIEUSES (ROUTE DE",,,Plein jour,En agglomération,Hors intersection,Normale,Autre collision,,,,,,,,,,,1,2,1,1,6
200700082568,0007-05-18 14:05:00,7,5,18,14,5,972,209,MAURICE BISHOP (RUE),,,Plein jour,En agglomération,Intersection en T,Normale,Autre collision,,,,,,,,,,,1,2,3,1,6
200700082569,0007-05-19 18:18:00,7,5,19,18,18,972,209,"0, RN9",,,Nuit avec éclairage allumé,Hors agglomération,Hors intersection,Normale,Autre collision,,,,,,,,,,,5,1,1,1,6
200700082570,0007-05-20 12:20:00,7,5,20,12,20,972,209,RD 41,,,Plein jour,Hors agglomération,Hors intersection,Normale,Sans collision,,,,,,,,,,,1,1,1,1,7
200700082571,0007-05-21 14:00:00,7,5,21,14,0,972,209,"26, BALATA (ROUTE DE)",,,Plein jour,En agglomération,Hors intersection,Normale,Deux véhicules - côté,,,,,,,,,,,1,2,1,1,3
200700082572,0007-05-21 23:25:00,7,5,21,23,25,972,209,"0, RD 41",,,Nuit avec éclairage non allumé,Hors agglomération,Hors intersection,Normale,Deux véhicules - arrière,,,,,,,,,,,4,1,1,1,2
200700082573,0007-05-30 10:50:00,7,5,30,10,50,972,209,"0, DOROTHY (ROUTE DE)",,,Plein jour,Hors agglomération,Hors intersection,Normale,Autre collision,,,,,,,,,,,1,1,1,1,6
200700082574,0007-05-25 15:30:00,7,5,25,15,30,972,209,"45, VICTOR LAMON (AVENUE",,,Plein jour,En agglomération,Hors intersection,Normale,Autre collision,,,,,,,,,,,1,2,1,1,6
200700082575,0007-05-22 17:45:00,7,5,22,17,45,972,209,"0, RN9",,,Plein jour,Hors agglomération,Hors intersection,Normale,Deux véhicules - frontale,,,,,,,,,,,1,1,1,1,1
200700082576,0007-05-05 12:41:00,7,5,5,12,41,972,209,"25, JACQUES CAZOTTE (RUE",,,Plein jour,En agglomération,Hors intersection,Normale,Autre collision,,,,,,,,,,,1,2,1,1,6
200700082577,0007-05-25 14:20:00,7,5,25,14,20,972,209,"0, MORNE DILLON (CHEMIN)",,,Plein jour,En agglomération,Hors intersection,Normale,Autre collision,,,,,,,,,,,1,2,1,1,6
200700082578,0007-05-24 11:55:00,7,5,24,11,55,972,209,"0, RD 41",,,Plein jour,Hors agglomération,Hors intersection,Normale,Autre collision,,,,,,,,,,,1,1,1,1,6
200700082579,0007-05-29 05:31:00,7,5,29,5,31,972,209,"25, RAVINE VILAINE (CHEM",,,Plein jour,Hors agglomération,Hors intersection,Normale,Deux véhicules - arrière,,,,,,,,,,,1,1,1,1,2
200700082580,0007-05-29 06:50:00,7,5,29,6,50,972,209,"0, RD 41",,,Plein jour,Hors agglomération,Hors intersection,Normale,Trois véhicules et plus - en chaîne,,,,,,,,,,,1,1,1,1,4
200700082581,0007-05-29 12:45:00,7,5,29,12,45,972,209,"45, FOND ZOMBI (RUE)",,,Plein jour,En agglomération,Hors intersection,Normale,Autre collision,,,,,,,,,,,1,2,1,1,6
200700082582,0007-05-29 16:35:00,7,5,29,16,35,972,209,"198, REDOUTE (ROUTE DE L",,,Plein jour,En agglomération,Hors intersection,Normale,Deux véhicules - côté,,,,,,,,,,,1,2,1,1,3
200700082583,0007-05-29 19:07:00,7,5,29,19,7,972,209,"13, MARAT (RUE)",,,Nuit avec éclairage allumé,En agglomération,Hors intersection,Normale,Autre collision,,,,,,,,,,,5,2,1,1,6
200700082584,0007-05-29 23:15:00,7,5,29,23,15,972,209,"82, MAURICE BISHOP (RUE)",,,Nuit avec éclairage allumé,En agglomération,Hors intersection,Normale,Autre collision,,,,,,,,,,,5,2,1,1,6
200700082585,0007-05-31 12:00:00,7,5,31,12,0,972,209,"85, MAURICE BISHOP (RUE)",,,Plein jour,Hors agglomération,Autre intersection,Normale,Deux véhicules - côté,,,,,,,,,,,1,1,9,1,3