accident_id,datetime,annee,mois,jour,heure,minute,departement,commune_insee,adresse,latitude,longitude,luminosite,agglomeration,intersection,meteo,collision,nb_vehicules,nb_usagers,nb_indemnes,nb_tues,nb_blesses_hosp,nb_blesses_legers,age_cond_1,age_cond_2,veh_type_cond_1,veh_type_cond_2,lum_code,agg_code,int_code,atm_code,col_code
200700082921,0007-06-15 19:40:00,7,6,15,19,40,973,302,BADUEL (ROUTE DE),,,Nuit avec éclairage allumé,En agglomération,Giratoire,Normale,Deux véhicules - côté,,,,,,,,,,,5,2,6,1,3
200700082922,0007-06-16 06:30:00,7,6,16,6,30,973,302,"3667, MONTABO (ROUTE DE)",,,Plein jour,Hors agglomération,Hors intersection,Normale,Sans collision,,,,,,,,,,,1,1,1,1,7
200700082923,0007-06-06 10:13:00,7,6,6,10,13,973,302,BADUEL (ROUTE DE),,,Plein jour,En agglomération,Hors intersection,Normale,Deux véhicules - côté,,,,,,,,,,,1,2,1,1,3
200700082924,0007-06-17 19:49:00,7,6,17,19,49,973,302,MADELEINE (ROUTE DE LA),,,Nuit avec éclairage allumé,En agglomération,Hors intersection,Pluie forte,Sans collision,,,,,,,,,,,5,2,1,3,7
200700082925,0007-06-17 20:25:00,7,6,17,20,25,973,302,MADELEINE (ROUTE DE LA),,,Nuit avec éclairage allumé,En agglomération,Hors intersection,Pluie légère,Sans collision,,,,,,,,,,,5,2,1,2,7
200700082926,0007-06-15 09:56:00,7,6,15,9,56,973,302,MONTABO (ROUTE DE) 1,,,Plein jour,En agglomération,Hors intersection,Pluie légère,Deux véhicules - côté,,,,,,,,,,,1,2,1,2,3
200700082927,0007-06-18 15:21:00,7,6,18,15,21,973,302,"27, LALLOUETTE",,,Plein jour,En agglomération,Hors intersection,Normale,Autre collision,,,,,,,,,,,1,2,1,1,6
200700082928,0007-06-19 07:20:00,7,6,19,7,20,973,302,PETIT LUCAS (CITE),,,Plein jour,En agglomération,Hors intersection,Normale,Deux véhicules - côté,,,,,,,,,,,1,2,1,1,3
200700082929,0007-06-19 12:40:00,7,6,19,12,40,973,302,ROUTE NATIONALE I,,,Plein jour,Hors agglomération,Hors intersection,Normale,Deux véhicules - arrière,,,,,,,,,,,1,1,1,1,2
200700082930,0007-06-24 21:40:00,7,6,24,21,40,973,302,MANGO (ROUTE),,,Nuit avec éclairage non allumé,En agglomération,Hors intersection,Normale,Autre collision,,,,,,,,,,,4,2,1,1,6
200700082931,0007-06-24 18:55:00,7,6,24,18,55,973,302,PAYEE (MADAME),,,Nuit avec éclairage allumé,En agglomération,Hors intersection,Normale,Deux véhicules - côté,,,,,,,,,,,5,2,1,1,3
200700082932,0007-06-24 18:57:00,7,6,24,18,57,973,302,PASCALINE (CITE),,,Crépuscule ou aube,En agglomération,Hors intersection,Normale,Deux véhicules - côté,,,,,,,,,,,2,2,1,1,3
200700082933,0007-06-25 18:28:00,7,6,25,18,28,973,302,MARINGOUINS (ROND-POINT),,,Plein jour,Hors agglomération,Hors intersection,Normale,Sans collision,,,,,,,,,,,1,1,1,1,7
200700082934,0007-06-22 08:00:00,7,6,22,8,0,973,302,"221, FLAMBOYANTS (RUE DE",,,Plein jour,En agglomération,Intersection en T,Pluie légère,Trois véhicules et plus - collisions multiples,,,,,,,,,,,1,2,3,2,5
200700082935,0007-06-20 11:00:00,7,6,20,11,0,973,302,MIRZA (CITE),,,Plein jour,En agglomération,Hors intersection,Normale,Deux véhicules - côté,,,,,,,,,,,1,2,1,1,3
200700082936,0007-06-21 20:10:00,7,6,21,20,10,973,302,CABASSOU (ROUTE DE),,,Nuit avec éclairage allumé,En agglomération,Hors intersection,Normale,Deux véhicules - côté,,,,,,,,,,,5,2,1,1,3
200700082937,0007-06-19 20:19:00,7,6,19,20,19,973,302,MONTABO (ROUTE DE) 1,,,Nuit avec éclairage allumé,Hors agglomération,Hors intersection,Normale,Deux véhicules - frontale,,,,,,,,,,,5,1,1,1,1
200700082938,0007-06-19 19:05:00,7,6,19,19,5,973,302,BARTHELEMY (RENE),,,Nuit avec éclairage allumé,En agglomération,Hors intersection,Normale,Deux véhicules - côté,,,,,,,,,,,5,2,1,1,3
200700082939,0007-06-26 10:22:00,7,6,26,10,22,973,302,"3, ESTREES (AVENUE D')",,,Plein jour,En agglomération,Hors intersection,Normale,Deux véhicules - côté,,,,,,,,,,,1,2,1,1,3
200700082940,0007-06-27 13:03:00,7,6,27,13,3,973,302,CABASSOU (ROUTE DE),,,Plein jour,En agglomération,Hors intersection,Normale,Deux véhicules - côté,,,,,,,,,,,1,2,1,1,3
200700082941,0007-06-26 13:30:00,7,6,26,13,30,973,302,POLYCARPE (VERMONT),,,Plein jour,En agglomération,Hors intersection,Normale,Trois véhicules et plus - collisions multiples,,,,,,,,,,,1,2,1,1,5
200700082942,0007-06-28 12:59:00,7,6,28,12,59,973,302,"1198, TARZAN (PISTE)",,,Plein jour,En agglomération,Hors intersection,Normale,Deux véhicules - arrière,,,,,,,,,,,1,2,1,1,2
200700082943,0007-06-28 12:05:00,7,6,28,12,5,973,302,MADELEINE (ROUTE DE LA),,,Plein jour,En agglomération,Hors intersection,Normale,Deux véhicules - arrière,,,,,,,,,,,1,2,1,1,2
200700082944,0007-06-29 16:24:00,7,6,29,16,24,973,302,SAINT ANTOINE (CHEMIN),,,Plein jour,En agglomération,Hors intersection,Normale,Deux véhicules - côté,,,,,,,,,,,1,2,1,1,3
200700082945,0007-06-03 19:00:00,7,6,3,19,0,974,407,SAINT PAUL(RUE),,,Nuit avec éclairage allumé,En agglomération,Intersection en X,Normale,Deux véhicules - côté,,,,,,,,,,,5,2,2,1,3
200700082946,0007-06-05 10:00:00,7,6,5,10,0,974,407,BERTHOLLET (RUE),,,Plein jour,En agglomération,Hors intersection,Normale,Deux véhicules - côté,,,,,,,,,,,1,2,1,1,3
200700082947,0007-06-05 12:36:00,7,6,5,12,36,974,407,ROUTE DU SACRE COEUR,,,Plein jour,En agglomération,Intersection en T,Normale,Deux véhicules - côté,,,,,,,,,,,1,2,3,1,3
200700082948,0007-06-07 18:25:00,7,6,7,18,25,974,407,BD DE LA COMPAGNIE DES I,,,Nuit sans éclairage public,Hors agglomération,Autre intersection,Normale,Deux véhicules - côté,,,,,,,,,,,3,1,9,1,3
200700082949,0007-06-09 11:40:00,7,6,9,11,40,974,407,VERGES(AVENUE),,,Plein jour,En agglomération,Hors intersection,Normale,Deux véhicules - arrière,,,,,,,,,,,1,2,1,1,2
200700082950,0007-06-14 14:15:00,7,6,14,14,15,974,407,TAMATAVE (BOULEVARD),,,Plein jour,En agglomération,Hors intersection,Normale,Deux véhicules - côté,,,,,,,,,,,1,2,1,1,3
200700082951,0007-06-15 18:45:00,7,6,15,18,45,974,407,COMMUNE DE PARIS (AVENUE,,,Nuit avec éclairage allumé,En agglomération,Intersection en X,Normale,Deux véhicules - arrière,,,,,,,,,,,5,2,2,1,2
200700082952,0007-06-16 20:00:00,7,6,16,20,0,974,407,ROUTE DU SACRE COEUR,,,Nuit sans éclairage public,Hors agglomération,Giratoire,Normale,Deux véhicules - arrière,,,,,,,,,,,3,1,6,1,2
200700082953,0007-06-16 20:30:00,7,6,16,20,30,974,407,COMMUNE DE PARIS (AVENUE,,,Nuit avec éclairage allumé,En agglomération,Hors intersection,Normale,Autre collision,,,,,,,,,,,5,2,1,1,6
200700082954,0007-06-20 10:50:00,7,6,20,10,50,974,407,ROND POINT TAMATAVE,,,Plein jour,Hors agglomération,Giratoire,Normale,Deux véhicules - arrière,,,,,,,,,,,1,1,6,1,2
200700082955,0007-06-26 19:00:00,7,6,26,19,0,974,407,AILLERET(RUE),,,Nuit avec éclairage allumé,En agglomération,Intersection en X,Normale,Deux véhicules - côté,,,,,,,,,,,5,2,2,1,3
200700082956,0007-06-30 01:25:00,7,6,30,1,25,974,407,"21, MONDON (AVENUE)",,,Nuit avec éclairage allumé,En agglomération,Hors intersection,Normale,Autre collision,,,,,,,,,,,5,2,1,1,6
200700082957,0007-06-30 13:30:00,7,6,30,13,30,974,407,LENINE (AVENUE),,,Plein jour,En agglomération,Hors intersection,Normale,Autre collision,,,,,,,,,,,1,2,1,1,6
200700082958,0007-06-21 21:45:00,7,6,21,21,45,974,410,JEAN JAURES(AVENUE),,,Nuit avec éclairage allumé,En agglomération,Hors intersection,Normale,Deux véhicules - frontale,,,,,,,,,,,5,2,1,1,1
200700082959,0007-06-02 11:05:00,7,6,2,11,5,974,411,"23, ILET A QUINQUINA (CH",,,Plein jour,En agglomération,Hors intersection,Normale,Autre collision,,,,,,,,,,,1,2,1,1,6
200700082960,0007-06-06 11:20:00,7,6,6,11,20,974,411,"1, PETITE ILE (RUE DE LA",,,Plein jour,En agglomération,Hors intersection,Normale,Autre collision,,,,,,,,,,,1,2,1,1,6
200700082961,0007-06-06 10:06:00,7,6,6,10,6,974,411,"2, MACE (BOULEVARD GABRI",,,Plein jour,En agglomération,Hors intersection,Normale,Autre collision,,,,,,,,,,,1,2,1,1,6
200700082962,0007-06-08 23:10:00,7,6,8,23,10,974,411,LITTORAL (ROUTE 1 DU),,,Nuit sans éclairage public,Hors agglomération,Hors intersection,Normale,Autre collision,,,,,,,,,,,3,1,1,1,6
200700082963,0007-06-12 08:15:00,7,6,12,8,15,974,411,JAURES (BOULEVARD JEAN),,,Plein jour,En agglomération,Hors intersection,Temps éblouissant,Autre collision,,,,,,,,,,,1,2,1,7,6
200700082964,0007-06-06 18:55:00,7,6,6,18,55,974,411,"10, RIVIERE DES PLUIES (",,,Nuit avec éclairage allumé,En agglomération,Hors intersection,Normale,Autre collision,,,,,,,,,,,5,2,1,1,6
200700082965,0007-06-11 15:49:00,7,6,11,15,49,974,411,"362, LECLERC (DU MARECHA",,,Plein jour,En agglomération,Hors intersection,Normale,Autre collision,,,,,,,,,,,1,2,1,1,6
200700082966,0007-06-15 20:55:00,7,6,15,20,55,974,411,GAULLE (DU GENERAL DE),,,Nuit avec éclairage allumé,En agglomération,Intersection en T,Normale,Deux véhicules - frontale,,,,,,,,,,,5,2,3,1,1
200700082967,0007-06-15 15:40:00,7,6,15,15,40,974,411,"87, MACE (BOULEVARD GABR",,,Plein jour,En agglomération,Hors intersection,Normale,Trois véhicules et plus - en chaîne,,,,,,,,,,,1,2,1,1,4
200700082968,0007-06-16 15:15:00,7,6,16,15,15,974,411,JAURES (BLD 1 JEAN),,,Plein jour,En agglomération,Intersection en X,Normale,Deux véhicules - côté,,,,,,,,,,,1,2,2,1,3
200700082969,0007-06-18 10:00:00,7,6,18,10,0,974,411,"1, EST (DE L')",,,Plein jour,En agglomération,Hors intersection,Normale,Autre collision,,,,,,,,,,,1,2,1,1,6
200700082970,0007-06-22 16:05:00,7,6,22,16,5,974,411,"1, KARTING (DU)",,,Plein jour,En agglomération,Hors intersection,Normale,Autre collision,,,,,,,,,,,1,2,1,1,6
200700082971,0007-06-24 19:15:00,7,6,24,19,15,974,411,MACE (BOULEVARD GABRIEL),,,Nuit avec éclairage allumé,En agglomération,Hors intersection,Normale,Autre collision,,,,,,,,,,,5,2,1,1,6
200700082972,0007-06-25 10:25:00,7,6,25,10,25,974,411,DORET 1 (BOULEVARD),,,Plein jour,En agglomération,Hors intersection,Normale,Autre collision,,,,,,,,,,,1,2,1,1,6
200700082973,0007-06-24 11:45:00,7,6,24,11,45,974,411,BOYER (ROUTE ANTIDE),,,Plein jour,Hors agglomération,Hors intersection,Normale,Trois véhicules et plus - en chaîne,,,,,,,,,,,1,1,1,1,4
200700082974,0007-06-09 17:25:00,7,6,9,17,25,974,411,"12, MACE (BOULEVARD GABR",,,Plein jour,En agglomération,Hors intersection,Normale,Deux véhicules - arrière,,,,,,,,,,,1,2,1,1,2
200700082975,0007-06-06 12:32:00,7,6,6,12,32,974,411,LITTORAL (ROUTE 1 DU),,,Plein jour,Hors agglomération,Hors intersection,Normale,Autre collision,,,,,,,,,,,1,1,1,1,6
200700082976,0007-06-07 08:45:00,7,6,7,8,45,974,411,"4, MONTAGNE (ROUTE DE LA",,,Plein jour,En agglomération,Hors intersection,Normale,Deux véhicules - frontale,,,,,,,,,,,1,2,1,1,1
200700082977,0007-06-08 13:17:00,7,6,8,13,17,974,411,"93, GUYON (FELIX)",,,Plein jour,En agglomération,Hors intersection,Normale,Autre collision,,,,,,,,,,,1,2,1,1,6
200700082978,0007-06-09 22:43:00,7,6,9,22,43,974,411,"114, MOUFIA (ROUTE DE)",,,Nuit avec éclairage allumé,En agglomération,Hors intersection,Normale,Autre collision,,,,,,,,,,,5,2,1,1,6
200700082979,0007-06-13 15:39:00,7,6,13,15,39,974,411,"1, PARIS (RUE DE)",,,Plein jour,En agglomération,Hors intersection,Normale,Autre collision,,,,,,,,,,,1,2,1,1,6
200700082980,0007-06-13 16:46:00,7,6,13,16,46,974,411,"156, GAULLE (DU GENERAL",,,Plein jour,En agglomération,Hors intersection,Normale,Autre collision,,,,,,,,,,,1,2,1,1,6
200700082981,0007-06-14 18:23:00,7,6,14,18,23,974,411,"17, MACE (BOULEVARD GABR",,,Crépuscule ou aube,En agglomération,Hors intersection,Normale,Autre collision,,,,,,,,,,,2,2,1,1,6
200700082982,0007-06-26 11:04:00,7,6,26,11,4,974,411,GIMART (AVENUE STANISLAS,,,Plein jour,En agglomération,Intersection en T,Normale,Deux véhicules - côté,,,,,,,,,,,1,2,3,1,3
200700082983,0007-06-26 09:30:00,7,6,26,9,30,974,411,DANCING (RUELLE DU),,,Plein jour,En agglomération,Intersection en X,Normale,Deux véhicules - côté,,,,,,,,,,,1,2,2,1,3
200700082984,0007-06-30 09:55:00,7,6,30,9,55,974,411,"62, LECONTE DE LISLE (AV",,,Plein jour,En agglomération,Hors intersection,Normale,Autre collision,,,,,,,,,,,1,2,1,1,6
200700082985,0007-06-16 19:35:00,7,6,16,19,35,974,411,RAMBAUD (LEOPOLD),,,Crépuscule ou aube,En agglomération,Hors intersection,Normale,Autre collision,,,,,,,,,,,2,2,1,1,6
200700082986,0007-06-19 14:30:00,7,6,19,14,30,974,411,LABOURDONNAIS,,,Plein jour,En agglomération,Hors intersection,Normale,Autre collision,,,,,,,,,,,1,2,1,1,6
200700082987,0007-06-23 02:20:00,7,6,23,2,20,974,411,NEUF (CHEMIN),,,Nuit sans éclairage public,En agglomération,Hors intersection,Normale,Sans collision,,,,,,,,,,,3,2,1,1,7
200700082988,0007-06-25 10:05:00,7,6,25,10,5,974,411,BEARN (RUE DU),,,Plein jour,En agglomération,Hors intersection,Normale,Deux véhicules - côté,,,,,,,,,,,1,2,1,1,3
200700082989,0007-06-09 23:30:00,7,6,9,23,30,974,414,"sans, PRINCIPALE(AVENUE)",,,Nuit avec éclairage allumé,En agglomération,Giratoire,Normale,Deux véhicules - côté,,,,,,,,,,,5,2,6,1,3
200700082990,0007-06-15 17:45:00,7,6,15,17,45,974,414,"19, SAINTE THERESE(RUE)",,,Plein jour,En agglomération,Hors intersection,Normale,Deux véhicules - frontale,,,,,,,,,,,1,2,1,1,1
200700082991,0007-06-16 12:35:00,7,6,16,12,35,974,416,"SANS, VIGOUREUX(RUE VICT",,,Plein jour,En agglomération,Intersection en T,Normale,Deux véhicules - arrière,,,,,,,,,,,1,2,3,1,2
200700082992,0007-06-22 18:55:00,7,6,22,18,55,974,416,"82, ARCHAMBAUD",,,Nuit avec éclairage allumé,En agglomération,Hors intersection,Normale,Autre collision,,,,,,,,,,,5,2,1,1,6
200700082993,0007-06-28 19:50:00,7,6,28,19,50,974,414,"101, SAINT LOUIS(RUE)",,,Nuit avec éclairage allumé,En agglomération,Hors intersection,Normale,Autre collision,,,,,,,,,,,5,2,1,1,6
200700083027,0007-07-26 12:30:00,7,7,26,12,30,972,224,Quartier Belle Etoile,,,Plein jour,En agglomération,Hors intersection,Normale,Deux véhicules - frontale,,,,,,,,,,,1,2,1,1,1
200700083028,0007-07-27 07:15:00,7,7,27,7,15,972,205,,,,Plein jour,Hors agglomération,Hors intersection,Normale,Deux véhicules - côté,,,,,,,,,,,1,1,1,1,3
200700083029,0007-07-30 06:30:00,7,7,30,6,30,972,205,,,,Crépuscule ou aube,Hors agglomération,Hors intersection,Pluie légère,Deux véhicules - côté,,,,,,,,,,,2,1,1,2,3
200700083030,0007-07-22 06:45:00,7,7,22,6,45,972,225,Rue bouillé sta. TOTAL,,,Plein jour,En agglomération,Hors intersection,Normale,Autre collision,,,,,,,,,,,1,2,1,1,6
200700083031,0007-07-27 16:45:00,7,7,27,16,45,972,225,rue victor hugo,,,Nuit avec éclairage allumé,En agglomération,Hors intersection,Normale,Deux véhicules - côté,,,,,,,,,,,5,2,1,1,3
200700083032,0007-07-26 06:45:00,7,7,26,6,45,972,210,,,,Plein jour,Hors agglomération,Hors intersection,Temps couvert,Deux véhicules - frontale,,,,,,,,,,,1,1,1,8,1
200700083033,0007-07-23 14:30:00,7,7,23,14,30,972,226,,,,Plein jour,Hors agglomération,Hors intersection,Normale,Deux véhicules - frontale,,,,,,,,,,,1,1,1,1,1
200700083034,0007-07-03 11:30:00,7,7,3,11,30,972,221,,,,Plein jour,Hors agglomération,Hors intersection,Normale,Deux véhicules - côté,,,,,,,,,,,1,1,1,1,3
200700083035,0007-07-09 23:30:00,7,7,9,23,30,972,221,PARKING SUPERMARCHE CHAM,,,Plein jour,En agglomération,Hors intersection,Normale,Autre collision,,,,,,,,,,,1,2,1,1,6
200700083036,0007-07-16 01:00:00,7,7,16,1,0,972,221,RD 7,,,Nuit avec éclairage non allumé,En agglomération,Hors intersection,Pluie légère,Sans collision,,,,,,,,,,,4,2,1,2,7
200700083037,0007-07-22 17:30:00,7,7,22,17,30,972,221,Bourg de Desmarnières,,,Plein jour,En agglomération,Hors intersection,Normale,Deux véhicules - côté,,,,,,,,,,,1,2,1,1,3
200700083038,0007-07-23 19:30:00,7,7,23,19,30,972,221,Rond Point Là Haut,,,Nuit sans éclairage public,En agglomération,Giratoire,Normale,Deux véhicules - côté,,,,,,,,,,,3,2,6,1,3
200700083039,0007-07-07 11:45:00,7,7,7,11,45,972,206,route de Anses d'Arlet -,,,Plein jour,En agglomération,Hors intersection,Normale,Deux véhicules - côté,,,,,,,,,,,1,2,1,1,3
200700083040,0007-07-15 00:15:00,7,7,15,0,15,972,228,Impasse Félix 1,,,Nuit sans éclairage public,En agglomération,Hors intersection,Normale,Autre collision,,,,,,,,,,,3,2,1,1,6
200700083041,0007-07-21 10:30:00,7,7,21,10,30,972,201,,,,Plein jour,En agglomération,Hors intersection,Normale,Deux véhicules - frontale,,,,,,,,,,,1,2,1,1,1
200700083042,0007-07-07 07:20:00,7,7,7,7,20,971,124,route nationale 3,,,Plein jour,Hors agglomération,Hors intersection,Normale,Deux véhicules - côté,,,,,,,,,,,1,1,1,1,3
200700083043,0007-07-10 20:00:00,7,7,10,20,0,971,106,le bourg,,,Nuit avec éclairage allumé,En agglomération,Hors intersection,Normale,Autre collision,,,,,,,,,,,5,2,1,1,6
200700083044,0007-07-22 01:20:00,7,7,22,1,20,971,106,rue felicite leandre,,,Nuit sans éclairage public,En agglomération,Hors intersection,Pluie forte,Autre collision,,,,,,,,,,,3,2,1,3,6
200700083045,0007-07-22 11:30:00,7,7,22,11,30,971,132,CD 6 - Route Grand Anse,,,Plein jour,En agglomération,Hors intersection,Pluie légère,Deux véhicules - frontale,,,,,,,,,,,1,2,1,2,1
200700083046,0007-07-19 04:30:00,7,7,19,4,30,971,107,ction Doyon Grand Bassin,,,Nuit sans éclairage public,Hors agglomération,Hors intersection,Temps couvert,Autre collision,,,,,,,,,,,3,1,1,8,6
200700083047,0007-07-22 09:15:00,7,7,22,9,15,971,107,Roseau,,,Plein jour,Hors agglomération,Hors intersection,Temps couvert,Deux véhicules - frontale,,,,,,,,,,,1,1,1,8,1
200700083048,0007-07-30 08:30:00,7,7,30,8,30,971,107,,,,Plein jour,Hors agglomération,Hors intersection,Normale,Deux véhicules - côté,,,,,,,,,,,1,1,1,1,3
200700083049,0007-07-25 10:00:00,7,7,25,10,0,971,107,,,,Plein jour,Hors agglomération,Hors intersection,Normale,Deux véhicules - côté,,,,,,,,,,,1,1,1,1,3
200700083050,0007-07-20 13:30:00,7,7,20,13,30,971,123,Public,,,Plein jour,En agglomération,Hors intersection,Normale,Deux véhicules - côté,,,,,,,,,,,1,2,1,1,3
200700083051,0007-07-22 11:45:00,7,7,22,11,45,971,115,,,,Plein jour,Hors agglomération,Hors intersection,Normale,Sans collision,,,,,,,,,,,1,1,1,1,7
200700083052,0007-07-17 06:15:00,7,7,17,6,15,971,129,section Bonne mère,,,Plein jour,En agglomération,Hors intersection,Normale,Autre collision,,,,,,,,,,,1,2,1,1,6
200700083053,0007-07-18 14:00:00,7,7,18,14,0,971,129,RN 2,,,Plein jour,En agglomération,Hors intersection,Normale,Trois véhicules et plus - collisions multiples,,,,,,,,,,,1,2,1,1,5
200700083054,0007-07-28 21:15:00,7,7,28,21,15,971,129,,,,Nuit avec éclairage allumé,Hors agglomération,Hors intersection,Normale,Autre collision,,,,,,,,,,,5,1,1,1,6
200700083055,0007-07-07 16:30:00,7,7,7,16,30,971,108,section pointe deshaies,,,Plein jour,Hors agglomération,Hors intersection,Normale,Sans collision,,,,,,,,,,,1,1,1,1,7
200700083056,0007-07-24 11:45:00,7,7,24,11,45,971,117,,,,Plein jour,Hors agglomération,Hors intersection,Normale,Autre collision,,,,,,,,,,,1,1,1,1,6
200700083057,0007-07-10 05:15:00,7,7,10,5,15,971,125,,,,Nuit avec éclairage non allumé,Hors agglomération,Hors intersection,Normale,Autre collision,,,,,,,,,,,4,1,1,1,6
200700083058,0007-07-06 19:30:00,7,7,6,19,30,971,128,,,,Nuit sans éclairage public,Hors agglomération,Hors intersection,Normale,Autre collision,,,,,,,,,,,3,1,1,1,6
200700083059,0007-07-06 20:00:00,7,7,6,20,0,971,128,Galbas,,,Nuit avec éclairage allumé,En agglomération,Hors intersection,Normale,Autre collision,,,,,,,,,,,5,2,1,1,6
200700083060,0007-07-08 18:15:00,7,7,8,18,15,971,128,uerite - section Valette,,,Plein jour,En agglomération,Hors intersection,Normale,Sans collision,,,,,,,,,,,1,2,1,1,7
200700083061,0007-07-24 08:30:00,7,7,24,8,30,971,128,Barotte,,,Plein jour,Hors agglomération,Hors intersection,Normale,Deux véhicules - frontale,,,,,,,,,,,1,1,1,1,1
200700083062,0007-07-31 20:15:00,7,7,31,20,15,971,128,,,,Nuit sans éclairage public,Hors agglomération,Hors intersection,Pluie légère,Autre collision,,,,,,,,,,,3,1,1,2,6
200700083063,0007-07-27 14:00:00,7,7,27,14,0,971,128,,,,Plein jour,Hors agglomération,Hors intersection,Normale,Deux véhicules - côté,,,,,,,,,,,1,1,1,1,3
200700083064,0007-07-06 18:30:00,7,7,6,18,30,971,116,Gensolin,,,Nuit sans éclairage public,Hors agglomération,Hors intersection,Normale,Deux véhicules - côté,,,,,,,,,,,3,1,1,1,3
200700083065,0007-07-23 18:45:00,7,7,23,18,45,971,116,"RN5, BOSREDON",,,Nuit avec éclairage allumé,En agglomération,Hors intersection,Normale,Autre collision,,,,,,,,,,,5,2,1,1,6
200700083066,0007-07-02 18:30:00,7,7,2,18,30,973,307,CARREFOUR RN1/MACATA,,,Nuit avec éclairage allumé,En agglomération,Hors intersection,Normale,Deux véhicules - arrière,,,,,,,,,,,5,2,1,1,2
200700083067,0007-07-06 18:30:00,7,7,6,18,30,973,307,,,,Nuit avec éclairage allumé,Hors agglomération,Hors intersection,Normale,Trois véhicules et plus - collisions multiples,,,,,,,,,,,5,1,1,1,5
200700083068,0007-07-11 20:00:00,7,7,11,20,0,973,307,,,,Nuit sans éclairage public,Hors agglomération,Hors intersection,Normale,Sans collision,,,,,,,,,,,3,1,1,1,7
200700083069,0007-07-16 07:30:00,7,7,16,7,30,973,305,,,,Plein jour,Hors agglomération,Hors intersection,Pluie légère,Sans collision,,,,,,,,,,,1,1,1,2,7
200700083070,0007-07-18 19:15:00,7,7,18,19,15,973,305,,,,Nuit avec éclairage non allumé,Hors agglomération,Hors intersection,Pluie légère,Deux véhicules - arrière,,,,,,,,,,,4,1,1,2,2
200700083071,0007-07-15 19:30:00,7,7,15,19,30,973,310,,,,Nuit avec éclairage non allumé,Hors agglomération,Hors intersection,Normale,Deux véhicules - frontale,,,,,,,,,,,4,1,1,1,1
200700083072,0007-07-29 15:15:00,7,7,29,15,15,973,310,,,,Plein jour,Hors agglomération,Hors intersection,Normale,Sans collision,,,,,,,,,,,1,1,1,1,7
200700083073,0007-07-22 06:00:00,7,7,22,6,0,974,408,,,,Crépuscule ou aube,Hors agglomération,Hors intersection,Normale,Deux véhicules - frontale,,,,,,,,,,,2,1,1,1,1
200700083074,0007-07-15 20:15:00,7,7,15,20,15,974,420,"47, Jacques Bel Air II",,,Nuit avec éclairage allumé,En agglomération,Hors intersection,Normale,Autre collision,,,,,,,,,,,5,2,1,1,6
200700083075,0007-07-21 08:15:00,7,7,21,8,15,974,420,parking boutique OKE,,,Plein jour,En agglomération,Autre intersection,Normale,Deux véhicules - frontale,,,,,,,,,,,1,2,9,1,1
200700083076,0007-07-21 16:00:00,7,7,21,16,0,974,410,"lieu-dit "" L'Echo""",,,Plein jour,Hors agglomération,Hors intersection,Normale,Deux véhicules - frontale,,,,,,,,,,,1,1,1,1,1
200700083077,0007-07-01 00:01:00,7,7,1,0,1,974,415,,,,Nuit sans éclairage public,Hors agglomération,Hors intersection,Normale,Deux véhicules - côté,,,,,,,,,,,3,1,1,1,3
200700083078,0007-07-08 14:45:00,7,7,8,14,45,974,415,rue de Boucan,,,Plein jour,En agglomération,Hors intersection,Normale,Deux véhicules - côté,,,,,,,,,,,1,2,1,1,3
200700083079,0007-07-10 06:30:00,7,7,10,6,30,974,415,Ravine de L'Hermitage,,,Crépuscule ou aube,En agglomération,Hors intersection,Normale,Deux véhicules - frontale,,,,,,,,,,,2,2,1,1,1
200700083080,0007-07-17 20:00:00,7,7,17,20,0,974,415,,,,Nuit sans éclairage public,Hors agglomération,Hors intersection,Normale,Sans collision,,,,,,,,,,,3,1,1,1,7
200700083081,0007-07-31 22:30:00,7,7,31,22,30,974,415,,,,Nuit sans éclairage public,Hors agglomération,Hors intersection,Normale,Deux véhicules - frontale,,,,,,,,,,,3,1,1,1,1
200700083082,0007-07-21 02:30:00,7,7,21,2,30,974,404,,,,Nuit sans éclairage public,Hors agglomération,Hors intersection,Normale,Deux véhicules - frontale,,,,,,,,,,,3,1,1,1,1
200700083083,0007-07-08 21:45:00,7,7,8,21,45,974,412,,,,Nuit avec éclairage allumé,Hors agglomération,Hors intersection,Pluie légère,Autre collision,,,,,,,,,,,5,1,1,2,6
200700083109,0007-07-03 22:00:00,7,7,3,22,0,971,103,boulevard du LAMENTIN,,,Nuit avec éclairage allumé,En agglomération,Hors intersection,Normale,Deux véhicules - côté,,,,,,,,,,,5,2,1,1,3
200700083110,0007-07-21 01:10:00,7,7,21,1,10,971,103,RN 1,,,Nuit avec éclairage non allumé,Hors agglomération,Hors intersection,Normale,Autre collision,,,,,,,,,,,4,1,1,1,6
200700083113,0007-07-13 12:00:00,7,7,13,12,0,973,309,Rue Louis Caristan,,,Plein jour,En agglomération,Hors intersection,Normale,Deux véhicules - frontale,,,,,,,,,,,1,2,1,1,1
200700083114,0007-07-07 18:30:00,7,7,7,18,30,974,413,,,,Plein jour,Hors agglomération,Hors intersection,Normale,Autre collision,,,,,,,,,,,1,1,1,1,6