accident_id,datetime,annee,mois,jour,heure,minute,departement,commune_insee,adresse,latitude,longitude,luminosite,agglomeration,intersection,meteo,collision,nb_vehicules,nb_usagers,nb_indemnes,nb_tues,nb_blesses_hosp,nb_blesses_legers,age_cond_1,age_cond_2,veh_type_cond_1,veh_type_cond_2,lum_code,agg_code,int_code,atm_code,col_code
200700083117,0007-07-06 07:00:00,7,7,6,7,0,971,127,,,,Plein jour,Hors agglomération,Hors intersection,Normale,Trois véhicules et plus - collisions multiples,,,,,,,,,,,1,1,1,1,5
200700083118,0007-07-06 20:20:00,7,7,6,20,20,971,127,rue de hollande,,,Nuit avec éclairage allumé,En agglomération,Hors intersection,Normale,Deux véhicules - frontale,,,,,,,,,,,5,2,1,1,1
200700083119,0007-07-19 11:30:00,7,7,19,11,30,971,127,es plages Baie Orientale,,,Plein jour,Hors agglomération,Hors intersection,Pluie forte,Autre collision,,,,,,,,,,,1,1,1,3,6
200700083122,0007-07-02 08:45:00,7,7,2,8,45,974,451,54 Chemin Badamier,,,Plein jour,En agglomération,Hors intersection,Normale,Deux véhicules - côté,,,,,,,,,,,1,2,1,1,3
200700083123,0007-07-24 15:00:00,7,7,24,15,0,974,416,,,,Plein jour,Hors agglomération,Hors intersection,Normale,Autre collision,,,,,,,,,,,1,1,1,1,6
200700083130,0007-07-03 15:28:00,7,7,3,15,28,971,107,", GUE ( RUE DU )",,,Plein jour,En agglomération,Hors intersection,Normale,Autre collision,,,,,,,,,,,1,2,1,1,6
200700083131,0007-07-21 05:00:00,7,7,21,5,0,971,107,MARQUISAT ( ROUTE DE ),,,Nuit avec éclairage allumé,En agglomération,Hors intersection,Normale,Trois véhicules et plus - en chaîne,,,,,,,,,,,5,2,1,1,4
200700083132,0007-07-24 18:20:00,7,7,24,18,20,971,107,ELIE CHAUFFREIN ( RUE ),,,Plein jour,En agglomération,Hors intersection,Normale,Sans collision,,,,,,,,,,,1,2,1,1,7
200700083133,0007-07-24 02:30:00,7,7,24,2,30,971,107,MARQUISAT ( ROUTE DE ),,,Nuit sans éclairage public,En agglomération,Hors intersection,Normale,Sans collision,,,,,,,,,,,3,2,1,1,7
200700083134,0007-07-20 20:45:00,7,7,20,20,45,971,107,GERMAIN ST RUF (AVENUE ),,,Nuit avec éclairage allumé,En agglomération,Hors intersection,Temps couvert,Deux véhicules - côté,,,,,,,,,,,5,2,1,8,3
200700083135,0007-07-15 20:05:00,7,7,15,20,5,971,101,"00, DUGAZON",,,Nuit avec éclairage allumé,En agglomération,Hors intersection,Normale,Autre collision,,,,,,,,,,,5,2,1,1,6
200700083136,0007-07-05 23:35:00,7,7,5,23,35,971,113,"00, Morne Salines",,,Nuit sans éclairage public,En agglomération,Hors intersection,Normale,Autre collision,,,,,,,,,,,3,2,1,1,6
200700083137,0007-07-06 14:00:00,7,7,6,14,0,971,101,"00, PETIT PEROU",,,Plein jour,En agglomération,Intersection en T,Normale,Autre collision,,,,,,,,,,,1,2,3,1,6
200700083138,0007-07-10 19:40:00,7,7,10,19,40,971,101,"00, PERRIN",,,Nuit avec éclairage allumé,Hors agglomération,Hors intersection,Normale,Autre collision,,,,,,,,,,,5,1,1,1,6
200700083139,0007-07-11 13:45:00,7,7,11,13,45,971,120,"00, STADE MUNICIPAL",,,Plein jour,En agglomération,Intersection en X,Normale,Deux véhicules - côté,,,,,,,,,,,1,2,2,1,3
200700083140,0007-07-14 19:50:00,7,7,14,19,50,971,101,"00, MAIRIE",,,Crépuscule ou aube,En agglomération,Hors intersection,Normale,Deux véhicules - arrière,,,,,,,,,,,2,2,1,1,2
200700083141,0007-07-06 19:25:00,7,7,6,19,25,971,101,"000, CHAUVEL",,,Nuit avec éclairage allumé,Hors agglomération,Hors intersection,Normale,Autre collision,,,,,,,,,,,5,1,1,1,6
200700083142,0007-07-08 18:30:00,7,7,8,18,30,971,113,"000, Section Port Blanc",,,Nuit avec éclairage allumé,Hors agglomération,Hors intersection,Normale,Deux véhicules - frontale,,,,,,,,,,,5,1,1,1,1
200700083143,0007-07-28 23:45:00,7,7,28,23,45,971,120,"00, MORTENOL",,,Nuit avec éclairage allumé,En agglomération,Intersection à plus de 4 branches,Pluie légère,Deux véhicules - côté,,,,,,,,,,,5,2,5,2,3
200700083144,0007-07-29 03:58:00,7,7,29,3,58,971,101,"000, CHAUVEL",,,Nuit avec éclairage allumé,Hors agglomération,Hors intersection,Normale,Autre collision,,,,,,,,,,,5,1,1,1,6
200700083145,0007-07-29 06:00:00,7,7,29,6,0,971,101,"00, RN05",,,Plein jour,En agglomération,Hors intersection,Normale,Autre collision,,,,,,,,,,,1,2,1,1,6
200700083146,0007-07-29 10:00:00,7,7,29,10,0,971,101,"00, HIBISCUS",,,Plein jour,En agglomération,Hors intersection,Normale,Deux véhicules - arrière,,,,,,,,,,,1,2,1,1,2
200700083147,0007-07-30 19:30:00,7,7,30,19,30,971,120,"00, GERTY ARCHIMEDE (RES",,,Nuit sans éclairage public,En agglomération,Hors intersection,Normale,Sans collision,,,,,,,,,,,3,2,1,1,7
200700083148,0007-07-01 21:25:00,7,7,1,21,25,971,101,"000, CHAUVEL",,,Nuit avec éclairage allumé,En agglomération,Intersection en T,Normale,Deux véhicules - frontale,,,,,,,,,,,5,2,3,1,1
200700083149,0007-07-05 16:10:00,7,7,5,16,10,972,209,"97, ADHEMAR MODOCK (BOUL",,,Plein jour,Hors agglomération,Hors intersection,Normale,Autre collision,,,,,,,,,,,1,1,1,1,6
200700083150,0007-07-07 14:00:00,7,7,7,14,0,972,209,"256, CHATEAUBOEUF (ROUTE",,,Plein jour,Hors agglomération,Hors intersection,Normale,Autre collision,,,,,,,,,,,1,1,1,1,6
200700083151,0007-07-08 00:32:00,7,7,8,0,32,972,209,"157, BALATA (ROUTE DE)",,,Nuit avec éclairage non allumé,Hors agglomération,Hors intersection,Normale,Autre collision,,,,,,,,,,,4,1,1,1,6
200700083152,0007-07-09 08:02:00,7,7,9,8,2,972,209,"25, DESBROSES-LA-VALEE (",,,Plein jour,En agglomération,Hors intersection,Normale,Autre collision,,,,,,,,,,,1,2,1,1,6
200700083153,0007-07-07 00:45:00,7,7,7,0,45,972,209,"25, MAURICE BISHOP (RUE)",,,Nuit avec éclairage non allumé,Hors agglomération,Hors intersection,Normale,Autre collision,,,,,,,,,,,4,1,1,1,6
200700083154,0007-07-11 08:35:00,7,7,11,8,35,972,209,"52, BOCAGE (RUE DU)",,,Plein jour,En agglomération,Hors intersection,Normale,Autre collision,,,,,,,,,,,1,2,1,1,6
200700083155,0007-07-11 11:30:00,7,7,11,11,30,972,209,"27, DIDIER (ROUTE DE)",,,Plein jour,En agglomération,Hors intersection,Normale,Autre collision,,,,,,,,,,,1,2,1,1,6
200700083156,0007-07-13 19:15:00,7,7,13,19,15,972,209,"41, VICTOR LAMON (AVENUE",,,Nuit avec éclairage non allumé,Hors agglomération,Hors intersection,Normale,Autre collision,,,,,,,,,,,4,1,1,1,6
200700083157,0007-07-15 05:20:00,7,7,15,5,20,972,209,"187, RAVINE VILAINE (CHE",,,Crépuscule ou aube,Hors agglomération,Hors intersection,Pluie légère,Autre collision,,,,,,,,,,,2,1,1,2,6
200700083158,0007-07-13 13:45:00,7,7,13,13,45,972,209,"0, RD 41",,,Plein jour,Hors agglomération,Hors intersection,Normale,Deux véhicules - côté,,,,,,,,,,,1,1,1,1,3
200700083159,0007-07-16 17:30:00,7,7,16,17,30,972,209,"32, MOUTTE (ROUTE DE)",,,Plein jour,En agglomération,Hors intersection,Normale,Autre collision,,,,,,,,,,,1,2,1,1,6
200700083160,0007-07-19 07:15:00,7,7,19,7,15,972,209,"41, BALATA (ROUTE DE)",,,Plein jour,Hors agglomération,Hors intersection,Normale,Deux véhicules - frontale,,,,,,,,,,,1,1,1,1,1
200700083161,0007-07-11 16:35:00,7,7,11,16,35,972,209,"1, CHATEAUBOEUF (ROUTE D",,,Plein jour,En agglomération,Hors intersection,Normale,Autre collision,,,,,,,,,,,1,2,1,1,6
200700083162,0007-07-20 13:35:00,7,7,20,13,35,972,209,"129, MAURICE BISHOP (RUE",,,Plein jour,En agglomération,Hors intersection,Normale,Deux véhicules - arrière,,,,,,,,,,,1,2,1,1,2
200700083163,0007-07-20 17:50:00,7,7,20,17,50,972,209,"125, MAURICE BISHOP (RUE",,,Plein jour,En agglomération,Hors intersection,Normale,Autre collision,,,,,,,,,,,1,2,1,1,6
200700083164,0007-07-21 02:50:00,7,7,21,2,50,972,209,AUTOROUTE (A1),,,Nuit sans éclairage public,Hors agglomération,Hors intersection,Normale,Autre collision,,,,,,,,,,,3,1,1,1,6
200700083165,0007-07-22 06:00:00,7,7,22,6,0,972,209,RD 41,,,Plein jour,Hors agglomération,Hors intersection,Normale,Autre collision,,,,,,,,,,,1,1,1,1,6
200700083166,0007-07-22 13:25:00,7,7,22,13,25,972,209,"13, HENRI BARBUSSE (RUE)",,,Plein jour,Hors agglomération,Hors intersection,Normale,Autre collision,,,,,,,,,,,1,1,1,1,6
200700083167,0007-07-22 22:58:00,7,7,22,22,58,972,209,RD 41,,,Nuit sans éclairage public,Hors agglomération,Hors intersection,Normale,Sans collision,,,,,,,,,,,3,1,1,1,7
200700083168,0007-07-23 22:05:00,7,7,23,22,5,972,209,"179, MAURICE BISHOP (RUE",,,Nuit avec éclairage allumé,Hors agglomération,Hors intersection,Normale,Autre collision,,,,,,,,,,,5,1,1,1,6
200700083169,0007-07-27 13:03:00,7,7,27,13,3,972,209,"28, ERNEST DEPROGE (RUE)",,,Plein jour,En agglomération,Hors intersection,Normale,Autre collision,,,,,,,,,,,1,2,1,1,6
200700083170,0007-07-28 22:00:00,7,7,28,22,0,972,209,"56, ROBERT ATTULY (BOULE",,,Nuit avec éclairage allumé,En agglomération,Hors intersection,Normale,Autre collision,,,,,,,,,,,5,2,1,1,6
200700083171,0007-07-25 20:55:00,7,7,25,20,55,972,209,"23, NELSON MANDELA (RUE)",,,Nuit avec éclairage allumé,En agglomération,Hors intersection,Normale,Autre collision,,,,,,,,,,,5,2,1,1,6
200700083172,0007-07-30 05:10:00,7,7,30,5,10,972,209,"85, GENERAL DE GAULLE (B",,,Crépuscule ou aube,En agglomération,Hors intersection,Normale,Deux véhicules - arrière,,,,,,,,,,,2,2,1,1,2
200700083173,0007-07-03 18:30:00,7,7,3,18,30,972,213,VIEUX PONT (CHEMIN DU,,,Nuit avec éclairage allumé,En agglomération,Hors intersection,Normale,Deux véhicules - côté,,,,,,,,,,,5,2,1,1,3
200700083174,0007-07-04 12:00:00,7,7,4,12,0,972,213,Z I LA JAMBETTE,,,Plein jour,Hors agglomération,Hors intersection,Normale,Deux véhicules - arrière,,,,,,,,,,,1,1,1,1,2
200700083175,0007-07-07 04:30:00,7,7,7,4,30,972,213,ROUTE DEPARTEMENTALE 15,,,Crépuscule ou aube,En agglomération,Hors intersection,Normale,Sans collision,,,,,,,,,,,2,2,1,1,7
200700083176,0007-07-13 23:25:00,7,7,13,23,25,972,213,Z I LA LEZARDE,,,Plein jour,Hors agglomération,Hors intersection,Normale,Deux véhicules - côté,,,,,,,,,,,1,1,1,1,3
200700083177,0007-07-14 13:50:00,7,7,14,13,50,972,213,AUTOROUTE A1,,,Plein jour,Hors agglomération,Hors intersection,Normale,Autre collision,,,,,,,,,,,1,1,1,1,6
200700083178,0007-07-16 08:30:00,7,7,16,8,30,972,213,FOUR A CHAUX (CHEMIN DU),,,Plein jour,En agglomération,Hors intersection,Normale,Autre collision,,,,,,,,,,,1,2,1,1,6
200700083179,0007-07-16 14:00:00,7,7,16,14,0,972,213,ROUTE DEPARTEMENTALE 14,,,Plein jour,Hors agglomération,Hors intersection,Normale,Deux véhicules - arrière,,,,,,,,,,,1,1,1,1,2
200700083180,0007-07-16 18:30:00,7,7,16,18,30,972,213,AUTOROUTE A1,,,Crépuscule ou aube,Hors agglomération,Hors intersection,Normale,Trois véhicules et plus - en chaîne,,,,,,,,,,,2,1,1,1,4
200700083181,0007-07-21 06:00:00,7,7,21,6,0,972,213,AUTOROUTE A1,,,Crépuscule ou aube,Hors agglomération,Hors intersection,Normale,Deux véhicules - arrière,,,,,,,,,,,2,1,1,1,2
200700083182,0007-07-22 01:50:00,7,7,22,1,50,972,213,AUTOROUTE A1,,,Nuit sans éclairage public,Hors agglomération,Hors intersection,Normale,Sans collision,,,,,,,,,,,3,1,1,1,7
200700083183,0007-07-23 03:00:00,7,7,23,3,0,972,213,AUTOROUTE A1,,,Nuit sans éclairage public,Hors agglomération,Hors intersection,Pluie forte,Deux véhicules - arrière,,,,,,,,,,,3,1,1,3,2
200700083184,0007-07-28 06:00:00,7,7,28,6,0,972,213,PELLETIER (ROUTE DE),,,Crépuscule ou aube,Hors agglomération,Hors intersection,Normale,Trois véhicules et plus - collisions multiples,,,,,,,,,,,2,1,1,1,5
200700083185,0007-07-28 19:00:00,7,7,28,19,0,972,213,NELSON MANDELA,,,Nuit avec éclairage allumé,En agglomération,Hors intersection,Normale,Autre collision,,,,,,,,,,,5,2,1,1,6
200700083186,0007-07-31 05:15:00,7,7,31,5,15,972,213,"179, FROMAGER (RUE DU)",,,Plein jour,En agglomération,Hors intersection,Normale,Deux véhicules - frontale,,,,,,,,,,,1,2,1,1,1
200700083187,0007-07-02 07:20:00,7,7,2,7,20,973,302,DIGUE RONJON,,,Plein jour,En agglomération,Hors intersection,Normale,Trois véhicules et plus - collisions multiples,,,,,,,,,,,1,2,1,1,5
200700083188,0007-07-02 16:25:00,7,7,2,16,25,973,302,BADUEL (ROUTE DE),,,Plein jour,En agglomération,Hors intersection,Normale,Deux véhicules - côté,,,,,,,,,,,1,2,1,1,3
200700083189,0007-07-01 19:38:00,7,7,1,19,38,973,302,MONTABO (ROUTE DE) 4,,,Nuit avec éclairage allumé,En agglomération,Hors intersection,Pluie légère,Sans collision,,,,,,,,,,,5,2,1,2,7
200700083190,0007-07-03 00:01:00,7,7,3,0,1,973,302,GALMOT (AVENUE),,,Nuit avec éclairage allumé,En agglomération,Hors intersection,Normale,Autre collision,,,,,,,,,,,5,2,1,1,6
200700083191,0007-07-01 05:00:00,7,7,1,5,0,973,302,"363, RABAN (ROUTE DE)",,,Nuit avec éclairage allumé,En agglomération,Hors intersection,Normale,Deux véhicules - côté,,,,,,,,,,,5,2,1,1,3
200700083192,0007-07-03 18:06:00,7,7,3,18,6,973,302,BADUEL (ROUTE DE),,,Plein jour,En agglomération,Hors intersection,Normale,Deux véhicules - côté,,,,,,,,,,,1,2,1,1,3
200700083193,0007-07-08 05:30:00,7,7,8,5,30,973,302,JUBELIN (BOULEVARD),,,Nuit avec éclairage allumé,En agglomération,Hors intersection,Pluie légère,Sans collision,,,,,,,,,,,5,2,1,2,7
200700083194,0007-07-08 08:46:00,7,7,8,8,46,973,302,"18, REPUBLIQUE (BD DE LA",,,Plein jour,En agglomération,Hors intersection,Pluie légère,Sans collision,,,,,,,,,,,1,2,1,2,7
200700083195,0007-07-03 18:41:00,7,7,3,18,41,973,302,ESTREES (AVENUE D'),,,Plein jour,En agglomération,Hors intersection,Normale,Autre collision,,,,,,,,,,,1,2,1,1,6
200700083196,0007-07-08 15:42:00,7,7,8,15,42,973,302,"1184, RABAN (ROUTE DE)",,,Plein jour,En agglomération,Hors intersection,Normale,Sans collision,,,,,,,,,,,1,2,1,1,7
200700083197,0007-07-06 11:00:00,7,7,6,11,0,973,302,CABASSOU (ROUTE DE),,,Plein jour,En agglomération,Hors intersection,Normale,Deux véhicules - frontale,,,,,,,,,,,1,2,1,1,1
200700083198,0007-07-12 01:15:00,7,7,12,1,15,973,302,"07, PREVOT (ERNEST)",,,Nuit avec éclairage allumé,En agglomération,Hors intersection,Normale,Sans collision,,,,,,,,,,,5,2,1,1,7
200700083199,0007-07-12 21:55:00,7,7,12,21,55,973,302,THEMIRE (CITE),,,Nuit avec éclairage allumé,En agglomération,Hors intersection,Normale,Autre collision,,,,,,,,,,,5,2,1,1,6
200700083200,0007-07-11 21:25:00,7,7,11,21,25,973,302,", MANGO (CITE)",,,Nuit avec éclairage non allumé,En agglomération,Hors intersection,Normale,Sans collision,,,,,,,,,,,4,2,1,1,7
200700083201,0007-07-12 19:30:00,7,7,12,19,30,973,302,"12, JADFARD (RENE)",,,Nuit avec éclairage non allumé,En agglomération,Hors intersection,Normale,Sans collision,,,,,,,,,,,4,2,1,1,7
200700083202,0007-07-20 19:58:00,7,7,20,19,58,973,302,MADELEINE (ROUTE DE LA),,,Nuit avec éclairage allumé,En agglomération,Hors intersection,Normale,Deux véhicules - côté,,,,,,,,,,,5,2,1,1,3
200700083203,0007-07-17 08:33:00,7,7,17,8,33,973,302,MADELEINE (ROUTE DE LA),,,Plein jour,En agglomération,Hors intersection,Normale,Deux véhicules - côté,,,,,,,,,,,1,2,1,1,3
200700083204,0007-07-27 19:30:00,7,7,27,19,30,973,302,ZEPHIR (CITE),,,Nuit avec éclairage allumé,En agglomération,Hors intersection,Normale,Deux véhicules - côté,,,,,,,,,,,5,2,1,1,3
200700083205,0007-07-30 02:15:00,7,7,30,2,15,973,302,MADELEINE (ROUTE DE LA),,,Nuit avec éclairage allumé,En agglomération,Hors intersection,Pluie légère,Sans collision,,,,,,,,,,,5,2,1,2,7
200700083206,0007-07-29 00:26:00,7,7,29,0,26,973,302,MIRZA (CITE),,,Nuit avec éclairage non allumé,En agglomération,Hors intersection,Normale,Deux véhicules - côté,,,,,,,,,,,4,2,1,1,3
200700083207,0007-07-28 10:30:00,7,7,28,10,30,973,302,"559, MADELEINE (ROUTE DE",,,Plein jour,En agglomération,Hors intersection,Normale,Deux véhicules - arrière,,,,,,,,,,,1,2,1,1,2
200700083208,0007-07-26 13:00:00,7,7,26,13,0,973,302,MADELEINE (ROUTE DE LA),,,Plein jour,Hors agglomération,Hors intersection,Normale,Deux véhicules - arrière,,,,,,,,,,,1,1,1,1,2
200700083209,0007-07-28 11:50:00,7,7,28,11,50,973,302,CATAYEE (JUSTIN),,,Plein jour,En agglomération,Hors intersection,Normale,Deux véhicules - côté,,,,,,,,,,,1,2,1,1,3
200700083210,0007-07-26 16:36:00,7,7,26,16,36,973,302,GALMOT (ZONE ARTISANALE),,,Plein jour,En agglomération,Hors intersection,Normale,Deux véhicules - arrière,,,,,,,,,,,1,2,1,1,2
200700083211,0007-07-26 20:30:00,7,7,26,20,30,973,302,JUBELIN (BOULEVARD),,,Nuit avec éclairage allumé,En agglomération,Hors intersection,Normale,Autre collision,,,,,,,,,,,5,2,1,1,6
200700083212,0007-07-30 15:25:00,7,7,30,15,25,973,302,MADELEINE (ROUTE DE LA),,,Plein jour,En agglomération,Hors intersection,Normale,Deux véhicules - arrière,,,,,,,,,,,1,2,1,1,2
200700083213,0007-07-31 11:58:00,7,7,31,11,58,973,302,"47, ARAGO (FRANCOIS)",,,Plein jour,En agglomération,Hors intersection,Normale,Autre collision,,,,,,,,,,,1,2,1,1,6
200700083214,0007-07-02 14:05:00,7,7,2,14,5,974,407,MASCAREIGNES(BOULEVARD),,,Plein jour,En agglomération,Hors intersection,Normale,Autre collision,,,,,,,,,,,1,2,1,1,6
200700083215,0007-07-05 13:10:00,7,7,5,13,10,974,407,JAURES (RUE),,,Plein jour,En agglomération,Intersection en T,Normale,Deux véhicules - côté,,,,,,,,,,,1,2,3,1,3
200700083216,0007-07-06 15:50:00,7,7,6,15,50,974,407,JEANNE D'ARC (RUE),,,Plein jour,En agglomération,Intersection en X,Normale,Deux véhicules - côté,,,,,,,,,,,1,2,2,1,3
200700083217,0007-07-13 10:00:00,7,7,13,10,0,974,407,SPENCER HERBERT(RUE),,,Plein jour,En agglomération,Hors intersection,Normale,Autre collision,,,,,,,,,,,1,2,1,1,6
200700083218,0007-07-13 20:00:00,7,7,13,20,0,974,407,RUE FERDINAND BUISSON,,,Nuit avec éclairage allumé,En agglomération,Hors intersection,Normale,Sans collision,,,,,,,,,,,5,2,1,1,7
200700083219,0007-07-14 19:40:00,7,7,14,19,40,974,407,PALLU DE LA BARRIERE,,,Nuit avec éclairage allumé,En agglomération,Intersection en X,Normale,Deux véhicules - côté,,,,,,,,,,,5,2,2,1,3
200700083220,0007-07-17 10:15:00,7,7,17,10,15,974,407,"32, RUE LOUISE MICHEL",,,Plein jour,En agglomération,Hors intersection,Normale,Deux véhicules - côté,,,,,,,,,,,1,2,1,1,3
200700083221,0007-07-22 15:15:00,7,7,22,15,15,974,407,DE GAULLE(RUE),,,Plein jour,En agglomération,Hors intersection,Normale,Autre collision,,,,,,,,,,,1,2,1,1,6
200700083222,0007-07-24 20:15:00,7,7,24,20,15,974,407,"39, LENINE (AVENUE)",,,Nuit avec éclairage allumé,En agglomération,Hors intersection,Normale,Deux véhicules - frontale,,,,,,,,,,,5,2,1,1,1
200700083223,0007-07-26 20:05:00,7,7,26,20,5,974,407,BREST (BOULEVARD),,,Nuit avec éclairage allumé,En agglomération,Intersection en X,Normale,Deux véhicules - côté,,,,,,,,,,,5,2,2,1,3
200700083224,0007-07-29 19:30:00,7,7,29,19,30,974,407,"32, CARPAYE(AVENUE)",,,Nuit avec éclairage allumé,En agglomération,Hors intersection,Normale,Deux véhicules - côté,,,,,,,,,,,5,2,1,1,3
200700083225,0007-07-19 20:45:00,7,7,19,20,45,974,410,"41, ROND POINT DES PLAIN",,,Nuit avec éclairage allumé,Hors agglomération,Giratoire,Pluie forte,Deux véhicules - côté,,,,,,,,,,,5,1,6,3,3
200700083226,0007-07-03 14:52:00,7,7,3,14,52,974,411,"10, PROVIDENCE (BOULEVAR",,,Plein jour,En agglomération,Hors intersection,Normale,Deux véhicules - arrière,,,,,,,,,,,1,2,1,1,2
200700083227,0007-07-03 17:30:00,7,7,3,17,30,974,411,"5, MOUFIA (ROUTE DE)",,,Crépuscule ou aube,En agglomération,Hors intersection,Normale,Trois véhicules et plus - collisions multiples,,,,,,,,,,,2,2,1,1,5
200700083228,0007-07-04 10:05:00,7,7,4,10,5,974,411,"11, SCHOELCHER (RUE VICT",,,Plein jour,En agglomération,Hors intersection,Normale,Trois véhicules et plus - collisions multiples,,,,,,,,,,,1,2,1,1,5
200700083229,0007-07-09 15:10:00,7,7,9,15,10,974,411,NONGE (AVENUE EUDOXIE),,,Plein jour,En agglomération,Hors intersection,Pluie légère,Deux véhicules - arrière,,,,,,,,,,,1,2,1,2,2
200700083230,0007-07-10 15:55:00,7,7,10,15,55,974,411,"17, NEUF (CHEMIN)",,,Plein jour,En agglomération,Hors intersection,Normale,Deux véhicules - frontale,,,,,,,,,,,1,2,1,1,1
200700083231,0007-07-16 09:30:00,7,7,16,9,30,974,411,LANCASTEL (BOULEVARD),,,Plein jour,En agglomération,Hors intersection,Normale,Autre collision,,,,,,,,,,,1,2,1,1,6
200700083232,0007-07-15 15:20:00,7,7,15,15,20,974,411,"10, MACE (CHEMIN GABRIEL",,,Plein jour,En agglomération,Hors intersection,Pluie forte,Autre collision,,,,,,,,,,,1,2,1,3,6
200700083233,0007-07-13 09:40:00,7,7,13,9,40,974,411,JAURES (BLD 2 JEAN),,,Plein jour,En agglomération,Hors intersection,Normale,Autre collision,,,,,,,,,,,1,2,1,1,6
200700083234,0007-07-22 13:00:00,7,7,22,13,0,974,411,RN2/043,,,Plein jour,En agglomération,Hors intersection,Normale,Deux véhicules - arrière,,,,,,,,,,,1,2,1,1,2
200700083235,0007-07-24 12:25:00,7,7,24,12,25,974,411,RN2/043,,,Plein jour,En agglomération,Hors intersection,Normale,Deux véhicules - arrière,,,,,,,,,,,1,2,1,1,2
200700083236,0007-07-09 08:50:00,7,7,9,8,50,974,411,"4, GUYON (FELIX)",,,Plein jour,En agglomération,Hors intersection,Normale,Autre collision,,,,,,,,,,,1,2,1,1,6
200700083237,0007-07-18 16:35:00,7,7,18,16,35,974,411,"10, MAGNAN (RUELLE)",,,Plein jour,En agglomération,Hors intersection,Normale,Autre collision,,,,,,,,,,,1,2,1,1,6
200700083238,0007-07-25 09:40:00,7,7,25,9,40,974,411,"ignoré, LECLERC (DU MARE",,,Plein jour,En agglomération,Hors intersection,Normale,Autre collision,,,,,,,,,,,1,2,1,1,6
200700083239,0007-07-01 19:00:00,7,7,1,19,0,974,414,RN01,,,Nuit sans éclairage public,Hors agglomération,Hors intersection,Normale,Deux véhicules - arrière,,,,,,,,,,,3,1,1,1,2
200700083240,0007-07-03 16:10:00,7,7,3,16,10,974,416,"67, LORION(RUE LUC)",,,Plein jour,En agglomération,Hors intersection,Normale,Autre collision,,,,,,,,,,,1,2,1,1,6
200700083241,0007-07-06 10:10:00,7,7,6,10,10,974,416,"105, ARCHAMBAUD",,,Plein jour,En agglomération,Hors intersection,Normale,Trois véhicules et plus - en chaîne,,,,,,,,,,,1,2,1,1,4
200700083242,0007-07-13 12:20:00,7,7,13,12,20,974,414,"SANS, VINCENT CADERBY (R",,,Plein jour,En agglomération,Hors intersection,Normale,Autre collision,,,,,,,,,,,1,2,1,1,6
200700083243,0007-07-13 15:40:00,7,7,13,15,40,974,416,"SANS, MATHAMA GANDHI(RUE",,,Plein jour,En agglomération,Intersection en T,Normale,Deux véhicules - côté,,,,,,,,,,,1,2,3,1,3
200700083244,0007-07-13 18:39:00,7,7,13,18,39,974,414,"34, LECOMTE DE LISLE(RUE",,,Nuit avec éclairage allumé,En agglomération,Hors intersection,Normale,Trois véhicules et plus - en chaîne,,,,,,,,,,,5,2,1,1,4
200700083295,0007-08-18 15:30:00,7,8,18,15,30,972,224,emin communal prospérité,,,Plein jour,Hors agglomération,Hors intersection,Normale,Deux véhicules - côté,,,,,,,,,,,1,1,1,1,3
200700083296,0007-08-16 17:00:00,7,8,16,17,0,972,224,,,,Plein jour,Hors agglomération,Hors intersection,Pluie légère,Trois véhicules et plus - collisions multiples,,,,,,,,,,,1,1,1,2,5
200700083297,0007-08-08 11:15:00,7,8,8,11,15,972,217,,,,Plein jour,Hors agglomération,Hors intersection,Normale,Deux véhicules - frontale,,,,,,,,,,,1,1,1,1,1
200700083298,0007-08-08 18:30:00,7,8,8,18,30,972,221,rue de la Liberté - RN 7,,,Crépuscule ou aube,En agglomération,Intersection en T,Temps couvert,Deux véhicules - côté,,,,,,,,,,,2,2,3,8,3
200700083299,0007-08-04 03:00:00,7,8,4,3,0,972,231,,,,Nuit sans éclairage public,Hors agglomération,Hors intersection,Temps couvert,Autre collision,,,,,,,,,,,3,1,1,8,6
200700083300,0007-08-07 16:00:00,7,8,7,16,0,972,206,,,,Plein jour,Hors agglomération,Hors intersection,Normale,Deux véhicules - côté,,,,,,,,,,,1,1,1,1,3
200700083301,0007-08-10 13:15:00,7,8,10,13,15,972,206,,,,Plein jour,Hors agglomération,Hors intersection,Pluie légère,Sans collision,,,,,,,,,,,1,1,1,2,7
200700083302,0007-08-02 17:45:00,7,8,2,17,45,972,222,quartier gaschette,,,Plein jour,En agglomération,Hors intersection,Normale,Trois véhicules et plus - collisions multiples,,,,,,,,,,,1,2,1,1,5
200700083303,0007-08-09 17:30:00,7,8,9,17,30,972,222,,,,Crépuscule ou aube,Hors agglomération,Hors intersection,Pluie forte,Trois véhicules et plus - collisions multiples,,,,,,,,,,,2,1,1,3,5
200700083304,0007-08-27 17:15:00,7,8,27,17,15,972,222,,,,Plein jour,Hors agglomération,Hors intersection,Normale,Deux véhicules - frontale,,,,,,,,,,,1,1,1,1,1
200700083305,0007-08-06 05:45:00,7,8,6,5,45,972,230,,,,Crépuscule ou aube,Hors agglomération,Hors intersection,Normale,Trois véhicules et plus - collisions multiples,,,,,,,,,,,2,1,1,1,5
200700083306,0007-08-29 16:45:00,7,8,29,16,45,972,228,Avenue Antonin MERCAN,,,Plein jour,En agglomération,Autre intersection,Normale,Deux véhicules - côté,,,,,,,,,,,1,2,9,1,3