accident_id,datetime,annee,mois,jour,heure,minute,departement,commune_insee,adresse,latitude,longitude,luminosite,agglomeration,intersection,meteo,collision,nb_vehicules,nb_usagers,nb_indemnes,nb_tues,nb_blesses_hosp,nb_blesses_legers,age_cond_1,age_cond_2,veh_type_cond_1,veh_type_cond_2,lum_code,agg_code,int_code,atm_code,col_code
200700083683,0007-09-09 19:05:00,7,9,9,19,5,972,213,PAYS MELES,,,Nuit avec éclairage allumé,En agglomération,Intersection en T,Normale,Deux véhicules - frontale,,,,,,,,,,,5,2,3,1,1
200700083684,0007-09-10 09:05:00,7,9,10,9,5,972,209,PAPIN DUPONT (RUE),,,Plein jour,En agglomération,Hors intersection,Normale,Autre collision,,,,,,,,,,,1,2,1,1,6
200700083685,0007-09-15 03:45:00,7,9,15,3,45,972,213,ROUTE NATIONALE 1,,,Nuit sans éclairage public,Hors agglomération,Hors intersection,Normale,Autre collision,,,,,,,,,,,3,1,1,1,6
200700083686,0007-09-21 07:00:00,7,9,21,7,0,972,213,ROUTE DEPARTEMENTALE 3,,,Plein jour,En agglomération,Hors intersection,Normale,Autre collision,,,,,,,,,,,1,2,1,1,6
200700083687,0007-09-30 03:55:00,7,9,30,3,55,972,213,ROUTE NATIONALE 1,,,Nuit sans éclairage public,Hors agglomération,Hors intersection,Normale,Deux véhicules - arrière,,,,,,,,,,,3,1,1,1,2
200700083688,0007-09-30 05:50:00,7,9,30,5,50,972,213,ROUTE NATIONALE 1,,,Nuit sans éclairage public,Hors agglomération,Hors intersection,Normale,Deux véhicules - côté,,,,,,,,,,,3,1,1,1,3
200700083689,0007-09-29 19:50:00,7,9,29,19,50,972,213,ROUTE DEPARTEMENTALE 3,,,Nuit avec éclairage allumé,En agglomération,Intersection en T,Normale,Deux véhicules - frontale,,,,,,,,,,,5,2,3,1,1
200700083690,0007-09-02 19:27:00,7,9,2,19,27,973,302,CABASSOU (ROUTE DE),,,Nuit avec éclairage allumé,Hors agglomération,Intersection en T,Normale,Deux véhicules - côté,,,,,,,,,,,5,1,3,1,3
200700083691,0007-09-07 09:19:00,7,9,7,9,19,973,302,BADUEL (ROUTE DE),,,Plein jour,Hors agglomération,Intersection en T,Normale,Deux véhicules - côté,,,,,,,,,,,1,1,3,1,3
200700083692,0007-09-08 22:45:00,7,9,8,22,45,973,302,"19, GALMOT (AVENUE)",,,Nuit avec éclairage allumé,En agglomération,Hors intersection,Normale,Deux véhicules - côté,,,,,,,,,,,5,2,1,1,3
200700083693,0007-09-07 21:05:00,7,9,7,21,5,973,302,"2529, MONTABO (ROUTE DE)",,,Plein jour,Hors agglomération,Intersection en T,Normale,Deux véhicules - côté,,,,,,,,,,,1,1,3,1,3
200700083694,0007-09-03 11:08:00,7,9,3,11,8,973,302,"1828, MADELEINE (ROUTE D",,,Plein jour,En agglomération,Hors intersection,Normale,Deux véhicules - côté,,,,,,,,,,,1,2,1,1,3
200700083695,0007-09-09 14:25:00,7,9,9,14,25,973,302,MONTABO (ROUTE DE) 1,,,Plein jour,En agglomération,Hors intersection,Normale,Autre collision,,,,,,,,,,,1,2,1,1,6
200700083696,0007-09-09 21:24:00,7,9,9,21,24,973,302,EBOUE (ROCADE FELIX),,,Nuit avec éclairage allumé,Hors agglomération,Hors intersection,Normale,Sans collision,,,,,,,,,,,5,1,1,1,7
200700083697,0007-09-11 07:55:00,7,9,11,7,55,973,302,MADELEINE (ROUTE DE LA),,,Plein jour,En agglomération,Intersection en T,Normale,Deux véhicules - côté,,,,,,,,,,,1,2,3,1,3
200700083698,0007-09-11 13:49:00,7,9,11,13,49,973,302,"205, BADUEL (ROUTE DE)",,,Plein jour,Hors agglomération,Hors intersection,Normale,Deux véhicules - côté,,,,,,,,,,,1,1,1,1,3
200700083699,0007-09-11 08:05:00,7,9,11,8,5,973,302,"19, GALMOT (AVENUE)",,,Plein jour,En agglomération,Hors intersection,Normale,Autre collision,,,,,,,,,,,1,2,1,1,6
200700083700,0007-09-12 10:15:00,7,9,12,10,15,973,302,"471, BADUEL (ROUTE DE)",,,Plein jour,Hors agglomération,Hors intersection,Normale,Deux véhicules - arrière,,,,,,,,,,,1,1,1,1,2
200700083701,0007-09-13 12:25:00,7,9,13,12,25,973,302,MADELEINE (ROND POINT),,,Plein jour,Hors agglomération,Giratoire,Normale,Deux véhicules - côté,,,,,,,,,,,1,1,6,1,3
200700083702,0007-09-14 13:33:00,7,9,14,13,33,973,302,"3101, MONTABO (ROUTE DE)",,,Plein jour,Hors agglomération,Intersection en T,Normale,Deux véhicules - arrière,,,,,,,,,,,1,1,3,1,2
200700083703,0007-09-14 06:46:00,7,9,14,6,46,973,302,"2566, MADELEINE (ROUTE D",,,Plein jour,En agglomération,Intersection en T,Normale,Deux véhicules - côté,,,,,,,,,,,1,2,3,1,3
200700083704,0007-09-17 08:56:00,7,9,17,8,56,973,302,"BT A ET B, MONT LUCAS 1",,,Plein jour,Hors agglomération,Hors intersection,Normale,Deux véhicules - arrière,,,,,,,,,,,1,1,1,1,2
200700083705,0007-09-11 18:00:00,7,9,11,18,0,973,302,"351, ZONE COLLERY I OU I",,,Plein jour,Hors agglomération,Hors intersection,Normale,Deux véhicules - côté,,,,,,,,,,,1,1,1,1,3
200700083706,0007-09-18 23:43:00,7,9,18,23,43,973,302,"69, HEDER (AVENUE LEOPOL",,,Nuit avec éclairage allumé,En agglomération,Hors intersection,Normale,Deux véhicules - arrière,,,,,,,,,,,5,2,1,1,2
200700083707,0007-09-18 06:59:00,7,9,18,6,59,973,302,"17, CABASSOU (ROUTE DE)",,,Plein jour,Hors agglomération,Hors intersection,Normale,Deux véhicules - côté,,,,,,,,,,,1,1,1,1,3
200700083708,0007-09-20 08:00:00,7,9,20,8,0,973,302,"859, ZEPHIR (ROCADE)",,,Plein jour,Hors agglomération,Hors intersection,Normale,Deux véhicules - arrière,,,,,,,,,,,1,1,1,1,2
200700083709,0007-09-20 07:00:00,7,9,20,7,0,973,302,"1610, EBOUE (ROCADE FELI",,,Plein jour,Hors agglomération,Hors intersection,Normale,Deux véhicules - arrière,,,,,,,,,,,1,1,1,1,2
200700083710,0007-09-18 15:14:00,7,9,18,15,14,973,302,"1, MONTABO (ROUTE DE) 1",,,Plein jour,En agglomération,Intersection en T,Normale,Deux véhicules - arrière,,,,,,,,,,,1,2,3,1,2
200700083711,0007-09-20 11:55:00,7,9,20,11,55,973,302,"BT H, MONT LUCAS 1 (CITE",,,Plein jour,Hors agglomération,Hors intersection,Normale,Autre collision,,,,,,,,,,,1,1,1,1,6
200700083712,0007-09-23 19:38:00,7,9,23,19,38,973,302,"107, KET TAI (CARREFOUR)",,,Nuit avec éclairage allumé,En agglomération,Giratoire,Normale,Autre collision,,,,,,,,,,,5,2,6,1,6
200700083713,0007-09-22 21:00:00,7,9,22,21,0,973,302,ROUTE NATIONALE I,,,Nuit avec éclairage allumé,Hors agglomération,Hors intersection,Normale,Deux véhicules - arrière,,,,,,,,,,,5,1,1,1,2
200700083714,0007-09-23 10:22:00,7,9,23,10,22,973,302,CABASSOU (ROUTE DE),,,Plein jour,Hors agglomération,Intersection en T,Normale,Deux véhicules - côté,,,,,,,,,,,1,1,3,1,3
200700083715,0007-09-21 17:00:00,7,9,21,17,0,973,302,"3492, SUZINI (CARREFOUR)",,,Plein jour,Hors agglomération,Intersection à plus de 4 branches,Normale,Deux véhicules - côté,,,,,,,,,,,1,1,5,1,3
200700083716,0007-09-25 18:34:00,7,9,25,18,34,973,302,"28, GRANT (CITE)",,,Crépuscule ou aube,En agglomération,Intersection en T,Normale,Deux véhicules - côté,,,,,,,,,,,2,2,3,1,3
200700083717,0007-09-26 18:40:00,7,9,26,18,40,973,302,EBOUE (ROCADE FELIX),,,Nuit avec éclairage allumé,Hors agglomération,Hors intersection,Normale,Sans collision,,,,,,,,,,,5,1,1,1,7
200700083718,0007-09-26 08:23:00,7,9,26,8,23,973,302,"859, BADUEL (ROUTE DE)",,,Plein jour,Hors agglomération,Giratoire,Normale,Deux véhicules - côté,,,,,,,,,,,1,1,6,1,3
200700083719,0007-09-24 19:25:00,7,9,24,19,25,973,302,TIGRE (ROUTE DU),,,Nuit avec éclairage allumé,En agglomération,Hors intersection,Normale,Deux véhicules - arrière,,,,,,,,,,,5,2,1,1,2
200700083720,0007-09-25 12:49:00,7,9,25,12,49,973,302,"946, MONTABO (ROUTE DE)",,,Plein jour,Hors agglomération,Intersection en T,Normale,Deux véhicules - côté,,,,,,,,,,,1,1,3,1,3
200700083721,0007-09-27 17:05:00,7,9,27,17,5,973,302,MADELEINE (ROUTE DE LA),,,Plein jour,Hors agglomération,Intersection en T,Normale,Deux véhicules - côté,,,,,,,,,,,1,1,3,1,3
200700083722,0007-09-26 12:07:00,7,9,26,12,7,973,302,MADELEINE (ROUTE DE LA),,,Plein jour,Hors agglomération,Intersection en T,Normale,Deux véhicules - côté,,,,,,,,,,,1,1,3,1,3
200700083723,0007-09-27 10:56:00,7,9,27,10,56,973,302,"12, ZEPHIR (ROCADE)",,,Plein jour,Hors agglomération,Intersection en T,Normale,Deux véhicules - frontale,,,,,,,,,,,1,1,3,1,1
200700083724,0007-09-28 21:35:00,7,9,28,21,35,973,302,"24, DIGUE RONJON",,,Nuit sans éclairage public,Hors agglomération,Hors intersection,Normale,Deux véhicules - côté,,,,,,,,,,,3,1,1,1,3
200700083725,0007-09-28 07:03:00,7,9,28,7,3,973,302,"2613, MONTABO (ROUTE DE)",,,Plein jour,Hors agglomération,Hors intersection,Normale,Trois véhicules et plus - collisions multiples,,,,,,,,,,,1,1,1,1,5
200700083726,0007-09-28 07:15:00,7,9,28,7,15,973,302,TARZAN (PISTE),,,Plein jour,Hors agglomération,Hors intersection,Normale,Sans collision,,,,,,,,,,,1,1,1,1,7
200700083727,0007-09-02 07:10:00,7,9,2,7,10,974,407,MAHATMA GANDHY,,,Plein jour,En agglomération,Hors intersection,Normale,Autre collision,,,,,,,,,,,1,2,1,1,6
200700083728,0007-09-02 14:20:00,7,9,2,14,20,974,407,"37, COMMUNE DE PARIS (AV",,,Plein jour,En agglomération,Hors intersection,Normale,Autre collision,,,,,,,,,,,1,2,1,1,6
200700083729,0007-09-08 16:17:00,7,9,8,16,17,974,407,CHEMIN DES ANGLAIS,,,Plein jour,En agglomération,Hors intersection,Normale,Deux véhicules - arrière,,,,,,,,,,,1,2,1,1,2
200700083730,0007-09-11 14:10:00,7,9,11,14,10,974,407,CHERBOURG(RUE),,,Plein jour,En agglomération,Hors intersection,Normale,Deux véhicules - côté,,,,,,,,,,,1,2,1,1,3
200700083731,0007-09-12 12:10:00,7,9,12,12,10,974,407,RUE SULLY PRUD'HOMME,,,Plein jour,En agglomération,Intersection en T,Normale,Deux véhicules - côté,,,,,,,,,,,1,2,3,1,3
200700083732,0007-09-12 12:50:00,7,9,12,12,50,974,407,OWENS JAMES,,,Plein jour,En agglomération,Intersection en T,Normale,Deux véhicules - côté,,,,,,,,,,,1,2,3,1,3
200700083733,0007-09-16 15:15:00,7,9,16,15,15,974,407,ROUTE NATIONALE N° 1,,,Plein jour,Hors agglomération,Hors intersection,Pluie légère,Sans collision,,,,,,,,,,,1,1,1,2,7
200700083734,0007-09-16 16:50:00,7,9,16,16,50,974,407,RUE BELLA KUN,,,Plein jour,En agglomération,Hors intersection,Pluie légère,Sans collision,,,,,,,,,,,1,2,1,2,7
200700083735,0007-09-17 10:50:00,7,9,17,10,50,974,407,"21, VERGES(AVENUE)",,,Plein jour,En agglomération,Hors intersection,Normale,Deux véhicules - arrière,,,,,,,,,,,1,2,1,1,2
200700083736,0007-09-24 12:15:00,7,9,24,12,15,974,407,AJACCIO(RUE),,,Plein jour,En agglomération,Hors intersection,Normale,Autre collision,,,,,,,,,,,1,2,1,1,6
200700083737,0007-09-26 05:30:00,7,9,26,5,30,974,407,ROUTE NATIONALE N° 1,,,Crépuscule ou aube,Hors agglomération,Hors intersection,Normale,Autre collision,,,,,,,,,,,2,1,1,1,6
200700083738,0007-09-26 17:10:00,7,9,26,17,10,974,407,ROND POINT TITAN,,,Plein jour,En agglomération,Giratoire,Normale,Deux véhicules - arrière,,,,,,,,,,,1,2,6,1,2
200700083739,0007-09-23 04:50:00,7,9,23,4,50,974,409,"556, ILE DE FRANCE(AVENU",,,Nuit avec éclairage allumé,En agglomération,Hors intersection,Normale,Autre collision,,,,,,,,,,,5,2,1,1,6
200700083740,0007-09-07 10:30:00,7,9,7,10,30,974,411,"87, LATTRE DE TASSIGNY (",,,Plein jour,En agglomération,Hors intersection,Normale,Deux véhicules - arrière,,,,,,,,,,,1,2,1,1,2
200700083741,0007-09-05 05:40:00,7,9,5,5,40,974,411,JAURES (BOULEVARD JEAN),,,Nuit sans éclairage public,En agglomération,Hors intersection,Normale,Autre collision,,,,,,,,,,,3,2,1,1,6
200700083742,0007-09-04 11:00:00,7,9,4,11,0,974,411,"28, NOTRE DAME DE LA TRI",,,Plein jour,En agglomération,Hors intersection,Normale,Deux véhicules - côté,,,,,,,,,,,1,2,1,1,3
200700083743,0007-09-13 07:40:00,7,9,13,7,40,974,411,"214, MACE (CHEMIN GABRIE",,,Plein jour,En agglomération,Hors intersection,Pluie légère,Deux véhicules - côté,,,,,,,,,,,1,2,1,2,3
200700083744,0007-09-10 11:15:00,7,9,10,11,15,974,411,"1, CASSIN (AVENUE RENE)",,,Plein jour,En agglomération,Hors intersection,Normale,Autre collision,,,,,,,,,,,1,2,1,1,6
200700083745,0007-09-16 18:30:00,7,9,16,18,30,974,411,"1, BOIS DE NEFLES (ROUTE",,,Nuit avec éclairage allumé,En agglomération,Intersection en T,Normale,Deux véhicules - côté,,,,,,,,,,,5,2,3,1,3
200700083746,0007-09-22 19:30:00,7,9,22,19,30,974,411,"5, GERANIUMS (CHEMIN DES",,,Nuit avec éclairage allumé,Hors agglomération,Hors intersection,Normale,Deux véhicules - frontale,,,,,,,,,,,5,1,1,1,1
200700083747,0007-09-22 21:20:00,7,9,22,21,20,974,411,"35, STADE DE L'EST (RUE",,,Nuit avec éclairage allumé,Hors agglomération,Hors intersection,Normale,Deux véhicules - côté,,,,,,,,,,,5,1,1,1,3
200700083748,0007-09-21 05:15:00,7,9,21,5,15,974,411,"45, MALARTIC (RUE)",,,Nuit avec éclairage allumé,En agglomération,Intersection en T,Pluie légère,Deux véhicules - côté,,,,,,,,,,,5,2,3,2,3
200700083749,0007-09-18 17:43:00,7,9,18,17,43,974,411,"10, BRASSENS (AVENUE GEO",,,Plein jour,Hors agglomération,Hors intersection,Normale,Deux véhicules - côté,,,,,,,,,,,1,1,1,1,3
200700083750,0007-09-25 13:50:00,7,9,25,13,50,974,411,"45, PASTEUR (RUE)",,,Plein jour,En agglomération,Hors intersection,Normale,Deux véhicules - côté,,,,,,,,,,,1,2,1,1,3
200700083751,0007-09-26 16:50:00,7,9,26,16,50,974,411,"115, CANAL (CHEMIN DU GR",,,Plein jour,Hors agglomération,Hors intersection,Normale,Deux véhicules - côté,,,,,,,,,,,1,1,1,1,3
200700083752,0007-09-28 07:05:00,7,9,28,7,5,974,411,"10, HOARAU (RUE MARCEL)",,,Plein jour,En agglomération,Hors intersection,Normale,Trois véhicules et plus - en chaîne,,,,,,,,,,,1,2,1,1,4
200700083753,0007-09-13 18:19:00,7,9,13,18,19,974,411,"12, LATTRE DE TASSIGNY (",,,Nuit avec éclairage allumé,En agglomération,Hors intersection,Normale,Deux véhicules - arrière,,,,,,,,,,,5,2,1,1,2
200700083754,0007-09-09 15:17:00,7,9,9,15,17,974,411,JAURES (BLD 2 JEAN),,,Plein jour,En agglomération,Hors intersection,Normale,Sans collision,,,,,,,,,,,1,2,1,1,7
200700083755,0007-09-06 17:07:00,7,9,6,17,7,974,411,JAURES (BLD 1 JEAN),,,Plein jour,Hors agglomération,Hors intersection,Normale,Deux véhicules - côté,,,,,,,,,,,1,1,1,1,3
200700083756,0007-09-06 16:33:00,7,9,6,16,33,974,411,MACE (BOULEVARD GABRIEL),,,Plein jour,En agglomération,Hors intersection,Normale,Deux véhicules - côté,,,,,,,,,,,1,2,1,1,3
200700083757,0007-09-28 11:35:00,7,9,28,11,35,974,411,"11, GOLF (ALLEE DU)",,,Plein jour,Hors agglomération,Hors intersection,Normale,Deux véhicules - côté,,,,,,,,,,,1,1,1,1,3
200700083758,0007-09-23 04:39:00,7,9,23,4,39,974,411,"10, VAUBAN (BOULEVARD)",,,Nuit avec éclairage allumé,Hors agglomération,Hors intersection,Normale,Deux véhicules - arrière,,,,,,,,,,,5,1,1,1,2
200700083759,0007-09-05 09:40:00,7,9,5,9,40,974,416,"86, DONAT(RUE LUC)",,,Plein jour,En agglomération,Hors intersection,Normale,Autre collision,,,,,,,,,,,1,2,1,1,6
200700083760,0007-09-06 02:45:00,7,9,6,2,45,974,416,RN03,,,Nuit sans éclairage public,Hors agglomération,Hors intersection,Normale,Sans collision,,,,,,,,,,,3,1,1,1,7
200700083761,0007-09-07 14:20:00,7,9,7,14,20,974,416,"120, LEBLOND(RUE M. ET A",,,Plein jour,En agglomération,Hors intersection,Normale,Deux véhicules - côté,,,,,,,,,,,1,2,1,1,3
200700083762,0007-09-12 08:40:00,7,9,12,8,40,974,416,LEBLOND(RUE M. ET A.),,,Plein jour,En agglomération,Intersection en T,Normale,Deux véhicules - côté,,,,,,,,,,,1,2,3,1,3
200700083805,0007-01-04 13:05:00,7,1,4,13,5,973,302,"1165, BADUEL (ROUTE DE)",,,Plein jour,En agglomération,Hors intersection,Normale,Autre collision,,,,,,,,,,,1,2,1,1,6
200700083806,0007-01-05 13:10:00,7,1,5,13,10,973,302,FLAMBOYANTS (RUE DES),,,Plein jour,En agglomération,Hors intersection,Normale,Deux véhicules - arrière,,,,,,,,,,,1,2,1,1,2
200700083807,0007-01-05 21:50:00,7,1,5,21,50,973,302,"34, THEMIRE (CITE)",,,Nuit avec éclairage allumé,En agglomération,Hors intersection,Normale,Deux véhicules - arrière,,,,,,,,,,,5,2,1,1,2
200700083808,0007-01-16 13:27:00,7,1,16,13,27,973,302,"1503, RABAN (ROUTE DE)",,,Plein jour,Hors agglomération,Hors intersection,Normale,Autre collision,,,,,,,,,,,1,1,1,1,6
200700083809,0007-01-24 01:07:00,7,1,24,1,7,973,302,BRUTUS (CITE),,,Nuit avec éclairage allumé,En agglomération,Hors intersection,Normale,Sans collision,,,,,,,,,,,5,2,1,1,7
200700083810,0007-01-25 08:00:00,7,1,25,8,0,973,302,"19, SCHOELCHER (RUE)",,,Plein jour,En agglomération,Hors intersection,Normale,Deux véhicules - arrière,,,,,,,,,,,1,2,1,1,2
200700083811,0007-02-14 08:50:00,7,2,14,8,50,973,302,MONTABO (ROUTE DE) 1,,,Plein jour,En agglomération,Hors intersection,Normale,Deux véhicules - frontale,,,,,,,,,,,1,2,1,1,1
200700083812,0007-02-11 13:04:00,7,2,11,13,4,973,302,MANGO (ROUTE),,,Plein jour,En agglomération,Hors intersection,Normale,Autre collision,,,,,,,,,,,1,2,1,1,6
200700083813,0007-02-08 17:40:00,7,2,8,17,40,973,302,BADUEL (ROUTE DE),,,Plein jour,En agglomération,Hors intersection,Normale,Deux véhicules - côté,,,,,,,,,,,1,2,1,1,3
200700083814,0007-02-13 16:52:00,7,2,13,16,52,973,302,ZEPHIR (ROCADE),,,Plein jour,En agglomération,Hors intersection,Normale,Trois véhicules et plus - en chaîne,,,,,,,,,,,1,2,1,1,4
200700083815,0007-02-14 19:00:00,7,2,14,19,0,973,302,"4040, MONTABO (ROUTE DE)",,,Nuit avec éclairage allumé,En agglomération,Hors intersection,Normale,Deux véhicules - côté,,,,,,,,,,,5,2,1,1,3
200700083816,0007-03-30 07:38:00,7,3,30,7,38,973,302,MONTABO (ROUTE DE) 3,,,Plein jour,Hors agglomération,Hors intersection,Pluie légère,Deux véhicules - côté,,,,,,,,,,,1,1,1,2,3
200700083817,0007-05-11 12:47:00,7,5,11,12,47,973,302,REPUBLIQUE (BD DE LA),,,Plein jour,En agglomération,Hors intersection,Pluie légère,Deux véhicules - arrière,,,,,,,,,,,1,2,1,2,2
200700083818,0007-10-02 13:00:00,7,10,2,13,0,972,205,,,,Plein jour,Hors agglomération,Hors intersection,Normale,Deux véhicules - frontale,,,,,,,,,,,1,1,1,1,1
200700083819,0007-10-09 20:15:00,7,10,9,20,15,972,210,,,,Nuit sans éclairage public,Hors agglomération,Hors intersection,Normale,Deux véhicules - frontale,,,,,,,,,,,3,1,1,1,1
200700083820,0007-10-17 07:00:00,7,10,17,7,0,972,210,Quartier Bois d'Inde,,,Plein jour,En agglomération,Hors intersection,Normale,Deux véhicules - frontale,,,,,,,,,,,1,2,1,1,1
200700083821,0007-10-29 12:15:00,7,10,29,12,15,972,210,,,,Plein jour,Hors agglomération,Hors intersection,Normale,Deux véhicules - frontale,,,,,,,,,,,1,1,1,1,1
200700083822,0007-10-19 06:45:00,7,10,19,6,45,972,207,,,,Plein jour,Hors agglomération,Autre intersection,Temps couvert,Deux véhicules - arrière,,,,,,,,,,,1,1,9,8,2
200700083823,0007-10-08 15:00:00,7,10,8,15,0,972,220,,,,Plein jour,Hors agglomération,Hors intersection,Normale,Trois véhicules et plus - collisions multiples,,,,,,,,,,,1,1,1,1,5
200700083824,0007-10-12 20:45:00,7,10,12,20,45,972,220,,,,Nuit sans éclairage public,En agglomération,Hors intersection,Normale,Deux véhicules - côté,,,,,,,,,,,3,2,1,1,3
200700083825,0007-10-27 13:15:00,7,10,27,13,15,972,220,Quartier régale,,,Plein jour,En agglomération,Hors intersection,Normale,Deux véhicules - côté,,,,,,,,,,,1,2,1,1,3
200700083826,0007-10-23 07:30:00,7,10,23,7,30,972,221,RN5,,,Plein jour,En agglomération,Hors intersection,Normale,Deux véhicules - arrière,,,,,,,,,,,1,2,1,1,2
200700083827,0007-10-02 08:45:00,7,10,2,8,45,972,231,,,,Plein jour,Hors agglomération,Hors intersection,Normale,Deux véhicules - frontale,,,,,,,,,,,1,1,1,1,1
200700083828,0007-10-12 13:30:00,7,10,12,13,30,972,206,quartier CHALOPIN,,,Plein jour,En agglomération,Hors intersection,Normale,Sans collision,,,,,,,,,,,1,2,1,1,7
200700083829,0007-10-29 22:00:00,7,10,29,22,0,972,230,avenue des raisiniers,,,Nuit sans éclairage public,En agglomération,Hors intersection,Normale,Deux véhicules - frontale,,,,,,,,,,,3,2,1,1,1
200700083830,0007-10-27 05:15:00,7,10,27,5,15,972,222,,,,Nuit sans éclairage public,Hors agglomération,Hors intersection,Pluie légère,Deux véhicules - frontale,,,,,,,,,,,3,1,1,2,1
200700083831,0007-10-05 14:15:00,7,10,5,14,15,972,212,,,,Plein jour,Hors agglomération,Hors intersection,Pluie légère,Deux véhicules - côté,,,,,,,,,,,1,1,1,2,3
200700083832,0007-10-06 16:00:00,7,10,6,16,0,972,228,Derrière Morne - PK 29,,,Plein jour,En agglomération,Hors intersection,Normale,Deux véhicules - côté,,,,,,,,,,,1,2,1,1,3
200700083833,0007-10-25 07:00:00,7,10,25,7,0,971,106,,,,Plein jour,Hors agglomération,Hors intersection,Normale,Autre collision,,,,,,,,,,,1,1,1,1,6
200700083834,0007-10-23 12:00:00,7,10,23,12,0,971,111,,,,Plein jour,Hors agglomération,Hors intersection,Pluie légère,Deux véhicules - frontale,,,,,,,,,,,1,1,1,2,1
200700083835,0007-10-11 11:30:00,7,10,11,11,30,971,109,,,,Plein jour,Hors agglomération,Hors intersection,Normale,Sans collision,,,,,,,,,,,1,1,1,1,7
200700083836,0007-10-13 12:00:00,7,10,13,12,0,971,107,Ilet Pérou RN1 à CBE,,,Plein jour,En agglomération,Hors intersection,Normale,Deux véhicules - frontale,,,,,,,,,,,1,2,1,1,1
200700083837,0007-10-30 21:15:00,7,10,30,21,15,971,114,résidence les surelles,,,Nuit avec éclairage allumé,En agglomération,Hors intersection,Normale,Deux véhicules - frontale,,,,,,,,,,,5,2,1,1,1
200700083838,0007-10-21 13:30:00,7,10,21,13,30,971,127,,,,Plein jour,Hors agglomération,Hors intersection,Normale,Sans collision,,,,,,,,,,,1,1,1,1,7
200700083839,0007-10-01 01:15:00,7,10,1,1,15,971,115,,,,Nuit sans éclairage public,Hors agglomération,Hors intersection,Normale,Autre collision,,,,,,,,,,,3,1,1,1,6
200700083840,0007-10-05 07:15:00,7,10,5,7,15,971,115,section vincent,,,Plein jour,Hors agglomération,Hors intersection,Normale,Deux véhicules - côté,,,,,,,,,,,1,1,1,1,3
200700083841,0007-10-24 20:45:00,7,10,24,20,45,971,115,,,,Nuit sans éclairage public,Hors agglomération,Hors intersection,Normale,Deux véhicules - côté,,,,,,,,,,,3,1,1,1,3
200700083842,0007-10-01 07:15:00,7,10,1,7,15,971,129,,,,Plein jour,Hors agglomération,Hors intersection,Normale,Trois véhicules et plus - en chaîne,,,,,,,,,,,1,1,1,1,4
200700083843,0007-10-11 04:00:00,7,10,11,4,0,971,117,20+200 - Section Duteau,,,Nuit sans éclairage public,Hors agglomération,Hors intersection,Normale,Autre collision,,,,,,,,,,,3,1,1,1,6
200700083844,0007-10-23 09:00:00,7,10,23,9,0,971,117,LA BAIE DU MOULE,,,Plein jour,En agglomération,Hors intersection,Normale,Autre collision,,,,,,,,,,,1,2,1,1,6
200700083845,0007-10-18 13:45:00,7,10,18,13,45,971,125,les raisins clairs,,,Plein jour,En agglomération,Hors intersection,Temps éblouissant,Deux véhicules - côté,,,,,,,,,,,1,2,1,7,3
200700083846,0007-10-05 07:00:00,7,10,5,7,0,971,128,,,,Plein jour,Hors agglomération,Hors intersection,Normale,Deux véhicules - frontale,,,,,,,,,,,1,1,1,1,1
200700083847,0007-10-21 17:45:00,7,10,21,17,45,971,128,carrefour rue de la plag,,,Nuit avec éclairage non allumé,En agglomération,Hors intersection,Normale,Trois véhicules et plus - collisions multiples,,,,,,,,,,,4,2,1,1,5
200700083848,0007-10-23 20:15:00,7,10,23,20,15,971,128,,,,Nuit sans éclairage public,Hors agglomération,Hors intersection,Temps couvert,Autre collision,,,,,,,,,,,3,1,1,8,6
200700083849,0007-10-03 14:00:00,7,10,3,14,0,971,116,,,,Plein jour,Hors agglomération,Hors intersection,Normale,Deux véhicules - frontale,,,,,,,,,,,1,1,1,1,1
200700083850,0007-10-03 21:45:00,7,10,3,21,45,971,116,,,,Nuit sans éclairage public,Hors agglomération,Hors intersection,Normale,Autre collision,,,,,,,,,,,3,1,1,1,6
200700083851,0007-10-01 14:45:00,7,10,1,14,45,973,307,35 CHEMIN DE LA LEVEE,,,Plein jour,En agglomération,Hors intersection,Normale,Deux véhicules - côté,,,,,,,,,,,1,2,1,1,3
200700083852,0007-10-04 06:00:00,7,10,4,6,0,973,307,,,,Crépuscule ou aube,Hors agglomération,Hors intersection,Normale,Sans collision,,,,,,,,,,,2,1,1,1,7
200700083853,0007-10-04 16:00:00,7,10,4,16,0,973,307,,,,Plein jour,Hors agglomération,Hors intersection,Normale,Deux véhicules - côté,,,,,,,,,,,1,1,1,1,3
200700083854,0007-10-14 05:15:00,7,10,14,5,15,973,307,,,,Nuit sans éclairage public,Hors agglomération,Hors intersection,Normale,Deux véhicules - frontale,,,,,,,,,,,3,1,1,1,1
200700083855,0007-10-10 18:30:00,7,10,10,18,30,973,307,,,,Nuit sans éclairage public,Hors agglomération,Hors intersection,Normale,Deux véhicules - arrière,,,,,,,,,,,3,1,1,1,2
200700083856,0007-10-15 19:45:00,7,10,15,19,45,973,307,,,,Nuit avec éclairage allumé,Hors agglomération,Hors intersection,Normale,Deux véhicules - frontale,,,,,,,,,,,5,1,1,1,1
200700083857,0007-10-01 20:45:00,7,10,1,20,45,973,305,PK26 - bourg de Tonate,,,Nuit avec éclairage allumé,En agglomération,Hors intersection,Normale,Deux véhicules - frontale,,,,,,,,,,,5,2,1,1,1