accident_id,datetime,annee,mois,jour,heure,minute,departement,commune_insee,adresse,latitude,longitude,luminosite,agglomeration,intersection,meteo,collision,nb_vehicules,nb_usagers,nb_indemnes,nb_tues,nb_blesses_hosp,nb_blesses_legers,age_cond_1,age_cond_2,veh_type_cond_1,veh_type_cond_2,lum_code,agg_code,int_code,atm_code,col_code
200700084019,0007-10-29 16:45:00,7,10,29,16,45,973,302,"79, MORTIN (CITE)",,,Plein jour,En agglomération,Hors intersection,Normale,Deux véhicules - côté,,,,,,,,,,,1,2,1,1,3
200700084020,0007-10-02 16:55:00,7,10,2,16,55,974,407,SAND GEORGES(RUE),,,Plein jour,En agglomération,Hors intersection,Normale,Deux véhicules - arrière,,,,,,,,,,,1,2,1,1,2
200700084021,0007-10-03 06:50:00,7,10,3,6,50,974,407,ROND POINT SACRE COEUR,,,Plein jour,Hors agglomération,Giratoire,Normale,Deux véhicules - côté,,,,,,,,,,,1,1,6,1,3
200700084022,0007-10-03 07:44:00,7,10,3,7,44,974,407,RUE THEODORE DROUET,,,Plein jour,En agglomération,Hors intersection,Normale,Deux véhicules - côté,,,,,,,,,,,1,2,1,1,3
200700084023,0007-10-04 18:10:00,7,10,4,18,10,974,407,"53, DE GAULLE(RUE)",,,Plein jour,En agglomération,Intersection en T,Normale,Deux véhicules - côté,,,,,,,,,,,1,2,3,1,3
200700084024,0007-10-06 13:20:00,7,10,6,13,20,974,407,POLITZER(AVENUE),,,Plein jour,En agglomération,Intersection en T,Normale,Deux véhicules - côté,,,,,,,,,,,1,2,3,1,3
200700084025,0007-10-06 19:15:00,7,10,6,19,15,974,407,ROUTE DU SACRE COEUR,,,Nuit sans éclairage public,Hors agglomération,Hors intersection,Normale,Deux véhicules - arrière,,,,,,,,,,,3,1,1,1,2
200700084026,0007-10-09 08:15:00,7,10,9,8,15,974,407,RUE THEODORE DROUET,,,Plein jour,Hors agglomération,Hors intersection,Normale,Deux véhicules - frontale,,,,,,,,,,,1,1,1,1,1
200700084027,0007-10-10 06:30:00,7,10,10,6,30,974,407,ROND POINT SACRE COEUR,,,Plein jour,Hors agglomération,Giratoire,Normale,Deux véhicules - côté,,,,,,,,,,,1,1,6,1,3
200700084028,0007-10-11 16:54:00,7,10,11,16,54,974,407,"02, RUE DE LA BRECHE",,,Plein jour,En agglomération,Hors intersection,Normale,Autre collision,,,,,,,,,,,1,2,1,1,6
200700084029,0007-10-12 15:45:00,7,10,12,15,45,974,407,RUE JACQUES PREVERT,,,Plein jour,En agglomération,Hors intersection,Normale,Deux véhicules - arrière,,,,,,,,,,,1,2,1,1,2
200700084030,0007-10-13 14:00:00,7,10,13,14,0,974,407,ROUTE NATIONALE N° 1,,,Plein jour,Hors agglomération,Hors intersection,Normale,Autre collision,,,,,,,,,,,1,1,1,1,6
200700084031,0007-10-15 19:30:00,7,10,15,19,30,974,407,"16, RUE JASQUES DUCLOS",,,Nuit sans éclairage public,En agglomération,Hors intersection,Normale,Deux véhicules - arrière,,,,,,,,,,,3,2,1,1,2
200700084032,0007-10-20 05:00:00,7,10,20,5,0,974,407,ROUTE DU SACRE COEUR,,,Crépuscule ou aube,Hors agglomération,Hors intersection,Normale,Autre collision,,,,,,,,,,,2,1,1,1,6
200700084033,0007-10-22 14:40:00,7,10,22,14,40,974,407,ROUTE DU SACRE COEUR,,,Plein jour,Hors agglomération,Hors intersection,Pluie légère,Autre collision,,,,,,,,,,,1,1,1,2,6
200700084034,0007-10-23 12:30:00,7,10,23,12,30,974,407,ROUTE DU SACRE COEUR,,,Plein jour,En agglomération,Intersection en X,Pluie légère,Deux véhicules - côté,,,,,,,,,,,1,2,2,2,3
200700084035,0007-10-30 18:10:00,7,10,30,18,10,974,407,"2, POLITZER(AVENUE)",,,Crépuscule ou aube,En agglomération,Hors intersection,Normale,Autre collision,,,,,,,,,,,2,2,1,1,6
200700084036,0007-10-03 13:55:00,7,10,3,13,55,974,411,PARIS (RUE DE),,,Plein jour,En agglomération,Hors intersection,Normale,Deux véhicules - côté,,,,,,,,,,,1,2,1,1,3
200700084037,0007-10-10 06:20:00,7,10,10,6,20,974,411,MARIE (RUE SAINTE),,,Plein jour,En agglomération,Intersection en X,Normale,Deux véhicules - côté,,,,,,,,,,,1,2,2,1,3
200700084038,0007-10-16 16:10:00,7,10,16,16,10,974,411,RN2/043,,,Plein jour,En agglomération,Hors intersection,Normale,Deux véhicules - côté,,,,,,,,,,,1,2,1,1,3
200700084039,0007-10-17 11:30:00,7,10,17,11,30,974,411,"71, WAGNER (AVENUE RICHA",,,Plein jour,En agglomération,Hors intersection,Normale,Autre collision,,,,,,,,,,,1,2,1,1,6
200700084040,0007-10-17 12:10:00,7,10,17,12,10,974,411,PARIS (RUE DE),,,Plein jour,En agglomération,Intersection en T,Normale,Autre collision,,,,,,,,,,,1,2,3,1,6
200700084041,0007-10-22 15:50:00,7,10,22,15,50,974,411,"44, AUBER (RUE JULES)",,,Plein jour,En agglomération,Hors intersection,Pluie légère,Autre collision,,,,,,,,,,,1,2,1,2,6
200700084042,0007-10-27 18:20:00,7,10,27,18,20,974,411,"123, NEUF (CHEMIN)",,,Crépuscule ou aube,En agglomération,Hors intersection,Normale,Trois véhicules et plus - collisions multiples,,,,,,,,,,,2,2,1,1,5
200700084043,0007-10-27 05:40:00,7,10,27,5,40,974,411,LITTORAL (ROUTE 1 DU),,,Crépuscule ou aube,Hors agglomération,Hors intersection,Normale,Trois véhicules et plus - en chaîne,,,,,,,,,,,2,1,1,1,4
200700084044,0007-10-16 12:00:00,7,10,16,12,0,974,411,PROVIDENCE (BOULEVARD DE,,,Plein jour,En agglomération,Hors intersection,Normale,Autre collision,,,,,,,,,,,1,2,1,1,6
200700084045,0007-10-31 11:10:00,7,10,31,11,10,974,411,"16, BRASSENS (AVENUE GEO",,,Plein jour,En agglomération,Hors intersection,Normale,Autre collision,,,,,,,,,,,1,2,1,1,6
200700084046,0007-10-31 16:25:00,7,10,31,16,25,974,411,RIVIERE DES PLUIES (ROUT,,,Plein jour,En agglomération,Hors intersection,Normale,Deux véhicules - frontale,,,,,,,,,,,1,2,1,1,1
200700084047,0007-10-01 17:05:00,7,10,1,17,5,974,411,"75, LECONTE DE LISLE (AV",,,Plein jour,En agglomération,Hors intersection,Normale,Deux véhicules - côté,,,,,,,,,,,1,2,1,1,3
200700084048,0007-10-02 11:00:00,7,10,2,11,0,974,411,LECLERC (DU MARECHAL),,,Plein jour,En agglomération,Hors intersection,Normale,Autre collision,,,,,,,,,,,1,2,1,1,6
200700084049,0007-10-01 07:35:00,7,10,1,7,35,974,411,"1, PITEL (RUE)",,,Plein jour,En agglomération,Hors intersection,Normale,Autre collision,,,,,,,,,,,1,2,1,1,6
200700084050,0007-10-03 06:57:00,7,10,3,6,57,974,411,"53, NOTRE DAME DE LA TRI",,,Plein jour,En agglomération,Hors intersection,Normale,Autre collision,,,,,,,,,,,1,2,1,1,6
200700084051,0007-10-04 15:23:00,7,10,4,15,23,974,411,"27, GUYON (FELIX)",,,Plein jour,En agglomération,Hors intersection,Normale,Autre collision,,,,,,,,,,,1,2,1,1,6
200700084052,0007-10-06 21:29:00,7,10,6,21,29,974,411,"1, MONTAGNE (ROUTE DE LA",,,Plein jour,En agglomération,Hors intersection,Normale,Autre collision,,,,,,,,,,,1,2,1,1,6
200700084053,0007-10-09 14:50:00,7,10,9,14,50,974,411,"1, ROCHE ECRITE (BOULEVA",,,Plein jour,En agglomération,Hors intersection,Normale,Autre collision,,,,,,,,,,,1,2,1,1,6
200700084054,0007-10-11 19:33:00,7,10,11,19,33,974,411,"1, RAMBAUD (LEOPOLD)",,,Plein jour,En agglomération,Hors intersection,Normale,Autre collision,,,,,,,,,,,1,2,1,1,6
200700084055,0007-10-12 16:25:00,7,10,12,16,25,974,411,"4, JAURES (BLD 1 JEAN)",,,Plein jour,En agglomération,Hors intersection,Normale,Autre collision,,,,,,,,,,,1,2,1,1,6
200700084056,0007-10-14 16:45:00,7,10,14,16,45,974,411,"1, TADAR (RUELLE)",,,Plein jour,En agglomération,Hors intersection,Normale,Autre collision,,,,,,,,,,,1,2,1,1,6
200700084057,0007-10-17 16:05:00,7,10,17,16,5,974,411,BOIS DE NEFLES (ROUTE DE,,,Plein jour,En agglomération,Hors intersection,Normale,Deux véhicules - côté,,,,,,,,,,,1,2,1,1,3
200700084058,0007-10-24 06:30:00,7,10,24,6,30,974,411,MONTAGNE (ROUTE DE LA),,,Crépuscule ou aube,Hors agglomération,Hors intersection,Normale,Deux véhicules - arrière,,,,,,,,,,,2,1,1,1,2
200700084059,0007-10-24 14:25:00,7,10,24,14,25,974,411,"1, RAMBAUD (LEOPOLD)",,,Plein jour,En agglomération,Hors intersection,Normale,Deux véhicules - arrière,,,,,,,,,,,1,2,1,1,2
200700084060,0007-10-24 17:00:00,7,10,24,17,0,974,411,MONTAGNE (ROUTE DE LA),,,Plein jour,En agglomération,Hors intersection,Normale,Deux véhicules - côté,,,,,,,,,,,1,2,1,1,3
200700084061,0007-10-26 02:20:00,7,10,26,2,20,974,411,"19, FURCREAS (CHEMIN DES",,,Nuit avec éclairage allumé,En agglomération,Hors intersection,Normale,Autre collision,,,,,,,,,,,5,2,1,1,6
200700084062,0007-10-26 06:50:00,7,10,26,6,50,974,411,"1, DORET 1 (BOULEVARD)",,,Plein jour,En agglomération,Hors intersection,Normale,Sans collision,,,,,,,,,,,1,2,1,1,7
200700084063,0007-10-28 10:50:00,7,10,28,10,50,974,411,"2, MAUSOLEE (RUELLE)",,,Plein jour,En agglomération,Hors intersection,Normale,Autre collision,,,,,,,,,,,1,2,1,1,6
200700084064,0007-10-30 13:10:00,7,10,30,13,10,974,411,"5, SOURCE (RUE DE LA)",,,Plein jour,En agglomération,Hors intersection,Normale,Autre collision,,,,,,,,,,,1,2,1,1,6
200700084065,0007-10-02 07:20:00,7,10,2,7,20,974,416,MAHY(RUE F DE),,,Plein jour,En agglomération,Intersection en T,Normale,Deux véhicules - côté,,,,,,,,,,,1,2,3,1,3
200700084066,0007-10-06 00:01:00,7,10,6,0,1,974,416,"140, PRESIDENT MITTERAND",,,Nuit avec éclairage allumé,En agglomération,Hors intersection,Normale,Deux véhicules - côté,,,,,,,,,,,5,2,1,1,3
200700084067,0007-10-07 09:40:00,7,10,7,9,40,974,416,HUBERT DE LISLE(BOULEVAR,,,Plein jour,En agglomération,Hors intersection,Normale,Autre collision,,,,,,,,,,,1,2,1,1,6
200700084068,0007-10-08 16:25:00,7,10,8,16,25,974,416,"73, SUFFREN(RUE)",,,Plein jour,En agglomération,Hors intersection,Normale,Trois véhicules et plus - en chaîne,,,,,,,,,,,1,2,1,1,4
200700084069,0007-10-12 12:25:00,7,10,12,12,25,974,416,"SANS, BANK(BOULEVARD)",,,Plein jour,En agglomération,Hors intersection,Normale,Deux véhicules - arrière,,,,,,,,,,,1,2,1,1,2
200700084070,0007-10-24 10:55:00,7,10,24,10,55,974,416,"SANS, HUBERT DE LISLE(BO",,,Plein jour,En agglomération,Intersection en T,Normale,Deux véhicules - côté,,,,,,,,,,,1,2,3,1,3
200700084071,0007-10-30 16:50:00,7,10,30,16,50,974,416,"39, GEORGES MOY DE LA CR",,,Plein jour,En agglomération,Hors intersection,Normale,Autre collision,,,,,,,,,,,1,2,1,1,6
200700084072,0007-10-31 19:35:00,7,10,31,19,35,974,416,"SANS, HUBERT DE LISLE(BO",,,Nuit avec éclairage allumé,En agglomération,Hors intersection,Normale,Deux véhicules - arrière,,,,,,,,,,,5,2,1,1,2
200700084114,0007-11-22 23:45:00,7,11,22,23,45,972,229,route de Terreville,,,Nuit avec éclairage allumé,En agglomération,Hors intersection,Normale,Autre collision,,,,,,,,,,,5,2,1,1,6
200700084115,0007-11-14 14:15:00,7,11,14,14,15,972,225,,,,Plein jour,Hors agglomération,Hors intersection,Normale,Deux véhicules - côté,,,,,,,,,,,1,1,1,1,3
200700084116,0007-11-20 07:15:00,7,11,20,7,15,972,225,,,,Plein jour,Hors agglomération,Hors intersection,Normale,Autre collision,,,,,,,,,,,1,1,1,1,6
200700084117,0007-11-15 20:00:00,7,11,15,20,0,972,210,,,,Nuit sans éclairage public,Hors agglomération,Hors intersection,Normale,Deux véhicules - côté,,,,,,,,,,,3,1,1,1,3
200700084118,0007-11-17 04:30:00,7,11,17,4,30,972,210,,,,Nuit sans éclairage public,Hors agglomération,Hors intersection,Normale,Deux véhicules - frontale,,,,,,,,,,,3,1,1,1,1
200700084119,0007-11-20 16:15:00,7,11,20,16,15,972,210,,,,Plein jour,Hors agglomération,Hors intersection,Normale,Deux véhicules - côté,,,,,,,,,,,1,1,1,1,3
200700084120,0007-11-22 17:15:00,7,11,22,17,15,972,207,Morne-Vert - 97224 DUCOS,,,Plein jour,En agglomération,Hors intersection,Normale,Deux véhicules - frontale,,,,,,,,,,,1,2,1,1,1
200700084121,0007-11-04 03:00:00,7,11,4,3,0,972,221,,,,Nuit sans éclairage public,Hors agglomération,Hors intersection,Normale,Autre collision,,,,,,,,,,,3,1,1,1,6
200700084122,0007-11-01 02:30:00,7,11,1,2,30,972,231,voie communale RD 38,,,Nuit sans éclairage public,En agglomération,Intersection en X,Pluie forte,Deux véhicules - côté,,,,,,,,,,,3,2,2,3,3
200700084123,0007-11-07 06:00:00,7,11,7,6,0,972,230,,,,Crépuscule ou aube,Hors agglomération,Hors intersection,Pluie forte,Trois véhicules et plus - collisions multiples,,,,,,,,,,,2,1,1,3,5
200700084124,0007-11-02 15:15:00,7,11,2,15,15,972,228,,,,Plein jour,Hors agglomération,Hors intersection,Normale,Sans collision,,,,,,,,,,,1,1,1,1,7
200700084125,0007-11-25 15:30:00,7,11,25,15,30,972,228,92 rue ernest desproges,,,Plein jour,En agglomération,Hors intersection,Normale,Deux véhicules - frontale,,,,,,,,,,,1,2,1,1,1
200700084126,0007-11-29 13:30:00,7,11,29,13,30,972,214,1 rue Joseph Clerc,,,Plein jour,En agglomération,Hors intersection,Normale,Autre collision,,,,,,,,,,,1,2,1,1,6
200700084127,0007-11-27 17:30:00,7,11,27,17,30,971,111,Section Piton,,,Crépuscule ou aube,En agglomération,Hors intersection,Normale,Deux véhicules - frontale,,,,,,,,,,,2,2,1,1,1
200700084128,0007-11-08 00:30:00,7,11,8,0,30,971,132,,,,Nuit sans éclairage public,Hors agglomération,Hors intersection,Normale,Deux véhicules - frontale,,,,,,,,,,,3,1,1,1,1
200700084129,0007-11-25 10:30:00,7,11,25,10,30,971,109,ST Charles,,,Plein jour,Hors agglomération,Hors intersection,Normale,Deux véhicules - côté,,,,,,,,,,,1,1,1,1,3
200700084130,0007-11-03 21:30:00,7,11,3,21,30,971,107,saint sauveur,,,Nuit avec éclairage allumé,En agglomération,Hors intersection,Pluie légère,Autre collision,,,,,,,,,,,5,2,1,2,6
200700084131,0007-11-15 14:00:00,7,11,15,14,0,971,107,section Bel Air,,,Plein jour,En agglomération,Hors intersection,Normale,Deux véhicules - frontale,,,,,,,,,,,1,2,1,1,1
200700084132,0007-11-02 14:30:00,7,11,2,14,30,971,127,PONT DURAT,,,Plein jour,En agglomération,Hors intersection,Normale,Autre collision,,,,,,,,,,,1,2,1,1,6
200700084133,0007-11-18 05:30:00,7,11,18,5,30,971,115,,,,Nuit sans éclairage public,Hors agglomération,Hors intersection,Normale,Trois véhicules et plus - collisions multiples,,,,,,,,,,,3,1,1,1,5
200700084134,0007-11-27 15:00:00,7,11,27,15,0,971,115,CARREFOUR D1/CRANE,,,Plein jour,En agglomération,Hors intersection,Temps éblouissant,Deux véhicules - côté,,,,,,,,,,,1,2,1,7,3
200700084135,0007-11-06 09:45:00,7,11,6,9,45,971,118,rrefour de La grippière,,,Plein jour,Hors agglomération,Hors intersection,Normale,Deux véhicules - côté,,,,,,,,,,,1,1,1,1,3
200700084136,0007-11-18 12:15:00,7,11,18,12,15,971,118,,,,Plein jour,Hors agglomération,Hors intersection,Normale,Trois véhicules et plus - collisions multiples,,,,,,,,,,,1,1,1,1,5
200700084137,0007-11-18 21:15:00,7,11,18,21,15,971,118,,,,Nuit sans éclairage public,Hors agglomération,Hors intersection,Normale,Deux véhicules - frontale,,,,,,,,,,,3,1,1,1,1
200700084138,0007-11-25 05:15:00,7,11,25,5,15,971,118,,,,Nuit sans éclairage public,Hors agglomération,Hors intersection,Normale,Autre collision,,,,,,,,,,,3,1,1,1,6
200700084139,0007-11-17 10:30:00,7,11,17,10,30,971,129,,,,Plein jour,Hors agglomération,Hors intersection,Normale,Deux véhicules - frontale,,,,,,,,,,,1,1,1,1,1
200700084140,0007-11-19 16:30:00,7,11,19,16,30,971,129,,,,Plein jour,Hors agglomération,Hors intersection,Normale,Autre collision,,,,,,,,,,,1,1,1,1,6
200700084141,0007-11-14 11:30:00,7,11,14,11,30,971,112,section morne Lolo,,,Plein jour,En agglomération,Hors intersection,Normale,Deux véhicules - côté,,,,,,,,,,,1,2,1,1,3
200700084142,0007-11-17 10:15:00,7,11,17,10,15,971,108,,15.901,61.226,Plein jour,Hors agglomération,Hors intersection,Normale,Trois véhicules et plus - collisions multiples,,,,,,,,,,,1,1,1,1,5
200700084143,0007-11-21 20:00:00,7,11,21,20,0,971,112,,,,Nuit sans éclairage public,Hors agglomération,Hors intersection,Normale,Sans collision,,,,,,,,,,,3,1,1,1,7
200700084144,0007-11-02 08:30:00,7,11,2,8,30,971,110,,,,Plein jour,Hors agglomération,Hors intersection,Normale,Autre collision,,,,,,,,,,,1,1,1,1,6
200700084145,0007-11-08 17:15:00,7,11,8,17,15,971,117,,,,Plein jour,Hors agglomération,Hors intersection,Normale,Deux véhicules - côté,,,,,,,,,,,1,1,1,1,3
200700084146,0007-11-14 13:45:00,7,11,14,13,45,971,117,,,,Plein jour,Hors agglomération,Hors intersection,Normale,Deux véhicules - frontale,,,,,,,,,,,1,1,1,1,1
200700084147,0007-11-30 14:45:00,7,11,30,14,45,971,122,,,,Plein jour,Hors agglomération,Hors intersection,Temps éblouissant,Deux véhicules - frontale,,,,,,,,,,,1,1,1,7,1
200700084148,0007-11-13 08:00:00,7,11,13,8,0,971,125,,,,Plein jour,Hors agglomération,Hors intersection,Normale,Sans collision,,,,,,,,,,,1,1,1,1,7
200700084149,0007-11-07 16:45:00,7,11,7,16,45,971,128,,,,Plein jour,Hors agglomération,Hors intersection,Normale,Deux véhicules - frontale,,,,,,,,,,,1,1,1,1,1
200700084150,0007-11-11 00:15:00,7,11,11,0,15,971,128,,,,Nuit sans éclairage public,Hors agglomération,Hors intersection,Normale,Autre collision,,,,,,,,,,,3,1,1,1,6
200700084151,0007-11-04 17:45:00,7,11,4,17,45,971,116,Rue du moule,,,Nuit avec éclairage allumé,En agglomération,Hors intersection,Normale,Autre collision,,,,,,,,,,,5,2,1,1,6
200700084152,0007-11-08 16:00:00,7,11,8,16,0,971,116,,,,Plein jour,Hors agglomération,Hors intersection,Normale,Deux véhicules - arrière,,,,,,,,,,,1,1,1,1,2
200700084153,0007-11-01 20:30:00,7,11,1,20,30,973,307,8 rue Mahogany,,,Nuit sans éclairage public,En agglomération,Hors intersection,Normale,Deux véhicules - arrière,,,,,,,,,,,3,2,1,1,2
200700084154,0007-11-13 17:00:00,7,11,13,17,0,973,307,,,,Plein jour,Hors agglomération,Hors intersection,Normale,Deux véhicules - frontale,,,,,,,,,,,1,1,1,1,1
200700084155,0007-11-03 01:45:00,7,11,3,1,45,973,305,,,,Nuit sans éclairage public,Hors agglomération,Hors intersection,Normale,Autre collision,,,,,,,,,,,3,1,1,1,6
200700084156,0007-11-03 16:45:00,7,11,3,16,45,973,305,,,,Plein jour,Hors agglomération,Hors intersection,Normale,Deux véhicules - côté,,,,,,,,,,,1,1,1,1,3
200700084157,0007-11-09 14:15:00,7,11,9,14,15,973,308,RN 2,,,Plein jour,En agglomération,Hors intersection,Pluie forte,Deux véhicules - frontale,,,,,,,,,,,1,2,1,3,1
200700084158,0007-11-06 16:30:00,7,11,6,16,30,973,311,13 Rue H. RIVIEREZ,,,Plein jour,En agglomération,Hors intersection,Normale,Deux véhicules - côté,,,,,,,,,,,1,2,1,1,3
200700084159,0007-11-09 15:30:00,7,11,9,15,30,973,306,,,,Plein jour,Hors agglomération,Hors intersection,Pluie légère,Autre collision,,,,,,,,,,,1,1,1,2,6
200700084160,0007-11-26 17:00:00,7,11,26,17,0,973,306,,,,Plein jour,Hors agglomération,Hors intersection,Normale,Sans collision,,,,,,,,,,,1,1,1,1,7
200700084161,0007-11-29 18:00:00,7,11,29,18,0,973,361,"PK 14,700 AV PAUL HENRY",,,Nuit sans éclairage public,En agglomération,Hors intersection,Normale,Sans collision,,,,,,,,,,,3,2,1,1,7
200700084162,0007-11-28 12:30:00,7,11,28,12,30,974,418,,,,Plein jour,Hors agglomération,Hors intersection,Normale,Sans collision,,,,,,,,,,,1,1,1,1,7
200700084163,0007-11-11 10:00:00,7,11,11,10,0,974,420,12 rue laurent damour-,,,Plein jour,En agglomération,Hors intersection,Normale,Deux véhicules - frontale,,,,,,,,,,,1,2,1,1,1
200700084164,0007-11-23 09:30:00,7,11,23,9,30,974,420,9 rue Georges fourcade,,,Plein jour,En agglomération,Hors intersection,Normale,Autre collision,,,,,,,,,,,1,2,1,1,6
200700084165,0007-11-25 13:30:00,7,11,25,13,30,974,402,,,,Plein jour,Hors agglomération,Hors intersection,Normale,Autre collision,,,,,,,,,,,1,1,1,1,6
200700084166,0007-11-23 17:10:00,7,11,23,17,10,974,406,Bras des Calumets,,,Plein jour,En agglomération,Hors intersection,Normale,Deux véhicules - côté,,,,,,,,,,,1,2,1,1,3
200700084167,0007-11-01 15:30:00,7,11,1,15,30,974,415,,,,Plein jour,Hors agglomération,Hors intersection,Normale,Deux véhicules - frontale,,,,,,,,,,,1,1,1,1,1
200700084168,0007-11-07 13:00:00,7,11,7,13,0,974,415,Rue St Louis,,,Plein jour,En agglomération,Hors intersection,Normale,Deux véhicules - frontale,,,,,,,,,,,1,2,1,1,1
200700084169,0007-11-08 10:00:00,7,11,8,10,0,974,415,,,,Plein jour,Hors agglomération,Hors intersection,Normale,Deux véhicules - arrière,,,,,,,,,,,1,1,1,1,2
200700084170,0007-11-11 13:15:00,7,11,11,13,15,974,415,,,,Plein jour,Hors agglomération,Hors intersection,Normale,Autre collision,,,,,,,,,,,1,1,1,1,6
200700084171,0007-11-16 23:45:00,7,11,16,23,45,974,415,,,,Nuit sans éclairage public,Hors agglomération,Hors intersection,Normale,Trois véhicules et plus - en chaîne,,,,,,,,,,,3,1,1,1,4
200700084172,0007-11-25 16:15:00,7,11,25,16,15,974,415,,,,Nuit sans éclairage public,Hors agglomération,Hors intersection,Normale,Autre collision,,,,,,,,,,,3,1,1,1,6
200700084173,0007-11-25 15:45:00,7,11,25,15,45,974,415,,,,Nuit sans éclairage public,Hors agglomération,Hors intersection,Normale,Autre collision,,,,,,,,,,,3,1,1,1,6
200700084174,0007-11-24 08:45:00,7,11,24,8,45,974,415,,,,Plein jour,Hors agglomération,Hors intersection,Normale,Trois véhicules et plus - collisions multiples,,,,,,,,,,,1,1,1,1,5
200700084175,0007-11-29 17:45:00,7,11,29,17,45,974,414,Avenue Principale Le Gol,,,Plein jour,En agglomération,Hors intersection,Normale,Deux véhicules - côté,,,,,,,,,,,1,2,1,1,3
200700084176,0007-11-07 22:45:00,7,11,7,22,45,974,412,RUE RAPHAEL BABET,,,Nuit avec éclairage allumé,En agglomération,Hors intersection,Normale,Sans collision,,,,,,,,,,,5,2,1,1,7
200700084177,0007-11-19 23:00:00,7,11,19,23,0,974,412,,,,Nuit sans éclairage public,Hors agglomération,Hors intersection,Normale,Deux véhicules - frontale,,,,,,,,,,,3,1,1,1,1
200700084178,0007-11-08 18:30:00,7,11,8,18,30,974,422,15 bis chemin Tamarins,,,Crépuscule ou aube,En agglomération,Hors intersection,Normale,Deux véhicules - frontale,,,,,,,,,,,2,2,1,1,1
200700084179,0007-11-10 14:45:00,7,11,10,14,45,974,422,Avenue de l'Europe,,,Plein jour,En agglomération,Hors intersection,Normale,Autre collision,,,,,,,,,,,1,2,1,1,6
200700084180,0007-11-25 05:15:00,7,11,25,5,15,974,422,rue Georges Pompidou,,,Crépuscule ou aube,En agglomération,Hors intersection,Normale,Deux véhicules - frontale,,,,,,,,,,,2,2,1,1,1
200700084210,0007-11-17 17:00:00,7,11,17,17,0,971,103,,,,Plein jour,Hors agglomération,Hors intersection,Normale,Deux véhicules - arrière,,,,,,,,,,,1,1,1,1,2
200700084213,0007-11-08 17:45:00,7,11,8,17,45,973,309,"PK7, route de Montjoly",,,Plein jour,En agglomération,Hors intersection,Normale,Deux véhicules - côté,,,,,,,,,,,1,2,1,1,3
200700084214,0007-11-24 07:30:00,7,11,24,7,30,973,309,,,,Plein jour,Hors agglomération,Hors intersection,Normale,Trois véhicules et plus - collisions multiples,,,,,,,,,,,1,1,1,1,5
200700084215,0007-11-11 13:00:00,7,11,11,13,0,974,440,,,,Plein jour,Hors agglomération,Hors intersection,Normale,Sans collision,,,,,,,,,,,1,1,1,1,7
200700084216,0007-11-29 14:00:00,7,11,29,14,0,974,413,,,,Plein jour,Hors agglomération,Hors intersection,Normale,Deux véhicules - côté,,,,,,,,,,,1,1,1,1,3
200700084217,0007-11-17 22:45:00,7,11,17,22,45,974,480,Rue Hubert delisle,,,Nuit avec éclairage allumé,En agglomération,Hors intersection,Normale,Deux véhicules - frontale,,,,,,,,,,,5,2,1,1,1
200700084222,0007-11-11 18:30:00,7,11,11,18,30,973,304,avenue victor hugo,,,Nuit avec éclairage allumé,En agglomération,Hors intersection,Normale,Deux véhicules - frontale,,,,,,,,,,,5,2,1,1,1
200700084223,0007-11-18 14:30:00,7,11,18,14,30,973,304,rue Duchesne,,,Plein jour,En agglomération,Hors intersection,Normale,Deux véhicules - côté,,,,,,,,,,,1,2,1,1,3
200700084224,0007-11-24 11:30:00,7,11,24,11,30,973,304,avenue de France,,,Nuit avec éclairage allumé,En agglomération,Hors intersection,Normale,Trois véhicules et plus - collisions multiples,,,,,,,,,,,5,2,1,1,5
200700084225,0007-11-25 07:30:00,7,11,25,7,30,973,304,,,,Plein jour,Hors agglomération,Hors intersection,Normale,Autre collision,,,,,,,,,,,1,1,1,1,6
200700084226,0007-11-26 19:45:00,7,11,26,19,45,974,420,rue du Père Fayet,,,Nuit avec éclairage non allumé,En agglomération,Hors intersection,Normale,Deux véhicules - arrière,,,,,,,,,,,4,2,1,1,2
200700084227,0007-11-27 07:00:00,7,11,27,7,0,974,416,rue Archambaud,,,Plein jour,En agglomération,Hors intersection,Normale,Autre collision,,,,,,,,,,,1,2,1,1,6
200700084228,0007-11-07 19:30:00,7,11,7,19,30,974,451,CD RUE HYPOLITE PIOT,,,Nuit avec éclairage allumé,En agglomération,Hors intersection,Normale,Deux véhicules - côté,,,,,,,,,,,5,2,1,1,3
200700084232,0007-11-13 15:45:00,7,11,13,15,45,974,468,,,,Plein jour,Hors agglomération,Hors intersection,Normale,Autre collision,,,,,,,,,,,1,1,1,1,6
200700084233,0007-11-18 20:00:00,7,11,18,20,0,974,404,,,,Nuit sans éclairage public,Hors agglomération,Hors intersection,Normale,Deux véhicules - frontale,,,,,,,,,,,3,1,1,1,1
200700084234,0007-11-22 19:45:00,7,11,22,19,45,974,404,,,,Nuit sans éclairage public,Hors agglomération,Hors intersection,Normale,Deux véhicules - frontale,,,,,,,,,,,3,1,1,1,1