accident_id,datetime,annee,mois,jour,heure,minute,departement,commune_insee,adresse,latitude,longitude,luminosite,agglomeration,intersection,meteo,collision,nb_vehicules,nb_usagers,nb_indemnes,nb_tues,nb_blesses_hosp,nb_blesses_legers,age_cond_1,age_cond_2,veh_type_cond_1,veh_type_cond_2,lum_code,agg_code,int_code,atm_code,col_code
200700084235,0007-11-20 08:40:00,7,11,20,8,40,971,105,LARDENOY (RUE DE ),,,Plein jour,En agglomération,Hors intersection,Normale,Deux véhicules - côté,,,,,,,,,,,1,2,1,1,3
200700084236,0007-11-15 07:10:00,7,11,15,7,10,971,107,NATIONALE N°1 (ROUTE),,,Plein jour,Hors agglomération,Hors intersection,Normale,Autre collision,,,,,,,,,,,1,1,1,1,6
200700084237,0007-11-16 16:35:00,7,11,16,16,35,971,107,DUMANOIR ( ALLEE ),,,Plein jour,Hors agglomération,Hors intersection,Normale,Deux véhicules - arrière,,,,,,,,,,,1,1,1,1,2
200700084238,0007-11-27 19:00:00,7,11,27,19,0,971,107,FRONT DE MER ( BOULEVARD,,,Nuit avec éclairage allumé,En agglomération,Hors intersection,Normale,Autre collision,,,,,,,,,,,5,2,1,1,6
200700084239,0007-11-02 22:45:00,7,11,2,22,45,971,113,SECTION GRANDE RAVINE,,,Nuit avec éclairage non allumé,Hors agglomération,Hors intersection,Normale,Autre collision,,,,,,,,,,,4,1,1,1,6
200700084240,0007-11-05 18:30:00,7,11,5,18,30,971,101,"00, GRAND CAMP(SECTION)",,,Crépuscule ou aube,En agglomération,Hors intersection,Normale,Sans collision,,,,,,,,,,,2,2,1,1,7
200700084241,0007-11-04 12:45:00,7,11,4,12,45,971,113,"RN4, Morne Salines",,,Plein jour,Hors agglomération,Hors intersection,Normale,Deux véhicules - frontale,,,,,,,,,,,1,1,1,1,1
200700084242,0007-11-01 05:50:00,7,11,1,5,50,971,101,"00, PETIT PEROU",,,Nuit avec éclairage allumé,En agglomération,Hors intersection,Pluie légère,Deux véhicules - arrière,,,,,,,,,,,5,2,1,2,2
200700084243,0007-11-10 07:40:00,7,11,10,7,40,971,101,"RD, ROUTE DE BOULIQUI",,,Plein jour,Hors agglomération,Hors intersection,Normale,Deux véhicules - côté,,,,,,,,,,,1,1,1,1,3
200700084244,0007-11-13 17:25:00,7,11,13,17,25,971,101,"00, DESRAVINIERES",,,Crépuscule ou aube,Hors agglomération,Intersection en T,Normale,Deux véhicules - côté,,,,,,,,,,,2,1,3,1,3
200700084245,0007-11-15 18:20:00,7,11,15,18,20,971,101,"00, MIQUEL",,,Nuit avec éclairage non allumé,Hors agglomération,Hors intersection,Normale,Sans collision,,,,,,,,,,,4,1,1,1,7
200700084246,0007-11-20 20:15:00,7,11,20,20,15,971,101,"00, PERRIN",,,Nuit sans éclairage public,Hors agglomération,Hors intersection,Normale,Deux véhicules - côté,,,,,,,,,,,3,1,1,1,3
200700084247,0007-11-23 03:00:00,7,11,23,3,0,971,113,"RN4, Morne Salines",,,Nuit sans éclairage public,Hors agglomération,Hors intersection,Normale,Sans collision,,,,,,,,,,,3,1,1,1,7
200700084248,0007-11-21 14:45:00,7,11,21,14,45,971,101,"00, ROUTE DE BOISVINS",,,Plein jour,Hors agglomération,Hors intersection,Normale,Trois véhicules et plus - en chaîne,,,,,,,,,,,1,1,1,1,4
200700084249,0007-11-02 20:29:00,7,11,2,20,29,972,209,"0, JEAN JAURES (AVENUE)",,,Nuit avec éclairage allumé,En agglomération,Hors intersection,Normale,Deux véhicules - côté,,,,,,,,,,,5,2,1,1,3
200700084250,0007-11-05 12:39:00,7,11,5,12,39,972,209,"0, ABATTOIR (RUE DE L')",,,Plein jour,En agglomération,Hors intersection,Normale,Deux véhicules - côté,,,,,,,,,,,1,2,1,1,3
200700084251,0007-11-06 07:08:00,7,11,6,7,8,972,209,"0, REDOUTE (ROUTE DE LA)",,,Plein jour,En agglomération,Hors intersection,Normale,Autre collision,,,,,,,,,,,1,2,1,1,6
200700084252,0007-11-07 19:25:00,7,11,7,19,25,972,209,"0, CHATEAUBOEUF (ROUTE D",,,Nuit avec éclairage allumé,Hors agglomération,Hors intersection,Normale,Autre collision,,,,,,,,,,,5,1,1,1,6
200700084253,0007-11-09 08:00:00,7,11,9,8,0,972,209,"0, VICTOR LAMON (AVENUE)",,,Plein jour,Hors agglomération,Hors intersection,Normale,Deux véhicules - arrière,,,,,,,,,,,1,1,1,1,2
200700084254,0007-11-10 20:59:00,7,11,10,20,59,972,209,"0, MAURICE BISHOP (RUE)",,,Nuit avec éclairage allumé,En agglomération,Hors intersection,Normale,Autre collision,,,,,,,,,,,5,2,1,1,6
200700084255,0007-11-12 13:30:00,7,11,12,13,30,972,209,"0, ROND POINT DU VIET-NA",,,Plein jour,En agglomération,Hors intersection,Normale,Autre collision,,,,,,,,,,,1,2,1,1,6
200700084256,0007-11-12 16:50:00,7,11,12,16,50,972,209,"0, PIERRE CARDIN (ENTREE",,,Plein jour,En agglomération,Hors intersection,Normale,Deux véhicules - côté,,,,,,,,,,,1,2,1,1,3
200700084257,0007-11-14 06:55:00,7,11,14,6,55,972,209,"26, PERRINON (RUE)",,,Plein jour,En agglomération,Hors intersection,Normale,Autre collision,,,,,,,,,,,1,2,1,1,6
200700084258,0007-11-13 20:00:00,7,11,13,20,0,972,209,"0, PIERRE PLESDIN  (RUE)",,,Nuit avec éclairage allumé,En agglomération,Hors intersection,Normale,Trois véhicules et plus - en chaîne,,,,,,,,,,,5,2,1,1,4
200700084259,0007-11-16 15:23:00,7,11,16,15,23,972,209,RD 41,,,Plein jour,Hors agglomération,Hors intersection,Normale,Autre collision,,,,,,,,,,,1,1,1,1,6
200700084260,0007-11-17 11:44:00,7,11,17,11,44,972,209,"10, GENERAL DE GAULLE (B",,,Plein jour,En agglomération,Hors intersection,Normale,Deux véhicules - arrière,,,,,,,,,,,1,2,1,1,2
200700084261,0007-11-17 20:53:00,7,11,17,20,53,972,209,"42, MAURICE BISHOP (RUE)",,,Nuit avec éclairage allumé,En agglomération,Hors intersection,Normale,Autre collision,,,,,,,,,,,5,2,1,1,6
200700084262,0007-11-18 18:55:00,7,11,18,18,55,972,209,"27, MAURICE BISHOP (RUE)",,,Nuit avec éclairage allumé,En agglomération,Hors intersection,Normale,Autre collision,,,,,,,,,,,5,2,1,1,6
200700084263,0007-11-21 08:58:00,7,11,21,8,58,972,209,"164, MAURICE BISHOP (RUE",,,Plein jour,En agglomération,Hors intersection,Normale,Autre collision,,,,,,,,,,,1,2,1,1,6
200700084264,0007-11-22 15:56:00,7,11,22,15,56,972,209,"0, GRAND CARAIBE (RUE DU",,,Plein jour,En agglomération,Hors intersection,Normale,Autre collision,,,,,,,,,,,1,2,1,1,6
200700084265,0007-11-22 20:30:00,7,11,22,20,30,972,209,"0, ERNEST DEPROGE (RUE)",,,Nuit avec éclairage non allumé,En agglomération,Hors intersection,Normale,Autre collision,,,,,,,,,,,4,2,1,1,6
200700084266,0007-11-23 17:35:00,7,11,23,17,35,972,209,"0, BOUILLE (RUE)",,,Nuit avec éclairage non allumé,En agglomération,Hors intersection,Normale,Autre collision,,,,,,,,,,,4,2,1,1,6
200700084267,0007-11-25 08:28:00,7,11,25,8,28,972,209,"0, CHATEAUBOEUF (ROUTE D",,,Plein jour,Hors agglomération,Hors intersection,Normale,Autre collision,,,,,,,,,,,1,1,1,1,6
200700084268,0007-11-26 10:33:00,7,11,26,10,33,972,209,"23, FRANCOIS PAVILLA (RU",,,Plein jour,En agglomération,Hors intersection,Normale,Deux véhicules - arrière,,,,,,,,,,,1,2,1,1,2
200700084269,0007-11-27 05:50:00,7,11,27,5,50,972,209,"0, RELIGIEUSES (ROUTE DE",,,Crépuscule ou aube,En agglomération,Hors intersection,Pluie légère,Deux véhicules - arrière,,,,,,,,,,,2,2,1,2,2
200700084270,0007-11-27 18:09:00,7,11,27,18,9,972,209,"0, LOUIS BLANC (IMPASSE)",,,Nuit avec éclairage non allumé,En agglomération,Hors intersection,Normale,Autre collision,,,,,,,,,,,4,2,1,1,6
200700084271,0007-11-30 15:10:00,7,11,30,15,10,972,209,"0, SOLEIL LEVANT (BOULEV",,,Plein jour,En agglomération,Hors intersection,Normale,Autre collision,,,,,,,,,,,1,2,1,1,6
200700084272,0007-11-05 12:20:00,7,11,5,12,20,972,213,AUTOROUTE A1,,,Plein jour,Hors agglomération,Hors intersection,Normale,Trois véhicules et plus - collisions multiples,,,,,,,,,,,1,1,1,1,5
200700084273,0007-11-07 11:25:00,7,11,7,11,25,972,213,AUTOROUTE A1,,,Plein jour,Hors agglomération,Hors intersection,Pluie légère,Trois véhicules et plus - en chaîne,,,,,,,,,,,1,1,1,2,4
200700084274,0007-11-09 00:45:00,7,11,9,0,45,972,213,ROUTE NATIONALE 6,,,Nuit sans éclairage public,Hors agglomération,Hors intersection,Pluie légère,Autre collision,,,,,,,,,,,3,1,1,2,6
200700084275,0007-11-09 20:50:00,7,11,9,20,50,972,213,AUTOROUTE A1,,,Nuit sans éclairage public,Hors agglomération,Hors intersection,Normale,Autre collision,,,,,,,,,,,3,1,1,1,6
200700084276,0007-11-09 07:00:00,7,11,9,7,0,972,213,AUTOROUTE A1,,,Plein jour,Hors agglomération,Hors intersection,Normale,Trois véhicules et plus - collisions multiples,,,,,,,,,,,1,1,1,1,5
200700084277,0007-11-15 05:30:00,7,11,15,5,30,972,213,Z I LA LEZARDE,,,Nuit sans éclairage public,Hors agglomération,Hors intersection,Normale,Autre collision,,,,,,,,,,,3,1,1,1,6
200700084278,0007-11-15 12:00:00,7,11,15,12,0,972,213,AUTOROUTE A1,,,Plein jour,Hors agglomération,Hors intersection,Normale,Autre collision,,,,,,,,,,,1,1,1,1,6
200700084279,0007-11-17 13:05:00,7,11,17,13,5,972,213,AUTOROUTE A1,,,Plein jour,Hors agglomération,Hors intersection,Pluie légère,Deux véhicules - côté,,,,,,,,,,,1,1,1,2,3
200700084280,0007-11-17 01:30:00,7,11,17,1,30,972,213,AUTOROUTE A1,,,Nuit sans éclairage public,Hors agglomération,Hors intersection,Normale,Trois véhicules et plus - collisions multiples,,,,,,,,,,,3,1,1,1,5
200700084281,0007-11-19 17:05:00,7,11,19,17,5,972,213,ROUTE NATIONALE 1,,,Plein jour,Hors agglomération,Hors intersection,Normale,Deux véhicules - arrière,,,,,,,,,,,1,1,1,1,2
200700084282,0007-11-21 10:05:00,7,11,21,10,5,972,213,MORNE PITAULT (ROUTE DE),,,Plein jour,Hors agglomération,Hors intersection,Normale,Autre collision,,,,,,,,,,,1,1,1,1,6
200700084283,0007-11-23 23:00:00,7,11,23,23,0,972,213,"2, VIEUX PONT (CHEMIN DU",,,Nuit avec éclairage allumé,En agglomération,Hors intersection,Normale,Deux véhicules - arrière,,,,,,,,,,,5,2,1,1,2
200700084284,0007-11-25 14:00:00,7,11,25,14,0,972,213,ROUTE DEPARTEMENTALE 15,,,Plein jour,Hors agglomération,Hors intersection,Normale,Deux véhicules - arrière,,,,,,,,,,,1,1,1,1,2
200700084285,0007-11-27 11:30:00,7,11,27,11,30,972,213,ROUTE DEPARTEMENTALE 14,,,Plein jour,Hors agglomération,Hors intersection,Normale,Autre collision,,,,,,,,,,,1,1,1,1,6
200700084286,0007-11-29 13:30:00,7,11,29,13,30,972,213,ROUTE NATIONALE 5,,,Plein jour,Hors agglomération,Hors intersection,Normale,Deux véhicules - arrière,,,,,,,,,,,1,1,1,1,2
200700084287,0007-11-29 17:15:00,7,11,29,17,15,972,213,ROUTE NATIONALE 5,,,Plein jour,Hors agglomération,Hors intersection,Normale,Trois véhicules et plus - collisions multiples,,,,,,,,,,,1,1,1,1,5
200700084288,0007-11-30 13:00:00,7,11,30,13,0,972,213,ROUTE DEPARTEMENTALE 14,,,Plein jour,Hors agglomération,Hors intersection,Normale,Deux véhicules - frontale,,,,,,,,,,,1,1,1,1,1
200700084289,0007-11-01 06:18:00,7,11,1,6,18,973,302,"1696, BADUEL (ROUTE DE)",,,Crépuscule ou aube,En agglomération,Hors intersection,Normale,Autre collision,,,,,,,,,,,2,2,1,1,6
200700084290,0007-11-01 10:36:00,7,11,1,10,36,973,302,"879, MADELEINE (ROND POI",,,Plein jour,En agglomération,Hors intersection,Normale,Deux véhicules - côté,,,,,,,,,,,1,2,1,1,3
200700084291,0007-11-05 15:00:00,7,11,5,15,0,973,302,"337, ZEPHIR (ROCADE)",,,Plein jour,En agglomération,Hors intersection,Normale,Deux véhicules - côté,,,,,,,,,,,1,2,1,1,3
200700084292,0007-11-04 21:11:00,7,11,4,21,11,973,302,14 ET 22 JUIN 1962,,,Nuit avec éclairage allumé,En agglomération,Hors intersection,Normale,Deux véhicules - frontale,,,,,,,,,,,5,2,1,1,1
200700084293,0007-11-10 05:30:00,7,11,10,5,30,973,302,TIGRE (ROUTE DU),,,Nuit avec éclairage allumé,En agglomération,Intersection en T,Normale,Autre collision,,,,,,,,,,,5,2,3,1,6
200700084294,0007-11-05 15:55:00,7,11,5,15,55,973,302,"N33 Bt B, URANUS (CITE)",,,Plein jour,Hors agglomération,Hors intersection,Normale,Deux véhicules - frontale,,,,,,,,,,,1,1,1,1,1
200700084295,0007-11-03 10:35:00,7,11,3,10,35,973,302,"471, BADUEL (ROUTE DE)",,,Plein jour,En agglomération,Hors intersection,Normale,Deux véhicules - côté,,,,,,,,,,,1,2,1,1,3
200700084296,0007-11-13 12:45:00,7,11,13,12,45,973,302,"90, BADUEL (ROUTE DE)",,,Plein jour,En agglomération,Intersection en T,Normale,Deux véhicules - côté,,,,,,,,,,,1,2,3,1,3
200700084297,0007-11-08 18:01:00,7,11,8,18,1,973,302,"258, MADELEINE (ROUTE DE",,,Crépuscule ou aube,En agglomération,Hors intersection,Normale,Deux véhicules - côté,,,,,,,,,,,2,2,1,1,3
200700084298,0007-11-14 07:20:00,7,11,14,7,20,973,302,"18 BIS, REPUBLIQUE (BD D",,,Plein jour,En agglomération,Hors intersection,Pluie légère,Autre collision,,,,,,,,,,,1,2,1,2,6
200700084299,0007-11-13 12:11:00,7,11,13,12,11,973,302,"631, BADUEL (ROUTE DE)",,,Plein jour,Hors agglomération,Intersection en T,Normale,Deux véhicules - côté,,,,,,,,,,,1,1,3,1,3
200700084300,0007-11-13 11:51:00,7,11,13,11,51,973,302,"8, PLACE DU COQ",,,Plein jour,En agglomération,Hors intersection,Normale,Deux véhicules - côté,,,,,,,,,,,1,2,1,1,3
200700084301,0007-11-16 17:50:00,7,11,16,17,50,973,302,"2989, MONTABO (ROUTE DE)",,,Plein jour,En agglomération,Intersection en T,Normale,Deux véhicules - côté,,,,,,,,,,,1,2,3,1,3
200700084302,0007-11-10 15:47:00,7,11,10,15,47,973,302,"5, MARINGOUINS (ROND-POI",,,Plein jour,Hors agglomération,Hors intersection,Normale,Deux véhicules - arrière,,,,,,,,,,,1,1,1,1,2
200700084303,0007-11-12 12:30:00,7,11,12,12,30,973,302,SUZINI (CARREFOUR),,,Plein jour,Hors agglomération,Intersection à plus de 4 branches,Normale,Deux véhicules - côté,,,,,,,,,,,1,1,5,1,3
200700084304,0007-11-16 12:20:00,7,11,16,12,20,973,302,"18, REPUBLIQUE (BD DE LA",,,Plein jour,En agglomération,Hors intersection,Normale,Deux véhicules - arrière,,,,,,,,,,,1,2,1,1,2
200700084305,0007-11-17 12:45:00,7,11,17,12,45,973,302,"1296, MADELEINE (ROUTE D",,,Plein jour,En agglomération,Autre intersection,Normale,Deux véhicules - côté,,,,,,,,,,,1,2,9,1,3
200700084306,0007-11-19 07:29:00,7,11,19,7,29,973,302,"2463, BADUEL (ROUTE DE)",,,Plein jour,En agglomération,Hors intersection,Normale,Autre collision,,,,,,,,,,,1,2,1,1,6
200700084307,0007-11-19 17:28:00,7,11,19,17,28,973,302,"26, FLAMBOYANTS (RUE DES",,,Plein jour,En agglomération,Hors intersection,Normale,Autre collision,,,,,,,,,,,1,2,1,1,6
200700084308,0007-11-19 16:40:00,7,11,19,16,40,973,302,ZEPHIR (ROCADE),,,Plein jour,Hors agglomération,Hors intersection,Normale,Deux véhicules - frontale,,,,,,,,,,,1,1,1,1,1
200700084309,0007-11-20 19:15:00,7,11,20,19,15,973,302,BLANC (LOUIS),,,Nuit avec éclairage allumé,En agglomération,Intersection en X,Normale,Deux véhicules - côté,,,,,,,,,,,5,2,2,1,3
200700084310,0007-11-09 06:45:00,7,11,9,6,45,973,302,"7, NEGRES MARONS (RUE DE",,,Plein jour,En agglomération,Hors intersection,Normale,Deux véhicules - côté,,,,,,,,,,,1,2,1,1,3
200700084311,0007-11-20 12:05:00,7,11,20,12,5,973,302,TARZAN (PISTE),,,Plein jour,Hors agglomération,Intersection en T,Normale,Deux véhicules - frontale,,,,,,,,,,,1,1,3,1,1
200700084312,0007-11-20 06:45:00,7,11,20,6,45,973,302,KET TAI (CARREFOUR),,,Crépuscule ou aube,En agglomération,Giratoire,Normale,Deux véhicules - côté,,,,,,,,,,,2,2,6,1,3
200700084313,0007-11-22 13:16:00,7,11,22,13,16,973,302,EBOUE (ROCADE FELIX),,,Plein jour,En agglomération,Intersection en T,Normale,Sans collision,,,,,,,,,,,1,2,3,1,7
200700084314,0007-11-24 11:25:00,7,11,24,11,25,973,302,"679, BADUEL (ROUTE DE)",,,Plein jour,En agglomération,Hors intersection,Normale,Deux véhicules - côté,,,,,,,,,,,1,2,1,1,3
200700084315,0007-11-23 14:24:00,7,11,23,14,24,973,302,"02, ARON (ANDRE)",,,Plein jour,Hors agglomération,Intersection en X,Normale,Deux véhicules - côté,,,,,,,,,,,1,1,2,1,3
200700084316,0007-11-24 02:12:00,7,11,24,2,12,973,302,MONTABO (ROUTE DE) 4,,,Nuit avec éclairage allumé,Hors agglomération,Hors intersection,Normale,Deux véhicules - arrière,,,,,,,,,,,5,1,1,1,2
200700084317,0007-11-23 23:30:00,7,11,23,23,30,973,302,", BARTHELEMY (RENE)",,,Nuit avec éclairage allumé,En agglomération,Intersection en T,Normale,Deux véhicules - côté,,,,,,,,,,,5,2,3,1,3
200700084318,0007-11-27 22:20:00,7,11,27,22,20,973,302,"2, PREVOT (ERNEST)",,,Nuit avec éclairage allumé,En agglomération,Intersection en X,Normale,Deux véhicules - côté,,,,,,,,,,,5,2,2,1,3
200700084319,0007-11-26 20:45:00,7,11,26,20,45,973,302,BADUEL (ROUTE DE),,,Nuit avec éclairage allumé,En agglomération,Hors intersection,Normale,Autre collision,,,,,,,,,,,5,2,1,1,6
200700084320,0007-11-29 08:35:00,7,11,29,8,35,973,302,"2100, BADUEL (ROUTE DE)",,,Plein jour,Hors agglomération,Hors intersection,Normale,Deux véhicules - côté,,,,,,,,,,,1,1,1,1,3
200700084321,0007-11-28 05:38:00,7,11,28,5,38,973,302,"2534, MONTABO (ROUTE DE)",,,Nuit avec éclairage allumé,En agglomération,Hors intersection,Normale,Deux véhicules - arrière,,,,,,,,,,,5,2,1,1,2
200700084322,0007-11-30 16:30:00,7,11,30,16,30,973,302,"2, BRUTUS (CITE)",,,Plein jour,En agglomération,Hors intersection,Normale,Autre collision,,,,,,,,,,,1,2,1,1,6
200700084323,0007-11-29 20:30:00,7,11,29,20,30,973,302,"10, PETIT MONACO (ROND-P",,,Nuit avec éclairage allumé,En agglomération,Giratoire,Normale,Deux véhicules - arrière,,,,,,,,,,,5,2,6,1,2
200700084324,0007-11-29 19:30:00,7,11,29,19,30,973,302,"39, BADUEL (ROUTE DE)",,,Nuit avec éclairage allumé,En agglomération,Intersection en T,Normale,Autre collision,,,,,,,,,,,5,2,3,1,6
200700084325,0007-11-29 16:25:00,7,11,29,16,25,973,302,"30, JUBELIN (BOULEVARD)",,,Plein jour,En agglomération,Hors intersection,Normale,Autre collision,,,,,,,,,,,1,2,1,1,6
200700084326,0007-11-22 20:10:00,7,11,22,20,10,973,302,BADUEL (ROUTE DE),,,Nuit avec éclairage allumé,En agglomération,Hors intersection,Normale,Autre collision,,,,,,,,,,,5,2,1,1,6
200700084327,0007-11-03 12:15:00,7,11,3,12,15,974,407,RUE SOURCE BLANCHE,,,Plein jour,En agglomération,Hors intersection,Normale,Deux véhicules - frontale,,,,,,,,,,,1,2,1,1,1
200700084328,0007-11-07 17:21:00,7,11,7,17,21,974,407,LENINE (AVENUE),,,Plein jour,En agglomération,Intersection en T,Normale,Deux véhicules - côté,,,,,,,,,,,1,2,3,1,3
200700084329,0007-11-07 19:00:00,7,11,7,19,0,974,407,20 DECEMBRE 1948(AVENUE,,,Nuit avec éclairage allumé,En agglomération,Intersection en T,Normale,Deux véhicules - frontale,,,,,,,,,,,5,2,3,1,1
200700084330,0007-11-10 18:00:00,7,11,10,18,0,974,407,POLITZER(AVENUE),,,Plein jour,En agglomération,Intersection en X,Normale,Deux véhicules - arrière,,,,,,,,,,,1,2,2,1,2
200700084331,0007-11-11 20:05:00,7,11,11,20,5,974,407,MASCAREIGNES(BOULEVARD),,,Nuit avec éclairage allumé,En agglomération,Hors intersection,Normale,Sans collision,,,,,,,,,,,5,2,1,1,7
200700084332,0007-11-19 00:05:00,7,11,19,0,5,974,407,"4, MARTIN PIERRE(PLACE)",,,Nuit sans éclairage public,En agglomération,Hors intersection,Normale,Sans collision,,,,,,,,,,,3,2,1,1,7
200700084333,0007-11-19 15:35:00,7,11,19,15,35,974,407,VERGES(AVENUE),,,Plein jour,En agglomération,Hors intersection,Normale,Deux véhicules - arrière,,,,,,,,,,,1,2,1,1,2
200700084334,0007-11-21 22:40:00,7,11,21,22,40,974,407,"29, BAUDELAIRE(RUE)",,,Nuit avec éclairage allumé,En agglomération,Intersection en T,Normale,Deux véhicules - frontale,,,,,,,,,,,5,2,3,1,1
200700084335,0007-11-22 07:40:00,7,11,22,7,40,974,407,LENINE (AVENUE),,,Plein jour,En agglomération,Intersection en T,Normale,Deux véhicules - côté,,,,,,,,,,,1,2,3,1,3
200700084336,0007-11-25 17:58:00,7,11,25,17,58,974,407,"22, ROMERO(AVENUE)",,,Crépuscule ou aube,En agglomération,Hors intersection,Normale,Deux véhicules - frontale,,,,,,,,,,,2,2,1,1,1
200700084337,0007-11-28 11:00:00,7,11,28,11,0,974,407,ROLLAND EMILE(RUE),,,Plein jour,En agglomération,Intersection en X,Normale,Deux véhicules - côté,,,,,,,,,,,1,2,2,1,3
200700084338,0007-11-30 15:30:00,7,11,30,15,30,974,407,ROUTE DU SACRE COEUR,,,Plein jour,Hors agglomération,Hors intersection,Normale,Sans collision,,,,,,,,,,,1,1,1,1,7
200700084339,0007-11-30 18:30:00,7,11,30,18,30,974,407,"30, ALLENDE(RUE)",,,Crépuscule ou aube,En agglomération,Hors intersection,Normale,Autre collision,,,,,,,,,,,2,2,1,1,6
200700084340,0007-11-02 08:25:00,7,11,2,8,25,974,411,LITTORAL (ROUTE 1 DU),,,Plein jour,Hors agglomération,Hors intersection,Normale,Autre collision,,,,,,,,,,,1,1,1,1,6
200700084341,0007-11-02 10:45:00,7,11,2,10,45,974,411,"44, NOTRE DAME DE LA TRI",,,Plein jour,En agglomération,Hors intersection,Normale,Autre collision,,,,,,,,,,,1,2,1,1,6
200700084342,0007-11-06 16:15:00,7,11,6,16,15,974,411,"5, JAURES (BLD 1 JEAN)",,,Plein jour,En agglomération,Hors intersection,Normale,Trois véhicules et plus - en chaîne,,,,,,,,,,,1,2,1,1,4
200700084343,0007-11-06 17:01:00,7,11,6,17,1,974,411,"1, LANCASTEL (BOULEVARD)",,,Plein jour,En agglomération,Hors intersection,Normale,Deux véhicules - arrière,,,,,,,,,,,1,2,1,1,2
200700084344,0007-11-02 17:10:00,7,11,2,17,10,974,411,"15, RN2/043",,,Plein jour,En agglomération,Hors intersection,Normale,Autre collision,,,,,,,,,,,1,2,1,1,6
200700084345,0007-11-11 18:35:00,7,11,11,18,35,974,411,"1, MACE (BOULEVARD GABRI",,,Plein jour,En agglomération,Hors intersection,Normale,Trois véhicules et plus - en chaîne,,,,,,,,,,,1,2,1,1,4
200700084346,0007-11-03 15:41:00,7,11,3,15,41,974,411,"1, TRIOLET (IMPASSE)",,,Plein jour,En agglomération,Intersection en T,Normale,Deux véhicules - côté,,,,,,,,,,,1,2,3,1,3
200700084347,0007-11-05 08:48:00,7,11,5,8,48,974,411,ALSACE (D'),,,Plein jour,En agglomération,Intersection en X,Normale,Deux véhicules - côté,,,,,,,,,,,1,2,2,1,3
200700084348,0007-11-06 09:17:00,7,11,6,9,17,974,411,JAURES (BLD 1 JEAN),,,Plein jour,En agglomération,Hors intersection,Normale,Autre collision,,,,,,,,,,,1,2,1,1,6
200700084349,0007-11-07 19:35:00,7,11,7,19,35,974,411,"1, RIVIERE DES PLUIES (R",,,Crépuscule ou aube,En agglomération,Hors intersection,Normale,Deux véhicules - frontale,,,,,,,,,,,2,2,1,1,1
200700084350,0007-11-07 17:40:00,7,11,7,17,40,974,411,"1, WAGNER (AVENUE RICHAR",,,Plein jour,En agglomération,Hors intersection,Normale,Deux véhicules - arrière,,,,,,,,,,,1,2,1,1,2
200700084351,0007-11-10 01:15:00,7,11,10,1,15,974,411,LITTORAL (ROUTE 1 DU),,,Nuit avec éclairage allumé,En agglomération,Hors intersection,Normale,Trois véhicules et plus - collisions multiples,,,,,,,,,,,5,2,1,1,5
200700084352,0007-11-10 14:14:00,7,11,10,14,14,974,411,"160, LONGOSES (CH. DES)",,,Plein jour,En agglomération,Hors intersection,Normale,Autre collision,,,,,,,,,,,1,2,1,1,6
200700084353,0007-11-12 15:50:00,7,11,12,15,50,974,411,"1, LORY LES HAUTS (RUE)",,,Plein jour,En agglomération,Hors intersection,Normale,Autre collision,,,,,,,,,,,1,2,1,1,6
200700084354,0007-11-18 14:57:00,7,11,18,14,57,974,411,LITTORAL (ROUTE 1 DU),,,Plein jour,En agglomération,Hors intersection,Normale,Deux véhicules - côté,,,,,,,,,,,1,2,1,1,3
200700084355,0007-11-18 18:05:00,7,11,18,18,5,974,411,"51, HUBERT DELISLE (AVEN",,,Plein jour,En agglomération,Hors intersection,Normale,Deux véhicules - frontale,,,,,,,,,,,1,2,1,1,1
200700084356,0007-11-19 16:51:00,7,11,19,16,51,974,411,"60, BERTIN",,,Plein jour,En agglomération,Hors intersection,Normale,Deux véhicules - arrière,,,,,,,,,,,1,2,1,1,2
200700084357,0007-11-17 19:45:00,7,11,17,19,45,974,411,"116, CANAL (CHEMIN DU GR",,,Nuit sans éclairage public,En agglomération,Hors intersection,Normale,Autre collision,,,,,,,,,,,3,2,1,1,6
200700084358,0007-11-22 07:12:00,7,11,22,7,12,974,411,"193, HOARAU (RUE MARCEL)",,,Plein jour,En agglomération,Hors intersection,Normale,Deux véhicules - frontale,,,,,,,,,,,1,2,1,1,1
200700084359,0007-11-25 09:40:00,7,11,25,9,40,974,411,"1, LASTRONS (RUE DES)",,,Plein jour,En agglomération,Hors intersection,Normale,Autre collision,,,,,,,,,,,1,2,1,1,6
200700084360,0007-11-25 13:00:00,7,11,25,13,0,974,411,"8, RIVIERE DES PLUIES (R",,,Plein jour,En agglomération,Hors intersection,Normale,Sans collision,,,,,,,,,,,1,2,1,1,7
200700084361,0007-11-28 21:40:00,7,11,28,21,40,974,411,"12, JAURES (BOULEVARD JE",,,Nuit avec éclairage allumé,En agglomération,Hors intersection,Normale,Autre collision,,,,,,,,,,,5,2,1,1,6
200700084362,0007-11-29 07:55:00,7,11,29,7,55,974,411,"20, PARIS (RUE DE)",,,Plein jour,En agglomération,Hors intersection,Normale,Autre collision,,,,,,,,,,,1,2,1,1,6
200700084363,0007-11-27 07:45:00,7,11,27,7,45,974,411,"30, REPUBLIQUE (RUE DE L",,,Plein jour,En agglomération,Hors intersection,Normale,Autre collision,,,,,,,,,,,1,2,1,1,6
200700084364,0007-11-24 17:50:00,7,11,24,17,50,974,411,"2, RIVIERE DES PLUIES (R",,,Plein jour,En agglomération,Hors intersection,Normale,Deux véhicules - arrière,,,,,,,,,,,1,2,1,1,2