accident_id,datetime,annee,mois,jour,heure,minute,departement,commune_insee,adresse,latitude,longitude,luminosite,agglomeration,intersection,meteo,collision,nb_vehicules,nb_usagers,nb_indemnes,nb_tues,nb_blesses_hosp,nb_blesses_legers,age_cond_1,age_cond_2,veh_type_cond_1,veh_type_cond_2,lum_code,agg_code,int_code,atm_code,col_code
200700084365,0007-11-20 10:23:00,7,11,20,10,23,974,411,"12, MONDON (RUE MONSEIGN",,,Plein jour,En agglomération,Hors intersection,Normale,Autre collision,,,,,,,,,,,1,2,1,1,6
200700084366,0007-11-25 11:47:00,7,11,25,11,47,974,411,"1, RAMBAUD (LEOPOLD)",,,Plein jour,En agglomération,Hors intersection,Normale,Deux véhicules - arrière,,,,,,,,,,,1,2,1,1,2
200700084367,0007-11-25 15:40:00,7,11,25,15,40,974,411,GARROS (ROLAND),,,Plein jour,En agglomération,Hors intersection,Normale,Autre collision,,,,,,,,,,,1,2,1,1,6
200700084368,0007-11-27 07:08:00,7,11,27,7,8,974,411,"150, BOIS DE NEFLES (ROU",,,Plein jour,En agglomération,Hors intersection,Normale,Autre collision,,,,,,,,,,,1,2,1,1,6
200700084369,0007-11-30 07:08:00,7,11,30,7,8,974,411,"2, LIMITES (RUE DES)",,,Plein jour,En agglomération,Hors intersection,Normale,Deux véhicules - arrière,,,,,,,,,,,1,2,1,1,2
200700084370,0007-11-02 07:20:00,7,11,2,7,20,974,414,"SANS, TOULOUSE(AVENUE)",,,Plein jour,En agglomération,Intersection en T,Normale,Deux véhicules - côté,,,,,,,,,,,1,2,3,1,3
200700084371,0007-11-10 19:40:00,7,11,10,19,40,974,414,"177, PRINCIPALE(AVENUE)",,,Nuit avec éclairage allumé,En agglomération,Hors intersection,Normale,Autre collision,,,,,,,,,,,5,2,1,1,6
200700084372,0007-11-20 07:00:00,7,11,20,7,0,974,414,"SANS, PRINCIPALE(AVENUE)",,,Plein jour,En agglomération,Intersection en T,Normale,Deux véhicules - arrière,,,,,,,,,,,1,2,3,1,2
200700084373,0007-11-23 17:14:00,7,11,23,17,14,974,416,"sans, BANK(BOULEVARD)",,,Plein jour,En agglomération,Giratoire,Normale,Deux véhicules - côté,,,,,,,,,,,1,2,6,1,3
200700084374,0007-11-24 09:45:00,7,11,24,9,45,974,414,"SANS, SAINT PHILIPPE(RUE",,,Plein jour,En agglomération,Hors intersection,Normale,Deux véhicules - frontale,,,,,,,,,,,1,2,1,1,1
200700084375,0007-11-26 22:20:00,7,11,26,22,20,974,414,RN01,,,Nuit sans éclairage public,Hors agglomération,Hors intersection,Normale,Deux véhicules - arrière,,,,,,,,,,,3,1,1,1,2
200700084376,0007-11-30 12:35:00,7,11,30,12,35,974,416,"43, PRESIDENT MITTERAND(",,,Plein jour,En agglomération,Hors intersection,Normale,Autre collision,,,,,,,,,,,1,2,1,1,6
200700084425,0007-12-01 18:00:00,7,12,1,18,0,972,224,,,,Nuit avec éclairage allumé,Hors agglomération,Hors intersection,Pluie légère,Autre collision,,,,,,,,,,,5,1,1,2,6
200700084426,0007-12-19 10:15:00,7,12,19,10,15,972,204,,,,Plein jour,Hors agglomération,Hors intersection,Normale,Deux véhicules - frontale,,,,,,,,,,,1,1,1,1,1
200700084427,0007-12-25 00:15:00,7,12,25,0,15,972,218,,,,Nuit sans éclairage public,Hors agglomération,Hors intersection,Normale,Autre collision,,,,,,,,,,,3,1,1,1,6
200700084428,0007-12-03 14:30:00,7,12,3,14,30,972,207,Quartier BAC,,,Plein jour,En agglomération,Hors intersection,Normale,Trois véhicules et plus - collisions multiples,,,,,,,,,,,1,2,1,1,5
200700084429,0007-12-01 02:00:00,7,12,1,2,0,972,221,,,,Nuit avec éclairage allumé,Hors agglomération,Hors intersection,Normale,Deux véhicules - frontale,,,,,,,,,,,5,1,1,1,1
200700084430,0007-12-01 14:00:00,7,12,1,14,0,972,221,,,,Plein jour,Hors agglomération,Hors intersection,Normale,Deux véhicules - arrière,,,,,,,,,,,1,1,1,1,2
200700084431,0007-12-10 20:30:00,7,12,10,20,30,972,221,rue Victor SCHOELCHER,,,Plein jour,En agglomération,Hors intersection,Normale,Deux véhicules - côté,,,,,,,,,,,1,2,1,1,3
200700084432,0007-12-18 12:15:00,7,12,18,12,15,972,221,,,,Plein jour,Hors agglomération,Hors intersection,Normale,Deux véhicules - frontale,,,,,,,,,,,1,1,1,1,1
200700084433,0007-12-20 00:30:00,7,12,20,0,30,972,206,,,,Nuit sans éclairage public,Hors agglomération,Hors intersection,Pluie légère,Deux véhicules - frontale,,,,,,,,,,,3,1,1,2,1
200700084434,0007-12-19 15:15:00,7,12,19,15,15,972,221,,,,Plein jour,Hors agglomération,Hors intersection,Normale,Deux véhicules - arrière,,,,,,,,,,,1,1,1,1,2
200700084435,0007-12-31 23:00:00,7,12,31,23,0,972,202,,,,Nuit sans éclairage public,Hors agglomération,Hors intersection,Normale,Deux véhicules - frontale,,,,,,,,,,,3,1,1,1,1
200700084436,0007-12-24 17:30:00,7,12,24,17,30,972,202,,,,Plein jour,En agglomération,Hors intersection,Normale,Autre collision,,,,,,,,,,,1,2,1,1,6
200700084437,0007-12-16 19:00:00,7,12,16,19,0,972,230,,,,Nuit sans éclairage public,Hors agglomération,Hors intersection,Normale,Deux véhicules - côté,,,,,,,,,,,3,1,1,1,3
200700084438,0007-12-10 16:15:00,7,12,10,16,15,972,212,,,,Plein jour,Hors agglomération,Hors intersection,Normale,Autre collision,,,,,,,,,,,1,1,1,1,6
200700084439,0007-12-15 07:30:00,7,12,15,7,30,972,228,,,,Plein jour,Hors agglomération,Hors intersection,Temps couvert,Deux véhicules - frontale,,,,,,,,,,,1,1,1,8,1
200700084440,0007-12-11 11:30:00,7,12,11,11,30,972,216,,,,Plein jour,Hors agglomération,Hors intersection,Normale,Deux véhicules - frontale,,,,,,,,,,,1,1,1,1,1
200700084441,0007-12-23 06:00:00,7,12,23,6,0,971,121,,,,Crépuscule ou aube,En agglomération,Hors intersection,Normale,Autre collision,,,,,,,,,,,2,2,1,1,6
200700084442,0007-12-26 18:00:00,7,12,26,18,0,971,111,,,,Nuit sans éclairage public,Hors agglomération,Hors intersection,Normale,Deux véhicules - frontale,,,,,,,,,,,3,1,1,1,1
200700084443,0007-12-01 10:15:00,7,12,1,10,15,971,107,,,,Plein jour,Hors agglomération,Hors intersection,Normale,Deux véhicules - arrière,,,,,,,,,,,1,1,1,1,2
200700084444,0007-12-09 11:40:00,7,12,9,11,40,971,107,,,,Plein jour,Hors agglomération,Hors intersection,Normale,Deux véhicules - frontale,,,,,,,,,,,1,1,1,1,1
200700084445,0007-12-17 12:00:00,7,12,17,12,0,971,107,RN1 section cambrefort,,,Plein jour,Hors agglomération,Hors intersection,Normale,Deux véhicules - côté,,,,,,,,,,,1,1,1,1,3
200700084446,0007-12-19 19:15:00,7,12,19,19,15,971,114,,,,Nuit avec éclairage allumé,Hors agglomération,Hors intersection,Normale,Autre collision,,,,,,,,,,,5,1,1,1,6
200700084447,0007-12-24 22:45:00,7,12,24,22,45,971,107,,,,Nuit sans éclairage public,Hors agglomération,Hors intersection,Normale,Autre collision,,,,,,,,,,,3,1,1,1,6
200700084448,0007-12-15 17:30:00,7,12,15,17,30,971,123,St Jean,,,Plein jour,En agglomération,Hors intersection,Normale,Autre collision,,,,,,,,,,,1,2,1,1,6
200700084449,0007-12-18 07:45:00,7,12,18,7,45,971,123,ST JEAN,,,Plein jour,En agglomération,Hors intersection,Normale,Deux véhicules - frontale,,,,,,,,,,,1,2,1,1,1
200700084450,0007-12-25 22:30:00,7,12,25,22,30,971,123,Face à la villa créole -,,,Nuit avec éclairage allumé,En agglomération,Hors intersection,Normale,Deux véhicules - frontale,,,,,,,,,,,5,2,1,1,1
200700084451,0007-12-01 20:00:00,7,12,1,20,0,971,118,,,,Nuit sans éclairage public,Hors agglomération,Hors intersection,Normale,Deux véhicules - arrière,,,,,,,,,,,3,1,1,1,2
200700084452,0007-12-07 14:30:00,7,12,7,14,30,971,118,,,,Plein jour,Hors agglomération,Hors intersection,Normale,Autre collision,,,,,,,,,,,1,1,1,1,6
200700084453,0007-12-02 05:00:00,7,12,2,5,0,971,117,,,,Nuit sans éclairage public,Hors agglomération,Hors intersection,Normale,Autre collision,,,,,,,,,,,3,1,1,1,6
200700084454,0007-12-09 18:45:00,7,12,9,18,45,971,117,François - Section Morel,,,Nuit sans éclairage public,En agglomération,Hors intersection,Normale,Autre collision,,,,,,,,,,,3,2,1,1,6
200700084455,0007-12-24 18:00:00,7,12,24,18,0,971,102,,,,Nuit avec éclairage allumé,Hors agglomération,Hors intersection,Normale,Deux véhicules - frontale,,,,,,,,,,,5,1,1,1,1
200700084456,0007-12-15 22:15:00,7,12,15,22,15,971,125,,16.267,61.27,Nuit avec éclairage allumé,Hors agglomération,Hors intersection,Normale,Autre collision,,,,,,,,,,,5,1,1,1,6
200700084457,0007-12-30 08:00:00,7,12,30,8,0,971,125,,,,Plein jour,Hors agglomération,Hors intersection,Normale,Deux véhicules - côté,,,,,,,,,,,1,1,1,1,3
200700084458,0007-12-01 19:45:00,7,12,1,19,45,971,128,,,,Nuit avec éclairage allumé,Hors agglomération,Hors intersection,Normale,Autre collision,,,,,,,,,,,5,1,1,1,6
200700084459,0007-12-09 07:00:00,7,12,9,7,0,971,128,,,,Plein jour,Hors agglomération,Hors intersection,Normale,Deux véhicules - frontale,,,,,,,,,,,1,1,1,1,1
200700084460,0007-12-21 11:15:00,7,12,21,11,15,971,128,,,,Nuit sans éclairage public,Hors agglomération,Hors intersection,Normale,Deux véhicules - frontale,,,,,,,,,,,3,1,1,1,1
200700084461,0007-12-23 13:45:00,7,12,23,13,45,971,128,,,,Plein jour,Hors agglomération,Hors intersection,Normale,Autre collision,,,,,,,,,,,1,1,1,1,6
200700084462,0007-12-02 06:45:00,7,12,2,6,45,971,116,,,,Plein jour,Hors agglomération,Hors intersection,Normale,Deux véhicules - arrière,,,,,,,,,,,1,1,1,1,2
200700084463,0007-12-08 18:45:00,7,12,8,18,45,971,116,,,,Nuit sans éclairage public,Hors agglomération,Hors intersection,Normale,Deux véhicules - arrière,,,,,,,,,,,3,1,1,1,2
200700084464,0007-12-12 16:30:00,7,12,12,16,30,971,116,rue du Moule,,,Plein jour,En agglomération,Hors intersection,Normale,Deux véhicules - frontale,,,,,,,,,,,1,2,1,1,1
200700084465,0007-12-12 12:30:00,7,12,12,12,30,971,116,Espérance MORNE A L EAU,,,Plein jour,En agglomération,Hors intersection,Normale,Deux véhicules - arrière,,,,,,,,,,,1,2,1,1,2
200700084466,0007-12-31 13:15:00,7,12,31,13,15,971,116,,,,Plein jour,Hors agglomération,Intersection en T,Normale,Deux véhicules - côté,,,,,,,,,,,1,1,3,1,3
200700084467,0007-12-12 16:15:00,7,12,12,16,15,973,307,,,,Plein jour,En agglomération,Hors intersection,Normale,Deux véhicules - frontale,,,,,,,,,,,1,2,1,1,1
200700084468,0007-12-29 20:30:00,7,12,29,20,30,973,307,,,,Nuit sans éclairage public,Hors agglomération,Hors intersection,Pluie forte,Trois véhicules et plus - collisions multiples,,,,,,,,,,,3,1,1,3,5
200700084469,0007-12-01 15:00:00,7,12,1,15,0,973,305,,,,Plein jour,Hors agglomération,Hors intersection,Normale,Deux véhicules - côté,,,,,,,,,,,1,1,1,1,3
200700084470,0007-12-01 14:00:00,7,12,1,14,0,973,312,ancienne RN1,,,Plein jour,En agglomération,Hors intersection,Normale,Deux véhicules - arrière,,,,,,,,,,,1,2,1,1,2
200700084471,0007-12-19 14:00:00,7,12,19,14,0,973,312,,,,Plein jour,Hors agglomération,Hors intersection,Pluie légère,Deux véhicules - frontale,,,,,,,,,,,1,1,1,2,1
200700084472,0007-12-31 17:30:00,7,12,31,17,30,973,311,Bd Christophe Colomb,,,Plein jour,En agglomération,Hors intersection,Normale,Autre collision,,,,,,,,,,,1,2,1,1,6
200700084473,0007-12-08 17:30:00,7,12,8,17,30,973,311,44 av Felix Eboue,,,Plein jour,En agglomération,Hors intersection,Normale,Autre collision,,,,,,,,,,,1,2,1,1,6
200700084474,0007-12-12 13:15:00,7,12,12,13,15,973,306,,,,Plein jour,Hors agglomération,Hors intersection,Pluie légère,Sans collision,,,,,,,,,,,1,1,1,2,7
200700084475,0007-12-14 15:30:00,7,12,14,15,30,974,408,,,,Plein jour,Hors agglomération,Hors intersection,Normale,Autre collision,,,,,,,,,,,1,1,1,1,6
200700084476,0007-12-21 21:45:00,7,12,21,21,45,974,408,,,,Nuit sans éclairage public,Hors agglomération,Hors intersection,Normale,Sans collision,,,,,,,,,,,3,1,1,1,7
200700084477,0007-12-22 08:45:00,7,12,22,8,45,974,418,,,,Plein jour,Hors agglomération,Hors intersection,Normale,Autre collision,,,,,,,,,,,1,1,1,1,6
200700084478,0007-12-06 21:30:00,7,12,6,21,30,974,410,,,,Nuit sans éclairage public,En agglomération,Hors intersection,Normale,Autre collision,,,,,,,,,,,3,2,1,1,6
200700084479,0007-12-17 13:30:00,7,12,17,13,30,974,410,,,,Plein jour,Hors agglomération,Hors intersection,Normale,Sans collision,,,,,,,,,,,1,1,1,1,7
200700084480,0007-12-26 05:15:00,7,12,26,5,15,974,410,,,,Crépuscule ou aube,Hors agglomération,Hors intersection,Normale,Deux véhicules - frontale,,,,,,,,,,,2,1,1,1,1
200700084481,0007-12-27 15:15:00,7,12,27,15,15,974,453,RN2 97053 STE ANNE,,,Plein jour,En agglomération,Hors intersection,Normale,Deux véhicules - frontale,,,,,,,,,,,1,2,1,1,1
200700084482,0007-12-05 09:15:00,7,12,5,9,15,974,409,Avenue des Mascareignes,,,Plein jour,En agglomération,Hors intersection,Normale,Autre collision,,,,,,,,,,,1,2,1,1,6
200700084483,0007-12-14 11:30:00,7,12,14,11,30,974,402,Rivière des Roches,,,Plein jour,En agglomération,Intersection en T,Normale,Deux véhicules - côté,,,,,,,,,,,1,2,3,1,3
200700084484,0007-12-02 14:45:00,7,12,2,14,45,974,419,,,,Plein jour,Hors agglomération,Hors intersection,Normale,Deux véhicules - côté,,,,,,,,,,,1,1,1,1,3
200700084485,0007-12-29 04:00:00,7,12,29,4,0,974,419,,,,Nuit avec éclairage allumé,Hors agglomération,Hors intersection,Pluie légère,Sans collision,,,,,,,,,,,5,1,1,2,7
200700084486,0007-12-20 05:30:00,7,12,20,5,30,974,421,,,,Crépuscule ou aube,Hors agglomération,Hors intersection,Pluie légère,Autre collision,,,,,,,,,,,2,1,1,2,6
200700084487,0007-12-14 17:15:00,7,12,14,17,15,974,415,,,,Plein jour,Hors agglomération,Hors intersection,Normale,Autre collision,,,,,,,,,,,1,1,1,1,6
200700084488,0007-12-28 03:45:00,7,12,28,3,45,974,415,,,,Nuit sans éclairage public,Hors agglomération,Hors intersection,Normale,Autre collision,,,,,,,,,,,3,1,1,1,6
200700084489,0007-12-30 07:15:00,7,12,30,7,15,974,415,,,,Plein jour,Hors agglomération,Hors intersection,Normale,Deux véhicules - frontale,,,,,,,,,,,1,1,1,1,1
200700084490,0007-12-29 11:30:00,7,12,29,11,30,974,415,,,,Plein jour,Hors agglomération,Hors intersection,Normale,Deux véhicules - frontale,,,,,,,,,,,1,1,1,1,1
200700084491,0007-12-05 04:15:00,7,12,5,4,15,974,423,,,,Nuit sans éclairage public,Hors agglomération,Hors intersection,Normale,Deux véhicules - frontale,,,,,,,,,,,3,1,1,1,1
200700084492,0007-12-11 12:30:00,7,12,11,12,30,974,414,,,,Plein jour,Hors agglomération,Hors intersection,Normale,Autre collision,,,,,,,,,,,1,1,1,1,6
200700084493,0007-12-15 00:15:00,7,12,15,0,15,974,414,Rue Pigas LE OUAKI,,,Nuit sans éclairage public,En agglomération,Hors intersection,Pluie légère,Autre collision,,,,,,,,,,,3,2,1,2,6
200700084494,0007-12-15 05:45:00,7,12,15,5,45,974,414,,,,Crépuscule ou aube,Hors agglomération,Hors intersection,Pluie légère,Deux véhicules - frontale,,,,,,,,,,,2,1,1,2,1
200700084495,0007-12-14 20:30:00,7,12,14,20,30,974,424,RUE DES BOUGAINVILLIERS,,,Nuit avec éclairage allumé,En agglomération,Hors intersection,Normale,Autre collision,,,,,,,,,,,5,2,1,1,6
200700084496,0007-12-06 16:45:00,7,12,6,16,45,974,412,,,,Plein jour,Hors agglomération,Hors intersection,Normale,Deux véhicules - côté,,,,,,,,,,,1,1,1,1,3
200700084497,0007-12-27 11:45:00,7,12,27,11,45,974,412,,,,Plein jour,Hors agglomération,Autre intersection,Normale,Deux véhicules - côté,,,,,,,,,,,1,1,9,1,3
200700084498,0007-12-29 23:30:00,7,12,29,23,30,974,422,Route de Bérive,,,Nuit sans éclairage public,En agglomération,Hors intersection,Normale,Autre collision,,,,,,,,,,,3,2,1,1,6
200700084534,0007-12-02 18:30:00,7,12,2,18,30,971,103,La jaille à BAIE MAHAULT,,,Nuit sans éclairage public,En agglomération,Hors intersection,Normale,Sans collision,,,,,,,,,,,3,2,1,1,7
200700084539,0007-12-07 20:15:00,7,12,7,20,15,974,448,,,,Nuit avec éclairage allumé,Hors agglomération,Hors intersection,Normale,Autre collision,,,,,,,,,,,5,1,1,1,6
200700084540,0007-12-14 23:00:00,7,12,14,23,0,974,413,,,,Nuit sans éclairage public,Hors agglomération,Hors intersection,Normale,Autre collision,,,,,,,,,,,3,1,1,1,6
200700084541,0007-12-30 04:00:00,7,12,30,4,0,974,448,,,,Nuit sans éclairage public,Hors agglomération,Hors intersection,Normale,Autre collision,,,,,,,,,,,3,1,1,1,6
200700084546,0007-12-15 19:00:00,7,12,15,19,0,973,304,,,,Nuit sans éclairage public,Hors agglomération,Giratoire,Pluie légère,Deux véhicules - frontale,,,,,,,,,,,3,1,6,2,1
200700084547,0007-12-16 14:00:00,7,12,16,14,0,973,304,avenue de France,,,Plein jour,En agglomération,Hors intersection,Normale,Autre collision,,,,,,,,,,,1,2,1,1,6
200700084548,0007-12-22 20:00:00,7,12,22,20,0,973,304,,,,Nuit sans éclairage public,Hors agglomération,Hors intersection,Pluie forte,Sans collision,,,,,,,,,,,3,1,1,3,7
200700084549,0007-12-28 13:30:00,7,12,28,13,30,973,304,,,,Plein jour,Hors agglomération,Hors intersection,Pluie forte,Trois véhicules et plus - collisions multiples,,,,,,,,,,,1,1,1,3,5
200700084551,0007-12-08 22:00:00,7,12,8,22,0,974,498,94 rue Médard,,,Nuit avec éclairage allumé,En agglomération,Hors intersection,Normale,Autre collision,,,,,,,,,,,5,2,1,1,6
200700084552,0007-12-14 05:00:00,7,12,14,5,0,974,416,,,,Crépuscule ou aube,Hors agglomération,Hors intersection,Normale,Trois véhicules et plus - en chaîne,,,,,,,,,,,2,1,1,1,4
200700084553,0007-12-31 15:15:00,7,12,31,15,15,974,416,RN 3C BASSE TERRE,,,Plein jour,En agglomération,Hors intersection,Normale,Deux véhicules - côté,,,,,,,,,,,1,2,1,1,3
200700084554,0007-12-06 19:45:00,7,12,6,19,45,974,415,,,,Nuit sans éclairage public,En agglomération,Hors intersection,Normale,Autre collision,,,,,,,,,,,3,2,1,1,6
200700084555,0007-12-02 17:00:00,7,12,2,17,0,974,451,Allée des Bois noirs,,,Plein jour,En agglomération,Hors intersection,Normale,Autre collision,,,,,,,,,,,1,2,1,1,6
200700084556,0007-12-08 12:45:00,7,12,8,12,45,974,451,chemin stéphane,,,Plein jour,En agglomération,Hors intersection,Normale,Deux véhicules - arrière,,,,,,,,,,,1,2,1,1,2
200700084557,0007-12-08 23:45:00,7,12,8,23,45,974,451,Ch. volière-ligne paradi,,,Nuit avec éclairage allumé,En agglomération,Hors intersection,Normale,Deux véhicules - frontale,,,,,,,,,,,5,2,1,1,1
200700084558,0007-12-16 05:30:00,7,12,16,5,30,974,416,"""La saline"" RN.1",,,Plein jour,En agglomération,Hors intersection,Normale,Sans collision,,,,,,,,,,,1,2,1,1,7
200700084559,0007-12-25 02:15:00,7,12,25,2,15,974,451,Avenue Laurent VERGES,,,Nuit avec éclairage allumé,En agglomération,Autre intersection,Normale,Autre collision,,,,,,,,,,,5,2,9,1,6
200700084563,0007-12-13 13:30:00,7,12,13,13,30,971,105,SAINT-CLAUDE (AVENUE DE),,,Plein jour,En agglomération,Hors intersection,Normale,Deux véhicules - côté,,,,,,,,,,,1,2,1,1,3
200700084564,0007-12-03 17:12:00,7,12,3,17,12,971,107,", GERMAIN ST RUF (AVENUE",,,Plein jour,En agglomération,Intersection en Y,Normale,Deux véhicules - côté,,,,,,,,,,,1,2,4,1,3
200700084565,0007-12-05 20:00:00,7,12,5,20,0,971,120,"00, DUPLESSIS",,,Nuit avec éclairage allumé,En agglomération,Hors intersection,Normale,Sans collision,,,,,,,,,,,5,2,1,1,7
200700084566,0007-12-06 12:00:00,7,12,6,12,0,971,120,"00, Amitié des peuples",,,Plein jour,En agglomération,Intersection en X,Pluie légère,Deux véhicules - côté,,,,,,,,,,,1,2,2,2,3
200700084567,0007-12-09 01:44:00,7,12,9,1,44,971,101,"00, COCOYER",,,Nuit avec éclairage allumé,Hors agglomération,Hors intersection,Pluie légère,Trois véhicules et plus - en chaîne,,,,,,,,,,,5,1,1,2,4
200700084568,0007-12-08 22:30:00,7,12,8,22,30,971,101,"RN4, GRAND CAMP(SECTION)",,,Nuit avec éclairage allumé,Hors agglomération,Hors intersection,Normale,Deux véhicules - arrière,,,,,,,,,,,5,1,1,1,2
200700084569,0007-12-05 14:10:00,7,12,5,14,10,971,101,"00, DUGAZON",,,Plein jour,En agglomération,Intersection en Y,Normale,Deux véhicules - côté,,,,,,,,,,,1,2,4,1,3
200700084570,0007-12-11 05:50:00,7,12,11,5,50,971,101,"RN5, PETIT PEROU",,,Crépuscule ou aube,Hors agglomération,Hors intersection,Pluie légère,Sans collision,,,,,,,,,,,2,1,1,2,7
200700084571,0007-12-13 07:35:00,7,12,13,7,35,971,101,"00, Frédéric JALTON",,,Plein jour,Hors agglomération,Hors intersection,Normale,Deux véhicules - côté,,,,,,,,,,,1,1,1,1,3
200700084572,0007-12-13 22:00:00,7,12,13,22,0,971,101,"CD106, ROUTE DES ABYMES",,,Nuit avec éclairage allumé,En agglomération,Hors intersection,Normale,Deux véhicules - côté,,,,,,,,,,,5,2,1,1,3
200700084573,0007-12-15 03:26:00,7,12,15,3,26,971,113,"RN4, SECTEUR DAMPIERRE",,,Nuit avec éclairage allumé,En agglomération,Hors intersection,Pluie forte,Deux véhicules - côté,,,,,,,,,,,5,2,1,3,3
200700084574,0007-12-24 01:50:00,7,12,24,1,50,971,113,"C18, GRAND BAIE ( RN4)",,,Nuit avec éclairage allumé,En agglomération,Hors intersection,Normale,Sans collision,,,,,,,,,,,5,2,1,1,7
200700084575,0007-12-13 19:30:00,7,12,13,19,30,971,120,"00, NELSON MANDELA",,,Nuit avec éclairage allumé,En agglomération,Hors intersection,Normale,Sans collision,,,,,,,,,,,5,2,1,1,7
200700084576,0007-12-18 20:10:00,7,12,18,20,10,971,120,"00, MORTENOL",,,Nuit avec éclairage allumé,En agglomération,Intersection à plus de 4 branches,Normale,Sans collision,,,,,,,,,,,5,2,5,1,7
200700084577,0007-12-24 10:45:00,7,12,24,10,45,971,101,"D129, PETIT PEROU",,,Plein jour,En agglomération,Hors intersection,Normale,Trois véhicules et plus - collisions multiples,,,,,,,,,,,1,2,1,1,5
200700084578,0007-12-01 16:40:00,7,12,1,16,40,972,209,"0, AVENTS (RUE DES)",,,Plein jour,En agglomération,Hors intersection,Normale,Autre collision,,,,,,,,,,,1,2,1,1,6
200700084579,0007-12-03 21:05:00,7,12,3,21,5,972,209,"93, DIDIER (ROUTE DE)",,,Nuit avec éclairage non allumé,En agglomération,Hors intersection,Normale,Autre collision,,,,,,,,,,,4,2,1,1,6
200700084580,0007-12-04 08:00:00,7,12,4,8,0,972,209,"52, CHATEAUBOEUF (ROUTE",,,Plein jour,En agglomération,Hors intersection,Normale,Deux véhicules - côté,,,,,,,,,,,1,2,1,1,3
200700084581,0007-12-05 18:45:00,7,12,5,18,45,972,209,"0, EMILE ZOLA (RUE)",,,Nuit avec éclairage non allumé,En agglomération,Hors intersection,Normale,Autre collision,,,,,,,,,,,4,2,1,1,6
200700084582,0007-12-06 19:47:00,7,12,6,19,47,972,209,"0, ENTAIDE (ROUTE DE L')",,,Nuit avec éclairage allumé,En agglomération,Hors intersection,Normale,Deux véhicules - frontale,,,,,,,,,,,5,2,1,1,1
200700084583,0007-12-07 15:24:00,7,12,7,15,24,972,209,"62, PROFESSEUR RAYMOND G",,,Plein jour,En agglomération,Hors intersection,Normale,Deux véhicules - arrière,,,,,,,,,,,1,2,1,1,2
200700084584,0007-12-08 14:00:00,7,12,8,14,0,972,209,"66, JAMBETTE (ROUTE DE)",,,Plein jour,En agglomération,Hors intersection,Normale,Deux véhicules - frontale,,,,,,,,,,,1,2,1,1,1
200700084585,0007-12-08 02:43:00,7,12,8,2,43,972,209,"0, MAURICE BISHOP (RUE)",,,Nuit avec éclairage allumé,En agglomération,Hors intersection,Normale,Autre collision,,,,,,,,,,,5,2,1,1,6
200700084586,0007-12-09 02:35:00,7,12,9,2,35,972,209,"0, KERLYS (RUE DE )",,,Nuit avec éclairage allumé,En agglomération,Hors intersection,Normale,Autre collision,,,,,,,,,,,5,2,1,1,6
200700084587,0007-12-10 14:09:00,7,12,10,14,9,972,209,"0, GENERAL DE GAULLE (BL",,,Plein jour,En agglomération,Hors intersection,Normale,Autre collision,,,,,,,,,,,1,2,1,1,6
200700084588,0007-12-12 07:00:00,7,12,12,7,0,972,209,"0, CHATEAUBOEUF (ROUTE D",,,Plein jour,Hors agglomération,Hors intersection,Normale,Deux véhicules - frontale,,,,,,,,,,,1,1,1,1,1
200700084589,0007-12-15 11:20:00,7,12,15,11,20,972,209,"0, ABBE GREGOIRE (PLACE)",,,Plein jour,En agglomération,Hors intersection,Normale,Sans collision,,,,,,,,,,,1,2,1,1,7
200700084590,0007-12-16 22:05:00,7,12,16,22,5,972,209,"0, CIMENTERIE (RUE DE LA",,,Nuit avec éclairage non allumé,Hors agglomération,Hors intersection,Normale,Autre collision,,,,,,,,,,,4,1,1,1,6
200700084591,0007-12-17 13:00:00,7,12,17,13,0,972,209,"0, ROND POINT DU VIET-NA",,,Plein jour,En agglomération,Hors intersection,Normale,Sans collision,,,,,,,,,,,1,2,1,1,7
200700084592,0007-12-18 13:55:00,7,12,18,13,55,972,209,"21, FRANCOIS RUSTAL (RUE",,,Plein jour,En agglomération,Hors intersection,Normale,Autre collision,,,,,,,,,,,1,2,1,1,6
200700084593,0007-12-19 09:20:00,7,12,19,9,20,972,209,"0, CLAIRIERE (RUE DE LA)",,,Plein jour,En agglomération,Hors intersection,Normale,Autre collision,,,,,,,,,,,1,2,1,1,6
200700084594,0007-12-19 13:25:00,7,12,19,13,25,972,209,"0, BOUILLE (RUE)",,,Plein jour,En agglomération,Hors intersection,Normale,Autre collision,,,,,,,,,,,1,2,1,1,6
200700084595,0007-12-20 10:00:00,7,12,20,10,0,972,209,"213, DIDIER (ROUTE DE)",,,Plein jour,En agglomération,Hors intersection,Normale,Autre collision,,,,,,,,,,,1,2,1,1,6